,practice_code,bnf_description,bnf_code,items,excess_cost
14,M82007,Mesalazine_Tab E/C 800mg,0105010B0AAASAS,1,68.87999999999998
0,Y01929,Risperidone_Tab 6mg,040201030AAAFAF,1,58.4192
1,M82027,Risperidone_Tab 6mg,040201030AAAFAF,1,58.4192
4,M82056,Mesalazine_Tab E/C 400mg,0105010B0AAAAAA,1,47.913599999999995
15,M82028,Mesalazine_Tab E/C 800mg,0105010B0AAASAS,1,34.43999999999999
5,M82059,Mesalazine_Tab E/C 400mg,0105010B0AAAAAA,1,34.224
2,M82039,Risperidone_Tab 6mg,040201030AAAFAF,4,29.232
3,Y01929,Risperidone_Tab 6mg,040201030AAAFAF,1,29.2096
6,M82039,Mesalazine_Tab E/C 400mg,0105010B0AAAAAA,1,23.956799999999998
7,M82012,Mesalazine_Tab E/C 400mg,0105010B0AAAAAA,1,23.956799999999998
8,M82028,Mesalazine_Tab E/C 400mg,0105010B0AAAAAA,1,23.956799999999998
17,M82028,Mesalazine_Tab E/C 800mg,0105010B0AAASAS,1,22.959999999999994
16,M82059,Mesalazine_Tab E/C 800mg,0105010B0AAASAS,1,22.959999999999994
18,Y01929,Mesalazine_Tab E/C 800mg,0105010B0AAASAS,1,17.219999999999995
9,M82042,Mesalazine_Tab E/C 400mg,0105010B0AAAAAA,1,17.099999999999998
125,Y01929,Ropinirole HCl_Tab 5mg,0409010H0AAADAD,1,15.48960000000001
123,M82012,Vancomycin HCl_Cap 250mg,0501070U0AAABAB,1,11.802000000000007
19,M82028,Mesalazine_Tab E/C 800mg,0105010B0AAASAS,1,11.479999999999997
10,M82028,Mesalazine_Tab E/C 400mg,0105010B0AAAAAA,1,8.556
124,Y01929,Vancomycin HCl_Cap 250mg,0501070U0AAABAB,2,6.29999999999999
22,Y01929,Clonazepam_Tab 500mcg,0408010F0AAABAB,8,5.06239999999999
23,Y01929,Clonazepam_Tab 500mcg,0408010F0AAABAB,1,5.06239999999999
118,Y01929,Topiramate_Tab 200mg,040801050AAACAC,1,4.979999999999998
117,M82007,Topiramate_Tab 200mg,040801050AAACAC,2,4.979999999999998
103,Y01929,Pyridox HCl_Tab 50mg,0906024N0AAAIAI,3,4.309200000000001
24,M82009,Clonazepam_Tab 500mcg,0408010F0AAABAB,2,3.796799999999992
25,Y01929,Clonazepam_Tab 500mcg,0408010F0AAABAB,3,3.389999999999993
83,M82028,Amiodarone HCl_Tab 200mg,0203020D0AAABAB,9,3.150000000000003
104,M82007,Pyridox HCl_Tab 50mg,0906024N0AAAIAI,1,2.8728000000000007
85,Y01929,Amiodarone HCl_Tab 200mg,0203020D0AAABAB,8,2.8000000000000025
84,M82039,Amiodarone HCl_Tab 200mg,0203020D0AAABAB,4,2.8000000000000025
26,M82003,Clonazepam_Tab 500mcg,0408010F0AAABAB,2,2.531199999999995
29,M82039,Clonazepam_Tab 500mcg,0408010F0AAABAB,2,2.531199999999995
27,M82056,Clonazepam_Tab 500mcg,0408010F0AAABAB,1,2.531199999999995
28,M82012,Clonazepam_Tab 500mcg,0408010F0AAABAB,1,2.531199999999995
119,M82028,Topiramate_Tab 200mg,040801050AAACAC,1,2.489999999999999
120,M82028,Topiramate_Tab 200mg,040801050AAACAC,1,2.3183999999999996
121,M82012,Topiramate_Tab 200mg,040801050AAACAC,4,2.307200000000001
86,M82007,Amiodarone HCl_Tab 200mg,0203020D0AAABAB,3,2.100000000000002
87,M82012,Amiodarone HCl_Tab 200mg,0203020D0AAABAB,3,2.100000000000002
30,M82057,Clonazepam_Tab 500mcg,0408010F0AAABAB,1,2.033999999999996
126,M82039,Diltiazem HCl_Tab 60mg M/R,0206020C0AAAAAA,4,2.016000000000002
32,M82007,Clonazepam_Tab 500mcg,0408010F0AAABAB,2,1.898399999999996
34,M82616,Clonazepam_Tab 500mcg,0408010F0AAABAB,2,1.898399999999996
33,M82012,Clonazepam_Tab 500mcg,0408010F0AAABAB,1,1.898399999999996
31,M82056,Clonazepam_Tab 500mcg,0408010F0AAABAB,3,1.898399999999996
36,M82007,Clonazepam_Tab 500mcg,0408010F0AAABAB,3,1.898399999999996
35,M82028,Clonazepam_Tab 500mcg,0408010F0AAABAB,3,1.898399999999996
108,M82616,Pyridox HCl_Tab 50mg,0906024N0AAAIAI,1,1.4364000000000003
106,M82027,Pyridox HCl_Tab 50mg,0906024N0AAAIAI,1,1.4364000000000003
105,M82009,Pyridox HCl_Tab 50mg,0906024N0AAAIAI,1,1.4364000000000003
107,M82028,Pyridox HCl_Tab 50mg,0906024N0AAAIAI,1,1.4364000000000003
90,M82027,Amiodarone HCl_Tab 200mg,0203020D0AAABAB,2,1.4000000000000012
88,M82059,Amiodarone HCl_Tab 200mg,0203020D0AAABAB,2,1.4000000000000012
89,M82009,Amiodarone HCl_Tab 200mg,0203020D0AAABAB,4,1.4000000000000012
37,Y01929,Clonazepam_Tab 500mcg,0408010F0AAABAB,2,1.3559999999999972
38,M82059,Clonazepam_Tab 500mcg,0408010F0AAABAB,1,1.3559999999999972
39,M82012,Clonazepam_Tab 500mcg,0408010F0AAABAB,2,1.3559999999999972
44,M82009,Clonazepam_Tab 500mcg,0408010F0AAABAB,2,1.2655999999999974
48,M82059,Clonazepam_Tab 500mcg,0408010F0AAABAB,2,1.2655999999999974
42,Y01929,Clonazepam_Tab 500mcg,0408010F0AAABAB,4,1.2655999999999974
45,M82009,Clonazepam_Tab 500mcg,0408010F0AAABAB,1,1.2655999999999974
46,M82039,Clonazepam_Tab 500mcg,0408010F0AAABAB,4,1.2655999999999974
47,M82012,Clonazepam_Tab 500mcg,0408010F0AAABAB,1,1.2655999999999974
43,M82027,Clonazepam_Tab 500mcg,0408010F0AAABAB,1,1.2655999999999974
41,M82007,Clonazepam_Tab 500mcg,0408010F0AAABAB,4,1.2655999999999974
40,M82028,Clonazepam_Tab 500mcg,0408010F0AAABAB,1,1.2655999999999974
122,M82003,Topiramate_Tab 200mg,040801050AAACAC,1,1.2449999999999994
49,M82039,Clonazepam_Tab 500mcg,0408010F0AAABAB,1,1.1299999999999977
50,M82028,Clonazepam_Tab 500mcg,0408010F0AAABAB,1,1.1299999999999977
52,M82007,Clonazepam_Tab 500mcg,0408010F0AAABAB,1,1.1299999999999977
51,M82059,Clonazepam_Tab 500mcg,0408010F0AAABAB,1,1.1299999999999977
127,M82028,Diltiazem HCl_Tab 60mg M/R,0206020C0AAAAAA,3,1.1088000000000038
54,M82028,Clonazepam_Tab 500mcg,0408010F0AAABAB,3,1.016999999999998
53,Y01929,Clonazepam_Tab 500mcg,0408010F0AAABAB,1,1.016999999999998
128,Y01929,Diltiazem HCl_Tab 60mg M/R,0206020C0AAAAAA,2,1.008000000000001
129,M82012,Diltiazem HCl_Tab 60mg M/R,0206020C0AAAAAA,4,0.9856000000000034
130,M82056,Diltiazem HCl_Tab 60mg M/R,0206020C0AAAAAA,1,0.9856000000000034
109,Y01929,Pyridox HCl_Tab 50mg,0906024N0AAAIAI,4,0.9576000000000002
110,M82028,Pyridox HCl_Tab 50mg,0906024N0AAAIAI,2,0.9576000000000002
111,M82012,Pyridox HCl_Tab 50mg,0906024N0AAAIAI,1,0.9576000000000002
112,M82012,Pyridox HCl_Tab 50mg,0906024N0AAAIAI,2,0.9576000000000002
55,M82012,Clonazepam_Tab 500mcg,0408010F0AAABAB,1,0.949199999999998
59,M82028,Clonazepam_Tab 500mcg,0408010F0AAABAB,3,0.949199999999998
58,M82042,Clonazepam_Tab 500mcg,0408010F0AAABAB,1,0.949199999999998
57,M82028,Clonazepam_Tab 500mcg,0408010F0AAABAB,1,0.949199999999998
56,M82012,Clonazepam_Tab 500mcg,0408010F0AAABAB,3,0.949199999999998
60,M82012,Clonazepam_Tab 500mcg,0408010F0AAABAB,1,0.8474999999999983
131,M82057,Diltiazem HCl_Tab 60mg M/R,0206020C0AAAAAA,3,0.7392000000000025
132,M82027,Diltiazem HCl_Tab 60mg M/R,0206020C0AAAAAA,1,0.7392000000000025
133,Y01929,Diltiazem HCl_Tab 60mg M/R,0206020C0AAAAAA,3,0.7392000000000025
91,M82616,Amiodarone HCl_Tab 200mg,0203020D0AAABAB,1,0.7000000000000006
92,Y01929,Amiodarone HCl_Tab 200mg,0203020D0AAABAB,1,0.7000000000000006
93,M82056,Amiodarone HCl_Tab 200mg,0203020D0AAABAB,2,0.7000000000000006
94,M82039,Amiodarone HCl_Tab 200mg,0203020D0AAABAB,2,0.7000000000000006
95,M82009,Amiodarone HCl_Tab 200mg,0203020D0AAABAB,1,0.7000000000000006
96,M82059,Amiodarone HCl_Tab 200mg,0203020D0AAABAB,2,0.7000000000000006
61,M82007,Clonazepam_Tab 500mcg,0408010F0AAABAB,1,0.6779999999999986
62,M82007,Clonazepam_Tab 500mcg,0408010F0AAABAB,2,0.6779999999999986
97,M82039,Amiodarone HCl_Tab 200mg,0203020D0AAABAB,8,0.6776
68,M82003,Clonazepam_Tab 500mcg,0408010F0AAABAB,2,0.6327999999999987
71,M82027,Clonazepam_Tab 500mcg,0408010F0AAABAB,1,0.6327999999999987
70,M82606,Clonazepam_Tab 500mcg,0408010F0AAABAB,1,0.6327999999999987
69,M82059,Clonazepam_Tab 500mcg,0408010F0AAABAB,2,0.6327999999999987
66,M82057,Clonazepam_Tab 500mcg,0408010F0AAABAB,2,0.6327999999999987
67,M82039,Clonazepam_Tab 500mcg,0408010F0AAABAB,1,0.6327999999999987
65,M82042,Clonazepam_Tab 500mcg,0408010F0AAABAB,1,0.6327999999999987
64,M82606,Clonazepam_Tab 500mcg,0408010F0AAABAB,4,0.6327999999999987
63,M82012,Clonazepam_Tab 500mcg,0408010F0AAABAB,1,0.6327999999999987
73,Y01929,Clonazepam_Tab 500mcg,0408010F0AAABAB,1,0.5699999999999983
72,M82039,Clonazepam_Tab 500mcg,0408010F0AAABAB,1,0.5699999999999983
74,Y01929,Clonazepam_Tab 500mcg,0408010F0AAABAB,7,0.5536999999999989
134,M82039,Diltiazem HCl_Tab 60mg M/R,0206020C0AAAAAA,15,0.5145000000000016
113,M82056,Pyridox HCl_Tab 50mg,0906024N0AAAIAI,1,0.5130000000000001
135,M82616,Diltiazem HCl_Tab 60mg M/R,0206020C0AAAAAA,1,0.5040000000000004
136,M82009,Diltiazem HCl_Tab 60mg M/R,0206020C0AAAAAA,1,0.5040000000000004
137,M82039,Diltiazem HCl_Tab 60mg M/R,0206020C0AAAAAA,2,0.4928000000000017
139,M82059,Diltiazem HCl_Tab 60mg M/R,0206020C0AAAAAA,2,0.4928000000000017
138,M82009,Diltiazem HCl_Tab 60mg M/R,0206020C0AAAAAA,2,0.4928000000000017
116,M82042,Pyridox HCl_Tab 50mg,0906024N0AAAIAI,1,0.4788000000000001
114,M82003,Pyridox HCl_Tab 50mg,0906024N0AAAIAI,1,0.4788000000000001
115,Y01929,Pyridox HCl_Tab 50mg,0906024N0AAAIAI,1,0.4788000000000001
140,M82039,Diltiazem HCl_Tab 60mg M/R,0206020C0AAAAAA,1,0.4400000000000015
141,Y01929,Diltiazem HCl_Tab 60mg M/R,0206020C0AAAAAA,1,0.4400000000000015
142,Y01929,Diltiazem HCl_Tab 60mg M/R,0206020C0AAAAAA,1,0.40500000000000036
75,M82039,Clonazepam_Tab 500mcg,0408010F0AAABAB,5,0.3954999999999992
143,M82012,Diltiazem HCl_Tab 60mg M/R,0206020C0AAAAAA,1,0.36960000000000126
144,M82012,Diltiazem HCl_Tab 60mg M/R,0206020C0AAAAAA,4,0.36960000000000126
145,M82003,Diltiazem HCl_Tab 60mg M/R,0206020C0AAAAAA,1,0.36960000000000126
146,Y01929,Diltiazem HCl_Tab 60mg M/R,0206020C0AAAAAA,6,0.3528000000000031
99,M82042,Amiodarone HCl_Tab 200mg,0203020D0AAABAB,1,0.3500000000000003
98,M82007,Amiodarone HCl_Tab 200mg,0203020D0AAABAB,1,0.3500000000000003
100,M82003,Amiodarone HCl_Tab 200mg,0203020D0AAABAB,1,0.3500000000000003
76,M82039,Clonazepam_Tab 500mcg,0408010F0AAABAB,8,0.33919999999999995
77,Y01929,Clonazepam_Tab 500mcg,0408010F0AAABAB,1,0.3389999999999993
101,M82012,Amiodarone HCl_Tab 200mg,0203020D0AAABAB,4,0.3388
79,M82056,Clonazepam_Tab 500mcg,0408010F0AAABAB,1,0.31639999999999935
78,Y01929,Clonazepam_Tab 500mcg,0408010F0AAABAB,2,0.31639999999999935
147,M82057,Diltiazem HCl_Tab 60mg M/R,0206020C0AAAAAA,1,0.2640000000000009
150,M82003,Diltiazem HCl_Tab 60mg M/R,0206020C0AAAAAA,1,0.24640000000000084
149,M82042,Diltiazem HCl_Tab 60mg M/R,0206020C0AAAAAA,1,0.24640000000000084
148,M82056,Diltiazem HCl_Tab 60mg M/R,0206020C0AAAAAA,1,0.24640000000000084
151,M82012,Diltiazem HCl_Tab 60mg M/R,0206020C0AAAAAA,4,0.23520000000000207
152,M82039,Diltiazem HCl_Tab 60mg M/R,0206020C0AAAAAA,1,0.1260000000000001
80,M82039,Clonazepam_Tab 500mcg,0408010F0AAABAB,1,0.11599999999999999
102,Y01929,Amiodarone HCl_Tab 200mg,0203020D0AAABAB,1,0.0847
81,M82028,Clonazepam_Tab 500mcg,0408010F0AAABAB,1,0.07909999999999984
82,M82009,Clonazepam_Tab 500mcg,0408010F0AAABAB,1,0.07909999999999984
11,M82042,Mesalazine_Tab E/C 400mg,0105010B0AAAAAA,1,-0.011999999999998678
12,M82056,Mesalazine_Tab E/C 400mg,0105010B0AAAAAA,1,-34.224
13,M82028,Mesalazine_Tab E/C 400mg,0105010B0AAAAAA,1,-34.224
21,M82059,Mesalazine_Tab E/C 800mg,0105010B0AAASAS,1,-36.89999999999999
20,M82057,Mesalazine_Tab E/C 800mg,0105010B0AAASAS,1,-36.89999999999999
