,practice_code,bnf_description,bnf_code,items,excess_cost
0,P82001,Atorvastatin_Tab 80mg,0212000B0AAADAD,9,0.01920000000000055
1,P82001,Clonazepam_Tab 500mcg,0408010F0AAABAB,12,6.169799999999986
2,P82001,Memantine HCl_Tab 20mg,0411000G0AAADAD,6,0.020999999999999977
3,P82001,Paracet_Tab 500mg,0407010H0AAAMAM,14,0.03839999999999985
4,P82001,Sertraline HCl_Tab 100mg,0403030Q0AAABAB,19,0.06720000000000004
5,P82001,Sumatriptan_Tab 50mg,0407041T0AAAFAF,13,-0.00600000000000156
6,P82002,Atorvastatin_Tab 10mg,0212000B0AAAAAA,49,0.35000000000000386
7,P82002,Atorvastatin_Tab 20mg,0212000B0AAABAB,75,0.42000000000001203
8,P82002,Atorvastatin_Tab 40mg,0212000B0AAACAC,84,2.094400000000004
9,P82002,Atorvastatin_Tab 80mg,0212000B0AAADAD,42,3.59240000000001
10,P82002,Clonazepam_Tab 500mcg,0408010F0AAABAB,18,5.21939999999999
11,P82002,Lercanidipine HCl_Tab 10mg,0206020L0AAAAAA,4,19.532799999999998
12,P82002,Paracet_Tab 500mg,0407010H0AAAMAM,26,-1.485199999999999
13,P82002,Sertraline HCl_Tab 100mg,0403030Q0AAABAB,6,0.01889999999999991
14,P82002,Sumatriptan_Tab 50mg,0407041T0AAAFAF,11,0.0031999999999996476
15,P82003,Atorvastatin_Tab 10mg,0212000B0AAAAAA,29,0.060900000000000336
16,P82003,Atorvastatin_Tab 20mg,0212000B0AAABAB,3,-0.0021999999999996467
17,P82003,Atorvastatin_Tab 40mg,0212000B0AAACAC,1,-0.0029999999999998778
18,P82003,Atorvastatin_Tab 80mg,0212000B0AAADAD,30,0.06720000000000192
19,P82003,Clonazepam_Tab 500mcg,0408010F0AAABAB,9,6.169799999999987
20,P82003,Lercanidipine HCl_Tab 10mg,0206020L0AAAAAA,76,15.002399999999994
21,P82003,Memantine HCl_Tab 20mg,0411000G0AAADAD,14,63.91559999999999
22,P82003,Paracet_Tab 500mg,0407010H0AAAMAM,598,3.7816000000001018
23,P82003,Sertraline HCl_Tab 100mg,0403030Q0AAABAB,54,0.12390000000000069
24,P82003,Sumatriptan_Tab 50mg,0407041T0AAAFAF,40,3.2629999999999884
25,P82004,Atorvastatin_Tab 10mg,0212000B0AAAAAA,94,58.0914
26,P82004,Atorvastatin_Tab 20mg,0212000B0AAABAB,8,0.17920000000000202
27,P82004,Atorvastatin_Tab 40mg,0212000B0AAACAC,148,1.234799999999996
28,P82004,Atorvastatin_Tab 80mg,0212000B0AAADAD,66,1.8032000000000066
29,P82004,Clonazepam_Tab 500mcg,0408010F0AAABAB,6,4.158399999999991
30,P82004,Memantine HCl_Tab 20mg,0411000G0AAADAD,8,0.03919999999999996
31,P82004,Paracet_Tab 500mg,0407010H0AAAMAM,206,20.376800000000028
32,P82004,Sertraline HCl_Tab 100mg,0403030Q0AAABAB,45,53.9637
33,P82004,Sumatriptan_Tab 50mg,0407041T0AAAFAF,14,0.0031999999999996476
34,P82005,Atorvastatin_Tab 20mg,0212000B0AAABAB,22,22.545600000000004
35,P82005,Atorvastatin_Tab 40mg,0212000B0AAACAC,29,22.817200000000007
36,P82005,Clonazepam_Tab 500mcg,0408010F0AAABAB,5,5.265799999999989
37,P82005,Memantine HCl_Tab 20mg,0411000G0AAADAD,1,0.004899999999999995
38,P82005,Paracet_Tab 500mg,0407010H0AAAMAM,8,-0.04479999999999973
39,P82005,Sertraline HCl_Tab 100mg,0403030Q0AAABAB,1,0.0021000000000000116
40,P82005,Sumatriptan_Tab 50mg,0407041T0AAAFAF,9,82.5012
41,P82006,Atorvastatin_Tab 10mg,0212000B0AAAAAA,1,0.004200000000000023
42,P82006,Clonazepam_Tab 500mcg,0408010F0AAABAB,5,3.1639999999999935
43,P82006,Paracet_Tab 500mg,0407010H0AAAMAM,2,-0.011199999999999932
44,P82006,Sertraline HCl_Tab 100mg,0403030Q0AAABAB,4,0.008400000000000046
45,P82006,Sumatriptan_Tab 50mg,0407041T0AAAFAF,12,0.0
46,P82007,Atorvastatin_Tab 20mg,0212000B0AAABAB,23,67.63380000000001
47,P82007,Atorvastatin_Tab 80mg,0212000B0AAADAD,22,0.04620000000000132
48,P82007,Clonazepam_Tab 500mcg,0408010F0AAABAB,7,4.429599999999991
49,P82007,Memantine HCl_Tab 20mg,0411000G0AAADAD,4,0.01959999999999998
50,P82007,Paracet_Tab 500mg,0407010H0AAAMAM,652,78.95899999999997
51,P82007,Sertraline HCl_Tab 100mg,0403030Q0AAABAB,22,0.06300000000000035
52,P82007,Sumatriptan_Tab 50mg,0407041T0AAAFAF,21,0.0
53,P82008,Atorvastatin_Tab 10mg,0212000B0AAAAAA,32,23.16720000000001
54,P82008,Atorvastatin_Tab 20mg,0212000B0AAABAB,386,321.63460000000003
55,P82008,Atorvastatin_Tab 40mg,0212000B0AAACAC,174,44.8224
56,P82008,Atorvastatin_Tab 80mg,0212000B0AAADAD,110,1.7185000000000161
57,P82008,Clonazepam_Tab 500mcg,0408010F0AAABAB,20,5.668199999999986
58,P82008,Memantine HCl_Tab 20mg,0411000G0AAADAD,4,0.015399999999999983
59,P82008,Paracet_Tab 500mg,0407010H0AAAMAM,426,69.53400000000008
60,P82008,Sertraline HCl_Tab 100mg,0403030Q0AAABAB,62,0.15410000000000035
61,P82008,Sumatriptan_Tab 50mg,0407041T0AAAFAF,20,-0.0032000000000000917
62,P82009,Atorvastatin_Tab 10mg,0212000B0AAAAAA,3,0.006300000000000035
63,P82009,Atorvastatin_Tab 40mg,0212000B0AAACAC,1,0.006000000000000172
64,P82009,Atorvastatin_Tab 80mg,0212000B0AAADAD,4,0.00840000000000024
65,P82009,Clonazepam_Tab 500mcg,0408010F0AAABAB,6,3.231799999999993
66,P82009,Paracet_Tab 500mg,0407010H0AAAMAM,352,-2.2295999999999863
67,P82009,Sertraline HCl_Tab 100mg,0403030Q0AAABAB,36,0.08940000000000042
68,P82009,Sumatriptan_Tab 50mg,0407041T0AAAFAF,6,0.0
69,P82010,Atorvastatin_Tab 10mg,0212000B0AAAAAA,13,0.02730000000000015
70,P82010,Atorvastatin_Tab 80mg,0212000B0AAADAD,23,0.048300000000001383
71,P82010,Clonazepam_Tab 500mcg,0408010F0AAABAB,2,1.3107999999999973
72,P82010,Lercanidipine HCl_Tab 10mg,0206020L0AAAAAA,3,0.014699999999999838
73,P82010,Memantine HCl_Tab 20mg,0411000G0AAADAD,4,0.01959999999999998
74,P82010,Paracet_Tab 500mg,0407010H0AAAMAM,66,-0.2903999999999982
75,P82010,Sertraline HCl_Tab 100mg,0403030Q0AAABAB,47,0.1470000000000008
76,P82010,Sumatriptan_Tab 50mg,0407041T0AAAFAF,17,0.0031999999999996476
77,P82011,Atorvastatin_Tab 10mg,0212000B0AAAAAA,11,0.01860000000000013
78,P82011,Atorvastatin_Tab 80mg,0212000B0AAADAD,6,0.007600000000000218
79,P82011,Clonazepam_Tab 500mcg,0408010F0AAABAB,5,3.841999999999992
80,P82011,Memantine HCl_Tab 20mg,0411000G0AAADAD,2,0.00979999999999999
81,P82011,Paracet_Tab 500mg,0407010H0AAAMAM,200,-3.3551999999999795
82,P82011,Sertraline HCl_Tab 100mg,0403030Q0AAABAB,5,0.018900000000000104
83,P82011,Sumatriptan_Tab 50mg,0407041T0AAAFAF,7,0.0
84,P82012,Atorvastatin_Tab 10mg,0212000B0AAAAAA,1,-0.008999999999999946
85,P82012,Clonazepam_Tab 500mcg,0408010F0AAABAB,7,0.686599999999999
86,P82012,Memantine HCl_Tab 20mg,0411000G0AAADAD,5,0.024499999999999973
87,P82012,Paracet_Tab 500mg,0407010H0AAAMAM,304,-2.783999999999983
88,P82012,Sertraline HCl_Tab 100mg,0403030Q0AAABAB,21,0.05790000000000025
89,P82012,Sumatriptan_Tab 50mg,0407041T0AAAFAF,14,0.0
90,P82013,Atorvastatin_Tab 10mg,0212000B0AAAAAA,8,0.016800000000000093
91,P82013,Clonazepam_Tab 500mcg,0408010F0AAABAB,1,0.31639999999999935
92,P82013,Paracet_Tab 500mg,0407010H0AAAMAM,36,0.019200000000000023
93,P82013,Sertraline HCl_Tab 100mg,0403030Q0AAABAB,13,0.03780000000000021
94,P82013,Sumatriptan_Tab 50mg,0407041T0AAAFAF,12,0.0
95,P82014,Atorvastatin_Tab 10mg,0212000B0AAAAAA,16,0.033600000000000185
96,P82014,Atorvastatin_Tab 40mg,0212000B0AAACAC,1,0.006000000000000172
97,P82014,Atorvastatin_Tab 80mg,0212000B0AAADAD,29,0.060900000000001744
98,P82014,Clonazepam_Tab 500mcg,0408010F0AAABAB,5,1.4351999999999974
99,P82014,Lercanidipine HCl_Tab 10mg,0206020L0AAAAAA,3,0.014699999999999838
100,P82014,Memantine HCl_Tab 20mg,0411000G0AAADAD,5,0.024499999999999973
101,P82014,Paracet_Tab 500mg,0407010H0AAAMAM,62,-0.32399999999999807
102,P82014,Sertraline HCl_Tab 100mg,0403030Q0AAABAB,66,0.15070000000000103
103,P82014,Sumatriptan_Tab 50mg,0407041T0AAAFAF,13,-0.00600000000000156
104,P82015,Atorvastatin_Tab 10mg,0212000B0AAAAAA,27,23.284800000000008
105,P82015,Atorvastatin_Tab 20mg,0212000B0AAABAB,266,23.08880000000004
106,P82015,Clonazepam_Tab 500mcg,0408010F0AAABAB,15,8.983499999999982
107,P82015,Memantine HCl_Tab 20mg,0411000G0AAADAD,28,127.792
108,P82015,Paracet_Tab 500mg,0407010H0AAAMAM,882,76.7000000000001
109,P82015,Sertraline HCl_Tab 100mg,0403030Q0AAABAB,32,0.0777000000000003
110,P82015,Sumatriptan_Tab 50mg,0407041T0AAAFAF,38,-0.0027999999999996916
111,P82016,Atorvastatin_Tab 10mg,0212000B0AAAAAA,31,0.06510000000000035
112,P82016,Atorvastatin_Tab 20mg,0212000B0AAABAB,1,-0.0029999999999998778
113,P82016,Atorvastatin_Tab 80mg,0212000B0AAADAD,54,0.11340000000000325
114,P82016,Clonazepam_Tab 500mcg,0408010F0AAABAB,15,6.158499999999988
115,P82016,Lercanidipine HCl_Tab 10mg,0206020L0AAAAAA,17,0.08329999999999908
116,P82016,Memantine HCl_Tab 20mg,0411000G0AAADAD,25,0.12249999999999986
117,P82016,Paracet_Tab 500mg,0407010H0AAAMAM,12,0.03999999999999976
118,P82016,Sertraline HCl_Tab 100mg,0403030Q0AAABAB,46,0.10440000000000017
119,P82016,Sumatriptan_Tab 50mg,0407041T0AAAFAF,13,0.0
120,P82018,Atorvastatin_Tab 10mg,0212000B0AAAAAA,1,-0.005999999999999964
121,P82018,Atorvastatin_Tab 20mg,0212000B0AAABAB,1,0.006000000000000172
122,P82018,Clonazepam_Tab 500mcg,0408010F0AAABAB,12,8.870499999999982
123,P82018,Paracet_Tab 500mg,0407010H0AAAMAM,4,0.01799999999999989
124,P82018,Sertraline HCl_Tab 100mg,0403030Q0AAABAB,8,0.004799999999999749
125,P82018,Sumatriptan_Tab 50mg,0407041T0AAAFAF,9,0.0
126,P82020,Atorvastatin_Tab 80mg,0212000B0AAADAD,15,-0.0840000000000024
127,P82020,Clonazepam_Tab 500mcg,0408010F0AAABAB,4,1.898399999999996
128,P82020,Paracet_Tab 500mg,0407010H0AAAMAM,14,0.08479999999999949
129,P82020,Sertraline HCl_Tab 100mg,0403030Q0AAABAB,1,-0.003000000000000086
130,P82020,Sumatriptan_Tab 50mg,0407041T0AAAFAF,4,0.0
131,P82021,Atorvastatin_Tab 10mg,0212000B0AAAAAA,10,0.01290000000000014
132,P82021,Atorvastatin_Tab 40mg,0212000B0AAACAC,1,-0.004000000000000045
133,P82021,Atorvastatin_Tab 80mg,0212000B0AAADAD,14,0.029400000000000842
134,P82021,Clonazepam_Tab 500mcg,0408010F0AAABAB,10,3.596399999999993
135,P82021,Paracet_Tab 500mg,0407010H0AAAMAM,8,0.022399999999999864
136,P82021,Sertraline HCl_Tab 100mg,0403030Q0AAABAB,13,0.031500000000000174
137,P82021,Sumatriptan_Tab 50mg,0407041T0AAAFAF,15,0.0
138,P82022,Atorvastatin_Tab 10mg,0212000B0AAAAAA,4,0.008400000000000046
139,P82022,Atorvastatin_Tab 20mg,0212000B0AAABAB,1,0.00180000000000001
140,P82022,Atorvastatin_Tab 80mg,0212000B0AAADAD,10,0.0210000000000006
141,P82022,Clonazepam_Tab 500mcg,0408010F0AAABAB,1,0.31639999999999935
142,P82022,Memantine HCl_Tab 20mg,0411000G0AAADAD,4,0.01959999999999998
143,P82022,Paracet_Tab 500mg,0407010H0AAAMAM,70,20.352
144,P82022,Sertraline HCl_Tab 100mg,0403030Q0AAABAB,32,0.09240000000000051
145,P82022,Sumatriptan_Tab 50mg,0407041T0AAAFAF,1,0.0
146,P82023,Atorvastatin_Tab 10mg,0212000B0AAAAAA,2,0.004200000000000023
147,P82023,Atorvastatin_Tab 40mg,0212000B0AAACAC,1,-0.0029999999999998778
148,P82023,Clonazepam_Tab 500mcg,0408010F0AAABAB,3,1.778599999999996
149,P82023,Sertraline HCl_Tab 100mg,0403030Q0AAABAB,1,-0.01220000000000035
150,P82023,Sumatriptan_Tab 50mg,0407041T0AAAFAF,9,0.0
151,P82025,Atorvastatin_Tab 40mg,0212000B0AAACAC,1,0.006000000000000172
152,P82025,Clonazepam_Tab 500mcg,0408010F0AAABAB,1,0.31639999999999935
153,P82025,Paracet_Tab 500mg,0407010H0AAAMAM,174,27.946399999999997
154,P82025,Sertraline HCl_Tab 100mg,0403030Q0AAABAB,31,81.01520000000001
155,P82025,Sumatriptan_Tab 50mg,0407041T0AAAFAF,14,204.4508
156,P82029,Atorvastatin_Tab 20mg,0212000B0AAABAB,2,-0.0059999999999997555
157,P82029,Atorvastatin_Tab 80mg,0212000B0AAADAD,6,0.01680000000000048
158,P82029,Clonazepam_Tab 500mcg,0408010F0AAABAB,5,1.6271999999999966
159,P82029,Paracet_Tab 500mg,0407010H0AAAMAM,12,-0.043999999999999734
160,P82029,Sertraline HCl_Tab 100mg,0403030Q0AAABAB,22,0.06510000000000035
161,P82029,Sumatriptan_Tab 50mg,0407041T0AAAFAF,5,0.0
162,P82030,Atorvastatin_Tab 10mg,0212000B0AAAAAA,4,0.008400000000000046
163,P82030,Atorvastatin_Tab 80mg,0212000B0AAADAD,1,0.00210000000000006
164,P82030,Clonazepam_Tab 500mcg,0408010F0AAABAB,4,1.123199999999998
165,P82030,Paracet_Tab 500mg,0407010H0AAAMAM,52,-1.377999999999998
166,P82030,Sertraline HCl_Tab 100mg,0403030Q0AAABAB,24,0.05040000000000028
167,P82030,Sumatriptan_Tab 50mg,0407041T0AAAFAF,7,0.0
168,P82031,Atorvastatin_Tab 10mg,0212000B0AAAAAA,4,0.008400000000000046
169,P82031,Atorvastatin_Tab 20mg,0212000B0AAABAB,1,0.005000000000000143
170,P82031,Clonazepam_Tab 500mcg,0408010F0AAABAB,1,0.6327999999999987
171,P82031,Paracet_Tab 500mg,0407010H0AAAMAM,6,0.04079999999999975
172,P82031,Sertraline HCl_Tab 100mg,0403030Q0AAABAB,7,0.012600000000000167
173,P82031,Sumatriptan_Tab 50mg,0407041T0AAAFAF,18,0.0
174,P82033,Atorvastatin_Tab 10mg,0212000B0AAAAAA,3,0.006300000000000035
175,P82033,Atorvastatin_Tab 80mg,0212000B0AAADAD,4,0.00840000000000024
176,P82033,Clonazepam_Tab 500mcg,0408010F0AAABAB,7,3.480399999999993
177,P82033,Paracet_Tab 500mg,0407010H0AAAMAM,8,0.022799999999999862
178,P82033,Sertraline HCl_Tab 100mg,0403030Q0AAABAB,9,0.018900000000000104
179,P82033,Sumatriptan_Tab 50mg,0407041T0AAAFAF,1,0.0
180,P82034,Atorvastatin_Tab 10mg,0212000B0AAAAAA,1,0.0021000000000000116
181,P82034,Clonazepam_Tab 500mcg,0408010F0AAABAB,1,0.31639999999999935
182,P82034,Sertraline HCl_Tab 100mg,0403030Q0AAABAB,6,0.023100000000000127
183,P82034,Sumatriptan_Tab 50mg,0407041T0AAAFAF,4,0.0
184,P82036,Atorvastatin_Tab 10mg,0212000B0AAAAAA,1,-0.009399999999999943
185,P82036,Atorvastatin_Tab 20mg,0212000B0AAABAB,2,-0.0059999999999997555
186,P82036,Clonazepam_Tab 500mcg,0408010F0AAABAB,5,4.30979999999999
187,P82036,Sertraline HCl_Tab 100mg,0403030Q0AAABAB,1,0.004200000000000023
188,P82036,Sumatriptan_Tab 50mg,0407041T0AAAFAF,6,0.0
189,P82037,Atorvastatin_Tab 10mg,0212000B0AAAAAA,9,0.018900000000000104
190,P82037,Atorvastatin_Tab 80mg,0212000B0AAADAD,4,0.01680000000000048
191,P82037,Clonazepam_Tab 500mcg,0408010F0AAABAB,1,1.1299999999999977
192,P82037,Memantine HCl_Tab 20mg,0411000G0AAADAD,4,0.01959999999999998
193,P82037,Paracet_Tab 500mg,0407010H0AAAMAM,18,-0.4464
194,P82037,Sertraline HCl_Tab 100mg,0403030Q0AAABAB,6,0.021000000000000116
195,P82037,Sumatriptan_Tab 50mg,0407041T0AAAFAF,7,0.0
196,P82607,Atorvastatin_Tab 10mg,0212000B0AAAAAA,5,0.010500000000000058
197,P82607,Atorvastatin_Tab 20mg,0212000B0AAABAB,1,-0.0029999999999998778
198,P82607,Clonazepam_Tab 500mcg,0408010F0AAABAB,3,3.344799999999993
199,P82607,Lercanidipine HCl_Tab 10mg,0206020L0AAAAAA,5,0.02449999999999973
200,P82607,Memantine HCl_Tab 20mg,0411000G0AAADAD,7,0.03429999999999996
201,P82607,Paracet_Tab 500mg,0407010H0AAAMAM,122,-1.1239999999999932
202,P82607,Sertraline HCl_Tab 100mg,0403030Q0AAABAB,1,0.0021000000000000116
203,P82607,Sumatriptan_Tab 50mg,0407041T0AAAFAF,9,0.0
204,P82609,Atorvastatin_Tab 10mg,0212000B0AAAAAA,164,554.0493
205,P82609,Atorvastatin_Tab 20mg,0212000B0AAABAB,107,89.7288
206,P82609,Atorvastatin_Tab 40mg,0212000B0AAACAC,93,154.4872
207,P82609,Atorvastatin_Tab 80mg,0212000B0AAADAD,40,24.02050000000001
208,P82609,Clonazepam_Tab 500mcg,0408010F0AAABAB,2,1.248799999999993
209,P82609,Lercanidipine HCl_Tab 10mg,0206020L0AAAAAA,22,9.382799999999998
210,P82609,Paracet_Tab 500mg,0407010H0AAAMAM,58,-0.828799999999995
211,P82609,Sertraline HCl_Tab 100mg,0403030Q0AAABAB,29,0.2604000000000023
212,P82609,Sumatriptan_Tab 50mg,0407041T0AAAFAF,8,-0.2886000000000042
213,P82613,Atorvastatin_Tab 10mg,0212000B0AAAAAA,7,0.014700000000000032
214,P82613,Clonazepam_Tab 500mcg,0408010F0AAABAB,9,4.429599999999991
215,P82613,Paracet_Tab 500mg,0407010H0AAAMAM,46,0.20799999999999874
216,P82613,Sertraline HCl_Tab 100mg,0403030Q0AAABAB,1,0.004200000000000023
217,P82613,Sumatriptan_Tab 50mg,0407041T0AAAFAF,10,0.0
218,P82616,Clonazepam_Tab 500mcg,0408010F0AAABAB,5,1.1073999999999977
219,P82616,Paracet_Tab 500mg,0407010H0AAAMAM,2,0.023999999999999855
220,P82616,Sertraline HCl_Tab 100mg,0403030Q0AAABAB,12,0.02520000000000014
221,P82616,Sumatriptan_Tab 50mg,0407041T0AAAFAF,2,0.0
222,P82624,Atorvastatin_Tab 80mg,0212000B0AAADAD,7,0.014700000000000421
223,P82624,Clonazepam_Tab 500mcg,0408010F0AAABAB,4,3.502999999999993
224,P82624,Paracet_Tab 500mg,0407010H0AAAMAM,26,0.05719999999999964
225,P82624,Sertraline HCl_Tab 100mg,0403030Q0AAABAB,4,0.016800000000000093
226,P82624,Sumatriptan_Tab 50mg,0407041T0AAAFAF,5,0.0
227,P82625,Atorvastatin_Tab 40mg,0212000B0AAACAC,1,0.006000000000000172
228,P82625,Atorvastatin_Tab 80mg,0212000B0AAADAD,4,0.00840000000000024
229,P82625,Clonazepam_Tab 500mcg,0408010F0AAABAB,1,0.6779999999999986
230,P82625,Paracet_Tab 500mg,0407010H0AAAMAM,14,0.05399999999999967
231,P82626,Atorvastatin_Tab 20mg,0212000B0AAABAB,8,-0.01279999999999959
232,P82626,Atorvastatin_Tab 80mg,0212000B0AAADAD,17,0.03570000000000102
233,P82626,Paracet_Tab 500mg,0407010H0AAAMAM,194,-1.5647999999999906
234,P82626,Sertraline HCl_Tab 100mg,0403030Q0AAABAB,16,0.03780000000000021
235,P82626,Sumatriptan_Tab 50mg,0407041T0AAAFAF,6,0.0
236,P82627,Atorvastatin_Tab 10mg,0212000B0AAAAAA,8,0.016800000000000093
237,P82627,Atorvastatin_Tab 20mg,0212000B0AAABAB,1,-0.0029999999999998778
238,P82627,Atorvastatin_Tab 80mg,0212000B0AAADAD,11,0.02310000000000066
239,P82627,Clonazepam_Tab 500mcg,0408010F0AAABAB,2,1.0859999999999976
240,P82627,Memantine HCl_Tab 20mg,0411000G0AAADAD,7,0.03429999999999996
241,P82627,Paracet_Tab 500mg,0407010H0AAAMAM,78,-0.22879999999999862
242,P82627,Sertraline HCl_Tab 100mg,0403030Q0AAABAB,16,0.0357000000000002
243,P82627,Sumatriptan_Tab 50mg,0407041T0AAAFAF,7,0.0
244,P82629,Atorvastatin_Tab 10mg,0212000B0AAAAAA,11,0.023100000000000127
245,P82629,Clonazepam_Tab 500mcg,0408010F0AAABAB,1,1.2655999999999974
246,P82629,Lercanidipine HCl_Tab 10mg,0206020L0AAAAAA,8,0.03919999999999957
247,P82629,Paracet_Tab 500mg,0407010H0AAAMAM,106,-45.23679999999999
248,P82629,Sertraline HCl_Tab 100mg,0403030Q0AAABAB,7,0.016800000000000093
249,P82629,Sumatriptan_Tab 50mg,0407041T0AAAFAF,3,0.0
250,P82633,Atorvastatin_Tab 10mg,0212000B0AAAAAA,4,0.008400000000000046
251,P82633,Memantine HCl_Tab 20mg,0411000G0AAADAD,3,68.46300000000001
252,P82633,Paracet_Tab 500mg,0407010H0AAAMAM,28,-0.07119999999999957
253,P82633,Sertraline HCl_Tab 100mg,0403030Q0AAABAB,10,0.04200000000000023
254,P82633,Sumatriptan_Tab 50mg,0407041T0AAAFAF,7,0.0
255,P82634,Atorvastatin_Tab 10mg,0212000B0AAAAAA,4,0.008400000000000046
256,P82634,Atorvastatin_Tab 40mg,0212000B0AAACAC,23,44.5648
257,P82634,Atorvastatin_Tab 80mg,0212000B0AAADAD,1,0.00210000000000006
258,P82634,Clonazepam_Tab 500mcg,0408010F0AAABAB,1,0.31639999999999935
259,P82634,Paracet_Tab 500mg,0407010H0AAAMAM,112,10.080000000000016
260,P82634,Sertraline HCl_Tab 100mg,0403030Q0AAABAB,2,0.008400000000000046
261,P82634,Sumatriptan_Tab 50mg,0407041T0AAAFAF,4,0.0
262,P82640,Atorvastatin_Tab 10mg,0212000B0AAAAAA,9,0.018900000000000104
263,P82640,Atorvastatin_Tab 20mg,0212000B0AAABAB,104,90.272
264,P82640,Atorvastatin_Tab 40mg,0212000B0AAACAC,137,534.0349
265,P82640,Atorvastatin_Tab 80mg,0212000B0AAADAD,69,173.7302
266,P82640,Clonazepam_Tab 500mcg,0408010F0AAABAB,5,2.047699999999997
267,P82640,Lercanidipine HCl_Tab 10mg,0206020L0AAAAAA,21,119.52360000000002
268,P82640,Paracet_Tab 500mg,0407010H0AAAMAM,316,11.28160000000003
269,P82640,Sertraline HCl_Tab 100mg,0403030Q0AAABAB,19,0.0
270,P82640,Sumatriptan_Tab 50mg,0407041T0AAAFAF,7,0.0
271,P82643,Clonazepam_Tab 500mcg,0408010F0AAABAB,9,4.474799999999991
272,P82643,Paracet_Tab 500mg,0407010H0AAAMAM,110,-3.4271999999999894
273,P82643,Sumatriptan_Tab 50mg,0407041T0AAAFAF,9,0.0
274,P82652,Clonazepam_Tab 500mcg,0408010F0AAABAB,1,0.31639999999999935
275,P82652,Memantine HCl_Tab 20mg,0411000G0AAADAD,4,0.01959999999999998
276,P82652,Paracet_Tab 500mg,0407010H0AAAMAM,52,0.3119999999999981
277,P82652,Sertraline HCl_Tab 100mg,0403030Q0AAABAB,9,0.02099999999999992
278,P82652,Sumatriptan_Tab 50mg,0407041T0AAAFAF,4,0.0
279,P82660,Atorvastatin_Tab 10mg,0212000B0AAAAAA,14,0.029400000000000162
280,P82660,Atorvastatin_Tab 20mg,0212000B0AAABAB,3,-0.00839999999999995
281,P82660,Atorvastatin_Tab 80mg,0212000B0AAADAD,17,0.03570000000000102
282,P82660,Clonazepam_Tab 500mcg,0408010F0AAABAB,7,0.7909999999999984
283,P82660,Sertraline HCl_Tab 100mg,0403030Q0AAABAB,49,0.19720000000000032
284,P82660,Sumatriptan_Tab 50mg,0407041T0AAAFAF,1,0.0
285,Y00186,Atorvastatin_Tab 80mg,0212000B0AAADAD,5,0.0105000000000003
286,Y00186,Paracet_Tab 500mg,0407010H0AAAMAM,12,0.04279999999999974
287,Y00186,Sertraline HCl_Tab 100mg,0403030Q0AAABAB,11,0.03780000000000021
288,Y02319,Clonazepam_Tab 500mcg,0408010F0AAABAB,5,0.8926999999999982
289,Y02319,Paracet_Tab 500mg,0407010H0AAAMAM,36,-0.06319999999999962
290,Y02319,Sertraline HCl_Tab 100mg,0403030Q0AAABAB,23,0.06300000000000015
291,Y02319,Sumatriptan_Tab 50mg,0407041T0AAAFAF,8,0.0
292,Y02790,Atorvastatin_Tab 20mg,0212000B0AAABAB,5,-0.014999999999999389
293,Y02790,Atorvastatin_Tab 80mg,0212000B0AAADAD,5,0.0105000000000003
294,Y02790,Clonazepam_Tab 500mcg,0408010F0AAABAB,8,4.135799999999992
295,Y02790,Lercanidipine HCl_Tab 10mg,0206020L0AAAAAA,1,0.005500000000000005
296,Y02790,Paracet_Tab 500mg,0407010H0AAAMAM,12,0.04719999999999977
297,Y02790,Sertraline HCl_Tab 100mg,0403030Q0AAABAB,23,0.04140000000000002
298,Y02790,Sumatriptan_Tab 50mg,0407041T0AAAFAF,7,0.0
299,Y02943,Clonazepam_Tab 500mcg,0408010F0AAABAB,1,0.31639999999999935
300,Y03079,Atorvastatin_Tab 80mg,0212000B0AAADAD,6,0.012600000000000361
301,Y03079,Clonazepam_Tab 500mcg,0408010F0AAABAB,18,12.237899999999975
302,Y03079,Paracet_Tab 500mg,0407010H0AAAMAM,80,0.4627999999999972
303,Y03079,Sertraline HCl_Tab 100mg,0403030Q0AAABAB,17,0.04410000000000005
304,Y03079,Sumatriptan_Tab 50mg,0407041T0AAAFAF,13,-0.005599999999999383
305,Y03366,Atorvastatin_Tab 10mg,0212000B0AAAAAA,5,0.010500000000000058
306,Y03366,Atorvastatin_Tab 20mg,0212000B0AAABAB,89,22.691200000000016
307,Y03366,Atorvastatin_Tab 80mg,0212000B0AAADAD,4,0.00840000000000024
308,Y03366,Clonazepam_Tab 500mcg,0408010F0AAABAB,6,1.9487999999999968
309,Y03366,Paracet_Tab 500mg,0407010H0AAAMAM,160,27.444000000000027
310,Y03366,Sertraline HCl_Tab 100mg,0403030Q0AAABAB,5,0.010500000000000058
311,Y03366,Sumatriptan_Tab 50mg,0407041T0AAAFAF,4,0.0
312,Y04600,Atorvastatin_Tab 10mg,0212000B0AAAAAA,1,-0.0007999999999999952
313,Y04600,Paracet_Tab 500mg,0407010H0AAAMAM,8,-0.7207999999999999
314,Y04600,Sertraline HCl_Tab 100mg,0403030Q0AAABAB,1,-0.0007999999999999952
315,Y04600,Sumatriptan_Tab 50mg,0407041T0AAAFAF,6,0.0033999999999998476
316,Y05353,Sertraline HCl_Tab 100mg,0403030Q0AAABAB,1,-0.003000000000000086
317,Y05353,Sumatriptan_Tab 50mg,0407041T0AAAFAF,5,0.0
