,practice_code,bnf_description,bnf_code,items,excess_cost
0,D81001,Aripiprazole_Tab 10mg,0402010ADAAAAAA,3,-0.006299999999999889
1,D81001,Atorvastatin_Tab 10mg,0212000B0AAAAAA,11,0.023100000000000127
2,D81001,Ferr Sulf_Tab 200mg,0901011P0AAACAC,4,28.194
3,D81001,Memantine HCl_Tab 20mg,0411000G0AAADAD,3,0.014699999999999984
4,D81001,Paracet_Tab 500mg,0407010H0AAAMAM,22,-0.08119999999999951
5,D81001,Phenytoin_Sod Tab 100mg,0408010Q0AAAGAG,6,0.029399999999999094
6,D81001,Pregabalin_Cap 25mg,0408010AEAAAAAA,1,0.0020000000000000573
7,D81002,Aripiprazole_Tab 10mg,0402010ADAAAAAA,9,-0.018899999999999667
8,D81002,Atorvastatin_Tab 10mg,0212000B0AAAAAA,10,0.02520000000000014
9,D81002,Ferr Sulf_Tab 200mg,0901011P0AAACAC,18,0.07559999999999954
10,D81002,Memantine HCl_Tab 20mg,0411000G0AAADAD,7,0.03429999999999996
11,D81002,Paracet_Tab 500mg,0407010H0AAAMAM,142,42.54959999999999
12,D81003,Aripiprazole_Tab 10mg,0402010ADAAAAAA,16,-0.0027999999999989145
13,D81003,Atorvastatin_Tab 10mg,0212000B0AAAAAA,43,0.09030000000000049
14,D81003,Atorvastatin_Tab 20mg,0212000B0AAABAB,1,-0.005199999999999788
15,D81003,Ferr Sulf_Tab 200mg,0901011P0AAACAC,75,14.179899999999998
16,D81003,Memantine HCl_Tab 20mg,0411000G0AAADAD,8,0.03919999999999996
17,D81003,Paracet_Tab 500mg,0407010H0AAAMAM,212,126.70720000000004
18,D81003,Pregabalin_Cap 25mg,0408010AEAAAAAA,8,0.03359999999999941
19,D81004,Atorvastatin_Tab 10mg,0212000B0AAAAAA,29,0.060900000000000336
20,D81004,Ferr Sulf_Tab 200mg,0901011P0AAACAC,16,0.027999999999999248
21,D81004,Memantine HCl_Tab 20mg,0411000G0AAADAD,4,0.01959999999999998
22,D81004,Paracet_Tab 500mg,0407010H0AAAMAM,132,-0.4591999999999972
23,D81004,Phenytoin_Sod Tab 100mg,0408010Q0AAAGAG,1,-0.0031000000000013794
24,D81004,Pregabalin_Cap 25mg,0408010AEAAAAAA,12,0.05039999999999911
25,D81005,Atorvastatin_Tab 10mg,0212000B0AAAAAA,5,0.010500000000000058
26,D81005,Ferr Sulf_Tab 200mg,0901011P0AAACAC,16,0.04759999999999942
27,D81005,Paracet_Tab 500mg,0407010H0AAAMAM,114,9.772799999999998
28,D81007,Aripiprazole_Tab 10mg,0402010ADAAAAAA,5,436.15040000000005
29,D81007,Atorvastatin_Tab 10mg,0212000B0AAAAAA,51,11.566800000000004
30,D81007,Atorvastatin_Tab 20mg,0212000B0AAABAB,182,22.80300000000002
31,D81007,Memantine HCl_Tab 20mg,0411000G0AAADAD,8,63.9072
32,D81007,Paracet_Tab 500mg,0407010H0AAAMAM,400,76.50800000000001
33,D81007,Phenytoin_Sod Tab 100mg,0408010Q0AAAGAG,1,79.59839999999998
34,D81008,Atorvastatin_Tab 10mg,0212000B0AAAAAA,93,11.6753
35,D81008,Atorvastatin_Tab 20mg,0212000B0AAABAB,647,23.550800000000045
36,D81008,Atorvastatin_Tab 40mg,0212000B0AAACAC,202,44.68239999999999
37,D81008,Ferr Sulf_Tab 200mg,0901011P0AAACAC,21,0.05019999999999926
38,D81008,Memantine HCl_Tab 20mg,0411000G0AAADAD,16,63.8848
39,D81008,Montelukast_Tab 10mg,0303020G0AAABAB,123,24.452400000000008
40,D81008,Paracet_Tab 500mg,0407010H0AAAMAM,1528,123.96279999999997
41,D81008,Pregabalin_Cap 25mg,0408010AEAAAAAA,15,0.013599999999999529
42,D81009,Atorvastatin_Tab 10mg,0212000B0AAAAAA,31,11.631200000000002
43,D81009,Atorvastatin_Tab 40mg,0212000B0AAACAC,32,22.310399999999998
44,D81009,Ferr Sulf_Tab 200mg,0901011P0AAACAC,1,0.005599999999999966
45,D81009,Paracet_Tab 500mg,0407010H0AAAMAM,32,20.246400000000005
46,D81010,Atorvastatin_Tab 10mg,0212000B0AAAAAA,30,0.06300000000000035
47,D81010,Atorvastatin_Tab 20mg,0212000B0AAABAB,281,22.737799999999996
48,D81010,Atorvastatin_Tab 40mg,0212000B0AAACAC,1,-0.0007999999999999674
49,D81010,Ferr Sulf_Tab 200mg,0901011P0AAACAC,60,14.235199999999997
50,D81010,Memantine HCl_Tab 20mg,0411000G0AAADAD,4,0.01959999999999998
51,D81010,Paracet_Tab 500mg,0407010H0AAAMAM,570,87.36240000000001
52,D81011,Atorvastatin_Tab 10mg,0212000B0AAAAAA,115,11.609500000000006
53,D81011,Atorvastatin_Tab 20mg,0212000B0AAABAB,435,89.93020000000004
54,D81011,Atorvastatin_Tab 40mg,0212000B0AAACAC,249,89.24159999999999
55,D81011,Ferr Sulf_Tab 200mg,0901011P0AAACAC,7,0.004899999999999752
56,D81011,Memantine HCl_Tab 20mg,0411000G0AAADAD,12,127.78079999999999
57,D81011,Montelukast_Tab 10mg,0303020G0AAABAB,64,24.3712
58,D81011,Paracet_Tab 500mg,0407010H0AAAMAM,890,60.92760000000011
59,D81011,Pregabalin_Cap 25mg,0408010AEAAAAAA,4,-0.009599999999999942
60,D81012,Aripiprazole_Tab 10mg,0402010ADAAAAAA,5,-0.0027999999999996916
61,D81012,Atorvastatin_Tab 10mg,0212000B0AAAAAA,91,66.94239999999999
62,D81012,Atorvastatin_Tab 20mg,0212000B0AAABAB,124,45.466200000000015
63,D81012,Atorvastatin_Tab 40mg,0212000B0AAACAC,26,44.5172
64,D81012,Ferr Sulf_Tab 200mg,0901011P0AAACAC,4,0.011199999999999932
65,D81012,Memantine HCl_Tab 20mg,0411000G0AAADAD,16,63.9268
66,D81012,Paracet_Tab 500mg,0407010H0AAAMAM,392,130.36200000000005
67,D81013,Aripiprazole_Tab 10mg,0402010ADAAAAAA,2,-0.004199999999999926
68,D81013,Atorvastatin_Tab 10mg,0212000B0AAAAAA,14,23.2456
69,D81013,Ferr Sulf_Tab 200mg,0901011P0AAACAC,41,0.02119999999999958
70,D81013,Memantine HCl_Tab 20mg,0411000G0AAADAD,5,95.84820000000002
71,D81013,Paracet_Tab 500mg,0407010H0AAAMAM,70,-1.3303999999999996
72,D81013,Pregabalin_Cap 25mg,0408010AEAAAAAA,7,59.6148
73,D81014,Aripiprazole_Tab 10mg,0402010ADAAAAAA,5,-0.010499999999999815
74,D81014,Atorvastatin_Tab 10mg,0212000B0AAAAAA,24,0.06130000000000031
75,D81014,Atorvastatin_Tab 40mg,0212000B0AAACAC,1,0.004400000000000015
76,D81014,Ferr Sulf_Tab 200mg,0901011P0AAACAC,14,0.039899999999999394
77,D81014,Memantine HCl_Tab 20mg,0411000G0AAADAD,20,127.83049999999999
78,D81014,Paracet_Tab 500mg,0407010H0AAAMAM,1002,63.93080000000005
79,D81014,Pregabalin_Cap 25mg,0408010AEAAAAAA,8,0.03359999999999941
80,D81015,Atorvastatin_Tab 10mg,0212000B0AAAAAA,4,0.008400000000000046
81,D81015,Atorvastatin_Tab 20mg,0212000B0AAABAB,176,22.668800000000033
82,D81015,Ferr Sulf_Tab 200mg,0901011P0AAACAC,4,0.022399999999999864
83,D81015,Paracet_Tab 500mg,0407010H0AAAMAM,40,20.000000000000018
84,D81015,Pregabalin_Cap 25mg,0408010AEAAAAAA,3,0.012599999999999778
85,D81016,Aripiprazole_Tab 10mg,0402010ADAAAAAA,12,0.03640000000000143
86,D81016,Atorvastatin_Tab 10mg,0212000B0AAAAAA,16,0.033600000000000185
87,D81016,Atorvastatin_Tab 20mg,0212000B0AAABAB,1,0.003800000000000109
88,D81016,Ferr Sulf_Tab 200mg,0901011P0AAACAC,17,0.08739999999999916
89,D81016,Paracet_Tab 500mg,0407010H0AAAMAM,316,10.060400000000028
90,D81016,Pregabalin_Cap 25mg,0408010AEAAAAAA,8,0.025199999999999556
91,D81017,Atorvastatin_Tab 10mg,0212000B0AAAAAA,5,0.010500000000000058
92,D81017,Ferr Sulf_Tab 200mg,0901011P0AAACAC,39,56.43370000000001
93,D81017,Memantine HCl_Tab 20mg,0411000G0AAADAD,5,0.024499999999999973
94,D81017,Paracet_Tab 500mg,0407010H0AAAMAM,34,-0.12319999999999925
95,D81018,Atorvastatin_Tab 10mg,0212000B0AAAAAA,5,0.0054000000000000645
96,D81018,Ferr Sulf_Tab 200mg,0901011P0AAACAC,5,0.043799999999998215
97,D81018,Paracet_Tab 500mg,0407010H0AAAMAM,70,0.6799999999999962
98,D81019,Ferr Sulf_Tab 200mg,0901011P0AAACAC,3,0.0167999999999999
99,D81020,Atorvastatin_Tab 10mg,0212000B0AAAAAA,6,11.625600000000002
100,D81020,Atorvastatin_Tab 20mg,0212000B0AAABAB,32,22.5792
101,D81021,Aripiprazole_Tab 10mg,0402010ADAAAAAA,4,-0.008399999999999852
102,D81021,Atorvastatin_Tab 10mg,0212000B0AAAAAA,19,0.03830000000000023
103,D81021,Ferr Sulf_Tab 200mg,0901011P0AAACAC,4,0.022399999999999864
104,D81021,Memantine HCl_Tab 20mg,0411000G0AAADAD,9,63.907199999999996
105,D81021,Paracet_Tab 500mg,0407010H0AAAMAM,688,88.07560000000002
106,D81022,Aripiprazole_Tab 10mg,0402010ADAAAAAA,18,0.07210000000000469
107,D81022,Atorvastatin_Tab 10mg,0212000B0AAAAAA,297,70.25550000000003
108,D81022,Atorvastatin_Tab 20mg,0212000B0AAABAB,1448,362.9274000000002
109,D81022,Atorvastatin_Tab 40mg,0212000B0AAACAC,558,45.1414
110,D81022,Ferr Sulf_Tab 200mg,0901011P0AAACAC,245,296.5721999999999
111,D81022,Memantine HCl_Tab 20mg,0411000G0AAADAD,58,319.5297
112,D81022,Paracet_Tab 500mg,0407010H0AAAMAM,1834,303.88360000000046
113,D81022,Pregabalin_Cap 25mg,0408010AEAAAAAA,46,338.21619999999996
114,D81023,Atorvastatin_Tab 10mg,0212000B0AAAAAA,68,11.614400000000002
115,D81023,Atorvastatin_Tab 20mg,0212000B0AAABAB,456,113.38200000000006
116,D81023,Atorvastatin_Tab 40mg,0212000B0AAACAC,148,22.377600000000008
117,D81023,Ferr Sulf_Tab 200mg,0901011P0AAACAC,30,35.35279999999999
118,D81023,Paracet_Tab 500mg,0407010H0AAAMAM,394,13.889600000000057
119,D81023,Pregabalin_Cap 25mg,0408010AEAAAAAA,3,-0.012600000000000361
120,D81024,Aripiprazole_Tab 10mg,0402010ADAAAAAA,4,0.02240000000000064
121,D81024,Atorvastatin_Tab 10mg,0212000B0AAAAAA,83,11.620000000000003
122,D81024,Paracet_Tab 500mg,0407010H0AAAMAM,204,9.650400000000008
123,D81025,Aripiprazole_Tab 10mg,0402010ADAAAAAA,8,0.01400000000000079
124,D81025,Atorvastatin_Tab 10mg,0212000B0AAAAAA,2,0.008400000000000046
125,D81025,Ferr Sulf_Tab 200mg,0901011P0AAACAC,26,0.06429999999999787
126,D81025,Memantine HCl_Tab 20mg,0411000G0AAADAD,5,0.024499999999999973
127,D81025,Paracet_Tab 500mg,0407010H0AAAMAM,62,-0.27159999999999834
128,D81025,Pregabalin_Cap 25mg,0408010AEAAAAAA,11,-0.05400000000000155
129,D81026,Aripiprazole_Tab 10mg,0402010ADAAAAAA,2,0.0028000000000001357
130,D81026,Atorvastatin_Tab 10mg,0212000B0AAAAAA,277,22.780800000000024
131,D81026,Atorvastatin_Tab 20mg,0212000B0AAABAB,650,136.5
132,D81026,Atorvastatin_Tab 40mg,0212000B0AAACAC,12,-0.01959999999999998
133,D81026,Ferr Sulf_Tab 200mg,0901011P0AAACAC,9,0.0032999999999988455
134,D81026,Memantine HCl_Tab 20mg,0411000G0AAADAD,29,63.90440000000002
135,D81026,Paracet_Tab 500mg,0407010H0AAAMAM,1130,124.41120000000004
136,D81026,Phenytoin_Sod Tab 100mg,0408010Q0AAAGAG,4,0.025199999999997225
137,D81026,Pregabalin_Cap 25mg,0408010AEAAAAAA,7,225.5724
138,D81027,Ferr Sulf_Tab 200mg,0901011P0AAACAC,4,0.022399999999999864
139,D81028,Aripiprazole_Tab 10mg,0402010ADAAAAAA,4,-0.008399999999999852
140,D81028,Atorvastatin_Tab 10mg,0212000B0AAAAAA,4,0.008400000000000046
141,D81028,Ferr Sulf_Tab 200mg,0901011P0AAACAC,21,0.09319999999999873
142,D81028,Paracet_Tab 500mg,0407010H0AAAMAM,68,0.0671999999999996
143,D81028,Phenytoin_Sod Tab 100mg,0408010Q0AAAGAG,2,119.39759999999998
144,D81028,Pregabalin_Cap 25mg,0408010AEAAAAAA,4,0.016799999999999704
145,D81029,Atorvastatin_Tab 10mg,0212000B0AAAAAA,102,69.80610000000001
146,D81029,Atorvastatin_Tab 20mg,0212000B0AAABAB,389,67.53040000000004
147,D81029,Montelukast_Tab 10mg,0303020G0AAABAB,32,48.742399999999996
148,D81029,Paracet_Tab 500mg,0407010H0AAAMAM,342,10.260000000000057
149,D81030,Atorvastatin_Tab 10mg,0212000B0AAAAAA,6,0.02520000000000014
150,D81030,Atorvastatin_Tab 40mg,0212000B0AAACAC,1,0.0020000000000000573
151,D81030,Paracet_Tab 500mg,0407010H0AAAMAM,12,-0.007999999999999965
152,D81031,Atorvastatin_Tab 20mg,0212000B0AAABAB,1,0.006000000000000172
153,D81031,Memantine HCl_Tab 20mg,0411000G0AAADAD,4,0.01959999999999998
154,D81031,Montelukast_Tab 10mg,0303020G0AAABAB,6,48.753600000000006
155,D81031,Paracet_Tab 500mg,0407010H0AAAMAM,2,-0.011199999999999932
156,D81032,Atorvastatin_Tab 10mg,0212000B0AAAAAA,10,0.015000000000000152
157,D81032,Atorvastatin_Tab 20mg,0212000B0AAABAB,315,22.857800000000044
158,D81032,Atorvastatin_Tab 40mg,0212000B0AAACAC,1,-0.0013999999999999985
159,D81032,Memantine HCl_Tab 20mg,0411000G0AAADAD,16,63.880700000000004
160,D81032,Paracet_Tab 500mg,0407010H0AAAMAM,274,20.784800000000054
161,D81032,Pregabalin_Cap 25mg,0408010AEAAAAAA,3,0.012600000000000361
162,D81033,Atorvastatin_Tab 10mg,0212000B0AAAAAA,2,0.008400000000000046
163,D81033,Memantine HCl_Tab 20mg,0411000G0AAADAD,4,0.01959999999999998
164,D81033,Paracet_Tab 500mg,0407010H0AAAMAM,150,619.5512
165,D81033,Pregabalin_Cap 25mg,0408010AEAAAAAA,1,-0.003600000000000103
166,D81034,Aripiprazole_Tab 10mg,0402010ADAAAAAA,4,0.02240000000000064
167,D81034,Atorvastatin_Tab 10mg,0212000B0AAAAAA,190,11.224300000000003
168,D81034,Atorvastatin_Tab 20mg,0212000B0AAABAB,664,91.10080000000004
169,D81034,Ferr Sulf_Tab 200mg,0901011P0AAACAC,15,0.006999999999999229
170,D81034,Memantine HCl_Tab 20mg,0411000G0AAADAD,16,63.9268
171,D81034,Paracet_Tab 500mg,0407010H0AAAMAM,868,107.75279999999995
172,D81034,Pregabalin_Cap 25mg,0408010AEAAAAAA,4,0.008399999999999852
173,D81035,Ferr Sulf_Tab 200mg,0901011P0AAACAC,9,0.03919999999999976
174,D81035,Memantine HCl_Tab 20mg,0411000G0AAADAD,4,0.01959999999999998
175,D81035,Paracet_Tab 500mg,0407010H0AAAMAM,36,-0.1167999999999993
176,D81035,Phenytoin_Sod Tab 100mg,0408010Q0AAAGAG,4,179.1216
177,D81035,Pregabalin_Cap 25mg,0408010AEAAAAAA,11,0.03359999999999941
178,D81036,Atorvastatin_Tab 10mg,0212000B0AAAAAA,8,0.016800000000000093
179,D81036,Atorvastatin_Tab 40mg,0212000B0AAACAC,111,22.377599999999994
180,D81036,Ferr Sulf_Tab 200mg,0901011P0AAACAC,6,0.022399999999999864
181,D81036,Paracet_Tab 500mg,0407010H0AAAMAM,38,0.019599999999999895
182,D81037,Aripiprazole_Tab 10mg,0402010ADAAAAAA,4,0.02240000000000064
183,D81037,Ferr Sulf_Tab 200mg,0901011P0AAACAC,1,42.252
184,D81037,Montelukast_Tab 10mg,0303020G0AAABAB,10,48.77599999999999
185,D81037,Paracet_Tab 500mg,0407010H0AAAMAM,34,20.400000000000006
186,D81037,Pregabalin_Cap 25mg,0408010AEAAAAAA,1,0.004199999999999926
187,D81038,Atorvastatin_Tab 10mg,0212000B0AAAAAA,4,0.008400000000000046
188,D81038,Ferr Sulf_Tab 200mg,0901011P0AAACAC,4,0.011199999999999932
189,D81038,Memantine HCl_Tab 20mg,0411000G0AAADAD,4,0.01959999999999998
190,D81038,Paracet_Tab 500mg,0407010H0AAAMAM,4,-0.022399999999999864
191,D81038,Pregabalin_Cap 25mg,0408010AEAAAAAA,2,0.008399999999999852
192,D81040,Ferr Sulf_Tab 200mg,0901011P0AAACAC,4,0.011199999999999932
193,D81040,Memantine HCl_Tab 20mg,0411000G0AAADAD,8,0.03919999999999996
194,D81041,Memantine HCl_Tab 20mg,0411000G0AAADAD,4,0.01959999999999998
195,D81041,Paracet_Tab 500mg,0407010H0AAAMAM,2,-0.011199999999999932
196,D81042,Atorvastatin_Tab 10mg,0212000B0AAAAAA,3,0.006300000000000035
197,D81042,Atorvastatin_Tab 40mg,0212000B0AAACAC,54,44.604000000000006
198,D81042,Ferr Sulf_Tab 200mg,0901011P0AAACAC,15,0.07359999999999955
199,D81042,Memantine HCl_Tab 20mg,0411000G0AAADAD,12,0.058799999999999936
200,D81042,Paracet_Tab 500mg,0407010H0AAAMAM,82,20.251199999999994
201,D81042,Phenytoin_Sod Tab 100mg,0408010Q0AAAGAG,2,119.39759999999998
202,D81042,Pregabalin_Cap 25mg,0408010AEAAAAAA,1,84.5964
203,D81043,Aripiprazole_Tab 10mg,0402010ADAAAAAA,1,-0.002099999999999963
204,D81043,Atorvastatin_Tab 10mg,0212000B0AAAAAA,460,22.556099999999994
205,D81043,Ferr Sulf_Tab 200mg,0901011P0AAACAC,38,0.13229999999999886
206,D81043,Memantine HCl_Tab 20mg,0411000G0AAADAD,8,0.03919999999999996
207,D81043,Montelukast_Tab 10mg,0303020G0AAABAB,196,24.147200000000005
208,D81043,Paracet_Tab 500mg,0407010H0AAAMAM,568,19.941400000000073
209,D81043,Pregabalin_Cap 25mg,0408010AEAAAAAA,5,-0.021600000000000452
210,D81044,Atorvastatin_Tab 10mg,0212000B0AAAAAA,14,0.02230000000000018
211,D81044,Ferr Sulf_Tab 200mg,0901011P0AAACAC,23,0.04829999999999905
212,D81044,Memantine HCl_Tab 20mg,0411000G0AAADAD,47,191.6852
213,D81044,Paracet_Tab 500mg,0407010H0AAAMAM,386,11.973600000000074
214,D81044,Pregabalin_Cap 25mg,0408010AEAAAAAA,8,0.00939999999999891
215,D81045,Atorvastatin_Tab 10mg,0212000B0AAAAAA,1,0.0021000000000000116
216,D81045,Ferr Sulf_Tab 200mg,0901011P0AAACAC,1,0.002799999999999983
217,D81045,Paracet_Tab 500mg,0407010H0AAAMAM,6,-0.010399999999999937
218,D81046,Atorvastatin_Tab 10mg,0212000B0AAAAAA,1,0.0021000000000000116
219,D81046,Atorvastatin_Tab 20mg,0212000B0AAABAB,355,135.184
220,D81046,Atorvastatin_Tab 40mg,0212000B0AAACAC,297,44.752200000000016
221,D81046,Ferr Sulf_Tab 200mg,0901011P0AAACAC,78,35.27999999999999
222,D81046,Memantine HCl_Tab 20mg,0411000G0AAADAD,14,63.896
223,D81046,Montelukast_Tab 10mg,0303020G0AAABAB,58,24.36
224,D81046,Paracet_Tab 500mg,0407010H0AAAMAM,430,20.791200000000018
225,D81046,Phenytoin_Sod Tab 100mg,0408010Q0AAAGAG,2,39.80479999999999
226,D81046,Pregabalin_Cap 25mg,0408010AEAAAAAA,1,-0.006000000000000172
227,D81049,Aripiprazole_Tab 10mg,0402010ADAAAAAA,2,0.01120000000000032
228,D81049,Atorvastatin_Tab 10mg,0212000B0AAAAAA,75,11.671099999999997
229,D81049,Atorvastatin_Tab 40mg,0212000B0AAACAC,137,22.2488
230,D81049,Ferr Sulf_Tab 200mg,0901011P0AAACAC,4,0.011199999999999932
231,D81049,Memantine HCl_Tab 20mg,0411000G0AAADAD,10,63.912099999999995
232,D81049,Paracet_Tab 500mg,0407010H0AAAMAM,262,9.954000000000027
233,D81050,Aripiprazole_Tab 10mg,0402010ADAAAAAA,12,0.044100000000001555
234,D81050,Atorvastatin_Tab 10mg,0212000B0AAAAAA,4,0.008400000000000046
235,D81050,Atorvastatin_Tab 20mg,0212000B0AAABAB,332,45.27000000000002
236,D81050,Atorvastatin_Tab 40mg,0212000B0AAACAC,2,-0.0059999999999997555
237,D81050,Ferr Sulf_Tab 200mg,0901011P0AAACAC,42,14.140699999999997
238,D81050,Memantine HCl_Tab 20mg,0411000G0AAADAD,2,0.00979999999999999
239,D81050,Montelukast_Tab 10mg,0303020G0AAABAB,34,24.371200000000005
240,D81050,Paracet_Tab 500mg,0407010H0AAAMAM,46,0.06159999999999968
241,D81051,Aripiprazole_Tab 10mg,0402010ADAAAAAA,5,-0.010499999999999815
242,D81051,Atorvastatin_Tab 10mg,0212000B0AAAAAA,78,11.6613
243,D81051,Atorvastatin_Tab 40mg,0212000B0AAACAC,123,22.730400000000007
244,D81051,Ferr Sulf_Tab 200mg,0901011P0AAACAC,1,0.005599999999999966
245,D81051,Memantine HCl_Tab 20mg,0411000G0AAADAD,8,0.03919999999999996
246,D81051,Paracet_Tab 500mg,0407010H0AAAMAM,146,30.978000000000034
247,D81052,Aripiprazole_Tab 10mg,0402010ADAAAAAA,3,0.01680000000000048
248,D81052,Atorvastatin_Tab 20mg,0212000B0AAABAB,2,0.004400000000000237
249,D81052,Ferr Sulf_Tab 200mg,0901011P0AAACAC,16,-0.0028000000000008574
250,D81052,Memantine HCl_Tab 20mg,0411000G0AAADAD,3,0.014699999999999984
251,D81052,Montelukast_Tab 10mg,0303020G0AAABAB,10,24.387999999999995
252,D81052,Paracet_Tab 500mg,0407010H0AAAMAM,270,27.44160000000003
253,D81053,Aripiprazole_Tab 10mg,0402010ADAAAAAA,4,-0.008399999999999852
254,D81053,Atorvastatin_Tab 10mg,0212000B0AAAAAA,135,477.064
255,D81053,Atorvastatin_Tab 20mg,0212000B0AAABAB,359,203.07280000000006
256,D81053,Atorvastatin_Tab 40mg,0212000B0AAACAC,132,110.1408
257,D81053,Ferr Sulf_Tab 200mg,0901011P0AAACAC,32,35.27159999999999
258,D81053,Memantine HCl_Tab 20mg,0411000G0AAADAD,8,127.792
259,D81053,Paracet_Tab 500mg,0407010H0AAAMAM,158,-2.681999999999991
260,D81054,Aripiprazole_Tab 10mg,0402010ADAAAAAA,7,0.02890000000000134
261,D81054,Atorvastatin_Tab 10mg,0212000B0AAAAAA,1,0.004200000000000023
262,D81054,Ferr Sulf_Tab 200mg,0901011P0AAACAC,31,0.11689999999999907
263,D81054,Paracet_Tab 500mg,0407010H0AAAMAM,30,-0.07759999999999953
264,D81054,Pregabalin_Cap 25mg,0408010AEAAAAAA,3,0.012599999999999778
265,D81055,Atorvastatin_Tab 10mg,0212000B0AAAAAA,12,0.019900000000000147
266,D81055,Ferr Sulf_Tab 200mg,0901011P0AAACAC,4,0.0073999999999995875
267,D81055,Paracet_Tab 500mg,0407010H0AAAMAM,56,7.636000000000001
268,D81056,Aripiprazole_Tab 10mg,0402010ADAAAAAA,5,-0.0027999999999996916
269,D81056,Atorvastatin_Tab 10mg,0212000B0AAAAAA,6,0.01260000000000007
270,D81056,Ferr Sulf_Tab 200mg,0901011P0AAACAC,9,-0.004200000000000412
271,D81056,Memantine HCl_Tab 20mg,0411000G0AAADAD,7,0.03429999999999996
272,D81056,Paracet_Tab 500mg,0407010H0AAAMAM,38,0.025199999999999834
273,D81057,Atorvastatin_Tab 10mg,0212000B0AAAAAA,87,11.663400000000005
274,D81057,Atorvastatin_Tab 20mg,0212000B0AAABAB,260,23.93760000000003
275,D81057,Ferr Sulf_Tab 200mg,0901011P0AAACAC,50,21.340699999999995
276,D81057,Memantine HCl_Tab 20mg,0411000G0AAADAD,4,0.01959999999999998
277,D81057,Montelukast_Tab 10mg,0303020G0AAABAB,26,31.3532
278,D81057,Paracet_Tab 500mg,0407010H0AAAMAM,352,63.30160000000007
279,D81058,Atorvastatin_Tab 10mg,0212000B0AAAAAA,12,0.02520000000000014
280,D81058,Ferr Sulf_Tab 200mg,0901011P0AAACAC,20,0.0433999999999993
281,D81058,Memantine HCl_Tab 20mg,0411000G0AAADAD,8,0.03919999999999996
282,D81058,Paracet_Tab 500mg,0407010H0AAAMAM,54,0.050399999999999695
283,D81059,Atorvastatin_Tab 10mg,0212000B0AAAAAA,8,0.016800000000000093
284,D81059,Ferr Sulf_Tab 200mg,0901011P0AAACAC,19,21.20879999999999
285,D81059,Montelukast_Tab 10mg,0303020G0AAABAB,26,1.0191999999999988
286,D81059,Paracet_Tab 500mg,0407010H0AAAMAM,368,16.022000000000006
287,D81059,Pregabalin_Cap 25mg,0408010AEAAAAAA,1,0.004199999999999926
288,D81060,Atorvastatin_Tab 10mg,0212000B0AAAAAA,9,0.018900000000000104
289,D81060,Ferr Sulf_Tab 200mg,0901011P0AAACAC,26,0.09819999999999901
290,D81060,Memantine HCl_Tab 20mg,0411000G0AAADAD,4,0.01959999999999998
291,D81060,Paracet_Tab 500mg,0407010H0AAAMAM,100,0.41439999999999755
292,D81061,Atorvastatin_Tab 10mg,0212000B0AAAAAA,103,11.4282
293,D81061,Atorvastatin_Tab 20mg,0212000B0AAABAB,451,46.617000000000026
294,D81061,Ferr Sulf_Tab 200mg,0901011P0AAACAC,5,0.0035999999999992705
295,D81061,Memantine HCl_Tab 20mg,0411000G0AAADAD,1,0.004899999999999995
296,D81061,Montelukast_Tab 10mg,0303020G0AAABAB,56,24.304
297,D81061,Paracet_Tab 500mg,0407010H0AAAMAM,584,71.14000000000003
298,D81061,Pregabalin_Cap 25mg,0408010AEAAAAAA,1,-0.0023999999999999855
299,D81062,Atorvastatin_Tab 10mg,0212000B0AAAAAA,4,0.008400000000000046
300,D81062,Ferr Sulf_Tab 200mg,0901011P0AAACAC,15,0.04559999999999936
301,D81062,Paracet_Tab 500mg,0407010H0AAAMAM,48,-0.10079999999999939
302,D81064,Aripiprazole_Tab 10mg,0402010ADAAAAAA,4,-0.008399999999999852
303,D81064,Atorvastatin_Tab 10mg,0212000B0AAAAAA,41,0.11239999999999947
304,D81064,Atorvastatin_Tab 20mg,0212000B0AAABAB,98,22.775200000000005
305,D81064,Ferr Sulf_Tab 200mg,0901011P0AAACAC,11,0.11099999999999684
306,D81064,Paracet_Tab 500mg,0407010H0AAAMAM,222,18.740800000000032
307,D81064,Pregabalin_Cap 25mg,0408010AEAAAAAA,4,0.008399999999999852
308,D81065,Memantine HCl_Tab 20mg,0411000G0AAADAD,7,63.895999999999994
309,D81066,Atorvastatin_Tab 10mg,0212000B0AAAAAA,13,11.6116
310,D81066,Ferr Sulf_Tab 200mg,0901011P0AAACAC,11,0.050399999999999695
311,D81066,Memantine HCl_Tab 20mg,0411000G0AAADAD,4,0.01959999999999998
312,D81066,Montelukast_Tab 10mg,0303020G0AAABAB,8,48.7528
313,D81066,Paracet_Tab 500mg,0407010H0AAAMAM,74,0.4359999999999975
314,D81070,Aripiprazole_Tab 10mg,0402010ADAAAAAA,3,0.01680000000000048
315,D81070,Atorvastatin_Tab 10mg,0212000B0AAAAAA,10,23.2519
316,D81070,Atorvastatin_Tab 40mg,0212000B0AAACAC,37,22.273999999999997
317,D81070,Ferr Sulf_Tab 200mg,0901011P0AAACAC,13,0.06799999999999959
318,D81070,Paracet_Tab 500mg,0407010H0AAAMAM,14,0.022399999999999864
319,D81073,Paracet_Tab 500mg,0407010H0AAAMAM,106,21.320000000000032
320,D81074,Aripiprazole_Tab 10mg,0402010ADAAAAAA,4,0.02240000000000064
321,D81074,Ferr Sulf_Tab 200mg,0901011P0AAACAC,1,0.0029999999999998778
322,D81074,Paracet_Tab 500mg,0407010H0AAAMAM,88,10.057600000000004
323,D81074,Pregabalin_Cap 25mg,0408010AEAAAAAA,4,-0.01680000000000048
324,D81078,Atorvastatin_Tab 20mg,0212000B0AAABAB,150,22.680000000000007
325,D81078,Paracet_Tab 500mg,0407010H0AAAMAM,50,36.16000000000001
326,D81078,Pregabalin_Cap 25mg,0408010AEAAAAAA,1,0.004199999999999926
327,D81081,Atorvastatin_Tab 10mg,0212000B0AAAAAA,5,0.010500000000000058
328,D81081,Paracet_Tab 500mg,0407010H0AAAMAM,14,-0.07679999999999959
329,D81082,Ferr Sulf_Tab 200mg,0901011P0AAACAC,3,0.010399999999999729
330,D81082,Paracet_Tab 500mg,0407010H0AAAMAM,4,0.0007999999999999952
331,D81082,Pregabalin_Cap 25mg,0408010AEAAAAAA,1,-0.0023999999999999855
332,D81084,Atorvastatin_Tab 10mg,0212000B0AAAAAA,4,0.008400000000000046
333,D81084,Ferr Sulf_Tab 200mg,0901011P0AAACAC,6,0.0167999999999999
334,D81084,Memantine HCl_Tab 20mg,0411000G0AAADAD,4,0.01959999999999998
335,D81084,Montelukast_Tab 10mg,0303020G0AAABAB,26,24.387999999999998
336,D81084,Paracet_Tab 500mg,0407010H0AAAMAM,8,0.0167999999999999
337,D81085,Atorvastatin_Tab 10mg,0212000B0AAAAAA,13,0.02730000000000015
338,D81085,Ferr Sulf_Tab 200mg,0901011P0AAACAC,17,0.056799999999999656
339,D81085,Paracet_Tab 500mg,0407010H0AAAMAM,56,-0.1787999999999989
340,D81086,Aripiprazole_Tab 10mg,0402010ADAAAAAA,7,-0.014699999999999741
341,D81086,Atorvastatin_Tab 10mg,0212000B0AAAAAA,41,0.08610000000000048
342,D81086,Atorvastatin_Tab 20mg,0212000B0AAABAB,48,22.579200000000004
343,D81086,Ferr Sulf_Tab 200mg,0901011P0AAACAC,39,0.16619999999999863
344,D81086,Memantine HCl_Tab 20mg,0411000G0AAADAD,4,63.89880000000001
345,D81086,Paracet_Tab 500mg,0407010H0AAAMAM,338,81.09060000000002
346,D81086,Pregabalin_Cap 25mg,0408010AEAAAAAA,7,0.029399999999999482
347,D81602,Atorvastatin_Tab 10mg,0212000B0AAAAAA,4,0.008400000000000046
348,D81602,Atorvastatin_Tab 20mg,0212000B0AAABAB,1,0.006000000000000172
349,D81602,Ferr Sulf_Tab 200mg,0901011P0AAACAC,14,7.081199999999999
350,D81602,Paracet_Tab 500mg,0407010H0AAAMAM,14,0.16520000000000135
351,D81603,Atorvastatin_Tab 10mg,0212000B0AAAAAA,5,0.010500000000000058
352,D81603,Atorvastatin_Tab 20mg,0212000B0AAABAB,1,-0.0013999999999999985
353,D81603,Ferr Sulf_Tab 200mg,0901011P0AAACAC,15,0.08399999999999949
354,D81603,Montelukast_Tab 10mg,0303020G0AAABAB,1,0.006200000000000178
355,D81603,Paracet_Tab 500mg,0407010H0AAAMAM,12,-2.822399999999999
356,D81606,Atorvastatin_Tab 10mg,0212000B0AAAAAA,12,0.02520000000000014
357,D81606,Paracet_Tab 500mg,0407010H0AAAMAM,16,-0.022399999999999864
358,D81607,Atorvastatin_Tab 10mg,0212000B0AAAAAA,4,0.008400000000000046
359,D81607,Ferr Sulf_Tab 200mg,0901011P0AAACAC,18,0.025199999999999556
360,D81611,Atorvastatin_Tab 10mg,0212000B0AAAAAA,14,0.03930000000000024
361,D81611,Atorvastatin_Tab 20mg,0212000B0AAABAB,1,-0.0033999999999999794
362,D81611,Ferr Sulf_Tab 200mg,0901011P0AAACAC,6,21.1176
363,D81611,Memantine HCl_Tab 20mg,0411000G0AAADAD,15,63.941500000000005
364,D81611,Paracet_Tab 500mg,0407010H0AAAMAM,374,17.074800000000018
365,D81611,Phenytoin_Sod Tab 100mg,0408010Q0AAAGAG,2,9.088799999999997
366,D81611,Pregabalin_Cap 25mg,0408010AEAAAAAA,2,28.195999999999998
367,D81612,Aripiprazole_Tab 10mg,0402010ADAAAAAA,1,-0.0031999999999999806
368,D81612,Atorvastatin_Tab 10mg,0212000B0AAAAAA,4,0.008400000000000046
369,D81612,Ferr Sulf_Tab 200mg,0901011P0AAACAC,11,0.01959999999999959
370,D81612,Paracet_Tab 500mg,0407010H0AAAMAM,10,0.02799999999999983
371,D81612,Pregabalin_Cap 25mg,0408010AEAAAAAA,8,0.03359999999999941
372,D81615,Aripiprazole_Tab 10mg,0402010ADAAAAAA,5,-0.010499999999999815
373,D81615,Atorvastatin_Tab 10mg,0212000B0AAAAAA,45,23.184
374,D81615,Atorvastatin_Tab 20mg,0212000B0AAABAB,90,22.680000000000003
375,D81615,Atorvastatin_Tab 40mg,0212000B0AAACAC,60,22.343999999999998
376,D81615,Ferr Sulf_Tab 200mg,0901011P0AAACAC,2,0.023599999999999233
377,D81615,Memantine HCl_Tab 20mg,0411000G0AAADAD,4,0.01959999999999998
378,D81615,Montelukast_Tab 10mg,0303020G0AAABAB,25,24.360000000000003
379,D81615,Paracet_Tab 500mg,0407010H0AAAMAM,92,5.692400000000005
380,D81615,Phenytoin_Sod Tab 100mg,0408010Q0AAAGAG,1,127.92599999999997
381,D81616,Ferr Sulf_Tab 200mg,0901011P0AAACAC,1,0.002799999999999983
382,D81618,Atorvastatin_Tab 10mg,0212000B0AAAAAA,42,11.598999999999998
383,D81618,Paracet_Tab 500mg,0407010H0AAAMAM,36,-1.1103999999999974
384,D81622,Aripiprazole_Tab 10mg,0402010ADAAAAAA,4,-0.008399999999999852
385,D81622,Atorvastatin_Tab 10mg,0212000B0AAAAAA,45,11.592
386,D81622,Atorvastatin_Tab 20mg,0212000B0AAABAB,332,23.24000000000002
387,D81622,Ferr Sulf_Tab 200mg,0901011P0AAACAC,20,0.11199999999999932
388,D81622,Paracet_Tab 500mg,0407010H0AAAMAM,128,77.14000000000003
389,D81622,Pregabalin_Cap 25mg,0408010AEAAAAAA,1,0.002099999999999963
390,D81623,Ferr Sulf_Tab 200mg,0901011P0AAACAC,4,0.011199999999999932
391,D81623,Montelukast_Tab 10mg,0303020G0AAABAB,7,24.382399999999997
392,D81623,Paracet_Tab 500mg,0407010H0AAAMAM,24,-0.1343999999999992
393,D81624,Atorvastatin_Tab 10mg,0212000B0AAAAAA,1,-0.002999999999999982
394,D81624,Atorvastatin_Tab 40mg,0212000B0AAACAC,1,-0.0029999999999998778
395,D81624,Paracet_Tab 500mg,0407010H0AAAMAM,124,29.377200000000013
396,D81625,Aripiprazole_Tab 10mg,0402010ADAAAAAA,6,174.454
397,D81625,Atorvastatin_Tab 10mg,0212000B0AAAAAA,12,0.02520000000000014
398,D81625,Atorvastatin_Tab 20mg,0212000B0AAABAB,675,153.5244
399,D81625,Atorvastatin_Tab 40mg,0212000B0AAACAC,303,22.906800000000008
400,D81625,Ferr Sulf_Tab 200mg,0901011P0AAACAC,9,0.0313999999999995
401,D81625,Memantine HCl_Tab 20mg,0411000G0AAADAD,8,63.91840000000001
402,D81625,Montelukast_Tab 10mg,0303020G0AAABAB,20,24.360000000000003
403,D81625,Paracet_Tab 500mg,0407010H0AAAMAM,30,0.18479999999999885
404,D81629,Ferr Sulf_Tab 200mg,0901011P0AAACAC,8,0.0335999999999998
405,D81629,Paracet_Tab 500mg,0407010H0AAAMAM,52,0.073600000000001
406,D81630,Atorvastatin_Tab 20mg,0212000B0AAABAB,180,247.98200000000003
407,D81630,Memantine HCl_Tab 20mg,0411000G0AAADAD,7,127.792
408,D81630,Montelukast_Tab 10mg,0303020G0AAABAB,24,48.720000000000006
409,D81630,Paracet_Tab 500mg,0407010H0AAAMAM,4,0.3119999999999998
410,D81630,Phenytoin_Sod Tab 100mg,0408010Q0AAAGAG,2,6.059199999999998
411,D81631,Atorvastatin_Tab 10mg,0212000B0AAAAAA,36,34.8726
412,D81631,Atorvastatin_Tab 20mg,0212000B0AAABAB,222,22.999200000000013
413,D81631,Atorvastatin_Tab 40mg,0212000B0AAACAC,2,0.00360000000000002
414,D81631,Memantine HCl_Tab 20mg,0411000G0AAADAD,6,63.89039999999999
415,D81631,Montelukast_Tab 10mg,0303020G0AAABAB,20,1.0080000000000018
416,D81631,Paracet_Tab 500mg,0407010H0AAAMAM,182,21.126400000000025
417,D81633,Aripiprazole_Tab 10mg,0402010ADAAAAAA,7,-0.014699999999999741
418,D81633,Atorvastatin_Tab 10mg,0212000B0AAAAAA,13,0.02730000000000015
419,D81633,Atorvastatin_Tab 20mg,0212000B0AAABAB,3,-0.008999999999999633
420,D81633,Ferr Sulf_Tab 200mg,0901011P0AAACAC,21,21.173599999999993
421,D81633,Paracet_Tab 500mg,0407010H0AAAMAM,244,61.53600000000001
422,D81637,Aripiprazole_Tab 10mg,0402010ADAAAAAA,6,0.0028000000000004688
423,D81637,Atorvastatin_Tab 10mg,0212000B0AAAAAA,12,0.02520000000000014
424,D81637,Ferr Sulf_Tab 200mg,0901011P0AAACAC,5,0.017199999999999688
425,D81637,Memantine HCl_Tab 20mg,0411000G0AAADAD,5,0.024499999999999973
426,D81637,Montelukast_Tab 10mg,0303020G0AAABAB,19,24.3656
427,D81637,Paracet_Tab 500mg,0407010H0AAAMAM,28,0.045599999999999724
428,D81645,Atorvastatin_Tab 10mg,0212000B0AAAAAA,17,11.6144
429,D81645,Paracet_Tab 500mg,0407010H0AAAMAM,4,-0.022399999999999864
430,E82072,Atorvastatin_Tab 20mg,0212000B0AAABAB,370,22.792000000000005
431,E82072,Ferr Sulf_Tab 200mg,0901011P0AAACAC,4,-0.00840000000000024
432,E82072,Memantine HCl_Tab 20mg,0411000G0AAADAD,14,63.896
433,E82072,Paracet_Tab 500mg,0407010H0AAAMAM,24,0.23119999999999857
434,E82132,Atorvastatin_Tab 10mg,0212000B0AAAAAA,76,34.7851
435,E82132,Atorvastatin_Tab 20mg,0212000B0AAABAB,262,22.74160000000004
436,E82132,Atorvastatin_Tab 40mg,0212000B0AAACAC,100,22.400000000000002
437,E82132,Ferr Sulf_Tab 200mg,0901011P0AAACAC,5,-0.0105000000000003
438,E82132,Montelukast_Tab 10mg,0303020G0AAABAB,37,1.036000000000001
439,E82132,Paracet_Tab 500mg,0407010H0AAAMAM,44,-5.353999999999999
440,E82132,Phenytoin_Sod Tab 100mg,0408010Q0AAAGAG,3,59.6988
441,K83017,Atorvastatin_Tab 10mg,0212000B0AAAAAA,149,23.377200000000006
442,K83017,Atorvastatin_Tab 20mg,0212000B0AAABAB,275,158.03980000000004
443,K83017,Atorvastatin_Tab 40mg,0212000B0AAACAC,147,66.6792
444,K83017,Ferr Sulf_Tab 200mg,0901011P0AAACAC,15,0.01119999999999935
445,K83017,Memantine HCl_Tab 20mg,0411000G0AAADAD,34,255.70369999999997
446,K83017,Montelukast_Tab 10mg,0303020G0AAABAB,17,24.3712
447,K83017,Paracet_Tab 500mg,0407010H0AAAMAM,496,202.58559999999997
448,K83017,Pregabalin_Cap 25mg,0408010AEAAAAAA,5,0.012599999999999778
449,K83023,Aripiprazole_Tab 10mg,0402010ADAAAAAA,2,0.01120000000000032
450,K83023,Atorvastatin_Tab 10mg,0212000B0AAAAAA,97,11.407200000000007
451,K83023,Atorvastatin_Tab 40mg,0212000B0AAACAC,209,22.237599999999986
452,K83023,Ferr Sulf_Tab 200mg,0901011P0AAACAC,5,7.041999999999999
453,K83023,Memantine HCl_Tab 20mg,0411000G0AAADAD,12,63.9072
454,K83023,Montelukast_Tab 10mg,0303020G0AAABAB,30,1.3440000000000034
455,K83023,Paracet_Tab 500mg,0407010H0AAAMAM,156,35.07280000000002
456,Y00056,Paracet_Tab 500mg,0407010H0AAAMAM,18,-0.09439999999999946
457,Y00056,Pregabalin_Cap 25mg,0408010AEAAAAAA,4,0.008399999999999852
458,Y00185,Ferr Sulf_Tab 200mg,0901011P0AAACAC,1,-0.47700000000000053
459,Y00185,Paracet_Tab 500mg,0407010H0AAAMAM,238,16.431999999999988
460,Y00486,Aripiprazole_Tab 10mg,0402010ADAAAAAA,3,-0.006299999999999889
461,Y00486,Atorvastatin_Tab 10mg,0212000B0AAAAAA,1,0.0021000000000000116
462,Y00486,Atorvastatin_Tab 20mg,0212000B0AAABAB,1,-0.0029999999999998778
463,Y00486,Atorvastatin_Tab 40mg,0212000B0AAACAC,48,22.310399999999994
464,Y00486,Paracet_Tab 500mg,0407010H0AAAMAM,72,16.076000000000008
465,Y00681,Atorvastatin_Tab 20mg,0212000B0AAABAB,1,-0.002799999999999997
466,Y00681,Atorvastatin_Tab 40mg,0212000B0AAACAC,3,0.003200000000000036
467,Y00681,Paracet_Tab 500mg,0407010H0AAAMAM,4,-0.0031999999999998974
468,Y00681,Pregabalin_Cap 25mg,0408010AEAAAAAA,1,-0.003600000000000103
469,Y02769,Aripiprazole_Tab 10mg,0402010ADAAAAAA,5,-0.010499999999999815
470,Y02769,Atorvastatin_Tab 20mg,0212000B0AAABAB,1,0.00180000000000001
471,Y02769,Memantine HCl_Tab 20mg,0411000G0AAADAD,1,63.89880000000001
472,Y02769,Paracet_Tab 500mg,0407010H0AAAMAM,42,2.939999999999997
473,Y02769,Pregabalin_Cap 25mg,0408010AEAAAAAA,2,0.0017999999999999405
