,practice_code,bnf_description,bnf_code,items,excess_cost
125,P89602,Letrozole_Tab 2.5mg,0803041L0AAAAAA,4,71.2992
0,P89007,Mesalazine_Tab E/C 800mg,0105010B0AAASAS,1,68.87999999999998
1,P89026,Mesalazine_Tab E/C 800mg,0105010B0AAASAS,2,68.87999999999998
2,P89015,Mesalazine_Tab E/C 800mg,0105010B0AAASAS,3,51.65999999999999
115,P89008,Mesalazine_Tab E/C 400mg,0105010B0AAAAAA,1,47.913599999999995
3,P89014,Mesalazine_Tab E/C 800mg,0105010B0AAASAS,1,34.43999999999999
4,P89002,Mesalazine_Tab E/C 800mg,0105010B0AAASAS,1,34.43999999999999
116,P89016,Mesalazine_Tab E/C 400mg,0105010B0AAAAAA,2,34.224000000000004
200,P89005,Risperidone_Tab 6mg,040201030AAAFAF,1,29.2096
297,C81081,Hydroxychlor Sulf_Tab 200mg,1001030C0AAAAAA,6,27.036
5,P89015,Mesalazine_Tab E/C 800mg,0105010B0AAASAS,1,24.599999999999994
118,C81660,Mesalazine_Tab E/C 400mg,0105010B0AAAAAA,1,23.956799999999998
117,P89007,Mesalazine_Tab E/C 400mg,0105010B0AAAAAA,1,23.956799999999998
6,P89008,Mesalazine_Tab E/C 800mg,0105010B0AAASAS,2,22.959999999999994
7,P89004,Mesalazine_Tab E/C 800mg,0105010B0AAASAS,2,17.220000000000006
8,P89008,Mesalazine_Tab E/C 800mg,0105010B0AAASAS,1,17.219999999999995
401,P89007,Valsartan_Tab 40mg,0205052V0AAADAD,1,15.344000000000001
120,P89008,Mesalazine_Tab E/C 400mg,0105010B0AAAAAA,1,11.978399999999999
119,P89013,Mesalazine_Tab E/C 400mg,0105010B0AAAAAA,1,11.978399999999999
9,P89030,Mesalazine_Tab E/C 800mg,0105010B0AAASAS,1,11.479999999999997
11,P89021,Mesalazine_Tab E/C 800mg,0105010B0AAASAS,1,11.479999999999997
10,C81106,Mesalazine_Tab E/C 800mg,0105010B0AAASAS,1,11.479999999999997
12,Y02936,Mesalazine_Tab E/C 800mg,0105010B0AAASAS,2,8.618400000000001
121,C81106,Mesalazine_Tab E/C 400mg,0105010B0AAAAAA,1,7.985599999999999
21,P89003,Clonazepam_Tab 500mcg,0408010F0AAABAB,5,6.327999999999987
402,C81660,Valsartan_Tab 40mg,0205052V0AAADAD,3,5.7540000000000004
13,P89004,Mesalazine_Tab E/C 800mg,0105010B0AAASAS,1,5.739999999999998
22,P89003,Clonazepam_Tab 500mcg,0408010F0AAABAB,6,3.796799999999992
132,P89008,Methocarbamol_Tab 750mg,1002020S0AAABAB,3,2.889599999999999
403,P89015,Valsartan_Tab 40mg,0205052V0AAADAD,1,2.8770000000000002
23,P89012,Clonazepam_Tab 500mcg,0408010F0AAABAB,1,2.847599999999994
24,P89015,Clonazepam_Tab 500mcg,0408010F0AAABAB,3,2.847599999999994
25,P89026,Clonazepam_Tab 500mcg,0408010F0AAABAB,1,2.824999999999994
133,P89008,Methocarbamol_Tab 750mg,1002020S0AAABAB,6,2.579999999999999
26,P89021,Clonazepam_Tab 500mcg,0408010F0AAABAB,8,2.531199999999995
134,P89002,Methocarbamol_Tab 750mg,1002020S0AAABAB,6,2.2176000000000076
367,C81081,Amiodarone HCl_Tab 200mg,0203020D0AAABAB,3,2.100000000000002
136,P89008,Methocarbamol_Tab 750mg,1002020S0AAABAB,3,1.9349999999999992
135,P89007,Methocarbamol_Tab 750mg,1002020S0AAABAB,1,1.9349999999999992
137,P89015,Methocarbamol_Tab 750mg,1002020S0AAABAB,2,1.9263999999999992
404,P89015,Valsartan_Tab 40mg,0205052V0AAADAD,1,1.9180000000000001
31,P89014,Clonazepam_Tab 500mcg,0408010F0AAABAB,1,1.898399999999996
34,P89008,Clonazepam_Tab 500mcg,0408010F0AAABAB,3,1.898399999999996
33,P89008,Clonazepam_Tab 500mcg,0408010F0AAABAB,1,1.898399999999996
32,P89018,Clonazepam_Tab 500mcg,0408010F0AAABAB,3,1.898399999999996
30,P89018,Clonazepam_Tab 500mcg,0408010F0AAABAB,1,1.898399999999996
29,P89020,Clonazepam_Tab 500mcg,0408010F0AAABAB,2,1.898399999999996
28,P89014,Clonazepam_Tab 500mcg,0408010F0AAABAB,6,1.898399999999996
27,P89002,Clonazepam_Tab 500mcg,0408010F0AAABAB,6,1.898399999999996
368,P89010,Amiodarone HCl_Tab 200mg,0203020D0AAABAB,5,1.7500000000000016
370,P89008,Amiodarone HCl_Tab 200mg,0203020D0AAABAB,5,1.7500000000000016
369,P89015,Amiodarone HCl_Tab 200mg,0203020D0AAABAB,5,1.7500000000000016
138,P89021,Methocarbamol_Tab 750mg,1002020S0AAABAB,1,1.7199999999999993
35,P89004,Clonazepam_Tab 500mcg,0408010F0AAABAB,1,1.6949999999999965
36,P89008,Clonazepam_Tab 500mcg,0408010F0AAABAB,1,1.5819999999999967
39,P89026,Clonazepam_Tab 500mcg,0408010F0AAABAB,1,1.5819999999999967
38,P89015,Clonazepam_Tab 500mcg,0408010F0AAABAB,5,1.5819999999999967
37,P89023,Clonazepam_Tab 500mcg,0408010F0AAABAB,5,1.5819999999999967
140,P89008,Methocarbamol_Tab 750mg,1002020S0AAABAB,3,1.4447999999999994
139,P89008,Methocarbamol_Tab 750mg,1002020S0AAABAB,2,1.4447999999999994
372,P89008,Amiodarone HCl_Tab 200mg,0203020D0AAABAB,2,1.4000000000000012
371,P89021,Amiodarone HCl_Tab 200mg,0203020D0AAABAB,2,1.4000000000000012
40,P89029,Clonazepam_Tab 500mcg,0408010F0AAABAB,1,1.3559999999999972
141,P89004,Methocarbamol_Tab 750mg,1002020S0AAABAB,3,1.2899999999999996
56,P89021,Clonazepam_Tab 500mcg,0408010F0AAABAB,2,1.2655999999999974
52,P89021,Clonazepam_Tab 500mcg,0408010F0AAABAB,1,1.2655999999999974
54,P89004,Clonazepam_Tab 500mcg,0408010F0AAABAB,1,1.2655999999999974
51,P89014,Clonazepam_Tab 500mcg,0408010F0AAABAB,1,1.2655999999999974
50,P89003,Clonazepam_Tab 500mcg,0408010F0AAABAB,4,1.2655999999999974
49,P89015,Clonazepam_Tab 500mcg,0408010F0AAABAB,2,1.2655999999999974
48,C81106,Clonazepam_Tab 500mcg,0408010F0AAABAB,2,1.2655999999999974
47,P89020,Clonazepam_Tab 500mcg,0408010F0AAABAB,2,1.2655999999999974
46,P89025,Clonazepam_Tab 500mcg,0408010F0AAABAB,4,1.2655999999999974
45,P89008,Clonazepam_Tab 500mcg,0408010F0AAABAB,1,1.2655999999999974
44,P89014,Clonazepam_Tab 500mcg,0408010F0AAABAB,2,1.2655999999999974
43,P89029,Clonazepam_Tab 500mcg,0408010F0AAABAB,1,1.2655999999999974
55,P89026,Clonazepam_Tab 500mcg,0408010F0AAABAB,2,1.2655999999999974
57,P89016,Clonazepam_Tab 500mcg,0408010F0AAABAB,1,1.2655999999999974
42,P89023,Clonazepam_Tab 500mcg,0408010F0AAABAB,2,1.2655999999999974
41,Y02586,Clonazepam_Tab 500mcg,0408010F0AAABAB,1,1.2655999999999974
53,P89012,Clonazepam_Tab 500mcg,0408010F0AAABAB,1,1.2655999999999974
58,P89021,Clonazepam_Tab 500mcg,0408010F0AAABAB,5,1.1864999999999974
59,P89016,Clonazepam_Tab 500mcg,0408010F0AAABAB,3,1.1864999999999974
60,P89015,Clonazepam_Tab 500mcg,0408010F0AAABAB,1,1.1299999999999977
61,C81640,Clonazepam_Tab 500mcg,0408010F0AAABAB,1,1.1299999999999977
201,P89008,Co-Codamol_Cap 8mg/500mg,0407010F0AAABAB,7,1.1200000000000125
202,P89008,Co-Codamol_Cap 8mg/500mg,0407010F0AAABAB,7,1.1200000000000125
144,P89004,Methocarbamol_Tab 750mg,1002020S0AAABAB,3,1.1088000000000038
142,P89008,Methocarbamol_Tab 750mg,1002020S0AAABAB,3,1.1088000000000038
143,P89015,Methocarbamol_Tab 750mg,1002020S0AAABAB,3,1.1088000000000038
62,P89002,Clonazepam_Tab 500mcg,0408010F0AAABAB,7,1.1073999999999977
374,P89005,Amiodarone HCl_Tab 200mg,0203020D0AAABAB,3,1.050000000000001
375,P89012,Amiodarone HCl_Tab 200mg,0203020D0AAABAB,3,1.050000000000001
376,P89003,Amiodarone HCl_Tab 200mg,0203020D0AAABAB,3,1.050000000000001
373,C81106,Amiodarone HCl_Tab 200mg,0203020D0AAABAB,3,1.050000000000001
145,C81081,Methocarbamol_Tab 750mg,1002020S0AAABAB,1,1.0319999999999996
146,P89004,Methocarbamol_Tab 750mg,1002020S0AAABAB,1,0.9631999999999996
147,P89025,Methocarbamol_Tab 750mg,1002020S0AAABAB,1,0.9631999999999996
148,P89002,Methocarbamol_Tab 750mg,1002020S0AAABAB,2,0.9631999999999996
149,P89013,Methocarbamol_Tab 750mg,1002020S0AAABAB,1,0.9631999999999996
150,P89021,Methocarbamol_Tab 750mg,1002020S0AAABAB,1,0.9631999999999996
151,P89014,Methocarbamol_Tab 750mg,1002020S0AAABAB,1,0.9631999999999996
377,P89020,Amiodarone HCl_Tab 200mg,0203020D0AAABAB,1,0.9625000000000008
204,P89003,Co-Codamol_Cap 8mg/500mg,0407010F0AAABAB,6,0.9600000000000108
203,P89003,Co-Codamol_Cap 8mg/500mg,0407010F0AAABAB,6,0.9600000000000108
405,P89003,Valsartan_Tab 40mg,0205052V0AAADAD,1,0.9590000000000001
72,P89007,Clonazepam_Tab 500mcg,0408010F0AAABAB,1,0.949199999999998
64,P89012,Clonazepam_Tab 500mcg,0408010F0AAABAB,3,0.949199999999998
65,P89007,Clonazepam_Tab 500mcg,0408010F0AAABAB,3,0.949199999999998
66,P89013,Clonazepam_Tab 500mcg,0408010F0AAABAB,1,0.949199999999998
68,P89022,Clonazepam_Tab 500mcg,0408010F0AAABAB,1,0.949199999999998
69,C81106,Clonazepam_Tab 500mcg,0408010F0AAABAB,1,0.949199999999998
70,P89020,Clonazepam_Tab 500mcg,0408010F0AAABAB,3,0.949199999999998
71,P89029,Clonazepam_Tab 500mcg,0408010F0AAABAB,1,0.949199999999998
73,P89021,Clonazepam_Tab 500mcg,0408010F0AAABAB,1,0.949199999999998
67,P89030,Clonazepam_Tab 500mcg,0408010F0AAABAB,3,0.949199999999998
63,P89029,Clonazepam_Tab 500mcg,0408010F0AAABAB,4,0.949199999999998
152,P89007,Methocarbamol_Tab 750mg,1002020S0AAABAB,2,0.8599999999999997
153,P89020,Methocarbamol_Tab 750mg,1002020S0AAABAB,2,0.8599999999999997
74,P89011,Clonazepam_Tab 500mcg,0408010F0AAABAB,10,0.7909999999999984
75,P89016,Clonazepam_Tab 500mcg,0408010F0AAABAB,1,0.7909999999999984
154,P89014,Methocarbamol_Tab 750mg,1002020S0AAABAB,2,0.7392000000000025
155,P89016,Methocarbamol_Tab 750mg,1002020S0AAABAB,2,0.7392000000000025
156,P89020,Methocarbamol_Tab 750mg,1002020S0AAABAB,2,0.7392000000000025
157,Y02663,Methocarbamol_Tab 750mg,1002020S0AAABAB,2,0.7392000000000025
158,P89002,Methocarbamol_Tab 750mg,1002020S0AAABAB,3,0.7223999999999997
160,P89612,Methocarbamol_Tab 750mg,1002020S0AAABAB,1,0.7223999999999997
159,P89015,Methocarbamol_Tab 750mg,1002020S0AAABAB,1,0.7223999999999997
381,C81640,Amiodarone HCl_Tab 200mg,0203020D0AAABAB,2,0.7000000000000006
382,P89003,Amiodarone HCl_Tab 200mg,0203020D0AAABAB,1,0.7000000000000006
378,P89007,Amiodarone HCl_Tab 200mg,0203020D0AAABAB,1,0.7000000000000006
384,P89010,Amiodarone HCl_Tab 200mg,0203020D0AAABAB,1,0.7000000000000006
383,P89004,Amiodarone HCl_Tab 200mg,0203020D0AAABAB,1,0.7000000000000006
385,P89030,Amiodarone HCl_Tab 200mg,0203020D0AAABAB,2,0.7000000000000006
386,P89012,Amiodarone HCl_Tab 200mg,0203020D0AAABAB,1,0.7000000000000006
387,P89618,Amiodarone HCl_Tab 200mg,0203020D0AAABAB,2,0.7000000000000006
388,P89020,Amiodarone HCl_Tab 200mg,0203020D0AAABAB,2,0.7000000000000006
389,P89014,Amiodarone HCl_Tab 200mg,0203020D0AAABAB,2,0.7000000000000006
390,P89016,Amiodarone HCl_Tab 200mg,0203020D0AAABAB,1,0.7000000000000006
380,P89022,Amiodarone HCl_Tab 200mg,0203020D0AAABAB,2,0.7000000000000006
379,P89002,Amiodarone HCl_Tab 200mg,0203020D0AAABAB,1,0.7000000000000006
76,P89004,Clonazepam_Tab 500mcg,0408010F0AAABAB,1,0.6779999999999986
78,Y02713,Clonazepam_Tab 500mcg,0408010F0AAABAB,1,0.6779999999999986
77,P89008,Clonazepam_Tab 500mcg,0408010F0AAABAB,1,0.6779999999999986
207,P89002,Co-Codamol_Cap 8mg/500mg,0407010F0AAABAB,2,0.6400000000000072
206,C81640,Co-Codamol_Cap 8mg/500mg,0407010F0AAABAB,2,0.6400000000000072
205,C81640,Co-Codamol_Cap 8mg/500mg,0407010F0AAABAB,2,0.6400000000000072
208,P89002,Co-Codamol_Cap 8mg/500mg,0407010F0AAABAB,2,0.6400000000000072
83,P89010,Clonazepam_Tab 500mcg,0408010F0AAABAB,1,0.6327999999999987
82,P89030,Clonazepam_Tab 500mcg,0408010F0AAABAB,1,0.6327999999999987
86,P89005,Clonazepam_Tab 500mcg,0408010F0AAABAB,1,0.6327999999999987
85,P89008,Clonazepam_Tab 500mcg,0408010F0AAABAB,2,0.6327999999999987
84,P89007,Clonazepam_Tab 500mcg,0408010F0AAABAB,1,0.6327999999999987
79,P89602,Clonazepam_Tab 500mcg,0408010F0AAABAB,1,0.6327999999999987
81,C81640,Clonazepam_Tab 500mcg,0408010F0AAABAB,1,0.6327999999999987
80,P89013,Clonazepam_Tab 500mcg,0408010F0AAABAB,1,0.6327999999999987
161,P89008,Methocarbamol_Tab 750mg,1002020S0AAABAB,3,0.5544000000000019
391,P89012,Amiodarone HCl_Tab 200mg,0203020D0AAABAB,1,0.5292
162,P89008,Methocarbamol_Tab 750mg,1002020S0AAABAB,9,0.5166000000000026
163,Y02713,Methocarbamol_Tab 750mg,1002020S0AAABAB,1,0.5159999999999998
164,P89008,Methocarbamol_Tab 750mg,1002020S0AAABAB,2,0.4815999999999998
165,P89010,Methocarbamol_Tab 750mg,1002020S0AAABAB,1,0.4815999999999998
212,P89021,Co-Codamol_Cap 8mg/500mg,0407010F0AAABAB,3,0.4800000000000054
210,P89026,Co-Codamol_Cap 8mg/500mg,0407010F0AAABAB,3,0.4800000000000054
209,P89020,Co-Codamol_Cap 8mg/500mg,0407010F0AAABAB,3,0.4800000000000054
215,P89020,Co-Codamol_Cap 8mg/500mg,0407010F0AAABAB,3,0.4800000000000054
213,P89021,Co-Codamol_Cap 8mg/500mg,0407010F0AAABAB,3,0.4800000000000054
214,P89026,Co-Codamol_Cap 8mg/500mg,0407010F0AAABAB,3,0.4800000000000054
216,P89004,Co-Codamol_Cap 8mg/500mg,0407010F0AAABAB,3,0.4800000000000054
211,P89004,Co-Codamol_Cap 8mg/500mg,0407010F0AAABAB,3,0.4800000000000054
88,P89008,Clonazepam_Tab 500mcg,0408010F0AAABAB,6,0.474599999999999
87,P89013,Clonazepam_Tab 500mcg,0408010F0AAABAB,1,0.474599999999999
166,P89004,Methocarbamol_Tab 750mg,1002020S0AAABAB,5,0.4620000000000016
167,P89008,Methocarbamol_Tab 750mg,1002020S0AAABAB,2,0.4400000000000015
177,P89026,Methocarbamol_Tab 750mg,1002020S0AAABAB,1,0.4299999999999998
178,P89029,Methocarbamol_Tab 750mg,1002020S0AAABAB,1,0.4299999999999998
174,P89016,Methocarbamol_Tab 750mg,1002020S0AAABAB,1,0.4299999999999998
176,P89012,Methocarbamol_Tab 750mg,1002020S0AAABAB,1,0.4299999999999998
173,P89002,Methocarbamol_Tab 750mg,1002020S0AAABAB,1,0.4299999999999998
168,P89015,Methocarbamol_Tab 750mg,1002020S0AAABAB,1,0.4299999999999998
169,P89003,Methocarbamol_Tab 750mg,1002020S0AAABAB,1,0.4299999999999998
170,P89021,Methocarbamol_Tab 750mg,1002020S0AAABAB,1,0.4299999999999998
171,P89612,Methocarbamol_Tab 750mg,1002020S0AAABAB,1,0.4299999999999998
172,P89011,Methocarbamol_Tab 750mg,1002020S0AAABAB,1,0.4299999999999998
175,P89014,Methocarbamol_Tab 750mg,1002020S0AAABAB,1,0.4299999999999998
217,C81081,Co-Codamol_Cap 8mg/500mg,0407010F0AAABAB,1,0.38400000000000434
218,C81081,Co-Codamol_Cap 8mg/500mg,0407010F0AAABAB,1,0.38400000000000434
182,P89002,Methocarbamol_Tab 750mg,1002020S0AAABAB,4,0.36960000000000126
181,P89020,Methocarbamol_Tab 750mg,1002020S0AAABAB,4,0.36960000000000126
180,P89011,Methocarbamol_Tab 750mg,1002020S0AAABAB,1,0.36960000000000126
179,P89022,Methocarbamol_Tab 750mg,1002020S0AAABAB,1,0.36960000000000126
183,P89021,Methocarbamol_Tab 750mg,1002020S0AAABAB,4,0.36960000000000126
228,P89026,Co-Codamol_Cap 8mg/500mg,0407010F0AAABAB,1,0.35840000000000405
222,P89020,Co-Codamol_Cap 8mg/500mg,0407010F0AAABAB,2,0.35840000000000405
219,Y02713,Co-Codamol_Cap 8mg/500mg,0407010F0AAABAB,2,0.35840000000000405
220,P89005,Co-Codamol_Cap 8mg/500mg,0407010F0AAABAB,1,0.35840000000000405
221,P89026,Co-Codamol_Cap 8mg/500mg,0407010F0AAABAB,1,0.35840000000000405
223,P89020,Co-Codamol_Cap 8mg/500mg,0407010F0AAABAB,2,0.35840000000000405
224,Y02936,Co-Codamol_Cap 8mg/500mg,0407010F0AAABAB,2,0.35840000000000405
226,Y02936,Co-Codamol_Cap 8mg/500mg,0407010F0AAABAB,2,0.35840000000000405
227,Y02713,Co-Codamol_Cap 8mg/500mg,0407010F0AAABAB,2,0.35840000000000405
225,P89005,Co-Codamol_Cap 8mg/500mg,0407010F0AAABAB,1,0.35840000000000405
392,P89018,Amiodarone HCl_Tab 200mg,0203020D0AAABAB,1,0.3500000000000003
399,P89026,Amiodarone HCl_Tab 200mg,0203020D0AAABAB,1,0.3500000000000003
398,Y02663,Amiodarone HCl_Tab 200mg,0203020D0AAABAB,1,0.3500000000000003
397,C81081,Amiodarone HCl_Tab 200mg,0203020D0AAABAB,1,0.3500000000000003
396,P89023,Amiodarone HCl_Tab 200mg,0203020D0AAABAB,1,0.3500000000000003
395,P89025,Amiodarone HCl_Tab 200mg,0203020D0AAABAB,1,0.3500000000000003
394,P89029,Amiodarone HCl_Tab 200mg,0203020D0AAABAB,1,0.3500000000000003
393,P89609,Amiodarone HCl_Tab 200mg,0203020D0AAABAB,1,0.3500000000000003
89,C81081,Clonazepam_Tab 500mcg,0408010F0AAABAB,1,0.3334999999999987
244,C81640,Co-Codamol_Cap 8mg/500mg,0407010F0AAABAB,2,0.3200000000000036
242,P89010,Co-Codamol_Cap 8mg/500mg,0407010F0AAABAB,1,0.3200000000000036
241,P89030,Co-Codamol_Cap 8mg/500mg,0407010F0AAABAB,1,0.3200000000000036
240,C81640,Co-Codamol_Cap 8mg/500mg,0407010F0AAABAB,2,0.3200000000000036
239,P89008,Co-Codamol_Cap 8mg/500mg,0407010F0AAABAB,1,0.3200000000000036
238,Y02713,Co-Codamol_Cap 8mg/500mg,0407010F0AAABAB,2,0.3200000000000036
237,P89030,Co-Codamol_Cap 8mg/500mg,0407010F0AAABAB,1,0.3200000000000036
236,C81081,Co-Codamol_Cap 8mg/500mg,0407010F0AAABAB,2,0.3200000000000036
235,P89008,Co-Codamol_Cap 8mg/500mg,0407010F0AAABAB,1,0.3200000000000036
234,P89003,Co-Codamol_Cap 8mg/500mg,0407010F0AAABAB,1,0.3200000000000036
233,P89026,Co-Codamol_Cap 8mg/500mg,0407010F0AAABAB,1,0.3200000000000036
232,C81081,Co-Codamol_Cap 8mg/500mg,0407010F0AAABAB,2,0.3200000000000036
231,P89026,Co-Codamol_Cap 8mg/500mg,0407010F0AAABAB,1,0.3200000000000036
230,Y02713,Co-Codamol_Cap 8mg/500mg,0407010F0AAABAB,2,0.3200000000000036
229,P89003,Co-Codamol_Cap 8mg/500mg,0407010F0AAABAB,1,0.3200000000000036
243,P89010,Co-Codamol_Cap 8mg/500mg,0407010F0AAABAB,1,0.3200000000000036
103,P89015,Clonazepam_Tab 500mcg,0408010F0AAABAB,2,0.31639999999999935
96,P89018,Clonazepam_Tab 500mcg,0408010F0AAABAB,1,0.31639999999999935
102,P89026,Clonazepam_Tab 500mcg,0408010F0AAABAB,4,0.31639999999999935
101,P89021,Clonazepam_Tab 500mcg,0408010F0AAABAB,2,0.31639999999999935
100,Y02586,Clonazepam_Tab 500mcg,0408010F0AAABAB,1,0.31639999999999935
99,P89015,Clonazepam_Tab 500mcg,0408010F0AAABAB,4,0.31639999999999935
98,P89010,Clonazepam_Tab 500mcg,0408010F0AAABAB,1,0.31639999999999935
97,P89004,Clonazepam_Tab 500mcg,0408010F0AAABAB,1,0.31639999999999935
104,P89007,Clonazepam_Tab 500mcg,0408010F0AAABAB,2,0.31639999999999935
90,Y02936,Clonazepam_Tab 500mcg,0408010F0AAABAB,4,0.31639999999999935
95,Y02663,Clonazepam_Tab 500mcg,0408010F0AAABAB,4,0.31639999999999935
94,C81077,Clonazepam_Tab 500mcg,0408010F0AAABAB,1,0.31639999999999935
93,Y02713,Clonazepam_Tab 500mcg,0408010F0AAABAB,1,0.31639999999999935
92,P89029,Clonazepam_Tab 500mcg,0408010F0AAABAB,1,0.31639999999999935
91,C81660,Clonazepam_Tab 500mcg,0408010F0AAABAB,1,0.31639999999999935
246,P89020,Co-Codamol_Cap 8mg/500mg,0407010F0AAABAB,1,0.28800000000000325
245,P89020,Co-Codamol_Cap 8mg/500mg,0407010F0AAABAB,1,0.28800000000000325
105,P89021,Clonazepam_Tab 500mcg,0408010F0AAABAB,2,0.2859999999999988
106,P89021,Clonazepam_Tab 500mcg,0408010F0AAABAB,2,0.2735999999999992
247,P89020,Co-Codamol_Cap 8mg/500mg,0407010F0AAABAB,1,0.26880000000000304
248,C81106,Co-Codamol_Cap 8mg/500mg,0407010F0AAABAB,1,0.26880000000000304
249,P89015,Co-Codamol_Cap 8mg/500mg,0407010F0AAABAB,1,0.26880000000000304
250,C81106,Co-Codamol_Cap 8mg/500mg,0407010F0AAABAB,1,0.26880000000000304
251,P89020,Co-Codamol_Cap 8mg/500mg,0407010F0AAABAB,1,0.26880000000000304
252,P89015,Co-Codamol_Cap 8mg/500mg,0407010F0AAABAB,1,0.26880000000000304
184,P89015,Methocarbamol_Tab 750mg,1002020S0AAABAB,1,0.25200000000000056
185,P89026,Methocarbamol_Tab 750mg,1002020S0AAABAB,1,0.25200000000000056
186,P89014,Methocarbamol_Tab 750mg,1002020S0AAABAB,2,0.2520000000000002
187,P89014,Methocarbamol_Tab 750mg,1002020S0AAABAB,1,0.2407999999999999
189,P89020,Methocarbamol_Tab 750mg,1002020S0AAABAB,1,0.2407999999999999
188,P89609,Methocarbamol_Tab 750mg,1002020S0AAABAB,1,0.2407999999999999
253,P89012,Co-Codamol_Cap 8mg/500mg,0407010F0AAABAB,1,0.2400000000000027
254,P89012,Co-Codamol_Cap 8mg/500mg,0407010F0AAABAB,1,0.2400000000000027
107,P89004,Clonazepam_Tab 500mcg,0408010F0AAABAB,1,0.2372999999999995
255,P89008,Co-Codamol_Cap 8mg/500mg,0407010F0AAABAB,1,0.22400000000000253
256,P89008,Co-Codamol_Cap 8mg/500mg,0407010F0AAABAB,1,0.22400000000000253
192,P89613,Methocarbamol_Tab 750mg,1002020S0AAABAB,1,0.22000000000000075
191,P89609,Methocarbamol_Tab 750mg,1002020S0AAABAB,1,0.22000000000000075
190,P89014,Methocarbamol_Tab 750mg,1002020S0AAABAB,1,0.22000000000000075
260,P89029,Co-Codamol_Cap 8mg/500mg,0407010F0AAABAB,1,0.17920000000000202
262,P89021,Co-Codamol_Cap 8mg/500mg,0407010F0AAABAB,1,0.17920000000000202
261,P89013,Co-Codamol_Cap 8mg/500mg,0407010F0AAABAB,4,0.17920000000000202
259,P89013,Co-Codamol_Cap 8mg/500mg,0407010F0AAABAB,4,0.17920000000000202
258,P89021,Co-Codamol_Cap 8mg/500mg,0407010F0AAABAB,1,0.17920000000000202
257,P89029,Co-Codamol_Cap 8mg/500mg,0407010F0AAABAB,1,0.17920000000000202
400,P89022,Amiodarone HCl_Tab 200mg,0203020D0AAABAB,1,0.17920000000000008
277,P89007,Co-Codamol_Cap 8mg/500mg,0407010F0AAABAB,1,0.1600000000000018
280,P89011,Co-Codamol_Cap 8mg/500mg,0407010F0AAABAB,1,0.1600000000000018
279,P89030,Co-Codamol_Cap 8mg/500mg,0407010F0AAABAB,1,0.1600000000000018
278,P89002,Co-Codamol_Cap 8mg/500mg,0407010F0AAABAB,1,0.1600000000000018
276,C81106,Co-Codamol_Cap 8mg/500mg,0407010F0AAABAB,1,0.1600000000000018
275,C81077,Co-Codamol_Cap 8mg/500mg,0407010F0AAABAB,1,0.1600000000000018
274,P89011,Co-Codamol_Cap 8mg/500mg,0407010F0AAABAB,1,0.1600000000000018
263,P89007,Co-Codamol_Cap 8mg/500mg,0407010F0AAABAB,1,0.1600000000000018
264,C81077,Co-Codamol_Cap 8mg/500mg,0407010F0AAABAB,1,0.1600000000000018
265,P89014,Co-Codamol_Cap 8mg/500mg,0407010F0AAABAB,1,0.1600000000000018
266,P89013,Co-Codamol_Cap 8mg/500mg,0407010F0AAABAB,1,0.1600000000000018
267,P89002,Co-Codamol_Cap 8mg/500mg,0407010F0AAABAB,1,0.1600000000000018
268,P89013,Co-Codamol_Cap 8mg/500mg,0407010F0AAABAB,1,0.1600000000000018
269,P89030,Co-Codamol_Cap 8mg/500mg,0407010F0AAABAB,1,0.1600000000000018
270,C81106,Co-Codamol_Cap 8mg/500mg,0407010F0AAABAB,1,0.1600000000000018
271,P89016,Co-Codamol_Cap 8mg/500mg,0407010F0AAABAB,1,0.1600000000000018
273,P89016,Co-Codamol_Cap 8mg/500mg,0407010F0AAABAB,1,0.1600000000000018
272,P89014,Co-Codamol_Cap 8mg/500mg,0407010F0AAABAB,1,0.1600000000000018
110,C81660,Clonazepam_Tab 500mcg,0408010F0AAABAB,1,0.15819999999999967
111,Y02586,Clonazepam_Tab 500mcg,0408010F0AAABAB,1,0.15819999999999967
109,Y02663,Clonazepam_Tab 500mcg,0408010F0AAABAB,1,0.15819999999999967
108,P89013,Clonazepam_Tab 500mcg,0408010F0AAABAB,1,0.15819999999999967
284,P89008,Co-Codamol_Cap 8mg/500mg,0407010F0AAABAB,1,0.13440000000000152
281,P89008,Co-Codamol_Cap 8mg/500mg,0407010F0AAABAB,1,0.13440000000000152
282,P89012,Co-Codamol_Cap 8mg/500mg,0407010F0AAABAB,3,0.13440000000000152
283,P89012,Co-Codamol_Cap 8mg/500mg,0407010F0AAABAB,3,0.13440000000000152
193,Y02018,Methocarbamol_Tab 750mg,1002020S0AAABAB,1,0.13200000000000045
198,Y02018,Methocarbamol_Tab 750mg,1002020S0AAABAB,1,0.1260000000000001
195,P89010,Methocarbamol_Tab 750mg,1002020S0AAABAB,1,0.1260000000000001
194,P89023,Methocarbamol_Tab 750mg,1002020S0AAABAB,1,0.1260000000000001
196,P89020,Methocarbamol_Tab 750mg,1002020S0AAABAB,1,0.1260000000000001
197,C81106,Methocarbamol_Tab 750mg,1002020S0AAABAB,1,0.1260000000000001
286,P89020,Co-Codamol_Cap 8mg/500mg,0407010F0AAABAB,1,0.10240000000000116
287,P89020,Co-Codamol_Cap 8mg/500mg,0407010F0AAABAB,1,0.10240000000000116
288,C81081,Co-Codamol_Cap 8mg/500mg,0407010F0AAABAB,1,0.10240000000000116
285,C81081,Co-Codamol_Cap 8mg/500mg,0407010F0AAABAB,1,0.10240000000000116
289,P89014,Co-Codamol_Cap 8mg/500mg,0407010F0AAABAB,1,0.09600000000000108
290,P89014,Co-Codamol_Cap 8mg/500mg,0407010F0AAABAB,1,0.09600000000000108
199,P89015,Methocarbamol_Tab 750mg,1002020S0AAABAB,1,0.09240000000000032
298,P89002,Hydroxychlor Sulf_Tab 200mg,1001030C0AAAAAA,16,0.08960000000000257
292,C81106,Co-Codamol_Cap 8mg/500mg,0407010F0AAABAB,1,0.08960000000000101
291,C81106,Co-Codamol_Cap 8mg/500mg,0407010F0AAABAB,1,0.08960000000000101
294,P89613,Co-Codamol_Cap 8mg/500mg,0407010F0AAABAB,1,0.08500000000000035
293,P89613,Co-Codamol_Cap 8mg/500mg,0407010F0AAABAB,1,0.08500000000000035
112,P89002,Clonazepam_Tab 500mcg,0408010F0AAABAB,1,0.07909999999999984
299,C81081,Hydroxychlor Sulf_Tab 200mg,1001030C0AAAAAA,11,0.061600000000001764
113,P89016,Clonazepam_Tab 500mcg,0408010F0AAABAB,1,0.057999999999999996
295,P89008,Co-Codamol_Cap 8mg/500mg,0407010F0AAABAB,1,0.05120000000000058
296,P89008,Co-Codamol_Cap 8mg/500mg,0407010F0AAABAB,1,0.05120000000000058
300,P89008,Hydroxychlor Sulf_Tab 200mg,1001030C0AAAAAA,9,0.050400000000001444
301,P89021,Hydroxychlor Sulf_Tab 200mg,1001030C0AAAAAA,8,0.04480000000000128
302,P89602,Hydroxychlor Sulf_Tab 200mg,1001030C0AAAAAA,7,0.03920000000000112
303,P89014,Hydroxychlor Sulf_Tab 200mg,1001030C0AAAAAA,7,0.03920000000000112
304,P89015,Hydroxychlor Sulf_Tab 200mg,1001030C0AAAAAA,13,0.03640000000000104
305,P89008,Hydroxychlor Sulf_Tab 200mg,1001030C0AAAAAA,12,0.03360000000000096
306,P89015,Hydroxychlor Sulf_Tab 200mg,1001030C0AAAAAA,5,0.028000000000000802
307,P89018,Hydroxychlor Sulf_Tab 200mg,1001030C0AAAAAA,5,0.028000000000000802
308,P89010,Hydroxychlor Sulf_Tab 200mg,1001030C0AAAAAA,5,0.028000000000000802
309,P89005,Hydroxychlor Sulf_Tab 200mg,1001030C0AAAAAA,5,0.028000000000000802
126,P89026,Letrozole_Tab 2.5mg,0803041L0AAAAAA,5,0.024500000000000216
312,P89012,Hydroxychlor Sulf_Tab 200mg,1001030C0AAAAAA,4,0.02240000000000064
313,P89020,Hydroxychlor Sulf_Tab 200mg,1001030C0AAAAAA,4,0.02240000000000064
311,P89011,Hydroxychlor Sulf_Tab 200mg,1001030C0AAAAAA,4,0.02240000000000064
314,P89003,Hydroxychlor Sulf_Tab 200mg,1001030C0AAAAAA,4,0.02240000000000064
310,P89022,Hydroxychlor Sulf_Tab 200mg,1001030C0AAAAAA,4,0.02240000000000064
114,Y02018,Clonazepam_Tab 500mcg,0408010F0AAABAB,1,0.021199999999999997
316,C81081,Hydroxychlor Sulf_Tab 200mg,1001030C0AAAAAA,7,0.01960000000000056
315,P89010,Hydroxychlor Sulf_Tab 200mg,1001030C0AAAAAA,7,0.01960000000000056
323,P89014,Hydroxychlor Sulf_Tab 200mg,1001030C0AAAAAA,6,0.01680000000000048
322,P89023,Hydroxychlor Sulf_Tab 200mg,1001030C0AAAAAA,6,0.01680000000000048
321,P89013,Hydroxychlor Sulf_Tab 200mg,1001030C0AAAAAA,3,0.01680000000000048
320,P89002,Hydroxychlor Sulf_Tab 200mg,1001030C0AAAAAA,6,0.01680000000000048
319,P89007,Hydroxychlor Sulf_Tab 200mg,1001030C0AAAAAA,3,0.01680000000000048
318,P89021,Hydroxychlor Sulf_Tab 200mg,1001030C0AAAAAA,6,0.01680000000000048
317,P89012,Hydroxychlor Sulf_Tab 200mg,1001030C0AAAAAA,6,0.01680000000000048
127,Y02713,Letrozole_Tab 2.5mg,0803041L0AAAAAA,3,0.01470000000000013
324,P89020,Hydroxychlor Sulf_Tab 200mg,1001030C0AAAAAA,5,0.014000000000000401
325,C81660,Hydroxychlor Sulf_Tab 200mg,1001030C0AAAAAA,2,0.01120000000000032
332,P89029,Hydroxychlor Sulf_Tab 200mg,1001030C0AAAAAA,2,0.01120000000000032
330,P89016,Hydroxychlor Sulf_Tab 200mg,1001030C0AAAAAA,2,0.01120000000000032
331,Y02586,Hydroxychlor Sulf_Tab 200mg,1001030C0AAAAAA,2,0.01120000000000032
326,P89004,Hydroxychlor Sulf_Tab 200mg,1001030C0AAAAAA,2,0.01120000000000032
327,P89013,Hydroxychlor Sulf_Tab 200mg,1001030C0AAAAAA,4,0.01120000000000032
328,P89026,Hydroxychlor Sulf_Tab 200mg,1001030C0AAAAAA,2,0.01120000000000032
329,P89004,Hydroxychlor Sulf_Tab 200mg,1001030C0AAAAAA,4,0.01120000000000032
333,P89015,Hydroxychlor Sulf_Tab 200mg,1001030C0AAAAAA,4,0.011199999999999932
128,P89602,Letrozole_Tab 2.5mg,0803041L0AAAAAA,2,0.009800000000000086
14,Y02936,Mesalazine_Tab E/C 800mg,0105010B0AAASAS,2,0.008400000000003738
340,P89003,Hydroxychlor Sulf_Tab 200mg,1001030C0AAAAAA,3,0.00840000000000024
334,P89016,Hydroxychlor Sulf_Tab 200mg,1001030C0AAAAAA,3,0.00840000000000024
335,P89026,Hydroxychlor Sulf_Tab 200mg,1001030C0AAAAAA,3,0.00840000000000024
336,P89011,Hydroxychlor Sulf_Tab 200mg,1001030C0AAAAAA,3,0.00840000000000024
337,C81660,Hydroxychlor Sulf_Tab 200mg,1001030C0AAAAAA,3,0.00840000000000024
338,C81106,Hydroxychlor Sulf_Tab 200mg,1001030C0AAAAAA,3,0.00840000000000024
339,P89029,Hydroxychlor Sulf_Tab 200mg,1001030C0AAAAAA,3,0.00840000000000024
342,P89030,Hydroxychlor Sulf_Tab 200mg,1001030C0AAAAAA,1,0.00560000000000016
351,P89609,Hydroxychlor Sulf_Tab 200mg,1001030C0AAAAAA,1,0.00560000000000016
344,C81615,Hydroxychlor Sulf_Tab 200mg,1001030C0AAAAAA,2,0.00560000000000016
343,P89005,Hydroxychlor Sulf_Tab 200mg,1001030C0AAAAAA,2,0.00560000000000016
341,C81640,Hydroxychlor Sulf_Tab 200mg,1001030C0AAAAAA,2,0.00560000000000016
345,P89023,Hydroxychlor Sulf_Tab 200mg,1001030C0AAAAAA,1,0.00560000000000016
346,C81106,Hydroxychlor Sulf_Tab 200mg,1001030C0AAAAAA,1,0.00560000000000016
350,P89025,Hydroxychlor Sulf_Tab 200mg,1001030C0AAAAAA,1,0.00560000000000016
347,P89025,Hydroxychlor Sulf_Tab 200mg,1001030C0AAAAAA,2,0.00560000000000016
348,P89609,Hydroxychlor Sulf_Tab 200mg,1001030C0AAAAAA,2,0.00560000000000016
349,Y02663,Hydroxychlor Sulf_Tab 200mg,1001030C0AAAAAA,2,0.00560000000000016
129,C81615,Letrozole_Tab 2.5mg,0803041L0AAAAAA,1,0.004900000000000043
352,P89003,Hydroxychlor Sulf_Tab 200mg,1001030C0AAAAAA,1,0.004500000000000129
357,P89022,Hydroxychlor Sulf_Tab 200mg,1001030C0AAAAAA,1,0.00280000000000008
356,C81077,Hydroxychlor Sulf_Tab 200mg,1001030C0AAAAAA,1,0.00280000000000008
355,P89007,Hydroxychlor Sulf_Tab 200mg,1001030C0AAAAAA,1,0.00280000000000008
354,P89018,Hydroxychlor Sulf_Tab 200mg,1001030C0AAAAAA,1,0.00280000000000008
353,Y02586,Hydroxychlor Sulf_Tab 200mg,1001030C0AAAAAA,1,0.00280000000000008
130,P89010,Letrozole_Tab 2.5mg,0803041L0AAAAAA,1,-0.0012000000000000344
358,P89013,Hydroxychlor Sulf_Tab 200mg,1001030C0AAAAAA,1,-0.002399999999999902
362,P89013,Hydroxychlor Sulf_Tab 200mg,1001030C0AAAAAA,1,-0.004199999999999926
360,C81615,Hydroxychlor Sulf_Tab 200mg,1001030C0AAAAAA,1,-0.004199999999999926
361,C81081,Hydroxychlor Sulf_Tab 200mg,1001030C0AAAAAA,1,-0.004199999999999926
359,P89005,Hydroxychlor Sulf_Tab 200mg,1001030C0AAAAAA,1,-0.004199999999999926
363,P89014,Hydroxychlor Sulf_Tab 200mg,1001030C0AAAAAA,1,-0.004199999999999926
131,P89012,Letrozole_Tab 2.5mg,0803041L0AAAAAA,1,-0.004400000000000126
364,P89021,Hydroxychlor Sulf_Tab 200mg,1001030C0AAAAAA,1,-0.004799999999999804
365,P89010,Hydroxychlor Sulf_Tab 200mg,1001030C0AAAAAA,4,-0.016799999999999704
366,P89015,Hydroxychlor Sulf_Tab 200mg,1001030C0AAAAAA,7,-0.029399999999999482
122,P89609,Mesalazine_Tab E/C 400mg,0105010B0AAAAAA,1,-17.112
15,P89004,Mesalazine_Tab E/C 800mg,0105010B0AAASAS,2,-17.219999999999988
16,P89007,Mesalazine_Tab E/C 800mg,0105010B0AAASAS,1,-22.959999999999994
123,P89012,Mesalazine_Tab E/C 400mg,0105010B0AAAAAA,2,-31.942399999999996
124,P89016,Mesalazine_Tab E/C 400mg,0105010B0AAAAAA,2,-34.22399999999999
17,P89016,Mesalazine_Tab E/C 800mg,0105010B0AAASAS,1,-34.43999999999999
18,P89612,Mesalazine_Tab E/C 800mg,0105010B0AAASAS,1,-36.89999999999999
19,P89030,Mesalazine_Tab E/C 800mg,0105010B0AAASAS,2,-68.87999999999998
20,P89020,Mesalazine_Tab E/C 800mg,0105010B0AAASAS,2,-73.79999999999998
