,practice_code,bnf_description,bnf_code,items,excess_cost
0,F81074,Atorvastatin_Tab 20mg,0212000B0AAABAB,51,676.0152
484,F81100,Gabapentin_Cap 300mg,0408010G0AAABAB,3,294.72
324,F81100,Pregabalin_Cap 50mg,0408010AEAAABAB,8,256.8384
1,F81074,Atorvastatin_Tab 20mg,0212000B0AAABAB,64,202.85440000000003
325,Y05023,Pregabalin_Cap 50mg,0408010AEAAABAB,3,180.8856
2,F81173,Atorvastatin_Tab 20mg,0212000B0AAABAB,208,136.864
305,F81105,Memantine HCl_Tab 20mg,0411000G0AAADAD,10,127.792
306,F81014,Memantine HCl_Tab 20mg,0411000G0AAADAD,9,127.7892
3,F81014,Atorvastatin_Tab 20mg,0212000B0AAABAB,353,112.6776
4,Y00589,Atorvastatin_Tab 20mg,0212000B0AAABAB,91,90.1992
5,F81100,Atorvastatin_Tab 20mg,0212000B0AAABAB,644,90.16000000000008
907,F81071,Atorvastatin_Tab 40mg,0212000B0AAACAC,32,89.0624
875,Y00589,Losartan Pot_Tab 100mg,0205052N0AAADAD,41,88.396
416,F81057,Atorvastatin_Tab 10mg,0212000B0AAAAAA,24,69.75359999999999
6,F81149,Atorvastatin_Tab 20mg,0212000B0AAABAB,404,67.87200000000006
7,F81071,Atorvastatin_Tab 20mg,0212000B0AAABAB,97,67.62840000000001
908,F81014,Atorvastatin_Tab 40mg,0212000B0AAACAC,232,66.90880000000003
307,F81068,Memantine HCl_Tab 20mg,0411000G0AAADAD,12,63.9072
308,F81083,Memantine HCl_Tab 20mg,0411000G0AAADAD,2,63.9016
309,F81057,Memantine HCl_Tab 20mg,0411000G0AAADAD,1,63.89880000000001
310,F81119,Memantine HCl_Tab 20mg,0411000G0AAADAD,3,63.898799999999994
311,F81100,Memantine HCl_Tab 20mg,0411000G0AAADAD,3,63.898799999999994
609,F81170,Losartan Pot_Tab 25mg,0205052N0AAAAAA,10,61.879999999999995
326,F81076,Pregabalin_Cap 50mg,0408010AEAAABAB,3,57.0864
909,F81173,Atorvastatin_Tab 40mg,0212000B0AAACAC,244,47.14080000000002
417,F81014,Atorvastatin_Tab 10mg,0212000B0AAAAAA,10,46.536
418,Y02611,Atorvastatin_Tab 10mg,0212000B0AAAAAA,7,46.5304
610,F81100,Losartan Pot_Tab 25mg,0205052N0AAAAAA,109,46.39039999999999
611,F81068,Losartan Pot_Tab 25mg,0205052N0AAAAAA,46,46.368
8,F81057,Atorvastatin_Tab 20mg,0212000B0AAABAB,121,45.39920000000003
9,F81071,Atorvastatin_Tab 20mg,0212000B0AAABAB,93,45.309599999999996
10,F81170,Atorvastatin_Tab 20mg,0212000B0AAABAB,80,45.248000000000005
33,F81100,Paracet_Tab 500mg,0407010H0AAAMAM,24,45.15840000000001
34,F81100,Paracet_Tab 500mg,0407010H0AAAMAM,24,45.15840000000001
11,Y02611,Atorvastatin_Tab 20mg,0212000B0AAABAB,81,45.1332
12,Y05023,Atorvastatin_Tab 20mg,0212000B0AAABAB,115,45.08000000000002
13,F81117,Atorvastatin_Tab 20mg,0212000B0AAABAB,287,45.00160000000006
14,F81721,Atorvastatin_Tab 20mg,0212000B0AAABAB,78,44.990400000000015
910,Y00589,Atorvastatin_Tab 40mg,0212000B0AAACAC,76,44.68800000000001
876,F81100,Losartan Pot_Tab 100mg,0205052N0AAADAD,163,42.901599999999995
15,F81087,Atorvastatin_Tab 20mg,0212000B0AAABAB,15,39.417
36,F81721,Paracet_Tab 500mg,0407010H0AAAMAM,44,35.2
35,F81721,Paracet_Tab 500mg,0407010H0AAAMAM,44,35.2
419,F81068,Atorvastatin_Tab 10mg,0212000B0AAAAAA,106,34.72560000000001
312,F81020,Memantine HCl_Tab 20mg,0411000G0AAADAD,7,31.9725
612,F81014,Losartan Pot_Tab 25mg,0205052N0AAAAAA,5,30.939999999999998
613,F81127,Losartan Pot_Tab 25mg,0205052N0AAAAAA,7,30.9288
614,F81721,Losartan Pot_Tab 25mg,0205052N0AAAAAA,8,30.912000000000003
615,F81087,Losartan Pot_Tab 25mg,0205052N0AAAAAA,72,30.844800000000003
37,F81721,Paracet_Tab 500mg,0407010H0AAAMAM,8,30.240000000000006
38,F81721,Paracet_Tab 500mg,0407010H0AAAMAM,8,30.240000000000006
877,F81087,Losartan Pot_Tab 100mg,0205052N0AAADAD,156,29.7024
878,F81149,Losartan Pot_Tab 100mg,0205052N0AAADAD,108,29.635199999999987
879,F81721,Losartan Pot_Tab 100mg,0205052N0AAADAD,27,29.483999999999995
880,F81173,Losartan Pot_Tab 100mg,0205052N0AAADAD,44,29.444799999999997
420,F81173,Atorvastatin_Tab 10mg,0212000B0AAAAAA,78,23.368800000000004
16,F81105,Atorvastatin_Tab 20mg,0212000B0AAABAB,462,23.28480000000004
421,F81014,Atorvastatin_Tab 10mg,0212000B0AAAAAA,99,23.284799999999994
422,F81105,Atorvastatin_Tab 10mg,0212000B0AAAAAA,259,23.20640000000001
423,Y00589,Atorvastatin_Tab 10mg,0212000B0AAAAAA,45,23.184
424,F81100,Atorvastatin_Tab 10mg,0212000B0AAAAAA,280,22.735999999999997
17,F81130,Atorvastatin_Tab 20mg,0212000B0AAABAB,159,22.7052
18,F81119,Atorvastatin_Tab 20mg,0212000B0AAABAB,193,22.696800000000014
19,F81635,Atorvastatin_Tab 20mg,0212000B0AAABAB,73,22.688400000000012
20,F81721,Atorvastatin_Tab 20mg,0212000B0AAABAB,105,22.638000000000016
21,F81011,Atorvastatin_Tab 20mg,0212000B0AAABAB,122,22.545600000000007
22,F81074,Atorvastatin_Tab 20mg,0212000B0AAABAB,28,22.520400000000002
23,F81087,Atorvastatin_Tab 20mg,0212000B0AAABAB,616,22.422400000000042
911,F81105,Atorvastatin_Tab 40mg,0212000B0AAACAC,306,22.276800000000044
912,Y05023,Atorvastatin_Tab 40mg,0212000B0AAACAC,63,22.226400000000012
913,F81149,Atorvastatin_Tab 40mg,0212000B0AAACAC,193,22.156399999999998
485,F81193,Gabapentin_Cap 300mg,0408010G0AAABAB,1,22.020000000000003
486,F81183,Gabapentin_Cap 300mg,0408010G0AAABAB,2,17.5168
487,F81068,Gabapentin_Cap 300mg,0408010G0AAABAB,5,17.5
616,F81014,Losartan Pot_Tab 25mg,0205052N0AAAAAA,29,17.052
488,F81100,Gabapentin_Cap 300mg,0408010G0AAABAB,6,15.659999999999998
617,F81721,Losartan Pot_Tab 25mg,0205052N0AAAAAA,18,15.4728
618,Y05023,Losartan Pot_Tab 25mg,0205052N0AAAAAA,8,15.456000000000001
619,F81117,Losartan Pot_Tab 25mg,0205052N0AAAAAA,37,15.436400000000004
620,F81149,Losartan Pot_Tab 25mg,0205052N0AAAAAA,43,15.4112
881,F81030,Losartan Pot_Tab 100mg,0205052N0AAADAD,167,14.963200000000008
882,F81126,Losartan Pot_Tab 100mg,0205052N0AAADAD,49,14.817599999999995
883,F81057,Losartan Pot_Tab 100mg,0205052N0AAADAD,19,14.736399999999998
884,F81665,Losartan Pot_Tab 100mg,0205052N0AAADAD,1,14.722399999999999
885,F81665,Losartan Pot_Tab 100mg,0205052N0AAADAD,17,11.995199999999993
39,F81635,Paracet_Tab 500mg,0407010H0AAAMAM,8,11.92
40,F81635,Paracet_Tab 500mg,0407010H0AAAMAM,8,11.92
425,F81130,Atorvastatin_Tab 10mg,0212000B0AAAAAA,62,11.631199999999996
426,F81087,Atorvastatin_Tab 10mg,0212000B0AAAAAA,415,11.62000000000001
427,F81170,Atorvastatin_Tab 10mg,0212000B0AAAAAA,50,11.620000000000003
428,F81057,Atorvastatin_Tab 10mg,0212000B0AAAAAA,29,11.611600000000001
429,F81074,Atorvastatin_Tab 10mg,0212000B0AAAAAA,19,11.5976
41,F81030,Paracet_Tab 500mg,0407010H0AAAMAM,27,11.491200000000015
42,F81030,Paracet_Tab 500mg,0407010H0AAAMAM,27,11.491200000000015
430,F81114,Atorvastatin_Tab 10mg,0212000B0AAAAAA,114,11.491199999999997
431,F81149,Atorvastatin_Tab 10mg,0212000B0AAAAAA,91,11.466000000000001
44,Y02611,Paracet_Tab 500mg,0407010H0AAAMAM,12,11.289600000000007
43,Y02611,Paracet_Tab 500mg,0407010H0AAAMAM,12,11.289600000000007
47,F81127,Paracet_Tab 500mg,0407010H0AAAMAM,2,11.289600000000002
48,F81127,Paracet_Tab 500mg,0407010H0AAAMAM,2,11.289600000000002
46,F81126,Paracet_Tab 500mg,0407010H0AAAMAM,7,11.289600000000002
45,F81126,Paracet_Tab 500mg,0407010H0AAAMAM,7,11.289600000000002
24,F81074,Atorvastatin_Tab 20mg,0212000B0AAABAB,2,11.270000000000001
49,F81068,Paracet_Tab 500mg,0407010H0AAAMAM,102,11.220000000000002
50,F81068,Paracet_Tab 500mg,0407010H0AAAMAM,102,11.220000000000002
52,F81022,Paracet_Tab 500mg,0407010H0AAAMAM,104,10.40000000000001
51,F81022,Paracet_Tab 500mg,0407010H0AAAMAM,104,10.40000000000001
54,F81127,Paracet_Tab 500mg,0407010H0AAAMAM,34,10.20000000000001
53,F81127,Paracet_Tab 500mg,0407010H0AAAMAM,34,10.20000000000001
55,F81114,Paracet_Tab 500mg,0407010H0AAAMAM,17,10.199999999999998
56,F81114,Paracet_Tab 500mg,0407010H0AAAMAM,17,10.199999999999998
57,F81127,Paracet_Tab 500mg,0407010H0AAAMAM,63,10.080000000000005
58,F81127,Paracet_Tab 500mg,0407010H0AAAMAM,63,10.080000000000005
59,F81030,Paracet_Tab 500mg,0407010H0AAAMAM,28,10.079999999999997
60,F81030,Paracet_Tab 500mg,0407010H0AAAMAM,28,10.079999999999997
61,F81183,Paracet_Tab 500mg,0407010H0AAAMAM,10,10.000000000000002
62,F81183,Paracet_Tab 500mg,0407010H0AAAMAM,10,10.000000000000002
63,F81068,Paracet_Tab 500mg,0407010H0AAAMAM,46,9.200000000000008
64,F81068,Paracet_Tab 500mg,0407010H0AAAMAM,46,9.200000000000008
66,F81665,Paracet_Tab 500mg,0407010H0AAAMAM,9,8.820000000000002
65,F81665,Paracet_Tab 500mg,0407010H0AAAMAM,9,8.820000000000002
644,F81014,Clonazepam_Tab 500mcg,0408010F0AAABAB,10,6.327999999999987
68,F81683,Paracet_Tab 500mg,0407010H0AAAMAM,54,5.940000000000001
67,F81683,Paracet_Tab 500mg,0407010H0AAAMAM,54,5.940000000000001
70,F81099,Paracet_Tab 500mg,0407010H0AAAMAM,97,5.8199999999999985
69,F81099,Paracet_Tab 500mg,0407010H0AAAMAM,97,5.8199999999999985
645,F81132,Clonazepam_Tab 500mcg,0408010F0AAABAB,6,5.695199999999988
646,F81683,Clonazepam_Tab 500mcg,0408010F0AAABAB,5,5.649999999999988
71,F81119,Paracet_Tab 500mg,0407010H0AAAMAM,26,5.241600000000009
72,F81119,Paracet_Tab 500mg,0407010H0AAAMAM,26,5.241600000000009
73,F81087,Paracet_Tab 500mg,0407010H0AAAMAM,174,5.220000000000029
74,F81087,Paracet_Tab 500mg,0407010H0AAAMAM,174,5.220000000000029
75,F81170,Paracet_Tab 500mg,0407010H0AAAMAM,13,5.070000000000001
76,F81170,Paracet_Tab 500mg,0407010H0AAAMAM,13,5.070000000000001
653,F81132,Clonazepam_Tab 500mcg,0408010F0AAABAB,16,5.06239999999999
651,F81083,Clonazepam_Tab 500mcg,0408010F0AAABAB,8,5.06239999999999
652,F81014,Clonazepam_Tab 500mcg,0408010F0AAABAB,2,5.06239999999999
647,F81100,Clonazepam_Tab 500mcg,0408010F0AAABAB,8,5.06239999999999
648,F81100,Clonazepam_Tab 500mcg,0408010F0AAABAB,4,5.06239999999999
649,F81074,Clonazepam_Tab 500mcg,0408010F0AAABAB,4,5.06239999999999
650,F81071,Clonazepam_Tab 500mcg,0408010F0AAABAB,4,5.06239999999999
77,F81635,Paracet_Tab 500mg,0407010H0AAAMAM,4,5.017600000000001
78,F81635,Paracet_Tab 500mg,0407010H0AAAMAM,4,5.017600000000001
79,Y02611,Paracet_Tab 500mg,0407010H0AAAMAM,25,5.000000000000004
80,Y02611,Paracet_Tab 500mg,0407010H0AAAMAM,25,5.000000000000004
654,F81665,Clonazepam_Tab 500mcg,0408010F0AAABAB,2,4.74599999999999
655,F81105,Clonazepam_Tab 500mcg,0408010F0AAABAB,14,4.429599999999991
81,F81100,Paracet_Tab 500mg,0407010H0AAAMAM,144,4.320000000000023
82,F81100,Paracet_Tab 500mg,0407010H0AAAMAM,144,4.320000000000023
658,F81105,Clonazepam_Tab 500mcg,0408010F0AAABAB,6,3.796799999999992
657,F81721,Clonazepam_Tab 500mcg,0408010F0AAABAB,6,3.796799999999992
661,F81665,Clonazepam_Tab 500mcg,0408010F0AAABAB,1,3.796799999999992
660,F81068,Clonazepam_Tab 500mcg,0408010F0AAABAB,4,3.796799999999992
656,F81087,Clonazepam_Tab 500mcg,0408010F0AAABAB,4,3.796799999999992
659,F81126,Clonazepam_Tab 500mcg,0408010F0AAABAB,4,3.796799999999992
662,F81040,Clonazepam_Tab 500mcg,0408010F0AAABAB,3,3.389999999999993
84,F81635,Paracet_Tab 500mg,0407010H0AAAMAM,2,3.36
83,F81635,Paracet_Tab 500mg,0407010H0AAAMAM,2,3.36
86,F81127,Paracet_Tab 500mg,0407010H0AAAMAM,2,3.2256000000000005
85,F81127,Paracet_Tab 500mg,0407010H0AAAMAM,2,3.2256000000000005
669,F81099,Clonazepam_Tab 500mcg,0408010F0AAABAB,1,3.1639999999999935
663,F81122,Clonazepam_Tab 500mcg,0408010F0AAABAB,5,3.1639999999999935
664,F81117,Clonazepam_Tab 500mcg,0408010F0AAABAB,5,3.1639999999999935
665,F81114,Clonazepam_Tab 500mcg,0408010F0AAABAB,5,3.1639999999999935
666,F81170,Clonazepam_Tab 500mcg,0408010F0AAABAB,5,3.1639999999999935
667,F81087,Clonazepam_Tab 500mcg,0408010F0AAABAB,5,3.1639999999999935
668,F81030,Clonazepam_Tab 500mcg,0408010F0AAABAB,10,3.1639999999999935
671,F81132,Clonazepam_Tab 500mcg,0408010F0AAABAB,5,3.1639999999999935
670,F81114,Clonazepam_Tab 500mcg,0408010F0AAABAB,10,3.1639999999999935
88,F81635,Paracet_Tab 500mg,0407010H0AAAMAM,2,3.0
87,F81635,Paracet_Tab 500mg,0407010H0AAAMAM,2,3.0
675,F81068,Clonazepam_Tab 500mcg,0408010F0AAABAB,9,2.847599999999994
674,F81099,Clonazepam_Tab 500mcg,0408010F0AAABAB,3,2.847599999999994
676,F81100,Clonazepam_Tab 500mcg,0408010F0AAABAB,9,2.847599999999994
673,F81105,Clonazepam_Tab 500mcg,0408010F0AAABAB,1,2.847599999999994
672,F81022,Clonazepam_Tab 500mcg,0408010F0AAABAB,9,2.847599999999994
686,F81083,Clonazepam_Tab 500mcg,0408010F0AAABAB,8,2.531199999999995
681,F81011,Clonazepam_Tab 500mcg,0408010F0AAABAB,4,2.531199999999995
680,F81022,Clonazepam_Tab 500mcg,0408010F0AAABAB,4,2.531199999999995
685,F81665,Clonazepam_Tab 500mcg,0408010F0AAABAB,2,2.531199999999995
687,F81068,Clonazepam_Tab 500mcg,0408010F0AAABAB,4,2.531199999999995
688,F81087,Clonazepam_Tab 500mcg,0408010F0AAABAB,8,2.531199999999995
682,F81117,Clonazepam_Tab 500mcg,0408010F0AAABAB,8,2.531199999999995
684,F81014,Clonazepam_Tab 500mcg,0408010F0AAABAB,2,2.531199999999995
683,F81087,Clonazepam_Tab 500mcg,0408010F0AAABAB,2,2.531199999999995
679,F81683,Clonazepam_Tab 500mcg,0408010F0AAABAB,4,2.531199999999995
678,F81099,Clonazepam_Tab 500mcg,0408010F0AAABAB,4,2.531199999999995
677,F81030,Clonazepam_Tab 500mcg,0408010F0AAABAB,4,2.531199999999995
90,F81635,Paracet_Tab 500mg,0407010H0AAAMAM,2,2.5032
89,F81635,Paracet_Tab 500mg,0407010H0AAAMAM,2,2.5032
689,F81087,Clonazepam_Tab 500mcg,0408010F0AAABAB,5,2.372999999999995
692,F81014,Clonazepam_Tab 500mcg,0408010F0AAABAB,2,2.2599999999999953
693,F81071,Clonazepam_Tab 500mcg,0408010F0AAABAB,1,2.2599999999999953
697,Y05023,Clonazepam_Tab 500mcg,0408010F0AAABAB,2,2.2599999999999953
690,F81730,Clonazepam_Tab 500mcg,0408010F0AAABAB,1,2.2599999999999953
694,F81071,Clonazepam_Tab 500mcg,0408010F0AAABAB,2,2.2599999999999953
695,F81122,Clonazepam_Tab 500mcg,0408010F0AAABAB,1,2.2599999999999953
696,F81119,Clonazepam_Tab 500mcg,0408010F0AAABAB,1,2.2599999999999953
691,Y00589,Clonazepam_Tab 500mcg,0408010F0AAABAB,1,2.2599999999999953
698,F81149,Clonazepam_Tab 500mcg,0408010F0AAABAB,7,2.2147999999999954
699,F81074,Clonazepam_Tab 500mcg,0408010F0AAABAB,13,2.056599999999996
702,F81083,Clonazepam_Tab 500mcg,0408010F0AAABAB,2,2.033999999999996
701,F81105,Clonazepam_Tab 500mcg,0408010F0AAABAB,2,2.033999999999996
700,F81099,Clonazepam_Tab 500mcg,0408010F0AAABAB,1,2.033999999999996
703,F81173,Clonazepam_Tab 500mcg,0408010F0AAABAB,4,1.9487999999999968
723,F81114,Clonazepam_Tab 500mcg,0408010F0AAABAB,2,1.898399999999996
722,Y05023,Clonazepam_Tab 500mcg,0408010F0AAABAB,3,1.898399999999996
721,F81193,Clonazepam_Tab 500mcg,0408010F0AAABAB,3,1.898399999999996
705,F81074,Clonazepam_Tab 500mcg,0408010F0AAABAB,1,1.898399999999996
706,F81068,Clonazepam_Tab 500mcg,0408010F0AAABAB,1,1.898399999999996
707,F81014,Clonazepam_Tab 500mcg,0408010F0AAABAB,6,1.898399999999996
708,F81138,Clonazepam_Tab 500mcg,0408010F0AAABAB,2,1.898399999999996
709,F81074,Clonazepam_Tab 500mcg,0408010F0AAABAB,3,1.898399999999996
710,F81100,Clonazepam_Tab 500mcg,0408010F0AAABAB,1,1.898399999999996
717,F81127,Clonazepam_Tab 500mcg,0408010F0AAABAB,3,1.898399999999996
704,F81011,Clonazepam_Tab 500mcg,0408010F0AAABAB,4,1.898399999999996
711,F81100,Clonazepam_Tab 500mcg,0408010F0AAABAB,8,1.898399999999996
712,F81057,Clonazepam_Tab 500mcg,0408010F0AAABAB,3,1.898399999999996
713,F81100,Clonazepam_Tab 500mcg,0408010F0AAABAB,2,1.898399999999996
714,F81173,Clonazepam_Tab 500mcg,0408010F0AAABAB,2,1.898399999999996
715,F81030,Clonazepam_Tab 500mcg,0408010F0AAABAB,2,1.898399999999996
720,F81173,Clonazepam_Tab 500mcg,0408010F0AAABAB,3,1.898399999999996
719,F81119,Clonazepam_Tab 500mcg,0408010F0AAABAB,3,1.898399999999996
718,F81011,Clonazepam_Tab 500mcg,0408010F0AAABAB,2,1.898399999999996
716,F81022,Clonazepam_Tab 500mcg,0408010F0AAABAB,12,1.898399999999996
489,F81074,Gabapentin_Cap 300mg,0408010G0AAABAB,2,1.8800000000000012
91,F81105,Paracet_Tab 500mg,0407010H0AAAMAM,93,1.860000000000021
92,F81105,Paracet_Tab 500mg,0407010H0AAAMAM,93,1.860000000000021
726,F81122,Clonazepam_Tab 500mcg,0408010F0AAABAB,11,1.7401999999999964
725,F81132,Clonazepam_Tab 500mcg,0408010F0AAABAB,11,1.7401999999999964
724,F81099,Clonazepam_Tab 500mcg,0408010F0AAABAB,22,1.7401999999999964
728,F81074,Clonazepam_Tab 500mcg,0408010F0AAABAB,5,1.5819999999999967
729,F81119,Clonazepam_Tab 500mcg,0408010F0AAABAB,5,1.5819999999999967
730,Y05023,Clonazepam_Tab 500mcg,0408010F0AAABAB,5,1.5819999999999967
731,F81030,Clonazepam_Tab 500mcg,0408010F0AAABAB,1,1.5819999999999967
727,F81122,Clonazepam_Tab 500mcg,0408010F0AAABAB,1,1.5819999999999967
732,F81721,Clonazepam_Tab 500mcg,0408010F0AAABAB,1,1.446399999999997
733,F81183,Clonazepam_Tab 500mcg,0408010F0AAABAB,2,1.3559999999999972
734,F81138,Clonazepam_Tab 500mcg,0408010F0AAABAB,2,1.3559999999999972
735,F81100,Clonazepam_Tab 500mcg,0408010F0AAABAB,1,1.3559999999999972
93,F81117,Paracet_Tab 500mg,0407010H0AAAMAM,134,1.3399999999999919
94,F81117,Paracet_Tab 500mg,0407010H0AAAMAM,134,1.3399999999999919
736,F81122,Clonazepam_Tab 500mcg,0408010F0AAABAB,2,1.315999999999998
95,F81122,Paracet_Tab 500mg,0407010H0AAAMAM,64,1.2800000000000145
96,F81122,Paracet_Tab 500mg,0407010H0AAAMAM,64,1.2800000000000145
753,Y00589,Clonazepam_Tab 500mcg,0408010F0AAABAB,1,1.2655999999999974
748,F81030,Clonazepam_Tab 500mcg,0408010F0AAABAB,8,1.2655999999999974
751,F81071,Clonazepam_Tab 500mcg,0408010F0AAABAB,2,1.2655999999999974
750,F81076,Clonazepam_Tab 500mcg,0408010F0AAABAB,4,1.2655999999999974
749,F81122,Clonazepam_Tab 500mcg,0408010F0AAABAB,1,1.2655999999999974
752,F81132,Clonazepam_Tab 500mcg,0408010F0AAABAB,1,1.2655999999999974
747,F81127,Clonazepam_Tab 500mcg,0408010F0AAABAB,1,1.2655999999999974
746,Y00293,Clonazepam_Tab 500mcg,0408010F0AAABAB,1,1.2655999999999974
737,F81730,Clonazepam_Tab 500mcg,0408010F0AAABAB,1,1.2655999999999974
738,F81130,Clonazepam_Tab 500mcg,0408010F0AAABAB,2,1.2655999999999974
740,F81138,Clonazepam_Tab 500mcg,0408010F0AAABAB,1,1.2655999999999974
741,F81751,Clonazepam_Tab 500mcg,0408010F0AAABAB,2,1.2655999999999974
739,Y00293,Clonazepam_Tab 500mcg,0408010F0AAABAB,4,1.2655999999999974
745,F81057,Clonazepam_Tab 500mcg,0408010F0AAABAB,1,1.2655999999999974
744,F81083,Clonazepam_Tab 500mcg,0408010F0AAABAB,1,1.2655999999999974
743,F81076,Clonazepam_Tab 500mcg,0408010F0AAABAB,1,1.2655999999999974
742,F81071,Clonazepam_Tab 500mcg,0408010F0AAABAB,4,1.2655999999999974
98,F81099,Paracet_Tab 500mg,0407010H0AAAMAM,14,1.2544000000000033
97,F81099,Paracet_Tab 500mg,0407010H0AAAMAM,14,1.2544000000000033
99,F81099,Paracet_Tab 500mg,0407010H0AAAMAM,31,1.2151999999999987
100,F81099,Paracet_Tab 500mg,0407010H0AAAMAM,31,1.2151999999999987
755,F81730,Clonazepam_Tab 500mcg,0408010F0AAABAB,1,1.1864999999999974
754,F81127,Clonazepam_Tab 500mcg,0408010F0AAABAB,5,1.1864999999999974
762,F81674,Clonazepam_Tab 500mcg,0408010F0AAABAB,1,1.1299999999999977
756,F81100,Clonazepam_Tab 500mcg,0408010F0AAABAB,1,1.1299999999999977
761,F81132,Clonazepam_Tab 500mcg,0408010F0AAABAB,1,1.1299999999999977
760,F81738,Clonazepam_Tab 500mcg,0408010F0AAABAB,1,1.1299999999999977
759,F81138,Clonazepam_Tab 500mcg,0408010F0AAABAB,1,1.1299999999999977
758,F81721,Clonazepam_Tab 500mcg,0408010F0AAABAB,1,1.1299999999999977
757,Y00910,Clonazepam_Tab 500mcg,0408010F0AAABAB,1,1.1299999999999977
763,F81173,Clonazepam_Tab 500mcg,0408010F0AAABAB,1,1.1299999999999977
764,F81099,Clonazepam_Tab 500mcg,0408010F0AAABAB,7,1.1073999999999977
25,F81122,Atorvastatin_Tab 20mg,0212000B0AAABAB,184,1.0304000000000295
765,F81014,Clonazepam_Tab 500mcg,0408010F0AAABAB,1,1.016999999999998
101,F81114,Paracet_Tab 500mg,0407010H0AAAMAM,101,1.0099999999999938
102,F81114,Paracet_Tab 500mg,0407010H0AAAMAM,101,1.0099999999999938
766,F81132,Clonazepam_Tab 500mcg,0408010F0AAABAB,1,0.951999999999999
788,F81721,Clonazepam_Tab 500mcg,0408010F0AAABAB,1,0.949199999999998
775,F81098,Clonazepam_Tab 500mcg,0408010F0AAABAB,1,0.949199999999998
791,F81665,Clonazepam_Tab 500mcg,0408010F0AAABAB,1,0.949199999999998
790,F81014,Clonazepam_Tab 500mcg,0408010F0AAABAB,1,0.949199999999998
789,F81105,Clonazepam_Tab 500mcg,0408010F0AAABAB,6,0.949199999999998
767,F81138,Clonazepam_Tab 500mcg,0408010F0AAABAB,3,0.949199999999998
768,F81105,Clonazepam_Tab 500mcg,0408010F0AAABAB,1,0.949199999999998
769,F81071,Clonazepam_Tab 500mcg,0408010F0AAABAB,1,0.949199999999998
770,F81126,Clonazepam_Tab 500mcg,0408010F0AAABAB,3,0.949199999999998
771,F81130,Clonazepam_Tab 500mcg,0408010F0AAABAB,1,0.949199999999998
772,F81127,Clonazepam_Tab 500mcg,0408010F0AAABAB,1,0.949199999999998
774,F81011,Clonazepam_Tab 500mcg,0408010F0AAABAB,3,0.949199999999998
773,F81083,Clonazepam_Tab 500mcg,0408010F0AAABAB,2,0.949199999999998
776,F81099,Clonazepam_Tab 500mcg,0408010F0AAABAB,3,0.949199999999998
782,F81022,Clonazepam_Tab 500mcg,0408010F0AAABAB,2,0.949199999999998
786,F81074,Clonazepam_Tab 500mcg,0408010F0AAABAB,4,0.949199999999998
785,F81022,Clonazepam_Tab 500mcg,0408010F0AAABAB,4,0.949199999999998
784,Y05023,Clonazepam_Tab 500mcg,0408010F0AAABAB,1,0.949199999999998
777,F81751,Clonazepam_Tab 500mcg,0408010F0AAABAB,4,0.949199999999998
783,F81020,Clonazepam_Tab 500mcg,0408010F0AAABAB,1,0.949199999999998
781,F81170,Clonazepam_Tab 500mcg,0408010F0AAABAB,1,0.949199999999998
780,F81721,Clonazepam_Tab 500mcg,0408010F0AAABAB,3,0.949199999999998
779,F81083,Clonazepam_Tab 500mcg,0408010F0AAABAB,1,0.949199999999998
778,F81193,Clonazepam_Tab 500mcg,0408010F0AAABAB,1,0.949199999999998
787,F81117,Clonazepam_Tab 500mcg,0408010F0AAABAB,1,0.949199999999998
26,F81068,Atorvastatin_Tab 20mg,0212000B0AAABAB,309,0.8652000000000248
792,F81083,Clonazepam_Tab 500mcg,0408010F0AAABAB,6,0.8207999999999975
793,F81119,Clonazepam_Tab 500mcg,0408010F0AAABAB,5,0.7909999999999984
794,F81099,Clonazepam_Tab 500mcg,0408010F0AAABAB,1,0.7909999999999984
795,F81100,Clonazepam_Tab 500mcg,0408010F0AAABAB,5,0.7909999999999984
796,F81011,Clonazepam_Tab 500mcg,0408010F0AAABAB,3,0.7118999999999985
797,F81149,Clonazepam_Tab 500mcg,0408010F0AAABAB,1,0.6779999999999986
798,F81117,Clonazepam_Tab 500mcg,0408010F0AAABAB,2,0.6779999999999986
799,F81683,Clonazepam_Tab 500mcg,0408010F0AAABAB,2,0.6779999999999986
800,F81170,Clonazepam_Tab 500mcg,0408010F0AAABAB,1,0.6779999999999986
801,F81014,Clonazepam_Tab 500mcg,0408010F0AAABAB,1,0.6779999999999986
802,F81040,Clonazepam_Tab 500mcg,0408010F0AAABAB,1,0.6779999999999986
803,F81024,Clonazepam_Tab 500mcg,0408010F0AAABAB,1,0.6779999999999986
815,Y02611,Clonazepam_Tab 500mcg,0408010F0AAABAB,1,0.6327999999999987
807,F81635,Clonazepam_Tab 500mcg,0408010F0AAABAB,1,0.6327999999999987
808,F81076,Clonazepam_Tab 500mcg,0408010F0AAABAB,1,0.6327999999999987
809,F81193,Clonazepam_Tab 500mcg,0408010F0AAABAB,2,0.6327999999999987
810,F81683,Clonazepam_Tab 500mcg,0408010F0AAABAB,2,0.6327999999999987
811,F81138,Clonazepam_Tab 500mcg,0408010F0AAABAB,1,0.6327999999999987
812,F81730,Clonazepam_Tab 500mcg,0408010F0AAABAB,1,0.6327999999999987
813,F81126,Clonazepam_Tab 500mcg,0408010F0AAABAB,1,0.6327999999999987
814,F81020,Clonazepam_Tab 500mcg,0408010F0AAABAB,2,0.6327999999999987
804,F81665,Clonazepam_Tab 500mcg,0408010F0AAABAB,1,0.6327999999999987
816,F81020,Clonazepam_Tab 500mcg,0408010F0AAABAB,1,0.6327999999999987
805,F81024,Clonazepam_Tab 500mcg,0408010F0AAABAB,1,0.6327999999999987
806,F81149,Clonazepam_Tab 500mcg,0408010F0AAABAB,1,0.6327999999999987
817,F81170,Clonazepam_Tab 500mcg,0408010F0AAABAB,1,0.5699999999999983
914,F81074,Atorvastatin_Tab 40mg,0212000B0AAACAC,58,0.4872000000000027
818,F81040,Clonazepam_Tab 500mcg,0408010F0AAABAB,1,0.474599999999999
819,F81100,Clonazepam_Tab 500mcg,0408010F0AAABAB,1,0.474599999999999
821,Y00293,Clonazepam_Tab 500mcg,0408010F0AAABAB,1,0.474599999999999
822,F81074,Clonazepam_Tab 500mcg,0408010F0AAABAB,6,0.474599999999999
823,F81068,Clonazepam_Tab 500mcg,0408010F0AAABAB,1,0.474599999999999
820,F81132,Clonazepam_Tab 500mcg,0408010F0AAABAB,1,0.474599999999999
824,F81022,Clonazepam_Tab 500mcg,0408010F0AAABAB,29,0.4524000000000001
825,F81024,Clonazepam_Tab 500mcg,0408010F0AAABAB,2,0.44399999999999995
826,F81117,Clonazepam_Tab 500mcg,0408010F0AAABAB,5,0.3954999999999992
827,F81024,Clonazepam_Tab 500mcg,0408010F0AAABAB,1,0.3954999999999992
830,F81030,Clonazepam_Tab 500mcg,0408010F0AAABAB,1,0.3389999999999993
836,Y00293,Clonazepam_Tab 500mcg,0408010F0AAABAB,1,0.3389999999999993
828,F81730,Clonazepam_Tab 500mcg,0408010F0AAABAB,1,0.3389999999999993
829,F81098,Clonazepam_Tab 500mcg,0408010F0AAABAB,1,0.3389999999999993
831,F81149,Clonazepam_Tab 500mcg,0408010F0AAABAB,1,0.3389999999999993
832,F81087,Clonazepam_Tab 500mcg,0408010F0AAABAB,1,0.3389999999999993
833,F81068,Clonazepam_Tab 500mcg,0408010F0AAABAB,1,0.3389999999999993
834,F81170,Clonazepam_Tab 500mcg,0408010F0AAABAB,1,0.3389999999999993
835,F81138,Clonazepam_Tab 500mcg,0408010F0AAABAB,1,0.3389999999999993
837,F81730,Clonazepam_Tab 500mcg,0408010F0AAABAB,1,0.31639999999999935
849,F81122,Clonazepam_Tab 500mcg,0408010F0AAABAB,4,0.31639999999999935
839,F81751,Clonazepam_Tab 500mcg,0408010F0AAABAB,4,0.31639999999999935
838,F81149,Clonazepam_Tab 500mcg,0408010F0AAABAB,2,0.31639999999999935
840,F81635,Clonazepam_Tab 500mcg,0408010F0AAABAB,2,0.31639999999999935
850,F81040,Clonazepam_Tab 500mcg,0408010F0AAABAB,4,0.31639999999999935
855,F81098,Clonazepam_Tab 500mcg,0408010F0AAABAB,1,0.31639999999999935
842,F81071,Clonazepam_Tab 500mcg,0408010F0AAABAB,2,0.31639999999999935
843,F81132,Clonazepam_Tab 500mcg,0408010F0AAABAB,4,0.31639999999999935
844,Y00589,Clonazepam_Tab 500mcg,0408010F0AAABAB,1,0.31639999999999935
845,F81721,Clonazepam_Tab 500mcg,0408010F0AAABAB,4,0.31639999999999935
846,F81011,Clonazepam_Tab 500mcg,0408010F0AAABAB,4,0.31639999999999935
847,F81040,Clonazepam_Tab 500mcg,0408010F0AAABAB,1,0.31639999999999935
848,F81751,Clonazepam_Tab 500mcg,0408010F0AAABAB,1,0.31639999999999935
841,F81127,Clonazepam_Tab 500mcg,0408010F0AAABAB,1,0.31639999999999935
851,Y02611,Clonazepam_Tab 500mcg,0408010F0AAABAB,1,0.31639999999999935
852,F81126,Clonazepam_Tab 500mcg,0408010F0AAABAB,4,0.31639999999999935
853,F81170,Clonazepam_Tab 500mcg,0408010F0AAABAB,1,0.31639999999999935
854,F81683,Clonazepam_Tab 500mcg,0408010F0AAABAB,4,0.31639999999999935
104,F81068,Paracet_Tab 500mg,0407010H0AAAMAM,4,0.2880000000000016
103,F81068,Paracet_Tab 500mg,0407010H0AAAMAM,4,0.2880000000000016
856,F81126,Clonazepam_Tab 500mcg,0408010F0AAABAB,17,0.26520000000000005
857,F81119,Clonazepam_Tab 500mcg,0408010F0AAABAB,3,0.2372999999999995
858,F81022,Clonazepam_Tab 500mcg,0408010F0AAABAB,3,0.2372999999999995
621,F81057,Losartan Pot_Tab 25mg,0205052N0AAAAAA,10,0.2240000000000006
859,F81057,Clonazepam_Tab 500mcg,0408010F0AAABAB,1,0.22199999999999998
860,F81105,Clonazepam_Tab 500mcg,0408010F0AAABAB,1,0.21659999999999935
861,F81024,Clonazepam_Tab 500mcg,0408010F0AAABAB,1,0.174
863,F81083,Clonazepam_Tab 500mcg,0408010F0AAABAB,4,0.16959999999999997
862,F81683,Clonazepam_Tab 500mcg,0408010F0AAABAB,4,0.16959999999999997
870,F81683,Clonazepam_Tab 500mcg,0408010F0AAABAB,1,0.15819999999999967
871,F81014,Clonazepam_Tab 500mcg,0408010F0AAABAB,1,0.15819999999999967
869,F81087,Clonazepam_Tab 500mcg,0408010F0AAABAB,1,0.15819999999999967
868,F81040,Clonazepam_Tab 500mcg,0408010F0AAABAB,1,0.15819999999999967
867,F81751,Clonazepam_Tab 500mcg,0408010F0AAABAB,1,0.15819999999999967
866,F81114,Clonazepam_Tab 500mcg,0408010F0AAABAB,1,0.15819999999999967
865,F81730,Clonazepam_Tab 500mcg,0408010F0AAABAB,1,0.15819999999999967
864,F81057,Clonazepam_Tab 500mcg,0408010F0AAABAB,1,0.15819999999999967
327,F81132,Pregabalin_Cap 50mg,0408010AEAAABAB,25,0.140000000000004
872,F81105,Clonazepam_Tab 500mcg,0408010F0AAABAB,1,0.1367999999999996
105,F81117,Paracet_Tab 500mg,0407010H0AAAMAM,2,0.13439999999999985
106,F81117,Paracet_Tab 500mg,0407010H0AAAMAM,2,0.13439999999999985
432,F81122,Atorvastatin_Tab 10mg,0212000B0AAAAAA,63,0.13230000000000072
433,F81683,Atorvastatin_Tab 10mg,0212000B0AAAAAA,43,0.12039999999999927
887,F81114,Losartan Pot_Tab 100mg,0205052N0AAADAD,21,0.11760000000000032
886,F81022,Losartan Pot_Tab 100mg,0205052N0AAADAD,21,0.11760000000000032
328,F81087,Pregabalin_Cap 50mg,0408010AEAAABAB,20,0.11200000000000321
434,F81099,Atorvastatin_Tab 10mg,0212000B0AAAAAA,52,0.1092000000000006
330,F81105,Pregabalin_Cap 50mg,0408010AEAAABAB,19,0.10640000000000305
329,F81683,Pregabalin_Cap 50mg,0408010AEAAABAB,19,0.10640000000000305
331,F81114,Pregabalin_Cap 50mg,0408010AEAAABAB,18,0.10080000000000289
332,F81100,Pregabalin_Cap 50mg,0408010AEAAABAB,18,0.10080000000000289
888,F81122,Losartan Pot_Tab 100mg,0205052N0AAADAD,18,0.10080000000000026
333,F81099,Pregabalin_Cap 50mg,0408010AEAAABAB,17,0.09520000000000273
889,F81074,Losartan Pot_Tab 100mg,0205052N0AAADAD,17,0.09520000000000026
334,F81149,Pregabalin_Cap 50mg,0408010AEAAABAB,16,0.08960000000000257
490,F81105,Gabapentin_Cap 300mg,0408010G0AAABAB,20,0.0840000000000024
313,F81114,Memantine HCl_Tab 20mg,0411000G0AAADAD,17,0.0832999999999999
435,F81022,Atorvastatin_Tab 10mg,0212000B0AAAAAA,38,0.07980000000000044
873,F81100,Clonazepam_Tab 500mcg,0408010F0AAABAB,1,0.07909999999999984
108,F81100,Paracet_Tab 500mg,0407010H0AAAMAM,7,0.07839999999999953
107,F81100,Paracet_Tab 500mg,0407010H0AAAMAM,7,0.07839999999999953
335,F81030,Pregabalin_Cap 50mg,0408010AEAAABAB,13,0.07280000000000209
336,F81022,Pregabalin_Cap 50mg,0408010AEAAABAB,13,0.07280000000000209
890,F81127,Losartan Pot_Tab 100mg,0205052N0AAADAD,13,0.0728000000000002
338,F81170,Pregabalin_Cap 50mg,0408010AEAAABAB,12,0.06720000000000192
337,F81117,Pregabalin_Cap 50mg,0408010AEAAABAB,12,0.06720000000000192
436,F81105,Atorvastatin_Tab 10mg,0212000B0AAAAAA,30,0.06300000000000035
891,F81020,Losartan Pot_Tab 100mg,0205052N0AAADAD,11,0.06160000000000016
892,F81099,Losartan Pot_Tab 100mg,0205052N0AAADAD,11,0.06160000000000016
314,F81130,Memantine HCl_Tab 20mg,0411000G0AAADAD,12,0.058799999999999936
339,F81099,Pregabalin_Cap 50mg,0408010AEAAABAB,14,0.058799999999998964
437,F81030,Atorvastatin_Tab 10mg,0212000B0AAAAAA,27,0.05670000000000031
622,F81024,Losartan Pot_Tab 25mg,0205052N0AAAAAA,27,0.05670000000000031
341,F81068,Pregabalin_Cap 50mg,0408010AEAAABAB,10,0.056000000000001604
340,F81126,Pregabalin_Cap 50mg,0408010AEAAABAB,10,0.056000000000001604
109,F81132,Paracet_Tab 500mg,0407010H0AAAMAM,9,0.05399999999999967
110,F81132,Paracet_Tab 500mg,0407010H0AAAMAM,9,0.05399999999999967
111,F81126,Paracet_Tab 500mg,0407010H0AAAMAM,12,0.050399999999999695
112,F81126,Paracet_Tab 500mg,0407010H0AAAMAM,12,0.050399999999999695
342,F81022,Pregabalin_Cap 50mg,0408010AEAAABAB,11,0.046199999999999186
343,F81014,Pregabalin_Cap 50mg,0408010AEAAABAB,8,0.04480000000000128
893,F81071,Losartan Pot_Tab 100mg,0205052N0AAADAD,8,0.04480000000000012
894,F81105,Losartan Pot_Tab 100mg,0205052N0AAADAD,8,0.04480000000000012
895,F81117,Losartan Pot_Tab 100mg,0205052N0AAADAD,8,0.04480000000000012
623,F81114,Losartan Pot_Tab 25mg,0205052N0AAAAAA,20,0.04200000000000023
114,F81122,Paracet_Tab 500mg,0407010H0AAAMAM,15,0.041999999999999746
113,F81122,Paracet_Tab 500mg,0407010H0AAAMAM,15,0.041999999999999746
344,F81173,Pregabalin_Cap 50mg,0408010AEAAABAB,7,0.03920000000000112
345,Y05023,Pregabalin_Cap 50mg,0408010AEAAABAB,7,0.03920000000000112
316,F81099,Memantine HCl_Tab 20mg,0411000G0AAADAD,8,0.03919999999999996
315,F81183,Memantine HCl_Tab 20mg,0411000G0AAADAD,8,0.03919999999999996
438,F81024,Atorvastatin_Tab 10mg,0212000B0AAAAAA,18,0.03780000000000021
115,F81122,Paracet_Tab 500mg,0407010H0AAAMAM,9,0.03779999999999977
116,F81122,Paracet_Tab 500mg,0407010H0AAAMAM,9,0.03779999999999977
346,F81126,Pregabalin_Cap 50mg,0408010AEAAABAB,9,0.037799999999999334
491,F81022,Gabapentin_Cap 300mg,0408010G0AAABAB,17,0.03570000000000102
439,F81114,Atorvastatin_Tab 10mg,0212000B0AAAAAA,17,0.0357000000000002
349,F81074,Pregabalin_Cap 50mg,0408010AEAAABAB,6,0.03360000000000096
348,F81130,Pregabalin_Cap 50mg,0408010AEAAABAB,6,0.03360000000000096
347,F81119,Pregabalin_Cap 50mg,0408010AEAAABAB,6,0.03360000000000096
492,F81149,Gabapentin_Cap 300mg,0408010G0AAABAB,8,0.03360000000000096
624,F81105,Losartan Pot_Tab 25mg,0205052N0AAAAAA,16,0.033600000000000185
625,F81130,Losartan Pot_Tab 25mg,0205052N0AAAAAA,16,0.033600000000000185
896,F81030,Losartan Pot_Tab 100mg,0205052N0AAADAD,6,0.03360000000000009
118,F81130,Paracet_Tab 500mg,0407010H0AAAMAM,8,0.0335999999999998
117,F81130,Paracet_Tab 500mg,0407010H0AAAMAM,8,0.0335999999999998
350,F81122,Pregabalin_Cap 50mg,0408010AEAAABAB,8,0.03359999999999941
626,F81122,Losartan Pot_Tab 25mg,0205052N0AAAAAA,15,0.031500000000000174
352,F81011,Pregabalin_Cap 50mg,0408010AEAAABAB,5,0.028000000000000802
351,F81040,Pregabalin_Cap 50mg,0408010AEAAABAB,5,0.028000000000000802
356,F81024,Pregabalin_Cap 50mg,0408010AEAAABAB,5,0.028000000000000802
353,F81100,Pregabalin_Cap 50mg,0408010AEAAABAB,2,0.028000000000000802
354,F81057,Pregabalin_Cap 50mg,0408010AEAAABAB,5,0.028000000000000802
355,F81083,Pregabalin_Cap 50mg,0408010AEAAABAB,5,0.028000000000000802
357,F81098,Pregabalin_Cap 50mg,0408010AEAAABAB,5,0.028000000000000802
493,F81098,Gabapentin_Cap 300mg,0408010G0AAABAB,13,0.027300000000000782
494,F81127,Gabapentin_Cap 300mg,0408010G0AAABAB,6,0.025200000000000722
495,F81122,Gabapentin_Cap 300mg,0408010G0AAABAB,12,0.025200000000000722
440,F81751,Atorvastatin_Tab 10mg,0212000B0AAAAAA,12,0.02520000000000014
441,F81126,Atorvastatin_Tab 10mg,0212000B0AAAAAA,12,0.02520000000000014
442,F81130,Atorvastatin_Tab 10mg,0212000B0AAAAAA,12,0.02520000000000014
358,F81071,Pregabalin_Cap 50mg,0408010AEAAABAB,6,0.025199999999999556
121,F81030,Paracet_Tab 500mg,0407010H0AAAMAM,4,0.023999999999999855
120,F81683,Paracet_Tab 500mg,0407010H0AAAMAM,4,0.023999999999999855
119,F81030,Paracet_Tab 500mg,0407010H0AAAMAM,4,0.023999999999999855
122,F81683,Paracet_Tab 500mg,0407010H0AAAMAM,4,0.023999999999999855
361,F81127,Pregabalin_Cap 50mg,0408010AEAAABAB,4,0.02240000000000064
359,F81721,Pregabalin_Cap 50mg,0408010AEAAABAB,4,0.02240000000000064
360,F81635,Pregabalin_Cap 50mg,0408010AEAAABAB,4,0.02240000000000064
903,F81057,Losartan Pot_Tab 100mg,0205052N0AAADAD,4,0.02240000000000006
902,F81083,Losartan Pot_Tab 100mg,0205052N0AAADAD,4,0.02240000000000006
901,F81683,Losartan Pot_Tab 100mg,0205052N0AAADAD,4,0.02240000000000006
899,F81193,Losartan Pot_Tab 100mg,0205052N0AAADAD,4,0.02240000000000006
898,F81119,Losartan Pot_Tab 100mg,0205052N0AAADAD,4,0.02240000000000006
897,F81149,Losartan Pot_Tab 100mg,0205052N0AAADAD,4,0.02240000000000006
900,F81183,Losartan Pot_Tab 100mg,0205052N0AAADAD,4,0.02240000000000006
123,F81022,Paracet_Tab 500mg,0407010H0AAAMAM,8,0.022399999999999864
124,F81105,Paracet_Tab 500mg,0407010H0AAAMAM,8,0.022399999999999864
125,F81105,Paracet_Tab 500mg,0407010H0AAAMAM,8,0.022399999999999864
126,F81022,Paracet_Tab 500mg,0407010H0AAAMAM,8,0.022399999999999864
627,F81022,Losartan Pot_Tab 25mg,0205052N0AAAAAA,10,0.021000000000000116
445,F81193,Atorvastatin_Tab 10mg,0212000B0AAAAAA,10,0.021000000000000116
443,F81071,Atorvastatin_Tab 10mg,0212000B0AAAAAA,10,0.021000000000000116
444,F81635,Atorvastatin_Tab 10mg,0212000B0AAAAAA,5,0.021000000000000116
362,F81030,Pregabalin_Cap 50mg,0408010AEAAABAB,5,0.02099999999999963
363,F81087,Pregabalin_Cap 50mg,0408010AEAAABAB,5,0.02099999999999963
497,F81083,Gabapentin_Cap 300mg,0408010G0AAABAB,7,0.01960000000000056
498,F81014,Gabapentin_Cap 300mg,0408010G0AAABAB,7,0.01960000000000056
496,F81126,Gabapentin_Cap 300mg,0408010G0AAABAB,7,0.01960000000000056
317,F81105,Memantine HCl_Tab 20mg,0411000G0AAADAD,4,0.01959999999999998
318,F81119,Memantine HCl_Tab 20mg,0411000G0AAADAD,4,0.01959999999999998
128,F81127,Paracet_Tab 500mg,0407010H0AAAMAM,7,0.01959999999999988
127,F81127,Paracet_Tab 500mg,0407010H0AAAMAM,7,0.01959999999999988
446,F81098,Atorvastatin_Tab 10mg,0212000B0AAAAAA,9,0.018900000000000104
130,F81071,Paracet_Tab 500mg,0407010H0AAAMAM,1,0.01839999999999989
129,F81071,Paracet_Tab 500mg,0407010H0AAAMAM,1,0.01839999999999989
499,F81132,Gabapentin_Cap 300mg,0408010G0AAABAB,3,0.018000000000000516
132,F81014,Paracet_Tab 500mg,0407010H0AAAMAM,3,0.01799999999999989
131,F81014,Paracet_Tab 500mg,0407010H0AAAMAM,3,0.01799999999999989
505,F81751,Gabapentin_Cap 300mg,0408010G0AAABAB,4,0.01680000000000048
507,F81057,Gabapentin_Cap 300mg,0408010G0AAABAB,8,0.01680000000000048
504,F81099,Gabapentin_Cap 300mg,0408010G0AAABAB,8,0.01680000000000048
506,F81074,Gabapentin_Cap 300mg,0408010G0AAABAB,8,0.01680000000000048
501,F81119,Gabapentin_Cap 300mg,0408010G0AAABAB,4,0.01680000000000048
502,F81751,Gabapentin_Cap 300mg,0408010G0AAABAB,8,0.01680000000000048
500,F81022,Gabapentin_Cap 300mg,0408010G0AAABAB,4,0.01680000000000048
364,F81665,Pregabalin_Cap 50mg,0408010AEAAABAB,3,0.01680000000000048
365,F81138,Pregabalin_Cap 50mg,0408010AEAAABAB,3,0.01680000000000048
503,F81105,Gabapentin_Cap 300mg,0408010G0AAABAB,8,0.01680000000000048
448,F81173,Atorvastatin_Tab 10mg,0212000B0AAAAAA,8,0.016800000000000093
447,F81024,Atorvastatin_Tab 10mg,0212000B0AAAAAA,4,0.016800000000000093
628,F81738,Losartan Pot_Tab 25mg,0205052N0AAAAAA,8,0.016800000000000093
629,F81057,Losartan Pot_Tab 25mg,0205052N0AAAAAA,8,0.016800000000000093
904,F81635,Losartan Pot_Tab 100mg,0205052N0AAADAD,3,0.016800000000000044
146,F81099,Paracet_Tab 500mg,0407010H0AAAMAM,6,0.0167999999999999
133,F81099,Paracet_Tab 500mg,0407010H0AAAMAM,6,0.0167999999999999
135,F81105,Paracet_Tab 500mg,0407010H0AAAMAM,4,0.0167999999999999
136,F81071,Paracet_Tab 500mg,0407010H0AAAMAM,4,0.0167999999999999
137,F81022,Paracet_Tab 500mg,0407010H0AAAMAM,4,0.0167999999999999
138,F81127,Paracet_Tab 500mg,0407010H0AAAMAM,4,0.0167999999999999
140,F81105,Paracet_Tab 500mg,0407010H0AAAMAM,4,0.0167999999999999
141,F81193,Paracet_Tab 500mg,0407010H0AAAMAM,4,0.0167999999999999
142,F81193,Paracet_Tab 500mg,0407010H0AAAMAM,4,0.0167999999999999
143,F81022,Paracet_Tab 500mg,0407010H0AAAMAM,4,0.0167999999999999
144,F81071,Paracet_Tab 500mg,0407010H0AAAMAM,4,0.0167999999999999
145,F81127,Paracet_Tab 500mg,0407010H0AAAMAM,4,0.0167999999999999
134,F81030,Paracet_Tab 500mg,0407010H0AAAMAM,4,0.0167999999999999
139,F81030,Paracet_Tab 500mg,0407010H0AAAMAM,4,0.0167999999999999
366,F81011,Pregabalin_Cap 50mg,0408010AEAAABAB,4,0.016799999999999704
367,F81117,Pregabalin_Cap 50mg,0408010AEAAABAB,4,0.016799999999999704
368,F81068,Pregabalin_Cap 50mg,0408010AEAAABAB,4,0.016799999999999704
508,F81132,Gabapentin_Cap 300mg,0408010G0AAABAB,5,0.01500000000000043
509,F81022,Gabapentin_Cap 300mg,0408010G0AAABAB,5,0.014000000000000401
510,F81022,Gabapentin_Cap 300mg,0408010G0AAABAB,4,0.014000000000000401
511,F81721,Gabapentin_Cap 300mg,0408010G0AAABAB,4,0.014000000000000401
147,F81098,Paracet_Tab 500mg,0407010H0AAAMAM,5,0.013999999999999915
148,F81098,Paracet_Tab 500mg,0407010H0AAAMAM,5,0.013999999999999915
512,F81014,Gabapentin_Cap 300mg,0408010G0AAABAB,3,0.012600000000000361
513,F81020,Gabapentin_Cap 300mg,0408010G0AAABAB,6,0.012600000000000361
514,F81127,Gabapentin_Cap 300mg,0408010G0AAABAB,6,0.012600000000000361
451,F81100,Atorvastatin_Tab 10mg,0212000B0AAAAAA,6,0.01260000000000007
630,F81100,Losartan Pot_Tab 25mg,0205052N0AAAAAA,3,0.01260000000000007
449,F81105,Atorvastatin_Tab 10mg,0212000B0AAAAAA,3,0.01260000000000007
450,F81074,Atorvastatin_Tab 10mg,0212000B0AAAAAA,6,0.01260000000000007
369,F81057,Pregabalin_Cap 50mg,0408010AEAAABAB,3,0.012599999999999778
515,F81040,Gabapentin_Cap 300mg,0408010G0AAABAB,2,0.012000000000000344
149,F81100,Paracet_Tab 500mg,0407010H0AAAMAM,2,0.011999999999999927
150,F81100,Paracet_Tab 500mg,0407010H0AAAMAM,2,0.011999999999999927
452,F81193,Atorvastatin_Tab 10mg,0212000B0AAAAAA,3,0.011700000000000023
371,F81730,Pregabalin_Cap 50mg,0408010AEAAABAB,2,0.01120000000000032
372,F81674,Pregabalin_Cap 50mg,0408010AEAAABAB,2,0.01120000000000032
373,F81071,Pregabalin_Cap 50mg,0408010AEAAABAB,2,0.01120000000000032
516,F81751,Gabapentin_Cap 300mg,0408010G0AAABAB,8,0.01120000000000032
517,F81132,Gabapentin_Cap 300mg,0408010G0AAABAB,4,0.01120000000000032
518,F81022,Gabapentin_Cap 300mg,0408010G0AAABAB,8,0.01120000000000032
519,F81119,Gabapentin_Cap 300mg,0408010G0AAABAB,4,0.01120000000000032
370,F81183,Pregabalin_Cap 50mg,0408010AEAAABAB,2,0.01120000000000032
151,F81122,Paracet_Tab 500mg,0407010H0AAAMAM,2,0.011199999999999988
152,F81122,Paracet_Tab 500mg,0407010H0AAAMAM,2,0.011199999999999988
153,F81751,Paracet_Tab 500mg,0407010H0AAAMAM,4,0.011199999999999932
158,F81126,Paracet_Tab 500mg,0407010H0AAAMAM,4,0.011199999999999932
159,F81126,Paracet_Tab 500mg,0407010H0AAAMAM,4,0.011199999999999932
160,F81074,Paracet_Tab 500mg,0407010H0AAAMAM,4,0.011199999999999932
157,F81751,Paracet_Tab 500mg,0407010H0AAAMAM,4,0.011199999999999932
156,F81074,Paracet_Tab 500mg,0407010H0AAAMAM,4,0.011199999999999932
154,F81173,Paracet_Tab 500mg,0407010H0AAAMAM,4,0.011199999999999932
155,F81173,Paracet_Tab 500mg,0407010H0AAAMAM,4,0.011199999999999932
520,F81193,Gabapentin_Cap 300mg,0408010G0AAABAB,5,0.0105000000000003
521,F81183,Gabapentin_Cap 300mg,0408010G0AAABAB,3,0.0105000000000003
522,F81024,Gabapentin_Cap 300mg,0408010G0AAABAB,3,0.0105000000000003
453,F81127,Atorvastatin_Tab 10mg,0212000B0AAAAAA,5,0.010500000000000058
631,F81099,Losartan Pot_Tab 25mg,0205052N0AAAAAA,5,0.010500000000000058
455,F81674,Atorvastatin_Tab 10mg,0212000B0AAAAAA,5,0.010500000000000058
454,F81119,Atorvastatin_Tab 10mg,0212000B0AAAAAA,5,0.010500000000000058
320,F81683,Memantine HCl_Tab 20mg,0411000G0AAADAD,2,0.00979999999999999
319,F81098,Memantine HCl_Tab 20mg,0411000G0AAADAD,2,0.00979999999999999
523,F81183,Gabapentin_Cap 300mg,0408010G0AAABAB,3,0.009000000000000258
161,F81068,Paracet_Tab 500mg,0407010H0AAAMAM,3,0.008999999999999946
162,F81068,Paracet_Tab 500mg,0407010H0AAAMAM,3,0.008999999999999946
163,F81100,Paracet_Tab 500mg,0407010H0AAAMAM,2,0.008800000000000002
164,F81100,Paracet_Tab 500mg,0407010H0AAAMAM,2,0.008800000000000002
527,F81024,Gabapentin_Cap 300mg,0408010G0AAABAB,4,0.00840000000000024
526,F81030,Gabapentin_Cap 300mg,0408010G0AAABAB,4,0.00840000000000024
529,F81105,Gabapentin_Cap 300mg,0408010G0AAABAB,3,0.00840000000000024
528,F81130,Gabapentin_Cap 300mg,0408010G0AAABAB,4,0.00840000000000024
524,F81138,Gabapentin_Cap 300mg,0408010G0AAABAB,4,0.00840000000000024
525,F81117,Gabapentin_Cap 300mg,0408010G0AAABAB,3,0.00840000000000024
632,F81173,Losartan Pot_Tab 25mg,0205052N0AAAAAA,4,0.008400000000000046
633,F81030,Losartan Pot_Tab 25mg,0205052N0AAAAAA,4,0.008400000000000046
635,F81183,Losartan Pot_Tab 25mg,0205052N0AAAAAA,4,0.008400000000000046
636,F81126,Losartan Pot_Tab 25mg,0205052N0AAAAAA,2,0.008400000000000046
637,F81127,Losartan Pot_Tab 25mg,0205052N0AAAAAA,4,0.008400000000000046
634,F81126,Losartan Pot_Tab 25mg,0205052N0AAAAAA,4,0.008400000000000046
459,F81057,Atorvastatin_Tab 10mg,0212000B0AAAAAA,4,0.008400000000000046
456,F81117,Atorvastatin_Tab 10mg,0212000B0AAAAAA,4,0.008400000000000046
457,F81183,Atorvastatin_Tab 10mg,0212000B0AAAAAA,4,0.008400000000000046
458,F81076,Atorvastatin_Tab 10mg,0212000B0AAAAAA,4,0.008400000000000046
460,F81738,Atorvastatin_Tab 10mg,0212000B0AAAAAA,4,0.008400000000000046
374,F81193,Pregabalin_Cap 50mg,0408010AEAAABAB,2,0.008399999999999852
166,F81130,Paracet_Tab 500mg,0407010H0AAAMAM,5,0.006999999999999958
168,F81099,Paracet_Tab 500mg,0407010H0AAAMAM,5,0.006999999999999958
167,F81130,Paracet_Tab 500mg,0407010H0AAAMAM,5,0.006999999999999958
165,F81099,Paracet_Tab 500mg,0407010H0AAAMAM,5,0.006999999999999958
27,F81122,Atorvastatin_Tab 20mg,0212000B0AAABAB,1,0.006400000000000183
530,F81635,Gabapentin_Cap 300mg,0408010G0AAABAB,3,0.0063000000000001805
531,F81117,Gabapentin_Cap 300mg,0408010G0AAABAB,3,0.0063000000000001805
905,F81071,Losartan Pot_Tab 100mg,0205052N0AAADAD,1,0.006000000000000172
533,F81122,Gabapentin_Cap 300mg,0408010G0AAABAB,2,0.006000000000000172
542,F81068,Gabapentin_Cap 300mg,0408010G0AAABAB,2,0.006000000000000172
541,F81087,Gabapentin_Cap 300mg,0408010G0AAABAB,1,0.006000000000000172
544,F81730,Gabapentin_Cap 300mg,0408010G0AAABAB,1,0.006000000000000172
540,F81100,Gabapentin_Cap 300mg,0408010G0AAABAB,1,0.006000000000000172
538,F81721,Gabapentin_Cap 300mg,0408010G0AAABAB,1,0.006000000000000172
532,F81105,Gabapentin_Cap 300mg,0408010G0AAABAB,2,0.006000000000000172
534,F81683,Gabapentin_Cap 300mg,0408010G0AAABAB,1,0.006000000000000172
535,F81014,Gabapentin_Cap 300mg,0408010G0AAABAB,1,0.006000000000000172
539,F81024,Gabapentin_Cap 300mg,0408010G0AAABAB,1,0.006000000000000172
915,F81071,Atorvastatin_Tab 40mg,0212000B0AAACAC,1,0.006000000000000172
536,F81117,Gabapentin_Cap 300mg,0408010G0AAABAB,1,0.006000000000000172
28,F81114,Atorvastatin_Tab 20mg,0212000B0AAABAB,1,0.006000000000000172
537,F81127,Gabapentin_Cap 300mg,0408010G0AAABAB,1,0.006000000000000172
543,F81183,Gabapentin_Cap 300mg,0408010G0AAABAB,1,0.006000000000000172
174,F81130,Paracet_Tab 500mg,0407010H0AAAMAM,1,0.005999999999999964
185,F81020,Paracet_Tab 500mg,0407010H0AAAMAM,1,0.005999999999999964
188,F81099,Paracet_Tab 500mg,0407010H0AAAMAM,1,0.005999999999999964
187,F81068,Paracet_Tab 500mg,0407010H0AAAMAM,1,0.005999999999999964
184,F81105,Paracet_Tab 500mg,0407010H0AAAMAM,1,0.005999999999999964
183,F81122,Paracet_Tab 500mg,0407010H0AAAMAM,1,0.005999999999999964
172,F81074,Paracet_Tab 500mg,0407010H0AAAMAM,1,0.005999999999999964
171,Y00589,Paracet_Tab 500mg,0407010H0AAAMAM,1,0.005999999999999964
170,F81193,Paracet_Tab 500mg,0407010H0AAAMAM,1,0.005999999999999964
169,F81130,Paracet_Tab 500mg,0407010H0AAAMAM,1,0.005999999999999964
189,F81100,Paracet_Tab 500mg,0407010H0AAAMAM,2,0.005999999999999964
190,F81099,Paracet_Tab 500mg,0407010H0AAAMAM,1,0.005999999999999964
191,F81105,Paracet_Tab 500mg,0407010H0AAAMAM,1,0.005999999999999964
192,F81068,Paracet_Tab 500mg,0407010H0AAAMAM,1,0.005999999999999964
193,F81022,Paracet_Tab 500mg,0407010H0AAAMAM,1,0.005999999999999964
194,F81020,Paracet_Tab 500mg,0407010H0AAAMAM,1,0.005999999999999964
196,F81117,Paracet_Tab 500mg,0407010H0AAAMAM,2,0.005999999999999964
195,F81083,Paracet_Tab 500mg,0407010H0AAAMAM,1,0.005999999999999964
175,F81083,Paracet_Tab 500mg,0407010H0AAAMAM,1,0.005999999999999964
176,F81022,Paracet_Tab 500mg,0407010H0AAAMAM,1,0.005999999999999964
177,Y00589,Paracet_Tab 500mg,0407010H0AAAMAM,1,0.005999999999999964
178,F81183,Paracet_Tab 500mg,0407010H0AAAMAM,1,0.005999999999999964
179,F81100,Paracet_Tab 500mg,0407010H0AAAMAM,2,0.005999999999999964
181,F81183,Paracet_Tab 500mg,0407010H0AAAMAM,1,0.005999999999999964
182,F81122,Paracet_Tab 500mg,0407010H0AAAMAM,1,0.005999999999999964
180,F81117,Paracet_Tab 500mg,0407010H0AAAMAM,2,0.005999999999999964
173,F81074,Paracet_Tab 500mg,0407010H0AAAMAM,1,0.005999999999999964
186,F81087,Paracet_Tab 500mg,0407010H0AAAMAM,1,0.005999999999999964
197,F81193,Paracet_Tab 500mg,0407010H0AAAMAM,1,0.005999999999999964
198,F81087,Paracet_Tab 500mg,0407010H0AAAMAM,1,0.005999999999999964
375,F81020,Pregabalin_Cap 50mg,0408010AEAAABAB,1,0.00560000000000016
378,F81751,Pregabalin_Cap 50mg,0408010AEAAABAB,1,0.00560000000000016
380,Y00589,Pregabalin_Cap 50mg,0408010AEAAABAB,1,0.00560000000000016
377,F81122,Pregabalin_Cap 50mg,0408010AEAAABAB,1,0.00560000000000016
376,F81738,Pregabalin_Cap 50mg,0408010AEAAABAB,1,0.00560000000000016
545,F81130,Gabapentin_Cap 300mg,0408010G0AAABAB,4,0.00560000000000016
546,F81149,Gabapentin_Cap 300mg,0408010G0AAABAB,4,0.00560000000000016
547,F81068,Gabapentin_Cap 300mg,0408010G0AAABAB,2,0.00560000000000016
548,F81721,Gabapentin_Cap 300mg,0408010G0AAABAB,2,0.00560000000000016
549,F81099,Gabapentin_Cap 300mg,0408010G0AAABAB,2,0.00560000000000016
550,F81132,Gabapentin_Cap 300mg,0408010G0AAABAB,4,0.00560000000000016
551,F81193,Gabapentin_Cap 300mg,0408010G0AAABAB,4,0.00560000000000016
552,F81117,Gabapentin_Cap 300mg,0408010G0AAABAB,4,0.00560000000000016
553,F81126,Gabapentin_Cap 300mg,0408010G0AAABAB,4,0.00560000000000016
379,F81035,Pregabalin_Cap 50mg,0408010AEAAABAB,1,0.00560000000000016
200,F81119,Paracet_Tab 500mg,0407010H0AAAMAM,4,0.005599999999999966
199,F81126,Paracet_Tab 500mg,0407010H0AAAMAM,4,0.005599999999999966
201,F81022,Paracet_Tab 500mg,0407010H0AAAMAM,4,0.005599999999999966
202,F81119,Paracet_Tab 500mg,0407010H0AAAMAM,4,0.005599999999999966
204,F81022,Paracet_Tab 500mg,0407010H0AAAMAM,4,0.005599999999999966
203,F81126,Paracet_Tab 500mg,0407010H0AAAMAM,4,0.005599999999999966
556,F81074,Gabapentin_Cap 300mg,0408010G0AAABAB,6,0.00420000000000012
554,F81098,Gabapentin_Cap 300mg,0408010G0AAABAB,3,0.00420000000000012
557,F81087,Gabapentin_Cap 300mg,0408010G0AAABAB,1,0.00420000000000012
555,F81014,Gabapentin_Cap 300mg,0408010G0AAABAB,2,0.00420000000000012
463,F81149,Atorvastatin_Tab 10mg,0212000B0AAAAAA,1,0.004200000000000023
464,F81100,Atorvastatin_Tab 10mg,0212000B0AAAAAA,1,0.004200000000000023
465,F81030,Atorvastatin_Tab 10mg,0212000B0AAAAAA,1,0.004200000000000023
466,F81022,Atorvastatin_Tab 10mg,0212000B0AAAAAA,1,0.004200000000000023
467,F81074,Atorvastatin_Tab 10mg,0212000B0AAAAAA,1,0.004200000000000023
639,F81022,Losartan Pot_Tab 25mg,0205052N0AAAAAA,1,0.004200000000000023
642,F81130,Losartan Pot_Tab 25mg,0205052N0AAAAAA,1,0.004200000000000023
640,F81030,Losartan Pot_Tab 25mg,0205052N0AAAAAA,1,0.004200000000000023
641,F81132,Losartan Pot_Tab 25mg,0205052N0AAAAAA,1,0.004200000000000023
638,F81098,Losartan Pot_Tab 25mg,0205052N0AAAAAA,2,0.004200000000000023
461,F81087,Atorvastatin_Tab 10mg,0212000B0AAAAAA,1,0.004200000000000023
462,F81683,Atorvastatin_Tab 10mg,0212000B0AAAAAA,1,0.004200000000000023
208,F81122,Paracet_Tab 500mg,0407010H0AAAMAM,3,0.004199999999999975
205,F81014,Paracet_Tab 500mg,0407010H0AAAMAM,1,0.004199999999999975
206,F81014,Paracet_Tab 500mg,0407010H0AAAMAM,1,0.004199999999999975
207,F81087,Paracet_Tab 500mg,0407010H0AAAMAM,1,0.004199999999999975
468,F81100,Atorvastatin_Tab 10mg,0212000B0AAAAAA,1,0.004199999999999975
209,F81087,Paracet_Tab 500mg,0407010H0AAAMAM,1,0.004199999999999975
210,F81122,Paracet_Tab 500mg,0407010H0AAAMAM,3,0.004199999999999975
212,F81183,Paracet_Tab 500mg,0407010H0AAAMAM,1,0.0040000000000000105
211,F81183,Paracet_Tab 500mg,0407010H0AAAMAM,1,0.0040000000000000105
558,F81122,Gabapentin_Cap 300mg,0408010G0AAABAB,5,0.0035000000000001003
321,F81721,Memantine HCl_Tab 20mg,0411000G0AAADAD,1,0.003499999999999996
381,F81011,Pregabalin_Cap 50mg,0408010AEAAABAB,1,0.0033999999999999864
559,F81040,Gabapentin_Cap 300mg,0408010G0AAABAB,1,0.003000000000000086
560,Y00293,Gabapentin_Cap 300mg,0408010G0AAABAB,1,0.003000000000000086
561,F81130,Gabapentin_Cap 300mg,0408010G0AAABAB,1,0.003000000000000086
562,F81126,Gabapentin_Cap 300mg,0408010G0AAABAB,1,0.003000000000000086
563,F81193,Gabapentin_Cap 300mg,0408010G0AAABAB,1,0.003000000000000086
564,F81730,Gabapentin_Cap 300mg,0408010G0AAABAB,1,0.003000000000000086
215,F81173,Paracet_Tab 500mg,0407010H0AAAMAM,1,0.002999999999999982
216,F81014,Paracet_Tab 500mg,0407010H0AAAMAM,1,0.002999999999999982
217,F81173,Paracet_Tab 500mg,0407010H0AAAMAM,1,0.002999999999999982
218,F81014,Paracet_Tab 500mg,0407010H0AAAMAM,1,0.002999999999999982
213,F81087,Paracet_Tab 500mg,0407010H0AAAMAM,1,0.002999999999999982
214,F81087,Paracet_Tab 500mg,0407010H0AAAMAM,1,0.002999999999999982
566,F81087,Gabapentin_Cap 300mg,0408010G0AAABAB,1,0.00280000000000008
565,F81683,Gabapentin_Cap 300mg,0408010G0AAABAB,1,0.00280000000000008
578,F81149,Gabapentin_Cap 300mg,0408010G0AAABAB,1,0.00280000000000008
568,F81114,Gabapentin_Cap 300mg,0408010G0AAABAB,4,0.00280000000000008
569,F81057,Gabapentin_Cap 300mg,0408010G0AAABAB,1,0.00280000000000008
570,F81024,Gabapentin_Cap 300mg,0408010G0AAABAB,4,0.00280000000000008
571,F81173,Gabapentin_Cap 300mg,0408010G0AAABAB,1,0.00280000000000008
572,F81130,Gabapentin_Cap 300mg,0408010G0AAABAB,1,0.00280000000000008
573,F81030,Gabapentin_Cap 300mg,0408010G0AAABAB,1,0.00280000000000008
574,F81076,Gabapentin_Cap 300mg,0408010G0AAABAB,1,0.00280000000000008
575,F81099,Gabapentin_Cap 300mg,0408010G0AAABAB,4,0.00280000000000008
576,F81074,Gabapentin_Cap 300mg,0408010G0AAABAB,1,0.00280000000000008
577,F81114,Gabapentin_Cap 300mg,0408010G0AAABAB,1,0.00280000000000008
567,F81087,Gabapentin_Cap 300mg,0408010G0AAABAB,2,0.00280000000000008
224,F81149,Paracet_Tab 500mg,0407010H0AAAMAM,1,0.002799999999999983
219,F81087,Paracet_Tab 500mg,0407010H0AAAMAM,1,0.002799999999999983
220,F81087,Paracet_Tab 500mg,0407010H0AAAMAM,1,0.002799999999999983
221,Y02611,Paracet_Tab 500mg,0407010H0AAAMAM,1,0.002799999999999983
223,F81138,Paracet_Tab 500mg,0407010H0AAAMAM,1,0.002799999999999983
225,F81138,Paracet_Tab 500mg,0407010H0AAAMAM,1,0.002799999999999983
226,F81149,Paracet_Tab 500mg,0407010H0AAAMAM,1,0.002799999999999983
227,F81193,Paracet_Tab 500mg,0407010H0AAAMAM,1,0.002799999999999983
228,F81193,Paracet_Tab 500mg,0407010H0AAAMAM,1,0.002799999999999983
222,Y02611,Paracet_Tab 500mg,0407010H0AAAMAM,1,0.002799999999999983
229,F81068,Paracet_Tab 500mg,0407010H0AAAMAM,1,0.002400000000000027
230,F81068,Paracet_Tab 500mg,0407010H0AAAMAM,1,0.002400000000000027
469,Y02611,Atorvastatin_Tab 10mg,0212000B0AAAAAA,2,0.0021999999999999867
470,F81068,Atorvastatin_Tab 10mg,0212000B0AAAAAA,1,0.0021000000000000116
232,F81127,Paracet_Tab 500mg,0407010H0AAAMAM,1,0.0020999999999999873
231,F81127,Paracet_Tab 500mg,0407010H0AAAMAM,1,0.0020999999999999873
471,F81030,Atorvastatin_Tab 10mg,0212000B0AAAAAA,1,0.0018000000000000203
29,F81068,Atorvastatin_Tab 20mg,0212000B0AAABAB,1,0.00180000000000001
579,F81114,Gabapentin_Cap 300mg,0408010G0AAABAB,1,0.00140000000000004
235,F81149,Paracet_Tab 500mg,0407010H0AAAMAM,1,0.0013999999999999915
233,F81040,Paracet_Tab 500mg,0407010H0AAAMAM,1,0.0013999999999999915
234,F81149,Paracet_Tab 500mg,0407010H0AAAMAM,1,0.0013999999999999915
236,F81040,Paracet_Tab 500mg,0407010H0AAAMAM,1,0.0013999999999999915
237,F81011,Paracet_Tab 500mg,0407010H0AAAMAM,1,-0.0011999999999999997
238,F81011,Paracet_Tab 500mg,0407010H0AAAMAM,1,-0.0011999999999999997
472,F81030,Atorvastatin_Tab 10mg,0212000B0AAAAAA,1,-0.0023999999999999855
383,F81020,Pregabalin_Cap 50mg,0408010AEAAABAB,1,-0.002799999999999983
382,F81126,Pregabalin_Cap 50mg,0408010AEAAABAB,1,-0.002799999999999983
384,Y05023,Pregabalin_Cap 50mg,0408010AEAAABAB,1,-0.00280000000000008
385,F81130,Pregabalin_Cap 50mg,0408010AEAAABAB,1,-0.00280000000000008
386,F81683,Pregabalin_Cap 50mg,0408010AEAAABAB,1,-0.00280000000000008
387,F81193,Pregabalin_Cap 50mg,0408010AEAAABAB,1,-0.00280000000000008
388,F81170,Pregabalin_Cap 50mg,0408010AEAAABAB,1,-0.00280000000000008
389,F81173,Pregabalin_Cap 50mg,0408010AEAAABAB,1,-0.00280000000000008
390,F81014,Pregabalin_Cap 50mg,0408010AEAAABAB,1,-0.00280000000000008
30,F81068,Atorvastatin_Tab 20mg,0212000B0AAABAB,1,-0.0029999999999998778
906,F81117,Losartan Pot_Tab 100mg,0205052N0AAADAD,1,-0.0029999999999998778
916,F81100,Atorvastatin_Tab 40mg,0212000B0AAACAC,1,-0.0029999999999998778
473,F81117,Atorvastatin_Tab 10mg,0212000B0AAAAAA,1,-0.002999999999999982
474,F81114,Atorvastatin_Tab 10mg,0212000B0AAAAAA,1,-0.002999999999999982
874,F81024,Clonazepam_Tab 500mcg,0408010F0AAABAB,1,-0.003000000000001335
240,F81100,Paracet_Tab 500mg,0407010H0AAAMAM,1,-0.0030999999999999812
239,F81100,Paracet_Tab 500mg,0407010H0AAAMAM,1,-0.0030999999999999812
475,F81074,Atorvastatin_Tab 10mg,0212000B0AAAAAA,1,-0.0031999999999999806
242,F81068,Paracet_Tab 500mg,0407010H0AAAMAM,1,-0.003599999999999999
241,F81068,Paracet_Tab 500mg,0407010H0AAAMAM,1,-0.003599999999999999
244,Y02611,Paracet_Tab 500mg,0407010H0AAAMAM,1,-0.003799999999999977
243,Y02611,Paracet_Tab 500mg,0407010H0AAAMAM,1,-0.003799999999999977
248,F81014,Paracet_Tab 500mg,0407010H0AAAMAM,1,-0.003999999999999976
247,F81087,Paracet_Tab 500mg,0407010H0AAAMAM,1,-0.003999999999999976
246,F81087,Paracet_Tab 500mg,0407010H0AAAMAM,1,-0.003999999999999976
245,F81014,Paracet_Tab 500mg,0407010H0AAAMAM,1,-0.003999999999999976
476,F81030,Atorvastatin_Tab 10mg,0212000B0AAAAAA,1,-0.003999999999999976
643,Y02611,Losartan Pot_Tab 25mg,0205052N0AAAAAA,1,-0.003999999999999976
917,F81122,Atorvastatin_Tab 40mg,0212000B0AAACAC,1,-0.004199999999999995
31,F81126,Atorvastatin_Tab 20mg,0212000B0AAABAB,1,-0.004199999999999995
322,F81022,Memantine HCl_Tab 20mg,0411000G0AAADAD,1,-0.004399999999999973
477,F81014,Atorvastatin_Tab 10mg,0212000B0AAAAAA,1,-0.004599999999999972
478,F81014,Atorvastatin_Tab 10mg,0212000B0AAAAAA,1,-0.004799999999999971
580,F81721,Gabapentin_Cap 300mg,0408010G0AAABAB,1,-0.004799999999999971
480,F81022,Atorvastatin_Tab 10mg,0212000B0AAAAAA,1,-0.004799999999999971
479,F81149,Atorvastatin_Tab 10mg,0212000B0AAAAAA,1,-0.004799999999999971
581,F81683,Gabapentin_Cap 300mg,0408010G0AAABAB,1,-0.005599999999999772
589,F81170,Gabapentin_Cap 300mg,0408010G0AAABAB,1,-0.005599999999999772
588,F81083,Gabapentin_Cap 300mg,0408010G0AAABAB,1,-0.005599999999999772
587,F81635,Gabapentin_Cap 300mg,0408010G0AAABAB,1,-0.005599999999999772
586,F81076,Gabapentin_Cap 300mg,0408010G0AAABAB,1,-0.005599999999999772
585,F81024,Gabapentin_Cap 300mg,0408010G0AAABAB,1,-0.005599999999999772
584,F81193,Gabapentin_Cap 300mg,0408010G0AAABAB,1,-0.005599999999999772
583,F81721,Gabapentin_Cap 300mg,0408010G0AAABAB,1,-0.005599999999999772
582,F81117,Gabapentin_Cap 300mg,0408010G0AAABAB,1,-0.005599999999999772
249,F81035,Paracet_Tab 500mg,0407010H0AAAMAM,1,-0.005599999999999966
481,F81193,Atorvastatin_Tab 10mg,0212000B0AAAAAA,7,-0.005599999999999966
250,F81035,Paracet_Tab 500mg,0407010H0AAAMAM,1,-0.005599999999999966
32,F81114,Atorvastatin_Tab 20mg,0212000B0AAABAB,4,-0.005599999999999994
398,F81126,Pregabalin_Cap 50mg,0408010AEAAABAB,2,-0.00560000000000016
397,F81057,Pregabalin_Cap 50mg,0408010AEAAABAB,2,-0.00560000000000016
396,F81071,Pregabalin_Cap 50mg,0408010AEAAABAB,2,-0.00560000000000016
394,Y00589,Pregabalin_Cap 50mg,0408010AEAAABAB,2,-0.00560000000000016
395,F81068,Pregabalin_Cap 50mg,0408010AEAAABAB,2,-0.00560000000000016
393,F81105,Pregabalin_Cap 50mg,0408010AEAAABAB,2,-0.00560000000000016
392,F81074,Pregabalin_Cap 50mg,0408010AEAAABAB,2,-0.00560000000000016
391,F81122,Pregabalin_Cap 50mg,0408010AEAAABAB,2,-0.00560000000000016
483,F81024,Atorvastatin_Tab 10mg,0212000B0AAAAAA,1,-0.005999999999999964
482,F81071,Atorvastatin_Tab 10mg,0212000B0AAAAAA,1,-0.005999999999999964
590,F81183,Gabapentin_Cap 300mg,0408010G0AAABAB,4,-0.007999999999999674
399,F81022,Pregabalin_Cap 50mg,0408010AEAAABAB,3,-0.00840000000000024
400,F81083,Pregabalin_Cap 50mg,0408010AEAAABAB,3,-0.00840000000000024
252,F81117,Paracet_Tab 500mg,0407010H0AAAMAM,2,-0.009599999999999997
251,F81117,Paracet_Tab 500mg,0407010H0AAAMAM,2,-0.009599999999999997
593,F81074,Gabapentin_Cap 300mg,0408010G0AAABAB,2,-0.011199999999999544
591,F81020,Gabapentin_Cap 300mg,0408010G0AAABAB,2,-0.011199999999999544
592,F81127,Gabapentin_Cap 300mg,0408010G0AAABAB,2,-0.011199999999999544
258,F81068,Paracet_Tab 500mg,0407010H0AAAMAM,2,-0.011199999999999932
253,F81132,Paracet_Tab 500mg,0407010H0AAAMAM,2,-0.011199999999999932
254,F81087,Paracet_Tab 500mg,0407010H0AAAMAM,2,-0.011199999999999932
255,F81068,Paracet_Tab 500mg,0407010H0AAAMAM,2,-0.011199999999999932
401,F81122,Pregabalin_Cap 50mg,0408010AEAAABAB,4,-0.011199999999999932
402,F81127,Pregabalin_Cap 50mg,0408010AEAAABAB,4,-0.011199999999999932
256,F81087,Paracet_Tab 500mg,0407010H0AAAMAM,2,-0.011199999999999932
257,F81132,Paracet_Tab 500mg,0407010H0AAAMAM,2,-0.011199999999999932
403,F81022,Pregabalin_Cap 50mg,0408010AEAAABAB,4,-0.011199999999999932
404,F81183,Pregabalin_Cap 50mg,0408010AEAAABAB,4,-0.01120000000000032
406,F81114,Pregabalin_Cap 50mg,0408010AEAAABAB,4,-0.01120000000000032
407,F81100,Pregabalin_Cap 50mg,0408010AEAAABAB,4,-0.01120000000000032
405,F81117,Pregabalin_Cap 50mg,0408010AEAAABAB,4,-0.01120000000000032
409,F81030,Pregabalin_Cap 50mg,0408010AEAAABAB,5,-0.014000000000000401
408,F81098,Pregabalin_Cap 50mg,0408010AEAAABAB,5,-0.014000000000000401
594,F81105,Gabapentin_Cap 300mg,0408010G0AAABAB,3,-0.016799999999999315
595,Y00589,Gabapentin_Cap 300mg,0408010G0AAABAB,3,-0.016799999999999315
596,F81173,Gabapentin_Cap 300mg,0408010G0AAABAB,3,-0.016799999999999315
598,F81057,Gabapentin_Cap 300mg,0408010G0AAABAB,3,-0.016799999999999315
597,F81132,Gabapentin_Cap 300mg,0408010G0AAABAB,3,-0.016799999999999315
410,F81074,Pregabalin_Cap 50mg,0408010AEAAABAB,6,-0.0167999999999999
411,F81071,Pregabalin_Cap 50mg,0408010AEAAABAB,6,-0.0167999999999999
412,F81149,Pregabalin_Cap 50mg,0408010AEAAABAB,6,-0.01680000000000048
600,F81022,Gabapentin_Cap 300mg,0408010G0AAABAB,4,-0.0195999999999992
599,F81122,Gabapentin_Cap 300mg,0408010G0AAABAB,4,-0.0195999999999992
413,F81099,Pregabalin_Cap 50mg,0408010AEAAABAB,7,-0.01960000000000056
259,F81114,Paracet_Tab 500mg,0407010H0AAAMAM,4,-0.022399999999999864
261,F81173,Paracet_Tab 500mg,0407010H0AAAMAM,4,-0.022399999999999864
260,F81738,Paracet_Tab 500mg,0407010H0AAAMAM,4,-0.022399999999999864
262,F81738,Paracet_Tab 500mg,0407010H0AAAMAM,4,-0.022399999999999864
263,F81173,Paracet_Tab 500mg,0407010H0AAAMAM,4,-0.022399999999999864
264,F81114,Paracet_Tab 500mg,0407010H0AAAMAM,4,-0.022399999999999864
414,F81087,Pregabalin_Cap 50mg,0408010AEAAABAB,9,-0.025200000000000722
601,F81014,Gabapentin_Cap 300mg,0408010G0AAABAB,5,-0.02799999999999886
602,F81022,Gabapentin_Cap 300mg,0408010G0AAABAB,5,-0.02799999999999886
603,F81149,Gabapentin_Cap 300mg,0408010G0AAABAB,5,-0.02799999999999886
604,F81087,Gabapentin_Cap 300mg,0408010G0AAABAB,5,-0.02799999999999886
605,F81126,Gabapentin_Cap 300mg,0408010G0AAABAB,6,-0.03359999999999863
265,F81014,Paracet_Tab 500mg,0407010H0AAAMAM,6,-0.0335999999999998
266,F81014,Paracet_Tab 500mg,0407010H0AAAMAM,6,-0.0335999999999998
608,F81100,Gabapentin_Cap 300mg,0408010G0AAABAB,8,-0.044799999999998175
607,F81098,Gabapentin_Cap 300mg,0408010G0AAABAB,8,-0.044799999999998175
606,F81114,Gabapentin_Cap 300mg,0408010G0AAABAB,8,-0.044799999999998175
267,F81040,Paracet_Tab 500mg,0407010H0AAAMAM,8,-0.04479999999999973
269,F81022,Paracet_Tab 500mg,0407010H0AAAMAM,8,-0.04479999999999973
270,F81040,Paracet_Tab 500mg,0407010H0AAAMAM,8,-0.04479999999999973
268,F81022,Paracet_Tab 500mg,0407010H0AAAMAM,8,-0.04479999999999973
415,F81132,Pregabalin_Cap 50mg,0408010AEAAABAB,16,-0.04480000000000128
274,F81020,Paracet_Tab 500mg,0407010H0AAAMAM,9,-0.050399999999999695
273,F81149,Paracet_Tab 500mg,0407010H0AAAMAM,9,-0.050399999999999695
272,F81020,Paracet_Tab 500mg,0407010H0AAAMAM,9,-0.050399999999999695
271,F81149,Paracet_Tab 500mg,0407010H0AAAMAM,9,-0.050399999999999695
275,F81119,Paracet_Tab 500mg,0407010H0AAAMAM,10,-0.05599999999999966
276,F81119,Paracet_Tab 500mg,0407010H0AAAMAM,10,-0.05599999999999966
277,F81127,Paracet_Tab 500mg,0407010H0AAAMAM,13,-0.07279999999999956
278,F81127,Paracet_Tab 500mg,0407010H0AAAMAM,13,-0.07279999999999956
279,F81071,Paracet_Tab 500mg,0407010H0AAAMAM,14,-0.07839999999999953
280,F81071,Paracet_Tab 500mg,0407010H0AAAMAM,14,-0.07839999999999953
281,F81117,Paracet_Tab 500mg,0407010H0AAAMAM,15,-0.08399999999999949
282,F81117,Paracet_Tab 500mg,0407010H0AAAMAM,15,-0.08399999999999949
283,F81030,Paracet_Tab 500mg,0407010H0AAAMAM,16,-0.08959999999999946
284,F81030,Paracet_Tab 500mg,0407010H0AAAMAM,16,-0.08959999999999946
285,F81126,Paracet_Tab 500mg,0407010H0AAAMAM,17,-0.09519999999999942
286,F81126,Paracet_Tab 500mg,0407010H0AAAMAM,17,-0.09519999999999942
288,F81100,Paracet_Tab 500mg,0407010H0AAAMAM,18,-0.10079999999999939
287,F81100,Paracet_Tab 500mg,0407010H0AAAMAM,18,-0.10079999999999939
289,F81057,Paracet_Tab 500mg,0407010H0AAAMAM,20,-0.11199999999999932
290,F81057,Paracet_Tab 500mg,0407010H0AAAMAM,20,-0.11199999999999932
291,F81105,Paracet_Tab 500mg,0407010H0AAAMAM,27,-0.15119999999999909
292,F81105,Paracet_Tab 500mg,0407010H0AAAMAM,27,-0.15119999999999909
293,F81130,Paracet_Tab 500mg,0407010H0AAAMAM,28,-0.15679999999999905
294,F81130,Paracet_Tab 500mg,0407010H0AAAMAM,28,-0.15679999999999905
295,F81024,Paracet_Tab 500mg,0407010H0AAAMAM,35,-0.19599999999999881
296,F81024,Paracet_Tab 500mg,0407010H0AAAMAM,35,-0.19599999999999881
323,F81149,Memantine HCl_Tab 20mg,0411000G0AAADAD,5,-0.2100000000000002
298,F81751,Paracet_Tab 500mg,0407010H0AAAMAM,49,-0.2743999999999983
297,F81751,Paracet_Tab 500mg,0407010H0AAAMAM,49,-0.2743999999999983
299,Y05023,Paracet_Tab 500mg,0407010H0AAAMAM,57,-0.5699999999999965
300,Y05023,Paracet_Tab 500mg,0407010H0AAAMAM,57,-0.5699999999999965
301,F81068,Paracet_Tab 500mg,0407010H0AAAMAM,53,-1.1871999999999927
302,F81068,Paracet_Tab 500mg,0407010H0AAAMAM,53,-1.1871999999999927
303,F81068,Paracet_Tab 500mg,0407010H0AAAMAM,1,-3.1999999999999997
304,F81068,Paracet_Tab 500mg,0407010H0AAAMAM,1,-3.1999999999999997
