,practice_code,bnf_description,bnf_code,items,excess_cost
0,L83002,Aripiprazole_Tab 5mg,0402010ADAAADAD,7,0.029399999999999482
1,L83002,Atorvastatin_Tab 10mg,0212000B0AAAAAA,57,0.11970000000000067
2,L83002,Atorvastatin_Tab 20mg,0212000B0AAABAB,2,0.0052000000000002045
3,L83002,Clonazepam_Tab 500mcg,0408010F0AAABAB,28,10.418699999999978
4,L83002,Ferr Sulf_Tab 200mg,0901011P0AAACAC,37,0.04619999999999841
5,L83002,Paracet_Tab 500mg,0407010H0AAAMAM,882,-5.580399999999941
6,L83002,Rosuvastatin Calc_Tab 5mg,0212000AAAAADAD,19,-0.053200000000001524
7,L83003,Clonazepam_Tab 500mcg,0408010F0AAABAB,8,4.429599999999991
8,L83003,Ferr Sulf_Tab 200mg,0901011P0AAACAC,1,-0.0032000000000000917
9,L83003,Montelukast_Tab 10mg,0303020G0AAABAB,35,24.401999999999997
10,L83003,Paracet_Tab 500mg,0407010H0AAAMAM,246,45.8620000000001
11,L83006,Atorvastatin_Tab 10mg,0212000B0AAAAAA,53,14.475300000000004
12,L83006,Atorvastatin_Tab 20mg,0212000B0AAABAB,267,135.50360000000003
13,L83006,Betahistine HCl_Tab 16mg,0406000B0AAABAB,12,-4.586400000000003
14,L83006,Clonazepam_Tab 500mcg,0408010F0AAABAB,23,8.972199999999981
15,L83006,Ferr Sulf_Tab 200mg,0901011P0AAACAC,62,21.4347
16,L83006,Memantine HCl_Tab 20mg,0411000G0AAADAD,3,0.014699999999999984
17,L83006,Montelukast_Tab 10mg,0303020G0AAABAB,2,-0.017799999999999476
18,L83006,Paracet_Tab 500mg,0407010H0AAAMAM,774,65.99320000000006
19,L83006,Rosuvastatin Calc_Tab 5mg,0212000AAAAADAD,14,15.287999999999997
20,L83007,Aripiprazole_Tab 5mg,0402010ADAAADAD,5,-0.014000000000000401
21,L83007,Atorvastatin_Tab 10mg,0212000B0AAAAAA,45,0.09660000000000053
22,L83007,Clonazepam_Tab 500mcg,0408010F0AAABAB,10,6.4748999999999866
23,L83007,Ferr Sulf_Tab 200mg,0901011P0AAACAC,25,0.03779999999999904
24,L83007,Memantine HCl_Tab 20mg,0411000G0AAADAD,10,0.048999999999999946
25,L83007,Paracet_Tab 500mg,0407010H0AAAMAM,882,89.55760000000004
26,L83007,Rosuvastatin Calc_Tab 5mg,0212000AAAAADAD,2,0.008399999999999852
27,L83008,Aripiprazole_Tab 5mg,0402010ADAAADAD,2,-0.00560000000000016
28,L83008,Atorvastatin_Tab 10mg,0212000B0AAAAAA,65,11.689300000000001
29,L83008,Atorvastatin_Tab 20mg,0212000B0AAABAB,309,135.87000000000006
30,L83008,Betahistine HCl_Tab 16mg,0406000B0AAABAB,18,53.004
31,L83008,Clonazepam_Tab 500mcg,0408010F0AAABAB,19,6.904799999999986
32,L83008,Ferr Sulf_Tab 200mg,0901011P0AAACAC,69,125.2046
33,L83008,Memantine HCl_Tab 20mg,0411000G0AAADAD,16,0.07839999999999991
34,L83008,Montelukast_Tab 10mg,0303020G0AAABAB,19,48.7312
35,L83008,Paracet_Tab 500mg,0407010H0AAAMAM,782,70.03080000000003
36,L83008,Rosuvastatin Calc_Tab 5mg,0212000AAAAADAD,15,30.542399999999997
37,L83011,Atorvastatin_Tab 10mg,0212000B0AAAAAA,55,23.205000000000002
38,L83011,Atorvastatin_Tab 20mg,0212000B0AAABAB,323,541.1700000000001
39,L83011,Clonazepam_Tab 500mcg,0408010F0AAABAB,12,6.988399999999985
40,L83011,Ferr Sulf_Tab 200mg,0901011P0AAACAC,9,14.084
41,L83011,Memantine HCl_Tab 20mg,0411000G0AAADAD,4,0.01959999999999998
42,L83011,Montelukast_Tab 10mg,0303020G0AAABAB,10,24.387999999999995
43,L83011,Paracet_Tab 500mg,0407010H0AAAMAM,362,9.242800000000008
44,L83012,Atorvastatin_Tab 10mg,0212000B0AAAAAA,15,0.031500000000000174
45,L83012,Memantine HCl_Tab 20mg,0411000G0AAADAD,4,0.01959999999999998
46,L83012,Paracet_Tab 500mg,0407010H0AAAMAM,4,0.020399999999999877
47,L83015,Atorvastatin_Tab 10mg,0212000B0AAAAAA,11,0.018900000000000153
48,L83015,Clonazepam_Tab 500mcg,0408010F0AAABAB,6,6.2827999999999875
49,L83015,Paracet_Tab 500mg,0407010H0AAAMAM,54,-0.30239999999999817
50,L83016,Aripiprazole_Tab 5mg,0402010ADAAADAD,7,0.0013999999999994572
51,L83016,Atorvastatin_Tab 10mg,0212000B0AAAAAA,113,0.23730000000000132
52,L83016,Clonazepam_Tab 500mcg,0408010F0AAABAB,26,16.339799999999965
53,L83016,Ferr Sulf_Tab 200mg,0901011P0AAACAC,32,0.061599999999999044
54,L83016,Memantine HCl_Tab 20mg,0411000G0AAADAD,18,0.0881999999999999
55,L83016,Paracet_Tab 500mg,0407010H0AAAMAM,390,-0.7859999999999953
56,L83018,Aripiprazole_Tab 5mg,0402010ADAAADAD,5,-0.014000000000000401
57,L83018,Atorvastatin_Tab 10mg,0212000B0AAAAAA,16,0.033600000000000185
58,L83018,Atorvastatin_Tab 20mg,0212000B0AAABAB,1,-0.0013999999999999985
59,L83018,Clonazepam_Tab 500mcg,0408010F0AAABAB,17,4.904199999999991
60,L83018,Ferr Sulf_Tab 200mg,0901011P0AAACAC,17,0.04919999999999941
61,L83018,Montelukast_Tab 10mg,0303020G0AAABAB,18,1.008000000000001
62,L83018,Paracet_Tab 500mg,0407010H0AAAMAM,476,79.20200000000004
63,L83019,Clonazepam_Tab 500mcg,0408010F0AAABAB,2,0.6327999999999987
64,L83019,Ferr Sulf_Tab 200mg,0901011P0AAACAC,1,0.0059999999999997555
65,L83019,Paracet_Tab 500mg,0407010H0AAAMAM,12,-0.0671999999999996
66,L83020,Atorvastatin_Tab 10mg,0212000B0AAAAAA,24,0.05040000000000028
67,L83020,Atorvastatin_Tab 20mg,0212000B0AAABAB,529,47.398400000000024
68,L83020,Clonazepam_Tab 500mcg,0408010F0AAABAB,12,8.926999999999982
69,L83020,Ferr Sulf_Tab 200mg,0901011P0AAACAC,26,0.10359999999999908
70,L83020,Memantine HCl_Tab 20mg,0411000G0AAADAD,8,0.03919999999999996
71,L83020,Paracet_Tab 500mg,0407010H0AAAMAM,696,172.41080000000008
72,L83021,Atorvastatin_Tab 10mg,0212000B0AAAAAA,47,0.09870000000000054
73,L83021,Clonazepam_Tab 500mcg,0408010F0AAABAB,10,4.791199999999991
74,L83021,Ferr Sulf_Tab 200mg,0901011P0AAACAC,9,0.011899999999999564
75,L83021,Memantine HCl_Tab 20mg,0411000G0AAADAD,12,0.058799999999999936
76,L83021,Paracet_Tab 500mg,0407010H0AAAMAM,154,-0.7131999999999956
77,L83021,Rosuvastatin Calc_Tab 5mg,0212000AAAAADAD,4,-0.01120000000000032
78,L83023,Clonazepam_Tab 500mcg,0408010F0AAABAB,5,0.6327999999999987
79,L83023,Ferr Sulf_Tab 200mg,0901011P0AAACAC,10,0.009799999999999504
80,L83023,Memantine HCl_Tab 20mg,0411000G0AAADAD,1,0.004899999999999995
81,L83023,Paracet_Tab 500mg,0407010H0AAAMAM,76,-0.1931999999999988
82,L83024,Atorvastatin_Tab 10mg,0212000B0AAAAAA,22,0.046200000000000255
83,L83024,Clonazepam_Tab 500mcg,0408010F0AAABAB,15,4.967999999999989
84,L83024,Memantine HCl_Tab 20mg,0411000G0AAADAD,3,0.014699999999999984
85,L83024,Paracet_Tab 500mg,0407010H0AAAMAM,132,-0.16799999999999898
86,L83025,Atorvastatin_Tab 10mg,0212000B0AAAAAA,9,0.018900000000000104
87,L83025,Clonazepam_Tab 500mcg,0408010F0AAABAB,3,1.423799999999997
88,L83025,Memantine HCl_Tab 20mg,0411000G0AAADAD,3,0.014699999999999984
89,L83025,Paracet_Tab 500mg,0407010H0AAAMAM,64,-0.09519999999999942
90,L83026,Betahistine HCl_Tab 16mg,0406000B0AAABAB,2,0.0059999999999997555
91,L83026,Clonazepam_Tab 500mcg,0408010F0AAABAB,5,1.5480999999999967
92,L83026,Paracet_Tab 500mg,0407010H0AAAMAM,192,10.406799999999997
93,L83028,Atorvastatin_Tab 10mg,0212000B0AAAAAA,42,0.08820000000000049
94,L83028,Clonazepam_Tab 500mcg,0408010F0AAABAB,17,10.497699999999979
95,L83028,Ferr Sulf_Tab 200mg,0901011P0AAACAC,33,0.050899999999998474
96,L83028,Memantine HCl_Tab 20mg,0411000G0AAADAD,4,0.01959999999999998
97,L83028,Paracet_Tab 500mg,0407010H0AAAMAM,140,-0.46359999999999724
98,L83030,Aripiprazole_Tab 5mg,0402010ADAAADAD,12,0.009599999999997777
99,L83030,Atorvastatin_Tab 10mg,0212000B0AAAAAA,20,0.04200000000000023
100,L83030,Betahistine HCl_Tab 16mg,0406000B0AAABAB,10,54.238800000000005
101,L83030,Clonazepam_Tab 500mcg,0408010F0AAABAB,9,5.1099999999999905
102,L83030,Ferr Sulf_Tab 200mg,0901011P0AAACAC,15,0.05759999999999882
103,L83030,Paracet_Tab 500mg,0407010H0AAAMAM,196,9.842799999999997
104,L83030,Rosuvastatin Calc_Tab 5mg,0212000AAAAADAD,10,-0.028000000000000802
105,L83035,Aripiprazole_Tab 5mg,0402010ADAAADAD,1,0.0041999999999995374
106,L83035,Atorvastatin_Tab 10mg,0212000B0AAAAAA,181,34.80470000000001
107,L83035,Atorvastatin_Tab 20mg,0212000B0AAABAB,683,22.913799999999995
108,L83035,Clonazepam_Tab 500mcg,0408010F0AAABAB,17,6.484099999999987
109,L83035,Memantine HCl_Tab 20mg,0411000G0AAADAD,5,0.024499999999999973
110,L83035,Paracet_Tab 500mg,0407010H0AAAMAM,1018,63.856799999999986
111,L83035,Rosuvastatin Calc_Tab 5mg,0212000AAAAADAD,1,-0.003000000000000086
112,L83036,Aripiprazole_Tab 5mg,0402010ADAAADAD,10,-0.021000000000000796
113,L83036,Atorvastatin_Tab 10mg,0212000B0AAAAAA,169,11.699600000000007
114,L83036,Atorvastatin_Tab 20mg,0212000B0AAABAB,230,22.54000000000002
115,L83036,Clonazepam_Tab 500mcg,0408010F0AAABAB,9,4.135799999999992
116,L83036,Ferr Sulf_Tab 200mg,0901011P0AAACAC,20,0.08999999999999925
117,L83036,Montelukast_Tab 10mg,0303020G0AAABAB,28,24.382399999999997
118,L83036,Paracet_Tab 500mg,0407010H0AAAMAM,644,128.78240000000005
119,L83038,Aripiprazole_Tab 5mg,0402010ADAAADAD,12,-0.03360000000000096
120,L83038,Atorvastatin_Tab 10mg,0212000B0AAAAAA,33,0.06930000000000039
121,L83038,Clonazepam_Tab 500mcg,0408010F0AAABAB,22,10.920799999999977
122,L83038,Ferr Sulf_Tab 200mg,0901011P0AAACAC,36,0.06959999999999916
123,L83038,Paracet_Tab 500mg,0407010H0AAAMAM,104,-0.3047999999999982
124,L83038,Rosuvastatin Calc_Tab 5mg,0212000AAAAADAD,9,-0.018200000000000716
125,L83039,Clonazepam_Tab 500mcg,0408010F0AAABAB,1,0.31639999999999935
126,L83039,Ferr Sulf_Tab 200mg,0901011P0AAACAC,12,0.04739999999999894
127,L83039,Paracet_Tab 500mg,0407010H0AAAMAM,84,-0.47039999999999715
128,L83039,Rosuvastatin Calc_Tab 5mg,0212000AAAAADAD,1,-0.003600000000000103
129,L83040,Aripiprazole_Tab 5mg,0402010ADAAADAD,1,0.004199999999999926
130,L83040,Atorvastatin_Tab 10mg,0212000B0AAAAAA,21,0.04410000000000024
131,L83040,Betahistine HCl_Tab 16mg,0406000B0AAABAB,2,-0.012000000000000344
132,L83040,Clonazepam_Tab 500mcg,0408010F0AAABAB,12,2.6215999999999946
133,L83040,Ferr Sulf_Tab 200mg,0901011P0AAACAC,15,0.050399999999999695
134,L83040,Memantine HCl_Tab 20mg,0411000G0AAADAD,34,0.1665999999999998
135,L83040,Paracet_Tab 500mg,0407010H0AAAMAM,198,-0.6843999999999959
136,L83041,Atorvastatin_Tab 20mg,0212000B0AAABAB,2,-0.007999999999999952
137,L83041,Betahistine HCl_Tab 16mg,0406000B0AAABAB,6,9.0216
138,L83041,Clonazepam_Tab 500mcg,0408010F0AAABAB,10,5.03989999999999
139,L83041,Memantine HCl_Tab 20mg,0411000G0AAADAD,7,0.03429999999999996
140,L83041,Montelukast_Tab 10mg,0303020G0AAABAB,12,24.360000000000003
141,L83041,Paracet_Tab 500mg,0407010H0AAAMAM,336,39.883600000000065
142,L83041,Rosuvastatin Calc_Tab 5mg,0212000AAAAADAD,12,15.254399999999999
143,L83042,Aripiprazole_Tab 5mg,0402010ADAAADAD,1,0.004199999999999926
144,L83042,Atorvastatin_Tab 10mg,0212000B0AAAAAA,69,11.676000000000002
145,L83042,Atorvastatin_Tab 20mg,0212000B0AAABAB,199,22.727399999999996
146,L83042,Betahistine HCl_Tab 16mg,0406000B0AAABAB,5,9.03
147,L83042,Clonazepam_Tab 500mcg,0408010F0AAABAB,22,4.474799999999991
148,L83042,Ferr Sulf_Tab 200mg,0901011P0AAACAC,32,21.170299999999997
149,L83042,Memantine HCl_Tab 20mg,0411000G0AAADAD,12,0.058799999999999936
150,L83042,Montelukast_Tab 10mg,0303020G0AAABAB,25,48.72
151,L83042,Paracet_Tab 500mg,0407010H0AAAMAM,352,8.732800000000012
152,L83042,Rosuvastatin Calc_Tab 5mg,0212000AAAAADAD,10,15.2676
153,L83044,Atorvastatin_Tab 10mg,0212000B0AAAAAA,1,0.004200000000000023
154,L83044,Clonazepam_Tab 500mcg,0408010F0AAABAB,3,1.5819999999999967
155,L83044,Paracet_Tab 500mg,0407010H0AAAMAM,4,-0.005599999999999966
156,L83048,Atorvastatin_Tab 10mg,0212000B0AAAAAA,45,0.09450000000000053
157,L83048,Atorvastatin_Tab 20mg,0212000B0AAABAB,2,0.012000000000000344
158,L83048,Betahistine HCl_Tab 16mg,0406000B0AAABAB,16,31.071599999999997
159,L83048,Clonazepam_Tab 500mcg,0408010F0AAABAB,6,4.74599999999999
160,L83048,Ferr Sulf_Tab 200mg,0901011P0AAACAC,35,0.13549999999999862
161,L83048,Memantine HCl_Tab 20mg,0411000G0AAADAD,10,63.90999999999999
162,L83048,Paracet_Tab 500mg,0407010H0AAAMAM,270,21.38759999999999
163,L83048,Rosuvastatin Calc_Tab 5mg,0212000AAAAADAD,5,61.123999999999995
164,L83049,Atorvastatin_Tab 10mg,0212000B0AAAAAA,5,0.010500000000000058
165,L83049,Atorvastatin_Tab 20mg,0212000B0AAABAB,1,0.0026000000000000745
166,L83049,Clonazepam_Tab 500mcg,0408010F0AAABAB,1,0.6327999999999987
167,L83049,Ferr Sulf_Tab 200mg,0901011P0AAACAC,5,0.02799999999999983
168,L83049,Paracet_Tab 500mg,0407010H0AAAMAM,30,-0.08399999999999949
169,L83050,Aripiprazole_Tab 5mg,0402010ADAAADAD,1,0.004199999999999926
170,L83050,Atorvastatin_Tab 20mg,0212000B0AAABAB,2,-0.0059999999999997555
171,L83050,Clonazepam_Tab 500mcg,0408010F0AAABAB,11,9.89879999999998
172,L83050,Ferr Sulf_Tab 200mg,0901011P0AAACAC,3,-0.0063000000000001805
173,L83050,Memantine HCl_Tab 20mg,0411000G0AAADAD,1,0.004899999999999995
174,L83050,Paracet_Tab 500mg,0407010H0AAAMAM,28,0.0983999999999994
175,L83052,Atorvastatin_Tab 20mg,0212000B0AAABAB,2,0.0004000000000001225
176,L83052,Clonazepam_Tab 500mcg,0408010F0AAABAB,8,6.327999999999987
177,L83052,Ferr Sulf_Tab 200mg,0901011P0AAACAC,2,0.011999999999999511
178,L83052,Paracet_Tab 500mg,0407010H0AAAMAM,12,-0.0671999999999996
179,L83053,Aripiprazole_Tab 5mg,0402010ADAAADAD,4,-0.01120000000000032
180,L83053,Atorvastatin_Tab 10mg,0212000B0AAAAAA,39,0.08400000000000041
181,L83053,Atorvastatin_Tab 20mg,0212000B0AAABAB,119,0.647700000000019
182,L83053,Clonazepam_Tab 500mcg,0408010F0AAABAB,15,5.796899999999988
183,L83053,Ferr Sulf_Tab 200mg,0901011P0AAACAC,20,0.05039999999999911
184,L83053,Memantine HCl_Tab 20mg,0411000G0AAADAD,11,0.028400000000000022
185,L83053,Paracet_Tab 500mg,0407010H0AAAMAM,954,83.06640000000007
186,L83054,Aripiprazole_Tab 5mg,0402010ADAAADAD,1,-0.00040000000000001146
187,L83054,Atorvastatin_Tab 10mg,0212000B0AAAAAA,43,0.09030000000000049
188,L83054,Clonazepam_Tab 500mcg,0408010F0AAABAB,3,1.5417999999999963
189,L83054,Ferr Sulf_Tab 200mg,0901011P0AAACAC,32,66.983
190,L83054,Memantine HCl_Tab 20mg,0411000G0AAADAD,5,0.024499999999999973
191,L83054,Montelukast_Tab 10mg,0303020G0AAABAB,19,24.3656
192,L83054,Paracet_Tab 500mg,0407010H0AAAMAM,318,25.190000000000012
193,L83054,Rosuvastatin Calc_Tab 5mg,0212000AAAAADAD,16,30.5536
194,L83056,Atorvastatin_Tab 10mg,0212000B0AAAAAA,5,0.010500000000000058
195,L83056,Atorvastatin_Tab 20mg,0212000B0AAABAB,127,45.51680000000002
196,L83056,Betahistine HCl_Tab 16mg,0406000B0AAABAB,3,18.0936
197,L83056,Clonazepam_Tab 500mcg,0408010F0AAABAB,15,4.474799999999991
198,L83056,Ferr Sulf_Tab 200mg,0901011P0AAACAC,1,0.0029999999999998778
199,L83056,Memantine HCl_Tab 20mg,0411000G0AAADAD,6,0.029399999999999968
200,L83056,Paracet_Tab 500mg,0407010H0AAAMAM,292,51.95720000000005
201,L83056,Rosuvastatin Calc_Tab 5mg,0212000AAAAADAD,7,15.268400000000002
202,L83057,Clonazepam_Tab 500mcg,0408010F0AAABAB,5,2.531199999999995
203,L83057,Paracet_Tab 500mg,0407010H0AAAMAM,368,35.74160000000005
204,L83058,Aripiprazole_Tab 5mg,0402010ADAAADAD,20,-0.056000000000001604
205,L83058,Atorvastatin_Tab 10mg,0212000B0AAAAAA,4,0.008400000000000046
206,L83058,Clonazepam_Tab 500mcg,0408010F0AAABAB,6,1.3815999999999975
207,L83058,Ferr Sulf_Tab 200mg,0901011P0AAACAC,34,0.049399999999998764
208,L83058,Memantine HCl_Tab 20mg,0411000G0AAADAD,9,0.04409999999999995
209,L83058,Paracet_Tab 500mg,0407010H0AAAMAM,712,62.00240000000005
210,L83059,Aripiprazole_Tab 5mg,0402010ADAAADAD,16,430.8975999999999
211,L83059,Atorvastatin_Tab 10mg,0212000B0AAAAAA,37,0.07770000000000044
212,L83059,Atorvastatin_Tab 20mg,0212000B0AAABAB,348,68.16320000000002
213,L83059,Clonazepam_Tab 500mcg,0408010F0AAABAB,20,3.988999999999992
214,L83059,Ferr Sulf_Tab 200mg,0901011P0AAACAC,28,21.210399999999996
215,L83059,Montelukast_Tab 10mg,0303020G0AAABAB,10,97.49600000000001
216,L83059,Paracet_Tab 500mg,0407010H0AAAMAM,596,129.14320000000006
217,L83059,Rosuvastatin Calc_Tab 5mg,0212000AAAAADAD,1,0.004199999999999926
218,L83061,Atorvastatin_Tab 10mg,0212000B0AAAAAA,25,0.05250000000000029
219,L83061,Atorvastatin_Tab 20mg,0212000B0AAABAB,19,22.556800000000003
220,L83061,Betahistine HCl_Tab 16mg,0406000B0AAABAB,15,54.096000000000004
221,L83061,Clonazepam_Tab 500mcg,0408010F0AAABAB,2,0.6327999999999987
222,L83061,Ferr Sulf_Tab 200mg,0901011P0AAACAC,21,0.06789999999999922
223,L83061,Memantine HCl_Tab 20mg,0411000G0AAADAD,18,63.94919999999999
224,L83061,Paracet_Tab 500mg,0407010H0AAAMAM,152,-0.657399999999996
225,L83061,Rosuvastatin Calc_Tab 5mg,0212000AAAAADAD,4,-0.01120000000000032
226,L83064,Aripiprazole_Tab 5mg,0402010ADAAADAD,1,-0.00280000000000008
227,L83064,Atorvastatin_Tab 10mg,0212000B0AAAAAA,96,23.192400000000003
228,L83064,Betahistine HCl_Tab 16mg,0406000B0AAABAB,14,72.8004
229,L83064,Clonazepam_Tab 500mcg,0408010F0AAABAB,10,7.525799999999983
230,L83064,Ferr Sulf_Tab 200mg,0901011P0AAACAC,23,42.281800000000004
231,L83064,Montelukast_Tab 10mg,0303020G0AAABAB,5,0.9940000000000003
232,L83064,Paracet_Tab 500mg,0407010H0AAAMAM,34,-0.17359999999999895
233,L83065,Atorvastatin_Tab 10mg,0212000B0AAAAAA,2,23.2792
234,L83065,Atorvastatin_Tab 20mg,0212000B0AAABAB,122,45.091200000000015
235,L83065,Clonazepam_Tab 500mcg,0408010F0AAABAB,4,3.480399999999993
236,L83065,Memantine HCl_Tab 20mg,0411000G0AAADAD,18,0.0881999999999999
237,L83065,Montelukast_Tab 10mg,0303020G0AAABAB,4,24.3824
238,L83065,Paracet_Tab 500mg,0407010H0AAAMAM,454,316.07280000000003
239,L83066,Aripiprazole_Tab 5mg,0402010ADAAADAD,1,0.004199999999999926
240,L83066,Betahistine HCl_Tab 16mg,0406000B0AAABAB,10,17.724
241,L83066,Clonazepam_Tab 500mcg,0408010F0AAABAB,8,5.379299999999993
242,L83066,Ferr Sulf_Tab 200mg,0901011P0AAACAC,4,0.022399999999999864
243,L83066,Memantine HCl_Tab 20mg,0411000G0AAADAD,8,63.9072
244,L83066,Paracet_Tab 500mg,0407010H0AAAMAM,156,45.07239999999999
245,L83067,Atorvastatin_Tab 10mg,0212000B0AAAAAA,442,11.672799999999999
246,L83067,Atorvastatin_Tab 20mg,0212000B0AAABAB,522,67.71240000000007
247,L83067,Betahistine HCl_Tab 16mg,0406000B0AAABAB,15,21.011200000000002
248,L83067,Clonazepam_Tab 500mcg,0408010F0AAABAB,15,4.98329999999999
249,L83067,Ferr Sulf_Tab 200mg,0901011P0AAACAC,41,0.12949999999999828
250,L83067,Memantine HCl_Tab 20mg,0411000G0AAADAD,14,0.06509999999999992
251,L83067,Montelukast_Tab 10mg,0303020G0AAABAB,53,24.3376
252,L83067,Paracet_Tab 500mg,0407010H0AAAMAM,1400,141.00800000000012
253,L83068,Atorvastatin_Tab 20mg,0212000B0AAABAB,1,0.009600000000000275
254,L83068,Paracet_Tab 500mg,0407010H0AAAMAM,10,0.011199999999999932
255,L83069,Atorvastatin_Tab 10mg,0212000B0AAAAAA,25,0.05250000000000029
256,L83069,Betahistine HCl_Tab 16mg,0406000B0AAABAB,14,26.695200000000007
257,L83069,Clonazepam_Tab 500mcg,0408010F0AAABAB,17,10.599399999999978
258,L83069,Ferr Sulf_Tab 200mg,0901011P0AAACAC,15,0.052299999999998695
259,L83069,Memantine HCl_Tab 20mg,0411000G0AAADAD,1,0.004899999999999995
260,L83069,Montelukast_Tab 10mg,0303020G0AAABAB,35,24.401999999999997
261,L83069,Paracet_Tab 500mg,0407010H0AAAMAM,1010,125.26960000000018
262,L83069,Rosuvastatin Calc_Tab 5mg,0212000AAAAADAD,4,-0.01120000000000032
263,L83071,Aripiprazole_Tab 5mg,0402010ADAAADAD,1,0.004199999999999926
264,L83071,Atorvastatin_Tab 10mg,0212000B0AAAAAA,36,0.07560000000000042
265,L83071,Atorvastatin_Tab 20mg,0212000B0AAABAB,1,-0.0013999999999999985
266,L83071,Clonazepam_Tab 500mcg,0408010F0AAABAB,15,6.960799999999986
267,L83071,Ferr Sulf_Tab 200mg,0901011P0AAACAC,9,0.050399999999999695
268,L83071,Memantine HCl_Tab 20mg,0411000G0AAADAD,1,0.0013999999999999985
269,L83071,Paracet_Tab 500mg,0407010H0AAAMAM,186,-0.7447999999999955
270,L83072,Atorvastatin_Tab 10mg,0212000B0AAAAAA,12,0.017100000000000164
271,L83072,Betahistine HCl_Tab 16mg,0406000B0AAABAB,1,-0.018000000000000516
272,L83072,Clonazepam_Tab 500mcg,0408010F0AAABAB,15,4.88159999999999
273,L83072,Ferr Sulf_Tab 200mg,0901011P0AAACAC,4,-0.00840000000000024
274,L83072,Paracet_Tab 500mg,0407010H0AAAMAM,134,-0.46039999999999726
275,L83073,Aripiprazole_Tab 5mg,0402010ADAAADAD,1,0.004199999999999926
276,L83073,Atorvastatin_Tab 10mg,0212000B0AAAAAA,8,0.01220000000000012
277,L83073,Atorvastatin_Tab 20mg,0212000B0AAABAB,2,-0.007199999999999873
278,L83073,Clonazepam_Tab 500mcg,0408010F0AAABAB,17,11.955399999999976
279,L83073,Paracet_Tab 500mg,0407010H0AAAMAM,14,0.08399999999999949
280,L83073,Rosuvastatin Calc_Tab 5mg,0212000AAAAADAD,1,0.004199999999999926
281,L83074,Aripiprazole_Tab 5mg,0402010ADAAADAD,10,-0.01400000000000079
282,L83074,Atorvastatin_Tab 10mg,0212000B0AAAAAA,11,0.023100000000000127
283,L83074,Atorvastatin_Tab 20mg,0212000B0AAABAB,300,1.680400000000048
284,L83074,Clonazepam_Tab 500mcg,0408010F0AAABAB,27,13.107999999999972
285,L83074,Ferr Sulf_Tab 200mg,0901011P0AAACAC,35,0.06589999999999877
286,L83074,Memantine HCl_Tab 20mg,0411000G0AAADAD,8,0.03919999999999996
287,L83074,Paracet_Tab 500mg,0407010H0AAAMAM,238,-0.978399999999994
288,L83074,Rosuvastatin Calc_Tab 5mg,0212000AAAAADAD,30,-0.08760000000000251
289,L83075,Aripiprazole_Tab 5mg,0402010ADAAADAD,8,-0.02240000000000064
290,L83075,Atorvastatin_Tab 10mg,0212000B0AAAAAA,13,0.02730000000000015
291,L83075,Clonazepam_Tab 500mcg,0408010F0AAABAB,2,1.2655999999999974
292,L83075,Ferr Sulf_Tab 200mg,0901011P0AAACAC,4,0.011199999999999932
293,L83075,Paracet_Tab 500mg,0407010H0AAAMAM,38,-0.05599999999999966
294,L83076,Atorvastatin_Tab 10mg,0212000B0AAAAAA,41,46.526199999999996
295,L83076,Atorvastatin_Tab 20mg,0212000B0AAABAB,52,22.568
296,L83076,Betahistine HCl_Tab 16mg,0406000B0AAABAB,2,17.9424
297,L83076,Clonazepam_Tab 500mcg,0408010F0AAABAB,3,0.474599999999999
298,L83076,Ferr Sulf_Tab 200mg,0901011P0AAACAC,10,0.041999999999999746
299,L83076,Memantine HCl_Tab 20mg,0411000G0AAADAD,6,0.029399999999999968
300,L83076,Paracet_Tab 500mg,0407010H0AAAMAM,94,22.513000000000023
301,L83076,Rosuvastatin Calc_Tab 5mg,0212000AAAAADAD,5,30.548
302,L83077,Atorvastatin_Tab 10mg,0212000B0AAAAAA,31,11.631200000000002
303,L83077,Clonazepam_Tab 500mcg,0408010F0AAABAB,3,1.5819999999999967
304,L83077,Ferr Sulf_Tab 200mg,0901011P0AAACAC,8,7.065599999999998
305,L83077,Paracet_Tab 500mg,0407010H0AAAMAM,228,32.69840000000001
306,L83079,Atorvastatin_Tab 10mg,0212000B0AAAAAA,9,0.018900000000000104
307,L83079,Clonazepam_Tab 500mcg,0408010F0AAABAB,8,6.265199999999987
308,L83079,Paracet_Tab 500mg,0407010H0AAAMAM,234,20.17440000000003
309,L83079,Rosuvastatin Calc_Tab 5mg,0212000AAAAADAD,18,15.271199999999997
310,L83080,Atorvastatin_Tab 10mg,0212000B0AAAAAA,4,0.008400000000000046
311,L83080,Atorvastatin_Tab 20mg,0212000B0AAABAB,19,45.113600000000005
312,L83080,Clonazepam_Tab 500mcg,0408010F0AAABAB,2,1.5819999999999967
313,L83080,Ferr Sulf_Tab 200mg,0901011P0AAACAC,4,-0.00840000000000024
314,L83080,Paracet_Tab 500mg,0407010H0AAAMAM,66,-0.18999999999999886
315,L83081,Atorvastatin_Tab 10mg,0212000B0AAAAAA,5,0.005200000000000066
316,L83081,Betahistine HCl_Tab 16mg,0406000B0AAABAB,6,17.791200000000003
317,L83081,Clonazepam_Tab 500mcg,0408010F0AAABAB,3,1.0877999999999979
318,L83081,Ferr Sulf_Tab 200mg,0901011P0AAACAC,30,0.09449999999999892
319,L83081,Montelukast_Tab 10mg,0303020G0AAABAB,16,48.7424
320,L83081,Paracet_Tab 500mg,0407010H0AAAMAM,296,4.180000000000048
321,L83082,Clonazepam_Tab 500mcg,0408010F0AAABAB,5,1.5819999999999967
322,L83082,Memantine HCl_Tab 20mg,0411000G0AAADAD,4,0.01959999999999998
323,L83082,Paracet_Tab 500mg,0407010H0AAAMAM,22,-0.05599999999999966
324,L83082,Rosuvastatin Calc_Tab 5mg,0212000AAAAADAD,6,-0.01680000000000048
325,L83083,Aripiprazole_Tab 5mg,0402010ADAAADAD,9,-0.003600000000002157
326,L83083,Atorvastatin_Tab 10mg,0212000B0AAAAAA,109,22.98660000000001
327,L83083,Betahistine HCl_Tab 16mg,0406000B0AAABAB,1,-0.006000000000000172
328,L83083,Clonazepam_Tab 500mcg,0408010F0AAABAB,11,10.599399999999978
329,L83083,Paracet_Tab 500mg,0407010H0AAAMAM,478,19.691199999999984
330,L83083,Rosuvastatin Calc_Tab 5mg,0212000AAAAADAD,12,30.508799999999997
331,L83084,Atorvastatin_Tab 10mg,0212000B0AAAAAA,6,0.01260000000000007
332,L83084,Atorvastatin_Tab 20mg,0212000B0AAABAB,1,0.0030000000000000165
333,L83084,Clonazepam_Tab 500mcg,0408010F0AAABAB,6,3.446499999999993
334,L83084,Ferr Sulf_Tab 200mg,0901011P0AAACAC,4,0.006299999999999889
335,L83084,Memantine HCl_Tab 20mg,0411000G0AAADAD,9,0.04409999999999995
336,L83084,Paracet_Tab 500mg,0407010H0AAAMAM,492,291.35880000000014
337,L83085,Atorvastatin_Tab 10mg,0212000B0AAAAAA,13,0.031500000000000125
338,L83085,Atorvastatin_Tab 20mg,0212000B0AAABAB,1,0.006000000000000172
339,L83085,Clonazepam_Tab 500mcg,0408010F0AAABAB,23,11.232199999999976
340,L83085,Ferr Sulf_Tab 200mg,0901011P0AAACAC,1,0.008999999999999633
341,L83085,Paracet_Tab 500mg,0407010H0AAAMAM,48,-0.0055999999999993
342,L83086,Atorvastatin_Tab 10mg,0212000B0AAAAAA,7,0.014700000000000081
343,L83086,Clonazepam_Tab 500mcg,0408010F0AAABAB,2,1.446399999999997
344,L83086,Paracet_Tab 500mg,0407010H0AAAMAM,56,7.192800000000009
345,L83087,Aripiprazole_Tab 5mg,0402010ADAAADAD,14,-0.04460000000000147
346,L83087,Atorvastatin_Tab 10mg,0212000B0AAAAAA,28,0.058800000000000324
347,L83087,Clonazepam_Tab 500mcg,0408010F0AAABAB,14,6.784999999999986
348,L83087,Ferr Sulf_Tab 200mg,0901011P0AAACAC,12,0.005599999999999383
349,L83087,Memantine HCl_Tab 20mg,0411000G0AAADAD,36,0.1763999999999998
350,L83087,Montelukast_Tab 10mg,0303020G0AAABAB,1,-0.002999999999999947
351,L83087,Paracet_Tab 500mg,0407010H0AAAMAM,338,-1.1255999999999933
352,L83087,Rosuvastatin Calc_Tab 5mg,0212000AAAAADAD,4,-0.01120000000000032
353,L83088,Clonazepam_Tab 500mcg,0408010F0AAABAB,1,0.6327999999999987
354,L83088,Ferr Sulf_Tab 200mg,0901011P0AAACAC,1,0.0059999999999997555
355,L83088,Paracet_Tab 500mg,0407010H0AAAMAM,14,-0.06119999999999963
356,L83089,Atorvastatin_Tab 10mg,0212000B0AAAAAA,112,23.177700000000005
357,L83089,Betahistine HCl_Tab 16mg,0406000B0AAABAB,17,34.4736
358,L83089,Clonazepam_Tab 500mcg,0408010F0AAABAB,4,2.3939999999999952
359,L83089,Ferr Sulf_Tab 200mg,0901011P0AAACAC,34,0.15679999999999905
360,L83089,Memantine HCl_Tab 20mg,0411000G0AAADAD,3,0.014699999999999984
361,L83089,Paracet_Tab 500mg,0407010H0AAAMAM,568,5.417600000000048
362,L83089,Rosuvastatin Calc_Tab 5mg,0212000AAAAADAD,24,61.056799999999996
363,L83092,Aripiprazole_Tab 5mg,0402010ADAAADAD,4,-0.01120000000000032
364,L83092,Atorvastatin_Tab 10mg,0212000B0AAAAAA,35,0.0735000000000004
365,L83092,Clonazepam_Tab 500mcg,0408010F0AAABAB,30,12.107999999999976
366,L83092,Ferr Sulf_Tab 200mg,0901011P0AAACAC,24,0.05879999999999906
367,L83092,Memantine HCl_Tab 20mg,0411000G0AAADAD,4,0.01959999999999998
368,L83092,Paracet_Tab 500mg,0407010H0AAAMAM,954,84.1656
369,L83092,Rosuvastatin Calc_Tab 5mg,0212000AAAAADAD,13,30.539599999999997
370,L83095,Aripiprazole_Tab 5mg,0402010ADAAADAD,1,0.004199999999999926
371,L83095,Atorvastatin_Tab 10mg,0212000B0AAAAAA,22,0.2978000000000017
372,L83095,Clonazepam_Tab 500mcg,0408010F0AAABAB,10,4.54259999999999
373,L83095,Ferr Sulf_Tab 200mg,0901011P0AAACAC,3,-0.0063000000000001805
374,L83095,Memantine HCl_Tab 20mg,0411000G0AAADAD,4,0.01959999999999998
375,L83095,Paracet_Tab 500mg,0407010H0AAAMAM,808,141.76559999999998
376,L83095,Rosuvastatin Calc_Tab 5mg,0212000AAAAADAD,9,30.539600000000004
377,L83096,Aripiprazole_Tab 5mg,0402010ADAAADAD,1,0.004199999999999926
378,L83096,Atorvastatin_Tab 10mg,0212000B0AAAAAA,131,23.1224
379,L83096,Atorvastatin_Tab 20mg,0212000B0AAABAB,264,45.49360000000003
380,L83096,Clonazepam_Tab 500mcg,0408010F0AAABAB,25,14.599599999999969
381,L83096,Ferr Sulf_Tab 200mg,0901011P0AAACAC,7,0.019799999999999776
382,L83096,Paracet_Tab 500mg,0407010H0AAAMAM,990,131.1576
383,L83097,Atorvastatin_Tab 20mg,0212000B0AAABAB,1,-0.0013999999999999985
384,L83097,Clonazepam_Tab 500mcg,0408010F0AAABAB,9,8.405599999999984
385,L83097,Ferr Sulf_Tab 200mg,0901011P0AAACAC,6,0.0167999999999999
386,L83097,Paracet_Tab 500mg,0407010H0AAAMAM,12,-0.0671999999999996
387,L83098,Atorvastatin_Tab 10mg,0212000B0AAAAAA,4,0.008400000000000046
388,L83098,Clonazepam_Tab 500mcg,0408010F0AAABAB,1,0.11599999999999999
389,L83098,Paracet_Tab 500mg,0407010H0AAAMAM,8,0.011199999999999932
390,L83099,Atorvastatin_Tab 10mg,0212000B0AAAAAA,1,0.0021000000000000116
391,L83099,Clonazepam_Tab 500mcg,0408010F0AAABAB,2,0.6327999999999987
392,L83099,Ferr Sulf_Tab 200mg,0901011P0AAACAC,5,0.013999999999999915
393,L83099,Paracet_Tab 500mg,0407010H0AAAMAM,328,81.41760000000004
394,L83100,Aripiprazole_Tab 5mg,0402010ADAAADAD,5,-0.007000000000000783
395,L83100,Atorvastatin_Tab 10mg,0212000B0AAAAAA,250,57.7237
396,L83100,Betahistine HCl_Tab 16mg,0406000B0AAABAB,35,33.23040000000001
397,L83100,Clonazepam_Tab 500mcg,0408010F0AAABAB,44,21.327599999999958
398,L83100,Ferr Sulf_Tab 200mg,0901011P0AAACAC,29,70.5924
399,L83100,Memantine HCl_Tab 20mg,0411000G0AAADAD,12,0.058799999999999936
400,L83100,Montelukast_Tab 10mg,0303020G0AAABAB,132,97.5444
401,L83100,Paracet_Tab 500mg,0407010H0AAAMAM,1356,77.50779999999993
402,L83101,Aripiprazole_Tab 5mg,0402010ADAAADAD,10,-0.023200000000000665
403,L83101,Atorvastatin_Tab 10mg,0212000B0AAAAAA,66,0.13860000000000078
404,L83101,Betahistine HCl_Tab 16mg,0406000B0AAABAB,1,0.0029999999999998778
405,L83101,Clonazepam_Tab 500mcg,0408010F0AAABAB,27,7.288499999999985
406,L83101,Ferr Sulf_Tab 200mg,0901011P0AAACAC,23,0.05959999999999964
407,L83101,Montelukast_Tab 10mg,0303020G0AAABAB,20,-0.08079999999999998
408,L83101,Paracet_Tab 500mg,0407010H0AAAMAM,320,-1.0083999999999942
409,L83101,Rosuvastatin Calc_Tab 5mg,0212000AAAAADAD,4,-0.01120000000000032
410,L83102,Atorvastatin_Tab 10mg,0212000B0AAAAAA,27,0.05670000000000031
411,L83102,Clonazepam_Tab 500mcg,0408010F0AAABAB,3,3.0283999999999938
412,L83102,Ferr Sulf_Tab 200mg,0901011P0AAACAC,15,0.039099999999999434
413,L83102,Paracet_Tab 500mg,0407010H0AAAMAM,114,-0.2783999999999983
414,L83102,Rosuvastatin Calc_Tab 5mg,0212000AAAAADAD,4,-0.01120000000000032
415,L83105,Atorvastatin_Tab 20mg,0212000B0AAABAB,258,22.39440000000004
416,L83105,Clonazepam_Tab 500mcg,0408010F0AAABAB,4,1.2881999999999973
417,L83105,Paracet_Tab 500mg,0407010H0AAAMAM,188,3.136000000000037
418,L83106,Aripiprazole_Tab 5mg,0402010ADAAADAD,1,0.004199999999999926
419,L83106,Clonazepam_Tab 500mcg,0408010F0AAABAB,3,4.293999999999992
420,L83106,Paracet_Tab 500mg,0407010H0AAAMAM,614,190.6156000000001
421,L83107,Atorvastatin_Tab 20mg,0212000B0AAABAB,1,0.004400000000000015
422,L83107,Betahistine HCl_Tab 16mg,0406000B0AAABAB,1,-0.3024000000000001
423,L83107,Clonazepam_Tab 500mcg,0408010F0AAABAB,1,0.31639999999999935
424,L83107,Ferr Sulf_Tab 200mg,0901011P0AAACAC,16,28.184799999999996
425,L83107,Memantine HCl_Tab 20mg,0411000G0AAADAD,1,0.004899999999999995
426,L83107,Paracet_Tab 500mg,0407010H0AAAMAM,74,-0.4143999999999975
427,L83107,Rosuvastatin Calc_Tab 5mg,0212000AAAAADAD,8,-0.02240000000000064
428,L83112,Aripiprazole_Tab 5mg,0402010ADAAADAD,8,-0.02240000000000064
429,L83112,Atorvastatin_Tab 10mg,0212000B0AAAAAA,19,0.03990000000000022
430,L83112,Clonazepam_Tab 500mcg,0408010F0AAABAB,4,1.5819999999999967
431,L83112,Ferr Sulf_Tab 200mg,0901011P0AAACAC,36,0.05599999999999966
432,L83112,Paracet_Tab 500mg,0407010H0AAAMAM,86,-0.13919999999999916
433,L83113,Aripiprazole_Tab 5mg,0402010ADAAADAD,4,-0.0048000000000001375
434,L83113,Atorvastatin_Tab 10mg,0212000B0AAAAAA,12,0.02520000000000014
435,L83113,Clonazepam_Tab 500mcg,0408010F0AAABAB,4,0.6327999999999987
436,L83113,Ferr Sulf_Tab 200mg,0901011P0AAACAC,32,0.12439999999999896
437,L83113,Paracet_Tab 500mg,0407010H0AAAMAM,196,-0.5083999999999969
438,L83113,Rosuvastatin Calc_Tab 5mg,0212000AAAAADAD,4,-0.01120000000000032
439,L83115,Aripiprazole_Tab 5mg,0402010ADAAADAD,5,-0.007000000000000395
440,L83115,Atorvastatin_Tab 10mg,0212000B0AAAAAA,8,0.016800000000000093
441,L83115,Ferr Sulf_Tab 200mg,0901011P0AAACAC,12,0.05319999999999968
442,L83115,Paracet_Tab 500mg,0407010H0AAAMAM,148,-0.323999999999998
443,L83116,Clonazepam_Tab 500mcg,0408010F0AAABAB,5,5.333599999999989
444,L83116,Ferr Sulf_Tab 200mg,0901011P0AAACAC,4,-0.00840000000000024
445,L83116,Memantine HCl_Tab 20mg,0411000G0AAADAD,3,0.014699999999999984
446,L83116,Paracet_Tab 500mg,0407010H0AAAMAM,34,-0.11439999999999932
447,L83117,Atorvastatin_Tab 10mg,0212000B0AAAAAA,4,0.008400000000000046
448,L83117,Ferr Sulf_Tab 200mg,0901011P0AAACAC,4,-0.00840000000000024
449,L83117,Paracet_Tab 500mg,0407010H0AAAMAM,12,-0.0167999999999999
450,L83125,Clonazepam_Tab 500mcg,0408010F0AAABAB,4,1.2655999999999974
451,L83125,Ferr Sulf_Tab 200mg,0901011P0AAACAC,11,0.02119999999999947
452,L83125,Paracet_Tab 500mg,0407010H0AAAMAM,44,-0.2463999999999985
453,L83127,Aripiprazole_Tab 5mg,0402010ADAAADAD,2,0.00019999999999981144
454,L83127,Clonazepam_Tab 500mcg,0408010F0AAABAB,3,2.531199999999995
455,L83127,Ferr Sulf_Tab 200mg,0901011P0AAACAC,5,0.027199999999999835
456,L83127,Memantine HCl_Tab 20mg,0411000G0AAADAD,20,255.1948
457,L83127,Montelukast_Tab 10mg,0303020G0AAABAB,8,48.7424
458,L83127,Paracet_Tab 500mg,0407010H0AAAMAM,100,61.85360000000001
459,L83128,Atorvastatin_Tab 10mg,0212000B0AAAAAA,24,23.261
460,L83128,Clonazepam_Tab 500mcg,0408010F0AAABAB,12,4.158399999999991
461,L83128,Ferr Sulf_Tab 200mg,0901011P0AAACAC,4,0.011199999999999932
462,L83128,Montelukast_Tab 10mg,0303020G0AAABAB,13,24.388
463,L83128,Paracet_Tab 500mg,0407010H0AAAMAM,346,39.81600000000003
464,L83129,Clonazepam_Tab 500mcg,0408010F0AAABAB,2,0.6327999999999987
465,L83129,Paracet_Tab 500mg,0407010H0AAAMAM,146,29.84400000000002
466,L83134,Atorvastatin_Tab 10mg,0212000B0AAAAAA,4,0.008400000000000046
467,L83134,Clonazepam_Tab 500mcg,0408010F0AAABAB,3,1.7853999999999963
468,L83134,Ferr Sulf_Tab 200mg,0901011P0AAACAC,13,0.07279999999999956
469,L83134,Paracet_Tab 500mg,0407010H0AAAMAM,80,10.091200000000013
470,L83134,Rosuvastatin Calc_Tab 5mg,0212000AAAAADAD,4,-0.01120000000000032
471,L83136,Atorvastatin_Tab 10mg,0212000B0AAAAAA,51,23.297600000000003
472,L83136,Atorvastatin_Tab 20mg,0212000B0AAABAB,286,157.77040000000005
473,L83136,Betahistine HCl_Tab 16mg,0406000B0AAABAB,12,-0.907199999999998
474,L83136,Clonazepam_Tab 500mcg,0408010F0AAABAB,4,4.113199999999992
475,L83136,Montelukast_Tab 10mg,0303020G0AAABAB,1,-0.004499999999999921
476,L83136,Paracet_Tab 500mg,0407010H0AAAMAM,144,-0.24479999999999852
477,L83136,Rosuvastatin Calc_Tab 5mg,0212000AAAAADAD,2,30.5536
478,L83137,Aripiprazole_Tab 5mg,0402010ADAAADAD,1,0.004199999999999926
479,L83137,Atorvastatin_Tab 10mg,0212000B0AAAAAA,1,0.004199999999999975
480,L83137,Betahistine HCl_Tab 16mg,0406000B0AAABAB,6,9.0216
481,L83137,Clonazepam_Tab 500mcg,0408010F0AAABAB,2,0.949199999999998
482,L83137,Paracet_Tab 500mg,0407010H0AAAMAM,336,63.0376000000001
483,L83139,Atorvastatin_Tab 20mg,0212000B0AAABAB,1,-0.0029999999999998778
484,L83139,Clonazepam_Tab 500mcg,0408010F0AAABAB,1,0.31639999999999935
485,L83143,Atorvastatin_Tab 10mg,0212000B0AAAAAA,4,0.008400000000000046
486,L83143,Atorvastatin_Tab 20mg,0212000B0AAABAB,15,39.417
487,L83143,Clonazepam_Tab 500mcg,0408010F0AAABAB,1,0.949199999999998
488,L83143,Memantine HCl_Tab 20mg,0411000G0AAADAD,4,0.01959999999999998
489,L83143,Paracet_Tab 500mg,0407010H0AAAMAM,54,-0.22399999999999864
490,L83147,Aripiprazole_Tab 5mg,0402010ADAAADAD,6,-0.025000000000003797
491,L83147,Atorvastatin_Tab 10mg,0212000B0AAAAAA,22,0.046200000000000255
492,L83147,Clonazepam_Tab 500mcg,0408010F0AAABAB,24,10.226499999999978
493,L83147,Ferr Sulf_Tab 200mg,0901011P0AAACAC,9,0.005599999999999675
494,L83147,Paracet_Tab 500mg,0407010H0AAAMAM,156,-0.7251999999999956
495,L83616,Aripiprazole_Tab 5mg,0402010ADAAADAD,1,-0.00280000000000008
496,L83616,Atorvastatin_Tab 10mg,0212000B0AAAAAA,8,0.016800000000000093
497,L83616,Ferr Sulf_Tab 200mg,0901011P0AAACAC,4,0.022399999999999864
498,L83616,Paracet_Tab 500mg,0407010H0AAAMAM,34,-0.0327999999999998
499,L83624,Atorvastatin_Tab 10mg,0212000B0AAAAAA,36,0.07560000000000042
500,L83624,Atorvastatin_Tab 20mg,0212000B0AAABAB,103,22.495200000000004
501,L83624,Betahistine HCl_Tab 16mg,0406000B0AAABAB,16,-3.309600000000004
502,L83624,Clonazepam_Tab 500mcg,0408010F0AAABAB,5,2.2567999999999957
503,L83624,Ferr Sulf_Tab 200mg,0901011P0AAACAC,35,0.062299999999998676
504,L83624,Memantine HCl_Tab 20mg,0411000G0AAADAD,11,0.05389999999999994
505,L83624,Paracet_Tab 500mg,0407010H0AAAMAM,214,-3.957599999999976
506,L83624,Rosuvastatin Calc_Tab 5mg,0212000AAAAADAD,3,45.836
507,L83627,Atorvastatin_Tab 10mg,0212000B0AAAAAA,6,0.01260000000000007
508,L83627,Clonazepam_Tab 500mcg,0408010F0AAABAB,8,3.548199999999993
509,L83627,Ferr Sulf_Tab 200mg,0901011P0AAACAC,9,0.0006999999999996315
510,L83627,Paracet_Tab 500mg,0407010H0AAAMAM,190,20.260800000000028
511,L83628,Atorvastatin_Tab 10mg,0212000B0AAAAAA,24,0.05040000000000028
512,L83628,Clonazepam_Tab 500mcg,0408010F0AAABAB,23,2.768499999999994
513,L83628,Ferr Sulf_Tab 200mg,0901011P0AAACAC,4,0.011199999999999932
514,L83628,Paracet_Tab 500mg,0407010H0AAAMAM,314,19.761999999999993
515,L83639,Clonazepam_Tab 500mcg,0408010F0AAABAB,1,0.31639999999999935
516,L83639,Ferr Sulf_Tab 200mg,0901011P0AAACAC,4,-0.00840000000000024
517,L83639,Paracet_Tab 500mg,0407010H0AAAMAM,22,-0.07679999999999954
518,L83642,Aripiprazole_Tab 5mg,0402010ADAAADAD,4,-0.01120000000000032
519,L83642,Atorvastatin_Tab 10mg,0212000B0AAAAAA,4,0.008400000000000046
520,L83642,Clonazepam_Tab 500mcg,0408010F0AAABAB,6,3.1639999999999935
521,L83642,Ferr Sulf_Tab 200mg,0901011P0AAACAC,20,0.09239999999999944
522,L83642,Paracet_Tab 500mg,0407010H0AAAMAM,66,-0.07279999999999959
523,L83644,Atorvastatin_Tab 10mg,0212000B0AAAAAA,4,0.008400000000000046
524,L83644,Atorvastatin_Tab 20mg,0212000B0AAABAB,26,1.1648000000000032
525,L83644,Betahistine HCl_Tab 16mg,0406000B0AAABAB,1,36.187200000000004
526,L83644,Clonazepam_Tab 500mcg,0408010F0AAABAB,4,3.2091999999999934
527,L83644,Ferr Sulf_Tab 200mg,0901011P0AAACAC,8,-0.01680000000000048
528,L83644,Paracet_Tab 500mg,0407010H0AAAMAM,150,11.043200000000006
529,L83646,Aripiprazole_Tab 5mg,0402010ADAAADAD,4,0.008399999999999075
530,L83646,Atorvastatin_Tab 10mg,0212000B0AAAAAA,27,46.50830000000001
531,L83646,Atorvastatin_Tab 20mg,0212000B0AAABAB,192,293.0394
532,L83646,Betahistine HCl_Tab 16mg,0406000B0AAABAB,7,-2.0580000000000016
533,L83646,Clonazepam_Tab 500mcg,0408010F0AAABAB,8,2.6215999999999946
534,L83646,Ferr Sulf_Tab 200mg,0901011P0AAACAC,12,0.03639999999999949
535,L83646,Memantine HCl_Tab 20mg,0411000G0AAADAD,4,0.01959999999999998
536,L83646,Montelukast_Tab 10mg,0303020G0AAABAB,13,24.388
537,L83646,Paracet_Tab 500mg,0407010H0AAAMAM,156,-0.43079999999999746
538,L83646,Rosuvastatin Calc_Tab 5mg,0212000AAAAADAD,11,45.8136
539,L83648,Aripiprazole_Tab 5mg,0402010ADAAADAD,5,-0.014000000000000401
540,L83648,Atorvastatin_Tab 10mg,0212000B0AAAAAA,15,0.031500000000000174
541,L83648,Atorvastatin_Tab 20mg,0212000B0AAABAB,1,0.006000000000000172
542,L83648,Clonazepam_Tab 500mcg,0408010F0AAABAB,4,2.1017999999999954
543,L83648,Ferr Sulf_Tab 200mg,0901011P0AAACAC,20,0.06599999999999848
544,L83648,Memantine HCl_Tab 20mg,0411000G0AAADAD,4,0.01959999999999998
545,L83648,Paracet_Tab 500mg,0407010H0AAAMAM,62,-0.17199999999999901
546,L83651,Aripiprazole_Tab 5mg,0402010ADAAADAD,5,-0.014000000000000401
547,L83651,Atorvastatin_Tab 20mg,0212000B0AAABAB,1,-0.0029999999999998778
548,L83651,Clonazepam_Tab 500mcg,0408010F0AAABAB,3,3.480399999999993
549,L83651,Ferr Sulf_Tab 200mg,0901011P0AAACAC,7,0.025199999999999848
550,L83651,Paracet_Tab 500mg,0407010H0AAAMAM,236,0.7157999999999956
551,L83655,Atorvastatin_Tab 10mg,0212000B0AAAAAA,22,0.046200000000000255
552,L83655,Clonazepam_Tab 500mcg,0408010F0AAABAB,7,3.596399999999993
553,L83655,Ferr Sulf_Tab 200mg,0901011P0AAACAC,15,0.03119999999999952
554,L83655,Paracet_Tab 500mg,0407010H0AAAMAM,138,-0.4243999999999967
555,L83663,Atorvastatin_Tab 10mg,0212000B0AAAAAA,8,0.016800000000000093
556,L83663,Ferr Sulf_Tab 200mg,0901011P0AAACAC,4,0.022399999999999864
557,L83663,Memantine HCl_Tab 20mg,0411000G0AAADAD,8,0.03919999999999996
558,L83663,Paracet_Tab 500mg,0407010H0AAAMAM,16,-0.08959999999999946
559,L83673,Aripiprazole_Tab 5mg,0402010ADAAADAD,3,0.012599999999999778
560,L83673,Ferr Sulf_Tab 200mg,0901011P0AAACAC,12,0.005599999999999383
561,L83673,Paracet_Tab 500mg,0407010H0AAAMAM,48,-0.19039999999999885
562,Y00192,Atorvastatin_Tab 10mg,0212000B0AAAAAA,3,0.0005000000000000213
563,Y00192,Atorvastatin_Tab 20mg,0212000B0AAABAB,2,-0.008199999999999971
564,Y00192,Betahistine HCl_Tab 16mg,0406000B0AAABAB,1,-0.006000000000000172
565,Y00192,Clonazepam_Tab 500mcg,0408010F0AAABAB,2,0.12149999999999983
566,Y00192,Ferr Sulf_Tab 200mg,0901011P0AAACAC,1,0.002799999999999983
567,Y00192,Memantine HCl_Tab 20mg,0411000G0AAADAD,1,0.004899999999999995
568,Y00192,Paracet_Tab 500mg,0407010H0AAAMAM,10,-0.05279999999999979
569,Y00568,Ferr Sulf_Tab 200mg,0901011P0AAACAC,6,0.03739999999999925
570,Y00568,Paracet_Tab 500mg,0407010H0AAAMAM,90,0.8607999999999949
571,Y02633,Atorvastatin_Tab 10mg,0212000B0AAAAAA,20,0.04200000000000023
572,Y02633,Atorvastatin_Tab 20mg,0212000B0AAABAB,1,-0.0007999999999999674
573,Y02633,Clonazepam_Tab 500mcg,0408010F0AAABAB,3,1.1073999999999977
574,Y02633,Memantine HCl_Tab 20mg,0411000G0AAADAD,4,0.01959999999999998
575,Y02633,Paracet_Tab 500mg,0407010H0AAAMAM,100,-0.29119999999999824
576,Y04662,Clonazepam_Tab 500mcg,0408010F0AAABAB,1,0.6779999999999986
577,Y04662,Paracet_Tab 500mg,0407010H0AAAMAM,16,0.058799999999999644
