,practice_code,bnf_description,bnf_code,items,excess_cost
29,G85651,Phenytoin_Sod Tab 100mg,0408010Q0AAAGAG,1,179.09639999999996
49,G85119,Colecal_Cap 400u,0906040G0AABIBI,1,153.03599999999997
0,G85726,Mesalazine_Tab E/C 400mg,0105010B0AAAAAA,1,102.67199999999998
1,G85006,Mesalazine_Tab E/C 400mg,0105010B0AAAAAA,8,95.82719999999999
34,G85034,Risperidone_Tab 6mg,040201030AAAFAF,12,87.696
2,G85042,Mesalazine_Tab E/C 400mg,0105010B0AAAAAA,1,59.89199999999999
3,G85034,Mesalazine_Tab E/C 400mg,0105010B0AAAAAA,3,47.93039999999999
5,G85030,Mesalazine_Tab E/C 400mg,0105010B0AAAAAA,1,47.913599999999995
4,G85034,Mesalazine_Tab E/C 400mg,0105010B0AAAAAA,1,47.913599999999995
38,G85030,Mesalazine_Tab E/C 800mg,0105010B0AAASAS,2,45.920000000000016
39,G85087,Mesalazine_Tab E/C 800mg,0105010B0AAASAS,1,45.91999999999999
42,G85030,Mesalazine_Tab E/C 800mg,0105010B0AAASAS,1,36.89999999999999
40,G85091,Mesalazine_Tab E/C 800mg,0105010B0AAASAS,1,36.89999999999999
41,G85681,Mesalazine_Tab E/C 800mg,0105010B0AAASAS,1,36.89999999999999
6,G85013,Mesalazine_Tab E/C 400mg,0105010B0AAAAAA,1,34.224
7,G85050,Mesalazine_Tab E/C 400mg,0105010B0AAAAAA,1,34.224
8,G85034,Mesalazine_Tab E/C 400mg,0105010B0AAAAAA,1,34.224
9,G85644,Mesalazine_Tab E/C 400mg,0105010B0AAAAAA,2,34.199999999999996
10,G85091,Mesalazine_Tab E/C 400mg,0105010B0AAAAAA,4,31.942399999999996
35,G85087,Risperidone_Tab 6mg,040201030AAAFAF,4,29.232
36,G85034,Risperidone_Tab 6mg,040201030AAAFAF,1,29.2096
37,G85721,Risperidone_Tab 6mg,040201030AAAFAF,1,29.2096
12,G85013,Mesalazine_Tab E/C 400mg,0105010B0AAAAAA,1,23.956799999999998
11,G85134,Mesalazine_Tab E/C 400mg,0105010B0AAAAAA,1,23.956799999999998
43,G85087,Mesalazine_Tab E/C 800mg,0105010B0AAASAS,5,21.546000000000006
13,G85034,Mesalazine_Tab E/C 400mg,0105010B0AAAAAA,2,17.112000000000002
15,G85042,Mesalazine_Tab E/C 400mg,0105010B0AAAAAA,1,17.099999999999998
14,G85726,Mesalazine_Tab E/C 400mg,0105010B0AAAAAA,1,17.099999999999998
16,G85721,Mesalazine_Tab E/C 400mg,0105010B0AAAAAA,4,15.971199999999998
44,G85013,Mesalazine_Tab E/C 800mg,0105010B0AAASAS,1,12.293999999999999
17,G85034,Mesalazine_Tab E/C 400mg,0105010B0AAAAAA,1,11.978399999999999
18,G85119,Mesalazine_Tab E/C 400mg,0105010B0AAAAAA,1,11.978399999999999
19,G85034,Mesalazine_Tab E/C 400mg,0105010B0AAAAAA,4,11.969999999999999
198,G85685,Topiramate_Cap 50mg,040801050AAAWAW,1,7.703999999999991
203,G85642,Pyridox HCl_Tab 50mg,0906024N0AAAIAI,8,5.745600000000001
199,G85006,Topiramate_Cap 50mg,040801050AAAWAW,1,4.793599999999994
155,G85052,Buprenorphine_Tab Subling 400mcg S/F,0410030A0AAACAC,4,4.5696
156,G85034,Buprenorphine_Tab Subling 400mcg S/F,0410030A0AAACAC,6,4.5696
58,G85034,Clonazepam_Tab 500mcg,0408010F0AAABAB,24,3.796799999999992
157,G85651,Buprenorphine_Tab Subling 400mcg S/F,0410030A0AAACAC,2,3.0464
158,G85052,Buprenorphine_Tab Subling 400mcg S/F,0410030A0AAACAC,2,3.0464
159,G85138,Buprenorphine_Tab Subling 400mcg S/F,0410030A0AAACAC,1,3.0464
204,G85034,Pyridox HCl_Tab 50mg,0906024N0AAAIAI,1,2.8728000000000007
165,G85034,Amiodarone HCl_Tab 200mg,0203020D0AAABAB,4,2.8000000000000025
60,G85034,Clonazepam_Tab 500mcg,0408010F0AAABAB,1,2.531199999999995
59,G85042,Clonazepam_Tab 500mcg,0408010F0AAABAB,16,2.531199999999995
200,G85084,Topiramate_Cap 50mg,040801050AAAWAW,1,2.396799999999997
201,G85119,Topiramate_Cap 50mg,040801050AAAWAW,4,2.3855999999999984
160,G85651,Buprenorphine_Tab Subling 400mcg S/F,0410030A0AAACAC,2,2.2848
161,G85034,Buprenorphine_Tab Subling 400mcg S/F,0410030A0AAACAC,2,2.2848
65,G85138,Clonazepam_Tab 500mcg,0408010F0AAABAB,2,2.2599999999999953
64,G85685,Clonazepam_Tab 500mcg,0408010F0AAABAB,1,2.2599999999999953
63,G85623,Clonazepam_Tab 500mcg,0408010F0AAABAB,1,2.2599999999999953
61,G85685,Clonazepam_Tab 500mcg,0408010F0AAABAB,2,2.2599999999999953
62,G85642,Clonazepam_Tab 500mcg,0408010F0AAABAB,1,2.2599999999999953
66,G85034,Clonazepam_Tab 500mcg,0408010F0AAABAB,7,2.2147999999999954
166,G85034,Amiodarone HCl_Tab 200mg,0203020D0AAABAB,2,2.100000000000002
205,G85112,Pyridox HCl_Tab 50mg,0906024N0AAAIAI,1,1.9152000000000005
72,G85040,Clonazepam_Tab 500mcg,0408010F0AAABAB,2,1.898399999999996
74,G85034,Clonazepam_Tab 500mcg,0408010F0AAABAB,2,1.898399999999996
73,G85042,Clonazepam_Tab 500mcg,0408010F0AAABAB,3,1.898399999999996
71,G85125,Clonazepam_Tab 500mcg,0408010F0AAABAB,3,1.898399999999996
70,G85084,Clonazepam_Tab 500mcg,0408010F0AAABAB,1,1.898399999999996
69,G85112,Clonazepam_Tab 500mcg,0408010F0AAABAB,1,1.898399999999996
67,G85040,Clonazepam_Tab 500mcg,0408010F0AAABAB,1,1.898399999999996
68,G85034,Clonazepam_Tab 500mcg,0408010F0AAABAB,3,1.898399999999996
75,G85034,Clonazepam_Tab 500mcg,0408010F0AAABAB,1,1.5819999999999967
76,G85051,Clonazepam_Tab 500mcg,0408010F0AAABAB,4,1.5819999999999967
163,G85034,Buprenorphine_Tab Subling 400mcg S/F,0410030A0AAACAC,1,1.5232
162,G85013,Buprenorphine_Tab Subling 400mcg S/F,0410030A0AAACAC,1,1.5232
207,G85632,Pyridox HCl_Tab 50mg,0906024N0AAAIAI,4,1.4364000000000003
206,G85034,Pyridox HCl_Tab 50mg,0906024N0AAAIAI,1,1.4364000000000003
167,G85685,Amiodarone HCl_Tab 200mg,0203020D0AAABAB,2,1.4000000000000012
168,G85623,Amiodarone HCl_Tab 200mg,0203020D0AAABAB,2,1.4000000000000012
77,G85001,Clonazepam_Tab 500mcg,0408010F0AAABAB,4,1.3559999999999972
202,G85006,Topiramate_Cap 50mg,040801050AAAWAW,1,1.2839999999999985
86,G85642,Clonazepam_Tab 500mcg,0408010F0AAABAB,8,1.2655999999999974
85,G85685,Clonazepam_Tab 500mcg,0408010F0AAABAB,2,1.2655999999999974
84,G85013,Clonazepam_Tab 500mcg,0408010F0AAABAB,1,1.2655999999999974
83,G85138,Clonazepam_Tab 500mcg,0408010F0AAABAB,2,1.2655999999999974
82,G85034,Clonazepam_Tab 500mcg,0408010F0AAABAB,1,1.2655999999999974
81,G85019,Clonazepam_Tab 500mcg,0408010F0AAABAB,4,1.2655999999999974
80,G85040,Clonazepam_Tab 500mcg,0408010F0AAABAB,1,1.2655999999999974
79,G85006,Clonazepam_Tab 500mcg,0408010F0AAABAB,2,1.2655999999999974
78,G85013,Clonazepam_Tab 500mcg,0408010F0AAABAB,2,1.2655999999999974
164,G85632,Buprenorphine_Tab Subling 400mcg S/F,0410030A0AAACAC,1,1.1424
87,G85050,Clonazepam_Tab 500mcg,0408010F0AAABAB,1,1.1299999999999977
88,G85112,Clonazepam_Tab 500mcg,0408010F0AAABAB,1,1.1299999999999977
89,G85031,Clonazepam_Tab 500mcg,0408010F0AAABAB,1,1.1073999999999977
90,G85685,Clonazepam_Tab 500mcg,0408010F0AAABAB,2,1.0751999999999988
91,G85119,Clonazepam_Tab 500mcg,0408010F0AAABAB,3,1.016999999999998
210,G85685,Pyridox HCl_Tab 50mg,0906024N0AAAIAI,1,0.9576000000000002
209,G85715,Pyridox HCl_Tab 50mg,0906024N0AAAIAI,4,0.9576000000000002
208,G85034,Pyridox HCl_Tab 50mg,0906024N0AAAIAI,2,0.9576000000000002
92,G85726,Clonazepam_Tab 500mcg,0408010F0AAABAB,4,0.949199999999998
93,G85042,Clonazepam_Tab 500mcg,0408010F0AAABAB,3,0.949199999999998
94,G85042,Clonazepam_Tab 500mcg,0408010F0AAABAB,1,0.949199999999998
95,G85125,Clonazepam_Tab 500mcg,0408010F0AAABAB,1,0.949199999999998
96,G85082,Clonazepam_Tab 500mcg,0408010F0AAABAB,1,0.949199999999998
97,G85034,Clonazepam_Tab 500mcg,0408010F0AAABAB,4,0.949199999999998
98,G85651,Clonazepam_Tab 500mcg,0408010F0AAABAB,1,0.949199999999998
182,G85084,Amiodarone HCl_Tab 200mg,0203020D0AAABAB,1,0.7000000000000006
181,G85091,Amiodarone HCl_Tab 200mg,0203020D0AAABAB,1,0.7000000000000006
177,G85031,Amiodarone HCl_Tab 200mg,0203020D0AAABAB,1,0.7000000000000006
180,G85125,Amiodarone HCl_Tab 200mg,0203020D0AAABAB,1,0.7000000000000006
179,G85087,Amiodarone HCl_Tab 200mg,0203020D0AAABAB,1,0.7000000000000006
178,G85721,Amiodarone HCl_Tab 200mg,0203020D0AAABAB,1,0.7000000000000006
170,G85029,Amiodarone HCl_Tab 200mg,0203020D0AAABAB,1,0.7000000000000006
174,G85705,Amiodarone HCl_Tab 200mg,0203020D0AAABAB,1,0.7000000000000006
169,G85051,Amiodarone HCl_Tab 200mg,0203020D0AAABAB,1,0.7000000000000006
175,G85651,Amiodarone HCl_Tab 200mg,0203020D0AAABAB,1,0.7000000000000006
171,G85726,Amiodarone HCl_Tab 200mg,0203020D0AAABAB,1,0.7000000000000006
172,G85013,Amiodarone HCl_Tab 200mg,0203020D0AAABAB,2,0.7000000000000006
173,G85042,Amiodarone HCl_Tab 200mg,0203020D0AAABAB,1,0.7000000000000006
176,G85632,Amiodarone HCl_Tab 200mg,0203020D0AAABAB,1,0.7000000000000006
105,G85034,Clonazepam_Tab 500mcg,0408010F0AAABAB,1,0.6779999999999986
104,G85052,Clonazepam_Tab 500mcg,0408010F0AAABAB,1,0.6779999999999986
103,G85001,Clonazepam_Tab 500mcg,0408010F0AAABAB,1,0.6779999999999986
102,G85029,Clonazepam_Tab 500mcg,0408010F0AAABAB,1,0.6779999999999986
101,G85051,Clonazepam_Tab 500mcg,0408010F0AAABAB,1,0.6779999999999986
100,G85030,Clonazepam_Tab 500mcg,0408010F0AAABAB,1,0.6779999999999986
99,G85681,Clonazepam_Tab 500mcg,0408010F0AAABAB,1,0.6779999999999986
183,G85013,Amiodarone HCl_Tab 200mg,0203020D0AAABAB,8,0.6776
184,G85082,Amiodarone HCl_Tab 200mg,0203020D0AAABAB,8,0.6776
185,G85034,Amiodarone HCl_Tab 200mg,0203020D0AAABAB,8,0.6776
107,G85006,Clonazepam_Tab 500mcg,0408010F0AAABAB,4,0.6327999999999987
110,G85106,Clonazepam_Tab 500mcg,0408010F0AAABAB,1,0.6327999999999987
109,G85019,Clonazepam_Tab 500mcg,0408010F0AAABAB,1,0.6327999999999987
119,G85125,Clonazepam_Tab 500mcg,0408010F0AAABAB,2,0.6327999999999987
118,G85052,Clonazepam_Tab 500mcg,0408010F0AAABAB,2,0.6327999999999987
117,G85119,Clonazepam_Tab 500mcg,0408010F0AAABAB,1,0.6327999999999987
116,G85029,Clonazepam_Tab 500mcg,0408010F0AAABAB,2,0.6327999999999987
115,G85726,Clonazepam_Tab 500mcg,0408010F0AAABAB,2,0.6327999999999987
114,G85623,Clonazepam_Tab 500mcg,0408010F0AAABAB,1,0.6327999999999987
113,G85119,Clonazepam_Tab 500mcg,0408010F0AAABAB,2,0.6327999999999987
111,G85030,Clonazepam_Tab 500mcg,0408010F0AAABAB,4,0.6327999999999987
112,G85006,Clonazepam_Tab 500mcg,0408010F0AAABAB,8,0.6327999999999987
108,G85112,Clonazepam_Tab 500mcg,0408010F0AAABAB,2,0.6327999999999987
106,G85029,Clonazepam_Tab 500mcg,0408010F0AAABAB,1,0.6327999999999987
120,G85681,Clonazepam_Tab 500mcg,0408010F0AAABAB,5,0.58
121,G85001,Clonazepam_Tab 500mcg,0408010F0AAABAB,1,0.5699999999999983
122,G85726,Clonazepam_Tab 500mcg,0408010F0AAABAB,4,0.48839999999999995
211,G85034,Pyridox HCl_Tab 50mg,0906024N0AAAIAI,4,0.4788000000000001
212,G85030,Pyridox HCl_Tab 50mg,0906024N0AAAIAI,1,0.4788000000000001
213,G85623,Pyridox HCl_Tab 50mg,0906024N0AAAIAI,6,0.39360000000000195
186,G85125,Amiodarone HCl_Tab 200mg,0203020D0AAABAB,1,0.3500000000000003
187,G85623,Amiodarone HCl_Tab 200mg,0203020D0AAABAB,1,0.3500000000000003
188,G85715,Amiodarone HCl_Tab 200mg,0203020D0AAABAB,1,0.3500000000000003
123,G85034,Clonazepam_Tab 500mcg,0408010F0AAABAB,2,0.348
125,G85726,Clonazepam_Tab 500mcg,0408010F0AAABAB,1,0.3389999999999993
124,G85006,Clonazepam_Tab 500mcg,0408010F0AAABAB,1,0.3389999999999993
126,G85685,Clonazepam_Tab 500mcg,0408010F0AAABAB,1,0.3389999999999993
194,G85019,Amiodarone HCl_Tab 200mg,0203020D0AAABAB,4,0.3388
189,G85040,Amiodarone HCl_Tab 200mg,0203020D0AAABAB,4,0.3388
190,G85001,Amiodarone HCl_Tab 200mg,0203020D0AAABAB,4,0.3388
191,G85721,Amiodarone HCl_Tab 200mg,0203020D0AAABAB,4,0.3388
192,G85651,Amiodarone HCl_Tab 200mg,0203020D0AAABAB,4,0.3388
193,G85042,Amiodarone HCl_Tab 200mg,0203020D0AAABAB,4,0.3388
195,G85623,Amiodarone HCl_Tab 200mg,0203020D0AAABAB,4,0.3388
196,G85030,Amiodarone HCl_Tab 200mg,0203020D0AAABAB,4,0.3388
197,G85125,Amiodarone HCl_Tab 200mg,0203020D0AAABAB,4,0.3388
129,G85726,Clonazepam_Tab 500mcg,0408010F0AAABAB,4,0.31639999999999935
135,G85040,Clonazepam_Tab 500mcg,0408010F0AAABAB,1,0.31639999999999935
134,G85082,Clonazepam_Tab 500mcg,0408010F0AAABAB,4,0.31639999999999935
137,G85644,Clonazepam_Tab 500mcg,0408010F0AAABAB,4,0.31639999999999935
130,G85681,Clonazepam_Tab 500mcg,0408010F0AAABAB,2,0.31639999999999935
127,G85001,Clonazepam_Tab 500mcg,0408010F0AAABAB,1,0.31639999999999935
131,G85132,Clonazepam_Tab 500mcg,0408010F0AAABAB,4,0.31639999999999935
136,G85138,Clonazepam_Tab 500mcg,0408010F0AAABAB,2,0.31639999999999935
133,G85723,Clonazepam_Tab 500mcg,0408010F0AAABAB,1,0.31639999999999935
132,G85721,Clonazepam_Tab 500mcg,0408010F0AAABAB,4,0.31639999999999935
128,G85138,Clonazepam_Tab 500mcg,0408010F0AAABAB,4,0.31639999999999935
139,G85138,Clonazepam_Tab 500mcg,0408010F0AAABAB,1,0.31639999999999935
140,G85651,Clonazepam_Tab 500mcg,0408010F0AAABAB,1,0.31639999999999935
141,G85087,Clonazepam_Tab 500mcg,0408010F0AAABAB,4,0.31639999999999935
142,G85132,Clonazepam_Tab 500mcg,0408010F0AAABAB,1,0.31639999999999935
143,G85632,Clonazepam_Tab 500mcg,0408010F0AAABAB,1,0.31639999999999935
144,G85013,Clonazepam_Tab 500mcg,0408010F0AAABAB,1,0.31639999999999935
138,G85119,Clonazepam_Tab 500mcg,0408010F0AAABAB,4,0.31639999999999935
214,G85091,Pyridox HCl_Tab 50mg,0906024N0AAAIAI,4,0.2624000000000013
145,G85685,Clonazepam_Tab 500mcg,0408010F0AAABAB,4,0.16959999999999997
147,G85623,Clonazepam_Tab 500mcg,0408010F0AAABAB,1,0.15819999999999967
148,G85125,Clonazepam_Tab 500mcg,0408010F0AAABAB,2,0.15819999999999967
149,G85031,Clonazepam_Tab 500mcg,0408010F0AAABAB,1,0.15819999999999967
150,G85050,Clonazepam_Tab 500mcg,0408010F0AAABAB,1,0.15819999999999967
146,G85125,Clonazepam_Tab 500mcg,0408010F0AAABAB,1,0.15819999999999967
151,G85623,Clonazepam_Tab 500mcg,0408010F0AAABAB,1,0.1367999999999996
152,G85013,Clonazepam_Tab 500mcg,0408010F0AAABAB,1,0.11599999999999999
153,G85030,Clonazepam_Tab 500mcg,0408010F0AAABAB,1,0.07909999999999984
154,G85623,Clonazepam_Tab 500mcg,0408010F0AAABAB,1,0.057999999999999996
50,G85034,Colecal_Cap 400u,0906040G0AABIBI,7,0.029399999999999482
30,G85034,Phenytoin_Sod Tab 100mg,0408010Q0AAAGAG,4,0.025199999999997225
32,G85001,Phenytoin_Sod Tab 100mg,0408010Q0AAAGAG,4,0.025199999999997225
31,G85013,Phenytoin_Sod Tab 100mg,0408010Q0AAAGAG,4,0.025199999999997225
45,G85087,Mesalazine_Tab E/C 800mg,0105010B0AAASAS,5,0.021000000000009345
33,G85001,Phenytoin_Sod Tab 100mg,0408010Q0AAAGAG,4,0.019599999999999396
51,G85721,Colecal_Cap 400u,0906040G0AABIBI,4,0.016799999999999704
52,G85623,Colecal_Cap 400u,0906040G0AABIBI,2,0.008399999999999852
53,G85138,Colecal_Cap 400u,0906040G0AABIBI,1,0.004199999999999926
46,G85013,Mesalazine_Tab E/C 800mg,0105010B0AAASAS,1,-0.005999999999999339
55,G85034,Colecal_Cap 400u,0906040G0AABIBI,1,-0.006000000000000172
54,G85051,Colecal_Cap 400u,0906040G0AABIBI,1,-0.006000000000000172
20,G85034,Mesalazine_Tab E/C 400mg,0105010B0AAAAAA,4,-0.008399999999999075
56,G85125,Colecal_Cap 400u,0906040G0AABIBI,4,-0.01120000000000032
21,G85042,Mesalazine_Tab E/C 400mg,0105010B0AAAAAA,1,-0.011999999999998678
22,G85726,Mesalazine_Tab E/C 400mg,0105010B0AAAAAA,1,-0.011999999999998678
23,G85644,Mesalazine_Tab E/C 400mg,0105010B0AAAAAA,2,-0.023999999999997357
57,G85034,Colecal_Cap 400u,0906040G0AABIBI,11,-0.030800000000000882
24,G85685,Mesalazine_Tab E/C 400mg,0105010B0AAAAAA,1,-15.971199999999998
25,G85034,Mesalazine_Tab E/C 400mg,0105010B0AAAAAA,2,-17.111999999999995
26,G85034,Mesalazine_Tab E/C 400mg,0105010B0AAAAAA,3,-23.939999999999994
47,G85112,Mesalazine_Tab E/C 800mg,0105010B0AAASAS,1,-36.89999999999999
27,G85685,Mesalazine_Tab E/C 400mg,0105010B0AAAAAA,1,-42.779999999999994
48,G85030,Mesalazine_Tab E/C 800mg,0105010B0AAASAS,2,-45.919999999999966
28,G85681,Mesalazine_Tab E/C 400mg,0105010B0AAAAAA,1,-51.33599999999999
