,practice_code,bnf_description,bnf_code,items,excess_cost
114,F81082,Bicalutamide_Tab 150mg,0803042A0AAABAB,1,228.60040000000004
0,F81113,Atorvastatin_Tab 20mg,0212000B0AAABAB,387,225.38880000000006
94,F81110,Pregabalin_Cap 150mg,0408010AEAAAEAE,16,113.07520000000001
1,F81082,Atorvastatin_Tab 20mg,0212000B0AAABAB,301,112.93520000000002
311,F81010,Montelukast_Tab Chble 5mg S/F,0303020G0AAAAAA,2,93.0384
25,F81134,Quetiapine_Tab 25mg,0402010ABAAABAB,1,91.8792
318,F81641,Pregabalin_Cap 200mg,0408010AEAAAFAF,2,90.19919999999999
10,F81110,Letrozole_Tab 2.5mg,0803041L0AAAAAA,1,76.392
11,Y02807,Letrozole_Tab 2.5mg,0803041L0AAAAAA,4,71.2992
12,F81197,Letrozole_Tab 2.5mg,0803041L0AAAAAA,3,71.2992
13,F81134,Letrozole_Tab 2.5mg,0803041L0AAAAAA,19,71.28800000000001
14,F81155,Letrozole_Tab 2.5mg,0803041L0AAAAAA,8,71.18719999999999
66,F81691,Atorvastatin_Tab 10mg,0212000B0AAAAAA,44,70.10079999999999
2,F81691,Atorvastatin_Tab 20mg,0212000B0AAABAB,79,69.01440000000001
26,Y02807,Quetiapine_Tab 25mg,0402010ABAAABAB,4,65.64
279,Y02807,Clopidogrel_Tab 75mg,0209000C0AAAAAA,21,61.26960000000001
27,Y02807,Quetiapine_Tab 25mg,0402010ABAAABAB,2,61.264
95,F81691,Pregabalin_Cap 150mg,0408010AEAAAEAE,4,59.7632
319,F81110,Pregabalin_Cap 200mg,0408010AEAAAFAF,4,56.9184
96,F81082,Pregabalin_Cap 150mg,0408010AEAAAEAE,3,56.5488
67,F81134,Atorvastatin_Tab 10mg,0212000B0AAAAAA,183,46.11600000000001
3,Y00999,Atorvastatin_Tab 20mg,0212000B0AAABAB,178,45.35440000000002
4,Y00999,Atorvastatin_Tab 20mg,0212000B0AAABAB,43,45.27040000000001
5,F81632,Atorvastatin_Tab 20mg,0212000B0AAABAB,76,45.113600000000005
312,Y00999,Montelukast_Tab Chble 5mg S/F,0303020G0AAAAAA,2,41.361599999999996
313,F81691,Montelukast_Tab Chble 5mg S/F,0303020G0AAAAAA,1,41.355999999999995
68,F81155,Atorvastatin_Tab 10mg,0212000B0AAAAAA,102,34.84320000000001
28,F81177,Quetiapine_Tab 25mg,0402010ABAAABAB,2,32.82
29,F81082,Quetiapine_Tab 25mg,0402010ABAAABAB,4,32.808
320,F81691,Pregabalin_Cap 200mg,0408010AEAAAFAF,1,32.214
280,F81082,Clopidogrel_Tab 75mg,0209000C0AAAAAA,13,30.927000000000003
281,F81110,Clopidogrel_Tab 75mg,0209000C0AAAAAA,154,26.303200000000004
69,F81082,Atorvastatin_Tab 10mg,0212000B0AAAAAA,76,23.1952
70,F81632,Atorvastatin_Tab 10mg,0212000B0AAAAAA,113,23.097200000000004
6,F81669,Atorvastatin_Tab 20mg,0212000B0AAABAB,94,22.635200000000008
7,Y02807,Atorvastatin_Tab 20mg,0212000B0AAABAB,106,22.556800000000006
8,F81134,Atorvastatin_Tab 20mg,0212000B0AAABAB,182,22.422400000000007
115,F81010,Paracet_Tab 500mg,0407010H0AAAMAM,40,22.40000000000002
116,F81010,Paracet_Tab 500mg,0407010H0AAAMAM,40,22.40000000000002
282,Y00033,Clopidogrel_Tab 75mg,0209000C0AAAAAA,1,17.5
283,Y00999,Clopidogrel_Tab 75mg,0209000C0AAAAAA,5,17.499999999999996
117,F81010,Paracet_Tab 500mg,0407010H0AAAMAM,119,15.469999999999988
118,F81010,Paracet_Tab 500mg,0407010H0AAAMAM,119,15.469999999999988
119,F81206,Paracet_Tab 500mg,0407010H0AAAMAM,39,12.230400000000017
120,F81206,Paracet_Tab 500mg,0407010H0AAAMAM,39,12.230400000000017
71,F81113,Atorvastatin_Tab 10mg,0212000B0AAAAAA,160,11.647999999999993
72,Y02807,Atorvastatin_Tab 10mg,0212000B0AAAAAA,33,11.6424
73,Y00033,Atorvastatin_Tab 10mg,0212000B0AAAAAA,29,11.611600000000001
74,F81088,Atorvastatin_Tab 10mg,0212000B0AAAAAA,16,11.6032
122,Y00999,Paracet_Tab 500mg,0407010H0AAAMAM,9,11.289600000000002
121,Y00999,Paracet_Tab 500mg,0407010H0AAAMAM,9,11.289600000000002
75,F81010,Atorvastatin_Tab 10mg,0212000B0AAAAAA,191,11.230800000000006
123,Y02807,Paracet_Tab 500mg,0407010H0AAAMAM,10,11.200000000000003
124,Y02807,Paracet_Tab 500mg,0407010H0AAAMAM,10,11.200000000000003
126,F81134,Paracet_Tab 500mg,0407010H0AAAMAM,60,9.600000000000005
125,F81134,Paracet_Tab 500mg,0407010H0AAAMAM,60,9.600000000000005
127,F81177,Paracet_Tab 500mg,0407010H0AAAMAM,27,8.910000000000002
128,F81177,Paracet_Tab 500mg,0407010H0AAAMAM,27,8.910000000000002
284,Y00999,Clopidogrel_Tab 75mg,0209000C0AAAAAA,61,8.881599999999993
285,F81113,Clopidogrel_Tab 75mg,0209000C0AAAAAA,62,8.8536
286,F81155,Clopidogrel_Tab 75mg,0209000C0AAAAAA,40,8.736
287,F81134,Clopidogrel_Tab 75mg,0209000C0AAAAAA,86,8.668799999999997
129,F81010,Paracet_Tab 500mg,0407010H0AAAMAM,2,7.560000000000001
130,F81010,Paracet_Tab 500mg,0407010H0AAAMAM,2,7.560000000000001
132,F81219,Paracet_Tab 500mg,0407010H0AAAMAM,47,5.170000000000002
131,F81219,Paracet_Tab 500mg,0407010H0AAAMAM,47,5.170000000000002
134,F81211,Paracet_Tab 500mg,0407010H0AAAMAM,45,3.1499999999999964
133,F81211,Paracet_Tab 500mg,0407010H0AAAMAM,45,3.1499999999999964
136,F81134,Paracet_Tab 500mg,0407010H0AAAMAM,11,3.080000000000004
135,F81134,Paracet_Tab 500mg,0407010H0AAAMAM,11,3.080000000000004
314,F81211,Montelukast_Tab Chble 5mg S/F,0303020G0AAAAAA,3,1.8816000000000002
315,F81669,Montelukast_Tab Chble 5mg S/F,0303020G0AAAAAA,9,1.864800000000001
138,F81110,Paracet_Tab 500mg,0407010H0AAAMAM,8,0.7424
137,F81110,Paracet_Tab 500mg,0407010H0AAAMAM,8,0.7424
139,F81155,Paracet_Tab 500mg,0407010H0AAAMAM,2,0.6496
140,F81155,Paracet_Tab 500mg,0407010H0AAAMAM,2,0.6496
141,Y00999,Paracet_Tab 500mg,0407010H0AAAMAM,62,0.6199999999999962
142,Y00999,Paracet_Tab 500mg,0407010H0AAAMAM,62,0.6199999999999962
144,F81113,Paracet_Tab 500mg,0407010H0AAAMAM,54,0.5399999999999967
143,F81113,Paracet_Tab 500mg,0407010H0AAAMAM,54,0.5399999999999967
288,F81010,Clopidogrel_Tab 75mg,0209000C0AAAAAA,69,0.3380999999999996
289,F81211,Clopidogrel_Tab 75mg,0209000C0AAAAAA,39,0.1910999999999998
290,F81177,Clopidogrel_Tab 75mg,0209000C0AAAAAA,31,0.15189999999999984
291,F81669,Clopidogrel_Tab 75mg,0209000C0AAAAAA,26,0.12739999999999985
292,F81155,Clopidogrel_Tab 75mg,0209000C0AAAAAA,22,0.10779999999999988
76,Y00999,Atorvastatin_Tab 10mg,0212000B0AAAAAA,38,0.10639999999999936
293,F81641,Clopidogrel_Tab 75mg,0209000C0AAAAAA,20,0.09799999999999989
146,F81211,Paracet_Tab 500mg,0407010H0AAAMAM,23,0.09659999999999941
145,F81211,Paracet_Tab 500mg,0407010H0AAAMAM,23,0.09659999999999941
294,F81691,Clopidogrel_Tab 75mg,0209000C0AAAAAA,32,0.08959999999999635
77,F81010,Atorvastatin_Tab 10mg,0212000B0AAAAAA,41,0.08610000000000048
295,F81218,Clopidogrel_Tab 75mg,0209000C0AAAAAA,17,0.0832999999999999
296,F81197,Clopidogrel_Tab 75mg,0209000C0AAAAAA,16,0.07839999999999991
298,F81697,Clopidogrel_Tab 75mg,0209000C0AAAAAA,14,0.06859999999999992
297,F81198,Clopidogrel_Tab 75mg,0209000C0AAAAAA,14,0.06859999999999992
299,F81623,Clopidogrel_Tab 75mg,0209000C0AAAAAA,12,0.058799999999999936
300,Y00999,Clopidogrel_Tab 75mg,0209000C0AAAAAA,12,0.058799999999999936
78,F81155,Atorvastatin_Tab 10mg,0212000B0AAAAAA,26,0.0546000000000003
148,F81155,Paracet_Tab 500mg,0407010H0AAAMAM,9,0.05399999999999967
147,F81155,Paracet_Tab 500mg,0407010H0AAAMAM,9,0.05399999999999967
301,F81088,Clopidogrel_Tab 75mg,0209000C0AAAAAA,16,0.044799999999998175
302,F81632,Clopidogrel_Tab 75mg,0209000C0AAAAAA,9,0.04409999999999995
150,F81010,Paracet_Tab 500mg,0407010H0AAAMAM,10,0.041999999999999746
149,F81211,Paracet_Tab 500mg,0407010H0AAAMAM,15,0.041999999999999746
151,F81010,Paracet_Tab 500mg,0407010H0AAAMAM,10,0.041999999999999746
152,F81211,Paracet_Tab 500mg,0407010H0AAAMAM,15,0.041999999999999746
15,F81010,Letrozole_Tab 2.5mg,0803041L0AAAAAA,8,0.039200000000000346
303,F81110,Clopidogrel_Tab 75mg,0209000C0AAAAAA,8,0.03919999999999996
304,F81137,Clopidogrel_Tab 75mg,0209000C0AAAAAA,8,0.03919999999999996
30,F81134,Quetiapine_Tab 25mg,0402010ABAAABAB,7,0.0391999999999984
79,F81669,Atorvastatin_Tab 10mg,0212000B0AAAAAA,18,0.03780000000000021
305,F81088,Clopidogrel_Tab 75mg,0209000C0AAAAAA,7,0.03429999999999996
158,F81110,Paracet_Tab 500mg,0407010H0AAAMAM,5,0.02999999999999982
160,F81206,Paracet_Tab 500mg,0407010H0AAAMAM,5,0.02999999999999982
153,F81110,Paracet_Tab 500mg,0407010H0AAAMAM,5,0.02999999999999982
159,F81206,Paracet_Tab 500mg,0407010H0AAAMAM,5,0.02999999999999982
157,F81082,Paracet_Tab 500mg,0407010H0AAAMAM,5,0.02999999999999982
156,F81082,Paracet_Tab 500mg,0407010H0AAAMAM,5,0.02999999999999982
154,F81691,Paracet_Tab 500mg,0407010H0AAAMAM,5,0.02999999999999982
155,F81691,Paracet_Tab 500mg,0407010H0AAAMAM,5,0.02999999999999982
97,F81010,Pregabalin_Cap 150mg,0408010AEAAAEAE,10,0.028000000000000802
98,Y02807,Pregabalin_Cap 150mg,0408010AEAAAEAE,5,0.028000000000000802
99,F81153,Pregabalin_Cap 150mg,0408010AEAAAEAE,5,0.028000000000000802
31,F81155,Quetiapine_Tab 25mg,0402010ABAAABAB,5,0.02799999999999886
100,F81691,Pregabalin_Cap 150mg,0408010AEAAAEAE,9,0.025200000000000722
16,F81691,Letrozole_Tab 2.5mg,0803041L0AAAAAA,5,0.024500000000000216
306,F81134,Clopidogrel_Tab 75mg,0209000C0AAAAAA,5,0.024499999999999973
161,F81088,Paracet_Tab 500mg,0407010H0AAAMAM,4,0.023999999999999855
162,F81088,Paracet_Tab 500mg,0407010H0AAAMAM,4,0.023999999999999855
80,F81211,Atorvastatin_Tab 10mg,0212000B0AAAAAA,11,0.023100000000000127
102,F81211,Pregabalin_Cap 150mg,0408010AEAAAEAE,8,0.02240000000000064
101,F81010,Pregabalin_Cap 150mg,0408010AEAAAEAE,4,0.02240000000000064
163,F81697,Paracet_Tab 500mg,0407010H0AAAMAM,8,0.022399999999999864
164,F81697,Paracet_Tab 500mg,0407010H0AAAMAM,8,0.022399999999999864
17,F81192,Letrozole_Tab 2.5mg,0803041L0AAAAAA,4,0.019600000000000173
18,F81641,Letrozole_Tab 2.5mg,0803041L0AAAAAA,4,0.019600000000000173
307,F81153,Clopidogrel_Tab 75mg,0209000C0AAAAAA,4,0.01959999999999998
308,F81192,Clopidogrel_Tab 75mg,0209000C0AAAAAA,4,0.01959999999999998
166,F81211,Paracet_Tab 500mg,0407010H0AAAMAM,3,0.01799999999999989
165,F81211,Paracet_Tab 500mg,0407010H0AAAMAM,3,0.01799999999999989
103,F81134,Pregabalin_Cap 150mg,0408010AEAAAEAE,6,0.01680000000000048
32,F81206,Quetiapine_Tab 25mg,0402010ABAAABAB,2,0.01680000000000048
104,F81155,Pregabalin_Cap 150mg,0408010AEAAAEAE,4,0.01680000000000048
81,F81137,Atorvastatin_Tab 10mg,0212000B0AAAAAA,8,0.016800000000000093
167,F81218,Paracet_Tab 500mg,0407010H0AAAMAM,4,0.0167999999999999
168,F81218,Paracet_Tab 500mg,0407010H0AAAMAM,4,0.0167999999999999
33,F81206,Quetiapine_Tab 25mg,0402010ABAAABAB,3,0.016799999999999315
82,F81641,Atorvastatin_Tab 10mg,0212000B0AAAAAA,7,0.014700000000000081
83,F81697,Atorvastatin_Tab 10mg,0212000B0AAAAAA,7,0.014700000000000081
309,F81206,Clopidogrel_Tab 75mg,0209000C0AAAAAA,3,0.014699999999999984
34,F81153,Quetiapine_Tab 25mg,0402010ABAAABAB,1,0.014000000000000401
84,F81198,Atorvastatin_Tab 10mg,0212000B0AAAAAA,6,0.01260000000000007
170,F81192,Paracet_Tab 500mg,0407010H0AAAMAM,2,0.011999999999999927
169,F81192,Paracet_Tab 500mg,0407010H0AAAMAM,2,0.011999999999999927
105,F81669,Pregabalin_Cap 150mg,0408010AEAAAEAE,4,0.01120000000000032
106,F81110,Pregabalin_Cap 150mg,0408010AEAAAEAE,2,0.01120000000000032
171,F81082,Paracet_Tab 500mg,0407010H0AAAMAM,2,0.011199999999999988
172,F81082,Paracet_Tab 500mg,0407010H0AAAMAM,2,0.011199999999999988
173,F81134,Paracet_Tab 500mg,0407010H0AAAMAM,4,0.011199999999999932
174,F81134,Paracet_Tab 500mg,0407010H0AAAMAM,4,0.011199999999999932
325,F81010,Pregabalin_Cap 200mg,0408010AEAAAFAF,4,0.011199999999999544
37,F81137,Quetiapine_Tab 25mg,0402010ABAAABAB,2,0.011199999999999544
36,F81110,Quetiapine_Tab 25mg,0402010ABAAABAB,2,0.011199999999999544
35,F81082,Quetiapine_Tab 25mg,0402010ABAAABAB,2,0.011199999999999544
321,Y02807,Pregabalin_Cap 200mg,0408010AEAAAFAF,4,0.011199999999999544
322,F81669,Pregabalin_Cap 200mg,0408010AEAAAFAF,4,0.011199999999999544
323,F81219,Pregabalin_Cap 200mg,0408010AEAAAFAF,4,0.011199999999999544
324,F81623,Pregabalin_Cap 200mg,0408010AEAAAFAF,4,0.011199999999999544
316,F81641,Montelukast_Tab Chble 5mg S/F,0303020G0AAAAAA,5,0.010500000000000058
42,F81192,Quetiapine_Tab 25mg,0402010ABAAABAB,1,0.00840000000000024
38,F81134,Quetiapine_Tab 25mg,0402010ABAAABAB,1,0.00840000000000024
39,Y00999,Quetiapine_Tab 25mg,0402010ABAAABAB,1,0.00840000000000024
41,F81137,Quetiapine_Tab 25mg,0402010ABAAABAB,1,0.00840000000000024
40,Y02807,Quetiapine_Tab 25mg,0402010ABAAABAB,1,0.00840000000000024
85,F81110,Atorvastatin_Tab 10mg,0212000B0AAAAAA,4,0.008400000000000046
86,F81197,Atorvastatin_Tab 10mg,0212000B0AAAAAA,4,0.008400000000000046
178,F81206,Paracet_Tab 500mg,0407010H0AAAMAM,2,0.00839999999999995
175,F81641,Paracet_Tab 500mg,0407010H0AAAMAM,3,0.00839999999999995
177,F81206,Paracet_Tab 500mg,0407010H0AAAMAM,2,0.00839999999999995
176,F81641,Paracet_Tab 500mg,0407010H0AAAMAM,3,0.00839999999999995
87,F81192,Atorvastatin_Tab 10mg,0212000B0AAAAAA,3,0.006300000000000035
188,Y00033,Paracet_Tab 500mg,0407010H0AAAMAM,1,0.005999999999999964
194,Y02807,Paracet_Tab 500mg,0407010H0AAAMAM,1,0.005999999999999964
193,F81113,Paracet_Tab 500mg,0407010H0AAAMAM,1,0.005999999999999964
192,F81669,Paracet_Tab 500mg,0407010H0AAAMAM,1,0.005999999999999964
191,F81137,Paracet_Tab 500mg,0407010H0AAAMAM,1,0.005999999999999964
190,F81708,Paracet_Tab 500mg,0407010H0AAAMAM,1,0.005999999999999964
189,F81137,Paracet_Tab 500mg,0407010H0AAAMAM,1,0.005999999999999964
184,F81708,Paracet_Tab 500mg,0407010H0AAAMAM,1,0.005999999999999964
187,Y00033,Paracet_Tab 500mg,0407010H0AAAMAM,1,0.005999999999999964
182,F81010,Paracet_Tab 500mg,0407010H0AAAMAM,2,0.005999999999999964
179,F81632,Paracet_Tab 500mg,0407010H0AAAMAM,1,0.005999999999999964
180,F81632,Paracet_Tab 500mg,0407010H0AAAMAM,1,0.005999999999999964
186,Y02807,Paracet_Tab 500mg,0407010H0AAAMAM,1,0.005999999999999964
181,F81010,Paracet_Tab 500mg,0407010H0AAAMAM,2,0.005999999999999964
185,F81113,Paracet_Tab 500mg,0407010H0AAAMAM,1,0.005999999999999964
183,F81669,Paracet_Tab 500mg,0407010H0AAAMAM,1,0.005999999999999964
111,F81010,Pregabalin_Cap 150mg,0408010AEAAAEAE,4,0.00560000000000016
107,F81192,Pregabalin_Cap 150mg,0408010AEAAAEAE,1,0.00560000000000016
108,F81088,Pregabalin_Cap 150mg,0408010AEAAAEAE,4,0.00560000000000016
109,F81197,Pregabalin_Cap 150mg,0408010AEAAAEAE,4,0.00560000000000016
110,F81632,Pregabalin_Cap 150mg,0408010AEAAAEAE,1,0.00560000000000016
112,F81155,Pregabalin_Cap 150mg,0408010AEAAAEAE,1,0.00560000000000016
196,F81082,Paracet_Tab 500mg,0407010H0AAAMAM,2,0.005599999999999966
195,F81155,Paracet_Tab 500mg,0407010H0AAAMAM,2,0.005599999999999966
202,F81219,Paracet_Tab 500mg,0407010H0AAAMAM,2,0.005599999999999966
201,F81134,Paracet_Tab 500mg,0407010H0AAAMAM,4,0.005599999999999966
200,F81219,Paracet_Tab 500mg,0407010H0AAAMAM,2,0.005599999999999966
199,F81155,Paracet_Tab 500mg,0407010H0AAAMAM,2,0.005599999999999966
198,F81082,Paracet_Tab 500mg,0407010H0AAAMAM,2,0.005599999999999966
197,F81134,Paracet_Tab 500mg,0407010H0AAAMAM,4,0.005599999999999966
44,F81010,Quetiapine_Tab 25mg,0402010ABAAABAB,1,0.005599999999999772
43,F81153,Quetiapine_Tab 25mg,0402010ABAAABAB,1,0.005599999999999772
19,F81697,Letrozole_Tab 2.5mg,0803041L0AAAAAA,1,0.004900000000000043
204,F81137,Paracet_Tab 500mg,0407010H0AAAMAM,2,0.004800000000000054
203,F81137,Paracet_Tab 500mg,0407010H0AAAMAM,2,0.004800000000000054
46,F81010,Quetiapine_Tab 25mg,0402010ABAAABAB,6,0.004799999999999804
45,F81211,Quetiapine_Tab 25mg,0402010ABAAABAB,6,0.004799999999999804
49,F81206,Quetiapine_Tab 25mg,0402010ABAAABAB,1,0.00420000000000012
48,F81134,Quetiapine_Tab 25mg,0402010ABAAABAB,1,0.00420000000000012
47,F81082,Quetiapine_Tab 25mg,0402010ABAAABAB,1,0.00420000000000012
113,F81669,Pregabalin_Cap 150mg,0408010AEAAAEAE,3,0.00420000000000012
91,F81708,Atorvastatin_Tab 10mg,0212000B0AAAAAA,1,0.004200000000000023
90,F81155,Atorvastatin_Tab 10mg,0212000B0AAAAAA,1,0.004200000000000023
317,F81010,Montelukast_Tab Chble 5mg S/F,0303020G0AAAAAA,1,0.004200000000000023
89,F81192,Atorvastatin_Tab 10mg,0212000B0AAAAAA,1,0.004200000000000023
88,F81153,Atorvastatin_Tab 10mg,0212000B0AAAAAA,1,0.004200000000000023
50,F81134,Quetiapine_Tab 25mg,0402010ABAAABAB,1,0.0035000000000001003
209,F81110,Paracet_Tab 500mg,0407010H0AAAMAM,1,0.002999999999999982
206,F81153,Paracet_Tab 500mg,0407010H0AAAMAM,1,0.002999999999999982
210,F81206,Paracet_Tab 500mg,0407010H0AAAMAM,1,0.002999999999999982
205,F81110,Paracet_Tab 500mg,0407010H0AAAMAM,1,0.002999999999999982
208,F81206,Paracet_Tab 500mg,0407010H0AAAMAM,1,0.002999999999999982
207,F81153,Paracet_Tab 500mg,0407010H0AAAMAM,1,0.002999999999999982
212,F81691,Paracet_Tab 500mg,0407010H0AAAMAM,1,0.002799999999999983
211,F81691,Paracet_Tab 500mg,0407010H0AAAMAM,1,0.002799999999999983
92,F81691,Atorvastatin_Tab 10mg,0212000B0AAAAAA,1,0.0021000000000000116
52,F81669,Quetiapine_Tab 25mg,0402010ABAAABAB,1,-0.00140000000000004
51,F81211,Quetiapine_Tab 25mg,0402010ABAAABAB,1,-0.00140000000000004
326,F81155,Pregabalin_Cap 200mg,0408010AEAAAFAF,1,-0.00280000000000008
327,Y00999,Pregabalin_Cap 200mg,0408010AEAAAFAF,1,-0.00280000000000008
53,F81153,Quetiapine_Tab 25mg,0402010ABAAABAB,1,-0.00280000000000008
328,F81134,Pregabalin_Cap 200mg,0408010AEAAAFAF,1,-0.00280000000000008
9,Y00999,Atorvastatin_Tab 20mg,0212000B0AAABAB,1,-0.0029999999999998778
93,F81113,Atorvastatin_Tab 10mg,0212000B0AAAAAA,1,-0.002999999999999982
54,Y05339,Quetiapine_Tab 25mg,0402010ABAAABAB,1,-0.00360000000000002
214,Y05129,Paracet_Tab 500mg,0407010H0AAAMAM,1,-0.003999999999999976
213,Y05129,Paracet_Tab 500mg,0407010H0AAAMAM,1,-0.003999999999999976
57,F81134,Quetiapine_Tab 25mg,0402010ABAAABAB,1,-0.00420000000000012
55,Y00999,Quetiapine_Tab 25mg,0402010ABAAABAB,1,-0.00420000000000012
56,F81691,Quetiapine_Tab 25mg,0402010ABAAABAB,3,-0.00420000000000012
216,F81137,Paracet_Tab 500mg,0407010H0AAAMAM,1,-0.004799999999999971
215,F81137,Paracet_Tab 500mg,0407010H0AAAMAM,1,-0.004799999999999971
219,F81632,Paracet_Tab 500mg,0407010H0AAAMAM,1,-0.005599999999999966
217,F81632,Paracet_Tab 500mg,0407010H0AAAMAM,1,-0.005599999999999966
228,F81134,Paracet_Tab 500mg,0407010H0AAAMAM,1,-0.005599999999999966
227,F81082,Paracet_Tab 500mg,0407010H0AAAMAM,1,-0.005599999999999966
226,F81219,Paracet_Tab 500mg,0407010H0AAAMAM,1,-0.005599999999999966
225,F81134,Paracet_Tab 500mg,0407010H0AAAMAM,1,-0.005599999999999966
224,F81082,Paracet_Tab 500mg,0407010H0AAAMAM,1,-0.005599999999999966
223,Y02807,Paracet_Tab 500mg,0407010H0AAAMAM,1,-0.005599999999999966
222,F81088,Paracet_Tab 500mg,0407010H0AAAMAM,1,-0.005599999999999966
221,F81219,Paracet_Tab 500mg,0407010H0AAAMAM,1,-0.005599999999999966
220,Y02807,Paracet_Tab 500mg,0407010H0AAAMAM,1,-0.005599999999999966
218,F81088,Paracet_Tab 500mg,0407010H0AAAMAM,1,-0.005599999999999966
329,F81219,Pregabalin_Cap 200mg,0408010AEAAAFAF,2,-0.00560000000000016
58,F81137,Quetiapine_Tab 25mg,0402010ABAAABAB,2,-0.00560000000000016
59,F81669,Quetiapine_Tab 25mg,0402010ABAAABAB,3,-0.00840000000000024
229,F81206,Paracet_Tab 500mg,0407010H0AAAMAM,2,-0.011199999999999932
230,F81206,Paracet_Tab 500mg,0407010H0AAAMAM,2,-0.011199999999999932
234,F81153,Paracet_Tab 500mg,0407010H0AAAMAM,2,-0.011199999999999932
233,F81153,Paracet_Tab 500mg,0407010H0AAAMAM,2,-0.011199999999999932
232,Y00999,Paracet_Tab 500mg,0407010H0AAAMAM,2,-0.011199999999999932
231,Y00999,Paracet_Tab 500mg,0407010H0AAAMAM,2,-0.011199999999999932
62,F81219,Quetiapine_Tab 25mg,0402010ABAAABAB,4,-0.01120000000000032
60,F81134,Quetiapine_Tab 25mg,0402010ABAAABAB,4,-0.01120000000000032
61,F81641,Quetiapine_Tab 25mg,0402010ABAAABAB,4,-0.01120000000000032
63,F81155,Quetiapine_Tab 25mg,0402010ABAAABAB,3,-0.012600000000000361
330,F81197,Pregabalin_Cap 200mg,0408010AEAAAFAF,4,-0.014000000000000012
64,Y02807,Quetiapine_Tab 25mg,0402010ABAAABAB,7,-0.01960000000000056
235,F81197,Paracet_Tab 500mg,0407010H0AAAMAM,4,-0.022399999999999864
236,F81697,Paracet_Tab 500mg,0407010H0AAAMAM,4,-0.022399999999999864
237,F81197,Paracet_Tab 500mg,0407010H0AAAMAM,4,-0.022399999999999864
238,F81697,Paracet_Tab 500mg,0407010H0AAAMAM,4,-0.022399999999999864
65,F81010,Quetiapine_Tab 25mg,0402010ABAAABAB,9,-0.025200000000000722
239,F81691,Paracet_Tab 500mg,0407010H0AAAMAM,6,-0.0335999999999998
240,F81691,Paracet_Tab 500mg,0407010H0AAAMAM,6,-0.0335999999999998
243,F81110,Paracet_Tab 500mg,0407010H0AAAMAM,8,-0.04479999999999973
244,F81137,Paracet_Tab 500mg,0407010H0AAAMAM,8,-0.04479999999999973
241,F81110,Paracet_Tab 500mg,0407010H0AAAMAM,8,-0.04479999999999973
242,F81137,Paracet_Tab 500mg,0407010H0AAAMAM,8,-0.04479999999999973
245,F81192,Paracet_Tab 500mg,0407010H0AAAMAM,10,-0.05599999999999966
246,F81192,Paracet_Tab 500mg,0407010H0AAAMAM,10,-0.05599999999999966
247,F81641,Paracet_Tab 500mg,0407010H0AAAMAM,12,-0.0671999999999996
248,F81641,Paracet_Tab 500mg,0407010H0AAAMAM,12,-0.0671999999999996
251,F81010,Paracet_Tab 500mg,0407010H0AAAMAM,20,-0.11199999999999932
249,F81010,Paracet_Tab 500mg,0407010H0AAAMAM,20,-0.11199999999999932
250,F81669,Paracet_Tab 500mg,0407010H0AAAMAM,20,-0.11199999999999932
252,F81669,Paracet_Tab 500mg,0407010H0AAAMAM,20,-0.11199999999999932
254,F81155,Paracet_Tab 500mg,0407010H0AAAMAM,23,-0.12879999999999922
253,F81155,Paracet_Tab 500mg,0407010H0AAAMAM,23,-0.12879999999999922
310,Y00033,Clopidogrel_Tab 75mg,0209000C0AAAAAA,13,-0.18200000000000016
256,F81211,Paracet_Tab 500mg,0407010H0AAAMAM,43,-0.24079999999999854
255,F81211,Paracet_Tab 500mg,0407010H0AAAMAM,43,-0.24079999999999854
20,F81082,Letrozole_Tab 2.5mg,0803041L0AAAAAA,18,-0.2520000000000002
21,F81088,Letrozole_Tab 2.5mg,0803041L0AAAAAA,7,-0.25479999999999914
22,F81623,Letrozole_Tab 2.5mg,0803041L0AAAAAA,3,-0.26040000000000046
23,Y00033,Letrozole_Tab 2.5mg,0803041L0AAAAAA,2,-0.26319999999999977
257,F81082,Paracet_Tab 500mg,0407010H0AAAMAM,5,-0.2879999999999999
258,F81082,Paracet_Tab 500mg,0407010H0AAAMAM,5,-0.2879999999999999
24,F81110,Letrozole_Tab 2.5mg,0803041L0AAAAAA,21,-0.29400000000000026
260,F81110,Paracet_Tab 500mg,0407010H0AAAMAM,3,-0.3149999999999999
259,F81110,Paracet_Tab 500mg,0407010H0AAAMAM,3,-0.3149999999999999
262,Y02807,Paracet_Tab 500mg,0407010H0AAAMAM,33,-0.659999999999996
261,Y02807,Paracet_Tab 500mg,0407010H0AAAMAM,33,-0.659999999999996
263,Y00999,Paracet_Tab 500mg,0407010H0AAAMAM,3,-0.7055999999999998
264,Y00999,Paracet_Tab 500mg,0407010H0AAAMAM,3,-0.7055999999999998
265,F81641,Paracet_Tab 500mg,0407010H0AAAMAM,37,-0.7399999999999956
266,F81641,Paracet_Tab 500mg,0407010H0AAAMAM,37,-0.7399999999999956
268,F81192,Paracet_Tab 500mg,0407010H0AAAMAM,33,-1.1087999999999933
267,F81192,Paracet_Tab 500mg,0407010H0AAAMAM,33,-1.1087999999999933
269,F81113,Paracet_Tab 500mg,0407010H0AAAMAM,4,-1.2800000000000007
270,F81113,Paracet_Tab 500mg,0407010H0AAAMAM,4,-1.2800000000000007
271,Y00999,Paracet_Tab 500mg,0407010H0AAAMAM,2,-1.3439999999999994
272,Y00999,Paracet_Tab 500mg,0407010H0AAAMAM,2,-1.3439999999999994
273,F81206,Paracet_Tab 500mg,0407010H0AAAMAM,1,-1.408
274,F81206,Paracet_Tab 500mg,0407010H0AAAMAM,1,-1.408
275,F81641,Paracet_Tab 500mg,0407010H0AAAMAM,11,-1.4783999999999997
276,F81641,Paracet_Tab 500mg,0407010H0AAAMAM,11,-1.4783999999999997
277,F81010,Paracet_Tab 500mg,0407010H0AAAMAM,14,-1.6799999999999995
278,F81010,Paracet_Tab 500mg,0407010H0AAAMAM,14,-1.6799999999999995
