,practice_code,bnf_description,bnf_code,items,excess_cost
0,G82023,Amiodarone HCl_Tab 200mg,0203020D0AAABAB,1,0.7000000000000006
1,G82023,Clonazepam_Tab 500mcg,0408010F0AAABAB,16,4.339199999999991
2,G82023,Paracet_Tab 500mg,0407010H0AAAMAM,18,0.06479999999999961
3,G82023,Pyridox HCl_Tab 50mg,0906024N0AAAIAI,2,2.8728000000000007
4,G82026,Amiodarone HCl_Tab 200mg,0203020D0AAABAB,2,1.050000000000001
5,G82026,Clonazepam_Tab 500mcg,0408010F0AAABAB,4,3.6837999999999926
6,G82026,Paracet_Tab 500mg,0407010H0AAAMAM,12,-0.0671999999999996
7,G82035,Amiodarone HCl_Tab 200mg,0203020D0AAABAB,5,2.450000000000002
8,G82035,Clonazepam_Tab 500mcg,0408010F0AAABAB,14,9.71399999999998
9,G82035,Mesalazine_Tab E/C 800mg,0105010B0AAASAS,1,17.219999999999995
10,G82035,Methocarbamol_Tab 750mg,1002020S0AAABAB,5,4.729999999999999
11,G82035,Paracet_Tab 500mg,0407010H0AAAMAM,4,0.001999999999999988
12,G82035,Pyridox HCl_Tab 50mg,0906024N0AAAIAI,2,2.3940000000000006
13,G82035,Risperidone_Tab 6mg,040201030AAAFAF,1,58.4192
14,G82035,Topiramate_Tab 200mg,040801050AAACAC,1,2.489999999999999
15,G82057,Amiodarone HCl_Tab 200mg,0203020D0AAABAB,9,3.150000000000003
16,G82057,Clonazepam_Tab 500mcg,0408010F0AAABAB,18,13.740799999999972
17,G82057,Methocarbamol_Tab 750mg,1002020S0AAABAB,1,0.4299999999999998
18,G82057,Paracet_Tab 500mg,0407010H0AAAMAM,14,0.07799999999999954
19,G82057,Topiramate_Cap 50mg,040801050AAAWAW,2,3.8519999999999954
20,G82175,Amiodarone HCl_Tab 200mg,0203020D0AAABAB,1,0.7000000000000006
21,G82175,Paracet_Tab 500mg,0407010H0AAAMAM,38,16.120000000000005
22,G82231,Amiodarone HCl_Tab 200mg,0203020D0AAABAB,7,2.8000000000000025
23,G82231,Clonazepam_Tab 500mcg,0408010F0AAABAB,1,0.31639999999999935
24,G82231,Mesalazine_Tab E/C 800mg,0105010B0AAASAS,1,-73.79999999999998
25,G82231,Methocarbamol_Tab 750mg,1002020S0AAABAB,5,1.4748
26,G82231,Paracet_Tab 500mg,0407010H0AAAMAM,16,-0.013599999999999918
27,G82231,Pyridox HCl_Tab 50mg,0906024N0AAAIAI,3,2.3940000000000006
28,G82231,Topiramate_Cap 50mg,040801050AAAWAW,2,2.482399999999997
29,G82231,Topiramate_Tab 200mg,040801050AAACAC,2,7.137999999999996
30,G82634,Amiodarone HCl_Tab 200mg,0203020D0AAABAB,7,2.0888000000000018
31,G82634,Clonazepam_Tab 500mcg,0408010F0AAABAB,28,11.932799999999975
32,G82634,Methocarbamol_Tab 750mg,1002020S0AAABAB,1,0.4299999999999998
33,G82634,Paracet_Tab 500mg,0407010H0AAAMAM,20,0.1151999999999993
34,G82634,Pyridox HCl_Tab 50mg,0906024N0AAAIAI,2,1.4364000000000003
35,G82671,Amiodarone HCl_Tab 200mg,0203020D0AAABAB,2,1.4000000000000012
36,G82671,Clonazepam_Tab 500mcg,0408010F0AAABAB,1,0.31639999999999935
37,G82682,Amiodarone HCl_Tab 200mg,0203020D0AAABAB,2,0.7000000000000006
38,G82682,Clonazepam_Tab 500mcg,0408010F0AAABAB,3,1.2655999999999974
39,G82682,Paracet_Tab 500mg,0407010H0AAAMAM,12,0.03799999999999977
40,G82682,Risperidone_Tab 6mg,040201030AAAFAF,1,29.2096
41,G82686,Amiodarone HCl_Tab 200mg,0203020D0AAABAB,3,1.050000000000001
42,G82686,Clonazepam_Tab 500mcg,0408010F0AAABAB,19,8.463699999999983
43,G82686,Mesalazine_Tab E/C 800mg,0105010B0AAASAS,10,91.83999999999997
44,G82686,Paracet_Tab 500mg,0407010H0AAAMAM,46,-0.18799999999999886
45,G82686,Pyridox HCl_Tab 50mg,0906024N0AAAIAI,4,3.830400000000001
46,G82686,Topiramate_Tab 200mg,040801050AAACAC,2,4.979999999999998
47,G82686,Valsartan_Tab 40mg,0205052V0AAADAD,2,15.344000000000001
48,G82687,Clonazepam_Tab 500mcg,0408010F0AAABAB,6,6.011599999999987
49,G82687,Paracet_Tab 500mg,0407010H0AAAMAM,8,0.022799999999999862
50,G82687,Pyridox HCl_Tab 50mg,0906024N0AAAIAI,1,0.9576000000000002
51,G82693,Amiodarone HCl_Tab 200mg,0203020D0AAABAB,5,2.450000000000002
52,G82693,Clonazepam_Tab 500mcg,0408010F0AAABAB,18,8.786399999999983
53,G82693,Mesalazine_Tab E/C 800mg,0105010B0AAASAS,1,17.219999999999995
54,G82693,Methocarbamol_Tab 750mg,1002020S0AAABAB,1,0.7223999999999997
55,G82693,Paracet_Tab 500mg,0407010H0AAAMAM,2,-0.011199999999999932
56,G82693,Topiramate_Cap 50mg,040801050AAAWAW,1,2.567999999999997
57,G82693,Topiramate_Tab 200mg,040801050AAACAC,1,2.489999999999999
58,G82698,Amiodarone HCl_Tab 200mg,0203020D0AAABAB,1,0.3500000000000003
59,G82698,Clonazepam_Tab 500mcg,0408010F0AAABAB,2,1.898399999999996
60,G82698,Paracet_Tab 500mg,0407010H0AAAMAM,4,0.023999999999999855
61,G82698,Pyridox HCl_Tab 50mg,0906024N0AAAIAI,1,0.4788000000000001
62,G82702,Amiodarone HCl_Tab 200mg,0203020D0AAABAB,1,0.3500000000000003
63,G82702,Clonazepam_Tab 500mcg,0408010F0AAABAB,2,0.949199999999998
64,G82702,Paracet_Tab 500mg,0407010H0AAAMAM,14,0.03759999999999977
65,G82702,Topiramate_Tab 200mg,040801050AAACAC,1,2.489999999999999
66,G82757,Amiodarone HCl_Tab 200mg,0203020D0AAABAB,1,0.3500000000000003
67,G82757,Clonazepam_Tab 500mcg,0408010F0AAABAB,8,2.6667999999999945
68,G82757,Methocarbamol_Tab 750mg,1002020S0AAABAB,1,0.7223999999999997
69,G82757,Paracet_Tab 500mg,0407010H0AAAMAM,2,0.005599999999999966
70,G82757,Pyridox HCl_Tab 50mg,0906024N0AAAIAI,1,0.4788000000000001
71,G82791,Amiodarone HCl_Tab 200mg,0203020D0AAABAB,4,1.4084000000000003
72,G82791,Clonazepam_Tab 500mcg,0408010F0AAABAB,13,4.313799999999991
73,G82791,Methocarbamol_Tab 750mg,1002020S0AAABAB,1,0.4299999999999998
74,G82791,Paracet_Tab 500mg,0407010H0AAAMAM,54,-0.03719999999999979
75,G82791,Pyridox HCl_Tab 50mg,0906024N0AAAIAI,5,0.9576000000000002
76,G82791,Topiramate_Tab 200mg,040801050AAACAC,1,2.489999999999999
77,G82799,Amiodarone HCl_Tab 200mg,0203020D0AAABAB,3,1.7500000000000016
78,G82799,Clonazepam_Tab 500mcg,0408010F0AAABAB,7,4.022799999999991
79,G82799,Paracet_Tab 500mg,0407010H0AAAMAM,48,-0.06919999999999958
80,G82799,Topiramate_Tab 200mg,040801050AAACAC,1,2.489999999999999
81,Y02506,Amiodarone HCl_Tab 200mg,0203020D0AAABAB,1,0.3500000000000003
82,Y02506,Clonazepam_Tab 500mcg,0408010F0AAABAB,13,7.367599999999985
83,Y02506,Topiramate_Tab 200mg,040801050AAACAC,2,3.654799999999998
84,Y03640,Paracet_Tab 500mg,0407010H0AAAMAM,2,0.011999999999999927
