,practice_code,bnf_description,bnf_code,items,excess_cost
309,M86007,Phenytoin_Sod Tab 100mg,0408010Q0AAAGAG,1,79.59839999999998
312,M86624,Quetiapine_Tab 300mg,0402010ABAAAKAK,1,65.568
313,M86624,Quetiapine_Tab 300mg,0402010ABAAAKAK,3,61.20239999999999
310,M86007,Phenytoin_Sod Tab 100mg,0408010Q0AAAGAG,1,59.69879999999999
500,M84012,Mesalazine_Tab E/C 800mg,0105010B0AAASAS,3,51.65999999999999
285,M84020,Mesalazine_Tab E/C 400mg,0105010B0AAAAAA,1,47.913599999999995
284,M84020,Mesalazine_Tab E/C 400mg,0105010B0AAAAAA,2,47.913599999999995
501,M84020,Mesalazine_Tab E/C 800mg,0105010B0AAASAS,2,45.91999999999999
502,M86033,Mesalazine_Tab E/C 800mg,0105010B0AAASAS,1,36.89999999999999
503,M86612,Mesalazine_Tab E/C 800mg,0105010B0AAASAS,1,34.43999999999999
565,M86045,Losartan Pot/Hydchloroth_Tab 50mg/12.5mg,0205052P0AAAAAA,1,33.927600000000005
425,M86612,Risperidone_Tab 6mg,040201030AAAFAF,1,29.2096
426,M86041,Risperidone_Tab 6mg,040201030AAAFAF,1,29.2096
427,M86035,Risperidone_Tab 6mg,040201030AAAFAF,1,29.2096
504,M86040,Mesalazine_Tab E/C 800mg,0105010B0AAASAS,1,26.239999999999995
286,M84020,Mesalazine_Tab E/C 400mg,0105010B0AAAAAA,1,25.667999999999996
287,M86624,Mesalazine_Tab E/C 400mg,0105010B0AAAAAA,1,23.956799999999998
288,M86002,Mesalazine_Tab E/C 400mg,0105010B0AAAAAA,1,23.956799999999998
289,M86048,Mesalazine_Tab E/C 400mg,0105010B0AAAAAA,1,23.956799999999998
290,M86003,Mesalazine_Tab E/C 400mg,0105010B0AAAAAA,1,23.956799999999998
505,M86023,Mesalazine_Tab E/C 800mg,0105010B0AAASAS,2,22.960000000000008
506,M86004,Mesalazine_Tab E/C 800mg,0105010B0AAASAS,1,22.959999999999994
567,M86045,Sildenafil_Tab 100mg,0704050Z0AAACAC,26,21.5384
507,M86018,Mesalazine_Tab E/C 800mg,0105010B0AAASAS,1,18.449999999999996
508,M86020,Mesalazine_Tab E/C 800mg,0105010B0AAASAS,1,18.449999999999996
509,M86003,Mesalazine_Tab E/C 800mg,0105010B0AAASAS,1,17.219999999999995
513,M86023,Mesalazine_Tab E/C 800mg,0105010B0AAASAS,1,17.219999999999995
512,M86012,Mesalazine_Tab E/C 800mg,0105010B0AAASAS,1,17.219999999999995
510,M86617,Mesalazine_Tab E/C 800mg,0105010B0AAASAS,1,17.219999999999995
511,M84050,Mesalazine_Tab E/C 800mg,0105010B0AAASAS,1,17.219999999999995
291,M86038,Mesalazine_Tab E/C 400mg,0105010B0AAAAAA,1,17.099999999999998
292,M86040,Mesalazine_Tab E/C 400mg,0105010B0AAAAAA,2,15.9712
296,M86617,Mesalazine_Tab E/C 400mg,0105010B0AAAAAA,1,15.971199999999998
293,M86005,Mesalazine_Tab E/C 400mg,0105010B0AAAAAA,1,15.971199999999998
295,M86002,Mesalazine_Tab E/C 400mg,0105010B0AAAAAA,1,15.971199999999998
294,M86003,Mesalazine_Tab E/C 400mg,0105010B0AAAAAA,1,15.971199999999998
297,M86624,Mesalazine_Tab E/C 400mg,0105010B0AAAAAA,1,12.833999999999998
514,M84065,Mesalazine_Tab E/C 800mg,0105010B0AAASAS,1,12.293999999999999
298,M86622,Mesalazine_Tab E/C 400mg,0105010B0AAAAAA,1,11.978399999999999
299,M86030,Mesalazine_Tab E/C 400mg,0105010B0AAAAAA,4,11.969999999999999
515,M86019,Mesalazine_Tab E/C 800mg,0105010B0AAASAS,1,11.479999999999997
517,M84012,Mesalazine_Tab E/C 800mg,0105010B0AAASAS,1,11.479999999999997
516,M86624,Mesalazine_Tab E/C 800mg,0105010B0AAASAS,1,11.479999999999997
300,M86023,Mesalazine_Tab E/C 400mg,0105010B0AAAAAA,1,8.556
301,M84031,Mesalazine_Tab E/C 400mg,0105010B0AAAAAA,1,7.985599999999999
0,M84012,Clonazepam_Tab 500mcg,0408010F0AAABAB,12,7.593599999999984
1,M86633,Clonazepam_Tab 500mcg,0408010F0AAABAB,7,6.644399999999987
533,M86010,Pyridox HCl_Tab 50mg,0906024N0AAAIAI,1,5.745600000000001
518,M86003,Mesalazine_Tab E/C 800mg,0105010B0AAASAS,1,5.739999999999998
2,M86041,Clonazepam_Tab 500mcg,0408010F0AAABAB,6,5.695199999999988
3,M84067,Clonazepam_Tab 500mcg,0408010F0AAABAB,16,5.06239999999999
4,M86003,Clonazepam_Tab 500mcg,0408010F0AAABAB,8,5.06239999999999
5,M86007,Clonazepam_Tab 500mcg,0408010F0AAABAB,8,5.06239999999999
6,M84050,Clonazepam_Tab 500mcg,0408010F0AAABAB,8,5.06239999999999
428,M86014,Amiodarone HCl_Tab 200mg,0203020D0AAABAB,13,4.550000000000004
429,M84004,Amiodarone HCl_Tab 200mg,0203020D0AAABAB,13,4.550000000000004
7,M84046,Clonazepam_Tab 500mcg,0408010F0AAABAB,4,4.519999999999991
8,M86014,Clonazepam_Tab 500mcg,0408010F0AAABAB,7,4.429599999999991
9,M86017,Clonazepam_Tab 500mcg,0408010F0AAABAB,7,4.429599999999991
10,M86020,Clonazepam_Tab 500mcg,0408010F0AAABAB,7,4.429599999999991
11,M84004,Clonazepam_Tab 500mcg,0408010F0AAABAB,7,4.429599999999991
430,M86015,Amiodarone HCl_Tab 200mg,0203020D0AAABAB,12,4.200000000000004
12,M86014,Clonazepam_Tab 500mcg,0408010F0AAABAB,13,4.113199999999992
22,M86015,Clonazepam_Tab 500mcg,0408010F0AAABAB,2,3.796799999999992
19,M86029,Clonazepam_Tab 500mcg,0408010F0AAABAB,2,3.796799999999992
21,M86032,Clonazepam_Tab 500mcg,0408010F0AAABAB,4,3.796799999999992
20,M86030,Clonazepam_Tab 500mcg,0408010F0AAABAB,6,3.796799999999992
14,M86017,Clonazepam_Tab 500mcg,0408010F0AAABAB,2,3.796799999999992
18,M84050,Clonazepam_Tab 500mcg,0408010F0AAABAB,4,3.796799999999992
17,M86006,Clonazepam_Tab 500mcg,0408010F0AAABAB,4,3.796799999999992
16,M84046,Clonazepam_Tab 500mcg,0408010F0AAABAB,3,3.796799999999992
15,M86048,Clonazepam_Tab 500mcg,0408010F0AAABAB,2,3.796799999999992
13,M86029,Clonazepam_Tab 500mcg,0408010F0AAABAB,4,3.796799999999992
311,M86034,Phenytoin_Sod Tab 100mg,0408010Q0AAAGAG,1,3.4523999999999972
27,M86015,Clonazepam_Tab 500mcg,0408010F0AAABAB,10,3.1639999999999935
26,M86029,Clonazepam_Tab 500mcg,0408010F0AAABAB,5,3.1639999999999935
24,M86015,Clonazepam_Tab 500mcg,0408010F0AAABAB,5,3.1639999999999935
25,M86008,Clonazepam_Tab 500mcg,0408010F0AAABAB,5,3.1639999999999935
28,M86006,Clonazepam_Tab 500mcg,0408010F0AAABAB,2,3.1639999999999935
23,M86004,Clonazepam_Tab 500mcg,0408010F0AAABAB,5,3.1639999999999935
29,M86034,Clonazepam_Tab 500mcg,0408010F0AAABAB,3,2.847599999999994
30,M86029,Clonazepam_Tab 500mcg,0408010F0AAABAB,9,2.847599999999994
31,M86034,Clonazepam_Tab 500mcg,0408010F0AAABAB,9,2.847599999999994
32,M84067,Clonazepam_Tab 500mcg,0408010F0AAABAB,3,2.847599999999994
431,M86003,Amiodarone HCl_Tab 200mg,0203020D0AAABAB,8,2.8000000000000025
432,M86002,Amiodarone HCl_Tab 200mg,0203020D0AAABAB,8,2.8000000000000025
433,M86008,Amiodarone HCl_Tab 200mg,0203020D0AAABAB,8,2.8000000000000025
33,M86020,Clonazepam_Tab 500mcg,0408010F0AAABAB,1,2.7119999999999944
39,M86029,Clonazepam_Tab 500mcg,0408010F0AAABAB,2,2.531199999999995
43,M86010,Clonazepam_Tab 500mcg,0408010F0AAABAB,4,2.531199999999995
42,M86627,Clonazepam_Tab 500mcg,0408010F0AAABAB,1,2.531199999999995
41,M84035,Clonazepam_Tab 500mcg,0408010F0AAABAB,1,2.531199999999995
40,M86021,Clonazepam_Tab 500mcg,0408010F0AAABAB,4,2.531199999999995
35,M86007,Clonazepam_Tab 500mcg,0408010F0AAABAB,2,2.531199999999995
38,M86005,Clonazepam_Tab 500mcg,0408010F0AAABAB,4,2.531199999999995
37,M84050,Clonazepam_Tab 500mcg,0408010F0AAABAB,8,2.531199999999995
36,M86041,Clonazepam_Tab 500mcg,0408010F0AAABAB,2,2.531199999999995
45,M86041,Clonazepam_Tab 500mcg,0408010F0AAABAB,8,2.531199999999995
34,M86010,Clonazepam_Tab 500mcg,0408010F0AAABAB,2,2.531199999999995
47,M86638,Clonazepam_Tab 500mcg,0408010F0AAABAB,8,2.531199999999995
44,M86020,Clonazepam_Tab 500mcg,0408010F0AAABAB,2,2.531199999999995
46,M84020,Clonazepam_Tab 500mcg,0408010F0AAABAB,4,2.531199999999995
48,M86018,Clonazepam_Tab 500mcg,0408010F0AAABAB,4,2.531199999999995
436,M86035,Amiodarone HCl_Tab 200mg,0203020D0AAABAB,7,2.450000000000002
435,M86034,Amiodarone HCl_Tab 200mg,0203020D0AAABAB,7,2.450000000000002
434,M84012,Amiodarone HCl_Tab 200mg,0203020D0AAABAB,7,2.450000000000002
49,M84023,Clonazepam_Tab 500mcg,0408010F0AAABAB,2,2.2599999999999953
54,M84023,Clonazepam_Tab 500mcg,0408010F0AAABAB,7,2.2147999999999954
53,M84004,Clonazepam_Tab 500mcg,0408010F0AAABAB,7,2.2147999999999954
52,M84012,Clonazepam_Tab 500mcg,0408010F0AAABAB,2,2.2147999999999954
51,M86030,Clonazepam_Tab 500mcg,0408010F0AAABAB,7,2.2147999999999954
50,M84012,Clonazepam_Tab 500mcg,0408010F0AAABAB,7,2.2147999999999954
438,M86006,Amiodarone HCl_Tab 200mg,0203020D0AAABAB,6,2.100000000000002
440,M86017,Amiodarone HCl_Tab 200mg,0203020D0AAABAB,6,2.100000000000002
437,M84023,Amiodarone HCl_Tab 200mg,0203020D0AAABAB,6,2.100000000000002
439,M84046,Amiodarone HCl_Tab 200mg,0203020D0AAABAB,3,2.100000000000002
57,M86617,Clonazepam_Tab 500mcg,0408010F0AAABAB,2,2.033999999999996
56,M86018,Clonazepam_Tab 500mcg,0408010F0AAABAB,3,2.033999999999996
55,M86034,Clonazepam_Tab 500mcg,0408010F0AAABAB,3,2.033999999999996
58,M86030,Clonazepam_Tab 500mcg,0408010F0AAABAB,1,1.943599999999996
536,M84065,Pyridox HCl_Tab 50mg,0906024N0AAAIAI,2,1.9152000000000005
535,M86015,Pyridox HCl_Tab 50mg,0906024N0AAAIAI,1,1.9152000000000005
534,M84046,Pyridox HCl_Tab 50mg,0906024N0AAAIAI,1,1.9152000000000005
82,M86613,Clonazepam_Tab 500mcg,0408010F0AAABAB,1,1.898399999999996
69,M86004,Clonazepam_Tab 500mcg,0408010F0AAABAB,12,1.898399999999996
61,M86002,Clonazepam_Tab 500mcg,0408010F0AAABAB,2,1.898399999999996
62,M86048,Clonazepam_Tab 500mcg,0408010F0AAABAB,3,1.898399999999996
63,M86021,Clonazepam_Tab 500mcg,0408010F0AAABAB,2,1.898399999999996
64,M86622,Clonazepam_Tab 500mcg,0408010F0AAABAB,3,1.898399999999996
65,M86002,Clonazepam_Tab 500mcg,0408010F0AAABAB,3,1.898399999999996
66,M86012,Clonazepam_Tab 500mcg,0408010F0AAABAB,1,1.898399999999996
67,M86037,Clonazepam_Tab 500mcg,0408010F0AAABAB,3,1.898399999999996
68,M86013,Clonazepam_Tab 500mcg,0408010F0AAABAB,3,1.898399999999996
78,M84023,Clonazepam_Tab 500mcg,0408010F0AAABAB,2,1.898399999999996
59,M86035,Clonazepam_Tab 500mcg,0408010F0AAABAB,4,1.898399999999996
77,Y00996,Clonazepam_Tab 500mcg,0408010F0AAABAB,1,1.898399999999996
76,M86019,Clonazepam_Tab 500mcg,0408010F0AAABAB,3,1.898399999999996
75,M86003,Clonazepam_Tab 500mcg,0408010F0AAABAB,2,1.898399999999996
74,M86008,Clonazepam_Tab 500mcg,0408010F0AAABAB,2,1.898399999999996
73,M86032,Clonazepam_Tab 500mcg,0408010F0AAABAB,1,1.898399999999996
72,Y04949,Clonazepam_Tab 500mcg,0408010F0AAABAB,3,1.898399999999996
71,M84023,Clonazepam_Tab 500mcg,0408010F0AAABAB,3,1.898399999999996
70,M86638,Clonazepam_Tab 500mcg,0408010F0AAABAB,3,1.898399999999996
81,M86638,Clonazepam_Tab 500mcg,0408010F0AAABAB,1,1.898399999999996
60,M86009,Clonazepam_Tab 500mcg,0408010F0AAABAB,3,1.898399999999996
80,M86001,Clonazepam_Tab 500mcg,0408010F0AAABAB,2,1.898399999999996
79,M86038,Clonazepam_Tab 500mcg,0408010F0AAABAB,1,1.898399999999996
442,M84050,Amiodarone HCl_Tab 200mg,0203020D0AAABAB,5,1.7500000000000016
441,M84616,Amiodarone HCl_Tab 200mg,0203020D0AAABAB,5,1.7500000000000016
85,M86004,Clonazepam_Tab 500mcg,0408010F0AAABAB,5,1.5819999999999967
88,M86048,Clonazepam_Tab 500mcg,0408010F0AAABAB,2,1.5819999999999967
87,M86037,Clonazepam_Tab 500mcg,0408010F0AAABAB,5,1.5819999999999967
86,M86032,Clonazepam_Tab 500mcg,0408010F0AAABAB,5,1.5819999999999967
83,M84035,Clonazepam_Tab 500mcg,0408010F0AAABAB,5,1.5819999999999967
84,M86039,Clonazepam_Tab 500mcg,0408010F0AAABAB,1,1.5819999999999967
537,M86030,Pyridox HCl_Tab 50mg,0906024N0AAAIAI,1,1.4364000000000003
538,M84031,Pyridox HCl_Tab 50mg,0906024N0AAAIAI,3,1.4364000000000003
539,M86033,Pyridox HCl_Tab 50mg,0906024N0AAAIAI,1,1.4364000000000003
540,M86045,Pyridox HCl_Tab 50mg,0906024N0AAAIAI,1,1.4364000000000003
89,M86004,Clonazepam_Tab 500mcg,0408010F0AAABAB,3,1.423799999999997
90,M86037,Clonazepam_Tab 500mcg,0408010F0AAABAB,3,1.423799999999997
91,M86015,Clonazepam_Tab 500mcg,0408010F0AAABAB,3,1.423799999999997
445,M86004,Amiodarone HCl_Tab 200mg,0203020D0AAABAB,4,1.4000000000000012
443,M84031,Amiodarone HCl_Tab 200mg,0203020D0AAABAB,4,1.4000000000000012
444,M86027,Amiodarone HCl_Tab 200mg,0203020D0AAABAB,4,1.4000000000000012
446,M86029,Amiodarone HCl_Tab 200mg,0203020D0AAABAB,4,1.4000000000000012
447,M84035,Amiodarone HCl_Tab 200mg,0203020D0AAABAB,2,1.4000000000000012
449,M86004,Amiodarone HCl_Tab 200mg,0203020D0AAABAB,2,1.4000000000000012
448,M86039,Amiodarone HCl_Tab 200mg,0203020D0AAABAB,4,1.4000000000000012
92,M86015,Clonazepam_Tab 500mcg,0408010F0AAABAB,2,1.3559999999999972
93,M86023,Clonazepam_Tab 500mcg,0408010F0AAABAB,1,1.3559999999999972
101,M86001,Clonazepam_Tab 500mcg,0408010F0AAABAB,1,1.2655999999999974
103,M86028,Clonazepam_Tab 500mcg,0408010F0AAABAB,2,1.2655999999999974
94,M84020,Clonazepam_Tab 500mcg,0408010F0AAABAB,1,1.2655999999999974
95,M86016,Clonazepam_Tab 500mcg,0408010F0AAABAB,2,1.2655999999999974
96,M86605,Clonazepam_Tab 500mcg,0408010F0AAABAB,1,1.2655999999999974
97,M86006,Clonazepam_Tab 500mcg,0408010F0AAABAB,2,1.2655999999999974
98,M84035,Clonazepam_Tab 500mcg,0408010F0AAABAB,1,1.2655999999999974
99,M84067,Clonazepam_Tab 500mcg,0408010F0AAABAB,2,1.2655999999999974
102,M86045,Clonazepam_Tab 500mcg,0408010F0AAABAB,1,1.2655999999999974
100,M86032,Clonazepam_Tab 500mcg,0408010F0AAABAB,2,1.2655999999999974
116,M86033,Clonazepam_Tab 500mcg,0408010F0AAABAB,4,1.2655999999999974
128,M84012,Clonazepam_Tab 500mcg,0408010F0AAABAB,1,1.2655999999999974
127,M84616,Clonazepam_Tab 500mcg,0408010F0AAABAB,2,1.2655999999999974
126,M86617,Clonazepam_Tab 500mcg,0408010F0AAABAB,4,1.2655999999999974
125,M86044,Clonazepam_Tab 500mcg,0408010F0AAABAB,1,1.2655999999999974
124,M86012,Clonazepam_Tab 500mcg,0408010F0AAABAB,4,1.2655999999999974
123,M84065,Clonazepam_Tab 500mcg,0408010F0AAABAB,2,1.2655999999999974
122,M86027,Clonazepam_Tab 500mcg,0408010F0AAABAB,2,1.2655999999999974
121,M86009,Clonazepam_Tab 500mcg,0408010F0AAABAB,1,1.2655999999999974
119,Y04947,Clonazepam_Tab 500mcg,0408010F0AAABAB,2,1.2655999999999974
118,M84616,Clonazepam_Tab 500mcg,0408010F0AAABAB,1,1.2655999999999974
117,M86019,Clonazepam_Tab 500mcg,0408010F0AAABAB,4,1.2655999999999974
120,M84616,Clonazepam_Tab 500mcg,0408010F0AAABAB,4,1.2655999999999974
115,M86034,Clonazepam_Tab 500mcg,0408010F0AAABAB,1,1.2655999999999974
109,M86014,Clonazepam_Tab 500mcg,0408010F0AAABAB,1,1.2655999999999974
104,Y00140,Clonazepam_Tab 500mcg,0408010F0AAABAB,2,1.2655999999999974
114,M86032,Clonazepam_Tab 500mcg,0408010F0AAABAB,1,1.2655999999999974
106,M86034,Clonazepam_Tab 500mcg,0408010F0AAABAB,2,1.2655999999999974
107,M86006,Clonazepam_Tab 500mcg,0408010F0AAABAB,4,1.2655999999999974
108,M86002,Clonazepam_Tab 500mcg,0408010F0AAABAB,1,1.2655999999999974
105,M86008,Clonazepam_Tab 500mcg,0408010F0AAABAB,4,1.2655999999999974
110,M86003,Clonazepam_Tab 500mcg,0408010F0AAABAB,1,1.2655999999999974
111,M84067,Clonazepam_Tab 500mcg,0408010F0AAABAB,1,1.2655999999999974
112,M86027,Clonazepam_Tab 500mcg,0408010F0AAABAB,1,1.2655999999999974
113,M84016,Clonazepam_Tab 500mcg,0408010F0AAABAB,2,1.2655999999999974
129,M86018,Clonazepam_Tab 500mcg,0408010F0AAABAB,2,1.1399999999999966
130,M86015,Clonazepam_Tab 500mcg,0408010F0AAABAB,2,1.1399999999999966
139,M86021,Clonazepam_Tab 500mcg,0408010F0AAABAB,1,1.1299999999999977
131,M84031,Clonazepam_Tab 500mcg,0408010F0AAABAB,1,1.1299999999999977
132,M86010,Clonazepam_Tab 500mcg,0408010F0AAABAB,1,1.1299999999999977
133,M86023,Clonazepam_Tab 500mcg,0408010F0AAABAB,1,1.1299999999999977
134,M84067,Clonazepam_Tab 500mcg,0408010F0AAABAB,1,1.1299999999999977
135,M86004,Clonazepam_Tab 500mcg,0408010F0AAABAB,1,1.1299999999999977
136,M84012,Clonazepam_Tab 500mcg,0408010F0AAABAB,1,1.1299999999999977
137,M84004,Clonazepam_Tab 500mcg,0408010F0AAABAB,1,1.1299999999999977
138,M86012,Clonazepam_Tab 500mcg,0408010F0AAABAB,1,1.1299999999999977
140,M86028,Clonazepam_Tab 500mcg,0408010F0AAABAB,1,1.1299999999999977
141,M86624,Clonazepam_Tab 500mcg,0408010F0AAABAB,2,1.1087999999999991
143,M86029,Clonazepam_Tab 500mcg,0408010F0AAABAB,7,1.1073999999999977
142,M86019,Clonazepam_Tab 500mcg,0408010F0AAABAB,7,1.1073999999999977
460,M86020,Amiodarone HCl_Tab 200mg,0203020D0AAABAB,3,1.050000000000001
450,M86021,Amiodarone HCl_Tab 200mg,0203020D0AAABAB,3,1.050000000000001
451,M84020,Amiodarone HCl_Tab 200mg,0203020D0AAABAB,3,1.050000000000001
452,M86009,Amiodarone HCl_Tab 200mg,0203020D0AAABAB,3,1.050000000000001
459,Y04952,Amiodarone HCl_Tab 200mg,0203020D0AAABAB,1,1.050000000000001
453,M84035,Amiodarone HCl_Tab 200mg,0203020D0AAABAB,3,1.050000000000001
454,M84004,Amiodarone HCl_Tab 200mg,0203020D0AAABAB,1,1.050000000000001
455,M86624,Amiodarone HCl_Tab 200mg,0203020D0AAABAB,3,1.050000000000001
456,M86033,Amiodarone HCl_Tab 200mg,0203020D0AAABAB,3,1.050000000000001
457,M84067,Amiodarone HCl_Tab 200mg,0203020D0AAABAB,3,1.050000000000001
458,M86010,Amiodarone HCl_Tab 200mg,0203020D0AAABAB,3,1.050000000000001
144,M86028,Clonazepam_Tab 500mcg,0408010F0AAABAB,1,1.016999999999998
145,M86034,Clonazepam_Tab 500mcg,0408010F0AAABAB,3,1.016999999999998
549,M86013,Pyridox HCl_Tab 50mg,0906024N0AAAIAI,1,0.9576000000000002
545,M86037,Pyridox HCl_Tab 50mg,0906024N0AAAIAI,1,0.9576000000000002
546,M84004,Pyridox HCl_Tab 50mg,0906024N0AAAIAI,1,0.9576000000000002
548,M86040,Pyridox HCl_Tab 50mg,0906024N0AAAIAI,1,0.9576000000000002
553,M86032,Pyridox HCl_Tab 50mg,0906024N0AAAIAI,1,0.9576000000000002
550,M86014,Pyridox HCl_Tab 50mg,0906024N0AAAIAI,2,0.9576000000000002
551,M86027,Pyridox HCl_Tab 50mg,0906024N0AAAIAI,1,0.9576000000000002
552,M86017,Pyridox HCl_Tab 50mg,0906024N0AAAIAI,2,0.9576000000000002
543,Y00140,Pyridox HCl_Tab 50mg,0906024N0AAAIAI,1,0.9576000000000002
544,M86023,Pyridox HCl_Tab 50mg,0906024N0AAAIAI,1,0.9576000000000002
547,M84035,Pyridox HCl_Tab 50mg,0906024N0AAAIAI,2,0.9576000000000002
542,M86008,Pyridox HCl_Tab 50mg,0906024N0AAAIAI,1,0.9576000000000002
541,M86006,Pyridox HCl_Tab 50mg,0906024N0AAAIAI,1,0.9576000000000002
169,M86045,Clonazepam_Tab 500mcg,0408010F0AAABAB,1,0.949199999999998
150,Y04952,Clonazepam_Tab 500mcg,0408010F0AAABAB,1,0.949199999999998
149,M84020,Clonazepam_Tab 500mcg,0408010F0AAABAB,3,0.949199999999998
148,M86029,Clonazepam_Tab 500mcg,0408010F0AAABAB,4,0.949199999999998
147,M86020,Clonazepam_Tab 500mcg,0408010F0AAABAB,1,0.949199999999998
146,M86046,Clonazepam_Tab 500mcg,0408010F0AAABAB,1,0.949199999999998
153,M86638,Clonazepam_Tab 500mcg,0408010F0AAABAB,1,0.949199999999998
154,M84012,Clonazepam_Tab 500mcg,0408010F0AAABAB,1,0.949199999999998
155,M84031,Clonazepam_Tab 500mcg,0408010F0AAABAB,1,0.949199999999998
156,M86002,Clonazepam_Tab 500mcg,0408010F0AAABAB,3,0.949199999999998
173,M86617,Clonazepam_Tab 500mcg,0408010F0AAABAB,1,0.949199999999998
171,Y04951,Clonazepam_Tab 500mcg,0408010F0AAABAB,4,0.949199999999998
170,M84004,Clonazepam_Tab 500mcg,0408010F0AAABAB,1,0.949199999999998
172,M86018,Clonazepam_Tab 500mcg,0408010F0AAABAB,1,0.949199999999998
168,M86039,Clonazepam_Tab 500mcg,0408010F0AAABAB,3,0.949199999999998
167,M86009,Clonazepam_Tab 500mcg,0408010F0AAABAB,3,0.949199999999998
164,M86004,Clonazepam_Tab 500mcg,0408010F0AAABAB,1,0.949199999999998
163,M86017,Clonazepam_Tab 500mcg,0408010F0AAABAB,3,0.949199999999998
151,M86015,Clonazepam_Tab 500mcg,0408010F0AAABAB,1,0.949199999999998
162,M86002,Clonazepam_Tab 500mcg,0408010F0AAABAB,4,0.949199999999998
161,M86013,Clonazepam_Tab 500mcg,0408010F0AAABAB,3,0.949199999999998
160,M86009,Clonazepam_Tab 500mcg,0408010F0AAABAB,1,0.949199999999998
159,M86048,Clonazepam_Tab 500mcg,0408010F0AAABAB,1,0.949199999999998
158,M86613,Clonazepam_Tab 500mcg,0408010F0AAABAB,1,0.949199999999998
157,M86018,Clonazepam_Tab 500mcg,0408010F0AAABAB,3,0.949199999999998
165,M84035,Clonazepam_Tab 500mcg,0408010F0AAABAB,1,0.949199999999998
166,M86040,Clonazepam_Tab 500mcg,0408010F0AAABAB,3,0.949199999999998
152,M86033,Clonazepam_Tab 500mcg,0408010F0AAABAB,4,0.949199999999998
174,M84023,Clonazepam_Tab 500mcg,0408010F0AAABAB,1,0.9378999999999981
175,M86029,Clonazepam_Tab 500mcg,0408010F0AAABAB,11,0.8700999999999982
461,M86035,Amiodarone HCl_Tab 200mg,0203020D0AAABAB,1,0.8556000000000015
176,M86014,Clonazepam_Tab 500mcg,0408010F0AAABAB,1,0.8474999999999983
178,M84016,Clonazepam_Tab 500mcg,0408010F0AAABAB,5,0.7909999999999984
177,M86002,Clonazepam_Tab 500mcg,0408010F0AAABAB,1,0.7909999999999984
462,M86037,Amiodarone HCl_Tab 200mg,0203020D0AAABAB,1,0.7500000000000007
179,M86017,Clonazepam_Tab 500mcg,0408010F0AAABAB,1,0.7118999999999985
463,M86023,Amiodarone HCl_Tab 200mg,0203020D0AAABAB,2,0.7000000000000006
464,Y04952,Amiodarone HCl_Tab 200mg,0203020D0AAABAB,2,0.7000000000000006
478,Y04947,Amiodarone HCl_Tab 200mg,0203020D0AAABAB,2,0.7000000000000006
477,M86034,Amiodarone HCl_Tab 200mg,0203020D0AAABAB,1,0.7000000000000006
476,M84065,Amiodarone HCl_Tab 200mg,0203020D0AAABAB,1,0.7000000000000006
475,M86001,Amiodarone HCl_Tab 200mg,0203020D0AAABAB,2,0.7000000000000006
474,M84616,Amiodarone HCl_Tab 200mg,0203020D0AAABAB,1,0.7000000000000006
473,M84004,Amiodarone HCl_Tab 200mg,0203020D0AAABAB,1,0.7000000000000006
472,Y00140,Amiodarone HCl_Tab 200mg,0203020D0AAABAB,2,0.7000000000000006
470,M86030,Amiodarone HCl_Tab 200mg,0203020D0AAABAB,2,0.7000000000000006
469,M86605,Amiodarone HCl_Tab 200mg,0203020D0AAABAB,2,0.7000000000000006
468,M86012,Amiodarone HCl_Tab 200mg,0203020D0AAABAB,2,0.7000000000000006
467,M84020,Amiodarone HCl_Tab 200mg,0203020D0AAABAB,1,0.7000000000000006
466,M86014,Amiodarone HCl_Tab 200mg,0203020D0AAABAB,1,0.7000000000000006
465,M86018,Amiodarone HCl_Tab 200mg,0203020D0AAABAB,1,0.7000000000000006
471,M86041,Amiodarone HCl_Tab 200mg,0203020D0AAABAB,2,0.7000000000000006
180,M86014,Clonazepam_Tab 500mcg,0408010F0AAABAB,1,0.6779999999999986
181,M84020,Clonazepam_Tab 500mcg,0408010F0AAABAB,1,0.6779999999999986
194,M86023,Clonazepam_Tab 500mcg,0408010F0AAABAB,1,0.6327999999999987
193,M86633,Clonazepam_Tab 500mcg,0408010F0AAABAB,2,0.6327999999999987
195,M86027,Clonazepam_Tab 500mcg,0408010F0AAABAB,2,0.6327999999999987
182,Y04951,Clonazepam_Tab 500mcg,0408010F0AAABAB,1,0.6327999999999987
183,M86010,Clonazepam_Tab 500mcg,0408010F0AAABAB,2,0.6327999999999987
184,M86044,Clonazepam_Tab 500mcg,0408010F0AAABAB,2,0.6327999999999987
185,M86033,Clonazepam_Tab 500mcg,0408010F0AAABAB,1,0.6327999999999987
186,M86048,Clonazepam_Tab 500mcg,0408010F0AAABAB,4,0.6327999999999987
187,M86624,Clonazepam_Tab 500mcg,0408010F0AAABAB,1,0.6327999999999987
189,M86605,Clonazepam_Tab 500mcg,0408010F0AAABAB,1,0.6327999999999987
190,M86633,Clonazepam_Tab 500mcg,0408010F0AAABAB,1,0.6327999999999987
191,Y04952,Clonazepam_Tab 500mcg,0408010F0AAABAB,1,0.6327999999999987
192,M86001,Clonazepam_Tab 500mcg,0408010F0AAABAB,1,0.6327999999999987
188,M86035,Clonazepam_Tab 500mcg,0408010F0AAABAB,2,0.6327999999999987
198,M86003,Clonazepam_Tab 500mcg,0408010F0AAABAB,2,0.6327999999999987
205,M84023,Clonazepam_Tab 500mcg,0408010F0AAABAB,4,0.6327999999999987
196,M84031,Clonazepam_Tab 500mcg,0408010F0AAABAB,1,0.6327999999999987
197,M86021,Clonazepam_Tab 500mcg,0408010F0AAABAB,2,0.6327999999999987
199,M86045,Clonazepam_Tab 500mcg,0408010F0AAABAB,1,0.6327999999999987
200,M86006,Clonazepam_Tab 500mcg,0408010F0AAABAB,4,0.6327999999999987
201,Y04952,Clonazepam_Tab 500mcg,0408010F0AAABAB,2,0.6327999999999987
202,M86622,Clonazepam_Tab 500mcg,0408010F0AAABAB,2,0.6327999999999987
204,M86001,Clonazepam_Tab 500mcg,0408010F0AAABAB,2,0.6327999999999987
203,M84031,Clonazepam_Tab 500mcg,0408010F0AAABAB,2,0.6327999999999987
206,M86040,Clonazepam_Tab 500mcg,0408010F0AAABAB,1,0.6327999999999987
207,M86021,Clonazepam_Tab 500mcg,0408010F0AAABAB,1,0.5699999999999983
208,M86039,Clonazepam_Tab 500mcg,0408010F0AAABAB,1,0.5699999999999983
209,M84016,Clonazepam_Tab 500mcg,0408010F0AAABAB,7,0.5536999999999989
556,M86029,Pyridox HCl_Tab 50mg,0906024N0AAAIAI,1,0.4788000000000001
559,M86034,Pyridox HCl_Tab 50mg,0906024N0AAAIAI,1,0.4788000000000001
560,M86015,Pyridox HCl_Tab 50mg,0906024N0AAAIAI,1,0.4788000000000001
561,M86010,Pyridox HCl_Tab 50mg,0906024N0AAAIAI,1,0.4788000000000001
562,M86033,Pyridox HCl_Tab 50mg,0906024N0AAAIAI,1,0.4788000000000001
555,M84065,Pyridox HCl_Tab 50mg,0906024N0AAAIAI,1,0.4788000000000001
557,M86035,Pyridox HCl_Tab 50mg,0906024N0AAAIAI,1,0.4788000000000001
554,M86032,Pyridox HCl_Tab 50mg,0906024N0AAAIAI,1,0.4788000000000001
558,M86030,Pyridox HCl_Tab 50mg,0906024N0AAAIAI,1,0.4788000000000001
219,M86002,Clonazepam_Tab 500mcg,0408010F0AAABAB,1,0.474599999999999
218,M84020,Clonazepam_Tab 500mcg,0408010F0AAABAB,3,0.474599999999999
222,M84012,Clonazepam_Tab 500mcg,0408010F0AAABAB,1,0.474599999999999
220,M86032,Clonazepam_Tab 500mcg,0408010F0AAABAB,3,0.474599999999999
221,M84023,Clonazepam_Tab 500mcg,0408010F0AAABAB,1,0.474599999999999
210,M84050,Clonazepam_Tab 500mcg,0408010F0AAABAB,1,0.474599999999999
223,M86003,Clonazepam_Tab 500mcg,0408010F0AAABAB,3,0.474599999999999
211,M86033,Clonazepam_Tab 500mcg,0408010F0AAABAB,1,0.474599999999999
216,M84065,Clonazepam_Tab 500mcg,0408010F0AAABAB,1,0.474599999999999
215,M84004,Clonazepam_Tab 500mcg,0408010F0AAABAB,3,0.474599999999999
214,M84004,Clonazepam_Tab 500mcg,0408010F0AAABAB,1,0.474599999999999
213,M86015,Clonazepam_Tab 500mcg,0408010F0AAABAB,2,0.474599999999999
212,M86029,Clonazepam_Tab 500mcg,0408010F0AAABAB,1,0.474599999999999
217,M86622,Clonazepam_Tab 500mcg,0408010F0AAABAB,1,0.474599999999999
224,Y04952,Clonazepam_Tab 500mcg,0408010F0AAABAB,1,0.45199999999999907
479,M86046,Amiodarone HCl_Tab 200mg,0203020D0AAABAB,1,0.41250000000000037
226,M86041,Clonazepam_Tab 500mcg,0408010F0AAABAB,5,0.3954999999999992
225,Y04949,Clonazepam_Tab 500mcg,0408010F0AAABAB,5,0.3954999999999992
488,M86018,Amiodarone HCl_Tab 200mg,0203020D0AAABAB,1,0.3500000000000003
485,Y04951,Amiodarone HCl_Tab 200mg,0203020D0AAABAB,1,0.3500000000000003
480,M86032,Amiodarone HCl_Tab 200mg,0203020D0AAABAB,1,0.3500000000000003
481,M84065,Amiodarone HCl_Tab 200mg,0203020D0AAABAB,1,0.3500000000000003
482,M86048,Amiodarone HCl_Tab 200mg,0203020D0AAABAB,1,0.3500000000000003
483,M86013,Amiodarone HCl_Tab 200mg,0203020D0AAABAB,1,0.3500000000000003
489,M86019,Amiodarone HCl_Tab 200mg,0203020D0AAABAB,1,0.3500000000000003
484,M86622,Amiodarone HCl_Tab 200mg,0203020D0AAABAB,1,0.3500000000000003
486,M86046,Amiodarone HCl_Tab 200mg,0203020D0AAABAB,1,0.3500000000000003
487,M86045,Amiodarone HCl_Tab 200mg,0203020D0AAABAB,1,0.3500000000000003
494,M84016,Amiodarone HCl_Tab 200mg,0203020D0AAABAB,1,0.3500000000000003
493,M86617,Amiodarone HCl_Tab 200mg,0203020D0AAABAB,1,0.3500000000000003
492,M86007,Amiodarone HCl_Tab 200mg,0203020D0AAABAB,1,0.3500000000000003
491,Y04949,Amiodarone HCl_Tab 200mg,0203020D0AAABAB,1,0.3500000000000003
490,M86016,Amiodarone HCl_Tab 200mg,0203020D0AAABAB,1,0.3500000000000003
227,M86020,Clonazepam_Tab 500mcg,0408010F0AAABAB,2,0.348
229,M86017,Clonazepam_Tab 500mcg,0408010F0AAABAB,1,0.3389999999999993
228,M84012,Clonazepam_Tab 500mcg,0408010F0AAABAB,1,0.3389999999999993
232,M86030,Clonazepam_Tab 500mcg,0408010F0AAABAB,1,0.3389999999999993
230,Y04952,Clonazepam_Tab 500mcg,0408010F0AAABAB,1,0.3389999999999993
231,M86041,Clonazepam_Tab 500mcg,0408010F0AAABAB,1,0.3389999999999993
233,M86033,Clonazepam_Tab 500mcg,0408010F0AAABAB,1,0.3389999999999993
234,M86020,Clonazepam_Tab 500mcg,0408010F0AAABAB,1,0.3389999999999993
235,M84616,Clonazepam_Tab 500mcg,0408010F0AAABAB,1,0.3389999999999993
236,M86003,Clonazepam_Tab 500mcg,0408010F0AAABAB,1,0.3389999999999993
237,M84046,Clonazepam_Tab 500mcg,0408010F0AAABAB,1,0.3389999999999993
495,M86046,Amiodarone HCl_Tab 200mg,0203020D0AAABAB,4,0.3388
496,M86028,Amiodarone HCl_Tab 200mg,0203020D0AAABAB,4,0.3388
497,Y04949,Amiodarone HCl_Tab 200mg,0203020D0AAABAB,4,0.3388
498,M86029,Amiodarone HCl_Tab 200mg,0203020D0AAABAB,4,0.3388
249,M86034,Clonazepam_Tab 500mcg,0408010F0AAABAB,2,0.31639999999999935
247,M84065,Clonazepam_Tab 500mcg,0408010F0AAABAB,1,0.31639999999999935
248,M86046,Clonazepam_Tab 500mcg,0408010F0AAABAB,1,0.31639999999999935
253,M86048,Clonazepam_Tab 500mcg,0408010F0AAABAB,1,0.31639999999999935
250,Y04947,Clonazepam_Tab 500mcg,0408010F0AAABAB,1,0.31639999999999935
252,M84016,Clonazepam_Tab 500mcg,0408010F0AAABAB,1,0.31639999999999935
245,M86633,Clonazepam_Tab 500mcg,0408010F0AAABAB,2,0.31639999999999935
254,M86021,Clonazepam_Tab 500mcg,0408010F0AAABAB,4,0.31639999999999935
255,M86624,Clonazepam_Tab 500mcg,0408010F0AAABAB,1,0.31639999999999935
256,M86018,Clonazepam_Tab 500mcg,0408010F0AAABAB,2,0.31639999999999935
246,M86009,Clonazepam_Tab 500mcg,0408010F0AAABAB,2,0.31639999999999935
251,Y04951,Clonazepam_Tab 500mcg,0408010F0AAABAB,1,0.31639999999999935
244,M86023,Clonazepam_Tab 500mcg,0408010F0AAABAB,1,0.31639999999999935
243,M86001,Clonazepam_Tab 500mcg,0408010F0AAABAB,2,0.31639999999999935
242,M86605,Clonazepam_Tab 500mcg,0408010F0AAABAB,1,0.31639999999999935
241,M84046,Clonazepam_Tab 500mcg,0408010F0AAABAB,1,0.31639999999999935
240,M84012,Clonazepam_Tab 500mcg,0408010F0AAABAB,2,0.31639999999999935
239,M86045,Clonazepam_Tab 500mcg,0408010F0AAABAB,1,0.31639999999999935
238,M86005,Clonazepam_Tab 500mcg,0408010F0AAABAB,1,0.31639999999999935
563,M86023,Pyridox HCl_Tab 50mg,0906024N0AAAIAI,1,0.23940000000000006
259,M86032,Clonazepam_Tab 500mcg,0408010F0AAABAB,1,0.2372999999999995
260,M84616,Clonazepam_Tab 500mcg,0408010F0AAABAB,3,0.2372999999999995
258,M86004,Clonazepam_Tab 500mcg,0408010F0AAABAB,1,0.2372999999999995
257,M86027,Clonazepam_Tab 500mcg,0408010F0AAABAB,1,0.2372999999999995
261,M84020,Clonazepam_Tab 500mcg,0408010F0AAABAB,1,0.22199999999999998
262,M84050,Clonazepam_Tab 500mcg,0408010F0AAABAB,1,0.19549999999999923
499,M86027,Amiodarone HCl_Tab 200mg,0203020D0AAABAB,1,0.17920000000000008
263,M86012,Clonazepam_Tab 500mcg,0408010F0AAABAB,4,0.16959999999999997
268,M86035,Clonazepam_Tab 500mcg,0408010F0AAABAB,1,0.15819999999999967
267,M86010,Clonazepam_Tab 500mcg,0408010F0AAABAB,1,0.15819999999999967
264,Y04965,Clonazepam_Tab 500mcg,0408010F0AAABAB,1,0.15819999999999967
265,M86005,Clonazepam_Tab 500mcg,0408010F0AAABAB,1,0.15819999999999967
266,Y04952,Clonazepam_Tab 500mcg,0408010F0AAABAB,1,0.15819999999999967
272,M86012,Clonazepam_Tab 500mcg,0408010F0AAABAB,1,0.15819999999999967
269,M86002,Clonazepam_Tab 500mcg,0408010F0AAABAB,1,0.15819999999999967
270,M86023,Clonazepam_Tab 500mcg,0408010F0AAABAB,1,0.15819999999999967
271,M86041,Clonazepam_Tab 500mcg,0408010F0AAABAB,1,0.15819999999999967
273,M84065,Clonazepam_Tab 500mcg,0408010F0AAABAB,1,0.15819999999999967
274,M84616,Clonazepam_Tab 500mcg,0408010F0AAABAB,1,0.15819999999999967
275,M86015,Clonazepam_Tab 500mcg,0408010F0AAABAB,1,0.15819999999999967
276,M84067,Clonazepam_Tab 500mcg,0408010F0AAABAB,1,0.15819999999999967
277,Y05168,Clonazepam_Tab 500mcg,0408010F0AAABAB,1,0.1367999999999996
278,M86015,Clonazepam_Tab 500mcg,0408010F0AAABAB,1,0.11599999999999999
279,M86006,Clonazepam_Tab 500mcg,0408010F0AAABAB,7,0.10920000000000002
280,M86015,Clonazepam_Tab 500mcg,0408010F0AAABAB,1,0.10079999999999989
281,M84012,Clonazepam_Tab 500mcg,0408010F0AAABAB,1,0.07909999999999984
282,M86027,Clonazepam_Tab 500mcg,0408010F0AAABAB,1,0.07909999999999984
283,M84067,Clonazepam_Tab 500mcg,0408010F0AAABAB,1,0.07909999999999984
564,M86624,Pyridox HCl_Tab 50mg,0906024N0AAAIAI,1,0.06560000000000032
314,M86015,Quetiapine_Tab 300mg,0402010ABAAAKAK,36,0.054000000000002046
519,M84031,Mesalazine_Tab E/C 800mg,0105010B0AAASAS,4,0.035999999999996035
315,M86014,Quetiapine_Tab 300mg,0402010ABAAAKAK,5,0.029999999999996696
316,M86633,Quetiapine_Tab 300mg,0402010ABAAAKAK,4,0.022399999999997533
317,M86624,Quetiapine_Tab 300mg,0402010ABAAAKAK,3,0.017999999999998018
318,M84004,Quetiapine_Tab 300mg,0402010ABAAAKAK,3,0.017999999999998018
319,M84050,Quetiapine_Tab 300mg,0402010ABAAAKAK,3,0.01679999999999815
320,M84012,Quetiapine_Tab 300mg,0402010ABAAAKAK,6,0.01679999999999815
321,M86002,Quetiapine_Tab 300mg,0402010ABAAAKAK,6,0.01679999999999815
568,M86038,Sildenafil_Tab 100mg,0704050Z0AAACAC,3,0.015000000000000013
324,M86041,Quetiapine_Tab 300mg,0402010ABAAAKAK,5,0.013999999999998458
325,M86624,Quetiapine_Tab 300mg,0402010ABAAAKAK,5,0.013999999999998458
323,M84023,Quetiapine_Tab 300mg,0402010ABAAAKAK,5,0.013999999999998458
322,M86035,Quetiapine_Tab 300mg,0402010ABAAAKAK,5,0.013999999999998458
326,M86001,Quetiapine_Tab 300mg,0402010ABAAAKAK,2,0.011999999999998678
327,M86008,Quetiapine_Tab 300mg,0402010ABAAAKAK,4,0.011199999999998766
328,M86040,Quetiapine_Tab 300mg,0402010ABAAAKAK,8,0.011199999999998766
329,M86029,Quetiapine_Tab 300mg,0402010ABAAAKAK,2,0.011199999999998766
330,M86013,Quetiapine_Tab 300mg,0402010ABAAAKAK,2,0.011199999999998766
331,M86032,Quetiapine_Tab 300mg,0402010ABAAAKAK,2,0.011199999999998766
332,M86617,Quetiapine_Tab 300mg,0402010ABAAAKAK,2,0.011199999999998766
333,Y04952,Quetiapine_Tab 300mg,0402010ABAAAKAK,2,0.011199999999998766
334,M86048,Quetiapine_Tab 300mg,0402010ABAAAKAK,4,0.011199999999998766
335,M86020,Quetiapine_Tab 300mg,0402010ABAAAKAK,2,0.011199999999998766
302,M86030,Mesalazine_Tab E/C 400mg,0105010B0AAAAAA,4,0.011199999999998766
569,M84023,Sildenafil_Tab 100mg,0704050Z0AAACAC,4,0.010000000000000009
336,M86009,Quetiapine_Tab 300mg,0402010ABAAAKAK,13,0.009099999999998998
520,M86041,Mesalazine_Tab E/C 800mg,0105010B0AAASAS,1,0.008999999999999009
337,M86045,Quetiapine_Tab 300mg,0402010ABAAAKAK,3,0.008399999999999075
348,M86018,Quetiapine_Tab 300mg,0402010ABAAAKAK,3,0.008399999999999075
345,M86015,Quetiapine_Tab 300mg,0402010ABAAAKAK,3,0.008399999999999075
338,M86638,Quetiapine_Tab 300mg,0402010ABAAAKAK,3,0.008399999999999075
339,M86617,Quetiapine_Tab 300mg,0402010ABAAAKAK,3,0.008399999999999075
340,M86003,Quetiapine_Tab 300mg,0402010ABAAAKAK,3,0.008399999999999075
341,M86633,Quetiapine_Tab 300mg,0402010ABAAAKAK,3,0.008399999999999075
342,M86040,Quetiapine_Tab 300mg,0402010ABAAAKAK,3,0.008399999999999075
343,M86029,Quetiapine_Tab 300mg,0402010ABAAAKAK,3,0.008399999999999075
344,M86006,Quetiapine_Tab 300mg,0402010ABAAAKAK,3,0.008399999999999075
346,M86012,Quetiapine_Tab 300mg,0402010ABAAAKAK,3,0.008399999999999075
347,M86009,Quetiapine_Tab 300mg,0402010ABAAAKAK,3,0.008399999999999075
349,Y00060,Quetiapine_Tab 300mg,0402010ABAAAKAK,3,0.008399999999999075
356,M86034,Quetiapine_Tab 300mg,0402010ABAAAKAK,1,0.005999999999999339
350,M86009,Quetiapine_Tab 300mg,0402010ABAAAKAK,1,0.005999999999999339
351,M84031,Quetiapine_Tab 300mg,0402010ABAAAKAK,1,0.005999999999999339
358,Y04949,Quetiapine_Tab 300mg,0402010ABAAAKAK,1,0.005999999999999339
353,M86032,Quetiapine_Tab 300mg,0402010ABAAAKAK,1,0.005999999999999339
354,Y04947,Quetiapine_Tab 300mg,0402010ABAAAKAK,1,0.005999999999999339
355,M86035,Quetiapine_Tab 300mg,0402010ABAAAKAK,1,0.005999999999999339
357,M84050,Quetiapine_Tab 300mg,0402010ABAAAKAK,1,0.005999999999999339
352,M86015,Quetiapine_Tab 300mg,0402010ABAAAKAK,1,0.005999999999999339
570,M86013,Sildenafil_Tab 100mg,0704050Z0AAACAC,1,0.005599999999999772
369,M86040,Quetiapine_Tab 300mg,0402010ABAAAKAK,1,0.005599999999999383
379,M86627,Quetiapine_Tab 300mg,0402010ABAAAKAK,2,0.005599999999999383
378,M86039,Quetiapine_Tab 300mg,0402010ABAAAKAK,2,0.005599999999999383
377,Y04965,Quetiapine_Tab 300mg,0402010ABAAAKAK,2,0.005599999999999383
376,M86012,Quetiapine_Tab 300mg,0402010ABAAAKAK,1,0.005599999999999383
375,M84016,Quetiapine_Tab 300mg,0402010ABAAAKAK,4,0.005599999999999383
374,M84050,Quetiapine_Tab 300mg,0402010ABAAAKAK,2,0.005599999999999383
373,M84012,Quetiapine_Tab 300mg,0402010ABAAAKAK,4,0.005599999999999383
372,M86048,Quetiapine_Tab 300mg,0402010ABAAAKAK,1,0.005599999999999383
371,M86612,Quetiapine_Tab 300mg,0402010ABAAAKAK,4,0.005599999999999383
367,Y04947,Quetiapine_Tab 300mg,0402010ABAAAKAK,1,0.005599999999999383
381,M86004,Quetiapine_Tab 300mg,0402010ABAAAKAK,2,0.005599999999999383
359,M86016,Quetiapine_Tab 300mg,0402010ABAAAKAK,1,0.005599999999999383
360,M86612,Quetiapine_Tab 300mg,0402010ABAAAKAK,1,0.005599999999999383
361,M86030,Quetiapine_Tab 300mg,0402010ABAAAKAK,2,0.005599999999999383
362,M86021,Quetiapine_Tab 300mg,0402010ABAAAKAK,1,0.005599999999999383
363,M86006,Quetiapine_Tab 300mg,0402010ABAAAKAK,1,0.005599999999999383
364,M84012,Quetiapine_Tab 300mg,0402010ABAAAKAK,1,0.005599999999999383
365,M86014,Quetiapine_Tab 300mg,0402010ABAAAKAK,1,0.005599999999999383
366,M84067,Quetiapine_Tab 300mg,0402010ABAAAKAK,2,0.005599999999999383
368,M86017,Quetiapine_Tab 300mg,0402010ABAAAKAK,2,0.005599999999999383
370,M86021,Quetiapine_Tab 300mg,0402010ABAAAKAK,4,0.005599999999999383
380,Y00996,Quetiapine_Tab 300mg,0402010ABAAAKAK,2,0.005599999999999383
571,Y04951,Sildenafil_Tab 100mg,0704050Z0AAACAC,1,0.0050000000000000044
382,M84012,Quetiapine_Tab 300mg,0402010ABAAAKAK,1,0.004999999999999449
383,M86032,Quetiapine_Tab 300mg,0402010ABAAAKAK,3,0.0041999999999995374
384,M86037,Quetiapine_Tab 300mg,0402010ABAAAKAK,5,0.0034999999999996145
385,Y04951,Quetiapine_Tab 300mg,0402010ABAAAKAK,2,0.0027999999999996916
386,M86005,Quetiapine_Tab 300mg,0402010ABAAAKAK,4,0.0027999999999996916
404,M86002,Quetiapine_Tab 300mg,0402010ABAAAKAK,2,0.0027999999999996916
405,M84020,Quetiapine_Tab 300mg,0402010ABAAAKAK,1,0.0027999999999996916
406,M86622,Quetiapine_Tab 300mg,0402010ABAAAKAK,1,0.0027999999999996916
407,M86032,Quetiapine_Tab 300mg,0402010ABAAAKAK,1,0.0027999999999996916
408,Y04949,Quetiapine_Tab 300mg,0402010ABAAAKAK,1,0.0027999999999996916
409,M86021,Quetiapine_Tab 300mg,0402010ABAAAKAK,4,0.0027999999999996916
410,M86028,Quetiapine_Tab 300mg,0402010ABAAAKAK,1,0.0027999999999996916
411,M86006,Quetiapine_Tab 300mg,0402010ABAAAKAK,4,0.0027999999999996916
412,M86034,Quetiapine_Tab 300mg,0402010ABAAAKAK,1,0.0027999999999996916
413,M86001,Quetiapine_Tab 300mg,0402010ABAAAKAK,1,0.0027999999999996916
414,M86605,Quetiapine_Tab 300mg,0402010ABAAAKAK,1,0.0027999999999996916
415,M84004,Quetiapine_Tab 300mg,0402010ABAAAKAK,2,0.0027999999999996916
416,M86017,Quetiapine_Tab 300mg,0402010ABAAAKAK,2,0.0027999999999996916
417,Y04952,Quetiapine_Tab 300mg,0402010ABAAAKAK,1,0.0027999999999996916
402,M86044,Quetiapine_Tab 300mg,0402010ABAAAKAK,1,0.0027999999999996916
403,M86035,Quetiapine_Tab 300mg,0402010ABAAAKAK,2,0.0027999999999996916
400,M86010,Quetiapine_Tab 300mg,0402010ABAAAKAK,2,0.0027999999999996916
393,M86014,Quetiapine_Tab 300mg,0402010ABAAAKAK,1,0.0027999999999996916
387,M86622,Quetiapine_Tab 300mg,0402010ABAAAKAK,2,0.0027999999999996916
388,M86044,Quetiapine_Tab 300mg,0402010ABAAAKAK,2,0.0027999999999996916
389,M84023,Quetiapine_Tab 300mg,0402010ABAAAKAK,2,0.0027999999999996916
390,M86033,Quetiapine_Tab 300mg,0402010ABAAAKAK,1,0.0027999999999996916
399,M86027,Quetiapine_Tab 300mg,0402010ABAAAKAK,1,0.0027999999999996916
392,M86005,Quetiapine_Tab 300mg,0402010ABAAAKAK,1,0.0027999999999996916
391,M86007,Quetiapine_Tab 300mg,0402010ABAAAKAK,1,0.0027999999999996916
394,Y00060,Quetiapine_Tab 300mg,0402010ABAAAKAK,2,0.0027999999999996916
395,M86020,Quetiapine_Tab 300mg,0402010ABAAAKAK,1,0.0027999999999996916
396,M84016,Quetiapine_Tab 300mg,0402010ABAAAKAK,1,0.0027999999999996916
397,M86013,Quetiapine_Tab 300mg,0402010ABAAAKAK,1,0.0027999999999996916
398,M84035,Quetiapine_Tab 300mg,0402010ABAAAKAK,4,0.0027999999999996916
401,Y04951,Quetiapine_Tab 300mg,0402010ABAAAKAK,1,0.0027999999999996916
566,M86005,Losartan Pot/Hydchloroth_Tab 50mg/12.5mg,0205052P0AAAAAA,1,0.00210000000000006
418,M86041,Quetiapine_Tab 300mg,0402010ABAAAKAK,3,0.0020999999999997687
419,M86048,Quetiapine_Tab 300mg,0402010ABAAAKAK,3,0.0020999999999997687
420,M86612,Quetiapine_Tab 300mg,0402010ABAAAKAK,3,0.0020999999999997687
421,M86009,Quetiapine_Tab 300mg,0402010ABAAAKAK,1,0.0015000000000000568
422,M86029,Quetiapine_Tab 300mg,0402010ABAAAKAK,2,0.0013999999999998458
423,M86030,Quetiapine_Tab 300mg,0402010ABAAAKAK,1,0.0006999999999999229
424,M86013,Quetiapine_Tab 300mg,0402010ABAAAKAK,1,-0.0031999999999996476
521,M84065,Mesalazine_Tab E/C 800mg,0105010B0AAASAS,1,-0.005999999999999339
303,M86030,Mesalazine_Tab E/C 400mg,0105010B0AAAAAA,4,-0.008399999999999075
572,M86037,Sildenafil_Tab 100mg,0704050Z0AAACAC,4,-0.01120000000000032
304,M86038,Mesalazine_Tab E/C 400mg,0105010B0AAAAAA,1,-0.011999999999998678
522,M86040,Mesalazine_Tab E/C 800mg,0105010B0AAASAS,1,-11.479999999999997
305,M86030,Mesalazine_Tab E/C 400mg,0105010B0AAAAAA,4,-15.959999999999999
306,M86040,Mesalazine_Tab E/C 400mg,0105010B0AAAAAA,2,-15.971199999999994
523,M86041,Mesalazine_Tab E/C 800mg,0105010B0AAASAS,1,-18.441
524,M86023,Mesalazine_Tab E/C 800mg,0105010B0AAASAS,2,-22.959999999999983
525,M86039,Mesalazine_Tab E/C 800mg,0105010B0AAASAS,1,-22.959999999999994
308,M86041,Mesalazine_Tab E/C 400mg,0105010B0AAAAAA,1,-23.956799999999998
307,M86006,Mesalazine_Tab E/C 400mg,0105010B0AAAAAA,1,-23.956799999999998
526,M84616,Mesalazine_Tab E/C 800mg,0105010B0AAASAS,1,-24.599999999999994
527,M84012,Mesalazine_Tab E/C 800mg,0105010B0AAASAS,1,-34.43999999999999
528,M86039,Mesalazine_Tab E/C 800mg,0105010B0AAASAS,1,-34.43999999999999
531,M86633,Mesalazine_Tab E/C 800mg,0105010B0AAASAS,1,-36.89999999999999
529,Y04947,Mesalazine_Tab E/C 800mg,0105010B0AAASAS,1,-36.89999999999999
530,M86012,Mesalazine_Tab E/C 800mg,0105010B0AAASAS,1,-36.89999999999999
532,M84031,Mesalazine_Tab E/C 800mg,0105010B0AAASAS,4,-73.764
