,practice_code,bnf_description,bnf_code,items,excess_cost
0,A83001,Aripiprazole_Tab 10mg,0402010ADAAAAAA,4,0.01120000000000071
1,A83001,Atorvastatin_Tab 10mg,0212000B0AAAAAA,44,0.09240000000000051
2,A83001,Atorvastatin_Tab 40mg,0212000B0AAACAC,85,44.74399999999999
3,A83001,Atorvastatin_Tab 80mg,0212000B0AAADAD,113,0.23730000000000678
4,A83001,Memantine HCl_Tab 20mg,0411000G0AAADAD,34,127.92219999999999
5,A83001,Paracet_Tab 500mg,0407010H0AAAMAM,488,-2.019999999999988
6,A83001,Pregabalin_Cap 75mg,0408010AEAAACAC,19,0.10919999999999905
7,A83003,Atorvastatin_Tab 10mg,0212000B0AAAAAA,8,0.016800000000000093
8,A83003,Atorvastatin_Tab 20mg,0212000B0AAABAB,1,-0.0029999999999998778
9,A83003,Atorvastatin_Tab 80mg,0212000B0AAADAD,95,0.19950000000000573
10,A83003,Memantine HCl_Tab 20mg,0411000G0AAADAD,30,0.14699999999999985
11,A83003,Paracet_Tab 500mg,0407010H0AAAMAM,448,-1.7779999999999891
12,A83004,Aripiprazole_Tab 10mg,0402010ADAAAAAA,4,-0.008399999999999852
13,A83004,Atorvastatin_Tab 10mg,0212000B0AAAAAA,193,35.12180000000001
14,A83004,Atorvastatin_Tab 20mg,0212000B0AAABAB,82,22.50080000000001
15,A83004,Atorvastatin_Tab 80mg,0212000B0AAADAD,80,24.937500000000004
16,A83004,Montelukast_Tab 10mg,0303020G0AAABAB,12,48.753600000000006
17,A83004,Paracet_Tab 500mg,0407010H0AAAMAM,426,59.73120000000003
18,A83004,Pregabalin_Cap 75mg,0408010AEAAACAC,8,311.99
19,A83007,Aripiprazole_Tab 10mg,0402010ADAAAAAA,6,87.2277
20,A83007,Atorvastatin_Tab 10mg,0212000B0AAAAAA,181,11.757900000000005
21,A83007,Atorvastatin_Tab 20mg,0212000B0AAABAB,312,45.42720000000003
22,A83007,Atorvastatin_Tab 40mg,0212000B0AAACAC,196,22.500799999999998
23,A83007,Atorvastatin_Tab 80mg,0212000B0AAADAD,54,37.308600000000006
24,A83007,Memantine HCl_Tab 20mg,0411000G0AAADAD,38,63.9821
25,A83007,Paracet_Tab 500mg,0407010H0AAAMAM,324,11.590800000000009
26,A83007,Pregabalin_Cap 75mg,0408010AEAAACAC,13,0.03919999999999976
27,A83008,Aripiprazole_Tab 10mg,0402010ADAAAAAA,24,-0.025199999999997225
28,A83008,Atorvastatin_Tab 10mg,0212000B0AAAAAA,149,46.73130000000001
29,A83008,Atorvastatin_Tab 20mg,0212000B0AAABAB,126,45.15840000000002
30,A83008,Atorvastatin_Tab 40mg,0212000B0AAACAC,77,45.03240000000001
31,A83008,Atorvastatin_Tab 80mg,0212000B0AAADAD,123,74.61019999999998
32,A83008,Memantine HCl_Tab 20mg,0411000G0AAADAD,30,0.14699999999999985
33,A83008,Montelukast_Tab 10mg,0303020G0AAABAB,32,42.6944
34,A83008,Paracet_Tab 500mg,0407010H0AAAMAM,390,-1.968399999999988
35,A83008,Pregabalin_Cap 75mg,0408010AEAAACAC,5,0.02799999999999983
36,A83012,Aripiprazole_Tab 10mg,0402010ADAAAAAA,7,0.0007000000000005058
37,A83012,Atorvastatin_Tab 10mg,0212000B0AAAAAA,130,0.2730000000000015
38,A83012,Atorvastatin_Tab 20mg,0212000B0AAABAB,707,90.92980000000014
39,A83012,Atorvastatin_Tab 40mg,0212000B0AAACAC,1,-0.002799999999999997
40,A83012,Atorvastatin_Tab 80mg,0212000B0AAADAD,241,5.4201000000000334
41,A83012,Memantine HCl_Tab 20mg,0411000G0AAADAD,33,111.9119
42,A83012,Montelukast_Tab 10mg,0303020G0AAABAB,98,97.41199999999999
43,A83012,Paracet_Tab 500mg,0407010H0AAAMAM,1544,51.25239999999992
44,A83012,Pregabalin_Cap 75mg,0408010AEAAACAC,17,0.08119999999999951
45,A83015,Aripiprazole_Tab 10mg,0402010ADAAAAAA,25,-0.052499999999999075
46,A83015,Atorvastatin_Tab 10mg,0212000B0AAAAAA,44,0.09240000000000051
47,A83015,Atorvastatin_Tab 40mg,0212000B0AAACAC,1,-0.0014999999999999389
48,A83015,Atorvastatin_Tab 80mg,0212000B0AAADAD,72,0.15540000000000445
49,A83015,Memantine HCl_Tab 20mg,0411000G0AAADAD,30,0.14699999999999985
50,A83015,Olanzapine_Tab 5mg,040201060AAAAAA,6,0.009599999999999609
51,A83015,Paracet_Tab 500mg,0407010H0AAAMAM,552,35.62920000000004
52,A83015,Pregabalin_Cap 75mg,0408010AEAAACAC,26,0.12879999999999922
53,A83017,Aripiprazole_Tab 10mg,0402010ADAAAAAA,6,0.018200000000000716
54,A83017,Atorvastatin_Tab 10mg,0212000B0AAAAAA,38,0.07980000000000044
55,A83017,Atorvastatin_Tab 20mg,0212000B0AAABAB,168,45.15840000000005
56,A83017,Atorvastatin_Tab 40mg,0212000B0AAACAC,1,0.006000000000000172
57,A83017,Atorvastatin_Tab 80mg,0212000B0AAADAD,47,0.09870000000000283
58,A83017,Memantine HCl_Tab 20mg,0411000G0AAADAD,20,0.09799999999999989
59,A83017,Montelukast_Tab 10mg,0303020G0AAABAB,21,219.4248
60,A83017,Paracet_Tab 500mg,0407010H0AAAMAM,190,-0.9183999999999946
61,A83017,Pregabalin_Cap 75mg,0408010AEAAACAC,12,0.03639999999999949
62,A83019,Atorvastatin_Tab 10mg,0212000B0AAAAAA,37,0.07140000000000044
63,A83019,Atorvastatin_Tab 20mg,0212000B0AAABAB,148,67.71730000000001
64,A83019,Atorvastatin_Tab 40mg,0212000B0AAACAC,17,45.5056
65,A83019,Atorvastatin_Tab 80mg,0212000B0AAADAD,64,26.678400000000007
66,A83019,Memantine HCl_Tab 20mg,0411000G0AAADAD,12,0.058799999999999936
67,A83019,Montelukast_Tab 10mg,0303020G0AAABAB,12,1.008000000000001
68,A83019,Paracet_Tab 500mg,0407010H0AAAMAM,202,22.4996
69,A83019,Pregabalin_Cap 75mg,0408010AEAAACAC,7,0.03919999999999976
70,A83020,Aripiprazole_Tab 10mg,0402010ADAAAAAA,2,0.01120000000000032
71,A83020,Atorvastatin_Tab 10mg,0212000B0AAAAAA,16,0.033600000000000185
72,A83020,Atorvastatin_Tab 20mg,0212000B0AAABAB,1,0.006000000000000172
73,A83020,Atorvastatin_Tab 80mg,0212000B0AAADAD,20,0.0420000000000012
74,A83020,Memantine HCl_Tab 20mg,0411000G0AAADAD,17,0.0832999999999999
75,A83020,Montelukast_Tab 10mg,0303020G0AAABAB,31,48.781600000000005
76,A83020,Olanzapine_Tab 5mg,040201060AAAAAA,2,-0.0060000000000010045
77,A83020,Paracet_Tab 500mg,0407010H0AAAMAM,970,21.814400000000152
78,A83020,Pregabalin_Cap 75mg,0408010AEAAACAC,17,0.09519999999999942
79,A83021,Aripiprazole_Tab 10mg,0402010ADAAAAAA,4,-0.001899999999999763
80,A83021,Atorvastatin_Tab 10mg,0212000B0AAAAAA,305,46.529700000000005
81,A83021,Atorvastatin_Tab 20mg,0212000B0AAABAB,558,169.4868
82,A83021,Atorvastatin_Tab 40mg,0212000B0AAACAC,1,-0.0007999999999999674
83,A83021,Atorvastatin_Tab 80mg,0212000B0AAADAD,61,0.12810000000000366
84,A83021,Memantine HCl_Tab 20mg,0411000G0AAADAD,45,64.0675
85,A83021,Olanzapine_Tab 5mg,040201060AAAAAA,2,182.75599999999997
86,A83021,Paracet_Tab 500mg,0407010H0AAAMAM,514,98.31320000000008
87,A83021,Pregabalin_Cap 75mg,0408010AEAAACAC,8,0.022399999999999864
88,A83025,Aripiprazole_Tab 10mg,0402010ADAAAAAA,34,0.013300000000002615
89,A83025,Atorvastatin_Tab 10mg,0212000B0AAAAAA,151,35.120400000000004
90,A83025,Atorvastatin_Tab 20mg,0212000B0AAABAB,783,588.8617000000002
91,A83025,Atorvastatin_Tab 40mg,0212000B0AAACAC,390,134.31599999999997
92,A83025,Atorvastatin_Tab 80mg,0212000B0AAADAD,307,2.164399999999997
93,A83025,Memantine HCl_Tab 20mg,0411000G0AAADAD,94,64.2376
94,A83025,Olanzapine_Tab 5mg,040201060AAAAAA,1,0.002899999999999986
95,A83025,Paracet_Tab 500mg,0407010H0AAAMAM,1370,17.888000000000215
96,A83025,Pregabalin_Cap 75mg,0408010AEAAACAC,38,0.16589999999999894
97,A83032,Aripiprazole_Tab 10mg,0402010ADAAAAAA,3,-0.006299999999999889
98,A83032,Atorvastatin_Tab 10mg,0212000B0AAAAAA,17,0.0357000000000002
99,A83032,Atorvastatin_Tab 80mg,0212000B0AAADAD,2,0.00420000000000012
100,A83032,Memantine HCl_Tab 20mg,0411000G0AAADAD,7,63.91839999999999
101,A83032,Paracet_Tab 500mg,0407010H0AAAMAM,16,0.04479999999999973
102,A83035,Atorvastatin_Tab 10mg,0212000B0AAAAAA,121,11.606699999999996
103,A83035,Atorvastatin_Tab 80mg,0212000B0AAADAD,23,0.048300000000001383
104,A83035,Memantine HCl_Tab 20mg,0411000G0AAADAD,4,0.01959999999999998
105,A83035,Paracet_Tab 500mg,0407010H0AAAMAM,46,-0.167199999999999
106,A83035,Pregabalin_Cap 75mg,0408010AEAAACAC,9,56.750400000000006
107,A83037,Aripiprazole_Tab 10mg,0402010ADAAAAAA,4,-0.008399999999999852
108,A83037,Atorvastatin_Tab 10mg,0212000B0AAAAAA,51,0.10080000000000061
109,A83037,Atorvastatin_Tab 80mg,0212000B0AAADAD,153,25.16850000000001
110,A83037,Memantine HCl_Tab 20mg,0411000G0AAADAD,51,64.0689
111,A83037,Paracet_Tab 500mg,0407010H0AAAMAM,1164,40.872000000000206
112,A83037,Pregabalin_Cap 75mg,0408010AEAAACAC,15,0.09239999999999857
113,A83041,Aripiprazole_Tab 10mg,0402010ADAAAAAA,17,0.03500000000000275
114,A83041,Atorvastatin_Tab 10mg,0212000B0AAAAAA,70,0.1470000000000008
115,A83041,Atorvastatin_Tab 80mg,0212000B0AAADAD,82,0.17430000000000498
116,A83041,Memantine HCl_Tab 20mg,0411000G0AAADAD,3,0.014699999999999984
117,A83041,Paracet_Tab 500mg,0407010H0AAAMAM,592,-2.373999999999986
118,A83041,Pregabalin_Cap 75mg,0408010AEAAACAC,19,0.0636999999999994
119,A83042,Atorvastatin_Tab 10mg,0212000B0AAAAAA,101,23.247700000000002
120,A83042,Atorvastatin_Tab 20mg,0212000B0AAABAB,184,45.33760000000001
121,A83042,Atorvastatin_Tab 80mg,0212000B0AAADAD,27,0.056700000000001624
122,A83042,Memantine HCl_Tab 20mg,0411000G0AAADAD,8,0.03919999999999996
123,A83042,Montelukast_Tab 10mg,0303020G0AAABAB,20,24.360000000000003
124,A83042,Paracet_Tab 500mg,0407010H0AAAMAM,572,8.666400000000102
125,A83042,Pregabalin_Cap 75mg,0408010AEAAACAC,2,0.011199999999999932
126,A83043,Atorvastatin_Tab 10mg,0212000B0AAAAAA,17,0.0357000000000002
127,A83043,Atorvastatin_Tab 80mg,0212000B0AAADAD,9,0.01890000000000054
128,A83043,Paracet_Tab 500mg,0407010H0AAAMAM,50,-0.05319999999999968
129,A83044,Aripiprazole_Tab 10mg,0402010ADAAAAAA,12,0.0056000000000009376
130,A83044,Atorvastatin_Tab 10mg,0212000B0AAAAAA,50,0.0999000000000006
131,A83044,Atorvastatin_Tab 80mg,0212000B0AAADAD,68,0.1428000000000041
132,A83044,Memantine HCl_Tab 20mg,0411000G0AAADAD,8,63.9107
133,A83044,Paracet_Tab 500mg,0407010H0AAAMAM,670,88.93000000000008
134,A83044,Pregabalin_Cap 75mg,0408010AEAAACAC,4,0.022399999999999864
135,A83045,Atorvastatin_Tab 10mg,0212000B0AAAAAA,114,0.23310000000000133
136,A83045,Atorvastatin_Tab 80mg,0212000B0AAADAD,244,25.137000000000018
137,A83045,Memantine HCl_Tab 20mg,0411000G0AAADAD,46,0.22539999999999977
138,A83045,Montelukast_Tab 10mg,0303020G0AAABAB,30,48.720000000000006
139,A83045,Paracet_Tab 500mg,0407010H0AAAMAM,1304,87.4098
140,A83045,Pregabalin_Cap 75mg,0408010AEAAACAC,13,0.08679999999999802
141,A83046,Atorvastatin_Tab 10mg,0212000B0AAAAAA,34,0.06630000000000041
142,A83046,Atorvastatin_Tab 80mg,0212000B0AAADAD,42,0.08820000000000253
143,A83046,Memantine HCl_Tab 20mg,0411000G0AAADAD,4,0.01959999999999998
144,A83046,Paracet_Tab 500mg,0407010H0AAAMAM,158,9.276400000000004
145,A83046,Pregabalin_Cap 75mg,0408010AEAAACAC,1,0.005599999999999966
146,A83051,Aripiprazole_Tab 10mg,0402010ADAAAAAA,5,174.4603
147,A83051,Atorvastatin_Tab 10mg,0212000B0AAAAAA,76,0.15960000000000088
148,A83051,Atorvastatin_Tab 20mg,0212000B0AAABAB,9,0.05400000000000155
149,A83051,Atorvastatin_Tab 40mg,0212000B0AAACAC,1,0.006000000000000172
150,A83051,Atorvastatin_Tab 80mg,0212000B0AAADAD,115,0.24150000000000693
151,A83051,Memantine HCl_Tab 20mg,0411000G0AAADAD,13,0.06369999999999992
152,A83051,Montelukast_Tab 10mg,0303020G0AAABAB,55,24.409000000000006
153,A83051,Paracet_Tab 500mg,0407010H0AAAMAM,1152,118.63720000000005
154,A83051,Pregabalin_Cap 75mg,0408010AEAAACAC,33,0.11239999999999903
155,A83052,Aripiprazole_Tab 10mg,0402010ADAAAAAA,4,-0.008399999999999852
156,A83052,Atorvastatin_Tab 10mg,0212000B0AAAAAA,42,0.08820000000000049
157,A83052,Atorvastatin_Tab 40mg,0212000B0AAACAC,2,0.00800000000000023
158,A83052,Atorvastatin_Tab 80mg,0212000B0AAADAD,87,0.17620000000000535
159,A83052,Memantine HCl_Tab 20mg,0411000G0AAADAD,44,0.20719999999999977
160,A83052,Paracet_Tab 500mg,0407010H0AAAMAM,182,-0.3067999999999981
161,A83052,Pregabalin_Cap 75mg,0408010AEAAACAC,12,0.0671999999999996
162,A83054,Atorvastatin_Tab 10mg,0212000B0AAAAAA,107,11.610200000000004
163,A83054,Atorvastatin_Tab 20mg,0212000B0AAABAB,493,23.466800000000003
164,A83054,Atorvastatin_Tab 80mg,0212000B0AAADAD,24,0.050400000000001444
165,A83054,Memantine HCl_Tab 20mg,0411000G0AAADAD,13,0.06369999999999992
166,A83054,Paracet_Tab 500mg,0407010H0AAAMAM,188,-0.7195999999999956
167,A83057,Aripiprazole_Tab 10mg,0402010ADAAAAAA,4,-0.008399999999999852
168,A83057,Atorvastatin_Tab 10mg,0212000B0AAAAAA,24,23.264300000000002
169,A83057,Atorvastatin_Tab 80mg,0212000B0AAADAD,105,0.2268000000000065
170,A83057,Memantine HCl_Tab 20mg,0411000G0AAADAD,12,0.058799999999999936
171,A83057,Paracet_Tab 500mg,0407010H0AAAMAM,892,51.699999999999946
172,A83057,Pregabalin_Cap 75mg,0408010AEAAACAC,23,0.09029999999999909
173,A83060,Atorvastatin_Tab 10mg,0212000B0AAAAAA,11,0.023100000000000127
174,A83060,Atorvastatin_Tab 80mg,0212000B0AAADAD,7,0.014700000000000421
175,A83060,Paracet_Tab 500mg,0407010H0AAAMAM,12,0.05759999999999965
176,A83061,Atorvastatin_Tab 80mg,0212000B0AAADAD,12,0.025200000000000722
177,A83061,Memantine HCl_Tab 20mg,0411000G0AAADAD,4,0.01959999999999998
178,A83061,Paracet_Tab 500mg,0407010H0AAAMAM,150,10.04639999999999
179,A83066,Aripiprazole_Tab 10mg,0402010ADAAAAAA,6,-0.012599999999999778
180,A83066,Atorvastatin_Tab 10mg,0212000B0AAAAAA,48,0.10080000000000056
181,A83066,Atorvastatin_Tab 20mg,0212000B0AAABAB,243,91.17360000000002
182,A83066,Atorvastatin_Tab 80mg,0212000B0AAADAD,94,1.0388000000000028
183,A83066,Memantine HCl_Tab 20mg,0411000G0AAADAD,8,0.03919999999999996
184,A83066,Paracet_Tab 500mg,0407010H0AAAMAM,38,-0.1307999999999992
185,A83066,Pregabalin_Cap 75mg,0408010AEAAACAC,15,0.06439999999999961
186,A83071,Atorvastatin_Tab 10mg,0212000B0AAAAAA,37,11.6907
187,A83071,Atorvastatin_Tab 20mg,0212000B0AAABAB,132,135.27360000000002
188,A83071,Atorvastatin_Tab 80mg,0212000B0AAADAD,55,99.33419999999998
189,A83071,Montelukast_Tab 10mg,0303020G0AAABAB,9,24.368399999999994
190,A83071,Paracet_Tab 500mg,0407010H0AAAMAM,178,-0.7899999999999952
191,A83071,Pregabalin_Cap 75mg,0408010AEAAACAC,4,0.022399999999999864
192,A83074,Aripiprazole_Tab 10mg,0402010ADAAAAAA,5,-0.010499999999999815
193,A83074,Atorvastatin_Tab 10mg,0212000B0AAAAAA,58,23.321900000000003
194,A83074,Atorvastatin_Tab 40mg,0212000B0AAACAC,231,0.6468000000000185
195,A83074,Atorvastatin_Tab 80mg,0212000B0AAADAD,134,0.278200000000008
196,A83074,Memantine HCl_Tab 20mg,0411000G0AAADAD,13,0.06369999999999992
197,A83074,Olanzapine_Tab 5mg,040201060AAAAAA,5,45.703
198,A83074,Paracet_Tab 500mg,0407010H0AAAMAM,222,40.70440000000001
199,A83075,Aripiprazole_Tab 10mg,0402010ADAAAAAA,4,-0.008399999999999852
200,A83075,Atorvastatin_Tab 10mg,0212000B0AAAAAA,77,0.1617000000000009
201,A83075,Atorvastatin_Tab 80mg,0212000B0AAADAD,83,0.174300000000005
202,A83075,Paracet_Tab 500mg,0407010H0AAAMAM,212,-1.0915999999999935
203,A83075,Pregabalin_Cap 75mg,0408010AEAAACAC,11,0.065799999999998
204,A83603,Aripiprazole_Tab 10mg,0402010ADAAAAAA,4,-0.008399999999999852
205,A83603,Atorvastatin_Tab 10mg,0212000B0AAAAAA,8,0.016800000000000093
206,A83603,Atorvastatin_Tab 20mg,0212000B0AAABAB,1,0.0034000000000000974
207,A83603,Atorvastatin_Tab 80mg,0212000B0AAADAD,21,24.8052
208,A83603,Memantine HCl_Tab 20mg,0411000G0AAADAD,4,0.01959999999999998
209,A83603,Montelukast_Tab 10mg,0303020G0AAABAB,4,24.3824
210,A83603,Paracet_Tab 500mg,0407010H0AAAMAM,32,6.6784
211,A83603,Pregabalin_Cap 75mg,0408010AEAAACAC,2,-0.004000000000000115
212,A83610,Atorvastatin_Tab 10mg,0212000B0AAAAAA,12,0.02520000000000014
213,A83610,Atorvastatin_Tab 20mg,0212000B0AAABAB,110,0.3080000000000088
214,A83610,Atorvastatin_Tab 80mg,0212000B0AAADAD,56,26.7043
215,A83610,Memantine HCl_Tab 20mg,0411000G0AAADAD,8,0.03919999999999996
216,A83610,Paracet_Tab 500mg,0407010H0AAAMAM,152,23.31760000000002
217,A83610,Pregabalin_Cap 75mg,0408010AEAAACAC,5,0.02799999999999983
218,A83616,Atorvastatin_Tab 10mg,0212000B0AAAAAA,4,0.008400000000000046
219,A83616,Atorvastatin_Tab 20mg,0212000B0AAABAB,72,45.15840000000001
220,A83616,Atorvastatin_Tab 80mg,0212000B0AAADAD,74,0.8946000000000132
221,A83616,Paracet_Tab 500mg,0407010H0AAAMAM,346,9.774400000000002
222,A83619,Atorvastatin_Tab 10mg,0212000B0AAAAAA,4,0.008400000000000046
223,A83619,Atorvastatin_Tab 80mg,0212000B0AAADAD,51,0.10710000000000307
224,A83619,Memantine HCl_Tab 20mg,0411000G0AAADAD,4,0.01959999999999998
225,A83619,Paracet_Tab 500mg,0407010H0AAAMAM,284,17.751999999999995
226,A83619,Pregabalin_Cap 75mg,0408010AEAAACAC,6,0.022399999999999864
227,A83626,Atorvastatin_Tab 10mg,0212000B0AAAAAA,5,0.010500000000000058
228,A83626,Atorvastatin_Tab 20mg,0212000B0AAABAB,148,22.79200000000002
229,A83626,Atorvastatin_Tab 80mg,0212000B0AAADAD,42,0.6832000000000064
230,A83626,Paracet_Tab 500mg,0407010H0AAAMAM,10,0.03439999999999979
231,A83627,Aripiprazole_Tab 10mg,0402010ADAAAAAA,8,0.01400000000000079
232,A83627,Atorvastatin_Tab 10mg,0212000B0AAAAAA,25,0.05250000000000029
233,A83627,Atorvastatin_Tab 80mg,0212000B0AAADAD,65,0.1365000000000039
234,A83627,Memantine HCl_Tab 20mg,0411000G0AAADAD,12,0.058799999999999936
235,A83627,Montelukast_Tab 10mg,0303020G0AAABAB,16,24.371199999999998
236,A83627,Paracet_Tab 500mg,0407010H0AAAMAM,184,-0.8159999999999951
237,A83627,Pregabalin_Cap 75mg,0408010AEAAACAC,3,0.0167999999999999
238,A83634,Atorvastatin_Tab 10mg,0212000B0AAAAAA,34,0.0714000000000004
239,A83634,Atorvastatin_Tab 20mg,0212000B0AAABAB,112,22.579200000000014
240,A83634,Atorvastatin_Tab 40mg,0212000B0AAACAC,41,0.5740000000000005
241,A83634,Atorvastatin_Tab 80mg,0212000B0AAADAD,30,1.9109999999999994
242,A83634,Memantine HCl_Tab 20mg,0411000G0AAADAD,5,0.024499999999999973
243,A83634,Paracet_Tab 500mg,0407010H0AAAMAM,76,-0.2903999999999982
244,Y00688,Paracet_Tab 500mg,0407010H0AAAMAM,2,-0.011199999999999932
245,Y02115,Atorvastatin_Tab 10mg,0212000B0AAAAAA,1,0.0021000000000000116
246,Y02115,Memantine HCl_Tab 20mg,0411000G0AAADAD,1,0.004899999999999995
247,Y02115,Paracet_Tab 500mg,0407010H0AAAMAM,40,-0.19039999999999885
248,Y02352,Memantine HCl_Tab 20mg,0411000G0AAADAD,1,0.004899999999999995
249,Y02352,Paracet_Tab 500mg,0407010H0AAAMAM,28,-0.13999999999999915
250,Y05118,Paracet_Tab 500mg,0407010H0AAAMAM,24,-0.0835999999999995
251,Y05119,Montelukast_Tab 10mg,0303020G0AAABAB,1,-0.004299999999999998
252,Y05119,Olanzapine_Tab 5mg,040201060AAAAAA,1,0.002899999999999986
253,Y05119,Paracet_Tab 500mg,0407010H0AAAMAM,4,-0.022399999999999864
254,Y05735,Atorvastatin_Tab 40mg,0212000B0AAACAC,1,-0.002799999999999997
255,Y05735,Pregabalin_Cap 75mg,0408010AEAAACAC,1,0.0015999999999999903
256,Y05736,Paracet_Tab 500mg,0407010H0AAAMAM,2,0.005999999999999964
257,Y05738,Paracet_Tab 500mg,0407010H0AAAMAM,2,-0.011199999999999932
