,practice_code,bnf_description,bnf_code,items,excess_cost
0,C81008,Atorvastatin_Tab 40mg,0212000B0AAACAC,3,89.00640000000001
1,C81008,Carbimazole_Tab 5mg,0602020D0AAAAAA,4,-0.014399999999998414
2,C81008,Olanzapine_Tab 15mg,040201060AAALAL,4,0.019599999999999396
3,C81008,Paracet_Tab 500mg,0407010H0AAAMAM,1098,365.8628000000001
4,C81008,Pregabalin_Cap 200mg,0408010AEAAAFAF,20,56.92399999999999
5,C81008,Pregabalin_Cap 25mg,0408010AEAAAAAA,11,56.4249
6,C81008,Risperidone_Tab 6mg,040201030AAAFAF,4,51.1336
7,C81008,Sumatriptan_Tab 100mg,0407041T0AAACAC,1,0.0041999999999995374
8,C81029,Carbimazole_Tab 5mg,0602020D0AAAAAA,12,-0.05039999999999445
9,C81029,Letrozole_Tab 2.5mg,0803041L0AAAAAA,8,0.039200000000000346
10,C81029,Paracet_Tab 500mg,0407010H0AAAMAM,272,-0.9371999999999943
11,C81029,Pregabalin_Cap 25mg,0408010AEAAAAAA,4,0.008399999999999852
12,C81033,Atorvastatin_Tab 20mg,0212000B0AAABAB,1,0.00360000000000002
13,C81033,Carbimazole_Tab 5mg,0602020D0AAAAAA,11,23.850400000000004
14,C81033,Letrozole_Tab 2.5mg,0803041L0AAAAAA,4,0.019600000000000173
15,C81033,Paracet_Tab 500mg,0407010H0AAAMAM,1178,53.75919999999994
16,C81033,Pregabalin_Cap 200mg,0408010AEAAAFAF,3,0.0027999999999996916
17,C81033,Risperidone_Tab 6mg,040201030AAAFAF,4,29.232
18,C81050,Atorvastatin_Tab 20mg,0212000B0AAABAB,483,22.9908
19,C81050,Carbimazole_Tab 5mg,0602020D0AAAAAA,7,11.9356
20,C81050,Olanzapine_Tab 15mg,040201060AAALAL,1,102.96159999999999
21,C81050,Paracet_Tab 500mg,0407010H0AAAMAM,300,20.815600000000053
22,C81050,Sumatriptan_Tab 100mg,0407041T0AAACAC,1,65.22
23,C81055,Carbimazole_Tab 5mg,0602020D0AAAAAA,3,-0.011199999999998766
24,C81055,Paracet_Tab 500mg,0407010H0AAAMAM,28,-0.005599999999999966
25,C81055,Pregabalin_Cap 200mg,0408010AEAAAFAF,2,-0.00560000000000016
26,C81056,Carbimazole_Tab 5mg,0602020D0AAAAAA,7,-0.02639999999999909
27,C81056,Letrozole_Tab 2.5mg,0803041L0AAAAAA,16,-0.2688000000000015
28,C81056,Paracet_Tab 500mg,0407010H0AAAMAM,542,127.93979999999999
29,C81056,Pregabalin_Cap 200mg,0408010AEAAAFAF,15,60.1272
30,C81056,Pregabalin_Cap 25mg,0408010AEAAAAAA,4,0.016799999999999704
31,C81056,Sumatriptan_Tab 100mg,0407041T0AAACAC,1,2.8902
32,C81095,Atorvastatin_Tab 20mg,0212000B0AAABAB,103,0.28920000000000823
33,C81095,Carbimazole_Tab 5mg,0602020D0AAAAAA,1,-0.0027999999999996916
34,C81095,Letrozole_Tab 2.5mg,0803041L0AAAAAA,10,71.28800000000001
35,C81095,Paracet_Tab 500mg,0407010H0AAAMAM,160,8.240000000000043
36,C81096,Carbimazole_Tab 5mg,0602020D0AAAAAA,1,-0.005599999999999383
37,C81096,Paracet_Tab 500mg,0407010H0AAAMAM,230,25.075199999999988
38,C81099,Atorvastatin_Tab 20mg,0212000B0AAABAB,249,45.31800000000004
39,C81099,Carbimazole_Tab 5mg,0602020D0AAAAAA,8,-0.030799999999996608
40,C81099,Olanzapine_Tab 15mg,040201060AAALAL,4,0.019599999999999396
41,C81099,Paracet_Tab 500mg,0407010H0AAAMAM,258,69.88799999999995
42,C81638,Carbimazole_Tab 5mg,0602020D0AAAAAA,6,23.877000000000002
43,C81638,Paracet_Tab 500mg,0407010H0AAAMAM,284,31.399199999999972
44,C81638,Pregabalin_Cap 200mg,0408010AEAAAFAF,3,0.008399999999999658
45,C81638,Pregabalin_Cap 25mg,0408010AEAAAAAA,1,28.198800000000002
46,C81647,Carbimazole_Tab 5mg,0602020D0AAAAAA,3,-0.011199999999998766
47,C81647,Paracet_Tab 500mg,0407010H0AAAMAM,604,53.39480000000005
48,C81647,Pregabalin_Cap 200mg,0408010AEAAAFAF,11,0.013999999999998847
49,C81647,Pregabalin_Cap 25mg,0408010AEAAAAAA,4,0.016799999999999704
50,C81655,Carbimazole_Tab 5mg,0602020D0AAAAAA,3,-0.006999999999999229
51,C81655,Paracet_Tab 500mg,0407010H0AAAMAM,16,-0.08799999999999947
52,C81658,Atorvastatin_Tab 20mg,0212000B0AAABAB,1,0.004000000000000115
53,C81658,Paracet_Tab 500mg,0407010H0AAAMAM,16,-0.030799999999999814
54,C81658,Pregabalin_Cap 25mg,0408010AEAAAAAA,8,0.03359999999999941
55,C81661,Atorvastatin_Tab 20mg,0212000B0AAABAB,94,0.26320000000000754
56,C81661,Carbimazole_Tab 5mg,0602020D0AAAAAA,2,-0.005599999999999383
57,C81661,Paracet_Tab 500mg,0407010H0AAAMAM,164,1.019999999999994
58,Y04977,Atorvastatin_Tab 40mg,0212000B0AAACAC,65,1.092000000000006
59,Y04977,Carbimazole_Tab 5mg,0602020D0AAAAAA,4,23.87
60,Y04977,Paracet_Tab 500mg,0407010H0AAAMAM,312,129.36480000000006
61,Y04977,Pregabalin_Cap 25mg,0408010AEAAAAAA,5,0.012599999999999778
