,practice_code,bnf_description,bnf_code,items,excess_cost
0,J82028,Atorvastatin_Tab 80mg,0212000B0AAADAD,101,173.7746
1,J82028,Clonazepam_Tab 500mcg,0408010F0AAABAB,41,12.287699999999976
2,J82028,Escitalopram_Tab 20mg,0403030X0AAABAB,5,156.66
3,J82028,Montelukast_Tab 10mg,0303020G0AAABAB,27,48.6864
4,J82028,Paracet_Tab 500mg,0407010H0AAAMAM,716,118.048
5,J82028,Prednisolone_Tab Solb 5mg,0603020T0AABHBH,1,-0.004799999999999471
6,J82028,Pregabalin_Cap 100mg,0408010AEAAADAD,8,227.6176
7,J82028,Pregabalin_Cap 200mg,0408010AEAAAFAF,4,0.0055999999999995775
8,J82055,Atorvastatin_Tab 80mg,0212000B0AAADAD,8,0.01680000000000048
9,J82055,Clonazepam_Tab 500mcg,0408010F0AAABAB,25,9.871699999999981
10,J82055,Escitalopram_Tab 20mg,0403030X0AAABAB,2,22.383200000000002
11,J82055,Montelukast_Tab 10mg,0303020G0AAABAB,12,48.720000000000006
12,J82055,Paracet_Tab 500mg,0407010H0AAAMAM,96,22.549600000000005
13,J82060,Atorvastatin_Tab 80mg,0212000B0AAADAD,44,0.09240000000000265
14,J82060,Clonazepam_Tab 500mcg,0408010F0AAABAB,24,6.281199999999989
15,J82060,Paracet_Tab 500mg,0407010H0AAAMAM,174,-0.4703999999999971
16,J82060,Prednisolone_Tab Solb 5mg,0603020T0AABHBH,1,0.0035999999999996035
17,J82060,Pregabalin_Cap 100mg,0408010AEAAADAD,10,0.0630000000000018
18,J82073,Atorvastatin_Tab 20mg,0212000B0AAABAB,1,-0.0029999999999998778
19,J82073,Atorvastatin_Tab 80mg,0212000B0AAADAD,37,0.07770000000000223
20,J82073,Clonazepam_Tab 500mcg,0408010F0AAABAB,10,4.54759999999999
21,J82073,Escitalopram_Tab 20mg,0403030X0AAABAB,4,89.53280000000001
22,J82073,Montelukast_Tab 10mg,0303020G0AAABAB,28,121.90639999999999
23,J82073,Paracet_Tab 500mg,0407010H0AAAMAM,174,26.188400000000005
24,J82073,Phenytoin_Sod Tab 100mg,0408010Q0AAAGAG,1,18.177599999999995
25,J82073,Prednisolone_Tab Solb 5mg,0603020T0AABHBH,9,-0.028799999999996828
26,J82085,Atorvastatin_Tab 20mg,0212000B0AAABAB,87,68.02320000000003
27,J82085,Atorvastatin_Tab 80mg,0212000B0AAADAD,47,0.09870000000000283
28,J82085,Clonazepam_Tab 500mcg,0408010F0AAABAB,57,17.865399999999962
29,J82085,Paracet_Tab 500mg,0407010H0AAAMAM,386,32.3092
30,J82085,Phenytoin_Sod Tab 100mg,0408010Q0AAAGAG,6,238.82669999999996
31,J82085,Prednisolone_Tab Solb 5mg,0603020T0AABHBH,2,-0.0017999999999998018
32,J82085,Pregabalin_Cap 100mg,0408010AEAAADAD,4,0.025200000000000722
33,J82085,Pregabalin_Cap 200mg,0408010AEAAAFAF,2,-0.00560000000000016
34,J82090,Atorvastatin_Tab 20mg,0212000B0AAABAB,1,0.006000000000000172
35,J82090,Atorvastatin_Tab 80mg,0212000B0AAADAD,86,0.1848000000000053
36,J82090,Clonazepam_Tab 500mcg,0408010F0AAABAB,34,6.422999999999988
37,J82090,Montelukast_Tab 10mg,0303020G0AAABAB,44,48.78720000000001
38,J82090,Paracet_Tab 500mg,0407010H0AAAMAM,394,40.33600000000003
39,J82090,Prednisolone_Tab Solb 5mg,0603020T0AABHBH,2,-0.009599999999998943
40,J82090,Pregabalin_Cap 100mg,0408010AEAAADAD,4,0.025200000000000722
41,J82090,Pregabalin_Cap 200mg,0408010AEAAAFAF,5,0.01399999999999943
42,J82102,Atorvastatin_Tab 20mg,0212000B0AAABAB,3,0.006400000000000142
43,J82102,Atorvastatin_Tab 80mg,0212000B0AAADAD,3,0.0063000000000001805
44,J82102,Clonazepam_Tab 500mcg,0408010F0AAABAB,36,23.174799999999955
45,J82102,Escitalopram_Tab 20mg,0403030X0AAABAB,1,22.3804
46,J82102,Paracet_Tab 500mg,0407010H0AAAMAM,520,123.21220000000008
47,J82102,Phenytoin_Sod Tab 100mg,0408010Q0AAAGAG,1,119.39759999999998
48,J82102,Pregabalin_Cap 100mg,0408010AEAAADAD,3,0.01890000000000054
49,J82114,Clonazepam_Tab 500mcg,0408010F0AAABAB,8,3.977599999999992
50,J82114,Paracet_Tab 500mg,0407010H0AAAMAM,8,9.2736
51,J82114,Prednisolone_Tab Solb 5mg,0603020T0AABHBH,2,-0.008799999999999475
52,J82117,Atorvastatin_Tab 80mg,0212000B0AAADAD,52,0.10920000000000313
53,J82117,Clonazepam_Tab 500mcg,0408010F0AAABAB,29,8.84419999999998
54,J82117,Escitalopram_Tab 20mg,0403030X0AAABAB,3,44.755199999999995
55,J82117,Paracet_Tab 500mg,0407010H0AAAMAM,464,36.501999999999995
56,J82117,Phenytoin_Sod Tab 100mg,0408010Q0AAAGAG,4,0.019599999999999396
57,J82117,Prednisolone_Tab Solb 5mg,0603020T0AABHBH,5,-0.00889999999999902
58,J82149,Atorvastatin_Tab 80mg,0212000B0AAADAD,25,0.05160000000000148
59,J82149,Clonazepam_Tab 500mcg,0408010F0AAABAB,33,19.87519999999996
60,J82149,Paracet_Tab 500mg,0407010H0AAAMAM,178,22.368800000000004
61,J82149,Prednisolone_Tab Solb 5mg,0603020T0AABHBH,1,-0.004799999999999471
62,J82149,Pregabalin_Cap 200mg,0408010AEAAAFAF,8,0.022399999999999087
63,J82155,Atorvastatin_Tab 20mg,0212000B0AAABAB,161,22.7097
64,J82155,Atorvastatin_Tab 80mg,0212000B0AAADAD,359,49.379400000000004
65,J82155,Clonazepam_Tab 500mcg,0408010F0AAABAB,143,38.17059999999993
66,J82155,Montelukast_Tab 10mg,0303020G0AAABAB,135,271.4988000000001
67,J82155,Paracet_Tab 500mg,0407010H0AAAMAM,1606,196.88120000000015
68,J82155,Phenytoin_Sod Tab 100mg,0408010Q0AAAGAG,14,0.08819999999999029
69,J82155,Prednisolone_Tab Solb 5mg,0603020T0AABHBH,9,134.28689999999997
70,J82155,Pregabalin_Cap 100mg,0408010AEAAADAD,11,0.047000000000000874
71,J82155,Pregabalin_Cap 200mg,0408010AEAAAFAF,17,175.61880000000002
72,J82165,Clonazepam_Tab 500mcg,0408010F0AAABAB,7,3.954999999999992
73,J82165,Paracet_Tab 500mg,0407010H0AAAMAM,8,0.04479999999999973
74,J82165,Prednisolone_Tab Solb 5mg,0603020T0AABHBH,1,0.0029999999999996696
75,J82165,Pregabalin_Cap 100mg,0408010AEAAADAD,2,0.01080000000000031
76,J82177,Atorvastatin_Tab 80mg,0212000B0AAADAD,26,5.518800000000002
77,J82177,Clonazepam_Tab 500mcg,0408010F0AAABAB,22,6.327999999999987
78,J82177,Paracet_Tab 500mg,0407010H0AAAMAM,152,68.74800000000003
79,J82177,Prednisolone_Tab Solb 5mg,0603020T0AABHBH,1,-0.004799999999999471
80,J82194,Atorvastatin_Tab 20mg,0212000B0AAABAB,165,158.2672
81,J82194,Atorvastatin_Tab 80mg,0212000B0AAADAD,49,0.10290000000000295
82,J82194,Clonazepam_Tab 500mcg,0408010F0AAABAB,29,11.141799999999977
83,J82194,Montelukast_Tab 10mg,0303020G0AAABAB,41,97.5184
84,J82194,Paracet_Tab 500mg,0407010H0AAAMAM,422,23.693200000000033
85,J82194,Prednisolone_Tab Solb 5mg,0603020T0AABHBH,3,71.9352
86,J82194,Pregabalin_Cap 100mg,0408010AEAAADAD,6,90.20199999999998
87,J82194,Pregabalin_Cap 200mg,0408010AEAAAFAF,4,-0.014000000000000012
88,J82199,Atorvastatin_Tab 20mg,0212000B0AAABAB,15,0.1680000000000048
89,J82199,Clonazepam_Tab 500mcg,0408010F0AAABAB,1,0.31639999999999935
90,J82199,Paracet_Tab 500mg,0407010H0AAAMAM,6,0.0167999999999999
91,Y02526,Atorvastatin_Tab 20mg,0212000B0AAABAB,1,0.006000000000000172
92,Y02526,Atorvastatin_Tab 80mg,0212000B0AAADAD,5,0.0105000000000003
93,Y02526,Clonazepam_Tab 500mcg,0408010F0AAABAB,11,2.2403999999999957
94,Y02526,Prednisolone_Tab Solb 5mg,0603020T0AABHBH,4,-0.0023999999999997357
95,Y03609,Clonazepam_Tab 500mcg,0408010F0AAABAB,1,0.06359999999999999
96,Y03609,Paracet_Tab 500mg,0407010H0AAAMAM,2,-0.011199999999999932
97,Y03609,Prednisolone_Tab Solb 5mg,0603020T0AABHBH,8,-0.018999999999997907
98,Y05178,Atorvastatin_Tab 80mg,0212000B0AAADAD,1,0.00210000000000006
99,Y05178,Paracet_Tab 500mg,0407010H0AAAMAM,2,0.011199999999999988
100,Y05178,Prednisolone_Tab Solb 5mg,0603020T0AABHBH,2,-0.0011999999999998678
101,Y05178,Pregabalin_Cap 200mg,0408010AEAAAFAF,1,-0.0020000000000000573
