,practice_code,bnf_description,bnf_code,items,excess_cost
0,N81001,Amiodarone HCl_Tab 200mg,0203020D0AAABAB,3,1.7500000000000016
1,N81001,Clonazepam_Tab 500mcg,0408010F0AAABAB,9,7.593599999999984
2,N81008,Amiodarone HCl_Tab 200mg,0203020D0AAABAB,3,1.7500000000000016
3,N81008,Clonazepam_Tab 500mcg,0408010F0AAABAB,22,9.03999999999998
4,N81008,Diltiazem HCl_Tab 60mg M/R,0206020C0AAAAAA,7,1.9824000000000055
5,N81010,Amiodarone HCl_Tab 200mg,0203020D0AAABAB,7,2.450000000000002
6,N81010,Clonazepam_Tab 500mcg,0408010F0AAABAB,9,2.6893999999999947
7,N81010,Diltiazem HCl_Tab 60mg M/R,0206020C0AAAAAA,2,0.4928000000000017
8,N81010,Mesalazine_Tab E/C 800mg,0105010B0AAASAS,2,34.43999999999999
9,N81010,Pyridox HCl_Tab 50mg,0906024N0AAAIAI,1,1.4364000000000003
10,N81016,Amiodarone HCl_Tab 200mg,0203020D0AAABAB,17,7.000000000000005
11,N81016,Clonazepam_Tab 500mcg,0408010F0AAABAB,35,15.605299999999968
12,N81016,Diltiazem HCl_Tab 60mg M/R,0206020C0AAAAAA,5,0.4620000000000016
13,N81016,Pyridox HCl_Tab 50mg,0906024N0AAAIAI,2,1.9152000000000005
14,N81016,Tetrabenazine_Tab 25mg,0409030C0AAAAAA,1,1.9991999999999974
15,N81016,Valsartan_Tab 40mg,0205052V0AAADAD,2,3.8360000000000003
16,N81032,Amiodarone HCl_Tab 200mg,0203020D0AAABAB,14,4.897200000000004
17,N81032,Clonazepam_Tab 500mcg,0408010F0AAABAB,31,17.117299999999965
18,N81032,Topiramate_Tab 200mg,040801050AAACAC,5,4.6256
19,N81039,Amiodarone HCl_Tab 200mg,0203020D0AAABAB,5,1.5792000000000013
20,N81039,Clonazepam_Tab 500mcg,0408010F0AAABAB,11,5.627399999999989
21,N81039,Diltiazem HCl_Tab 60mg M/R,0206020C0AAAAAA,2,0.7392000000000025
22,N81039,Pyridox HCl_Tab 50mg,0906024N0AAAIAI,1,0.4788000000000001
23,N81039,Ropinirole HCl_Tab 5mg,0409010H0AAADAD,1,7.744800000000005
24,N81039,Tetrabenazine_Tab 25mg,0409030C0AAAAAA,1,2.998799999999996
25,N81039,Topiramate_Tab 200mg,040801050AAACAC,2,6.9663999999999975
26,N81043,Amiodarone HCl_Tab 200mg,0203020D0AAABAB,5,1.7500000000000016
27,N81043,Clonazepam_Tab 500mcg,0408010F0AAABAB,12,2.9861999999999944
28,N81043,Pyridox HCl_Tab 50mg,0906024N0AAAIAI,1,0.4788000000000001
29,N81044,Amiodarone HCl_Tab 200mg,0203020D0AAABAB,5,2.100000000000002
30,N81044,Clonazepam_Tab 500mcg,0408010F0AAABAB,11,5.06239999999999
31,N81044,Diltiazem HCl_Tab 60mg M/R,0206020C0AAAAAA,1,0.36960000000000126
32,N81044,Pyridox HCl_Tab 50mg,0906024N0AAAIAI,1,0.9576000000000002
33,N81044,Topiramate_Tab 200mg,040801050AAACAC,1,2.3183999999999996
34,N81044,Valsartan_Tab 40mg,0205052V0AAADAD,1,0.9590000000000001
35,N81047,Amiodarone HCl_Tab 200mg,0203020D0AAABAB,5,1.7500000000000016
36,N81047,Clonazepam_Tab 500mcg,0408010F0AAABAB,32,12.520399999999976
37,N81047,Diltiazem HCl_Tab 60mg M/R,0206020C0AAAAAA,1,0.1260000000000001
38,N81047,Pyridox HCl_Tab 50mg,0906024N0AAAIAI,1,1.9152000000000005
39,N81053,Amiodarone HCl_Tab 200mg,0203020D0AAABAB,5,1.7500000000000016
40,N81053,Clonazepam_Tab 500mcg,0408010F0AAABAB,17,10.983599999999976
41,N81053,Diltiazem HCl_Tab 60mg M/R,0206020C0AAAAAA,1,0.24640000000000084
42,N81053,Pyridox HCl_Tab 50mg,0906024N0AAAIAI,1,0.4788000000000001
43,N81053,Ropinirole HCl_Tab 5mg,0409010H0AAADAD,1,7.744800000000005
44,N81068,Amiodarone HCl_Tab 200mg,0203020D0AAABAB,3,1.050000000000001
45,N81068,Clonazepam_Tab 500mcg,0408010F0AAABAB,30,20.265399999999953
46,N81068,Diltiazem HCl_Tab 60mg M/R,0206020C0AAAAAA,1,0.36960000000000126
47,N81068,Tetrabenazine_Tab 25mg,0409030C0AAAAAA,1,0.9995999999999987
48,N81068,Topiramate_Tab 200mg,040801050AAACAC,3,6.224999999999997
49,N81068,Valsartan_Tab 40mg,0205052V0AAADAD,1,1.9180000000000001
50,N81071,Amiodarone HCl_Tab 200mg,0203020D0AAABAB,3,1.050000000000001
51,N81071,Clonazepam_Tab 500mcg,0408010F0AAABAB,5,3.480399999999993
52,N81071,Trazodone HCl_Cap 100mg,0403010X0AAABAB,12,14.750399999999999
53,N81084,Amiodarone HCl_Tab 200mg,0203020D0AAABAB,4,2.450000000000002
54,N81084,Clonazepam_Tab 500mcg,0408010F0AAABAB,18,10.343999999999976
55,N81084,Diltiazem HCl_Tab 60mg M/R,0206020C0AAAAAA,1,0.24640000000000084
56,N81084,Pyridox HCl_Tab 50mg,0906024N0AAAIAI,1,1.4364000000000003
57,N81084,Topiramate_Tab 200mg,040801050AAACAC,1,4.979999999999998
58,N81090,Amiodarone HCl_Tab 200mg,0203020D0AAABAB,1,0.3500000000000003
59,N81111,Amiodarone HCl_Tab 200mg,0203020D0AAABAB,2,0.7000000000000006
60,N81111,Clonazepam_Tab 500mcg,0408010F0AAABAB,19,7.755999999999988
61,N81111,Diltiazem HCl_Tab 60mg M/R,0206020C0AAAAAA,2,0.8736000000000017
62,N81614,Amiodarone HCl_Tab 200mg,0203020D0AAABAB,1,0.3500000000000003
63,N81614,Clonazepam_Tab 500mcg,0408010F0AAABAB,2,1.2655999999999974
64,N81614,Pyridox HCl_Tab 50mg,0906024N0AAAIAI,1,0.4788000000000001
65,N81642,Clonazepam_Tab 500mcg,0408010F0AAABAB,3,1.5819999999999967
