,practice_code,bnf_description,bnf_code,items,excess_cost
0,H84002,Amiodarone HCl_Tab 200mg,0203020D0AAABAB,3,1.050000000000001
1,H84002,Clonazepam_Tab 500mcg,0408010F0AAABAB,27,7.0194999999999865
2,H84002,Gemfibrozil_Tab 600mg,0212000Q0AAABAB,1,7.571199999999999
3,H84002,Phenytoin_Sod Tab 100mg,0408010Q0AAAGAG,2,39.80479999999999
4,H84002,Quetiapine_Tab 200mg,0402010ABAAADAD,4,-0.0027999999999996916
5,H84002,Topiramate_Tab 200mg,040801050AAACAC,4,2.307200000000001
6,H84005,Amiodarone HCl_Tab 200mg,0203020D0AAABAB,18,4.505200000000003
7,H84005,Clonazepam_Tab 500mcg,0408010F0AAABAB,25,2.301599999999996
8,H84005,Mesalazine_Tab E/C 800mg,0105010B0AAASAS,2,64.36999999999998
9,H84005,Quetiapine_Tab 200mg,0402010ABAAADAD,10,-0.01319999999999899
10,H84006,Amiodarone HCl_Tab 200mg,0203020D0AAABAB,9,1.3776000000000006
11,H84006,Clonazepam_Tab 500mcg,0408010F0AAABAB,1,0.31639999999999935
12,H84006,Mesalazine_Tab E/C 800mg,0105010B0AAASAS,1,-22.959999999999994
13,H84007,Clonazepam_Tab 500mcg,0408010F0AAABAB,16,5.491799999999989
14,H84007,Phenytoin_Sod Tab 100mg,0408010Q0AAAGAG,1,6.9047999999999945
15,H84007,Quetiapine_Tab 200mg,0402010ABAAADAD,6,-0.008399999999999075
16,H84012,Amiodarone HCl_Tab 200mg,0203020D0AAABAB,7,1.7388000000000012
17,H84012,Clonazepam_Tab 500mcg,0408010F0AAABAB,12,8.633199999999984
18,H84012,Topiramate_Tab 200mg,040801050AAACAC,8,4.614400000000002
19,H84014,Clonazepam_Tab 500mcg,0408010F0AAABAB,2,0.31639999999999935
20,H84017,Amiodarone HCl_Tab 200mg,0203020D0AAABAB,4,2.100000000000002
21,H84017,Clonazepam_Tab 500mcg,0408010F0AAABAB,25,9.198399999999983
22,H84017,Ephed HCl_Tab 15mg,0301012F0AAAAAA,1,1.4699999999999998
23,H84017,Quetiapine_Tab 200mg,0402010ABAAADAD,8,-0.00979999999999892
24,H84017,Topiramate_Tab 200mg,040801050AAACAC,4,5.809999999999997
25,H84018,Amiodarone HCl_Tab 200mg,0203020D0AAABAB,7,1.388800000000001
26,H84018,Clonazepam_Tab 500mcg,0408010F0AAABAB,13,4.452199999999991
27,H84023,Amiodarone HCl_Tab 200mg,0203020D0AAABAB,15,3.116400000000002
28,H84023,Clonazepam_Tab 500mcg,0408010F0AAABAB,11,3.008799999999994
29,H84023,Topiramate_Tab 200mg,040801050AAACAC,1,4.647999999999998
30,H84031,Amiodarone HCl_Tab 200mg,0203020D0AAABAB,4,2.450000000000002
31,H84031,Clonazepam_Tab 500mcg,0408010F0AAABAB,3,1.468999999999997
32,H84031,Mesalazine_Tab E/C 800mg,0105010B0AAASAS,1,22.959999999999994
33,H84032,Amiodarone HCl_Tab 200mg,0203020D0AAABAB,4,0.3388
34,H84032,Clonazepam_Tab 500mcg,0408010F0AAABAB,19,7.559799999999986
35,H84032,Ephed HCl_Tab 15mg,0301012F0AAAAAA,1,2.9399999999999995
36,H84032,Quetiapine_Tab 200mg,0402010ABAAADAD,7,-0.012599999999998612
37,H84032,Topiramate_Tab 200mg,040801050AAACAC,8,4.614400000000002
38,H84039,Amiodarone HCl_Tab 200mg,0203020D0AAABAB,10,3.1608000000000027
39,H84039,Clonazepam_Tab 500mcg,0408010F0AAABAB,12,3.017199999999994
40,H84039,Quetiapine_Tab 200mg,0402010ABAAADAD,4,-0.005599999999999383
41,H84040,Amiodarone HCl_Tab 200mg,0203020D0AAABAB,17,3.116400000000002
42,H84040,Clonazepam_Tab 500mcg,0408010F0AAABAB,33,7.898699999999984
43,H84040,Ephed HCl_Tab 15mg,0301012F0AAAAAA,1,11.759999999999998
44,H84040,Gemfibrozil_Tab 600mg,0212000Q0AAABAB,4,30.284799999999997
45,H84040,Quetiapine_Tab 200mg,0402010ABAAADAD,1,-0.0027999999999996916
46,H84041,Amiodarone HCl_Tab 200mg,0203020D0AAABAB,1,0.7000000000000006
47,H84041,Risperidone_Tab 6mg,040201030AAAFAF,4,29.232
48,H84043,Clonazepam_Tab 500mcg,0408010F0AAABAB,1,0.949199999999998
49,H84043,Quetiapine_Tab 200mg,0402010ABAAADAD,1,-0.0027999999999996916
50,H84044,Amiodarone HCl_Tab 200mg,0203020D0AAABAB,4,1.134700000000001
51,H84044,Amitriptyline HCl_Tab 50mg,0403010B0AAAIAI,2,-0.003000000000000086
52,H84044,Clonazepam_Tab 500mcg,0408010F0AAABAB,8,3.728999999999992
53,H84044,Gemfibrozil_Tab 600mg,0212000Q0AAABAB,8,3.8136000000000028
54,H84044,Mesalazine_Tab E/C 800mg,0105010B0AAASAS,1,34.43999999999999
55,H84048,Amiodarone HCl_Tab 200mg,0203020D0AAABAB,1,0.3500000000000003
56,H84048,Clonazepam_Tab 500mcg,0408010F0AAABAB,2,1.028299999999998
57,H84048,Phenytoin_Sod Tab 100mg,0408010Q0AAAGAG,2,119.39759999999998
58,H84048,Topiramate_Tab 200mg,040801050AAACAC,1,2.489999999999999
59,H84055,Amiodarone HCl_Tab 200mg,0203020D0AAABAB,7,2.1388000000000016
60,H84055,Clonazepam_Tab 500mcg,0408010F0AAABAB,25,7.503199999999985
61,H84055,Phenytoin_Sod Tab 100mg,0408010Q0AAAGAG,1,2.3015999999999983
62,H84057,Amiodarone HCl_Tab 200mg,0203020D0AAABAB,2,0.7000000000000006
63,H84057,Clonazepam_Tab 500mcg,0408010F0AAABAB,3,1.5819999999999967
64,H84059,Amiodarone HCl_Tab 200mg,0203020D0AAABAB,5,1.0388000000000006
65,H84059,Clonazepam_Tab 500mcg,0408010F0AAABAB,4,0.6327999999999987
66,H84059,Mesalazine_Tab E/C 800mg,0105010B0AAASAS,2,-18.432
67,H84059,Quetiapine_Tab 200mg,0402010ABAAADAD,4,-0.0027999999999996916
68,H84059,Topiramate_Tab 200mg,040801050AAACAC,1,2.489999999999999
69,H84060,Amiodarone HCl_Tab 200mg,0203020D0AAABAB,2,0.7000000000000006
70,H84060,Amitriptyline HCl_Tab 50mg,0403010B0AAAIAI,1,12.432
71,H84060,Clonazepam_Tab 500mcg,0408010F0AAABAB,1,0.6327999999999987
72,H84060,Quetiapine_Tab 200mg,0402010ABAAADAD,4,-0.0027999999999996916
73,H84623,Amiodarone HCl_Tab 200mg,0203020D0AAABAB,2,0.4347000000000003
74,H84623,Clonazepam_Tab 500mcg,0408010F0AAABAB,5,2.2147999999999954
75,H84623,Gemfibrozil_Tab 600mg,0212000Q0AAABAB,2,3.7967999999999984
76,H84623,Phenytoin_Sod Tab 100mg,0408010Q0AAAGAG,6,80.976
77,H84623,Quetiapine_Tab 200mg,0402010ABAAADAD,7,-0.012599999999998612
78,H84623,Risperidone_Tab 6mg,040201030AAAFAF,4,29.232
79,H84625,Amiodarone HCl_Tab 200mg,0203020D0AAABAB,1,0.3500000000000003
80,H84625,Quetiapine_Tab 200mg,0402010ABAAADAD,1,-0.0027999999999996916
81,H84632,Amiodarone HCl_Tab 200mg,0203020D0AAABAB,5,1.0388000000000006
82,H84632,Clonazepam_Tab 500mcg,0408010F0AAABAB,5,0.6327999999999987
83,H84632,Quetiapine_Tab 200mg,0402010ABAAADAD,7,20.640900000000002
84,H84639,Amiodarone HCl_Tab 200mg,0203020D0AAABAB,1,0.7000000000000006
85,H84639,Clonazepam_Tab 500mcg,0408010F0AAABAB,1,0.15819999999999967
86,Y01206,Amiodarone HCl_Tab 200mg,0203020D0AAABAB,3,1.050000000000001
87,Y01206,Clonazepam_Tab 500mcg,0408010F0AAABAB,4,1.0877999999999979
88,Y01206,Quetiapine_Tab 200mg,0402010ABAAADAD,10,-0.027999999999996916
