,practice_code,bnf_description,bnf_code,items,excess_cost
32,H83022,Mesalazine_Tab E/C 400mg,0105010B0AAAAAA,1,95.82719999999999
0,H83042,Mesalazine_Tab E/C 800mg,0105010B0AAASAS,1,73.79999999999998
33,H83012,Mesalazine_Tab E/C 400mg,0105010B0AAAAAA,3,71.87039999999999
3,H83013,Mesalazine_Tab E/C 800mg,0105010B0AAASAS,1,68.87999999999998
1,H83015,Mesalazine_Tab E/C 800mg,0105010B0AAASAS,2,68.87999999999998
2,H83030,Mesalazine_Tab E/C 800mg,0105010B0AAASAS,1,68.87999999999998
294,H83006,Co-Codamol_Tab 8mg/500mg,0407010F0AAAAAA,6,55.8
293,H83006,Co-Codamol_Tab 8mg/500mg,0407010F0AAAAAA,6,55.8
34,Y05317,Mesalazine_Tab E/C 400mg,0105010B0AAAAAA,1,51.33599999999999
37,H83024,Mesalazine_Tab E/C 400mg,0105010B0AAAAAA,2,47.913599999999995
36,H83006,Mesalazine_Tab E/C 400mg,0105010B0AAAAAA,1,47.913599999999995
35,H83043,Mesalazine_Tab E/C 400mg,0105010B0AAAAAA,2,47.913599999999995
4,H83011,Mesalazine_Tab E/C 800mg,0105010B0AAASAS,1,45.91999999999999
5,H83004,Mesalazine_Tab E/C 800mg,0105010B0AAASAS,1,36.89999999999999
6,H83053,Mesalazine_Tab E/C 800mg,0105010B0AAASAS,1,36.89999999999999
38,H83624,Mesalazine_Tab E/C 400mg,0105010B0AAAAAA,1,35.935199999999995
7,H83053,Mesalazine_Tab E/C 800mg,0105010B0AAASAS,2,34.44000000000001
8,H83012,Mesalazine_Tab E/C 800mg,0105010B0AAASAS,1,34.43999999999999
10,H83018,Mesalazine_Tab E/C 800mg,0105010B0AAASAS,1,34.43999999999999
9,H83044,Mesalazine_Tab E/C 800mg,0105010B0AAASAS,1,34.43999999999999
11,H83024,Mesalazine_Tab E/C 800mg,0105010B0AAASAS,1,34.43999999999999
12,Y05317,Mesalazine_Tab E/C 800mg,0105010B0AAASAS,1,34.43999999999999
13,H83006,Mesalazine_Tab E/C 800mg,0105010B0AAASAS,1,34.43999999999999
40,H83027,Mesalazine_Tab E/C 400mg,0105010B0AAAAAA,1,34.224
39,H83031,Mesalazine_Tab E/C 400mg,0105010B0AAAAAA,1,34.224
41,H83004,Mesalazine_Tab E/C 400mg,0105010B0AAAAAA,8,31.942399999999996
42,Y05318,Mesalazine_Tab E/C 400mg,0105010B0AAAAAA,5,29.967000000000006
474,H83017,Risperidone_Tab 6mg,040201030AAAFAF,1,29.2096
44,H83004,Mesalazine_Tab E/C 400mg,0105010B0AAAAAA,1,23.956799999999998
45,H83017,Mesalazine_Tab E/C 400mg,0105010B0AAAAAA,1,23.956799999999998
43,H83020,Mesalazine_Tab E/C 400mg,0105010B0AAAAAA,1,23.956799999999998
47,H83014,Mesalazine_Tab E/C 400mg,0105010B0AAAAAA,1,23.956799999999998
48,H83031,Mesalazine_Tab E/C 400mg,0105010B0AAAAAA,1,23.956799999999998
49,H83007,Mesalazine_Tab E/C 400mg,0105010B0AAAAAA,1,23.956799999999998
46,H83016,Mesalazine_Tab E/C 400mg,0105010B0AAAAAA,1,23.956799999999998
50,H83009,Mesalazine_Tab E/C 400mg,0105010B0AAAAAA,8,23.939999999999998
14,H83017,Mesalazine_Tab E/C 800mg,0105010B0AAASAS,1,22.959999999999994
15,H83034,Mesalazine_Tab E/C 800mg,0105010B0AAASAS,1,18.449999999999996
16,H83012,Mesalazine_Tab E/C 800mg,0105010B0AAASAS,2,17.220000000000006
17,H83022,Mesalazine_Tab E/C 800mg,0105010B0AAASAS,2,17.219999999999995
51,H83042,Mesalazine_Tab E/C 400mg,0105010B0AAAAAA,1,17.099999999999998
498,H83044,Gemfibrozil_Tab 600mg,0212000Q0AAABAB,1,15.142399999999999
52,H83050,Mesalazine_Tab E/C 400mg,0105010B0AAAAAA,5,14.962499999999999
54,H83023,Mesalazine_Tab E/C 400mg,0105010B0AAAAAA,3,11.978399999999999
55,H83004,Mesalazine_Tab E/C 400mg,0105010B0AAAAAA,1,11.978399999999999
53,H83007,Mesalazine_Tab E/C 400mg,0105010B0AAAAAA,3,11.978399999999999
499,H83037,Gemfibrozil_Tab 600mg,0212000Q0AAABAB,1,11.3568
457,H83034,Topiramate_Tab 200mg,040801050AAACAC,8,9.318399999999993
458,H83016,Topiramate_Tab 200mg,040801050AAACAC,1,9.295999999999996
459,H83631,Topiramate_Tab 200mg,040801050AAACAC,1,9.295999999999996
475,H83009,Pyridox HCl_Tab 50mg,0906024N0AAAIAI,1,8.618400000000001
56,H83010,Mesalazine_Tab E/C 400mg,0105010B0AAAAAA,1,8.556
57,H83037,Mesalazine_Tab E/C 400mg,0105010B0AAAAAA,1,7.985599999999999
77,H83007,Clonazepam_Tab 500mcg,0408010F0AAABAB,9,5.695199999999988
460,H83014,Topiramate_Tab 200mg,040801050AAACAC,1,4.979999999999998
463,H83631,Topiramate_Tab 200mg,040801050AAACAC,1,4.647999999999998
462,H83006,Topiramate_Tab 200mg,040801050AAACAC,1,4.647999999999998
461,H83016,Topiramate_Tab 200mg,040801050AAACAC,1,4.647999999999998
464,Y05317,Topiramate_Tab 200mg,040801050AAACAC,1,4.149999999999999
78,H83013,Clonazepam_Tab 500mcg,0408010F0AAABAB,6,3.796799999999992
465,H83007,Topiramate_Tab 200mg,040801050AAACAC,3,3.4943999999999975
79,H83001,Clonazepam_Tab 500mcg,0408010F0AAABAB,5,3.1639999999999935
466,H83012,Topiramate_Tab 200mg,040801050AAACAC,5,2.8840000000000012
381,H83014,Amiodarone HCl_Tab 200mg,0203020D0AAABAB,4,2.8000000000000025
380,H83053,Amiodarone HCl_Tab 200mg,0203020D0AAABAB,4,2.8000000000000025
379,H83039,Amiodarone HCl_Tab 200mg,0203020D0AAABAB,4,2.8000000000000025
382,H83044,Amiodarone HCl_Tab 200mg,0203020D0AAABAB,4,2.8000000000000025
82,H83034,Clonazepam_Tab 500mcg,0408010F0AAABAB,2,2.531199999999995
84,H83018,Clonazepam_Tab 500mcg,0408010F0AAABAB,1,2.531199999999995
85,H83017,Clonazepam_Tab 500mcg,0408010F0AAABAB,4,2.531199999999995
81,H83012,Clonazepam_Tab 500mcg,0408010F0AAABAB,4,2.531199999999995
80,H83006,Clonazepam_Tab 500mcg,0408010F0AAABAB,2,2.531199999999995
86,H83001,Clonazepam_Tab 500mcg,0408010F0AAABAB,8,2.531199999999995
87,H83013,Clonazepam_Tab 500mcg,0408010F0AAABAB,1,2.531199999999995
88,H83018,Clonazepam_Tab 500mcg,0408010F0AAABAB,2,2.531199999999995
83,H83024,Clonazepam_Tab 500mcg,0408010F0AAABAB,4,2.531199999999995
469,H83022,Topiramate_Tab 200mg,040801050AAACAC,2,2.489999999999999
467,H83015,Topiramate_Tab 200mg,040801050AAACAC,1,2.489999999999999
468,H83044,Topiramate_Tab 200mg,040801050AAACAC,1,2.489999999999999
470,H83024,Topiramate_Tab 200mg,040801050AAACAC,1,2.3183999999999996
89,Y05318,Clonazepam_Tab 500mcg,0408010F0AAABAB,2,2.2599999999999953
90,H83608,Clonazepam_Tab 500mcg,0408010F0AAABAB,2,2.2599999999999953
91,H83043,Clonazepam_Tab 500mcg,0408010F0AAABAB,2,2.2599999999999953
92,H83020,Clonazepam_Tab 500mcg,0408010F0AAABAB,7,2.2147999999999954
386,H83004,Amiodarone HCl_Tab 200mg,0203020D0AAABAB,3,2.100000000000002
385,H83029,Amiodarone HCl_Tab 200mg,0203020D0AAABAB,3,2.100000000000002
384,H83018,Amiodarone HCl_Tab 200mg,0203020D0AAABAB,3,2.100000000000002
383,H83016,Amiodarone HCl_Tab 200mg,0203020D0AAABAB,3,2.100000000000002
387,H83627,Amiodarone HCl_Tab 200mg,0203020D0AAABAB,3,2.100000000000002
93,H83050,Clonazepam_Tab 500mcg,0408010F0AAABAB,3,2.033999999999996
476,H83043,Pyridox HCl_Tab 50mg,0906024N0AAAIAI,2,1.9152000000000005
477,H83033,Pyridox HCl_Tab 50mg,0906024N0AAAIAI,1,1.9152000000000005
99,H83004,Clonazepam_Tab 500mcg,0408010F0AAABAB,2,1.898399999999996
105,H83044,Clonazepam_Tab 500mcg,0408010F0AAABAB,2,1.898399999999996
104,H83001,Clonazepam_Tab 500mcg,0408010F0AAABAB,1,1.898399999999996
103,H83053,Clonazepam_Tab 500mcg,0408010F0AAABAB,2,1.898399999999996
101,H83007,Clonazepam_Tab 500mcg,0408010F0AAABAB,8,1.898399999999996
100,H83624,Clonazepam_Tab 500mcg,0408010F0AAABAB,6,1.898399999999996
102,H83008,Clonazepam_Tab 500mcg,0408010F0AAABAB,6,1.898399999999996
98,H83042,Clonazepam_Tab 500mcg,0408010F0AAABAB,3,1.898399999999996
96,H83053,Clonazepam_Tab 500mcg,0408010F0AAABAB,3,1.898399999999996
97,H83631,Clonazepam_Tab 500mcg,0408010F0AAABAB,1,1.898399999999996
95,H83034,Clonazepam_Tab 500mcg,0408010F0AAABAB,1,1.898399999999996
94,H83019,Clonazepam_Tab 500mcg,0408010F0AAABAB,3,1.898399999999996
388,H83006,Amiodarone HCl_Tab 200mg,0203020D0AAABAB,21,1.7787
106,H83027,Clonazepam_Tab 500mcg,0408010F0AAABAB,1,1.6949999999999965
107,H83016,Clonazepam_Tab 500mcg,0408010F0AAABAB,7,1.6610999999999967
108,H83024,Clonazepam_Tab 500mcg,0408010F0AAABAB,7,1.6610999999999967
109,H83011,Clonazepam_Tab 500mcg,0408010F0AAABAB,5,1.5819999999999967
110,H83018,Clonazepam_Tab 500mcg,0408010F0AAABAB,5,1.5819999999999967
111,H83022,Clonazepam_Tab 500mcg,0408010F0AAABAB,5,1.5819999999999967
500,H83015,Diltiazem HCl_Tab 60mg M/R,0206020C0AAAAAA,3,1.5120000000000013
501,H83013,Diltiazem HCl_Tab 60mg M/R,0206020C0AAAAAA,3,1.5120000000000013
478,H83624,Pyridox HCl_Tab 50mg,0906024N0AAAIAI,1,1.4364000000000003
479,H83024,Pyridox HCl_Tab 50mg,0906024N0AAAIAI,1,1.4364000000000003
480,H83004,Pyridox HCl_Tab 50mg,0906024N0AAAIAI,1,1.4364000000000003
112,H83016,Clonazepam_Tab 500mcg,0408010F0AAABAB,9,1.423799999999997
389,H83620,Amiodarone HCl_Tab 200mg,0203020D0AAABAB,2,1.4000000000000012
393,H83027,Amiodarone HCl_Tab 200mg,0203020D0AAABAB,2,1.4000000000000012
394,H83013,Amiodarone HCl_Tab 200mg,0203020D0AAABAB,2,1.4000000000000012
395,H83042,Amiodarone HCl_Tab 200mg,0203020D0AAABAB,1,1.4000000000000012
396,H83052,Amiodarone HCl_Tab 200mg,0203020D0AAABAB,4,1.4000000000000012
397,H83015,Amiodarone HCl_Tab 200mg,0203020D0AAABAB,2,1.4000000000000012
398,H83022,Amiodarone HCl_Tab 200mg,0203020D0AAABAB,2,1.4000000000000012
399,H83051,Amiodarone HCl_Tab 200mg,0203020D0AAABAB,2,1.4000000000000012
392,Y05317,Amiodarone HCl_Tab 200mg,0203020D0AAABAB,2,1.4000000000000012
391,H83031,Amiodarone HCl_Tab 200mg,0203020D0AAABAB,2,1.4000000000000012
390,H83034,Amiodarone HCl_Tab 200mg,0203020D0AAABAB,2,1.4000000000000012
118,H83001,Clonazepam_Tab 500mcg,0408010F0AAABAB,1,1.3559999999999972
117,H83018,Clonazepam_Tab 500mcg,0408010F0AAABAB,1,1.3559999999999972
116,H83014,Clonazepam_Tab 500mcg,0408010F0AAABAB,2,1.3559999999999972
115,H83027,Clonazepam_Tab 500mcg,0408010F0AAABAB,2,1.3559999999999972
114,H83008,Clonazepam_Tab 500mcg,0408010F0AAABAB,2,1.3559999999999972
113,Y05317,Clonazepam_Tab 500mcg,0408010F0AAABAB,1,1.3559999999999972
138,H83014,Clonazepam_Tab 500mcg,0408010F0AAABAB,1,1.2655999999999974
141,H83021,Clonazepam_Tab 500mcg,0408010F0AAABAB,4,1.2655999999999974
140,H83030,Clonazepam_Tab 500mcg,0408010F0AAABAB,1,1.2655999999999974
139,H83020,Clonazepam_Tab 500mcg,0408010F0AAABAB,2,1.2655999999999974
126,H83015,Clonazepam_Tab 500mcg,0408010F0AAABAB,2,1.2655999999999974
137,H83037,Clonazepam_Tab 500mcg,0408010F0AAABAB,1,1.2655999999999974
133,H83016,Clonazepam_Tab 500mcg,0408010F0AAABAB,2,1.2655999999999974
119,H83007,Clonazepam_Tab 500mcg,0408010F0AAABAB,1,1.2655999999999974
120,H83015,Clonazepam_Tab 500mcg,0408010F0AAABAB,1,1.2655999999999974
121,H83044,Clonazepam_Tab 500mcg,0408010F0AAABAB,2,1.2655999999999974
122,H83051,Clonazepam_Tab 500mcg,0408010F0AAABAB,1,1.2655999999999974
123,H83037,Clonazepam_Tab 500mcg,0408010F0AAABAB,2,1.2655999999999974
124,H83016,Clonazepam_Tab 500mcg,0408010F0AAABAB,4,1.2655999999999974
125,H83022,Clonazepam_Tab 500mcg,0408010F0AAABAB,1,1.2655999999999974
136,H83007,Clonazepam_Tab 500mcg,0408010F0AAABAB,4,1.2655999999999974
128,H83053,Clonazepam_Tab 500mcg,0408010F0AAABAB,1,1.2655999999999974
129,H83005,Clonazepam_Tab 500mcg,0408010F0AAABAB,1,1.2655999999999974
130,H83052,Clonazepam_Tab 500mcg,0408010F0AAABAB,1,1.2655999999999974
131,H83627,Clonazepam_Tab 500mcg,0408010F0AAABAB,2,1.2655999999999974
132,Y05317,Clonazepam_Tab 500mcg,0408010F0AAABAB,4,1.2655999999999974
127,H83024,Clonazepam_Tab 500mcg,0408010F0AAABAB,1,1.2655999999999974
134,H83627,Clonazepam_Tab 500mcg,0408010F0AAABAB,4,1.2655999999999974
135,H83004,Clonazepam_Tab 500mcg,0408010F0AAABAB,1,1.2655999999999974
471,H83053,Topiramate_Tab 200mg,040801050AAACAC,1,1.2449999999999994
472,H83627,Topiramate_Tab 200mg,040801050AAACAC,4,1.1536000000000004
145,H83016,Clonazepam_Tab 500mcg,0408010F0AAABAB,1,1.1299999999999977
142,H83019,Clonazepam_Tab 500mcg,0408010F0AAABAB,1,1.1299999999999977
143,H83001,Clonazepam_Tab 500mcg,0408010F0AAABAB,1,1.1299999999999977
144,H83009,Clonazepam_Tab 500mcg,0408010F0AAABAB,1,1.1299999999999977
146,H83005,Clonazepam_Tab 500mcg,0408010F0AAABAB,1,1.1299999999999977
147,H83051,Clonazepam_Tab 500mcg,0408010F0AAABAB,1,1.1299999999999977
148,H83018,Clonazepam_Tab 500mcg,0408010F0AAABAB,1,1.1299999999999977
149,H83024,Clonazepam_Tab 500mcg,0408010F0AAABAB,7,1.1073999999999977
405,H83044,Amiodarone HCl_Tab 200mg,0203020D0AAABAB,1,1.050000000000001
404,H83024,Amiodarone HCl_Tab 200mg,0203020D0AAABAB,3,1.050000000000001
403,H83009,Amiodarone HCl_Tab 200mg,0203020D0AAABAB,3,1.050000000000001
402,H83620,Amiodarone HCl_Tab 200mg,0203020D0AAABAB,3,1.050000000000001
401,H83042,Amiodarone HCl_Tab 200mg,0203020D0AAABAB,3,1.050000000000001
400,H83017,Amiodarone HCl_Tab 200mg,0203020D0AAABAB,3,1.050000000000001
151,H83042,Clonazepam_Tab 500mcg,0408010F0AAABAB,1,1.016999999999998
150,H83017,Clonazepam_Tab 500mcg,0408010F0AAABAB,1,1.016999999999998
502,H83028,Diltiazem HCl_Tab 60mg M/R,0206020C0AAAAAA,2,1.008000000000001
481,H83014,Pyridox HCl_Tab 50mg,0906024N0AAAIAI,1,0.9576000000000002
482,H83013,Pyridox HCl_Tab 50mg,0906024N0AAAIAI,1,0.9576000000000002
483,H83033,Pyridox HCl_Tab 50mg,0906024N0AAAIAI,1,0.9576000000000002
484,H83006,Pyridox HCl_Tab 50mg,0906024N0AAAIAI,1,0.9576000000000002
485,H83016,Pyridox HCl_Tab 50mg,0906024N0AAAIAI,1,0.9576000000000002
486,H83004,Pyridox HCl_Tab 50mg,0906024N0AAAIAI,1,0.9576000000000002
487,H83016,Pyridox HCl_Tab 50mg,0906024N0AAAIAI,4,0.9576000000000002
488,Y05318,Pyridox HCl_Tab 50mg,0906024N0AAAIAI,1,0.9576000000000002
489,H83044,Pyridox HCl_Tab 50mg,0906024N0AAAIAI,1,0.9576000000000002
161,H83016,Clonazepam_Tab 500mcg,0408010F0AAABAB,1,0.949199999999998
164,H83627,Clonazepam_Tab 500mcg,0408010F0AAABAB,1,0.949199999999998
169,H83006,Clonazepam_Tab 500mcg,0408010F0AAABAB,1,0.949199999999998
160,H83019,Clonazepam_Tab 500mcg,0408010F0AAABAB,12,0.949199999999998
159,H83019,Clonazepam_Tab 500mcg,0408010F0AAABAB,1,0.949199999999998
158,H83015,Clonazepam_Tab 500mcg,0408010F0AAABAB,4,0.949199999999998
157,H83022,Clonazepam_Tab 500mcg,0408010F0AAABAB,1,0.949199999999998
156,H83039,Clonazepam_Tab 500mcg,0408010F0AAABAB,4,0.949199999999998
155,H83631,Clonazepam_Tab 500mcg,0408010F0AAABAB,2,0.949199999999998
154,H83034,Clonazepam_Tab 500mcg,0408010F0AAABAB,3,0.949199999999998
153,H83004,Clonazepam_Tab 500mcg,0408010F0AAABAB,3,0.949199999999998
152,H83015,Clonazepam_Tab 500mcg,0408010F0AAABAB,1,0.949199999999998
163,H83007,Clonazepam_Tab 500mcg,0408010F0AAABAB,1,0.949199999999998
165,H83012,Clonazepam_Tab 500mcg,0408010F0AAABAB,1,0.949199999999998
166,H83017,Clonazepam_Tab 500mcg,0408010F0AAABAB,3,0.949199999999998
167,H83012,Clonazepam_Tab 500mcg,0408010F0AAABAB,3,0.949199999999998
168,H83014,Clonazepam_Tab 500mcg,0408010F0AAABAB,4,0.949199999999998
162,H83039,Clonazepam_Tab 500mcg,0408010F0AAABAB,1,0.949199999999998
170,H83010,Clonazepam_Tab 500mcg,0408010F0AAABAB,1,0.949199999999998
180,H83631,Clonazepam_Tab 500mcg,0408010F0AAABAB,6,0.949199999999998
178,H83011,Clonazepam_Tab 500mcg,0408010F0AAABAB,1,0.949199999999998
177,H83044,Clonazepam_Tab 500mcg,0408010F0AAABAB,4,0.949199999999998
176,H83033,Clonazepam_Tab 500mcg,0408010F0AAABAB,1,0.949199999999998
171,H83019,Clonazepam_Tab 500mcg,0408010F0AAABAB,3,0.949199999999998
179,Y05318,Clonazepam_Tab 500mcg,0408010F0AAABAB,4,0.949199999999998
175,H83013,Clonazepam_Tab 500mcg,0408010F0AAABAB,3,0.949199999999998
174,H83051,Clonazepam_Tab 500mcg,0408010F0AAABAB,1,0.949199999999998
173,H83608,Clonazepam_Tab 500mcg,0408010F0AAABAB,1,0.949199999999998
172,H83018,Clonazepam_Tab 500mcg,0408010F0AAABAB,1,0.949199999999998
473,H83007,Topiramate_Tab 200mg,040801050AAACAC,1,0.8756999999999991
504,Y05317,Diltiazem HCl_Tab 60mg M/R,0206020C0AAAAAA,1,0.7920000000000027
503,H83019,Diltiazem HCl_Tab 60mg M/R,0206020C0AAAAAA,1,0.7920000000000027
505,H83051,Diltiazem HCl_Tab 60mg M/R,0206020C0AAAAAA,1,0.7920000000000027
183,H83005,Clonazepam_Tab 500mcg,0408010F0AAABAB,5,0.7909999999999984
184,H83009,Clonazepam_Tab 500mcg,0408010F0AAABAB,5,0.7909999999999984
181,H83022,Clonazepam_Tab 500mcg,0408010F0AAABAB,5,0.7909999999999984
185,H83040,Clonazepam_Tab 500mcg,0408010F0AAABAB,5,0.7909999999999984
182,H83625,Clonazepam_Tab 500mcg,0408010F0AAABAB,5,0.7909999999999984
186,H83044,Clonazepam_Tab 500mcg,0408010F0AAABAB,1,0.7683999999999984
406,Y05318,Amiodarone HCl_Tab 200mg,0203020D0AAABAB,9,0.7623
407,Y05317,Amiodarone HCl_Tab 200mg,0203020D0AAABAB,1,0.7500000000000007
510,Y05317,Diltiazem HCl_Tab 60mg M/R,0206020C0AAAAAA,3,0.7392000000000025
509,H83051,Diltiazem HCl_Tab 60mg M/R,0206020C0AAAAAA,1,0.7392000000000025
508,H83004,Diltiazem HCl_Tab 60mg M/R,0206020C0AAAAAA,1,0.7392000000000025
507,H83050,Diltiazem HCl_Tab 60mg M/R,0206020C0AAAAAA,1,0.7392000000000025
511,H83014,Diltiazem HCl_Tab 60mg M/R,0206020C0AAAAAA,1,0.7392000000000025
506,H83016,Diltiazem HCl_Tab 60mg M/R,0206020C0AAAAAA,1,0.7392000000000025
490,H83012,Pyridox HCl_Tab 50mg,0906024N0AAAIAI,6,0.7182000000000002
428,H83021,Amiodarone HCl_Tab 200mg,0203020D0AAABAB,1,0.7000000000000006
417,H83020,Amiodarone HCl_Tab 200mg,0203020D0AAABAB,1,0.7000000000000006
408,H83023,Amiodarone HCl_Tab 200mg,0203020D0AAABAB,1,0.7000000000000006
409,H83050,Amiodarone HCl_Tab 200mg,0203020D0AAABAB,1,0.7000000000000006
410,H83037,Amiodarone HCl_Tab 200mg,0203020D0AAABAB,1,0.7000000000000006
411,H83012,Amiodarone HCl_Tab 200mg,0203020D0AAABAB,1,0.7000000000000006
412,H83001,Amiodarone HCl_Tab 200mg,0203020D0AAABAB,1,0.7000000000000006
413,H83008,Amiodarone HCl_Tab 200mg,0203020D0AAABAB,1,0.7000000000000006
414,H83010,Amiodarone HCl_Tab 200mg,0203020D0AAABAB,1,0.7000000000000006
415,H83014,Amiodarone HCl_Tab 200mg,0203020D0AAABAB,2,0.7000000000000006
416,H83040,Amiodarone HCl_Tab 200mg,0203020D0AAABAB,1,0.7000000000000006
419,Y02962,Amiodarone HCl_Tab 200mg,0203020D0AAABAB,1,0.7000000000000006
429,H83608,Amiodarone HCl_Tab 200mg,0203020D0AAABAB,1,0.7000000000000006
420,H83030,Amiodarone HCl_Tab 200mg,0203020D0AAABAB,1,0.7000000000000006
421,H83017,Amiodarone HCl_Tab 200mg,0203020D0AAABAB,1,0.7000000000000006
422,H83024,Amiodarone HCl_Tab 200mg,0203020D0AAABAB,1,0.7000000000000006
423,H83049,Amiodarone HCl_Tab 200mg,0203020D0AAABAB,1,0.7000000000000006
424,H83007,Amiodarone HCl_Tab 200mg,0203020D0AAABAB,2,0.7000000000000006
425,H83028,Amiodarone HCl_Tab 200mg,0203020D0AAABAB,1,0.7000000000000006
426,H83006,Amiodarone HCl_Tab 200mg,0203020D0AAABAB,1,0.7000000000000006
427,H83019,Amiodarone HCl_Tab 200mg,0203020D0AAABAB,2,0.7000000000000006
430,H83005,Amiodarone HCl_Tab 200mg,0203020D0AAABAB,1,0.7000000000000006
418,H83018,Amiodarone HCl_Tab 200mg,0203020D0AAABAB,2,0.7000000000000006
191,H83006,Clonazepam_Tab 500mcg,0408010F0AAABAB,1,0.6779999999999986
194,H83052,Clonazepam_Tab 500mcg,0408010F0AAABAB,1,0.6779999999999986
192,H83631,Clonazepam_Tab 500mcg,0408010F0AAABAB,1,0.6779999999999986
198,H83620,Clonazepam_Tab 500mcg,0408010F0AAABAB,1,0.6779999999999986
195,H83034,Clonazepam_Tab 500mcg,0408010F0AAABAB,1,0.6779999999999986
196,H83015,Clonazepam_Tab 500mcg,0408010F0AAABAB,1,0.6779999999999986
193,H83039,Clonazepam_Tab 500mcg,0408010F0AAABAB,1,0.6779999999999986
197,H83052,Clonazepam_Tab 500mcg,0408010F0AAABAB,2,0.6779999999999986
190,H83018,Clonazepam_Tab 500mcg,0408010F0AAABAB,1,0.6779999999999986
189,H83019,Clonazepam_Tab 500mcg,0408010F0AAABAB,2,0.6779999999999986
188,H83004,Clonazepam_Tab 500mcg,0408010F0AAABAB,1,0.6779999999999986
187,H83053,Clonazepam_Tab 500mcg,0408010F0AAABAB,1,0.6779999999999986
434,H83012,Amiodarone HCl_Tab 200mg,0203020D0AAABAB,8,0.6776
433,H83624,Amiodarone HCl_Tab 200mg,0203020D0AAABAB,8,0.6776
432,H83016,Amiodarone HCl_Tab 200mg,0203020D0AAABAB,8,0.6776
431,H83034,Amiodarone HCl_Tab 200mg,0203020D0AAABAB,8,0.6776
199,H83039,Clonazepam_Tab 500mcg,0408010F0AAABAB,3,0.6659999999999999
214,Y05317,Clonazepam_Tab 500mcg,0408010F0AAABAB,4,0.6327999999999987
226,H83044,Clonazepam_Tab 500mcg,0408010F0AAABAB,2,0.6327999999999987
213,H83010,Clonazepam_Tab 500mcg,0408010F0AAABAB,2,0.6327999999999987
224,H83039,Clonazepam_Tab 500mcg,0408010F0AAABAB,1,0.6327999999999987
216,H83027,Clonazepam_Tab 500mcg,0408010F0AAABAB,1,0.6327999999999987
212,H83043,Clonazepam_Tab 500mcg,0408010F0AAABAB,4,0.6327999999999987
215,H83620,Clonazepam_Tab 500mcg,0408010F0AAABAB,4,0.6327999999999987
225,H83018,Clonazepam_Tab 500mcg,0408010F0AAABAB,1,0.6327999999999987
223,H83009,Clonazepam_Tab 500mcg,0408010F0AAABAB,2,0.6327999999999987
222,H83609,Clonazepam_Tab 500mcg,0408010F0AAABAB,1,0.6327999999999987
217,H83015,Clonazepam_Tab 500mcg,0408010F0AAABAB,4,0.6327999999999987
227,H83034,Clonazepam_Tab 500mcg,0408010F0AAABAB,8,0.6327999999999987
218,Y05318,Clonazepam_Tab 500mcg,0408010F0AAABAB,1,0.6327999999999987
219,H83049,Clonazepam_Tab 500mcg,0408010F0AAABAB,1,0.6327999999999987
211,H83023,Clonazepam_Tab 500mcg,0408010F0AAABAB,1,0.6327999999999987
203,H83033,Clonazepam_Tab 500mcg,0408010F0AAABAB,1,0.6327999999999987
210,H83043,Clonazepam_Tab 500mcg,0408010F0AAABAB,1,0.6327999999999987
209,H83625,Clonazepam_Tab 500mcg,0408010F0AAABAB,1,0.6327999999999987
208,H83004,Clonazepam_Tab 500mcg,0408010F0AAABAB,1,0.6327999999999987
207,H83027,Clonazepam_Tab 500mcg,0408010F0AAABAB,4,0.6327999999999987
206,H83001,Clonazepam_Tab 500mcg,0408010F0AAABAB,4,0.6327999999999987
205,H83611,Clonazepam_Tab 500mcg,0408010F0AAABAB,1,0.6327999999999987
204,H83006,Clonazepam_Tab 500mcg,0408010F0AAABAB,1,0.6327999999999987
221,H83030,Clonazepam_Tab 500mcg,0408010F0AAABAB,1,0.6327999999999987
202,H83024,Clonazepam_Tab 500mcg,0408010F0AAABAB,2,0.6327999999999987
201,H83014,Clonazepam_Tab 500mcg,0408010F0AAABAB,4,0.6327999999999987
200,H83019,Clonazepam_Tab 500mcg,0408010F0AAABAB,4,0.6327999999999987
220,H83005,Clonazepam_Tab 500mcg,0408010F0AAABAB,1,0.6327999999999987
435,H83024,Amiodarone HCl_Tab 200mg,0203020D0AAABAB,7,0.5929
228,H83033,Clonazepam_Tab 500mcg,0408010F0AAABAB,1,0.5375999999999994
513,H83012,Diltiazem HCl_Tab 60mg M/R,0206020C0AAAAAA,1,0.5040000000000004
512,H83019,Diltiazem HCl_Tab 60mg M/R,0206020C0AAAAAA,1,0.5040000000000004
514,H83039,Diltiazem HCl_Tab 60mg M/R,0206020C0AAAAAA,2,0.4928000000000017
515,H83627,Diltiazem HCl_Tab 60mg M/R,0206020C0AAAAAA,2,0.4928000000000017
492,H83049,Pyridox HCl_Tab 50mg,0906024N0AAAIAI,1,0.4788000000000001
494,H83030,Pyridox HCl_Tab 50mg,0906024N0AAAIAI,1,0.4788000000000001
493,H83608,Pyridox HCl_Tab 50mg,0906024N0AAAIAI,1,0.4788000000000001
491,H83007,Pyridox HCl_Tab 50mg,0906024N0AAAIAI,1,0.4788000000000001
229,H83031,Clonazepam_Tab 500mcg,0408010F0AAABAB,6,0.474599999999999
230,H83627,Clonazepam_Tab 500mcg,0408010F0AAABAB,1,0.474599999999999
231,H83019,Clonazepam_Tab 500mcg,0408010F0AAABAB,1,0.45199999999999907
232,H83631,Clonazepam_Tab 500mcg,0408010F0AAABAB,2,0.44399999999999995
436,H83020,Amiodarone HCl_Tab 200mg,0203020D0AAABAB,5,0.4235
516,H83051,Diltiazem HCl_Tab 60mg M/R,0206020C0AAAAAA,1,0.40500000000000036
233,Y05318,Clonazepam_Tab 500mcg,0408010F0AAABAB,5,0.3954999999999992
234,H83004,Clonazepam_Tab 500mcg,0408010F0AAABAB,5,0.3954999999999992
235,H83020,Clonazepam_Tab 500mcg,0408010F0AAABAB,1,0.3954999999999992
437,Y05317,Amiodarone HCl_Tab 200mg,0203020D0AAABAB,1,0.37200000000000066
517,H83053,Diltiazem HCl_Tab 60mg M/R,0206020C0AAAAAA,4,0.36960000000000126
495,H83611,Pyridox HCl_Tab 50mg,0906024N0AAAIAI,3,0.3591000000000001
496,H83020,Pyridox HCl_Tab 50mg,0906024N0AAAIAI,1,0.3591000000000001
442,H83050,Amiodarone HCl_Tab 200mg,0203020D0AAABAB,1,0.3500000000000003
438,H83033,Amiodarone HCl_Tab 200mg,0203020D0AAABAB,1,0.3500000000000003
440,H83016,Amiodarone HCl_Tab 200mg,0203020D0AAABAB,1,0.3500000000000003
441,H83013,Amiodarone HCl_Tab 200mg,0203020D0AAABAB,1,0.3500000000000003
443,H83021,Amiodarone HCl_Tab 200mg,0203020D0AAABAB,1,0.3500000000000003
444,H83627,Amiodarone HCl_Tab 200mg,0203020D0AAABAB,1,0.3500000000000003
439,H83040,Amiodarone HCl_Tab 200mg,0203020D0AAABAB,1,0.3500000000000003
236,H83033,Clonazepam_Tab 500mcg,0408010F0AAABAB,1,0.3389999999999993
243,H83039,Clonazepam_Tab 500mcg,0408010F0AAABAB,1,0.3389999999999993
242,H83030,Clonazepam_Tab 500mcg,0408010F0AAABAB,1,0.3389999999999993
240,H83015,Clonazepam_Tab 500mcg,0408010F0AAABAB,1,0.3389999999999993
239,H83627,Clonazepam_Tab 500mcg,0408010F0AAABAB,1,0.3389999999999993
238,H83009,Clonazepam_Tab 500mcg,0408010F0AAABAB,1,0.3389999999999993
237,H83631,Clonazepam_Tab 500mcg,0408010F0AAABAB,1,0.3389999999999993
241,Y05318,Clonazepam_Tab 500mcg,0408010F0AAABAB,1,0.3389999999999993
445,H83033,Amiodarone HCl_Tab 200mg,0203020D0AAABAB,4,0.3388
446,H83009,Amiodarone HCl_Tab 200mg,0203020D0AAABAB,4,0.3388
447,H83001,Amiodarone HCl_Tab 200mg,0203020D0AAABAB,4,0.3388
448,H83004,Amiodarone HCl_Tab 200mg,0203020D0AAABAB,4,0.3388
449,H83014,Amiodarone HCl_Tab 200mg,0203020D0AAABAB,4,0.3388
248,Y02962,Clonazepam_Tab 500mcg,0408010F0AAABAB,1,0.31639999999999935
249,H83053,Clonazepam_Tab 500mcg,0408010F0AAABAB,4,0.31639999999999935
251,H83620,Clonazepam_Tab 500mcg,0408010F0AAABAB,1,0.31639999999999935
252,H83012,Clonazepam_Tab 500mcg,0408010F0AAABAB,2,0.31639999999999935
253,H83008,Clonazepam_Tab 500mcg,0408010F0AAABAB,4,0.31639999999999935
254,H83023,Clonazepam_Tab 500mcg,0408010F0AAABAB,4,0.31639999999999935
255,H83051,Clonazepam_Tab 500mcg,0408010F0AAABAB,1,0.31639999999999935
256,H83043,Clonazepam_Tab 500mcg,0408010F0AAABAB,1,0.31639999999999935
266,H83039,Clonazepam_Tab 500mcg,0408010F0AAABAB,1,0.31639999999999935
265,H83023,Clonazepam_Tab 500mcg,0408010F0AAABAB,1,0.31639999999999935
264,H83050,Clonazepam_Tab 500mcg,0408010F0AAABAB,4,0.31639999999999935
263,H83001,Clonazepam_Tab 500mcg,0408010F0AAABAB,4,0.31639999999999935
262,H83050,Clonazepam_Tab 500mcg,0408010F0AAABAB,1,0.31639999999999935
261,H83011,Clonazepam_Tab 500mcg,0408010F0AAABAB,4,0.31639999999999935
260,H83053,Clonazepam_Tab 500mcg,0408010F0AAABAB,1,0.31639999999999935
259,H83040,Clonazepam_Tab 500mcg,0408010F0AAABAB,1,0.31639999999999935
250,H83014,Clonazepam_Tab 500mcg,0408010F0AAABAB,1,0.31639999999999935
257,H83006,Clonazepam_Tab 500mcg,0408010F0AAABAB,4,0.31639999999999935
246,Y05318,Clonazepam_Tab 500mcg,0408010F0AAABAB,1,0.31639999999999935
245,H83016,Clonazepam_Tab 500mcg,0408010F0AAABAB,4,0.31639999999999935
244,H83015,Clonazepam_Tab 500mcg,0408010F0AAABAB,1,0.31639999999999935
258,H83631,Clonazepam_Tab 500mcg,0408010F0AAABAB,1,0.31639999999999935
247,H83033,Clonazepam_Tab 500mcg,0408010F0AAABAB,1,0.31639999999999935
518,H83023,Diltiazem HCl_Tab 60mg M/R,0206020C0AAAAAA,5,0.2940000000000026
519,H83028,Diltiazem HCl_Tab 60mg M/R,0206020C0AAAAAA,1,0.2640000000000009
497,H83040,Pyridox HCl_Tab 50mg,0906024N0AAAIAI,4,0.2624000000000013
452,H83053,Amiodarone HCl_Tab 200mg,0203020D0AAABAB,3,0.2541
450,H83023,Amiodarone HCl_Tab 200mg,0203020D0AAABAB,3,0.2541
451,H83022,Amiodarone HCl_Tab 200mg,0203020D0AAABAB,3,0.2541
525,H83016,Diltiazem HCl_Tab 60mg M/R,0206020C0AAAAAA,1,0.24640000000000084
529,H83624,Diltiazem HCl_Tab 60mg M/R,0206020C0AAAAAA,1,0.24640000000000084
528,H83013,Diltiazem HCl_Tab 60mg M/R,0206020C0AAAAAA,1,0.24640000000000084
527,H83006,Diltiazem HCl_Tab 60mg M/R,0206020C0AAAAAA,1,0.24640000000000084
526,H83053,Diltiazem HCl_Tab 60mg M/R,0206020C0AAAAAA,1,0.24640000000000084
524,H83034,Diltiazem HCl_Tab 60mg M/R,0206020C0AAAAAA,1,0.24640000000000084
523,H83028,Diltiazem HCl_Tab 60mg M/R,0206020C0AAAAAA,1,0.24640000000000084
522,H83044,Diltiazem HCl_Tab 60mg M/R,0206020C0AAAAAA,1,0.24640000000000084
521,H83030,Diltiazem HCl_Tab 60mg M/R,0206020C0AAAAAA,1,0.24640000000000084
520,H83029,Diltiazem HCl_Tab 60mg M/R,0206020C0AAAAAA,1,0.24640000000000084
268,H83006,Clonazepam_Tab 500mcg,0408010F0AAABAB,1,0.2372999999999995
267,H83043,Clonazepam_Tab 500mcg,0408010F0AAABAB,1,0.2372999999999995
532,H83007,Diltiazem HCl_Tab 60mg M/R,0206020C0AAAAAA,4,0.23520000000000207
531,H83009,Diltiazem HCl_Tab 60mg M/R,0206020C0AAAAAA,4,0.23520000000000207
530,H83028,Diltiazem HCl_Tab 60mg M/R,0206020C0AAAAAA,4,0.23520000000000207
269,H83001,Clonazepam_Tab 500mcg,0408010F0AAABAB,1,0.22199999999999998
270,Y05719,Clonazepam_Tab 500mcg,0408010F0AAABAB,1,0.20159999999999978
454,H83019,Amiodarone HCl_Tab 200mg,0203020D0AAABAB,1,0.17920000000000008
453,H83016,Amiodarone HCl_Tab 200mg,0203020D0AAABAB,1,0.17920000000000008
271,H83020,Clonazepam_Tab 500mcg,0408010F0AAABAB,1,0.174
272,H83020,Clonazepam_Tab 500mcg,0408010F0AAABAB,4,0.16959999999999997
456,Y05317,Amiodarone HCl_Tab 200mg,0203020D0AAABAB,2,0.1694
455,H83608,Amiodarone HCl_Tab 200mg,0203020D0AAABAB,2,0.1694
274,H83018,Clonazepam_Tab 500mcg,0408010F0AAABAB,1,0.15819999999999967
275,H83006,Clonazepam_Tab 500mcg,0408010F0AAABAB,1,0.15819999999999967
276,Y05317,Clonazepam_Tab 500mcg,0408010F0AAABAB,2,0.15819999999999967
277,H83020,Clonazepam_Tab 500mcg,0408010F0AAABAB,1,0.15819999999999967
278,H83053,Clonazepam_Tab 500mcg,0408010F0AAABAB,1,0.15819999999999967
279,H83037,Clonazepam_Tab 500mcg,0408010F0AAABAB,1,0.15819999999999967
280,H83017,Clonazepam_Tab 500mcg,0408010F0AAABAB,1,0.15819999999999967
281,H83031,Clonazepam_Tab 500mcg,0408010F0AAABAB,1,0.15819999999999967
273,H83004,Clonazepam_Tab 500mcg,0408010F0AAABAB,1,0.15819999999999967
282,H83024,Clonazepam_Tab 500mcg,0408010F0AAABAB,1,0.1367999999999996
283,Y05317,Clonazepam_Tab 500mcg,0408010F0AAABAB,3,0.12719999999999998
533,H83034,Diltiazem HCl_Tab 60mg M/R,0206020C0AAAAAA,1,0.1260000000000001
286,H83631,Clonazepam_Tab 500mcg,0408010F0AAABAB,1,0.11599999999999999
284,H83020,Clonazepam_Tab 500mcg,0408010F0AAABAB,1,0.11599999999999999
285,H83043,Clonazepam_Tab 500mcg,0408010F0AAABAB,1,0.11599999999999999
287,H83024,Clonazepam_Tab 500mcg,0408010F0AAABAB,1,0.09439999999999982
288,Y02962,Clonazepam_Tab 500mcg,0408010F0AAABAB,1,0.07909999999999984
289,H83040,Clonazepam_Tab 500mcg,0408010F0AAABAB,1,0.07909999999999984
290,H83037,Clonazepam_Tab 500mcg,0408010F0AAABAB,1,0.07909999999999984
534,H83022,Diltiazem HCl_Tab 60mg M/R,0206020C0AAAAAA,4,0.07840000000000025
535,H83050,Diltiazem HCl_Tab 60mg M/R,0206020C0AAAAAA,1,0.05880000000000052
291,H83037,Clonazepam_Tab 500mcg,0408010F0AAABAB,1,0.057999999999999996
296,H83006,Co-Codamol_Tab 8mg/500mg,0407010F0AAAAAA,9,0.050399999999999695
295,H83006,Co-Codamol_Tab 8mg/500mg,0407010F0AAAAAA,9,0.050399999999999695
297,H83009,Co-Codamol_Tab 8mg/500mg,0407010F0AAAAAA,8,0.03999999999999976
298,H83009,Co-Codamol_Tab 8mg/500mg,0407010F0AAAAAA,8,0.03999999999999976
299,H83001,Co-Codamol_Tab 8mg/500mg,0407010F0AAAAAA,8,0.03999999999999976
300,H83001,Co-Codamol_Tab 8mg/500mg,0407010F0AAAAAA,8,0.03999999999999976
301,H83021,Co-Codamol_Tab 8mg/500mg,0407010F0AAAAAA,7,0.03499999999999979
302,H83021,Co-Codamol_Tab 8mg/500mg,0407010F0AAAAAA,7,0.03499999999999979
303,H83010,Co-Codamol_Tab 8mg/500mg,0407010F0AAAAAA,6,0.02999999999999982
304,H83010,Co-Codamol_Tab 8mg/500mg,0407010F0AAAAAA,6,0.02999999999999982
305,H83053,Co-Codamol_Tab 8mg/500mg,0407010F0AAAAAA,5,0.02499999999999985
307,H83030,Co-Codamol_Tab 8mg/500mg,0407010F0AAAAAA,5,0.02499999999999985
308,H83030,Co-Codamol_Tab 8mg/500mg,0407010F0AAAAAA,5,0.02499999999999985
306,H83053,Co-Codamol_Tab 8mg/500mg,0407010F0AAAAAA,5,0.02499999999999985
309,H83042,Co-Codamol_Tab 8mg/500mg,0407010F0AAAAAA,8,0.022399999999999864
310,H83042,Co-Codamol_Tab 8mg/500mg,0407010F0AAAAAA,8,0.022399999999999864
58,Y05318,Mesalazine_Tab E/C 400mg,0105010B0AAAAAA,5,0.021000000000009345
311,H83028,Co-Codamol_Tab 8mg/500mg,0407010F0AAAAAA,4,0.01999999999999988
312,H83028,Co-Codamol_Tab 8mg/500mg,0407010F0AAAAAA,4,0.01999999999999988
292,Y05318,Clonazepam_Tab 500mcg,0408010F0AAABAB,1,0.015600000000000003
313,H83631,Co-Codamol_Tab 8mg/500mg,0407010F0AAAAAA,3,0.01499999999999991
314,H83015,Co-Codamol_Tab 8mg/500mg,0407010F0AAAAAA,3,0.01499999999999991
315,H83015,Co-Codamol_Tab 8mg/500mg,0407010F0AAAAAA,3,0.01499999999999991
316,H83631,Co-Codamol_Tab 8mg/500mg,0407010F0AAAAAA,3,0.01499999999999991
317,H83021,Co-Codamol_Tab 8mg/500mg,0407010F0AAAAAA,4,0.011199999999999932
318,H83053,Co-Codamol_Tab 8mg/500mg,0407010F0AAAAAA,2,0.011199999999999932
319,Y05719,Co-Codamol_Tab 8mg/500mg,0407010F0AAAAAA,2,0.011199999999999932
320,H83053,Co-Codamol_Tab 8mg/500mg,0407010F0AAAAAA,2,0.011199999999999932
321,H83021,Co-Codamol_Tab 8mg/500mg,0407010F0AAAAAA,4,0.011199999999999932
322,Y05719,Co-Codamol_Tab 8mg/500mg,0407010F0AAAAAA,2,0.011199999999999932
323,H83018,Co-Codamol_Tab 8mg/500mg,0407010F0AAAAAA,2,0.00999999999999994
324,Y05719,Co-Codamol_Tab 8mg/500mg,0407010F0AAAAAA,2,0.00999999999999994
325,H83022,Co-Codamol_Tab 8mg/500mg,0407010F0AAAAAA,2,0.00999999999999994
326,H83018,Co-Codamol_Tab 8mg/500mg,0407010F0AAAAAA,2,0.00999999999999994
327,Y05719,Co-Codamol_Tab 8mg/500mg,0407010F0AAAAAA,2,0.00999999999999994
328,H83022,Co-Codamol_Tab 8mg/500mg,0407010F0AAAAAA,2,0.00999999999999994
329,H83028,Co-Codamol_Tab 8mg/500mg,0407010F0AAAAAA,3,0.00839999999999995
330,H83004,Co-Codamol_Tab 8mg/500mg,0407010F0AAAAAA,3,0.00839999999999995
334,Y02962,Co-Codamol_Tab 8mg/500mg,0407010F0AAAAAA,1,0.00839999999999995
331,H83028,Co-Codamol_Tab 8mg/500mg,0407010F0AAAAAA,3,0.00839999999999995
332,H83004,Co-Codamol_Tab 8mg/500mg,0407010F0AAAAAA,3,0.00839999999999995
333,Y02962,Co-Codamol_Tab 8mg/500mg,0407010F0AAAAAA,1,0.00839999999999995
18,H83053,Mesalazine_Tab E/C 800mg,0105010B0AAASAS,1,0.005999999999999339
344,H83034,Co-Codamol_Tab 8mg/500mg,0407010F0AAAAAA,1,0.005599999999999966
346,H83034,Co-Codamol_Tab 8mg/500mg,0407010F0AAAAAA,1,0.005599999999999966
345,H83017,Co-Codamol_Tab 8mg/500mg,0407010F0AAAAAA,1,0.005599999999999966
335,H83017,Co-Codamol_Tab 8mg/500mg,0407010F0AAAAAA,1,0.005599999999999966
343,H83020,Co-Codamol_Tab 8mg/500mg,0407010F0AAAAAA,1,0.005599999999999966
342,H83023,Co-Codamol_Tab 8mg/500mg,0407010F0AAAAAA,1,0.005599999999999966
341,H83037,Co-Codamol_Tab 8mg/500mg,0407010F0AAAAAA,1,0.005599999999999966
340,H83037,Co-Codamol_Tab 8mg/500mg,0407010F0AAAAAA,1,0.005599999999999966
339,H83029,Co-Codamol_Tab 8mg/500mg,0407010F0AAAAAA,1,0.005599999999999966
338,H83023,Co-Codamol_Tab 8mg/500mg,0407010F0AAAAAA,1,0.005599999999999966
337,H83029,Co-Codamol_Tab 8mg/500mg,0407010F0AAAAAA,1,0.005599999999999966
336,H83020,Co-Codamol_Tab 8mg/500mg,0407010F0AAAAAA,1,0.005599999999999966
357,H83027,Co-Codamol_Tab 8mg/500mg,0407010F0AAAAAA,1,0.00499999999999997
358,H83044,Co-Codamol_Tab 8mg/500mg,0407010F0AAAAAA,1,0.00499999999999997
355,H83016,Co-Codamol_Tab 8mg/500mg,0407010F0AAAAAA,1,0.00499999999999997
360,H83027,Co-Codamol_Tab 8mg/500mg,0407010F0AAAAAA,1,0.00499999999999997
361,H83012,Co-Codamol_Tab 8mg/500mg,0407010F0AAAAAA,1,0.00499999999999997
362,H83037,Co-Codamol_Tab 8mg/500mg,0407010F0AAAAAA,1,0.00499999999999997
356,H83034,Co-Codamol_Tab 8mg/500mg,0407010F0AAAAAA,1,0.00499999999999997
359,H83624,Co-Codamol_Tab 8mg/500mg,0407010F0AAAAAA,1,0.00499999999999997
354,H83044,Co-Codamol_Tab 8mg/500mg,0407010F0AAAAAA,1,0.00499999999999997
352,H83034,Co-Codamol_Tab 8mg/500mg,0407010F0AAAAAA,1,0.00499999999999997
351,H83011,Co-Codamol_Tab 8mg/500mg,0407010F0AAAAAA,1,0.00499999999999997
350,H83624,Co-Codamol_Tab 8mg/500mg,0407010F0AAAAAA,1,0.00499999999999997
349,H83016,Co-Codamol_Tab 8mg/500mg,0407010F0AAAAAA,1,0.00499999999999997
348,H83012,Co-Codamol_Tab 8mg/500mg,0407010F0AAAAAA,1,0.00499999999999997
347,H83037,Co-Codamol_Tab 8mg/500mg,0407010F0AAAAAA,1,0.00499999999999997
353,H83011,Co-Codamol_Tab 8mg/500mg,0407010F0AAAAAA,1,0.00499999999999997
363,H83015,Co-Codamol_Tab 8mg/500mg,0407010F0AAAAAA,1,0.003999999999999976
364,H83015,Co-Codamol_Tab 8mg/500mg,0407010F0AAAAAA,1,0.003999999999999976
368,H83029,Co-Codamol_Tab 8mg/500mg,0407010F0AAAAAA,1,0.002799999999999983
370,H83006,Co-Codamol_Tab 8mg/500mg,0407010F0AAAAAA,1,0.002799999999999983
369,H83006,Co-Codamol_Tab 8mg/500mg,0407010F0AAAAAA,1,0.002799999999999983
367,H83008,Co-Codamol_Tab 8mg/500mg,0407010F0AAAAAA,1,0.002799999999999983
366,H83008,Co-Codamol_Tab 8mg/500mg,0407010F0AAAAAA,1,0.002799999999999983
365,H83029,Co-Codamol_Tab 8mg/500mg,0407010F0AAAAAA,1,0.002799999999999983
371,Y05318,Co-Codamol_Tab 8mg/500mg,0407010F0AAAAAA,1,-0.0020999999999999873
372,Y05318,Co-Codamol_Tab 8mg/500mg,0407010F0AAAAAA,1,-0.0020999999999999873
374,H83006,Co-Codamol_Tab 8mg/500mg,0407010F0AAAAAA,1,-0.0023999999999999855
373,H83006,Co-Codamol_Tab 8mg/500mg,0407010F0AAAAAA,1,-0.0023999999999999855
59,H83050,Mesalazine_Tab E/C 400mg,0105010B0AAAAAA,5,-0.010499999999998844
60,H83042,Mesalazine_Tab E/C 400mg,0105010B0AAAAAA,1,-0.011999999999998678
61,H83009,Mesalazine_Tab E/C 400mg,0105010B0AAAAAA,8,-0.01679999999999815
376,H83037,Co-Codamol_Tab 8mg/500mg,0407010F0AAAAAA,4,-0.0167999999999999
375,H83037,Co-Codamol_Tab 8mg/500mg,0407010F0AAAAAA,4,-0.0167999999999999
377,H83044,Co-Codamol_Tab 8mg/500mg,0407010F0AAAAAA,4,-0.0167999999999999
378,H83044,Co-Codamol_Tab 8mg/500mg,0407010F0AAAAAA,4,-0.0167999999999999
19,H83015,Mesalazine_Tab E/C 800mg,0105010B0AAASAS,1,-11.479999999999997
20,H83053,Mesalazine_Tab E/C 800mg,0105010B0AAASAS,1,-12.293999999999999
62,H83031,Mesalazine_Tab E/C 400mg,0105010B0AAAAAA,1,-12.833999999999998
63,H83012,Mesalazine_Tab E/C 400mg,0105010B0AAAAAA,1,-15.971199999999998
65,H83624,Mesalazine_Tab E/C 400mg,0105010B0AAAAAA,1,-17.112
64,H83020,Mesalazine_Tab E/C 400mg,0105010B0AAAAAA,1,-17.112
21,H83012,Mesalazine_Tab E/C 800mg,0105010B0AAASAS,2,-17.219999999999988
22,H83609,Mesalazine_Tab E/C 800mg,0105010B0AAASAS,1,-17.219999999999995
23,H83013,Mesalazine_Tab E/C 800mg,0105010B0AAASAS,1,-17.219999999999995
66,H83044,Mesalazine_Tab E/C 400mg,0105010B0AAAAAA,1,-23.956799999999998
67,H83013,Mesalazine_Tab E/C 400mg,0105010B0AAAAAA,1,-23.956799999999998
68,H83016,Mesalazine_Tab E/C 400mg,0105010B0AAAAAA,1,-31.942399999999996
70,H83006,Mesalazine_Tab E/C 400mg,0105010B0AAAAAA,1,-34.224
71,H83043,Mesalazine_Tab E/C 400mg,0105010B0AAAAAA,1,-34.224
69,H83012,Mesalazine_Tab E/C 400mg,0105010B0AAAAAA,1,-34.224
24,H83053,Mesalazine_Tab E/C 800mg,0105010B0AAASAS,2,-34.439999999999976
25,H83037,Mesalazine_Tab E/C 800mg,0105010B0AAASAS,1,-34.43999999999999
28,H83052,Mesalazine_Tab E/C 800mg,0105010B0AAASAS,1,-36.89999999999999
26,H83050,Mesalazine_Tab E/C 800mg,0105010B0AAASAS,1,-36.89999999999999
27,H83029,Mesalazine_Tab E/C 800mg,0105010B0AAASAS,1,-36.89999999999999
29,H83043,Mesalazine_Tab E/C 800mg,0105010B0AAASAS,1,-36.89999999999999
72,H83004,Mesalazine_Tab E/C 400mg,0105010B0AAAAAA,1,-38.501999999999995
73,H83020,Mesalazine_Tab E/C 400mg,0105010B0AAAAAA,1,-51.33599999999999
74,H83013,Mesalazine_Tab E/C 400mg,0105010B0AAAAAA,1,-51.33599999999999
75,H83013,Mesalazine_Tab E/C 400mg,0105010B0AAAAAA,1,-68.448
31,H83004,Mesalazine_Tab E/C 800mg,0105010B0AAASAS,1,-73.79999999999998
30,H83015,Mesalazine_Tab E/C 800mg,0105010B0AAASAS,2,-73.79999999999998
76,H83005,Mesalazine_Tab E/C 400mg,0105010B0AAAAAA,2,-102.67199999999998
