,practice_code,bnf_description,bnf_code,items,excess_cost
0,J81083,Omeprazole_Cap E/C 20mg,0103050P0AAAAAA,152,1.67719999999999
1,J81083,Paracet_Tab 500mg,0407010H0AAAMAM,112,8.889600000000025
2,J81083,Quetiapine_Tab 25mg,0402010ABAAABAB,3,0.016799999999999315
3,J83003,Ferr Sulf_Tab 200mg,0901011P0AAACAC,3,0.00839999999999995
4,J83003,Losartan Pot_Tab 25mg,0205052N0AAAAAA,46,30.872799999999998
5,J83003,Omeprazole_Cap E/C 20mg,0103050P0AAAAAA,15,72.59629999999999
6,J83003,Paracet_Tab 500mg,0407010H0AAAMAM,592,36.99520000000012
7,J83003,Pregabalin_Cap 150mg,0408010AEAAAEAE,1,0.00280000000000008
8,J83003,Quetiapine_Tab 25mg,0402010ABAAABAB,4,0.025199999999999556
9,J83004,Atorvastatin_Tab 20mg,0212000B0AAABAB,1,0.00360000000000002
10,J83004,Donepezil HCl_Tab 10mg,0411000D0AAABAB,4,-0.008400000000000046
11,J83004,Omeprazole_Cap E/C 20mg,0103050P0AAAAAA,14,0.06509999999999991
12,J83004,Paracet_Tab 500mg,0407010H0AAAMAM,282,4.3400000000000505
13,J83005,Atorvastatin_Tab 20mg,0212000B0AAABAB,332,0.9296000000000266
14,J83005,Donepezil HCl_Tab 10mg,0411000D0AAABAB,1,0.005599999999999966
15,J83005,Ferr Sulf_Tab 200mg,0901011P0AAACAC,1,0.00839999999999995
16,J83005,Paracet_Tab 500mg,0407010H0AAAMAM,94,15.81280000000003
17,J83005,Pregabalin_Cap 150mg,0408010AEAAAEAE,15,226.212
18,J83005,Quetiapine_Tab 25mg,0402010ABAAABAB,2,0.00560000000000016
19,J83006,Donepezil HCl_Tab 10mg,0411000D0AAABAB,1,0.005599999999999966
20,J83006,Losartan Pot_Tab 25mg,0205052N0AAAAAA,6,0.01260000000000007
21,J83006,Omeprazole_Cap E/C 20mg,0103050P0AAAAAA,11,0.04389999999999992
22,J83006,Paracet_Tab 500mg,0407010H0AAAMAM,6,0.012799999999999923
23,J83006,Pregabalin_Cap 150mg,0408010AEAAAEAE,1,0.00140000000000004
24,J83006,Quetiapine_Tab 25mg,0402010ABAAABAB,10,0.009799999999998338
25,J83007,Aripiprazole_Tab 10mg,0402010ADAAAAAA,1,0.00560000000000016
26,J83007,Donepezil HCl_Tab 10mg,0411000D0AAABAB,40,0.11200000000000321
27,J83007,Ferr Sulf_Tab 200mg,0901011P0AAACAC,24,35.246399999999994
28,J83007,Losartan Pot_Tab 25mg,0205052N0AAAAAA,68,15.377199999999998
29,J83007,Omeprazole_Cap E/C 20mg,0103050P0AAAAAA,816,39.21399999999994
30,J83007,Paracet_Tab 500mg,0407010H0AAAMAM,228,20.493199999999995
31,J83007,Pregabalin_Cap 150mg,0408010AEAAAEAE,6,0.030800000000000882
32,J83007,Quetiapine_Tab 25mg,0402010ABAAABAB,21,0.015799999999998843
33,J83008,Aripiprazole_Tab 10mg,0402010ADAAAAAA,2,0.01120000000000032
34,J83008,Atorvastatin_Tab 20mg,0212000B0AAABAB,2,-0.007999999999999785
35,J83008,Donepezil HCl_Tab 10mg,0411000D0AAABAB,5,-0.00280000000000008
36,J83008,Losartan Pot_Tab 25mg,0205052N0AAAAAA,1,0.004200000000000023
37,J83008,Omeprazole_Cap E/C 20mg,0103050P0AAAAAA,525,34.33759999999999
38,J83008,Paracet_Tab 500mg,0407010H0AAAMAM,292,42.02519999999996
39,J83008,Pregabalin_Cap 150mg,0408010AEAAAEAE,5,0.012400000000000466
40,J83008,Quetiapine_Tab 25mg,0402010ABAAABAB,20,0.0223999999999987
41,J83010,Aripiprazole_Tab 10mg,0402010ADAAAAAA,4,-0.008399999999999852
42,J83010,Donepezil HCl_Tab 10mg,0411000D0AAABAB,51,0.5711999999999995
43,J83010,Ferr Sulf_Tab 200mg,0901011P0AAACAC,5,-0.002400000000000485
44,J83010,Losartan Pot_Tab 25mg,0205052N0AAAAAA,12,0.02520000000000014
45,J83010,Montelukast_Tab 10mg,0303020G0AAABAB,33,24.265199999999993
46,J83010,Omeprazole_Cap E/C 20mg,0103050P0AAAAAA,181,0.881099999999999
47,J83010,Paracet_Tab 500mg,0407010H0AAAMAM,574,48.93600000000008
48,J83010,Pregabalin_Cap 150mg,0408010AEAAAEAE,10,0.03360000000000096
49,J83010,Quetiapine_Tab 25mg,0402010ABAAABAB,14,0.0391999999999984
50,J83011,Atorvastatin_Tab 20mg,0212000B0AAABAB,640,91.53150000000008
51,J83011,Donepezil HCl_Tab 10mg,0411000D0AAABAB,8,-0.010300000000000108
52,J83011,Ferr Sulf_Tab 200mg,0901011P0AAACAC,6,7.0392
53,J83011,Losartan Pot_Tab 25mg,0205052N0AAAAAA,9,0.018900000000000104
54,J83011,Omeprazole_Cap E/C 20mg,0103050P0AAAAAA,847,15.016099999999964
55,J83011,Paracet_Tab 500mg,0407010H0AAAMAM,644,139.2164000000001
56,J83011,Pregabalin_Cap 150mg,0408010AEAAAEAE,9,0.03920000000000112
57,J83011,Quetiapine_Tab 25mg,0402010ABAAABAB,14,0.009799999999998338
58,J83013,Donepezil HCl_Tab 10mg,0411000D0AAABAB,4,-0.008400000000000046
59,J83013,Ferr Sulf_Tab 200mg,0901011P0AAACAC,4,-0.00840000000000024
60,J83013,Losartan Pot_Tab 25mg,0205052N0AAAAAA,21,0.03620000000000027
61,J83013,Omeprazole_Cap E/C 20mg,0103050P0AAAAAA,292,7.0112999999999746
62,J83013,Paracet_Tab 500mg,0407010H0AAAMAM,112,12.526000000000003
63,J83013,Pregabalin_Cap 150mg,0408010AEAAAEAE,6,0.014000000000000401
64,J83013,Quetiapine_Tab 25mg,0402010ABAAABAB,22,76.56039999999999
65,J83014,Donepezil HCl_Tab 10mg,0411000D0AAABAB,19,-0.03990000000000022
66,J83014,Ferr Sulf_Tab 200mg,0901011P0AAACAC,9,0.011799999999999325
67,J83014,Losartan Pot_Tab 25mg,0205052N0AAAAAA,4,0.008400000000000046
68,J83014,Omeprazole_Cap E/C 20mg,0103050P0AAAAAA,204,2.9605999999999835
69,J83014,Paracet_Tab 500mg,0407010H0AAAMAM,208,-2.893199999999986
70,J83014,Pregabalin_Cap 150mg,0408010AEAAAEAE,11,0.03920000000000112
71,J83014,Quetiapine_Tab 25mg,0402010ABAAABAB,20,0.03689999999999932
72,J83016,Aripiprazole_Tab 10mg,0402010ADAAAAAA,4,-0.008399999999999852
73,J83016,Atorvastatin_Tab 20mg,0212000B0AAABAB,5,0.026700000000000765
74,J83016,Donepezil HCl_Tab 10mg,0411000D0AAABAB,1,-0.0021000000000000116
75,J83016,Ferr Sulf_Tab 200mg,0901011P0AAACAC,22,109.9415
76,J83016,Omeprazole_Cap E/C 20mg,0103050P0AAAAAA,158,-0.9596000000000343
77,J83016,Paracet_Tab 500mg,0407010H0AAAMAM,398,50.54559999999999
78,J83016,Pregabalin_Cap 150mg,0408010AEAAAEAE,20,0.08820000000000253
79,J83016,Quetiapine_Tab 25mg,0402010ABAAABAB,36,60.396499999999996
80,J83018,Aripiprazole_Tab 10mg,0402010ADAAAAAA,10,0.0168000000000032
81,J83018,Atorvastatin_Tab 20mg,0212000B0AAABAB,226,22.891800000000014
82,J83018,Donepezil HCl_Tab 10mg,0411000D0AAABAB,1,0.0003000000000000086
83,J83018,Losartan Pot_Tab 25mg,0205052N0AAAAAA,35,27.636000000000003
84,J83018,Montelukast_Tab 10mg,0303020G0AAABAB,35,0.949000000000001
85,J83018,Omeprazole_Cap E/C 20mg,0103050P0AAAAAA,453,1.2689999999999488
86,J83018,Paracet_Tab 500mg,0407010H0AAAMAM,850,126.44240000000012
87,J83018,Pregabalin_Cap 150mg,0408010AEAAAEAE,1,0.00560000000000016
88,J83018,Quetiapine_Tab 25mg,0402010ABAAABAB,7,0.030799999999999716
89,J83019,Donepezil HCl_Tab 10mg,0411000D0AAABAB,18,-0.03780000000000021
90,J83019,Ferr Sulf_Tab 200mg,0901011P0AAACAC,9,0.03959999999999955
91,J83019,Losartan Pot_Tab 25mg,0205052N0AAAAAA,1,0.0021000000000000116
92,J83019,Omeprazole_Cap E/C 20mg,0103050P0AAAAAA,42,0.20579999999999976
93,J83019,Paracet_Tab 500mg,0407010H0AAAMAM,14,0.03679999999999978
94,J83019,Pregabalin_Cap 150mg,0408010AEAAAEAE,6,0.0210000000000006
95,J83019,Quetiapine_Tab 25mg,0402010ABAAABAB,6,-0.00840000000000063
96,J83021,Atorvastatin_Tab 20mg,0212000B0AAABAB,1,-0.003999999999999976
97,J83021,Donepezil HCl_Tab 10mg,0411000D0AAABAB,64,0.6529000000000004
98,J83021,Ferr Sulf_Tab 200mg,0901011P0AAACAC,17,-0.06230000000000217
99,J83021,Losartan Pot_Tab 25mg,0205052N0AAAAAA,29,30.948400000000003
100,J83021,Montelukast_Tab 10mg,0303020G0AAABAB,1,-0.005199999999999788
101,J83021,Omeprazole_Cap E/C 20mg,0103050P0AAAAAA,367,24.819399999999998
102,J83021,Paracet_Tab 500mg,0407010H0AAAMAM,872,52.01960000000008
103,J83021,Pregabalin_Cap 150mg,0408010AEAAAEAE,1,0.00560000000000016
104,J83021,Quetiapine_Tab 25mg,0402010ABAAABAB,41,65.70019999999998
105,J83023,Donepezil HCl_Tab 10mg,0411000D0AAABAB,39,-0.08170000000000041
106,J83023,Ferr Sulf_Tab 200mg,0901011P0AAACAC,12,0.013999999999999624
107,J83023,Losartan Pot_Tab 25mg,0205052N0AAAAAA,11,0.023100000000000127
108,J83023,Omeprazole_Cap E/C 20mg,0103050P0AAAAAA,33,0.16169999999999982
109,J83023,Paracet_Tab 500mg,0407010H0AAAMAM,208,28.172400000000025
110,J83023,Pregabalin_Cap 150mg,0408010AEAAAEAE,5,0.01680000000000048
111,J83023,Quetiapine_Tab 25mg,0402010ABAAABAB,2,-0.00560000000000016
112,J83026,Aripiprazole_Tab 10mg,0402010ADAAAAAA,10,87.2172
113,J83026,Atorvastatin_Tab 20mg,0212000B0AAABAB,636,23.037000000000045
114,J83026,Donepezil HCl_Tab 10mg,0411000D0AAABAB,103,0.24920000000000753
115,J83026,Ferr Sulf_Tab 200mg,0901011P0AAACAC,17,0.05879999999999935
116,J83026,Losartan Pot_Tab 25mg,0205052N0AAAAAA,13,0.02730000000000015
117,J83026,Omeprazole_Cap E/C 20mg,0103050P0AAAAAA,580,6.622199999999964
118,J83026,Paracet_Tab 500mg,0407010H0AAAMAM,1062,222.18920000000014
119,J83026,Pregabalin_Cap 150mg,0408010AEAAAEAE,61,56.536600000000014
120,J83026,Quetiapine_Tab 25mg,0402010ABAAABAB,19,45.96339999999999
121,J83029,Donepezil HCl_Tab 10mg,0411000D0AAABAB,34,-0.0714000000000004
122,J83029,Losartan Pot_Tab 25mg,0205052N0AAAAAA,8,0.018900000000000104
123,J83029,Omeprazole_Cap E/C 20mg,0103050P0AAAAAA,99,0.4850999999999995
124,J83029,Paracet_Tab 500mg,0407010H0AAAMAM,212,16.964400000000012
125,J83029,Pregabalin_Cap 150mg,0408010AEAAAEAE,9,0.04480000000000128
126,J83029,Quetiapine_Tab 25mg,0402010ABAAABAB,20,0.0687999999999972
127,J83030,Aripiprazole_Tab 10mg,0402010ADAAAAAA,6,-0.004899999999999655
128,J83030,Atorvastatin_Tab 20mg,0212000B0AAABAB,553,44.821
129,J83030,Donepezil HCl_Tab 10mg,0411000D0AAABAB,95,-0.1995000000000011
130,J83030,Ferr Sulf_Tab 200mg,0901011P0AAACAC,52,0.21559999999999813
131,J83030,Losartan Pot_Tab 25mg,0205052N0AAAAAA,24,0.05040000000000028
132,J83030,Montelukast_Tab 10mg,0303020G0AAABAB,81,73.13040000000001
133,J83030,Omeprazole_Cap E/C 20mg,0103050P0AAAAAA,363,1.7145999999999975
134,J83030,Paracet_Tab 500mg,0407010H0AAAMAM,1028,132.38920000000002
135,J83030,Pregabalin_Cap 150mg,0408010AEAAAEAE,12,0.03360000000000096
136,J83030,Quetiapine_Tab 25mg,0402010ABAAABAB,39,0.02009999999999823
137,J83034,Aripiprazole_Tab 10mg,0402010ADAAAAAA,2,174.4624
138,J83034,Losartan Pot_Tab 25mg,0205052N0AAAAAA,23,30.912
139,J83034,Omeprazole_Cap E/C 20mg,0103050P0AAAAAA,61,72.7167
140,J83034,Paracet_Tab 500mg,0407010H0AAAMAM,76,22.002800000000004
141,J83034,Pregabalin_Cap 150mg,0408010AEAAAEAE,1,0.00560000000000016
142,J83034,Quetiapine_Tab 25mg,0402010ABAAABAB,14,0.015600000000000058
143,J83037,Ferr Sulf_Tab 200mg,0901011P0AAACAC,6,0.02579999999999974
144,J83037,Losartan Pot_Tab 25mg,0205052N0AAAAAA,41,15.383200000000002
145,J83037,Omeprazole_Cap E/C 20mg,0103050P0AAAAAA,574,3.180599999999982
146,J83037,Paracet_Tab 500mg,0407010H0AAAMAM,712,54.036000000000094
147,J83037,Pregabalin_Cap 150mg,0408010AEAAAEAE,8,0.02240000000000064
148,J83037,Quetiapine_Tab 25mg,0402010ABAAABAB,14,0.01959999999999784
149,J83039,Aripiprazole_Tab 10mg,0402010ADAAAAAA,7,-0.014699999999999741
150,J83039,Donepezil HCl_Tab 10mg,0411000D0AAABAB,15,-0.031500000000000174
151,J83039,Ferr Sulf_Tab 200mg,0901011P0AAACAC,8,0.013999999999999624
152,J83039,Omeprazole_Cap E/C 20mg,0103050P0AAAAAA,389,4.358199999999951
153,J83039,Paracet_Tab 500mg,0407010H0AAAMAM,606,135.64679999999998
154,J83039,Pregabalin_Cap 150mg,0408010AEAAAEAE,8,0.028000000000000802
155,J83039,Quetiapine_Tab 25mg,0402010ABAAABAB,18,0.01149999999999865
156,J83040,Aripiprazole_Tab 10mg,0402010ADAAAAAA,4,-0.008399999999999852
157,J83040,Atorvastatin_Tab 20mg,0212000B0AAABAB,395,473.2816
158,J83040,Donepezil HCl_Tab 10mg,0411000D0AAABAB,26,0.7713999999999991
159,J83040,Ferr Sulf_Tab 200mg,0901011P0AAACAC,29,112.49559999999997
160,J83040,Losartan Pot_Tab 25mg,0205052N0AAAAAA,86,154.5368
161,J83040,Montelukast_Tab 10mg,0303020G0AAABAB,39,148.2936
162,J83040,Omeprazole_Cap E/C 20mg,0103050P0AAAAAA,1051,7.367399999999907
163,J83040,Paracet_Tab 500mg,0407010H0AAAMAM,764,43.49160000000001
164,J83040,Pregabalin_Cap 150mg,0408010AEAAAEAE,6,0.02240000000000064
165,J83040,Quetiapine_Tab 25mg,0402010ABAAABAB,9,0.011199999999999155
166,J83041,Aripiprazole_Tab 10mg,0402010ADAAAAAA,9,-0.018899999999999667
167,J83041,Atorvastatin_Tab 20mg,0212000B0AAABAB,2,-0.0059999999999997555
168,J83041,Donepezil HCl_Tab 10mg,0411000D0AAABAB,44,238.54729999999998
169,J83041,Ferr Sulf_Tab 200mg,0901011P0AAACAC,28,0.07279999999999898
170,J83041,Losartan Pot_Tab 25mg,0205052N0AAAAAA,16,0.033600000000000185
171,J83041,Omeprazole_Cap E/C 20mg,0103050P0AAAAAA,484,2.492899999999991
172,J83041,Paracet_Tab 500mg,0407010H0AAAMAM,564,33.48600000000007
173,J83041,Pregabalin_Cap 150mg,0408010AEAAAEAE,16,0.03360000000000096
174,J83041,Quetiapine_Tab 25mg,0402010ABAAABAB,19,-0.03640000000000182
175,J83042,Donepezil HCl_Tab 10mg,0411000D0AAABAB,44,-0.5565000000000005
176,J83042,Ferr Sulf_Tab 200mg,0901011P0AAACAC,8,14.111999999999997
177,J83042,Losartan Pot_Tab 25mg,0205052N0AAAAAA,4,0.008400000000000046
178,J83042,Omeprazole_Cap E/C 20mg,0103050P0AAAAAA,410,1.1580999999999542
179,J83042,Paracet_Tab 500mg,0407010H0AAAMAM,386,17.34720000000017
180,J83042,Pregabalin_Cap 150mg,0408010AEAAAEAE,4,0.014000000000000401
181,J83042,Quetiapine_Tab 25mg,0402010ABAAABAB,30,0.0815999999999979
182,J83043,Atorvastatin_Tab 20mg,0212000B0AAABAB,202,45.248
183,J83043,Donepezil HCl_Tab 10mg,0411000D0AAABAB,58,-0.12180000000000067
184,J83043,Ferr Sulf_Tab 200mg,0901011P0AAACAC,28,0.09519999999999884
185,J83043,Omeprazole_Cap E/C 20mg,0103050P0AAAAAA,366,2.0173999999999888
186,J83043,Paracet_Tab 500mg,0407010H0AAAMAM,64,-0.24919999999999848
187,J83043,Quetiapine_Tab 25mg,0402010ABAAABAB,7,0.01879999999999943
188,J83045,Donepezil HCl_Tab 10mg,0411000D0AAABAB,17,-0.0357000000000002
189,J83045,Ferr Sulf_Tab 200mg,0901011P0AAACAC,10,0.0335999999999998
190,J83045,Omeprazole_Cap E/C 20mg,0103050P0AAAAAA,57,0.2792999999999997
191,J83045,Paracet_Tab 500mg,0407010H0AAAMAM,280,20.558400000000056
192,J83045,Pregabalin_Cap 150mg,0408010AEAAAEAE,6,0.01680000000000048
193,J83045,Quetiapine_Tab 25mg,0402010ABAAABAB,15,-0.01960000000000134
194,J83046,Atorvastatin_Tab 20mg,0212000B0AAABAB,1,0.0013000000000000372
195,J83046,Donepezil HCl_Tab 10mg,0411000D0AAABAB,40,-0.08400000000000046
196,J83046,Ferr Sulf_Tab 200mg,0901011P0AAACAC,12,0.04479999999999973
197,J83046,Losartan Pot_Tab 25mg,0205052N0AAAAAA,24,0.05040000000000028
198,J83046,Omeprazole_Cap E/C 20mg,0103050P0AAAAAA,1077,39.32039999999992
199,J83046,Paracet_Tab 500mg,0407010H0AAAMAM,236,56.76280000000003
200,J83046,Pregabalin_Cap 150mg,0408010AEAAAEAE,14,0.0630000000000018
201,J83046,Quetiapine_Tab 25mg,0402010ABAAABAB,27,15.365299999999996
202,J83048,Donepezil HCl_Tab 10mg,0411000D0AAABAB,8,-0.016800000000000093
203,J83048,Losartan Pot_Tab 25mg,0205052N0AAAAAA,1,0.004200000000000023
204,J83048,Omeprazole_Cap E/C 20mg,0103050P0AAAAAA,15,0.07349999999999993
205,J83048,Paracet_Tab 500mg,0407010H0AAAMAM,10,0.028399999999999828
206,J83048,Pregabalin_Cap 150mg,0408010AEAAAEAE,4,0.00980000000000028
207,J83048,Quetiapine_Tab 25mg,0402010ABAAABAB,6,-0.012600000000000361
208,J83049,Omeprazole_Cap E/C 20mg,0103050P0AAAAAA,283,3.1497999999999813
209,J83049,Paracet_Tab 500mg,0407010H0AAAMAM,276,31.862400000000054
210,J83049,Pregabalin_Cap 150mg,0408010AEAAAEAE,1,0.00560000000000016
211,J83049,Quetiapine_Tab 25mg,0402010ABAAABAB,5,0.030799999999999328
212,J83050,Ferr Sulf_Tab 200mg,0901011P0AAACAC,8,0.013999999999999624
213,J83050,Omeprazole_Cap E/C 20mg,0103050P0AAAAAA,151,6.825999999999985
214,J83050,Paracet_Tab 500mg,0407010H0AAAMAM,210,62.65840000000003
215,J83050,Pregabalin_Cap 150mg,0408010AEAAAEAE,9,0.025200000000000722
216,J83050,Quetiapine_Tab 25mg,0402010ABAAABAB,2,0.01680000000000048
217,J83052,Aripiprazole_Tab 10mg,0402010ADAAAAAA,2,-0.004199999999999926
218,J83052,Losartan Pot_Tab 25mg,0205052N0AAAAAA,22,15.461600000000002
219,J83052,Omeprazole_Cap E/C 20mg,0103050P0AAAAAA,43,3.786399999999995
220,J83052,Paracet_Tab 500mg,0407010H0AAAMAM,94,43.248
221,J83052,Quetiapine_Tab 25mg,0402010ABAAABAB,2,0.00560000000000016
222,J83053,Atorvastatin_Tab 20mg,0212000B0AAABAB,32,45.068799999999996
223,J83053,Omeprazole_Cap E/C 20mg,0103050P0AAAAAA,5,0.024499999999999973
224,J83053,Paracet_Tab 500mg,0407010H0AAAMAM,46,44.749600000000015
225,J83053,Quetiapine_Tab 25mg,0402010ABAAABAB,6,-0.00280000000000008
226,J83055,Atorvastatin_Tab 20mg,0212000B0AAABAB,1,0.0020000000000000573
227,J83055,Donepezil HCl_Tab 10mg,0411000D0AAABAB,40,-0.08400000000000046
228,J83055,Ferr Sulf_Tab 200mg,0901011P0AAACAC,38,17.7324
229,J83055,Losartan Pot_Tab 25mg,0205052N0AAAAAA,2,0.0040999999999999995
230,J83055,Omeprazole_Cap E/C 20mg,0103050P0AAAAAA,394,3.381799999999983
231,J83055,Paracet_Tab 500mg,0407010H0AAAMAM,92,32.0542
232,J83055,Pregabalin_Cap 150mg,0408010AEAAAEAE,12,0.029400000000000842
233,J83055,Quetiapine_Tab 25mg,0402010ABAAABAB,20,-0.008800000000002361
234,J83056,Aripiprazole_Tab 10mg,0402010ADAAAAAA,6,-0.012599999999999778
235,J83056,Donepezil HCl_Tab 10mg,0411000D0AAABAB,8,-0.016800000000000093
236,J83056,Ferr Sulf_Tab 200mg,0901011P0AAACAC,6,0.0335999999999998
237,J83056,Losartan Pot_Tab 25mg,0205052N0AAAAAA,4,0.008400000000000046
238,J83056,Omeprazole_Cap E/C 20mg,0103050P0AAAAAA,181,1.7751999999999901
239,J83056,Paracet_Tab 500mg,0407010H0AAAMAM,8,-0.04479999999999973
240,J83056,Pregabalin_Cap 150mg,0408010AEAAAEAE,4,0.00560000000000016
241,J83056,Quetiapine_Tab 25mg,0402010ABAAABAB,6,0.005599999999999383
242,J83058,Donepezil HCl_Tab 10mg,0411000D0AAABAB,9,-0.018900000000000104
243,J83058,Omeprazole_Cap E/C 20mg,0103050P0AAAAAA,16,0.07839999999999991
244,J83058,Paracet_Tab 500mg,0407010H0AAAMAM,54,-0.15679999999999905
245,J83058,Pregabalin_Cap 150mg,0408010AEAAAEAE,6,0.02240000000000064
246,J83058,Quetiapine_Tab 25mg,0402010ABAAABAB,2,0.011199999999999544
247,J83060,Atorvastatin_Tab 20mg,0212000B0AAABAB,9,0.0052000000000000934
248,J83060,Ferr Sulf_Tab 200mg,0901011P0AAACAC,6,0.022399999999999864
249,J83060,Losartan Pot_Tab 25mg,0205052N0AAAAAA,5,0.010500000000000058
250,J83060,Omeprazole_Cap E/C 20mg,0103050P0AAAAAA,17,0.0832999999999999
251,J83060,Paracet_Tab 500mg,0407010H0AAAMAM,312,48.81280000000006
252,J83060,Pregabalin_Cap 150mg,0408010AEAAAEAE,4,0.01120000000000032
253,J83060,Quetiapine_Tab 25mg,0402010ABAAABAB,5,-0.014000000000000401
254,J83601,Donepezil HCl_Tab 10mg,0411000D0AAABAB,25,-0.05250000000000029
255,J83601,Omeprazole_Cap E/C 20mg,0103050P0AAAAAA,22,0.10779999999999988
256,J83601,Paracet_Tab 500mg,0407010H0AAAMAM,26,0.01479999999999991
257,J83601,Pregabalin_Cap 150mg,0408010AEAAAEAE,2,0.0070000000000002005
258,J83601,Quetiapine_Tab 25mg,0402010ABAAABAB,6,-7.771561172376096e-16
259,J83603,Donepezil HCl_Tab 10mg,0411000D0AAABAB,12,-0.02520000000000014
260,J83603,Ferr Sulf_Tab 200mg,0901011P0AAACAC,4,0.011199999999999932
261,J83603,Losartan Pot_Tab 25mg,0205052N0AAAAAA,12,0.02520000000000014
262,J83603,Omeprazole_Cap E/C 20mg,0103050P0AAAAAA,36,0.1763999999999998
263,J83603,Paracet_Tab 500mg,0407010H0AAAMAM,68,-0.24559999999999851
264,J83609,Donepezil HCl_Tab 10mg,0411000D0AAABAB,4,-0.008400000000000046
265,J83609,Omeprazole_Cap E/C 20mg,0103050P0AAAAAA,213,1.71919999999999
266,J83609,Paracet_Tab 500mg,0407010H0AAAMAM,8,-0.04479999999999973
267,J83615,Donepezil HCl_Tab 10mg,0411000D0AAABAB,32,-0.06720000000000037
268,J83615,Ferr Sulf_Tab 200mg,0901011P0AAACAC,5,-0.0105000000000003
269,J83615,Losartan Pot_Tab 25mg,0205052N0AAAAAA,10,0.021000000000000116
270,J83615,Omeprazole_Cap E/C 20mg,0103050P0AAAAAA,19,0.0930999999999999
271,J83615,Paracet_Tab 500mg,0407010H0AAAMAM,68,1.1540000000000066
272,J83615,Quetiapine_Tab 25mg,0402010ABAAABAB,1,0.00840000000000024
273,J83618,Donepezil HCl_Tab 10mg,0411000D0AAABAB,8,-0.016800000000000093
274,J83618,Omeprazole_Cap E/C 20mg,0103050P0AAAAAA,16,0.07839999999999991
275,J83618,Paracet_Tab 500mg,0407010H0AAAMAM,148,2.921600000000017
276,J83619,Paracet_Tab 500mg,0407010H0AAAMAM,14,-2.6511999999999967
277,J83625,Donepezil HCl_Tab 10mg,0411000D0AAABAB,8,-0.016800000000000093
278,J83625,Ferr Sulf_Tab 200mg,0901011P0AAACAC,9,0.04059999999999951
279,J83625,Montelukast_Tab 10mg,0303020G0AAABAB,19,48.731199999999994
280,J83625,Omeprazole_Cap E/C 20mg,0103050P0AAAAAA,211,1.66699999999999
281,J83625,Paracet_Tab 500mg,0407010H0AAAMAM,126,25.95960000000003
282,J83625,Pregabalin_Cap 150mg,0408010AEAAAEAE,8,0.02240000000000064
283,J83625,Quetiapine_Tab 25mg,0402010ABAAABAB,17,0.005599999999999383
284,J83629,Omeprazole_Cap E/C 20mg,0103050P0AAAAAA,5,0.024499999999999973
285,J83629,Paracet_Tab 500mg,0407010H0AAAMAM,26,-0.14559999999999912
286,J83630,Losartan Pot_Tab 25mg,0205052N0AAAAAA,5,0.010500000000000058
287,J83630,Paracet_Tab 500mg,0407010H0AAAMAM,108,15.616800000000005
288,J83630,Quetiapine_Tab 25mg,0402010ABAAABAB,4,-0.00560000000000016
289,J83632,Aripiprazole_Tab 10mg,0402010ADAAAAAA,5,-0.010499999999999815
290,J83632,Donepezil HCl_Tab 10mg,0411000D0AAABAB,8,-0.016800000000000093
291,J83632,Ferr Sulf_Tab 200mg,0901011P0AAACAC,1,0.006299999999999743
292,J83632,Omeprazole_Cap E/C 20mg,0103050P0AAAAAA,10,0.038999999999999826
293,J83632,Paracet_Tab 500mg,0407010H0AAAMAM,28,-0.03919999999999976
294,J83632,Pregabalin_Cap 150mg,0408010AEAAAEAE,1,0.00560000000000016
295,J83636,Atorvastatin_Tab 20mg,0212000B0AAABAB,133,45.43280000000001
296,J83636,Omeprazole_Cap E/C 20mg,0103050P0AAAAAA,4,0.01959999999999998
297,J83636,Paracet_Tab 500mg,0407010H0AAAMAM,22,0.3887999999999977
298,J83636,Pregabalin_Cap 150mg,0408010AEAAAEAE,3,0.00840000000000024
299,Y00741,Ferr Sulf_Tab 200mg,0901011P0AAACAC,1,0.003999999999999976
300,Y00741,Omeprazole_Cap E/C 20mg,0103050P0AAAAAA,3,0.004299999999999873
301,Y00741,Paracet_Tab 500mg,0407010H0AAAMAM,8,0.02919999999999988
302,Y00741,Pregabalin_Cap 150mg,0408010AEAAAEAE,1,-0.002399999999999902
303,Y01166,Paracet_Tab 500mg,0407010H0AAAMAM,4,-0.0051999999999999685
304,Y01166,Quetiapine_Tab 25mg,0402010ABAAABAB,1,0.005599999999999772
305,Y02666,Pregabalin_Cap 150mg,0408010AEAAAEAE,1,-0.003500000000000031
306,Y02666,Quetiapine_Tab 25mg,0402010ABAAABAB,1,-0.0018000000000000516
