,practice_code,bnf_description,bnf_code,items,excess_cost
0,P83001,Amiodarone HCl_Tab 200mg,0203020D0AAABAB,4,1.9292000000000016
1,P83001,Clonazepam_Tab 500mcg,0408010F0AAABAB,16,5.536999999999988
2,P83001,Hydroxychlor Sulf_Tab 200mg,1001030C0AAAAAA,16,27.19920000000001
3,P83001,Tetrabenazine_Tab 25mg,0409030C0AAAAAA,1,5.997599999999992
4,P83004,Amiodarone HCl_Tab 200mg,0203020D0AAABAB,2,0.7000000000000006
5,P83004,Clonazepam_Tab 500mcg,0408010F0AAABAB,8,5.2205999999999895
6,P83004,Hydroxychlor Sulf_Tab 200mg,1001030C0AAAAAA,12,0.056000000000001604
7,P83005,Amiodarone HCl_Tab 200mg,0203020D0AAABAB,3,1.4000000000000012
8,P83005,Clonazepam_Tab 500mcg,0408010F0AAABAB,5,3.7063999999999924
9,P83005,Hydroxychlor Sulf_Tab 200mg,1001030C0AAAAAA,8,0.03640000000000104
10,P83006,Amiodarone HCl_Tab 200mg,0203020D0AAABAB,3,1.050000000000001
11,P83006,Clonazepam_Tab 500mcg,0408010F0AAABAB,3,1.966199999999996
12,P83006,Hydroxychlor Sulf_Tab 200mg,1001030C0AAAAAA,10,0.0420000000000012
13,P83006,Mesalazine_Tab E/C 400mg,0105010B0AAAAAA,1,-15.971199999999998
14,P83006,Methocarbamol_Tab 750mg,1002020S0AAABAB,1,0.4299999999999998
15,P83007,Amiodarone HCl_Tab 200mg,0203020D0AAABAB,4,1.4000000000000012
16,P83007,Clonazepam_Tab 500mcg,0408010F0AAABAB,14,9.785799999999979
17,P83007,Hydroxychlor Sulf_Tab 200mg,1001030C0AAAAAA,15,0.07560000000000217
18,P83007,Methocarbamol_Tab 750mg,1002020S0AAABAB,3,1.2039999999999995
19,P83007,Tetrabenazine_Tab 25mg,0409030C0AAAAAA,3,3.998399999999995
20,P83008,Amiodarone HCl_Tab 200mg,0203020D0AAABAB,3,1.4000000000000012
21,P83008,Clonazepam_Tab 500mcg,0408010F0AAABAB,6,3.118799999999993
22,P83008,Hydroxychlor Sulf_Tab 200mg,1001030C0AAAAAA,13,0.06440000000000184
23,P83008,Methocarbamol_Tab 750mg,1002020S0AAABAB,3,1.5823999999999994
24,P83008,Tetrabenazine_Tab 25mg,0409030C0AAAAAA,1,2.998799999999996
25,P83009,Amiodarone HCl_Tab 200mg,0203020D0AAABAB,5,1.7500000000000016
26,P83009,Clonazepam_Tab 500mcg,0408010F0AAABAB,10,6.960799999999985
27,P83009,Hydroxychlor Sulf_Tab 200mg,1001030C0AAAAAA,13,0.058800000000001684
28,P83009,Mesalazine_Tab E/C 400mg,0105010B0AAAAAA,1,-23.956799999999998
29,P83009,Pregabalin_Cap 300mg,0408010AEAAAGAG,11,59.3208
30,P83010,Amiodarone HCl_Tab 200mg,0203020D0AAABAB,5,1.834000000000002
31,P83010,Clonazepam_Tab 500mcg,0408010F0AAABAB,1,0.31639999999999935
32,P83010,Hydroxychlor Sulf_Tab 200mg,1001030C0AAAAAA,1,0.00560000000000016
33,P83010,Methocarbamol_Tab 750mg,1002020S0AAABAB,2,0.8599999999999997
34,P83011,Amiodarone HCl_Tab 200mg,0203020D0AAABAB,2,0.7000000000000006
35,P83011,Clonazepam_Tab 500mcg,0408010F0AAABAB,15,8.000399999999983
36,P83011,Hydroxychlor Sulf_Tab 200mg,1001030C0AAAAAA,17,0.0801000000000023
37,P83011,Mesalazine_Tab E/C 800mg,0105010B0AAASAS,1,11.479999999999997
38,P83011,Pregabalin_Cap 300mg,0408010AEAAAGAG,1,-0.0028000000000000247
39,P83012,Amiodarone HCl_Tab 200mg,0203020D0AAABAB,19,6.650000000000006
40,P83012,Clonazepam_Tab 500mcg,0408010F0AAABAB,38,21.379599999999954
41,P83012,Hydroxychlor Sulf_Tab 200mg,1001030C0AAAAAA,67,0.27100000000000907
42,P83012,Methocarbamol_Tab 750mg,1002020S0AAABAB,3,1.2899999999999996
43,P83012,Tetrabenazine_Tab 25mg,0409030C0AAAAAA,2,4.997999999999994
44,P83015,Amiodarone HCl_Tab 200mg,0203020D0AAABAB,4,1.7500000000000016
45,P83015,Clonazepam_Tab 500mcg,0408010F0AAABAB,6,1.7627999999999964
46,P83015,Hydroxychlor Sulf_Tab 200mg,1001030C0AAAAAA,10,0.04480000000000128
47,P83015,Phenytoin_Sod Tab 100mg,0408010Q0AAAGAG,1,6.059199999999998
48,P83017,Clonazepam_Tab 500mcg,0408010F0AAABAB,4,3.0735999999999937
49,P83017,Hydroxychlor Sulf_Tab 200mg,1001030C0AAAAAA,7,0.03920000000000112
50,P83019,Amiodarone HCl_Tab 200mg,0203020D0AAABAB,1,0.7000000000000006
51,P83019,Clonazepam_Tab 500mcg,0408010F0AAABAB,5,4.429599999999991
52,P83019,Hydroxychlor Sulf_Tab 200mg,1001030C0AAAAAA,7,0.03120000000000106
53,P83019,Mesalazine_Tab E/C 800mg,0105010B0AAASAS,1,51.65999999999999
54,P83019,Methocarbamol_Tab 750mg,1002020S0AAABAB,50,8.380400000000002
55,P83020,Amiodarone HCl_Tab 200mg,0203020D0AAABAB,2,0.7000000000000006
56,P83020,Clonazepam_Tab 500mcg,0408010F0AAABAB,4,3.796799999999992
57,P83020,Hydroxychlor Sulf_Tab 200mg,1001030C0AAAAAA,7,0.03360000000000096
58,P83020,Mesalazine_Tab E/C 800mg,0105010B0AAASAS,1,-17.219999999999995
59,P83020,Methocarbamol_Tab 750mg,1002020S0AAABAB,13,4.884399999999999
60,P83020,Tetrabenazine_Tab 25mg,0409030C0AAAAAA,3,8.996399999999987
61,P83021,Amiodarone HCl_Tab 200mg,0203020D0AAABAB,2,1.050000000000001
62,P83021,Clonazepam_Tab 500mcg,0408010F0AAABAB,15,8.112399999999985
63,P83021,Hydroxychlor Sulf_Tab 200mg,1001030C0AAAAAA,19,0.09240000000000265
64,P83021,Mesalazine_Tab E/C 400mg,0105010B0AAAAAA,4,2.6645352591003757e-15
65,P83021,Methocarbamol_Tab 750mg,1002020S0AAABAB,29,13.494799999999994
66,P83021,Pregabalin_Cap 300mg,0408010AEAAAGAG,23,-0.039200000000000346
67,P83021,Risperidone_Tab 6mg,040201030AAAFAF,1,29.2096
68,P83024,Clonazepam_Tab 500mcg,0408010F0AAABAB,3,0.949199999999998
69,P83024,Hydroxychlor Sulf_Tab 200mg,1001030C0AAAAAA,7,0.03360000000000096
70,P83024,Phenytoin_Sod Tab 100mg,0408010Q0AAAGAG,1,59.69879999999999
71,P83025,Amiodarone HCl_Tab 200mg,0203020D0AAABAB,2,0.7000000000000006
72,P83025,Clonazepam_Tab 500mcg,0408010F0AAABAB,13,8.587999999999983
73,P83025,Mesalazine_Tab E/C 400mg,0105010B0AAAAAA,1,47.913599999999995
74,P83025,Methocarbamol_Tab 750mg,1002020S0AAABAB,1,0.9631999999999996
75,P83027,Clonazepam_Tab 500mcg,0408010F0AAABAB,8,2.847599999999994
76,P83603,Amiodarone HCl_Tab 200mg,0203020D0AAABAB,8,2.8220000000000027
77,P83603,Clonazepam_Tab 500mcg,0408010F0AAABAB,24,12.85939999999997
78,P83603,Hydroxychlor Sulf_Tab 200mg,1001030C0AAAAAA,21,0.09800000000000281
79,P83603,Methocarbamol_Tab 750mg,1002020S0AAABAB,1,0.36960000000000126
80,P83603,Tetrabenazine_Tab 25mg,0409030C0AAAAAA,1,1.9991999999999974
81,P83605,Amiodarone HCl_Tab 200mg,0203020D0AAABAB,3,1.0720000000000014
82,P83605,Clonazepam_Tab 500mcg,0408010F0AAABAB,15,6.708199999999986
83,P83605,Hydroxychlor Sulf_Tab 200mg,1001030C0AAAAAA,3,0.01120000000000032
84,P83605,Methocarbamol_Tab 750mg,1002020S0AAABAB,1,0.4299999999999998
85,P83608,Clonazepam_Tab 500mcg,0408010F0AAABAB,4,2.553799999999995
86,P83608,Hydroxychlor Sulf_Tab 200mg,1001030C0AAAAAA,5,0.02240000000000064
87,P83608,Mesalazine_Tab E/C 400mg,0105010B0AAAAAA,1,23.956799999999998
88,P83608,Methocarbamol_Tab 750mg,1002020S0AAABAB,1,0.4299999999999998
89,P83609,Amiodarone HCl_Tab 200mg,0203020D0AAABAB,1,1.1250000000000009
90,P83609,Clonazepam_Tab 500mcg,0408010F0AAABAB,2,0.6327999999999987
91,P83609,Mesalazine_Tab E/C 400mg,0105010B0AAAAAA,1,11.978399999999999
92,P83611,Amiodarone HCl_Tab 200mg,0203020D0AAABAB,1,0.3500000000000003
93,P83611,Clonazepam_Tab 500mcg,0408010F0AAABAB,2,1.247999999999997
94,P83611,Hydroxychlor Sulf_Tab 200mg,1001030C0AAAAAA,1,0.00280000000000008
95,P83612,Clonazepam_Tab 500mcg,0408010F0AAABAB,9,4.176999999999992
96,P83612,Hydroxychlor Sulf_Tab 200mg,1001030C0AAAAAA,10,0.0014000000000010115
97,P83620,Amiodarone HCl_Tab 200mg,0203020D0AAABAB,3,1.4000000000000012
98,P83620,Clonazepam_Tab 500mcg,0408010F0AAABAB,1,0.31639999999999935
99,P83620,Hydroxychlor Sulf_Tab 200mg,1001030C0AAAAAA,8,0.03920000000000112
100,P83621,Amiodarone HCl_Tab 200mg,0203020D0AAABAB,1,0.3500000000000003
101,P83621,Hydroxychlor Sulf_Tab 200mg,1001030C0AAAAAA,4,0.01960000000000056
102,P83621,Pregabalin_Cap 300mg,0408010AEAAAGAG,24,-0.03780000000000033
103,P83623,Amiodarone HCl_Tab 200mg,0203020D0AAABAB,1,0.3500000000000003
104,P83623,Clonazepam_Tab 500mcg,0408010F0AAABAB,16,8.248999999999983
105,P83623,Hydroxychlor Sulf_Tab 200mg,1001030C0AAAAAA,4,0.02240000000000064
106,Y01003,Clonazepam_Tab 500mcg,0408010F0AAABAB,1,0.03689999999999993
107,Y01003,Pregabalin_Cap 300mg,0408010AEAAAGAG,2,0.000699999999999909
108,Y02755,Amiodarone HCl_Tab 200mg,0203020D0AAABAB,6,2.100000000000002
109,Y02755,Clonazepam_Tab 500mcg,0408010F0AAABAB,11,4.158399999999991
110,Y02755,Hydroxychlor Sulf_Tab 200mg,1001030C0AAAAAA,12,0.058800000000001684
111,Y02755,Methocarbamol_Tab 750mg,1002020S0AAABAB,5,2.0236
112,Y04913,Methocarbamol_Tab 750mg,1002020S0AAABAB,1,0.1260000000000001
