,practice_code,bnf_description,bnf_code,items,excess_cost
99,H81083,Chlorpromazine HCl_Tab 50mg,0402010D0AAAJAJ,1,88.12439999999998
100,Y02194,Phenobarb_Tab 15mg,0408010N0AAAIAI,1,82.404
0,H81056,Mesalazine_Tab E/C 800mg,0105010B0AAASAS,1,68.87999999999998
1,H81119,Mesalazine_Tab E/C 800mg,0105010B0AAASAS,1,68.87999999999998
133,H81048,Gabapentin_Tab 600mg,0408010G0AAAJAJ,1,64.29599999999999
142,H81023,Mesalazine_Tab E/C 400mg,0105010B0AAAAAA,1,64.16999999999999
2,H81056,Mesalazine_Tab E/C 800mg,0105010B0AAASAS,1,36.89999999999999
102,H81048,Amlodipine_Tab 5mg,0206020A0AAAAAA,26,35.5992
103,H81048,Amlodipine_Tab 5mg,0206020A0AAAAAA,73,35.565600000000025
148,H81058,Risperidone_Tab 6mg,040201030AAAFAF,2,29.2096
147,H81060,Ropinirole HCl_Tab 5mg,0409010H0AAADAD,2,15.48960000000001
146,H81089,Ropinirole HCl_Tab 5mg,0409010H0AAADAD,1,15.48960000000001
143,H81005,Mesalazine_Tab E/C 400mg,0105010B0AAAAAA,1,11.978399999999999
5,H81048,Clonazepam_Tab 500mcg,0408010F0AAABAB,4,5.06239999999999
6,H81089,Clonazepam_Tab 500mcg,0408010F0AAABAB,9,4.271399999999991
12,H81058,Clonazepam_Tab 500mcg,0408010F0AAABAB,3,3.796799999999992
11,H81089,Clonazepam_Tab 500mcg,0408010F0AAABAB,4,3.796799999999992
10,H81060,Clonazepam_Tab 500mcg,0408010F0AAABAB,4,3.796799999999992
9,H81060,Clonazepam_Tab 500mcg,0408010F0AAABAB,2,3.796799999999992
7,H81056,Clonazepam_Tab 500mcg,0408010F0AAABAB,4,3.796799999999992
8,H81060,Clonazepam_Tab 500mcg,0408010F0AAABAB,6,3.796799999999992
13,H81048,Clonazepam_Tab 500mcg,0408010F0AAABAB,2,3.1639999999999935
16,H81083,Clonazepam_Tab 500mcg,0408010F0AAABAB,4,2.847599999999994
14,H81060,Clonazepam_Tab 500mcg,0408010F0AAABAB,9,2.847599999999994
15,H81089,Clonazepam_Tab 500mcg,0408010F0AAABAB,9,2.847599999999994
17,H81023,Clonazepam_Tab 500mcg,0408010F0AAABAB,2,2.7119999999999944
18,H81119,Clonazepam_Tab 500mcg,0408010F0AAABAB,4,2.531199999999995
19,H81089,Clonazepam_Tab 500mcg,0408010F0AAABAB,1,2.531199999999995
20,H81030,Clonazepam_Tab 500mcg,0408010F0AAABAB,4,2.531199999999995
21,H81116,Clonazepam_Tab 500mcg,0408010F0AAABAB,1,2.531199999999995
23,H81056,Clonazepam_Tab 500mcg,0408010F0AAABAB,2,2.2599999999999953
22,H81030,Clonazepam_Tab 500mcg,0408010F0AAABAB,1,2.2599999999999953
149,H81048,Amiodarone HCl_Tab 200mg,0203020D0AAABAB,3,2.100000000000002
150,H81056,Amiodarone HCl_Tab 200mg,0203020D0AAABAB,3,2.100000000000002
151,H81058,Amiodarone HCl_Tab 200mg,0203020D0AAABAB,3,2.100000000000002
26,H81048,Clonazepam_Tab 500mcg,0408010F0AAABAB,1,2.033999999999996
25,H81058,Clonazepam_Tab 500mcg,0408010F0AAABAB,1,2.033999999999996
24,H81089,Clonazepam_Tab 500mcg,0408010F0AAABAB,1,2.033999999999996
27,H81048,Clonazepam_Tab 500mcg,0408010F0AAABAB,3,2.033999999999996
35,H81119,Clonazepam_Tab 500mcg,0408010F0AAABAB,6,1.898399999999996
34,H81101,Clonazepam_Tab 500mcg,0408010F0AAABAB,2,1.898399999999996
33,H81055,Clonazepam_Tab 500mcg,0408010F0AAABAB,4,1.898399999999996
31,H81119,Clonazepam_Tab 500mcg,0408010F0AAABAB,1,1.898399999999996
30,H81030,Clonazepam_Tab 500mcg,0408010F0AAABAB,1,1.898399999999996
29,H81089,Clonazepam_Tab 500mcg,0408010F0AAABAB,3,1.898399999999996
28,H81083,Clonazepam_Tab 500mcg,0408010F0AAABAB,3,1.898399999999996
32,H81037,Clonazepam_Tab 500mcg,0408010F0AAABAB,6,1.898399999999996
152,H81060,Amiodarone HCl_Tab 200mg,0203020D0AAABAB,5,1.7500000000000016
36,H81055,Clonazepam_Tab 500mcg,0408010F0AAABAB,1,1.6949999999999965
38,H81083,Clonazepam_Tab 500mcg,0408010F0AAABAB,5,1.5819999999999967
37,H81046,Clonazepam_Tab 500mcg,0408010F0AAABAB,4,1.5819999999999967
39,H81060,Clonazepam_Tab 500mcg,0408010F0AAABAB,1,1.5819999999999967
155,H81089,Amiodarone HCl_Tab 200mg,0203020D0AAABAB,2,1.4000000000000012
154,H81037,Amiodarone HCl_Tab 200mg,0203020D0AAABAB,2,1.4000000000000012
153,H81030,Amiodarone HCl_Tab 200mg,0203020D0AAABAB,4,1.4000000000000012
43,H81045,Clonazepam_Tab 500mcg,0408010F0AAABAB,2,1.3559999999999972
40,H81060,Clonazepam_Tab 500mcg,0408010F0AAABAB,1,1.3559999999999972
41,H81055,Clonazepam_Tab 500mcg,0408010F0AAABAB,2,1.3559999999999972
42,H81037,Clonazepam_Tab 500mcg,0408010F0AAABAB,1,1.3559999999999972
51,H81055,Clonazepam_Tab 500mcg,0408010F0AAABAB,2,1.2655999999999974
50,H81116,Clonazepam_Tab 500mcg,0408010F0AAABAB,1,1.2655999999999974
45,H81037,Clonazepam_Tab 500mcg,0408010F0AAABAB,1,1.2655999999999974
46,H81058,Clonazepam_Tab 500mcg,0408010F0AAABAB,4,1.2655999999999974
47,H81030,Clonazepam_Tab 500mcg,0408010F0AAABAB,1,1.2655999999999974
48,H81060,Clonazepam_Tab 500mcg,0408010F0AAABAB,1,1.2655999999999974
49,H81048,Clonazepam_Tab 500mcg,0408010F0AAABAB,2,1.2655999999999974
44,H81037,Clonazepam_Tab 500mcg,0408010F0AAABAB,2,1.2655999999999974
53,H81055,Clonazepam_Tab 500mcg,0408010F0AAABAB,1,1.1299999999999977
52,H81083,Clonazepam_Tab 500mcg,0408010F0AAABAB,1,1.1299999999999977
156,H81030,Amiodarone HCl_Tab 200mg,0203020D0AAABAB,1,1.050000000000001
54,H81048,Clonazepam_Tab 500mcg,0408010F0AAABAB,1,1.016999999999998
59,H81058,Clonazepam_Tab 500mcg,0408010F0AAABAB,1,0.949199999999998
55,H81083,Clonazepam_Tab 500mcg,0408010F0AAABAB,4,0.949199999999998
56,H81037,Clonazepam_Tab 500mcg,0408010F0AAABAB,1,0.949199999999998
57,H81058,Clonazepam_Tab 500mcg,0408010F0AAABAB,2,0.949199999999998
58,H81055,Clonazepam_Tab 500mcg,0408010F0AAABAB,3,0.949199999999998
60,H81045,Clonazepam_Tab 500mcg,0408010F0AAABAB,1,0.949199999999998
162,H81045,Amiodarone HCl_Tab 200mg,0203020D0AAABAB,1,0.7000000000000006
158,H81037,Amiodarone HCl_Tab 200mg,0203020D0AAABAB,2,0.7000000000000006
163,H81030,Amiodarone HCl_Tab 200mg,0203020D0AAABAB,1,0.7000000000000006
161,H81119,Amiodarone HCl_Tab 200mg,0203020D0AAABAB,2,0.7000000000000006
160,H81048,Amiodarone HCl_Tab 200mg,0203020D0AAABAB,2,0.7000000000000006
159,H81055,Amiodarone HCl_Tab 200mg,0203020D0AAABAB,1,0.7000000000000006
164,H81119,Amiodarone HCl_Tab 200mg,0203020D0AAABAB,1,0.7000000000000006
157,H81116,Amiodarone HCl_Tab 200mg,0203020D0AAABAB,1,0.7000000000000006
165,H81083,Amiodarone HCl_Tab 200mg,0203020D0AAABAB,1,0.7000000000000006
65,H81060,Clonazepam_Tab 500mcg,0408010F0AAABAB,1,0.6779999999999986
63,H81056,Clonazepam_Tab 500mcg,0408010F0AAABAB,2,0.6779999999999986
61,H81119,Clonazepam_Tab 500mcg,0408010F0AAABAB,1,0.6779999999999986
64,H81056,Clonazepam_Tab 500mcg,0408010F0AAABAB,1,0.6779999999999986
62,H81005,Clonazepam_Tab 500mcg,0408010F0AAABAB,1,0.6779999999999986
166,H81083,Amiodarone HCl_Tab 200mg,0203020D0AAABAB,8,0.6776
70,H81083,Clonazepam_Tab 500mcg,0408010F0AAABAB,8,0.6327999999999987
74,H81058,Clonazepam_Tab 500mcg,0408010F0AAABAB,1,0.6327999999999987
75,H81048,Clonazepam_Tab 500mcg,0408010F0AAABAB,2,0.6327999999999987
76,H81046,Clonazepam_Tab 500mcg,0408010F0AAABAB,4,0.6327999999999987
77,H81638,Clonazepam_Tab 500mcg,0408010F0AAABAB,1,0.6327999999999987
66,H81037,Clonazepam_Tab 500mcg,0408010F0AAABAB,8,0.6327999999999987
67,H81101,Clonazepam_Tab 500mcg,0408010F0AAABAB,1,0.6327999999999987
68,H81023,Clonazepam_Tab 500mcg,0408010F0AAABAB,1,0.6327999999999987
69,H81045,Clonazepam_Tab 500mcg,0408010F0AAABAB,1,0.6327999999999987
72,H81030,Clonazepam_Tab 500mcg,0408010F0AAABAB,2,0.6327999999999987
71,H81005,Clonazepam_Tab 500mcg,0408010F0AAABAB,2,0.6327999999999987
73,H81056,Clonazepam_Tab 500mcg,0408010F0AAABAB,2,0.6327999999999987
79,H81058,Clonazepam_Tab 500mcg,0408010F0AAABAB,1,0.5699999999999983
78,H81638,Clonazepam_Tab 500mcg,0408010F0AAABAB,1,0.5699999999999983
167,H81030,Amiodarone HCl_Tab 200mg,0203020D0AAABAB,6,0.5082
82,H81056,Clonazepam_Tab 500mcg,0408010F0AAABAB,1,0.474599999999999
81,H81005,Clonazepam_Tab 500mcg,0408010F0AAABAB,1,0.474599999999999
80,H81048,Clonazepam_Tab 500mcg,0408010F0AAABAB,3,0.474599999999999
83,H81638,Clonazepam_Tab 500mcg,0408010F0AAABAB,1,0.474599999999999
84,H81060,Clonazepam_Tab 500mcg,0408010F0AAABAB,1,0.3954999999999992
172,H81116,Amiodarone HCl_Tab 200mg,0203020D0AAABAB,1,0.3500000000000003
170,H81101,Amiodarone HCl_Tab 200mg,0203020D0AAABAB,1,0.3500000000000003
171,H81045,Amiodarone HCl_Tab 200mg,0203020D0AAABAB,1,0.3500000000000003
169,H81005,Amiodarone HCl_Tab 200mg,0203020D0AAABAB,1,0.3500000000000003
168,H81055,Amiodarone HCl_Tab 200mg,0203020D0AAABAB,1,0.3500000000000003
85,H81055,Clonazepam_Tab 500mcg,0408010F0AAABAB,2,0.348
87,H81119,Clonazepam_Tab 500mcg,0408010F0AAABAB,1,0.3389999999999993
86,H81045,Clonazepam_Tab 500mcg,0408010F0AAABAB,1,0.3389999999999993
173,H81045,Amiodarone HCl_Tab 200mg,0203020D0AAABAB,4,0.3388
88,H81101,Clonazepam_Tab 500mcg,0408010F0AAABAB,2,0.31639999999999935
89,H81037,Clonazepam_Tab 500mcg,0408010F0AAABAB,2,0.31639999999999935
90,H81045,Clonazepam_Tab 500mcg,0408010F0AAABAB,1,0.31639999999999935
91,H81638,Clonazepam_Tab 500mcg,0408010F0AAABAB,1,0.31639999999999935
92,H81045,Clonazepam_Tab 500mcg,0408010F0AAABAB,1,0.2372999999999995
93,Y02194,Clonazepam_Tab 500mcg,0408010F0AAABAB,1,0.22199999999999998
94,H81056,Clonazepam_Tab 500mcg,0408010F0AAABAB,1,0.15819999999999967
95,H81638,Clonazepam_Tab 500mcg,0408010F0AAABAB,1,0.15819999999999967
96,H81119,Clonazepam_Tab 500mcg,0408010F0AAABAB,1,0.15819999999999967
97,H81638,Clonazepam_Tab 500mcg,0408010F0AAABAB,1,0.11599999999999999
104,H81030,Amlodipine_Tab 5mg,0206020A0AAAAAA,17,0.09520000000000108
98,H81048,Clonazepam_Tab 500mcg,0408010F0AAABAB,1,0.07909999999999984
105,H81045,Amlodipine_Tab 5mg,0206020A0AAAAAA,5,0.028000000000000316
106,H81056,Amlodipine_Tab 5mg,0206020A0AAAAAA,5,0.028000000000000316
107,H81083,Amlodipine_Tab 5mg,0206020A0AAAAAA,4,0.024000000000000687
108,H81116,Amlodipine_Tab 5mg,0206020A0AAAAAA,4,0.022400000000000253
109,H81055,Amlodipine_Tab 5mg,0206020A0AAAAAA,4,0.01760000000000006
110,H81037,Amlodipine_Tab 5mg,0206020A0AAAAAA,3,0.01680000000000019
111,H81055,Amlodipine_Tab 5mg,0206020A0AAAAAA,2,0.011200000000000127
3,H81060,Mesalazine_Tab E/C 800mg,0105010B0AAASAS,1,0.008999999999999009
112,H81060,Amlodipine_Tab 5mg,0206020A0AAAAAA,1,0.006000000000000172
114,H81060,Amlodipine_Tab 5mg,0206020A0AAAAAA,1,0.005600000000000063
113,H81048,Amlodipine_Tab 5mg,0206020A0AAAAAA,1,0.005600000000000063
115,H81089,Amlodipine_Tab 5mg,0206020A0AAAAAA,1,0.004400000000000015
116,H81083,Amlodipine_Tab 5mg,0206020A0AAAAAA,1,0.004400000000000015
117,H81037,Amlodipine_Tab 5mg,0206020A0AAAAAA,1,0.0020000000000000573
118,H81023,Amlodipine_Tab 5mg,0206020A0AAAAAA,1,0.0010000000000000286
120,H81023,Amlodipine_Tab 5mg,0206020A0AAAAAA,1,-0.002099999999999963
119,H81060,Amlodipine_Tab 5mg,0206020A0AAAAAA,1,-0.002099999999999963
136,H81045,Gabapentin_Tab 600mg,0408010G0AAAJAJ,1,-0.00280000000000008
135,H81005,Gabapentin_Tab 600mg,0408010G0AAAJAJ,1,-0.00280000000000008
134,H81037,Gabapentin_Tab 600mg,0408010G0AAAJAJ,1,-0.00280000000000008
121,H81060,Amlodipine_Tab 5mg,0206020A0AAAAAA,1,-0.0032999999999998655
139,H81005,Gabapentin_Tab 600mg,0408010G0AAAJAJ,1,-0.00560000000000016
138,H81119,Gabapentin_Tab 600mg,0408010G0AAAJAJ,1,-0.00560000000000016
137,H81058,Gabapentin_Tab 600mg,0408010G0AAAJAJ,1,-0.00560000000000016
140,H81023,Gabapentin_Tab 600mg,0408010G0AAAJAJ,1,-0.00560000000000016
123,H81046,Amlodipine_Tab 5mg,0206020A0AAAAAA,4,-0.008399999999999852
122,H81005,Amlodipine_Tab 5mg,0206020A0AAAAAA,4,-0.008399999999999852
141,H81060,Gabapentin_Tab 600mg,0408010G0AAAJAJ,4,-0.01120000000000032
124,H81119,Amlodipine_Tab 5mg,0206020A0AAAAAA,7,-0.014699999999999741
125,H81048,Amlodipine_Tab 5mg,0206020A0AAAAAA,8,-0.016799999999999704
126,H81037,Amlodipine_Tab 5mg,0206020A0AAAAAA,13,-0.02729999999999952
127,H81638,Amlodipine_Tab 5mg,0206020A0AAAAAA,21,-0.04409999999999922
128,H81083,Amlodipine_Tab 5mg,0206020A0AAAAAA,38,-0.0797999999999986
129,H81045,Amlodipine_Tab 5mg,0206020A0AAAAAA,53,-0.11129999999999804
130,H81055,Amlodipine_Tab 5mg,0206020A0AAAAAA,82,-0.17219999999999697
131,H81030,Amlodipine_Tab 5mg,0206020A0AAAAAA,106,-0.22259999999999608
132,H81089,Amlodipine_Tab 5mg,0206020A0AAAAAA,115,-0.24149999999999575
101,H81046,Phenobarb_Tab 15mg,0408010N0AAAIAI,4,-4.110400000000001
144,H81638,Mesalazine_Tab E/C 400mg,0105010B0AAAAAA,1,-17.112
145,H81119,Mesalazine_Tab E/C 400mg,0105010B0AAAAAA,1,-17.112
4,H81060,Mesalazine_Tab E/C 800mg,0105010B0AAASAS,1,-18.441
