,practice_code,bnf_description,bnf_code,items,excess_cost
0,P84004,Amiodarone HCl_Tab 200mg,0203020D0AAABAB,3,1.050000000000001
1,P84004,Buprenorphine_Tab Subling 400mcg S/F,0410030A0AAACAC,2,1.5232
2,P84004,Clonazepam_Tab 500mcg,0408010F0AAABAB,13,6.960799999999986
3,P84004,Topiramate_Tab 200mg,040801050AAACAC,1,-13.451200000000002
4,P84005,Clonazepam_Tab 500mcg,0408010F0AAABAB,4,2.485999999999995
5,P84005,Mesalazine_Tab E/C 800mg,0105010B0AAASAS,1,34.43999999999999
6,P84009,Amiodarone HCl_Tab 200mg,0203020D0AAABAB,4,1.304100000000001
7,P84009,Clonazepam_Tab 500mcg,0408010F0AAABAB,6,3.796799999999992
8,P84009,Hydrocort_Tab 10mg,0603020J0AAADAD,1,-0.007999999999999119
9,P84010,Amiodarone HCl_Tab 200mg,0203020D0AAABAB,1,0.3500000000000003
10,P84010,Clonazepam_Tab 500mcg,0408010F0AAABAB,14,3.1639999999999935
11,P84010,Pyridox HCl_Tab 50mg,0906024N0AAAIAI,7,12.927600000000004
12,P84010,Tetrabenazine_Tab 25mg,0409030C0AAAAAA,4,0.5535999999999994
13,P84012,Amiodarone HCl_Tab 200mg,0203020D0AAABAB,5,0.6888000000000003
14,P84012,Clonazepam_Tab 500mcg,0408010F0AAABAB,10,2.2147999999999954
15,P84012,Hydrocort_Tab 10mg,0603020J0AAADAD,1,0.004499999999999504
16,P84012,Mesalazine_Tab E/C 800mg,0105010B0AAASAS,1,17.219999999999995
17,P84012,Pyridox HCl_Tab 50mg,0906024N0AAAIAI,1,0.4788000000000001
18,P84012,Topiramate_Tab 200mg,040801050AAACAC,1,9.295999999999996
19,P84014,Clonazepam_Tab 500mcg,0408010F0AAABAB,9,2.847599999999994
20,P84014,Hydrocort_Tab 10mg,0603020J0AAADAD,2,0.008999999999999009
21,P84014,Topiramate_Tab 200mg,040801050AAACAC,1,2.3183999999999996
22,P84016,Amiodarone HCl_Tab 200mg,0203020D0AAABAB,2,0.7000000000000006
23,P84016,Clonazepam_Tab 500mcg,0408010F0AAABAB,1,1.898399999999996
24,P84016,Hydrocort_Tab 10mg,0603020J0AAADAD,3,-0.008400000000000407
25,P84017,Amiodarone HCl_Tab 200mg,0203020D0AAABAB,2,1.050000000000001
26,P84017,Buprenorphine_Tab Subling 400mcg S/F,0410030A0AAACAC,4,1.9040000000000001
27,P84017,Clonazepam_Tab 500mcg,0408010F0AAABAB,8,4.429599999999991
28,P84017,Hydrocort_Tab 10mg,0603020J0AAADAD,1,-0.011199999999998766
29,P84017,Pyridox HCl_Tab 50mg,0906024N0AAAIAI,1,0.4788000000000001
30,P84018,Amiodarone HCl_Tab 200mg,0203020D0AAABAB,3,0.2541
31,P84018,Clonazepam_Tab 500mcg,0408010F0AAABAB,7,0.5536999999999989
32,P84018,Tetrabenazine_Tab 25mg,0409030C0AAAAAA,4,5.997599999999992
33,P84019,Amiodarone HCl_Tab 200mg,0203020D0AAABAB,8,1.8235000000000012
34,P84019,Clonazepam_Tab 500mcg,0408010F0AAABAB,9,4.967999999999991
35,P84019,Hydrocort_Tab 10mg,0603020J0AAADAD,1,-0.004200000000000204
36,P84019,Pyridox HCl_Tab 50mg,0906024N0AAAIAI,5,1.4364000000000003
37,P84019,Risperidone_Tab 6mg,040201030AAAFAF,1,7.308
38,P84020,Amiodarone HCl_Tab 200mg,0203020D0AAABAB,10,1.642900000000001
39,P84020,Clonazepam_Tab 500mcg,0408010F0AAABAB,16,2.505899999999995
40,P84020,Hydrocort_Tab 10mg,0603020J0AAADAD,1,-0.011199999999998766
41,P84020,Tetrabenazine_Tab 25mg,0409030C0AAAAAA,4,3.998399999999995
42,P84021,Amiodarone HCl_Tab 200mg,0203020D0AAABAB,7,1.2082000000000006
43,P84021,Clonazepam_Tab 500mcg,0408010F0AAABAB,27,17.368099999999966
44,P84021,Hydrocort_Tab 10mg,0603020J0AAADAD,1,-0.011199999999998766
45,P84021,Pyridox HCl_Tab 50mg,0906024N0AAAIAI,1,0.4788000000000001
46,P84022,Amiodarone HCl_Tab 200mg,0203020D0AAABAB,3,1.050000000000001
47,P84022,Clonazepam_Tab 500mcg,0408010F0AAABAB,1,0.6327999999999987
48,P84023,Amiodarone HCl_Tab 200mg,0203020D0AAABAB,2,1.050000000000001
49,P84023,Clonazepam_Tab 500mcg,0408010F0AAABAB,12,9.412899999999981
50,P84024,Amiodarone HCl_Tab 200mg,0203020D0AAABAB,14,1.4511000000000003
51,P84024,Clonazepam_Tab 500mcg,0408010F0AAABAB,12,1.7939999999999967
52,P84024,Pyridox HCl_Tab 50mg,0906024N0AAAIAI,4,0.9576000000000002
53,P84024,Risperidone_Tab 6mg,040201030AAAFAF,1,29.2096
54,P84025,Amiodarone HCl_Tab 200mg,0203020D0AAABAB,4,1.4000000000000012
55,P84025,Clonazepam_Tab 500mcg,0408010F0AAABAB,17,5.819499999999988
56,P84025,Hydrocort_Tab 10mg,0603020J0AAADAD,1,-0.011199999999998766
57,P84026,Clonazepam_Tab 500mcg,0408010F0AAABAB,3,0.949199999999998
58,P84026,Hydrocort_Tab 10mg,0603020J0AAADAD,2,-0.022399999999997533
59,P84027,Amiodarone HCl_Tab 200mg,0203020D0AAABAB,1,0.3500000000000003
60,P84027,Clonazepam_Tab 500mcg,0408010F0AAABAB,4,2.2147999999999954
61,P84027,Pyridox HCl_Tab 50mg,0906024N0AAAIAI,1,0.4788000000000001
62,P84028,Amiodarone HCl_Tab 200mg,0203020D0AAABAB,4,1.4000000000000012
63,P84028,Clonazepam_Tab 500mcg,0408010F0AAABAB,11,4.84039999999999
64,P84028,Mesalazine_Tab E/C 800mg,0105010B0AAASAS,3,51.65999999999998
65,P84029,Amiodarone HCl_Tab 200mg,0203020D0AAABAB,7,1.388800000000001
66,P84029,Clonazepam_Tab 500mcg,0408010F0AAABAB,3,3.3221999999999934
67,P84029,Hydrocort_Tab 10mg,0603020J0AAADAD,8,200.79359999999997
68,P84029,Pyridox HCl_Tab 50mg,0906024N0AAAIAI,6,2.8728000000000007
69,P84029,Tetrabenazine_Tab 25mg,0409030C0AAAAAA,1,0.49979999999999936
70,P84030,Amiodarone HCl_Tab 200mg,0203020D0AAABAB,3,1.050000000000001
71,P84030,Clonazepam_Tab 500mcg,0408010F0AAABAB,4,2.372999999999995
72,P84030,Hydrocort_Tab 10mg,0603020J0AAADAD,1,-0.011199999999998766
73,P84030,Topiramate_Tab 200mg,040801050AAACAC,1,2.3183999999999996
74,P84032,Clonazepam_Tab 500mcg,0408010F0AAABAB,8,3.502999999999993
75,P84032,Pyridox HCl_Tab 50mg,0906024N0AAAIAI,1,0.4788000000000001
76,P84033,Amiodarone HCl_Tab 200mg,0203020D0AAABAB,3,1.050000000000001
77,P84033,Clonazepam_Tab 500mcg,0408010F0AAABAB,7,3.1639999999999935
78,P84034,Amiodarone HCl_Tab 200mg,0203020D0AAABAB,1,0.7000000000000006
79,P84034,Buprenorphine_Tab Subling 400mcg S/F,0410030A0AAACAC,4,3.0464
80,P84034,Clonazepam_Tab 500mcg,0408010F0AAABAB,4,2.937999999999994
81,P84034,Hydrocort_Tab 10mg,0603020J0AAADAD,1,0.004499999999999504
82,P84034,Tetrabenazine_Tab 25mg,0409030C0AAAAAA,1,1.499399999999998
83,P84035,Amiodarone HCl_Tab 200mg,0203020D0AAABAB,2,1.4000000000000012
84,P84035,Clonazepam_Tab 500mcg,0408010F0AAABAB,17,5.2913999999999906
85,P84035,Mesalazine_Tab E/C 800mg,0105010B0AAASAS,1,34.43999999999999
86,P84035,Pyridox HCl_Tab 50mg,0906024N0AAAIAI,1,0.4788000000000001
87,P84037,Amiodarone HCl_Tab 200mg,0203020D0AAABAB,1,0.3500000000000003
88,P84037,Buprenorphine_Tab Subling 400mcg S/F,0410030A0AAACAC,10,5.8039999999999985
89,P84037,Clonazepam_Tab 500mcg,0408010F0AAABAB,9,3.7021999999999924
90,P84037,Hydrocort_Tab 10mg,0603020J0AAADAD,1,0.004499999999999504
91,P84038,Amiodarone HCl_Tab 200mg,0203020D0AAABAB,1,0.3500000000000003
92,P84038,Clonazepam_Tab 500mcg,0408010F0AAABAB,2,0.7695999999999983
93,P84039,Amiodarone HCl_Tab 200mg,0203020D0AAABAB,2,0.7840000000000011
94,P84039,Clonazepam_Tab 500mcg,0408010F0AAABAB,4,4.158399999999991
95,P84039,Hydrocort_Tab 10mg,0603020J0AAADAD,1,-0.011199999999998766
96,P84039,Topiramate_Tab 200mg,040801050AAACAC,1,1.1647999999999992
97,P84040,Amiodarone HCl_Tab 200mg,0203020D0AAABAB,9,2.788800000000002
98,P84040,Clonazepam_Tab 500mcg,0408010F0AAABAB,11,2.847599999999994
99,P84040,Pyridox HCl_Tab 50mg,0906024N0AAAIAI,1,1.0260000000000002
100,P84040,Topiramate_Tab 200mg,040801050AAACAC,1,3.4859999999999984
101,P84041,Amiodarone HCl_Tab 200mg,0203020D0AAABAB,2,1.050000000000001
102,P84041,Clonazepam_Tab 500mcg,0408010F0AAABAB,2,0.6327999999999987
103,P84041,Hydrocort_Tab 10mg,0603020J0AAADAD,1,-0.011199999999998766
104,P84041,Pyridox HCl_Tab 50mg,0906024N0AAAIAI,2,1.9152000000000005
105,P84042,Amiodarone HCl_Tab 200mg,0203020D0AAABAB,2,0.7000000000000006
106,P84042,Clonazepam_Tab 500mcg,0408010F0AAABAB,2,0.949199999999998
107,P84042,Pyridox HCl_Tab 50mg,0906024N0AAAIAI,1,0.4788000000000001
108,P84042,Topiramate_Tab 200mg,040801050AAACAC,1,4.647999999999998
109,P84043,Amiodarone HCl_Tab 200mg,0203020D0AAABAB,2,0.7000000000000006
110,P84043,Clonazepam_Tab 500mcg,0408010F0AAABAB,12,2.531199999999995
111,P84045,Amiodarone HCl_Tab 200mg,0203020D0AAABAB,3,1.050000000000001
112,P84045,Clonazepam_Tab 500mcg,0408010F0AAABAB,15,5.378799999999989
113,P84045,Topiramate_Tab 200mg,040801050AAACAC,1,1.2449999999999994
114,P84046,Amiodarone HCl_Tab 200mg,0203020D0AAABAB,1,0.3500000000000003
115,P84046,Buprenorphine_Tab Subling 400mcg S/F,0410030A0AAACAC,1,3.0464
116,P84046,Clonazepam_Tab 500mcg,0408010F0AAABAB,4,4.113199999999992
117,P84046,Pyridox HCl_Tab 50mg,0906024N0AAAIAI,1,0.4788000000000001
118,P84046,Risperidone_Tab 6mg,040201030AAAFAF,2,58.4192
119,P84046,Tetrabenazine_Tab 25mg,0409030C0AAAAAA,1,1.9991999999999974
120,P84047,Clonazepam_Tab 500mcg,0408010F0AAABAB,14,8.135999999999983
121,P84047,Hydrocort_Tab 10mg,0603020J0AAADAD,1,-0.011199999999998766
122,P84047,Pyridox HCl_Tab 50mg,0906024N0AAAIAI,3,1.4364000000000003
123,P84047,Topiramate_Tab 200mg,040801050AAACAC,1,2.3183999999999996
124,P84048,Amiodarone HCl_Tab 200mg,0203020D0AAABAB,2,0.7000000000000006
125,P84048,Clonazepam_Tab 500mcg,0408010F0AAABAB,7,1.5819999999999967
126,P84048,Pyridox HCl_Tab 50mg,0906024N0AAAIAI,2,0.9576000000000002
127,P84049,Amiodarone HCl_Tab 200mg,0203020D0AAABAB,5,1.7500000000000016
128,P84049,Buprenorphine_Tab Subling 400mcg S/F,0410030A0AAACAC,3,0.9821999999999997
129,P84049,Clonazepam_Tab 500mcg,0408010F0AAABAB,21,12.218299999999974
130,P84049,Hydrocort_Tab 10mg,0603020J0AAADAD,2,0.008999999999999009
131,P84049,Pyridox HCl_Tab 50mg,0906024N0AAAIAI,2,1.4364000000000003
132,P84049,Tetrabenazine_Tab 25mg,0409030C0AAAAAA,2,1.9991999999999974
133,P84049,Topiramate_Tab 200mg,040801050AAACAC,1,1.1647999999999992
134,P84050,Amiodarone HCl_Tab 200mg,0203020D0AAABAB,6,2.100000000000002
135,P84050,Clonazepam_Tab 500mcg,0408010F0AAABAB,7,1.8192999999999961
136,P84050,Topiramate_Tab 200mg,040801050AAACAC,1,9.295999999999996
137,P84051,Amiodarone HCl_Tab 200mg,0203020D0AAABAB,3,1.050000000000001
138,P84051,Topiramate_Tab 200mg,040801050AAACAC,1,2.3183999999999996
139,P84052,Amiodarone HCl_Tab 200mg,0203020D0AAABAB,1,0.3500000000000003
140,P84052,Clonazepam_Tab 500mcg,0408010F0AAABAB,6,3.796799999999992
141,P84052,Pyridox HCl_Tab 50mg,0906024N0AAAIAI,1,0.9576000000000002
142,P84053,Amiodarone HCl_Tab 200mg,0203020D0AAABAB,5,1.0388000000000006
143,P84053,Buprenorphine_Tab Subling 400mcg S/F,0410030A0AAACAC,3,2.947999999999999
144,P84053,Clonazepam_Tab 500mcg,0408010F0AAABAB,4,3.3221999999999934
145,P84053,Tetrabenazine_Tab 25mg,0409030C0AAAAAA,1,1.9991999999999974
146,P84054,Amiodarone HCl_Tab 200mg,0203020D0AAABAB,5,0.6888000000000003
147,P84054,Clonazepam_Tab 500mcg,0408010F0AAABAB,11,3.132999999999994
148,P84054,Hydrocort_Tab 10mg,0603020J0AAADAD,1,-0.011199999999998766
149,P84055,Clonazepam_Tab 500mcg,0408010F0AAABAB,3,1.2655999999999974
150,P84056,Amiodarone HCl_Tab 200mg,0203020D0AAABAB,4,1.4000000000000012
151,P84056,Clonazepam_Tab 500mcg,0408010F0AAABAB,6,4.4521999999999915
152,P84059,Amiodarone HCl_Tab 200mg,0203020D0AAABAB,1,0.7000000000000006
153,P84059,Buprenorphine_Tab Subling 400mcg S/F,0410030A0AAACAC,1,0.7616
154,P84059,Clonazepam_Tab 500mcg,0408010F0AAABAB,3,0.474599999999999
155,P84059,Pyridox HCl_Tab 50mg,0906024N0AAAIAI,3,1.4364000000000003
156,P84059,Topiramate_Tab 200mg,040801050AAACAC,1,2.3183999999999996
157,P84061,Amiodarone HCl_Tab 200mg,0203020D0AAABAB,5,0.6888000000000003
158,P84061,Buprenorphine_Tab Subling 400mcg S/F,0410030A0AAACAC,4,3.0464
159,P84061,Clonazepam_Tab 500mcg,0408010F0AAABAB,10,1.423799999999997
160,P84062,Clonazepam_Tab 500mcg,0408010F0AAABAB,8,1.977499999999996
161,P84064,Amiodarone HCl_Tab 200mg,0203020D0AAABAB,1,0.3500000000000003
162,P84064,Clonazepam_Tab 500mcg,0408010F0AAABAB,6,1.5819999999999967
163,P84064,Tetrabenazine_Tab 25mg,0409030C0AAAAAA,2,3.998399999999995
164,P84065,Clonazepam_Tab 500mcg,0408010F0AAABAB,3,1.898399999999996
165,P84066,Amiodarone HCl_Tab 200mg,0203020D0AAABAB,2,1.050000000000001
166,P84066,Clonazepam_Tab 500mcg,0408010F0AAABAB,3,1.7187999999999963
167,P84066,Hydrocort_Tab 10mg,0603020J0AAADAD,2,0.008999999999999009
168,P84066,Pyridox HCl_Tab 50mg,0906024N0AAAIAI,2,2.3940000000000006
169,P84066,Tetrabenazine_Tab 25mg,0409030C0AAAAAA,1,5.997599999999992
170,P84067,Buprenorphine_Tab Subling 400mcg S/F,0410030A0AAACAC,5,6.6332
171,P84067,Clonazepam_Tab 500mcg,0408010F0AAABAB,10,4.926799999999989
172,P84068,Amiodarone HCl_Tab 200mg,0203020D0AAABAB,6,2.100000000000002
173,P84068,Buprenorphine_Tab Subling 400mcg S/F,0410030A0AAACAC,1,3.0464
174,P84068,Clonazepam_Tab 500mcg,0408010F0AAABAB,6,2.056599999999996
175,P84068,Hydrocort_Tab 10mg,0603020J0AAADAD,1,-0.011199999999998766
176,P84068,Mesalazine_Tab E/C 800mg,0105010B0AAASAS,1,36.89999999999999
177,P84070,Amiodarone HCl_Tab 200mg,0203020D0AAABAB,2,0.7000000000000006
178,P84070,Clonazepam_Tab 500mcg,0408010F0AAABAB,7,3.6385999999999927
179,P84070,Hydrocort_Tab 10mg,0603020J0AAADAD,1,-0.011199999999998766
180,P84070,Tetrabenazine_Tab 25mg,0409030C0AAAAAA,1,3.998399999999995
181,P84071,Amiodarone HCl_Tab 200mg,0203020D0AAABAB,4,1.4000000000000012
182,P84071,Clonazepam_Tab 500mcg,0408010F0AAABAB,10,4.113199999999992
183,P84071,Hydrocort_Tab 10mg,0603020J0AAADAD,2,-0.009499999999998954
184,P84072,Amiodarone HCl_Tab 200mg,0203020D0AAABAB,2,1.050000000000001
185,P84072,Clonazepam_Tab 500mcg,0408010F0AAABAB,6,1.2655999999999974
186,P84072,Hydrocort_Tab 10mg,0603020J0AAADAD,1,-0.011199999999998766
187,P84072,Tetrabenazine_Tab 25mg,0409030C0AAAAAA,1,2.998799999999996
188,P84072,Topiramate_Tab 200mg,040801050AAACAC,2,4.636799999999999
189,P84074,Amiodarone HCl_Tab 200mg,0203020D0AAABAB,3,2.450000000000002
190,P84074,Clonazepam_Tab 500mcg,0408010F0AAABAB,7,6.305399999999986
191,P84074,Pyridox HCl_Tab 50mg,0906024N0AAAIAI,1,0.06560000000000032
192,P84605,Clonazepam_Tab 500mcg,0408010F0AAABAB,1,0.949199999999998
193,P84605,Tetrabenazine_Tab 25mg,0409030C0AAAAAA,1,1.499399999999998
194,P84611,Amiodarone HCl_Tab 200mg,0203020D0AAABAB,3,1.050000000000001
195,P84611,Clonazepam_Tab 500mcg,0408010F0AAABAB,1,0.31639999999999935
196,P84611,Pyridox HCl_Tab 50mg,0906024N0AAAIAI,1,0.4788000000000001
197,P84616,Clonazepam_Tab 500mcg,0408010F0AAABAB,1,0.31639999999999935
198,P84616,Mesalazine_Tab E/C 800mg,0105010B0AAASAS,1,17.219999999999995
199,P84626,Amiodarone HCl_Tab 200mg,0203020D0AAABAB,5,0.6888000000000003
200,P84626,Pyridox HCl_Tab 50mg,0906024N0AAAIAI,1,3.420000000000001
201,P84630,Amiodarone HCl_Tab 200mg,0203020D0AAABAB,5,2.100000000000002
202,P84630,Buprenorphine_Tab Subling 400mcg S/F,0410030A0AAACAC,5,4.1888000000000005
203,P84630,Clonazepam_Tab 500mcg,0408010F0AAABAB,8,5.695199999999988
204,P84631,Amiodarone HCl_Tab 200mg,0203020D0AAABAB,1,0.3500000000000003
205,P84631,Clonazepam_Tab 500mcg,0408010F0AAABAB,1,1.2655999999999974
206,P84635,Clonazepam_Tab 500mcg,0408010F0AAABAB,1,0.6327999999999987
207,P84635,Pyridox HCl_Tab 50mg,0906024N0AAAIAI,1,0.9576000000000002
208,P84637,Clonazepam_Tab 500mcg,0408010F0AAABAB,3,2.847599999999994
209,P84637,Pyridox HCl_Tab 50mg,0906024N0AAAIAI,1,1.4364000000000003
210,P84639,Amiodarone HCl_Tab 200mg,0203020D0AAABAB,7,0.8582000000000003
211,P84639,Clonazepam_Tab 500mcg,0408010F0AAABAB,3,3.480399999999993
212,P84639,Pyridox HCl_Tab 50mg,0906024N0AAAIAI,2,2.8728000000000007
213,P84640,Amiodarone HCl_Tab 200mg,0203020D0AAABAB,1,0.3500000000000003
214,P84640,Clonazepam_Tab 500mcg,0408010F0AAABAB,5,0.949199999999998
215,P84644,Hydrocort_Tab 10mg,0603020J0AAADAD,1,-0.011199999999998766
216,P84645,Amiodarone HCl_Tab 200mg,0203020D0AAABAB,3,0.5194000000000003
217,P84645,Clonazepam_Tab 500mcg,0408010F0AAABAB,5,4.429599999999991
218,P84645,Hydrocort_Tab 10mg,0603020J0AAADAD,1,-0.011199999999998766
219,P84645,Pyridox HCl_Tab 50mg,0906024N0AAAIAI,1,0.9576000000000002
220,P84645,Tetrabenazine_Tab 25mg,0409030C0AAAAAA,4,0.9995999999999987
221,P84650,Clonazepam_Tab 500mcg,0408010F0AAABAB,2,0.6327999999999987
222,P84650,Pyridox HCl_Tab 50mg,0906024N0AAAIAI,3,2.8728000000000007
223,P84650,Topiramate_Tab 200mg,040801050AAACAC,1,2.489999999999999
224,P84651,Amiodarone HCl_Tab 200mg,0203020D0AAABAB,1,0.3500000000000003
225,P84651,Clonazepam_Tab 500mcg,0408010F0AAABAB,3,1.7627999999999964
226,P84651,Hydrocort_Tab 10mg,0603020J0AAADAD,1,-0.0028000000000001357
227,P84652,Amiodarone HCl_Tab 200mg,0203020D0AAABAB,1,0.3500000000000003
228,P84652,Clonazepam_Tab 500mcg,0408010F0AAABAB,1,0.6327999999999987
229,P84652,Hydrocort_Tab 10mg,0603020J0AAADAD,2,-0.022399999999997533
230,P84652,Pyridox HCl_Tab 50mg,0906024N0AAAIAI,3,0.7182000000000002
231,P84663,Clonazepam_Tab 500mcg,0408010F0AAABAB,4,1.898399999999996
232,P84663,Hydrocort_Tab 10mg,0603020J0AAADAD,1,-0.011199999999998766
233,P84663,Pyridox HCl_Tab 50mg,0906024N0AAAIAI,3,1.9152000000000005
234,P84665,Amiodarone HCl_Tab 200mg,0203020D0AAABAB,1,0.7000000000000006
235,P84665,Clonazepam_Tab 500mcg,0408010F0AAABAB,5,0.994399999999998
236,P84665,Mesalazine_Tab E/C 800mg,0105010B0AAASAS,1,17.219999999999995
237,P84665,Pyridox HCl_Tab 50mg,0906024N0AAAIAI,1,0.4788000000000001
238,P84669,Amiodarone HCl_Tab 200mg,0203020D0AAABAB,2,0.7000000000000006
239,P84669,Buprenorphine_Tab Subling 400mcg S/F,0410030A0AAACAC,1,1.5232
240,P84669,Clonazepam_Tab 500mcg,0408010F0AAABAB,4,1.898399999999996
241,P84669,Gemfibrozil_Tab 600mg,0212000Q0AAABAB,2,15.142399999999999
242,P84669,Hydrocort_Tab 10mg,0603020J0AAADAD,2,-0.004999999999999449
243,P84669,Pyridox HCl_Tab 50mg,0906024N0AAAIAI,1,0.9576000000000002
244,P84669,Topiramate_Tab 200mg,040801050AAACAC,1,2.3183999999999996
245,P84672,Amiodarone HCl_Tab 200mg,0203020D0AAABAB,2,0.7000000000000006
246,P84672,Clonazepam_Tab 500mcg,0408010F0AAABAB,9,3.1639999999999935
247,P84673,Amiodarone HCl_Tab 200mg,0203020D0AAABAB,4,1.7500000000000016
248,P84673,Buprenorphine_Tab Subling 400mcg S/F,0410030A0AAACAC,9,16.3744
249,P84673,Clonazepam_Tab 500mcg,0408010F0AAABAB,4,1.5819999999999967
250,P84673,Hydrocort_Tab 10mg,0603020J0AAADAD,1,-0.011199999999998766
251,P84673,Pyridox HCl_Tab 50mg,0906024N0AAAIAI,1,1.4364000000000003
252,P84678,Amiodarone HCl_Tab 200mg,0203020D0AAABAB,2,0.7000000000000006
253,P84678,Clonazepam_Tab 500mcg,0408010F0AAABAB,11,15.910399999999967
254,P84678,Hydrocort_Tab 10mg,0603020J0AAADAD,2,-0.02379999999999738
255,P84678,Pyridox HCl_Tab 50mg,0906024N0AAAIAI,9,8.413200000000003
256,P84678,Tetrabenazine_Tab 25mg,0409030C0AAAAAA,1,0.9995999999999987
257,P84682,Amiodarone HCl_Tab 200mg,0203020D0AAABAB,1,0.3500000000000003
258,P84682,Clonazepam_Tab 500mcg,0408010F0AAABAB,2,1.5819999999999967
259,P84683,Clonazepam_Tab 500mcg,0408010F0AAABAB,1,0.6327999999999987
260,P84683,Gemfibrozil_Tab 600mg,0212000Q0AAABAB,1,7.571199999999999
261,P84683,Tetrabenazine_Tab 25mg,0409030C0AAAAAA,1,3.998399999999995
262,P84684,Amiodarone HCl_Tab 200mg,0203020D0AAABAB,5,0.6888000000000003
263,P84684,Gemfibrozil_Tab 600mg,0212000Q0AAABAB,1,22.7136
264,P84684,Hydrocort_Tab 10mg,0603020J0AAADAD,5,-0.008999999999999009
265,P84689,Amiodarone HCl_Tab 200mg,0203020D0AAABAB,1,0.3500000000000003
266,P84689,Clonazepam_Tab 500mcg,0408010F0AAABAB,1,0.15819999999999967
267,P84690,Amiodarone HCl_Tab 200mg,0203020D0AAABAB,1,0.7000000000000006
268,P84690,Clonazepam_Tab 500mcg,0408010F0AAABAB,14,6.327999999999987
269,P84690,Risperidone_Tab 6mg,040201030AAAFAF,1,29.2096
270,Y01695,Amiodarone HCl_Tab 200mg,0203020D0AAABAB,3,1.4000000000000012
271,Y01695,Hydrocort_Tab 10mg,0603020J0AAADAD,4,-0.007199999999999207
272,Y02211,Clonazepam_Tab 500mcg,0408010F0AAABAB,1,0.31639999999999935
273,Y02325,Amiodarone HCl_Tab 200mg,0203020D0AAABAB,3,1.050000000000001
274,Y02325,Clonazepam_Tab 500mcg,0408010F0AAABAB,1,0.6327999999999987
275,Y02325,Topiramate_Tab 200mg,040801050AAACAC,1,2.489999999999999
276,Y02330,Amiodarone HCl_Tab 200mg,0203020D0AAABAB,1,0.3500000000000003
277,Y02330,Clonazepam_Tab 500mcg,0408010F0AAABAB,1,0.31639999999999935
278,Y02520,Clonazepam_Tab 500mcg,0408010F0AAABAB,5,2.847599999999994
279,Y02849,Amiodarone HCl_Tab 200mg,0203020D0AAABAB,1,0.17920000000000008
280,Y02890,Clonazepam_Tab 500mcg,0408010F0AAABAB,1,0.474599999999999
281,Y02890,Pyridox HCl_Tab 50mg,0906024N0AAAIAI,1,0.4788000000000001
282,Y02890,Risperidone_Tab 6mg,040201030AAAFAF,1,29.2096
283,Y03328,Buprenorphine_Tab Subling 400mcg S/F,0410030A0AAACAC,8,1.6439999999999988
284,Y04087,Clonazepam_Tab 500mcg,0408010F0AAABAB,1,0.15819999999999967
