,practice_code,bnf_description,bnf_code,items,excess_cost
0,G82002,Amiodarone HCl_Tab 200mg,0203020D0AAABAB,4,1.772000000000002
1,G82002,Clonazepam_Tab 500mcg,0408010F0AAABAB,6,4.79119999999999
2,G82002,Pyridox HCl_Tab 50mg,0906024N0AAAIAI,1,0.4788000000000001
3,G82002,Topiramate_Cap 50mg,040801050AAAWAW,2,2.482399999999997
4,G82002,Zopiclone_Tab 7.5mg,0401010Z0AAAAAA,13,0.04739999999999971
5,G82007,Amiodarone HCl_Tab 200mg,0203020D0AAABAB,4,1.7500000000000016
6,G82007,Aripiprazole_Tab 5mg,0402010ADAAADAD,1,0.004199999999999926
7,G82007,Clonazepam_Tab 500mcg,0408010F0AAABAB,20,9.921399999999979
8,G82007,Losartan Pot_Tab 25mg,0205052N0AAAAAA,1,-0.003999999999999976
9,G82007,Pyridox HCl_Tab 50mg,0906024N0AAAIAI,2,4.788000000000001
10,G82007,Topiramate_Cap 50mg,040801050AAAWAW,1,3.5951999999999957
11,G82007,Zopiclone_Tab 7.5mg,0401010Z0AAAAAA,22,0.07799999999999957
12,G82015,Amiodarone HCl_Tab 200mg,0203020D0AAABAB,6,2.8000000000000025
13,G82015,Clonazepam_Tab 500mcg,0408010F0AAABAB,23,16.322199999999967
14,G82015,Zopiclone_Tab 7.5mg,0401010Z0AAAAAA,19,0.050399999999999695
15,G82018,Amiodarone HCl_Tab 200mg,0203020D0AAABAB,8,3.234700000000003
16,G82018,Clonazepam_Tab 500mcg,0408010F0AAABAB,8,5.2205999999999895
17,G82018,Modafinil_Tab 200mg,0404000R0AAACAC,1,-0.005599999999999383
18,G82018,Pyridox HCl_Tab 50mg,0906024N0AAAIAI,1,0.4788000000000001
19,G82018,Zopiclone_Tab 7.5mg,0401010Z0AAAAAA,12,0.034699999999999794
20,G82036,Amiodarone HCl_Tab 200mg,0203020D0AAABAB,4,2.8000000000000025
21,G82036,Aripiprazole_Tab 5mg,0402010ADAAADAD,5,636.9216
22,G82036,Clonazepam_Tab 500mcg,0408010F0AAABAB,21,21.289199999999955
23,G82036,Pyridox HCl_Tab 50mg,0906024N0AAAIAI,2,3.351600000000001
24,G82036,Ropinirole HCl_Tab 5mg,0409010H0AAADAD,1,15.48960000000001
25,G82036,Topiramate_Cap 50mg,040801050AAAWAW,1,1.2839999999999985
26,G82036,Topiramate_Tab 200mg,040801050AAACAC,4,2.307200000000001
27,G82036,Zopiclone_Tab 7.5mg,0401010Z0AAAAAA,16,0.008699999999999906
28,G82038,Amiodarone HCl_Tab 200mg,0203020D0AAABAB,2,1.050000000000001
29,G82038,Clonazepam_Tab 500mcg,0408010F0AAABAB,14,11.525999999999973
30,G82038,Ropinirole HCl_Tab 5mg,0409010H0AAADAD,1,10.326400000000007
31,G82038,Topiramate_Tab 200mg,040801050AAACAC,2,4.808399999999999
32,G82038,Zopiclone_Tab 7.5mg,0401010Z0AAAAAA,46,0.02899999999999961
33,G82069,Amiodarone HCl_Tab 200mg,0203020D0AAABAB,18,5.131700000000004
34,G82069,Clonazepam_Tab 500mcg,0408010F0AAABAB,4,3.480399999999993
35,G82069,Pyridox HCl_Tab 50mg,0906024N0AAAIAI,4,7.250400000000002
36,G82069,Ropinirole HCl_Tab 5mg,0409010H0AAADAD,4,7.761600000000003
37,G82069,Topiramate_Cap 50mg,040801050AAAWAW,1,2.396799999999997
38,G82069,Zopiclone_Tab 7.5mg,0401010Z0AAAAAA,14,0.01969999999999984
39,G82072,Amiodarone HCl_Tab 200mg,0203020D0AAABAB,2,0.7000000000000006
40,G82072,Clonazepam_Tab 500mcg,0408010F0AAABAB,3,2.6893999999999947
41,G82072,Pyridox HCl_Tab 50mg,0906024N0AAAIAI,2,4.309200000000001
42,G82072,Topiramate_Cap 50mg,040801050AAAWAW,2,1.880399999999998
43,G82072,Topiramate_Tab 200mg,040801050AAACAC,2,7.298399999999997
44,G82072,Zopiclone_Tab 7.5mg,0401010Z0AAAAAA,2,0.009000000000000029
45,G82086,Amiodarone HCl_Tab 200mg,0203020D0AAABAB,6,3.150000000000003
46,G82086,Clonazepam_Tab 500mcg,0408010F0AAABAB,17,10.628599999999981
47,G82086,Pyridox HCl_Tab 50mg,0906024N0AAAIAI,1,0.4788000000000001
48,G82086,Topiramate_Cap 50mg,040801050AAAWAW,2,3.8519999999999954
49,G82086,Zopiclone_Tab 7.5mg,0401010Z0AAAAAA,57,61.6689
50,G82091,Amiodarone HCl_Tab 200mg,0203020D0AAABAB,3,1.229200000000001
51,G82091,Clonazepam_Tab 500mcg,0408010F0AAABAB,16,12.294399999999975
52,G82091,Topiramate_Cap 50mg,040801050AAAWAW,2,3.8519999999999954
53,G82091,Topiramate_Tab 200mg,040801050AAACAC,3,0.8652000000000003
54,G82091,Zopiclone_Tab 7.5mg,0401010Z0AAAAAA,22,0.050399999999999695
55,G82111,Clonazepam_Tab 500mcg,0408010F0AAABAB,15,10.938399999999978
56,G82111,Pyridox HCl_Tab 50mg,0906024N0AAAIAI,2,3.351600000000001
57,G82111,Topiramate_Tab 200mg,040801050AAACAC,1,2.3183999999999996
58,G82111,Zopiclone_Tab 7.5mg,0401010Z0AAAAAA,10,0.03239999999999986
59,G82117,Amiodarone HCl_Tab 200mg,0203020D0AAABAB,8,2.0888000000000018
60,G82117,Clonazepam_Tab 500mcg,0408010F0AAABAB,19,9.998199999999978
61,G82117,Losartan Pot_Tab 25mg,0205052N0AAAAAA,7,0.014700000000000081
62,G82117,Topiramate_Cap 50mg,040801050AAAWAW,1,1.2839999999999985
63,G82117,Zopiclone_Tab 7.5mg,0401010Z0AAAAAA,22,0.05779999999999966
64,G82121,Amiodarone HCl_Tab 200mg,0203020D0AAABAB,7,2.7040000000000024
65,G82121,Aripiprazole_Tab 5mg,0402010ADAAADAD,3,0.012599999999999778
66,G82121,Clonazepam_Tab 500mcg,0408010F0AAABAB,22,10.621999999999977
67,G82121,Pyridox HCl_Tab 50mg,0906024N0AAAIAI,3,3.830400000000001
68,G82121,Topiramate_Cap 50mg,040801050AAAWAW,3,6.077599999999992
69,G82121,Topiramate_Tab 200mg,040801050AAACAC,1,2.3183999999999996
70,G82121,Zopiclone_Tab 7.5mg,0401010Z0AAAAAA,29,0.08629999999999952
71,G82128,Amiodarone HCl_Tab 200mg,0203020D0AAABAB,3,1.4000000000000012
72,G82128,Clonazepam_Tab 500mcg,0408010F0AAABAB,12,10.305599999999977
73,G82128,Ropinirole HCl_Tab 5mg,0409010H0AAADAD,1,7.744800000000005
74,G82128,Zopiclone_Tab 7.5mg,0401010Z0AAAAAA,17,0.05019999999999967
75,G82147,Amiodarone HCl_Tab 200mg,0203020D0AAABAB,3,1.7500000000000016
76,G82147,Clonazepam_Tab 500mcg,0408010F0AAABAB,7,4.474799999999991
77,G82147,Topiramate_Cap 50mg,040801050AAAWAW,1,1.9259999999999977
78,G82147,Zopiclone_Tab 7.5mg,0401010Z0AAAAAA,4,0.0167999999999999
79,G82160,Amiodarone HCl_Tab 200mg,0203020D0AAABAB,7,3.850000000000003
80,G82160,Aripiprazole_Tab 5mg,0402010ADAAADAD,4,-0.01120000000000032
81,G82160,Clonazepam_Tab 500mcg,0408010F0AAABAB,11,5.717799999999989
82,G82160,Pyridox HCl_Tab 50mg,0906024N0AAAIAI,6,5.321100000000001
83,G82160,Zopiclone_Tab 7.5mg,0401010Z0AAAAAA,27,0.08719999999999947
84,G82165,Amiodarone HCl_Tab 200mg,0203020D0AAABAB,3,1.050000000000001
85,G82165,Clonazepam_Tab 500mcg,0408010F0AAABAB,10,5.582199999999989
86,G82165,Pyridox HCl_Tab 50mg,0906024N0AAAIAI,1,1.4364000000000003
87,G82165,Topiramate_Cap 50mg,040801050AAAWAW,1,1.1983999999999986
88,G82165,Topiramate_Tab 200mg,040801050AAACAC,1,1.2449999999999994
89,G82165,Zopiclone_Tab 7.5mg,0401010Z0AAAAAA,5,0.014699999999999911
90,G82211,Amiodarone HCl_Tab 200mg,0203020D0AAABAB,6,1.8347000000000016
91,G82211,Clonazepam_Tab 500mcg,0408010F0AAABAB,5,2.2599999999999953
92,G82211,Pyridox HCl_Tab 50mg,0906024N0AAAIAI,1,0.4788000000000001
93,G82211,Topiramate_Tab 200mg,040801050AAACAC,1,4.647999999999998
94,G82211,Zopiclone_Tab 7.5mg,0401010Z0AAAAAA,11,0.015799999999999897
95,G82217,Amiodarone HCl_Tab 200mg,0203020D0AAABAB,1,0.7000000000000006
96,G82217,Clonazepam_Tab 500mcg,0408010F0AAABAB,1,0.6327999999999987
97,G82217,Zopiclone_Tab 7.5mg,0401010Z0AAAAAA,3,0.012599999999999924
98,G82227,Amiodarone HCl_Tab 200mg,0203020D0AAABAB,5,1.7500000000000016
99,G82227,Clonazepam_Tab 500mcg,0408010F0AAABAB,9,4.745999999999992
100,G82227,Modafinil_Tab 200mg,0404000R0AAACAC,1,96.24
101,G82227,Pyridox HCl_Tab 50mg,0906024N0AAAIAI,1,0.4788000000000001
102,G82227,Zopiclone_Tab 7.5mg,0401010Z0AAAAAA,2,0.0031999999999999806
103,G82232,Amiodarone HCl_Tab 200mg,0203020D0AAABAB,12,1.8224000000000018
104,G82232,Aripiprazole_Tab 5mg,0402010ADAAADAD,2,0.008399999999999852
105,G82232,Clonazepam_Tab 500mcg,0408010F0AAABAB,18,8.395899999999983
106,G82232,Zopiclone_Tab 7.5mg,0401010Z0AAAAAA,35,0.09619999999999944
107,G82652,Clonazepam_Tab 500mcg,0408010F0AAABAB,3,1.8531999999999962
108,G82652,Zopiclone_Tab 7.5mg,0401010Z0AAAAAA,1,0.003599999999999999
109,G82662,Amiodarone HCl_Tab 200mg,0203020D0AAABAB,1,0.3500000000000003
110,G82662,Clonazepam_Tab 500mcg,0408010F0AAABAB,7,5.265799999999989
111,G82662,Zopiclone_Tab 7.5mg,0401010Z0AAAAAA,4,0.010499999999999936
112,G82665,Amiodarone HCl_Tab 200mg,0203020D0AAABAB,2,1.050000000000001
113,G82665,Aripiprazole_Tab 5mg,0402010ADAAADAD,4,-0.01120000000000032
114,G82665,Clonazepam_Tab 500mcg,0408010F0AAABAB,9,7.5935999999999835
115,G82665,Topiramate_Cap 50mg,040801050AAAWAW,1,2.567999999999997
116,G82665,Topiramate_Tab 200mg,040801050AAACAC,1,2.3183999999999996
117,G82665,Zopiclone_Tab 7.5mg,0401010Z0AAAAAA,6,0.020999999999999873
118,G82684,Amiodarone HCl_Tab 200mg,0203020D0AAABAB,9,3.2560000000000033
119,G82684,Clonazepam_Tab 500mcg,0408010F0AAABAB,3,2.598999999999995
120,G82684,Pyridox HCl_Tab 50mg,0906024N0AAAIAI,1,0.5130000000000001
121,G82684,Topiramate_Tab 200mg,040801050AAACAC,1,2.489999999999999
122,G82684,Zopiclone_Tab 7.5mg,0401010Z0AAAAAA,3,0.00839999999999995
123,G82696,Amiodarone HCl_Tab 200mg,0203020D0AAABAB,1,0.7000000000000006
124,G82696,Clonazepam_Tab 500mcg,0408010F0AAABAB,2,1.898399999999996
125,G82696,Topiramate_Cap 50mg,040801050AAAWAW,1,1.1983999999999986
126,G82696,Zopiclone_Tab 7.5mg,0401010Z0AAAAAA,10,0.031499999999999806
127,G82700,Amiodarone HCl_Tab 200mg,0203020D0AAABAB,1,0.3500000000000003
128,G82700,Clonazepam_Tab 500mcg,0408010F0AAABAB,2,1.446399999999997
129,G82700,Losartan Pot_Tab 25mg,0205052N0AAAAAA,39,123.74880000000002
130,G82729,Amiodarone HCl_Tab 200mg,0203020D0AAABAB,4,1.772000000000002
131,G82729,Clonazepam_Tab 500mcg,0408010F0AAABAB,12,7.231999999999985
132,G82729,Pyridox HCl_Tab 50mg,0906024N0AAAIAI,1,2.8728000000000007
133,G82729,Topiramate_Cap 50mg,040801050AAAWAW,1,1.2839999999999985
134,G82729,Topiramate_Tab 200mg,040801050AAACAC,5,2.8840000000000012
135,G82729,Zopiclone_Tab 7.5mg,0401010Z0AAAAAA,10,0.031499999999999806
136,G82760,Aripiprazole_Tab 5mg,0402010ADAAADAD,1,0.0041999999999995374
137,G82760,Clonazepam_Tab 500mcg,0408010F0AAABAB,10,3.728999999999992
138,G82760,Topiramate_Cap 50mg,040801050AAAWAW,1,1.2839999999999985
139,G82760,Topiramate_Tab 200mg,040801050AAACAC,1,3.4859999999999984
140,G82760,Zopiclone_Tab 7.5mg,0401010Z0AAAAAA,16,0.033299999999999746
141,Y05924,Zopiclone_Tab 7.5mg,0401010Z0AAAAAA,2,0.0012000000000000066
