,practice_code,bnf_description,bnf_code,items,excess_cost
297,C87030,Ferr Sulf_Tab 200mg,0901011P0AAACAC,53,190.10039999999998
375,C87006,Pregabalin_Cap 75mg,0408010AEAAACAC,12,170.21759999999998
416,C87012,Olanzapine_Tab 20mg,040201060AAAQAQ,2,137.58079999999998
454,C87608,Lamotrigine_Tab 200mg,0408010H0AAA1A1,2,127.8368
298,C87030,Ferr Sulf_Tab 200mg,0901011P0AAACAC,40,112.67199999999998
361,C87008,Montelukast_Tab 10mg,0303020G0AAABAB,56,73.0688
276,C87006,Atorvastatin_Tab 20mg,0212000B0AAABAB,769,68.90240000000003
277,C87022,Atorvastatin_Tab 20mg,0212000B0AAABAB,316,68.12960000000005
278,C87008,Atorvastatin_Tab 20mg,0212000B0AAABAB,45,67.66199999999999
370,C87006,Risperidone_Tab 6mg,040201030AAAFAF,1,58.4192
371,C87006,Risperidone_Tab 6mg,040201030AAAFAF,2,58.4192
362,C87620,Montelukast_Tab 10mg,0303020G0AAABAB,4,48.7648
363,C87006,Montelukast_Tab 10mg,0303020G0AAABAB,64,48.74239999999999
279,C87608,Atorvastatin_Tab 20mg,0212000B0AAABAB,47,45.53360000000001
280,C87603,Atorvastatin_Tab 20mg,0212000B0AAABAB,180,45.36000000000001
281,C87013,Atorvastatin_Tab 20mg,0212000B0AAABAB,279,45.309599999999996
282,C87008,Atorvastatin_Tab 20mg,0212000B0AAABAB,551,44.7412
423,C87007,Paracet_Tab Solb 500mg,0407010H0AAAQAQ,7,36.750000000000014
422,C87007,Paracet_Tab Solb 500mg,0407010H0AAAQAQ,7,36.750000000000014
1,C87008,Paracet_Tab 500mg,0407010H0AAAMAM,364,36.400000000000034
0,C87008,Paracet_Tab 500mg,0407010H0AAAMAM,364,36.400000000000034
387,C87030,Clopidogrel_Tab 75mg,0209000C0AAAAAA,4,30.924
2,C87012,Paracet_Tab 500mg,0407010H0AAAMAM,58,30.160000000000018
3,C87012,Paracet_Tab 500mg,0407010H0AAAMAM,58,30.160000000000018
374,C87024,Risperidone_Tab 6mg,040201030AAAFAF,1,29.2096
372,C87622,Risperidone_Tab 6mg,040201030AAAFAF,1,29.2096
373,C87018,Risperidone_Tab 6mg,040201030AAAFAF,1,29.2096
388,C87606,Clopidogrel_Tab 75mg,0209000C0AAAAAA,14,28.890399999999996
299,C87030,Ferr Sulf_Tab 200mg,0901011P0AAACAC,1,28.168
364,C87012,Montelukast_Tab 10mg,0303020G0AAABAB,28,24.382399999999997
283,C87002,Atorvastatin_Tab 20mg,0212000B0AAABAB,1027,23.00480000000006
284,C87014,Atorvastatin_Tab 20mg,0212000B0AAABAB,133,22.716400000000004
4,C87014,Paracet_Tab 500mg,0407010H0AAAMAM,14,22.579200000000004
5,C87014,Paracet_Tab 500mg,0407010H0AAAMAM,14,22.579200000000004
285,C87012,Atorvastatin_Tab 20mg,0212000B0AAABAB,250,22.40000000000001
286,C87030,Atorvastatin_Tab 20mg,0212000B0AAABAB,419,22.29080000000007
425,C87002,Paracet_Tab Solb 500mg,0407010H0AAAQAQ,1,22.037999999999997
424,C87002,Paracet_Tab Solb 500mg,0407010H0AAAQAQ,1,22.037999999999997
365,C87622,Montelukast_Tab 10mg,0303020G0AAABAB,28,21.638400000000004
300,C87622,Ferr Sulf_Tab 200mg,0901011P0AAACAC,31,21.3528
7,C87012,Paracet_Tab 500mg,0407010H0AAAMAM,73,21.257599999999986
6,C87012,Paracet_Tab 500mg,0407010H0AAAMAM,73,21.257599999999986
301,C87013,Ferr Sulf_Tab 200mg,0901011P0AAACAC,29,21.193199999999997
302,C87024,Ferr Sulf_Tab 200mg,0901011P0AAACAC,13,21.1848
389,C87616,Clopidogrel_Tab 75mg,0209000C0AAAAAA,80,17.472
390,C87020,Clopidogrel_Tab 75mg,0209000C0AAAAAA,99,17.4636
391,C87006,Clopidogrel_Tab 75mg,0209000C0AAAAAA,194,17.382400000000008
8,C87031,Paracet_Tab 500mg,0407010H0AAAMAM,7,15.836800000000002
9,C87031,Paracet_Tab 500mg,0407010H0AAAMAM,7,15.836800000000002
10,C87616,Paracet_Tab 500mg,0407010H0AAAMAM,102,14.280000000000019
11,C87616,Paracet_Tab 500mg,0407010H0AAAMAM,102,14.280000000000019
303,C87030,Ferr Sulf_Tab 200mg,0901011P0AAACAC,15,14.111999999999998
304,C87603,Ferr Sulf_Tab 200mg,0901011P0AAACAC,6,14.0784
12,C87006,Paracet_Tab 500mg,0407010H0AAAMAM,330,13.200000000000035
13,C87006,Paracet_Tab 500mg,0407010H0AAAMAM,330,13.200000000000035
14,C87014,Paracet_Tab 500mg,0407010H0AAAMAM,93,13.020000000000017
15,C87014,Paracet_Tab 500mg,0407010H0AAAMAM,93,13.020000000000017
16,C87008,Paracet_Tab 500mg,0407010H0AAAMAM,46,12.364799999999997
17,C87008,Paracet_Tab 500mg,0407010H0AAAMAM,46,12.364799999999997
18,C87622,Paracet_Tab 500mg,0407010H0AAAMAM,132,11.88000000000002
19,C87622,Paracet_Tab 500mg,0407010H0AAAMAM,132,11.88000000000002
20,C87008,Paracet_Tab 500mg,0407010H0AAAMAM,114,11.40000000000001
21,C87008,Paracet_Tab 500mg,0407010H0AAAMAM,114,11.40000000000001
22,C87616,Paracet_Tab 500mg,0407010H0AAAMAM,6,11.289600000000002
23,C87616,Paracet_Tab 500mg,0407010H0AAAMAM,6,11.289600000000002
24,C87620,Paracet_Tab 500mg,0407010H0AAAMAM,62,11.110400000000029
25,C87620,Paracet_Tab 500mg,0407010H0AAAMAM,62,11.110400000000029
26,C87616,Paracet_Tab 500mg,0407010H0AAAMAM,15,10.200000000000001
27,C87616,Paracet_Tab 500mg,0407010H0AAAMAM,15,10.200000000000001
28,C87014,Paracet_Tab 500mg,0407010H0AAAMAM,14,10.079999999999997
29,C87014,Paracet_Tab 500mg,0407010H0AAAMAM,14,10.079999999999997
31,C87020,Paracet_Tab 500mg,0407010H0AAAMAM,121,9.680000000000025
30,C87020,Paracet_Tab 500mg,0407010H0AAAMAM,121,9.680000000000025
33,C87002,Paracet_Tab 500mg,0407010H0AAAMAM,157,9.419999999999998
32,C87002,Paracet_Tab 500mg,0407010H0AAAMAM,157,9.419999999999998
35,C87010,Paracet_Tab 500mg,0407010H0AAAMAM,41,9.020000000000003
34,C87010,Paracet_Tab 500mg,0407010H0AAAMAM,41,9.020000000000003
392,C87030,Clopidogrel_Tab 75mg,0209000C0AAAAAA,127,8.889999999999983
393,C87608,Clopidogrel_Tab 75mg,0209000C0AAAAAA,28,8.780799999999996
394,C87024,Clopidogrel_Tab 75mg,0209000C0AAAAAA,33,8.777999999999995
395,C87603,Clopidogrel_Tab 75mg,0209000C0AAAAAA,54,8.769599999999999
36,C87006,Paracet_Tab 500mg,0407010H0AAAMAM,5,8.442000000000002
37,C87006,Paracet_Tab 500mg,0407010H0AAAMAM,5,8.442000000000002
39,C87012,Paracet_Tab 500mg,0407010H0AAAMAM,18,7.560000000000001
38,C87012,Paracet_Tab 500mg,0407010H0AAAMAM,18,7.560000000000001
305,C87022,Ferr Sulf_Tab 200mg,0901011P0AAACAC,23,7.083999999999997
41,C87013,Paracet_Tab 500mg,0407010H0AAAMAM,117,7.019999999999998
40,C87013,Paracet_Tab 500mg,0407010H0AAAMAM,117,7.019999999999998
42,C87030,Paracet_Tab 500mg,0407010H0AAAMAM,148,5.920000000000016
43,C87030,Paracet_Tab 500mg,0407010H0AAAMAM,148,5.920000000000016
45,C87012,Paracet_Tab 500mg,0407010H0AAAMAM,178,5.340000000000029
44,C87012,Paracet_Tab 500mg,0407010H0AAAMAM,178,5.340000000000029
427,C87012,Paracet_Tab Solb 500mg,0407010H0AAAQAQ,8,4.720000000000002
426,C87012,Paracet_Tab Solb 500mg,0407010H0AAAQAQ,8,4.720000000000002
429,C87622,Paracet_Tab Solb 500mg,0407010H0AAAQAQ,10,4.70000000000001
428,C87622,Paracet_Tab Solb 500mg,0407010H0AAAQAQ,10,4.70000000000001
46,C87022,Paracet_Tab 500mg,0407010H0AAAMAM,151,4.530000000000025
47,C87022,Paracet_Tab 500mg,0407010H0AAAMAM,151,4.530000000000025
49,C87020,Paracet_Tab 500mg,0407010H0AAAMAM,32,3.584000000000003
48,C87020,Paracet_Tab 500mg,0407010H0AAAMAM,32,3.584000000000003
50,C87031,Paracet_Tab 500mg,0407010H0AAAMAM,59,3.539999999999999
51,C87031,Paracet_Tab 500mg,0407010H0AAAMAM,59,3.539999999999999
52,C87008,Paracet_Tab 500mg,0407010H0AAAMAM,4,3.2256000000000005
53,C87008,Paracet_Tab 500mg,0407010H0AAAMAM,4,3.2256000000000005
55,C87008,Paracet_Tab 500mg,0407010H0AAAMAM,1,3.2192
54,C87008,Paracet_Tab 500mg,0407010H0AAAMAM,1,3.2192
57,C87002,Paracet_Tab 500mg,0407010H0AAAMAM,4,2.4864000000000015
56,C87002,Paracet_Tab 500mg,0407010H0AAAMAM,4,2.4864000000000015
58,C87020,Paracet_Tab 500mg,0407010H0AAAMAM,102,2.0399999999999876
59,C87020,Paracet_Tab 500mg,0407010H0AAAMAM,102,2.0399999999999876
60,C87030,Paracet_Tab 500mg,0407010H0AAAMAM,82,1.8367999999999889
61,C87030,Paracet_Tab 500mg,0407010H0AAAMAM,82,1.8367999999999889
62,C87012,Paracet_Tab 500mg,0407010H0AAAMAM,52,1.7472000000000096
63,C87012,Paracet_Tab 500mg,0407010H0AAAMAM,52,1.7472000000000096
64,C87622,Paracet_Tab 500mg,0407010H0AAAMAM,2,1.6128000000000002
65,C87622,Paracet_Tab 500mg,0407010H0AAAMAM,2,1.6128000000000002
66,C87020,Paracet_Tab 500mg,0407010H0AAAMAM,3,1.4040000000000004
67,C87020,Paracet_Tab 500mg,0407010H0AAAMAM,3,1.4040000000000004
69,C87012,Paracet_Tab 500mg,0407010H0AAAMAM,2,1.392
68,C87012,Paracet_Tab 500mg,0407010H0AAAMAM,2,1.392
71,C87606,Paracet_Tab 500mg,0407010H0AAAMAM,4,1.248
70,C87606,Paracet_Tab 500mg,0407010H0AAAMAM,4,1.248
366,C87621,Montelukast_Tab 10mg,0303020G0AAABAB,7,0.9996
367,C87002,Montelukast_Tab 10mg,0303020G0AAABAB,54,0.907200000000005
72,C87620,Paracet_Tab 500mg,0407010H0AAAMAM,84,0.839999999999995
73,C87620,Paracet_Tab 500mg,0407010H0AAAMAM,84,0.839999999999995
74,C87006,Paracet_Tab 500mg,0407010H0AAAMAM,36,0.8063999999999951
75,C87006,Paracet_Tab 500mg,0407010H0AAAMAM,36,0.8063999999999951
287,C87608,Atorvastatin_Tab 20mg,0212000B0AAABAB,98,0.27440000000000786
77,C87010,Paracet_Tab 500mg,0407010H0AAAMAM,8,0.17919999999999892
76,C87010,Paracet_Tab 500mg,0407010H0AAAMAM,8,0.17919999999999892
396,C87007,Clopidogrel_Tab 75mg,0209000C0AAAAAA,34,0.1665999999999998
397,C87006,Clopidogrel_Tab 75mg,0209000C0AAAAAA,33,0.16169999999999982
398,C87013,Clopidogrel_Tab 75mg,0209000C0AAAAAA,25,0.12249999999999986
306,C87013,Ferr Sulf_Tab 200mg,0901011P0AAACAC,19,0.10639999999999936
307,C87004,Ferr Sulf_Tab 200mg,0901011P0AAACAC,17,0.09519999999999942
78,C87002,Paracet_Tab 500mg,0407010H0AAAMAM,15,0.08999999999999946
79,C87002,Paracet_Tab 500mg,0407010H0AAAMAM,15,0.08999999999999946
80,C87006,Paracet_Tab 500mg,0407010H0AAAMAM,13,0.07799999999999953
81,C87006,Paracet_Tab 500mg,0407010H0AAAMAM,13,0.07799999999999953
399,C87009,Clopidogrel_Tab 75mg,0209000C0AAAAAA,13,0.06369999999999992
308,C87013,Ferr Sulf_Tab 200mg,0901011P0AAACAC,22,0.06159999999999963
400,C87004,Clopidogrel_Tab 75mg,0209000C0AAAAAA,12,0.058799999999999936
82,C87010,Paracet_Tab 500mg,0407010H0AAAMAM,9,0.05399999999999967
83,C87031,Paracet_Tab 500mg,0407010H0AAAMAM,9,0.05399999999999967
84,C87031,Paracet_Tab 500mg,0407010H0AAAMAM,9,0.05399999999999967
85,C87010,Paracet_Tab 500mg,0407010H0AAAMAM,9,0.05399999999999967
401,C87017,Clopidogrel_Tab 75mg,0209000C0AAAAAA,8,0.03919999999999996
309,C87006,Ferr Sulf_Tab 200mg,0901011P0AAACAC,7,0.03919999999999976
87,C87009,Paracet_Tab 500mg,0407010H0AAAMAM,6,0.03599999999999978
86,C87009,Paracet_Tab 500mg,0407010H0AAAMAM,6,0.03599999999999978
310,C87006,Ferr Sulf_Tab 200mg,0901011P0AAACAC,4,0.03599999999999853
402,C87002,Clopidogrel_Tab 75mg,0209000C0AAAAAA,7,0.03429999999999996
312,C87621,Ferr Sulf_Tab 200mg,0901011P0AAACAC,6,0.0335999999999998
311,C87003,Ferr Sulf_Tab 200mg,0901011P0AAACAC,6,0.0335999999999998
313,C87006,Ferr Sulf_Tab 200mg,0901011P0AAACAC,12,0.0335999999999998
89,C87616,Paracet_Tab 500mg,0407010H0AAAMAM,5,0.02999999999999982
88,C87616,Paracet_Tab 500mg,0407010H0AAAMAM,5,0.02999999999999982
403,C87621,Clopidogrel_Tab 75mg,0209000C0AAAAAA,6,0.029399999999999968
315,C87016,Ferr Sulf_Tab 200mg,0901011P0AAACAC,5,0.02799999999999983
314,C87020,Ferr Sulf_Tab 200mg,0901011P0AAACAC,5,0.02799999999999983
376,C87620,Pregabalin_Cap 75mg,0408010AEAAACAC,5,0.02799999999999983
455,C87024,Lamotrigine_Tab 200mg,0408010H0AAA1A1,5,0.027999999999996916
406,C87622,Clopidogrel_Tab 75mg,0209000C0AAAAAA,5,0.024499999999999973
404,C87030,Clopidogrel_Tab 75mg,0209000C0AAAAAA,5,0.024499999999999973
405,C87024,Clopidogrel_Tab 75mg,0209000C0AAAAAA,5,0.024499999999999973
318,C87007,Ferr Sulf_Tab 200mg,0901011P0AAACAC,4,0.022399999999999864
319,C87005,Ferr Sulf_Tab 200mg,0901011P0AAACAC,4,0.022399999999999864
379,C87008,Pregabalin_Cap 75mg,0408010AEAAACAC,4,0.022399999999999864
317,C87007,Ferr Sulf_Tab 200mg,0901011P0AAACAC,8,0.022399999999999864
316,C87017,Ferr Sulf_Tab 200mg,0901011P0AAACAC,4,0.022399999999999864
90,C87007,Paracet_Tab 500mg,0407010H0AAAMAM,8,0.022399999999999864
91,C87007,Paracet_Tab 500mg,0407010H0AAAMAM,8,0.022399999999999864
378,C87621,Pregabalin_Cap 75mg,0408010AEAAACAC,4,0.022399999999999864
377,C87006,Pregabalin_Cap 75mg,0408010AEAAACAC,4,0.022399999999999864
93,C87621,Paracet_Tab 500mg,0407010H0AAAMAM,5,0.020999999999999873
92,C87621,Paracet_Tab 500mg,0407010H0AAAMAM,5,0.020999999999999873
408,C87018,Clopidogrel_Tab 75mg,0209000C0AAAAAA,4,0.01959999999999998
407,C87016,Clopidogrel_Tab 75mg,0209000C0AAAAAA,4,0.01959999999999998
320,C87004,Ferr Sulf_Tab 200mg,0901011P0AAACAC,7,0.01959999999999988
380,C87018,Pregabalin_Cap 75mg,0408010AEAAACAC,7,0.01959999999999988
97,C87017,Paracet_Tab 500mg,0407010H0AAAMAM,3,0.01799999999999989
96,C87608,Paracet_Tab 500mg,0407010H0AAAMAM,3,0.01799999999999989
95,C87017,Paracet_Tab 500mg,0407010H0AAAMAM,3,0.01799999999999989
94,C87608,Paracet_Tab 500mg,0407010H0AAAMAM,3,0.01799999999999989
323,C87008,Ferr Sulf_Tab 200mg,0901011P0AAACAC,3,0.017999999999999267
324,C87013,Ferr Sulf_Tab 200mg,0901011P0AAACAC,3,0.017999999999999267
322,C87014,Ferr Sulf_Tab 200mg,0901011P0AAACAC,3,0.017999999999999267
321,C87029,Ferr Sulf_Tab 200mg,0901011P0AAACAC,3,0.017999999999999267
325,C87002,Ferr Sulf_Tab 200mg,0901011P0AAACAC,2,0.0167999999999999
326,C87009,Ferr Sulf_Tab 200mg,0901011P0AAACAC,3,0.0167999999999999
101,C87013,Paracet_Tab 500mg,0407010H0AAAMAM,4,0.0167999999999999
98,C87013,Paracet_Tab 500mg,0407010H0AAAMAM,4,0.0167999999999999
99,C87031,Paracet_Tab 500mg,0407010H0AAAMAM,1,0.0167999999999999
100,C87031,Paracet_Tab 500mg,0407010H0AAAMAM,1,0.0167999999999999
102,C87004,Paracet_Tab 500mg,0407010H0AAAMAM,4,0.0167999999999999
103,C87004,Paracet_Tab 500mg,0407010H0AAAMAM,4,0.0167999999999999
456,C87009,Lamotrigine_Tab 200mg,0408010H0AAA1A1,3,0.01679999999999815
409,C87005,Clopidogrel_Tab 75mg,0209000C0AAAAAA,3,0.014699999999999984
104,C87017,Paracet_Tab 500mg,0407010H0AAAMAM,5,0.013999999999999915
107,C87006,Paracet_Tab 500mg,0407010H0AAAMAM,5,0.013999999999999915
106,C87017,Paracet_Tab 500mg,0407010H0AAAMAM,5,0.013999999999999915
105,C87006,Paracet_Tab 500mg,0407010H0AAAMAM,5,0.013999999999999915
109,C87009,Paracet_Tab 500mg,0407010H0AAAMAM,3,0.012599999999999924
108,C87009,Paracet_Tab 500mg,0407010H0AAAMAM,3,0.012599999999999924
118,C87030,Paracet_Tab 500mg,0407010H0AAAMAM,2,0.011999999999999927
115,C87014,Paracet_Tab 500mg,0407010H0AAAMAM,2,0.011999999999999927
121,C87007,Paracet_Tab 500mg,0407010H0AAAMAM,2,0.011999999999999927
116,C87030,Paracet_Tab 500mg,0407010H0AAAMAM,1,0.011999999999999927
117,C87014,Paracet_Tab 500mg,0407010H0AAAMAM,1,0.011999999999999927
120,C87014,Paracet_Tab 500mg,0407010H0AAAMAM,1,0.011999999999999927
110,C87030,Paracet_Tab 500mg,0407010H0AAAMAM,1,0.011999999999999927
119,C87003,Paracet_Tab 500mg,0407010H0AAAMAM,2,0.011999999999999927
112,C87014,Paracet_Tab 500mg,0407010H0AAAMAM,2,0.011999999999999927
123,C87003,Paracet_Tab 500mg,0407010H0AAAMAM,2,0.011999999999999927
122,C87004,Paracet_Tab 500mg,0407010H0AAAMAM,2,0.011999999999999927
111,C87007,Paracet_Tab 500mg,0407010H0AAAMAM,2,0.011999999999999927
113,C87030,Paracet_Tab 500mg,0407010H0AAAMAM,2,0.011999999999999927
114,C87004,Paracet_Tab 500mg,0407010H0AAAMAM,2,0.011999999999999927
327,C87013,Ferr Sulf_Tab 200mg,0901011P0AAACAC,1,0.011999999999999511
329,C87616,Ferr Sulf_Tab 200mg,0901011P0AAACAC,2,0.011999999999999511
328,C87015,Ferr Sulf_Tab 200mg,0901011P0AAACAC,2,0.011999999999999511
330,C87002,Ferr Sulf_Tab 200mg,0901011P0AAACAC,2,0.011999999999999511
417,C87006,Olanzapine_Tab 20mg,040201060AAAQAQ,2,0.01120000000000032
131,C87012,Paracet_Tab 500mg,0407010H0AAAMAM,4,0.011199999999999932
381,C87022,Pregabalin_Cap 75mg,0408010AEAAACAC,2,0.011199999999999932
125,C87013,Paracet_Tab 500mg,0407010H0AAAMAM,4,0.011199999999999932
126,C87012,Paracet_Tab 500mg,0407010H0AAAMAM,4,0.011199999999999932
127,C87013,Paracet_Tab 500mg,0407010H0AAAMAM,4,0.011199999999999932
333,C87010,Ferr Sulf_Tab 200mg,0901011P0AAACAC,4,0.011199999999999932
128,C87004,Paracet_Tab 500mg,0407010H0AAAMAM,4,0.011199999999999932
129,C87030,Paracet_Tab 500mg,0407010H0AAAMAM,4,0.011199999999999932
332,C87024,Ferr Sulf_Tab 200mg,0901011P0AAACAC,4,0.011199999999999932
130,C87009,Paracet_Tab 500mg,0407010H0AAAMAM,4,0.011199999999999932
331,C87016,Ferr Sulf_Tab 200mg,0901011P0AAACAC,4,0.011199999999999932
334,C87030,Ferr Sulf_Tab 200mg,0901011P0AAACAC,4,0.011199999999999932
124,C87030,Paracet_Tab 500mg,0407010H0AAAMAM,4,0.011199999999999932
133,C87009,Paracet_Tab 500mg,0407010H0AAAMAM,4,0.011199999999999932
132,C87004,Paracet_Tab 500mg,0407010H0AAAMAM,4,0.011199999999999932
457,C87003,Lamotrigine_Tab 200mg,0408010H0AAA1A1,4,0.011199999999998766
336,C87003,Ferr Sulf_Tab 200mg,0901011P0AAACAC,1,0.008999999999999633
339,C87622,Ferr Sulf_Tab 200mg,0901011P0AAACAC,1,0.008999999999999633
338,C87029,Ferr Sulf_Tab 200mg,0901011P0AAACAC,1,0.008999999999999633
337,C87002,Ferr Sulf_Tab 200mg,0901011P0AAACAC,1,0.008999999999999633
335,C87015,Ferr Sulf_Tab 200mg,0901011P0AAACAC,1,0.008999999999999633
431,C87002,Paracet_Tab Solb 500mg,0407010H0AAAQAQ,1,0.008800000000000252
430,C87002,Paracet_Tab Solb 500mg,0407010H0AAAQAQ,1,0.008800000000000252
136,C87007,Paracet_Tab 500mg,0407010H0AAAMAM,4,0.00839999999999995
138,C87606,Paracet_Tab 500mg,0407010H0AAAMAM,3,0.00839999999999995
137,C87007,Paracet_Tab 500mg,0407010H0AAAMAM,4,0.00839999999999995
340,C87009,Ferr Sulf_Tab 200mg,0901011P0AAACAC,3,0.00839999999999995
341,C87009,Ferr Sulf_Tab 200mg,0901011P0AAACAC,1,0.00839999999999995
134,C87606,Paracet_Tab 500mg,0407010H0AAAMAM,3,0.00839999999999995
135,C87016,Paracet_Tab 500mg,0407010H0AAAMAM,3,0.00839999999999995
139,C87016,Paracet_Tab 500mg,0407010H0AAAMAM,3,0.00839999999999995
382,C87029,Pregabalin_Cap 75mg,0408010AEAAACAC,1,0.008399999999999658
384,C87005,Pregabalin_Cap 75mg,0408010AEAAACAC,1,0.008399999999999658
383,C87012,Pregabalin_Cap 75mg,0408010AEAAACAC,1,0.008399999999999658
342,C87622,Ferr Sulf_Tab 200mg,0901011P0AAACAC,1,0.006999999999999715
433,C87004,Paracet_Tab Solb 500mg,0407010H0AAAQAQ,1,0.006400000000000183
432,C87004,Paracet_Tab Solb 500mg,0407010H0AAAQAQ,1,0.006400000000000183
288,C87006,Atorvastatin_Tab 20mg,0212000B0AAABAB,1,0.006000000000000172
152,C87002,Paracet_Tab 500mg,0407010H0AAAMAM,2,0.005999999999999964
163,C87015,Paracet_Tab 500mg,0407010H0AAAMAM,2,0.005999999999999964
162,C87622,Paracet_Tab 500mg,0407010H0AAAMAM,1,0.005999999999999964
151,C87005,Paracet_Tab 500mg,0407010H0AAAMAM,1,0.005999999999999964
159,C87015,Paracet_Tab 500mg,0407010H0AAAMAM,1,0.005999999999999964
161,C87621,Paracet_Tab 500mg,0407010H0AAAMAM,1,0.005999999999999964
160,C87015,Paracet_Tab 500mg,0407010H0AAAMAM,2,0.005999999999999964
149,C87002,Paracet_Tab 500mg,0407010H0AAAMAM,2,0.005999999999999964
158,C87024,Paracet_Tab 500mg,0407010H0AAAMAM,1,0.005999999999999964
157,C87604,Paracet_Tab 500mg,0407010H0AAAMAM,1,0.005999999999999964
156,C87008,Paracet_Tab 500mg,0407010H0AAAMAM,1,0.005999999999999964
155,C87622,Paracet_Tab 500mg,0407010H0AAAMAM,1,0.005999999999999964
150,C87022,Paracet_Tab 500mg,0407010H0AAAMAM,1,0.005999999999999964
143,C87005,Paracet_Tab 500mg,0407010H0AAAMAM,1,0.005999999999999964
148,C87013,Paracet_Tab 500mg,0407010H0AAAMAM,1,0.005999999999999964
147,C87029,Paracet_Tab 500mg,0407010H0AAAMAM,1,0.005999999999999964
146,C87013,Paracet_Tab 500mg,0407010H0AAAMAM,1,0.005999999999999964
145,C87008,Paracet_Tab 500mg,0407010H0AAAMAM,1,0.005999999999999964
144,C87022,Paracet_Tab 500mg,0407010H0AAAMAM,1,0.005999999999999964
153,C87024,Paracet_Tab 500mg,0407010H0AAAMAM,1,0.005999999999999964
142,C87029,Paracet_Tab 500mg,0407010H0AAAMAM,1,0.005999999999999964
141,C87621,Paracet_Tab 500mg,0407010H0AAAMAM,1,0.005999999999999964
140,C87015,Paracet_Tab 500mg,0407010H0AAAMAM,1,0.005999999999999964
154,C87604,Paracet_Tab 500mg,0407010H0AAAMAM,1,0.005999999999999964
346,C87005,Ferr Sulf_Tab 200mg,0901011P0AAACAC,1,0.0059999999999997555
345,C87003,Ferr Sulf_Tab 200mg,0901011P0AAACAC,1,0.0059999999999997555
344,C87017,Ferr Sulf_Tab 200mg,0901011P0AAACAC,1,0.0059999999999997555
343,C87604,Ferr Sulf_Tab 200mg,0901011P0AAACAC,1,0.0059999999999997555
347,C87002,Ferr Sulf_Tab 200mg,0901011P0AAACAC,1,0.005799999999999764
165,C87621,Paracet_Tab 500mg,0407010H0AAAMAM,2,0.005599999999999966
164,C87006,Paracet_Tab 500mg,0407010H0AAAMAM,4,0.005599999999999966
166,C87004,Paracet_Tab 500mg,0407010H0AAAMAM,4,0.005599999999999966
168,C87030,Paracet_Tab 500mg,0407010H0AAAMAM,4,0.005599999999999966
169,C87030,Paracet_Tab 500mg,0407010H0AAAMAM,4,0.005599999999999966
170,C87006,Paracet_Tab 500mg,0407010H0AAAMAM,4,0.005599999999999966
171,C87621,Paracet_Tab 500mg,0407010H0AAAMAM,2,0.005599999999999966
348,C87018,Ferr Sulf_Tab 200mg,0901011P0AAACAC,1,0.005599999999999966
167,C87004,Paracet_Tab 500mg,0407010H0AAAMAM,4,0.005599999999999966
410,C87003,Clopidogrel_Tab 75mg,0209000C0AAAAAA,1,0.004899999999999995
411,C87029,Clopidogrel_Tab 75mg,0209000C0AAAAAA,1,0.004899999999999995
412,C87015,Clopidogrel_Tab 75mg,0209000C0AAAAAA,1,0.004899999999999995
172,C87621,Paracet_Tab 500mg,0407010H0AAAMAM,1,0.004800000000000054
173,C87621,Paracet_Tab 500mg,0407010H0AAAMAM,1,0.004800000000000054
174,C87020,Paracet_Tab 500mg,0407010H0AAAMAM,1,0.0040000000000000105
175,C87020,Paracet_Tab 500mg,0407010H0AAAMAM,1,0.0040000000000000105
349,C87004,Ferr Sulf_Tab 200mg,0901011P0AAACAC,2,0.003999999999999976
187,C87004,Paracet_Tab 500mg,0407010H0AAAMAM,1,0.002999999999999982
185,C87018,Paracet_Tab 500mg,0407010H0AAAMAM,1,0.002999999999999982
181,C87608,Paracet_Tab 500mg,0407010H0AAAMAM,1,0.002999999999999982
189,C87608,Paracet_Tab 500mg,0407010H0AAAMAM,1,0.002999999999999982
188,C87031,Paracet_Tab 500mg,0407010H0AAAMAM,1,0.002999999999999982
186,C87006,Paracet_Tab 500mg,0407010H0AAAMAM,1,0.002999999999999982
184,C87022,Paracet_Tab 500mg,0407010H0AAAMAM,1,0.002999999999999982
183,C87621,Paracet_Tab 500mg,0407010H0AAAMAM,1,0.002999999999999982
182,C87006,Paracet_Tab 500mg,0407010H0AAAMAM,1,0.002999999999999982
180,C87004,Paracet_Tab 500mg,0407010H0AAAMAM,1,0.002999999999999982
179,C87018,Paracet_Tab 500mg,0407010H0AAAMAM,1,0.002999999999999982
178,C87031,Paracet_Tab 500mg,0407010H0AAAMAM,1,0.002999999999999982
177,C87621,Paracet_Tab 500mg,0407010H0AAAMAM,1,0.002999999999999982
176,C87022,Paracet_Tab 500mg,0407010H0AAAMAM,1,0.002999999999999982
351,C87622,Ferr Sulf_Tab 200mg,0901011P0AAACAC,1,0.0029999999999998778
350,C87006,Ferr Sulf_Tab 200mg,0901011P0AAACAC,1,0.0029999999999998778
193,C87620,Paracet_Tab 500mg,0407010H0AAAMAM,1,0.002799999999999983
196,C87022,Paracet_Tab 500mg,0407010H0AAAMAM,2,0.002799999999999983
195,C87008,Paracet_Tab 500mg,0407010H0AAAMAM,1,0.002799999999999983
194,C87620,Paracet_Tab 500mg,0407010H0AAAMAM,1,0.002799999999999983
190,C87622,Paracet_Tab 500mg,0407010H0AAAMAM,1,0.002799999999999983
192,C87008,Paracet_Tab 500mg,0407010H0AAAMAM,1,0.002799999999999983
191,C87622,Paracet_Tab 500mg,0407010H0AAAMAM,1,0.002799999999999983
197,C87022,Paracet_Tab 500mg,0407010H0AAAMAM,2,0.002799999999999983
413,C87005,Clopidogrel_Tab 75mg,0209000C0AAAAAA,1,0.002499999999999898
290,C87008,Atorvastatin_Tab 20mg,0212000B0AAABAB,1,0.0020000000000000573
289,C87006,Atorvastatin_Tab 20mg,0212000B0AAABAB,1,0.0020000000000000573
198,C87017,Paracet_Tab 500mg,0407010H0AAAMAM,1,0.0013999999999999915
199,C87017,Paracet_Tab 500mg,0407010H0AAAMAM,1,0.0013999999999999915
489,C87022,Lamotrigine_Tab 200mg,0408010H0AAA1A1,2,0.0
493,C87005,Lamotrigine_Tab 200mg,0408010H0AAA1A1,2,0.0
492,C87002,Lamotrigine_Tab 200mg,0408010H0AAA1A1,4,0.0
491,C87024,Lamotrigine_Tab 200mg,0408010H0AAA1A1,1,0.0
490,C87018,Lamotrigine_Tab 200mg,0408010H0AAA1A1,1,0.0
487,C87616,Lamotrigine_Tab 200mg,0408010H0AAA1A1,1,0.0
488,C87620,Lamotrigine_Tab 200mg,0408010H0AAA1A1,2,0.0
471,C87002,Lamotrigine_Tab 200mg,0408010H0AAA1A1,1,0.0
458,C87009,Lamotrigine_Tab 200mg,0408010H0AAA1A1,1,0.0
459,C87030,Lamotrigine_Tab 200mg,0408010H0AAA1A1,3,0.0
460,C87012,Lamotrigine_Tab 200mg,0408010H0AAA1A1,1,0.0
461,C87020,Lamotrigine_Tab 200mg,0408010H0AAA1A1,2,0.0
462,C87015,Lamotrigine_Tab 200mg,0408010H0AAA1A1,3,0.0
463,C87003,Lamotrigine_Tab 200mg,0408010H0AAA1A1,2,0.0
464,C87004,Lamotrigine_Tab 200mg,0408010H0AAA1A1,1,0.0
465,C87017,Lamotrigine_Tab 200mg,0408010H0AAA1A1,3,0.0
466,C87014,Lamotrigine_Tab 200mg,0408010H0AAA1A1,1,0.0
467,C87009,Lamotrigine_Tab 200mg,0408010H0AAA1A1,1,0.0
468,C87010,Lamotrigine_Tab 200mg,0408010H0AAA1A1,1,0.0
469,C87029,Lamotrigine_Tab 200mg,0408010H0AAA1A1,1,0.0
470,C87013,Lamotrigine_Tab 200mg,0408010H0AAA1A1,1,0.0
472,C87016,Lamotrigine_Tab 200mg,0408010H0AAA1A1,5,0.0
486,C87008,Lamotrigine_Tab 200mg,0408010H0AAA1A1,4,0.0
473,C87003,Lamotrigine_Tab 200mg,0408010H0AAA1A1,1,0.0
474,C87005,Lamotrigine_Tab 200mg,0408010H0AAA1A1,4,0.0
475,C87009,Lamotrigine_Tab 200mg,0408010H0AAA1A1,2,0.0
476,C87029,Lamotrigine_Tab 200mg,0408010H0AAA1A1,10,0.0
477,C87031,Lamotrigine_Tab 200mg,0408010H0AAA1A1,1,0.0
478,C87622,Lamotrigine_Tab 200mg,0408010H0AAA1A1,1,0.0
479,C87017,Lamotrigine_Tab 200mg,0408010H0AAA1A1,4,0.0
480,C87015,Lamotrigine_Tab 200mg,0408010H0AAA1A1,1,0.0
481,C87603,Lamotrigine_Tab 200mg,0408010H0AAA1A1,1,0.0
482,C87029,Lamotrigine_Tab 200mg,0408010H0AAA1A1,1,0.0
483,C87006,Lamotrigine_Tab 200mg,0408010H0AAA1A1,9,0.0
484,C87603,Lamotrigine_Tab 200mg,0408010H0AAA1A1,1,0.0
485,C87012,Lamotrigine_Tab 200mg,0408010H0AAA1A1,2,0.0
494,C87018,Lamotrigine_Tab 200mg,0408010H0AAA1A1,2,0.0
495,C87007,Lamotrigine_Tab 200mg,0408010H0AAA1A1,7,0.0
291,C87030,Atorvastatin_Tab 20mg,0212000B0AAABAB,1,-0.0007999999999999674
414,C87017,Clopidogrel_Tab 75mg,0209000C0AAAAAA,1,-0.0013999999999999985
200,C87020,Paracet_Tab 500mg,0407010H0AAAMAM,1,-0.001999999999999988
201,C87020,Paracet_Tab 500mg,0407010H0AAAMAM,1,-0.001999999999999988
202,C87017,Paracet_Tab 500mg,0407010H0AAAMAM,1,-0.001999999999999988
203,C87017,Paracet_Tab 500mg,0407010H0AAAMAM,1,-0.001999999999999988
415,C87620,Clopidogrel_Tab 75mg,0209000C0AAAAAA,1,-0.0020999999999999977
385,C87017,Pregabalin_Cap 75mg,0408010AEAAACAC,1,-0.00210000000000006
292,C87012,Atorvastatin_Tab 20mg,0212000B0AAABAB,1,-0.0029999999999998778
368,C87017,Montelukast_Tab 10mg,0303020G0AAABAB,1,-0.0030000000000000027
369,C87016,Montelukast_Tab 10mg,0303020G0AAABAB,1,-0.0030999999999998737
434,C87004,Paracet_Tab Solb 500mg,0407010H0AAAQAQ,1,-0.0031999999999996476
435,C87004,Paracet_Tab Solb 500mg,0407010H0AAAQAQ,1,-0.0031999999999996476
204,C87004,Paracet_Tab 500mg,0407010H0AAAMAM,1,-0.003999999999999976
205,C87004,Paracet_Tab 500mg,0407010H0AAAMAM,1,-0.003999999999999976
206,C87010,Paracet_Tab 500mg,0407010H0AAAMAM,1,-0.003999999999999976
207,C87010,Paracet_Tab 500mg,0407010H0AAAMAM,1,-0.003999999999999976
208,C87005,Paracet_Tab 500mg,0407010H0AAAMAM,1,-0.003999999999999976
209,C87005,Paracet_Tab 500mg,0407010H0AAAMAM,1,-0.003999999999999976
293,C87015,Atorvastatin_Tab 20mg,0212000B0AAABAB,1,-0.004199999999999995
419,C87017,Olanzapine_Tab 20mg,040201060AAAQAQ,2,-0.005599999999999383
418,C87006,Olanzapine_Tab 20mg,040201060AAAQAQ,2,-0.005599999999999383
214,C87003,Paracet_Tab 500mg,0407010H0AAAMAM,1,-0.005599999999999966
219,C87004,Paracet_Tab 500mg,0407010H0AAAMAM,1,-0.005599999999999966
218,C87004,Paracet_Tab 500mg,0407010H0AAAMAM,1,-0.005599999999999966
217,C87003,Paracet_Tab 500mg,0407010H0AAAMAM,1,-0.005599999999999966
216,C87606,Paracet_Tab 500mg,0407010H0AAAMAM,1,-0.005599999999999966
215,C87606,Paracet_Tab 500mg,0407010H0AAAMAM,1,-0.005599999999999966
211,C87015,Paracet_Tab 500mg,0407010H0AAAMAM,1,-0.005599999999999966
213,C87603,Paracet_Tab 500mg,0407010H0AAAMAM,1,-0.005599999999999966
212,C87603,Paracet_Tab 500mg,0407010H0AAAMAM,1,-0.005599999999999966
210,C87015,Paracet_Tab 500mg,0407010H0AAAMAM,1,-0.005599999999999966
440,C87015,Paracet_Tab Solb 500mg,0407010H0AAAQAQ,1,-0.005999999999999339
439,C87604,Paracet_Tab Solb 500mg,0407010H0AAAQAQ,1,-0.005999999999999339
436,C87008,Paracet_Tab Solb 500mg,0407010H0AAAQAQ,1,-0.005999999999999339
441,C87015,Paracet_Tab Solb 500mg,0407010H0AAAQAQ,2,-0.005999999999999339
443,C87015,Paracet_Tab Solb 500mg,0407010H0AAAQAQ,1,-0.005999999999999339
444,C87616,Paracet_Tab Solb 500mg,0407010H0AAAQAQ,1,-0.005999999999999339
445,C87008,Paracet_Tab Solb 500mg,0407010H0AAAQAQ,1,-0.005999999999999339
442,C87015,Paracet_Tab Solb 500mg,0407010H0AAAQAQ,2,-0.005999999999999339
437,C87604,Paracet_Tab Solb 500mg,0407010H0AAAQAQ,1,-0.005999999999999339
438,C87616,Paracet_Tab Solb 500mg,0407010H0AAAQAQ,1,-0.005999999999999339
294,C87008,Atorvastatin_Tab 20mg,0212000B0AAABAB,2,-0.0059999999999997555
386,C87622,Pregabalin_Cap 75mg,0408010AEAAACAC,3,-0.0063000000000001805
295,C87013,Atorvastatin_Tab 20mg,0212000B0AAABAB,2,-0.007999999999999952
354,C87002,Ferr Sulf_Tab 200mg,0901011P0AAACAC,4,-0.00840000000000024
353,C87009,Ferr Sulf_Tab 200mg,0901011P0AAACAC,4,-0.00840000000000024
352,C87017,Ferr Sulf_Tab 200mg,0901011P0AAACAC,4,-0.00840000000000024
420,C87622,Olanzapine_Tab 20mg,040201060AAAQAQ,4,-0.011199999999998766
223,C87002,Paracet_Tab 500mg,0407010H0AAAMAM,2,-0.011199999999999932
220,C87002,Paracet_Tab 500mg,0407010H0AAAMAM,2,-0.011199999999999932
221,C87022,Paracet_Tab 500mg,0407010H0AAAMAM,2,-0.011199999999999932
222,C87022,Paracet_Tab 500mg,0407010H0AAAMAM,2,-0.011199999999999932
446,C87017,Paracet_Tab Solb 500mg,0407010H0AAAQAQ,2,-0.011999999999998678
447,C87029,Paracet_Tab Solb 500mg,0407010H0AAAQAQ,2,-0.011999999999998678
448,C87017,Paracet_Tab Solb 500mg,0407010H0AAAQAQ,2,-0.011999999999998678
449,C87013,Paracet_Tab Solb 500mg,0407010H0AAAQAQ,2,-0.011999999999998678
450,C87013,Paracet_Tab Solb 500mg,0407010H0AAAQAQ,2,-0.011999999999998678
451,C87029,Paracet_Tab Solb 500mg,0407010H0AAAQAQ,2,-0.011999999999998678
225,C87604,Paracet_Tab 500mg,0407010H0AAAMAM,3,-0.0167999999999999
224,C87604,Paracet_Tab 500mg,0407010H0AAAMAM,3,-0.0167999999999999
355,C87004,Ferr Sulf_Tab 200mg,0901011P0AAACAC,8,-0.01680000000000048
421,C87008,Olanzapine_Tab 20mg,040201060AAAQAQ,7,-0.01959999999999784
296,C87006,Atorvastatin_Tab 20mg,0212000B0AAABAB,7,-0.020999999999999144
227,C87029,Paracet_Tab 500mg,0407010H0AAAMAM,4,-0.022399999999999864
226,C87029,Paracet_Tab 500mg,0407010H0AAAMAM,4,-0.022399999999999864
356,C87030,Ferr Sulf_Tab 200mg,0901011P0AAACAC,11,-0.02310000000000066
452,C87016,Paracet_Tab Solb 500mg,0407010H0AAAQAQ,4,-0.023999999999997357
453,C87016,Paracet_Tab Solb 500mg,0407010H0AAAQAQ,4,-0.023999999999997357
228,C87010,Paracet_Tab 500mg,0407010H0AAAMAM,5,-0.02799999999999983
229,C87010,Paracet_Tab 500mg,0407010H0AAAMAM,5,-0.02799999999999983
230,C87031,Paracet_Tab 500mg,0407010H0AAAMAM,5,-0.02799999999999983
231,C87031,Paracet_Tab 500mg,0407010H0AAAMAM,5,-0.02799999999999983
357,C87621,Ferr Sulf_Tab 200mg,0901011P0AAACAC,18,-0.03780000000000108
232,C87008,Paracet_Tab 500mg,0407010H0AAAMAM,7,-0.03919999999999976
233,C87008,Paracet_Tab 500mg,0407010H0AAAMAM,7,-0.03919999999999976
358,C87006,Ferr Sulf_Tab 200mg,0901011P0AAACAC,22,-0.04620000000000132
234,C87622,Paracet_Tab 500mg,0407010H0AAAMAM,9,-0.050399999999999695
235,C87622,Paracet_Tab 500mg,0407010H0AAAMAM,9,-0.050399999999999695
359,C87013,Ferr Sulf_Tab 200mg,0901011P0AAACAC,25,-0.052500000000001504
239,C87020,Paracet_Tab 500mg,0407010H0AAAMAM,10,-0.05599999999999966
236,C87018,Paracet_Tab 500mg,0407010H0AAAMAM,10,-0.05599999999999966
241,C87620,Paracet_Tab 500mg,0407010H0AAAMAM,10,-0.05599999999999966
237,C87020,Paracet_Tab 500mg,0407010H0AAAMAM,10,-0.05599999999999966
238,C87018,Paracet_Tab 500mg,0407010H0AAAMAM,10,-0.05599999999999966
240,C87620,Paracet_Tab 500mg,0407010H0AAAMAM,10,-0.05599999999999966
242,C87005,Paracet_Tab 500mg,0407010H0AAAMAM,12,-0.0671999999999996
244,C87016,Paracet_Tab 500mg,0407010H0AAAMAM,12,-0.0671999999999996
245,C87016,Paracet_Tab 500mg,0407010H0AAAMAM,12,-0.0671999999999996
243,C87005,Paracet_Tab 500mg,0407010H0AAAMAM,12,-0.0671999999999996
360,C87007,Ferr Sulf_Tab 200mg,0901011P0AAACAC,33,-0.06930000000000199
247,C87017,Paracet_Tab 500mg,0407010H0AAAMAM,13,-0.07279999999999956
246,C87017,Paracet_Tab 500mg,0407010H0AAAMAM,13,-0.07279999999999956
248,C87013,Paracet_Tab 500mg,0407010H0AAAMAM,15,-0.08399999999999949
249,C87013,Paracet_Tab 500mg,0407010H0AAAMAM,15,-0.08399999999999949
250,C87030,Paracet_Tab 500mg,0407010H0AAAMAM,19,-0.10639999999999936
251,C87030,Paracet_Tab 500mg,0407010H0AAAMAM,19,-0.10639999999999936
253,C87006,Paracet_Tab 500mg,0407010H0AAAMAM,23,-0.12879999999999922
252,C87006,Paracet_Tab 500mg,0407010H0AAAMAM,23,-0.12879999999999922
255,C87012,Paracet_Tab 500mg,0407010H0AAAMAM,29,-0.16239999999999902
254,C87012,Paracet_Tab 500mg,0407010H0AAAMAM,29,-0.16239999999999902
256,C87007,Paracet_Tab 500mg,0407010H0AAAMAM,33,-0.329999999999998
257,C87007,Paracet_Tab 500mg,0407010H0AAAMAM,33,-0.329999999999998
258,C87007,Paracet_Tab 500mg,0407010H0AAAMAM,20,-0.44799999999999923
259,C87007,Paracet_Tab 500mg,0407010H0AAAMAM,20,-0.44799999999999923
261,C87024,Paracet_Tab 500mg,0407010H0AAAMAM,55,-0.5499999999999967
260,C87024,Paracet_Tab 500mg,0407010H0AAAMAM,55,-0.5499999999999967
262,C87030,Paracet_Tab 500mg,0407010H0AAAMAM,19,-0.6383999999999999
263,C87030,Paracet_Tab 500mg,0407010H0AAAMAM,19,-0.6383999999999999
264,C87007,Paracet_Tab 500mg,0407010H0AAAMAM,34,-1.3599999999999919
265,C87007,Paracet_Tab 500mg,0407010H0AAAMAM,34,-1.3599999999999919
267,C87010,Paracet_Tab 500mg,0407010H0AAAMAM,4,-1.4335999999999998
266,C87010,Paracet_Tab 500mg,0407010H0AAAMAM,4,-1.4335999999999998
269,C87006,Paracet_Tab 500mg,0407010H0AAAMAM,83,-1.65999999999999
268,C87006,Paracet_Tab 500mg,0407010H0AAAMAM,83,-1.65999999999999
270,C87030,Paracet_Tab 500mg,0407010H0AAAMAM,85,-1.6999999999999897
271,C87030,Paracet_Tab 500mg,0407010H0AAAMAM,85,-1.6999999999999897
272,C87007,Paracet_Tab 500mg,0407010H0AAAMAM,171,-1.7099999999999898
273,C87007,Paracet_Tab 500mg,0407010H0AAAMAM,171,-1.7099999999999898
274,C87022,Paracet_Tab 500mg,0407010H0AAAMAM,83,-1.8591999999999889
275,C87022,Paracet_Tab 500mg,0407010H0AAAMAM,83,-1.8591999999999889
