,practice_code,bnf_description,bnf_code,items,excess_cost
0,E87003,Amlodipine_Tab 5mg,0206020A0AAAAAA,67,-0.10989999999999742
1,E87003,Atorvastatin_Tab 20mg,0212000B0AAABAB,54,45.05760000000001
2,E87003,Atorvastatin_Tab 80mg,0212000B0AAADAD,25,0.052500000000001504
3,E87003,Memantine HCl_Tab 20mg,0411000G0AAADAD,19,0.0930999999999999
4,E87003,Paracet_Tab 500mg,0407010H0AAAMAM,96,20.226399999999995
5,E87003,Pregabalin_Cap 50mg,0408010AEAAABAB,4,0.016799999999999704
6,E87004,Amlodipine_Tab 5mg,0206020A0AAAAAA,31,0.17360000000000197
7,E87004,Atorvastatin_Tab 80mg,0212000B0AAADAD,21,0.08820000000000253
8,E87004,Escitalopram_Tab 20mg,0403030X0AAABAB,2,67.1412
9,E87004,Paracet_Tab 500mg,0407010H0AAAMAM,46,0.02799999999999983
10,E87004,Pregabalin_Cap 50mg,0408010AEAAABAB,4,0.01819999999999994
11,E87004,Risperidone_Tab 6mg,040201030AAAFAF,1,29.2096
12,E87007,Amlodipine_Tab 5mg,0206020A0AAAAAA,18,-0.037799999999999334
13,E87007,Atorvastatin_Tab 80mg,0212000B0AAADAD,4,0.00840000000000024
14,E87007,Paracet_Tab 500mg,0407010H0AAAMAM,12,0.04759999999999971
15,E87007,Pregabalin_Cap 50mg,0408010AEAAABAB,5,0.022399999999999864
16,E87009,Amlodipine_Tab 5mg,0206020A0AAAAAA,29,-0.06089999999999893
17,E87009,Atorvastatin_Tab 80mg,0212000B0AAADAD,46,0.09660000000000277
18,E87009,Paracet_Tab 500mg,0407010H0AAAMAM,38,-0.17919999999999892
19,E87009,Pregabalin_Cap 50mg,0408010AEAAABAB,9,0.037799999999999334
20,E87013,Amlodipine_Tab 5mg,0206020A0AAAAAA,38,-0.0797999999999986
21,E87013,Atorvastatin_Tab 80mg,0212000B0AAADAD,4,0.00840000000000024
22,E87013,Escitalopram_Tab 20mg,0403030X0AAABAB,4,44.7552
23,E87013,Memantine HCl_Tab 20mg,0411000G0AAADAD,4,0.01959999999999998
24,E87013,Paracet_Tab 500mg,0407010H0AAAMAM,62,2.7872000000000012
25,E87013,Pregabalin_Cap 50mg,0408010AEAAABAB,14,0.044799999999999146
26,E87013,Risperidone_Tab 6mg,040201030AAAFAF,5,58.441599999999994
27,E87016,Amlodipine_Tab 5mg,0206020A0AAAAAA,22,-0.021299999999999056
28,E87016,Atorvastatin_Tab 80mg,0212000B0AAADAD,9,0.01890000000000054
29,E87016,Paracet_Tab 500mg,0407010H0AAAMAM,76,30.439999999999994
30,E87016,Phenytoin_Sod Tab 100mg,0408010Q0AAAGAG,1,284.28
31,E87016,Pregabalin_Cap 50mg,0408010AEAAABAB,1,0.00560000000000016
32,E87021,Atorvastatin_Tab 20mg,0212000B0AAABAB,32,67.7376
33,E87021,Paracet_Tab 500mg,0407010H0AAAMAM,114,122.29039999999999
34,E87021,Risperidone_Tab 6mg,040201030AAAFAF,2,87.6288
35,E87024,Amlodipine_Tab 5mg,0206020A0AAAAAA,28,-0.058799999999998964
36,E87024,Atorvastatin_Tab 80mg,0212000B0AAADAD,20,0.0420000000000012
37,E87024,Memantine HCl_Tab 20mg,0411000G0AAADAD,8,0.03919999999999996
38,E87024,Pregabalin_Cap 50mg,0408010AEAAABAB,3,0.00840000000000024
39,E87024,Risperidone_Tab 6mg,040201030AAAFAF,1,29.2096
40,E87026,Amlodipine_Tab 5mg,0206020A0AAAAAA,82,222.48240000000004
41,E87026,Atorvastatin_Tab 20mg,0212000B0AAABAB,75,1334.8656999999998
42,E87026,Atorvastatin_Tab 40mg,0212000B0AAACAC,72,606.3491
43,E87026,Atorvastatin_Tab 80mg,0212000B0AAADAD,49,248.1472
44,E87026,Escitalopram_Tab 20mg,0403030X0AAABAB,1,22.3804
45,E87026,Memantine HCl_Tab 20mg,0411000G0AAADAD,5,171.0184
46,E87026,Paracet_Tab 500mg,0407010H0AAAMAM,20,0.030399999999999816
47,E87029,Amlodipine_Tab 5mg,0206020A0AAAAAA,59,-0.11619999999999779
48,E87029,Atorvastatin_Tab 40mg,0212000B0AAACAC,1,0.006000000000000172
49,E87029,Atorvastatin_Tab 80mg,0212000B0AAADAD,35,0.0735000000000021
50,E87029,Escitalopram_Tab 20mg,0403030X0AAABAB,3,44.763600000000004
51,E87029,Paracet_Tab 500mg,0407010H0AAAMAM,52,2.396800000000002
52,E87029,Pregabalin_Cap 50mg,0408010AEAAABAB,12,0.04479999999999934
53,E87038,Amlodipine_Tab 5mg,0206020A0AAAAAA,73,-0.13379999999999737
54,E87038,Atorvastatin_Tab 80mg,0212000B0AAADAD,29,0.060900000000001744
55,E87038,Memantine HCl_Tab 20mg,0411000G0AAADAD,8,0.03919999999999996
56,E87038,Paracet_Tab 500mg,0407010H0AAAMAM,78,0.24119999999999853
57,E87038,Pregabalin_Cap 50mg,0408010AEAAABAB,4,0.02240000000000064
58,E87038,Risperidone_Tab 6mg,040201030AAAFAF,1,29.2096
59,E87043,Amlodipine_Tab 5mg,0206020A0AAAAAA,39,-0.04039999999999824
60,E87043,Atorvastatin_Tab 80mg,0212000B0AAADAD,27,0.056700000000001624
61,E87043,Memantine HCl_Tab 20mg,0411000G0AAADAD,3,0.014699999999999984
62,E87043,Paracet_Tab 500mg,0407010H0AAAMAM,40,0.10279999999999939
63,E87047,Amlodipine_Tab 5mg,0206020A0AAAAAA,25,0.010500000000001952
64,E87047,Atorvastatin_Tab 20mg,0212000B0AAABAB,12,0.05400000000000196
65,E87047,Atorvastatin_Tab 40mg,0212000B0AAACAC,24,22.2794
66,E87047,Atorvastatin_Tab 80mg,0212000B0AAADAD,1,0.00210000000000006
67,E87047,Paracet_Tab 500mg,0407010H0AAAMAM,16,0.04239999999999974
68,E87047,Pregabalin_Cap 50mg,0408010AEAAABAB,9,0.04900000000000121
69,E87048,Amlodipine_Tab 5mg,0206020A0AAAAAA,4,-0.008399999999999852
70,E87048,Atorvastatin_Tab 80mg,0212000B0AAADAD,4,0.00840000000000024
71,E87048,Memantine HCl_Tab 20mg,0411000G0AAADAD,4,0.01959999999999998
72,E87048,Pregabalin_Cap 50mg,0408010AEAAABAB,1,0.00560000000000016
73,E87050,Amlodipine_Tab 5mg,0206020A0AAAAAA,7,-0.014699999999999741
74,E87050,Paracet_Tab 500mg,0407010H0AAAMAM,26,-0.09519999999999942
75,E87050,Phenytoin_Sod Tab 100mg,0408010Q0AAAGAG,1,119.39759999999998
76,E87061,Amlodipine_Tab 5mg,0206020A0AAAAAA,2,0.0021000000000001573
77,E87061,Atorvastatin_Tab 80mg,0212000B0AAADAD,2,0.0063000000000001805
78,E87061,Paracet_Tab 500mg,0407010H0AAAMAM,62,-1.1359999999999932
79,E87061,Risperidone_Tab 6mg,040201030AAAFAF,2,29.2096
80,E87063,Amlodipine_Tab 5mg,0206020A0AAAAAA,52,-0.09449999999999775
81,E87063,Atorvastatin_Tab 20mg,0212000B0AAABAB,59,112.64400000000002
82,E87063,Atorvastatin_Tab 80mg,0212000B0AAADAD,15,0.0315000000000009
83,E87063,Paracet_Tab 500mg,0407010H0AAAMAM,16,0.0335999999999998
84,E87063,Pregabalin_Cap 50mg,0408010AEAAABAB,8,0.03639999999999988
85,E87065,Amlodipine_Tab 5mg,0206020A0AAAAAA,25,26.653200000000005
86,E87065,Atorvastatin_Tab 20mg,0212000B0AAABAB,37,270.41560000000004
87,E87065,Atorvastatin_Tab 80mg,0212000B0AAADAD,43,0.08610000000000247
88,E87065,Paracet_Tab 500mg,0407010H0AAAMAM,44,-0.12879999999999922
89,E87065,Pregabalin_Cap 50mg,0408010AEAAABAB,1,0.00560000000000016
90,E87067,Amlodipine_Tab 5mg,0206020A0AAAAAA,57,-0.11969999999999789
91,E87067,Atorvastatin_Tab 80mg,0212000B0AAADAD,23,0.048300000000001383
92,E87067,Memantine HCl_Tab 20mg,0411000G0AAADAD,8,0.03919999999999996
93,E87067,Paracet_Tab 500mg,0407010H0AAAMAM,160,10.424800000000008
94,E87067,Pregabalin_Cap 50mg,0408010AEAAABAB,4,0.016799999999999704
95,E87067,Risperidone_Tab 6mg,040201030AAAFAF,2,58.4192
96,E87637,Amlodipine_Tab 5mg,0206020A0AAAAAA,1,0.00210000000000006
97,E87637,Atorvastatin_Tab 20mg,0212000B0AAABAB,1,-0.0029999999999998778
98,E87637,Atorvastatin_Tab 40mg,0212000B0AAACAC,2,0.003000000000000294
99,E87637,Atorvastatin_Tab 80mg,0212000B0AAADAD,2,0.00420000000000012
100,E87637,Escitalopram_Tab 20mg,0403030X0AAABAB,3,22.377599999999997
101,E87637,Memantine HCl_Tab 20mg,0411000G0AAADAD,1,127.79760000000002
102,E87637,Paracet_Tab 500mg,0407010H0AAAMAM,186,3.3828000000000373
103,E87637,Phenytoin_Sod Tab 100mg,0408010Q0AAAGAG,1,119.39759999999998
104,E87637,Pregabalin_Cap 50mg,0408010AEAAABAB,6,0.00840000000000024
105,E87637,Risperidone_Tab 6mg,040201030AAAFAF,3,87.6288
106,E87665,Amlodipine_Tab 5mg,0206020A0AAAAAA,20,0.08200000000000138
107,E87665,Atorvastatin_Tab 40mg,0212000B0AAACAC,1,0.006000000000000172
108,E87665,Atorvastatin_Tab 80mg,0212000B0AAADAD,4,0.01680000000000048
109,E87665,Paracet_Tab 500mg,0407010H0AAAMAM,22,20.14880000000001
110,E87665,Pregabalin_Cap 50mg,0408010AEAAABAB,12,0.046199999999999575
111,E87682,Amlodipine_Tab 5mg,0206020A0AAAAAA,37,-0.046899999999998526
112,E87682,Atorvastatin_Tab 20mg,0212000B0AAABAB,41,45.23120000000001
113,E87682,Atorvastatin_Tab 80mg,0212000B0AAADAD,23,0.048300000000001383
114,E87682,Paracet_Tab 500mg,0407010H0AAAMAM,2,0.011999999999999927
115,E87682,Pregabalin_Cap 50mg,0408010AEAAABAB,6,0.025200000000000722
116,E87701,Amlodipine_Tab 5mg,0206020A0AAAAAA,6,0.009800000000000572
117,E87701,Atorvastatin_Tab 40mg,0212000B0AAACAC,1,0.006000000000000172
118,E87701,Paracet_Tab 500mg,0407010H0AAAMAM,34,31.129600000000014
119,E87702,Atorvastatin_Tab 20mg,0212000B0AAABAB,2,22.5288
120,E87702,Pregabalin_Cap 50mg,0408010AEAAABAB,1,0.00560000000000016
121,E87706,Amlodipine_Tab 5mg,0206020A0AAAAAA,53,-0.11129999999999804
122,E87706,Atorvastatin_Tab 80mg,0212000B0AAADAD,49,0.10290000000000295
123,E87706,Memantine HCl_Tab 20mg,0411000G0AAADAD,7,0.03429999999999996
124,E87706,Paracet_Tab 500mg,0407010H0AAAMAM,74,-0.2775999999999983
125,E87706,Pregabalin_Cap 50mg,0408010AEAAABAB,4,0.016799999999999704
126,E87711,Amlodipine_Tab 5mg,0206020A0AAAAAA,46,-0.09009999999999832
127,E87711,Atorvastatin_Tab 80mg,0212000B0AAADAD,5,0.0105000000000003
128,E87711,Memantine HCl_Tab 20mg,0411000G0AAADAD,10,0.048999999999999946
129,E87711,Paracet_Tab 500mg,0407010H0AAAMAM,38,-0.09519999999999942
130,E87711,Pregabalin_Cap 50mg,0408010AEAAABAB,15,-0.0070000000000002005
131,E87715,Amlodipine_Tab 5mg,0206020A0AAAAAA,22,0.006000000000001726
132,E87715,Atorvastatin_Tab 80mg,0212000B0AAADAD,3,0.0063000000000001805
133,E87715,Paracet_Tab 500mg,0407010H0AAAMAM,2,-0.011199999999999932
134,E87715,Pregabalin_Cap 50mg,0408010AEAAABAB,8,0.04339999999999988
135,E87720,Amlodipine_Tab 5mg,0206020A0AAAAAA,18,-0.037799999999999334
136,E87720,Atorvastatin_Tab 40mg,0212000B0AAACAC,1,0.006000000000000172
137,E87720,Atorvastatin_Tab 80mg,0212000B0AAADAD,4,0.01680000000000048
138,E87720,Paracet_Tab 500mg,0407010H0AAAMAM,30,-0.15119999999999909
139,E87722,Amlodipine_Tab 5mg,0206020A0AAAAAA,21,-0.013299999999999118
140,E87722,Atorvastatin_Tab 80mg,0212000B0AAADAD,12,0.025200000000000722
141,E87722,Escitalopram_Tab 20mg,0403030X0AAABAB,2,44.766400000000004
142,E87722,Paracet_Tab 500mg,0407010H0AAAMAM,16,-0.011199999999999932
143,E87733,Amlodipine_Tab 5mg,0206020A0AAAAAA,42,-0.08819999999999845
144,E87733,Atorvastatin_Tab 40mg,0212000B0AAACAC,2,0.003000000000000294
145,E87733,Atorvastatin_Tab 80mg,0212000B0AAADAD,7,0.014700000000000421
146,E87733,Memantine HCl_Tab 20mg,0411000G0AAADAD,22,0.10779999999999988
147,E87733,Paracet_Tab 500mg,0407010H0AAAMAM,58,0.06439999999999962
148,E87733,Pregabalin_Cap 50mg,0408010AEAAABAB,3,85.6184
149,E87733,Risperidone_Tab 6mg,040201030AAAFAF,1,29.2096
150,E87735,Amlodipine_Tab 5mg,0206020A0AAAAAA,1,0.003000000000000086
151,E87735,Atorvastatin_Tab 40mg,0212000B0AAACAC,1,-0.0029999999999998778
152,E87735,Paracet_Tab 500mg,0407010H0AAAMAM,2,0.005999999999999964
153,E87735,Pregabalin_Cap 50mg,0408010AEAAABAB,1,203.84000000000003
154,E87738,Amlodipine_Tab 5mg,0206020A0AAAAAA,7,0.031700000000000714
155,E87738,Atorvastatin_Tab 20mg,0212000B0AAABAB,2,0.003000000000000294
156,E87738,Atorvastatin_Tab 80mg,0212000B0AAADAD,4,0.00840000000000024
157,E87738,Paracet_Tab 500mg,0407010H0AAAMAM,6,-0.0335999999999998
158,E87738,Pregabalin_Cap 50mg,0408010AEAAABAB,3,0.0
159,E87742,Amlodipine_Tab 5mg,0206020A0AAAAAA,4,0.01880000000000044
160,E87742,Paracet_Tab 500mg,0407010H0AAAMAM,50,-1.4479999999999995
161,E87742,Pregabalin_Cap 50mg,0408010AEAAABAB,5,0.028000000000000802
162,E87742,Risperidone_Tab 6mg,040201030AAAFAF,1,58.4192
163,E87746,Amlodipine_Tab 5mg,0206020A0AAAAAA,87,35.60270000000001
164,E87746,Atorvastatin_Tab 20mg,0212000B0AAABAB,1,0.006000000000000172
165,E87746,Paracet_Tab 500mg,0407010H0AAAMAM,32,0.05599999999999966
166,E87750,Amlodipine_Tab 5mg,0206020A0AAAAAA,25,-0.052499999999999075
167,E87750,Atorvastatin_Tab 20mg,0212000B0AAABAB,50,22.557600000000004
168,E87750,Atorvastatin_Tab 40mg,0212000B0AAACAC,20,22.246000000000002
169,E87750,Paracet_Tab 500mg,0407010H0AAAMAM,16,0.06439999999999961
170,E87750,Pregabalin_Cap 50mg,0408010AEAAABAB,1,-0.00280000000000008
171,E87751,Amlodipine_Tab 5mg,0206020A0AAAAAA,47,-0.09219999999999828
172,E87751,Atorvastatin_Tab 80mg,0212000B0AAADAD,26,0.054600000000001564
173,E87751,Paracet_Tab 500mg,0407010H0AAAMAM,180,10.680000000000025
174,E87751,Pregabalin_Cap 50mg,0408010AEAAABAB,13,0.05459999999999904
175,E87755,Paracet_Tab 500mg,0407010H0AAAMAM,2,-0.011199999999999932
176,E87755,Pregabalin_Cap 50mg,0408010AEAAABAB,3,0.01680000000000048
177,E87762,Amlodipine_Tab 5mg,0206020A0AAAAAA,50,-0.0895999999999981
178,E87762,Atorvastatin_Tab 80mg,0212000B0AAADAD,12,0.025200000000000722
179,E87762,Memantine HCl_Tab 20mg,0411000G0AAADAD,13,0.06369999999999992
180,E87762,Paracet_Tab 500mg,0407010H0AAAMAM,36,0.20159999999999878
181,E87762,Pregabalin_Cap 50mg,0408010AEAAABAB,9,0.0335999999999998
182,Y00200,Amlodipine_Tab 5mg,0206020A0AAAAAA,12,-0.025199999999999556
183,Y00200,Atorvastatin_Tab 20mg,0212000B0AAABAB,1,0.006000000000000172
184,Y00200,Paracet_Tab 500mg,0407010H0AAAMAM,10,-0.05599999999999966
185,Y00507,Amlodipine_Tab 5mg,0206020A0AAAAAA,12,-0.025199999999999556
186,Y00507,Memantine HCl_Tab 20mg,0411000G0AAADAD,4,0.01959999999999998
187,Y00507,Paracet_Tab 500mg,0407010H0AAAMAM,8,0.04799999999999971
188,Y01011,Amlodipine_Tab 5mg,0206020A0AAAAAA,1,0.005600000000000063
189,Y01011,Atorvastatin_Tab 20mg,0212000B0AAABAB,63,22.57920000000001
190,Y01011,Atorvastatin_Tab 40mg,0212000B0AAACAC,1,-0.0029999999999998778
191,Y01011,Atorvastatin_Tab 80mg,0212000B0AAADAD,1,0.00420000000000012
192,Y01011,Escitalopram_Tab 20mg,0403030X0AAABAB,5,89.51599999999999
193,Y01011,Paracet_Tab 500mg,0407010H0AAAMAM,172,9.7504
194,Y01011,Pregabalin_Cap 50mg,0408010AEAAABAB,3,0.00840000000000024
195,Y02842,Amlodipine_Tab 5mg,0206020A0AAAAAA,22,-0.012499999999999248
196,Y02842,Atorvastatin_Tab 80mg,0212000B0AAADAD,27,0.056700000000001624
197,Y02842,Paracet_Tab 500mg,0407010H0AAAMAM,8,0.022399999999999864
198,Y02842,Pregabalin_Cap 50mg,0408010AEAAABAB,10,0.050400000000000666
199,Y03077,Amlodipine_Tab 5mg,0206020A0AAAAAA,1,-0.002099999999999963
200,Y03441,Amlodipine_Tab 5mg,0206020A0AAAAAA,46,17.761100000000006
201,Y03441,Atorvastatin_Tab 80mg,0212000B0AAADAD,5,0.0105000000000003
202,Y03441,Escitalopram_Tab 20mg,0403030X0AAABAB,1,22.3804
203,Y03441,Paracet_Tab 500mg,0407010H0AAAMAM,4,-0.8815999999999997
204,Y03441,Pregabalin_Cap 50mg,0408010AEAAABAB,3,0.014000000000000012
205,Y04923,Atorvastatin_Tab 20mg,0212000B0AAABAB,1,-0.0013999999999999985
206,Y04923,Pregabalin_Cap 50mg,0408010AEAAABAB,1,-0.003200000000000036
207,Y05401,Amlodipine_Tab 5mg,0206020A0AAAAAA,1,0.005600000000000063
