,practice_code,bnf_description,bnf_code,items,excess_cost
0,L81004,Amiodarone HCl_Tab 200mg,0203020D0AAABAB,10,4.188800000000003
1,L81004,Clonazepam_Tab 500mcg,0408010F0AAABAB,4,2.813699999999994
2,L81004,Co-Codamol_Tab 8mg/500mg,0407010F0AAAAAA,4,0.0499999999999997
3,L81004,Exemestane_Tab 25mg,0803041C0AAAAAA,9,0.04359999999999831
4,L81004,Mesalazine_Tab E/C 400mg,0105010B0AAAAAA,1,51.33599999999999
5,L81007,Amiodarone HCl_Tab 200mg,0203020D0AAABAB,6,2.3541000000000016
6,L81007,Buprenorphine_Tab Subling 400mcg S/F,0410030A0AAACAC,29,19.430400000000006
7,L81007,Clonazepam_Tab 500mcg,0408010F0AAABAB,31,9.79079999999998
8,L81007,Co-Codamol_Tab 8mg/500mg,0407010F0AAAAAA,34,0.18199999999999888
9,L81007,Exemestane_Tab 25mg,0803041C0AAAAAA,10,0.04899999999999849
10,L81008,Amiodarone HCl_Tab 200mg,0203020D0AAABAB,9,2.8735000000000017
11,L81008,Buprenorphine_Tab Subling 400mcg S/F,0410030A0AAACAC,2,2.2848
12,L81008,Clonazepam_Tab 500mcg,0408010F0AAABAB,16,3.2059999999999937
13,L81008,Co-Codamol_Tab 8mg/500mg,0407010F0AAAAAA,34,0.164399999999999
14,L81009,Amiodarone HCl_Tab 200mg,0203020D0AAABAB,43,7.864500000000005
15,L81009,Buprenorphine_Tab Subling 400mcg S/F,0410030A0AAACAC,4,0.9222000000000004
16,L81009,Clonazepam_Tab 500mcg,0408010F0AAABAB,13,7.209399999999985
17,L81009,Co-Codamol_Tab 8mg/500mg,0407010F0AAAAAA,10,0.0335999999999998
18,L81009,Exemestane_Tab 25mg,0803041C0AAAAAA,3,0.014699999999999547
19,L81012,Amiodarone HCl_Tab 200mg,0203020D0AAABAB,12,1.2817000000000003
20,L81012,Buprenorphine_Tab Subling 400mcg S/F,0410030A0AAACAC,21,17.8256
21,L81012,Clonazepam_Tab 500mcg,0408010F0AAABAB,27,6.501999999999987
22,L81012,Co-Codamol_Tab 8mg/500mg,0407010F0AAAAAA,12,0.0491999999999997
23,L81012,Pyridox HCl_Tab 50mg,0906024N0AAAIAI,2,10.054800000000002
24,L81012,Risperidone_Tab 6mg,040201030AAAFAF,6,87.65119999999999
25,L81013,Amiodarone HCl_Tab 200mg,0203020D0AAABAB,1,0.7000000000000006
26,L81013,Buprenorphine_Tab Subling 400mcg S/F,0410030A0AAACAC,6,1.3007999999999997
27,L81013,Clonazepam_Tab 500mcg,0408010F0AAABAB,15,5.632399999999988
28,L81013,Co-Codamol_Tab 8mg/500mg,0407010F0AAAAAA,8,0.04479999999999973
29,L81013,Exemestane_Tab 25mg,0803041C0AAAAAA,3,0.014699999999999547
30,L81013,Pyridox HCl_Tab 50mg,0906024N0AAAIAI,4,0.4788000000000001
31,L81014,Amiodarone HCl_Tab 200mg,0203020D0AAABAB,10,4.200000000000004
32,L81014,Clonazepam_Tab 500mcg,0408010F0AAABAB,17,3.5010999999999926
33,L81014,Co-Codamol_Tab 8mg/500mg,0407010F0AAAAAA,12,0.06479999999999961
34,L81014,Risperidone_Tab 6mg,040201030AAAFAF,1,29.2096
35,L81015,Amiodarone HCl_Tab 200mg,0203020D0AAABAB,7,3.2388000000000026
36,L81015,Buprenorphine_Tab Subling 400mcg S/F,0410030A0AAACAC,10,8.278
37,L81015,Clonazepam_Tab 500mcg,0408010F0AAABAB,15,2.1356999999999955
38,L81015,Co-Codamol_Tab 8mg/500mg,0407010F0AAAAAA,52,0.25599999999999845
39,L81015,Phenytoin_Sod Tab 100mg,0408010Q0AAAGAG,4,0.025199999999997225
40,L81015,Pyridox HCl_Tab 50mg,0906024N0AAAIAI,1,0.9576000000000002
41,L81016,Buprenorphine_Tab Subling 400mcg S/F,0410030A0AAACAC,2,1.5232
42,L81016,Clonazepam_Tab 500mcg,0408010F0AAABAB,22,11.772799999999974
43,L81016,Co-Codamol_Tab 8mg/500mg,0407010F0AAAAAA,12,0.0659999999999996
44,L81017,Amiodarone HCl_Tab 200mg,0203020D0AAABAB,6,3.500000000000003
45,L81017,Buprenorphine_Tab Subling 400mcg S/F,0410030A0AAACAC,4,3.6176
46,L81017,Clonazepam_Tab 500mcg,0408010F0AAABAB,17,5.378799999999989
47,L81017,Co-Codamol_Tab 8mg/500mg,0407010F0AAAAAA,2,0.011199999999999932
48,L81017,Exemestane_Tab 25mg,0803041C0AAAAAA,4,0.019599999999999396
49,L81017,Phenytoin_Sod Tab 100mg,0408010Q0AAAGAG,1,0.011999999999998678
50,L81018,Amiodarone HCl_Tab 200mg,0203020D0AAABAB,9,3.500000000000003
51,L81018,Buprenorphine_Tab Subling 400mcg S/F,0410030A0AAACAC,5,2.8832000000000004
52,L81018,Clonazepam_Tab 500mcg,0408010F0AAABAB,1,1.1299999999999977
53,L81018,Pyridox HCl_Tab 50mg,0906024N0AAAIAI,1,0.9576000000000002
54,L81019,Amiodarone HCl_Tab 200mg,0203020D0AAABAB,5,2.450000000000002
55,L81019,Buprenorphine_Tab Subling 400mcg S/F,0410030A0AAACAC,2,1.5232
56,L81019,Clonazepam_Tab 500mcg,0408010F0AAABAB,6,2.531199999999995
57,L81019,Co-Codamol_Tab 8mg/500mg,0407010F0AAAAAA,2,43.5456
58,L81021,Amiodarone HCl_Tab 200mg,0203020D0AAABAB,2,1.050000000000001
59,L81021,Clonazepam_Tab 500mcg,0408010F0AAABAB,26,12.090999999999973
60,L81021,Co-Codamol_Tab 8mg/500mg,0407010F0AAAAAA,6,0.02999999999999982
61,L81021,Pyridox HCl_Tab 50mg,0906024N0AAAIAI,4,0.4788000000000001
62,L81022,Amiodarone HCl_Tab 200mg,0203020D0AAABAB,12,3.7429000000000032
63,L81022,Buprenorphine_Tab Subling 400mcg S/F,0410030A0AAACAC,13,6.6576
64,L81022,Clonazepam_Tab 500mcg,0408010F0AAABAB,31,6.169799999999987
65,L81022,Co-Codamol_Tab 8mg/500mg,0407010F0AAAAAA,16,14.9
66,L81023,Amiodarone HCl_Tab 200mg,0203020D0AAABAB,22,1.9579
67,L81023,Clonazepam_Tab 500mcg,0408010F0AAABAB,5,5.2205999999999895
68,L81023,Co-Codamol_Tab 8mg/500mg,0407010F0AAAAAA,18,0.06799999999999959
69,L81023,Exemestane_Tab 25mg,0803041C0AAAAAA,4,0.019599999999999396
70,L81024,Amiodarone HCl_Tab 200mg,0203020D0AAABAB,4,2.450000000000002
71,L81024,Buprenorphine_Tab Subling 400mcg S/F,0410030A0AAACAC,2,3.0464
72,L81024,Clonazepam_Tab 500mcg,0408010F0AAABAB,13,9.94399999999998
73,L81026,Amiodarone HCl_Tab 200mg,0203020D0AAABAB,21,8.377600000000008
74,L81026,Buprenorphine_Tab Subling 400mcg S/F,0410030A0AAACAC,14,8.027199999999999
75,L81026,Clonazepam_Tab 500mcg,0408010F0AAABAB,20,10.64579999999998
76,L81026,Co-Codamol_Tab 8mg/500mg,0407010F0AAAAAA,28,0.15199999999999908
77,L81026,Exemestane_Tab 25mg,0803041C0AAAAAA,6,0.029399999999999094
78,L81026,Mesalazine_Tab E/C 800mg,0105010B0AAASAS,1,-36.89999999999999
79,L81028,Amiodarone HCl_Tab 200mg,0203020D0AAABAB,11,4.888800000000004
80,L81028,Clonazepam_Tab 500mcg,0408010F0AAABAB,2,1.898399999999996
81,L81028,Co-Codamol_Tab 8mg/500mg,0407010F0AAAAAA,2,0.00999999999999994
82,L81029,Amiodarone HCl_Tab 200mg,0203020D0AAABAB,7,3.150000000000003
83,L81029,Clonazepam_Tab 500mcg,0408010F0AAABAB,10,3.864599999999992
84,L81031,Amiodarone HCl_Tab 200mg,0203020D0AAABAB,11,2.777600000000002
85,L81031,Buprenorphine_Tab Subling 400mcg S/F,0410030A0AAACAC,3,5.5760000000000005
86,L81031,Clonazepam_Tab 500mcg,0408010F0AAABAB,16,11.944099999999976
87,L81031,Co-Codamol_Tab 8mg/500mg,0407010F0AAAAAA,52,0.2899999999999982
88,L81031,Phenytoin_Sod Tab 100mg,0408010Q0AAAGAG,9,159.24719999999996
89,L81031,Pyridox HCl_Tab 50mg,0906024N0AAAIAI,1,1.4364000000000003
90,L81033,Amiodarone HCl_Tab 200mg,0203020D0AAABAB,4,3.8500000000000036
91,L81033,Buprenorphine_Tab Subling 400mcg S/F,0410030A0AAACAC,10,8.568
92,L81033,Clonazepam_Tab 500mcg,0408010F0AAABAB,11,3.977599999999992
93,L81033,Co-Codamol_Tab 8mg/500mg,0407010F0AAAAAA,10,0.032399999999999804
94,L81034,Amiodarone HCl_Tab 200mg,0203020D0AAABAB,26,6.870500000000005
95,L81034,Clonazepam_Tab 500mcg,0408010F0AAABAB,26,7.797199999999984
96,L81034,Exemestane_Tab 25mg,0803041C0AAAAAA,10,0.04899999999999849
97,L81034,Mesalazine_Tab E/C 400mg,0105010B0AAAAAA,1,-34.224
98,L81034,Pyridox HCl_Tab 50mg,0906024N0AAAIAI,1,2.8728000000000007
99,L81036,Amiodarone HCl_Tab 200mg,0203020D0AAABAB,20,3.805200000000002
100,L81036,Buprenorphine_Tab Subling 400mcg S/F,0410030A0AAACAC,3,2.2848
101,L81036,Clonazepam_Tab 500mcg,0408010F0AAABAB,17,3.084899999999994
102,L81036,Exemestane_Tab 25mg,0803041C0AAAAAA,4,0.019599999999999396
103,L81036,Pyridox HCl_Tab 50mg,0906024N0AAAIAI,2,7.660800000000002
104,L81037,Amiodarone HCl_Tab 200mg,0203020D0AAABAB,19,6.277600000000005
105,L81037,Buprenorphine_Tab Subling 400mcg S/F,0410030A0AAACAC,11,8.8192
106,L81037,Clonazepam_Tab 500mcg,0408010F0AAABAB,53,10.174199999999976
107,L81037,Co-Codamol_Tab 8mg/500mg,0407010F0AAAAAA,46,0.10719999999999935
108,L81037,Phenytoin_Sod Tab 100mg,0408010Q0AAAGAG,4,0.025199999999997225
109,L81037,Pyridox HCl_Tab 50mg,0906024N0AAAIAI,5,2.633400000000001
110,L81038,Amiodarone HCl_Tab 200mg,0203020D0AAABAB,10,6.650000000000007
111,L81038,Buprenorphine_Tab Subling 400mcg S/F,0410030A0AAACAC,8,4.1888000000000005
112,L81038,Clonazepam_Tab 500mcg,0408010F0AAABAB,12,6.090699999999988
113,L81038,Co-Codamol_Tab 8mg/500mg,0407010F0AAAAAA,32,0.018799999999999872
114,L81038,Exemestane_Tab 25mg,0803041C0AAAAAA,2,0.009799999999999698
115,L81040,Amiodarone HCl_Tab 200mg,0203020D0AAABAB,13,1.7164000000000006
116,L81040,Clonazepam_Tab 500mcg,0408010F0AAABAB,8,4.74899999999999
117,L81040,Co-Codamol_Tab 8mg/500mg,0407010F0AAAAAA,24,0.011199999999999932
118,L81040,Pyridox HCl_Tab 50mg,0906024N0AAAIAI,1,0.9576000000000002
119,L81041,Amiodarone HCl_Tab 200mg,0203020D0AAABAB,1,0.7000000000000006
120,L81041,Buprenorphine_Tab Subling 400mcg S/F,0410030A0AAACAC,8,5.331200000000001
121,L81041,Clonazepam_Tab 500mcg,0408010F0AAABAB,7,1.6610999999999967
122,L81041,Co-Codamol_Tab 8mg/500mg,0407010F0AAAAAA,8,-0.0335999999999998
123,L81042,Amiodarone HCl_Tab 200mg,0203020D0AAABAB,7,4.200000000000004
124,L81042,Buprenorphine_Tab Subling 400mcg S/F,0410030A0AAACAC,12,8.049600000000002
125,L81042,Clonazepam_Tab 500mcg,0408010F0AAABAB,10,1.6950999999999967
126,L81042,Co-Codamol_Tab 8mg/500mg,0407010F0AAAAAA,12,-0.0491999999999997
127,L81042,Pyridox HCl_Tab 50mg,0906024N0AAAIAI,2,0.9576000000000002
128,L81043,Amiodarone HCl_Tab 200mg,0203020D0AAABAB,2,0.7000000000000006
129,L81043,Clonazepam_Tab 500mcg,0408010F0AAABAB,11,3.8391999999999924
130,L81043,Co-Codamol_Tab 8mg/500mg,0407010F0AAAAAA,8,0.022399999999999864
131,L81043,Exemestane_Tab 25mg,0803041C0AAAAAA,8,0.03919999999999879
132,L81044,Amiodarone HCl_Tab 200mg,0203020D0AAABAB,6,1.388800000000001
133,L81044,Clonazepam_Tab 500mcg,0408010F0AAABAB,51,9.630599999999978
134,L81044,Co-Codamol_Tab 8mg/500mg,0407010F0AAAAAA,8,0.04799999999999971
135,L81044,Exemestane_Tab 25mg,0803041C0AAAAAA,1,0.004999999999999449
136,L81044,Mesalazine_Tab E/C 400mg,0105010B0AAAAAA,1,23.956799999999998
137,L81044,Pyridox HCl_Tab 50mg,0906024N0AAAIAI,1,0.4788000000000001
138,L81046,Amiodarone HCl_Tab 200mg,0203020D0AAABAB,43,5.138000000000002
139,L81046,Clonazepam_Tab 500mcg,0408010F0AAABAB,14,6.436399999999988
140,L81047,Amiodarone HCl_Tab 200mg,0203020D0AAABAB,23,5.205200000000003
141,L81047,Buprenorphine_Tab Subling 400mcg S/F,0410030A0AAACAC,1,0.5984
142,L81047,Clonazepam_Tab 500mcg,0408010F0AAABAB,6,1.898399999999996
143,L81047,Pyridox HCl_Tab 50mg,0906024N0AAAIAI,1,0.4788000000000001
144,L81050,Amiodarone HCl_Tab 200mg,0203020D0AAABAB,7,1.6541000000000012
145,L81050,Buprenorphine_Tab Subling 400mcg S/F,0410030A0AAACAC,3,7.9968
146,L81050,Clonazepam_Tab 500mcg,0408010F0AAABAB,2,0.6327999999999987
147,L81050,Co-Codamol_Tab 8mg/500mg,0407010F0AAAAAA,2,0.00999999999999994
148,L81051,Amiodarone HCl_Tab 200mg,0203020D0AAABAB,8,2.0888000000000018
149,L81051,Buprenorphine_Tab Subling 400mcg S/F,0410030A0AAACAC,1,3.0464
150,L81051,Clonazepam_Tab 500mcg,0408010F0AAABAB,28,9.24339999999998
151,L81051,Co-Codamol_Tab 8mg/500mg,0407010F0AAAAAA,6,0.0167999999999999
152,L81051,Exemestane_Tab 25mg,0803041C0AAAAAA,9,0.04409999999999864
153,L81051,Pyridox HCl_Tab 50mg,0906024N0AAAIAI,1,0.5130000000000001
154,L81051,Risperidone_Tab 6mg,040201030AAAFAF,1,29.2096
155,L81053,Amiodarone HCl_Tab 200mg,0203020D0AAABAB,2,1.050000000000001
156,L81053,Buprenorphine_Tab Subling 400mcg S/F,0410030A0AAACAC,3,2.6656000000000004
157,L81053,Clonazepam_Tab 500mcg,0408010F0AAABAB,10,6.214999999999987
158,L81053,Co-Codamol_Tab 8mg/500mg,0407010F0AAAAAA,8,0.04479999999999973
159,L81054,Amiodarone HCl_Tab 200mg,0203020D0AAABAB,4,0.3388
160,L81054,Buprenorphine_Tab Subling 400mcg S/F,0410030A0AAACAC,3,3.4272
161,L81054,Clonazepam_Tab 500mcg,0408010F0AAABAB,20,5.692499999999988
162,L81054,Co-Codamol_Tab 8mg/500mg,0407010F0AAAAAA,22,0.011199999999999932
163,L81055,Amiodarone HCl_Tab 200mg,0203020D0AAABAB,5,2.450000000000002
164,L81055,Buprenorphine_Tab Subling 400mcg S/F,0410030A0AAACAC,8,3.4574000000000016
165,L81055,Clonazepam_Tab 500mcg,0408010F0AAABAB,3,2.2147999999999954
166,L81055,Co-Codamol_Tab 8mg/500mg,0407010F0AAAAAA,4,0.043599999999999736
167,L81055,Pyridox HCl_Tab 50mg,0906024N0AAAIAI,1,3.830400000000001
168,L81058,Amiodarone HCl_Tab 200mg,0203020D0AAABAB,4,1.7500000000000016
169,L81058,Clonazepam_Tab 500mcg,0408010F0AAABAB,24,6.414399999999986
170,L81058,Co-Codamol_Tab 8mg/500mg,0407010F0AAAAAA,18,0.09439999999999943
171,L81058,Exemestane_Tab 25mg,0803041C0AAAAAA,7,0.03429999999999894
172,L81058,Mesalazine_Tab E/C 400mg,0105010B0AAAAAA,1,47.913599999999995
173,L81058,Pyridox HCl_Tab 50mg,0906024N0AAAIAI,1,0.9576000000000002
174,L81061,Amiodarone HCl_Tab 200mg,0203020D0AAABAB,5,0.518
175,L81061,Buprenorphine_Tab Subling 400mcg S/F,0410030A0AAACAC,1,1.1424
176,L81061,Clonazepam_Tab 500mcg,0408010F0AAABAB,2,0.5899999999999985
177,L81061,Co-Codamol_Tab 8mg/500mg,0407010F0AAAAAA,2,0.011199999999999932
178,L81062,Amiodarone HCl_Tab 200mg,0203020D0AAABAB,27,6.594000000000004
179,L81062,Buprenorphine_Tab Subling 400mcg S/F,0410030A0AAACAC,23,12.061800000000002
180,L81062,Clonazepam_Tab 500mcg,0408010F0AAABAB,23,8.343399999999983
181,L81062,Co-Codamol_Tab 8mg/500mg,0407010F0AAAAAA,8,0.04479999999999973
182,L81062,Exemestane_Tab 25mg,0803041C0AAAAAA,4,0.019599999999999396
183,L81062,Pyridox HCl_Tab 50mg,0906024N0AAAIAI,5,1.9152000000000005
184,L81063,Amiodarone HCl_Tab 200mg,0203020D0AAABAB,2,1.050000000000001
185,L81063,Buprenorphine_Tab Subling 400mcg S/F,0410030A0AAACAC,6,5.6524
186,L81063,Clonazepam_Tab 500mcg,0408010F0AAABAB,5,2.847599999999994
187,L81063,Co-Codamol_Tab 8mg/500mg,0407010F0AAAAAA,4,0.0015999999999999903
188,L81063,Mesalazine_Tab E/C 400mg,0105010B0AAAAAA,1,23.956799999999998
189,L81066,Amiodarone HCl_Tab 200mg,0203020D0AAABAB,4,0.3388
190,L81066,Clonazepam_Tab 500mcg,0408010F0AAABAB,15,2.892799999999994
191,L81066,Exemestane_Tab 25mg,0803041C0AAAAAA,5,0.024499999999999245
192,L81066,Mesalazine_Tab E/C 400mg,0105010B0AAAAAA,1,47.913599999999995
193,L81066,Pyridox HCl_Tab 50mg,0906024N0AAAIAI,1,2.5650000000000004
194,L81067,Amiodarone HCl_Tab 200mg,0203020D0AAABAB,17,4.781700000000003
195,L81067,Buprenorphine_Tab Subling 400mcg S/F,0410030A0AAACAC,7,9.1392
196,L81067,Clonazepam_Tab 500mcg,0408010F0AAABAB,13,3.6595999999999926
197,L81067,Co-Codamol_Tab 8mg/500mg,0407010F0AAAAAA,8,0.04479999999999973
198,L81067,Exemestane_Tab 25mg,0803041C0AAAAAA,4,0.019599999999999396
199,L81075,Amiodarone HCl_Tab 200mg,0203020D0AAABAB,6,2.5347000000000017
200,L81075,Buprenorphine_Tab Subling 400mcg S/F,0410030A0AAACAC,3,3.4816000000000003
201,L81075,Clonazepam_Tab 500mcg,0408010F0AAABAB,23,7.118999999999984
202,L81075,Co-Codamol_Tab 8mg/500mg,0407010F0AAAAAA,22,0.12319999999999925
203,L81075,Pyridox HCl_Tab 50mg,0906024N0AAAIAI,1,0.9576000000000002
204,L81077,Amiodarone HCl_Tab 200mg,0203020D0AAABAB,16,3.466400000000002
205,L81077,Clonazepam_Tab 500mcg,0408010F0AAABAB,9,2.9153999999999938
206,L81078,Amiodarone HCl_Tab 200mg,0203020D0AAABAB,1,0.7000000000000006
207,L81078,Buprenorphine_Tab Subling 400mcg S/F,0410030A0AAACAC,3,1.2404000000000004
208,L81078,Clonazepam_Tab 500mcg,0408010F0AAABAB,19,4.730599999999989
209,L81078,Co-Codamol_Tab 8mg/500mg,0407010F0AAAAAA,12,0.06919999999999958
210,L81078,Pyridox HCl_Tab 50mg,0906024N0AAAIAI,12,1.2200000000000015
211,L81079,Amiodarone HCl_Tab 200mg,0203020D0AAABAB,21,6.542900000000005
212,L81079,Clonazepam_Tab 500mcg,0408010F0AAABAB,15,10.667199999999976
213,L81079,Co-Codamol_Tab 8mg/500mg,0407010F0AAAAAA,22,0.10239999999999938
214,L81079,Exemestane_Tab 25mg,0803041C0AAAAAA,7,75.6485
215,L81079,Pyridox HCl_Tab 50mg,0906024N0AAAIAI,1,1.9152000000000005
216,L81081,Amiodarone HCl_Tab 200mg,0203020D0AAABAB,1,0.7000000000000006
217,L81081,Buprenorphine_Tab Subling 400mcg S/F,0410030A0AAACAC,2,1.5232
218,L81081,Clonazepam_Tab 500mcg,0408010F0AAABAB,8,2.5551999999999953
219,L81081,Co-Codamol_Tab 8mg/500mg,0407010F0AAAAAA,4,0.0167999999999999
220,L81081,Pyridox HCl_Tab 50mg,0906024N0AAAIAI,1,1.9152000000000005
221,L81082,Buprenorphine_Tab Subling 400mcg S/F,0410030A0AAACAC,4,2.4384000000000015
222,L81082,Clonazepam_Tab 500mcg,0408010F0AAABAB,16,6.014899999999988
223,L81082,Pyridox HCl_Tab 50mg,0906024N0AAAIAI,1,1.9152000000000005
224,L81082,Risperidone_Tab 6mg,040201030AAAFAF,2,14.616
225,L81083,Amiodarone HCl_Tab 200mg,0203020D0AAABAB,4,0.3388
226,L81083,Buprenorphine_Tab Subling 400mcg S/F,0410030A0AAACAC,4,3.0464
227,L81083,Clonazepam_Tab 500mcg,0408010F0AAABAB,14,4.050399999999991
228,L81083,Co-Codamol_Tab 8mg/500mg,0407010F0AAAAAA,4,0.0167999999999999
229,L81083,Exemestane_Tab 25mg,0803041C0AAAAAA,4,0.019599999999999396
230,L81084,Amiodarone HCl_Tab 200mg,0203020D0AAABAB,4,0.3388
231,L81084,Buprenorphine_Tab Subling 400mcg S/F,0410030A0AAACAC,2,1.5232
232,L81084,Clonazepam_Tab 500mcg,0408010F0AAABAB,9,5.423999999999989
233,L81084,Co-Codamol_Tab 8mg/500mg,0407010F0AAAAAA,14,0.09599999999999942
234,L81085,Amiodarone HCl_Tab 200mg,0203020D0AAABAB,14,4.973500000000004
235,L81085,Clonazepam_Tab 500mcg,0408010F0AAABAB,2,1.7627999999999964
236,L81085,Pyridox HCl_Tab 50mg,0906024N0AAAIAI,2,0.4788000000000001
237,L81086,Amiodarone HCl_Tab 200mg,0203020D0AAABAB,14,4.188800000000004
238,L81086,Clonazepam_Tab 500mcg,0408010F0AAABAB,37,7.2774999999999865
239,L81086,Co-Codamol_Tab 8mg/500mg,0407010F0AAAAAA,14,0.04159999999999975
240,L81086,Mesalazine_Tab E/C 800mg,0105010B0AAASAS,3,25.829999999999995
241,L81086,Pyridox HCl_Tab 50mg,0906024N0AAAIAI,2,0.9576000000000002
242,L81087,Amiodarone HCl_Tab 200mg,0203020D0AAABAB,6,1.7388000000000012
243,L81087,Clonazepam_Tab 500mcg,0408010F0AAABAB,10,2.2147999999999954
244,L81087,Co-Codamol_Tab 8mg/500mg,0407010F0AAAAAA,20,0.10079999999999939
245,L81087,Pyridox HCl_Tab 50mg,0906024N0AAAIAI,4,0.4788000000000001
246,L81089,Amiodarone HCl_Tab 200mg,0203020D0AAABAB,8,1.8235000000000012
247,L81089,Buprenorphine_Tab Subling 400mcg S/F,0410030A0AAACAC,8,2.7216000000000005
248,L81089,Clonazepam_Tab 500mcg,0408010F0AAABAB,6,1.2655999999999974
249,L81089,Co-Codamol_Tab 8mg/500mg,0407010F0AAAAAA,8,0.03959999999999987
250,L81089,Pyridox HCl_Tab 50mg,0906024N0AAAIAI,2,1.5780000000000007
251,L81090,Amiodarone HCl_Tab 200mg,0203020D0AAABAB,12,1.0164
252,L81090,Clonazepam_Tab 500mcg,0408010F0AAABAB,3,2.056599999999996
253,L81090,Co-Codamol_Tab 8mg/500mg,0407010F0AAAAAA,4,0.01999999999999988
254,L81090,Pyridox HCl_Tab 50mg,0906024N0AAAIAI,1,1.9152000000000005
255,L81091,Amiodarone HCl_Tab 200mg,0203020D0AAABAB,6,3.500000000000003
256,L81091,Buprenorphine_Tab Subling 400mcg S/F,0410030A0AAACAC,5,4.851999999999999
257,L81091,Clonazepam_Tab 500mcg,0408010F0AAABAB,9,7.901999999999984
258,L81091,Co-Codamol_Tab 8mg/500mg,0407010F0AAAAAA,8,0.04479999999999973
259,L81094,Amiodarone HCl_Tab 200mg,0203020D0AAABAB,5,1.0388000000000006
260,L81094,Buprenorphine_Tab Subling 400mcg S/F,0410030A0AAACAC,4,4.5696
261,L81094,Clonazepam_Tab 500mcg,0408010F0AAABAB,15,7.268899999999985
262,L81094,Co-Codamol_Tab 8mg/500mg,0407010F0AAAAAA,2,0.022399999999999864
263,L81095,Amiodarone HCl_Tab 200mg,0203020D0AAABAB,1,0.0847
264,L81095,Buprenorphine_Tab Subling 400mcg S/F,0410030A0AAACAC,7,4.6656
265,L81095,Clonazepam_Tab 500mcg,0408010F0AAABAB,9,3.6385999999999927
266,L81095,Exemestane_Tab 25mg,0803041C0AAAAAA,2,0.009799999999999698
267,L81098,Amiodarone HCl_Tab 200mg,0203020D0AAABAB,7,2.488800000000002
268,L81098,Clonazepam_Tab 500mcg,0408010F0AAABAB,12,2.847599999999994
269,L81098,Co-Codamol_Tab 8mg/500mg,0407010F0AAAAAA,4,0.07999999999999952
270,L81098,Exemestane_Tab 25mg,0803041C0AAAAAA,4,0.019599999999999396
271,L81102,Amiodarone HCl_Tab 200mg,0203020D0AAABAB,12,2.5123000000000015
272,L81102,Clonazepam_Tab 500mcg,0408010F0AAABAB,8,1.6610999999999967
273,L81102,Co-Codamol_Tab 8mg/500mg,0407010F0AAAAAA,18,3.419999999999998
274,L81102,Pyridox HCl_Tab 50mg,0906024N0AAAIAI,3,7.660800000000002
275,L81103,Amiodarone HCl_Tab 200mg,0203020D0AAABAB,10,5.334700000000004
276,L81103,Clonazepam_Tab 500mcg,0408010F0AAABAB,2,0.8863999999999976
277,L81103,Mesalazine_Tab E/C 800mg,0105010B0AAASAS,1,36.89999999999999
278,L81106,Amiodarone HCl_Tab 200mg,0203020D0AAABAB,2,2.100000000000002
279,L81106,Clonazepam_Tab 500mcg,0408010F0AAABAB,3,1.898399999999996
280,L81112,Amiodarone HCl_Tab 200mg,0203020D0AAABAB,6,1.388800000000001
281,L81112,Clonazepam_Tab 500mcg,0408010F0AAABAB,2,1.7627999999999964
282,L81112,Co-Codamol_Tab 8mg/500mg,0407010F0AAAAAA,2,0.00999999999999994
283,L81117,Amiodarone HCl_Tab 200mg,0203020D0AAABAB,20,3.5511000000000017
284,L81117,Clonazepam_Tab 500mcg,0408010F0AAABAB,8,1.468999999999997
285,L81117,Exemestane_Tab 25mg,0803041C0AAAAAA,4,0.019599999999999396
286,L81118,Amiodarone HCl_Tab 200mg,0203020D0AAABAB,12,9.100000000000009
287,L81118,Buprenorphine_Tab Subling 400mcg S/F,0410030A0AAACAC,4,3.8080000000000003
288,L81118,Clonazepam_Tab 500mcg,0408010F0AAABAB,11,4.5962999999999905
289,L81118,Co-Codamol_Tab 8mg/500mg,0407010F0AAAAAA,2,10.8864
290,L81118,Pyridox HCl_Tab 50mg,0906024N0AAAIAI,1,0.9576000000000002
291,L81119,Clonazepam_Tab 500mcg,0408010F0AAABAB,9,7.277199999999985
292,L81119,Co-Codamol_Tab 8mg/500mg,0407010F0AAAAAA,2,0.022399999999999864
293,L81119,Exemestane_Tab 25mg,0803041C0AAAAAA,2,0.009799999999999698
294,L81120,Buprenorphine_Tab Subling 400mcg S/F,0410030A0AAACAC,9,7.7150000000000025
295,L81120,Clonazepam_Tab 500mcg,0408010F0AAABAB,6,3.2091999999999934
296,L81120,Phenytoin_Sod Tab 100mg,0408010Q0AAAGAG,4,0.025199999999997225
297,L81120,Pyridox HCl_Tab 50mg,0906024N0AAAIAI,3,0.3591000000000001
298,L81124,Amiodarone HCl_Tab 200mg,0203020D0AAABAB,2,1.4000000000000012
299,L81124,Buprenorphine_Tab Subling 400mcg S/F,0410030A0AAACAC,1,0.3808
300,L81124,Clonazepam_Tab 500mcg,0408010F0AAABAB,24,7.180399999999986
301,L81124,Co-Codamol_Tab 8mg/500mg,0407010F0AAAAAA,20,0.026799999999999838
302,L81124,Pyridox HCl_Tab 50mg,0906024N0AAAIAI,11,2.8728000000000007
303,L81125,Buprenorphine_Tab Subling 400mcg S/F,0410030A0AAACAC,2,0.7616
304,L81125,Clonazepam_Tab 500mcg,0408010F0AAABAB,10,9.62759999999998
305,L81125,Pyridox HCl_Tab 50mg,0906024N0AAAIAI,2,0.9576000000000002
306,L81127,Amiodarone HCl_Tab 200mg,0203020D0AAABAB,2,1.4000000000000012
307,L81127,Mesalazine_Tab E/C 800mg,0105010B0AAASAS,1,34.43999999999999
308,L81130,Amiodarone HCl_Tab 200mg,0203020D0AAABAB,3,2.100000000000002
309,L81130,Buprenorphine_Tab Subling 400mcg S/F,0410030A0AAACAC,4,3.808
310,L81130,Clonazepam_Tab 500mcg,0408010F0AAABAB,1,1.2655999999999974
311,L81130,Mesalazine_Tab E/C 400mg,0105010B0AAAAAA,2,23.956799999999998
312,L81130,Mesalazine_Tab E/C 800mg,0105010B0AAASAS,7,-19.858599999999985
313,L81130,Phenytoin_Sod Tab 100mg,0408010Q0AAAGAG,1,119.39759999999998
314,L81131,Amiodarone HCl_Tab 200mg,0203020D0AAABAB,3,2.100000000000002
315,L81131,Clonazepam_Tab 500mcg,0408010F0AAABAB,2,3.502999999999993
316,L81131,Co-Codamol_Tab 8mg/500mg,0407010F0AAAAAA,30,0.04319999999999974
317,L81131,Exemestane_Tab 25mg,0803041C0AAAAAA,4,0.019599999999999396
318,L81131,Pyridox HCl_Tab 50mg,0906024N0AAAIAI,2,1.9152000000000005
319,L81600,Amiodarone HCl_Tab 200mg,0203020D0AAABAB,6,1.7388000000000012
320,L81600,Clonazepam_Tab 500mcg,0408010F0AAABAB,18,7.198099999999986
321,L81600,Exemestane_Tab 25mg,0803041C0AAAAAA,12,0.05879999999999819
322,L81622,Co-Codamol_Tab 8mg/500mg,0407010F0AAAAAA,10,0.03999999999999976
323,L81622,Pyridox HCl_Tab 50mg,0906024N0AAAIAI,2,1.9152000000000005
324,L81632,Amiodarone HCl_Tab 200mg,0203020D0AAABAB,4,0.9541000000000006
325,L81632,Buprenorphine_Tab Subling 400mcg S/F,0410030A0AAACAC,12,9.485000000000001
326,L81632,Clonazepam_Tab 500mcg,0408010F0AAABAB,13,9.650999999999982
327,L81642,Amiodarone HCl_Tab 200mg,0203020D0AAABAB,2,0.7000000000000006
328,L81642,Clonazepam_Tab 500mcg,0408010F0AAABAB,1,0.949199999999998
329,L81643,Amiodarone HCl_Tab 200mg,0203020D0AAABAB,6,1.7388000000000012
330,L81643,Clonazepam_Tab 500mcg,0408010F0AAABAB,17,7.251899999999985
331,L81643,Co-Codamol_Tab 8mg/500mg,0407010F0AAAAAA,4,0.01999999999999988
332,L81643,Exemestane_Tab 25mg,0803041C0AAAAAA,5,0.024499999999999245
333,L81643,Mesalazine_Tab E/C 400mg,0105010B0AAAAAA,23,105.60799999999999
334,L81643,Mesalazine_Tab E/C 800mg,0105010B0AAASAS,1,36.89999999999999
335,L81648,Clonazepam_Tab 500mcg,0408010F0AAABAB,2,2.847599999999994
336,L81649,Amiodarone HCl_Tab 200mg,0203020D0AAABAB,14,5.588800000000004
337,L81649,Buprenorphine_Tab Subling 400mcg S/F,0410030A0AAACAC,3,2.0322000000000013
338,L81649,Co-Codamol_Tab 8mg/500mg,0407010F0AAAAAA,2,0.00999999999999994
339,L81649,Mesalazine_Tab E/C 400mg,0105010B0AAAAAA,2,30.801599999999997
340,L81669,Amiodarone HCl_Tab 200mg,0203020D0AAABAB,5,1.0388000000000006
341,L81669,Clonazepam_Tab 500mcg,0408010F0AAABAB,1,0.31639999999999935
342,L81669,Co-Codamol_Tab 8mg/500mg,0407010F0AAAAAA,4,0.01479999999999991
343,L81670,Buprenorphine_Tab Subling 400mcg S/F,0410030A0AAACAC,16,13.8992
344,L81670,Clonazepam_Tab 500mcg,0408010F0AAABAB,19,5.480499999999989
345,L81670,Co-Codamol_Tab 8mg/500mg,0407010F0AAAAAA,4,0.02119999999999987
346,L81670,Pyridox HCl_Tab 50mg,0906024N0AAAIAI,4,1.4364000000000003
347,Y01194,Buprenorphine_Tab Subling 400mcg S/F,0410030A0AAACAC,4,1.4040000000000012
348,Y02578,Buprenorphine_Tab Subling 400mcg S/F,0410030A0AAACAC,1,0.7616
349,Y02578,Clonazepam_Tab 500mcg,0408010F0AAABAB,4,3.7741999999999924
350,Y02578,Phenytoin_Sod Tab 100mg,0408010Q0AAAGAG,4,0.019599999999999396
351,Y02578,Pyridox HCl_Tab 50mg,0906024N0AAAIAI,2,0.4788000000000001
352,Y03519,Buprenorphine_Tab Subling 400mcg S/F,0410030A0AAACAC,5,4.5998
353,Y03662,Amiodarone HCl_Tab 200mg,0203020D0AAABAB,1,0.02140000000000003
354,Y03662,Clonazepam_Tab 500mcg,0408010F0AAABAB,1,0.11599999999999999
355,Y04799,Amiodarone HCl_Tab 200mg,0203020D0AAABAB,1,1.050000000000001
