,practice_code,bnf_description,bnf_code,items,excess_cost
0,H84048,Phenytoin_Sod Tab 100mg,0408010Q0AAAGAG,2,119.39759999999998
1,H84623,Phenytoin_Sod Tab 100mg,0408010Q0AAAGAG,6,80.976
93,H84005,Mesalazine_Tab E/C 800mg,0105010B0AAASAS,1,45.91999999999999
2,H84002,Phenytoin_Sod Tab 100mg,0408010Q0AAAGAG,2,39.80479999999999
94,H84044,Mesalazine_Tab E/C 800mg,0105010B0AAASAS,1,34.43999999999999
102,H84040,Gemfibrozil_Tab 600mg,0212000Q0AAABAB,4,30.284799999999997
101,H84623,Risperidone_Tab 6mg,040201030AAAFAF,4,29.232
100,H84041,Risperidone_Tab 6mg,040201030AAAFAF,4,29.232
95,H84031,Mesalazine_Tab E/C 800mg,0105010B0AAASAS,1,22.959999999999994
159,H84632,Quetiapine_Tab 200mg,0402010ABAAADAD,5,20.646500000000003
96,H84005,Mesalazine_Tab E/C 800mg,0105010B0AAASAS,1,18.449999999999996
184,H84060,Amitriptyline HCl_Tab 50mg,0403010B0AAAIAI,1,12.432
181,H84040,Ephed HCl_Tab 15mg,0301012F0AAAAAA,1,11.759999999999998
103,H84002,Gemfibrozil_Tab 600mg,0212000Q0AAABAB,1,7.571199999999999
3,H84007,Phenytoin_Sod Tab 100mg,0408010Q0AAAGAG,1,6.9047999999999945
152,H84017,Topiramate_Tab 200mg,040801050AAACAC,4,5.809999999999997
153,H84023,Topiramate_Tab 200mg,040801050AAACAC,1,4.647999999999998
154,H84012,Topiramate_Tab 200mg,040801050AAACAC,8,4.614400000000002
155,H84032,Topiramate_Tab 200mg,040801050AAACAC,8,4.614400000000002
104,H84044,Gemfibrozil_Tab 600mg,0212000Q0AAABAB,4,3.799600000000001
5,H84040,Clonazepam_Tab 500mcg,0408010F0AAABAB,8,3.796799999999992
105,H84623,Gemfibrozil_Tab 600mg,0212000Q0AAABAB,1,3.791199999999999
182,H84032,Ephed HCl_Tab 15mg,0301012F0AAAAAA,1,2.9399999999999995
108,H84005,Amiodarone HCl_Tab 200mg,0203020D0AAABAB,1,2.8000000000000025
7,H84017,Clonazepam_Tab 500mcg,0408010F0AAABAB,1,2.531199999999995
6,H84012,Clonazepam_Tab 500mcg,0408010F0AAABAB,1,2.531199999999995
9,H84017,Clonazepam_Tab 500mcg,0408010F0AAABAB,8,2.531199999999995
8,H84055,Clonazepam_Tab 500mcg,0408010F0AAABAB,16,2.531199999999995
157,H84059,Topiramate_Tab 200mg,040801050AAACAC,1,2.489999999999999
156,H84048,Topiramate_Tab 200mg,040801050AAACAC,1,2.489999999999999
158,H84002,Topiramate_Tab 200mg,040801050AAACAC,4,2.307200000000001
4,H84055,Phenytoin_Sod Tab 100mg,0408010Q0AAAGAG,1,2.3015999999999983
10,H84032,Clonazepam_Tab 500mcg,0408010F0AAABAB,7,2.2147999999999954
109,H84031,Amiodarone HCl_Tab 200mg,0203020D0AAABAB,3,2.100000000000002
110,H84023,Amiodarone HCl_Tab 200mg,0203020D0AAABAB,3,2.100000000000002
11,H84055,Clonazepam_Tab 500mcg,0408010F0AAABAB,1,2.033999999999996
16,H84007,Clonazepam_Tab 500mcg,0408010F0AAABAB,3,1.898399999999996
12,H84032,Clonazepam_Tab 500mcg,0408010F0AAABAB,1,1.898399999999996
14,H84018,Clonazepam_Tab 500mcg,0408010F0AAABAB,4,1.898399999999996
13,H84002,Clonazepam_Tab 500mcg,0408010F0AAABAB,4,1.898399999999996
15,H84017,Clonazepam_Tab 500mcg,0408010F0AAABAB,3,1.898399999999996
17,H84039,Clonazepam_Tab 500mcg,0408010F0AAABAB,3,1.898399999999996
18,H84002,Clonazepam_Tab 500mcg,0408010F0AAABAB,8,1.898399999999996
19,H84012,Clonazepam_Tab 500mcg,0408010F0AAABAB,1,1.5819999999999967
20,H84032,Clonazepam_Tab 500mcg,0408010F0AAABAB,4,1.5819999999999967
183,H84017,Ephed HCl_Tab 15mg,0301012F0AAAAAA,1,1.4699999999999998
111,H84040,Amiodarone HCl_Tab 200mg,0203020D0AAABAB,4,1.4000000000000012
113,H84017,Amiodarone HCl_Tab 200mg,0203020D0AAABAB,2,1.4000000000000012
112,H84039,Amiodarone HCl_Tab 200mg,0203020D0AAABAB,2,1.4000000000000012
21,H84044,Clonazepam_Tab 500mcg,0408010F0AAABAB,2,1.3559999999999972
22,H84002,Clonazepam_Tab 500mcg,0408010F0AAABAB,2,1.3559999999999972
23,H84032,Clonazepam_Tab 500mcg,0408010F0AAABAB,2,1.3559999999999972
24,H84012,Clonazepam_Tab 500mcg,0408010F0AAABAB,2,1.3559999999999972
25,H84007,Clonazepam_Tab 500mcg,0408010F0AAABAB,2,1.3559999999999972
114,H84005,Amiodarone HCl_Tab 200mg,0203020D0AAABAB,16,1.3552
33,H84018,Clonazepam_Tab 500mcg,0408010F0AAABAB,2,1.2655999999999974
32,H84017,Clonazepam_Tab 500mcg,0408010F0AAABAB,1,1.2655999999999974
31,H84055,Clonazepam_Tab 500mcg,0408010F0AAABAB,1,1.2655999999999974
30,H84623,Clonazepam_Tab 500mcg,0408010F0AAABAB,2,1.2655999999999974
29,H84040,Clonazepam_Tab 500mcg,0408010F0AAABAB,16,1.2655999999999974
27,H84012,Clonazepam_Tab 500mcg,0408010F0AAABAB,1,1.2655999999999974
28,H84057,Clonazepam_Tab 500mcg,0408010F0AAABAB,2,1.2655999999999974
26,H84044,Clonazepam_Tab 500mcg,0408010F0AAABAB,4,1.2655999999999974
34,H84040,Clonazepam_Tab 500mcg,0408010F0AAABAB,5,1.1864999999999974
35,H84005,Clonazepam_Tab 500mcg,0408010F0AAABAB,1,1.1299999999999977
117,H84044,Amiodarone HCl_Tab 200mg,0203020D0AAABAB,3,1.050000000000001
115,H84018,Amiodarone HCl_Tab 200mg,0203020D0AAABAB,3,1.050000000000001
116,Y01206,Amiodarone HCl_Tab 200mg,0203020D0AAABAB,3,1.050000000000001
118,H84002,Amiodarone HCl_Tab 200mg,0203020D0AAABAB,3,1.050000000000001
119,H84039,Amiodarone HCl_Tab 200mg,0203020D0AAABAB,3,1.050000000000001
120,H84040,Amiodarone HCl_Tab 200mg,0203020D0AAABAB,12,1.0164
121,H84023,Amiodarone HCl_Tab 200mg,0203020D0AAABAB,12,1.0164
40,H84007,Clonazepam_Tab 500mcg,0408010F0AAABAB,1,0.949199999999998
36,H84048,Clonazepam_Tab 500mcg,0408010F0AAABAB,1,0.949199999999998
37,H84043,Clonazepam_Tab 500mcg,0408010F0AAABAB,1,0.949199999999998
38,H84023,Clonazepam_Tab 500mcg,0408010F0AAABAB,4,0.949199999999998
39,H84023,Clonazepam_Tab 500mcg,0408010F0AAABAB,1,0.949199999999998
41,H84623,Clonazepam_Tab 500mcg,0408010F0AAABAB,3,0.949199999999998
122,H84055,Amiodarone HCl_Tab 200mg,0203020D0AAABAB,1,0.7500000000000007
132,H84006,Amiodarone HCl_Tab 200mg,0203020D0AAABAB,1,0.7000000000000006
133,H84041,Amiodarone HCl_Tab 200mg,0203020D0AAABAB,1,0.7000000000000006
131,H84040,Amiodarone HCl_Tab 200mg,0203020D0AAABAB,1,0.7000000000000006
130,H84017,Amiodarone HCl_Tab 200mg,0203020D0AAABAB,2,0.7000000000000006
129,H84060,Amiodarone HCl_Tab 200mg,0203020D0AAABAB,2,0.7000000000000006
128,H84012,Amiodarone HCl_Tab 200mg,0203020D0AAABAB,2,0.7000000000000006
127,H84012,Amiodarone HCl_Tab 200mg,0203020D0AAABAB,1,0.7000000000000006
126,H84639,Amiodarone HCl_Tab 200mg,0203020D0AAABAB,1,0.7000000000000006
125,H84059,Amiodarone HCl_Tab 200mg,0203020D0AAABAB,1,0.7000000000000006
124,H84055,Amiodarone HCl_Tab 200mg,0203020D0AAABAB,1,0.7000000000000006
123,H84632,Amiodarone HCl_Tab 200mg,0203020D0AAABAB,1,0.7000000000000006
134,H84057,Amiodarone HCl_Tab 200mg,0203020D0AAABAB,2,0.7000000000000006
43,H84031,Clonazepam_Tab 500mcg,0408010F0AAABAB,1,0.6779999999999986
44,H84055,Clonazepam_Tab 500mcg,0408010F0AAABAB,2,0.6779999999999986
45,H84040,Clonazepam_Tab 500mcg,0408010F0AAABAB,1,0.6779999999999986
46,H84055,Clonazepam_Tab 500mcg,0408010F0AAABAB,1,0.6779999999999986
42,H84023,Clonazepam_Tab 500mcg,0408010F0AAABAB,1,0.6779999999999986
135,H84006,Amiodarone HCl_Tab 200mg,0203020D0AAABAB,8,0.6776
54,H84018,Clonazepam_Tab 500mcg,0408010F0AAABAB,2,0.6327999999999987
55,H84012,Clonazepam_Tab 500mcg,0408010F0AAABAB,4,0.6327999999999987
60,H84040,Clonazepam_Tab 500mcg,0408010F0AAABAB,2,0.6327999999999987
59,H84007,Clonazepam_Tab 500mcg,0408010F0AAABAB,8,0.6327999999999987
58,H84044,Clonazepam_Tab 500mcg,0408010F0AAABAB,1,0.6327999999999987
57,Y01206,Clonazepam_Tab 500mcg,0408010F0AAABAB,2,0.6327999999999987
56,H84012,Clonazepam_Tab 500mcg,0408010F0AAABAB,1,0.6327999999999987
51,H84039,Clonazepam_Tab 500mcg,0408010F0AAABAB,4,0.6327999999999987
53,H84017,Clonazepam_Tab 500mcg,0408010F0AAABAB,4,0.6327999999999987
52,H84002,Clonazepam_Tab 500mcg,0408010F0AAABAB,2,0.6327999999999987
50,H84059,Clonazepam_Tab 500mcg,0408010F0AAABAB,4,0.6327999999999987
49,H84012,Clonazepam_Tab 500mcg,0408010F0AAABAB,2,0.6327999999999987
48,H84031,Clonazepam_Tab 500mcg,0408010F0AAABAB,1,0.6327999999999987
47,H84060,Clonazepam_Tab 500mcg,0408010F0AAABAB,1,0.6327999999999987
61,H84002,Clonazepam_Tab 500mcg,0408010F0AAABAB,1,0.6327999999999987
62,H84002,Clonazepam_Tab 500mcg,0408010F0AAABAB,9,0.522
63,H84044,Clonazepam_Tab 500mcg,0408010F0AAABAB,1,0.474599999999999
136,H84039,Amiodarone HCl_Tab 200mg,0203020D0AAABAB,1,0.37200000000000066
140,H84048,Amiodarone HCl_Tab 200mg,0203020D0AAABAB,1,0.3500000000000003
139,H84005,Amiodarone HCl_Tab 200mg,0203020D0AAABAB,1,0.3500000000000003
142,H84625,Amiodarone HCl_Tab 200mg,0203020D0AAABAB,1,0.3500000000000003
141,H84055,Amiodarone HCl_Tab 200mg,0203020D0AAABAB,1,0.3500000000000003
138,H84031,Amiodarone HCl_Tab 200mg,0203020D0AAABAB,1,0.3500000000000003
137,H84623,Amiodarone HCl_Tab 200mg,0203020D0AAABAB,1,0.3500000000000003
65,H84017,Clonazepam_Tab 500mcg,0408010F0AAABAB,8,0.33919999999999995
64,H84005,Clonazepam_Tab 500mcg,0408010F0AAABAB,8,0.33919999999999995
68,H84032,Clonazepam_Tab 500mcg,0408010F0AAABAB,1,0.3389999999999993
69,H84040,Clonazepam_Tab 500mcg,0408010F0AAABAB,1,0.3389999999999993
70,H84007,Clonazepam_Tab 500mcg,0408010F0AAABAB,1,0.3389999999999993
67,H84018,Clonazepam_Tab 500mcg,0408010F0AAABAB,1,0.3389999999999993
66,Y01206,Clonazepam_Tab 500mcg,0408010F0AAABAB,1,0.3389999999999993
143,H84632,Amiodarone HCl_Tab 200mg,0203020D0AAABAB,4,0.3388
144,H84018,Amiodarone HCl_Tab 200mg,0203020D0AAABAB,4,0.3388
145,H84012,Amiodarone HCl_Tab 200mg,0203020D0AAABAB,4,0.3388
146,H84039,Amiodarone HCl_Tab 200mg,0203020D0AAABAB,4,0.3388
147,H84032,Amiodarone HCl_Tab 200mg,0203020D0AAABAB,4,0.3388
148,H84055,Amiodarone HCl_Tab 200mg,0203020D0AAABAB,4,0.3388
149,H84059,Amiodarone HCl_Tab 200mg,0203020D0AAABAB,4,0.3388
78,H84005,Clonazepam_Tab 500mcg,0408010F0AAABAB,4,0.31639999999999935
79,H84006,Clonazepam_Tab 500mcg,0408010F0AAABAB,1,0.31639999999999935
80,H84007,Clonazepam_Tab 500mcg,0408010F0AAABAB,1,0.31639999999999935
77,H84005,Clonazepam_Tab 500mcg,0408010F0AAABAB,1,0.31639999999999935
76,H84014,Clonazepam_Tab 500mcg,0408010F0AAABAB,2,0.31639999999999935
75,H84039,Clonazepam_Tab 500mcg,0408010F0AAABAB,1,0.31639999999999935
81,H84055,Clonazepam_Tab 500mcg,0408010F0AAABAB,4,0.31639999999999935
74,H84632,Clonazepam_Tab 500mcg,0408010F0AAABAB,1,0.31639999999999935
82,H84023,Clonazepam_Tab 500mcg,0408010F0AAABAB,4,0.31639999999999935
73,H84057,Clonazepam_Tab 500mcg,0408010F0AAABAB,1,0.31639999999999935
72,H84018,Clonazepam_Tab 500mcg,0408010F0AAABAB,4,0.31639999999999935
71,H84632,Clonazepam_Tab 500mcg,0408010F0AAABAB,4,0.31639999999999935
83,H84032,Clonazepam_Tab 500mcg,0408010F0AAABAB,4,0.16959999999999997
84,H84039,Clonazepam_Tab 500mcg,0408010F0AAABAB,4,0.16959999999999997
85,H84639,Clonazepam_Tab 500mcg,0408010F0AAABAB,1,0.15819999999999967
86,H84031,Clonazepam_Tab 500mcg,0408010F0AAABAB,1,0.15819999999999967
88,Y01206,Clonazepam_Tab 500mcg,0408010F0AAABAB,1,0.11599999999999999
87,H84023,Clonazepam_Tab 500mcg,0408010F0AAABAB,1,0.11599999999999999
89,H84005,Clonazepam_Tab 500mcg,0408010F0AAABAB,5,0.10599999999999998
90,H84005,Clonazepam_Tab 500mcg,0408010F0AAABAB,6,0.09360000000000002
151,H84623,Amiodarone HCl_Tab 200mg,0203020D0AAABAB,1,0.0847
150,H84044,Amiodarone HCl_Tab 200mg,0203020D0AAABAB,1,0.0847
91,H84048,Clonazepam_Tab 500mcg,0408010F0AAABAB,1,0.07909999999999984
92,H84002,Clonazepam_Tab 500mcg,0408010F0AAABAB,1,0.07909999999999984
106,H84044,Gemfibrozil_Tab 600mg,0212000Q0AAABAB,4,0.014000000000001567
97,H84059,Mesalazine_Tab E/C 800mg,0105010B0AAASAS,1,0.008999999999999009
107,H84623,Gemfibrozil_Tab 600mg,0212000Q0AAABAB,1,0.005599999999999383
185,H84044,Amitriptyline HCl_Tab 50mg,0403010B0AAAIAI,1,0.003000000000000086
166,H84625,Quetiapine_Tab 200mg,0402010ABAAADAD,1,-0.0027999999999996916
168,H84059,Quetiapine_Tab 200mg,0402010ABAAADAD,4,-0.0027999999999996916
167,H84007,Quetiapine_Tab 200mg,0402010ABAAADAD,4,-0.0027999999999996916
161,H84005,Quetiapine_Tab 200mg,0402010ABAAADAD,1,-0.0027999999999996916
165,H84623,Quetiapine_Tab 200mg,0402010ABAAADAD,4,-0.0027999999999996916
164,H84043,Quetiapine_Tab 200mg,0402010ABAAADAD,1,-0.0027999999999996916
160,H84060,Quetiapine_Tab 200mg,0402010ABAAADAD,4,-0.0027999999999996916
162,H84040,Quetiapine_Tab 200mg,0402010ABAAADAD,1,-0.0027999999999996916
163,H84002,Quetiapine_Tab 200mg,0402010ABAAADAD,4,-0.0027999999999996916
169,H84623,Quetiapine_Tab 200mg,0402010ABAAADAD,1,-0.0041999999999995374
170,H84017,Quetiapine_Tab 200mg,0402010ABAAADAD,6,-0.0041999999999995374
171,H84005,Quetiapine_Tab 200mg,0402010ABAAADAD,1,-0.0047999999999999154
178,H84007,Quetiapine_Tab 200mg,0402010ABAAADAD,2,-0.005599999999999383
177,H84005,Quetiapine_Tab 200mg,0402010ABAAADAD,8,-0.005599999999999383
176,H84632,Quetiapine_Tab 200mg,0402010ABAAADAD,2,-0.005599999999999383
175,H84032,Quetiapine_Tab 200mg,0402010ABAAADAD,2,-0.005599999999999383
174,H84623,Quetiapine_Tab 200mg,0402010ABAAADAD,2,-0.005599999999999383
173,H84039,Quetiapine_Tab 200mg,0402010ABAAADAD,4,-0.005599999999999383
172,H84017,Quetiapine_Tab 200mg,0402010ABAAADAD,2,-0.005599999999999383
186,H84044,Amitriptyline HCl_Tab 50mg,0403010B0AAAIAI,1,-0.006000000000000172
179,H84032,Quetiapine_Tab 200mg,0402010ABAAADAD,5,-0.006999999999999229
180,Y01206,Quetiapine_Tab 200mg,0402010ABAAADAD,10,-0.027999999999996916
98,H84059,Mesalazine_Tab E/C 800mg,0105010B0AAASAS,1,-18.441
99,H84006,Mesalazine_Tab E/C 800mg,0105010B0AAASAS,1,-22.959999999999994
