,practice_code,bnf_description,bnf_code,items,excess_cost
0,H85018,Amiodarone HCl_Tab 200mg,0203020D0AAABAB,2,1.4000000000000012
1,H85018,Aripiprazole_Tab 5mg,0402010ADAAADAD,8,0.03359999999999941
2,H85018,Clonazepam_Tab 500mcg,0408010F0AAABAB,14,4.0729999999999915
3,H85018,Tetrabenazine_Tab 25mg,0409030C0AAAAAA,1,2.998799999999996
4,H85019,Amiodarone HCl_Tab 200mg,0203020D0AAABAB,9,2.3541000000000016
5,H85019,Clonazepam_Tab 500mcg,0408010F0AAABAB,7,6.757399999999986
6,H85019,Mesalazine_Tab E/C 800mg,0105010B0AAASAS,1,-22.959999999999994
7,H85021,Amiodarone HCl_Tab 200mg,0203020D0AAABAB,2,1.050000000000001
8,H85021,Clonazepam_Tab 500mcg,0408010F0AAABAB,19,4.683199999999989
9,H85021,Mesalazine_Tab E/C 800mg,0105010B0AAASAS,1,49.19999999999999
10,H85022,Amiodarone HCl_Tab 200mg,0203020D0AAABAB,1,0.7000000000000006
11,H85022,Clonazepam_Tab 500mcg,0408010F0AAABAB,4,2.2147999999999954
12,H85022,Mesalazine_Tab E/C 400mg,0105010B0AAAAAA,1,71.87039999999999
13,H85023,Aripiprazole_Tab 5mg,0402010ADAAADAD,8,-0.02240000000000064
14,H85023,Clonazepam_Tab 500mcg,0408010F0AAABAB,7,3.5255999999999927
15,H85023,Mesalazine_Tab E/C 800mg,0105010B0AAASAS,2,-18.432
16,H85023,Risperidone_Tab 6mg,040201030AAAFAF,9,116.88319999999999
17,H85023,Topiramate_Tab 200mg,040801050AAACAC,1,2.489999999999999
18,H85025,Amiodarone HCl_Tab 200mg,0203020D0AAABAB,4,0.3388
19,H85025,Aripiprazole_Tab 5mg,0402010ADAAADAD,1,0.004199999999999926
20,H85025,Clonazepam_Tab 500mcg,0408010F0AAABAB,15,4.271399999999992
21,H85025,Mesalazine_Tab E/C 400mg,0105010B0AAAAAA,1,-51.33599999999999
22,H85025,Pyridox HCl_Tab 50mg,0906024N0AAAIAI,3,2.3940000000000006
23,H85025,Risperidone_Tab 6mg,040201030AAAFAF,2,87.6288
24,H85030,Amiodarone HCl_Tab 200mg,0203020D0AAABAB,10,3.1388000000000025
25,H85030,Aripiprazole_Tab 5mg,0402010ADAAADAD,4,-0.01120000000000032
26,H85030,Clonazepam_Tab 500mcg,0408010F0AAABAB,31,7.6865999999999834
27,H85030,Mesalazine_Tab E/C 800mg,0105010B0AAASAS,4,34.43999999999999
28,H85031,Amiodarone HCl_Tab 200mg,0203020D0AAABAB,16,4.452700000000004
29,H85031,Aripiprazole_Tab 5mg,0402010ADAAADAD,6,15.572200000000002
30,H85031,Clonazepam_Tab 500mcg,0408010F0AAABAB,16,8.816999999999982
31,H85031,Mesalazine_Tab E/C 800mg,0105010B0AAASAS,1,-36.89999999999999
32,H85031,Topiramate_Tab 200mg,040801050AAACAC,2,4.808399999999999
33,H85032,Amiodarone HCl_Tab 200mg,0203020D0AAABAB,3,1.7500000000000016
34,H85032,Clonazepam_Tab 500mcg,0408010F0AAABAB,6,3.819399999999992
35,H85053,Amiodarone HCl_Tab 200mg,0203020D0AAABAB,1,0.7000000000000006
36,H85053,Aripiprazole_Tab 5mg,0402010ADAAADAD,4,-0.01120000000000032
37,H85053,Mesalazine_Tab E/C 800mg,0105010B0AAASAS,2,54.11999999999999
38,H85054,Amiodarone HCl_Tab 200mg,0203020D0AAABAB,6,1.0388000000000006
39,H85054,Clonazepam_Tab 500mcg,0408010F0AAABAB,4,2.892799999999994
40,H85054,Pyridox HCl_Tab 50mg,0906024N0AAAIAI,2,2.3940000000000006
41,H85063,Amiodarone HCl_Tab 200mg,0203020D0AAABAB,3,1.050000000000001
42,H85063,Clonazepam_Tab 500mcg,0408010F0AAABAB,5,3.1639999999999935
43,H85095,Amiodarone HCl_Tab 200mg,0203020D0AAABAB,4,1.4000000000000012
44,H85095,Aripiprazole_Tab 5mg,0402010ADAAADAD,3,-0.00840000000000024
45,H85095,Clonazepam_Tab 500mcg,0408010F0AAABAB,20,7.819599999999985
46,H85095,Mesalazine_Tab E/C 400mg,0105010B0AAAAAA,1,23.956799999999998
47,H85095,Mesalazine_Tab E/C 800mg,0105010B0AAASAS,1,11.479999999999997
48,H85095,Pyridox HCl_Tab 50mg,0906024N0AAAIAI,4,0.9576000000000002
49,H85095,Topiramate_Tab 200mg,040801050AAACAC,1,2.489999999999999
50,H85103,Clonazepam_Tab 500mcg,0408010F0AAABAB,14,4.419899999999991
51,H85105,Amiodarone HCl_Tab 200mg,0203020D0AAABAB,6,3.150000000000003
52,H85105,Aripiprazole_Tab 5mg,0402010ADAAADAD,4,-0.006400000000000183
53,H85105,Clonazepam_Tab 500mcg,0408010F0AAABAB,13,5.26579999999999
54,H85105,Mesalazine_Tab E/C 400mg,0105010B0AAAAAA,1,-34.224
55,H85105,Mesalazine_Tab E/C 800mg,0105010B0AAASAS,1,22.959999999999994
56,H85105,Pyridox HCl_Tab 50mg,0906024N0AAAIAI,2,1.4364000000000003
57,H85105,Tetrabenazine_Tab 25mg,0409030C0AAAAAA,2,0.9995999999999987
58,H85105,Topiramate_Tab 200mg,040801050AAACAC,10,10.870399999999997
59,H85113,Amiodarone HCl_Tab 200mg,0203020D0AAABAB,1,0.7000000000000006
60,H85113,Clonazepam_Tab 500mcg,0408010F0AAABAB,4,0.949199999999998
61,H85113,Mesalazine_Tab E/C 800mg,0105010B0AAASAS,1,17.219999999999995
62,H85113,Pyridox HCl_Tab 50mg,0906024N0AAAIAI,1,0.9576000000000002
63,H85115,Amiodarone HCl_Tab 200mg,0203020D0AAABAB,11,1.727600000000001
64,H85115,Clonazepam_Tab 500mcg,0408010F0AAABAB,21,8.610599999999982
65,H85115,Pyridox HCl_Tab 50mg,0906024N0AAAIAI,1,0.08700000000000041
66,H85115,Ropinirole HCl_Tab 5mg,0409010H0AAADAD,1,15.48960000000001
67,H85116,Amiodarone HCl_Tab 200mg,0203020D0AAABAB,2,2.100000000000002
68,H85116,Clonazepam_Tab 500mcg,0408010F0AAABAB,15,2.436599999999995
69,H85116,Mesalazine_Tab E/C 800mg,0105010B0AAASAS,3,34.43999999999999
70,H85116,Tetrabenazine_Tab 25mg,0409030C0AAAAAA,1,1.9991999999999974
71,H85618,Amiodarone HCl_Tab 200mg,0203020D0AAABAB,1,0.7000000000000006
72,H85618,Clonazepam_Tab 500mcg,0408010F0AAABAB,11,3.2543999999999933
73,H85653,Amiodarone HCl_Tab 200mg,0203020D0AAABAB,5,1.9000000000000017
74,H85653,Aripiprazole_Tab 5mg,0402010ADAAADAD,4,-0.01120000000000032
75,H85653,Clonazepam_Tab 500mcg,0408010F0AAABAB,21,11.24349999999998
76,H85653,Mesalazine_Tab E/C 400mg,0105010B0AAAAAA,2,34.22399999999999
77,H85653,Pyridox HCl_Tab 50mg,0906024N0AAAIAI,3,5.266800000000002
78,H85653,Tetrabenazine_Tab 25mg,0409030C0AAAAAA,5,5.997599999999992
79,H85653,Topiramate_Tab 200mg,040801050AAACAC,2,4.808399999999999
80,H85662,Amiodarone HCl_Tab 200mg,0203020D0AAABAB,2,1.7500000000000016
81,H85662,Clonazepam_Tab 500mcg,0408010F0AAABAB,2,1.3559999999999972
82,H85665,Amiodarone HCl_Tab 200mg,0203020D0AAABAB,2,0.7000000000000006
83,H85665,Clonazepam_Tab 500mcg,0408010F0AAABAB,8,2.531199999999995
84,H85665,Mesalazine_Tab E/C 800mg,0105010B0AAASAS,1,-34.43999999999999
85,H85683,Amiodarone HCl_Tab 200mg,0203020D0AAABAB,1,0.7000000000000006
86,H85683,Clonazepam_Tab 500mcg,0408010F0AAABAB,7,2.847599999999994
87,H85683,Mesalazine_Tab E/C 800mg,0105010B0AAASAS,1,-24.599999999999994
88,H85686,Amiodarone HCl_Tab 200mg,0203020D0AAABAB,5,2.450000000000002
89,H85686,Clonazepam_Tab 500mcg,0408010F0AAABAB,14,11.530999999999976
90,H85686,Pyridox HCl_Tab 50mg,0906024N0AAAIAI,4,1.5020000000000007
91,H85693,Aripiprazole_Tab 5mg,0402010ADAAADAD,2,0.008399999999999852
92,H85693,Clonazepam_Tab 500mcg,0408010F0AAABAB,27,3.966399999999992
93,H85693,Mesalazine_Tab E/C 800mg,0105010B0AAASAS,2,61.499999999999986
94,H85693,Pyridox HCl_Tab 50mg,0906024N0AAAIAI,2,1.9152000000000005
95,H85693,Risperidone_Tab 6mg,040201030AAAFAF,2,36.5176
96,H85693,Tetrabenazine_Tab 25mg,0409030C0AAAAAA,1,1.9991999999999974
