,practice_code,bnf_description,bnf_code,items,excess_cost
0,J81002,Atorvastatin_Tab 10mg,0212000B0AAAAAA,11,0.023100000000000127
1,J81002,Clonazepam_Tab 500mcg,0408010F0AAABAB,17,12.610799999999974
2,J81002,Clopidogrel_Tab 75mg,0209000C0AAAAAA,26,0.12739999999999985
3,J81002,Ferr Sulf_Tab 200mg,0901011P0AAACAC,19,0.07319999999999935
4,J81002,Memantine HCl_Tab 20mg,0411000G0AAADAD,12,0.058799999999999936
5,J81002,Paracet_Tab 500mg,0407010H0AAAMAM,42,-0.010799999999999935
6,J81002,Prednisolone_Tab Solb 5mg,0603020T0AABHBH,2,-0.0011999999999998678
7,J81003,Atorvastatin_Tab 10mg,0212000B0AAAAAA,7,0.014700000000000081
8,J81003,Clonazepam_Tab 500mcg,0408010F0AAABAB,13,5.875999999999989
9,J81003,Clopidogrel_Tab 75mg,0209000C0AAAAAA,20,0.09799999999999989
10,J81003,Ferr Sulf_Tab 200mg,0901011P0AAACAC,6,0.036999999999999464
11,J81003,Memantine HCl_Tab 20mg,0411000G0AAADAD,8,0.03919999999999996
12,J81003,Paracet_Tab 500mg,0407010H0AAAMAM,54,22.417200000000022
13,J81004,Atorvastatin_Tab 10mg,0212000B0AAAAAA,24,0.05040000000000028
14,J81004,Clonazepam_Tab 500mcg,0408010F0AAABAB,15,8.407199999999982
15,J81004,Clopidogrel_Tab 75mg,0209000C0AAAAAA,93,8.7978
16,J81004,Ferr Sulf_Tab 200mg,0901011P0AAACAC,59,105.86839999999998
17,J81004,Memantine HCl_Tab 20mg,0411000G0AAADAD,18,63.9495
18,J81004,Paracet_Tab 500mg,0407010H0AAAMAM,316,21.26400000000005
19,J81004,Prednisolone_Tab Solb 5mg,0603020T0AABHBH,4,-0.007699999999999152
20,J81005,Atorvastatin_Tab 10mg,0212000B0AAAAAA,232,11.646599999999998
21,J81005,Atorvastatin_Tab 20mg,0212000B0AAABAB,589,67.6172
22,J81005,Clonazepam_Tab 500mcg,0408010F0AAABAB,15,11.277399999999977
23,J81005,Clopidogrel_Tab 75mg,0209000C0AAAAAA,313,80.87659999999998
24,J81005,Ferr Sulf_Tab 200mg,0901011P0AAACAC,30,42.390499999999996
25,J81005,Paracet_Tab 500mg,0407010H0AAAMAM,774,138.90880000000004
26,J81005,Prednisolone_Tab Solb 5mg,0603020T0AABHBH,3,-0.014399999999998414
27,J81006,Anastrozole_Tab 1mg,0803041B0AAAAAA,3,0.01470000000000013
28,J81006,Atorvastatin_Tab 10mg,0212000B0AAAAAA,15,-0.006899999999999691
29,J81006,Atorvastatin_Tab 20mg,0212000B0AAABAB,17,0.06950000000000262
30,J81006,Clonazepam_Tab 500mcg,0408010F0AAABAB,25,13.650399999999973
31,J81006,Clopidogrel_Tab 75mg,0209000C0AAAAAA,169,17.792599999999993
32,J81006,Ferr Sulf_Tab 200mg,0901011P0AAACAC,27,28.262799999999988
33,J81006,Memantine HCl_Tab 20mg,0411000G0AAADAD,23,255.59239999999997
34,J81006,Paracet_Tab 500mg,0407010H0AAAMAM,930,83.22160000000008
35,J81006,Prednisolone_Tab Solb 5mg,0603020T0AABHBH,3,-0.0014999999999998348
36,J81009,Atorvastatin_Tab 10mg,0212000B0AAAAAA,3,0.006300000000000035
37,J81009,Atorvastatin_Tab 20mg,0212000B0AAABAB,351,22.604400000000034
38,J81009,Clonazepam_Tab 500mcg,0408010F0AAABAB,17,10.971399999999978
39,J81009,Clopidogrel_Tab 75mg,0209000C0AAAAAA,191,8.920800000000002
40,J81009,Ferr Sulf_Tab 200mg,0901011P0AAACAC,20,21.185
41,J81009,Paracet_Tab 500mg,0407010H0AAAMAM,318,13.747600000000052
42,J81010,Anastrozole_Tab 1mg,0803041B0AAAAAA,10,123.03199999999998
43,J81010,Atorvastatin_Tab 10mg,0212000B0AAAAAA,34,23.2869
44,J81010,Atorvastatin_Tab 20mg,0212000B0AAABAB,1,0.006000000000000172
45,J81010,Clonazepam_Tab 500mcg,0408010F0AAABAB,12,9.243399999999982
46,J81010,Ferr Sulf_Tab 200mg,0901011P0AAACAC,7,0.03999999999999934
47,J81010,Memantine HCl_Tab 20mg,0411000G0AAADAD,1,-0.002599999999999894
48,J81010,Paracet_Tab 500mg,0407010H0AAAMAM,812,218.8464
49,J81011,Atorvastatin_Tab 10mg,0212000B0AAAAAA,83,11.620000000000003
50,J81011,Atorvastatin_Tab 20mg,0212000B0AAABAB,218,22.584800000000012
51,J81011,Clonazepam_Tab 500mcg,0408010F0AAABAB,6,3.480399999999993
52,J81011,Clopidogrel_Tab 75mg,0209000C0AAAAAA,11,0.05389999999999994
53,J81011,Ferr Sulf_Tab 200mg,0901011P0AAACAC,3,0.017199999999999688
54,J81011,Memantine HCl_Tab 20mg,0411000G0AAADAD,6,63.89039999999999
55,J81011,Paracet_Tab 500mg,0407010H0AAAMAM,412,104.60480000000005
56,J81011,Prednisolone_Tab Solb 5mg,0603020T0AABHBH,3,-0.006999999999999007
57,J81012,Anastrozole_Tab 1mg,0803041B0AAAAAA,15,123.73200000000001
58,J81012,Atorvastatin_Tab 10mg,0212000B0AAAAAA,153,81.1331
59,J81012,Atorvastatin_Tab 20mg,0212000B0AAABAB,74,0.20720000000000593
60,J81012,Clonazepam_Tab 500mcg,0408010F0AAABAB,23,11.965399999999974
61,J81012,Clopidogrel_Tab 75mg,0209000C0AAAAAA,155,0.5921999999999771
62,J81012,Ferr Sulf_Tab 200mg,0901011P0AAACAC,13,0.04759999999999971
63,J81012,Memantine HCl_Tab 20mg,0411000G0AAADAD,13,127.37759999999999
64,J81012,Paracet_Tab 500mg,0407010H0AAAMAM,236,9.050800000000024
65,J81012,Prednisolone_Tab Solb 5mg,0603020T0AABHBH,1,-0.004799999999999471
66,J81013,Atorvastatin_Tab 10mg,0212000B0AAAAAA,22,11.6424
67,J81013,Atorvastatin_Tab 20mg,0212000B0AAABAB,140,158.085
68,J81013,Clonazepam_Tab 500mcg,0408010F0AAABAB,6,1.6610999999999967
69,J81013,Clopidogrel_Tab 75mg,0209000C0AAAAAA,42,8.82
70,J81013,Ferr Sulf_Tab 200mg,0901011P0AAACAC,20,21.257999999999992
71,J81013,Montelukast_Tab 10mg,0303020G0AAABAB,19,48.731199999999994
72,J81013,Paracet_Tab 500mg,0407010H0AAAMAM,160,18.808800000000023
73,J81013,Prednisolone_Tab Solb 5mg,0603020T0AABHBH,1,7.197600000000001
74,J81014,Atorvastatin_Tab 20mg,0212000B0AAABAB,78,27.469800000000006
75,J81014,Clonazepam_Tab 500mcg,0408010F0AAABAB,24,15.887799999999963
76,J81014,Clopidogrel_Tab 75mg,0209000C0AAAAAA,120,8.874599999999996
77,J81014,Ferr Sulf_Tab 200mg,0901011P0AAACAC,1,0.0059999999999997555
78,J81014,Paracet_Tab 500mg,0407010H0AAAMAM,308,28.29440000000003
79,J81014,Prednisolone_Tab Solb 5mg,0603020T0AABHBH,2,-0.009599999999998943
80,J81016,Clonazepam_Tab 500mcg,0408010F0AAABAB,6,3.0057999999999936
81,J81016,Ferr Sulf_Tab 200mg,0901011P0AAACAC,1,0.0059999999999997555
82,J81017,Clonazepam_Tab 500mcg,0408010F0AAABAB,11,2.6893999999999947
83,J81017,Clopidogrel_Tab 75mg,0209000C0AAAAAA,15,0.07349999999999993
84,J81017,Ferr Sulf_Tab 200mg,0901011P0AAACAC,22,0.10079999999999939
85,J81017,Paracet_Tab 500mg,0407010H0AAAMAM,334,137.67520000000005
86,J81018,Clonazepam_Tab 500mcg,0408010F0AAABAB,15,9.277299999999983
87,J81018,Clopidogrel_Tab 75mg,0209000C0AAAAAA,8,0.03919999999999996
88,J81018,Ferr Sulf_Tab 200mg,0901011P0AAACAC,6,0.047199999999998465
89,J81018,Paracet_Tab 500mg,0407010H0AAAMAM,20,0.009199999999999944
90,J81018,Prednisolone_Tab Solb 5mg,0603020T0AABHBH,1,0.004499999999999504
91,J81019,Anastrozole_Tab 1mg,0803041B0AAAAAA,6,0.02940000000000026
92,J81019,Atorvastatin_Tab 10mg,0212000B0AAAAAA,2,0.004200000000000023
93,J81019,Clonazepam_Tab 500mcg,0408010F0AAABAB,11,6.011599999999988
94,J81019,Clopidogrel_Tab 75mg,0209000C0AAAAAA,276,96.17019999999995
95,J81019,Ferr Sulf_Tab 200mg,0901011P0AAACAC,19,0.0525999999999992
96,J81019,Memantine HCl_Tab 20mg,0411000G0AAADAD,13,79.9162
97,J81019,Paracet_Tab 500mg,0407010H0AAAMAM,766,35.351000000000084
98,J81019,Prednisolone_Tab Solb 5mg,0603020T0AABHBH,4,0.0011999999999998678
99,J81020,Atorvastatin_Tab 10mg,0212000B0AAAAAA,10,0.021000000000000116
100,J81020,Clopidogrel_Tab 75mg,0209000C0AAAAAA,25,0.12249999999999986
101,J81020,Paracet_Tab 500mg,0407010H0AAAMAM,132,9.82720000000001
102,J81021,Atorvastatin_Tab 10mg,0212000B0AAAAAA,71,58.01810000000001
103,J81021,Atorvastatin_Tab 20mg,0212000B0AAABAB,108,22.68
104,J81021,Clonazepam_Tab 500mcg,0408010F0AAABAB,12,9.003199999999971
105,J81021,Clopidogrel_Tab 75mg,0209000C0AAAAAA,154,79.58379999999998
106,J81021,Ferr Sulf_Tab 200mg,0901011P0AAACAC,16,0.040699999999998585
107,J81021,Memantine HCl_Tab 20mg,0411000G0AAADAD,4,0.01959999999999998
108,J81021,Montelukast_Tab 10mg,0303020G0AAABAB,2,2.9904000000000006
109,J81021,Paracet_Tab 500mg,0407010H0AAAMAM,418,66.15959999999997
110,J81021,Prednisolone_Tab Solb 5mg,0603020T0AABHBH,2,0.008099999999999108
111,J81022,Anastrozole_Tab 1mg,0803041B0AAAAAA,6,0.02940000000000026
112,J81022,Atorvastatin_Tab 10mg,0212000B0AAAAAA,13,0.02730000000000015
113,J81022,Atorvastatin_Tab 20mg,0212000B0AAABAB,1,0.0048000000000001375
114,J81022,Clonazepam_Tab 500mcg,0408010F0AAABAB,8,1.1864999999999974
115,J81022,Clopidogrel_Tab 75mg,0209000C0AAAAAA,81,0.3968999999999996
116,J81022,Ferr Sulf_Tab 200mg,0901011P0AAACAC,33,0.11749999999999845
117,J81022,Memantine HCl_Tab 20mg,0411000G0AAADAD,13,0.06369999999999992
118,J81022,Montelukast_Tab 10mg,0303020G0AAABAB,13,24.388
119,J81022,Paracet_Tab 500mg,0407010H0AAAMAM,186,0.9183999999999944
120,J81022,Prednisolone_Tab Solb 5mg,0603020T0AABHBH,1,71.94
121,J81025,Atorvastatin_Tab 10mg,0212000B0AAAAAA,19,0.03990000000000022
122,J81025,Clonazepam_Tab 500mcg,0408010F0AAABAB,11,3.5707999999999926
123,J81025,Clopidogrel_Tab 75mg,0209000C0AAAAAA,33,0.16169999999999982
124,J81025,Ferr Sulf_Tab 200mg,0901011P0AAACAC,62,0.2687999999999981
125,J81025,Memantine HCl_Tab 20mg,0411000G0AAADAD,6,0.029399999999999968
126,J81025,Paracet_Tab 500mg,0407010H0AAAMAM,410,44.10639999999999
127,J81025,Prednisolone_Tab Solb 5mg,0603020T0AABHBH,1,-0.0027999999999996916
128,J81027,Atorvastatin_Tab 10mg,0212000B0AAAAAA,128,34.6287
129,J81027,Atorvastatin_Tab 20mg,0212000B0AAABAB,316,225.62400000000002
130,J81027,Clonazepam_Tab 500mcg,0408010F0AAABAB,21,16.543199999999967
131,J81027,Clopidogrel_Tab 75mg,0209000C0AAAAAA,185,8.720600000000001
132,J81027,Ferr Sulf_Tab 200mg,0901011P0AAACAC,111,56.861199999999975
133,J81027,Paracet_Tab 500mg,0407010H0AAAMAM,686,139.31360000000012
134,J81028,Anastrozole_Tab 1mg,0803041B0AAAAAA,6,61.504799999999996
135,J81028,Atorvastatin_Tab 10mg,0212000B0AAAAAA,204,23.6565
136,J81028,Atorvastatin_Tab 20mg,0212000B0AAABAB,314,45.71840000000003
137,J81028,Clonazepam_Tab 500mcg,0408010F0AAABAB,20,6.713199999999985
138,J81028,Clopidogrel_Tab 75mg,0209000C0AAAAAA,470,18.382699999999964
139,J81028,Ferr Sulf_Tab 200mg,0901011P0AAACAC,117,18.053199999999997
140,J81028,Memantine HCl_Tab 20mg,0411000G0AAADAD,40,0.19599999999999979
141,J81028,Montelukast_Tab 10mg,0303020G0AAABAB,65,73.0617
142,J81028,Paracet_Tab 500mg,0407010H0AAAMAM,344,15.594199999999995
143,J81028,Prednisolone_Tab Solb 5mg,0603020T0AABHBH,1,0.0035999999999996035
144,J81029,Clonazepam_Tab 500mcg,0408010F0AAABAB,4,2.395599999999995
145,J81029,Paracet_Tab 500mg,0407010H0AAAMAM,280,156.0048
146,J81029,Prednisolone_Tab Solb 5mg,0603020T0AABHBH,1,35.97
147,J81030,Clonazepam_Tab 500mcg,0408010F0AAABAB,9,5.04099999999999
148,J81030,Ferr Sulf_Tab 200mg,0901011P0AAACAC,1,0.00859999999999965
149,J81030,Paracet_Tab 500mg,0407010H0AAAMAM,4,-0.005599999999999966
150,J81031,Atorvastatin_Tab 10mg,0212000B0AAAAAA,65,23.115300000000005
151,J81031,Atorvastatin_Tab 20mg,0212000B0AAABAB,220,67.78240000000005
152,J81031,Clonazepam_Tab 500mcg,0408010F0AAABAB,4,2.9693999999999945
153,J81031,Clopidogrel_Tab 75mg,0209000C0AAAAAA,4,0.01959999999999998
154,J81031,Ferr Sulf_Tab 200mg,0901011P0AAACAC,5,0.018199999999999647
155,J81031,Paracet_Tab 500mg,0407010H0AAAMAM,8,0.0015999999999999903
156,J81031,Prednisolone_Tab Solb 5mg,0603020T0AABHBH,5,9.5912
157,J81032,Atorvastatin_Tab 20mg,0212000B0AAABAB,1,-0.0029999999999998778
158,J81032,Clonazepam_Tab 500mcg,0408010F0AAABAB,4,2.395599999999995
159,J81032,Clopidogrel_Tab 75mg,0209000C0AAAAAA,4,0.01959999999999998
160,J81032,Ferr Sulf_Tab 200mg,0901011P0AAACAC,3,0.0167999999999999
161,J81032,Paracet_Tab 500mg,0407010H0AAAMAM,246,72.07480000000001
162,J81033,Atorvastatin_Tab 10mg,0212000B0AAAAAA,41,23.189599999999995
163,J81033,Atorvastatin_Tab 20mg,0212000B0AAABAB,126,112.61040000000003
164,J81033,Clonazepam_Tab 500mcg,0408010F0AAABAB,16,10.542899999999978
165,J81033,Clopidogrel_Tab 75mg,0209000C0AAAAAA,108,8.7465
166,J81033,Ferr Sulf_Tab 200mg,0901011P0AAACAC,16,0.049899999999999056
167,J81033,Montelukast_Tab 10mg,0303020G0AAABAB,16,1.5008000000000004
168,J81033,Paracet_Tab 500mg,0407010H0AAAMAM,544,85.95280000000001
169,J81033,Prednisolone_Tab Solb 5mg,0603020T0AABHBH,1,0.004499999999999504
170,J81034,Anastrozole_Tab 1mg,0803041B0AAAAAA,21,123.00959999999999
171,J81034,Atorvastatin_Tab 10mg,0212000B0AAAAAA,4,0.008400000000000046
172,J81034,Clonazepam_Tab 500mcg,0408010F0AAABAB,3,2.1243999999999956
173,J81034,Clopidogrel_Tab 75mg,0209000C0AAAAAA,173,0.781899999999975
174,J81034,Ferr Sulf_Tab 200mg,0901011P0AAACAC,9,0.025599999999999845
175,J81034,Memantine HCl_Tab 20mg,0411000G0AAADAD,2,0.00979999999999999
176,J81034,Paracet_Tab 500mg,0407010H0AAAMAM,46,-0.03879999999999978
177,J81034,Prednisolone_Tab Solb 5mg,0603020T0AABHBH,5,-0.0039999999999995595
178,J81035,Atorvastatin_Tab 10mg,0212000B0AAAAAA,7,0.011800000000000074
179,J81035,Clopidogrel_Tab 75mg,0209000C0AAAAAA,4,0.01959999999999998
180,J81035,Paracet_Tab 500mg,0407010H0AAAMAM,8,-0.04479999999999973
181,J81035,Prednisolone_Tab Solb 5mg,0603020T0AABHBH,2,-0.00879999999999903
182,J81036,Atorvastatin_Tab 10mg,0212000B0AAAAAA,25,0.10500000000000004
183,J81036,Atorvastatin_Tab 20mg,0212000B0AAABAB,17,0.09520000000000273
184,J81036,Clonazepam_Tab 500mcg,0408010F0AAABAB,5,3.796799999999992
185,J81036,Clopidogrel_Tab 75mg,0209000C0AAAAAA,9,0.04409999999999995
186,J81036,Ferr Sulf_Tab 200mg,0901011P0AAACAC,1,0.005599999999999966
187,J81036,Memantine HCl_Tab 20mg,0411000G0AAADAD,7,255.6148
188,J81036,Paracet_Tab 500mg,0407010H0AAAMAM,146,23.2264
189,J81036,Prednisolone_Tab Solb 5mg,0603020T0AABHBH,3,71.94
190,J81039,Clonazepam_Tab 500mcg,0408010F0AAABAB,3,1.4875999999999974
191,J81039,Clopidogrel_Tab 75mg,0209000C0AAAAAA,4,0.01959999999999998
192,J81039,Ferr Sulf_Tab 200mg,0901011P0AAACAC,4,-0.00840000000000024
193,J81039,Paracet_Tab 500mg,0407010H0AAAMAM,14,0.0
194,J81040,Clonazepam_Tab 500mcg,0408010F0AAABAB,5,4.632999999999991
195,J81040,Paracet_Tab 500mg,0407010H0AAAMAM,2,0.00839999999999995
196,J81040,Prednisolone_Tab Solb 5mg,0603020T0AABHBH,1,-0.0039999999999995595
197,J81041,Atorvastatin_Tab 10mg,0212000B0AAAAAA,186,69.4848
198,J81041,Atorvastatin_Tab 20mg,0212000B0AAABAB,395,134.93200000000002
199,J81041,Clonazepam_Tab 500mcg,0408010F0AAABAB,19,13.017599999999975
200,J81041,Clopidogrel_Tab 75mg,0209000C0AAAAAA,143,17.798399999999972
201,J81041,Ferr Sulf_Tab 200mg,0901011P0AAACAC,2,0.011599999999999722
202,J81041,Montelukast_Tab 10mg,0303020G0AAABAB,37,48.692
203,J81041,Paracet_Tab 500mg,0407010H0AAAMAM,442,99.4456
204,J81041,Prednisolone_Tab Solb 5mg,0603020T0AABHBH,1,0.004499999999999504
205,J81042,Anastrozole_Tab 1mg,0803041B0AAAAAA,3,0.36960000000000126
206,J81042,Atorvastatin_Tab 10mg,0212000B0AAAAAA,7,34.8684
207,J81042,Clonazepam_Tab 500mcg,0408010F0AAABAB,8,6.174799999999987
208,J81042,Ferr Sulf_Tab 200mg,0901011P0AAACAC,12,14.118399999999996
209,J81042,Paracet_Tab 500mg,0407010H0AAAMAM,234,51.93200000000001
210,J81042,Prednisolone_Tab Solb 5mg,0603020T0AABHBH,1,0.0029999999999996696
211,J81044,Atorvastatin_Tab 10mg,0212000B0AAAAAA,3,0.006300000000000035
212,J81044,Clonazepam_Tab 500mcg,0408010F0AAABAB,12,8.723599999999982
213,J81044,Clopidogrel_Tab 75mg,0209000C0AAAAAA,7,0.03429999999999996
214,J81044,Ferr Sulf_Tab 200mg,0901011P0AAACAC,2,0.02079999999999925
215,J81044,Paracet_Tab 500mg,0407010H0AAAMAM,186,19.60080000000007
216,J81044,Prednisolone_Tab Solb 5mg,0603020T0AABHBH,1,-0.0023999999999997357
217,J81045,Anastrozole_Tab 1mg,0803041B0AAAAAA,2,0.009800000000000086
218,J81045,Atorvastatin_Tab 10mg,0212000B0AAAAAA,3,0.006300000000000035
219,J81045,Clonazepam_Tab 500mcg,0408010F0AAABAB,8,4.018799999999992
220,J81045,Clopidogrel_Tab 75mg,0209000C0AAAAAA,18,0.0881999999999999
221,J81045,Ferr Sulf_Tab 200mg,0901011P0AAACAC,47,0.2059999999999977
222,J81045,Paracet_Tab 500mg,0407010H0AAAMAM,84,-0.17079999999999895
223,J81045,Prednisolone_Tab Solb 5mg,0603020T0AABHBH,6,-0.005999999999999339
224,J81046,Anastrozole_Tab 1mg,0803041B0AAAAAA,19,-5.107199999999999
225,J81046,Atorvastatin_Tab 10mg,0212000B0AAAAAA,106,34.7872
226,J81046,Clonazepam_Tab 500mcg,0408010F0AAABAB,5,3.8831999999999924
227,J81046,Clopidogrel_Tab 75mg,0209000C0AAAAAA,67,17.634399999999985
228,J81046,Ferr Sulf_Tab 200mg,0901011P0AAACAC,31,35.309599999999996
229,J81046,Memantine HCl_Tab 20mg,0411000G0AAADAD,15,127.80599999999998
230,J81046,Paracet_Tab 500mg,0407010H0AAAMAM,58,22.0864
231,J81046,Prednisolone_Tab Solb 5mg,0603020T0AABHBH,2,33.562799999999996
232,J81047,Clonazepam_Tab 500mcg,0408010F0AAABAB,19,7.521599999999985
233,J81047,Ferr Sulf_Tab 200mg,0901011P0AAACAC,1,0.005599999999999966
234,J81047,Paracet_Tab 500mg,0407010H0AAAMAM,6,0.02639999999999984
235,J81047,Prednisolone_Tab Solb 5mg,0603020T0AABHBH,2,-0.009599999999999387
236,J81048,Clonazepam_Tab 500mcg,0408010F0AAABAB,5,4.366799999999991
237,J81048,Clopidogrel_Tab 75mg,0209000C0AAAAAA,1,0.004899999999999995
238,J81048,Montelukast_Tab 10mg,0303020G0AAABAB,7,48.764799999999994
239,J81048,Paracet_Tab 500mg,0407010H0AAAMAM,98,9.58880000000001
240,J81048,Prednisolone_Tab Solb 5mg,0603020T0AABHBH,3,-0.011599999999998722
241,J81049,Atorvastatin_Tab 10mg,0212000B0AAAAAA,22,23.2848
242,J81049,Atorvastatin_Tab 20mg,0212000B0AAABAB,61,22.545600000000007
243,J81049,Clonazepam_Tab 500mcg,0408010F0AAABAB,5,3.3673999999999933
244,J81049,Clopidogrel_Tab 75mg,0209000C0AAAAAA,124,34.92099999999999
245,J81049,Ferr Sulf_Tab 200mg,0901011P0AAACAC,4,0.022399999999999864
246,J81049,Memantine HCl_Tab 20mg,0411000G0AAADAD,12,63.9072
247,J81049,Paracet_Tab 500mg,0407010H0AAAMAM,380,69.19480000000003
248,J81049,Prednisolone_Tab Solb 5mg,0603020T0AABHBH,1,-0.0047999999999999154
249,J81051,Atorvastatin_Tab 10mg,0212000B0AAAAAA,2,-0.0061999999999999625
250,J81051,Clonazepam_Tab 500mcg,0408010F0AAABAB,8,2.847599999999994
251,J81051,Clopidogrel_Tab 75mg,0209000C0AAAAAA,135,8.864099999999983
252,J81051,Ferr Sulf_Tab 200mg,0901011P0AAACAC,9,21.1484
253,J81051,Paracet_Tab 500mg,0407010H0AAAMAM,532,83.31360000000012
254,J81052,Atorvastatin_Tab 20mg,0212000B0AAABAB,1,0.0039000000000001117
255,J81052,Clonazepam_Tab 500mcg,0408010F0AAABAB,7,4.158399999999991
256,J81052,Paracet_Tab 500mg,0407010H0AAAMAM,14,-0.07839999999999953
257,J81052,Prednisolone_Tab Solb 5mg,0603020T0AABHBH,2,-0.005999999999999339
258,J81053,Atorvastatin_Tab 10mg,0212000B0AAAAAA,8,0.016800000000000093
259,J81053,Atorvastatin_Tab 20mg,0212000B0AAABAB,1,-0.0013999999999999985
260,J81053,Clonazepam_Tab 500mcg,0408010F0AAABAB,11,3.227799999999994
261,J81053,Clopidogrel_Tab 75mg,0209000C0AAAAAA,24,30.990399999999998
262,J81053,Ferr Sulf_Tab 200mg,0901011P0AAACAC,45,0.1767999999999988
263,J81053,Memantine HCl_Tab 20mg,0411000G0AAADAD,4,0.01959999999999998
264,J81053,Paracet_Tab 500mg,0407010H0AAAMAM,68,10.169600000000004
265,J81054,Anastrozole_Tab 1mg,0803041B0AAAAAA,5,0.024500000000000216
266,J81054,Atorvastatin_Tab 10mg,0212000B0AAAAAA,13,0.019200000000000175
267,J81054,Atorvastatin_Tab 20mg,0212000B0AAABAB,1,0.006000000000000172
268,J81054,Clonazepam_Tab 500mcg,0408010F0AAABAB,4,2.7119999999999944
269,J81054,Clopidogrel_Tab 75mg,0209000C0AAAAAA,8,0.03919999999999996
270,J81054,Ferr Sulf_Tab 200mg,0901011P0AAACAC,1,0.0059999999999997555
271,J81054,Memantine HCl_Tab 20mg,0411000G0AAADAD,4,0.01959999999999998
272,J81054,Paracet_Tab 500mg,0407010H0AAAMAM,4,-0.02079999999999993
273,J81054,Prednisolone_Tab Solb 5mg,0603020T0AABHBH,1,-0.0023999999999997357
274,J81055,Atorvastatin_Tab 20mg,0212000B0AAABAB,116,22.735999999999997
275,J81055,Clonazepam_Tab 500mcg,0408010F0AAABAB,24,12.384799999999975
276,J81055,Clopidogrel_Tab 75mg,0209000C0AAAAAA,131,8.803199999999997
277,J81055,Ferr Sulf_Tab 200mg,0901011P0AAACAC,6,0.04039999999999913
278,J81055,Paracet_Tab 500mg,0407010H0AAAMAM,456,109.28400000000005
279,J81055,Prednisolone_Tab Solb 5mg,0603020T0AABHBH,1,-0.004799999999999471
280,J81056,Atorvastatin_Tab 10mg,0212000B0AAAAAA,172,11.667399999999999
281,J81056,Atorvastatin_Tab 20mg,0212000B0AAABAB,236,247.80000000000004
282,J81056,Clonazepam_Tab 500mcg,0408010F0AAABAB,29,12.364399999999975
283,J81056,Clopidogrel_Tab 75mg,0209000C0AAAAAA,373,17.924199999999953
284,J81056,Ferr Sulf_Tab 200mg,0901011P0AAACAC,42,0.20039999999999797
285,J81056,Memantine HCl_Tab 20mg,0411000G0AAADAD,14,0.06859999999999992
286,J81056,Montelukast_Tab 10mg,0303020G0AAABAB,73,73.11919999999999
287,J81056,Paracet_Tab 500mg,0407010H0AAAMAM,666,103.00640000000008
288,J81056,Prednisolone_Tab Solb 5mg,0603020T0AABHBH,7,86.30999999999999
289,J81057,Atorvastatin_Tab 20mg,0212000B0AAABAB,39,0.21840000000000626
290,J81057,Clonazepam_Tab 500mcg,0408010F0AAABAB,12,3.6385999999999923
291,J81057,Ferr Sulf_Tab 200mg,0901011P0AAACAC,7,0.040999999999999315
292,J81057,Paracet_Tab 500mg,0407010H0AAAMAM,6,-0.0335999999999998
293,J81057,Prednisolone_Tab Solb 5mg,0603020T0AABHBH,1,-0.0035999999999996035
294,J81058,Atorvastatin_Tab 10mg,0212000B0AAAAAA,9,0.015200000000000102
295,J81058,Clonazepam_Tab 500mcg,0408010F0AAABAB,5,3.796799999999992
296,J81058,Clopidogrel_Tab 75mg,0209000C0AAAAAA,178,17.596599999999984
297,J81058,Ferr Sulf_Tab 200mg,0901011P0AAACAC,40,0.10919999999999846
298,J81058,Paracet_Tab 500mg,0407010H0AAAMAM,462,126.68680000000006
299,J81058,Prednisolone_Tab Solb 5mg,0603020T0AABHBH,2,0.001400000000000623
300,J81059,Clonazepam_Tab 500mcg,0408010F0AAABAB,8,8.836599999999983
301,J81059,Clopidogrel_Tab 75mg,0209000C0AAAAAA,4,0.01959999999999998
302,J81059,Paracet_Tab 500mg,0407010H0AAAMAM,6,-0.010399999999999937
303,J81061,Atorvastatin_Tab 10mg,0212000B0AAAAAA,6,0.01260000000000007
304,J81061,Atorvastatin_Tab 20mg,0212000B0AAABAB,1,0.00540000000000003
305,J81061,Clonazepam_Tab 500mcg,0408010F0AAABAB,6,3.9571999999999914
306,J81061,Clopidogrel_Tab 75mg,0209000C0AAAAAA,23,0.10599999999999983
307,J81061,Ferr Sulf_Tab 200mg,0901011P0AAACAC,27,0.1495999999999991
308,J81061,Paracet_Tab 500mg,0407010H0AAAMAM,8,0.022399999999999864
309,J81061,Prednisolone_Tab Solb 5mg,0603020T0AABHBH,2,-0.0005999999999999339
310,J81062,Atorvastatin_Tab 10mg,0212000B0AAAAAA,37,11.6739
311,J81062,Clonazepam_Tab 500mcg,0408010F0AAABAB,6,5.3787999999999885
312,J81062,Clopidogrel_Tab 75mg,0209000C0AAAAAA,11,0.05389999999999994
313,J81062,Ferr Sulf_Tab 200mg,0901011P0AAACAC,10,0.05319999999999968
314,J81062,Memantine HCl_Tab 20mg,0411000G0AAADAD,15,127.8312
315,J81062,Paracet_Tab 500mg,0407010H0AAAMAM,246,19.476399999999995
316,J81062,Prednisolone_Tab Solb 5mg,0603020T0AABHBH,2,239.77520000000004
317,J81064,Atorvastatin_Tab 20mg,0212000B0AAABAB,65,45.136
318,J81064,Clonazepam_Tab 500mcg,0408010F0AAABAB,5,0.6327999999999987
319,J81064,Ferr Sulf_Tab 200mg,0901011P0AAACAC,1,0.011999999999999511
320,J81064,Paracet_Tab 500mg,0407010H0AAAMAM,30,5.096000000000001
321,J81066,Atorvastatin_Tab 10mg,0212000B0AAAAAA,114,69.67960000000001
322,J81066,Atorvastatin_Tab 20mg,0212000B0AAABAB,407,834.0
323,J81066,Clonazepam_Tab 500mcg,0408010F0AAABAB,13,6.079399999999988
324,J81066,Paracet_Tab 500mg,0407010H0AAAMAM,182,-1.7567999999999895
325,J81067,Atorvastatin_Tab 10mg,0212000B0AAAAAA,4,0.008400000000000046
326,J81067,Clonazepam_Tab 500mcg,0408010F0AAABAB,2,1.7627999999999964
327,J81067,Ferr Sulf_Tab 200mg,0901011P0AAACAC,5,0.017199999999999688
328,J81067,Paracet_Tab 500mg,0407010H0AAAMAM,2,-0.011199999999999932
329,J81067,Prednisolone_Tab Solb 5mg,0603020T0AABHBH,4,-0.00929999999999942
330,J81068,Anastrozole_Tab 1mg,0803041B0AAAAAA,4,0.019600000000000173
331,J81068,Atorvastatin_Tab 10mg,0212000B0AAAAAA,4,0.008400000000000046
332,J81068,Clonazepam_Tab 500mcg,0408010F0AAABAB,16,7.909999999999984
333,J81068,Clopidogrel_Tab 75mg,0209000C0AAAAAA,34,0.1665999999999998
334,J81068,Ferr Sulf_Tab 200mg,0901011P0AAACAC,23,0.10639999999999936
335,J81068,Paracet_Tab 500mg,0407010H0AAAMAM,66,-0.18799999999999886
336,J81068,Prednisolone_Tab Solb 5mg,0603020T0AABHBH,5,79.12839999999998
337,J81069,Clonazepam_Tab 500mcg,0408010F0AAABAB,3,2.531199999999995
338,J81069,Ferr Sulf_Tab 200mg,0901011P0AAACAC,1,0.0059999999999997555
339,J81069,Memantine HCl_Tab 20mg,0411000G0AAADAD,4,-0.21279999999999988
340,J81070,Clonazepam_Tab 500mcg,0408010F0AAABAB,12,8.302199999999987
341,J81070,Memantine HCl_Tab 20mg,0411000G0AAADAD,1,0.004899999999999995
342,J81070,Paracet_Tab 500mg,0407010H0AAAMAM,8,0.0015999999999999903
343,J81070,Prednisolone_Tab Solb 5mg,0603020T0AABHBH,1,0.004499999999999504
344,J81071,Clonazepam_Tab 500mcg,0408010F0AAABAB,5,0.949199999999998
345,J81071,Ferr Sulf_Tab 200mg,0901011P0AAACAC,7,21.165200000000002
346,J81071,Paracet_Tab 500mg,0407010H0AAAMAM,106,10.40560000000001
347,J81072,Atorvastatin_Tab 10mg,0212000B0AAAAAA,4,0.008400000000000046
348,J81072,Clonazepam_Tab 500mcg,0408010F0AAABAB,7,5.694299999999988
349,J81072,Clopidogrel_Tab 75mg,0209000C0AAAAAA,70,8.705199999999992
350,J81072,Ferr Sulf_Tab 200mg,0901011P0AAACAC,8,0.006999999999999423
351,J81072,Paracet_Tab 500mg,0407010H0AAAMAM,346,25.89040000000005
352,J81073,Atorvastatin_Tab 10mg,0212000B0AAAAAA,6,0.006300000000000083
353,J81073,Atorvastatin_Tab 20mg,0212000B0AAABAB,1,-0.0026999999999999837
354,J81073,Clonazepam_Tab 500mcg,0408010F0AAABAB,20,6.233599999999987
355,J81073,Clopidogrel_Tab 75mg,0209000C0AAAAAA,4,0.01959999999999998
356,J81073,Ferr Sulf_Tab 200mg,0901011P0AAACAC,17,0.09039999999999904
357,J81073,Paracet_Tab 500mg,0407010H0AAAMAM,370,151.1336
358,J81074,Atorvastatin_Tab 10mg,0212000B0AAAAAA,2,0.008400000000000046
359,J81074,Clonazepam_Tab 500mcg,0408010F0AAABAB,4,3.0961999999999934
360,J81074,Clopidogrel_Tab 75mg,0209000C0AAAAAA,16,0.07839999999999991
361,J81074,Ferr Sulf_Tab 200mg,0901011P0AAACAC,16,0.04759999999999942
362,J81074,Paracet_Tab 500mg,0407010H0AAAMAM,58,0.20359999999999878
363,J81075,Anastrozole_Tab 1mg,0803041B0AAAAAA,1,123.02079999999998
364,J81075,Clonazepam_Tab 500mcg,0408010F0AAABAB,28,4.211999999999993
365,J81075,Ferr Sulf_Tab 200mg,0901011P0AAACAC,5,0.047999999999998044
366,J81075,Paracet_Tab 500mg,0407010H0AAAMAM,168,18.901600000000013
367,J81075,Prednisolone_Tab Solb 5mg,0603020T0AABHBH,3,0.0032999999999996366
368,J81076,Atorvastatin_Tab 10mg,0212000B0AAAAAA,8,0.016800000000000093
369,J81076,Clonazepam_Tab 500mcg,0408010F0AAABAB,12,2.4520999999999953
370,J81076,Clopidogrel_Tab 75mg,0209000C0AAAAAA,42,0.20579999999999976
371,J81076,Ferr Sulf_Tab 200mg,0901011P0AAACAC,38,0.17159999999999825
372,J81076,Memantine HCl_Tab 20mg,0411000G0AAADAD,4,0.01959999999999998
373,J81076,Montelukast_Tab 10mg,0303020G0AAABAB,16,48.7424
374,J81076,Paracet_Tab 500mg,0407010H0AAAMAM,116,-0.19879999999999878
375,J81077,Atorvastatin_Tab 10mg,0212000B0AAAAAA,2,-0.01329999999999992
376,J81077,Clonazepam_Tab 500mcg,0408010F0AAABAB,5,3.2543999999999933
377,J81078,Atorvastatin_Tab 20mg,0212000B0AAABAB,153,44.98200000000001
378,J81078,Clonazepam_Tab 500mcg,0408010F0AAABAB,8,3.6315999999999935
379,J81078,Montelukast_Tab 10mg,0303020G0AAABAB,16,26.3872
380,J81078,Paracet_Tab 500mg,0407010H0AAAMAM,350,61.64800000000004
381,J81078,Prednisolone_Tab Solb 5mg,0603020T0AABHBH,1,-0.0023999999999997357
382,J81081,Atorvastatin_Tab 10mg,0212000B0AAAAAA,1,0.004200000000000023
383,J81081,Clonazepam_Tab 500mcg,0408010F0AAABAB,5,4.180999999999991
384,J81081,Clopidogrel_Tab 75mg,0209000C0AAAAAA,4,0.009699999999999938
385,J81081,Ferr Sulf_Tab 200mg,0901011P0AAACAC,5,0.02619999999999932
386,J81081,Montelukast_Tab 10mg,0303020G0AAABAB,38,73.09680000000002
387,J81081,Paracet_Tab 500mg,0407010H0AAAMAM,366,65.06479999999999
388,J81081,Prednisolone_Tab Solb 5mg,0603020T0AABHBH,1,-0.0023999999999997357
389,J81082,Anastrozole_Tab 1mg,0803041B0AAAAAA,14,0.35280000000000467
390,J81082,Atorvastatin_Tab 10mg,0212000B0AAAAAA,2,0.006300000000000035
391,J81082,Clonazepam_Tab 500mcg,0408010F0AAABAB,12,6.373199999999986
392,J81082,Paracet_Tab 500mg,0407010H0AAAMAM,252,84.2008
393,J81082,Prednisolone_Tab Solb 5mg,0603020T0AABHBH,1,28.771199999999997
394,J81086,Atorvastatin_Tab 10mg,0212000B0AAAAAA,1,-0.002999999999999982
395,J81086,Clonazepam_Tab 500mcg,0408010F0AAABAB,2,2.531199999999995
396,J81086,Clopidogrel_Tab 75mg,0209000C0AAAAAA,20,8.735999999999997
397,J81086,Ferr Sulf_Tab 200mg,0901011P0AAACAC,4,0.022399999999999864
398,J81086,Memantine HCl_Tab 20mg,0411000G0AAADAD,1,0.003799999999999977
399,J81086,Paracet_Tab 500mg,0407010H0AAAMAM,100,45.11760000000002
400,J81087,Anastrozole_Tab 1mg,0803041B0AAAAAA,8,0.039200000000000346
401,J81087,Atorvastatin_Tab 10mg,0212000B0AAAAAA,18,0.03780000000000021
402,J81087,Clonazepam_Tab 500mcg,0408010F0AAABAB,6,9.220799999999981
403,J81087,Clopidogrel_Tab 75mg,0209000C0AAAAAA,28,0.13719999999999985
404,J81087,Ferr Sulf_Tab 200mg,0901011P0AAACAC,13,0.06869999999999876
405,J81087,Memantine HCl_Tab 20mg,0411000G0AAADAD,10,0.048999999999999946
406,J81087,Paracet_Tab 500mg,0407010H0AAAMAM,88,-0.012399999999999911
407,J81087,Prednisolone_Tab Solb 5mg,0603020T0AABHBH,1,0.0035999999999996035
408,J81609,Clonazepam_Tab 500mcg,0408010F0AAABAB,6,2.2373999999999956
409,J81609,Paracet_Tab 500mg,0407010H0AAAMAM,28,6.899200000000002
410,J81612,Clopidogrel_Tab 75mg,0209000C0AAAAAA,25,0.12249999999999986
411,J81612,Ferr Sulf_Tab 200mg,0901011P0AAACAC,4,0.022399999999999864
412,J81612,Paracet_Tab 500mg,0407010H0AAAMAM,34,0.05319999999999968
413,J81612,Prednisolone_Tab Solb 5mg,0603020T0AABHBH,1,-0.0023999999999997357
414,J81613,Clonazepam_Tab 500mcg,0408010F0AAABAB,5,3.796799999999992
415,J81613,Clopidogrel_Tab 75mg,0209000C0AAAAAA,3,0.010899999999999889
416,J81613,Paracet_Tab 500mg,0407010H0AAAMAM,258,54.61760000000001
417,J81616,Atorvastatin_Tab 10mg,0212000B0AAAAAA,25,0.05250000000000029
418,J81616,Clonazepam_Tab 500mcg,0408010F0AAABAB,4,1.2655999999999974
419,J81616,Clopidogrel_Tab 75mg,0209000C0AAAAAA,23,0.11269999999999988
420,J81616,Ferr Sulf_Tab 200mg,0901011P0AAACAC,11,0.06159999999999963
421,J81616,Paracet_Tab 500mg,0407010H0AAAMAM,26,0.0335999999999998
422,J81620,Anastrozole_Tab 1mg,0803041B0AAAAAA,4,0.019600000000000173
423,J81620,Atorvastatin_Tab 10mg,0212000B0AAAAAA,8,0.01670000000000007
424,J81620,Atorvastatin_Tab 20mg,0212000B0AAABAB,713,89.83800000000008
425,J81620,Clonazepam_Tab 500mcg,0408010F0AAABAB,22,8.405799999999982
426,J81620,Clopidogrel_Tab 75mg,0209000C0AAAAAA,19,0.09119999999999985
427,J81620,Ferr Sulf_Tab 200mg,0901011P0AAACAC,7,-0.007000000000000395
428,J81620,Memantine HCl_Tab 20mg,0411000G0AAADAD,18,127.81439999999999
429,J81620,Paracet_Tab 500mg,0407010H0AAAMAM,1028,72.96920000000027
430,J81621,Atorvastatin_Tab 10mg,0212000B0AAAAAA,61,23.132199999999997
431,J81621,Atorvastatin_Tab 20mg,0212000B0AAABAB,78,0.4368000000000125
432,J81621,Clonazepam_Tab 500mcg,0408010F0AAABAB,6,2.282599999999995
433,J81621,Clopidogrel_Tab 75mg,0209000C0AAAAAA,110,2.9182999999999852
434,J81621,Ferr Sulf_Tab 200mg,0901011P0AAACAC,12,0.07359999999999914
435,J81621,Paracet_Tab 500mg,0407010H0AAAMAM,74,2.344000000000013
436,J81625,Atorvastatin_Tab 10mg,0212000B0AAAAAA,3,0.006300000000000035
437,J81625,Clonazepam_Tab 500mcg,0408010F0AAABAB,1,0.1367999999999996
438,J81625,Clopidogrel_Tab 75mg,0209000C0AAAAAA,4,0.01959999999999998
439,J81625,Ferr Sulf_Tab 200mg,0901011P0AAACAC,1,0.011999999999999511
440,J81625,Memantine HCl_Tab 20mg,0411000G0AAADAD,5,0.024499999999999973
441,J81625,Paracet_Tab 500mg,0407010H0AAAMAM,50,22.40000000000002
442,J81625,Prednisolone_Tab Solb 5mg,0603020T0AABHBH,1,-0.0047999999999999154
443,J81626,Clonazepam_Tab 500mcg,0408010F0AAABAB,10,5.06239999999999
444,J81626,Clopidogrel_Tab 75mg,0209000C0AAAAAA,4,0.01959999999999998
445,J81626,Ferr Sulf_Tab 200mg,0901011P0AAACAC,15,0.07419999999999931
446,J81626,Paracet_Tab 500mg,0407010H0AAAMAM,264,64.92400000000002
447,J81628,Atorvastatin_Tab 10mg,0212000B0AAAAAA,4,0.008400000000000046
448,J81628,Clonazepam_Tab 500mcg,0408010F0AAABAB,2,1.1073999999999977
449,J81628,Clopidogrel_Tab 75mg,0209000C0AAAAAA,16,0.07839999999999991
450,J81628,Ferr Sulf_Tab 200mg,0901011P0AAACAC,4,0.022399999999999864
451,J81628,Paracet_Tab 500mg,0407010H0AAAMAM,2,0.011999999999999927
452,J81631,Atorvastatin_Tab 10mg,0212000B0AAAAAA,3,0.006300000000000035
453,J81631,Clonazepam_Tab 500mcg,0408010F0AAABAB,3,2.5815999999999955
454,J81631,Clopidogrel_Tab 75mg,0209000C0AAAAAA,22,17.522399999999998
455,J81631,Ferr Sulf_Tab 200mg,0901011P0AAACAC,24,91.5996
456,J81631,Memantine HCl_Tab 20mg,0411000G0AAADAD,4,0.01959999999999998
457,J81631,Paracet_Tab 500mg,0407010H0AAAMAM,116,22.238400000000006
458,J81633,Clonazepam_Tab 500mcg,0408010F0AAABAB,1,0.6327999999999987
459,J81633,Paracet_Tab 500mg,0407010H0AAAMAM,78,20.759600000000027
460,J81634,Atorvastatin_Tab 10mg,0212000B0AAAAAA,76,34.80900000000001
461,J81634,Clonazepam_Tab 500mcg,0408010F0AAABAB,5,10.983599999999978
462,J81634,Clopidogrel_Tab 75mg,0209000C0AAAAAA,120,17.471999999999987
463,J81634,Ferr Sulf_Tab 200mg,0901011P0AAACAC,2,3.0263999999999993
464,J81634,Montelukast_Tab 10mg,0303020G0AAABAB,11,97.5128
465,J81634,Paracet_Tab 500mg,0407010H0AAAMAM,284,10.928000000000043
466,J81634,Prednisolone_Tab Solb 5mg,0603020T0AABHBH,1,0.004499999999999504
467,J81637,Atorvastatin_Tab 10mg,0212000B0AAAAAA,28,11.646600000000005
468,J81637,Atorvastatin_Tab 20mg,0212000B0AAABAB,115,22.54
469,J81637,Clonazepam_Tab 500mcg,0408010F0AAABAB,5,2.531199999999995
470,J81637,Clopidogrel_Tab 75mg,0209000C0AAAAAA,5,0.024499999999999973
471,J81637,Ferr Sulf_Tab 200mg,0901011P0AAACAC,2,0.008999999999999633
472,J81637,Paracet_Tab 500mg,0407010H0AAAMAM,244,111.36880000000005
473,J81644,Clopidogrel_Tab 75mg,0209000C0AAAAAA,14,0.06859999999999992
474,J81644,Ferr Sulf_Tab 200mg,0901011P0AAACAC,8,0.0335999999999998
475,J81644,Paracet_Tab 500mg,0407010H0AAAMAM,2,-0.011199999999999932
476,J81644,Prednisolone_Tab Solb 5mg,0603020T0AABHBH,2,-0.007999999999999119
477,J81646,Atorvastatin_Tab 20mg,0212000B0AAABAB,35,45.08
478,J81646,Clonazepam_Tab 500mcg,0408010F0AAABAB,3,0.949199999999998
479,J81646,Clopidogrel_Tab 75mg,0209000C0AAAAAA,82,26.174400000000002
480,J81646,Ferr Sulf_Tab 200mg,0901011P0AAACAC,8,0.0029999999999995863
481,J81646,Memantine HCl_Tab 20mg,0411000G0AAADAD,4,0.01959999999999998
482,J81646,Paracet_Tab 500mg,0407010H0AAAMAM,150,30.19440000000003
483,J81647,Atorvastatin_Tab 10mg,0212000B0AAAAAA,15,11.634
484,J81647,Clonazepam_Tab 500mcg,0408010F0AAABAB,1,1.016999999999998
485,J81647,Clopidogrel_Tab 75mg,0209000C0AAAAAA,4,0.01959999999999998
486,J81647,Ferr Sulf_Tab 200mg,0901011P0AAACAC,4,14.100799999999998
487,J81648,Atorvastatin_Tab 10mg,0212000B0AAAAAA,4,0.008400000000000046
488,J81648,Ferr Sulf_Tab 200mg,0901011P0AAACAC,4,0.022399999999999864
489,J81648,Paracet_Tab 500mg,0407010H0AAAMAM,38,28.660799999999995
490,Y02584,Prednisolone_Tab Solb 5mg,0603020T0AABHBH,1,0.0035999999999996035
491,Y03661,Atorvastatin_Tab 10mg,0212000B0AAAAAA,2,0.0012000000000000413
492,Y03661,Clonazepam_Tab 500mcg,0408010F0AAABAB,12,7.774399999999983
493,Y03661,Clopidogrel_Tab 75mg,0209000C0AAAAAA,4,0.01959999999999998
494,Y03661,Ferr Sulf_Tab 200mg,0901011P0AAACAC,1,0.0029999999999998778
495,Y03661,Paracet_Tab 500mg,0407010H0AAAMAM,66,42.64080000000001
496,Y03661,Prednisolone_Tab Solb 5mg,0603020T0AABHBH,1,-0.004799999999999471
