,practice_code,bnf_description,bnf_code,items,excess_cost
117,M83139,Mesalazine_Tab E/C 400mg,0105010B0AAAAAA,1,47.913599999999995
73,M83738,Atorvastatin_Tab 20mg,0212000B0AAABAB,17,45.1248
0,M83717,Mesalazine_Tab E/C 800mg,0105010B0AAASAS,2,34.43999999999999
118,Y02354,Mesalazine_Tab E/C 400mg,0105010B0AAAAAA,1,25.667999999999996
119,M83063,Mesalazine_Tab E/C 400mg,0105010B0AAAAAA,1,23.956799999999998
1,M83001,Mesalazine_Tab E/C 800mg,0105010B0AAASAS,1,22.959999999999994
2,Y02354,Mesalazine_Tab E/C 800mg,0105010B0AAASAS,1,18.449999999999996
120,Y02354,Mesalazine_Tab E/C 400mg,0105010B0AAAAAA,1,17.099999999999998
168,Y02594,Gemfibrozil_Tab 600mg,0212000Q0AAABAB,1,15.142399999999999
169,M83001,Gemfibrozil_Tab 600mg,0212000Q0AAABAB,1,7.571199999999999
170,M83738,Gemfibrozil_Tab 600mg,0212000Q0AAABAB,1,7.571199999999999
171,M83129,Topiramate_Cap 50mg,040801050AAAWAW,2,5.135999999999994
172,Y02354,Topiramate_Cap 50mg,040801050AAAWAW,1,4.793599999999994
125,M83638,Topiramate_Cap 15mg,040801050AAAUAU,11,4.35599999999996
173,Y02354,Topiramate_Cap 50mg,040801050AAAWAW,3,3.8519999999999954
3,M83638,Clonazepam_Tab 500mcg,0408010F0AAABAB,6,3.796799999999992
4,M83638,Clonazepam_Tab 500mcg,0408010F0AAABAB,3,3.796799999999992
5,M83001,Clonazepam_Tab 500mcg,0408010F0AAABAB,5,3.1639999999999935
180,M83616,Methocarbamol_Tab 750mg,1002020S0AAABAB,3,2.889599999999999
82,M83638,Amiodarone HCl_Tab 200mg,0203020D0AAABAB,8,2.8000000000000025
83,M83107,Amiodarone HCl_Tab 200mg,0203020D0AAABAB,4,2.8000000000000025
174,M83001,Topiramate_Cap 50mg,040801050AAAWAW,1,2.567999999999997
7,M83637,Clonazepam_Tab 500mcg,0408010F0AAABAB,2,2.531199999999995
6,Y02354,Clonazepam_Tab 500mcg,0408010F0AAABAB,4,2.531199999999995
175,M83129,Topiramate_Cap 50mg,040801050AAAWAW,1,2.396799999999997
176,M83016,Topiramate_Cap 50mg,040801050AAAWAW,1,2.396799999999997
8,M83129,Clonazepam_Tab 500mcg,0408010F0AAABAB,1,2.2599999999999953
181,M83616,Methocarbamol_Tab 750mg,1002020S0AAABAB,5,2.149999999999999
84,M83048,Amiodarone HCl_Tab 200mg,0203020D0AAABAB,3,2.100000000000002
85,M83001,Amiodarone HCl_Tab 200mg,0203020D0AAABAB,6,2.100000000000002
86,M83129,Amiodarone HCl_Tab 200mg,0203020D0AAABAB,3,2.100000000000002
87,M83016,Amiodarone HCl_Tab 200mg,0203020D0AAABAB,3,2.100000000000002
11,M83107,Clonazepam_Tab 500mcg,0408010F0AAABAB,6,1.898399999999996
9,M83616,Clonazepam_Tab 500mcg,0408010F0AAABAB,2,1.898399999999996
10,M83129,Clonazepam_Tab 500mcg,0408010F0AAABAB,3,1.898399999999996
88,Y02354,Amiodarone HCl_Tab 200mg,0203020D0AAABAB,5,1.7500000000000016
182,M83016,Methocarbamol_Tab 750mg,1002020S0AAABAB,4,1.7199999999999993
126,M83001,Topiramate_Cap 15mg,040801050AAAUAU,3,1.6631999999999847
127,Y02354,Topiramate_Cap 15mg,040801050AAAUAU,3,1.6631999999999847
128,Y02354,Topiramate_Cap 15mg,040801050AAAUAU,4,1.4783999999999864
129,M83048,Topiramate_Cap 15mg,040801050AAAUAU,4,1.4783999999999864
203,M83016,Co-Codamol_Cap 8mg/500mg,0407010F0AAABAB,9,1.4400000000000164
204,M83016,Co-Codamol_Cap 8mg/500mg,0407010F0AAABAB,9,1.4400000000000164
89,M83033,Amiodarone HCl_Tab 200mg,0203020D0AAABAB,2,1.4000000000000012
90,M83727,Amiodarone HCl_Tab 200mg,0203020D0AAABAB,2,1.4000000000000012
91,M83063,Amiodarone HCl_Tab 200mg,0203020D0AAABAB,4,1.4000000000000012
92,M83107,Amiodarone HCl_Tab 200mg,0203020D0AAABAB,4,1.4000000000000012
13,Y02354,Clonazepam_Tab 500mcg,0408010F0AAABAB,4,1.2655999999999974
16,M83738,Clonazepam_Tab 500mcg,0408010F0AAABAB,2,1.2655999999999974
15,M83109,Clonazepam_Tab 500mcg,0408010F0AAABAB,2,1.2655999999999974
14,M83016,Clonazepam_Tab 500mcg,0408010F0AAABAB,2,1.2655999999999974
12,M83608,Clonazepam_Tab 500mcg,0408010F0AAABAB,2,1.2655999999999974
17,Y02354,Clonazepam_Tab 500mcg,0408010F0AAABAB,1,1.2429999999999974
177,Y02354,Topiramate_Cap 50mg,040801050AAAWAW,1,1.1983999999999986
178,M83139,Topiramate_Cap 50mg,040801050AAAWAW,1,1.1983999999999986
130,M83048,Topiramate_Cap 15mg,040801050AAAUAU,3,1.187999999999989
18,M83638,Clonazepam_Tab 500mcg,0408010F0AAABAB,2,1.1399999999999966
21,M83608,Clonazepam_Tab 500mcg,0408010F0AAABAB,1,1.1299999999999977
22,M83001,Clonazepam_Tab 500mcg,0408010F0AAABAB,1,1.1299999999999977
20,Y02354,Clonazepam_Tab 500mcg,0408010F0AAABAB,1,1.1299999999999977
23,M83016,Clonazepam_Tab 500mcg,0408010F0AAABAB,1,1.1299999999999977
19,M83616,Clonazepam_Tab 500mcg,0408010F0AAABAB,1,1.1299999999999977
183,M83048,Methocarbamol_Tab 750mg,1002020S0AAABAB,3,1.1088000000000038
136,M83638,Topiramate_Cap 15mg,040801050AAAUAU,3,1.1087999999999898
135,M83001,Topiramate_Cap 15mg,040801050AAAUAU,3,1.1087999999999898
134,M83139,Topiramate_Cap 15mg,040801050AAAUAU,2,1.1087999999999898
133,M83616,Topiramate_Cap 15mg,040801050AAAUAU,3,1.1087999999999898
132,M83016,Topiramate_Cap 15mg,040801050AAAUAU,3,1.1087999999999898
131,M83703,Topiramate_Cap 15mg,040801050AAAUAU,3,1.1087999999999898
95,M83608,Amiodarone HCl_Tab 200mg,0203020D0AAABAB,1,1.050000000000001
94,M83717,Amiodarone HCl_Tab 200mg,0203020D0AAABAB,3,1.050000000000001
93,M83139,Amiodarone HCl_Tab 200mg,0203020D0AAABAB,3,1.050000000000001
184,M83608,Methocarbamol_Tab 750mg,1002020S0AAABAB,1,1.0319999999999996
24,M83727,Clonazepam_Tab 500mcg,0408010F0AAABAB,1,1.016999999999998
186,M83722,Methocarbamol_Tab 750mg,1002020S0AAABAB,1,0.9631999999999996
185,M83048,Methocarbamol_Tab 750mg,1002020S0AAABAB,1,0.9631999999999996
187,M83637,Methocarbamol_Tab 750mg,1002020S0AAABAB,2,0.9631999999999996
206,M83638,Co-Codamol_Cap 8mg/500mg,0407010F0AAABAB,6,0.9600000000000108
205,M83638,Co-Codamol_Cap 8mg/500mg,0407010F0AAABAB,6,0.9600000000000108
25,M83001,Clonazepam_Tab 500mcg,0408010F0AAABAB,1,0.949199999999998
34,Y02354,Clonazepam_Tab 500mcg,0408010F0AAABAB,1,0.949199999999998
26,M83717,Clonazepam_Tab 500mcg,0408010F0AAABAB,3,0.949199999999998
27,M83722,Clonazepam_Tab 500mcg,0408010F0AAABAB,1,0.949199999999998
28,M83738,Clonazepam_Tab 500mcg,0408010F0AAABAB,1,0.949199999999998
30,M83048,Clonazepam_Tab 500mcg,0408010F0AAABAB,6,0.949199999999998
31,M83638,Clonazepam_Tab 500mcg,0408010F0AAABAB,3,0.949199999999998
29,M83638,Clonazepam_Tab 500mcg,0408010F0AAABAB,1,0.949199999999998
32,M83139,Clonazepam_Tab 500mcg,0408010F0AAABAB,3,0.949199999999998
33,M83016,Clonazepam_Tab 500mcg,0408010F0AAABAB,1,0.949199999999998
208,M83016,Co-Codamol_Cap 8mg/500mg,0407010F0AAABAB,10,0.8960000000000101
207,M83016,Co-Codamol_Cap 8mg/500mg,0407010F0AAABAB,10,0.8960000000000101
189,M83722,Methocarbamol_Tab 750mg,1002020S0AAABAB,2,0.8599999999999997
188,M83616,Methocarbamol_Tab 750mg,1002020S0AAABAB,1,0.8599999999999997
210,M83107,Co-Codamol_Cap 8mg/500mg,0407010F0AAABAB,5,0.800000000000009
209,M83107,Co-Codamol_Cap 8mg/500mg,0407010F0AAABAB,5,0.800000000000009
137,M83001,Topiramate_Cap 15mg,040801050AAAUAU,2,0.7919999999999927
35,M83638,Clonazepam_Tab 500mcg,0408010F0AAABAB,1,0.7909999999999984
190,M83063,Methocarbamol_Tab 750mg,1002020S0AAABAB,1,0.7739999999999997
96,M83016,Amiodarone HCl_Tab 200mg,0203020D0AAABAB,1,0.7500000000000007
191,M83722,Methocarbamol_Tab 750mg,1002020S0AAABAB,2,0.7392000000000025
192,M83616,Methocarbamol_Tab 750mg,1002020S0AAABAB,2,0.7392000000000025
141,M83016,Topiramate_Cap 15mg,040801050AAAUAU,1,0.7391999999999932
140,M83722,Topiramate_Cap 15mg,040801050AAAUAU,1,0.7391999999999932
139,M83616,Topiramate_Cap 15mg,040801050AAAUAU,1,0.7391999999999932
138,M83608,Topiramate_Cap 15mg,040801050AAAUAU,2,0.7391999999999932
193,M83638,Methocarbamol_Tab 750mg,1002020S0AAABAB,1,0.7223999999999997
194,M83616,Methocarbamol_Tab 750mg,1002020S0AAABAB,3,0.7223999999999997
100,M83129,Amiodarone HCl_Tab 200mg,0203020D0AAABAB,2,0.7000000000000006
97,Y02354,Amiodarone HCl_Tab 200mg,0203020D0AAABAB,1,0.7000000000000006
98,M83722,Amiodarone HCl_Tab 200mg,0203020D0AAABAB,1,0.7000000000000006
99,M83698,Amiodarone HCl_Tab 200mg,0203020D0AAABAB,1,0.7000000000000006
101,M83608,Amiodarone HCl_Tab 200mg,0203020D0AAABAB,1,0.7000000000000006
102,M83616,Amiodarone HCl_Tab 200mg,0203020D0AAABAB,1,0.7000000000000006
106,M83637,Amiodarone HCl_Tab 200mg,0203020D0AAABAB,1,0.7000000000000006
105,M83638,Amiodarone HCl_Tab 200mg,0203020D0AAABAB,1,0.7000000000000006
104,Y02594,Amiodarone HCl_Tab 200mg,0203020D0AAABAB,1,0.7000000000000006
103,M83616,Amiodarone HCl_Tab 200mg,0203020D0AAABAB,2,0.7000000000000006
37,M83638,Clonazepam_Tab 500mcg,0408010F0AAABAB,1,0.6779999999999986
38,M83107,Clonazepam_Tab 500mcg,0408010F0AAABAB,1,0.6779999999999986
36,M83048,Clonazepam_Tab 500mcg,0408010F0AAABAB,1,0.6779999999999986
214,M83608,Co-Codamol_Cap 8mg/500mg,0407010F0AAABAB,2,0.6400000000000072
212,M83616,Co-Codamol_Cap 8mg/500mg,0407010F0AAABAB,4,0.6400000000000072
213,M83016,Co-Codamol_Cap 8mg/500mg,0407010F0AAABAB,2,0.6400000000000072
211,M83608,Co-Codamol_Cap 8mg/500mg,0407010F0AAABAB,2,0.6400000000000072
216,M83616,Co-Codamol_Cap 8mg/500mg,0407010F0AAABAB,4,0.6400000000000072
215,M83016,Co-Codamol_Cap 8mg/500mg,0407010F0AAABAB,2,0.6400000000000072
44,M83738,Clonazepam_Tab 500mcg,0408010F0AAABAB,2,0.6327999999999987
39,M83063,Clonazepam_Tab 500mcg,0408010F0AAABAB,1,0.6327999999999987
42,M83109,Clonazepam_Tab 500mcg,0408010F0AAABAB,2,0.6327999999999987
48,M83001,Clonazepam_Tab 500mcg,0408010F0AAABAB,2,0.6327999999999987
46,M83637,Clonazepam_Tab 500mcg,0408010F0AAABAB,1,0.6327999999999987
45,M83722,Clonazepam_Tab 500mcg,0408010F0AAABAB,1,0.6327999999999987
41,M83698,Clonazepam_Tab 500mcg,0408010F0AAABAB,2,0.6327999999999987
40,M83048,Clonazepam_Tab 500mcg,0408010F0AAABAB,2,0.6327999999999987
47,M83717,Clonazepam_Tab 500mcg,0408010F0AAABAB,1,0.6327999999999987
43,M83719,Clonazepam_Tab 500mcg,0408010F0AAABAB,1,0.6327999999999987
49,M83616,Clonazepam_Tab 500mcg,0408010F0AAABAB,5,0.6104999999999999
179,M83016,Topiramate_Cap 50mg,040801050AAAWAW,1,0.5963999999999996
142,M83016,Topiramate_Cap 15mg,040801050AAAUAU,1,0.5939999999999945
145,M83048,Topiramate_Cap 15mg,040801050AAAUAU,1,0.5939999999999945
144,M83638,Topiramate_Cap 15mg,040801050AAAUAU,1,0.5939999999999945
143,M83719,Topiramate_Cap 15mg,040801050AAAUAU,3,0.5939999999999945
146,M83001,Topiramate_Cap 15mg,040801050AAAUAU,1,0.5939999999999945
50,M83719,Clonazepam_Tab 500mcg,0408010F0AAABAB,1,0.5699999999999983
51,M83616,Clonazepam_Tab 500mcg,0408010F0AAABAB,1,0.5699999999999983
147,M83638,Topiramate_Cap 15mg,040801050AAAUAU,1,0.5543999999999949
195,M83616,Methocarbamol_Tab 750mg,1002020S0AAABAB,2,0.5040000000000011
196,M83616,Methocarbamol_Tab 750mg,1002020S0AAABAB,1,0.4815999999999998
197,M83016,Methocarbamol_Tab 750mg,1002020S0AAABAB,1,0.4815999999999998
217,M83638,Co-Codamol_Cap 8mg/500mg,0407010F0AAABAB,2,0.4800000000000054
218,M83638,Co-Codamol_Cap 8mg/500mg,0407010F0AAABAB,2,0.4800000000000054
52,M83719,Clonazepam_Tab 500mcg,0408010F0AAABAB,3,0.474599999999999
53,M83727,Clonazepam_Tab 500mcg,0408010F0AAABAB,3,0.474599999999999
54,M83001,Clonazepam_Tab 500mcg,0408010F0AAABAB,2,0.474599999999999
198,M83063,Methocarbamol_Tab 750mg,1002020S0AAABAB,1,0.4299999999999998
199,M83719,Methocarbamol_Tab 750mg,1002020S0AAABAB,1,0.4299999999999998
107,M83727,Amiodarone HCl_Tab 200mg,0203020D0AAABAB,5,0.4235
154,Y02354,Topiramate_Cap 15mg,040801050AAAUAU,1,0.39599999999999635
153,M83016,Topiramate_Cap 15mg,040801050AAAUAU,1,0.39599999999999635
148,M83608,Topiramate_Cap 15mg,040801050AAAUAU,1,0.39599999999999635
149,M83616,Topiramate_Cap 15mg,040801050AAAUAU,1,0.39599999999999635
150,M83109,Topiramate_Cap 15mg,040801050AAAUAU,1,0.39599999999999635
151,M83129,Topiramate_Cap 15mg,040801050AAAUAU,1,0.39599999999999635
152,M83722,Topiramate_Cap 15mg,040801050AAAUAU,1,0.39599999999999635
157,M83033,Topiramate_Cap 15mg,040801050AAAUAU,1,0.3695999999999966
156,M83719,Topiramate_Cap 15mg,040801050AAAUAU,1,0.3695999999999966
155,M83129,Topiramate_Cap 15mg,040801050AAAUAU,1,0.3695999999999966
219,M83616,Co-Codamol_Cap 8mg/500mg,0407010F0AAABAB,1,0.35840000000000405
220,M83616,Co-Codamol_Cap 8mg/500mg,0407010F0AAABAB,1,0.35840000000000405
109,M83719,Amiodarone HCl_Tab 200mg,0203020D0AAABAB,1,0.3500000000000003
110,M83048,Amiodarone HCl_Tab 200mg,0203020D0AAABAB,1,0.3500000000000003
111,M83608,Amiodarone HCl_Tab 200mg,0203020D0AAABAB,1,0.3500000000000003
112,M83698,Amiodarone HCl_Tab 200mg,0203020D0AAABAB,1,0.3500000000000003
113,M83738,Amiodarone HCl_Tab 200mg,0203020D0AAABAB,1,0.3500000000000003
108,M83016,Amiodarone HCl_Tab 200mg,0203020D0AAABAB,1,0.3500000000000003
57,M83608,Clonazepam_Tab 500mcg,0408010F0AAABAB,1,0.3389999999999993
56,M83637,Clonazepam_Tab 500mcg,0408010F0AAABAB,1,0.3389999999999993
55,M83048,Clonazepam_Tab 500mcg,0408010F0AAABAB,1,0.3389999999999993
114,Y02594,Amiodarone HCl_Tab 200mg,0203020D0AAABAB,4,0.3388
223,M83638,Co-Codamol_Cap 8mg/500mg,0407010F0AAABAB,1,0.3200000000000036
224,M83638,Co-Codamol_Cap 8mg/500mg,0407010F0AAABAB,1,0.3200000000000036
225,M83616,Co-Codamol_Cap 8mg/500mg,0407010F0AAABAB,1,0.3200000000000036
226,M83129,Co-Codamol_Cap 8mg/500mg,0407010F0AAABAB,2,0.3200000000000036
227,M83616,Co-Codamol_Cap 8mg/500mg,0407010F0AAABAB,1,0.3200000000000036
228,M83129,Co-Codamol_Cap 8mg/500mg,0407010F0AAABAB,1,0.3200000000000036
221,M83129,Co-Codamol_Cap 8mg/500mg,0407010F0AAABAB,2,0.3200000000000036
222,M83129,Co-Codamol_Cap 8mg/500mg,0407010F0AAABAB,1,0.3200000000000036
63,M83637,Clonazepam_Tab 500mcg,0408010F0AAABAB,2,0.31639999999999935
68,M83738,Clonazepam_Tab 500mcg,0408010F0AAABAB,4,0.31639999999999935
67,M83139,Clonazepam_Tab 500mcg,0408010F0AAABAB,2,0.31639999999999935
62,M83638,Clonazepam_Tab 500mcg,0408010F0AAABAB,4,0.31639999999999935
66,M83063,Clonazepam_Tab 500mcg,0408010F0AAABAB,1,0.31639999999999935
65,M83608,Clonazepam_Tab 500mcg,0408010F0AAABAB,1,0.31639999999999935
64,M83719,Clonazepam_Tab 500mcg,0408010F0AAABAB,1,0.31639999999999935
58,M83703,Clonazepam_Tab 500mcg,0408010F0AAABAB,4,0.31639999999999935
59,M83016,Clonazepam_Tab 500mcg,0408010F0AAABAB,1,0.31639999999999935
60,M83130,Clonazepam_Tab 500mcg,0408010F0AAABAB,1,0.31639999999999935
61,M83001,Clonazepam_Tab 500mcg,0408010F0AAABAB,4,0.31639999999999935
159,M83107,Topiramate_Cap 15mg,040801050AAAUAU,1,0.27719999999999745
158,M83638,Topiramate_Cap 15mg,040801050AAAUAU,1,0.27719999999999745
229,M83139,Co-Codamol_Cap 8mg/500mg,0407010F0AAABAB,2,0.26880000000000304
230,M83139,Co-Codamol_Cap 8mg/500mg,0407010F0AAABAB,2,0.26880000000000304
200,M83016,Methocarbamol_Tab 750mg,1002020S0AAABAB,2,0.2640000000000009
201,M83001,Methocarbamol_Tab 750mg,1002020S0AAABAB,1,0.22000000000000075
160,M83703,Topiramate_Cap 15mg,040801050AAAUAU,2,0.2100000000000002
161,M83129,Topiramate_Cap 15mg,040801050AAAUAU,1,0.19799999999999818
164,M83048,Topiramate_Cap 15mg,040801050AAAUAU,1,0.19799999999999818
163,M83698,Topiramate_Cap 15mg,040801050AAAUAU,1,0.19799999999999818
162,Y02354,Topiramate_Cap 15mg,040801050AAAUAU,1,0.19799999999999818
231,M83638,Co-Codamol_Cap 8mg/500mg,0407010F0AAABAB,1,0.19200000000000217
232,M83638,Co-Codamol_Cap 8mg/500mg,0407010F0AAABAB,1,0.19200000000000217
166,M83130,Topiramate_Cap 15mg,040801050AAAUAU,1,0.1904000000000008
165,M83638,Topiramate_Cap 15mg,040801050AAAUAU,1,0.1904000000000008
234,M83638,Co-Codamol_Cap 8mg/500mg,0407010F0AAABAB,2,0.17920000000000202
233,M83638,Co-Codamol_Cap 8mg/500mg,0407010F0AAABAB,2,0.17920000000000202
115,M83001,Amiodarone HCl_Tab 200mg,0203020D0AAABAB,1,0.17920000000000008
239,M83719,Co-Codamol_Cap 8mg/500mg,0407010F0AAABAB,1,0.1600000000000018
242,M83139,Co-Codamol_Cap 8mg/500mg,0407010F0AAABAB,1,0.1600000000000018
241,M83048,Co-Codamol_Cap 8mg/500mg,0407010F0AAABAB,1,0.1600000000000018
240,M83719,Co-Codamol_Cap 8mg/500mg,0407010F0AAABAB,1,0.1600000000000018
235,M83717,Co-Codamol_Cap 8mg/500mg,0407010F0AAABAB,1,0.1600000000000018
238,M83048,Co-Codamol_Cap 8mg/500mg,0407010F0AAABAB,1,0.1600000000000018
237,M83139,Co-Codamol_Cap 8mg/500mg,0407010F0AAABAB,1,0.1600000000000018
236,M83717,Co-Codamol_Cap 8mg/500mg,0407010F0AAABAB,1,0.1600000000000018
70,M83703,Clonazepam_Tab 500mcg,0408010F0AAABAB,1,0.15819999999999967
69,M83616,Clonazepam_Tab 500mcg,0408010F0AAABAB,1,0.15819999999999967
71,M83616,Clonazepam_Tab 500mcg,0408010F0AAABAB,1,0.11599999999999999
202,M83048,Methocarbamol_Tab 750mg,1002020S0AAABAB,1,0.09240000000000032
167,M83698,Topiramate_Cap 15mg,040801050AAAUAU,1,0.08959999999999946
72,M83698,Clonazepam_Tab 500mcg,0408010F0AAABAB,1,0.07909999999999984
243,M83139,Co-Codamol_Cap 8mg/500mg,0407010F0AAABAB,1,0.05399999999999988
244,M83139,Co-Codamol_Cap 8mg/500mg,0407010F0AAABAB,1,0.05399999999999988
116,M83001,Amiodarone HCl_Tab 200mg,0203020D0AAABAB,1,0.05280000000000007
75,M83638,Atorvastatin_Tab 20mg,0212000B0AAABAB,1,0.006000000000000172
74,M83129,Atorvastatin_Tab 20mg,0212000B0AAABAB,1,0.006000000000000172
76,M83139,Atorvastatin_Tab 20mg,0212000B0AAABAB,1,0.00360000000000002
77,M83717,Atorvastatin_Tab 20mg,0212000B0AAABAB,1,0.0027000000000000773
79,M83727,Atorvastatin_Tab 20mg,0212000B0AAABAB,1,-0.002799999999999997
78,M83698,Atorvastatin_Tab 20mg,0212000B0AAABAB,1,-0.002799999999999997
81,M83016,Atorvastatin_Tab 20mg,0212000B0AAABAB,1,-0.0029999999999998778
80,Y02354,Atorvastatin_Tab 20mg,0212000B0AAABAB,1,-0.0029999999999998778
121,Y02354,Mesalazine_Tab E/C 400mg,0105010B0AAAAAA,1,-0.011999999999998678
122,M83616,Mesalazine_Tab E/C 400mg,0105010B0AAAAAA,1,-12.833999999999998
123,M83139,Mesalazine_Tab E/C 400mg,0105010B0AAAAAA,1,-17.112
124,M83129,Mesalazine_Tab E/C 400mg,0105010B0AAAAAA,1,-51.33599999999999
