,practice_code,bnf_description,bnf_code,items,excess_cost
0,K83003,Aripiprazole_Tab 10mg,0402010ADAAAAAA,5,0.014000000000001567
1,K83003,Clonazepam_Tab 500mcg,0408010F0AAABAB,4,3.299599999999993
2,K83003,Paracet_Tab 500mg,0407010H0AAAMAM,270,10.808400000000013
3,K83003,Prednisolone_Tab Solb 5mg,0603020T0AABHBH,1,-0.004799999999999471
4,K83005,Clonazepam_Tab 500mcg,0408010F0AAABAB,26,14.463999999999968
5,K83005,Memantine HCl_Tab 20mg,0411000G0AAADAD,4,0.01959999999999998
6,K83005,Omeprazole_Tab E/C 20mg,0103050P0AABDBD,1,0.002099999999999963
7,K83005,Paracet_Tab 500mg,0407010H0AAAMAM,16,0.06679999999999958
8,K83005,Prednisolone_Tab Solb 5mg,0603020T0AABHBH,2,-0.008999999999999009
9,K83006,Aripiprazole_Tab 10mg,0402010ADAAAAAA,4,0.007000000000000395
10,K83006,Clonazepam_Tab 500mcg,0408010F0AAABAB,9,2.870199999999994
11,K83006,Nefopam HCl_Tab 30mg,0407010P0AAABAB,1,0.004499999999999504
12,K83006,Paracet_Tab 500mg,0407010H0AAAMAM,390,27.04760000000003
13,K83006,Prednisolone_Tab Solb 5mg,0603020T0AABHBH,2,-0.009599999999999387
14,K83007,Aripiprazole_Tab 10mg,0402010ADAAAAAA,5,-0.00139999999999868
15,K83007,Clonazepam_Tab 500mcg,0408010F0AAABAB,16,5.378799999999989
16,K83007,Nefopam HCl_Tab 30mg,0407010P0AAABAB,1,0.0034999999999996145
17,K83007,Paracet_Tab 500mg,0407010H0AAAMAM,22,0.013599999999999918
18,K83008,Clonazepam_Tab 500mcg,0408010F0AAABAB,11,3.1639999999999935
19,K83008,Omeprazole_Tab E/C 20mg,0103050P0AABDBD,3,43.8564
20,K83008,Paracet_Tab 500mg,0407010H0AAAMAM,638,368.2144000000002
21,K83008,Prednisolone_Tab Solb 5mg,0603020T0AABHBH,1,-0.0039999999999995595
22,K83009,Aripiprazole_Tab 10mg,0402010ADAAAAAA,4,0.008400000000000352
23,K83009,Atorvastatin_Tab 20mg,0212000B0AAABAB,1,0.0057000000000000176
24,K83009,Clonazepam_Tab 500mcg,0408010F0AAABAB,10,4.76859999999999
25,K83009,Paracet_Tab 500mg,0407010H0AAAMAM,26,0.12840000000000057
26,K83009,Prednisolone_Tab Solb 5mg,0603020T0AABHBH,3,-0.014399999999998858
27,K83010,Aripiprazole_Tab 10mg,0402010ADAAAAAA,13,0.01890000000000122
28,K83010,Atorvastatin_Tab 20mg,0212000B0AAABAB,334,22.444799999999994
29,K83010,Clonazepam_Tab 500mcg,0408010F0AAABAB,8,5.15279999999999
30,K83010,Memantine HCl_Tab 20mg,0411000G0AAADAD,4,0.01959999999999998
31,K83010,Nefopam HCl_Tab 30mg,0407010P0AAABAB,10,0.041999999999995374
32,K83010,Paracet_Tab 500mg,0407010H0AAAMAM,406,8.494399999999983
33,K83010,Prednisolone_Tab Solb 5mg,0603020T0AABHBH,1,-0.004799999999999471
34,K83010,Pregabalin_Cap 300mg,0408010AEAAAGAG,2,56.1008
35,K83011,Aripiprazole_Tab 10mg,0402010ADAAAAAA,4,0.02240000000000064
36,K83011,Clonazepam_Tab 500mcg,0408010F0AAABAB,14,6.486199999999986
37,K83011,Paracet_Tab 500mg,0407010H0AAAMAM,14,0.07799999999999951
38,K83011,Prednisolone_Tab Solb 5mg,0603020T0AABHBH,1,0.004499999999999504
39,K83012,Aripiprazole_Tab 10mg,0402010ADAAAAAA,8,0.01400000000000079
40,K83012,Atorvastatin_Tab 20mg,0212000B0AAABAB,1,0.003800000000000109
41,K83012,Clonazepam_Tab 500mcg,0408010F0AAABAB,21,6.565299999999986
42,K83012,Memantine HCl_Tab 20mg,0411000G0AAADAD,27,63.772800000000004
43,K83012,Paracet_Tab 500mg,0407010H0AAAMAM,410,49.898000000000074
44,K83013,Aripiprazole_Tab 10mg,0402010ADAAAAAA,4,-0.008399999999999852
45,K83013,Clonazepam_Tab 500mcg,0408010F0AAABAB,27,12.384799999999975
46,K83013,Paracet_Tab 500mg,0407010H0AAAMAM,168,20.863200000000045
47,K83013,Prednisolone_Tab Solb 5mg,0603020T0AABHBH,1,-0.0039999999999995595
48,K83014,Aripiprazole_Tab 10mg,0402010ADAAAAAA,7,0.026700000000001528
49,K83014,Atorvastatin_Tab 20mg,0212000B0AAABAB,1,-0.0029999999999998778
50,K83014,Clonazepam_Tab 500mcg,0408010F0AAABAB,16,5.178399999999989
51,K83014,Nefopam HCl_Tab 30mg,0407010P0AAABAB,4,0.01679999999999815
52,K83014,Paracet_Tab 500mg,0407010H0AAAMAM,356,15.813200000000057
53,K83014,Prednisolone_Tab Solb 5mg,0603020T0AABHBH,1,0.0020999999999997687
54,K83015,Clonazepam_Tab 500mcg,0408010F0AAABAB,19,8.61059999999998
55,K83015,Paracet_Tab 500mg,0407010H0AAAMAM,428,145.094
56,K83015,Prednisolone_Tab Solb 5mg,0603020T0AABHBH,1,-0.0047999999999999154
57,K83018,Clonazepam_Tab 500mcg,0408010F0AAABAB,16,4.113199999999992
58,K83018,Memantine HCl_Tab 20mg,0411000G0AAADAD,4,0.01959999999999998
59,K83018,Paracet_Tab 500mg,0407010H0AAAMAM,94,5.521600000000003
60,K83019,Atorvastatin_Tab 20mg,0212000B0AAABAB,130,0.3640000000000104
61,K83019,Clonazepam_Tab 500mcg,0408010F0AAABAB,4,1.5819999999999967
62,K83019,Dexameth_Tab 500mcg,0603020G0AAABAB,1,0.008999999999999009
63,K83019,Nefopam HCl_Tab 30mg,0407010P0AAABAB,9,97.44300000000001
64,K83019,Paracet_Tab 500mg,0407010H0AAAMAM,142,12.360000000000024
65,K83020,Aripiprazole_Tab 10mg,0402010ADAAAAAA,4,-0.008399999999999852
66,K83020,Paracet_Tab 500mg,0407010H0AAAMAM,28,-0.09519999999999942
67,K83021,Clonazepam_Tab 500mcg,0408010F0AAABAB,26,15.006399999999967
68,K83021,Nefopam HCl_Tab 30mg,0407010P0AAABAB,1,72.6
69,K83021,Paracet_Tab 500mg,0407010H0AAAMAM,740,33.73840000000019
70,K83021,Prednisolone_Tab Solb 5mg,0603020T0AABHBH,1,-0.0035999999999996035
71,K83022,Atorvastatin_Tab 20mg,0212000B0AAABAB,271,45.52800000000004
72,K83022,Clonazepam_Tab 500mcg,0408010F0AAABAB,8,3.833999999999993
73,K83022,Dexameth_Tab 500mcg,0603020G0AAABAB,1,0.0007999999999999119
74,K83022,Paracet_Tab 500mg,0407010H0AAAMAM,24,-0.030399999999999816
75,K83022,Prednisolone_Tab Solb 5mg,0603020T0AABHBH,1,-0.0035999999999996035
76,K83024,Aripiprazole_Tab 10mg,0402010ADAAAAAA,6,87.2452
77,K83024,Atorvastatin_Tab 20mg,0212000B0AAABAB,13,-0.04339999999999995
78,K83024,Clonazepam_Tab 500mcg,0408010F0AAABAB,25,13.46959999999997
79,K83024,Memantine HCl_Tab 20mg,0411000G0AAADAD,4,0.01959999999999998
80,K83024,Paracet_Tab 500mg,0407010H0AAAMAM,292,10.72320000000003
81,K83025,Aripiprazole_Tab 10mg,0402010ADAAAAAA,13,0.026600000000001345
82,K83025,Atorvastatin_Tab 20mg,0212000B0AAABAB,1,-0.002799999999999997
83,K83025,Clonazepam_Tab 500mcg,0408010F0AAABAB,23,7.8135999999999814
84,K83025,Nefopam HCl_Tab 30mg,0407010P0AAABAB,1,0.004499999999999504
85,K83025,Omeprazole_Tab E/C 20mg,0103050P0AABDBD,5,0.012599999999999778
86,K83025,Paracet_Tab 500mg,0407010H0AAAMAM,518,41.68920000000003
87,K83026,Aripiprazole_Tab 10mg,0402010ADAAAAAA,12,0.03640000000000143
88,K83026,Clonazepam_Tab 500mcg,0408010F0AAABAB,22,11.626399999999974
89,K83026,Memantine HCl_Tab 20mg,0411000G0AAADAD,4,0.01959999999999998
90,K83026,Paracet_Tab 500mg,0407010H0AAAMAM,480,38.71800000000003
91,K83026,Prednisolone_Tab Solb 5mg,0603020T0AABHBH,3,-0.011999999999998678
92,K83026,Pregabalin_Cap 300mg,0408010AEAAAGAG,29,-0.04060000000000036
93,K83027,Aripiprazole_Tab 10mg,0402010ADAAAAAA,6,-0.004899999999999655
94,K83027,Clonazepam_Tab 500mcg,0408010F0AAABAB,13,6.712199999999987
95,K83027,Nefopam HCl_Tab 30mg,0407010P0AAABAB,31,103.16489999999997
96,K83027,Paracet_Tab 500mg,0407010H0AAAMAM,302,5.576800000000061
97,K83028,Clonazepam_Tab 500mcg,0408010F0AAABAB,16,11.254799999999976
98,K83028,Memantine HCl_Tab 20mg,0411000G0AAADAD,4,0.01959999999999998
99,K83028,Paracet_Tab 500mg,0407010H0AAAMAM,24,0.003999999999999976
100,K83028,Prednisolone_Tab Solb 5mg,0603020T0AABHBH,5,-0.02279999999999749
101,K83029,Clonazepam_Tab 500mcg,0408010F0AAABAB,13,6.8251999999999855
102,K83029,Dexameth_Tab 500mcg,0603020G0AAABAB,12,0.0335999999999963
103,K83029,Nefopam HCl_Tab 30mg,0407010P0AAABAB,4,0.01679999999999815
104,K83029,Paracet_Tab 500mg,0407010H0AAAMAM,366,77.81240000000005
105,K83029,Pregabalin_Cap 300mg,0408010AEAAAGAG,1,-0.0028000000000000247
106,K83030,Clonazepam_Tab 500mcg,0408010F0AAABAB,24,7.864799999999985
107,K83030,Nefopam HCl_Tab 30mg,0407010P0AAABAB,8,0.0335999999999963
108,K83030,Omeprazole_Tab E/C 20mg,0103050P0AABDBD,4,0.008399999999999852
109,K83030,Paracet_Tab 500mg,0407010H0AAAMAM,34,-0.14999999999999908
110,K83030,Pregabalin_Cap 300mg,0408010AEAAAGAG,1,0.006299999999999889
111,K83031,Clonazepam_Tab 500mcg,0408010F0AAABAB,4,2.2599999999999953
112,K83031,Paracet_Tab 500mg,0407010H0AAAMAM,38,0.10479999999999937
113,K83032,Aripiprazole_Tab 10mg,0402010ADAAAAAA,2,-0.004199999999999926
114,K83032,Clonazepam_Tab 500mcg,0408010F0AAABAB,23,13.379199999999972
115,K83032,Dexameth_Tab 500mcg,0603020G0AAABAB,6,114.3912
116,K83032,Memantine HCl_Tab 20mg,0411000G0AAADAD,1,-0.0021999999999999867
117,K83032,Nefopam HCl_Tab 30mg,0407010P0AAABAB,5,101.63999999999999
118,K83032,Omeprazole_Tab E/C 20mg,0103050P0AABDBD,5,131.57760000000002
119,K83032,Paracet_Tab 500mg,0407010H0AAAMAM,1096,404.90199999999993
120,K83032,Prednisolone_Tab Solb 5mg,0603020T0AABHBH,1,-0.0047999999999999154
121,K83032,Pregabalin_Cap 300mg,0408010AEAAAGAG,23,-0.032200000000000284
122,K83033,Paracet_Tab 500mg,0407010H0AAAMAM,24,0.09759999999999941
123,K83035,Aripiprazole_Tab 10mg,0402010ADAAAAAA,4,0.02240000000000064
124,K83035,Clonazepam_Tab 500mcg,0408010F0AAABAB,3,1.5819999999999967
125,K83035,Paracet_Tab 500mg,0407010H0AAAMAM,150,14.85199999999999
126,K83036,Aripiprazole_Tab 10mg,0402010ADAAAAAA,1,0.00560000000000016
127,K83036,Atorvastatin_Tab 20mg,0212000B0AAABAB,1,-0.002799999999999997
128,K83036,Clonazepam_Tab 500mcg,0408010F0AAABAB,25,15.096799999999966
129,K83036,Paracet_Tab 500mg,0407010H0AAAMAM,14,-0.07839999999999953
130,K83036,Prednisolone_Tab Solb 5mg,0603020T0AABHBH,3,134.28019999999998
131,K83037,Aripiprazole_Tab 10mg,0402010ADAAAAAA,6,-0.012599999999999778
132,K83037,Clonazepam_Tab 500mcg,0408010F0AAABAB,50,27.418799999999937
133,K83037,Paracet_Tab 500mg,0407010H0AAAMAM,14,-0.07839999999999953
134,K83037,Prednisolone_Tab Solb 5mg,0603020T0AABHBH,1,0.004499999999999504
135,K83039,Atorvastatin_Tab 20mg,0212000B0AAABAB,1,-0.0033999999999999794
136,K83039,Clonazepam_Tab 500mcg,0408010F0AAABAB,12,9.446799999999982
137,K83039,Paracet_Tab 500mg,0407010H0AAAMAM,586,76.72560000000006
138,K83039,Prednisolone_Tab Solb 5mg,0603020T0AABHBH,1,35.97
139,K83040,Atorvastatin_Tab 20mg,0212000B0AAABAB,1,-0.0029999999999998778
140,K83040,Clonazepam_Tab 500mcg,0408010F0AAABAB,9,4.174199999999992
141,K83040,Paracet_Tab 500mg,0407010H0AAAMAM,264,20.051600000000054
142,K83040,Pregabalin_Cap 300mg,0408010AEAAAGAG,4,0.019599999999999784
143,K83041,Aripiprazole_Tab 10mg,0402010ADAAAAAA,1,0.00560000000000016
144,K83041,Clonazepam_Tab 500mcg,0408010F0AAABAB,19,10.305599999999977
145,K83041,Dexameth_Tab 500mcg,0603020G0AAABAB,1,0.0007999999999999119
146,K83041,Nefopam HCl_Tab 30mg,0407010P0AAABAB,24,177.8766
147,K83041,Omeprazole_Tab E/C 20mg,0103050P0AABDBD,1,0.004199999999999926
148,K83041,Paracet_Tab 500mg,0407010H0AAAMAM,358,49.32720000000006
149,K83041,Prednisolone_Tab Solb 5mg,0603020T0AABHBH,2,-0.007299999999999196
150,K83041,Pregabalin_Cap 300mg,0408010AEAAAGAG,25,84.2044
151,K83042,Aripiprazole_Tab 10mg,0402010ADAAAAAA,5,0.028000000000000802
152,K83042,Atorvastatin_Tab 20mg,0212000B0AAABAB,611,22.205800000000043
153,K83042,Clonazepam_Tab 500mcg,0408010F0AAABAB,13,6.466799999999986
154,K83042,Nefopam HCl_Tab 30mg,0407010P0AAABAB,33,48.70799999999999
155,K83042,Paracet_Tab 500mg,0407010H0AAAMAM,432,144.38679999999997
156,K83042,Prednisolone_Tab Solb 5mg,0603020T0AABHBH,3,0.0031999999999996476
157,K83043,Atorvastatin_Tab 20mg,0212000B0AAABAB,2,-0.0059999999999997555
158,K83043,Clonazepam_Tab 500mcg,0408010F0AAABAB,29,7.749599999999984
159,K83043,Memantine HCl_Tab 20mg,0411000G0AAADAD,7,127.792
160,K83043,Nefopam HCl_Tab 30mg,0407010P0AAABAB,20,0.09839999999999516
161,K83043,Omeprazole_Tab E/C 20mg,0103050P0AABDBD,2,21.929599999999997
162,K83043,Paracet_Tab 500mg,0407010H0AAAMAM,446,70.6024000000001
163,K83043,Prednisolone_Tab Solb 5mg,0603020T0AABHBH,1,-0.0035999999999996035
164,K83043,Pregabalin_Cap 300mg,0408010AEAAAGAG,8,-0.014000000000000123
165,K83044,Clonazepam_Tab 500mcg,0408010F0AAABAB,29,15.367999999999967
166,K83044,Nefopam HCl_Tab 30mg,0407010P0AAABAB,4,0.01679999999999815
167,K83044,Paracet_Tab 500mg,0407010H0AAAMAM,10,-0.02959999999999982
168,K83044,Pregabalin_Cap 300mg,0408010AEAAAGAG,1,0.0040000000000000036
169,K83047,Aripiprazole_Tab 10mg,0402010ADAAAAAA,28,-0.08959999999999946
170,K83047,Atorvastatin_Tab 20mg,0212000B0AAABAB,544,22.84800000000002
171,K83047,Clonazepam_Tab 500mcg,0408010F0AAABAB,21,11.706799999999975
172,K83047,Memantine HCl_Tab 20mg,0411000G0AAADAD,4,0.01959999999999998
173,K83047,Paracet_Tab 500mg,0407010H0AAAMAM,102,2.65040000000001
174,K83048,Atorvastatin_Tab 20mg,0212000B0AAABAB,100,22.680000000000007
175,K83048,Clonazepam_Tab 500mcg,0408010F0AAABAB,8,3.6611999999999925
176,K83048,Nefopam HCl_Tab 30mg,0407010P0AAABAB,4,0.01679999999999815
177,K83048,Paracet_Tab 500mg,0407010H0AAAMAM,124,17.52160000000002
178,K83049,Atorvastatin_Tab 20mg,0212000B0AAABAB,420,22.34400000000007
179,K83049,Clonazepam_Tab 500mcg,0408010F0AAABAB,10,4.350599999999991
180,K83049,Paracet_Tab 500mg,0407010H0AAAMAM,598,92.8608000000001
181,K83049,Prednisolone_Tab Solb 5mg,0603020T0AABHBH,3,-0.005099999999999882
182,K83050,Aripiprazole_Tab 10mg,0402010ADAAAAAA,7,-0.014699999999999741
183,K83050,Clonazepam_Tab 500mcg,0408010F0AAABAB,6,1.5819999999999967
184,K83050,Nefopam HCl_Tab 30mg,0407010P0AAABAB,6,0.025199999999997225
185,K83050,Paracet_Tab 500mg,0407010H0AAAMAM,10,-0.03919999999999976
186,K83051,Aripiprazole_Tab 10mg,0402010ADAAAAAA,11,174.4554
187,K83051,Atorvastatin_Tab 20mg,0212000B0AAABAB,2,-0.004399999999999876
188,K83051,Clonazepam_Tab 500mcg,0408010F0AAABAB,45,23.38799999999995
189,K83051,Paracet_Tab 500mg,0407010H0AAAMAM,148,-2.3395999999999857
190,K83051,Prednisolone_Tab Solb 5mg,0603020T0AABHBH,3,-0.0038999999999995705
191,K83052,Aripiprazole_Tab 10mg,0402010ADAAAAAA,4,-0.008399999999999852
192,K83052,Clonazepam_Tab 500mcg,0408010F0AAABAB,10,5.093499999999989
193,K83052,Dexameth_Tab 500mcg,0603020G0AAABAB,1,0.0007999999999999119
194,K83052,Memantine HCl_Tab 20mg,0411000G0AAADAD,13,63.882000000000005
195,K83052,Nefopam HCl_Tab 30mg,0407010P0AAABAB,4,0.025199999999997225
196,K83052,Paracet_Tab 500mg,0407010H0AAAMAM,28,-0.10639999999999936
197,K83053,Clonazepam_Tab 500mcg,0408010F0AAABAB,1,1.1299999999999977
198,K83053,Paracet_Tab 500mg,0407010H0AAAMAM,40,-0.0335999999999998
199,K83053,Prednisolone_Tab Solb 5mg,0603020T0AABHBH,1,-0.004799999999999471
200,K83055,Clonazepam_Tab 500mcg,0408010F0AAABAB,9,3.3221999999999934
201,K83055,Paracet_Tab 500mg,0407010H0AAAMAM,100,0.9527999999999942
202,K83055,Prednisolone_Tab Solb 5mg,0603020T0AABHBH,1,-0.0035999999999996035
203,K83056,Clonazepam_Tab 500mcg,0408010F0AAABAB,10,0.6979999999999993
204,K83056,Paracet_Tab 500mg,0407010H0AAAMAM,34,0.043399999999999744
205,K83056,Prednisolone_Tab Solb 5mg,0603020T0AABHBH,1,-0.004799999999999471
206,K83064,Atorvastatin_Tab 20mg,0212000B0AAABAB,600,23.520000000000092
207,K83064,Clonazepam_Tab 500mcg,0408010F0AAABAB,6,3.2543999999999933
208,K83064,Dexameth_Tab 500mcg,0603020G0AAABAB,1,0.005599999999999383
209,K83064,Paracet_Tab 500mg,0407010H0AAAMAM,36,-0.09759999999999941
210,K83064,Pregabalin_Cap 300mg,0408010AEAAAGAG,21,56.09519999999999
211,K83065,Aripiprazole_Tab 10mg,0402010ADAAAAAA,2,0.01120000000000032
212,K83065,Clonazepam_Tab 500mcg,0408010F0AAABAB,4,1.898399999999996
213,K83065,Paracet_Tab 500mg,0407010H0AAAMAM,12,0.025999999999999843
214,K83065,Prednisolone_Tab Solb 5mg,0603020T0AABHBH,1,-0.0035999999999996035
215,K83066,Atorvastatin_Tab 20mg,0212000B0AAABAB,16,-0.04459999999999993
216,K83066,Clonazepam_Tab 500mcg,0408010F0AAABAB,10,2.7119999999999944
217,K83066,Nefopam HCl_Tab 30mg,0407010P0AAABAB,4,0.01679999999999815
218,K83066,Paracet_Tab 500mg,0407010H0AAAMAM,290,-5.460799999999967
219,K83066,Prednisolone_Tab Solb 5mg,0603020T0AABHBH,1,-0.0035999999999996035
220,K83068,Aripiprazole_Tab 10mg,0402010ADAAAAAA,1,0.0021000000000003516
221,K83068,Clonazepam_Tab 500mcg,0408010F0AAABAB,7,3.0283999999999938
222,K83068,Paracet_Tab 500mg,0407010H0AAAMAM,44,-0.15999999999999898
223,K83069,Clonazepam_Tab 500mcg,0408010F0AAABAB,1,1.2655999999999974
224,K83069,Paracet_Tab 500mg,0407010H0AAAMAM,14,0.01959999999999988
225,K83070,Clonazepam_Tab 500mcg,0408010F0AAABAB,8,4.27239999999999
226,K83070,Paracet_Tab 500mg,0407010H0AAAMAM,18,-0.0335999999999998
227,K83076,Clonazepam_Tab 500mcg,0408010F0AAABAB,1,0.6327999999999987
228,K83076,Paracet_Tab 500mg,0407010H0AAAMAM,2,0.011999999999999927
229,K83077,Aripiprazole_Tab 10mg,0402010ADAAAAAA,5,-0.0027999999999996916
230,K83077,Clonazepam_Tab 500mcg,0408010F0AAABAB,13,9.33379999999998
231,K83077,Nefopam HCl_Tab 30mg,0407010P0AAABAB,2,0.008999999999999009
232,K83077,Omeprazole_Tab E/C 20mg,0103050P0AABDBD,4,0.008399999999999852
233,K83077,Paracet_Tab 500mg,0407010H0AAAMAM,458,134.52880000000005
234,K83077,Pregabalin_Cap 300mg,0408010AEAAAGAG,1,-0.004200000000000037
235,K83079,Dexameth_Tab 500mcg,0603020G0AAABAB,1,0.005599999999999383
236,K83080,Clonazepam_Tab 500mcg,0408010F0AAABAB,4,1.898399999999996
237,K83080,Paracet_Tab 500mg,0407010H0AAAMAM,2,0.023999999999999855
238,K83080,Prednisolone_Tab Solb 5mg,0603020T0AABHBH,1,-0.0023999999999997357
239,K83081,Clonazepam_Tab 500mcg,0408010F0AAABAB,2,2.6715999999999966
240,K83081,Prednisolone_Tab Solb 5mg,0603020T0AABHBH,1,0.0029999999999996696
241,K83601,Atorvastatin_Tab 20mg,0212000B0AAABAB,156,22.713600000000014
242,K83601,Clonazepam_Tab 500mcg,0408010F0AAABAB,11,5.477199999999991
243,K83601,Nefopam HCl_Tab 30mg,0407010P0AAABAB,2,30.25
244,K83601,Paracet_Tab 500mg,0407010H0AAAMAM,242,7.105600000000049
245,K83601,Prednisolone_Tab Solb 5mg,0603020T0AABHBH,2,-0.006599999999999273
246,K83610,Aripiprazole_Tab 10mg,0402010ADAAAAAA,2,0.01120000000000032
247,K83610,Clonazepam_Tab 500mcg,0408010F0AAABAB,2,0.6327999999999987
248,K83610,Memantine HCl_Tab 20mg,0411000G0AAADAD,4,0.01959999999999998
249,K83610,Nefopam HCl_Tab 30mg,0407010P0AAABAB,1,50.82
250,K83610,Paracet_Tab 500mg,0407010H0AAAMAM,34,-0.19039999999999885
251,K83616,Atorvastatin_Tab 20mg,0212000B0AAABAB,107,45.23960000000001
252,K83616,Clonazepam_Tab 500mcg,0408010F0AAABAB,3,3.480399999999993
253,K83616,Dexameth_Tab 500mcg,0603020G0AAABAB,1,0.0007999999999999119
254,K83616,Paracet_Tab 500mg,0407010H0AAAMAM,102,2.8696000000000152
255,K83616,Prednisolone_Tab Solb 5mg,0603020T0AABHBH,1,71.94
256,K83618,Atorvastatin_Tab 20mg,0212000B0AAABAB,1,-0.0013999999999999985
257,K83618,Clonazepam_Tab 500mcg,0408010F0AAABAB,7,4.49739999999999
258,K83618,Nefopam HCl_Tab 30mg,0407010P0AAABAB,6,0.025199999999997225
259,K83618,Paracet_Tab 500mg,0407010H0AAAMAM,30,-0.050399999999999695
260,K83620,Aripiprazole_Tab 10mg,0402010ADAAAAAA,10,-0.024099999999999705
261,K83620,Clonazepam_Tab 500mcg,0408010F0AAABAB,6,2.734599999999994
262,K83620,Paracet_Tab 500mg,0407010H0AAAMAM,202,17.06319999999999
263,K83621,Aripiprazole_Tab 10mg,0402010ADAAAAAA,10,0.05320000000000269
264,K83621,Atorvastatin_Tab 20mg,0212000B0AAABAB,19,-0.032199999999999965
265,K83621,Clonazepam_Tab 500mcg,0408010F0AAABAB,5,1.5819999999999967
266,K83621,Nefopam HCl_Tab 30mg,0407010P0AAABAB,52,0.227099999999975
267,K83621,Omeprazole_Tab E/C 20mg,0103050P0AABDBD,5,0.010499999999999815
268,K83621,Paracet_Tab 500mg,0407010H0AAAMAM,30,0.020399999999999877
269,K83621,Pregabalin_Cap 300mg,0408010AEAAAGAG,201,-0.34360000000000324
270,K83624,Atorvastatin_Tab 20mg,0212000B0AAABAB,1,-0.004199999999999995
271,K83625,Aripiprazole_Tab 10mg,0402010ADAAAAAA,4,-0.008399999999999852
272,K83625,Clonazepam_Tab 500mcg,0408010F0AAABAB,6,3.502999999999993
273,K83625,Paracet_Tab 500mg,0407010H0AAAMAM,8,-0.04479999999999973
274,K83625,Prednisolone_Tab Solb 5mg,0603020T0AABHBH,1,-0.0039999999999995595
275,Y00028,Aripiprazole_Tab 10mg,0402010ADAAAAAA,1,0.00560000000000016
276,Y00028,Clonazepam_Tab 500mcg,0408010F0AAABAB,1,0.3389999999999993
277,Y00028,Paracet_Tab 500mg,0407010H0AAAMAM,6,-0.0335999999999998
278,Y00028,Prednisolone_Tab Solb 5mg,0603020T0AABHBH,1,-0.0023999999999997357
279,Y00082,Clonazepam_Tab 500mcg,0408010F0AAABAB,1,0.03689999999999993
280,Y00082,Prednisolone_Tab Solb 5mg,0603020T0AABHBH,5,-0.011599999999998722
281,Y00082,Pregabalin_Cap 300mg,0408010AEAAAGAG,3,-0.00910000000000008
282,Y00234,Memantine HCl_Tab 20mg,0411000G0AAADAD,1,0.0020999999999999977
283,Y00234,Paracet_Tab 500mg,0407010H0AAAMAM,4,0.01799999999999989
284,Y00234,Prednisolone_Tab Solb 5mg,0603020T0AABHBH,1,-0.0023999999999997357
285,Y00234,Pregabalin_Cap 300mg,0408010AEAAAGAG,1,4.0072
286,Y00399,Clonazepam_Tab 500mcg,0408010F0AAABAB,2,0.6327999999999987
287,Y00399,Dexameth_Tab 500mcg,0603020G0AAABAB,2,111.37699999999998
288,Y00399,Paracet_Tab 500mg,0407010H0AAAMAM,130,30.500000000000007
289,Y01139,Clonazepam_Tab 500mcg,0408010F0AAABAB,12,5.378799999999989
290,Y01139,Paracet_Tab 500mg,0407010H0AAAMAM,6,0.03599999999999978
291,Y02804,Pregabalin_Cap 300mg,0408010AEAAAGAG,1,-0.0028000000000000247
