,practice_code,bnf_description,bnf_code,items,excess_cost
0,H81013,Amiodarone HCl_Tab 200mg,0203020D0AAABAB,24,8.134700000000008
1,H81013,Clonazepam_Tab 500mcg,0408010F0AAABAB,24,17.266399999999965
2,H81013,Diltiazem HCl_Tab 60mg M/R,0206020C0AAAAAA,11,2.856800000000009
3,H81013,Ephed HCl_Tab 30mg,0301012F0AAABAB,1,5.84639999999999
4,H81013,Mesalazine_Tab E/C 400mg,0105010B0AAAAAA,1,11.978399999999999
5,H81013,Pyridox HCl_Tab 50mg,0906024N0AAAIAI,2,2.3940000000000006
6,H81013,Topiramate_Cap 50mg,040801050AAAWAW,1,1.9259999999999977
7,H81039,Amiodarone HCl_Tab 200mg,0203020D0AAABAB,1,0.7000000000000006
8,H81039,Clonazepam_Tab 500mcg,0408010F0AAABAB,6,3.6385999999999923
9,H81039,Diltiazem HCl_Tab 60mg M/R,0206020C0AAAAAA,3,1.4016000000000035
10,H81039,Pyridox HCl_Tab 50mg,0906024N0AAAIAI,1,0.4788000000000001
11,H81040,Amiodarone HCl_Tab 200mg,0203020D0AAABAB,10,1.727600000000001
12,H81040,Clonazepam_Tab 500mcg,0408010F0AAABAB,10,6.938199999999986
13,H81040,Diltiazem HCl_Tab 60mg M/R,0206020C0AAAAAA,2,0.7504000000000013
14,H81069,Amiodarone HCl_Tab 200mg,0203020D0AAABAB,3,3.5000000000000027
15,H81069,Clonazepam_Tab 500mcg,0408010F0AAABAB,16,14.350999999999969
16,H81069,Diltiazem HCl_Tab 60mg M/R,0206020C0AAAAAA,2,0.6300000000000006
17,H81069,Topiramate_Tab 200mg,040801050AAACAC,1,1.1647999999999992
18,H81069,Verapamil HCl_Tab 160mg,0206020T0AAAGAG,2,7.593599999999984
19,H81075,Amiodarone HCl_Tab 200mg,0203020D0AAABAB,15,3.031700000000002
20,H81075,Clonazepam_Tab 500mcg,0408010F0AAABAB,18,11.797199999999977
21,H81075,Ephed HCl_Tab 30mg,0301012F0AAABAB,1,3.8975999999999935
22,H81075,Pyridox HCl_Tab 50mg,0906024N0AAAIAI,1,2.8728000000000007
23,H81075,Risperidone_Tab 6mg,040201030AAAFAF,2,58.4192
24,H81075,Topiramate_Cap 50mg,040801050AAAWAW,1,2.567999999999997
25,H81082,Amiodarone HCl_Tab 200mg,0203020D0AAABAB,3,1.4000000000000012
26,H81082,Clonazepam_Tab 500mcg,0408010F0AAABAB,5,1.898399999999996
27,H81130,Amiodarone HCl_Tab 200mg,0203020D0AAABAB,3,2.450000000000002
28,H81130,Clonazepam_Tab 500mcg,0408010F0AAABAB,8,4.791199999999991
29,H81130,Diltiazem HCl_Tab 60mg M/R,0206020C0AAAAAA,1,0.5040000000000004
30,H81130,Pyridox HCl_Tab 50mg,0906024N0AAAIAI,2,2.8728000000000007
31,H81130,Topiramate_Tab 200mg,040801050AAACAC,1,7.469999999999997
