,practice_code,bnf_description,bnf_code,items,excess_cost
187,K81082,Phenytoin_Sod Tab 100mg,0408010Q0AAAGAG,2,119.41439999999997
324,K81046,Mesalazine_Tab E/C 800mg,0105010B0AAASAS,1,22.959999999999994
325,K81015,Mesalazine_Tab E/C 800mg,0105010B0AAASAS,5,21.546000000000006
320,K81082,Valsartan_Tab 40mg,0205052V0AAADAD,2,15.344000000000001
363,K81020,Gemfibrozil_Tab 600mg,0212000Q0AAABAB,1,15.142399999999999
291,Y01253,Buprenorphine_Tab Subling 400mcg S/F,0410030A0AAACAC,7,10.662400000000002
321,K81024,Valsartan_Tab 40mg,0205052V0AAADAD,1,7.672000000000001
236,K81001,Amiodarone HCl_Tab 200mg,0203020D0AAABAB,7,4.900000000000004
189,K81630,Pyridox HCl_Tab 50mg,0906024N0AAAIAI,10,4.788000000000001
190,K81082,Pyridox HCl_Tab 50mg,0906024N0AAAIAI,5,4.788000000000001
191,K81086,Pyridox HCl_Tab 50mg,0906024N0AAAIAI,5,4.788000000000001
292,Y02937,Buprenorphine_Tab Subling 400mcg S/F,0410030A0AAACAC,3,4.5696
1,K81024,Clonazepam_Tab 500mcg,0408010F0AAABAB,1,4.519999999999991
0,K81006,Clonazepam_Tab 500mcg,0408010F0AAABAB,1,4.519999999999991
2,K81083,Clonazepam_Tab 500mcg,0408010F0AAABAB,1,4.067999999999992
322,K81607,Valsartan_Tab 40mg,0205052V0AAADAD,8,3.8360000000000003
293,Y01253,Buprenorphine_Tab Subling 400mcg S/F,0410030A0AAACAC,5,3.8080000000000003
3,K81608,Clonazepam_Tab 500mcg,0408010F0AAABAB,1,3.796799999999992
4,K81059,Clonazepam_Tab 500mcg,0408010F0AAABAB,2,3.796799999999992
364,K81084,Gemfibrozil_Tab 600mg,0212000Q0AAABAB,1,3.791199999999999
238,K81030,Amiodarone HCl_Tab 200mg,0203020D0AAABAB,10,3.500000000000003
237,K81074,Amiodarone HCl_Tab 200mg,0203020D0AAABAB,5,3.500000000000003
294,Y01253,Buprenorphine_Tab Subling 400mcg S/F,0410030A0AAACAC,3,3.4272
5,K81068,Clonazepam_Tab 500mcg,0408010F0AAABAB,3,3.389999999999993
295,K81030,Buprenorphine_Tab Subling 400mcg S/F,0410030A0AAACAC,1,3.0464
328,K81039,Methocarbamol_Tab 750mg,1002020S0AAABAB,7,3.009999999999999
192,K81630,Pyridox HCl_Tab 50mg,0906024N0AAAIAI,3,2.8728000000000007
8,K81039,Clonazepam_Tab 500mcg,0408010F0AAABAB,6,2.847599999999994
9,K81630,Clonazepam_Tab 500mcg,0408010F0AAABAB,3,2.847599999999994
6,K81630,Clonazepam_Tab 500mcg,0408010F0AAABAB,6,2.847599999999994
7,K81075,Clonazepam_Tab 500mcg,0408010F0AAABAB,4,2.847599999999994
239,K81006,Amiodarone HCl_Tab 200mg,0203020D0AAABAB,4,2.8000000000000025
10,K81046,Clonazepam_Tab 500mcg,0408010F0AAABAB,1,2.7119999999999944
13,K81024,Clonazepam_Tab 500mcg,0408010F0AAABAB,2,2.531199999999995
15,K81024,Clonazepam_Tab 500mcg,0408010F0AAABAB,8,2.531199999999995
12,K81036,Clonazepam_Tab 500mcg,0408010F0AAABAB,4,2.531199999999995
11,Y00437,Clonazepam_Tab 500mcg,0408010F0AAABAB,4,2.531199999999995
14,K81068,Clonazepam_Tab 500mcg,0408010F0AAABAB,2,2.531199999999995
16,H81047,Clonazepam_Tab 500mcg,0408010F0AAABAB,2,2.531199999999995
22,K81089,Clonazepam_Tab 500mcg,0408010F0AAABAB,2,2.531199999999995
17,K81043,Clonazepam_Tab 500mcg,0408010F0AAABAB,4,2.531199999999995
18,K81024,Clonazepam_Tab 500mcg,0408010F0AAABAB,4,2.531199999999995
19,K81075,Clonazepam_Tab 500mcg,0408010F0AAABAB,4,2.531199999999995
20,Y00437,Clonazepam_Tab 500mcg,0408010F0AAABAB,1,2.531199999999995
21,K81066,Clonazepam_Tab 500mcg,0408010F0AAABAB,4,2.531199999999995
193,K81019,Pyridox HCl_Tab 50mg,0906024N0AAAIAI,5,2.3940000000000006
194,Y00437,Pyridox HCl_Tab 50mg,0906024N0AAAIAI,5,2.3940000000000006
23,K81083,Clonazepam_Tab 500mcg,0408010F0AAABAB,5,2.372999999999995
24,K81075,Clonazepam_Tab 500mcg,0408010F0AAABAB,5,2.372999999999995
296,Y02937,Buprenorphine_Tab Subling 400mcg S/F,0410030A0AAACAC,2,2.2848
27,K81657,Clonazepam_Tab 500mcg,0408010F0AAABAB,2,2.2599999999999953
26,K81028,Clonazepam_Tab 500mcg,0408010F0AAABAB,1,2.2599999999999953
25,K81020,Clonazepam_Tab 500mcg,0408010F0AAABAB,2,2.2599999999999953
240,K81087,Amiodarone HCl_Tab 200mg,0203020D0AAABAB,6,2.100000000000002
241,K81076,Amiodarone HCl_Tab 200mg,0203020D0AAABAB,3,2.100000000000002
242,K81020,Amiodarone HCl_Tab 200mg,0203020D0AAABAB,3,2.100000000000002
323,K81006,Valsartan_Tab 40mg,0205052V0AAADAD,1,1.9180000000000001
199,K81042,Pyridox HCl_Tab 50mg,0906024N0AAAIAI,1,1.9152000000000005
197,K81076,Pyridox HCl_Tab 50mg,0906024N0AAAIAI,2,1.9152000000000005
202,K81039,Pyridox HCl_Tab 50mg,0906024N0AAAIAI,2,1.9152000000000005
201,K81018,Pyridox HCl_Tab 50mg,0906024N0AAAIAI,2,1.9152000000000005
200,K81030,Pyridox HCl_Tab 50mg,0906024N0AAAIAI,1,1.9152000000000005
198,K81001,Pyridox HCl_Tab 50mg,0906024N0AAAIAI,2,1.9152000000000005
196,K81023,Pyridox HCl_Tab 50mg,0906024N0AAAIAI,2,1.9152000000000005
195,K81657,Pyridox HCl_Tab 50mg,0906024N0AAAIAI,4,1.9152000000000005
29,K81086,Clonazepam_Tab 500mcg,0408010F0AAABAB,2,1.898399999999996
28,K81001,Clonazepam_Tab 500mcg,0408010F0AAABAB,1,1.898399999999996
31,K81030,Clonazepam_Tab 500mcg,0408010F0AAABAB,6,1.898399999999996
30,K81043,Clonazepam_Tab 500mcg,0408010F0AAABAB,6,1.898399999999996
33,K81059,Clonazepam_Tab 500mcg,0408010F0AAABAB,2,1.898399999999996
34,K81083,Clonazepam_Tab 500mcg,0408010F0AAABAB,8,1.898399999999996
32,K81084,Clonazepam_Tab 500mcg,0408010F0AAABAB,3,1.898399999999996
243,K81630,Amiodarone HCl_Tab 200mg,0203020D0AAABAB,5,1.7500000000000016
329,K81085,Methocarbamol_Tab 750mg,1002020S0AAABAB,4,1.7199999999999993
330,K81042,Methocarbamol_Tab 750mg,1002020S0AAABAB,2,1.7199999999999993
35,K81059,Clonazepam_Tab 500mcg,0408010F0AAABAB,1,1.6949999999999965
37,K81089,Clonazepam_Tab 500mcg,0408010F0AAABAB,5,1.5819999999999967
36,K81018,Clonazepam_Tab 500mcg,0408010F0AAABAB,1,1.5819999999999967
38,K81075,Clonazepam_Tab 500mcg,0408010F0AAABAB,1,1.5819999999999967
298,K81084,Buprenorphine_Tab Subling 400mcg S/F,0410030A0AAACAC,2,1.5232
297,Y01662,Buprenorphine_Tab Subling 400mcg S/F,0410030A0AAACAC,1,1.5232
204,K81030,Pyridox HCl_Tab 50mg,0906024N0AAAIAI,1,1.4364000000000003
203,K81086,Pyridox HCl_Tab 50mg,0906024N0AAAIAI,1,1.4364000000000003
205,K81006,Pyridox HCl_Tab 50mg,0906024N0AAAIAI,1,1.4364000000000003
208,K81075,Pyridox HCl_Tab 50mg,0906024N0AAAIAI,3,1.4364000000000003
206,K81082,Pyridox HCl_Tab 50mg,0906024N0AAAIAI,12,1.4364000000000003
207,K81018,Pyridox HCl_Tab 50mg,0906024N0AAAIAI,3,1.4364000000000003
39,K81645,Clonazepam_Tab 500mcg,0408010F0AAABAB,6,1.423799999999997
245,K81610,Amiodarone HCl_Tab 200mg,0203020D0AAABAB,4,1.4000000000000012
244,K81059,Amiodarone HCl_Tab 200mg,0203020D0AAABAB,2,1.4000000000000012
43,K81020,Clonazepam_Tab 500mcg,0408010F0AAABAB,1,1.3559999999999972
42,K81608,Clonazepam_Tab 500mcg,0408010F0AAABAB,1,1.3559999999999972
41,K81006,Clonazepam_Tab 500mcg,0408010F0AAABAB,1,1.3559999999999972
40,K81610,Clonazepam_Tab 500mcg,0408010F0AAABAB,1,1.3559999999999972
44,K81034,Clonazepam_Tab 500mcg,0408010F0AAABAB,1,1.3107999999999973
69,K81020,Clonazepam_Tab 500mcg,0408010F0AAABAB,2,1.2655999999999974
66,K81645,Clonazepam_Tab 500mcg,0408010F0AAABAB,2,1.2655999999999974
57,K81630,Clonazepam_Tab 500mcg,0408010F0AAABAB,2,1.2655999999999974
64,K81082,Clonazepam_Tab 500mcg,0408010F0AAABAB,2,1.2655999999999974
63,K81630,Clonazepam_Tab 500mcg,0408010F0AAABAB,4,1.2655999999999974
62,K81001,Clonazepam_Tab 500mcg,0408010F0AAABAB,2,1.2655999999999974
61,K81036,Clonazepam_Tab 500mcg,0408010F0AAABAB,1,1.2655999999999974
60,K81036,Clonazepam_Tab 500mcg,0408010F0AAABAB,4,1.2655999999999974
59,K81006,Clonazepam_Tab 500mcg,0408010F0AAABAB,1,1.2655999999999974
58,K81610,Clonazepam_Tab 500mcg,0408010F0AAABAB,2,1.2655999999999974
56,K81607,Clonazepam_Tab 500mcg,0408010F0AAABAB,2,1.2655999999999974
47,K81020,Clonazepam_Tab 500mcg,0408010F0AAABAB,1,1.2655999999999974
55,K81028,Clonazepam_Tab 500mcg,0408010F0AAABAB,2,1.2655999999999974
54,K81082,Clonazepam_Tab 500mcg,0408010F0AAABAB,1,1.2655999999999974
53,K81610,Clonazepam_Tab 500mcg,0408010F0AAABAB,1,1.2655999999999974
52,K81023,Clonazepam_Tab 500mcg,0408010F0AAABAB,4,1.2655999999999974
51,K81039,Clonazepam_Tab 500mcg,0408010F0AAABAB,2,1.2655999999999974
50,K81028,Clonazepam_Tab 500mcg,0408010F0AAABAB,4,1.2655999999999974
49,K81616,Clonazepam_Tab 500mcg,0408010F0AAABAB,1,1.2655999999999974
65,K81001,Clonazepam_Tab 500mcg,0408010F0AAABAB,1,1.2655999999999974
48,K81006,Clonazepam_Tab 500mcg,0408010F0AAABAB,2,1.2655999999999974
67,K81010,Clonazepam_Tab 500mcg,0408010F0AAABAB,1,1.2655999999999974
73,K81076,Clonazepam_Tab 500mcg,0408010F0AAABAB,1,1.2655999999999974
45,K81075,Clonazepam_Tab 500mcg,0408010F0AAABAB,1,1.2655999999999974
75,K81060,Clonazepam_Tab 500mcg,0408010F0AAABAB,1,1.2655999999999974
74,K81655,Clonazepam_Tab 500mcg,0408010F0AAABAB,1,1.2655999999999974
46,K81082,Clonazepam_Tab 500mcg,0408010F0AAABAB,4,1.2655999999999974
72,K81019,Clonazepam_Tab 500mcg,0408010F0AAABAB,1,1.2655999999999974
71,K81043,Clonazepam_Tab 500mcg,0408010F0AAABAB,1,1.2655999999999974
70,K81046,Clonazepam_Tab 500mcg,0408010F0AAABAB,1,1.2655999999999974
68,H81047,Clonazepam_Tab 500mcg,0408010F0AAABAB,2,1.2655999999999974
366,K81610,Diltiazem HCl_Tab 60mg M/R,0206020C0AAAAAA,5,1.2320000000000042
77,K81005,Clonazepam_Tab 500mcg,0408010F0AAABAB,1,1.1299999999999977
78,Y00437,Clonazepam_Tab 500mcg,0408010F0AAABAB,1,1.1299999999999977
79,K81076,Clonazepam_Tab 500mcg,0408010F0AAABAB,1,1.1299999999999977
80,K81084,Clonazepam_Tab 500mcg,0408010F0AAABAB,1,1.1299999999999977
81,K81010,Clonazepam_Tab 500mcg,0408010F0AAABAB,1,1.1299999999999977
76,K81655,Clonazepam_Tab 500mcg,0408010F0AAABAB,1,1.1299999999999977
82,K81089,Clonazepam_Tab 500mcg,0408010F0AAABAB,7,1.1073999999999977
331,K81039,Methocarbamol_Tab 750mg,1002020S0AAABAB,5,1.1000000000000036
299,Y01253,Buprenorphine_Tab Subling 400mcg S/F,0410030A0AAACAC,1,1.0569000000000006
246,K81086,Amiodarone HCl_Tab 200mg,0203020D0AAABAB,1,1.050000000000001
247,K81006,Amiodarone HCl_Tab 200mg,0203020D0AAABAB,3,1.050000000000001
210,K81076,Pyridox HCl_Tab 50mg,0906024N0AAAIAI,1,1.0260000000000002
209,K81024,Pyridox HCl_Tab 50mg,0906024N0AAAIAI,1,1.0260000000000002
300,Y02937,Buprenorphine_Tab Subling 400mcg S/F,0410030A0AAACAC,2,1.0259999999999998
84,K81024,Clonazepam_Tab 500mcg,0408010F0AAABAB,1,1.016999999999998
83,K81060,Clonazepam_Tab 500mcg,0408010F0AAABAB,1,1.016999999999998
211,K81075,Pyridox HCl_Tab 50mg,0906024N0AAAIAI,10,0.9840000000000049
332,K81068,Methocarbamol_Tab 750mg,1002020S0AAABAB,1,0.9631999999999996
333,K81024,Methocarbamol_Tab 750mg,1002020S0AAABAB,1,0.9631999999999996
224,K81607,Pyridox HCl_Tab 50mg,0906024N0AAAIAI,1,0.9576000000000002
219,K81085,Pyridox HCl_Tab 50mg,0906024N0AAAIAI,2,0.9576000000000002
214,K81034,Pyridox HCl_Tab 50mg,0906024N0AAAIAI,1,0.9576000000000002
215,K81039,Pyridox HCl_Tab 50mg,0906024N0AAAIAI,2,0.9576000000000002
216,K81015,Pyridox HCl_Tab 50mg,0906024N0AAAIAI,8,0.9576000000000002
217,K81655,Pyridox HCl_Tab 50mg,0906024N0AAAIAI,1,0.9576000000000002
218,K81021,Pyridox HCl_Tab 50mg,0906024N0AAAIAI,2,0.9576000000000002
220,K81086,Pyridox HCl_Tab 50mg,0906024N0AAAIAI,2,0.9576000000000002
212,K81024,Pyridox HCl_Tab 50mg,0906024N0AAAIAI,1,0.9576000000000002
221,K81005,Pyridox HCl_Tab 50mg,0906024N0AAAIAI,2,0.9576000000000002
222,K81043,Pyridox HCl_Tab 50mg,0906024N0AAAIAI,1,0.9576000000000002
223,K81020,Pyridox HCl_Tab 50mg,0906024N0AAAIAI,1,0.9576000000000002
225,K81028,Pyridox HCl_Tab 50mg,0906024N0AAAIAI,1,0.9576000000000002
213,K81084,Pyridox HCl_Tab 50mg,0906024N0AAAIAI,2,0.9576000000000002
87,K81075,Clonazepam_Tab 500mcg,0408010F0AAABAB,1,0.949199999999998
85,K81097,Clonazepam_Tab 500mcg,0408010F0AAABAB,4,0.949199999999998
96,K81018,Clonazepam_Tab 500mcg,0408010F0AAABAB,1,0.949199999999998
86,K81084,Clonazepam_Tab 500mcg,0408010F0AAABAB,2,0.949199999999998
88,K81006,Clonazepam_Tab 500mcg,0408010F0AAABAB,1,0.949199999999998
104,K81082,Clonazepam_Tab 500mcg,0408010F0AAABAB,1,0.949199999999998
97,K81001,Clonazepam_Tab 500mcg,0408010F0AAABAB,1,0.949199999999998
98,K81076,Clonazepam_Tab 500mcg,0408010F0AAABAB,1,0.949199999999998
99,K81021,Clonazepam_Tab 500mcg,0408010F0AAABAB,1,0.949199999999998
100,K81655,Clonazepam_Tab 500mcg,0408010F0AAABAB,1,0.949199999999998
101,K81655,Clonazepam_Tab 500mcg,0408010F0AAABAB,3,0.949199999999998
102,K81046,Clonazepam_Tab 500mcg,0408010F0AAABAB,1,0.949199999999998
89,K81087,Clonazepam_Tab 500mcg,0408010F0AAABAB,1,0.949199999999998
103,K81018,Clonazepam_Tab 500mcg,0408010F0AAABAB,3,0.949199999999998
95,K81020,Clonazepam_Tab 500mcg,0408010F0AAABAB,1,0.949199999999998
94,K81066,Clonazepam_Tab 500mcg,0408010F0AAABAB,3,0.949199999999998
93,K81084,Clonazepam_Tab 500mcg,0408010F0AAABAB,1,0.949199999999998
92,K81630,Clonazepam_Tab 500mcg,0408010F0AAABAB,4,0.949199999999998
91,K81028,Clonazepam_Tab 500mcg,0408010F0AAABAB,1,0.949199999999998
90,K81042,Clonazepam_Tab 500mcg,0408010F0AAABAB,3,0.949199999999998
105,K81630,Clonazepam_Tab 500mcg,0408010F0AAABAB,1,0.9265999999999981
334,K81039,Methocarbamol_Tab 750mg,1002020S0AAABAB,1,0.8599999999999997
335,Y00437,Methocarbamol_Tab 750mg,1002020S0AAABAB,2,0.8599999999999997
367,K81085,Diltiazem HCl_Tab 60mg M/R,0206020C0AAAAAA,1,0.7920000000000027
107,K81066,Clonazepam_Tab 500mcg,0408010F0AAABAB,5,0.7909999999999984
106,K81610,Clonazepam_Tab 500mcg,0408010F0AAABAB,1,0.7909999999999984
301,Y02937,Buprenorphine_Tab Subling 400mcg S/F,0410030A0AAACAC,1,0.7616
302,Y01662,Buprenorphine_Tab Subling 400mcg S/F,0410030A0AAACAC,1,0.7616
336,K81039,Methocarbamol_Tab 750mg,1002020S0AAABAB,3,0.7560000000000017
337,K81039,Methocarbamol_Tab 750mg,1002020S0AAABAB,2,0.7392000000000025
371,K81086,Diltiazem HCl_Tab 60mg M/R,0206020C0AAAAAA,1,0.7392000000000025
370,Y00437,Diltiazem HCl_Tab 60mg M/R,0206020C0AAAAAA,2,0.7392000000000025
369,K81034,Diltiazem HCl_Tab 60mg M/R,0206020C0AAAAAA,1,0.7392000000000025
368,K81066,Diltiazem HCl_Tab 60mg M/R,0206020C0AAAAAA,2,0.7392000000000025
338,K81039,Methocarbamol_Tab 750mg,1002020S0AAABAB,1,0.7223999999999997
339,K81039,Methocarbamol_Tab 750mg,1002020S0AAABAB,3,0.7223999999999997
340,K81075,Methocarbamol_Tab 750mg,1002020S0AAABAB,1,0.7223999999999997
226,K81039,Pyridox HCl_Tab 50mg,0906024N0AAAIAI,6,0.7182000000000002
108,K81075,Clonazepam_Tab 500mcg,0408010F0AAABAB,3,0.7118999999999985
255,K81046,Amiodarone HCl_Tab 200mg,0203020D0AAABAB,1,0.7000000000000006
253,K81060,Amiodarone HCl_Tab 200mg,0203020D0AAABAB,1,0.7000000000000006
254,K81010,Amiodarone HCl_Tab 200mg,0203020D0AAABAB,2,0.7000000000000006
262,K81036,Amiodarone HCl_Tab 200mg,0203020D0AAABAB,1,0.7000000000000006
251,K81094,Amiodarone HCl_Tab 200mg,0203020D0AAABAB,2,0.7000000000000006
250,K81086,Amiodarone HCl_Tab 200mg,0203020D0AAABAB,1,0.7000000000000006
249,K81656,Amiodarone HCl_Tab 200mg,0203020D0AAABAB,1,0.7000000000000006
248,K81097,Amiodarone HCl_Tab 200mg,0203020D0AAABAB,2,0.7000000000000006
261,K81034,Amiodarone HCl_Tab 200mg,0203020D0AAABAB,1,0.7000000000000006
260,K81042,Amiodarone HCl_Tab 200mg,0203020D0AAABAB,2,0.7000000000000006
259,H81047,Amiodarone HCl_Tab 200mg,0203020D0AAABAB,2,0.7000000000000006
258,K81082,Amiodarone HCl_Tab 200mg,0203020D0AAABAB,1,0.7000000000000006
252,K81005,Amiodarone HCl_Tab 200mg,0203020D0AAABAB,1,0.7000000000000006
256,K81028,Amiodarone HCl_Tab 200mg,0203020D0AAABAB,1,0.7000000000000006
263,K81607,Amiodarone HCl_Tab 200mg,0203020D0AAABAB,1,0.7000000000000006
257,K81655,Amiodarone HCl_Tab 200mg,0203020D0AAABAB,1,0.7000000000000006
268,K81042,Amiodarone HCl_Tab 200mg,0203020D0AAABAB,1,0.7000000000000006
267,K81087,Amiodarone HCl_Tab 200mg,0203020D0AAABAB,1,0.7000000000000006
266,K81023,Amiodarone HCl_Tab 200mg,0203020D0AAABAB,1,0.7000000000000006
265,K81075,Amiodarone HCl_Tab 200mg,0203020D0AAABAB,2,0.7000000000000006
264,K81043,Amiodarone HCl_Tab 200mg,0203020D0AAABAB,1,0.7000000000000006
113,K81610,Clonazepam_Tab 500mcg,0408010F0AAABAB,1,0.6779999999999986
112,K81616,Clonazepam_Tab 500mcg,0408010F0AAABAB,1,0.6779999999999986
111,K81607,Clonazepam_Tab 500mcg,0408010F0AAABAB,1,0.6779999999999986
110,K81024,Clonazepam_Tab 500mcg,0408010F0AAABAB,1,0.6779999999999986
117,K81630,Clonazepam_Tab 500mcg,0408010F0AAABAB,1,0.6779999999999986
109,K81076,Clonazepam_Tab 500mcg,0408010F0AAABAB,1,0.6779999999999986
116,K81083,Clonazepam_Tab 500mcg,0408010F0AAABAB,1,0.6779999999999986
115,K81043,Clonazepam_Tab 500mcg,0408010F0AAABAB,1,0.6779999999999986
114,K81066,Clonazepam_Tab 500mcg,0408010F0AAABAB,1,0.6779999999999986
269,K81015,Amiodarone HCl_Tab 200mg,0203020D0AAABAB,8,0.6776
303,Y02937,Buprenorphine_Tab Subling 400mcg S/F,0410030A0AAACAC,1,0.6576000000000002
341,K81001,Methocarbamol_Tab 750mg,1002020S0AAABAB,7,0.6468000000000023
137,K81043,Clonazepam_Tab 500mcg,0408010F0AAABAB,4,0.6327999999999987
118,K81076,Clonazepam_Tab 500mcg,0408010F0AAABAB,1,0.6327999999999987
138,Y00265,Clonazepam_Tab 500mcg,0408010F0AAABAB,2,0.6327999999999987
136,K81001,Clonazepam_Tab 500mcg,0408010F0AAABAB,2,0.6327999999999987
127,K81616,Clonazepam_Tab 500mcg,0408010F0AAABAB,1,0.6327999999999987
119,K81076,Clonazepam_Tab 500mcg,0408010F0AAABAB,2,0.6327999999999987
120,Y00265,Clonazepam_Tab 500mcg,0408010F0AAABAB,1,0.6327999999999987
121,K81059,Clonazepam_Tab 500mcg,0408010F0AAABAB,1,0.6327999999999987
122,K81042,Clonazepam_Tab 500mcg,0408010F0AAABAB,4,0.6327999999999987
123,K81019,Clonazepam_Tab 500mcg,0408010F0AAABAB,4,0.6327999999999987
124,K81060,Clonazepam_Tab 500mcg,0408010F0AAABAB,1,0.6327999999999987
125,K81087,Clonazepam_Tab 500mcg,0408010F0AAABAB,1,0.6327999999999987
135,K81083,Clonazepam_Tab 500mcg,0408010F0AAABAB,2,0.6327999999999987
126,K81060,Clonazepam_Tab 500mcg,0408010F0AAABAB,2,0.6327999999999987
128,K81610,Clonazepam_Tab 500mcg,0408010F0AAABAB,2,0.6327999999999987
130,K81006,Clonazepam_Tab 500mcg,0408010F0AAABAB,2,0.6327999999999987
131,K81086,Clonazepam_Tab 500mcg,0408010F0AAABAB,2,0.6327999999999987
132,K81030,Clonazepam_Tab 500mcg,0408010F0AAABAB,1,0.6327999999999987
133,K81010,Clonazepam_Tab 500mcg,0408010F0AAABAB,1,0.6327999999999987
134,K81075,Clonazepam_Tab 500mcg,0408010F0AAABAB,2,0.6327999999999987
129,K81020,Clonazepam_Tab 500mcg,0408010F0AAABAB,2,0.6327999999999987
139,K81020,Clonazepam_Tab 500mcg,0408010F0AAABAB,1,0.6101999999999987
227,K81608,Pyridox HCl_Tab 50mg,0906024N0AAAIAI,5,0.5985000000000001
304,Y01662,Buprenorphine_Tab Subling 400mcg S/F,0410030A0AAACAC,1,0.5712
141,K81043,Clonazepam_Tab 500mcg,0408010F0AAABAB,1,0.5699999999999983
140,H81047,Clonazepam_Tab 500mcg,0408010F0AAABAB,1,0.5699999999999983
142,K81066,Clonazepam_Tab 500mcg,0408010F0AAABAB,1,0.5699999999999983
143,Y00265,Clonazepam_Tab 500mcg,0408010F0AAABAB,1,0.5699999999999983
144,K81034,Clonazepam_Tab 500mcg,0408010F0AAABAB,1,0.5699999999999983
270,K81023,Amiodarone HCl_Tab 200mg,0203020D0AAABAB,1,0.5292
271,K81042,Amiodarone HCl_Tab 200mg,0203020D0AAABAB,1,0.5292
372,K81036,Diltiazem HCl_Tab 60mg M/R,0206020C0AAAAAA,2,0.5280000000000018
145,K81006,Clonazepam_Tab 500mcg,0408010F0AAABAB,1,0.5129999999999985
272,K81075,Amiodarone HCl_Tab 200mg,0203020D0AAABAB,6,0.5082
380,K81018,Diltiazem HCl_Tab 60mg M/R,0206020C0AAAAAA,1,0.5040000000000004
379,K81024,Diltiazem HCl_Tab 60mg M/R,0206020C0AAAAAA,1,0.5040000000000004
378,K81023,Diltiazem HCl_Tab 60mg M/R,0206020C0AAAAAA,1,0.5040000000000004
376,K81006,Diltiazem HCl_Tab 60mg M/R,0206020C0AAAAAA,1,0.5040000000000004
375,K81076,Diltiazem HCl_Tab 60mg M/R,0206020C0AAAAAA,1,0.5040000000000004
374,K81043,Diltiazem HCl_Tab 60mg M/R,0206020C0AAAAAA,1,0.5040000000000004
373,K81042,Diltiazem HCl_Tab 60mg M/R,0206020C0AAAAAA,1,0.5040000000000004
377,K81034,Diltiazem HCl_Tab 60mg M/R,0206020C0AAAAAA,1,0.5040000000000004
342,K81024,Methocarbamol_Tab 750mg,1002020S0AAABAB,4,0.5040000000000004
382,K81039,Diltiazem HCl_Tab 60mg M/R,0206020C0AAAAAA,2,0.4928000000000017
381,K81024,Diltiazem HCl_Tab 60mg M/R,0206020C0AAAAAA,2,0.4928000000000017
343,K81075,Methocarbamol_Tab 750mg,1002020S0AAABAB,1,0.4815999999999998
230,K81024,Pyridox HCl_Tab 50mg,0906024N0AAAIAI,4,0.4788000000000001
229,K81075,Pyridox HCl_Tab 50mg,0906024N0AAAIAI,4,0.4788000000000001
228,K81066,Pyridox HCl_Tab 50mg,0906024N0AAAIAI,1,0.4788000000000001
146,K81082,Clonazepam_Tab 500mcg,0408010F0AAABAB,6,0.474599999999999
147,K81034,Clonazepam_Tab 500mcg,0408010F0AAABAB,3,0.474599999999999
383,K81082,Diltiazem HCl_Tab 60mg M/R,0206020C0AAAAAA,8,0.47040000000000415
344,Y00437,Methocarbamol_Tab 750mg,1002020S0AAABAB,2,0.4400000000000015
384,K81074,Diltiazem HCl_Tab 60mg M/R,0206020C0AAAAAA,1,0.4400000000000015
305,Y02937,Buprenorphine_Tab Subling 400mcg S/F,0410030A0AAACAC,1,0.4384000000000001
350,K81024,Methocarbamol_Tab 750mg,1002020S0AAABAB,1,0.4299999999999998
345,K81043,Methocarbamol_Tab 750mg,1002020S0AAABAB,1,0.4299999999999998
346,K81616,Methocarbamol_Tab 750mg,1002020S0AAABAB,1,0.4299999999999998
347,K81030,Methocarbamol_Tab 750mg,1002020S0AAABAB,1,0.4299999999999998
348,K81010,Methocarbamol_Tab 750mg,1002020S0AAABAB,1,0.4299999999999998
349,K81610,Methocarbamol_Tab 750mg,1002020S0AAABAB,1,0.4299999999999998
148,K81020,Clonazepam_Tab 500mcg,0408010F0AAABAB,5,0.3954999999999992
306,K81084,Buprenorphine_Tab Subling 400mcg S/F,0410030A0AAACAC,1,0.3808
307,Y02937,Buprenorphine_Tab Subling 400mcg S/F,0410030A0AAACAC,2,0.3808
309,Y01253,Buprenorphine_Tab Subling 400mcg S/F,0410030A0AAACAC,1,0.3808
308,Y02937,Buprenorphine_Tab Subling 400mcg S/F,0410030A0AAACAC,1,0.3808
273,K81083,Amiodarone HCl_Tab 200mg,0203020D0AAABAB,1,0.37200000000000066
388,K81021,Diltiazem HCl_Tab 60mg M/R,0206020C0AAAAAA,1,0.36960000000000126
387,K81005,Diltiazem HCl_Tab 60mg M/R,0206020C0AAAAAA,1,0.36960000000000126
386,K81083,Diltiazem HCl_Tab 60mg M/R,0206020C0AAAAAA,1,0.36960000000000126
385,K81024,Diltiazem HCl_Tab 60mg M/R,0206020C0AAAAAA,1,0.36960000000000126
352,Y00437,Methocarbamol_Tab 750mg,1002020S0AAABAB,1,0.36960000000000126
351,K81039,Methocarbamol_Tab 750mg,1002020S0AAABAB,4,0.36960000000000126
231,K81630,Pyridox HCl_Tab 50mg,0906024N0AAAIAI,3,0.3591000000000001
389,K81075,Diltiazem HCl_Tab 60mg M/R,0206020C0AAAAAA,6,0.3528000000000031
310,Y02937,Buprenorphine_Tab Subling 400mcg S/F,0410030A0AAACAC,1,0.35230000000000017
279,K81046,Amiodarone HCl_Tab 200mg,0203020D0AAABAB,1,0.3500000000000003
274,K81020,Amiodarone HCl_Tab 200mg,0203020D0AAABAB,1,0.3500000000000003
285,K81084,Amiodarone HCl_Tab 200mg,0203020D0AAABAB,1,0.3500000000000003
275,K81001,Amiodarone HCl_Tab 200mg,0203020D0AAABAB,1,0.3500000000000003
277,K81645,Amiodarone HCl_Tab 200mg,0203020D0AAABAB,1,0.3500000000000003
278,K81034,Amiodarone HCl_Tab 200mg,0203020D0AAABAB,1,0.3500000000000003
280,K81086,Amiodarone HCl_Tab 200mg,0203020D0AAABAB,1,0.3500000000000003
281,K81074,Amiodarone HCl_Tab 200mg,0203020D0AAABAB,1,0.3500000000000003
282,K81076,Amiodarone HCl_Tab 200mg,0203020D0AAABAB,1,0.3500000000000003
283,K81023,Amiodarone HCl_Tab 200mg,0203020D0AAABAB,1,0.3500000000000003
284,K81085,Amiodarone HCl_Tab 200mg,0203020D0AAABAB,1,0.3500000000000003
276,K81066,Amiodarone HCl_Tab 200mg,0203020D0AAABAB,1,0.3500000000000003
149,H81047,Clonazepam_Tab 500mcg,0408010F0AAABAB,1,0.3389999999999993
152,K81082,Clonazepam_Tab 500mcg,0408010F0AAABAB,1,0.3389999999999993
150,K81075,Clonazepam_Tab 500mcg,0408010F0AAABAB,1,0.3389999999999993
151,K81028,Clonazepam_Tab 500mcg,0408010F0AAABAB,1,0.3389999999999993
286,K81021,Amiodarone HCl_Tab 200mg,0203020D0AAABAB,4,0.3388
154,Y00437,Clonazepam_Tab 500mcg,0408010F0AAABAB,1,0.31639999999999935
162,K81015,Clonazepam_Tab 500mcg,0408010F0AAABAB,1,0.31639999999999935
158,K81074,Clonazepam_Tab 500mcg,0408010F0AAABAB,1,0.31639999999999935
159,K81046,Clonazepam_Tab 500mcg,0408010F0AAABAB,1,0.31639999999999935
160,K81021,Clonazepam_Tab 500mcg,0408010F0AAABAB,1,0.31639999999999935
161,K81059,Clonazepam_Tab 500mcg,0408010F0AAABAB,2,0.31639999999999935
164,K81059,Clonazepam_Tab 500mcg,0408010F0AAABAB,1,0.31639999999999935
163,K81084,Clonazepam_Tab 500mcg,0408010F0AAABAB,2,0.31639999999999935
156,K81097,Clonazepam_Tab 500mcg,0408010F0AAABAB,2,0.31639999999999935
165,H81047,Clonazepam_Tab 500mcg,0408010F0AAABAB,2,0.31639999999999935
166,K81010,Clonazepam_Tab 500mcg,0408010F0AAABAB,1,0.31639999999999935
171,K81610,Clonazepam_Tab 500mcg,0408010F0AAABAB,2,0.31639999999999935
170,K81087,Clonazepam_Tab 500mcg,0408010F0AAABAB,1,0.31639999999999935
167,K81068,Clonazepam_Tab 500mcg,0408010F0AAABAB,1,0.31639999999999935
157,K81085,Clonazepam_Tab 500mcg,0408010F0AAABAB,1,0.31639999999999935
168,K81005,Clonazepam_Tab 500mcg,0408010F0AAABAB,1,0.31639999999999935
155,H81047,Clonazepam_Tab 500mcg,0408010F0AAABAB,1,0.31639999999999935
153,K81034,Clonazepam_Tab 500mcg,0408010F0AAABAB,1,0.31639999999999935
169,K81656,Clonazepam_Tab 500mcg,0408010F0AAABAB,1,0.31639999999999935
172,K81006,Clonazepam_Tab 500mcg,0408010F0AAABAB,1,0.2963999999999991
399,K81086,Diltiazem HCl_Tab 60mg M/R,0206020C0AAAAAA,1,0.24640000000000084
398,K81074,Diltiazem HCl_Tab 60mg M/R,0206020C0AAAAAA,1,0.24640000000000084
397,K81043,Diltiazem HCl_Tab 60mg M/R,0206020C0AAAAAA,1,0.24640000000000084
396,K81066,Diltiazem HCl_Tab 60mg M/R,0206020C0AAAAAA,1,0.24640000000000084
395,K81059,Diltiazem HCl_Tab 60mg M/R,0206020C0AAAAAA,1,0.24640000000000084
394,K81645,Diltiazem HCl_Tab 60mg M/R,0206020C0AAAAAA,1,0.24640000000000084
393,K81655,Diltiazem HCl_Tab 60mg M/R,0206020C0AAAAAA,1,0.24640000000000084
392,H81047,Diltiazem HCl_Tab 60mg M/R,0206020C0AAAAAA,1,0.24640000000000084
391,K81010,Diltiazem HCl_Tab 60mg M/R,0206020C0AAAAAA,1,0.24640000000000084
390,K81006,Diltiazem HCl_Tab 60mg M/R,0206020C0AAAAAA,1,0.24640000000000084
353,K81075,Methocarbamol_Tab 750mg,1002020S0AAABAB,1,0.2407999999999999
354,K81020,Methocarbamol_Tab 750mg,1002020S0AAABAB,1,0.2407999999999999
173,K81086,Clonazepam_Tab 500mcg,0408010F0AAABAB,3,0.2372999999999995
175,K81043,Clonazepam_Tab 500mcg,0408010F0AAABAB,1,0.2372999999999995
176,K81034,Clonazepam_Tab 500mcg,0408010F0AAABAB,1,0.2372999999999995
174,K81084,Clonazepam_Tab 500mcg,0408010F0AAABAB,1,0.2372999999999995
402,K81607,Diltiazem HCl_Tab 60mg M/R,0206020C0AAAAAA,4,0.23520000000000207
400,K81086,Diltiazem HCl_Tab 60mg M/R,0206020C0AAAAAA,4,0.23520000000000207
401,K81083,Diltiazem HCl_Tab 60mg M/R,0206020C0AAAAAA,4,0.23520000000000207
177,K81066,Clonazepam_Tab 500mcg,0408010F0AAABAB,2,0.23199999999999998
355,K81024,Methocarbamol_Tab 750mg,1002020S0AAABAB,4,0.22960000000000114
403,K81018,Diltiazem HCl_Tab 60mg M/R,0206020C0AAAAAA,1,0.2250000000000002
358,K81075,Methocarbamol_Tab 750mg,1002020S0AAABAB,1,0.22000000000000075
357,Y00751,Methocarbamol_Tab 750mg,1002020S0AAABAB,1,0.22000000000000075
356,K81087,Methocarbamol_Tab 750mg,1002020S0AAABAB,1,0.22000000000000075
178,K81023,Clonazepam_Tab 500mcg,0408010F0AAABAB,5,0.21199999999999997
404,K81083,Diltiazem HCl_Tab 60mg M/R,0206020C0AAAAAA,6,0.20580000000000065
287,K81023,Amiodarone HCl_Tab 200mg,0203020D0AAABAB,1,0.17920000000000008
179,K81068,Clonazepam_Tab 500mcg,0408010F0AAABAB,1,0.174
180,K81046,Clonazepam_Tab 500mcg,0408010F0AAABAB,1,0.174
181,K81024,Clonazepam_Tab 500mcg,0408010F0AAABAB,4,0.16959999999999997
288,K81034,Amiodarone HCl_Tab 200mg,0203020D0AAABAB,2,0.1694
311,Y02937,Buprenorphine_Tab Subling 400mcg S/F,0410030A0AAACAC,1,0.16140000000000004
182,K81046,Clonazepam_Tab 500mcg,0408010F0AAABAB,1,0.15819999999999967
183,K81075,Clonazepam_Tab 500mcg,0408010F0AAABAB,1,0.15819999999999967
184,K81630,Clonazepam_Tab 500mcg,0408010F0AAABAB,1,0.15819999999999967
232,K81020,Pyridox HCl_Tab 50mg,0906024N0AAAIAI,1,0.1416000000000004
233,K81006,Pyridox HCl_Tab 50mg,0906024N0AAAIAI,1,0.1416000000000004
405,K81655,Diltiazem HCl_Tab 60mg M/R,0206020C0AAAAAA,1,0.1379999999999998
406,K81043,Diltiazem HCl_Tab 60mg M/R,0206020C0AAAAAA,4,0.13720000000000043
407,K81024,Diltiazem HCl_Tab 60mg M/R,0206020C0AAAAAA,4,0.13720000000000043
234,K81075,Pyridox HCl_Tab 50mg,0906024N0AAAIAI,2,0.13120000000000065
415,K81015,Diltiazem HCl_Tab 60mg M/R,0206020C0AAAAAA,1,0.1260000000000001
359,K81075,Methocarbamol_Tab 750mg,1002020S0AAABAB,1,0.1260000000000001
416,K81042,Diltiazem HCl_Tab 60mg M/R,0206020C0AAAAAA,1,0.1260000000000001
417,K81020,Diltiazem HCl_Tab 60mg M/R,0206020C0AAAAAA,1,0.1260000000000001
413,K81023,Diltiazem HCl_Tab 60mg M/R,0206020C0AAAAAA,1,0.1260000000000001
414,K81610,Diltiazem HCl_Tab 60mg M/R,0206020C0AAAAAA,1,0.1260000000000001
408,K81066,Diltiazem HCl_Tab 60mg M/R,0206020C0AAAAAA,1,0.1260000000000001
412,K81024,Diltiazem HCl_Tab 60mg M/R,0206020C0AAAAAA,1,0.1260000000000001
411,K81083,Diltiazem HCl_Tab 60mg M/R,0206020C0AAAAAA,1,0.1260000000000001
410,K81075,Diltiazem HCl_Tab 60mg M/R,0206020C0AAAAAA,1,0.1260000000000001
409,K81019,Diltiazem HCl_Tab 60mg M/R,0206020C0AAAAAA,1,0.1260000000000001
312,Y02937,Buprenorphine_Tab Subling 400mcg S/F,0410030A0AAACAC,1,0.10440000000000005
360,K81087,Methocarbamol_Tab 750mg,1002020S0AAABAB,1,0.10080000000000022
235,K81085,Pyridox HCl_Tab 50mg,0906024N0AAAIAI,4,0.08560000000000034
290,K81043,Amiodarone HCl_Tab 200mg,0203020D0AAABAB,1,0.0847
289,Y00265,Amiodarone HCl_Tab 200mg,0203020D0AAABAB,1,0.0847
185,K81036,Clonazepam_Tab 500mcg,0408010F0AAABAB,1,0.07909999999999984
418,K81083,Diltiazem HCl_Tab 60mg M/R,0206020C0AAAAAA,4,0.07840000000000025
361,K81087,Methocarbamol_Tab 750mg,1002020S0AAABAB,1,0.057400000000000284
186,K81066,Clonazepam_Tab 500mcg,0408010F0AAABAB,1,0.04239999999999999
362,K81075,Methocarbamol_Tab 750mg,1002020S0AAABAB,1,0.030600000000000127
188,K81085,Phenytoin_Sod Tab 100mg,0408010Q0AAAGAG,4,0.025199999999997225
326,K81015,Mesalazine_Tab E/C 800mg,0105010B0AAASAS,5,0.021000000000009345
365,K81084,Gemfibrozil_Tab 600mg,0212000Q0AAABAB,1,0.005599999999999383
313,Y02937,Buprenorphine_Tab Subling 400mcg S/F,0410030A0AAACAC,1,0.0048000000000001375
314,Y02937,Buprenorphine_Tab Subling 400mcg S/F,0410030A0AAACAC,1,0.0032000000000000917
315,Y02937,Buprenorphine_Tab Subling 400mcg S/F,0410030A0AAACAC,1,-0.0012999999999998568
316,Y02937,Buprenorphine_Tab Subling 400mcg S/F,0410030A0AAACAC,1,-0.0017999999999999683
317,Y01253,Buprenorphine_Tab Subling 400mcg S/F,0410030A0AAACAC,1,-0.0038999999999995705
318,Y02937,Buprenorphine_Tab Subling 400mcg S/F,0410030A0AAACAC,1,-0.0043999999999999595
319,Y02937,Buprenorphine_Tab Subling 400mcg S/F,0410030A0AAACAC,2,-0.007600000000000218
327,K81630,Mesalazine_Tab E/C 800mg,0105010B0AAASAS,1,-17.219999999999995
