,practice_code,bnf_description,bnf_code,items,excess_cost
0,K82001,Amiodarone HCl_Tab 200mg,0203020D0AAABAB,7,2.704100000000002
1,K82001,Atorvastatin_Tab 10mg,0212000B0AAAAAA,16,0.033600000000000185
2,K82001,Clonazepam_Tab 500mcg,0408010F0AAABAB,10,4.203599999999991
3,K82001,Mesalazine_Tab E/C 400mg,0105010B0AAAAAA,3,54.758399999999995
4,K82001,Sumatriptan_Tab 50mg,0407041T0AAAFAF,16,0.0
5,K82004,Amiodarone HCl_Tab 200mg,0203020D0AAABAB,6,2.8000000000000025
6,K82004,Clonazepam_Tab 500mcg,0408010F0AAABAB,5,3.5255999999999927
7,K82004,Sumatriptan_Tab 50mg,0407041T0AAAFAF,15,0.0
8,K82006,Amiodarone HCl_Tab 200mg,0203020D0AAABAB,2,0.7000000000000006
9,K82006,Atorvastatin_Tab 10mg,0212000B0AAAAAA,1,-0.005999999999999964
10,K82006,Clonazepam_Tab 500mcg,0408010F0AAABAB,5,4.429599999999992
11,K82006,Phenytoin_Sod Tab 100mg,0408010Q0AAAGAG,1,39.79919999999999
12,K82006,Sildenafil_Tab 100mg,0704050Z0AAACAC,8,0.040000000000000036
13,K82006,Sumatriptan_Tab 50mg,0407041T0AAAFAF,16,0.0
14,K82007,Amiodarone HCl_Tab 200mg,0203020D0AAABAB,19,5.588800000000004
15,K82007,Atorvastatin_Tab 10mg,0212000B0AAAAAA,7,0.014700000000000081
16,K82007,Clonazepam_Tab 500mcg,0408010F0AAABAB,26,11.647799999999979
17,K82007,Phenytoin_Sod Tab 100mg,0408010Q0AAAGAG,2,59.707199999999986
18,K82007,Sildenafil_Tab 100mg,0704050Z0AAACAC,4,0.020000000000000018
19,K82007,Sumatriptan_Tab 50mg,0407041T0AAAFAF,54,0.0
20,K82008,Amiodarone HCl_Tab 200mg,0203020D0AAABAB,3,1.4000000000000012
21,K82008,Atorvastatin_Tab 10mg,0212000B0AAAAAA,8,0.016800000000000093
22,K82008,Clonazepam_Tab 500mcg,0408010F0AAABAB,12,8.163599999999983
23,K82008,Mesalazine_Tab E/C 400mg,0105010B0AAAAAA,1,-25.667999999999996
24,K82008,Sildenafil_Tab 100mg,0704050Z0AAACAC,1,0.0050000000000000044
25,K82008,Sumatriptan_Tab 50mg,0407041T0AAAFAF,8,0.0
26,K82010,Amiodarone HCl_Tab 200mg,0203020D0AAABAB,7,2.450000000000002
27,K82010,Clonazepam_Tab 500mcg,0408010F0AAABAB,13,11.951399999999975
28,K82010,Pyridox HCl_Tab 50mg,0906024N0AAAIAI,1,1.7100000000000004
29,K82010,Sumatriptan_Tab 50mg,0407041T0AAAFAF,15,0.0
30,K82011,Clonazepam_Tab 500mcg,0408010F0AAABAB,4,1.5819999999999967
31,K82011,Sumatriptan_Tab 50mg,0407041T0AAAFAF,8,0.0
32,K82012,Amiodarone HCl_Tab 200mg,0203020D0AAABAB,1,0.7000000000000006
33,K82012,Clonazepam_Tab 500mcg,0408010F0AAABAB,12,6.722199999999986
34,K82012,Sumatriptan_Tab 50mg,0407041T0AAAFAF,10,0.0
35,K82014,Amiodarone HCl_Tab 200mg,0203020D0AAABAB,3,1.4000000000000012
36,K82014,Clonazepam_Tab 500mcg,0408010F0AAABAB,4,1.7999999999999972
37,K82014,Sildenafil_Tab 100mg,0704050Z0AAACAC,1,0.0050000000000000044
38,K82014,Sumatriptan_Tab 50mg,0407041T0AAAFAF,7,0.0
39,K82017,Amiodarone HCl_Tab 200mg,0203020D0AAABAB,18,4.277100000000003
40,K82017,Atorvastatin_Tab 10mg,0212000B0AAAAAA,16,0.033600000000000185
41,K82017,Clonazepam_Tab 500mcg,0408010F0AAABAB,2,1.5819999999999967
42,K82017,Mesalazine_Tab E/C 400mg,0105010B0AAAAAA,1,47.913599999999995
43,K82017,Pyridox HCl_Tab 50mg,0906024N0AAAIAI,1,1.9152000000000005
44,K82017,Sumatriptan_Tab 50mg,0407041T0AAAFAF,15,-0.003200000000001424
45,K82018,Amiodarone HCl_Tab 200mg,0203020D0AAABAB,5,1.7500000000000016
46,K82018,Clonazepam_Tab 500mcg,0408010F0AAABAB,7,5.2883999999999896
47,K82018,Sildenafil_Tab 100mg,0704050Z0AAACAC,15,0.07500000000000007
48,K82018,Sumatriptan_Tab 50mg,0407041T0AAAFAF,19,-0.006400000000000183
49,K82019,Amiodarone HCl_Tab 200mg,0203020D0AAABAB,1,0.3500000000000003
50,K82019,Atorvastatin_Tab 10mg,0212000B0AAAAAA,4,0.008400000000000046
51,K82019,Clonazepam_Tab 500mcg,0408010F0AAABAB,7,3.6385999999999923
52,K82019,Sildenafil_Tab 100mg,0704050Z0AAACAC,1,0.0050000000000000044
53,K82019,Sumatriptan_Tab 50mg,0407041T0AAAFAF,26,0.0
54,K82020,Amiodarone HCl_Tab 200mg,0203020D0AAABAB,4,1.8347000000000016
55,K82020,Clonazepam_Tab 500mcg,0408010F0AAABAB,5,2.094999999999996
56,K82020,Pyridox HCl_Tab 50mg,0906024N0AAAIAI,2,3.830400000000001
57,K82020,Sumatriptan_Tab 50mg,0407041T0AAAFAF,6,0.0
58,K82021,Amiodarone HCl_Tab 200mg,0203020D0AAABAB,7,3.500000000000003
59,K82021,Atorvastatin_Tab 10mg,0212000B0AAAAAA,3,0.006300000000000035
60,K82021,Clonazepam_Tab 500mcg,0408010F0AAABAB,10,6.777999999999986
61,K82021,Mesalazine_Tab E/C 400mg,0105010B0AAAAAA,1,51.33599999999999
62,K82021,Pyridox HCl_Tab 50mg,0906024N0AAAIAI,1,3.3858000000000006
63,K82021,Sildenafil_Tab 100mg,0704050Z0AAACAC,1,0.0050000000000000044
64,K82021,Sumatriptan_Tab 50mg,0407041T0AAAFAF,22,0.0
65,K82022,Amiodarone HCl_Tab 200mg,0203020D0AAABAB,3,1.050000000000001
66,K82022,Atorvastatin_Tab 10mg,0212000B0AAAAAA,1,0.004200000000000023
67,K82022,Clonazepam_Tab 500mcg,0408010F0AAABAB,5,3.553199999999993
68,K82022,Sildenafil_Tab 100mg,0704050Z0AAACAC,2,0.010000000000000009
69,K82022,Sumatriptan_Tab 50mg,0407041T0AAAFAF,8,0.0
70,K82023,Amiodarone HCl_Tab 200mg,0203020D0AAABAB,10,5.600000000000005
71,K82023,Atorvastatin_Tab 10mg,0212000B0AAAAAA,5,-0.0005999999999998992
72,K82023,Clonazepam_Tab 500mcg,0408010F0AAABAB,29,21.33399999999996
73,K82023,Olanzapine_Tab 10mg,040201060AAACAC,3,144.6984
74,K82023,Sildenafil_Tab 100mg,0704050Z0AAACAC,1,0.0026999999999999524
75,K82023,Sumatriptan_Tab 50mg,0407041T0AAAFAF,30,0.007399999999999185
76,K82024,Amiodarone HCl_Tab 200mg,0203020D0AAABAB,7,2.0888000000000018
77,K82024,Atorvastatin_Tab 10mg,0212000B0AAAAAA,8,0.016800000000000093
78,K82024,Clonazepam_Tab 500mcg,0408010F0AAABAB,12,6.056799999999988
79,K82024,Mesalazine_Tab E/C 400mg,0105010B0AAAAAA,8,-23.9232
80,K82024,Pyridox HCl_Tab 50mg,0906024N0AAAIAI,2,2.2584000000000004
81,K82024,Risperidone_Tab 6mg,040201030AAAFAF,5,43.8368
82,K82024,Sumatriptan_Tab 50mg,0407041T0AAAFAF,17,0.0
83,K82028,Amiodarone HCl_Tab 200mg,0203020D0AAABAB,4,1.7500000000000016
84,K82028,Clonazepam_Tab 500mcg,0408010F0AAABAB,3,1.5819999999999967
85,K82028,Mesalazine_Tab E/C 400mg,0105010B0AAAAAA,2,65.88119999999999
86,K82028,Sumatriptan_Tab 50mg,0407041T0AAAFAF,20,0.0041999999999995374
87,K82029,Amiodarone HCl_Tab 200mg,0203020D0AAABAB,4,2.450000000000002
88,K82029,Clonazepam_Tab 500mcg,0408010F0AAABAB,3,0.949199999999998
89,K82029,Pyridox HCl_Tab 50mg,0906024N0AAAIAI,3,10.533600000000003
90,K82029,Sumatriptan_Tab 50mg,0407041T0AAAFAF,10,0.0
91,K82030,Amiodarone HCl_Tab 200mg,0203020D0AAABAB,9,1.558200000000001
92,K82030,Atorvastatin_Tab 10mg,0212000B0AAAAAA,13,0.02730000000000015
93,K82030,Clonazepam_Tab 500mcg,0408010F0AAABAB,11,4.474799999999991
94,K82030,Pyridox HCl_Tab 50mg,0906024N0AAAIAI,1,0.9576000000000002
95,K82030,Sildenafil_Tab 100mg,0704050Z0AAACAC,4,0.020000000000000018
96,K82030,Sumatriptan_Tab 50mg,0407041T0AAAFAF,14,0.0
97,K82031,Amiodarone HCl_Tab 200mg,0203020D0AAABAB,2,1.050000000000001
98,K82031,Clonazepam_Tab 500mcg,0408010F0AAABAB,5,3.9549999999999916
99,K82031,Mesalazine_Tab E/C 400mg,0105010B0AAAAAA,3,-17.135999999999996
100,K82031,Sumatriptan_Tab 50mg,0407041T0AAAFAF,10,0.0
101,K82033,Amiodarone HCl_Tab 200mg,0203020D0AAABAB,7,2.450000000000002
102,K82033,Atorvastatin_Tab 10mg,0212000B0AAAAAA,6,0.0078000000000000985
103,K82033,Clonazepam_Tab 500mcg,0408010F0AAABAB,24,11.073999999999977
104,K82033,Mesalazine_Tab E/C 400mg,0105010B0AAAAAA,3,39.928
105,K82033,Pyridox HCl_Tab 50mg,0906024N0AAAIAI,12,14.158800000000003
106,K82033,Sumatriptan_Tab 50mg,0407041T0AAAFAF,30,0.0
107,K82035,Amiodarone HCl_Tab 200mg,0203020D0AAABAB,1,0.7000000000000006
108,K82035,Clonazepam_Tab 500mcg,0408010F0AAABAB,1,0.6327999999999987
109,K82035,Pyridox HCl_Tab 50mg,0906024N0AAAIAI,2,2.8728000000000007
110,K82035,Sildenafil_Tab 100mg,0704050Z0AAACAC,3,0.015000000000000013
111,K82035,Sumatriptan_Tab 50mg,0407041T0AAAFAF,7,0.0
112,K82036,Amiodarone HCl_Tab 200mg,0203020D0AAABAB,2,1.4000000000000012
113,K82036,Clonazepam_Tab 500mcg,0408010F0AAABAB,6,3.796799999999992
114,K82036,Sildenafil_Tab 100mg,0704050Z0AAACAC,1,0.0050000000000000044
115,K82036,Sumatriptan_Tab 50mg,0407041T0AAAFAF,17,0.0
116,K82037,Amiodarone HCl_Tab 200mg,0203020D0AAABAB,2,1.050000000000001
117,K82037,Atorvastatin_Tab 10mg,0212000B0AAAAAA,94,124.87580000000001
118,K82037,Clonazepam_Tab 500mcg,0408010F0AAABAB,17,21.473899999999972
119,K82037,Mesalazine_Tab E/C 400mg,0105010B0AAAAAA,1,-25.667999999999996
120,K82037,Pyridox HCl_Tab 50mg,0906024N0AAAIAI,1,1.9152000000000005
121,K82037,Sildenafil_Tab 100mg,0704050Z0AAACAC,4,0.020000000000000018
122,K82037,Sumatriptan_Tab 50mg,0407041T0AAAFAF,14,0.0
123,K82038,Amiodarone HCl_Tab 200mg,0203020D0AAABAB,6,2.100000000000002
124,K82038,Clonazepam_Tab 500mcg,0408010F0AAABAB,14,9.87619999999998
125,K82038,Mesalazine_Tab E/C 400mg,0105010B0AAAAAA,2,-10.267199999999999
126,K82038,Pyridox HCl_Tab 50mg,0906024N0AAAIAI,2,1.4364000000000003
127,K82038,Sildenafil_Tab 100mg,0704050Z0AAACAC,12,0.06000000000000005
128,K82038,Sumatriptan_Tab 50mg,0407041T0AAAFAF,24,0.0
129,K82040,Amiodarone HCl_Tab 200mg,0203020D0AAABAB,8,2.8000000000000025
130,K82040,Clonazepam_Tab 500mcg,0408010F0AAABAB,17,11.095199999999977
131,K82040,Mesalazine_Tab E/C 400mg,0105010B0AAAAAA,2,47.913599999999995
132,K82040,Pyridox HCl_Tab 50mg,0906024N0AAAIAI,1,0.4788000000000001
133,K82040,Sildenafil_Tab 100mg,0704050Z0AAACAC,17,0.08500000000000008
134,K82040,Sumatriptan_Tab 50mg,0407041T0AAAFAF,31,0.0
135,K82042,Atorvastatin_Tab 10mg,0212000B0AAAAAA,14,0.031500000000000174
136,K82042,Clonazepam_Tab 500mcg,0408010F0AAABAB,3,2.1243999999999956
137,K82042,Sildenafil_Tab 100mg,0704050Z0AAACAC,5,0.025000000000000022
138,K82042,Sumatriptan_Tab 50mg,0407041T0AAAFAF,8,0.0
139,K82043,Amiodarone HCl_Tab 200mg,0203020D0AAABAB,3,1.050000000000001
140,K82043,Atorvastatin_Tab 10mg,0212000B0AAAAAA,16,0.05040000000000018
141,K82043,Clonazepam_Tab 500mcg,0408010F0AAABAB,5,3.5737999999999928
142,K82043,Mesalazine_Tab E/C 400mg,0105010B0AAAAAA,1,23.956799999999998
143,K82043,Sildenafil_Tab 100mg,0704050Z0AAACAC,4,0.020000000000000018
144,K82043,Sumatriptan_Tab 50mg,0407041T0AAAFAF,21,0.0
145,K82044,Amiodarone HCl_Tab 200mg,0203020D0AAABAB,5,1.7500000000000016
146,K82044,Clonazepam_Tab 500mcg,0408010F0AAABAB,9,5.811199999999988
147,K82044,Mesalazine_Tab E/C 400mg,0105010B0AAAAAA,2,95.82719999999999
148,K82044,Sumatriptan_Tab 50mg,0407041T0AAAFAF,11,0.0
149,K82045,Clonazepam_Tab 500mcg,0408010F0AAABAB,2,1.1073999999999977
150,K82045,Sumatriptan_Tab 50mg,0407041T0AAAFAF,12,0.0
151,K82046,Amiodarone HCl_Tab 200mg,0203020D0AAABAB,6,2.8000000000000025
152,K82046,Clonazepam_Tab 500mcg,0408010F0AAABAB,11,7.435399999999985
153,K82046,Mesalazine_Tab E/C 400mg,0105010B0AAAAAA,1,-15.971199999999998
154,K82046,Pyridox HCl_Tab 50mg,0906024N0AAAIAI,2,11.491200000000003
155,K82046,Sumatriptan_Tab 50mg,0407041T0AAAFAF,16,0.0
156,K82047,Amiodarone HCl_Tab 200mg,0203020D0AAABAB,6,2.450000000000002
157,K82047,Clonazepam_Tab 500mcg,0408010F0AAABAB,26,17.492399999999964
158,K82047,Sildenafil_Tab 100mg,0704050Z0AAACAC,3,0.015000000000000013
159,K82047,Sumatriptan_Tab 50mg,0407041T0AAAFAF,34,0.0
160,K82048,Amiodarone HCl_Tab 200mg,0203020D0AAABAB,4,1.4000000000000012
161,K82048,Clonazepam_Tab 500mcg,0408010F0AAABAB,6,2.5763999999999947
162,K82048,Pyridox HCl_Tab 50mg,0906024N0AAAIAI,1,0.9576000000000002
163,K82048,Sildenafil_Tab 100mg,0704050Z0AAACAC,7,0.03500000000000003
164,K82048,Sumatriptan_Tab 50mg,0407041T0AAAFAF,21,0.0
165,K82049,Amiodarone HCl_Tab 200mg,0203020D0AAABAB,5,1.7500000000000016
166,K82049,Atorvastatin_Tab 10mg,0212000B0AAAAAA,49,0.09340000000000055
167,K82049,Clonazepam_Tab 500mcg,0408010F0AAABAB,7,4.79459999999999
168,K82049,Sildenafil_Tab 100mg,0704050Z0AAACAC,9,57.57620000000001
169,K82049,Sumatriptan_Tab 50mg,0407041T0AAAFAF,27,55.003199999999985
170,K82051,Amiodarone HCl_Tab 200mg,0203020D0AAABAB,1,0.3500000000000003
171,K82051,Atorvastatin_Tab 10mg,0212000B0AAAAAA,1,0.004200000000000023
172,K82051,Clonazepam_Tab 500mcg,0408010F0AAABAB,7,2.734599999999994
173,K82051,Mesalazine_Tab E/C 400mg,0105010B0AAAAAA,1,47.913599999999995
174,K82051,Pyridox HCl_Tab 50mg,0906024N0AAAIAI,1,0.9576000000000002
175,K82051,Sildenafil_Tab 100mg,0704050Z0AAACAC,2,0.010000000000000009
176,K82051,Sumatriptan_Tab 50mg,0407041T0AAAFAF,15,0.0
177,K82053,Amiodarone HCl_Tab 200mg,0203020D0AAABAB,3,1.4000000000000012
178,K82053,Atorvastatin_Tab 10mg,0212000B0AAAAAA,1,-0.0007999999999999952
179,K82053,Clonazepam_Tab 500mcg,0408010F0AAABAB,26,15.164599999999966
180,K82053,Mesalazine_Tab E/C 400mg,0105010B0AAAAAA,1,25.667999999999996
181,K82053,Olanzapine_Tab 10mg,040201060AAACAC,3,0.010599999999998666
182,K82053,Pyridox HCl_Tab 50mg,0906024N0AAAIAI,2,1.9152000000000005
183,K82053,Sildenafil_Tab 100mg,0704050Z0AAACAC,7,0.03500000000000003
184,K82053,Sumatriptan_Tab 50mg,0407041T0AAAFAF,14,0.0
185,K82055,Amiodarone HCl_Tab 200mg,0203020D0AAABAB,4,2.100000000000002
186,K82055,Atorvastatin_Tab 10mg,0212000B0AAAAAA,36,0.07560000000000042
187,K82055,Clonazepam_Tab 500mcg,0408010F0AAABAB,9,7.435399999999984
188,K82055,Pyridox HCl_Tab 50mg,0906024N0AAAIAI,1,0.9576000000000002
189,K82055,Sumatriptan_Tab 50mg,0407041T0AAAFAF,15,0.0
190,K82058,Amiodarone HCl_Tab 200mg,0203020D0AAABAB,2,1.4000000000000012
191,K82058,Clonazepam_Tab 500mcg,0408010F0AAABAB,8,4.316599999999991
192,K82058,Mesalazine_Tab E/C 400mg,0105010B0AAAAAA,1,-34.224
193,K82058,Sildenafil_Tab 100mg,0704050Z0AAACAC,2,0.010000000000000009
194,K82058,Sumatriptan_Tab 50mg,0407041T0AAAFAF,11,0.0
195,K82061,Amiodarone HCl_Tab 200mg,0203020D0AAABAB,1,0.3500000000000003
196,K82061,Atorvastatin_Tab 10mg,0212000B0AAAAAA,4,0.008400000000000046
197,K82061,Pyridox HCl_Tab 50mg,0906024N0AAAIAI,1,0.9576000000000002
198,K82061,Sumatriptan_Tab 50mg,0407041T0AAAFAF,31,0.0
199,K82066,Amiodarone HCl_Tab 200mg,0203020D0AAABAB,4,2.8000000000000025
200,K82066,Atorvastatin_Tab 10mg,0212000B0AAAAAA,1,0.0021000000000000116
201,K82066,Clonazepam_Tab 500mcg,0408010F0AAABAB,12,7.796999999999984
202,K82066,Mesalazine_Tab E/C 400mg,0105010B0AAAAAA,1,-34.224
203,K82066,Pyridox HCl_Tab 50mg,0906024N0AAAIAI,1,0.9576000000000002
204,K82066,Sildenafil_Tab 100mg,0704050Z0AAACAC,2,0.010000000000000009
205,K82066,Sumatriptan_Tab 50mg,0407041T0AAAFAF,21,0.0
206,K82068,Amiodarone HCl_Tab 200mg,0203020D0AAABAB,4,1.7500000000000016
207,K82068,Clonazepam_Tab 500mcg,0408010F0AAABAB,2,0.6327999999999987
208,K82068,Pyridox HCl_Tab 50mg,0906024N0AAAIAI,3,3.351600000000001
209,K82068,Sumatriptan_Tab 50mg,0407041T0AAAFAF,9,0.0
210,K82070,Amiodarone HCl_Tab 200mg,0203020D0AAABAB,4,0.3388
211,K82070,Atorvastatin_Tab 10mg,0212000B0AAAAAA,8,0.016800000000000093
212,K82070,Sumatriptan_Tab 50mg,0407041T0AAAFAF,6,0.0
213,K82073,Amiodarone HCl_Tab 200mg,0203020D0AAABAB,7,2.8000000000000025
214,K82073,Atorvastatin_Tab 10mg,0212000B0AAAAAA,8,0.016800000000000093
215,K82073,Clonazepam_Tab 500mcg,0408010F0AAABAB,24,13.257399999999972
216,K82073,Mesalazine_Tab E/C 400mg,0105010B0AAAAAA,2,6.844799999999999
217,K82073,Pyridox HCl_Tab 50mg,0906024N0AAAIAI,2,1.4364000000000003
218,K82073,Sildenafil_Tab 100mg,0704050Z0AAACAC,32,0.16000000000000014
219,K82073,Sumatriptan_Tab 50mg,0407041T0AAAFAF,57,0.008399999999999075
220,K82078,Amiodarone HCl_Tab 200mg,0203020D0AAABAB,3,1.050000000000001
221,K82078,Clonazepam_Tab 500mcg,0408010F0AAABAB,7,4.67819999999999
222,K82078,Mesalazine_Tab E/C 400mg,0105010B0AAAAAA,1,-51.33599999999999
223,K82078,Sumatriptan_Tab 50mg,0407041T0AAAFAF,10,-0.0027999999999996916
224,K82079,Amiodarone HCl_Tab 200mg,0203020D0AAABAB,5,1.7500000000000016
225,K82079,Atorvastatin_Tab 10mg,0212000B0AAAAAA,9,0.021000000000000116
226,K82079,Clonazepam_Tab 500mcg,0408010F0AAABAB,7,3.186599999999993
227,K82079,Pyridox HCl_Tab 50mg,0906024N0AAAIAI,2,0.9576000000000002
228,K82079,Sildenafil_Tab 100mg,0704050Z0AAACAC,5,0.025000000000000022
229,K82079,Sumatriptan_Tab 50mg,0407041T0AAAFAF,26,0.0033999999999998476
230,K82603,Amiodarone HCl_Tab 200mg,0203020D0AAABAB,6,2.100000000000002
231,K82603,Atorvastatin_Tab 10mg,0212000B0AAAAAA,1,-0.002999999999999982
232,K82603,Clonazepam_Tab 500mcg,0408010F0AAABAB,6,2.231099999999995
233,K82603,Risperidone_Tab 6mg,040201030AAAFAF,1,29.2096
234,K82603,Sildenafil_Tab 100mg,0704050Z0AAACAC,12,0.05980000000000002
235,K82603,Sumatriptan_Tab 50mg,0407041T0AAAFAF,5,0.0
236,K82618,Amiodarone HCl_Tab 200mg,0203020D0AAABAB,1,0.7000000000000006
237,K82618,Atorvastatin_Tab 10mg,0212000B0AAAAAA,11,23.254000000000005
238,K82618,Sumatriptan_Tab 50mg,0407041T0AAAFAF,4,0.0
239,K82621,Sildenafil_Tab 100mg,0704050Z0AAACAC,1,0.004799999999999971
240,K82621,Sumatriptan_Tab 50mg,0407041T0AAAFAF,9,0.0
241,Y01964,Clonazepam_Tab 500mcg,0408010F0AAABAB,4,1.6045999999999967
242,Y01964,Sildenafil_Tab 100mg,0704050Z0AAACAC,1,0.0050000000000000044
243,Y01964,Sumatriptan_Tab 50mg,0407041T0AAAFAF,22,0.0
244,Y03620,Sumatriptan_Tab 50mg,0407041T0AAAFAF,4,-0.0032000000000000917
