,practice_code,bnf_description,bnf_code,items,excess_cost
514,G82024,Olanzapine_Tab 10mg,040201060AAACAC,2,72.352
516,G82041,Venlafaxine_Cap 150mg M/R,0403040W0AAAEAE,6,65.8224
451,G82076,Phenytoin_Sod Tab 100mg,0408010Q0AAAGAG,2,59.707199999999986
452,G82031,Phenytoin_Sod Tab 100mg,0408010Q0AAAGAG,1,36.00000000000001
667,G82093,Ropinirole HCl_Tab 500mcg,0409010H0AAAHAH,2,33.756800000000005
668,G82215,Lamotrigine_Tab 100mg,0408010H0AAAAAA,1,31.987199999999998
540,G82025,Co-Codamol_Tab 8mg/500mg,0407010F0AAAAAA,1,27.880000000000006
539,G82025,Co-Codamol_Tab 8mg/500mg,0407010F0AAAAAA,1,27.880000000000006
649,G82155,Tetrabenazine_Tab 25mg,0409030C0AAAAAA,2,9.995999999999988
0,G82085,Clonazepam_Tab 500mcg,0408010F0AAABAB,10,6.327999999999987
651,G82085,Tetrabenazine_Tab 25mg,0409030C0AAAAAA,1,5.997599999999992
650,G82118,Tetrabenazine_Tab 25mg,0409030C0AAAAAA,2,5.997599999999992
456,G82141,Pyridox HCl_Tab 50mg,0906024N0AAAIAI,2,5.745600000000001
1,G82019,Clonazepam_Tab 500mcg,0408010F0AAABAB,9,5.695199999999988
3,G82118,Clonazepam_Tab 500mcg,0408010F0AAABAB,5,5.649999999999988
2,G82013,Clonazepam_Tab 500mcg,0408010F0AAABAB,5,5.649999999999988
350,G82076,Amiodarone HCl_Tab 200mg,0203020D0AAABAB,16,5.600000000000005
351,G82099,Amiodarone HCl_Tab 200mg,0203020D0AAABAB,15,5.250000000000004
352,G82083,Amiodarone HCl_Tab 200mg,0203020D0AAABAB,15,5.250000000000004
353,G82059,Amiodarone HCl_Tab 200mg,0203020D0AAABAB,15,5.250000000000004
6,G82013,Clonazepam_Tab 500mcg,0408010F0AAABAB,8,5.06239999999999
5,G82016,Clonazepam_Tab 500mcg,0408010F0AAABAB,8,5.06239999999999
4,G82164,Clonazepam_Tab 500mcg,0408010F0AAABAB,4,5.06239999999999
354,G82093,Amiodarone HCl_Tab 200mg,0203020D0AAABAB,14,4.900000000000004
7,G82025,Clonazepam_Tab 500mcg,0408010F0AAABAB,15,4.74599999999999
9,G82041,Clonazepam_Tab 500mcg,0408010F0AAABAB,4,4.519999999999991
8,G82235,Clonazepam_Tab 500mcg,0408010F0AAABAB,4,4.519999999999991
11,G82099,Clonazepam_Tab 500mcg,0408010F0AAABAB,7,4.429599999999991
10,G82093,Clonazepam_Tab 500mcg,0408010F0AAABAB,7,4.429599999999991
12,G82042,Clonazepam_Tab 500mcg,0408010F0AAABAB,7,4.429599999999991
13,G82118,Clonazepam_Tab 500mcg,0408010F0AAABAB,7,4.429599999999991
457,G82024,Pyridox HCl_Tab 50mg,0906024N0AAAIAI,3,4.309200000000001
14,G82135,Clonazepam_Tab 500mcg,0408010F0AAABAB,9,4.271399999999991
15,G82013,Clonazepam_Tab 500mcg,0408010F0AAABAB,13,4.113199999999992
19,G82017,Clonazepam_Tab 500mcg,0408010F0AAABAB,6,3.796799999999992
16,G82155,Clonazepam_Tab 500mcg,0408010F0AAABAB,1,3.796799999999992
17,G82085,Clonazepam_Tab 500mcg,0408010F0AAABAB,3,3.796799999999992
22,G82076,Clonazepam_Tab 500mcg,0408010F0AAABAB,3,3.796799999999992
21,G82042,Clonazepam_Tab 500mcg,0408010F0AAABAB,12,3.796799999999992
18,G82085,Clonazepam_Tab 500mcg,0408010F0AAABAB,4,3.796799999999992
20,G82059,Clonazepam_Tab 500mcg,0408010F0AAABAB,6,3.796799999999992
356,G82016,Amiodarone HCl_Tab 200mg,0203020D0AAABAB,5,3.500000000000003
355,G82042,Amiodarone HCl_Tab 200mg,0203020D0AAABAB,10,3.500000000000003
358,G82024,Amiodarone HCl_Tab 200mg,0203020D0AAABAB,10,3.500000000000003
357,G82031,Amiodarone HCl_Tab 200mg,0203020D0AAABAB,10,3.500000000000003
652,G82085,Tetrabenazine_Tab 25mg,0409030C0AAAAAA,1,3.4175999999999966
23,G82681,Clonazepam_Tab 500mcg,0408010F0AAABAB,3,3.389999999999993
24,G82019,Clonazepam_Tab 500mcg,0408010F0AAABAB,3,3.389999999999993
25,G82031,Clonazepam_Tab 500mcg,0408010F0AAABAB,2,3.389999999999993
26,G82141,Clonazepam_Tab 500mcg,0408010F0AAABAB,10,3.389999999999993
27,G82025,Clonazepam_Tab 500mcg,0408010F0AAABAB,3,3.389999999999993
458,G82074,Pyridox HCl_Tab 50mg,0906024N0AAAIAI,1,3.351600000000001
30,G82041,Clonazepam_Tab 500mcg,0408010F0AAABAB,5,3.1639999999999935
28,G82205,Clonazepam_Tab 500mcg,0408010F0AAABAB,5,3.1639999999999935
32,G82164,Clonazepam_Tab 500mcg,0408010F0AAABAB,5,3.1639999999999935
31,G82120,Clonazepam_Tab 500mcg,0408010F0AAABAB,5,3.1639999999999935
29,G82074,Clonazepam_Tab 500mcg,0408010F0AAABAB,5,3.1639999999999935
359,G82120,Amiodarone HCl_Tab 200mg,0203020D0AAABAB,9,3.150000000000003
459,G82013,Pyridox HCl_Tab 50mg,0906024N0AAAIAI,1,3.0780000000000007
653,G82137,Tetrabenazine_Tab 25mg,0409030C0AAAAAA,1,2.998799999999996
654,G82085,Tetrabenazine_Tab 25mg,0409030C0AAAAAA,1,2.998799999999996
655,G82164,Tetrabenazine_Tab 25mg,0409030C0AAAAAA,4,2.998799999999996
461,G82041,Pyridox HCl_Tab 50mg,0906024N0AAAIAI,2,2.8728000000000007
460,G82074,Pyridox HCl_Tab 50mg,0906024N0AAAIAI,2,2.8728000000000007
35,G82152,Clonazepam_Tab 500mcg,0408010F0AAABAB,9,2.847599999999994
34,G82059,Clonazepam_Tab 500mcg,0408010F0AAABAB,9,2.847599999999994
33,G82085,Clonazepam_Tab 500mcg,0408010F0AAABAB,9,2.847599999999994
360,G82058,Amiodarone HCl_Tab 200mg,0203020D0AAABAB,8,2.8000000000000025
361,G82019,Amiodarone HCl_Tab 200mg,0203020D0AAABAB,8,2.8000000000000025
362,G82112,Amiodarone HCl_Tab 200mg,0203020D0AAABAB,8,2.8000000000000025
365,G82017,Amiodarone HCl_Tab 200mg,0203020D0AAABAB,8,2.8000000000000025
364,G82604,Amiodarone HCl_Tab 200mg,0203020D0AAABAB,4,2.8000000000000025
363,G82681,Amiodarone HCl_Tab 200mg,0203020D0AAABAB,8,2.8000000000000025
36,G82041,Clonazepam_Tab 500mcg,0408010F0AAABAB,1,2.7119999999999944
37,G82013,Clonazepam_Tab 500mcg,0408010F0AAABAB,1,2.7119999999999944
41,G82152,Clonazepam_Tab 500mcg,0408010F0AAABAB,2,2.531199999999995
48,G82037,Clonazepam_Tab 500mcg,0408010F0AAABAB,1,2.531199999999995
42,G82681,Clonazepam_Tab 500mcg,0408010F0AAABAB,8,2.531199999999995
43,G82022,Clonazepam_Tab 500mcg,0408010F0AAABAB,8,2.531199999999995
44,G82059,Clonazepam_Tab 500mcg,0408010F0AAABAB,2,2.531199999999995
45,G82025,Clonazepam_Tab 500mcg,0408010F0AAABAB,2,2.531199999999995
46,G82135,Clonazepam_Tab 500mcg,0408010F0AAABAB,2,2.531199999999995
47,G82137,Clonazepam_Tab 500mcg,0408010F0AAABAB,4,2.531199999999995
40,G82092,Clonazepam_Tab 500mcg,0408010F0AAABAB,2,2.531199999999995
39,G82135,Clonazepam_Tab 500mcg,0408010F0AAABAB,4,2.531199999999995
38,G82093,Clonazepam_Tab 500mcg,0408010F0AAABAB,2,2.531199999999995
367,G82164,Amiodarone HCl_Tab 200mg,0203020D0AAABAB,7,2.450000000000002
368,G82085,Amiodarone HCl_Tab 200mg,0203020D0AAABAB,7,2.450000000000002
366,G82200,Amiodarone HCl_Tab 200mg,0203020D0AAABAB,7,2.450000000000002
49,G82200,Clonazepam_Tab 500mcg,0408010F0AAABAB,3,2.372999999999995
50,G82022,Clonazepam_Tab 500mcg,0408010F0AAABAB,15,2.372999999999995
53,G82058,Clonazepam_Tab 500mcg,0408010F0AAABAB,1,2.2599999999999953
52,G82229,Clonazepam_Tab 500mcg,0408010F0AAABAB,1,2.2599999999999953
54,G82059,Clonazepam_Tab 500mcg,0408010F0AAABAB,1,2.2599999999999953
57,G82042,Clonazepam_Tab 500mcg,0408010F0AAABAB,2,2.2599999999999953
55,G82110,Clonazepam_Tab 500mcg,0408010F0AAABAB,2,2.2599999999999953
56,G82076,Clonazepam_Tab 500mcg,0408010F0AAABAB,2,2.2599999999999953
58,G82019,Clonazepam_Tab 500mcg,0408010F0AAABAB,1,2.2599999999999953
59,G82065,Clonazepam_Tab 500mcg,0408010F0AAABAB,1,2.2599999999999953
60,G82024,Clonazepam_Tab 500mcg,0408010F0AAABAB,1,2.2599999999999953
61,G82016,Clonazepam_Tab 500mcg,0408010F0AAABAB,2,2.2599999999999953
51,G82141,Clonazepam_Tab 500mcg,0408010F0AAABAB,2,2.2599999999999953
62,G82093,Clonazepam_Tab 500mcg,0408010F0AAABAB,7,2.2147999999999954
63,G82099,Clonazepam_Tab 500mcg,0408010F0AAABAB,7,2.2147999999999954
64,G82037,Clonazepam_Tab 500mcg,0408010F0AAABAB,7,2.2147999999999954
65,G82031,Clonazepam_Tab 500mcg,0408010F0AAABAB,7,2.2147999999999954
369,G82089,Amiodarone HCl_Tab 200mg,0203020D0AAABAB,3,2.100000000000002
373,G82118,Amiodarone HCl_Tab 200mg,0203020D0AAABAB,6,2.100000000000002
372,G82037,Amiodarone HCl_Tab 200mg,0203020D0AAABAB,6,2.100000000000002
371,G82016,Amiodarone HCl_Tab 200mg,0203020D0AAABAB,6,2.100000000000002
370,G82118,Amiodarone HCl_Tab 200mg,0203020D0AAABAB,3,2.100000000000002
66,G82164,Clonazepam_Tab 500mcg,0408010F0AAABAB,13,2.056599999999996
67,G82605,Clonazepam_Tab 500mcg,0408010F0AAABAB,1,2.033999999999996
68,G82098,Clonazepam_Tab 500mcg,0408010F0AAABAB,1,2.033999999999996
69,G82022,Clonazepam_Tab 500mcg,0408010F0AAABAB,3,2.033999999999996
70,G82037,Clonazepam_Tab 500mcg,0408010F0AAABAB,3,2.033999999999996
659,G82059,Tetrabenazine_Tab 25mg,0409030C0AAAAAA,1,1.9991999999999974
658,G82229,Tetrabenazine_Tab 25mg,0409030C0AAAAAA,1,1.9991999999999974
656,G82098,Tetrabenazine_Tab 25mg,0409030C0AAAAAA,1,1.9991999999999974
657,G82016,Tetrabenazine_Tab 25mg,0409030C0AAAAAA,1,1.9991999999999974
463,G82093,Pyridox HCl_Tab 50mg,0906024N0AAAIAI,1,1.9152000000000005
464,G82135,Pyridox HCl_Tab 50mg,0906024N0AAAIAI,1,1.9152000000000005
465,G82016,Pyridox HCl_Tab 50mg,0906024N0AAAIAI,1,1.9152000000000005
466,G82098,Pyridox HCl_Tab 50mg,0906024N0AAAIAI,1,1.9152000000000005
467,G82099,Pyridox HCl_Tab 50mg,0906024N0AAAIAI,1,1.9152000000000005
468,G82085,Pyridox HCl_Tab 50mg,0906024N0AAAIAI,1,1.9152000000000005
469,G82125,Pyridox HCl_Tab 50mg,0906024N0AAAIAI,1,1.9152000000000005
470,G82042,Pyridox HCl_Tab 50mg,0906024N0AAAIAI,2,1.9152000000000005
471,G82137,Pyridox HCl_Tab 50mg,0906024N0AAAIAI,2,1.9152000000000005
462,G82604,Pyridox HCl_Tab 50mg,0906024N0AAAIAI,2,1.9152000000000005
85,G82089,Clonazepam_Tab 500mcg,0408010F0AAABAB,1,1.898399999999996
84,G82164,Clonazepam_Tab 500mcg,0408010F0AAABAB,1,1.898399999999996
86,G82016,Clonazepam_Tab 500mcg,0408010F0AAABAB,6,1.898399999999996
71,G82234,Clonazepam_Tab 500mcg,0408010F0AAABAB,6,1.898399999999996
72,G82152,Clonazepam_Tab 500mcg,0408010F0AAABAB,2,1.898399999999996
73,G82768,Clonazepam_Tab 500mcg,0408010F0AAABAB,1,1.898399999999996
74,G82022,Clonazepam_Tab 500mcg,0408010F0AAABAB,3,1.898399999999996
75,G82641,Clonazepam_Tab 500mcg,0408010F0AAABAB,3,1.898399999999996
76,G82888,Clonazepam_Tab 500mcg,0408010F0AAABAB,2,1.898399999999996
77,G82092,Clonazepam_Tab 500mcg,0408010F0AAABAB,2,1.898399999999996
78,G82059,Clonazepam_Tab 500mcg,0408010F0AAABAB,8,1.898399999999996
79,G82022,Clonazepam_Tab 500mcg,0408010F0AAABAB,2,1.898399999999996
81,G82074,Clonazepam_Tab 500mcg,0408010F0AAABAB,2,1.898399999999996
82,G82058,Clonazepam_Tab 500mcg,0408010F0AAABAB,3,1.898399999999996
83,G82083,Clonazepam_Tab 500mcg,0408010F0AAABAB,3,1.898399999999996
80,G82024,Clonazepam_Tab 500mcg,0408010F0AAABAB,1,1.898399999999996
87,G82152,Clonazepam_Tab 500mcg,0408010F0AAABAB,3,1.898399999999996
88,G82093,Clonazepam_Tab 500mcg,0408010F0AAABAB,2,1.898399999999996
89,G82135,Clonazepam_Tab 500mcg,0408010F0AAABAB,2,1.898399999999996
90,G82042,Clonazepam_Tab 500mcg,0408010F0AAABAB,1,1.898399999999996
375,G82041,Amiodarone HCl_Tab 200mg,0203020D0AAABAB,5,1.7500000000000016
380,G82074,Amiodarone HCl_Tab 200mg,0203020D0AAABAB,5,1.7500000000000016
379,G82158,Amiodarone HCl_Tab 200mg,0203020D0AAABAB,5,1.7500000000000016
378,G82013,Amiodarone HCl_Tab 200mg,0203020D0AAABAB,5,1.7500000000000016
377,G82022,Amiodarone HCl_Tab 200mg,0203020D0AAABAB,5,1.7500000000000016
376,G82152,Amiodarone HCl_Tab 200mg,0203020D0AAABAB,5,1.7500000000000016
374,G82229,Amiodarone HCl_Tab 200mg,0203020D0AAABAB,5,1.7500000000000016
91,G82074,Clonazepam_Tab 500mcg,0408010F0AAABAB,11,1.7401999999999964
473,G82681,Pyridox HCl_Tab 50mg,0906024N0AAAIAI,1,1.7100000000000004
474,G82120,Pyridox HCl_Tab 50mg,0906024N0AAAIAI,1,1.7100000000000004
475,G82732,Pyridox HCl_Tab 50mg,0906024N0AAAIAI,1,1.7100000000000004
472,G82083,Pyridox HCl_Tab 50mg,0906024N0AAAIAI,1,1.7100000000000004
93,G82083,Clonazepam_Tab 500mcg,0408010F0AAABAB,1,1.6949999999999965
92,G82089,Clonazepam_Tab 500mcg,0408010F0AAABAB,1,1.6949999999999965
660,G82013,Tetrabenazine_Tab 25mg,0409030C0AAAAAA,1,1.6109999999999975
100,G82229,Clonazepam_Tab 500mcg,0408010F0AAABAB,5,1.5819999999999967
98,G82031,Clonazepam_Tab 500mcg,0408010F0AAABAB,4,1.5819999999999967
97,G82085,Clonazepam_Tab 500mcg,0408010F0AAABAB,1,1.5819999999999967
96,G82604,Clonazepam_Tab 500mcg,0408010F0AAABAB,1,1.5819999999999967
95,G82025,Clonazepam_Tab 500mcg,0408010F0AAABAB,1,1.5819999999999967
94,G82137,Clonazepam_Tab 500mcg,0408010F0AAABAB,1,1.5819999999999967
101,G82155,Clonazepam_Tab 500mcg,0408010F0AAABAB,5,1.5819999999999967
99,G82074,Clonazepam_Tab 500mcg,0408010F0AAABAB,5,1.5819999999999967
476,G82137,Pyridox HCl_Tab 50mg,0906024N0AAAIAI,1,1.5390000000000004
102,G82120,Clonazepam_Tab 500mcg,0408010F0AAABAB,1,1.525499999999997
481,G82017,Pyridox HCl_Tab 50mg,0906024N0AAAIAI,1,1.4364000000000003
484,G82016,Pyridox HCl_Tab 50mg,0906024N0AAAIAI,1,1.4364000000000003
477,G82019,Pyridox HCl_Tab 50mg,0906024N0AAAIAI,1,1.4364000000000003
483,G82022,Pyridox HCl_Tab 50mg,0906024N0AAAIAI,1,1.4364000000000003
478,G82055,Pyridox HCl_Tab 50mg,0906024N0AAAIAI,1,1.4364000000000003
482,G82074,Pyridox HCl_Tab 50mg,0906024N0AAAIAI,3,1.4364000000000003
479,G82158,Pyridox HCl_Tab 50mg,0906024N0AAAIAI,1,1.4364000000000003
480,G82888,Pyridox HCl_Tab 50mg,0906024N0AAAIAI,1,1.4364000000000003
105,G82085,Clonazepam_Tab 500mcg,0408010F0AAABAB,9,1.423799999999997
104,G82085,Clonazepam_Tab 500mcg,0408010F0AAABAB,18,1.423799999999997
103,G82085,Clonazepam_Tab 500mcg,0408010F0AAABAB,3,1.423799999999997
381,G82083,Amiodarone HCl_Tab 200mg,0203020D0AAABAB,1,1.4000000000000012
384,G82135,Amiodarone HCl_Tab 200mg,0203020D0AAABAB,2,1.4000000000000012
383,G82604,Amiodarone HCl_Tab 200mg,0203020D0AAABAB,4,1.4000000000000012
385,G82031,Amiodarone HCl_Tab 200mg,0203020D0AAABAB,2,1.4000000000000012
388,G82065,Amiodarone HCl_Tab 200mg,0203020D0AAABAB,4,1.4000000000000012
386,G82041,Amiodarone HCl_Tab 200mg,0203020D0AAABAB,2,1.4000000000000012
387,G82024,Amiodarone HCl_Tab 200mg,0203020D0AAABAB,2,1.4000000000000012
382,G82754,Amiodarone HCl_Tab 200mg,0203020D0AAABAB,4,1.4000000000000012
113,G82031,Clonazepam_Tab 500mcg,0408010F0AAABAB,2,1.3559999999999972
114,G82085,Clonazepam_Tab 500mcg,0408010F0AAABAB,1,1.3559999999999972
115,G82158,Clonazepam_Tab 500mcg,0408010F0AAABAB,2,1.3559999999999972
116,G82681,Clonazepam_Tab 500mcg,0408010F0AAABAB,2,1.3559999999999972
117,G82025,Clonazepam_Tab 500mcg,0408010F0AAABAB,4,1.3559999999999972
118,G82118,Clonazepam_Tab 500mcg,0408010F0AAABAB,2,1.3559999999999972
106,G82089,Clonazepam_Tab 500mcg,0408010F0AAABAB,2,1.3559999999999972
107,G82125,Clonazepam_Tab 500mcg,0408010F0AAABAB,2,1.3559999999999972
108,G82120,Clonazepam_Tab 500mcg,0408010F0AAABAB,1,1.3559999999999972
109,G82732,Clonazepam_Tab 500mcg,0408010F0AAABAB,2,1.3559999999999972
110,G82019,Clonazepam_Tab 500mcg,0408010F0AAABAB,1,1.3559999999999972
111,G82200,Clonazepam_Tab 500mcg,0408010F0AAABAB,2,1.3559999999999972
112,G82022,Clonazepam_Tab 500mcg,0408010F0AAABAB,4,1.3559999999999972
119,G82141,Clonazepam_Tab 500mcg,0408010F0AAABAB,2,1.3559999999999972
120,G82037,Clonazepam_Tab 500mcg,0408010F0AAABAB,17,1.3446999999999973
127,G82120,Clonazepam_Tab 500mcg,0408010F0AAABAB,4,1.2655999999999974
128,G82099,Clonazepam_Tab 500mcg,0408010F0AAABAB,8,1.2655999999999974
121,G82074,Clonazepam_Tab 500mcg,0408010F0AAABAB,1,1.2655999999999974
123,G82768,Clonazepam_Tab 500mcg,0408010F0AAABAB,2,1.2655999999999974
146,G82019,Clonazepam_Tab 500mcg,0408010F0AAABAB,1,1.2655999999999974
145,G82120,Clonazepam_Tab 500mcg,0408010F0AAABAB,1,1.2655999999999974
144,G82768,Clonazepam_Tab 500mcg,0408010F0AAABAB,1,1.2655999999999974
136,G82019,Clonazepam_Tab 500mcg,0408010F0AAABAB,4,1.2655999999999974
122,G82768,Clonazepam_Tab 500mcg,0408010F0AAABAB,4,1.2655999999999974
137,G82112,Clonazepam_Tab 500mcg,0408010F0AAABAB,2,1.2655999999999974
124,G82055,Clonazepam_Tab 500mcg,0408010F0AAABAB,4,1.2655999999999974
138,G82125,Clonazepam_Tab 500mcg,0408010F0AAABAB,4,1.2655999999999974
125,G82751,Clonazepam_Tab 500mcg,0408010F0AAABAB,2,1.2655999999999974
126,G82234,Clonazepam_Tab 500mcg,0408010F0AAABAB,2,1.2655999999999974
143,G82732,Clonazepam_Tab 500mcg,0408010F0AAABAB,2,1.2655999999999974
142,G82754,Clonazepam_Tab 500mcg,0408010F0AAABAB,2,1.2655999999999974
141,G82137,Clonazepam_Tab 500mcg,0408010F0AAABAB,1,1.2655999999999974
140,G82092,Clonazepam_Tab 500mcg,0408010F0AAABAB,4,1.2655999999999974
135,G82125,Clonazepam_Tab 500mcg,0408010F0AAABAB,1,1.2655999999999974
139,G82733,Clonazepam_Tab 500mcg,0408010F0AAABAB,1,1.2655999999999974
130,G82605,Clonazepam_Tab 500mcg,0408010F0AAABAB,2,1.2655999999999974
131,G82200,Clonazepam_Tab 500mcg,0408010F0AAABAB,2,1.2655999999999974
129,G82024,Clonazepam_Tab 500mcg,0408010F0AAABAB,2,1.2655999999999974
134,G82205,Clonazepam_Tab 500mcg,0408010F0AAABAB,4,1.2655999999999974
133,G82158,Clonazepam_Tab 500mcg,0408010F0AAABAB,8,1.2655999999999974
132,G82605,Clonazepam_Tab 500mcg,0408010F0AAABAB,1,1.2655999999999974
147,G82118,Clonazepam_Tab 500mcg,0408010F0AAABAB,5,1.1864999999999974
148,G82016,Clonazepam_Tab 500mcg,0408010F0AAABAB,5,1.1864999999999974
151,G82691,Clonazepam_Tab 500mcg,0408010F0AAABAB,1,1.1299999999999977
152,G82092,Clonazepam_Tab 500mcg,0408010F0AAABAB,1,1.1299999999999977
153,G82152,Clonazepam_Tab 500mcg,0408010F0AAABAB,1,1.1299999999999977
154,G82120,Clonazepam_Tab 500mcg,0408010F0AAABAB,1,1.1299999999999977
155,G82224,Clonazepam_Tab 500mcg,0408010F0AAABAB,1,1.1299999999999977
156,G82215,Clonazepam_Tab 500mcg,0408010F0AAABAB,1,1.1299999999999977
150,G82604,Clonazepam_Tab 500mcg,0408010F0AAABAB,1,1.1299999999999977
149,G82135,Clonazepam_Tab 500mcg,0408010F0AAABAB,1,1.1299999999999977
395,G82025,Amiodarone HCl_Tab 200mg,0203020D0AAABAB,3,1.050000000000001
396,G82888,Amiodarone HCl_Tab 200mg,0203020D0AAABAB,3,1.050000000000001
394,G82777,Amiodarone HCl_Tab 200mg,0203020D0AAABAB,3,1.050000000000001
393,G82089,Amiodarone HCl_Tab 200mg,0203020D0AAABAB,1,1.050000000000001
392,G82170,Amiodarone HCl_Tab 200mg,0203020D0AAABAB,3,1.050000000000001
391,G82037,Amiodarone HCl_Tab 200mg,0203020D0AAABAB,1,1.050000000000001
390,G82092,Amiodarone HCl_Tab 200mg,0203020D0AAABAB,3,1.050000000000001
389,G82732,Amiodarone HCl_Tab 200mg,0203020D0AAABAB,1,1.050000000000001
160,G82681,Clonazepam_Tab 500mcg,0408010F0AAABAB,3,1.016999999999998
163,G82641,Clonazepam_Tab 500mcg,0408010F0AAABAB,1,1.016999999999998
157,G82025,Clonazepam_Tab 500mcg,0408010F0AAABAB,1,1.016999999999998
158,G82200,Clonazepam_Tab 500mcg,0408010F0AAABAB,1,1.016999999999998
159,G82013,Clonazepam_Tab 500mcg,0408010F0AAABAB,1,1.016999999999998
162,G82059,Clonazepam_Tab 500mcg,0408010F0AAABAB,3,1.016999999999998
164,G82681,Clonazepam_Tab 500mcg,0408010F0AAABAB,1,1.016999999999998
161,G82037,Clonazepam_Tab 500mcg,0408010F0AAABAB,1,1.016999999999998
397,G82042,Amiodarone HCl_Tab 200mg,0203020D0AAABAB,12,1.0164
398,G82025,Amiodarone HCl_Tab 200mg,0203020D0AAABAB,12,1.0164
664,G82164,Tetrabenazine_Tab 25mg,0409030C0AAAAAA,1,0.9995999999999987
663,G82042,Tetrabenazine_Tab 25mg,0409030C0AAAAAA,1,0.9995999999999987
662,G82085,Tetrabenazine_Tab 25mg,0409030C0AAAAAA,1,0.9995999999999987
661,G82016,Tetrabenazine_Tab 25mg,0409030C0AAAAAA,1,0.9995999999999987
486,G82099,Pyridox HCl_Tab 50mg,0906024N0AAAIAI,1,0.9576000000000002
493,G82732,Pyridox HCl_Tab 50mg,0906024N0AAAIAI,2,0.9576000000000002
487,G82164,Pyridox HCl_Tab 50mg,0906024N0AAAIAI,1,0.9576000000000002
485,G82141,Pyridox HCl_Tab 50mg,0906024N0AAAIAI,1,0.9576000000000002
488,G82120,Pyridox HCl_Tab 50mg,0906024N0AAAIAI,1,0.9576000000000002
489,G82024,Pyridox HCl_Tab 50mg,0906024N0AAAIAI,2,0.9576000000000002
490,G82155,Pyridox HCl_Tab 50mg,0906024N0AAAIAI,1,0.9576000000000002
491,G82022,Pyridox HCl_Tab 50mg,0906024N0AAAIAI,2,0.9576000000000002
492,G82083,Pyridox HCl_Tab 50mg,0906024N0AAAIAI,1,0.9576000000000002
495,G82019,Pyridox HCl_Tab 50mg,0906024N0AAAIAI,1,0.9576000000000002
496,G82681,Pyridox HCl_Tab 50mg,0906024N0AAAIAI,2,0.9576000000000002
497,G82234,Pyridox HCl_Tab 50mg,0906024N0AAAIAI,1,0.9576000000000002
494,G82205,Pyridox HCl_Tab 50mg,0906024N0AAAIAI,1,0.9576000000000002
175,G82215,Clonazepam_Tab 500mcg,0408010F0AAABAB,4,0.949199999999998
183,G82751,Clonazepam_Tab 500mcg,0408010F0AAABAB,1,0.949199999999998
177,G82112,Clonazepam_Tab 500mcg,0408010F0AAABAB,6,0.949199999999998
178,G82019,Clonazepam_Tab 500mcg,0408010F0AAABAB,1,0.949199999999998
179,G82013,Clonazepam_Tab 500mcg,0408010F0AAABAB,2,0.949199999999998
181,G82155,Clonazepam_Tab 500mcg,0408010F0AAABAB,1,0.949199999999998
182,G82137,Clonazepam_Tab 500mcg,0408010F0AAABAB,3,0.949199999999998
185,G82041,Clonazepam_Tab 500mcg,0408010F0AAABAB,3,0.949199999999998
184,G82059,Clonazepam_Tab 500mcg,0408010F0AAABAB,1,0.949199999999998
186,G82017,Clonazepam_Tab 500mcg,0408010F0AAABAB,6,0.949199999999998
187,G82076,Clonazepam_Tab 500mcg,0408010F0AAABAB,1,0.949199999999998
188,G82137,Clonazepam_Tab 500mcg,0408010F0AAABAB,6,0.949199999999998
189,G82152,Clonazepam_Tab 500mcg,0408010F0AAABAB,2,0.949199999999998
176,G82016,Clonazepam_Tab 500mcg,0408010F0AAABAB,1,0.949199999999998
180,G82025,Clonazepam_Tab 500mcg,0408010F0AAABAB,1,0.949199999999998
174,G82092,Clonazepam_Tab 500mcg,0408010F0AAABAB,4,0.949199999999998
172,G82055,Clonazepam_Tab 500mcg,0408010F0AAABAB,1,0.949199999999998
171,G82017,Clonazepam_Tab 500mcg,0408010F0AAABAB,1,0.949199999999998
173,G82641,Clonazepam_Tab 500mcg,0408010F0AAABAB,3,0.949199999999998
170,G82024,Clonazepam_Tab 500mcg,0408010F0AAABAB,3,0.949199999999998
169,G82205,Clonazepam_Tab 500mcg,0408010F0AAABAB,4,0.949199999999998
168,G82099,Clonazepam_Tab 500mcg,0408010F0AAABAB,1,0.949199999999998
167,G82155,Clonazepam_Tab 500mcg,0408010F0AAABAB,2,0.949199999999998
166,G82083,Clonazepam_Tab 500mcg,0408010F0AAABAB,4,0.949199999999998
165,G82099,Clonazepam_Tab 500mcg,0408010F0AAABAB,2,0.949199999999998
400,G82059,Amiodarone HCl_Tab 200mg,0203020D0AAABAB,11,0.9317
399,G82037,Amiodarone HCl_Tab 200mg,0203020D0AAABAB,11,0.9317
190,G82888,Clonazepam_Tab 500mcg,0408010F0AAABAB,1,0.8474999999999983
542,G82076,Co-Codamol_Tab 8mg/500mg,0407010F0AAAAAA,27,0.8100000000000045
541,G82076,Co-Codamol_Tab 8mg/500mg,0407010F0AAAAAA,27,0.8100000000000045
197,G82085,Clonazepam_Tab 500mcg,0408010F0AAABAB,1,0.7909999999999984
191,G82754,Clonazepam_Tab 500mcg,0408010F0AAABAB,5,0.7909999999999984
192,G82037,Clonazepam_Tab 500mcg,0408010F0AAABAB,5,0.7909999999999984
193,G82042,Clonazepam_Tab 500mcg,0408010F0AAABAB,5,0.7909999999999984
194,G82224,Clonazepam_Tab 500mcg,0408010F0AAABAB,5,0.7909999999999984
195,G82732,Clonazepam_Tab 500mcg,0408010F0AAABAB,5,0.7909999999999984
196,G82604,Clonazepam_Tab 500mcg,0408010F0AAABAB,5,0.7909999999999984
665,G82031,Tetrabenazine_Tab 25mg,0409030C0AAAAAA,3,0.749699999999999
401,G82733,Amiodarone HCl_Tab 200mg,0203020D0AAABAB,2,0.7440000000000013
417,G82059,Amiodarone HCl_Tab 200mg,0203020D0AAABAB,1,0.7000000000000006
410,G82751,Amiodarone HCl_Tab 200mg,0203020D0AAABAB,2,0.7000000000000006
411,G82098,Amiodarone HCl_Tab 200mg,0203020D0AAABAB,1,0.7000000000000006
412,G82089,Amiodarone HCl_Tab 200mg,0203020D0AAABAB,2,0.7000000000000006
413,G82152,Amiodarone HCl_Tab 200mg,0203020D0AAABAB,1,0.7000000000000006
409,G82605,Amiodarone HCl_Tab 200mg,0203020D0AAABAB,1,0.7000000000000006
416,G82025,Amiodarone HCl_Tab 200mg,0203020D0AAABAB,1,0.7000000000000006
415,G82125,Amiodarone HCl_Tab 200mg,0203020D0AAABAB,2,0.7000000000000006
414,G82037,Amiodarone HCl_Tab 200mg,0203020D0AAABAB,1,0.7000000000000006
408,G82732,Amiodarone HCl_Tab 200mg,0203020D0AAABAB,2,0.7000000000000006
407,G82235,Amiodarone HCl_Tab 200mg,0203020D0AAABAB,2,0.7000000000000006
406,G82215,Amiodarone HCl_Tab 200mg,0203020D0AAABAB,2,0.7000000000000006
405,G82170,Amiodarone HCl_Tab 200mg,0203020D0AAABAB,1,0.7000000000000006
404,G82754,Amiodarone HCl_Tab 200mg,0203020D0AAABAB,1,0.7000000000000006
403,G82141,Amiodarone HCl_Tab 200mg,0203020D0AAABAB,2,0.7000000000000006
402,G82137,Amiodarone HCl_Tab 200mg,0203020D0AAABAB,1,0.7000000000000006
198,G82137,Clonazepam_Tab 500mcg,0408010F0AAABAB,6,0.696
199,G82074,Clonazepam_Tab 500mcg,0408010F0AAABAB,16,0.6783999999999999
202,G82092,Clonazepam_Tab 500mcg,0408010F0AAABAB,1,0.6779999999999986
200,G82013,Clonazepam_Tab 500mcg,0408010F0AAABAB,2,0.6779999999999986
213,G82215,Clonazepam_Tab 500mcg,0408010F0AAABAB,1,0.6779999999999986
224,G82076,Clonazepam_Tab 500mcg,0408010F0AAABAB,1,0.6779999999999986
223,G82777,Clonazepam_Tab 500mcg,0408010F0AAABAB,1,0.6779999999999986
222,G82103,Clonazepam_Tab 500mcg,0408010F0AAABAB,1,0.6779999999999986
221,G82025,Clonazepam_Tab 500mcg,0408010F0AAABAB,1,0.6779999999999986
220,G82120,Clonazepam_Tab 500mcg,0408010F0AAABAB,2,0.6779999999999986
219,G82120,Clonazepam_Tab 500mcg,0408010F0AAABAB,1,0.6779999999999986
218,G82059,Clonazepam_Tab 500mcg,0408010F0AAABAB,1,0.6779999999999986
217,G82019,Clonazepam_Tab 500mcg,0408010F0AAABAB,2,0.6779999999999986
216,G82031,Clonazepam_Tab 500mcg,0408010F0AAABAB,2,0.6779999999999986
215,G82083,Clonazepam_Tab 500mcg,0408010F0AAABAB,2,0.6779999999999986
201,G82793,Clonazepam_Tab 500mcg,0408010F0AAABAB,1,0.6779999999999986
214,G82152,Clonazepam_Tab 500mcg,0408010F0AAABAB,1,0.6779999999999986
212,G82019,Clonazepam_Tab 500mcg,0408010F0AAABAB,1,0.6779999999999986
211,G82099,Clonazepam_Tab 500mcg,0408010F0AAABAB,1,0.6779999999999986
210,G82215,Clonazepam_Tab 500mcg,0408010F0AAABAB,2,0.6779999999999986
209,G82768,Clonazepam_Tab 500mcg,0408010F0AAABAB,2,0.6779999999999986
208,G82605,Clonazepam_Tab 500mcg,0408010F0AAABAB,1,0.6779999999999986
207,G82083,Clonazepam_Tab 500mcg,0408010F0AAABAB,1,0.6779999999999986
206,G82041,Clonazepam_Tab 500mcg,0408010F0AAABAB,2,0.6779999999999986
205,G82055,Clonazepam_Tab 500mcg,0408010F0AAABAB,1,0.6779999999999986
204,G82041,Clonazepam_Tab 500mcg,0408010F0AAABAB,1,0.6779999999999986
203,G82604,Clonazepam_Tab 500mcg,0408010F0AAABAB,1,0.6779999999999986
418,G82112,Amiodarone HCl_Tab 200mg,0203020D0AAABAB,8,0.6776
421,G82200,Amiodarone HCl_Tab 200mg,0203020D0AAABAB,8,0.6776
420,G82155,Amiodarone HCl_Tab 200mg,0203020D0AAABAB,8,0.6776
419,G82229,Amiodarone HCl_Tab 200mg,0203020D0AAABAB,8,0.6776
236,G82224,Clonazepam_Tab 500mcg,0408010F0AAABAB,2,0.6327999999999987
242,G82229,Clonazepam_Tab 500mcg,0408010F0AAABAB,1,0.6327999999999987
239,G82604,Clonazepam_Tab 500mcg,0408010F0AAABAB,2,0.6327999999999987
254,G82135,Clonazepam_Tab 500mcg,0408010F0AAABAB,2,0.6327999999999987
253,G82098,Clonazepam_Tab 500mcg,0408010F0AAABAB,2,0.6327999999999987
252,G82888,Clonazepam_Tab 500mcg,0408010F0AAABAB,2,0.6327999999999987
251,G82017,Clonazepam_Tab 500mcg,0408010F0AAABAB,2,0.6327999999999987
250,G82076,Clonazepam_Tab 500mcg,0408010F0AAABAB,2,0.6327999999999987
249,G82888,Clonazepam_Tab 500mcg,0408010F0AAABAB,1,0.6327999999999987
248,G82083,Clonazepam_Tab 500mcg,0408010F0AAABAB,4,0.6327999999999987
247,G82065,Clonazepam_Tab 500mcg,0408010F0AAABAB,1,0.6327999999999987
246,G82112,Clonazepam_Tab 500mcg,0408010F0AAABAB,2,0.6327999999999987
245,G82155,Clonazepam_Tab 500mcg,0408010F0AAABAB,1,0.6327999999999987
244,G82164,Clonazepam_Tab 500mcg,0408010F0AAABAB,2,0.6327999999999987
243,G82604,Clonazepam_Tab 500mcg,0408010F0AAABAB,1,0.6327999999999987
241,G82013,Clonazepam_Tab 500mcg,0408010F0AAABAB,8,0.6327999999999987
240,G82037,Clonazepam_Tab 500mcg,0408010F0AAABAB,1,0.6327999999999987
231,G82125,Clonazepam_Tab 500mcg,0408010F0AAABAB,1,0.6327999999999987
225,G82215,Clonazepam_Tab 500mcg,0408010F0AAABAB,4,0.6327999999999987
237,G82215,Clonazepam_Tab 500mcg,0408010F0AAABAB,1,0.6327999999999987
235,G82110,Clonazepam_Tab 500mcg,0408010F0AAABAB,1,0.6327999999999987
234,G82200,Clonazepam_Tab 500mcg,0408010F0AAABAB,2,0.6327999999999987
233,G82058,Clonazepam_Tab 500mcg,0408010F0AAABAB,2,0.6327999999999987
232,G82055,Clonazepam_Tab 500mcg,0408010F0AAABAB,4,0.6327999999999987
238,G82055,Clonazepam_Tab 500mcg,0408010F0AAABAB,1,0.6327999999999987
230,G82076,Clonazepam_Tab 500mcg,0408010F0AAABAB,1,0.6327999999999987
229,G82141,Clonazepam_Tab 500mcg,0408010F0AAABAB,1,0.6327999999999987
228,G82098,Clonazepam_Tab 500mcg,0408010F0AAABAB,1,0.6327999999999987
227,G82025,Clonazepam_Tab 500mcg,0408010F0AAABAB,1,0.6327999999999987
226,G82215,Clonazepam_Tab 500mcg,0408010F0AAABAB,2,0.6327999999999987
255,G82754,Clonazepam_Tab 500mcg,0408010F0AAABAB,5,0.6104999999999999
422,G82022,Amiodarone HCl_Tab 200mg,0203020D0AAABAB,7,0.5929
259,G82059,Clonazepam_Tab 500mcg,0408010F0AAABAB,1,0.5699999999999983
257,G82691,Clonazepam_Tab 500mcg,0408010F0AAABAB,1,0.5699999999999983
258,G82037,Clonazepam_Tab 500mcg,0408010F0AAABAB,1,0.5699999999999983
256,G82125,Clonazepam_Tab 500mcg,0408010F0AAABAB,1,0.5699999999999983
261,G82118,Clonazepam_Tab 500mcg,0408010F0AAABAB,1,0.5699999999999983
260,G82641,Clonazepam_Tab 500mcg,0408010F0AAABAB,1,0.5699999999999983
543,G82042,Co-Codamol_Tab 8mg/500mg,0407010F0AAAAAA,8,0.5600000000000022
544,G82042,Co-Codamol_Tab 8mg/500mg,0407010F0AAAAAA,8,0.5600000000000022
263,G82042,Clonazepam_Tab 500mcg,0408010F0AAABAB,7,0.5536999999999989
262,G82137,Clonazepam_Tab 500mcg,0408010F0AAABAB,7,0.5536999999999989
498,G82205,Pyridox HCl_Tab 50mg,0906024N0AAAIAI,1,0.5130000000000001
424,G82234,Amiodarone HCl_Tab 200mg,0203020D0AAABAB,6,0.5082
423,G82888,Amiodarone HCl_Tab 200mg,0203020D0AAABAB,6,0.5082
264,G82017,Clonazepam_Tab 500mcg,0408010F0AAABAB,1,0.497199999999999
265,G82083,Clonazepam_Tab 500mcg,0408010F0AAABAB,4,0.48839999999999995
508,G82751,Pyridox HCl_Tab 50mg,0906024N0AAAIAI,1,0.4788000000000001
511,G82120,Pyridox HCl_Tab 50mg,0906024N0AAAIAI,1,0.4788000000000001
510,G82164,Pyridox HCl_Tab 50mg,0906024N0AAAIAI,1,0.4788000000000001
509,G82041,Pyridox HCl_Tab 50mg,0906024N0AAAIAI,1,0.4788000000000001
499,G82025,Pyridox HCl_Tab 50mg,0906024N0AAAIAI,1,0.4788000000000001
501,G82022,Pyridox HCl_Tab 50mg,0906024N0AAAIAI,4,0.4788000000000001
507,G82055,Pyridox HCl_Tab 50mg,0906024N0AAAIAI,1,0.4788000000000001
502,G82155,Pyridox HCl_Tab 50mg,0906024N0AAAIAI,1,0.4788000000000001
500,G82017,Pyridox HCl_Tab 50mg,0906024N0AAAIAI,1,0.4788000000000001
505,G82059,Pyridox HCl_Tab 50mg,0906024N0AAAIAI,1,0.4788000000000001
504,G82754,Pyridox HCl_Tab 50mg,0906024N0AAAIAI,1,0.4788000000000001
503,G82083,Pyridox HCl_Tab 50mg,0906024N0AAAIAI,1,0.4788000000000001
506,G82158,Pyridox HCl_Tab 50mg,0906024N0AAAIAI,1,0.4788000000000001
272,G82074,Clonazepam_Tab 500mcg,0408010F0AAABAB,1,0.474599999999999
273,G82059,Clonazepam_Tab 500mcg,0408010F0AAABAB,1,0.474599999999999
275,G82125,Clonazepam_Tab 500mcg,0408010F0AAABAB,1,0.474599999999999
271,G82732,Clonazepam_Tab 500mcg,0408010F0AAABAB,2,0.474599999999999
270,G82768,Clonazepam_Tab 500mcg,0408010F0AAABAB,1,0.474599999999999
269,G82155,Clonazepam_Tab 500mcg,0408010F0AAABAB,3,0.474599999999999
268,G82164,Clonazepam_Tab 500mcg,0408010F0AAABAB,1,0.474599999999999
267,G82016,Clonazepam_Tab 500mcg,0408010F0AAABAB,1,0.474599999999999
266,G82019,Clonazepam_Tab 500mcg,0408010F0AAABAB,3,0.474599999999999
274,G82042,Clonazepam_Tab 500mcg,0408010F0AAABAB,1,0.474599999999999
276,G82059,Clonazepam_Tab 500mcg,0408010F0AAABAB,4,0.46399999999999997
278,G82137,Clonazepam_Tab 500mcg,0408010F0AAABAB,1,0.45199999999999907
277,G82118,Clonazepam_Tab 500mcg,0408010F0AAABAB,1,0.45199999999999907
425,G82118,Amiodarone HCl_Tab 200mg,0203020D0AAABAB,1,0.4340000000000008
426,G82019,Amiodarone HCl_Tab 200mg,0203020D0AAABAB,1,0.4340000000000008
427,G82158,Amiodarone HCl_Tab 200mg,0203020D0AAABAB,1,0.4340000000000008
428,G82017,Amiodarone HCl_Tab 200mg,0203020D0AAABAB,5,0.4235
279,G82059,Clonazepam_Tab 500mcg,0408010F0AAABAB,5,0.3954999999999992
280,G82041,Clonazepam_Tab 500mcg,0408010F0AAABAB,5,0.3954999999999992
281,G82125,Clonazepam_Tab 500mcg,0408010F0AAABAB,5,0.3954999999999992
429,G82229,Amiodarone HCl_Tab 200mg,0203020D0AAABAB,1,0.37200000000000066
430,G82099,Amiodarone HCl_Tab 200mg,0203020D0AAABAB,1,0.37200000000000066
439,G82104,Amiodarone HCl_Tab 200mg,0203020D0AAABAB,1,0.3500000000000003
431,G82205,Amiodarone HCl_Tab 200mg,0203020D0AAABAB,1,0.3500000000000003
432,G82110,Amiodarone HCl_Tab 200mg,0203020D0AAABAB,1,0.3500000000000003
433,G82137,Amiodarone HCl_Tab 200mg,0203020D0AAABAB,1,0.3500000000000003
434,G82055,Amiodarone HCl_Tab 200mg,0203020D0AAABAB,1,0.3500000000000003
435,G82691,Amiodarone HCl_Tab 200mg,0203020D0AAABAB,1,0.3500000000000003
436,G82155,Amiodarone HCl_Tab 200mg,0203020D0AAABAB,1,0.3500000000000003
437,G82641,Amiodarone HCl_Tab 200mg,0203020D0AAABAB,1,0.3500000000000003
438,G82733,Amiodarone HCl_Tab 200mg,0203020D0AAABAB,1,0.3500000000000003
440,G82135,Amiodarone HCl_Tab 200mg,0203020D0AAABAB,1,0.3500000000000003
287,G82200,Clonazepam_Tab 500mcg,0408010F0AAABAB,1,0.3389999999999993
286,G82604,Clonazepam_Tab 500mcg,0408010F0AAABAB,1,0.3389999999999993
282,G82125,Clonazepam_Tab 500mcg,0408010F0AAABAB,1,0.3389999999999993
283,G82732,Clonazepam_Tab 500mcg,0408010F0AAABAB,1,0.3389999999999993
284,G82089,Clonazepam_Tab 500mcg,0408010F0AAABAB,1,0.3389999999999993
285,G82691,Clonazepam_Tab 500mcg,0408010F0AAABAB,1,0.3389999999999993
296,G82110,Clonazepam_Tab 500mcg,0408010F0AAABAB,1,0.3389999999999993
295,G82777,Clonazepam_Tab 500mcg,0408010F0AAABAB,1,0.3389999999999993
294,G82158,Clonazepam_Tab 500mcg,0408010F0AAABAB,1,0.3389999999999993
293,G82093,Clonazepam_Tab 500mcg,0408010F0AAABAB,1,0.3389999999999993
292,G82137,Clonazepam_Tab 500mcg,0408010F0AAABAB,1,0.3389999999999993
291,G82103,Clonazepam_Tab 500mcg,0408010F0AAABAB,1,0.3389999999999993
290,G82017,Clonazepam_Tab 500mcg,0408010F0AAABAB,1,0.3389999999999993
289,G82085,Clonazepam_Tab 500mcg,0408010F0AAABAB,1,0.3389999999999993
288,G82042,Clonazepam_Tab 500mcg,0408010F0AAABAB,1,0.3389999999999993
447,G82141,Amiodarone HCl_Tab 200mg,0203020D0AAABAB,4,0.3388
443,G82074,Amiodarone HCl_Tab 200mg,0203020D0AAABAB,4,0.3388
449,G82093,Amiodarone HCl_Tab 200mg,0203020D0AAABAB,4,0.3388
448,G82031,Amiodarone HCl_Tab 200mg,0203020D0AAABAB,4,0.3388
446,G82777,Amiodarone HCl_Tab 200mg,0203020D0AAABAB,4,0.3388
445,G82058,Amiodarone HCl_Tab 200mg,0203020D0AAABAB,4,0.3388
444,G82110,Amiodarone HCl_Tab 200mg,0203020D0AAABAB,4,0.3388
442,G82089,Amiodarone HCl_Tab 200mg,0203020D0AAABAB,4,0.3388
441,G82098,Amiodarone HCl_Tab 200mg,0203020D0AAABAB,4,0.3388
315,G82074,Clonazepam_Tab 500mcg,0408010F0AAABAB,4,0.31639999999999935
311,G82099,Clonazepam_Tab 500mcg,0408010F0AAABAB,4,0.31639999999999935
312,G82110,Clonazepam_Tab 500mcg,0408010F0AAABAB,4,0.31639999999999935
316,G82083,Clonazepam_Tab 500mcg,0408010F0AAABAB,1,0.31639999999999935
301,G82055,Clonazepam_Tab 500mcg,0408010F0AAABAB,4,0.31639999999999935
314,G82235,Clonazepam_Tab 500mcg,0408010F0AAABAB,1,0.31639999999999935
300,G82076,Clonazepam_Tab 500mcg,0408010F0AAABAB,2,0.31639999999999935
309,G82205,Clonazepam_Tab 500mcg,0408010F0AAABAB,4,0.31639999999999935
299,G82754,Clonazepam_Tab 500mcg,0408010F0AAABAB,1,0.31639999999999935
298,G82754,Clonazepam_Tab 500mcg,0408010F0AAABAB,4,0.31639999999999935
310,G82118,Clonazepam_Tab 500mcg,0408010F0AAABAB,1,0.31639999999999935
304,G82089,Clonazepam_Tab 500mcg,0408010F0AAABAB,1,0.31639999999999935
308,G82016,Clonazepam_Tab 500mcg,0408010F0AAABAB,4,0.31639999999999935
307,G82083,Clonazepam_Tab 500mcg,0408010F0AAABAB,4,0.31639999999999935
306,G82141,Clonazepam_Tab 500mcg,0408010F0AAABAB,2,0.31639999999999935
305,G82751,Clonazepam_Tab 500mcg,0408010F0AAABAB,1,0.31639999999999935
317,G82110,Clonazepam_Tab 500mcg,0408010F0AAABAB,1,0.31639999999999935
303,G82141,Clonazepam_Tab 500mcg,0408010F0AAABAB,1,0.31639999999999935
302,G82031,Clonazepam_Tab 500mcg,0408010F0AAABAB,2,0.31639999999999935
321,G82732,Clonazepam_Tab 500mcg,0408010F0AAABAB,1,0.31639999999999935
320,G82103,Clonazepam_Tab 500mcg,0408010F0AAABAB,1,0.31639999999999935
319,G82170,Clonazepam_Tab 500mcg,0408010F0AAABAB,1,0.31639999999999935
313,G82155,Clonazepam_Tab 500mcg,0408010F0AAABAB,4,0.31639999999999935
318,G82093,Clonazepam_Tab 500mcg,0408010F0AAABAB,2,0.31639999999999935
297,G82768,Clonazepam_Tab 500mcg,0408010F0AAABAB,4,0.31639999999999935
545,G82031,Co-Codamol_Tab 8mg/500mg,0407010F0AAAAAA,1,0.2816000000000001
546,G82031,Co-Codamol_Tab 8mg/500mg,0407010F0AAAAAA,1,0.2816000000000001
322,G82085,Clonazepam_Tab 500mcg,0408010F0AAABAB,1,0.2372999999999995
324,G82200,Clonazepam_Tab 500mcg,0408010F0AAABAB,1,0.22199999999999998
323,G82013,Clonazepam_Tab 500mcg,0408010F0AAABAB,1,0.22199999999999998
512,G82754,Pyridox HCl_Tab 50mg,0906024N0AAAIAI,4,0.21720000000000006
325,G82137,Clonazepam_Tab 500mcg,0408010F0AAABAB,1,0.20159999999999978
450,G82037,Amiodarone HCl_Tab 200mg,0203020D0AAABAB,1,0.17920000000000008
327,G82141,Clonazepam_Tab 500mcg,0408010F0AAABAB,1,0.174
328,G82751,Clonazepam_Tab 500mcg,0408010F0AAABAB,1,0.174
326,G82604,Clonazepam_Tab 500mcg,0408010F0AAABAB,1,0.174
329,G82031,Clonazepam_Tab 500mcg,0408010F0AAABAB,4,0.16959999999999997
330,G82083,Clonazepam_Tab 500mcg,0408010F0AAABAB,4,0.16959999999999997
331,G82037,Clonazepam_Tab 500mcg,0408010F0AAABAB,4,0.16959999999999997
332,G82016,Clonazepam_Tab 500mcg,0408010F0AAABAB,1,0.15819999999999967
337,G82681,Clonazepam_Tab 500mcg,0408010F0AAABAB,1,0.15819999999999967
342,G82135,Clonazepam_Tab 500mcg,0408010F0AAABAB,1,0.15819999999999967
340,G82751,Clonazepam_Tab 500mcg,0408010F0AAABAB,1,0.15819999999999967
339,G82059,Clonazepam_Tab 500mcg,0408010F0AAABAB,1,0.15819999999999967
338,G82024,Clonazepam_Tab 500mcg,0408010F0AAABAB,1,0.15819999999999967
341,G82229,Clonazepam_Tab 500mcg,0408010F0AAABAB,1,0.15819999999999967
335,G82058,Clonazepam_Tab 500mcg,0408010F0AAABAB,1,0.15819999999999967
334,G82641,Clonazepam_Tab 500mcg,0408010F0AAABAB,1,0.15819999999999967
333,G82152,Clonazepam_Tab 500mcg,0408010F0AAABAB,1,0.15819999999999967
336,G82768,Clonazepam_Tab 500mcg,0408010F0AAABAB,1,0.15819999999999967
513,G82768,Pyridox HCl_Tab 50mg,0906024N0AAAIAI,1,0.1416000000000004
666,G82031,Tetrabenazine_Tab 25mg,0409030C0AAAAAA,1,0.13839999999999986
343,G82013,Clonazepam_Tab 500mcg,0408010F0AAABAB,1,0.11599999999999999
344,G82112,Clonazepam_Tab 500mcg,0408010F0AAABAB,1,0.11599999999999999
345,G82120,Clonazepam_Tab 500mcg,0408010F0AAABAB,1,0.11599999999999999
346,G82768,Clonazepam_Tab 500mcg,0408010F0AAABAB,1,0.09439999999999982
517,G82016,Venlafaxine_Cap 150mg M/R,0403040W0AAAEAE,19,0.09310000000000082
347,G82681,Clonazepam_Tab 500mcg,0408010F0AAABAB,1,0.07909999999999984
348,G82135,Clonazepam_Tab 500mcg,0408010F0AAABAB,1,0.07909999999999984
349,G82022,Clonazepam_Tab 500mcg,0408010F0AAABAB,1,0.07909999999999984
518,G82164,Venlafaxine_Cap 150mg M/R,0403040W0AAAEAE,14,0.0686000000000006
521,G82110,Venlafaxine_Cap 150mg M/R,0403040W0AAAEAE,12,0.05880000000000052
519,G82041,Venlafaxine_Cap 150mg M/R,0403040W0AAAEAE,12,0.05880000000000052
520,G82058,Venlafaxine_Cap 150mg M/R,0403040W0AAAEAE,12,0.05880000000000052
669,G82058,Lamotrigine_Tab 100mg,0408010H0AAAAAA,10,0.05599999999999383
522,G82137,Venlafaxine_Cap 150mg M/R,0403040W0AAAEAE,11,0.053900000000000475
670,G82074,Lamotrigine_Tab 100mg,0408010H0AAAAAA,8,0.044799999999995066
523,G82135,Venlafaxine_Cap 150mg M/R,0403040W0AAAEAE,9,0.04410000000000039
671,G82042,Lamotrigine_Tab 100mg,0408010H0AAAAAA,15,0.041999999999995374
526,G82013,Venlafaxine_Cap 150mg M/R,0403040W0AAAEAE,8,0.039200000000000346
527,G82025,Venlafaxine_Cap 150mg M/R,0403040W0AAAEAE,8,0.039200000000000346
524,G82031,Venlafaxine_Cap 150mg M/R,0403040W0AAAEAE,8,0.039200000000000346
525,G82085,Venlafaxine_Cap 150mg M/R,0403040W0AAAEAE,8,0.039200000000000346
548,G82229,Co-Codamol_Tab 8mg/500mg,0407010F0AAAAAA,7,0.03499999999999979
547,G82229,Co-Codamol_Tab 8mg/500mg,0407010F0AAAAAA,7,0.03499999999999979
672,G82016,Lamotrigine_Tab 100mg,0408010H0AAAAAA,4,0.0335999999999963
673,G82110,Lamotrigine_Tab 100mg,0408010H0AAAAAA,4,0.0335999999999963
550,G82093,Co-Codamol_Tab 8mg/500mg,0407010F0AAAAAA,6,0.02999999999999982
549,G82093,Co-Codamol_Tab 8mg/500mg,0407010F0AAAAAA,6,0.02999999999999982
674,G82083,Lamotrigine_Tab 100mg,0408010H0AAAAAA,5,0.027999999999996916
675,G82888,Lamotrigine_Tab 100mg,0408010H0AAAAAA,5,0.027999999999996916
676,G82024,Lamotrigine_Tab 100mg,0408010H0AAAAAA,5,0.027999999999996916
677,G82205,Lamotrigine_Tab 100mg,0408010H0AAAAAA,5,0.027999999999996916
678,G82118,Lamotrigine_Tab 100mg,0408010H0AAAAAA,10,0.027999999999996916
679,G82042,Lamotrigine_Tab 100mg,0408010H0AAAAAA,5,0.027999999999996916
454,G82164,Phenytoin_Sod Tab 100mg,0408010Q0AAAGAG,4,0.025199999999997225
453,G82022,Phenytoin_Sod Tab 100mg,0408010Q0AAAGAG,4,0.025199999999997225
552,G82205,Co-Codamol_Tab 8mg/500mg,0407010F0AAAAAA,5,0.02499999999999985
551,G82205,Co-Codamol_Tab 8mg/500mg,0407010F0AAAAAA,5,0.02499999999999985
554,G82055,Co-Codamol_Tab 8mg/500mg,0407010F0AAAAAA,4,0.022399999999999864
556,G82135,Co-Codamol_Tab 8mg/500mg,0407010F0AAAAAA,4,0.022399999999999864
560,G82042,Co-Codamol_Tab 8mg/500mg,0407010F0AAAAAA,4,0.022399999999999864
559,G82135,Co-Codamol_Tab 8mg/500mg,0407010F0AAAAAA,4,0.022399999999999864
558,G82042,Co-Codamol_Tab 8mg/500mg,0407010F0AAAAAA,4,0.022399999999999864
553,G82059,Co-Codamol_Tab 8mg/500mg,0407010F0AAAAAA,4,0.022399999999999864
557,G82059,Co-Codamol_Tab 8mg/500mg,0407010F0AAAAAA,4,0.022399999999999864
555,G82055,Co-Codamol_Tab 8mg/500mg,0407010F0AAAAAA,4,0.022399999999999864
687,G82074,Lamotrigine_Tab 100mg,0408010H0AAAAAA,8,0.022399999999997533
686,G82224,Lamotrigine_Tab 100mg,0408010H0AAAAAA,4,0.022399999999997533
685,G82604,Lamotrigine_Tab 100mg,0408010H0AAAAAA,4,0.022399999999997533
684,G82017,Lamotrigine_Tab 100mg,0408010H0AAAAAA,4,0.022399999999997533
688,G82691,Lamotrigine_Tab 100mg,0408010H0AAAAAA,8,0.022399999999997533
683,G82031,Lamotrigine_Tab 100mg,0408010H0AAAAAA,8,0.022399999999997533
682,G82085,Lamotrigine_Tab 100mg,0408010H0AAAAAA,4,0.022399999999997533
681,G82234,Lamotrigine_Tab 100mg,0408010H0AAAAAA,8,0.022399999999997533
680,G82089,Lamotrigine_Tab 100mg,0408010H0AAAAAA,8,0.022399999999997533
689,G82098,Lamotrigine_Tab 100mg,0408010H0AAAAAA,4,0.022399999999997533
561,G82076,Co-Codamol_Tab 8mg/500mg,0407010F0AAAAAA,4,0.01999999999999988
562,G82076,Co-Codamol_Tab 8mg/500mg,0407010F0AAAAAA,4,0.01999999999999988
564,G82118,Co-Codamol_Tab 8mg/500mg,0407010F0AAAAAA,4,0.01999999999999988
563,G82118,Co-Codamol_Tab 8mg/500mg,0407010F0AAAAAA,4,0.01999999999999988
533,G82235,Venlafaxine_Cap 150mg M/R,0403040W0AAAEAE,4,0.019600000000000173
532,G82042,Venlafaxine_Cap 150mg M/R,0403040W0AAAEAE,4,0.019600000000000173
531,G82112,Venlafaxine_Cap 150mg M/R,0403040W0AAAEAE,4,0.019600000000000173
530,G82037,Venlafaxine_Cap 150mg M/R,0403040W0AAAEAE,4,0.019600000000000173
529,G82205,Venlafaxine_Cap 150mg M/R,0403040W0AAAEAE,4,0.019600000000000173
528,G82099,Venlafaxine_Cap 150mg M/R,0403040W0AAAEAE,4,0.019600000000000173
690,G82037,Lamotrigine_Tab 100mg,0408010H0AAAAAA,7,0.01959999999999784
691,G82155,Lamotrigine_Tab 100mg,0408010H0AAAAAA,7,0.01959999999999784
693,G82017,Lamotrigine_Tab 100mg,0408010H0AAAAAA,7,0.01959999999999784
692,G82016,Lamotrigine_Tab 100mg,0408010H0AAAAAA,7,0.01959999999999784
566,G82234,Co-Codamol_Tab 8mg/500mg,0407010F0AAAAAA,4,0.019200000000000106
565,G82234,Co-Codamol_Tab 8mg/500mg,0407010F0AAAAAA,4,0.019200000000000106
570,G82099,Co-Codamol_Tab 8mg/500mg,0407010F0AAAAAA,2,0.0167999999999999
567,G82099,Co-Codamol_Tab 8mg/500mg,0407010F0AAAAAA,2,0.0167999999999999
571,G82141,Co-Codamol_Tab 8mg/500mg,0407010F0AAAAAA,3,0.0167999999999999
572,G82205,Co-Codamol_Tab 8mg/500mg,0407010F0AAAAAA,6,0.0167999999999999
568,G82205,Co-Codamol_Tab 8mg/500mg,0407010F0AAAAAA,6,0.0167999999999999
569,G82141,Co-Codamol_Tab 8mg/500mg,0407010F0AAAAAA,3,0.0167999999999999
695,G82076,Lamotrigine_Tab 100mg,0408010H0AAAAAA,3,0.01679999999999815
697,G82024,Lamotrigine_Tab 100mg,0408010H0AAAAAA,2,0.01679999999999815
698,G82141,Lamotrigine_Tab 100mg,0408010H0AAAAAA,6,0.01679999999999815
699,G82125,Lamotrigine_Tab 100mg,0408010H0AAAAAA,2,0.01679999999999815
700,G82013,Lamotrigine_Tab 100mg,0408010H0AAAAAA,2,0.01679999999999815
701,G82135,Lamotrigine_Tab 100mg,0408010H0AAAAAA,3,0.01679999999999815
703,G82164,Lamotrigine_Tab 100mg,0408010H0AAAAAA,3,0.01679999999999815
694,G82141,Lamotrigine_Tab 100mg,0408010H0AAAAAA,3,0.01679999999999815
696,G82016,Lamotrigine_Tab 100mg,0408010H0AAAAAA,3,0.01679999999999815
702,G82031,Lamotrigine_Tab 100mg,0408010H0AAAAAA,3,0.01679999999999815
574,G82110,Co-Codamol_Tab 8mg/500mg,0407010F0AAAAAA,3,0.01499999999999991
573,G82110,Co-Codamol_Tab 8mg/500mg,0407010F0AAAAAA,3,0.01499999999999991
535,G82888,Venlafaxine_Cap 150mg M/R,0403040W0AAAEAE,3,0.01470000000000013
534,G82059,Venlafaxine_Cap 150mg M/R,0403040W0AAAEAE,3,0.01470000000000013
536,G82022,Venlafaxine_Cap 150mg M/R,0403040W0AAAEAE,3,0.01470000000000013
575,G82076,Co-Codamol_Tab 8mg/500mg,0407010F0AAAAAA,1,0.013999999999999915
576,G82076,Co-Codamol_Tab 8mg/500mg,0407010F0AAAAAA,1,0.013999999999999915
705,G82025,Lamotrigine_Tab 100mg,0408010H0AAAAAA,5,0.013999999999998458
704,G82093,Lamotrigine_Tab 100mg,0408010H0AAAAAA,5,0.013999999999998458
455,G82058,Phenytoin_Sod Tab 100mg,0408010Q0AAAGAG,2,0.012599999999998612
579,G82135,Co-Codamol_Tab 8mg/500mg,0407010F0AAAAAA,1,0.011199999999999932
584,G82112,Co-Codamol_Tab 8mg/500mg,0407010F0AAAAAA,4,0.011199999999999932
578,G82604,Co-Codamol_Tab 8mg/500mg,0407010F0AAAAAA,2,0.011199999999999932
577,G82112,Co-Codamol_Tab 8mg/500mg,0407010F0AAAAAA,4,0.011199999999999932
585,G82025,Co-Codamol_Tab 8mg/500mg,0407010F0AAAAAA,1,0.011199999999999932
586,G82025,Co-Codamol_Tab 8mg/500mg,0407010F0AAAAAA,1,0.011199999999999932
583,G82135,Co-Codamol_Tab 8mg/500mg,0407010F0AAAAAA,1,0.011199999999999932
582,G82085,Co-Codamol_Tab 8mg/500mg,0407010F0AAAAAA,4,0.011199999999999932
581,G82604,Co-Codamol_Tab 8mg/500mg,0407010F0AAAAAA,2,0.011199999999999932
580,G82085,Co-Codamol_Tab 8mg/500mg,0407010F0AAAAAA,4,0.011199999999999932
714,G82110,Lamotrigine_Tab 100mg,0408010H0AAAAAA,4,0.011199999999998766
720,G82099,Lamotrigine_Tab 100mg,0408010H0AAAAAA,2,0.011199999999998766
719,G82112,Lamotrigine_Tab 100mg,0408010H0AAAAAA,4,0.011199999999998766
718,G82013,Lamotrigine_Tab 100mg,0408010H0AAAAAA,2,0.011199999999998766
717,G82229,Lamotrigine_Tab 100mg,0408010H0AAAAAA,2,0.011199999999998766
716,G82103,Lamotrigine_Tab 100mg,0408010H0AAAAAA,2,0.011199999999998766
715,G82229,Lamotrigine_Tab 100mg,0408010H0AAAAAA,4,0.011199999999998766
709,G82200,Lamotrigine_Tab 100mg,0408010H0AAAAAA,4,0.011199999999998766
713,G82059,Lamotrigine_Tab 100mg,0408010H0AAAAAA,2,0.011199999999998766
711,G82059,Lamotrigine_Tab 100mg,0408010H0AAAAAA,4,0.011199999999998766
710,G82025,Lamotrigine_Tab 100mg,0408010H0AAAAAA,2,0.011199999999998766
722,G82733,Lamotrigine_Tab 100mg,0408010H0AAAAAA,2,0.011199999999998766
708,G82041,Lamotrigine_Tab 100mg,0408010H0AAAAAA,4,0.011199999999998766
706,G82120,Lamotrigine_Tab 100mg,0408010H0AAAAAA,2,0.011199999999998766
721,G82083,Lamotrigine_Tab 100mg,0408010H0AAAAAA,4,0.011199999999998766
707,G82076,Lamotrigine_Tab 100mg,0408010H0AAAAAA,4,0.011199999999998766
723,G82092,Lamotrigine_Tab 100mg,0408010H0AAAAAA,2,0.011199999999998766
712,G82022,Lamotrigine_Tab 100mg,0408010H0AAAAAA,4,0.011199999999998766
587,G82055,Co-Codamol_Tab 8mg/500mg,0407010F0AAAAAA,2,0.00999999999999994
588,G82055,Co-Codamol_Tab 8mg/500mg,0407010F0AAAAAA,2,0.00999999999999994
589,G82025,Co-Codamol_Tab 8mg/500mg,0407010F0AAAAAA,3,0.00839999999999995
594,G82681,Co-Codamol_Tab 8mg/500mg,0407010F0AAAAAA,1,0.00839999999999995
593,G82025,Co-Codamol_Tab 8mg/500mg,0407010F0AAAAAA,1,0.00839999999999995
592,G82681,Co-Codamol_Tab 8mg/500mg,0407010F0AAAAAA,1,0.00839999999999995
591,G82025,Co-Codamol_Tab 8mg/500mg,0407010F0AAAAAA,3,0.00839999999999995
590,G82025,Co-Codamol_Tab 8mg/500mg,0407010F0AAAAAA,1,0.00839999999999995
724,G82083,Lamotrigine_Tab 100mg,0408010H0AAAAAA,1,0.008399999999999075
725,G82777,Lamotrigine_Tab 100mg,0408010H0AAAAAA,1,0.008399999999999075
733,G82152,Lamotrigine_Tab 100mg,0408010H0AAAAAA,1,0.008399999999999075
732,G82768,Lamotrigine_Tab 100mg,0408010H0AAAAAA,1,0.008399999999999075
731,G82065,Lamotrigine_Tab 100mg,0408010H0AAAAAA,1,0.008399999999999075
730,G82888,Lamotrigine_Tab 100mg,0408010H0AAAAAA,1,0.008399999999999075
729,G82042,Lamotrigine_Tab 100mg,0408010H0AAAAAA,1,0.008399999999999075
728,G82041,Lamotrigine_Tab 100mg,0408010H0AAAAAA,1,0.008399999999999075
727,G82019,Lamotrigine_Tab 100mg,0408010H0AAAAAA,1,0.008399999999999075
726,G82099,Lamotrigine_Tab 100mg,0408010H0AAAAAA,1,0.008399999999999075
598,G82076,Co-Codamol_Tab 8mg/500mg,0407010F0AAAAAA,1,0.005599999999999966
595,G82085,Co-Codamol_Tab 8mg/500mg,0407010F0AAAAAA,1,0.005599999999999966
596,G82754,Co-Codamol_Tab 8mg/500mg,0407010F0AAAAAA,1,0.005599999999999966
597,G82085,Co-Codamol_Tab 8mg/500mg,0407010F0AAAAAA,1,0.005599999999999966
599,G82754,Co-Codamol_Tab 8mg/500mg,0407010F0AAAAAA,1,0.005599999999999966
601,G82041,Co-Codamol_Tab 8mg/500mg,0407010F0AAAAAA,1,0.005599999999999966
605,G82076,Co-Codamol_Tab 8mg/500mg,0407010F0AAAAAA,1,0.005599999999999966
602,G82733,Co-Codamol_Tab 8mg/500mg,0407010F0AAAAAA,1,0.005599999999999966
606,G82733,Co-Codamol_Tab 8mg/500mg,0407010F0AAAAAA,1,0.005599999999999966
600,G82103,Co-Codamol_Tab 8mg/500mg,0407010F0AAAAAA,1,0.005599999999999966
604,G82103,Co-Codamol_Tab 8mg/500mg,0407010F0AAAAAA,1,0.005599999999999966
603,G82041,Co-Codamol_Tab 8mg/500mg,0407010F0AAAAAA,1,0.005599999999999966
739,G82137,Lamotrigine_Tab 100mg,0408010H0AAAAAA,1,0.005599999999999383
738,G82234,Lamotrigine_Tab 100mg,0408010H0AAAAAA,1,0.005599999999999383
736,G82137,Lamotrigine_Tab 100mg,0408010H0AAAAAA,2,0.005599999999999383
734,G82022,Lamotrigine_Tab 100mg,0408010H0AAAAAA,1,0.005599999999999383
740,G82754,Lamotrigine_Tab 100mg,0408010H0AAAAAA,1,0.005599999999999383
741,G82110,Lamotrigine_Tab 100mg,0408010H0AAAAAA,1,0.005599999999999383
742,G82215,Lamotrigine_Tab 100mg,0408010H0AAAAAA,1,0.005599999999999383
743,G82751,Lamotrigine_Tab 100mg,0408010H0AAAAAA,1,0.005599999999999383
744,G82037,Lamotrigine_Tab 100mg,0408010H0AAAAAA,1,0.005599999999999383
745,G82641,Lamotrigine_Tab 100mg,0408010H0AAAAAA,1,0.005599999999999383
746,G82093,Lamotrigine_Tab 100mg,0408010H0AAAAAA,1,0.005599999999999383
735,G82125,Lamotrigine_Tab 100mg,0408010H0AAAAAA,1,0.005599999999999383
737,G82152,Lamotrigine_Tab 100mg,0408010H0AAAAAA,1,0.005599999999999383
607,G82200,Co-Codamol_Tab 8mg/500mg,0407010F0AAAAAA,1,0.00499999999999997
614,G82092,Co-Codamol_Tab 8mg/500mg,0407010F0AAAAAA,1,0.00499999999999997
624,G82164,Co-Codamol_Tab 8mg/500mg,0407010F0AAAAAA,1,0.00499999999999997
623,G82733,Co-Codamol_Tab 8mg/500mg,0407010F0AAAAAA,1,0.00499999999999997
622,G82058,Co-Codamol_Tab 8mg/500mg,0407010F0AAAAAA,1,0.00499999999999997
620,G82733,Co-Codamol_Tab 8mg/500mg,0407010F0AAAAAA,1,0.00499999999999997
619,G82058,Co-Codamol_Tab 8mg/500mg,0407010F0AAAAAA,1,0.00499999999999997
618,G82019,Co-Codamol_Tab 8mg/500mg,0407010F0AAAAAA,1,0.00499999999999997
617,G82164,Co-Codamol_Tab 8mg/500mg,0407010F0AAAAAA,1,0.00499999999999997
616,G82041,Co-Codamol_Tab 8mg/500mg,0407010F0AAAAAA,1,0.00499999999999997
615,G82200,Co-Codamol_Tab 8mg/500mg,0407010F0AAAAAA,1,0.00499999999999997
621,G82041,Co-Codamol_Tab 8mg/500mg,0407010F0AAAAAA,1,0.00499999999999997
613,G82099,Co-Codamol_Tab 8mg/500mg,0407010F0AAAAAA,1,0.00499999999999997
611,G82152,Co-Codamol_Tab 8mg/500mg,0407010F0AAAAAA,1,0.00499999999999997
610,G82019,Co-Codamol_Tab 8mg/500mg,0407010F0AAAAAA,1,0.00499999999999997
609,G82092,Co-Codamol_Tab 8mg/500mg,0407010F0AAAAAA,1,0.00499999999999997
608,G82152,Co-Codamol_Tab 8mg/500mg,0407010F0AAAAAA,1,0.00499999999999997
612,G82099,Co-Codamol_Tab 8mg/500mg,0407010F0AAAAAA,1,0.00499999999999997
626,G82083,Co-Codamol_Tab 8mg/500mg,0407010F0AAAAAA,2,0.004799999999999971
625,G82083,Co-Codamol_Tab 8mg/500mg,0407010F0AAAAAA,2,0.004799999999999971
747,G82768,Lamotrigine_Tab 100mg,0408010H0AAAAAA,1,0.0027999999999996916
748,G82019,Lamotrigine_Tab 100mg,0408010H0AAAAAA,1,0.0027999999999996916
628,G82135,Co-Codamol_Tab 8mg/500mg,0407010F0AAAAAA,1,0.0023999999999999855
627,G82135,Co-Codamol_Tab 8mg/500mg,0407010F0AAAAAA,1,0.0023999999999999855
537,G82099,Venlafaxine_Cap 150mg M/R,0403040W0AAAEAE,1,0.0021000000000000185
812,G82025,Lamotrigine_Tab 100mg,0408010H0AAAAAA,9,0.0
810,G82224,Lamotrigine_Tab 100mg,0408010H0AAAAAA,1,0.0
809,G82083,Lamotrigine_Tab 100mg,0408010H0AAAAAA,11,0.0
808,G82099,Lamotrigine_Tab 100mg,0408010H0AAAAAA,22,0.0
801,G82691,Lamotrigine_Tab 100mg,0408010H0AAAAAA,1,0.0
811,G82085,Lamotrigine_Tab 100mg,0408010H0AAAAAA,2,0.0
807,G82110,Lamotrigine_Tab 100mg,0408010H0AAAAAA,5,0.0
806,G82135,Lamotrigine_Tab 100mg,0408010H0AAAAAA,13,0.0
805,G82089,Lamotrigine_Tab 100mg,0408010H0AAAAAA,4,0.0
804,G82751,Lamotrigine_Tab 100mg,0408010H0AAAAAA,2,0.0
803,G82058,Lamotrigine_Tab 100mg,0408010H0AAAAAA,8,0.0
802,G82037,Lamotrigine_Tab 100mg,0408010H0AAAAAA,3,0.0
789,G82888,Lamotrigine_Tab 100mg,0408010H0AAAAAA,2,0.0
800,G82125,Lamotrigine_Tab 100mg,0408010H0AAAAAA,6,0.0
799,G82234,Lamotrigine_Tab 100mg,0408010H0AAAAAA,4,0.0
798,G82152,Lamotrigine_Tab 100mg,0408010H0AAAAAA,1,0.0
797,G82041,Lamotrigine_Tab 100mg,0408010H0AAAAAA,1,0.0
796,G82641,Lamotrigine_Tab 100mg,0408010H0AAAAAA,3,0.0
795,G82098,Lamotrigine_Tab 100mg,0408010H0AAAAAA,4,0.0
794,G82120,Lamotrigine_Tab 100mg,0408010H0AAAAAA,8,0.0
793,G82110,Lamotrigine_Tab 100mg,0408010H0AAAAAA,3,0.0
792,G82085,Lamotrigine_Tab 100mg,0408010H0AAAAAA,3,0.0
791,G82768,Lamotrigine_Tab 100mg,0408010H0AAAAAA,3,0.0
790,G82074,Lamotrigine_Tab 100mg,0408010H0AAAAAA,1,0.0
814,G82120,Lamotrigine_Tab 100mg,0408010H0AAAAAA,1,0.0
788,G82017,Lamotrigine_Tab 100mg,0408010H0AAAAAA,3,0.0
787,G82059,Lamotrigine_Tab 100mg,0408010H0AAAAAA,12,0.0
813,G82112,Lamotrigine_Tab 100mg,0408010H0AAAAAA,2,0.0
838,G82152,Lamotrigine_Tab 100mg,0408010H0AAAAAA,3,0.0
815,G82164,Lamotrigine_Tab 100mg,0408010H0AAAAAA,7,0.0
816,G82089,Lamotrigine_Tab 100mg,0408010H0AAAAAA,1,0.0
822,G82118,Lamotrigine_Tab 100mg,0408010H0AAAAAA,3,0.0
785,G82141,Lamotrigine_Tab 100mg,0408010H0AAAAAA,6,0.0
824,G82017,Lamotrigine_Tab 100mg,0408010H0AAAAAA,8,0.0
825,G82024,Lamotrigine_Tab 100mg,0408010H0AAAAAA,4,0.0
826,G82229,Lamotrigine_Tab 100mg,0408010H0AAAAAA,1,0.0
827,G82681,Lamotrigine_Tab 100mg,0408010H0AAAAAA,6,0.0
828,G82083,Lamotrigine_Tab 100mg,0408010H0AAAAAA,3,0.0
829,G82888,Lamotrigine_Tab 100mg,0408010H0AAAAAA,2,0.0
830,G82604,Lamotrigine_Tab 100mg,0408010H0AAAAAA,8,0.0
831,G82042,Lamotrigine_Tab 100mg,0408010H0AAAAAA,3,0.0
832,G82092,Lamotrigine_Tab 100mg,0408010H0AAAAAA,5,0.0
821,G82058,Lamotrigine_Tab 100mg,0408010H0AAAAAA,1,0.0
833,G82025,Lamotrigine_Tab 100mg,0408010H0AAAAAA,3,0.0
834,G82083,Lamotrigine_Tab 100mg,0408010H0AAAAAA,1,0.0
835,G82025,Lamotrigine_Tab 100mg,0408010H0AAAAAA,1,0.0
836,G82065,Lamotrigine_Tab 100mg,0408010H0AAAAAA,4,0.0
837,G82058,Lamotrigine_Tab 100mg,0408010H0AAAAAA,1,0.0
823,G82031,Lamotrigine_Tab 100mg,0408010H0AAAAAA,1,0.0
839,G82058,Lamotrigine_Tab 100mg,0408010H0AAAAAA,1,0.0
840,G82019,Lamotrigine_Tab 100mg,0408010H0AAAAAA,9,0.0
841,G82112,Lamotrigine_Tab 100mg,0408010H0AAAAAA,3,0.0
820,G82098,Lamotrigine_Tab 100mg,0408010H0AAAAAA,1,0.0
819,G82235,Lamotrigine_Tab 100mg,0408010H0AAAAAA,1,0.0
818,G82170,Lamotrigine_Tab 100mg,0408010H0AAAAAA,2,0.0
817,G82604,Lamotrigine_Tab 100mg,0408010H0AAAAAA,1,0.0
786,G82031,Lamotrigine_Tab 100mg,0408010H0AAAAAA,4,0.0
762,G82137,Lamotrigine_Tab 100mg,0408010H0AAAAAA,2,0.0
784,G82076,Lamotrigine_Tab 100mg,0408010H0AAAAAA,11,0.0
845,G82777,Lamotrigine_Tab 100mg,0408010H0AAAAAA,2,0.0
757,G82158,Lamotrigine_Tab 100mg,0408010H0AAAAAA,3,0.0
756,G82042,Lamotrigine_Tab 100mg,0408010H0AAAAAA,13,0.0
783,G82205,Lamotrigine_Tab 100mg,0408010H0AAAAAA,4,0.0
754,G82074,Lamotrigine_Tab 100mg,0408010H0AAAAAA,10,0.0
753,G82155,Lamotrigine_Tab 100mg,0408010H0AAAAAA,5,0.0
752,G82754,Lamotrigine_Tab 100mg,0408010H0AAAAAA,2,0.0
751,G82076,Lamotrigine_Tab 100mg,0408010H0AAAAAA,1,0.0
750,G82200,Lamotrigine_Tab 100mg,0408010H0AAAAAA,3,0.0
749,G82059,Lamotrigine_Tab 100mg,0408010H0AAAAAA,1,0.0
843,G82074,Lamotrigine_Tab 100mg,0408010H0AAAAAA,1,0.0
846,G82118,Lamotrigine_Tab 100mg,0408010H0AAAAAA,6,0.0
759,G82733,Lamotrigine_Tab 100mg,0408010H0AAAAAA,1,0.0
847,G82229,Lamotrigine_Tab 100mg,0408010H0AAAAAA,1,0.0
848,G82058,Lamotrigine_Tab 100mg,0408010H0AAAAAA,1,0.0
849,G82093,Lamotrigine_Tab 100mg,0408010H0AAAAAA,7,0.0
850,G82733,Lamotrigine_Tab 100mg,0408010H0AAAAAA,6,0.0
851,G82022,Lamotrigine_Tab 100mg,0408010H0AAAAAA,5,0.0
852,G82605,Lamotrigine_Tab 100mg,0408010H0AAAAAA,1,0.0
853,G82215,Lamotrigine_Tab 100mg,0408010H0AAAAAA,2,0.0
854,G82092,Lamotrigine_Tab 100mg,0408010H0AAAAAA,1,0.0
855,G82037,Lamotrigine_Tab 100mg,0408010H0AAAAAA,1,0.0
856,G82089,Lamotrigine_Tab 100mg,0408010H0AAAAAA,2,0.0
758,G82141,Lamotrigine_Tab 100mg,0408010H0AAAAAA,1,0.0
755,G82093,Lamotrigine_Tab 100mg,0408010H0AAAAAA,2,0.0
760,G82041,Lamotrigine_Tab 100mg,0408010H0AAAAAA,8,0.0
771,G82103,Lamotrigine_Tab 100mg,0408010H0AAAAAA,1,0.0
782,G82019,Lamotrigine_Tab 100mg,0408010H0AAAAAA,2,0.0
781,G82135,Lamotrigine_Tab 100mg,0408010H0AAAAAA,16,0.0
780,G82125,Lamotrigine_Tab 100mg,0408010H0AAAAAA,1,0.0
779,G82098,Lamotrigine_Tab 100mg,0408010H0AAAAAA,1,0.0
778,G82055,Lamotrigine_Tab 100mg,0408010H0AAAAAA,1,0.0
777,G82732,Lamotrigine_Tab 100mg,0408010H0AAAAAA,2,0.0
776,G82099,Lamotrigine_Tab 100mg,0408010H0AAAAAA,1,0.0
775,G82022,Lamotrigine_Tab 100mg,0408010H0AAAAAA,2,0.0
761,G82641,Lamotrigine_Tab 100mg,0408010H0AAAAAA,1,0.0
773,G82013,Lamotrigine_Tab 100mg,0408010H0AAAAAA,1,0.0
772,G82037,Lamotrigine_Tab 100mg,0408010H0AAAAAA,11,0.0
774,G82016,Lamotrigine_Tab 100mg,0408010H0AAAAAA,8,0.0
763,G82137,Lamotrigine_Tab 100mg,0408010H0AAAAAA,1,0.0
766,G82016,Lamotrigine_Tab 100mg,0408010H0AAAAAA,3,0.0
844,G82013,Lamotrigine_Tab 100mg,0408010H0AAAAAA,4,0.0
764,G82733,Lamotrigine_Tab 100mg,0408010H0AAAAAA,1,0.0
765,G82065,Lamotrigine_Tab 100mg,0408010H0AAAAAA,1,0.0
842,G82691,Lamotrigine_Tab 100mg,0408010H0AAAAAA,3,0.0
767,G82125,Lamotrigine_Tab 100mg,0408010H0AAAAAA,1,0.0
768,G82137,Lamotrigine_Tab 100mg,0408010H0AAAAAA,2,0.0
769,G82024,Lamotrigine_Tab 100mg,0408010H0AAAAAA,2,0.0
770,G82135,Lamotrigine_Tab 100mg,0408010H0AAAAAA,1,0.0
515,G82041,Olanzapine_Tab 10mg,040201060AAACAC,3,-0.002400000000001068
857,G82099,Lamotrigine_Tab 100mg,0408010H0AAAAAA,9,-0.0027000000000012014
538,G82137,Venlafaxine_Cap 150mg M/R,0403040W0AAAEAE,1,-0.002999999999999947
858,G82732,Lamotrigine_Tab 100mg,0408010H0AAAAAA,1,-0.003000000000001335
859,G82024,Lamotrigine_Tab 100mg,0408010H0AAAAAA,1,-0.003000000000001335
860,G82022,Lamotrigine_Tab 100mg,0408010H0AAAAAA,1,-0.003000000000001335
861,G82604,Lamotrigine_Tab 100mg,0408010H0AAAAAA,1,-0.003000000000001335
862,G82089,Lamotrigine_Tab 100mg,0408010H0AAAAAA,1,-0.003000000000001335
631,G82037,Co-Codamol_Tab 8mg/500mg,0407010F0AAAAAA,1,-0.0035999999999999782
632,G82037,Co-Codamol_Tab 8mg/500mg,0407010F0AAAAAA,1,-0.0035999999999999782
630,Y00390,Co-Codamol_Tab 8mg/500mg,0407010F0AAAAAA,1,-0.0035999999999999782
629,Y00390,Co-Codamol_Tab 8mg/500mg,0407010F0AAAAAA,1,-0.0035999999999999782
636,G82112,Co-Codamol_Tab 8mg/500mg,0407010F0AAAAAA,1,-0.004199999999999975
633,G82059,Co-Codamol_Tab 8mg/500mg,0407010F0AAAAAA,1,-0.004199999999999975
634,G82112,Co-Codamol_Tab 8mg/500mg,0407010F0AAAAAA,1,-0.004199999999999975
635,G82059,Co-Codamol_Tab 8mg/500mg,0407010F0AAAAAA,1,-0.004199999999999975
864,G82016,Lamotrigine_Tab 100mg,0408010H0AAAAAA,1,-0.004200000000001869
863,G82085,Lamotrigine_Tab 100mg,0408010H0AAAAAA,1,-0.004200000000001869
638,G82031,Co-Codamol_Tab 8mg/500mg,0407010F0AAAAAA,1,-0.004799999999999971
637,G82031,Co-Codamol_Tab 8mg/500mg,0407010F0AAAAAA,1,-0.004799999999999971
868,G82681,Lamotrigine_Tab 100mg,0408010H0AAAAAA,2,-0.00600000000000267
867,G82164,Lamotrigine_Tab 100mg,0408010H0AAAAAA,1,-0.00600000000000267
866,G82135,Lamotrigine_Tab 100mg,0408010H0AAAAAA,1,-0.00600000000000267
865,G82031,Lamotrigine_Tab 100mg,0408010H0AAAAAA,2,-0.00600000000000267
869,G82681,Lamotrigine_Tab 100mg,0408010H0AAAAAA,1,-0.00600000000000267
870,G82641,Lamotrigine_Tab 100mg,0408010H0AAAAAA,3,-0.006300000000002803
871,G82074,Lamotrigine_Tab 100mg,0408010H0AAAAAA,3,-0.006300000000002803
872,G82137,Lamotrigine_Tab 100mg,0408010H0AAAAAA,2,-0.007000000000000006
639,G82025,Co-Codamol_Tab 8mg/500mg,0407010F0AAAAAA,2,-0.00839999999999995
641,G82025,Co-Codamol_Tab 8mg/500mg,0407010F0AAAAAA,2,-0.00839999999999995
642,G82099,Co-Codamol_Tab 8mg/500mg,0407010F0AAAAAA,2,-0.00839999999999995
640,G82099,Co-Codamol_Tab 8mg/500mg,0407010F0AAAAAA,2,-0.00839999999999995
878,G82037,Lamotrigine_Tab 100mg,0408010H0AAAAAA,4,-0.008400000000003738
876,G82234,Lamotrigine_Tab 100mg,0408010H0AAAAAA,2,-0.008400000000003738
875,G82205,Lamotrigine_Tab 100mg,0408010H0AAAAAA,4,-0.008400000000003738
874,G82089,Lamotrigine_Tab 100mg,0408010H0AAAAAA,4,-0.008400000000003738
873,G82025,Lamotrigine_Tab 100mg,0408010H0AAAAAA,4,-0.008400000000003738
877,G82093,Lamotrigine_Tab 100mg,0408010H0AAAAAA,4,-0.008400000000003738
879,G82135,Lamotrigine_Tab 100mg,0408010H0AAAAAA,3,-0.009000000000004005
880,G82110,Lamotrigine_Tab 100mg,0408010H0AAAAAA,3,-0.01050000000000001
881,G82691,Lamotrigine_Tab 100mg,0408010H0AAAAAA,3,-0.01050000000000001
883,G82224,Lamotrigine_Tab 100mg,0408010H0AAAAAA,4,-0.014000000000000012
884,G82037,Lamotrigine_Tab 100mg,0408010H0AAAAAA,4,-0.014000000000000012
887,G82229,Lamotrigine_Tab 100mg,0408010H0AAAAAA,4,-0.014000000000000012
886,G82083,Lamotrigine_Tab 100mg,0408010H0AAAAAA,4,-0.014000000000000012
885,G82888,Lamotrigine_Tab 100mg,0408010H0AAAAAA,4,-0.014000000000000012
882,G82234,Lamotrigine_Tab 100mg,0408010H0AAAAAA,4,-0.014000000000000012
888,G82016,Lamotrigine_Tab 100mg,0408010H0AAAAAA,7,-0.014700000000006541
648,G82205,Co-Codamol_Tab 8mg/500mg,0407010F0AAAAAA,4,-0.0167999999999999
647,G82137,Co-Codamol_Tab 8mg/500mg,0407010F0AAAAAA,4,-0.0167999999999999
643,G82041,Co-Codamol_Tab 8mg/500mg,0407010F0AAAAAA,4,-0.0167999999999999
644,G82137,Co-Codamol_Tab 8mg/500mg,0407010F0AAAAAA,4,-0.0167999999999999
645,G82205,Co-Codamol_Tab 8mg/500mg,0407010F0AAAAAA,4,-0.0167999999999999
646,G82041,Co-Codamol_Tab 8mg/500mg,0407010F0AAAAAA,4,-0.0167999999999999
889,G82083,Lamotrigine_Tab 100mg,0408010H0AAAAAA,8,-0.016800000000007476
890,G82042,Lamotrigine_Tab 100mg,0408010H0AAAAAA,5,-0.017500000000000016
891,G82025,Lamotrigine_Tab 100mg,0408010H0AAAAAA,5,-0.017500000000000016
892,G82037,Lamotrigine_Tab 100mg,0408010H0AAAAAA,3,-0.01800000000000801
893,G82059,Lamotrigine_Tab 100mg,0408010H0AAAAAA,8,-0.028000000000000025
