,practice_code,bnf_description,bnf_code,items,excess_cost
0,A88001,Cinacalcet HCl_Tab 30mg,0905012I0AAAAAA,1,94.31240000000001
90,A88005,Risperidone_Tab 6mg,040201030AAAFAF,1,58.4192
91,A88008,Tetrabenazine_Tab 25mg,0409030C0AAAAAA,3,17.992799999999978
176,A88013,Gemfibrozil_Tab 600mg,0212000Q0AAABAB,1,15.142399999999999
169,A88007,Pyridox HCl_Tab 50mg,0906024N0AAAIAI,1,11.491200000000003
92,A88012,Tetrabenazine_Tab 25mg,0409030C0AAAAAA,1,5.997599999999992
161,A88608,Topiramate_Tab 200mg,040801050AAACAC,2,4.979999999999998
163,A88008,Topiramate_Tab 200mg,040801050AAACAC,2,4.979999999999998
162,A88025,Topiramate_Tab 200mg,040801050AAACAC,2,4.979999999999998
164,A88002,Topiramate_Tab 200mg,040801050AAACAC,2,4.636799999999999
93,A88002,Tetrabenazine_Tab 25mg,0409030C0AAAAAA,1,3.998399999999995
94,A88012,Tetrabenazine_Tab 25mg,0409030C0AAAAAA,1,3.998399999999995
95,A88004,Tetrabenazine_Tab 25mg,0409030C0AAAAAA,1,3.998399999999995
96,A88003,Tetrabenazine_Tab 25mg,0409030C0AAAAAA,4,3.998399999999995
97,A88015,Tetrabenazine_Tab 25mg,0409030C0AAAAAA,7,3.4985999999999953
4,A88013,Clonazepam_Tab 500mcg,0408010F0AAABAB,5,3.1639999999999935
5,A88013,Clonazepam_Tab 500mcg,0408010F0AAABAB,1,3.050999999999994
170,A88015,Pyridox HCl_Tab 50mg,0906024N0AAAIAI,1,2.8728000000000007
6,A88025,Clonazepam_Tab 500mcg,0408010F0AAABAB,3,2.847599999999994
9,A88002,Clonazepam_Tab 500mcg,0408010F0AAABAB,8,2.531199999999995
7,A88008,Clonazepam_Tab 500mcg,0408010F0AAABAB,1,2.531199999999995
8,A88007,Clonazepam_Tab 500mcg,0408010F0AAABAB,4,2.531199999999995
167,A88015,Topiramate_Tab 200mg,040801050AAACAC,1,2.489999999999999
166,A88002,Topiramate_Tab 200mg,040801050AAACAC,1,2.489999999999999
165,A88009,Topiramate_Tab 200mg,040801050AAACAC,1,2.489999999999999
10,A88012,Clonazepam_Tab 500mcg,0408010F0AAABAB,5,2.372999999999995
168,A88004,Topiramate_Tab 200mg,040801050AAACAC,4,2.307200000000001
12,A88013,Clonazepam_Tab 500mcg,0408010F0AAABAB,2,2.2599999999999953
11,A88004,Clonazepam_Tab 500mcg,0408010F0AAABAB,2,2.2599999999999953
99,A88012,Diltiazem HCl_Tab 60mg M/R,0206020C0AAAAAA,12,2.2176000000000076
171,A88012,Pyridox HCl_Tab 50mg,0906024N0AAAIAI,1,1.9152000000000005
15,A88022,Clonazepam_Tab 500mcg,0408010F0AAABAB,1,1.898399999999996
14,A88013,Clonazepam_Tab 500mcg,0408010F0AAABAB,12,1.898399999999996
13,A88025,Clonazepam_Tab 500mcg,0408010F0AAABAB,6,1.898399999999996
100,A88013,Diltiazem HCl_Tab 60mg M/R,0206020C0AAAAAA,5,1.8480000000000063
16,A88012,Clonazepam_Tab 500mcg,0408010F0AAABAB,4,1.5819999999999967
17,A88016,Clonazepam_Tab 500mcg,0408010F0AAABAB,1,1.5819999999999967
18,A88008,Clonazepam_Tab 500mcg,0408010F0AAABAB,5,1.5819999999999967
19,A88008,Clonazepam_Tab 500mcg,0408010F0AAABAB,10,1.5819999999999967
21,A88012,Clonazepam_Tab 500mcg,0408010F0AAABAB,5,1.5819999999999967
20,A88007,Clonazepam_Tab 500mcg,0408010F0AAABAB,5,1.5819999999999967
101,A88613,Diltiazem HCl_Tab 60mg M/R,0206020C0AAAAAA,3,1.5120000000000013
104,A88012,Diltiazem HCl_Tab 60mg M/R,0206020C0AAAAAA,2,1.478400000000005
102,A88002,Diltiazem HCl_Tab 60mg M/R,0206020C0AAAAAA,2,1.478400000000005
103,A88006,Diltiazem HCl_Tab 60mg M/R,0206020C0AAAAAA,2,1.478400000000005
172,A88004,Pyridox HCl_Tab 50mg,0906024N0AAAIAI,4,1.4364000000000003
173,A88002,Pyridox HCl_Tab 50mg,0906024N0AAAIAI,1,1.4364000000000003
177,A88003,Amiodarone HCl_Tab 200mg,0203020D0AAABAB,2,1.4000000000000012
22,A88003,Clonazepam_Tab 500mcg,0408010F0AAABAB,1,1.3559999999999972
23,A88012,Clonazepam_Tab 500mcg,0408010F0AAABAB,1,1.3559999999999972
26,A88013,Clonazepam_Tab 500mcg,0408010F0AAABAB,1,1.2655999999999974
24,A88016,Clonazepam_Tab 500mcg,0408010F0AAABAB,8,1.2655999999999974
29,A88003,Clonazepam_Tab 500mcg,0408010F0AAABAB,2,1.2655999999999974
28,A88015,Clonazepam_Tab 500mcg,0408010F0AAABAB,1,1.2655999999999974
27,A88025,Clonazepam_Tab 500mcg,0408010F0AAABAB,2,1.2655999999999974
25,A88015,Clonazepam_Tab 500mcg,0408010F0AAABAB,4,1.2655999999999974
30,A88023,Clonazepam_Tab 500mcg,0408010F0AAABAB,2,1.1399999999999966
32,A88006,Clonazepam_Tab 500mcg,0408010F0AAABAB,1,1.1299999999999977
31,A88003,Clonazepam_Tab 500mcg,0408010F0AAABAB,1,1.1299999999999977
105,A88007,Diltiazem HCl_Tab 60mg M/R,0206020C0AAAAAA,3,1.1088000000000038
106,A88025,Diltiazem HCl_Tab 60mg M/R,0206020C0AAAAAA,3,1.1088000000000038
34,A88015,Clonazepam_Tab 500mcg,0408010F0AAABAB,7,1.1073999999999977
33,A88002,Clonazepam_Tab 500mcg,0408010F0AAABAB,7,1.1073999999999977
199,A88002,Aspirin Disper_Tab 75mg,0209000A0AAABAB,391,1.0947999999999933
200,A88002,Aspirin Disper_Tab 75mg,0209000A0AAABAB,391,1.0947999999999933
179,A88608,Amiodarone HCl_Tab 200mg,0203020D0AAABAB,3,1.050000000000001
178,A88613,Amiodarone HCl_Tab 200mg,0203020D0AAABAB,3,1.050000000000001
180,A88022,Amiodarone HCl_Tab 200mg,0203020D0AAABAB,3,1.050000000000001
108,A88013,Diltiazem HCl_Tab 60mg M/R,0206020C0AAAAAA,2,1.008000000000001
107,A88608,Diltiazem HCl_Tab 60mg M/R,0206020C0AAAAAA,2,1.008000000000001
98,A88603,Tetrabenazine_Tab 25mg,0409030C0AAAAAA,1,0.9995999999999987
109,A88002,Diltiazem HCl_Tab 60mg M/R,0206020C0AAAAAA,1,0.9856000000000034
174,A88008,Pyridox HCl_Tab 50mg,0906024N0AAAIAI,1,0.9576000000000002
41,A88005,Clonazepam_Tab 500mcg,0408010F0AAABAB,3,0.949199999999998
43,A88013,Clonazepam_Tab 500mcg,0408010F0AAABAB,4,0.949199999999998
42,A88003,Clonazepam_Tab 500mcg,0408010F0AAABAB,1,0.949199999999998
40,A88014,Clonazepam_Tab 500mcg,0408010F0AAABAB,1,0.949199999999998
39,A88004,Clonazepam_Tab 500mcg,0408010F0AAABAB,3,0.949199999999998
38,A88013,Clonazepam_Tab 500mcg,0408010F0AAABAB,1,0.949199999999998
37,A88015,Clonazepam_Tab 500mcg,0408010F0AAABAB,1,0.949199999999998
36,A88005,Clonazepam_Tab 500mcg,0408010F0AAABAB,1,0.949199999999998
35,A88013,Clonazepam_Tab 500mcg,0408010F0AAABAB,3,0.949199999999998
110,A88002,Diltiazem HCl_Tab 60mg M/R,0206020C0AAAAAA,10,0.9240000000000032
201,A88013,Aspirin Disper_Tab 75mg,0209000A0AAABAB,310,0.8679999999999948
202,A88013,Aspirin Disper_Tab 75mg,0209000A0AAABAB,310,0.8679999999999948
111,A88009,Diltiazem HCl_Tab 60mg M/R,0206020C0AAAAAA,1,0.7920000000000027
45,A88007,Clonazepam_Tab 500mcg,0408010F0AAABAB,5,0.7909999999999984
44,A88025,Clonazepam_Tab 500mcg,0408010F0AAABAB,5,0.7909999999999984
47,A88005,Clonazepam_Tab 500mcg,0408010F0AAABAB,5,0.7909999999999984
46,A88022,Clonazepam_Tab 500mcg,0408010F0AAABAB,10,0.7909999999999984
116,A88013,Diltiazem HCl_Tab 60mg M/R,0206020C0AAAAAA,1,0.7392000000000025
115,A88005,Diltiazem HCl_Tab 60mg M/R,0206020C0AAAAAA,1,0.7392000000000025
114,A88010,Diltiazem HCl_Tab 60mg M/R,0206020C0AAAAAA,1,0.7392000000000025
113,A88008,Diltiazem HCl_Tab 60mg M/R,0206020C0AAAAAA,2,0.7392000000000025
112,A88003,Diltiazem HCl_Tab 60mg M/R,0206020C0AAAAAA,2,0.7392000000000025
117,A88608,Diltiazem HCl_Tab 60mg M/R,0206020C0AAAAAA,2,0.7392000000000025
118,A88003,Diltiazem HCl_Tab 60mg M/R,0206020C0AAAAAA,1,0.7392000000000025
119,A88025,Diltiazem HCl_Tab 60mg M/R,0206020C0AAAAAA,1,0.7392000000000025
120,A88004,Diltiazem HCl_Tab 60mg M/R,0206020C0AAAAAA,1,0.7392000000000025
121,A88002,Diltiazem HCl_Tab 60mg M/R,0206020C0AAAAAA,2,0.7392000000000025
122,A88008,Diltiazem HCl_Tab 60mg M/R,0206020C0AAAAAA,8,0.7392000000000025
123,A88004,Diltiazem HCl_Tab 60mg M/R,0206020C0AAAAAA,2,0.7392000000000025
185,A88601,Amiodarone HCl_Tab 200mg,0203020D0AAABAB,1,0.7000000000000006
186,A88009,Amiodarone HCl_Tab 200mg,0203020D0AAABAB,2,0.7000000000000006
188,A88023,Amiodarone HCl_Tab 200mg,0203020D0AAABAB,1,0.7000000000000006
184,A88025,Amiodarone HCl_Tab 200mg,0203020D0AAABAB,2,0.7000000000000006
183,A88002,Amiodarone HCl_Tab 200mg,0203020D0AAABAB,1,0.7000000000000006
182,A88025,Amiodarone HCl_Tab 200mg,0203020D0AAABAB,1,0.7000000000000006
181,A88007,Amiodarone HCl_Tab 200mg,0203020D0AAABAB,1,0.7000000000000006
187,A88004,Amiodarone HCl_Tab 200mg,0203020D0AAABAB,1,0.7000000000000006
48,A88022,Clonazepam_Tab 500mcg,0408010F0AAABAB,1,0.6779999999999986
49,A88004,Clonazepam_Tab 500mcg,0408010F0AAABAB,1,0.6779999999999986
50,A88013,Clonazepam_Tab 500mcg,0408010F0AAABAB,1,0.6779999999999986
56,A88001,Clonazepam_Tab 500mcg,0408010F0AAABAB,1,0.6327999999999987
57,A88613,Clonazepam_Tab 500mcg,0408010F0AAABAB,1,0.6327999999999987
55,A88016,Clonazepam_Tab 500mcg,0408010F0AAABAB,2,0.6327999999999987
59,A88004,Clonazepam_Tab 500mcg,0408010F0AAABAB,8,0.6327999999999987
54,A88005,Clonazepam_Tab 500mcg,0408010F0AAABAB,1,0.6327999999999987
60,A88010,Clonazepam_Tab 500mcg,0408010F0AAABAB,1,0.6327999999999987
61,A88006,Clonazepam_Tab 500mcg,0408010F0AAABAB,1,0.6327999999999987
53,A88023,Clonazepam_Tab 500mcg,0408010F0AAABAB,1,0.6327999999999987
52,A88023,Clonazepam_Tab 500mcg,0408010F0AAABAB,4,0.6327999999999987
51,A88004,Clonazepam_Tab 500mcg,0408010F0AAABAB,1,0.6327999999999987
62,A88016,Clonazepam_Tab 500mcg,0408010F0AAABAB,1,0.6327999999999987
58,A88010,Clonazepam_Tab 500mcg,0408010F0AAABAB,2,0.6327999999999987
124,A88012,Diltiazem HCl_Tab 60mg M/R,0206020C0AAAAAA,5,0.6300000000000006
125,A88006,Diltiazem HCl_Tab 60mg M/R,0206020C0AAAAAA,9,0.5292000000000047
126,A88002,Diltiazem HCl_Tab 60mg M/R,0206020C0AAAAAA,1,0.5040000000000004
128,A88003,Diltiazem HCl_Tab 60mg M/R,0206020C0AAAAAA,1,0.5040000000000004
127,A88004,Diltiazem HCl_Tab 60mg M/R,0206020C0AAAAAA,1,0.5040000000000004
129,A88014,Diltiazem HCl_Tab 60mg M/R,0206020C0AAAAAA,2,0.4928000000000017
130,A88025,Diltiazem HCl_Tab 60mg M/R,0206020C0AAAAAA,2,0.4928000000000017
204,A88007,Aspirin Disper_Tab 75mg,0209000A0AAABAB,176,0.492799999999997
203,A88007,Aspirin Disper_Tab 75mg,0209000A0AAABAB,176,0.492799999999997
175,A88608,Pyridox HCl_Tab 50mg,0906024N0AAAIAI,1,0.4788000000000001
63,A88002,Clonazepam_Tab 500mcg,0408010F0AAABAB,1,0.474599999999999
131,A88013,Diltiazem HCl_Tab 60mg M/R,0206020C0AAAAAA,5,0.4620000000000016
132,A88012,Diltiazem HCl_Tab 60mg M/R,0206020C0AAAAAA,1,0.4400000000000015
206,A88012,Aspirin Disper_Tab 75mg,0209000A0AAABAB,147,0.4115999999999975
205,A88012,Aspirin Disper_Tab 75mg,0209000A0AAABAB,147,0.4115999999999975
133,A88608,Diltiazem HCl_Tab 60mg M/R,0206020C0AAAAAA,1,0.40500000000000036
64,A88013,Clonazepam_Tab 500mcg,0408010F0AAABAB,5,0.3954999999999992
65,A88015,Clonazepam_Tab 500mcg,0408010F0AAABAB,5,0.3954999999999992
207,A88023,Aspirin Disper_Tab 75mg,0209000A0AAABAB,133,0.37239999999999773
208,A88023,Aspirin Disper_Tab 75mg,0209000A0AAABAB,133,0.37239999999999773
138,A88016,Diltiazem HCl_Tab 60mg M/R,0206020C0AAAAAA,4,0.36960000000000126
142,A88613,Diltiazem HCl_Tab 60mg M/R,0206020C0AAAAAA,4,0.36960000000000126
134,A88009,Diltiazem HCl_Tab 60mg M/R,0206020C0AAAAAA,1,0.36960000000000126
136,A88005,Diltiazem HCl_Tab 60mg M/R,0206020C0AAAAAA,4,0.36960000000000126
137,A88014,Diltiazem HCl_Tab 60mg M/R,0206020C0AAAAAA,1,0.36960000000000126
139,A88012,Diltiazem HCl_Tab 60mg M/R,0206020C0AAAAAA,4,0.36960000000000126
140,A88023,Diltiazem HCl_Tab 60mg M/R,0206020C0AAAAAA,4,0.36960000000000126
141,A88006,Diltiazem HCl_Tab 60mg M/R,0206020C0AAAAAA,4,0.36960000000000126
143,A88015,Diltiazem HCl_Tab 60mg M/R,0206020C0AAAAAA,1,0.36960000000000126
144,A88012,Diltiazem HCl_Tab 60mg M/R,0206020C0AAAAAA,1,0.36960000000000126
145,A88016,Diltiazem HCl_Tab 60mg M/R,0206020C0AAAAAA,1,0.36960000000000126
135,A88022,Diltiazem HCl_Tab 60mg M/R,0206020C0AAAAAA,1,0.36960000000000126
192,A88013,Amiodarone HCl_Tab 200mg,0203020D0AAABAB,1,0.3500000000000003
193,A88001,Amiodarone HCl_Tab 200mg,0203020D0AAABAB,1,0.3500000000000003
191,A88005,Amiodarone HCl_Tab 200mg,0203020D0AAABAB,1,0.3500000000000003
190,A88008,Amiodarone HCl_Tab 200mg,0203020D0AAABAB,1,0.3500000000000003
189,A88603,Amiodarone HCl_Tab 200mg,0203020D0AAABAB,1,0.3500000000000003
194,A88015,Amiodarone HCl_Tab 200mg,0203020D0AAABAB,1,0.3500000000000003
68,A88023,Clonazepam_Tab 500mcg,0408010F0AAABAB,1,0.3389999999999993
67,A88003,Clonazepam_Tab 500mcg,0408010F0AAABAB,1,0.3389999999999993
66,A88006,Clonazepam_Tab 500mcg,0408010F0AAABAB,1,0.3389999999999993
196,A88004,Amiodarone HCl_Tab 200mg,0203020D0AAABAB,4,0.3388
195,A88022,Amiodarone HCl_Tab 200mg,0203020D0AAABAB,4,0.3388
197,A88012,Amiodarone HCl_Tab 200mg,0203020D0AAABAB,4,0.3388
74,A88005,Clonazepam_Tab 500mcg,0408010F0AAABAB,4,0.31639999999999935
75,A88613,Clonazepam_Tab 500mcg,0408010F0AAABAB,1,0.31639999999999935
76,A88608,Clonazepam_Tab 500mcg,0408010F0AAABAB,1,0.31639999999999935
77,A88009,Clonazepam_Tab 500mcg,0408010F0AAABAB,1,0.31639999999999935
78,A88023,Clonazepam_Tab 500mcg,0408010F0AAABAB,1,0.31639999999999935
73,A88012,Clonazepam_Tab 500mcg,0408010F0AAABAB,2,0.31639999999999935
72,A88007,Clonazepam_Tab 500mcg,0408010F0AAABAB,4,0.31639999999999935
71,A88016,Clonazepam_Tab 500mcg,0408010F0AAABAB,4,0.31639999999999935
70,A88023,Clonazepam_Tab 500mcg,0408010F0AAABAB,4,0.31639999999999935
69,A88003,Clonazepam_Tab 500mcg,0408010F0AAABAB,1,0.31639999999999935
209,A88008,Aspirin Disper_Tab 75mg,0209000A0AAABAB,107,0.2995999999999982
210,A88008,Aspirin Disper_Tab 75mg,0209000A0AAABAB,107,0.2995999999999982
212,A88022,Aspirin Disper_Tab 75mg,0209000A0AAABAB,103,0.28839999999999827
211,A88022,Aspirin Disper_Tab 75mg,0209000A0AAABAB,103,0.28839999999999827
146,A88015,Diltiazem HCl_Tab 60mg M/R,0206020C0AAAAAA,3,0.27720000000000095
214,A88005,Aspirin Disper_Tab 75mg,0209000A0AAABAB,96,0.2687999999999984
213,A88005,Aspirin Disper_Tab 75mg,0209000A0AAABAB,96,0.2687999999999984
147,A88022,Diltiazem HCl_Tab 60mg M/R,0206020C0AAAAAA,1,0.2640000000000009
216,A88015,Aspirin Disper_Tab 75mg,0209000A0AAABAB,91,0.25479999999999847
215,A88015,Aspirin Disper_Tab 75mg,0209000A0AAABAB,91,0.25479999999999847
198,A88003,Amiodarone HCl_Tab 200mg,0203020D0AAABAB,3,0.2541
148,A88025,Diltiazem HCl_Tab 60mg M/R,0206020C0AAAAAA,2,0.2520000000000002
218,A88016,Aspirin Disper_Tab 75mg,0209000A0AAABAB,90,0.25199999999999845
217,A88016,Aspirin Disper_Tab 75mg,0209000A0AAABAB,90,0.25199999999999845
149,A88012,Diltiazem HCl_Tab 60mg M/R,0206020C0AAAAAA,1,0.24640000000000084
150,A88004,Diltiazem HCl_Tab 60mg M/R,0206020C0AAAAAA,1,0.24640000000000084
151,A88022,Diltiazem HCl_Tab 60mg M/R,0206020C0AAAAAA,1,0.24640000000000084
152,A88007,Diltiazem HCl_Tab 60mg M/R,0206020C0AAAAAA,1,0.24640000000000084
153,A88613,Diltiazem HCl_Tab 60mg M/R,0206020C0AAAAAA,4,0.23520000000000207
154,A88002,Diltiazem HCl_Tab 60mg M/R,0206020C0AAAAAA,4,0.23520000000000207
79,A88006,Clonazepam_Tab 500mcg,0408010F0AAABAB,1,0.22199999999999998
220,A88006,Aspirin Disper_Tab 75mg,0209000A0AAABAB,79,0.22119999999999868
219,A88006,Aspirin Disper_Tab 75mg,0209000A0AAABAB,79,0.22119999999999868
222,A88010,Aspirin Disper_Tab 75mg,0209000A0AAABAB,78,0.21839999999999868
221,A88010,Aspirin Disper_Tab 75mg,0209000A0AAABAB,78,0.21839999999999868
224,A88014,Aspirin Disper_Tab 75mg,0209000A0AAABAB,72,0.20159999999999878
223,A88014,Aspirin Disper_Tab 75mg,0209000A0AAABAB,72,0.20159999999999878
228,A88003,Aspirin Disper_Tab 75mg,0209000A0AAABAB,68,0.19039999999999885
227,A88603,Aspirin Disper_Tab 75mg,0209000A0AAABAB,68,0.19039999999999885
226,A88003,Aspirin Disper_Tab 75mg,0209000A0AAABAB,68,0.19039999999999885
225,A88603,Aspirin Disper_Tab 75mg,0209000A0AAABAB,68,0.19039999999999885
80,A88003,Clonazepam_Tab 500mcg,0408010F0AAABAB,1,0.1791999999999998
82,A88002,Clonazepam_Tab 500mcg,0408010F0AAABAB,1,0.174
81,A88009,Clonazepam_Tab 500mcg,0408010F0AAABAB,1,0.174
84,A88001,Clonazepam_Tab 500mcg,0408010F0AAABAB,4,0.16959999999999997
83,A88013,Clonazepam_Tab 500mcg,0408010F0AAABAB,4,0.16959999999999997
87,A88009,Clonazepam_Tab 500mcg,0408010F0AAABAB,1,0.15819999999999967
86,A88601,Clonazepam_Tab 500mcg,0408010F0AAABAB,1,0.15819999999999967
85,A88004,Clonazepam_Tab 500mcg,0408010F0AAABAB,1,0.15819999999999967
88,A88603,Clonazepam_Tab 500mcg,0408010F0AAABAB,1,0.15819999999999967
229,A88001,Aspirin Disper_Tab 75mg,0209000A0AAABAB,54,0.15119999999999909
230,A88001,Aspirin Disper_Tab 75mg,0209000A0AAABAB,54,0.15119999999999909
155,A88013,Diltiazem HCl_Tab 60mg M/R,0206020C0AAAAAA,1,0.1379999999999998
156,A88601,Diltiazem HCl_Tab 60mg M/R,0206020C0AAAAAA,4,0.13720000000000043
157,A88013,Diltiazem HCl_Tab 60mg M/R,0206020C0AAAAAA,4,0.13720000000000043
158,A88613,Diltiazem HCl_Tab 60mg M/R,0206020C0AAAAAA,1,0.1260000000000001
159,A88002,Diltiazem HCl_Tab 60mg M/R,0206020C0AAAAAA,1,0.1260000000000001
234,A88608,Aspirin Disper_Tab 75mg,0209000A0AAABAB,37,0.10359999999999937
231,A88608,Aspirin Disper_Tab 75mg,0209000A0AAABAB,37,0.10359999999999937
232,A88004,Aspirin Disper_Tab 75mg,0209000A0AAABAB,37,0.10359999999999937
233,A88004,Aspirin Disper_Tab 75mg,0209000A0AAABAB,37,0.10359999999999937
235,A88601,Aspirin Disper_Tab 75mg,0209000A0AAABAB,32,0.08959999999999946
236,A88601,Aspirin Disper_Tab 75mg,0209000A0AAABAB,32,0.08959999999999946
89,A88601,Clonazepam_Tab 500mcg,0408010F0AAABAB,1,0.07909999999999984
239,A88002,Aspirin Disper_Tab 75mg,0209000A0AAABAB,8,0.04479999999999973
240,A88008,Aspirin Disper_Tab 75mg,0209000A0AAABAB,8,0.04479999999999973
238,A88008,Aspirin Disper_Tab 75mg,0209000A0AAABAB,8,0.04479999999999973
237,A88002,Aspirin Disper_Tab 75mg,0209000A0AAABAB,8,0.04479999999999973
242,A88015,Aspirin Disper_Tab 75mg,0209000A0AAABAB,7,0.03919999999999976
241,A88015,Aspirin Disper_Tab 75mg,0209000A0AAABAB,7,0.03919999999999976
160,A88003,Diltiazem HCl_Tab 60mg M/R,0206020C0AAAAAA,1,0.03430000000000011
243,A88603,Aspirin Disper_Tab 75mg,0209000A0AAABAB,6,0.0335999999999998
244,A88005,Aspirin Disper_Tab 75mg,0209000A0AAABAB,6,0.0335999999999998
245,A88603,Aspirin Disper_Tab 75mg,0209000A0AAABAB,6,0.0335999999999998
246,A88005,Aspirin Disper_Tab 75mg,0209000A0AAABAB,6,0.0335999999999998
247,A88022,Aspirin Disper_Tab 75mg,0209000A0AAABAB,5,0.02799999999999983
248,A88022,Aspirin Disper_Tab 75mg,0209000A0AAABAB,5,0.02799999999999983
250,A88007,Aspirin Disper_Tab 75mg,0209000A0AAABAB,4,0.022399999999999864
252,A88012,Aspirin Disper_Tab 75mg,0209000A0AAABAB,4,0.022399999999999864
251,A88012,Aspirin Disper_Tab 75mg,0209000A0AAABAB,4,0.022399999999999864
249,A88007,Aspirin Disper_Tab 75mg,0209000A0AAABAB,4,0.022399999999999864
253,A88613,Aspirin Disper_Tab 75mg,0209000A0AAABAB,6,0.0167999999999999
254,A88613,Aspirin Disper_Tab 75mg,0209000A0AAABAB,6,0.0167999999999999
1,A88010,Cinacalcet HCl_Tab 30mg,0905012I0AAAAAA,4,0.016799999999960846
255,A88016,Aspirin Disper_Tab 75mg,0209000A0AAABAB,4,0.014399999999999996
256,A88016,Aspirin Disper_Tab 75mg,0209000A0AAABAB,4,0.014399999999999996
257,A88004,Aspirin Disper_Tab 75mg,0209000A0AAABAB,2,0.011199999999999932
258,A88004,Aspirin Disper_Tab 75mg,0209000A0AAABAB,2,0.011199999999999932
259,A88608,Aspirin Disper_Tab 75mg,0209000A0AAABAB,3,0.008999999999999946
260,A88608,Aspirin Disper_Tab 75mg,0209000A0AAABAB,3,0.008999999999999946
262,A88009,Aspirin Disper_Tab 75mg,0209000A0AAABAB,3,0.00839999999999995
261,A88009,Aspirin Disper_Tab 75mg,0209000A0AAABAB,3,0.00839999999999995
2,A88012,Cinacalcet HCl_Tab 30mg,0905012I0AAAAAA,4,0.008399999999980423
263,A88014,Aspirin Disper_Tab 75mg,0209000A0AAABAB,2,0.005999999999999964
264,A88025,Aspirin Disper_Tab 75mg,0209000A0AAABAB,2,0.005999999999999964
265,A88025,Aspirin Disper_Tab 75mg,0209000A0AAABAB,2,0.005999999999999964
266,A88014,Aspirin Disper_Tab 75mg,0209000A0AAABAB,2,0.005999999999999964
267,A88001,Aspirin Disper_Tab 75mg,0209000A0AAABAB,1,0.005599999999999966
268,A88001,Aspirin Disper_Tab 75mg,0209000A0AAABAB,1,0.005599999999999966
269,A88015,Aspirin Disper_Tab 75mg,0209000A0AAABAB,1,0.003599999999999999
270,A88015,Aspirin Disper_Tab 75mg,0209000A0AAABAB,1,0.003599999999999999
3,A88003,Cinacalcet HCl_Tab 30mg,0905012I0AAAAAA,1,0.0020999999999951058
271,A88003,Aspirin Disper_Tab 75mg,0209000A0AAABAB,1,0.0017999999999999995
272,A88003,Aspirin Disper_Tab 75mg,0209000A0AAABAB,1,0.0017999999999999995
273,A88015,Aspirin Disper_Tab 75mg,0209000A0AAABAB,1,-0.0020999999999999873
274,A88015,Aspirin Disper_Tab 75mg,0209000A0AAABAB,1,-0.0020999999999999873
275,A88022,Aspirin Disper_Tab 75mg,0209000A0AAABAB,1,-0.003999999999999976
276,A88022,Aspirin Disper_Tab 75mg,0209000A0AAABAB,1,-0.003999999999999976
