,practice_code,bnf_description,bnf_code,items,excess_cost
0,H84010,Amiodarone HCl_Tab 200mg,0203020D0AAABAB,10,2.0776000000000012
1,H84010,Aspirin Disper_Tab 75mg,0209000A0AAABAB,142,0.3975999999999976
2,H84010,Buprenorphine_Tab Subling 400mcg S/F,0410030A0AAACAC,13,3.5424
3,H84010,Clonazepam_Tab 500mcg,0408010F0AAABAB,9,5.943799999999988
4,H84010,Diltiazem HCl_Tab 60mg M/R,0206020C0AAAAAA,1,0.2640000000000009
5,H84010,Pyridox HCl_Tab 50mg,0906024N0AAAIAI,2,1.9152000000000005
6,H84015,Amiodarone HCl_Tab 200mg,0203020D0AAABAB,2,1.4000000000000012
7,H84015,Aspirin Disper_Tab 75mg,0209000A0AAABAB,86,0.24079999999999854
8,H84015,Clonazepam_Tab 500mcg,0408010F0AAABAB,7,3.2091999999999934
9,H84015,Diltiazem HCl_Tab 60mg M/R,0206020C0AAAAAA,2,0.7504000000000013
10,H84016,Amiodarone HCl_Tab 200mg,0203020D0AAABAB,9,0.7623
11,H84016,Aspirin Disper_Tab 75mg,0209000A0AAABAB,520,1.4895999999999912
12,H84016,Buprenorphine_Tab Subling 400mcg S/F,0410030A0AAACAC,2,0.7616
13,H84016,Clonazepam_Tab 500mcg,0408010F0AAABAB,42,17.627999999999965
14,H84016,Diltiazem HCl_Tab 60mg M/R,0206020C0AAAAAA,21,6.230700000000014
15,H84016,Pyridox HCl_Tab 50mg,0906024N0AAAIAI,4,4.788000000000001
16,H84016,Risperidone_Tab 6mg,040201030AAAFAF,1,29.2096
17,H84020,Amiodarone HCl_Tab 200mg,0203020D0AAABAB,1,0.7000000000000006
18,H84020,Aspirin Disper_Tab 75mg,0209000A0AAABAB,266,0.7451999999999955
19,H84020,Clonazepam_Tab 500mcg,0408010F0AAABAB,4,1.7627999999999964
20,H84020,Diltiazem HCl_Tab 60mg M/R,0206020C0AAAAAA,1,0.7392000000000025
21,H84020,Topiramate_Tab 200mg,040801050AAACAC,4,2.307200000000001
22,H84025,Amiodarone HCl_Tab 200mg,0203020D0AAABAB,1,0.7000000000000006
23,H84025,Aspirin Disper_Tab 75mg,0209000A0AAABAB,106,0.2967999999999982
24,H84025,Clonazepam_Tab 500mcg,0408010F0AAABAB,5,0.6327999999999987
25,H84025,Diltiazem HCl_Tab 60mg M/R,0206020C0AAAAAA,1,0.24640000000000084
26,H84027,Amiodarone HCl_Tab 200mg,0203020D0AAABAB,5,2.8000000000000025
27,H84027,Aspirin Disper_Tab 75mg,0209000A0AAABAB,186,0.5333999999999968
28,H84027,Clonazepam_Tab 500mcg,0408010F0AAABAB,4,0.949199999999998
29,H84027,Diltiazem HCl_Tab 60mg M/R,0206020C0AAAAAA,2,1.243200000000003
30,H84027,Mesalazine_Tab E/C 800mg,0105010B0AAASAS,1,44.279999999999994
31,H84027,Pyridox HCl_Tab 50mg,0906024N0AAAIAI,1,1.4364000000000003
32,H84030,Amiodarone HCl_Tab 200mg,0203020D0AAABAB,23,3.889900000000002
33,H84030,Aspirin Disper_Tab 75mg,0209000A0AAABAB,432,1.2095999999999927
34,H84030,Clonazepam_Tab 500mcg,0408010F0AAABAB,32,8.949599999999982
35,H84030,Diltiazem HCl_Tab 60mg M/R,0206020C0AAAAAA,6,2.105600000000006
36,H84030,Pyridox HCl_Tab 50mg,0906024N0AAAIAI,4,0.9576000000000002
37,H84033,Amiodarone HCl_Tab 200mg,0203020D0AAABAB,3,2.100000000000002
38,H84033,Aspirin Disper_Tab 75mg,0209000A0AAABAB,142,0.4199999999999975
39,H84033,Clonazepam_Tab 500mcg,0408010F0AAABAB,4,0.31639999999999935
40,H84033,Pyridox HCl_Tab 50mg,0906024N0AAAIAI,1,0.9576000000000002
41,H84033,Topiramate_Tab 200mg,040801050AAACAC,5,7.287199999999999
42,H84034,Amiodarone HCl_Tab 200mg,0203020D0AAABAB,1,0.7000000000000006
43,H84034,Aspirin Disper_Tab 75mg,0209000A0AAABAB,128,0.36959999999999776
44,H84034,Buprenorphine_Tab Subling 400mcg S/F,0410030A0AAACAC,1,1.5232
45,H84034,Clonazepam_Tab 500mcg,0408010F0AAABAB,14,6.982099999999985
46,H84034,Diltiazem HCl_Tab 60mg M/R,0206020C0AAAAAA,3,1.2544000000000017
47,H84042,Amiodarone HCl_Tab 200mg,0203020D0AAABAB,4,1.4000000000000012
48,H84042,Aspirin Disper_Tab 75mg,0209000A0AAABAB,236,0.6607999999999961
49,H84042,Clonazepam_Tab 500mcg,0408010F0AAABAB,6,7.254599999999986
50,H84042,Diltiazem HCl_Tab 60mg M/R,0206020C0AAAAAA,2,0.37240000000000095
51,H84042,Gemfibrozil_Tab 600mg,0212000Q0AAABAB,1,7.571199999999999
52,H84042,Mesalazine_Tab E/C 800mg,0105010B0AAASAS,1,34.43999999999999
53,H84050,Amiodarone HCl_Tab 200mg,0203020D0AAABAB,2,1.050000000000001
54,H84050,Aspirin Disper_Tab 75mg,0209000A0AAABAB,186,0.5207999999999968
55,H84050,Clonazepam_Tab 500mcg,0408010F0AAABAB,1,0.6327999999999987
56,H84050,Diltiazem HCl_Tab 60mg M/R,0206020C0AAAAAA,2,0.7504000000000013
57,H84051,Aspirin Disper_Tab 75mg,0209000A0AAABAB,102,0.2859999999999983
58,H84051,Clonazepam_Tab 500mcg,0408010F0AAABAB,4,0.6327999999999987
59,H84053,Amiodarone HCl_Tab 200mg,0203020D0AAABAB,1,0.3500000000000003
60,H84053,Aspirin Disper_Tab 75mg,0209000A0AAABAB,62,0.17359999999999895
61,H84053,Clonazepam_Tab 500mcg,0408010F0AAABAB,10,4.183999999999991
62,H84053,Diltiazem HCl_Tab 60mg M/R,0206020C0AAAAAA,4,0.23520000000000207
63,H84053,Pyridox HCl_Tab 50mg,0906024N0AAAIAI,1,0.4788000000000001
64,H84054,Aspirin Disper_Tab 75mg,0209000A0AAABAB,194,0.5431999999999967
65,H84061,Aspirin Disper_Tab 75mg,0209000A0AAABAB,48,0.1343999999999992
66,H84061,Clonazepam_Tab 500mcg,0408010F0AAABAB,8,3.1187999999999936
67,H84061,Diltiazem HCl_Tab 60mg M/R,0206020C0AAAAAA,1,0.5040000000000004
68,H84062,Amiodarone HCl_Tab 200mg,0203020D0AAABAB,1,0.7500000000000007
69,H84062,Aspirin Disper_Tab 75mg,0209000A0AAABAB,130,0.36399999999999777
70,H84062,Clonazepam_Tab 500mcg,0408010F0AAABAB,3,0.994399999999998
71,H84062,Mesalazine_Tab E/C 800mg,0105010B0AAASAS,1,34.43999999999999
72,H84618,Aspirin Disper_Tab 75mg,0209000A0AAABAB,72,0.20239999999999875
73,H84618,Clonazepam_Tab 500mcg,0408010F0AAABAB,1,0.6327999999999987
74,H84619,Amiodarone HCl_Tab 200mg,0203020D0AAABAB,2,1.050000000000001
75,H84619,Aspirin Disper_Tab 75mg,0209000A0AAABAB,48,0.1343999999999992
76,H84619,Buprenorphine_Tab Subling 400mcg S/F,0410030A0AAACAC,1,3.0464
77,H84619,Clonazepam_Tab 500mcg,0408010F0AAABAB,9,4.005199999999991
78,H84619,Diltiazem HCl_Tab 60mg M/R,0206020C0AAAAAA,2,0.7504000000000013
79,H84629,Aspirin Disper_Tab 75mg,0209000A0AAABAB,72,0.20159999999999878
80,H84629,Clonazepam_Tab 500mcg,0408010F0AAABAB,5,1.898399999999996
81,H84629,Diltiazem HCl_Tab 60mg M/R,0206020C0AAAAAA,1,0.5040000000000004
82,H84635,Amiodarone HCl_Tab 200mg,0203020D0AAABAB,2,1.4000000000000012
83,H84635,Aspirin Disper_Tab 75mg,0209000A0AAABAB,232,0.6495999999999961
84,H84635,Clonazepam_Tab 500mcg,0408010F0AAABAB,6,2.2599999999999953
85,H84635,Diltiazem HCl_Tab 60mg M/R,0206020C0AAAAAA,8,2.105600000000006
86,H85055,Amiodarone HCl_Tab 200mg,0203020D0AAABAB,6,1.7388000000000012
87,H85055,Aspirin Disper_Tab 75mg,0209000A0AAABAB,250,0.7015999999999959
88,H85055,Clonazepam_Tab 500mcg,0408010F0AAABAB,3,1.4621999999999973
