,practice_code,bnf_description,bnf_code,items,excess_cost
198,N83060,Risperidone_Tab 6mg,040201030AAAFAF,2,58.4192
97,N83023,Co-Codamol_Tab 8mg/500mg,0407010F0AAAAAA,3,31.516799999999996
96,N83023,Co-Codamol_Tab 8mg/500mg,0407010F0AAAAAA,3,31.516799999999996
275,N83022,Acetylcy_Tab Eff 600mg S/F,0307000C0AAARAR,1,23.242799999999995
240,N83012,Tetrabenazine_Tab 25mg,0409030C0AAAAAA,2,11.995199999999985
239,N83637,Tetrabenazine_Tab 25mg,0409030C0AAAAAA,2,11.995199999999985
99,N83635,Co-Codamol_Tab 8mg/500mg,0407010F0AAAAAA,1,10.56
98,N83635,Co-Codamol_Tab 8mg/500mg,0407010F0AAAAAA,1,10.56
250,Y05668,Buprenorphine_Tab Subling 400mcg S/F,0410030A0AAACAC,9,10.281600000000001
251,Y05668,Buprenorphine_Tab Subling 400mcg S/F,0410030A0AAACAC,5,7.6160000000000005
199,N83021,Amiodarone HCl_Tab 200mg,0203020D0AAABAB,15,5.250000000000004
241,N83017,Tetrabenazine_Tab 25mg,0409030C0AAAAAA,1,4.997999999999994
265,N83624,Topiramate_Tab 200mg,040801050AAACAC,2,4.979999999999998
252,N83001,Buprenorphine_Tab Subling 400mcg S/F,0410030A0AAACAC,1,4.5696
253,N83003,Buprenorphine_Tab Subling 400mcg S/F,0410030A0AAACAC,2,3.8080000000000003
0,N83001,Clonazepam_Tab 500mcg,0408010F0AAABAB,6,3.796799999999992
2,N83012,Clonazepam_Tab 500mcg,0408010F0AAABAB,6,3.796799999999992
1,N83045,Clonazepam_Tab 500mcg,0408010F0AAABAB,2,3.796799999999992
3,N83002,Clonazepam_Tab 500mcg,0408010F0AAABAB,5,3.1639999999999935
242,N83012,Tetrabenazine_Tab 25mg,0409030C0AAAAAA,2,2.998799999999996
243,Y02510,Tetrabenazine_Tab 25mg,0409030C0AAAAAA,1,2.998799999999996
350,N83012,Pyridox HCl_Tab 50mg,0906024N0AAAIAI,2,2.8728000000000007
200,N83035,Amiodarone HCl_Tab 200mg,0203020D0AAABAB,8,2.8000000000000025
4,N83021,Clonazepam_Tab 500mcg,0408010F0AAABAB,4,2.531199999999995
5,N83005,Clonazepam_Tab 500mcg,0408010F0AAABAB,4,2.531199999999995
268,N83008,Topiramate_Tab 200mg,040801050AAACAC,1,2.489999999999999
267,N83001,Topiramate_Tab 200mg,040801050AAACAC,1,2.489999999999999
266,N83023,Topiramate_Tab 200mg,040801050AAACAC,1,2.489999999999999
201,N83001,Amiodarone HCl_Tab 200mg,0203020D0AAABAB,7,2.450000000000002
271,N83620,Topiramate_Tab 200mg,040801050AAACAC,1,2.3183999999999996
272,N83624,Topiramate_Tab 200mg,040801050AAACAC,1,2.3183999999999996
274,N83060,Topiramate_Tab 200mg,040801050AAACAC,1,2.3183999999999996
273,N83045,Topiramate_Tab 200mg,040801050AAACAC,1,2.3183999999999996
269,N83001,Topiramate_Tab 200mg,040801050AAACAC,1,2.3183999999999996
270,N83020,Topiramate_Tab 200mg,040801050AAACAC,1,2.3183999999999996
254,Y05668,Buprenorphine_Tab Subling 400mcg S/F,0410030A0AAACAC,3,2.2848
255,N83614,Buprenorphine_Tab Subling 400mcg S/F,0410030A0AAACAC,1,2.2848
6,Y00475,Clonazepam_Tab 500mcg,0408010F0AAABAB,2,2.2599999999999953
7,N83012,Clonazepam_Tab 500mcg,0408010F0AAABAB,7,2.2147999999999954
202,N83019,Amiodarone HCl_Tab 200mg,0203020D0AAABAB,6,2.100000000000002
244,N83003,Tetrabenazine_Tab 25mg,0409030C0AAAAAA,2,1.9991999999999974
245,N83035,Tetrabenazine_Tab 25mg,0409030C0AAAAAA,1,1.9991999999999974
351,N83027,Pyridox HCl_Tab 50mg,0906024N0AAAIAI,1,1.9152000000000005
256,N83027,Buprenorphine_Tab Subling 400mcg S/F,0410030A0AAACAC,1,1.9040000000000001
8,N83012,Clonazepam_Tab 500mcg,0408010F0AAABAB,4,1.898399999999996
9,N83050,Clonazepam_Tab 500mcg,0408010F0AAABAB,2,1.898399999999996
12,N83010,Clonazepam_Tab 500mcg,0408010F0AAABAB,3,1.898399999999996
10,N83001,Clonazepam_Tab 500mcg,0408010F0AAABAB,1,1.898399999999996
11,N83008,Clonazepam_Tab 500mcg,0408010F0AAABAB,6,1.898399999999996
17,N83637,Clonazepam_Tab 500mcg,0408010F0AAABAB,2,1.898399999999996
19,N83023,Clonazepam_Tab 500mcg,0408010F0AAABAB,2,1.898399999999996
21,N83005,Clonazepam_Tab 500mcg,0408010F0AAABAB,2,1.898399999999996
13,N83019,Clonazepam_Tab 500mcg,0408010F0AAABAB,1,1.898399999999996
14,N83012,Clonazepam_Tab 500mcg,0408010F0AAABAB,1,1.898399999999996
15,N83620,Clonazepam_Tab 500mcg,0408010F0AAABAB,1,1.898399999999996
20,N83045,Clonazepam_Tab 500mcg,0408010F0AAABAB,2,1.898399999999996
16,N83624,Clonazepam_Tab 500mcg,0408010F0AAABAB,6,1.898399999999996
18,Y02510,Clonazepam_Tab 500mcg,0408010F0AAABAB,3,1.898399999999996
257,N83005,Buprenorphine_Tab Subling 400mcg S/F,0410030A0AAACAC,1,1.7680000000000002
203,N83022,Amiodarone HCl_Tab 200mg,0203020D0AAABAB,5,1.7500000000000016
205,N83005,Amiodarone HCl_Tab 200mg,0203020D0AAABAB,5,1.7500000000000016
204,N83002,Amiodarone HCl_Tab 200mg,0203020D0AAABAB,5,1.7500000000000016
22,N83001,Clonazepam_Tab 500mcg,0408010F0AAABAB,5,1.5819999999999967
23,N83020,Clonazepam_Tab 500mcg,0408010F0AAABAB,1,1.5819999999999967
24,N83027,Clonazepam_Tab 500mcg,0408010F0AAABAB,5,1.5819999999999967
259,N83002,Buprenorphine_Tab Subling 400mcg S/F,0410030A0AAACAC,4,1.5232
258,N83635,Buprenorphine_Tab Subling 400mcg S/F,0410030A0AAACAC,1,1.5232
246,N83005,Tetrabenazine_Tab 25mg,0409030C0AAAAAA,1,1.499399999999998
356,N83023,Pyridox HCl_Tab 50mg,0906024N0AAAIAI,1,1.4364000000000003
354,N83021,Pyridox HCl_Tab 50mg,0906024N0AAAIAI,3,1.4364000000000003
353,N83021,Pyridox HCl_Tab 50mg,0906024N0AAAIAI,1,1.4364000000000003
352,Y00475,Pyridox HCl_Tab 50mg,0906024N0AAAIAI,1,1.4364000000000003
355,N83035,Pyridox HCl_Tab 50mg,0906024N0AAAIAI,1,1.4364000000000003
25,N83045,Clonazepam_Tab 500mcg,0408010F0AAABAB,1,1.423799999999997
206,N83020,Amiodarone HCl_Tab 200mg,0203020D0AAABAB,4,1.4000000000000012
207,N83023,Amiodarone HCl_Tab 200mg,0203020D0AAABAB,4,1.4000000000000012
208,Y02510,Amiodarone HCl_Tab 200mg,0203020D0AAABAB,4,1.4000000000000012
209,N83020,Amiodarone HCl_Tab 200mg,0203020D0AAABAB,2,1.4000000000000012
210,N83012,Amiodarone HCl_Tab 200mg,0203020D0AAABAB,4,1.4000000000000012
260,N83008,Buprenorphine_Tab Subling 400mcg S/F,0410030A0AAACAC,1,1.36
34,N83012,Clonazepam_Tab 500mcg,0408010F0AAABAB,1,1.2655999999999974
33,N83637,Clonazepam_Tab 500mcg,0408010F0AAABAB,1,1.2655999999999974
38,N83604,Clonazepam_Tab 500mcg,0408010F0AAABAB,1,1.2655999999999974
37,N83003,Clonazepam_Tab 500mcg,0408010F0AAABAB,2,1.2655999999999974
36,N83020,Clonazepam_Tab 500mcg,0408010F0AAABAB,2,1.2655999999999974
26,N83035,Clonazepam_Tab 500mcg,0408010F0AAABAB,1,1.2655999999999974
27,N83002,Clonazepam_Tab 500mcg,0408010F0AAABAB,1,1.2655999999999974
28,N83019,Clonazepam_Tab 500mcg,0408010F0AAABAB,2,1.2655999999999974
35,N83624,Clonazepam_Tab 500mcg,0408010F0AAABAB,2,1.2655999999999974
29,N83019,Clonazepam_Tab 500mcg,0408010F0AAABAB,1,1.2655999999999974
30,N83006,Clonazepam_Tab 500mcg,0408010F0AAABAB,2,1.2655999999999974
31,N83022,Clonazepam_Tab 500mcg,0408010F0AAABAB,2,1.2655999999999974
32,N83637,Clonazepam_Tab 500mcg,0408010F0AAABAB,2,1.2655999999999974
261,Y05668,Buprenorphine_Tab Subling 400mcg S/F,0410030A0AAACAC,3,1.1424
212,N83022,Amiodarone HCl_Tab 200mg,0203020D0AAABAB,1,1.050000000000001
217,N83003,Amiodarone HCl_Tab 200mg,0203020D0AAABAB,3,1.050000000000001
215,N83027,Amiodarone HCl_Tab 200mg,0203020D0AAABAB,3,1.050000000000001
214,N83008,Amiodarone HCl_Tab 200mg,0203020D0AAABAB,3,1.050000000000001
213,N83010,Amiodarone HCl_Tab 200mg,0203020D0AAABAB,3,1.050000000000001
216,N83620,Amiodarone HCl_Tab 200mg,0203020D0AAABAB,3,1.050000000000001
211,N83060,Amiodarone HCl_Tab 200mg,0203020D0AAABAB,3,1.050000000000001
248,N83005,Tetrabenazine_Tab 25mg,0409030C0AAAAAA,1,0.9995999999999987
247,N83020,Tetrabenazine_Tab 25mg,0409030C0AAAAAA,1,0.9995999999999987
279,N83041,Co-Codamol_Cap 8mg/500mg,0407010F0AAABAB,6,0.9600000000000108
276,N83637,Co-Codamol_Cap 8mg/500mg,0407010F0AAABAB,6,0.9600000000000108
277,N83041,Co-Codamol_Cap 8mg/500mg,0407010F0AAABAB,6,0.9600000000000108
278,N83637,Co-Codamol_Cap 8mg/500mg,0407010F0AAABAB,6,0.9600000000000108
357,N83614,Pyridox HCl_Tab 50mg,0906024N0AAAIAI,1,0.9576000000000002
358,N83008,Pyridox HCl_Tab 50mg,0906024N0AAAIAI,2,0.9576000000000002
359,N83020,Pyridox HCl_Tab 50mg,0906024N0AAAIAI,1,0.9576000000000002
44,Y02510,Clonazepam_Tab 500mcg,0408010F0AAABAB,1,0.949199999999998
43,N83050,Clonazepam_Tab 500mcg,0408010F0AAABAB,6,0.949199999999998
39,N83035,Clonazepam_Tab 500mcg,0408010F0AAABAB,1,0.949199999999998
40,N83019,Clonazepam_Tab 500mcg,0408010F0AAABAB,3,0.949199999999998
41,N83022,Clonazepam_Tab 500mcg,0408010F0AAABAB,1,0.949199999999998
45,N83050,Clonazepam_Tab 500mcg,0408010F0AAABAB,2,0.949199999999998
42,N83020,Clonazepam_Tab 500mcg,0408010F0AAABAB,1,0.949199999999998
46,N83027,Clonazepam_Tab 500mcg,0408010F0AAABAB,1,0.949199999999998
47,N83041,Clonazepam_Tab 500mcg,0408010F0AAABAB,1,0.949199999999998
48,N83007,Clonazepam_Tab 500mcg,0408010F0AAABAB,1,0.949199999999998
50,N83005,Clonazepam_Tab 500mcg,0408010F0AAABAB,1,0.9039999999999981
49,N83001,Clonazepam_Tab 500mcg,0408010F0AAABAB,1,0.9039999999999981
52,N83027,Clonazepam_Tab 500mcg,0408010F0AAABAB,5,0.7909999999999984
51,N83021,Clonazepam_Tab 500mcg,0408010F0AAABAB,5,0.7909999999999984
218,N83001,Amiodarone HCl_Tab 200mg,0203020D0AAABAB,1,0.7812000000000014
281,N83035,Co-Codamol_Cap 8mg/500mg,0407010F0AAABAB,2,0.7168000000000081
280,N83035,Co-Codamol_Cap 8mg/500mg,0407010F0AAABAB,2,0.7168000000000081
228,N83624,Amiodarone HCl_Tab 200mg,0203020D0AAABAB,2,0.7000000000000006
227,N83026,Amiodarone HCl_Tab 200mg,0203020D0AAABAB,1,0.7000000000000006
226,N83010,Amiodarone HCl_Tab 200mg,0203020D0AAABAB,1,0.7000000000000006
225,N83021,Amiodarone HCl_Tab 200mg,0203020D0AAABAB,1,0.7000000000000006
224,N83003,Amiodarone HCl_Tab 200mg,0203020D0AAABAB,1,0.7000000000000006
222,N83045,Amiodarone HCl_Tab 200mg,0203020D0AAABAB,2,0.7000000000000006
223,N83001,Amiodarone HCl_Tab 200mg,0203020D0AAABAB,1,0.7000000000000006
221,N83635,Amiodarone HCl_Tab 200mg,0203020D0AAABAB,1,0.7000000000000006
220,N83628,Amiodarone HCl_Tab 200mg,0203020D0AAABAB,2,0.7000000000000006
219,N83017,Amiodarone HCl_Tab 200mg,0203020D0AAABAB,1,0.7000000000000006
282,N83005,Co-Codamol_Cap 8mg/500mg,0407010F0AAABAB,2,0.6400000000000072
284,N83005,Co-Codamol_Cap 8mg/500mg,0407010F0AAABAB,2,0.6400000000000072
285,N83001,Co-Codamol_Cap 8mg/500mg,0407010F0AAABAB,2,0.6400000000000072
283,N83001,Co-Codamol_Cap 8mg/500mg,0407010F0AAABAB,2,0.6400000000000072
63,N83620,Clonazepam_Tab 500mcg,0408010F0AAABAB,2,0.6327999999999987
67,N83021,Clonazepam_Tab 500mcg,0408010F0AAABAB,2,0.6327999999999987
66,N83049,Clonazepam_Tab 500mcg,0408010F0AAABAB,2,0.6327999999999987
54,Y00475,Clonazepam_Tab 500mcg,0408010F0AAABAB,1,0.6327999999999987
55,N83023,Clonazepam_Tab 500mcg,0408010F0AAABAB,1,0.6327999999999987
65,N83635,Clonazepam_Tab 500mcg,0408010F0AAABAB,1,0.6327999999999987
64,N83045,Clonazepam_Tab 500mcg,0408010F0AAABAB,2,0.6327999999999987
68,N83637,Clonazepam_Tab 500mcg,0408010F0AAABAB,2,0.6327999999999987
62,N83035,Clonazepam_Tab 500mcg,0408010F0AAABAB,1,0.6327999999999987
61,N83005,Clonazepam_Tab 500mcg,0408010F0AAABAB,2,0.6327999999999987
60,N83604,Clonazepam_Tab 500mcg,0408010F0AAABAB,4,0.6327999999999987
58,N83035,Clonazepam_Tab 500mcg,0408010F0AAABAB,2,0.6327999999999987
56,N83007,Clonazepam_Tab 500mcg,0408010F0AAABAB,1,0.6327999999999987
57,N83020,Clonazepam_Tab 500mcg,0408010F0AAABAB,2,0.6327999999999987
53,N83054,Clonazepam_Tab 500mcg,0408010F0AAABAB,1,0.6327999999999987
59,N83628,Clonazepam_Tab 500mcg,0408010F0AAABAB,1,0.6327999999999987
70,N83012,Clonazepam_Tab 500mcg,0408010F0AAABAB,4,0.6327999999999987
69,N83008,Clonazepam_Tab 500mcg,0408010F0AAABAB,1,0.6327999999999987
72,N83050,Clonazepam_Tab 500mcg,0408010F0AAABAB,2,0.6327999999999987
73,Y02510,Clonazepam_Tab 500mcg,0408010F0AAABAB,2,0.6327999999999987
74,N83060,Clonazepam_Tab 500mcg,0408010F0AAABAB,1,0.6327999999999987
75,N83049,Clonazepam_Tab 500mcg,0408010F0AAABAB,1,0.6327999999999987
71,N83006,Clonazepam_Tab 500mcg,0408010F0AAABAB,2,0.6327999999999987
262,Y05668,Buprenorphine_Tab Subling 400mcg S/F,0410030A0AAACAC,1,0.5712
263,N83005,Buprenorphine_Tab Subling 400mcg S/F,0410030A0AAACAC,1,0.5420000000000003
249,N83012,Tetrabenazine_Tab 25mg,0409030C0AAAAAA,1,0.49979999999999936
288,N83020,Co-Codamol_Cap 8mg/500mg,0407010F0AAABAB,3,0.4800000000000054
286,N83012,Co-Codamol_Cap 8mg/500mg,0407010F0AAABAB,3,0.4800000000000054
291,N83001,Co-Codamol_Cap 8mg/500mg,0407010F0AAABAB,3,0.4800000000000054
287,N83012,Co-Codamol_Cap 8mg/500mg,0407010F0AAABAB,3,0.4800000000000054
290,N83001,Co-Codamol_Cap 8mg/500mg,0407010F0AAABAB,3,0.4800000000000054
289,N83020,Co-Codamol_Cap 8mg/500mg,0407010F0AAABAB,3,0.4800000000000054
362,N83010,Pyridox HCl_Tab 50mg,0906024N0AAAIAI,1,0.4788000000000001
361,N83012,Pyridox HCl_Tab 50mg,0906024N0AAAIAI,1,0.4788000000000001
360,N83019,Pyridox HCl_Tab 50mg,0906024N0AAAIAI,1,0.4788000000000001
77,N83060,Clonazepam_Tab 500mcg,0408010F0AAABAB,2,0.474599999999999
76,N83628,Clonazepam_Tab 500mcg,0408010F0AAABAB,3,0.474599999999999
78,N83020,Clonazepam_Tab 500mcg,0408010F0AAABAB,1,0.45199999999999907
229,N83012,Amiodarone HCl_Tab 200mg,0203020D0AAABAB,2,0.35840000000000016
231,N83049,Amiodarone HCl_Tab 200mg,0203020D0AAABAB,1,0.3500000000000003
230,N83637,Amiodarone HCl_Tab 200mg,0203020D0AAABAB,1,0.3500000000000003
233,N83050,Amiodarone HCl_Tab 200mg,0203020D0AAABAB,1,0.3500000000000003
236,N83053,Amiodarone HCl_Tab 200mg,0203020D0AAABAB,1,0.3500000000000003
235,N83635,Amiodarone HCl_Tab 200mg,0203020D0AAABAB,1,0.3500000000000003
234,N83006,Amiodarone HCl_Tab 200mg,0203020D0AAABAB,1,0.3500000000000003
232,Y00475,Amiodarone HCl_Tab 200mg,0203020D0AAABAB,1,0.3500000000000003
79,N83023,Clonazepam_Tab 500mcg,0408010F0AAABAB,1,0.3389999999999993
237,N83060,Amiodarone HCl_Tab 200mg,0203020D0AAABAB,4,0.3388
299,N83017,Co-Codamol_Cap 8mg/500mg,0407010F0AAABAB,2,0.3200000000000036
298,N83022,Co-Codamol_Cap 8mg/500mg,0407010F0AAABAB,2,0.3200000000000036
297,N83010,Co-Codamol_Cap 8mg/500mg,0407010F0AAABAB,2,0.3200000000000036
296,Y00475,Co-Codamol_Cap 8mg/500mg,0407010F0AAABAB,1,0.3200000000000036
300,N83010,Co-Codamol_Cap 8mg/500mg,0407010F0AAABAB,2,0.3200000000000036
301,N83022,Co-Codamol_Cap 8mg/500mg,0407010F0AAABAB,2,0.3200000000000036
292,Y00475,Co-Codamol_Cap 8mg/500mg,0407010F0AAABAB,1,0.3200000000000036
293,N83008,Co-Codamol_Cap 8mg/500mg,0407010F0AAABAB,2,0.3200000000000036
294,N83008,Co-Codamol_Cap 8mg/500mg,0407010F0AAABAB,2,0.3200000000000036
295,N83017,Co-Codamol_Cap 8mg/500mg,0407010F0AAABAB,2,0.3200000000000036
85,N83022,Clonazepam_Tab 500mcg,0408010F0AAABAB,1,0.31639999999999935
88,N83060,Clonazepam_Tab 500mcg,0408010F0AAABAB,1,0.31639999999999935
87,N83023,Clonazepam_Tab 500mcg,0408010F0AAABAB,1,0.31639999999999935
86,N83017,Clonazepam_Tab 500mcg,0408010F0AAABAB,1,0.31639999999999935
84,N83026,Clonazepam_Tab 500mcg,0408010F0AAABAB,1,0.31639999999999935
83,N83002,Clonazepam_Tab 500mcg,0408010F0AAABAB,1,0.31639999999999935
82,N83628,Clonazepam_Tab 500mcg,0408010F0AAABAB,1,0.31639999999999935
81,N83041,Clonazepam_Tab 500mcg,0408010F0AAABAB,1,0.31639999999999935
80,N83604,Clonazepam_Tab 500mcg,0408010F0AAABAB,1,0.31639999999999935
302,N83010,Co-Codamol_Cap 8mg/500mg,0407010F0AAABAB,3,0.28800000000000325
303,N83010,Co-Codamol_Cap 8mg/500mg,0407010F0AAABAB,3,0.28800000000000325
304,N83041,Co-Codamol_Cap 8mg/500mg,0407010F0AAABAB,1,0.2400000000000027
305,N83041,Co-Codamol_Cap 8mg/500mg,0407010F0AAABAB,1,0.2400000000000027
363,Y00475,Pyridox HCl_Tab 50mg,0906024N0AAAIAI,1,0.23940000000000006
89,N83050,Clonazepam_Tab 500mcg,0408010F0AAABAB,1,0.2372999999999995
90,N83021,Clonazepam_Tab 500mcg,0408010F0AAABAB,3,0.2372999999999995
91,N83035,Clonazepam_Tab 500mcg,0408010F0AAABAB,1,0.20159999999999978
306,N83628,Co-Codamol_Cap 8mg/500mg,0407010F0AAABAB,1,0.17920000000000202
309,N83628,Co-Codamol_Cap 8mg/500mg,0407010F0AAABAB,1,0.17920000000000202
307,N83027,Co-Codamol_Cap 8mg/500mg,0407010F0AAABAB,1,0.17920000000000202
308,N83027,Co-Codamol_Cap 8mg/500mg,0407010F0AAABAB,1,0.17920000000000202
238,N83035,Amiodarone HCl_Tab 200mg,0203020D0AAABAB,1,0.17920000000000008
311,N83624,Co-Codamol_Cap 8mg/500mg,0407010F0AAABAB,2,0.1700000000000007
310,N83624,Co-Codamol_Cap 8mg/500mg,0407010F0AAABAB,2,0.1700000000000007
319,N83035,Co-Codamol_Cap 8mg/500mg,0407010F0AAABAB,1,0.1600000000000018
320,N83049,Co-Codamol_Cap 8mg/500mg,0407010F0AAABAB,1,0.1600000000000018
321,Y00475,Co-Codamol_Cap 8mg/500mg,0407010F0AAABAB,1,0.1600000000000018
322,N83614,Co-Codamol_Cap 8mg/500mg,0407010F0AAABAB,1,0.1600000000000018
324,N83019,Co-Codamol_Cap 8mg/500mg,0407010F0AAABAB,1,0.1600000000000018
317,N83053,Co-Codamol_Cap 8mg/500mg,0407010F0AAABAB,1,0.1600000000000018
331,N83614,Co-Codamol_Cap 8mg/500mg,0407010F0AAABAB,1,0.1600000000000018
330,N83049,Co-Codamol_Cap 8mg/500mg,0407010F0AAABAB,1,0.1600000000000018
329,N83019,Co-Codamol_Cap 8mg/500mg,0407010F0AAABAB,1,0.1600000000000018
328,N83050,Co-Codamol_Cap 8mg/500mg,0407010F0AAABAB,1,0.1600000000000018
327,N83050,Co-Codamol_Cap 8mg/500mg,0407010F0AAABAB,1,0.1600000000000018
326,N83021,Co-Codamol_Cap 8mg/500mg,0407010F0AAABAB,1,0.1600000000000018
318,N83054,Co-Codamol_Cap 8mg/500mg,0407010F0AAABAB,1,0.1600000000000018
312,N83628,Co-Codamol_Cap 8mg/500mg,0407010F0AAABAB,1,0.1600000000000018
316,N83628,Co-Codamol_Cap 8mg/500mg,0407010F0AAABAB,1,0.1600000000000018
315,N83035,Co-Codamol_Cap 8mg/500mg,0407010F0AAABAB,1,0.1600000000000018
314,Y00475,Co-Codamol_Cap 8mg/500mg,0407010F0AAABAB,1,0.1600000000000018
313,N83021,Co-Codamol_Cap 8mg/500mg,0407010F0AAABAB,1,0.1600000000000018
323,N83054,Co-Codamol_Cap 8mg/500mg,0407010F0AAABAB,1,0.1600000000000018
325,N83053,Co-Codamol_Cap 8mg/500mg,0407010F0AAABAB,1,0.1600000000000018
94,Y00475,Clonazepam_Tab 500mcg,0408010F0AAABAB,1,0.15819999999999967
93,N83624,Clonazepam_Tab 500mcg,0408010F0AAABAB,1,0.15819999999999967
92,N83035,Clonazepam_Tab 500mcg,0408010F0AAABAB,1,0.15819999999999967
101,N83021,Co-Codamol_Tab 8mg/500mg,0407010F0AAAAAA,22,0.10999999999999933
100,N83021,Co-Codamol_Tab 8mg/500mg,0407010F0AAAAAA,22,0.10999999999999933
339,N83050,Co-Codamol_Cap 8mg/500mg,0407010F0AAABAB,1,0.09600000000000108
337,N83041,Co-Codamol_Cap 8mg/500mg,0407010F0AAABAB,1,0.09600000000000108
336,N83008,Co-Codamol_Cap 8mg/500mg,0407010F0AAABAB,1,0.09600000000000108
338,N83001,Co-Codamol_Cap 8mg/500mg,0407010F0AAABAB,1,0.09600000000000108
333,N83008,Co-Codamol_Cap 8mg/500mg,0407010F0AAABAB,1,0.09600000000000108
334,N83635,Co-Codamol_Cap 8mg/500mg,0407010F0AAABAB,1,0.09600000000000108
335,N83001,Co-Codamol_Cap 8mg/500mg,0407010F0AAABAB,1,0.09600000000000108
340,N83020,Co-Codamol_Cap 8mg/500mg,0407010F0AAABAB,1,0.09600000000000108
341,N83020,Co-Codamol_Cap 8mg/500mg,0407010F0AAABAB,1,0.09600000000000108
342,N83041,Co-Codamol_Cap 8mg/500mg,0407010F0AAABAB,1,0.09600000000000108
343,N83050,Co-Codamol_Cap 8mg/500mg,0407010F0AAABAB,1,0.09600000000000108
332,N83635,Co-Codamol_Cap 8mg/500mg,0407010F0AAABAB,1,0.09600000000000108
344,N83027,Co-Codamol_Cap 8mg/500mg,0407010F0AAABAB,1,0.08960000000000101
345,N83027,Co-Codamol_Cap 8mg/500mg,0407010F0AAABAB,1,0.08960000000000101
346,N83008,Co-Codamol_Cap 8mg/500mg,0407010F0AAABAB,1,0.08500000000000035
347,N83008,Co-Codamol_Cap 8mg/500mg,0407010F0AAABAB,1,0.08500000000000035
103,N83060,Co-Codamol_Tab 8mg/500mg,0407010F0AAAAAA,14,0.06999999999999958
102,N83060,Co-Codamol_Tab 8mg/500mg,0407010F0AAAAAA,14,0.06999999999999958
349,N83010,Co-Codamol_Cap 8mg/500mg,0407010F0AAABAB,1,0.05399999999999988
348,N83010,Co-Codamol_Cap 8mg/500mg,0407010F0AAABAB,1,0.05399999999999988
105,N83012,Co-Codamol_Tab 8mg/500mg,0407010F0AAAAAA,8,0.03999999999999976
104,N83012,Co-Codamol_Tab 8mg/500mg,0407010F0AAAAAA,8,0.03999999999999976
106,N83005,Co-Codamol_Tab 8mg/500mg,0407010F0AAAAAA,7,0.03499999999999979
107,N83017,Co-Codamol_Tab 8mg/500mg,0407010F0AAAAAA,7,0.03499999999999979
108,N83005,Co-Codamol_Tab 8mg/500mg,0407010F0AAAAAA,7,0.03499999999999979
109,N83054,Co-Codamol_Tab 8mg/500mg,0407010F0AAAAAA,7,0.03499999999999979
110,N83054,Co-Codamol_Tab 8mg/500mg,0407010F0AAAAAA,7,0.03499999999999979
111,N83017,Co-Codamol_Tab 8mg/500mg,0407010F0AAAAAA,7,0.03499999999999979
113,N83027,Co-Codamol_Tab 8mg/500mg,0407010F0AAAAAA,6,0.0335999999999998
112,N83027,Co-Codamol_Tab 8mg/500mg,0407010F0AAAAAA,6,0.0335999999999998
114,N83008,Co-Codamol_Tab 8mg/500mg,0407010F0AAAAAA,6,0.02999999999999982
115,N83008,Co-Codamol_Tab 8mg/500mg,0407010F0AAAAAA,6,0.02999999999999982
116,N83023,Co-Codamol_Tab 8mg/500mg,0407010F0AAAAAA,6,0.02999999999999982
117,N83023,Co-Codamol_Tab 8mg/500mg,0407010F0AAAAAA,6,0.02999999999999982
118,N83002,Co-Codamol_Tab 8mg/500mg,0407010F0AAAAAA,4,0.022399999999999864
119,N83002,Co-Codamol_Tab 8mg/500mg,0407010F0AAAAAA,4,0.022399999999999864
95,N83023,Clonazepam_Tab 500mcg,0408010F0AAABAB,1,0.021199999999999997
120,N83001,Co-Codamol_Tab 8mg/500mg,0407010F0AAAAAA,4,0.01999999999999988
121,N83045,Co-Codamol_Tab 8mg/500mg,0407010F0AAAAAA,4,0.01999999999999988
122,N83045,Co-Codamol_Tab 8mg/500mg,0407010F0AAAAAA,4,0.01999999999999988
123,N83035,Co-Codamol_Tab 8mg/500mg,0407010F0AAAAAA,1,0.01999999999999988
124,N83035,Co-Codamol_Tab 8mg/500mg,0407010F0AAAAAA,1,0.01999999999999988
125,N83001,Co-Codamol_Tab 8mg/500mg,0407010F0AAAAAA,4,0.01999999999999988
126,N83019,Co-Codamol_Tab 8mg/500mg,0407010F0AAAAAA,2,0.0167999999999999
127,N83021,Co-Codamol_Tab 8mg/500mg,0407010F0AAAAAA,3,0.0167999999999999
128,N83019,Co-Codamol_Tab 8mg/500mg,0407010F0AAAAAA,2,0.0167999999999999
129,N83021,Co-Codamol_Tab 8mg/500mg,0407010F0AAAAAA,3,0.0167999999999999
130,N83027,Co-Codamol_Tab 8mg/500mg,0407010F0AAAAAA,3,0.01499999999999991
131,N83002,Co-Codamol_Tab 8mg/500mg,0407010F0AAAAAA,3,0.01499999999999991
132,N83027,Co-Codamol_Tab 8mg/500mg,0407010F0AAAAAA,3,0.01499999999999991
133,N83002,Co-Codamol_Tab 8mg/500mg,0407010F0AAAAAA,3,0.01499999999999991
137,N83060,Co-Codamol_Tab 8mg/500mg,0407010F0AAAAAA,2,0.011199999999999932
136,N83001,Co-Codamol_Tab 8mg/500mg,0407010F0AAAAAA,2,0.011199999999999932
135,N83060,Co-Codamol_Tab 8mg/500mg,0407010F0AAAAAA,2,0.011199999999999932
134,N83001,Co-Codamol_Tab 8mg/500mg,0407010F0AAAAAA,2,0.011199999999999932
145,N83006,Co-Codamol_Tab 8mg/500mg,0407010F0AAAAAA,2,0.00999999999999994
138,Y02510,Co-Codamol_Tab 8mg/500mg,0407010F0AAAAAA,2,0.00999999999999994
148,N83614,Co-Codamol_Tab 8mg/500mg,0407010F0AAAAAA,2,0.00999999999999994
147,N83020,Co-Codamol_Tab 8mg/500mg,0407010F0AAAAAA,2,0.00999999999999994
146,Y00904,Co-Codamol_Tab 8mg/500mg,0407010F0AAAAAA,2,0.00999999999999994
149,N83022,Co-Codamol_Tab 8mg/500mg,0407010F0AAAAAA,2,0.00999999999999994
144,N83006,Co-Codamol_Tab 8mg/500mg,0407010F0AAAAAA,2,0.00999999999999994
142,N83614,Co-Codamol_Tab 8mg/500mg,0407010F0AAAAAA,2,0.00999999999999994
141,N83020,Co-Codamol_Tab 8mg/500mg,0407010F0AAAAAA,2,0.00999999999999994
140,Y00904,Co-Codamol_Tab 8mg/500mg,0407010F0AAAAAA,2,0.00999999999999994
143,Y02510,Co-Codamol_Tab 8mg/500mg,0407010F0AAAAAA,2,0.00999999999999994
139,N83022,Co-Codamol_Tab 8mg/500mg,0407010F0AAAAAA,2,0.00999999999999994
153,N83021,Co-Codamol_Tab 8mg/500mg,0407010F0AAAAAA,1,0.00839999999999995
154,N83021,Co-Codamol_Tab 8mg/500mg,0407010F0AAAAAA,1,0.00839999999999995
155,N83027,Co-Codamol_Tab 8mg/500mg,0407010F0AAAAAA,1,0.00839999999999995
152,N83027,Co-Codamol_Tab 8mg/500mg,0407010F0AAAAAA,1,0.00839999999999995
150,N83002,Co-Codamol_Tab 8mg/500mg,0407010F0AAAAAA,1,0.00839999999999995
151,N83002,Co-Codamol_Tab 8mg/500mg,0407010F0AAAAAA,1,0.00839999999999995
161,N83006,Co-Codamol_Tab 8mg/500mg,0407010F0AAAAAA,1,0.007999999999999952
160,N83012,Co-Codamol_Tab 8mg/500mg,0407010F0AAAAAA,1,0.007999999999999952
159,N83620,Co-Codamol_Tab 8mg/500mg,0407010F0AAAAAA,1,0.007999999999999952
158,N83006,Co-Codamol_Tab 8mg/500mg,0407010F0AAAAAA,1,0.007999999999999952
157,N83012,Co-Codamol_Tab 8mg/500mg,0407010F0AAAAAA,1,0.007999999999999952
156,N83620,Co-Codamol_Tab 8mg/500mg,0407010F0AAAAAA,1,0.007999999999999952
162,N83003,Co-Codamol_Tab 8mg/500mg,0407010F0AAAAAA,1,0.005599999999999966
164,N83007,Co-Codamol_Tab 8mg/500mg,0407010F0AAAAAA,1,0.005599999999999966
165,N83637,Co-Codamol_Tab 8mg/500mg,0407010F0AAAAAA,1,0.005599999999999966
166,N83041,Co-Codamol_Tab 8mg/500mg,0407010F0AAAAAA,1,0.005599999999999966
167,N83012,Co-Codamol_Tab 8mg/500mg,0407010F0AAAAAA,1,0.005599999999999966
168,N83012,Co-Codamol_Tab 8mg/500mg,0407010F0AAAAAA,1,0.005599999999999966
169,N83003,Co-Codamol_Tab 8mg/500mg,0407010F0AAAAAA,1,0.005599999999999966
170,N83041,Co-Codamol_Tab 8mg/500mg,0407010F0AAAAAA,1,0.005599999999999966
171,N83007,Co-Codamol_Tab 8mg/500mg,0407010F0AAAAAA,1,0.005599999999999966
163,N83637,Co-Codamol_Tab 8mg/500mg,0407010F0AAAAAA,1,0.005599999999999966
182,N83007,Co-Codamol_Tab 8mg/500mg,0407010F0AAAAAA,1,0.00499999999999997
183,N83010,Co-Codamol_Tab 8mg/500mg,0407010F0AAAAAA,1,0.00499999999999997
172,N83041,Co-Codamol_Tab 8mg/500mg,0407010F0AAAAAA,1,0.00499999999999997
173,N83604,Co-Codamol_Tab 8mg/500mg,0407010F0AAAAAA,1,0.00499999999999997
174,N83010,Co-Codamol_Tab 8mg/500mg,0407010F0AAAAAA,1,0.00499999999999997
175,N83035,Co-Codamol_Tab 8mg/500mg,0407010F0AAAAAA,1,0.00499999999999997
176,N83007,Co-Codamol_Tab 8mg/500mg,0407010F0AAAAAA,1,0.00499999999999997
177,N83041,Co-Codamol_Tab 8mg/500mg,0407010F0AAAAAA,1,0.00499999999999997
178,N83050,Co-Codamol_Tab 8mg/500mg,0407010F0AAAAAA,1,0.00499999999999997
179,N83050,Co-Codamol_Tab 8mg/500mg,0407010F0AAAAAA,1,0.00499999999999997
180,N83604,Co-Codamol_Tab 8mg/500mg,0407010F0AAAAAA,1,0.00499999999999997
181,N83035,Co-Codamol_Tab 8mg/500mg,0407010F0AAAAAA,1,0.00499999999999997
185,N83006,Co-Codamol_Tab 8mg/500mg,0407010F0AAAAAA,1,0.003999999999999976
184,N83006,Co-Codamol_Tab 8mg/500mg,0407010F0AAAAAA,1,0.003999999999999976
186,Y02510,Co-Codamol_Tab 8mg/500mg,0407010F0AAAAAA,1,0.002799999999999983
187,Y02510,Co-Codamol_Tab 8mg/500mg,0407010F0AAAAAA,1,0.002799999999999983
188,Y00904,Co-Codamol_Tab 8mg/500mg,0407010F0AAAAAA,1,0.002799999999999983
189,Y00904,Co-Codamol_Tab 8mg/500mg,0407010F0AAAAAA,1,0.002799999999999983
190,N83045,Co-Codamol_Tab 8mg/500mg,0407010F0AAAAAA,1,0.0023999999999999855
191,N83045,Co-Codamol_Tab 8mg/500mg,0407010F0AAAAAA,1,0.0023999999999999855
264,N83005,Buprenorphine_Tab Subling 400mcg S/F,0410030A0AAACAC,1,-0.0019999999999997797
195,N83006,Co-Codamol_Tab 8mg/500mg,0407010F0AAAAAA,1,-0.004799999999999971
192,N83045,Co-Codamol_Tab 8mg/500mg,0407010F0AAAAAA,2,-0.004799999999999971
193,N83045,Co-Codamol_Tab 8mg/500mg,0407010F0AAAAAA,2,-0.004799999999999971
194,N83006,Co-Codamol_Tab 8mg/500mg,0407010F0AAAAAA,1,-0.004799999999999971
196,N83027,Co-Codamol_Tab 8mg/500mg,0407010F0AAAAAA,23,-0.4139999999999975
197,N83027,Co-Codamol_Tab 8mg/500mg,0407010F0AAAAAA,23,-0.4139999999999975
