,practice_code,bnf_description,bnf_code,items,excess_cost
0,H81027,Amiodarone HCl_Tab 200mg,0203020D0AAABAB,6,2.5347000000000017
1,H81027,Clonazepam_Tab 500mcg,0408010F0AAABAB,2,2.5763999999999947
2,H81027,Diltiazem HCl_Tab 60mg M/R,0206020C0AAAAAA,5,1.4896000000000038
3,H81027,Topiramate_Tab 200mg,040801050AAACAC,1,4.647999999999998
4,H81088,Amiodarone HCl_Tab 200mg,0203020D0AAABAB,22,8.377600000000006
5,H81088,Clonazepam_Tab 500mcg,0408010F0AAABAB,7,9.220799999999983
6,H81088,Diltiazem HCl_Tab 60mg M/R,0206020C0AAAAAA,1,1.1088000000000038
7,H81088,Pyridox HCl_Tab 50mg,0906024N0AAAIAI,1,1.9152000000000005
8,H81097,Amiodarone HCl_Tab 200mg,0203020D0AAABAB,3,1.7500000000000016
9,H81097,Clonazepam_Tab 500mcg,0408010F0AAABAB,8,0.9503999999999979
10,H81097,Diltiazem HCl_Tab 60mg M/R,0206020C0AAAAAA,2,0.7504000000000013
11,H81097,Mesalazine_Tab E/C 800mg,0105010B0AAASAS,1,36.89999999999999
12,H81097,Pyridox HCl_Tab 50mg,0906024N0AAAIAI,2,3.830400000000001
13,H81110,Amiodarone HCl_Tab 200mg,0203020D0AAABAB,1,0.3500000000000003
14,H81110,Clonazepam_Tab 500mcg,0408010F0AAABAB,4,2.2147999999999954
15,H81110,Diltiazem HCl_Tab 60mg M/R,0206020C0AAAAAA,1,0.36960000000000126
16,H81110,Pyridox HCl_Tab 50mg,0906024N0AAAIAI,1,1.4364000000000003
17,H81615,Amiodarone HCl_Tab 200mg,0203020D0AAABAB,7,3.500000000000003
18,H81615,Clonazepam_Tab 500mcg,0408010F0AAABAB,12,3.0693999999999937
19,H81615,Diltiazem HCl_Tab 60mg M/R,0206020C0AAAAAA,1,0.40500000000000036
20,H81615,Mesalazine_Tab E/C 400mg,0105010B0AAAAAA,1,-17.112
21,H81615,Pyridox HCl_Tab 50mg,0906024N0AAAIAI,1,0.9576000000000002
22,H81659,Clonazepam_Tab 500mcg,0408010F0AAABAB,1,0.15819999999999967
23,J82015,Amiodarone HCl_Tab 200mg,0203020D0AAABAB,10,2.8735000000000017
24,J82015,Clonazepam_Tab 500mcg,0408010F0AAABAB,6,9.881199999999978
25,J82015,Diltiazem HCl_Tab 60mg M/R,0206020C0AAAAAA,1,0.24640000000000084
26,J82015,Mesalazine_Tab E/C 800mg,0105010B0AAASAS,1,-36.89999999999999
27,J82015,Methocarbamol_Tab 750mg,1002020S0AAABAB,1,0.4299999999999998
28,J82015,Topiramate_Tab 200mg,040801050AAACAC,1,4.979999999999998
29,J82049,Amiodarone HCl_Tab 200mg,0203020D0AAABAB,8,4.900000000000004
30,J82049,Clonazepam_Tab 500mcg,0408010F0AAABAB,16,15.09679999999997
31,J82049,Diltiazem HCl_Tab 60mg M/R,0206020C0AAAAAA,6,2.542600000000007
32,J82049,Mesalazine_Tab E/C 800mg,0105010B0AAASAS,2,68.87999999999998
33,J82049,Pyridox HCl_Tab 50mg,0906024N0AAAIAI,2,2.3940000000000006
34,J82049,Tetrabenazine_Tab 25mg,0409030C0AAAAAA,2,4.997999999999994
35,J82049,Topiramate_Tab 200mg,040801050AAACAC,2,4.979999999999998
36,J82066,Amiodarone HCl_Tab 200mg,0203020D0AAABAB,9,4.550000000000004
37,J82066,Clonazepam_Tab 500mcg,0408010F0AAABAB,38,21.447399999999956
38,J82066,Diltiazem HCl_Tab 60mg M/R,0206020C0AAAAAA,3,0.9968000000000021
39,J82066,Mesalazine_Tab E/C 400mg,0105010B0AAAAAA,3,29.921999999999997
40,J82066,Mesalazine_Tab E/C 800mg,0105010B0AAASAS,2,73.79999999999998
41,J82066,Methocarbamol_Tab 750mg,1002020S0AAABAB,32,15.265199999999997
42,J82066,Pyridox HCl_Tab 50mg,0906024N0AAAIAI,2,1.4364000000000003
43,J82067,Amiodarone HCl_Tab 200mg,0203020D0AAABAB,6,2.8000000000000025
44,J82067,Clonazepam_Tab 500mcg,0408010F0AAABAB,11,11.513399999999974
45,J82067,Diltiazem HCl_Tab 60mg M/R,0206020C0AAAAAA,1,0.7392000000000025
46,J82067,Mesalazine_Tab E/C 400mg,0105010B0AAAAAA,1,23.956799999999998
47,J82067,Pyridox HCl_Tab 50mg,0906024N0AAAIAI,2,4.309200000000001
48,J82099,Amiodarone HCl_Tab 200mg,0203020D0AAABAB,15,3.127600000000002
49,J82099,Clonazepam_Tab 500mcg,0408010F0AAABAB,8,3.2091999999999934
50,J82099,Diltiazem HCl_Tab 60mg M/R,0206020C0AAAAAA,8,1.4812000000000047
51,J82099,Mesalazine_Tab E/C 800mg,0105010B0AAASAS,2,-18.432
52,J82099,Pyridox HCl_Tab 50mg,0906024N0AAAIAI,3,4.309200000000001
53,J82110,Amiodarone HCl_Tab 200mg,0203020D0AAABAB,5,3.150000000000003
54,J82110,Clonazepam_Tab 500mcg,0408010F0AAABAB,12,9.24839999999998
55,J82110,Mesalazine_Tab E/C 800mg,0105010B0AAASAS,1,-73.79999999999998
56,J82110,Pyridox HCl_Tab 50mg,0906024N0AAAIAI,1,0.4788000000000001
57,J82120,Amiodarone HCl_Tab 200mg,0203020D0AAABAB,10,3.8500000000000036
58,J82120,Clonazepam_Tab 500mcg,0408010F0AAABAB,16,10.124799999999977
59,J82120,Diltiazem HCl_Tab 60mg M/R,0206020C0AAAAAA,4,1.4896000000000038
60,J82120,Mesalazine_Tab E/C 400mg,0105010B0AAAAAA,1,23.956799999999998
61,J82120,Mesalazine_Tab E/C 800mg,0105010B0AAASAS,1,36.89999999999999
62,J82120,Pyridox HCl_Tab 50mg,0906024N0AAAIAI,1,1.4364000000000003
63,J82120,Risperidone_Tab 6mg,040201030AAAFAF,1,58.4192
64,J82125,Amiodarone HCl_Tab 200mg,0203020D0AAABAB,3,2.100000000000002
65,J82125,Clonazepam_Tab 500mcg,0408010F0AAABAB,23,8.135999999999983
66,J82125,Diltiazem HCl_Tab 60mg M/R,0206020C0AAAAAA,8,1.513800000000004
67,J82125,Mesalazine_Tab E/C 400mg,0105010B0AAAAAA,1,-51.33599999999999
68,J82125,Tetrabenazine_Tab 25mg,0409030C0AAAAAA,1,1.9991999999999974
69,J82135,Amiodarone HCl_Tab 200mg,0203020D0AAABAB,12,6.914600000000005
70,J82135,Clonazepam_Tab 500mcg,0408010F0AAABAB,19,17.469799999999964
71,J82135,Mesalazine_Tab E/C 400mg,0105010B0AAAAAA,2,79.856
72,J82135,Pyridox HCl_Tab 50mg,0906024N0AAAIAI,1,0.9576000000000002
73,J82135,Topiramate_Tab 200mg,040801050AAACAC,1,2.3183999999999996
74,J82142,Amiodarone HCl_Tab 200mg,0203020D0AAABAB,4,1.4000000000000012
75,J82142,Clonazepam_Tab 500mcg,0408010F0AAABAB,14,10.21519999999998
76,J82142,Mesalazine_Tab E/C 400mg,0105010B0AAAAAA,2,17.112
77,J82142,Methocarbamol_Tab 750mg,1002020S0AAABAB,10,5.6672
78,J82142,Tetrabenazine_Tab 25mg,0409030C0AAAAAA,2,6.425999999999991
79,J82142,Topiramate_Tab 200mg,040801050AAACAC,1,2.489999999999999
80,J82178,Amiodarone HCl_Tab 200mg,0203020D0AAABAB,6,2.450000000000002
81,J82178,Clonazepam_Tab 500mcg,0408010F0AAABAB,14,7.202599999999986
82,J82178,Pyridox HCl_Tab 50mg,0906024N0AAAIAI,1,0.9576000000000002
83,J82178,Topiramate_Tab 200mg,040801050AAACAC,2,3.4831999999999987
84,J82181,Amiodarone HCl_Tab 200mg,0203020D0AAABAB,6,2.279200000000002
85,J82181,Clonazepam_Tab 500mcg,0408010F0AAABAB,15,5.0421999999999905
86,J82181,Mesalazine_Tab E/C 800mg,0105010B0AAASAS,1,18.449999999999996
87,J82195,Amiodarone HCl_Tab 200mg,0203020D0AAABAB,5,2.100000000000002
88,J82195,Clonazepam_Tab 500mcg,0408010F0AAABAB,2,2.146999999999996
89,J82195,Mesalazine_Tab E/C 400mg,0105010B0AAAAAA,1,25.667999999999996
90,J82198,Clonazepam_Tab 500mcg,0408010F0AAABAB,6,4.113199999999992
91,J82198,Methocarbamol_Tab 750mg,1002020S0AAABAB,2,0.6500000000000006
92,J82198,Tetrabenazine_Tab 25mg,0409030C0AAAAAA,1,1.499399999999998
93,J82628,Amiodarone HCl_Tab 200mg,0203020D0AAABAB,4,1.4000000000000012
94,J82628,Clonazepam_Tab 500mcg,0408010F0AAABAB,14,3.084899999999994
95,J82630,Clonazepam_Tab 500mcg,0408010F0AAABAB,28,11.175699999999978
96,Y03585,Amiodarone HCl_Tab 200mg,0203020D0AAABAB,3,3.150000000000003
