,practice_code,bnf_description,bnf_code,items,excess_cost
85,J82161,Atorvastatin_Tab 20mg,0212000B0AAABAB,184,90.67520000000002
93,J82044,Mesalazine_Tab E/C 800mg,0105010B0AAASAS,2,68.87999999999998
96,J82104,Gemfibrozil_Tab 600mg,0212000Q0AAABAB,3,45.4272
148,J82161,Ferr Sulf_Tab 200mg,0901011P0AAACAC,5,42.251999999999995
94,J82174,Mesalazine_Tab E/C 800mg,0105010B0AAASAS,1,34.43999999999999
196,J82161,Propylthiouracil_Tab 50mg,0602020N0AAABAB,1,27.812399999999997
197,J82161,Atorvastatin_Tab 10mg,0212000B0AAAAAA,85,22.84800000000001
0,J82026,Clonazepam_Tab 500mcg,0408010F0AAABAB,1,7.593599999999984
97,J82026,Gemfibrozil_Tab 600mg,0212000Q0AAABAB,1,7.571199999999999
98,J82161,Gemfibrozil_Tab 600mg,0212000Q0AAABAB,4,7.5600000000000005
100,J82152,Methocarbamol_Tab 750mg,1002020S0AAABAB,16,6.879999999999997
1,J82154,Clonazepam_Tab 500mcg,0408010F0AAABAB,5,6.327999999999987
2,J82083,Clonazepam_Tab 500mcg,0408010F0AAABAB,9,5.695199999999988
212,J82152,Topiramate_Tab 200mg,040801050AAACAC,2,4.979999999999998
211,J82216,Topiramate_Tab 200mg,040801050AAACAC,2,4.979999999999998
213,J82033,Topiramate_Tab 200mg,040801050AAACAC,1,4.979999999999998
162,J82083,Amiodarone HCl_Tab 200mg,0203020D0AAABAB,7,4.900000000000004
101,J82083,Methocarbamol_Tab 750mg,1002020S0AAABAB,10,4.299999999999998
102,J82083,Methocarbamol_Tab 750mg,1002020S0AAABAB,5,4.299999999999998
103,J82083,Methocarbamol_Tab 750mg,1002020S0AAABAB,2,3.8527999999999984
3,J82216,Clonazepam_Tab 500mcg,0408010F0AAABAB,3,3.796799999999992
4,J82083,Clonazepam_Tab 500mcg,0408010F0AAABAB,12,3.796799999999992
5,J82083,Clonazepam_Tab 500mcg,0408010F0AAABAB,3,3.796799999999992
6,J82026,Clonazepam_Tab 500mcg,0408010F0AAABAB,3,3.796799999999992
9,Y06009,Clonazepam_Tab 500mcg,0408010F0AAABAB,1,3.1639999999999935
8,J82083,Clonazepam_Tab 500mcg,0408010F0AAABAB,20,3.1639999999999935
7,J82026,Clonazepam_Tab 500mcg,0408010F0AAABAB,5,3.1639999999999935
10,J82215,Clonazepam_Tab 500mcg,0408010F0AAABAB,5,3.1639999999999935
163,J82083,Amiodarone HCl_Tab 200mg,0203020D0AAABAB,9,3.150000000000003
104,J82083,Methocarbamol_Tab 750mg,1002020S0AAABAB,7,2.587200000000009
105,J82083,Methocarbamol_Tab 750mg,1002020S0AAABAB,2,2.579999999999999
11,J82033,Clonazepam_Tab 500mcg,0408010F0AAABAB,1,2.531199999999995
12,J82023,Clonazepam_Tab 500mcg,0408010F0AAABAB,2,2.531199999999995
13,J82154,Clonazepam_Tab 500mcg,0408010F0AAABAB,1,2.531199999999995
214,J82026,Topiramate_Tab 200mg,040801050AAACAC,1,2.489999999999999
215,J82083,Topiramate_Tab 200mg,040801050AAACAC,1,2.3183999999999996
14,J82174,Clonazepam_Tab 500mcg,0408010F0AAABAB,1,2.2599999999999953
167,J82174,Amiodarone HCl_Tab 200mg,0203020D0AAABAB,3,2.100000000000002
164,J82216,Amiodarone HCl_Tab 200mg,0203020D0AAABAB,3,2.100000000000002
165,J82215,Amiodarone HCl_Tab 200mg,0203020D0AAABAB,3,2.100000000000002
166,J82026,Amiodarone HCl_Tab 200mg,0203020D0AAABAB,6,2.100000000000002
106,J82083,Methocarbamol_Tab 750mg,1002020S0AAABAB,9,1.9800000000000066
107,J82083,Methocarbamol_Tab 750mg,1002020S0AAABAB,2,1.9263999999999992
18,J82152,Clonazepam_Tab 500mcg,0408010F0AAABAB,2,1.898399999999996
19,J82152,Clonazepam_Tab 500mcg,0408010F0AAABAB,1,1.898399999999996
17,J82083,Clonazepam_Tab 500mcg,0408010F0AAABAB,2,1.898399999999996
16,J82023,Clonazepam_Tab 500mcg,0408010F0AAABAB,3,1.898399999999996
15,J82104,Clonazepam_Tab 500mcg,0408010F0AAABAB,1,1.898399999999996
20,J82154,Clonazepam_Tab 500mcg,0408010F0AAABAB,12,1.898399999999996
108,J82174,Methocarbamol_Tab 750mg,1002020S0AAABAB,7,1.7640000000000038
216,J82026,Topiramate_Tab 200mg,040801050AAACAC,1,1.7429999999999992
109,J82152,Methocarbamol_Tab 750mg,1002020S0AAABAB,2,1.7199999999999993
21,J82152,Clonazepam_Tab 500mcg,0408010F0AAABAB,1,1.6949999999999965
22,J82006,Clonazepam_Tab 500mcg,0408010F0AAABAB,1,1.5819999999999967
23,J82154,Clonazepam_Tab 500mcg,0408010F0AAABAB,5,1.5819999999999967
174,J82023,Amiodarone HCl_Tab 200mg,0203020D0AAABAB,2,1.4000000000000012
173,J82044,Amiodarone HCl_Tab 200mg,0203020D0AAABAB,2,1.4000000000000012
172,J82006,Amiodarone HCl_Tab 200mg,0203020D0AAABAB,2,1.4000000000000012
171,J82033,Amiodarone HCl_Tab 200mg,0203020D0AAABAB,4,1.4000000000000012
170,J82084,Amiodarone HCl_Tab 200mg,0203020D0AAABAB,4,1.4000000000000012
169,J82648,Amiodarone HCl_Tab 200mg,0203020D0AAABAB,2,1.4000000000000012
168,J82026,Amiodarone HCl_Tab 200mg,0203020D0AAABAB,2,1.4000000000000012
110,J82026,Methocarbamol_Tab 750mg,1002020S0AAABAB,3,1.2899999999999996
33,J82104,Clonazepam_Tab 500mcg,0408010F0AAABAB,1,1.2655999999999974
32,J82006,Clonazepam_Tab 500mcg,0408010F0AAABAB,1,1.2655999999999974
31,J82084,Clonazepam_Tab 500mcg,0408010F0AAABAB,4,1.2655999999999974
29,J82033,Clonazepam_Tab 500mcg,0408010F0AAABAB,4,1.2655999999999974
28,J82174,Clonazepam_Tab 500mcg,0408010F0AAABAB,2,1.2655999999999974
27,J82104,Clonazepam_Tab 500mcg,0408010F0AAABAB,4,1.2655999999999974
26,J82104,Clonazepam_Tab 500mcg,0408010F0AAABAB,2,1.2655999999999974
25,J82006,Clonazepam_Tab 500mcg,0408010F0AAABAB,2,1.2655999999999974
24,J82174,Clonazepam_Tab 500mcg,0408010F0AAABAB,1,1.2655999999999974
30,J82161,Clonazepam_Tab 500mcg,0408010F0AAABAB,2,1.2655999999999974
217,J82026,Topiramate_Tab 200mg,040801050AAACAC,1,1.1647999999999992
36,J82216,Clonazepam_Tab 500mcg,0408010F0AAABAB,1,1.1299999999999977
35,J82006,Clonazepam_Tab 500mcg,0408010F0AAABAB,1,1.1299999999999977
34,J82023,Clonazepam_Tab 500mcg,0408010F0AAABAB,1,1.1299999999999977
175,J82026,Amiodarone HCl_Tab 200mg,0203020D0AAABAB,1,1.050000000000001
176,J82012,Amiodarone HCl_Tab 200mg,0203020D0AAABAB,3,1.050000000000001
38,J82083,Clonazepam_Tab 500mcg,0408010F0AAABAB,1,1.016999999999998
37,J82033,Clonazepam_Tab 500mcg,0408010F0AAABAB,1,1.016999999999998
113,J82026,Methocarbamol_Tab 750mg,1002020S0AAABAB,1,0.9631999999999996
111,J82083,Methocarbamol_Tab 750mg,1002020S0AAABAB,4,0.9631999999999996
112,J82154,Methocarbamol_Tab 750mg,1002020S0AAABAB,4,0.9631999999999996
39,J82648,Clonazepam_Tab 500mcg,0408010F0AAABAB,3,0.949199999999998
40,J82669,Clonazepam_Tab 500mcg,0408010F0AAABAB,1,0.949199999999998
41,J82026,Clonazepam_Tab 500mcg,0408010F0AAABAB,1,0.949199999999998
42,J82648,Clonazepam_Tab 500mcg,0408010F0AAABAB,1,0.949199999999998
43,J82133,Clonazepam_Tab 500mcg,0408010F0AAABAB,4,0.8879999999999999
115,J82648,Methocarbamol_Tab 750mg,1002020S0AAABAB,2,0.8599999999999997
114,J82084,Methocarbamol_Tab 750mg,1002020S0AAABAB,2,0.8599999999999997
177,J82215,Amiodarone HCl_Tab 200mg,0203020D0AAABAB,1,0.7812000000000014
116,J82174,Methocarbamol_Tab 750mg,1002020S0AAABAB,2,0.7739999999999997
117,J82152,Methocarbamol_Tab 750mg,1002020S0AAABAB,3,0.7560000000000017
118,J82133,Methocarbamol_Tab 750mg,1002020S0AAABAB,2,0.7392000000000025
119,J82026,Methocarbamol_Tab 750mg,1002020S0AAABAB,2,0.7392000000000025
120,J82012,Methocarbamol_Tab 750mg,1002020S0AAABAB,1,0.7223999999999997
121,J82152,Methocarbamol_Tab 750mg,1002020S0AAABAB,1,0.7223999999999997
178,J82174,Amiodarone HCl_Tab 200mg,0203020D0AAABAB,2,0.7000000000000006
182,J82669,Amiodarone HCl_Tab 200mg,0203020D0AAABAB,1,0.7000000000000006
179,J82104,Amiodarone HCl_Tab 200mg,0203020D0AAABAB,1,0.7000000000000006
180,Y06009,Amiodarone HCl_Tab 200mg,0203020D0AAABAB,1,0.7000000000000006
183,J82161,Amiodarone HCl_Tab 200mg,0203020D0AAABAB,1,0.7000000000000006
181,J82215,Amiodarone HCl_Tab 200mg,0203020D0AAABAB,2,0.7000000000000006
46,J82033,Clonazepam_Tab 500mcg,0408010F0AAABAB,1,0.6779999999999986
45,J82174,Clonazepam_Tab 500mcg,0408010F0AAABAB,2,0.6779999999999986
44,J82133,Clonazepam_Tab 500mcg,0408010F0AAABAB,1,0.6779999999999986
184,J82012,Amiodarone HCl_Tab 200mg,0203020D0AAABAB,8,0.6776
53,J82006,Clonazepam_Tab 500mcg,0408010F0AAABAB,2,0.6327999999999987
52,J82215,Clonazepam_Tab 500mcg,0408010F0AAABAB,2,0.6327999999999987
47,J82154,Clonazepam_Tab 500mcg,0408010F0AAABAB,1,0.6327999999999987
48,J82216,Clonazepam_Tab 500mcg,0408010F0AAABAB,1,0.6327999999999987
54,J82648,Clonazepam_Tab 500mcg,0408010F0AAABAB,4,0.6327999999999987
49,J82033,Clonazepam_Tab 500mcg,0408010F0AAABAB,4,0.6327999999999987
50,J82216,Clonazepam_Tab 500mcg,0408010F0AAABAB,2,0.6327999999999987
55,J82152,Clonazepam_Tab 500mcg,0408010F0AAABAB,2,0.6327999999999987
51,J82044,Clonazepam_Tab 500mcg,0408010F0AAABAB,1,0.6327999999999987
56,J82174,Clonazepam_Tab 500mcg,0408010F0AAABAB,1,0.5699999999999983
122,Y05193,Methocarbamol_Tab 750mg,1002020S0AAABAB,2,0.5544000000000019
123,J82152,Methocarbamol_Tab 750mg,1002020S0AAABAB,1,0.5159999999999998
185,J82154,Amiodarone HCl_Tab 200mg,0203020D0AAABAB,1,0.5000000000000004
124,J82152,Methocarbamol_Tab 750mg,1002020S0AAABAB,1,0.4815999999999998
57,J82174,Clonazepam_Tab 500mcg,0408010F0AAABAB,3,0.474599999999999
58,J82669,Clonazepam_Tab 500mcg,0408010F0AAABAB,1,0.474599999999999
59,J82026,Clonazepam_Tab 500mcg,0408010F0AAABAB,1,0.474599999999999
125,J82152,Methocarbamol_Tab 750mg,1002020S0AAABAB,5,0.4620000000000016
126,J82026,Methocarbamol_Tab 750mg,1002020S0AAABAB,2,0.4400000000000015
127,Y06009,Methocarbamol_Tab 750mg,1002020S0AAABAB,1,0.4299999999999998
128,J82174,Methocarbamol_Tab 750mg,1002020S0AAABAB,1,0.4299999999999998
129,J82161,Methocarbamol_Tab 750mg,1002020S0AAABAB,1,0.4299999999999998
130,J82152,Methocarbamol_Tab 750mg,1002020S0AAABAB,3,0.39600000000000135
131,J82152,Methocarbamol_Tab 750mg,1002020S0AAABAB,1,0.38699999999999984
132,J82669,Methocarbamol_Tab 750mg,1002020S0AAABAB,1,0.36960000000000126
133,J82215,Methocarbamol_Tab 750mg,1002020S0AAABAB,1,0.36960000000000126
191,J82154,Amiodarone HCl_Tab 200mg,0203020D0AAABAB,1,0.3500000000000003
192,J82023,Amiodarone HCl_Tab 200mg,0203020D0AAABAB,1,0.3500000000000003
193,J82669,Amiodarone HCl_Tab 200mg,0203020D0AAABAB,1,0.3500000000000003
190,J82648,Amiodarone HCl_Tab 200mg,0203020D0AAABAB,1,0.3500000000000003
187,J82216,Amiodarone HCl_Tab 200mg,0203020D0AAABAB,1,0.3500000000000003
186,J82152,Amiodarone HCl_Tab 200mg,0203020D0AAABAB,1,0.3500000000000003
189,J82133,Amiodarone HCl_Tab 200mg,0203020D0AAABAB,1,0.3500000000000003
188,J82104,Amiodarone HCl_Tab 200mg,0203020D0AAABAB,1,0.3500000000000003
61,J82084,Clonazepam_Tab 500mcg,0408010F0AAABAB,1,0.3389999999999993
60,J82669,Clonazepam_Tab 500mcg,0408010F0AAABAB,1,0.3389999999999993
195,J82083,Amiodarone HCl_Tab 200mg,0203020D0AAABAB,4,0.3388
194,J82154,Amiodarone HCl_Tab 200mg,0203020D0AAABAB,4,0.3388
64,J82669,Clonazepam_Tab 500mcg,0408010F0AAABAB,1,0.31639999999999935
63,J82012,Clonazepam_Tab 500mcg,0408010F0AAABAB,1,0.31639999999999935
62,J82104,Clonazepam_Tab 500mcg,0408010F0AAABAB,2,0.31639999999999935
67,J82154,Clonazepam_Tab 500mcg,0408010F0AAABAB,4,0.31639999999999935
65,J82026,Clonazepam_Tab 500mcg,0408010F0AAABAB,1,0.31639999999999935
66,J82161,Clonazepam_Tab 500mcg,0408010F0AAABAB,1,0.31639999999999935
70,J82083,Clonazepam_Tab 500mcg,0408010F0AAABAB,4,0.31639999999999935
69,J82216,Clonazepam_Tab 500mcg,0408010F0AAABAB,2,0.31639999999999935
68,J82133,Clonazepam_Tab 500mcg,0408010F0AAABAB,1,0.31639999999999935
134,J82083,Methocarbamol_Tab 750mg,1002020S0AAABAB,1,0.27949999999999986
135,J82083,Methocarbamol_Tab 750mg,1002020S0AAABAB,1,0.25200000000000056
136,J82023,Methocarbamol_Tab 750mg,1002020S0AAABAB,1,0.25200000000000056
138,Y05193,Methocarbamol_Tab 750mg,1002020S0AAABAB,1,0.2407999999999999
137,J82669,Methocarbamol_Tab 750mg,1002020S0AAABAB,1,0.2407999999999999
72,J82152,Clonazepam_Tab 500mcg,0408010F0AAABAB,3,0.2372999999999995
71,J82669,Clonazepam_Tab 500mcg,0408010F0AAABAB,1,0.2372999999999995
73,J82648,Clonazepam_Tab 500mcg,0408010F0AAABAB,1,0.22199999999999998
140,J82669,Methocarbamol_Tab 750mg,1002020S0AAABAB,1,0.22000000000000075
139,Y05193,Methocarbamol_Tab 750mg,1002020S0AAABAB,1,0.22000000000000075
74,J82216,Clonazepam_Tab 500mcg,0408010F0AAABAB,1,0.20159999999999978
141,J82083,Methocarbamol_Tab 750mg,1002020S0AAABAB,1,0.18480000000000063
143,J82174,Methocarbamol_Tab 750mg,1002020S0AAABAB,1,0.1760000000000006
142,J82083,Methocarbamol_Tab 750mg,1002020S0AAABAB,1,0.1760000000000006
75,J82152,Clonazepam_Tab 500mcg,0408010F0AAABAB,1,0.15819999999999967
78,J82669,Clonazepam_Tab 500mcg,0408010F0AAABAB,1,0.15819999999999967
76,J82026,Clonazepam_Tab 500mcg,0408010F0AAABAB,1,0.15819999999999967
77,J82161,Clonazepam_Tab 500mcg,0408010F0AAABAB,1,0.15819999999999967
79,J82133,Clonazepam_Tab 500mcg,0408010F0AAABAB,1,0.15819999999999967
80,J82215,Clonazepam_Tab 500mcg,0408010F0AAABAB,1,0.15819999999999967
144,J82006,Methocarbamol_Tab 750mg,1002020S0AAABAB,4,0.13439999999999996
146,J82083,Methocarbamol_Tab 750mg,1002020S0AAABAB,1,0.13200000000000045
145,J82174,Methocarbamol_Tab 750mg,1002020S0AAABAB,1,0.13200000000000045
147,J82083,Methocarbamol_Tab 750mg,1002020S0AAABAB,1,0.1260000000000001
82,J82104,Clonazepam_Tab 500mcg,0408010F0AAABAB,1,0.11599999999999999
81,J82006,Clonazepam_Tab 500mcg,0408010F0AAABAB,1,0.11599999999999999
198,J82152,Atorvastatin_Tab 10mg,0212000B0AAAAAA,38,0.07980000000000044
149,J82083,Ferr Sulf_Tab 200mg,0901011P0AAACAC,14,0.07839999999999953
150,J82152,Ferr Sulf_Tab 200mg,0901011P0AAACAC,11,0.06159999999999963
151,J82154,Ferr Sulf_Tab 200mg,0901011P0AAACAC,8,0.04479999999999973
83,J82083,Clonazepam_Tab 500mcg,0408010F0AAABAB,2,0.04239999999999999
200,J82154,Atorvastatin_Tab 10mg,0212000B0AAAAAA,16,0.033600000000000185
199,J82083,Atorvastatin_Tab 10mg,0212000B0AAAAAA,16,0.033600000000000185
152,J82083,Ferr Sulf_Tab 200mg,0901011P0AAACAC,11,0.030799999999999814
153,J82669,Ferr Sulf_Tab 200mg,0901011P0AAACAC,5,0.02799999999999983
201,J82161,Atorvastatin_Tab 10mg,0212000B0AAAAAA,13,0.02730000000000015
154,J82152,Ferr Sulf_Tab 200mg,0901011P0AAACAC,9,0.025199999999999848
202,J82648,Atorvastatin_Tab 10mg,0212000B0AAAAAA,11,0.023100000000000127
155,J82006,Ferr Sulf_Tab 200mg,0901011P0AAACAC,4,0.022399999999999864
84,J82154,Clonazepam_Tab 500mcg,0408010F0AAABAB,1,0.021199999999999997
203,J82012,Atorvastatin_Tab 10mg,0212000B0AAAAAA,8,0.016800000000000093
204,J82133,Atorvastatin_Tab 10mg,0212000B0AAAAAA,6,0.01260000000000007
205,J82006,Atorvastatin_Tab 10mg,0212000B0AAAAAA,3,0.006300000000000035
86,J82083,Atorvastatin_Tab 20mg,0212000B0AAABAB,1,0.006000000000000172
87,J82023,Atorvastatin_Tab 20mg,0212000B0AAABAB,1,0.006000000000000172
156,J82006,Ferr Sulf_Tab 200mg,0901011P0AAACAC,1,0.0059999999999997555
157,J82154,Ferr Sulf_Tab 200mg,0901011P0AAACAC,1,0.0059999999999997555
158,J82044,Ferr Sulf_Tab 200mg,0901011P0AAACAC,1,0.005599999999999966
88,J82154,Atorvastatin_Tab 20mg,0212000B0AAABAB,1,0.005400000000000155
89,J82154,Atorvastatin_Tab 20mg,0212000B0AAABAB,1,0.005000000000000143
206,J82104,Atorvastatin_Tab 10mg,0212000B0AAAAAA,1,0.004200000000000023
159,J82006,Ferr Sulf_Tab 200mg,0901011P0AAACAC,1,-0.00210000000000006
90,J82083,Atorvastatin_Tab 20mg,0212000B0AAABAB,1,-0.002399999999999902
91,J82083,Atorvastatin_Tab 20mg,0212000B0AAABAB,1,-0.0029999999999998778
207,J82023,Atorvastatin_Tab 10mg,0212000B0AAAAAA,1,-0.002999999999999982
92,J82216,Atorvastatin_Tab 20mg,0212000B0AAABAB,2,-0.0059999999999997555
209,J82174,Atorvastatin_Tab 10mg,0212000B0AAAAAA,1,-0.005999999999999964
208,J82152,Atorvastatin_Tab 10mg,0212000B0AAAAAA,1,-0.005999999999999964
161,J82161,Ferr Sulf_Tab 200mg,0901011P0AAACAC,4,-0.00840000000000024
160,J82083,Ferr Sulf_Tab 200mg,0901011P0AAACAC,4,-0.00840000000000024
99,J82161,Gemfibrozil_Tab 600mg,0212000Q0AAABAB,4,-0.011199999999998766
210,J82648,Atorvastatin_Tab 10mg,0212000B0AAAAAA,2,-0.01799999999999989
95,J82669,Mesalazine_Tab E/C 800mg,0105010B0AAASAS,1,-24.599999999999994
