,practice_code,bnf_description,bnf_code,items,excess_cost
0,M81068,Mesalazine_Tab E/C 400mg,0105010B0AAAAAA,1,47.913599999999995
43,M81056,Acetazolamide_Tab 250mg,1106000B0AAACAC,4,29.6576
59,M81608,Pioglitazone HCl_Tab 30mg,0601023B0AAABAB,2,26.997600000000002
1,M81057,Mesalazine_Tab E/C 400mg,0105010B0AAAAAA,1,23.956799999999998
41,M81056,Mesalazine_Tab E/C 800mg,0105010B0AAASAS,1,18.449999999999996
49,M81040,Pyridox HCl_Tab 50mg,0906024N0AAAIAI,1,17.100000000000005
2,M81057,Mesalazine_Tab E/C 400mg,0105010B0AAAAAA,1,11.978399999999999
42,M81010,Mesalazine_Tab E/C 800mg,0105010B0AAASAS,1,11.479999999999997
82,M81608,Nitrofurantoin_Tab 100mg,0501130R0AAAEAE,1,9.865800000000002
102,M81057,Topiramate_Cap 50mg,040801050AAAWAW,2,5.135999999999994
62,M81057,Amiodarone HCl_Tab 200mg,0203020D0AAABAB,6,4.200000000000004
4,M81010,Clonazepam_Tab 500mcg,0408010F0AAABAB,6,3.796799999999992
91,M81056,Levothyrox Sod_Tab 12.5mcg,0602010V0AAGHGH,5,2.8000000000000025
63,M81005,Amiodarone HCl_Tab 200mg,0203020D0AAABAB,4,2.8000000000000025
103,M81005,Topiramate_Cap 50mg,040801050AAAWAW,1,2.567999999999997
5,M81608,Clonazepam_Tab 500mcg,0408010F0AAABAB,2,2.531199999999995
6,M81027,Clonazepam_Tab 500mcg,0408010F0AAABAB,2,2.531199999999995
64,M81027,Amiodarone HCl_Tab 200mg,0203020D0AAABAB,3,2.100000000000002
50,M81068,Pyridox HCl_Tab 50mg,0906024N0AAAIAI,1,1.9152000000000005
9,M81056,Clonazepam_Tab 500mcg,0408010F0AAABAB,5,1.5819999999999967
7,M81027,Clonazepam_Tab 500mcg,0408010F0AAABAB,1,1.5819999999999967
8,M81040,Clonazepam_Tab 500mcg,0408010F0AAABAB,5,1.5819999999999967
53,M81057,Pyridox HCl_Tab 50mg,0906024N0AAAIAI,4,1.4364000000000003
51,M81027,Pyridox HCl_Tab 50mg,0906024N0AAAIAI,3,1.4364000000000003
52,M81010,Pyridox HCl_Tab 50mg,0906024N0AAAIAI,1,1.4364000000000003
66,M81068,Amiodarone HCl_Tab 200mg,0203020D0AAABAB,4,1.4000000000000012
65,M81010,Amiodarone HCl_Tab 200mg,0203020D0AAABAB,4,1.4000000000000012
15,M81057,Clonazepam_Tab 500mcg,0408010F0AAABAB,2,1.2655999999999974
10,M81010,Clonazepam_Tab 500mcg,0408010F0AAABAB,1,1.2655999999999974
12,M81056,Clonazepam_Tab 500mcg,0408010F0AAABAB,2,1.2655999999999974
13,M81005,Clonazepam_Tab 500mcg,0408010F0AAABAB,2,1.2655999999999974
14,M81040,Clonazepam_Tab 500mcg,0408010F0AAABAB,1,1.2655999999999974
16,M81040,Clonazepam_Tab 500mcg,0408010F0AAABAB,2,1.2655999999999974
11,M81015,Clonazepam_Tab 500mcg,0408010F0AAABAB,1,1.2655999999999974
18,M81005,Clonazepam_Tab 500mcg,0408010F0AAABAB,1,1.1299999999999977
17,M81010,Clonazepam_Tab 500mcg,0408010F0AAABAB,1,1.1299999999999977
92,M81040,Levothyrox Sod_Tab 12.5mcg,0602010V0AAGHGH,2,1.120000000000001
93,M81005,Levothyrox Sod_Tab 12.5mcg,0602010V0AAGHGH,2,1.120000000000001
67,M81057,Amiodarone HCl_Tab 200mg,0203020D0AAABAB,3,1.050000000000001
68,M81090,Amiodarone HCl_Tab 200mg,0203020D0AAABAB,3,1.050000000000001
69,M81608,Amiodarone HCl_Tab 200mg,0203020D0AAABAB,3,1.050000000000001
57,M81005,Pyridox HCl_Tab 50mg,0906024N0AAAIAI,1,0.9576000000000002
56,M81608,Pyridox HCl_Tab 50mg,0906024N0AAAIAI,1,0.9576000000000002
55,M81090,Pyridox HCl_Tab 50mg,0906024N0AAAIAI,1,0.9576000000000002
54,M81068,Pyridox HCl_Tab 50mg,0906024N0AAAIAI,4,0.9576000000000002
20,M81073,Clonazepam_Tab 500mcg,0408010F0AAABAB,3,0.949199999999998
24,M81015,Clonazepam_Tab 500mcg,0408010F0AAABAB,1,0.949199999999998
22,M81057,Clonazepam_Tab 500mcg,0408010F0AAABAB,3,0.949199999999998
23,M81015,Clonazepam_Tab 500mcg,0408010F0AAABAB,3,0.949199999999998
21,M81056,Clonazepam_Tab 500mcg,0408010F0AAABAB,1,0.949199999999998
19,M81068,Clonazepam_Tab 500mcg,0408010F0AAABAB,3,0.949199999999998
25,M81068,Clonazepam_Tab 500mcg,0408010F0AAABAB,5,0.7909999999999984
26,M81040,Clonazepam_Tab 500mcg,0408010F0AAABAB,1,0.7167999999999992
72,M81010,Amiodarone HCl_Tab 200mg,0203020D0AAABAB,1,0.7000000000000006
71,M81056,Amiodarone HCl_Tab 200mg,0203020D0AAABAB,1,0.7000000000000006
70,M81040,Amiodarone HCl_Tab 200mg,0203020D0AAABAB,1,0.7000000000000006
73,M81073,Amiodarone HCl_Tab 200mg,0203020D0AAABAB,2,0.7000000000000006
75,M81068,Amiodarone HCl_Tab 200mg,0203020D0AAABAB,8,0.6776
74,M81057,Amiodarone HCl_Tab 200mg,0203020D0AAABAB,8,0.6776
28,M81040,Clonazepam_Tab 500mcg,0408010F0AAABAB,8,0.6327999999999987
27,M81073,Clonazepam_Tab 500mcg,0408010F0AAABAB,1,0.6327999999999987
100,M81073,Levothyrox Sod_Tab 12.5mcg,0602010V0AAGHGH,1,0.5600000000000005
99,M81005,Levothyrox Sod_Tab 12.5mcg,0602010V0AAGHGH,2,0.5600000000000005
98,M81010,Levothyrox Sod_Tab 12.5mcg,0602010V0AAGHGH,1,0.5600000000000005
96,M81057,Levothyrox Sod_Tab 12.5mcg,0602010V0AAGHGH,1,0.5600000000000005
97,M81608,Levothyrox Sod_Tab 12.5mcg,0602010V0AAGHGH,2,0.5600000000000005
94,M81090,Levothyrox Sod_Tab 12.5mcg,0602010V0AAGHGH,2,0.5600000000000005
95,M81027,Levothyrox Sod_Tab 12.5mcg,0602010V0AAGHGH,1,0.5600000000000005
58,M81010,Pyridox HCl_Tab 50mg,0906024N0AAAIAI,1,0.4788000000000001
29,M81073,Clonazepam_Tab 500mcg,0408010F0AAABAB,1,0.474599999999999
79,M81005,Amiodarone HCl_Tab 200mg,0203020D0AAABAB,1,0.3500000000000003
78,M81056,Amiodarone HCl_Tab 200mg,0203020D0AAABAB,1,0.3500000000000003
76,M81040,Amiodarone HCl_Tab 200mg,0203020D0AAABAB,1,0.3500000000000003
80,M81015,Amiodarone HCl_Tab 200mg,0203020D0AAABAB,1,0.3500000000000003
77,M81027,Amiodarone HCl_Tab 200mg,0203020D0AAABAB,1,0.3500000000000003
31,M81068,Clonazepam_Tab 500mcg,0408010F0AAABAB,1,0.3389999999999993
30,M81010,Clonazepam_Tab 500mcg,0408010F0AAABAB,1,0.3389999999999993
33,M81068,Clonazepam_Tab 500mcg,0408010F0AAABAB,4,0.31639999999999935
34,M81005,Clonazepam_Tab 500mcg,0408010F0AAABAB,1,0.31639999999999935
32,M81010,Clonazepam_Tab 500mcg,0408010F0AAABAB,1,0.31639999999999935
101,M81056,Levothyrox Sod_Tab 12.5mcg,0602010V0AAGHGH,1,0.28000000000000025
81,M81040,Amiodarone HCl_Tab 200mg,0203020D0AAABAB,3,0.2541
38,M81040,Clonazepam_Tab 500mcg,0408010F0AAABAB,1,0.15819999999999967
36,M81057,Clonazepam_Tab 500mcg,0408010F0AAABAB,1,0.15819999999999967
37,M81056,Clonazepam_Tab 500mcg,0408010F0AAABAB,1,0.15819999999999967
35,M81608,Clonazepam_Tab 500mcg,0408010F0AAABAB,2,0.15819999999999967
39,M81040,Clonazepam_Tab 500mcg,0408010F0AAABAB,1,0.11599999999999999
40,M81057,Clonazepam_Tab 500mcg,0408010F0AAABAB,1,0.07909999999999984
44,M81010,Acetazolamide_Tab 250mg,1106000B0AAACAC,3,0.016800000000002813
83,M81015,Nitrofurantoin_Tab 100mg,0501130R0AAAEAE,5,0.012000000000000344
84,M81015,Nitrofurantoin_Tab 100mg,0501130R0AAAEAE,2,0.01120000000000032
60,M81057,Pioglitazone HCl_Tab 30mg,0601023B0AAABAB,5,0.010499999999999815
45,M81040,Acetazolamide_Tab 250mg,1106000B0AAACAC,2,0.0056000000000009376
46,M81005,Acetazolamide_Tab 250mg,1106000B0AAACAC,1,0.0056000000000009376
86,M81010,Nitrofurantoin_Tab 100mg,0501130R0AAAEAE,1,0.00560000000000016
85,M81040,Nitrofurantoin_Tab 100mg,0501130R0AAAEAE,1,0.00560000000000016
88,M81608,Nitrofurantoin_Tab 100mg,0501130R0AAAEAE,2,0.0048000000000001375
87,M81015,Nitrofurantoin_Tab 100mg,0501130R0AAAEAE,1,0.0048000000000001375
61,M81040,Pioglitazone HCl_Tab 30mg,0601023B0AAABAB,1,0.004199999999999926
47,M81027,Acetazolamide_Tab 250mg,1106000B0AAACAC,1,0.0028000000000004688
89,M81056,Nitrofurantoin_Tab 100mg,0501130R0AAAEAE,1,0.0024000000000000687
90,M81015,Nitrofurantoin_Tab 100mg,0501130R0AAAEAE,1,0.0008000000000000229
48,M81056,Acetazolamide_Tab 250mg,1106000B0AAACAC,1,-0.0034999999999996145
3,M81057,Mesalazine_Tab E/C 400mg,0105010B0AAAAAA,1,-12.833999999999998
