,practice_code,bnf_description,bnf_code,items,excess_cost
0,J83009,Atorvastatin_Tab 20mg,0212000B0AAABAB,594,429.10560000000004
268,J83036,Prednisolone_Tab Solb 5mg,0603020T0AABHBH,1,371.68999999999994
1,J83025,Atorvastatin_Tab 20mg,0212000B0AAABAB,115,180.32000000000002
269,J83063,Prednisolone_Tab Solb 5mg,0603020T0AABHBH,1,179.84999999999997
270,Y00058,Prednisolone_Tab Solb 5mg,0603020T0AABHBH,1,125.89499999999998
2,Y00058,Atorvastatin_Tab 20mg,0212000B0AAABAB,286,90.49040000000004
3,J83024,Atorvastatin_Tab 20mg,0212000B0AAABAB,308,68.12960000000004
4,J83009,Atorvastatin_Tab 20mg,0212000B0AAABAB,222,67.59899999999999
271,Y00776,Prednisolone_Tab Solb 5mg,0603020T0AABHBH,1,67.15520000000001
314,J83027,Ferr Sulf_Tab 200mg,0901011P0AAACAC,5,63.378
462,J83009,Carbimazole_Tab 5mg,0602020D0AAAAAA,6,51.192
306,J83027,Montelukast_Tab 10mg,0303020G0AAABAB,31,48.781600000000005
307,J83035,Montelukast_Tab 10mg,0303020G0AAABAB,15,48.720000000000006
308,J83001,Montelukast_Tab 10mg,0303020G0AAABAB,15,48.720000000000006
309,J83064,Montelukast_Tab 10mg,0303020G0AAABAB,25,48.72
385,J83002,Atorvastatin_Tab 10mg,0212000B0AAAAAA,24,46.5024
386,Y00058,Atorvastatin_Tab 10mg,0212000B0AAAAAA,79,46.452
5,J83036,Atorvastatin_Tab 20mg,0212000B0AAABAB,101,45.248
6,J83027,Atorvastatin_Tab 20mg,0212000B0AAABAB,351,45.20880000000007
33,J83027,Paracet_Tab 500mg,0407010H0AAAMAM,56,45.158399999999986
32,J83027,Paracet_Tab 500mg,0407010H0AAAMAM,56,45.158399999999986
7,J83645,Atorvastatin_Tab 20mg,0212000B0AAABAB,26,45.136
8,J83025,Atorvastatin_Tab 20mg,0212000B0AAABAB,33,45.09119999999999
9,J83646,Atorvastatin_Tab 20mg,0212000B0AAABAB,35,45.08
10,J83009,Atorvastatin_Tab 20mg,0212000B0AAABAB,9,45.0576
11,J83645,Atorvastatin_Tab 20mg,0212000B0AAABAB,80,45.024
422,J83024,Atorvastatin_Tab 40mg,0212000B0AAACAC,240,45.02399999999999
12,J83002,Atorvastatin_Tab 20mg,0212000B0AAABAB,518,44.96240000000008
423,J83024,Atorvastatin_Tab 40mg,0212000B0AAACAC,11,44.5368
463,J83036,Carbimazole_Tab 5mg,0602020D0AAAAAA,2,42.66000000000001
272,J83064,Prednisolone_Tab Solb 5mg,0603020T0AABHBH,1,35.97
273,J83031,Prednisolone_Tab Solb 5mg,0603020T0AABHBH,1,35.97
387,J83646,Atorvastatin_Tab 10mg,0212000B0AAAAAA,43,34.916
388,J83036,Atorvastatin_Tab 10mg,0212000B0AAAAAA,8,34.876799999999996
34,J83009,Paracet_Tab 500mg,0407010H0AAAMAM,41,33.980800000000016
35,J83009,Paracet_Tab 500mg,0407010H0AAAMAM,41,33.980800000000016
36,J83646,Paracet_Tab 500mg,0407010H0AAAMAM,22,30.36
37,J83646,Paracet_Tab 500mg,0407010H0AAAMAM,22,30.36
38,J83646,Paracet_Tab 500mg,0407010H0AAAMAM,37,30.34000000000001
39,J83646,Paracet_Tab 500mg,0407010H0AAAMAM,37,30.34000000000001
41,J83001,Paracet_Tab 500mg,0407010H0AAAMAM,42,30.23999999999999
40,J83001,Paracet_Tab 500mg,0407010H0AAAMAM,42,30.23999999999999
432,J83009,Losartan Pot_Tab 100mg,0205052N0AAADAD,131,29.710799999999985
433,J83035,Losartan Pot_Tab 100mg,0205052N0AAADAD,31,29.51199999999999
434,J83036,Losartan Pot_Tab 100mg,0205052N0AAADAD,34,29.511999999999986
435,J83009,Losartan Pot_Tab 100mg,0205052N0AAADAD,4,29.456000000000003
315,Y00058,Ferr Sulf_Tab 200mg,0901011P0AAACAC,3,28.1904
316,J83036,Ferr Sulf_Tab 200mg,0901011P0AAACAC,2,28.179199999999998
317,J83025,Ferr Sulf_Tab 200mg,0901011P0AAACAC,4,28.179199999999994
13,J83024,Atorvastatin_Tab 20mg,0212000B0AAABAB,72,28.173600000000004
318,J83633,Ferr Sulf_Tab 200mg,0901011P0AAACAC,10,28.167999999999996
504,J83035,Clopidogrel_Tab 75mg,0209000C0AAAAAA,112,26.342399999999994
505,J83009,Clopidogrel_Tab 75mg,0209000C0AAAAAA,108,26.308799999999998
310,J83035,Montelukast_Tab 10mg,0303020G0AAABAB,38,25.323199999999993
43,J83001,Paracet_Tab 500mg,0407010H0AAAMAM,126,25.200000000000024
42,J83001,Paracet_Tab 500mg,0407010H0AAAMAM,126,25.200000000000024
311,J83035,Montelukast_Tab 10mg,0303020G0AAABAB,13,24.397100000000002
312,Y00058,Montelukast_Tab 10mg,0303020G0AAABAB,9,24.368399999999994
313,J83645,Montelukast_Tab 10mg,0303020G0AAABAB,12,24.360000000000003
465,J83633,Carbimazole_Tab 5mg,0602020D0AAAAAA,1,23.884
464,J83646,Carbimazole_Tab 5mg,0602020D0AAAAAA,1,23.884
466,J83036,Carbimazole_Tab 5mg,0602020D0AAAAAA,2,23.878400000000006
45,J83002,Paracet_Tab 500mg,0407010H0AAAMAM,30,23.519999999999996
44,J83002,Paracet_Tab 500mg,0407010H0AAAMAM,30,23.519999999999996
14,J83035,Atorvastatin_Tab 20mg,0212000B0AAABAB,313,22.786400000000043
15,J83633,Atorvastatin_Tab 20mg,0212000B0AAABAB,159,22.7052
424,J83009,Atorvastatin_Tab 40mg,0212000B0AAACAC,207,22.604400000000005
16,J83036,Atorvastatin_Tab 20mg,0212000B0AAABAB,94,22.569399999999998
17,J83646,Atorvastatin_Tab 20mg,0212000B0AAABAB,130,22.568000000000016
49,J83646,Paracet_Tab 500mg,0407010H0AAAMAM,1,22.534399999999998
48,J83025,Paracet_Tab 500mg,0407010H0AAAMAM,1,22.534399999999998
47,J83025,Paracet_Tab 500mg,0407010H0AAAMAM,1,22.534399999999998
46,J83646,Paracet_Tab 500mg,0407010H0AAAMAM,1,22.534399999999998
50,J83646,Paracet_Tab 500mg,0407010H0AAAMAM,28,22.4224
51,J83646,Paracet_Tab 500mg,0407010H0AAAMAM,28,22.4224
425,J83001,Atorvastatin_Tab 40mg,0212000B0AAACAC,94,22.372
426,J83036,Atorvastatin_Tab 40mg,0212000B0AAACAC,37,22.273999999999997
427,J83025,Atorvastatin_Tab 40mg,0212000B0AAACAC,11,22.2684
428,J83047,Atorvastatin_Tab 40mg,0212000B0AAACAC,48,22.2432
52,J83027,Paracet_Tab 500mg,0407010H0AAAMAM,105,22.05000000000001
53,J83027,Paracet_Tab 500mg,0407010H0AAAMAM,105,22.05000000000001
319,J83036,Ferr Sulf_Tab 200mg,0901011P0AAACAC,6,21.1176
54,J83064,Paracet_Tab 500mg,0407010H0AAAMAM,45,20.250000000000004
55,J83064,Paracet_Tab 500mg,0407010H0AAAMAM,45,20.250000000000004
56,J83009,Paracet_Tab 500mg,0407010H0AAAMAM,43,19.78
57,J83009,Paracet_Tab 500mg,0407010H0AAAMAM,43,19.78
59,J83009,Paracet_Tab 500mg,0407010H0AAAMAM,150,19.499999999999986
58,J83009,Paracet_Tab 500mg,0407010H0AAAMAM,150,19.499999999999986
436,Y03671,Losartan Pot_Tab 100mg,0205052N0AAADAD,21,18.5073
506,J83025,Clopidogrel_Tab 75mg,0209000C0AAAAAA,32,17.56159999999999
507,Y00058,Clopidogrel_Tab 75mg,0209000C0AAAAAA,11,17.494400000000002
508,J83027,Clopidogrel_Tab 75mg,0209000C0AAAAAA,93,17.446799999999993
509,J83633,Clopidogrel_Tab 75mg,0209000C0AAAAAA,75,17.430000000000003
18,Y00058,Atorvastatin_Tab 20mg,0212000B0AAABAB,87,16.930200000000003
320,J83036,Ferr Sulf_Tab 200mg,0901011P0AAACAC,24,15.825599999999994
510,Y03671,Clopidogrel_Tab 75mg,0209000C0AAAAAA,39,15.4518
437,J83633,Losartan Pot_Tab 100mg,0205052N0AAADAD,82,14.923999999999998
438,J83027,Losartan Pot_Tab 100mg,0205052N0AAADAD,66,14.784
439,Y03671,Losartan Pot_Tab 100mg,0205052N0AAADAD,11,14.7224
321,J83009,Ferr Sulf_Tab 200mg,0901011P0AAACAC,52,14.341599999999996
322,J83009,Ferr Sulf_Tab 200mg,0901011P0AAACAC,15,14.111999999999997
60,J83646,Paracet_Tab 500mg,0407010H0AAAMAM,3,12.096
61,J83646,Paracet_Tab 500mg,0407010H0AAAMAM,3,12.096
467,J83633,Carbimazole_Tab 5mg,0602020D0AAAAAA,3,11.9364
468,J83009,Carbimazole_Tab 5mg,0602020D0AAAAAA,4,11.928000000000004
389,J83002,Atorvastatin_Tab 10mg,0212000B0AAAAAA,68,11.804800000000002
62,J83646,Paracet_Tab 500mg,0407010H0AAAMAM,1,11.669599999999999
63,J83646,Paracet_Tab 500mg,0407010H0AAAMAM,1,11.669599999999999
390,J83035,Atorvastatin_Tab 10mg,0212000B0AAAAAA,12,11.6676
391,J83035,Atorvastatin_Tab 10mg,0212000B0AAAAAA,99,11.642400000000006
64,J83009,Paracet_Tab 500mg,0407010H0AAAMAM,92,11.592
65,J83009,Paracet_Tab 500mg,0407010H0AAAMAM,92,11.592
66,J83063,Paracet_Tab 500mg,0407010H0AAAMAM,11,11.3344
67,J83063,Paracet_Tab 500mg,0407010H0AAAMAM,11,11.3344
392,J83009,Atorvastatin_Tab 10mg,0212000B0AAAAAA,211,11.225200000000013
440,J83027,Losartan Pot_Tab 100mg,0205052N0AAADAD,33,11.203499999999998
68,J83001,Paracet_Tab 500mg,0407010H0AAAMAM,27,11.1888
69,J83001,Paracet_Tab 500mg,0407010H0AAAMAM,27,11.1888
70,J83027,Paracet_Tab 500mg,0407010H0AAAMAM,57,10.260000000000018
71,J83027,Paracet_Tab 500mg,0407010H0AAAMAM,57,10.260000000000018
72,J83036,Paracet_Tab 500mg,0407010H0AAAMAM,24,10.080000000000005
73,J83036,Paracet_Tab 500mg,0407010H0AAAMAM,24,10.080000000000005
74,Y03671,Paracet_Tab 500mg,0407010H0AAAMAM,6,10.080000000000002
75,Y03671,Paracet_Tab 500mg,0407010H0AAAMAM,6,10.080000000000002
76,J83036,Paracet_Tab 500mg,0407010H0AAAMAM,71,9.940000000000014
77,J83036,Paracet_Tab 500mg,0407010H0AAAMAM,71,9.940000000000014
78,J83633,Paracet_Tab 500mg,0407010H0AAAMAM,26,9.880000000000013
79,J83633,Paracet_Tab 500mg,0407010H0AAAMAM,26,9.880000000000013
81,J83035,Paracet_Tab 500mg,0407010H0AAAMAM,82,9.839999999999998
80,J83035,Paracet_Tab 500mg,0407010H0AAAMAM,82,9.839999999999998
511,J83009,Clopidogrel_Tab 75mg,0209000C0AAAAAA,195,9.691499999999994
82,J83025,Paracet_Tab 500mg,0407010H0AAAMAM,6,9.657599999999999
83,J83025,Paracet_Tab 500mg,0407010H0AAAMAM,6,9.657599999999999
512,J83024,Clopidogrel_Tab 75mg,0209000C0AAAAAA,77,8.839599999999999
513,J83646,Clopidogrel_Tab 75mg,0209000C0AAAAAA,35,8.721999999999998
84,J83646,Paracet_Tab 500mg,0407010H0AAAMAM,6,8.064
85,J83646,Paracet_Tab 500mg,0407010H0AAAMAM,6,8.064
86,J83035,Paracet_Tab 500mg,0407010H0AAAMAM,63,7.559999999999998
87,J83035,Paracet_Tab 500mg,0407010H0AAAMAM,63,7.559999999999998
514,J83001,Clopidogrel_Tab 75mg,0209000C0AAAAAA,1,6.5645999999999995
88,J83633,Paracet_Tab 500mg,0407010H0AAAMAM,89,6.229999999999993
89,J83633,Paracet_Tab 500mg,0407010H0AAAMAM,89,6.229999999999993
90,J83025,Paracet_Tab 500mg,0407010H0AAAMAM,15,5.1000000000000005
91,J83025,Paracet_Tab 500mg,0407010H0AAAMAM,15,5.1000000000000005
92,J83002,Paracet_Tab 500mg,0407010H0AAAMAM,173,3.460000000000039
93,J83002,Paracet_Tab 500mg,0407010H0AAAMAM,173,3.460000000000039
94,J83001,Paracet_Tab 500mg,0407010H0AAAMAM,71,3.180800000000036
95,J83001,Paracet_Tab 500mg,0407010H0AAAMAM,71,3.180800000000036
96,J83027,Paracet_Tab 500mg,0407010H0AAAMAM,20,2.688000000000001
97,J83027,Paracet_Tab 500mg,0407010H0AAAMAM,20,2.688000000000001
98,J83009,Paracet_Tab 500mg,0407010H0AAAMAM,5,1.616
99,J83009,Paracet_Tab 500mg,0407010H0AAAMAM,5,1.616
100,J83035,Paracet_Tab 500mg,0407010H0AAAMAM,69,1.5455999999999905
101,J83035,Paracet_Tab 500mg,0407010H0AAAMAM,69,1.5455999999999905
103,J83025,Paracet_Tab 500mg,0407010H0AAAMAM,14,1.120000000000003
102,J83025,Paracet_Tab 500mg,0407010H0AAAMAM,14,1.120000000000003
515,J83002,Clopidogrel_Tab 75mg,0209000C0AAAAAA,147,0.7202999999999992
104,J83633,Paracet_Tab 500mg,0407010H0AAAMAM,2,0.6496
105,J83633,Paracet_Tab 500mg,0407010H0AAAMAM,2,0.6496
107,J83002,Paracet_Tab 500mg,0407010H0AAAMAM,8,0.6271999999999993
106,J83002,Paracet_Tab 500mg,0407010H0AAAMAM,8,0.6271999999999993
516,J83057,Clopidogrel_Tab 75mg,0209000C0AAAAAA,123,0.6026999999999993
517,J83036,Clopidogrel_Tab 75mg,0209000C0AAAAAA,104,0.5823999999999965
518,J83031,Clopidogrel_Tab 75mg,0209000C0AAAAAA,102,0.49979999999999947
519,J83027,Clopidogrel_Tab 75mg,0209000C0AAAAAA,96,0.4703999999999995
520,J83038,Clopidogrel_Tab 75mg,0209000C0AAAAAA,78,0.3821999999999996
521,J83024,Clopidogrel_Tab 75mg,0209000C0AAAAAA,77,0.3772999999999996
323,J83036,Ferr Sulf_Tab 200mg,0901011P0AAACAC,58,0.32479999999999803
522,J83646,Clopidogrel_Tab 75mg,0209000C0AAAAAA,63,0.30869999999999964
523,Y00058,Clopidogrel_Tab 75mg,0209000C0AAAAAA,62,0.3037999999999997
109,J83002,Paracet_Tab 500mg,0407010H0AAAMAM,36,0.30240000000000344
108,J83002,Paracet_Tab 500mg,0407010H0AAAMAM,36,0.30240000000000344
524,J83047,Clopidogrel_Tab 75mg,0209000C0AAAAAA,61,0.29889999999999967
525,J83059,Clopidogrel_Tab 75mg,0209000C0AAAAAA,60,0.2939999999999997
526,J83064,Clopidogrel_Tab 75mg,0209000C0AAAAAA,58,0.2841999999999997
441,J83002,Losartan Pot_Tab 100mg,0205052N0AAADAD,50,0.28000000000000075
324,J83031,Ferr Sulf_Tab 200mg,0901011P0AAACAC,40,0.22399999999999864
527,J83035,Clopidogrel_Tab 75mg,0209000C0AAAAAA,45,0.22049999999999975
442,J83036,Losartan Pot_Tab 100mg,0205052N0AAADAD,39,0.21840000000000057
443,J83024,Losartan Pot_Tab 100mg,0205052N0AAADAD,38,0.21280000000000054
528,J83022,Clopidogrel_Tab 75mg,0209000C0AAAAAA,40,0.19599999999999979
444,J83009,Losartan Pot_Tab 100mg,0205052N0AAADAD,34,0.1904000000000005
393,J83009,Atorvastatin_Tab 10mg,0212000B0AAAAAA,90,0.18900000000000106
110,J83025,Paracet_Tab 500mg,0407010H0AAAMAM,4,0.17920000000000202
111,J83025,Paracet_Tab 500mg,0407010H0AAAMAM,4,0.17920000000000202
445,J83064,Losartan Pot_Tab 100mg,0205052N0AAADAD,31,0.17360000000000045
19,Y03671,Atorvastatin_Tab 20mg,0212000B0AAABAB,58,0.16240000000000465
446,J83047,Losartan Pot_Tab 100mg,0205052N0AAADAD,29,0.16240000000000043
394,J83057,Atorvastatin_Tab 10mg,0212000B0AAAAAA,74,0.15540000000000087
395,J83036,Atorvastatin_Tab 10mg,0212000B0AAAAAA,71,0.14910000000000082
447,J83057,Losartan Pot_Tab 100mg,0205052N0AAADAD,26,0.1456000000000004
112,J83035,Paracet_Tab 500mg,0407010H0AAAMAM,6,0.14399999999999913
113,J83035,Paracet_Tab 500mg,0407010H0AAAMAM,6,0.14399999999999913
448,J83022,Losartan Pot_Tab 100mg,0205052N0AAADAD,24,0.13440000000000035
325,J83009,Ferr Sulf_Tab 200mg,0901011P0AAACAC,43,0.12039999999999927
114,J83009,Paracet_Tab 500mg,0407010H0AAAMAM,28,0.11759999999999929
115,J83009,Paracet_Tab 500mg,0407010H0AAAMAM,28,0.11759999999999929
396,J83031,Atorvastatin_Tab 10mg,0212000B0AAAAAA,55,0.11550000000000063
397,J83038,Atorvastatin_Tab 10mg,0212000B0AAAAAA,54,0.11340000000000063
529,J83001,Clopidogrel_Tab 75mg,0209000C0AAAAAA,23,0.11269999999999988
449,J83646,Losartan Pot_Tab 100mg,0205052N0AAADAD,20,0.1120000000000003
326,J83057,Ferr Sulf_Tab 200mg,0901011P0AAACAC,20,0.11199999999999932
398,J83059,Atorvastatin_Tab 10mg,0212000B0AAAAAA,52,0.1092000000000006
530,J83025,Clopidogrel_Tab 75mg,0209000C0AAAAAA,22,0.10779999999999988
450,J83063,Losartan Pot_Tab 100mg,0205052N0AAADAD,17,0.09520000000000026
451,J83035,Losartan Pot_Tab 100mg,0205052N0AAADAD,16,0.08960000000000024
327,J83027,Ferr Sulf_Tab 200mg,0901011P0AAACAC,16,0.08959999999999946
328,J83064,Ferr Sulf_Tab 200mg,0901011P0AAACAC,16,0.08959999999999946
329,J83022,Ferr Sulf_Tab 200mg,0901011P0AAACAC,16,0.08959999999999946
330,J83646,Ferr Sulf_Tab 200mg,0901011P0AAACAC,16,0.08959999999999946
452,J83038,Losartan Pot_Tab 100mg,0205052N0AAADAD,15,0.08400000000000021
116,J83027,Paracet_Tab 500mg,0407010H0AAAMAM,20,0.08399999999999949
117,J83027,Paracet_Tab 500mg,0407010H0AAAMAM,20,0.08399999999999949
399,J83646,Atorvastatin_Tab 10mg,0212000B0AAAAAA,39,0.08190000000000044
118,J83002,Paracet_Tab 500mg,0407010H0AAAMAM,29,0.08119999999999951
119,J83002,Paracet_Tab 500mg,0407010H0AAAMAM,29,0.08119999999999951
453,J83031,Losartan Pot_Tab 100mg,0205052N0AAADAD,13,0.0728000000000002
331,J83031,Ferr Sulf_Tab 200mg,0901011P0AAACAC,25,0.06999999999999958
454,J83059,Losartan Pot_Tab 100mg,0205052N0AAADAD,12,0.06720000000000018
121,J83646,Paracet_Tab 500mg,0407010H0AAAMAM,16,0.0671999999999996
120,J83646,Paracet_Tab 500mg,0407010H0AAAMAM,16,0.0671999999999996
332,J83002,Ferr Sulf_Tab 200mg,0901011P0AAACAC,12,0.0671999999999996
400,J83047,Atorvastatin_Tab 10mg,0212000B0AAAAAA,30,0.06300000000000035
401,Y03671,Atorvastatin_Tab 10mg,0212000B0AAAAAA,29,0.060900000000000336
122,J83047,Paracet_Tab 500mg,0407010H0AAAMAM,10,0.05999999999999964
123,J83047,Paracet_Tab 500mg,0407010H0AAAMAM,10,0.05999999999999964
402,J83022,Atorvastatin_Tab 10mg,0212000B0AAAAAA,28,0.058800000000000324
403,J83001,Atorvastatin_Tab 10mg,0212000B0AAAAAA,28,0.058800000000000324
531,J83063,Clopidogrel_Tab 75mg,0209000C0AAAAAA,12,0.058799999999999936
125,J83036,Paracet_Tab 500mg,0407010H0AAAMAM,21,0.058799999999999644
124,J83036,Paracet_Tab 500mg,0407010H0AAAMAM,21,0.058799999999999644
455,J83025,Losartan Pot_Tab 100mg,0205052N0AAADAD,10,0.05600000000000015
404,Y00058,Atorvastatin_Tab 10mg,0212000B0AAAAAA,26,0.0546000000000003
127,J83038,Paracet_Tab 500mg,0407010H0AAAMAM,13,0.05459999999999967
126,J83038,Paracet_Tab 500mg,0407010H0AAAMAM,13,0.05459999999999967
532,K84012,Clopidogrel_Tab 75mg,0209000C0AAAAAA,11,0.05389999999999994
405,J83064,Atorvastatin_Tab 10mg,0212000B0AAAAAA,25,0.05250000000000029
129,K84012,Paracet_Tab 500mg,0407010H0AAAMAM,12,0.050399999999999695
128,K84012,Paracet_Tab 500mg,0407010H0AAAMAM,12,0.050399999999999695
533,J83645,Clopidogrel_Tab 75mg,0209000C0AAAAAA,10,0.048999999999999946
130,J83036,Paracet_Tab 500mg,0407010H0AAAMAM,11,0.04619999999999972
131,J83036,Paracet_Tab 500mg,0407010H0AAAMAM,11,0.04619999999999972
334,J83063,Ferr Sulf_Tab 200mg,0901011P0AAACAC,8,0.04479999999999973
132,J83059,Paracet_Tab 500mg,0407010H0AAAMAM,16,0.04479999999999973
333,J83002,Ferr Sulf_Tab 200mg,0901011P0AAACAC,16,0.04479999999999973
133,J83059,Paracet_Tab 500mg,0407010H0AAAMAM,16,0.04479999999999973
335,J83038,Ferr Sulf_Tab 200mg,0901011P0AAACAC,8,0.04479999999999973
136,J83057,Paracet_Tab 500mg,0407010H0AAAMAM,10,0.041999999999999746
134,J83024,Paracet_Tab 500mg,0407010H0AAAMAM,15,0.041999999999999746
135,J83057,Paracet_Tab 500mg,0407010H0AAAMAM,10,0.041999999999999746
137,J83059,Paracet_Tab 500mg,0407010H0AAAMAM,10,0.041999999999999746
138,J83059,Paracet_Tab 500mg,0407010H0AAAMAM,10,0.041999999999999746
139,J83024,Paracet_Tab 500mg,0407010H0AAAMAM,15,0.041999999999999746
456,Y00058,Losartan Pot_Tab 100mg,0205052N0AAADAD,7,0.0392000000000001
140,J83001,Paracet_Tab 500mg,0407010H0AAAMAM,14,0.03919999999999976
141,J83001,Paracet_Tab 500mg,0407010H0AAAMAM,14,0.03919999999999976
406,J83025,Atorvastatin_Tab 10mg,0212000B0AAAAAA,18,0.03780000000000021
142,J83063,Paracet_Tab 500mg,0407010H0AAAMAM,13,0.03639999999999978
143,J83063,Paracet_Tab 500mg,0407010H0AAAMAM,13,0.03639999999999978
336,J83027,Ferr Sulf_Tab 200mg,0901011P0AAACAC,13,0.03639999999999978
407,J83027,Atorvastatin_Tab 10mg,0212000B0AAAAAA,16,0.033600000000000185
338,J83059,Ferr Sulf_Tab 200mg,0901011P0AAACAC,12,0.0335999999999998
337,J83001,Ferr Sulf_Tab 200mg,0901011P0AAACAC,6,0.0335999999999998
341,J83001,Ferr Sulf_Tab 200mg,0901011P0AAACAC,12,0.0335999999999998
339,J83057,Ferr Sulf_Tab 200mg,0901011P0AAACAC,12,0.0335999999999998
149,J83064,Paracet_Tab 500mg,0407010H0AAAMAM,8,0.0335999999999998
340,Y00058,Ferr Sulf_Tab 200mg,0901011P0AAACAC,6,0.0335999999999998
144,K84012,Paracet_Tab 500mg,0407010H0AAAMAM,12,0.0335999999999998
145,J83025,Paracet_Tab 500mg,0407010H0AAAMAM,8,0.0335999999999998
146,J83025,Paracet_Tab 500mg,0407010H0AAAMAM,8,0.0335999999999998
147,J83064,Paracet_Tab 500mg,0407010H0AAAMAM,8,0.0335999999999998
148,K84012,Paracet_Tab 500mg,0407010H0AAAMAM,12,0.0335999999999998
151,J83064,Paracet_Tab 500mg,0407010H0AAAMAM,1,0.029999999999999992
150,J83064,Paracet_Tab 500mg,0407010H0AAAMAM,1,0.029999999999999992
342,J83064,Ferr Sulf_Tab 200mg,0901011P0AAACAC,10,0.02799999999999983
152,J83057,Paracet_Tab 500mg,0407010H0AAAMAM,10,0.02799999999999983
153,J83057,Paracet_Tab 500mg,0407010H0AAAMAM,10,0.02799999999999983
343,J83036,Ferr Sulf_Tab 200mg,0901011P0AAACAC,10,0.02799999999999983
154,J83024,Paracet_Tab 500mg,0407010H0AAAMAM,6,0.025199999999999848
155,J83646,Paracet_Tab 500mg,0407010H0AAAMAM,9,0.025199999999999848
156,J83024,Paracet_Tab 500mg,0407010H0AAAMAM,6,0.025199999999999848
157,J83646,Paracet_Tab 500mg,0407010H0AAAMAM,9,0.025199999999999848
159,J83031,Paracet_Tab 500mg,0407010H0AAAMAM,4,0.023999999999999855
160,J83027,Paracet_Tab 500mg,0407010H0AAAMAM,4,0.023999999999999855
158,J83031,Paracet_Tab 500mg,0407010H0AAAMAM,4,0.023999999999999855
161,J83027,Paracet_Tab 500mg,0407010H0AAAMAM,4,0.023999999999999855
457,J83645,Losartan Pot_Tab 100mg,0205052N0AAADAD,4,0.02240000000000006
163,J83047,Paracet_Tab 500mg,0407010H0AAAMAM,8,0.022399999999999864
164,J83645,Paracet_Tab 500mg,0407010H0AAAMAM,8,0.022399999999999864
165,J83047,Paracet_Tab 500mg,0407010H0AAAMAM,8,0.022399999999999864
162,J83645,Paracet_Tab 500mg,0407010H0AAAMAM,8,0.022399999999999864
347,J83024,Ferr Sulf_Tab 200mg,0901011P0AAACAC,4,0.022399999999999864
346,J83033,Ferr Sulf_Tab 200mg,0901011P0AAACAC,4,0.022399999999999864
345,J83038,Ferr Sulf_Tab 200mg,0901011P0AAACAC,8,0.022399999999999864
344,J83047,Ferr Sulf_Tab 200mg,0901011P0AAACAC,4,0.022399999999999864
348,J83027,Ferr Sulf_Tab 200mg,0901011P0AAACAC,1,0.020999999999999144
534,J83633,Clopidogrel_Tab 75mg,0209000C0AAAAAA,4,0.01959999999999998
350,J83047,Ferr Sulf_Tab 200mg,0901011P0AAACAC,7,0.01959999999999988
349,J83645,Ferr Sulf_Tab 200mg,0901011P0AAACAC,7,0.01959999999999988
166,J83001,Paracet_Tab 500mg,0407010H0AAAMAM,3,0.01799999999999989
167,J83001,Paracet_Tab 500mg,0407010H0AAAMAM,3,0.01799999999999989
352,J83038,Ferr Sulf_Tab 200mg,0901011P0AAACAC,3,0.017999999999999267
351,J83063,Ferr Sulf_Tab 200mg,0901011P0AAACAC,3,0.017999999999999267
408,J83063,Atorvastatin_Tab 10mg,0212000B0AAAAAA,8,0.016800000000000093
353,Y00058,Ferr Sulf_Tab 200mg,0901011P0AAACAC,6,0.0167999999999999
169,J83022,Paracet_Tab 500mg,0407010H0AAAMAM,4,0.0167999999999999
168,Y00058,Paracet_Tab 500mg,0407010H0AAAMAM,4,0.0167999999999999
173,J83031,Paracet_Tab 500mg,0407010H0AAAMAM,4,0.0167999999999999
172,Y00058,Paracet_Tab 500mg,0407010H0AAAMAM,4,0.0167999999999999
171,J83022,Paracet_Tab 500mg,0407010H0AAAMAM,4,0.0167999999999999
170,J83031,Paracet_Tab 500mg,0407010H0AAAMAM,4,0.0167999999999999
176,J83002,Paracet_Tab 500mg,0407010H0AAAMAM,4,0.013999999999999915
177,J83064,Paracet_Tab 500mg,0407010H0AAAMAM,5,0.013999999999999915
174,J83064,Paracet_Tab 500mg,0407010H0AAAMAM,5,0.013999999999999915
175,J83002,Paracet_Tab 500mg,0407010H0AAAMAM,4,0.013999999999999915
180,J83036,Paracet_Tab 500mg,0407010H0AAAMAM,9,0.012599999999999924
179,J83036,Paracet_Tab 500mg,0407010H0AAAMAM,9,0.012599999999999924
178,J83047,Paracet_Tab 500mg,0407010H0AAAMAM,3,0.012599999999999924
181,J83047,Paracet_Tab 500mg,0407010H0AAAMAM,3,0.012599999999999924
469,J83002,Carbimazole_Tab 5mg,0602020D0AAAAAA,2,0.012000000000002009
184,J83645,Paracet_Tab 500mg,0407010H0AAAMAM,2,0.011999999999999927
182,J83009,Paracet_Tab 500mg,0407010H0AAAMAM,2,0.011999999999999927
187,J83009,Paracet_Tab 500mg,0407010H0AAAMAM,2,0.011999999999999927
186,J83645,Paracet_Tab 500mg,0407010H0AAAMAM,2,0.011999999999999927
185,J83059,Paracet_Tab 500mg,0407010H0AAAMAM,2,0.011999999999999927
183,J83059,Paracet_Tab 500mg,0407010H0AAAMAM,2,0.011999999999999927
354,J83646,Ferr Sulf_Tab 200mg,0901011P0AAACAC,2,0.011999999999999511
355,J83027,Ferr Sulf_Tab 200mg,0901011P0AAACAC,1,0.011999999999999511
356,J83033,Ferr Sulf_Tab 200mg,0901011P0AAACAC,1,0.011999999999999511
357,J83022,Ferr Sulf_Tab 200mg,0901011P0AAACAC,4,0.011199999999999932
358,J83645,Ferr Sulf_Tab 200mg,0901011P0AAACAC,2,0.011199999999999932
359,J83633,Ferr Sulf_Tab 200mg,0901011P0AAACAC,4,0.011199999999999932
188,J83022,Paracet_Tab 500mg,0407010H0AAAMAM,4,0.011199999999999932
189,J83009,Paracet_Tab 500mg,0407010H0AAAMAM,8,0.011199999999999932
190,J83009,Paracet_Tab 500mg,0407010H0AAAMAM,8,0.011199999999999932
191,J83022,Paracet_Tab 500mg,0407010H0AAAMAM,4,0.011199999999999932
274,Y00776,Prednisolone_Tab Solb 5mg,0603020T0AABHBH,3,0.01079999999999881
361,J83022,Ferr Sulf_Tab 200mg,0901011P0AAACAC,1,0.008999999999999633
362,J83009,Ferr Sulf_Tab 200mg,0901011P0AAACAC,1,0.008999999999999633
360,J83633,Ferr Sulf_Tab 200mg,0901011P0AAACAC,1,0.008999999999999633
276,J83024,Prednisolone_Tab Solb 5mg,0603020T0AABHBH,2,0.008999999999999009
275,Y00776,Prednisolone_Tab Solb 5mg,0603020T0AABHBH,2,0.008999999999999009
411,J83033,Atorvastatin_Tab 10mg,0212000B0AAAAAA,4,0.008400000000000046
409,J83645,Atorvastatin_Tab 10mg,0212000B0AAAAAA,4,0.008400000000000046
410,J83024,Atorvastatin_Tab 10mg,0212000B0AAAAAA,4,0.008400000000000046
363,J83001,Ferr Sulf_Tab 200mg,0901011P0AAACAC,1,0.00839999999999995
195,J83002,Paracet_Tab 500mg,0407010H0AAAMAM,6,0.00839999999999995
192,J83064,Paracet_Tab 500mg,0407010H0AAAMAM,4,0.00839999999999995
193,J83002,Paracet_Tab 500mg,0407010H0AAAMAM,6,0.00839999999999995
194,J83064,Paracet_Tab 500mg,0407010H0AAAMAM,4,0.00839999999999995
364,J83033,Ferr Sulf_Tab 200mg,0901011P0AAACAC,1,0.00839999999999995
197,J83057,Paracet_Tab 500mg,0407010H0AAAMAM,5,0.006999999999999958
535,J83027,Clopidogrel_Tab 75mg,0209000C0AAAAAA,1,0.006999999999999958
196,J83057,Paracet_Tab 500mg,0407010H0AAAMAM,5,0.006999999999999958
470,J83646,Carbimazole_Tab 5mg,0602020D0AAAAAA,1,0.0060000000000010045
23,J83002,Atorvastatin_Tab 20mg,0212000B0AAABAB,1,0.006000000000000172
22,J83001,Atorvastatin_Tab 20mg,0212000B0AAABAB,1,0.006000000000000172
21,J83033,Atorvastatin_Tab 20mg,0212000B0AAABAB,1,0.006000000000000172
20,J83035,Atorvastatin_Tab 20mg,0212000B0AAABAB,1,0.006000000000000172
458,J83001,Losartan Pot_Tab 100mg,0205052N0AAADAD,1,0.006000000000000172
430,J83036,Atorvastatin_Tab 40mg,0212000B0AAACAC,1,0.006000000000000172
429,J83033,Atorvastatin_Tab 40mg,0212000B0AAACAC,1,0.006000000000000172
202,J83064,Paracet_Tab 500mg,0407010H0AAAMAM,1,0.005999999999999964
199,J83036,Paracet_Tab 500mg,0407010H0AAAMAM,1,0.005999999999999964
209,J83633,Paracet_Tab 500mg,0407010H0AAAMAM,1,0.005999999999999964
206,J83047,Paracet_Tab 500mg,0407010H0AAAMAM,2,0.005999999999999964
198,J83064,Paracet_Tab 500mg,0407010H0AAAMAM,1,0.005999999999999964
205,J83002,Paracet_Tab 500mg,0407010H0AAAMAM,2,0.005999999999999964
208,J83002,Paracet_Tab 500mg,0407010H0AAAMAM,2,0.005999999999999964
201,J83009,Paracet_Tab 500mg,0407010H0AAAMAM,2,0.005999999999999964
207,J83036,Paracet_Tab 500mg,0407010H0AAAMAM,1,0.005999999999999964
200,J83009,Paracet_Tab 500mg,0407010H0AAAMAM,2,0.005999999999999964
203,J83633,Paracet_Tab 500mg,0407010H0AAAMAM,1,0.005999999999999964
204,J83047,Paracet_Tab 500mg,0407010H0AAAMAM,2,0.005999999999999964
365,J83033,Ferr Sulf_Tab 200mg,0901011P0AAACAC,1,0.0059999999999997555
366,J83047,Ferr Sulf_Tab 200mg,0901011P0AAACAC,1,0.0059999999999997555
368,J83645,Ferr Sulf_Tab 200mg,0901011P0AAACAC,1,0.0059999999999997555
367,J83064,Ferr Sulf_Tab 200mg,0901011P0AAACAC,1,0.0059999999999997555
215,J83064,Paracet_Tab 500mg,0407010H0AAAMAM,4,0.005599999999999966
369,J83646,Ferr Sulf_Tab 200mg,0901011P0AAACAC,2,0.005599999999999966
213,J83047,Paracet_Tab 500mg,0407010H0AAAMAM,4,0.005599999999999966
211,J83047,Paracet_Tab 500mg,0407010H0AAAMAM,4,0.005599999999999966
214,J83027,Paracet_Tab 500mg,0407010H0AAAMAM,4,0.005599999999999966
212,J83064,Paracet_Tab 500mg,0407010H0AAAMAM,4,0.005599999999999966
210,J83027,Paracet_Tab 500mg,0407010H0AAAMAM,4,0.005599999999999966
24,J83002,Atorvastatin_Tab 20mg,0212000B0AAABAB,1,0.005000000000000143
471,J83001,Carbimazole_Tab 5mg,0602020D0AAAAAA,1,0.004999999999999449
536,Y03605,Clopidogrel_Tab 75mg,0209000C0AAAAAA,1,0.004899999999999995
537,Y00776,Clopidogrel_Tab 75mg,0209000C0AAAAAA,1,0.004899999999999995
459,J83036,Losartan Pot_Tab 100mg,0205052N0AAADAD,1,0.004500000000000129
25,Y00776,Atorvastatin_Tab 20mg,0212000B0AAABAB,1,0.004400000000000015
277,J83036,Prednisolone_Tab Solb 5mg,0603020T0AABHBH,1,0.004200000000000315
413,J83059,Atorvastatin_Tab 10mg,0212000B0AAAAAA,1,0.004200000000000023
412,J83027,Atorvastatin_Tab 10mg,0212000B0AAAAAA,1,0.004200000000000023
460,Y00776,Losartan Pot_Tab 100mg,0205052N0AAADAD,1,0.003599999999999999
278,J83002,Prednisolone_Tab Solb 5mg,0603020T0AABHBH,1,0.0035999999999996035
279,J83063,Prednisolone_Tab Solb 5mg,0603020T0AABHBH,1,0.0035999999999996035
216,J83646,Paracet_Tab 500mg,0407010H0AAAMAM,1,0.002999999999999982
217,J83646,Paracet_Tab 500mg,0407010H0AAAMAM,1,0.002999999999999982
221,J83038,Paracet_Tab 500mg,0407010H0AAAMAM,1,0.002999999999999982
220,J83001,Paracet_Tab 500mg,0407010H0AAAMAM,1,0.002999999999999982
219,J83038,Paracet_Tab 500mg,0407010H0AAAMAM,1,0.002999999999999982
218,J83001,Paracet_Tab 500mg,0407010H0AAAMAM,1,0.002999999999999982
280,J83063,Prednisolone_Tab Solb 5mg,0603020T0AABHBH,1,0.0029999999999996696
370,J83009,Ferr Sulf_Tab 200mg,0901011P0AAACAC,1,0.002899999999999882
414,J83031,Atorvastatin_Tab 10mg,0212000B0AAAAAA,1,0.001999999999999988
281,J83001,Prednisolone_Tab Solb 5mg,0603020T0AABHBH,1,0.0014999999999998348
538,J83646,Clopidogrel_Tab 75mg,0209000C0AAAAAA,1,-0.0006999999999999992
284,J83027,Prednisolone_Tab Solb 5mg,0603020T0AABHBH,1,-0.0011999999999998678
282,J83009,Prednisolone_Tab Solb 5mg,0603020T0AABHBH,1,-0.0011999999999998678
283,Y00776,Prednisolone_Tab Solb 5mg,0603020T0AABHBH,1,-0.0011999999999998678
223,J83001,Paracet_Tab 500mg,0407010H0AAAMAM,1,-0.0011999999999999997
222,J83001,Paracet_Tab 500mg,0407010H0AAAMAM,1,-0.0011999999999999997
472,J83025,Carbimazole_Tab 5mg,0602020D0AAAAAA,2,-0.0013999999999998458
26,J83009,Atorvastatin_Tab 20mg,0212000B0AAABAB,1,-0.0013999999999999985
224,J83024,Paracet_Tab 500mg,0407010H0AAAMAM,1,-0.001999999999999988
225,J83024,Paracet_Tab 500mg,0407010H0AAAMAM,1,-0.001999999999999988
539,Y00776,Clopidogrel_Tab 75mg,0209000C0AAAAAA,1,-0.0020999999999999977
286,K84012,Prednisolone_Tab Solb 5mg,0603020T0AABHBH,1,-0.0023999999999997357
285,Y00776,Prednisolone_Tab Solb 5mg,0603020T0AABHBH,1,-0.0023999999999997357
287,J83059,Prednisolone_Tab Solb 5mg,0603020T0AABHBH,1,-0.0027999999999996916
473,J83064,Carbimazole_Tab 5mg,0602020D0AAAAAA,1,-0.0027999999999996916
474,J83064,Carbimazole_Tab 5mg,0602020D0AAAAAA,4,-0.0027999999999996916
475,K84012,Carbimazole_Tab 5mg,0602020D0AAAAAA,1,-0.0027999999999996916
476,J83024,Carbimazole_Tab 5mg,0602020D0AAAAAA,1,-0.0027999999999996916
541,Y00776,Clopidogrel_Tab 75mg,0209000C0AAAAAA,1,-0.002799999999999997
540,J83002,Clopidogrel_Tab 75mg,0209000C0AAAAAA,1,-0.002799999999999997
30,J83645,Atorvastatin_Tab 20mg,0212000B0AAABAB,1,-0.0029999999999998778
461,Y03671,Losartan Pot_Tab 100mg,0205052N0AAADAD,1,-0.0029999999999998778
29,Y00058,Atorvastatin_Tab 20mg,0212000B0AAABAB,1,-0.0029999999999998778
27,J83646,Atorvastatin_Tab 20mg,0212000B0AAABAB,1,-0.0029999999999998778
28,J83027,Atorvastatin_Tab 20mg,0212000B0AAABAB,1,-0.0029999999999998778
415,J83027,Atorvastatin_Tab 10mg,0212000B0AAAAAA,1,-0.002999999999999982
542,J83027,Clopidogrel_Tab 75mg,0209000C0AAAAAA,1,-0.0033000000000000945
477,J83047,Carbimazole_Tab 5mg,0602020D0AAAAAA,5,-0.0034999999999996145
289,J83064,Prednisolone_Tab Solb 5mg,0603020T0AABHBH,1,-0.0035999999999996035
288,J83035,Prednisolone_Tab Solb 5mg,0603020T0AABHBH,1,-0.0035999999999996035
291,Y00776,Prednisolone_Tab Solb 5mg,0603020T0AABHBH,1,-0.0035999999999996035
290,J83033,Prednisolone_Tab Solb 5mg,0603020T0AABHBH,1,-0.0035999999999996035
292,J83024,Prednisolone_Tab Solb 5mg,0603020T0AABHBH,1,-0.0039999999999995595
31,J83633,Atorvastatin_Tab 20mg,0212000B0AAABAB,1,-0.003999999999999976
293,J83059,Prednisolone_Tab Solb 5mg,0603020T0AABHBH,1,-0.0041999999999995374
294,J83009,Prednisolone_Tab Solb 5mg,0603020T0AABHBH,1,-0.0041999999999995374
479,J83002,Carbimazole_Tab 5mg,0602020D0AAAAAA,6,-0.0041999999999995374
478,J83009,Carbimazole_Tab 5mg,0602020D0AAAAAA,6,-0.0041999999999995374
416,Y00058,Atorvastatin_Tab 10mg,0212000B0AAAAAA,1,-0.004199999999999975
371,J83033,Ferr Sulf_Tab 200mg,0901011P0AAACAC,1,-0.004500000000000025
298,J83001,Prednisolone_Tab Solb 5mg,0603020T0AABHBH,1,-0.004799999999999471
297,J83031,Prednisolone_Tab Solb 5mg,0603020T0AABHBH,1,-0.004799999999999471
295,J83009,Prednisolone_Tab Solb 5mg,0603020T0AABHBH,1,-0.004799999999999471
296,J83036,Prednisolone_Tab Solb 5mg,0603020T0AABHBH,1,-0.004799999999999471
299,J83027,Prednisolone_Tab Solb 5mg,0603020T0AABHBH,1,-0.004799999999999471
300,Y00776,Prednisolone_Tab Solb 5mg,0603020T0AABHBH,1,-0.0047999999999999154
301,J83031,Prednisolone_Tab Solb 5mg,0603020T0AABHBH,1,-0.0047999999999999154
417,J83031,Atorvastatin_Tab 10mg,0212000B0AAAAAA,1,-0.004799999999999971
484,J83036,Carbimazole_Tab 5mg,0602020D0AAAAAA,8,-0.005599999999999383
487,J83038,Carbimazole_Tab 5mg,0602020D0AAAAAA,1,-0.005599999999999383
486,J83063,Carbimazole_Tab 5mg,0602020D0AAAAAA,2,-0.005599999999999383
480,J83059,Carbimazole_Tab 5mg,0602020D0AAAAAA,1,-0.005599999999999383
481,J83646,Carbimazole_Tab 5mg,0602020D0AAAAAA,4,-0.005599999999999383
482,J83009,Carbimazole_Tab 5mg,0602020D0AAAAAA,1,-0.005599999999999383
488,J83047,Carbimazole_Tab 5mg,0602020D0AAAAAA,1,-0.005599999999999383
483,K84012,Carbimazole_Tab 5mg,0602020D0AAAAAA,4,-0.005599999999999383
485,J83027,Carbimazole_Tab 5mg,0602020D0AAAAAA,2,-0.005599999999999383
489,J83646,Carbimazole_Tab 5mg,0602020D0AAAAAA,2,-0.005599999999999383
491,J83001,Carbimazole_Tab 5mg,0602020D0AAAAAA,1,-0.005599999999999383
490,J83047,Carbimazole_Tab 5mg,0602020D0AAAAAA,2,-0.005599999999999383
229,J83633,Paracet_Tab 500mg,0407010H0AAAMAM,1,-0.005599999999999966
226,J83633,Paracet_Tab 500mg,0407010H0AAAMAM,1,-0.005599999999999966
228,J83645,Paracet_Tab 500mg,0407010H0AAAMAM,1,-0.005599999999999966
227,J83645,Paracet_Tab 500mg,0407010H0AAAMAM,1,-0.005599999999999966
431,J83646,Atorvastatin_Tab 40mg,0212000B0AAACAC,2,-0.0059999999999997555
419,J83033,Atorvastatin_Tab 10mg,0212000B0AAAAAA,1,-0.005999999999999964
418,J83033,Atorvastatin_Tab 10mg,0212000B0AAAAAA,2,-0.005999999999999964
420,J83035,Atorvastatin_Tab 10mg,0212000B0AAAAAA,1,-0.005999999999999964
492,J83057,Carbimazole_Tab 5mg,0602020D0AAAAAA,10,-0.006999999999999229
302,J83059,Prednisolone_Tab Solb 5mg,0603020T0AABHBH,2,-0.007199999999999207
303,J83027,Prednisolone_Tab Solb 5mg,0603020T0AABHBH,1,-0.007999999999999119
493,J83036,Carbimazole_Tab 5mg,0602020D0AAAAAA,3,-0.008399999999999075
372,K84012,Ferr Sulf_Tab 200mg,0901011P0AAACAC,4,-0.00840000000000024
373,J83064,Ferr Sulf_Tab 200mg,0901011P0AAACAC,4,-0.00840000000000024
304,J83001,Prednisolone_Tab Solb 5mg,0603020T0AABHBH,2,-0.009599999999999831
494,J83024,Carbimazole_Tab 5mg,0602020D0AAAAAA,5,-0.010499999999998844
495,J83031,Carbimazole_Tab 5mg,0602020D0AAAAAA,4,-0.011199999999998766
496,J83002,Carbimazole_Tab 5mg,0602020D0AAAAAA,2,-0.011199999999998766
497,J83027,Carbimazole_Tab 5mg,0602020D0AAAAAA,2,-0.011199999999998766
498,J83035,Carbimazole_Tab 5mg,0602020D0AAAAAA,4,-0.011199999999998766
499,J83057,Carbimazole_Tab 5mg,0602020D0AAAAAA,2,-0.011199999999998766
500,J83059,Carbimazole_Tab 5mg,0602020D0AAAAAA,4,-0.011199999999998766
374,J83025,Ferr Sulf_Tab 200mg,0901011P0AAACAC,6,-0.012600000000000361
305,Y00776,Prednisolone_Tab Solb 5mg,0603020T0AABHBH,3,-0.014399999999998414
501,J83002,Carbimazole_Tab 5mg,0602020D0AAAAAA,6,-0.01679999999999815
502,J83035,Carbimazole_Tab 5mg,0602020D0AAAAAA,3,-0.01679999999999815
375,J83002,Ferr Sulf_Tab 200mg,0901011P0AAACAC,8,-0.01680000000000048
376,J83027,Ferr Sulf_Tab 200mg,0901011P0AAACAC,11,-0.02310000000000066
377,J83059,Ferr Sulf_Tab 200mg,0901011P0AAACAC,11,-0.02310000000000066
378,J83022,Ferr Sulf_Tab 200mg,0901011P0AAACAC,12,-0.025200000000000722
379,J83031,Ferr Sulf_Tab 200mg,0901011P0AAACAC,12,-0.025200000000000722
380,J83035,Ferr Sulf_Tab 200mg,0901011P0AAACAC,12,-0.025200000000000722
381,J83646,Ferr Sulf_Tab 200mg,0901011P0AAACAC,12,-0.025200000000000722
503,J83031,Carbimazole_Tab 5mg,0602020D0AAAAAA,6,-0.0335999999999963
382,J83038,Ferr Sulf_Tab 200mg,0901011P0AAACAC,16,-0.03360000000000096
230,K84012,Paracet_Tab 500mg,0407010H0AAAMAM,7,-0.03919999999999976
231,K84012,Paracet_Tab 500mg,0407010H0AAAMAM,7,-0.03919999999999976
383,J83057,Ferr Sulf_Tab 200mg,0901011P0AAACAC,21,-0.04410000000000126
384,J83009,Ferr Sulf_Tab 200mg,0901011P0AAACAC,24,-0.050400000000001444
234,J83063,Paracet_Tab 500mg,0407010H0AAAMAM,17,-0.09519999999999942
233,Y03671,Paracet_Tab 500mg,0407010H0AAAMAM,17,-0.09519999999999942
235,J83063,Paracet_Tab 500mg,0407010H0AAAMAM,17,-0.09519999999999942
232,Y03671,Paracet_Tab 500mg,0407010H0AAAMAM,17,-0.09519999999999942
237,J83025,Paracet_Tab 500mg,0407010H0AAAMAM,19,-0.10639999999999936
236,J83025,Paracet_Tab 500mg,0407010H0AAAMAM,19,-0.10639999999999936
241,J83047,Paracet_Tab 500mg,0407010H0AAAMAM,28,-0.15679999999999905
240,J83047,Paracet_Tab 500mg,0407010H0AAAMAM,28,-0.15679999999999905
239,J83022,Paracet_Tab 500mg,0407010H0AAAMAM,28,-0.15679999999999905
238,J83022,Paracet_Tab 500mg,0407010H0AAAMAM,28,-0.15679999999999905
421,J83033,Atorvastatin_Tab 10mg,0212000B0AAAAAA,18,-0.16199999999999903
243,J83035,Paracet_Tab 500mg,0407010H0AAAMAM,32,-0.17919999999999892
242,J83035,Paracet_Tab 500mg,0407010H0AAAMAM,32,-0.17919999999999892
247,J83024,Paracet_Tab 500mg,0407010H0AAAMAM,51,-0.2855999999999983
246,J83024,Paracet_Tab 500mg,0407010H0AAAMAM,51,-0.2855999999999983
245,J83038,Paracet_Tab 500mg,0407010H0AAAMAM,51,-0.2855999999999983
244,J83038,Paracet_Tab 500mg,0407010H0AAAMAM,51,-0.2855999999999983
249,J83064,Paracet_Tab 500mg,0407010H0AAAMAM,52,-0.29119999999999824
248,J83064,Paracet_Tab 500mg,0407010H0AAAMAM,52,-0.29119999999999824
251,J83002,Paracet_Tab 500mg,0407010H0AAAMAM,94,-0.5263999999999969
250,J83002,Paracet_Tab 500mg,0407010H0AAAMAM,94,-0.5263999999999969
253,J83031,Paracet_Tab 500mg,0407010H0AAAMAM,103,-0.5767999999999965
252,J83031,Paracet_Tab 500mg,0407010H0AAAMAM,103,-0.5767999999999965
255,J83027,Paracet_Tab 500mg,0407010H0AAAMAM,104,-0.5823999999999965
254,J83027,Paracet_Tab 500mg,0407010H0AAAMAM,104,-0.5823999999999965
257,J83057,Paracet_Tab 500mg,0407010H0AAAMAM,120,-0.6719999999999959
256,J83057,Paracet_Tab 500mg,0407010H0AAAMAM,120,-0.6719999999999959
259,J83024,Paracet_Tab 500mg,0407010H0AAAMAM,80,-0.7999999999999952
258,J83024,Paracet_Tab 500mg,0407010H0AAAMAM,80,-0.7999999999999952
260,J83009,Paracet_Tab 500mg,0407010H0AAAMAM,160,-0.8959999999999946
261,J83009,Paracet_Tab 500mg,0407010H0AAAMAM,160,-0.8959999999999946
263,J83036,Paracet_Tab 500mg,0407010H0AAAMAM,55,-1.231999999999998
262,J83036,Paracet_Tab 500mg,0407010H0AAAMAM,55,-1.231999999999998
264,J83024,Paracet_Tab 500mg,0407010H0AAAMAM,38,-1.7023999999999897
265,J83024,Paracet_Tab 500mg,0407010H0AAAMAM,38,-1.7023999999999897
266,J83024,Paracet_Tab 500mg,0407010H0AAAMAM,1,-2.8671999999999995
267,J83024,Paracet_Tab 500mg,0407010H0AAAMAM,1,-2.8671999999999995
