,practice_code,bnf_description,bnf_code,items,excess_cost
209,A89006,Colecal_Cap 400u,0906040G0AABIBI,1,153.03599999999997
0,A89025,Phenytoin_Sod Tab 100mg,0408010Q0AAAGAG,2,99.49799999999999
173,A89010,Paracet_Tab Solb 500mg,0407010H0AAAQAQ,3,82.32
174,A89010,Paracet_Tab Solb 500mg,0407010H0AAAQAQ,3,82.32
1,A89026,Phenytoin_Sod Tab 100mg,0408010Q0AAAGAG,4,79.59839999999998
241,A89011,Risperidone_Tab 6mg,040201030AAAFAF,8,58.464
444,A89616,Phenobarb_Tab 15mg,0408010N0AAAIAI,1,49.4424
242,A89035,Risperidone_Tab 6mg,040201030AAAFAF,1,29.2096
439,A89011,Ropinirole HCl_Tab 5mg,0409010H0AAADAD,1,15.48960000000001
440,A89012,Ropinirole HCl_Tab 5mg,0409010H0AAADAD,2,15.48960000000001
465,A89017,Pyridox HCl_Tab 50mg,0906024N0AAAIAI,1,13.201200000000004
450,A89007,Topiramate_Tab 200mg,040801050AAACAC,1,9.295999999999996
441,A89011,Ropinirole HCl_Tab 5mg,0409010H0AAADAD,1,7.744800000000005
442,A89623,Ropinirole HCl_Tab 5mg,0409010H0AAADAD,1,7.744800000000005
451,A89004,Topiramate_Tab 200mg,040801050AAACAC,3,7.469999999999997
210,A89002,Colecal_Cap 400u,0906040G0AABIBI,3,5.994
443,A89019,Ropinirole HCl_Tab 5mg,0409010H0AAADAD,1,5.163200000000003
452,A89024,Topiramate_Tab 200mg,040801050AAACAC,1,4.647999999999998
466,A89021,Pyridox HCl_Tab 50mg,0906024N0AAAIAI,2,3.830400000000001
7,A89032,Clonazepam_Tab 500mcg,0408010F0AAABAB,6,3.796799999999992
2,A89004,Clonazepam_Tab 500mcg,0408010F0AAABAB,3,3.796799999999992
3,A89004,Clonazepam_Tab 500mcg,0408010F0AAABAB,12,3.796799999999992
4,A89001,Clonazepam_Tab 500mcg,0408010F0AAABAB,2,3.796799999999992
5,A89013,Clonazepam_Tab 500mcg,0408010F0AAABAB,12,3.796799999999992
6,A89030,Clonazepam_Tab 500mcg,0408010F0AAABAB,8,3.796799999999992
8,A89009,Clonazepam_Tab 500mcg,0408010F0AAABAB,10,3.1639999999999935
467,A89012,Pyridox HCl_Tab 50mg,0906024N0AAAIAI,4,2.8728000000000007
453,A89012,Topiramate_Tab 200mg,040801050AAACAC,9,2.595600000000001
10,A89019,Clonazepam_Tab 500mcg,0408010F0AAABAB,2,2.531199999999995
9,A89010,Clonazepam_Tab 500mcg,0408010F0AAABAB,2,2.531199999999995
455,A89009,Topiramate_Tab 200mg,040801050AAACAC,1,2.489999999999999
454,A89008,Topiramate_Tab 200mg,040801050AAACAC,1,2.489999999999999
11,A89015,Clonazepam_Tab 500mcg,0408010F0AAABAB,10,2.372999999999995
12,A89001,Clonazepam_Tab 500mcg,0408010F0AAABAB,15,2.372999999999995
457,A89616,Topiramate_Tab 200mg,040801050AAACAC,1,2.3183999999999996
458,A89001,Topiramate_Tab 200mg,040801050AAACAC,1,2.3183999999999996
460,A89007,Topiramate_Tab 200mg,040801050AAACAC,1,2.3183999999999996
459,A89614,Topiramate_Tab 200mg,040801050AAACAC,1,2.3183999999999996
456,A89017,Topiramate_Tab 200mg,040801050AAACAC,1,2.3183999999999996
461,A89009,Topiramate_Tab 200mg,040801050AAACAC,4,2.307200000000001
14,A89005,Clonazepam_Tab 500mcg,0408010F0AAABAB,1,2.2599999999999953
13,A89023,Clonazepam_Tab 500mcg,0408010F0AAABAB,2,2.2599999999999953
15,A89025,Clonazepam_Tab 500mcg,0408010F0AAABAB,1,2.2147999999999954
16,A89027,Clonazepam_Tab 500mcg,0408010F0AAABAB,7,2.2147999999999954
17,A89016,Clonazepam_Tab 500mcg,0408010F0AAABAB,13,2.056599999999996
469,A89027,Pyridox HCl_Tab 50mg,0906024N0AAAIAI,1,2.0520000000000005
468,A89012,Pyridox HCl_Tab 50mg,0906024N0AAAIAI,1,2.0520000000000005
244,A89004,Aspirin Disper_Tab 75mg,0209000A0AAABAB,683,1.9123999999999883
243,A89004,Aspirin Disper_Tab 75mg,0209000A0AAABAB,683,1.9123999999999883
245,A89001,Aspirin Disper_Tab 75mg,0209000A0AAABAB,682,1.9095999999999884
246,A89001,Aspirin Disper_Tab 75mg,0209000A0AAABAB,682,1.9095999999999884
19,A89025,Clonazepam_Tab 500mcg,0408010F0AAABAB,3,1.898399999999996
18,A89013,Clonazepam_Tab 500mcg,0408010F0AAABAB,2,1.898399999999996
20,A89001,Clonazepam_Tab 500mcg,0408010F0AAABAB,3,1.898399999999996
21,A89623,Clonazepam_Tab 500mcg,0408010F0AAABAB,1,1.898399999999996
22,A89021,Clonazepam_Tab 500mcg,0408010F0AAABAB,1,1.898399999999996
23,A89021,Clonazepam_Tab 500mcg,0408010F0AAABAB,12,1.898399999999996
24,A89004,Clonazepam_Tab 500mcg,0408010F0AAABAB,2,1.898399999999996
25,A89002,Clonazepam_Tab 500mcg,0408010F0AAABAB,3,1.898399999999996
26,A89019,Clonazepam_Tab 500mcg,0408010F0AAABAB,6,1.898399999999996
27,A89017,Clonazepam_Tab 500mcg,0408010F0AAABAB,3,1.898399999999996
28,A89035,Clonazepam_Tab 500mcg,0408010F0AAABAB,3,1.898399999999996
29,A89027,Clonazepam_Tab 500mcg,0408010F0AAABAB,3,1.898399999999996
30,A89007,Clonazepam_Tab 500mcg,0408010F0AAABAB,3,1.898399999999996
31,A89024,Clonazepam_Tab 500mcg,0408010F0AAABAB,4,1.898399999999996
32,A89020,Clonazepam_Tab 500mcg,0408010F0AAABAB,11,1.7401999999999964
33,A89008,Clonazepam_Tab 500mcg,0408010F0AAABAB,1,1.6949999999999965
34,A89616,Clonazepam_Tab 500mcg,0408010F0AAABAB,5,1.5819999999999967
35,A89004,Clonazepam_Tab 500mcg,0408010F0AAABAB,1,1.5819999999999967
36,A89004,Clonazepam_Tab 500mcg,0408010F0AAABAB,10,1.5819999999999967
37,A89030,Clonazepam_Tab 500mcg,0408010F0AAABAB,5,1.5819999999999967
38,A89005,Clonazepam_Tab 500mcg,0408010F0AAABAB,10,1.5819999999999967
471,A89019,Pyridox HCl_Tab 50mg,0906024N0AAAIAI,4,1.4364000000000003
470,A89016,Pyridox HCl_Tab 50mg,0906024N0AAAIAI,4,1.4364000000000003
40,A89017,Clonazepam_Tab 500mcg,0408010F0AAABAB,9,1.423799999999997
41,A89026,Clonazepam_Tab 500mcg,0408010F0AAABAB,6,1.423799999999997
39,A89028,Clonazepam_Tab 500mcg,0408010F0AAABAB,9,1.423799999999997
42,A89032,Clonazepam_Tab 500mcg,0408010F0AAABAB,22,1.3991999999999998
43,A89024,Clonazepam_Tab 500mcg,0408010F0AAABAB,1,1.3559999999999972
52,A89023,Clonazepam_Tab 500mcg,0408010F0AAABAB,8,1.2655999999999974
44,A89006,Clonazepam_Tab 500mcg,0408010F0AAABAB,2,1.2655999999999974
45,A89004,Clonazepam_Tab 500mcg,0408010F0AAABAB,2,1.2655999999999974
46,A89617,Clonazepam_Tab 500mcg,0408010F0AAABAB,1,1.2655999999999974
47,A89041,Clonazepam_Tab 500mcg,0408010F0AAABAB,2,1.2655999999999974
50,A89005,Clonazepam_Tab 500mcg,0408010F0AAABAB,2,1.2655999999999974
48,A89041,Clonazepam_Tab 500mcg,0408010F0AAABAB,4,1.2655999999999974
51,A89024,Clonazepam_Tab 500mcg,0408010F0AAABAB,1,1.2655999999999974
49,A89010,Clonazepam_Tab 500mcg,0408010F0AAABAB,2,1.2655999999999974
53,A89603,Clonazepam_Tab 500mcg,0408010F0AAABAB,4,1.2655999999999974
54,A89015,Clonazepam_Tab 500mcg,0408010F0AAABAB,1,1.2655999999999974
55,A89001,Clonazepam_Tab 500mcg,0408010F0AAABAB,4,1.2655999999999974
56,A89013,Clonazepam_Tab 500mcg,0408010F0AAABAB,2,1.2655999999999974
462,A89012,Topiramate_Tab 200mg,040801050AAACAC,1,1.2449999999999994
57,A89031,Clonazepam_Tab 500mcg,0408010F0AAABAB,5,1.1864999999999974
463,A89010,Topiramate_Tab 200mg,040801050AAACAC,1,1.1647999999999992
464,A89040,Topiramate_Tab 200mg,040801050AAACAC,2,1.1536000000000004
61,A89016,Clonazepam_Tab 500mcg,0408010F0AAABAB,1,1.1299999999999977
62,A89034,Clonazepam_Tab 500mcg,0408010F0AAABAB,1,1.1299999999999977
59,A89031,Clonazepam_Tab 500mcg,0408010F0AAABAB,1,1.1299999999999977
60,A89004,Clonazepam_Tab 500mcg,0408010F0AAABAB,1,1.1299999999999977
58,A89012,Clonazepam_Tab 500mcg,0408010F0AAABAB,1,1.1299999999999977
63,A89009,Clonazepam_Tab 500mcg,0408010F0AAABAB,4,1.1199999999999988
64,A89001,Clonazepam_Tab 500mcg,0408010F0AAABAB,1,1.1073999999999977
250,A89012,Aspirin Disper_Tab 75mg,0209000A0AAABAB,377,1.0555999999999937
248,A89012,Aspirin Disper_Tab 75mg,0209000A0AAABAB,377,1.0555999999999937
249,A89030,Aspirin Disper_Tab 75mg,0209000A0AAABAB,377,1.0555999999999937
247,A89030,Aspirin Disper_Tab 75mg,0209000A0AAABAB,377,1.0555999999999937
251,A89019,Aspirin Disper_Tab 75mg,0209000A0AAABAB,372,1.0415999999999936
252,A89019,Aspirin Disper_Tab 75mg,0209000A0AAABAB,372,1.0415999999999936
472,A89604,Pyridox HCl_Tab 50mg,0906024N0AAAIAI,1,0.9576000000000002
473,A89614,Pyridox HCl_Tab 50mg,0906024N0AAAIAI,1,0.9576000000000002
474,A89013,Pyridox HCl_Tab 50mg,0906024N0AAAIAI,1,0.9576000000000002
475,A89017,Pyridox HCl_Tab 50mg,0906024N0AAAIAI,1,0.9576000000000002
476,A89011,Pyridox HCl_Tab 50mg,0906024N0AAAIAI,1,0.9576000000000002
477,A89019,Pyridox HCl_Tab 50mg,0906024N0AAAIAI,4,0.9576000000000002
72,A89031,Clonazepam_Tab 500mcg,0408010F0AAABAB,1,0.949199999999998
65,A89007,Clonazepam_Tab 500mcg,0408010F0AAABAB,4,0.949199999999998
66,A89005,Clonazepam_Tab 500mcg,0408010F0AAABAB,1,0.949199999999998
67,A89020,Clonazepam_Tab 500mcg,0408010F0AAABAB,1,0.949199999999998
88,A89009,Clonazepam_Tab 500mcg,0408010F0AAABAB,1,0.949199999999998
69,A89614,Clonazepam_Tab 500mcg,0408010F0AAABAB,2,0.949199999999998
70,A89015,Clonazepam_Tab 500mcg,0408010F0AAABAB,1,0.949199999999998
71,A89010,Clonazepam_Tab 500mcg,0408010F0AAABAB,3,0.949199999999998
87,A89012,Clonazepam_Tab 500mcg,0408010F0AAABAB,1,0.949199999999998
73,A89617,Clonazepam_Tab 500mcg,0408010F0AAABAB,1,0.949199999999998
81,A89041,Clonazepam_Tab 500mcg,0408010F0AAABAB,6,0.949199999999998
86,A89024,Clonazepam_Tab 500mcg,0408010F0AAABAB,1,0.949199999999998
85,A89614,Clonazepam_Tab 500mcg,0408010F0AAABAB,3,0.949199999999998
84,A89032,Clonazepam_Tab 500mcg,0408010F0AAABAB,4,0.949199999999998
74,A89027,Clonazepam_Tab 500mcg,0408010F0AAABAB,6,0.949199999999998
83,A89035,Clonazepam_Tab 500mcg,0408010F0AAABAB,1,0.949199999999998
82,A89019,Clonazepam_Tab 500mcg,0408010F0AAABAB,1,0.949199999999998
68,A89024,Clonazepam_Tab 500mcg,0408010F0AAABAB,3,0.949199999999998
80,A89013,Clonazepam_Tab 500mcg,0408010F0AAABAB,12,0.949199999999998
78,A89019,Clonazepam_Tab 500mcg,0408010F0AAABAB,4,0.949199999999998
75,A89006,Clonazepam_Tab 500mcg,0408010F0AAABAB,1,0.949199999999998
79,A89001,Clonazepam_Tab 500mcg,0408010F0AAABAB,2,0.949199999999998
76,A89617,Clonazepam_Tab 500mcg,0408010F0AAABAB,2,0.949199999999998
77,A89028,Clonazepam_Tab 500mcg,0408010F0AAABAB,3,0.949199999999998
253,A89010,Aspirin Disper_Tab 75mg,0209000A0AAABAB,339,0.9491999999999943
254,A89010,Aspirin Disper_Tab 75mg,0209000A0AAABAB,339,0.9491999999999943
89,A89019,Clonazepam_Tab 500mcg,0408010F0AAABAB,8,0.9279999999999999
256,A89032,Aspirin Disper_Tab 75mg,0209000A0AAABAB,331,0.9267999999999944
255,A89032,Aspirin Disper_Tab 75mg,0209000A0AAABAB,331,0.9267999999999944
258,A89023,Aspirin Disper_Tab 75mg,0209000A0AAABAB,329,0.9211999999999945
257,A89023,Aspirin Disper_Tab 75mg,0209000A0AAABAB,329,0.9211999999999945
90,A89004,Clonazepam_Tab 500mcg,0408010F0AAABAB,11,0.8700999999999982
91,A89023,Clonazepam_Tab 500mcg,0408010F0AAABAB,11,0.8700999999999982
92,A89015,Clonazepam_Tab 500mcg,0408010F0AAABAB,11,0.8700999999999982
93,A89012,Clonazepam_Tab 500mcg,0408010F0AAABAB,11,0.8700999999999982
259,A89017,Aspirin Disper_Tab 75mg,0209000A0AAABAB,296,0.828799999999995
260,A89017,Aspirin Disper_Tab 75mg,0209000A0AAABAB,296,0.828799999999995
261,A89021,Aspirin Disper_Tab 75mg,0209000A0AAABAB,290,0.8119999999999951
262,A89021,Aspirin Disper_Tab 75mg,0209000A0AAABAB,290,0.8119999999999951
95,A89012,Clonazepam_Tab 500mcg,0408010F0AAABAB,1,0.7909999999999984
94,A89036,Clonazepam_Tab 500mcg,0408010F0AAABAB,5,0.7909999999999984
263,A89035,Aspirin Disper_Tab 75mg,0209000A0AAABAB,270,0.7559999999999955
264,A89035,Aspirin Disper_Tab 75mg,0209000A0AAABAB,270,0.7559999999999955
266,A89009,Aspirin Disper_Tab 75mg,0209000A0AAABAB,265,0.7419999999999956
265,A89009,Aspirin Disper_Tab 75mg,0209000A0AAABAB,265,0.7419999999999956
97,A89021,Clonazepam_Tab 500mcg,0408010F0AAABAB,9,0.7118999999999985
96,A89001,Clonazepam_Tab 500mcg,0408010F0AAABAB,3,0.7118999999999985
98,A89006,Clonazepam_Tab 500mcg,0408010F0AAABAB,9,0.7118999999999985
99,A89614,Clonazepam_Tab 500mcg,0408010F0AAABAB,9,0.7118999999999985
267,A89007,Aspirin Disper_Tab 75mg,0209000A0AAABAB,250,0.6999999999999957
270,A89025,Aspirin Disper_Tab 75mg,0209000A0AAABAB,250,0.6999999999999957
269,A89007,Aspirin Disper_Tab 75mg,0209000A0AAABAB,250,0.6999999999999957
268,A89025,Aspirin Disper_Tab 75mg,0209000A0AAABAB,250,0.6999999999999957
271,A89020,Aspirin Disper_Tab 75mg,0209000A0AAABAB,247,0.6915999999999958
272,A89020,Aspirin Disper_Tab 75mg,0209000A0AAABAB,247,0.6915999999999958
101,A89032,Clonazepam_Tab 500mcg,0408010F0AAABAB,1,0.6779999999999986
100,A89025,Clonazepam_Tab 500mcg,0408010F0AAABAB,1,0.6779999999999986
273,A89006,Aspirin Disper_Tab 75mg,0209000A0AAABAB,236,0.6607999999999961
274,A89006,Aspirin Disper_Tab 75mg,0209000A0AAABAB,236,0.6607999999999961
278,A89024,Aspirin Disper_Tab 75mg,0209000A0AAABAB,228,0.6383999999999961
279,A89604,Aspirin Disper_Tab 75mg,0209000A0AAABAB,228,0.6383999999999961
280,A89013,Aspirin Disper_Tab 75mg,0209000A0AAABAB,228,0.6383999999999961
277,A89013,Aspirin Disper_Tab 75mg,0209000A0AAABAB,228,0.6383999999999961
276,A89604,Aspirin Disper_Tab 75mg,0209000A0AAABAB,228,0.6383999999999961
275,A89024,Aspirin Disper_Tab 75mg,0209000A0AAABAB,228,0.6383999999999961
281,A89015,Aspirin Disper_Tab 75mg,0209000A0AAABAB,227,0.6355999999999962
282,A89015,Aspirin Disper_Tab 75mg,0209000A0AAABAB,227,0.6355999999999962
116,A89019,Clonazepam_Tab 500mcg,0408010F0AAABAB,8,0.6327999999999987
126,A89023,Clonazepam_Tab 500mcg,0408010F0AAABAB,1,0.6327999999999987
125,A89017,Clonazepam_Tab 500mcg,0408010F0AAABAB,2,0.6327999999999987
124,A89010,Clonazepam_Tab 500mcg,0408010F0AAABAB,8,0.6327999999999987
123,A89011,Clonazepam_Tab 500mcg,0408010F0AAABAB,1,0.6327999999999987
122,A89021,Clonazepam_Tab 500mcg,0408010F0AAABAB,1,0.6327999999999987
121,A89032,Clonazepam_Tab 500mcg,0408010F0AAABAB,2,0.6327999999999987
120,A89021,Clonazepam_Tab 500mcg,0408010F0AAABAB,2,0.6327999999999987
119,A89006,Clonazepam_Tab 500mcg,0408010F0AAABAB,4,0.6327999999999987
118,A89012,Clonazepam_Tab 500mcg,0408010F0AAABAB,2,0.6327999999999987
117,A89008,Clonazepam_Tab 500mcg,0408010F0AAABAB,2,0.6327999999999987
127,A89035,Clonazepam_Tab 500mcg,0408010F0AAABAB,2,0.6327999999999987
115,A89604,Clonazepam_Tab 500mcg,0408010F0AAABAB,1,0.6327999999999987
107,A89019,Clonazepam_Tab 500mcg,0408010F0AAABAB,1,0.6327999999999987
104,A89007,Clonazepam_Tab 500mcg,0408010F0AAABAB,4,0.6327999999999987
103,A89006,Clonazepam_Tab 500mcg,0408010F0AAABAB,2,0.6327999999999987
102,A89024,Clonazepam_Tab 500mcg,0408010F0AAABAB,1,0.6327999999999987
105,A89028,Clonazepam_Tab 500mcg,0408010F0AAABAB,1,0.6327999999999987
114,A89614,Clonazepam_Tab 500mcg,0408010F0AAABAB,4,0.6327999999999987
106,A89022,Clonazepam_Tab 500mcg,0408010F0AAABAB,2,0.6327999999999987
108,A89026,Clonazepam_Tab 500mcg,0408010F0AAABAB,1,0.6327999999999987
109,A89022,Clonazepam_Tab 500mcg,0408010F0AAABAB,1,0.6327999999999987
110,A89025,Clonazepam_Tab 500mcg,0408010F0AAABAB,2,0.6327999999999987
111,A89017,Clonazepam_Tab 500mcg,0408010F0AAABAB,8,0.6327999999999987
112,A89028,Clonazepam_Tab 500mcg,0408010F0AAABAB,8,0.6327999999999987
113,A89015,Clonazepam_Tab 500mcg,0408010F0AAABAB,1,0.6327999999999987
283,A89002,Aspirin Disper_Tab 75mg,0209000A0AAABAB,222,0.6215999999999963
284,A89002,Aspirin Disper_Tab 75mg,0209000A0AAABAB,222,0.6215999999999963
285,A89016,Aspirin Disper_Tab 75mg,0209000A0AAABAB,214,0.5991999999999964
286,A89016,Aspirin Disper_Tab 75mg,0209000A0AAABAB,214,0.5991999999999964
287,A89027,Aspirin Disper_Tab 75mg,0209000A0AAABAB,206,0.5767999999999965
288,A89027,Aspirin Disper_Tab 75mg,0209000A0AAABAB,206,0.5767999999999965
128,A89021,Clonazepam_Tab 500mcg,0408010F0AAABAB,1,0.5699999999999983
290,A89026,Aspirin Disper_Tab 75mg,0209000A0AAABAB,197,0.5515999999999966
289,A89026,Aspirin Disper_Tab 75mg,0209000A0AAABAB,197,0.5515999999999966
292,A89008,Aspirin Disper_Tab 75mg,0209000A0AAABAB,194,0.5431999999999967
291,A89008,Aspirin Disper_Tab 75mg,0209000A0AAABAB,194,0.5431999999999967
293,A89005,Aspirin Disper_Tab 75mg,0209000A0AAABAB,191,0.5347999999999967
294,A89005,Aspirin Disper_Tab 75mg,0209000A0AAABAB,191,0.5347999999999967
296,A89011,Aspirin Disper_Tab 75mg,0209000A0AAABAB,187,0.5235999999999968
295,A89011,Aspirin Disper_Tab 75mg,0209000A0AAABAB,187,0.5235999999999968
129,A89019,Clonazepam_Tab 500mcg,0408010F0AAABAB,4,0.48839999999999995
483,A89002,Pyridox HCl_Tab 50mg,0906024N0AAAIAI,1,0.4788000000000001
482,A89010,Pyridox HCl_Tab 50mg,0906024N0AAAIAI,1,0.4788000000000001
481,A89024,Pyridox HCl_Tab 50mg,0906024N0AAAIAI,4,0.4788000000000001
480,A89027,Pyridox HCl_Tab 50mg,0906024N0AAAIAI,4,0.4788000000000001
479,A89005,Pyridox HCl_Tab 50mg,0906024N0AAAIAI,1,0.4788000000000001
478,A89035,Pyridox HCl_Tab 50mg,0906024N0AAAIAI,4,0.4788000000000001
130,A89032,Clonazepam_Tab 500mcg,0408010F0AAABAB,1,0.474599999999999
131,A89027,Clonazepam_Tab 500mcg,0408010F0AAABAB,1,0.474599999999999
132,A89008,Clonazepam_Tab 500mcg,0408010F0AAABAB,1,0.474599999999999
298,A89041,Aspirin Disper_Tab 75mg,0209000A0AAABAB,157,0.4395999999999973
297,A89041,Aspirin Disper_Tab 75mg,0209000A0AAABAB,157,0.4395999999999973
300,A89614,Aspirin Disper_Tab 75mg,0209000A0AAABAB,156,0.43679999999999736
299,A89614,Aspirin Disper_Tab 75mg,0209000A0AAABAB,156,0.43679999999999736
304,A89031,Aspirin Disper_Tab 75mg,0209000A0AAABAB,150,0.4199999999999975
303,A89040,Aspirin Disper_Tab 75mg,0209000A0AAABAB,150,0.4199999999999975
302,A89040,Aspirin Disper_Tab 75mg,0209000A0AAABAB,150,0.4199999999999975
301,A89031,Aspirin Disper_Tab 75mg,0209000A0AAABAB,150,0.4199999999999975
134,A89027,Clonazepam_Tab 500mcg,0408010F0AAABAB,5,0.3954999999999992
133,A89031,Clonazepam_Tab 500mcg,0408010F0AAABAB,5,0.3954999999999992
306,A89617,Aspirin Disper_Tab 75mg,0209000A0AAABAB,124,0.3471999999999979
305,A89617,Aspirin Disper_Tab 75mg,0209000A0AAABAB,124,0.3471999999999979
135,A89020,Clonazepam_Tab 500mcg,0408010F0AAABAB,1,0.3389999999999993
136,A89008,Clonazepam_Tab 500mcg,0408010F0AAABAB,1,0.3389999999999993
137,A89021,Clonazepam_Tab 500mcg,0408010F0AAABAB,1,0.3389999999999993
307,A89018,Aspirin Disper_Tab 75mg,0209000A0AAABAB,120,0.33599999999999797
308,A89018,Aspirin Disper_Tab 75mg,0209000A0AAABAB,120,0.33599999999999797
138,A89026,Clonazepam_Tab 500mcg,0408010F0AAABAB,2,0.31639999999999935
139,A89015,Clonazepam_Tab 500mcg,0408010F0AAABAB,1,0.31639999999999935
140,A89026,Clonazepam_Tab 500mcg,0408010F0AAABAB,4,0.31639999999999935
142,A89007,Clonazepam_Tab 500mcg,0408010F0AAABAB,4,0.31639999999999935
143,A89002,Clonazepam_Tab 500mcg,0408010F0AAABAB,1,0.31639999999999935
144,A89008,Clonazepam_Tab 500mcg,0408010F0AAABAB,4,0.31639999999999935
145,A89013,Clonazepam_Tab 500mcg,0408010F0AAABAB,2,0.31639999999999935
141,A89002,Clonazepam_Tab 500mcg,0408010F0AAABAB,4,0.31639999999999935
147,A89032,Clonazepam_Tab 500mcg,0408010F0AAABAB,4,0.31639999999999935
148,A89020,Clonazepam_Tab 500mcg,0408010F0AAABAB,1,0.31639999999999935
149,A89026,Clonazepam_Tab 500mcg,0408010F0AAABAB,1,0.31639999999999935
150,A89005,Clonazepam_Tab 500mcg,0408010F0AAABAB,1,0.31639999999999935
151,A89041,Clonazepam_Tab 500mcg,0408010F0AAABAB,4,0.31639999999999935
152,A89024,Clonazepam_Tab 500mcg,0408010F0AAABAB,4,0.31639999999999935
146,A89016,Clonazepam_Tab 500mcg,0408010F0AAABAB,1,0.31639999999999935
309,A89036,Aspirin Disper_Tab 75mg,0209000A0AAABAB,98,0.2743999999999983
310,A89036,Aspirin Disper_Tab 75mg,0209000A0AAABAB,98,0.2743999999999983
311,A89034,Aspirin Disper_Tab 75mg,0209000A0AAABAB,89,0.24919999999999848
312,A89034,Aspirin Disper_Tab 75mg,0209000A0AAABAB,89,0.24919999999999848
153,A89034,Clonazepam_Tab 500mcg,0408010F0AAABAB,1,0.2372999999999995
154,A89009,Clonazepam_Tab 500mcg,0408010F0AAABAB,1,0.2372999999999995
313,A89028,Aspirin Disper_Tab 75mg,0209000A0AAABAB,83,0.2323999999999986
314,A89028,Aspirin Disper_Tab 75mg,0209000A0AAABAB,83,0.2323999999999986
155,A89025,Clonazepam_Tab 500mcg,0408010F0AAABAB,1,0.22199999999999998
316,A89022,Aspirin Disper_Tab 75mg,0209000A0AAABAB,76,0.2127999999999987
317,A89616,Aspirin Disper_Tab 75mg,0209000A0AAABAB,76,0.2127999999999987
318,A89022,Aspirin Disper_Tab 75mg,0209000A0AAABAB,76,0.2127999999999987
315,A89616,Aspirin Disper_Tab 75mg,0209000A0AAABAB,76,0.2127999999999987
319,A89623,Aspirin Disper_Tab 75mg,0209000A0AAABAB,63,0.17639999999999895
320,A89623,Aspirin Disper_Tab 75mg,0209000A0AAABAB,63,0.17639999999999895
156,A89017,Clonazepam_Tab 500mcg,0408010F0AAABAB,1,0.174
160,A89025,Clonazepam_Tab 500mcg,0408010F0AAABAB,4,0.16959999999999997
162,A89004,Clonazepam_Tab 500mcg,0408010F0AAABAB,4,0.16959999999999997
159,A89603,Clonazepam_Tab 500mcg,0408010F0AAABAB,4,0.16959999999999997
161,A89010,Clonazepam_Tab 500mcg,0408010F0AAABAB,4,0.16959999999999997
157,A89030,Clonazepam_Tab 500mcg,0408010F0AAABAB,4,0.16959999999999997
158,A89017,Clonazepam_Tab 500mcg,0408010F0AAABAB,4,0.16959999999999997
321,A89004,Aspirin Disper_Tab 75mg,0209000A0AAABAB,30,0.16799999999999898
322,A89004,Aspirin Disper_Tab 75mg,0209000A0AAABAB,30,0.16799999999999898
323,A89603,Aspirin Disper_Tab 75mg,0209000A0AAABAB,59,0.16519999999999901
324,A89603,Aspirin Disper_Tab 75mg,0209000A0AAABAB,59,0.16519999999999901
163,A89008,Clonazepam_Tab 500mcg,0408010F0AAABAB,1,0.15819999999999967
164,A89025,Clonazepam_Tab 500mcg,0408010F0AAABAB,1,0.15819999999999967
165,A89604,Clonazepam_Tab 500mcg,0408010F0AAABAB,1,0.15819999999999967
166,A89012,Clonazepam_Tab 500mcg,0408010F0AAABAB,1,0.15819999999999967
167,A89034,Clonazepam_Tab 500mcg,0408010F0AAABAB,1,0.15819999999999967
168,A89018,Clonazepam_Tab 500mcg,0408010F0AAABAB,1,0.15819999999999967
325,A89025,Aspirin Disper_Tab 75mg,0209000A0AAABAB,25,0.13999999999999915
326,A89025,Aspirin Disper_Tab 75mg,0209000A0AAABAB,25,0.13999999999999915
327,A89015,Aspirin Disper_Tab 75mg,0209000A0AAABAB,23,0.12879999999999922
328,A89019,Aspirin Disper_Tab 75mg,0209000A0AAABAB,23,0.12879999999999922
329,A89019,Aspirin Disper_Tab 75mg,0209000A0AAABAB,23,0.12879999999999922
330,A89015,Aspirin Disper_Tab 75mg,0209000A0AAABAB,23,0.12879999999999922
331,Y01717,Aspirin Disper_Tab 75mg,0209000A0AAABAB,44,0.12319999999999925
332,Y01717,Aspirin Disper_Tab 75mg,0209000A0AAABAB,44,0.12319999999999925
169,A89004,Clonazepam_Tab 500mcg,0408010F0AAABAB,1,0.12209999999999999
170,A89030,Clonazepam_Tab 500mcg,0408010F0AAABAB,1,0.11599999999999999
333,A89032,Aspirin Disper_Tab 75mg,0209000A0AAABAB,20,0.11199999999999932
334,A89032,Aspirin Disper_Tab 75mg,0209000A0AAABAB,20,0.11199999999999932
335,A89031,Aspirin Disper_Tab 75mg,0209000A0AAABAB,19,0.10639999999999936
336,A89031,Aspirin Disper_Tab 75mg,0209000A0AAABAB,19,0.10639999999999936
338,A89021,Aspirin Disper_Tab 75mg,0209000A0AAABAB,25,0.10499999999999937
337,A89021,Aspirin Disper_Tab 75mg,0209000A0AAABAB,25,0.10499999999999937
339,A89023,Aspirin Disper_Tab 75mg,0209000A0AAABAB,17,0.09519999999999942
340,A89023,Aspirin Disper_Tab 75mg,0209000A0AAABAB,17,0.09519999999999942
171,A89001,Clonazepam_Tab 500mcg,0408010F0AAABAB,2,0.08479999999999999
341,A89030,Aspirin Disper_Tab 75mg,0209000A0AAABAB,15,0.08399999999999949
342,A89030,Aspirin Disper_Tab 75mg,0209000A0AAABAB,15,0.08399999999999949
172,A89040,Clonazepam_Tab 500mcg,0408010F0AAABAB,1,0.07909999999999984
343,A89035,Aspirin Disper_Tab 75mg,0209000A0AAABAB,13,0.07279999999999956
344,A89041,Aspirin Disper_Tab 75mg,0209000A0AAABAB,13,0.07279999999999956
345,A89035,Aspirin Disper_Tab 75mg,0209000A0AAABAB,13,0.07279999999999956
346,A89041,Aspirin Disper_Tab 75mg,0209000A0AAABAB,13,0.07279999999999956
347,A89006,Aspirin Disper_Tab 75mg,0209000A0AAABAB,12,0.0671999999999996
348,A89006,Aspirin Disper_Tab 75mg,0209000A0AAABAB,12,0.0671999999999996
484,A89006,Pyridox HCl_Tab 50mg,0906024N0AAAIAI,1,0.06560000000000032
349,A89604,Aspirin Disper_Tab 75mg,0209000A0AAABAB,11,0.06159999999999963
350,A89001,Aspirin Disper_Tab 75mg,0209000A0AAABAB,11,0.06159999999999963
352,A89604,Aspirin Disper_Tab 75mg,0209000A0AAABAB,11,0.06159999999999963
351,A89001,Aspirin Disper_Tab 75mg,0209000A0AAABAB,11,0.06159999999999963
353,A89013,Aspirin Disper_Tab 75mg,0209000A0AAABAB,10,0.05599999999999966
354,A89024,Aspirin Disper_Tab 75mg,0209000A0AAABAB,20,0.05599999999999966
355,A89013,Aspirin Disper_Tab 75mg,0209000A0AAABAB,10,0.05599999999999966
356,A89024,Aspirin Disper_Tab 75mg,0209000A0AAABAB,20,0.05599999999999966
360,A89017,Aspirin Disper_Tab 75mg,0209000A0AAABAB,9,0.050399999999999695
359,A89020,Aspirin Disper_Tab 75mg,0209000A0AAABAB,9,0.050399999999999695
357,A89017,Aspirin Disper_Tab 75mg,0209000A0AAABAB,9,0.050399999999999695
358,A89016,Aspirin Disper_Tab 75mg,0209000A0AAABAB,9,0.050399999999999695
362,A89010,Aspirin Disper_Tab 75mg,0209000A0AAABAB,12,0.050399999999999695
361,A89617,Aspirin Disper_Tab 75mg,0209000A0AAABAB,9,0.050399999999999695
363,A89010,Aspirin Disper_Tab 75mg,0209000A0AAABAB,12,0.050399999999999695
364,A89020,Aspirin Disper_Tab 75mg,0209000A0AAABAB,9,0.050399999999999695
365,A89617,Aspirin Disper_Tab 75mg,0209000A0AAABAB,9,0.050399999999999695
366,A89016,Aspirin Disper_Tab 75mg,0209000A0AAABAB,9,0.050399999999999695
368,A89021,Aspirin Disper_Tab 75mg,0209000A0AAABAB,27,0.04859999999999999
367,A89021,Aspirin Disper_Tab 75mg,0209000A0AAABAB,27,0.04859999999999999
370,A89008,Aspirin Disper_Tab 75mg,0209000A0AAABAB,8,0.04479999999999973
371,A89009,Aspirin Disper_Tab 75mg,0209000A0AAABAB,8,0.04479999999999973
369,A89009,Aspirin Disper_Tab 75mg,0209000A0AAABAB,8,0.04479999999999973
374,A89012,Aspirin Disper_Tab 75mg,0209000A0AAABAB,8,0.04479999999999973
372,A89008,Aspirin Disper_Tab 75mg,0209000A0AAABAB,8,0.04479999999999973
373,A89012,Aspirin Disper_Tab 75mg,0209000A0AAABAB,8,0.04479999999999973
376,A89005,Aspirin Disper_Tab 75mg,0209000A0AAABAB,6,0.0335999999999998
377,A89005,Aspirin Disper_Tab 75mg,0209000A0AAABAB,6,0.0335999999999998
378,A89002,Aspirin Disper_Tab 75mg,0209000A0AAABAB,6,0.0335999999999998
375,A89002,Aspirin Disper_Tab 75mg,0209000A0AAABAB,6,0.0335999999999998
379,A89614,Aspirin Disper_Tab 75mg,0209000A0AAABAB,5,0.02799999999999983
380,A89614,Aspirin Disper_Tab 75mg,0209000A0AAABAB,5,0.02799999999999983
383,A89603,Aspirin Disper_Tab 75mg,0209000A0AAABAB,4,0.022399999999999864
384,A89027,Aspirin Disper_Tab 75mg,0209000A0AAABAB,4,0.022399999999999864
381,A89007,Aspirin Disper_Tab 75mg,0209000A0AAABAB,4,0.022399999999999864
382,A89603,Aspirin Disper_Tab 75mg,0209000A0AAABAB,4,0.022399999999999864
385,A89027,Aspirin Disper_Tab 75mg,0209000A0AAABAB,4,0.022399999999999864
386,A89007,Aspirin Disper_Tab 75mg,0209000A0AAABAB,4,0.022399999999999864
389,A89040,Aspirin Disper_Tab 75mg,0209000A0AAABAB,3,0.0167999999999999
387,A89034,Aspirin Disper_Tab 75mg,0209000A0AAABAB,3,0.0167999999999999
388,A89034,Aspirin Disper_Tab 75mg,0209000A0AAABAB,3,0.0167999999999999
390,A89040,Aspirin Disper_Tab 75mg,0209000A0AAABAB,3,0.0167999999999999
175,A89006,Paracet_Tab Solb 500mg,0407010H0AAAQAQ,4,0.01600000000000046
176,A89006,Paracet_Tab Solb 500mg,0407010H0AAAQAQ,4,0.01600000000000046
391,A89018,Aspirin Disper_Tab 75mg,0209000A0AAABAB,2,0.011199999999999932
393,A89623,Aspirin Disper_Tab 75mg,0209000A0AAABAB,2,0.011199999999999932
394,A89623,Aspirin Disper_Tab 75mg,0209000A0AAABAB,2,0.011199999999999932
392,A89018,Aspirin Disper_Tab 75mg,0209000A0AAABAB,2,0.011199999999999932
445,A89001,Phenobarb_Tab 15mg,0408010N0AAAIAI,3,0.006299999999999306
177,A89001,Paracet_Tab Solb 500mg,0407010H0AAAQAQ,1,0.006000000000000172
178,A89001,Paracet_Tab Solb 500mg,0407010H0AAAQAQ,1,0.006000000000000172
395,A89026,Aspirin Disper_Tab 75mg,0209000A0AAABAB,2,0.005999999999999964
396,A89026,Aspirin Disper_Tab 75mg,0209000A0AAABAB,2,0.005999999999999964
397,A89009,Aspirin Disper_Tab 75mg,0209000A0AAABAB,1,0.005799999999999965
398,A89009,Aspirin Disper_Tab 75mg,0209000A0AAABAB,1,0.005799999999999965
399,Y01717,Aspirin Disper_Tab 75mg,0209000A0AAABAB,1,0.005599999999999966
400,A89028,Aspirin Disper_Tab 75mg,0209000A0AAABAB,1,0.005599999999999966
401,Y01717,Aspirin Disper_Tab 75mg,0209000A0AAABAB,1,0.005599999999999966
402,A89028,Aspirin Disper_Tab 75mg,0209000A0AAABAB,1,0.005599999999999966
403,A89010,Aspirin Disper_Tab 75mg,0209000A0AAABAB,1,0.004599999999999972
404,A89010,Aspirin Disper_Tab 75mg,0209000A0AAABAB,1,0.004599999999999972
446,A89009,Phenobarb_Tab 15mg,0408010N0AAAIAI,1,0.0041999999999995374
447,A89001,Phenobarb_Tab 15mg,0408010N0AAAIAI,1,0.0041999999999995374
406,A89004,Aspirin Disper_Tab 75mg,0209000A0AAABAB,1,0.0038999999999999764
405,A89004,Aspirin Disper_Tab 75mg,0209000A0AAABAB,1,0.0038999999999999764
407,A89001,Aspirin Disper_Tab 75mg,0209000A0AAABAB,1,0.003499999999999979
408,A89001,Aspirin Disper_Tab 75mg,0209000A0AAABAB,1,0.003499999999999979
448,A89035,Phenobarb_Tab 15mg,0408010N0AAAIAI,1,0.0034999999999996145
180,A89025,Paracet_Tab Solb 500mg,0407010H0AAAQAQ,1,0.0032000000000000917
179,A89025,Paracet_Tab Solb 500mg,0407010H0AAAQAQ,1,0.0032000000000000917
413,A89035,Aspirin Disper_Tab 75mg,0209000A0AAABAB,1,0.002999999999999982
410,A89035,Aspirin Disper_Tab 75mg,0209000A0AAABAB,1,0.002999999999999982
409,A89008,Aspirin Disper_Tab 75mg,0209000A0AAABAB,1,0.002999999999999982
415,A89006,Aspirin Disper_Tab 75mg,0209000A0AAABAB,1,0.002999999999999982
414,A89617,Aspirin Disper_Tab 75mg,0209000A0AAABAB,1,0.002999999999999982
412,A89025,Aspirin Disper_Tab 75mg,0209000A0AAABAB,1,0.002999999999999982
416,A89028,Aspirin Disper_Tab 75mg,0209000A0AAABAB,1,0.002999999999999982
417,A89008,Aspirin Disper_Tab 75mg,0209000A0AAABAB,1,0.002999999999999982
418,A89028,Aspirin Disper_Tab 75mg,0209000A0AAABAB,1,0.002999999999999982
419,A89025,Aspirin Disper_Tab 75mg,0209000A0AAABAB,1,0.002999999999999982
420,A89617,Aspirin Disper_Tab 75mg,0209000A0AAABAB,1,0.002999999999999982
411,A89006,Aspirin Disper_Tab 75mg,0209000A0AAABAB,1,0.002999999999999982
449,A89035,Phenobarb_Tab 15mg,0408010N0AAAIAI,1,0.0019999999999997797
421,A89022,Aspirin Disper_Tab 75mg,0209000A0AAABAB,1,0.0011999999999999927
422,A89022,Aspirin Disper_Tab 75mg,0209000A0AAABAB,1,0.0011999999999999927
423,A89040,Aspirin Disper_Tab 75mg,0209000A0AAABAB,1,-0.001999999999999988
424,A89040,Aspirin Disper_Tab 75mg,0209000A0AAABAB,1,-0.001999999999999988
425,A89026,Aspirin Disper_Tab 75mg,0209000A0AAABAB,1,-0.0020999999999999873
426,A89017,Aspirin Disper_Tab 75mg,0209000A0AAABAB,1,-0.0020999999999999873
427,A89017,Aspirin Disper_Tab 75mg,0209000A0AAABAB,1,-0.0020999999999999873
428,A89026,Aspirin Disper_Tab 75mg,0209000A0AAABAB,1,-0.0020999999999999873
430,A89040,Aspirin Disper_Tab 75mg,0209000A0AAABAB,1,-0.002799999999999997
429,A89040,Aspirin Disper_Tab 75mg,0209000A0AAABAB,1,-0.002799999999999997
211,A89010,Colecal_Cap 400u,0906040G0AABIBI,1,-0.00280000000000008
182,A89015,Paracet_Tab Solb 500mg,0407010H0AAAQAQ,1,-0.0029999999999996696
181,A89015,Paracet_Tab Solb 500mg,0407010H0AAAQAQ,1,-0.0029999999999996696
215,A89009,Colecal_Cap 400u,0906040G0AABIBI,1,-0.003000000000000086
213,A89012,Colecal_Cap 400u,0906040G0AABIBI,1,-0.003000000000000086
212,A89604,Colecal_Cap 400u,0906040G0AABIBI,1,-0.003000000000000086
214,A89016,Colecal_Cap 400u,0906040G0AABIBI,1,-0.003000000000000086
222,A89013,Colecal_Cap 400u,0906040G0AABIBI,1,-0.003000000000000086
217,A89020,Colecal_Cap 400u,0906040G0AABIBI,1,-0.003000000000000086
216,A89035,Colecal_Cap 400u,0906040G0AABIBI,1,-0.003000000000000086
221,A89001,Colecal_Cap 400u,0906040G0AABIBI,1,-0.003000000000000086
220,A89032,Colecal_Cap 400u,0906040G0AABIBI,1,-0.003000000000000086
219,A89019,Colecal_Cap 400u,0906040G0AABIBI,1,-0.003000000000000086
218,A89617,Colecal_Cap 400u,0906040G0AABIBI,1,-0.003000000000000086
431,A89017,Aspirin Disper_Tab 75mg,0209000A0AAABAB,1,-0.0030999999999999812
432,A89017,Aspirin Disper_Tab 75mg,0209000A0AAABAB,1,-0.0030999999999999812
184,A89027,Paracet_Tab Solb 500mg,0407010H0AAAQAQ,1,-0.0031999999999996476
183,A89027,Paracet_Tab Solb 500mg,0407010H0AAAQAQ,1,-0.0031999999999996476
434,A89013,Aspirin Disper_Tab 75mg,0209000A0AAABAB,1,-0.0031999999999999806
433,A89013,Aspirin Disper_Tab 75mg,0209000A0AAABAB,1,-0.0031999999999999806
436,A89010,Aspirin Disper_Tab 75mg,0209000A0AAABAB,1,-0.004500000000000004
435,A89010,Aspirin Disper_Tab 75mg,0209000A0AAABAB,1,-0.004500000000000004
187,A89008,Paracet_Tab Solb 500mg,0407010H0AAAQAQ,1,-0.005999999999999339
194,A89009,Paracet_Tab Solb 500mg,0407010H0AAAQAQ,1,-0.005999999999999339
195,A89006,Paracet_Tab Solb 500mg,0407010H0AAAQAQ,1,-0.005999999999999339
196,A89030,Paracet_Tab Solb 500mg,0407010H0AAAQAQ,1,-0.005999999999999339
197,A89013,Paracet_Tab Solb 500mg,0407010H0AAAQAQ,1,-0.005999999999999339
198,A89008,Paracet_Tab Solb 500mg,0407010H0AAAQAQ,1,-0.005999999999999339
191,A89030,Paracet_Tab Solb 500mg,0407010H0AAAQAQ,1,-0.005999999999999339
190,A89006,Paracet_Tab Solb 500mg,0407010H0AAAQAQ,1,-0.005999999999999339
189,A89009,Paracet_Tab Solb 500mg,0407010H0AAAQAQ,1,-0.005999999999999339
188,A89026,Paracet_Tab Solb 500mg,0407010H0AAAQAQ,1,-0.005999999999999339
186,A89026,Paracet_Tab Solb 500mg,0407010H0AAAQAQ,1,-0.005999999999999339
192,A89035,Paracet_Tab Solb 500mg,0407010H0AAAQAQ,1,-0.005999999999999339
185,A89013,Paracet_Tab Solb 500mg,0407010H0AAAQAQ,1,-0.005999999999999339
193,A89035,Paracet_Tab Solb 500mg,0407010H0AAAQAQ,1,-0.005999999999999339
223,A89018,Colecal_Cap 400u,0906040G0AABIBI,2,-0.006000000000000172
224,A89005,Colecal_Cap 400u,0906040G0AABIBI,1,-0.006000000000000172
225,A89034,Colecal_Cap 400u,0906040G0AABIBI,1,-0.006000000000000172
226,A89015,Colecal_Cap 400u,0906040G0AABIBI,1,-0.006000000000000172
227,A89004,Colecal_Cap 400u,0906040G0AABIBI,1,-0.006000000000000172
228,A89025,Colecal_Cap 400u,0906040G0AABIBI,1,-0.006000000000000172
229,A89018,Colecal_Cap 400u,0906040G0AABIBI,3,-0.00840000000000024
231,A89012,Colecal_Cap 400u,0906040G0AABIBI,4,-0.01120000000000032
232,A89028,Colecal_Cap 400u,0906040G0AABIBI,4,-0.01120000000000032
230,A89006,Colecal_Cap 400u,0906040G0AABIBI,4,-0.01120000000000032
199,A89020,Paracet_Tab Solb 500mg,0407010H0AAAQAQ,2,-0.011999999999998678
201,A89623,Paracet_Tab Solb 500mg,0407010H0AAAQAQ,2,-0.011999999999998678
202,A89032,Paracet_Tab Solb 500mg,0407010H0AAAQAQ,2,-0.011999999999998678
203,A89623,Paracet_Tab Solb 500mg,0407010H0AAAQAQ,2,-0.011999999999998678
204,A89020,Paracet_Tab Solb 500mg,0407010H0AAAQAQ,2,-0.011999999999998678
205,A89004,Paracet_Tab Solb 500mg,0407010H0AAAQAQ,2,-0.011999999999998678
206,A89032,Paracet_Tab Solb 500mg,0407010H0AAAQAQ,2,-0.011999999999998678
200,A89004,Paracet_Tab Solb 500mg,0407010H0AAAQAQ,2,-0.011999999999998678
233,A89028,Colecal_Cap 400u,0906040G0AABIBI,4,-0.012000000000000344
234,A89004,Colecal_Cap 400u,0906040G0AABIBI,5,-0.014000000000000401
235,A89017,Colecal_Cap 400u,0906040G0AABIBI,5,-0.014000000000000401
438,A89017,Aspirin Disper_Tab 75mg,0209000A0AAABAB,6,-0.01679999999999998
437,A89017,Aspirin Disper_Tab 75mg,0209000A0AAABAB,6,-0.01679999999999998
236,A89013,Colecal_Cap 400u,0906040G0AABIBI,3,-0.018000000000000516
237,A89002,Colecal_Cap 400u,0906040G0AABIBI,6,-0.018000000000000516
238,A89002,Colecal_Cap 400u,0906040G0AABIBI,7,-0.01960000000000056
207,A89005,Paracet_Tab Solb 500mg,0407010H0AAAQAQ,4,-0.023999999999997357
208,A89005,Paracet_Tab Solb 500mg,0407010H0AAAQAQ,4,-0.023999999999997357
239,A89020,Colecal_Cap 400u,0906040G0AABIBI,4,-0.024000000000000687
240,A89001,Colecal_Cap 400u,0906040G0AABIBI,10,-0.028000000000000802
