,practice_code,bnf_description,bnf_code,items,excess_cost
170,D83075,Montelukast_Tab 10mg,0303020G0AAABAB,33,243.75119999999998
281,D83029,Memantine HCl_Tab 20mg,0411000G0AAADAD,20,191.688
293,D83027,Atorvastatin_Tab 40mg,0212000B0AAACAC,303,134.0472
176,D83062,Gabapentin_Cap 300mg,0408010G0AAABAB,37,78.94320000000002
512,D83062,Atorvastatin_Tab 20mg,0212000B0AAABAB,275,67.76000000000002
527,D83075,Escitalopram_Tab 20mg,0403030X0AAABAB,16,67.0656
282,D83075,Memantine HCl_Tab 20mg,0411000G0AAADAD,10,63.895999999999994
0,D83610,Paracet_Tab 500mg,0407010H0AAAMAM,68,51.7888
1,D83610,Paracet_Tab 500mg,0407010H0AAAMAM,68,51.7888
451,D83076,Hydroxychlor Sulf_Tab 200mg,1001030C0AAAAAA,2,50.467200000000005
2,D83610,Paracet_Tab 500mg,0407010H0AAAMAM,129,49.02000000000002
3,D83610,Paracet_Tab 500mg,0407010H0AAAMAM,129,49.02000000000002
532,D83021,Paracet_Tab Solb 500mg,0407010H0AAAQAQ,1,47.104
531,D83021,Paracet_Tab Solb 500mg,0407010H0AAAQAQ,1,47.104
177,D83078,Gabapentin_Cap 300mg,0408010G0AAABAB,2,39.412800000000004
178,D83610,Gabapentin_Cap 300mg,0408010G0AAABAB,2,35.03359999999999
4,D83067,Paracet_Tab 500mg,0407010H0AAAMAM,65,29.9
5,D83067,Paracet_Tab 500mg,0407010H0AAAMAM,65,29.9
452,D83038,Hydroxychlor Sulf_Tab 200mg,1001030C0AAAAAA,19,27.017999999999997
179,D83610,Gabapentin_Cap 300mg,0408010G0AAABAB,4,26.275200000000005
180,D83610,Gabapentin_Cap 300mg,0408010G0AAABAB,34,26.275199999999998
171,D83067,Montelukast_Tab 10mg,0303020G0AAABAB,28,24.382399999999997
172,D83012,Montelukast_Tab 10mg,0303020G0AAABAB,68,24.371199999999998
173,D83038,Montelukast_Tab 10mg,0303020G0AAABAB,59,24.28440000000001
6,D83021,Paracet_Tab 500mg,0407010H0AAAMAM,30,23.519999999999996
7,D83021,Paracet_Tab 500mg,0407010H0AAAMAM,30,23.519999999999996
294,D83021,Atorvastatin_Tab 40mg,0212000B0AAACAC,258,23.116800000000012
513,D83075,Atorvastatin_Tab 20mg,0212000B0AAABAB,173,22.766800000000014
9,D83045,Paracet_Tab 500mg,0407010H0AAAMAM,10,22.624000000000002
8,D83045,Paracet_Tab 500mg,0407010H0AAAMAM,10,22.624000000000002
528,D83045,Escitalopram_Tab 20mg,0403030X0AAABAB,6,22.3776
529,D83038,Escitalopram_Tab 20mg,0403030X0AAABAB,3,22.377599999999997
514,D83029,Atorvastatin_Tab 20mg,0212000B0AAABAB,347,22.346800000000034
295,D83067,Atorvastatin_Tab 40mg,0212000B0AAACAC,79,22.341199999999994
296,D83062,Atorvastatin_Tab 40mg,0212000B0AAACAC,142,22.265600000000003
10,D83021,Paracet_Tab 500mg,0407010H0AAAMAM,117,22.23000000000003
11,D83021,Paracet_Tab 500mg,0407010H0AAAMAM,117,22.23000000000003
13,D83013,Paracet_Tab 500mg,0407010H0AAAMAM,64,20.48000000000001
12,D83013,Paracet_Tab 500mg,0407010H0AAAMAM,64,20.48000000000001
15,D83075,Paracet_Tab 500mg,0407010H0AAAMAM,28,20.159999999999993
14,D83075,Paracet_Tab 500mg,0407010H0AAAMAM,28,20.159999999999993
17,D83038,Paracet_Tab 500mg,0407010H0AAAMAM,43,19.78
16,D83038,Paracet_Tab 500mg,0407010H0AAAMAM,43,19.78
181,D83062,Gabapentin_Cap 300mg,0408010G0AAABAB,2,18.768
182,D83062,Gabapentin_Cap 300mg,0408010G0AAABAB,5,17.528000000000006
183,D83038,Gabapentin_Cap 300mg,0408010G0AAABAB,7,15.61
19,D83075,Paracet_Tab 500mg,0407010H0AAAMAM,59,15.340000000000009
18,D83075,Paracet_Tab 500mg,0407010H0AAAMAM,59,15.340000000000009
453,D83021,Hydroxychlor Sulf_Tab 200mg,1001030C0AAAAAA,27,14.580000000000013
454,D83075,Hydroxychlor Sulf_Tab 200mg,1001030C0AAAAAA,8,13.6192
455,D83021,Hydroxychlor Sulf_Tab 200mg,1001030C0AAAAAA,10,13.608
456,D83027,Hydroxychlor Sulf_Tab 200mg,1001030C0AAAAAA,1,13.574399999999999
457,D83610,Hydroxychlor Sulf_Tab 200mg,1001030C0AAAAAA,13,13.533000000000003
20,D83029,Paracet_Tab 500mg,0407010H0AAAMAM,201,12.059999999999997
21,D83029,Paracet_Tab 500mg,0407010H0AAAMAM,201,12.059999999999997
22,D83038,Paracet_Tab 500mg,0407010H0AAAMAM,52,11.64800000000001
23,D83038,Paracet_Tab 500mg,0407010H0AAAMAM,52,11.64800000000001
24,D83012,Paracet_Tab 500mg,0407010H0AAAMAM,73,11.446399999999988
25,D83012,Paracet_Tab 500mg,0407010H0AAAMAM,73,11.446399999999988
26,D83062,Paracet_Tab 500mg,0407010H0AAAMAM,20,11.424000000000001
27,D83062,Paracet_Tab 500mg,0407010H0AAAMAM,20,11.424000000000001
28,D83029,Paracet_Tab 500mg,0407010H0AAAMAM,39,11.356799999999993
29,D83029,Paracet_Tab 500mg,0407010H0AAAMAM,39,11.356799999999993
31,D83064,Paracet_Tab 500mg,0407010H0AAAMAM,11,11.3344
30,D83064,Paracet_Tab 500mg,0407010H0AAAMAM,11,11.3344
32,D83038,Paracet_Tab 500mg,0407010H0AAAMAM,21,11.289600000000005
33,D83038,Paracet_Tab 500mg,0407010H0AAAMAM,21,11.289600000000005
34,D83045,Paracet_Tab 500mg,0407010H0AAAMAM,23,10.120000000000003
35,D83045,Paracet_Tab 500mg,0407010H0AAAMAM,23,10.120000000000003
37,D83067,Paracet_Tab 500mg,0407010H0AAAMAM,21,10.080000000000013
36,D83067,Paracet_Tab 500mg,0407010H0AAAMAM,21,10.080000000000013
38,D83038,Paracet_Tab 500mg,0407010H0AAAMAM,3,9.657599999999999
39,D83038,Paracet_Tab 500mg,0407010H0AAAMAM,3,9.657599999999999
41,D83038,Paracet_Tab 500mg,0407010H0AAAMAM,6,8.467200000000002
40,D83038,Paracet_Tab 500mg,0407010H0AAAMAM,6,8.467200000000002
458,D83027,Hydroxychlor Sulf_Tab 200mg,1001030C0AAAAAA,9,7.263000000000002
43,D83610,Paracet_Tab 500mg,0407010H0AAAMAM,16,5.734400000000003
42,D83610,Paracet_Tab 500mg,0407010H0AAAMAM,16,5.734400000000003
297,D83060,Atorvastatin_Tab 40mg,0212000B0AAACAC,80,5.600000000000001
44,D83038,Paracet_Tab 500mg,0407010H0AAAMAM,73,5.109999999999994
45,D83038,Paracet_Tab 500mg,0407010H0AAAMAM,73,5.109999999999994
47,D83027,Paracet_Tab 500mg,0407010H0AAAMAM,69,4.829999999999995
46,D83027,Paracet_Tab 500mg,0407010H0AAAMAM,69,4.829999999999995
534,D83038,Paracet_Tab Solb 500mg,0407010H0AAAQAQ,1,4.71
533,D83038,Paracet_Tab Solb 500mg,0407010H0AAAQAQ,1,4.71
304,D83060,Clonazepam_Tab 500mcg,0408010F0AAABAB,4,4.519999999999991
305,D83038,Clonazepam_Tab 500mcg,0408010F0AAABAB,7,4.429599999999991
306,D83012,Clonazepam_Tab 500mcg,0408010F0AAABAB,7,4.429599999999991
49,D83012,Paracet_Tab 500mg,0407010H0AAAMAM,221,4.42000000000005
48,D83012,Paracet_Tab 500mg,0407010H0AAAMAM,221,4.42000000000005
307,D83038,Clonazepam_Tab 500mcg,0408010F0AAABAB,13,4.113199999999992
308,D83029,Clonazepam_Tab 500mcg,0408010F0AAABAB,1,3.987199999999996
310,D83060,Clonazepam_Tab 500mcg,0408010F0AAABAB,6,3.796799999999992
309,D83038,Clonazepam_Tab 500mcg,0408010F0AAABAB,3,3.796799999999992
311,D83027,Clonazepam_Tab 500mcg,0408010F0AAABAB,12,3.796799999999992
313,D83067,Clonazepam_Tab 500mcg,0408010F0AAABAB,3,3.389999999999993
312,D83076,Clonazepam_Tab 500mcg,0408010F0AAABAB,3,3.389999999999993
314,D83060,Clonazepam_Tab 500mcg,0408010F0AAABAB,10,3.1639999999999935
315,D83610,Clonazepam_Tab 500mcg,0408010F0AAABAB,2,3.1639999999999935
316,D83029,Clonazepam_Tab 500mcg,0408010F0AAABAB,3,2.847599999999994
50,D83067,Paracet_Tab 500mg,0407010H0AAAMAM,4,2.8000000000000003
51,D83045,Paracet_Tab 500mg,0407010H0AAAMAM,4,2.8000000000000003
52,D83045,Paracet_Tab 500mg,0407010H0AAAMAM,4,2.8000000000000003
53,D83067,Paracet_Tab 500mg,0407010H0AAAMAM,4,2.8000000000000003
317,D83076,Clonazepam_Tab 500mcg,0408010F0AAABAB,2,2.7119999999999944
324,D83014,Clonazepam_Tab 500mcg,0408010F0AAABAB,4,2.531199999999995
323,D83012,Clonazepam_Tab 500mcg,0408010F0AAABAB,1,2.531199999999995
318,D83021,Clonazepam_Tab 500mcg,0408010F0AAABAB,4,2.531199999999995
319,D83062,Clonazepam_Tab 500mcg,0408010F0AAABAB,2,2.531199999999995
325,D83070,Clonazepam_Tab 500mcg,0408010F0AAABAB,4,2.531199999999995
321,D83005,Clonazepam_Tab 500mcg,0408010F0AAABAB,8,2.531199999999995
322,D83018,Clonazepam_Tab 500mcg,0408010F0AAABAB,2,2.531199999999995
320,D83003,Clonazepam_Tab 500mcg,0408010F0AAABAB,2,2.531199999999995
327,D83013,Clonazepam_Tab 500mcg,0408010F0AAABAB,4,2.531199999999995
326,D83018,Clonazepam_Tab 500mcg,0408010F0AAABAB,4,2.531199999999995
331,D83014,Clonazepam_Tab 500mcg,0408010F0AAABAB,2,2.2599999999999953
330,D83055,Clonazepam_Tab 500mcg,0408010F0AAABAB,1,2.2599999999999953
329,D83027,Clonazepam_Tab 500mcg,0408010F0AAABAB,2,2.2599999999999953
328,D83070,Clonazepam_Tab 500mcg,0408010F0AAABAB,2,2.2599999999999953
332,D83040,Clonazepam_Tab 500mcg,0408010F0AAABAB,7,2.2147999999999954
334,D83076,Clonazepam_Tab 500mcg,0408010F0AAABAB,3,2.033999999999996
333,D83027,Clonazepam_Tab 500mcg,0408010F0AAABAB,3,2.033999999999996
335,D83075,Clonazepam_Tab 500mcg,0408010F0AAABAB,4,1.9487999999999968
341,D83038,Clonazepam_Tab 500mcg,0408010F0AAABAB,2,1.898399999999996
346,D83012,Clonazepam_Tab 500mcg,0408010F0AAABAB,6,1.898399999999996
345,D83040,Clonazepam_Tab 500mcg,0408010F0AAABAB,3,1.898399999999996
344,D83012,Clonazepam_Tab 500mcg,0408010F0AAABAB,4,1.898399999999996
343,D83012,Clonazepam_Tab 500mcg,0408010F0AAABAB,2,1.898399999999996
342,D83610,Clonazepam_Tab 500mcg,0408010F0AAABAB,3,1.898399999999996
337,D83055,Clonazepam_Tab 500mcg,0408010F0AAABAB,2,1.898399999999996
340,D83055,Clonazepam_Tab 500mcg,0408010F0AAABAB,3,1.898399999999996
339,D83075,Clonazepam_Tab 500mcg,0408010F0AAABAB,2,1.898399999999996
338,D83027,Clonazepam_Tab 500mcg,0408010F0AAABAB,2,1.898399999999996
336,D83062,Clonazepam_Tab 500mcg,0408010F0AAABAB,3,1.898399999999996
347,D83055,Clonazepam_Tab 500mcg,0408010F0AAABAB,5,1.6949999999999965
348,D83062,Clonazepam_Tab 500mcg,0408010F0AAABAB,3,1.6295999999999977
350,D83021,Clonazepam_Tab 500mcg,0408010F0AAABAB,4,1.5819999999999967
349,D83078,Clonazepam_Tab 500mcg,0408010F0AAABAB,1,1.5819999999999967
351,D83064,Clonazepam_Tab 500mcg,0408010F0AAABAB,1,1.5819999999999967
352,D83018,Clonazepam_Tab 500mcg,0408010F0AAABAB,5,1.5819999999999967
353,D83075,Clonazepam_Tab 500mcg,0408010F0AAABAB,1,1.5819999999999967
354,D83014,Clonazepam_Tab 500mcg,0408010F0AAABAB,5,1.5819999999999967
355,D83075,Clonazepam_Tab 500mcg,0408010F0AAABAB,3,1.423799999999997
357,D83033,Clonazepam_Tab 500mcg,0408010F0AAABAB,2,1.3559999999999972
358,Y00774,Clonazepam_Tab 500mcg,0408010F0AAABAB,2,1.3559999999999972
359,D83005,Clonazepam_Tab 500mcg,0408010F0AAABAB,2,1.3559999999999972
356,D83027,Clonazepam_Tab 500mcg,0408010F0AAABAB,4,1.3559999999999972
360,D83029,Clonazepam_Tab 500mcg,0408010F0AAABAB,3,1.2767999999999993
368,D83070,Clonazepam_Tab 500mcg,0408010F0AAABAB,4,1.2655999999999974
375,D83060,Clonazepam_Tab 500mcg,0408010F0AAABAB,1,1.2655999999999974
374,D83055,Clonazepam_Tab 500mcg,0408010F0AAABAB,1,1.2655999999999974
373,D83075,Clonazepam_Tab 500mcg,0408010F0AAABAB,2,1.2655999999999974
372,D83021,Clonazepam_Tab 500mcg,0408010F0AAABAB,4,1.2655999999999974
371,D83005,Clonazepam_Tab 500mcg,0408010F0AAABAB,2,1.2655999999999974
370,D83076,Clonazepam_Tab 500mcg,0408010F0AAABAB,2,1.2655999999999974
369,D83027,Clonazepam_Tab 500mcg,0408010F0AAABAB,2,1.2655999999999974
364,D83045,Clonazepam_Tab 500mcg,0408010F0AAABAB,4,1.2655999999999974
367,D83012,Clonazepam_Tab 500mcg,0408010F0AAABAB,1,1.2655999999999974
366,D83055,Clonazepam_Tab 500mcg,0408010F0AAABAB,4,1.2655999999999974
365,D83027,Clonazepam_Tab 500mcg,0408010F0AAABAB,8,1.2655999999999974
363,D83076,Clonazepam_Tab 500mcg,0408010F0AAABAB,4,1.2655999999999974
362,D83067,Clonazepam_Tab 500mcg,0408010F0AAABAB,2,1.2655999999999974
361,D83003,Clonazepam_Tab 500mcg,0408010F0AAABAB,4,1.2655999999999974
380,D83055,Clonazepam_Tab 500mcg,0408010F0AAABAB,1,1.1299999999999977
383,D83012,Clonazepam_Tab 500mcg,0408010F0AAABAB,1,1.1299999999999977
382,D83013,Clonazepam_Tab 500mcg,0408010F0AAABAB,1,1.1299999999999977
381,D83005,Clonazepam_Tab 500mcg,0408010F0AAABAB,1,1.1299999999999977
376,D83018,Clonazepam_Tab 500mcg,0408010F0AAABAB,1,1.1299999999999977
379,D83062,Clonazepam_Tab 500mcg,0408010F0AAABAB,1,1.1299999999999977
378,D83033,Clonazepam_Tab 500mcg,0408010F0AAABAB,1,1.1299999999999977
377,D83029,Clonazepam_Tab 500mcg,0408010F0AAABAB,1,1.1299999999999977
384,D83064,Clonazepam_Tab 500mcg,0408010F0AAABAB,7,1.1073999999999977
385,D83014,Clonazepam_Tab 500mcg,0408010F0AAABAB,1,1.016999999999998
386,D83060,Clonazepam_Tab 500mcg,0408010F0AAABAB,3,1.016999999999998
174,D83062,Montelukast_Tab 10mg,0303020G0AAABAB,33,1.0164000000000035
390,D83062,Clonazepam_Tab 500mcg,0408010F0AAABAB,1,0.949199999999998
391,D83075,Clonazepam_Tab 500mcg,0408010F0AAABAB,6,0.949199999999998
392,D83013,Clonazepam_Tab 500mcg,0408010F0AAABAB,1,0.949199999999998
389,D83018,Clonazepam_Tab 500mcg,0408010F0AAABAB,1,0.949199999999998
387,D83060,Clonazepam_Tab 500mcg,0408010F0AAABAB,1,0.949199999999998
388,D83012,Clonazepam_Tab 500mcg,0408010F0AAABAB,4,0.949199999999998
393,D83013,Clonazepam_Tab 500mcg,0408010F0AAABAB,11,0.8700999999999982
394,D83040,Clonazepam_Tab 500mcg,0408010F0AAABAB,5,0.7909999999999984
395,D83060,Clonazepam_Tab 500mcg,0408010F0AAABAB,5,0.7909999999999984
396,D83075,Clonazepam_Tab 500mcg,0408010F0AAABAB,1,0.6943999999999992
401,D83013,Clonazepam_Tab 500mcg,0408010F0AAABAB,1,0.6779999999999986
403,D83055,Clonazepam_Tab 500mcg,0408010F0AAABAB,1,0.6779999999999986
402,D83013,Clonazepam_Tab 500mcg,0408010F0AAABAB,2,0.6779999999999986
399,D83005,Clonazepam_Tab 500mcg,0408010F0AAABAB,2,0.6779999999999986
400,D83610,Clonazepam_Tab 500mcg,0408010F0AAABAB,1,0.6779999999999986
398,D83021,Clonazepam_Tab 500mcg,0408010F0AAABAB,1,0.6779999999999986
397,D83040,Clonazepam_Tab 500mcg,0408010F0AAABAB,1,0.6779999999999986
409,D83610,Clonazepam_Tab 500mcg,0408010F0AAABAB,2,0.6327999999999987
414,D83033,Clonazepam_Tab 500mcg,0408010F0AAABAB,1,0.6327999999999987
413,D83029,Clonazepam_Tab 500mcg,0408010F0AAABAB,2,0.6327999999999987
411,D83064,Clonazepam_Tab 500mcg,0408010F0AAABAB,1,0.6327999999999987
410,Y00774,Clonazepam_Tab 500mcg,0408010F0AAABAB,2,0.6327999999999987
412,D83064,Clonazepam_Tab 500mcg,0408010F0AAABAB,2,0.6327999999999987
408,D83029,Clonazepam_Tab 500mcg,0408010F0AAABAB,4,0.6327999999999987
406,D83033,Clonazepam_Tab 500mcg,0408010F0AAABAB,2,0.6327999999999987
405,D83038,Clonazepam_Tab 500mcg,0408010F0AAABAB,4,0.6327999999999987
404,Y00774,Clonazepam_Tab 500mcg,0408010F0AAABAB,1,0.6327999999999987
407,D83078,Clonazepam_Tab 500mcg,0408010F0AAABAB,2,0.6327999999999987
415,D83005,Clonazepam_Tab 500mcg,0408010F0AAABAB,5,0.58
416,D83038,Clonazepam_Tab 500mcg,0408010F0AAABAB,1,0.5699999999999983
417,D83067,Clonazepam_Tab 500mcg,0408010F0AAABAB,1,0.5699999999999983
418,D83021,Clonazepam_Tab 500mcg,0408010F0AAABAB,7,0.5536999999999989
419,D83060,Clonazepam_Tab 500mcg,0408010F0AAABAB,1,0.5197999999999989
420,D83040,Clonazepam_Tab 500mcg,0408010F0AAABAB,1,0.5129999999999985
424,D83005,Clonazepam_Tab 500mcg,0408010F0AAABAB,3,0.474599999999999
426,D83038,Clonazepam_Tab 500mcg,0408010F0AAABAB,1,0.474599999999999
425,D83021,Clonazepam_Tab 500mcg,0408010F0AAABAB,1,0.474599999999999
421,D83013,Clonazepam_Tab 500mcg,0408010F0AAABAB,3,0.474599999999999
423,D83064,Clonazepam_Tab 500mcg,0408010F0AAABAB,1,0.474599999999999
422,D83040,Clonazepam_Tab 500mcg,0408010F0AAABAB,1,0.474599999999999
427,D83060,Clonazepam_Tab 500mcg,0408010F0AAABAB,1,0.45199999999999907
428,D83038,Clonazepam_Tab 500mcg,0408010F0AAABAB,2,0.44399999999999995
436,D83075,Clonazepam_Tab 500mcg,0408010F0AAABAB,1,0.3389999999999993
429,D83076,Clonazepam_Tab 500mcg,0408010F0AAABAB,1,0.3389999999999993
430,D83014,Clonazepam_Tab 500mcg,0408010F0AAABAB,1,0.3389999999999993
431,D83033,Clonazepam_Tab 500mcg,0408010F0AAABAB,1,0.3389999999999993
432,D83018,Clonazepam_Tab 500mcg,0408010F0AAABAB,1,0.3389999999999993
433,D83078,Clonazepam_Tab 500mcg,0408010F0AAABAB,1,0.3389999999999993
434,D83610,Clonazepam_Tab 500mcg,0408010F0AAABAB,1,0.3389999999999993
435,D83040,Clonazepam_Tab 500mcg,0408010F0AAABAB,1,0.3389999999999993
439,D83013,Clonazepam_Tab 500mcg,0408010F0AAABAB,1,0.31639999999999935
438,D83055,Clonazepam_Tab 500mcg,0408010F0AAABAB,2,0.31639999999999935
437,D83067,Clonazepam_Tab 500mcg,0408010F0AAABAB,1,0.31639999999999935
440,D83070,Clonazepam_Tab 500mcg,0408010F0AAABAB,2,0.31639999999999935
441,D83029,Clonazepam_Tab 500mcg,0408010F0AAABAB,1,0.2372999999999995
442,D83003,Clonazepam_Tab 500mcg,0408010F0AAABAB,5,0.21199999999999997
446,Y00774,Clonazepam_Tab 500mcg,0408010F0AAABAB,1,0.15819999999999967
445,D83040,Clonazepam_Tab 500mcg,0408010F0AAABAB,2,0.15819999999999967
444,D83021,Clonazepam_Tab 500mcg,0408010F0AAABAB,1,0.15819999999999967
443,D83067,Clonazepam_Tab 500mcg,0408010F0AAABAB,1,0.15819999999999967
447,D83005,Clonazepam_Tab 500mcg,0408010F0AAABAB,1,0.1367999999999996
448,D83012,Clonazepam_Tab 500mcg,0408010F0AAABAB,1,0.07909999999999984
449,D83064,Clonazepam_Tab 500mcg,0408010F0AAABAB,1,0.07909999999999984
283,D83060,Memantine HCl_Tab 20mg,0411000G0AAADAD,14,0.06859999999999992
450,D83005,Clonazepam_Tab 500mcg,0408010F0AAABAB,1,0.06359999999999999
284,D83055,Memantine HCl_Tab 20mg,0411000G0AAADAD,12,0.058799999999999936
55,D83003,Paracet_Tab 500mg,0407010H0AAAMAM,14,0.058799999999999644
54,D83003,Paracet_Tab 500mg,0407010H0AAAMAM,14,0.058799999999999644
460,D83060,Hydroxychlor Sulf_Tab 200mg,1001030C0AAAAAA,8,0.04480000000000128
459,D83012,Hydroxychlor Sulf_Tab 200mg,1001030C0AAAAAA,8,0.04480000000000128
184,D83060,Gabapentin_Cap 300mg,0408010G0AAABAB,7,0.0420000000000012
57,D83078,Paracet_Tab 500mg,0407010H0AAAMAM,10,0.041999999999999746
56,D83078,Paracet_Tab 500mg,0407010H0AAAMAM,10,0.041999999999999746
461,D83062,Hydroxychlor Sulf_Tab 200mg,1001030C0AAAAAA,7,0.03920000000000112
185,D83021,Gabapentin_Cap 300mg,0408010G0AAABAB,18,0.03780000000000108
462,D83029,Hydroxychlor Sulf_Tab 200mg,1001030C0AAAAAA,8,0.03600000000000103
464,D83013,Hydroxychlor Sulf_Tab 200mg,1001030C0AAAAAA,12,0.03360000000000096
463,D83060,Hydroxychlor Sulf_Tab 200mg,1001030C0AAAAAA,12,0.03360000000000096
186,D83013,Gabapentin_Cap 300mg,0408010G0AAABAB,8,0.03360000000000096
58,D83060,Paracet_Tab 500mg,0407010H0AAAMAM,11,0.030799999999999814
59,D83060,Paracet_Tab 500mg,0407010H0AAAMAM,11,0.030799999999999814
465,D83018,Hydroxychlor Sulf_Tab 200mg,1001030C0AAAAAA,5,0.028000000000000802
466,D83012,Hydroxychlor Sulf_Tab 200mg,1001030C0AAAAAA,10,0.02799999999999983
467,D83014,Hydroxychlor Sulf_Tab 200mg,1001030C0AAAAAA,9,0.025200000000000722
61,D83018,Paracet_Tab 500mg,0407010H0AAAMAM,9,0.025199999999999848
60,D83018,Paracet_Tab 500mg,0407010H0AAAMAM,9,0.025199999999999848
285,D83003,Memantine HCl_Tab 20mg,0411000G0AAADAD,5,0.024499999999999973
187,D83005,Gabapentin_Cap 300mg,0408010G0AAABAB,4,0.024000000000000687
62,D83021,Paracet_Tab 500mg,0407010H0AAAMAM,4,0.023999999999999855
63,D83021,Paracet_Tab 500mg,0407010H0AAAMAM,4,0.023999999999999855
64,D83040,Paracet_Tab 500mg,0407010H0AAAMAM,4,0.023999999999999855
65,D83040,Paracet_Tab 500mg,0407010H0AAAMAM,4,0.023999999999999855
469,D83005,Hydroxychlor Sulf_Tab 200mg,1001030C0AAAAAA,8,0.02240000000000064
470,D83029,Hydroxychlor Sulf_Tab 200mg,1001030C0AAAAAA,4,0.02240000000000064
468,D83040,Hydroxychlor Sulf_Tab 200mg,1001030C0AAAAAA,4,0.02240000000000064
67,D83055,Paracet_Tab 500mg,0407010H0AAAMAM,8,0.022399999999999864
66,D83055,Paracet_Tab 500mg,0407010H0AAAMAM,8,0.022399999999999864
530,D83021,Escitalopram_Tab 20mg,0403030X0AAABAB,5,0.02149999999999999
69,D83029,Paracet_Tab 500mg,0407010H0AAAMAM,5,0.020999999999999873
71,D83060,Paracet_Tab 500mg,0407010H0AAAMAM,5,0.020999999999999873
68,D83060,Paracet_Tab 500mg,0407010H0AAAMAM,5,0.020999999999999873
72,D83029,Paracet_Tab 500mg,0407010H0AAAMAM,5,0.020999999999999873
70,D83013,Paracet_Tab 500mg,0407010H0AAAMAM,5,0.020999999999999873
73,D83013,Paracet_Tab 500mg,0407010H0AAAMAM,5,0.020999999999999873
188,D83029,Gabapentin_Cap 300mg,0408010G0AAABAB,7,0.01960000000000056
286,D83027,Memantine HCl_Tab 20mg,0411000G0AAADAD,4,0.01959999999999998
287,D83029,Memantine HCl_Tab 20mg,0411000G0AAADAD,4,0.01959999999999998
289,D83013,Memantine HCl_Tab 20mg,0411000G0AAADAD,4,0.01959999999999998
288,D83078,Memantine HCl_Tab 20mg,0411000G0AAADAD,4,0.01959999999999998
189,D83018,Gabapentin_Cap 300mg,0408010G0AAABAB,3,0.018000000000000516
75,D83029,Paracet_Tab 500mg,0407010H0AAAMAM,3,0.01799999999999989
74,D83029,Paracet_Tab 500mg,0407010H0AAAMAM,3,0.01799999999999989
191,D83012,Gabapentin_Cap 300mg,0408010G0AAABAB,5,0.0175000000000005
190,D83040,Gabapentin_Cap 300mg,0408010G0AAABAB,5,0.0175000000000005
194,D83029,Gabapentin_Cap 300mg,0408010G0AAABAB,4,0.01680000000000048
195,D83018,Gabapentin_Cap 300mg,0408010G0AAABAB,4,0.01680000000000048
196,D83045,Gabapentin_Cap 300mg,0408010G0AAABAB,4,0.01680000000000048
197,D83013,Gabapentin_Cap 300mg,0408010G0AAABAB,8,0.01680000000000048
192,D83060,Gabapentin_Cap 300mg,0408010G0AAABAB,4,0.01680000000000048
472,D83013,Hydroxychlor Sulf_Tab 200mg,1001030C0AAAAAA,3,0.01680000000000048
193,D83060,Gabapentin_Cap 300mg,0408010G0AAABAB,6,0.01680000000000048
471,D83075,Hydroxychlor Sulf_Tab 200mg,1001030C0AAAAAA,6,0.01680000000000048
76,D83055,Paracet_Tab 500mg,0407010H0AAAMAM,4,0.0167999999999999
77,D83012,Paracet_Tab 500mg,0407010H0AAAMAM,4,0.0167999999999999
78,D83055,Paracet_Tab 500mg,0407010H0AAAMAM,4,0.0167999999999999
79,D83012,Paracet_Tab 500mg,0407010H0AAAMAM,4,0.0167999999999999
198,D83060,Gabapentin_Cap 300mg,0408010G0AAABAB,7,0.014700000000000421
81,D83021,Paracet_Tab 500mg,0407010H0AAAMAM,7,0.014699999999999911
83,D83003,Paracet_Tab 500mg,0407010H0AAAMAM,7,0.014699999999999911
82,D83003,Paracet_Tab 500mg,0407010H0AAAMAM,7,0.014699999999999911
80,D83021,Paracet_Tab 500mg,0407010H0AAAMAM,7,0.014699999999999911
85,D83040,Paracet_Tab 500mg,0407010H0AAAMAM,3,0.014400000000000163
84,D83040,Paracet_Tab 500mg,0407010H0AAAMAM,3,0.014400000000000163
200,D83027,Gabapentin_Cap 300mg,0408010G0AAABAB,4,0.014000000000000401
201,D83018,Gabapentin_Cap 300mg,0408010G0AAABAB,4,0.014000000000000401
202,D83021,Gabapentin_Cap 300mg,0408010G0AAABAB,5,0.014000000000000401
203,D83013,Gabapentin_Cap 300mg,0408010G0AAABAB,5,0.014000000000000401
473,D83062,Hydroxychlor Sulf_Tab 200mg,1001030C0AAAAAA,5,0.014000000000000401
199,D83610,Gabapentin_Cap 300mg,0408010G0AAABAB,5,0.014000000000000401
88,D83012,Paracet_Tab 500mg,0407010H0AAAMAM,5,0.013999999999999915
87,D83003,Paracet_Tab 500mg,0407010H0AAAMAM,5,0.013999999999999915
86,D83013,Paracet_Tab 500mg,0407010H0AAAMAM,5,0.013999999999999915
91,D83013,Paracet_Tab 500mg,0407010H0AAAMAM,5,0.013999999999999915
90,D83003,Paracet_Tab 500mg,0407010H0AAAMAM,5,0.013999999999999915
89,D83012,Paracet_Tab 500mg,0407010H0AAAMAM,5,0.013999999999999915
205,D83040,Gabapentin_Cap 300mg,0408010G0AAABAB,2,0.012000000000000344
207,D83033,Gabapentin_Cap 300mg,0408010G0AAABAB,4,0.012000000000000344
206,D83014,Gabapentin_Cap 300mg,0408010G0AAABAB,2,0.012000000000000344
204,D83012,Gabapentin_Cap 300mg,0408010G0AAABAB,2,0.012000000000000344
93,D83018,Paracet_Tab 500mg,0407010H0AAAMAM,2,0.011999999999999927
95,D83038,Paracet_Tab 500mg,0407010H0AAAMAM,2,0.011999999999999927
94,D83062,Paracet_Tab 500mg,0407010H0AAAMAM,2,0.011999999999999927
98,D83062,Paracet_Tab 500mg,0407010H0AAAMAM,2,0.011999999999999927
96,D83060,Paracet_Tab 500mg,0407010H0AAAMAM,2,0.011999999999999927
97,D83060,Paracet_Tab 500mg,0407010H0AAAMAM,2,0.011999999999999927
92,D83038,Paracet_Tab 500mg,0407010H0AAAMAM,2,0.011999999999999927
99,D83018,Paracet_Tab 500mg,0407010H0AAAMAM,2,0.011999999999999927
208,D83055,Gabapentin_Cap 300mg,0408010G0AAABAB,4,0.01120000000000032
209,D83005,Gabapentin_Cap 300mg,0408010G0AAABAB,4,0.01120000000000032
474,D83018,Hydroxychlor Sulf_Tab 200mg,1001030C0AAAAAA,4,0.01120000000000032
475,D83040,Hydroxychlor Sulf_Tab 200mg,1001030C0AAAAAA,4,0.01120000000000032
210,D83062,Gabapentin_Cap 300mg,0408010G0AAABAB,4,0.01120000000000032
211,D83014,Gabapentin_Cap 300mg,0408010G0AAABAB,4,0.01120000000000032
477,D83014,Hydroxychlor Sulf_Tab 200mg,1001030C0AAAAAA,2,0.01120000000000032
478,D83021,Hydroxychlor Sulf_Tab 200mg,1001030C0AAAAAA,4,0.01120000000000032
476,D83012,Hydroxychlor Sulf_Tab 200mg,1001030C0AAAAAA,4,0.01120000000000032
100,D83021,Paracet_Tab 500mg,0407010H0AAAMAM,4,0.011199999999999932
480,D83027,Hydroxychlor Sulf_Tab 200mg,1001030C0AAAAAA,4,0.011199999999999932
479,D83040,Hydroxychlor Sulf_Tab 200mg,1001030C0AAAAAA,4,0.011199999999999932
101,D83021,Paracet_Tab 500mg,0407010H0AAAMAM,4,0.011199999999999932
212,D83055,Gabapentin_Cap 300mg,0408010G0AAABAB,5,0.0105000000000003
213,D83055,Gabapentin_Cap 300mg,0408010G0AAABAB,3,0.009000000000000258
217,D83040,Gabapentin_Cap 300mg,0408010G0AAABAB,3,0.00840000000000024
481,D83064,Hydroxychlor Sulf_Tab 200mg,1001030C0AAAAAA,3,0.00840000000000024
484,D83029,Hydroxychlor Sulf_Tab 200mg,1001030C0AAAAAA,3,0.00840000000000024
483,D83003,Hydroxychlor Sulf_Tab 200mg,1001030C0AAAAAA,3,0.00840000000000024
482,Y00774,Hydroxychlor Sulf_Tab 200mg,1001030C0AAAAAA,3,0.00840000000000024
214,D83045,Gabapentin_Cap 300mg,0408010G0AAABAB,3,0.00840000000000024
215,D83027,Gabapentin_Cap 300mg,0408010G0AAABAB,3,0.00840000000000024
216,D83027,Gabapentin_Cap 300mg,0408010G0AAABAB,4,0.00840000000000024
218,D83003,Gabapentin_Cap 300mg,0408010G0AAABAB,5,0.0070000000000002005
103,D83055,Paracet_Tab 500mg,0407010H0AAAMAM,5,0.006999999999999958
102,D83055,Paracet_Tab 500mg,0407010H0AAAMAM,5,0.006999999999999958
219,D83003,Gabapentin_Cap 300mg,0408010G0AAABAB,3,0.0063000000000001805
220,D83064,Gabapentin_Cap 300mg,0408010G0AAABAB,2,0.006000000000000172
221,Y00774,Gabapentin_Cap 300mg,0408010G0AAABAB,1,0.006000000000000172
222,D83062,Gabapentin_Cap 300mg,0408010G0AAABAB,1,0.006000000000000172
223,D83055,Gabapentin_Cap 300mg,0408010G0AAABAB,1,0.006000000000000172
229,D83013,Gabapentin_Cap 300mg,0408010G0AAABAB,1,0.006000000000000172
225,D83033,Gabapentin_Cap 300mg,0408010G0AAABAB,1,0.006000000000000172
228,D83005,Gabapentin_Cap 300mg,0408010G0AAABAB,2,0.006000000000000172
227,D83018,Gabapentin_Cap 300mg,0408010G0AAABAB,2,0.006000000000000172
226,D83045,Gabapentin_Cap 300mg,0408010G0AAABAB,2,0.006000000000000172
224,D83003,Gabapentin_Cap 300mg,0408010G0AAABAB,2,0.006000000000000172
106,D83014,Paracet_Tab 500mg,0407010H0AAAMAM,1,0.005999999999999964
110,D83610,Paracet_Tab 500mg,0407010H0AAAMAM,1,0.005999999999999964
104,D83014,Paracet_Tab 500mg,0407010H0AAAMAM,1,0.005999999999999964
105,D83045,Paracet_Tab 500mg,0407010H0AAAMAM,1,0.005999999999999964
117,D83045,Paracet_Tab 500mg,0407010H0AAAMAM,1,0.005999999999999964
107,D83027,Paracet_Tab 500mg,0407010H0AAAMAM,2,0.005999999999999964
108,D83005,Paracet_Tab 500mg,0407010H0AAAMAM,1,0.005999999999999964
109,D83005,Paracet_Tab 500mg,0407010H0AAAMAM,1,0.005999999999999964
111,D83012,Paracet_Tab 500mg,0407010H0AAAMAM,1,0.005999999999999964
112,D83027,Paracet_Tab 500mg,0407010H0AAAMAM,2,0.005999999999999964
113,D83078,Paracet_Tab 500mg,0407010H0AAAMAM,1,0.005999999999999964
114,D83078,Paracet_Tab 500mg,0407010H0AAAMAM,1,0.005999999999999964
115,D83610,Paracet_Tab 500mg,0407010H0AAAMAM,1,0.005999999999999964
116,D83012,Paracet_Tab 500mg,0407010H0AAAMAM,1,0.005999999999999964
231,D83012,Gabapentin_Cap 300mg,0408010G0AAABAB,2,0.00560000000000016
488,D83076,Hydroxychlor Sulf_Tab 200mg,1001030C0AAAAAA,1,0.00560000000000016
233,D83038,Gabapentin_Cap 300mg,0408010G0AAABAB,2,0.00560000000000016
232,D83060,Gabapentin_Cap 300mg,0408010G0AAABAB,4,0.00560000000000016
487,D83610,Hydroxychlor Sulf_Tab 200mg,1001030C0AAAAAA,1,0.00560000000000016
485,D83005,Hydroxychlor Sulf_Tab 200mg,1001030C0AAAAAA,1,0.00560000000000016
486,D83055,Hydroxychlor Sulf_Tab 200mg,1001030C0AAAAAA,2,0.00560000000000016
230,D83064,Gabapentin_Cap 300mg,0408010G0AAABAB,2,0.00560000000000016
234,D83055,Gabapentin_Cap 300mg,0408010G0AAABAB,4,0.00560000000000016
489,D83078,Hydroxychlor Sulf_Tab 200mg,1001030C0AAAAAA,2,0.005599999999999966
118,D83003,Paracet_Tab 500mg,0407010H0AAAMAM,4,0.005599999999999966
119,D83003,Paracet_Tab 500mg,0407010H0AAAMAM,4,0.005599999999999966
515,D83060,Atorvastatin_Tab 20mg,0212000B0AAABAB,1,0.005400000000000155
235,D83067,Gabapentin_Cap 300mg,0408010G0AAABAB,1,0.005200000000000149
291,D83045,Memantine HCl_Tab 20mg,0411000G0AAADAD,1,0.004899999999999995
290,D83610,Memantine HCl_Tab 20mg,0411000G0AAADAD,1,0.004899999999999995
495,D83038,Hydroxychlor Sulf_Tab 200mg,1001030C0AAAAAA,1,0.004500000000000129
494,D83029,Hydroxychlor Sulf_Tab 200mg,1001030C0AAAAAA,1,0.004500000000000129
490,D83013,Hydroxychlor Sulf_Tab 200mg,1001030C0AAAAAA,1,0.004500000000000129
491,D83005,Hydroxychlor Sulf_Tab 200mg,1001030C0AAAAAA,1,0.004500000000000129
492,D83040,Hydroxychlor Sulf_Tab 200mg,1001030C0AAAAAA,1,0.004500000000000129
493,D83610,Hydroxychlor Sulf_Tab 200mg,1001030C0AAAAAA,1,0.004500000000000129
298,D83012,Atorvastatin_Tab 40mg,0212000B0AAACAC,1,0.004400000000000015
516,D83033,Atorvastatin_Tab 20mg,0212000B0AAABAB,1,0.004400000000000015
236,D83003,Gabapentin_Cap 300mg,0408010G0AAABAB,1,0.00420000000000012
237,D83005,Gabapentin_Cap 300mg,0408010G0AAABAB,3,0.00420000000000012
238,D83012,Gabapentin_Cap 300mg,0408010G0AAABAB,2,0.00420000000000012
120,D83062,Paracet_Tab 500mg,0407010H0AAAMAM,1,0.004199999999999975
121,D83062,Paracet_Tab 500mg,0407010H0AAAMAM,1,0.004199999999999975
535,D83040,Paracet_Tab Solb 500mg,0407010H0AAAQAQ,1,0.004000000000000115
536,D83040,Paracet_Tab Solb 500mg,0407010H0AAAQAQ,1,0.004000000000000115
517,D83610,Atorvastatin_Tab 20mg,0212000B0AAABAB,1,0.003800000000000109
518,D83060,Atorvastatin_Tab 20mg,0212000B0AAABAB,1,0.00360000000000002
239,D83078,Gabapentin_Cap 300mg,0408010G0AAABAB,5,0.0035000000000001003
292,D83610,Memantine HCl_Tab 20mg,0411000G0AAADAD,1,0.003499999999999996
496,D83062,Hydroxychlor Sulf_Tab 200mg,1001030C0AAAAAA,1,0.0032000000000000917
175,D83610,Montelukast_Tab 10mg,0303020G0AAABAB,1,0.0032000000000000917
246,D83610,Gabapentin_Cap 300mg,0408010G0AAABAB,1,0.003000000000000086
244,D83014,Gabapentin_Cap 300mg,0408010G0AAABAB,1,0.003000000000000086
243,D83027,Gabapentin_Cap 300mg,0408010G0AAABAB,1,0.003000000000000086
242,D83040,Gabapentin_Cap 300mg,0408010G0AAABAB,1,0.003000000000000086
241,D83075,Gabapentin_Cap 300mg,0408010G0AAABAB,1,0.003000000000000086
240,D83062,Gabapentin_Cap 300mg,0408010G0AAABAB,1,0.003000000000000086
245,D83021,Gabapentin_Cap 300mg,0408010G0AAABAB,1,0.003000000000000086
124,D83012,Paracet_Tab 500mg,0407010H0AAAMAM,1,0.002999999999999982
122,D83062,Paracet_Tab 500mg,0407010H0AAAMAM,1,0.002999999999999982
123,D83062,Paracet_Tab 500mg,0407010H0AAAMAM,1,0.002999999999999982
125,D83012,Paracet_Tab 500mg,0407010H0AAAMAM,1,0.002999999999999982
497,D83038,Hydroxychlor Sulf_Tab 200mg,1001030C0AAAAAA,1,0.00280000000000008
498,D83027,Hydroxychlor Sulf_Tab 200mg,1001030C0AAAAAA,1,0.00280000000000008
499,D83033,Hydroxychlor Sulf_Tab 200mg,1001030C0AAAAAA,1,0.00280000000000008
500,D83610,Hydroxychlor Sulf_Tab 200mg,1001030C0AAAAAA,1,0.00280000000000008
252,D83060,Gabapentin_Cap 300mg,0408010G0AAABAB,4,0.00280000000000008
249,D83018,Gabapentin_Cap 300mg,0408010G0AAABAB,1,0.00280000000000008
254,Y00774,Gabapentin_Cap 300mg,0408010G0AAABAB,1,0.00280000000000008
250,D83067,Gabapentin_Cap 300mg,0408010G0AAABAB,1,0.00280000000000008
251,D83033,Gabapentin_Cap 300mg,0408010G0AAABAB,1,0.00280000000000008
248,D83070,Gabapentin_Cap 300mg,0408010G0AAABAB,1,0.00280000000000008
247,D83075,Gabapentin_Cap 300mg,0408010G0AAABAB,1,0.00280000000000008
253,D83078,Gabapentin_Cap 300mg,0408010G0AAABAB,1,0.00280000000000008
255,D83012,Gabapentin_Cap 300mg,0408010G0AAABAB,2,0.00280000000000008
127,D83038,Paracet_Tab 500mg,0407010H0AAAMAM,1,0.002799999999999983
126,D83038,Paracet_Tab 500mg,0407010H0AAAMAM,1,0.002799999999999983
256,D83018,Gabapentin_Cap 300mg,0408010G0AAABAB,3,0.00210000000000006
257,D83038,Gabapentin_Cap 300mg,0408010G0AAABAB,1,0.00210000000000006
258,D83045,Gabapentin_Cap 300mg,0408010G0AAABAB,1,0.00210000000000006
259,D83014,Gabapentin_Cap 300mg,0408010G0AAABAB,1,0.00210000000000006
299,D83038,Atorvastatin_Tab 40mg,0212000B0AAACAC,1,0.0013000000000000372
260,D83045,Gabapentin_Cap 300mg,0408010G0AAABAB,1,0.00070000000000002
519,D83040,Atorvastatin_Tab 20mg,0212000B0AAABAB,1,-0.0007999999999999674
520,D83060,Atorvastatin_Tab 20mg,0212000B0AAABAB,1,-0.0013999999999999985
300,D83012,Atorvastatin_Tab 40mg,0212000B0AAACAC,1,-0.0013999999999999985
521,D83062,Atorvastatin_Tab 20mg,0212000B0AAABAB,1,-0.0026999999999999837
522,D83067,Atorvastatin_Tab 20mg,0212000B0AAABAB,1,-0.0026999999999999837
523,D83005,Atorvastatin_Tab 20mg,0212000B0AAABAB,1,-0.002799999999999997
524,D83012,Atorvastatin_Tab 20mg,0212000B0AAABAB,1,-0.0029999999999998778
537,D83060,Paracet_Tab Solb 500mg,0407010H0AAAQAQ,1,-0.0031999999999996476
538,D83060,Paracet_Tab Solb 500mg,0407010H0AAAQAQ,1,-0.0031999999999996476
525,D83060,Atorvastatin_Tab 20mg,0212000B0AAABAB,1,-0.003999999999999976
129,D83027,Paracet_Tab 500mg,0407010H0AAAMAM,1,-0.003999999999999976
128,D83027,Paracet_Tab 500mg,0407010H0AAAMAM,1,-0.003999999999999976
501,D83610,Hydroxychlor Sulf_Tab 200mg,1001030C0AAAAAA,1,-0.004199999999999926
502,D83014,Hydroxychlor Sulf_Tab 200mg,1001030C0AAAAAA,1,-0.004199999999999926
503,D83040,Hydroxychlor Sulf_Tab 200mg,1001030C0AAAAAA,1,-0.004199999999999926
504,D83062,Hydroxychlor Sulf_Tab 200mg,1001030C0AAAAAA,1,-0.004199999999999926
132,D83029,Paracet_Tab 500mg,0407010H0AAAMAM,1,-0.004799999999999971
133,D83038,Paracet_Tab 500mg,0407010H0AAAMAM,1,-0.004799999999999971
130,D83038,Paracet_Tab 500mg,0407010H0AAAMAM,1,-0.004799999999999971
131,D83029,Paracet_Tab 500mg,0407010H0AAAMAM,1,-0.004799999999999971
262,D83040,Gabapentin_Cap 300mg,0408010G0AAABAB,1,-0.005599999999999772
263,D83076,Gabapentin_Cap 300mg,0408010G0AAABAB,1,-0.005599999999999772
264,D83078,Gabapentin_Cap 300mg,0408010G0AAABAB,1,-0.005599999999999772
265,D83003,Gabapentin_Cap 300mg,0408010G0AAABAB,1,-0.005599999999999772
266,D83045,Gabapentin_Cap 300mg,0408010G0AAABAB,1,-0.005599999999999772
261,D83064,Gabapentin_Cap 300mg,0408010G0AAABAB,1,-0.005599999999999772
134,D83062,Paracet_Tab 500mg,0407010H0AAAMAM,1,-0.005599999999999966
135,D83062,Paracet_Tab 500mg,0407010H0AAAMAM,1,-0.005599999999999966
543,D83038,Paracet_Tab Solb 500mg,0407010H0AAAQAQ,1,-0.005999999999999339
544,D83045,Paracet_Tab Solb 500mg,0407010H0AAAQAQ,1,-0.005999999999999339
541,D83029,Paracet_Tab Solb 500mg,0407010H0AAAQAQ,1,-0.005999999999999339
542,D83045,Paracet_Tab Solb 500mg,0407010H0AAAQAQ,1,-0.005999999999999339
540,D83038,Paracet_Tab Solb 500mg,0407010H0AAAQAQ,1,-0.005999999999999339
539,D83029,Paracet_Tab Solb 500mg,0407010H0AAAQAQ,1,-0.005999999999999339
526,D83027,Atorvastatin_Tab 20mg,0212000B0AAABAB,2,-0.0059999999999997555
505,D83064,Hydroxychlor Sulf_Tab 200mg,1001030C0AAAAAA,2,-0.008399999999999852
301,D83012,Atorvastatin_Tab 40mg,0212000B0AAACAC,2,-0.00839999999999999
268,D83018,Gabapentin_Cap 300mg,0408010G0AAABAB,2,-0.011199999999999544
267,D83029,Gabapentin_Cap 300mg,0408010G0AAABAB,2,-0.011199999999999544
139,Y00774,Paracet_Tab 500mg,0407010H0AAAMAM,2,-0.011199999999999932
138,D83610,Paracet_Tab 500mg,0407010H0AAAMAM,2,-0.011199999999999932
137,Y00774,Paracet_Tab 500mg,0407010H0AAAMAM,2,-0.011199999999999932
136,D83610,Paracet_Tab 500mg,0407010H0AAAMAM,2,-0.011199999999999932
546,D83055,Paracet_Tab Solb 500mg,0407010H0AAAQAQ,2,-0.011999999999998678
545,D83055,Paracet_Tab Solb 500mg,0407010H0AAAQAQ,2,-0.011999999999998678
506,D83013,Hydroxychlor Sulf_Tab 200mg,1001030C0AAAAAA,5,-0.011999999999999511
302,Y00774,Atorvastatin_Tab 40mg,0212000B0AAACAC,4,-0.011999999999999511
269,D83075,Gabapentin_Cap 300mg,0408010G0AAABAB,3,-0.016799999999999315
270,D83005,Gabapentin_Cap 300mg,0408010G0AAABAB,3,-0.016799999999999315
509,D83027,Hydroxychlor Sulf_Tab 200mg,1001030C0AAAAAA,4,-0.016799999999999704
508,D83018,Hydroxychlor Sulf_Tab 200mg,1001030C0AAAAAA,4,-0.016799999999999704
507,D83012,Hydroxychlor Sulf_Tab 200mg,1001030C0AAAAAA,4,-0.016799999999999704
303,D83012,Atorvastatin_Tab 40mg,0212000B0AAACAC,7,-0.01959999999999998
274,D83012,Gabapentin_Cap 300mg,0408010G0AAABAB,4,-0.022399999999999087
271,D83013,Gabapentin_Cap 300mg,0408010G0AAABAB,4,-0.022399999999999087
273,D83038,Gabapentin_Cap 300mg,0408010G0AAABAB,4,-0.022399999999999087
272,D83027,Gabapentin_Cap 300mg,0408010G0AAABAB,4,-0.022399999999999087
547,D83012,Paracet_Tab Solb 500mg,0407010H0AAAQAQ,4,-0.023999999999997357
548,D83012,Paracet_Tab Solb 500mg,0407010H0AAAQAQ,4,-0.023999999999997357
140,D83040,Paracet_Tab 500mg,0407010H0AAAMAM,17,-0.027199999999999835
141,D83040,Paracet_Tab 500mg,0407010H0AAAMAM,17,-0.027199999999999835
276,D83014,Gabapentin_Cap 300mg,0408010G0AAABAB,5,-0.02799999999999886
275,D83021,Gabapentin_Cap 300mg,0408010G0AAABAB,5,-0.02799999999999886
277,D83062,Gabapentin_Cap 300mg,0408010G0AAABAB,5,-0.02799999999999886
278,D83610,Gabapentin_Cap 300mg,0408010G0AAABAB,5,-0.02799999999999886
142,D83064,Paracet_Tab 500mg,0407010H0AAAMAM,5,-0.02799999999999983
143,D83064,Paracet_Tab 500mg,0407010H0AAAMAM,5,-0.02799999999999983
279,D83060,Gabapentin_Cap 300mg,0408010G0AAABAB,6,-0.03359999999999863
510,D83029,Hydroxychlor Sulf_Tab 200mg,1001030C0AAAAAA,8,-0.03359999999999941
144,D83005,Paracet_Tab 500mg,0407010H0AAAMAM,6,-0.0335999999999998
145,D83005,Paracet_Tab 500mg,0407010H0AAAMAM,6,-0.0335999999999998
146,D83075,Paracet_Tab 500mg,0407010H0AAAMAM,7,-0.03919999999999976
147,D83075,Paracet_Tab 500mg,0407010H0AAAMAM,7,-0.03919999999999976
511,D83060,Hydroxychlor Sulf_Tab 200mg,1001030C0AAAAAA,11,-0.046199999999999186
280,Y00774,Gabapentin_Cap 300mg,0408010G0AAABAB,9,-0.050399999999997946
148,D83013,Paracet_Tab 500mg,0407010H0AAAMAM,9,-0.050399999999999695
149,D83013,Paracet_Tab 500mg,0407010H0AAAMAM,9,-0.050399999999999695
150,D83060,Paracet_Tab 500mg,0407010H0AAAMAM,11,-0.06159999999999963
151,D83060,Paracet_Tab 500mg,0407010H0AAAMAM,11,-0.06159999999999963
155,D83029,Paracet_Tab 500mg,0407010H0AAAMAM,12,-0.0671999999999996
154,D83029,Paracet_Tab 500mg,0407010H0AAAMAM,12,-0.0671999999999996
153,D83018,Paracet_Tab 500mg,0407010H0AAAMAM,12,-0.0671999999999996
152,D83018,Paracet_Tab 500mg,0407010H0AAAMAM,12,-0.0671999999999996
158,D83055,Paracet_Tab 500mg,0407010H0AAAMAM,17,-0.09519999999999942
159,D83040,Paracet_Tab 500mg,0407010H0AAAMAM,17,-0.09519999999999942
156,D83040,Paracet_Tab 500mg,0407010H0AAAMAM,17,-0.09519999999999942
157,D83055,Paracet_Tab 500mg,0407010H0AAAMAM,17,-0.09519999999999942
161,D83012,Paracet_Tab 500mg,0407010H0AAAMAM,22,-0.12319999999999925
162,D83003,Paracet_Tab 500mg,0407010H0AAAMAM,22,-0.12319999999999925
163,D83003,Paracet_Tab 500mg,0407010H0AAAMAM,22,-0.12319999999999925
160,D83012,Paracet_Tab 500mg,0407010H0AAAMAM,22,-0.12319999999999925
164,D83021,Paracet_Tab 500mg,0407010H0AAAMAM,26,-0.14559999999999912
165,D83021,Paracet_Tab 500mg,0407010H0AAAMAM,26,-0.14559999999999912
166,D83027,Paracet_Tab 500mg,0407010H0AAAMAM,28,-0.15679999999999905
167,D83027,Paracet_Tab 500mg,0407010H0AAAMAM,28,-0.15679999999999905
168,D83610,Paracet_Tab 500mg,0407010H0AAAMAM,28,-2.7999999999999927
169,D83610,Paracet_Tab 500mg,0407010H0AAAMAM,28,-2.7999999999999927
