,practice_code,bnf_description,bnf_code,items,excess_cost
0,M82002,Amiodarone HCl_Tab 200mg,0203020D0AAABAB,3,1.7500000000000016
1,M82002,Clonazepam_Tab 500mcg,0408010F0AAABAB,11,8.361999999999982
2,M82002,Levetiracetam_Tab 500mg,0408010A0AAABAB,2,-0.0027999999999989145
3,M82004,Amiodarone HCl_Tab 200mg,0203020D0AAABAB,20,6.107700000000005
4,M82004,Clonazepam_Tab 500mcg,0408010F0AAABAB,7,4.113199999999992
5,M82004,Losartan Pot_Tab 25mg,0205052N0AAAAAA,10,0.021000000000000116
6,M82005,Amiodarone HCl_Tab 200mg,0203020D0AAABAB,2,0.7000000000000006
7,M82005,Clonazepam_Tab 500mcg,0408010F0AAABAB,2,2.531199999999995
8,M82005,Topiramate_Tab 200mg,040801050AAACAC,4,2.307200000000001
9,M82006,Amiodarone HCl_Tab 200mg,0203020D0AAABAB,7,3.850000000000003
10,M82006,Clonazepam_Tab 500mcg,0408010F0AAABAB,5,2.7119999999999944
11,M82006,Levetiracetam_Tab 500mg,0408010A0AAABAB,1,-0.005599999999999383
12,M82006,Losartan Pot_Tab 25mg,0205052N0AAAAAA,3,0.01260000000000007
13,M82006,Topiramate_Tab 200mg,040801050AAACAC,1,4.647999999999998
14,M82008,Amiodarone HCl_Tab 200mg,0203020D0AAABAB,2,1.050000000000001
15,M82008,Clonazepam_Tab 500mcg,0408010F0AAABAB,1,0.6327999999999987
16,M82008,Levetiracetam_Tab 500mg,0408010A0AAABAB,1,-0.005599999999999383
17,M82008,Losartan Pot_Tab 25mg,0205052N0AAAAAA,1,0.0021000000000000116
18,M82008,Topiramate_Tab 200mg,040801050AAACAC,1,2.489999999999999
19,M82010,Amiodarone HCl_Tab 200mg,0203020D0AAABAB,4,2.450000000000002
20,M82010,Clonazepam_Tab 500mcg,0408010F0AAABAB,10,8.768799999999981
21,M82010,Gemfibrozil_Tab 600mg,0212000Q0AAABAB,1,15.142399999999999
22,M82010,Levetiracetam_Tab 500mg,0408010A0AAABAB,2,-0.008399999999999463
23,M82010,Linezolid_Tab 600mg,0501070W0AAAAAA,1,32.53599999999997
24,M82010,Losartan Pot_Tab 25mg,0205052N0AAAAAA,5,0.01260000000000007
25,M82011,Amiodarone HCl_Tab 200mg,0203020D0AAABAB,1,0.3500000000000003
26,M82011,Clonazepam_Tab 500mcg,0408010F0AAABAB,2,1.446399999999997
27,M82013,Amiodarone HCl_Tab 200mg,0203020D0AAABAB,1,0.3500000000000003
28,M82013,Clonazepam_Tab 500mcg,0408010F0AAABAB,1,0.6327999999999987
29,M82014,Amiodarone HCl_Tab 200mg,0203020D0AAABAB,3,2.450000000000002
30,M82014,Clonazepam_Tab 500mcg,0408010F0AAABAB,7,5.695199999999988
31,M82014,Mesalazine_Tab E/C 800mg,0105010B0AAASAS,2,71.33999999999997
32,M82014,Risperidone_Tab 6mg,040201030AAAFAF,1,58.4192
33,M82016,Amiodarone HCl_Tab 200mg,0203020D0AAABAB,1,0.3500000000000003
34,M82016,Clonazepam_Tab 500mcg,0408010F0AAABAB,5,6.621799999999987
35,M82016,Levetiracetam_Tab 500mg,0408010A0AAABAB,4,-0.019799999999998152
36,M82016,Topiramate_Tab 200mg,040801050AAACAC,1,2.3183999999999996
37,M82017,Amiodarone HCl_Tab 200mg,0203020D0AAABAB,3,1.7500000000000016
38,M82017,Clonazepam_Tab 500mcg,0408010F0AAABAB,7,1.920999999999996
39,M82017,Levetiracetam_Tab 500mg,0408010A0AAABAB,4,0.014000000000002344
40,M82017,Losartan Pot_Tab 25mg,0205052N0AAAAAA,17,0.0357000000000002
41,M82017,Mesalazine_Tab E/C 800mg,0105010B0AAASAS,4,24.576
42,M82018,Amiodarone HCl_Tab 200mg,0203020D0AAABAB,15,3.658200000000003
43,M82018,Clonazepam_Tab 500mcg,0408010F0AAABAB,11,9.33379999999998
44,M82018,Levetiracetam_Tab 500mg,0408010A0AAABAB,1,0.006000000000000172
45,M82018,Losartan Pot_Tab 25mg,0205052N0AAAAAA,14,0.029400000000000162
46,M82019,Amiodarone HCl_Tab 200mg,0203020D0AAABAB,5,1.7500000000000016
47,M82019,Clonazepam_Tab 500mcg,0408010F0AAABAB,7,1.920999999999996
48,M82019,Levetiracetam_Tab 500mg,0408010A0AAABAB,4,-0.01120000000000032
49,M82019,Mesalazine_Tab E/C 800mg,0105010B0AAASAS,2,-2.460000000000001
50,M82020,Amiodarone HCl_Tab 200mg,0203020D0AAABAB,2,0.7000000000000006
51,M82020,Losartan Pot_Tab 25mg,0205052N0AAAAAA,5,0.010500000000000058
52,M82021,Amiodarone HCl_Tab 200mg,0203020D0AAABAB,5,2.450000000000002
53,M82021,Clonazepam_Tab 500mcg,0408010F0AAABAB,6,10.305599999999979
54,M82021,Levetiracetam_Tab 500mg,0408010A0AAABAB,1,-0.005599999999999383
55,M82021,Losartan Pot_Tab 25mg,0205052N0AAAAAA,1,0.0021000000000000116
56,M82022,Amiodarone HCl_Tab 200mg,0203020D0AAABAB,11,1.727600000000001
57,M82022,Clonazepam_Tab 500mcg,0408010F0AAABAB,16,4.904199999999991
58,M82022,Levetiracetam_Tab 500mg,0408010A0AAABAB,19,-0.06439999999999874
59,M82022,Losartan Pot_Tab 25mg,0205052N0AAAAAA,8,0.021000000000000116
60,M82022,Mesalazine_Tab E/C 800mg,0105010B0AAASAS,2,-22.959999999999994
61,M82023,Amiodarone HCl_Tab 200mg,0203020D0AAABAB,2,0.7000000000000006
62,M82023,Clonazepam_Tab 500mcg,0408010F0AAABAB,5,5.243199999999989
63,M82024,Clonazepam_Tab 500mcg,0408010F0AAABAB,1,0.3389999999999993
64,M82024,Levetiracetam_Tab 500mg,0408010A0AAABAB,1,-0.005599999999999383
65,M82025,Amiodarone HCl_Tab 200mg,0203020D0AAABAB,5,1.2835000000000012
66,M82025,Clonazepam_Tab 500mcg,0408010F0AAABAB,31,15.537499999999966
67,M82025,Levetiracetam_Tab 500mg,0408010A0AAABAB,8,-0.027999999999997305
68,M82025,Losartan Pot_Tab 25mg,0205052N0AAAAAA,9,0.013600000000000112
69,M82025,Sumatriptan_Tab 100mg,0407041T0AAACAC,14,54.280800000000006
70,M82026,Amiodarone HCl_Tab 200mg,0203020D0AAABAB,10,2.1735000000000015
71,M82026,Clonazepam_Tab 500mcg,0408010F0AAABAB,11,5.423999999999989
72,M82026,Levetiracetam_Tab 500mg,0408010A0AAABAB,1,-0.005599999999999383
73,M82026,Losartan Pot_Tab 25mg,0205052N0AAAAAA,1,-0.004199999999999975
74,M82030,Amiodarone HCl_Tab 200mg,0203020D0AAABAB,7,1.1235000000000006
75,M82030,Clonazepam_Tab 500mcg,0408010F0AAABAB,18,8.090799999999984
76,M82030,Losartan Pot_Tab 25mg,0205052N0AAAAAA,16,0.015100000000000176
77,M82030,Topiramate_Tab 200mg,040801050AAACAC,3,7.469999999999997
78,M82031,Clonazepam_Tab 500mcg,0408010F0AAABAB,5,4.293999999999992
79,M82031,Levetiracetam_Tab 500mg,0408010A0AAABAB,3,-0.01679999999999815
80,M82032,Amiodarone HCl_Tab 200mg,0203020D0AAABAB,9,3.488800000000003
81,M82032,Clonazepam_Tab 500mcg,0408010F0AAABAB,31,12.143899999999977
82,M82032,Levetiracetam_Tab 500mg,0408010A0AAABAB,3,-0.00840000000000024
83,M82032,Losartan Pot_Tab 25mg,0205052N0AAAAAA,3,0.006300000000000035
84,M82033,Amiodarone HCl_Tab 200mg,0203020D0AAABAB,1,0.7000000000000006
85,M82033,Clonazepam_Tab 500mcg,0408010F0AAABAB,4,3.2543999999999933
86,M82033,Gemfibrozil_Tab 600mg,0212000Q0AAABAB,1,15.142399999999999
87,M82033,Levetiracetam_Tab 500mg,0408010A0AAABAB,1,-0.005599999999999383
88,M82033,Losartan Pot_Tab 25mg,0205052N0AAAAAA,1,0.004199999999999975
89,M82034,Clonazepam_Tab 500mcg,0408010F0AAABAB,2,2.6215999999999946
90,M82034,Levetiracetam_Tab 500mg,0408010A0AAABAB,1,-0.005599999999999383
91,M82035,Amiodarone HCl_Tab 200mg,0203020D0AAABAB,3,1.050000000000001
92,M82035,Clonazepam_Tab 500mcg,0408010F0AAABAB,8,7.367599999999985
93,M82035,Levetiracetam_Tab 500mg,0408010A0AAABAB,1,-0.005599999999999383
94,M82035,Mesalazine_Tab E/C 800mg,0105010B0AAASAS,1,17.219999999999995
95,M82035,Topiramate_Tab 200mg,040801050AAACAC,1,24.899999999999988
96,M82038,Amiodarone HCl_Tab 200mg,0203020D0AAABAB,2,1.4000000000000012
97,M82038,Clonazepam_Tab 500mcg,0408010F0AAABAB,6,3.2543999999999933
98,M82038,Losartan Pot_Tab 25mg,0205052N0AAAAAA,8,0.016800000000000093
99,M82040,Amiodarone HCl_Tab 200mg,0203020D0AAABAB,1,0.7000000000000006
100,M82040,Clonazepam_Tab 500mcg,0408010F0AAABAB,3,1.468999999999997
101,M82041,Amiodarone HCl_Tab 200mg,0203020D0AAABAB,4,1.7500000000000016
102,M82041,Clonazepam_Tab 500mcg,0408010F0AAABAB,7,4.429599999999991
103,M82043,Amiodarone HCl_Tab 200mg,0203020D0AAABAB,2,0.7000000000000006
104,M82043,Clonazepam_Tab 500mcg,0408010F0AAABAB,4,2.6328999999999945
105,M82043,Levetiracetam_Tab 500mg,0408010A0AAABAB,2,0.0056000000000009376
106,M82043,Losartan Pot_Tab 25mg,0205052N0AAAAAA,1,0.004200000000000023
107,M82043,Mesalazine_Tab E/C 800mg,0105010B0AAASAS,1,5.739999999999998
108,M82043,Topiramate_Tab 200mg,040801050AAACAC,1,2.489999999999999
109,M82044,Amiodarone HCl_Tab 200mg,0203020D0AAABAB,4,1.229200000000001
110,M82044,Clonazepam_Tab 500mcg,0408010F0AAABAB,5,1.5819999999999967
111,M82044,Levetiracetam_Tab 500mg,0408010A0AAABAB,6,-0.016799999999996595
112,M82046,Amiodarone HCl_Tab 200mg,0203020D0AAABAB,5,1.7500000000000016
113,M82046,Clonazepam_Tab 500mcg,0408010F0AAABAB,2,1.1073999999999977
114,M82046,Levetiracetam_Tab 500mg,0408010A0AAABAB,5,177.1088
115,M82046,Losartan Pot_Tab 25mg,0205052N0AAAAAA,4,0.008400000000000046
116,M82047,Amiodarone HCl_Tab 200mg,0203020D0AAABAB,3,1.7500000000000016
117,M82047,Clonazepam_Tab 500mcg,0408010F0AAABAB,3,2.847599999999994
118,M82047,Levetiracetam_Tab 500mg,0408010A0AAABAB,1,-0.00280000000000008
119,M82048,Clonazepam_Tab 500mcg,0408010F0AAABAB,3,1.5819999999999967
120,M82051,Amiodarone HCl_Tab 200mg,0203020D0AAABAB,7,1.2082000000000006
121,M82051,Clonazepam_Tab 500mcg,0408010F0AAABAB,3,1.898399999999996
122,M82051,Risperidone_Tab 6mg,040201030AAAFAF,1,62.59799999999999
123,M82051,Topiramate_Tab 200mg,040801050AAACAC,1,2.3183999999999996
124,M82058,Clonazepam_Tab 500mcg,0408010F0AAABAB,2,0.971799999999998
125,M82060,Amiodarone HCl_Tab 200mg,0203020D0AAABAB,6,0.8680000000000008
126,M82060,Clonazepam_Tab 500mcg,0408010F0AAABAB,4,3.1639999999999935
127,M82060,Levetiracetam_Tab 500mg,0408010A0AAABAB,10,-0.028000000000000802
128,M82060,Losartan Pot_Tab 25mg,0205052N0AAAAAA,12,0.02520000000000014
129,M82601,Clonazepam_Tab 500mcg,0408010F0AAABAB,4,0.949199999999998
130,M82601,Losartan Pot_Tab 25mg,0205052N0AAAAAA,4,0.008400000000000046
131,M82604,Clonazepam_Tab 500mcg,0408010F0AAABAB,1,0.31639999999999935
132,M82604,Losartan Pot_Tab 25mg,0205052N0AAAAAA,7,30.9407
133,M82620,Amiodarone HCl_Tab 200mg,0203020D0AAABAB,2,0.4347000000000003
134,M82620,Clonazepam_Tab 500mcg,0408010F0AAABAB,2,2.598999999999995
135,Y00911,Clonazepam_Tab 500mcg,0408010F0AAABAB,1,0.1367999999999996
136,Y00911,Losartan Pot_Tab 25mg,0205052N0AAAAAA,1,0.0030000000000000165
137,Y02495,Clonazepam_Tab 500mcg,0408010F0AAABAB,1,1.898399999999996
