,practice_code,bnf_description,bnf_code,items,excess_cost
0,B81004,Clonazepam_Tab 500mcg,0408010F0AAABAB,40,18.215599999999963
1,B81004,Ferr Sulf_Tab 200mg,0901011P0AAACAC,1,-0.00210000000000006
2,B81004,Mesalazine_Tab E/C 800mg,0105010B0AAASAS,2,-18.432
3,B81004,Paracet_Tab 500mg,0407010H0AAAMAM,32,-0.13839999999999916
4,B81006,Acetazolamide_Tab 250mg,1106000B0AAACAC,1,0.0056000000000009376
5,B81006,Atorvastatin_Tab 10mg,0212000B0AAAAAA,3,4.85722573273506e-17
6,B81006,Atorvastatin_Tab 20mg,0212000B0AAABAB,2,0.0024000000000002283
7,B81006,Atorvastatin_Tab 80mg,0212000B0AAADAD,4,0.00840000000000024
8,B81006,Clonazepam_Tab 500mcg,0408010F0AAABAB,17,12.796599999999973
9,B81006,Memantine HCl_Tab 20mg,0411000G0AAADAD,1,0.004199999999999975
10,B81006,Mesalazine_Tab E/C 800mg,0105010B0AAASAS,1,34.43999999999999
11,B81006,Paracet_Tab 500mg,0407010H0AAAMAM,6,0.012799999999999923
12,B81009,Atorvastatin_Tab 10mg,0212000B0AAAAAA,10,0.016000000000000153
13,B81009,Atorvastatin_Tab 20mg,0212000B0AAABAB,4,0.015800000000000133
14,B81009,Atorvastatin_Tab 80mg,0212000B0AAADAD,69,24.754999999999995
15,B81009,Clonazepam_Tab 500mcg,0408010F0AAABAB,15,6.467999999999989
16,B81009,Paracet_Tab 500mg,0407010H0AAAMAM,224,2.140399999999987
17,B81010,Acetazolamide_Tab 250mg,1106000B0AAACAC,2,0.011200000000001875
18,B81010,Atorvastatin_Tab 10mg,0212000B0AAAAAA,26,0.055600000000000274
19,B81010,Atorvastatin_Tab 20mg,0212000B0AAABAB,1,-0.0014999999999999389
20,B81010,Atorvastatin_Tab 80mg,0212000B0AAADAD,33,0.06700000000000209
21,B81010,Clonazepam_Tab 500mcg,0408010F0AAABAB,14,3.938199999999992
22,B81010,Paracet_Tab 500mg,0407010H0AAAMAM,260,-2.0367999999999875
23,B81013,Atorvastatin_Tab 10mg,0212000B0AAAAAA,1,-0.0031999999999999806
24,B81013,Atorvastatin_Tab 20mg,0212000B0AAABAB,49,45.00160000000001
25,B81013,Atorvastatin_Tab 80mg,0212000B0AAADAD,4,0.00840000000000024
26,B81013,Clonazepam_Tab 500mcg,0408010F0AAABAB,11,6.146699999999987
27,B81013,Ferr Sulf_Tab 200mg,0901011P0AAACAC,19,63.36119999999999
28,B81013,Memantine HCl_Tab 20mg,0411000G0AAADAD,2,127.8032
29,B81013,Montelukast_Tab 10mg,0303020G0AAABAB,2,0.005900000000000169
30,B81013,Paracet_Tab 500mg,0407010H0AAAMAM,94,79.7256
31,B81014,Acetazolamide_Tab 250mg,1106000B0AAACAC,1,0.0056000000000009376
32,B81014,Atorvastatin_Tab 10mg,0212000B0AAAAAA,5,0.006900000000000055
33,B81014,Atorvastatin_Tab 20mg,0212000B0AAABAB,355,67.4008
34,B81014,Atorvastatin_Tab 80mg,0212000B0AAADAD,1,-0.0035999999999999366
35,B81014,Clonazepam_Tab 500mcg,0408010F0AAABAB,30,14.817299999999971
36,B81014,Paracet_Tab 500mg,0407010H0AAAMAM,432,98.7588000000001
37,B81024,Atorvastatin_Tab 10mg,0212000B0AAAAAA,4,0.008400000000000046
38,B81024,Atorvastatin_Tab 20mg,0212000B0AAABAB,1,0.006000000000000172
39,B81024,Atorvastatin_Tab 80mg,0212000B0AAADAD,22,0.048300000000001383
40,B81024,Clonazepam_Tab 500mcg,0408010F0AAABAB,26,13.630299999999973
41,B81024,Ferr Sulf_Tab 200mg,0901011P0AAACAC,4,-0.00840000000000024
42,B81024,Paracet_Tab 500mg,0407010H0AAAMAM,66,-0.36959999999999776
43,B81025,Acetazolamide_Tab 250mg,1106000B0AAACAC,5,0.028000000000004688
44,B81025,Clonazepam_Tab 500mcg,0408010F0AAABAB,26,10.988599999999979
45,B81025,Ferr Sulf_Tab 200mg,0901011P0AAACAC,12,28.1568
46,B81025,Paracet_Tab 500mg,0407010H0AAAMAM,1116,163.3804
47,B81029,Atorvastatin_Tab 10mg,0212000B0AAAAAA,8,0.0015000000000001124
48,B81029,Clonazepam_Tab 500mcg,0408010F0AAABAB,16,9.41289999999998
49,B81029,Memantine HCl_Tab 20mg,0411000G0AAADAD,4,0.01959999999999998
50,B81029,Paracet_Tab 500mg,0407010H0AAAMAM,6,0.008400000000000019
51,B81034,Acetazolamide_Tab 250mg,1106000B0AAACAC,1,-0.005999999999999339
52,B81034,Atorvastatin_Tab 10mg,0212000B0AAAAAA,7,0.016800000000000093
53,B81034,Atorvastatin_Tab 80mg,0212000B0AAADAD,20,0.0420000000000012
54,B81034,Clonazepam_Tab 500mcg,0408010F0AAABAB,32,11.412999999999975
55,B81034,Paracet_Tab 500mg,0407010H0AAAMAM,50,0.0007999999999999952
56,B81037,Acetazolamide_Tab 250mg,1106000B0AAACAC,3,0.016800000000002813
57,B81037,Atorvastatin_Tab 20mg,0212000B0AAABAB,1,0.0030000000000000165
58,B81037,Atorvastatin_Tab 80mg,0212000B0AAADAD,9,0.01890000000000054
59,B81037,Clonazepam_Tab 500mcg,0408010F0AAABAB,35,19.051799999999957
60,B81037,Ferr Sulf_Tab 200mg,0901011P0AAACAC,25,0.11959999999999928
61,B81037,Mesalazine_Tab E/C 800mg,0105010B0AAASAS,1,18.449999999999996
62,B81037,Paracet_Tab 500mg,0407010H0AAAMAM,36,-0.003599999999999992
63,B81041,Atorvastatin_Tab 10mg,0212000B0AAAAAA,3,0.006300000000000035
64,B81041,Atorvastatin_Tab 20mg,0212000B0AAABAB,212,22.556800000000027
65,B81041,Atorvastatin_Tab 80mg,0212000B0AAADAD,15,0.03570000000000102
66,B81041,Clonazepam_Tab 500mcg,0408010F0AAABAB,12,6.463599999999986
67,B81041,Montelukast_Tab 10mg,0303020G0AAABAB,25,0.9799999999999989
68,B81041,Paracet_Tab 500mg,0407010H0AAAMAM,272,-2.405399999999985
69,B81042,Acetazolamide_Tab 250mg,1106000B0AAACAC,1,0.0028000000000004688
70,B81042,Atorvastatin_Tab 10mg,0212000B0AAAAAA,63,0.13230000000000072
71,B81042,Atorvastatin_Tab 20mg,0212000B0AAABAB,233,22.83400000000002
72,B81042,Atorvastatin_Tab 80mg,0212000B0AAADAD,28,0.058800000000001684
73,B81042,Clonazepam_Tab 500mcg,0408010F0AAABAB,21,9.53719999999998
74,B81042,Ferr Sulf_Tab 200mg,0901011P0AAACAC,8,0.04479999999999973
75,B81042,Memantine HCl_Tab 20mg,0411000G0AAADAD,17,63.9016
76,B81042,Mesalazine_Tab E/C 800mg,0105010B0AAASAS,1,17.219999999999995
77,B81042,Paracet_Tab 500mg,0407010H0AAAMAM,518,107.40720000000013
78,B81050,Acetazolamide_Tab 250mg,1106000B0AAACAC,1,0.0028000000000004688
79,B81050,Atorvastatin_Tab 10mg,0212000B0AAAAAA,5,0.010500000000000058
80,B81050,Atorvastatin_Tab 80mg,0212000B0AAADAD,4,0.00840000000000024
81,B81050,Clonazepam_Tab 500mcg,0408010F0AAABAB,29,15.19019999999997
82,B81050,Paracet_Tab 500mg,0407010H0AAAMAM,10,0.05999999999999964
83,B81051,Atorvastatin_Tab 10mg,0212000B0AAAAAA,16,0.033600000000000185
84,B81051,Atorvastatin_Tab 20mg,0212000B0AAABAB,1,-0.0029999999999998778
85,B81051,Atorvastatin_Tab 80mg,0212000B0AAADAD,17,0.03570000000000102
86,B81051,Clonazepam_Tab 500mcg,0408010F0AAABAB,27,14.058199999999971
87,B81051,Ferr Sulf_Tab 200mg,0901011P0AAACAC,17,-0.0049000000000009175
88,B81051,Mesalazine_Tab E/C 800mg,0105010B0AAASAS,4,33.22799999999998
89,B81051,Paracet_Tab 500mg,0407010H0AAAMAM,80,-0.21479999999999871
90,B81060,Atorvastatin_Tab 10mg,0212000B0AAAAAA,71,11.620700000000001
91,B81060,Atorvastatin_Tab 20mg,0212000B0AAABAB,298,45.057600000000015
92,B81060,Atorvastatin_Tab 80mg,0212000B0AAADAD,6,0.012600000000000361
93,B81060,Clonazepam_Tab 500mcg,0408010F0AAABAB,16,7.299799999999985
94,B81060,Memantine HCl_Tab 20mg,0411000G0AAADAD,5,0.024499999999999973
95,B81060,Paracet_Tab 500mg,0407010H0AAAMAM,376,31.94360000000006
96,B81061,Acetazolamide_Tab 250mg,1106000B0AAACAC,3,0.0008000000000014662
97,B81061,Atorvastatin_Tab 10mg,0212000B0AAAAAA,40,0.08610000000000047
98,B81061,Atorvastatin_Tab 80mg,0212000B0AAADAD,35,0.06910000000000215
99,B81061,Clonazepam_Tab 500mcg,0408010F0AAABAB,38,17.703399999999963
100,B81061,Ferr Sulf_Tab 200mg,0901011P0AAACAC,37,21.204299999999993
101,B81061,Memantine HCl_Tab 20mg,0411000G0AAADAD,9,0.04409999999999995
102,B81061,Paracet_Tab 500mg,0407010H0AAAMAM,778,41.62720000000011
103,B81062,Atorvastatin_Tab 10mg,0212000B0AAAAAA,12,0.02520000000000014
104,B81062,Atorvastatin_Tab 80mg,0212000B0AAADAD,12,0.025200000000000722
105,B81062,Clonazepam_Tab 500mcg,0408010F0AAABAB,25,13.300799999999972
106,B81062,Memantine HCl_Tab 20mg,0411000G0AAADAD,5,0.024499999999999973
107,B81062,Mesalazine_Tab E/C 800mg,0105010B0AAASAS,1,36.89999999999999
108,B81062,Paracet_Tab 500mg,0407010H0AAAMAM,28,-0.01999999999999988
109,B81068,Acetazolamide_Tab 250mg,1106000B0AAACAC,7,118.56320000000002
110,B81068,Atorvastatin_Tab 10mg,0212000B0AAAAAA,294,46.1496
111,B81068,Atorvastatin_Tab 20mg,0212000B0AAABAB,818,113.64080000000004
112,B81068,Atorvastatin_Tab 80mg,0212000B0AAADAD,1,0.00210000000000006
113,B81068,Clonazepam_Tab 500mcg,0408010F0AAABAB,26,13.903399999999975
114,B81068,Ferr Sulf_Tab 200mg,0901011P0AAACAC,9,14.0903
115,B81068,Memantine HCl_Tab 20mg,0411000G0AAADAD,29,191.7132
116,B81068,Montelukast_Tab 10mg,0303020G0AAABAB,41,24.337600000000005
117,B81068,Paracet_Tab 500mg,0407010H0AAAMAM,874,38.90680000000013
118,B81069,Atorvastatin_Tab 10mg,0212000B0AAAAAA,4,0.008400000000000046
119,B81069,Clonazepam_Tab 500mcg,0408010F0AAABAB,30,15.684399999999966
120,B81069,Paracet_Tab 500mg,0407010H0AAAMAM,1136,92.38560000000024
121,B81070,Clonazepam_Tab 500mcg,0408010F0AAABAB,10,5.444799999999993
122,B81070,Paracet_Tab 500mg,0407010H0AAAMAM,18,0.08479999999999949
123,B81082,Atorvastatin_Tab 10mg,0212000B0AAAAAA,1,-0.0031999999999999806
124,B81082,Clonazepam_Tab 500mcg,0408010F0AAABAB,9,12.024199999999974
125,B81088,Atorvastatin_Tab 10mg,0212000B0AAAAAA,236,81.27839999999999
126,B81088,Atorvastatin_Tab 20mg,0212000B0AAABAB,202,22.62400000000002
127,B81088,Atorvastatin_Tab 80mg,0212000B0AAADAD,51,24.704400000000014
128,B81088,Clonazepam_Tab 500mcg,0408010F0AAABAB,14,9.020399999999983
129,B81088,Ferr Sulf_Tab 200mg,0901011P0AAACAC,5,42.251999999999995
130,B81088,Paracet_Tab 500mg,0407010H0AAAMAM,2,0.011999999999999927
131,B81092,Clonazepam_Tab 500mcg,0408010F0AAABAB,6,3.344799999999993
132,B81092,Mesalazine_Tab E/C 800mg,0105010B0AAASAS,3,47.149999999999984
133,B81092,Paracet_Tab 500mg,0407010H0AAAMAM,8,0.031999999999999876
134,B81100,Atorvastatin_Tab 10mg,0212000B0AAAAAA,9,0.018900000000000104
135,B81100,Atorvastatin_Tab 80mg,0212000B0AAADAD,27,74.4331
136,B81100,Clonazepam_Tab 500mcg,0408010F0AAABAB,15,7.344999999999985
137,B81100,Memantine HCl_Tab 20mg,0411000G0AAADAD,5,0.024499999999999973
138,B81100,Montelukast_Tab 10mg,0303020G0AAABAB,7,24.382399999999997
139,B81100,Paracet_Tab 500mg,0407010H0AAAMAM,104,9.766400000000008
140,B81101,Acetazolamide_Tab 250mg,1106000B0AAACAC,2,0.011200000000001875
141,B81101,Atorvastatin_Tab 10mg,0212000B0AAAAAA,146,11.620000000000001
142,B81101,Atorvastatin_Tab 20mg,0212000B0AAABAB,411,67.89720000000003
143,B81101,Clonazepam_Tab 500mcg,0408010F0AAABAB,41,19.973799999999954
144,B81101,Ferr Sulf_Tab 200mg,0901011P0AAACAC,1,0.017999999999999267
145,B81101,Memantine HCl_Tab 20mg,0411000G0AAADAD,3,0.014699999999999984
146,B81101,Montelukast_Tab 10mg,0303020G0AAABAB,73,73.17520000000002
147,B81101,Paracet_Tab 500mg,0407010H0AAAMAM,572,73.52559999999995
148,B81602,Atorvastatin_Tab 80mg,0212000B0AAADAD,28,1.8032000000000081
149,B81602,Clonazepam_Tab 500mcg,0408010F0AAABAB,11,3.8193999999999924
150,B81602,Paracet_Tab 500mg,0407010H0AAAMAM,114,5.8680000000000145
151,B81619,Atorvastatin_Tab 10mg,0212000B0AAAAAA,12,0.02520000000000014
152,B81619,Atorvastatin_Tab 80mg,0212000B0AAADAD,9,0.01890000000000054
153,B81619,Clonazepam_Tab 500mcg,0408010F0AAABAB,18,8.859199999999982
154,B81619,Ferr Sulf_Tab 200mg,0901011P0AAACAC,18,0.030799999999999522
155,B81619,Memantine HCl_Tab 20mg,0411000G0AAADAD,4,0.01959999999999998
156,B81619,Paracet_Tab 500mg,0407010H0AAAMAM,8,-0.04479999999999973
157,B81653,Atorvastatin_Tab 20mg,0212000B0AAABAB,77,67.69839999999999
158,B81653,Atorvastatin_Tab 80mg,0212000B0AAADAD,28,24.805200000000013
159,B81653,Clonazepam_Tab 500mcg,0408010F0AAABAB,5,2.008599999999996
160,B81653,Paracet_Tab 500mg,0407010H0AAAMAM,56,19.73760000000003
161,B81658,Atorvastatin_Tab 10mg,0212000B0AAAAAA,9,0.018900000000000104
162,B81658,Atorvastatin_Tab 80mg,0212000B0AAADAD,1,0.003000000000000086
163,B81658,Clonazepam_Tab 500mcg,0408010F0AAABAB,12,2.5763999999999947
164,B81658,Paracet_Tab 500mg,0407010H0AAAMAM,44,-0.15599999999999906
165,B81666,Clonazepam_Tab 500mcg,0408010F0AAABAB,2,1.3107999999999973
166,B81666,Mesalazine_Tab E/C 800mg,0105010B0AAASAS,1,73.79999999999998
167,Y00528,Atorvastatin_Tab 80mg,0212000B0AAADAD,1,-0.0021999999999999797
168,Y00540,Ferr Sulf_Tab 200mg,0901011P0AAACAC,1,0.008999999999999633
169,Y02656,Acetazolamide_Tab 250mg,1106000B0AAACAC,1,0.0056000000000009376
170,Y02656,Atorvastatin_Tab 10mg,0212000B0AAAAAA,49,47.1968
171,Y02656,Clonazepam_Tab 500mcg,0408010F0AAABAB,14,6.350599999999988
172,Y02656,Paracet_Tab 500mg,0407010H0AAAMAM,16,-0.04319999999999974
