,practice_code,bnf_description,bnf_code,items,excess_cost
254,F81096,Exemestane_Tab 25mg,0803041C0AAAAAA,1,226.86299999999997
92,F81096,Phenytoin_Sod Tab 100mg,0408010Q0AAAGAG,1,159.19679999999997
75,F81096,Atorvastatin_Tab 20mg,0212000B0AAABAB,203,158.01520000000002
93,F81001,Phenytoin_Sod Tab 100mg,0408010Q0AAAGAG,1,127.92599999999997
65,F81075,Pregabalin_Cap 300mg,0408010AEAAAGAG,5,118.66399999999999
0,F81205,Pregabalin_Cap 150mg,0408010AEAAAEAE,15,116.34
23,F81051,Pregabalin_Cap 50mg,0408010AEAAABAB,10,114.184
1,F81740,Pregabalin_Cap 150mg,0408010AEAAAEAE,1,113.0976
66,F81205,Pregabalin_Cap 300mg,0408010AEAAAGAG,4,112.2016
237,F81075,Atorvastatin_Tab 80mg,0212000B0AAADAD,37,99.24880000000003
76,F81089,Atorvastatin_Tab 20mg,0212000B0AAABAB,107,90.47920000000002
24,F81205,Pregabalin_Cap 50mg,0408010AEAAABAB,8,90.42880000000001
25,F81051,Pregabalin_Cap 50mg,0408010AEAAABAB,3,85.6296
258,F81075,Memantine HCl_Tab 10mg,0411000G0AAAAAA,4,83.76480000000001
94,F81096,Phenytoin_Sod Tab 100mg,0408010Q0AAAGAG,2,79.60959999999999
26,F81675,Pregabalin_Cap 50mg,0408010AEAAABAB,4,60.2952
2,F81740,Pregabalin_Cap 150mg,0408010AEAAAEAE,2,59.7632
67,F81739,Pregabalin_Cap 300mg,0408010AEAAAGAG,18,59.37120000000001
27,F81096,Pregabalin_Cap 50mg,0408010AEAAABAB,5,57.092
3,F81205,Pregabalin_Cap 150mg,0408010AEAAAEAE,8,56.5824
4,F81096,Pregabalin_Cap 150mg,0408010AEAAAEAE,20,56.56000000000002
5,F81089,Pregabalin_Cap 150mg,0408010AEAAAEAE,23,56.54319999999999
68,F81051,Pregabalin_Cap 300mg,0408010AEAAAGAG,13,56.1288
69,F81061,Pregabalin_Cap 300mg,0408010AEAAAGAG,5,56.11200000000001
259,F81065,Memantine HCl_Tab 10mg,0411000G0AAAAAA,2,55.83200000000001
238,F81096,Atorvastatin_Tab 80mg,0212000B0AAADAD,66,51.004799999999996
239,F81690,Atorvastatin_Tab 80mg,0212000B0AAADAD,33,49.52640000000001
77,F81096,Atorvastatin_Tab 20mg,0212000B0AAABAB,89,45.35440000000002
78,F81739,Atorvastatin_Tab 20mg,0212000B0AAABAB,39,45.208800000000004
98,F81061,Paracet_Tab 500mg,0407010H0AAAMAM,35,40.599999999999994
97,F81061,Paracet_Tab 500mg,0407010H0AAAMAM,35,40.599999999999994
100,F81061,Paracet_Tab 500mg,0407010H0AAAMAM,135,35.10000000000002
99,F81061,Paracet_Tab 500mg,0407010H0AAAMAM,135,35.10000000000002
211,F81142,Atorvastatin_Tab 10mg,0212000B0AAAAAA,15,34.902
260,F81096,Memantine HCl_Tab 10mg,0411000G0AAAAAA,4,31.387999999999998
261,F81007,Memantine HCl_Tab 10mg,0411000G0AAAAAA,8,31.360000000000003
28,F81739,Pregabalin_Cap 50mg,0408010AEAAABAB,1,28.537600000000005
70,F81690,Pregabalin_Cap 300mg,0408010AEAAAGAG,1,28.0504
240,F81096,Atorvastatin_Tab 80mg,0212000B0AAADAD,8,24.8192
212,F81704,Atorvastatin_Tab 10mg,0212000B0AAAAAA,3,23.267999999999997
213,F81001,Atorvastatin_Tab 10mg,0212000B0AAAAAA,14,23.2456
214,F81096,Atorvastatin_Tab 10mg,0212000B0AAAAAA,58,23.223200000000002
215,F81075,Atorvastatin_Tab 10mg,0212000B0AAAAAA,46,23.184
216,F81007,Atorvastatin_Tab 10mg,0212000B0AAAAAA,30,23.184
217,F81051,Atorvastatin_Tab 10mg,0212000B0AAAAAA,44,23.161599999999996
218,F81739,Atorvastatin_Tab 10mg,0212000B0AAAAAA,87,23.142000000000003
79,F81690,Atorvastatin_Tab 20mg,0212000B0AAABAB,96,22.579200000000014
80,F81101,Atorvastatin_Tab 20mg,0212000B0AAABAB,28,22.5792
101,F81096,Paracet_Tab 500mg,0407010H0AAAMAM,9,21.168000000000006
102,F81096,Paracet_Tab 500mg,0407010H0AAAMAM,9,21.168000000000006
219,F81618,Atorvastatin_Tab 10mg,0212000B0AAAAAA,36,11.592000000000004
220,F81690,Atorvastatin_Tab 10mg,0212000B0AAAAAA,26,11.575200000000002
221,F81061,Atorvastatin_Tab 10mg,0212000B0AAAAAA,108,11.491200000000005
104,F81690,Paracet_Tab 500mg,0407010H0AAAMAM,79,10.269999999999992
103,F81690,Paracet_Tab 500mg,0407010H0AAAMAM,79,10.269999999999992
106,F81142,Paracet_Tab 500mg,0407010H0AAAMAM,26,10.140000000000002
105,F81142,Paracet_Tab 500mg,0407010H0AAAMAM,26,10.140000000000002
107,F81690,Paracet_Tab 500mg,0407010H0AAAMAM,25,10.000000000000009
108,F81690,Paracet_Tab 500mg,0407010H0AAAMAM,25,10.000000000000009
110,F81001,Paracet_Tab 500mg,0407010H0AAAMAM,35,9.800000000000013
109,F81001,Paracet_Tab 500mg,0407010H0AAAMAM,35,9.800000000000013
111,F81001,Paracet_Tab 500mg,0407010H0AAAMAM,36,9.360000000000007
112,F81001,Paracet_Tab 500mg,0407010H0AAAMAM,36,9.360000000000007
113,F81101,Paracet_Tab 500mg,0407010H0AAAMAM,23,6.67
114,F81101,Paracet_Tab 500mg,0407010H0AAAMAM,23,6.67
116,F81618,Paracet_Tab 500mg,0407010H0AAAMAM,12,6.239999999999999
115,F81618,Paracet_Tab 500mg,0407010H0AAAMAM,12,6.239999999999999
95,F81007,Phenytoin_Sod Tab 100mg,0408010Q0AAAGAG,2,4.614399999999989
241,F81066,Atorvastatin_Tab 80mg,0212000B0AAADAD,19,1.8088000000000002
242,F81051,Atorvastatin_Tab 80mg,0212000B0AAADAD,14,1.8032000000000026
118,F81690,Paracet_Tab 500mg,0407010H0AAAMAM,2,1.776
117,F81690,Paracet_Tab 500mg,0407010H0AAAMAM,2,1.776
119,F81700,Paracet_Tab 500mg,0407010H0AAAMAM,2,1.68
120,F81700,Paracet_Tab 500mg,0407010H0AAAMAM,2,1.68
121,F81007,Paracet_Tab 500mg,0407010H0AAAMAM,143,1.4299999999999913
122,F81007,Paracet_Tab 500mg,0407010H0AAAMAM,143,1.4299999999999913
124,F81123,Paracet_Tab 500mg,0407010H0AAAMAM,115,1.149999999999993
123,F81123,Paracet_Tab 500mg,0407010H0AAAMAM,115,1.149999999999993
125,F81700,Paracet_Tab 500mg,0407010H0AAAMAM,27,0.8100000000000045
126,F81700,Paracet_Tab 500mg,0407010H0AAAMAM,27,0.8100000000000045
243,F81089,Atorvastatin_Tab 80mg,0212000B0AAADAD,27,0.7560000000000007
127,F81205,Paracet_Tab 500mg,0407010H0AAAMAM,46,0.4599999999999972
128,F81205,Paracet_Tab 500mg,0407010H0AAAMAM,46,0.4599999999999972
130,F81704,Paracet_Tab 500mg,0407010H0AAAMAM,2,0.1559999999999999
129,F81704,Paracet_Tab 500mg,0407010H0AAAMAM,2,0.1559999999999999
244,F81123,Atorvastatin_Tab 80mg,0212000B0AAADAD,63,0.1323000000000038
81,F81065,Atorvastatin_Tab 20mg,0212000B0AAABAB,30,0.0840000000000024
131,F81700,Paracet_Tab 500mg,0407010H0AAAMAM,1,0.06719999999999993
132,F81700,Paracet_Tab 500mg,0407010H0AAAMAM,1,0.06719999999999993
245,F81205,Atorvastatin_Tab 80mg,0212000B0AAADAD,29,0.060900000000001744
29,F81007,Pregabalin_Cap 50mg,0408010AEAAABAB,10,0.056000000000001604
133,F81690,Paracet_Tab 500mg,0407010H0AAAMAM,5,0.05599999999999966
134,F81690,Paracet_Tab 500mg,0407010H0AAAMAM,5,0.05599999999999966
30,F81739,Pregabalin_Cap 50mg,0408010AEAAABAB,9,0.050400000000001444
222,F81123,Atorvastatin_Tab 10mg,0212000B0AAAAAA,23,0.048300000000000266
31,F81123,Pregabalin_Cap 50mg,0408010AEAAABAB,8,0.04480000000000128
32,F81075,Pregabalin_Cap 50mg,0408010AEAAABAB,8,0.04480000000000128
136,F81618,Paracet_Tab 500mg,0407010H0AAAMAM,1,0.04479999999999995
135,F81618,Paracet_Tab 500mg,0407010H0AAAMAM,1,0.04479999999999995
262,F81066,Memantine HCl_Tab 10mg,0411000G0AAAAAA,10,0.0420000000000012
246,F81007,Atorvastatin_Tab 80mg,0212000B0AAADAD,20,0.0420000000000012
223,F81205,Atorvastatin_Tab 10mg,0212000B0AAAAAA,18,0.03780000000000021
33,F81205,Pregabalin_Cap 50mg,0408010AEAAABAB,9,0.037799999999999334
36,F81690,Pregabalin_Cap 50mg,0408010AEAAABAB,6,0.03360000000000096
35,F81066,Pregabalin_Cap 50mg,0408010AEAAABAB,6,0.03360000000000096
34,F81001,Pregabalin_Cap 50mg,0408010AEAAABAB,6,0.03360000000000096
37,F81739,Pregabalin_Cap 50mg,0408010AEAAABAB,8,0.03359999999999941
6,F81123,Pregabalin_Cap 150mg,0408010AEAAAEAE,7,0.029400000000000842
263,F81123,Memantine HCl_Tab 10mg,0411000G0AAAAAA,7,0.029400000000000842
255,F81123,Exemestane_Tab 25mg,0803041C0AAAAAA,6,0.029399999999999094
224,F81675,Atorvastatin_Tab 10mg,0212000B0AAAAAA,13,0.02730000000000015
247,F81061,Atorvastatin_Tab 80mg,0212000B0AAADAD,12,0.025200000000000722
226,F81007,Atorvastatin_Tab 10mg,0212000B0AAAAAA,12,0.02520000000000014
225,F81096,Atorvastatin_Tab 10mg,0212000B0AAAAAA,12,0.02520000000000014
137,F81123,Paracet_Tab 500mg,0407010H0AAAMAM,6,0.025199999999999848
138,F81123,Paracet_Tab 500mg,0407010H0AAAMAM,6,0.025199999999999848
71,F81123,Pregabalin_Cap 300mg,0408010AEAAAGAG,4,0.025199999999999556
139,F81739,Paracet_Tab 500mg,0407010H0AAAMAM,4,0.023999999999999855
140,F81618,Paracet_Tab 500mg,0407010H0AAAMAM,4,0.023999999999999855
142,F81739,Paracet_Tab 500mg,0407010H0AAAMAM,4,0.023999999999999855
141,F81618,Paracet_Tab 500mg,0407010H0AAAMAM,4,0.023999999999999855
38,F81125,Pregabalin_Cap 50mg,0408010AEAAABAB,4,0.02240000000000064
39,F81205,Pregabalin_Cap 50mg,0408010AEAAABAB,4,0.02240000000000064
40,F81700,Pregabalin_Cap 50mg,0408010AEAAABAB,4,0.02240000000000064
8,F81123,Pregabalin_Cap 150mg,0408010AEAAAEAE,4,0.02240000000000064
7,F81001,Pregabalin_Cap 150mg,0408010AEAAAEAE,4,0.02240000000000064
264,F81123,Memantine HCl_Tab 10mg,0411000G0AAAAAA,5,0.021000000000000116
41,F81096,Pregabalin_Cap 50mg,0408010AEAAABAB,5,0.02099999999999963
72,F81675,Pregabalin_Cap 300mg,0408010AEAAAGAG,4,0.019599999999999784
73,F81123,Pregabalin_Cap 300mg,0408010AEAAAGAG,4,0.019599999999999784
74,F81007,Pregabalin_Cap 300mg,0408010AEAAAGAG,4,0.019599999999999784
42,F81061,Pregabalin_Cap 50mg,0408010AEAAABAB,3,0.01680000000000048
10,F81205,Pregabalin_Cap 150mg,0408010AEAAAEAE,4,0.01680000000000048
248,F81065,Atorvastatin_Tab 80mg,0212000B0AAADAD,8,0.01680000000000048
9,F81675,Pregabalin_Cap 150mg,0408010AEAAAEAE,4,0.01680000000000048
227,F81061,Atorvastatin_Tab 10mg,0212000B0AAAAAA,8,0.016800000000000093
265,F81096,Memantine HCl_Tab 10mg,0411000G0AAAAAA,4,0.016800000000000093
144,F81700,Paracet_Tab 500mg,0407010H0AAAMAM,1,0.0167999999999999
143,F81700,Paracet_Tab 500mg,0407010H0AAAMAM,1,0.0167999999999999
43,F81740,Pregabalin_Cap 50mg,0408010AEAAABAB,4,0.016799999999999704
44,F81007,Pregabalin_Cap 50mg,0408010AEAAABAB,4,0.016799999999999704
45,F81001,Pregabalin_Cap 50mg,0408010AEAAABAB,4,0.016799999999999704
266,F81007,Memantine HCl_Tab 10mg,0411000G0AAAAAA,3,0.012600000000000361
46,F81123,Pregabalin_Cap 50mg,0408010AEAAABAB,3,0.012599999999999778
96,F81123,Phenytoin_Sod Tab 100mg,0408010Q0AAAGAG,2,0.012599999999998612
82,F81007,Atorvastatin_Tab 20mg,0212000B0AAABAB,2,0.012000000000000344
149,F81690,Paracet_Tab 500mg,0407010H0AAAMAM,2,0.011999999999999927
150,F81675,Paracet_Tab 500mg,0407010H0AAAMAM,1,0.011999999999999927
147,F81066,Paracet_Tab 500mg,0407010H0AAAMAM,2,0.011999999999999927
148,F81675,Paracet_Tab 500mg,0407010H0AAAMAM,1,0.011999999999999927
146,F81690,Paracet_Tab 500mg,0407010H0AAAMAM,2,0.011999999999999927
145,F81066,Paracet_Tab 500mg,0407010H0AAAMAM,2,0.011999999999999927
47,F81125,Pregabalin_Cap 50mg,0408010AEAAABAB,1,0.011600000000000332
15,F81700,Pregabalin_Cap 150mg,0408010AEAAAEAE,2,0.01120000000000032
48,F81065,Pregabalin_Cap 50mg,0408010AEAAABAB,2,0.01120000000000032
16,F81065,Pregabalin_Cap 150mg,0408010AEAAAEAE,4,0.01120000000000032
14,F81007,Pregabalin_Cap 150mg,0408010AEAAAEAE,4,0.01120000000000032
13,F81089,Pregabalin_Cap 150mg,0408010AEAAAEAE,4,0.01120000000000032
12,F81739,Pregabalin_Cap 150mg,0408010AEAAAEAE,4,0.01120000000000032
11,F81675,Pregabalin_Cap 150mg,0408010AEAAAEAE,4,0.01120000000000032
251,F81740,Atorvastatin_Tab 80mg,0212000B0AAADAD,4,0.00840000000000024
250,F81739,Atorvastatin_Tab 80mg,0212000B0AAADAD,4,0.00840000000000024
249,F81675,Atorvastatin_Tab 80mg,0212000B0AAADAD,4,0.00840000000000024
267,F81096,Memantine HCl_Tab 10mg,0411000G0AAAAAA,2,0.00840000000000024
268,F81001,Memantine HCl_Tab 10mg,0411000G0AAAAAA,2,0.008400000000000046
269,F81066,Memantine HCl_Tab 10mg,0411000G0AAAAAA,2,0.008400000000000046
229,F81740,Atorvastatin_Tab 10mg,0212000B0AAAAAA,4,0.008400000000000046
228,F81065,Atorvastatin_Tab 10mg,0212000B0AAAAAA,4,0.008400000000000046
270,F81007,Memantine HCl_Tab 10mg,0411000G0AAAAAA,2,0.008400000000000046
83,F81001,Atorvastatin_Tab 20mg,0212000B0AAABAB,1,0.007400000000000212
86,F81125,Atorvastatin_Tab 20mg,0212000B0AAABAB,1,0.006000000000000172
84,F81700,Atorvastatin_Tab 20mg,0212000B0AAABAB,1,0.006000000000000172
85,F81065,Atorvastatin_Tab 20mg,0212000B0AAABAB,1,0.006000000000000172
158,F81123,Paracet_Tab 500mg,0407010H0AAAMAM,1,0.005999999999999964
151,F81061,Paracet_Tab 500mg,0407010H0AAAMAM,1,0.005999999999999964
159,F81001,Paracet_Tab 500mg,0407010H0AAAMAM,1,0.005999999999999964
157,F81123,Paracet_Tab 500mg,0407010H0AAAMAM,1,0.005999999999999964
156,F81061,Paracet_Tab 500mg,0407010H0AAAMAM,1,0.005999999999999964
155,F81205,Paracet_Tab 500mg,0407010H0AAAMAM,1,0.005999999999999964
154,F81089,Paracet_Tab 500mg,0407010H0AAAMAM,1,0.005999999999999964
153,F81205,Paracet_Tab 500mg,0407010H0AAAMAM,1,0.005999999999999964
152,F81089,Paracet_Tab 500mg,0407010H0AAAMAM,1,0.005999999999999964
160,F81001,Paracet_Tab 500mg,0407010H0AAAMAM,1,0.005999999999999964
19,F81675,Pregabalin_Cap 150mg,0408010AEAAAEAE,4,0.00560000000000016
21,F81061,Pregabalin_Cap 150mg,0408010AEAAAEAE,1,0.00560000000000016
54,F81704,Pregabalin_Cap 50mg,0408010AEAAABAB,1,0.00560000000000016
53,Y00984,Pregabalin_Cap 50mg,0408010AEAAABAB,1,0.00560000000000016
49,F81618,Pregabalin_Cap 50mg,0408010AEAAABAB,1,0.00560000000000016
50,F81740,Pregabalin_Cap 50mg,0408010AEAAABAB,1,0.00560000000000016
51,F81089,Pregabalin_Cap 50mg,0408010AEAAABAB,1,0.00560000000000016
52,F81101,Pregabalin_Cap 50mg,0408010AEAAABAB,1,0.00560000000000016
20,F81007,Pregabalin_Cap 150mg,0408010AEAAAEAE,1,0.00560000000000016
18,F81739,Pregabalin_Cap 150mg,0408010AEAAAEAE,1,0.00560000000000016
17,F81065,Pregabalin_Cap 150mg,0408010AEAAAEAE,1,0.00560000000000016
55,F81007,Pregabalin_Cap 50mg,0408010AEAAABAB,1,0.005000000000000143
271,F81690,Memantine HCl_Tab 10mg,0411000G0AAAAAA,1,0.00420000000000012
272,F81001,Memantine HCl_Tab 10mg,0411000G0AAAAAA,1,0.00420000000000012
273,F81740,Memantine HCl_Tab 10mg,0411000G0AAAAAA,1,0.00420000000000012
274,F81739,Memantine HCl_Tab 10mg,0411000G0AAAAAA,1,0.00420000000000012
275,F81089,Memantine HCl_Tab 10mg,0411000G0AAAAAA,1,0.00420000000000012
276,F81142,Memantine HCl_Tab 10mg,0411000G0AAAAAA,1,0.004200000000000023
277,F81051,Memantine HCl_Tab 10mg,0411000G0AAAAAA,1,0.004200000000000023
161,F81690,Paracet_Tab 500mg,0407010H0AAAMAM,1,0.004199999999999975
162,F81690,Paracet_Tab 500mg,0407010H0AAAMAM,1,0.004199999999999975
230,F81142,Atorvastatin_Tab 10mg,0212000B0AAAAAA,1,0.004199999999999975
56,F81070,Pregabalin_Cap 50mg,0408010AEAAABAB,1,0.004199999999999926
87,F81739,Atorvastatin_Tab 20mg,0212000B0AAABAB,1,0.0041000000000001174
168,F81089,Paracet_Tab 500mg,0407010H0AAAMAM,1,0.002999999999999982
170,F81089,Paracet_Tab 500mg,0407010H0AAAMAM,1,0.002999999999999982
167,F81075,Paracet_Tab 500mg,0407010H0AAAMAM,1,0.002999999999999982
166,F81125,Paracet_Tab 500mg,0407010H0AAAMAM,1,0.002999999999999982
165,F81618,Paracet_Tab 500mg,0407010H0AAAMAM,1,0.002999999999999982
164,F81618,Paracet_Tab 500mg,0407010H0AAAMAM,1,0.002999999999999982
163,F81075,Paracet_Tab 500mg,0407010H0AAAMAM,1,0.002999999999999982
169,F81125,Paracet_Tab 500mg,0407010H0AAAMAM,1,0.002999999999999982
174,F81066,Paracet_Tab 500mg,0407010H0AAAMAM,1,0.002799999999999983
173,F81066,Paracet_Tab 500mg,0407010H0AAAMAM,1,0.002799999999999983
171,F81700,Paracet_Tab 500mg,0407010H0AAAMAM,1,0.002799999999999983
172,F81700,Paracet_Tab 500mg,0407010H0AAAMAM,1,0.002799999999999983
176,F81065,Paracet_Tab 500mg,0407010H0AAAMAM,1,0.002400000000000027
175,F81065,Paracet_Tab 500mg,0407010H0AAAMAM,1,0.002400000000000027
278,F81125,Memantine HCl_Tab 10mg,0411000G0AAAAAA,1,0.00210000000000006
231,F81001,Atorvastatin_Tab 10mg,0212000B0AAAAAA,1,-0.001499999999999991
279,F81740,Memantine HCl_Tab 10mg,0411000G0AAAAAA,1,-0.0015999999999999903
88,F81096,Atorvastatin_Tab 20mg,0212000B0AAABAB,1,-0.0026999999999999837
60,F81075,Pregabalin_Cap 50mg,0408010AEAAABAB,1,-0.00280000000000008
58,F81007,Pregabalin_Cap 50mg,0408010AEAAABAB,1,-0.00280000000000008
61,F81001,Pregabalin_Cap 50mg,0408010AEAAABAB,1,-0.00280000000000008
59,F81096,Pregabalin_Cap 50mg,0408010AEAAABAB,1,-0.00280000000000008
57,F81123,Pregabalin_Cap 50mg,0408010AEAAABAB,1,-0.00280000000000008
89,F81700,Atorvastatin_Tab 20mg,0212000B0AAABAB,1,-0.0029999999999998778
91,F81089,Atorvastatin_Tab 20mg,0212000B0AAABAB,1,-0.0029999999999998778
90,F81007,Atorvastatin_Tab 20mg,0212000B0AAABAB,1,-0.0029999999999998778
281,F81096,Memantine HCl_Tab 10mg,0411000G0AAAAAA,1,-0.0035000000000001003
280,F81065,Memantine HCl_Tab 10mg,0411000G0AAAAAA,1,-0.0035000000000001003
177,F81065,Paracet_Tab 500mg,0407010H0AAAMAM,1,-0.003999999999999976
180,F81065,Paracet_Tab 500mg,0407010H0AAAMAM,1,-0.003999999999999976
179,F81096,Paracet_Tab 500mg,0407010H0AAAMAM,1,-0.003999999999999976
178,F81096,Paracet_Tab 500mg,0407010H0AAAMAM,1,-0.003999999999999976
22,F81007,Pregabalin_Cap 150mg,0408010AEAAAEAE,1,-0.0041999999999995374
182,F81061,Paracet_Tab 500mg,0407010H0AAAMAM,1,-0.005599999999999966
181,F81061,Paracet_Tab 500mg,0407010H0AAAMAM,1,-0.005599999999999966
62,F81066,Pregabalin_Cap 50mg,0408010AEAAABAB,2,-0.00560000000000016
63,F81125,Pregabalin_Cap 50mg,0408010AEAAABAB,2,-0.00560000000000016
234,F81125,Atorvastatin_Tab 10mg,0212000B0AAAAAA,1,-0.005999999999999964
233,F81001,Atorvastatin_Tab 10mg,0212000B0AAAAAA,1,-0.005999999999999964
232,F81675,Atorvastatin_Tab 10mg,0212000B0AAAAAA,1,-0.005999999999999964
252,F81690,Atorvastatin_Tab 80mg,0212000B0AAADAD,1,-0.006000000000000172
282,F81007,Memantine HCl_Tab 10mg,0411000G0AAAAAA,3,-0.00839999999999995
283,F81061,Memantine HCl_Tab 10mg,0411000G0AAAAAA,4,-0.011199999999999932
64,F81690,Pregabalin_Cap 50mg,0408010AEAAABAB,4,-0.01120000000000032
235,F81700,Atorvastatin_Tab 10mg,0212000B0AAAAAA,4,-0.011999999999999927
253,F81007,Atorvastatin_Tab 80mg,0212000B0AAADAD,2,-0.012000000000000344
284,F81205,Memantine HCl_Tab 10mg,0411000G0AAAAAA,5,-0.013999999999999915
183,F81070,Paracet_Tab 500mg,0407010H0AAAMAM,3,-0.0167999999999999
184,F81070,Paracet_Tab 500mg,0407010H0AAAMAM,3,-0.0167999999999999
236,F81007,Atorvastatin_Tab 10mg,0212000B0AAAAAA,2,-0.01799999999999989
186,F81205,Paracet_Tab 500mg,0407010H0AAAMAM,4,-0.022399999999999864
185,F81205,Paracet_Tab 500mg,0407010H0AAAMAM,4,-0.022399999999999864
188,F81096,Paracet_Tab 500mg,0407010H0AAAMAM,5,-0.02799999999999983
187,F81096,Paracet_Tab 500mg,0407010H0AAAMAM,5,-0.02799999999999983
285,F81061,Memantine HCl_Tab 10mg,0411000G0AAAAAA,8,-0.03519999999999979
189,F81066,Paracet_Tab 500mg,0407010H0AAAMAM,7,-0.03919999999999976
190,F81066,Paracet_Tab 500mg,0407010H0AAAMAM,7,-0.03919999999999976
192,F81123,Paracet_Tab 500mg,0407010H0AAAMAM,35,-0.19599999999999881
191,F81123,Paracet_Tab 500mg,0407010H0AAAMAM,35,-0.19599999999999881
193,F81096,Paracet_Tab 500mg,0407010H0AAAMAM,86,-0.8599999999999948
194,F81096,Paracet_Tab 500mg,0407010H0AAAMAM,86,-0.8599999999999948
195,F81739,Paracet_Tab 500mg,0407010H0AAAMAM,87,-0.8699999999999948
196,F81739,Paracet_Tab 500mg,0407010H0AAAMAM,87,-0.8699999999999948
197,F81205,Paracet_Tab 500mg,0407010H0AAAMAM,28,-1.1199999999999932
198,F81205,Paracet_Tab 500mg,0407010H0AAAMAM,28,-1.1199999999999932
200,F81075,Paracet_Tab 500mg,0407010H0AAAMAM,121,-1.2099999999999926
199,F81075,Paracet_Tab 500mg,0407010H0AAAMAM,121,-1.2099999999999926
201,F81075,Paracet_Tab 500mg,0407010H0AAAMAM,63,-1.2599999999999925
202,F81075,Paracet_Tab 500mg,0407010H0AAAMAM,63,-1.2599999999999925
204,F81700,Paracet_Tab 500mg,0407010H0AAAMAM,5,-1.2999999999999992
203,F81700,Paracet_Tab 500mg,0407010H0AAAMAM,5,-1.2999999999999992
256,F81007,Exemestane_Tab 25mg,0803041C0AAAAAA,2,-1.3104000000000018
205,F81123,Paracet_Tab 500mg,0407010H0AAAMAM,34,-1.5231999999999908
206,F81123,Paracet_Tab 500mg,0407010H0AAAMAM,34,-1.5231999999999908
207,F81123,Paracet_Tab 500mg,0407010H0AAAMAM,94,-1.8799999999999886
208,F81123,Paracet_Tab 500mg,0407010H0AAAMAM,94,-1.8799999999999886
209,F81089,Paracet_Tab 500mg,0407010H0AAAMAM,121,-2.4199999999999853
210,F81089,Paracet_Tab 500mg,0407010H0AAAMAM,121,-2.4199999999999853
257,F81123,Exemestane_Tab 25mg,0803041C0AAAAAA,3,-2.8080000000000007
