,practice_code,bnf_description,bnf_code,items,excess_cost
0,M92001,Amiodarone HCl_Tab 200mg,0203020D0AAABAB,1,0.3500000000000003
1,M92001,Clonazepam_Tab 500mcg,0408010F0AAABAB,1,1.1299999999999977
2,M92002,Amiodarone HCl_Tab 200mg,0203020D0AAABAB,9,2.2582000000000013
3,M92002,Clonazepam_Tab 500mcg,0408010F0AAABAB,18,5.06239999999999
4,M92002,Co-Codamol_Tab 8mg/500mg,0407010F0AAAAAA,8,0.03999999999999976
5,M92002,Mesalazine_Tab E/C 800mg,0105010B0AAASAS,1,36.89999999999999
6,M92002,Pyridox HCl_Tab 50mg,0906024N0AAAIAI,2,0.9576000000000002
7,M92003,Amiodarone HCl_Tab 200mg,0203020D0AAABAB,2,0.7000000000000006
8,M92003,Atorvastatin_Tab 60mg,0212000B0AAAPAP,3,3.3264000000000067
9,M92003,Clonazepam_Tab 500mcg,0408010F0AAABAB,1,0.31639999999999935
10,M92003,Co-Codamol_Tab 8mg/500mg,0407010F0AAAAAA,6,0.02999999999999982
11,M92004,Amiodarone HCl_Tab 200mg,0203020D0AAABAB,1,0.7000000000000006
12,M92004,Clonazepam_Tab 500mcg,0408010F0AAABAB,7,4.97199999999999
13,M92004,Sod Bicarb_Cap 500mg,0902013S0AAACAC,5,-0.014400000000000801
14,M92006,Atorvastatin_Tab 60mg,0212000B0AAAPAP,3,6.652800000000013
15,M92006,Clonazepam_Tab 500mcg,0408010F0AAABAB,9,3.796799999999992
16,M92007,Amiodarone HCl_Tab 200mg,0203020D0AAABAB,4,0.3388
17,M92007,Atorvastatin_Tab 20mg,0212000B0AAABAB,1,0.006000000000000172
18,M92007,Atorvastatin_Tab 60mg,0212000B0AAAPAP,4,1.1088000000000022
19,M92007,Clonazepam_Tab 500mcg,0408010F0AAABAB,17,9.35639999999998
20,M92007,Risperidone_Tab 6mg,040201030AAAFAF,4,58.4192
21,M92008,Amiodarone HCl_Tab 200mg,0203020D0AAABAB,7,2.438800000000002
22,M92008,Clonazepam_Tab 500mcg,0408010F0AAABAB,15,14.87079999999997
23,M92008,Co-Codamol_Tab 8mg/500mg,0407010F0AAAAAA,2,0.011199999999999932
24,M92008,Pyridox HCl_Tab 50mg,0906024N0AAAIAI,1,2.8728000000000007
25,M92009,Amiodarone HCl_Tab 200mg,0203020D0AAABAB,15,5.9500000000000055
26,M92009,Clonazepam_Tab 500mcg,0408010F0AAABAB,14,9.10779999999998
27,M92009,Co-Codamol_Tab 8mg/500mg,0407010F0AAAAAA,20,0.10599999999999937
28,M92009,Pyridox HCl_Tab 50mg,0906024N0AAAIAI,2,1.9152000000000005
29,M92009,Sod Bicarb_Cap 500mg,0902013S0AAACAC,1,-0.00210000000000006
30,M92010,Amiodarone HCl_Tab 200mg,0203020D0AAABAB,6,1.7388000000000012
31,M92010,Clonazepam_Tab 500mcg,0408010F0AAABAB,13,5.107599999999989
32,M92010,Co-Codamol_Tab 8mg/500mg,0407010F0AAAAAA,2,0.011199999999999932
33,M92010,Pyridox HCl_Tab 50mg,0906024N0AAAIAI,2,2.3940000000000006
34,M92011,Amiodarone HCl_Tab 200mg,0203020D0AAABAB,2,1.4000000000000012
35,M92011,Atorvastatin_Tab 20mg,0212000B0AAABAB,2,0.013400000000000384
36,M92011,Clonazepam_Tab 500mcg,0408010F0AAABAB,19,6.226399999999988
37,M92011,Co-Codamol_Tab 8mg/500mg,0407010F0AAAAAA,6,0.05599999999999966
38,M92011,Pyridox HCl_Tab 50mg,0906024N0AAAIAI,6,2.0349000000000004
39,M92012,Clonazepam_Tab 500mcg,0408010F0AAABAB,10,7.683999999999984
40,M92012,Co-Codamol_Tab 8mg/500mg,0407010F0AAAAAA,18,78.2436
41,M92012,Pyridox HCl_Tab 50mg,0906024N0AAAIAI,1,1.4364000000000003
42,M92013,Amiodarone HCl_Tab 200mg,0203020D0AAABAB,2,0.7000000000000006
43,M92013,Clonazepam_Tab 500mcg,0408010F0AAABAB,16,4.1922999999999915
44,M92013,Co-Codamol_Tab 8mg/500mg,0407010F0AAAAAA,4,0.02119999999999987
45,M92014,Amiodarone HCl_Tab 200mg,0203020D0AAABAB,7,2.438800000000002
46,M92014,Clonazepam_Tab 500mcg,0408010F0AAABAB,3,1.8079999999999963
47,M92015,Clonazepam_Tab 500mcg,0408010F0AAABAB,1,1.2655999999999974
48,M92015,Sod Bicarb_Cap 500mg,0902013S0AAACAC,4,0.005599999999999772
49,M92016,Amiodarone HCl_Tab 200mg,0203020D0AAABAB,2,1.4000000000000012
50,M92016,Clonazepam_Tab 500mcg,0408010F0AAABAB,19,8.86419999999998
51,M92016,Co-Codamol_Tab 8mg/500mg,0407010F0AAAAAA,2,0.00999999999999994
52,M92016,Phenytoin_Sod Tab 100mg,0408010Q0AAAGAG,1,142.15999999999997
53,M92016,Pyridox HCl_Tab 50mg,0906024N0AAAIAI,1,0.9576000000000002
54,M92016,Sod Bicarb_Cap 500mg,0902013S0AAACAC,4,0.011199999999999544
55,M92019,Amiodarone HCl_Tab 200mg,0203020D0AAABAB,5,1.7500000000000016
56,M92019,Atorvastatin_Tab 60mg,0212000B0AAAPAP,3,3.3264000000000067
57,M92019,Clonazepam_Tab 500mcg,0408010F0AAABAB,5,3.3899999999999926
58,M92019,Co-Codamol_Tab 8mg/500mg,0407010F0AAAAAA,6,0.03919999999999976
59,M92019,Phenytoin_Sod Tab 100mg,0408010Q0AAAGAG,4,0.025199999999997225
60,M92019,Pyridox HCl_Tab 50mg,0906024N0AAAIAI,1,0.4788000000000001
61,M92022,Amiodarone HCl_Tab 200mg,0203020D0AAABAB,14,1.4511000000000003
62,M92022,Clonazepam_Tab 500mcg,0408010F0AAABAB,2,0.6553999999999987
63,M92024,Amiodarone HCl_Tab 200mg,0203020D0AAABAB,7,1.8235000000000012
64,M92024,Atorvastatin_Tab 20mg,0212000B0AAABAB,1,0.00360000000000002
65,M92024,Atorvastatin_Tab 60mg,0212000B0AAAPAP,9,7.2072000000000145
66,M92024,Clonazepam_Tab 500mcg,0408010F0AAABAB,12,10.441199999999977
67,M92024,Co-Codamol_Tab 8mg/500mg,0407010F0AAAAAA,6,0.02999999999999982
68,M92024,Pyridox HCl_Tab 50mg,0906024N0AAAIAI,1,0.4788000000000001
69,M92024,Sod Bicarb_Cap 500mg,0902013S0AAACAC,9,0.01819999999999926
70,M92026,Amiodarone HCl_Tab 200mg,0203020D0AAABAB,6,3.150000000000003
71,M92026,Atorvastatin_Tab 20mg,0212000B0AAABAB,88,0.4928000000000141
72,M92026,Clonazepam_Tab 500mcg,0408010F0AAABAB,6,0.949199999999998
73,M92026,Co-Codamol_Tab 8mg/500mg,0407010F0AAAAAA,8,0.04479999999999973
74,M92026,Sod Bicarb_Cap 500mg,0902013S0AAACAC,1,26.8968
75,M92028,Amiodarone HCl_Tab 200mg,0203020D0AAABAB,1,0.7000000000000006
76,M92028,Atorvastatin_Tab 60mg,0212000B0AAAPAP,9,2.494800000000005
77,M92028,Clonazepam_Tab 500mcg,0408010F0AAABAB,20,4.373099999999991
78,M92028,Co-Codamol_Tab 8mg/500mg,0407010F0AAAAAA,10,0.0499999999999997
79,M92029,Amiodarone HCl_Tab 200mg,0203020D0AAABAB,1,0.7000000000000006
80,M92029,Clonazepam_Tab 500mcg,0408010F0AAABAB,8,2.2147999999999954
81,M92029,Co-Codamol_Tab 8mg/500mg,0407010F0AAAAAA,8,0.04479999999999973
82,M92029,Phenytoin_Sod Tab 100mg,0408010Q0AAAGAG,4,0.025199999999997225
83,M92030,Clonazepam_Tab 500mcg,0408010F0AAABAB,4,1.898399999999996
84,M92030,Co-Codamol_Tab 8mg/500mg,0407010F0AAAAAA,24,-0.06399999999999961
85,M92030,Pyridox HCl_Tab 50mg,0906024N0AAAIAI,2,1.9152000000000005
86,M92039,Amiodarone HCl_Tab 200mg,0203020D0AAABAB,1,0.7000000000000006
87,M92039,Clonazepam_Tab 500mcg,0408010F0AAABAB,9,1.6610999999999967
88,M92039,Co-Codamol_Tab 8mg/500mg,0407010F0AAAAAA,6,0.03919999999999976
89,M92039,Mesalazine_Tab E/C 800mg,0105010B0AAASAS,1,36.89999999999999
90,M92040,Amiodarone HCl_Tab 200mg,0203020D0AAABAB,3,1.050000000000001
91,M92040,Clonazepam_Tab 500mcg,0408010F0AAABAB,4,1.5819999999999967
92,M92040,Co-Codamol_Tab 8mg/500mg,0407010F0AAAAAA,24,-0.02799999999999983
93,M92040,Pyridox HCl_Tab 50mg,0906024N0AAAIAI,4,1.4364000000000003
94,M92040,Sod Bicarb_Cap 500mg,0902013S0AAACAC,1,0.002799999999999886
95,M92041,Amiodarone HCl_Tab 200mg,0203020D0AAABAB,1,0.7000000000000006
96,M92041,Clonazepam_Tab 500mcg,0408010F0AAABAB,4,3.2091999999999934
97,M92041,Co-Codamol_Tab 8mg/500mg,0407010F0AAAAAA,2,0.00999999999999994
98,M92041,Pyridox HCl_Tab 50mg,0906024N0AAAIAI,1,1.4364000000000003
99,M92042,Atorvastatin_Tab 20mg,0212000B0AAABAB,8,-0.03359999999999996
100,M92042,Co-Codamol_Tab 8mg/500mg,0407010F0AAAAAA,2,0.00999999999999994
101,M92042,Pyridox HCl_Tab 50mg,0906024N0AAAIAI,1,0.4788000000000001
102,M92043,Amiodarone HCl_Tab 200mg,0203020D0AAABAB,12,1.2817000000000003
103,M92043,Clonazepam_Tab 500mcg,0408010F0AAABAB,13,5.401399999999989
104,M92043,Phenytoin_Sod Tab 100mg,0408010Q0AAAGAG,4,19.899599999999996
105,M92043,Pyridox HCl_Tab 50mg,0906024N0AAAIAI,1,0.4788000000000001
106,M92044,Amiodarone HCl_Tab 200mg,0203020D0AAABAB,2,1.050000000000001
107,M92044,Clonazepam_Tab 500mcg,0408010F0AAABAB,6,3.7691999999999926
108,M92044,Pyridox HCl_Tab 50mg,0906024N0AAAIAI,2,4.788000000000001
109,M92607,Amiodarone HCl_Tab 200mg,0203020D0AAABAB,7,0.5929
110,M92607,Atorvastatin_Tab 20mg,0212000B0AAABAB,31,-0.08679999999999646
111,M92607,Atorvastatin_Tab 60mg,0212000B0AAAPAP,6,5.544000000000011
112,M92607,Clonazepam_Tab 500mcg,0408010F0AAABAB,3,2.2147999999999954
113,M92607,Co-Codamol_Tab 8mg/500mg,0407010F0AAAAAA,206,-1.198399999999993
114,M92607,Pyridox HCl_Tab 50mg,0906024N0AAAIAI,4,0.4788000000000001
115,M92607,Sod Bicarb_Cap 500mg,0902013S0AAACAC,8,-0.0028000000000004688
116,M92609,Amiodarone HCl_Tab 200mg,0203020D0AAABAB,5,1.0388000000000006
117,M92609,Clonazepam_Tab 500mcg,0408010F0AAABAB,3,1.2655999999999974
118,M92612,Amiodarone HCl_Tab 200mg,0203020D0AAABAB,6,1.0388000000000006
119,M92612,Clonazepam_Tab 500mcg,0408010F0AAABAB,6,4.429599999999991
120,M92612,Co-Codamol_Tab 8mg/500mg,0407010F0AAAAAA,32,0.15639999999999904
121,M92612,Mesalazine_Tab E/C 800mg,0105010B0AAASAS,1,17.219999999999995
122,M92627,Clonazepam_Tab 500mcg,0408010F0AAABAB,6,2.892799999999994
123,M92627,Pyridox HCl_Tab 50mg,0906024N0AAAIAI,1,0.4788000000000001
124,M92627,Risperidone_Tab 6mg,040201030AAAFAF,1,29.2096
125,M92629,Clonazepam_Tab 500mcg,0408010F0AAABAB,2,0.949199999999998
126,M92629,Co-Codamol_Tab 8mg/500mg,0407010F0AAAAAA,2,0.022399999999999864
127,M92630,Amiodarone HCl_Tab 200mg,0203020D0AAABAB,4,1.7500000000000016
128,M92630,Atorvastatin_Tab 60mg,0212000B0AAAPAP,1,1.1088000000000022
129,M92630,Clonazepam_Tab 500mcg,0408010F0AAABAB,5,0.6327999999999987
130,M92630,Co-Codamol_Tab 8mg/500mg,0407010F0AAAAAA,4,0.0335999999999998
131,M92630,Sod Bicarb_Cap 500mg,0902013S0AAACAC,1,-0.020000000000000573
132,M92640,Atorvastatin_Tab 60mg,0212000B0AAAPAP,2,6.652800000000013
133,M92640,Clonazepam_Tab 500mcg,0408010F0AAABAB,2,3.0283999999999938
134,M92647,Amiodarone HCl_Tab 200mg,0203020D0AAABAB,1,0.3500000000000003
135,M92647,Atorvastatin_Tab 60mg,0212000B0AAAPAP,6,1.6632000000000033
136,M92647,Clonazepam_Tab 500mcg,0408010F0AAABAB,4,2.4683999999999946
137,M92649,Amiodarone HCl_Tab 200mg,0203020D0AAABAB,1,0.3500000000000003
138,M92649,Atorvastatin_Tab 60mg,0212000B0AAAPAP,3,3.3264000000000067
139,M92649,Clonazepam_Tab 500mcg,0408010F0AAABAB,5,3.480399999999993
140,M92649,Co-Codamol_Tab 8mg/500mg,0407010F0AAAAAA,6,0.02999999999999982
141,M92654,Amiodarone HCl_Tab 200mg,0203020D0AAABAB,6,1.304100000000001
142,M92654,Atorvastatin_Tab 60mg,0212000B0AAAPAP,1,2.2176000000000045
143,M92654,Clonazepam_Tab 500mcg,0408010F0AAABAB,20,7.631999999999985
144,M92654,Co-Codamol_Tab 8mg/500mg,0407010F0AAAAAA,2,0.00999999999999994
145,M92654,Pyridox HCl_Tab 50mg,0906024N0AAAIAI,1,0.4788000000000001
146,Y02636,Amiodarone HCl_Tab 200mg,0203020D0AAABAB,1,0.7000000000000006
147,Y02636,Clonazepam_Tab 500mcg,0408010F0AAABAB,2,0.6327999999999987
148,Y02636,Co-Codamol_Tab 8mg/500mg,0407010F0AAAAAA,2,0.00999999999999994
149,Y02735,Amiodarone HCl_Tab 200mg,0203020D0AAABAB,2,0.7000000000000006
150,Y02735,Atorvastatin_Tab 60mg,0212000B0AAAPAP,1,1.1088000000000022
151,Y02735,Clonazepam_Tab 500mcg,0408010F0AAABAB,9,8.068199999999983
152,Y02735,Co-Codamol_Tab 8mg/500mg,0407010F0AAAAAA,12,0.0671999999999996
153,Y02735,Pyridox HCl_Tab 50mg,0906024N0AAAIAI,1,0.4788000000000001
154,Y02735,Risperidone_Tab 6mg,040201030AAAFAF,1,28.531999999999996
155,Y02736,Clonazepam_Tab 500mcg,0408010F0AAABAB,5,2.531199999999995
156,Y02736,Pyridox HCl_Tab 50mg,0906024N0AAAIAI,1,0.4788000000000001
157,Y02757,Amiodarone HCl_Tab 200mg,0203020D0AAABAB,6,1.0388000000000006
158,Y02757,Atorvastatin_Tab 20mg,0212000B0AAABAB,56,22.579200000000004
159,Y02757,Atorvastatin_Tab 60mg,0212000B0AAAPAP,2,2.2176000000000045
160,Y02757,Clonazepam_Tab 500mcg,0408010F0AAABAB,15,5.717799999999988
161,Y02757,Co-Codamol_Tab 8mg/500mg,0407010F0AAAAAA,2,0.00999999999999994
162,Y03457,Clonazepam_Tab 500mcg,0408010F0AAABAB,2,0.6779999999999986
