,practice_code,bnf_description,bnf_code,items,excess_cost
300,D83008,Atorvastatin_Tab 20mg,0212000B0AAABAB,296,1712.3008
643,D83073,Olanzapine_Tab 10mg,040201060AAACAC,3,289.39680000000004
644,D83056,Olanzapine_Tab 10mg,040201060AAACAC,7,144.7068
647,D83059,Letrozole_Tab 2.5mg,0803041L0AAAAAA,5,142.60399999999998
648,D83026,Letrozole_Tab 2.5mg,0803041L0AAAAAA,24,142.59839999999997
333,D83061,Memantine HCl_Tab 20mg,0411000G0AAADAD,10,127.792
334,D83026,Memantine HCl_Tab 20mg,0411000G0AAADAD,8,127.792
335,D83037,Memantine HCl_Tab 20mg,0411000G0AAADAD,14,127.79199999999999
0,D83037,Paracet_Tab 500mg,0407010H0AAAMAM,230,126.50000000000003
1,D83037,Paracet_Tab 500mg,0407010H0AAAMAM,230,126.50000000000003
2,D83037,Paracet_Tab 500mg,0407010H0AAAMAM,55,99.00000000000001
3,D83037,Paracet_Tab 500mg,0407010H0AAAMAM,55,99.00000000000001
319,D83046,Montelukast_Tab 10mg,0303020G0AAABAB,28,97.5296
320,Y01794,Montelukast_Tab 10mg,0303020G0AAABAB,17,97.48479999999999
301,D83028,Atorvastatin_Tab 20mg,0212000B0AAABAB,217,90.53240000000002
302,D83008,Atorvastatin_Tab 20mg,0212000B0AAABAB,19,90.1208
4,D83058,Paracet_Tab 500mg,0407010H0AAAMAM,46,78.31039999999999
5,D83058,Paracet_Tab 500mg,0407010H0AAAMAM,46,78.31039999999999
321,D83046,Montelukast_Tab 10mg,0303020G0AAABAB,6,73.13040000000001
649,D83044,Letrozole_Tab 2.5mg,0803041L0AAAAAA,35,71.24599999999998
650,D83059,Letrozole_Tab 2.5mg,0803041L0AAAAAA,4,71.1788
303,D83074,Atorvastatin_Tab 20mg,0212000B0AAABAB,33,67.63680000000001
715,D83044,Atorvastatin_Tab 40mg,0212000B0AAACAC,271,66.77440000000001
7,D83058,Paracet_Tab 500mg,0407010H0AAAMAM,57,60.41999999999999
6,D83058,Paracet_Tab 500mg,0407010H0AAAMAM,57,60.41999999999999
9,D83046,Paracet_Tab 500mg,0407010H0AAAMAM,158,60.04000000000008
8,D83046,Paracet_Tab 500mg,0407010H0AAAMAM,158,60.04000000000008
663,Y01794,Atorvastatin_Tab 10mg,0212000B0AAAAAA,63,58.212
664,D83046,Atorvastatin_Tab 10mg,0212000B0AAAAAA,71,58.049600000000005
336,D83043,Memantine HCl_Tab 20mg,0411000G0AAADAD,6,57.0024
730,D83056,Prednisolone_Tab 5mg,0603020T0AAACAC,14,54.978
731,D83059,Prednisolone_Tab 5mg,0603020T0AAACAC,3,54.93600000000001
322,D83004,Montelukast_Tab 10mg,0303020G0AAABAB,13,48.776
323,D83074,Montelukast_Tab 10mg,0303020G0AAABAB,11,48.7256
324,D83057,Montelukast_Tab 10mg,0303020G0AAABAB,35,48.706
665,D83074,Atorvastatin_Tab 10mg,0212000B0AAAAAA,30,46.536
666,D83046,Atorvastatin_Tab 10mg,0212000B0AAAAAA,111,45.998400000000025
304,D83046,Atorvastatin_Tab 20mg,0212000B0AAABAB,177,45.59520000000007
11,D83051,Paracet_Tab 500mg,0407010H0AAAMAM,70,45.471999999999994
10,D83051,Paracet_Tab 500mg,0407010H0AAAMAM,70,45.471999999999994
305,D83048,Atorvastatin_Tab 20mg,0212000B0AAABAB,506,45.33760000000002
306,D83074,Atorvastatin_Tab 20mg,0212000B0AAABAB,117,45.208800000000025
307,D83056,Atorvastatin_Tab 20mg,0212000B0AAABAB,45,45.108
716,D83008,Atorvastatin_Tab 40mg,0212000B0AAACAC,145,44.66000000000001
717,D83059,Atorvastatin_Tab 40mg,0212000B0AAACAC,50,44.519999999999996
718,D83615,Atorvastatin_Tab 40mg,0212000B0AAACAC,14,44.492000000000004
719,D83615,Atorvastatin_Tab 40mg,0212000B0AAACAC,7,44.492000000000004
12,D83057,Paracet_Tab 500mg,0407010H0AAAMAM,45,40.50000000000001
13,D83057,Paracet_Tab 500mg,0407010H0AAAMAM,45,40.50000000000001
14,D83048,Paracet_Tab 500mg,0407010H0AAAMAM,297,39.91679999999999
15,D83048,Paracet_Tab 500mg,0407010H0AAAMAM,297,39.91679999999999
732,D83056,Prednisolone_Tab 5mg,0603020T0AAACAC,3,36.624
16,D83015,Paracet_Tab 500mg,0407010H0AAAMAM,150,33.60000000000003
17,D83015,Paracet_Tab 500mg,0407010H0AAAMAM,150,33.60000000000003
733,D83059,Prednisolone_Tab 5mg,0603020T0AAACAC,2,32.7
18,Y01794,Paracet_Tab 500mg,0407010H0AAAMAM,94,30.080000000000013
19,Y01794,Paracet_Tab 500mg,0407010H0AAAMAM,94,30.080000000000013
734,D83059,Prednisolone_Tab 5mg,0603020T0AAACAC,4,27.484800000000003
735,D83056,Prednisolone_Tab 5mg,0603020T0AAACAC,14,27.4792
736,D83046,Prednisolone_Tab 5mg,0603020T0AAACAC,7,27.4596
20,D83059,Paracet_Tab 500mg,0407010H0AAAMAM,59,24.780000000000015
21,D83059,Paracet_Tab 500mg,0407010H0AAAMAM,59,24.780000000000015
325,D83059,Montelukast_Tab 10mg,0303020G0AAABAB,22,24.393600000000003
326,D83037,Montelukast_Tab 10mg,0303020G0AAABAB,65,24.388000000000005
327,D83056,Montelukast_Tab 10mg,0303020G0AAABAB,14,24.3824
328,D83046,Montelukast_Tab 10mg,0303020G0AAABAB,20,24.360000000000003
667,D83056,Atorvastatin_Tab 10mg,0212000B0AAAAAA,26,23.2232
308,D83044,Atorvastatin_Tab 20mg,0212000B0AAABAB,691,23.217599999999994
668,D83058,Atorvastatin_Tab 10mg,0212000B0AAAAAA,41,23.189599999999995
309,D83039,Atorvastatin_Tab 20mg,0212000B0AAABAB,371,22.853600000000007
669,Y01794,Atorvastatin_Tab 10mg,0212000B0AAAAAA,102,22.848
720,D83059,Atorvastatin_Tab 40mg,0212000B0AAACAC,67,22.7934
310,Y01794,Atorvastatin_Tab 20mg,0212000B0AAABAB,83,22.77520000000001
311,D83050,Atorvastatin_Tab 20mg,0212000B0AAABAB,71,22.6632
22,D83037,Paracet_Tab 500mg,0407010H0AAAMAM,63,22.57920000000001
23,D83037,Paracet_Tab 500mg,0407010H0AAAMAM,63,22.57920000000001
25,D83046,Paracet_Tab 500mg,0407010H0AAAMAM,1,22.534399999999998
24,D83046,Paracet_Tab 500mg,0407010H0AAAMAM,1,22.534399999999998
721,D83061,Atorvastatin_Tab 40mg,0212000B0AAACAC,136,22.46720000000001
27,D83006,Paracet_Tab 500mg,0407010H0AAAMAM,17,22.467199999999995
26,D83006,Paracet_Tab 500mg,0407010H0AAAMAM,17,22.467199999999995
312,D83037,Atorvastatin_Tab 20mg,0212000B0AAABAB,471,22.419600000000003
313,D83061,Atorvastatin_Tab 20mg,0212000B0AAABAB,258,22.39440000000004
314,D83041,Atorvastatin_Tab 20mg,0212000B0AAABAB,443,22.327200000000037
722,D83059,Atorvastatin_Tab 40mg,0212000B0AAACAC,67,22.3244
723,D83050,Atorvastatin_Tab 40mg,0212000B0AAACAC,39,22.2768
670,D83048,Atorvastatin_Tab 10mg,0212000B0AAAAAA,441,22.226399999999995
724,D83028,Atorvastatin_Tab 40mg,0212000B0AAACAC,132,22.175999999999995
29,D83059,Paracet_Tab 500mg,0407010H0AAAMAM,81,21.772799999999993
28,D83059,Paracet_Tab 500mg,0407010H0AAAMAM,81,21.772799999999993
31,D83001,Paracet_Tab 500mg,0407010H0AAAMAM,13,20.966400000000004
30,D83001,Paracet_Tab 500mg,0407010H0AAAMAM,13,20.966400000000004
32,D83074,Paracet_Tab 500mg,0407010H0AAAMAM,51,20.40000000000002
33,D83074,Paracet_Tab 500mg,0407010H0AAAMAM,51,20.40000000000002
34,D83001,Paracet_Tab 500mg,0407010H0AAAMAM,68,20.399999999999995
35,D83001,Paracet_Tab 500mg,0407010H0AAAMAM,68,20.399999999999995
37,D83046,Paracet_Tab 500mg,0407010H0AAAMAM,7,20.160000000000004
36,D83046,Paracet_Tab 500mg,0407010H0AAAMAM,7,20.160000000000004
39,D83041,Paracet_Tab 500mg,0407010H0AAAMAM,56,20.159999999999993
38,D83041,Paracet_Tab 500mg,0407010H0AAAMAM,56,20.159999999999993
41,D83006,Paracet_Tab 500mg,0407010H0AAAMAM,15,20.099999999999998
40,D83006,Paracet_Tab 500mg,0407010H0AAAMAM,15,20.099999999999998
43,D83004,Paracet_Tab 500mg,0407010H0AAAMAM,111,19.979999999999993
42,D83004,Paracet_Tab 500mg,0407010H0AAAMAM,111,19.979999999999993
737,D83056,Prednisolone_Tab 5mg,0603020T0AAACAC,11,19.635
44,D83046,Paracet_Tab 500mg,0407010H0AAAMAM,127,19.05000000000002
45,D83046,Paracet_Tab 500mg,0407010H0AAAMAM,127,19.05000000000002
738,D83056,Prednisolone_Tab 5mg,0603020T0AAACAC,11,18.295199999999998
739,D83059,Prednisolone_Tab 5mg,0603020T0AAACAC,24,18.2784
47,D83001,Paracet_Tab 500mg,0407010H0AAAMAM,48,17.279999999999994
46,D83001,Paracet_Tab 500mg,0407010H0AAAMAM,48,17.279999999999994
49,D83059,Paracet_Tab 500mg,0407010H0AAAMAM,28,16.934400000000007
48,D83059,Paracet_Tab 500mg,0407010H0AAAMAM,28,16.934400000000007
50,D83046,Paracet_Tab 500mg,0407010H0AAAMAM,1,16.9344
51,D83046,Paracet_Tab 500mg,0407010H0AAAMAM,1,16.9344
53,D83008,Paracet_Tab 500mg,0407010H0AAAMAM,33,14.520000000000003
52,D83008,Paracet_Tab 500mg,0407010H0AAAMAM,33,14.520000000000003
740,D83056,Prednisolone_Tab 5mg,0603020T0AAACAC,3,13.092
54,D83059,Paracet_Tab 500mg,0407010H0AAAMAM,90,12.096000000000014
55,D83059,Paracet_Tab 500mg,0407010H0AAAMAM,90,12.096000000000014
56,D83037,Paracet_Tab 500mg,0407010H0AAAMAM,2,12.096000000000002
57,D83037,Paracet_Tab 500mg,0407010H0AAAMAM,2,12.096000000000002
671,D83008,Atorvastatin_Tab 10mg,0212000B0AAAAAA,184,11.8496
58,Y01794,Paracet_Tab 500mg,0407010H0AAAMAM,132,11.827200000000031
59,Y01794,Paracet_Tab 500mg,0407010H0AAAMAM,132,11.827200000000031
672,D83006,Atorvastatin_Tab 10mg,0212000B0AAAAAA,83,11.620000000000003
673,D83074,Atorvastatin_Tab 10mg,0212000B0AAAAAA,34,11.614400000000002
674,D83036,Atorvastatin_Tab 10mg,0212000B0AAAAAA,20,11.592000000000002
675,D83004,Atorvastatin_Tab 10mg,0212000B0AAAAAA,44,11.580799999999998
676,D83039,Atorvastatin_Tab 10mg,0212000B0AAAAAA,217,11.544400000000014
60,D83079,Paracet_Tab 500mg,0407010H0AAAMAM,51,11.42400000000001
61,D83079,Paracet_Tab 500mg,0407010H0AAAMAM,51,11.42400000000001
677,D83043,Atorvastatin_Tab 10mg,0212000B0AAAAAA,239,11.3764
63,D83024,Paracet_Tab 500mg,0407010H0AAAMAM,63,11.28960000000003
62,D83024,Paracet_Tab 500mg,0407010H0AAAMAM,63,11.28960000000003
315,D83008,Atorvastatin_Tab 20mg,0212000B0AAABAB,12,11.2644
64,D83056,Paracet_Tab 500mg,0407010H0AAAMAM,33,11.08800000000001
65,D83056,Paracet_Tab 500mg,0407010H0AAAMAM,33,11.08800000000001
66,D83081,Paracet_Tab 500mg,0407010H0AAAMAM,48,10.75200000000001
67,D83081,Paracet_Tab 500mg,0407010H0AAAMAM,48,10.75200000000001
69,D83044,Paracet_Tab 500mg,0407010H0AAAMAM,67,10.720000000000027
68,D83044,Paracet_Tab 500mg,0407010H0AAAMAM,67,10.720000000000027
71,D83044,Paracet_Tab 500mg,0407010H0AAAMAM,95,10.64000000000001
70,D83044,Paracet_Tab 500mg,0407010H0AAAMAM,95,10.64000000000001
73,D83081,Paracet_Tab 500mg,0407010H0AAAMAM,47,10.340000000000003
72,D83081,Paracet_Tab 500mg,0407010H0AAAMAM,47,10.340000000000003
74,D83051,Paracet_Tab 500mg,0407010H0AAAMAM,46,10.120000000000003
75,D83051,Paracet_Tab 500mg,0407010H0AAAMAM,46,10.120000000000003
76,D83080,Paracet_Tab 500mg,0407010H0AAAMAM,21,10.080000000000013
77,D83080,Paracet_Tab 500mg,0407010H0AAAMAM,21,10.080000000000013
81,D83079,Paracet_Tab 500mg,0407010H0AAAMAM,14,10.079999999999997
80,D83082,Paracet_Tab 500mg,0407010H0AAAMAM,14,10.079999999999997
79,D83082,Paracet_Tab 500mg,0407010H0AAAMAM,14,10.079999999999997
78,D83079,Paracet_Tab 500mg,0407010H0AAAMAM,14,10.079999999999997
82,D83037,Paracet_Tab 500mg,0407010H0AAAMAM,13,10.075
83,D83037,Paracet_Tab 500mg,0407010H0AAAMAM,13,10.075
85,D83050,Paracet_Tab 500mg,0407010H0AAAMAM,20,10.000000000000009
84,D83050,Paracet_Tab 500mg,0407010H0AAAMAM,20,10.000000000000009
86,D83084,Paracet_Tab 500mg,0407010H0AAAMAM,33,9.90000000000001
87,D83084,Paracet_Tab 500mg,0407010H0AAAMAM,33,9.90000000000001
88,D83080,Paracet_Tab 500mg,0407010H0AAAMAM,52,9.880000000000013
89,D83080,Paracet_Tab 500mg,0407010H0AAAMAM,52,9.880000000000013
741,D83059,Prednisolone_Tab 5mg,0603020T0AAACAC,9,9.801
91,D83051,Paracet_Tab 500mg,0407010H0AAAMAM,70,9.79999999999999
90,D83051,Paracet_Tab 500mg,0407010H0AAAMAM,70,9.79999999999999
92,D83057,Paracet_Tab 500mg,0407010H0AAAMAM,122,9.760000000000026
93,D83057,Paracet_Tab 500mg,0407010H0AAAMAM,122,9.760000000000026
94,D83059,Paracet_Tab 500mg,0407010H0AAAMAM,79,9.479999999999997
95,D83059,Paracet_Tab 500mg,0407010H0AAAMAM,79,9.479999999999997
349,D83046,Clonazepam_Tab 500mcg,0408010F0AAABAB,24,8.937599999999986
96,D83059,Paracet_Tab 500mg,0407010H0AAAMAM,3,8.4672
97,D83059,Paracet_Tab 500mg,0407010H0AAAMAM,3,8.4672
98,D83037,Paracet_Tab 500mg,0407010H0AAAMAM,1,8.048
99,D83037,Paracet_Tab 500mg,0407010H0AAAMAM,1,8.048
101,D83061,Paracet_Tab 500mg,0407010H0AAAMAM,11,6.4768
100,D83061,Paracet_Tab 500mg,0407010H0AAAMAM,11,6.4768
102,D83043,Paracet_Tab 500mg,0407010H0AAAMAM,1,6.4384
103,D83043,Paracet_Tab 500mg,0407010H0AAAMAM,1,6.4384
350,D83004,Clonazepam_Tab 500mcg,0408010F0AAABAB,8,6.406399999999991
104,D83004,Paracet_Tab 500mg,0407010H0AAAMAM,33,5.913600000000002
105,D83004,Paracet_Tab 500mg,0407010H0AAAMAM,33,5.913600000000002
352,D83056,Clonazepam_Tab 500mcg,0408010F0AAABAB,9,5.695199999999988
351,D83046,Clonazepam_Tab 500mcg,0408010F0AAABAB,9,5.695199999999988
106,D83036,Paracet_Tab 500mg,0407010H0AAAMAM,23,5.667200000000001
107,D83036,Paracet_Tab 500mg,0407010H0AAAMAM,23,5.667200000000001
109,D83058,Paracet_Tab 500mg,0407010H0AAAMAM,14,5.644799999999998
108,D83058,Paracet_Tab 500mg,0407010H0AAAMAM,14,5.644799999999998
110,D83037,Paracet_Tab 500mg,0407010H0AAAMAM,50,5.600000000000005
111,D83037,Paracet_Tab 500mg,0407010H0AAAMAM,50,5.600000000000005
353,D83080,Clonazepam_Tab 500mcg,0408010F0AAABAB,1,5.423999999999989
354,D83048,Clonazepam_Tab 500mcg,0408010F0AAABAB,15,5.417999999999986
356,D83044,Clonazepam_Tab 500mcg,0408010F0AAABAB,17,5.378799999999989
355,D83051,Clonazepam_Tab 500mcg,0408010F0AAABAB,17,5.378799999999989
112,Y01794,Paracet_Tab 500mg,0407010H0AAAMAM,67,5.360000000000014
113,Y01794,Paracet_Tab 500mg,0407010H0AAAMAM,67,5.360000000000014
115,D83020,Paracet_Tab 500mg,0407010H0AAAMAM,106,5.300000000000004
114,D83020,Paracet_Tab 500mg,0407010H0AAAMAM,106,5.300000000000004
117,D83036,Paracet_Tab 500mg,0407010H0AAAMAM,74,5.179999999999994
116,D83036,Paracet_Tab 500mg,0407010H0AAAMAM,74,5.179999999999994
359,D83046,Clonazepam_Tab 500mcg,0408010F0AAABAB,4,5.06239999999999
357,D83048,Clonazepam_Tab 500mcg,0408010F0AAABAB,8,5.06239999999999
358,D83044,Clonazepam_Tab 500mcg,0408010F0AAABAB,4,5.06239999999999
118,D83039,Paracet_Tab 500mg,0407010H0AAAMAM,124,4.960000000000013
119,D83039,Paracet_Tab 500mg,0407010H0AAAMAM,124,4.960000000000013
121,D83006,Paracet_Tab 500mg,0407010H0AAAMAM,23,4.8576000000000015
120,D83006,Paracet_Tab 500mg,0407010H0AAAMAM,23,4.8576000000000015
122,D83044,Paracet_Tab 500mg,0407010H0AAAMAM,97,4.850000000000004
123,D83044,Paracet_Tab 500mg,0407010H0AAAMAM,97,4.850000000000004
360,D83004,Clonazepam_Tab 500mcg,0408010F0AAABAB,15,4.74599999999999
361,D83008,Clonazepam_Tab 500mcg,0408010F0AAABAB,15,4.74599999999999
362,D83015,Clonazepam_Tab 500mcg,0408010F0AAABAB,15,4.74599999999999
363,D83037,Clonazepam_Tab 500mcg,0408010F0AAABAB,15,4.74599999999999
364,D83059,Clonazepam_Tab 500mcg,0408010F0AAABAB,2,4.519999999999991
368,Y01794,Clonazepam_Tab 500mcg,0408010F0AAABAB,14,4.429599999999991
365,D83037,Clonazepam_Tab 500mcg,0408010F0AAABAB,7,4.429599999999991
367,D83053,Clonazepam_Tab 500mcg,0408010F0AAABAB,7,4.429599999999991
366,D83017,Clonazepam_Tab 500mcg,0408010F0AAABAB,7,4.429599999999991
369,D83053,Clonazepam_Tab 500mcg,0408010F0AAABAB,14,4.429599999999991
370,D83041,Clonazepam_Tab 500mcg,0408010F0AAABAB,7,4.429599999999991
371,D83020,Clonazepam_Tab 500mcg,0408010F0AAABAB,6,3.796799999999992
372,D83082,Clonazepam_Tab 500mcg,0408010F0AAABAB,2,3.796799999999992
373,D83081,Clonazepam_Tab 500mcg,0408010F0AAABAB,4,3.796799999999992
374,D83017,Clonazepam_Tab 500mcg,0408010F0AAABAB,12,3.796799999999992
375,D83006,Clonazepam_Tab 500mcg,0408010F0AAABAB,6,3.796799999999992
376,D83046,Clonazepam_Tab 500mcg,0408010F0AAABAB,2,3.796799999999992
377,D83051,Clonazepam_Tab 500mcg,0408010F0AAABAB,6,3.796799999999992
378,D83059,Clonazepam_Tab 500mcg,0408010F0AAABAB,3,3.796799999999992
379,D83051,Clonazepam_Tab 500mcg,0408010F0AAABAB,3,3.796799999999992
380,D83044,Clonazepam_Tab 500mcg,0408010F0AAABAB,6,3.796799999999992
381,D83074,Clonazepam_Tab 500mcg,0408010F0AAABAB,6,3.796799999999992
382,D83061,Clonazepam_Tab 500mcg,0408010F0AAABAB,3,3.389999999999993
383,D83043,Clonazepam_Tab 500mcg,0408010F0AAABAB,3,3.389999999999993
124,D83037,Paracet_Tab 500mg,0407010H0AAAMAM,1,3.2192
125,D83037,Paracet_Tab 500mg,0407010H0AAAMAM,1,3.2192
387,D83056,Clonazepam_Tab 500mcg,0408010F0AAABAB,10,3.1639999999999935
384,D83036,Clonazepam_Tab 500mcg,0408010F0AAABAB,5,3.1639999999999935
385,D83026,Clonazepam_Tab 500mcg,0408010F0AAABAB,10,3.1639999999999935
386,D83057,Clonazepam_Tab 500mcg,0408010F0AAABAB,10,3.1639999999999935
388,D83084,Clonazepam_Tab 500mcg,0408010F0AAABAB,5,3.1639999999999935
389,Y01794,Clonazepam_Tab 500mcg,0408010F0AAABAB,6,3.158399999999988
390,D83008,Clonazepam_Tab 500mcg,0408010F0AAABAB,16,2.867199999999995
391,D83028,Clonazepam_Tab 500mcg,0408010F0AAABAB,9,2.847599999999994
394,D83044,Clonazepam_Tab 500mcg,0408010F0AAABAB,3,2.847599999999994
392,D83046,Clonazepam_Tab 500mcg,0408010F0AAABAB,3,2.847599999999994
393,D83041,Clonazepam_Tab 500mcg,0408010F0AAABAB,9,2.847599999999994
395,D83039,Clonazepam_Tab 500mcg,0408010F0AAABAB,6,2.847599999999994
126,D83079,Paracet_Tab 500mg,0407010H0AAAMAM,8,2.7776000000000005
127,D83079,Paracet_Tab 500mg,0407010H0AAAMAM,8,2.7776000000000005
129,D83046,Paracet_Tab 500mg,0407010H0AAAMAM,122,2.7327999999999832
128,D83046,Paracet_Tab 500mg,0407010H0AAAMAM,122,2.7327999999999832
396,D83017,Clonazepam_Tab 500mcg,0408010F0AAABAB,17,2.6893999999999947
410,D83053,Clonazepam_Tab 500mcg,0408010F0AAABAB,2,2.531199999999995
399,D83019,Clonazepam_Tab 500mcg,0408010F0AAABAB,4,2.531199999999995
406,D83079,Clonazepam_Tab 500mcg,0408010F0AAABAB,4,2.531199999999995
407,D83057,Clonazepam_Tab 500mcg,0408010F0AAABAB,4,2.531199999999995
408,D83059,Clonazepam_Tab 500mcg,0408010F0AAABAB,16,2.531199999999995
398,D83024,Clonazepam_Tab 500mcg,0408010F0AAABAB,2,2.531199999999995
401,D83039,Clonazepam_Tab 500mcg,0408010F0AAABAB,4,2.531199999999995
400,D83026,Clonazepam_Tab 500mcg,0408010F0AAABAB,4,2.531199999999995
411,D83048,Clonazepam_Tab 500mcg,0408010F0AAABAB,2,2.531199999999995
402,D83082,Clonazepam_Tab 500mcg,0408010F0AAABAB,1,2.531199999999995
409,D83084,Clonazepam_Tab 500mcg,0408010F0AAABAB,1,2.531199999999995
405,D83084,Clonazepam_Tab 500mcg,0408010F0AAABAB,8,2.531199999999995
403,D83081,Clonazepam_Tab 500mcg,0408010F0AAABAB,4,2.531199999999995
404,D83049,Clonazepam_Tab 500mcg,0408010F0AAABAB,8,2.531199999999995
397,D83024,Clonazepam_Tab 500mcg,0408010F0AAABAB,8,2.531199999999995
413,D83007,Clonazepam_Tab 500mcg,0408010F0AAABAB,2,2.2599999999999953
417,D83015,Clonazepam_Tab 500mcg,0408010F0AAABAB,1,2.2599999999999953
419,Y01794,Clonazepam_Tab 500mcg,0408010F0AAABAB,2,2.2599999999999953
418,D83058,Clonazepam_Tab 500mcg,0408010F0AAABAB,1,2.2599999999999953
420,D83041,Clonazepam_Tab 500mcg,0408010F0AAABAB,2,2.2599999999999953
416,D83056,Clonazepam_Tab 500mcg,0408010F0AAABAB,1,2.2599999999999953
415,D83046,Clonazepam_Tab 500mcg,0408010F0AAABAB,2,2.2599999999999953
414,D83046,Clonazepam_Tab 500mcg,0408010F0AAABAB,1,2.2599999999999953
412,D83036,Clonazepam_Tab 500mcg,0408010F0AAABAB,2,2.2599999999999953
421,D83007,Clonazepam_Tab 500mcg,0408010F0AAABAB,7,2.2147999999999954
422,D83017,Clonazepam_Tab 500mcg,0408010F0AAABAB,28,2.2147999999999954
423,D83039,Clonazepam_Tab 500mcg,0408010F0AAABAB,7,2.2147999999999954
424,D83058,Clonazepam_Tab 500mcg,0408010F0AAABAB,7,2.2147999999999954
425,D83061,Clonazepam_Tab 500mcg,0408010F0AAABAB,7,2.2147999999999954
426,D83036,Clonazepam_Tab 500mcg,0408010F0AAABAB,7,2.2147999999999954
427,D83059,Clonazepam_Tab 500mcg,0408010F0AAABAB,18,2.104199999999999
130,D83084,Paracet_Tab 500mg,0407010H0AAAMAM,52,2.0800000000000054
131,D83084,Paracet_Tab 500mg,0407010H0AAAMAM,52,2.0800000000000054
428,D83015,Clonazepam_Tab 500mcg,0408010F0AAABAB,4,1.9039999999999893
430,D83059,Clonazepam_Tab 500mcg,0408010F0AAABAB,6,1.898399999999996
439,D83017,Clonazepam_Tab 500mcg,0408010F0AAABAB,1,1.898399999999996
444,D83051,Clonazepam_Tab 500mcg,0408010F0AAABAB,2,1.898399999999996
443,D83004,Clonazepam_Tab 500mcg,0408010F0AAABAB,1,1.898399999999996
442,D83050,Clonazepam_Tab 500mcg,0408010F0AAABAB,3,1.898399999999996
441,D83048,Clonazepam_Tab 500mcg,0408010F0AAABAB,1,1.898399999999996
440,D83061,Clonazepam_Tab 500mcg,0408010F0AAABAB,1,1.898399999999996
438,D83082,Clonazepam_Tab 500mcg,0408010F0AAABAB,3,1.898399999999996
431,D83059,Clonazepam_Tab 500mcg,0408010F0AAABAB,3,1.898399999999996
437,D83058,Clonazepam_Tab 500mcg,0408010F0AAABAB,1,1.898399999999996
436,D83082,Clonazepam_Tab 500mcg,0408010F0AAABAB,4,1.898399999999996
435,D83001,Clonazepam_Tab 500mcg,0408010F0AAABAB,6,1.898399999999996
434,D83074,Clonazepam_Tab 500mcg,0408010F0AAABAB,1,1.898399999999996
433,D83006,Clonazepam_Tab 500mcg,0408010F0AAABAB,1,1.898399999999996
432,D83037,Clonazepam_Tab 500mcg,0408010F0AAABAB,2,1.898399999999996
429,D83061,Clonazepam_Tab 500mcg,0408010F0AAABAB,3,1.898399999999996
445,D83044,Clonazepam_Tab 500mcg,0408010F0AAABAB,1,1.6949999999999965
446,D83080,Clonazepam_Tab 500mcg,0408010F0AAABAB,3,1.6295999999999977
132,D83037,Paracet_Tab 500mg,0407010H0AAAMAM,5,1.616
133,D83037,Paracet_Tab 500mg,0407010H0AAAMAM,5,1.616
447,D83006,Clonazepam_Tab 500mcg,0408010F0AAABAB,5,1.5819999999999967
449,D83079,Clonazepam_Tab 500mcg,0408010F0AAABAB,5,1.5819999999999967
448,D83043,Clonazepam_Tab 500mcg,0408010F0AAABAB,5,1.5819999999999967
450,D83020,Clonazepam_Tab 500mcg,0408010F0AAABAB,5,1.5819999999999967
451,D83039,Clonazepam_Tab 500mcg,0408010F0AAABAB,19,1.5028999999999968
454,D83015,Clonazepam_Tab 500mcg,0408010F0AAABAB,9,1.423799999999997
455,Y01794,Clonazepam_Tab 500mcg,0408010F0AAABAB,9,1.423799999999997
456,D83079,Clonazepam_Tab 500mcg,0408010F0AAABAB,3,1.423799999999997
453,D83008,Clonazepam_Tab 500mcg,0408010F0AAABAB,3,1.423799999999997
452,D83051,Clonazepam_Tab 500mcg,0408010F0AAABAB,2,1.423799999999997
457,D83007,Clonazepam_Tab 500mcg,0408010F0AAABAB,2,1.3559999999999972
458,D83007,Clonazepam_Tab 500mcg,0408010F0AAABAB,1,1.3559999999999972
473,D83082,Clonazepam_Tab 500mcg,0408010F0AAABAB,4,1.2655999999999974
471,D83081,Clonazepam_Tab 500mcg,0408010F0AAABAB,1,1.2655999999999974
470,D83049,Clonazepam_Tab 500mcg,0408010F0AAABAB,2,1.2655999999999974
469,D83004,Clonazepam_Tab 500mcg,0408010F0AAABAB,1,1.2655999999999974
468,D83006,Clonazepam_Tab 500mcg,0408010F0AAABAB,1,1.2655999999999974
467,D83008,Clonazepam_Tab 500mcg,0408010F0AAABAB,2,1.2655999999999974
463,D83054,Clonazepam_Tab 500mcg,0408010F0AAABAB,1,1.2655999999999974
466,D83081,Clonazepam_Tab 500mcg,0408010F0AAABAB,4,1.2655999999999974
465,D83019,Clonazepam_Tab 500mcg,0408010F0AAABAB,4,1.2655999999999974
464,D83050,Clonazepam_Tab 500mcg,0408010F0AAABAB,1,1.2655999999999974
462,Y01794,Clonazepam_Tab 500mcg,0408010F0AAABAB,1,1.2655999999999974
461,D83024,Clonazepam_Tab 500mcg,0408010F0AAABAB,2,1.2655999999999974
460,D83041,Clonazepam_Tab 500mcg,0408010F0AAABAB,1,1.2655999999999974
459,D83050,Clonazepam_Tab 500mcg,0408010F0AAABAB,4,1.2655999999999974
472,D83079,Clonazepam_Tab 500mcg,0408010F0AAABAB,1,1.2655999999999974
476,D83008,Clonazepam_Tab 500mcg,0408010F0AAABAB,1,1.2655999999999974
474,D83074,Clonazepam_Tab 500mcg,0408010F0AAABAB,4,1.2655999999999974
475,D83028,Clonazepam_Tab 500mcg,0408010F0AAABAB,2,1.2655999999999974
477,D83084,Clonazepam_Tab 500mcg,0408010F0AAABAB,1,1.2655999999999974
478,D83039,Clonazepam_Tab 500mcg,0408010F0AAABAB,1,1.2655999999999974
479,D83043,Clonazepam_Tab 500mcg,0408010F0AAABAB,2,1.2655999999999974
480,D83080,Clonazepam_Tab 500mcg,0408010F0AAABAB,2,1.2655999999999974
481,D83059,Clonazepam_Tab 500mcg,0408010F0AAABAB,3,1.1864999999999974
484,D83020,Clonazepam_Tab 500mcg,0408010F0AAABAB,1,1.1299999999999977
489,D83049,Clonazepam_Tab 500mcg,0408010F0AAABAB,1,1.1299999999999977
488,D83006,Clonazepam_Tab 500mcg,0408010F0AAABAB,1,1.1299999999999977
487,D83080,Clonazepam_Tab 500mcg,0408010F0AAABAB,1,1.1299999999999977
485,D83051,Clonazepam_Tab 500mcg,0408010F0AAABAB,1,1.1299999999999977
486,D83001,Clonazepam_Tab 500mcg,0408010F0AAABAB,1,1.1299999999999977
483,D83074,Clonazepam_Tab 500mcg,0408010F0AAABAB,1,1.1299999999999977
482,D83054,Clonazepam_Tab 500mcg,0408010F0AAABAB,1,1.1299999999999977
490,Y01794,Clonazepam_Tab 500mcg,0408010F0AAABAB,1,1.1073999999999977
491,D83053,Clonazepam_Tab 500mcg,0408010F0AAABAB,7,1.1073999999999977
492,D83051,Clonazepam_Tab 500mcg,0408010F0AAABAB,7,1.1073999999999977
493,D83058,Clonazepam_Tab 500mcg,0408010F0AAABAB,7,1.1073999999999977
494,D83015,Clonazepam_Tab 500mcg,0408010F0AAABAB,1,1.1073999999999977
495,D83017,Clonazepam_Tab 500mcg,0408010F0AAABAB,1,1.016999999999998
496,D83069,Clonazepam_Tab 500mcg,0408010F0AAABAB,3,1.016999999999998
329,D83044,Montelukast_Tab 10mg,0303020G0AAABAB,69,0.9660000000000009
521,D83061,Clonazepam_Tab 500mcg,0408010F0AAABAB,1,0.949199999999998
514,D83044,Clonazepam_Tab 500mcg,0408010F0AAABAB,2,0.949199999999998
511,D83051,Clonazepam_Tab 500mcg,0408010F0AAABAB,2,0.949199999999998
512,D83049,Clonazepam_Tab 500mcg,0408010F0AAABAB,1,0.949199999999998
513,D83082,Clonazepam_Tab 500mcg,0408010F0AAABAB,1,0.949199999999998
518,D83057,Clonazepam_Tab 500mcg,0408010F0AAABAB,6,0.949199999999998
515,D83056,Clonazepam_Tab 500mcg,0408010F0AAABAB,6,0.949199999999998
516,D83043,Clonazepam_Tab 500mcg,0408010F0AAABAB,1,0.949199999999998
517,D83084,Clonazepam_Tab 500mcg,0408010F0AAABAB,1,0.949199999999998
520,D83044,Clonazepam_Tab 500mcg,0408010F0AAABAB,6,0.949199999999998
509,D83079,Clonazepam_Tab 500mcg,0408010F0AAABAB,1,0.949199999999998
519,D83039,Clonazepam_Tab 500mcg,0408010F0AAABAB,1,0.949199999999998
510,D83084,Clonazepam_Tab 500mcg,0408010F0AAABAB,2,0.949199999999998
508,D83069,Clonazepam_Tab 500mcg,0408010F0AAABAB,1,0.949199999999998
500,D83017,Clonazepam_Tab 500mcg,0408010F0AAABAB,1,0.949199999999998
507,D83015,Clonazepam_Tab 500mcg,0408010F0AAABAB,1,0.949199999999998
497,D83073,Clonazepam_Tab 500mcg,0408010F0AAABAB,3,0.949199999999998
498,Y01794,Clonazepam_Tab 500mcg,0408010F0AAABAB,4,0.949199999999998
499,D83615,Clonazepam_Tab 500mcg,0408010F0AAABAB,1,0.949199999999998
503,Y01794,Clonazepam_Tab 500mcg,0408010F0AAABAB,1,0.949199999999998
501,D83037,Clonazepam_Tab 500mcg,0408010F0AAABAB,2,0.949199999999998
504,D83004,Clonazepam_Tab 500mcg,0408010F0AAABAB,1,0.949199999999998
505,D83037,Clonazepam_Tab 500mcg,0408010F0AAABAB,6,0.949199999999998
502,D83059,Clonazepam_Tab 500mcg,0408010F0AAABAB,1,0.949199999999998
506,D83058,Clonazepam_Tab 500mcg,0408010F0AAABAB,1,0.949199999999998
522,D83061,Clonazepam_Tab 500mcg,0408010F0AAABAB,1,0.9265999999999981
134,D83039,Paracet_Tab 500mg,0407010H0AAAMAM,41,0.8199999999999951
135,D83039,Paracet_Tab 500mg,0407010H0AAAMAM,41,0.8199999999999951
523,D83053,Clonazepam_Tab 500mcg,0408010F0AAABAB,1,0.7909999999999984
524,D83048,Clonazepam_Tab 500mcg,0408010F0AAABAB,5,0.7909999999999984
525,D83006,Clonazepam_Tab 500mcg,0408010F0AAABAB,4,0.7819999999999969
526,D83615,Clonazepam_Tab 500mcg,0408010F0AAABAB,4,0.7167999999999992
527,Y01794,Clonazepam_Tab 500mcg,0408010F0AAABAB,19,0.7010999999999987
528,D83044,Clonazepam_Tab 500mcg,0408010F0AAABAB,2,0.6779999999999986
529,D83037,Clonazepam_Tab 500mcg,0408010F0AAABAB,1,0.6779999999999986
531,D83058,Clonazepam_Tab 500mcg,0408010F0AAABAB,1,0.6779999999999986
532,D83008,Clonazepam_Tab 500mcg,0408010F0AAABAB,1,0.6779999999999986
533,D83074,Clonazepam_Tab 500mcg,0408010F0AAABAB,1,0.6779999999999986
530,D83017,Clonazepam_Tab 500mcg,0408010F0AAABAB,2,0.6779999999999986
542,D83054,Clonazepam_Tab 500mcg,0408010F0AAABAB,1,0.6327999999999987
534,D83073,Clonazepam_Tab 500mcg,0408010F0AAABAB,1,0.6327999999999987
535,D83615,Clonazepam_Tab 500mcg,0408010F0AAABAB,4,0.6327999999999987
536,D83073,Clonazepam_Tab 500mcg,0408010F0AAABAB,4,0.6327999999999987
537,D83615,Clonazepam_Tab 500mcg,0408010F0AAABAB,1,0.6327999999999987
538,D83058,Clonazepam_Tab 500mcg,0408010F0AAABAB,1,0.6327999999999987
539,D83069,Clonazepam_Tab 500mcg,0408010F0AAABAB,2,0.6327999999999987
540,D83054,Clonazepam_Tab 500mcg,0408010F0AAABAB,2,0.6327999999999987
541,D83028,Clonazepam_Tab 500mcg,0408010F0AAABAB,4,0.6327999999999987
543,D83046,Clonazepam_Tab 500mcg,0408010F0AAABAB,5,0.6299999999999967
544,D83037,Clonazepam_Tab 500mcg,0408010F0AAABAB,5,0.6104999999999999
137,D83039,Paracet_Tab 500mg,0407010H0AAAMAM,35,0.5880000000000032
136,D83039,Paracet_Tab 500mg,0407010H0AAAMAM,35,0.5880000000000032
545,D83008,Clonazepam_Tab 500mcg,0408010F0AAABAB,3,0.5879999999999985
546,D83080,Clonazepam_Tab 500mcg,0408010F0AAABAB,1,0.5699999999999983
547,D83046,Clonazepam_Tab 500mcg,0408010F0AAABAB,1,0.5536999999999989
548,D83061,Clonazepam_Tab 500mcg,0408010F0AAABAB,7,0.5536999999999989
549,D83026,Clonazepam_Tab 500mcg,0408010F0AAABAB,1,0.5129999999999985
550,Y01794,Clonazepam_Tab 500mcg,0408010F0AAABAB,4,0.48839999999999995
556,D83036,Clonazepam_Tab 500mcg,0408010F0AAABAB,1,0.474599999999999
560,D83079,Clonazepam_Tab 500mcg,0408010F0AAABAB,3,0.474599999999999
559,D83043,Clonazepam_Tab 500mcg,0408010F0AAABAB,1,0.474599999999999
558,D83057,Clonazepam_Tab 500mcg,0408010F0AAABAB,6,0.474599999999999
557,D83050,Clonazepam_Tab 500mcg,0408010F0AAABAB,1,0.474599999999999
551,D83050,Clonazepam_Tab 500mcg,0408010F0AAABAB,3,0.474599999999999
555,D83020,Clonazepam_Tab 500mcg,0408010F0AAABAB,3,0.474599999999999
554,D83061,Clonazepam_Tab 500mcg,0408010F0AAABAB,3,0.474599999999999
553,D83017,Clonazepam_Tab 500mcg,0408010F0AAABAB,1,0.474599999999999
552,D83059,Clonazepam_Tab 500mcg,0408010F0AAABAB,1,0.474599999999999
562,D83026,Clonazepam_Tab 500mcg,0408010F0AAABAB,1,0.474599999999999
561,D83049,Clonazepam_Tab 500mcg,0408010F0AAABAB,1,0.474599999999999
563,D83001,Clonazepam_Tab 500mcg,0408010F0AAABAB,1,0.474599999999999
565,D83074,Clonazepam_Tab 500mcg,0408010F0AAABAB,3,0.474599999999999
566,Y01794,Clonazepam_Tab 500mcg,0408010F0AAABAB,1,0.474599999999999
567,D83028,Clonazepam_Tab 500mcg,0408010F0AAABAB,1,0.474599999999999
564,D83057,Clonazepam_Tab 500mcg,0408010F0AAABAB,1,0.474599999999999
568,D83015,Clonazepam_Tab 500mcg,0408010F0AAABAB,1,0.41039999999999877
569,D83615,Clonazepam_Tab 500mcg,0408010F0AAABAB,5,0.3954999999999992
570,D83044,Clonazepam_Tab 500mcg,0408010F0AAABAB,5,0.3954999999999992
571,D83053,Clonazepam_Tab 500mcg,0408010F0AAABAB,5,0.3954999999999992
579,D83007,Clonazepam_Tab 500mcg,0408010F0AAABAB,1,0.3389999999999993
575,D83026,Clonazepam_Tab 500mcg,0408010F0AAABAB,1,0.3389999999999993
578,D83043,Clonazepam_Tab 500mcg,0408010F0AAABAB,1,0.3389999999999993
577,D83004,Clonazepam_Tab 500mcg,0408010F0AAABAB,1,0.3389999999999993
576,D83056,Clonazepam_Tab 500mcg,0408010F0AAABAB,1,0.3389999999999993
574,D83054,Clonazepam_Tab 500mcg,0408010F0AAABAB,1,0.3389999999999993
573,D83049,Clonazepam_Tab 500mcg,0408010F0AAABAB,1,0.3389999999999993
572,D83053,Clonazepam_Tab 500mcg,0408010F0AAABAB,1,0.3389999999999993
580,D83059,Clonazepam_Tab 500mcg,0408010F0AAABAB,5,0.31799999999999995
581,D83039,Clonazepam_Tab 500mcg,0408010F0AAABAB,2,0.31639999999999935
582,D83049,Clonazepam_Tab 500mcg,0408010F0AAABAB,2,0.31639999999999935
583,D83020,Clonazepam_Tab 500mcg,0408010F0AAABAB,4,0.31639999999999935
584,D83043,Clonazepam_Tab 500mcg,0408010F0AAABAB,2,0.31639999999999935
585,D83001,Clonazepam_Tab 500mcg,0408010F0AAABAB,4,0.31639999999999935
586,D83024,Clonazepam_Tab 500mcg,0408010F0AAABAB,2,0.31639999999999935
587,D83084,Clonazepam_Tab 500mcg,0408010F0AAABAB,2,0.31639999999999935
588,D83082,Clonazepam_Tab 500mcg,0408010F0AAABAB,2,0.31639999999999935
590,D83084,Clonazepam_Tab 500mcg,0408010F0AAABAB,1,0.2735999999999992
589,D83058,Clonazepam_Tab 500mcg,0408010F0AAABAB,1,0.2735999999999992
139,D83015,Paracet_Tab 500mg,0407010H0AAAMAM,3,0.26880000000000304
138,D83015,Paracet_Tab 500mg,0407010H0AAAMAM,3,0.26880000000000304
591,D83039,Clonazepam_Tab 500mcg,0408010F0AAABAB,6,0.25439999999999996
592,D83043,Clonazepam_Tab 500mcg,0408010F0AAABAB,1,0.2372999999999995
593,D83037,Clonazepam_Tab 500mcg,0408010F0AAABAB,3,0.2372999999999995
594,Y01794,Clonazepam_Tab 500mcg,0408010F0AAABAB,1,0.22199999999999998
595,D83059,Clonazepam_Tab 500mcg,0408010F0AAABAB,5,0.21199999999999997
678,D83017,Atorvastatin_Tab 10mg,0212000B0AAAAAA,98,0.20580000000000115
140,D83007,Paracet_Tab 500mg,0407010H0AAAMAM,4,0.2048000000000023
141,D83007,Paracet_Tab 500mg,0407010H0AAAMAM,4,0.2048000000000023
596,D83051,Clonazepam_Tab 500mcg,0408010F0AAABAB,1,0.19549999999999923
597,D83015,Clonazepam_Tab 500mcg,0408010F0AAABAB,2,0.18879999999999963
337,D83044,Memantine HCl_Tab 20mg,0411000G0AAADAD,37,0.1812999999999998
143,D83039,Paracet_Tab 500mg,0407010H0AAAMAM,4,0.16960000000000192
142,D83039,Paracet_Tab 500mg,0407010H0AAAMAM,4,0.16960000000000192
602,D83019,Clonazepam_Tab 500mcg,0408010F0AAABAB,4,0.16959999999999997
603,D83048,Clonazepam_Tab 500mcg,0408010F0AAABAB,4,0.16959999999999997
601,D83079,Clonazepam_Tab 500mcg,0408010F0AAABAB,4,0.16959999999999997
600,D83017,Clonazepam_Tab 500mcg,0408010F0AAABAB,4,0.16959999999999997
599,D83017,Clonazepam_Tab 500mcg,0408010F0AAABAB,8,0.16959999999999997
598,D83037,Clonazepam_Tab 500mcg,0408010F0AAABAB,8,0.16959999999999997
607,D83026,Clonazepam_Tab 500mcg,0408010F0AAABAB,1,0.15819999999999967
613,D83081,Clonazepam_Tab 500mcg,0408010F0AAABAB,1,0.15819999999999967
614,D83019,Clonazepam_Tab 500mcg,0408010F0AAABAB,1,0.15819999999999967
612,D83004,Clonazepam_Tab 500mcg,0408010F0AAABAB,1,0.15819999999999967
611,D83051,Clonazepam_Tab 500mcg,0408010F0AAABAB,2,0.15819999999999967
610,D83001,Clonazepam_Tab 500mcg,0408010F0AAABAB,1,0.15819999999999967
609,D83080,Clonazepam_Tab 500mcg,0408010F0AAABAB,1,0.15819999999999967
608,D83007,Clonazepam_Tab 500mcg,0408010F0AAABAB,2,0.15819999999999967
605,D83048,Clonazepam_Tab 500mcg,0408010F0AAABAB,2,0.15819999999999967
606,D83069,Clonazepam_Tab 500mcg,0408010F0AAABAB,1,0.15819999999999967
604,D83036,Clonazepam_Tab 500mcg,0408010F0AAABAB,2,0.15819999999999967
679,D83059,Atorvastatin_Tab 10mg,0212000B0AAAAAA,69,0.1449000000000008
616,D83058,Clonazepam_Tab 500mcg,0408010F0AAABAB,1,0.1367999999999996
615,D83053,Clonazepam_Tab 500mcg,0408010F0AAABAB,1,0.1367999999999996
617,D83049,Clonazepam_Tab 500mcg,0408010F0AAABAB,1,0.1367999999999996
680,D83044,Atorvastatin_Tab 10mg,0212000B0AAAAAA,64,0.13440000000000074
742,D83019,Prednisolone_Tab 5mg,0603020T0AAACAC,27,0.13229999999999986
618,D83057,Clonazepam_Tab 500mcg,0408010F0AAABAB,3,0.12719999999999998
619,D83020,Clonazepam_Tab 500mcg,0408010F0AAABAB,3,0.12719999999999998
620,D83019,Clonazepam_Tab 500mcg,0408010F0AAABAB,1,0.12209999999999999
621,D83059,Clonazepam_Tab 500mcg,0408010F0AAABAB,1,0.11599999999999999
622,D83051,Clonazepam_Tab 500mcg,0408010F0AAABAB,1,0.11599999999999999
623,D83048,Clonazepam_Tab 500mcg,0408010F0AAABAB,1,0.11599999999999999
624,D83080,Clonazepam_Tab 500mcg,0408010F0AAABAB,1,0.11599999999999999
338,D83017,Memantine HCl_Tab 20mg,0411000G0AAADAD,21,0.10289999999999988
625,D83007,Clonazepam_Tab 500mcg,0408010F0AAABAB,1,0.09439999999999982
626,D83044,Clonazepam_Tab 500mcg,0408010F0AAABAB,2,0.08479999999999999
743,D83017,Prednisolone_Tab 5mg,0603020T0AAACAC,17,0.0832999999999999
634,D83028,Clonazepam_Tab 500mcg,0408010F0AAABAB,1,0.07909999999999984
627,D83015,Clonazepam_Tab 500mcg,0408010F0AAABAB,1,0.07909999999999984
629,D83079,Clonazepam_Tab 500mcg,0408010F0AAABAB,1,0.07909999999999984
630,D83081,Clonazepam_Tab 500mcg,0408010F0AAABAB,1,0.07909999999999984
631,D83026,Clonazepam_Tab 500mcg,0408010F0AAABAB,1,0.07909999999999984
632,D83004,Clonazepam_Tab 500mcg,0408010F0AAABAB,1,0.07909999999999984
633,D83008,Clonazepam_Tab 500mcg,0408010F0AAABAB,1,0.07909999999999984
628,D83046,Clonazepam_Tab 500mcg,0408010F0AAABAB,1,0.07909999999999984
145,D83039,Paracet_Tab 500mg,0407010H0AAAMAM,25,0.06999999999999958
144,D83039,Paracet_Tab 500mg,0407010H0AAAMAM,25,0.06999999999999958
147,D83057,Paracet_Tab 500mg,0407010H0AAAMAM,1,0.06719999999999993
146,D83057,Paracet_Tab 500mg,0407010H0AAAMAM,1,0.06719999999999993
148,D83056,Paracet_Tab 500mg,0407010H0AAAMAM,12,0.0671999999999996
149,D83056,Paracet_Tab 500mg,0407010H0AAAMAM,12,0.0671999999999996
651,D83057,Letrozole_Tab 2.5mg,0803041L0AAAAAA,13,0.06370000000000056
635,D83056,Clonazepam_Tab 500mcg,0408010F0AAABAB,3,0.06359999999999999
681,D83039,Atorvastatin_Tab 10mg,0212000B0AAAAAA,29,0.060900000000000336
339,D83059,Memantine HCl_Tab 20mg,0411000G0AAADAD,12,0.058799999999999936
652,D83039,Letrozole_Tab 2.5mg,0803041L0AAAAAA,11,0.053900000000000475
150,D83026,Paracet_Tab 500mg,0407010H0AAAMAM,9,0.050399999999999695
151,D83026,Paracet_Tab 500mg,0407010H0AAAMAM,9,0.050399999999999695
340,D83028,Memantine HCl_Tab 20mg,0411000G0AAADAD,10,0.048999999999999946
636,D83056,Clonazepam_Tab 500mcg,0408010F0AAABAB,1,0.04239999999999999
637,D83024,Clonazepam_Tab 500mcg,0408010F0AAABAB,1,0.04239999999999999
153,D83017,Paracet_Tab 500mg,0407010H0AAAMAM,15,0.041999999999999746
152,D83017,Paracet_Tab 500mg,0407010H0AAAMAM,15,0.041999999999999746
154,D83019,Paracet_Tab 500mg,0407010H0AAAMAM,14,0.03919999999999976
155,D83019,Paracet_Tab 500mg,0407010H0AAAMAM,14,0.03919999999999976
683,D83069,Atorvastatin_Tab 10mg,0212000B0AAAAAA,9,0.03780000000000021
682,D83019,Atorvastatin_Tab 10mg,0212000B0AAAAAA,18,0.03780000000000021
157,D83028,Paracet_Tab 500mg,0407010H0AAAMAM,9,0.03779999999999977
156,D83028,Paracet_Tab 500mg,0407010H0AAAMAM,9,0.03779999999999977
638,D83051,Clonazepam_Tab 500mcg,0408010F0AAABAB,1,0.03689999999999993
341,D83057,Memantine HCl_Tab 20mg,0411000G0AAADAD,7,0.03429999999999996
684,Y01794,Atorvastatin_Tab 10mg,0212000B0AAAAAA,16,0.033600000000000185
158,D83017,Paracet_Tab 500mg,0407010H0AAAMAM,8,0.0335999999999998
159,D83017,Paracet_Tab 500mg,0407010H0AAAMAM,8,0.0335999999999998
685,D83020,Atorvastatin_Tab 10mg,0212000B0AAAAAA,14,0.029400000000000162
342,D83019,Memantine HCl_Tab 20mg,0411000G0AAADAD,6,0.029399999999999968
744,D83028,Prednisolone_Tab 5mg,0603020T0AAACAC,6,0.029399999999999968
745,D83056,Prednisolone_Tab 5mg,0603020T0AAACAC,6,0.029399999999999968
161,D83019,Paracet_Tab 500mg,0407010H0AAAMAM,7,0.029399999999999822
746,D83079,Prednisolone_Tab 5mg,0603020T0AAACAC,6,0.029399999999999822
160,D83019,Paracet_Tab 500mg,0407010H0AAAMAM,7,0.029399999999999822
748,D83057,Prednisolone_Tab 5mg,0603020T0AAACAC,5,0.024499999999999973
749,D83059,Prednisolone_Tab 5mg,0603020T0AAACAC,5,0.024499999999999973
747,D83039,Prednisolone_Tab 5mg,0603020T0AAACAC,5,0.024499999999999973
343,D83053,Memantine HCl_Tab 20mg,0411000G0AAADAD,5,0.024499999999999973
639,D83015,Clonazepam_Tab 500mcg,0408010F0AAABAB,1,0.021199999999999997
686,D83057,Atorvastatin_Tab 10mg,0212000B0AAAAAA,10,0.021000000000000116
656,Y01794,Letrozole_Tab 2.5mg,0803041L0AAAAAA,4,0.019600000000000173
655,D83037,Letrozole_Tab 2.5mg,0803041L0AAAAAA,4,0.019600000000000173
654,D83044,Letrozole_Tab 2.5mg,0803041L0AAAAAA,4,0.019600000000000173
653,D83017,Letrozole_Tab 2.5mg,0803041L0AAAAAA,4,0.019600000000000173
344,D83037,Memantine HCl_Tab 20mg,0411000G0AAADAD,4,0.01959999999999998
751,Y01794,Prednisolone_Tab 5mg,0603020T0AAACAC,4,0.01959999999999998
345,D83024,Memantine HCl_Tab 20mg,0411000G0AAADAD,4,0.01959999999999998
750,D83050,Prednisolone_Tab 5mg,0603020T0AAACAC,4,0.01959999999999998
163,D83004,Paracet_Tab 500mg,0407010H0AAAMAM,3,0.01799999999999989
162,D83004,Paracet_Tab 500mg,0407010H0AAAMAM,3,0.01799999999999989
687,D83053,Atorvastatin_Tab 10mg,0212000B0AAAAAA,4,0.016800000000000093
690,D83006,Atorvastatin_Tab 10mg,0212000B0AAAAAA,8,0.016800000000000093
689,D83001,Atorvastatin_Tab 10mg,0212000B0AAAAAA,8,0.016800000000000093
688,D83054,Atorvastatin_Tab 10mg,0212000B0AAAAAA,8,0.016800000000000093
175,D83079,Paracet_Tab 500mg,0407010H0AAAMAM,4,0.0167999999999999
167,D83057,Paracet_Tab 500mg,0407010H0AAAMAM,4,0.0167999999999999
168,D83039,Paracet_Tab 500mg,0407010H0AAAMAM,4,0.0167999999999999
169,D83006,Paracet_Tab 500mg,0407010H0AAAMAM,6,0.0167999999999999
170,D83056,Paracet_Tab 500mg,0407010H0AAAMAM,1,0.0167999999999999
165,D83057,Paracet_Tab 500mg,0407010H0AAAMAM,4,0.0167999999999999
166,D83046,Paracet_Tab 500mg,0407010H0AAAMAM,4,0.0167999999999999
171,D83046,Paracet_Tab 500mg,0407010H0AAAMAM,4,0.0167999999999999
177,D83044,Paracet_Tab 500mg,0407010H0AAAMAM,4,0.0167999999999999
172,D83079,Paracet_Tab 500mg,0407010H0AAAMAM,4,0.0167999999999999
176,D83039,Paracet_Tab 500mg,0407010H0AAAMAM,4,0.0167999999999999
164,D83044,Paracet_Tab 500mg,0407010H0AAAMAM,4,0.0167999999999999
173,D83056,Paracet_Tab 500mg,0407010H0AAAMAM,1,0.0167999999999999
174,D83006,Paracet_Tab 500mg,0407010H0AAAMAM,6,0.0167999999999999
640,D83059,Clonazepam_Tab 500mcg,0408010F0AAABAB,1,0.015600000000000003
641,D83020,Clonazepam_Tab 500mcg,0408010F0AAABAB,1,0.015600000000000003
657,D83053,Letrozole_Tab 2.5mg,0803041L0AAAAAA,3,0.01470000000000013
691,D83026,Atorvastatin_Tab 10mg,0212000B0AAAAAA,7,0.014700000000000081
178,D83053,Paracet_Tab 500mg,0407010H0AAAMAM,5,0.013999999999999915
179,D83053,Paracet_Tab 500mg,0407010H0AAAMAM,5,0.013999999999999915
752,D83028,Prednisolone_Tab 5mg,0603020T0AAACAC,3,0.013499999999999918
692,D83037,Atorvastatin_Tab 10mg,0212000B0AAAAAA,3,0.01260000000000007
754,D83048,Prednisolone_Tab 5mg,0603020T0AAACAC,2,0.012599999999999924
753,D83044,Prednisolone_Tab 5mg,0603020T0AAACAC,2,0.012599999999999924
180,D83044,Paracet_Tab 500mg,0407010H0AAAMAM,3,0.012000000000000031
181,D83044,Paracet_Tab 500mg,0407010H0AAAMAM,3,0.012000000000000031
182,D83059,Paracet_Tab 500mg,0407010H0AAAMAM,2,0.011999999999999927
183,D83059,Paracet_Tab 500mg,0407010H0AAAMAM,2,0.011999999999999927
189,D83001,Paracet_Tab 500mg,0407010H0AAAMAM,4,0.011199999999999932
188,D83049,Paracet_Tab 500mg,0407010H0AAAMAM,4,0.011199999999999932
191,D83059,Paracet_Tab 500mg,0407010H0AAAMAM,4,0.011199999999999932
186,D83059,Paracet_Tab 500mg,0407010H0AAAMAM,4,0.011199999999999932
185,D83008,Paracet_Tab 500mg,0407010H0AAAMAM,4,0.011199999999999932
184,D83008,Paracet_Tab 500mg,0407010H0AAAMAM,4,0.011199999999999932
190,D83049,Paracet_Tab 500mg,0407010H0AAAMAM,4,0.011199999999999932
187,D83001,Paracet_Tab 500mg,0407010H0AAAMAM,4,0.011199999999999932
693,D83079,Atorvastatin_Tab 10mg,0212000B0AAAAAA,5,0.010500000000000058
694,D83046,Atorvastatin_Tab 10mg,0212000B0AAAAAA,5,0.010500000000000058
756,D83054,Prednisolone_Tab 5mg,0603020T0AAACAC,2,0.00979999999999999
755,D83053,Prednisolone_Tab 5mg,0603020T0AAACAC,2,0.00979999999999999
192,D83079,Paracet_Tab 500mg,0407010H0AAAMAM,1,0.009199999999999944
193,D83079,Paracet_Tab 500mg,0407010H0AAAMAM,1,0.009199999999999944
760,Y01794,Prednisolone_Tab 5mg,0603020T0AAACAC,2,0.008999999999999946
759,D83046,Prednisolone_Tab 5mg,0603020T0AAACAC,2,0.008999999999999946
758,D83006,Prednisolone_Tab 5mg,0603020T0AAACAC,2,0.008999999999999946
757,D83019,Prednisolone_Tab 5mg,0603020T0AAACAC,2,0.008999999999999946
700,D83049,Atorvastatin_Tab 10mg,0212000B0AAAAAA,4,0.008400000000000046
697,D83028,Atorvastatin_Tab 10mg,0212000B0AAAAAA,2,0.008400000000000046
698,D83073,Atorvastatin_Tab 10mg,0212000B0AAAAAA,4,0.008400000000000046
695,D83059,Atorvastatin_Tab 10mg,0212000B0AAAAAA,2,0.008400000000000046
696,D83053,Atorvastatin_Tab 10mg,0212000B0AAAAAA,4,0.008400000000000046
699,D83615,Atorvastatin_Tab 10mg,0212000B0AAAAAA,4,0.008400000000000046
702,D83074,Atorvastatin_Tab 10mg,0212000B0AAAAAA,4,0.008400000000000046
701,D83008,Atorvastatin_Tab 10mg,0212000B0AAAAAA,4,0.008400000000000046
195,D83048,Paracet_Tab 500mg,0407010H0AAAMAM,3,0.00839999999999995
762,D83046,Prednisolone_Tab 5mg,0603020T0AAACAC,2,0.00839999999999995
197,D83054,Paracet_Tab 500mg,0407010H0AAAMAM,3,0.00839999999999995
194,D83048,Paracet_Tab 500mg,0407010H0AAAMAM,3,0.00839999999999995
761,D83082,Prednisolone_Tab 5mg,0603020T0AAACAC,2,0.00839999999999995
196,D83054,Paracet_Tab 500mg,0407010H0AAAMAM,3,0.00839999999999995
330,D83061,Montelukast_Tab 10mg,0303020G0AAABAB,5,0.006999999999999992
763,D83050,Prednisolone_Tab 5mg,0603020T0AAACAC,2,0.006999999999999958
765,D83039,Prednisolone_Tab 5mg,0603020T0AAACAC,1,0.00659999999999996
764,D83049,Prednisolone_Tab 5mg,0603020T0AAACAC,1,0.00659999999999996
766,D83007,Prednisolone_Tab 5mg,0603020T0AAACAC,1,0.006499999999999961
767,D83041,Prednisolone_Tab 5mg,0603020T0AAACAC,1,0.006299999999999962
768,D83081,Prednisolone_Tab 5mg,0603020T0AAACAC,1,0.006299999999999962
769,D83028,Prednisolone_Tab 5mg,0603020T0AAACAC,1,0.006299999999999962
770,D83057,Prednisolone_Tab 5mg,0603020T0AAACAC,1,0.006299999999999962
205,D83026,Paracet_Tab 500mg,0407010H0AAAMAM,1,0.005999999999999964
211,D83026,Paracet_Tab 500mg,0407010H0AAAMAM,1,0.005999999999999964
210,D83046,Paracet_Tab 500mg,0407010H0AAAMAM,2,0.005999999999999964
209,D83020,Paracet_Tab 500mg,0407010H0AAAMAM,1,0.005999999999999964
208,D83046,Paracet_Tab 500mg,0407010H0AAAMAM,2,0.005999999999999964
207,D83004,Paracet_Tab 500mg,0407010H0AAAMAM,2,0.005999999999999964
206,D83020,Paracet_Tab 500mg,0407010H0AAAMAM,1,0.005999999999999964
203,D83069,Paracet_Tab 500mg,0407010H0AAAMAM,1,0.005999999999999964
204,D83004,Paracet_Tab 500mg,0407010H0AAAMAM,2,0.005999999999999964
202,D83001,Paracet_Tab 500mg,0407010H0AAAMAM,1,0.005999999999999964
201,D83069,Paracet_Tab 500mg,0407010H0AAAMAM,1,0.005999999999999964
200,D83039,Paracet_Tab 500mg,0407010H0AAAMAM,1,0.005999999999999964
199,D83001,Paracet_Tab 500mg,0407010H0AAAMAM,1,0.005999999999999964
198,D83039,Paracet_Tab 500mg,0407010H0AAAMAM,1,0.005999999999999964
771,D83054,Prednisolone_Tab 5mg,0603020T0AAACAC,1,0.005899999999999964
218,D83004,Paracet_Tab 500mg,0407010H0AAAMAM,2,0.005599999999999966
212,D83058,Paracet_Tab 500mg,0407010H0AAAMAM,1,0.005599999999999966
213,D83046,Paracet_Tab 500mg,0407010H0AAAMAM,1,0.005599999999999966
214,D83059,Paracet_Tab 500mg,0407010H0AAAMAM,4,0.005599999999999966
215,D83017,Paracet_Tab 500mg,0407010H0AAAMAM,4,0.005599999999999966
216,D83004,Paracet_Tab 500mg,0407010H0AAAMAM,2,0.005599999999999966
217,D83058,Paracet_Tab 500mg,0407010H0AAAMAM,1,0.005599999999999966
222,D83059,Paracet_Tab 500mg,0407010H0AAAMAM,4,0.005599999999999966
219,D83069,Paracet_Tab 500mg,0407010H0AAAMAM,2,0.005599999999999966
225,D83044,Paracet_Tab 500mg,0407010H0AAAMAM,4,0.005599999999999966
221,D83017,Paracet_Tab 500mg,0407010H0AAAMAM,4,0.005599999999999966
220,D83069,Paracet_Tab 500mg,0407010H0AAAMAM,2,0.005599999999999966
223,D83046,Paracet_Tab 500mg,0407010H0AAAMAM,1,0.005599999999999966
224,D83044,Paracet_Tab 500mg,0407010H0AAAMAM,4,0.005599999999999966
725,D83057,Atorvastatin_Tab 40mg,0212000B0AAACAC,1,0.00540000000000003
772,D83024,Prednisolone_Tab 5mg,0603020T0AAACAC,1,0.0053999999999999986
773,D83004,Prednisolone_Tab 5mg,0603020T0AAACAC,1,0.0050000000000000044
774,D83028,Prednisolone_Tab 5mg,0603020T0AAACAC,1,0.00499999999999997
775,D83015,Prednisolone_Tab 5mg,0603020T0AAACAC,1,0.00499999999999997
778,D83073,Prednisolone_Tab 5mg,0603020T0AAACAC,1,0.004899999999999995
776,D83082,Prednisolone_Tab 5mg,0603020T0AAACAC,1,0.004899999999999995
777,D83008,Prednisolone_Tab 5mg,0603020T0AAACAC,1,0.004899999999999995
785,D83039,Prednisolone_Tab 5mg,0603020T0AAACAC,1,0.004499999999999973
781,D83079,Prednisolone_Tab 5mg,0603020T0AAACAC,1,0.004499999999999973
779,D83056,Prednisolone_Tab 5mg,0603020T0AAACAC,1,0.004499999999999973
780,D83051,Prednisolone_Tab 5mg,0603020T0AAACAC,1,0.004499999999999973
782,D83036,Prednisolone_Tab 5mg,0603020T0AAACAC,1,0.004499999999999973
783,D83081,Prednisolone_Tab 5mg,0603020T0AAACAC,1,0.004499999999999973
784,D83015,Prednisolone_Tab 5mg,0603020T0AAACAC,1,0.004499999999999973
704,D83048,Atorvastatin_Tab 10mg,0212000B0AAAAAA,1,0.004200000000000023
705,D83001,Atorvastatin_Tab 10mg,0212000B0AAAAAA,1,0.004200000000000023
703,D83061,Atorvastatin_Tab 10mg,0212000B0AAAAAA,1,0.004200000000000023
706,Y01794,Atorvastatin_Tab 10mg,0212000B0AAAAAA,1,0.004200000000000023
346,D83056,Memantine HCl_Tab 20mg,0411000G0AAADAD,1,0.004199999999999995
347,D83037,Memantine HCl_Tab 20mg,0411000G0AAADAD,1,0.004199999999999975
793,D83004,Prednisolone_Tab 5mg,0603020T0AAACAC,1,0.004199999999999975
792,D83051,Prednisolone_Tab 5mg,0603020T0AAACAC,1,0.004199999999999975
791,D83024,Prednisolone_Tab 5mg,0603020T0AAACAC,1,0.004199999999999975
790,D83015,Prednisolone_Tab 5mg,0603020T0AAACAC,1,0.004199999999999975
789,D83050,Prednisolone_Tab 5mg,0603020T0AAACAC,1,0.004199999999999975
788,D83019,Prednisolone_Tab 5mg,0603020T0AAACAC,1,0.004199999999999975
787,D83041,Prednisolone_Tab 5mg,0603020T0AAACAC,1,0.004199999999999975
786,D83037,Prednisolone_Tab 5mg,0603020T0AAACAC,1,0.004199999999999975
707,D83046,Atorvastatin_Tab 10mg,0212000B0AAAAAA,1,0.004199999999999975
226,D83054,Paracet_Tab 500mg,0407010H0AAAMAM,1,0.004199999999999975
235,D83008,Paracet_Tab 500mg,0407010H0AAAMAM,1,0.004199999999999975
234,D83054,Paracet_Tab 500mg,0407010H0AAAMAM,1,0.004199999999999975
233,D83020,Paracet_Tab 500mg,0407010H0AAAMAM,1,0.004199999999999975
232,D83048,Paracet_Tab 500mg,0407010H0AAAMAM,1,0.004199999999999975
231,D83020,Paracet_Tab 500mg,0407010H0AAAMAM,1,0.004199999999999975
230,D83020,Paracet_Tab 500mg,0407010H0AAAMAM,3,0.004199999999999975
229,D83048,Paracet_Tab 500mg,0407010H0AAAMAM,1,0.004199999999999975
228,D83008,Paracet_Tab 500mg,0407010H0AAAMAM,1,0.004199999999999975
227,D83020,Paracet_Tab 500mg,0407010H0AAAMAM,3,0.004199999999999975
708,D83056,Atorvastatin_Tab 10mg,0212000B0AAAAAA,1,0.0039000000000000076
316,D83048,Atorvastatin_Tab 20mg,0212000B0AAABAB,1,0.00360000000000002
794,D83046,Prednisolone_Tab 5mg,0603020T0AAACAC,1,0.003499999999999979
709,D83051,Atorvastatin_Tab 10mg,0212000B0AAAAAA,1,0.0030000000000000165
236,D83074,Paracet_Tab 500mg,0407010H0AAAMAM,1,0.002999999999999982
237,D83074,Paracet_Tab 500mg,0407010H0AAAMAM,1,0.002999999999999982
241,D83046,Paracet_Tab 500mg,0407010H0AAAMAM,1,0.002799999999999983
240,D83046,Paracet_Tab 500mg,0407010H0AAAMAM,1,0.002799999999999983
239,Y01794,Paracet_Tab 500mg,0407010H0AAAMAM,1,0.002799999999999983
238,Y01794,Paracet_Tab 500mg,0407010H0AAAMAM,1,0.002799999999999983
710,D83015,Atorvastatin_Tab 10mg,0212000B0AAAAAA,1,0.0021000000000000116
317,D83058,Atorvastatin_Tab 20mg,0212000B0AAABAB,1,0.00180000000000001
245,Y01794,Paracet_Tab 500mg,0407010H0AAAMAM,1,0.0013999999999999915
244,Y01794,Paracet_Tab 500mg,0407010H0AAAMAM,1,0.0013999999999999915
243,D83046,Paracet_Tab 500mg,0407010H0AAAMAM,1,0.0013999999999999915
242,D83046,Paracet_Tab 500mg,0407010H0AAAMAM,1,0.0013999999999999915
726,D83057,Atorvastatin_Tab 40mg,0212000B0AAACAC,1,0.0013000000000000372
348,D83057,Memantine HCl_Tab 20mg,0411000G0AAADAD,1,0.0006999999999999992
247,D83048,Paracet_Tab 500mg,0407010H0AAAMAM,1,-0.0011999999999999997
246,D83048,Paracet_Tab 500mg,0407010H0AAAMAM,1,-0.0011999999999999997
727,D83048,Atorvastatin_Tab 40mg,0212000B0AAACAC,1,-0.0015999999999999348
249,D83037,Paracet_Tab 500mg,0407010H0AAAMAM,1,-0.0023999999999999994
248,D83037,Paracet_Tab 500mg,0407010H0AAAMAM,1,-0.0023999999999999994
658,Y01794,Letrozole_Tab 2.5mg,0803041L0AAAAAA,1,-0.0024000000000000687
642,Y01794,Clonazepam_Tab 500mcg,0408010F0AAABAB,1,-0.002400000000000402
318,D83059,Atorvastatin_Tab 20mg,0212000B0AAABAB,1,-0.002799999999999997
728,D83048,Atorvastatin_Tab 40mg,0212000B0AAACAC,1,-0.002799999999999997
331,D83046,Montelukast_Tab 10mg,0303020G0AAABAB,1,-0.0030999999999998737
712,D83053,Atorvastatin_Tab 10mg,0212000B0AAAAAA,1,-0.0031999999999999806
711,D83081,Atorvastatin_Tab 10mg,0212000B0AAAAAA,1,-0.0031999999999999806
729,D83028,Atorvastatin_Tab 40mg,0212000B0AAACAC,1,-0.0033999999999999794
250,D83084,Paracet_Tab 500mg,0407010H0AAAMAM,1,-0.005599999999999966
251,D83084,Paracet_Tab 500mg,0407010H0AAAMAM,1,-0.005599999999999966
659,D83051,Letrozole_Tab 2.5mg,0803041L0AAAAAA,2,-0.005999999999999894
713,D83004,Atorvastatin_Tab 10mg,0212000B0AAAAAA,1,-0.005999999999999964
714,D83044,Atorvastatin_Tab 10mg,0212000B0AAAAAA,4,-0.006399999999999961
252,D83081,Paracet_Tab 500mg,0407010H0AAAMAM,2,-0.011199999999999932
253,D83081,Paracet_Tab 500mg,0407010H0AAAMAM,2,-0.011199999999999932
254,D83073,Paracet_Tab 500mg,0407010H0AAAMAM,3,-0.0167999999999999
255,D83073,Paracet_Tab 500mg,0407010H0AAAMAM,3,-0.0167999999999999
256,D83008,Paracet_Tab 500mg,0407010H0AAAMAM,5,-0.02799999999999983
257,D83008,Paracet_Tab 500mg,0407010H0AAAMAM,5,-0.02799999999999983
645,D83001,Olanzapine_Tab 10mg,040201060AAACAC,7,-0.02940000000000026
258,D83004,Paracet_Tab 500mg,0407010H0AAAMAM,7,-0.03919999999999976
261,D83082,Paracet_Tab 500mg,0407010H0AAAMAM,7,-0.03919999999999976
260,D83082,Paracet_Tab 500mg,0407010H0AAAMAM,7,-0.03919999999999976
262,D83037,Paracet_Tab 500mg,0407010H0AAAMAM,7,-0.03919999999999976
263,D83004,Paracet_Tab 500mg,0407010H0AAAMAM,7,-0.03919999999999976
259,D83037,Paracet_Tab 500mg,0407010H0AAAMAM,7,-0.03919999999999976
264,D83048,Paracet_Tab 500mg,0407010H0AAAMAM,9,-0.050399999999999695
265,D83048,Paracet_Tab 500mg,0407010H0AAAMAM,9,-0.050399999999999695
266,D83069,Paracet_Tab 500mg,0407010H0AAAMAM,10,-0.05599999999999966
267,D83069,Paracet_Tab 500mg,0407010H0AAAMAM,10,-0.05599999999999966
646,D83058,Olanzapine_Tab 10mg,040201060AAACAC,23,-0.06440000000000057
268,D83028,Paracet_Tab 500mg,0407010H0AAAMAM,12,-0.0671999999999996
269,D83028,Paracet_Tab 500mg,0407010H0AAAMAM,12,-0.0671999999999996
271,D83020,Paracet_Tab 500mg,0407010H0AAAMAM,13,-0.07279999999999956
270,D83020,Paracet_Tab 500mg,0407010H0AAAMAM,13,-0.07279999999999956
332,D83061,Montelukast_Tab 10mg,0303020G0AAABAB,18,-0.07739999999999997
273,Y01794,Paracet_Tab 500mg,0407010H0AAAMAM,14,-0.07839999999999953
272,Y01794,Paracet_Tab 500mg,0407010H0AAAMAM,14,-0.07839999999999953
274,D83006,Paracet_Tab 500mg,0407010H0AAAMAM,17,-0.09519999999999942
275,D83006,Paracet_Tab 500mg,0407010H0AAAMAM,17,-0.09519999999999942
276,D83057,Paracet_Tab 500mg,0407010H0AAAMAM,23,-0.12879999999999922
277,D83057,Paracet_Tab 500mg,0407010H0AAAMAM,23,-0.12879999999999922
278,D83053,Paracet_Tab 500mg,0407010H0AAAMAM,25,-0.13999999999999915
279,D83053,Paracet_Tab 500mg,0407010H0AAAMAM,25,-0.13999999999999915
280,D83044,Paracet_Tab 500mg,0407010H0AAAMAM,30,-0.16799999999999898
281,D83044,Paracet_Tab 500mg,0407010H0AAAMAM,30,-0.16799999999999898
660,D83059,Letrozole_Tab 2.5mg,0803041L0AAAAAA,5,-0.26599999999999985
661,D83001,Letrozole_Tab 2.5mg,0803041L0AAAAAA,27,-0.5292000000000047
662,D83008,Letrozole_Tab 2.5mg,0803041L0AAAAAA,22,-0.5543999999999988
283,D83044,Paracet_Tab 500mg,0407010H0AAAMAM,12,-0.614399999999999
282,D83044,Paracet_Tab 500mg,0407010H0AAAMAM,12,-0.614399999999999
284,D83061,Paracet_Tab 500mg,0407010H0AAAMAM,21,-0.6299999999999998
285,D83061,Paracet_Tab 500mg,0407010H0AAAMAM,21,-0.6299999999999998
287,D83019,Paracet_Tab 500mg,0407010H0AAAMAM,115,-0.6439999999999961
286,D83019,Paracet_Tab 500mg,0407010H0AAAMAM,115,-0.6439999999999961
288,D83017,Paracet_Tab 500mg,0407010H0AAAMAM,120,-0.6719999999999959
289,D83017,Paracet_Tab 500mg,0407010H0AAAMAM,120,-0.6719999999999959
290,D83044,Paracet_Tab 500mg,0407010H0AAAMAM,11,-0.8447999999999986
291,D83044,Paracet_Tab 500mg,0407010H0AAAMAM,11,-0.8447999999999986
293,D83049,Paracet_Tab 500mg,0407010H0AAAMAM,59,-1.3215999999999921
292,D83049,Paracet_Tab 500mg,0407010H0AAAMAM,59,-1.3215999999999921
294,D83041,Paracet_Tab 500mg,0407010H0AAAMAM,15,-1.3439999999999976
295,D83041,Paracet_Tab 500mg,0407010H0AAAMAM,15,-1.3439999999999976
296,D83008,Paracet_Tab 500mg,0407010H0AAAMAM,103,-2.307199999999986
297,D83008,Paracet_Tab 500mg,0407010H0AAAMAM,103,-2.307199999999986
298,D83041,Paracet_Tab 500mg,0407010H0AAAMAM,93,-2.789999999999999
299,D83041,Paracet_Tab 500mg,0407010H0AAAMAM,93,-2.789999999999999
