,practice_code,bnf_description,bnf_code,items,excess_cost
0,J82166,Atorvastatin_Tab 20mg,0212000B0AAABAB,251,180.6196
15,J82150,Atorvastatin_Tab 40mg,0212000B0AAACAC,65,177.996
584,J82007,Aripiprazole_Tab 5mg,0402010ADAAADAD,7,172.3624
16,J82166,Atorvastatin_Tab 40mg,0212000B0AAACAC,231,133.88760000000002
632,J82131,Sumatriptan_Tab 50mg,0407041T0AAAFAF,9,103.7664
607,J82082,Mesalazine_Tab E/C 800mg,0105010B0AAASAS,1,103.31999999999998
616,J82166,Nebivolol_Tab 2.5mg,0204000ABAAABAB,9,96.5664
1,J82150,Atorvastatin_Tab 20mg,0212000B0AAABAB,105,90.55200000000002
2,J82166,Atorvastatin_Tab 20mg,0212000B0AAABAB,43,90.30000000000001
585,J82131,Aripiprazole_Tab 5mg,0402010ADAAADAD,3,86.18399999999998
27,J82007,Paracet_Tab Solb 500mg,0407010H0AAAQAQ,2,82.2976
26,J82007,Paracet_Tab Solb 500mg,0407010H0AAAQAQ,2,82.2976
633,J82074,Sumatriptan_Tab 50mg,0407041T0AAAFAF,6,80.9424
803,J82131,Sumatriptan_Tab 100mg,0407041T0AAACAC,12,75.67200000000001
608,J82018,Mesalazine_Tab E/C 800mg,0105010B0AAASAS,1,68.87999999999998
3,J82150,Atorvastatin_Tab 20mg,0212000B0AAABAB,80,67.64800000000001
17,J82150,Atorvastatin_Tab 40mg,0212000B0AAACAC,59,67.23640000000002
18,J82150,Atorvastatin_Tab 40mg,0212000B0AAACAC,5,66.78
804,J82074,Sumatriptan_Tab 100mg,0407041T0AAACAC,4,54.2832
617,J82150,Nebivolol_Tab 2.5mg,0204000ABAAABAB,3,52.6764
618,J82007,Nebivolol_Tab 2.5mg,0204000ABAAABAB,4,52.67359999999999
619,J82131,Nebivolol_Tab 2.5mg,0204000ABAAABAB,7,48.29439999999999
4,J82007,Atorvastatin_Tab 20mg,0212000B0AAABAB,267,45.60360000000001
634,J82131,Sumatriptan_Tab 50mg,0407041T0AAAFAF,12,38.91599999999999
805,J82131,Sumatriptan_Tab 100mg,0407041T0AAACAC,6,37.8324
806,J82131,Sumatriptan_Tab 100mg,0407041T0AAACAC,2,37.8324
350,J82166,Paracet_Tab 500mg,0407010H0AAAMAM,205,36.89999999999999
609,J82017,Mesalazine_Tab E/C 800mg,0105010B0AAASAS,1,36.89999999999999
351,J82166,Paracet_Tab 500mg,0407010H0AAAMAM,205,36.89999999999999
28,J82029,Paracet_Tab Solb 500mg,0407010H0AAAQAQ,7,36.750000000000014
29,J82029,Paracet_Tab Solb 500mg,0407010H0AAAQAQ,7,36.750000000000014
30,J82150,Paracet_Tab Solb 500mg,0407010H0AAAQAQ,11,36.74
31,J82150,Paracet_Tab Solb 500mg,0407010H0AAAQAQ,11,36.74
33,J82034,Paracet_Tab Solb 500mg,0407010H0AAAQAQ,1,35.260799999999996
32,J82034,Paracet_Tab Solb 500mg,0407010H0AAAQAQ,1,35.260799999999996
610,J82018,Mesalazine_Tab E/C 800mg,0105010B0AAASAS,1,34.43999999999999
611,J82056,Mesalazine_Tab E/C 800mg,0105010B0AAASAS,1,34.43999999999999
612,J82017,Mesalazine_Tab E/C 800mg,0105010B0AAASAS,1,34.43999999999999
5,J82075,Atorvastatin_Tab 20mg,0212000B0AAABAB,172,22.63520000000001
352,J82039,Paracet_Tab 500mg,0407010H0AAAMAM,52,22.131200000000028
353,J82039,Paracet_Tab 500mg,0407010H0AAAMAM,52,22.131200000000028
355,J82150,Paracet_Tab 500mg,0407010H0AAAMAM,52,17.68
354,J82150,Paracet_Tab 500mg,0407010H0AAAMAM,52,17.68
357,J82150,Paracet_Tab 500mg,0407010H0AAAMAM,131,15.719999999999995
356,J82150,Paracet_Tab 500mg,0407010H0AAAMAM,131,15.719999999999995
358,J82075,Paracet_Tab 500mg,0407010H0AAAMAM,27,10.260000000000012
359,J82075,Paracet_Tab 500mg,0407010H0AAAMAM,27,10.260000000000012
361,J82150,Paracet_Tab 500mg,0407010H0AAAMAM,3,9.676800000000002
360,J82150,Paracet_Tab 500mg,0407010H0AAAMAM,3,9.676800000000002
363,J82074,Paracet_Tab 500mg,0407010H0AAAMAM,34,8.839999999999995
362,J82074,Paracet_Tab 500mg,0407010H0AAAMAM,34,8.839999999999995
365,J82029,Paracet_Tab 500mg,0407010H0AAAMAM,143,8.579999999999998
364,J82029,Paracet_Tab 500mg,0407010H0AAAMAM,143,8.579999999999998
70,J82112,Clonazepam_Tab 500mcg,0408010F0AAABAB,13,8.226399999999984
71,J82132,Clonazepam_Tab 500mcg,0408010F0AAABAB,7,6.644399999999987
72,J82089,Clonazepam_Tab 500mcg,0408010F0AAABAB,3,5.695199999999988
366,J82039,Paracet_Tab 500mg,0407010H0AAAMAM,6,5.644800000000001
367,J82039,Paracet_Tab 500mg,0407010H0AAAMAM,6,5.644800000000001
368,J82074,Paracet_Tab 500mg,0407010H0AAAMAM,106,5.300000000000004
369,J82074,Paracet_Tab 500mg,0407010H0AAAMAM,106,5.300000000000004
73,J82074,Clonazepam_Tab 500mcg,0408010F0AAABAB,2,5.263999999999992
76,J82056,Clonazepam_Tab 500mcg,0408010F0AAABAB,8,5.06239999999999
75,J82156,Clonazepam_Tab 500mcg,0408010F0AAABAB,8,5.06239999999999
74,J82143,Clonazepam_Tab 500mcg,0408010F0AAABAB,4,5.06239999999999
370,J82166,Paracet_Tab 500mg,0407010H0AAAMAM,74,4.972800000000028
371,J82166,Paracet_Tab 500mg,0407010H0AAAMAM,74,4.972800000000028
373,J82166,Paracet_Tab 500mg,0407010H0AAAMAM,76,4.560000000000025
372,J82166,Paracet_Tab 500mg,0407010H0AAAMAM,76,4.560000000000025
77,J82016,Clonazepam_Tab 500mcg,0408010F0AAABAB,2,4.519999999999991
374,J82039,Paracet_Tab 500mg,0407010H0AAAMAM,150,4.500000000000025
375,J82039,Paracet_Tab 500mg,0407010H0AAAMAM,150,4.500000000000025
635,J82007,Sumatriptan_Tab 50mg,0407041T0AAAFAF,1,4.3336
78,J82097,Clonazepam_Tab 500mcg,0408010F0AAABAB,13,4.113199999999992
83,J82130,Clonazepam_Tab 500mcg,0408010F0AAABAB,12,3.796799999999992
86,J82018,Clonazepam_Tab 500mcg,0408010F0AAABAB,1,3.796799999999992
85,J82166,Clonazepam_Tab 500mcg,0408010F0AAABAB,1,3.796799999999992
84,J82056,Clonazepam_Tab 500mcg,0408010F0AAABAB,3,3.796799999999992
79,J82132,Clonazepam_Tab 500mcg,0408010F0AAABAB,3,3.796799999999992
80,J82063,Clonazepam_Tab 500mcg,0408010F0AAABAB,6,3.796799999999992
81,J82056,Clonazepam_Tab 500mcg,0408010F0AAABAB,1,3.796799999999992
82,J82019,Clonazepam_Tab 500mcg,0408010F0AAABAB,3,3.796799999999992
87,J82050,Clonazepam_Tab 500mcg,0408010F0AAABAB,11,3.480399999999993
88,J82112,Clonazepam_Tab 500mcg,0408010F0AAABAB,3,3.389999999999993
376,J82007,Paracet_Tab 500mg,0407010H0AAAMAM,165,3.300000000000037
377,J82007,Paracet_Tab 500mg,0407010H0AAAMAM,165,3.300000000000037
89,J82143,Clonazepam_Tab 500mcg,0408010F0AAABAB,5,3.1639999999999935
90,J82166,Clonazepam_Tab 500mcg,0408010F0AAABAB,2,3.1639999999999935
91,J82121,Clonazepam_Tab 500mcg,0408010F0AAABAB,3,2.847599999999994
92,J82051,Clonazepam_Tab 500mcg,0408010F0AAABAB,3,2.847599999999994
102,J82007,Clonazepam_Tab 500mcg,0408010F0AAABAB,4,2.531199999999995
98,J82156,Clonazepam_Tab 500mcg,0408010F0AAABAB,2,2.531199999999995
105,J82017,Clonazepam_Tab 500mcg,0408010F0AAABAB,2,2.531199999999995
104,J82130,Clonazepam_Tab 500mcg,0408010F0AAABAB,2,2.531199999999995
103,J82112,Clonazepam_Tab 500mcg,0408010F0AAABAB,2,2.531199999999995
101,J82129,Clonazepam_Tab 500mcg,0408010F0AAABAB,8,2.531199999999995
100,J82051,Clonazepam_Tab 500mcg,0408010F0AAABAB,8,2.531199999999995
99,J82139,Clonazepam_Tab 500mcg,0408010F0AAABAB,4,2.531199999999995
96,J82029,Clonazepam_Tab 500mcg,0408010F0AAABAB,2,2.531199999999995
97,J82064,Clonazepam_Tab 500mcg,0408010F0AAABAB,2,2.531199999999995
95,J82089,Clonazepam_Tab 500mcg,0408010F0AAABAB,2,2.531199999999995
94,J82050,Clonazepam_Tab 500mcg,0408010F0AAABAB,4,2.531199999999995
93,J82035,Clonazepam_Tab 500mcg,0408010F0AAABAB,2,2.531199999999995
379,J82007,Paracet_Tab 500mg,0407010H0AAAMAM,61,2.4400000000000275
378,J82007,Paracet_Tab 500mg,0407010H0AAAMAM,61,2.4400000000000275
109,J82150,Clonazepam_Tab 500mcg,0408010F0AAABAB,2,2.2599999999999953
113,J82131,Clonazepam_Tab 500mcg,0408010F0AAABAB,2,2.2599999999999953
112,J82121,Clonazepam_Tab 500mcg,0408010F0AAABAB,2,2.2599999999999953
111,J82145,Clonazepam_Tab 500mcg,0408010F0AAABAB,2,2.2599999999999953
110,J82166,Clonazepam_Tab 500mcg,0408010F0AAABAB,1,2.2599999999999953
106,J82039,Clonazepam_Tab 500mcg,0408010F0AAABAB,1,2.2599999999999953
108,J82007,Clonazepam_Tab 500mcg,0408010F0AAABAB,2,2.2599999999999953
107,J82112,Clonazepam_Tab 500mcg,0408010F0AAABAB,1,2.2599999999999953
114,J82025,Clonazepam_Tab 500mcg,0408010F0AAABAB,7,2.2147999999999954
115,J82007,Clonazepam_Tab 500mcg,0408010F0AAABAB,7,2.2147999999999954
116,J82166,Clonazepam_Tab 500mcg,0408010F0AAABAB,1,2.2147999999999954
117,J82145,Clonazepam_Tab 500mcg,0408010F0AAABAB,1,2.033999999999996
132,J82145,Clonazepam_Tab 500mcg,0408010F0AAABAB,6,1.898399999999996
137,J82103,Clonazepam_Tab 500mcg,0408010F0AAABAB,3,1.898399999999996
133,J82072,Clonazepam_Tab 500mcg,0408010F0AAABAB,1,1.898399999999996
134,J82035,Clonazepam_Tab 500mcg,0408010F0AAABAB,1,1.898399999999996
136,J82053,Clonazepam_Tab 500mcg,0408010F0AAABAB,3,1.898399999999996
135,J82132,Clonazepam_Tab 500mcg,0408010F0AAABAB,3,1.898399999999996
138,J82020,Clonazepam_Tab 500mcg,0408010F0AAABAB,1,1.898399999999996
139,J82074,Clonazepam_Tab 500mcg,0408010F0AAABAB,1,1.898399999999996
140,J82146,Clonazepam_Tab 500mcg,0408010F0AAABAB,3,1.898399999999996
141,J82056,Clonazepam_Tab 500mcg,0408010F0AAABAB,1,1.898399999999996
130,J82124,Clonazepam_Tab 500mcg,0408010F0AAABAB,3,1.898399999999996
142,J82074,Clonazepam_Tab 500mcg,0408010F0AAABAB,6,1.898399999999996
131,J82097,Clonazepam_Tab 500mcg,0408010F0AAABAB,4,1.898399999999996
127,J82025,Clonazepam_Tab 500mcg,0408010F0AAABAB,1,1.898399999999996
129,J82063,Clonazepam_Tab 500mcg,0408010F0AAABAB,2,1.898399999999996
128,J82166,Clonazepam_Tab 500mcg,0408010F0AAABAB,3,1.898399999999996
126,J82145,Clonazepam_Tab 500mcg,0408010F0AAABAB,4,1.898399999999996
125,J82112,Clonazepam_Tab 500mcg,0408010F0AAABAB,1,1.898399999999996
124,J82020,Clonazepam_Tab 500mcg,0408010F0AAABAB,2,1.898399999999996
123,J82082,Clonazepam_Tab 500mcg,0408010F0AAABAB,3,1.898399999999996
122,J82018,Clonazepam_Tab 500mcg,0408010F0AAABAB,2,1.898399999999996
121,J82025,Clonazepam_Tab 500mcg,0408010F0AAABAB,2,1.898399999999996
120,J82007,Clonazepam_Tab 500mcg,0408010F0AAABAB,1,1.898399999999996
119,J82145,Clonazepam_Tab 500mcg,0408010F0AAABAB,1,1.898399999999996
118,J82145,Clonazepam_Tab 500mcg,0408010F0AAABAB,2,1.898399999999996
381,J82007,Paracet_Tab 500mg,0407010H0AAAMAM,1,1.71
380,J82007,Paracet_Tab 500mg,0407010H0AAAMAM,1,1.71
145,J82025,Clonazepam_Tab 500mcg,0408010F0AAABAB,1,1.6949999999999965
144,J82034,Clonazepam_Tab 500mcg,0408010F0AAABAB,1,1.6949999999999965
143,J82130,Clonazepam_Tab 500mcg,0408010F0AAABAB,1,1.6949999999999965
146,J82156,Clonazepam_Tab 500mcg,0408010F0AAABAB,5,1.5819999999999967
147,J82166,Clonazepam_Tab 500mcg,0408010F0AAABAB,5,1.5819999999999967
148,J82056,Clonazepam_Tab 500mcg,0408010F0AAABAB,5,1.5819999999999967
149,J82029,Clonazepam_Tab 500mcg,0408010F0AAABAB,5,1.5819999999999967
150,J82131,Clonazepam_Tab 500mcg,0408010F0AAABAB,3,1.423799999999997
151,J82017,Clonazepam_Tab 500mcg,0408010F0AAABAB,1,1.3559999999999972
152,J82025,Clonazepam_Tab 500mcg,0408010F0AAABAB,2,1.3559999999999972
153,J82131,Clonazepam_Tab 500mcg,0408010F0AAABAB,1,1.3559999999999972
154,J82063,Clonazepam_Tab 500mcg,0408010F0AAABAB,2,1.3559999999999972
155,J82050,Clonazepam_Tab 500mcg,0408010F0AAABAB,1,1.3559999999999972
156,J82103,Clonazepam_Tab 500mcg,0408010F0AAABAB,1,1.3559999999999972
157,J82053,Clonazepam_Tab 500mcg,0408010F0AAABAB,1,1.3559999999999972
383,J82029,Paracet_Tab 500mg,0407010H0AAAMAM,33,1.320000000000015
382,J82029,Paracet_Tab 500mg,0407010H0AAAMAM,33,1.320000000000015
159,J82169,Clonazepam_Tab 500mcg,0408010F0AAABAB,2,1.2655999999999974
160,J82025,Clonazepam_Tab 500mcg,0408010F0AAABAB,2,1.2655999999999974
184,J82132,Clonazepam_Tab 500mcg,0408010F0AAABAB,4,1.2655999999999974
183,J82018,Clonazepam_Tab 500mcg,0408010F0AAABAB,1,1.2655999999999974
182,J82020,Clonazepam_Tab 500mcg,0408010F0AAABAB,2,1.2655999999999974
181,J82025,Clonazepam_Tab 500mcg,0408010F0AAABAB,1,1.2655999999999974
180,J82130,Clonazepam_Tab 500mcg,0408010F0AAABAB,2,1.2655999999999974
179,J82008,Clonazepam_Tab 500mcg,0408010F0AAABAB,2,1.2655999999999974
178,J82145,Clonazepam_Tab 500mcg,0408010F0AAABAB,1,1.2655999999999974
177,J82018,Clonazepam_Tab 500mcg,0408010F0AAABAB,2,1.2655999999999974
176,J82112,Clonazepam_Tab 500mcg,0408010F0AAABAB,4,1.2655999999999974
175,J82150,Clonazepam_Tab 500mcg,0408010F0AAABAB,2,1.2655999999999974
174,J82089,Clonazepam_Tab 500mcg,0408010F0AAABAB,2,1.2655999999999974
173,J82166,Clonazepam_Tab 500mcg,0408010F0AAABAB,1,1.2655999999999974
172,J82063,Clonazepam_Tab 500mcg,0408010F0AAABAB,1,1.2655999999999974
171,J82097,Clonazepam_Tab 500mcg,0408010F0AAABAB,2,1.2655999999999974
170,J82072,Clonazepam_Tab 500mcg,0408010F0AAABAB,1,1.2655999999999974
169,J82097,Clonazepam_Tab 500mcg,0408010F0AAABAB,1,1.2655999999999974
168,J82129,Clonazepam_Tab 500mcg,0408010F0AAABAB,1,1.2655999999999974
167,J82029,Clonazepam_Tab 500mcg,0408010F0AAABAB,2,1.2655999999999974
166,J82035,Clonazepam_Tab 500mcg,0408010F0AAABAB,2,1.2655999999999974
165,J82150,Clonazepam_Tab 500mcg,0408010F0AAABAB,1,1.2655999999999974
164,J82072,Clonazepam_Tab 500mcg,0408010F0AAABAB,2,1.2655999999999974
163,J82034,Clonazepam_Tab 500mcg,0408010F0AAABAB,4,1.2655999999999974
162,J82103,Clonazepam_Tab 500mcg,0408010F0AAABAB,1,1.2655999999999974
161,J82116,Clonazepam_Tab 500mcg,0408010F0AAABAB,4,1.2655999999999974
158,J82139,Clonazepam_Tab 500mcg,0408010F0AAABAB,4,1.2655999999999974
186,J82145,Clonazepam_Tab 500mcg,0408010F0AAABAB,5,1.1864999999999974
185,J82050,Clonazepam_Tab 500mcg,0408010F0AAABAB,5,1.1864999999999974
188,J82116,Clonazepam_Tab 500mcg,0408010F0AAABAB,1,1.1299999999999977
198,J82214,Clonazepam_Tab 500mcg,0408010F0AAABAB,1,1.1299999999999977
189,J82063,Clonazepam_Tab 500mcg,0408010F0AAABAB,1,1.1299999999999977
203,J82017,Clonazepam_Tab 500mcg,0408010F0AAABAB,1,1.1299999999999977
202,J82130,Clonazepam_Tab 500mcg,0408010F0AAABAB,1,1.1299999999999977
201,J82035,Clonazepam_Tab 500mcg,0408010F0AAABAB,1,1.1299999999999977
200,J82050,Clonazepam_Tab 500mcg,0408010F0AAABAB,1,1.1299999999999977
199,J82097,Clonazepam_Tab 500mcg,0408010F0AAABAB,1,1.1299999999999977
187,J82166,Clonazepam_Tab 500mcg,0408010F0AAABAB,1,1.1299999999999977
197,J82106,Clonazepam_Tab 500mcg,0408010F0AAABAB,1,1.1299999999999977
192,J82064,Clonazepam_Tab 500mcg,0408010F0AAABAB,1,1.1299999999999977
190,J82025,Clonazepam_Tab 500mcg,0408010F0AAABAB,1,1.1299999999999977
196,J82020,Clonazepam_Tab 500mcg,0408010F0AAABAB,1,1.1299999999999977
191,J82008,Clonazepam_Tab 500mcg,0408010F0AAABAB,1,1.1299999999999977
193,J82029,Clonazepam_Tab 500mcg,0408010F0AAABAB,1,1.1299999999999977
194,J82053,Clonazepam_Tab 500mcg,0408010F0AAABAB,1,1.1299999999999977
195,J82169,Clonazepam_Tab 500mcg,0408010F0AAABAB,1,1.1299999999999977
204,J82214,Clonazepam_Tab 500mcg,0408010F0AAABAB,7,1.1073999999999977
205,J82056,Clonazepam_Tab 500mcg,0408010F0AAABAB,4,1.0943999999999967
207,J82051,Clonazepam_Tab 500mcg,0408010F0AAABAB,1,1.016999999999998
208,J82063,Clonazepam_Tab 500mcg,0408010F0AAABAB,3,1.016999999999998
206,J82035,Clonazepam_Tab 500mcg,0408010F0AAABAB,1,1.016999999999998
19,J82007,Atorvastatin_Tab 40mg,0212000B0AAACAC,173,0.9687999999999941
222,J82064,Clonazepam_Tab 500mcg,0408010F0AAABAB,1,0.949199999999998
229,J82035,Clonazepam_Tab 500mcg,0408010F0AAABAB,3,0.949199999999998
228,J82034,Clonazepam_Tab 500mcg,0408010F0AAABAB,1,0.949199999999998
227,J82121,Clonazepam_Tab 500mcg,0408010F0AAABAB,3,0.949199999999998
226,J82150,Clonazepam_Tab 500mcg,0408010F0AAABAB,1,0.949199999999998
225,J82029,Clonazepam_Tab 500mcg,0408010F0AAABAB,1,0.949199999999998
224,J82035,Clonazepam_Tab 500mcg,0408010F0AAABAB,1,0.949199999999998
223,J82056,Clonazepam_Tab 500mcg,0408010F0AAABAB,1,0.949199999999998
230,J82097,Clonazepam_Tab 500mcg,0408010F0AAABAB,1,0.949199999999998
220,J82019,Clonazepam_Tab 500mcg,0408010F0AAABAB,3,0.949199999999998
221,J82146,Clonazepam_Tab 500mcg,0408010F0AAABAB,3,0.949199999999998
213,J82072,Clonazepam_Tab 500mcg,0408010F0AAABAB,4,0.949199999999998
209,J82018,Clonazepam_Tab 500mcg,0408010F0AAABAB,6,0.949199999999998
211,J82039,Clonazepam_Tab 500mcg,0408010F0AAABAB,1,0.949199999999998
219,J82020,Clonazepam_Tab 500mcg,0408010F0AAABAB,3,0.949199999999998
212,J82050,Clonazepam_Tab 500mcg,0408010F0AAABAB,1,0.949199999999998
210,J82017,Clonazepam_Tab 500mcg,0408010F0AAABAB,3,0.949199999999998
214,J82074,Clonazepam_Tab 500mcg,0408010F0AAABAB,1,0.949199999999998
218,J82082,Clonazepam_Tab 500mcg,0408010F0AAABAB,3,0.949199999999998
215,J82064,Clonazepam_Tab 500mcg,0408010F0AAABAB,3,0.949199999999998
217,J82130,Clonazepam_Tab 500mcg,0408010F0AAABAB,1,0.949199999999998
216,J82059,Clonazepam_Tab 500mcg,0408010F0AAABAB,3,0.949199999999998
231,J82124,Clonazepam_Tab 500mcg,0408010F0AAABAB,4,0.8879999999999999
232,J82214,Clonazepam_Tab 500mcg,0408010F0AAABAB,1,0.8474999999999983
233,J82056,Clonazepam_Tab 500mcg,0408010F0AAABAB,4,0.8063999999999991
234,J82082,Clonazepam_Tab 500mcg,0408010F0AAABAB,5,0.7909999999999984
235,J82139,Clonazepam_Tab 500mcg,0408010F0AAABAB,5,0.7909999999999984
236,J82050,Clonazepam_Tab 500mcg,0408010F0AAABAB,5,0.7909999999999984
237,J82131,Clonazepam_Tab 500mcg,0408010F0AAABAB,1,0.7523999999999977
238,J82131,Clonazepam_Tab 500mcg,0408010F0AAABAB,9,0.7118999999999985
239,J82039,Clonazepam_Tab 500mcg,0408010F0AAABAB,9,0.7118999999999985
240,J82016,Clonazepam_Tab 500mcg,0408010F0AAABAB,1,0.6943999999999992
241,J82156,Clonazepam_Tab 500mcg,0408010F0AAABAB,5,0.6839999999999979
251,J82145,Clonazepam_Tab 500mcg,0408010F0AAABAB,1,0.6779999999999986
257,J82019,Clonazepam_Tab 500mcg,0408010F0AAABAB,1,0.6779999999999986
255,J82074,Clonazepam_Tab 500mcg,0408010F0AAABAB,1,0.6779999999999986
254,J82056,Clonazepam_Tab 500mcg,0408010F0AAABAB,1,0.6779999999999986
253,J82130,Clonazepam_Tab 500mcg,0408010F0AAABAB,1,0.6779999999999986
256,J82089,Clonazepam_Tab 500mcg,0408010F0AAABAB,1,0.6779999999999986
250,J82039,Clonazepam_Tab 500mcg,0408010F0AAABAB,2,0.6779999999999986
244,J82035,Clonazepam_Tab 500mcg,0408010F0AAABAB,1,0.6779999999999986
242,J82064,Clonazepam_Tab 500mcg,0408010F0AAABAB,1,0.6779999999999986
243,J82131,Clonazepam_Tab 500mcg,0408010F0AAABAB,2,0.6779999999999986
249,J82059,Clonazepam_Tab 500mcg,0408010F0AAABAB,1,0.6779999999999986
252,J82074,Clonazepam_Tab 500mcg,0408010F0AAABAB,2,0.6779999999999986
245,J82020,Clonazepam_Tab 500mcg,0408010F0AAABAB,1,0.6779999999999986
248,J82071,Clonazepam_Tab 500mcg,0408010F0AAABAB,1,0.6779999999999986
247,J82139,Clonazepam_Tab 500mcg,0408010F0AAABAB,1,0.6779999999999986
246,J82034,Clonazepam_Tab 500mcg,0408010F0AAABAB,2,0.6779999999999986
258,J82121,Clonazepam_Tab 500mcg,0408010F0AAABAB,1,0.6327999999999987
278,J82074,Clonazepam_Tab 500mcg,0408010F0AAABAB,1,0.6327999999999987
277,J82146,Clonazepam_Tab 500mcg,0408010F0AAABAB,8,0.6327999999999987
276,J82074,Clonazepam_Tab 500mcg,0408010F0AAABAB,4,0.6327999999999987
275,J82131,Clonazepam_Tab 500mcg,0408010F0AAABAB,2,0.6327999999999987
274,J82145,Clonazepam_Tab 500mcg,0408010F0AAABAB,1,0.6327999999999987
273,J82051,Clonazepam_Tab 500mcg,0408010F0AAABAB,1,0.6327999999999987
272,J82145,Clonazepam_Tab 500mcg,0408010F0AAABAB,4,0.6327999999999987
271,J82151,Clonazepam_Tab 500mcg,0408010F0AAABAB,1,0.6327999999999987
270,J82064,Clonazepam_Tab 500mcg,0408010F0AAABAB,1,0.6327999999999987
269,J82169,Clonazepam_Tab 500mcg,0408010F0AAABAB,2,0.6327999999999987
268,J82039,Clonazepam_Tab 500mcg,0408010F0AAABAB,1,0.6327999999999987
266,J82019,Clonazepam_Tab 500mcg,0408010F0AAABAB,4,0.6327999999999987
265,J82075,Clonazepam_Tab 500mcg,0408010F0AAABAB,2,0.6327999999999987
264,J82150,Clonazepam_Tab 500mcg,0408010F0AAABAB,2,0.6327999999999987
263,J82192,Clonazepam_Tab 500mcg,0408010F0AAABAB,1,0.6327999999999987
262,J82214,Clonazepam_Tab 500mcg,0408010F0AAABAB,1,0.6327999999999987
261,J82034,Clonazepam_Tab 500mcg,0408010F0AAABAB,1,0.6327999999999987
260,J82017,Clonazepam_Tab 500mcg,0408010F0AAABAB,1,0.6327999999999987
259,J82071,Clonazepam_Tab 500mcg,0408010F0AAABAB,1,0.6327999999999987
267,J82106,Clonazepam_Tab 500mcg,0408010F0AAABAB,1,0.6327999999999987
279,J82039,Clonazepam_Tab 500mcg,0408010F0AAABAB,1,0.5762999999999988
280,J82082,Clonazepam_Tab 500mcg,0408010F0AAABAB,1,0.5699999999999983
282,J82192,Clonazepam_Tab 500mcg,0408010F0AAABAB,1,0.5699999999999983
281,J82112,Clonazepam_Tab 500mcg,0408010F0AAABAB,1,0.5699999999999983
283,J82007,Clonazepam_Tab 500mcg,0408010F0AAABAB,7,0.5536999999999989
284,J82156,Clonazepam_Tab 500mcg,0408010F0AAABAB,3,0.5375999999999994
285,J82124,Clonazepam_Tab 500mcg,0408010F0AAABAB,1,0.5129999999999985
286,J82034,Clonazepam_Tab 500mcg,0408010F0AAABAB,4,0.48839999999999995
287,J82131,Clonazepam_Tab 500mcg,0408010F0AAABAB,3,0.474599999999999
288,J82130,Clonazepam_Tab 500mcg,0408010F0AAABAB,1,0.474599999999999
289,J82132,Clonazepam_Tab 500mcg,0408010F0AAABAB,1,0.45199999999999907
294,J82139,Clonazepam_Tab 500mcg,0408010F0AAABAB,5,0.3954999999999992
293,J82150,Clonazepam_Tab 500mcg,0408010F0AAABAB,1,0.3954999999999992
292,J82051,Clonazepam_Tab 500mcg,0408010F0AAABAB,5,0.3954999999999992
291,J82139,Clonazepam_Tab 500mcg,0408010F0AAABAB,1,0.3954999999999992
290,J82124,Clonazepam_Tab 500mcg,0408010F0AAABAB,5,0.3954999999999992
295,J82075,Clonazepam_Tab 500mcg,0408010F0AAABAB,2,0.39099999999999846
296,J82064,Clonazepam_Tab 500mcg,0408010F0AAABAB,2,0.348
303,J82143,Clonazepam_Tab 500mcg,0408010F0AAABAB,1,0.3389999999999993
304,J82106,Clonazepam_Tab 500mcg,0408010F0AAABAB,1,0.3389999999999993
297,J82112,Clonazepam_Tab 500mcg,0408010F0AAABAB,1,0.3389999999999993
302,J82103,Clonazepam_Tab 500mcg,0408010F0AAABAB,1,0.3389999999999993
301,J82016,Clonazepam_Tab 500mcg,0408010F0AAABAB,1,0.3389999999999993
298,J82007,Clonazepam_Tab 500mcg,0408010F0AAABAB,1,0.3389999999999993
300,J82166,Clonazepam_Tab 500mcg,0408010F0AAABAB,1,0.3389999999999993
299,J82082,Clonazepam_Tab 500mcg,0408010F0AAABAB,1,0.3389999999999993
308,J82053,Clonazepam_Tab 500mcg,0408010F0AAABAB,1,0.31639999999999935
316,J82072,Clonazepam_Tab 500mcg,0408010F0AAABAB,2,0.31639999999999935
305,J82072,Clonazepam_Tab 500mcg,0408010F0AAABAB,1,0.31639999999999935
306,J82071,Clonazepam_Tab 500mcg,0408010F0AAABAB,1,0.31639999999999935
309,J82116,Clonazepam_Tab 500mcg,0408010F0AAABAB,4,0.31639999999999935
318,J82016,Clonazepam_Tab 500mcg,0408010F0AAABAB,1,0.31639999999999935
307,J82143,Clonazepam_Tab 500mcg,0408010F0AAABAB,1,0.31639999999999935
319,J82036,Clonazepam_Tab 500mcg,0408010F0AAABAB,4,0.31639999999999935
315,J82124,Clonazepam_Tab 500mcg,0408010F0AAABAB,1,0.31639999999999935
314,J82214,Clonazepam_Tab 500mcg,0408010F0AAABAB,1,0.31639999999999935
313,J82039,Clonazepam_Tab 500mcg,0408010F0AAABAB,1,0.31639999999999935
312,J82103,Clonazepam_Tab 500mcg,0408010F0AAABAB,1,0.31639999999999935
311,J82018,Clonazepam_Tab 500mcg,0408010F0AAABAB,1,0.31639999999999935
310,J82150,Clonazepam_Tab 500mcg,0408010F0AAABAB,2,0.31639999999999935
317,J82106,Clonazepam_Tab 500mcg,0408010F0AAABAB,4,0.31639999999999935
320,J82019,Clonazepam_Tab 500mcg,0408010F0AAABAB,1,0.2799999999999997
321,J82103,Clonazepam_Tab 500mcg,0408010F0AAABAB,2,0.2735999999999992
322,J82051,Clonazepam_Tab 500mcg,0408010F0AAABAB,1,0.2372999999999995
323,J82129,Clonazepam_Tab 500mcg,0408010F0AAABAB,3,0.2372999999999995
324,J82192,Clonazepam_Tab 500mcg,0408010F0AAABAB,1,0.2372999999999995
325,J82145,Clonazepam_Tab 500mcg,0408010F0AAABAB,3,0.2372999999999995
326,J82139,Clonazepam_Tab 500mcg,0408010F0AAABAB,2,0.23199999999999998
327,J82063,Clonazepam_Tab 500mcg,0408010F0AAABAB,1,0.22199999999999998
328,J82131,Clonazepam_Tab 500mcg,0408010F0AAABAB,1,0.1791999999999998
329,J82121,Clonazepam_Tab 500mcg,0408010F0AAABAB,1,0.174
330,J82166,Clonazepam_Tab 500mcg,0408010F0AAABAB,1,0.174
332,J82008,Clonazepam_Tab 500mcg,0408010F0AAABAB,1,0.15819999999999967
340,J82103,Clonazepam_Tab 500mcg,0408010F0AAABAB,1,0.15819999999999967
333,J82169,Clonazepam_Tab 500mcg,0408010F0AAABAB,1,0.15819999999999967
343,J82036,Clonazepam_Tab 500mcg,0408010F0AAABAB,1,0.15819999999999967
342,J82029,Clonazepam_Tab 500mcg,0408010F0AAABAB,1,0.15819999999999967
341,J82214,Clonazepam_Tab 500mcg,0408010F0AAABAB,2,0.15819999999999967
338,J82051,Clonazepam_Tab 500mcg,0408010F0AAABAB,1,0.15819999999999967
339,J82059,Clonazepam_Tab 500mcg,0408010F0AAABAB,1,0.15819999999999967
331,J82192,Clonazepam_Tab 500mcg,0408010F0AAABAB,1,0.15819999999999967
337,J82035,Clonazepam_Tab 500mcg,0408010F0AAABAB,1,0.15819999999999967
334,J82007,Clonazepam_Tab 500mcg,0408010F0AAABAB,1,0.15819999999999967
335,J82121,Clonazepam_Tab 500mcg,0408010F0AAABAB,1,0.15819999999999967
336,J82039,Clonazepam_Tab 500mcg,0408010F0AAABAB,1,0.15819999999999967
344,J82019,Clonazepam_Tab 500mcg,0408010F0AAABAB,1,0.1367999999999996
345,J82063,Clonazepam_Tab 500mcg,0408010F0AAABAB,1,0.11599999999999999
346,J82130,Clonazepam_Tab 500mcg,0408010F0AAABAB,1,0.11599999999999999
384,J82051,Paracet_Tab 500mg,0407010H0AAAMAM,29,0.08119999999999951
385,J82051,Paracet_Tab 500mg,0407010H0AAAMAM,29,0.08119999999999951
347,J82035,Clonazepam_Tab 500mcg,0408010F0AAABAB,1,0.07909999999999984
387,J82039,Paracet_Tab 500mg,0407010H0AAAMAM,1,0.07679999999999998
386,J82039,Paracet_Tab 500mg,0407010H0AAAMAM,1,0.07679999999999998
389,J82131,Paracet_Tab 500mg,0407010H0AAAMAM,14,0.058799999999999644
388,J82131,Paracet_Tab 500mg,0407010H0AAAMAM,14,0.058799999999999644
348,J82017,Clonazepam_Tab 500mcg,0408010F0AAABAB,1,0.057999999999999996
390,J82097,Paracet_Tab 500mg,0407010H0AAAMAM,11,0.04619999999999972
391,J82097,Paracet_Tab 500mg,0407010H0AAAMAM,11,0.04619999999999972
392,J82146,Paracet_Tab 500mg,0407010H0AAAMAM,14,0.03919999999999976
393,J82146,Paracet_Tab 500mg,0407010H0AAAMAM,14,0.03919999999999976
396,J82150,Paracet_Tab 500mg,0407010H0AAAMAM,12,0.0335999999999998
397,J82051,Paracet_Tab 500mg,0407010H0AAAMAM,8,0.0335999999999998
395,J82051,Paracet_Tab 500mg,0407010H0AAAMAM,8,0.0335999999999998
394,J82150,Paracet_Tab 500mg,0407010H0AAAMAM,12,0.0335999999999998
399,J82139,Paracet_Tab 500mg,0407010H0AAAMAM,9,0.025199999999999848
400,J82074,Paracet_Tab 500mg,0407010H0AAAMAM,6,0.025199999999999848
401,J82139,Paracet_Tab 500mg,0407010H0AAAMAM,9,0.025199999999999848
398,J82074,Paracet_Tab 500mg,0407010H0AAAMAM,6,0.025199999999999848
402,J82124,Paracet_Tab 500mg,0407010H0AAAMAM,4,0.023999999999999855
403,J82124,Paracet_Tab 500mg,0407010H0AAAMAM,4,0.023999999999999855
405,J82051,Paracet_Tab 500mg,0407010H0AAAMAM,8,0.023999999999999855
404,J82051,Paracet_Tab 500mg,0407010H0AAAMAM,8,0.023999999999999855
406,J82131,Paracet_Tab 500mg,0407010H0AAAMAM,8,0.022399999999999864
407,J82131,Paracet_Tab 500mg,0407010H0AAAMAM,8,0.022399999999999864
349,J82007,Clonazepam_Tab 500mcg,0408010F0AAABAB,1,0.021199999999999997
587,J82082,Aripiprazole_Tab 5mg,0402010ADAAADAD,5,0.02099999999999963
586,J82039,Aripiprazole_Tab 5mg,0402010ADAAADAD,5,0.02099999999999963
409,J82051,Paracet_Tab 500mg,0407010H0AAAMAM,13,0.01819999999999989
408,J82051,Paracet_Tab 500mg,0407010H0AAAMAM,13,0.01819999999999989
415,J82008,Paracet_Tab 500mg,0407010H0AAAMAM,3,0.01799999999999989
413,J82131,Paracet_Tab 500mg,0407010H0AAAMAM,3,0.01799999999999989
412,J82008,Paracet_Tab 500mg,0407010H0AAAMAM,3,0.01799999999999989
411,J82007,Paracet_Tab 500mg,0407010H0AAAMAM,3,0.01799999999999989
410,J82131,Paracet_Tab 500mg,0407010H0AAAMAM,3,0.01799999999999989
414,J82007,Paracet_Tab 500mg,0407010H0AAAMAM,3,0.01799999999999989
6,J82051,Atorvastatin_Tab 20mg,0212000B0AAABAB,4,0.01760000000000006
417,J82139,Paracet_Tab 500mg,0407010H0AAAMAM,4,0.0167999999999999
416,J82139,Paracet_Tab 500mg,0407010H0AAAMAM,4,0.0167999999999999
418,J82139,Paracet_Tab 500mg,0407010H0AAAMAM,11,0.015399999999999907
419,J82139,Paracet_Tab 500mg,0407010H0AAAMAM,11,0.015399999999999907
420,J82035,Paracet_Tab 500mg,0407010H0AAAMAM,3,0.012599999999999924
421,J82035,Paracet_Tab 500mg,0407010H0AAAMAM,3,0.012599999999999924
20,J82051,Atorvastatin_Tab 40mg,0212000B0AAACAC,2,0.012000000000000344
424,J82103,Paracet_Tab 500mg,0407010H0AAAMAM,2,0.011999999999999927
427,J82039,Paracet_Tab 500mg,0407010H0AAAMAM,2,0.011999999999999927
426,J82145,Paracet_Tab 500mg,0407010H0AAAMAM,2,0.011999999999999927
425,J82039,Paracet_Tab 500mg,0407010H0AAAMAM,2,0.011999999999999927
423,J82145,Paracet_Tab 500mg,0407010H0AAAMAM,2,0.011999999999999927
422,J82103,Paracet_Tab 500mg,0407010H0AAAMAM,2,0.011999999999999927
435,J82106,Paracet_Tab 500mg,0407010H0AAAMAM,4,0.011199999999999932
434,J82188,Paracet_Tab 500mg,0407010H0AAAMAM,4,0.011199999999999932
433,J82116,Paracet_Tab 500mg,0407010H0AAAMAM,4,0.011199999999999932
432,J82063,Paracet_Tab 500mg,0407010H0AAAMAM,4,0.011199999999999932
430,J82116,Paracet_Tab 500mg,0407010H0AAAMAM,4,0.011199999999999932
429,J82188,Paracet_Tab 500mg,0407010H0AAAMAM,4,0.011199999999999932
428,J82106,Paracet_Tab 500mg,0407010H0AAAMAM,4,0.011199999999999932
431,J82063,Paracet_Tab 500mg,0407010H0AAAMAM,4,0.011199999999999932
436,J82188,Paracet_Tab 500mg,0407010H0AAAMAM,7,0.00979999999999994
437,J82188,Paracet_Tab 500mg,0407010H0AAAMAM,7,0.00979999999999994
613,J82139,Mesalazine_Tab E/C 800mg,0105010B0AAASAS,1,0.008999999999999009
438,J82192,Paracet_Tab 500mg,0407010H0AAAMAM,3,0.00839999999999995
439,J82051,Paracet_Tab 500mg,0407010H0AAAMAM,4,0.00839999999999995
441,J82192,Paracet_Tab 500mg,0407010H0AAAMAM,3,0.00839999999999995
440,J82051,Paracet_Tab 500mg,0407010H0AAAMAM,4,0.00839999999999995
588,J82019,Aripiprazole_Tab 5mg,0402010ADAAADAD,2,0.008399999999999075
623,J82146,Nebivolol_Tab 2.5mg,0204000ABAAABAB,4,0.008399999999999075
622,J82082,Nebivolol_Tab 2.5mg,0204000ABAAABAB,2,0.008399999999999075
621,J82150,Nebivolol_Tab 2.5mg,0204000ABAAABAB,4,0.008399999999999075
620,J82192,Nebivolol_Tab 2.5mg,0204000ABAAABAB,2,0.008399999999999075
7,J82166,Atorvastatin_Tab 20mg,0212000B0AAABAB,1,0.008200000000000235
807,J82050,Sumatriptan_Tab 100mg,0407041T0AAACAC,2,0.008000000000000895
442,J82150,Paracet_Tab 500mg,0407010H0AAAMAM,5,0.006999999999999958
443,J82150,Paracet_Tab 500mg,0407010H0AAAMAM,5,0.006999999999999958
445,J82019,Paracet_Tab 500mg,0407010H0AAAMAM,3,0.006299999999999962
444,J82019,Paracet_Tab 500mg,0407010H0AAAMAM,3,0.006299999999999962
22,J82064,Atorvastatin_Tab 40mg,0212000B0AAACAC,1,0.006000000000000172
21,J82056,Atorvastatin_Tab 40mg,0212000B0AAACAC,1,0.006000000000000172
8,J82112,Atorvastatin_Tab 20mg,0212000B0AAABAB,1,0.006000000000000172
9,J82139,Atorvastatin_Tab 20mg,0212000B0AAABAB,1,0.006000000000000172
10,J82056,Atorvastatin_Tab 20mg,0212000B0AAABAB,1,0.006000000000000172
446,J82082,Paracet_Tab 500mg,0407010H0AAAMAM,1,0.005999999999999964
447,J82056,Paracet_Tab 500mg,0407010H0AAAMAM,1,0.005999999999999964
448,J82035,Paracet_Tab 500mg,0407010H0AAAMAM,1,0.005999999999999964
450,J82018,Paracet_Tab 500mg,0407010H0AAAMAM,1,0.005999999999999964
451,J82082,Paracet_Tab 500mg,0407010H0AAAMAM,1,0.005999999999999964
452,J82121,Paracet_Tab 500mg,0407010H0AAAMAM,1,0.005999999999999964
449,J82018,Paracet_Tab 500mg,0407010H0AAAMAM,1,0.005999999999999964
455,J82056,Paracet_Tab 500mg,0407010H0AAAMAM,1,0.005999999999999964
465,J82214,Paracet_Tab 500mg,0407010H0AAAMAM,1,0.005999999999999964
464,J82214,Paracet_Tab 500mg,0407010H0AAAMAM,1,0.005999999999999964
463,J82143,Paracet_Tab 500mg,0407010H0AAAMAM,1,0.005999999999999964
462,J82121,Paracet_Tab 500mg,0407010H0AAAMAM,1,0.005999999999999964
461,J82156,Paracet_Tab 500mg,0407010H0AAAMAM,1,0.005999999999999964
460,J82143,Paracet_Tab 500mg,0407010H0AAAMAM,1,0.005999999999999964
459,J82035,Paracet_Tab 500mg,0407010H0AAAMAM,1,0.005999999999999964
454,J82132,Paracet_Tab 500mg,0407010H0AAAMAM,1,0.005999999999999964
458,J82156,Paracet_Tab 500mg,0407010H0AAAMAM,1,0.005999999999999964
456,J82132,Paracet_Tab 500mg,0407010H0AAAMAM,1,0.005999999999999964
457,J82097,Paracet_Tab 500mg,0407010H0AAAMAM,1,0.005999999999999964
453,J82097,Paracet_Tab 500mg,0407010H0AAAMAM,1,0.005999999999999964
467,J82025,Paracet_Tab 500mg,0407010H0AAAMAM,4,0.005599999999999966
466,J82116,Paracet_Tab 500mg,0407010H0AAAMAM,4,0.005599999999999966
468,J82064,Paracet_Tab 500mg,0407010H0AAAMAM,2,0.005599999999999966
469,J82106,Paracet_Tab 500mg,0407010H0AAAMAM,4,0.005599999999999966
470,J82116,Paracet_Tab 500mg,0407010H0AAAMAM,4,0.005599999999999966
471,J82064,Paracet_Tab 500mg,0407010H0AAAMAM,2,0.005599999999999966
472,J82106,Paracet_Tab 500mg,0407010H0AAAMAM,4,0.005599999999999966
473,J82025,Paracet_Tab 500mg,0407010H0AAAMAM,4,0.005599999999999966
474,J82151,Paracet_Tab 500mg,0407010H0AAAMAM,4,0.005599999999999966
475,J82151,Paracet_Tab 500mg,0407010H0AAAMAM,4,0.005599999999999966
636,J82121,Sumatriptan_Tab 50mg,0407041T0AAAFAF,1,0.005599999999999383
34,J82139,Paracet_Tab Solb 500mg,0407010H0AAAQAQ,1,0.00420000000000012
35,J82139,Paracet_Tab Solb 500mg,0407010H0AAAQAQ,1,0.00420000000000012
590,J82050,Aripiprazole_Tab 5mg,0402010ADAAADAD,1,0.004199999999999926
593,J82124,Aripiprazole_Tab 5mg,0402010ADAAADAD,1,0.004199999999999926
589,J82145,Aripiprazole_Tab 5mg,0402010ADAAADAD,1,0.004199999999999926
592,J82131,Aripiprazole_Tab 5mg,0402010ADAAADAD,1,0.004199999999999926
591,J82007,Aripiprazole_Tab 5mg,0402010ADAAADAD,1,0.004199999999999926
594,J82132,Aripiprazole_Tab 5mg,0402010ADAAADAD,1,0.0041999999999995374
637,J82166,Sumatriptan_Tab 50mg,0407041T0AAAFAF,1,0.0041999999999995374
630,J82112,Nebivolol_Tab 2.5mg,0204000ABAAABAB,1,0.0041999999999995374
629,J82139,Nebivolol_Tab 2.5mg,0204000ABAAABAB,1,0.0041999999999995374
628,J82129,Nebivolol_Tab 2.5mg,0204000ABAAABAB,1,0.0041999999999995374
627,J82131,Nebivolol_Tab 2.5mg,0204000ABAAABAB,1,0.0041999999999995374
626,J82064,Nebivolol_Tab 2.5mg,0204000ABAAABAB,1,0.0041999999999995374
625,J82029,Nebivolol_Tab 2.5mg,0204000ABAAABAB,1,0.0041999999999995374
624,J82034,Nebivolol_Tab 2.5mg,0204000ABAAABAB,1,0.0041999999999995374
595,J82132,Aripiprazole_Tab 5mg,0402010ADAAADAD,2,0.0041999999999995374
11,J82150,Atorvastatin_Tab 20mg,0212000B0AAABAB,1,0.004000000000000115
639,J82121,Sumatriptan_Tab 50mg,0407041T0AAAFAF,1,0.0039999999999995595
638,J82029,Sumatriptan_Tab 50mg,0407041T0AAAFAF,1,0.0039999999999995595
808,J82016,Sumatriptan_Tab 100mg,0407041T0AAACAC,1,0.0039999999999995595
23,J82097,Atorvastatin_Tab 40mg,0212000B0AAACAC,1,0.003799999999999977
640,J82082,Sumatriptan_Tab 50mg,0407041T0AAAFAF,1,0.0033999999999998476
641,J82017,Sumatriptan_Tab 50mg,0407041T0AAAFAF,1,0.0031999999999996476
642,J82097,Sumatriptan_Tab 50mg,0407041T0AAAFAF,1,0.0031999999999996476
643,J82063,Sumatriptan_Tab 50mg,0407041T0AAAFAF,1,0.0031999999999996476
484,J82075,Paracet_Tab 500mg,0407010H0AAAMAM,1,0.002999999999999982
485,J82089,Paracet_Tab 500mg,0407010H0AAAMAM,1,0.002999999999999982
483,J82039,Paracet_Tab 500mg,0407010H0AAAMAM,1,0.002999999999999982
482,J82146,Paracet_Tab 500mg,0407010H0AAAMAM,1,0.002999999999999982
481,J82075,Paracet_Tab 500mg,0407010H0AAAMAM,1,0.002999999999999982
480,J82106,Paracet_Tab 500mg,0407010H0AAAMAM,1,0.002999999999999982
479,J82089,Paracet_Tab 500mg,0407010H0AAAMAM,1,0.002999999999999982
478,Y03610,Paracet_Tab 500mg,0407010H0AAAMAM,1,0.002999999999999982
476,J82145,Paracet_Tab 500mg,0407010H0AAAMAM,1,0.002999999999999982
477,J82146,Paracet_Tab 500mg,0407010H0AAAMAM,1,0.002999999999999982
487,J82145,Paracet_Tab 500mg,0407010H0AAAMAM,1,0.002999999999999982
489,J82039,Paracet_Tab 500mg,0407010H0AAAMAM,1,0.002999999999999982
488,J82106,Paracet_Tab 500mg,0407010H0AAAMAM,1,0.002999999999999982
486,Y03610,Paracet_Tab 500mg,0407010H0AAAMAM,1,0.002999999999999982
498,J82074,Paracet_Tab 500mg,0407010H0AAAMAM,1,0.002799999999999983
500,J82056,Paracet_Tab 500mg,0407010H0AAAMAM,1,0.002799999999999983
490,J82097,Paracet_Tab 500mg,0407010H0AAAMAM,1,0.002799999999999983
491,J82214,Paracet_Tab 500mg,0407010H0AAAMAM,1,0.002799999999999983
492,J82029,Paracet_Tab 500mg,0407010H0AAAMAM,1,0.002799999999999983
493,J82097,Paracet_Tab 500mg,0407010H0AAAMAM,1,0.002799999999999983
494,J82071,Paracet_Tab 500mg,0407010H0AAAMAM,1,0.002799999999999983
495,J82214,Paracet_Tab 500mg,0407010H0AAAMAM,1,0.002799999999999983
496,J82029,Paracet_Tab 500mg,0407010H0AAAMAM,1,0.002799999999999983
497,J82056,Paracet_Tab 500mg,0407010H0AAAMAM,1,0.002799999999999983
499,J82074,Paracet_Tab 500mg,0407010H0AAAMAM,1,0.002799999999999983
501,J82071,Paracet_Tab 500mg,0407010H0AAAMAM,1,0.002799999999999983
24,J82018,Atorvastatin_Tab 40mg,0212000B0AAACAC,1,0.0026000000000000745
631,J82131,Nebivolol_Tab 2.5mg,0204000ABAAABAB,1,0.0020999999999997687
36,J82112,Paracet_Tab Solb 500mg,0407010H0AAAQAQ,1,0.0020000000000000573
37,J82112,Paracet_Tab Solb 500mg,0407010H0AAAQAQ,1,0.0020000000000000573
502,J82131,Paracet_Tab 500mg,0407010H0AAAMAM,1,0.0013999999999999915
503,J82131,Paracet_Tab 500mg,0407010H0AAAMAM,1,0.0013999999999999915
693,J82124,Sumatriptan_Tab 50mg,0407041T0AAAFAF,2,0.0
694,J82025,Sumatriptan_Tab 50mg,0407041T0AAAFAF,1,0.0
692,J82121,Sumatriptan_Tab 50mg,0407041T0AAAFAF,7,0.0
698,J82008,Sumatriptan_Tab 50mg,0407041T0AAAFAF,1,0.0
695,J82116,Sumatriptan_Tab 50mg,0407041T0AAAFAF,5,0.0
696,J82146,Sumatriptan_Tab 50mg,0407041T0AAAFAF,6,0.0
697,J82034,Sumatriptan_Tab 50mg,0407041T0AAAFAF,1,0.0
691,J82019,Sumatriptan_Tab 50mg,0407041T0AAAFAF,4,0.0
715,J82151,Sumatriptan_Tab 50mg,0407041T0AAAFAF,4,0.0
714,J82214,Sumatriptan_Tab 50mg,0407041T0AAAFAF,9,0.0
707,J82036,Sumatriptan_Tab 50mg,0407041T0AAAFAF,1,0.0
706,J82106,Sumatriptan_Tab 50mg,0407041T0AAAFAF,9,0.0
699,J82089,Sumatriptan_Tab 50mg,0407041T0AAAFAF,20,0.0
700,J82121,Sumatriptan_Tab 50mg,0407041T0AAAFAF,1,0.0
701,J82192,Sumatriptan_Tab 50mg,0407041T0AAAFAF,12,0.0
702,J82156,Sumatriptan_Tab 50mg,0407041T0AAAFAF,1,0.0
703,J82082,Sumatriptan_Tab 50mg,0407041T0AAAFAF,18,0.0
704,J82019,Sumatriptan_Tab 50mg,0407041T0AAAFAF,16,0.0
712,J82056,Sumatriptan_Tab 50mg,0407041T0AAAFAF,2,0.0
705,J82036,Sumatriptan_Tab 50mg,0407041T0AAAFAF,2,0.0
711,J82059,Sumatriptan_Tab 50mg,0407041T0AAAFAF,6,0.0
710,Y05861,Sumatriptan_Tab 50mg,0407041T0AAAFAF,1,0.0
709,J82143,Sumatriptan_Tab 50mg,0407041T0AAAFAF,2,0.0
708,J82103,Sumatriptan_Tab 50mg,0407041T0AAAFAF,7,0.0
713,J82131,Sumatriptan_Tab 50mg,0407041T0AAAFAF,1,0.0
683,J82064,Sumatriptan_Tab 50mg,0407041T0AAAFAF,7,0.0
690,Y05861,Sumatriptan_Tab 50mg,0407041T0AAAFAF,1,0.0
689,J82029,Sumatriptan_Tab 50mg,0407041T0AAAFAF,1,0.0
660,J82150,Sumatriptan_Tab 50mg,0407041T0AAAFAF,11,0.0
661,J82145,Sumatriptan_Tab 50mg,0407041T0AAAFAF,11,0.0
662,J82139,Sumatriptan_Tab 50mg,0407041T0AAAFAF,3,0.0
663,J82034,Sumatriptan_Tab 50mg,0407041T0AAAFAF,23,0.0
664,J82156,Sumatriptan_Tab 50mg,0407041T0AAAFAF,4,0.0
665,J82139,Sumatriptan_Tab 50mg,0407041T0AAAFAF,9,0.0
666,J82097,Sumatriptan_Tab 50mg,0407041T0AAAFAF,7,0.0
667,J82166,Sumatriptan_Tab 50mg,0407041T0AAAFAF,1,0.0
668,J82146,Sumatriptan_Tab 50mg,0407041T0AAAFAF,1,0.0
669,J82029,Sumatriptan_Tab 50mg,0407041T0AAAFAF,4,0.0
670,J82103,Sumatriptan_Tab 50mg,0407041T0AAAFAF,10,0.0
671,J82089,Sumatriptan_Tab 50mg,0407041T0AAAFAF,2,0.0
672,J82192,Sumatriptan_Tab 50mg,0407041T0AAAFAF,8,0.0
673,J82051,Sumatriptan_Tab 50mg,0407041T0AAAFAF,9,0.0
674,J82143,Sumatriptan_Tab 50mg,0407041T0AAAFAF,2,0.0
675,J82007,Sumatriptan_Tab 50mg,0407041T0AAAFAF,12,0.0
676,J82166,Sumatriptan_Tab 50mg,0407041T0AAAFAF,4,0.0
677,J82071,Sumatriptan_Tab 50mg,0407041T0AAAFAF,8,0.0
678,J82063,Sumatriptan_Tab 50mg,0407041T0AAAFAF,9,0.0
679,J82020,Sumatriptan_Tab 50mg,0407041T0AAAFAF,2,0.0
717,J82018,Sumatriptan_Tab 50mg,0407041T0AAAFAF,2,0.0
680,J82051,Sumatriptan_Tab 50mg,0407041T0AAAFAF,5,0.0
681,J82016,Sumatriptan_Tab 50mg,0407041T0AAAFAF,14,0.0
682,J82097,Sumatriptan_Tab 50mg,0407041T0AAAFAF,1,0.0
684,J82008,Sumatriptan_Tab 50mg,0407041T0AAAFAF,6,0.0
685,J82169,Sumatriptan_Tab 50mg,0407041T0AAAFAF,7,0.0
686,J82016,Sumatriptan_Tab 50mg,0407041T0AAAFAF,2,0.0
687,J82017,Sumatriptan_Tab 50mg,0407041T0AAAFAF,2,0.0
688,J82025,Sumatriptan_Tab 50mg,0407041T0AAAFAF,1,0.0
716,J82056,Sumatriptan_Tab 50mg,0407041T0AAAFAF,13,0.0
727,J82020,Sumatriptan_Tab 50mg,0407041T0AAAFAF,5,0.0
718,J82050,Sumatriptan_Tab 50mg,0407041T0AAAFAF,17,0.0
767,J82132,Sumatriptan_Tab 50mg,0407041T0AAAFAF,12,0.0
774,J82132,Sumatriptan_Tab 50mg,0407041T0AAAFAF,2,0.0
773,J82124,Sumatriptan_Tab 50mg,0407041T0AAAFAF,4,0.0
772,J82192,Sumatriptan_Tab 50mg,0407041T0AAAFAF,2,0.0
771,J82146,Sumatriptan_Tab 50mg,0407041T0AAAFAF,1,0.0
770,J82145,Sumatriptan_Tab 50mg,0407041T0AAAFAF,3,0.0
769,J82035,Sumatriptan_Tab 50mg,0407041T0AAAFAF,1,0.0
768,J82089,Sumatriptan_Tab 50mg,0407041T0AAAFAF,1,0.0
766,J82139,Sumatriptan_Tab 50mg,0407041T0AAAFAF,1,0.0
757,J82017,Sumatriptan_Tab 50mg,0407041T0AAAFAF,10,0.0
765,J82132,Sumatriptan_Tab 50mg,0407041T0AAAFAF,10,0.0
764,J82018,Sumatriptan_Tab 50mg,0407041T0AAAFAF,6,0.0
763,J82130,Sumatriptan_Tab 50mg,0407041T0AAAFAF,1,0.0
762,J82016,Sumatriptan_Tab 50mg,0407041T0AAAFAF,2,0.0
761,J82150,Sumatriptan_Tab 50mg,0407041T0AAAFAF,10,0.0
760,J82106,Sumatriptan_Tab 50mg,0407041T0AAAFAF,1,0.0
759,J82166,Sumatriptan_Tab 50mg,0407041T0AAAFAF,1,0.0
775,J82129,Sumatriptan_Tab 50mg,0407041T0AAAFAF,1,0.0
776,J82007,Sumatriptan_Tab 50mg,0407041T0AAAFAF,1,0.0
777,Y05886,Sumatriptan_Tab 50mg,0407041T0AAAFAF,1,0.0
778,J82063,Sumatriptan_Tab 50mg,0407041T0AAAFAF,9,0.0
793,J82035,Sumatriptan_Tab 50mg,0407041T0AAAFAF,6,0.0
792,J82129,Sumatriptan_Tab 50mg,0407041T0AAAFAF,7,0.0
791,J82036,Sumatriptan_Tab 50mg,0407041T0AAAFAF,4,0.0
790,J82039,Sumatriptan_Tab 50mg,0407041T0AAAFAF,7,0.0
789,J82150,Sumatriptan_Tab 50mg,0407041T0AAAFAF,1,0.0
788,J82139,Sumatriptan_Tab 50mg,0407041T0AAAFAF,1,0.0
787,J82150,Sumatriptan_Tab 50mg,0407041T0AAAFAF,2,0.0
786,J82112,Sumatriptan_Tab 50mg,0407041T0AAAFAF,1,0.0
785,J82019,Sumatriptan_Tab 50mg,0407041T0AAAFAF,10,0.0
784,J82130,Sumatriptan_Tab 50mg,0407041T0AAAFAF,15,0.0
783,J82017,Sumatriptan_Tab 50mg,0407041T0AAAFAF,6,0.0
782,J82025,Sumatriptan_Tab 50mg,0407041T0AAAFAF,10,0.0
781,J82188,Sumatriptan_Tab 50mg,0407041T0AAAFAF,1,0.0
780,J82050,Sumatriptan_Tab 50mg,0407041T0AAAFAF,1,0.0
779,J82064,Sumatriptan_Tab 50mg,0407041T0AAAFAF,15,0.0
758,J82056,Sumatriptan_Tab 50mg,0407041T0AAAFAF,27,0.0
756,J82139,Sumatriptan_Tab 50mg,0407041T0AAAFAF,15,0.0
719,J82025,Sumatriptan_Tab 50mg,0407041T0AAAFAF,8,0.0
728,J82029,Sumatriptan_Tab 50mg,0407041T0AAAFAF,5,0.0
735,J82018,Sumatriptan_Tab 50mg,0407041T0AAAFAF,12,0.0
734,J82112,Sumatriptan_Tab 50mg,0407041T0AAAFAF,1,0.0
733,J82214,Sumatriptan_Tab 50mg,0407041T0AAAFAF,2,0.0
732,J82059,Sumatriptan_Tab 50mg,0407041T0AAAFAF,1,0.0
731,J82097,Sumatriptan_Tab 50mg,0407041T0AAAFAF,5,0.0
730,J82008,Sumatriptan_Tab 50mg,0407041T0AAAFAF,3,0.0
729,J82075,Sumatriptan_Tab 50mg,0407041T0AAAFAF,15,0.0
658,J82139,Sumatriptan_Tab 50mg,0407041T0AAAFAF,2,0.0
755,J82130,Sumatriptan_Tab 50mg,0407041T0AAAFAF,10,0.0
726,J82192,Sumatriptan_Tab 50mg,0407041T0AAAFAF,2,0.0
725,J82008,Sumatriptan_Tab 50mg,0407041T0AAAFAF,2,0.0
724,J82007,Sumatriptan_Tab 50mg,0407041T0AAAFAF,5,0.0
723,J82072,Sumatriptan_Tab 50mg,0407041T0AAAFAF,1,0.0
722,J82053,Sumatriptan_Tab 50mg,0407041T0AAAFAF,6,0.0
721,J82166,Sumatriptan_Tab 50mg,0407041T0AAAFAF,4,0.0
720,J82072,Sumatriptan_Tab 50mg,0407041T0AAAFAF,9,0.0
736,J82112,Sumatriptan_Tab 50mg,0407041T0AAAFAF,13,0.0
737,J82059,Sumatriptan_Tab 50mg,0407041T0AAAFAF,1,0.0
738,J82051,Sumatriptan_Tab 50mg,0407041T0AAAFAF,3,0.0
739,J82039,Sumatriptan_Tab 50mg,0407041T0AAAFAF,7,0.0
754,J82089,Sumatriptan_Tab 50mg,0407041T0AAAFAF,5,0.0
753,J82139,Sumatriptan_Tab 50mg,0407041T0AAAFAF,1,0.0
752,J82121,Sumatriptan_Tab 50mg,0407041T0AAAFAF,8,0.0
751,J82146,Sumatriptan_Tab 50mg,0407041T0AAAFAF,1,0.0
750,J82029,Sumatriptan_Tab 50mg,0407041T0AAAFAF,2,0.0
749,J82143,Sumatriptan_Tab 50mg,0407041T0AAAFAF,21,0.0
748,J82121,Sumatriptan_Tab 50mg,0407041T0AAAFAF,1,0.0
747,J82072,Sumatriptan_Tab 50mg,0407041T0AAAFAF,1,0.0
746,J82074,Sumatriptan_Tab 50mg,0407041T0AAAFAF,19,0.0
745,J82051,Sumatriptan_Tab 50mg,0407041T0AAAFAF,1,0.0
744,J82129,Sumatriptan_Tab 50mg,0407041T0AAAFAF,9,0.0
743,Y05150,Sumatriptan_Tab 50mg,0407041T0AAAFAF,1,0.0
742,J82116,Sumatriptan_Tab 50mg,0407041T0AAAFAF,1,0.0
741,J82103,Sumatriptan_Tab 50mg,0407041T0AAAFAF,1,0.0
740,J82112,Sumatriptan_Tab 50mg,0407041T0AAAFAF,6,0.0
659,J82188,Sumatriptan_Tab 50mg,0407041T0AAAFAF,2,0.0
646,J82072,Sumatriptan_Tab 50mg,0407041T0AAAFAF,13,0.0
657,J82150,Sumatriptan_Tab 50mg,0407041T0AAAFAF,1,0.0
650,J82143,Sumatriptan_Tab 50mg,0407041T0AAAFAF,12,0.0
656,J82016,Sumatriptan_Tab 50mg,0407041T0AAAFAF,11,0.0
645,J82035,Sumatriptan_Tab 50mg,0407041T0AAAFAF,4,0.0
647,J82075,Sumatriptan_Tab 50mg,0407041T0AAAFAF,4,0.0
648,J82145,Sumatriptan_Tab 50mg,0407041T0AAAFAF,16,0.0
649,J82034,Sumatriptan_Tab 50mg,0407041T0AAAFAF,9,0.0
644,J82169,Sumatriptan_Tab 50mg,0407041T0AAAFAF,2,0.0
651,J82151,Sumatriptan_Tab 50mg,0407041T0AAAFAF,11,0.0
652,J82124,Sumatriptan_Tab 50mg,0407041T0AAAFAF,9,0.0
653,J82016,Sumatriptan_Tab 50mg,0407041T0AAAFAF,2,0.0
654,J82050,Sumatriptan_Tab 50mg,0407041T0AAAFAF,11,0.0
655,J82082,Sumatriptan_Tab 50mg,0407041T0AAAFAF,4,0.0
507,J82059,Paracet_Tab 500mg,0407010H0AAAMAM,1,-0.001999999999999988
504,J82059,Paracet_Tab 500mg,0407010H0AAAMAM,1,-0.001999999999999988
505,J82017,Paracet_Tab 500mg,0407010H0AAAMAM,1,-0.001999999999999988
506,J82017,Paracet_Tab 500mg,0407010H0AAAMAM,1,-0.001999999999999988
798,J82143,Sumatriptan_Tab 50mg,0407041T0AAAFAF,1,-0.0027999999999996916
797,J82039,Sumatriptan_Tab 50mg,0407041T0AAAFAF,1,-0.0027999999999996916
796,J82008,Sumatriptan_Tab 50mg,0407041T0AAAFAF,1,-0.0027999999999996916
795,J82121,Sumatriptan_Tab 50mg,0407041T0AAAFAF,1,-0.0027999999999996916
794,J82017,Sumatriptan_Tab 50mg,0407041T0AAAFAF,1,-0.0027999999999996916
596,J82097,Aripiprazole_Tab 5mg,0402010ADAAADAD,1,-0.00280000000000008
12,J82018,Atorvastatin_Tab 20mg,0212000B0AAABAB,1,-0.0029999999999998778
800,J82074,Sumatriptan_Tab 50mg,0407041T0AAAFAF,1,-0.00300000000000078
799,J82131,Sumatriptan_Tab 50mg,0407041T0AAAFAF,1,-0.00300000000000078
38,J82007,Paracet_Tab Solb 500mg,0407010H0AAAQAQ,1,-0.0031999999999996476
39,J82166,Paracet_Tab Solb 500mg,0407010H0AAAQAQ,1,-0.0031999999999996476
41,J82166,Paracet_Tab Solb 500mg,0407010H0AAAQAQ,1,-0.0031999999999996476
40,J82007,Paracet_Tab Solb 500mg,0407010H0AAAQAQ,1,-0.0031999999999996476
801,J82019,Sumatriptan_Tab 50mg,0407041T0AAAFAF,1,-0.0032000000000000917
597,J82025,Aripiprazole_Tab 5mg,0402010ADAAADAD,1,-0.003500000000000586
43,J82051,Paracet_Tab Solb 500mg,0407010H0AAAQAQ,1,-0.003999999999999976
42,J82051,Paracet_Tab Solb 500mg,0407010H0AAAQAQ,1,-0.003999999999999976
25,Y03610,Atorvastatin_Tab 40mg,0212000B0AAACAC,1,-0.004199999999999995
598,J82039,Aripiprazole_Tab 5mg,0402010ADAAADAD,1,-0.0048000000000001375
510,J82192,Paracet_Tab 500mg,0407010H0AAAMAM,1,-0.005599999999999966
509,J82130,Paracet_Tab 500mg,0407010H0AAAMAM,1,-0.005599999999999966
508,J82129,Paracet_Tab 500mg,0407010H0AAAMAM,1,-0.005599999999999966
512,J82130,Paracet_Tab 500mg,0407010H0AAAMAM,1,-0.005599999999999966
513,J82008,Paracet_Tab 500mg,0407010H0AAAMAM,1,-0.005599999999999966
514,J82192,Paracet_Tab 500mg,0407010H0AAAMAM,1,-0.005599999999999966
515,J82008,Paracet_Tab 500mg,0407010H0AAAMAM,1,-0.005599999999999966
511,J82129,Paracet_Tab 500mg,0407010H0AAAMAM,1,-0.005599999999999966
599,J82025,Aripiprazole_Tab 5mg,0402010ADAAADAD,2,-0.00560000000000016
44,J82051,Paracet_Tab Solb 500mg,0407010H0AAAQAQ,1,-0.005999999999999339
59,J82132,Paracet_Tab Solb 500mg,0407010H0AAAQAQ,1,-0.005999999999999339
61,J82132,Paracet_Tab Solb 500mg,0407010H0AAAQAQ,1,-0.005999999999999339
60,J82112,Paracet_Tab Solb 500mg,0407010H0AAAQAQ,1,-0.005999999999999339
46,J82017,Paracet_Tab Solb 500mg,0407010H0AAAQAQ,1,-0.005999999999999339
58,J82106,Paracet_Tab Solb 500mg,0407010H0AAAQAQ,1,-0.005999999999999339
55,J82007,Paracet_Tab Solb 500mg,0407010H0AAAQAQ,1,-0.005999999999999339
45,J82007,Paracet_Tab Solb 500mg,0407010H0AAAQAQ,1,-0.005999999999999339
56,J82051,Paracet_Tab Solb 500mg,0407010H0AAAQAQ,1,-0.005999999999999339
47,J82017,Paracet_Tab Solb 500mg,0407010H0AAAQAQ,1,-0.005999999999999339
50,J82121,Paracet_Tab Solb 500mg,0407010H0AAAQAQ,1,-0.005999999999999339
54,J82075,Paracet_Tab Solb 500mg,0407010H0AAAQAQ,1,-0.005999999999999339
57,J82112,Paracet_Tab Solb 500mg,0407010H0AAAQAQ,1,-0.005999999999999339
51,J82106,Paracet_Tab Solb 500mg,0407010H0AAAQAQ,1,-0.005999999999999339
52,J82103,Paracet_Tab Solb 500mg,0407010H0AAAQAQ,1,-0.005999999999999339
53,J82121,Paracet_Tab Solb 500mg,0407010H0AAAQAQ,1,-0.005999999999999339
49,J82103,Paracet_Tab Solb 500mg,0407010H0AAAQAQ,1,-0.005999999999999339
48,J82075,Paracet_Tab Solb 500mg,0407010H0AAAQAQ,1,-0.005999999999999339
13,J82139,Atorvastatin_Tab 20mg,0212000B0AAABAB,2,-0.0059999999999997555
600,J82166,Aripiprazole_Tab 5mg,0402010ADAAADAD,2,-0.0060000000000010045
601,J82072,Aripiprazole_Tab 5mg,0402010ADAAADAD,1,-0.006300000000001055
802,J82007,Sumatriptan_Tab 50mg,0407041T0AAAFAF,2,-0.006400000000000183
518,J82019,Paracet_Tab 500mg,0407010H0AAAMAM,2,-0.011199999999999932
516,J82019,Paracet_Tab 500mg,0407010H0AAAMAM,2,-0.011199999999999932
519,J82035,Paracet_Tab 500mg,0407010H0AAAMAM,2,-0.011199999999999932
521,J82007,Paracet_Tab 500mg,0407010H0AAAMAM,2,-0.011199999999999932
517,J82007,Paracet_Tab 500mg,0407010H0AAAMAM,2,-0.011199999999999932
520,J82035,Paracet_Tab 500mg,0407010H0AAAMAM,2,-0.011199999999999932
604,J82039,Aripiprazole_Tab 5mg,0402010ADAAADAD,4,-0.01120000000000032
603,J82139,Aripiprazole_Tab 5mg,0402010ADAAADAD,4,-0.01120000000000032
602,J82019,Aripiprazole_Tab 5mg,0402010ADAAADAD,4,-0.01120000000000032
62,J82131,Paracet_Tab Solb 500mg,0407010H0AAAQAQ,2,-0.011999999999998678
63,J82131,Paracet_Tab Solb 500mg,0407010H0AAAQAQ,2,-0.011999999999998678
522,J82017,Paracet_Tab 500mg,0407010H0AAAMAM,3,-0.0167999999999999
523,J82017,Paracet_Tab 500mg,0407010H0AAAMAM,3,-0.0167999999999999
14,J82051,Atorvastatin_Tab 20mg,0212000B0AAABAB,4,-0.01679999999999998
605,J82130,Aripiprazole_Tab 5mg,0402010ADAAADAD,6,-0.01680000000000048
66,J82143,Paracet_Tab Solb 500mg,0407010H0AAAQAQ,3,-0.017999999999998018
67,J82145,Paracet_Tab Solb 500mg,0407010H0AAAQAQ,3,-0.017999999999998018
64,J82143,Paracet_Tab Solb 500mg,0407010H0AAAQAQ,3,-0.017999999999998018
65,J82145,Paracet_Tab Solb 500mg,0407010H0AAAQAQ,3,-0.017999999999998018
525,J82051,Paracet_Tab 500mg,0407010H0AAAMAM,4,-0.019199999999999884
524,J82051,Paracet_Tab 500mg,0407010H0AAAMAM,4,-0.019199999999999884
527,J82106,Paracet_Tab 500mg,0407010H0AAAMAM,4,-0.022399999999999864
526,J82106,Paracet_Tab 500mg,0407010H0AAAMAM,4,-0.022399999999999864
69,J82151,Paracet_Tab Solb 500mg,0407010H0AAAQAQ,4,-0.023999999999997357
68,J82151,Paracet_Tab Solb 500mg,0407010H0AAAQAQ,4,-0.023999999999997357
537,J82089,Paracet_Tab 500mg,0407010H0AAAMAM,5,-0.02799999999999983
528,J82063,Paracet_Tab 500mg,0407010H0AAAMAM,5,-0.02799999999999983
531,J82063,Paracet_Tab 500mg,0407010H0AAAMAM,5,-0.02799999999999983
532,J82089,Paracet_Tab 500mg,0407010H0AAAMAM,5,-0.02799999999999983
533,J82132,Paracet_Tab 500mg,0407010H0AAAMAM,5,-0.02799999999999983
534,J82103,Paracet_Tab 500mg,0407010H0AAAMAM,5,-0.02799999999999983
535,J82072,Paracet_Tab 500mg,0407010H0AAAMAM,5,-0.02799999999999983
536,J82132,Paracet_Tab 500mg,0407010H0AAAMAM,5,-0.02799999999999983
530,J82072,Paracet_Tab 500mg,0407010H0AAAMAM,5,-0.02799999999999983
529,J82103,Paracet_Tab 500mg,0407010H0AAAMAM,5,-0.02799999999999983
538,J82074,Paracet_Tab 500mg,0407010H0AAAMAM,6,-0.0335999999999998
540,J82074,Paracet_Tab 500mg,0407010H0AAAMAM,6,-0.0335999999999998
541,J82071,Paracet_Tab 500mg,0407010H0AAAMAM,6,-0.0335999999999998
539,J82071,Paracet_Tab 500mg,0407010H0AAAMAM,6,-0.0335999999999998
542,J82034,Paracet_Tab 500mg,0407010H0AAAMAM,8,-0.04479999999999973
543,J82145,Paracet_Tab 500mg,0407010H0AAAMAM,8,-0.04479999999999973
544,J82034,Paracet_Tab 500mg,0407010H0AAAMAM,8,-0.04479999999999973
545,J82145,Paracet_Tab 500mg,0407010H0AAAMAM,8,-0.04479999999999973
549,J82214,Paracet_Tab 500mg,0407010H0AAAMAM,9,-0.050399999999999695
548,J82214,Paracet_Tab 500mg,0407010H0AAAMAM,9,-0.050399999999999695
547,J82151,Paracet_Tab 500mg,0407010H0AAAMAM,9,-0.050399999999999695
546,J82151,Paracet_Tab 500mg,0407010H0AAAMAM,9,-0.050399999999999695
550,J82064,Paracet_Tab 500mg,0407010H0AAAMAM,10,-0.05599999999999966
551,J82064,Paracet_Tab 500mg,0407010H0AAAMAM,10,-0.05599999999999966
552,J82025,Paracet_Tab 500mg,0407010H0AAAMAM,10,-0.05599999999999966
553,J82025,Paracet_Tab 500mg,0407010H0AAAMAM,10,-0.05599999999999966
554,J82116,Paracet_Tab 500mg,0407010H0AAAMAM,12,-0.0671999999999996
555,J82036,Paracet_Tab 500mg,0407010H0AAAMAM,12,-0.0671999999999996
556,J82116,Paracet_Tab 500mg,0407010H0AAAMAM,12,-0.0671999999999996
557,J82036,Paracet_Tab 500mg,0407010H0AAAMAM,12,-0.0671999999999996
558,J82150,Paracet_Tab 500mg,0407010H0AAAMAM,15,-0.08399999999999949
559,J82150,Paracet_Tab 500mg,0407010H0AAAMAM,15,-0.08399999999999949
560,J82097,Paracet_Tab 500mg,0407010H0AAAMAM,16,-0.08959999999999946
561,J82097,Paracet_Tab 500mg,0407010H0AAAMAM,16,-0.08959999999999946
562,J82146,Paracet_Tab 500mg,0407010H0AAAMAM,18,-0.10079999999999939
563,J82146,Paracet_Tab 500mg,0407010H0AAAMAM,18,-0.10079999999999939
564,J82188,Paracet_Tab 500mg,0407010H0AAAMAM,23,-0.12879999999999922
565,J82188,Paracet_Tab 500mg,0407010H0AAAMAM,23,-0.12879999999999922
566,J82018,Paracet_Tab 500mg,0407010H0AAAMAM,24,-0.1343999999999992
567,J82018,Paracet_Tab 500mg,0407010H0AAAMAM,24,-0.1343999999999992
568,J82139,Paracet_Tab 500mg,0407010H0AAAMAM,25,-0.13999999999999915
569,J82139,Paracet_Tab 500mg,0407010H0AAAMAM,25,-0.13999999999999915
570,J82150,Paracet_Tab 500mg,0407010H0AAAMAM,11,-0.14079999999999976
571,J82150,Paracet_Tab 500mg,0407010H0AAAMAM,11,-0.14079999999999976
572,J82131,Paracet_Tab 500mg,0407010H0AAAMAM,29,-0.16239999999999902
573,J82131,Paracet_Tab 500mg,0407010H0AAAMAM,29,-0.16239999999999902
574,J82150,Paracet_Tab 500mg,0407010H0AAAMAM,2,-0.17599999999999977
575,J82150,Paracet_Tab 500mg,0407010H0AAAMAM,2,-0.17599999999999977
576,J82039,Paracet_Tab 500mg,0407010H0AAAMAM,46,-0.25759999999999844
577,J82039,Paracet_Tab 500mg,0407010H0AAAMAM,46,-0.25759999999999844
578,J82051,Paracet_Tab 500mg,0407010H0AAAMAM,99,-0.5543999999999967
579,J82051,Paracet_Tab 500mg,0407010H0AAAMAM,99,-0.5543999999999967
606,J82131,Aripiprazole_Tab 5mg,0402010ADAAADAD,1,-1.0164
580,J82150,Paracet_Tab 500mg,0407010H0AAAMAM,25,-1.1199999999999932
581,J82150,Paracet_Tab 500mg,0407010H0AAAMAM,25,-1.1199999999999932
582,J82131,Paracet_Tab 500mg,0407010H0AAAMAM,1,-1.5872
583,J82131,Paracet_Tab 500mg,0407010H0AAAMAM,1,-1.5872
614,J82139,Mesalazine_Tab E/C 800mg,0105010B0AAASAS,1,-18.441
615,J82018,Mesalazine_Tab E/C 800mg,0105010B0AAASAS,1,-36.89999999999999
