,practice_code,bnf_description,bnf_code,items,excess_cost
0,M81001,Amiodarone HCl_Tab 200mg,0203020D0AAABAB,4,1.7500000000000016
1,M81001,Clonazepam_Tab 500mcg,0408010F0AAABAB,6,3.841999999999992
2,M81001,Diltiazem HCl_Tab 60mg M/R,0206020C0AAAAAA,3,0.5544000000000019
3,M81001,Levothyrox Sod_Tab 12.5mcg,0602010V0AAGHGH,6,2.5200000000000022
4,M81001,Mesalazine_Tab E/C 800mg,0105010B0AAASAS,2,12.288
5,M81002,Clonazepam_Tab 500mcg,0408010F0AAABAB,10,7.5031999999999845
6,M81002,Diltiazem HCl_Tab 60mg M/R,0206020C0AAAAAA,1,0.9856000000000034
7,M81002,Levothyrox Sod_Tab 12.5mcg,0602010V0AAGHGH,1,0.5600000000000005
8,M81002,Topiramate_Tab 200mg,040801050AAACAC,1,2.489999999999999
9,M81019,Amiodarone HCl_Tab 200mg,0203020D0AAABAB,5,3.500000000000003
10,M81019,Buprenorphine_Tab Subling 400mcg S/F,0410030A0AAACAC,1,4.5696
11,M81019,Clonazepam_Tab 500mcg,0408010F0AAABAB,7,9.65019999999998
12,M81019,Diltiazem HCl_Tab 60mg M/R,0206020C0AAAAAA,4,1.7360000000000047
13,M81019,Topiramate_Tab 200mg,040801050AAACAC,1,4.979999999999998
14,M81020,Amiodarone HCl_Tab 200mg,0203020D0AAABAB,2,1.050000000000001
15,M81020,Clonazepam_Tab 500mcg,0408010F0AAABAB,2,2.2599999999999953
16,M81020,Diltiazem HCl_Tab 60mg M/R,0206020C0AAAAAA,1,0.24640000000000084
17,M81020,Levothyrox Sod_Tab 12.5mcg,0602010V0AAGHGH,2,1.120000000000001
18,M81020,Mesalazine_Tab E/C 800mg,0105010B0AAASAS,1,22.959999999999994
19,M81021,Amiodarone HCl_Tab 200mg,0203020D0AAABAB,1,0.3500000000000003
20,M81021,Clonazepam_Tab 500mcg,0408010F0AAABAB,3,2.847599999999994
21,M81021,Gemfibrozil_Tab 600mg,0212000Q0AAABAB,1,15.142399999999999
22,M81025,Amiodarone HCl_Tab 200mg,0203020D0AAABAB,5,0.9541000000000006
23,M81025,Clonazepam_Tab 500mcg,0408010F0AAABAB,1,0.6327999999999987
24,M81025,Diltiazem HCl_Tab 60mg M/R,0206020C0AAAAAA,2,1.243200000000003
25,M81041,Amiodarone HCl_Tab 200mg,0203020D0AAABAB,2,2.100000000000002
26,M81041,Clonazepam_Tab 500mcg,0408010F0AAABAB,9,5.582199999999988
27,M81041,Mesalazine_Tab E/C 800mg,0105010B0AAASAS,1,-36.89999999999999
28,M81055,Amiodarone HCl_Tab 200mg,0203020D0AAABAB,1,0.7000000000000006
29,M81055,Clonazepam_Tab 500mcg,0408010F0AAABAB,3,1.5819999999999967
30,M81055,Diltiazem HCl_Tab 60mg M/R,0206020C0AAAAAA,5,2.5984000000000074
31,M81055,Levothyrox Sod_Tab 12.5mcg,0602010V0AAGHGH,7,3.360000000000003
32,M81064,Amiodarone HCl_Tab 200mg,0203020D0AAABAB,1,1.050000000000001
33,M81064,Clonazepam_Tab 500mcg,0408010F0AAABAB,5,2.847599999999994
34,M81064,Diltiazem HCl_Tab 60mg M/R,0206020C0AAAAAA,2,1.8480000000000063
35,M81064,Mesalazine_Tab E/C 800mg,0105010B0AAASAS,2,66.41999999999999
36,M81069,Clonazepam_Tab 500mcg,0408010F0AAABAB,4,0.31639999999999935
37,M81069,Diltiazem HCl_Tab 60mg M/R,0206020C0AAAAAA,2,1.0320000000000022
38,M81069,Gemfibrozil_Tab 600mg,0212000Q0AAABAB,2,4.061999999999999
39,M81069,Mesalazine_Tab E/C 400mg,0105010B0AAAAAA,4,1.0658141036401503e-14
40,M81070,Amiodarone HCl_Tab 200mg,0203020D0AAABAB,2,1.050000000000001
41,M81070,Clonazepam_Tab 500mcg,0408010F0AAABAB,3,2.847599999999994
42,M81070,Mesalazine_Tab E/C 400mg,0105010B0AAAAAA,1,34.224
43,M81070,Topiramate_Tab 200mg,040801050AAACAC,1,2.3183999999999996
44,M81077,Amiodarone HCl_Tab 200mg,0203020D0AAABAB,1,0.3500000000000003
45,M81077,Clonazepam_Tab 500mcg,0408010F0AAABAB,7,4.158399999999991
46,M81077,Levothyrox Sod_Tab 12.5mcg,0602010V0AAGHGH,3,1.120000000000001
47,M81077,Phenytoin_Sod Tab 100mg,0408010Q0AAAGAG,1,79.59839999999998
48,M81077,Topiramate_Tab 200mg,040801050AAACAC,2,3.654799999999998
49,M81078,Amiodarone HCl_Tab 200mg,0203020D0AAABAB,1,0.3500000000000003
50,M81078,Clonazepam_Tab 500mcg,0408010F0AAABAB,6,5.356199999999989
51,M81082,Amiodarone HCl_Tab 200mg,0203020D0AAABAB,5,1.0388000000000006
52,M81082,Clonazepam_Tab 500mcg,0408010F0AAABAB,13,5.061599999999991
53,M81083,Amiodarone HCl_Tab 200mg,0203020D0AAABAB,1,0.7000000000000006
54,M81083,Clonazepam_Tab 500mcg,0408010F0AAABAB,5,3.841999999999992
55,M81083,Topiramate_Tab 200mg,040801050AAACAC,1,2.489999999999999
56,M81084,Amiodarone HCl_Tab 200mg,0203020D0AAABAB,3,1.134700000000001
57,M81084,Clonazepam_Tab 500mcg,0408010F0AAABAB,2,1.8079999999999963
58,M81087,Clonazepam_Tab 500mcg,0408010F0AAABAB,2,0.949199999999998
59,M81087,Levothyrox Sod_Tab 12.5mcg,0602010V0AAGHGH,4,0.28000000000000025
60,M81087,Mesalazine_Tab E/C 400mg,0105010B0AAAAAA,2,47.913599999999995
61,M81089,Clonazepam_Tab 500mcg,0408010F0AAABAB,3,2.531199999999995
62,M81089,Diltiazem HCl_Tab 60mg M/R,0206020C0AAAAAA,1,0.24640000000000084
63,M81089,Levothyrox Sod_Tab 12.5mcg,0602010V0AAGHGH,3,1.6800000000000015
64,M81089,Mesalazine_Tab E/C 400mg,0105010B0AAAAAA,1,-11.978399999999999
65,M81092,Amiodarone HCl_Tab 200mg,0203020D0AAABAB,3,2.100000000000002
66,M81092,Buprenorphine_Tab Subling 400mcg S/F,0410030A0AAACAC,1,2.2848
67,M81092,Clonazepam_Tab 500mcg,0408010F0AAABAB,3,2.915399999999994
68,M81092,Diltiazem HCl_Tab 60mg M/R,0206020C0AAAAAA,1,0.5040000000000004
69,M81092,Levothyrox Sod_Tab 12.5mcg,0602010V0AAGHGH,9,1.3300000000000012
70,M81092,Topiramate_Tab 200mg,040801050AAACAC,2,4.636799999999999
71,M81605,Amiodarone HCl_Tab 200mg,0203020D0AAABAB,6,1.8661000000000016
72,M81605,Clonazepam_Tab 500mcg,0408010F0AAABAB,3,0.949199999999998
73,M81616,Amiodarone HCl_Tab 200mg,0203020D0AAABAB,1,0.3500000000000003
74,M81616,Buprenorphine_Tab Subling 400mcg S/F,0410030A0AAACAC,5,2.4752
75,M81617,Amiodarone HCl_Tab 200mg,0203020D0AAABAB,1,0.7000000000000006
76,M81617,Buprenorphine_Tab Subling 400mcg S/F,0410030A0AAACAC,2,2.6656000000000004
77,M81617,Diltiazem HCl_Tab 60mg M/R,0206020C0AAAAAA,1,0.7392000000000025
