,practice_code,bnf_description,bnf_code,items,excess_cost
0,M85002,Atorvastatin_Tab 80mg,0212000B0AAADAD,3,0.012600000000000361
1,M85002,Ferr Sulf_Tab 200mg,0901011P0AAACAC,3,0.023399999999999338
2,M85002,Paracet_Tab 500mg,0407010H0AAAMAM,20,0.08279999999999951
3,M85002,Quetiapine_Tab 25mg,0402010ABAAABAB,15,0.050999999999998796
4,M85009,Aripiprazole_Tab 10mg,0402010ADAAAAAA,2,0.01120000000000032
5,M85009,Clopidogrel_Tab 75mg,0209000C0AAAAAA,2,0.00979999999999999
6,M85009,Paracet_Tab 500mg,0407010H0AAAMAM,8,0.0015999999999999903
7,M85009,Paracet_Tab Solb 500mg,0407010H0AAAQAQ,2,-0.011999999999998678
8,M85009,Quetiapine_Tab 25mg,0402010ABAAABAB,5,0.0335999999999998
9,M85019,Aripiprazole_Tab 10mg,0402010ADAAAAAA,6,0.0028000000000004688
10,M85019,Atorvastatin_Tab 80mg,0212000B0AAADAD,66,0.13860000000000397
11,M85019,Clopidogrel_Tab 75mg,0209000C0AAAAAA,106,0.5193999999999994
12,M85019,Ferr Sulf_Tab 200mg,0901011P0AAACAC,32,0.06339999999999801
13,M85019,Paracet_Tab 500mg,0407010H0AAAMAM,182,0.11959999999999915
14,M85019,Paracet_Tab Solb 500mg,0407010H0AAAQAQ,2,-0.011999999999998678
15,M85019,Pregabalin_Cap 75mg,0408010AEAAACAC,1,0.0015999999999999903
16,M85019,Quetiapine_Tab 25mg,0402010ABAAABAB,3,0.019599999999999784
17,M85020,Atorvastatin_Tab 20mg,0212000B0AAABAB,2,-0.0059999999999997555
18,M85020,Atorvastatin_Tab 80mg,0212000B0AAADAD,40,0.0840000000000024
19,M85020,Clopidogrel_Tab 75mg,0209000C0AAAAAA,44,0.21559999999999976
20,M85020,Ferr Sulf_Tab 200mg,0901011P0AAACAC,40,0.00879999999999613
21,M85020,Paracet_Tab 500mg,0407010H0AAAMAM,58,0.11479999999999946
22,M85020,Paracet_Tab Solb 500mg,0407010H0AAAQAQ,2,0.00800000000000023
23,M85020,Quetiapine_Tab 25mg,0402010ABAAABAB,15,0.044799999999997786
24,M85064,Atorvastatin_Tab 80mg,0212000B0AAADAD,12,-0.03360000000000096
25,M85064,Clopidogrel_Tab 75mg,0209000C0AAAAAA,1,0.004899999999999995
26,M85064,Paracet_Tab 500mg,0407010H0AAAMAM,8,0.009599999999999942
27,M85064,Paracet_Tab Solb 500mg,0407010H0AAAQAQ,2,-0.011999999999998678
28,M85064,Quetiapine_Tab 25mg,0402010ABAAABAB,2,0.011199999999999544
29,M85069,Aripiprazole_Tab 10mg,0402010ADAAAAAA,11,-0.015199999999999103
30,M85069,Atorvastatin_Tab 80mg,0212000B0AAADAD,84,0.17640000000000505
31,M85069,Clopidogrel_Tab 75mg,0209000C0AAAAAA,183,0.896699999999999
32,M85069,Ferr Sulf_Tab 200mg,0901011P0AAACAC,37,0.09639999999999763
33,M85069,Paracet_Tab 500mg,0407010H0AAAMAM,200,-0.4375999999999973
34,M85069,Pregabalin_Cap 75mg,0408010AEAAACAC,6,0.0335999999999998
35,M85082,Atorvastatin_Tab 80mg,0212000B0AAADAD,28,0.058800000000001684
36,M85082,Clopidogrel_Tab 75mg,0209000C0AAAAAA,40,0.19599999999999979
37,M85082,Ferr Sulf_Tab 200mg,0901011P0AAACAC,10,0.0583999999999984
38,M85082,Paracet_Tab 500mg,0407010H0AAAMAM,8,0.029199999999999823
39,M85082,Paracet_Tab Solb 500mg,0407010H0AAAQAQ,6,-0.030399999999996652
40,M85082,Pregabalin_Cap 75mg,0408010AEAAACAC,4,0.022399999999999864
41,M85082,Quetiapine_Tab 25mg,0402010ABAAABAB,1,0.00840000000000024
42,M85098,Ferr Sulf_Tab 200mg,0901011P0AAACAC,2,0.023999999999999022
43,M85098,Paracet_Tab 500mg,0407010H0AAAMAM,4,0.023999999999999855
44,M85098,Paracet_Tab Solb 500mg,0407010H0AAAQAQ,4,-0.011999999999998678
45,M85098,Pregabalin_Cap 75mg,0408010AEAAACAC,1,0.017999999999998018
46,M85124,Ferr Sulf_Tab 200mg,0901011P0AAACAC,2,0.0167999999999999
47,M85124,Paracet_Tab 500mg,0407010H0AAAMAM,40,0.10919999999999935
48,M85124,Paracet_Tab Solb 500mg,0407010H0AAAQAQ,14,-0.045999999999993824
49,M85124,Pregabalin_Cap 75mg,0408010AEAAACAC,6,0.04369999999999752
50,M85124,Quetiapine_Tab 25mg,0402010ABAAABAB,10,0.01819999999999858
51,M85145,Atorvastatin_Tab 80mg,0212000B0AAADAD,16,0.03360000000000096
52,M85145,Clopidogrel_Tab 75mg,0209000C0AAAAAA,21,0.10289999999999988
53,M85145,Ferr Sulf_Tab 200mg,0901011P0AAACAC,20,0.03579999999999864
54,M85145,Paracet_Tab 500mg,0407010H0AAAMAM,72,-0.18879999999999886
55,M85145,Pregabalin_Cap 75mg,0408010AEAAACAC,4,0.022399999999999864
56,M85145,Quetiapine_Tab 25mg,0402010ABAAABAB,5,-0.005600000000000549
57,M85164,Paracet_Tab 500mg,0407010H0AAAMAM,6,0.03599999999999978
58,M85164,Paracet_Tab Solb 500mg,0407010H0AAAQAQ,8,-0.047999999999994714
59,M85176,Atorvastatin_Tab 20mg,0212000B0AAABAB,1,0.006000000000000172
60,M85176,Atorvastatin_Tab 80mg,0212000B0AAADAD,7,0.029400000000000842
61,M85176,Clopidogrel_Tab 75mg,0209000C0AAAAAA,9,0.04409999999999995
62,M85176,Ferr Sulf_Tab 200mg,0901011P0AAACAC,5,0.04039999999999913
63,M85176,Paracet_Tab 500mg,0407010H0AAAMAM,18,0.07279999999999956
64,M85178,Aripiprazole_Tab 10mg,0402010ADAAAAAA,1,-0.002099999999999963
65,M85178,Atorvastatin_Tab 40mg,0212000B0AAACAC,1,0.006000000000000172
66,M85178,Atorvastatin_Tab 80mg,0212000B0AAADAD,8,0.01680000000000048
67,M85178,Clopidogrel_Tab 75mg,0209000C0AAAAAA,32,0.15679999999999983
68,M85178,Ferr Sulf_Tab 200mg,0901011P0AAACAC,32,0.16569999999999668
69,M85178,Paracet_Tab 500mg,0407010H0AAAMAM,62,-0.12919999999999923
70,M85178,Paracet_Tab Solb 500mg,0407010H0AAAQAQ,16,5.970000000000007
71,M85178,Pregabalin_Cap 75mg,0408010AEAAACAC,6,0.0335999999999998
72,M85178,Quetiapine_Tab 25mg,0402010ABAAABAB,33,0.07979999999999568
73,M85611,Ferr Sulf_Tab 200mg,0901011P0AAACAC,1,0.005599999999999966
74,M85611,Paracet_Tab 500mg,0407010H0AAAMAM,4,0.023999999999999855
75,M85611,Paracet_Tab Solb 500mg,0407010H0AAAQAQ,2,-0.011999999999998678
76,M85611,Quetiapine_Tab 25mg,0402010ABAAABAB,1,0.005599999999999772
77,M85634,Atorvastatin_Tab 80mg,0212000B0AAADAD,5,0.0105000000000003
78,M85634,Clopidogrel_Tab 75mg,0209000C0AAAAAA,15,-0.0840000000000024
79,M85634,Paracet_Tab 500mg,0407010H0AAAMAM,2,-0.007999999999999952
80,M85634,Quetiapine_Tab 25mg,0402010ABAAABAB,4,0.028000000000000025
81,M85663,Aripiprazole_Tab 10mg,0402010ADAAAAAA,1,0.00560000000000016
82,M85663,Clopidogrel_Tab 75mg,0209000C0AAAAAA,14,0.06859999999999992
83,M85663,Ferr Sulf_Tab 200mg,0901011P0AAACAC,12,-0.017100000000000906
84,M85663,Paracet_Tab 500mg,0407010H0AAAMAM,62,-0.3471999999999979
85,M85663,Paracet_Tab Solb 500mg,0407010H0AAAQAQ,2,-0.011999999999998678
86,M85663,Pregabalin_Cap 75mg,0408010AEAAACAC,4,0.022399999999999864
87,M85663,Quetiapine_Tab 25mg,0402010ABAAABAB,3,-0.00840000000000024
88,M85676,Paracet_Tab Solb 500mg,0407010H0AAAQAQ,4,-0.023999999999997357
89,M85697,Clopidogrel_Tab 75mg,0209000C0AAAAAA,13,0.06369999999999992
90,M85697,Ferr Sulf_Tab 200mg,0901011P0AAACAC,2,0.011199999999999932
91,M85697,Quetiapine_Tab 25mg,0402010ABAAABAB,4,-0.00560000000000016
92,M85715,Ferr Sulf_Tab 200mg,0901011P0AAACAC,2,0.017999999999999267
93,M85715,Paracet_Tab 500mg,0407010H0AAAMAM,24,0.09639999999999943
94,M85715,Paracet_Tab Solb 500mg,0407010H0AAAQAQ,4,-0.0035999999999984378
95,M85715,Quetiapine_Tab 25mg,0402010ABAAABAB,2,0.011199999999999544
96,M85721,Ferr Sulf_Tab 200mg,0901011P0AAACAC,2,0.011999999999999511
97,M85721,Paracet_Tab 500mg,0407010H0AAAMAM,26,-0.04159999999999975
98,M85721,Paracet_Tab Solb 500mg,0407010H0AAAQAQ,8,-0.047999999999994714
99,M85721,Quetiapine_Tab 25mg,0402010ABAAABAB,1,0.00840000000000024
100,M85757,Quetiapine_Tab 25mg,0402010ABAAABAB,4,0.02240000000000064
101,M85768,Paracet_Tab 500mg,0407010H0AAAMAM,4,-0.022399999999999864
102,M85778,Clopidogrel_Tab 75mg,0209000C0AAAAAA,3,0.014699999999999984
103,M85778,Quetiapine_Tab 25mg,0402010ABAAABAB,4,0.0
104,M85797,Aripiprazole_Tab 10mg,0402010ADAAAAAA,4,-0.008399999999999852
105,M85797,Clopidogrel_Tab 75mg,0209000C0AAAAAA,32,0.15679999999999983
106,M85797,Ferr Sulf_Tab 200mg,0901011P0AAACAC,12,0.05599999999999966
107,M85797,Paracet_Tab 500mg,0407010H0AAAMAM,44,-0.17679999999999893
108,M85797,Pregabalin_Cap 75mg,0408010AEAAACAC,4,0.022399999999999864
109,M85797,Quetiapine_Tab 25mg,0402010ABAAABAB,5,0.039200000000000734
110,M85801,Paracet_Tab 500mg,0407010H0AAAMAM,2,0.011999999999999927
111,M87013,Aripiprazole_Tab 10mg,0402010ADAAAAAA,4,87.2368
112,M87013,Atorvastatin_Tab 20mg,0212000B0AAABAB,1,-0.0029999999999998778
113,M87013,Atorvastatin_Tab 40mg,0212000B0AAACAC,1,-0.0030999999999998737
114,M87013,Clopidogrel_Tab 75mg,0209000C0AAAAAA,81,8.931299999999997
115,M87013,Ferr Sulf_Tab 200mg,0901011P0AAACAC,36,28.235999999999994
116,M87013,Paracet_Tab 500mg,0407010H0AAAMAM,324,6.130400000000068
117,M87013,Paracet_Tab Solb 500mg,0407010H0AAAQAQ,4,-0.018399999999997974
118,M87013,Quetiapine_Tab 25mg,0402010ABAAABAB,3,0.019599999999999784
119,M88001,Aripiprazole_Tab 10mg,0402010ADAAAAAA,13,0.05880000000000285
120,M88001,Atorvastatin_Tab 80mg,0212000B0AAADAD,108,6.605400000000018
121,M88001,Clopidogrel_Tab 75mg,0209000C0AAAAAA,105,8.927799999999998
122,M88001,Ferr Sulf_Tab 200mg,0901011P0AAACAC,12,-0.025200000000000722
123,M88001,Paracet_Tab 500mg,0407010H0AAAMAM,282,-1.8483999999999887
124,M88001,Paracet_Tab Solb 500mg,0407010H0AAAQAQ,4,-0.018399999999997974
125,M88001,Pregabalin_Cap 75mg,0408010AEAAACAC,4,0.011199999999999932
126,M88001,Quetiapine_Tab 25mg,0402010ABAAABAB,13,-1.8900000000000006
127,M88002,Atorvastatin_Tab 80mg,0212000B0AAADAD,1,0.00210000000000006
128,M88002,Clopidogrel_Tab 75mg,0209000C0AAAAAA,1,0.003899999999999841
129,M88002,Ferr Sulf_Tab 200mg,0901011P0AAACAC,2,0.0038999999999996954
130,M88002,Paracet_Tab 500mg,0407010H0AAAMAM,34,0.1979999999999988
131,M88002,Paracet_Tab Solb 500mg,0407010H0AAAQAQ,4,-0.023999999999997357
132,M88002,Quetiapine_Tab 25mg,0402010ABAAABAB,2,0.011199999999999544
133,M88003,Atorvastatin_Tab 80mg,0212000B0AAADAD,57,3.511200000000012
134,M88003,Ferr Sulf_Tab 200mg,0901011P0AAACAC,15,7.064999999999998
135,M88003,Paracet_Tab 500mg,0407010H0AAAMAM,66,11.3144
136,M88003,Pregabalin_Cap 75mg,0408010AEAAACAC,1,0.005599999999999966
137,M88004,Aripiprazole_Tab 10mg,0402010ADAAAAAA,2,523.3872
138,M88004,Atorvastatin_Tab 20mg,0212000B0AAABAB,1211,316.0862000000002
139,M88004,Atorvastatin_Tab 80mg,0212000B0AAADAD,222,24.962700000000055
140,M88004,Clopidogrel_Tab 75mg,0209000C0AAAAAA,437,43.63639999999998
141,M88004,Ferr Sulf_Tab 200mg,0901011P0AAACAC,250,99.08269999999996
142,M88004,Paracet_Tab 500mg,0407010H0AAAMAM,2566,621.9715999999997
143,M88004,Paracet_Tab Solb 500mg,0407010H0AAAQAQ,36,69.59520000000006
144,M88004,Pregabalin_Cap 75mg,0408010AEAAACAC,38,116.73759999999999
145,M88004,Quetiapine_Tab 25mg,0402010ABAAABAB,35,0.15679999999999789
146,M88007,Atorvastatin_Tab 80mg,0212000B0AAADAD,4,0.00840000000000024
147,M88007,Paracet_Tab 500mg,0407010H0AAAMAM,22,0.09039999999999945
148,M88007,Paracet_Tab Solb 500mg,0407010H0AAAQAQ,2,-0.005999999999999339
149,M88007,Quetiapine_Tab 25mg,0402010ABAAABAB,12,0.06080000000000066
150,M88008,Atorvastatin_Tab 20mg,0212000B0AAABAB,163,112.57120000000002
151,M88008,Paracet_Tab 500mg,0407010H0AAAMAM,214,31.23600000000003
152,M88008,Quetiapine_Tab 25mg,0402010ABAAABAB,2,0.011199999999999544
153,M88009,Atorvastatin_Tab 20mg,0212000B0AAABAB,1,-0.0029999999999998778
154,M88009,Atorvastatin_Tab 80mg,0212000B0AAADAD,5,0.0105000000000003
155,M88009,Ferr Sulf_Tab 200mg,0901011P0AAACAC,21,0.07559999999999925
156,M88009,Paracet_Tab 500mg,0407010H0AAAMAM,22,-0.04319999999999974
157,M88009,Paracet_Tab Solb 500mg,0407010H0AAAQAQ,2,0.012000000000000344
158,M88009,Quetiapine_Tab 25mg,0402010ABAAABAB,16,0.022399999999999087
159,M88010,Aripiprazole_Tab 10mg,0402010ADAAAAAA,5,87.234
160,M88010,Atorvastatin_Tab 40mg,0212000B0AAACAC,258,400.9824
161,M88010,Clopidogrel_Tab 75mg,0209000C0AAAAAA,96,26.3704
162,M88010,Paracet_Tab 500mg,0407010H0AAAMAM,296,4.968000000000023
163,M88010,Paracet_Tab Solb 500mg,0407010H0AAAQAQ,26,37.616000000000014
164,M88013,Atorvastatin_Tab 20mg,0212000B0AAABAB,223,44.95680000000007
165,M88013,Clopidogrel_Tab 75mg,0209000C0AAAAAA,70,8.819999999999995
166,M88013,Ferr Sulf_Tab 200mg,0901011P0AAACAC,1,0.0059999999999997555
167,M88013,Paracet_Tab 500mg,0407010H0AAAMAM,658,21.346400000000035
168,M88013,Paracet_Tab Solb 500mg,0407010H0AAAQAQ,34,18.700000000000017
169,M88013,Quetiapine_Tab 25mg,0402010ABAAABAB,6,0.033600000000000185
170,M88014,Atorvastatin_Tab 20mg,0212000B0AAABAB,127,225.7136
171,M88014,Clopidogrel_Tab 75mg,0209000C0AAAAAA,16,8.735999999999999
172,M88014,Ferr Sulf_Tab 200mg,0901011P0AAACAC,11,98.61079999999998
173,M88014,Paracet_Tab 500mg,0407010H0AAAMAM,148,19.88880000000003
174,M88015,Atorvastatin_Tab 20mg,0212000B0AAABAB,24,45.15840000000001
175,M88015,Atorvastatin_Tab 40mg,0212000B0AAACAC,83,22.2772
176,M88015,Atorvastatin_Tab 80mg,0212000B0AAADAD,48,3.6288000000000107
177,M88015,Clopidogrel_Tab 75mg,0209000C0AAAAAA,11,30.963199999999997
178,M88015,Ferr Sulf_Tab 200mg,0901011P0AAACAC,6,0.03599999999999853
179,M88015,Paracet_Tab 500mg,0407010H0AAAMAM,48,0.0671999999999996
180,M88015,Paracet_Tab Solb 500mg,0407010H0AAAQAQ,2,0.00800000000000023
181,M88015,Pregabalin_Cap 75mg,0408010AEAAACAC,4,0.022399999999999864
182,M88015,Quetiapine_Tab 25mg,0402010ABAAABAB,5,98.46719999999998
183,M88016,Paracet_Tab 500mg,0407010H0AAAMAM,4,0.017199999999999896
184,M88018,Atorvastatin_Tab 20mg,0212000B0AAABAB,423,90.944
185,M88018,Atorvastatin_Tab 80mg,0212000B0AAADAD,72,-0.18760000000000537
186,M88018,Clopidogrel_Tab 75mg,0209000C0AAAAAA,5,0.02079999999999993
187,M88018,Ferr Sulf_Tab 200mg,0901011P0AAACAC,66,35.3172
188,M88018,Paracet_Tab 500mg,0407010H0AAAMAM,994,149.504
189,M88018,Paracet_Tab Solb 500mg,0407010H0AAAQAQ,16,9.440000000000005
190,M88018,Pregabalin_Cap 75mg,0408010AEAAACAC,7,0.03919999999999976
191,M88018,Quetiapine_Tab 25mg,0402010ABAAABAB,10,-0.012600000000001138
192,M88019,Ferr Sulf_Tab 200mg,0901011P0AAACAC,1,0.0059999999999997555
193,M88019,Paracet_Tab 500mg,0407010H0AAAMAM,60,0.3599999999999978
194,M88019,Paracet_Tab Solb 500mg,0407010H0AAAQAQ,2,-0.011999999999998678
195,M88021,Atorvastatin_Tab 20mg,0212000B0AAABAB,55,22.63800000000001
196,M88021,Paracet_Tab 500mg,0407010H0AAAMAM,238,9.360800000000026
197,M88021,Quetiapine_Tab 25mg,0402010ABAAABAB,10,0.019199999999999218
198,M88022,Atorvastatin_Tab 20mg,0212000B0AAABAB,2,-0.0059999999999997555
199,M88022,Clopidogrel_Tab 75mg,0209000C0AAAAAA,12,17.539199999999994
200,M88022,Ferr Sulf_Tab 200mg,0901011P0AAACAC,1,0.00839999999999995
201,M88022,Paracet_Tab 500mg,0407010H0AAAMAM,44,4.796000000000001
202,M88022,Paracet_Tab Solb 500mg,0407010H0AAAQAQ,6,9.420000000000003
203,M88022,Pregabalin_Cap 75mg,0408010AEAAACAC,4,0.022399999999999864
204,M88022,Quetiapine_Tab 25mg,0402010ABAAABAB,4,0.022399999999999087
205,M88023,Atorvastatin_Tab 20mg,0212000B0AAABAB,1,0.0013000000000000372
206,M88023,Atorvastatin_Tab 40mg,0212000B0AAACAC,108,22.37760000000001
207,M88023,Clopidogrel_Tab 75mg,0209000C0AAAAAA,46,8.7584
208,M88023,Paracet_Tab 500mg,0407010H0AAAMAM,80,10.125600000000015
209,M88023,Paracet_Tab Solb 500mg,0407010H0AAAQAQ,2,0.9480000000000005
210,M88023,Pregabalin_Cap 75mg,0408010AEAAACAC,1,0.005599999999999966
211,M88024,Atorvastatin_Tab 20mg,0212000B0AAABAB,76,45.113600000000005
212,M88024,Clopidogrel_Tab 75mg,0209000C0AAAAAA,30,8.735999999999999
213,M88024,Paracet_Tab 500mg,0407010H0AAAMAM,130,26.113599999999998
214,M88026,Atorvastatin_Tab 20mg,0212000B0AAABAB,72,22.579200000000004
215,M88026,Atorvastatin_Tab 40mg,0212000B0AAACAC,41,66.8136
216,M88026,Atorvastatin_Tab 80mg,0212000B0AAADAD,4,0.00840000000000024
217,M88026,Ferr Sulf_Tab 200mg,0901011P0AAACAC,5,14.097999999999997
218,M88026,Paracet_Tab 500mg,0407010H0AAAMAM,98,4.6300000000000034
219,M88030,Atorvastatin_Tab 80mg,0212000B0AAADAD,1,0.00420000000000012
220,M88030,Quetiapine_Tab 25mg,0402010ABAAABAB,3,0.016799999999999315
221,M88035,Aripiprazole_Tab 10mg,0402010ADAAAAAA,1,174.4624
222,M88035,Atorvastatin_Tab 40mg,0212000B0AAACAC,20,44.57599999999999
223,M88035,Clopidogrel_Tab 75mg,0209000C0AAAAAA,2,0.011199999999999884
224,M88035,Paracet_Tab 500mg,0407010H0AAAMAM,4,0.0007999999999999952
225,M88035,Pregabalin_Cap 75mg,0408010AEAAACAC,2,226.88960000000003
226,M88035,Quetiapine_Tab 25mg,0402010ABAAABAB,1,91.8792
227,M88036,Clopidogrel_Tab 75mg,0209000C0AAAAAA,1,0.004899999999999995
228,M88036,Paracet_Tab 500mg,0407010H0AAAMAM,24,0.025199999999999834
229,M88036,Quetiapine_Tab 25mg,0402010ABAAABAB,2,122.50559999999999
230,M88038,Aripiprazole_Tab 10mg,0402010ADAAAAAA,4,0.02240000000000064
231,M88038,Atorvastatin_Tab 40mg,0212000B0AAACAC,226,67.0684
232,M88038,Atorvastatin_Tab 80mg,0212000B0AAADAD,7,0.014700000000000421
233,M88038,Clopidogrel_Tab 75mg,0209000C0AAAAAA,131,8.803199999999997
234,M88038,Paracet_Tab 500mg,0407010H0AAAMAM,638,10.243200000000105
235,M88038,Pregabalin_Cap 75mg,0408010AEAAACAC,4,0.022399999999999864
236,M88038,Quetiapine_Tab 25mg,0402010ABAAABAB,15,0.0223999999999987
237,M88040,Ferr Sulf_Tab 200mg,0901011P0AAACAC,2,0.011999999999999511
238,M88040,Paracet_Tab 500mg,0407010H0AAAMAM,18,0.09399999999999942
239,M88040,Paracet_Tab Solb 500mg,0407010H0AAAQAQ,4,-0.023999999999997357
240,M88040,Quetiapine_Tab 25mg,0402010ABAAABAB,2,0.00560000000000016
241,M88041,Atorvastatin_Tab 40mg,0212000B0AAACAC,112,490.03920000000005
242,M88041,Atorvastatin_Tab 80mg,0212000B0AAADAD,28,74.4408
243,M88041,Clopidogrel_Tab 75mg,0209000C0AAAAAA,8,17.5168
244,M88041,Paracet_Tab 500mg,0407010H0AAAMAM,8,0.04799999999999971
245,M88041,Quetiapine_Tab 25mg,0402010ABAAABAB,4,61.241600000000005
246,M88042,Atorvastatin_Tab 20mg,0212000B0AAABAB,23,45.080000000000005
247,M88042,Atorvastatin_Tab 40mg,0212000B0AAACAC,58,89.1352
248,M88042,Atorvastatin_Tab 80mg,0212000B0AAADAD,33,76.23840000000001
249,M88042,Paracet_Tab 500mg,0407010H0AAAMAM,116,10.660000000000007
250,M88042,Quetiapine_Tab 25mg,0402010ABAAABAB,8,122.51960000000001
251,M88043,Aripiprazole_Tab 10mg,0402010ADAAAAAA,5,-0.010499999999999815
252,M88043,Atorvastatin_Tab 20mg,0212000B0AAABAB,100,45.360000000000014
253,M88043,Atorvastatin_Tab 40mg,0212000B0AAACAC,51,44.525999999999996
254,M88043,Atorvastatin_Tab 80mg,0212000B0AAADAD,5,0.0105000000000003
255,M88043,Clopidogrel_Tab 75mg,0209000C0AAAAAA,50,104.2794
256,M88043,Ferr Sulf_Tab 200mg,0901011P0AAACAC,22,28.260399999999997
257,M88043,Paracet_Tab 500mg,0407010H0AAAMAM,10,-0.03639999999999978
258,M88043,Pregabalin_Cap 75mg,0408010AEAAACAC,1,0.008999999999999009
259,M88600,Paracet_Tab 500mg,0407010H0AAAMAM,4,0.023999999999999855
260,M88610,Atorvastatin_Tab 40mg,0212000B0AAACAC,21,22.293999999999997
261,M88610,Clopidogrel_Tab 75mg,0209000C0AAAAAA,7,8.761199999999999
262,M88610,Ferr Sulf_Tab 200mg,0901011P0AAACAC,13,21.239999999999995
263,M88610,Paracet_Tab 500mg,0407010H0AAAMAM,72,-1.2917999999999923
264,M88610,Paracet_Tab Solb 500mg,0407010H0AAAQAQ,2,-0.011999999999998678
265,M88612,Aripiprazole_Tab 10mg,0402010ADAAAAAA,6,174.4582
266,M88612,Atorvastatin_Tab 20mg,0212000B0AAABAB,45,45.50280000000001
267,M88612,Atorvastatin_Tab 40mg,0212000B0AAACAC,31,44.615200000000016
268,M88612,Atorvastatin_Tab 80mg,0212000B0AAADAD,8,0.01680000000000048
269,M88612,Clopidogrel_Tab 75mg,0209000C0AAAAAA,37,17.578400000000002
270,M88612,Ferr Sulf_Tab 200mg,0901011P0AAACAC,8,0.022399999999999864
271,M88612,Paracet_Tab 500mg,0407010H0AAAMAM,96,40.1988
272,M88612,Pregabalin_Cap 75mg,0408010AEAAACAC,5,113.456
273,M88612,Quetiapine_Tab 25mg,0402010ABAAABAB,1,-0.004599999999999993
274,M88616,Atorvastatin_Tab 20mg,0212000B0AAABAB,302,90.29440000000004
275,M88616,Atorvastatin_Tab 40mg,0212000B0AAACAC,191,89.8156
276,M88616,Atorvastatin_Tab 80mg,0212000B0AAADAD,77,30.183999999999997
277,M88616,Clopidogrel_Tab 75mg,0209000C0AAAAAA,68,8.7584
278,M88616,Ferr Sulf_Tab 200mg,0901011P0AAACAC,55,77.31519999999999
279,M88616,Paracet_Tab 500mg,0407010H0AAAMAM,620,40.789600000000114
280,M88616,Quetiapine_Tab 25mg,0402010ABAAABAB,8,30.6516
281,M88618,Atorvastatin_Tab 20mg,0212000B0AAABAB,1,68.3995
282,M88618,Atorvastatin_Tab 40mg,0212000B0AAACAC,26,22.276800000000005
283,M88618,Clopidogrel_Tab 75mg,0209000C0AAAAAA,3,26.258400000000005
284,M88618,Paracet_Tab 500mg,0407010H0AAAMAM,4,0.023999999999999855
285,M88618,Paracet_Tab Solb 500mg,0407010H0AAAQAQ,2,0.012800000000000367
286,M88619,Atorvastatin_Tab 20mg,0212000B0AAABAB,63,67.71000000000001
287,M88619,Atorvastatin_Tab 40mg,0212000B0AAACAC,169,245.084
288,M88619,Atorvastatin_Tab 80mg,0212000B0AAADAD,70,247.98440000000002
289,M88619,Clopidogrel_Tab 75mg,0209000C0AAAAAA,81,96.36479999999997
290,M88619,Ferr Sulf_Tab 200mg,0901011P0AAACAC,6,0.6559999999999986
291,M88619,Paracet_Tab 500mg,0407010H0AAAMAM,346,87.97120000000001
292,M88619,Quetiapine_Tab 25mg,0402010ABAAABAB,1,0.014000000000000401
293,M88620,Atorvastatin_Tab 80mg,0212000B0AAADAD,2,0.00840000000000024
294,M88620,Paracet_Tab 500mg,0407010H0AAAMAM,16,0.09599999999999942
295,M88620,Paracet_Tab Solb 500mg,0407010H0AAAQAQ,2,-0.011999999999998678
296,M88623,Ferr Sulf_Tab 200mg,0901011P0AAACAC,5,21.125999999999998
297,M88623,Paracet_Tab 500mg,0407010H0AAAMAM,12,0.11999999999999927
298,M88625,Ferr Sulf_Tab 200mg,0901011P0AAACAC,1,0.0059999999999997555
299,M88625,Paracet_Tab 500mg,0407010H0AAAMAM,4,0.023999999999999855
300,M88626,Atorvastatin_Tab 20mg,0212000B0AAABAB,8,0.021000000000001226
301,M88626,Atorvastatin_Tab 40mg,0212000B0AAACAC,2,-0.0059999999999997555
302,M88626,Atorvastatin_Tab 80mg,0212000B0AAADAD,5,0.005400000000000155
303,M88626,Clopidogrel_Tab 75mg,0209000C0AAAAAA,12,8.769599999999997
304,M88626,Ferr Sulf_Tab 200mg,0901011P0AAACAC,31,0.23969999999998975
305,M88626,Paracet_Tab 500mg,0407010H0AAAMAM,64,4.328799999999995
306,M88626,Paracet_Tab Solb 500mg,0407010H0AAAQAQ,4,387.86879999999996
307,M88626,Pregabalin_Cap 75mg,0408010AEAAACAC,1,0.005999999999999339
308,M88626,Quetiapine_Tab 25mg,0402010ABAAABAB,1,131.25599999999997
309,M88627,Atorvastatin_Tab 20mg,0212000B0AAABAB,80,45.024
310,M88627,Atorvastatin_Tab 40mg,0212000B0AAACAC,54,66.7984
311,M88627,Clopidogrel_Tab 75mg,0209000C0AAAAAA,1,-0.003499999999999996
312,M88627,Paracet_Tab 500mg,0407010H0AAAMAM,12,0.07199999999999956
313,M88627,Pregabalin_Cap 75mg,0408010AEAAACAC,5,170.18400000000003
314,M88627,Quetiapine_Tab 25mg,0402010ABAAABAB,2,15.311799999999998
315,M88628,Atorvastatin_Tab 20mg,0212000B0AAABAB,29,45.147200000000005
316,M88628,Clopidogrel_Tab 75mg,0209000C0AAAAAA,23,48.452400000000004
317,M88628,Ferr Sulf_Tab 200mg,0901011P0AAACAC,4,58.3652
318,M88628,Paracet_Tab 500mg,0407010H0AAAMAM,16,0.09599999999999942
319,M88628,Paracet_Tab Solb 500mg,0407010H0AAAQAQ,4,-0.023999999999997357
320,M88628,Quetiapine_Tab 25mg,0402010ABAAABAB,1,45.9396
321,M88629,Ferr Sulf_Tab 200mg,0901011P0AAACAC,1,0.011999999999999511
322,M88629,Paracet_Tab 500mg,0407010H0AAAMAM,30,10.091999999999997
323,M88630,Atorvastatin_Tab 40mg,0212000B0AAACAC,1,0.006100000000000175
324,M88630,Atorvastatin_Tab 80mg,0212000B0AAADAD,25,24.78
325,M88630,Paracet_Tab 500mg,0407010H0AAAMAM,236,6.745600000000038
326,M88630,Paracet_Tab Solb 500mg,0407010H0AAAQAQ,4,45.668000000000006
327,M88630,Quetiapine_Tab 25mg,0402010ABAAABAB,4,32.837
328,M88633,Ferr Sulf_Tab 200mg,0901011P0AAACAC,2,0.017999999999999267
329,M88633,Paracet_Tab 500mg,0407010H0AAAMAM,330,28.912800000000004
330,M88635,Atorvastatin_Tab 40mg,0212000B0AAACAC,1,0.0030000000000000165
331,M88635,Paracet_Tab 500mg,0407010H0AAAMAM,8,0.02999999999999982
332,M88637,Paracet_Tab 500mg,0407010H0AAAMAM,14,-0.043999999999999734
333,M88639,Aripiprazole_Tab 10mg,0402010ADAAAAAA,2,-0.004199999999999926
334,M88639,Atorvastatin_Tab 20mg,0212000B0AAABAB,84,45.15840000000001
335,M88639,Atorvastatin_Tab 80mg,0212000B0AAADAD,1,0.00420000000000012
336,M88639,Clopidogrel_Tab 75mg,0209000C0AAAAAA,18,8.769599999999995
337,M88639,Paracet_Tab 500mg,0407010H0AAAMAM,2,-0.011199999999999932
338,M88639,Quetiapine_Tab 25mg,0402010ABAAABAB,3,-0.00840000000000024
339,M88640,Atorvastatin_Tab 20mg,0212000B0AAABAB,54,45.05760000000001
340,M88640,Atorvastatin_Tab 80mg,0212000B0AAADAD,2,74.424
341,M88640,Ferr Sulf_Tab 200mg,0901011P0AAACAC,4,14.089599999999997
342,M88640,Paracet_Tab 500mg,0407010H0AAAMAM,4,-0.0051999999999999685
343,M88643,Atorvastatin_Tab 20mg,0212000B0AAABAB,122,22.545600000000007
344,M88643,Clopidogrel_Tab 75mg,0209000C0AAAAAA,47,17.521699999999992
345,M88643,Paracet_Tab 500mg,0407010H0AAAMAM,386,146.2864
346,M88643,Paracet_Tab Solb 500mg,0407010H0AAAQAQ,14,9.380000000000017
347,M88643,Quetiapine_Tab 25mg,0402010ABAAABAB,2,30.620800000000003
348,M88645,Atorvastatin_Tab 20mg,0212000B0AAABAB,1,-0.0029999999999998778
349,M88645,Clopidogrel_Tab 75mg,0209000C0AAAAAA,1,0.004899999999999995
350,M88645,Ferr Sulf_Tab 200mg,0901011P0AAACAC,19,0.14399999999999413
351,M88645,Paracet_Tab 500mg,0407010H0AAAMAM,148,-4.349999999999974
352,M88645,Quetiapine_Tab 25mg,0402010ABAAABAB,4,0.028000000000000025
353,M88646,Atorvastatin_Tab 80mg,0212000B0AAADAD,8,0.01680000000000048
354,M88646,Clopidogrel_Tab 75mg,0209000C0AAAAAA,8,0.03919999999999996
355,M88646,Ferr Sulf_Tab 200mg,0901011P0AAACAC,14,0.07839999999999953
356,M88646,Paracet_Tab 500mg,0407010H0AAAMAM,10,0.02999999999999982
357,M88646,Paracet_Tab Solb 500mg,0407010H0AAAQAQ,2,0.004000000000000115
358,M88646,Quetiapine_Tab 25mg,0402010ABAAABAB,1,0.005599999999999772
359,M88647,Atorvastatin_Tab 80mg,0212000B0AAADAD,12,0.027300000000000782
360,M88647,Clopidogrel_Tab 75mg,0209000C0AAAAAA,12,0.058799999999999936
361,M88647,Ferr Sulf_Tab 200mg,0901011P0AAACAC,13,0.014599999999999017
362,M88647,Paracet_Tab 500mg,0407010H0AAAMAM,22,-0.018399999999999903
363,M88647,Quetiapine_Tab 25mg,0402010ABAAABAB,1,0.005599999999999772
364,Y00412,Atorvastatin_Tab 20mg,0212000B0AAABAB,1,-0.0029999999999998778
365,Y00412,Paracet_Tab 500mg,0407010H0AAAMAM,18,0.10799999999999935
366,Y00412,Paracet_Tab Solb 500mg,0407010H0AAAQAQ,2,-0.011999999999998678
367,Y00412,Quetiapine_Tab 25mg,0402010ABAAABAB,1,0.00840000000000024
368,Y00471,Atorvastatin_Tab 80mg,0212000B0AAADAD,3,0.0063000000000001805
369,Y00471,Paracet_Tab 500mg,0407010H0AAAMAM,8,0.041999999999999746
370,Y00471,Paracet_Tab Solb 500mg,0407010H0AAAQAQ,2,-0.005999999999999339
371,Y00471,Quetiapine_Tab 25mg,0402010ABAAABAB,1,-0.00140000000000004
372,Y00492,Paracet_Tab 500mg,0407010H0AAAMAM,2,0.008000000000000021
373,Y01057,Paracet_Tab 500mg,0407010H0AAAMAM,16,0.04759999999999971
374,Y01057,Quetiapine_Tab 25mg,0402010ABAAABAB,12,-0.03520000000000101
375,Y02701,Atorvastatin_Tab 20mg,0212000B0AAABAB,48,90.1656
376,Y02701,Clopidogrel_Tab 75mg,0209000C0AAAAAA,21,8.761200000000002
377,Y02701,Paracet_Tab 500mg,0407010H0AAAMAM,48,19.73600000000002
378,Y02701,Quetiapine_Tab 25mg,0402010ABAAABAB,4,-0.01120000000000032
379,Y02704,Atorvastatin_Tab 20mg,0212000B0AAABAB,20,45.136
380,Y02704,Atorvastatin_Tab 80mg,0212000B0AAADAD,1,-0.0032999999999999696
381,Y02704,Clopidogrel_Tab 75mg,0209000C0AAAAAA,21,8.780799999999996
382,Y02704,Paracet_Tab 500mg,0407010H0AAAMAM,30,10.036800000000001
383,Y02704,Quetiapine_Tab 25mg,0402010ABAAABAB,3,-0.00840000000000024
384,Y02961,Clopidogrel_Tab 75mg,0209000C0AAAAAA,1,0.002999999999999947
385,Y02961,Ferr Sulf_Tab 200mg,0901011P0AAACAC,2,0.011999999999999511
386,Y02961,Paracet_Tab 500mg,0407010H0AAAMAM,10,-0.006399999999999961
387,Y02961,Quetiapine_Tab 25mg,0402010ABAAABAB,1,-0.00180000000000001
388,Y03166,Pregabalin_Cap 75mg,0408010AEAAACAC,1,0.005599999999999966
389,Y03331,Paracet_Tab Solb 500mg,0407010H0AAAQAQ,2,-0.006399999999999295
390,Y03392,Paracet_Tab 500mg,0407010H0AAAMAM,6,-0.003999999999999976
