,practice_code,bnf_description,bnf_code,items,excess_cost
0,B83012,Memantine HCl_Tab 20mg,0411000G0AAADAD,19,447.30559999999997
1,B83045,Memantine HCl_Tab 20mg,0411000G0AAADAD,30,319.452
737,B83038,Sertraline HCl_Tab 100mg,0403030Q0AAABAB,23,215.99760000000003
443,B83045,Lansoprazole_Cap 30mg (E/C Gran),0103050L0AAAAAA,191,183.9712
444,B83041,Lansoprazole_Cap 30mg (E/C Gran),0103050L0AAAAAA,6,180.4992
2,B83029,Memantine HCl_Tab 20mg,0411000G0AAADAD,10,127.792
638,B83037,Pregabalin_Cap 100mg,0408010AEAAADAD,1,113.8032
3,B83039,Memantine HCl_Tab 20mg,0411000G0AAADAD,19,111.8796
738,B83038,Sertraline HCl_Tab 100mg,0403030Q0AAABAB,35,107.99600000000001
673,B83045,Carbimazole_Tab 5mg,0602020D0AAAAAA,2,95.536
824,B83007,Aripiprazole_Tab 5mg,0402010ADAAADAD,1,86.1896
825,B83037,Aripiprazole_Tab 5mg,0402010ADAAADAD,2,86.1896
826,B83063,Aripiprazole_Tab 5mg,0402010ADAAADAD,2,86.1896
827,B83028,Aripiprazole_Tab 5mg,0402010ADAAADAD,4,86.184
639,B83045,Pregabalin_Cap 100mg,0408010AEAAADAD,4,85.344
640,B83015,Pregabalin_Cap 100mg,0408010AEAAADAD,4,85.344
674,B83045,Carbimazole_Tab 5mg,0602020D0AAAAAA,2,76.75200000000002
583,B83030,Paracet_Tab Solb 500mg,0407010H0AAAQAQ,1,73.6
582,B83030,Paracet_Tab Solb 500mg,0407010H0AAAQAQ,1,73.6
584,B83049,Paracet_Tab Solb 500mg,0407010H0AAAQAQ,4,73.48
585,B83049,Paracet_Tab Solb 500mg,0407010H0AAAQAQ,4,73.48
564,B83012,Risedronate Sod_Tab 35mg,0606020R0AAADAD,36,72.96480000000001
565,B83012,Risedronate Sod_Tab 35mg,0606020R0AAADAD,7,72.9624
445,B83045,Lansoprazole_Cap 30mg (E/C Gran),0103050L0AAAAAA,333,71.79480000000005
675,Y01118,Carbimazole_Tab 5mg,0602020D0AAAAAA,2,71.652
398,B83042,Atorvastatin_Tab 40mg,0212000B0AAACAC,333,67.13279999999999
676,B83054,Carbimazole_Tab 5mg,0602020D0AAAAAA,1,63.975
4,B83018,Memantine HCl_Tab 20mg,0411000G0AAADAD,8,63.9072
5,B83054,Memantine HCl_Tab 20mg,0411000G0AAADAD,2,63.9016
6,B83013,Memantine HCl_Tab 20mg,0411000G0AAADAD,7,63.895999999999994
7,B83042,Memantine HCl_Tab 20mg,0411000G0AAADAD,7,63.895999999999994
8,B83055,Memantine HCl_Tab 20mg,0411000G0AAADAD,27,63.88200000000001
566,B83018,Risedronate Sod_Tab 35mg,0606020R0AAADAD,51,61.4856
641,B83045,Pregabalin_Cap 100mg,0408010AEAAADAD,8,56.896
9,B83012,Memantine HCl_Tab 20mg,0411000G0AAADAD,24,50.1768
399,B83055,Atorvastatin_Tab 40mg,0212000B0AAACAC,867,46.12439999999997
36,B83045,Paracet_Tab 500mg,0407010H0AAAMAM,97,45.62880000000003
37,B83045,Paracet_Tab 500mg,0407010H0AAAMAM,97,45.62880000000003
400,B83641,Atorvastatin_Tab 40mg,0212000B0AAACAC,492,45.46079999999996
446,B83041,Lansoprazole_Cap 30mg (E/C Gran),0103050L0AAAAAA,117,45.208800000000025
401,B83014,Atorvastatin_Tab 40mg,0212000B0AAACAC,243,44.90639999999996
402,B83041,Atorvastatin_Tab 40mg,0212000B0AAACAC,148,44.755200000000016
403,B83018,Atorvastatin_Tab 40mg,0212000B0AAACAC,222,44.75519999999999
404,B83055,Atorvastatin_Tab 40mg,0212000B0AAACAC,131,44.74960000000001
405,B83015,Atorvastatin_Tab 40mg,0212000B0AAACAC,131,44.74960000000001
406,B83030,Atorvastatin_Tab 40mg,0212000B0AAACAC,168,44.68800000000001
407,B83063,Atorvastatin_Tab 40mg,0212000B0AAACAC,95,44.68799999999999
408,B83038,Atorvastatin_Tab 40mg,0212000B0AAACAC,135,44.60400000000002
409,B83038,Atorvastatin_Tab 40mg,0212000B0AAACAC,278,44.36880000000003
567,B83045,Risedronate Sod_Tab 35mg,0606020R0AAADAD,71,36.49399999999999
568,B83018,Risedronate Sod_Tab 35mg,0606020R0AAADAD,30,36.48000000000001
569,B83045,Risedronate Sod_Tab 35mg,0606020R0AAADAD,14,36.4784
570,B83030,Risedronate Sod_Tab 35mg,0606020R0AAADAD,57,36.4572
677,B83041,Carbimazole_Tab 5mg,0602020D0AAAAAA,1,35.826
447,B83038,Lansoprazole_Cap 30mg (E/C Gran),0103050L0AAAAAA,286,35.235200000000006
39,B83039,Paracet_Tab 500mg,0407010H0AAAMAM,59,30.680000000000017
38,B83039,Paracet_Tab 500mg,0407010H0AAAMAM,59,30.680000000000017
642,B83037,Pregabalin_Cap 100mg,0408010AEAAADAD,1,28.4508
739,B83038,Sertraline HCl_Tab 100mg,0403030Q0AAABAB,33,27.073200000000003
448,B83041,Lansoprazole_Cap 30mg (E/C Gran),0103050L0AAAAAA,290,24.36000000000002
410,B83011,Atorvastatin_Tab 40mg,0212000B0AAACAC,161,22.53999999999999
411,B83010,Atorvastatin_Tab 40mg,0212000B0AAACAC,497,22.26559999999996
40,B83056,Paracet_Tab 500mg,0407010H0AAAMAM,38,22.131200000000014
41,B83056,Paracet_Tab 500mg,0407010H0AAAMAM,38,22.131200000000014
412,B83013,Atorvastatin_Tab 40mg,0212000B0AAACAC,494,22.13119999999996
586,B83045,Paracet_Tab Solb 500mg,0407010H0AAAQAQ,9,21.16800000000002
587,B83045,Paracet_Tab Solb 500mg,0407010H0AAAQAQ,9,21.16800000000002
42,B83039,Paracet_Tab 500mg,0407010H0AAAMAM,37,20.72000000000002
43,B83039,Paracet_Tab 500mg,0407010H0AAAMAM,37,20.72000000000002
45,B83007,Paracet_Tab 500mg,0407010H0AAAMAM,52,20.280000000000005
44,B83007,Paracet_Tab 500mg,0407010H0AAAMAM,52,20.280000000000005
46,B83039,Paracet_Tab 500mg,0407010H0AAAMAM,2,20.160000000000004
47,B83039,Paracet_Tab 500mg,0407010H0AAAMAM,2,20.160000000000004
571,B83054,Risedronate Sod_Tab 35mg,0606020R0AAADAD,1,18.900000000000002
572,B83037,Risedronate Sod_Tab 35mg,0606020R0AAADAD,96,18.240000000000006
573,B83062,Risedronate Sod_Tab 35mg,0606020R0AAADAD,47,18.236
574,B83042,Risedronate Sod_Tab 35mg,0606020R0AAADAD,47,18.217200000000002
48,B83035,Paracet_Tab 500mg,0407010H0AAAMAM,135,14.850000000000003
49,B83035,Paracet_Tab 500mg,0407010H0AAAMAM,135,14.850000000000003
678,B83037,Carbimazole_Tab 5mg,0602020D0AAAAAA,1,12.795
413,B83045,Atorvastatin_Tab 40mg,0212000B0AAACAC,1,12.7184
51,B83062,Paracet_Tab 500mg,0407010H0AAAMAM,5,12.120000000000001
50,B83062,Paracet_Tab 500mg,0407010H0AAAMAM,5,12.120000000000001
52,B83064,Paracet_Tab 500mg,0407010H0AAAMAM,62,11.780000000000015
53,B83064,Paracet_Tab 500mg,0407010H0AAAMAM,62,11.780000000000015
54,B83064,Paracet_Tab 500mg,0407010H0AAAMAM,45,11.699999999999992
55,B83064,Paracet_Tab 500mg,0407010H0AAAMAM,45,11.699999999999992
57,B83009,Paracet_Tab 500mg,0407010H0AAAMAM,36,11.289600000000016
56,B83009,Paracet_Tab 500mg,0407010H0AAAMAM,36,11.289600000000016
414,B83014,Atorvastatin_Tab 40mg,0212000B0AAACAC,18,11.125800000000002
58,B83037,Paracet_Tab 500mg,0407010H0AAAMAM,45,11.088000000000003
59,B83037,Paracet_Tab 500mg,0407010H0AAAMAM,45,11.088000000000003
61,B83067,Paracet_Tab 500mg,0407010H0AAAMAM,35,10.976000000000015
60,B83067,Paracet_Tab 500mg,0407010H0AAAMAM,35,10.976000000000015
63,B83056,Paracet_Tab 500mg,0407010H0AAAMAM,103,10.959200000000013
62,B83056,Paracet_Tab 500mg,0407010H0AAAMAM,103,10.959200000000013
64,B83030,Paracet_Tab 500mg,0407010H0AAAMAM,67,10.880799999999999
65,B83030,Paracet_Tab 500mg,0407010H0AAAMAM,67,10.880799999999999
66,B83017,Paracet_Tab 500mg,0407010H0AAAMAM,88,10.559999999999997
67,B83017,Paracet_Tab 500mg,0407010H0AAAMAM,88,10.559999999999997
68,B83014,Paracet_Tab 500mg,0407010H0AAAMAM,43,10.319999999999997
69,B83015,Paracet_Tab 500mg,0407010H0AAAMAM,43,10.319999999999997
70,B83015,Paracet_Tab 500mg,0407010H0AAAMAM,43,10.319999999999997
71,B83014,Paracet_Tab 500mg,0407010H0AAAMAM,43,10.319999999999997
72,B83020,Paracet_Tab 500mg,0407010H0AAAMAM,59,10.030000000000001
73,B83020,Paracet_Tab 500mg,0407010H0AAAMAM,59,10.030000000000001
74,B83049,Paracet_Tab 500mg,0407010H0AAAMAM,77,10.009999999999993
75,B83049,Paracet_Tab 500mg,0407010H0AAAMAM,77,10.009999999999993
77,B83022,Paracet_Tab 500mg,0407010H0AAAMAM,29,9.860000000000001
76,B83022,Paracet_Tab 500mg,0407010H0AAAMAM,29,9.860000000000001
78,B83038,Paracet_Tab 500mg,0407010H0AAAMAM,29,9.744000000000009
79,B83038,Paracet_Tab 500mg,0407010H0AAAMAM,29,9.744000000000009
80,B83010,Paracet_Tab 500mg,0407010H0AAAMAM,183,9.150000000000007
81,B83010,Paracet_Tab 500mg,0407010H0AAAMAM,183,9.150000000000007
82,B83012,Paracet_Tab 500mg,0407010H0AAAMAM,35,9.099999999999994
83,B83012,Paracet_Tab 500mg,0407010H0AAAMAM,35,9.099999999999994
84,B83055,Paracet_Tab 500mg,0407010H0AAAMAM,101,9.049600000000023
85,B83055,Paracet_Tab 500mg,0407010H0AAAMAM,101,9.049600000000023
86,B83009,Paracet_Tab 500mg,0407010H0AAAMAM,90,9.000000000000007
87,B83009,Paracet_Tab 500mg,0407010H0AAAMAM,90,9.000000000000007
88,B83055,Paracet_Tab 500mg,0407010H0AAAMAM,297,8.91000000000005
89,B83055,Paracet_Tab 500mg,0407010H0AAAMAM,297,8.91000000000005
588,B83015,Paracet_Tab Solb 500mg,0407010H0AAAQAQ,7,8.469999999999999
589,B83015,Paracet_Tab Solb 500mg,0407010H0AAAQAQ,7,8.469999999999999
590,B83028,Paracet_Tab Solb 500mg,0407010H0AAAQAQ,10,8.400000000000004
591,B83028,Paracet_Tab Solb 500mg,0407010H0AAAQAQ,10,8.400000000000004
449,B83038,Lansoprazole_Cap 30mg (E/C Gran),0103050L0AAAAAA,124,7.638400000000026
90,B83056,Paracet_Tab 500mg,0407010H0AAAMAM,76,7.600000000000007
91,B83056,Paracet_Tab 500mg,0407010H0AAAMAM,76,7.600000000000007
92,B83054,Paracet_Tab 500mg,0407010H0AAAMAM,77,7.330400000000001
93,B83054,Paracet_Tab 500mg,0407010H0AAAMAM,77,7.330400000000001
95,B83063,Paracet_Tab 500mg,0407010H0AAAMAM,85,6.800000000000018
94,B83063,Paracet_Tab 500mg,0407010H0AAAMAM,85,6.800000000000018
97,B83040,Paracet_Tab 500mg,0407010H0AAAMAM,65,6.500000000000005
96,B83040,Paracet_Tab 500mg,0407010H0AAAMAM,65,6.500000000000005
450,B83041,Lansoprazole_Cap 30mg (E/C Gran),0103050L0AAAAAA,113,5.9325
98,B83038,Paracet_Tab 500mg,0407010H0AAAMAM,11,5.667200000000001
99,B83038,Paracet_Tab 500mg,0407010H0AAAMAM,11,5.667200000000001
100,B83012,Paracet_Tab 500mg,0407010H0AAAMAM,6,5.644800000000001
101,B83012,Paracet_Tab 500mg,0407010H0AAAMAM,6,5.644800000000001
102,B83030,Paracet_Tab 500mg,0407010H0AAAMAM,93,5.579999999999998
103,B83030,Paracet_Tab 500mg,0407010H0AAAMAM,93,5.579999999999998
105,B83037,Paracet_Tab 500mg,0407010H0AAAMAM,139,5.560000000000015
104,B83037,Paracet_Tab 500mg,0407010H0AAAMAM,139,5.560000000000015
106,B83039,Paracet_Tab 500mg,0407010H0AAAMAM,138,5.520000000000015
107,B83039,Paracet_Tab 500mg,0407010H0AAAMAM,138,5.520000000000015
109,B83045,Paracet_Tab 500mg,0407010H0AAAMAM,67,5.360000000000014
108,B83045,Paracet_Tab 500mg,0407010H0AAAMAM,67,5.360000000000014
111,B83028,Paracet_Tab 500mg,0407010H0AAAMAM,131,5.2400000000000135
110,B83028,Paracet_Tab 500mg,0407010H0AAAMAM,131,5.2400000000000135
113,B83012,Paracet_Tab 500mg,0407010H0AAAMAM,102,5.100000000000005
112,B83012,Paracet_Tab 500mg,0407010H0AAAMAM,102,5.100000000000005
115,B83062,Paracet_Tab 500mg,0407010H0AAAMAM,62,4.960000000000013
114,B83062,Paracet_Tab 500mg,0407010H0AAAMAM,62,4.960000000000013
117,B83013,Paracet_Tab 500mg,0407010H0AAAMAM,144,4.838399999999998
116,B83013,Paracet_Tab 500mg,0407010H0AAAMAM,144,4.838399999999998
594,B83055,Paracet_Tab Solb 500mg,0407010H0AAAQAQ,13,4.680000000000008
595,B83055,Paracet_Tab Solb 500mg,0407010H0AAAQAQ,13,4.680000000000008
592,B83045,Paracet_Tab Solb 500mg,0407010H0AAAQAQ,13,4.680000000000008
593,B83045,Paracet_Tab Solb 500mg,0407010H0AAAQAQ,13,4.680000000000008
10,B83012,Memantine HCl_Tab 20mg,0411000G0AAADAD,1,4.5614
451,B83063,Lansoprazole_Cap 30mg (E/C Gran),0103050L0AAAAAA,56,3.763199999999999
452,B83011,Lansoprazole_Cap 30mg (E/C Gran),0103050L0AAAAAA,89,3.738000000000003
453,B83038,Lansoprazole_Cap 30mg (E/C Gran),0103050L0AAAAAA,13,3.7128
454,B83015,Lansoprazole_Cap 30mg (E/C Gran),0103050L0AAAAAA,157,3.5168000000000093
455,B83028,Lansoprazole_Cap 30mg (E/C Gran),0103050L0AAAAAA,244,3.416000000000003
118,B83045,Paracet_Tab 500mg,0407010H0AAAMAM,4,3.048
119,B83045,Paracet_Tab 500mg,0407010H0AAAMAM,4,3.048
120,B83009,Paracet_Tab 500mg,0407010H0AAAMAM,60,2.400000000000027
121,B83009,Paracet_Tab 500mg,0407010H0AAAMAM,60,2.400000000000027
456,B83045,Lansoprazole_Cap 30mg (E/C Gran),0103050L0AAAAAA,1,2.2201999999999997
122,B83015,Paracet_Tab 500mg,0407010H0AAAMAM,98,1.9600000000000222
123,B83015,Paracet_Tab 500mg,0407010H0AAAMAM,98,1.9600000000000222
125,B83039,Paracet_Tab 500mg,0407010H0AAAMAM,113,1.8984000000000105
124,B83039,Paracet_Tab 500mg,0407010H0AAAMAM,113,1.8984000000000105
457,B83009,Lansoprazole_Cap 30mg (E/C Gran),0103050L0AAAAAA,61,1.8788000000000065
127,B83010,Paracet_Tab 500mg,0407010H0AAAMAM,5,1.616
126,B83010,Paracet_Tab 500mg,0407010H0AAAMAM,5,1.616
415,B83045,Atorvastatin_Tab 40mg,0212000B0AAACAC,37,1.5540000000000014
128,B83064,Paracet_Tab 500mg,0407010H0AAAMAM,33,1.4784000000000166
129,B83064,Paracet_Tab 500mg,0407010H0AAAMAM,33,1.4784000000000166
130,B83054,Paracet_Tab 500mg,0407010H0AAAMAM,46,1.3800000000000077
131,B83054,Paracet_Tab 500mg,0407010H0AAAMAM,46,1.3800000000000077
575,B83022,Risedronate Sod_Tab 35mg,0606020R0AAADAD,55,1.3639999999999963
416,B83054,Atorvastatin_Tab 40mg,0212000B0AAACAC,109,1.2207999999999926
740,B83062,Sertraline HCl_Tab 100mg,0403030Q0AAABAB,27,0.9827999999999993
132,B83012,Paracet_Tab 500mg,0407010H0AAAMAM,41,0.9183999999999944
133,B83012,Paracet_Tab 500mg,0407010H0AAAMAM,41,0.9183999999999944
596,B83038,Paracet_Tab Solb 500mg,0407010H0AAAQAQ,4,0.8000000000000007
597,B83038,Paracet_Tab Solb 500mg,0407010H0AAAQAQ,4,0.8000000000000007
458,B83055,Lansoprazole_Cap 30mg (E/C Gran),0103050L0AAAAAA,284,0.795200000000009
741,B83045,Sertraline HCl_Tab 100mg,0403030Q0AAABAB,67,0.7503999999999955
459,B83039,Lansoprazole_Cap 30mg (E/C Gran),0103050L0AAAAAA,263,0.7364000000000083
460,B83013,Lansoprazole_Cap 30mg (E/C Gran),0103050L0AAAAAA,245,0.6860000000000077
576,B83055,Risedronate Sod_Tab 35mg,0606020R0AAADAD,140,0.6720000000000037
461,B83028,Lansoprazole_Cap 30mg (E/C Gran),0103050L0AAAAAA,228,0.6384000000000072
462,B83062,Lansoprazole_Cap 30mg (E/C Gran),0103050L0AAAAAA,209,0.5852000000000066
463,B83056,Lansoprazole_Cap 30mg (E/C Gran),0103050L0AAAAAA,205,0.5740000000000065
464,B83013,Lansoprazole_Cap 30mg (E/C Gran),0103050L0AAAAAA,99,0.5544000000000062
465,B83029,Lansoprazole_Cap 30mg (E/C Gran),0103050L0AAAAAA,191,0.534800000000006
466,B83040,Lansoprazole_Cap 30mg (E/C Gran),0103050L0AAAAAA,190,0.532000000000006
467,B83011,Lansoprazole_Cap 30mg (E/C Gran),0103050L0AAAAAA,178,0.4984000000000056
468,B83018,Lansoprazole_Cap 30mg (E/C Gran),0103050L0AAAAAA,173,0.4844000000000055
469,B83064,Lansoprazole_Cap 30mg (E/C Gran),0103050L0AAAAAA,172,0.48160000000000547
470,B83042,Lansoprazole_Cap 30mg (E/C Gran),0103050L0AAAAAA,167,0.4676000000000053
471,B83054,Lansoprazole_Cap 30mg (E/C Gran),0103050L0AAAAAA,164,0.45920000000000516
472,B83039,Lansoprazole_Cap 30mg (E/C Gran),0103050L0AAAAAA,80,0.44800000000000506
473,B83011,Lansoprazole_Cap 30mg (E/C Gran),0103050L0AAAAAA,79,0.442400000000005
474,B83055,Lansoprazole_Cap 30mg (E/C Gran),0103050L0AAAAAA,77,0.43120000000000486
475,B83064,Lansoprazole_Cap 30mg (E/C Gran),0103050L0AAAAAA,73,0.4088000000000046
476,B83009,Lansoprazole_Cap 30mg (E/C Gran),0103050L0AAAAAA,139,0.3892000000000044
477,B83062,Lansoprazole_Cap 30mg (E/C Gran),0103050L0AAAAAA,67,0.37520000000000425
478,B83063,Lansoprazole_Cap 30mg (E/C Gran),0103050L0AAAAAA,131,0.3668000000000041
479,B83029,Lansoprazole_Cap 30mg (E/C Gran),0103050L0AAAAAA,60,0.3360000000000038
480,B83049,Lansoprazole_Cap 30mg (E/C Gran),0103050L0AAAAAA,104,0.2912000000000033
481,B83028,Lansoprazole_Cap 30mg (E/C Gran),0103050L0AAAAAA,48,0.26880000000000304
482,B83030,Lansoprazole_Cap 30mg (E/C Gran),0103050L0AAAAAA,124,0.2604000000000014
483,B83056,Lansoprazole_Cap 30mg (E/C Gran),0103050L0AAAAAA,59,0.24780000000000135
484,B83015,Lansoprazole_Cap 30mg (E/C Gran),0103050L0AAAAAA,173,0.24219999999999853
485,B83054,Lansoprazole_Cap 30mg (E/C Gran),0103050L0AAAAAA,42,0.23520000000000266
486,B83063,Lansoprazole_Cap 30mg (E/C Gran),0103050L0AAAAAA,36,0.20160000000000228
488,B83020,Lansoprazole_Cap 30mg (E/C Gran),0103050L0AAAAAA,70,0.19600000000000223
487,B83042,Lansoprazole_Cap 30mg (E/C Gran),0103050L0AAAAAA,35,0.19600000000000223
11,B83013,Memantine HCl_Tab 20mg,0411000G0AAADAD,40,0.19599999999999979
489,B83037,Lansoprazole_Cap 30mg (E/C Gran),0103050L0AAAAAA,68,0.19040000000000215
490,B83010,Lansoprazole_Cap 30mg (E/C Gran),0103050L0AAAAAA,67,0.18760000000000213
12,B83055,Memantine HCl_Tab 20mg,0411000G0AAADAD,37,0.1812999999999998
491,B83032,Lansoprazole_Cap 30mg (E/C Gran),0103050L0AAAAAA,62,0.17360000000000197
742,B83055,Sertraline HCl_Tab 100mg,0403030Q0AAABAB,78,0.1638000000000009
492,B83007,Lansoprazole_Cap 30mg (E/C Gran),0103050L0AAAAAA,57,0.1596000000000018
13,B83029,Memantine HCl_Tab 20mg,0411000G0AAADAD,32,0.15679999999999983
743,B83015,Sertraline HCl_Tab 100mg,0403030Q0AAABAB,37,0.15540000000000087
493,B83014,Lansoprazole_Cap 30mg (E/C Gran),0103050L0AAAAAA,53,0.14840000000000167
494,Y01118,Lansoprazole_Cap 30mg (E/C Gran),0103050L0AAAAAA,53,0.14840000000000167
14,B83042,Memantine HCl_Tab 20mg,0411000G0AAADAD,29,0.14209999999999984
495,B83038,Lansoprazole_Cap 30mg (E/C Gran),0103050L0AAAAAA,50,0.14000000000000157
496,B83041,Lansoprazole_Cap 30mg (E/C Gran),0103050L0AAAAAA,25,0.14000000000000157
134,Y01118,Paracet_Tab 500mg,0407010H0AAAMAM,7,0.13999999999999915
135,Y01118,Paracet_Tab 500mg,0407010H0AAAMAM,7,0.13999999999999915
15,B83020,Memantine HCl_Tab 20mg,0411000G0AAADAD,28,0.13719999999999985
744,B83056,Sertraline HCl_Tab 100mg,0403030Q0AAABAB,32,0.13440000000000074
16,B83028,Memantine HCl_Tab 20mg,0411000G0AAADAD,27,0.13229999999999986
497,B83031,Lansoprazole_Cap 30mg (E/C Gran),0103050L0AAAAAA,47,0.1316000000000015
498,B83018,Lansoprazole_Cap 30mg (E/C Gran),0103050L0AAAAAA,23,0.12880000000000147
499,B83045,Lansoprazole_Cap 30mg (E/C Gran),0103050L0AAAAAA,21,0.11760000000000133
745,B83040,Sertraline HCl_Tab 100mg,0403030Q0AAABAB,28,0.11760000000000065
137,B83028,Paracet_Tab 500mg,0407010H0AAAMAM,1,0.11519999999999997
136,B83028,Paracet_Tab 500mg,0407010H0AAAMAM,1,0.11519999999999997
500,B83020,Lansoprazole_Cap 30mg (E/C Gran),0103050L0AAAAAA,20,0.11200000000000127
138,B83045,Paracet_Tab 500mg,0407010H0AAAMAM,10,0.11199999999999932
139,B83045,Paracet_Tab 500mg,0407010H0AAAMAM,10,0.11199999999999932
746,B83039,Sertraline HCl_Tab 100mg,0403030Q0AAABAB,53,0.11130000000000062
747,B83028,Sertraline HCl_Tab 100mg,0403030Q0AAABAB,24,0.10080000000000056
748,B83013,Sertraline HCl_Tab 100mg,0403030Q0AAABAB,48,0.10080000000000056
141,B83040,Paracet_Tab 500mg,0407010H0AAAMAM,24,0.10079999999999939
140,B83040,Paracet_Tab 500mg,0407010H0AAAMAM,24,0.10079999999999939
577,B83056,Risedronate Sod_Tab 35mg,0606020R0AAADAD,82,0.09839999999999827
749,B83055,Sertraline HCl_Tab 100mg,0403030Q0AAABAB,23,0.09660000000000053
750,B83028,Sertraline HCl_Tab 100mg,0403030Q0AAABAB,46,0.09660000000000053
501,B83010,Lansoprazole_Cap 30mg (E/C Gran),0103050L0AAAAAA,17,0.09520000000000108
502,B83049,Lansoprazole_Cap 30mg (E/C Gran),0103050L0AAAAAA,17,0.09520000000000108
503,B83009,Lansoprazole_Cap 30mg (E/C Gran),0103050L0AAAAAA,17,0.09520000000000108
17,B83030,Memantine HCl_Tab 20mg,0411000G0AAADAD,19,0.0930999999999999
751,B83054,Sertraline HCl_Tab 100mg,0403030Q0AAABAB,22,0.09240000000000051
752,B83040,Sertraline HCl_Tab 100mg,0403030Q0AAABAB,43,0.09030000000000049
753,B83011,Sertraline HCl_Tab 100mg,0403030Q0AAABAB,43,0.09030000000000049
754,B83020,Sertraline HCl_Tab 100mg,0403030Q0AAABAB,21,0.08820000000000049
755,B83063,Sertraline HCl_Tab 100mg,0403030Q0AAABAB,21,0.08820000000000049
18,B83064,Memantine HCl_Tab 20mg,0411000G0AAADAD,18,0.0881999999999999
756,B83064,Sertraline HCl_Tab 100mg,0403030Q0AAABAB,41,0.08610000000000048
505,B83067,Lansoprazole_Cap 30mg (E/C Gran),0103050L0AAAAAA,30,0.08400000000000095
504,Y01126,Lansoprazole_Cap 30mg (E/C Gran),0103050L0AAAAAA,15,0.08400000000000095
19,B83015,Memantine HCl_Tab 20mg,0411000G0AAADAD,17,0.0832999999999999
757,B83030,Sertraline HCl_Tab 100mg,0403030Q0AAABAB,39,0.08190000000000044
758,B83063,Sertraline HCl_Tab 100mg,0403030Q0AAABAB,38,0.07980000000000044
506,B83035,Lansoprazole_Cap 30mg (E/C Gran),0103050L0AAAAAA,14,0.07840000000000089
20,B83018,Memantine HCl_Tab 20mg,0411000G0AAADAD,15,0.07349999999999993
507,B83067,Lansoprazole_Cap 30mg (E/C Gran),0103050L0AAAAAA,13,0.07280000000000082
508,B83040,Lansoprazole_Cap 30mg (E/C Gran),0103050L0AAAAAA,13,0.07280000000000082
509,B83045,Lansoprazole_Cap 30mg (E/C Gran),0103050L0AAAAAA,26,0.07280000000000082
510,B83015,Lansoprazole_Cap 30mg (E/C Gran),0103050L0AAAAAA,26,0.07279999999999956
759,B83011,Sertraline HCl_Tab 100mg,0403030Q0AAABAB,17,0.0714000000000004
760,B83009,Sertraline HCl_Tab 100mg,0403030Q0AAABAB,33,0.06930000000000039
21,B83038,Memantine HCl_Tab 20mg,0411000G0AAADAD,14,0.06859999999999992
761,B83039,Sertraline HCl_Tab 100mg,0403030Q0AAABAB,16,0.06720000000000037
762,B83014,Sertraline HCl_Tab 100mg,0403030Q0AAABAB,16,0.06720000000000037
23,B83062,Memantine HCl_Tab 20mg,0411000G0AAADAD,13,0.06369999999999992
22,B83009,Memantine HCl_Tab 20mg,0411000G0AAADAD,13,0.06369999999999992
643,B83045,Pregabalin_Cap 100mg,0408010AEAAADAD,10,0.0630000000000018
512,B83007,Lansoprazole_Cap 30mg (E/C Gran),0103050L0AAAAAA,11,0.061600000000000696
511,B83030,Lansoprazole_Cap 30mg (E/C Gran),0103050L0AAAAAA,11,0.061600000000000696
143,B83028,Paracet_Tab 500mg,0407010H0AAAMAM,22,0.06159999999999963
145,B83056,Paracet_Tab 500mg,0407010H0AAAMAM,22,0.06159999999999963
144,B83028,Paracet_Tab 500mg,0407010H0AAAMAM,22,0.06159999999999963
142,B83056,Paracet_Tab 500mg,0407010H0AAAMAM,22,0.06159999999999963
147,B83055,Paracet_Tab 500mg,0407010H0AAAMAM,10,0.05999999999999964
146,B83055,Paracet_Tab 500mg,0407010H0AAAMAM,10,0.05999999999999964
763,B83056,Sertraline HCl_Tab 100mg,0403030Q0AAABAB,28,0.058800000000000324
764,B83013,Sertraline HCl_Tab 100mg,0403030Q0AAABAB,14,0.058800000000000324
24,B83049,Memantine HCl_Tab 20mg,0411000G0AAADAD,12,0.058799999999999936
149,B83009,Paracet_Tab 500mg,0407010H0AAAMAM,21,0.058799999999999644
148,B83009,Paracet_Tab 500mg,0407010H0AAAMAM,21,0.058799999999999644
765,B83042,Sertraline HCl_Tab 100mg,0403030Q0AAABAB,41,0.05739999999999965
644,B83029,Pregabalin_Cap 100mg,0408010AEAAADAD,9,0.056700000000001624
767,B83064,Sertraline HCl_Tab 100mg,0403030Q0AAABAB,13,0.0546000000000003
766,B83049,Sertraline HCl_Tab 100mg,0403030Q0AAABAB,13,0.0546000000000003
25,B83040,Memantine HCl_Tab 20mg,0411000G0AAADAD,11,0.05389999999999994
513,B83035,Lansoprazole_Cap 30mg (E/C Gran),0103050L0AAAAAA,19,0.0532000000000006
645,B83013,Pregabalin_Cap 100mg,0408010AEAAADAD,8,0.050400000000001444
768,B83042,Sertraline HCl_Tab 100mg,0403030Q0AAABAB,12,0.05040000000000028
769,B83018,Sertraline HCl_Tab 100mg,0403030Q0AAABAB,12,0.05040000000000028
150,B83064,Paracet_Tab 500mg,0407010H0AAAMAM,18,0.050399999999999695
151,B83064,Paracet_Tab 500mg,0407010H0AAAMAM,18,0.050399999999999695
514,B83055,Lansoprazole_Cap 30mg (E/C Gran),0103050L0AAAAAA,27,0.04860000000000008
770,B83029,Sertraline HCl_Tab 100mg,0403030Q0AAABAB,23,0.048300000000000266
153,B83042,Paracet_Tab 500mg,0407010H0AAAMAM,8,0.04799999999999971
152,B83042,Paracet_Tab 500mg,0407010H0AAAMAM,8,0.04799999999999971
155,B83039,Paracet_Tab 500mg,0407010H0AAAMAM,17,0.04759999999999971
154,B83039,Paracet_Tab 500mg,0407010H0AAAMAM,17,0.04759999999999971
771,B83045,Sertraline HCl_Tab 100mg,0403030Q0AAABAB,11,0.046200000000000255
515,B83014,Lansoprazole_Cap 30mg (E/C Gran),0103050L0AAAAAA,8,0.044800000000000506
646,B83028,Pregabalin_Cap 100mg,0408010AEAAADAD,9,0.04410000000000039
772,B83020,Sertraline HCl_Tab 100mg,0403030Q0AAABAB,21,0.04410000000000024
157,B83009,Paracet_Tab 500mg,0407010H0AAAMAM,10,0.041999999999999746
156,B83009,Paracet_Tab 500mg,0407010H0AAAMAM,10,0.041999999999999746
773,B83007,Sertraline HCl_Tab 100mg,0403030Q0AAABAB,19,0.03990000000000022
774,B83049,Sertraline HCl_Tab 100mg,0403030Q0AAABAB,19,0.03990000000000022
775,B83010,Sertraline HCl_Tab 100mg,0403030Q0AAABAB,19,0.03990000000000022
517,B83017,Lansoprazole_Cap 30mg (E/C Gran),0103050L0AAAAAA,14,0.03920000000000044
518,B83022,Lansoprazole_Cap 30mg (E/C Gran),0103050L0AAAAAA,7,0.03920000000000044
516,B83032,Lansoprazole_Cap 30mg (E/C Gran),0103050L0AAAAAA,7,0.03920000000000044
647,B83040,Pregabalin_Cap 100mg,0408010AEAAADAD,8,0.039200000000000346
158,B83055,Paracet_Tab 500mg,0407010H0AAAMAM,3,0.038400000000000434
159,B83055,Paracet_Tab 500mg,0407010H0AAAMAM,3,0.038400000000000434
778,B83017,Sertraline HCl_Tab 100mg,0403030Q0AAABAB,18,0.03780000000000021
776,B83018,Sertraline HCl_Tab 100mg,0403030Q0AAABAB,18,0.03780000000000021
777,Y01118,Sertraline HCl_Tab 100mg,0403030Q0AAABAB,9,0.03780000000000021
161,B83042,Paracet_Tab 500mg,0407010H0AAAMAM,9,0.03779999999999977
160,B83042,Paracet_Tab 500mg,0407010H0AAAMAM,9,0.03779999999999977
519,B83022,Lansoprazole_Cap 30mg (E/C Gran),0103050L0AAAAAA,13,0.03640000000000041
162,B83007,Paracet_Tab 500mg,0407010H0AAAMAM,13,0.03639999999999978
163,B83007,Paracet_Tab 500mg,0407010H0AAAMAM,13,0.03639999999999978
165,B83010,Paracet_Tab 500mg,0407010H0AAAMAM,6,0.03599999999999978
164,B83010,Paracet_Tab 500mg,0407010H0AAAMAM,6,0.03599999999999978
166,B83041,Paracet_Tab 500mg,0407010H0AAAMAM,6,0.03599999999999978
167,B83041,Paracet_Tab 500mg,0407010H0AAAMAM,6,0.03599999999999978
779,B83062,Sertraline HCl_Tab 100mg,0403030Q0AAABAB,17,0.0357000000000002
520,B83641,Lansoprazole_Cap 30mg (E/C Gran),0103050L0AAAAAA,6,0.03360000000000038
780,B83038,Sertraline HCl_Tab 100mg,0403030Q0AAABAB,8,0.033600000000000185
781,B83009,Sertraline HCl_Tab 100mg,0403030Q0AAABAB,8,0.033600000000000185
172,B83015,Paracet_Tab 500mg,0407010H0AAAMAM,8,0.0335999999999998
168,B83039,Paracet_Tab 500mg,0407010H0AAAMAM,8,0.0335999999999998
170,B83040,Paracet_Tab 500mg,0407010H0AAAMAM,12,0.0335999999999998
173,B83039,Paracet_Tab 500mg,0407010H0AAAMAM,8,0.0335999999999998
176,B83055,Paracet_Tab 500mg,0407010H0AAAMAM,12,0.0335999999999998
177,B83011,Paracet_Tab 500mg,0407010H0AAAMAM,8,0.0335999999999998
175,B83040,Paracet_Tab 500mg,0407010H0AAAMAM,12,0.0335999999999998
171,B83055,Paracet_Tab 500mg,0407010H0AAAMAM,12,0.0335999999999998
174,B83011,Paracet_Tab 500mg,0407010H0AAAMAM,8,0.0335999999999998
169,B83015,Paracet_Tab 500mg,0407010H0AAAMAM,8,0.0335999999999998
648,B83041,Pregabalin_Cap 100mg,0408010AEAAADAD,5,0.0315000000000009
782,B83032,Sertraline HCl_Tab 100mg,0403030Q0AAABAB,15,0.031500000000000174
183,B83014,Paracet_Tab 500mg,0407010H0AAAMAM,11,0.030799999999999814
181,B83049,Paracet_Tab 500mg,0407010H0AAAMAM,11,0.030799999999999814
184,B83067,Paracet_Tab 500mg,0407010H0AAAMAM,11,0.030799999999999814
185,B83014,Paracet_Tab 500mg,0407010H0AAAMAM,11,0.030799999999999814
186,B83020,Paracet_Tab 500mg,0407010H0AAAMAM,11,0.030799999999999814
187,B83018,Paracet_Tab 500mg,0407010H0AAAMAM,11,0.030799999999999814
182,B83020,Paracet_Tab 500mg,0407010H0AAAMAM,11,0.030799999999999814
178,B83067,Paracet_Tab 500mg,0407010H0AAAMAM,11,0.030799999999999814
179,B83018,Paracet_Tab 500mg,0407010H0AAAMAM,11,0.030799999999999814
180,B83049,Paracet_Tab 500mg,0407010H0AAAMAM,11,0.030799999999999814
188,B83012,Paracet_Tab 500mg,0407010H0AAAMAM,5,0.02999999999999982
189,B83028,Paracet_Tab 500mg,0407010H0AAAMAM,5,0.02999999999999982
190,B83012,Paracet_Tab 500mg,0407010H0AAAMAM,5,0.02999999999999982
191,B83028,Paracet_Tab 500mg,0407010H0AAAMAM,5,0.02999999999999982
649,B83039,Pregabalin_Cap 100mg,0408010AEAAADAD,6,0.02940000000000026
650,B83045,Pregabalin_Cap 100mg,0408010AEAAADAD,4,0.028000000000000802
192,B83029,Paracet_Tab 500mg,0407010H0AAAMAM,10,0.02799999999999983
193,B83062,Paracet_Tab 500mg,0407010H0AAAMAM,10,0.02799999999999983
194,B83029,Paracet_Tab 500mg,0407010H0AAAMAM,10,0.02799999999999983
195,B83062,Paracet_Tab 500mg,0407010H0AAAMAM,10,0.02799999999999983
783,B83054,Sertraline HCl_Tab 100mg,0403030Q0AAABAB,13,0.02730000000000015
651,B83062,Pregabalin_Cap 100mg,0408010AEAAADAD,4,0.025200000000000722
652,B83028,Pregabalin_Cap 100mg,0408010AEAAADAD,4,0.025200000000000722
653,B83042,Pregabalin_Cap 100mg,0408010AEAAADAD,4,0.025200000000000722
654,B83035,Pregabalin_Cap 100mg,0408010AEAAADAD,4,0.025200000000000722
784,B83037,Sertraline HCl_Tab 100mg,0403030Q0AAABAB,6,0.02520000000000014
196,B83011,Paracet_Tab 500mg,0407010H0AAAMAM,9,0.025199999999999848
197,B83042,Paracet_Tab 500mg,0407010H0AAAMAM,9,0.025199999999999848
198,B83042,Paracet_Tab 500mg,0407010H0AAAMAM,9,0.025199999999999848
199,B83011,Paracet_Tab 500mg,0407010H0AAAMAM,9,0.025199999999999848
655,B83018,Pregabalin_Cap 100mg,0408010AEAAADAD,5,0.024500000000000216
656,B83007,Pregabalin_Cap 100mg,0408010AEAAADAD,5,0.024500000000000216
657,B83029,Pregabalin_Cap 100mg,0408010AEAAADAD,5,0.024500000000000216
26,B83056,Memantine HCl_Tab 20mg,0411000G0AAADAD,5,0.024499999999999973
27,B83014,Memantine HCl_Tab 20mg,0411000G0AAADAD,5,0.024499999999999973
200,B83039,Paracet_Tab 500mg,0407010H0AAAMAM,4,0.023999999999999855
201,B83039,Paracet_Tab 500mg,0407010H0AAAMAM,4,0.023999999999999855
521,B83012,Lansoprazole_Cap 30mg (E/C Gran),0103050L0AAAAAA,4,0.022400000000000253
202,B83030,Paracet_Tab 500mg,0407010H0AAAMAM,8,0.022399999999999864
203,B83030,Paracet_Tab 500mg,0407010H0AAAMAM,8,0.022399999999999864
786,B83045,Sertraline HCl_Tab 100mg,0403030Q0AAABAB,10,0.021000000000000116
785,B83017,Sertraline HCl_Tab 100mg,0403030Q0AAABAB,5,0.021000000000000116
208,B83045,Paracet_Tab 500mg,0407010H0AAAMAM,5,0.020999999999999873
207,B83049,Paracet_Tab 500mg,0407010H0AAAMAM,5,0.020999999999999873
206,B83045,Paracet_Tab 500mg,0407010H0AAAMAM,5,0.020999999999999873
205,B83031,Paracet_Tab 500mg,0407010H0AAAMAM,5,0.020999999999999873
204,B83031,Paracet_Tab 500mg,0407010H0AAAMAM,5,0.020999999999999873
209,B83049,Paracet_Tab 500mg,0407010H0AAAMAM,5,0.020999999999999873
828,B83041,Aripiprazole_Tab 5mg,0402010ADAAADAD,5,0.02099999999999963
658,B83055,Pregabalin_Cap 100mg,0408010AEAAADAD,4,0.019600000000000173
659,B83020,Pregabalin_Cap 100mg,0408010AEAAADAD,4,0.019600000000000173
29,B83054,Memantine HCl_Tab 20mg,0411000G0AAADAD,4,0.01959999999999998
28,B83010,Memantine HCl_Tab 20mg,0411000G0AAADAD,4,0.01959999999999998
31,Y01118,Memantine HCl_Tab 20mg,0411000G0AAADAD,4,0.01959999999999998
30,B83035,Memantine HCl_Tab 20mg,0411000G0AAADAD,4,0.01959999999999998
211,B83037,Paracet_Tab 500mg,0407010H0AAAMAM,7,0.01959999999999988
210,B83037,Paracet_Tab 500mg,0407010H0AAAMAM,7,0.01959999999999988
213,B83056,Paracet_Tab 500mg,0407010H0AAAMAM,2,0.019200000000000106
212,B83056,Paracet_Tab 500mg,0407010H0AAAMAM,2,0.019200000000000106
217,B83007,Paracet_Tab 500mg,0407010H0AAAMAM,3,0.01799999999999989
216,B83641,Paracet_Tab 500mg,0407010H0AAAMAM,3,0.01799999999999989
215,B83007,Paracet_Tab 500mg,0407010H0AAAMAM,3,0.01799999999999989
214,B83641,Paracet_Tab 500mg,0407010H0AAAMAM,3,0.01799999999999989
417,B83056,Atorvastatin_Tab 40mg,0212000B0AAACAC,4,0.01760000000000006
523,B83017,Lansoprazole_Cap 30mg (E/C Gran),0103050L0AAAAAA,3,0.01680000000000019
522,B83037,Lansoprazole_Cap 30mg (E/C Gran),0103050L0AAAAAA,3,0.01680000000000019
791,B83035,Sertraline HCl_Tab 100mg,0403030Q0AAABAB,4,0.016800000000000093
792,B83031,Sertraline HCl_Tab 100mg,0403030Q0AAABAB,4,0.016800000000000093
790,B83030,Sertraline HCl_Tab 100mg,0403030Q0AAABAB,4,0.016800000000000093
789,B83015,Sertraline HCl_Tab 100mg,0403030Q0AAABAB,8,0.016800000000000093
788,B83029,Sertraline HCl_Tab 100mg,0403030Q0AAABAB,4,0.016800000000000093
787,B83007,Sertraline HCl_Tab 100mg,0403030Q0AAABAB,4,0.016800000000000093
222,B83056,Paracet_Tab 500mg,0407010H0AAAMAM,4,0.0167999999999999
218,B83062,Paracet_Tab 500mg,0407010H0AAAMAM,4,0.0167999999999999
226,B83054,Paracet_Tab 500mg,0407010H0AAAMAM,6,0.0167999999999999
231,B83009,Paracet_Tab 500mg,0407010H0AAAMAM,1,0.0167999999999999
229,B83062,Paracet_Tab 500mg,0407010H0AAAMAM,1,0.0167999999999999
228,B83055,Paracet_Tab 500mg,0407010H0AAAMAM,4,0.0167999999999999
227,B83020,Paracet_Tab 500mg,0407010H0AAAMAM,4,0.0167999999999999
230,B83062,Paracet_Tab 500mg,0407010H0AAAMAM,4,0.0167999999999999
225,B83062,Paracet_Tab 500mg,0407010H0AAAMAM,1,0.0167999999999999
224,B83020,Paracet_Tab 500mg,0407010H0AAAMAM,4,0.0167999999999999
223,B83055,Paracet_Tab 500mg,0407010H0AAAMAM,4,0.0167999999999999
221,B83009,Paracet_Tab 500mg,0407010H0AAAMAM,1,0.0167999999999999
220,B83054,Paracet_Tab 500mg,0407010H0AAAMAM,6,0.0167999999999999
219,B83056,Paracet_Tab 500mg,0407010H0AAAMAM,4,0.0167999999999999
829,B83055,Aripiprazole_Tab 5mg,0402010ADAAADAD,4,0.016799999999999704
793,B83037,Sertraline HCl_Tab 100mg,0403030Q0AAABAB,7,0.014700000000000081
32,B83011,Memantine HCl_Tab 20mg,0411000G0AAADAD,3,0.014699999999999984
524,Y01126,Lansoprazole_Cap 30mg (E/C Gran),0103050L0AAAAAA,5,0.014000000000000158
232,B83063,Paracet_Tab 500mg,0407010H0AAAMAM,5,0.013999999999999915
233,B83063,Paracet_Tab 500mg,0407010H0AAAMAM,5,0.013999999999999915
795,B83041,Sertraline HCl_Tab 100mg,0403030Q0AAABAB,3,0.01260000000000007
794,B83010,Sertraline HCl_Tab 100mg,0403030Q0AAABAB,3,0.01260000000000007
525,B83055,Lansoprazole_Cap 30mg (E/C Gran),0103050L0AAAAAA,4,0.012000000000000344
242,B83064,Paracet_Tab 500mg,0407010H0AAAMAM,2,0.011999999999999927
243,B83062,Paracet_Tab 500mg,0407010H0AAAMAM,1,0.011999999999999927
241,B83017,Paracet_Tab 500mg,0407010H0AAAMAM,2,0.011999999999999927
239,B83029,Paracet_Tab 500mg,0407010H0AAAMAM,2,0.011999999999999927
234,B83017,Paracet_Tab 500mg,0407010H0AAAMAM,2,0.011999999999999927
235,B83062,Paracet_Tab 500mg,0407010H0AAAMAM,1,0.011999999999999927
236,B83029,Paracet_Tab 500mg,0407010H0AAAMAM,2,0.011999999999999927
238,B83064,Paracet_Tab 500mg,0407010H0AAAMAM,2,0.011999999999999927
237,B83038,Paracet_Tab 500mg,0407010H0AAAMAM,2,0.011999999999999927
240,B83038,Paracet_Tab 500mg,0407010H0AAAMAM,2,0.011999999999999927
526,Y01118,Lansoprazole_Cap 30mg (E/C Gran),0103050L0AAAAAA,2,0.011200000000000127
245,B83041,Paracet_Tab 500mg,0407010H0AAAMAM,4,0.011199999999999932
246,B83028,Paracet_Tab 500mg,0407010H0AAAMAM,8,0.011199999999999932
247,B83041,Paracet_Tab 500mg,0407010H0AAAMAM,4,0.011199999999999932
244,B83028,Paracet_Tab 500mg,0407010H0AAAMAM,8,0.011199999999999932
527,B83020,Lansoprazole_Cap 30mg (E/C Gran),0103050L0AAAAAA,3,0.0105000000000003
528,B83045,Lansoprazole_Cap 30mg (E/C Gran),0103050L0AAAAAA,1,0.00980000000000028
33,B83041,Memantine HCl_Tab 20mg,0411000G0AAADAD,2,0.00979999999999999
249,B83020,Paracet_Tab 500mg,0407010H0AAAMAM,7,0.00979999999999994
248,B83020,Paracet_Tab 500mg,0407010H0AAAMAM,7,0.00979999999999994
529,Y01118,Lansoprazole_Cap 30mg (E/C Gran),0103050L0AAAAAA,3,0.009000000000000258
680,B83045,Carbimazole_Tab 5mg,0602020D0AAAAAA,1,0.008999999999999009
679,B83010,Carbimazole_Tab 5mg,0602020D0AAAAAA,1,0.008999999999999009
530,B83014,Lansoprazole_Cap 30mg (E/C Gran),0103050L0AAAAAA,1,0.008600000000000246
531,B83037,Lansoprazole_Cap 30mg (E/C Gran),0103050L0AAAAAA,2,0.00840000000000024
532,B83012,Lansoprazole_Cap 30mg (E/C Gran),0103050L0AAAAAA,3,0.008400000000000095
533,B83641,Lansoprazole_Cap 30mg (E/C Gran),0103050L0AAAAAA,3,0.008400000000000095
797,B83035,Sertraline HCl_Tab 100mg,0403030Q0AAABAB,4,0.008400000000000046
796,B83031,Sertraline HCl_Tab 100mg,0403030Q0AAABAB,4,0.008400000000000046
251,B83015,Paracet_Tab 500mg,0407010H0AAAMAM,4,0.00839999999999995
252,B83015,Paracet_Tab 500mg,0407010H0AAAMAM,4,0.00839999999999995
253,B83063,Paracet_Tab 500mg,0407010H0AAAMAM,2,0.00839999999999995
250,B83063,Paracet_Tab 500mg,0407010H0AAAMAM,2,0.00839999999999995
418,B83032,Atorvastatin_Tab 40mg,0212000B0AAACAC,2,0.00800000000000023
660,B83041,Pregabalin_Cap 100mg,0408010AEAAADAD,1,0.0070000000000002005
598,B83012,Paracet_Tab Solb 500mg,0407010H0AAAQAQ,1,0.006400000000000183
599,B83012,Paracet_Tab Solb 500mg,0407010H0AAAQAQ,1,0.006400000000000183
419,B83062,Atorvastatin_Tab 40mg,0212000B0AAACAC,1,0.006399999999999961
661,B83054,Pregabalin_Cap 100mg,0408010AEAAADAD,1,0.0063000000000001805
798,Y01118,Sertraline HCl_Tab 100mg,0403030Q0AAABAB,3,0.006300000000000035
681,B83040,Carbimazole_Tab 5mg,0602020D0AAAAAA,1,0.0060000000000010045
682,B83010,Carbimazole_Tab 5mg,0602020D0AAAAAA,1,0.0060000000000010045
683,B83029,Carbimazole_Tab 5mg,0602020D0AAAAAA,1,0.0060000000000010045
424,B83032,Atorvastatin_Tab 40mg,0212000B0AAACAC,1,0.006000000000000172
534,B83042,Lansoprazole_Cap 30mg (E/C Gran),0103050L0AAAAAA,2,0.006000000000000172
663,B83049,Pregabalin_Cap 100mg,0408010AEAAADAD,1,0.006000000000000172
662,B83055,Pregabalin_Cap 100mg,0408010AEAAADAD,1,0.006000000000000172
420,B83049,Atorvastatin_Tab 40mg,0212000B0AAACAC,1,0.006000000000000172
421,B83011,Atorvastatin_Tab 40mg,0212000B0AAACAC,1,0.006000000000000172
422,B83039,Atorvastatin_Tab 40mg,0212000B0AAACAC,1,0.006000000000000172
423,B83015,Atorvastatin_Tab 40mg,0212000B0AAACAC,1,0.006000000000000172
262,B83037,Paracet_Tab 500mg,0407010H0AAAMAM,1,0.005999999999999964
270,B83062,Paracet_Tab 500mg,0407010H0AAAMAM,1,0.005999999999999964
269,B83022,Paracet_Tab 500mg,0407010H0AAAMAM,1,0.005999999999999964
268,B83062,Paracet_Tab 500mg,0407010H0AAAMAM,1,0.005999999999999964
267,B83022,Paracet_Tab 500mg,0407010H0AAAMAM,1,0.005999999999999964
266,B83011,Paracet_Tab 500mg,0407010H0AAAMAM,1,0.005999999999999964
265,B83020,Paracet_Tab 500mg,0407010H0AAAMAM,1,0.005999999999999964
264,B83010,Paracet_Tab 500mg,0407010H0AAAMAM,2,0.005999999999999964
263,B83018,Paracet_Tab 500mg,0407010H0AAAMAM,1,0.005999999999999964
271,B83018,Paracet_Tab 500mg,0407010H0AAAMAM,1,0.005999999999999964
261,B83010,Paracet_Tab 500mg,0407010H0AAAMAM,2,0.005999999999999964
254,B83037,Paracet_Tab 500mg,0407010H0AAAMAM,1,0.005999999999999964
259,B83063,Paracet_Tab 500mg,0407010H0AAAMAM,1,0.005999999999999964
258,B83035,Paracet_Tab 500mg,0407010H0AAAMAM,1,0.005999999999999964
260,B83035,Paracet_Tab 500mg,0407010H0AAAMAM,1,0.005999999999999964
257,B83020,Paracet_Tab 500mg,0407010H0AAAMAM,1,0.005999999999999964
256,B83011,Paracet_Tab 500mg,0407010H0AAAMAM,1,0.005999999999999964
255,B83063,Paracet_Tab 500mg,0407010H0AAAMAM,1,0.005999999999999964
535,Y05776,Lansoprazole_Cap 30mg (E/C Gran),0103050L0AAAAAA,1,0.005600000000000063
536,B83043,Lansoprazole_Cap 30mg (E/C Gran),0103050L0AAAAAA,1,0.005600000000000063
273,B83029,Paracet_Tab 500mg,0407010H0AAAMAM,4,0.005599999999999966
274,B83037,Paracet_Tab 500mg,0407010H0AAAMAM,4,0.005599999999999966
275,B83032,Paracet_Tab 500mg,0407010H0AAAMAM,4,0.005599999999999966
276,B83032,Paracet_Tab 500mg,0407010H0AAAMAM,4,0.005599999999999966
277,B83062,Paracet_Tab 500mg,0407010H0AAAMAM,4,0.005599999999999966
278,B83062,Paracet_Tab 500mg,0407010H0AAAMAM,4,0.005599999999999966
279,B83029,Paracet_Tab 500mg,0407010H0AAAMAM,4,0.005599999999999966
272,B83037,Paracet_Tab 500mg,0407010H0AAAMAM,4,0.005599999999999966
425,B83045,Atorvastatin_Tab 40mg,0212000B0AAACAC,1,0.00499999999999997
684,B83040,Carbimazole_Tab 5mg,0602020D0AAAAAA,1,0.004999999999999449
665,B83037,Pregabalin_Cap 100mg,0408010AEAAADAD,1,0.004900000000000043
664,B83015,Pregabalin_Cap 100mg,0408010AEAAADAD,1,0.004900000000000043
280,B83020,Paracet_Tab 500mg,0407010H0AAAMAM,1,0.004800000000000054
281,B83020,Paracet_Tab 500mg,0407010H0AAAMAM,1,0.004800000000000054
426,B83064,Atorvastatin_Tab 40mg,0212000B0AAACAC,1,0.004400000000000015
799,B83049,Sertraline HCl_Tab 100mg,0403030Q0AAABAB,4,0.004399999999999821
800,B83039,Sertraline HCl_Tab 100mg,0403030Q0AAABAB,4,0.004399999999999821
538,B83056,Lansoprazole_Cap 30mg (E/C Gran),0103050L0AAAAAA,1,0.00420000000000012
540,B83013,Lansoprazole_Cap 30mg (E/C Gran),0103050L0AAAAAA,1,0.00420000000000012
542,B83038,Lansoprazole_Cap 30mg (E/C Gran),0103050L0AAAAAA,1,0.00420000000000012
539,B83022,Lansoprazole_Cap 30mg (E/C Gran),0103050L0AAAAAA,1,0.00420000000000012
537,B83010,Lansoprazole_Cap 30mg (E/C Gran),0103050L0AAAAAA,1,0.00420000000000012
541,B83020,Lansoprazole_Cap 30mg (E/C Gran),0103050L0AAAAAA,1,0.00420000000000012
801,B83012,Sertraline HCl_Tab 100mg,0403030Q0AAABAB,2,0.004200000000000023
282,B83029,Paracet_Tab 500mg,0407010H0AAAMAM,1,0.004199999999999975
283,B83029,Paracet_Tab 500mg,0407010H0AAAMAM,1,0.004199999999999975
834,B83013,Aripiprazole_Tab 5mg,0402010ADAAADAD,1,0.004199999999999926
833,B83045,Aripiprazole_Tab 5mg,0402010ADAAADAD,1,0.004199999999999926
832,B83042,Aripiprazole_Tab 5mg,0402010ADAAADAD,1,0.004199999999999926
831,B83035,Aripiprazole_Tab 5mg,0402010ADAAADAD,1,0.004199999999999926
830,B83014,Aripiprazole_Tab 5mg,0402010ADAAADAD,1,0.004199999999999926
803,B83017,Sertraline HCl_Tab 100mg,0403030Q0AAABAB,1,0.004199999999999829
802,B83037,Sertraline HCl_Tab 100mg,0403030Q0AAABAB,1,0.004199999999999829
835,B83030,Aripiprazole_Tab 5mg,0402010ADAAADAD,1,0.0041999999999995374
601,B83011,Paracet_Tab Solb 500mg,0407010H0AAAQAQ,1,0.004000000000000115
600,B83011,Paracet_Tab Solb 500mg,0407010H0AAAQAQ,1,0.004000000000000115
427,B83045,Atorvastatin_Tab 40mg,0212000B0AAACAC,2,0.004000000000000115
544,B83039,Lansoprazole_Cap 30mg (E/C Gran),0103050L0AAAAAA,1,0.0035000000000001003
543,B83063,Lansoprazole_Cap 30mg (E/C Gran),0103050L0AAAAAA,1,0.0035000000000001003
804,B83045,Sertraline HCl_Tab 100mg,0403030Q0AAABAB,1,0.0031999999999999806
545,Y00100,Lansoprazole_Cap 30mg (E/C Gran),0103050L0AAAAAA,1,0.003000000000000086
551,B83038,Lansoprazole_Cap 30mg (E/C Gran),0103050L0AAAAAA,1,0.003000000000000086
550,B83007,Lansoprazole_Cap 30mg (E/C Gran),0103050L0AAAAAA,1,0.003000000000000086
549,B83017,Lansoprazole_Cap 30mg (E/C Gran),0103050L0AAAAAA,1,0.003000000000000086
548,B83037,Lansoprazole_Cap 30mg (E/C Gran),0103050L0AAAAAA,1,0.003000000000000086
547,B83041,Lansoprazole_Cap 30mg (E/C Gran),0103050L0AAAAAA,1,0.003000000000000086
546,B83011,Lansoprazole_Cap 30mg (E/C Gran),0103050L0AAAAAA,1,0.003000000000000086
428,B83010,Atorvastatin_Tab 40mg,0212000B0AAACAC,1,0.0030000000000000165
286,B83055,Paracet_Tab 500mg,0407010H0AAAMAM,1,0.002999999999999982
288,B83043,Paracet_Tab 500mg,0407010H0AAAMAM,1,0.002999999999999982
290,B83018,Paracet_Tab 500mg,0407010H0AAAMAM,1,0.002999999999999982
289,B83012,Paracet_Tab 500mg,0407010H0AAAMAM,1,0.002999999999999982
293,B83056,Paracet_Tab 500mg,0407010H0AAAMAM,1,0.002999999999999982
291,B83018,Paracet_Tab 500mg,0407010H0AAAMAM,1,0.002999999999999982
287,B83055,Paracet_Tab 500mg,0407010H0AAAMAM,1,0.002999999999999982
292,B83012,Paracet_Tab 500mg,0407010H0AAAMAM,1,0.002999999999999982
285,B83056,Paracet_Tab 500mg,0407010H0AAAMAM,1,0.002999999999999982
284,B83043,Paracet_Tab 500mg,0407010H0AAAMAM,1,0.002999999999999982
34,B83064,Memantine HCl_Tab 20mg,0411000G0AAADAD,1,0.002799999999999997
296,B83045,Paracet_Tab 500mg,0407010H0AAAMAM,1,0.002799999999999983
295,B83022,Paracet_Tab 500mg,0407010H0AAAMAM,1,0.002799999999999983
294,B83045,Paracet_Tab 500mg,0407010H0AAAMAM,1,0.002799999999999983
297,B83022,Paracet_Tab 500mg,0407010H0AAAMAM,1,0.002799999999999983
685,B83035,Carbimazole_Tab 5mg,0602020D0AAAAAA,1,0.002400000000000402
298,B83015,Paracet_Tab 500mg,0407010H0AAAMAM,3,0.0020999999999999873
299,B83049,Paracet_Tab 500mg,0407010H0AAAMAM,1,0.0020999999999999873
301,B83049,Paracet_Tab 500mg,0407010H0AAAMAM,1,0.0020999999999999873
300,B83015,Paracet_Tab 500mg,0407010H0AAAMAM,3,0.0020999999999999873
666,B83041,Pregabalin_Cap 100mg,0408010AEAAADAD,1,0.0018000000000000516
429,B83007,Atorvastatin_Tab 40mg,0212000B0AAACAC,1,0.00180000000000001
552,B83045,Lansoprazole_Cap 30mg (E/C Gran),0103050L0AAAAAA,1,0.0012000000000000344
430,B83056,Atorvastatin_Tab 40mg,0212000B0AAACAC,1,-0.0007999999999999674
553,B83007,Lansoprazole_Cap 30mg (E/C Gran),0103050L0AAAAAA,1,-0.000999999999999994
686,B83029,Carbimazole_Tab 5mg,0602020D0AAAAAA,2,-0.0013999999999998458
687,B83010,Carbimazole_Tab 5mg,0602020D0AAAAAA,1,-0.0013999999999998458
431,B83045,Atorvastatin_Tab 40mg,0212000B0AAACAC,1,-0.0014999999999999389
432,B83056,Atorvastatin_Tab 40mg,0212000B0AAACAC,1,-0.0015999999999999348
805,B83045,Sertraline HCl_Tab 100mg,0403030Q0AAABAB,1,-0.0019000000000000544
667,B83038,Pregabalin_Cap 100mg,0408010AEAAADAD,1,-0.001999999999999988
688,B83041,Carbimazole_Tab 5mg,0602020D0AAAAAA,3,-0.0020999999999997687
554,B83055,Lansoprazole_Cap 30mg (E/C Gran),0103050L0AAAAAA,1,-0.0020999999999999144
555,B83010,Lansoprazole_Cap 30mg (E/C Gran),0103050L0AAAAAA,1,-0.0020999999999999144
433,B83037,Atorvastatin_Tab 40mg,0212000B0AAACAC,1,-0.0022999999999999063
303,B83062,Paracet_Tab 500mg,0407010H0AAAMAM,1,-0.0023999999999999994
302,B83062,Paracet_Tab 500mg,0407010H0AAAMAM,1,-0.0023999999999999994
703,B83062,Carbimazole_Tab 5mg,0602020D0AAAAAA,1,-0.0027999999999996916
692,B83063,Carbimazole_Tab 5mg,0602020D0AAAAAA,4,-0.0027999999999996916
689,B83055,Carbimazole_Tab 5mg,0602020D0AAAAAA,1,-0.0027999999999996916
690,B83038,Carbimazole_Tab 5mg,0602020D0AAAAAA,2,-0.0027999999999996916
691,B83056,Carbimazole_Tab 5mg,0602020D0AAAAAA,1,-0.0027999999999996916
693,B83028,Carbimazole_Tab 5mg,0602020D0AAAAAA,1,-0.0027999999999996916
702,B83020,Carbimazole_Tab 5mg,0602020D0AAAAAA,1,-0.0027999999999996916
694,B83040,Carbimazole_Tab 5mg,0602020D0AAAAAA,1,-0.0027999999999996916
696,Y01118,Carbimazole_Tab 5mg,0602020D0AAAAAA,1,-0.0027999999999996916
698,B83042,Carbimazole_Tab 5mg,0602020D0AAAAAA,1,-0.0027999999999996916
699,B83041,Carbimazole_Tab 5mg,0602020D0AAAAAA,1,-0.0027999999999996916
700,B83063,Carbimazole_Tab 5mg,0602020D0AAAAAA,1,-0.0027999999999996916
701,B83015,Carbimazole_Tab 5mg,0602020D0AAAAAA,1,-0.0027999999999996916
695,B83018,Carbimazole_Tab 5mg,0602020D0AAAAAA,4,-0.0027999999999996916
697,B83018,Carbimazole_Tab 5mg,0602020D0AAAAAA,1,-0.0027999999999996916
836,B83063,Aripiprazole_Tab 5mg,0402010ADAAADAD,1,-0.00280000000000008
668,B83039,Pregabalin_Cap 100mg,0408010AEAAADAD,1,-0.0029999999999996696
436,B83042,Atorvastatin_Tab 40mg,0212000B0AAACAC,1,-0.0029999999999998778
435,B83010,Atorvastatin_Tab 40mg,0212000B0AAACAC,1,-0.0029999999999998778
434,B83054,Atorvastatin_Tab 40mg,0212000B0AAACAC,1,-0.0029999999999998778
556,B83045,Lansoprazole_Cap 30mg (E/C Gran),0103050L0AAAAAA,1,-0.002999999999999982
806,B83041,Sertraline HCl_Tab 100mg,0403030Q0AAABAB,1,-0.003000000000000086
807,B83062,Sertraline HCl_Tab 100mg,0403030Q0AAABAB,1,-0.003000000000000086
437,B83045,Atorvastatin_Tab 40mg,0212000B0AAACAC,1,-0.0030999999999998737
602,B83045,Paracet_Tab Solb 500mg,0407010H0AAAQAQ,1,-0.0031999999999996476
603,B83045,Paracet_Tab Solb 500mg,0407010H0AAAQAQ,1,-0.0031999999999996476
669,B83055,Pregabalin_Cap 100mg,0408010AEAAADAD,1,-0.0031999999999998696
35,B83042,Memantine HCl_Tab 20mg,0411000G0AAADAD,1,-0.003799999999999845
307,B83039,Paracet_Tab 500mg,0407010H0AAAMAM,1,-0.003999999999999976
308,B83015,Paracet_Tab 500mg,0407010H0AAAMAM,1,-0.003999999999999976
670,B83028,Pregabalin_Cap 100mg,0408010AEAAADAD,1,-0.003999999999999976
306,B83038,Paracet_Tab 500mg,0407010H0AAAMAM,2,-0.003999999999999976
305,B83055,Paracet_Tab 500mg,0407010H0AAAMAM,1,-0.003999999999999976
304,B83039,Paracet_Tab 500mg,0407010H0AAAMAM,1,-0.003999999999999976
311,B83055,Paracet_Tab 500mg,0407010H0AAAMAM,1,-0.003999999999999976
310,B83038,Paracet_Tab 500mg,0407010H0AAAMAM,2,-0.003999999999999976
309,B83015,Paracet_Tab 500mg,0407010H0AAAMAM,1,-0.003999999999999976
557,B83007,Lansoprazole_Cap 30mg (E/C Gran),0103050L0AAAAAA,2,-0.003999999999999976
808,B83022,Sertraline HCl_Tab 100mg,0403030Q0AAABAB,1,-0.004199999999999975
811,B83039,Sertraline HCl_Tab 100mg,0403030Q0AAABAB,1,-0.004199999999999975
809,B83009,Sertraline HCl_Tab 100mg,0403030Q0AAABAB,1,-0.004199999999999975
810,B83062,Sertraline HCl_Tab 100mg,0403030Q0AAABAB,1,-0.004199999999999975
438,B83020,Atorvastatin_Tab 40mg,0212000B0AAACAC,1,-0.004199999999999995
558,B83055,Lansoprazole_Cap 30mg (E/C Gran),0103050L0AAAAAA,1,-0.004499999999999983
812,B83045,Sertraline HCl_Tab 100mg,0403030Q0AAABAB,1,-0.004599999999999972
559,B83045,Lansoprazole_Cap 30mg (E/C Gran),0103050L0AAAAAA,1,-0.004799999999999804
312,B83007,Paracet_Tab 500mg,0407010H0AAAMAM,1,-0.004799999999999971
313,B83007,Paracet_Tab 500mg,0407010H0AAAMAM,1,-0.004799999999999971
314,B83055,Paracet_Tab 500mg,0407010H0AAAMAM,1,-0.004799999999999971
315,B83055,Paracet_Tab 500mg,0407010H0AAAMAM,1,-0.004799999999999971
317,B83038,Paracet_Tab 500mg,0407010H0AAAMAM,1,-0.004799999999999999
316,B83038,Paracet_Tab 500mg,0407010H0AAAMAM,1,-0.004799999999999999
837,B83007,Aripiprazole_Tab 5mg,0402010ADAAADAD,3,-0.0048000000000001375
706,B83045,Carbimazole_Tab 5mg,0602020D0AAAAAA,2,-0.005599999999999383
713,B83055,Carbimazole_Tab 5mg,0602020D0AAAAAA,1,-0.005599999999999383
718,B83045,Carbimazole_Tab 5mg,0602020D0AAAAAA,1,-0.005599999999999383
717,B83012,Carbimazole_Tab 5mg,0602020D0AAAAAA,2,-0.005599999999999383
716,B83015,Carbimazole_Tab 5mg,0602020D0AAAAAA,1,-0.005599999999999383
715,B83007,Carbimazole_Tab 5mg,0602020D0AAAAAA,2,-0.005599999999999383
714,B83035,Carbimazole_Tab 5mg,0602020D0AAAAAA,1,-0.005599999999999383
710,B83018,Carbimazole_Tab 5mg,0602020D0AAAAAA,1,-0.005599999999999383
712,Y01118,Carbimazole_Tab 5mg,0602020D0AAAAAA,1,-0.005599999999999383
711,B83062,Carbimazole_Tab 5mg,0602020D0AAAAAA,1,-0.005599999999999383
707,B83041,Carbimazole_Tab 5mg,0602020D0AAAAAA,1,-0.005599999999999383
704,B83012,Carbimazole_Tab 5mg,0602020D0AAAAAA,1,-0.005599999999999383
705,B83039,Carbimazole_Tab 5mg,0602020D0AAAAAA,2,-0.005599999999999383
708,B83011,Carbimazole_Tab 5mg,0602020D0AAAAAA,1,-0.005599999999999383
709,B83037,Carbimazole_Tab 5mg,0602020D0AAAAAA,2,-0.005599999999999383
318,Y01118,Paracet_Tab 500mg,0407010H0AAAMAM,1,-0.005599999999999966
320,Y04099,Paracet_Tab 500mg,0407010H0AAAMAM,1,-0.005599999999999966
319,Y04099,Paracet_Tab 500mg,0407010H0AAAMAM,1,-0.005599999999999966
321,Y01118,Paracet_Tab 500mg,0407010H0AAAMAM,1,-0.005599999999999966
671,B83017,Pregabalin_Cap 100mg,0408010AEAAADAD,2,-0.005999999999999339
613,B83040,Paracet_Tab Solb 500mg,0407010H0AAAQAQ,1,-0.005999999999999339
606,B83013,Paracet_Tab Solb 500mg,0407010H0AAAQAQ,1,-0.005999999999999339
605,B83013,Paracet_Tab Solb 500mg,0407010H0AAAQAQ,1,-0.005999999999999339
604,B83063,Paracet_Tab Solb 500mg,0407010H0AAAQAQ,1,-0.005999999999999339
607,B83009,Paracet_Tab Solb 500mg,0407010H0AAAQAQ,1,-0.005999999999999339
608,B83012,Paracet_Tab Solb 500mg,0407010H0AAAQAQ,1,-0.005999999999999339
609,B83063,Paracet_Tab Solb 500mg,0407010H0AAAQAQ,1,-0.005999999999999339
610,B83014,Paracet_Tab Solb 500mg,0407010H0AAAQAQ,1,-0.005999999999999339
611,B83039,Paracet_Tab Solb 500mg,0407010H0AAAQAQ,1,-0.005999999999999339
612,B83014,Paracet_Tab Solb 500mg,0407010H0AAAQAQ,1,-0.005999999999999339
615,B83040,Paracet_Tab Solb 500mg,0407010H0AAAQAQ,1,-0.005999999999999339
616,B83039,Paracet_Tab Solb 500mg,0407010H0AAAQAQ,1,-0.005999999999999339
617,B83012,Paracet_Tab Solb 500mg,0407010H0AAAQAQ,1,-0.005999999999999339
614,B83009,Paracet_Tab Solb 500mg,0407010H0AAAQAQ,1,-0.005999999999999339
815,B83062,Sertraline HCl_Tab 100mg,0403030Q0AAABAB,1,-0.006000000000000172
813,B83030,Sertraline HCl_Tab 100mg,0403030Q0AAABAB,1,-0.006000000000000172
814,B83015,Sertraline HCl_Tab 100mg,0403030Q0AAABAB,1,-0.006000000000000172
719,B83049,Carbimazole_Tab 5mg,0602020D0AAAAAA,5,-0.006999999999999229
720,B83013,Carbimazole_Tab 5mg,0602020D0AAAAAA,3,-0.008399999999999075
721,B83641,Carbimazole_Tab 5mg,0602020D0AAAAAA,3,-0.008399999999999075
722,B83017,Carbimazole_Tab 5mg,0602020D0AAAAAA,3,-0.008399999999999075
723,B83011,Carbimazole_Tab 5mg,0602020D0AAAAAA,3,-0.008399999999999075
838,B83011,Aripiprazole_Tab 5mg,0402010ADAAADAD,3,-0.00840000000000024
725,B83029,Carbimazole_Tab 5mg,0602020D0AAAAAA,5,-0.010499999999998844
724,B83063,Carbimazole_Tab 5mg,0602020D0AAAAAA,5,-0.010499999999998844
727,B83029,Carbimazole_Tab 5mg,0602020D0AAAAAA,4,-0.011199999999998766
728,B83014,Carbimazole_Tab 5mg,0602020D0AAAAAA,2,-0.011199999999998766
729,B83009,Carbimazole_Tab 5mg,0602020D0AAAAAA,2,-0.011199999999998766
730,B83064,Carbimazole_Tab 5mg,0602020D0AAAAAA,2,-0.011199999999998766
731,B83013,Carbimazole_Tab 5mg,0602020D0AAAAAA,8,-0.011199999999998766
732,B83641,Carbimazole_Tab 5mg,0602020D0AAAAAA,2,-0.011199999999998766
733,B83038,Carbimazole_Tab 5mg,0602020D0AAAAAA,2,-0.011199999999998766
734,B83013,Carbimazole_Tab 5mg,0602020D0AAAAAA,2,-0.011199999999998766
726,B83054,Carbimazole_Tab 5mg,0602020D0AAAAAA,2,-0.011199999999998766
322,B83022,Paracet_Tab 500mg,0407010H0AAAMAM,2,-0.011199999999999932
323,B83022,Paracet_Tab 500mg,0407010H0AAAMAM,2,-0.011199999999999932
843,B83031,Aripiprazole_Tab 5mg,0402010ADAAADAD,4,-0.01120000000000032
842,B83045,Aripiprazole_Tab 5mg,0402010ADAAADAD,4,-0.01120000000000032
841,B83064,Aripiprazole_Tab 5mg,0402010ADAAADAD,4,-0.01120000000000032
840,B83037,Aripiprazole_Tab 5mg,0402010ADAAADAD,4,-0.01120000000000032
839,B83010,Aripiprazole_Tab 5mg,0402010ADAAADAD,4,-0.01120000000000032
622,B83028,Paracet_Tab Solb 500mg,0407010H0AAAQAQ,2,-0.011999999999998678
618,B83038,Paracet_Tab Solb 500mg,0407010H0AAAQAQ,2,-0.011999999999998678
620,B83011,Paracet_Tab Solb 500mg,0407010H0AAAQAQ,2,-0.011999999999998678
621,B83015,Paracet_Tab Solb 500mg,0407010H0AAAQAQ,2,-0.011999999999998678
623,B83015,Paracet_Tab Solb 500mg,0407010H0AAAQAQ,2,-0.011999999999998678
624,B83028,Paracet_Tab Solb 500mg,0407010H0AAAQAQ,2,-0.011999999999998678
625,B83010,Paracet_Tab Solb 500mg,0407010H0AAAQAQ,2,-0.011999999999998678
619,B83011,Paracet_Tab Solb 500mg,0407010H0AAAQAQ,2,-0.011999999999998678
626,B83038,Paracet_Tab Solb 500mg,0407010H0AAAQAQ,2,-0.011999999999998678
627,B83010,Paracet_Tab Solb 500mg,0407010H0AAAQAQ,2,-0.011999999999998678
816,B83062,Sertraline HCl_Tab 100mg,0403030Q0AAABAB,1,-0.012000000000000344
817,B83020,Sertraline HCl_Tab 100mg,0403030Q0AAABAB,1,-0.012000000000000344
672,B83041,Pregabalin_Cap 100mg,0408010AEAAADAD,19,-0.013299999999998535
844,B83038,Aripiprazole_Tab 5mg,0402010ADAAADAD,5,-0.014000000000000401
847,B83042,Aripiprazole_Tab 5mg,0402010ADAAADAD,5,-0.014000000000000401
846,B83015,Aripiprazole_Tab 5mg,0402010ADAAADAD,5,-0.014000000000000401
845,B83028,Aripiprazole_Tab 5mg,0402010ADAAADAD,5,-0.014000000000000401
324,B83064,Paracet_Tab 500mg,0407010H0AAAMAM,4,-0.015999999999999903
325,B83064,Paracet_Tab 500mg,0407010H0AAAMAM,4,-0.015999999999999903
736,B83067,Carbimazole_Tab 5mg,0602020D0AAAAAA,3,-0.01679999999999815
735,B83029,Carbimazole_Tab 5mg,0602020D0AAAAAA,3,-0.01679999999999815
439,B83056,Atorvastatin_Tab 40mg,0212000B0AAACAC,4,-0.01679999999999998
628,B83062,Paracet_Tab Solb 500mg,0407010H0AAAQAQ,3,-0.017999999999998018
629,B83062,Paracet_Tab Solb 500mg,0407010H0AAAQAQ,3,-0.017999999999998018
578,B83035,Risedronate Sod_Tab 35mg,0606020R0AAADAD,8,-0.019199999999999662
579,B83049,Risedronate Sod_Tab 35mg,0606020R0AAADAD,54,-0.02159999999999762
848,B83041,Aripiprazole_Tab 5mg,0402010ADAAADAD,8,-0.02240000000000064
632,B83042,Paracet_Tab Solb 500mg,0407010H0AAAQAQ,4,-0.023999999999997357
630,B83045,Paracet_Tab Solb 500mg,0407010H0AAAQAQ,4,-0.023999999999997357
631,B83045,Paracet_Tab Solb 500mg,0407010H0AAAQAQ,4,-0.023999999999997357
633,B83042,Paracet_Tab Solb 500mg,0407010H0AAAQAQ,4,-0.023999999999997357
326,B83014,Paracet_Tab 500mg,0407010H0AAAMAM,5,-0.024499999999999852
327,B83014,Paracet_Tab 500mg,0407010H0AAAMAM,5,-0.024499999999999852
818,B83041,Sertraline HCl_Tab 100mg,0403030Q0AAABAB,41,-0.028700000000000822
634,B83055,Paracet_Tab Solb 500mg,0407010H0AAAQAQ,5,-0.029999999999996696
635,B83055,Paracet_Tab Solb 500mg,0407010H0AAAQAQ,5,-0.029999999999996696
328,B83067,Paracet_Tab 500mg,0407010H0AAAMAM,6,-0.0335999999999998
329,B83067,Paracet_Tab 500mg,0407010H0AAAMAM,6,-0.0335999999999998
440,B83035,Atorvastatin_Tab 40mg,0212000B0AAACAC,26,-0.03639999999999978
330,B83012,Paracet_Tab 500mg,0407010H0AAAMAM,7,-0.03919999999999976
331,B83012,Paracet_Tab 500mg,0407010H0AAAMAM,7,-0.03919999999999976
849,B83055,Aripiprazole_Tab 5mg,0402010ADAAADAD,15,-0.0420000000000012
333,B83017,Paracet_Tab 500mg,0407010H0AAAMAM,9,-0.050399999999999695
334,B83017,Paracet_Tab 500mg,0407010H0AAAMAM,9,-0.050399999999999695
335,B83014,Paracet_Tab 500mg,0407010H0AAAMAM,9,-0.050399999999999695
332,B83014,Paracet_Tab 500mg,0407010H0AAAMAM,9,-0.050399999999999695
339,B83045,Paracet_Tab 500mg,0407010H0AAAMAM,10,-0.05599999999999966
338,B83032,Paracet_Tab 500mg,0407010H0AAAMAM,10,-0.05599999999999966
337,B83032,Paracet_Tab 500mg,0407010H0AAAMAM,10,-0.05599999999999966
336,B83045,Paracet_Tab 500mg,0407010H0AAAMAM,10,-0.05599999999999966
580,B83041,Risedronate Sod_Tab 35mg,0606020R0AAADAD,3,-0.061200000000000254
819,B83054,Sertraline HCl_Tab 100mg,0403030Q0AAABAB,22,-0.061600000000001764
820,B83035,Sertraline HCl_Tab 100mg,0403030Q0AAABAB,25,-0.070000000000002
343,B83031,Paracet_Tab 500mg,0407010H0AAAMAM,13,-0.07279999999999956
342,B83031,Paracet_Tab 500mg,0407010H0AAAMAM,13,-0.07279999999999956
341,B83020,Paracet_Tab 500mg,0407010H0AAAMAM,13,-0.07279999999999956
340,B83020,Paracet_Tab 500mg,0407010H0AAAMAM,13,-0.07279999999999956
637,B83049,Paracet_Tab Solb 500mg,0407010H0AAAQAQ,1,-0.07999999999999952
636,B83049,Paracet_Tab Solb 500mg,0407010H0AAAQAQ,1,-0.07999999999999952
581,B83015,Risedronate Sod_Tab 35mg,0606020R0AAADAD,41,-0.08200000000000007
560,B83015,Lansoprazole_Cap 30mg (E/C Gran),0103050L0AAAAAA,8,-0.08959999999999635
441,B83015,Atorvastatin_Tab 40mg,0212000B0AAACAC,135,-0.09449999999999614
442,B83042,Atorvastatin_Tab 40mg,0212000B0AAACAC,152,-0.10639999999999566
821,B83015,Sertraline HCl_Tab 100mg,0403030Q0AAABAB,42,-0.11760000000000337
344,B83007,Paracet_Tab 500mg,0407010H0AAAMAM,22,-0.12319999999999925
345,B83007,Paracet_Tab 500mg,0407010H0AAAMAM,22,-0.12319999999999925
822,B83030,Sertraline HCl_Tab 100mg,0403030Q0AAABAB,55,-0.1540000000000044
346,B83038,Paracet_Tab 500mg,0407010H0AAAMAM,28,-0.15679999999999905
347,B83038,Paracet_Tab 500mg,0407010H0AAAMAM,28,-0.15679999999999905
823,B83015,Sertraline HCl_Tab 100mg,0403030Q0AAABAB,33,-0.1848000000000053
850,B83009,Aripiprazole_Tab 5mg,0402010ADAAADAD,5,-0.18549999999999997
349,B83042,Paracet_Tab 500mg,0407010H0AAAMAM,44,-0.2463999999999985
348,B83042,Paracet_Tab 500mg,0407010H0AAAMAM,44,-0.2463999999999985
351,B83063,Paracet_Tab 500mg,0407010H0AAAMAM,48,-0.2687999999999984
350,B83063,Paracet_Tab 500mg,0407010H0AAAMAM,48,-0.2687999999999984
352,B83040,Paracet_Tab 500mg,0407010H0AAAMAM,51,-0.2855999999999983
353,B83040,Paracet_Tab 500mg,0407010H0AAAMAM,51,-0.2855999999999983
561,B83011,Lansoprazole_Cap 30mg (E/C Gran),0103050L0AAAAAA,54,-0.3023999999999877
354,B83035,Paracet_Tab 500mg,0407010H0AAAMAM,7,-0.3149999999999999
355,B83035,Paracet_Tab 500mg,0407010H0AAAMAM,7,-0.3149999999999999
356,B83028,Paracet_Tab 500mg,0407010H0AAAMAM,58,-0.32479999999999803
357,B83028,Paracet_Tab 500mg,0407010H0AAAMAM,58,-0.32479999999999803
562,B83049,Lansoprazole_Cap 30mg (E/C Gran),0103050L0AAAAAA,29,-0.32479999999999803
358,B83041,Paracet_Tab 500mg,0407010H0AAAMAM,59,-0.33039999999999803
359,B83041,Paracet_Tab 500mg,0407010H0AAAMAM,59,-0.33039999999999803
563,B83012,Lansoprazole_Cap 30mg (E/C Gran),0103050L0AAAAAA,75,-0.4199999999999829
360,B83062,Paracet_Tab 500mg,0407010H0AAAMAM,78,-0.43679999999999736
361,B83062,Paracet_Tab 500mg,0407010H0AAAMAM,78,-0.43679999999999736
364,B83009,Paracet_Tab 500mg,0407010H0AAAMAM,80,-0.4479999999999973
363,B83064,Paracet_Tab 500mg,0407010H0AAAMAM,80,-0.4479999999999973
365,B83064,Paracet_Tab 500mg,0407010H0AAAMAM,80,-0.4479999999999973
362,B83009,Paracet_Tab 500mg,0407010H0AAAMAM,80,-0.4479999999999973
366,B83035,Paracet_Tab 500mg,0407010H0AAAMAM,3,-0.5951999999999997
367,B83035,Paracet_Tab 500mg,0407010H0AAAMAM,3,-0.5951999999999997
369,B83015,Paracet_Tab 500mg,0407010H0AAAMAM,114,-0.6383999999999961
368,B83015,Paracet_Tab 500mg,0407010H0AAAMAM,114,-0.6383999999999961
371,B83017,Paracet_Tab 500mg,0407010H0AAAMAM,7,-0.7055999999999998
370,B83017,Paracet_Tab 500mg,0407010H0AAAMAM,7,-0.7055999999999998
373,B83014,Paracet_Tab 500mg,0407010H0AAAMAM,84,-0.839999999999995
372,B83014,Paracet_Tab 500mg,0407010H0AAAMAM,84,-0.839999999999995
374,Y01118,Paracet_Tab 500mg,0407010H0AAAMAM,14,-0.9407999999999997
375,Y01118,Paracet_Tab 500mg,0407010H0AAAMAM,14,-0.9407999999999997
376,B83017,Paracet_Tab 500mg,0407010H0AAAMAM,3,-0.9449999999999997
377,B83017,Paracet_Tab 500mg,0407010H0AAAMAM,3,-0.9449999999999997
378,B83030,Paracet_Tab 500mg,0407010H0AAAMAM,23,-1.0303999999999938
379,B83030,Paracet_Tab 500mg,0407010H0AAAMAM,23,-1.0303999999999938
380,B83055,Paracet_Tab 500mg,0407010H0AAAMAM,97,-1.0863999999999934
381,B83055,Paracet_Tab 500mg,0407010H0AAAMAM,97,-1.0863999999999934
382,B83029,Paracet_Tab 500mg,0407010H0AAAMAM,116,-1.159999999999993
383,B83029,Paracet_Tab 500mg,0407010H0AAAMAM,116,-1.159999999999993
385,B83032,Paracet_Tab 500mg,0407010H0AAAMAM,31,-1.2399999999999924
384,B83032,Paracet_Tab 500mg,0407010H0AAAMAM,31,-1.2399999999999924
387,B83007,Paracet_Tab 500mg,0407010H0AAAMAM,8,-1.2799999999999978
386,B83007,Paracet_Tab 500mg,0407010H0AAAMAM,8,-1.2799999999999978
851,B83045,Aripiprazole_Tab 5mg,0402010ADAAADAD,4,-1.3664000000000018
388,B83041,Paracet_Tab 500mg,0407010H0AAAMAM,39,-1.5599999999999905
389,B83041,Paracet_Tab 500mg,0407010H0AAAMAM,39,-1.5599999999999905
390,B83017,Paracet_Tab 500mg,0407010H0AAAMAM,18,-1.6127999999999973
391,B83017,Paracet_Tab 500mg,0407010H0AAAMAM,18,-1.6127999999999973
392,B83041,Paracet_Tab 500mg,0407010H0AAAMAM,165,-1.64999999999999
393,B83041,Paracet_Tab 500mg,0407010H0AAAMAM,165,-1.64999999999999
395,B83028,Paracet_Tab 500mg,0407010H0AAAMAM,43,-1.7199999999999895
394,B83028,Paracet_Tab 500mg,0407010H0AAAMAM,43,-1.7199999999999895
397,B83029,Paracet_Tab 500mg,0407010H0AAAMAM,47,-2.8199999999999994
396,B83029,Paracet_Tab 500mg,0407010H0AAAMAM,47,-2.8199999999999994
