,practice_code,bnf_description,bnf_code,items,excess_cost
0,G83002,Amiodarone HCl_Tab 200mg,0203020D0AAABAB,2,1.4000000000000012
1,G83002,Clonazepam_Tab 500mcg,0408010F0AAABAB,18,5.536999999999988
2,G83002,Paracet_Tab 500mg,0407010H0AAAMAM,24,0.04479999999999973
3,G83004,Amiodarone HCl_Tab 200mg,0203020D0AAABAB,18,3.3705000000000016
4,G83004,Clonazepam_Tab 500mcg,0408010F0AAABAB,24,6.847799999999987
5,G83004,Co-Codamol_Cap 8mg/500mg,0407010F0AAABAB,10,1.1904000000000132
6,G83004,Paracet_Tab 500mg,0407010H0AAAMAM,250,-0.7839999999999951
7,G83004,Topiramate_Cap 50mg,040801050AAAWAW,1,0.5963999999999996
8,G83005,Clonazepam_Tab 500mcg,0408010F0AAABAB,10,3.573799999999993
9,G83005,Co-Codamol_Cap 8mg/500mg,0407010F0AAABAB,6,0.9600000000000108
10,G83005,Mesalazine_Tab E/C 400mg,0105010B0AAAAAA,4,15.971199999999998
11,G83005,Paracet_Tab 500mg,0407010H0AAAMAM,8,0.022399999999999864
12,G83005,Pyridox HCl_Tab 50mg,0906024N0AAAIAI,1,3.830400000000001
13,G83006,Amiodarone HCl_Tab 200mg,0203020D0AAABAB,3,1.7500000000000016
14,G83006,Clonazepam_Tab 500mcg,0408010F0AAABAB,10,5.695199999999988
15,G83006,Co-Codamol_Cap 8mg/500mg,0407010F0AAABAB,2,0.3200000000000036
16,G83006,Mesalazine_Tab E/C 400mg,0105010B0AAAAAA,2,17.088
17,G83006,Paracet_Tab 500mg,0407010H0AAAMAM,112,-0.024399999999999866
18,G83009,Amiodarone HCl_Tab 200mg,0203020D0AAABAB,1,1.050000000000001
19,G83009,Clonazepam_Tab 500mcg,0408010F0AAABAB,12,4.587799999999991
20,G83009,Co-Codamol_Cap 8mg/500mg,0407010F0AAABAB,8,1.600000000000018
21,G83009,Paracet_Tab 500mg,0407010H0AAAMAM,184,-3.5739999999999785
22,G83009,Topiramate_Cap 50mg,040801050AAAWAW,4,1.1927999999999992
23,G83010,Amiodarone HCl_Tab 200mg,0203020D0AAABAB,4,1.7500000000000016
24,G83010,Clonazepam_Tab 500mcg,0408010F0AAABAB,8,5.966399999999988
25,G83010,Co-Codamol_Cap 8mg/500mg,0407010F0AAABAB,4,0.5120000000000058
26,G83010,Mesalazine_Tab E/C 400mg,0105010B0AAAAAA,1,11.978399999999999
27,G83010,Topiramate_Tab 200mg,040801050AAACAC,1,2.3183999999999996
28,G83018,Clonazepam_Tab 500mcg,0408010F0AAABAB,16,5.174099999999988
29,G83018,Mesalazine_Tab E/C 400mg,0105010B0AAAAAA,1,23.956799999999998
30,G83018,Paracet_Tab 500mg,0407010H0AAAMAM,62,-0.18199999999999888
31,G83018,Pyridox HCl_Tab 50mg,0906024N0AAAIAI,1,1.4364000000000003
32,G83024,Amiodarone HCl_Tab 200mg,0203020D0AAABAB,1,0.7000000000000006
33,G83024,Clonazepam_Tab 500mcg,0408010F0AAABAB,1,0.6779999999999986
34,G83024,Co-Codamol_Cap 8mg/500mg,0407010F0AAABAB,2,0.3200000000000036
35,G83024,Paracet_Tab 500mg,0407010H0AAAMAM,36,-0.12319999999999925
36,G83025,Amiodarone HCl_Tab 200mg,0203020D0AAABAB,3,2.100000000000002
37,G83025,Clonazepam_Tab 500mcg,0408010F0AAABAB,2,1.7627999999999964
38,G83025,Paracet_Tab 500mg,0407010H0AAAMAM,80,-5.160399999999994
39,G83025,Pyridox HCl_Tab 50mg,0906024N0AAAIAI,1,2.8728000000000007
40,G83025,Topiramate_Cap 50mg,040801050AAAWAW,2,3.8519999999999954
41,G83028,Amiodarone HCl_Tab 200mg,0203020D0AAABAB,7,1.3972000000000007
42,G83028,Clonazepam_Tab 500mcg,0408010F0AAABAB,9,3.7063999999999924
43,G83028,Co-Codamol_Cap 8mg/500mg,0407010F0AAABAB,2,0.3200000000000036
44,G83028,Mesalazine_Tab E/C 400mg,0105010B0AAAAAA,1,-17.112
45,G83028,Paracet_Tab 500mg,0407010H0AAAMAM,52,-0.26799999999999835
46,G83028,Pyridox HCl_Tab 50mg,0906024N0AAAIAI,1,1.7100000000000004
47,G83028,Topiramate_Tab 200mg,040801050AAACAC,4,2.307200000000001
48,G83029,Amiodarone HCl_Tab 200mg,0203020D0AAABAB,2,1.050000000000001
49,G83029,Clonazepam_Tab 500mcg,0408010F0AAABAB,3,1.690999999999997
50,G83029,Co-Codamol_Cap 8mg/500mg,0407010F0AAABAB,20,3.3024000000000377
51,G83029,Mesalazine_Tab E/C 400mg,0105010B0AAAAAA,1,-51.33599999999999
52,G83029,Paracet_Tab 500mg,0407010H0AAAMAM,34,-0.12739999999999924
53,G83029,Pyridox HCl_Tab 50mg,0906024N0AAAIAI,2,2.9754000000000005
54,G83029,Topiramate_Cap 50mg,040801050AAAWAW,1,1.1983999999999986
55,G83033,Amiodarone HCl_Tab 200mg,0203020D0AAABAB,5,1.0388000000000006
56,G83033,Clonazepam_Tab 500mcg,0408010F0AAABAB,3,2.892799999999994
57,G83033,Paracet_Tab 500mg,0407010H0AAAMAM,60,-1.360799999999998
58,G83037,Clonazepam_Tab 500mcg,0408010F0AAABAB,2,1.446399999999997
59,G83037,Co-Codamol_Cap 8mg/500mg,0407010F0AAABAB,2,0.6400000000000072
60,G83037,Paracet_Tab 500mg,0407010H0AAAMAM,20,-0.11199999999999932
61,G83046,Co-Codamol_Cap 8mg/500mg,0407010F0AAABAB,4,0.5120000000000058
62,G83046,Paracet_Tab 500mg,0407010H0AAAMAM,80,29.978400000000008
63,G83047,Amiodarone HCl_Tab 200mg,0203020D0AAABAB,1,0.7000000000000006
64,G83047,Clonazepam_Tab 500mcg,0408010F0AAABAB,4,7.593599999999984
65,G83047,Co-Codamol_Cap 8mg/500mg,0407010F0AAABAB,2,0.3200000000000036
66,G83047,Paracet_Tab 500mg,0407010H0AAAMAM,130,-0.5263999999999968
67,G83049,Amiodarone HCl_Tab 200mg,0203020D0AAABAB,6,1.7388000000000012
68,G83049,Clonazepam_Tab 500mcg,0408010F0AAABAB,10,2.9605999999999937
69,G83049,Co-Codamol_Cap 8mg/500mg,0407010F0AAABAB,4,0.6400000000000072
70,G83049,Paracet_Tab 500mg,0407010H0AAAMAM,342,5.390000000000036
71,G83049,Phenytoin_Sod Tab 100mg,0408010Q0AAAGAG,3,59.69879999999999
72,G83049,Pyridox HCl_Tab 50mg,0906024N0AAAIAI,1,1.9152000000000005
73,G83052,Amiodarone HCl_Tab 200mg,0203020D0AAABAB,10,2.0776000000000012
74,G83052,Clonazepam_Tab 500mcg,0408010F0AAABAB,11,4.745999999999992
75,G83052,Co-Codamol_Cap 8mg/500mg,0407010F0AAABAB,2,0.3200000000000036
76,G83052,Paracet_Tab 500mg,0407010H0AAAMAM,114,-0.2463999999999985
77,G83052,Phenytoin_Sod Tab 100mg,0408010Q0AAAGAG,1,119.39759999999998
78,G83052,Topiramate_Cap 50mg,040801050AAAWAW,2,3.8519999999999954
79,G83053,Clonazepam_Tab 500mcg,0408010F0AAABAB,9,6.373199999999987
80,G83053,Co-Codamol_Cap 8mg/500mg,0407010F0AAABAB,12,1.9200000000000217
81,G83053,Paracet_Tab 500mg,0407010H0AAAMAM,92,-0.4479999999999973
82,G83053,Pyridox HCl_Tab 50mg,0906024N0AAAIAI,2,1.9494000000000005
83,G83053,Risperidone_Tab 6mg,040201030AAAFAF,2,91.8076
84,G83057,Clonazepam_Tab 500mcg,0408010F0AAABAB,17,6.5426999999999875
85,G83057,Paracet_Tab 500mg,0407010H0AAAMAM,72,0.0
86,G83057,Pyridox HCl_Tab 50mg,0906024N0AAAIAI,1,0.9576000000000002
87,G83057,Topiramate_Cap 50mg,040801050AAAWAW,2,3.8519999999999954
88,G83061,Amiodarone HCl_Tab 200mg,0203020D0AAABAB,2,0.7000000000000006
89,G83061,Clonazepam_Tab 500mcg,0408010F0AAABAB,24,11.006199999999977
90,G83061,Co-Codamol_Cap 8mg/500mg,0407010F0AAABAB,18,2.534400000000028
91,G83061,Paracet_Tab 500mg,0407010H0AAAMAM,16,-0.022399999999999864
92,G83061,Phenytoin_Sod Tab 100mg,0408010Q0AAAGAG,5,35.29559999999999
93,G83062,Mesalazine_Tab E/C 400mg,0105010B0AAAAAA,1,23.956799999999998
94,G83062,Paracet_Tab 500mg,0407010H0AAAMAM,8,0.0255999999999999
95,G83062,Pyridox HCl_Tab 50mg,0906024N0AAAIAI,1,0.4788000000000001
96,G83062,Topiramate_Tab 200mg,040801050AAACAC,2,9.295999999999996
97,G83066,Amiodarone HCl_Tab 200mg,0203020D0AAABAB,7,1.388800000000001
98,G83066,Clonazepam_Tab 500mcg,0408010F0AAABAB,18,9.989199999999977
99,G83066,Co-Codamol_Cap 8mg/500mg,0407010F0AAABAB,6,1.1776000000000133
100,G83066,Paracet_Tab 500mg,0407010H0AAAMAM,130,-0.30399999999999816
101,G83066,Pyridox HCl_Tab 50mg,0906024N0AAAIAI,1,0.4788000000000001
102,G83066,Topiramate_Tab 200mg,040801050AAACAC,3,7.126799999999998
103,G83630,Amiodarone HCl_Tab 200mg,0203020D0AAABAB,1,0.3500000000000003
104,G83630,Clonazepam_Tab 500mcg,0408010F0AAABAB,13,4.271399999999991
105,G83630,Paracet_Tab 500mg,0407010H0AAAMAM,4,0.023999999999999855
106,G83630,Phenytoin_Sod Tab 100mg,0408010Q0AAAGAG,1,24.23679999999999
107,G83630,Topiramate_Cap 50mg,040801050AAAWAW,1,1.1983999999999986
108,G83642,Amiodarone HCl_Tab 200mg,0203020D0AAABAB,2,1.050000000000001
109,G83642,Clonazepam_Tab 500mcg,0408010F0AAABAB,14,7.005999999999986
110,G83642,Co-Codamol_Cap 8mg/500mg,0407010F0AAABAB,22,2.393600000000027
111,G83642,Paracet_Tab 500mg,0407010H0AAAMAM,4,0.011199999999999932
112,G83642,Topiramate_Cap 50mg,040801050AAAWAW,1,2.396799999999997
113,G83642,Topiramate_Tab 200mg,040801050AAACAC,1,2.489999999999999
114,Y04645,Clonazepam_Tab 500mcg,0408010F0AAABAB,2,0.5609999999999993
115,Y04645,Paracet_Tab 500mg,0407010H0AAAMAM,2,0.005599999999999966
