,practice_code,bnf_description,bnf_code,items,excess_cost
6,C81018,Phenytoin_Sod Tab 100mg,0408010Q0AAAGAG,2,79.59839999999998
0,M83026,Dexameth_Tab 500mcg,0603020G0AAABAB,2,76.26079999999999
9,M83026,Letrozole_Tab 2.5mg,0803041L0AAAAAA,8,71.29920000000001
84,M83042,Pregabalin_Cap 150mg,0408010AEAAAEAE,4,56.537600000000005
105,M83026,Sertraline HCl_Tab 100mg,0403030Q0AAABAB,42,53.86079999999999
141,M83026,Desmopressin Acet_Tab 200mcg,0605020E0AAAEAE,2,51.15599999999999
7,M83026,Montelukast_Tab 10mg,0303020G0AAABAB,5,48.748000000000005
12,M83010,Mesalazine_Tab E/C 400mg,0105010B0AAAAAA,1,47.913599999999995
8,M83042,Montelukast_Tab 10mg,0303020G0AAABAB,44,24.393600000000006
15,M83035,Mesalazine_Tab E/C 400mg,0105010B0AAAAAA,1,23.956799999999998
14,M83042,Mesalazine_Tab E/C 400mg,0105010B0AAAAAA,1,23.956799999999998
13,M83074,Mesalazine_Tab E/C 400mg,0105010B0AAAAAA,1,23.956799999999998
16,M83074,Mesalazine_Tab E/C 400mg,0105010B0AAAAAA,1,17.099999999999998
17,M83074,Mesalazine_Tab E/C 400mg,0105010B0AAAAAA,2,15.971199999999998
1,M83026,Dexameth_Tab 500mcg,0603020G0AAABAB,1,14.3235
18,M83042,Mesalazine_Tab E/C 400mg,0105010B0AAAAAA,1,12.833999999999998
19,M83026,Mesalazine_Tab E/C 400mg,0105010B0AAAAAA,1,11.978399999999999
20,M83641,Mesalazine_Tab E/C 400mg,0105010B0AAAAAA,4,8.0024
21,M83042,Mesalazine_Tab E/C 400mg,0105010B0AAAAAA,1,7.985599999999999
149,M83026,Amiodarone HCl_Tab 200mg,0203020D0AAABAB,7,4.900000000000004
150,M83035,Amiodarone HCl_Tab 200mg,0203020D0AAABAB,12,4.200000000000004
151,C81018,Amiodarone HCl_Tab 200mg,0203020D0AAABAB,11,3.850000000000003
28,M83718,Clonazepam_Tab 500mcg,0408010F0AAABAB,4,3.796799999999992
29,M83073,Clonazepam_Tab 500mcg,0408010F0AAABAB,1,3.796799999999992
152,M83074,Amiodarone HCl_Tab 200mg,0203020D0AAABAB,10,3.500000000000003
30,M83074,Clonazepam_Tab 500mcg,0408010F0AAABAB,1,2.847599999999994
156,M83051,Amiodarone HCl_Tab 200mg,0203020D0AAABAB,4,2.8000000000000025
154,M83013,Amiodarone HCl_Tab 200mg,0203020D0AAABAB,8,2.8000000000000025
155,M83010,Amiodarone HCl_Tab 200mg,0203020D0AAABAB,8,2.8000000000000025
153,M83073,Amiodarone HCl_Tab 200mg,0203020D0AAABAB,8,2.8000000000000025
31,M83026,Clonazepam_Tab 500mcg,0408010F0AAABAB,2,2.631999999999996
157,M83065,Amiodarone HCl_Tab 200mg,0203020D0AAABAB,7,2.450000000000002
32,M83059,Clonazepam_Tab 500mcg,0408010F0AAABAB,2,2.2599999999999953
33,M83680,Clonazepam_Tab 500mcg,0408010F0AAABAB,7,2.2147999999999954
158,M83042,Amiodarone HCl_Tab 200mg,0203020D0AAABAB,6,2.100000000000002
34,M83026,Clonazepam_Tab 500mcg,0408010F0AAABAB,1,1.898399999999996
35,M83035,Clonazepam_Tab 500mcg,0408010F0AAABAB,2,1.898399999999996
36,M83027,Clonazepam_Tab 500mcg,0408010F0AAABAB,2,1.898399999999996
37,M83074,Clonazepam_Tab 500mcg,0408010F0AAABAB,1,1.898399999999996
38,M83051,Clonazepam_Tab 500mcg,0408010F0AAABAB,3,1.898399999999996
39,M83681,Clonazepam_Tab 500mcg,0408010F0AAABAB,3,1.898399999999996
159,M83059,Amiodarone HCl_Tab 200mg,0203020D0AAABAB,5,1.7500000000000016
160,M83027,Amiodarone HCl_Tab 200mg,0203020D0AAABAB,5,1.7500000000000016
161,M83026,Amiodarone HCl_Tab 200mg,0203020D0AAABAB,5,1.7500000000000016
40,M83035,Clonazepam_Tab 500mcg,0408010F0AAABAB,1,1.6949999999999965
162,M83037,Amiodarone HCl_Tab 200mg,0203020D0AAABAB,2,1.4000000000000012
163,M83010,Amiodarone HCl_Tab 200mg,0203020D0AAABAB,2,1.4000000000000012
43,M83013,Clonazepam_Tab 500mcg,0408010F0AAABAB,2,1.2655999999999974
44,M83073,Clonazepam_Tab 500mcg,0408010F0AAABAB,1,1.2655999999999974
45,M83042,Clonazepam_Tab 500mcg,0408010F0AAABAB,1,1.2655999999999974
46,M83051,Clonazepam_Tab 500mcg,0408010F0AAABAB,1,1.2655999999999974
47,M83026,Clonazepam_Tab 500mcg,0408010F0AAABAB,1,1.2655999999999974
42,M83037,Clonazepam_Tab 500mcg,0408010F0AAABAB,4,1.2655999999999974
49,M83065,Clonazepam_Tab 500mcg,0408010F0AAABAB,2,1.2655999999999974
41,M83037,Clonazepam_Tab 500mcg,0408010F0AAABAB,1,1.2655999999999974
48,M83073,Clonazepam_Tab 500mcg,0408010F0AAABAB,4,1.2655999999999974
164,M83010,Amiodarone HCl_Tab 200mg,0203020D0AAABAB,2,1.225000000000001
50,M83073,Clonazepam_Tab 500mcg,0408010F0AAABAB,1,1.1299999999999977
51,M83065,Clonazepam_Tab 500mcg,0408010F0AAABAB,1,0.949199999999998
52,M83051,Clonazepam_Tab 500mcg,0408010F0AAABAB,3,0.949199999999998
53,M83026,Clonazepam_Tab 500mcg,0408010F0AAABAB,3,0.949199999999998
54,M83680,Clonazepam_Tab 500mcg,0408010F0AAABAB,1,0.949199999999998
55,M83051,Clonazepam_Tab 500mcg,0408010F0AAABAB,4,0.949199999999998
56,M83042,Clonazepam_Tab 500mcg,0408010F0AAABAB,1,0.949199999999998
57,M83641,Clonazepam_Tab 500mcg,0408010F0AAABAB,3,0.949199999999998
58,M83641,Clonazepam_Tab 500mcg,0408010F0AAABAB,5,0.7909999999999984
166,M83681,Amiodarone HCl_Tab 200mg,0203020D0AAABAB,2,0.7000000000000006
165,M83035,Amiodarone HCl_Tab 200mg,0203020D0AAABAB,1,0.7000000000000006
167,M83718,Amiodarone HCl_Tab 200mg,0203020D0AAABAB,2,0.7000000000000006
168,M83681,Amiodarone HCl_Tab 200mg,0203020D0AAABAB,1,0.7000000000000006
169,M83059,Amiodarone HCl_Tab 200mg,0203020D0AAABAB,1,0.7000000000000006
60,C81018,Clonazepam_Tab 500mcg,0408010F0AAABAB,2,0.6779999999999986
59,M83026,Clonazepam_Tab 500mcg,0408010F0AAABAB,1,0.6779999999999986
61,M83026,Clonazepam_Tab 500mcg,0408010F0AAABAB,2,0.6779999999999986
62,M83013,Clonazepam_Tab 500mcg,0408010F0AAABAB,1,0.6779999999999986
63,M83042,Clonazepam_Tab 500mcg,0408010F0AAABAB,1,0.6779999999999986
64,M83680,Clonazepam_Tab 500mcg,0408010F0AAABAB,1,0.6779999999999986
73,M83035,Clonazepam_Tab 500mcg,0408010F0AAABAB,2,0.6327999999999987
67,M83037,Clonazepam_Tab 500mcg,0408010F0AAABAB,1,0.6327999999999987
65,M83010,Clonazepam_Tab 500mcg,0408010F0AAABAB,1,0.6327999999999987
66,M83027,Clonazepam_Tab 500mcg,0408010F0AAABAB,1,0.6327999999999987
68,M83073,Clonazepam_Tab 500mcg,0408010F0AAABAB,1,0.6327999999999987
72,M83074,Clonazepam_Tab 500mcg,0408010F0AAABAB,2,0.6327999999999987
69,M83027,Clonazepam_Tab 500mcg,0408010F0AAABAB,2,0.6327999999999987
70,M83718,Clonazepam_Tab 500mcg,0408010F0AAABAB,1,0.6327999999999987
71,M83010,Clonazepam_Tab 500mcg,0408010F0AAABAB,2,0.6327999999999987
75,M83065,Clonazepam_Tab 500mcg,0408010F0AAABAB,2,0.6327999999999987
74,C81018,Clonazepam_Tab 500mcg,0408010F0AAABAB,1,0.6327999999999987
76,M83074,Clonazepam_Tab 500mcg,0408010F0AAABAB,1,0.5699999999999983
171,M83641,Amiodarone HCl_Tab 200mg,0203020D0AAABAB,1,0.3500000000000003
170,M83680,Amiodarone HCl_Tab 200mg,0203020D0AAABAB,1,0.3500000000000003
172,M83037,Amiodarone HCl_Tab 200mg,0203020D0AAABAB,1,0.3500000000000003
77,M83074,Clonazepam_Tab 500mcg,0408010F0AAABAB,1,0.3389999999999993
173,M83051,Amiodarone HCl_Tab 200mg,0203020D0AAABAB,4,0.3388
80,M83051,Clonazepam_Tab 500mcg,0408010F0AAABAB,4,0.31639999999999935
79,M83013,Clonazepam_Tab 500mcg,0408010F0AAABAB,4,0.31639999999999935
78,M83718,Clonazepam_Tab 500mcg,0408010F0AAABAB,1,0.31639999999999935
174,M83027,Amiodarone HCl_Tab 200mg,0203020D0AAABAB,1,0.25400000000000034
81,M83027,Clonazepam_Tab 500mcg,0408010F0AAABAB,1,0.2372999999999995
83,M83035,Clonazepam_Tab 500mcg,0408010F0AAABAB,1,0.15819999999999967
82,M83051,Clonazepam_Tab 500mcg,0408010F0AAABAB,1,0.15819999999999967
106,M83051,Sertraline HCl_Tab 100mg,0403030Q0AAABAB,25,0.05250000000000029
10,M83051,Letrozole_Tab 2.5mg,0803041L0AAAAAA,8,0.039200000000000346
85,M83059,Pregabalin_Cap 150mg,0408010AEAAAEAE,6,0.03360000000000096
107,M83026,Sertraline HCl_Tab 100mg,0403030Q0AAABAB,8,0.033600000000000185
108,M83074,Sertraline HCl_Tab 100mg,0403030Q0AAABAB,12,0.02520000000000014
86,M83051,Pregabalin_Cap 150mg,0408010AEAAAEAE,4,0.02240000000000064
109,Y00078,Sertraline HCl_Tab 100mg,0403030Q0AAABAB,5,0.021000000000000116
11,M83074,Letrozole_Tab 2.5mg,0803041L0AAAAAA,4,0.019600000000000173
110,M83037,Sertraline HCl_Tab 100mg,0403030Q0AAABAB,9,0.018900000000000104
111,M83073,Sertraline HCl_Tab 100mg,0403030Q0AAABAB,4,0.0184
22,M83641,Mesalazine_Tab E/C 400mg,0105010B0AAAAAA,4,0.01680000000000126
88,M83680,Pregabalin_Cap 150mg,0408010AEAAAEAE,4,0.01680000000000048
87,M83042,Pregabalin_Cap 150mg,0408010AEAAAEAE,3,0.01680000000000048
112,M83680,Sertraline HCl_Tab 100mg,0403030Q0AAABAB,4,0.016800000000000093
113,M83051,Sertraline HCl_Tab 100mg,0403030Q0AAABAB,4,0.016800000000000093
114,M83026,Sertraline HCl_Tab 100mg,0403030Q0AAABAB,8,0.016800000000000093
115,M83037,Sertraline HCl_Tab 100mg,0403030Q0AAABAB,4,0.016800000000000093
95,M83037,Pregabalin_Cap 150mg,0408010AEAAAEAE,4,0.01120000000000032
94,M83074,Pregabalin_Cap 150mg,0408010AEAAAEAE,2,0.01120000000000032
93,M83013,Pregabalin_Cap 150mg,0408010AEAAAEAE,4,0.01120000000000032
92,M83027,Pregabalin_Cap 150mg,0408010AEAAAEAE,4,0.01120000000000032
91,M83010,Pregabalin_Cap 150mg,0408010AEAAAEAE,4,0.01120000000000032
90,M83074,Pregabalin_Cap 150mg,0408010AEAAAEAE,4,0.01120000000000032
89,M83051,Pregabalin_Cap 150mg,0408010AEAAAEAE,4,0.01120000000000032
96,M83073,Pregabalin_Cap 150mg,0408010AEAAAEAE,2,0.01120000000000032
97,M83681,Pregabalin_Cap 150mg,0408010AEAAAEAE,3,0.00840000000000024
121,C81018,Sertraline HCl_Tab 100mg,0403030Q0AAABAB,4,0.008400000000000046
120,M83035,Sertraline HCl_Tab 100mg,0403030Q0AAABAB,2,0.008400000000000046
119,M83681,Sertraline HCl_Tab 100mg,0403030Q0AAABAB,2,0.008400000000000046
118,M83010,Sertraline HCl_Tab 100mg,0403030Q0AAABAB,2,0.008400000000000046
116,M83073,Sertraline HCl_Tab 100mg,0403030Q0AAABAB,4,0.008400000000000046
117,M83065,Sertraline HCl_Tab 100mg,0403030Q0AAABAB,2,0.008400000000000046
122,Y00078,Sertraline HCl_Tab 100mg,0403030Q0AAABAB,2,0.008399999999999658
123,Y00078,Sertraline HCl_Tab 100mg,0403030Q0AAABAB,3,0.006300000000000035
99,M83010,Pregabalin_Cap 150mg,0408010AEAAAEAE,1,0.00560000000000016
98,C81018,Pregabalin_Cap 150mg,0408010AEAAAEAE,1,0.00560000000000016
101,M83035,Pregabalin_Cap 150mg,0408010AEAAAEAE,1,0.00560000000000016
100,M83037,Pregabalin_Cap 150mg,0408010AEAAAEAE,1,0.00560000000000016
102,M83680,Pregabalin_Cap 150mg,0408010AEAAAEAE,1,0.00560000000000016
127,M83641,Sertraline HCl_Tab 100mg,0403030Q0AAABAB,2,0.004200000000000023
128,M83042,Sertraline HCl_Tab 100mg,0403030Q0AAABAB,1,0.004200000000000023
124,C81018,Sertraline HCl_Tab 100mg,0403030Q0AAABAB,1,0.004200000000000023
126,M83027,Sertraline HCl_Tab 100mg,0403030Q0AAABAB,1,0.004200000000000023
125,M83074,Sertraline HCl_Tab 100mg,0403030Q0AAABAB,1,0.004200000000000023
133,M83042,Sertraline HCl_Tab 100mg,0403030Q0AAABAB,1,0.004199999999999829
132,M83026,Sertraline HCl_Tab 100mg,0403030Q0AAABAB,1,0.004199999999999829
131,M83037,Sertraline HCl_Tab 100mg,0403030Q0AAABAB,1,0.004199999999999829
130,M83065,Sertraline HCl_Tab 100mg,0403030Q0AAABAB,1,0.004199999999999829
129,M83074,Sertraline HCl_Tab 100mg,0403030Q0AAABAB,1,0.004199999999999829
103,M83681,Pregabalin_Cap 150mg,0408010AEAAAEAE,1,0.00360000000000002
134,M83027,Sertraline HCl_Tab 100mg,0403030Q0AAABAB,1,0.0031999999999999806
142,M83035,Desmopressin Acet_Tab 200mcg,0605020E0AAAEAE,1,0.0030000000000002247
3,M83037,Dexameth_Tab 500mcg,0603020G0AAABAB,1,0.0029999999999996696
2,M83718,Dexameth_Tab 500mcg,0603020G0AAABAB,1,0.0029999999999996696
144,M83065,Desmopressin Acet_Tab 200mcg,0605020E0AAAEAE,1,0.0027999999999996916
143,M83042,Desmopressin Acet_Tab 200mcg,0605020E0AAAEAE,1,0.0027999999999996916
136,Y04112,Sertraline HCl_Tab 100mg,0403030Q0AAABAB,1,0.0021000000000000116
135,M83059,Sertraline HCl_Tab 100mg,0403030Q0AAABAB,1,0.0021000000000000116
4,M83065,Dexameth_Tab 500mcg,0603020G0AAABAB,1,0.0007999999999999119
5,Y00078,Dexameth_Tab 500mcg,0603020G0AAABAB,1,0.0007999999999999119
137,M83051,Sertraline HCl_Tab 100mg,0403030Q0AAABAB,1,-0.0015999999999999903
138,M83042,Sertraline HCl_Tab 100mg,0403030Q0AAABAB,1,-0.003000000000000086
146,M83026,Desmopressin Acet_Tab 200mcg,0605020E0AAAEAE,1,-0.005599999999999383
145,M83074,Desmopressin Acet_Tab 200mcg,0605020E0AAAEAE,1,-0.005599999999999383
147,M83681,Desmopressin Acet_Tab 200mcg,0605020E0AAAEAE,1,-0.005599999999999383
140,M83026,Sertraline HCl_Tab 100mg,0403030Q0AAABAB,1,-0.006000000000000172
139,M83042,Sertraline HCl_Tab 100mg,0403030Q0AAABAB,1,-0.006000000000000172
104,M83026,Pregabalin_Cap 150mg,0408010AEAAAEAE,2,-0.008399999999999075
148,Y00078,Desmopressin Acet_Tab 200mcg,0605020E0AAAEAE,2,-0.011199999999998766
23,M83074,Mesalazine_Tab E/C 400mg,0105010B0AAAAAA,1,-0.011999999999998678
24,M83065,Mesalazine_Tab E/C 400mg,0105010B0AAAAAA,1,-17.112
25,M83680,Mesalazine_Tab E/C 400mg,0105010B0AAAAAA,1,-23.956799999999998
26,M83042,Mesalazine_Tab E/C 400mg,0105010B0AAAAAA,1,-31.942399999999996
27,M83042,Mesalazine_Tab E/C 400mg,0105010B0AAAAAA,1,-51.33599999999999
