,practice_code,bnf_description,bnf_code,items,excess_cost
0,P81196,Mesalazine_Tab E/C 800mg,0105010B0AAASAS,4,137.75999999999996
181,P81015,Mesalazine_Tab E/C 400mg,0105010B0AAAAAA,2,95.82719999999999
2,P81179,Mesalazine_Tab E/C 800mg,0105010B0AAASAS,2,68.87999999999998
3,P81107,Mesalazine_Tab E/C 800mg,0105010B0AAASAS,2,68.87999999999998
1,P81664,Mesalazine_Tab E/C 800mg,0105010B0AAASAS,1,68.87999999999998
182,P81664,Mesalazine_Tab E/C 400mg,0105010B0AAAAAA,1,47.913599999999995
4,P81664,Mesalazine_Tab E/C 800mg,0105010B0AAASAS,2,45.91999999999999
183,P81119,Mesalazine_Tab E/C 400mg,0105010B0AAAAAA,1,38.501999999999995
5,P81103,Mesalazine_Tab E/C 800mg,0105010B0AAASAS,1,36.89999999999999
6,P81185,Mesalazine_Tab E/C 800mg,0105010B0AAASAS,1,36.89999999999999
7,P81055,Mesalazine_Tab E/C 800mg,0105010B0AAASAS,1,36.89999999999999
13,P81647,Mesalazine_Tab E/C 800mg,0105010B0AAASAS,1,34.43999999999999
14,P81185,Mesalazine_Tab E/C 800mg,0105010B0AAASAS,1,34.43999999999999
11,P81015,Mesalazine_Tab E/C 800mg,0105010B0AAASAS,1,34.43999999999999
12,P81055,Mesalazine_Tab E/C 800mg,0105010B0AAASAS,1,34.43999999999999
10,P81119,Mesalazine_Tab E/C 800mg,0105010B0AAASAS,2,34.43999999999999
9,P81664,Mesalazine_Tab E/C 800mg,0105010B0AAASAS,1,34.43999999999999
8,P81119,Mesalazine_Tab E/C 800mg,0105010B0AAASAS,1,34.43999999999999
185,P81185,Mesalazine_Tab E/C 400mg,0105010B0AAAAAA,1,23.956799999999998
184,P81046,Mesalazine_Tab E/C 400mg,0105010B0AAAAAA,1,23.956799999999998
15,P81015,Mesalazine_Tab E/C 800mg,0105010B0AAASAS,1,22.959999999999994
16,P81196,Mesalazine_Tab E/C 800mg,0105010B0AAASAS,1,18.449999999999996
196,P81213,Co-Codamol_Tab 8mg/500mg,0407010F0AAAAAA,1,18.201600000000003
197,P81213,Co-Codamol_Tab 8mg/500mg,0407010F0AAAAAA,1,18.201600000000003
17,P81664,Mesalazine_Tab E/C 800mg,0105010B0AAASAS,4,17.236800000000002
186,P81664,Mesalazine_Tab E/C 400mg,0105010B0AAAAAA,1,15.971199999999998
187,P81664,Mesalazine_Tab E/C 400mg,0105010B0AAAAAA,1,11.978399999999999
332,P81040,Valsartan_Tab 40mg,0205052V0AAADAD,1,9.59
309,P81055,Tetrabenazine_Tab 25mg,0409030C0AAAAAA,3,8.996399999999989
188,P81770,Mesalazine_Tab E/C 400mg,0105010B0AAAAAA,1,7.985599999999999
333,P81196,Valsartan_Tab 40mg,0205052V0AAADAD,1,7.672000000000001
268,P81685,Topiramate_Tab 200mg,040801050AAACAC,3,7.469999999999997
128,P81196,Methocarbamol_Tab 750mg,1002020S0AAABAB,14,5.174400000000018
269,P81213,Topiramate_Tab 200mg,040801050AAACAC,1,4.979999999999998
24,P81664,Clonazepam_Tab 500mcg,0408010F0AAABAB,10,4.74599999999999
271,P81664,Topiramate_Tab 200mg,040801050AAACAC,2,4.636799999999999
270,P81046,Topiramate_Tab 200mg,040801050AAACAC,2,4.636799999999999
189,P81018,Mesalazine_Tab E/C 400mg,0105010B0AAAAAA,1,3.9927999999999995
315,P81185,Pyridox HCl_Tab 50mg,0906024N0AAAIAI,1,3.830400000000001
25,P81015,Clonazepam_Tab 500mcg,0408010F0AAABAB,2,3.796799999999992
310,P81184,Tetrabenazine_Tab 25mg,0409030C0AAAAAA,5,3.748499999999995
129,P81196,Methocarbamol_Tab 750mg,1002020S0AAABAB,8,3.4399999999999986
26,P81213,Clonazepam_Tab 500mcg,0408010F0AAABAB,3,3.389999999999993
130,P81196,Methocarbamol_Tab 750mg,1002020S0AAABAB,15,3.3000000000000114
27,P81040,Clonazepam_Tab 500mcg,0408010F0AAABAB,5,3.1639999999999935
278,P81067,Amiodarone HCl_Tab 200mg,0203020D0AAABAB,9,3.150000000000003
131,P81196,Methocarbamol_Tab 750mg,1002020S0AAABAB,23,3.0360000000000102
190,P81015,Mesalazine_Tab E/C 400mg,0105010B0AAAAAA,5,3.002999999999999
29,P81196,Clonazepam_Tab 500mcg,0408010F0AAABAB,1,2.847599999999994
28,P81196,Clonazepam_Tab 500mcg,0408010F0AAABAB,9,2.847599999999994
30,P81055,Clonazepam_Tab 500mcg,0408010F0AAABAB,2,2.7119999999999944
132,P81018,Methocarbamol_Tab 750mg,1002020S0AAABAB,7,2.587200000000009
32,P81067,Clonazepam_Tab 500mcg,0408010F0AAABAB,2,2.531199999999995
31,P81015,Clonazepam_Tab 500mcg,0408010F0AAABAB,1,2.531199999999995
33,P81103,Clonazepam_Tab 500mcg,0408010F0AAABAB,4,2.531199999999995
34,P81196,Clonazepam_Tab 500mcg,0408010F0AAABAB,2,2.531199999999995
272,P81735,Topiramate_Tab 200mg,040801050AAACAC,1,2.489999999999999
273,P81015,Topiramate_Tab 200mg,040801050AAACAC,1,2.489999999999999
274,P81185,Topiramate_Tab 200mg,040801050AAACAC,1,2.489999999999999
279,P81664,Amiodarone HCl_Tab 200mg,0203020D0AAABAB,7,2.450000000000002
133,P81184,Methocarbamol_Tab 750mg,1002020S0AAABAB,5,2.407999999999999
275,P81196,Topiramate_Tab 200mg,040801050AAACAC,4,2.307200000000001
276,P81103,Topiramate_Tab 200mg,040801050AAACAC,4,2.307200000000001
35,P81196,Clonazepam_Tab 500mcg,0408010F0AAABAB,1,2.2599999999999953
37,P81664,Clonazepam_Tab 500mcg,0408010F0AAABAB,7,2.2147999999999954
36,P81067,Clonazepam_Tab 500mcg,0408010F0AAABAB,7,2.2147999999999954
134,P81735,Methocarbamol_Tab 750mg,1002020S0AAABAB,5,2.149999999999999
280,P81196,Amiodarone HCl_Tab 200mg,0203020D0AAABAB,6,2.100000000000002
282,P81213,Amiodarone HCl_Tab 200mg,0203020D0AAABAB,3,2.100000000000002
281,P81196,Amiodarone HCl_Tab 200mg,0203020D0AAABAB,1,2.100000000000002
312,P81055,Tetrabenazine_Tab 25mg,0409030C0AAAAAA,1,1.9991999999999974
311,P81748,Tetrabenazine_Tab 25mg,0409030C0AAAAAA,1,1.9991999999999974
316,P81018,Pyridox HCl_Tab 50mg,0906024N0AAAIAI,2,1.9152000000000005
39,P81107,Clonazepam_Tab 500mcg,0408010F0AAABAB,3,1.898399999999996
48,P81107,Clonazepam_Tab 500mcg,0408010F0AAABAB,1,1.898399999999996
46,P81184,Clonazepam_Tab 500mcg,0408010F0AAABAB,2,1.898399999999996
47,P81664,Clonazepam_Tab 500mcg,0408010F0AAABAB,3,1.898399999999996
38,P81169,Clonazepam_Tab 500mcg,0408010F0AAABAB,3,1.898399999999996
45,P81748,Clonazepam_Tab 500mcg,0408010F0AAABAB,6,1.898399999999996
44,P81018,Clonazepam_Tab 500mcg,0408010F0AAABAB,3,1.898399999999996
43,P81750,Clonazepam_Tab 500mcg,0408010F0AAABAB,1,1.898399999999996
42,P81185,Clonazepam_Tab 500mcg,0408010F0AAABAB,6,1.898399999999996
41,P81103,Clonazepam_Tab 500mcg,0408010F0AAABAB,6,1.898399999999996
40,P81196,Clonazepam_Tab 500mcg,0408010F0AAABAB,2,1.898399999999996
285,P81185,Amiodarone HCl_Tab 200mg,0203020D0AAABAB,5,1.7500000000000016
284,P81748,Amiodarone HCl_Tab 200mg,0203020D0AAABAB,5,1.7500000000000016
283,P81055,Amiodarone HCl_Tab 200mg,0203020D0AAABAB,5,1.7500000000000016
135,P81196,Methocarbamol_Tab 750mg,1002020S0AAABAB,2,1.7199999999999993
136,P81018,Methocarbamol_Tab 750mg,1002020S0AAABAB,2,1.7199999999999993
49,P81071,Clonazepam_Tab 500mcg,0408010F0AAABAB,5,1.5819999999999967
313,P81055,Tetrabenazine_Tab 25mg,0409030C0AAAAAA,1,1.499399999999998
137,P81018,Methocarbamol_Tab 750mg,1002020S0AAABAB,2,1.4619999999999993
138,P81196,Methocarbamol_Tab 750mg,1002020S0AAABAB,2,1.4447999999999994
317,P81046,Pyridox HCl_Tab 50mg,0906024N0AAAIAI,1,1.4364000000000003
318,P81067,Pyridox HCl_Tab 50mg,0906024N0AAAIAI,1,1.4364000000000003
319,P81664,Pyridox HCl_Tab 50mg,0906024N0AAAIAI,1,1.4364000000000003
50,P81196,Clonazepam_Tab 500mcg,0408010F0AAABAB,3,1.423799999999997
51,P81748,Clonazepam_Tab 500mcg,0408010F0AAABAB,9,1.423799999999997
286,P81015,Amiodarone HCl_Tab 200mg,0203020D0AAABAB,2,1.4000000000000012
289,P81018,Amiodarone HCl_Tab 200mg,0203020D0AAABAB,4,1.4000000000000012
288,P81196,Amiodarone HCl_Tab 200mg,0203020D0AAABAB,2,1.4000000000000012
287,P81040,Amiodarone HCl_Tab 200mg,0203020D0AAABAB,4,1.4000000000000012
139,P81685,Methocarbamol_Tab 750mg,1002020S0AAABAB,10,1.3200000000000045
53,P81015,Clonazepam_Tab 500mcg,0408010F0AAABAB,4,1.2655999999999974
55,P81046,Clonazepam_Tab 500mcg,0408010F0AAABAB,2,1.2655999999999974
54,P81185,Clonazepam_Tab 500mcg,0408010F0AAABAB,2,1.2655999999999974
57,P81664,Clonazepam_Tab 500mcg,0408010F0AAABAB,8,1.2655999999999974
64,P81735,Clonazepam_Tab 500mcg,0408010F0AAABAB,1,1.2655999999999974
56,P81213,Clonazepam_Tab 500mcg,0408010F0AAABAB,2,1.2655999999999974
58,P81647,Clonazepam_Tab 500mcg,0408010F0AAABAB,1,1.2655999999999974
59,P81071,Clonazepam_Tab 500mcg,0408010F0AAABAB,2,1.2655999999999974
60,P81018,Clonazepam_Tab 500mcg,0408010F0AAABAB,4,1.2655999999999974
61,P81196,Clonazepam_Tab 500mcg,0408010F0AAABAB,2,1.2655999999999974
62,P81040,Clonazepam_Tab 500mcg,0408010F0AAABAB,4,1.2655999999999974
63,P81055,Clonazepam_Tab 500mcg,0408010F0AAABAB,1,1.2655999999999974
52,P81185,Clonazepam_Tab 500mcg,0408010F0AAABAB,1,1.2655999999999974
67,P81664,Clonazepam_Tab 500mcg,0408010F0AAABAB,1,1.2655999999999974
66,P81184,Clonazepam_Tab 500mcg,0408010F0AAABAB,4,1.2655999999999974
65,P81015,Clonazepam_Tab 500mcg,0408010F0AAABAB,1,1.2655999999999974
141,P81196,Methocarbamol_Tab 750mg,1002020S0AAABAB,5,1.260000000000003
140,P81018,Methocarbamol_Tab 750mg,1002020S0AAABAB,5,1.260000000000003
68,P81196,Clonazepam_Tab 500mcg,0408010F0AAABAB,5,1.1864999999999974
70,P81785,Clonazepam_Tab 500mcg,0408010F0AAABAB,1,1.1299999999999977
69,P81735,Clonazepam_Tab 500mcg,0408010F0AAABAB,1,1.1299999999999977
71,P81055,Clonazepam_Tab 500mcg,0408010F0AAABAB,1,1.1299999999999977
142,P81664,Methocarbamol_Tab 750mg,1002020S0AAABAB,8,1.0560000000000036
290,P81184,Amiodarone HCl_Tab 200mg,0203020D0AAABAB,3,1.050000000000001
291,P81184,Amiodarone HCl_Tab 200mg,0203020D0AAABAB,1,1.050000000000001
320,P81055,Pyridox HCl_Tab 50mg,0906024N0AAAIAI,1,1.0260000000000002
73,P81040,Clonazepam_Tab 500mcg,0408010F0AAABAB,1,1.016999999999998
72,P81685,Clonazepam_Tab 500mcg,0408010F0AAABAB,3,1.016999999999998
143,P81196,Methocarbamol_Tab 750mg,1002020S0AAABAB,8,1.008000000000001
314,P81735,Tetrabenazine_Tab 25mg,0409030C0AAAAAA,1,0.9995999999999987
146,P81103,Methocarbamol_Tab 750mg,1002020S0AAABAB,1,0.9631999999999996
145,P81735,Methocarbamol_Tab 750mg,1002020S0AAABAB,4,0.9631999999999996
144,P81018,Methocarbamol_Tab 750mg,1002020S0AAABAB,2,0.9631999999999996
323,P81046,Pyridox HCl_Tab 50mg,0906024N0AAAIAI,1,0.9576000000000002
325,P81055,Pyridox HCl_Tab 50mg,0906024N0AAAIAI,1,0.9576000000000002
326,P81040,Pyridox HCl_Tab 50mg,0906024N0AAAIAI,1,0.9576000000000002
324,P81103,Pyridox HCl_Tab 50mg,0906024N0AAAIAI,1,0.9576000000000002
322,P81184,Pyridox HCl_Tab 50mg,0906024N0AAAIAI,1,0.9576000000000002
321,P81067,Pyridox HCl_Tab 50mg,0906024N0AAAIAI,2,0.9576000000000002
79,P81046,Clonazepam_Tab 500mcg,0408010F0AAABAB,1,0.949199999999998
78,P81040,Clonazepam_Tab 500mcg,0408010F0AAABAB,1,0.949199999999998
80,P81664,Clonazepam_Tab 500mcg,0408010F0AAABAB,1,0.949199999999998
83,P81103,Clonazepam_Tab 500mcg,0408010F0AAABAB,1,0.949199999999998
82,P81067,Clonazepam_Tab 500mcg,0408010F0AAABAB,4,0.949199999999998
77,P81046,Clonazepam_Tab 500mcg,0408010F0AAABAB,3,0.949199999999998
76,P81748,Clonazepam_Tab 500mcg,0408010F0AAABAB,1,0.949199999999998
75,P81015,Clonazepam_Tab 500mcg,0408010F0AAABAB,1,0.949199999999998
74,P81213,Clonazepam_Tab 500mcg,0408010F0AAABAB,1,0.949199999999998
81,P81213,Clonazepam_Tab 500mcg,0408010F0AAABAB,3,0.949199999999998
277,P81018,Topiramate_Tab 200mg,040801050AAACAC,3,0.8652000000000003
147,P81179,Methocarbamol_Tab 750mg,1002020S0AAABAB,2,0.8599999999999997
86,P81664,Clonazepam_Tab 500mcg,0408010F0AAABAB,2,0.7909999999999984
84,P81184,Clonazepam_Tab 500mcg,0408010F0AAABAB,1,0.7909999999999984
85,P81196,Clonazepam_Tab 500mcg,0408010F0AAABAB,5,0.7909999999999984
148,P81169,Methocarbamol_Tab 750mg,1002020S0AAABAB,3,0.7560000000000017
149,P81184,Methocarbamol_Tab 750mg,1002020S0AAABAB,2,0.7392000000000025
150,P81196,Methocarbamol_Tab 750mg,1002020S0AAABAB,3,0.7223999999999997
87,P81046,Clonazepam_Tab 500mcg,0408010F0AAABAB,3,0.7118999999999985
151,P81735,Methocarbamol_Tab 750mg,1002020S0AAABAB,1,0.7051999999999997
299,P81103,Amiodarone HCl_Tab 200mg,0203020D0AAABAB,2,0.7000000000000006
292,P81107,Amiodarone HCl_Tab 200mg,0203020D0AAABAB,1,0.7000000000000006
297,P81119,Amiodarone HCl_Tab 200mg,0203020D0AAABAB,2,0.7000000000000006
296,P81119,Amiodarone HCl_Tab 200mg,0203020D0AAABAB,1,0.7000000000000006
295,P81179,Amiodarone HCl_Tab 200mg,0203020D0AAABAB,2,0.7000000000000006
293,P81213,Amiodarone HCl_Tab 200mg,0203020D0AAABAB,2,0.7000000000000006
294,P81055,Amiodarone HCl_Tab 200mg,0203020D0AAABAB,1,0.7000000000000006
298,P81103,Amiodarone HCl_Tab 200mg,0203020D0AAABAB,1,0.7000000000000006
89,P81119,Clonazepam_Tab 500mcg,0408010F0AAABAB,2,0.6779999999999986
91,P81196,Clonazepam_Tab 500mcg,0408010F0AAABAB,2,0.6779999999999986
88,P81196,Clonazepam_Tab 500mcg,0408010F0AAABAB,1,0.6779999999999986
90,P81018,Clonazepam_Tab 500mcg,0408010F0AAABAB,1,0.6779999999999986
92,P81107,Clonazepam_Tab 500mcg,0408010F0AAABAB,1,0.6779999999999986
300,P81664,Amiodarone HCl_Tab 200mg,0203020D0AAABAB,8,0.6776
94,P81785,Clonazepam_Tab 500mcg,0408010F0AAABAB,1,0.6327999999999987
95,P81093,Clonazepam_Tab 500mcg,0408010F0AAABAB,4,0.6327999999999987
96,P81647,Clonazepam_Tab 500mcg,0408010F0AAABAB,1,0.6327999999999987
97,P81184,Clonazepam_Tab 500mcg,0408010F0AAABAB,1,0.6327999999999987
98,P81055,Clonazepam_Tab 500mcg,0408010F0AAABAB,2,0.6327999999999987
99,P81685,Clonazepam_Tab 500mcg,0408010F0AAABAB,2,0.6327999999999987
100,P81750,Clonazepam_Tab 500mcg,0408010F0AAABAB,1,0.6327999999999987
101,P81067,Clonazepam_Tab 500mcg,0408010F0AAABAB,1,0.6327999999999987
102,P81055,Clonazepam_Tab 500mcg,0408010F0AAABAB,1,0.6327999999999987
103,P81735,Clonazepam_Tab 500mcg,0408010F0AAABAB,4,0.6327999999999987
104,P81169,Clonazepam_Tab 500mcg,0408010F0AAABAB,2,0.6327999999999987
93,P81015,Clonazepam_Tab 500mcg,0408010F0AAABAB,1,0.6327999999999987
105,P81196,Clonazepam_Tab 500mcg,0408010F0AAABAB,1,0.6101999999999987
152,P81018,Methocarbamol_Tab 750mg,1002020S0AAABAB,1,0.6019999999999998
301,P81179,Amiodarone HCl_Tab 200mg,0203020D0AAABAB,3,0.5376000000000003
198,P81103,Co-Codamol_Tab 8mg/500mg,0407010F0AAAAAA,1,0.5376000000000001
199,P81103,Co-Codamol_Tab 8mg/500mg,0407010F0AAAAAA,1,0.5376000000000001
106,P81015,Clonazepam_Tab 500mcg,0408010F0AAABAB,1,0.5375999999999994
154,P81735,Methocarbamol_Tab 750mg,1002020S0AAABAB,1,0.5331999999999998
153,P81185,Methocarbamol_Tab 750mg,1002020S0AAABAB,1,0.5331999999999998
155,P81647,Methocarbamol_Tab 750mg,1002020S0AAABAB,2,0.5040000000000011
156,P81748,Methocarbamol_Tab 750mg,1002020S0AAABAB,1,0.4815999999999998
158,P81184,Methocarbamol_Tab 750mg,1002020S0AAABAB,2,0.4815999999999998
157,P81664,Methocarbamol_Tab 750mg,1002020S0AAABAB,1,0.4815999999999998
330,P81169,Pyridox HCl_Tab 50mg,0906024N0AAAIAI,1,0.4788000000000001
329,P81040,Pyridox HCl_Tab 50mg,0906024N0AAAIAI,1,0.4788000000000001
327,P81196,Pyridox HCl_Tab 50mg,0906024N0AAAIAI,1,0.4788000000000001
331,P81018,Pyridox HCl_Tab 50mg,0906024N0AAAIAI,1,0.4788000000000001
328,P81748,Pyridox HCl_Tab 50mg,0906024N0AAAIAI,1,0.4788000000000001
108,P81055,Clonazepam_Tab 500mcg,0408010F0AAABAB,1,0.474599999999999
107,P81750,Clonazepam_Tab 500mcg,0408010F0AAABAB,1,0.474599999999999
110,P81015,Clonazepam_Tab 500mcg,0408010F0AAABAB,1,0.474599999999999
109,P81015,Clonazepam_Tab 500mcg,0408010F0AAABAB,3,0.474599999999999
163,P81103,Methocarbamol_Tab 750mg,1002020S0AAABAB,1,0.4299999999999998
159,P81018,Methocarbamol_Tab 750mg,1002020S0AAABAB,1,0.4299999999999998
160,P81185,Methocarbamol_Tab 750mg,1002020S0AAABAB,1,0.4299999999999998
161,P81169,Methocarbamol_Tab 750mg,1002020S0AAABAB,1,0.4299999999999998
162,P81119,Methocarbamol_Tab 750mg,1002020S0AAABAB,1,0.4299999999999998
302,P81046,Amiodarone HCl_Tab 200mg,0203020D0AAABAB,5,0.4235
164,P81169,Methocarbamol_Tab 750mg,1002020S0AAABAB,1,0.41279999999999983
112,P81103,Clonazepam_Tab 500mcg,0408010F0AAABAB,5,0.3954999999999992
111,P81046,Clonazepam_Tab 500mcg,0408010F0AAABAB,5,0.3954999999999992
167,P81735,Methocarbamol_Tab 750mg,1002020S0AAABAB,4,0.36960000000000126
171,P81119,Methocarbamol_Tab 750mg,1002020S0AAABAB,4,0.36960000000000126
165,P81046,Methocarbamol_Tab 750mg,1002020S0AAABAB,1,0.36960000000000126
173,P81748,Methocarbamol_Tab 750mg,1002020S0AAABAB,1,0.36960000000000126
172,P81169,Methocarbamol_Tab 750mg,1002020S0AAABAB,1,0.36960000000000126
170,P81196,Methocarbamol_Tab 750mg,1002020S0AAABAB,4,0.36960000000000126
169,P81018,Methocarbamol_Tab 750mg,1002020S0AAABAB,2,0.36960000000000126
168,P81664,Methocarbamol_Tab 750mg,1002020S0AAABAB,1,0.36960000000000126
166,P81067,Methocarbamol_Tab 750mg,1002020S0AAABAB,1,0.36960000000000126
303,P81685,Amiodarone HCl_Tab 200mg,0203020D0AAABAB,1,0.3500000000000003
304,P81015,Amiodarone HCl_Tab 200mg,0203020D0AAABAB,1,0.3500000000000003
306,P81071,Amiodarone HCl_Tab 200mg,0203020D0AAABAB,1,0.3500000000000003
305,P81735,Amiodarone HCl_Tab 200mg,0203020D0AAABAB,1,0.3500000000000003
174,P81046,Methocarbamol_Tab 750mg,1002020S0AAABAB,1,0.34399999999999986
114,P81184,Clonazepam_Tab 500mcg,0408010F0AAABAB,2,0.31639999999999935
118,P81119,Clonazepam_Tab 500mcg,0408010F0AAABAB,1,0.31639999999999935
115,P81040,Clonazepam_Tab 500mcg,0408010F0AAABAB,2,0.31639999999999935
116,P81179,Clonazepam_Tab 500mcg,0408010F0AAABAB,1,0.31639999999999935
117,P81185,Clonazepam_Tab 500mcg,0408010F0AAABAB,2,0.31639999999999935
113,P81107,Clonazepam_Tab 500mcg,0408010F0AAABAB,1,0.31639999999999935
307,P81067,Amiodarone HCl_Tab 200mg,0203020D0AAABAB,1,0.29760000000000053
175,P81647,Methocarbamol_Tab 750mg,1002020S0AAABAB,2,0.2640000000000009
308,P81067,Amiodarone HCl_Tab 200mg,0203020D0AAABAB,3,0.2541
176,P81169,Methocarbamol_Tab 750mg,1002020S0AAABAB,1,0.2407999999999999
119,P81018,Clonazepam_Tab 500mcg,0408010F0AAABAB,3,0.2372999999999995
177,P81196,Methocarbamol_Tab 750mg,1002020S0AAABAB,4,0.22960000000000114
120,P81055,Clonazepam_Tab 500mcg,0408010F0AAABAB,5,0.21199999999999997
178,P81647,Methocarbamol_Tab 750mg,1002020S0AAABAB,2,0.18480000000000063
121,P81119,Clonazepam_Tab 500mcg,0408010F0AAABAB,1,0.174
123,P81184,Clonazepam_Tab 500mcg,0408010F0AAABAB,4,0.16959999999999997
122,P81196,Clonazepam_Tab 500mcg,0408010F0AAABAB,4,0.16959999999999997
126,P81055,Clonazepam_Tab 500mcg,0408010F0AAABAB,1,0.15819999999999967
125,P81067,Clonazepam_Tab 500mcg,0408010F0AAABAB,1,0.15819999999999967
124,P81685,Clonazepam_Tab 500mcg,0408010F0AAABAB,1,0.15819999999999967
179,P81119,Methocarbamol_Tab 750mg,1002020S0AAABAB,1,0.13200000000000045
200,P81196,Co-Codamol_Tab 8mg/500mg,0407010F0AAAAAA,26,0.12999999999999923
201,P81196,Co-Codamol_Tab 8mg/500mg,0407010F0AAAAAA,26,0.12999999999999923
180,P81179,Methocarbamol_Tab 750mg,1002020S0AAABAB,1,0.1260000000000001
202,P81055,Co-Codamol_Tab 8mg/500mg,0407010F0AAAAAA,5,0.0999999999999994
203,P81055,Co-Codamol_Tab 8mg/500mg,0407010F0AAAAAA,5,0.0999999999999994
127,P81015,Clonazepam_Tab 500mcg,0408010F0AAABAB,1,0.06359999999999999
204,P81196,Co-Codamol_Tab 8mg/500mg,0407010F0AAAAAA,9,0.050399999999999695
205,P81196,Co-Codamol_Tab 8mg/500mg,0407010F0AAAAAA,9,0.050399999999999695
207,P81018,Co-Codamol_Tab 8mg/500mg,0407010F0AAAAAA,7,0.03919999999999976
206,P81018,Co-Codamol_Tab 8mg/500mg,0407010F0AAAAAA,7,0.03919999999999976
208,P81770,Co-Codamol_Tab 8mg/500mg,0407010F0AAAAAA,7,0.03499999999999979
209,P81770,Co-Codamol_Tab 8mg/500mg,0407010F0AAAAAA,7,0.03499999999999979
210,P81046,Co-Codamol_Tab 8mg/500mg,0407010F0AAAAAA,5,0.02799999999999983
211,P81046,Co-Codamol_Tab 8mg/500mg,0407010F0AAAAAA,5,0.02799999999999983
213,P81196,Co-Codamol_Tab 8mg/500mg,0407010F0AAAAAA,9,0.025199999999999848
212,P81196,Co-Codamol_Tab 8mg/500mg,0407010F0AAAAAA,9,0.025199999999999848
215,P81735,Co-Codamol_Tab 8mg/500mg,0407010F0AAAAAA,4,0.022399999999999864
214,P81735,Co-Codamol_Tab 8mg/500mg,0407010F0AAAAAA,4,0.022399999999999864
217,P81015,Co-Codamol_Tab 8mg/500mg,0407010F0AAAAAA,1,0.01999999999999988
216,P81015,Co-Codamol_Tab 8mg/500mg,0407010F0AAAAAA,1,0.01999999999999988
18,P81664,Mesalazine_Tab E/C 800mg,0105010B0AAASAS,4,0.016800000000007476
220,P81785,Co-Codamol_Tab 8mg/500mg,0407010F0AAAAAA,3,0.0167999999999999
219,P81015,Co-Codamol_Tab 8mg/500mg,0407010F0AAAAAA,1,0.0167999999999999
218,P81664,Co-Codamol_Tab 8mg/500mg,0407010F0AAAAAA,3,0.0167999999999999
221,P81015,Co-Codamol_Tab 8mg/500mg,0407010F0AAAAAA,1,0.0167999999999999
222,P81785,Co-Codamol_Tab 8mg/500mg,0407010F0AAAAAA,3,0.0167999999999999
223,P81664,Co-Codamol_Tab 8mg/500mg,0407010F0AAAAAA,3,0.0167999999999999
224,P81071,Co-Codamol_Tab 8mg/500mg,0407010F0AAAAAA,3,0.01499999999999991
225,P81179,Co-Codamol_Tab 8mg/500mg,0407010F0AAAAAA,3,0.01499999999999991
226,P81071,Co-Codamol_Tab 8mg/500mg,0407010F0AAAAAA,3,0.01499999999999991
227,P81093,Co-Codamol_Tab 8mg/500mg,0407010F0AAAAAA,3,0.01499999999999991
228,P81093,Co-Codamol_Tab 8mg/500mg,0407010F0AAAAAA,3,0.01499999999999991
229,P81179,Co-Codamol_Tab 8mg/500mg,0407010F0AAAAAA,3,0.01499999999999991
231,P81103,Co-Codamol_Tab 8mg/500mg,0407010F0AAAAAA,2,0.011199999999999932
232,P81770,Co-Codamol_Tab 8mg/500mg,0407010F0AAAAAA,4,0.011199999999999932
233,P81103,Co-Codamol_Tab 8mg/500mg,0407010F0AAAAAA,2,0.011199999999999932
230,P81770,Co-Codamol_Tab 8mg/500mg,0407010F0AAAAAA,4,0.011199999999999932
234,P81015,Co-Codamol_Tab 8mg/500mg,0407010F0AAAAAA,2,0.00999999999999994
235,P81015,Co-Codamol_Tab 8mg/500mg,0407010F0AAAAAA,2,0.00999999999999994
236,P81103,Co-Codamol_Tab 8mg/500mg,0407010F0AAAAAA,1,0.00839999999999995
237,P81185,Co-Codamol_Tab 8mg/500mg,0407010F0AAAAAA,1,0.00839999999999995
238,P81103,Co-Codamol_Tab 8mg/500mg,0407010F0AAAAAA,1,0.00839999999999995
239,P81185,Co-Codamol_Tab 8mg/500mg,0407010F0AAAAAA,1,0.00839999999999995
248,P81093,Co-Codamol_Tab 8mg/500mg,0407010F0AAAAAA,1,0.005599999999999966
240,P81040,Co-Codamol_Tab 8mg/500mg,0407010F0AAAAAA,1,0.005599999999999966
241,P81748,Co-Codamol_Tab 8mg/500mg,0407010F0AAAAAA,1,0.005599999999999966
242,P81093,Co-Codamol_Tab 8mg/500mg,0407010F0AAAAAA,1,0.005599999999999966
243,P81685,Co-Codamol_Tab 8mg/500mg,0407010F0AAAAAA,1,0.005599999999999966
244,P81685,Co-Codamol_Tab 8mg/500mg,0407010F0AAAAAA,1,0.005599999999999966
245,P81748,Co-Codamol_Tab 8mg/500mg,0407010F0AAAAAA,1,0.005599999999999966
246,P81119,Co-Codamol_Tab 8mg/500mg,0407010F0AAAAAA,1,0.005599999999999966
247,P81119,Co-Codamol_Tab 8mg/500mg,0407010F0AAAAAA,1,0.005599999999999966
249,P81040,Co-Codamol_Tab 8mg/500mg,0407010F0AAAAAA,1,0.005599999999999966
257,P81664,Co-Codamol_Tab 8mg/500mg,0407010F0AAAAAA,1,0.00499999999999997
255,P81664,Co-Codamol_Tab 8mg/500mg,0407010F0AAAAAA,1,0.00499999999999997
260,P81748,Co-Codamol_Tab 8mg/500mg,0407010F0AAAAAA,1,0.00499999999999997
261,P81748,Co-Codamol_Tab 8mg/500mg,0407010F0AAAAAA,1,0.00499999999999997
259,P81046,Co-Codamol_Tab 8mg/500mg,0407010F0AAAAAA,1,0.00499999999999997
256,P81119,Co-Codamol_Tab 8mg/500mg,0407010F0AAAAAA,1,0.00499999999999997
258,P81184,Co-Codamol_Tab 8mg/500mg,0407010F0AAAAAA,1,0.00499999999999997
254,P81185,Co-Codamol_Tab 8mg/500mg,0407010F0AAAAAA,1,0.00499999999999997
253,P81184,Co-Codamol_Tab 8mg/500mg,0407010F0AAAAAA,1,0.00499999999999997
252,P81185,Co-Codamol_Tab 8mg/500mg,0407010F0AAAAAA,1,0.00499999999999997
251,P81046,Co-Codamol_Tab 8mg/500mg,0407010F0AAAAAA,1,0.00499999999999997
250,P81119,Co-Codamol_Tab 8mg/500mg,0407010F0AAAAAA,1,0.00499999999999997
263,P81196,Co-Codamol_Tab 8mg/500mg,0407010F0AAAAAA,1,-0.004199999999999975
262,P81196,Co-Codamol_Tab 8mg/500mg,0407010F0AAAAAA,1,-0.004199999999999975
265,P81067,Co-Codamol_Tab 8mg/500mg,0407010F0AAAAAA,3,-0.012599999999999924
264,P81067,Co-Codamol_Tab 8mg/500mg,0407010F0AAAAAA,3,-0.012599999999999924
266,P81184,Co-Codamol_Tab 8mg/500mg,0407010F0AAAAAA,4,-0.0167999999999999
267,P81184,Co-Codamol_Tab 8mg/500mg,0407010F0AAAAAA,4,-0.0167999999999999
191,P81015,Mesalazine_Tab E/C 400mg,0105010B0AAAAAA,5,-11.969999999999999
192,P81185,Mesalazine_Tab E/C 400mg,0105010B0AAAAAA,1,-15.971199999999998
20,P81107,Mesalazine_Tab E/C 800mg,0105010B0AAASAS,1,-22.959999999999994
19,P81169,Mesalazine_Tab E/C 800mg,0105010B0AAASAS,1,-22.959999999999994
193,P81196,Mesalazine_Tab E/C 400mg,0105010B0AAAAAA,2,-31.942399999999996
194,P81179,Mesalazine_Tab E/C 400mg,0105010B0AAAAAA,1,-34.224
21,P81213,Mesalazine_Tab E/C 800mg,0105010B0AAASAS,1,-34.43999999999999
22,P81169,Mesalazine_Tab E/C 800mg,0105010B0AAASAS,1,-36.89999999999999
23,P81040,Mesalazine_Tab E/C 800mg,0105010B0AAASAS,1,-36.89999999999999
195,P81046,Mesalazine_Tab E/C 400mg,0105010B0AAAAAA,8,-127.76959999999998
