,practice_code,bnf_description,bnf_code,items,excess_cost
0,L82001,Atorvastatin_Tab 20mg,0212000B0AAABAB,132,62.13840000000001
1,L82001,Clonazepam_Tab 500mcg,0408010F0AAABAB,25,14.73919999999997
2,L82001,Montelukast_Tab 10mg,0303020G0AAABAB,17,25.370800000000003
3,L82001,Omeprazole_Tab E/C 20mg,0103050P0AABDBD,4,0.011199999999999655
4,L82001,Paracet_Tab 500mg,0407010H0AAAMAM,328,92.84840000000001
5,L82001,Risperidone_Tab 6mg,040201030AAAFAF,3,43.8144
6,L82001,Simvastatin_Tab 40mg,0212000Y0AAADAD,17,0.04409999999999974
7,L82001,Sumatriptan_Tab 50mg,0407041T0AAAFAF,34,0.0003999999999991788
8,L82003,Clonazepam_Tab 500mcg,0408010F0AAABAB,15,4.542599999999991
9,L82003,Montelukast_Tab 10mg,0303020G0AAABAB,2,-0.002399999999999902
10,L82003,Paracet_Tab 500mg,0407010H0AAAMAM,126,0.007999999999999896
11,L82003,Simvastatin_Tab 40mg,0212000Y0AAADAD,14,0.029399999999999822
12,L82003,Sumatriptan_Tab 50mg,0407041T0AAAFAF,13,0.0
13,L82004,Clonazepam_Tab 500mcg,0408010F0AAABAB,16,8.355199999999982
14,L82004,Paracet_Tab 500mg,0407010H0AAAMAM,42,-0.13199999999999926
15,L82004,Simvastatin_Tab 40mg,0212000Y0AAADAD,8,0.0167999999999999
16,L82004,Sumatriptan_Tab 50mg,0407041T0AAAFAF,12,0.0
17,L82006,Betahistine HCl_Tab 16mg,0406000B0AAABAB,10,8.903999999999998
18,L82006,Clonazepam_Tab 500mcg,0408010F0AAABAB,19,6.979099999999985
19,L82006,Paracet_Tab 500mg,0407010H0AAAMAM,420,9.086800000000054
20,L82006,Simvastatin_Tab 40mg,0212000Y0AAADAD,46,0.0986999999999994
21,L82006,Sumatriptan_Tab 50mg,0407041T0AAAFAF,34,0.0
22,L82007,Clonazepam_Tab 500mcg,0408010F0AAABAB,3,3.2091999999999934
23,L82007,Sumatriptan_Tab 50mg,0407041T0AAAFAF,13,0.0
24,L82008,Atorvastatin_Tab 20mg,0212000B0AAABAB,1,0.004400000000000015
25,L82008,Betahistine HCl_Tab 16mg,0406000B0AAABAB,1,18.093600000000002
26,L82008,Clonazepam_Tab 500mcg,0408010F0AAABAB,11,8.74619999999998
27,L82008,Mesalazine_Tab E/C 800mg,0105010B0AAASAS,2,-18.432
28,L82008,Montelukast_Tab 10mg,0303020G0AAABAB,8,48.7424
29,L82008,Paracet_Tab 500mg,0407010H0AAAMAM,266,29.745999999999995
30,L82008,Simvastatin_Tab 40mg,0212000Y0AAADAD,13,0.027299999999999835
31,L82008,Sumatriptan_Tab 50mg,0407041T0AAAFAF,18,0.0
32,L82009,Atorvastatin_Tab 20mg,0212000B0AAABAB,1,0.0020000000000000573
33,L82009,Clonazepam_Tab 500mcg,0408010F0AAABAB,15,7.796999999999985
34,L82009,Paracet_Tab 500mg,0407010H0AAAMAM,62,0.020399999999999863
35,L82009,Simvastatin_Tab 40mg,0212000Y0AAADAD,9,0.020399999999999897
36,L82009,Sumatriptan_Tab 50mg,0407041T0AAAFAF,39,0.0
37,L82010,Clonazepam_Tab 500mcg,0408010F0AAABAB,13,6.689599999999986
38,L82010,Paracet_Tab 500mg,0407010H0AAAMAM,18,-0.02799999999999983
39,L82010,Risperidone_Tab 6mg,040201030AAAFAF,2,29.2096
40,L82010,Simvastatin_Tab 40mg,0212000Y0AAADAD,8,0.0167999999999999
41,L82010,Sumatriptan_Tab 50mg,0407041T0AAAFAF,12,0.0
42,L82011,Clonazepam_Tab 500mcg,0408010F0AAABAB,5,3.3221999999999934
43,L82011,Paracet_Tab 500mg,0407010H0AAAMAM,12,0.05279999999999968
44,L82011,Sumatriptan_Tab 50mg,0407041T0AAAFAF,11,0.0
45,L82012,Clonazepam_Tab 500mcg,0408010F0AAABAB,30,11.503399999999973
46,L82012,Paracet_Tab 500mg,0407010H0AAAMAM,208,10.957200000000002
47,L82012,Simvastatin_Tab 40mg,0212000Y0AAADAD,64,0.1343999999999992
48,L82012,Sumatriptan_Tab 50mg,0407041T0AAAFAF,45,55.010999999999974
49,L82013,Atorvastatin_Tab 20mg,0212000B0AAABAB,320,383.43320000000006
50,L82013,Betahistine HCl_Tab 16mg,0406000B0AAABAB,3,9.0468
51,L82013,Clonazepam_Tab 500mcg,0408010F0AAABAB,9,6.286899999999987
52,L82013,Paracet_Tab 500mg,0407010H0AAAMAM,234,103.98800000000006
53,L82013,Simvastatin_Tab 40mg,0212000Y0AAADAD,127,8.223599999999996
54,L82013,Sumatriptan_Tab 50mg,0407041T0AAAFAF,12,0.0
55,L82015,Clonazepam_Tab 500mcg,0408010F0AAABAB,11,6.762399999999985
56,L82015,Paracet_Tab 500mg,0407010H0AAAMAM,72,0.0071999999999999564
57,L82015,Simvastatin_Tab 40mg,0212000Y0AAADAD,12,0.025199999999999848
58,L82015,Sumatriptan_Tab 50mg,0407041T0AAAFAF,5,0.0
59,L82016,Atorvastatin_Tab 20mg,0212000B0AAABAB,3,-0.008999999999999633
60,L82016,Clonazepam_Tab 500mcg,0408010F0AAABAB,17,6.376199999999987
61,L82016,Paracet_Tab 500mg,0407010H0AAAMAM,106,-0.2783999999999983
62,L82016,Risperidone_Tab 6mg,040201030AAAFAF,5,36.54
63,L82016,Simvastatin_Tab 40mg,0212000Y0AAADAD,68,0.15119999999999909
64,L82016,Sumatriptan_Tab 50mg,0407041T0AAAFAF,23,0.0
65,L82017,Paracet_Tab 500mg,0407010H0AAAMAM,40,-0.058799999999999644
66,L82017,Simvastatin_Tab 40mg,0212000Y0AAADAD,5,0.010499999999999936
67,L82017,Sumatriptan_Tab 50mg,0407041T0AAAFAF,2,0.0
68,L82018,Clonazepam_Tab 500mcg,0408010F0AAABAB,21,11.220899999999977
69,L82018,Paracet_Tab 500mg,0407010H0AAAMAM,18,0.060399999999999635
70,L82018,Simvastatin_Tab 40mg,0212000Y0AAADAD,8,0.020999999999999873
71,L82018,Sumatriptan_Tab 50mg,0407041T0AAAFAF,34,0.007999999999999119
72,L82021,Clonazepam_Tab 500mcg,0408010F0AAABAB,21,5.050099999999991
73,L82021,Paracet_Tab 500mg,0407010H0AAAMAM,54,0.07839999999999953
74,L82021,Simvastatin_Tab 40mg,0212000Y0AAADAD,16,0.028499999999999824
75,L82021,Sumatriptan_Tab 50mg,0407041T0AAAFAF,12,0.0
76,L82022,Betahistine HCl_Tab 16mg,0406000B0AAABAB,1,-0.018000000000000516
77,L82022,Clonazepam_Tab 500mcg,0408010F0AAABAB,4,2.056599999999996
78,L82022,Paracet_Tab 500mg,0407010H0AAAMAM,58,0.18479999999999885
79,L82022,Simvastatin_Tab 40mg,0212000Y0AAADAD,4,0.00839999999999995
80,L82022,Sumatriptan_Tab 50mg,0407041T0AAAFAF,22,0.0
81,L82023,Atorvastatin_Tab 20mg,0212000B0AAABAB,1,0.00180000000000001
82,L82023,Clonazepam_Tab 500mcg,0408010F0AAABAB,24,14.27189999999997
83,L82023,Mesalazine_Tab E/C 800mg,0105010B0AAASAS,1,8.609999999999998
84,L82023,Omeprazole_Tab E/C 20mg,0103050P0AABDBD,3,0.006299999999999889
85,L82023,Paracet_Tab 500mg,0407010H0AAAMAM,94,-0.012799999999999923
86,L82023,Simvastatin_Tab 40mg,0212000Y0AAADAD,109,0.2288999999999986
87,L82023,Sumatriptan_Tab 50mg,0407041T0AAAFAF,35,0.0
88,L82024,Clonazepam_Tab 500mcg,0408010F0AAABAB,2,2.531199999999995
89,L82024,Paracet_Tab 500mg,0407010H0AAAMAM,18,0.0007999999999999952
90,L82024,Simvastatin_Tab 40mg,0212000Y0AAADAD,8,0.0167999999999999
91,L82024,Sumatriptan_Tab 50mg,0407041T0AAAFAF,6,0.0
92,L82025,Atorvastatin_Tab 20mg,0212000B0AAABAB,1,-0.003999999999999976
93,L82025,Clonazepam_Tab 500mcg,0408010F0AAABAB,8,3.841999999999992
94,L82025,Paracet_Tab 500mg,0407010H0AAAMAM,28,0.027199999999999835
95,L82025,Simvastatin_Tab 40mg,0212000Y0AAADAD,16,0.03569999999999978
96,L82025,Sumatriptan_Tab 50mg,0407041T0AAAFAF,16,0.0
97,L82026,Clonazepam_Tab 500mcg,0408010F0AAABAB,10,3.977599999999992
98,L82026,Paracet_Tab 500mg,0407010H0AAAMAM,30,-0.12159999999999926
99,L82026,Simvastatin_Tab 40mg,0212000Y0AAADAD,6,0.00659999999999996
100,L82026,Sumatriptan_Tab 50mg,0407041T0AAAFAF,9,0.0
101,L82028,Betahistine HCl_Tab 16mg,0406000B0AAABAB,16,45.1584
102,L82028,Clonazepam_Tab 500mcg,0408010F0AAABAB,45,18.335899999999967
103,L82028,Paracet_Tab 500mg,0407010H0AAAMAM,2,0.011999999999999927
104,L82028,Simvastatin_Tab 40mg,0212000Y0AAADAD,1,-0.0011000000000000003
105,L82028,Sumatriptan_Tab 50mg,0407041T0AAAFAF,47,0.0
106,L82029,Clonazepam_Tab 500mcg,0408010F0AAABAB,16,5.241899999999989
107,L82029,Mesalazine_Tab E/C 800mg,0105010B0AAASAS,2,-12.288
108,L82029,Paracet_Tab 500mg,0407010H0AAAMAM,66,-0.2903999999999982
109,L82029,Sumatriptan_Tab 50mg,0407041T0AAAFAF,39,-0.016000000000000014
110,L82030,Clonazepam_Tab 500mcg,0408010F0AAABAB,26,12.377799999999972
111,L82030,Paracet_Tab 500mg,0407010H0AAAMAM,32,-0.08639999999999948
112,L82030,Simvastatin_Tab 40mg,0212000Y0AAADAD,16,0.035599999999999785
113,L82030,Sumatriptan_Tab 50mg,0407041T0AAAFAF,26,0.0
114,L82035,Atorvastatin_Tab 20mg,0212000B0AAABAB,1,0.004400000000000015
115,L82035,Clonazepam_Tab 500mcg,0408010F0AAABAB,14,5.3817999999999895
116,L82035,Paracet_Tab 500mg,0407010H0AAAMAM,10,0.04439999999999973
117,L82035,Simvastatin_Tab 40mg,0212000Y0AAADAD,1,-0.002999999999999982
118,L82035,Sumatriptan_Tab 50mg,0407041T0AAAFAF,18,0.0
119,L82036,Clonazepam_Tab 500mcg,0408010F0AAABAB,29,14.45199999999997
120,L82036,Paracet_Tab 500mg,0407010H0AAAMAM,60,-0.047599999999999726
121,L82036,Simvastatin_Tab 40mg,0212000Y0AAADAD,32,0.06449999999999964
122,L82036,Sumatriptan_Tab 50mg,0407041T0AAAFAF,17,0.00039999999999906777
123,L82037,Clonazepam_Tab 500mcg,0408010F0AAABAB,1,0.3389999999999993
124,L82037,Paracet_Tab 500mg,0407010H0AAAMAM,20,-0.011199999999999932
125,L82037,Simvastatin_Tab 40mg,0212000Y0AAADAD,7,0.014699999999999911
126,L82037,Sumatriptan_Tab 50mg,0407041T0AAAFAF,14,0.0
127,L82038,Atorvastatin_Tab 20mg,0212000B0AAABAB,2,1.3877787807814457e-16
128,L82038,Clonazepam_Tab 500mcg,0408010F0AAABAB,1,0.31639999999999935
129,L82038,Paracet_Tab 500mg,0407010H0AAAMAM,112,-0.32919999999999805
130,L82038,Simvastatin_Tab 40mg,0212000Y0AAADAD,28,0.058799999999999644
131,L82038,Sumatriptan_Tab 50mg,0407041T0AAAFAF,9,0.0
132,L82039,Clonazepam_Tab 500mcg,0408010F0AAABAB,6,2.9153999999999938
133,L82039,Paracet_Tab 500mg,0407010H0AAAMAM,44,2.999999999999999
134,L82039,Simvastatin_Tab 40mg,0212000Y0AAADAD,21,0.04409999999999974
135,L82039,Sumatriptan_Tab 50mg,0407041T0AAAFAF,7,0.0
136,L82041,Atorvastatin_Tab 20mg,0212000B0AAABAB,1,0.006000000000000172
137,L82041,Betahistine HCl_Tab 16mg,0406000B0AAABAB,1,-0.006000000000000172
138,L82041,Clonazepam_Tab 500mcg,0408010F0AAABAB,43,20.381199999999957
139,L82041,Mesalazine_Tab E/C 800mg,0105010B0AAASAS,6,122.99999999999997
140,L82041,Paracet_Tab 500mg,0407010H0AAAMAM,38,-0.09679999999999941
141,L82041,Simvastatin_Tab 40mg,0212000Y0AAADAD,16,0.04209999999999975
142,L82041,Sumatriptan_Tab 50mg,0407041T0AAAFAF,56,0.0
143,L82042,Atorvastatin_Tab 20mg,0212000B0AAABAB,2,-0.0059999999999997555
144,L82042,Clonazepam_Tab 500mcg,0408010F0AAABAB,25,12.746399999999971
145,L82042,Mesalazine_Tab E/C 800mg,0105010B0AAASAS,1,34.43999999999999
146,L82042,Paracet_Tab 500mg,0407010H0AAAMAM,106,-0.17319999999999877
147,L82042,Simvastatin_Tab 40mg,0212000Y0AAADAD,30,0.058999999999999664
148,L82042,Sumatriptan_Tab 50mg,0407041T0AAAFAF,19,0.0
149,L82043,Clonazepam_Tab 500mcg,0408010F0AAABAB,3,1.3107999999999973
150,L82043,Paracet_Tab 500mg,0407010H0AAAMAM,32,-0.12659999999999927
151,L82043,Simvastatin_Tab 40mg,0212000Y0AAADAD,5,0.010499999999999936
152,L82043,Sumatriptan_Tab 50mg,0407041T0AAAFAF,7,0.0
153,L82044,Clonazepam_Tab 500mcg,0408010F0AAABAB,20,13.09669999999997
154,L82044,Paracet_Tab 500mg,0407010H0AAAMAM,40,-0.16079999999999903
155,L82044,Risperidone_Tab 6mg,040201030AAAFAF,2,58.4192
156,L82044,Simvastatin_Tab 40mg,0212000Y0AAADAD,62,0.1301999999999992
157,L82044,Sumatriptan_Tab 50mg,0407041T0AAAFAF,12,0.0
158,L82045,Clonazepam_Tab 500mcg,0408010F0AAABAB,8,4.203599999999991
159,L82045,Paracet_Tab 500mg,0407010H0AAAMAM,6,0.02959999999999982
160,L82045,Simvastatin_Tab 40mg,0212000Y0AAADAD,1,0.0020999999999999873
161,L82045,Sumatriptan_Tab 50mg,0407041T0AAAFAF,33,0.0
162,L82046,Atorvastatin_Tab 20mg,0212000B0AAABAB,192,90.31680000000006
163,L82046,Betahistine HCl_Tab 16mg,0406000B0AAABAB,5,18.06
164,L82046,Clonazepam_Tab 500mcg,0408010F0AAABAB,5,3.480399999999993
165,L82046,Montelukast_Tab 10mg,0303020G0AAABAB,31,146.28879999999998
166,L82046,Omeprazole_Tab E/C 20mg,0103050P0AABDBD,1,-0.0006000000000001005
167,L82046,Paracet_Tab 500mg,0407010H0AAAMAM,650,229.1864000000002
168,L82046,Simvastatin_Tab 40mg,0212000Y0AAADAD,5,0.010499999999999936
169,L82046,Sumatriptan_Tab 50mg,0407041T0AAAFAF,33,0.0
170,L82047,Clonazepam_Tab 500mcg,0408010F0AAABAB,23,8.395899999999983
171,L82047,Omeprazole_Tab E/C 20mg,0103050P0AABDBD,5,0.02029999999999932
172,L82047,Paracet_Tab 500mg,0407010H0AAAMAM,74,-0.3127999999999981
173,L82047,Simvastatin_Tab 40mg,0212000Y0AAADAD,38,0.08399999999999949
174,L82047,Sumatriptan_Tab 50mg,0407041T0AAAFAF,14,0.0
175,L82048,Clonazepam_Tab 500mcg,0408010F0AAABAB,9,5.1527999999999885
176,L82048,Paracet_Tab 500mg,0407010H0AAAMAM,54,-0.163199999999999
177,L82048,Simvastatin_Tab 40mg,0212000Y0AAADAD,2,0.004199999999999975
178,L82048,Sumatriptan_Tab 50mg,0407041T0AAAFAF,6,6.497599999999999
179,L82049,Clonazepam_Tab 500mcg,0408010F0AAABAB,5,2.4181999999999952
180,L82049,Paracet_Tab 500mg,0407010H0AAAMAM,8,-0.04479999999999973
181,L82049,Sumatriptan_Tab 50mg,0407041T0AAAFAF,22,0.0
182,L82050,Clonazepam_Tab 500mcg,0408010F0AAABAB,14,7.356299999999985
183,L82050,Paracet_Tab 500mg,0407010H0AAAMAM,94,-0.30959999999999815
184,L82050,Simvastatin_Tab 40mg,0212000Y0AAADAD,28,0.06209999999999962
185,L82050,Sumatriptan_Tab 50mg,0407041T0AAAFAF,22,0.0
186,L82051,Clonazepam_Tab 500mcg,0408010F0AAABAB,26,10.304299999999976
187,L82051,Paracet_Tab 500mg,0407010H0AAAMAM,68,0.0863999999999995
188,L82051,Simvastatin_Tab 40mg,0212000Y0AAADAD,13,0.029399999999999822
189,L82051,Sumatriptan_Tab 50mg,0407041T0AAAFAF,28,0.0
190,L82052,Clonazepam_Tab 500mcg,0408010F0AAABAB,12,5.13139999999999
191,L82052,Paracet_Tab 500mg,0407010H0AAAMAM,26,0.08839999999999947
192,L82052,Simvastatin_Tab 40mg,0212000Y0AAADAD,11,0.01499999999999991
193,L82052,Sumatriptan_Tab 50mg,0407041T0AAAFAF,20,0.0
194,L82054,Clonazepam_Tab 500mcg,0408010F0AAABAB,22,9.039999999999981
195,L82054,Paracet_Tab 500mg,0407010H0AAAMAM,46,-0.11079999999999933
196,L82054,Simvastatin_Tab 40mg,0212000Y0AAADAD,27,0.060899999999999635
197,L82054,Sumatriptan_Tab 50mg,0407041T0AAAFAF,15,0.0
198,L82056,Atorvastatin_Tab 20mg,0212000B0AAABAB,270,112.5544
199,L82056,Clonazepam_Tab 500mcg,0408010F0AAABAB,9,7.548399999999985
200,L82056,Omeprazole_Tab E/C 20mg,0103050P0AABDBD,11,241.2228
201,L82056,Paracet_Tab 500mg,0407010H0AAAMAM,278,-45.6072
202,L82056,Simvastatin_Tab 40mg,0212000Y0AAADAD,245,8.0836
203,L82056,Sumatriptan_Tab 50mg,0407041T0AAAFAF,19,113.44679999999998
204,L82057,Clonazepam_Tab 500mcg,0408010F0AAABAB,12,6.192399999999987
205,L82057,Paracet_Tab 500mg,0407010H0AAAMAM,64,-0.21919999999999867
206,L82057,Simvastatin_Tab 40mg,0212000Y0AAADAD,20,0.05249999999999968
207,L82057,Sumatriptan_Tab 50mg,0407041T0AAAFAF,7,0.0
208,L82058,Atorvastatin_Tab 20mg,0212000B0AAABAB,8,5.6336
209,L82058,Clonazepam_Tab 500mcg,0408010F0AAABAB,19,2.926699999999994
210,L82058,Paracet_Tab 500mg,0407010H0AAAMAM,4,-0.022399999999999864
211,L82058,Simvastatin_Tab 40mg,0212000Y0AAADAD,158,247.63200000000003
212,L82058,Sumatriptan_Tab 50mg,0407041T0AAAFAF,11,38.91
213,L82059,Clonazepam_Tab 500mcg,0408010F0AAABAB,9,5.717799999999988
214,L82059,Paracet_Tab 500mg,0407010H0AAAMAM,14,-0.055199999999999666
215,L82059,Simvastatin_Tab 40mg,0212000Y0AAADAD,5,0.010499999999999936
216,L82059,Sumatriptan_Tab 50mg,0407041T0AAAFAF,13,0.0
217,L82061,Clonazepam_Tab 500mcg,0408010F0AAABAB,14,6.472399999999987
218,L82061,Paracet_Tab 500mg,0407010H0AAAMAM,36,-0.04759999999999971
219,L82061,Simvastatin_Tab 40mg,0212000Y0AAADAD,9,0.018899999999999886
220,L82061,Sumatriptan_Tab 50mg,0407041T0AAAFAF,6,0.0
221,L82066,Clonazepam_Tab 500mcg,0408010F0AAABAB,5,2.120199999999996
222,L82066,Omeprazole_Tab E/C 20mg,0103050P0AABDBD,2,0.0007999999999995788
223,L82066,Paracet_Tab 500mg,0407010H0AAAMAM,12,-0.0655999999999996
224,L82066,Simvastatin_Tab 40mg,0212000Y0AAADAD,7,0.014699999999999911
225,L82066,Sumatriptan_Tab 50mg,0407041T0AAAFAF,17,0.0
226,L82068,Clonazepam_Tab 500mcg,0408010F0AAABAB,7,5.423999999999989
227,L82068,Paracet_Tab 500mg,0407010H0AAAMAM,66,-0.17039999999999897
228,L82068,Simvastatin_Tab 40mg,0212000Y0AAADAD,17,0.03569999999999979
229,L82068,Sumatriptan_Tab 50mg,0407041T0AAAFAF,15,0.0
230,L82070,Clonazepam_Tab 500mcg,0408010F0AAABAB,11,4.926799999999989
231,L82070,Paracet_Tab 500mg,0407010H0AAAMAM,84,-0.15719999999999906
232,L82070,Simvastatin_Tab 40mg,0212000Y0AAADAD,8,0.0167999999999999
233,L82070,Sumatriptan_Tab 50mg,0407041T0AAAFAF,13,0.0
234,L82617,Clonazepam_Tab 500mcg,0408010F0AAABAB,1,0.31639999999999935
235,L82617,Paracet_Tab 500mg,0407010H0AAAMAM,20,-0.11199999999999932
236,L82617,Sumatriptan_Tab 50mg,0407041T0AAAFAF,5,0.0
237,L82618,Clonazepam_Tab 500mcg,0408010F0AAABAB,2,1.446399999999997
238,L82618,Simvastatin_Tab 40mg,0212000Y0AAADAD,9,0.018899999999999886
239,L82618,Sumatriptan_Tab 50mg,0407041T0AAAFAF,7,0.0
240,L82620,Atorvastatin_Tab 20mg,0212000B0AAABAB,1,0.0026000000000000745
241,L82620,Clonazepam_Tab 500mcg,0408010F0AAABAB,16,7.322399999999984
242,L82620,Mesalazine_Tab E/C 800mg,0105010B0AAASAS,4,-38.111999999999995
243,L82620,Paracet_Tab 500mg,0407010H0AAAMAM,14,0.022399999999999864
244,L82620,Simvastatin_Tab 40mg,0212000Y0AAADAD,12,0.025199999999999848
245,L82620,Sumatriptan_Tab 50mg,0407041T0AAAFAF,9,0.0
246,L82622,Clonazepam_Tab 500mcg,0408010F0AAABAB,10,4.79849999999999
247,L82622,Paracet_Tab 500mg,0407010H0AAAMAM,6,-0.0335999999999998
248,L82622,Sumatriptan_Tab 50mg,0407041T0AAAFAF,7,0.0
249,Y00049,Clonazepam_Tab 500mcg,0408010F0AAABAB,29,2.059799999999997
250,Y00049,Paracet_Tab 500mg,0407010H0AAAMAM,16,-0.021999999999999867
251,Y00049,Simvastatin_Tab 40mg,0212000Y0AAADAD,1,0.0020999999999999873
252,Y00626,Omeprazole_Tab E/C 20mg,0103050P0AABDBD,3,0.010499999999999815
253,Y00626,Paracet_Tab 500mg,0407010H0AAAMAM,2,0.005999999999999964
254,Y00626,Simvastatin_Tab 40mg,0212000Y0AAADAD,1,-0.003300000000000001
255,Y00626,Sumatriptan_Tab 50mg,0407041T0AAAFAF,2,0.0033999999999998476
256,Y00969,Clonazepam_Tab 500mcg,0408010F0AAABAB,12,4.90419999999999
257,Y00969,Omeprazole_Tab E/C 20mg,0103050P0AABDBD,4,0.016799999999999704
258,Y00969,Paracet_Tab 500mg,0407010H0AAAMAM,16,0.05599999999999966
259,Y00969,Simvastatin_Tab 40mg,0212000Y0AAADAD,28,0.058799999999999644
260,Y00969,Sumatriptan_Tab 50mg,0407041T0AAAFAF,33,0.0
261,Y01050,Clonazepam_Tab 500mcg,0408010F0AAABAB,24,11.341199999999978
262,Y01050,Paracet_Tab 500mg,0407010H0AAAMAM,30,0.11919999999999928
263,Y01050,Risperidone_Tab 6mg,040201030AAAFAF,1,29.2096
264,Y01050,Simvastatin_Tab 40mg,0212000Y0AAADAD,19,0.039899999999999755
265,Y01050,Sumatriptan_Tab 50mg,0407041T0AAAFAF,19,0.0
266,Y01051,Clonazepam_Tab 500mcg,0408010F0AAABAB,14,6.569799999999987
267,Y01051,Paracet_Tab 500mg,0407010H0AAAMAM,116,-0.2807999999999983
268,Y01051,Simvastatin_Tab 40mg,0212000Y0AAADAD,19,0.039899999999999755
269,Y01051,Sumatriptan_Tab 50mg,0407041T0AAAFAF,14,0.0
270,Y01127,Atorvastatin_Tab 20mg,0212000B0AAABAB,1,-0.0014999999999999389
271,Y01127,Clonazepam_Tab 500mcg,0408010F0AAABAB,12,4.94939999999999
272,Y01127,Paracet_Tab 500mg,0407010H0AAAMAM,20,-0.021999999999999867
273,Y01127,Simvastatin_Tab 40mg,0212000Y0AAADAD,8,0.0167999999999999
274,Y01127,Sumatriptan_Tab 50mg,0407041T0AAAFAF,2,0.0
275,Y01922,Clonazepam_Tab 500mcg,0408010F0AAABAB,27,13.537399999999975
276,Y01922,Paracet_Tab 500mg,0407010H0AAAMAM,48,-0.09159999999999946
277,Y01922,Simvastatin_Tab 40mg,0212000Y0AAADAD,3,0.006299999999999962
278,Y01922,Sumatriptan_Tab 50mg,0407041T0AAAFAF,14,0.0
279,Y02517,Atorvastatin_Tab 20mg,0212000B0AAABAB,1,-0.0013999999999999985
280,Y02517,Clonazepam_Tab 500mcg,0408010F0AAABAB,24,8.084499999999982
281,Y02517,Mesalazine_Tab E/C 800mg,0105010B0AAASAS,5,151.69999999999996
282,Y02517,Paracet_Tab 500mg,0407010H0AAAMAM,24,-0.0659999999999996
283,Y02517,Simvastatin_Tab 40mg,0212000Y0AAADAD,5,0.010499999999999936
284,Y02517,Sumatriptan_Tab 50mg,0407041T0AAAFAF,29,-0.0027999999999996916
285,Y04175,Paracet_Tab 500mg,0407010H0AAAMAM,2,0.011999999999999927
286,Y04957,Betahistine HCl_Tab 16mg,0406000B0AAABAB,30,126.70499999999998
287,Y04957,Clonazepam_Tab 500mcg,0408010F0AAABAB,73,34.415199999999935
288,Y04957,Omeprazole_Tab E/C 20mg,0103050P0AABDBD,3,87.7128
289,Y04957,Paracet_Tab 500mg,0407010H0AAAMAM,824,12.896800000000155
290,Y04957,Simvastatin_Tab 40mg,0212000Y0AAADAD,40,0.08399999999999949
291,Y04957,Sumatriptan_Tab 50mg,0407041T0AAAFAF,81,0.0
