,practice_code,bnf_description,bnf_code,items,excess_cost
0,P81022,Mesalazine_Tab E/C 800mg,0105010B0AAASAS,2,34.44000000000001
1,P81140,Mesalazine_Tab E/C 800mg,0105010B0AAASAS,1,34.43999999999999
2,P81771,Mesalazine_Tab E/C 800mg,0105010B0AAASAS,1,34.43999999999999
3,P81204,Mesalazine_Tab E/C 800mg,0105010B0AAASAS,1,34.43999999999999
4,P81061,Mesalazine_Tab E/C 800mg,0105010B0AAASAS,1,34.43999999999999
5,P81140,Mesalazine_Tab E/C 800mg,0105010B0AAASAS,1,33.824999999999996
179,P81167,Mesalazine_Tab E/C 400mg,0105010B0AAAAAA,1,23.956799999999998
178,P81771,Mesalazine_Tab E/C 400mg,0105010B0AAAAAA,1,23.956799999999998
6,P81622,Mesalazine_Tab E/C 800mg,0105010B0AAASAS,1,22.959999999999994
7,P81058,Mesalazine_Tab E/C 800mg,0105010B0AAASAS,1,22.959999999999994
8,P81061,Mesalazine_Tab E/C 800mg,0105010B0AAASAS,1,18.449999999999996
9,P81140,Mesalazine_Tab E/C 800mg,0105010B0AAASAS,1,18.449999999999996
10,P81051,Mesalazine_Tab E/C 800mg,0105010B0AAASAS,1,17.219999999999995
11,P81771,Mesalazine_Tab E/C 800mg,0105010B0AAASAS,1,17.219999999999995
105,P81051,Gemfibrozil_Tab 600mg,0212000Q0AAABAB,1,15.142399999999999
152,Y03967,Carbocisteine_Cap 375mg,0307000J0AAAAAA,2,14.04
180,P81771,Mesalazine_Tab E/C 400mg,0105010B0AAAAAA,1,11.978399999999999
12,P81022,Mesalazine_Tab E/C 800mg,0105010B0AAASAS,1,11.479999999999997
181,P81140,Mesalazine_Tab E/C 400mg,0105010B0AAAAAA,1,7.985599999999999
107,P81734,Gemfibrozil_Tab 600mg,0212000Q0AAABAB,1,7.571199999999999
106,P81058,Gemfibrozil_Tab 600mg,0212000Q0AAABAB,1,7.571199999999999
20,P81051,Clonazepam_Tab 500mcg,0408010F0AAABAB,9,5.695199999999988
21,P81140,Clonazepam_Tab 500mcg,0408010F0AAABAB,8,5.06239999999999
108,P81683,Tetrabenazine_Tab 25mg,0409030C0AAAAAA,1,4.997999999999994
117,Y02151,Buprenorphine_Tab Subling 400mcg S/F,0410030A0AAACAC,1,3.9984
110,P81051,Tetrabenazine_Tab 25mg,0409030C0AAAAAA,1,3.998399999999995
109,P81125,Tetrabenazine_Tab 25mg,0409030C0AAAAAA,2,3.998399999999995
183,P81058,Mesalazine_Tab E/C 400mg,0105010B0AAAAAA,1,3.9927999999999995
182,P81683,Mesalazine_Tab E/C 400mg,0105010B0AAAAAA,1,3.9927999999999995
22,P81022,Clonazepam_Tab 500mcg,0408010F0AAABAB,4,3.796799999999992
23,P81051,Clonazepam_Tab 500mcg,0408010F0AAABAB,10,3.1639999999999935
25,P81022,Clonazepam_Tab 500mcg,0408010F0AAABAB,5,3.1639999999999935
24,P81022,Clonazepam_Tab 500mcg,0408010F0AAABAB,10,3.1639999999999935
118,P81058,Buprenorphine_Tab Subling 400mcg S/F,0410030A0AAACAC,4,3.0464
112,P81051,Tetrabenazine_Tab 25mg,0409030C0AAAAAA,4,2.998799999999996
111,P81734,Tetrabenazine_Tab 25mg,0409030C0AAAAAA,1,2.998799999999996
26,P81125,Clonazepam_Tab 500mcg,0408010F0AAABAB,3,2.847599999999994
130,P81140,Amiodarone HCl_Tab 200mg,0203020D0AAABAB,8,2.8000000000000025
131,P81058,Amiodarone HCl_Tab 200mg,0203020D0AAABAB,8,2.8000000000000025
119,Y02151,Buprenorphine_Tab Subling 400mcg S/F,0410030A0AAACAC,1,2.5568
27,P81022,Clonazepam_Tab 500mcg,0408010F0AAABAB,2,2.531199999999995
28,Y02657,Clonazepam_Tab 500mcg,0408010F0AAABAB,4,2.531199999999995
29,P81051,Clonazepam_Tab 500mcg,0408010F0AAABAB,1,2.531199999999995
172,P81140,Topiramate_Tab 200mg,040801050AAACAC,1,2.489999999999999
173,P81734,Topiramate_Tab 200mg,040801050AAACAC,1,2.489999999999999
30,P81051,Clonazepam_Tab 500mcg,0408010F0AAABAB,5,2.372999999999995
174,P81022,Topiramate_Tab 200mg,040801050AAACAC,1,2.3183999999999996
175,P81058,Topiramate_Tab 200mg,040801050AAACAC,1,2.3183999999999996
176,P81125,Topiramate_Tab 200mg,040801050AAACAC,1,2.3183999999999996
122,Y02151,Buprenorphine_Tab Subling 400mcg S/F,0410030A0AAACAC,2,2.2848
121,P81051,Buprenorphine_Tab Subling 400mcg S/F,0410030A0AAACAC,1,2.2848
120,P81707,Buprenorphine_Tab Subling 400mcg S/F,0410030A0AAACAC,2,2.2848
31,P81622,Clonazepam_Tab 500mcg,0408010F0AAABAB,1,2.2599999999999953
32,P81005,Clonazepam_Tab 500mcg,0408010F0AAABAB,2,2.2599999999999953
33,P81167,Clonazepam_Tab 500mcg,0408010F0AAABAB,1,2.2599999999999953
34,P81771,Clonazepam_Tab 500mcg,0408010F0AAABAB,7,2.2147999999999954
123,P81734,Buprenorphine_Tab Subling 400mcg S/F,0410030A0AAACAC,2,2.1138000000000012
132,P81771,Amiodarone HCl_Tab 200mg,0203020D0AAABAB,3,2.100000000000002
113,P81051,Tetrabenazine_Tab 25mg,0409030C0AAAAAA,1,1.9991999999999974
114,P81140,Tetrabenazine_Tab 25mg,0409030C0AAAAAA,1,1.9991999999999974
187,P81734,Pyridox HCl_Tab 50mg,0906024N0AAAIAI,2,1.9152000000000005
188,P81622,Pyridox HCl_Tab 50mg,0906024N0AAAIAI,1,1.9152000000000005
38,P81734,Clonazepam_Tab 500mcg,0408010F0AAABAB,6,1.898399999999996
39,P81140,Clonazepam_Tab 500mcg,0408010F0AAABAB,6,1.898399999999996
40,P81005,Clonazepam_Tab 500mcg,0408010F0AAABAB,3,1.898399999999996
41,P81622,Clonazepam_Tab 500mcg,0408010F0AAABAB,2,1.898399999999996
36,P81140,Clonazepam_Tab 500mcg,0408010F0AAABAB,1,1.898399999999996
35,P81061,Clonazepam_Tab 500mcg,0408010F0AAABAB,3,1.898399999999996
37,P81155,Clonazepam_Tab 500mcg,0408010F0AAABAB,1,1.898399999999996
134,P81125,Amiodarone HCl_Tab 200mg,0203020D0AAABAB,5,1.7500000000000016
133,P81022,Amiodarone HCl_Tab 200mg,0203020D0AAABAB,5,1.7500000000000016
42,P81704,Clonazepam_Tab 500mcg,0408010F0AAABAB,7,1.6610999999999967
43,P81167,Clonazepam_Tab 500mcg,0408010F0AAABAB,4,1.5819999999999967
45,P81140,Clonazepam_Tab 500mcg,0408010F0AAABAB,1,1.5819999999999967
44,P81058,Clonazepam_Tab 500mcg,0408010F0AAABAB,5,1.5819999999999967
124,P81694,Buprenorphine_Tab Subling 400mcg S/F,0410030A0AAACAC,2,1.5232
189,P81140,Pyridox HCl_Tab 50mg,0906024N0AAAIAI,1,1.4364000000000003
191,P81204,Pyridox HCl_Tab 50mg,0906024N0AAAIAI,1,1.4364000000000003
190,P81125,Pyridox HCl_Tab 50mg,0906024N0AAAIAI,1,1.4364000000000003
135,P81704,Amiodarone HCl_Tab 200mg,0203020D0AAABAB,4,1.4000000000000012
60,P81058,Clonazepam_Tab 500mcg,0408010F0AAABAB,2,1.2655999999999974
54,P81694,Clonazepam_Tab 500mcg,0408010F0AAABAB,2,1.2655999999999974
53,P81214,Clonazepam_Tab 500mcg,0408010F0AAABAB,2,1.2655999999999974
46,P81140,Clonazepam_Tab 500mcg,0408010F0AAABAB,1,1.2655999999999974
47,P81734,Clonazepam_Tab 500mcg,0408010F0AAABAB,1,1.2655999999999974
48,P81704,Clonazepam_Tab 500mcg,0408010F0AAABAB,2,1.2655999999999974
49,P81633,Clonazepam_Tab 500mcg,0408010F0AAABAB,2,1.2655999999999974
51,P81061,Clonazepam_Tab 500mcg,0408010F0AAABAB,4,1.2655999999999974
52,P81125,Clonazepam_Tab 500mcg,0408010F0AAABAB,1,1.2655999999999974
50,P81734,Clonazepam_Tab 500mcg,0408010F0AAABAB,2,1.2655999999999974
55,P81709,Clonazepam_Tab 500mcg,0408010F0AAABAB,1,1.2655999999999974
56,P81709,Clonazepam_Tab 500mcg,0408010F0AAABAB,2,1.2655999999999974
57,Y02657,Clonazepam_Tab 500mcg,0408010F0AAABAB,4,1.2655999999999974
58,P81771,Clonazepam_Tab 500mcg,0408010F0AAABAB,2,1.2655999999999974
59,P81622,Clonazepam_Tab 500mcg,0408010F0AAABAB,1,1.2655999999999974
177,P81058,Topiramate_Tab 200mg,040801050AAACAC,1,1.2449999999999994
125,P81734,Buprenorphine_Tab Subling 400mcg S/F,0410030A0AAACAC,1,1.1424
136,P81622,Amiodarone HCl_Tab 200mg,0203020D0AAABAB,3,1.050000000000001
115,P81709,Tetrabenazine_Tab 25mg,0409030C0AAAAAA,1,0.9995999999999987
192,P81005,Pyridox HCl_Tab 50mg,0906024N0AAAIAI,1,0.9576000000000002
193,P81022,Pyridox HCl_Tab 50mg,0906024N0AAAIAI,2,0.9576000000000002
61,P81683,Clonazepam_Tab 500mcg,0408010F0AAABAB,1,0.949199999999998
62,P81707,Clonazepam_Tab 500mcg,0408010F0AAABAB,3,0.949199999999998
63,P81155,Clonazepam_Tab 500mcg,0408010F0AAABAB,1,0.949199999999998
64,P81704,Clonazepam_Tab 500mcg,0408010F0AAABAB,3,0.949199999999998
65,P81051,Clonazepam_Tab 500mcg,0408010F0AAABAB,1,0.949199999999998
68,P81709,Clonazepam_Tab 500mcg,0408010F0AAABAB,1,0.949199999999998
66,P81707,Clonazepam_Tab 500mcg,0408010F0AAABAB,1,0.949199999999998
67,P81005,Clonazepam_Tab 500mcg,0408010F0AAABAB,1,0.949199999999998
69,P81022,Clonazepam_Tab 500mcg,0408010F0AAABAB,1,0.7909999999999984
127,Y02151,Buprenorphine_Tab Subling 400mcg S/F,0410030A0AAACAC,2,0.7616
126,Y02151,Buprenorphine_Tab Subling 400mcg S/F,0410030A0AAACAC,1,0.7616
142,P81704,Amiodarone HCl_Tab 200mg,0203020D0AAABAB,1,0.7000000000000006
138,P81214,Amiodarone HCl_Tab 200mg,0203020D0AAABAB,2,0.7000000000000006
139,P81734,Amiodarone HCl_Tab 200mg,0203020D0AAABAB,1,0.7000000000000006
137,P81058,Amiodarone HCl_Tab 200mg,0203020D0AAABAB,1,0.7000000000000006
141,P81155,Amiodarone HCl_Tab 200mg,0203020D0AAABAB,2,0.7000000000000006
140,P81771,Amiodarone HCl_Tab 200mg,0203020D0AAABAB,2,0.7000000000000006
143,P81167,Amiodarone HCl_Tab 200mg,0203020D0AAABAB,2,0.7000000000000006
144,P81125,Amiodarone HCl_Tab 200mg,0203020D0AAABAB,1,0.7000000000000006
145,P81734,Amiodarone HCl_Tab 200mg,0203020D0AAABAB,2,0.7000000000000006
146,P81005,Amiodarone HCl_Tab 200mg,0203020D0AAABAB,1,0.7000000000000006
71,P81734,Clonazepam_Tab 500mcg,0408010F0AAABAB,1,0.6779999999999986
70,P81125,Clonazepam_Tab 500mcg,0408010F0AAABAB,1,0.6779999999999986
72,P81061,Clonazepam_Tab 500mcg,0408010F0AAABAB,2,0.6779999999999986
79,P81694,Clonazepam_Tab 500mcg,0408010F0AAABAB,4,0.6327999999999987
78,P81155,Clonazepam_Tab 500mcg,0408010F0AAABAB,1,0.6327999999999987
77,P81204,Clonazepam_Tab 500mcg,0408010F0AAABAB,2,0.6327999999999987
76,P81167,Clonazepam_Tab 500mcg,0408010F0AAABAB,1,0.6327999999999987
75,P81724,Clonazepam_Tab 500mcg,0408010F0AAABAB,1,0.6327999999999987
74,P81622,Clonazepam_Tab 500mcg,0408010F0AAABAB,2,0.6327999999999987
73,P81721,Clonazepam_Tab 500mcg,0408010F0AAABAB,2,0.6327999999999987
80,P81622,Clonazepam_Tab 500mcg,0408010F0AAABAB,1,0.5699999999999983
116,P81051,Tetrabenazine_Tab 25mg,0409030C0AAAAAA,4,0.5535999999999994
81,P81734,Clonazepam_Tab 500mcg,0408010F0AAABAB,1,0.474599999999999
82,P81140,Clonazepam_Tab 500mcg,0408010F0AAABAB,1,0.474599999999999
83,P81022,Clonazepam_Tab 500mcg,0408010F0AAABAB,5,0.3954999999999992
128,P81051,Buprenorphine_Tab Subling 400mcg S/F,0410030A0AAACAC,1,0.3808
84,P81734,Clonazepam_Tab 500mcg,0408010F0AAABAB,1,0.35339999999999894
148,P81204,Amiodarone HCl_Tab 200mg,0203020D0AAABAB,1,0.3500000000000003
151,P81051,Amiodarone HCl_Tab 200mg,0203020D0AAABAB,1,0.3500000000000003
150,P81683,Amiodarone HCl_Tab 200mg,0203020D0AAABAB,1,0.3500000000000003
149,P81061,Amiodarone HCl_Tab 200mg,0203020D0AAABAB,1,0.3500000000000003
147,P81709,Amiodarone HCl_Tab 200mg,0203020D0AAABAB,1,0.3500000000000003
85,P81622,Clonazepam_Tab 500mcg,0408010F0AAABAB,1,0.3389999999999993
87,P81214,Clonazepam_Tab 500mcg,0408010F0AAABAB,1,0.3389999999999993
86,P81005,Clonazepam_Tab 500mcg,0408010F0AAABAB,1,0.3389999999999993
90,P81709,Clonazepam_Tab 500mcg,0408010F0AAABAB,1,0.31639999999999935
91,P81724,Clonazepam_Tab 500mcg,0408010F0AAABAB,1,0.31639999999999935
92,P81051,Clonazepam_Tab 500mcg,0408010F0AAABAB,2,0.31639999999999935
89,P81005,Clonazepam_Tab 500mcg,0408010F0AAABAB,1,0.31639999999999935
88,P81214,Clonazepam_Tab 500mcg,0408010F0AAABAB,1,0.31639999999999935
94,P81167,Clonazepam_Tab 500mcg,0408010F0AAABAB,1,0.31639999999999935
93,P81683,Clonazepam_Tab 500mcg,0408010F0AAABAB,1,0.31639999999999935
95,P81704,Clonazepam_Tab 500mcg,0408010F0AAABAB,2,0.24419999999999997
96,Y02657,Clonazepam_Tab 500mcg,0408010F0AAABAB,1,0.22199999999999998
97,P81051,Clonazepam_Tab 500mcg,0408010F0AAABAB,1,0.20159999999999978
101,P81683,Clonazepam_Tab 500mcg,0408010F0AAABAB,1,0.15819999999999967
102,P81058,Clonazepam_Tab 500mcg,0408010F0AAABAB,1,0.15819999999999967
100,P81140,Clonazepam_Tab 500mcg,0408010F0AAABAB,1,0.15819999999999967
99,P81709,Clonazepam_Tab 500mcg,0408010F0AAABAB,2,0.15819999999999967
98,P81005,Clonazepam_Tab 500mcg,0408010F0AAABAB,1,0.15819999999999967
103,P81022,Clonazepam_Tab 500mcg,0408010F0AAABAB,1,0.04239999999999999
153,P81140,Carbocisteine_Cap 375mg,0307000J0AAAAAA,11,0.033000000000000945
104,P81694,Clonazepam_Tab 500mcg,0408010F0AAABAB,1,0.021199999999999997
13,P81167,Mesalazine_Tab E/C 800mg,0105010B0AAASAS,1,0.008999999999999009
157,P81125,Carbocisteine_Cap 375mg,0307000J0AAAAAA,1,0.00560000000000016
158,P81155,Carbocisteine_Cap 375mg,0307000J0AAAAAA,1,0.00560000000000016
159,P81721,Carbocisteine_Cap 375mg,0307000J0AAAAAA,1,0.00560000000000016
156,P81204,Carbocisteine_Cap 375mg,0307000J0AAAAAA,1,0.00560000000000016
155,P81707,Carbocisteine_Cap 375mg,0307000J0AAAAAA,1,0.00560000000000016
154,P81167,Carbocisteine_Cap 375mg,0307000J0AAAAAA,1,0.00560000000000016
160,P81204,Carbocisteine_Cap 375mg,0307000J0AAAAAA,1,0.0048000000000001375
162,P81061,Carbocisteine_Cap 375mg,0307000J0AAAAAA,1,0.003000000000000086
163,P81724,Carbocisteine_Cap 375mg,0307000J0AAAAAA,1,0.003000000000000086
164,P81140,Carbocisteine_Cap 375mg,0307000J0AAAAAA,2,0.003000000000000086
161,Y04980,Carbocisteine_Cap 375mg,0307000J0AAAAAA,1,0.003000000000000086
165,P81125,Carbocisteine_Cap 375mg,0307000J0AAAAAA,1,-0.00280000000000008
166,P81707,Carbocisteine_Cap 375mg,0307000J0AAAAAA,2,-0.00560000000000016
129,P81734,Buprenorphine_Tab Subling 400mcg S/F,0410030A0AAACAC,2,-0.007799999999999141
167,P81140,Carbocisteine_Cap 375mg,0307000J0AAAAAA,2,-0.00840000000000024
168,P81140,Carbocisteine_Cap 375mg,0307000J0AAAAAA,4,-0.01120000000000032
169,P81734,Carbocisteine_Cap 375mg,0307000J0AAAAAA,5,-0.014000000000000401
171,P81051,Carbocisteine_Cap 375mg,0307000J0AAAAAA,6,-0.01680000000000048
170,P81694,Carbocisteine_Cap 375mg,0307000J0AAAAAA,4,-0.01680000000000048
184,P81734,Mesalazine_Tab E/C 400mg,0105010B0AAAAAA,1,-15.971199999999998
185,P81140,Mesalazine_Tab E/C 400mg,0105010B0AAAAAA,1,-17.112
14,P81167,Mesalazine_Tab E/C 800mg,0105010B0AAASAS,1,-18.441
15,P81204,Mesalazine_Tab E/C 800mg,0105010B0AAASAS,1,-22.959999999999994
186,P81155,Mesalazine_Tab E/C 400mg,0105010B0AAAAAA,1,-31.942399999999996
16,P81022,Mesalazine_Tab E/C 800mg,0105010B0AAASAS,2,-34.439999999999976
17,P81704,Mesalazine_Tab E/C 800mg,0105010B0AAASAS,1,-34.43999999999999
19,P81051,Mesalazine_Tab E/C 800mg,0105010B0AAASAS,1,-36.89999999999999
18,P81204,Mesalazine_Tab E/C 800mg,0105010B0AAASAS,1,-36.89999999999999
