,practice_code,bnf_description,bnf_code,items,excess_cost
0,A89001,Aspirin Disper_Tab 75mg,0209000A0AAABAB,1388,3.9493999999999754
1,A89001,Clonazepam_Tab 500mcg,0408010F0AAABAB,32,12.187099999999974
2,A89001,Colecal_Cap 400u,0906040G0AABIBI,11,-0.031000000000000888
3,A89001,Paracet_Tab Solb 500mg,0407010H0AAAQAQ,2,0.012000000000000344
4,A89001,Phenobarb_Tab 15mg,0408010N0AAAIAI,4,0.010499999999998844
5,A89001,Topiramate_Tab 200mg,040801050AAACAC,1,2.3183999999999996
6,A89002,Aspirin Disper_Tab 75mg,0209000A0AAABAB,456,1.3103999999999922
7,A89002,Clonazepam_Tab 500mcg,0408010F0AAABAB,8,2.531199999999995
8,A89002,Colecal_Cap 400u,0906040G0AABIBI,16,5.956399999999999
9,A89002,Pyridox HCl_Tab 50mg,0906024N0AAAIAI,1,0.4788000000000001
10,A89004,Aspirin Disper_Tab 75mg,0209000A0AAABAB,1428,4.168599999999974
11,A89004,Clonazepam_Tab 500mcg,0408010F0AAABAB,47,16.213399999999968
12,A89004,Colecal_Cap 400u,0906040G0AABIBI,6,-0.020000000000000573
13,A89004,Paracet_Tab Solb 500mg,0407010H0AAAQAQ,4,-0.023999999999997357
14,A89004,Topiramate_Tab 200mg,040801050AAACAC,3,7.469999999999997
15,A89005,Aspirin Disper_Tab 75mg,0209000A0AAABAB,394,1.1367999999999931
16,A89005,Clonazepam_Tab 500mcg,0408010F0AAABAB,15,6.373199999999986
17,A89005,Colecal_Cap 400u,0906040G0AABIBI,1,-0.006000000000000172
18,A89005,Paracet_Tab Solb 500mg,0407010H0AAAQAQ,8,-0.047999999999994714
19,A89005,Pyridox HCl_Tab 50mg,0906024N0AAAIAI,1,0.4788000000000001
20,A89006,Aspirin Disper_Tab 75mg,0209000A0AAABAB,498,1.4619999999999913
21,A89006,Clonazepam_Tab 500mcg,0408010F0AAABAB,18,4.1922999999999915
22,A89006,Colecal_Cap 400u,0906040G0AABIBI,5,153.02479999999997
23,A89006,Paracet_Tab Solb 500mg,0407010H0AAAQAQ,10,0.020000000000002238
24,A89006,Pyridox HCl_Tab 50mg,0906024N0AAAIAI,1,0.06560000000000032
25,A89007,Aspirin Disper_Tab 75mg,0209000A0AAABAB,508,1.444799999999991
26,A89007,Clonazepam_Tab 500mcg,0408010F0AAABAB,15,3.796799999999992
27,A89007,Topiramate_Tab 200mg,040801050AAACAC,2,11.614399999999996
28,A89008,Aspirin Disper_Tab 75mg,0209000A0AAABAB,406,1.1819999999999926
29,A89008,Clonazepam_Tab 500mcg,0408010F0AAABAB,10,3.6159999999999926
30,A89008,Paracet_Tab Solb 500mg,0407010H0AAAQAQ,2,-0.011999999999998678
31,A89008,Topiramate_Tab 200mg,040801050AAACAC,1,2.489999999999999
32,A89009,Aspirin Disper_Tab 75mg,0209000A0AAABAB,548,1.5851999999999906
33,A89009,Clonazepam_Tab 500mcg,0408010F0AAABAB,16,5.470499999999989
34,A89009,Colecal_Cap 400u,0906040G0AABIBI,1,-0.003000000000000086
35,A89009,Paracet_Tab Solb 500mg,0407010H0AAAQAQ,2,-0.011999999999998678
36,A89009,Phenobarb_Tab 15mg,0408010N0AAAIAI,1,0.0041999999999995374
37,A89009,Topiramate_Tab 200mg,040801050AAACAC,5,4.7972
38,A89010,Aspirin Disper_Tab 75mg,0209000A0AAABAB,706,1.9993999999999879
39,A89010,Clonazepam_Tab 500mcg,0408010F0AAABAB,19,5.5483999999999885
40,A89010,Colecal_Cap 400u,0906040G0AABIBI,1,-0.00280000000000008
41,A89010,Paracet_Tab Solb 500mg,0407010H0AAAQAQ,6,164.64
42,A89010,Pyridox HCl_Tab 50mg,0906024N0AAAIAI,1,0.4788000000000001
43,A89010,Topiramate_Tab 200mg,040801050AAACAC,1,1.1647999999999992
44,A89011,Aspirin Disper_Tab 75mg,0209000A0AAABAB,374,1.0471999999999937
45,A89011,Clonazepam_Tab 500mcg,0408010F0AAABAB,1,0.6327999999999987
46,A89011,Pyridox HCl_Tab 50mg,0906024N0AAAIAI,1,0.9576000000000002
47,A89011,Risperidone_Tab 6mg,040201030AAAFAF,8,58.464
48,A89011,Ropinirole HCl_Tab 5mg,0409010H0AAADAD,2,23.234400000000015
49,A89012,Aspirin Disper_Tab 75mg,0209000A0AAABAB,770,2.2007999999999868
50,A89012,Clonazepam_Tab 500mcg,0408010F0AAABAB,17,4.531299999999991
51,A89012,Colecal_Cap 400u,0906040G0AABIBI,5,-0.014200000000000407
52,A89012,Pyridox HCl_Tab 50mg,0906024N0AAAIAI,5,4.924800000000001
53,A89012,Ropinirole HCl_Tab 5mg,0409010H0AAADAD,2,15.48960000000001
54,A89012,Topiramate_Tab 200mg,040801050AAACAC,10,3.8406000000000002
55,A89013,Aspirin Disper_Tab 75mg,0209000A0AAABAB,478,1.3823999999999912
56,A89013,Clonazepam_Tab 500mcg,0408010F0AAABAB,30,8.226399999999984
57,A89013,Colecal_Cap 400u,0906040G0AABIBI,4,-0.0210000000000006
58,A89013,Paracet_Tab Solb 500mg,0407010H0AAAQAQ,2,-0.011999999999998678
59,A89013,Pyridox HCl_Tab 50mg,0906024N0AAAIAI,1,0.9576000000000002
60,A89015,Aspirin Disper_Tab 75mg,0209000A0AAABAB,500,1.5287999999999906
61,A89015,Clonazepam_Tab 500mcg,0408010F0AAABAB,25,6.407099999999987
62,A89015,Colecal_Cap 400u,0906040G0AABIBI,1,-0.006000000000000172
63,A89015,Paracet_Tab Solb 500mg,0407010H0AAAQAQ,2,-0.005999999999999339
64,A89016,Aspirin Disper_Tab 75mg,0209000A0AAABAB,446,1.2991999999999924
65,A89016,Clonazepam_Tab 500mcg,0408010F0AAABAB,15,3.502999999999993
66,A89016,Colecal_Cap 400u,0906040G0AABIBI,1,-0.003000000000000086
67,A89016,Pyridox HCl_Tab 50mg,0906024N0AAAIAI,4,1.4364000000000003
68,A89017,Aspirin Disper_Tab 75mg,0209000A0AAABAB,626,1.71439999999999
69,A89017,Clonazepam_Tab 500mcg,0408010F0AAABAB,27,4.931399999999991
70,A89017,Colecal_Cap 400u,0906040G0AABIBI,5,-0.014000000000000401
71,A89017,Pyridox HCl_Tab 50mg,0906024N0AAAIAI,2,14.158800000000003
72,A89017,Topiramate_Tab 200mg,040801050AAACAC,1,2.3183999999999996
73,A89018,Aspirin Disper_Tab 75mg,0209000A0AAABAB,244,0.6943999999999957
74,A89018,Clonazepam_Tab 500mcg,0408010F0AAABAB,1,0.15819999999999967
75,A89018,Colecal_Cap 400u,0906040G0AABIBI,5,-0.014400000000000412
76,A89019,Aspirin Disper_Tab 75mg,0209000A0AAABAB,790,2.3407999999999856
77,A89019,Clonazepam_Tab 500mcg,0408010F0AAABAB,34,9.009999999999986
78,A89019,Colecal_Cap 400u,0906040G0AABIBI,1,-0.003000000000000086
79,A89019,Pyridox HCl_Tab 50mg,0906024N0AAAIAI,8,2.3940000000000006
80,A89019,Ropinirole HCl_Tab 5mg,0409010H0AAADAD,1,5.163200000000003
81,A89020,Aspirin Disper_Tab 75mg,0209000A0AAABAB,512,1.483999999999991
82,A89020,Clonazepam_Tab 500mcg,0408010F0AAABAB,14,3.3447999999999936
83,A89020,Colecal_Cap 400u,0906040G0AABIBI,5,-0.027000000000000773
84,A89020,Paracet_Tab Solb 500mg,0407010H0AAAQAQ,4,-0.023999999999997357
85,A89021,Aspirin Disper_Tab 75mg,0209000A0AAABAB,684,1.9311999999999887
86,A89021,Clonazepam_Tab 500mcg,0408010F0AAABAB,27,6.683299999999986
87,A89021,Pyridox HCl_Tab 50mg,0906024N0AAAIAI,2,3.830400000000001
88,A89022,Aspirin Disper_Tab 75mg,0209000A0AAABAB,154,0.4279999999999974
89,A89022,Clonazepam_Tab 500mcg,0408010F0AAABAB,3,1.2655999999999974
90,A89023,Aspirin Disper_Tab 75mg,0209000A0AAABAB,692,2.032799999999988
91,A89023,Clonazepam_Tab 500mcg,0408010F0AAABAB,22,5.0284999999999895
92,A89024,Aspirin Disper_Tab 75mg,0209000A0AAABAB,496,1.3887999999999914
93,A89024,Clonazepam_Tab 500mcg,0408010F0AAABAB,15,7.3675999999999835
94,A89024,Pyridox HCl_Tab 50mg,0906024N0AAAIAI,4,0.4788000000000001
95,A89024,Topiramate_Tab 200mg,040801050AAACAC,1,4.647999999999998
96,A89025,Aspirin Disper_Tab 75mg,0209000A0AAABAB,552,1.6859999999999897
97,A89025,Clonazepam_Tab 500mcg,0408010F0AAABAB,13,5.97379999999999
98,A89025,Colecal_Cap 400u,0906040G0AABIBI,1,-0.006000000000000172
99,A89025,Paracet_Tab Solb 500mg,0407010H0AAAQAQ,2,0.006400000000000183
100,A89025,Phenytoin_Sod Tab 100mg,0408010Q0AAAGAG,2,99.49799999999999
101,A89026,Aspirin Disper_Tab 75mg,0209000A0AAABAB,400,1.1109999999999933
102,A89026,Clonazepam_Tab 500mcg,0408010F0AAABAB,14,3.005799999999994
103,A89026,Paracet_Tab Solb 500mg,0407010H0AAAQAQ,2,-0.011999999999998678
104,A89026,Phenytoin_Sod Tab 100mg,0408010Q0AAAGAG,4,79.59839999999998
105,A89027,Aspirin Disper_Tab 75mg,0209000A0AAABAB,420,1.1983999999999928
106,A89027,Clonazepam_Tab 500mcg,0408010F0AAABAB,22,5.932499999999988
107,A89027,Paracet_Tab Solb 500mg,0407010H0AAAQAQ,2,-0.006399999999999295
108,A89027,Pyridox HCl_Tab 50mg,0906024N0AAAIAI,5,2.5308000000000006
109,A89028,Aspirin Disper_Tab 75mg,0209000A0AAABAB,170,0.4819999999999971
110,A89028,Clonazepam_Tab 500mcg,0408010F0AAABAB,21,3.6385999999999923
111,A89028,Colecal_Cap 400u,0906040G0AABIBI,8,-0.023200000000000665
112,A89030,Aspirin Disper_Tab 75mg,0209000A0AAABAB,784,2.2791999999999866
113,A89030,Clonazepam_Tab 500mcg,0408010F0AAABAB,18,5.664399999999989
114,A89030,Paracet_Tab Solb 500mg,0407010H0AAAQAQ,2,-0.011999999999998678
115,A89031,Aspirin Disper_Tab 75mg,0209000A0AAABAB,338,1.0527999999999937
116,A89031,Clonazepam_Tab 500mcg,0408010F0AAABAB,12,3.6611999999999925
117,A89032,Aspirin Disper_Tab 75mg,0209000A0AAABAB,702,2.0775999999999875
118,A89032,Clonazepam_Tab 500mcg,0408010F0AAABAB,40,8.246999999999986
119,A89032,Colecal_Cap 400u,0906040G0AABIBI,1,-0.003000000000000086
120,A89032,Paracet_Tab Solb 500mg,0407010H0AAAQAQ,4,-0.023999999999997357
121,A89034,Aspirin Disper_Tab 75mg,0209000A0AAABAB,184,0.5319999999999968
122,A89034,Clonazepam_Tab 500mcg,0408010F0AAABAB,3,1.5254999999999967
123,A89034,Colecal_Cap 400u,0906040G0AABIBI,1,-0.006000000000000172
124,A89035,Aspirin Disper_Tab 75mg,0209000A0AAABAB,568,1.6635999999999898
125,A89035,Clonazepam_Tab 500mcg,0408010F0AAABAB,6,3.480399999999993
126,A89035,Colecal_Cap 400u,0906040G0AABIBI,1,-0.003000000000000086
127,A89035,Paracet_Tab Solb 500mg,0407010H0AAAQAQ,2,-0.011999999999998678
128,A89035,Phenobarb_Tab 15mg,0408010N0AAAIAI,2,0.005499999999999394
129,A89035,Pyridox HCl_Tab 50mg,0906024N0AAAIAI,4,0.4788000000000001
130,A89035,Risperidone_Tab 6mg,040201030AAAFAF,1,29.2096
131,A89036,Aspirin Disper_Tab 75mg,0209000A0AAABAB,196,0.5487999999999966
132,A89036,Clonazepam_Tab 500mcg,0408010F0AAABAB,5,0.7909999999999984
133,A89040,Aspirin Disper_Tab 75mg,0209000A0AAABAB,310,0.8639999999999948
134,A89040,Clonazepam_Tab 500mcg,0408010F0AAABAB,1,0.07909999999999984
135,A89040,Topiramate_Tab 200mg,040801050AAACAC,2,1.1536000000000004
136,A89041,Aspirin Disper_Tab 75mg,0209000A0AAABAB,340,1.0247999999999937
137,A89041,Clonazepam_Tab 500mcg,0408010F0AAABAB,16,3.796799999999992
138,A89603,Aspirin Disper_Tab 75mg,0209000A0AAABAB,126,0.37519999999999776
139,A89603,Clonazepam_Tab 500mcg,0408010F0AAABAB,8,1.4351999999999974
140,A89604,Aspirin Disper_Tab 75mg,0209000A0AAABAB,478,1.3999999999999915
141,A89604,Clonazepam_Tab 500mcg,0408010F0AAABAB,2,0.7909999999999984
142,A89604,Colecal_Cap 400u,0906040G0AABIBI,1,-0.003000000000000086
143,A89604,Pyridox HCl_Tab 50mg,0906024N0AAAIAI,1,0.9576000000000002
144,A89614,Aspirin Disper_Tab 75mg,0209000A0AAABAB,322,0.9295999999999943
145,A89614,Clonazepam_Tab 500mcg,0408010F0AAABAB,18,3.2430999999999934
146,A89614,Pyridox HCl_Tab 50mg,0906024N0AAAIAI,1,0.9576000000000002
147,A89614,Topiramate_Tab 200mg,040801050AAACAC,1,2.3183999999999996
148,A89616,Aspirin Disper_Tab 75mg,0209000A0AAABAB,152,0.4255999999999974
149,A89616,Clonazepam_Tab 500mcg,0408010F0AAABAB,5,1.5819999999999967
150,A89616,Phenobarb_Tab 15mg,0408010N0AAAIAI,1,49.4424
151,A89616,Topiramate_Tab 200mg,040801050AAACAC,1,2.3183999999999996
152,A89617,Aspirin Disper_Tab 75mg,0209000A0AAABAB,268,0.8011999999999951
153,A89617,Clonazepam_Tab 500mcg,0408010F0AAABAB,4,3.1639999999999935
154,A89617,Colecal_Cap 400u,0906040G0AABIBI,1,-0.003000000000000086
155,A89623,Aspirin Disper_Tab 75mg,0209000A0AAABAB,130,0.37519999999999776
156,A89623,Clonazepam_Tab 500mcg,0408010F0AAABAB,1,1.898399999999996
157,A89623,Paracet_Tab Solb 500mg,0407010H0AAAQAQ,4,-0.023999999999997357
158,A89623,Ropinirole HCl_Tab 5mg,0409010H0AAADAD,1,7.744800000000005
159,Y01717,Aspirin Disper_Tab 75mg,0209000A0AAABAB,90,0.2575999999999984
