,practice_code,bnf_description,bnf_code,items,excess_cost
0,P92001,Atorvastatin_Tab 20mg,0212000B0AAABAB,33,67.63680000000001
1,P92001,Memantine HCl_Tab 20mg,0411000G0AAADAD,7,63.895999999999994
2,P92001,Paracet_Tab 500mg,0407010H0AAAMAM,206,10.30000000000001
3,P92001,Quetiapine_Tab 300mg,0402010ABAAAKAK,2,0.005599999999999383
4,P92002,Atorvastatin_Tab 20mg,0212000B0AAABAB,1,0.00440000000000005
5,P92002,Atorvastatin_Tab 80mg,0212000B0AAADAD,35,-0.038499999999999646
6,P92002,Paracet_Tab 500mg,0407010H0AAAMAM,6,-0.010399999999999937
7,P92002,Quetiapine_Tab 300mg,0402010ABAAAKAK,4,0.012699999999998823
8,P92003,Atorvastatin_Tab 10mg,0212000B0AAAAAA,1,0.004200000000000023
9,P92003,Atorvastatin_Tab 80mg,0212000B0AAADAD,5,0.0105000000000003
10,P92003,Hydrocort_Tab 10mg,0603020J0AAADAD,7,-0.010999999999998789
11,P92003,Paracet_Tab 500mg,0407010H0AAAMAM,38,-0.12599999999999922
12,P92003,Quetiapine_Tab 300mg,0402010ABAAAKAK,2,0.00879999999999903
13,P92004,Atorvastatin_Tab 80mg,0212000B0AAADAD,1,-0.006000000000000172
14,P92004,Hydrocort_Tab 10mg,0603020J0AAADAD,1,-0.011199999999998766
15,P92004,Paracet_Tab 500mg,0407010H0AAAMAM,24,0.12079999999999927
16,P92004,Quetiapine_Tab 300mg,0402010ABAAAKAK,7,0.017199999999998106
17,P92005,Atorvastatin_Tab 20mg,0212000B0AAABAB,52,22.568
18,P92005,Atorvastatin_Tab 80mg,0212000B0AAADAD,15,-0.16799999999999898
19,P92005,Hydrocort_Tab 10mg,0603020J0AAADAD,1,-0.011199999999998766
20,P92005,Montelukast_Tab 10mg,0303020G0AAABAB,7,48.764799999999994
21,P92005,Paracet_Tab 500mg,0407010H0AAAMAM,64,10.240000000000006
22,P92006,Atorvastatin_Tab 10mg,0212000B0AAAAAA,98,93.1238
23,P92006,Atorvastatin_Tab 20mg,0212000B0AAABAB,85,180.40400000000002
24,P92006,Atorvastatin_Tab 40mg,0212000B0AAACAC,1,-0.002799999999999997
25,P92006,Atorvastatin_Tab 80mg,0212000B0AAADAD,27,49.593600000000016
26,P92006,Memantine HCl_Tab 20mg,0411000G0AAADAD,14,63.896
27,P92006,Olanzapine_Tab 15mg,040201060AAALAL,3,0.014699999999999547
28,P92006,Paracet_Tab 500mg,0407010H0AAAMAM,134,10.478400000000017
29,P92006,Quetiapine_Tab 300mg,0402010ABAAAKAK,2,0.008399999999999075
30,P92007,Atorvastatin_Tab 20mg,0212000B0AAABAB,95,19.58080000000001
31,P92007,Memantine HCl_Tab 20mg,0411000G0AAADAD,3,95.851
32,P92007,Olanzapine_Tab 15mg,040201060AAALAL,4,0.019599999999999396
33,P92007,Paracet_Tab 500mg,0407010H0AAAMAM,204,28.910800000000016
34,P92007,Quetiapine_Tab 300mg,0402010ABAAAKAK,3,0.011199999999998766
35,P92008,Atorvastatin_Tab 10mg,0212000B0AAAAAA,1,0.004200000000000023
36,P92008,Atorvastatin_Tab 20mg,0212000B0AAABAB,2,-0.0059999999999997555
37,P92008,Hydrocort_Tab 10mg,0603020J0AAADAD,1,-0.0039999999999995595
38,P92008,Paracet_Tab 500mg,0407010H0AAAMAM,20,-0.0655999999999996
39,P92008,Quetiapine_Tab 300mg,0402010ABAAAKAK,2,0.00879999999999903
40,P92010,Atorvastatin_Tab 20mg,0212000B0AAABAB,118,90.52960000000003
41,P92010,Hydrocort_Tab 10mg,0603020J0AAADAD,1,334.674
42,P92010,Memantine HCl_Tab 20mg,0411000G0AAADAD,20,191.688
43,P92010,Paracet_Tab 500mg,0407010H0AAAMAM,438,34.01400000000009
44,P92011,Atorvastatin_Tab 80mg,0212000B0AAADAD,3,0.0063000000000001805
45,P92011,Paracet_Tab 500mg,0407010H0AAAMAM,16,-0.0663999999999996
46,P92011,Quetiapine_Tab 300mg,0402010ABAAAKAK,19,0.03429999999999622
47,P92012,Atorvastatin_Tab 10mg,0212000B0AAAAAA,31,11.631200000000002
48,P92012,Atorvastatin_Tab 20mg,0212000B0AAABAB,100,112.76160000000002
49,P92012,Atorvastatin_Tab 40mg,0212000B0AAACAC,105,111.3304
50,P92012,Atorvastatin_Tab 80mg,0212000B0AAADAD,30,74.424
51,P92012,Memantine HCl_Tab 20mg,0411000G0AAADAD,3,63.898799999999994
52,P92012,Montelukast_Tab 10mg,0303020G0AAABAB,20,76.1488
53,P92012,Paracet_Tab 500mg,0407010H0AAAMAM,188,69.09360000000002
54,P92012,Quetiapine_Tab 300mg,0402010ABAAAKAK,4,64.30720000000001
55,P92014,Atorvastatin_Tab 40mg,0212000B0AAACAC,1,0.0039000000000001117
56,P92014,Montelukast_Tab 10mg,0303020G0AAABAB,1,0.0039000000000001117
57,P92014,Paracet_Tab 500mg,0407010H0AAAMAM,4,-0.022399999999999864
58,P92014,Quetiapine_Tab 300mg,0402010ABAAAKAK,2,0.011199999999998766
59,P92016,Atorvastatin_Tab 10mg,0212000B0AAAAAA,1,-0.002999999999999982
60,P92016,Atorvastatin_Tab 20mg,0212000B0AAABAB,2,0.012000000000000344
61,P92016,Atorvastatin_Tab 80mg,0212000B0AAADAD,21,-0.03659999999999988
62,P92016,Hydrocort_Tab 10mg,0603020J0AAADAD,3,-0.0335999999999963
63,P92016,Paracet_Tab 500mg,0407010H0AAAMAM,350,-14.114799999999956
64,P92016,Quetiapine_Tab 300mg,0402010ABAAAKAK,5,0.005599999999999383
65,P92017,Olanzapine_Tab 15mg,040201060AAALAL,3,0.014699999999999547
66,P92017,Paracet_Tab 500mg,0407010H0AAAMAM,14,-0.008799999999999947
67,P92017,Quetiapine_Tab 300mg,0402010ABAAAKAK,2,0.005599999999999383
68,P92019,Atorvastatin_Tab 10mg,0212000B0AAAAAA,1,0.004200000000000023
69,P92019,Atorvastatin_Tab 80mg,0212000B0AAADAD,4,0.00840000000000024
70,P92019,Paracet_Tab 500mg,0407010H0AAAMAM,16,-0.012799999999999923
71,P92019,Quetiapine_Tab 300mg,0402010ABAAAKAK,8,0.022399999999997533
72,P92020,Paracet_Tab 500mg,0407010H0AAAMAM,6,-0.0335999999999998
73,P92021,Atorvastatin_Tab 80mg,0212000B0AAADAD,29,-0.019099999999999506
74,P92021,Hydrocort_Tab 10mg,0603020J0AAADAD,1,-0.011199999999998766
75,P92021,Paracet_Tab 500mg,0407010H0AAAMAM,4,0.0007999999999999952
76,P92021,Quetiapine_Tab 300mg,0402010ABAAAKAK,4,0.014399999999998414
77,P92023,Paracet_Tab 500mg,0407010H0AAAMAM,8,0.023999999999999855
78,P92023,Quetiapine_Tab 300mg,0402010ABAAAKAK,1,0.0027999999999996916
79,P92024,Atorvastatin_Tab 20mg,0212000B0AAABAB,179,113.11440000000005
80,P92024,Atorvastatin_Tab 80mg,0212000B0AAADAD,15,1.8059999999999992
81,P92024,Paracet_Tab 500mg,0407010H0AAAMAM,92,19.384000000000007
82,P92026,Atorvastatin_Tab 80mg,0212000B0AAADAD,5,0.0105000000000003
83,P92026,Paracet_Tab 500mg,0407010H0AAAMAM,2,0.011999999999999927
84,P92026,Quetiapine_Tab 300mg,0402010ABAAAKAK,5,0.008399999999999075
85,P92028,Atorvastatin_Tab 10mg,0212000B0AAAAAA,3,-0.011999999999999927
86,P92028,Atorvastatin_Tab 80mg,0212000B0AAADAD,4,0.00840000000000024
87,P92028,Olanzapine_Tab 15mg,040201060AAALAL,3,0.014699999999999547
88,P92028,Paracet_Tab 500mg,0407010H0AAAMAM,18,0.015199999999999908
89,P92029,Atorvastatin_Tab 20mg,0212000B0AAABAB,30,90.12900000000002
90,P92029,Atorvastatin_Tab 80mg,0212000B0AAADAD,4,0.00840000000000024
91,P92029,Memantine HCl_Tab 20mg,0411000G0AAADAD,7,63.895999999999994
92,P92029,Paracet_Tab 500mg,0407010H0AAAMAM,4,-0.022399999999999864
93,P92029,Quetiapine_Tab 300mg,0402010ABAAAKAK,6,0.005599999999999383
94,P92030,Atorvastatin_Tab 20mg,0212000B0AAABAB,155,1.7360000000000497
95,P92030,Hydrocort_Tab 10mg,0603020J0AAADAD,1,-0.011199999999998766
96,P92030,Paracet_Tab 500mg,0407010H0AAAMAM,62,2.480000000000028
97,P92030,Quetiapine_Tab 300mg,0402010ABAAAKAK,1,0.005999999999999339
98,P92031,Atorvastatin_Tab 10mg,0212000B0AAAAAA,25,46.519200000000005
99,P92031,Atorvastatin_Tab 40mg,0212000B0AAACAC,39,22.2768
100,P92031,Atorvastatin_Tab 80mg,0212000B0AAADAD,37,49.49
101,P92031,Montelukast_Tab 10mg,0303020G0AAABAB,8,1.9935999999999996
102,P92031,Paracet_Tab 500mg,0407010H0AAAMAM,66,9.90000000000001
103,P92031,Quetiapine_Tab 300mg,0402010ABAAAKAK,2,78.93200000000002
104,P92033,Atorvastatin_Tab 20mg,0212000B0AAABAB,1,-0.0033999999999999794
105,P92033,Atorvastatin_Tab 80mg,0212000B0AAADAD,4,0.00840000000000024
106,P92033,Paracet_Tab 500mg,0407010H0AAAMAM,10,0.05999999999999964
107,P92034,Atorvastatin_Tab 20mg,0212000B0AAABAB,140,45.471999999999994
108,P92034,Atorvastatin_Tab 40mg,0212000B0AAACAC,2,0.0018000000000001765
109,P92034,Atorvastatin_Tab 80mg,0212000B0AAADAD,1,-0.005800000000000166
110,P92034,Paracet_Tab 500mg,0407010H0AAAMAM,148,-1.4303999999999915
111,P92035,Atorvastatin_Tab 10mg,0212000B0AAAAAA,5,0.012600000000000021
112,P92035,Atorvastatin_Tab 20mg,0212000B0AAABAB,23,22.540000000000003
113,P92035,Atorvastatin_Tab 40mg,0212000B0AAACAC,31,44.615200000000016
114,P92035,Paracet_Tab 500mg,0407010H0AAAMAM,60,-2.399999999999996
115,P92035,Quetiapine_Tab 300mg,0402010ABAAAKAK,1,0.005599999999999383
116,P92038,Atorvastatin_Tab 20mg,0212000B0AAABAB,10,22.54
117,P92038,Atorvastatin_Tab 40mg,0212000B0AAACAC,25,44.52
118,P92038,Memantine HCl_Tab 20mg,0411000G0AAADAD,1,127.79760000000002
119,P92038,Paracet_Tab 500mg,0407010H0AAAMAM,4,0.003999999999999976
120,P92041,Atorvastatin_Tab 20mg,0212000B0AAABAB,1,0.0027000000000000773
121,P92041,Hydrocort_Tab 10mg,0603020J0AAADAD,1,-0.011199999999998766
122,P92041,Paracet_Tab 500mg,0407010H0AAAMAM,32,0.1415999999999992
123,P92041,Quetiapine_Tab 300mg,0402010ABAAAKAK,5,0.02959999999999674
124,P92042,Atorvastatin_Tab 40mg,0212000B0AAACAC,2,-0.002799999999999997
125,P92042,Hydrocort_Tab 10mg,0603020J0AAADAD,1,-0.011199999999998766
126,P92602,Quetiapine_Tab 300mg,0402010ABAAAKAK,35,0.09350000000000303
127,P92605,Atorvastatin_Tab 10mg,0212000B0AAAAAA,7,0.014700000000000081
128,P92605,Atorvastatin_Tab 80mg,0212000B0AAADAD,4,0.00840000000000024
129,P92605,Paracet_Tab 500mg,0407010H0AAAMAM,10,0.05999999999999964
130,P92607,Atorvastatin_Tab 10mg,0212000B0AAAAAA,1,0.0039000000000000076
131,P92607,Atorvastatin_Tab 20mg,0212000B0AAABAB,182,22.422400000000007
132,P92607,Memantine HCl_Tab 20mg,0411000G0AAADAD,15,139.2086
133,P92607,Paracet_Tab 500mg,0407010H0AAAMAM,224,74.18879999999999
134,P92607,Quetiapine_Tab 300mg,0402010ABAAAKAK,4,0.005599999999999383
135,P92615,Memantine HCl_Tab 20mg,0411000G0AAADAD,2,0.00979999999999999
136,P92615,Montelukast_Tab 10mg,0303020G0AAABAB,27,26.3928
137,P92615,Quetiapine_Tab 300mg,0402010ABAAAKAK,2,0.0027999999999996916
138,P92616,Atorvastatin_Tab 10mg,0212000B0AAAAAA,3,-0.008999999999999946
139,P92616,Atorvastatin_Tab 20mg,0212000B0AAABAB,1,-0.0029999999999998778
140,P92616,Montelukast_Tab 10mg,0303020G0AAABAB,1,0.0048000000000001375
141,P92616,Paracet_Tab 500mg,0407010H0AAAMAM,2,0.005599999999999966
142,P92619,Paracet_Tab 500mg,0407010H0AAAMAM,12,0.0655999999999996
143,P92619,Quetiapine_Tab 300mg,0402010ABAAAKAK,2,0.011199999999998766
144,P92620,Atorvastatin_Tab 20mg,0212000B0AAABAB,7,-0.011999999999999095
145,P92620,Atorvastatin_Tab 80mg,0212000B0AAADAD,1,0.00210000000000006
146,P92620,Quetiapine_Tab 300mg,0402010ABAAAKAK,2,0.008399999999999075
147,P92621,Paracet_Tab 500mg,0407010H0AAAMAM,10,-0.0327999999999998
148,P92621,Quetiapine_Tab 300mg,0402010ABAAAKAK,2,0.011199999999998766
149,P92623,Atorvastatin_Tab 10mg,0212000B0AAAAAA,1,-0.008999999999999946
150,P92623,Memantine HCl_Tab 20mg,0411000G0AAADAD,1,0.0013999999999999985
151,P92623,Montelukast_Tab 10mg,0303020G0AAABAB,12,100.25380000000001
152,P92623,Olanzapine_Tab 15mg,040201060AAALAL,2,205.92319999999998
153,P92623,Paracet_Tab 500mg,0407010H0AAAMAM,78,41.6456
154,P92626,Hydrocort_Tab 10mg,0603020J0AAADAD,1,-0.011199999999998766
155,P92626,Quetiapine_Tab 300mg,0402010ABAAAKAK,3,0.01679999999999815
156,P92630,Memantine HCl_Tab 20mg,0411000G0AAADAD,1,-0.0035999999999999782
157,P92630,Quetiapine_Tab 300mg,0402010ABAAAKAK,1,0.0027999999999996916
158,P92633,Atorvastatin_Tab 10mg,0212000B0AAAAAA,4,0.013800000000000034
159,P92634,Atorvastatin_Tab 80mg,0212000B0AAADAD,10,0.0210000000000006
160,P92634,Memantine HCl_Tab 20mg,0411000G0AAADAD,4,0.01959999999999998
161,P92634,Quetiapine_Tab 300mg,0402010ABAAAKAK,4,0.005599999999999383
162,P92635,Atorvastatin_Tab 20mg,0212000B0AAABAB,1,0.006400000000000183
163,P92635,Paracet_Tab 500mg,0407010H0AAAMAM,8,-0.004399999999999973
164,P92635,Quetiapine_Tab 300mg,0402010ABAAAKAK,4,0.005599999999999383
165,P92637,Atorvastatin_Tab 10mg,0212000B0AAAAAA,4,0.008400000000000046
166,P92639,Atorvastatin_Tab 20mg,0212000B0AAABAB,1,0.0026000000000000745
167,P92639,Atorvastatin_Tab 80mg,0212000B0AAADAD,4,0.00840000000000024
168,P92639,Paracet_Tab 500mg,0407010H0AAAMAM,2,0.011999999999999927
169,P92639,Quetiapine_Tab 300mg,0402010ABAAAKAK,1,0.0027999999999996916
170,P92642,Atorvastatin_Tab 10mg,0212000B0AAAAAA,28,92.9824
171,P92642,Atorvastatin_Tab 20mg,0212000B0AAABAB,83,68.29200000000002
172,P92642,Atorvastatin_Tab 40mg,0212000B0AAACAC,22,22.291199999999996
173,P92642,Atorvastatin_Tab 80mg,0212000B0AAADAD,7,0.014700000000000421
174,P92642,Memantine HCl_Tab 20mg,0411000G0AAADAD,2,0.00909999999999997
175,P92642,Montelukast_Tab 10mg,0303020G0AAABAB,19,50.7528
176,P92642,Paracet_Tab 500mg,0407010H0AAAMAM,112,9.908000000000015
177,P92642,Quetiapine_Tab 300mg,0402010ABAAAKAK,6,0.013299999999998535
178,P92646,Atorvastatin_Tab 10mg,0212000B0AAAAAA,3,0.01260000000000007
179,P92646,Paracet_Tab 500mg,0407010H0AAAMAM,2,-0.007999999999999952
180,P92647,Atorvastatin_Tab 20mg,0212000B0AAABAB,70,22.735999999999997
181,P92647,Montelukast_Tab 10mg,0303020G0AAABAB,1,-0.003999999999999837
182,P92647,Paracet_Tab 500mg,0407010H0AAAMAM,136,9.519999999999989
183,P92647,Quetiapine_Tab 300mg,0402010ABAAAKAK,3,0.00879999999999903
184,P92648,Atorvastatin_Tab 10mg,0212000B0AAAAAA,4,46.5472
185,P92648,Atorvastatin_Tab 80mg,0212000B0AAADAD,7,24.813599999999997
186,P92648,Paracet_Tab 500mg,0407010H0AAAMAM,26,30.257600000000004
187,P92652,Atorvastatin_Tab 20mg,0212000B0AAABAB,39,46.30080000000001
188,P92652,Atorvastatin_Tab 40mg,0212000B0AAACAC,18,44.553599999999996
189,P92652,Montelukast_Tab 10mg,0303020G0AAABAB,8,48.7424
190,P92652,Olanzapine_Tab 15mg,040201060AAALAL,4,0.019599999999999396
191,P92652,Paracet_Tab 500mg,0407010H0AAAMAM,32,0.07559999999999954
192,P92652,Quetiapine_Tab 300mg,0402010ABAAAKAK,1,120.01360000000003
193,P92653,Paracet_Tab 500mg,0407010H0AAAMAM,2,0.011999999999999927
194,P92653,Quetiapine_Tab 300mg,0402010ABAAAKAK,4,0.0027999999999996916
195,Y00050,Atorvastatin_Tab 10mg,0212000B0AAAAAA,5,0.010500000000000058
196,Y00050,Atorvastatin_Tab 20mg,0212000B0AAABAB,31,45.136
197,Y00050,Memantine HCl_Tab 20mg,0411000G0AAADAD,3,63.898799999999994
198,Y00050,Paracet_Tab 500mg,0407010H0AAAMAM,12,0.03999999999999976
199,Y00050,Quetiapine_Tab 300mg,0402010ABAAAKAK,4,0.0027999999999996916
200,Y02274,Atorvastatin_Tab 80mg,0212000B0AAADAD,1,-0.003000000000000086
201,Y02274,Quetiapine_Tab 300mg,0402010ABAAAKAK,1,0.0027999999999996916
202,Y02321,Paracet_Tab 500mg,0407010H0AAAMAM,6,0.03599999999999978
203,Y02321,Quetiapine_Tab 300mg,0402010ABAAAKAK,6,0.017199999999998106
204,Y02322,Atorvastatin_Tab 10mg,0212000B0AAAAAA,65,34.864900000000006
205,Y02322,Atorvastatin_Tab 80mg,0212000B0AAADAD,6,0.012600000000000361
206,Y02322,Montelukast_Tab 10mg,0303020G0AAABAB,21,24.3432
207,Y02322,Olanzapine_Tab 15mg,040201060AAALAL,2,0.009799999999999698
208,Y02322,Paracet_Tab 500mg,0407010H0AAAMAM,240,-7.927199999999974
209,Y02322,Quetiapine_Tab 300mg,0402010ABAAAKAK,15,0.01959999999999784
210,Y02378,Atorvastatin_Tab 10mg,0212000B0AAAAAA,87,430.39359999999994
211,Y02378,Atorvastatin_Tab 20mg,0212000B0AAABAB,102,45.12480000000002
212,Y02378,Atorvastatin_Tab 40mg,0212000B0AAACAC,54,22.226399999999998
213,Y02378,Atorvastatin_Tab 80mg,0212000B0AAADAD,17,49.59920000000001
214,Y02378,Montelukast_Tab 10mg,0303020G0AAABAB,29,24.360000000000003
215,Y02378,Paracet_Tab 500mg,0407010H0AAAMAM,162,10.455999999999989
216,Y02378,Quetiapine_Tab 300mg,0402010ABAAAKAK,2,0.005999999999999339
217,Y02885,Atorvastatin_Tab 20mg,0212000B0AAABAB,2,-0.006199999999999747
218,Y02885,Paracet_Tab 500mg,0407010H0AAAMAM,16,0.07079999999999956
219,Y02885,Quetiapine_Tab 300mg,0402010ABAAAKAK,6,0.013299999999998535
220,Y02886,Paracet_Tab 500mg,0407010H0AAAMAM,2,-0.011199999999999932
221,Y03979,Atorvastatin_Tab 10mg,0212000B0AAAAAA,3,0.010500000000000058
222,Y04029,Paracet_Tab 500mg,0407010H0AAAMAM,10,-0.028799999999999548
223,Y05088,Paracet_Tab 500mg,0407010H0AAAMAM,6,-0.024799999999999905
