,practice_code,bnf_description,bnf_code,items,excess_cost
0,Y02414,Aripiprazole_Tab 15mg,0402010ADAAABAB,5,107.8875
107,M83617,Mesalazine_Tab E/C 800mg,0105010B0AAASAS,1,68.87999999999998
148,M83111,Risperidone_Tab 6mg,040201030AAAFAF,1,51.1217
87,M83117,Paracet_Tab Solb 500mg,0407010H0AAAQAQ,4,36.760000000000005
88,M83117,Paracet_Tab Solb 500mg,0407010H0AAAQAQ,4,36.760000000000005
149,Y02414,Bumetanide_Tab 1mg,0202020D0AAAEAE,2,30.352
154,Y02414,Sumatriptan_Tab 50mg,0407041T0AAAFAF,15,27.503999999999998
223,M83062,Perindopril Erbumine_Tab 2mg,0205051M0AAAAAA,3,27.468000000000004
268,Y02414,Montelukast_Tab 10mg,0303020G0AAABAB,10,24.387999999999995
108,M83006,Amiodarone HCl_Tab 200mg,0203020D0AAABAB,17,5.9500000000000055
10,M83148,Clonazepam_Tab 500mcg,0408010F0AAABAB,9,4.271399999999991
109,M83032,Amiodarone HCl_Tab 200mg,0203020D0AAABAB,6,4.200000000000004
110,M83062,Amiodarone HCl_Tab 200mg,0203020D0AAABAB,6,4.200000000000004
111,M83110,Amiodarone HCl_Tab 200mg,0203020D0AAABAB,5,3.500000000000003
112,M83018,Amiodarone HCl_Tab 200mg,0203020D0AAABAB,5,3.500000000000003
12,Y02414,Clonazepam_Tab 500mcg,0408010F0AAABAB,3,3.389999999999993
11,M83062,Clonazepam_Tab 500mcg,0408010F0AAABAB,1,3.389999999999993
13,M83062,Clonazepam_Tab 500mcg,0408010F0AAABAB,5,3.1639999999999935
15,M83032,Clonazepam_Tab 500mcg,0408010F0AAABAB,5,3.1639999999999935
14,M83097,Clonazepam_Tab 500mcg,0408010F0AAABAB,5,3.1639999999999935
113,M83088,Amiodarone HCl_Tab 200mg,0203020D0AAABAB,9,3.150000000000003
16,M83110,Clonazepam_Tab 500mcg,0408010F0AAABAB,3,2.847599999999994
17,M83148,Clonazepam_Tab 500mcg,0408010F0AAABAB,3,2.847599999999994
115,M83006,Amiodarone HCl_Tab 200mg,0203020D0AAABAB,4,2.8000000000000025
114,M83617,Amiodarone HCl_Tab 200mg,0203020D0AAABAB,8,2.8000000000000025
18,M83032,Clonazepam_Tab 500mcg,0408010F0AAABAB,2,2.531199999999995
19,M83617,Clonazepam_Tab 500mcg,0408010F0AAABAB,2,2.531199999999995
20,M83088,Clonazepam_Tab 500mcg,0408010F0AAABAB,2,2.531199999999995
116,M83148,Amiodarone HCl_Tab 200mg,0203020D0AAABAB,7,2.450000000000002
21,M83668,Clonazepam_Tab 500mcg,0408010F0AAABAB,1,2.2599999999999953
22,M83125,Clonazepam_Tab 500mcg,0408010F0AAABAB,1,2.2599999999999953
25,M83031,Clonazepam_Tab 500mcg,0408010F0AAABAB,3,1.898399999999996
24,M83088,Clonazepam_Tab 500mcg,0408010F0AAABAB,2,1.898399999999996
23,M83148,Clonazepam_Tab 500mcg,0408010F0AAABAB,6,1.898399999999996
117,M83706,Amiodarone HCl_Tab 200mg,0203020D0AAABAB,5,1.7500000000000016
122,M83705,Amiodarone HCl_Tab 200mg,0203020D0AAABAB,4,1.4000000000000012
121,M83072,Amiodarone HCl_Tab 200mg,0203020D0AAABAB,4,1.4000000000000012
120,M83617,Amiodarone HCl_Tab 200mg,0203020D0AAABAB,2,1.4000000000000012
119,M83125,Amiodarone HCl_Tab 200mg,0203020D0AAABAB,4,1.4000000000000012
118,M83097,Amiodarone HCl_Tab 200mg,0203020D0AAABAB,2,1.4000000000000012
27,M83006,Clonazepam_Tab 500mcg,0408010F0AAABAB,1,1.3559999999999972
26,M83088,Clonazepam_Tab 500mcg,0408010F0AAABAB,2,1.3559999999999972
35,M83148,Clonazepam_Tab 500mcg,0408010F0AAABAB,2,1.2655999999999974
36,M83018,Clonazepam_Tab 500mcg,0408010F0AAABAB,2,1.2655999999999974
34,M83693,Clonazepam_Tab 500mcg,0408010F0AAABAB,4,1.2655999999999974
33,M83006,Clonazepam_Tab 500mcg,0408010F0AAABAB,4,1.2655999999999974
32,M83062,Clonazepam_Tab 500mcg,0408010F0AAABAB,1,1.2655999999999974
31,M83617,Clonazepam_Tab 500mcg,0408010F0AAABAB,2,1.2655999999999974
29,M83093,Clonazepam_Tab 500mcg,0408010F0AAABAB,2,1.2655999999999974
28,M83018,Clonazepam_Tab 500mcg,0408010F0AAABAB,1,1.2655999999999974
30,M83097,Clonazepam_Tab 500mcg,0408010F0AAABAB,1,1.2655999999999974
37,M83032,Clonazepam_Tab 500mcg,0408010F0AAABAB,1,1.1299999999999977
40,M83148,Clonazepam_Tab 500mcg,0408010F0AAABAB,1,1.1299999999999977
39,M83062,Clonazepam_Tab 500mcg,0408010F0AAABAB,1,1.1299999999999977
38,M83715,Clonazepam_Tab 500mcg,0408010F0AAABAB,1,1.1299999999999977
125,M83062,Amiodarone HCl_Tab 200mg,0203020D0AAABAB,3,1.050000000000001
123,M83032,Amiodarone HCl_Tab 200mg,0203020D0AAABAB,3,1.050000000000001
124,M83030,Amiodarone HCl_Tab 200mg,0203020D0AAABAB,1,1.050000000000001
130,M83113,Amiodarone HCl_Tab 200mg,0203020D0AAABAB,3,1.050000000000001
129,M83617,Amiodarone HCl_Tab 200mg,0203020D0AAABAB,1,1.050000000000001
128,M83030,Amiodarone HCl_Tab 200mg,0203020D0AAABAB,3,1.050000000000001
127,M83148,Amiodarone HCl_Tab 200mg,0203020D0AAABAB,1,1.050000000000001
126,M83117,Amiodarone HCl_Tab 200mg,0203020D0AAABAB,3,1.050000000000001
41,M83062,Clonazepam_Tab 500mcg,0408010F0AAABAB,1,1.016999999999998
131,M83088,Amiodarone HCl_Tab 200mg,0203020D0AAABAB,12,1.0164
45,M83113,Clonazepam_Tab 500mcg,0408010F0AAABAB,4,0.949199999999998
48,M83072,Clonazepam_Tab 500mcg,0408010F0AAABAB,3,0.949199999999998
47,M83117,Clonazepam_Tab 500mcg,0408010F0AAABAB,3,0.949199999999998
46,M83032,Clonazepam_Tab 500mcg,0408010F0AAABAB,1,0.949199999999998
44,M83006,Clonazepam_Tab 500mcg,0408010F0AAABAB,1,0.949199999999998
43,M83110,Clonazepam_Tab 500mcg,0408010F0AAABAB,3,0.949199999999998
42,M83030,Clonazepam_Tab 500mcg,0408010F0AAABAB,3,0.949199999999998
132,M83006,Amiodarone HCl_Tab 200mg,0203020D0AAABAB,10,0.847
49,M83148,Clonazepam_Tab 500mcg,0408010F0AAABAB,4,0.8063999999999991
50,M83041,Clonazepam_Tab 500mcg,0408010F0AAABAB,5,0.7909999999999984
133,M83115,Amiodarone HCl_Tab 200mg,0203020D0AAABAB,1,0.7500000000000007
135,M83115,Amiodarone HCl_Tab 200mg,0203020D0AAABAB,2,0.7000000000000006
136,M83117,Amiodarone HCl_Tab 200mg,0203020D0AAABAB,1,0.7000000000000006
137,M83088,Amiodarone HCl_Tab 200mg,0203020D0AAABAB,1,0.7000000000000006
138,M83110,Amiodarone HCl_Tab 200mg,0203020D0AAABAB,2,0.7000000000000006
140,M83093,Amiodarone HCl_Tab 200mg,0203020D0AAABAB,2,0.7000000000000006
139,M83148,Amiodarone HCl_Tab 200mg,0203020D0AAABAB,1,0.7000000000000006
134,M83041,Amiodarone HCl_Tab 200mg,0203020D0AAABAB,1,0.7000000000000006
51,M83032,Clonazepam_Tab 500mcg,0408010F0AAABAB,1,0.6779999999999986
58,M83093,Clonazepam_Tab 500mcg,0408010F0AAABAB,2,0.6327999999999987
54,M83110,Clonazepam_Tab 500mcg,0408010F0AAABAB,1,0.6327999999999987
66,M83705,Clonazepam_Tab 500mcg,0408010F0AAABAB,2,0.6327999999999987
65,M83030,Clonazepam_Tab 500mcg,0408010F0AAABAB,1,0.6327999999999987
64,M83705,Clonazepam_Tab 500mcg,0408010F0AAABAB,1,0.6327999999999987
63,M83032,Clonazepam_Tab 500mcg,0408010F0AAABAB,2,0.6327999999999987
61,M83006,Clonazepam_Tab 500mcg,0408010F0AAABAB,8,0.6327999999999987
60,M83062,Clonazepam_Tab 500mcg,0408010F0AAABAB,2,0.6327999999999987
59,M83006,Clonazepam_Tab 500mcg,0408010F0AAABAB,1,0.6327999999999987
57,M83693,Clonazepam_Tab 500mcg,0408010F0AAABAB,1,0.6327999999999987
56,M83617,Clonazepam_Tab 500mcg,0408010F0AAABAB,4,0.6327999999999987
55,M83617,Clonazepam_Tab 500mcg,0408010F0AAABAB,2,0.6327999999999987
62,M83132,Clonazepam_Tab 500mcg,0408010F0AAABAB,1,0.6327999999999987
53,M83715,Clonazepam_Tab 500mcg,0408010F0AAABAB,2,0.6327999999999987
52,M83030,Clonazepam_Tab 500mcg,0408010F0AAABAB,4,0.6327999999999987
67,M83006,Clonazepam_Tab 500mcg,0408010F0AAABAB,1,0.474599999999999
68,M83072,Clonazepam_Tab 500mcg,0408010F0AAABAB,3,0.474599999999999
69,M83110,Clonazepam_Tab 500mcg,0408010F0AAABAB,2,0.44399999999999995
143,M83668,Amiodarone HCl_Tab 200mg,0203020D0AAABAB,1,0.3500000000000003
142,M83031,Amiodarone HCl_Tab 200mg,0203020D0AAABAB,1,0.3500000000000003
141,M83041,Amiodarone HCl_Tab 200mg,0203020D0AAABAB,1,0.3500000000000003
144,M83693,Amiodarone HCl_Tab 200mg,0203020D0AAABAB,1,0.3500000000000003
70,M83117,Clonazepam_Tab 500mcg,0408010F0AAABAB,1,0.3389999999999993
71,M83006,Clonazepam_Tab 500mcg,0408010F0AAABAB,1,0.3389999999999993
145,M83032,Amiodarone HCl_Tab 200mg,0203020D0AAABAB,4,0.3388
146,M83110,Amiodarone HCl_Tab 200mg,0203020D0AAABAB,4,0.3388
147,M83617,Amiodarone HCl_Tab 200mg,0203020D0AAABAB,4,0.3388
75,M83041,Clonazepam_Tab 500mcg,0408010F0AAABAB,1,0.31639999999999935
72,M83617,Clonazepam_Tab 500mcg,0408010F0AAABAB,4,0.31639999999999935
73,M83668,Clonazepam_Tab 500mcg,0408010F0AAABAB,1,0.31639999999999935
74,M83018,Clonazepam_Tab 500mcg,0408010F0AAABAB,1,0.31639999999999935
78,M83097,Clonazepam_Tab 500mcg,0408010F0AAABAB,1,0.31639999999999935
76,Y02414,Clonazepam_Tab 500mcg,0408010F0AAABAB,4,0.31639999999999935
77,M83032,Clonazepam_Tab 500mcg,0408010F0AAABAB,4,0.31639999999999935
79,M83113,Clonazepam_Tab 500mcg,0408010F0AAABAB,1,0.31639999999999935
81,M83031,Clonazepam_Tab 500mcg,0408010F0AAABAB,1,0.31639999999999935
80,M83088,Clonazepam_Tab 500mcg,0408010F0AAABAB,1,0.31639999999999935
82,M83617,Clonazepam_Tab 500mcg,0408010F0AAABAB,1,0.22199999999999998
84,M83031,Clonazepam_Tab 500mcg,0408010F0AAABAB,1,0.15819999999999967
83,M83706,Clonazepam_Tab 500mcg,0408010F0AAABAB,1,0.15819999999999967
86,M83132,Clonazepam_Tab 500mcg,0408010F0AAABAB,1,0.15819999999999967
85,M83693,Clonazepam_Tab 500mcg,0408010F0AAABAB,1,0.15819999999999967
224,M83148,Perindopril Erbumine_Tab 2mg,0205051M0AAAAAA,21,0.0441000000000033
1,M83088,Aripiprazole_Tab 15mg,0402010ADAAABAB,6,0.025199999999999556
225,M83088,Perindopril Erbumine_Tab 2mg,0205051M0AAAAAA,11,0.02310000000000173
226,M83006,Perindopril Erbumine_Tab 2mg,0205051M0AAAAAA,9,0.018900000000001416
227,M83110,Perindopril Erbumine_Tab 2mg,0205051M0AAAAAA,9,0.018900000000001416
228,M83030,Perindopril Erbumine_Tab 2mg,0205051M0AAAAAA,8,0.01680000000000126
2,M83110,Aripiprazole_Tab 15mg,0402010ADAAABAB,4,0.016799999999999704
229,M83705,Perindopril Erbumine_Tab 2mg,0205051M0AAAAAA,7,0.014700000000001101
3,M83617,Aripiprazole_Tab 15mg,0402010ADAAABAB,3,0.012599999999999778
230,M83062,Perindopril Erbumine_Tab 2mg,0205051M0AAAAAA,5,0.010500000000000786
231,M83617,Perindopril Erbumine_Tab 2mg,0205051M0AAAAAA,5,0.010500000000000786
232,M83693,Perindopril Erbumine_Tab 2mg,0205051M0AAAAAA,4,0.00840000000000063
89,M83125,Paracet_Tab Solb 500mg,0407010H0AAAQAQ,1,0.006400000000000183
90,M83125,Paracet_Tab Solb 500mg,0407010H0AAAQAQ,1,0.006400000000000183
233,M83125,Perindopril Erbumine_Tab 2mg,0205051M0AAAAAA,3,0.006300000000000472
234,M83693,Perindopril Erbumine_Tab 2mg,0205051M0AAAAAA,1,0.004200000000000315
155,M83148,Sumatriptan_Tab 50mg,0407041T0AAAFAF,1,0.0041999999999995374
156,M83062,Sumatriptan_Tab 50mg,0407041T0AAAFAF,1,0.0031999999999996476
235,M83072,Perindopril Erbumine_Tab 2mg,0205051M0AAAAAA,1,0.0021000000000001573
193,M83693,Sumatriptan_Tab 50mg,0407041T0AAAFAF,5,0.0
196,M83715,Sumatriptan_Tab 50mg,0407041T0AAAFAF,3,0.0
195,M83032,Sumatriptan_Tab 50mg,0407041T0AAAFAF,16,0.0
197,M83125,Sumatriptan_Tab 50mg,0407041T0AAAFAF,3,0.0
198,M83715,Sumatriptan_Tab 50mg,0407041T0AAAFAF,2,0.0
199,M83148,Sumatriptan_Tab 50mg,0407041T0AAAFAF,1,0.0
194,M83148,Sumatriptan_Tab 50mg,0407041T0AAAFAF,20,0.0
214,M83693,Sumatriptan_Tab 50mg,0407041T0AAAFAF,2,0.0
192,M83715,Sumatriptan_Tab 50mg,0407041T0AAAFAF,7,0.0
191,M83041,Sumatriptan_Tab 50mg,0407041T0AAAFAF,1,0.0
190,M83018,Sumatriptan_Tab 50mg,0407041T0AAAFAF,8,0.0
189,M83668,Sumatriptan_Tab 50mg,0407041T0AAAFAF,1,0.0
201,M83062,Sumatriptan_Tab 50mg,0407041T0AAAFAF,5,0.0
188,M83030,Sumatriptan_Tab 50mg,0407041T0AAAFAF,10,0.0
187,M83110,Sumatriptan_Tab 50mg,0407041T0AAAFAF,8,0.0
186,M83006,Sumatriptan_Tab 50mg,0407041T0AAAFAF,22,0.0
185,M83097,Sumatriptan_Tab 50mg,0407041T0AAAFAF,6,0.0
200,M83088,Sumatriptan_Tab 50mg,0407041T0AAAFAF,8,0.0
208,M83072,Sumatriptan_Tab 50mg,0407041T0AAAFAF,8,0.0
202,M83030,Sumatriptan_Tab 50mg,0407041T0AAAFAF,3,0.0
203,M83132,Sumatriptan_Tab 50mg,0407041T0AAAFAF,3,0.0
216,M83617,Sumatriptan_Tab 50mg,0407041T0AAAFAF,4,0.0
217,M83125,Sumatriptan_Tab 50mg,0407041T0AAAFAF,5,0.0
218,M83093,Sumatriptan_Tab 50mg,0407041T0AAAFAF,3,0.0
219,M83148,Sumatriptan_Tab 50mg,0407041T0AAAFAF,11,0.0
183,M83097,Sumatriptan_Tab 50mg,0407041T0AAAFAF,2,0.0
213,M83041,Sumatriptan_Tab 50mg,0407041T0AAAFAF,3,0.0
212,M83113,Sumatriptan_Tab 50mg,0407041T0AAAFAF,3,0.0
211,M83705,Sumatriptan_Tab 50mg,0407041T0AAAFAF,2,0.0
210,M83093,Sumatriptan_Tab 50mg,0407041T0AAAFAF,5,0.0
209,M83006,Sumatriptan_Tab 50mg,0407041T0AAAFAF,2,0.0
215,M83125,Sumatriptan_Tab 50mg,0407041T0AAAFAF,1,0.0
207,M83006,Sumatriptan_Tab 50mg,0407041T0AAAFAF,29,0.0
206,M83072,Sumatriptan_Tab 50mg,0407041T0AAAFAF,6,0.0
205,M83617,Sumatriptan_Tab 50mg,0407041T0AAAFAF,19,0.0
204,M83617,Sumatriptan_Tab 50mg,0407041T0AAAFAF,18,0.0
184,M83115,Sumatriptan_Tab 50mg,0407041T0AAAFAF,2,0.0
176,M83062,Sumatriptan_Tab 50mg,0407041T0AAAFAF,14,0.0
182,M83062,Sumatriptan_Tab 50mg,0407041T0AAAFAF,13,0.0
168,M83031,Sumatriptan_Tab 50mg,0407041T0AAAFAF,5,0.0
158,Y02414,Sumatriptan_Tab 50mg,0407041T0AAAFAF,11,0.0
159,M83088,Sumatriptan_Tab 50mg,0407041T0AAAFAF,10,0.0
160,M83110,Sumatriptan_Tab 50mg,0407041T0AAAFAF,7,0.0
161,M83148,Sumatriptan_Tab 50mg,0407041T0AAAFAF,7,0.0
162,M83030,Sumatriptan_Tab 50mg,0407041T0AAAFAF,10,0.0
163,M83032,Sumatriptan_Tab 50mg,0407041T0AAAFAF,8,0.0
164,M83097,Sumatriptan_Tab 50mg,0407041T0AAAFAF,12,0.0
165,M83132,Sumatriptan_Tab 50mg,0407041T0AAAFAF,5,0.0
166,M83031,Sumatriptan_Tab 50mg,0407041T0AAAFAF,6,0.0
167,M83706,Sumatriptan_Tab 50mg,0407041T0AAAFAF,3,0.0
169,M83117,Sumatriptan_Tab 50mg,0407041T0AAAFAF,6,0.0
181,M83018,Sumatriptan_Tab 50mg,0407041T0AAAFAF,6,0.0
170,M83097,Sumatriptan_Tab 50mg,0407041T0AAAFAF,1,0.0
171,M83041,Sumatriptan_Tab 50mg,0407041T0AAAFAF,2,0.0
172,M83006,Sumatriptan_Tab 50mg,0407041T0AAAFAF,2,0.0
173,M83132,Sumatriptan_Tab 50mg,0407041T0AAAFAF,1,0.0
174,M83693,Sumatriptan_Tab 50mg,0407041T0AAAFAF,1,0.0
175,M83111,Sumatriptan_Tab 50mg,0407041T0AAAFAF,3,0.0
177,M83705,Sumatriptan_Tab 50mg,0407041T0AAAFAF,2,0.0
178,M83072,Sumatriptan_Tab 50mg,0407041T0AAAFAF,1,0.0
179,M83117,Sumatriptan_Tab 50mg,0407041T0AAAFAF,13,0.0
180,M83115,Sumatriptan_Tab 50mg,0407041T0AAAFAF,1,0.0
157,M83111,Sumatriptan_Tab 50mg,0407041T0AAAFAF,1,0.0
150,M83006,Bumetanide_Tab 1mg,0202020D0AAAEAE,1,-0.0015999999999999348
238,M83097,Perindopril Erbumine_Tab 2mg,0205051M0AAAAAA,1,-0.0027999999999996916
237,M83062,Perindopril Erbumine_Tab 2mg,0205051M0AAAAAA,1,-0.0027999999999996916
236,M83706,Perindopril Erbumine_Tab 2mg,0205051M0AAAAAA,1,-0.0027999999999996916
221,Y02414,Sumatriptan_Tab 50mg,0407041T0AAAFAF,1,-0.0027999999999996916
220,M83006,Sumatriptan_Tab 50mg,0407041T0AAAFAF,1,-0.0027999999999996916
151,M83088,Bumetanide_Tab 1mg,0202020D0AAAEAE,1,-0.002799999999999997
4,M83117,Aripiprazole_Tab 15mg,0402010ADAAABAB,1,-0.00280000000000008
222,M83032,Sumatriptan_Tab 50mg,0407041T0AAAFAF,1,-0.00300000000000078
94,M83041,Paracet_Tab Solb 500mg,0407010H0AAAQAQ,1,-0.0031999999999996476
92,M83041,Paracet_Tab Solb 500mg,0407010H0AAAQAQ,1,-0.0031999999999996476
93,M83072,Paracet_Tab Solb 500mg,0407010H0AAAQAQ,1,-0.0031999999999996476
91,M83072,Paracet_Tab Solb 500mg,0407010H0AAAQAQ,1,-0.0031999999999996476
243,M83113,Perindopril Erbumine_Tab 2mg,0205051M0AAAAAA,1,-0.005599999999999383
240,M83117,Perindopril Erbumine_Tab 2mg,0205051M0AAAAAA,2,-0.005599999999999383
241,M83088,Perindopril Erbumine_Tab 2mg,0205051M0AAAAAA,2,-0.005599999999999383
239,M83031,Perindopril Erbumine_Tab 2mg,0205051M0AAAAAA,2,-0.005599999999999383
242,M83113,Perindopril Erbumine_Tab 2mg,0205051M0AAAAAA,2,-0.005599999999999383
152,M83006,Bumetanide_Tab 1mg,0202020D0AAAEAE,3,-0.00659999999999996
244,M83093,Perindopril Erbumine_Tab 2mg,0205051M0AAAAAA,3,-0.008399999999999075
245,M83032,Perindopril Erbumine_Tab 2mg,0205051M0AAAAAA,3,-0.008399999999999075
252,M83088,Perindopril Erbumine_Tab 2mg,0205051M0AAAAAA,2,-0.011199999999998766
246,M83115,Perindopril Erbumine_Tab 2mg,0205051M0AAAAAA,4,-0.011199999999998766
247,M83132,Perindopril Erbumine_Tab 2mg,0205051M0AAAAAA,2,-0.011199999999998766
248,M83018,Perindopril Erbumine_Tab 2mg,0205051M0AAAAAA,4,-0.011199999999998766
249,M83072,Perindopril Erbumine_Tab 2mg,0205051M0AAAAAA,4,-0.011199999999998766
250,M83062,Perindopril Erbumine_Tab 2mg,0205051M0AAAAAA,2,-0.011199999999998766
251,M83018,Perindopril Erbumine_Tab 2mg,0205051M0AAAAAA,2,-0.011199999999998766
7,M83062,Aripiprazole_Tab 15mg,0402010ADAAABAB,4,-0.01120000000000032
6,M83110,Aripiprazole_Tab 15mg,0402010ADAAABAB,4,-0.01120000000000032
5,M83006,Aripiprazole_Tab 15mg,0402010ADAAABAB,4,-0.01120000000000032
98,M83072,Paracet_Tab Solb 500mg,0407010H0AAAQAQ,2,-0.011999999999998678
96,M83125,Paracet_Tab Solb 500mg,0407010H0AAAQAQ,2,-0.011999999999998678
97,M83125,Paracet_Tab Solb 500mg,0407010H0AAAQAQ,2,-0.011999999999998678
99,M83093,Paracet_Tab Solb 500mg,0407010H0AAAQAQ,2,-0.011999999999998678
100,M83093,Paracet_Tab Solb 500mg,0407010H0AAAQAQ,2,-0.011999999999998678
95,M83072,Paracet_Tab Solb 500mg,0407010H0AAAQAQ,2,-0.011999999999998678
153,M83617,Bumetanide_Tab 1mg,0202020D0AAAEAE,6,-0.01319999999999992
254,M83030,Perindopril Erbumine_Tab 2mg,0205051M0AAAAAA,5,-0.013999999999998458
253,M83617,Perindopril Erbumine_Tab 2mg,0205051M0AAAAAA,5,-0.013999999999998458
8,M83148,Aripiprazole_Tab 15mg,0402010ADAAABAB,5,-0.014000000000000401
255,M83041,Perindopril Erbumine_Tab 2mg,0205051M0AAAAAA,3,-0.01679999999999815
256,M83693,Perindopril Erbumine_Tab 2mg,0205051M0AAAAAA,3,-0.01679999999999815
9,M83617,Aripiprazole_Tab 15mg,0402010ADAAABAB,6,-0.01680000000000048
102,M83006,Paracet_Tab Solb 500mg,0407010H0AAAQAQ,3,-0.017999999999998018
101,M83006,Paracet_Tab Solb 500mg,0407010H0AAAQAQ,3,-0.017999999999998018
257,M83617,Perindopril Erbumine_Tab 2mg,0205051M0AAAAAA,4,-0.022399999999997533
260,M83097,Perindopril Erbumine_Tab 2mg,0205051M0AAAAAA,4,-0.022399999999997533
258,M83693,Perindopril Erbumine_Tab 2mg,0205051M0AAAAAA,8,-0.022399999999997533
259,M83072,Perindopril Erbumine_Tab 2mg,0205051M0AAAAAA,4,-0.022399999999997533
261,M83148,Perindopril Erbumine_Tab 2mg,0205051M0AAAAAA,9,-0.025199999999997225
262,M83031,Perindopril Erbumine_Tab 2mg,0205051M0AAAAAA,5,-0.027999999999996916
263,M83006,Perindopril Erbumine_Tab 2mg,0205051M0AAAAAA,10,-0.027999999999996916
264,M83093,Perindopril Erbumine_Tab 2mg,0205051M0AAAAAA,6,-0.0335999999999963
103,M83088,Paracet_Tab Solb 500mg,0407010H0AAAQAQ,6,-0.035999999999996035
104,M83088,Paracet_Tab Solb 500mg,0407010H0AAAQAQ,6,-0.035999999999996035
265,M83006,Perindopril Erbumine_Tab 2mg,0205051M0AAAAAA,7,-0.03919999999999568
105,M83062,Paracet_Tab Solb 500mg,0407010H0AAAQAQ,7,-0.041999999999995374
106,M83062,Paracet_Tab Solb 500mg,0407010H0AAAQAQ,7,-0.041999999999995374
266,M83110,Perindopril Erbumine_Tab 2mg,0205051M0AAAAAA,8,-0.044799999999995066
267,M83032,Perindopril Erbumine_Tab 2mg,0205051M0AAAAAA,15,-0.08399999999999075
