,practice_code,bnf_description,bnf_code,items,excess_cost
5,H85066,Mesalazine_Tab E/C 400mg,0105010B0AAAAAA,1,71.87039999999999
0,H85048,Risperidone_Tab 6mg,040201030AAAFAF,8,58.464
1,H85069,Risperidone_Tab 6mg,040201030AAAFAF,1,58.4192
6,H85061,Mesalazine_Tab E/C 400mg,0105010B0AAAAAA,1,51.33599999999999
7,H85041,Mesalazine_Tab E/C 400mg,0105010B0AAAAAA,1,47.913599999999995
8,H85012,Mesalazine_Tab E/C 400mg,0105010B0AAAAAA,1,47.913599999999995
9,H85003,Mesalazine_Tab E/C 400mg,0105010B0AAAAAA,2,47.913599999999995
146,H85003,Sumatriptan_Tab 50mg,0407041T0AAAFAF,5,38.12399999999999
10,H85077,Mesalazine_Tab E/C 400mg,0105010B0AAAAAA,1,34.224
2,H85087,Risperidone_Tab 6mg,040201030AAAFAF,4,29.232
4,H85002,Risperidone_Tab 6mg,040201030AAAFAF,1,29.2096
3,H85082,Risperidone_Tab 6mg,040201030AAAFAF,1,29.2096
11,H85012,Mesalazine_Tab E/C 400mg,0105010B0AAAAAA,2,25.668
12,H85111,Mesalazine_Tab E/C 400mg,0105010B0AAAAAA,4,23.973600000000005
13,H85001,Mesalazine_Tab E/C 400mg,0105010B0AAAAAA,1,23.956799999999998
14,Y02423,Mesalazine_Tab E/C 400mg,0105010B0AAAAAA,1,23.956799999999998
15,H85075,Mesalazine_Tab E/C 400mg,0105010B0AAAAAA,1,23.956799999999998
135,H85001,Tetrabenazine_Tab 25mg,0409030C0AAAAAA,2,15.99359999999998
16,H85100,Mesalazine_Tab E/C 400mg,0105010B0AAAAAA,4,15.971199999999998
17,H85041,Mesalazine_Tab E/C 400mg,0105010B0AAAAAA,4,11.969999999999999
136,H85001,Tetrabenazine_Tab 25mg,0409030C0AAAAAA,3,8.996399999999989
32,Y02423,Clonazepam_Tab 500mcg,0408010F0AAABAB,1,8.135999999999983
137,H85001,Tetrabenazine_Tab 25mg,0409030C0AAAAAA,2,7.99679999999999
318,H85009,Topiramate_Tab 200mg,040801050AAACAC,1,4.979999999999998
317,H85048,Topiramate_Tab 200mg,040801050AAACAC,1,4.979999999999998
33,H85066,Clonazepam_Tab 500mcg,0408010F0AAABAB,1,4.519999999999991
138,H85001,Tetrabenazine_Tab 25mg,0409030C0AAAAAA,2,3.998399999999995
296,H85066,Pyridox HCl_Tab 50mg,0906024N0AAAIAI,1,3.830400000000001
141,Y02423,Tetrabenazine_Tab 25mg,0409030C0AAAAAA,4,2.998799999999996
139,H85002,Tetrabenazine_Tab 25mg,0409030C0AAAAAA,1,2.998799999999996
140,H85680,Tetrabenazine_Tab 25mg,0409030C0AAAAAA,4,2.998799999999996
297,H85041,Pyridox HCl_Tab 50mg,0906024N0AAAIAI,1,2.8728000000000007
298,H85114,Pyridox HCl_Tab 50mg,0906024N0AAAIAI,1,2.8728000000000007
34,Y02423,Clonazepam_Tab 500mcg,0408010F0AAABAB,2,2.531199999999995
35,H85001,Clonazepam_Tab 500mcg,0408010F0AAABAB,4,2.531199999999995
299,H85012,Pyridox HCl_Tab 50mg,0906024N0AAAIAI,7,2.5137000000000005
320,H85012,Topiramate_Tab 200mg,040801050AAACAC,1,2.489999999999999
319,H85049,Topiramate_Tab 200mg,040801050AAACAC,1,2.489999999999999
36,H85045,Clonazepam_Tab 500mcg,0408010F0AAABAB,15,2.372999999999995
321,H85009,Topiramate_Tab 200mg,040801050AAACAC,1,2.3183999999999996
322,H85088,Topiramate_Tab 200mg,040801050AAACAC,4,2.307200000000001
38,H85001,Clonazepam_Tab 500mcg,0408010F0AAABAB,2,2.2599999999999953
37,Y01132,Clonazepam_Tab 500mcg,0408010F0AAABAB,1,2.2599999999999953
39,Y02423,Clonazepam_Tab 500mcg,0408010F0AAABAB,7,2.2147999999999954
40,Y02423,Clonazepam_Tab 500mcg,0408010F0AAABAB,13,2.056599999999996
142,H85001,Tetrabenazine_Tab 25mg,0409030C0AAAAAA,2,1.9991999999999974
143,H85065,Tetrabenazine_Tab 25mg,0409030C0AAAAAA,1,1.9991999999999974
301,H85100,Pyridox HCl_Tab 50mg,0906024N0AAAIAI,1,1.9152000000000005
300,H85012,Pyridox HCl_Tab 50mg,0906024N0AAAIAI,1,1.9152000000000005
41,Y02423,Clonazepam_Tab 500mcg,0408010F0AAABAB,1,1.898399999999996
46,H85061,Clonazepam_Tab 500mcg,0408010F0AAABAB,1,1.898399999999996
45,H85012,Clonazepam_Tab 500mcg,0408010F0AAABAB,3,1.898399999999996
42,H85052,Clonazepam_Tab 500mcg,0408010F0AAABAB,4,1.898399999999996
43,H85001,Clonazepam_Tab 500mcg,0408010F0AAABAB,6,1.898399999999996
48,H85041,Clonazepam_Tab 500mcg,0408010F0AAABAB,3,1.898399999999996
47,H85008,Clonazepam_Tab 500mcg,0408010F0AAABAB,4,1.898399999999996
44,H85007,Clonazepam_Tab 500mcg,0408010F0AAABAB,2,1.898399999999996
253,Y02423,Amiodarone HCl_Tab 200mg,0203020D0AAABAB,21,1.7787
323,H85008,Topiramate_Tab 200mg,040801050AAACAC,3,1.7304000000000006
51,H85047,Clonazepam_Tab 500mcg,0408010F0AAABAB,10,1.5819999999999967
49,H85057,Clonazepam_Tab 500mcg,0408010F0AAABAB,4,1.5819999999999967
50,H85052,Clonazepam_Tab 500mcg,0408010F0AAABAB,5,1.5819999999999967
302,H85637,Pyridox HCl_Tab 50mg,0906024N0AAAIAI,1,1.5390000000000004
144,H85001,Tetrabenazine_Tab 25mg,0409030C0AAAAAA,1,1.499399999999998
303,H85065,Pyridox HCl_Tab 50mg,0906024N0AAAIAI,1,1.4364000000000003
304,H85052,Pyridox HCl_Tab 50mg,0906024N0AAAIAI,1,1.4364000000000003
52,H85111,Clonazepam_Tab 500mcg,0408010F0AAABAB,9,1.423799999999997
444,H85045,Omeprazole_Cap E/C 20mg,0103050P0AAAAAA,288,1.4111999999999985
254,Y01132,Amiodarone HCl_Tab 200mg,0203020D0AAABAB,2,1.4000000000000012
255,H85009,Amiodarone HCl_Tab 200mg,0203020D0AAABAB,2,1.4000000000000012
257,H85077,Amiodarone HCl_Tab 200mg,0203020D0AAABAB,2,1.4000000000000012
258,H85047,Amiodarone HCl_Tab 200mg,0203020D0AAABAB,2,1.4000000000000012
256,H85066,Amiodarone HCl_Tab 200mg,0203020D0AAABAB,2,1.4000000000000012
56,H85009,Clonazepam_Tab 500mcg,0408010F0AAABAB,1,1.3559999999999972
53,H85005,Clonazepam_Tab 500mcg,0408010F0AAABAB,2,1.3559999999999972
54,H85066,Clonazepam_Tab 500mcg,0408010F0AAABAB,1,1.3559999999999972
55,H85007,Clonazepam_Tab 500mcg,0408010F0AAABAB,1,1.3559999999999972
445,H85005,Omeprazole_Cap E/C 20mg,0103050P0AAAAAA,262,1.2837999999999985
446,Y02423,Omeprazole_Cap E/C 20mg,0103050P0AAAAAA,259,1.2690999999999986
57,H85008,Clonazepam_Tab 500mcg,0408010F0AAABAB,2,1.2655999999999974
58,H85012,Clonazepam_Tab 500mcg,0408010F0AAABAB,1,1.2655999999999974
59,H85001,Clonazepam_Tab 500mcg,0408010F0AAABAB,1,1.2655999999999974
69,H85052,Clonazepam_Tab 500mcg,0408010F0AAABAB,1,1.2655999999999974
61,H85047,Clonazepam_Tab 500mcg,0408010F0AAABAB,2,1.2655999999999974
62,H85066,Clonazepam_Tab 500mcg,0408010F0AAABAB,4,1.2655999999999974
63,H85008,Clonazepam_Tab 500mcg,0408010F0AAABAB,1,1.2655999999999974
64,Y02423,Clonazepam_Tab 500mcg,0408010F0AAABAB,2,1.2655999999999974
65,H85048,Clonazepam_Tab 500mcg,0408010F0AAABAB,16,1.2655999999999974
66,H85077,Clonazepam_Tab 500mcg,0408010F0AAABAB,4,1.2655999999999974
67,H85005,Clonazepam_Tab 500mcg,0408010F0AAABAB,4,1.2655999999999974
68,H85048,Clonazepam_Tab 500mcg,0408010F0AAABAB,2,1.2655999999999974
60,H85048,Clonazepam_Tab 500mcg,0408010F0AAABAB,1,1.2655999999999974
324,Y02423,Aspirin Disper_Tab 75mg,0209000A0AAABAB,450,1.2599999999999925
325,Y02423,Aspirin Disper_Tab 75mg,0209000A0AAABAB,450,1.2599999999999925
447,H85047,Omeprazole_Cap E/C 20mg,0103050P0AAAAAA,234,1.1465999999999987
73,Y01132,Clonazepam_Tab 500mcg,0408010F0AAABAB,1,1.1299999999999977
70,H85680,Clonazepam_Tab 500mcg,0408010F0AAABAB,1,1.1299999999999977
71,H85069,Clonazepam_Tab 500mcg,0408010F0AAABAB,1,1.1299999999999977
72,H85087,Clonazepam_Tab 500mcg,0408010F0AAABAB,1,1.1299999999999977
74,H85111,Clonazepam_Tab 500mcg,0408010F0AAABAB,1,1.1299999999999977
261,H85114,Amiodarone HCl_Tab 200mg,0203020D0AAABAB,1,1.050000000000001
262,H85009,Amiodarone HCl_Tab 200mg,0203020D0AAABAB,1,1.050000000000001
259,H85057,Amiodarone HCl_Tab 200mg,0203020D0AAABAB,1,1.050000000000001
260,Y02423,Amiodarone HCl_Tab 200mg,0203020D0AAABAB,3,1.050000000000001
263,H85041,Amiodarone HCl_Tab 200mg,0203020D0AAABAB,12,1.0164
145,H85048,Tetrabenazine_Tab 25mg,0409030C0AAAAAA,4,0.9995999999999987
308,H85008,Pyridox HCl_Tab 50mg,0906024N0AAAIAI,4,0.9576000000000002
306,H85061,Pyridox HCl_Tab 50mg,0906024N0AAAIAI,2,0.9576000000000002
307,H85005,Pyridox HCl_Tab 50mg,0906024N0AAAIAI,1,0.9576000000000002
305,H85012,Pyridox HCl_Tab 50mg,0906024N0AAAIAI,1,0.9576000000000002
79,H85111,Clonazepam_Tab 500mcg,0408010F0AAABAB,4,0.949199999999998
80,H85001,Clonazepam_Tab 500mcg,0408010F0AAABAB,1,0.949199999999998
78,H85045,Clonazepam_Tab 500mcg,0408010F0AAABAB,4,0.949199999999998
77,H85111,Clonazepam_Tab 500mcg,0408010F0AAABAB,1,0.949199999999998
81,H85009,Clonazepam_Tab 500mcg,0408010F0AAABAB,6,0.949199999999998
83,H85007,Clonazepam_Tab 500mcg,0408010F0AAABAB,12,0.949199999999998
82,H85066,Clonazepam_Tab 500mcg,0408010F0AAABAB,6,0.949199999999998
75,H85066,Clonazepam_Tab 500mcg,0408010F0AAABAB,12,0.949199999999998
76,H85691,Clonazepam_Tab 500mcg,0408010F0AAABAB,1,0.949199999999998
264,H85045,Amiodarone HCl_Tab 200mg,0203020D0AAABAB,10,0.847
448,H85007,Omeprazole_Cap E/C 20mg,0103050P0AAAAAA,169,0.8280999999999991
84,H85114,Clonazepam_Tab 500mcg,0408010F0AAABAB,5,0.7909999999999984
87,H85048,Clonazepam_Tab 500mcg,0408010F0AAABAB,5,0.7909999999999984
86,H85682,Clonazepam_Tab 500mcg,0408010F0AAABAB,5,0.7909999999999984
85,H85003,Clonazepam_Tab 500mcg,0408010F0AAABAB,10,0.7909999999999984
327,H85041,Aspirin Disper_Tab 75mg,0209000A0AAABAB,258,0.7223999999999956
326,H85041,Aspirin Disper_Tab 75mg,0209000A0AAABAB,258,0.7223999999999956
266,H85047,Amiodarone HCl_Tab 200mg,0203020D0AAABAB,4,0.7168000000000003
265,H85075,Amiodarone HCl_Tab 200mg,0203020D0AAABAB,4,0.7168000000000003
449,H85048,Omeprazole_Cap E/C 20mg,0103050P0AAAAAA,143,0.7006999999999992
271,H85061,Amiodarone HCl_Tab 200mg,0203020D0AAABAB,1,0.7000000000000006
272,H85006,Amiodarone HCl_Tab 200mg,0203020D0AAABAB,1,0.7000000000000006
268,H85011,Amiodarone HCl_Tab 200mg,0203020D0AAABAB,1,0.7000000000000006
269,H85001,Amiodarone HCl_Tab 200mg,0203020D0AAABAB,2,0.7000000000000006
270,H85114,Amiodarone HCl_Tab 200mg,0203020D0AAABAB,1,0.7000000000000006
279,H85041,Amiodarone HCl_Tab 200mg,0203020D0AAABAB,1,0.7000000000000006
278,H85002,Amiodarone HCl_Tab 200mg,0203020D0AAABAB,1,0.7000000000000006
277,H85012,Amiodarone HCl_Tab 200mg,0203020D0AAABAB,2,0.7000000000000006
276,H85007,Amiodarone HCl_Tab 200mg,0203020D0AAABAB,1,0.7000000000000006
275,H85003,Amiodarone HCl_Tab 200mg,0203020D0AAABAB,1,0.7000000000000006
274,H85680,Amiodarone HCl_Tab 200mg,0203020D0AAABAB,1,0.7000000000000006
273,H85082,Amiodarone HCl_Tab 200mg,0203020D0AAABAB,2,0.7000000000000006
267,H85048,Amiodarone HCl_Tab 200mg,0203020D0AAABAB,1,0.7000000000000006
328,H85005,Aspirin Disper_Tab 75mg,0209000A0AAABAB,250,0.6999999999999957
329,H85005,Aspirin Disper_Tab 75mg,0209000A0AAABAB,250,0.6999999999999957
88,H85006,Clonazepam_Tab 500mcg,0408010F0AAABAB,4,0.696
92,H85069,Clonazepam_Tab 500mcg,0408010F0AAABAB,1,0.6779999999999986
89,H85007,Clonazepam_Tab 500mcg,0408010F0AAABAB,1,0.6779999999999986
91,H85066,Clonazepam_Tab 500mcg,0408010F0AAABAB,1,0.6779999999999986
90,Y02423,Clonazepam_Tab 500mcg,0408010F0AAABAB,2,0.6779999999999986
281,Y01132,Amiodarone HCl_Tab 200mg,0203020D0AAABAB,8,0.6776
280,H85047,Amiodarone HCl_Tab 200mg,0203020D0AAABAB,8,0.6776
283,H85066,Amiodarone HCl_Tab 200mg,0203020D0AAABAB,8,0.6776
282,H85012,Amiodarone HCl_Tab 200mg,0203020D0AAABAB,8,0.6776
450,H85011,Omeprazole_Cap E/C 20mg,0103050P0AAAAAA,136,0.6663999999999992
99,H85041,Clonazepam_Tab 500mcg,0408010F0AAABAB,4,0.6327999999999987
100,Y01132,Clonazepam_Tab 500mcg,0408010F0AAABAB,2,0.6327999999999987
93,H85111,Clonazepam_Tab 500mcg,0408010F0AAABAB,1,0.6327999999999987
94,H85007,Clonazepam_Tab 500mcg,0408010F0AAABAB,4,0.6327999999999987
95,H85061,Clonazepam_Tab 500mcg,0408010F0AAABAB,1,0.6327999999999987
96,H85114,Clonazepam_Tab 500mcg,0408010F0AAABAB,2,0.6327999999999987
103,H85100,Clonazepam_Tab 500mcg,0408010F0AAABAB,2,0.6327999999999987
102,H85002,Clonazepam_Tab 500mcg,0408010F0AAABAB,4,0.6327999999999987
101,H85011,Clonazepam_Tab 500mcg,0408010F0AAABAB,1,0.6327999999999987
98,H85008,Clonazepam_Tab 500mcg,0408010F0AAABAB,2,0.6327999999999987
97,H85007,Clonazepam_Tab 500mcg,0408010F0AAABAB,2,0.6327999999999987
451,H85041,Omeprazole_Cap E/C 20mg,0103050P0AAAAAA,127,0.6222999999999993
452,H85066,Omeprazole_Cap E/C 20mg,0103050P0AAAAAA,125,0.6124999999999994
453,H85003,Omeprazole_Cap E/C 20mg,0103050P0AAAAAA,124,0.6075999999999994
454,H85012,Omeprazole_Cap E/C 20mg,0103050P0AAAAAA,119,0.5830999999999994
331,H85048,Aspirin Disper_Tab 75mg,0209000A0AAABAB,204,0.5711999999999966
330,H85048,Aspirin Disper_Tab 75mg,0209000A0AAABAB,204,0.5711999999999966
104,H85005,Clonazepam_Tab 500mcg,0408010F0AAABAB,1,0.5699999999999983
332,H85045,Aspirin Disper_Tab 75mg,0209000A0AAABAB,197,0.5515999999999966
333,H85045,Aspirin Disper_Tab 75mg,0209000A0AAABAB,197,0.5515999999999966
455,H85006,Omeprazole_Cap E/C 20mg,0103050P0AAAAAA,108,0.5291999999999994
456,H85002,Omeprazole_Cap E/C 20mg,0103050P0AAAAAA,108,0.5291999999999994
457,H85061,Omeprazole_Cap E/C 20mg,0103050P0AAAAAA,100,0.48999999999999944
458,H85008,Omeprazole_Cap E/C 20mg,0103050P0AAAAAA,99,0.4850999999999995
311,H85041,Pyridox HCl_Tab 50mg,0906024N0AAAIAI,1,0.4788000000000001
310,H85009,Pyridox HCl_Tab 50mg,0906024N0AAAIAI,1,0.4788000000000001
309,H85003,Pyridox HCl_Tab 50mg,0906024N0AAAIAI,4,0.4788000000000001
105,H85680,Clonazepam_Tab 500mcg,0408010F0AAABAB,1,0.474599999999999
106,H85006,Clonazepam_Tab 500mcg,0408010F0AAABAB,1,0.474599999999999
459,H85111,Omeprazole_Cap E/C 20mg,0103050P0AAAAAA,96,0.4703999999999995
334,H85087,Aspirin Disper_Tab 75mg,0209000A0AAABAB,161,0.45079999999999726
335,H85087,Aspirin Disper_Tab 75mg,0209000A0AAABAB,161,0.45079999999999726
107,H85001,Clonazepam_Tab 500mcg,0408010F0AAABAB,2,0.44399999999999995
336,H85047,Aspirin Disper_Tab 75mg,0209000A0AAABAB,155,0.4339999999999974
337,H85047,Aspirin Disper_Tab 75mg,0209000A0AAABAB,155,0.4339999999999974
460,Y01132,Omeprazole_Cap E/C 20mg,0103050P0AAAAAA,88,0.43119999999999953
338,H85066,Aspirin Disper_Tab 75mg,0209000A0AAABAB,153,0.4283999999999974
339,H85066,Aspirin Disper_Tab 75mg,0209000A0AAABAB,153,0.4283999999999974
285,H85111,Amiodarone HCl_Tab 200mg,0203020D0AAABAB,5,0.4235
284,H85005,Amiodarone HCl_Tab 200mg,0203020D0AAABAB,5,0.4235
462,H85100,Omeprazole_Cap E/C 20mg,0103050P0AAAAAA,84,0.4115999999999995
461,H85680,Omeprazole_Cap E/C 20mg,0103050P0AAAAAA,84,0.4115999999999995
463,H85682,Omeprazole_Cap E/C 20mg,0103050P0AAAAAA,82,0.40179999999999955
340,H85007,Aspirin Disper_Tab 75mg,0209000A0AAABAB,143,0.4003999999999976
341,H85007,Aspirin Disper_Tab 75mg,0209000A0AAABAB,143,0.4003999999999976
464,H85087,Omeprazole_Cap E/C 20mg,0103050P0AAAAAA,81,0.3968999999999996
465,H85052,Omeprazole_Cap E/C 20mg,0103050P0AAAAAA,78,0.3821999999999996
466,H85045,Omeprazole_Cap E/C 20mg,0103050P0AAAAAA,9,0.37800000000000034
342,H85012,Aspirin Disper_Tab 75mg,0209000A0AAABAB,130,0.36399999999999777
343,H85012,Aspirin Disper_Tab 75mg,0209000A0AAABAB,130,0.36399999999999777
467,H85001,Omeprazole_Cap E/C 20mg,0103050P0AAAAAA,74,0.3625999999999996
468,H85065,Omeprazole_Cap E/C 20mg,0103050P0AAAAAA,74,0.3625999999999996
469,H85069,Omeprazole_Cap E/C 20mg,0103050P0AAAAAA,73,0.35769999999999963
290,H85069,Amiodarone HCl_Tab 200mg,0203020D0AAABAB,1,0.3500000000000003
292,H85008,Amiodarone HCl_Tab 200mg,0203020D0AAABAB,1,0.3500000000000003
291,H85682,Amiodarone HCl_Tab 200mg,0203020D0AAABAB,1,0.3500000000000003
289,H85659,Amiodarone HCl_Tab 200mg,0203020D0AAABAB,1,0.3500000000000003
288,H85100,Amiodarone HCl_Tab 200mg,0203020D0AAABAB,1,0.3500000000000003
287,H85111,Amiodarone HCl_Tab 200mg,0203020D0AAABAB,1,0.3500000000000003
286,H85695,Amiodarone HCl_Tab 200mg,0203020D0AAABAB,1,0.3500000000000003
109,H85680,Clonazepam_Tab 500mcg,0408010F0AAABAB,1,0.3389999999999993
110,H85069,Clonazepam_Tab 500mcg,0408010F0AAABAB,1,0.3389999999999993
111,H85002,Clonazepam_Tab 500mcg,0408010F0AAABAB,1,0.3389999999999993
108,H85012,Clonazepam_Tab 500mcg,0408010F0AAABAB,1,0.3389999999999993
294,H85052,Amiodarone HCl_Tab 200mg,0203020D0AAABAB,4,0.3388
295,H85002,Amiodarone HCl_Tab 200mg,0203020D0AAABAB,4,0.3388
293,H85682,Amiodarone HCl_Tab 200mg,0203020D0AAABAB,4,0.3388
344,H85680,Aspirin Disper_Tab 75mg,0209000A0AAABAB,120,0.33599999999999797
345,H85680,Aspirin Disper_Tab 75mg,0209000A0AAABAB,120,0.33599999999999797
115,H85075,Clonazepam_Tab 500mcg,0408010F0AAABAB,1,0.31639999999999935
123,H85012,Clonazepam_Tab 500mcg,0408010F0AAABAB,1,0.31639999999999935
113,H85100,Clonazepam_Tab 500mcg,0408010F0AAABAB,4,0.31639999999999935
114,H85111,Clonazepam_Tab 500mcg,0408010F0AAABAB,1,0.31639999999999935
116,H85006,Clonazepam_Tab 500mcg,0408010F0AAABAB,4,0.31639999999999935
117,H85088,Clonazepam_Tab 500mcg,0408010F0AAABAB,4,0.31639999999999935
118,H85049,Clonazepam_Tab 500mcg,0408010F0AAABAB,1,0.31639999999999935
119,H85680,Clonazepam_Tab 500mcg,0408010F0AAABAB,1,0.31639999999999935
120,H85067,Clonazepam_Tab 500mcg,0408010F0AAABAB,1,0.31639999999999935
121,H85069,Clonazepam_Tab 500mcg,0408010F0AAABAB,1,0.31639999999999935
122,H85041,Clonazepam_Tab 500mcg,0408010F0AAABAB,1,0.31639999999999935
112,H85691,Clonazepam_Tab 500mcg,0408010F0AAABAB,1,0.31639999999999935
347,H85682,Aspirin Disper_Tab 75mg,0209000A0AAABAB,106,0.2967999999999982
346,H85682,Aspirin Disper_Tab 75mg,0209000A0AAABAB,106,0.2967999999999982
124,H85012,Clonazepam_Tab 500mcg,0408010F0AAABAB,19,0.29640000000000005
349,H85002,Aspirin Disper_Tab 75mg,0209000A0AAABAB,103,0.28839999999999827
348,H85002,Aspirin Disper_Tab 75mg,0209000A0AAABAB,103,0.28839999999999827
470,H85049,Omeprazole_Cap E/C 20mg,0103050P0AAAAAA,58,0.2841999999999997
351,H85111,Aspirin Disper_Tab 75mg,0209000A0AAABAB,99,0.27719999999999834
350,H85111,Aspirin Disper_Tab 75mg,0209000A0AAABAB,99,0.27719999999999834
353,H85008,Aspirin Disper_Tab 75mg,0209000A0AAABAB,94,0.26319999999999844
352,H85008,Aspirin Disper_Tab 75mg,0209000A0AAABAB,94,0.26319999999999844
312,H85002,Pyridox HCl_Tab 50mg,0906024N0AAAIAI,12,0.256800000000001
471,H85077,Omeprazole_Cap E/C 20mg,0103050P0AAAAAA,52,0.2547999999999997
125,H85005,Clonazepam_Tab 500mcg,0408010F0AAABAB,6,0.25439999999999996
355,H85003,Aspirin Disper_Tab 75mg,0209000A0AAABAB,86,0.24079999999999854
354,H85003,Aspirin Disper_Tab 75mg,0209000A0AAABAB,86,0.24079999999999854
313,H85077,Pyridox HCl_Tab 50mg,0906024N0AAAIAI,1,0.23940000000000006
473,H85114,Omeprazole_Cap E/C 20mg,0103050P0AAAAAA,48,0.23519999999999974
472,H85067,Omeprazole_Cap E/C 20mg,0103050P0AAAAAA,48,0.23519999999999974
356,H85069,Aspirin Disper_Tab 75mg,0209000A0AAABAB,83,0.2323999999999986
357,H85069,Aspirin Disper_Tab 75mg,0209000A0AAABAB,83,0.2323999999999986
126,H85049,Clonazepam_Tab 500mcg,0408010F0AAABAB,1,0.22199999999999998
474,H85088,Omeprazole_Cap E/C 20mg,0103050P0AAAAAA,45,0.22049999999999975
360,H85006,Aspirin Disper_Tab 75mg,0209000A0AAABAB,68,0.19039999999999885
362,H85006,Aspirin Disper_Tab 75mg,0209000A0AAABAB,68,0.19039999999999885
363,H85065,Aspirin Disper_Tab 75mg,0209000A0AAABAB,68,0.19039999999999885
358,H85052,Aspirin Disper_Tab 75mg,0209000A0AAABAB,68,0.19039999999999885
359,H85052,Aspirin Disper_Tab 75mg,0209000A0AAABAB,68,0.19039999999999885
361,H85065,Aspirin Disper_Tab 75mg,0209000A0AAABAB,68,0.19039999999999885
364,H85067,Aspirin Disper_Tab 75mg,0209000A0AAABAB,64,0.17919999999999892
365,H85067,Aspirin Disper_Tab 75mg,0209000A0AAABAB,64,0.17919999999999892
366,H85001,Aspirin Disper_Tab 75mg,0209000A0AAABAB,63,0.17639999999999895
367,H85001,Aspirin Disper_Tab 75mg,0209000A0AAABAB,63,0.17639999999999895
127,H85048,Clonazepam_Tab 500mcg,0408010F0AAABAB,1,0.174
369,H85114,Aspirin Disper_Tab 75mg,0209000A0AAABAB,62,0.17359999999999895
368,H85114,Aspirin Disper_Tab 75mg,0209000A0AAABAB,62,0.17359999999999895
475,H85075,Omeprazole_Cap E/C 20mg,0103050P0AAAAAA,35,0.17149999999999982
128,H85088,Clonazepam_Tab 500mcg,0408010F0AAABAB,4,0.16959999999999997
370,H85061,Aspirin Disper_Tab 75mg,0209000A0AAABAB,60,0.16799999999999898
371,H85061,Aspirin Disper_Tab 75mg,0209000A0AAABAB,60,0.16799999999999898
129,H85006,Clonazepam_Tab 500mcg,0408010F0AAABAB,1,0.15819999999999967
372,H85100,Aspirin Disper_Tab 75mg,0209000A0AAABAB,55,0.15399999999999908
373,H85100,Aspirin Disper_Tab 75mg,0209000A0AAABAB,55,0.15399999999999908
375,H85011,Aspirin Disper_Tab 75mg,0209000A0AAABAB,51,0.14279999999999915
374,H85011,Aspirin Disper_Tab 75mg,0209000A0AAABAB,51,0.14279999999999915
130,H85008,Clonazepam_Tab 500mcg,0408010F0AAABAB,3,0.12719999999999998
376,H85077,Aspirin Disper_Tab 75mg,0209000A0AAABAB,44,0.12319999999999925
377,H85077,Aspirin Disper_Tab 75mg,0209000A0AAABAB,44,0.12319999999999925
378,H85009,Aspirin Disper_Tab 75mg,0209000A0AAABAB,22,0.12319999999999925
379,H85009,Aspirin Disper_Tab 75mg,0209000A0AAABAB,22,0.12319999999999925
314,H85048,Pyridox HCl_Tab 50mg,0906024N0AAAIAI,1,0.11970000000000003
476,H85009,Omeprazole_Cap E/C 20mg,0103050P0AAAAAA,24,0.11759999999999987
131,H85002,Clonazepam_Tab 500mcg,0408010F0AAABAB,1,0.11599999999999999
382,Y01132,Aspirin Disper_Tab 75mg,0209000A0AAABAB,32,0.08959999999999946
383,Y01132,Aspirin Disper_Tab 75mg,0209000A0AAABAB,32,0.08959999999999946
380,H85082,Aspirin Disper_Tab 75mg,0209000A0AAABAB,32,0.08959999999999946
381,H85082,Aspirin Disper_Tab 75mg,0209000A0AAABAB,32,0.08959999999999946
315,H85045,Pyridox HCl_Tab 50mg,0906024N0AAAIAI,4,0.08560000000000034
477,H85695,Omeprazole_Cap E/C 20mg,0103050P0AAAAAA,17,0.0832999999999999
133,H85012,Clonazepam_Tab 500mcg,0408010F0AAABAB,1,0.07909999999999984
134,H85114,Clonazepam_Tab 500mcg,0408010F0AAABAB,1,0.07909999999999984
132,H85001,Clonazepam_Tab 500mcg,0408010F0AAABAB,1,0.07909999999999984
386,H85075,Aspirin Disper_Tab 75mg,0209000A0AAABAB,24,0.0671999999999996
387,H85057,Aspirin Disper_Tab 75mg,0209000A0AAABAB,24,0.0671999999999996
385,H85075,Aspirin Disper_Tab 75mg,0209000A0AAABAB,24,0.0671999999999996
384,H85057,Aspirin Disper_Tab 75mg,0209000A0AAABAB,24,0.0671999999999996
316,H85009,Pyridox HCl_Tab 50mg,0906024N0AAAIAI,1,0.06560000000000032
389,H85049,Aspirin Disper_Tab 75mg,0209000A0AAABAB,22,0.06159999999999963
388,H85049,Aspirin Disper_Tab 75mg,0209000A0AAABAB,22,0.06159999999999963
478,H85659,Omeprazole_Cap E/C 20mg,0103050P0AAAAAA,12,0.058799999999999936
479,H85057,Omeprazole_Cap E/C 20mg,0103050P0AAAAAA,12,0.058799999999999936
391,H85088,Aspirin Disper_Tab 75mg,0209000A0AAABAB,21,0.058799999999999644
390,H85088,Aspirin Disper_Tab 75mg,0209000A0AAABAB,21,0.058799999999999644
393,H85659,Aspirin Disper_Tab 75mg,0209000A0AAABAB,20,0.05599999999999966
392,H85659,Aspirin Disper_Tab 75mg,0209000A0AAABAB,20,0.05599999999999966
480,Y03094,Omeprazole_Cap E/C 20mg,0103050P0AAAAAA,11,0.05389999999999994
394,H85695,Aspirin Disper_Tab 75mg,0209000A0AAABAB,18,0.050399999999999695
395,H85695,Aspirin Disper_Tab 75mg,0209000A0AAABAB,18,0.050399999999999695
481,Y02946,Omeprazole_Cap E/C 20mg,0103050P0AAAAAA,10,0.048999999999999946
396,H85009,Aspirin Disper_Tab 75mg,0209000A0AAABAB,16,0.04479999999999973
397,H85047,Aspirin Disper_Tab 75mg,0209000A0AAABAB,8,0.04479999999999973
398,H85009,Aspirin Disper_Tab 75mg,0209000A0AAABAB,16,0.04479999999999973
399,H85047,Aspirin Disper_Tab 75mg,0209000A0AAABAB,8,0.04479999999999973
401,H85637,Aspirin Disper_Tab 75mg,0209000A0AAABAB,6,0.0335999999999998
400,H85637,Aspirin Disper_Tab 75mg,0209000A0AAABAB,6,0.0335999999999998
403,H85005,Aspirin Disper_Tab 75mg,0209000A0AAABAB,5,0.02799999999999983
402,H85005,Aspirin Disper_Tab 75mg,0209000A0AAABAB,5,0.02799999999999983
482,H85082,Omeprazole_Cap E/C 20mg,0103050P0AAAAAA,5,0.024499999999999973
408,H85011,Aspirin Disper_Tab 75mg,0209000A0AAABAB,4,0.022399999999999864
404,H85011,Aspirin Disper_Tab 75mg,0209000A0AAABAB,4,0.022399999999999864
407,H85045,Aspirin Disper_Tab 75mg,0209000A0AAABAB,4,0.022399999999999864
405,H85002,Aspirin Disper_Tab 75mg,0209000A0AAABAB,4,0.022399999999999864
406,H85002,Aspirin Disper_Tab 75mg,0209000A0AAABAB,4,0.022399999999999864
409,H85045,Aspirin Disper_Tab 75mg,0209000A0AAABAB,4,0.022399999999999864
18,H85111,Mesalazine_Tab E/C 400mg,0105010B0AAAAAA,4,0.016800000000007476
483,H85041,Omeprazole_Cap E/C 20mg,0103050P0AAAAAA,4,0.0167999999999999
410,H85664,Aspirin Disper_Tab 75mg,0209000A0AAABAB,5,0.013999999999999915
411,H85664,Aspirin Disper_Tab 75mg,0209000A0AAABAB,5,0.013999999999999915
484,Y01132,Omeprazole_Cap E/C 20mg,0103050P0AAAAAA,3,0.012599999999999986
416,H85003,Aspirin Disper_Tab 75mg,0209000A0AAABAB,2,0.011199999999999932
413,H85003,Aspirin Disper_Tab 75mg,0209000A0AAABAB,2,0.011199999999999932
412,Y02946,Aspirin Disper_Tab 75mg,0209000A0AAABAB,4,0.011199999999999932
417,Y02946,Aspirin Disper_Tab 75mg,0209000A0AAABAB,4,0.011199999999999932
415,H85075,Aspirin Disper_Tab 75mg,0209000A0AAABAB,2,0.011199999999999932
414,H85075,Aspirin Disper_Tab 75mg,0209000A0AAABAB,2,0.011199999999999932
485,H85697,Omeprazole_Cap E/C 20mg,0103050P0AAAAAA,2,0.00979999999999999
19,Y02423,Mesalazine_Tab E/C 400mg,0105010B0AAAAAA,4,0.008399999999999075
419,H85082,Aspirin Disper_Tab 75mg,0209000A0AAABAB,2,0.005999999999999964
418,H85082,Aspirin Disper_Tab 75mg,0209000A0AAABAB,2,0.005999999999999964
486,H85082,Omeprazole_Cap E/C 20mg,0103050P0AAAAAA,2,0.0059999999999997555
424,H85001,Aspirin Disper_Tab 75mg,0209000A0AAABAB,1,0.005599999999999966
423,H85066,Aspirin Disper_Tab 75mg,0209000A0AAABAB,1,0.005599999999999966
422,H85052,Aspirin Disper_Tab 75mg,0209000A0AAABAB,1,0.005599999999999966
421,H85697,Aspirin Disper_Tab 75mg,0209000A0AAABAB,2,0.005599999999999966
420,H85697,Aspirin Disper_Tab 75mg,0209000A0AAABAB,2,0.005599999999999966
427,H85001,Aspirin Disper_Tab 75mg,0209000A0AAABAB,1,0.005599999999999966
429,H85048,Aspirin Disper_Tab 75mg,0209000A0AAABAB,1,0.005599999999999966
431,H85695,Aspirin Disper_Tab 75mg,0209000A0AAABAB,1,0.005599999999999966
425,H85695,Aspirin Disper_Tab 75mg,0209000A0AAABAB,1,0.005599999999999966
430,H85052,Aspirin Disper_Tab 75mg,0209000A0AAABAB,1,0.005599999999999966
428,H85066,Aspirin Disper_Tab 75mg,0209000A0AAABAB,1,0.005599999999999966
426,H85048,Aspirin Disper_Tab 75mg,0209000A0AAABAB,1,0.005599999999999966
20,H85659,Mesalazine_Tab E/C 400mg,0105010B0AAAAAA,4,0.005599999999999383
487,Y00809,Omeprazole_Cap E/C 20mg,0103050P0AAAAAA,1,0.004899999999999995
488,H85680,Omeprazole_Cap E/C 20mg,0103050P0AAAAAA,1,0.004199999999999975
491,H85005,Omeprazole_Cap E/C 20mg,0103050P0AAAAAA,1,0.004199999999999975
490,H85012,Omeprazole_Cap E/C 20mg,0103050P0AAAAAA,1,0.004199999999999975
489,H85061,Omeprazole_Cap E/C 20mg,0103050P0AAAAAA,1,0.004199999999999975
147,H85047,Sumatriptan_Tab 50mg,0407041T0AAAFAF,1,0.0041999999999995374
433,Y02423,Aspirin Disper_Tab 75mg,0209000A0AAABAB,1,0.0040000000000000036
432,Y02423,Aspirin Disper_Tab 75mg,0209000A0AAABAB,1,0.0040000000000000036
492,H85048,Omeprazole_Cap E/C 20mg,0103050P0AAAAAA,2,0.003999999999999837
148,H85066,Sumatriptan_Tab 50mg,0407041T0AAAFAF,1,0.0039999999999995595
149,H85114,Sumatriptan_Tab 50mg,0407041T0AAAFAF,1,0.0031999999999996476
150,H85100,Sumatriptan_Tab 50mg,0407041T0AAAFAF,1,0.0031999999999996476
435,H85012,Aspirin Disper_Tab 75mg,0209000A0AAABAB,1,0.002999999999999982
437,H85041,Aspirin Disper_Tab 75mg,0209000A0AAABAB,1,0.002999999999999982
439,H85008,Aspirin Disper_Tab 75mg,0209000A0AAABAB,1,0.002999999999999982
436,H85041,Aspirin Disper_Tab 75mg,0209000A0AAABAB,1,0.002999999999999982
434,H85012,Aspirin Disper_Tab 75mg,0209000A0AAABAB,1,0.002999999999999982
438,H85008,Aspirin Disper_Tab 75mg,0209000A0AAABAB,1,0.002999999999999982
493,H85007,Omeprazole_Cap E/C 20mg,0103050P0AAAAAA,3,0.0029999999999998778
494,H85691,Omeprazole_Cap E/C 20mg,0103050P0AAAAAA,1,0.0019999999999999185
495,H85680,Omeprazole_Cap E/C 20mg,0103050P0AAAAAA,1,0.0014999999999999389
496,Y02423,Omeprazole_Cap E/C 20mg,0103050P0AAAAAA,1,0.0009999999999999593
497,H85065,Omeprazole_Cap E/C 20mg,0103050P0AAAAAA,1,0.0009999999999999593
498,H85012,Omeprazole_Cap E/C 20mg,0103050P0AAAAAA,1,0.0004999999999999796
222,H85066,Sumatriptan_Tab 50mg,0407041T0AAAFAF,2,0.0
223,H85100,Sumatriptan_Tab 50mg,0407041T0AAAFAF,2,0.0
209,Y02423,Sumatriptan_Tab 50mg,0407041T0AAAFAF,1,0.0
220,H85100,Sumatriptan_Tab 50mg,0407041T0AAAFAF,1,0.0
219,H85011,Sumatriptan_Tab 50mg,0407041T0AAAFAF,1,0.0
218,H85052,Sumatriptan_Tab 50mg,0407041T0AAAFAF,1,0.0
217,H85052,Sumatriptan_Tab 50mg,0407041T0AAAFAF,1,0.0
216,H85005,Sumatriptan_Tab 50mg,0407041T0AAAFAF,4,0.0
215,Y00809,Sumatriptan_Tab 50mg,0407041T0AAAFAF,1,0.0
214,H85680,Sumatriptan_Tab 50mg,0407041T0AAAFAF,5,0.0
213,Y02946,Sumatriptan_Tab 50mg,0407041T0AAAFAF,5,0.0
212,H85082,Sumatriptan_Tab 50mg,0407041T0AAAFAF,1,0.0
211,H85005,Sumatriptan_Tab 50mg,0407041T0AAAFAF,3,0.0
210,H85680,Sumatriptan_Tab 50mg,0407041T0AAAFAF,1,0.0
208,Y02423,Sumatriptan_Tab 50mg,0407041T0AAAFAF,1,0.0
250,H85045,Sumatriptan_Tab 50mg,0407041T0AAAFAF,1,0.0
207,H85065,Sumatriptan_Tab 50mg,0407041T0AAAFAF,4,0.0
206,H85041,Sumatriptan_Tab 50mg,0407041T0AAAFAF,5,0.0
205,H85057,Sumatriptan_Tab 50mg,0407041T0AAAFAF,1,0.0
204,H85048,Sumatriptan_Tab 50mg,0407041T0AAAFAF,5,0.0
203,H85052,Sumatriptan_Tab 50mg,0407041T0AAAFAF,1,0.0
202,H85111,Sumatriptan_Tab 50mg,0407041T0AAAFAF,11,0.0
201,H85002,Sumatriptan_Tab 50mg,0407041T0AAAFAF,3,0.0
151,H85009,Sumatriptan_Tab 50mg,0407041T0AAAFAF,1,0.0
199,Y01132,Sumatriptan_Tab 50mg,0407041T0AAAFAF,8,0.0
198,H85682,Sumatriptan_Tab 50mg,0407041T0AAAFAF,1,0.0
197,H85088,Sumatriptan_Tab 50mg,0407041T0AAAFAF,1,0.0
221,H85111,Sumatriptan_Tab 50mg,0407041T0AAAFAF,5,0.0
249,H85087,Sumatriptan_Tab 50mg,0407041T0AAAFAF,1,0.0
195,H85659,Sumatriptan_Tab 50mg,0407041T0AAAFAF,2,0.0
235,H85007,Sumatriptan_Tab 50mg,0407041T0AAAFAF,6,0.0
224,H85009,Sumatriptan_Tab 50mg,0407041T0AAAFAF,9,0.0
225,Y02423,Sumatriptan_Tab 50mg,0407041T0AAAFAF,8,0.0
226,H85664,Sumatriptan_Tab 50mg,0407041T0AAAFAF,3,0.0
227,H85100,Sumatriptan_Tab 50mg,0407041T0AAAFAF,4,0.0
228,H85087,Sumatriptan_Tab 50mg,0407041T0AAAFAF,1,0.0
229,H85048,Sumatriptan_Tab 50mg,0407041T0AAAFAF,1,0.0
230,H85045,Sumatriptan_Tab 50mg,0407041T0AAAFAF,4,0.0
231,H85002,Sumatriptan_Tab 50mg,0407041T0AAAFAF,5,0.0
232,H85065,Sumatriptan_Tab 50mg,0407041T0AAAFAF,1,0.0
233,H85069,Sumatriptan_Tab 50mg,0407041T0AAAFAF,3,0.0
234,H85007,Sumatriptan_Tab 50mg,0407041T0AAAFAF,7,0.0
236,H85067,Sumatriptan_Tab 50mg,0407041T0AAAFAF,1,0.0
248,Y02946,Sumatriptan_Tab 50mg,0407041T0AAAFAF,2,0.0
237,H85045,Sumatriptan_Tab 50mg,0407041T0AAAFAF,7,0.0
238,H85069,Sumatriptan_Tab 50mg,0407041T0AAAFAF,1,0.0
239,H85048,Sumatriptan_Tab 50mg,0407041T0AAAFAF,8,0.0
240,H85001,Sumatriptan_Tab 50mg,0407041T0AAAFAF,5,0.0
241,H85006,Sumatriptan_Tab 50mg,0407041T0AAAFAF,6,0.0
242,H85664,Sumatriptan_Tab 50mg,0407041T0AAAFAF,1,0.0
243,H85061,Sumatriptan_Tab 50mg,0407041T0AAAFAF,5,0.0
244,H85001,Sumatriptan_Tab 50mg,0407041T0AAAFAF,1,0.0
245,H85006,Sumatriptan_Tab 50mg,0407041T0AAAFAF,2,0.0
246,H85008,Sumatriptan_Tab 50mg,0407041T0AAAFAF,1,0.0
247,H85682,Sumatriptan_Tab 50mg,0407041T0AAAFAF,2,0.0
196,H85007,Sumatriptan_Tab 50mg,0407041T0AAAFAF,1,0.0
200,H85695,Sumatriptan_Tab 50mg,0407041T0AAAFAF,6,0.0
194,H85011,Sumatriptan_Tab 50mg,0407041T0AAAFAF,4,0.0
175,H85087,Sumatriptan_Tab 50mg,0407041T0AAAFAF,2,0.0
173,H85100,Sumatriptan_Tab 50mg,0407041T0AAAFAF,4,0.0
172,H85049,Sumatriptan_Tab 50mg,0407041T0AAAFAF,1,0.0
171,H85008,Sumatriptan_Tab 50mg,0407041T0AAAFAF,1,0.0
170,H85114,Sumatriptan_Tab 50mg,0407041T0AAAFAF,5,0.0
168,H85049,Sumatriptan_Tab 50mg,0407041T0AAAFAF,5,0.0
167,H85006,Sumatriptan_Tab 50mg,0407041T0AAAFAF,1,0.0
166,Y02423,Sumatriptan_Tab 50mg,0407041T0AAAFAF,4,0.0
165,Y01132,Sumatriptan_Tab 50mg,0407041T0AAAFAF,1,0.0
164,H85012,Sumatriptan_Tab 50mg,0407041T0AAAFAF,9,0.0
163,H85008,Sumatriptan_Tab 50mg,0407041T0AAAFAF,3,0.0
162,H85009,Sumatriptan_Tab 50mg,0407041T0AAAFAF,4,0.0
161,H85057,Sumatriptan_Tab 50mg,0407041T0AAAFAF,2,0.0
160,H85077,Sumatriptan_Tab 50mg,0407041T0AAAFAF,4,0.0
159,H85659,Sumatriptan_Tab 50mg,0407041T0AAAFAF,1,0.0
158,H85057,Sumatriptan_Tab 50mg,0407041T0AAAFAF,2,0.0
157,H85041,Sumatriptan_Tab 50mg,0407041T0AAAFAF,3,0.0
156,H85069,Sumatriptan_Tab 50mg,0407041T0AAAFAF,3,0.0
155,H85066,Sumatriptan_Tab 50mg,0407041T0AAAFAF,13,0.0
154,H85077,Sumatriptan_Tab 50mg,0407041T0AAAFAF,3,0.0
153,H85049,Sumatriptan_Tab 50mg,0407041T0AAAFAF,1,0.0
152,Y03094,Sumatriptan_Tab 50mg,0407041T0AAAFAF,4,0.0
174,H85695,Sumatriptan_Tab 50mg,0407041T0AAAFAF,2,0.0
169,Y00809,Sumatriptan_Tab 50mg,0407041T0AAAFAF,1,0.0
186,H85047,Sumatriptan_Tab 50mg,0407041T0AAAFAF,7,0.0
180,H85061,Sumatriptan_Tab 50mg,0407041T0AAAFAF,14,0.0
193,Y03094,Sumatriptan_Tab 50mg,0407041T0AAAFAF,1,0.0
192,H85061,Sumatriptan_Tab 50mg,0407041T0AAAFAF,1,0.0
191,H85075,Sumatriptan_Tab 50mg,0407041T0AAAFAF,2,0.0
190,H85001,Sumatriptan_Tab 50mg,0407041T0AAAFAF,11,0.0
189,H85011,Sumatriptan_Tab 50mg,0407041T0AAAFAF,1,0.0
188,H85006,Sumatriptan_Tab 50mg,0407041T0AAAFAF,3,0.0
187,H85067,Sumatriptan_Tab 50mg,0407041T0AAAFAF,1,0.0
185,H85066,Sumatriptan_Tab 50mg,0407041T0AAAFAF,3,0.0
184,H85061,Sumatriptan_Tab 50mg,0407041T0AAAFAF,1,0.0
183,Y01132,Sumatriptan_Tab 50mg,0407041T0AAAFAF,9,0.0
182,H85047,Sumatriptan_Tab 50mg,0407041T0AAAFAF,7,0.0
181,H85114,Sumatriptan_Tab 50mg,0407041T0AAAFAF,6,0.0
176,H85682,Sumatriptan_Tab 50mg,0407041T0AAAFAF,2,0.0
179,H85003,Sumatriptan_Tab 50mg,0407041T0AAAFAF,8,0.0
178,Y02423,Sumatriptan_Tab 50mg,0407041T0AAAFAF,17,0.0
177,H85012,Sumatriptan_Tab 50mg,0407041T0AAAFAF,18,0.0
499,H85680,Omeprazole_Cap E/C 20mg,0103050P0AAAAAA,1,-0.0018000000000000516
441,H85691,Aspirin Disper_Tab 75mg,0209000A0AAABAB,1,-0.002799999999999997
440,H85691,Aspirin Disper_Tab 75mg,0209000A0AAABAB,1,-0.002799999999999997
251,H85061,Sumatriptan_Tab 50mg,0407041T0AAAFAF,1,-0.0032000000000000917
500,H85048,Omeprazole_Cap E/C 20mg,0103050P0AAAAAA,1,-0.005000000000000143
252,Y02423,Sumatriptan_Tab 50mg,0407041T0AAAFAF,2,-0.005599999999999383
505,H85082,Omeprazole_Cap E/C 20mg,0103050P0AAAAAA,1,-0.006000000000000172
506,H85061,Omeprazole_Cap E/C 20mg,0103050P0AAAAAA,1,-0.006000000000000172
503,H85001,Omeprazole_Cap E/C 20mg,0103050P0AAAAAA,1,-0.006000000000000172
502,H85041,Omeprazole_Cap E/C 20mg,0103050P0AAAAAA,1,-0.006000000000000172
507,H85048,Omeprazole_Cap E/C 20mg,0103050P0AAAAAA,1,-0.006000000000000172
504,Y01132,Omeprazole_Cap E/C 20mg,0103050P0AAAAAA,1,-0.006000000000000172
501,H85075,Omeprazole_Cap E/C 20mg,0103050P0AAAAAA,1,-0.006000000000000172
508,H85682,Omeprazole_Cap E/C 20mg,0103050P0AAAAAA,4,-0.006400000000000017
21,H85041,Mesalazine_Tab E/C 400mg,0105010B0AAAAAA,4,-0.008399999999999075
443,H85047,Aspirin Disper_Tab 75mg,0209000A0AAABAB,4,-0.011199999999999988
442,H85047,Aspirin Disper_Tab 75mg,0209000A0AAABAB,4,-0.011199999999999988
509,H85077,Omeprazole_Cap E/C 20mg,0103050P0AAAAAA,1,-0.012000000000000344
510,H85006,Omeprazole_Cap E/C 20mg,0103050P0AAAAAA,2,-0.012000000000000344
511,H85008,Omeprazole_Cap E/C 20mg,0103050P0AAAAAA,2,-0.012000000000000344
512,H85048,Omeprazole_Cap E/C 20mg,0103050P0AAAAAA,1,-0.013000000000000372
22,H85659,Mesalazine_Tab E/C 400mg,0105010B0AAAAAA,4,-7.9799999999999995
23,Y02423,Mesalazine_Tab E/C 400mg,0105010B0AAAAAA,4,-11.969999999999999
24,H85082,Mesalazine_Tab E/C 400mg,0105010B0AAAAAA,1,-17.112
25,H85659,Mesalazine_Tab E/C 400mg,0105010B0AAAAAA,1,-17.112
26,H85075,Mesalazine_Tab E/C 400mg,0105010B0AAAAAA,1,-17.112
27,H85114,Mesalazine_Tab E/C 400mg,0105010B0AAAAAA,1,-17.112
28,H85012,Mesalazine_Tab E/C 400mg,0105010B0AAAAAA,2,-25.667999999999992
30,H85001,Mesalazine_Tab E/C 400mg,0105010B0AAAAAA,1,-51.33599999999999
29,H85082,Mesalazine_Tab E/C 400mg,0105010B0AAAAAA,1,-51.33599999999999
31,H85088,Mesalazine_Tab E/C 400mg,0105010B0AAAAAA,1,-77.00399999999999
