,practice_code,bnf_description,bnf_code,items,excess_cost
0,C81018,Amiodarone HCl_Tab 200mg,0203020D0AAABAB,11,3.850000000000003
1,C81018,Clonazepam_Tab 500mcg,0408010F0AAABAB,3,1.3107999999999973
2,C81018,Phenytoin_Sod Tab 100mg,0408010Q0AAAGAG,2,79.59839999999998
3,C81018,Pregabalin_Cap 150mg,0408010AEAAAEAE,1,0.00560000000000016
4,C81018,Sertraline HCl_Tab 100mg,0403030Q0AAABAB,5,0.01260000000000007
5,M83010,Amiodarone HCl_Tab 200mg,0203020D0AAABAB,12,5.425000000000004
6,M83010,Clonazepam_Tab 500mcg,0408010F0AAABAB,3,1.2655999999999974
7,M83010,Mesalazine_Tab E/C 400mg,0105010B0AAAAAA,1,47.913599999999995
8,M83010,Pregabalin_Cap 150mg,0408010AEAAAEAE,5,0.01680000000000048
9,M83010,Sertraline HCl_Tab 100mg,0403030Q0AAABAB,2,0.008400000000000046
10,M83013,Amiodarone HCl_Tab 200mg,0203020D0AAABAB,8,2.8000000000000025
11,M83013,Clonazepam_Tab 500mcg,0408010F0AAABAB,7,2.2599999999999953
12,M83013,Pregabalin_Cap 150mg,0408010AEAAAEAE,4,0.01120000000000032
13,M83026,Amiodarone HCl_Tab 200mg,0203020D0AAABAB,12,6.650000000000006
14,M83026,Clonazepam_Tab 500mcg,0408010F0AAABAB,10,8.101199999999986
15,M83026,Desmopressin Acet_Tab 200mcg,0605020E0AAAEAE,3,51.15039999999999
16,M83026,Dexameth_Tab 500mcg,0603020G0AAABAB,3,90.58429999999998
17,M83026,Letrozole_Tab 2.5mg,0803041L0AAAAAA,8,71.29920000000001
18,M83026,Mesalazine_Tab E/C 400mg,0105010B0AAAAAA,1,11.978399999999999
19,M83026,Montelukast_Tab 10mg,0303020G0AAABAB,5,48.748000000000005
20,M83026,Pregabalin_Cap 150mg,0408010AEAAAEAE,2,-0.008399999999999075
21,M83026,Sertraline HCl_Tab 100mg,0403030Q0AAABAB,60,53.90939999999999
22,M83027,Amiodarone HCl_Tab 200mg,0203020D0AAABAB,6,2.004000000000002
23,M83027,Clonazepam_Tab 500mcg,0408010F0AAABAB,6,3.401299999999993
24,M83027,Pregabalin_Cap 150mg,0408010AEAAAEAE,4,0.01120000000000032
25,M83027,Sertraline HCl_Tab 100mg,0403030Q0AAABAB,2,0.007400000000000004
26,M83035,Amiodarone HCl_Tab 200mg,0203020D0AAABAB,13,4.900000000000004
27,M83035,Clonazepam_Tab 500mcg,0408010F0AAABAB,6,4.384399999999991
28,M83035,Desmopressin Acet_Tab 200mcg,0605020E0AAAEAE,1,0.0030000000000002247
29,M83035,Mesalazine_Tab E/C 400mg,0105010B0AAAAAA,1,23.956799999999998
30,M83035,Pregabalin_Cap 150mg,0408010AEAAAEAE,1,0.00560000000000016
31,M83035,Sertraline HCl_Tab 100mg,0403030Q0AAABAB,2,0.008400000000000046
32,M83037,Amiodarone HCl_Tab 200mg,0203020D0AAABAB,3,1.7500000000000016
33,M83037,Clonazepam_Tab 500mcg,0408010F0AAABAB,6,3.1639999999999935
34,M83037,Dexameth_Tab 500mcg,0603020G0AAABAB,1,0.0029999999999996696
35,M83037,Pregabalin_Cap 150mg,0408010AEAAAEAE,5,0.01680000000000048
36,M83037,Sertraline HCl_Tab 100mg,0403030Q0AAABAB,14,0.039900000000000026
37,M83042,Amiodarone HCl_Tab 200mg,0203020D0AAABAB,6,2.100000000000002
38,M83042,Clonazepam_Tab 500mcg,0408010F0AAABAB,3,2.892799999999994
39,M83042,Desmopressin Acet_Tab 200mcg,0605020E0AAAEAE,1,0.0027999999999996916
40,M83042,Mesalazine_Tab E/C 400mg,0105010B0AAAAAA,5,-38.501999999999995
41,M83042,Montelukast_Tab 10mg,0303020G0AAABAB,44,24.393600000000006
42,M83042,Pregabalin_Cap 150mg,0408010AEAAAEAE,7,56.55440000000001
43,M83042,Sertraline HCl_Tab 100mg,0403030Q0AAABAB,4,-0.0006000000000004058
44,M83051,Amiodarone HCl_Tab 200mg,0203020D0AAABAB,8,3.1388000000000025
45,M83051,Clonazepam_Tab 500mcg,0408010F0AAABAB,16,5.536999999999989
46,M83051,Letrozole_Tab 2.5mg,0803041L0AAAAAA,8,0.039200000000000346
47,M83051,Pregabalin_Cap 150mg,0408010AEAAAEAE,8,0.03360000000000096
48,M83051,Sertraline HCl_Tab 100mg,0403030Q0AAABAB,30,0.0677000000000004
49,M83059,Amiodarone HCl_Tab 200mg,0203020D0AAABAB,6,2.450000000000002
50,M83059,Clonazepam_Tab 500mcg,0408010F0AAABAB,2,2.2599999999999953
51,M83059,Pregabalin_Cap 150mg,0408010AEAAAEAE,6,0.03360000000000096
52,M83059,Sertraline HCl_Tab 100mg,0403030Q0AAABAB,1,0.0021000000000000116
53,M83065,Amiodarone HCl_Tab 200mg,0203020D0AAABAB,7,2.450000000000002
54,M83065,Clonazepam_Tab 500mcg,0408010F0AAABAB,5,2.847599999999994
55,M83065,Desmopressin Acet_Tab 200mcg,0605020E0AAAEAE,1,0.0027999999999996916
56,M83065,Dexameth_Tab 500mcg,0603020G0AAABAB,1,0.0007999999999999119
57,M83065,Mesalazine_Tab E/C 400mg,0105010B0AAAAAA,1,-17.112
58,M83065,Sertraline HCl_Tab 100mg,0403030Q0AAABAB,3,0.012599999999999875
59,M83073,Amiodarone HCl_Tab 200mg,0203020D0AAABAB,8,2.8000000000000025
60,M83073,Clonazepam_Tab 500mcg,0408010F0AAABAB,8,8.090799999999984
61,M83073,Pregabalin_Cap 150mg,0408010AEAAAEAE,2,0.01120000000000032
62,M83073,Sertraline HCl_Tab 100mg,0403030Q0AAABAB,8,0.026800000000000046
63,M83074,Amiodarone HCl_Tab 200mg,0203020D0AAABAB,10,3.500000000000003
64,M83074,Clonazepam_Tab 500mcg,0408010F0AAABAB,6,6.2877999999999865
65,M83074,Desmopressin Acet_Tab 200mcg,0605020E0AAAEAE,1,-0.005599999999999383
66,M83074,Letrozole_Tab 2.5mg,0803041L0AAAAAA,4,0.019600000000000173
67,M83074,Mesalazine_Tab E/C 400mg,0105010B0AAAAAA,5,57.01599999999999
68,M83074,Pregabalin_Cap 150mg,0408010AEAAAEAE,6,0.02240000000000064
69,M83074,Sertraline HCl_Tab 100mg,0403030Q0AAABAB,14,0.03359999999999999
70,M83641,Amiodarone HCl_Tab 200mg,0203020D0AAABAB,1,0.3500000000000003
71,M83641,Clonazepam_Tab 500mcg,0408010F0AAABAB,8,1.7401999999999964
72,M83641,Mesalazine_Tab E/C 400mg,0105010B0AAAAAA,8,8.019200000000001
73,M83641,Sertraline HCl_Tab 100mg,0403030Q0AAABAB,2,0.004200000000000023
74,M83680,Amiodarone HCl_Tab 200mg,0203020D0AAABAB,1,0.3500000000000003
75,M83680,Clonazepam_Tab 500mcg,0408010F0AAABAB,9,3.841999999999992
76,M83680,Mesalazine_Tab E/C 400mg,0105010B0AAAAAA,1,-23.956799999999998
77,M83680,Pregabalin_Cap 150mg,0408010AEAAAEAE,5,0.02240000000000064
78,M83680,Sertraline HCl_Tab 100mg,0403030Q0AAABAB,4,0.016800000000000093
79,M83681,Amiodarone HCl_Tab 200mg,0203020D0AAABAB,3,1.4000000000000012
80,M83681,Clonazepam_Tab 500mcg,0408010F0AAABAB,3,1.898399999999996
81,M83681,Desmopressin Acet_Tab 200mcg,0605020E0AAAEAE,1,-0.005599999999999383
82,M83681,Pregabalin_Cap 150mg,0408010AEAAAEAE,4,0.01200000000000026
83,M83681,Sertraline HCl_Tab 100mg,0403030Q0AAABAB,2,0.008400000000000046
84,M83718,Amiodarone HCl_Tab 200mg,0203020D0AAABAB,2,0.7000000000000006
85,M83718,Clonazepam_Tab 500mcg,0408010F0AAABAB,6,4.74599999999999
86,M83718,Dexameth_Tab 500mcg,0603020G0AAABAB,1,0.0029999999999996696
87,Y00078,Desmopressin Acet_Tab 200mcg,0605020E0AAAEAE,2,-0.011199999999998766
88,Y00078,Dexameth_Tab 500mcg,0603020G0AAABAB,1,0.0007999999999999119
89,Y00078,Sertraline HCl_Tab 100mg,0403030Q0AAABAB,10,0.03569999999999981
90,Y04112,Sertraline HCl_Tab 100mg,0403030Q0AAABAB,1,0.0021000000000000116
