,practice_code,bnf_description,bnf_code,items,excess_cost
348,C82052,Ropinirole HCl_Tab 250mcg,0409010H0AAAAAA,2,336.6
0,C82050,Paracet_Tab 500mg,0407010H0AAAMAM,117,201.24
1,C82050,Paracet_Tab 500mg,0407010H0AAAMAM,117,201.24
2,C82050,Paracet_Tab 500mg,0407010H0AAAMAM,149,170.2176
3,C82050,Paracet_Tab 500mg,0407010H0AAAMAM,149,170.2176
4,C82050,Paracet_Tab 500mg,0407010H0AAAMAM,146,162.06000000000003
5,C82050,Paracet_Tab 500mg,0407010H0AAAMAM,146,162.06000000000003
296,C82014,Atorvastatin_Tab 20mg,0212000B0AAABAB,374,158.12720000000002
351,C82064,Letrozole_Tab 2.5mg,0803041L0AAAAAA,2,142.3744
326,C82054,Memantine HCl_Tab 20mg,0411000G0AAADAD,15,127.80599999999998
327,C82007,Memantine HCl_Tab 20mg,0411000G0AAADAD,14,127.79199999999999
7,C82007,Paracet_Tab 500mg,0407010H0AAAMAM,80,120.06400000000002
6,C82007,Paracet_Tab 500mg,0407010H0AAAMAM,80,120.06400000000002
384,C82103,Prednisolone_Tab Solb 5mg,0603020T0AABHBH,1,95.912
297,C82062,Atorvastatin_Tab 20mg,0212000B0AAABAB,58,90.29440000000001
298,C82014,Atorvastatin_Tab 20mg,0212000B0AAABAB,12,90.1152
364,C82678,Atorvastatin_Tab 40mg,0212000B0AAACAC,111,89.5104
352,C82075,Letrozole_Tab 2.5mg,0803041L0AAAAAA,8,71.29920000000001
353,C82678,Letrozole_Tab 2.5mg,0803041L0AAAAAA,6,71.18159999999999
299,C82091,Atorvastatin_Tab 20mg,0212000B0AAABAB,231,67.91400000000002
385,C82017,Prednisolone_Tab Solb 5mg,0603020T0AABHBH,2,67.13279999999999
328,C82120,Memantine HCl_Tab 20mg,0411000G0AAADAD,5,63.896
329,C82012,Memantine HCl_Tab 20mg,0411000G0AAADAD,16,63.8848
300,C82121,Atorvastatin_Tab 20mg,0212000B0AAABAB,174,45.796800000000026
301,C82054,Atorvastatin_Tab 20mg,0212000B0AAABAB,475,45.220000000000006
302,C82070,Atorvastatin_Tab 20mg,0212000B0AAABAB,43,45.150000000000006
482,C82014,Betahistine HCl_Tab 16mg,0406000B0AAABAB,11,45.0912
303,C82026,Atorvastatin_Tab 20mg,0212000B0AAABAB,98,45.00160000000003
8,C82007,Paracet_Tab 500mg,0407010H0AAAMAM,51,40.800000000000004
9,C82007,Paracet_Tab 500mg,0407010H0AAAMAM,51,40.800000000000004
11,C82628,Paracet_Tab 500mg,0407010H0AAAMAM,8,40.32000000000001
10,C82628,Paracet_Tab 500mg,0407010H0AAAMAM,8,40.32000000000001
386,C82064,Prednisolone_Tab Solb 5mg,0603020T0AABHBH,2,35.97
483,C82095,Betahistine HCl_Tab 16mg,0406000B0AAABAB,15,35.658
435,C82012,Atorvastatin_Tab 10mg,0212000B0AAAAAA,173,34.87679999999999
436,C82014,Atorvastatin_Tab 10mg,0212000B0AAAAAA,203,34.67240000000001
304,C82014,Atorvastatin_Tab 20mg,0212000B0AAABAB,2,33.8016
12,C82096,Paracet_Tab 500mg,0407010H0AAAMAM,47,29.14000000000002
13,C82096,Paracet_Tab 500mg,0407010H0AAAMAM,47,29.14000000000002
14,C82050,Paracet_Tab 500mg,0407010H0AAAMAM,7,25.4016
15,C82050,Paracet_Tab 500mg,0407010H0AAAMAM,7,25.4016
17,C82096,Paracet_Tab 500mg,0407010H0AAAMAM,45,24.300000000000008
16,C82096,Paracet_Tab 500mg,0407010H0AAAMAM,45,24.300000000000008
437,C82027,Atorvastatin_Tab 10mg,0212000B0AAAAAA,177,23.293199999999995
438,C82017,Atorvastatin_Tab 10mg,0212000B0AAAAAA,96,23.11680000000001
305,C82003,Atorvastatin_Tab 20mg,0212000B0AAABAB,215,22.87600000000003
365,C82027,Atorvastatin_Tab 40mg,0212000B0AAACAC,138,22.79760000000001
306,C82663,Atorvastatin_Tab 20mg,0212000B0AAABAB,133,22.716400000000004
366,C82075,Atorvastatin_Tab 40mg,0212000B0AAACAC,158,22.5624
367,C82041,Atorvastatin_Tab 40mg,0212000B0AAACAC,152,22.556799999999996
307,C82017,Atorvastatin_Tab 20mg,0212000B0AAABAB,187,22.514800000000026
308,C82656,Atorvastatin_Tab 20mg,0212000B0AAABAB,60,22.512000000000004
368,C82026,Atorvastatin_Tab 40mg,0212000B0AAACAC,70,22.344
369,C82017,Atorvastatin_Tab 40mg,0212000B0AAACAC,142,22.265600000000003
370,C82050,Atorvastatin_Tab 40mg,0212000B0AAACAC,282,22.10880000000003
18,C82064,Paracet_Tab 500mg,0407010H0AAAMAM,107,21.571200000000037
19,C82064,Paracet_Tab 500mg,0407010H0AAAMAM,107,21.571200000000037
20,C82064,Paracet_Tab 500mg,0407010H0AAAMAM,39,20.280000000000012
21,C82064,Paracet_Tab 500mg,0407010H0AAAMAM,39,20.280000000000012
22,C82007,Paracet_Tab 500mg,0407010H0AAAMAM,14,20.227200000000003
23,C82007,Paracet_Tab 500mg,0407010H0AAAMAM,14,20.227200000000003
24,C82062,Paracet_Tab 500mg,0407010H0AAAMAM,15,20.100000000000005
25,C82062,Paracet_Tab 500mg,0407010H0AAAMAM,15,20.100000000000005
484,C82663,Betahistine HCl_Tab 16mg,0406000B0AAABAB,2,18.0768
485,C82014,Betahistine HCl_Tab 16mg,0406000B0AAABAB,4,18.0768
27,C82050,Paracet_Tab 500mg,0407010H0AAAMAM,19,17.024
26,C82050,Paracet_Tab 500mg,0407010H0AAAMAM,19,17.024
486,C82035,Betahistine HCl_Tab 16mg,0406000B0AAABAB,2,16.296
29,C82035,Paracet_Tab 500mg,0407010H0AAAMAM,2,16.096
28,C82035,Paracet_Tab 500mg,0407010H0AAAMAM,2,16.096
31,C82012,Paracet_Tab 500mg,0407010H0AAAMAM,78,15.724800000000027
30,C82012,Paracet_Tab 500mg,0407010H0AAAMAM,78,15.724800000000027
387,C82003,Prednisolone_Tab Solb 5mg,0603020T0AABHBH,2,14.3808
33,C82027,Paracet_Tab 500mg,0407010H0AAAMAM,28,12.879999999999999
32,C82027,Paracet_Tab 500mg,0407010H0AAAMAM,28,12.879999999999999
34,C82064,Paracet_Tab 500mg,0407010H0AAAMAM,2,12.096000000000002
35,C82064,Paracet_Tab 500mg,0407010H0AAAMAM,2,12.096000000000002
439,C82095,Atorvastatin_Tab 10mg,0212000B0AAAAAA,60,11.592000000000006
440,C82052,Atorvastatin_Tab 10mg,0212000B0AAAAAA,36,11.592000000000004
441,C82678,Atorvastatin_Tab 10mg,0212000B0AAAAAA,92,11.592
442,C82091,Atorvastatin_Tab 10mg,0212000B0AAAAAA,86,11.558400000000006
443,C82634,Atorvastatin_Tab 10mg,0212000B0AAAAAA,43,11.558400000000006
36,C82096,Paracet_Tab 500mg,0407010H0AAAMAM,43,11.558399999999997
37,C82096,Paracet_Tab 500mg,0407010H0AAAMAM,43,11.558399999999997
444,C82047,Atorvastatin_Tab 10mg,0212000B0AAAAAA,87,11.449199999999998
38,C82035,Paracet_Tab 500mg,0407010H0AAAMAM,30,11.424000000000001
39,C82035,Paracet_Tab 500mg,0407010H0AAAMAM,30,11.424000000000001
40,C82075,Paracet_Tab 500mg,0407010H0AAAMAM,25,11.20000000000001
41,C82075,Paracet_Tab 500mg,0407010H0AAAMAM,25,11.20000000000001
42,C82047,Paracet_Tab 500mg,0407010H0AAAMAM,31,11.110400000000006
43,C82051,Paracet_Tab 500mg,0407010H0AAAMAM,31,11.110400000000006
44,C82047,Paracet_Tab 500mg,0407010H0AAAMAM,31,11.110400000000006
45,C82051,Paracet_Tab 500mg,0407010H0AAAMAM,31,11.110400000000006
46,C82062,Paracet_Tab 500mg,0407010H0AAAMAM,90,10.799999999999997
47,C82062,Paracet_Tab 500mg,0407010H0AAAMAM,90,10.799999999999997
48,C82054,Paracet_Tab 500mg,0407010H0AAAMAM,131,10.480000000000027
49,C82054,Paracet_Tab 500mg,0407010H0AAAMAM,131,10.480000000000027
51,C82026,Paracet_Tab 500mg,0407010H0AAAMAM,37,10.360000000000014
50,C82026,Paracet_Tab 500mg,0407010H0AAAMAM,37,10.360000000000014
52,C82121,Paracet_Tab 500mg,0407010H0AAAMAM,114,10.260000000000018
53,C82121,Paracet_Tab 500mg,0407010H0AAAMAM,114,10.260000000000018
54,C82028,Paracet_Tab 500mg,0407010H0AAAMAM,27,10.260000000000012
55,C82028,Paracet_Tab 500mg,0407010H0AAAMAM,27,10.260000000000012
56,C82017,Paracet_Tab 500mg,0407010H0AAAMAM,85,10.199999999999998
57,C82017,Paracet_Tab 500mg,0407010H0AAAMAM,85,10.199999999999998
58,C82064,Paracet_Tab 500mg,0407010H0AAAMAM,87,9.570000000000002
59,C82064,Paracet_Tab 500mg,0407010H0AAAMAM,87,9.570000000000002
60,C82051,Paracet_Tab 500mg,0407010H0AAAMAM,158,9.480000000000052
61,C82051,Paracet_Tab 500mg,0407010H0AAAMAM,158,9.480000000000052
62,C82045,Paracet_Tab 500mg,0407010H0AAAMAM,2,9.28
63,C82045,Paracet_Tab 500mg,0407010H0AAAMAM,2,9.28
65,C82026,Paracet_Tab 500mg,0407010H0AAAMAM,3,9.072
64,C82026,Paracet_Tab 500mg,0407010H0AAAMAM,3,9.072
487,C82045,Betahistine HCl_Tab 16mg,0406000B0AAABAB,3,9.0468
488,C82663,Betahistine HCl_Tab 16mg,0406000B0AAABAB,8,8.870399999999998
445,C82634,Atorvastatin_Tab 10mg,0212000B0AAAAAA,3,8.736
490,C82032,Betahistine HCl_Tab 16mg,0406000B0AAABAB,3,8.1396
489,C82003,Betahistine HCl_Tab 16mg,0406000B0AAABAB,3,8.1396
66,C82061,Paracet_Tab 500mg,0407010H0AAAMAM,35,7.700000000000002
67,C82061,Paracet_Tab 500mg,0407010H0AAAMAM,35,7.700000000000002
68,C82093,Paracet_Tab 500mg,0407010H0AAAMAM,86,6.880000000000018
69,C82093,Paracet_Tab 500mg,0407010H0AAAMAM,86,6.880000000000018
71,C82075,Paracet_Tab 500mg,0407010H0AAAMAM,68,6.800000000000006
70,C82075,Paracet_Tab 500mg,0407010H0AAAMAM,68,6.800000000000006
73,C82007,Paracet_Tab 500mg,0407010H0AAAMAM,56,6.719999999999998
72,C82007,Paracet_Tab 500mg,0407010H0AAAMAM,56,6.719999999999998
75,C82041,Paracet_Tab 500mg,0407010H0AAAMAM,110,6.600000000000036
74,C82041,Paracet_Tab 500mg,0407010H0AAAMAM,110,6.600000000000036
491,C82121,Betahistine HCl_Tab 16mg,0406000B0AAABAB,12,6.300000000000001
77,C82054,Paracet_Tab 500mg,0407010H0AAAMAM,5,5.656000000000001
76,C82054,Paracet_Tab 500mg,0407010H0AAAMAM,5,5.656000000000001
492,C82121,Betahistine HCl_Tab 16mg,0406000B0AAABAB,9,5.367600000000001
78,C82075,Paracet_Tab 500mg,0407010H0AAAMAM,134,5.360000000000014
79,C82075,Paracet_Tab 500mg,0407010H0AAAMAM,134,5.360000000000014
80,C82120,Paracet_Tab 500mg,0407010H0AAAMAM,14,5.331200000000001
81,C82120,Paracet_Tab 500mg,0407010H0AAAMAM,14,5.331200000000001
82,C82656,Paracet_Tab 500mg,0407010H0AAAMAM,27,5.130000000000006
83,C82656,Paracet_Tab 500mg,0407010H0AAAMAM,27,5.130000000000006
84,C82095,Paracet_Tab 500mg,0407010H0AAAMAM,63,5.040000000000013
85,C82095,Paracet_Tab 500mg,0407010H0AAAMAM,63,5.040000000000013
87,C82014,Paracet_Tab 500mg,0407010H0AAAMAM,100,5.000000000000004
86,C82014,Paracet_Tab 500mg,0407010H0AAAMAM,100,5.000000000000004
507,C82050,Clonazepam_Tab 500mcg,0408010F0AAABAB,3,4.949999999999994
89,C82028,Paracet_Tab 500mg,0407010H0AAAMAM,81,4.8599999999999985
88,C82028,Paracet_Tab 500mg,0407010H0AAAMAM,81,4.8599999999999985
90,C82054,Paracet_Tab 500mg,0407010H0AAAMAM,3,4.435200000000001
91,C82054,Paracet_Tab 500mg,0407010H0AAAMAM,3,4.435200000000001
508,C82047,Clonazepam_Tab 500mcg,0408010F0AAABAB,3,3.796799999999992
510,C82034,Clonazepam_Tab 500mcg,0408010F0AAABAB,2,3.796799999999992
509,Y00252,Clonazepam_Tab 500mcg,0408010F0AAABAB,2,3.796799999999992
92,C82082,Paracet_Tab 500mg,0407010H0AAAMAM,19,3.4048000000000087
93,C82082,Paracet_Tab 500mg,0407010H0AAAMAM,19,3.4048000000000087
511,C82061,Clonazepam_Tab 500mcg,0408010F0AAABAB,1,3.389999999999993
95,C82103,Paracet_Tab 500mg,0407010H0AAAMAM,1,3.2192
94,C82103,Paracet_Tab 500mg,0407010H0AAAMAM,1,3.2192
493,C82663,Betahistine HCl_Tab 16mg,0406000B0AAABAB,1,3.0184
96,C82050,Paracet_Tab 500mg,0407010H0AAAMAM,6,2.7888000000000006
97,C82050,Paracet_Tab 500mg,0407010H0AAAMAM,6,2.7888000000000006
512,C82093,Clonazepam_Tab 500mcg,0408010F0AAABAB,1,2.531199999999995
513,C82035,Clonazepam_Tab 500mcg,0408010F0AAABAB,2,2.531199999999995
514,C82045,Clonazepam_Tab 500mcg,0408010F0AAABAB,1,2.372999999999995
515,C82634,Clonazepam_Tab 500mcg,0408010F0AAABAB,1,2.2599999999999953
516,C82026,Clonazepam_Tab 500mcg,0408010F0AAABAB,7,2.2147999999999954
517,C82091,Clonazepam_Tab 500mcg,0408010F0AAABAB,1,1.993599999999998
523,C82064,Clonazepam_Tab 500mcg,0408010F0AAABAB,2,1.898399999999996
528,C82634,Clonazepam_Tab 500mcg,0408010F0AAABAB,3,1.898399999999996
529,C82061,Clonazepam_Tab 500mcg,0408010F0AAABAB,3,1.898399999999996
530,C82043,Clonazepam_Tab 500mcg,0408010F0AAABAB,2,1.898399999999996
527,C82041,Clonazepam_Tab 500mcg,0408010F0AAABAB,1,1.898399999999996
526,C82644,Clonazepam_Tab 500mcg,0408010F0AAABAB,1,1.898399999999996
520,C82091,Clonazepam_Tab 500mcg,0408010F0AAABAB,6,1.898399999999996
521,C82041,Clonazepam_Tab 500mcg,0408010F0AAABAB,6,1.898399999999996
522,C82007,Clonazepam_Tab 500mcg,0408010F0AAABAB,3,1.898399999999996
525,C82052,Clonazepam_Tab 500mcg,0408010F0AAABAB,1,1.898399999999996
524,C82051,Clonazepam_Tab 500mcg,0408010F0AAABAB,1,1.898399999999996
518,C82052,Clonazepam_Tab 500mcg,0408010F0AAABAB,2,1.898399999999996
519,C82095,Clonazepam_Tab 500mcg,0408010F0AAABAB,1,1.898399999999996
98,C82047,Paracet_Tab 500mg,0407010H0AAAMAM,86,1.7200000000000195
99,C82047,Paracet_Tab 500mg,0407010H0AAAMAM,86,1.7200000000000195
531,C82007,Clonazepam_Tab 500mcg,0408010F0AAABAB,3,1.7099999999999949
100,C82050,Paracet_Tab 500mg,0407010H0AAAMAM,2,1.632
101,C82050,Paracet_Tab 500mg,0407010H0AAAMAM,2,1.632
103,C82007,Paracet_Tab 500mg,0407010H0AAAMAM,1,1.6096
102,C82007,Paracet_Tab 500mg,0407010H0AAAMAM,1,1.6096
371,C82051,Atorvastatin_Tab 40mg,0212000B0AAACAC,143,1.6015999999999904
533,C82121,Clonazepam_Tab 500mcg,0408010F0AAABAB,4,1.5819999999999967
532,C82075,Clonazepam_Tab 500mcg,0408010F0AAABAB,5,1.5819999999999967
105,C82003,Paracet_Tab 500mg,0407010H0AAAMAM,26,1.5288000000000008
104,C82003,Paracet_Tab 500mg,0407010H0AAAMAM,26,1.5288000000000008
107,C82054,Paracet_Tab 500mg,0407010H0AAAMAM,35,1.400000000000016
106,C82054,Paracet_Tab 500mg,0407010H0AAAMAM,35,1.400000000000016
535,C82041,Clonazepam_Tab 500mcg,0408010F0AAABAB,1,1.3559999999999972
534,C82041,Clonazepam_Tab 500mcg,0408010F0AAABAB,2,1.3559999999999972
548,C82121,Clonazepam_Tab 500mcg,0408010F0AAABAB,1,1.2655999999999974
540,C82017,Clonazepam_Tab 500mcg,0408010F0AAABAB,2,1.2655999999999974
546,C82012,Clonazepam_Tab 500mcg,0408010F0AAABAB,1,1.2655999999999974
545,C82075,Clonazepam_Tab 500mcg,0408010F0AAABAB,1,1.2655999999999974
544,C82028,Clonazepam_Tab 500mcg,0408010F0AAABAB,4,1.2655999999999974
543,C82064,Clonazepam_Tab 500mcg,0408010F0AAABAB,2,1.2655999999999974
542,C82041,Clonazepam_Tab 500mcg,0408010F0AAABAB,1,1.2655999999999974
541,C82600,Clonazepam_Tab 500mcg,0408010F0AAABAB,1,1.2655999999999974
554,C82095,Clonazepam_Tab 500mcg,0408010F0AAABAB,2,1.2655999999999974
539,C82014,Clonazepam_Tab 500mcg,0408010F0AAABAB,2,1.2655999999999974
549,C82051,Clonazepam_Tab 500mcg,0408010F0AAABAB,2,1.2655999999999974
538,C82096,Clonazepam_Tab 500mcg,0408010F0AAABAB,2,1.2655999999999974
537,C82097,Clonazepam_Tab 500mcg,0408010F0AAABAB,1,1.2655999999999974
536,C82072,Clonazepam_Tab 500mcg,0408010F0AAABAB,1,1.2655999999999974
553,C82121,Clonazepam_Tab 500mcg,0408010F0AAABAB,4,1.2655999999999974
552,C82072,Clonazepam_Tab 500mcg,0408010F0AAABAB,2,1.2655999999999974
551,C82032,Clonazepam_Tab 500mcg,0408010F0AAABAB,2,1.2655999999999974
550,C82050,Clonazepam_Tab 500mcg,0408010F0AAABAB,1,1.2655999999999974
547,C82054,Clonazepam_Tab 500mcg,0408010F0AAABAB,2,1.2655999999999974
555,C82050,Clonazepam_Tab 500mcg,0408010F0AAABAB,1,1.2203999999999975
557,C82051,Clonazepam_Tab 500mcg,0408010F0AAABAB,2,1.1399999999999966
556,C82054,Clonazepam_Tab 500mcg,0408010F0AAABAB,2,1.1399999999999966
561,C82047,Clonazepam_Tab 500mcg,0408010F0AAABAB,1,1.1299999999999977
562,C82072,Clonazepam_Tab 500mcg,0408010F0AAABAB,1,1.1299999999999977
563,C82061,Clonazepam_Tab 500mcg,0408010F0AAABAB,1,1.1299999999999977
564,C82043,Clonazepam_Tab 500mcg,0408010F0AAABAB,1,1.1299999999999977
558,C82011,Clonazepam_Tab 500mcg,0408010F0AAABAB,1,1.1299999999999977
560,C82041,Clonazepam_Tab 500mcg,0408010F0AAABAB,1,1.1299999999999977
559,C82054,Clonazepam_Tab 500mcg,0408010F0AAABAB,1,1.1299999999999977
565,C82012,Clonazepam_Tab 500mcg,0408010F0AAABAB,7,1.1073999999999977
372,C82064,Atorvastatin_Tab 40mg,0212000B0AAACAC,10,1.0080000000000018
566,C82045,Clonazepam_Tab 500mcg,0408010F0AAABAB,1,0.996799999999999
108,C82103,Paracet_Tab 500mg,0407010H0AAAMAM,98,0.9799999999999941
109,C82103,Paracet_Tab 500mg,0407010H0AAAMAM,98,0.9799999999999941
574,C82017,Clonazepam_Tab 500mcg,0408010F0AAABAB,3,0.949199999999998
576,C82052,Clonazepam_Tab 500mcg,0408010F0AAABAB,3,0.949199999999998
567,C82061,Clonazepam_Tab 500mcg,0408010F0AAABAB,3,0.949199999999998
568,C82070,Clonazepam_Tab 500mcg,0408010F0AAABAB,1,0.949199999999998
569,C82072,Clonazepam_Tab 500mcg,0408010F0AAABAB,3,0.949199999999998
570,C82072,Clonazepam_Tab 500mcg,0408010F0AAABAB,1,0.949199999999998
571,C82011,Clonazepam_Tab 500mcg,0408010F0AAABAB,3,0.949199999999998
572,C82003,Clonazepam_Tab 500mcg,0408010F0AAABAB,3,0.949199999999998
573,C82121,Clonazepam_Tab 500mcg,0408010F0AAABAB,1,0.949199999999998
575,C82027,Clonazepam_Tab 500mcg,0408010F0AAABAB,3,0.949199999999998
577,C82093,Clonazepam_Tab 500mcg,0408010F0AAABAB,1,0.949199999999998
579,C82027,Clonazepam_Tab 500mcg,0408010F0AAABAB,1,0.949199999999998
580,C82064,Clonazepam_Tab 500mcg,0408010F0AAABAB,3,0.949199999999998
578,C82093,Clonazepam_Tab 500mcg,0408010F0AAABAB,3,0.949199999999998
373,C82047,Atorvastatin_Tab 40mg,0212000B0AAACAC,330,0.9240000000000265
374,C82061,Atorvastatin_Tab 40mg,0212000B0AAACAC,322,0.9016000000000258
309,C82096,Atorvastatin_Tab 20mg,0212000B0AAABAB,288,0.8064000000000231
581,C82082,Clonazepam_Tab 500mcg,0408010F0AAABAB,1,0.7909999999999984
375,C82064,Atorvastatin_Tab 40mg,0212000B0AAACAC,125,0.6999999999999957
589,C82054,Clonazepam_Tab 500mcg,0408010F0AAABAB,1,0.6779999999999986
591,C82103,Clonazepam_Tab 500mcg,0408010F0AAABAB,2,0.6779999999999986
590,C82026,Clonazepam_Tab 500mcg,0408010F0AAABAB,1,0.6779999999999986
585,C82075,Clonazepam_Tab 500mcg,0408010F0AAABAB,1,0.6779999999999986
586,C82627,Clonazepam_Tab 500mcg,0408010F0AAABAB,1,0.6779999999999986
584,C82656,Clonazepam_Tab 500mcg,0408010F0AAABAB,1,0.6779999999999986
583,C82028,Clonazepam_Tab 500mcg,0408010F0AAABAB,1,0.6779999999999986
582,C82070,Clonazepam_Tab 500mcg,0408010F0AAABAB,1,0.6779999999999986
587,C82093,Clonazepam_Tab 500mcg,0408010F0AAABAB,1,0.6779999999999986
588,C82035,Clonazepam_Tab 500mcg,0408010F0AAABAB,1,0.6779999999999986
593,C82103,Clonazepam_Tab 500mcg,0408010F0AAABAB,1,0.6327999999999987
592,C82047,Clonazepam_Tab 500mcg,0408010F0AAABAB,1,0.6327999999999987
607,C82628,Clonazepam_Tab 500mcg,0408010F0AAABAB,4,0.6327999999999987
594,C82050,Clonazepam_Tab 500mcg,0408010F0AAABAB,1,0.6327999999999987
619,C82012,Clonazepam_Tab 500mcg,0408010F0AAABAB,2,0.6327999999999987
618,C82075,Clonazepam_Tab 500mcg,0408010F0AAABAB,1,0.6327999999999987
617,C82043,Clonazepam_Tab 500mcg,0408010F0AAABAB,1,0.6327999999999987
616,C82121,Clonazepam_Tab 500mcg,0408010F0AAABAB,1,0.6327999999999987
615,C82678,Clonazepam_Tab 500mcg,0408010F0AAABAB,1,0.6327999999999987
614,C82600,Clonazepam_Tab 500mcg,0408010F0AAABAB,1,0.6327999999999987
613,C82027,Clonazepam_Tab 500mcg,0408010F0AAABAB,1,0.6327999999999987
612,C82095,Clonazepam_Tab 500mcg,0408010F0AAABAB,4,0.6327999999999987
610,C82026,Clonazepam_Tab 500mcg,0408010F0AAABAB,1,0.6327999999999987
609,C82051,Clonazepam_Tab 500mcg,0408010F0AAABAB,2,0.6327999999999987
608,C82103,Clonazepam_Tab 500mcg,0408010F0AAABAB,2,0.6327999999999987
611,C82678,Clonazepam_Tab 500mcg,0408010F0AAABAB,2,0.6327999999999987
606,C82082,Clonazepam_Tab 500mcg,0408010F0AAABAB,1,0.6327999999999987
604,C82003,Clonazepam_Tab 500mcg,0408010F0AAABAB,1,0.6327999999999987
603,C82096,Clonazepam_Tab 500mcg,0408010F0AAABAB,2,0.6327999999999987
602,C82644,Clonazepam_Tab 500mcg,0408010F0AAABAB,1,0.6327999999999987
601,C82014,Clonazepam_Tab 500mcg,0408010F0AAABAB,2,0.6327999999999987
600,C82120,Clonazepam_Tab 500mcg,0408010F0AAABAB,1,0.6327999999999987
599,C82003,Clonazepam_Tab 500mcg,0408010F0AAABAB,8,0.6327999999999987
598,C82628,Clonazepam_Tab 500mcg,0408010F0AAABAB,1,0.6327999999999987
597,C82097,Clonazepam_Tab 500mcg,0408010F0AAABAB,1,0.6327999999999987
596,C82012,Clonazepam_Tab 500mcg,0408010F0AAABAB,1,0.6327999999999987
605,C82041,Clonazepam_Tab 500mcg,0408010F0AAABAB,4,0.6327999999999987
595,C82093,Clonazepam_Tab 500mcg,0408010F0AAABAB,1,0.6327999999999987
620,C82007,Clonazepam_Tab 500mcg,0408010F0AAABAB,1,0.6101999999999987
376,C82096,Atorvastatin_Tab 40mg,0212000B0AAACAC,102,0.5711999999999966
625,C82103,Clonazepam_Tab 500mcg,0408010F0AAABAB,1,0.5699999999999983
624,C82047,Clonazepam_Tab 500mcg,0408010F0AAABAB,1,0.5699999999999983
623,C82052,Clonazepam_Tab 500mcg,0408010F0AAABAB,1,0.5699999999999983
622,C82014,Clonazepam_Tab 500mcg,0408010F0AAABAB,1,0.5699999999999983
621,C82093,Clonazepam_Tab 500mcg,0408010F0AAABAB,1,0.5699999999999983
626,C82072,Clonazepam_Tab 500mcg,0408010F0AAABAB,1,0.5129999999999985
627,C82003,Clonazepam_Tab 500mcg,0408010F0AAABAB,1,0.474599999999999
628,C82061,Clonazepam_Tab 500mcg,0408010F0AAABAB,3,0.474599999999999
629,C82072,Clonazepam_Tab 500mcg,0408010F0AAABAB,3,0.474599999999999
630,C82043,Clonazepam_Tab 500mcg,0408010F0AAABAB,1,0.474599999999999
310,C82064,Atorvastatin_Tab 20mg,0212000B0AAABAB,165,0.46200000000001323
631,C82043,Clonazepam_Tab 500mcg,0408010F0AAABAB,1,0.45199999999999907
632,C82007,Clonazepam_Tab 500mcg,0408010F0AAABAB,1,0.4367999999999995
639,C82047,Clonazepam_Tab 500mcg,0408010F0AAABAB,1,0.3389999999999993
642,C82041,Clonazepam_Tab 500mcg,0408010F0AAABAB,1,0.3389999999999993
640,C82102,Clonazepam_Tab 500mcg,0408010F0AAABAB,1,0.3389999999999993
641,C82095,Clonazepam_Tab 500mcg,0408010F0AAABAB,1,0.3389999999999993
638,C82014,Clonazepam_Tab 500mcg,0408010F0AAABAB,1,0.3389999999999993
636,C82050,Clonazepam_Tab 500mcg,0408010F0AAABAB,1,0.3389999999999993
633,C82035,Clonazepam_Tab 500mcg,0408010F0AAABAB,1,0.3389999999999993
634,C82043,Clonazepam_Tab 500mcg,0408010F0AAABAB,1,0.3389999999999993
635,C82054,Clonazepam_Tab 500mcg,0408010F0AAABAB,1,0.3389999999999993
637,C82093,Clonazepam_Tab 500mcg,0408010F0AAABAB,1,0.3389999999999993
311,C82051,Atorvastatin_Tab 20mg,0212000B0AAABAB,59,0.33040000000000946
654,C82035,Clonazepam_Tab 500mcg,0408010F0AAABAB,4,0.31639999999999935
662,C82050,Clonazepam_Tab 500mcg,0408010F0AAABAB,1,0.31639999999999935
661,C82095,Clonazepam_Tab 500mcg,0408010F0AAABAB,4,0.31639999999999935
660,C82678,Clonazepam_Tab 500mcg,0408010F0AAABAB,4,0.31639999999999935
659,C82095,Clonazepam_Tab 500mcg,0408010F0AAABAB,1,0.31639999999999935
658,C82102,Clonazepam_Tab 500mcg,0408010F0AAABAB,1,0.31639999999999935
657,C82644,Clonazepam_Tab 500mcg,0408010F0AAABAB,1,0.31639999999999935
656,C82054,Clonazepam_Tab 500mcg,0408010F0AAABAB,2,0.31639999999999935
655,C82007,Clonazepam_Tab 500mcg,0408010F0AAABAB,1,0.31639999999999935
653,C82627,Clonazepam_Tab 500mcg,0408010F0AAABAB,1,0.31639999999999935
644,C82663,Clonazepam_Tab 500mcg,0408010F0AAABAB,1,0.31639999999999935
651,C82120,Clonazepam_Tab 500mcg,0408010F0AAABAB,1,0.31639999999999935
650,C82034,Clonazepam_Tab 500mcg,0408010F0AAABAB,2,0.31639999999999935
649,C82032,Clonazepam_Tab 500mcg,0408010F0AAABAB,1,0.31639999999999935
648,C82075,Clonazepam_Tab 500mcg,0408010F0AAABAB,4,0.31639999999999935
647,C82062,Clonazepam_Tab 500mcg,0408010F0AAABAB,1,0.31639999999999935
646,C82656,Clonazepam_Tab 500mcg,0408010F0AAABAB,1,0.31639999999999935
645,C82007,Clonazepam_Tab 500mcg,0408010F0AAABAB,2,0.31639999999999935
652,C82047,Clonazepam_Tab 500mcg,0408010F0AAABAB,1,0.31639999999999935
643,C82111,Clonazepam_Tab 500mcg,0408010F0AAABAB,1,0.31639999999999935
663,C82007,Clonazepam_Tab 500mcg,0408010F0AAABAB,1,0.2799999999999997
664,C82054,Clonazepam_Tab 500mcg,0408010F0AAABAB,4,0.16959999999999997
670,C82043,Clonazepam_Tab 500mcg,0408010F0AAABAB,1,0.15819999999999967
669,C82600,Clonazepam_Tab 500mcg,0408010F0AAABAB,1,0.15819999999999967
668,C82003,Clonazepam_Tab 500mcg,0408010F0AAABAB,1,0.15819999999999967
667,C82600,Clonazepam_Tab 500mcg,0408010F0AAABAB,2,0.15819999999999967
666,C82028,Clonazepam_Tab 500mcg,0408010F0AAABAB,1,0.15819999999999967
665,C82017,Clonazepam_Tab 500mcg,0408010F0AAABAB,1,0.15819999999999967
671,Y03715,Clonazepam_Tab 500mcg,0408010F0AAABAB,2,0.12719999999999998
672,C82072,Clonazepam_Tab 500mcg,0408010F0AAABAB,1,0.11599999999999999
330,C82051,Memantine HCl_Tab 20mg,0411000G0AAADAD,20,0.09799999999999989
447,C82678,Atorvastatin_Tab 10mg,0212000B0AAAAAA,43,0.09030000000000049
446,C82095,Atorvastatin_Tab 10mg,0212000B0AAAAAA,43,0.09030000000000049
110,C82047,Paracet_Tab 500mg,0407010H0AAAMAM,16,0.0895999999999999
111,C82047,Paracet_Tab 500mg,0407010H0AAAMAM,16,0.0895999999999999
331,C82003,Memantine HCl_Tab 20mg,0411000G0AAADAD,18,0.0881999999999999
448,C82003,Atorvastatin_Tab 10mg,0212000B0AAAAAA,39,0.08190000000000044
674,C82072,Clonazepam_Tab 500mcg,0408010F0AAABAB,1,0.07909999999999984
673,C82093,Clonazepam_Tab 500mcg,0408010F0AAABAB,1,0.07909999999999984
332,C82091,Memantine HCl_Tab 20mg,0411000G0AAADAD,16,0.07839999999999991
675,C82061,Clonazepam_Tab 500mcg,0408010F0AAABAB,2,0.07379999999999987
113,C82103,Paracet_Tab 500mg,0407010H0AAAMAM,10,0.05999999999999964
112,C82103,Paracet_Tab 500mg,0407010H0AAAMAM,10,0.05999999999999964
449,C82121,Atorvastatin_Tab 10mg,0212000B0AAAAAA,28,0.058800000000000324
450,C82093,Atorvastatin_Tab 10mg,0212000B0AAAAAA,26,0.0546000000000003
451,C82047,Atorvastatin_Tab 10mg,0212000B0AAAAAA,25,0.05250000000000029
452,C82627,Atorvastatin_Tab 10mg,0212000B0AAAAAA,24,0.05040000000000028
114,C82627,Paracet_Tab 500mg,0407010H0AAAMAM,9,0.050399999999999695
115,C82627,Paracet_Tab 500mg,0407010H0AAAMAM,9,0.050399999999999695
117,C82028,Paracet_Tab 500mg,0407010H0AAAMAM,1,0.04479999999999995
116,C82028,Paracet_Tab 500mg,0407010H0AAAMAM,1,0.04479999999999995
333,C82041,Memantine HCl_Tab 20mg,0411000G0AAADAD,9,0.04409999999999995
676,C82051,Clonazepam_Tab 500mcg,0408010F0AAABAB,1,0.04239999999999999
453,C82062,Atorvastatin_Tab 10mg,0212000B0AAAAAA,20,0.04200000000000023
334,C82650,Memantine HCl_Tab 20mg,0411000G0AAADAD,8,0.03919999999999996
354,C82054,Letrozole_Tab 2.5mg,0803041L0AAAAAA,7,0.0343000000000003
454,C82041,Atorvastatin_Tab 10mg,0212000B0AAAAAA,16,0.033600000000000185
455,C82014,Atorvastatin_Tab 10mg,0212000B0AAAAAA,16,0.033600000000000185
118,C82047,Paracet_Tab 500mg,0407010H0AAAMAM,8,0.0335999999999998
119,C82121,Paracet_Tab 500mg,0407010H0AAAMAM,8,0.0335999999999998
120,C82121,Paracet_Tab 500mg,0407010H0AAAMAM,8,0.0335999999999998
121,C82047,Paracet_Tab 500mg,0407010H0AAAMAM,8,0.0335999999999998
456,C82600,Atorvastatin_Tab 10mg,0212000B0AAAAAA,15,0.031500000000000174
457,C82028,Atorvastatin_Tab 10mg,0212000B0AAAAAA,15,0.031500000000000174
377,C82075,Atorvastatin_Tab 40mg,0212000B0AAACAC,7,0.030800000000000105
122,C82047,Paracet_Tab 500mg,0407010H0AAAMAM,5,0.02999999999999982
125,C82047,Paracet_Tab 500mg,0407010H0AAAMAM,5,0.02999999999999982
123,C82121,Paracet_Tab 500mg,0407010H0AAAMAM,5,0.02999999999999982
124,C82121,Paracet_Tab 500mg,0407010H0AAAMAM,5,0.02999999999999982
337,C82047,Memantine HCl_Tab 20mg,0411000G0AAADAD,6,0.029399999999999968
336,C82072,Memantine HCl_Tab 20mg,0411000G0AAADAD,6,0.029399999999999968
335,C82656,Memantine HCl_Tab 20mg,0411000G0AAADAD,6,0.029399999999999968
458,C82644,Atorvastatin_Tab 10mg,0212000B0AAAAAA,13,0.02730000000000015
459,C82051,Atorvastatin_Tab 10mg,0212000B0AAAAAA,12,0.02520000000000014
126,C82095,Paracet_Tab 500mg,0407010H0AAAMAM,9,0.025199999999999848
127,C82095,Paracet_Tab 500mg,0407010H0AAAMAM,9,0.025199999999999848
355,C82028,Letrozole_Tab 2.5mg,0803041L0AAAAAA,5,0.024500000000000216
338,C82678,Memantine HCl_Tab 20mg,0411000G0AAADAD,5,0.024499999999999973
339,C82028,Memantine HCl_Tab 20mg,0411000G0AAADAD,5,0.024499999999999973
128,C82043,Paracet_Tab 500mg,0407010H0AAAMAM,4,0.023999999999999855
129,C82043,Paracet_Tab 500mg,0407010H0AAAMAM,4,0.023999999999999855
460,C82656,Atorvastatin_Tab 10mg,0212000B0AAAAAA,11,0.023100000000000127
130,C82121,Paracet_Tab 500mg,0407010H0AAAMAM,8,0.022399999999999864
131,C82027,Paracet_Tab 500mg,0407010H0AAAMAM,8,0.022399999999999864
134,C82027,Paracet_Tab 500mg,0407010H0AAAMAM,8,0.022399999999999864
135,C82600,Paracet_Tab 500mg,0407010H0AAAMAM,8,0.022399999999999864
133,C82600,Paracet_Tab 500mg,0407010H0AAAMAM,8,0.022399999999999864
132,C82121,Paracet_Tab 500mg,0407010H0AAAMAM,8,0.022399999999999864
677,C82600,Clonazepam_Tab 500mcg,0408010F0AAABAB,1,0.021199999999999997
462,C82054,Atorvastatin_Tab 10mg,0212000B0AAAAAA,10,0.021000000000000116
461,C82075,Atorvastatin_Tab 10mg,0212000B0AAAAAA,10,0.021000000000000116
136,C82095,Paracet_Tab 500mg,0407010H0AAAMAM,5,0.020999999999999873
137,C82095,Paracet_Tab 500mg,0407010H0AAAMAM,5,0.020999999999999873
360,C82628,Letrozole_Tab 2.5mg,0803041L0AAAAAA,4,0.019600000000000173
359,C82095,Letrozole_Tab 2.5mg,0803041L0AAAAAA,4,0.019600000000000173
357,C82027,Letrozole_Tab 2.5mg,0803041L0AAAAAA,4,0.019600000000000173
356,C82091,Letrozole_Tab 2.5mg,0803041L0AAAAAA,4,0.019600000000000173
358,C82075,Letrozole_Tab 2.5mg,0803041L0AAAAAA,4,0.019600000000000173
340,C82062,Memantine HCl_Tab 20mg,0411000G0AAADAD,4,0.01959999999999998
342,C82017,Memantine HCl_Tab 20mg,0411000G0AAADAD,4,0.01959999999999998
343,C82075,Memantine HCl_Tab 20mg,0411000G0AAADAD,4,0.01959999999999998
341,C82628,Memantine HCl_Tab 20mg,0411000G0AAADAD,4,0.01959999999999998
349,Y00252,Ropinirole HCl_Tab 250mcg,0409010H0AAAAAA,4,0.019599999999999396
463,C82027,Atorvastatin_Tab 10mg,0212000B0AAAAAA,9,0.018900000000000104
138,C82035,Paracet_Tab 500mg,0407010H0AAAMAM,3,0.01799999999999989
139,C82035,Paracet_Tab 500mg,0407010H0AAAMAM,3,0.01799999999999989
146,Y00252,Paracet_Tab 500mg,0407010H0AAAMAM,4,0.0167999999999999
151,C82027,Paracet_Tab 500mg,0407010H0AAAMAM,4,0.0167999999999999
150,Y00252,Paracet_Tab 500mg,0407010H0AAAMAM,4,0.0167999999999999
149,C82093,Paracet_Tab 500mg,0407010H0AAAMAM,4,0.0167999999999999
147,C82650,Paracet_Tab 500mg,0407010H0AAAMAM,3,0.0167999999999999
148,C82003,Paracet_Tab 500mg,0407010H0AAAMAM,4,0.0167999999999999
145,C82014,Paracet_Tab 500mg,0407010H0AAAMAM,4,0.0167999999999999
144,C82014,Paracet_Tab 500mg,0407010H0AAAMAM,4,0.0167999999999999
143,C82093,Paracet_Tab 500mg,0407010H0AAAMAM,4,0.0167999999999999
142,C82003,Paracet_Tab 500mg,0407010H0AAAMAM,4,0.0167999999999999
141,C82650,Paracet_Tab 500mg,0407010H0AAAMAM,3,0.0167999999999999
140,C82027,Paracet_Tab 500mg,0407010H0AAAMAM,4,0.0167999999999999
678,C82007,Clonazepam_Tab 500mcg,0408010F0AAABAB,1,0.015600000000000003
152,C82678,Paracet_Tab 500mg,0407010H0AAAMAM,5,0.01499999999999991
153,C82678,Paracet_Tab 500mg,0407010H0AAAMAM,5,0.01499999999999991
344,C82095,Memantine HCl_Tab 20mg,0411000G0AAADAD,3,0.014699999999999984
154,C82047,Paracet_Tab 500mg,0407010H0AAAMAM,3,0.014400000000000163
155,C82047,Paracet_Tab 500mg,0407010H0AAAMAM,3,0.014400000000000163
156,C82052,Paracet_Tab 500mg,0407010H0AAAMAM,5,0.013999999999999915
157,C82052,Paracet_Tab 500mg,0407010H0AAAMAM,5,0.013999999999999915
464,C82050,Atorvastatin_Tab 10mg,0212000B0AAAAAA,3,0.01260000000000007
465,C82095,Atorvastatin_Tab 10mg,0212000B0AAAAAA,3,0.01260000000000007
378,C82120,Atorvastatin_Tab 40mg,0212000B0AAACAC,2,0.012000000000000344
312,C82095,Atorvastatin_Tab 20mg,0212000B0AAABAB,2,0.012000000000000344
159,C82095,Paracet_Tab 500mg,0407010H0AAAMAM,2,0.011999999999999927
158,C82003,Paracet_Tab 500mg,0407010H0AAAMAM,2,0.011999999999999927
160,C82095,Paracet_Tab 500mg,0407010H0AAAMAM,2,0.011999999999999927
161,C82003,Paracet_Tab 500mg,0407010H0AAAMAM,2,0.011999999999999927
171,C82041,Paracet_Tab 500mg,0407010H0AAAMAM,4,0.011199999999999932
172,C82028,Paracet_Tab 500mg,0407010H0AAAMAM,4,0.011199999999999932
173,C82656,Paracet_Tab 500mg,0407010H0AAAMAM,4,0.011199999999999932
169,C82120,Paracet_Tab 500mg,0407010H0AAAMAM,4,0.011199999999999932
167,C82091,Paracet_Tab 500mg,0407010H0AAAMAM,4,0.011199999999999932
166,C82120,Paracet_Tab 500mg,0407010H0AAAMAM,4,0.011199999999999932
165,C82091,Paracet_Tab 500mg,0407010H0AAAMAM,4,0.011199999999999932
164,C82062,Paracet_Tab 500mg,0407010H0AAAMAM,4,0.011199999999999932
163,C82041,Paracet_Tab 500mg,0407010H0AAAMAM,4,0.011199999999999932
162,C82028,Paracet_Tab 500mg,0407010H0AAAMAM,4,0.011199999999999932
170,C82656,Paracet_Tab 500mg,0407010H0AAAMAM,4,0.011199999999999932
168,C82062,Paracet_Tab 500mg,0407010H0AAAMAM,4,0.011199999999999932
472,C82628,Atorvastatin_Tab 10mg,0212000B0AAAAAA,4,0.008400000000000046
466,C82012,Atorvastatin_Tab 10mg,0212000B0AAAAAA,4,0.008400000000000046
471,C82011,Atorvastatin_Tab 10mg,0212000B0AAAAAA,4,0.008400000000000046
470,C82075,Atorvastatin_Tab 10mg,0212000B0AAAAAA,2,0.008400000000000046
469,C82120,Atorvastatin_Tab 10mg,0212000B0AAAAAA,4,0.008400000000000046
468,C82091,Atorvastatin_Tab 10mg,0212000B0AAAAAA,4,0.008400000000000046
467,Y00252,Atorvastatin_Tab 10mg,0212000B0AAAAAA,4,0.008400000000000046
176,C82007,Paracet_Tab 500mg,0407010H0AAAMAM,3,0.00839999999999995
177,C82082,Paracet_Tab 500mg,0407010H0AAAMAM,3,0.00839999999999995
174,C82082,Paracet_Tab 500mg,0407010H0AAAMAM,3,0.00839999999999995
175,C82007,Paracet_Tab 500mg,0407010H0AAAMAM,3,0.00839999999999995
178,C82050,Paracet_Tab 500mg,0407010H0AAAMAM,5,0.006999999999999958
179,C82050,Paracet_Tab 500mg,0407010H0AAAMAM,5,0.006999999999999958
473,C82650,Atorvastatin_Tab 10mg,0212000B0AAAAAA,3,0.006300000000000035
180,C82051,Paracet_Tab 500mg,0407010H0AAAMAM,3,0.006299999999999962
181,C82051,Paracet_Tab 500mg,0407010H0AAAMAM,3,0.006299999999999962
313,C82678,Atorvastatin_Tab 20mg,0212000B0AAABAB,1,0.006000000000000172
315,C82070,Atorvastatin_Tab 20mg,0212000B0AAABAB,1,0.006000000000000172
314,C82032,Atorvastatin_Tab 20mg,0212000B0AAABAB,1,0.006000000000000172
379,C82095,Atorvastatin_Tab 40mg,0212000B0AAACAC,1,0.006000000000000172
185,C82644,Paracet_Tab 500mg,0407010H0AAAMAM,1,0.005999999999999964
186,C82045,Paracet_Tab 500mg,0407010H0AAAMAM,1,0.005999999999999964
188,C82045,Paracet_Tab 500mg,0407010H0AAAMAM,1,0.005999999999999964
184,C82644,Paracet_Tab 500mg,0407010H0AAAMAM,1,0.005999999999999964
183,C82017,Paracet_Tab 500mg,0407010H0AAAMAM,1,0.005999999999999964
182,C82012,Paracet_Tab 500mg,0407010H0AAAMAM,2,0.005999999999999964
191,C82064,Paracet_Tab 500mg,0407010H0AAAMAM,1,0.005999999999999964
190,C82064,Paracet_Tab 500mg,0407010H0AAAMAM,1,0.005999999999999964
189,C82012,Paracet_Tab 500mg,0407010H0AAAMAM,2,0.005999999999999964
192,C82017,Paracet_Tab 500mg,0407010H0AAAMAM,1,0.005999999999999964
193,C82062,Paracet_Tab 500mg,0407010H0AAAMAM,1,0.005999999999999964
187,C82062,Paracet_Tab 500mg,0407010H0AAAMAM,1,0.005999999999999964
388,C82047,Prednisolone_Tab Solb 5mg,0603020T0AABHBH,2,0.005999999999999339
195,C82657,Paracet_Tab 500mg,0407010H0AAAMAM,1,0.005599999999999994
194,C82657,Paracet_Tab 500mg,0407010H0AAAMAM,1,0.005599999999999994
205,C82075,Paracet_Tab 500mg,0407010H0AAAMAM,2,0.005599999999999966
197,C82093,Paracet_Tab 500mg,0407010H0AAAMAM,2,0.005599999999999966
198,Y00252,Paracet_Tab 500mg,0407010H0AAAMAM,4,0.005599999999999966
199,C82054,Paracet_Tab 500mg,0407010H0AAAMAM,1,0.005599999999999966
196,Y00252,Paracet_Tab 500mg,0407010H0AAAMAM,4,0.005599999999999966
201,C82095,Paracet_Tab 500mg,0407010H0AAAMAM,4,0.005599999999999966
202,C82093,Paracet_Tab 500mg,0407010H0AAAMAM,2,0.005599999999999966
203,C82075,Paracet_Tab 500mg,0407010H0AAAMAM,2,0.005599999999999966
204,C82095,Paracet_Tab 500mg,0407010H0AAAMAM,4,0.005599999999999966
200,C82054,Paracet_Tab 500mg,0407010H0AAAMAM,1,0.005599999999999966
380,C82627,Atorvastatin_Tab 40mg,0212000B0AAACAC,1,0.00499999999999997
345,C82644,Memantine HCl_Tab 20mg,0411000G0AAADAD,1,0.004899999999999995
207,C82027,Paracet_Tab 500mg,0407010H0AAAMAM,1,0.004800000000000054
206,C82027,Paracet_Tab 500mg,0407010H0AAAMAM,1,0.004800000000000054
394,C82003,Prednisolone_Tab Solb 5mg,0603020T0AABHBH,1,0.004499999999999504
395,C82072,Prednisolone_Tab Solb 5mg,0603020T0AABHBH,1,0.004499999999999504
392,C82041,Prednisolone_Tab Solb 5mg,0603020T0AABHBH,1,0.004499999999999504
391,C82644,Prednisolone_Tab Solb 5mg,0603020T0AABHBH,1,0.004499999999999504
390,C82051,Prednisolone_Tab Solb 5mg,0603020T0AABHBH,1,0.004499999999999504
389,C82061,Prednisolone_Tab Solb 5mg,0603020T0AABHBH,1,0.004499999999999504
393,C82062,Prednisolone_Tab Solb 5mg,0603020T0AABHBH,1,0.004499999999999504
317,C82096,Atorvastatin_Tab 20mg,0212000B0AAABAB,1,0.00440000000000005
316,C82093,Atorvastatin_Tab 20mg,0212000B0AAABAB,1,0.00440000000000005
346,C82041,Memantine HCl_Tab 20mg,0411000G0AAADAD,1,0.004199999999999995
209,C82600,Paracet_Tab 500mg,0407010H0AAAMAM,1,0.004199999999999975
208,C82600,Paracet_Tab 500mg,0407010H0AAAMAM,1,0.004199999999999975
350,C82011,Ropinirole HCl_Tab 250mcg,0409010H0AAAAAA,1,0.0041999999999995374
318,C82027,Atorvastatin_Tab 20mg,0212000B0AAABAB,1,0.004000000000000115
319,C82032,Atorvastatin_Tab 20mg,0212000B0AAABAB,1,0.003800000000000109
397,C82678,Prednisolone_Tab Solb 5mg,0603020T0AABHBH,1,0.0035999999999996035
396,C82045,Prednisolone_Tab Solb 5mg,0603020T0AABHBH,1,0.0035999999999996035
398,C82062,Prednisolone_Tab Solb 5mg,0603020T0AABHBH,1,0.0035999999999996035
320,Y00252,Atorvastatin_Tab 20mg,0212000B0AAABAB,1,0.0033000000000000945
474,C82043,Atorvastatin_Tab 10mg,0212000B0AAAAAA,1,0.003200000000000036
213,C82051,Paracet_Tab 500mg,0407010H0AAAMAM,1,0.002999999999999982
212,C82045,Paracet_Tab 500mg,0407010H0AAAMAM,1,0.002999999999999982
211,C82047,Paracet_Tab 500mg,0407010H0AAAMAM,1,0.002999999999999982
210,C82026,Paracet_Tab 500mg,0407010H0AAAMAM,1,0.002999999999999982
214,C82051,Paracet_Tab 500mg,0407010H0AAAMAM,1,0.002999999999999982
215,C82045,Paracet_Tab 500mg,0407010H0AAAMAM,1,0.002999999999999982
216,C82047,Paracet_Tab 500mg,0407010H0AAAMAM,1,0.002999999999999982
217,C82026,Paracet_Tab 500mg,0407010H0AAAMAM,1,0.002999999999999982
494,C82011,Betahistine HCl_Tab 16mg,0406000B0AAABAB,1,0.0029999999999998778
495,C82093,Betahistine HCl_Tab 16mg,0406000B0AAABAB,1,0.0029999999999998778
399,C82095,Prednisolone_Tab Solb 5mg,0603020T0AABHBH,1,0.0029999999999996696
223,C82678,Paracet_Tab 500mg,0407010H0AAAMAM,1,0.002799999999999983
225,C82014,Paracet_Tab 500mg,0407010H0AAAMAM,4,0.002799999999999983
221,C82043,Paracet_Tab 500mg,0407010H0AAAMAM,1,0.002799999999999983
222,C82043,Paracet_Tab 500mg,0407010H0AAAMAM,1,0.002799999999999983
220,C82072,Paracet_Tab 500mg,0407010H0AAAMAM,1,0.002799999999999983
219,C82678,Paracet_Tab 500mg,0407010H0AAAMAM,1,0.002799999999999983
218,C82014,Paracet_Tab 500mg,0407010H0AAAMAM,4,0.002799999999999983
224,C82072,Paracet_Tab 500mg,0407010H0AAAMAM,1,0.002799999999999983
381,C82026,Atorvastatin_Tab 40mg,0212000B0AAACAC,1,0.0026000000000000745
400,C82093,Prednisolone_Tab Solb 5mg,0603020T0AABHBH,1,0.0025999999999999357
401,C82121,Prednisolone_Tab Solb 5mg,0603020T0AABHBH,1,0.0020999999999997687
321,C82041,Atorvastatin_Tab 20mg,0212000B0AAABAB,1,0.00180000000000001
403,C82634,Prednisolone_Tab Solb 5mg,0603020T0AABHBH,1,-0.0011999999999998678
404,C82051,Prednisolone_Tab Solb 5mg,0603020T0AABHBH,1,-0.0011999999999998678
402,C82072,Prednisolone_Tab Solb 5mg,0603020T0AABHBH,1,-0.0011999999999998678
322,C82043,Atorvastatin_Tab 20mg,0212000B0AAABAB,1,-0.0013999999999999985
382,C82050,Atorvastatin_Tab 40mg,0212000B0AAACAC,1,-0.0014999999999999389
226,C82064,Paracet_Tab 500mg,0407010H0AAAMAM,1,-0.001999999999999988
227,C82064,Paracet_Tab 500mg,0407010H0AAAMAM,1,-0.001999999999999988
361,C82093,Letrozole_Tab 2.5mg,0803041L0AAAAAA,1,-0.002200000000000063
405,C82091,Prednisolone_Tab Solb 5mg,0603020T0AABHBH,1,-0.0023999999999997357
406,C82644,Prednisolone_Tab Solb 5mg,0603020T0AABHBH,2,-0.0023999999999997357
407,C82097,Prednisolone_Tab Solb 5mg,0603020T0AABHBH,1,-0.0023999999999997357
408,C82011,Prednisolone_Tab Solb 5mg,0603020T0AABHBH,1,-0.0023999999999997357
409,C82075,Prednisolone_Tab Solb 5mg,0603020T0AABHBH,1,-0.0023999999999997357
410,C82014,Prednisolone_Tab Solb 5mg,0603020T0AABHBH,1,-0.0024999999999997247
411,C82032,Prednisolone_Tab Solb 5mg,0603020T0AABHBH,1,-0.0024999999999997247
679,C82054,Clonazepam_Tab 500mcg,0408010F0AAABAB,1,-0.002800000000001246
323,C82050,Atorvastatin_Tab 20mg,0212000B0AAABAB,1,-0.0029999999999998778
383,C82061,Atorvastatin_Tab 40mg,0212000B0AAACAC,1,-0.0029999999999998778
324,C82082,Atorvastatin_Tab 20mg,0212000B0AAABAB,1,-0.0029999999999998778
325,C82075,Atorvastatin_Tab 20mg,0212000B0AAABAB,1,-0.0029999999999998778
476,C82097,Atorvastatin_Tab 10mg,0212000B0AAAAAA,1,-0.002999999999999982
477,C82035,Atorvastatin_Tab 10mg,0212000B0AAAAAA,1,-0.002999999999999982
475,C82678,Atorvastatin_Tab 10mg,0212000B0AAAAAA,1,-0.002999999999999982
478,C82047,Atorvastatin_Tab 10mg,0212000B0AAAAAA,1,-0.0031999999999999806
415,C82017,Prednisolone_Tab Solb 5mg,0603020T0AABHBH,1,-0.0035999999999996035
412,C82047,Prednisolone_Tab Solb 5mg,0603020T0AABHBH,1,-0.0035999999999996035
413,C82028,Prednisolone_Tab Solb 5mg,0603020T0AABHBH,1,-0.0035999999999996035
414,C82678,Prednisolone_Tab Solb 5mg,0603020T0AABHBH,1,-0.0035999999999996035
416,C82070,Prednisolone_Tab Solb 5mg,0603020T0AABHBH,1,-0.0035999999999996035
347,C82045,Memantine HCl_Tab 20mg,0411000G0AAADAD,1,-0.0035999999999999782
417,C82011,Prednisolone_Tab Solb 5mg,0603020T0AABHBH,1,-0.0039999999999995595
418,C82035,Prednisolone_Tab Solb 5mg,0603020T0AABHBH,1,-0.0039999999999995595
419,C82026,Prednisolone_Tab Solb 5mg,0603020T0AABHBH,1,-0.0039999999999995595
420,C82091,Prednisolone_Tab Solb 5mg,0603020T0AABHBH,1,-0.0039999999999995595
421,C82054,Prednisolone_Tab Solb 5mg,0603020T0AABHBH,1,-0.0039999999999995595
229,C82120,Paracet_Tab 500mg,0407010H0AAAMAM,1,-0.003999999999999976
228,C82120,Paracet_Tab 500mg,0407010H0AAAMAM,1,-0.003999999999999976
426,C82017,Prednisolone_Tab Solb 5mg,0603020T0AABHBH,1,-0.004799999999999471
429,C82072,Prednisolone_Tab Solb 5mg,0603020T0AABHBH,1,-0.004799999999999471
430,C82035,Prednisolone_Tab Solb 5mg,0603020T0AABHBH,1,-0.004799999999999471
422,C82041,Prednisolone_Tab Solb 5mg,0603020T0AABHBH,1,-0.004799999999999471
423,C82064,Prednisolone_Tab Solb 5mg,0603020T0AABHBH,1,-0.004799999999999471
424,C82091,Prednisolone_Tab Solb 5mg,0603020T0AABHBH,1,-0.004799999999999471
425,C82047,Prednisolone_Tab Solb 5mg,0603020T0AABHBH,2,-0.004799999999999471
427,C82644,Prednisolone_Tab Solb 5mg,0603020T0AABHBH,1,-0.004799999999999471
428,C82051,Prednisolone_Tab Solb 5mg,0603020T0AABHBH,1,-0.004799999999999471
431,C82091,Prednisolone_Tab Solb 5mg,0603020T0AABHBH,1,-0.0047999999999999154
479,C82007,Atorvastatin_Tab 10mg,0212000B0AAAAAA,1,-0.004799999999999971
231,C82032,Paracet_Tab 500mg,0407010H0AAAMAM,1,-0.005599999999999966
234,C82103,Paracet_Tab 500mg,0407010H0AAAMAM,1,-0.005599999999999966
233,C82035,Paracet_Tab 500mg,0407010H0AAAMAM,1,-0.005599999999999966
232,C82032,Paracet_Tab 500mg,0407010H0AAAMAM,1,-0.005599999999999966
235,C82103,Paracet_Tab 500mg,0407010H0AAAMAM,1,-0.005599999999999966
230,C82035,Paracet_Tab 500mg,0407010H0AAAMAM,1,-0.005599999999999966
481,C82095,Atorvastatin_Tab 10mg,0212000B0AAAAAA,1,-0.005999999999999964
480,C82070,Atorvastatin_Tab 10mg,0212000B0AAAAAA,1,-0.005999999999999964
496,C82045,Betahistine HCl_Tab 16mg,0406000B0AAABAB,1,-0.006000000000000172
432,Y03715,Prednisolone_Tab Solb 5mg,0603020T0AABHBH,2,-0.009599999999998943
433,C82011,Prednisolone_Tab Solb 5mg,0603020T0AABHBH,2,-0.009599999999998943
434,C82047,Prednisolone_Tab Solb 5mg,0603020T0AABHBH,2,-0.009599999999999831
241,C82062,Paracet_Tab 500mg,0407010H0AAAMAM,2,-0.011199999999999932
243,C82082,Paracet_Tab 500mg,0407010H0AAAMAM,2,-0.011199999999999932
242,C82064,Paracet_Tab 500mg,0407010H0AAAMAM,2,-0.011199999999999932
239,C82082,Paracet_Tab 500mg,0407010H0AAAMAM,2,-0.011199999999999932
240,C82011,Paracet_Tab 500mg,0407010H0AAAMAM,2,-0.011199999999999932
238,C82011,Paracet_Tab 500mg,0407010H0AAAMAM,2,-0.011199999999999932
237,C82064,Paracet_Tab 500mg,0407010H0AAAMAM,2,-0.011199999999999932
236,C82062,Paracet_Tab 500mg,0407010H0AAAMAM,2,-0.011199999999999932
244,C82007,Paracet_Tab 500mg,0407010H0AAAMAM,3,-0.0167999999999999
245,C82007,Paracet_Tab 500mg,0407010H0AAAMAM,3,-0.0167999999999999
497,C82062,Betahistine HCl_Tab 16mg,0406000B0AAABAB,1,-0.020000000000000573
250,C82043,Paracet_Tab 500mg,0407010H0AAAMAM,4,-0.022399999999999864
251,C82026,Paracet_Tab 500mg,0407010H0AAAMAM,4,-0.022399999999999864
248,C82026,Paracet_Tab 500mg,0407010H0AAAMAM,4,-0.022399999999999864
249,C82045,Paracet_Tab 500mg,0407010H0AAAMAM,4,-0.022399999999999864
247,C82045,Paracet_Tab 500mg,0407010H0AAAMAM,4,-0.022399999999999864
246,C82043,Paracet_Tab 500mg,0407010H0AAAMAM,4,-0.022399999999999864
252,C82093,Paracet_Tab 500mg,0407010H0AAAMAM,6,-0.0335999999999998
253,C82061,Paracet_Tab 500mg,0407010H0AAAMAM,6,-0.0335999999999998
254,C82093,Paracet_Tab 500mg,0407010H0AAAMAM,6,-0.0335999999999998
255,C82061,Paracet_Tab 500mg,0407010H0AAAMAM,6,-0.0335999999999998
256,C82017,Paracet_Tab 500mg,0407010H0AAAMAM,9,-0.050399999999999695
258,C82017,Paracet_Tab 500mg,0407010H0AAAMAM,9,-0.050399999999999695
259,C82012,Paracet_Tab 500mg,0407010H0AAAMAM,9,-0.050399999999999695
260,C82096,Paracet_Tab 500mg,0407010H0AAAMAM,9,-0.050399999999999695
261,C82096,Paracet_Tab 500mg,0407010H0AAAMAM,9,-0.050399999999999695
257,C82012,Paracet_Tab 500mg,0407010H0AAAMAM,9,-0.050399999999999695
262,C82600,Paracet_Tab 500mg,0407010H0AAAMAM,10,-0.05599999999999966
263,C82600,Paracet_Tab 500mg,0407010H0AAAMAM,10,-0.05599999999999966
265,C82678,Paracet_Tab 500mg,0407010H0AAAMAM,11,-0.06159999999999963
264,C82678,Paracet_Tab 500mg,0407010H0AAAMAM,11,-0.06159999999999963
267,C82051,Paracet_Tab 500mg,0407010H0AAAMAM,16,-0.08959999999999946
266,C82051,Paracet_Tab 500mg,0407010H0AAAMAM,16,-0.08959999999999946
271,C82075,Paracet_Tab 500mg,0407010H0AAAMAM,17,-0.09519999999999942
268,C82075,Paracet_Tab 500mg,0407010H0AAAMAM,17,-0.09519999999999942
269,C82644,Paracet_Tab 500mg,0407010H0AAAMAM,17,-0.09519999999999942
270,C82644,Paracet_Tab 500mg,0407010H0AAAMAM,17,-0.09519999999999942
272,C82027,Paracet_Tab 500mg,0407010H0AAAMAM,20,-0.11199999999999932
273,C82027,Paracet_Tab 500mg,0407010H0AAAMAM,20,-0.11199999999999932
274,C82102,Paracet_Tab 500mg,0407010H0AAAMAM,21,-0.11759999999999929
275,C82102,Paracet_Tab 500mg,0407010H0AAAMAM,21,-0.11759999999999929
276,C82656,Paracet_Tab 500mg,0407010H0AAAMAM,32,-0.17919999999999892
277,C82656,Paracet_Tab 500mg,0407010H0AAAMAM,32,-0.17919999999999892
278,C82014,Paracet_Tab 500mg,0407010H0AAAMAM,33,-0.18479999999999888
279,C82014,Paracet_Tab 500mg,0407010H0AAAMAM,33,-0.18479999999999888
280,C82095,Paracet_Tab 500mg,0407010H0AAAMAM,35,-0.19599999999999881
281,C82095,Paracet_Tab 500mg,0407010H0AAAMAM,35,-0.19599999999999881
282,C82091,Paracet_Tab 500mg,0407010H0AAAMAM,40,-0.22399999999999864
283,C82091,Paracet_Tab 500mg,0407010H0AAAMAM,40,-0.22399999999999864
284,C82003,Paracet_Tab 500mg,0407010H0AAAMAM,43,-0.24079999999999854
285,C82003,Paracet_Tab 500mg,0407010H0AAAMAM,43,-0.24079999999999854
286,C82121,Paracet_Tab 500mg,0407010H0AAAMAM,45,-0.25199999999999845
287,C82121,Paracet_Tab 500mg,0407010H0AAAMAM,45,-0.25199999999999845
363,C82082,Letrozole_Tab 2.5mg,0803041L0AAAAAA,8,-0.2688000000000015
362,C82047,Letrozole_Tab 2.5mg,0803041L0AAAAAA,8,-0.2688000000000015
289,C82047,Paracet_Tab 500mg,0407010H0AAAMAM,52,-0.29119999999999824
288,C82047,Paracet_Tab 500mg,0407010H0AAAMAM,52,-0.29119999999999824
499,C82003,Betahistine HCl_Tab 16mg,0406000B0AAABAB,4,-0.6048000000000002
498,C82035,Betahistine HCl_Tab 16mg,0406000B0AAABAB,1,-0.6048000000000002
291,C82026,Paracet_Tab 500mg,0407010H0AAAMAM,73,-0.7299999999999955
290,C82026,Paracet_Tab 500mg,0407010H0AAAMAM,73,-0.7299999999999955
293,C82061,Paracet_Tab 500mg,0407010H0AAAMAM,82,-0.8199999999999951
292,C82061,Paracet_Tab 500mg,0407010H0AAAMAM,82,-0.8199999999999951
501,C82035,Betahistine HCl_Tab 16mg,0406000B0AAABAB,4,-0.9072000000000003
500,C82628,Betahistine HCl_Tab 16mg,0406000B0AAABAB,1,-0.9072000000000003
503,C82121,Betahistine HCl_Tab 16mg,0406000B0AAABAB,1,-1.2096000000000005
502,C82003,Betahistine HCl_Tab 16mg,0406000B0AAABAB,2,-1.2096000000000005
504,C82103,Betahistine HCl_Tab 16mg,0406000B0AAABAB,6,-1.8143999999999996
505,C82050,Betahistine HCl_Tab 16mg,0406000B0AAABAB,11,-2.7720000000000025
506,C82121,Betahistine HCl_Tab 16mg,0406000B0AAABAB,5,-3.1080000000000014
294,C82064,Paracet_Tab 500mg,0407010H0AAAMAM,1,-3.2255999999999996
295,C82064,Paracet_Tab 500mg,0407010H0AAAMAM,1,-3.2255999999999996
