,practice_code,bnf_description,bnf_code,items,excess_cost
0,B87001,Atorvastatin_Tab 10mg,0212000B0AAAAAA,120,11.424000000000001
1,B87001,Atorvastatin_Tab 20mg,0212000B0AAABAB,265,22.91240000000004
2,B87001,Ferr Sulf_Tab 200mg,0901011P0AAACAC,6,7.0392
3,B87001,Losartan Pot_Tab 100mg,0205052N0AAADAD,91,14.7784
4,B87001,Paracet_Tab 500mg,0407010H0AAAMAM,2,-0.0023999999999999994
5,B87002,Atorvastatin_Tab 10mg,0212000B0AAAAAA,66,152.43130000000002
6,B87002,Atorvastatin_Tab 20mg,0212000B0AAABAB,161,318.24800000000005
7,B87002,Atorvastatin_Tab 40mg,0212000B0AAACAC,41,22.2712
8,B87002,Ferr Sulf_Tab 200mg,0901011P0AAACAC,29,12.950600000000001
9,B87002,Lercanidipine HCl_Tab 20mg,0206020L0AAABAB,87,38.001599999999996
10,B87002,Losartan Pot_Tab 100mg,0205052N0AAADAD,34,59.02399999999999
11,B87002,Memantine HCl_Tab 20mg,0411000G0AAADAD,14,191.72230000000002
12,B87002,Olanzapine_Tab 20mg,040201060AAAQAQ,3,-0.008399999999999075
13,B87002,Risperidone_Tab 6mg,040201030AAAFAF,4,29.232
14,B87003,Atorvastatin_Tab 20mg,0212000B0AAABAB,256,22.93760000000001
15,B87003,Ferr Sulf_Tab 200mg,0901011P0AAACAC,6,0.02619999999999932
16,B87003,Losartan Pot_Tab 100mg,0205052N0AAADAD,140,44.19520000000002
17,B87003,Paracet_Tab 500mg,0407010H0AAAMAM,40,91.8944
18,B87004,Atorvastatin_Tab 40mg,0212000B0AAACAC,157,111.46799999999999
19,B87004,Ferr Sulf_Tab 200mg,0901011P0AAACAC,1,0.01519999999999938
20,B87004,Lercanidipine HCl_Tab 20mg,0206020L0AAABAB,9,25.250400000000003
21,B87004,Paracet_Tab 500mg,0407010H0AAAMAM,14,-3.8063999999999996
22,B87005,Atorvastatin_Tab 10mg,0212000B0AAAAAA,1,0.004199999999999975
23,B87005,Atorvastatin_Tab 20mg,0212000B0AAABAB,200,22.6315
24,B87005,Atorvastatin_Tab 40mg,0212000B0AAACAC,86,22.377999999999997
25,B87005,Ferr Sulf_Tab 200mg,0901011P0AAACAC,5,21.140399999999996
26,B87005,Lercanidipine HCl_Tab 20mg,0206020L0AAABAB,83,25.281199999999973
27,B87005,Olanzapine_Tab 20mg,040201060AAAQAQ,3,0.01680000000000048
28,B87005,Risperidone_Tab 6mg,040201030AAAFAF,3,175.2576
29,B87006,Atorvastatin_Tab 10mg,0212000B0AAAAAA,269,23.012500000000017
30,B87006,Atorvastatin_Tab 20mg,0212000B0AAABAB,514,46.05440000000002
31,B87006,Lercanidipine HCl_Tab 20mg,0206020L0AAABAB,36,12.80159999999999
32,B87006,Memantine HCl_Tab 20mg,0411000G0AAADAD,21,127.77240000000002
33,B87006,Olanzapine_Tab 20mg,040201060AAAQAQ,6,0.03360000000000096
34,B87006,Paracet_Tab 500mg,0407010H0AAAMAM,22,29.860800000000005
35,B87007,Atorvastatin_Tab 10mg,0212000B0AAAAAA,5,0.005200000000000066
36,B87007,Atorvastatin_Tab 20mg,0212000B0AAABAB,1,-0.0029999999999998778
37,B87007,Ferr Sulf_Tab 200mg,0901011P0AAACAC,7,0.032299999999999315
38,B87007,Lercanidipine HCl_Tab 20mg,0206020L0AAABAB,1,0.006299999999999889
39,B87007,Losartan Pot_Tab 100mg,0205052N0AAADAD,99,14.918400000000002
40,B87007,Memantine HCl_Tab 20mg,0411000G0AAADAD,3,0.014699999999999984
41,B87007,Olanzapine_Tab 20mg,040201060AAAQAQ,4,-0.011199999999998766
42,B87007,Paracet_Tab 500mg,0407010H0AAAMAM,6,10.08
43,B87008,Atorvastatin_Tab 10mg,0212000B0AAAAAA,12,0.02520000000000014
44,B87008,Atorvastatin_Tab 20mg,0212000B0AAABAB,2,0.003000000000000294
45,B87008,Atorvastatin_Tab 40mg,0212000B0AAACAC,1,-0.0029999999999998778
46,B87008,Ferr Sulf_Tab 200mg,0901011P0AAACAC,7,0.009599999999999026
47,B87008,Losartan Pot_Tab 100mg,0205052N0AAADAD,5,0.028000000000000073
48,B87008,Memantine HCl_Tab 20mg,0411000G0AAADAD,27,127.8256
49,B87008,Olanzapine_Tab 20mg,040201060AAAQAQ,4,-0.011199999999998766
50,B87008,Paracet_Tab 500mg,0407010H0AAAMAM,4,0.023999999999999855
51,B87009,Atorvastatin_Tab 10mg,0212000B0AAAAAA,80,46.47190000000001
52,B87009,Atorvastatin_Tab 20mg,0212000B0AAABAB,115,67.62000000000002
53,B87009,Ferr Sulf_Tab 200mg,0901011P0AAACAC,1,0.005599999999999966
54,B87009,Lercanidipine HCl_Tab 20mg,0206020L0AAABAB,4,0.019599999999999784
55,B87011,Atorvastatin_Tab 10mg,0212000B0AAAAAA,4,0.0010000000000000668
56,B87011,Atorvastatin_Tab 40mg,0212000B0AAACAC,85,44.74399999999999
57,B87011,Ferr Sulf_Tab 200mg,0901011P0AAACAC,2,0.00839999999999995
58,B87011,Lercanidipine HCl_Tab 20mg,0206020L0AAABAB,119,13.115200000000012
59,B87011,Losartan Pot_Tab 100mg,0205052N0AAADAD,8,0.04480000000000012
60,B87011,Olanzapine_Tab 20mg,040201060AAAQAQ,2,0.0028000000000004688
61,B87011,Paracet_Tab 500mg,0407010H0AAAMAM,12,-2.0056000000000003
62,B87012,Atorvastatin_Tab 10mg,0212000B0AAAAAA,25,46.508
63,B87012,Atorvastatin_Tab 20mg,0212000B0AAABAB,193,315.78959999999995
64,B87012,Ferr Sulf_Tab 200mg,0901011P0AAACAC,1,-0.22260000000000024
65,B87012,Lercanidipine HCl_Tab 20mg,0206020L0AAABAB,28,25.479999999999993
66,B87012,Losartan Pot_Tab 100mg,0205052N0AAADAD,1,0.005600000000000015
67,B87012,Risperidone_Tab 6mg,040201030AAAFAF,2,29.2096
68,B87013,Atorvastatin_Tab 10mg,0212000B0AAAAAA,1,-0.002999999999999982
69,B87013,Atorvastatin_Tab 20mg,0212000B0AAABAB,206,181.11520000000007
70,B87013,Atorvastatin_Tab 40mg,0212000B0AAACAC,2,-0.004199999999999995
71,B87013,Ferr Sulf_Tab 200mg,0901011P0AAACAC,4,14.089599999999997
72,B87013,Losartan Pot_Tab 100mg,0205052N0AAADAD,79,55.74239999999997
73,B87013,Memantine HCl_Tab 20mg,0411000G0AAADAD,18,63.907199999999996
74,B87013,Paracet_Tab 500mg,0407010H0AAAMAM,42,0.3887999999999977
75,B87015,Atorvastatin_Tab 10mg,0212000B0AAAAAA,8,0.016800000000000093
76,B87015,Ferr Sulf_Tab 200mg,0901011P0AAACAC,12,-0.005600000000000549
77,B87015,Lercanidipine HCl_Tab 20mg,0206020L0AAABAB,38,0.18619999999999795
78,B87015,Losartan Pot_Tab 100mg,0205052N0AAADAD,31,0.17360000000000045
79,B87015,Memantine HCl_Tab 20mg,0411000G0AAADAD,5,63.903000000000006
80,B87015,Olanzapine_Tab 20mg,040201060AAAQAQ,4,-0.011199999999998766
81,B87016,Atorvastatin_Tab 10mg,0212000B0AAAAAA,30,0.06300000000000035
82,B87016,Atorvastatin_Tab 20mg,0212000B0AAABAB,5,-0.014999999999999389
83,B87016,Atorvastatin_Tab 40mg,0212000B0AAACAC,6,-0.017999999999999267
84,B87016,Ferr Sulf_Tab 200mg,0901011P0AAACAC,7,0.02479999999999974
85,B87016,Losartan Pot_Tab 100mg,0205052N0AAADAD,14,0.0784000000000002
86,B87016,Memantine HCl_Tab 20mg,0411000G0AAADAD,8,0.03919999999999996
87,B87016,Paracet_Tab 500mg,0407010H0AAAMAM,32,0.03679999999999978
88,B87017,Atorvastatin_Tab 10mg,0212000B0AAAAAA,87,0.2319999999999987
89,B87017,Atorvastatin_Tab 20mg,0212000B0AAABAB,271,22.51420000000002
90,B87017,Atorvastatin_Tab 40mg,0212000B0AAACAC,113,0.6233999999999966
91,B87017,Ferr Sulf_Tab 200mg,0901011P0AAACAC,32,109.69720000000001
92,B87017,Lercanidipine HCl_Tab 20mg,0206020L0AAABAB,39,0.10920000000000313
93,B87017,Losartan Pot_Tab 100mg,0205052N0AAADAD,2,0.010900000000000312
94,B87017,Memantine HCl_Tab 20mg,0411000G0AAADAD,25,127.79200000000002
95,B87017,Olanzapine_Tab 20mg,040201060AAAQAQ,4,0.021800000000000486
96,B87017,Paracet_Tab 500mg,0407010H0AAAMAM,12,21.240000000000006
97,B87017,Risperidone_Tab 6mg,040201030AAAFAF,1,29.2096
98,B87018,Atorvastatin_Tab 40mg,0212000B0AAACAC,30,3.023999999999999
99,B87018,Ferr Sulf_Tab 200mg,0901011P0AAACAC,1,0.0059999999999997555
100,B87018,Paracet_Tab 500mg,0407010H0AAAMAM,24,16.0728
101,B87019,Atorvastatin_Tab 10mg,0212000B0AAAAAA,5,0.0024000000000000826
102,B87019,Atorvastatin_Tab 40mg,0212000B0AAACAC,46,44.564800000000005
103,B87019,Olanzapine_Tab 20mg,040201060AAAQAQ,4,-0.011199999999998766
104,B87019,Paracet_Tab 500mg,0407010H0AAAMAM,2,-0.011199999999999932
105,B87020,Atorvastatin_Tab 10mg,0212000B0AAAAAA,76,22.98240000000001
106,B87020,Ferr Sulf_Tab 200mg,0901011P0AAACAC,2,0.001499999999999918
107,B87020,Lercanidipine HCl_Tab 20mg,0206020L0AAABAB,28,25.244800000000005
108,B87020,Memantine HCl_Tab 20mg,0411000G0AAADAD,1,0.004899999999999995
109,B87021,Atorvastatin_Tab 10mg,0212000B0AAAAAA,37,0.08020000000000041
110,B87021,Ferr Sulf_Tab 200mg,0901011P0AAACAC,20,0.06999999999999929
111,B87021,Lercanidipine HCl_Tab 20mg,0206020L0AAABAB,28,0.1371999999999985
112,B87021,Losartan Pot_Tab 100mg,0205052N0AAADAD,8,0.04480000000000012
113,B87021,Memantine HCl_Tab 20mg,0411000G0AAADAD,9,0.04409999999999995
114,B87021,Paracet_Tab 500mg,0407010H0AAAMAM,28,50.36
115,B87022,Atorvastatin_Tab 10mg,0212000B0AAAAAA,53,11.575200000000002
116,B87022,Atorvastatin_Tab 20mg,0212000B0AAABAB,131,22.565600000000014
117,B87025,Atorvastatin_Tab 10mg,0212000B0AAAAAA,4,0.008400000000000046
118,B87025,Atorvastatin_Tab 40mg,0212000B0AAACAC,1,0.006000000000000172
119,B87025,Ferr Sulf_Tab 200mg,0901011P0AAACAC,16,0.04759999999999942
120,B87025,Losartan Pot_Tab 100mg,0205052N0AAADAD,4,0.02240000000000006
121,B87025,Memantine HCl_Tab 20mg,0411000G0AAADAD,9,0.04409999999999995
122,B87026,Atorvastatin_Tab 10mg,0212000B0AAAAAA,144,46.327400000000004
123,B87026,Atorvastatin_Tab 20mg,0212000B0AAABAB,618,22.455800000000043
124,B87026,Atorvastatin_Tab 40mg,0212000B0AAACAC,207,0.5796000000000165
125,B87026,Ferr Sulf_Tab 200mg,0901011P0AAACAC,29,42.45599999999999
126,B87026,Lercanidipine HCl_Tab 20mg,0206020L0AAABAB,93,12.759599999999969
127,B87026,Losartan Pot_Tab 100mg,0205052N0AAADAD,5,0.028000000000000073
128,B87026,Memantine HCl_Tab 20mg,0411000G0AAADAD,16,255.61690000000002
129,B87026,Olanzapine_Tab 20mg,040201060AAAQAQ,7,-0.01959999999999784
130,B87026,Paracet_Tab 500mg,0407010H0AAAMAM,20,21.500800000000005
131,B87027,Atorvastatin_Tab 10mg,0212000B0AAAAAA,47,23.161600000000007
132,B87027,Atorvastatin_Tab 20mg,0212000B0AAABAB,1,-0.0015999999999999348
133,B87027,Atorvastatin_Tab 40mg,0212000B0AAACAC,96,44.62080000000001
134,B87027,Memantine HCl_Tab 20mg,0411000G0AAADAD,6,0.030800000000000154
135,B87027,Olanzapine_Tab 20mg,040201060AAAQAQ,1,0.0025000000000000022
136,B87028,Atorvastatin_Tab 10mg,0212000B0AAAAAA,42,11.544400000000005
137,B87028,Atorvastatin_Tab 20mg,0212000B0AAABAB,237,45.1248
138,B87028,Ferr Sulf_Tab 200mg,0901011P0AAACAC,26,21.24359999999999
139,B87028,Lercanidipine HCl_Tab 20mg,0206020L0AAABAB,59,38.0052
140,B87028,Losartan Pot_Tab 100mg,0205052N0AAADAD,75,14.910000000000004
141,B87028,Memantine HCl_Tab 20mg,0411000G0AAADAD,9,57.002399999999994
142,B87030,Atorvastatin_Tab 10mg,0212000B0AAAAAA,254,11.468800000000014
143,B87030,Atorvastatin_Tab 20mg,0212000B0AAABAB,890,181.70860000000005
144,B87030,Atorvastatin_Tab 40mg,0212000B0AAACAC,707,134.61280000000002
145,B87030,Ferr Sulf_Tab 200mg,0901011P0AAACAC,27,7.064399999999998
146,B87030,Lercanidipine HCl_Tab 20mg,0206020L0AAABAB,560,26.867400000000018
147,B87030,Losartan Pot_Tab 100mg,0205052N0AAADAD,377,1.2460000000000258
148,B87030,Memantine HCl_Tab 20mg,0411000G0AAADAD,51,191.7838
149,B87030,Olanzapine_Tab 20mg,040201060AAAQAQ,18,-1.4503999999999941
150,B87030,Paracet_Tab 500mg,0407010H0AAAMAM,74,51.018400000000014
151,B87031,Atorvastatin_Tab 10mg,0212000B0AAAAAA,4,0.008400000000000046
152,B87031,Ferr Sulf_Tab 200mg,0901011P0AAACAC,12,0.037799999999999626
153,B87031,Memantine HCl_Tab 20mg,0411000G0AAADAD,9,0.04409999999999995
154,B87031,Paracet_Tab 500mg,0407010H0AAAMAM,6,17.1632
155,B87032,Ferr Sulf_Tab 200mg,0901011P0AAACAC,8,0.013999999999999624
156,B87032,Memantine HCl_Tab 20mg,0411000G0AAADAD,4,0.01959999999999998
157,B87032,Olanzapine_Tab 20mg,040201060AAAQAQ,4,-0.011199999999998766
158,B87033,Atorvastatin_Tab 10mg,0212000B0AAAAAA,8,0.016800000000000093
159,B87033,Ferr Sulf_Tab 200mg,0901011P0AAACAC,2,0.008799999999999739
160,B87033,Lercanidipine HCl_Tab 20mg,0206020L0AAABAB,4,0.019599999999999784
161,B87033,Memantine HCl_Tab 20mg,0411000G0AAADAD,7,0.03429999999999996
162,B87033,Olanzapine_Tab 20mg,040201060AAAQAQ,6,1.5543122344752192e-15
163,B87033,Paracet_Tab 500mg,0407010H0AAAMAM,16,-0.08959999999999946
164,B87036,Atorvastatin_Tab 20mg,0212000B0AAABAB,144,22.579200000000032
165,B87036,Lercanidipine HCl_Tab 20mg,0206020L0AAABAB,30,6.4679999999999875
166,B87036,Losartan Pot_Tab 100mg,0205052N0AAADAD,6,0.5712
167,B87039,Atorvastatin_Tab 10mg,0212000B0AAAAAA,8,0.016800000000000093
168,B87039,Atorvastatin_Tab 20mg,0212000B0AAABAB,260,44.964200000000034
169,B87039,Atorvastatin_Tab 40mg,0212000B0AAACAC,152,45.65159999999999
170,B87039,Ferr Sulf_Tab 200mg,0901011P0AAACAC,24,21.261099999999992
171,B87039,Losartan Pot_Tab 100mg,0205052N0AAADAD,81,14.895500000000004
172,B87039,Memantine HCl_Tab 20mg,0411000G0AAADAD,24,63.90720000000001
173,B87039,Olanzapine_Tab 20mg,040201060AAAQAQ,7,-0.01959999999999784
174,B87039,Paracet_Tab 500mg,0407010H0AAAMAM,40,55.1816
175,B87040,Atorvastatin_Tab 10mg,0212000B0AAAAAA,8,0.016800000000000093
176,B87040,Atorvastatin_Tab 40mg,0212000B0AAACAC,123,134.79719999999998
177,B87040,Ferr Sulf_Tab 200mg,0901011P0AAACAC,10,0.048299999999999635
178,B87040,Lercanidipine HCl_Tab 20mg,0206020L0AAABAB,4,0.019599999999999784
179,B87040,Memantine HCl_Tab 20mg,0411000G0AAADAD,17,63.930299999999995
180,B87040,Olanzapine_Tab 20mg,040201060AAAQAQ,1,-0.0027999999999996916
181,B87041,Atorvastatin_Tab 20mg,0212000B0AAABAB,82,360.4720000000001
182,B87041,Atorvastatin_Tab 40mg,0212000B0AAACAC,63,66.8556
183,B87041,Lercanidipine HCl_Tab 20mg,0206020L0AAABAB,22,12.627999999999995
184,B87041,Losartan Pot_Tab 100mg,0205052N0AAADAD,33,29.475600000000004
185,B87041,Paracet_Tab 500mg,0407010H0AAAMAM,20,23.680000000000003
186,B87042,Atorvastatin_Tab 10mg,0212000B0AAAAAA,1,-0.002999999999999982
187,B87042,Atorvastatin_Tab 20mg,0212000B0AAABAB,1,90.12639999999999
188,B87042,Paracet_Tab 500mg,0407010H0AAAMAM,2,0.005599999999999966
189,B87044,Atorvastatin_Tab 10mg,0212000B0AAAAAA,16,0.033600000000000185
190,B87044,Losartan Pot_Tab 100mg,0205052N0AAADAD,4,0.02240000000000006
191,B87044,Memantine HCl_Tab 20mg,0411000G0AAADAD,4,0.01959999999999998
192,B87600,Losartan Pot_Tab 100mg,0205052N0AAADAD,45,14.741999999999994
193,B87600,Paracet_Tab 500mg,0407010H0AAAMAM,2,0.23999999999999994
194,B87602,Atorvastatin_Tab 10mg,0212000B0AAAAAA,15,11.634
195,B87602,Lercanidipine HCl_Tab 20mg,0206020L0AAABAB,1,0.0025000000000000716
196,B87602,Losartan Pot_Tab 100mg,0205052N0AAADAD,4,0.02240000000000006
197,B87604,Olanzapine_Tab 20mg,040201060AAAQAQ,2,275.16159999999996
198,B87604,Paracet_Tab 500mg,0407010H0AAAMAM,2,-0.011199999999999932
