,practice_code,bnf_description,bnf_code,items,excess_cost
22,Y02906,Hydrocort_Tab 10mg,0603020J0AAADAD,1,223.11599999999999
34,E85042,Olanzapine_Tab 15mg,040201060AAALAL,4,205.9232
49,E85624,Atorvastatin_Tab 10mg,0212000B0AAAAAA,34,139.75359999999998
251,Y02589,Olanzapine_Tab 20mg,040201060AAAQAQ,3,137.58360000000002
9,E85624,Atorvastatin_Tab 20mg,0212000B0AAABAB,113,135.41920000000002
10,E85748,Atorvastatin_Tab 20mg,0212000B0AAABAB,13,135.18959999999998
266,E85636,Liothyronine Sod_Tab 20mcg,0602010M0AAAAAA,2,128.71039999999965
0,E85003,Risperidone_Tab 6mg,040201030AAAFAF,1,87.6288
44,E85685,Escitalopram_Tab 20mg,0403030X0AAABAB,1,67.1412
1,E85748,Risperidone_Tab 6mg,040201030AAAFAF,1,58.4192
4,Y02906,Risperidone_Tab 6mg,040201030AAAFAF,1,58.4192
3,E85003,Risperidone_Tab 6mg,040201030AAAFAF,1,58.4192
2,Y02906,Risperidone_Tab 6mg,040201030AAAFAF,2,58.4192
11,E85029,Atorvastatin_Tab 20mg,0212000B0AAABAB,301,45.51120000000002
12,E85748,Atorvastatin_Tab 20mg,0212000B0AAABAB,23,45.080000000000005
45,E85003,Escitalopram_Tab 20mg,0403030X0AAABAB,2,44.766400000000004
46,E85685,Escitalopram_Tab 20mg,0403030X0AAABAB,3,44.755199999999995
268,E85659,Atorvastatin_Tab 40mg,0212000B0AAACAC,14,44.5312
269,E85624,Atorvastatin_Tab 40mg,0212000B0AAACAC,75,44.520000000000024
50,E85029,Atorvastatin_Tab 10mg,0212000B0AAAAAA,81,34.927200000000006
5,E85020,Risperidone_Tab 6mg,040201030AAAFAF,4,29.232
6,E85003,Risperidone_Tab 6mg,040201030AAAFAF,1,29.2096
13,E85003,Atorvastatin_Tab 20mg,0212000B0AAABAB,114,22.503600000000002
47,E85042,Escitalopram_Tab 20mg,0403030X0AAABAB,5,22.386000000000003
270,E85003,Atorvastatin_Tab 40mg,0212000B0AAACAC,16,22.2656
81,E85003,Paracet_Tab 500mg,0407010H0AAAMAM,102,15.300000000000013
82,E85003,Paracet_Tab 500mg,0407010H0AAAMAM,102,15.300000000000013
83,E85003,Paracet_Tab 500mg,0407010H0AAAMAM,1,15.09
84,E85003,Paracet_Tab 500mg,0407010H0AAAMAM,1,15.09
7,E85748,Risperidone_Tab 6mg,040201030AAAFAF,1,14.9016
8,E85003,Risperidone_Tab 6mg,040201030AAAFAF,2,14.616
85,E85008,Paracet_Tab 500mg,0407010H0AAAMAM,21,11.172000000000002
86,E85008,Paracet_Tab 500mg,0407010H0AAAMAM,21,11.172000000000002
87,E85032,Paracet_Tab 500mg,0407010H0AAAMAM,8,10.08
88,E85032,Paracet_Tab 500mg,0407010H0AAAMAM,8,10.08
89,E85020,Paracet_Tab 500mg,0407010H0AAAMAM,33,9.899999999999997
90,E85020,Paracet_Tab 500mg,0407010H0AAAMAM,33,9.899999999999997
91,E85672,Paracet_Tab 500mg,0407010H0AAAMAM,9,5.670000000000001
92,E85672,Paracet_Tab 500mg,0407010H0AAAMAM,9,5.670000000000001
14,E85074,Atorvastatin_Tab 20mg,0212000B0AAABAB,23,5.635000000000001
94,E85042,Paracet_Tab 500mg,0407010H0AAAMAM,27,5.130000000000006
93,E85042,Paracet_Tab 500mg,0407010H0AAAMAM,27,5.130000000000006
96,E85032,Paracet_Tab 500mg,0407010H0AAAMAM,34,5.100000000000005
95,E85032,Paracet_Tab 500mg,0407010H0AAAMAM,34,5.100000000000005
98,E85055,Paracet_Tab 500mg,0407010H0AAAMAM,72,5.039999999999995
97,E85055,Paracet_Tab 500mg,0407010H0AAAMAM,72,5.039999999999995
99,E85016,Paracet_Tab 500mg,0407010H0AAAMAM,45,4.950000000000001
100,E85016,Paracet_Tab 500mg,0407010H0AAAMAM,45,4.950000000000001
15,E85032,Atorvastatin_Tab 20mg,0212000B0AAABAB,33,1.1088000000000062
102,E85038,Paracet_Tab 500mg,0407010H0AAAMAM,20,0.1999999999999988
101,E85038,Paracet_Tab 500mg,0407010H0AAAMAM,20,0.1999999999999988
51,E85624,Atorvastatin_Tab 10mg,0212000B0AAAAAA,4,0.15680000000000022
103,E85038,Paracet_Tab 500mg,0407010H0AAAMAM,3,0.12000000000000136
104,E85038,Paracet_Tab 500mg,0407010H0AAAMAM,3,0.12000000000000136
106,E85042,Paracet_Tab 500mg,0407010H0AAAMAM,25,0.10499999999999937
105,E85042,Paracet_Tab 500mg,0407010H0AAAMAM,25,0.10499999999999937
35,E85020,Olanzapine_Tab 15mg,040201060AAALAL,21,0.10289999999999683
52,E85003,Atorvastatin_Tab 10mg,0212000B0AAAAAA,47,0.09870000000000054
53,E85029,Atorvastatin_Tab 10mg,0212000B0AAAAAA,44,0.09240000000000051
54,E85636,Atorvastatin_Tab 10mg,0212000B0AAAAAA,39,0.08190000000000044
108,E85029,Paracet_Tab 500mg,0407010H0AAAMAM,19,0.07979999999999951
107,E85029,Paracet_Tab 500mg,0407010H0AAAMAM,19,0.07979999999999951
110,E85685,Paracet_Tab 500mg,0407010H0AAAMAM,14,0.07840000000000089
109,E85685,Paracet_Tab 500mg,0407010H0AAAMAM,14,0.07840000000000089
111,E85077,Paracet_Tab 500mg,0407010H0AAAMAM,14,0.07839999999999953
112,E85077,Paracet_Tab 500mg,0407010H0AAAMAM,14,0.07839999999999953
55,E85025,Atorvastatin_Tab 10mg,0212000B0AAAAAA,34,0.0714000000000004
56,E85048,Atorvastatin_Tab 10mg,0212000B0AAAAAA,33,0.06930000000000039
114,E85016,Paracet_Tab 500mg,0407010H0AAAMAM,8,0.06720000000000037
113,E85016,Paracet_Tab 500mg,0407010H0AAAMAM,8,0.06720000000000037
36,E85055,Olanzapine_Tab 15mg,040201060AAALAL,13,0.06369999999999804
57,E85016,Atorvastatin_Tab 10mg,0212000B0AAAAAA,28,0.058800000000000324
58,E85032,Atorvastatin_Tab 10mg,0212000B0AAAAAA,27,0.05670000000000031
59,E85128,Atorvastatin_Tab 10mg,0212000B0AAAAAA,26,0.0546000000000003
118,E85032,Paracet_Tab 500mg,0407010H0AAAMAM,19,0.05319999999999968
117,E85128,Paracet_Tab 500mg,0407010H0AAAMAM,19,0.05319999999999968
116,E85032,Paracet_Tab 500mg,0407010H0AAAMAM,19,0.05319999999999968
115,E85128,Paracet_Tab 500mg,0407010H0AAAMAM,19,0.05319999999999968
60,E85659,Atorvastatin_Tab 10mg,0212000B0AAAAAA,20,0.04200000000000023
120,E85003,Paracet_Tab 500mg,0407010H0AAAMAM,15,0.041999999999999746
119,E85003,Paracet_Tab 500mg,0407010H0AAAMAM,15,0.041999999999999746
62,Y02589,Atorvastatin_Tab 10mg,0212000B0AAAAAA,19,0.03990000000000022
61,E85055,Atorvastatin_Tab 10mg,0212000B0AAAAAA,19,0.03990000000000022
63,E85685,Atorvastatin_Tab 10mg,0212000B0AAAAAA,18,0.03780000000000021
64,E85020,Atorvastatin_Tab 10mg,0212000B0AAAAAA,17,0.0357000000000002
65,E85005,Atorvastatin_Tab 10mg,0212000B0AAAAAA,16,0.033600000000000185
122,E85033,Paracet_Tab 500mg,0407010H0AAAMAM,8,0.0335999999999998
121,E85033,Paracet_Tab 500mg,0407010H0AAAMAM,8,0.0335999999999998
124,E85003,Paracet_Tab 500mg,0407010H0AAAMAM,8,0.0335999999999998
123,E85003,Paracet_Tab 500mg,0407010H0AAAMAM,8,0.0335999999999998
125,E85636,Paracet_Tab 500mg,0407010H0AAAMAM,11,0.030799999999999814
126,E85636,Paracet_Tab 500mg,0407010H0AAAMAM,11,0.030799999999999814
67,E85042,Atorvastatin_Tab 10mg,0212000B0AAAAAA,13,0.02730000000000015
66,E85118,Atorvastatin_Tab 10mg,0212000B0AAAAAA,13,0.02730000000000015
69,E85624,Atorvastatin_Tab 10mg,0212000B0AAAAAA,12,0.02520000000000014
68,E85748,Atorvastatin_Tab 10mg,0212000B0AAAAAA,12,0.02520000000000014
70,E85008,Atorvastatin_Tab 10mg,0212000B0AAAAAA,12,0.02520000000000014
128,E85020,Paracet_Tab 500mg,0407010H0AAAMAM,9,0.025199999999999848
127,E85020,Paracet_Tab 500mg,0407010H0AAAMAM,9,0.025199999999999848
37,E85003,Olanzapine_Tab 15mg,040201060AAALAL,5,0.024499999999999245
129,E85077,Paracet_Tab 500mg,0407010H0AAAMAM,4,0.023999999999999855
130,E85077,Paracet_Tab 500mg,0407010H0AAAMAM,4,0.023999999999999855
253,E85008,Olanzapine_Tab 20mg,040201060AAAQAQ,4,0.02240000000000064
252,E85020,Olanzapine_Tab 20mg,040201060AAAQAQ,4,0.02240000000000064
137,E85048,Paracet_Tab 500mg,0407010H0AAAMAM,8,0.022399999999999864
140,E85659,Paracet_Tab 500mg,0407010H0AAAMAM,4,0.022399999999999864
139,E85029,Paracet_Tab 500mg,0407010H0AAAMAM,8,0.022399999999999864
133,E85659,Paracet_Tab 500mg,0407010H0AAAMAM,4,0.022399999999999864
136,E85008,Paracet_Tab 500mg,0407010H0AAAMAM,8,0.022399999999999864
135,E85048,Paracet_Tab 500mg,0407010H0AAAMAM,8,0.022399999999999864
134,E85008,Paracet_Tab 500mg,0407010H0AAAMAM,8,0.022399999999999864
132,E85033,Paracet_Tab 500mg,0407010H0AAAMAM,8,0.022399999999999864
131,E85033,Paracet_Tab 500mg,0407010H0AAAMAM,8,0.022399999999999864
138,E85029,Paracet_Tab 500mg,0407010H0AAAMAM,8,0.022399999999999864
142,E85032,Paracet_Tab 500mg,0407010H0AAAMAM,5,0.020999999999999873
141,E85032,Paracet_Tab 500mg,0407010H0AAAMAM,5,0.020999999999999873
38,E85118,Olanzapine_Tab 15mg,040201060AAALAL,4,0.019599999999999396
39,E85025,Olanzapine_Tab 15mg,040201060AAALAL,4,0.019599999999999396
40,Y02589,Olanzapine_Tab 15mg,040201060AAALAL,4,0.019599999999999396
41,E85029,Olanzapine_Tab 15mg,040201060AAALAL,4,0.019599999999999396
71,E85077,Atorvastatin_Tab 10mg,0212000B0AAAAAA,8,0.016800000000000093
152,E85077,Paracet_Tab 500mg,0407010H0AAAMAM,4,0.0167999999999999
156,E85074,Paracet_Tab 500mg,0407010H0AAAMAM,4,0.0167999999999999
155,E85636,Paracet_Tab 500mg,0407010H0AAAMAM,4,0.0167999999999999
154,E85055,Paracet_Tab 500mg,0407010H0AAAMAM,4,0.0167999999999999
143,E85077,Paracet_Tab 500mg,0407010H0AAAMAM,4,0.0167999999999999
158,E85118,Paracet_Tab 500mg,0407010H0AAAMAM,4,0.0167999999999999
144,E85016,Paracet_Tab 500mg,0407010H0AAAMAM,4,0.0167999999999999
145,E85128,Paracet_Tab 500mg,0407010H0AAAMAM,4,0.0167999999999999
146,E85016,Paracet_Tab 500mg,0407010H0AAAMAM,4,0.0167999999999999
147,E85074,Paracet_Tab 500mg,0407010H0AAAMAM,4,0.0167999999999999
148,E85020,Paracet_Tab 500mg,0407010H0AAAMAM,4,0.0167999999999999
149,E85055,Paracet_Tab 500mg,0407010H0AAAMAM,4,0.0167999999999999
150,Y02589,Paracet_Tab 500mg,0407010H0AAAMAM,4,0.0167999999999999
157,E85020,Paracet_Tab 500mg,0407010H0AAAMAM,4,0.0167999999999999
160,E85118,Paracet_Tab 500mg,0407010H0AAAMAM,4,0.0167999999999999
159,E85128,Paracet_Tab 500mg,0407010H0AAAMAM,4,0.0167999999999999
153,Y02589,Paracet_Tab 500mg,0407010H0AAAMAM,4,0.0167999999999999
151,E85636,Paracet_Tab 500mg,0407010H0AAAMAM,4,0.0167999999999999
161,E85025,Paracet_Tab 500mg,0407010H0AAAMAM,5,0.013999999999999915
162,E85025,Paracet_Tab 500mg,0407010H0AAAMAM,5,0.013999999999999915
72,E85128,Atorvastatin_Tab 10mg,0212000B0AAAAAA,3,0.01260000000000007
16,E85055,Atorvastatin_Tab 20mg,0212000B0AAABAB,2,0.012000000000000344
163,E85032,Paracet_Tab 500mg,0407010H0AAAMAM,2,0.011999999999999927
164,E85033,Paracet_Tab 500mg,0407010H0AAAMAM,2,0.011999999999999927
165,E85118,Paracet_Tab 500mg,0407010H0AAAMAM,4,0.011999999999999927
166,E85032,Paracet_Tab 500mg,0407010H0AAAMAM,2,0.011999999999999927
167,E85624,Paracet_Tab 500mg,0407010H0AAAMAM,2,0.011999999999999927
168,E85074,Paracet_Tab 500mg,0407010H0AAAMAM,2,0.011999999999999927
169,E85033,Paracet_Tab 500mg,0407010H0AAAMAM,2,0.011999999999999927
170,E85624,Paracet_Tab 500mg,0407010H0AAAMAM,2,0.011999999999999927
172,E85074,Paracet_Tab 500mg,0407010H0AAAMAM,2,0.011999999999999927
171,E85118,Paracet_Tab 500mg,0407010H0AAAMAM,4,0.011999999999999927
176,E85125,Paracet_Tab 500mg,0407010H0AAAMAM,4,0.011199999999999932
175,E85125,Paracet_Tab 500mg,0407010H0AAAMAM,4,0.011199999999999932
174,E85029,Paracet_Tab 500mg,0407010H0AAAMAM,8,0.011199999999999932
173,E85029,Paracet_Tab 500mg,0407010H0AAAMAM,8,0.011199999999999932
42,Y02906,Olanzapine_Tab 15mg,040201060AAALAL,2,0.009799999999999698
73,E85124,Atorvastatin_Tab 10mg,0212000B0AAAAAA,4,0.008400000000000046
75,E85074,Atorvastatin_Tab 10mg,0212000B0AAAAAA,4,0.008400000000000046
76,E85125,Atorvastatin_Tab 10mg,0212000B0AAAAAA,4,0.008400000000000046
74,E85033,Atorvastatin_Tab 10mg,0212000B0AAAAAA,4,0.008400000000000046
17,E85016,Atorvastatin_Tab 20mg,0212000B0AAABAB,1,0.007400000000000212
271,E85077,Atorvastatin_Tab 40mg,0212000B0AAACAC,1,0.006000000000000172
272,E85118,Atorvastatin_Tab 40mg,0212000B0AAACAC,1,0.006000000000000172
18,E85659,Atorvastatin_Tab 20mg,0212000B0AAABAB,1,0.006000000000000172
177,E85029,Paracet_Tab 500mg,0407010H0AAAMAM,1,0.005999999999999964
180,E85055,Paracet_Tab 500mg,0407010H0AAAMAM,1,0.005999999999999964
178,E85055,Paracet_Tab 500mg,0407010H0AAAMAM,2,0.005999999999999964
179,E85748,Paracet_Tab 500mg,0407010H0AAAMAM,1,0.005999999999999964
181,E85029,Paracet_Tab 500mg,0407010H0AAAMAM,1,0.005999999999999964
182,E85048,Paracet_Tab 500mg,0407010H0AAAMAM,1,0.005999999999999964
183,E85055,Paracet_Tab 500mg,0407010H0AAAMAM,2,0.005999999999999964
184,E85048,Paracet_Tab 500mg,0407010H0AAAMAM,1,0.005999999999999964
185,E85748,Paracet_Tab 500mg,0407010H0AAAMAM,1,0.005999999999999964
186,E85055,Paracet_Tab 500mg,0407010H0AAAMAM,1,0.005999999999999964
193,E85033,Paracet_Tab 500mg,0407010H0AAAMAM,4,0.005599999999999966
192,E85125,Paracet_Tab 500mg,0407010H0AAAMAM,4,0.005599999999999966
190,E85042,Paracet_Tab 500mg,0407010H0AAAMAM,2,0.005599999999999966
194,E85118,Paracet_Tab 500mg,0407010H0AAAMAM,4,0.005599999999999966
204,E85125,Paracet_Tab 500mg,0407010H0AAAMAM,4,0.005599999999999966
203,E85038,Paracet_Tab 500mg,0407010H0AAAMAM,4,0.005599999999999966
202,E85025,Paracet_Tab 500mg,0407010H0AAAMAM,4,0.005599999999999966
201,E85128,Paracet_Tab 500mg,0407010H0AAAMAM,4,0.005599999999999966
200,E85033,Paracet_Tab 500mg,0407010H0AAAMAM,4,0.005599999999999966
199,E85038,Paracet_Tab 500mg,0407010H0AAAMAM,4,0.005599999999999966
198,E85118,Paracet_Tab 500mg,0407010H0AAAMAM,4,0.005599999999999966
197,E85032,Paracet_Tab 500mg,0407010H0AAAMAM,4,0.005599999999999966
196,E85055,Paracet_Tab 500mg,0407010H0AAAMAM,2,0.005599999999999966
191,E85128,Paracet_Tab 500mg,0407010H0AAAMAM,4,0.005599999999999966
195,E85055,Paracet_Tab 500mg,0407010H0AAAMAM,2,0.005599999999999966
189,E85042,Paracet_Tab 500mg,0407010H0AAAMAM,2,0.005599999999999966
187,E85025,Paracet_Tab 500mg,0407010H0AAAMAM,4,0.005599999999999966
188,E85032,Paracet_Tab 500mg,0407010H0AAAMAM,4,0.005599999999999966
19,E85016,Atorvastatin_Tab 20mg,0212000B0AAABAB,1,0.005300000000000152
43,E85636,Olanzapine_Tab 15mg,040201060AAALAL,1,0.004899999999999849
205,E85685,Paracet_Tab 500mg,0407010H0AAAMAM,3,0.004199999999999975
206,E85685,Paracet_Tab 500mg,0407010H0AAAMAM,3,0.004199999999999975
273,E85636,Atorvastatin_Tab 40mg,0212000B0AAACAC,2,0.00360000000000002
212,E85672,Paracet_Tab 500mg,0407010H0AAAMAM,1,0.002999999999999982
211,Y03504,Paracet_Tab 500mg,0407010H0AAAMAM,1,0.002999999999999982
210,E85020,Paracet_Tab 500mg,0407010H0AAAMAM,1,0.002999999999999982
208,E85020,Paracet_Tab 500mg,0407010H0AAAMAM,1,0.002999999999999982
207,E85672,Paracet_Tab 500mg,0407010H0AAAMAM,1,0.002999999999999982
209,Y03504,Paracet_Tab 500mg,0407010H0AAAMAM,1,0.002999999999999982
23,E85685,Hydrocort_Tab 10mg,0603020J0AAADAD,1,0.0029999999999996696
20,E85020,Atorvastatin_Tab 20mg,0212000B0AAABAB,1,0.0026000000000000745
216,E85008,Paracet_Tab 500mg,0407010H0AAAMAM,1,0.0013999999999999915
213,E85008,Paracet_Tab 500mg,0407010H0AAAMAM,1,0.0013999999999999915
214,E85042,Paracet_Tab 500mg,0407010H0AAAMAM,1,0.0013999999999999915
215,E85042,Paracet_Tab 500mg,0407010H0AAAMAM,1,0.0013999999999999915
217,E85128,Paracet_Tab 500mg,0407010H0AAAMAM,1,-0.001999999999999988
218,E85128,Paracet_Tab 500mg,0407010H0AAAMAM,1,-0.001999999999999988
274,E85008,Atorvastatin_Tab 40mg,0212000B0AAACAC,1,-0.0029999999999998778
220,E85032,Paracet_Tab 500mg,0407010H0AAAMAM,1,-0.003999999999999976
219,E85032,Paracet_Tab 500mg,0407010H0AAAMAM,1,-0.003999999999999976
21,Y04922,Atorvastatin_Tab 20mg,0212000B0AAABAB,1,-0.004199999999999995
275,E85025,Atorvastatin_Tab 40mg,0212000B0AAACAC,1,-0.004199999999999995
221,Y04922,Paracet_Tab 500mg,0407010H0AAAMAM,1,-0.005599999999999966
222,Y04922,Paracet_Tab 500mg,0407010H0AAAMAM,1,-0.005599999999999966
77,E85016,Atorvastatin_Tab 10mg,0212000B0AAAAAA,4,-0.006399999999999961
24,E85016,Hydrocort_Tab 10mg,0603020J0AAADAD,4,-0.007199999999999207
78,Y03504,Atorvastatin_Tab 10mg,0212000B0AAAAAA,1,-0.00829999999999995
254,E85033,Olanzapine_Tab 20mg,040201060AAAQAQ,3,-0.008399999999999075
25,Y02589,Hydrocort_Tab 10mg,0603020J0AAADAD,4,-0.00879999999999903
26,E85636,Hydrocort_Tab 10mg,0603020J0AAADAD,4,-0.00879999999999903
27,E85025,Hydrocort_Tab 10mg,0603020J0AAADAD,4,-0.00879999999999903
28,E85005,Hydrocort_Tab 10mg,0603020J0AAADAD,4,-0.00879999999999903
80,E85048,Atorvastatin_Tab 10mg,0212000B0AAAAAA,1,-0.008999999999999946
79,E85008,Atorvastatin_Tab 10mg,0212000B0AAAAAA,1,-0.008999999999999946
29,E85077,Hydrocort_Tab 10mg,0603020J0AAADAD,1,-0.01079999999999881
255,E85719,Olanzapine_Tab 20mg,040201060AAAQAQ,4,-0.011199999999998766
256,E85128,Olanzapine_Tab 20mg,040201060AAAQAQ,4,-0.011199999999998766
31,E85128,Hydrocort_Tab 10mg,0603020J0AAADAD,1,-0.011199999999998766
30,Y02906,Hydrocort_Tab 10mg,0603020J0AAADAD,1,-0.011199999999998766
257,E85125,Olanzapine_Tab 20mg,040201060AAAQAQ,4,-0.011199999999998766
223,E85719,Paracet_Tab 500mg,0407010H0AAAMAM,2,-0.011199999999999932
224,E85719,Paracet_Tab 500mg,0407010H0AAAMAM,2,-0.011199999999999932
32,E85636,Hydrocort_Tab 10mg,0603020J0AAADAD,4,-0.011200000000000543
260,E85042,Olanzapine_Tab 20mg,040201060AAAQAQ,5,-0.013999999999998458
258,E85003,Olanzapine_Tab 20mg,040201060AAAQAQ,5,-0.013999999999998458
259,E85685,Olanzapine_Tab 20mg,040201060AAAQAQ,5,-0.013999999999998458
226,Y02906,Paracet_Tab 500mg,0407010H0AAAMAM,3,-0.0167999999999999
225,Y02906,Paracet_Tab 500mg,0407010H0AAAMAM,3,-0.0167999999999999
33,E85118,Hydrocort_Tab 10mg,0603020J0AAADAD,1,-0.019999999999997797
261,E85055,Olanzapine_Tab 20mg,040201060AAAQAQ,8,-0.022399999999997533
262,Y02589,Olanzapine_Tab 20mg,040201060AAAQAQ,8,-0.022399999999997533
263,E85016,Olanzapine_Tab 20mg,040201060AAAQAQ,8,-0.022399999999997533
264,E85020,Olanzapine_Tab 20mg,040201060AAAQAQ,13,-0.03639999999999599
276,E85020,Atorvastatin_Tab 40mg,0212000B0AAACAC,30,-0.041999999999999954
227,E85074,Paracet_Tab 500mg,0407010H0AAAMAM,8,-0.04479999999999973
228,E85074,Paracet_Tab 500mg,0407010H0AAAMAM,8,-0.04479999999999973
265,E85029,Olanzapine_Tab 20mg,040201060AAAQAQ,20,-0.05599999999999383
229,E85748,Paracet_Tab 500mg,0407010H0AAAMAM,12,-0.0671999999999996
230,E85748,Paracet_Tab 500mg,0407010H0AAAMAM,12,-0.0671999999999996
231,E85636,Paracet_Tab 500mg,0407010H0AAAMAM,13,-0.07279999999999956
232,E85032,Paracet_Tab 500mg,0407010H0AAAMAM,13,-0.07279999999999956
233,Y02589,Paracet_Tab 500mg,0407010H0AAAMAM,13,-0.07279999999999956
234,E85032,Paracet_Tab 500mg,0407010H0AAAMAM,13,-0.07279999999999956
235,E85636,Paracet_Tab 500mg,0407010H0AAAMAM,13,-0.07279999999999956
236,Y02589,Paracet_Tab 500mg,0407010H0AAAMAM,13,-0.07279999999999956
237,E85128,Paracet_Tab 500mg,0407010H0AAAMAM,25,-0.13999999999999915
238,E85128,Paracet_Tab 500mg,0407010H0AAAMAM,25,-0.13999999999999915
239,E85685,Paracet_Tab 500mg,0407010H0AAAMAM,28,-0.15679999999999905
240,E85033,Paracet_Tab 500mg,0407010H0AAAMAM,28,-0.15679999999999905
241,E85033,Paracet_Tab 500mg,0407010H0AAAMAM,28,-0.15679999999999905
242,E85685,Paracet_Tab 500mg,0407010H0AAAMAM,28,-0.15679999999999905
243,E85118,Paracet_Tab 500mg,0407010H0AAAMAM,32,-0.17919999999999892
244,E85118,Paracet_Tab 500mg,0407010H0AAAMAM,32,-0.17919999999999892
245,E85029,Paracet_Tab 500mg,0407010H0AAAMAM,39,-0.21839999999999868
246,E85029,Paracet_Tab 500mg,0407010H0AAAMAM,39,-0.21839999999999868
48,E85008,Escitalopram_Tab 20mg,0403030X0AAABAB,2,-0.23519999999999974
247,Y03504,Paracet_Tab 500mg,0407010H0AAAMAM,3,-0.6299999999999998
248,Y03504,Paracet_Tab 500mg,0407010H0AAAMAM,3,-0.6299999999999998
249,E85042,Paracet_Tab 500mg,0407010H0AAAMAM,1,-1.5999999999999999
250,E85042,Paracet_Tab 500mg,0407010H0AAAMAM,1,-1.5999999999999999
267,E85719,Liothyronine Sod_Tab 20mcg,0602010M0AAAAAA,1,-1.680000000000014
