,practice_code,bnf_description,bnf_code,items,excess_cost
177,C81050,Olanzapine_Tab 15mg,040201060AAALAL,1,102.96159999999999
180,C81008,Atorvastatin_Tab 40mg,0212000B0AAACAC,3,89.00640000000001
223,C81095,Letrozole_Tab 2.5mg,0803041L0AAAAAA,10,71.28800000000001
234,C81050,Sumatriptan_Tab 100mg,0407041T0AAACAC,1,65.22
164,C81056,Pregabalin_Cap 200mg,0408010AEAAAFAF,10,60.144000000000005
165,C81008,Pregabalin_Cap 200mg,0408010AEAAAFAF,7,56.9184
182,C81008,Pregabalin_Cap 25mg,0408010AEAAAAAA,3,56.3976
1,C81056,Paracet_Tab 500mg,0407010H0AAAMAM,61,47.824
0,C81056,Paracet_Tab 500mg,0407010H0AAAMAM,61,47.824
227,C81099,Atorvastatin_Tab 20mg,0212000B0AAABAB,249,45.31800000000004
2,C81008,Paracet_Tab 500mg,0407010H0AAAMAM,5,45.02400000000001
3,C81008,Paracet_Tab 500mg,0407010H0AAAMAM,5,45.02400000000001
4,C81099,Paracet_Tab 500mg,0407010H0AAAMAM,120,34.943999999999974
5,C81099,Paracet_Tab 500mg,0407010H0AAAMAM,120,34.943999999999974
7,Y04977,Paracet_Tab 500mg,0407010H0AAAMAM,19,33.622400000000006
6,Y04977,Paracet_Tab 500mg,0407010H0AAAMAM,19,33.622400000000006
9,C81008,Paracet_Tab 500mg,0407010H0AAAMAM,90,32.256000000000014
8,C81008,Paracet_Tab 500mg,0407010H0AAAMAM,90,32.256000000000014
220,C81033,Risperidone_Tab 6mg,040201030AAAFAF,4,29.232
221,C81008,Risperidone_Tab 6mg,040201030AAAFAF,1,29.2096
183,C81638,Pregabalin_Cap 25mg,0408010AEAAAAAA,1,28.198800000000002
11,C81008,Paracet_Tab 500mg,0407010H0AAAMAM,133,26.812799999999992
10,C81008,Paracet_Tab 500mg,0407010H0AAAMAM,133,26.812799999999992
12,C81008,Paracet_Tab 500mg,0407010H0AAAMAM,117,25.740000000000006
13,C81008,Paracet_Tab 500mg,0407010H0AAAMAM,117,25.740000000000006
192,C81638,Carbimazole_Tab 5mg,0602020D0AAAAAA,1,23.884
193,Y04977,Carbimazole_Tab 5mg,0602020D0AAAAAA,3,23.8728
194,C81033,Carbimazole_Tab 5mg,0602020D0AAAAAA,3,23.8728
15,C81033,Paracet_Tab 500mg,0407010H0AAAMAM,174,23.385599999999993
14,C81033,Paracet_Tab 500mg,0407010H0AAAMAM,174,23.385599999999993
228,C81050,Atorvastatin_Tab 20mg,0212000B0AAABAB,483,22.9908
16,C81647,Paracet_Tab 500mg,0407010H0AAAMAM,36,22.579200000000004
17,C81647,Paracet_Tab 500mg,0407010H0AAAMAM,36,22.579200000000004
222,C81008,Risperidone_Tab 6mg,040201030AAAFAF,3,21.924
19,C81008,Paracet_Tab 500mg,0407010H0AAAMAM,130,20.800000000000054
18,C81008,Paracet_Tab 500mg,0407010H0AAAMAM,130,20.800000000000054
20,Y04977,Paracet_Tab 500mg,0407010H0AAAMAM,31,20.460000000000004
21,Y04977,Paracet_Tab 500mg,0407010H0AAAMAM,31,20.460000000000004
23,C81008,Paracet_Tab 500mg,0407010H0AAAMAM,9,16.9344
22,C81008,Paracet_Tab 500mg,0407010H0AAAMAM,9,16.9344
25,C81008,Paracet_Tab 500mg,0407010H0AAAMAM,6,15.120000000000001
24,C81008,Paracet_Tab 500mg,0407010H0AAAMAM,6,15.120000000000001
195,C81050,Carbimazole_Tab 5mg,0602020D0AAAAAA,3,11.9364
26,C81638,Paracet_Tab 500mg,0407010H0AAAMAM,71,11.132799999999987
27,C81638,Paracet_Tab 500mg,0407010H0AAAMAM,71,11.132799999999987
29,Y04977,Paracet_Tab 500mg,0407010H0AAAMAM,106,10.600000000000009
28,Y04977,Paracet_Tab 500mg,0407010H0AAAMAM,106,10.600000000000009
31,C81050,Paracet_Tab 500mg,0407010H0AAAMAM,116,10.393600000000028
30,C81050,Paracet_Tab 500mg,0407010H0AAAMAM,116,10.393600000000028
32,C81096,Paracet_Tab 500mg,0407010H0AAAMAM,2,6.528
33,C81096,Paracet_Tab 500mg,0407010H0AAAMAM,2,6.528
34,C81056,Paracet_Tab 500mg,0407010H0AAAMAM,8,5.6448
35,C81056,Paracet_Tab 500mg,0407010H0AAAMAM,8,5.6448
37,C81096,Paracet_Tab 500mg,0407010H0AAAMAM,94,5.639999999999999
36,C81096,Paracet_Tab 500mg,0407010H0AAAMAM,94,5.639999999999999
39,C81056,Paracet_Tab 500mg,0407010H0AAAMAM,53,5.342399999999999
38,C81056,Paracet_Tab 500mg,0407010H0AAAMAM,53,5.342399999999999
40,C81056,Paracet_Tab 500mg,0407010H0AAAMAM,100,5.000000000000004
41,C81056,Paracet_Tab 500mg,0407010H0AAAMAM,100,5.000000000000004
43,C81638,Paracet_Tab 500mg,0407010H0AAAMAM,5,4.832
42,C81638,Paracet_Tab 500mg,0407010H0AAAMAM,5,4.832
45,C81647,Paracet_Tab 500mg,0407010H0AAAMAM,147,4.410000000000024
44,C81647,Paracet_Tab 500mg,0407010H0AAAMAM,147,4.410000000000024
47,C81033,Paracet_Tab 500mg,0407010H0AAAMAM,354,3.5399999999999787
46,C81033,Paracet_Tab 500mg,0407010H0AAAMAM,354,3.5399999999999787
235,C81056,Sumatriptan_Tab 100mg,0407041T0AAACAC,1,2.8902
48,C81095,Paracet_Tab 500mg,0407010H0AAAMAM,18,2.8800000000000074
49,C81095,Paracet_Tab 500mg,0407010H0AAAMAM,18,2.8800000000000074
50,C81095,Paracet_Tab 500mg,0407010H0AAAMAM,62,1.240000000000014
51,C81095,Paracet_Tab 500mg,0407010H0AAAMAM,62,1.240000000000014
181,Y04977,Atorvastatin_Tab 40mg,0212000B0AAACAC,65,1.092000000000006
53,C81661,Paracet_Tab 500mg,0407010H0AAAMAM,56,0.5599999999999966
52,C81661,Paracet_Tab 500mg,0407010H0AAAMAM,56,0.5599999999999966
54,C81096,Paracet_Tab 500mg,0407010H0AAAMAM,14,0.3135999999999981
55,C81096,Paracet_Tab 500mg,0407010H0AAAMAM,14,0.3135999999999981
229,C81095,Atorvastatin_Tab 20mg,0212000B0AAABAB,102,0.2856000000000082
230,C81661,Atorvastatin_Tab 20mg,0212000B0AAABAB,94,0.26320000000000754
56,C81050,Paracet_Tab 500mg,0407010H0AAAMAM,1,0.16239999999999982
57,C81050,Paracet_Tab 500mg,0407010H0AAAMAM,1,0.16239999999999982
58,C81008,Paracet_Tab 500mg,0407010H0AAAMAM,24,0.10079999999999939
59,C81008,Paracet_Tab 500mg,0407010H0AAAMAM,24,0.10079999999999939
60,C81647,Paracet_Tab 500mg,0407010H0AAAMAM,21,0.08819999999999947
61,C81647,Paracet_Tab 500mg,0407010H0AAAMAM,21,0.08819999999999947
62,C81008,Paracet_Tab 500mg,0407010H0AAAMAM,1,0.06719999999999993
63,C81008,Paracet_Tab 500mg,0407010H0AAAMAM,1,0.06719999999999993
64,C81056,Paracet_Tab 500mg,0407010H0AAAMAM,24,0.0671999999999996
65,C81056,Paracet_Tab 500mg,0407010H0AAAMAM,24,0.0671999999999996
67,C81008,Paracet_Tab 500mg,0407010H0AAAMAM,20,0.05599999999999966
66,C81008,Paracet_Tab 500mg,0407010H0AAAMAM,20,0.05599999999999966
69,C81056,Paracet_Tab 500mg,0407010H0AAAMAM,13,0.05459999999999967
68,C81056,Paracet_Tab 500mg,0407010H0AAAMAM,13,0.05459999999999967
71,C81647,Paracet_Tab 500mg,0407010H0AAAMAM,18,0.050399999999999695
70,C81647,Paracet_Tab 500mg,0407010H0AAAMAM,18,0.050399999999999695
73,C81029,Paracet_Tab 500mg,0407010H0AAAMAM,17,0.04759999999999971
72,C81029,Paracet_Tab 500mg,0407010H0AAAMAM,17,0.04759999999999971
75,C81033,Paracet_Tab 500mg,0407010H0AAAMAM,11,0.04619999999999972
74,C81033,Paracet_Tab 500mg,0407010H0AAAMAM,11,0.04619999999999972
77,C81096,Paracet_Tab 500mg,0407010H0AAAMAM,1,0.04479999999999995
76,C81096,Paracet_Tab 500mg,0407010H0AAAMAM,1,0.04479999999999995
78,C81033,Paracet_Tab 500mg,0407010H0AAAMAM,7,0.041999999999999746
79,C81033,Paracet_Tab 500mg,0407010H0AAAMAM,7,0.041999999999999746
224,C81029,Letrozole_Tab 2.5mg,0803041L0AAAAAA,8,0.039200000000000346
184,C81658,Pregabalin_Cap 25mg,0408010AEAAAAAA,8,0.03359999999999941
83,C81055,Paracet_Tab 500mg,0407010H0AAAMAM,9,0.025199999999999848
80,C81661,Paracet_Tab 500mg,0407010H0AAAMAM,6,0.025199999999999848
82,C81661,Paracet_Tab 500mg,0407010H0AAAMAM,6,0.025199999999999848
81,C81055,Paracet_Tab 500mg,0407010H0AAAMAM,9,0.025199999999999848
84,C81029,Paracet_Tab 500mg,0407010H0AAAMAM,4,0.023999999999999855
85,C81029,Paracet_Tab 500mg,0407010H0AAAMAM,4,0.023999999999999855
87,C81050,Paracet_Tab 500mg,0407010H0AAAMAM,1,0.02240000000000006
86,C81050,Paracet_Tab 500mg,0407010H0AAAMAM,1,0.02240000000000006
167,C81647,Pregabalin_Cap 200mg,0408010AEAAAFAF,8,0.022399999999999087
166,C81008,Pregabalin_Cap 200mg,0408010AEAAAFAF,8,0.022399999999999087
185,C81008,Pregabalin_Cap 25mg,0408010AEAAAAAA,5,0.02099999999999963
225,C81033,Letrozole_Tab 2.5mg,0803041L0AAAAAA,4,0.019600000000000173
88,C81033,Paracet_Tab 500mg,0407010H0AAAMAM,7,0.01959999999999988
89,C81033,Paracet_Tab 500mg,0407010H0AAAMAM,7,0.01959999999999988
178,C81008,Olanzapine_Tab 15mg,040201060AAALAL,4,0.019599999999999396
179,C81099,Olanzapine_Tab 15mg,040201060AAALAL,4,0.019599999999999396
90,C81056,Paracet_Tab 500mg,0407010H0AAAMAM,9,0.018899999999999886
91,C81056,Paracet_Tab 500mg,0407010H0AAAMAM,9,0.018899999999999886
93,C81008,Paracet_Tab 500mg,0407010H0AAAMAM,13,0.01819999999999989
92,C81008,Paracet_Tab 500mg,0407010H0AAAMAM,13,0.01819999999999989
95,C81056,Paracet_Tab 500mg,0407010H0AAAMAM,3,0.01799999999999989
94,C81056,Paracet_Tab 500mg,0407010H0AAAMAM,3,0.01799999999999989
99,C81029,Paracet_Tab 500mg,0407010H0AAAMAM,4,0.0167999999999999
98,C81638,Paracet_Tab 500mg,0407010H0AAAMAM,4,0.0167999999999999
96,C81029,Paracet_Tab 500mg,0407010H0AAAMAM,4,0.0167999999999999
97,C81638,Paracet_Tab 500mg,0407010H0AAAMAM,4,0.0167999999999999
187,C81056,Pregabalin_Cap 25mg,0408010AEAAAAAA,4,0.016799999999999704
186,C81647,Pregabalin_Cap 25mg,0408010AEAAAAAA,4,0.016799999999999704
100,C81638,Paracet_Tab 500mg,0407010H0AAAMAM,5,0.013999999999999915
101,C81638,Paracet_Tab 500mg,0407010H0AAAMAM,5,0.013999999999999915
102,C81658,Paracet_Tab 500mg,0407010H0AAAMAM,3,0.012599999999999924
103,C81658,Paracet_Tab 500mg,0407010H0AAAMAM,3,0.012599999999999924
105,C81638,Paracet_Tab 500mg,0407010H0AAAMAM,2,0.011999999999999927
108,C81638,Paracet_Tab 500mg,0407010H0AAAMAM,2,0.011999999999999927
109,C81647,Paracet_Tab 500mg,0407010H0AAAMAM,1,0.011999999999999927
104,C81647,Paracet_Tab 500mg,0407010H0AAAMAM,1,0.011999999999999927
107,C81099,Paracet_Tab 500mg,0407010H0AAAMAM,4,0.011999999999999927
106,C81099,Paracet_Tab 500mg,0407010H0AAAMAM,4,0.011999999999999927
111,C81096,Paracet_Tab 500mg,0407010H0AAAMAM,4,0.011199999999999932
110,C81096,Paracet_Tab 500mg,0407010H0AAAMAM,4,0.011199999999999932
113,C81033,Paracet_Tab 500mg,0407010H0AAAMAM,3,0.008999999999999946
112,C81033,Paracet_Tab 500mg,0407010H0AAAMAM,3,0.008999999999999946
117,C81661,Paracet_Tab 500mg,0407010H0AAAMAM,3,0.00839999999999995
116,C81029,Paracet_Tab 500mg,0407010H0AAAMAM,4,0.00839999999999995
114,C81029,Paracet_Tab 500mg,0407010H0AAAMAM,4,0.00839999999999995
115,C81661,Paracet_Tab 500mg,0407010H0AAAMAM,3,0.00839999999999995
188,C81029,Pregabalin_Cap 25mg,0408010AEAAAAAA,4,0.008399999999999852
189,Y04977,Pregabalin_Cap 25mg,0408010AEAAAAAA,4,0.008399999999999852
168,C81638,Pregabalin_Cap 200mg,0408010AEAAAFAF,3,0.008399999999999658
190,C81008,Pregabalin_Cap 25mg,0408010AEAAAAAA,3,0.006299999999999889
196,C81050,Carbimazole_Tab 5mg,0602020D0AAAAAA,1,0.0060000000000010045
118,C81661,Paracet_Tab 500mg,0407010H0AAAMAM,1,0.005999999999999964
121,C81661,Paracet_Tab 500mg,0407010H0AAAMAM,1,0.005999999999999964
119,C81099,Paracet_Tab 500mg,0407010H0AAAMAM,1,0.005999999999999964
120,C81099,Paracet_Tab 500mg,0407010H0AAAMAM,1,0.005999999999999964
169,C81033,Pregabalin_Cap 200mg,0408010AEAAAFAF,2,0.005599999999999772
123,C81029,Paracet_Tab 500mg,0407010H0AAAMAM,1,0.004400000000000001
122,C81029,Paracet_Tab 500mg,0407010H0AAAMAM,1,0.004400000000000001
197,C81050,Carbimazole_Tab 5mg,0602020D0AAAAAA,1,0.004399999999999515
191,Y04977,Pregabalin_Cap 25mg,0408010AEAAAAAA,1,0.004199999999999926
236,C81008,Sumatriptan_Tab 100mg,0407041T0AAACAC,1,0.0041999999999995374
231,C81658,Atorvastatin_Tab 20mg,0212000B0AAABAB,1,0.004000000000000115
232,C81095,Atorvastatin_Tab 20mg,0212000B0AAABAB,1,0.00360000000000002
233,C81033,Atorvastatin_Tab 20mg,0212000B0AAABAB,1,0.00360000000000002
124,C81050,Paracet_Tab 500mg,0407010H0AAAMAM,1,0.002999999999999982
125,C81050,Paracet_Tab 500mg,0407010H0AAAMAM,1,0.002999999999999982
126,C81033,Paracet_Tab 500mg,0407010H0AAAMAM,2,0.002799999999999983
127,C81033,Paracet_Tab 500mg,0407010H0AAAMAM,2,0.002799999999999983
128,C81033,Paracet_Tab 500mg,0407010H0AAAMAM,1,0.002400000000000027
129,C81033,Paracet_Tab 500mg,0407010H0AAAMAM,1,0.002400000000000027
130,C81008,Paracet_Tab 500mg,0407010H0AAAMAM,1,0.0020000000000000052
131,C81008,Paracet_Tab 500mg,0407010H0AAAMAM,1,0.0020000000000000052
132,C81029,Paracet_Tab 500mg,0407010H0AAAMAM,1,0.0013999999999999915
133,C81029,Paracet_Tab 500mg,0407010H0AAAMAM,1,0.0013999999999999915
135,C81099,Paracet_Tab 500mg,0407010H0AAAMAM,1,-0.0011999999999999997
134,C81099,Paracet_Tab 500mg,0407010H0AAAMAM,1,-0.0011999999999999997
198,C81655,Carbimazole_Tab 5mg,0602020D0AAAAAA,1,-0.0013999999999998458
200,Y04977,Carbimazole_Tab 5mg,0602020D0AAAAAA,1,-0.0027999999999996916
199,C81095,Carbimazole_Tab 5mg,0602020D0AAAAAA,1,-0.0027999999999996916
172,C81008,Pregabalin_Cap 200mg,0408010AEAAAFAF,1,-0.00280000000000008
171,C81033,Pregabalin_Cap 200mg,0408010AEAAAFAF,1,-0.00280000000000008
170,C81056,Pregabalin_Cap 200mg,0408010AEAAAFAF,1,-0.00280000000000008
201,C81008,Carbimazole_Tab 5mg,0602020D0AAAAAA,1,-0.0031999999999996476
137,C81029,Paracet_Tab 500mg,0407010H0AAAMAM,1,-0.003999999999999976
136,C81029,Paracet_Tab 500mg,0407010H0AAAMAM,1,-0.003999999999999976
141,C81655,Paracet_Tab 500mg,0407010H0AAAMAM,1,-0.004799999999999971
139,C81655,Paracet_Tab 500mg,0407010H0AAAMAM,1,-0.004799999999999971
138,C81029,Paracet_Tab 500mg,0407010H0AAAMAM,1,-0.004799999999999971
140,C81029,Paracet_Tab 500mg,0407010H0AAAMAM,1,-0.004799999999999971
205,C81055,Carbimazole_Tab 5mg,0602020D0AAAAAA,2,-0.005599999999999383
204,C81647,Carbimazole_Tab 5mg,0602020D0AAAAAA,2,-0.005599999999999383
203,C81647,Carbimazole_Tab 5mg,0602020D0AAAAAA,1,-0.005599999999999383
210,C81655,Carbimazole_Tab 5mg,0602020D0AAAAAA,2,-0.005599999999999383
202,C81096,Carbimazole_Tab 5mg,0602020D0AAAAAA,1,-0.005599999999999383
207,C81661,Carbimazole_Tab 5mg,0602020D0AAAAAA,2,-0.005599999999999383
206,C81008,Carbimazole_Tab 5mg,0602020D0AAAAAA,1,-0.005599999999999383
209,C81008,Carbimazole_Tab 5mg,0602020D0AAAAAA,2,-0.005599999999999383
208,C81055,Carbimazole_Tab 5mg,0602020D0AAAAAA,1,-0.005599999999999383
173,C81055,Pregabalin_Cap 200mg,0408010AEAAAFAF,2,-0.00560000000000016
211,C81638,Carbimazole_Tab 5mg,0602020D0AAAAAA,5,-0.006999999999999229
142,C81029,Paracet_Tab 500mg,0407010H0AAAMAM,4,-0.007999999999999952
143,C81029,Paracet_Tab 500mg,0407010H0AAAMAM,4,-0.007999999999999952
212,C81056,Carbimazole_Tab 5mg,0602020D0AAAAAA,3,-0.008399999999999075
174,C81647,Pregabalin_Cap 200mg,0408010AEAAAFAF,3,-0.00840000000000024
213,C81050,Carbimazole_Tab 5mg,0602020D0AAAAAA,2,-0.011199999999998766
214,C81099,Carbimazole_Tab 5mg,0602020D0AAAAAA,5,-0.013999999999998458
175,C81008,Pregabalin_Cap 200mg,0408010AEAAAFAF,4,-0.014000000000000012
176,C81056,Pregabalin_Cap 200mg,0408010AEAAAFAF,4,-0.014000000000000012
215,C81029,Carbimazole_Tab 5mg,0602020D0AAAAAA,6,-0.01679999999999815
216,C81099,Carbimazole_Tab 5mg,0602020D0AAAAAA,3,-0.01679999999999815
144,C81099,Paracet_Tab 500mg,0407010H0AAAMAM,3,-0.0167999999999999
145,C81099,Paracet_Tab 500mg,0407010H0AAAMAM,3,-0.0167999999999999
217,C81056,Carbimazole_Tab 5mg,0602020D0AAAAAA,4,-0.018000000000000016
218,C81033,Carbimazole_Tab 5mg,0602020D0AAAAAA,8,-0.022399999999997533
146,C81658,Paracet_Tab 500mg,0407010H0AAAMAM,5,-0.02799999999999983
147,C81055,Paracet_Tab 500mg,0407010H0AAAMAM,5,-0.02799999999999983
148,C81658,Paracet_Tab 500mg,0407010H0AAAMAM,5,-0.02799999999999983
149,C81055,Paracet_Tab 500mg,0407010H0AAAMAM,5,-0.02799999999999983
219,C81029,Carbimazole_Tab 5mg,0602020D0AAAAAA,6,-0.0335999999999963
151,C81655,Paracet_Tab 500mg,0407010H0AAAMAM,7,-0.03919999999999976
150,C81655,Paracet_Tab 500mg,0407010H0AAAMAM,7,-0.03919999999999976
152,C81661,Paracet_Tab 500mg,0407010H0AAAMAM,16,-0.08959999999999946
153,C81661,Paracet_Tab 500mg,0407010H0AAAMAM,16,-0.08959999999999946
154,C81033,Paracet_Tab 500mg,0407010H0AAAMAM,30,-0.16799999999999898
155,C81033,Paracet_Tab 500mg,0407010H0AAAMAM,30,-0.16799999999999898
156,C81050,Paracet_Tab 500mg,0407010H0AAAMAM,31,-0.17359999999999895
157,C81050,Paracet_Tab 500mg,0407010H0AAAMAM,31,-0.17359999999999895
226,C81056,Letrozole_Tab 2.5mg,0803041L0AAAAAA,16,-0.2688000000000015
159,C81638,Paracet_Tab 500mg,0407010H0AAAMAM,55,-0.30799999999999816
158,C81638,Paracet_Tab 500mg,0407010H0AAAMAM,55,-0.30799999999999816
161,C81647,Paracet_Tab 500mg,0407010H0AAAMAM,79,-0.44239999999999735
160,C81647,Paracet_Tab 500mg,0407010H0AAAMAM,79,-0.44239999999999735
163,C81029,Paracet_Tab 500mg,0407010H0AAAMAM,99,-0.5543999999999967
162,C81029,Paracet_Tab 500mg,0407010H0AAAMAM,99,-0.5543999999999967
