,practice_code,bnf_description,bnf_code,items,excess_cost
0,P81014,Amiodarone HCl_Tab 200mg,0203020D0AAABAB,3,2.100000000000002
1,P81014,Clonazepam_Tab 500mcg,0408010F0AAABAB,4,1.920999999999996
2,P81014,Co-Codamol_Cap 8mg/500mg,0407010F0AAABAB,2,0.3200000000000036
3,P81014,Gliclazide_Tab 80mg,0601021M0AAAAAA,23,0.08999999999999916
4,P81014,Tetrabenazine_Tab 25mg,0409030C0AAAAAA,1,2.498999999999997
5,P81039,Amiodarone HCl_Tab 200mg,0203020D0AAABAB,4,1.7500000000000016
6,P81039,Clonazepam_Tab 500mcg,0408010F0AAABAB,4,2.2147999999999954
7,P81041,Amiodarone HCl_Tab 200mg,0203020D0AAABAB,18,2.9449000000000014
8,P81041,Clonazepam_Tab 500mcg,0408010F0AAABAB,3,2.2147999999999954
9,P81041,Co-Codamol_Cap 8mg/500mg,0407010F0AAABAB,12,0.8320000000000094
10,P81041,Gliclazide_Tab 80mg,0601021M0AAAAAA,24,0.07639999999999895
11,P81041,Pyridox HCl_Tab 50mg,0906024N0AAAIAI,4,0.9576000000000002
12,P81041,Topiramate_Tab 200mg,040801050AAACAC,1,3.4859999999999984
13,P81045,Amiodarone HCl_Tab 200mg,0203020D0AAABAB,2,1.4000000000000012
14,P81045,Clonazepam_Tab 500mcg,0408010F0AAABAB,5,2.3427999999999933
15,P81045,Gliclazide_Tab 80mg,0601021M0AAAAAA,20,4.445200000000001
16,P81084,Amiodarone HCl_Tab 200mg,0203020D0AAABAB,1,0.7000000000000006
17,P81084,Clonazepam_Tab 500mcg,0408010F0AAABAB,2,1.5819999999999967
18,P81084,Gliclazide_Tab 80mg,0601021M0AAAAAA,4,0.04799999999999971
19,P81084,Tetrabenazine_Tab 25mg,0409030C0AAAAAA,1,1.9991999999999974
20,P81084,Valsartan_Tab 40mg,0205052V0AAADAD,1,3.8360000000000003
21,P81096,Amiodarone HCl_Tab 200mg,0203020D0AAABAB,2,0.7000000000000006
22,P81096,Clonazepam_Tab 500mcg,0408010F0AAABAB,1,0.6327999999999987
23,P81096,Co-Codamol_Cap 8mg/500mg,0407010F0AAABAB,4,0.6400000000000072
24,P81096,Gliclazide_Tab 80mg,0601021M0AAAAAA,6,0.06899999999999959
25,P81096,Valsartan_Tab 40mg,0205052V0AAADAD,3,11.508000000000001
26,P81112,Amiodarone HCl_Tab 200mg,0203020D0AAABAB,11,3.051300000000002
27,P81112,Clonazepam_Tab 500mcg,0408010F0AAABAB,20,7.830899999999984
28,P81112,Co-Codamol_Cap 8mg/500mg,0407010F0AAABAB,6,0.9600000000000108
29,P81112,Gliclazide_Tab 80mg,0601021M0AAAAAA,30,0.11759999999999898
30,P81112,Phenytoin_Sod Tab 100mg,0408010Q0AAAGAG,4,19.899599999999996
31,P81112,Pyridox HCl_Tab 50mg,0906024N0AAAIAI,7,3.5910000000000006
32,P81112,Tetrabenazine_Tab 25mg,0409030C0AAAAAA,2,1.9991999999999974
33,P81136,Amiodarone HCl_Tab 200mg,0203020D0AAABAB,2,0.7000000000000006
34,P81136,Gliclazide_Tab 80mg,0601021M0AAAAAA,1,0.011999999999999927
35,P81138,Clonazepam_Tab 500mcg,0408010F0AAABAB,3,1.2655999999999974
36,P81177,Amiodarone HCl_Tab 200mg,0203020D0AAABAB,3,1.134700000000001
37,P81177,Co-Codamol_Cap 8mg/500mg,0407010F0AAABAB,4,0.6400000000000072
38,P81177,Gliclazide_Tab 80mg,0601021M0AAAAAA,12,0.06169999999999941
39,P81201,Amiodarone HCl_Tab 200mg,0203020D0AAABAB,2,0.7000000000000006
40,P81201,Clonazepam_Tab 500mcg,0408010F0AAABAB,9,4.74599999999999
41,P81201,Gliclazide_Tab 80mg,0601021M0AAAAAA,1,0.005599999999999966
42,P81201,Pyridox HCl_Tab 50mg,0906024N0AAAIAI,1,1.4364000000000003
43,P81208,Amiodarone HCl_Tab 200mg,0203020D0AAABAB,9,3.850000000000003
44,P81208,Clonazepam_Tab 500mcg,0408010F0AAABAB,10,6.738799999999987
45,P81208,Co-Codamol_Cap 8mg/500mg,0407010F0AAABAB,4,0.800000000000009
46,P81208,Gliclazide_Tab 80mg,0601021M0AAAAAA,6,0.04419999999999973
47,P81208,Pyridox HCl_Tab 50mg,0906024N0AAAIAI,3,2.3940000000000006
48,P81208,Tetrabenazine_Tab 25mg,0409030C0AAAAAA,1,1.9991999999999974
49,P81646,Amiodarone HCl_Tab 200mg,0203020D0AAABAB,1,0.3500000000000003
50,P81646,Clonazepam_Tab 500mcg,0408010F0AAABAB,7,7.005999999999985
51,P81646,Gliclazide_Tab 80mg,0601021M0AAAAAA,9,0.0493999999999997
52,P81674,Amiodarone HCl_Tab 200mg,0203020D0AAABAB,3,1.050000000000001
53,P81674,Clonazepam_Tab 500mcg,0408010F0AAABAB,4,1.1073999999999977
54,P81674,Co-Codamol_Cap 8mg/500mg,0407010F0AAABAB,6,1.2800000000000145
55,P81674,Gliclazide_Tab 80mg,0601021M0AAAAAA,1,0.005999999999999964
56,P81674,Pyridox HCl_Tab 50mg,0906024N0AAAIAI,1,0.9576000000000002
57,P81695,Amiodarone HCl_Tab 200mg,0203020D0AAABAB,1,0.3500000000000003
58,P81695,Clonazepam_Tab 500mcg,0408010F0AAABAB,5,2.2938999999999954
59,P81695,Co-Codamol_Cap 8mg/500mg,0407010F0AAABAB,2,0.3200000000000036
60,P81710,Amiodarone HCl_Tab 200mg,0203020D0AAABAB,3,1.7500000000000016
61,P81710,Clonazepam_Tab 500mcg,0408010F0AAABAB,6,1.920999999999996
62,P81710,Co-Codamol_Cap 8mg/500mg,0407010F0AAABAB,2,0.35840000000000405
63,P81710,Gliclazide_Tab 80mg,0601021M0AAAAAA,15,0.1005999999999994
64,P81710,Phenobarb_Tab 15mg,0408010N0AAAIAI,1,65.92320000000001
65,P81710,Topiramate_Tab 200mg,040801050AAACAC,1,2.489999999999999
66,P81727,Amiodarone HCl_Tab 200mg,0203020D0AAABAB,1,0.3500000000000003
67,P81727,Clonazepam_Tab 500mcg,0408010F0AAABAB,2,1.2655999999999974
68,P81727,Gliclazide_Tab 80mg,0601021M0AAAAAA,8,0.057199999999999654
69,P81727,Tetrabenazine_Tab 25mg,0409030C0AAAAAA,2,3.221999999999995
70,P81727,Topiramate_Tab 200mg,040801050AAACAC,1,2.489999999999999
71,P81758,Amiodarone HCl_Tab 200mg,0203020D0AAABAB,2,0.7000000000000006
72,P81758,Clonazepam_Tab 500mcg,0408010F0AAABAB,1,0.31639999999999935
73,P81758,Gliclazide_Tab 80mg,0601021M0AAAAAA,1,0.005999999999999964
74,Y00972,Co-Codamol_Cap 8mg/500mg,0407010F0AAABAB,2,0.17920000000000202
