,practice_code,bnf_description,bnf_code,items,excess_cost
0,A81001,Atorvastatin_Tab 10mg,0212000B0AAAAAA,4,0.008400000000000046
1,A81001,Atorvastatin_Tab 20mg,0212000B0AAABAB,86,90.10400000000001
2,A81001,Losartan Pot_Tab 100mg,0205052N0AAADAD,5,14.727999999999998
3,A81001,Memantine HCl_Tab 20mg,0411000G0AAADAD,8,127.792
4,A81001,Montelukast_Tab 10mg,0303020G0AAABAB,11,24.3628
5,A81001,Paracet_Tab 500mg,0407010H0AAAMAM,66,11.180399999999999
6,A81001,Pregabalin_Cap 150mg,0408010AEAAAEAE,2,0.00560000000000016
7,A81002,Atorvastatin_Tab 10mg,0212000B0AAAAAA,2,0.004200000000000023
8,A81002,Atorvastatin_Tab 20mg,0212000B0AAABAB,503,39.17340000000001
9,A81002,Atorvastatin_Tab 40mg,0212000B0AAACAC,415,111.26919999999998
10,A81002,Hydrocort_Tab 10mg,0603020J0AAADAD,2,1.6099999999999999
11,A81002,Losartan Pot_Tab 100mg,0205052N0AAADAD,10,0.05600000000000015
12,A81002,Paracet_Tab 500mg,0407010H0AAAMAM,1386,98.63080000000008
13,A81002,Pregabalin_Cap 150mg,0408010AEAAAEAE,47,113.239
14,A81006,Atorvastatin_Tab 10mg,0212000B0AAAAAA,5,0.010500000000000058
15,A81006,Atorvastatin_Tab 20mg,0212000B0AAABAB,564,67.54960000000008
16,A81006,Atorvastatin_Tab 40mg,0212000B0AAACAC,313,0.8699000000000249
17,A81006,Hydrocort_Tab 10mg,0603020J0AAADAD,7,156.16289999999998
18,A81006,Losartan Pot_Tab 100mg,0205052N0AAADAD,83,44.31840000000001
19,A81006,Paracet_Tab 500mg,0407010H0AAAMAM,540,21.797200000000053
20,A81006,Pregabalin_Cap 150mg,0408010AEAAAEAE,25,0.08120000000000233
21,A81007,Aripiprazole_Tab 10mg,0402010ADAAAAAA,3,-0.006299999999999889
22,A81007,Atorvastatin_Tab 10mg,0212000B0AAAAAA,15,0.011200000000000127
23,A81007,Atorvastatin_Tab 40mg,0212000B0AAACAC,28,0.11240000000000074
24,A81007,Hydrocort_Tab 10mg,0603020J0AAADAD,2,-0.022399999999997533
25,A81007,Paracet_Tab 500mg,0407010H0AAAMAM,116,-0.5527999999999966
26,A81007,Pregabalin_Cap 150mg,0408010AEAAAEAE,13,0.060200000000001724
27,A81011,Aripiprazole_Tab 10mg,0402010ADAAAAAA,3,-0.006299999999999889
28,A81011,Atorvastatin_Tab 40mg,0212000B0AAACAC,1,0.00540000000000003
29,A81011,Hydrocort_Tab 10mg,0603020J0AAADAD,3,3.0707999999999993
30,A81011,Losartan Pot_Tab 100mg,0205052N0AAADAD,44,29.635200000000005
31,A81011,Memantine HCl_Tab 20mg,0411000G0AAADAD,8,63.89359999999999
32,A81011,Paracet_Tab 500mg,0407010H0AAAMAM,40,0.1787999999999989
33,A81011,Pregabalin_Cap 150mg,0408010AEAAAEAE,7,0.028000000000000802
34,A81014,Atorvastatin_Tab 10mg,0212000B0AAAAAA,1,0.0021000000000000116
35,A81014,Atorvastatin_Tab 20mg,0212000B0AAABAB,195,45.31800000000001
36,A81014,Atorvastatin_Tab 40mg,0212000B0AAACAC,165,44.814
37,A81014,Losartan Pot_Tab 100mg,0205052N0AAADAD,31,14.755999999999995
38,A81014,Montelukast_Tab 10mg,0303020G0AAABAB,18,24.393600000000003
39,A81014,Paracet_Tab 500mg,0407010H0AAAMAM,66,3.300000000000003
40,A81017,Aripiprazole_Tab 10mg,0402010ADAAAAAA,5,261.6852
41,A81017,Atorvastatin_Tab 10mg,0212000B0AAAAAA,193,11.4947
42,A81017,Atorvastatin_Tab 20mg,0212000B0AAABAB,480,157.92540000000008
43,A81017,Atorvastatin_Tab 40mg,0212000B0AAACAC,371,67.52199999999999
44,A81017,Hydrocort_Tab 10mg,0603020J0AAADAD,2,2.307999999999999
45,A81017,Losartan Pot_Tab 100mg,0205052N0AAADAD,109,42.7224
46,A81017,Memantine HCl_Tab 20mg,0411000G0AAADAD,27,63.92620000000001
47,A81017,Montelukast_Tab 10mg,0303020G0AAABAB,48,46.0992
48,A81017,Paracet_Tab 500mg,0407010H0AAAMAM,944,117.00360000000009
49,A81017,Pregabalin_Cap 150mg,0408010AEAAAEAE,28,56.5964
50,A81025,Atorvastatin_Tab 10mg,0212000B0AAAAAA,63,23.269400000000008
51,A81025,Atorvastatin_Tab 20mg,0212000B0AAABAB,86,22.63520000000001
52,A81025,Paracet_Tab 500mg,0407010H0AAAMAM,20,-0.11199999999999932
53,A81025,Pregabalin_Cap 150mg,0408010AEAAAEAE,11,113.1284
54,A81027,Aripiprazole_Tab 10mg,0402010ADAAAAAA,1,0.004000000000000115
55,A81027,Atorvastatin_Tab 10mg,0212000B0AAAAAA,44,23.1959
56,A81027,Atorvastatin_Tab 40mg,0212000B0AAACAC,1,0.0020000000000000573
57,A81027,Losartan Pot_Tab 100mg,0205052N0AAADAD,3,0.016800000000000044
58,A81027,Memantine HCl_Tab 20mg,0411000G0AAADAD,2,0.00979999999999999
59,A81027,Paracet_Tab 500mg,0407010H0AAAMAM,324,46.85280000000007
60,A81027,Pregabalin_Cap 150mg,0408010AEAAAEAE,7,0.01680000000000048
61,A81031,Atorvastatin_Tab 10mg,0212000B0AAAAAA,63,34.66400000000001
62,A81031,Atorvastatin_Tab 20mg,0212000B0AAABAB,174,45.271100000000025
63,A81031,Atorvastatin_Tab 40mg,0212000B0AAACAC,83,22.310399999999994
64,A81031,Hydrocort_Tab 10mg,0603020J0AAADAD,2,-0.022399999999997533
65,A81031,Losartan Pot_Tab 100mg,0205052N0AAADAD,2,0.01120000000000003
66,A81031,Montelukast_Tab 10mg,0303020G0AAABAB,39,24.35160000000001
67,A81031,Paracet_Tab 500mg,0407010H0AAAMAM,396,17.657800000000197
68,A81031,Pregabalin_Cap 150mg,0408010AEAAAEAE,11,0.037800000000001666
69,A81034,Aripiprazole_Tab 10mg,0402010ADAAAAAA,4,-0.008399999999999852
70,A81034,Atorvastatin_Tab 20mg,0212000B0AAABAB,26,0.13770000000000415
71,A81034,Atorvastatin_Tab 40mg,0212000B0AAACAC,1,-0.0029999999999998778
72,A81034,Losartan Pot_Tab 100mg,0205052N0AAADAD,1,-0.0029999999999998778
73,A81034,Memantine HCl_Tab 20mg,0411000G0AAADAD,4,-0.00819999999999995
74,A81034,Montelukast_Tab 10mg,0303020G0AAABAB,121,25.41
75,A81034,Paracet_Tab 500mg,0407010H0AAAMAM,118,-4.3331999999999855
76,A81034,Pregabalin_Cap 150mg,0408010AEAAAEAE,11,0.028400000000001924
77,A81036,Aripiprazole_Tab 10mg,0402010ADAAAAAA,4,-0.008399999999999852
78,A81036,Atorvastatin_Tab 10mg,0212000B0AAAAAA,16,0.0342000000000002
79,A81036,Atorvastatin_Tab 20mg,0212000B0AAABAB,2,1.3877787807814457e-16
80,A81036,Atorvastatin_Tab 40mg,0212000B0AAACAC,1,-0.002399999999999902
81,A81036,Losartan Pot_Tab 100mg,0205052N0AAADAD,6,0.03500000000000003
82,A81036,Memantine HCl_Tab 20mg,0411000G0AAADAD,36,57.006299999999996
83,A81036,Paracet_Tab 500mg,0407010H0AAAMAM,1456,486.01040000000006
84,A81036,Pregabalin_Cap 150mg,0408010AEAAAEAE,13,0.051800000000001484
85,A81039,Hydrocort_Tab 10mg,0603020J0AAADAD,2,-0.022399999999997533
86,A81039,Paracet_Tab 500mg,0407010H0AAAMAM,24,0.12079999999999927
87,A81039,Pregabalin_Cap 150mg,0408010AEAAAEAE,10,0.056000000000001604
88,A81040,Atorvastatin_Tab 10mg,0212000B0AAAAAA,8,0.00990000000000011
89,A81040,Memantine HCl_Tab 20mg,0411000G0AAADAD,5,0.024499999999999973
90,A81040,Paracet_Tab 500mg,0407010H0AAAMAM,58,-0.01999999999999988
91,A81040,Pregabalin_Cap 150mg,0408010AEAAAEAE,3,0.01680000000000048
92,A81041,Aripiprazole_Tab 10mg,0402010ADAAAAAA,5,0.028000000000000802
93,A81041,Hydrocort_Tab 10mg,0603020J0AAADAD,1,-0.013999999999998458
94,A81041,Montelukast_Tab 10mg,0303020G0AAABAB,9,48.73679999999999
95,A81041,Paracet_Tab 500mg,0407010H0AAAMAM,80,-0.13759999999999917
96,A81041,Pregabalin_Cap 150mg,0408010AEAAAEAE,11,0.03640000000000104
97,A81044,Aripiprazole_Tab 10mg,0402010ADAAAAAA,11,0.007700000000000901
98,A81044,Atorvastatin_Tab 10mg,0212000B0AAAAAA,114,92.9474
99,A81044,Atorvastatin_Tab 20mg,0212000B0AAABAB,713,699.1242000000001
100,A81044,Atorvastatin_Tab 40mg,0212000B0AAACAC,172,0.6020000000000005
101,A81044,Losartan Pot_Tab 100mg,0205052N0AAADAD,33,0.17620000000000058
102,A81044,Memantine HCl_Tab 20mg,0411000G0AAADAD,15,0.07349999999999993
103,A81044,Montelukast_Tab 10mg,0303020G0AAABAB,76,48.731199999999994
104,A81044,Paracet_Tab 500mg,0407010H0AAAMAM,926,9.712400000000022
105,A81044,Pregabalin_Cap 150mg,0408010AEAAAEAE,20,0.07280000000000209
106,A81046,Atorvastatin_Tab 10mg,0212000B0AAAAAA,5,0.010500000000000058
107,A81046,Atorvastatin_Tab 40mg,0212000B0AAACAC,114,22.46880000000001
108,A81046,Hydrocort_Tab 10mg,0603020J0AAADAD,1,104.1208
109,A81046,Losartan Pot_Tab 100mg,0205052N0AAADAD,16,29.465200000000003
110,A81046,Memantine HCl_Tab 20mg,0411000G0AAADAD,8,63.91840000000001
111,A81046,Montelukast_Tab 10mg,0303020G0AAABAB,22,24.393600000000003
112,A81046,Paracet_Tab 500mg,0407010H0AAAMAM,574,65.69600000000014
113,A81046,Pregabalin_Cap 150mg,0408010AEAAAEAE,10,0.050400000000001444
114,A81056,Paracet_Tab 500mg,0407010H0AAAMAM,4,0.017599999999999894
115,A81056,Pregabalin_Cap 150mg,0408010AEAAAEAE,1,0.00560000000000016
116,A81057,Atorvastatin_Tab 10mg,0212000B0AAAAAA,1,-0.002999999999999982
117,A81057,Hydrocort_Tab 10mg,0603020J0AAADAD,2,-0.022399999999997533
118,A81057,Paracet_Tab 500mg,0407010H0AAAMAM,126,94.55840000000002
119,A81057,Pregabalin_Cap 150mg,0408010AEAAAEAE,7,0.028000000000000802
120,A81060,Atorvastatin_Tab 10mg,0212000B0AAAAAA,19,11.6242
121,A81060,Paracet_Tab 500mg,0407010H0AAAMAM,62,-1.7695999999999892
122,A81060,Pregabalin_Cap 150mg,0408010AEAAAEAE,2,0.01120000000000032
123,A81063,Atorvastatin_Tab 10mg,0212000B0AAAAAA,5,0.01260000000000007
124,A81063,Hydrocort_Tab 10mg,0603020J0AAADAD,1,0.004499999999999504
125,A81063,Losartan Pot_Tab 100mg,0205052N0AAADAD,5,0.018000000000000238
126,A81063,Paracet_Tab 500mg,0407010H0AAAMAM,190,0.48919999999999697
127,A81066,Pregabalin_Cap 150mg,0408010AEAAAEAE,1,0.00560000000000016
128,A81067,Atorvastatin_Tab 40mg,0212000B0AAACAC,1,0.00360000000000002
129,A81067,Memantine HCl_Tab 20mg,0411000G0AAADAD,1,0.003499999999999996
130,A81067,Paracet_Tab 500mg,0407010H0AAAMAM,658,63.433599999999984
131,A81067,Pregabalin_Cap 150mg,0408010AEAAAEAE,4,0.01120000000000032
132,A81070,Aripiprazole_Tab 10mg,0402010ADAAAAAA,4,-0.008399999999999852
133,A81070,Atorvastatin_Tab 10mg,0212000B0AAAAAA,50,11.618
134,A81070,Atorvastatin_Tab 20mg,0212000B0AAABAB,143,297.74179999999996
135,A81070,Atorvastatin_Tab 40mg,0212000B0AAACAC,60,89.03999999999999
136,A81070,Losartan Pot_Tab 100mg,0205052N0AAADAD,8,0.04480000000000012
137,A81070,Memantine HCl_Tab 20mg,0411000G0AAADAD,16,63.9702
138,A81070,Montelukast_Tab 10mg,0303020G0AAABAB,21,86.2283
139,A81070,Paracet_Tab 500mg,0407010H0AAAMAM,260,21.322400000000023
140,A81070,Pregabalin_Cap 150mg,0408010AEAAAEAE,7,0.019200000000001133
141,A81602,Paracet_Tab 500mg,0407010H0AAAMAM,14,-0.055199999999999666
142,A81608,Atorvastatin_Tab 10mg,0212000B0AAAAAA,36,0.07500000000000047
143,A81608,Atorvastatin_Tab 20mg,0212000B0AAABAB,164,22.50080000000001
144,A81608,Atorvastatin_Tab 40mg,0212000B0AAACAC,1,-0.0029999999999998778
145,A81608,Paracet_Tab 500mg,0407010H0AAAMAM,254,58.52960000000001
146,A81608,Pregabalin_Cap 150mg,0408010AEAAAEAE,1,0.00560000000000016
147,A81610,Atorvastatin_Tab 10mg,0212000B0AAAAAA,2,0.008400000000000046
148,A81610,Atorvastatin_Tab 20mg,0212000B0AAABAB,1,-0.0033999999999999794
149,A81610,Paracet_Tab 500mg,0407010H0AAAMAM,26,-0.07599999999999954
150,A81610,Pregabalin_Cap 150mg,0408010AEAAAEAE,8,0.03920000000000112
151,A81612,Atorvastatin_Tab 20mg,0212000B0AAABAB,47,90.146
152,A81612,Losartan Pot_Tab 100mg,0205052N0AAADAD,4,0.02240000000000006
153,A81612,Memantine HCl_Tab 20mg,0411000G0AAADAD,9,63.93800000000001
154,A81612,Paracet_Tab 500mg,0407010H0AAAMAM,24,0.10399999999999937
155,A81622,Atorvastatin_Tab 10mg,0212000B0AAAAAA,22,11.659200000000002
156,A81622,Losartan Pot_Tab 100mg,0205052N0AAADAD,17,44.2624
157,A81622,Memantine HCl_Tab 20mg,0411000G0AAADAD,12,63.9268
158,A81622,Paracet_Tab 500mg,0407010H0AAAMAM,276,-1.9059999999999884
159,A81622,Pregabalin_Cap 150mg,0408010AEAAAEAE,10,0.03360000000000096
160,A81629,Aripiprazole_Tab 10mg,0402010ADAAAAAA,7,-0.014699999999999741
161,A81629,Atorvastatin_Tab 10mg,0212000B0AAAAAA,62,11.631199999999996
162,A81629,Hydrocort_Tab 10mg,0603020J0AAADAD,2,0.008999999999999009
163,A81629,Memantine HCl_Tab 20mg,0411000G0AAADAD,7,63.9107
164,A81629,Paracet_Tab 500mg,0407010H0AAAMAM,118,2.756800000000017
165,A81631,Aripiprazole_Tab 10mg,0402010ADAAAAAA,5,-0.010499999999999815
166,A81631,Atorvastatin_Tab 10mg,0212000B0AAAAAA,1,0.003200000000000036
167,A81631,Hydrocort_Tab 10mg,0603020J0AAADAD,1,4.334399999999995
168,A81631,Memantine HCl_Tab 20mg,0411000G0AAADAD,7,127.792
169,A81631,Paracet_Tab 500mg,0407010H0AAAMAM,230,36.91880000000002
170,A81631,Pregabalin_Cap 150mg,0408010AEAAAEAE,6,0.01960000000000056
171,A81632,Aripiprazole_Tab 10mg,0402010ADAAAAAA,4,-0.5292
172,A81632,Paracet_Tab 500mg,0407010H0AAAMAM,72,-0.1392000000000001
173,A81632,Pregabalin_Cap 150mg,0408010AEAAAEAE,30,0.12200000000000072
174,A81634,Paracet_Tab 500mg,0407010H0AAAMAM,2,0.011999999999999927
175,A81634,Pregabalin_Cap 150mg,0408010AEAAAEAE,2,0.01120000000000032
