,practice_code,bnf_description,bnf_code,items,excess_cost
0,C82001,Atorvastatin_Tab 40mg,0212000B0AAACAC,147,22.22640000000001
1,C82001,Losartan Pot_Tab 25mg,0205052N0AAAAAA,5,0.01260000000000007
2,C82001,Paracet_Tab 500mg,0407010H0AAAMAM,140,49.20480000000002
3,C82001,Sumatriptan_Tab 50mg,0407041T0AAAFAF,20,-0.0027999999999996916
4,C82002,Atorvastatin_Tab 10mg,0212000B0AAAAAA,45,23.184
5,C82002,Atorvastatin_Tab 20mg,0212000B0AAABAB,167,0.8260000000000236
6,C82002,Esomeprazole_Tab E/C 40mg,0103050E0AAABAB,3,87.96480000000001
7,C82002,Losartan Pot_Tab 25mg,0205052N0AAAAAA,17,61.88
8,C82002,Paracet_Tab 500mg,0407010H0AAAMAM,2,-0.011199999999999932
9,C82002,Pregabalin_Cap 75mg,0408010AEAAACAC,6,113.4672
10,C82002,Sumatriptan_Tab 50mg,0407041T0AAAFAF,21,34.00020000000001
11,C82009,Atorvastatin_Tab 10mg,0212000B0AAAAAA,34,0.0714000000000004
12,C82009,Atorvastatin_Tab 20mg,0212000B0AAABAB,2,0.009000000000000188
13,C82009,Atorvastatin_Tab 40mg,0212000B0AAACAC,1,0.00360000000000002
14,C82009,Losartan Pot_Tab 25mg,0205052N0AAAAAA,4,0.008400000000000046
15,C82009,Memantine HCl_Tab 20mg,0411000G0AAADAD,9,0.04269999999999995
16,C82009,Paracet_Tab 500mg,0407010H0AAAMAM,210,-0.5547999999999965
17,C82009,Pregabalin_Cap 75mg,0408010AEAAACAC,27,0.12619999999999892
18,C82009,Sumatriptan_Tab 50mg,0407041T0AAAFAF,58,0.0
19,C82010,Atorvastatin_Tab 10mg,0212000B0AAAAAA,174,11.6396
20,C82010,Atorvastatin_Tab 40mg,0212000B0AAACAC,253,22.66880000000001
21,C82010,Losartan Pot_Tab 25mg,0205052N0AAAAAA,63,15.409800000000004
22,C82010,Memantine HCl_Tab 20mg,0411000G0AAADAD,52,64.1032
23,C82010,Paracet_Tab 500mg,0407010H0AAAMAM,746,32.08400000000006
24,C82010,Pregabalin_Cap 75mg,0408010AEAAACAC,37,0.20119999999999474
25,C82010,Sumatriptan_Tab 50mg,0407041T0AAAFAF,39,0.0033999999999998476
26,C82013,Atorvastatin_Tab 10mg,0212000B0AAAAAA,1,-0.005999999999999964
27,C82013,Atorvastatin_Tab 40mg,0212000B0AAACAC,2,0.007300000000000209
28,C82013,Paracet_Tab 500mg,0407010H0AAAMAM,14,0.07439999999999955
29,C82013,Sumatriptan_Tab 50mg,0407041T0AAAFAF,25,0.0
30,C82016,Atorvastatin_Tab 40mg,0212000B0AAACAC,91,22.422400000000007
31,C82016,Losartan Pot_Tab 25mg,0205052N0AAAAAA,4,0.008400000000000046
32,C82016,Memantine HCl_Tab 20mg,0411000G0AAADAD,8,0.03919999999999996
33,C82016,Paracet_Tab 500mg,0407010H0AAAMAM,38,0.03239999999999982
34,C82016,Pregabalin_Cap 75mg,0408010AEAAACAC,8,0.0335999999999998
35,C82016,Sumatriptan_Tab 50mg,0407041T0AAAFAF,15,0.0
36,C82021,Atorvastatin_Tab 10mg,0212000B0AAAAAA,41,23.189599999999995
37,C82021,Atorvastatin_Tab 20mg,0212000B0AAABAB,124,90.2372
38,C82021,Memantine HCl_Tab 20mg,0411000G0AAADAD,9,63.907199999999996
39,C82021,Paracet_Tab 500mg,0407010H0AAAMAM,318,11.126000000000026
40,C82021,Pregabalin_Cap 75mg,0408010AEAAACAC,2,0.016799999999999315
41,C82021,Sumatriptan_Tab 50mg,0407041T0AAAFAF,16,3.251999999999995
42,C82022,Atorvastatin_Tab 10mg,0212000B0AAAAAA,4,0.008400000000000046
43,C82022,Losartan Pot_Tab 25mg,0205052N0AAAAAA,1,-0.002999999999999982
44,C82022,Memantine HCl_Tab 20mg,0411000G0AAADAD,5,0.024499999999999973
45,C82022,Paracet_Tab 500mg,0407010H0AAAMAM,16,-0.05599999999999966
46,C82022,Sumatriptan_Tab 50mg,0407041T0AAAFAF,12,0.0
47,C82025,Atorvastatin_Tab 10mg,0212000B0AAAAAA,41,11.683000000000003
48,C82025,Atorvastatin_Tab 20mg,0212000B0AAABAB,236,135.12210000000005
49,C82025,Memantine HCl_Tab 20mg,0411000G0AAADAD,13,0.06369999999999992
50,C82025,Paracet_Tab 500mg,0407010H0AAAMAM,242,81.32720000000002
51,C82025,Sumatriptan_Tab 50mg,0407041T0AAAFAF,19,-0.00300000000000078
52,C82036,Atorvastatin_Tab 10mg,0212000B0AAAAAA,222,11.086799999999997
53,C82036,Atorvastatin_Tab 20mg,0212000B0AAABAB,511,22.89280000000006
54,C82036,Losartan Pot_Tab 25mg,0205052N0AAAAAA,88,44.5984
55,C82036,Paracet_Tab 500mg,0407010H0AAAMAM,334,36.40079999999999
56,C82036,Pregabalin_Cap 75mg,0408010AEAAACAC,6,0.030399999999999816
57,C82036,Sevelamer_Tab 800mg,0905022S0AAABAB,1,-0.01960000000000328
58,C82036,Sumatriptan_Tab 50mg,0407041T0AAAFAF,50,158.98279999999997
59,C82038,Atorvastatin_Tab 10mg,0212000B0AAAAAA,45,0.09660000000000053
60,C82038,Atorvastatin_Tab 20mg,0212000B0AAABAB,26,-0.0399999999999999
61,C82038,Losartan Pot_Tab 25mg,0205052N0AAAAAA,4,0.008400000000000046
62,C82038,Memantine HCl_Tab 20mg,0411000G0AAADAD,16,0.033600000000000185
63,C82038,Paracet_Tab 500mg,0407010H0AAAMAM,180,-1.340799999999992
64,C82038,Pregabalin_Cap 75mg,0408010AEAAACAC,71,0.029999999999999236
65,C82038,Sumatriptan_Tab 50mg,0407041T0AAAFAF,74,0.009799999999999143
66,C82039,Atorvastatin_Tab 10mg,0212000B0AAAAAA,25,0.05250000000000029
67,C82039,Atorvastatin_Tab 40mg,0212000B0AAACAC,4,-0.01600000000000018
68,C82039,Losartan Pot_Tab 25mg,0205052N0AAAAAA,34,0.07770000000000042
69,C82039,Memantine HCl_Tab 20mg,0411000G0AAADAD,5,0.024499999999999973
70,C82039,Paracet_Tab 500mg,0407010H0AAAMAM,182,-0.7439999999999956
71,C82039,Pregabalin_Cap 75mg,0408010AEAAACAC,7,0.03919999999999976
72,C82039,Sumatriptan_Tab 50mg,0407041T0AAAFAF,9,0.0
73,C82042,Losartan Pot_Tab 25mg,0205052N0AAAAAA,1,-0.004199999999999975
74,C82042,Sevelamer_Tab 800mg,0905022S0AAABAB,1,-0.008400000000001406
75,C82042,Sumatriptan_Tab 50mg,0407041T0AAAFAF,24,-0.003200000000001424
76,C82044,Atorvastatin_Tab 10mg,0212000B0AAAAAA,8,0.016800000000000093
77,C82044,Losartan Pot_Tab 25mg,0205052N0AAAAAA,8,0.016800000000000093
78,C82044,Paracet_Tab 500mg,0407010H0AAAMAM,12,0.0167999999999999
79,C82044,Pregabalin_Cap 75mg,0408010AEAAACAC,4,0.022399999999999864
80,C82044,Sumatriptan_Tab 50mg,0407041T0AAAFAF,9,0.0
81,C82048,Losartan Pot_Tab 25mg,0205052N0AAAAAA,2,0.008400000000000046
82,C82048,Paracet_Tab 500mg,0407010H0AAAMAM,2,-0.011199999999999932
83,C82048,Sevelamer_Tab 800mg,0905022S0AAABAB,1,-0.011200000000001875
84,C82048,Sumatriptan_Tab 50mg,0407041T0AAAFAF,3,0.0
85,C82055,Atorvastatin_Tab 10mg,0212000B0AAAAAA,32,11.558400000000002
86,C82055,Atorvastatin_Tab 20mg,0212000B0AAABAB,150,90.72000000000003
87,C82055,Esomeprazole_Tab E/C 40mg,0103050E0AAABAB,14,21.9912
88,C82055,Losartan Pot_Tab 25mg,0205052N0AAAAAA,18,30.9456
89,C82055,Paracet_Tab 500mg,0407010H0AAAMAM,238,53.551200000000016
90,C82055,Pregabalin_Cap 75mg,0408010AEAAACAC,4,-0.00840000000000024
91,C82055,Sevelamer_Tab 800mg,0905022S0AAABAB,3,-0.02240000000000375
92,C82055,Sumatriptan_Tab 50mg,0407041T0AAAFAF,31,-0.00600000000000156
93,C82056,Atorvastatin_Tab 10mg,0212000B0AAAAAA,40,23.07200000000001
94,C82056,Esomeprazole_Tab E/C 40mg,0103050E0AAABAB,4,43.971199999999996
95,C82056,Losartan Pot_Tab 25mg,0205052N0AAAAAA,45,15.372000000000003
96,C82056,Paracet_Tab 500mg,0407010H0AAAMAM,586,87.08079999999998
97,C82056,Pregabalin_Cap 75mg,0408010AEAAACAC,4,113.4784
98,C82056,Sumatriptan_Tab 50mg,0407041T0AAAFAF,26,-0.0027999999999996916
99,C82066,Atorvastatin_Tab 20mg,0212000B0AAABAB,263,22.82840000000004
100,C82066,Atorvastatin_Tab 40mg,0212000B0AAACAC,1,0.006000000000000172
101,C82066,Esomeprazole_Tab E/C 40mg,0103050E0AAABAB,8,0.2240000000000002
102,C82066,Paracet_Tab 500mg,0407010H0AAAMAM,534,47.7656000000001
103,C82066,Sumatriptan_Tab 50mg,0407041T0AAAFAF,33,0.0
104,C82067,Atorvastatin_Tab 10mg,0212000B0AAAAAA,82,46.37919999999999
105,C82067,Atorvastatin_Tab 20mg,0212000B0AAABAB,1,0.006000000000000172
106,C82067,Losartan Pot_Tab 25mg,0205052N0AAAAAA,14,13.837599999999998
107,C82067,Paracet_Tab 500mg,0407010H0AAAMAM,244,92.47360000000005
108,C82067,Sevelamer_Tab 800mg,0905022S0AAABAB,1,359.1
109,C82067,Sumatriptan_Tab 50mg,0407041T0AAAFAF,14,0.0
110,C82068,Atorvastatin_Tab 20mg,0212000B0AAABAB,373,44.909200000000055
111,C82068,Esomeprazole_Tab E/C 40mg,0103050E0AAABAB,14,21.9912
112,C82068,Memantine HCl_Tab 20mg,0411000G0AAADAD,19,63.89320000000001
113,C82068,Paracet_Tab 500mg,0407010H0AAAMAM,70,-5.830799999999991
114,C82068,Sumatriptan_Tab 50mg,0407041T0AAAFAF,35,3.254999999999991
115,C82071,Atorvastatin_Tab 10mg,0212000B0AAAAAA,3,0.006300000000000035
116,C82071,Paracet_Tab 500mg,0407010H0AAAMAM,4,0.023999999999999855
117,C82071,Sumatriptan_Tab 50mg,0407041T0AAAFAF,15,0.0
118,C82077,Atorvastatin_Tab 10mg,0212000B0AAAAAA,23,0.048300000000000266
119,C82077,Losartan Pot_Tab 25mg,0205052N0AAAAAA,18,0.03990000000000022
120,C82077,Memantine HCl_Tab 20mg,0411000G0AAADAD,56,64.1459
121,C82077,Paracet_Tab 500mg,0407010H0AAAMAM,260,-0.5227999999999968
122,C82077,Pregabalin_Cap 75mg,0408010AEAAACAC,36,0.17919999999999892
123,C82077,Sevelamer_Tab 800mg,0905022S0AAABAB,1,-0.01960000000000328
124,C82077,Sumatriptan_Tab 50mg,0407041T0AAAFAF,31,0.0
125,C82078,Paracet_Tab 500mg,0407010H0AAAMAM,12,16.9352
126,C82078,Sumatriptan_Tab 50mg,0407041T0AAAFAF,26,2.178
127,C82079,Atorvastatin_Tab 40mg,0212000B0AAACAC,21,22.285199999999996
128,C82079,Paracet_Tab 500mg,0407010H0AAAMAM,116,20.75600000000002
129,C82079,Sumatriptan_Tab 50mg,0407041T0AAAFAF,14,12.971999999999998
130,C82098,Atorvastatin_Tab 10mg,0212000B0AAAAAA,58,11.978400000000002
131,C82098,Atorvastatin_Tab 40mg,0212000B0AAACAC,148,66.89200000000002
132,C82098,Memantine HCl_Tab 20mg,0411000G0AAADAD,4,0.01959999999999998
133,C82098,Paracet_Tab 500mg,0407010H0AAAMAM,12,-0.0671999999999996
134,C82098,Sumatriptan_Tab 50mg,0407041T0AAAFAF,12,0.0
135,C82109,Losartan Pot_Tab 25mg,0205052N0AAAAAA,8,0.002000000000000085
136,C82109,Paracet_Tab 500mg,0407010H0AAAMAM,18,0.0335999999999998
137,C82109,Sumatriptan_Tab 50mg,0407041T0AAAFAF,7,0.0
138,C82112,Atorvastatin_Tab 10mg,0212000B0AAAAAA,1,0.004200000000000023
139,C82112,Atorvastatin_Tab 40mg,0212000B0AAACAC,1,0.004000000000000115
140,C82112,Losartan Pot_Tab 25mg,0205052N0AAAAAA,5,0.012600000000000021
141,C82112,Memantine HCl_Tab 20mg,0411000G0AAADAD,12,0.058799999999999936
142,C82112,Paracet_Tab 500mg,0407010H0AAAMAM,8,0.028799999999999826
143,C82112,Sevelamer_Tab 800mg,0905022S0AAABAB,1,-0.02520000000000422
144,C82112,Sumatriptan_Tab 50mg,0407041T0AAAFAF,10,-0.0039999999999995595
145,C82119,Atorvastatin_Tab 10mg,0212000B0AAAAAA,22,11.6487
146,C82119,Memantine HCl_Tab 20mg,0411000G0AAADAD,2,0.00979999999999999
147,C82119,Paracet_Tab 500mg,0407010H0AAAMAM,10,0.2920000000000028
148,C82119,Sumatriptan_Tab 50mg,0407041T0AAAFAF,2,0.0
149,C82611,Atorvastatin_Tab 10mg,0212000B0AAAAAA,3,0.01260000000000007
150,C82611,Atorvastatin_Tab 40mg,0212000B0AAACAC,1,0.006000000000000172
151,C82611,Memantine HCl_Tab 20mg,0411000G0AAADAD,5,0.023099999999999975
152,C82611,Paracet_Tab 500mg,0407010H0AAAMAM,156,66.5504
153,C82611,Sumatriptan_Tab 50mg,0407041T0AAAFAF,21,0.0031999999999996476
154,C82631,Atorvastatin_Tab 20mg,0212000B0AAABAB,47,90.27759999999999
155,C82631,Paracet_Tab 500mg,0407010H0AAAMAM,104,39.9712
156,C82631,Sumatriptan_Tab 50mg,0407041T0AAAFAF,15,6.503999999999996
157,C82649,Atorvastatin_Tab 10mg,0212000B0AAAAAA,4,0.008400000000000046
158,C82649,Atorvastatin_Tab 20mg,0212000B0AAABAB,205,90.11800000000004
159,C82649,Atorvastatin_Tab 40mg,0212000B0AAACAC,86,22.394400000000008
160,C82649,Losartan Pot_Tab 25mg,0205052N0AAAAAA,32,15.411200000000001
161,C82649,Memantine HCl_Tab 20mg,0411000G0AAADAD,4,0.01959999999999998
162,C82649,Paracet_Tab 500mg,0407010H0AAAMAM,56,-2.015999999999991
163,C82649,Sumatriptan_Tab 50mg,0407041T0AAAFAF,10,0.0
164,Y02077,Atorvastatin_Tab 10mg,0212000B0AAAAAA,1,0.004200000000000023
165,Y02077,Atorvastatin_Tab 20mg,0212000B0AAABAB,1,0.004400000000000015
166,Y02077,Atorvastatin_Tab 40mg,0212000B0AAACAC,2,0.001600000000000018
167,Y02077,Memantine HCl_Tab 20mg,0411000G0AAADAD,1,0.0013999999999999985
168,Y02077,Paracet_Tab 500mg,0407010H0AAAMAM,2,-0.011199999999999932
169,Y02077,Pregabalin_Cap 75mg,0408010AEAAACAC,2,0.008799999999999947
170,Y02077,Sumatriptan_Tab 50mg,0407041T0AAAFAF,3,-0.0032000000000000917
171,Y04973,Sumatriptan_Tab 50mg,0407041T0AAAFAF,1,0.0
172,Y04975,Sumatriptan_Tab 50mg,0407041T0AAAFAF,1,0.0033999999999998476
