,practice_code,bnf_description,bnf_code,items,excess_cost
147,E84018,Phenobarb_Tab 15mg,0408010N0AAAIAI,2,70.608
149,E84008,Risperidone_Tab 6mg,040201030AAAFAF,1,29.2096
150,E84044,Risperidone_Tab 6mg,040201030AAAFAF,1,29.2096
247,E84044,Ropinirole HCl_Tab 5mg,0409010H0AAADAD,1,7.744800000000005
246,E84018,Ropinirole HCl_Tab 5mg,0409010H0AAADAD,1,7.744800000000005
0,E84022,Clonazepam_Tab 500mcg,0408010F0AAABAB,7,6.644399999999987
249,E84024,Topiramate_Tab 200mg,040801050AAACAC,2,4.979999999999998
250,E84039,Topiramate_Tab 200mg,040801050AAACAC,1,4.979999999999998
251,E84069,Topiramate_Tab 200mg,040801050AAACAC,1,4.647999999999998
1,E84009,Clonazepam_Tab 500mcg,0408010F0AAABAB,7,4.429599999999991
2,E84061,Clonazepam_Tab 500mcg,0408010F0AAABAB,4,4.113199999999992
3,E84044,Clonazepam_Tab 500mcg,0408010F0AAABAB,6,3.796799999999992
4,E84014,Clonazepam_Tab 500mcg,0408010F0AAABAB,5,3.559499999999993
5,E84693,Clonazepam_Tab 500mcg,0408010F0AAABAB,1,3.389999999999993
7,E84008,Clonazepam_Tab 500mcg,0408010F0AAABAB,10,3.1639999999999935
6,E84024,Clonazepam_Tab 500mcg,0408010F0AAABAB,5,3.1639999999999935
8,E84058,Clonazepam_Tab 500mcg,0408010F0AAABAB,2,3.050999999999994
364,E84663,Tetrabenazine_Tab 25mg,0409030C0AAAAAA,1,2.998799999999996
9,E84069,Clonazepam_Tab 500mcg,0408010F0AAABAB,3,2.847599999999994
253,E84069,Levothyrox Sod_Tab 12.5mcg,0602010V0AAGHGH,5,2.8000000000000025
151,E84061,Amiodarone HCl_Tab 200mg,0203020D0AAABAB,4,2.8000000000000025
11,E84068,Clonazepam_Tab 500mcg,0408010F0AAABAB,1,2.7119999999999944
10,E84069,Clonazepam_Tab 500mcg,0408010F0AAABAB,4,2.7119999999999944
248,E84680,Ropinirole HCl_Tab 5mg,0409010H0AAADAD,1,2.5816000000000017
15,E84022,Clonazepam_Tab 500mcg,0408010F0AAABAB,4,2.531199999999995
14,E84039,Clonazepam_Tab 500mcg,0408010F0AAABAB,1,2.531199999999995
13,E84024,Clonazepam_Tab 500mcg,0408010F0AAABAB,2,2.531199999999995
12,E84057,Clonazepam_Tab 500mcg,0408010F0AAABAB,8,2.531199999999995
152,E84068,Amiodarone HCl_Tab 200mg,0203020D0AAABAB,7,2.450000000000002
153,E84008,Amiodarone HCl_Tab 200mg,0203020D0AAABAB,7,2.450000000000002
252,E84005,Topiramate_Tab 200mg,040801050AAACAC,1,2.3183999999999996
17,E84057,Clonazepam_Tab 500mcg,0408010F0AAABAB,1,2.2599999999999953
18,E84022,Clonazepam_Tab 500mcg,0408010F0AAABAB,2,2.2599999999999953
16,E84713,Clonazepam_Tab 500mcg,0408010F0AAABAB,1,2.2599999999999953
20,E84601,Clonazepam_Tab 500mcg,0408010F0AAABAB,7,2.2147999999999954
19,E84068,Clonazepam_Tab 500mcg,0408010F0AAABAB,7,2.2147999999999954
154,E84024,Amiodarone HCl_Tab 200mg,0203020D0AAABAB,3,2.100000000000002
365,E84024,Tetrabenazine_Tab 25mg,0409030C0AAAAAA,1,1.9991999999999974
197,E84039,Pyridox HCl_Tab 50mg,0906024N0AAAIAI,1,1.9152000000000005
196,E84005,Pyridox HCl_Tab 50mg,0906024N0AAAIAI,2,1.9152000000000005
26,E84658,Clonazepam_Tab 500mcg,0408010F0AAABAB,3,1.898399999999996
25,E84018,Clonazepam_Tab 500mcg,0408010F0AAABAB,1,1.898399999999996
24,E84061,Clonazepam_Tab 500mcg,0408010F0AAABAB,1,1.898399999999996
23,E84057,Clonazepam_Tab 500mcg,0408010F0AAABAB,12,1.898399999999996
22,E84008,Clonazepam_Tab 500mcg,0408010F0AAABAB,1,1.898399999999996
21,E84058,Clonazepam_Tab 500mcg,0408010F0AAABAB,6,1.898399999999996
27,E84022,Clonazepam_Tab 500mcg,0408010F0AAABAB,1,1.898399999999996
155,E84024,Amiodarone HCl_Tab 200mg,0203020D0AAABAB,5,1.7500000000000016
28,E84053,Clonazepam_Tab 500mcg,0408010F0AAABAB,1,1.6949999999999965
32,E84005,Clonazepam_Tab 500mcg,0408010F0AAABAB,1,1.5819999999999967
31,E84005,Clonazepam_Tab 500mcg,0408010F0AAABAB,5,1.5819999999999967
30,E84024,Clonazepam_Tab 500mcg,0408010F0AAABAB,5,1.5819999999999967
29,E84022,Clonazepam_Tab 500mcg,0408010F0AAABAB,5,1.5819999999999967
34,E84008,Clonazepam_Tab 500mcg,0408010F0AAABAB,1,1.5819999999999967
33,E84693,Clonazepam_Tab 500mcg,0408010F0AAABAB,5,1.5819999999999967
156,E84058,Amiodarone HCl_Tab 200mg,0203020D0AAABAB,17,1.4399
199,E84601,Pyridox HCl_Tab 50mg,0906024N0AAAIAI,1,1.4364000000000003
198,E84014,Pyridox HCl_Tab 50mg,0906024N0AAAIAI,1,1.4364000000000003
157,E84713,Amiodarone HCl_Tab 200mg,0203020D0AAABAB,2,1.4000000000000012
158,E84018,Amiodarone HCl_Tab 200mg,0203020D0AAABAB,2,1.4000000000000012
159,E84069,Amiodarone HCl_Tab 200mg,0203020D0AAABAB,2,1.4000000000000012
160,E84044,Amiodarone HCl_Tab 200mg,0203020D0AAABAB,2,1.4000000000000012
161,E84061,Amiodarone HCl_Tab 200mg,0203020D0AAABAB,4,1.4000000000000012
162,E84005,Amiodarone HCl_Tab 200mg,0203020D0AAABAB,2,1.4000000000000012
163,E84009,Amiodarone HCl_Tab 200mg,0203020D0AAABAB,2,1.4000000000000012
164,E84663,Amiodarone HCl_Tab 200mg,0203020D0AAABAB,2,1.4000000000000012
35,E84658,Clonazepam_Tab 500mcg,0408010F0AAABAB,4,1.3559999999999972
37,E84004,Clonazepam_Tab 500mcg,0408010F0AAABAB,2,1.3559999999999972
36,E84693,Clonazepam_Tab 500mcg,0408010F0AAABAB,1,1.3559999999999972
47,E84058,Clonazepam_Tab 500mcg,0408010F0AAABAB,8,1.2655999999999974
40,E84009,Clonazepam_Tab 500mcg,0408010F0AAABAB,4,1.2655999999999974
41,E84601,Clonazepam_Tab 500mcg,0408010F0AAABAB,2,1.2655999999999974
42,E84018,Clonazepam_Tab 500mcg,0408010F0AAABAB,1,1.2655999999999974
43,E84658,Clonazepam_Tab 500mcg,0408010F0AAABAB,1,1.2655999999999974
44,E84062,Clonazepam_Tab 500mcg,0408010F0AAABAB,2,1.2655999999999974
45,E84014,Clonazepam_Tab 500mcg,0408010F0AAABAB,4,1.2655999999999974
46,E84053,Clonazepam_Tab 500mcg,0408010F0AAABAB,1,1.2655999999999974
49,E84018,Clonazepam_Tab 500mcg,0408010F0AAABAB,2,1.2655999999999974
48,E84004,Clonazepam_Tab 500mcg,0408010F0AAABAB,2,1.2655999999999974
50,E84693,Clonazepam_Tab 500mcg,0408010F0AAABAB,1,1.2655999999999974
51,E84018,Clonazepam_Tab 500mcg,0408010F0AAABAB,4,1.2655999999999974
39,E84061,Clonazepam_Tab 500mcg,0408010F0AAABAB,4,1.2655999999999974
52,Y05080,Clonazepam_Tab 500mcg,0408010F0AAABAB,1,1.2655999999999974
53,E84039,Clonazepam_Tab 500mcg,0408010F0AAABAB,1,1.2655999999999974
54,E84061,Clonazepam_Tab 500mcg,0408010F0AAABAB,1,1.2655999999999974
38,E84069,Clonazepam_Tab 500mcg,0408010F0AAABAB,2,1.2655999999999974
55,E84058,Clonazepam_Tab 500mcg,0408010F0AAABAB,5,1.1864999999999974
57,E84057,Clonazepam_Tab 500mcg,0408010F0AAABAB,1,1.1299999999999977
56,E84617,Clonazepam_Tab 500mcg,0408010F0AAABAB,1,1.1299999999999977
58,E84713,Clonazepam_Tab 500mcg,0408010F0AAABAB,1,1.1299999999999977
59,E84070,Clonazepam_Tab 500mcg,0408010F0AAABAB,1,1.1299999999999977
60,E84663,Clonazepam_Tab 500mcg,0408010F0AAABAB,1,1.1299999999999977
61,E84601,Clonazepam_Tab 500mcg,0408010F0AAABAB,1,1.1299999999999977
257,E84069,Levothyrox Sod_Tab 12.5mcg,0602010V0AAGHGH,4,1.120000000000001
255,E84061,Levothyrox Sod_Tab 12.5mcg,0602010V0AAGHGH,2,1.120000000000001
254,E84057,Levothyrox Sod_Tab 12.5mcg,0602010V0AAGHGH,2,1.120000000000001
256,E84018,Levothyrox Sod_Tab 12.5mcg,0602010V0AAGHGH,2,1.120000000000001
165,E84068,Amiodarone HCl_Tab 200mg,0203020D0AAABAB,13,1.1011
166,E84713,Amiodarone HCl_Tab 200mg,0203020D0AAABAB,3,1.050000000000001
169,E84014,Amiodarone HCl_Tab 200mg,0203020D0AAABAB,3,1.050000000000001
168,E84601,Amiodarone HCl_Tab 200mg,0203020D0AAABAB,3,1.050000000000001
167,E84057,Amiodarone HCl_Tab 200mg,0203020D0AAABAB,3,1.050000000000001
62,E84061,Clonazepam_Tab 500mcg,0408010F0AAABAB,1,1.016999999999998
258,E84057,Levothyrox Sod_Tab 12.5mcg,0602010V0AAGHGH,1,1.0000000000000009
366,E84022,Tetrabenazine_Tab 25mg,0409030C0AAAAAA,1,0.9995999999999987
203,E84018,Pyridox HCl_Tab 50mg,0906024N0AAAIAI,2,0.9576000000000002
202,E84068,Pyridox HCl_Tab 50mg,0906024N0AAAIAI,2,0.9576000000000002
201,E84061,Pyridox HCl_Tab 50mg,0906024N0AAAIAI,1,0.9576000000000002
200,E84004,Pyridox HCl_Tab 50mg,0906024N0AAAIAI,1,0.9576000000000002
69,E84039,Clonazepam_Tab 500mcg,0408010F0AAABAB,1,0.949199999999998
66,Y05080,Clonazepam_Tab 500mcg,0408010F0AAABAB,6,0.949199999999998
63,E84008,Clonazepam_Tab 500mcg,0408010F0AAABAB,1,0.949199999999998
64,E84044,Clonazepam_Tab 500mcg,0408010F0AAABAB,3,0.949199999999998
65,E84018,Clonazepam_Tab 500mcg,0408010F0AAABAB,6,0.949199999999998
67,E84601,Clonazepam_Tab 500mcg,0408010F0AAABAB,2,0.949199999999998
68,E84058,Clonazepam_Tab 500mcg,0408010F0AAABAB,1,0.949199999999998
70,E84676,Clonazepam_Tab 500mcg,0408010F0AAABAB,1,0.949199999999998
71,E84044,Clonazepam_Tab 500mcg,0408010F0AAABAB,1,0.949199999999998
72,E84004,Clonazepam_Tab 500mcg,0408010F0AAABAB,1,0.949199999999998
73,E84008,Clonazepam_Tab 500mcg,0408010F0AAABAB,4,0.949199999999998
74,E84058,Clonazepam_Tab 500mcg,0408010F0AAABAB,11,0.8700999999999982
75,E84693,Clonazepam_Tab 500mcg,0408010F0AAABAB,5,0.7909999999999984
76,E84044,Clonazepam_Tab 500mcg,0408010F0AAABAB,5,0.7909999999999984
77,E84044,Clonazepam_Tab 500mcg,0408010F0AAABAB,3,0.7118999999999985
179,E84053,Amiodarone HCl_Tab 200mg,0203020D0AAABAB,2,0.7000000000000006
174,E84058,Amiodarone HCl_Tab 200mg,0203020D0AAABAB,1,0.7000000000000006
173,E84040,Amiodarone HCl_Tab 200mg,0203020D0AAABAB,2,0.7000000000000006
172,E84004,Amiodarone HCl_Tab 200mg,0203020D0AAABAB,2,0.7000000000000006
171,E84022,Amiodarone HCl_Tab 200mg,0203020D0AAABAB,1,0.7000000000000006
170,E84062,Amiodarone HCl_Tab 200mg,0203020D0AAABAB,2,0.7000000000000006
177,E84057,Amiodarone HCl_Tab 200mg,0203020D0AAABAB,1,0.7000000000000006
178,E84044,Amiodarone HCl_Tab 200mg,0203020D0AAABAB,2,0.7000000000000006
180,E84680,Amiodarone HCl_Tab 200mg,0203020D0AAABAB,1,0.7000000000000006
175,E84004,Amiodarone HCl_Tab 200mg,0203020D0AAABAB,1,0.7000000000000006
176,E84070,Amiodarone HCl_Tab 200mg,0203020D0AAABAB,1,0.7000000000000006
85,E84693,Clonazepam_Tab 500mcg,0408010F0AAABAB,1,0.6779999999999986
78,E84022,Clonazepam_Tab 500mcg,0408010F0AAABAB,1,0.6779999999999986
79,E84601,Clonazepam_Tab 500mcg,0408010F0AAABAB,1,0.6779999999999986
80,E84024,Clonazepam_Tab 500mcg,0408010F0AAABAB,1,0.6779999999999986
81,E84058,Clonazepam_Tab 500mcg,0408010F0AAABAB,2,0.6779999999999986
82,E84058,Clonazepam_Tab 500mcg,0408010F0AAABAB,1,0.6779999999999986
83,E84005,Clonazepam_Tab 500mcg,0408010F0AAABAB,1,0.6779999999999986
84,E84068,Clonazepam_Tab 500mcg,0408010F0AAABAB,1,0.6779999999999986
86,E84044,Clonazepam_Tab 500mcg,0408010F0AAABAB,1,0.6779999999999986
181,E84057,Amiodarone HCl_Tab 200mg,0203020D0AAABAB,8,0.6776
91,E84057,Clonazepam_Tab 500mcg,0408010F0AAABAB,8,0.6327999999999987
94,E84681,Clonazepam_Tab 500mcg,0408010F0AAABAB,2,0.6327999999999987
93,E84009,Clonazepam_Tab 500mcg,0408010F0AAABAB,8,0.6327999999999987
92,E84040,Clonazepam_Tab 500mcg,0408010F0AAABAB,1,0.6327999999999987
97,E84039,Clonazepam_Tab 500mcg,0408010F0AAABAB,2,0.6327999999999987
90,E84068,Clonazepam_Tab 500mcg,0408010F0AAABAB,1,0.6327999999999987
89,E84068,Clonazepam_Tab 500mcg,0408010F0AAABAB,4,0.6327999999999987
87,E84039,Clonazepam_Tab 500mcg,0408010F0AAABAB,1,0.6327999999999987
96,E84008,Clonazepam_Tab 500mcg,0408010F0AAABAB,4,0.6327999999999987
95,E84069,Clonazepam_Tab 500mcg,0408010F0AAABAB,2,0.6327999999999987
88,E84005,Clonazepam_Tab 500mcg,0408010F0AAABAB,1,0.6327999999999987
99,E84004,Clonazepam_Tab 500mcg,0408010F0AAABAB,2,0.6327999999999987
100,Y03218,Clonazepam_Tab 500mcg,0408010F0AAABAB,2,0.6327999999999987
101,E84647,Clonazepam_Tab 500mcg,0408010F0AAABAB,1,0.6327999999999987
102,E84680,Clonazepam_Tab 500mcg,0408010F0AAABAB,1,0.6327999999999987
103,E84061,Clonazepam_Tab 500mcg,0408010F0AAABAB,1,0.6327999999999987
104,E84057,Clonazepam_Tab 500mcg,0408010F0AAABAB,1,0.6327999999999987
105,E84617,Clonazepam_Tab 500mcg,0408010F0AAABAB,1,0.6327999999999987
98,Y05080,Clonazepam_Tab 500mcg,0408010F0AAABAB,2,0.6327999999999987
266,E84068,Aspirin Disper_Tab 75mg,0209000A0AAABAB,223,0.6243999999999962
267,E84068,Aspirin Disper_Tab 75mg,0209000A0AAABAB,223,0.6243999999999962
107,E84008,Clonazepam_Tab 500mcg,0408010F0AAABAB,1,0.5699999999999983
106,E84004,Clonazepam_Tab 500mcg,0408010F0AAABAB,1,0.5699999999999983
268,E84058,Aspirin Disper_Tab 75mg,0209000A0AAABAB,202,0.5655999999999965
269,E84058,Aspirin Disper_Tab 75mg,0209000A0AAABAB,202,0.5655999999999965
261,E84058,Levothyrox Sod_Tab 12.5mcg,0602010V0AAGHGH,1,0.5600000000000005
260,E84663,Levothyrox Sod_Tab 12.5mcg,0602010V0AAGHGH,1,0.5600000000000005
259,E84004,Levothyrox Sod_Tab 12.5mcg,0602010V0AAGHGH,1,0.5600000000000005
270,E84009,Aspirin Disper_Tab 75mg,0209000A0AAABAB,193,0.5403999999999968
271,E84009,Aspirin Disper_Tab 75mg,0209000A0AAABAB,193,0.5403999999999968
108,E84658,Clonazepam_Tab 500mcg,0408010F0AAABAB,1,0.5129999999999985
367,E84057,Tetrabenazine_Tab 25mg,0409030C0AAAAAA,1,0.49979999999999936
204,E84057,Pyridox HCl_Tab 50mg,0906024N0AAAIAI,1,0.4788000000000001
212,E84658,Pyridox HCl_Tab 50mg,0906024N0AAAIAI,1,0.4788000000000001
211,E84044,Pyridox HCl_Tab 50mg,0906024N0AAAIAI,1,0.4788000000000001
210,E84061,Pyridox HCl_Tab 50mg,0906024N0AAAIAI,1,0.4788000000000001
209,E84676,Pyridox HCl_Tab 50mg,0906024N0AAAIAI,1,0.4788000000000001
208,E84024,Pyridox HCl_Tab 50mg,0906024N0AAAIAI,1,0.4788000000000001
207,E84680,Pyridox HCl_Tab 50mg,0906024N0AAAIAI,1,0.4788000000000001
206,E84075,Pyridox HCl_Tab 50mg,0906024N0AAAIAI,1,0.4788000000000001
205,E84039,Pyridox HCl_Tab 50mg,0906024N0AAAIAI,1,0.4788000000000001
109,E84008,Clonazepam_Tab 500mcg,0408010F0AAABAB,1,0.474599999999999
110,E84004,Clonazepam_Tab 500mcg,0408010F0AAABAB,1,0.45199999999999907
272,E84039,Aspirin Disper_Tab 75mg,0209000A0AAABAB,161,0.45079999999999726
273,E84039,Aspirin Disper_Tab 75mg,0209000A0AAABAB,161,0.45079999999999726
111,Y05080,Clonazepam_Tab 500mcg,0408010F0AAABAB,5,0.3954999999999992
184,E84018,Amiodarone HCl_Tab 200mg,0203020D0AAABAB,1,0.3500000000000003
183,E84022,Amiodarone HCl_Tab 200mg,0203020D0AAABAB,1,0.3500000000000003
186,Y05080,Amiodarone HCl_Tab 200mg,0203020D0AAABAB,1,0.3500000000000003
188,E84009,Amiodarone HCl_Tab 200mg,0203020D0AAABAB,1,0.3500000000000003
189,E84069,Amiodarone HCl_Tab 200mg,0203020D0AAABAB,1,0.3500000000000003
190,E84653,Amiodarone HCl_Tab 200mg,0203020D0AAABAB,1,0.3500000000000003
191,E84693,Amiodarone HCl_Tab 200mg,0203020D0AAABAB,1,0.3500000000000003
182,E84005,Amiodarone HCl_Tab 200mg,0203020D0AAABAB,1,0.3500000000000003
185,E84617,Amiodarone HCl_Tab 200mg,0203020D0AAABAB,1,0.3500000000000003
187,E84039,Amiodarone HCl_Tab 200mg,0203020D0AAABAB,1,0.3500000000000003
275,E84061,Aspirin Disper_Tab 75mg,0209000A0AAABAB,122,0.3415999999999979
274,E84061,Aspirin Disper_Tab 75mg,0209000A0AAABAB,122,0.3415999999999979
112,E84044,Clonazepam_Tab 500mcg,0408010F0AAABAB,1,0.3389999999999993
113,E84004,Clonazepam_Tab 500mcg,0408010F0AAABAB,1,0.3389999999999993
114,E84024,Clonazepam_Tab 500mcg,0408010F0AAABAB,1,0.3389999999999993
115,E84008,Clonazepam_Tab 500mcg,0408010F0AAABAB,1,0.3389999999999993
116,E84680,Clonazepam_Tab 500mcg,0408010F0AAABAB,1,0.3389999999999993
117,E84693,Clonazepam_Tab 500mcg,0408010F0AAABAB,1,0.3389999999999993
192,E84061,Amiodarone HCl_Tab 200mg,0203020D0AAABAB,4,0.3388
193,E84040,Amiodarone HCl_Tab 200mg,0203020D0AAABAB,4,0.3388
124,E84024,Clonazepam_Tab 500mcg,0408010F0AAABAB,2,0.31639999999999935
123,E84008,Clonazepam_Tab 500mcg,0408010F0AAABAB,4,0.31639999999999935
122,E84005,Clonazepam_Tab 500mcg,0408010F0AAABAB,2,0.31639999999999935
121,E84044,Clonazepam_Tab 500mcg,0408010F0AAABAB,4,0.31639999999999935
120,E84014,Clonazepam_Tab 500mcg,0408010F0AAABAB,2,0.31639999999999935
119,E84061,Clonazepam_Tab 500mcg,0408010F0AAABAB,4,0.31639999999999935
118,E84713,Clonazepam_Tab 500mcg,0408010F0AAABAB,1,0.31639999999999935
276,E84057,Aspirin Disper_Tab 75mg,0209000A0AAABAB,101,0.2827999999999983
277,E84057,Aspirin Disper_Tab 75mg,0209000A0AAABAB,101,0.2827999999999983
263,E84070,Levothyrox Sod_Tab 12.5mcg,0602010V0AAGHGH,1,0.28000000000000025
262,E84061,Levothyrox Sod_Tab 12.5mcg,0602010V0AAGHGH,1,0.28000000000000025
264,E84068,Levothyrox Sod_Tab 12.5mcg,0602010V0AAGHGH,1,0.28000000000000025
265,E84018,Levothyrox Sod_Tab 12.5mcg,0602010V0AAGHGH,1,0.28000000000000025
125,E84004,Clonazepam_Tab 500mcg,0408010F0AAABAB,1,0.2799999999999997
279,E84044,Aspirin Disper_Tab 75mg,0209000A0AAABAB,94,0.26319999999999844
278,E84044,Aspirin Disper_Tab 75mg,0209000A0AAABAB,94,0.26319999999999844
213,E84008,Pyridox HCl_Tab 50mg,0906024N0AAAIAI,4,0.2624000000000013
194,E84647,Amiodarone HCl_Tab 200mg,0203020D0AAABAB,3,0.2541
214,E84005,Pyridox HCl_Tab 50mg,0906024N0AAAIAI,1,0.23940000000000006
126,E84039,Clonazepam_Tab 500mcg,0408010F0AAABAB,3,0.2372999999999995
281,E84004,Aspirin Disper_Tab 75mg,0209000A0AAABAB,84,0.23519999999999858
280,E84004,Aspirin Disper_Tab 75mg,0209000A0AAABAB,84,0.23519999999999858
127,E84009,Clonazepam_Tab 500mcg,0408010F0AAABAB,2,0.23199999999999998
128,E84713,Clonazepam_Tab 500mcg,0408010F0AAABAB,1,0.22199999999999998
129,E84024,Clonazepam_Tab 500mcg,0408010F0AAABAB,1,0.22199999999999998
130,E84039,Clonazepam_Tab 500mcg,0408010F0AAABAB,1,0.22199999999999998
131,E84057,Clonazepam_Tab 500mcg,0408010F0AAABAB,1,0.22199999999999998
132,E84009,Clonazepam_Tab 500mcg,0408010F0AAABAB,1,0.22199999999999998
133,E84068,Clonazepam_Tab 500mcg,0408010F0AAABAB,5,0.21199999999999997
283,E84018,Aspirin Disper_Tab 75mg,0209000A0AAABAB,66,0.18479999999999888
282,E84018,Aspirin Disper_Tab 75mg,0209000A0AAABAB,66,0.18479999999999888
134,E84057,Clonazepam_Tab 500mcg,0408010F0AAABAB,1,0.1791999999999998
136,E84061,Clonazepam_Tab 500mcg,0408010F0AAABAB,1,0.174
135,E84009,Clonazepam_Tab 500mcg,0408010F0AAABAB,1,0.174
215,E84009,Pyridox HCl_Tab 50mg,0906024N0AAAIAI,8,0.17120000000000068
137,E84039,Clonazepam_Tab 500mcg,0408010F0AAABAB,4,0.16959999999999997
284,E84008,Aspirin Disper_Tab 75mg,0209000A0AAABAB,60,0.16799999999999898
285,E84008,Aspirin Disper_Tab 75mg,0209000A0AAABAB,60,0.16799999999999898
139,E84653,Clonazepam_Tab 500mcg,0408010F0AAABAB,1,0.15819999999999967
138,E84075,Clonazepam_Tab 500mcg,0408010F0AAABAB,1,0.15819999999999967
141,E84061,Clonazepam_Tab 500mcg,0408010F0AAABAB,1,0.15819999999999967
140,E84039,Clonazepam_Tab 500mcg,0408010F0AAABAB,1,0.15819999999999967
195,E84713,Amiodarone HCl_Tab 200mg,0203020D0AAABAB,1,0.14880000000000027
286,E84040,Aspirin Disper_Tab 75mg,0209000A0AAABAB,52,0.14559999999999912
287,E84040,Aspirin Disper_Tab 75mg,0209000A0AAABAB,52,0.14559999999999912
222,E84713,Pyridox HCl_Tab 50mg,0906024N0AAAIAI,1,0.1416000000000004
216,E84009,Pyridox HCl_Tab 50mg,0906024N0AAAIAI,1,0.1416000000000004
217,E84058,Pyridox HCl_Tab 50mg,0906024N0AAAIAI,1,0.1416000000000004
218,E84601,Pyridox HCl_Tab 50mg,0906024N0AAAIAI,1,0.1416000000000004
219,E84646,Pyridox HCl_Tab 50mg,0906024N0AAAIAI,1,0.1416000000000004
220,E84022,Pyridox HCl_Tab 50mg,0906024N0AAAIAI,1,0.1416000000000004
221,E84044,Pyridox HCl_Tab 50mg,0906024N0AAAIAI,1,0.1416000000000004
224,E84018,Pyridox HCl_Tab 50mg,0906024N0AAAIAI,1,0.1416000000000004
223,E84039,Pyridox HCl_Tab 50mg,0906024N0AAAIAI,1,0.1416000000000004
225,E84681,Pyridox HCl_Tab 50mg,0906024N0AAAIAI,1,0.1416000000000004
226,E84062,Pyridox HCl_Tab 50mg,0906024N0AAAIAI,2,0.13120000000000065
228,E84014,Pyridox HCl_Tab 50mg,0906024N0AAAIAI,2,0.13120000000000065
229,E84068,Pyridox HCl_Tab 50mg,0906024N0AAAIAI,2,0.13120000000000065
230,E84658,Pyridox HCl_Tab 50mg,0906024N0AAAIAI,2,0.13120000000000065
231,E84022,Pyridox HCl_Tab 50mg,0906024N0AAAIAI,2,0.13120000000000065
227,E84057,Pyridox HCl_Tab 50mg,0906024N0AAAIAI,2,0.13120000000000065
288,E84601,Aspirin Disper_Tab 75mg,0209000A0AAABAB,42,0.11759999999999929
289,E84601,Aspirin Disper_Tab 75mg,0209000A0AAABAB,42,0.11759999999999929
142,E84044,Clonazepam_Tab 500mcg,0408010F0AAABAB,1,0.11599999999999999
290,E84070,Aspirin Disper_Tab 75mg,0209000A0AAABAB,38,0.10639999999999936
291,E84070,Aspirin Disper_Tab 75mg,0209000A0AAABAB,38,0.10639999999999936
292,E84653,Aspirin Disper_Tab 75mg,0209000A0AAABAB,37,0.10359999999999937
293,E84680,Aspirin Disper_Tab 75mg,0209000A0AAABAB,37,0.10359999999999937
294,E84062,Aspirin Disper_Tab 75mg,0209000A0AAABAB,37,0.10359999999999937
295,E84653,Aspirin Disper_Tab 75mg,0209000A0AAABAB,37,0.10359999999999937
296,E84680,Aspirin Disper_Tab 75mg,0209000A0AAABAB,37,0.10359999999999937
297,E84062,Aspirin Disper_Tab 75mg,0209000A0AAABAB,37,0.10359999999999937
298,E84005,Aspirin Disper_Tab 75mg,0209000A0AAABAB,35,0.09799999999999941
299,E84005,Aspirin Disper_Tab 75mg,0209000A0AAABAB,35,0.09799999999999941
232,E84024,Pyridox HCl_Tab 50mg,0906024N0AAAIAI,4,0.08560000000000034
233,E84058,Pyridox HCl_Tab 50mg,0906024N0AAAIAI,4,0.08560000000000034
143,E84024,Clonazepam_Tab 500mcg,0408010F0AAABAB,2,0.08479999999999999
301,Y05080,Aspirin Disper_Tab 75mg,0209000A0AAABAB,30,0.08399999999999949
300,Y05080,Aspirin Disper_Tab 75mg,0209000A0AAABAB,30,0.08399999999999949
144,E84018,Clonazepam_Tab 500mcg,0408010F0AAABAB,1,0.07909999999999984
303,E84693,Aspirin Disper_Tab 75mg,0209000A0AAABAB,28,0.07839999999999953
302,E84693,Aspirin Disper_Tab 75mg,0209000A0AAABAB,28,0.07839999999999953
305,E84647,Aspirin Disper_Tab 75mg,0209000A0AAABAB,25,0.06999999999999958
304,E84647,Aspirin Disper_Tab 75mg,0209000A0AAABAB,25,0.06999999999999958
237,E84053,Pyridox HCl_Tab 50mg,0906024N0AAAIAI,1,0.06560000000000032
236,E84601,Pyridox HCl_Tab 50mg,0906024N0AAAIAI,1,0.06560000000000032
245,E84024,Pyridox HCl_Tab 50mg,0906024N0AAAIAI,1,0.06560000000000032
234,E84061,Pyridox HCl_Tab 50mg,0906024N0AAAIAI,1,0.06560000000000032
238,E84617,Pyridox HCl_Tab 50mg,0906024N0AAAIAI,1,0.06560000000000032
239,E84040,Pyridox HCl_Tab 50mg,0906024N0AAAIAI,1,0.06560000000000032
240,Y05080,Pyridox HCl_Tab 50mg,0906024N0AAAIAI,1,0.06560000000000032
241,E84069,Pyridox HCl_Tab 50mg,0906024N0AAAIAI,1,0.06560000000000032
242,E84713,Pyridox HCl_Tab 50mg,0906024N0AAAIAI,1,0.06560000000000032
243,E84680,Pyridox HCl_Tab 50mg,0906024N0AAAIAI,1,0.06560000000000032
244,E84663,Pyridox HCl_Tab 50mg,0906024N0AAAIAI,1,0.06560000000000032
235,E84018,Pyridox HCl_Tab 50mg,0906024N0AAAIAI,1,0.06560000000000032
306,E84024,Aspirin Disper_Tab 75mg,0209000A0AAABAB,22,0.06159999999999963
307,E84024,Aspirin Disper_Tab 75mg,0209000A0AAABAB,22,0.06159999999999963
308,E84053,Aspirin Disper_Tab 75mg,0209000A0AAABAB,21,0.058799999999999644
309,E84053,Aspirin Disper_Tab 75mg,0209000A0AAABAB,21,0.058799999999999644
310,E84075,Aspirin Disper_Tab 75mg,0209000A0AAABAB,20,0.05599999999999966
311,E84075,Aspirin Disper_Tab 75mg,0209000A0AAABAB,20,0.05599999999999966
312,E84681,Aspirin Disper_Tab 75mg,0209000A0AAABAB,18,0.050399999999999695
313,E84676,Aspirin Disper_Tab 75mg,0209000A0AAABAB,18,0.050399999999999695
314,E84676,Aspirin Disper_Tab 75mg,0209000A0AAABAB,18,0.050399999999999695
315,E84681,Aspirin Disper_Tab 75mg,0209000A0AAABAB,18,0.050399999999999695
145,E84009,Clonazepam_Tab 500mcg,0408010F0AAABAB,1,0.04239999999999999
316,E84663,Aspirin Disper_Tab 75mg,0209000A0AAABAB,15,0.041999999999999746
317,E84663,Aspirin Disper_Tab 75mg,0209000A0AAABAB,15,0.041999999999999746
321,E84014,Aspirin Disper_Tab 75mg,0209000A0AAABAB,14,0.03919999999999976
320,E84014,Aspirin Disper_Tab 75mg,0209000A0AAABAB,14,0.03919999999999976
319,E84008,Aspirin Disper_Tab 75mg,0209000A0AAABAB,7,0.03919999999999976
318,E84008,Aspirin Disper_Tab 75mg,0209000A0AAABAB,7,0.03919999999999976
322,E84068,Aspirin Disper_Tab 75mg,0209000A0AAABAB,4,0.022399999999999864
323,E84018,Aspirin Disper_Tab 75mg,0209000A0AAABAB,4,0.022399999999999864
324,E84068,Aspirin Disper_Tab 75mg,0209000A0AAABAB,4,0.022399999999999864
325,E84681,Aspirin Disper_Tab 75mg,0209000A0AAABAB,4,0.022399999999999864
326,E84018,Aspirin Disper_Tab 75mg,0209000A0AAABAB,4,0.022399999999999864
327,E84681,Aspirin Disper_Tab 75mg,0209000A0AAABAB,4,0.022399999999999864
146,E84069,Clonazepam_Tab 500mcg,0408010F0AAABAB,1,0.021199999999999997
329,E84014,Aspirin Disper_Tab 75mg,0209000A0AAABAB,3,0.0167999999999999
328,E84014,Aspirin Disper_Tab 75mg,0209000A0AAABAB,3,0.0167999999999999
332,E84057,Aspirin Disper_Tab 75mg,0209000A0AAABAB,2,0.011199999999999932
333,E84069,Aspirin Disper_Tab 75mg,0209000A0AAABAB,2,0.011199999999999932
330,E84057,Aspirin Disper_Tab 75mg,0209000A0AAABAB,2,0.011199999999999932
331,E84658,Aspirin Disper_Tab 75mg,0209000A0AAABAB,2,0.011199999999999932
335,E84658,Aspirin Disper_Tab 75mg,0209000A0AAABAB,2,0.011199999999999932
334,E84069,Aspirin Disper_Tab 75mg,0209000A0AAABAB,2,0.011199999999999932
337,Y03218,Aspirin Disper_Tab 75mg,0209000A0AAABAB,2,0.005599999999999966
338,E84646,Aspirin Disper_Tab 75mg,0209000A0AAABAB,1,0.005599999999999966
339,E84022,Aspirin Disper_Tab 75mg,0209000A0AAABAB,1,0.005599999999999966
340,E84062,Aspirin Disper_Tab 75mg,0209000A0AAABAB,1,0.005599999999999966
341,E84009,Aspirin Disper_Tab 75mg,0209000A0AAABAB,1,0.005599999999999966
343,E84022,Aspirin Disper_Tab 75mg,0209000A0AAABAB,1,0.005599999999999966
344,E84024,Aspirin Disper_Tab 75mg,0209000A0AAABAB,1,0.005599999999999966
345,Y03218,Aspirin Disper_Tab 75mg,0209000A0AAABAB,2,0.005599999999999966
346,E84009,Aspirin Disper_Tab 75mg,0209000A0AAABAB,1,0.005599999999999966
347,E84062,Aspirin Disper_Tab 75mg,0209000A0AAABAB,1,0.005599999999999966
336,E84646,Aspirin Disper_Tab 75mg,0209000A0AAABAB,1,0.005599999999999966
342,E84024,Aspirin Disper_Tab 75mg,0209000A0AAABAB,1,0.005599999999999966
353,E84658,Aspirin Disper_Tab 75mg,0209000A0AAABAB,1,0.002999999999999982
350,E84069,Aspirin Disper_Tab 75mg,0209000A0AAABAB,1,0.002999999999999982
352,E84658,Aspirin Disper_Tab 75mg,0209000A0AAABAB,1,0.002999999999999982
351,E84062,Aspirin Disper_Tab 75mg,0209000A0AAABAB,1,0.002999999999999982
349,E84062,Aspirin Disper_Tab 75mg,0209000A0AAABAB,1,0.002999999999999982
348,E84069,Aspirin Disper_Tab 75mg,0209000A0AAABAB,1,0.002999999999999982
354,E84057,Aspirin Disper_Tab 75mg,0209000A0AAABAB,1,0.0017999999999999995
355,E84057,Aspirin Disper_Tab 75mg,0209000A0AAABAB,1,0.0017999999999999995
356,E84713,Aspirin Disper_Tab 75mg,0209000A0AAABAB,1,0.0011999999999999927
357,E84713,Aspirin Disper_Tab 75mg,0209000A0AAABAB,1,0.0011999999999999927
148,Y06205,Phenobarb_Tab 15mg,0408010N0AAAIAI,1,-0.0014999999999998348
358,E84057,Aspirin Disper_Tab 75mg,0209000A0AAABAB,1,-0.001999999999999988
359,E84057,Aspirin Disper_Tab 75mg,0209000A0AAABAB,1,-0.001999999999999988
360,Y05080,Aspirin Disper_Tab 75mg,0209000A0AAABAB,1,-0.003999999999999976
361,Y05080,Aspirin Disper_Tab 75mg,0209000A0AAABAB,1,-0.003999999999999976
362,E84061,Aspirin Disper_Tab 75mg,0209000A0AAABAB,2,-0.005599999999999994
363,E84061,Aspirin Disper_Tab 75mg,0209000A0AAABAB,2,-0.005599999999999994
