,practice_code,bnf_description,bnf_code,items,excess_cost
14,C83649,Pregabalin_Cap 100mg,0408010AEAAADAD,2,170.7048
185,C83040,Sumatriptan_Tab 100mg,0407041T0AAACAC,1,135.702
24,C83008,Memantine HCl_Tab 20mg,0411000G0AAADAD,1,127.79760000000002
251,C83080,Azithromycin_Tab 250mg,0501050A0AAAGAG,2,120.67999999999999
240,C83013,Losartan Pot_Tab 25mg,0205052N0AAAAAA,51,108.2424
0,C83008,Paracet_Tab Solb 500mg,0407010H0AAAQAQ,4,82.34240000000001
1,C83008,Paracet_Tab Solb 500mg,0407010H0AAAQAQ,4,82.34240000000001
32,C83013,Sertraline HCl_Tab 100mg,0403030Q0AAABAB,45,81.018
3,C83008,Paracet_Tab Solb 500mg,0407010H0AAAQAQ,1,73.48000000000002
2,C83008,Paracet_Tab Solb 500mg,0407010H0AAAQAQ,1,73.48000000000002
57,C83013,Prednisolone_Tab 5mg,0603020T0AAACAC,11,73.30400000000002
25,C83008,Memantine HCl_Tab 20mg,0411000G0AAADAD,2,63.9016
26,C83040,Memantine HCl_Tab 20mg,0411000G0AAADAD,15,63.882000000000005
15,C83649,Pregabalin_Cap 100mg,0408010AEAAADAD,1,56.9016
33,C83013,Sertraline HCl_Tab 100mg,0403030Q0AAABAB,13,54.0176
58,C83013,Prednisolone_Tab 5mg,0603020T0AAACAC,8,39.264
59,C83013,Prednisolone_Tab 5mg,0603020T0AAACAC,1,39.263999999999996
16,C83649,Pregabalin_Cap 100mg,0408010AEAAADAD,1,28.4508
60,C83013,Prednisolone_Tab 5mg,0603020T0AAACAC,17,27.465199999999996
61,C83023,Prednisolone_Tab 5mg,0603020T0AAACAC,7,27.4596
34,C83649,Sertraline HCl_Tab 100mg,0403030Q0AAABAB,35,26.949999999999996
35,C83075,Sertraline HCl_Tab 100mg,0403030Q0AAABAB,64,26.88
36,C83023,Sertraline HCl_Tab 100mg,0403030Q0AAABAB,111,26.72880000000001
241,C83013,Losartan Pot_Tab 25mg,0205052N0AAAAAA,11,23.2463
78,C83075,Paracet_Tab 500mg,0407010H0AAAMAM,124,19.84000000000001
77,C83075,Paracet_Tab 500mg,0407010H0AAAMAM,124,19.84000000000001
190,Y03487,Buprenorphine_Tab Subling 400mcg S/F,0410030A0AAACAC,12,18.2784
191,Y03487,Buprenorphine_Tab Subling 400mcg S/F,0410030A0AAACAC,15,17.136000000000003
192,Y03487,Buprenorphine_Tab Subling 400mcg S/F,0410030A0AAACAC,21,15.9936
79,C83080,Paracet_Tab 500mg,0407010H0AAAMAM,11,12.979999999999999
80,C83080,Paracet_Tab 500mg,0407010H0AAAMAM,11,12.979999999999999
82,C82076,Paracet_Tab 500mg,0407010H0AAAMAM,19,12.920000000000002
81,C82076,Paracet_Tab 500mg,0407010H0AAAMAM,19,12.920000000000002
186,C83013,Sumatriptan_Tab 100mg,0407041T0AAACAC,15,12.132000000000003
193,Y03488,Buprenorphine_Tab Subling 400mcg S/F,0410030A0AAACAC,6,11.424000000000001
194,Y03488,Buprenorphine_Tab Subling 400mcg S/F,0410030A0AAACAC,15,11.424000000000001
195,Y03488,Buprenorphine_Tab Subling 400mcg S/F,0410030A0AAACAC,9,10.281600000000001
83,C83040,Paracet_Tab 500mg,0407010H0AAAMAM,202,10.100000000000009
84,C83040,Paracet_Tab 500mg,0407010H0AAAMAM,202,10.100000000000009
86,C83013,Paracet_Tab 500mg,0407010H0AAAMAM,21,10.080000000000013
85,C83013,Paracet_Tab 500mg,0407010H0AAAMAM,21,10.080000000000013
88,C82076,Paracet_Tab 500mg,0407010H0AAAMAM,1,8.4672
87,C82076,Paracet_Tab 500mg,0407010H0AAAMAM,1,8.4672
196,Y03488,Buprenorphine_Tab Subling 400mcg S/F,0410030A0AAACAC,5,7.6160000000000005
62,C83013,Prednisolone_Tab 5mg,0603020T0AAACAC,15,6.940499999999999
197,Y03489,Buprenorphine_Tab Subling 400mcg S/F,0410030A0AAACAC,4,6.0928
187,C83023,Sumatriptan_Tab 100mg,0407041T0AAACAC,5,5.7840000000000025
198,Y03487,Buprenorphine_Tab Subling 400mcg S/F,0410030A0AAACAC,4,5.678399999999998
89,C83008,Paracet_Tab 500mg,0407010H0AAAMAM,9,5.644800000000001
90,C83008,Paracet_Tab 500mg,0407010H0AAAMAM,9,5.644800000000001
92,C83080,Paracet_Tab 500mg,0407010H0AAAMAM,77,5.389999999999994
91,C83080,Paracet_Tab 500mg,0407010H0AAAMAM,77,5.389999999999994
199,Y03487,Buprenorphine_Tab Subling 400mcg S/F,0410030A0AAACAC,14,5.331200000000001
94,C83013,Paracet_Tab 500mg,0407010H0AAAMAM,30,5.1000000000000005
93,C83013,Paracet_Tab 500mg,0407010H0AAAMAM,30,5.1000000000000005
96,C82076,Paracet_Tab 500mg,0407010H0AAAMAM,100,5.000000000000004
95,C82076,Paracet_Tab 500mg,0407010H0AAAMAM,100,5.000000000000004
200,Y03487,Buprenorphine_Tab Subling 400mcg S/F,0410030A0AAACAC,2,4.5696
201,Y03488,Buprenorphine_Tab Subling 400mcg S/F,0410030A0AAACAC,8,3.0464
188,C83075,Sumatriptan_Tab 100mg,0407041T0AAACAC,7,2.889599999999999
202,Y03488,Buprenorphine_Tab Subling 400mcg S/F,0410030A0AAACAC,2,2.1138000000000012
203,Y03487,Buprenorphine_Tab Subling 400mcg S/F,0410030A0AAACAC,3,2.1138000000000012
97,C83040,Paracet_Tab 500mg,0407010H0AAAMAM,103,2.0599999999999876
98,C83040,Paracet_Tab 500mg,0407010H0AAAMAM,103,2.0599999999999876
99,C83040,Paracet_Tab 500mg,0407010H0AAAMAM,26,1.5288000000000008
100,C83040,Paracet_Tab 500mg,0407010H0AAAMAM,26,1.5288000000000008
204,Y03489,Buprenorphine_Tab Subling 400mcg S/F,0410030A0AAACAC,2,1.5232
205,Y03488,Buprenorphine_Tab Subling 400mcg S/F,0410030A0AAACAC,1,1.4195999999999995
206,Y03488,Buprenorphine_Tab Subling 400mcg S/F,0410030A0AAACAC,2,1.4092000000000007
207,Y03488,Buprenorphine_Tab Subling 400mcg S/F,0410030A0AAACAC,1,1.1968
209,Y03489,Buprenorphine_Tab Subling 400mcg S/F,0410030A0AAACAC,1,1.1424
208,Y03489,Buprenorphine_Tab Subling 400mcg S/F,0410030A0AAACAC,3,1.1424
210,Y03487,Buprenorphine_Tab Subling 400mcg S/F,0410030A0AAACAC,1,1.0840000000000005
102,C83013,Paracet_Tab 500mg,0407010H0AAAMAM,24,1.0752000000000121
101,C83013,Paracet_Tab 500mg,0407010H0AAAMAM,24,1.0752000000000121
211,Y03489,Buprenorphine_Tab Subling 400mcg S/F,0410030A0AAACAC,1,1.0569000000000006
212,Y03488,Buprenorphine_Tab Subling 400mcg S/F,0410030A0AAACAC,1,0.9520000000000001
213,Y03488,Buprenorphine_Tab Subling 400mcg S/F,0410030A0AAACAC,4,0.7616
214,C83011,Buprenorphine_Tab Subling 400mcg S/F,0410030A0AAACAC,1,0.7616
215,Y03487,Buprenorphine_Tab Subling 400mcg S/F,0410030A0AAACAC,1,0.6576000000000002
216,Y03487,Buprenorphine_Tab Subling 400mcg S/F,0410030A0AAACAC,2,0.6456000000000002
217,Y03487,Buprenorphine_Tab Subling 400mcg S/F,0410030A0AAACAC,1,0.5712
242,C83040,Losartan Pot_Tab 25mg,0205052N0AAAAAA,38,0.4256000000000011
104,C82076,Paracet_Tab 500mg,0407010H0AAAMAM,1,0.3552
103,C82076,Paracet_Tab 500mg,0407010H0AAAMAM,1,0.3552
218,Y03488,Buprenorphine_Tab Subling 400mcg S/F,0410030A0AAACAC,1,0.3228000000000001
219,Y03488,Buprenorphine_Tab Subling 400mcg S/F,0410030A0AAACAC,1,0.27599999999999986
220,Y03487,Buprenorphine_Tab Subling 400mcg S/F,0410030A0AAACAC,1,0.21920000000000006
27,C83040,Memantine HCl_Tab 20mg,0411000G0AAADAD,40,0.19599999999999979
221,Y03487,Buprenorphine_Tab Subling 400mcg S/F,0410030A0AAACAC,1,0.1904
105,C83011,Paracet_Tab 500mg,0407010H0AAAMAM,30,0.1799999999999989
106,C83011,Paracet_Tab 500mg,0407010H0AAAMAM,30,0.1799999999999989
222,Y03487,Buprenorphine_Tab Subling 400mcg S/F,0410030A0AAACAC,1,0.16140000000000004
37,C83023,Sertraline HCl_Tab 100mg,0403030Q0AAABAB,63,0.13230000000000072
38,C83023,Sertraline HCl_Tab 100mg,0403030Q0AAABAB,25,0.10500000000000058
223,Y03487,Buprenorphine_Tab Subling 400mcg S/F,0410030A0AAACAC,1,0.10440000000000005
39,C83040,Sertraline HCl_Tab 100mg,0403030Q0AAABAB,47,0.09870000000000054
107,Y01652,Paracet_Tab 500mg,0407010H0AAAMAM,16,0.0671999999999996
108,Y01652,Paracet_Tab 500mg,0407010H0AAAMAM,16,0.0671999999999996
40,C83030,Sertraline HCl_Tab 100mg,0403030Q0AAABAB,28,0.058800000000000324
224,Y03487,Buprenorphine_Tab Subling 400mcg S/F,0410030A0AAACAC,1,0.05720000000000003
110,Y01652,Paracet_Tab 500mg,0407010H0AAAMAM,20,0.05599999999999966
109,Y01652,Paracet_Tab 500mg,0407010H0AAAMAM,20,0.05599999999999966
243,Y01652,Losartan Pot_Tab 25mg,0205052N0AAAAAA,25,0.05250000000000029
17,C83023,Pregabalin_Cap 100mg,0408010AEAAADAD,8,0.050400000000001444
63,C83023,Prednisolone_Tab 5mg,0603020T0AAACAC,9,0.04409999999999995
29,C83020,Memantine HCl_Tab 20mg,0411000G0AAADAD,8,0.03919999999999996
28,C83023,Memantine HCl_Tab 20mg,0411000G0AAADAD,8,0.03919999999999996
244,C82076,Losartan Pot_Tab 25mg,0205052N0AAAAAA,17,0.0357000000000002
245,C83023,Losartan Pot_Tab 25mg,0205052N0AAAAAA,16,0.033600000000000185
41,C83040,Sertraline HCl_Tab 100mg,0403030Q0AAABAB,7,0.029400000000000162
64,Y01652,Prednisolone_Tab 5mg,0603020T0AAACAC,6,0.029399999999999968
65,C83040,Prednisolone_Tab 5mg,0603020T0AAACAC,6,0.029399999999999968
111,Y01652,Paracet_Tab 500mg,0407010H0AAAMAM,20,0.02799999999999983
112,Y01652,Paracet_Tab 500mg,0407010H0AAAMAM,20,0.02799999999999983
18,C83080,Pregabalin_Cap 100mg,0408010AEAAADAD,4,0.025200000000000722
247,C83024,Losartan Pot_Tab 25mg,0205052N0AAAAAA,12,0.02520000000000014
246,C83040,Losartan Pot_Tab 25mg,0205052N0AAAAAA,12,0.02520000000000014
66,C83020,Prednisolone_Tab 5mg,0603020T0AAACAC,5,0.024499999999999973
42,C83020,Sertraline HCl_Tab 100mg,0403030Q0AAABAB,11,0.023100000000000127
116,C83030,Paracet_Tab 500mg,0407010H0AAAMAM,8,0.022399999999999864
115,C83030,Paracet_Tab 500mg,0407010H0AAAMAM,8,0.022399999999999864
114,C83628,Paracet_Tab 500mg,0407010H0AAAMAM,8,0.022399999999999864
113,C83628,Paracet_Tab 500mg,0407010H0AAAMAM,8,0.022399999999999864
43,Y01652,Sertraline HCl_Tab 100mg,0403030Q0AAABAB,5,0.021000000000000116
225,Y03487,Buprenorphine_Tab Subling 400mcg S/F,0410030A0AAACAC,4,0.02079999999999771
20,C83040,Pregabalin_Cap 100mg,0408010AEAAADAD,4,0.019600000000000173
19,C83023,Pregabalin_Cap 100mg,0408010AEAAADAD,4,0.019600000000000173
67,C83030,Prednisolone_Tab 5mg,0603020T0AAACAC,4,0.01959999999999998
30,C83030,Memantine HCl_Tab 20mg,0411000G0AAADAD,4,0.01959999999999998
118,C83080,Paracet_Tab 500mg,0407010H0AAAMAM,3,0.01799999999999989
117,C83080,Paracet_Tab 500mg,0407010H0AAAMAM,3,0.01799999999999989
44,C83013,Sertraline HCl_Tab 100mg,0403030Q0AAABAB,4,0.016800000000000093
126,C83023,Paracet_Tab 500mg,0407010H0AAAMAM,4,0.0167999999999999
125,C83030,Paracet_Tab 500mg,0407010H0AAAMAM,4,0.0167999999999999
124,C83040,Paracet_Tab 500mg,0407010H0AAAMAM,4,0.0167999999999999
123,C83040,Paracet_Tab 500mg,0407010H0AAAMAM,4,0.0167999999999999
122,C83023,Paracet_Tab 500mg,0407010H0AAAMAM,4,0.0167999999999999
121,C83653,Paracet_Tab 500mg,0407010H0AAAMAM,4,0.0167999999999999
120,C83030,Paracet_Tab 500mg,0407010H0AAAMAM,4,0.0167999999999999
119,C83653,Paracet_Tab 500mg,0407010H0AAAMAM,4,0.0167999999999999
45,C83048,Sertraline HCl_Tab 100mg,0403030Q0AAABAB,4,0.01560000000000003
128,C83040,Paracet_Tab 500mg,0407010H0AAAMAM,11,0.015399999999999907
127,C83040,Paracet_Tab 500mg,0407010H0AAAMAM,11,0.015399999999999907
21,C83040,Pregabalin_Cap 100mg,0408010AEAAADAD,2,0.012600000000000361
129,C83020,Paracet_Tab 500mg,0407010H0AAAMAM,9,0.012599999999999924
68,C83020,Prednisolone_Tab 5mg,0603020T0AAACAC,3,0.012599999999999924
130,C83020,Paracet_Tab 500mg,0407010H0AAAMAM,9,0.012599999999999924
131,C82076,Paracet_Tab 500mg,0407010H0AAAMAM,2,0.011999999999999927
132,C83011,Paracet_Tab 500mg,0407010H0AAAMAM,4,0.011999999999999927
133,C83048,Paracet_Tab 500mg,0407010H0AAAMAM,2,0.011999999999999927
134,C83048,Paracet_Tab 500mg,0407010H0AAAMAM,2,0.011999999999999927
135,C83011,Paracet_Tab 500mg,0407010H0AAAMAM,4,0.011999999999999927
136,C82076,Paracet_Tab 500mg,0407010H0AAAMAM,2,0.011999999999999927
138,C83020,Paracet_Tab 500mg,0407010H0AAAMAM,4,0.011199999999999932
137,C83020,Paracet_Tab 500mg,0407010H0AAAMAM,4,0.011199999999999932
252,C83023,Azithromycin_Tab 250mg,0501050A0AAAGAG,4,0.009600000000000275
253,Y01652,Azithromycin_Tab 250mg,0501050A0AAAGAG,4,0.009600000000000275
254,C83030,Azithromycin_Tab 250mg,0501050A0AAAGAG,4,0.009600000000000275
248,C83030,Losartan Pot_Tab 25mg,0205052N0AAAAAA,4,0.008400000000000046
46,Y01652,Sertraline HCl_Tab 100mg,0403030Q0AAABAB,4,0.008400000000000046
255,C83011,Azithromycin_Tab 250mg,0501050A0AAAGAG,3,0.007200000000000206
256,C83024,Azithromycin_Tab 250mg,0501050A0AAAGAG,3,0.007200000000000206
69,C83080,Prednisolone_Tab 5mg,0603020T0AAACAC,1,0.006499999999999961
72,C83075,Prednisolone_Tab 5mg,0603020T0AAACAC,1,0.006299999999999962
70,C83008,Prednisolone_Tab 5mg,0603020T0AAACAC,1,0.006299999999999962
71,C83080,Prednisolone_Tab 5mg,0603020T0AAACAC,1,0.006299999999999962
22,C83011,Pregabalin_Cap 100mg,0408010AEAAADAD,1,0.006000000000000172
143,C83653,Paracet_Tab 500mg,0407010H0AAAMAM,1,0.005999999999999964
144,C83653,Paracet_Tab 500mg,0407010H0AAAMAM,1,0.005999999999999964
142,C83030,Paracet_Tab 500mg,0407010H0AAAMAM,1,0.005999999999999964
139,C83023,Paracet_Tab 500mg,0407010H0AAAMAM,1,0.005999999999999964
141,C83030,Paracet_Tab 500mg,0407010H0AAAMAM,1,0.005999999999999964
140,C83023,Paracet_Tab 500mg,0407010H0AAAMAM,1,0.005999999999999964
73,Y01652,Prednisolone_Tab 5mg,0603020T0AAACAC,1,0.0056999999999999655
226,Y03488,Buprenorphine_Tab Subling 400mcg S/F,0410030A0AAACAC,1,0.005199999999999427
74,C83030,Prednisolone_Tab 5mg,0603020T0AAACAC,1,0.00499999999999997
227,Y03487,Buprenorphine_Tab Subling 400mcg S/F,0410030A0AAACAC,1,0.0048000000000001375
48,C83030,Sertraline HCl_Tab 100mg,0403030Q0AAABAB,1,0.004200000000000023
47,C83011,Sertraline HCl_Tab 100mg,0403030Q0AAABAB,1,0.004200000000000023
249,C83011,Losartan Pot_Tab 25mg,0205052N0AAAAAA,1,0.004199999999999975
145,C82076,Paracet_Tab 500mg,0407010H0AAAMAM,6,0.004199999999999975
31,C83023,Memantine HCl_Tab 20mg,0411000G0AAADAD,1,0.004199999999999975
75,C83075,Prednisolone_Tab 5mg,0603020T0AAACAC,1,0.004199999999999975
146,C82076,Paracet_Tab 500mg,0407010H0AAAMAM,6,0.004199999999999975
49,C83080,Sertraline HCl_Tab 100mg,0403030Q0AAABAB,1,0.004199999999999829
50,C83011,Sertraline HCl_Tab 100mg,0403030Q0AAABAB,1,0.004199999999999829
5,Y01652,Paracet_Tab Solb 500mg,0407010H0AAAQAQ,1,0.004000000000000115
4,Y01652,Paracet_Tab Solb 500mg,0407010H0AAAQAQ,1,0.004000000000000115
228,Y03488,Buprenorphine_Tab Subling 400mcg S/F,0410030A0AAACAC,1,0.003999999999999837
51,C83023,Sertraline HCl_Tab 100mg,0403030Q0AAABAB,1,0.0035999999999999782
76,C83023,Prednisolone_Tab 5mg,0603020T0AAACAC,1,0.003499999999999979
148,C83040,Paracet_Tab 500mg,0407010H0AAAMAM,1,0.002999999999999982
147,C83040,Paracet_Tab 500mg,0407010H0AAAMAM,1,0.002999999999999982
229,Y03487,Buprenorphine_Tab Subling 400mcg S/F,0410030A0AAACAC,1,0.0028000000000000247
257,C83040,Azithromycin_Tab 250mg,0501050A0AAAGAG,1,0.0024000000000000687
53,C83013,Sertraline HCl_Tab 100mg,0403030Q0AAABAB,1,0.0021000000000000116
52,C83048,Sertraline HCl_Tab 100mg,0403030Q0AAABAB,1,0.0021000000000000116
230,Y03487,Buprenorphine_Tab Subling 400mcg S/F,0410030A0AAACAC,1,0.0016000000000000458
23,C83013,Pregabalin_Cap 100mg,0408010AEAAADAD,1,0.0009000000000000258
149,C83053,Paracet_Tab 500mg,0407010H0AAAMAM,1,-0.0011999999999999997
150,C83053,Paracet_Tab 500mg,0407010H0AAAMAM,1,-0.0011999999999999997
231,Y03487,Buprenorphine_Tab Subling 400mcg S/F,0410030A0AAACAC,1,-0.0017999999999999683
151,C83011,Paracet_Tab 500mg,0407010H0AAAMAM,1,-0.001999999999999988
152,C83011,Paracet_Tab 500mg,0407010H0AAAMAM,1,-0.001999999999999988
258,C83080,Azithromycin_Tab 250mg,0501050A0AAAGAG,1,-0.0020999999999997687
189,C83023,Sumatriptan_Tab 100mg,0407041T0AAACAC,1,-0.0027999999999996916
232,Y03488,Buprenorphine_Tab Subling 400mcg S/F,0410030A0AAACAC,1,-0.0035999999999999366
233,Y03489,Buprenorphine_Tab Subling 400mcg S/F,0410030A0AAACAC,1,-0.0038999999999995705
234,Y03487,Buprenorphine_Tab Subling 400mcg S/F,0410030A0AAACAC,1,-0.0039999999999995595
235,Y03487,Buprenorphine_Tab Subling 400mcg S/F,0410030A0AAACAC,1,-0.0043999999999999595
236,Y03488,Buprenorphine_Tab Subling 400mcg S/F,0410030A0AAACAC,2,-0.005199999999999427
10,C83011,Paracet_Tab Solb 500mg,0407010H0AAAQAQ,1,-0.005999999999999339
7,C83067,Paracet_Tab Solb 500mg,0407010H0AAAQAQ,1,-0.005999999999999339
11,C83067,Paracet_Tab Solb 500mg,0407010H0AAAQAQ,1,-0.005999999999999339
8,C83030,Paracet_Tab Solb 500mg,0407010H0AAAQAQ,1,-0.005999999999999339
9,C83030,Paracet_Tab Solb 500mg,0407010H0AAAQAQ,1,-0.005999999999999339
6,C83011,Paracet_Tab Solb 500mg,0407010H0AAAQAQ,1,-0.005999999999999339
54,C83075,Sertraline HCl_Tab 100mg,0403030Q0AAABAB,1,-0.006000000000000172
55,C83048,Sertraline HCl_Tab 100mg,0403030Q0AAABAB,4,-0.006399999999999961
237,Y03487,Buprenorphine_Tab Subling 400mcg S/F,0410030A0AAACAC,2,-0.007199999999999873
239,Y03488,Buprenorphine_Tab Subling 400mcg S/F,0410030A0AAACAC,2,-0.007799999999999141
238,Y03487,Buprenorphine_Tab Subling 400mcg S/F,0410030A0AAACAC,3,-0.007799999999999141
156,C83011,Paracet_Tab 500mg,0407010H0AAAMAM,2,-0.011199999999999932
153,C83080,Paracet_Tab 500mg,0407010H0AAAMAM,2,-0.011199999999999932
154,C83011,Paracet_Tab 500mg,0407010H0AAAMAM,2,-0.011199999999999932
155,C83080,Paracet_Tab 500mg,0407010H0AAAMAM,2,-0.011199999999999932
158,C83048,Paracet_Tab 500mg,0407010H0AAAMAM,3,-0.014399999999999913
157,C83048,Paracet_Tab 500mg,0407010H0AAAMAM,3,-0.014399999999999913
250,C83653,Losartan Pot_Tab 25mg,0205052N0AAAAAA,4,-0.0167999999999999
12,Y01652,Paracet_Tab Solb 500mg,0407010H0AAAQAQ,3,-0.017999999999998018
13,Y01652,Paracet_Tab Solb 500mg,0407010H0AAAQAQ,3,-0.017999999999998018
56,C83040,Sertraline HCl_Tab 100mg,0403030Q0AAABAB,9,-0.02159999999999987
159,C83067,Paracet_Tab 500mg,0407010H0AAAMAM,4,-0.022399999999999864
160,C83067,Paracet_Tab 500mg,0407010H0AAAMAM,4,-0.022399999999999864
161,C83023,Paracet_Tab 500mg,0407010H0AAAMAM,6,-0.0335999999999998
162,C83023,Paracet_Tab 500mg,0407010H0AAAMAM,6,-0.0335999999999998
163,C83653,Paracet_Tab 500mg,0407010H0AAAMAM,8,-0.04479999999999973
164,C83653,Paracet_Tab 500mg,0407010H0AAAMAM,8,-0.04479999999999973
166,C82076,Paracet_Tab 500mg,0407010H0AAAMAM,9,-0.050399999999999695
165,C82076,Paracet_Tab 500mg,0407010H0AAAMAM,9,-0.050399999999999695
167,C83013,Paracet_Tab 500mg,0407010H0AAAMAM,15,-0.08399999999999949
168,C83013,Paracet_Tab 500mg,0407010H0AAAMAM,15,-0.08399999999999949
169,C83020,Paracet_Tab 500mg,0407010H0AAAMAM,16,-0.08959999999999946
170,C83020,Paracet_Tab 500mg,0407010H0AAAMAM,16,-0.08959999999999946
172,C82076,Paracet_Tab 500mg,0407010H0AAAMAM,29,-0.1159999999999997
171,C82076,Paracet_Tab 500mg,0407010H0AAAMAM,29,-0.1159999999999997
173,C83030,Paracet_Tab 500mg,0407010H0AAAMAM,24,-0.1343999999999992
174,C83030,Paracet_Tab 500mg,0407010H0AAAMAM,24,-0.1343999999999992
175,Y01652,Paracet_Tab 500mg,0407010H0AAAMAM,28,-0.15679999999999905
176,Y01652,Paracet_Tab 500mg,0407010H0AAAMAM,28,-0.15679999999999905
178,C83023,Paracet_Tab 500mg,0407010H0AAAMAM,3,-1.2095999999999996
177,C83023,Paracet_Tab 500mg,0407010H0AAAMAM,3,-1.2095999999999996
179,C83040,Paracet_Tab 500mg,0407010H0AAAMAM,82,-1.8367999999999889
180,C83040,Paracet_Tab 500mg,0407010H0AAAMAM,82,-1.8367999999999889
181,C83080,Paracet_Tab 500mg,0407010H0AAAMAM,28,-3.135999999999992
182,C83080,Paracet_Tab 500mg,0407010H0AAAMAM,28,-3.135999999999992
184,C83067,Paracet_Tab 500mg,0407010H0AAAMAM,157,-3.139999999999981
183,C83067,Paracet_Tab 500mg,0407010H0AAAMAM,157,-3.139999999999981
