,practice_code,bnf_description,bnf_code,items,excess_cost
0,B83034,Pioglitazone HCl_Tab 45mg,0601023B0AAACAC,42,686.0783999999999
28,B83034,Montelukast_Tab 10mg,0303020G0AAABAB,71,439.7456
36,B83034,Tolterodine_Tab 2mg,0704020N0AAABAB,29,435.3944
10,B83034,Atorvastatin_Tab 40mg,0212000B0AAACAC,182,378.63280000000003
47,B83034,Amlodipine_Tab 5mg,0206020A0AAAAAA,199,275.8140000000001
138,B83034,Atorvastatin_Tab 80mg,0212000B0AAADAD,91,254.54520000000005
11,B83052,Atorvastatin_Tab 40mg,0212000B0AAACAC,473,180.1184
325,B83628,Memantine HCl_Tab 20mg,0411000G0AAADAD,1,127.79760000000002
48,B83034,Amlodipine_Tab 5mg,0206020A0AAAAAA,16,106.8032
29,B83034,Montelukast_Tab 10mg,0303020G0AAABAB,3,97.524
82,B83660,Paracet_Tab Solb 500mg,0407010H0AAAQAQ,1,82.29760000000002
81,B83660,Paracet_Tab Solb 500mg,0407010H0AAAQAQ,1,82.29760000000002
84,B83653,Paracet_Tab Solb 500mg,0407010H0AAAQAQ,1,73.48000000000002
83,B83653,Paracet_Tab Solb 500mg,0407010H0AAAQAQ,1,73.48000000000002
125,B83052,Atorvastatin_Tab 20mg,0212000B0AAABAB,204,67.9728
126,B83642,Atorvastatin_Tab 20mg,0212000B0AAABAB,11,67.63680000000001
326,B83660,Memantine HCl_Tab 20mg,0411000G0AAADAD,1,63.89880000000001
327,B83052,Memantine HCl_Tab 20mg,0411000G0AAADAD,6,63.89039999999999
30,B83617,Montelukast_Tab 10mg,0303020G0AAABAB,1,48.7592
127,B83034,Atorvastatin_Tab 20mg,0212000B0AAABAB,150,45.360000000000014
128,B83626,Atorvastatin_Tab 20mg,0212000B0AAABAB,32,45.1584
129,B83016,Atorvastatin_Tab 20mg,0212000B0AAABAB,65,45.136
12,B83016,Atorvastatin_Tab 40mg,0212000B0AAACAC,187,44.506
13,B83025,Atorvastatin_Tab 40mg,0212000B0AAACAC,22,44.4752
86,B83642,Paracet_Tab Solb 500mg,0407010H0AAAQAQ,7,36.750000000000014
85,B83642,Paracet_Tab Solb 500mg,0407010H0AAAQAQ,7,36.750000000000014
162,B83034,Paracet_Tab 500mg,0407010H0AAAMAM,34,32.64
161,B83034,Paracet_Tab 500mg,0407010H0AAAMAM,34,32.64
49,B83052,Amlodipine_Tab 5mg,0206020A0AAAAAA,239,26.098800000000004
139,B83642,Atorvastatin_Tab 80mg,0212000B0AAADAD,32,25.6256
37,B83653,Tolterodine_Tab 2mg,0704020N0AAABAB,3,25.5192
38,B83642,Tolterodine_Tab 2mg,0704020N0AAABAB,2,25.513599999999997
140,B83628,Atorvastatin_Tab 80mg,0212000B0AAADAD,40,24.75200000000001
31,B83016,Montelukast_Tab 10mg,0303020G0AAABAB,27,24.3432
163,B83052,Paracet_Tab 500mg,0407010H0AAAMAM,33,23.759999999999994
164,B83052,Paracet_Tab 500mg,0407010H0AAAMAM,33,23.759999999999994
130,B83626,Atorvastatin_Tab 20mg,0212000B0AAABAB,62,22.56800000000001
131,B83642,Atorvastatin_Tab 20mg,0212000B0AAABAB,43,22.5148
14,B83627,Atorvastatin_Tab 40mg,0212000B0AAACAC,128,22.310399999999998
166,B83025,Paracet_Tab 500mg,0407010H0AAAMAM,18,11.289600000000002
165,B83025,Paracet_Tab 500mg,0407010H0AAAMAM,18,11.289600000000002
168,B83016,Paracet_Tab 500mg,0407010H0AAAMAM,28,11.289599999999997
167,B83016,Paracet_Tab 500mg,0407010H0AAAMAM,28,11.289599999999997
169,B83653,Paracet_Tab 500mg,0407010H0AAAMAM,119,9.520000000000024
170,B83653,Paracet_Tab 500mg,0407010H0AAAMAM,119,9.520000000000024
50,B83660,Amlodipine_Tab 5mg,0206020A0AAAAAA,51,8.9964
51,B83005,Amlodipine_Tab 5mg,0206020A0AAAAAA,69,8.8872
88,B83034,Paracet_Tab Solb 500mg,0407010H0AAAQAQ,6,8.46
87,B83034,Paracet_Tab Solb 500mg,0407010H0AAAQAQ,6,8.46
171,B83034,Paracet_Tab 500mg,0407010H0AAAMAM,5,7.86
172,B83034,Paracet_Tab 500mg,0407010H0AAAMAM,5,7.86
173,B83052,Paracet_Tab 500mg,0407010H0AAAMAM,186,7.44000000000002
174,B83052,Paracet_Tab 500mg,0407010H0AAAMAM,186,7.44000000000002
175,B83660,Paracet_Tab 500mg,0407010H0AAAMAM,83,6.640000000000017
176,B83660,Paracet_Tab 500mg,0407010H0AAAMAM,83,6.640000000000017
32,B83638,Montelukast_Tab 10mg,0303020G0AAABAB,17,6.057100000000001
177,B83005,Paracet_Tab 500mg,0407010H0AAAMAM,58,5.220000000000009
178,B83005,Paracet_Tab 500mg,0407010H0AAAMAM,58,5.220000000000009
179,B83617,Paracet_Tab 500mg,0407010H0AAAMAM,37,5.180000000000007
180,B83617,Paracet_Tab 500mg,0407010H0AAAMAM,37,5.180000000000007
181,B83622,Paracet_Tab 500mg,0407010H0AAAMAM,47,5.170000000000002
182,B83622,Paracet_Tab 500mg,0407010H0AAAMAM,47,5.170000000000002
184,B83614,Paracet_Tab 500mg,0407010H0AAAMAM,36,5.040000000000007
183,B83614,Paracet_Tab 500mg,0407010H0AAAMAM,36,5.040000000000007
185,B83642,Paracet_Tab 500mg,0407010H0AAAMAM,44,4.840000000000002
186,B83642,Paracet_Tab 500mg,0407010H0AAAMAM,44,4.840000000000002
188,B83628,Paracet_Tab 500mg,0407010H0AAAMAM,17,4.420000000000003
187,B83628,Paracet_Tab 500mg,0407010H0AAAMAM,17,4.420000000000003
90,B83016,Paracet_Tab Solb 500mg,0407010H0AAAQAQ,2,4.23
89,B83016,Paracet_Tab Solb 500mg,0407010H0AAAQAQ,2,4.23
189,B83604,Paracet_Tab 500mg,0407010H0AAAMAM,17,3.740000000000001
190,B83604,Paracet_Tab 500mg,0407010H0AAAMAM,17,3.740000000000001
191,B83659,Paracet_Tab 500mg,0407010H0AAAMAM,1,3.024
192,B83659,Paracet_Tab 500mg,0407010H0AAAMAM,1,3.024
1,B83628,Pioglitazone HCl_Tab 45mg,0601023B0AAACAC,7,2.645999999999997
193,B83034,Paracet_Tab 500mg,0407010H0AAAMAM,6,2.5200000000000005
194,B83034,Paracet_Tab 500mg,0407010H0AAAMAM,6,2.5200000000000005
33,B83628,Montelukast_Tab 10mg,0303020G0AAABAB,26,1.9656000000000007
195,B83034,Paracet_Tab 500mg,0407010H0AAAMAM,3,1.6800000000000004
196,B83034,Paracet_Tab 500mg,0407010H0AAAMAM,3,1.6800000000000004
198,B83628,Paracet_Tab 500mg,0407010H0AAAMAM,1,1.6688
197,B83628,Paracet_Tab 500mg,0407010H0AAAMAM,1,1.6688
15,B83617,Atorvastatin_Tab 40mg,0212000B0AAACAC,44,1.601600000000003
39,B83026,Tolterodine_Tab 2mg,0704020N0AAABAB,6,1.5119999999999967
200,B83034,Paracet_Tab 500mg,0407010H0AAAMAM,12,1.4976000000000003
199,B83034,Paracet_Tab 500mg,0407010H0AAAMAM,12,1.4976000000000003
16,B83642,Atorvastatin_Tab 40mg,0212000B0AAACAC,80,0.6720000000000037
17,B83611,Atorvastatin_Tab 40mg,0212000B0AAACAC,104,0.5823999999999965
2,B83660,Pioglitazone HCl_Tab 45mg,0601023B0AAACAC,41,0.2008999999999938
141,B83653,Atorvastatin_Tab 80mg,0212000B0AAADAD,90,0.1890000000000054
142,B83626,Atorvastatin_Tab 80mg,0212000B0AAADAD,121,0.16940000000000485
143,B83660,Atorvastatin_Tab 80mg,0212000B0AAADAD,69,0.14490000000000414
144,B83627,Atorvastatin_Tab 80mg,0212000B0AAADAD,64,0.13440000000000385
3,B83626,Pioglitazone HCl_Tab 45mg,0601023B0AAACAC,21,0.10289999999999683
4,B83653,Pioglitazone HCl_Tab 45mg,0601023B0AAACAC,20,0.09799999999999698
145,B83622,Atorvastatin_Tab 80mg,0212000B0AAADAD,42,0.08820000000000253
5,B83627,Pioglitazone HCl_Tab 45mg,0601023B0AAACAC,18,0.08819999999999728
146,B83657,Atorvastatin_Tab 80mg,0212000B0AAADAD,37,0.07770000000000223
202,B83638,Paracet_Tab 500mg,0407010H0AAAMAM,1,0.07679999999999998
201,B83638,Paracet_Tab 500mg,0407010H0AAAMAM,1,0.07679999999999998
147,B83661,Atorvastatin_Tab 80mg,0212000B0AAADAD,35,0.0735000000000021
148,B83052,Atorvastatin_Tab 80mg,0212000B0AAADAD,33,0.06930000000000199
328,B83661,Memantine HCl_Tab 20mg,0411000G0AAADAD,14,0.06859999999999992
203,B83653,Paracet_Tab 500mg,0407010H0AAAMAM,11,0.0659999999999996
204,B83653,Paracet_Tab 500mg,0407010H0AAAMAM,11,0.0659999999999996
149,B83628,Atorvastatin_Tab 80mg,0212000B0AAADAD,29,0.060900000000001744
150,B83638,Atorvastatin_Tab 80mg,0212000B0AAADAD,38,0.053200000000001524
151,B83016,Atorvastatin_Tab 80mg,0212000B0AAADAD,25,0.052500000000001504
206,B83627,Paracet_Tab 500mg,0407010H0AAAMAM,12,0.050399999999999695
205,B83627,Paracet_Tab 500mg,0407010H0AAAMAM,12,0.050399999999999695
152,B83058,Atorvastatin_Tab 80mg,0212000B0AAADAD,22,0.04620000000000132
6,B83058,Pioglitazone HCl_Tab 45mg,0601023B0AAACAC,9,0.04409999999999864
52,B83016,Amlodipine_Tab 5mg,0206020A0AAAAAA,7,0.03920000000000044
207,B83026,Paracet_Tab 500mg,0407010H0AAAMAM,6,0.03599999999999978
208,B83026,Paracet_Tab 500mg,0407010H0AAAMAM,6,0.03599999999999978
153,B83629,Atorvastatin_Tab 80mg,0212000B0AAADAD,15,0.0315000000000009
209,B83626,Paracet_Tab 500mg,0407010H0AAAMAM,5,0.02999999999999982
210,B83626,Paracet_Tab 500mg,0407010H0AAAMAM,5,0.02999999999999982
211,B83016,Paracet_Tab 500mg,0407010H0AAAMAM,7,0.029399999999999822
212,B83016,Paracet_Tab 500mg,0407010H0AAAMAM,7,0.029399999999999822
40,B83626,Tolterodine_Tab 2mg,0704020N0AAABAB,9,0.025199999999998973
329,B83638,Memantine HCl_Tab 20mg,0411000G0AAADAD,5,0.024499999999999973
213,B83052,Paracet_Tab 500mg,0407010H0AAAMAM,4,0.023999999999999855
214,B83052,Paracet_Tab 500mg,0407010H0AAAMAM,4,0.023999999999999855
53,B83611,Amlodipine_Tab 5mg,0206020A0AAAAAA,4,0.022400000000000253
332,B83627,Memantine HCl_Tab 20mg,0411000G0AAADAD,4,0.01959999999999998
331,B83052,Memantine HCl_Tab 20mg,0411000G0AAADAD,4,0.01959999999999998
330,B83626,Memantine HCl_Tab 20mg,0411000G0AAADAD,4,0.01959999999999998
218,B83626,Paracet_Tab 500mg,0407010H0AAAMAM,7,0.01959999999999988
216,B83626,Paracet_Tab 500mg,0407010H0AAAMAM,7,0.01959999999999988
217,B83657,Paracet_Tab 500mg,0407010H0AAAMAM,7,0.01959999999999988
215,B83657,Paracet_Tab 500mg,0407010H0AAAMAM,7,0.01959999999999988
8,B83005,Pioglitazone HCl_Tab 45mg,0601023B0AAACAC,4,0.019599999999999396
7,B83628,Pioglitazone HCl_Tab 45mg,0601023B0AAACAC,4,0.019599999999999396
41,B83659,Tolterodine_Tab 2mg,0704020N0AAABAB,7,0.0195999999999992
219,B83016,Paracet_Tab 500mg,0407010H0AAAMAM,3,0.01799999999999989
220,B83016,Paracet_Tab 500mg,0407010H0AAAMAM,3,0.01799999999999989
221,B83622,Paracet_Tab 500mg,0407010H0AAAMAM,4,0.0167999999999999
222,B83622,Paracet_Tab 500mg,0407010H0AAAMAM,4,0.0167999999999999
54,B83657,Amlodipine_Tab 5mg,0206020A0AAAAAA,14,0.015400000000000053
44,B83660,Tolterodine_Tab 2mg,0704020N0AAABAB,5,0.01399999999999943
43,B83638,Tolterodine_Tab 2mg,0704020N0AAABAB,5,0.01399999999999943
42,B83016,Tolterodine_Tab 2mg,0704020N0AAABAB,5,0.01399999999999943
224,B83657,Paracet_Tab 500mg,0407010H0AAAMAM,3,0.012599999999999924
225,B83005,Paracet_Tab 500mg,0407010H0AAAMAM,3,0.012599999999999924
226,B83005,Paracet_Tab 500mg,0407010H0AAAMAM,3,0.012599999999999924
223,B83657,Paracet_Tab 500mg,0407010H0AAAMAM,3,0.012599999999999924
237,B83058,Paracet_Tab 500mg,0407010H0AAAMAM,2,0.011999999999999927
227,B83058,Paracet_Tab 500mg,0407010H0AAAMAM,2,0.011999999999999927
228,B83025,Paracet_Tab 500mg,0407010H0AAAMAM,2,0.011999999999999927
229,B83638,Paracet_Tab 500mg,0407010H0AAAMAM,1,0.011999999999999927
230,B83628,Paracet_Tab 500mg,0407010H0AAAMAM,2,0.011999999999999927
231,B83005,Paracet_Tab 500mg,0407010H0AAAMAM,2,0.011999999999999927
232,B83638,Paracet_Tab 500mg,0407010H0AAAMAM,1,0.011999999999999927
233,B83034,Paracet_Tab 500mg,0407010H0AAAMAM,4,0.011999999999999927
234,B83034,Paracet_Tab 500mg,0407010H0AAAMAM,4,0.011999999999999927
235,B83005,Paracet_Tab 500mg,0407010H0AAAMAM,2,0.011999999999999927
236,B83628,Paracet_Tab 500mg,0407010H0AAAMAM,2,0.011999999999999927
238,B83025,Paracet_Tab 500mg,0407010H0AAAMAM,2,0.011999999999999927
55,B83052,Amlodipine_Tab 5mg,0206020A0AAAAAA,2,0.011200000000000127
239,B83653,Paracet_Tab 500mg,0407010H0AAAMAM,4,0.011199999999999932
240,B83638,Paracet_Tab 500mg,0407010H0AAAMAM,4,0.011199999999999932
241,B83638,Paracet_Tab 500mg,0407010H0AAAMAM,4,0.011199999999999932
242,B83653,Paracet_Tab 500mg,0407010H0AAAMAM,4,0.011199999999999932
156,B83026,Atorvastatin_Tab 80mg,0212000B0AAADAD,5,0.0105000000000003
155,B83005,Atorvastatin_Tab 80mg,0212000B0AAADAD,5,0.0105000000000003
154,B83034,Atorvastatin_Tab 80mg,0212000B0AAADAD,5,0.0105000000000003
157,B83611,Atorvastatin_Tab 80mg,0212000B0AAADAD,4,0.00840000000000024
243,B83638,Paracet_Tab 500mg,0407010H0AAAMAM,4,0.00839999999999995
244,B83638,Paracet_Tab 500mg,0407010H0AAAMAM,4,0.00839999999999995
245,B83660,Paracet_Tab 500mg,0407010H0AAAMAM,3,0.00839999999999995
246,B83660,Paracet_Tab 500mg,0407010H0AAAMAM,3,0.00839999999999995
56,B83026,Amlodipine_Tab 5mg,0206020A0AAAAAA,1,0.006400000000000183
18,B83026,Atorvastatin_Tab 40mg,0212000B0AAACAC,1,0.006399999999999961
158,B83659,Atorvastatin_Tab 80mg,0212000B0AAADAD,3,0.0063000000000001805
19,B83642,Atorvastatin_Tab 40mg,0212000B0AAACAC,1,0.006000000000000172
132,B83025,Atorvastatin_Tab 20mg,0212000B0AAABAB,1,0.006000000000000172
247,B83638,Paracet_Tab 500mg,0407010H0AAAMAM,1,0.005999999999999964
248,B83026,Paracet_Tab 500mg,0407010H0AAAMAM,2,0.005999999999999964
249,B83657,Paracet_Tab 500mg,0407010H0AAAMAM,1,0.005999999999999964
250,B83660,Paracet_Tab 500mg,0407010H0AAAMAM,1,0.005999999999999964
251,B83026,Paracet_Tab 500mg,0407010H0AAAMAM,2,0.005999999999999964
252,B83052,Paracet_Tab 500mg,0407010H0AAAMAM,2,0.005999999999999964
253,B83052,Paracet_Tab 500mg,0407010H0AAAMAM,2,0.005999999999999964
254,B83657,Paracet_Tab 500mg,0407010H0AAAMAM,1,0.005999999999999964
256,B83622,Paracet_Tab 500mg,0407010H0AAAMAM,1,0.005999999999999964
257,B83660,Paracet_Tab 500mg,0407010H0AAAMAM,1,0.005999999999999964
258,B83638,Paracet_Tab 500mg,0407010H0AAAMAM,1,0.005999999999999964
255,B83622,Paracet_Tab 500mg,0407010H0AAAMAM,1,0.005999999999999964
57,B83026,Amlodipine_Tab 5mg,0206020A0AAAAAA,1,0.005600000000000063
259,B83052,Paracet_Tab 500mg,0407010H0AAAMAM,2,0.005599999999999966
260,B83052,Paracet_Tab 500mg,0407010H0AAAMAM,2,0.005599999999999966
46,B83016,Tolterodine_Tab 2mg,0704020N0AAABAB,1,0.005599999999999772
45,B83628,Tolterodine_Tab 2mg,0704020N0AAABAB,1,0.005599999999999772
20,B83642,Atorvastatin_Tab 40mg,0212000B0AAACAC,1,0.005400000000000155
333,B83058,Memantine HCl_Tab 20mg,0411000G0AAADAD,1,0.004899999999999995
9,B83016,Pioglitazone HCl_Tab 45mg,0601023B0AAACAC,1,0.004899999999999849
21,B83016,Atorvastatin_Tab 40mg,0212000B0AAACAC,1,0.004700000000000135
58,B83052,Amlodipine_Tab 5mg,0206020A0AAAAAA,1,0.004400000000000015
265,B83657,Paracet_Tab 500mg,0407010H0AAAMAM,2,0.004199999999999975
268,B83626,Paracet_Tab 500mg,0407010H0AAAMAM,1,0.004199999999999975
267,B83657,Paracet_Tab 500mg,0407010H0AAAMAM,2,0.004199999999999975
266,B83016,Paracet_Tab 500mg,0407010H0AAAMAM,3,0.004199999999999975
264,B83626,Paracet_Tab 500mg,0407010H0AAAMAM,1,0.004199999999999975
263,B83005,Paracet_Tab 500mg,0407010H0AAAMAM,3,0.004199999999999975
262,B83016,Paracet_Tab 500mg,0407010H0AAAMAM,3,0.004199999999999975
261,B83005,Paracet_Tab 500mg,0407010H0AAAMAM,3,0.004199999999999975
92,B83016,Paracet_Tab Solb 500mg,0407010H0AAAQAQ,1,0.004000000000000115
94,B83052,Paracet_Tab Solb 500mg,0407010H0AAAQAQ,1,0.004000000000000115
93,B83016,Paracet_Tab Solb 500mg,0407010H0AAAQAQ,1,0.004000000000000115
91,B83052,Paracet_Tab Solb 500mg,0407010H0AAAQAQ,1,0.004000000000000115
270,B83058,Paracet_Tab 500mg,0407010H0AAAMAM,1,0.0040000000000000105
269,B83058,Paracet_Tab 500mg,0407010H0AAAMAM,1,0.0040000000000000105
59,B83660,Amlodipine_Tab 5mg,0206020A0AAAAAA,1,0.003000000000000086
272,B83657,Paracet_Tab 500mg,0407010H0AAAMAM,1,0.002999999999999982
274,B83660,Paracet_Tab 500mg,0407010H0AAAMAM,1,0.002999999999999982
275,B83660,Paracet_Tab 500mg,0407010H0AAAMAM,1,0.002999999999999982
276,B83657,Paracet_Tab 500mg,0407010H0AAAMAM,1,0.002999999999999982
273,B83653,Paracet_Tab 500mg,0407010H0AAAMAM,1,0.002999999999999982
271,B83653,Paracet_Tab 500mg,0407010H0AAAMAM,1,0.002999999999999982
277,B83025,Paracet_Tab 500mg,0407010H0AAAMAM,1,0.002799999999999983
278,B83051,Paracet_Tab 500mg,0407010H0AAAMAM,1,0.002799999999999983
279,B83051,Paracet_Tab 500mg,0407010H0AAAMAM,1,0.002799999999999983
280,B83025,Paracet_Tab 500mg,0407010H0AAAMAM,1,0.002799999999999983
159,B83051,Atorvastatin_Tab 80mg,0212000B0AAADAD,1,0.00210000000000006
60,B83622,Amlodipine_Tab 5mg,0206020A0AAAAAA,1,0.0011000000000000038
22,B83604,Atorvastatin_Tab 40mg,0212000B0AAACAC,1,-0.0013999999999999985
98,B83016,Paracet_Tab Solb 500mg,0407010H0AAAQAQ,1,-0.0029999999999996696
97,B83052,Paracet_Tab Solb 500mg,0407010H0AAAQAQ,1,-0.0029999999999996696
96,B83016,Paracet_Tab Solb 500mg,0407010H0AAAQAQ,1,-0.0029999999999996696
95,B83052,Paracet_Tab Solb 500mg,0407010H0AAAQAQ,1,-0.0029999999999996696
24,B83621,Atorvastatin_Tab 40mg,0212000B0AAACAC,1,-0.0029999999999998778
135,B83653,Atorvastatin_Tab 20mg,0212000B0AAABAB,1,-0.0029999999999998778
133,B83058,Atorvastatin_Tab 20mg,0212000B0AAABAB,1,-0.0029999999999998778
23,B83058,Atorvastatin_Tab 40mg,0212000B0AAACAC,1,-0.0029999999999998778
134,B83661,Atorvastatin_Tab 20mg,0212000B0AAABAB,1,-0.0029999999999998778
160,B83611,Atorvastatin_Tab 80mg,0212000B0AAADAD,1,-0.003000000000000086
99,B83642,Paracet_Tab Solb 500mg,0407010H0AAAQAQ,1,-0.0031999999999996476
104,B83617,Paracet_Tab Solb 500mg,0407010H0AAAQAQ,1,-0.0031999999999996476
103,B83626,Paracet_Tab Solb 500mg,0407010H0AAAQAQ,1,-0.0031999999999996476
102,B83626,Paracet_Tab Solb 500mg,0407010H0AAAQAQ,1,-0.0031999999999996476
101,B83642,Paracet_Tab Solb 500mg,0407010H0AAAQAQ,1,-0.0031999999999996476
100,B83617,Paracet_Tab Solb 500mg,0407010H0AAAQAQ,1,-0.0031999999999996476
136,B83016,Atorvastatin_Tab 20mg,0212000B0AAABAB,1,-0.003799999999999845
137,B83629,Atorvastatin_Tab 20mg,0212000B0AAABAB,1,-0.003999999999999976
281,B83051,Paracet_Tab 500mg,0407010H0AAAMAM,1,-0.003999999999999976
282,B83051,Paracet_Tab 500mg,0407010H0AAAMAM,1,-0.003999999999999976
61,B83659,Amlodipine_Tab 5mg,0206020A0AAAAAA,2,-0.004199999999999926
25,B83653,Atorvastatin_Tab 40mg,0212000B0AAACAC,1,-0.004199999999999995
283,B83016,Paracet_Tab 500mg,0407010H0AAAMAM,1,-0.004799999999999971
284,B83016,Paracet_Tab 500mg,0407010H0AAAMAM,1,-0.004799999999999971
285,B83622,Paracet_Tab 500mg,0407010H0AAAMAM,1,-0.005599999999999966
288,B83622,Paracet_Tab 500mg,0407010H0AAAMAM,1,-0.005599999999999966
287,B83642,Paracet_Tab 500mg,0407010H0AAAMAM,1,-0.005599999999999966
286,B83642,Paracet_Tab 500mg,0407010H0AAAMAM,1,-0.005599999999999966
109,B83005,Paracet_Tab Solb 500mg,0407010H0AAAQAQ,1,-0.005999999999999339
105,B83604,Paracet_Tab Solb 500mg,0407010H0AAAQAQ,1,-0.005999999999999339
106,B83005,Paracet_Tab Solb 500mg,0407010H0AAAQAQ,1,-0.005999999999999339
107,B83604,Paracet_Tab Solb 500mg,0407010H0AAAQAQ,1,-0.005999999999999339
108,B83628,Paracet_Tab Solb 500mg,0407010H0AAAQAQ,1,-0.005999999999999339
110,B83628,Paracet_Tab Solb 500mg,0407010H0AAAQAQ,1,-0.005999999999999339
26,B83617,Atorvastatin_Tab 40mg,0212000B0AAACAC,2,-0.0059999999999997555
62,B83005,Amlodipine_Tab 5mg,0206020A0AAAAAA,3,-0.006299999999999889
63,B83051,Amlodipine_Tab 5mg,0206020A0AAAAAA,4,-0.008399999999999852
290,B83657,Paracet_Tab 500mg,0407010H0AAAMAM,2,-0.009599999999999942
289,B83657,Paracet_Tab 500mg,0407010H0AAAMAM,2,-0.009599999999999942
64,B83611,Amlodipine_Tab 5mg,0206020A0AAAAAA,5,-0.010499999999999815
291,B83629,Paracet_Tab 500mg,0407010H0AAAMAM,2,-0.011199999999999932
292,B83629,Paracet_Tab 500mg,0407010H0AAAMAM,2,-0.011199999999999932
111,B83052,Paracet_Tab Solb 500mg,0407010H0AAAQAQ,2,-0.011999999999998678
112,B83622,Paracet_Tab Solb 500mg,0407010H0AAAQAQ,2,-0.011999999999998678
113,B83617,Paracet_Tab Solb 500mg,0407010H0AAAQAQ,2,-0.011999999999998678
115,B83622,Paracet_Tab Solb 500mg,0407010H0AAAQAQ,2,-0.011999999999998678
116,B83026,Paracet_Tab Solb 500mg,0407010H0AAAQAQ,2,-0.011999999999998678
114,B83052,Paracet_Tab Solb 500mg,0407010H0AAAQAQ,2,-0.011999999999998678
117,B83617,Paracet_Tab Solb 500mg,0407010H0AAAQAQ,2,-0.011999999999998678
118,B83026,Paracet_Tab Solb 500mg,0407010H0AAAQAQ,2,-0.011999999999998678
293,B83058,Paracet_Tab 500mg,0407010H0AAAMAM,3,-0.011999999999999927
294,B83058,Paracet_Tab 500mg,0407010H0AAAMAM,3,-0.011999999999999927
65,B83034,Amlodipine_Tab 5mg,0206020A0AAAAAA,7,-0.014699999999999741
67,B83026,Amlodipine_Tab 5mg,0206020A0AAAAAA,8,-0.016799999999999704
66,B83629,Amlodipine_Tab 5mg,0206020A0AAAAAA,8,-0.016799999999999704
122,B83626,Paracet_Tab Solb 500mg,0407010H0AAAQAQ,3,-0.017999999999998018
121,B83653,Paracet_Tab Solb 500mg,0407010H0AAAQAQ,3,-0.017999999999998018
120,B83653,Paracet_Tab Solb 500mg,0407010H0AAAQAQ,3,-0.017999999999998018
119,B83626,Paracet_Tab Solb 500mg,0407010H0AAAQAQ,3,-0.017999999999998018
295,B83657,Paracet_Tab 500mg,0407010H0AAAMAM,1,-0.019999999999999966
296,B83657,Paracet_Tab 500mg,0407010H0AAAMAM,1,-0.019999999999999966
68,B83657,Amlodipine_Tab 5mg,0206020A0AAAAAA,10,-0.02099999999999963
69,B83016,Amlodipine_Tab 5mg,0206020A0AAAAAA,1,-0.025199999999999848
297,B83026,Paracet_Tab 500mg,0407010H0AAAMAM,5,-0.02799999999999983
298,B83026,Paracet_Tab 500mg,0407010H0AAAMAM,5,-0.02799999999999983
70,B83628,Amlodipine_Tab 5mg,0206020A0AAAAAA,14,-0.029399999999999482
300,B83657,Paracet_Tab 500mg,0407010H0AAAMAM,14,-0.03359999999999999
299,B83657,Paracet_Tab 500mg,0407010H0AAAMAM,14,-0.03359999999999999
301,B83005,Paracet_Tab 500mg,0407010H0AAAMAM,7,-0.03919999999999976
302,B83005,Paracet_Tab 500mg,0407010H0AAAMAM,7,-0.03919999999999976
71,B83052,Amlodipine_Tab 5mg,0206020A0AAAAAA,19,-0.0398999999999993
124,B83657,Paracet_Tab Solb 500mg,0407010H0AAAQAQ,1,-0.040799999999999836
123,B83657,Paracet_Tab Solb 500mg,0407010H0AAAQAQ,1,-0.040799999999999836
34,B83051,Montelukast_Tab 10mg,0303020G0AAABAB,4,-0.04479999999999973
72,B83661,Amlodipine_Tab 5mg,0206020A0AAAAAA,22,-0.046199999999999186
35,B83626,Montelukast_Tab 10mg,0303020G0AAABAB,5,-0.05599999999999966
27,B83622,Atorvastatin_Tab 40mg,0212000B0AAACAC,4,-0.0671999999999996
73,B83622,Amlodipine_Tab 5mg,0206020A0AAAAAA,34,-0.07139999999999874
303,B83052,Paracet_Tab 500mg,0407010H0AAAMAM,13,-0.07279999999999956
304,B83052,Paracet_Tab 500mg,0407010H0AAAMAM,13,-0.07279999999999956
74,B83016,Amlodipine_Tab 5mg,0206020A0AAAAAA,35,-0.0734999999999987
307,B83638,Paracet_Tab 500mg,0407010H0AAAMAM,14,-0.07839999999999953
305,B83638,Paracet_Tab 500mg,0407010H0AAAMAM,14,-0.07839999999999953
306,B83626,Paracet_Tab 500mg,0407010H0AAAMAM,14,-0.07839999999999953
308,B83626,Paracet_Tab 500mg,0407010H0AAAMAM,14,-0.07839999999999953
75,B83058,Amlodipine_Tab 5mg,0206020A0AAAAAA,40,-0.08399999999999852
310,B83653,Paracet_Tab 500mg,0407010H0AAAMAM,15,-0.08399999999999949
309,B83653,Paracet_Tab 500mg,0407010H0AAAMAM,15,-0.08399999999999949
311,B83058,Paracet_Tab 500mg,0407010H0AAAMAM,17,-0.09519999999999942
312,B83058,Paracet_Tab 500mg,0407010H0AAAMAM,17,-0.09519999999999942
313,B83660,Paracet_Tab 500mg,0407010H0AAAMAM,18,-0.10079999999999939
314,B83660,Paracet_Tab 500mg,0407010H0AAAMAM,18,-0.10079999999999939
76,B83626,Amlodipine_Tab 5mg,0206020A0AAAAAA,52,-0.10919999999999808
77,B83653,Amlodipine_Tab 5mg,0206020A0AAAAAA,55,-0.11549999999999797
78,B83627,Amlodipine_Tab 5mg,0206020A0AAAAAA,57,-0.11969999999999789
79,B83660,Amlodipine_Tab 5mg,0206020A0AAAAAA,62,-0.1301999999999977
80,B83638,Amlodipine_Tab 5mg,0206020A0AAAAAA,39,-0.13650000000000012
315,B83627,Paracet_Tab 500mg,0407010H0AAAMAM,36,-0.20159999999999878
316,B83627,Paracet_Tab 500mg,0407010H0AAAMAM,36,-0.20159999999999878
318,B83660,Paracet_Tab 500mg,0407010H0AAAMAM,17,-0.7615999999999954
317,B83660,Paracet_Tab 500mg,0407010H0AAAMAM,17,-0.7615999999999954
319,B83026,Paracet_Tab 500mg,0407010H0AAAMAM,6,-1.1087999999999985
320,B83026,Paracet_Tab 500mg,0407010H0AAAMAM,6,-1.1087999999999985
322,B83016,Paracet_Tab 500mg,0407010H0AAAMAM,22,-1.3199999999999996
321,B83016,Paracet_Tab 500mg,0407010H0AAAMAM,22,-1.3199999999999996
324,B83016,Paracet_Tab 500mg,0407010H0AAAMAM,2,-1.408
323,B83016,Paracet_Tab 500mg,0407010H0AAAMAM,2,-1.408
