,practice_code,bnf_description,bnf_code,items,excess_cost
0,N83009,Amiodarone HCl_Tab 200mg,0203020D0AAABAB,11,3.850000000000003
1,N83009,Clonazepam_Tab 500mcg,0408010F0AAABAB,14,7.932599999999983
2,N83009,Pyridox HCl_Tab 50mg,0906024N0AAAIAI,1,0.4788000000000001
3,N83013,Amiodarone HCl_Tab 200mg,0203020D0AAABAB,7,2.227000000000002
4,N83013,Buprenorphine_Tab Subling 400mcg S/F,0410030A0AAACAC,1,3.0464
5,N83013,Clonazepam_Tab 500mcg,0408010F0AAABAB,2,3.7063999999999924
6,N83013,Itraconazole_Cap 100mg,0502010C0AAAAAA,1,0.00280000000000008
7,N83013,Phenytoin_Sod Tab 100mg,0408010Q0AAAGAG,1,39.79919999999999
8,N83013,Pyridox HCl_Tab 50mg,0906024N0AAAIAI,3,2.8728000000000007
9,N83014,Amiodarone HCl_Tab 200mg,0203020D0AAABAB,5,1.7500000000000016
10,N83014,Clonazepam_Tab 500mcg,0408010F0AAABAB,10,6.090699999999987
11,N83014,Gemfibrozil_Tab 600mg,0212000Q0AAABAB,2,3.7967999999999984
12,N83014,Itraconazole_Cap 100mg,0502010C0AAAAAA,1,0.00280000000000008
13,N83014,Pyridox HCl_Tab 50mg,0906024N0AAAIAI,6,4.309200000000001
14,N83014,Risperidone_Tab 6mg,040201030AAAFAF,1,29.2096
15,N83015,Amiodarone HCl_Tab 200mg,0203020D0AAABAB,4,1.4000000000000012
16,N83015,Clonazepam_Tab 500mcg,0408010F0AAABAB,3,1.898399999999996
17,N83015,Itraconazole_Cap 100mg,0502010C0AAAAAA,1,0.00280000000000008
18,N83015,Pyridox HCl_Tab 50mg,0906024N0AAAIAI,1,1.4364000000000003
19,N83018,Amiodarone HCl_Tab 200mg,0203020D0AAABAB,2,0.7000000000000006
20,N83018,Buprenorphine_Tab Subling 400mcg S/F,0410030A0AAACAC,4,7.8064
21,N83018,Clonazepam_Tab 500mcg,0408010F0AAABAB,13,6.169799999999987
22,N83024,Amiodarone HCl_Tab 200mg,0203020D0AAABAB,8,2.8000000000000025
23,N83024,Buprenorphine_Tab Subling 400mcg S/F,0410030A0AAACAC,5,4.5696
24,N83024,Clonazepam_Tab 500mcg,0408010F0AAABAB,7,3.796799999999992
25,N83024,Pyridox HCl_Tab 50mg,0906024N0AAAIAI,4,3.830400000000001
26,N83025,Amiodarone HCl_Tab 200mg,0203020D0AAABAB,4,1.4000000000000012
27,N83025,Buprenorphine_Tab Subling 400mcg S/F,0410030A0AAACAC,4,5.331200000000001
28,N83025,Clonazepam_Tab 500mcg,0408010F0AAABAB,7,4.587799999999991
29,N83028,Amiodarone HCl_Tab 200mg,0203020D0AAABAB,8,3.8500000000000036
30,N83028,Clonazepam_Tab 500mcg,0408010F0AAABAB,19,12.111999999999975
31,N83028,Gemfibrozil_Tab 600mg,0212000Q0AAABAB,3,22.7136
32,N83028,Mesalazine_Tab E/C 800mg,0105010B0AAASAS,1,17.219999999999995
33,N83028,Pyridox HCl_Tab 50mg,0906024N0AAAIAI,5,5.745600000000001
34,N83028,Sulfadiazine_Tab 500mg,0501080J0AAABAB,1,8.960000000000008
35,N83030,Amiodarone HCl_Tab 200mg,0203020D0AAABAB,2,1.050000000000001
36,N83030,Clonazepam_Tab 500mcg,0408010F0AAABAB,9,4.5859999999999905
37,N83031,Amiodarone HCl_Tab 200mg,0203020D0AAABAB,1,0.3500000000000003
38,N83031,Clonazepam_Tab 500mcg,0408010F0AAABAB,1,0.6327999999999987
39,N83031,Itraconazole_Cap 100mg,0502010C0AAAAAA,1,-0.005599999999999383
40,N83031,Pyridox HCl_Tab 50mg,0906024N0AAAIAI,1,0.9576000000000002
41,N83032,Amiodarone HCl_Tab 200mg,0203020D0AAABAB,12,4.814600000000004
42,N83032,Buprenorphine_Tab Subling 400mcg S/F,0410030A0AAACAC,2,1.5232
43,N83032,Clonazepam_Tab 500mcg,0408010F0AAABAB,6,2.531199999999995
44,N83032,Pyridox HCl_Tab 50mg,0906024N0AAAIAI,2,1.4364000000000003
45,N83033,Amiodarone HCl_Tab 200mg,0203020D0AAABAB,5,2.450000000000002
46,N83033,Clonazepam_Tab 500mcg,0408010F0AAABAB,5,2.2147999999999954
47,N83033,Itraconazole_Cap 100mg,0502010C0AAAAAA,2,-0.011199999999998766
48,N83033,Risperidone_Tab 6mg,040201030AAAFAF,1,29.2096
49,N83043,Amiodarone HCl_Tab 200mg,0203020D0AAABAB,1,0.3500000000000003
50,N83043,Clonazepam_Tab 500mcg,0408010F0AAABAB,4,2.847599999999994
51,N83047,Amiodarone HCl_Tab 200mg,0203020D0AAABAB,4,1.4000000000000012
52,N83047,Clonazepam_Tab 500mcg,0408010F0AAABAB,4,1.3025999999999969
53,N83055,Amiodarone HCl_Tab 200mg,0203020D0AAABAB,4,1.4000000000000012
54,N83055,Buprenorphine_Tab Subling 400mcg S/F,0410030A0AAACAC,15,18.2784
55,N83055,Clonazepam_Tab 500mcg,0408010F0AAABAB,1,1.2655999999999974
56,N83601,Amiodarone HCl_Tab 200mg,0203020D0AAABAB,2,0.7000000000000006
57,N83601,Buprenorphine_Tab Subling 400mcg S/F,0410030A0AAACAC,6,6.0928
58,N83601,Clonazepam_Tab 500mcg,0408010F0AAABAB,9,2.926699999999994
59,N83603,Amiodarone HCl_Tab 200mg,0203020D0AAABAB,1,0.3500000000000003
60,N83603,Clonazepam_Tab 500mcg,0408010F0AAABAB,6,2.531199999999995
61,N83603,Itraconazole_Cap 100mg,0502010C0AAAAAA,1,0.00280000000000008
62,N83603,Pyridox HCl_Tab 50mg,0906024N0AAAIAI,1,0.11970000000000003
63,N83603,Sulfadiazine_Tab 500mg,0501080J0AAABAB,1,8.960000000000008
64,N83605,Amiodarone HCl_Tab 200mg,0203020D0AAABAB,5,2.100000000000002
65,N83605,Buprenorphine_Tab Subling 400mcg S/F,0410030A0AAACAC,1,2.72
66,N83605,Clonazepam_Tab 500mcg,0408010F0AAABAB,4,2.2147999999999954
67,N83608,Amiodarone HCl_Tab 200mg,0203020D0AAABAB,4,1.4000000000000012
68,N83608,Buprenorphine_Tab Subling 400mcg S/F,0410030A0AAACAC,3,2.947999999999999
69,N83608,Clonazepam_Tab 500mcg,0408010F0AAABAB,6,1.898399999999996
70,N83608,Itraconazole_Cap 100mg,0502010C0AAAAAA,5,0.014000000000000401
71,N83608,Pyridox HCl_Tab 50mg,0906024N0AAAIAI,11,6.224400000000001
72,N83609,Amiodarone HCl_Tab 200mg,0203020D0AAABAB,1,0.3500000000000003
73,N83609,Clonazepam_Tab 500mcg,0408010F0AAABAB,8,3.480399999999993
74,N83609,Itraconazole_Cap 100mg,0502010C0AAAAAA,1,-0.008399999999999075
75,N83609,Mesalazine_Tab E/C 800mg,0105010B0AAASAS,1,36.89999999999999
76,N83609,Risperidone_Tab 6mg,040201030AAAFAF,1,29.2096
77,N83610,Amiodarone HCl_Tab 200mg,0203020D0AAABAB,1,0.3500000000000003
78,N83610,Clonazepam_Tab 500mcg,0408010F0AAABAB,4,2.531199999999995
79,N83610,Itraconazole_Cap 100mg,0502010C0AAAAAA,1,-0.0007999999999999119
80,N83619,Clonazepam_Tab 500mcg,0408010F0AAABAB,3,1.5819999999999967
81,N83619,Pyridox HCl_Tab 50mg,0906024N0AAAIAI,1,0.9576000000000002
82,N83621,Amiodarone HCl_Tab 200mg,0203020D0AAABAB,4,1.4000000000000012
83,N83621,Buprenorphine_Tab Subling 400mcg S/F,0410030A0AAACAC,3,1.5232
84,N83621,Clonazepam_Tab 500mcg,0408010F0AAABAB,2,1.1073999999999977
85,N83621,Gemfibrozil_Tab 600mg,0212000Q0AAABAB,2,15.142399999999999
86,N83622,Clonazepam_Tab 500mcg,0408010F0AAABAB,1,0.15819999999999967
87,N83633,Clonazepam_Tab 500mcg,0408010F0AAABAB,2,2.847599999999994
88,N83633,Mesalazine_Tab E/C 800mg,0105010B0AAASAS,4,4.263256414560601e-14
89,N83641,Buprenorphine_Tab Subling 400mcg S/F,0410030A0AAACAC,19,16.520800000000005
90,Y01129,Itraconazole_Cap 100mg,0502010C0AAAAAA,1,57.5904
