,practice_code,bnf_description,bnf_code,items,excess_cost
0,A84002,Betahistine HCl_Tab 16mg,0406000B0AAABAB,5,39.1776
1,A84002,Clonazepam_Tab 500mcg,0408010F0AAABAB,3,1.6497999999999966
2,A84002,Ferr Sulf_Tab 200mg,0901011P0AAACAC,21,0.027099999999998556
3,A84002,Memantine HCl_Tab 10mg,0411000G0AAAAAA,5,-0.013999999999999915
4,A84002,Mesalazine_Tab E/C 400mg,0105010B0AAAAAA,2,66.1664
5,A84002,Paracet_Tab 500mg,0407010H0AAAMAM,280,49.648999999999994
6,A84002,Prednisolone_Tab Solb 5mg,0603020T0AABHBH,1,-0.0047999999999999154
7,A84003,Atorvastatin_Tab 20mg,0212000B0AAABAB,852,45.32640000000014
8,A84003,Betahistine HCl_Tab 16mg,0406000B0AAABAB,38,83.334
9,A84003,Clonazepam_Tab 500mcg,0408010F0AAABAB,28,8.306999999999983
10,A84003,Ferr Sulf_Tab 200mg,0901011P0AAACAC,91,147.0607
11,A84003,Memantine HCl_Tab 10mg,0411000G0AAAAAA,6,-0.0027999999999996916
12,A84003,Memantine HCl_Tab 20mg,0411000G0AAADAD,22,0.10779999999999988
13,A84003,Paracet_Tab 500mg,0407010H0AAAMAM,966,40.073599999999935
14,A84003,Prednisolone_Tab Solb 5mg,0603020T0AABHBH,3,71.937
15,A84005,Atorvastatin_Tab 20mg,0212000B0AAABAB,2,0.0004000000000000392
16,A84005,Betahistine HCl_Tab 16mg,0406000B0AAABAB,1,-0.018000000000000516
17,A84005,Clonazepam_Tab 500mcg,0408010F0AAABAB,15,6.644399999999987
18,A84005,Ferr Sulf_Tab 200mg,0901011P0AAACAC,37,0.05499999999999865
19,A84005,Memantine HCl_Tab 10mg,0411000G0AAAAAA,2,0.008400000000000143
20,A84005,Memantine HCl_Tab 20mg,0411000G0AAADAD,4,0.01959999999999998
21,A84005,Paracet_Tab 500mg,0407010H0AAAMAM,546,21.028800000000132
22,A84006,Atorvastatin_Tab 20mg,0212000B0AAABAB,740,91.04680000000002
23,A84006,Betahistine HCl_Tab 16mg,0406000B0AAABAB,29,22.419600000000003
24,A84006,Clonazepam_Tab 500mcg,0408010F0AAABAB,13,5.107599999999991
25,A84006,Ferr Sulf_Tab 200mg,0901011P0AAACAC,63,0.12799999999999687
26,A84006,Memantine HCl_Tab 10mg,0411000G0AAAAAA,8,-0.02119999999999987
27,A84006,Memantine HCl_Tab 20mg,0411000G0AAADAD,27,0.13229999999999986
28,A84006,Mesalazine_Tab E/C 400mg,0105010B0AAAAAA,4,66.71279999999999
29,A84006,Paracet_Tab 500mg,0407010H0AAAMAM,1750,101.87880000000017
30,A84006,Prednisolone_Tab Solb 5mg,0603020T0AABHBH,3,-0.007999999999999119
31,A84006,Rosuvastatin Calc_Tab 5mg,0212000AAAAADAD,9,-0.026000000000000745
32,A84007,Betahistine HCl_Tab 16mg,0406000B0AAABAB,11,23.161599999999996
33,A84007,Clonazepam_Tab 500mcg,0408010F0AAABAB,2,1.2655999999999974
34,A84007,Ferr Sulf_Tab 200mg,0901011P0AAACAC,62,0.044799999999997106
35,A84007,Memantine HCl_Tab 10mg,0411000G0AAAAAA,3,-0.0013999999999998458
36,A84007,Memantine HCl_Tab 20mg,0411000G0AAADAD,26,0.12739999999999985
37,A84007,Paracet_Tab 500mg,0407010H0AAAMAM,634,86.60080000000018
38,A84007,Prednisolone_Tab Solb 5mg,0603020T0AABHBH,3,-0.0036000000000000476
39,A84007,Rosuvastatin Calc_Tab 5mg,0212000AAAAADAD,9,-0.018200000000000716
40,A84008,Clonazepam_Tab 500mcg,0408010F0AAABAB,10,1.988799999999996
41,A84008,Ferr Sulf_Tab 200mg,0901011P0AAACAC,9,0.005599999999999675
42,A84008,Memantine HCl_Tab 10mg,0411000G0AAAAAA,5,-0.013999999999999915
43,A84008,Paracet_Tab 500mg,0407010H0AAAMAM,84,0.01399999999999993
44,A84009,Clonazepam_Tab 500mcg,0408010F0AAABAB,20,14.179199999999971
45,A84009,Ferr Sulf_Tab 200mg,0901011P0AAACAC,62,0.08229999999999717
46,A84009,Memantine HCl_Tab 10mg,0411000G0AAAAAA,9,0.009800000000000184
47,A84009,Memantine HCl_Tab 20mg,0411000G0AAADAD,5,0.01660000000000003
48,A84009,Mesalazine_Tab E/C 400mg,0105010B0AAAAAA,1,23.956799999999998
49,A84009,Paracet_Tab 500mg,0407010H0AAAMAM,72,0.20459999999999878
50,A84009,Prednisolone_Tab Solb 5mg,0603020T0AABHBH,3,-0.01079999999999881
51,A84011,Clonazepam_Tab 500mcg,0408010F0AAABAB,11,2.6328999999999945
52,A84011,Ferr Sulf_Tab 200mg,0901011P0AAACAC,30,0.11829999999999921
53,A84011,Memantine HCl_Tab 10mg,0411000G0AAAAAA,2,0.00840000000000024
54,A84011,Memantine HCl_Tab 20mg,0411000G0AAADAD,23,0.11269999999999988
55,A84011,Paracet_Tab 500mg,0407010H0AAAMAM,38,0.07119999999999957
56,A84011,Prednisolone_Tab Solb 5mg,0603020T0AABHBH,2,-0.008999999999999009
57,A84011,Rosuvastatin Calc_Tab 5mg,0212000AAAAADAD,5,-0.013400000000000134
58,A84013,Clonazepam_Tab 500mcg,0408010F0AAABAB,4,1.920999999999996
59,A84013,Ferr Sulf_Tab 200mg,0901011P0AAACAC,8,0.013999999999999624
60,A84013,Mesalazine_Tab E/C 400mg,0105010B0AAAAAA,1,11.978399999999999
61,A84013,Paracet_Tab 500mg,0407010H0AAAMAM,336,9.213600000000026
62,A84014,Atorvastatin_Tab 20mg,0212000B0AAABAB,227,45.763200000000076
63,A84014,Clonazepam_Tab 500mcg,0408010F0AAABAB,6,5.853399999999988
64,A84014,Ferr Sulf_Tab 200mg,0901011P0AAACAC,33,0.071899999999998
65,A84014,Memantine HCl_Tab 10mg,0411000G0AAAAAA,5,-0.006999999999999812
66,A84014,Memantine HCl_Tab 20mg,0411000G0AAADAD,5,0.024499999999999973
67,A84014,Mesalazine_Tab E/C 400mg,0105010B0AAAAAA,1,-31.942399999999996
68,A84014,Paracet_Tab 500mg,0407010H0AAAMAM,712,14.012800000000158
69,A84015,Atorvastatin_Tab 20mg,0212000B0AAABAB,50,22.533700000000003
70,A84015,Betahistine HCl_Tab 16mg,0406000B0AAABAB,9,31.5084
71,A84015,Clonazepam_Tab 500mcg,0408010F0AAABAB,2,0.6327999999999987
72,A84015,Ferr Sulf_Tab 200mg,0901011P0AAACAC,25,0.13199999999999898
73,A84015,Memantine HCl_Tab 20mg,0411000G0AAADAD,4,0.01959999999999998
74,A84015,Paracet_Tab 500mg,0407010H0AAAMAM,292,1.5191999999999908
75,A84016,Clonazepam_Tab 500mcg,0408010F0AAABAB,5,3.1639999999999935
76,A84016,Ferr Sulf_Tab 200mg,0901011P0AAACAC,4,0.022399999999999864
77,A84016,Memantine HCl_Tab 10mg,0411000G0AAAAAA,3,0.01260000000000007
78,A84016,Paracet_Tab 500mg,0407010H0AAAMAM,208,-2.979199999999982
79,A84018,Clonazepam_Tab 500mcg,0408010F0AAABAB,13,4.360399999999991
80,A84018,Ferr Sulf_Tab 200mg,0901011P0AAACAC,26,0.1343999999999992
81,A84018,Memantine HCl_Tab 10mg,0411000G0AAAAAA,6,-0.002799999999999886
82,A84018,Memantine HCl_Tab 20mg,0411000G0AAADAD,8,0.03919999999999996
83,A84018,Paracet_Tab 500mg,0407010H0AAAMAM,152,-0.24199999999999852
84,A84020,Atorvastatin_Tab 20mg,0212000B0AAABAB,1,0.00360000000000002
85,A84020,Clonazepam_Tab 500mcg,0408010F0AAABAB,2,0.949199999999998
86,A84020,Ferr Sulf_Tab 200mg,0901011P0AAACAC,4,0.022399999999999864
87,A84020,Memantine HCl_Tab 10mg,0411000G0AAAAAA,5,-0.006999999999999909
88,A84020,Memantine HCl_Tab 20mg,0411000G0AAADAD,9,0.04409999999999995
89,A84020,Paracet_Tab 500mg,0407010H0AAAMAM,118,-0.32519999999999805
90,A84020,Rosuvastatin Calc_Tab 5mg,0212000AAAAADAD,1,0.0015999999999999348
91,A84022,Atorvastatin_Tab 20mg,0212000B0AAABAB,1,-0.0015999999999999348
92,A84022,Betahistine HCl_Tab 16mg,0406000B0AAABAB,5,8.862
93,A84022,Clonazepam_Tab 500mcg,0408010F0AAABAB,27,11.881299999999975
94,A84022,Ferr Sulf_Tab 200mg,0901011P0AAACAC,76,0.158799999999997
95,A84022,Memantine HCl_Tab 10mg,0411000G0AAAAAA,18,-0.03639999999999968
96,A84022,Memantine HCl_Tab 20mg,0411000G0AAADAD,46,0.22539999999999977
97,A84022,Paracet_Tab 500mg,0407010H0AAAMAM,1146,9.980800000000203
98,A84022,Prednisolone_Tab Solb 5mg,0603020T0AABHBH,2,0.00020000000000020002
99,A84022,Rosuvastatin Calc_Tab 5mg,0212000AAAAADAD,2,91.6776
100,A84024,Atorvastatin_Tab 20mg,0212000B0AAABAB,2,0.004600000000000173
101,A84024,Clonazepam_Tab 500mcg,0408010F0AAABAB,6,0.6963999999999987
102,A84024,Ferr Sulf_Tab 200mg,0901011P0AAACAC,22,0.07019999999999943
103,A84024,Memantine HCl_Tab 10mg,0411000G0AAAAAA,15,-0.02199999999999977
104,A84024,Memantine HCl_Tab 20mg,0411000G0AAADAD,19,0.0930999999999999
105,A84024,Mesalazine_Tab E/C 400mg,0105010B0AAAAAA,1,-34.224
106,A84024,Paracet_Tab 500mg,0407010H0AAAMAM,230,-1.1263999999999932
107,A84024,Prednisolone_Tab Solb 5mg,0603020T0AABHBH,1,-0.0047999999999999154
108,A84025,Atorvastatin_Tab 20mg,0212000B0AAABAB,278,45.65680000000002
109,A84025,Clonazepam_Tab 500mcg,0408010F0AAABAB,9,0.949199999999998
110,A84025,Ferr Sulf_Tab 200mg,0901011P0AAACAC,6,0.033999999999999586
111,A84025,Memantine HCl_Tab 10mg,0411000G0AAAAAA,8,-0.020799999999999874
112,A84025,Memantine HCl_Tab 20mg,0411000G0AAADAD,12,0.058799999999999936
113,A84025,Mesalazine_Tab E/C 400mg,0105010B0AAAAAA,2,68.448
114,A84025,Paracet_Tab 500mg,0407010H0AAAMAM,322,-1.1831999999999927
115,A84025,Prednisolone_Tab Solb 5mg,0603020T0AABHBH,1,-0.0047999999999999154
116,A84026,Atorvastatin_Tab 20mg,0212000B0AAABAB,197,1.1032000000000317
117,A84026,Clonazepam_Tab 500mcg,0408010F0AAABAB,16,11.78919999999998
118,A84026,Ferr Sulf_Tab 200mg,0901011P0AAACAC,70,0.2351999999999977
119,A84026,Paracet_Tab 500mg,0407010H0AAAMAM,740,2.2055999999999845
120,A84026,Prednisolone_Tab Solb 5mg,0603020T0AABHBH,1,-0.0027999999999996916
121,A84026,Rosuvastatin Calc_Tab 5mg,0212000AAAAADAD,10,-0.01440000000000087
122,A84027,Atorvastatin_Tab 20mg,0212000B0AAABAB,1,-0.0029999999999998778
123,A84027,Ferr Sulf_Tab 200mg,0901011P0AAACAC,27,-0.03220000000000141
124,A84027,Memantine HCl_Tab 20mg,0411000G0AAADAD,21,0.10289999999999988
125,A84027,Paracet_Tab 500mg,0407010H0AAAMAM,204,-0.4703999999999971
126,A84028,Atorvastatin_Tab 20mg,0212000B0AAABAB,2,-0.007399999999999955
127,A84028,Betahistine HCl_Tab 16mg,0406000B0AAABAB,7,12.518799999999999
128,A84028,Clonazepam_Tab 500mcg,0408010F0AAABAB,21,10.979599999999976
129,A84028,Ferr Sulf_Tab 200mg,0901011P0AAACAC,35,0.057499999999998525
130,A84028,Memantine HCl_Tab 10mg,0411000G0AAAAAA,5,-0.006999999999999812
131,A84028,Memantine HCl_Tab 20mg,0411000G0AAADAD,22,0.0992999999999999
132,A84028,Paracet_Tab 500mg,0407010H0AAAMAM,52,0.18639999999999884
133,A84028,Rosuvastatin Calc_Tab 5mg,0212000AAAAADAD,1,0.0015999999999999348
134,A84029,Clonazepam_Tab 500mcg,0408010F0AAABAB,1,0.31639999999999935
135,A84029,Ferr Sulf_Tab 200mg,0901011P0AAACAC,4,-0.00840000000000024
136,A84029,Memantine HCl_Tab 20mg,0411000G0AAADAD,5,0.024499999999999973
137,A84029,Mesalazine_Tab E/C 400mg,0105010B0AAAAAA,4,-47.913599999999995
138,A84029,Paracet_Tab 500mg,0407010H0AAAMAM,90,-0.36959999999999776
139,A84030,Atorvastatin_Tab 20mg,0212000B0AAABAB,2,0.013100000000000375
140,A84030,Betahistine HCl_Tab 16mg,0406000B0AAABAB,18,42.541799999999995
141,A84030,Clonazepam_Tab 500mcg,0408010F0AAABAB,20,5.536999999999988
142,A84030,Ferr Sulf_Tab 200mg,0901011P0AAACAC,66,0.1263999999999975
143,A84030,Memantine HCl_Tab 10mg,0411000G0AAAAAA,25,-0.06299999999999947
144,A84030,Memantine HCl_Tab 20mg,0411000G0AAADAD,25,0.12249999999999986
145,A84030,Paracet_Tab 500mg,0407010H0AAAMAM,126,24.665599999999998
146,A84030,Rosuvastatin Calc_Tab 5mg,0212000AAAAADAD,4,-0.01120000000000032
147,A84031,Clonazepam_Tab 500mcg,0408010F0AAABAB,7,1.7401999999999964
148,A84031,Ferr Sulf_Tab 200mg,0901011P0AAACAC,1,0.0051999999999999685
149,A84031,Memantine HCl_Tab 10mg,0411000G0AAAAAA,1,0.00420000000000012
150,A84031,Memantine HCl_Tab 20mg,0411000G0AAADAD,4,0.01959999999999998
151,A84031,Paracet_Tab 500mg,0407010H0AAAMAM,70,16.620800000000003
152,A84031,Rosuvastatin Calc_Tab 5mg,0212000AAAAADAD,1,0.0041999999999995374
153,A84032,Clonazepam_Tab 500mcg,0408010F0AAABAB,1,0.996799999999999
154,A84032,Ferr Sulf_Tab 200mg,0901011P0AAACAC,17,-0.004800000000001262
155,A84032,Memantine HCl_Tab 20mg,0411000G0AAADAD,4,0.01959999999999998
156,A84032,Paracet_Tab 500mg,0407010H0AAAMAM,72,-0.08879999999999946
157,A84033,Atorvastatin_Tab 20mg,0212000B0AAABAB,6,0.0006000000000000588
158,A84033,Clonazepam_Tab 500mcg,0408010F0AAABAB,10,2.056599999999996
159,A84033,Ferr Sulf_Tab 200mg,0901011P0AAACAC,11,-5.828670879282072e-16
160,A84033,Memantine HCl_Tab 10mg,0411000G0AAAAAA,2,0.00140000000000004
161,A84033,Memantine HCl_Tab 20mg,0411000G0AAADAD,5,0.024499999999999973
162,A84033,Paracet_Tab 500mg,0407010H0AAAMAM,42,-0.14279999999999915
163,A84033,Rosuvastatin Calc_Tab 5mg,0212000AAAAADAD,1,0.004199999999999926
164,A84034,Clonazepam_Tab 500mcg,0408010F0AAABAB,11,4.135799999999992
165,A84034,Ferr Sulf_Tab 200mg,0901011P0AAACAC,27,0.11199999999999932
166,A84034,Memantine HCl_Tab 20mg,0411000G0AAADAD,13,0.06369999999999992
167,A84034,Paracet_Tab 500mg,0407010H0AAAMAM,206,-0.6915999999999958
168,A84035,Clonazepam_Tab 500mcg,0408010F0AAABAB,5,0.949199999999998
169,A84035,Ferr Sulf_Tab 200mg,0901011P0AAACAC,18,0.09029999999999938
170,A84035,Memantine HCl_Tab 10mg,0411000G0AAAAAA,4,-0.011199999999999932
171,A84035,Memantine HCl_Tab 20mg,0411000G0AAADAD,8,0.03919999999999996
172,A84035,Paracet_Tab 500mg,0407010H0AAAMAM,162,-0.7599999999999953
173,A84036,Atorvastatin_Tab 20mg,0212000B0AAABAB,1189,46.60800000000009
174,A84036,Betahistine HCl_Tab 16mg,0406000B0AAABAB,8,18.944800000000004
175,A84036,Clonazepam_Tab 500mcg,0408010F0AAABAB,19,6.449499999999986
176,A84036,Ferr Sulf_Tab 200mg,0901011P0AAACAC,14,0.016799999999999315
177,A84036,Memantine HCl_Tab 10mg,0411000G0AAAAAA,31,62.704600000000006
178,A84036,Memantine HCl_Tab 20mg,0411000G0AAADAD,36,0.1763999999999998
179,A84036,Paracet_Tab 500mg,0407010H0AAAMAM,678,27.587200000000053
180,A84036,Rosuvastatin Calc_Tab 5mg,0212000AAAAADAD,5,-0.014800000000000424
181,A84037,Betahistine HCl_Tab 16mg,0406000B0AAABAB,4,-5.443200000000002
182,A84037,Clonazepam_Tab 500mcg,0408010F0AAABAB,2,1.7627999999999964
183,A84037,Ferr Sulf_Tab 200mg,0901011P0AAACAC,27,0.10919999999999905
184,A84037,Memantine HCl_Tab 10mg,0411000G0AAAAAA,3,-0.001399999999999943
185,A84037,Memantine HCl_Tab 20mg,0411000G0AAADAD,8,0.03919999999999996
186,A84037,Paracet_Tab 500mg,0407010H0AAAMAM,10,0.030799999999999814
187,A84038,Clonazepam_Tab 500mcg,0408010F0AAABAB,13,2.2938999999999954
188,A84038,Ferr Sulf_Tab 200mg,0901011P0AAACAC,85,0.17609999999999676
189,A84038,Memantine HCl_Tab 10mg,0411000G0AAAAAA,6,-0.009799999999999795
190,A84038,Memantine HCl_Tab 20mg,0411000G0AAADAD,13,0.06369999999999992
191,A84038,Paracet_Tab 500mg,0407010H0AAAMAM,668,33.59360000000005
192,A84038,Prednisolone_Tab Solb 5mg,0603020T0AABHBH,3,-0.012199999999998656
193,A84038,Rosuvastatin Calc_Tab 5mg,0212000AAAAADAD,10,0.012399999999999356
194,A84039,Clonazepam_Tab 500mcg,0408010F0AAABAB,5,3.1639999999999935
195,A84039,Ferr Sulf_Tab 200mg,0901011P0AAACAC,29,0.059599999999999057
196,A84039,Memantine HCl_Tab 10mg,0411000G0AAAAAA,6,61.6317
197,A84039,Memantine HCl_Tab 20mg,0411000G0AAADAD,10,127.792
198,A84039,Mesalazine_Tab E/C 400mg,0105010B0AAAAAA,1,-14.259999999999998
199,A84039,Paracet_Tab 500mg,0407010H0AAAMAM,94,-0.4087999999999975
200,A84039,Prednisolone_Tab Solb 5mg,0603020T0AABHBH,2,-0.005599999999999383
201,A84040,Clonazepam_Tab 500mcg,0408010F0AAABAB,6,2.5763999999999947
202,A84040,Ferr Sulf_Tab 200mg,0901011P0AAACAC,28,0.030099999999998725
203,A84040,Memantine HCl_Tab 20mg,0411000G0AAADAD,7,0.03429999999999996
204,A84040,Paracet_Tab 500mg,0407010H0AAAMAM,58,-0.20399999999999877
205,A84040,Prednisolone_Tab Solb 5mg,0603020T0AABHBH,1,-0.0023999999999997357
206,A84040,Rosuvastatin Calc_Tab 5mg,0212000AAAAADAD,2,0.0005999999999998229
207,A84042,Clonazepam_Tab 500mcg,0408010F0AAABAB,1,0.6779999999999986
208,A84042,Memantine HCl_Tab 20mg,0411000G0AAADAD,4,0.01959999999999998
209,A84042,Paracet_Tab 500mg,0407010H0AAAMAM,34,-0.13999999999999915
210,A84043,Atorvastatin_Tab 20mg,0212000B0AAABAB,1,-0.004199999999999995
211,A84043,Clonazepam_Tab 500mcg,0408010F0AAABAB,14,6.960799999999986
212,A84043,Ferr Sulf_Tab 200mg,0901011P0AAACAC,40,0.053899999999998144
213,A84043,Memantine HCl_Tab 10mg,0411000G0AAAAAA,5,-0.006999999999999812
214,A84043,Memantine HCl_Tab 20mg,0411000G0AAADAD,8,0.03919999999999996
215,A84043,Paracet_Tab 500mg,0407010H0AAAMAM,1214,373.0720000000002
216,A84043,Prednisolone_Tab Solb 5mg,0603020T0AABHBH,4,67.13239999999999
217,A84044,Atorvastatin_Tab 20mg,0212000B0AAABAB,205,6.204800000000018
218,A84044,Betahistine HCl_Tab 16mg,0406000B0AAABAB,7,1.8816000000000008
219,A84044,Clonazepam_Tab 500mcg,0408010F0AAABAB,9,3.0509999999999935
220,A84044,Ferr Sulf_Tab 200mg,0901011P0AAACAC,53,21.211399999999994
221,A84044,Memantine HCl_Tab 10mg,0411000G0AAAAAA,1,0.004200000000000023
222,A84044,Memantine HCl_Tab 20mg,0411000G0AAADAD,1,0.004899999999999995
223,A84044,Paracet_Tab 500mg,0407010H0AAAMAM,542,26.471600000000056
224,A84044,Prednisolone_Tab Solb 5mg,0603020T0AABHBH,3,201.42599999999996
225,A84044,Rosuvastatin Calc_Tab 5mg,0212000AAAAADAD,3,-0.00840000000000024
226,A84045,Clonazepam_Tab 500mcg,0408010F0AAABAB,2,0.6327999999999987
227,A84045,Ferr Sulf_Tab 200mg,0901011P0AAACAC,16,0.0468999999999995
228,A84045,Memantine HCl_Tab 10mg,0411000G0AAAAAA,9,-0.01819999999999984
229,A84045,Paracet_Tab 500mg,0407010H0AAAMAM,54,0.1847999999999989
230,A84045,Rosuvastatin Calc_Tab 5mg,0212000AAAAADAD,7,-0.009000000000000563
231,A84047,Clonazepam_Tab 500mcg,0408010F0AAABAB,5,3.389999999999993
232,A84047,Ferr Sulf_Tab 200mg,0901011P0AAACAC,24,0.016799999999999024
233,A84047,Memantine HCl_Tab 20mg,0411000G0AAADAD,12,0.058799999999999936
234,A84047,Paracet_Tab 500mg,0407010H0AAAMAM,440,64.29880000000007
235,A84604,Clonazepam_Tab 500mcg,0408010F0AAABAB,1,0.6327999999999987
236,A84604,Ferr Sulf_Tab 200mg,0901011P0AAACAC,19,0.002099999999999186
237,A84604,Paracet_Tab 500mg,0407010H0AAAMAM,128,1.7920000000000234
238,A84609,Clonazepam_Tab 500mcg,0408010F0AAABAB,3,1.3333999999999973
239,A84609,Mesalazine_Tab E/C 400mg,0105010B0AAAAAA,1,-17.112
240,A84609,Paracet_Tab 500mg,0407010H0AAAMAM,18,9.598400000000003
241,A84614,Memantine HCl_Tab 10mg,0411000G0AAAAAA,1,0.00420000000000012
242,A84614,Paracet_Tab 500mg,0407010H0AAAMAM,58,-0.0671999999999996
243,A84619,Atorvastatin_Tab 20mg,0212000B0AAABAB,140,22.79310000000001
244,A84619,Betahistine HCl_Tab 16mg,0406000B0AAABAB,6,5.1015999999999995
245,A84619,Clonazepam_Tab 500mcg,0408010F0AAABAB,1,0.6327999999999987
246,A84619,Paracet_Tab 500mg,0407010H0AAAMAM,166,4.525600000000024
247,A84619,Prednisolone_Tab Solb 5mg,0603020T0AABHBH,1,-0.004799999999999471
248,Y00151,Atorvastatin_Tab 20mg,0212000B0AAABAB,42,22.579200000000004
249,Y00151,Betahistine HCl_Tab 16mg,0406000B0AAABAB,6,18.0936
250,Y00151,Clonazepam_Tab 500mcg,0408010F0AAABAB,2,2.531199999999995
251,Y00151,Ferr Sulf_Tab 200mg,0901011P0AAACAC,14,0.04059999999999917
252,Y00151,Memantine HCl_Tab 10mg,0411000G0AAAAAA,1,0.00420000000000012
253,Y00151,Paracet_Tab 500mg,0407010H0AAAMAM,54,-0.30239999999999817
254,Y00661,Paracet_Tab 500mg,0407010H0AAAMAM,4,0.01719999999999995
255,Y00661,Prednisolone_Tab Solb 5mg,0603020T0AABHBH,5,-0.007599999999999163
