,practice_code,bnf_description,bnf_code,items,excess_cost
507,P87032,Mesalazine_Tab E/C 800mg,0105010B0AAASAS,1,36.89999999999999
710,Y03789,Gabapentin_Cap 300mg,0408010G0AAABAB,1,36.84
509,P87008,Mesalazine_Tab E/C 800mg,0105010B0AAASAS,1,34.43999999999999
508,P87016,Mesalazine_Tab E/C 800mg,0105010B0AAASAS,1,34.43999999999999
490,P87026,Paracet_Tab Solb 500mg,0407010H0AAAQAQ,3,33.78000000000001
489,P87026,Paracet_Tab Solb 500mg,0407010H0AAAQAQ,3,33.78000000000001
149,P87026,Paracet_Tab 500mg,0407010H0AAAMAM,36,30.240000000000016
150,P87026,Paracet_Tab 500mg,0407010H0AAAMAM,36,30.240000000000016
145,P87035,Risperidone_Tab 6mg,040201030AAAFAF,4,29.232
147,P87004,Risperidone_Tab 6mg,040201030AAAFAF,1,29.2096
148,P87008,Risperidone_Tab 6mg,040201030AAAFAF,1,29.2096
146,P87627,Risperidone_Tab 6mg,040201030AAAFAF,1,29.2096
510,Y02071,Mesalazine_Tab E/C 800mg,0105010B0AAASAS,4,22.959999999999994
152,P87026,Paracet_Tab 500mg,0407010H0AAAMAM,120,13.200000000000003
151,P87026,Paracet_Tab 500mg,0407010H0AAAMAM,120,13.200000000000003
910,P87654,Buprenorphine_Tab Subling 400mcg S/F,0410030A0AAACAC,2,12.1856
911,Y02630,Buprenorphine_Tab Subling 400mcg S/F,0410030A0AAACAC,10,7.6160000000000005
154,P87026,Paracet_Tab 500mg,0407010H0AAAMAM,3,6.3504000000000005
153,P87026,Paracet_Tab 500mg,0407010H0AAAMAM,3,6.3504000000000005
155,P87026,Paracet_Tab 500mg,0407010H0AAAMAM,43,5.5384
156,P87026,Paracet_Tab 500mg,0407010H0AAAMAM,43,5.5384
901,P87019,Topiramate_Tab 200mg,040801050AAACAC,9,5.191200000000002
903,P87039,Topiramate_Tab 200mg,040801050AAACAC,2,4.979999999999998
902,P87620,Topiramate_Tab 200mg,040801050AAACAC,2,4.979999999999998
905,P87026,Topiramate_Tab 200mg,040801050AAACAC,1,4.647999999999998
904,P87002,Topiramate_Tab 200mg,040801050AAACAC,1,4.647999999999998
0,P87002,Clonazepam_Tab 500mcg,0408010F0AAABAB,1,4.519999999999991
1,Y00445,Clonazepam_Tab 500mcg,0408010F0AAABAB,13,4.113199999999992
3,P87024,Clonazepam_Tab 500mcg,0408010F0AAABAB,2,3.796799999999992
2,P87659,Clonazepam_Tab 500mcg,0408010F0AAABAB,2,3.796799999999992
4,P87024,Clonazepam_Tab 500mcg,0408010F0AAABAB,5,3.1639999999999935
158,P87026,Paracet_Tab 500mg,0407010H0AAAMAM,2,3.0240000000000005
157,P87026,Paracet_Tab 500mg,0407010H0AAAMAM,2,3.0240000000000005
5,Y02625,Clonazepam_Tab 500mcg,0408010F0AAABAB,8,2.531199999999995
6,P87019,Clonazepam_Tab 500mcg,0408010F0AAABAB,2,2.531199999999995
906,P87625,Topiramate_Tab 200mg,040801050AAACAC,1,2.489999999999999
907,Y00445,Topiramate_Tab 200mg,040801050AAACAC,1,2.489999999999999
660,Y00445,Amiodarone HCl_Tab 200mg,0203020D0AAABAB,7,2.450000000000002
908,P87024,Topiramate_Tab 200mg,040801050AAACAC,1,2.3183999999999996
912,Y02630,Buprenorphine_Tab Subling 400mcg S/F,0410030A0AAACAC,2,2.2848
8,P87016,Clonazepam_Tab 500mcg,0408010F0AAABAB,1,2.2599999999999953
7,Y02622,Clonazepam_Tab 500mcg,0408010F0AAABAB,1,2.2599999999999953
516,P87002,Co-Codamol_Cap 8mg/500mg,0407010F0AAABAB,14,2.240000000000025
517,P87002,Co-Codamol_Cap 8mg/500mg,0407010F0AAABAB,14,2.240000000000025
711,P87620,Gabapentin_Cap 300mg,0408010G0AAABAB,2,2.1056000000000012
664,P87025,Amiodarone HCl_Tab 200mg,0203020D0AAABAB,6,2.100000000000002
665,P87002,Amiodarone HCl_Tab 200mg,0203020D0AAABAB,3,2.100000000000002
661,P87016,Amiodarone HCl_Tab 200mg,0203020D0AAABAB,3,2.100000000000002
662,P87004,Amiodarone HCl_Tab 200mg,0203020D0AAABAB,6,2.100000000000002
663,P87016,Amiodarone HCl_Tab 200mg,0203020D0AAABAB,6,2.100000000000002
518,P87019,Co-Codamol_Cap 8mg/500mg,0407010F0AAABAB,13,2.0800000000000236
520,P87026,Co-Codamol_Cap 8mg/500mg,0407010F0AAABAB,13,2.0800000000000236
521,P87026,Co-Codamol_Cap 8mg/500mg,0407010F0AAABAB,13,2.0800000000000236
519,P87019,Co-Codamol_Cap 8mg/500mg,0407010F0AAABAB,13,2.0800000000000236
9,P87040,Clonazepam_Tab 500mcg,0408010F0AAABAB,13,2.056599999999996
10,P87027,Clonazepam_Tab 500mcg,0408010F0AAABAB,3,2.033999999999996
913,Y02630,Buprenorphine_Tab Subling 400mcg S/F,0410030A0AAACAC,5,1.9040000000000001
14,P87639,Clonazepam_Tab 500mcg,0408010F0AAABAB,2,1.898399999999996
11,Y00445,Clonazepam_Tab 500mcg,0408010F0AAABAB,2,1.898399999999996
13,P87019,Clonazepam_Tab 500mcg,0408010F0AAABAB,6,1.898399999999996
17,P87610,Clonazepam_Tab 500mcg,0408010F0AAABAB,1,1.898399999999996
16,P87026,Clonazepam_Tab 500mcg,0408010F0AAABAB,2,1.898399999999996
15,P87016,Clonazepam_Tab 500mcg,0408010F0AAABAB,3,1.898399999999996
12,Y00445,Clonazepam_Tab 500mcg,0408010F0AAABAB,3,1.898399999999996
667,P87017,Amiodarone HCl_Tab 200mg,0203020D0AAABAB,5,1.7500000000000016
666,P87019,Amiodarone HCl_Tab 200mg,0203020D0AAABAB,5,1.7500000000000016
909,P87625,Topiramate_Tab 200mg,040801050AAACAC,3,1.7304000000000006
18,P87019,Clonazepam_Tab 500mcg,0408010F0AAABAB,10,1.5819999999999967
914,P87613,Buprenorphine_Tab Subling 400mcg S/F,0410030A0AAACAC,1,1.5232
669,P87659,Amiodarone HCl_Tab 200mg,0203020D0AAABAB,4,1.4000000000000012
670,P87019,Amiodarone HCl_Tab 200mg,0203020D0AAABAB,2,1.4000000000000012
671,P87024,Amiodarone HCl_Tab 200mg,0203020D0AAABAB,4,1.4000000000000012
672,P87040,Amiodarone HCl_Tab 200mg,0203020D0AAABAB,4,1.4000000000000012
668,P87613,Amiodarone HCl_Tab 200mg,0203020D0AAABAB,2,1.4000000000000012
22,P87026,Clonazepam_Tab 500mcg,0408010F0AAABAB,2,1.3559999999999972
21,P87027,Clonazepam_Tab 500mcg,0408010F0AAABAB,1,1.3559999999999972
20,P87017,Clonazepam_Tab 500mcg,0408010F0AAABAB,1,1.3559999999999972
19,P87002,Clonazepam_Tab 500mcg,0408010F0AAABAB,1,1.3559999999999972
673,P87027,Amiodarone HCl_Tab 200mg,0203020D0AAABAB,15,1.2705
674,P87002,Amiodarone HCl_Tab 200mg,0203020D0AAABAB,15,1.2705
26,P87024,Clonazepam_Tab 500mcg,0408010F0AAABAB,4,1.2655999999999974
25,P87008,Clonazepam_Tab 500mcg,0408010F0AAABAB,2,1.2655999999999974
24,P87036,Clonazepam_Tab 500mcg,0408010F0AAABAB,4,1.2655999999999974
23,P87627,Clonazepam_Tab 500mcg,0408010F0AAABAB,1,1.2655999999999974
28,P87659,Clonazepam_Tab 500mcg,0408010F0AAABAB,1,1.2655999999999974
27,P87648,Clonazepam_Tab 500mcg,0408010F0AAABAB,1,1.2655999999999974
37,P87634,Clonazepam_Tab 500mcg,0408010F0AAABAB,1,1.2655999999999974
32,P87654,Clonazepam_Tab 500mcg,0408010F0AAABAB,2,1.2655999999999974
35,P87024,Clonazepam_Tab 500mcg,0408010F0AAABAB,1,1.2655999999999974
34,P87019,Clonazepam_Tab 500mcg,0408010F0AAABAB,2,1.2655999999999974
33,P87026,Clonazepam_Tab 500mcg,0408010F0AAABAB,2,1.2655999999999974
36,P87658,Clonazepam_Tab 500mcg,0408010F0AAABAB,2,1.2655999999999974
31,P87003,Clonazepam_Tab 500mcg,0408010F0AAABAB,1,1.2655999999999974
30,P87017,Clonazepam_Tab 500mcg,0408010F0AAABAB,2,1.2655999999999974
29,P87040,Clonazepam_Tab 500mcg,0408010F0AAABAB,2,1.2655999999999974
160,P87002,Paracet_Tab 500mg,0407010H0AAAMAM,120,1.1999999999999926
159,P87002,Paracet_Tab 500mg,0407010H0AAAMAM,120,1.1999999999999926
915,Y02630,Buprenorphine_Tab Subling 400mcg S/F,0410030A0AAACAC,2,1.1424
42,P87040,Clonazepam_Tab 500mcg,0408010F0AAABAB,1,1.1299999999999977
40,P87017,Clonazepam_Tab 500mcg,0408010F0AAABAB,1,1.1299999999999977
43,Y00445,Clonazepam_Tab 500mcg,0408010F0AAABAB,1,1.1299999999999977
38,P87027,Clonazepam_Tab 500mcg,0408010F0AAABAB,1,1.1299999999999977
39,P87032,Clonazepam_Tab 500mcg,0408010F0AAABAB,1,1.1299999999999977
41,P87620,Clonazepam_Tab 500mcg,0408010F0AAABAB,1,1.1299999999999977
522,P87027,Co-Codamol_Cap 8mg/500mg,0407010F0AAABAB,7,1.1200000000000125
523,P87027,Co-Codamol_Cap 8mg/500mg,0407010F0AAABAB,7,1.1200000000000125
44,P87027,Clonazepam_Tab 500mcg,0408010F0AAABAB,7,1.1073999999999977
45,P87613,Clonazepam_Tab 500mcg,0408010F0AAABAB,7,1.1073999999999977
916,Y02630,Buprenorphine_Tab Subling 400mcg S/F,0410030A0AAACAC,1,1.0569000000000006
677,P87008,Amiodarone HCl_Tab 200mg,0203020D0AAABAB,1,1.050000000000001
678,Y02625,Amiodarone HCl_Tab 200mg,0203020D0AAABAB,3,1.050000000000001
676,P87654,Amiodarone HCl_Tab 200mg,0203020D0AAABAB,3,1.050000000000001
675,P87610,Amiodarone HCl_Tab 200mg,0203020D0AAABAB,3,1.050000000000001
46,P87040,Clonazepam_Tab 500mcg,0408010F0AAABAB,13,1.028299999999998
47,Y00445,Clonazepam_Tab 500mcg,0408010F0AAABAB,1,1.016999999999998
524,P87032,Co-Codamol_Cap 8mg/500mg,0407010F0AAABAB,6,0.9600000000000108
525,P87032,Co-Codamol_Cap 8mg/500mg,0407010F0AAABAB,6,0.9600000000000108
52,P87654,Clonazepam_Tab 500mcg,0408010F0AAABAB,1,0.949199999999998
58,P87002,Clonazepam_Tab 500mcg,0408010F0AAABAB,1,0.949199999999998
59,P87024,Clonazepam_Tab 500mcg,0408010F0AAABAB,4,0.949199999999998
57,Y02767,Clonazepam_Tab 500mcg,0408010F0AAABAB,6,0.949199999999998
56,P87610,Clonazepam_Tab 500mcg,0408010F0AAABAB,3,0.949199999999998
55,P87025,Clonazepam_Tab 500mcg,0408010F0AAABAB,1,0.949199999999998
54,P87020,Clonazepam_Tab 500mcg,0408010F0AAABAB,4,0.949199999999998
53,P87008,Clonazepam_Tab 500mcg,0408010F0AAABAB,2,0.949199999999998
51,P87618,Clonazepam_Tab 500mcg,0408010F0AAABAB,4,0.949199999999998
50,Y00445,Clonazepam_Tab 500mcg,0408010F0AAABAB,4,0.949199999999998
49,P87659,Clonazepam_Tab 500mcg,0408010F0AAABAB,1,0.949199999999998
48,P87040,Clonazepam_Tab 500mcg,0408010F0AAABAB,1,0.949199999999998
162,P87027,Paracet_Tab 500mg,0407010H0AAAMAM,153,0.8567999999999948
161,P87027,Paracet_Tab 500mg,0407010H0AAAMAM,153,0.8567999999999948
679,Y02071,Amiodarone HCl_Tab 200mg,0203020D0AAABAB,10,0.847
527,P87657,Co-Codamol_Cap 8mg/500mg,0407010F0AAABAB,5,0.800000000000009
526,P87657,Co-Codamol_Cap 8mg/500mg,0407010F0AAABAB,5,0.800000000000009
60,P87024,Clonazepam_Tab 500mcg,0408010F0AAABAB,5,0.7909999999999984
680,P87040,Amiodarone HCl_Tab 200mg,0203020D0AAABAB,9,0.7623
61,P87022,Clonazepam_Tab 500mcg,0408010F0AAABAB,3,0.7118999999999985
684,P87618,Amiodarone HCl_Tab 200mg,0203020D0AAABAB,2,0.7000000000000006
681,P87036,Amiodarone HCl_Tab 200mg,0203020D0AAABAB,2,0.7000000000000006
682,P87613,Amiodarone HCl_Tab 200mg,0203020D0AAABAB,2,0.7000000000000006
690,P87651,Amiodarone HCl_Tab 200mg,0203020D0AAABAB,2,0.7000000000000006
686,Y02767,Amiodarone HCl_Tab 200mg,0203020D0AAABAB,2,0.7000000000000006
685,P87035,Amiodarone HCl_Tab 200mg,0203020D0AAABAB,2,0.7000000000000006
689,P87027,Amiodarone HCl_Tab 200mg,0203020D0AAABAB,2,0.7000000000000006
688,P87039,Amiodarone HCl_Tab 200mg,0203020D0AAABAB,2,0.7000000000000006
687,P87020,Amiodarone HCl_Tab 200mg,0203020D0AAABAB,2,0.7000000000000006
683,P87028,Amiodarone HCl_Tab 200mg,0203020D0AAABAB,1,0.7000000000000006
63,P87025,Clonazepam_Tab 500mcg,0408010F0AAABAB,1,0.6779999999999986
62,P87624,Clonazepam_Tab 500mcg,0408010F0AAABAB,1,0.6779999999999986
69,P87025,Clonazepam_Tab 500mcg,0408010F0AAABAB,2,0.6779999999999986
64,P87020,Clonazepam_Tab 500mcg,0408010F0AAABAB,1,0.6779999999999986
67,P87019,Clonazepam_Tab 500mcg,0408010F0AAABAB,1,0.6779999999999986
68,P87035,Clonazepam_Tab 500mcg,0408010F0AAABAB,1,0.6779999999999986
65,P87040,Clonazepam_Tab 500mcg,0408010F0AAABAB,1,0.6779999999999986
66,P87016,Clonazepam_Tab 500mcg,0408010F0AAABAB,1,0.6779999999999986
691,P87659,Amiodarone HCl_Tab 200mg,0203020D0AAABAB,8,0.6776
528,P87004,Co-Codamol_Cap 8mg/500mg,0407010F0AAABAB,4,0.6400000000000072
529,P87025,Co-Codamol_Cap 8mg/500mg,0407010F0AAABAB,4,0.6400000000000072
531,P87016,Co-Codamol_Cap 8mg/500mg,0407010F0AAABAB,4,0.6400000000000072
532,P87016,Co-Codamol_Cap 8mg/500mg,0407010F0AAABAB,4,0.6400000000000072
533,P87024,Co-Codamol_Cap 8mg/500mg,0407010F0AAABAB,4,0.6400000000000072
534,P87019,Co-Codamol_Cap 8mg/500mg,0407010F0AAABAB,2,0.6400000000000072
535,P87025,Co-Codamol_Cap 8mg/500mg,0407010F0AAABAB,4,0.6400000000000072
536,P87024,Co-Codamol_Cap 8mg/500mg,0407010F0AAABAB,4,0.6400000000000072
537,P87004,Co-Codamol_Cap 8mg/500mg,0407010F0AAABAB,4,0.6400000000000072
530,P87019,Co-Codamol_Cap 8mg/500mg,0407010F0AAABAB,2,0.6400000000000072
86,Y02767,Clonazepam_Tab 500mcg,0408010F0AAABAB,1,0.6327999999999987
87,P87008,Clonazepam_Tab 500mcg,0408010F0AAABAB,2,0.6327999999999987
75,P87028,Clonazepam_Tab 500mcg,0408010F0AAABAB,2,0.6327999999999987
85,P87016,Clonazepam_Tab 500mcg,0408010F0AAABAB,2,0.6327999999999987
84,P87627,Clonazepam_Tab 500mcg,0408010F0AAABAB,1,0.6327999999999987
83,P87022,Clonazepam_Tab 500mcg,0408010F0AAABAB,1,0.6327999999999987
81,P87024,Clonazepam_Tab 500mcg,0408010F0AAABAB,8,0.6327999999999987
80,P87026,Clonazepam_Tab 500mcg,0408010F0AAABAB,2,0.6327999999999987
79,P87624,Clonazepam_Tab 500mcg,0408010F0AAABAB,1,0.6327999999999987
78,P87659,Clonazepam_Tab 500mcg,0408010F0AAABAB,1,0.6327999999999987
77,P87028,Clonazepam_Tab 500mcg,0408010F0AAABAB,1,0.6327999999999987
76,P87657,Clonazepam_Tab 500mcg,0408010F0AAABAB,1,0.6327999999999987
82,P87020,Clonazepam_Tab 500mcg,0408010F0AAABAB,1,0.6327999999999987
70,Y02625,Clonazepam_Tab 500mcg,0408010F0AAABAB,1,0.6327999999999987
71,P87618,Clonazepam_Tab 500mcg,0408010F0AAABAB,1,0.6327999999999987
72,P87624,Clonazepam_Tab 500mcg,0408010F0AAABAB,4,0.6327999999999987
73,P87015,Clonazepam_Tab 500mcg,0408010F0AAABAB,2,0.6327999999999987
74,P87025,Clonazepam_Tab 500mcg,0408010F0AAABAB,1,0.6327999999999987
89,P87017,Clonazepam_Tab 500mcg,0408010F0AAABAB,1,0.5699999999999983
88,P87002,Clonazepam_Tab 500mcg,0408010F0AAABAB,1,0.5699999999999983
91,P87016,Clonazepam_Tab 500mcg,0408010F0AAABAB,7,0.5536999999999989
90,P87015,Clonazepam_Tab 500mcg,0408010F0AAABAB,7,0.5536999999999989
92,Y00445,Clonazepam_Tab 500mcg,0408010F0AAABAB,1,0.5375999999999994
692,P87651,Amiodarone HCl_Tab 200mg,0203020D0AAABAB,1,0.5292
93,Y00445,Clonazepam_Tab 500mcg,0408010F0AAABAB,1,0.5129999999999985
693,P87020,Amiodarone HCl_Tab 200mg,0203020D0AAABAB,6,0.5082
694,P87019,Amiodarone HCl_Tab 200mg,0203020D0AAABAB,6,0.5082
538,P87002,Co-Codamol_Cap 8mg/500mg,0407010F0AAABAB,1,0.4800000000000054
539,Y02767,Co-Codamol_Cap 8mg/500mg,0407010F0AAABAB,3,0.4800000000000054
540,Y02767,Co-Codamol_Cap 8mg/500mg,0407010F0AAABAB,3,0.4800000000000054
541,P87002,Co-Codamol_Cap 8mg/500mg,0407010F0AAABAB,1,0.4800000000000054
95,P87024,Clonazepam_Tab 500mcg,0408010F0AAABAB,1,0.474599999999999
94,P87026,Clonazepam_Tab 500mcg,0408010F0AAABAB,1,0.474599999999999
96,P87039,Clonazepam_Tab 500mcg,0408010F0AAABAB,3,0.474599999999999
97,P87026,Clonazepam_Tab 500mcg,0408010F0AAABAB,11,0.4663999999999999
696,P87620,Amiodarone HCl_Tab 200mg,0203020D0AAABAB,5,0.4235
695,P87652,Amiodarone HCl_Tab 200mg,0203020D0AAABAB,5,0.4235
99,P87004,Clonazepam_Tab 500mcg,0408010F0AAABAB,5,0.3954999999999992
98,P87620,Clonazepam_Tab 500mcg,0408010F0AAABAB,5,0.3954999999999992
100,P87026,Clonazepam_Tab 500mcg,0408010F0AAABAB,6,0.38159999999999994
548,P87024,Co-Codamol_Cap 8mg/500mg,0407010F0AAABAB,1,0.35840000000000405
542,P87002,Co-Codamol_Cap 8mg/500mg,0407010F0AAABAB,4,0.35840000000000405
547,P87652,Co-Codamol_Cap 8mg/500mg,0407010F0AAABAB,2,0.35840000000000405
549,P87024,Co-Codamol_Cap 8mg/500mg,0407010F0AAABAB,1,0.35840000000000405
546,P87002,Co-Codamol_Cap 8mg/500mg,0407010F0AAABAB,4,0.35840000000000405
545,P87004,Co-Codamol_Cap 8mg/500mg,0407010F0AAABAB,1,0.35840000000000405
544,P87004,Co-Codamol_Cap 8mg/500mg,0407010F0AAABAB,1,0.35840000000000405
543,P87652,Co-Codamol_Cap 8mg/500mg,0407010F0AAABAB,2,0.35840000000000405
101,P87020,Clonazepam_Tab 500mcg,0408010F0AAABAB,1,0.3583999999999996
698,P87658,Amiodarone HCl_Tab 200mg,0203020D0AAABAB,1,0.3500000000000003
699,P87630,Amiodarone HCl_Tab 200mg,0203020D0AAABAB,1,0.3500000000000003
701,P87026,Amiodarone HCl_Tab 200mg,0203020D0AAABAB,1,0.3500000000000003
702,P87661,Amiodarone HCl_Tab 200mg,0203020D0AAABAB,1,0.3500000000000003
703,P87008,Amiodarone HCl_Tab 200mg,0203020D0AAABAB,1,0.3500000000000003
697,P87660,Amiodarone HCl_Tab 200mg,0203020D0AAABAB,1,0.3500000000000003
700,P87015,Amiodarone HCl_Tab 200mg,0203020D0AAABAB,1,0.3500000000000003
102,P87027,Clonazepam_Tab 500mcg,0408010F0AAABAB,1,0.3389999999999993
103,P87040,Clonazepam_Tab 500mcg,0408010F0AAABAB,1,0.3389999999999993
104,P87625,Clonazepam_Tab 500mcg,0408010F0AAABAB,1,0.3389999999999993
105,P87032,Clonazepam_Tab 500mcg,0408010F0AAABAB,1,0.3389999999999993
704,P87035,Amiodarone HCl_Tab 200mg,0203020D0AAABAB,4,0.3388
705,P87022,Amiodarone HCl_Tab 200mg,0203020D0AAABAB,4,0.3388
706,P87017,Amiodarone HCl_Tab 200mg,0203020D0AAABAB,4,0.3388
707,Y00445,Amiodarone HCl_Tab 200mg,0203020D0AAABAB,4,0.3388
917,Y02630,Buprenorphine_Tab Subling 400mcg S/F,0410030A0AAACAC,1,0.3228000000000001
563,P87003,Co-Codamol_Cap 8mg/500mg,0407010F0AAABAB,2,0.3200000000000036
567,P87654,Co-Codamol_Cap 8mg/500mg,0407010F0AAABAB,2,0.3200000000000036
566,Y02625,Co-Codamol_Cap 8mg/500mg,0407010F0AAABAB,2,0.3200000000000036
565,P87620,Co-Codamol_Cap 8mg/500mg,0407010F0AAABAB,2,0.3200000000000036
564,P87026,Co-Codamol_Cap 8mg/500mg,0407010F0AAABAB,1,0.3200000000000036
550,P87032,Co-Codamol_Cap 8mg/500mg,0407010F0AAABAB,1,0.3200000000000036
562,P87026,Co-Codamol_Cap 8mg/500mg,0407010F0AAABAB,1,0.3200000000000036
557,P87654,Co-Codamol_Cap 8mg/500mg,0407010F0AAABAB,2,0.3200000000000036
551,P87620,Co-Codamol_Cap 8mg/500mg,0407010F0AAABAB,2,0.3200000000000036
552,P87660,Co-Codamol_Cap 8mg/500mg,0407010F0AAABAB,2,0.3200000000000036
553,P87025,Co-Codamol_Cap 8mg/500mg,0407010F0AAABAB,1,0.3200000000000036
554,P87025,Co-Codamol_Cap 8mg/500mg,0407010F0AAABAB,1,0.3200000000000036
555,P87024,Co-Codamol_Cap 8mg/500mg,0407010F0AAABAB,1,0.3200000000000036
556,P87032,Co-Codamol_Cap 8mg/500mg,0407010F0AAABAB,1,0.3200000000000036
561,P87660,Co-Codamol_Cap 8mg/500mg,0407010F0AAABAB,2,0.3200000000000036
560,Y02625,Co-Codamol_Cap 8mg/500mg,0407010F0AAABAB,2,0.3200000000000036
559,P87024,Co-Codamol_Cap 8mg/500mg,0407010F0AAABAB,1,0.3200000000000036
558,P87003,Co-Codamol_Cap 8mg/500mg,0407010F0AAABAB,2,0.3200000000000036
113,P87657,Clonazepam_Tab 500mcg,0408010F0AAABAB,1,0.31639999999999935
120,P87016,Clonazepam_Tab 500mcg,0408010F0AAABAB,2,0.31639999999999935
110,P87008,Clonazepam_Tab 500mcg,0408010F0AAABAB,4,0.31639999999999935
111,P87017,Clonazepam_Tab 500mcg,0408010F0AAABAB,4,0.31639999999999935
112,P87025,Clonazepam_Tab 500mcg,0408010F0AAABAB,1,0.31639999999999935
114,P87630,Clonazepam_Tab 500mcg,0408010F0AAABAB,4,0.31639999999999935
115,P87014,Clonazepam_Tab 500mcg,0408010F0AAABAB,1,0.31639999999999935
116,P87630,Clonazepam_Tab 500mcg,0408010F0AAABAB,1,0.31639999999999935
117,Y02767,Clonazepam_Tab 500mcg,0408010F0AAABAB,1,0.31639999999999935
118,P87613,Clonazepam_Tab 500mcg,0408010F0AAABAB,1,0.31639999999999935
119,P87019,Clonazepam_Tab 500mcg,0408010F0AAABAB,4,0.31639999999999935
122,P87017,Clonazepam_Tab 500mcg,0408010F0AAABAB,1,0.31639999999999935
121,P87654,Clonazepam_Tab 500mcg,0408010F0AAABAB,1,0.31639999999999935
107,P87035,Clonazepam_Tab 500mcg,0408010F0AAABAB,1,0.31639999999999935
123,P87002,Clonazepam_Tab 500mcg,0408010F0AAABAB,1,0.31639999999999935
124,P87035,Clonazepam_Tab 500mcg,0408010F0AAABAB,4,0.31639999999999935
125,P87652,Clonazepam_Tab 500mcg,0408010F0AAABAB,1,0.31639999999999935
126,P87039,Clonazepam_Tab 500mcg,0408010F0AAABAB,1,0.31639999999999935
127,P87610,Clonazepam_Tab 500mcg,0408010F0AAABAB,2,0.31639999999999935
128,P87657,Clonazepam_Tab 500mcg,0408010F0AAABAB,4,0.31639999999999935
129,P87002,Clonazepam_Tab 500mcg,0408010F0AAABAB,4,0.31639999999999935
109,P87624,Clonazepam_Tab 500mcg,0408010F0AAABAB,1,0.31639999999999935
108,P87027,Clonazepam_Tab 500mcg,0408010F0AAABAB,1,0.31639999999999935
106,P87648,Clonazepam_Tab 500mcg,0408010F0AAABAB,1,0.31639999999999935
569,P87014,Co-Codamol_Cap 8mg/500mg,0407010F0AAABAB,3,0.28800000000000325
571,P87026,Co-Codamol_Cap 8mg/500mg,0407010F0AAABAB,3,0.28800000000000325
570,P87026,Co-Codamol_Cap 8mg/500mg,0407010F0AAABAB,3,0.28800000000000325
568,P87014,Co-Codamol_Cap 8mg/500mg,0407010F0AAABAB,3,0.28800000000000325
130,P87020,Clonazepam_Tab 500mcg,0408010F0AAABAB,1,0.2735999999999992
572,P87019,Co-Codamol_Cap 8mg/500mg,0407010F0AAABAB,3,0.25500000000000106
573,P87019,Co-Codamol_Cap 8mg/500mg,0407010F0AAABAB,3,0.25500000000000106
708,P87661,Amiodarone HCl_Tab 200mg,0203020D0AAABAB,3,0.2541
918,Y02630,Buprenorphine_Tab Subling 400mcg S/F,0410030A0AAACAC,1,0.24749999999999997
574,P87019,Co-Codamol_Cap 8mg/500mg,0407010F0AAABAB,1,0.2400000000000027
575,P87019,Co-Codamol_Cap 8mg/500mg,0407010F0AAABAB,1,0.2400000000000027
576,P87025,Co-Codamol_Cap 8mg/500mg,0407010F0AAABAB,1,0.2400000000000027
577,P87025,Co-Codamol_Cap 8mg/500mg,0407010F0AAABAB,1,0.2400000000000027
131,P87019,Clonazepam_Tab 500mcg,0408010F0AAABAB,1,0.2372999999999995
579,P87026,Co-Codamol_Cap 8mg/500mg,0407010F0AAABAB,31,0.19840000000000224
578,P87026,Co-Codamol_Cap 8mg/500mg,0407010F0AAABAB,31,0.19840000000000224
585,P87040,Co-Codamol_Cap 8mg/500mg,0407010F0AAABAB,1,0.19200000000000217
584,P87654,Co-Codamol_Cap 8mg/500mg,0407010F0AAABAB,2,0.19200000000000217
583,P87040,Co-Codamol_Cap 8mg/500mg,0407010F0AAABAB,1,0.19200000000000217
582,P87654,Co-Codamol_Cap 8mg/500mg,0407010F0AAABAB,2,0.19200000000000217
581,P87634,Co-Codamol_Cap 8mg/500mg,0407010F0AAABAB,2,0.19200000000000217
580,P87634,Co-Codamol_Cap 8mg/500mg,0407010F0AAABAB,2,0.19200000000000217
919,Y02630,Buprenorphine_Tab Subling 400mcg S/F,0410030A0AAACAC,1,0.1904
588,P87026,Co-Codamol_Cap 8mg/500mg,0407010F0AAABAB,1,0.17920000000000202
587,P87026,Co-Codamol_Cap 8mg/500mg,0407010F0AAABAB,1,0.17920000000000202
589,P87620,Co-Codamol_Cap 8mg/500mg,0407010F0AAABAB,1,0.17920000000000202
586,P87620,Co-Codamol_Cap 8mg/500mg,0407010F0AAABAB,1,0.17920000000000202
592,P87657,Co-Codamol_Cap 8mg/500mg,0407010F0AAABAB,2,0.1700000000000007
594,P87024,Co-Codamol_Cap 8mg/500mg,0407010F0AAABAB,2,0.1700000000000007
595,P87040,Co-Codamol_Cap 8mg/500mg,0407010F0AAABAB,2,0.1700000000000007
591,P87657,Co-Codamol_Cap 8mg/500mg,0407010F0AAABAB,2,0.1700000000000007
590,P87024,Co-Codamol_Cap 8mg/500mg,0407010F0AAABAB,2,0.1700000000000007
593,P87040,Co-Codamol_Cap 8mg/500mg,0407010F0AAABAB,2,0.1700000000000007
132,P87002,Clonazepam_Tab 500mcg,0408010F0AAABAB,4,0.16959999999999997
134,P87019,Clonazepam_Tab 500mcg,0408010F0AAABAB,4,0.16959999999999997
133,Y02071,Clonazepam_Tab 500mcg,0408010F0AAABAB,4,0.16959999999999997
599,Y00445,Co-Codamol_Cap 8mg/500mg,0407010F0AAABAB,1,0.1600000000000018
603,Y00445,Co-Codamol_Cap 8mg/500mg,0407010F0AAABAB,1,0.1600000000000018
597,P87634,Co-Codamol_Cap 8mg/500mg,0407010F0AAABAB,1,0.1600000000000018
596,P87008,Co-Codamol_Cap 8mg/500mg,0407010F0AAABAB,1,0.1600000000000018
598,P87008,Co-Codamol_Cap 8mg/500mg,0407010F0AAABAB,1,0.1600000000000018
609,P87040,Co-Codamol_Cap 8mg/500mg,0407010F0AAABAB,1,0.1600000000000018
608,P87014,Co-Codamol_Cap 8mg/500mg,0407010F0AAABAB,1,0.1600000000000018
607,P87639,Co-Codamol_Cap 8mg/500mg,0407010F0AAABAB,1,0.1600000000000018
606,P87040,Co-Codamol_Cap 8mg/500mg,0407010F0AAABAB,1,0.1600000000000018
605,P87639,Co-Codamol_Cap 8mg/500mg,0407010F0AAABAB,1,0.1600000000000018
604,P87634,Co-Codamol_Cap 8mg/500mg,0407010F0AAABAB,1,0.1600000000000018
602,P87014,Co-Codamol_Cap 8mg/500mg,0407010F0AAABAB,1,0.1600000000000018
600,P87020,Co-Codamol_Cap 8mg/500mg,0407010F0AAABAB,1,0.1600000000000018
601,P87020,Co-Codamol_Cap 8mg/500mg,0407010F0AAABAB,1,0.1600000000000018
140,P87026,Clonazepam_Tab 500mcg,0408010F0AAABAB,1,0.15819999999999967
138,Y02625,Clonazepam_Tab 500mcg,0408010F0AAABAB,1,0.15819999999999967
137,P87660,Clonazepam_Tab 500mcg,0408010F0AAABAB,1,0.15819999999999967
136,P87025,Clonazepam_Tab 500mcg,0408010F0AAABAB,1,0.15819999999999967
135,P87658,Clonazepam_Tab 500mcg,0408010F0AAABAB,2,0.15819999999999967
141,P87028,Clonazepam_Tab 500mcg,0408010F0AAABAB,1,0.15819999999999967
139,P87036,Clonazepam_Tab 500mcg,0408010F0AAABAB,1,0.15819999999999967
163,P87657,Paracet_Tab 500mg,0407010H0AAAMAM,1,0.14999999999999997
164,P87657,Paracet_Tab 500mg,0407010H0AAAMAM,1,0.14999999999999997
611,P87024,Co-Codamol_Cap 8mg/500mg,0407010F0AAABAB,4,0.1428000000000006
610,P87024,Co-Codamol_Cap 8mg/500mg,0407010F0AAABAB,4,0.1428000000000006
142,P87036,Clonazepam_Tab 500mcg,0408010F0AAABAB,1,0.1367999999999996
712,P87024,Gabapentin_Cap 300mg,0408010G0AAABAB,65,0.1365000000000039
612,P87019,Co-Codamol_Cap 8mg/500mg,0407010F0AAABAB,3,0.13440000000000152
613,P87019,Co-Codamol_Cap 8mg/500mg,0407010F0AAABAB,3,0.13440000000000152
614,P87620,Co-Codamol_Cap 8mg/500mg,0407010F0AAABAB,1,0.12800000000000145
619,P87026,Co-Codamol_Cap 8mg/500mg,0407010F0AAABAB,1,0.12800000000000145
616,P87024,Co-Codamol_Cap 8mg/500mg,0407010F0AAABAB,1,0.12800000000000145
617,P87024,Co-Codamol_Cap 8mg/500mg,0407010F0AAABAB,1,0.12800000000000145
618,P87620,Co-Codamol_Cap 8mg/500mg,0407010F0AAABAB,1,0.12800000000000145
615,P87026,Co-Codamol_Cap 8mg/500mg,0407010F0AAABAB,1,0.12800000000000145
165,P87019,Paracet_Tab 500mg,0407010H0AAAMAM,44,0.12319999999999925
166,P87019,Paracet_Tab 500mg,0407010H0AAAMAM,44,0.12319999999999925
713,P87026,Gabapentin_Cap 300mg,0408010G0AAABAB,26,0.11440000000000003
714,P87019,Gabapentin_Cap 300mg,0408010G0AAABAB,52,0.10920000000000313
624,P87652,Co-Codamol_Cap 8mg/500mg,0407010F0AAABAB,2,0.10240000000000116
620,P87652,Co-Codamol_Cap 8mg/500mg,0407010F0AAABAB,2,0.10240000000000116
621,P87032,Co-Codamol_Cap 8mg/500mg,0407010F0AAABAB,1,0.10240000000000116
622,P87024,Co-Codamol_Cap 8mg/500mg,0407010F0AAABAB,2,0.10240000000000116
623,P87024,Co-Codamol_Cap 8mg/500mg,0407010F0AAABAB,2,0.10240000000000116
625,P87032,Co-Codamol_Cap 8mg/500mg,0407010F0AAABAB,1,0.10240000000000116
628,Y00445,Co-Codamol_Cap 8mg/500mg,0407010F0AAABAB,1,0.09600000000000108
631,P87610,Co-Codamol_Cap 8mg/500mg,0407010F0AAABAB,1,0.09600000000000108
630,P87649,Co-Codamol_Cap 8mg/500mg,0407010F0AAABAB,1,0.09600000000000108
629,P87649,Co-Codamol_Cap 8mg/500mg,0407010F0AAABAB,1,0.09600000000000108
633,P87024,Co-Codamol_Cap 8mg/500mg,0407010F0AAABAB,1,0.09600000000000108
627,Y00445,Co-Codamol_Cap 8mg/500mg,0407010F0AAABAB,1,0.09600000000000108
626,P87024,Co-Codamol_Cap 8mg/500mg,0407010F0AAABAB,1,0.09600000000000108
632,P87610,Co-Codamol_Cap 8mg/500mg,0407010F0AAABAB,1,0.09600000000000108
168,P87019,Paracet_Tab 500mg,0407010H0AAAMAM,22,0.09239999999999944
167,P87019,Paracet_Tab 500mg,0407010H0AAAMAM,22,0.09239999999999944
634,Y00445,Co-Codamol_Cap 8mg/500mg,0407010F0AAABAB,1,0.08960000000000101
635,Y00445,Co-Codamol_Cap 8mg/500mg,0407010F0AAABAB,1,0.08960000000000101
716,P87027,Gabapentin_Cap 300mg,0408010G0AAABAB,21,0.08820000000000253
715,P87024,Gabapentin_Cap 300mg,0408010G0AAABAB,21,0.08820000000000253
636,P87027,Co-Codamol_Cap 8mg/500mg,0407010F0AAABAB,1,0.08500000000000035
637,P87025,Co-Codamol_Cap 8mg/500mg,0407010F0AAABAB,1,0.08500000000000035
638,P87026,Co-Codamol_Cap 8mg/500mg,0407010F0AAABAB,1,0.08500000000000035
639,P87027,Co-Codamol_Cap 8mg/500mg,0407010F0AAABAB,1,0.08500000000000035
640,P87025,Co-Codamol_Cap 8mg/500mg,0407010F0AAABAB,1,0.08500000000000035
641,P87026,Co-Codamol_Cap 8mg/500mg,0407010F0AAABAB,1,0.08500000000000035
709,P87008,Amiodarone HCl_Tab 200mg,0203020D0AAABAB,1,0.0847
170,P87661,Paracet_Tab 500mg,0407010H0AAAMAM,14,0.08399999999999949
169,P87661,Paracet_Tab 500mg,0407010H0AAAMAM,14,0.08399999999999949
717,P87040,Gabapentin_Cap 300mg,0408010G0AAABAB,38,0.07980000000000229
171,P87654,Paracet_Tab 500mg,0407010H0AAAMAM,13,0.07799999999999953
173,P87634,Paracet_Tab 500mg,0407010H0AAAMAM,13,0.07799999999999953
174,P87634,Paracet_Tab 500mg,0407010H0AAAMAM,13,0.07799999999999953
172,P87654,Paracet_Tab 500mg,0407010H0AAAMAM,13,0.07799999999999953
718,P87020,Gabapentin_Cap 300mg,0408010G0AAABAB,36,0.07560000000000217
175,P87002,Paracet_Tab 500mg,0407010H0AAAMAM,18,0.07559999999999954
176,P87002,Paracet_Tab 500mg,0407010H0AAAMAM,18,0.07559999999999954
719,P87620,Gabapentin_Cap 300mg,0408010G0AAABAB,16,0.06720000000000192
721,Y00445,Gabapentin_Cap 300mg,0408010G0AAABAB,30,0.0630000000000018
720,P87630,Gabapentin_Cap 300mg,0408010G0AAABAB,30,0.0630000000000018
177,P87630,Paracet_Tab 500mg,0407010H0AAAMAM,15,0.06299999999999961
178,P87630,Paracet_Tab 500mg,0407010H0AAAMAM,15,0.06299999999999961
179,P87002,Paracet_Tab 500mg,0407010H0AAAMAM,22,0.06159999999999963
180,P87002,Paracet_Tab 500mg,0407010H0AAAMAM,22,0.06159999999999963
722,P87027,Gabapentin_Cap 300mg,0408010G0AAABAB,29,0.060900000000001744
182,P87625,Paracet_Tab 500mg,0407010H0AAAMAM,10,0.05999999999999964
181,P87625,Paracet_Tab 500mg,0407010H0AAAMAM,10,0.05999999999999964
723,P87040,Gabapentin_Cap 300mg,0408010G0AAABAB,14,0.058800000000001684
184,P87040,Paracet_Tab 500mg,0407010H0AAAMAM,14,0.058799999999999644
183,P87040,Paracet_Tab 500mg,0407010H0AAAMAM,14,0.058799999999999644
724,P87025,Gabapentin_Cap 300mg,0408010G0AAABAB,27,0.056700000000001624
642,P87026,Co-Codamol_Cap 8mg/500mg,0407010F0AAABAB,1,0.05399999999999988
643,P87654,Co-Codamol_Cap 8mg/500mg,0407010F0AAABAB,1,0.05399999999999988
644,P87654,Co-Codamol_Cap 8mg/500mg,0407010F0AAABAB,1,0.05399999999999988
645,P87026,Co-Codamol_Cap 8mg/500mg,0407010F0AAABAB,1,0.05399999999999988
648,P87026,Co-Codamol_Cap 8mg/500mg,0407010F0AAABAB,1,0.05120000000000058
653,P87026,Co-Codamol_Cap 8mg/500mg,0407010F0AAABAB,1,0.05120000000000058
654,P87019,Co-Codamol_Cap 8mg/500mg,0407010F0AAABAB,1,0.05120000000000058
655,P87028,Co-Codamol_Cap 8mg/500mg,0407010F0AAABAB,1,0.05120000000000058
651,P87654,Co-Codamol_Cap 8mg/500mg,0407010F0AAABAB,1,0.05120000000000058
647,P87654,Co-Codamol_Cap 8mg/500mg,0407010F0AAABAB,1,0.05120000000000058
650,Y00445,Co-Codamol_Cap 8mg/500mg,0407010F0AAABAB,1,0.05120000000000058
652,P87028,Co-Codamol_Cap 8mg/500mg,0407010F0AAABAB,1,0.05120000000000058
649,Y00445,Co-Codamol_Cap 8mg/500mg,0407010F0AAABAB,1,0.05120000000000058
646,P87019,Co-Codamol_Cap 8mg/500mg,0407010F0AAABAB,1,0.05120000000000058
728,P87652,Gabapentin_Cap 300mg,0408010G0AAABAB,12,0.050400000000001444
726,P87008,Gabapentin_Cap 300mg,0408010G0AAABAB,24,0.050400000000001444
725,P87634,Gabapentin_Cap 300mg,0408010G0AAABAB,24,0.050400000000001444
727,P87620,Gabapentin_Cap 300mg,0408010G0AAABAB,24,0.050400000000001444
185,P87024,Paracet_Tab 500mg,0407010H0AAAMAM,18,0.050399999999999695
186,P87024,Paracet_Tab 500mg,0407010H0AAAMAM,18,0.050399999999999695
731,P87035,Gabapentin_Cap 300mg,0408010G0AAABAB,20,0.0420000000000012
729,Y00445,Gabapentin_Cap 300mg,0408010G0AAABAB,10,0.0420000000000012
730,P87002,Gabapentin_Cap 300mg,0408010G0AAABAB,20,0.0420000000000012
189,P87019,Paracet_Tab 500mg,0407010H0AAAMAM,7,0.041999999999999746
187,Y02625,Paracet_Tab 500mg,0407010H0AAAMAM,14,0.041999999999999746
188,Y02625,Paracet_Tab 500mg,0407010H0AAAMAM,14,0.041999999999999746
190,P87019,Paracet_Tab 500mg,0407010H0AAAMAM,7,0.041999999999999746
732,P87652,Gabapentin_Cap 300mg,0408010G0AAABAB,19,0.03990000000000114
733,P87026,Gabapentin_Cap 300mg,0408010G0AAABAB,18,0.03780000000000108
192,P87660,Paracet_Tab 500mg,0407010H0AAAMAM,13,0.03639999999999978
191,P87660,Paracet_Tab 500mg,0407010H0AAAMAM,13,0.03639999999999978
734,P87040,Gabapentin_Cap 300mg,0408010G0AAABAB,6,0.03600000000000103
735,P87660,Gabapentin_Cap 300mg,0408010G0AAABAB,17,0.03570000000000102
737,P87002,Gabapentin_Cap 300mg,0408010G0AAABAB,8,0.03360000000000096
738,P87016,Gabapentin_Cap 300mg,0408010G0AAABAB,16,0.03360000000000096
739,Y02767,Gabapentin_Cap 300mg,0408010G0AAABAB,16,0.03360000000000096
736,P87661,Gabapentin_Cap 300mg,0408010G0AAABAB,8,0.03360000000000096
197,P87008,Paracet_Tab 500mg,0407010H0AAAMAM,12,0.0335999999999998
196,P87016,Paracet_Tab 500mg,0407010H0AAAMAM,8,0.0335999999999998
195,P87008,Paracet_Tab 500mg,0407010H0AAAMAM,12,0.0335999999999998
194,P87027,Paracet_Tab 500mg,0407010H0AAAMAM,8,0.0335999999999998
193,P87659,Paracet_Tab 500mg,0407010H0AAAMAM,12,0.0335999999999998
204,P87659,Paracet_Tab 500mg,0407010H0AAAMAM,8,0.0335999999999998
200,P87039,Paracet_Tab 500mg,0407010H0AAAMAM,8,0.0335999999999998
201,P87659,Paracet_Tab 500mg,0407010H0AAAMAM,8,0.0335999999999998
202,P87027,Paracet_Tab 500mg,0407010H0AAAMAM,8,0.0335999999999998
203,P87039,Paracet_Tab 500mg,0407010H0AAAMAM,8,0.0335999999999998
199,P87659,Paracet_Tab 500mg,0407010H0AAAMAM,12,0.0335999999999998
198,P87016,Paracet_Tab 500mg,0407010H0AAAMAM,8,0.0335999999999998
656,P87026,Co-Codamol_Cap 8mg/500mg,0407010F0AAABAB,1,0.03200000000000036
657,P87026,Co-Codamol_Cap 8mg/500mg,0407010F0AAABAB,1,0.03200000000000036
742,P87032,Gabapentin_Cap 300mg,0408010G0AAABAB,15,0.0315000000000009
741,P87003,Gabapentin_Cap 300mg,0408010G0AAABAB,15,0.0315000000000009
740,P87017,Gabapentin_Cap 300mg,0408010G0AAABAB,15,0.0315000000000009
743,P87019,Gabapentin_Cap 300mg,0408010G0AAABAB,11,0.030800000000000882
205,P87036,Paracet_Tab 500mg,0407010H0AAAMAM,5,0.02999999999999982
206,P87036,Paracet_Tab 500mg,0407010H0AAAMAM,5,0.02999999999999982
744,P87654,Gabapentin_Cap 300mg,0408010G0AAABAB,7,0.029400000000000842
745,P87014,Gabapentin_Cap 300mg,0408010G0AAABAB,14,0.029400000000000842
746,Y02071,Gabapentin_Cap 300mg,0408010G0AAABAB,14,0.029400000000000842
747,P87015,Gabapentin_Cap 300mg,0408010G0AAABAB,7,0.029400000000000842
748,P87002,Gabapentin_Cap 300mg,0408010G0AAABAB,8,0.028000000000000802
749,P87613,Gabapentin_Cap 300mg,0408010G0AAABAB,13,0.027300000000000782
751,P87610,Gabapentin_Cap 300mg,0408010G0AAABAB,12,0.025200000000000722
750,P87660,Gabapentin_Cap 300mg,0408010G0AAABAB,9,0.025200000000000722
752,P87659,Gabapentin_Cap 300mg,0408010G0AAABAB,6,0.025200000000000722
211,P87008,Paracet_Tab 500mg,0407010H0AAAMAM,6,0.025199999999999848
214,P87654,Paracet_Tab 500mg,0407010H0AAAMAM,9,0.025199999999999848
213,P87008,Paracet_Tab 500mg,0407010H0AAAMAM,6,0.025199999999999848
212,P87654,Paracet_Tab 500mg,0407010H0AAAMAM,9,0.025199999999999848
209,P87040,Paracet_Tab 500mg,0407010H0AAAMAM,9,0.025199999999999848
210,P87040,Paracet_Tab 500mg,0407010H0AAAMAM,9,0.025199999999999848
208,Y00445,Paracet_Tab 500mg,0407010H0AAAMAM,6,0.025199999999999848
216,Y00445,Paracet_Tab 500mg,0407010H0AAAMAM,6,0.025199999999999848
215,P87027,Paracet_Tab 500mg,0407010H0AAAMAM,9,0.025199999999999848
207,P87027,Paracet_Tab 500mg,0407010H0AAAMAM,9,0.025199999999999848
217,P87649,Paracet_Tab 500mg,0407010H0AAAMAM,6,0.025199999999999848
218,P87649,Paracet_Tab 500mg,0407010H0AAAMAM,6,0.025199999999999848
219,P87039,Paracet_Tab 500mg,0407010H0AAAMAM,4,0.023999999999999855
221,P87022,Paracet_Tab 500mg,0407010H0AAAMAM,4,0.023999999999999855
222,Y00445,Paracet_Tab 500mg,0407010H0AAAMAM,4,0.023999999999999855
223,Y00445,Paracet_Tab 500mg,0407010H0AAAMAM,4,0.023999999999999855
224,P87022,Paracet_Tab 500mg,0407010H0AAAMAM,4,0.023999999999999855
220,P87039,Paracet_Tab 500mg,0407010H0AAAMAM,4,0.023999999999999855
753,P87659,Gabapentin_Cap 300mg,0408010G0AAABAB,11,0.02310000000000066
754,Y00445,Gabapentin_Cap 300mg,0408010G0AAABAB,8,0.02240000000000064
227,P87028,Paracet_Tab 500mg,0407010H0AAAMAM,8,0.022399999999999864
225,P87017,Paracet_Tab 500mg,0407010H0AAAMAM,8,0.022399999999999864
229,P87017,Paracet_Tab 500mg,0407010H0AAAMAM,8,0.022399999999999864
226,P87035,Paracet_Tab 500mg,0407010H0AAAMAM,8,0.022399999999999864
230,P87028,Paracet_Tab 500mg,0407010H0AAAMAM,8,0.022399999999999864
228,P87035,Paracet_Tab 500mg,0407010H0AAAMAM,8,0.022399999999999864
143,P87026,Clonazepam_Tab 500mcg,0408010F0AAABAB,1,0.021199999999999997
144,P87036,Clonazepam_Tab 500mcg,0408010F0AAABAB,1,0.021199999999999997
759,P87618,Gabapentin_Cap 300mg,0408010G0AAABAB,10,0.0210000000000006
758,Y02622,Gabapentin_Cap 300mg,0408010G0AAABAB,5,0.0210000000000006
757,P87020,Gabapentin_Cap 300mg,0408010G0AAABAB,5,0.0210000000000006
756,P87026,Gabapentin_Cap 300mg,0408010G0AAABAB,5,0.0210000000000006
755,P87658,Gabapentin_Cap 300mg,0408010G0AAABAB,10,0.0210000000000006
659,P87639,Co-Codamol_Cap 8mg/500mg,0407010F0AAABAB,1,0.021000000000000185
658,P87639,Co-Codamol_Cap 8mg/500mg,0407010F0AAABAB,1,0.021000000000000185
231,P87625,Paracet_Tab 500mg,0407010H0AAAMAM,5,0.020999999999999873
232,P87625,Paracet_Tab 500mg,0407010H0AAAMAM,5,0.020999999999999873
233,P87620,Paracet_Tab 500mg,0407010H0AAAMAM,5,0.020999999999999873
234,P87620,Paracet_Tab 500mg,0407010H0AAAMAM,5,0.020999999999999873
760,Y02767,Gabapentin_Cap 300mg,0408010G0AAABAB,7,0.01960000000000056
235,P87015,Paracet_Tab 500mg,0407010H0AAAMAM,7,0.01959999999999988
236,P87015,Paracet_Tab 500mg,0407010H0AAAMAM,7,0.01959999999999988
761,P87004,Gabapentin_Cap 300mg,0408010G0AAABAB,9,0.01890000000000054
762,P87610,Gabapentin_Cap 300mg,0408010G0AAABAB,3,0.018000000000000516
238,P87024,Paracet_Tab 500mg,0407010H0AAAMAM,3,0.01799999999999989
239,P87024,Paracet_Tab 500mg,0407010H0AAAMAM,3,0.01799999999999989
240,P87035,Paracet_Tab 500mg,0407010H0AAAMAM,3,0.01799999999999989
241,P87035,Paracet_Tab 500mg,0407010H0AAAMAM,3,0.01799999999999989
242,P87618,Paracet_Tab 500mg,0407010H0AAAMAM,3,0.01799999999999989
237,P87618,Paracet_Tab 500mg,0407010H0AAAMAM,3,0.01799999999999989
771,Y02767,Gabapentin_Cap 300mg,0408010G0AAABAB,4,0.01680000000000048
772,P87658,Gabapentin_Cap 300mg,0408010G0AAABAB,12,0.01680000000000048
767,P87639,Gabapentin_Cap 300mg,0408010G0AAABAB,4,0.01680000000000048
770,P87008,Gabapentin_Cap 300mg,0408010G0AAABAB,4,0.01680000000000048
768,P87625,Gabapentin_Cap 300mg,0408010G0AAABAB,6,0.01680000000000048
763,P87003,Gabapentin_Cap 300mg,0408010G0AAABAB,4,0.01680000000000048
764,P87032,Gabapentin_Cap 300mg,0408010G0AAABAB,4,0.01680000000000048
766,P87024,Gabapentin_Cap 300mg,0408010G0AAABAB,12,0.01680000000000048
765,P87035,Gabapentin_Cap 300mg,0408010G0AAABAB,4,0.01680000000000048
769,P87624,Gabapentin_Cap 300mg,0408010G0AAABAB,6,0.01680000000000048
245,P87002,Paracet_Tab 500mg,0407010H0AAAMAM,1,0.0167999999999999
243,P87002,Paracet_Tab 500mg,0407010H0AAAMAM,1,0.0167999999999999
244,P87024,Paracet_Tab 500mg,0407010H0AAAMAM,4,0.0167999999999999
246,P87658,Paracet_Tab 500mg,0407010H0AAAMAM,4,0.0167999999999999
247,P87658,Paracet_Tab 500mg,0407010H0AAAMAM,4,0.0167999999999999
248,P87610,Paracet_Tab 500mg,0407010H0AAAMAM,6,0.0167999999999999
249,P87017,Paracet_Tab 500mg,0407010H0AAAMAM,4,0.0167999999999999
250,P87024,Paracet_Tab 500mg,0407010H0AAAMAM,4,0.0167999999999999
252,P87618,Paracet_Tab 500mg,0407010H0AAAMAM,4,0.0167999999999999
253,P87610,Paracet_Tab 500mg,0407010H0AAAMAM,6,0.0167999999999999
251,P87017,Paracet_Tab 500mg,0407010H0AAAMAM,4,0.0167999999999999
254,P87618,Paracet_Tab 500mg,0407010H0AAAMAM,4,0.0167999999999999
773,P87634,Gabapentin_Cap 300mg,0408010G0AAABAB,11,0.015400000000000441
774,P87019,Gabapentin_Cap 300mg,0408010G0AAABAB,11,0.015400000000000441
256,P87654,Paracet_Tab 500mg,0407010H0AAAMAM,5,0.01499999999999991
255,P87654,Paracet_Tab 500mg,0407010H0AAAMAM,5,0.01499999999999991
776,P87657,Gabapentin_Cap 300mg,0408010G0AAABAB,7,0.014700000000000421
775,P87015,Gabapentin_Cap 300mg,0408010G0AAABAB,7,0.014700000000000421
777,P87654,Gabapentin_Cap 300mg,0408010G0AAABAB,7,0.014700000000000421
782,P87016,Gabapentin_Cap 300mg,0408010G0AAABAB,5,0.014000000000000401
781,P87024,Gabapentin_Cap 300mg,0408010G0AAABAB,5,0.014000000000000401
780,P87040,Gabapentin_Cap 300mg,0408010G0AAABAB,4,0.014000000000000401
778,P87610,Gabapentin_Cap 300mg,0408010G0AAABAB,5,0.014000000000000401
783,P87620,Gabapentin_Cap 300mg,0408010G0AAABAB,5,0.014000000000000401
779,P87630,Gabapentin_Cap 300mg,0408010G0AAABAB,4,0.014000000000000401
259,P87634,Paracet_Tab 500mg,0407010H0AAAMAM,5,0.013999999999999915
258,P87634,Paracet_Tab 500mg,0407010H0AAAMAM,5,0.013999999999999915
257,P87004,Paracet_Tab 500mg,0407010H0AAAMAM,5,0.013999999999999915
260,P87004,Paracet_Tab 500mg,0407010H0AAAMAM,5,0.013999999999999915
784,P87017,Gabapentin_Cap 300mg,0408010G0AAABAB,3,0.012600000000000361
785,P87613,Gabapentin_Cap 300mg,0408010G0AAABAB,3,0.012600000000000361
786,P87625,Gabapentin_Cap 300mg,0408010G0AAABAB,3,0.012600000000000361
787,P87634,Gabapentin_Cap 300mg,0408010G0AAABAB,3,0.012600000000000361
267,P87613,Paracet_Tab 500mg,0407010H0AAAMAM,3,0.012599999999999924
261,P87003,Paracet_Tab 500mg,0407010H0AAAMAM,3,0.012599999999999924
262,Y02071,Paracet_Tab 500mg,0407010H0AAAMAM,6,0.012599999999999924
263,P87028,Paracet_Tab 500mg,0407010H0AAAMAM,6,0.012599999999999924
264,Y02071,Paracet_Tab 500mg,0407010H0AAAMAM,6,0.012599999999999924
265,P87613,Paracet_Tab 500mg,0407010H0AAAMAM,3,0.012599999999999924
266,P87003,Paracet_Tab 500mg,0407010H0AAAMAM,3,0.012599999999999924
268,P87028,Paracet_Tab 500mg,0407010H0AAAMAM,6,0.012599999999999924
789,P87610,Gabapentin_Cap 300mg,0408010G0AAABAB,4,0.012000000000000344
791,P87028,Gabapentin_Cap 300mg,0408010G0AAABAB,2,0.012000000000000344
788,P87014,Gabapentin_Cap 300mg,0408010G0AAABAB,2,0.012000000000000344
790,P87634,Gabapentin_Cap 300mg,0408010G0AAABAB,2,0.012000000000000344
282,P87624,Paracet_Tab 500mg,0407010H0AAAMAM,2,0.011999999999999927
281,P87610,Paracet_Tab 500mg,0407010H0AAAMAM,2,0.011999999999999927
279,P87660,Paracet_Tab 500mg,0407010H0AAAMAM,4,0.011999999999999927
278,P87019,Paracet_Tab 500mg,0407010H0AAAMAM,4,0.011999999999999927
277,P87025,Paracet_Tab 500mg,0407010H0AAAMAM,2,0.011999999999999927
276,P87004,Paracet_Tab 500mg,0407010H0AAAMAM,2,0.011999999999999927
275,P87014,Paracet_Tab 500mg,0407010H0AAAMAM,2,0.011999999999999927
274,P87624,Paracet_Tab 500mg,0407010H0AAAMAM,2,0.011999999999999927
273,P87660,Paracet_Tab 500mg,0407010H0AAAMAM,4,0.011999999999999927
272,P87025,Paracet_Tab 500mg,0407010H0AAAMAM,2,0.011999999999999927
271,P87019,Paracet_Tab 500mg,0407010H0AAAMAM,4,0.011999999999999927
270,P87014,Paracet_Tab 500mg,0407010H0AAAMAM,2,0.011999999999999927
269,P87004,Paracet_Tab 500mg,0407010H0AAAMAM,2,0.011999999999999927
280,P87610,Paracet_Tab 500mg,0407010H0AAAMAM,2,0.011999999999999927
792,P87035,Gabapentin_Cap 300mg,0408010G0AAABAB,4,0.01120000000000032
793,Y02625,Gabapentin_Cap 300mg,0408010G0AAABAB,4,0.01120000000000032
794,P87040,Gabapentin_Cap 300mg,0408010G0AAABAB,4,0.01120000000000032
795,P87027,Gabapentin_Cap 300mg,0408010G0AAABAB,4,0.01120000000000032
796,P87020,Gabapentin_Cap 300mg,0408010G0AAABAB,4,0.01120000000000032
285,Y00445,Paracet_Tab 500mg,0407010H0AAAMAM,4,0.011199999999999932
294,P87003,Paracet_Tab 500mg,0407010H0AAAMAM,4,0.011199999999999932
287,P87657,Paracet_Tab 500mg,0407010H0AAAMAM,4,0.011199999999999932
288,P87630,Paracet_Tab 500mg,0407010H0AAAMAM,4,0.011199999999999932
289,Y02071,Paracet_Tab 500mg,0407010H0AAAMAM,4,0.011199999999999932
290,Y02767,Paracet_Tab 500mg,0407010H0AAAMAM,4,0.011199999999999932
291,Y02071,Paracet_Tab 500mg,0407010H0AAAMAM,4,0.011199999999999932
292,P87016,Paracet_Tab 500mg,0407010H0AAAMAM,4,0.011199999999999932
293,P87624,Paracet_Tab 500mg,0407010H0AAAMAM,4,0.011199999999999932
295,P87036,Paracet_Tab 500mg,0407010H0AAAMAM,4,0.011199999999999932
284,P87036,Paracet_Tab 500mg,0407010H0AAAMAM,4,0.011199999999999932
296,P87657,Paracet_Tab 500mg,0407010H0AAAMAM,4,0.011199999999999932
297,Y00445,Paracet_Tab 500mg,0407010H0AAAMAM,4,0.011199999999999932
298,P87613,Paracet_Tab 500mg,0407010H0AAAMAM,4,0.011199999999999932
299,P87016,Paracet_Tab 500mg,0407010H0AAAMAM,4,0.011199999999999932
300,P87624,Paracet_Tab 500mg,0407010H0AAAMAM,4,0.011199999999999932
301,P87613,Paracet_Tab 500mg,0407010H0AAAMAM,4,0.011199999999999932
302,P87003,Paracet_Tab 500mg,0407010H0AAAMAM,4,0.011199999999999932
283,P87630,Paracet_Tab 500mg,0407010H0AAAMAM,4,0.011199999999999932
286,Y02767,Paracet_Tab 500mg,0407010H0AAAMAM,4,0.011199999999999932
797,P87020,Gabapentin_Cap 300mg,0408010G0AAABAB,3,0.0105000000000003
798,P87040,Gabapentin_Cap 300mg,0408010G0AAABAB,7,0.00980000000000028
799,Y02071,Gabapentin_Cap 300mg,0408010G0AAABAB,7,0.00980000000000028
800,P87015,Gabapentin_Cap 300mg,0408010G0AAABAB,3,0.009000000000000258
511,Y02767,Mesalazine_Tab E/C 800mg,0105010B0AAASAS,1,0.008999999999999009
801,P87040,Gabapentin_Cap 300mg,0408010G0AAABAB,12,0.00840000000000024
806,P87660,Gabapentin_Cap 300mg,0408010G0AAABAB,2,0.00840000000000024
807,P87648,Gabapentin_Cap 300mg,0408010G0AAABAB,4,0.00840000000000024
803,P87025,Gabapentin_Cap 300mg,0408010G0AAABAB,3,0.00840000000000024
804,P87025,Gabapentin_Cap 300mg,0408010G0AAABAB,2,0.00840000000000024
805,P87022,Gabapentin_Cap 300mg,0408010G0AAABAB,4,0.00840000000000024
802,P87639,Gabapentin_Cap 300mg,0408010G0AAABAB,3,0.00840000000000024
304,P87015,Paracet_Tab 500mg,0407010H0AAAMAM,6,0.00839999999999995
308,P87020,Paracet_Tab 500mg,0407010H0AAAMAM,6,0.00839999999999995
305,P87008,Paracet_Tab 500mg,0407010H0AAAMAM,4,0.00839999999999995
310,Y02071,Paracet_Tab 500mg,0407010H0AAAMAM,2,0.00839999999999995
309,P87008,Paracet_Tab 500mg,0407010H0AAAMAM,4,0.00839999999999995
307,P87015,Paracet_Tab 500mg,0407010H0AAAMAM,6,0.00839999999999995
306,P87020,Paracet_Tab 500mg,0407010H0AAAMAM,6,0.00839999999999995
303,Y02071,Paracet_Tab 500mg,0407010H0AAAMAM,2,0.00839999999999995
808,Y00445,Gabapentin_Cap 300mg,0408010G0AAABAB,5,0.0070000000000002005
311,P87654,Paracet_Tab 500mg,0407010H0AAAMAM,5,0.006999999999999958
312,P87660,Paracet_Tab 500mg,0407010H0AAAMAM,5,0.006999999999999958
313,P87654,Paracet_Tab 500mg,0407010H0AAAMAM,5,0.006999999999999958
314,P87660,Paracet_Tab 500mg,0407010H0AAAMAM,5,0.006999999999999958
822,P87016,Gabapentin_Cap 300mg,0408010G0AAABAB,1,0.006000000000000172
820,Y02767,Gabapentin_Cap 300mg,0408010G0AAABAB,2,0.006000000000000172
821,P87025,Gabapentin_Cap 300mg,0408010G0AAABAB,1,0.006000000000000172
819,P87624,Gabapentin_Cap 300mg,0408010G0AAABAB,1,0.006000000000000172
818,P87657,Gabapentin_Cap 300mg,0408010G0AAABAB,1,0.006000000000000172
817,P87015,Gabapentin_Cap 300mg,0408010G0AAABAB,1,0.006000000000000172
816,P87654,Gabapentin_Cap 300mg,0408010G0AAABAB,1,0.006000000000000172
815,P87620,Gabapentin_Cap 300mg,0408010G0AAABAB,1,0.006000000000000172
814,Y02622,Gabapentin_Cap 300mg,0408010G0AAABAB,1,0.006000000000000172
813,P87008,Gabapentin_Cap 300mg,0408010G0AAABAB,1,0.006000000000000172
812,P87035,Gabapentin_Cap 300mg,0408010G0AAABAB,2,0.006000000000000172
811,P87630,Gabapentin_Cap 300mg,0408010G0AAABAB,1,0.006000000000000172
810,P87024,Gabapentin_Cap 300mg,0408010G0AAABAB,2,0.006000000000000172
809,P87002,Gabapentin_Cap 300mg,0408010G0AAABAB,1,0.006000000000000172
332,P87620,Paracet_Tab 500mg,0407010H0AAAMAM,1,0.005999999999999964
320,P87652,Paracet_Tab 500mg,0407010H0AAAMAM,1,0.005999999999999964
324,P87651,Paracet_Tab 500mg,0407010H0AAAMAM,1,0.005999999999999964
331,P87008,Paracet_Tab 500mg,0407010H0AAAMAM,1,0.005999999999999964
330,Y02767,Paracet_Tab 500mg,0407010H0AAAMAM,1,0.005999999999999964
329,P87652,Paracet_Tab 500mg,0407010H0AAAMAM,1,0.005999999999999964
328,P87024,Paracet_Tab 500mg,0407010H0AAAMAM,2,0.005999999999999964
327,P87651,Paracet_Tab 500mg,0407010H0AAAMAM,1,0.005999999999999964
326,P87024,Paracet_Tab 500mg,0407010H0AAAMAM,2,0.005999999999999964
325,P87620,Paracet_Tab 500mg,0407010H0AAAMAM,1,0.005999999999999964
323,P87613,Paracet_Tab 500mg,0407010H0AAAMAM,1,0.005999999999999964
322,P87660,Paracet_Tab 500mg,0407010H0AAAMAM,1,0.005999999999999964
321,Y02767,Paracet_Tab 500mg,0407010H0AAAMAM,1,0.005999999999999964
334,P87008,Paracet_Tab 500mg,0407010H0AAAMAM,1,0.005999999999999964
333,P87634,Paracet_Tab 500mg,0407010H0AAAMAM,2,0.005999999999999964
319,P87017,Paracet_Tab 500mg,0407010H0AAAMAM,1,0.005999999999999964
317,P87613,Paracet_Tab 500mg,0407010H0AAAMAM,1,0.005999999999999964
316,P87634,Paracet_Tab 500mg,0407010H0AAAMAM,2,0.005999999999999964
315,P87017,Paracet_Tab 500mg,0407010H0AAAMAM,1,0.005999999999999964
318,P87660,Paracet_Tab 500mg,0407010H0AAAMAM,1,0.005999999999999964
512,P87016,Mesalazine_Tab E/C 800mg,0105010B0AAASAS,1,0.005999999999999339
835,P87014,Gabapentin_Cap 300mg,0408010G0AAABAB,2,0.00560000000000016
834,P87634,Gabapentin_Cap 300mg,0408010G0AAABAB,2,0.00560000000000016
833,P87026,Gabapentin_Cap 300mg,0408010G0AAABAB,4,0.00560000000000016
831,P87016,Gabapentin_Cap 300mg,0408010G0AAABAB,4,0.00560000000000016
830,P87652,Gabapentin_Cap 300mg,0408010G0AAABAB,2,0.00560000000000016
829,P87014,Gabapentin_Cap 300mg,0408010G0AAABAB,4,0.00560000000000016
828,P87039,Gabapentin_Cap 300mg,0408010G0AAABAB,2,0.00560000000000016
827,P87660,Gabapentin_Cap 300mg,0408010G0AAABAB,4,0.00560000000000016
826,P87658,Gabapentin_Cap 300mg,0408010G0AAABAB,2,0.00560000000000016
825,P87008,Gabapentin_Cap 300mg,0408010G0AAABAB,2,0.00560000000000016
832,P87618,Gabapentin_Cap 300mg,0408010G0AAABAB,2,0.00560000000000016
823,P87008,Gabapentin_Cap 300mg,0408010G0AAABAB,4,0.00560000000000016
824,P87019,Gabapentin_Cap 300mg,0408010G0AAABAB,8,0.00560000000000016
335,P87035,Paracet_Tab 500mg,0407010H0AAAMAM,1,0.005599999999999994
336,P87035,Paracet_Tab 500mg,0407010H0AAAMAM,1,0.005599999999999994
342,P87008,Paracet_Tab 500mg,0407010H0AAAMAM,4,0.005599999999999966
344,P87036,Paracet_Tab 500mg,0407010H0AAAMAM,1,0.005599999999999966
343,P87020,Paracet_Tab 500mg,0407010H0AAAMAM,2,0.005599999999999966
337,P87036,Paracet_Tab 500mg,0407010H0AAAMAM,1,0.005599999999999966
341,P87008,Paracet_Tab 500mg,0407010H0AAAMAM,4,0.005599999999999966
339,P87020,Paracet_Tab 500mg,0407010H0AAAMAM,2,0.005599999999999966
338,P87016,Paracet_Tab 500mg,0407010H0AAAMAM,4,0.005599999999999966
340,P87016,Paracet_Tab 500mg,0407010H0AAAMAM,4,0.005599999999999966
836,P87020,Gabapentin_Cap 300mg,0408010G0AAABAB,7,0.00490000000000014
837,P87016,Gabapentin_Cap 300mg,0408010G0AAABAB,1,0.004400000000000001
346,P87020,Paracet_Tab 500mg,0407010H0AAAMAM,1,0.004399999999999973
345,P87020,Paracet_Tab 500mg,0407010H0AAAMAM,1,0.004399999999999973
839,P87036,Gabapentin_Cap 300mg,0408010G0AAABAB,2,0.00420000000000012
840,Y02071,Gabapentin_Cap 300mg,0408010G0AAABAB,6,0.00420000000000012
838,P87625,Gabapentin_Cap 300mg,0408010G0AAABAB,3,0.00420000000000012
349,Y02625,Paracet_Tab 500mg,0407010H0AAAMAM,1,0.004199999999999975
348,P87019,Paracet_Tab 500mg,0407010H0AAAMAM,3,0.004199999999999975
347,P87019,Paracet_Tab 500mg,0407010H0AAAMAM,3,0.004199999999999975
350,Y02625,Paracet_Tab 500mg,0407010H0AAAMAM,1,0.004199999999999975
351,P87016,Paracet_Tab 500mg,0407010H0AAAMAM,1,0.0040000000000000105
352,P87016,Paracet_Tab 500mg,0407010H0AAAMAM,1,0.0040000000000000105
354,P87019,Paracet_Tab 500mg,0407010H0AAAMAM,5,0.003499999999999979
353,P87019,Paracet_Tab 500mg,0407010H0AAAMAM,5,0.003499999999999979
841,P87035,Gabapentin_Cap 300mg,0408010G0AAABAB,1,0.0033000000000000113
842,P87004,Gabapentin_Cap 300mg,0408010G0AAABAB,1,0.003000000000000086
843,Y00445,Gabapentin_Cap 300mg,0408010G0AAABAB,1,0.003000000000000086
844,P87014,Gabapentin_Cap 300mg,0408010G0AAABAB,1,0.003000000000000086
845,P87654,Gabapentin_Cap 300mg,0408010G0AAABAB,1,0.003000000000000086
846,P87040,Gabapentin_Cap 300mg,0408010G0AAABAB,1,0.003000000000000086
362,P87610,Paracet_Tab 500mg,0407010H0AAAMAM,1,0.002999999999999982
355,P87002,Paracet_Tab 500mg,0407010H0AAAMAM,1,0.002999999999999982
364,P87035,Paracet_Tab 500mg,0407010H0AAAMAM,1,0.002999999999999982
370,P87035,Paracet_Tab 500mg,0407010H0AAAMAM,1,0.002999999999999982
369,P87610,Paracet_Tab 500mg,0407010H0AAAMAM,1,0.002999999999999982
367,Y00445,Paracet_Tab 500mg,0407010H0AAAMAM,1,0.002999999999999982
366,P87651,Paracet_Tab 500mg,0407010H0AAAMAM,1,0.002999999999999982
365,P87036,Paracet_Tab 500mg,0407010H0AAAMAM,1,0.002999999999999982
368,P87002,Paracet_Tab 500mg,0407010H0AAAMAM,1,0.002999999999999982
363,P87036,Paracet_Tab 500mg,0407010H0AAAMAM,1,0.002999999999999982
358,P87657,Paracet_Tab 500mg,0407010H0AAAMAM,1,0.002999999999999982
361,Y05866,Paracet_Tab 500mg,0407010H0AAAMAM,1,0.002999999999999982
357,P87657,Paracet_Tab 500mg,0407010H0AAAMAM,1,0.002999999999999982
356,P87651,Paracet_Tab 500mg,0407010H0AAAMAM,1,0.002999999999999982
359,Y05866,Paracet_Tab 500mg,0407010H0AAAMAM,1,0.002999999999999982
360,Y00445,Paracet_Tab 500mg,0407010H0AAAMAM,1,0.002999999999999982
850,Y02767,Gabapentin_Cap 300mg,0408010G0AAABAB,2,0.00280000000000008
855,P87649,Gabapentin_Cap 300mg,0408010G0AAABAB,1,0.00280000000000008
854,P87028,Gabapentin_Cap 300mg,0408010G0AAABAB,1,0.00280000000000008
853,P87035,Gabapentin_Cap 300mg,0408010G0AAABAB,4,0.00280000000000008
852,P87026,Gabapentin_Cap 300mg,0408010G0AAABAB,1,0.00280000000000008
851,P87654,Gabapentin_Cap 300mg,0408010G0AAABAB,1,0.00280000000000008
847,Y00445,Gabapentin_Cap 300mg,0408010G0AAABAB,4,0.00280000000000008
848,P87660,Gabapentin_Cap 300mg,0408010G0AAABAB,4,0.00280000000000008
849,P87024,Gabapentin_Cap 300mg,0408010G0AAABAB,4,0.00280000000000008
856,P87036,Gabapentin_Cap 300mg,0408010G0AAABAB,1,0.00280000000000008
372,Y02625,Paracet_Tab 500mg,0407010H0AAAMAM,1,0.002799999999999983
371,Y02625,Paracet_Tab 500mg,0407010H0AAAMAM,1,0.002799999999999983
920,Y02630,Buprenorphine_Tab Subling 400mcg S/F,0410030A0AAACAC,1,0.0026999999999999524
376,P87654,Paracet_Tab 500mg,0407010H0AAAMAM,1,0.002400000000000027
375,P87035,Paracet_Tab 500mg,0407010H0AAAMAM,1,0.002400000000000027
374,P87035,Paracet_Tab 500mg,0407010H0AAAMAM,1,0.002400000000000027
373,P87654,Paracet_Tab 500mg,0407010H0AAAMAM,1,0.002400000000000027
380,Y02625,Paracet_Tab 500mg,0407010H0AAAMAM,1,0.0020999999999999873
379,P87658,Paracet_Tab 500mg,0407010H0AAAMAM,1,0.0020999999999999873
378,Y02625,Paracet_Tab 500mg,0407010H0AAAMAM,1,0.0020999999999999873
377,P87658,Paracet_Tab 500mg,0407010H0AAAMAM,1,0.0020999999999999873
858,P87657,Gabapentin_Cap 300mg,0408010G0AAABAB,2,0.00140000000000004
857,P87661,Gabapentin_Cap 300mg,0408010G0AAABAB,1,0.00140000000000004
860,P87620,Gabapentin_Cap 300mg,0408010G0AAABAB,1,0.00070000000000002
859,P87658,Gabapentin_Cap 300mg,0408010G0AAABAB,1,0.00070000000000002
386,Y00445,Paracet_Tab 500mg,0407010H0AAAMAM,1,-0.001999999999999988
385,P87015,Paracet_Tab 500mg,0407010H0AAAMAM,1,-0.001999999999999988
384,P87026,Paracet_Tab 500mg,0407010H0AAAMAM,1,-0.001999999999999988
383,Y00445,Paracet_Tab 500mg,0407010H0AAAMAM,1,-0.001999999999999988
382,P87026,Paracet_Tab 500mg,0407010H0AAAMAM,1,-0.001999999999999988
381,P87015,Paracet_Tab 500mg,0407010H0AAAMAM,1,-0.001999999999999988
921,Y02630,Buprenorphine_Tab Subling 400mcg S/F,0410030A0AAACAC,1,-0.0035999999999999366
861,P87024,Gabapentin_Cap 300mg,0408010G0AAABAB,1,-0.0035999999999999782
862,P87025,Gabapentin_Cap 300mg,0408010G0AAABAB,1,-0.0035999999999999782
922,Y02630,Buprenorphine_Tab Subling 400mcg S/F,0410030A0AAACAC,1,-0.0038999999999995705
864,P87040,Gabapentin_Cap 300mg,0408010G0AAABAB,1,-0.003999999999999837
863,P87634,Gabapentin_Cap 300mg,0408010G0AAABAB,1,-0.003999999999999837
865,P87002,Gabapentin_Cap 300mg,0408010G0AAABAB,1,-0.003999999999999837
387,P87610,Paracet_Tab 500mg,0407010H0AAAMAM,1,-0.003999999999999976
388,P87610,Paracet_Tab 500mg,0407010H0AAAMAM,1,-0.003999999999999976
866,P87026,Gabapentin_Cap 300mg,0408010G0AAABAB,1,-0.004499999999999921
390,P87610,Paracet_Tab 500mg,0407010H0AAAMAM,1,-0.004799999999999971
389,P87025,Paracet_Tab 500mg,0407010H0AAAMAM,1,-0.004799999999999971
392,P87025,Paracet_Tab 500mg,0407010H0AAAMAM,1,-0.004799999999999971
391,P87610,Paracet_Tab 500mg,0407010H0AAAMAM,1,-0.004799999999999971
867,Y02625,Gabapentin_Cap 300mg,0408010G0AAABAB,1,-0.004799999999999971
868,P87008,Gabapentin_Cap 300mg,0408010G0AAABAB,1,-0.005599999999999772
869,P87630,Gabapentin_Cap 300mg,0408010G0AAABAB,1,-0.005599999999999772
876,Y02622,Gabapentin_Cap 300mg,0408010G0AAABAB,1,-0.005599999999999772
875,P87634,Gabapentin_Cap 300mg,0408010G0AAABAB,1,-0.005599999999999772
874,P87649,Gabapentin_Cap 300mg,0408010G0AAABAB,1,-0.005599999999999772
870,P87017,Gabapentin_Cap 300mg,0408010G0AAABAB,1,-0.005599999999999772
871,P87040,Gabapentin_Cap 300mg,0408010G0AAABAB,1,-0.005599999999999772
872,P87625,Gabapentin_Cap 300mg,0408010G0AAABAB,1,-0.005599999999999772
873,P87004,Gabapentin_Cap 300mg,0408010G0AAABAB,1,-0.005599999999999772
395,Y03789,Paracet_Tab 500mg,0407010H0AAAMAM,1,-0.005599999999999966
394,Y00203,Paracet_Tab 500mg,0407010H0AAAMAM,1,-0.005599999999999966
393,Y00203,Paracet_Tab 500mg,0407010H0AAAMAM,1,-0.005599999999999966
396,Y03789,Paracet_Tab 500mg,0407010H0AAAMAM,1,-0.005599999999999966
491,P87620,Paracet_Tab Solb 500mg,0407010H0AAAQAQ,1,-0.005999999999999339
494,P87654,Paracet_Tab Solb 500mg,0407010H0AAAQAQ,1,-0.005999999999999339
500,Y00445,Paracet_Tab Solb 500mg,0407010H0AAAQAQ,1,-0.005999999999999339
492,P87648,Paracet_Tab Solb 500mg,0407010H0AAAQAQ,1,-0.005999999999999339
498,Y00445,Paracet_Tab Solb 500mg,0407010H0AAAQAQ,1,-0.005999999999999339
497,P87035,Paracet_Tab Solb 500mg,0407010H0AAAQAQ,1,-0.005999999999999339
496,P87620,Paracet_Tab Solb 500mg,0407010H0AAAQAQ,1,-0.005999999999999339
495,P87648,Paracet_Tab Solb 500mg,0407010H0AAAQAQ,1,-0.005999999999999339
499,P87035,Paracet_Tab Solb 500mg,0407010H0AAAQAQ,1,-0.005999999999999339
493,P87654,Paracet_Tab Solb 500mg,0407010H0AAAQAQ,1,-0.005999999999999339
877,P87024,Gabapentin_Cap 300mg,0408010G0AAABAB,2,-0.007999999999999674
878,Y00445,Gabapentin_Cap 300mg,0408010G0AAABAB,2,-0.0097999999999996
882,P87020,Gabapentin_Cap 300mg,0408010G0AAABAB,2,-0.011199999999999544
879,P87016,Gabapentin_Cap 300mg,0408010G0AAABAB,2,-0.011199999999999544
881,P87654,Gabapentin_Cap 300mg,0408010G0AAABAB,2,-0.011199999999999544
883,P87022,Gabapentin_Cap 300mg,0408010G0AAABAB,2,-0.011199999999999544
884,P87613,Gabapentin_Cap 300mg,0408010G0AAABAB,2,-0.011199999999999544
885,P87639,Gabapentin_Cap 300mg,0408010G0AAABAB,2,-0.011199999999999544
880,P87015,Gabapentin_Cap 300mg,0408010G0AAABAB,2,-0.011199999999999544
398,P87618,Paracet_Tab 500mg,0407010H0AAAMAM,2,-0.011199999999999932
397,P87618,Paracet_Tab 500mg,0407010H0AAAMAM,2,-0.011199999999999932
504,P87026,Paracet_Tab Solb 500mg,0407010H0AAAQAQ,2,-0.011999999999998678
503,P87008,Paracet_Tab Solb 500mg,0407010H0AAAQAQ,2,-0.011999999999998678
502,P87008,Paracet_Tab Solb 500mg,0407010H0AAAQAQ,2,-0.011999999999998678
501,P87026,Paracet_Tab Solb 500mg,0407010H0AAAQAQ,2,-0.011999999999998678
887,P87025,Gabapentin_Cap 300mg,0408010G0AAABAB,3,-0.016799999999999315
886,P87039,Gabapentin_Cap 300mg,0408010G0AAABAB,3,-0.016799999999999315
399,P87661,Paracet_Tab 500mg,0407010H0AAAMAM,3,-0.0167999999999999
400,P87661,Paracet_Tab 500mg,0407010H0AAAMAM,3,-0.0167999999999999
505,P87634,Paracet_Tab Solb 500mg,0407010H0AAAQAQ,3,-0.017999999999998018
506,P87634,Paracet_Tab Solb 500mg,0407010H0AAAQAQ,3,-0.017999999999998018
401,P87634,Paracet_Tab 500mg,0407010H0AAAMAM,4,-0.019199999999999884
888,P87634,Gabapentin_Cap 300mg,0408010G0AAABAB,4,-0.019199999999999884
404,P87634,Paracet_Tab 500mg,0407010H0AAAMAM,4,-0.019199999999999884
403,Y00445,Paracet_Tab 500mg,0407010H0AAAMAM,4,-0.019199999999999884
402,Y00445,Paracet_Tab 500mg,0407010H0AAAMAM,4,-0.019199999999999884
890,P87008,Gabapentin_Cap 300mg,0408010G0AAABAB,4,-0.0195999999999992
889,P87039,Gabapentin_Cap 300mg,0408010G0AAABAB,4,-0.0195999999999992
893,P87659,Gabapentin_Cap 300mg,0408010G0AAABAB,4,-0.022399999999999087
892,P87024,Gabapentin_Cap 300mg,0408010G0AAABAB,4,-0.022399999999999087
891,P87610,Gabapentin_Cap 300mg,0408010G0AAABAB,4,-0.022399999999999087
895,P87035,Gabapentin_Cap 300mg,0408010G0AAABAB,4,-0.022399999999999087
894,P87026,Gabapentin_Cap 300mg,0408010G0AAABAB,4,-0.022399999999999087
405,P87657,Paracet_Tab 500mg,0407010H0AAAMAM,4,-0.022399999999999864
406,P87657,Paracet_Tab 500mg,0407010H0AAAMAM,4,-0.022399999999999864
407,P87625,Paracet_Tab 500mg,0407010H0AAAMAM,7,-0.025199999999999993
408,P87625,Paracet_Tab 500mg,0407010H0AAAMAM,7,-0.025199999999999993
409,P87036,Paracet_Tab 500mg,0407010H0AAAMAM,33,-0.02639999999999984
410,P87036,Paracet_Tab 500mg,0407010H0AAAMAM,33,-0.02639999999999984
896,Y00445,Gabapentin_Cap 300mg,0408010G0AAABAB,5,-0.02799999999999886
414,P87639,Paracet_Tab 500mg,0407010H0AAAMAM,5,-0.02799999999999983
411,P87625,Paracet_Tab 500mg,0407010H0AAAMAM,5,-0.02799999999999983
412,P87639,Paracet_Tab 500mg,0407010H0AAAMAM,5,-0.02799999999999983
413,P87625,Paracet_Tab 500mg,0407010H0AAAMAM,5,-0.02799999999999983
415,P87004,Paracet_Tab 500mg,0407010H0AAAMAM,6,-0.0335999999999998
416,P87004,Paracet_Tab 500mg,0407010H0AAAMAM,6,-0.0335999999999998
897,P87019,Gabapentin_Cap 300mg,0408010G0AAABAB,8,-0.0391999999999984
898,Y02625,Gabapentin_Cap 300mg,0408010G0AAABAB,8,-0.044799999999998175
417,P87014,Paracet_Tab 500mg,0407010H0AAAMAM,9,-0.050399999999999695
418,P87014,Paracet_Tab 500mg,0407010H0AAAMAM,9,-0.050399999999999695
419,P87649,Paracet_Tab 500mg,0407010H0AAAMAM,10,-0.05599999999999966
420,P87649,Paracet_Tab 500mg,0407010H0AAAMAM,10,-0.05599999999999966
899,P87019,Gabapentin_Cap 300mg,0408010G0AAABAB,11,-0.06159999999999749
900,P87634,Gabapentin_Cap 300mg,0408010G0AAABAB,15,-0.07199999999999956
422,P87634,Paracet_Tab 500mg,0407010H0AAAMAM,15,-0.07199999999999998
421,P87634,Paracet_Tab 500mg,0407010H0AAAMAM,15,-0.07199999999999998
423,P87624,Paracet_Tab 500mg,0407010H0AAAMAM,13,-0.07279999999999956
424,P87624,Paracet_Tab 500mg,0407010H0AAAMAM,13,-0.07279999999999956
425,P87028,Paracet_Tab 500mg,0407010H0AAAMAM,14,-0.07839999999999953
426,P87028,Paracet_Tab 500mg,0407010H0AAAMAM,14,-0.07839999999999953
427,P87003,Paracet_Tab 500mg,0407010H0AAAMAM,16,-0.08959999999999946
428,P87003,Paracet_Tab 500mg,0407010H0AAAMAM,16,-0.08959999999999946
429,P87613,Paracet_Tab 500mg,0407010H0AAAMAM,18,-0.10079999999999939
430,P87613,Paracet_Tab 500mg,0407010H0AAAMAM,18,-0.10079999999999939
431,P87659,Paracet_Tab 500mg,0407010H0AAAMAM,27,-0.10799999999999972
432,P87659,Paracet_Tab 500mg,0407010H0AAAMAM,27,-0.10799999999999972
433,P87610,Paracet_Tab 500mg,0407010H0AAAMAM,20,-0.11199999999999932
434,P87039,Paracet_Tab 500mg,0407010H0AAAMAM,20,-0.11199999999999932
435,P87610,Paracet_Tab 500mg,0407010H0AAAMAM,20,-0.11199999999999932
436,P87658,Paracet_Tab 500mg,0407010H0AAAMAM,20,-0.11199999999999932
437,P87039,Paracet_Tab 500mg,0407010H0AAAMAM,20,-0.11199999999999932
438,P87658,Paracet_Tab 500mg,0407010H0AAAMAM,20,-0.11199999999999932
439,Y02767,Paracet_Tab 500mg,0407010H0AAAMAM,21,-0.11759999999999929
440,Y02767,Paracet_Tab 500mg,0407010H0AAAMAM,21,-0.11759999999999929
442,Y02625,Paracet_Tab 500mg,0407010H0AAAMAM,24,-0.1343999999999992
441,Y02625,Paracet_Tab 500mg,0407010H0AAAMAM,24,-0.1343999999999992
443,P87020,Paracet_Tab 500mg,0407010H0AAAMAM,27,-0.15119999999999909
444,P87020,Paracet_Tab 500mg,0407010H0AAAMAM,27,-0.15119999999999909
445,P87634,Paracet_Tab 500mg,0407010H0AAAMAM,32,-0.17919999999999892
446,P87634,Paracet_Tab 500mg,0407010H0AAAMAM,32,-0.17919999999999892
447,P87032,Paracet_Tab 500mg,0407010H0AAAMAM,37,-0.20719999999999875
448,P87032,Paracet_Tab 500mg,0407010H0AAAMAM,37,-0.20719999999999875
449,P87659,Paracet_Tab 500mg,0407010H0AAAMAM,44,-0.2463999999999985
450,P87659,Paracet_Tab 500mg,0407010H0AAAMAM,44,-0.2463999999999985
451,P87620,Paracet_Tab 500mg,0407010H0AAAMAM,51,-0.2855999999999983
452,P87620,Paracet_Tab 500mg,0407010H0AAAMAM,51,-0.2855999999999983
453,Y00445,Paracet_Tab 500mg,0407010H0AAAMAM,63,-0.3527999999999979
454,Y00445,Paracet_Tab 500mg,0407010H0AAAMAM,63,-0.3527999999999979
455,P87008,Paracet_Tab 500mg,0407010H0AAAMAM,77,-0.43119999999999736
456,P87008,Paracet_Tab 500mg,0407010H0AAAMAM,77,-0.43119999999999736
457,P87017,Paracet_Tab 500mg,0407010H0AAAMAM,89,-0.49839999999999696
458,P87017,Paracet_Tab 500mg,0407010H0AAAMAM,89,-0.49839999999999696
459,P87035,Paracet_Tab 500mg,0407010H0AAAMAM,6,-0.5399999999999998
460,P87035,Paracet_Tab 500mg,0407010H0AAAMAM,6,-0.5399999999999998
461,Y02071,Paracet_Tab 500mg,0407010H0AAAMAM,101,-0.5655999999999965
462,Y02071,Paracet_Tab 500mg,0407010H0AAAMAM,101,-0.5655999999999965
463,P87020,Paracet_Tab 500mg,0407010H0AAAMAM,37,-0.7399999999999956
464,P87020,Paracet_Tab 500mg,0407010H0AAAMAM,37,-0.7399999999999956
465,P87036,Paracet_Tab 500mg,0407010H0AAAMAM,25,-0.7499999999999998
466,P87036,Paracet_Tab 500mg,0407010H0AAAMAM,25,-0.7499999999999998
467,P87024,Paracet_Tab 500mg,0407010H0AAAMAM,139,-0.7783999999999953
468,P87024,Paracet_Tab 500mg,0407010H0AAAMAM,139,-0.7783999999999953
469,P87015,Paracet_Tab 500mg,0407010H0AAAMAM,90,-0.8999999999999946
470,P87015,Paracet_Tab 500mg,0407010H0AAAMAM,90,-0.8999999999999946
471,P87040,Paracet_Tab 500mg,0407010H0AAAMAM,164,-0.9183999999999944
472,P87040,Paracet_Tab 500mg,0407010H0AAAMAM,164,-0.9183999999999944
473,P87035,Paracet_Tab 500mg,0407010H0AAAMAM,104,-1.0399999999999938
474,P87035,Paracet_Tab 500mg,0407010H0AAAMAM,104,-1.0399999999999938
476,P87040,Paracet_Tab 500mg,0407010H0AAAMAM,4,-1.0752000000000006
475,P87040,Paracet_Tab 500mg,0407010H0AAAMAM,4,-1.0752000000000006
477,P87652,Paracet_Tab 500mg,0407010H0AAAMAM,73,-1.2263999999999997
478,P87652,Paracet_Tab 500mg,0407010H0AAAMAM,73,-1.2263999999999997
479,P87040,Paracet_Tab 500mg,0407010H0AAAMAM,22,-1.3199999999999996
480,P87040,Paracet_Tab 500mg,0407010H0AAAMAM,22,-1.3199999999999996
481,P87002,Paracet_Tab 500mg,0407010H0AAAMAM,73,-1.459999999999991
482,P87002,Paracet_Tab 500mg,0407010H0AAAMAM,73,-1.459999999999991
483,P87620,Paracet_Tab 500mg,0407010H0AAAMAM,148,-1.479999999999991
484,P87620,Paracet_Tab 500mg,0407010H0AAAMAM,148,-1.479999999999991
485,P87639,Paracet_Tab 500mg,0407010H0AAAMAM,43,-1.719999999999997
486,P87639,Paracet_Tab 500mg,0407010H0AAAMAM,43,-1.719999999999997
487,P87020,Paracet_Tab 500mg,0407010H0AAAMAM,91,-2.729999999999999
488,P87020,Paracet_Tab 500mg,0407010H0AAAMAM,91,-2.729999999999999
513,P87016,Mesalazine_Tab E/C 800mg,0105010B0AAASAS,1,-12.293999999999999
514,Y02767,Mesalazine_Tab E/C 800mg,0105010B0AAASAS,1,-18.441
515,P87634,Mesalazine_Tab E/C 800mg,0105010B0AAASAS,1,-36.89999999999999
