,practice_code,bnf_description,bnf_code,items,excess_cost
0,D83001,Atorvastatin_Tab 10mg,0212000B0AAAAAA,9,0.021000000000000116
1,D83001,Clonazepam_Tab 500mcg,0408010F0AAABAB,13,3.977599999999992
2,D83001,Letrozole_Tab 2.5mg,0803041L0AAAAAA,27,-0.5292000000000047
3,D83001,Olanzapine_Tab 10mg,040201060AAACAC,7,-0.02940000000000026
4,D83001,Paracet_Tab 500mg,0407010H0AAAMAM,268,117.3272
5,D83004,Atorvastatin_Tab 10mg,0212000B0AAAAAA,45,11.574799999999998
6,D83004,Clonazepam_Tab 500mcg,0408010F0AAABAB,29,15.84189999999997
7,D83004,Montelukast_Tab 10mg,0303020G0AAABAB,13,48.776
8,D83004,Paracet_Tab 500mg,0407010H0AAAMAM,316,51.767999999999994
9,D83004,Prednisolone_Tab 5mg,0603020T0AAACAC,2,0.009199999999999979
10,D83006,Atorvastatin_Tab 10mg,0212000B0AAAAAA,91,11.636800000000003
11,D83006,Clonazepam_Tab 500mcg,0408010F0AAABAB,18,10.454799999999976
12,D83006,Paracet_Tab 500mg,0407010H0AAAMAM,156,94.69279999999999
13,D83006,Prednisolone_Tab 5mg,0603020T0AAACAC,2,0.008999999999999946
14,D83007,Clonazepam_Tab 500mcg,0408010F0AAABAB,16,7.778399999999985
15,D83007,Paracet_Tab 500mg,0407010H0AAAMAM,8,0.4096000000000046
16,D83007,Prednisolone_Tab 5mg,0603020T0AAACAC,1,0.006499999999999961
17,D83008,Atorvastatin_Tab 10mg,0212000B0AAAAAA,188,11.858
18,D83008,Atorvastatin_Tab 20mg,0212000B0AAABAB,327,1813.686
19,D83008,Atorvastatin_Tab 40mg,0212000B0AAACAC,145,44.66000000000001
20,D83008,Clonazepam_Tab 500mcg,0408010F0AAABAB,42,12.913299999999975
21,D83008,Letrozole_Tab 2.5mg,0803041L0AAAAAA,22,-0.5543999999999988
22,D83008,Paracet_Tab 500mg,0407010H0AAAMAM,292,24.400400000000033
23,D83008,Prednisolone_Tab 5mg,0603020T0AAACAC,1,0.004899999999999995
24,D83015,Atorvastatin_Tab 10mg,0212000B0AAAAAA,1,0.0021000000000000116
25,D83015,Clonazepam_Tab 500mcg,0408010F0AAABAB,36,13.089899999999968
26,D83015,Paracet_Tab 500mg,0407010H0AAAMAM,306,67.73760000000006
27,D83015,Prednisolone_Tab 5mg,0603020T0AAACAC,3,0.013699999999999917
28,D83017,Atorvastatin_Tab 10mg,0212000B0AAAAAA,98,0.20580000000000115
29,D83017,Clonazepam_Tab 500mcg,0408010F0AAABAB,82,18.486999999999963
30,D83017,Letrozole_Tab 2.5mg,0803041L0AAAAAA,4,0.019600000000000173
31,D83017,Memantine HCl_Tab 20mg,0411000G0AAADAD,21,0.10289999999999988
32,D83017,Paracet_Tab 500mg,0407010H0AAAMAM,294,-1.1815999999999929
33,D83017,Prednisolone_Tab 5mg,0603020T0AAACAC,17,0.0832999999999999
34,D83019,Atorvastatin_Tab 10mg,0212000B0AAAAAA,18,0.03780000000000021
35,D83019,Clonazepam_Tab 500mcg,0408010F0AAABAB,14,4.246699999999992
36,D83019,Memantine HCl_Tab 20mg,0411000G0AAADAD,6,0.029399999999999968
37,D83019,Paracet_Tab 500mg,0407010H0AAAMAM,272,-1.1507999999999932
38,D83019,Prednisolone_Tab 5mg,0603020T0AAACAC,30,0.1454999999999998
39,D83020,Atorvastatin_Tab 10mg,0212000B0AAAAAA,14,0.029400000000000162
40,D83020,Clonazepam_Tab 500mcg,0408010F0AAABAB,23,7.4425999999999854
41,D83020,Paracet_Tab 500mg,0407010H0AAAMAM,248,10.483200000000007
42,D83024,Clonazepam_Tab 500mcg,0408010F0AAABAB,15,6.6867999999999865
43,D83024,Memantine HCl_Tab 20mg,0411000G0AAADAD,4,0.01959999999999998
44,D83024,Paracet_Tab 500mg,0407010H0AAAMAM,126,22.57920000000006
45,D83024,Prednisolone_Tab 5mg,0603020T0AAACAC,2,0.009599999999999973
46,D83026,Atorvastatin_Tab 10mg,0212000B0AAAAAA,7,0.014700000000000081
47,D83026,Clonazepam_Tab 500mcg,0408010F0AAABAB,19,7.259099999999984
48,D83026,Letrozole_Tab 2.5mg,0803041L0AAAAAA,24,142.59839999999997
49,D83026,Memantine HCl_Tab 20mg,0411000G0AAADAD,8,127.792
50,D83026,Paracet_Tab 500mg,0407010H0AAAMAM,20,0.11279999999999932
51,D83028,Atorvastatin_Tab 10mg,0212000B0AAAAAA,2,0.008400000000000046
52,D83028,Atorvastatin_Tab 20mg,0212000B0AAABAB,217,90.53240000000002
53,D83028,Atorvastatin_Tab 40mg,0212000B0AAACAC,133,22.172599999999996
54,D83028,Clonazepam_Tab 500mcg,0408010F0AAABAB,17,5.299699999999989
55,D83028,Memantine HCl_Tab 20mg,0411000G0AAADAD,10,0.048999999999999946
56,D83028,Paracet_Tab 500mg,0407010H0AAAMAM,42,-0.058799999999999644
57,D83028,Prednisolone_Tab 5mg,0603020T0AAACAC,11,0.05419999999999981
58,D83036,Atorvastatin_Tab 10mg,0212000B0AAAAAA,20,11.592000000000002
59,D83036,Clonazepam_Tab 500mcg,0408010F0AAABAB,17,8.271599999999982
60,D83036,Paracet_Tab 500mg,0407010H0AAAMAM,194,21.694399999999987
61,D83036,Prednisolone_Tab 5mg,0603020T0AAACAC,1,0.004499999999999973
62,D83037,Atorvastatin_Tab 10mg,0212000B0AAAAAA,3,0.01260000000000007
63,D83037,Atorvastatin_Tab 20mg,0212000B0AAABAB,471,22.419600000000003
64,D83037,Clonazepam_Tab 500mcg,0408010F0AAABAB,49,14.667799999999971
65,D83037,Letrozole_Tab 2.5mg,0803041L0AAAAAA,4,0.019600000000000173
66,D83037,Memantine HCl_Tab 20mg,0411000G0AAADAD,19,127.81579999999998
67,D83037,Montelukast_Tab 10mg,0303020G0AAABAB,65,24.388000000000005
68,D83037,Paracet_Tab 500mg,0407010H0AAAMAM,856,577.3836000000001
69,D83037,Prednisolone_Tab 5mg,0603020T0AAACAC,1,0.004199999999999975
70,D83039,Atorvastatin_Tab 10mg,0212000B0AAAAAA,246,11.605300000000014
71,D83039,Atorvastatin_Tab 20mg,0212000B0AAABAB,371,22.853600000000007
72,D83039,Clonazepam_Tab 500mcg,0408010F0AAABAB,46,11.882099999999976
73,D83039,Letrozole_Tab 2.5mg,0803041L0AAAAAA,11,0.053900000000000475
74,D83039,Paracet_Tab 500mg,0407010H0AAAMAM,468,13.260800000000028
75,D83039,Prednisolone_Tab 5mg,0603020T0AAACAC,7,0.03559999999999991
76,D83041,Atorvastatin_Tab 20mg,0212000B0AAABAB,443,22.327200000000037
77,D83041,Clonazepam_Tab 500mcg,0408010F0AAABAB,19,10.802799999999978
78,D83041,Paracet_Tab 500mg,0407010H0AAAMAM,328,32.05199999999999
79,D83041,Prednisolone_Tab 5mg,0603020T0AAACAC,2,0.010499999999999936
80,D83043,Atorvastatin_Tab 10mg,0212000B0AAAAAA,239,11.3764
81,D83043,Clonazepam_Tab 500mcg,0408010F0AAABAB,16,8.554099999999982
82,D83043,Memantine HCl_Tab 20mg,0411000G0AAADAD,6,57.0024
83,D83043,Paracet_Tab 500mg,0407010H0AAAMAM,2,12.8768
84,D83044,Atorvastatin_Tab 10mg,0212000B0AAAAAA,68,0.12800000000000078
85,D83044,Atorvastatin_Tab 20mg,0212000B0AAABAB,691,23.217599999999994
86,D83044,Atorvastatin_Tab 40mg,0212000B0AAACAC,271,66.77440000000001
87,D83044,Clonazepam_Tab 500mcg,0408010F0AAABAB,48,21.837299999999953
88,D83044,Letrozole_Tab 2.5mg,0803041L0AAAAAA,39,71.26559999999998
89,D83044,Memantine HCl_Tab 20mg,0411000G0AAADAD,37,0.1812999999999998
90,D83044,Montelukast_Tab 10mg,0303020G0AAABAB,69,0.9660000000000009
91,D83044,Paracet_Tab 500mg,0407010H0AAAMAM,646,49.23440000000008
92,D83044,Prednisolone_Tab 5mg,0603020T0AAACAC,2,0.012599999999999924
93,D83046,Atorvastatin_Tab 10mg,0212000B0AAAAAA,188,104.06270000000002
94,D83046,Atorvastatin_Tab 20mg,0212000B0AAABAB,177,45.59520000000007
95,D83046,Clonazepam_Tab 500mcg,0408010F0AAABAB,52,32.12239999999993
96,D83046,Montelukast_Tab 10mg,0303020G0AAABAB,55,195.01690000000005
97,D83046,Paracet_Tab 500mg,0407010H0AAAMAM,850,282.96840000000003
98,D83046,Prednisolone_Tab 5mg,0603020T0AAACAC,12,27.480499999999996
99,D83048,Atorvastatin_Tab 10mg,0212000B0AAAAAA,442,22.230599999999995
100,D83048,Atorvastatin_Tab 20mg,0212000B0AAABAB,507,45.34120000000002
101,D83048,Atorvastatin_Tab 40mg,0212000B0AAACAC,2,-0.004399999999999932
102,D83048,Clonazepam_Tab 500mcg,0408010F0AAABAB,38,16.144799999999965
103,D83048,Paracet_Tab 500mg,0407010H0AAAMAM,622,79.75559999999997
104,D83048,Prednisolone_Tab 5mg,0603020T0AAACAC,2,0.012599999999999924
105,D83049,Atorvastatin_Tab 10mg,0212000B0AAAAAA,4,0.008400000000000046
106,D83049,Clonazepam_Tab 500mcg,0408010F0AAABAB,17,7.142799999999983
107,D83049,Paracet_Tab 500mg,0407010H0AAAMAM,126,-2.6207999999999845
108,D83049,Prednisolone_Tab 5mg,0603020T0AAACAC,1,0.00659999999999996
109,D83050,Atorvastatin_Tab 20mg,0212000B0AAABAB,71,22.6632
110,D83050,Atorvastatin_Tab 40mg,0212000B0AAACAC,39,22.2768
111,D83050,Clonazepam_Tab 500mcg,0408010F0AAABAB,12,5.3787999999999885
112,D83050,Paracet_Tab 500mg,0407010H0AAAMAM,40,20.000000000000018
113,D83050,Prednisolone_Tab 5mg,0603020T0AAACAC,7,0.03079999999999991
114,D83051,Atorvastatin_Tab 10mg,0212000B0AAAAAA,1,0.0030000000000000165
115,D83051,Clonazepam_Tab 500mcg,0408010F0AAABAB,45,19.98779999999996
116,D83051,Letrozole_Tab 2.5mg,0803041L0AAAAAA,2,-0.005999999999999894
117,D83051,Paracet_Tab 500mg,0407010H0AAAMAM,372,130.78399999999996
118,D83051,Prednisolone_Tab 5mg,0603020T0AAACAC,2,0.008699999999999947
119,D83053,Atorvastatin_Tab 10mg,0212000B0AAAAAA,9,0.02200000000000016
120,D83053,Clonazepam_Tab 500mcg,0408010F0AAABAB,38,14.16009999999997
121,D83053,Letrozole_Tab 2.5mg,0803041L0AAAAAA,3,0.01470000000000013
122,D83053,Memantine HCl_Tab 20mg,0411000G0AAADAD,5,0.024499999999999973
123,D83053,Paracet_Tab 500mg,0407010H0AAAMAM,60,-0.25199999999999845
124,D83053,Prednisolone_Tab 5mg,0603020T0AAACAC,2,0.00979999999999999
125,D83054,Atorvastatin_Tab 10mg,0212000B0AAAAAA,8,0.016800000000000093
126,D83054,Clonazepam_Tab 500mcg,0408010F0AAABAB,6,4.0001999999999915
127,D83054,Paracet_Tab 500mg,0407010H0AAAMAM,8,0.025199999999999848
128,D83054,Prednisolone_Tab 5mg,0603020T0AAACAC,3,0.015699999999999954
129,D83056,Atorvastatin_Tab 10mg,0212000B0AAAAAA,27,23.2271
130,D83056,Atorvastatin_Tab 20mg,0212000B0AAABAB,45,45.108
131,D83056,Clonazepam_Tab 500mcg,0408010F0AAABAB,31,12.513399999999974
132,D83056,Memantine HCl_Tab 20mg,0411000G0AAADAD,1,0.004199999999999995
133,D83056,Montelukast_Tab 10mg,0303020G0AAABAB,14,24.3824
134,D83056,Olanzapine_Tab 10mg,040201060AAACAC,7,144.7068
135,D83056,Paracet_Tab 500mg,0407010H0AAAMAM,92,22.34400000000002
136,D83056,Prednisolone_Tab 5mg,0603020T0AAACAC,63,170.1373
137,D83057,Atorvastatin_Tab 10mg,0212000B0AAAAAA,10,0.021000000000000116
138,D83057,Atorvastatin_Tab 40mg,0212000B0AAACAC,2,0.006700000000000067
139,D83057,Clonazepam_Tab 500mcg,0408010F0AAABAB,30,7.720799999999985
140,D83057,Letrozole_Tab 2.5mg,0803041L0AAAAAA,13,0.06370000000000056
141,D83057,Memantine HCl_Tab 20mg,0411000G0AAADAD,8,0.03499999999999996
142,D83057,Montelukast_Tab 10mg,0303020G0AAABAB,35,48.706
143,D83057,Paracet_Tab 500mg,0407010H0AAAMAM,390,100.43040000000008
144,D83057,Prednisolone_Tab 5mg,0603020T0AAACAC,6,0.030799999999999935
145,D83058,Atorvastatin_Tab 10mg,0212000B0AAAAAA,41,23.189599999999995
146,D83058,Atorvastatin_Tab 20mg,0212000B0AAABAB,1,0.00180000000000001
147,D83058,Clonazepam_Tab 500mcg,0408010F0AAABAB,21,10.150999999999977
148,D83058,Olanzapine_Tab 10mg,040201060AAACAC,23,-0.06440000000000057
149,D83058,Paracet_Tab 500mg,0407010H0AAAMAM,236,288.76159999999993
150,D83059,Atorvastatin_Tab 10mg,0212000B0AAAAAA,71,0.15330000000000085
151,D83059,Atorvastatin_Tab 20mg,0212000B0AAABAB,1,-0.002799999999999997
152,D83059,Atorvastatin_Tab 40mg,0212000B0AAACAC,184,89.6378
153,D83059,Clonazepam_Tab 500mcg,0408010F0AAABAB,65,20.020899999999962
154,D83059,Letrozole_Tab 2.5mg,0803041L0AAAAAA,14,213.5168
155,D83059,Memantine HCl_Tab 20mg,0411000G0AAADAD,12,0.058799999999999936
156,D83059,Montelukast_Tab 10mg,0303020G0AAABAB,22,24.393600000000003
157,D83059,Paracet_Tab 500mg,0407010H0AAAMAM,700,187.11839999999998
158,D83059,Prednisolone_Tab 5mg,0603020T0AAACAC,47,143.22469999999998
159,D83061,Atorvastatin_Tab 10mg,0212000B0AAAAAA,1,0.004200000000000023
160,D83061,Atorvastatin_Tab 20mg,0212000B0AAABAB,258,22.39440000000004
161,D83061,Atorvastatin_Tab 40mg,0212000B0AAACAC,136,22.46720000000001
162,D83061,Clonazepam_Tab 500mcg,0408010F0AAABAB,26,12.305699999999975
163,D83061,Memantine HCl_Tab 20mg,0411000G0AAADAD,10,127.792
164,D83061,Montelukast_Tab 10mg,0303020G0AAABAB,23,-0.07039999999999998
165,D83061,Paracet_Tab 500mg,0407010H0AAAMAM,64,11.693600000000002
166,D83069,Atorvastatin_Tab 10mg,0212000B0AAAAAA,9,0.03780000000000021
167,D83069,Clonazepam_Tab 500mcg,0408010F0AAABAB,7,2.7571999999999948
168,D83069,Paracet_Tab 500mg,0407010H0AAAMAM,26,-0.08879999999999946
169,D83073,Atorvastatin_Tab 10mg,0212000B0AAAAAA,4,0.008400000000000046
170,D83073,Clonazepam_Tab 500mcg,0408010F0AAABAB,8,2.2147999999999954
171,D83073,Olanzapine_Tab 10mg,040201060AAACAC,3,289.39680000000004
172,D83073,Paracet_Tab 500mg,0407010H0AAAMAM,6,-0.0335999999999998
173,D83073,Prednisolone_Tab 5mg,0603020T0AAACAC,1,0.004899999999999995
174,D83074,Atorvastatin_Tab 10mg,0212000B0AAAAAA,68,58.15880000000001
175,D83074,Atorvastatin_Tab 20mg,0212000B0AAABAB,150,112.84560000000003
176,D83074,Clonazepam_Tab 500mcg,0408010F0AAABAB,16,9.243399999999982
177,D83074,Montelukast_Tab 10mg,0303020G0AAABAB,11,48.7256
178,D83074,Paracet_Tab 500mg,0407010H0AAAMAM,104,40.80600000000004
179,D83079,Atorvastatin_Tab 10mg,0212000B0AAAAAA,5,0.010500000000000058
180,D83079,Clonazepam_Tab 500mcg,0408010F0AAABAB,22,8.475099999999983
181,D83079,Paracet_Tab 500mg,0407010H0AAAMAM,156,48.61520000000001
182,D83079,Prednisolone_Tab 5mg,0603020T0AAACAC,7,0.03389999999999979
183,D83080,Clonazepam_Tab 500mcg,0408010F0AAABAB,10,10.293399999999979
184,D83080,Paracet_Tab 500mg,0407010H0AAAMAM,146,39.92000000000005
185,D83081,Atorvastatin_Tab 10mg,0212000B0AAAAAA,1,-0.0031999999999999806
186,D83081,Clonazepam_Tab 500mcg,0408010F0AAABAB,15,9.096499999999981
187,D83081,Paracet_Tab 500mg,0407010H0AAAMAM,194,42.16160000000002
188,D83081,Prednisolone_Tab 5mg,0603020T0AAACAC,2,0.010799999999999935
189,D83082,Clonazepam_Tab 500mcg,0408010F0AAABAB,17,12.655999999999974
190,D83082,Paracet_Tab 500mg,0407010H0AAAMAM,42,20.08159999999999
191,D83082,Prednisolone_Tab 5mg,0603020T0AAACAC,3,0.013299999999999944
192,D83084,Clonazepam_Tab 500mcg,0408010F0AAABAB,21,11.980399999999975
193,D83084,Paracet_Tab 500mg,0407010H0AAAMAM,172,23.948800000000027
194,D83615,Atorvastatin_Tab 10mg,0212000B0AAAAAA,4,0.008400000000000046
195,D83615,Atorvastatin_Tab 40mg,0212000B0AAACAC,21,88.98400000000001
196,D83615,Clonazepam_Tab 500mcg,0408010F0AAABAB,15,3.327099999999994
197,Y01794,Atorvastatin_Tab 10mg,0212000B0AAAAAA,182,81.0978
198,Y01794,Atorvastatin_Tab 20mg,0212000B0AAABAB,83,22.77520000000001
199,Y01794,Clonazepam_Tab 500mcg,0408010F0AAABAB,64,17.426899999999957
200,Y01794,Letrozole_Tab 2.5mg,0803041L0AAAAAA,5,0.017200000000000104
201,Y01794,Montelukast_Tab 10mg,0303020G0AAABAB,17,97.48479999999999
202,Y01794,Paracet_Tab 500mg,0407010H0AAAMAM,618,94.38600000000011
203,Y01794,Prednisolone_Tab 5mg,0603020T0AAACAC,6,0.028599999999999924
