,practice_code,bnf_description,bnf_code,items,excess_cost
35,E86022,Sumatriptan_Tab 50mg,0407041T0AAAFAF,2,165.0024
0,E86618,Mesalazine_Tab E/C 400mg,0105010B0AAAAAA,2,95.82719999999999
1,E86640,Mesalazine_Tab E/C 400mg,0105010B0AAAAAA,1,71.87039999999999
30,E86016,Risperidone_Tab 6mg,040201030AAAFAF,2,58.4192
2,E86024,Mesalazine_Tab E/C 400mg,0105010B0AAAAAA,1,51.33599999999999
4,E86004,Mesalazine_Tab E/C 400mg,0105010B0AAAAAA,1,47.913599999999995
5,E86005,Mesalazine_Tab E/C 400mg,0105010B0AAAAAA,1,47.913599999999995
3,E86030,Mesalazine_Tab E/C 400mg,0105010B0AAAAAA,1,47.913599999999995
6,E86019,Mesalazine_Tab E/C 400mg,0105010B0AAAAAA,2,47.913599999999995
31,E86036,Risperidone_Tab 6mg,040201030AAAFAF,6,43.848
7,E86029,Mesalazine_Tab E/C 400mg,0105010B0AAAAAA,1,34.224
32,E86632,Risperidone_Tab 6mg,040201030AAAFAF,1,29.2096
33,E86033,Risperidone_Tab 6mg,040201030AAAFAF,1,29.2096
34,E86011,Risperidone_Tab 6mg,040201030AAAFAF,2,29.2096
8,E86637,Mesalazine_Tab E/C 400mg,0105010B0AAAAAA,1,25.667999999999996
9,E86626,Mesalazine_Tab E/C 400mg,0105010B0AAAAAA,1,25.667999999999996
10,E86041,Mesalazine_Tab E/C 400mg,0105010B0AAAAAA,1,23.956799999999998
11,E86007,Mesalazine_Tab E/C 400mg,0105010B0AAAAAA,1,23.956799999999998
12,E86027,Mesalazine_Tab E/C 400mg,0105010B0AAAAAA,1,23.956799999999998
13,E86612,Mesalazine_Tab E/C 400mg,0105010B0AAAAAA,1,17.099999999999998
343,E86010,Tetrabenazine_Tab 25mg,0409030C0AAAAAA,1,15.99359999999998
14,E86006,Mesalazine_Tab E/C 400mg,0105010B0AAAAAA,1,15.971199999999998
342,E86004,Gemfibrozil_Tab 600mg,0212000Q0AAABAB,1,15.142399999999999
341,E86036,Gemfibrozil_Tab 600mg,0212000Q0AAABAB,1,15.142399999999999
15,E86042,Mesalazine_Tab E/C 400mg,0105010B0AAAAAA,4,11.969999999999999
16,E86609,Mesalazine_Tab E/C 400mg,0105010B0AAAAAA,1,7.985599999999999
492,E86618,Ephed HCl_Tab 15mg,0301012F0AAAAAA,1,7.349999999999999
137,E86022,Clonazepam_Tab 500mcg,0408010F0AAABAB,2,6.779999999999986
344,E86011,Tetrabenazine_Tab 25mg,0409030C0AAAAAA,4,5.997599999999992
138,E86004,Clonazepam_Tab 500mcg,0408010F0AAABAB,8,5.06239999999999
345,E86042,Tetrabenazine_Tab 25mg,0409030C0AAAAAA,1,4.997999999999994
493,E86042,Ephed HCl_Tab 15mg,0301012F0AAAAAA,1,4.409999999999999
17,E86027,Mesalazine_Tab E/C 400mg,0105010B0AAAAAA,1,3.9927999999999995
139,E86036,Clonazepam_Tab 500mcg,0408010F0AAABAB,3,3.796799999999992
140,E86005,Clonazepam_Tab 500mcg,0408010F0AAABAB,2,3.796799999999992
141,E86010,Clonazepam_Tab 500mcg,0408010F0AAABAB,3,3.389999999999993
348,E86001,Pyridox HCl_Tab 50mg,0906024N0AAAIAI,1,2.8728000000000007
349,E86029,Pyridox HCl_Tab 50mg,0906024N0AAAIAI,1,2.8728000000000007
142,E86015,Clonazepam_Tab 500mcg,0408010F0AAABAB,1,2.7119999999999944
149,E86016,Clonazepam_Tab 500mcg,0408010F0AAABAB,1,2.531199999999995
148,E86006,Clonazepam_Tab 500mcg,0408010F0AAABAB,2,2.531199999999995
147,E86015,Clonazepam_Tab 500mcg,0408010F0AAABAB,2,2.531199999999995
146,E86629,Clonazepam_Tab 500mcg,0408010F0AAABAB,2,2.531199999999995
145,E86009,Clonazepam_Tab 500mcg,0408010F0AAABAB,2,2.531199999999995
144,E86015,Clonazepam_Tab 500mcg,0408010F0AAABAB,4,2.531199999999995
143,E86632,Clonazepam_Tab 500mcg,0408010F0AAABAB,4,2.531199999999995
150,E86015,Clonazepam_Tab 500mcg,0408010F0AAABAB,2,2.2599999999999953
151,E86010,Clonazepam_Tab 500mcg,0408010F0AAABAB,7,2.2147999999999954
280,E86009,Amiodarone HCl_Tab 200mg,0203020D0AAABAB,3,2.100000000000002
279,E86004,Amiodarone HCl_Tab 200mg,0203020D0AAABAB,3,2.100000000000002
350,E86041,Pyridox HCl_Tab 50mg,0906024N0AAAIAI,1,2.0520000000000005
152,E86015,Clonazepam_Tab 500mcg,0408010F0AAABAB,2,2.033999999999996
153,E86015,Clonazepam_Tab 500mcg,0408010F0AAABAB,3,2.033999999999996
352,E86006,Pyridox HCl_Tab 50mg,0906024N0AAAIAI,1,1.9152000000000005
351,E86626,Pyridox HCl_Tab 50mg,0906024N0AAAIAI,2,1.9152000000000005
160,E86005,Clonazepam_Tab 500mcg,0408010F0AAABAB,3,1.898399999999996
159,E86015,Clonazepam_Tab 500mcg,0408010F0AAABAB,1,1.898399999999996
158,E86042,Clonazepam_Tab 500mcg,0408010F0AAABAB,4,1.898399999999996
162,E86036,Clonazepam_Tab 500mcg,0408010F0AAABAB,3,1.898399999999996
161,E86028,Clonazepam_Tab 500mcg,0408010F0AAABAB,3,1.898399999999996
157,E86015,Clonazepam_Tab 500mcg,0408010F0AAABAB,12,1.898399999999996
156,E86010,Clonazepam_Tab 500mcg,0408010F0AAABAB,1,1.898399999999996
155,E86029,Clonazepam_Tab 500mcg,0408010F0AAABAB,8,1.898399999999996
154,Y00352,Clonazepam_Tab 500mcg,0408010F0AAABAB,1,1.898399999999996
163,E86009,Clonazepam_Tab 500mcg,0408010F0AAABAB,1,1.8079999999999963
281,E86027,Amiodarone HCl_Tab 200mg,0203020D0AAABAB,5,1.7500000000000016
353,E86015,Pyridox HCl_Tab 50mg,0906024N0AAAIAI,1,1.7100000000000004
165,E86018,Clonazepam_Tab 500mcg,0408010F0AAABAB,5,1.5819999999999967
164,E86007,Clonazepam_Tab 500mcg,0408010F0AAABAB,5,1.5819999999999967
282,E86019,Amiodarone HCl_Tab 200mg,0203020D0AAABAB,2,1.4000000000000012
283,E86015,Amiodarone HCl_Tab 200mg,0203020D0AAABAB,2,1.4000000000000012
284,E86007,Amiodarone HCl_Tab 200mg,0203020D0AAABAB,4,1.4000000000000012
285,E86012,Amiodarone HCl_Tab 200mg,0203020D0AAABAB,2,1.4000000000000012
166,E86632,Clonazepam_Tab 500mcg,0408010F0AAABAB,2,1.3559999999999972
173,E86036,Clonazepam_Tab 500mcg,0408010F0AAABAB,4,1.2655999999999974
175,E86632,Clonazepam_Tab 500mcg,0408010F0AAABAB,1,1.2655999999999974
169,E86041,Clonazepam_Tab 500mcg,0408010F0AAABAB,4,1.2655999999999974
170,E86028,Clonazepam_Tab 500mcg,0408010F0AAABAB,1,1.2655999999999974
171,E86010,Clonazepam_Tab 500mcg,0408010F0AAABAB,1,1.2655999999999974
172,E86003,Clonazepam_Tab 500mcg,0408010F0AAABAB,2,1.2655999999999974
168,E86034,Clonazepam_Tab 500mcg,0408010F0AAABAB,2,1.2655999999999974
174,E86618,Clonazepam_Tab 500mcg,0408010F0AAABAB,4,1.2655999999999974
167,E86010,Clonazepam_Tab 500mcg,0408010F0AAABAB,2,1.2655999999999974
176,E86027,Clonazepam_Tab 500mcg,0408010F0AAABAB,4,1.2655999999999974
177,E86006,Clonazepam_Tab 500mcg,0408010F0AAABAB,2,1.2655999999999974
178,Y00352,Clonazepam_Tab 500mcg,0408010F0AAABAB,1,1.2655999999999974
184,E86007,Clonazepam_Tab 500mcg,0408010F0AAABAB,1,1.1299999999999977
183,E86011,Clonazepam_Tab 500mcg,0408010F0AAABAB,1,1.1299999999999977
181,E86026,Clonazepam_Tab 500mcg,0408010F0AAABAB,1,1.1299999999999977
180,E86014,Clonazepam_Tab 500mcg,0408010F0AAABAB,1,1.1299999999999977
179,E86029,Clonazepam_Tab 500mcg,0408010F0AAABAB,1,1.1299999999999977
182,E86034,Clonazepam_Tab 500mcg,0408010F0AAABAB,1,1.1299999999999977
290,E86024,Amiodarone HCl_Tab 200mg,0203020D0AAABAB,1,1.050000000000001
291,E86041,Amiodarone HCl_Tab 200mg,0203020D0AAABAB,1,1.050000000000001
289,E86018,Amiodarone HCl_Tab 200mg,0203020D0AAABAB,3,1.050000000000001
288,E86637,Amiodarone HCl_Tab 200mg,0203020D0AAABAB,3,1.050000000000001
286,E86020,Amiodarone HCl_Tab 200mg,0203020D0AAABAB,3,1.050000000000001
287,E86010,Amiodarone HCl_Tab 200mg,0203020D0AAABAB,3,1.050000000000001
185,E86632,Clonazepam_Tab 500mcg,0408010F0AAABAB,3,1.016999999999998
292,E86012,Amiodarone HCl_Tab 200mg,0203020D0AAABAB,12,1.0164
354,E86010,Pyridox HCl_Tab 50mg,0906024N0AAAIAI,1,0.9576000000000002
355,E86632,Pyridox HCl_Tab 50mg,0906024N0AAAIAI,1,0.9576000000000002
356,E86042,Pyridox HCl_Tab 50mg,0906024N0AAAIAI,2,0.9576000000000002
191,E86006,Clonazepam_Tab 500mcg,0408010F0AAABAB,1,0.949199999999998
190,E86012,Clonazepam_Tab 500mcg,0408010F0AAABAB,1,0.949199999999998
196,E86003,Clonazepam_Tab 500mcg,0408010F0AAABAB,6,0.949199999999998
195,E86009,Clonazepam_Tab 500mcg,0408010F0AAABAB,3,0.949199999999998
194,E86007,Clonazepam_Tab 500mcg,0408010F0AAABAB,1,0.949199999999998
193,E86012,Clonazepam_Tab 500mcg,0408010F0AAABAB,4,0.949199999999998
192,E86028,Clonazepam_Tab 500mcg,0408010F0AAABAB,3,0.949199999999998
186,E86009,Clonazepam_Tab 500mcg,0408010F0AAABAB,1,0.949199999999998
187,E86042,Clonazepam_Tab 500mcg,0408010F0AAABAB,3,0.949199999999998
188,E86015,Clonazepam_Tab 500mcg,0408010F0AAABAB,12,0.949199999999998
189,E86010,Clonazepam_Tab 500mcg,0408010F0AAABAB,1,0.949199999999998
198,E86632,Clonazepam_Tab 500mcg,0408010F0AAABAB,5,0.7909999999999984
197,E86012,Clonazepam_Tab 500mcg,0408010F0AAABAB,5,0.7909999999999984
346,E86041,Tetrabenazine_Tab 25mg,0409030C0AAAAAA,3,0.749699999999999
392,E86015,Aspirin Disper_Tab 75mg,0209000A0AAABAB,255,0.7139999999999956
393,E86015,Aspirin Disper_Tab 75mg,0209000A0AAABAB,255,0.7139999999999956
307,E86625,Amiodarone HCl_Tab 200mg,0203020D0AAABAB,2,0.7000000000000006
293,E86609,Amiodarone HCl_Tab 200mg,0203020D0AAABAB,1,0.7000000000000006
302,Y00352,Amiodarone HCl_Tab 200mg,0203020D0AAABAB,2,0.7000000000000006
294,E86022,Amiodarone HCl_Tab 200mg,0203020D0AAABAB,1,0.7000000000000006
309,E86033,Amiodarone HCl_Tab 200mg,0203020D0AAABAB,1,0.7000000000000006
308,E86017,Amiodarone HCl_Tab 200mg,0203020D0AAABAB,1,0.7000000000000006
306,E86029,Amiodarone HCl_Tab 200mg,0203020D0AAABAB,1,0.7000000000000006
305,E86009,Amiodarone HCl_Tab 200mg,0203020D0AAABAB,2,0.7000000000000006
304,E86001,Amiodarone HCl_Tab 200mg,0203020D0AAABAB,1,0.7000000000000006
303,E86027,Amiodarone HCl_Tab 200mg,0203020D0AAABAB,1,0.7000000000000006
310,E86006,Amiodarone HCl_Tab 200mg,0203020D0AAABAB,2,0.7000000000000006
301,E86028,Amiodarone HCl_Tab 200mg,0203020D0AAABAB,2,0.7000000000000006
299,E86017,Amiodarone HCl_Tab 200mg,0203020D0AAABAB,2,0.7000000000000006
298,E86022,Amiodarone HCl_Tab 200mg,0203020D0AAABAB,2,0.7000000000000006
297,E86036,Amiodarone HCl_Tab 200mg,0203020D0AAABAB,1,0.7000000000000006
296,E86626,Amiodarone HCl_Tab 200mg,0203020D0AAABAB,2,0.7000000000000006
295,E86006,Amiodarone HCl_Tab 200mg,0203020D0AAABAB,1,0.7000000000000006
300,E86014,Amiodarone HCl_Tab 200mg,0203020D0AAABAB,1,0.7000000000000006
203,E86029,Clonazepam_Tab 500mcg,0408010F0AAABAB,1,0.6779999999999986
208,E86027,Clonazepam_Tab 500mcg,0408010F0AAABAB,1,0.6779999999999986
207,E86011,Clonazepam_Tab 500mcg,0408010F0AAABAB,1,0.6779999999999986
206,E86007,Clonazepam_Tab 500mcg,0408010F0AAABAB,1,0.6779999999999986
205,E86007,Clonazepam_Tab 500mcg,0408010F0AAABAB,2,0.6779999999999986
204,E86017,Clonazepam_Tab 500mcg,0408010F0AAABAB,1,0.6779999999999986
201,E86010,Clonazepam_Tab 500mcg,0408010F0AAABAB,1,0.6779999999999986
202,E86010,Clonazepam_Tab 500mcg,0408010F0AAABAB,2,0.6779999999999986
200,E86019,Clonazepam_Tab 500mcg,0408010F0AAABAB,1,0.6779999999999986
199,E86033,Clonazepam_Tab 500mcg,0408010F0AAABAB,1,0.6779999999999986
312,E86015,Amiodarone HCl_Tab 200mg,0203020D0AAABAB,8,0.6776
311,E86026,Amiodarone HCl_Tab 200mg,0203020D0AAABAB,8,0.6776
209,E86618,Clonazepam_Tab 500mcg,0408010F0AAABAB,1,0.6327999999999987
210,E86019,Clonazepam_Tab 500mcg,0408010F0AAABAB,1,0.6327999999999987
229,E86005,Clonazepam_Tab 500mcg,0408010F0AAABAB,8,0.6327999999999987
211,E86019,Clonazepam_Tab 500mcg,0408010F0AAABAB,4,0.6327999999999987
213,E86005,Clonazepam_Tab 500mcg,0408010F0AAABAB,2,0.6327999999999987
223,E86001,Clonazepam_Tab 500mcg,0408010F0AAABAB,1,0.6327999999999987
230,E86020,Clonazepam_Tab 500mcg,0408010F0AAABAB,2,0.6327999999999987
212,E86625,Clonazepam_Tab 500mcg,0408010F0AAABAB,1,0.6327999999999987
228,E86615,Clonazepam_Tab 500mcg,0408010F0AAABAB,1,0.6327999999999987
227,E86004,Clonazepam_Tab 500mcg,0408010F0AAABAB,8,0.6327999999999987
226,E86640,Clonazepam_Tab 500mcg,0408010F0AAABAB,1,0.6327999999999987
225,Y00352,Clonazepam_Tab 500mcg,0408010F0AAABAB,2,0.6327999999999987
214,E86024,Clonazepam_Tab 500mcg,0408010F0AAABAB,2,0.6327999999999987
224,E86030,Clonazepam_Tab 500mcg,0408010F0AAABAB,1,0.6327999999999987
222,E86629,Clonazepam_Tab 500mcg,0408010F0AAABAB,1,0.6327999999999987
221,E86009,Clonazepam_Tab 500mcg,0408010F0AAABAB,1,0.6327999999999987
220,E86017,Clonazepam_Tab 500mcg,0408010F0AAABAB,1,0.6327999999999987
219,E86027,Clonazepam_Tab 500mcg,0408010F0AAABAB,1,0.6327999999999987
218,E86001,Clonazepam_Tab 500mcg,0408010F0AAABAB,2,0.6327999999999987
217,E86036,Clonazepam_Tab 500mcg,0408010F0AAABAB,8,0.6327999999999987
216,E86018,Clonazepam_Tab 500mcg,0408010F0AAABAB,1,0.6327999999999987
215,E86026,Clonazepam_Tab 500mcg,0408010F0AAABAB,1,0.6327999999999987
231,E86029,Clonazepam_Tab 500mcg,0408010F0AAABAB,2,0.6327999999999987
232,E86015,Clonazepam_Tab 500mcg,0408010F0AAABAB,1,0.5699999999999983
313,E86036,Amiodarone HCl_Tab 200mg,0203020D0AAABAB,6,0.5082
314,E86029,Amiodarone HCl_Tab 200mg,0203020D0AAABAB,6,0.5082
347,E86028,Tetrabenazine_Tab 25mg,0409030C0AAAAAA,1,0.49979999999999936
361,E86034,Pyridox HCl_Tab 50mg,0906024N0AAAIAI,1,0.4788000000000001
360,E86637,Pyridox HCl_Tab 50mg,0906024N0AAAIAI,1,0.4788000000000001
357,E86010,Pyridox HCl_Tab 50mg,0906024N0AAAIAI,1,0.4788000000000001
359,E86629,Pyridox HCl_Tab 50mg,0906024N0AAAIAI,1,0.4788000000000001
358,E86004,Pyridox HCl_Tab 50mg,0906024N0AAAIAI,4,0.4788000000000001
395,E86012,Aspirin Disper_Tab 75mg,0209000A0AAABAB,170,0.4759999999999971
394,E86012,Aspirin Disper_Tab 75mg,0209000A0AAABAB,170,0.4759999999999971
233,E86006,Clonazepam_Tab 500mcg,0408010F0AAABAB,1,0.474599999999999
235,E86036,Clonazepam_Tab 500mcg,0408010F0AAABAB,1,0.474599999999999
238,E86006,Clonazepam_Tab 500mcg,0408010F0AAABAB,3,0.474599999999999
237,E86028,Clonazepam_Tab 500mcg,0408010F0AAABAB,6,0.474599999999999
236,E86007,Clonazepam_Tab 500mcg,0408010F0AAABAB,1,0.474599999999999
239,E86619,Clonazepam_Tab 500mcg,0408010F0AAABAB,3,0.474599999999999
234,E86010,Clonazepam_Tab 500mcg,0408010F0AAABAB,1,0.474599999999999
240,E86018,Clonazepam_Tab 500mcg,0408010F0AAABAB,6,0.474599999999999
241,E86007,Clonazepam_Tab 500mcg,0408010F0AAABAB,2,0.44399999999999995
315,E86003,Amiodarone HCl_Tab 200mg,0203020D0AAABAB,5,0.4235
242,E86029,Clonazepam_Tab 500mcg,0408010F0AAABAB,5,0.3954999999999992
397,E86029,Aspirin Disper_Tab 75mg,0209000A0AAABAB,129,0.3611999999999978
396,E86029,Aspirin Disper_Tab 75mg,0209000A0AAABAB,129,0.3611999999999978
399,E86001,Aspirin Disper_Tab 75mg,0209000A0AAABAB,128,0.35839999999999783
398,E86001,Aspirin Disper_Tab 75mg,0209000A0AAABAB,128,0.35839999999999783
324,E86033,Amiodarone HCl_Tab 200mg,0203020D0AAABAB,1,0.3500000000000003
326,E86005,Amiodarone HCl_Tab 200mg,0203020D0AAABAB,1,0.3500000000000003
325,E86629,Amiodarone HCl_Tab 200mg,0203020D0AAABAB,1,0.3500000000000003
323,E86619,Amiodarone HCl_Tab 200mg,0203020D0AAABAB,1,0.3500000000000003
322,E86004,Amiodarone HCl_Tab 200mg,0203020D0AAABAB,1,0.3500000000000003
321,E86036,Amiodarone HCl_Tab 200mg,0203020D0AAABAB,1,0.3500000000000003
320,E86024,Amiodarone HCl_Tab 200mg,0203020D0AAABAB,1,0.3500000000000003
319,E86001,Amiodarone HCl_Tab 200mg,0203020D0AAABAB,1,0.3500000000000003
318,E86011,Amiodarone HCl_Tab 200mg,0203020D0AAABAB,1,0.3500000000000003
317,E86003,Amiodarone HCl_Tab 200mg,0203020D0AAABAB,1,0.3500000000000003
316,E86042,Amiodarone HCl_Tab 200mg,0203020D0AAABAB,1,0.3500000000000003
400,E86018,Aspirin Disper_Tab 75mg,0209000A0AAABAB,124,0.3471999999999979
401,E86018,Aspirin Disper_Tab 75mg,0209000A0AAABAB,124,0.3471999999999979
247,E86024,Clonazepam_Tab 500mcg,0408010F0AAABAB,1,0.3389999999999993
245,Y00352,Clonazepam_Tab 500mcg,0408010F0AAABAB,1,0.3389999999999993
244,E86042,Clonazepam_Tab 500mcg,0408010F0AAABAB,1,0.3389999999999993
246,E86017,Clonazepam_Tab 500mcg,0408010F0AAABAB,1,0.3389999999999993
243,E86026,Clonazepam_Tab 500mcg,0408010F0AAABAB,1,0.3389999999999993
338,E86041,Amiodarone HCl_Tab 200mg,0203020D0AAABAB,4,0.3388
337,E86626,Amiodarone HCl_Tab 200mg,0203020D0AAABAB,4,0.3388
336,E86001,Amiodarone HCl_Tab 200mg,0203020D0AAABAB,4,0.3388
335,E86007,Amiodarone HCl_Tab 200mg,0203020D0AAABAB,4,0.3388
334,E86028,Amiodarone HCl_Tab 200mg,0203020D0AAABAB,4,0.3388
333,E86042,Amiodarone HCl_Tab 200mg,0203020D0AAABAB,4,0.3388
332,E86014,Amiodarone HCl_Tab 200mg,0203020D0AAABAB,4,0.3388
331,E86640,Amiodarone HCl_Tab 200mg,0203020D0AAABAB,4,0.3388
330,E86625,Amiodarone HCl_Tab 200mg,0203020D0AAABAB,4,0.3388
329,E86017,Amiodarone HCl_Tab 200mg,0203020D0AAABAB,4,0.3388
328,E86018,Amiodarone HCl_Tab 200mg,0203020D0AAABAB,4,0.3388
327,E86004,Amiodarone HCl_Tab 200mg,0203020D0AAABAB,4,0.3388
249,E86016,Clonazepam_Tab 500mcg,0408010F0AAABAB,1,0.31639999999999935
250,E86006,Clonazepam_Tab 500mcg,0408010F0AAABAB,1,0.31639999999999935
264,E86012,Clonazepam_Tab 500mcg,0408010F0AAABAB,1,0.31639999999999935
262,E86609,Clonazepam_Tab 500mcg,0408010F0AAABAB,1,0.31639999999999935
248,E86004,Clonazepam_Tab 500mcg,0408010F0AAABAB,1,0.31639999999999935
260,E86632,Clonazepam_Tab 500mcg,0408010F0AAABAB,1,0.31639999999999935
259,E86625,Clonazepam_Tab 500mcg,0408010F0AAABAB,1,0.31639999999999935
258,E86011,Clonazepam_Tab 500mcg,0408010F0AAABAB,1,0.31639999999999935
257,E86017,Clonazepam_Tab 500mcg,0408010F0AAABAB,1,0.31639999999999935
256,E86016,Clonazepam_Tab 500mcg,0408010F0AAABAB,2,0.31639999999999935
255,E86632,Clonazepam_Tab 500mcg,0408010F0AAABAB,4,0.31639999999999935
254,E86030,Clonazepam_Tab 500mcg,0408010F0AAABAB,1,0.31639999999999935
253,E86007,Clonazepam_Tab 500mcg,0408010F0AAABAB,4,0.31639999999999935
252,E86615,Clonazepam_Tab 500mcg,0408010F0AAABAB,1,0.31639999999999935
251,E86022,Clonazepam_Tab 500mcg,0408010F0AAABAB,1,0.31639999999999935
261,E86637,Clonazepam_Tab 500mcg,0408010F0AAABAB,1,0.31639999999999935
263,E86015,Clonazepam_Tab 500mcg,0408010F0AAABAB,1,0.31639999999999935
402,E86017,Aspirin Disper_Tab 75mg,0209000A0AAABAB,105,0.2939999999999982
403,E86017,Aspirin Disper_Tab 75mg,0209000A0AAABAB,105,0.2939999999999982
362,E86625,Pyridox HCl_Tab 50mg,0906024N0AAAIAI,2,0.2832000000000008
363,Y00352,Pyridox HCl_Tab 50mg,0906024N0AAAIAI,2,0.2832000000000008
364,E86015,Pyridox HCl_Tab 50mg,0906024N0AAAIAI,1,0.27200000000000024
365,E86001,Pyridox HCl_Tab 50mg,0906024N0AAAIAI,1,0.27200000000000024
366,E86017,Pyridox HCl_Tab 50mg,0906024N0AAAIAI,4,0.2624000000000013
404,E86028,Aspirin Disper_Tab 75mg,0209000A0AAABAB,88,0.2463999999999985
405,E86028,Aspirin Disper_Tab 75mg,0209000A0AAABAB,88,0.2463999999999985
406,E86036,Aspirin Disper_Tab 75mg,0209000A0AAABAB,87,0.24359999999999854
407,E86036,Aspirin Disper_Tab 75mg,0209000A0AAABAB,87,0.24359999999999854
409,E86033,Aspirin Disper_Tab 75mg,0209000A0AAABAB,86,0.24079999999999854
408,E86033,Aspirin Disper_Tab 75mg,0209000A0AAABAB,86,0.24079999999999854
367,E86005,Pyridox HCl_Tab 50mg,0906024N0AAAIAI,1,0.23940000000000006
266,E86001,Clonazepam_Tab 500mcg,0408010F0AAABAB,3,0.2372999999999995
265,E86015,Clonazepam_Tab 500mcg,0408010F0AAABAB,1,0.2372999999999995
410,E86004,Aspirin Disper_Tab 75mg,0209000A0AAABAB,83,0.2323999999999986
411,E86004,Aspirin Disper_Tab 75mg,0209000A0AAABAB,83,0.2323999999999986
267,E86029,Clonazepam_Tab 500mcg,0408010F0AAABAB,2,0.23199999999999998
412,E86006,Aspirin Disper_Tab 75mg,0209000A0AAABAB,82,0.2295999999999986
413,E86006,Aspirin Disper_Tab 75mg,0209000A0AAABAB,82,0.2295999999999986
415,E86016,Aspirin Disper_Tab 75mg,0209000A0AAABAB,77,0.21559999999999868
414,E86016,Aspirin Disper_Tab 75mg,0209000A0AAABAB,77,0.21559999999999868
417,Y00352,Aspirin Disper_Tab 75mg,0209000A0AAABAB,76,0.2127999999999987
416,Y00352,Aspirin Disper_Tab 75mg,0209000A0AAABAB,76,0.2127999999999987
419,E86027,Aspirin Disper_Tab 75mg,0209000A0AAABAB,72,0.20159999999999878
418,E86027,Aspirin Disper_Tab 75mg,0209000A0AAABAB,72,0.20159999999999878
368,E86625,Pyridox HCl_Tab 50mg,0906024N0AAAIAI,3,0.19680000000000097
421,E86005,Aspirin Disper_Tab 75mg,0209000A0AAABAB,68,0.19039999999999885
420,E86005,Aspirin Disper_Tab 75mg,0209000A0AAABAB,68,0.19039999999999885
340,E86029,Amiodarone HCl_Tab 200mg,0203020D0AAABAB,1,0.17920000000000008
339,E86028,Amiodarone HCl_Tab 200mg,0203020D0AAABAB,1,0.17920000000000008
268,E86010,Clonazepam_Tab 500mcg,0408010F0AAABAB,1,0.1791999999999998
269,E86005,Clonazepam_Tab 500mcg,0408010F0AAABAB,1,0.174
422,E86014,Aspirin Disper_Tab 75mg,0209000A0AAABAB,57,0.15959999999999902
423,E86014,Aspirin Disper_Tab 75mg,0209000A0AAABAB,57,0.15959999999999902
274,E86029,Clonazepam_Tab 500mcg,0408010F0AAABAB,1,0.15819999999999967
272,E86001,Clonazepam_Tab 500mcg,0408010F0AAABAB,1,0.15819999999999967
271,E86637,Clonazepam_Tab 500mcg,0408010F0AAABAB,1,0.15819999999999967
270,E86007,Clonazepam_Tab 500mcg,0408010F0AAABAB,1,0.15819999999999967
273,Y00352,Clonazepam_Tab 500mcg,0408010F0AAABAB,1,0.15819999999999967
369,E86018,Pyridox HCl_Tab 50mg,0906024N0AAAIAI,7,0.1498000000000006
424,E86618,Aspirin Disper_Tab 75mg,0209000A0AAABAB,53,0.1483999999999991
425,E86618,Aspirin Disper_Tab 75mg,0209000A0AAABAB,53,0.1483999999999991
427,E86042,Aspirin Disper_Tab 75mg,0209000A0AAABAB,51,0.14279999999999915
426,E86042,Aspirin Disper_Tab 75mg,0209000A0AAABAB,51,0.14279999999999915
375,E86612,Pyridox HCl_Tab 50mg,0906024N0AAAIAI,1,0.1416000000000004
374,E86012,Pyridox HCl_Tab 50mg,0906024N0AAAIAI,1,0.1416000000000004
373,E86618,Pyridox HCl_Tab 50mg,0906024N0AAAIAI,1,0.1416000000000004
372,E86001,Pyridox HCl_Tab 50mg,0906024N0AAAIAI,1,0.1416000000000004
371,E86004,Pyridox HCl_Tab 50mg,0906024N0AAAIAI,1,0.1416000000000004
370,E86629,Pyridox HCl_Tab 50mg,0906024N0AAAIAI,1,0.1416000000000004
377,E86018,Pyridox HCl_Tab 50mg,0906024N0AAAIAI,2,0.13120000000000065
376,E86637,Pyridox HCl_Tab 50mg,0906024N0AAAIAI,2,0.13120000000000065
429,E86020,Aspirin Disper_Tab 75mg,0209000A0AAABAB,45,0.12599999999999922
428,E86020,Aspirin Disper_Tab 75mg,0209000A0AAABAB,45,0.12599999999999922
431,E86026,Aspirin Disper_Tab 75mg,0209000A0AAABAB,43,0.12039999999999927
430,E86026,Aspirin Disper_Tab 75mg,0209000A0AAABAB,43,0.12039999999999927
275,E86010,Clonazepam_Tab 500mcg,0408010F0AAABAB,1,0.11599999999999999
432,E86615,Aspirin Disper_Tab 75mg,0209000A0AAABAB,38,0.10639999999999936
433,E86615,Aspirin Disper_Tab 75mg,0209000A0AAABAB,38,0.10639999999999936
434,E86625,Aspirin Disper_Tab 75mg,0209000A0AAABAB,34,0.09519999999999942
435,E86022,Aspirin Disper_Tab 75mg,0209000A0AAABAB,34,0.09519999999999942
436,E86041,Aspirin Disper_Tab 75mg,0209000A0AAABAB,34,0.09519999999999942
437,E86625,Aspirin Disper_Tab 75mg,0209000A0AAABAB,34,0.09519999999999942
438,E86041,Aspirin Disper_Tab 75mg,0209000A0AAABAB,34,0.09519999999999942
439,E86022,Aspirin Disper_Tab 75mg,0209000A0AAABAB,34,0.09519999999999942
440,E86010,Aspirin Disper_Tab 75mg,0209000A0AAABAB,32,0.08959999999999946
441,E86010,Aspirin Disper_Tab 75mg,0209000A0AAABAB,32,0.08959999999999946
378,E86612,Pyridox HCl_Tab 50mg,0906024N0AAAIAI,4,0.08560000000000034
379,E86042,Pyridox HCl_Tab 50mg,0906024N0AAAIAI,4,0.08560000000000034
380,E86019,Pyridox HCl_Tab 50mg,0906024N0AAAIAI,4,0.08560000000000034
381,Y00352,Pyridox HCl_Tab 50mg,0906024N0AAAIAI,4,0.08560000000000034
442,E86007,Aspirin Disper_Tab 75mg,0209000A0AAABAB,29,0.08119999999999951
443,E86007,Aspirin Disper_Tab 75mg,0209000A0AAABAB,29,0.08119999999999951
444,E86610,Aspirin Disper_Tab 75mg,0209000A0AAABAB,26,0.07279999999999956
445,E86610,Aspirin Disper_Tab 75mg,0209000A0AAABAB,26,0.07279999999999956
447,E86003,Aspirin Disper_Tab 75mg,0209000A0AAABAB,25,0.06999999999999958
446,E86003,Aspirin Disper_Tab 75mg,0209000A0AAABAB,25,0.06999999999999958
382,E86612,Pyridox HCl_Tab 50mg,0906024N0AAAIAI,1,0.06560000000000032
389,E86003,Pyridox HCl_Tab 50mg,0906024N0AAAIAI,1,0.06560000000000032
388,E86038,Pyridox HCl_Tab 50mg,0906024N0AAAIAI,1,0.06560000000000032
386,E86004,Pyridox HCl_Tab 50mg,0906024N0AAAIAI,1,0.06560000000000032
385,E86024,Pyridox HCl_Tab 50mg,0906024N0AAAIAI,1,0.06560000000000032
384,E86015,Pyridox HCl_Tab 50mg,0906024N0AAAIAI,1,0.06560000000000032
383,E86005,Pyridox HCl_Tab 50mg,0906024N0AAAIAI,1,0.06560000000000032
387,E86626,Pyridox HCl_Tab 50mg,0906024N0AAAIAI,1,0.06560000000000032
390,E86015,Pyridox HCl_Tab 50mg,0906024N0AAAIAI,3,0.06420000000000026
448,E86632,Aspirin Disper_Tab 75mg,0209000A0AAABAB,22,0.06159999999999963
449,E86632,Aspirin Disper_Tab 75mg,0209000A0AAABAB,22,0.06159999999999963
450,E86612,Aspirin Disper_Tab 75mg,0209000A0AAABAB,21,0.058799999999999644
451,E86612,Aspirin Disper_Tab 75mg,0209000A0AAABAB,21,0.058799999999999644
452,E86609,Aspirin Disper_Tab 75mg,0209000A0AAABAB,21,0.058799999999999644
453,E86609,Aspirin Disper_Tab 75mg,0209000A0AAABAB,21,0.058799999999999644
277,E86009,Clonazepam_Tab 500mcg,0408010F0AAABAB,1,0.057999999999999996
276,E86033,Clonazepam_Tab 500mcg,0408010F0AAABAB,1,0.057999999999999996
454,E86011,Aspirin Disper_Tab 75mg,0209000A0AAABAB,20,0.05599999999999966
455,E86011,Aspirin Disper_Tab 75mg,0209000A0AAABAB,20,0.05599999999999966
456,E86605,Aspirin Disper_Tab 75mg,0209000A0AAABAB,16,0.04479999999999973
457,E86605,Aspirin Disper_Tab 75mg,0209000A0AAABAB,16,0.04479999999999973
278,E86015,Clonazepam_Tab 500mcg,0408010F0AAABAB,1,0.04239999999999999
461,E86030,Aspirin Disper_Tab 75mg,0209000A0AAABAB,12,0.0335999999999998
458,E86629,Aspirin Disper_Tab 75mg,0209000A0AAABAB,12,0.0335999999999998
459,E86629,Aspirin Disper_Tab 75mg,0209000A0AAABAB,12,0.0335999999999998
460,E86030,Aspirin Disper_Tab 75mg,0209000A0AAABAB,12,0.0335999999999998
464,E86005,Aspirin Disper_Tab 75mg,0209000A0AAABAB,4,0.022399999999999864
462,E86005,Aspirin Disper_Tab 75mg,0209000A0AAABAB,4,0.022399999999999864
463,E86001,Aspirin Disper_Tab 75mg,0209000A0AAABAB,4,0.022399999999999864
467,E86625,Aspirin Disper_Tab 75mg,0209000A0AAABAB,4,0.022399999999999864
465,E86625,Aspirin Disper_Tab 75mg,0209000A0AAABAB,4,0.022399999999999864
466,E86001,Aspirin Disper_Tab 75mg,0209000A0AAABAB,4,0.022399999999999864
391,E86029,Pyridox HCl_Tab 50mg,0906024N0AAAIAI,1,0.021400000000000086
468,E86038,Aspirin Disper_Tab 75mg,0209000A0AAABAB,5,0.013999999999999915
469,E86038,Aspirin Disper_Tab 75mg,0209000A0AAABAB,5,0.013999999999999915
474,E86012,Aspirin Disper_Tab 75mg,0209000A0AAABAB,2,0.011199999999999932
471,E86038,Aspirin Disper_Tab 75mg,0209000A0AAABAB,2,0.011199999999999932
475,E86014,Aspirin Disper_Tab 75mg,0209000A0AAABAB,2,0.011199999999999932
470,E86012,Aspirin Disper_Tab 75mg,0209000A0AAABAB,2,0.011199999999999932
472,E86038,Aspirin Disper_Tab 75mg,0209000A0AAABAB,2,0.011199999999999932
473,E86014,Aspirin Disper_Tab 75mg,0209000A0AAABAB,2,0.011199999999999932
476,E86640,Aspirin Disper_Tab 75mg,0209000A0AAABAB,3,0.00839999999999995
477,E86640,Aspirin Disper_Tab 75mg,0209000A0AAABAB,3,0.00839999999999995
489,E86006,Aspirin Disper_Tab 75mg,0209000A0AAABAB,1,0.005599999999999966
478,E86006,Aspirin Disper_Tab 75mg,0209000A0AAABAB,1,0.005599999999999966
480,E86033,Aspirin Disper_Tab 75mg,0209000A0AAABAB,1,0.005599999999999966
481,E86618,Aspirin Disper_Tab 75mg,0209000A0AAABAB,1,0.005599999999999966
482,E86028,Aspirin Disper_Tab 75mg,0209000A0AAABAB,1,0.005599999999999966
483,E86042,Aspirin Disper_Tab 75mg,0209000A0AAABAB,1,0.005599999999999966
484,E86007,Aspirin Disper_Tab 75mg,0209000A0AAABAB,1,0.005599999999999966
485,E86007,Aspirin Disper_Tab 75mg,0209000A0AAABAB,1,0.005599999999999966
486,E86033,Aspirin Disper_Tab 75mg,0209000A0AAABAB,1,0.005599999999999966
479,E86028,Aspirin Disper_Tab 75mg,0209000A0AAABAB,1,0.005599999999999966
487,E86042,Aspirin Disper_Tab 75mg,0209000A0AAABAB,1,0.005599999999999966
488,E86618,Aspirin Disper_Tab 75mg,0209000A0AAABAB,1,0.005599999999999966
36,E86022,Sumatriptan_Tab 50mg,0407041T0AAAFAF,1,0.0041999999999995374
112,E86012,Sumatriptan_Tab 50mg,0407041T0AAAFAF,6,0.0
68,E86010,Sumatriptan_Tab 50mg,0407041T0AAAFAF,1,0.0
78,E86027,Sumatriptan_Tab 50mg,0407041T0AAAFAF,1,0.0
77,E86030,Sumatriptan_Tab 50mg,0407041T0AAAFAF,2,0.0
76,E86004,Sumatriptan_Tab 50mg,0407041T0AAAFAF,2,0.0
75,E86612,Sumatriptan_Tab 50mg,0407041T0AAAFAF,1,0.0
74,E86001,Sumatriptan_Tab 50mg,0407041T0AAAFAF,3,0.0
73,E86010,Sumatriptan_Tab 50mg,0407041T0AAAFAF,2,0.0
72,E86619,Sumatriptan_Tab 50mg,0407041T0AAAFAF,1,0.0
71,E86034,Sumatriptan_Tab 50mg,0407041T0AAAFAF,1,0.0
70,E86016,Sumatriptan_Tab 50mg,0407041T0AAAFAF,1,0.0
69,E86006,Sumatriptan_Tab 50mg,0407041T0AAAFAF,4,0.0
67,E86029,Sumatriptan_Tab 50mg,0407041T0AAAFAF,7,0.0
80,E86620,Sumatriptan_Tab 50mg,0407041T0AAAFAF,1,0.0
66,E86637,Sumatriptan_Tab 50mg,0407041T0AAAFAF,5,0.0
65,E86640,Sumatriptan_Tab 50mg,0407041T0AAAFAF,2,0.0
64,E86014,Sumatriptan_Tab 50mg,0407041T0AAAFAF,2,0.0
63,E86007,Sumatriptan_Tab 50mg,0407041T0AAAFAF,2,0.0
62,E86016,Sumatriptan_Tab 50mg,0407041T0AAAFAF,1,0.0
61,E86015,Sumatriptan_Tab 50mg,0407041T0AAAFAF,5,0.0
113,E86015,Sumatriptan_Tab 50mg,0407041T0AAAFAF,8,0.0
114,E86019,Sumatriptan_Tab 50mg,0407041T0AAAFAF,1,0.0
106,E86006,Sumatriptan_Tab 50mg,0407041T0AAAFAF,7,0.0
120,E86004,Sumatriptan_Tab 50mg,0407041T0AAAFAF,1,0.0
79,E86038,Sumatriptan_Tab 50mg,0407041T0AAAFAF,1,0.0
81,E86007,Sumatriptan_Tab 50mg,0407041T0AAAFAF,11,0.0
108,E86022,Sumatriptan_Tab 50mg,0407041T0AAAFAF,3,0.0
82,E86028,Sumatriptan_Tab 50mg,0407041T0AAAFAF,1,0.0
103,E86033,Sumatriptan_Tab 50mg,0407041T0AAAFAF,4,0.0
102,E86017,Sumatriptan_Tab 50mg,0407041T0AAAFAF,5,0.0
101,E86618,Sumatriptan_Tab 50mg,0407041T0AAAFAF,6,0.0
100,E86004,Sumatriptan_Tab 50mg,0407041T0AAAFAF,8,0.0
99,E86005,Sumatriptan_Tab 50mg,0407041T0AAAFAF,3,0.0
98,E86042,Sumatriptan_Tab 50mg,0407041T0AAAFAF,6,0.0
97,E86629,Sumatriptan_Tab 50mg,0407041T0AAAFAF,1,0.0
96,E86009,Sumatriptan_Tab 50mg,0407041T0AAAFAF,1,0.0
95,E86018,Sumatriptan_Tab 50mg,0407041T0AAAFAF,5,0.0
94,E86612,Sumatriptan_Tab 50mg,0407041T0AAAFAF,4,0.0
93,E86610,Sumatriptan_Tab 50mg,0407041T0AAAFAF,1,0.0
92,E86609,Sumatriptan_Tab 50mg,0407041T0AAAFAF,1,0.0
91,E86010,Sumatriptan_Tab 50mg,0407041T0AAAFAF,10,0.0
90,E86612,Sumatriptan_Tab 50mg,0407041T0AAAFAF,2,0.0
89,E86036,Sumatriptan_Tab 50mg,0407041T0AAAFAF,2,0.0
88,E86005,Sumatriptan_Tab 50mg,0407041T0AAAFAF,4,0.0
87,E86619,Sumatriptan_Tab 50mg,0407041T0AAAFAF,4,0.0
86,E86605,Sumatriptan_Tab 50mg,0407041T0AAAFAF,1,0.0
85,E86610,Sumatriptan_Tab 50mg,0407041T0AAAFAF,1,0.0
84,E86042,Sumatriptan_Tab 50mg,0407041T0AAAFAF,5,0.0
83,E86038,Sumatriptan_Tab 50mg,0407041T0AAAFAF,3,0.0
107,E86014,Sumatriptan_Tab 50mg,0407041T0AAAFAF,3,0.0
60,E86003,Sumatriptan_Tab 50mg,0407041T0AAAFAF,1,0.0
54,Y00352,Sumatriptan_Tab 50mg,0407041T0AAAFAF,1,0.0
44,E86026,Sumatriptan_Tab 50mg,0407041T0AAAFAF,1,0.0
52,E86041,Sumatriptan_Tab 50mg,0407041T0AAAFAF,1,0.0
51,E86632,Sumatriptan_Tab 50mg,0407041T0AAAFAF,2,0.0
50,E86028,Sumatriptan_Tab 50mg,0407041T0AAAFAF,1,0.0
37,E86019,Sumatriptan_Tab 50mg,0407041T0AAAFAF,3,0.0
38,E86010,Sumatriptan_Tab 50mg,0407041T0AAAFAF,5,0.0
39,E86027,Sumatriptan_Tab 50mg,0407041T0AAAFAF,3,0.0
40,E86027,Sumatriptan_Tab 50mg,0407041T0AAAFAF,1,0.0
41,Y00352,Sumatriptan_Tab 50mg,0407041T0AAAFAF,2,0.0
42,E86020,Sumatriptan_Tab 50mg,0407041T0AAAFAF,1,0.0
43,E86029,Sumatriptan_Tab 50mg,0407041T0AAAFAF,8,0.0
49,E86024,Sumatriptan_Tab 50mg,0407041T0AAAFAF,2,0.0
105,E86632,Sumatriptan_Tab 50mg,0407041T0AAAFAF,1,0.0
48,E86022,Sumatriptan_Tab 50mg,0407041T0AAAFAF,2,0.0
47,E86615,Sumatriptan_Tab 50mg,0407041T0AAAFAF,1,0.0
46,Y00352,Sumatriptan_Tab 50mg,0407041T0AAAFAF,5,0.0
111,E86042,Sumatriptan_Tab 50mg,0407041T0AAAFAF,1,0.0
45,E86016,Sumatriptan_Tab 50mg,0407041T0AAAFAF,1,0.0
115,E86024,Sumatriptan_Tab 50mg,0407041T0AAAFAF,3,0.0
116,E86012,Sumatriptan_Tab 50mg,0407041T0AAAFAF,7,0.0
117,E86626,Sumatriptan_Tab 50mg,0407041T0AAAFAF,2,0.0
118,E86007,Sumatriptan_Tab 50mg,0407041T0AAAFAF,5,0.0
119,E86011,Sumatriptan_Tab 50mg,0407041T0AAAFAF,2,0.0
53,E86010,Sumatriptan_Tab 50mg,0407041T0AAAFAF,1,0.0
104,E86640,Sumatriptan_Tab 50mg,0407041T0AAAFAF,4,0.0
121,E86028,Sumatriptan_Tab 50mg,0407041T0AAAFAF,2,0.0
131,E86612,Sumatriptan_Tab 50mg,0407041T0AAAFAF,1,0.0
59,E86011,Sumatriptan_Tab 50mg,0407041T0AAAFAF,3,0.0
58,E86605,Sumatriptan_Tab 50mg,0407041T0AAAFAF,3,0.0
57,E86618,Sumatriptan_Tab 50mg,0407041T0AAAFAF,7,0.0
56,E86017,Sumatriptan_Tab 50mg,0407041T0AAAFAF,1,0.0
55,E86009,Sumatriptan_Tab 50mg,0407041T0AAAFAF,5,0.0
109,E86005,Sumatriptan_Tab 50mg,0407041T0AAAFAF,3,0.0
134,E86001,Sumatriptan_Tab 50mg,0407041T0AAAFAF,1,0.0
133,E86026,Sumatriptan_Tab 50mg,0407041T0AAAFAF,3,0.0
110,E86029,Sumatriptan_Tab 50mg,0407041T0AAAFAF,1,0.0
132,E86626,Sumatriptan_Tab 50mg,0407041T0AAAFAF,6,0.0
130,E86018,Sumatriptan_Tab 50mg,0407041T0AAAFAF,3,0.0
129,E86020,Sumatriptan_Tab 50mg,0407041T0AAAFAF,1,0.0
128,E86033,Sumatriptan_Tab 50mg,0407041T0AAAFAF,1,0.0
127,E86625,Sumatriptan_Tab 50mg,0407041T0AAAFAF,1,0.0
126,E86012,Sumatriptan_Tab 50mg,0407041T0AAAFAF,1,0.0
125,E86615,Sumatriptan_Tab 50mg,0407041T0AAAFAF,4,0.0
124,E86001,Sumatriptan_Tab 50mg,0407041T0AAAFAF,3,0.0
123,E86009,Sumatriptan_Tab 50mg,0407041T0AAAFAF,7,0.0
122,E86036,Sumatriptan_Tab 50mg,0407041T0AAAFAF,5,0.0
135,E86015,Sumatriptan_Tab 50mg,0407041T0AAAFAF,1,-0.0027999999999996916
136,E86005,Sumatriptan_Tab 50mg,0407041T0AAAFAF,1,-0.0027999999999996916
18,E86042,Mesalazine_Tab E/C 400mg,0105010B0AAAAAA,4,-0.008399999999999075
490,E86017,Aspirin Disper_Tab 75mg,0209000A0AAABAB,2,-0.008400000000000046
491,E86017,Aspirin Disper_Tab 75mg,0209000A0AAABAB,2,-0.008400000000000046
19,E86612,Mesalazine_Tab E/C 400mg,0105010B0AAAAAA,1,-0.011999999999998678
20,E86001,Mesalazine_Tab E/C 400mg,0105010B0AAAAAA,1,-12.833999999999998
21,E86033,Mesalazine_Tab E/C 400mg,0105010B0AAAAAA,1,-15.971199999999998
22,E86006,Mesalazine_Tab E/C 400mg,0105010B0AAAAAA,1,-17.112
23,E86033,Mesalazine_Tab E/C 400mg,0105010B0AAAAAA,1,-25.667999999999996
24,E86001,Mesalazine_Tab E/C 400mg,0105010B0AAAAAA,1,-31.942399999999996
26,E86006,Mesalazine_Tab E/C 400mg,0105010B0AAAAAA,1,-34.224
25,E86001,Mesalazine_Tab E/C 400mg,0105010B0AAAAAA,1,-34.224
27,E86610,Mesalazine_Tab E/C 400mg,0105010B0AAAAAA,1,-47.913599999999995
28,E86001,Mesalazine_Tab E/C 400mg,0105010B0AAAAAA,1,-51.33599999999999
29,E86004,Mesalazine_Tab E/C 400mg,0105010B0AAAAAA,2,-68.448
