,practice_code,bnf_description,bnf_code,items,excess_cost
0,H85001,Amiodarone HCl_Tab 200mg,0203020D0AAABAB,2,0.7000000000000006
1,H85001,Aspirin Disper_Tab 75mg,0209000A0AAABAB,128,0.36399999999999777
2,H85001,Clonazepam_Tab 500mcg,0408010F0AAABAB,17,9.42749999999998
3,H85001,Mesalazine_Tab E/C 400mg,0105010B0AAAAAA,2,-27.379199999999994
4,H85001,Omeprazole_Cap E/C 20mg,0103050P0AAAAAA,75,0.3565999999999994
5,H85001,Sumatriptan_Tab 50mg,0407041T0AAAFAF,17,0.0
6,H85001,Tetrabenazine_Tab 25mg,0409030C0AAAAAA,12,40.48379999999995
7,H85002,Amiodarone HCl_Tab 200mg,0203020D0AAABAB,5,1.0388000000000006
8,H85002,Aspirin Disper_Tab 75mg,0209000A0AAABAB,214,0.6215999999999963
9,H85002,Clonazepam_Tab 500mcg,0408010F0AAABAB,6,1.0877999999999979
10,H85002,Omeprazole_Cap E/C 20mg,0103050P0AAAAAA,108,0.5291999999999994
11,H85002,Pyridox HCl_Tab 50mg,0906024N0AAAIAI,12,0.256800000000001
12,H85002,Risperidone_Tab 6mg,040201030AAAFAF,1,29.2096
13,H85002,Sumatriptan_Tab 50mg,0407041T0AAAFAF,8,0.0
14,H85002,Tetrabenazine_Tab 25mg,0409030C0AAAAAA,1,2.998799999999996
15,H85003,Amiodarone HCl_Tab 200mg,0203020D0AAABAB,1,0.7000000000000006
16,H85003,Aspirin Disper_Tab 75mg,0209000A0AAABAB,176,0.5039999999999969
17,H85003,Clonazepam_Tab 500mcg,0408010F0AAABAB,10,0.7909999999999984
18,H85003,Mesalazine_Tab E/C 400mg,0105010B0AAAAAA,2,47.913599999999995
19,H85003,Omeprazole_Cap E/C 20mg,0103050P0AAAAAA,124,0.6075999999999994
20,H85003,Pyridox HCl_Tab 50mg,0906024N0AAAIAI,4,0.4788000000000001
21,H85003,Sumatriptan_Tab 50mg,0407041T0AAAFAF,13,38.12399999999999
22,H85005,Amiodarone HCl_Tab 200mg,0203020D0AAABAB,5,0.4235
23,H85005,Aspirin Disper_Tab 75mg,0209000A0AAABAB,510,1.455999999999991
24,H85005,Clonazepam_Tab 500mcg,0408010F0AAABAB,13,3.445999999999993
25,H85005,Omeprazole_Cap E/C 20mg,0103050P0AAAAAA,263,1.2879999999999985
26,H85005,Pyridox HCl_Tab 50mg,0906024N0AAAIAI,1,0.9576000000000002
27,H85005,Sumatriptan_Tab 50mg,0407041T0AAAFAF,7,0.0
28,H85006,Amiodarone HCl_Tab 200mg,0203020D0AAABAB,1,0.7000000000000006
29,H85006,Aspirin Disper_Tab 75mg,0209000A0AAABAB,136,0.3807999999999977
30,H85006,Clonazepam_Tab 500mcg,0408010F0AAABAB,10,1.645199999999998
31,H85006,Omeprazole_Cap E/C 20mg,0103050P0AAAAAA,110,0.5171999999999991
32,H85006,Sumatriptan_Tab 50mg,0407041T0AAAFAF,12,0.0
33,H85007,Amiodarone HCl_Tab 200mg,0203020D0AAABAB,1,0.7000000000000006
34,H85007,Aspirin Disper_Tab 75mg,0209000A0AAABAB,286,0.8007999999999952
35,H85007,Clonazepam_Tab 500mcg,0408010F0AAABAB,22,6.147199999999987
36,H85007,Omeprazole_Cap E/C 20mg,0103050P0AAAAAA,172,0.831099999999999
37,H85007,Sumatriptan_Tab 50mg,0407041T0AAAFAF,14,0.0
38,H85008,Amiodarone HCl_Tab 200mg,0203020D0AAABAB,1,0.3500000000000003
39,H85008,Aspirin Disper_Tab 75mg,0209000A0AAABAB,190,0.5323999999999969
40,H85008,Clonazepam_Tab 500mcg,0408010F0AAABAB,12,5.18959999999999
41,H85008,Omeprazole_Cap E/C 20mg,0103050P0AAAAAA,101,0.47309999999999913
42,H85008,Pyridox HCl_Tab 50mg,0906024N0AAAIAI,4,0.9576000000000002
43,H85008,Sumatriptan_Tab 50mg,0407041T0AAAFAF,5,0.0
44,H85008,Topiramate_Tab 200mg,040801050AAACAC,3,1.7304000000000006
45,H85009,Amiodarone HCl_Tab 200mg,0203020D0AAABAB,3,2.450000000000002
46,H85009,Aspirin Disper_Tab 75mg,0209000A0AAABAB,76,0.33599999999999797
47,H85009,Clonazepam_Tab 500mcg,0408010F0AAABAB,7,2.3051999999999953
48,H85009,Omeprazole_Cap E/C 20mg,0103050P0AAAAAA,24,0.11759999999999987
49,H85009,Pyridox HCl_Tab 50mg,0906024N0AAAIAI,2,0.5444000000000004
50,H85009,Sumatriptan_Tab 50mg,0407041T0AAAFAF,14,0.0
51,H85009,Topiramate_Tab 200mg,040801050AAACAC,2,7.298399999999997
52,H85011,Amiodarone HCl_Tab 200mg,0203020D0AAABAB,1,0.7000000000000006
53,H85011,Aspirin Disper_Tab 75mg,0209000A0AAABAB,110,0.33039999999999803
54,H85011,Clonazepam_Tab 500mcg,0408010F0AAABAB,1,0.6327999999999987
55,H85011,Omeprazole_Cap E/C 20mg,0103050P0AAAAAA,136,0.6663999999999992
56,H85011,Sumatriptan_Tab 50mg,0407041T0AAAFAF,6,0.0
57,H85012,Amiodarone HCl_Tab 200mg,0203020D0AAABAB,10,1.3776000000000006
58,H85012,Aspirin Disper_Tab 75mg,0209000A0AAABAB,262,0.7339999999999955
59,H85012,Clonazepam_Tab 500mcg,0408010F0AAABAB,26,4.194899999999992
60,H85012,Mesalazine_Tab E/C 400mg,0105010B0AAAAAA,5,47.9136
61,H85012,Omeprazole_Cap E/C 20mg,0103050P0AAAAAA,121,0.5877999999999993
62,H85012,Pyridox HCl_Tab 50mg,0906024N0AAAIAI,9,5.386500000000001
63,H85012,Sumatriptan_Tab 50mg,0407041T0AAAFAF,27,0.0
64,H85012,Topiramate_Tab 200mg,040801050AAACAC,1,2.489999999999999
65,H85041,Amiodarone HCl_Tab 200mg,0203020D0AAABAB,13,1.7164000000000006
66,H85041,Aspirin Disper_Tab 75mg,0209000A0AAABAB,518,1.450799999999991
67,H85041,Clonazepam_Tab 500mcg,0408010F0AAABAB,8,2.847599999999994
68,H85041,Mesalazine_Tab E/C 400mg,0105010B0AAAAAA,9,59.87519999999999
69,H85041,Omeprazole_Cap E/C 20mg,0103050P0AAAAAA,132,0.6330999999999991
70,H85041,Pyridox HCl_Tab 50mg,0906024N0AAAIAI,2,3.351600000000001
71,H85041,Sumatriptan_Tab 50mg,0407041T0AAAFAF,8,0.0
72,H85045,Amiodarone HCl_Tab 200mg,0203020D0AAABAB,10,0.847
73,H85045,Aspirin Disper_Tab 75mg,0209000A0AAABAB,402,1.147999999999993
74,H85045,Clonazepam_Tab 500mcg,0408010F0AAABAB,19,3.322199999999993
75,H85045,Omeprazole_Cap E/C 20mg,0103050P0AAAAAA,297,1.7891999999999988
76,H85045,Pyridox HCl_Tab 50mg,0906024N0AAAIAI,4,0.08560000000000034
77,H85045,Sumatriptan_Tab 50mg,0407041T0AAAFAF,12,0.0
78,H85047,Amiodarone HCl_Tab 200mg,0203020D0AAABAB,14,2.7944000000000013
79,H85047,Aspirin Disper_Tab 75mg,0209000A0AAABAB,334,0.9351999999999943
80,H85047,Clonazepam_Tab 500mcg,0408010F0AAABAB,12,2.847599999999994
81,H85047,Omeprazole_Cap E/C 20mg,0103050P0AAAAAA,234,1.1465999999999987
82,H85047,Sumatriptan_Tab 50mg,0407041T0AAAFAF,15,0.0041999999999995374
83,H85048,Amiodarone HCl_Tab 200mg,0203020D0AAABAB,1,0.7000000000000006
84,H85048,Aspirin Disper_Tab 75mg,0209000A0AAABAB,410,1.1535999999999933
85,H85048,Clonazepam_Tab 500mcg,0408010F0AAABAB,25,4.761799999999991
86,H85048,Omeprazole_Cap E/C 20mg,0103050P0AAAAAA,148,0.6806999999999983
87,H85048,Pyridox HCl_Tab 50mg,0906024N0AAAIAI,1,0.11970000000000003
88,H85048,Risperidone_Tab 6mg,040201030AAAFAF,8,58.464
89,H85048,Sumatriptan_Tab 50mg,0407041T0AAAFAF,14,0.0
90,H85048,Tetrabenazine_Tab 25mg,0409030C0AAAAAA,4,0.9995999999999987
91,H85048,Topiramate_Tab 200mg,040801050AAACAC,1,4.979999999999998
92,H85049,Aspirin Disper_Tab 75mg,0209000A0AAABAB,44,0.12319999999999925
93,H85049,Clonazepam_Tab 500mcg,0408010F0AAABAB,2,0.5383999999999993
94,H85049,Omeprazole_Cap E/C 20mg,0103050P0AAAAAA,58,0.2841999999999997
95,H85049,Sumatriptan_Tab 50mg,0407041T0AAAFAF,7,0.0
96,H85049,Topiramate_Tab 200mg,040801050AAACAC,1,2.489999999999999
97,H85052,Amiodarone HCl_Tab 200mg,0203020D0AAABAB,4,0.3388
98,H85052,Aspirin Disper_Tab 75mg,0209000A0AAABAB,138,0.3919999999999976
99,H85052,Clonazepam_Tab 500mcg,0408010F0AAABAB,10,4.74599999999999
100,H85052,Omeprazole_Cap E/C 20mg,0103050P0AAAAAA,78,0.3821999999999996
101,H85052,Pyridox HCl_Tab 50mg,0906024N0AAAIAI,1,1.4364000000000003
102,H85052,Sumatriptan_Tab 50mg,0407041T0AAAFAF,3,0.0
103,H85057,Amiodarone HCl_Tab 200mg,0203020D0AAABAB,1,1.050000000000001
104,H85057,Aspirin Disper_Tab 75mg,0209000A0AAABAB,48,0.1343999999999992
105,H85057,Clonazepam_Tab 500mcg,0408010F0AAABAB,4,1.5819999999999967
106,H85057,Omeprazole_Cap E/C 20mg,0103050P0AAAAAA,12,0.058799999999999936
107,H85057,Sumatriptan_Tab 50mg,0407041T0AAAFAF,5,0.0
108,H85061,Amiodarone HCl_Tab 200mg,0203020D0AAABAB,1,0.7000000000000006
109,H85061,Aspirin Disper_Tab 75mg,0209000A0AAABAB,120,0.33599999999999797
110,H85061,Clonazepam_Tab 500mcg,0408010F0AAABAB,2,2.531199999999995
111,H85061,Mesalazine_Tab E/C 400mg,0105010B0AAAAAA,1,51.33599999999999
112,H85061,Omeprazole_Cap E/C 20mg,0103050P0AAAAAA,102,0.48819999999999925
113,H85061,Pyridox HCl_Tab 50mg,0906024N0AAAIAI,2,0.9576000000000002
114,H85061,Sumatriptan_Tab 50mg,0407041T0AAAFAF,22,-0.0032000000000000917
115,H85065,Aspirin Disper_Tab 75mg,0209000A0AAABAB,136,0.3807999999999977
116,H85065,Omeprazole_Cap E/C 20mg,0103050P0AAAAAA,75,0.36359999999999953
117,H85065,Pyridox HCl_Tab 50mg,0906024N0AAAIAI,1,1.4364000000000003
118,H85065,Sumatriptan_Tab 50mg,0407041T0AAAFAF,5,0.0
119,H85065,Tetrabenazine_Tab 25mg,0409030C0AAAAAA,1,1.9991999999999974
120,H85066,Amiodarone HCl_Tab 200mg,0203020D0AAABAB,10,2.0776000000000012
121,H85066,Aspirin Disper_Tab 75mg,0209000A0AAABAB,308,0.8679999999999947
122,H85066,Clonazepam_Tab 500mcg,0408010F0AAABAB,25,9.71799999999998
123,H85066,Mesalazine_Tab E/C 400mg,0105010B0AAAAAA,1,71.87039999999999
124,H85066,Omeprazole_Cap E/C 20mg,0103050P0AAAAAA,125,0.6124999999999994
125,H85066,Pyridox HCl_Tab 50mg,0906024N0AAAIAI,1,3.830400000000001
126,H85066,Sumatriptan_Tab 50mg,0407041T0AAAFAF,19,0.0039999999999995595
127,H85067,Aspirin Disper_Tab 75mg,0209000A0AAABAB,128,0.35839999999999783
128,H85067,Clonazepam_Tab 500mcg,0408010F0AAABAB,1,0.31639999999999935
129,H85067,Omeprazole_Cap E/C 20mg,0103050P0AAAAAA,48,0.23519999999999974
130,H85067,Sumatriptan_Tab 50mg,0407041T0AAAFAF,2,0.0
131,H85069,Amiodarone HCl_Tab 200mg,0203020D0AAABAB,1,0.3500000000000003
132,H85069,Aspirin Disper_Tab 75mg,0209000A0AAABAB,166,0.4647999999999972
133,H85069,Clonazepam_Tab 500mcg,0408010F0AAABAB,4,2.463399999999995
134,H85069,Omeprazole_Cap E/C 20mg,0103050P0AAAAAA,73,0.35769999999999963
135,H85069,Risperidone_Tab 6mg,040201030AAAFAF,1,58.4192
136,H85069,Sumatriptan_Tab 50mg,0407041T0AAAFAF,7,0.0
137,H85075,Amiodarone HCl_Tab 200mg,0203020D0AAABAB,4,0.7168000000000003
138,H85075,Aspirin Disper_Tab 75mg,0209000A0AAABAB,52,0.15679999999999905
139,H85075,Clonazepam_Tab 500mcg,0408010F0AAABAB,1,0.31639999999999935
140,H85075,Mesalazine_Tab E/C 400mg,0105010B0AAAAAA,2,6.844799999999999
141,H85075,Omeprazole_Cap E/C 20mg,0103050P0AAAAAA,36,0.16549999999999965
142,H85075,Sumatriptan_Tab 50mg,0407041T0AAAFAF,2,0.0
143,H85077,Amiodarone HCl_Tab 200mg,0203020D0AAABAB,2,1.4000000000000012
144,H85077,Aspirin Disper_Tab 75mg,0209000A0AAABAB,88,0.2463999999999985
145,H85077,Clonazepam_Tab 500mcg,0408010F0AAABAB,4,1.2655999999999974
146,H85077,Mesalazine_Tab E/C 400mg,0105010B0AAAAAA,1,34.224
147,H85077,Omeprazole_Cap E/C 20mg,0103050P0AAAAAA,53,0.24279999999999935
148,H85077,Pyridox HCl_Tab 50mg,0906024N0AAAIAI,1,0.23940000000000006
149,H85077,Sumatriptan_Tab 50mg,0407041T0AAAFAF,7,0.0
150,H85082,Amiodarone HCl_Tab 200mg,0203020D0AAABAB,2,0.7000000000000006
151,H85082,Aspirin Disper_Tab 75mg,0209000A0AAABAB,68,0.19119999999999882
152,H85082,Mesalazine_Tab E/C 400mg,0105010B0AAAAAA,2,-68.448
153,H85082,Omeprazole_Cap E/C 20mg,0103050P0AAAAAA,8,0.024499999999999557
154,H85082,Risperidone_Tab 6mg,040201030AAAFAF,1,29.2096
155,H85082,Sumatriptan_Tab 50mg,0407041T0AAAFAF,1,0.0
156,H85087,Aspirin Disper_Tab 75mg,0209000A0AAABAB,322,0.9015999999999945
157,H85087,Clonazepam_Tab 500mcg,0408010F0AAABAB,1,1.1299999999999977
158,H85087,Omeprazole_Cap E/C 20mg,0103050P0AAAAAA,81,0.3968999999999996
159,H85087,Risperidone_Tab 6mg,040201030AAAFAF,4,29.232
160,H85087,Sumatriptan_Tab 50mg,0407041T0AAAFAF,4,0.0
161,H85088,Aspirin Disper_Tab 75mg,0209000A0AAABAB,42,0.11759999999999929
162,H85088,Clonazepam_Tab 500mcg,0408010F0AAABAB,8,0.4859999999999993
163,H85088,Mesalazine_Tab E/C 400mg,0105010B0AAAAAA,1,-77.00399999999999
164,H85088,Omeprazole_Cap E/C 20mg,0103050P0AAAAAA,45,0.22049999999999975
165,H85088,Sumatriptan_Tab 50mg,0407041T0AAAFAF,1,0.0
166,H85088,Topiramate_Tab 200mg,040801050AAACAC,4,2.307200000000001
167,H85100,Amiodarone HCl_Tab 200mg,0203020D0AAABAB,1,0.3500000000000003
168,H85100,Aspirin Disper_Tab 75mg,0209000A0AAABAB,110,0.30799999999999816
169,H85100,Clonazepam_Tab 500mcg,0408010F0AAABAB,6,0.949199999999998
170,H85100,Mesalazine_Tab E/C 400mg,0105010B0AAAAAA,4,15.971199999999998
171,H85100,Omeprazole_Cap E/C 20mg,0103050P0AAAAAA,84,0.4115999999999995
172,H85100,Pyridox HCl_Tab 50mg,0906024N0AAAIAI,1,1.9152000000000005
173,H85100,Sumatriptan_Tab 50mg,0407041T0AAAFAF,12,0.0031999999999996476
174,H85111,Amiodarone HCl_Tab 200mg,0203020D0AAABAB,6,0.7735000000000003
175,H85111,Aspirin Disper_Tab 75mg,0209000A0AAABAB,198,0.5543999999999967
176,H85111,Clonazepam_Tab 500mcg,0408010F0AAABAB,17,5.401399999999988
177,H85111,Mesalazine_Tab E/C 400mg,0105010B0AAAAAA,8,23.99040000000001
178,H85111,Omeprazole_Cap E/C 20mg,0103050P0AAAAAA,96,0.4703999999999995
179,H85111,Sumatriptan_Tab 50mg,0407041T0AAAFAF,16,0.0
180,H85114,Amiodarone HCl_Tab 200mg,0203020D0AAABAB,2,1.7500000000000016
181,H85114,Aspirin Disper_Tab 75mg,0209000A0AAABAB,124,0.3471999999999979
182,H85114,Clonazepam_Tab 500mcg,0408010F0AAABAB,8,1.5028999999999968
183,H85114,Mesalazine_Tab E/C 400mg,0105010B0AAAAAA,1,-17.112
184,H85114,Omeprazole_Cap E/C 20mg,0103050P0AAAAAA,48,0.23519999999999974
185,H85114,Pyridox HCl_Tab 50mg,0906024N0AAAIAI,1,2.8728000000000007
186,H85114,Sumatriptan_Tab 50mg,0407041T0AAAFAF,12,0.0031999999999996476
187,H85637,Aspirin Disper_Tab 75mg,0209000A0AAABAB,12,0.0671999999999996
188,H85637,Pyridox HCl_Tab 50mg,0906024N0AAAIAI,1,1.5390000000000004
189,H85659,Amiodarone HCl_Tab 200mg,0203020D0AAABAB,1,0.3500000000000003
190,H85659,Aspirin Disper_Tab 75mg,0209000A0AAABAB,40,0.11199999999999932
191,H85659,Mesalazine_Tab E/C 400mg,0105010B0AAAAAA,9,-25.086399999999998
192,H85659,Omeprazole_Cap E/C 20mg,0103050P0AAAAAA,12,0.058799999999999936
193,H85659,Sumatriptan_Tab 50mg,0407041T0AAAFAF,3,0.0
194,H85664,Aspirin Disper_Tab 75mg,0209000A0AAABAB,10,0.02799999999999983
195,H85664,Sumatriptan_Tab 50mg,0407041T0AAAFAF,4,0.0
196,H85680,Amiodarone HCl_Tab 200mg,0203020D0AAABAB,1,0.7000000000000006
197,H85680,Aspirin Disper_Tab 75mg,0209000A0AAABAB,240,0.6719999999999959
198,H85680,Clonazepam_Tab 500mcg,0408010F0AAABAB,4,2.2599999999999953
199,H85680,Omeprazole_Cap E/C 20mg,0103050P0AAAAAA,87,0.4154999999999994
200,H85680,Sumatriptan_Tab 50mg,0407041T0AAAFAF,6,0.0
201,H85680,Tetrabenazine_Tab 25mg,0409030C0AAAAAA,4,2.998799999999996
202,H85682,Amiodarone HCl_Tab 200mg,0203020D0AAABAB,5,0.6888000000000003
203,H85682,Aspirin Disper_Tab 75mg,0209000A0AAABAB,212,0.5935999999999964
204,H85682,Clonazepam_Tab 500mcg,0408010F0AAABAB,5,0.7909999999999984
205,H85682,Omeprazole_Cap E/C 20mg,0103050P0AAAAAA,86,0.39539999999999953
206,H85682,Sumatriptan_Tab 50mg,0407041T0AAAFAF,5,0.0
207,H85691,Aspirin Disper_Tab 75mg,0209000A0AAABAB,2,-0.005599999999999994
208,H85691,Clonazepam_Tab 500mcg,0408010F0AAABAB,2,1.2655999999999974
209,H85691,Omeprazole_Cap E/C 20mg,0103050P0AAAAAA,1,0.0019999999999999185
210,H85695,Amiodarone HCl_Tab 200mg,0203020D0AAABAB,1,0.3500000000000003
211,H85695,Aspirin Disper_Tab 75mg,0209000A0AAABAB,38,0.11199999999999932
212,H85695,Omeprazole_Cap E/C 20mg,0103050P0AAAAAA,17,0.0832999999999999
213,H85695,Sumatriptan_Tab 50mg,0407041T0AAAFAF,8,0.0
214,H85697,Aspirin Disper_Tab 75mg,0209000A0AAABAB,4,0.011199999999999932
215,H85697,Omeprazole_Cap E/C 20mg,0103050P0AAAAAA,2,0.00979999999999999
216,Y00809,Omeprazole_Cap E/C 20mg,0103050P0AAAAAA,1,0.004899999999999995
217,Y00809,Sumatriptan_Tab 50mg,0407041T0AAAFAF,2,0.0
218,Y01132,Amiodarone HCl_Tab 200mg,0203020D0AAABAB,10,2.0776000000000012
219,Y01132,Aspirin Disper_Tab 75mg,0209000A0AAABAB,64,0.17919999999999892
220,Y01132,Clonazepam_Tab 500mcg,0408010F0AAABAB,4,4.022799999999991
221,Y01132,Omeprazole_Cap E/C 20mg,0103050P0AAAAAA,92,0.43779999999999936
222,Y01132,Sumatriptan_Tab 50mg,0407041T0AAAFAF,18,0.0
223,Y02423,Amiodarone HCl_Tab 200mg,0203020D0AAABAB,24,2.828700000000001
224,Y02423,Aspirin Disper_Tab 75mg,0209000A0AAABAB,902,2.527999999999985
225,Y02423,Clonazepam_Tab 500mcg,0408010F0AAABAB,28,18.780599999999957
226,Y02423,Mesalazine_Tab E/C 400mg,0105010B0AAAAAA,9,11.995199999999997
227,Y02423,Omeprazole_Cap E/C 20mg,0103050P0AAAAAA,260,1.2700999999999985
228,Y02423,Sumatriptan_Tab 50mg,0407041T0AAAFAF,33,-0.005599999999999383
229,Y02423,Tetrabenazine_Tab 25mg,0409030C0AAAAAA,4,2.998799999999996
230,Y02946,Aspirin Disper_Tab 75mg,0209000A0AAABAB,8,0.022399999999999864
231,Y02946,Omeprazole_Cap E/C 20mg,0103050P0AAAAAA,10,0.048999999999999946
232,Y02946,Sumatriptan_Tab 50mg,0407041T0AAAFAF,7,0.0
233,Y03094,Omeprazole_Cap E/C 20mg,0103050P0AAAAAA,11,0.05389999999999994
234,Y03094,Sumatriptan_Tab 50mg,0407041T0AAAFAF,5,0.0
