,practice_code,bnf_description,bnf_code,items,excess_cost
0,H84027,Mesalazine_Tab E/C 800mg,0105010B0AAASAS,1,44.279999999999994
2,H84042,Mesalazine_Tab E/C 800mg,0105010B0AAASAS,1,34.43999999999999
1,H84062,Mesalazine_Tab E/C 800mg,0105010B0AAASAS,1,34.43999999999999
77,H84016,Risperidone_Tab 6mg,040201030AAAFAF,1,29.2096
211,H84042,Gemfibrozil_Tab 600mg,0212000Q0AAABAB,1,7.571199999999999
3,H84016,Clonazepam_Tab 500mcg,0408010F0AAABAB,4,5.06239999999999
200,H84033,Topiramate_Tab 200mg,040801050AAACAC,1,4.979999999999998
4,H84034,Clonazepam_Tab 500mcg,0408010F0AAABAB,2,3.796799999999992
5,H84042,Clonazepam_Tab 500mcg,0408010F0AAABAB,1,3.389999999999993
7,H84016,Clonazepam_Tab 500mcg,0408010F0AAABAB,5,3.1639999999999935
6,H84016,Clonazepam_Tab 500mcg,0408010F0AAABAB,10,3.1639999999999935
203,H84619,Buprenorphine_Tab Subling 400mcg S/F,0410030A0AAACAC,1,3.0464
101,H84016,Diltiazem HCl_Tab 60mg M/R,0206020C0AAAAAA,6,3.0240000000000027
133,H84016,Pyridox HCl_Tab 50mg,0906024N0AAAIAI,3,2.8728000000000007
8,H84016,Clonazepam_Tab 500mcg,0408010F0AAABAB,2,2.7119999999999944
201,H84020,Topiramate_Tab 200mg,040801050AAACAC,4,2.307200000000001
202,H84033,Topiramate_Tab 200mg,040801050AAACAC,4,2.307200000000001
204,H84010,Buprenorphine_Tab Subling 400mcg S/F,0410030A0AAACAC,3,2.2848
9,H84010,Clonazepam_Tab 500mcg,0408010F0AAABAB,1,2.2599999999999953
79,H84033,Amiodarone HCl_Tab 200mg,0203020D0AAABAB,3,2.100000000000002
78,H84027,Amiodarone HCl_Tab 200mg,0203020D0AAABAB,3,2.100000000000002
134,H84010,Pyridox HCl_Tab 50mg,0906024N0AAAIAI,2,1.9152000000000005
135,H84016,Pyridox HCl_Tab 50mg,0906024N0AAAIAI,1,1.9152000000000005
10,H84030,Clonazepam_Tab 500mcg,0408010F0AAABAB,3,1.898399999999996
12,H84042,Clonazepam_Tab 500mcg,0408010F0AAABAB,1,1.898399999999996
11,H84010,Clonazepam_Tab 500mcg,0408010F0AAABAB,3,1.898399999999996
13,H84030,Clonazepam_Tab 500mcg,0408010F0AAABAB,8,1.898399999999996
80,H84030,Amiodarone HCl_Tab 200mg,0203020D0AAABAB,5,1.7500000000000016
14,H84053,Clonazepam_Tab 500mcg,0408010F0AAABAB,1,1.6949999999999965
205,H84034,Buprenorphine_Tab Subling 400mcg S/F,0410030A0AAACAC,1,1.5232
81,H84030,Amiodarone HCl_Tab 200mg,0203020D0AAABAB,17,1.4399
136,H84027,Pyridox HCl_Tab 50mg,0906024N0AAAIAI,1,1.4364000000000003
82,H85055,Amiodarone HCl_Tab 200mg,0203020D0AAABAB,2,1.4000000000000012
83,H84015,Amiodarone HCl_Tab 200mg,0203020D0AAABAB,2,1.4000000000000012
84,H84042,Amiodarone HCl_Tab 200mg,0203020D0AAABAB,4,1.4000000000000012
85,H84635,Amiodarone HCl_Tab 200mg,0203020D0AAABAB,2,1.4000000000000012
86,H84010,Amiodarone HCl_Tab 200mg,0203020D0AAABAB,2,1.4000000000000012
15,H84061,Clonazepam_Tab 500mcg,0408010F0AAABAB,1,1.3559999999999972
16,H84619,Clonazepam_Tab 500mcg,0408010F0AAABAB,2,1.3559999999999972
17,H84635,Clonazepam_Tab 500mcg,0408010F0AAABAB,1,1.2655999999999974
21,H84034,Clonazepam_Tab 500mcg,0408010F0AAABAB,1,1.2655999999999974
18,H84629,Clonazepam_Tab 500mcg,0408010F0AAABAB,4,1.2655999999999974
19,H84030,Clonazepam_Tab 500mcg,0408010F0AAABAB,4,1.2655999999999974
20,H84015,Clonazepam_Tab 500mcg,0408010F0AAABAB,1,1.2655999999999974
22,H84034,Clonazepam_Tab 500mcg,0408010F0AAABAB,5,1.1864999999999974
26,H84030,Clonazepam_Tab 500mcg,0408010F0AAABAB,1,1.1299999999999977
25,H85055,Clonazepam_Tab 500mcg,0408010F0AAABAB,1,1.1299999999999977
24,H84016,Clonazepam_Tab 500mcg,0408010F0AAABAB,1,1.1299999999999977
23,H84619,Clonazepam_Tab 500mcg,0408010F0AAABAB,1,1.1299999999999977
103,H84030,Diltiazem HCl_Tab 60mg M/R,0206020C0AAAAAA,3,1.1088000000000038
102,H84016,Diltiazem HCl_Tab 60mg M/R,0206020C0AAAAAA,3,1.1088000000000038
27,H84030,Clonazepam_Tab 500mcg,0408010F0AAABAB,7,1.1073999999999977
28,H84016,Clonazepam_Tab 500mcg,0408010F0AAABAB,13,1.028299999999998
29,H84030,Clonazepam_Tab 500mcg,0408010F0AAABAB,1,1.016999999999998
104,H84034,Diltiazem HCl_Tab 60mg M/R,0206020C0AAAAAA,2,1.008000000000001
137,H84033,Pyridox HCl_Tab 50mg,0906024N0AAAIAI,1,0.9576000000000002
138,H84030,Pyridox HCl_Tab 50mg,0906024N0AAAIAI,4,0.9576000000000002
34,H84010,Clonazepam_Tab 500mcg,0408010F0AAABAB,3,0.949199999999998
33,H84053,Clonazepam_Tab 500mcg,0408010F0AAABAB,4,0.949199999999998
32,H84015,Clonazepam_Tab 500mcg,0408010F0AAABAB,1,0.949199999999998
31,H84053,Clonazepam_Tab 500mcg,0408010F0AAABAB,3,0.949199999999998
30,H84020,Clonazepam_Tab 500mcg,0408010F0AAABAB,1,0.949199999999998
206,H84010,Buprenorphine_Tab Subling 400mcg S/F,0410030A0AAACAC,1,0.8639999999999999
35,H84016,Clonazepam_Tab 500mcg,0408010F0AAABAB,5,0.7909999999999984
87,H84016,Amiodarone HCl_Tab 200mg,0203020D0AAABAB,9,0.7623
207,H84016,Buprenorphine_Tab Subling 400mcg S/F,0410030A0AAACAC,2,0.7616
88,H84062,Amiodarone HCl_Tab 200mg,0203020D0AAABAB,1,0.7500000000000007
105,H84016,Diltiazem HCl_Tab 60mg M/R,0206020C0AAAAAA,1,0.7392000000000025
107,H84027,Diltiazem HCl_Tab 60mg M/R,0206020C0AAAAAA,1,0.7392000000000025
108,H84635,Diltiazem HCl_Tab 60mg M/R,0206020C0AAAAAA,1,0.7392000000000025
106,H84020,Diltiazem HCl_Tab 60mg M/R,0206020C0AAAAAA,1,0.7392000000000025
140,H84016,Aspirin Disper_Tab 75mg,0209000A0AAABAB,254,0.7111999999999957
141,H84016,Aspirin Disper_Tab 75mg,0209000A0AAABAB,254,0.7111999999999957
95,H84050,Amiodarone HCl_Tab 200mg,0203020D0AAABAB,1,0.7000000000000006
94,H84619,Amiodarone HCl_Tab 200mg,0203020D0AAABAB,1,0.7000000000000006
93,H84025,Amiodarone HCl_Tab 200mg,0203020D0AAABAB,1,0.7000000000000006
92,H84030,Amiodarone HCl_Tab 200mg,0203020D0AAABAB,1,0.7000000000000006
91,H84034,Amiodarone HCl_Tab 200mg,0203020D0AAABAB,1,0.7000000000000006
90,H84027,Amiodarone HCl_Tab 200mg,0203020D0AAABAB,2,0.7000000000000006
89,H84020,Amiodarone HCl_Tab 200mg,0203020D0AAABAB,1,0.7000000000000006
36,H84015,Clonazepam_Tab 500mcg,0408010F0AAABAB,1,0.6779999999999986
40,H84635,Clonazepam_Tab 500mcg,0408010F0AAABAB,1,0.6779999999999986
39,H84062,Clonazepam_Tab 500mcg,0408010F0AAABAB,1,0.6779999999999986
38,H84042,Clonazepam_Tab 500mcg,0408010F0AAABAB,1,0.6779999999999986
37,H84010,Clonazepam_Tab 500mcg,0408010F0AAABAB,1,0.6779999999999986
96,H84010,Amiodarone HCl_Tab 200mg,0203020D0AAABAB,8,0.6776
109,H84016,Diltiazem HCl_Tab 60mg M/R,0206020C0AAAAAA,7,0.6468000000000023
43,H84034,Clonazepam_Tab 500mcg,0408010F0AAABAB,4,0.6327999999999987
42,H84051,Clonazepam_Tab 500mcg,0408010F0AAABAB,4,0.6327999999999987
50,H84061,Clonazepam_Tab 500mcg,0408010F0AAABAB,4,0.6327999999999987
48,H84629,Clonazepam_Tab 500mcg,0408010F0AAABAB,1,0.6327999999999987
47,H84050,Clonazepam_Tab 500mcg,0408010F0AAABAB,1,0.6327999999999987
46,H84027,Clonazepam_Tab 500mcg,0408010F0AAABAB,2,0.6327999999999987
45,H84618,Clonazepam_Tab 500mcg,0408010F0AAABAB,1,0.6327999999999987
44,H84030,Clonazepam_Tab 500mcg,0408010F0AAABAB,8,0.6327999999999987
41,H84619,Clonazepam_Tab 500mcg,0408010F0AAABAB,4,0.6327999999999987
49,H84042,Clonazepam_Tab 500mcg,0408010F0AAABAB,1,0.6327999999999987
143,H84030,Aspirin Disper_Tab 75mg,0209000A0AAABAB,216,0.6047999999999963
142,H84030,Aspirin Disper_Tab 75mg,0209000A0AAABAB,216,0.6047999999999963
51,H84619,Clonazepam_Tab 500mcg,0408010F0AAABAB,1,0.5699999999999983
117,H84015,Diltiazem HCl_Tab 60mg M/R,0206020C0AAAAAA,1,0.5040000000000004
116,H84629,Diltiazem HCl_Tab 60mg M/R,0206020C0AAAAAA,1,0.5040000000000004
115,H84030,Diltiazem HCl_Tab 60mg M/R,0206020C0AAAAAA,1,0.5040000000000004
114,H84635,Diltiazem HCl_Tab 60mg M/R,0206020C0AAAAAA,1,0.5040000000000004
113,H84027,Diltiazem HCl_Tab 60mg M/R,0206020C0AAAAAA,1,0.5040000000000004
112,H84619,Diltiazem HCl_Tab 60mg M/R,0206020C0AAAAAA,1,0.5040000000000004
111,H84061,Diltiazem HCl_Tab 60mg M/R,0206020C0AAAAAA,1,0.5040000000000004
110,H84050,Diltiazem HCl_Tab 60mg M/R,0206020C0AAAAAA,1,0.5040000000000004
120,H84016,Diltiazem HCl_Tab 60mg M/R,0206020C0AAAAAA,2,0.4928000000000017
119,H84030,Diltiazem HCl_Tab 60mg M/R,0206020C0AAAAAA,2,0.4928000000000017
118,H84635,Diltiazem HCl_Tab 60mg M/R,0206020C0AAAAAA,2,0.4928000000000017
139,H84053,Pyridox HCl_Tab 50mg,0906024N0AAAIAI,1,0.4788000000000001
52,H84061,Clonazepam_Tab 500mcg,0408010F0AAABAB,1,0.474599999999999
53,H84053,Clonazepam_Tab 500mcg,0408010F0AAABAB,1,0.474599999999999
208,H84010,Buprenorphine_Tab Subling 400mcg S/F,0410030A0AAACAC,4,0.4176000000000002
121,H84635,Diltiazem HCl_Tab 60mg M/R,0206020C0AAAAAA,4,0.36960000000000126
144,H84020,Aspirin Disper_Tab 75mg,0209000A0AAABAB,132,0.36959999999999776
145,H84020,Aspirin Disper_Tab 75mg,0209000A0AAABAB,132,0.36959999999999776
99,H84050,Amiodarone HCl_Tab 200mg,0203020D0AAABAB,1,0.3500000000000003
98,H84619,Amiodarone HCl_Tab 200mg,0203020D0AAABAB,1,0.3500000000000003
97,H84053,Amiodarone HCl_Tab 200mg,0203020D0AAABAB,1,0.3500000000000003
147,H85055,Aspirin Disper_Tab 75mg,0209000A0AAABAB,124,0.3471999999999979
146,H85055,Aspirin Disper_Tab 75mg,0209000A0AAABAB,124,0.3471999999999979
57,H84020,Clonazepam_Tab 500mcg,0408010F0AAABAB,1,0.3389999999999993
54,H84016,Clonazepam_Tab 500mcg,0408010F0AAABAB,1,0.3389999999999993
56,H84061,Clonazepam_Tab 500mcg,0408010F0AAABAB,1,0.3389999999999993
55,H84042,Clonazepam_Tab 500mcg,0408010F0AAABAB,1,0.3389999999999993
100,H85055,Amiodarone HCl_Tab 200mg,0203020D0AAABAB,4,0.3388
149,H84042,Aspirin Disper_Tab 75mg,0209000A0AAABAB,118,0.33039999999999803
148,H84042,Aspirin Disper_Tab 75mg,0209000A0AAABAB,118,0.33039999999999803
151,H84635,Aspirin Disper_Tab 75mg,0209000A0AAABAB,116,0.32479999999999803
150,H84635,Aspirin Disper_Tab 75mg,0209000A0AAABAB,116,0.32479999999999803
67,H84033,Clonazepam_Tab 500mcg,0408010F0AAABAB,4,0.31639999999999935
58,H84042,Clonazepam_Tab 500mcg,0408010F0AAABAB,1,0.31639999999999935
68,H84061,Clonazepam_Tab 500mcg,0408010F0AAABAB,1,0.31639999999999935
65,H84635,Clonazepam_Tab 500mcg,0408010F0AAABAB,4,0.31639999999999935
66,H84027,Clonazepam_Tab 500mcg,0408010F0AAABAB,2,0.31639999999999935
60,H84025,Clonazepam_Tab 500mcg,0408010F0AAABAB,1,0.31639999999999935
64,H84062,Clonazepam_Tab 500mcg,0408010F0AAABAB,2,0.31639999999999935
63,H84015,Clonazepam_Tab 500mcg,0408010F0AAABAB,4,0.31639999999999935
62,H84020,Clonazepam_Tab 500mcg,0408010F0AAABAB,1,0.31639999999999935
61,H84025,Clonazepam_Tab 500mcg,0408010F0AAABAB,4,0.31639999999999935
59,H84619,Clonazepam_Tab 500mcg,0408010F0AAABAB,1,0.31639999999999935
153,H84054,Aspirin Disper_Tab 75mg,0209000A0AAABAB,97,0.27159999999999834
152,H84054,Aspirin Disper_Tab 75mg,0209000A0AAABAB,97,0.27159999999999834
122,H84010,Diltiazem HCl_Tab 60mg M/R,0206020C0AAAAAA,1,0.2640000000000009
155,H84050,Aspirin Disper_Tab 75mg,0209000A0AAABAB,93,0.2603999999999984
154,H84050,Aspirin Disper_Tab 75mg,0209000A0AAABAB,93,0.2603999999999984
157,H84027,Aspirin Disper_Tab 75mg,0209000A0AAABAB,91,0.25479999999999847
156,H84027,Aspirin Disper_Tab 75mg,0209000A0AAABAB,91,0.25479999999999847
126,H84050,Diltiazem HCl_Tab 60mg M/R,0206020C0AAAAAA,1,0.24640000000000084
127,H84015,Diltiazem HCl_Tab 60mg M/R,0206020C0AAAAAA,1,0.24640000000000084
128,H84034,Diltiazem HCl_Tab 60mg M/R,0206020C0AAAAAA,1,0.24640000000000084
123,H84042,Diltiazem HCl_Tab 60mg M/R,0206020C0AAAAAA,1,0.24640000000000084
124,H84619,Diltiazem HCl_Tab 60mg M/R,0206020C0AAAAAA,1,0.24640000000000084
125,H84025,Diltiazem HCl_Tab 60mg M/R,0206020C0AAAAAA,1,0.24640000000000084
69,H84016,Clonazepam_Tab 500mcg,0408010F0AAABAB,1,0.2372999999999995
129,H84053,Diltiazem HCl_Tab 60mg M/R,0206020C0AAAAAA,4,0.23520000000000207
158,H84010,Aspirin Disper_Tab 75mg,0209000A0AAABAB,71,0.1987999999999988
159,H84010,Aspirin Disper_Tab 75mg,0209000A0AAABAB,71,0.1987999999999988
160,H84033,Aspirin Disper_Tab 75mg,0209000A0AAABAB,67,0.18759999999999888
161,H84033,Aspirin Disper_Tab 75mg,0209000A0AAABAB,67,0.18759999999999888
130,H84016,Diltiazem HCl_Tab 60mg M/R,0206020C0AAAAAA,1,0.18480000000000063
162,H84062,Aspirin Disper_Tab 75mg,0209000A0AAABAB,65,0.18199999999999888
163,H84062,Aspirin Disper_Tab 75mg,0209000A0AAABAB,65,0.18199999999999888
70,H85055,Clonazepam_Tab 500mcg,0408010F0AAABAB,1,0.174
164,H84034,Aspirin Disper_Tab 75mg,0209000A0AAABAB,62,0.17359999999999895
165,H84034,Aspirin Disper_Tab 75mg,0209000A0AAABAB,62,0.17359999999999895
73,H85055,Clonazepam_Tab 500mcg,0408010F0AAABAB,1,0.15819999999999967
72,H84020,Clonazepam_Tab 500mcg,0408010F0AAABAB,1,0.15819999999999967
71,H84010,Clonazepam_Tab 500mcg,0408010F0AAABAB,1,0.15819999999999967
167,H84025,Aspirin Disper_Tab 75mg,0209000A0AAABAB,53,0.1483999999999991
166,H84025,Aspirin Disper_Tab 75mg,0209000A0AAABAB,53,0.1483999999999991
169,H84051,Aspirin Disper_Tab 75mg,0209000A0AAABAB,50,0.13999999999999915
168,H84051,Aspirin Disper_Tab 75mg,0209000A0AAABAB,50,0.13999999999999915
131,H84042,Diltiazem HCl_Tab 60mg M/R,0206020C0AAAAAA,1,0.1260000000000001
170,H84015,Aspirin Disper_Tab 75mg,0209000A0AAABAB,43,0.12039999999999927
171,H84015,Aspirin Disper_Tab 75mg,0209000A0AAABAB,43,0.12039999999999927
74,H84053,Clonazepam_Tab 500mcg,0408010F0AAABAB,1,0.11599999999999999
172,H84629,Aspirin Disper_Tab 75mg,0209000A0AAABAB,36,0.10079999999999939
173,H84629,Aspirin Disper_Tab 75mg,0209000A0AAABAB,36,0.10079999999999939
175,H84618,Aspirin Disper_Tab 75mg,0209000A0AAABAB,34,0.09519999999999942
174,H84618,Aspirin Disper_Tab 75mg,0209000A0AAABAB,34,0.09519999999999942
176,H84053,Aspirin Disper_Tab 75mg,0209000A0AAABAB,31,0.08679999999999947
177,H84053,Aspirin Disper_Tab 75mg,0209000A0AAABAB,31,0.08679999999999947
181,H84061,Aspirin Disper_Tab 75mg,0209000A0AAABAB,24,0.0671999999999996
178,H84619,Aspirin Disper_Tab 75mg,0209000A0AAABAB,24,0.0671999999999996
179,H84619,Aspirin Disper_Tab 75mg,0209000A0AAABAB,24,0.0671999999999996
180,H84061,Aspirin Disper_Tab 75mg,0209000A0AAABAB,24,0.0671999999999996
75,H84034,Clonazepam_Tab 500mcg,0408010F0AAABAB,1,0.057999999999999996
76,H84034,Clonazepam_Tab 500mcg,0408010F0AAABAB,1,0.04239999999999999
132,H84016,Diltiazem HCl_Tab 60mg M/R,0206020C0AAAAAA,1,0.03430000000000011
182,H84016,Aspirin Disper_Tab 75mg,0209000A0AAABAB,6,0.0335999999999998
183,H84016,Aspirin Disper_Tab 75mg,0209000A0AAABAB,6,0.0335999999999998
184,H84033,Aspirin Disper_Tab 75mg,0209000A0AAABAB,4,0.022399999999999864
185,H84033,Aspirin Disper_Tab 75mg,0209000A0AAABAB,4,0.022399999999999864
187,H84034,Aspirin Disper_Tab 75mg,0209000A0AAABAB,2,0.011199999999999932
186,H84034,Aspirin Disper_Tab 75mg,0209000A0AAABAB,2,0.011199999999999932
189,H84027,Aspirin Disper_Tab 75mg,0209000A0AAABAB,1,0.006299999999999962
188,H84027,Aspirin Disper_Tab 75mg,0209000A0AAABAB,1,0.006299999999999962
191,H84618,Aspirin Disper_Tab 75mg,0209000A0AAABAB,2,0.005999999999999964
190,H84618,Aspirin Disper_Tab 75mg,0209000A0AAABAB,2,0.005999999999999964
193,H84027,Aspirin Disper_Tab 75mg,0209000A0AAABAB,1,0.005599999999999966
192,H84027,Aspirin Disper_Tab 75mg,0209000A0AAABAB,1,0.005599999999999966
195,H85055,Aspirin Disper_Tab 75mg,0209000A0AAABAB,1,0.003599999999999999
194,H85055,Aspirin Disper_Tab 75mg,0209000A0AAABAB,1,0.003599999999999999
199,H84051,Aspirin Disper_Tab 75mg,0209000A0AAABAB,1,0.002999999999999982
198,H84020,Aspirin Disper_Tab 75mg,0209000A0AAABAB,1,0.002999999999999982
197,H84051,Aspirin Disper_Tab 75mg,0209000A0AAABAB,1,0.002999999999999982
196,H84020,Aspirin Disper_Tab 75mg,0209000A0AAABAB,1,0.002999999999999982
209,H84010,Buprenorphine_Tab Subling 400mcg S/F,0410030A0AAACAC,1,-0.006400000000000183
210,H84010,Buprenorphine_Tab Subling 400mcg S/F,0410030A0AAACAC,4,-0.017599999999999838
