,practice_code,bnf_description,bnf_code,items,excess_cost
0,M81004,Amiodarone HCl_Tab 200mg,0203020D0AAABAB,11,2.788800000000002
1,M81004,Anastrozole_Tab 1mg,0803041B0AAAAAA,19,0.09310000000000082
2,M81004,Clonazepam_Tab 500mcg,0408010F0AAABAB,19,7.480599999999984
3,M81004,Hydroxychlor Sulf_Tab 200mg,1001030C0AAAAAA,17,-0.006699999999999123
4,M81004,Lamotrigine_Tab 50mg,0408010H0AAABAB,7,0.0
5,M81004,Paracet_Tab Solb 500mg,0407010H0AAAQAQ,2,-0.011999999999998678
6,M81004,Sumatriptan_Tab 50mg,0407041T0AAAFAF,12,0.0
7,M81006,Amiodarone HCl_Tab 200mg,0203020D0AAABAB,7,3.500000000000003
8,M81006,Anastrozole_Tab 1mg,0803041B0AAAAAA,6,0.02940000000000026
9,M81006,Clonazepam_Tab 500mcg,0408010F0AAABAB,16,3.8193999999999924
10,M81006,Duloxetine HCl_Cap G/R 60mg,0403040Y0AAABAB,3,84.6384
11,M81006,Hydroxychlor Sulf_Tab 200mg,1001030C0AAAAAA,5,-0.013999999999999624
12,M81006,Lamotrigine_Tab 50mg,0408010H0AAABAB,28,0.0
13,M81006,Sumatriptan_Tab 50mg,0407041T0AAAFAF,29,0.0
14,M81007,Amiodarone HCl_Tab 200mg,0203020D0AAABAB,1,0.3500000000000003
15,M81007,Clonazepam_Tab 500mcg,0408010F0AAABAB,2,0.7570999999999984
16,M81007,Hydroxychlor Sulf_Tab 200mg,1001030C0AAAAAA,3,0.00839999999999995
17,M81007,Lamotrigine_Tab 50mg,0408010H0AAABAB,4,0.0
18,M81007,Paracet_Tab Solb 500mg,0407010H0AAAQAQ,10,0.001200000000003365
19,M81007,Sumatriptan_Tab 50mg,0407041T0AAAFAF,10,0.0
20,M81008,Amiodarone HCl_Tab 200mg,0203020D0AAABAB,6,2.450000000000002
21,M81008,Clonazepam_Tab 500mcg,0408010F0AAABAB,6,5.6047999999999885
22,M81008,Lamotrigine_Tab 50mg,0408010H0AAABAB,7,-0.011999999999998678
23,M81008,Sumatriptan_Tab 50mg,0407041T0AAAFAF,17,-0.0027999999999996916
24,M81011,Amiodarone HCl_Tab 200mg,0203020D0AAABAB,2,0.7000000000000006
25,M81011,Clonazepam_Tab 500mcg,0408010F0AAABAB,4,2.2147999999999954
26,M81011,Lamotrigine_Tab 50mg,0408010H0AAABAB,1,0.0
27,M81011,Sumatriptan_Tab 50mg,0407041T0AAAFAF,5,0.0
28,M81017,Amiodarone HCl_Tab 200mg,0203020D0AAABAB,2,0.7000000000000006
29,M81017,Anastrozole_Tab 1mg,0803041B0AAAAAA,4,0.019600000000000173
30,M81017,Clonazepam_Tab 500mcg,0408010F0AAABAB,18,7.062499999999985
31,M81017,Hydroxychlor Sulf_Tab 200mg,1001030C0AAAAAA,1,0.00280000000000008
32,M81017,Lamotrigine_Tab 50mg,0408010H0AAABAB,16,0.0
33,M81017,Sumatriptan_Tab 50mg,0407041T0AAAFAF,28,-0.00300000000000078
34,M81022,Amiodarone HCl_Tab 200mg,0203020D0AAABAB,6,1.0388000000000006
35,M81022,Anastrozole_Tab 1mg,0803041B0AAAAAA,13,0.06370000000000056
36,M81022,Clonazepam_Tab 500mcg,0408010F0AAABAB,19,7.496199999999985
37,M81022,Hydroxychlor Sulf_Tab 200mg,1001030C0AAAAAA,7,54.08600000000001
38,M81022,Lamotrigine_Tab 50mg,0408010H0AAABAB,19,11.9616
39,M81022,Sumatriptan_Tab 50mg,0407041T0AAAFAF,33,0.0039999999999995595
40,M81029,Amiodarone HCl_Tab 200mg,0203020D0AAABAB,9,2.9792000000000027
41,M81029,Anastrozole_Tab 1mg,0803041B0AAAAAA,4,0.019600000000000173
42,M81029,Clonazepam_Tab 500mcg,0408010F0AAABAB,10,3.514299999999993
43,M81029,Hydroxychlor Sulf_Tab 200mg,1001030C0AAAAAA,3,0.00840000000000024
44,M81029,Lamotrigine_Tab 50mg,0408010H0AAABAB,4,0.0
45,M81029,Paracet_Tab Solb 500mg,0407010H0AAAQAQ,2,166.06480000000002
46,M81029,Sumatriptan_Tab 50mg,0407041T0AAAFAF,14,0.0
47,M81033,Amiodarone HCl_Tab 200mg,0203020D0AAABAB,2,0.7000000000000006
48,M81033,Clonazepam_Tab 500mcg,0408010F0AAABAB,2,1.7627999999999964
49,M81033,Hydroxychlor Sulf_Tab 200mg,1001030C0AAAAAA,1,0.00280000000000008
50,M81033,Paracet_Tab Solb 500mg,0407010H0AAAQAQ,2,-0.011999999999998678
51,M81033,Sumatriptan_Tab 50mg,0407041T0AAAFAF,13,0.0
52,M81034,Amiodarone HCl_Tab 200mg,0203020D0AAABAB,5,1.7500000000000016
53,M81034,Clonazepam_Tab 500mcg,0408010F0AAABAB,17,13.85379999999997
54,M81034,Gemfibrozil_Tab 600mg,0212000Q0AAABAB,1,7.571199999999999
55,M81034,Lamotrigine_Tab 50mg,0408010H0AAABAB,1,0.0
56,M81034,Sumatriptan_Tab 50mg,0407041T0AAAFAF,12,0.0
57,M81035,Amiodarone HCl_Tab 200mg,0203020D0AAABAB,6,1.388800000000001
58,M81035,Anastrozole_Tab 1mg,0803041B0AAAAAA,14,0.7056000000000093
59,M81035,Clonazepam_Tab 500mcg,0408010F0AAABAB,5,1.1864999999999974
60,M81035,Lamotrigine_Tab 50mg,0408010H0AAABAB,5,0.0
61,M81035,Sumatriptan_Tab 50mg,0407041T0AAAFAF,21,55.00800000000001
62,M81037,Amiodarone HCl_Tab 200mg,0203020D0AAABAB,4,2.450000000000002
63,M81037,Anastrozole_Tab 1mg,0803041B0AAAAAA,3,0.01470000000000013
64,M81037,Clonazepam_Tab 500mcg,0408010F0AAABAB,14,2.1017999999999954
65,M81037,Lamotrigine_Tab 50mg,0408010H0AAABAB,34,-0.07829999999999962
66,M81037,Sumatriptan_Tab 50mg,0407041T0AAAFAF,14,0.0
67,M81038,Amiodarone HCl_Tab 200mg,0203020D0AAABAB,12,3.4034000000000026
68,M81038,Anastrozole_Tab 1mg,0803041B0AAAAAA,4,0.019600000000000173
69,M81038,Clonazepam_Tab 500mcg,0408010F0AAABAB,27,9.10149999999998
70,M81038,Hydroxychlor Sulf_Tab 200mg,1001030C0AAAAAA,10,-0.002399999999999125
71,M81038,Lamotrigine_Tab 50mg,0408010H0AAABAB,12,0.0
72,M81038,Paracet_Tab Solb 500mg,0407010H0AAAQAQ,6,-0.035999999999996035
73,M81038,Sumatriptan_Tab 50mg,0407041T0AAAFAF,23,0.0
74,M81039,Amiodarone HCl_Tab 200mg,0203020D0AAABAB,17,3.070500000000002
75,M81039,Anastrozole_Tab 1mg,0803041B0AAAAAA,13,0.06370000000000056
76,M81039,Clonazepam_Tab 500mcg,0408010F0AAABAB,4,2.195199999999996
77,M81039,Lamotrigine_Tab 50mg,0408010H0AAABAB,9,0.0
78,M81039,Sumatriptan_Tab 50mg,0407041T0AAAFAF,14,0.0
79,M81042,Amiodarone HCl_Tab 200mg,0203020D0AAABAB,2,0.7000000000000006
80,M81042,Clonazepam_Tab 500mcg,0408010F0AAABAB,1,0.31639999999999935
81,M81042,Gemfibrozil_Tab 600mg,0212000Q0AAABAB,1,16.223999999999997
82,M81042,Hydroxychlor Sulf_Tab 200mg,1001030C0AAAAAA,2,0.00560000000000016
83,M81042,Lamotrigine_Tab 50mg,0408010H0AAABAB,2,0.0
84,M81042,Sumatriptan_Tab 100mg,0407041T0AAACAC,4,25.219200000000004
85,M81042,Sumatriptan_Tab 50mg,0407041T0AAAFAF,10,0.0
86,M81045,Amiodarone HCl_Tab 200mg,0203020D0AAABAB,8,2.704100000000002
87,M81045,Clonazepam_Tab 500mcg,0408010F0AAABAB,3,2.6599999999999944
88,M81045,Lamotrigine_Tab 50mg,0408010H0AAABAB,3,0.0
89,M81045,Paracet_Tab Solb 500mg,0407010H0AAAQAQ,2,-0.011999999999998678
90,M81045,Sumatriptan_Tab 50mg,0407041T0AAAFAF,8,0.0
91,M81046,Amiodarone HCl_Tab 200mg,0203020D0AAABAB,5,1.219400000000001
92,M81046,Anastrozole_Tab 1mg,0803041B0AAAAAA,30,61.89959999999999
93,M81046,Clonazepam_Tab 500mcg,0408010F0AAABAB,26,10.02309999999998
94,M81046,Duloxetine HCl_Cap G/R 60mg,0403040Y0AAABAB,18,19.756800000000005
95,M81046,Hydroxychlor Sulf_Tab 200mg,1001030C0AAAAAA,12,-0.022399999999999087
96,M81046,Lamotrigine_Tab 50mg,0408010H0AAABAB,7,25.816000000000003
97,M81046,Paracet_Tab Solb 500mg,0407010H0AAAQAQ,2,-0.011999999999998678
98,M81046,Sumatriptan_Tab 100mg,0407041T0AAACAC,3,65.22120000000001
99,M81046,Sumatriptan_Tab 50mg,0407041T0AAAFAF,21,64.05839999999999
100,M81047,Amiodarone HCl_Tab 200mg,0203020D0AAABAB,3,2.100000000000002
101,M81047,Clonazepam_Tab 500mcg,0408010F0AAABAB,1,0.15819999999999967
102,M81047,Duloxetine HCl_Cap G/R 60mg,0403040Y0AAABAB,1,0.0039999999999995595
103,M81047,Hydroxychlor Sulf_Tab 200mg,1001030C0AAAAAA,3,0.014000000000000401
104,M81047,Lamotrigine_Tab 50mg,0408010H0AAABAB,3,0.0
105,M81047,Paracet_Tab Solb 500mg,0407010H0AAAQAQ,6,0.021600000000002284
106,M81047,Sumatriptan_Tab 50mg,0407041T0AAAFAF,18,0.0
107,M81049,Amiodarone HCl_Tab 200mg,0203020D0AAABAB,4,3.150000000000003
108,M81049,Anastrozole_Tab 1mg,0803041B0AAAAAA,4,0.019600000000000173
109,M81049,Clonazepam_Tab 500mcg,0408010F0AAABAB,5,2.553799999999995
110,M81049,Duloxetine HCl_Cap G/R 60mg,0403040Y0AAABAB,1,-0.012000000000002009
111,M81049,Gemfibrozil_Tab 600mg,0212000Q0AAABAB,2,30.284799999999997
112,M81049,Hydroxychlor Sulf_Tab 200mg,1001030C0AAAAAA,2,-0.00040000000000001146
113,M81049,Lamotrigine_Tab 50mg,0408010H0AAABAB,6,0.0
114,M81049,Sumatriptan_Tab 50mg,0407041T0AAAFAF,10,0.0
115,M81058,Amiodarone HCl_Tab 200mg,0203020D0AAABAB,21,4.166400000000003
116,M81058,Anastrozole_Tab 1mg,0803041B0AAAAAA,4,0.019600000000000173
117,M81058,Clonazepam_Tab 500mcg,0408010F0AAABAB,13,2.8701999999999943
118,M81058,Hydroxychlor Sulf_Tab 200mg,1001030C0AAAAAA,1,0.004500000000000129
119,M81058,Lamotrigine_Tab 50mg,0408010H0AAABAB,8,0.0
120,M81058,Sumatriptan_Tab 50mg,0407041T0AAAFAF,23,0.0
121,M81063,Amiodarone HCl_Tab 200mg,0203020D0AAABAB,4,1.4847000000000012
122,M81063,Anastrozole_Tab 1mg,0803041B0AAAAAA,10,0.04900000000000043
123,M81063,Clonazepam_Tab 500mcg,0408010F0AAABAB,7,1.977499999999996
124,M81063,Lamotrigine_Tab 50mg,0408010H0AAABAB,10,0.0
125,M81063,Sumatriptan_Tab 50mg,0407041T0AAAFAF,22,0.0
126,M81072,Amiodarone HCl_Tab 200mg,0203020D0AAABAB,1,1.050000000000001
127,M81072,Clonazepam_Tab 500mcg,0408010F0AAABAB,1,0.31639999999999935
128,M81072,Lamotrigine_Tab 50mg,0408010H0AAABAB,6,0.0
129,M81072,Sumatriptan_Tab 100mg,0407041T0AAACAC,1,0.0034000000000000696
130,M81072,Sumatriptan_Tab 50mg,0407041T0AAAFAF,7,0.0
131,M81074,Amiodarone HCl_Tab 200mg,0203020D0AAABAB,4,1.4000000000000012
132,M81074,Clonazepam_Tab 500mcg,0408010F0AAABAB,9,3.954999999999992
133,M81074,Hydroxychlor Sulf_Tab 200mg,1001030C0AAAAAA,3,0.003200000000000258
134,M81074,Lamotrigine_Tab 50mg,0408010H0AAABAB,2,0.0
135,M81074,Paracet_Tab Solb 500mg,0407010H0AAAQAQ,4,-0.023999999999997357
136,M81074,Sumatriptan_Tab 50mg,0407041T0AAAFAF,13,0.0
137,M81075,Amiodarone HCl_Tab 200mg,0203020D0AAABAB,3,0.7847000000000006
138,M81075,Anastrozole_Tab 1mg,0803041B0AAAAAA,7,0.0343000000000003
139,M81075,Clonazepam_Tab 500mcg,0408010F0AAABAB,13,2.6102999999999947
140,M81075,Hydroxychlor Sulf_Tab 200mg,1001030C0AAAAAA,15,0.012000000000000871
141,M81075,Lamotrigine_Tab 50mg,0408010H0AAABAB,10,0.0
142,M81075,Paracet_Tab Solb 500mg,0407010H0AAAQAQ,6,-0.01239999999999794
143,M81075,Sumatriptan_Tab 50mg,0407041T0AAAFAF,25,0.0031999999999996476
144,M81081,Amiodarone HCl_Tab 200mg,0203020D0AAABAB,9,0.7623
145,M81081,Clonazepam_Tab 500mcg,0408010F0AAABAB,3,2.5763999999999947
146,M81081,Lamotrigine_Tab 50mg,0408010H0AAABAB,3,0.0
147,M81081,Paracet_Tab Solb 500mg,0407010H0AAAQAQ,2,-0.011999999999998678
148,M81081,Sumatriptan_Tab 50mg,0407041T0AAAFAF,6,0.0
149,M81091,Amiodarone HCl_Tab 200mg,0203020D0AAABAB,4,2.450000000000002
150,M81091,Clonazepam_Tab 500mcg,0408010F0AAABAB,7,2.531199999999995
151,M81091,Hydroxychlor Sulf_Tab 200mg,1001030C0AAAAAA,1,0.00280000000000008
152,M81091,Lamotrigine_Tab 50mg,0408010H0AAABAB,1,0.0
153,M81091,Sumatriptan_Tab 50mg,0407041T0AAAFAF,29,0.0
154,M81094,Amiodarone HCl_Tab 200mg,0203020D0AAABAB,4,1.4000000000000012
155,M81094,Anastrozole_Tab 1mg,0803041B0AAAAAA,3,0.01470000000000013
156,M81094,Clonazepam_Tab 500mcg,0408010F0AAABAB,8,3.1639999999999935
157,M81094,Hydroxychlor Sulf_Tab 200mg,1001030C0AAAAAA,5,-0.0015999999999995462
158,M81094,Lamotrigine_Tab 50mg,0408010H0AAABAB,9,0.0
159,M81094,Sumatriptan_Tab 50mg,0407041T0AAAFAF,25,0.0
160,M81627,Amiodarone HCl_Tab 200mg,0203020D0AAABAB,1,0.3500000000000003
161,M81627,Clonazepam_Tab 500mcg,0408010F0AAABAB,36,14.513699999999968
162,M81627,Hydroxychlor Sulf_Tab 200mg,1001030C0AAAAAA,5,-0.02099999999999963
163,M81627,Lamotrigine_Tab 50mg,0408010H0AAABAB,2,0.0
164,M81627,Sumatriptan_Tab 50mg,0407041T0AAAFAF,17,0.0
165,M81629,Amiodarone HCl_Tab 200mg,0203020D0AAABAB,9,1.9929000000000012
166,M81629,Anastrozole_Tab 1mg,0803041B0AAAAAA,7,0.0343000000000003
167,M81629,Clonazepam_Tab 500mcg,0408010F0AAABAB,5,0.949199999999998
168,M81629,Lamotrigine_Tab 50mg,0408010H0AAABAB,2,0.0
169,M81629,Sumatriptan_Tab 50mg,0407041T0AAAFAF,22,0.0
170,Y03602,Amiodarone HCl_Tab 200mg,0203020D0AAABAB,2,1.050000000000001
171,Y03602,Clonazepam_Tab 500mcg,0408010F0AAABAB,3,1.423799999999997
172,Y03602,Hydroxychlor Sulf_Tab 200mg,1001030C0AAAAAA,2,0.00840000000000024
173,Y03602,Lamotrigine_Tab 50mg,0408010H0AAABAB,1,0.0
174,Y03602,Sumatriptan_Tab 50mg,0407041T0AAAFAF,12,0.0
175,Y04968,Clonazepam_Tab 500mcg,0408010F0AAABAB,6,1.5819999999999967
176,Y04968,Lamotrigine_Tab 50mg,0408010H0AAABAB,3,0.0
177,Y04968,Sumatriptan_Tab 50mg,0407041T0AAAFAF,14,0.0
