,practice_code,bnf_description,bnf_code,items,excess_cost
146,G85736,Mesalazine_Tab E/C 400mg,0105010B0AAAAAA,1,77.00399999999999
0,G85696,Mesalazine_Tab E/C 800mg,0105010B0AAASAS,1,68.87999999999998
1,G85105,Mesalazine_Tab E/C 800mg,0105010B0AAASAS,1,55.34999999999999
147,G85046,Mesalazine_Tab E/C 400mg,0105010B0AAAAAA,1,47.913599999999995
148,G85089,Mesalazine_Tab E/C 400mg,0105010B0AAAAAA,1,47.913599999999995
149,G85696,Mesalazine_Tab E/C 400mg,0105010B0AAAAAA,1,47.913599999999995
2,G85124,Mesalazine_Tab E/C 800mg,0105010B0AAASAS,1,36.89999999999999
151,G85081,Mesalazine_Tab E/C 400mg,0105010B0AAAAAA,1,34.224
150,G85121,Mesalazine_Tab E/C 400mg,0105010B0AAAAAA,1,34.224
152,G85114,Mesalazine_Tab E/C 400mg,0105010B0AAAAAA,2,34.199999999999996
153,G85633,Mesalazine_Tab E/C 400mg,0105010B0AAAAAA,1,31.942399999999996
174,G85055,Risperidone_Tab 6mg,040201030AAAFAF,1,29.2096
173,G85633,Risperidone_Tab 6mg,040201030AAAFAF,1,29.2096
154,G85005,Mesalazine_Tab E/C 400mg,0105010B0AAAAAA,2,25.667999999999996
155,G85027,Mesalazine_Tab E/C 400mg,0105010B0AAAAAA,1,25.667999999999996
156,G85035,Mesalazine_Tab E/C 400mg,0105010B0AAAAAA,1,23.956799999999998
3,G85023,Mesalazine_Tab E/C 800mg,0105010B0AAASAS,1,22.959999999999994
4,G85023,Mesalazine_Tab E/C 800mg,0105010B0AAASAS,1,17.219999999999995
157,G85089,Mesalazine_Tab E/C 400mg,0105010B0AAAAAA,1,17.099999999999998
158,G85114,Mesalazine_Tab E/C 400mg,0105010B0AAAAAA,1,11.978399999999999
235,G85105,Griseofulvin_Tab 500mg,0502050B0AAACAC,4,10.572800000000004
265,G85104,Valsartan_Tab 40mg,0205052V0AAADAD,1,7.672000000000001
236,G85024,Griseofulvin_Tab 500mg,0502050B0AAACAC,1,4.710000000000003
175,G85005,Buprenorphine_Tab Subling 400mcg S/F,0410030A0AAACAC,3,4.5696
176,G85698,Buprenorphine_Tab Subling 400mcg S/F,0410030A0AAACAC,3,4.5696
159,G85024,Mesalazine_Tab E/C 400mg,0105010B0AAAAAA,1,4.2749999999999995
160,G85727,Mesalazine_Tab E/C 400mg,0105010B0AAAAAA,1,3.9927999999999995
266,G85104,Valsartan_Tab 40mg,0205052V0AAADAD,1,3.8360000000000003
267,G85032,Valsartan_Tab 40mg,0205052V0AAADAD,1,3.8360000000000003
218,G85003,Pyridox HCl_Tab 50mg,0906024N0AAAIAI,1,3.830400000000001
8,G85698,Clonazepam_Tab 500mcg,0408010F0AAABAB,6,3.796799999999992
7,G85005,Clonazepam_Tab 500mcg,0408010F0AAABAB,6,3.796799999999992
177,G85633,Buprenorphine_Tab Subling 400mcg S/F,0410030A0AAACAC,9,3.4272
9,G85046,Clonazepam_Tab 500mcg,0408010F0AAABAB,5,3.389999999999993
10,G85032,Clonazepam_Tab 500mcg,0408010F0AAABAB,5,3.1639999999999935
11,G85633,Clonazepam_Tab 500mcg,0408010F0AAABAB,10,3.1639999999999935
219,G85005,Pyridox HCl_Tab 50mg,0906024N0AAAIAI,1,2.8728000000000007
220,G85024,Pyridox HCl_Tab 50mg,0906024N0AAAIAI,1,2.8728000000000007
12,G85085,Clonazepam_Tab 500mcg,0408010F0AAABAB,3,2.847599999999994
13,G85005,Clonazepam_Tab 500mcg,0408010F0AAABAB,3,2.847599999999994
237,G85036,Griseofulvin_Tab 500mg,0502050B0AAACAC,2,2.643200000000001
17,G85005,Clonazepam_Tab 500mcg,0408010F0AAABAB,2,2.531199999999995
16,G85046,Clonazepam_Tab 500mcg,0408010F0AAABAB,4,2.531199999999995
15,G85005,Clonazepam_Tab 500mcg,0408010F0AAABAB,1,2.531199999999995
14,G85036,Clonazepam_Tab 500mcg,0408010F0AAABAB,2,2.531199999999995
18,G85024,Clonazepam_Tab 500mcg,0408010F0AAABAB,1,2.372999999999995
179,G85633,Buprenorphine_Tab Subling 400mcg S/F,0410030A0AAACAC,3,2.2848
178,G85005,Buprenorphine_Tab Subling 400mcg S/F,0410030A0AAACAC,2,2.2848
19,G85105,Clonazepam_Tab 500mcg,0408010F0AAABAB,1,2.2599999999999953
20,G85120,Clonazepam_Tab 500mcg,0408010F0AAABAB,1,2.2147999999999954
240,G85004,Amiodarone HCl_Tab 200mg,0203020D0AAABAB,2,2.100000000000002
187,G85698,Amisulpride_Tab 400mg,0402010A0AAAEAE,4,2.08800000000001
21,G85005,Clonazepam_Tab 500mcg,0408010F0AAABAB,3,2.033999999999996
238,G85023,Griseofulvin_Tab 500mg,0502050B0AAACAC,1,1.9824000000000008
22,G85035,Clonazepam_Tab 500mcg,0408010F0AAABAB,1,1.977499999999996
221,G85716,Pyridox HCl_Tab 50mg,0906024N0AAAIAI,1,1.9152000000000005
26,G85121,Clonazepam_Tab 500mcg,0408010F0AAABAB,3,1.898399999999996
24,G85035,Clonazepam_Tab 500mcg,0408010F0AAABAB,3,1.898399999999996
30,G85035,Clonazepam_Tab 500mcg,0408010F0AAABAB,1,1.898399999999996
29,G85005,Clonazepam_Tab 500mcg,0408010F0AAABAB,1,1.898399999999996
23,G85696,Clonazepam_Tab 500mcg,0408010F0AAABAB,3,1.898399999999996
28,G85055,Clonazepam_Tab 500mcg,0408010F0AAABAB,6,1.898399999999996
27,G85023,Clonazepam_Tab 500mcg,0408010F0AAABAB,3,1.898399999999996
25,G85124,Clonazepam_Tab 500mcg,0408010F0AAABAB,3,1.898399999999996
32,G85004,Clonazepam_Tab 500mcg,0408010F0AAABAB,3,1.898399999999996
33,G85036,Clonazepam_Tab 500mcg,0408010F0AAABAB,1,1.898399999999996
34,G85015,Clonazepam_Tab 500mcg,0408010F0AAABAB,3,1.898399999999996
31,G85089,Clonazepam_Tab 500mcg,0408010F0AAABAB,1,1.898399999999996
222,G85736,Pyridox HCl_Tab 50mg,0906024N0AAAIAI,1,1.7100000000000004
35,G85124,Clonazepam_Tab 500mcg,0408010F0AAABAB,1,1.6949999999999965
36,G85027,Clonazepam_Tab 500mcg,0408010F0AAABAB,1,1.6949999999999965
39,G85121,Clonazepam_Tab 500mcg,0408010F0AAABAB,5,1.5819999999999967
37,G85023,Clonazepam_Tab 500mcg,0408010F0AAABAB,5,1.5819999999999967
38,G85038,Clonazepam_Tab 500mcg,0408010F0AAABAB,5,1.5819999999999967
189,G85081,Amisulpride_Tab 400mg,0402010A0AAAEAE,2,1.5660000000000074
188,G85032,Amisulpride_Tab 400mg,0402010A0AAAEAE,3,1.5660000000000074
181,G85005,Buprenorphine_Tab Subling 400mcg S/F,0410030A0AAACAC,2,1.5232
182,G85046,Buprenorphine_Tab Subling 400mcg S/F,0410030A0AAACAC,2,1.5232
180,G85089,Buprenorphine_Tab Subling 400mcg S/F,0410030A0AAACAC,1,1.5232
40,G85716,Clonazepam_Tab 500mcg,0408010F0AAABAB,1,1.491599999999997
190,G85032,Amisulpride_Tab 400mg,0402010A0AAAEAE,2,1.4448000000000087
191,G85032,Amisulpride_Tab 400mg,0402010A0AAAEAE,3,1.4448000000000087
223,G85057,Pyridox HCl_Tab 50mg,0906024N0AAAIAI,1,1.4364000000000003
241,G85722,Amiodarone HCl_Tab 200mg,0203020D0AAABAB,1,1.4000000000000012
44,G85633,Clonazepam_Tab 500mcg,0408010F0AAABAB,1,1.3559999999999972
43,G85004,Clonazepam_Tab 500mcg,0408010F0AAABAB,2,1.3559999999999972
42,G85032,Clonazepam_Tab 500mcg,0408010F0AAABAB,2,1.3559999999999972
41,G85035,Clonazepam_Tab 500mcg,0408010F0AAABAB,1,1.3559999999999972
58,G85698,Clonazepam_Tab 500mcg,0408010F0AAABAB,1,1.2655999999999974
59,G85008,Clonazepam_Tab 500mcg,0408010F0AAABAB,1,1.2655999999999974
50,G85015,Clonazepam_Tab 500mcg,0408010F0AAABAB,1,1.2655999999999974
57,G85038,Clonazepam_Tab 500mcg,0408010F0AAABAB,8,1.2655999999999974
60,G85035,Clonazepam_Tab 500mcg,0408010F0AAABAB,1,1.2655999999999974
55,G85105,Clonazepam_Tab 500mcg,0408010F0AAABAB,2,1.2655999999999974
54,G85716,Clonazepam_Tab 500mcg,0408010F0AAABAB,1,1.2655999999999974
53,G85114,Clonazepam_Tab 500mcg,0408010F0AAABAB,1,1.2655999999999974
52,G85057,Clonazepam_Tab 500mcg,0408010F0AAABAB,2,1.2655999999999974
51,G85104,Clonazepam_Tab 500mcg,0408010F0AAABAB,4,1.2655999999999974
56,G85722,Clonazepam_Tab 500mcg,0408010F0AAABAB,2,1.2655999999999974
49,G85055,Clonazepam_Tab 500mcg,0408010F0AAABAB,1,1.2655999999999974
48,G85633,Clonazepam_Tab 500mcg,0408010F0AAABAB,2,1.2655999999999974
47,G85105,Clonazepam_Tab 500mcg,0408010F0AAABAB,1,1.2655999999999974
46,G85055,Clonazepam_Tab 500mcg,0408010F0AAABAB,2,1.2655999999999974
45,G85114,Clonazepam_Tab 500mcg,0408010F0AAABAB,4,1.2655999999999974
183,G85003,Buprenorphine_Tab Subling 400mcg S/F,0410030A0AAACAC,1,1.1424
61,G85004,Clonazepam_Tab 500mcg,0408010F0AAABAB,1,1.1299999999999977
62,G85121,Clonazepam_Tab 500mcg,0408010F0AAABAB,1,1.1299999999999977
243,G85722,Amiodarone HCl_Tab 200mg,0203020D0AAABAB,3,1.050000000000001
242,G85085,Amiodarone HCl_Tab 200mg,0203020D0AAABAB,1,1.050000000000001
192,G85114,Amisulpride_Tab 400mg,0402010A0AAAEAE,1,1.044000000000005
63,G85717,Clonazepam_Tab 500mcg,0408010F0AAABAB,1,1.016999999999998
239,G85633,Griseofulvin_Tab 500mg,0502050B0AAACAC,1,0.9912000000000004
193,G85120,Amisulpride_Tab 400mg,0402010A0AAAEAE,8,0.9632000000000058
194,G85038,Amisulpride_Tab 400mg,0402010A0AAAEAE,2,0.9632000000000058
195,G85633,Amisulpride_Tab 400mg,0402010A0AAAEAE,2,0.9632000000000058
196,G85038,Amisulpride_Tab 400mg,0402010A0AAAEAE,1,0.9632000000000058
227,G85089,Pyridox HCl_Tab 50mg,0906024N0AAAIAI,1,0.9576000000000002
226,G85024,Pyridox HCl_Tab 50mg,0906024N0AAAIAI,1,0.9576000000000002
225,G85121,Pyridox HCl_Tab 50mg,0906024N0AAAIAI,1,0.9576000000000002
224,G85722,Pyridox HCl_Tab 50mg,0906024N0AAAIAI,1,0.9576000000000002
64,G85057,Clonazepam_Tab 500mcg,0408010F0AAABAB,3,0.949199999999998
72,G85004,Clonazepam_Tab 500mcg,0408010F0AAABAB,1,0.949199999999998
74,G85633,Clonazepam_Tab 500mcg,0408010F0AAABAB,1,0.949199999999998
73,G85124,Clonazepam_Tab 500mcg,0408010F0AAABAB,1,0.949199999999998
65,G85081,Clonazepam_Tab 500mcg,0408010F0AAABAB,1,0.949199999999998
71,G85046,Clonazepam_Tab 500mcg,0408010F0AAABAB,1,0.949199999999998
69,G85124,Clonazepam_Tab 500mcg,0408010F0AAABAB,3,0.949199999999998
68,G85121,Clonazepam_Tab 500mcg,0408010F0AAABAB,1,0.949199999999998
67,G85005,Clonazepam_Tab 500mcg,0408010F0AAABAB,3,0.949199999999998
66,G85003,Clonazepam_Tab 500mcg,0408010F0AAABAB,12,0.949199999999998
70,G85104,Clonazepam_Tab 500mcg,0408010F0AAABAB,1,0.949199999999998
75,G85046,Clonazepam_Tab 500mcg,0408010F0AAABAB,1,0.8474999999999983
198,G85722,Amisulpride_Tab 400mg,0402010A0AAAEAE,1,0.7224000000000044
197,G85104,Amisulpride_Tab 400mg,0402010A0AAAEAE,3,0.7224000000000044
228,G85027,Pyridox HCl_Tab 50mg,0906024N0AAAIAI,3,0.7182000000000002
246,G85005,Amiodarone HCl_Tab 200mg,0203020D0AAABAB,1,0.7000000000000006
253,G85105,Amiodarone HCl_Tab 200mg,0203020D0AAABAB,1,0.7000000000000006
254,G85005,Amiodarone HCl_Tab 200mg,0203020D0AAABAB,2,0.7000000000000006
255,G85038,Amiodarone HCl_Tab 200mg,0203020D0AAABAB,1,0.7000000000000006
256,G85026,Amiodarone HCl_Tab 200mg,0203020D0AAABAB,1,0.7000000000000006
249,G85027,Amiodarone HCl_Tab 200mg,0203020D0AAABAB,2,0.7000000000000006
252,G85061,Amiodarone HCl_Tab 200mg,0203020D0AAABAB,1,0.7000000000000006
247,G85024,Amiodarone HCl_Tab 200mg,0203020D0AAABAB,2,0.7000000000000006
251,G85036,Amiodarone HCl_Tab 200mg,0203020D0AAABAB,1,0.7000000000000006
250,G85023,Amiodarone HCl_Tab 200mg,0203020D0AAABAB,1,0.7000000000000006
244,G85104,Amiodarone HCl_Tab 200mg,0203020D0AAABAB,1,0.7000000000000006
248,G85114,Amiodarone HCl_Tab 200mg,0203020D0AAABAB,1,0.7000000000000006
245,G85081,Amiodarone HCl_Tab 200mg,0203020D0AAABAB,2,0.7000000000000006
80,G85061,Clonazepam_Tab 500mcg,0408010F0AAABAB,2,0.6779999999999986
76,G85124,Clonazepam_Tab 500mcg,0408010F0AAABAB,1,0.6779999999999986
77,G85698,Clonazepam_Tab 500mcg,0408010F0AAABAB,2,0.6779999999999986
78,G85698,Clonazepam_Tab 500mcg,0408010F0AAABAB,1,0.6779999999999986
79,G85032,Clonazepam_Tab 500mcg,0408010F0AAABAB,2,0.6779999999999986
86,G85085,Clonazepam_Tab 500mcg,0408010F0AAABAB,2,0.6327999999999987
87,G85076,Clonazepam_Tab 500mcg,0408010F0AAABAB,2,0.6327999999999987
81,G85003,Clonazepam_Tab 500mcg,0408010F0AAABAB,2,0.6327999999999987
82,G85081,Clonazepam_Tab 500mcg,0408010F0AAABAB,1,0.6327999999999987
84,G85089,Clonazepam_Tab 500mcg,0408010F0AAABAB,1,0.6327999999999987
85,G85727,Clonazepam_Tab 500mcg,0408010F0AAABAB,1,0.6327999999999987
95,G85003,Clonazepam_Tab 500mcg,0408010F0AAABAB,1,0.6327999999999987
94,G85104,Clonazepam_Tab 500mcg,0408010F0AAABAB,1,0.6327999999999987
93,G85024,Clonazepam_Tab 500mcg,0408010F0AAABAB,1,0.6327999999999987
92,G85696,Clonazepam_Tab 500mcg,0408010F0AAABAB,2,0.6327999999999987
91,G85008,Clonazepam_Tab 500mcg,0408010F0AAABAB,1,0.6327999999999987
89,G85036,Clonazepam_Tab 500mcg,0408010F0AAABAB,1,0.6327999999999987
88,G85716,Clonazepam_Tab 500mcg,0408010F0AAABAB,1,0.6327999999999987
83,G85061,Clonazepam_Tab 500mcg,0408010F0AAABAB,1,0.6327999999999987
90,G85114,Clonazepam_Tab 500mcg,0408010F0AAABAB,1,0.6327999999999987
96,G85036,Clonazepam_Tab 500mcg,0408010F0AAABAB,2,0.6327999999999987
98,G85085,Clonazepam_Tab 500mcg,0408010F0AAABAB,1,0.6327999999999987
99,G85717,Clonazepam_Tab 500mcg,0408010F0AAABAB,4,0.6327999999999987
100,G85716,Clonazepam_Tab 500mcg,0408010F0AAABAB,2,0.6327999999999987
101,G85076,Clonazepam_Tab 500mcg,0408010F0AAABAB,1,0.6327999999999987
102,G85015,Clonazepam_Tab 500mcg,0408010F0AAABAB,4,0.6327999999999987
103,G85027,Clonazepam_Tab 500mcg,0408010F0AAABAB,2,0.6327999999999987
97,G85038,Clonazepam_Tab 500mcg,0408010F0AAABAB,1,0.6327999999999987
184,G85005,Buprenorphine_Tab Subling 400mcg S/F,0410030A0AAACAC,1,0.5712
105,G85055,Clonazepam_Tab 500mcg,0408010F0AAABAB,1,0.5699999999999983
106,G85633,Clonazepam_Tab 500mcg,0408010F0AAABAB,1,0.5699999999999983
104,G85005,Clonazepam_Tab 500mcg,0408010F0AAABAB,1,0.5699999999999983
199,G85055,Amisulpride_Tab 400mg,0402010A0AAAEAE,1,0.5220000000000025
203,G85027,Amisulpride_Tab 400mg,0402010A0AAAEAE,1,0.5220000000000025
202,G85633,Amisulpride_Tab 400mg,0402010A0AAAEAE,1,0.5220000000000025
201,G85023,Amisulpride_Tab 400mg,0402010A0AAAEAE,1,0.5220000000000025
200,G85089,Amisulpride_Tab 400mg,0402010A0AAAEAE,1,0.5220000000000025
208,G85081,Amisulpride_Tab 400mg,0402010A0AAAEAE,1,0.4816000000000029
207,G85005,Amisulpride_Tab 400mg,0402010A0AAAEAE,1,0.4816000000000029
206,G85005,Amisulpride_Tab 400mg,0402010A0AAAEAE,2,0.4816000000000029
205,G85716,Amisulpride_Tab 400mg,0402010A0AAAEAE,2,0.4816000000000029
209,G85124,Amisulpride_Tab 400mg,0402010A0AAAEAE,1,0.4816000000000029
204,G85032,Amisulpride_Tab 400mg,0402010A0AAAEAE,2,0.4816000000000029
233,G85036,Pyridox HCl_Tab 50mg,0906024N0AAAIAI,1,0.4788000000000001
232,G85055,Pyridox HCl_Tab 50mg,0906024N0AAAIAI,1,0.4788000000000001
231,G85020,Pyridox HCl_Tab 50mg,0906024N0AAAIAI,4,0.4788000000000001
230,G85057,Pyridox HCl_Tab 50mg,0906024N0AAAIAI,1,0.4788000000000001
229,G85035,Pyridox HCl_Tab 50mg,0906024N0AAAIAI,1,0.4788000000000001
107,G85105,Clonazepam_Tab 500mcg,0408010F0AAABAB,1,0.474599999999999
108,G85696,Clonazepam_Tab 500mcg,0408010F0AAABAB,1,0.474599999999999
185,G85003,Buprenorphine_Tab Subling 400mcg S/F,0410030A0AAACAC,1,0.35230000000000017
258,G85696,Amiodarone HCl_Tab 200mg,0203020D0AAABAB,1,0.3500000000000003
263,G85105,Amiodarone HCl_Tab 200mg,0203020D0AAABAB,1,0.3500000000000003
257,G85038,Amiodarone HCl_Tab 200mg,0203020D0AAABAB,1,0.3500000000000003
262,G85020,Amiodarone HCl_Tab 200mg,0203020D0AAABAB,1,0.3500000000000003
259,G85008,Amiodarone HCl_Tab 200mg,0203020D0AAABAB,1,0.3500000000000003
261,G85124,Amiodarone HCl_Tab 200mg,0203020D0AAABAB,1,0.3500000000000003
264,G85085,Amiodarone HCl_Tab 200mg,0203020D0AAABAB,1,0.3500000000000003
260,G85055,Amiodarone HCl_Tab 200mg,0203020D0AAABAB,1,0.3500000000000003
113,G85008,Clonazepam_Tab 500mcg,0408010F0AAABAB,1,0.3389999999999993
114,G85035,Clonazepam_Tab 500mcg,0408010F0AAABAB,1,0.3389999999999993
112,G85076,Clonazepam_Tab 500mcg,0408010F0AAABAB,1,0.3389999999999993
111,G85633,Clonazepam_Tab 500mcg,0408010F0AAABAB,1,0.3389999999999993
110,G85046,Clonazepam_Tab 500mcg,0408010F0AAABAB,1,0.3389999999999993
109,G85015,Clonazepam_Tab 500mcg,0408010F0AAABAB,1,0.3389999999999993
121,G85736,Clonazepam_Tab 500mcg,0408010F0AAABAB,1,0.31639999999999935
126,G85048,Clonazepam_Tab 500mcg,0408010F0AAABAB,1,0.31639999999999935
120,G85717,Clonazepam_Tab 500mcg,0408010F0AAABAB,1,0.31639999999999935
122,G85089,Clonazepam_Tab 500mcg,0408010F0AAABAB,2,0.31639999999999935
123,G85046,Clonazepam_Tab 500mcg,0408010F0AAABAB,1,0.31639999999999935
124,G85055,Clonazepam_Tab 500mcg,0408010F0AAABAB,4,0.31639999999999935
125,G85024,Clonazepam_Tab 500mcg,0408010F0AAABAB,1,0.31639999999999935
127,G85004,Clonazepam_Tab 500mcg,0408010F0AAABAB,1,0.31639999999999935
118,G85089,Clonazepam_Tab 500mcg,0408010F0AAABAB,1,0.31639999999999935
128,G85004,Clonazepam_Tab 500mcg,0408010F0AAABAB,2,0.31639999999999935
129,G85120,Clonazepam_Tab 500mcg,0408010F0AAABAB,4,0.31639999999999935
117,G85727,Clonazepam_Tab 500mcg,0408010F0AAABAB,1,0.31639999999999935
116,G85026,Clonazepam_Tab 500mcg,0408010F0AAABAB,1,0.31639999999999935
115,G85035,Clonazepam_Tab 500mcg,0408010F0AAABAB,1,0.31639999999999935
119,G85711,Clonazepam_Tab 500mcg,0408010F0AAABAB,1,0.31639999999999935
210,G85032,Amisulpride_Tab 400mg,0402010A0AAAEAE,1,0.2640000000000009
211,G85015,Amisulpride_Tab 400mg,0402010A0AAAEAE,1,0.2640000000000009
212,G85120,Amisulpride_Tab 400mg,0402010A0AAAEAE,4,0.263199999999999
217,G85024,Amisulpride_Tab 400mg,0402010A0AAAEAE,1,0.24080000000000146
216,G85696,Amisulpride_Tab 400mg,0402010A0AAAEAE,1,0.24080000000000146
214,G85114,Amisulpride_Tab 400mg,0402010A0AAAEAE,1,0.24080000000000146
213,G85036,Amisulpride_Tab 400mg,0402010A0AAAEAE,1,0.24080000000000146
215,G85004,Amisulpride_Tab 400mg,0402010A0AAAEAE,1,0.24080000000000146
234,G85055,Pyridox HCl_Tab 50mg,0906024N0AAAIAI,1,0.23940000000000006
130,G85057,Clonazepam_Tab 500mcg,0408010F0AAABAB,3,0.2372999999999995
131,G85076,Clonazepam_Tab 500mcg,0408010F0AAABAB,1,0.22199999999999998
132,G85696,Clonazepam_Tab 500mcg,0408010F0AAABAB,1,0.174
134,G85696,Clonazepam_Tab 500mcg,0408010F0AAABAB,1,0.15819999999999967
133,G85711,Clonazepam_Tab 500mcg,0408010F0AAABAB,1,0.15819999999999967
135,G85024,Clonazepam_Tab 500mcg,0408010F0AAABAB,1,0.15819999999999967
136,G85048,Clonazepam_Tab 500mcg,0408010F0AAABAB,1,0.15819999999999967
137,G85003,Clonazepam_Tab 500mcg,0408010F0AAABAB,1,0.15819999999999967
138,G85038,Clonazepam_Tab 500mcg,0408010F0AAABAB,2,0.12719999999999998
139,G85015,Clonazepam_Tab 500mcg,0408010F0AAABAB,1,0.11599999999999999
140,G85046,Clonazepam_Tab 500mcg,0408010F0AAABAB,1,0.11599999999999999
141,G85004,Clonazepam_Tab 500mcg,0408010F0AAABAB,1,0.09439999999999982
144,G85696,Clonazepam_Tab 500mcg,0408010F0AAABAB,1,0.07909999999999984
143,G85633,Clonazepam_Tab 500mcg,0408010F0AAABAB,1,0.07909999999999984
142,G85023,Clonazepam_Tab 500mcg,0408010F0AAABAB,1,0.07909999999999984
145,G85005,Clonazepam_Tab 500mcg,0408010F0AAABAB,1,0.07909999999999984
5,G85038,Mesalazine_Tab E/C 800mg,0105010B0AAASAS,1,0.008999999999999009
186,G85003,Buprenorphine_Tab Subling 400mcg S/F,0410030A0AAACAC,1,-0.0012999999999998568
161,G85024,Mesalazine_Tab E/C 400mg,0105010B0AAAAAA,1,-0.0029999999999996696
162,G85089,Mesalazine_Tab E/C 400mg,0105010B0AAAAAA,1,-0.011999999999998678
163,G85114,Mesalazine_Tab E/C 400mg,0105010B0AAAAAA,2,-0.023999999999997357
164,G85722,Mesalazine_Tab E/C 400mg,0105010B0AAAAAA,1,-17.112
6,G85038,Mesalazine_Tab E/C 800mg,0105010B0AAASAS,1,-18.441
165,G85696,Mesalazine_Tab E/C 400mg,0105010B0AAAAAA,1,-25.667999999999996
167,G85057,Mesalazine_Tab E/C 400mg,0105010B0AAAAAA,1,-25.667999999999996
166,G85727,Mesalazine_Tab E/C 400mg,0105010B0AAAAAA,1,-25.667999999999996
168,G85036,Mesalazine_Tab E/C 400mg,0105010B0AAAAAA,1,-28.519999999999996
169,G85114,Mesalazine_Tab E/C 400mg,0105010B0AAAAAA,1,-31.942399999999996
170,G85114,Mesalazine_Tab E/C 400mg,0105010B0AAAAAA,1,-51.33599999999999
171,G85026,Mesalazine_Tab E/C 400mg,0105010B0AAAAAA,1,-51.33599999999999
172,G85003,Mesalazine_Tab E/C 400mg,0105010B0AAAAAA,1,-85.55999999999999
