,practice_code,bnf_description,bnf_code,items,excess_cost
0,P87002,Amiodarone HCl_Tab 200mg,0203020D0AAABAB,18,3.3705000000000016
1,P87002,Clonazepam_Tab 500mcg,0408010F0AAABAB,13,8.197599999999984
2,P87002,Co-Codamol_Cap 8mg/500mg,0407010F0AAABAB,38,6.15680000000007
3,P87002,Gabapentin_Cap 300mg,0408010G0AAABAB,38,0.1056000000000033
4,P87002,Paracet_Tab 500mg,0407010H0AAAMAM,470,-0.20599999999999863
5,P87002,Topiramate_Tab 200mg,040801050AAACAC,1,4.647999999999998
6,P87003,Clonazepam_Tab 500mcg,0408010F0AAABAB,1,1.2655999999999974
7,P87003,Co-Codamol_Cap 8mg/500mg,0407010F0AAABAB,4,0.6400000000000072
8,P87003,Gabapentin_Cap 300mg,0408010G0AAABAB,19,0.048300000000001383
9,P87003,Paracet_Tab 500mg,0407010H0AAAMAM,46,-0.13159999999999922
10,P87004,Amiodarone HCl_Tab 200mg,0203020D0AAABAB,6,2.100000000000002
11,P87004,Clonazepam_Tab 500mcg,0408010F0AAABAB,5,0.3954999999999992
12,P87004,Co-Codamol_Cap 8mg/500mg,0407010F0AAABAB,10,1.9968000000000226
13,P87004,Gabapentin_Cap 300mg,0408010G0AAABAB,11,0.016300000000000855
14,P87004,Paracet_Tab 500mg,0407010H0AAAMAM,26,-0.015199999999999908
15,P87004,Risperidone_Tab 6mg,040201030AAAFAF,1,29.2096
16,P87008,Amiodarone HCl_Tab 200mg,0203020D0AAABAB,3,1.4847000000000012
17,P87008,Clonazepam_Tab 500mcg,0408010F0AAABAB,10,3.1639999999999935
18,P87008,Co-Codamol_Cap 8mg/500mg,0407010F0AAABAB,2,0.3200000000000036
19,P87008,Gabapentin_Cap 300mg,0408010G0AAABAB,40,0.059200000000003444
20,P87008,Mesalazine_Tab E/C 800mg,0105010B0AAASAS,1,34.43999999999999
21,P87008,Paracet_Tab 500mg,0407010H0AAAMAM,208,-0.7047999999999957
22,P87008,Paracet_Tab Solb 500mg,0407010H0AAAQAQ,4,-0.023999999999997357
23,P87008,Risperidone_Tab 6mg,040201030AAAFAF,1,29.2096
24,P87014,Clonazepam_Tab 500mcg,0408010F0AAABAB,1,0.31639999999999935
25,P87014,Co-Codamol_Cap 8mg/500mg,0407010F0AAABAB,8,0.8960000000000101
26,P87014,Gabapentin_Cap 300mg,0408010G0AAABAB,23,0.05560000000000159
27,P87014,Paracet_Tab 500mg,0407010H0AAAMAM,22,-0.07679999999999954
28,P87015,Amiodarone HCl_Tab 200mg,0203020D0AAABAB,1,0.3500000000000003
29,P87015,Clonazepam_Tab 500mcg,0408010F0AAABAB,9,1.1864999999999974
30,P87015,Gabapentin_Cap 300mg,0408010G0AAABAB,20,0.04790000000000215
31,P87015,Paracet_Tab 500mg,0407010H0AAAMAM,208,-1.7479999999999896
32,P87016,Amiodarone HCl_Tab 200mg,0203020D0AAABAB,9,4.200000000000004
33,P87016,Clonazepam_Tab 500mcg,0408010F0AAABAB,16,6.339299999999987
34,P87016,Co-Codamol_Cap 8mg/500mg,0407010F0AAABAB,8,1.2800000000000145
35,P87016,Gabapentin_Cap 300mg,0408010G0AAABAB,29,0.05240000000000215
36,P87016,Mesalazine_Tab E/C 800mg,0105010B0AAASAS,3,22.151999999999994
37,P87016,Paracet_Tab 500mg,0407010H0AAAMAM,34,0.1087999999999994
38,P87017,Amiodarone HCl_Tab 200mg,0203020D0AAABAB,9,2.0888000000000018
39,P87017,Clonazepam_Tab 500mcg,0408010F0AAABAB,10,4.954399999999989
40,P87017,Gabapentin_Cap 300mg,0408010G0AAABAB,19,0.03850000000000149
41,P87017,Paracet_Tab 500mg,0407010H0AAAMAM,204,-0.9063999999999944
42,P87019,Amiodarone HCl_Tab 200mg,0203020D0AAABAB,13,3.658200000000003
43,P87019,Clonazepam_Tab 500mcg,0408010F0AAABAB,30,8.678499999999982
44,P87019,Co-Codamol_Cap 8mg/500mg,0407010F0AAABAB,46,6.8012000000000725
45,P87019,Gabapentin_Cap 300mg,0408010G0AAABAB,101,0.06020000000000872
46,P87019,Paracet_Tab 500mg,0407010H0AAAMAM,170,0.5545999999999965
47,P87019,Topiramate_Tab 200mg,040801050AAACAC,9,5.191200000000002
48,P87020,Amiodarone HCl_Tab 200mg,0203020D0AAABAB,8,1.2082000000000006
49,P87020,Clonazepam_Tab 500mcg,0408010F0AAABAB,8,2.891999999999994
50,P87020,Co-Codamol_Cap 8mg/500mg,0407010F0AAABAB,2,0.3200000000000036
51,P87020,Gabapentin_Cap 300mg,0408010G0AAABAB,57,0.11200000000000399
52,P87020,Paracet_Tab 500mg,0407010H0AAAMAM,328,-7.205599999999988
53,P87022,Amiodarone HCl_Tab 200mg,0203020D0AAABAB,4,0.3388
54,P87022,Clonazepam_Tab 500mcg,0408010F0AAABAB,4,1.3446999999999973
55,P87022,Gabapentin_Cap 300mg,0408010G0AAABAB,6,-0.002799999999999303
56,P87022,Paracet_Tab 500mg,0407010H0AAAMAM,8,0.04799999999999971
57,P87024,Amiodarone HCl_Tab 200mg,0203020D0AAABAB,4,1.4000000000000012
58,P87024,Clonazepam_Tab 500mcg,0408010F0AAABAB,30,12.339599999999976
59,P87024,Co-Codamol_Cap 8mg/500mg,0407010F0AAABAB,32,3.9152000000000404
60,P87024,Gabapentin_Cap 300mg,0408010G0AAABAB,116,0.23030000000000878
61,P87024,Paracet_Tab 500mg,0407010H0AAAMAM,332,-1.3743999999999916
62,P87024,Topiramate_Tab 200mg,040801050AAACAC,1,2.3183999999999996
63,P87025,Amiodarone HCl_Tab 200mg,0203020D0AAABAB,6,2.100000000000002
64,P87025,Clonazepam_Tab 500mcg,0408010F0AAABAB,7,3.412599999999993
65,P87025,Co-Codamol_Cap 8mg/500mg,0407010F0AAABAB,14,2.5700000000000283
66,P87025,Gabapentin_Cap 300mg,0408010G0AAABAB,37,0.059100000000002983
67,P87025,Paracet_Tab 500mg,0407010H0AAAMAM,6,0.014399999999999913
68,P87026,Amiodarone HCl_Tab 200mg,0203020D0AAABAB,1,0.3500000000000003
69,P87026,Clonazepam_Tab 500mcg,0408010F0AAABAB,28,6.654799999999988
70,P87026,Co-Codamol_Cap 8mg/500mg,0407010F0AAABAB,108,6.8316000000000745
71,P87026,Gabapentin_Cap 300mg,0408010G0AAABAB,59,0.15470000000000295
72,P87026,Paracet_Tab 500mg,0407010H0AAAMAM,410,116.70160000000004
73,P87026,Paracet_Tab Solb 500mg,0407010H0AAAQAQ,10,67.53600000000002
74,P87026,Topiramate_Tab 200mg,040801050AAACAC,1,4.647999999999998
75,P87027,Amiodarone HCl_Tab 200mg,0203020D0AAABAB,17,1.9705000000000006
76,P87027,Clonazepam_Tab 500mcg,0408010F0AAABAB,14,6.2827999999999875
77,P87027,Co-Codamol_Cap 8mg/500mg,0407010F0AAABAB,16,2.410000000000026
78,P87027,Gabapentin_Cap 300mg,0408010G0AAABAB,54,0.1603000000000046
79,P87027,Paracet_Tab 500mg,0407010H0AAAMAM,340,1.831199999999989
80,P87028,Amiodarone HCl_Tab 200mg,0203020D0AAABAB,1,0.7000000000000006
81,P87028,Clonazepam_Tab 500mcg,0408010F0AAABAB,4,1.423799999999997
82,P87028,Co-Codamol_Cap 8mg/500mg,0407010F0AAABAB,2,0.10240000000000116
83,P87028,Gabapentin_Cap 300mg,0408010G0AAABAB,3,0.014800000000000424
84,P87028,Paracet_Tab 500mg,0407010H0AAAMAM,56,-0.08679999999999947
85,P87032,Clonazepam_Tab 500mcg,0408010F0AAABAB,2,1.468999999999997
86,P87032,Co-Codamol_Cap 8mg/500mg,0407010F0AAABAB,16,2.7648000000000312
87,P87032,Gabapentin_Cap 300mg,0408010G0AAABAB,19,0.048300000000001383
88,P87032,Mesalazine_Tab E/C 800mg,0105010B0AAASAS,1,36.89999999999999
89,P87032,Paracet_Tab 500mg,0407010H0AAAMAM,74,-0.4143999999999975
90,P87035,Amiodarone HCl_Tab 200mg,0203020D0AAABAB,6,1.0388000000000006
91,P87035,Clonazepam_Tab 500mcg,0408010F0AAABAB,6,1.3107999999999973
92,P87035,Gabapentin_Cap 300mg,0408010G0AAABAB,39,0.05970000000000318
93,P87035,Paracet_Tab 500mg,0407010H0AAAMAM,248,-3.0571999999999875
94,P87035,Paracet_Tab Solb 500mg,0407010H0AAAQAQ,2,-0.011999999999998678
95,P87035,Risperidone_Tab 6mg,040201030AAAFAF,4,29.232
96,P87036,Amiodarone HCl_Tab 200mg,0203020D0AAABAB,2,0.7000000000000006
97,P87036,Clonazepam_Tab 500mcg,0408010F0AAABAB,7,1.5817999999999968
98,P87036,Gabapentin_Cap 300mg,0408010G0AAABAB,3,0.0070000000000002005
99,P87036,Paracet_Tab 500mg,0407010H0AAAMAM,138,-1.4531999999999998
100,P87039,Amiodarone HCl_Tab 200mg,0203020D0AAABAB,2,0.7000000000000006
101,P87039,Clonazepam_Tab 500mcg,0408010F0AAABAB,4,0.7909999999999984
102,P87039,Gabapentin_Cap 300mg,0408010G0AAABAB,9,-0.030799999999998356
103,P87039,Paracet_Tab 500mg,0407010H0AAAMAM,64,-0.10879999999999934
104,P87039,Topiramate_Tab 200mg,040801050AAACAC,2,4.979999999999998
105,P87040,Amiodarone HCl_Tab 200mg,0203020D0AAABAB,13,2.162300000000001
106,P87040,Clonazepam_Tab 500mcg,0408010F0AAABAB,32,7.446699999999985
107,P87040,Co-Codamol_Cap 8mg/500mg,0407010F0AAABAB,8,1.0440000000000094
108,P87040,Gabapentin_Cap 300mg,0408010G0AAABAB,88,0.21140000000000672
109,P87040,Paracet_Tab 500mg,0407010H0AAAMAM,426,-6.45919999999999
110,P87610,Amiodarone HCl_Tab 200mg,0203020D0AAABAB,3,1.050000000000001
111,P87610,Clonazepam_Tab 500mcg,0408010F0AAABAB,6,3.1639999999999935
112,P87610,Co-Codamol_Cap 8mg/500mg,0407010F0AAABAB,2,0.19200000000000217
113,P87610,Gabapentin_Cap 300mg,0408010G0AAABAB,28,0.046800000000002895
114,P87610,Paracet_Tab 500mg,0407010H0AAAMAM,62,-0.17799999999999894
115,P87613,Amiodarone HCl_Tab 200mg,0203020D0AAABAB,4,2.100000000000002
116,P87613,Buprenorphine_Tab Subling 400mcg S/F,0410030A0AAACAC,1,1.5232
117,P87613,Clonazepam_Tab 500mcg,0408010F0AAABAB,8,1.423799999999997
118,P87613,Gabapentin_Cap 300mg,0408010G0AAABAB,18,0.0287000000000016
119,P87613,Paracet_Tab 500mg,0407010H0AAAMAM,52,-0.14199999999999913
120,P87618,Amiodarone HCl_Tab 200mg,0203020D0AAABAB,2,0.7000000000000006
121,P87618,Clonazepam_Tab 500mcg,0408010F0AAABAB,5,1.5819999999999967
122,P87618,Gabapentin_Cap 300mg,0408010G0AAABAB,12,0.026600000000000762
123,P87618,Paracet_Tab 500mg,0407010H0AAAMAM,18,0.047199999999999714
124,P87620,Amiodarone HCl_Tab 200mg,0203020D0AAABAB,5,0.4235
125,P87620,Clonazepam_Tab 500mcg,0408010F0AAABAB,6,1.525499999999997
126,P87620,Co-Codamol_Cap 8mg/500mg,0407010F0AAABAB,8,1.2544000000000142
127,P87620,Gabapentin_Cap 300mg,0408010G0AAABAB,49,2.2439000000000053
128,P87620,Paracet_Tab 500mg,0407010H0AAAMAM,410,-3.4771999999999794
129,P87620,Paracet_Tab Solb 500mg,0407010H0AAAQAQ,2,-0.011999999999998678
130,P87620,Topiramate_Tab 200mg,040801050AAACAC,2,4.979999999999998
131,P87624,Clonazepam_Tab 500mcg,0408010F0AAABAB,7,2.2599999999999953
132,P87624,Gabapentin_Cap 300mg,0408010G0AAABAB,7,0.022800000000000653
133,P87624,Paracet_Tab 500mg,0407010H0AAAMAM,38,-0.0991999999999994
134,P87625,Clonazepam_Tab 500mcg,0408010F0AAABAB,1,0.3389999999999993
135,P87625,Gabapentin_Cap 300mg,0408010G0AAABAB,13,0.02800000000000119
136,P87625,Paracet_Tab 500mg,0407010H0AAAMAM,54,0.05559999999999937
137,P87625,Topiramate_Tab 200mg,040801050AAACAC,4,4.2204
138,P87627,Clonazepam_Tab 500mcg,0408010F0AAABAB,2,1.898399999999996
139,P87627,Risperidone_Tab 6mg,040201030AAAFAF,1,29.2096
140,P87630,Amiodarone HCl_Tab 200mg,0203020D0AAABAB,1,0.3500000000000003
141,P87630,Clonazepam_Tab 500mcg,0408010F0AAABAB,5,0.6327999999999987
142,P87630,Gabapentin_Cap 300mg,0408010G0AAABAB,36,0.0774000000000026
143,P87630,Paracet_Tab 500mg,0407010H0AAAMAM,38,0.1483999999999991
144,P87634,Clonazepam_Tab 500mcg,0408010F0AAABAB,1,1.2655999999999974
145,P87634,Co-Codamol_Cap 8mg/500mg,0407010F0AAABAB,6,0.704000000000008
146,P87634,Gabapentin_Cap 300mg,0408010G0AAABAB,63,-0.004799999999996307
147,P87634,Mesalazine_Tab E/C 800mg,0105010B0AAASAS,1,-36.89999999999999
148,P87634,Paracet_Tab 500mg,0407010H0AAAMAM,142,-0.3447999999999988
149,P87634,Paracet_Tab Solb 500mg,0407010H0AAAQAQ,6,-0.035999999999996035
150,P87639,Clonazepam_Tab 500mcg,0408010F0AAABAB,2,1.898399999999996
151,P87639,Co-Codamol_Cap 8mg/500mg,0407010F0AAABAB,4,0.362000000000004
152,P87639,Gabapentin_Cap 300mg,0408010G0AAABAB,9,0.014000000000001178
153,P87639,Paracet_Tab 500mg,0407010H0AAAMAM,96,-3.495999999999994
154,P87648,Clonazepam_Tab 500mcg,0408010F0AAABAB,2,1.5819999999999967
155,P87648,Gabapentin_Cap 300mg,0408010G0AAABAB,4,0.00840000000000024
156,P87648,Paracet_Tab Solb 500mg,0407010H0AAAQAQ,2,-0.011999999999998678
157,P87649,Co-Codamol_Cap 8mg/500mg,0407010F0AAABAB,2,0.19200000000000217
158,P87649,Gabapentin_Cap 300mg,0408010G0AAABAB,2,-0.0027999999999996916
159,P87649,Paracet_Tab 500mg,0407010H0AAAMAM,32,-0.06159999999999963
160,P87651,Amiodarone HCl_Tab 200mg,0203020D0AAABAB,3,1.2292000000000005
161,P87651,Paracet_Tab 500mg,0407010H0AAAMAM,4,0.01799999999999989
162,P87652,Amiodarone HCl_Tab 200mg,0203020D0AAABAB,5,0.4235
163,P87652,Clonazepam_Tab 500mcg,0408010F0AAABAB,1,0.31639999999999935
164,P87652,Co-Codamol_Cap 8mg/500mg,0407010F0AAABAB,8,0.9216000000000104
165,P87652,Gabapentin_Cap 300mg,0408010G0AAABAB,33,0.09590000000000275
166,P87652,Paracet_Tab 500mg,0407010H0AAAMAM,148,-2.4407999999999994
167,P87654,Amiodarone HCl_Tab 200mg,0203020D0AAABAB,3,1.050000000000001
168,P87654,Buprenorphine_Tab Subling 400mcg S/F,0410030A0AAACAC,2,12.1856
169,P87654,Clonazepam_Tab 500mcg,0408010F0AAABAB,4,2.531199999999995
170,P87654,Co-Codamol_Cap 8mg/500mg,0407010F0AAABAB,12,1.2344000000000124
171,P87654,Gabapentin_Cap 300mg,0408010G0AAABAB,19,0.04470000000000206
172,P87654,Paracet_Tab 500mg,0407010H0AAAMAM,66,0.2551999999999985
173,P87654,Paracet_Tab Solb 500mg,0407010H0AAAQAQ,2,-0.011999999999998678
174,P87657,Clonazepam_Tab 500mcg,0408010F0AAABAB,6,1.2655999999999974
175,P87657,Co-Codamol_Cap 8mg/500mg,0407010F0AAABAB,14,1.9400000000000195
176,P87657,Gabapentin_Cap 300mg,0408010G0AAABAB,10,0.022100000000000633
177,P87657,Paracet_Tab 500mg,0407010H0AAAMAM,20,0.2836000000000001
178,P87658,Amiodarone HCl_Tab 200mg,0203020D0AAABAB,1,0.3500000000000003
179,P87658,Clonazepam_Tab 500mcg,0408010F0AAABAB,4,1.423799999999997
180,P87658,Gabapentin_Cap 300mg,0408010G0AAABAB,25,0.04410000000000126
181,P87658,Paracet_Tab 500mg,0407010H0AAAMAM,50,-0.18619999999999887
182,P87659,Amiodarone HCl_Tab 200mg,0203020D0AAABAB,12,2.0776000000000012
183,P87659,Clonazepam_Tab 500mcg,0408010F0AAABAB,5,6.644399999999986
184,P87659,Gabapentin_Cap 300mg,0408010G0AAABAB,21,0.025900000000002296
185,P87659,Paracet_Tab 500mg,0407010H0AAAMAM,182,-0.5743999999999972
186,P87660,Amiodarone HCl_Tab 200mg,0203020D0AAABAB,1,0.3500000000000003
187,P87660,Clonazepam_Tab 500mcg,0408010F0AAABAB,1,0.15819999999999967
188,P87660,Co-Codamol_Cap 8mg/500mg,0407010F0AAABAB,4,0.6400000000000072
189,P87660,Gabapentin_Cap 300mg,0408010G0AAABAB,36,0.07770000000000223
190,P87660,Paracet_Tab 500mg,0407010H0AAAMAM,46,0.12279999999999924
191,P87661,Amiodarone HCl_Tab 200mg,0203020D0AAABAB,4,0.6041000000000003
192,P87661,Gabapentin_Cap 300mg,0408010G0AAABAB,9,0.035000000000001
193,P87661,Paracet_Tab 500mg,0407010H0AAAMAM,34,0.1343999999999992
194,Y00203,Paracet_Tab 500mg,0407010H0AAAMAM,2,-0.011199999999999932
195,Y00445,Amiodarone HCl_Tab 200mg,0203020D0AAABAB,11,2.788800000000002
196,Y00445,Clonazepam_Tab 500mcg,0408010F0AAABAB,26,12.056799999999974
197,Y00445,Co-Codamol_Cap 8mg/500mg,0407010F0AAABAB,8,0.793600000000009
198,Y00445,Gabapentin_Cap 300mg,0408010G0AAABAB,65,0.10240000000000554
199,Y00445,Paracet_Tab 500mg,0407010H0AAAMAM,166,-0.6211999999999963
200,Y00445,Paracet_Tab Solb 500mg,0407010H0AAAQAQ,2,-0.011999999999998678
201,Y00445,Topiramate_Tab 200mg,040801050AAACAC,1,2.489999999999999
202,Y02071,Amiodarone HCl_Tab 200mg,0203020D0AAABAB,10,0.847
203,Y02071,Clonazepam_Tab 500mcg,0408010F0AAABAB,4,0.16959999999999997
204,Y02071,Gabapentin_Cap 300mg,0408010G0AAABAB,27,0.04340000000000124
205,Y02071,Mesalazine_Tab E/C 800mg,0105010B0AAASAS,4,22.959999999999994
206,Y02071,Paracet_Tab 500mg,0407010H0AAAMAM,226,-1.0667999999999935
207,Y02622,Clonazepam_Tab 500mcg,0408010F0AAABAB,1,2.2599999999999953
208,Y02622,Gabapentin_Cap 300mg,0408010G0AAABAB,7,0.021400000000001
209,Y02625,Amiodarone HCl_Tab 200mg,0203020D0AAABAB,3,1.050000000000001
210,Y02625,Clonazepam_Tab 500mcg,0408010F0AAABAB,10,3.3221999999999934
211,Y02625,Co-Codamol_Cap 8mg/500mg,0407010F0AAABAB,4,0.6400000000000072
212,Y02625,Gabapentin_Cap 300mg,0408010G0AAABAB,13,-0.038399999999997825
213,Y02625,Paracet_Tab 500mg,0407010H0AAAMAM,82,-0.16659999999999897
214,Y02630,Buprenorphine_Tab Subling 400mcg S/F,0410030A0AAACAC,26,14.760000000000003
215,Y02767,Amiodarone HCl_Tab 200mg,0203020D0AAABAB,2,0.7000000000000006
216,Y02767,Clonazepam_Tab 500mcg,0408010F0AAABAB,8,1.898399999999996
217,Y02767,Co-Codamol_Cap 8mg/500mg,0407010F0AAABAB,6,0.9600000000000108
218,Y02767,Gabapentin_Cap 300mg,0408010G0AAABAB,31,0.07880000000000226
219,Y02767,Mesalazine_Tab E/C 800mg,0105010B0AAASAS,2,-18.432
220,Y02767,Paracet_Tab 500mg,0407010H0AAAMAM,52,-0.20079999999999879
221,Y03789,Gabapentin_Cap 300mg,0408010G0AAABAB,1,36.84
222,Y03789,Paracet_Tab 500mg,0407010H0AAAMAM,2,-0.011199999999999932
223,Y05866,Paracet_Tab 500mg,0407010H0AAAMAM,2,0.005999999999999964
