,practice_code,bnf_description,bnf_code,items,excess_cost
0,C82040,Carbimazole_Tab 5mg,0602020D0AAAAAA,3,-0.008399999999999075
1,C82040,Losartan Pot_Tab 100mg,0205052N0AAADAD,4,0.02240000000000006
2,C82040,Paracet_Tab 500mg,0407010H0AAAMAM,98,3.112000000000001
3,C84005,Carbimazole_Tab 5mg,0602020D0AAAAAA,10,-0.03779999999999584
4,C84005,Losartan Pot_Tab 100mg,0205052N0AAADAD,8,0.04480000000000012
5,C84005,Paracet_Tab 500mg,0407010H0AAAMAM,308,50.93400000000001
6,C84005,Prednisolone_Tab Solb 5mg,0603020T0AABHBH,2,-0.009599999999999831
7,C84017,Anastrozole_Tab 1mg,0803041B0AAAAAA,40,61.5076
8,C84017,Aripiprazole_Tab 5mg,0402010ADAAADAD,4,86.193
9,C84017,Atorvastatin_Tab 20mg,0212000B0AAABAB,711,45.78840000000007
10,C84017,Betahistine HCl_Tab 16mg,0406000B0AAABAB,21,8.3328
11,C84017,Carbimazole_Tab 5mg,0602020D0AAAAAA,20,-0.06579999999999275
12,C84017,Losartan Pot_Tab 100mg,0205052N0AAADAD,150,44.520000000000024
13,C84017,Paracet_Tab 500mg,0407010H0AAAMAM,702,20.648800000000133
14,C84017,Prednisolone_Tab Solb 5mg,0603020T0AABHBH,6,-0.023199999999997445
15,C84025,Anastrozole_Tab 1mg,0803041B0AAAAAA,21,61.504799999999996
16,C84025,Atorvastatin_Tab 20mg,0212000B0AAABAB,250,22.40000000000001
17,C84025,Paracet_Tab 500mg,0407010H0AAAMAM,22,-0.0327999999999998
18,C84028,Atorvastatin_Tab 40mg,0212000B0AAACAC,1,0.006000000000000172
19,C84028,Betahistine HCl_Tab 16mg,0406000B0AAABAB,8,112.672
20,C84028,Carbimazole_Tab 5mg,0602020D0AAAAAA,7,-0.01679999999999815
21,C84028,Esomeprazole_Tab E/C 40mg,0103050E0AAABAB,1,87.9536
22,C84028,Paracet_Tab 500mg,0407010H0AAAMAM,292,150.92960000000005
23,C84048,Atorvastatin_Tab 20mg,0212000B0AAABAB,246,22.73040000000003
24,C84048,Carbimazole_Tab 5mg,0602020D0AAAAAA,2,-0.005599999999999383
25,C84048,Paracet_Tab 500mg,0407010H0AAAMAM,6,0.006799999999999959
26,C84048,Prednisolone_Tab Solb 5mg,0603020T0AABHBH,3,-0.013199999999998546
27,C84084,Atorvastatin_Tab 40mg,0212000B0AAACAC,1,-0.004000000000000045
28,C84084,Betahistine HCl_Tab 16mg,0406000B0AAABAB,5,-3.444
29,C84084,Carbimazole_Tab 5mg,0602020D0AAAAAA,7,-0.01959999999999784
30,C84084,Paracet_Tab 500mg,0407010H0AAAMAM,134,22.16480000000006
31,C84084,Prednisolone_Tab Solb 5mg,0603020T0AABHBH,3,3.2587999999999986
32,C84086,Carbimazole_Tab 5mg,0602020D0AAAAAA,6,11.922400000000009
33,C84086,Paracet_Tab 500mg,0407010H0AAAMAM,478,35.66719999999995
34,C84086,Prednisolone_Tab Solb 5mg,0603020T0AABHBH,1,-0.004799999999999471
35,C84090,Aripiprazole_Tab 5mg,0402010ADAAADAD,1,0.004199999999999926
36,C84090,Paracet_Tab 500mg,0407010H0AAAMAM,2,0.011199999999999932
37,C84090,Prednisolone_Tab Solb 5mg,0603020T0AABHBH,2,-0.0006999999999999229
38,C84605,Aripiprazole_Tab 5mg,0402010ADAAADAD,1,0.0041999999999995374
39,C84605,Atorvastatin_Tab 20mg,0212000B0AAABAB,366,45.091200000000015
40,C84605,Atorvastatin_Tab 40mg,0212000B0AAACAC,174,68.02320000000002
41,C84605,Carbimazole_Tab 5mg,0602020D0AAAAAA,20,63.0908
42,C84605,Losartan Pot_Tab 100mg,0205052N0AAADAD,120,26.54399999999999
43,C84605,Paracet_Tab 500mg,0407010H0AAAMAM,580,183.94800000000004
44,C84605,Prednisolone_Tab Solb 5mg,0603020T0AABHBH,5,191.84570000000002
45,C84621,Aripiprazole_Tab 5mg,0402010ADAAADAD,2,0.003799999999999526
46,C84621,Atorvastatin_Tab 20mg,0212000B0AAABAB,1,-0.0013999999999999985
47,C84621,Carbimazole_Tab 5mg,0602020D0AAAAAA,2,-0.005599999999999383
48,C84621,Paracet_Tab 500mg,0407010H0AAAMAM,114,36.00480000000003
49,C84621,Prednisolone_Tab Solb 5mg,0603020T0AABHBH,2,-0.007599999999999163
50,C84703,Aripiprazole_Tab 5mg,0402010ADAAADAD,1,0.0041999999999995374
51,C84703,Atorvastatin_Tab 40mg,0212000B0AAACAC,1,-0.0014999999999999389
52,C84703,Paracet_Tab 500mg,0407010H0AAAMAM,90,1.7216000000000091
