,practice_code,bnf_description,bnf_code,items,excess_cost
14,H85020,Olanzapine_Tab 10mg,040201060AAACAC,5,144.70399999999998
0,H85656,Mesalazine_Tab E/C 400mg,0105010B0AAAAAA,1,143.74079999999998
11,H85070,Risperidone_Tab 6mg,040201030AAAFAF,1,116.8384
101,H85090,Mesalazine_Tab E/C 800mg,0105010B0AAASAS,1,73.79999999999998
16,H85020,Olanzapine_Tab 5mg,040201060AAAAAA,6,73.11359999999999
1,H85051,Mesalazine_Tab E/C 400mg,0105010B0AAAAAA,1,47.913599999999995
103,H85038,Mesalazine_Tab E/C 800mg,0105010B0AAASAS,1,36.89999999999999
102,H85020,Mesalazine_Tab E/C 800mg,0105010B0AAASAS,1,36.89999999999999
2,H85038,Mesalazine_Tab E/C 400mg,0105010B0AAAAAA,1,31.942399999999996
13,H85110,Risperidone_Tab 6mg,040201030AAAFAF,1,29.2096
12,H85029,Risperidone_Tab 6mg,040201030AAAFAF,1,29.2096
3,H85028,Mesalazine_Tab E/C 400mg,0105010B0AAAAAA,1,23.956799999999998
4,H85051,Mesalazine_Tab E/C 400mg,0105010B0AAAAAA,1,23.956799999999998
104,H85026,Mesalazine_Tab E/C 800mg,0105010B0AAASAS,1,22.959999999999994
105,H85028,Mesalazine_Tab E/C 800mg,0105010B0AAASAS,1,18.449999999999996
5,H85020,Mesalazine_Tab E/C 400mg,0105010B0AAAAAA,1,11.978399999999999
106,H85076,Mesalazine_Tab E/C 800mg,0105010B0AAASAS,4,11.479999999999997
6,H85035,Mesalazine_Tab E/C 400mg,0105010B0AAAAAA,4,8.0024
107,H85028,Mesalazine_Tab E/C 800mg,0105010B0AAASAS,4,5.7596
19,H85027,Clonazepam_Tab 500mcg,0408010F0AAABAB,1,3.435199999999993
142,H85038,Atorvastatin_Tab 60mg,0212000B0AAAPAP,3,3.3264000000000067
20,H85038,Clonazepam_Tab 500mcg,0408010F0AAABAB,5,3.1639999999999935
112,H85027,Amiodarone HCl_Tab 200mg,0203020D0AAABAB,3,3.150000000000003
151,H85027,Pyridox HCl_Tab 50mg,0906024N0AAAIAI,1,2.8728000000000007
21,H85020,Clonazepam_Tab 500mcg,0408010F0AAABAB,4,2.531199999999995
22,H85020,Clonazepam_Tab 500mcg,0408010F0AAABAB,1,2.531199999999995
23,H85020,Clonazepam_Tab 500mcg,0408010F0AAABAB,16,2.531199999999995
146,H85033,Atorvastatin_Tab 60mg,0212000B0AAAPAP,1,2.2176000000000045
147,H85112,Atorvastatin_Tab 60mg,0212000B0AAAPAP,1,2.2176000000000045
144,H85649,Atorvastatin_Tab 60mg,0212000B0AAAPAP,1,2.2176000000000045
143,H85101,Atorvastatin_Tab 60mg,0212000B0AAAPAP,1,2.2176000000000045
145,H85026,Atorvastatin_Tab 60mg,0212000B0AAAPAP,1,2.2176000000000045
148,H85035,Atorvastatin_Tab 60mg,0212000B0AAAPAP,1,2.2176000000000045
149,H85070,Atorvastatin_Tab 60mg,0212000B0AAAPAP,1,2.2176000000000045
113,H85076,Amiodarone HCl_Tab 200mg,0203020D0AAABAB,3,2.100000000000002
27,H85027,Clonazepam_Tab 500mcg,0408010F0AAABAB,2,1.898399999999996
24,H85101,Clonazepam_Tab 500mcg,0408010F0AAABAB,12,1.898399999999996
25,H85020,Clonazepam_Tab 500mcg,0408010F0AAABAB,6,1.898399999999996
26,H85033,Clonazepam_Tab 500mcg,0408010F0AAABAB,8,1.898399999999996
114,H85020,Amiodarone HCl_Tab 200mg,0203020D0AAABAB,5,1.7500000000000016
28,H85051,Clonazepam_Tab 500mcg,0408010F0AAABAB,5,1.5819999999999967
152,H85037,Pyridox HCl_Tab 50mg,0906024N0AAAIAI,1,1.4364000000000003
116,H85020,Amiodarone HCl_Tab 200mg,0203020D0AAABAB,2,1.4000000000000012
118,H85026,Amiodarone HCl_Tab 200mg,0203020D0AAABAB,2,1.4000000000000012
117,H85051,Amiodarone HCl_Tab 200mg,0203020D0AAABAB,2,1.4000000000000012
115,H85033,Amiodarone HCl_Tab 200mg,0203020D0AAABAB,2,1.4000000000000012
119,H85033,Amiodarone HCl_Tab 200mg,0203020D0AAABAB,16,1.3552
32,H85649,Clonazepam_Tab 500mcg,0408010F0AAABAB,2,1.2655999999999974
31,H85110,Clonazepam_Tab 500mcg,0408010F0AAABAB,2,1.2655999999999974
29,H85076,Clonazepam_Tab 500mcg,0408010F0AAABAB,1,1.2655999999999974
38,H85033,Clonazepam_Tab 500mcg,0408010F0AAABAB,2,1.2655999999999974
37,H85033,Clonazepam_Tab 500mcg,0408010F0AAABAB,8,1.2655999999999974
36,H85037,Clonazepam_Tab 500mcg,0408010F0AAABAB,1,1.2655999999999974
35,H85037,Clonazepam_Tab 500mcg,0408010F0AAABAB,8,1.2655999999999974
34,H85029,Clonazepam_Tab 500mcg,0408010F0AAABAB,2,1.2655999999999974
33,H85090,Clonazepam_Tab 500mcg,0408010F0AAABAB,2,1.2655999999999974
30,H85051,Clonazepam_Tab 500mcg,0408010F0AAABAB,2,1.2655999999999974
39,H85101,Clonazepam_Tab 500mcg,0408010F0AAABAB,5,1.1864999999999974
41,H85037,Clonazepam_Tab 500mcg,0408010F0AAABAB,1,1.1299999999999977
40,H85649,Clonazepam_Tab 500mcg,0408010F0AAABAB,1,1.1299999999999977
150,H85035,Atorvastatin_Tab 60mg,0212000B0AAAPAP,4,1.1088000000000022
121,H85110,Amiodarone HCl_Tab 200mg,0203020D0AAABAB,3,1.050000000000001
120,H85038,Amiodarone HCl_Tab 200mg,0203020D0AAABAB,3,1.050000000000001
42,H85076,Clonazepam_Tab 500mcg,0408010F0AAABAB,1,1.016999999999998
153,H85051,Pyridox HCl_Tab 50mg,0906024N0AAAIAI,1,0.9576000000000002
154,H85092,Pyridox HCl_Tab 50mg,0906024N0AAAIAI,8,0.9576000000000002
155,H85035,Pyridox HCl_Tab 50mg,0906024N0AAAIAI,1,0.9576000000000002
156,H85051,Pyridox HCl_Tab 50mg,0906024N0AAAIAI,4,0.9576000000000002
48,H85035,Clonazepam_Tab 500mcg,0408010F0AAABAB,3,0.949199999999998
50,H85038,Clonazepam_Tab 500mcg,0408010F0AAABAB,1,0.949199999999998
49,H85092,Clonazepam_Tab 500mcg,0408010F0AAABAB,1,0.949199999999998
47,H85024,Clonazepam_Tab 500mcg,0408010F0AAABAB,3,0.949199999999998
46,H85051,Clonazepam_Tab 500mcg,0408010F0AAABAB,1,0.949199999999998
45,H85033,Clonazepam_Tab 500mcg,0408010F0AAABAB,1,0.949199999999998
44,H85656,Clonazepam_Tab 500mcg,0408010F0AAABAB,1,0.949199999999998
43,H85038,Clonazepam_Tab 500mcg,0408010F0AAABAB,3,0.949199999999998
124,H85024,Amiodarone HCl_Tab 200mg,0203020D0AAABAB,1,0.7000000000000006
123,H85112,Amiodarone HCl_Tab 200mg,0203020D0AAABAB,1,0.7000000000000006
122,H85027,Amiodarone HCl_Tab 200mg,0203020D0AAABAB,1,0.7000000000000006
126,H85028,Amiodarone HCl_Tab 200mg,0203020D0AAABAB,2,0.7000000000000006
125,H85029,Amiodarone HCl_Tab 200mg,0203020D0AAABAB,1,0.7000000000000006
128,H85101,Amiodarone HCl_Tab 200mg,0203020D0AAABAB,1,0.7000000000000006
127,H85029,Amiodarone HCl_Tab 200mg,0203020D0AAABAB,2,0.7000000000000006
52,H85110,Clonazepam_Tab 500mcg,0408010F0AAABAB,1,0.6779999999999986
51,H85026,Clonazepam_Tab 500mcg,0408010F0AAABAB,1,0.6779999999999986
53,H85024,Clonazepam_Tab 500mcg,0408010F0AAABAB,2,0.6779999999999986
54,H85020,Clonazepam_Tab 500mcg,0408010F0AAABAB,2,0.6779999999999986
55,H85092,Clonazepam_Tab 500mcg,0408010F0AAABAB,1,0.6779999999999986
56,H85051,Clonazepam_Tab 500mcg,0408010F0AAABAB,2,0.6779999999999986
57,H85038,Clonazepam_Tab 500mcg,0408010F0AAABAB,1,0.6779999999999986
58,H85656,Clonazepam_Tab 500mcg,0408010F0AAABAB,1,0.6779999999999986
129,H85035,Amiodarone HCl_Tab 200mg,0203020D0AAABAB,8,0.6776
162,H85020,Aspirin Disper_Tab 75mg,0209000A0AAABAB,233,0.6523999999999961
163,H85020,Aspirin Disper_Tab 75mg,0209000A0AAABAB,233,0.6523999999999961
60,H85026,Clonazepam_Tab 500mcg,0408010F0AAABAB,1,0.6327999999999987
61,H85090,Clonazepam_Tab 500mcg,0408010F0AAABAB,2,0.6327999999999987
62,H85028,Clonazepam_Tab 500mcg,0408010F0AAABAB,1,0.6327999999999987
63,H85037,Clonazepam_Tab 500mcg,0408010F0AAABAB,2,0.6327999999999987
64,H85110,Clonazepam_Tab 500mcg,0408010F0AAABAB,2,0.6327999999999987
65,H85101,Clonazepam_Tab 500mcg,0408010F0AAABAB,1,0.6327999999999987
66,H85656,Clonazepam_Tab 500mcg,0408010F0AAABAB,4,0.6327999999999987
67,H85020,Clonazepam_Tab 500mcg,0408010F0AAABAB,8,0.6327999999999987
68,H85656,Clonazepam_Tab 500mcg,0408010F0AAABAB,2,0.6327999999999987
59,H85070,Clonazepam_Tab 500mcg,0408010F0AAABAB,1,0.6327999999999987
130,Y04108,Amiodarone HCl_Tab 200mg,0203020D0AAABAB,1,0.6125000000000005
69,H85028,Clonazepam_Tab 500mcg,0408010F0AAABAB,1,0.5699999999999983
70,H85101,Clonazepam_Tab 500mcg,0408010F0AAABAB,7,0.5536999999999989
71,H85028,Clonazepam_Tab 500mcg,0408010F0AAABAB,1,0.4901999999999985
72,H85020,Clonazepam_Tab 500mcg,0408010F0AAABAB,4,0.48839999999999995
158,H85028,Pyridox HCl_Tab 50mg,0906024N0AAAIAI,1,0.4788000000000001
157,H85037,Pyridox HCl_Tab 50mg,0906024N0AAAIAI,4,0.4788000000000001
161,H85020,Pyridox HCl_Tab 50mg,0906024N0AAAIAI,1,0.4788000000000001
159,H85101,Pyridox HCl_Tab 50mg,0906024N0AAAIAI,1,0.4788000000000001
160,H85038,Pyridox HCl_Tab 50mg,0906024N0AAAIAI,1,0.4788000000000001
73,H85112,Clonazepam_Tab 500mcg,0408010F0AAABAB,1,0.474599999999999
78,H85028,Clonazepam_Tab 500mcg,0408010F0AAABAB,1,0.474599999999999
77,H85038,Clonazepam_Tab 500mcg,0408010F0AAABAB,1,0.474599999999999
76,H85051,Clonazepam_Tab 500mcg,0408010F0AAABAB,2,0.474599999999999
75,H85649,Clonazepam_Tab 500mcg,0408010F0AAABAB,3,0.474599999999999
74,H85035,Clonazepam_Tab 500mcg,0408010F0AAABAB,1,0.474599999999999
131,H85101,Amiodarone HCl_Tab 200mg,0203020D0AAABAB,5,0.4235
79,H85028,Clonazepam_Tab 500mcg,0408010F0AAABAB,1,0.41039999999999877
165,H85024,Aspirin Disper_Tab 75mg,0209000A0AAABAB,140,0.39199999999999763
164,H85024,Aspirin Disper_Tab 75mg,0209000A0AAABAB,140,0.39199999999999763
166,H85033,Aspirin Disper_Tab 75mg,0209000A0AAABAB,138,0.38639999999999763
167,H85033,Aspirin Disper_Tab 75mg,0209000A0AAABAB,138,0.38639999999999763
168,H85649,Aspirin Disper_Tab 75mg,0209000A0AAABAB,126,0.3527999999999979
169,H85649,Aspirin Disper_Tab 75mg,0209000A0AAABAB,126,0.3527999999999979
132,H85027,Amiodarone HCl_Tab 200mg,0203020D0AAABAB,1,0.3500000000000003
135,H85070,Amiodarone HCl_Tab 200mg,0203020D0AAABAB,1,0.3500000000000003
134,H85051,Amiodarone HCl_Tab 200mg,0203020D0AAABAB,1,0.3500000000000003
133,H85649,Amiodarone HCl_Tab 200mg,0203020D0AAABAB,1,0.3500000000000003
82,H85090,Clonazepam_Tab 500mcg,0408010F0AAABAB,1,0.3389999999999993
81,H85634,Clonazepam_Tab 500mcg,0408010F0AAABAB,1,0.3389999999999993
80,H85037,Clonazepam_Tab 500mcg,0408010F0AAABAB,1,0.3389999999999993
139,H85076,Amiodarone HCl_Tab 200mg,0203020D0AAABAB,4,0.3388
136,H85020,Amiodarone HCl_Tab 200mg,0203020D0AAABAB,4,0.3388
137,H85634,Amiodarone HCl_Tab 200mg,0203020D0AAABAB,4,0.3388
138,H85649,Amiodarone HCl_Tab 200mg,0203020D0AAABAB,4,0.3388
88,H85029,Clonazepam_Tab 500mcg,0408010F0AAABAB,4,0.31639999999999935
87,H85037,Clonazepam_Tab 500mcg,0408010F0AAABAB,4,0.31639999999999935
85,H85634,Clonazepam_Tab 500mcg,0408010F0AAABAB,1,0.31639999999999935
90,H85024,Clonazepam_Tab 500mcg,0408010F0AAABAB,4,0.31639999999999935
91,H85028,Clonazepam_Tab 500mcg,0408010F0AAABAB,1,0.31639999999999935
92,H85078,Clonazepam_Tab 500mcg,0408010F0AAABAB,1,0.31639999999999935
93,H85090,Clonazepam_Tab 500mcg,0408010F0AAABAB,4,0.31639999999999935
94,H85649,Clonazepam_Tab 500mcg,0408010F0AAABAB,1,0.31639999999999935
95,H85035,Clonazepam_Tab 500mcg,0408010F0AAABAB,4,0.31639999999999935
84,H85027,Clonazepam_Tab 500mcg,0408010F0AAABAB,1,0.31639999999999935
86,H85026,Clonazepam_Tab 500mcg,0408010F0AAABAB,4,0.31639999999999935
83,H85076,Clonazepam_Tab 500mcg,0408010F0AAABAB,1,0.31639999999999935
89,H85656,Clonazepam_Tab 500mcg,0408010F0AAABAB,4,0.31639999999999935
170,H85029,Aspirin Disper_Tab 75mg,0209000A0AAABAB,113,0.31639999999999807
171,H85029,Aspirin Disper_Tab 75mg,0209000A0AAABAB,113,0.31639999999999807
172,H85076,Aspirin Disper_Tab 75mg,0209000A0AAABAB,108,0.30239999999999817
173,H85076,Aspirin Disper_Tab 75mg,0209000A0AAABAB,108,0.30239999999999817
174,H85037,Aspirin Disper_Tab 75mg,0209000A0AAABAB,105,0.2939999999999982
175,H85037,Aspirin Disper_Tab 75mg,0209000A0AAABAB,105,0.2939999999999982
140,H85037,Amiodarone HCl_Tab 200mg,0203020D0AAABAB,4,0.25400000000000034
177,H85070,Aspirin Disper_Tab 75mg,0209000A0AAABAB,88,0.2463999999999985
176,H85070,Aspirin Disper_Tab 75mg,0209000A0AAABAB,88,0.2463999999999985
178,H85092,Aspirin Disper_Tab 75mg,0209000A0AAABAB,85,0.23799999999999855
179,H85092,Aspirin Disper_Tab 75mg,0209000A0AAABAB,85,0.23799999999999855
181,H85101,Aspirin Disper_Tab 75mg,0209000A0AAABAB,84,0.23519999999999858
180,H85101,Aspirin Disper_Tab 75mg,0209000A0AAABAB,84,0.23519999999999858
182,H85110,Aspirin Disper_Tab 75mg,0209000A0AAABAB,83,0.2323999999999986
183,H85110,Aspirin Disper_Tab 75mg,0209000A0AAABAB,83,0.2323999999999986
184,H85090,Aspirin Disper_Tab 75mg,0209000A0AAABAB,79,0.22119999999999868
185,H85090,Aspirin Disper_Tab 75mg,0209000A0AAABAB,79,0.22119999999999868
187,H85051,Aspirin Disper_Tab 75mg,0209000A0AAABAB,74,0.20719999999999875
186,H85051,Aspirin Disper_Tab 75mg,0209000A0AAABAB,74,0.20719999999999875
141,H85029,Amiodarone HCl_Tab 200mg,0203020D0AAABAB,1,0.17920000000000008
189,H85656,Aspirin Disper_Tab 75mg,0209000A0AAABAB,64,0.17919999999999892
188,H85656,Aspirin Disper_Tab 75mg,0209000A0AAABAB,64,0.17919999999999892
97,H85024,Clonazepam_Tab 500mcg,0408010F0AAABAB,1,0.174
96,H85110,Clonazepam_Tab 500mcg,0408010F0AAABAB,1,0.174
98,H85020,Clonazepam_Tab 500mcg,0408010F0AAABAB,4,0.16959999999999997
99,H85028,Clonazepam_Tab 500mcg,0408010F0AAABAB,4,0.16959999999999997
100,H85051,Clonazepam_Tab 500mcg,0408010F0AAABAB,1,0.15819999999999967
190,H85026,Aspirin Disper_Tab 75mg,0209000A0AAABAB,48,0.1343999999999992
191,H85026,Aspirin Disper_Tab 75mg,0209000A0AAABAB,48,0.1343999999999992
193,H85028,Aspirin Disper_Tab 75mg,0209000A0AAABAB,32,0.08959999999999946
192,H85028,Aspirin Disper_Tab 75mg,0209000A0AAABAB,32,0.08959999999999946
195,H85035,Aspirin Disper_Tab 75mg,0209000A0AAABAB,31,0.08679999999999947
194,H85035,Aspirin Disper_Tab 75mg,0209000A0AAABAB,31,0.08679999999999947
197,H85038,Aspirin Disper_Tab 75mg,0209000A0AAABAB,22,0.06159999999999963
196,H85038,Aspirin Disper_Tab 75mg,0209000A0AAABAB,22,0.06159999999999963
198,H85078,Aspirin Disper_Tab 75mg,0209000A0AAABAB,19,0.05319999999999968
199,H85078,Aspirin Disper_Tab 75mg,0209000A0AAABAB,19,0.05319999999999968
201,H85634,Aspirin Disper_Tab 75mg,0209000A0AAABAB,16,0.04479999999999973
200,H85634,Aspirin Disper_Tab 75mg,0209000A0AAABAB,16,0.04479999999999973
203,H85029,Aspirin Disper_Tab 75mg,0209000A0AAABAB,6,0.0335999999999998
202,H85029,Aspirin Disper_Tab 75mg,0209000A0AAABAB,6,0.0335999999999998
204,H85656,Aspirin Disper_Tab 75mg,0209000A0AAABAB,4,0.022399999999999864
205,H85656,Aspirin Disper_Tab 75mg,0209000A0AAABAB,4,0.022399999999999864
108,H85028,Mesalazine_Tab E/C 800mg,0105010B0AAASAS,4,0.01960000000000095
109,H85037,Mesalazine_Tab E/C 800mg,0105010B0AAASAS,2,0.017999999999998018
7,H85035,Mesalazine_Tab E/C 400mg,0105010B0AAAAAA,4,0.01680000000000126
207,H85033,Aspirin Disper_Tab 75mg,0209000A0AAABAB,2,0.011199999999999932
206,H85033,Aspirin Disper_Tab 75mg,0209000A0AAABAB,2,0.011199999999999932
208,H85070,Aspirin Disper_Tab 75mg,0209000A0AAABAB,1,0.007499999999999955
209,H85070,Aspirin Disper_Tab 75mg,0209000A0AAABAB,1,0.007499999999999955
17,H85112,Olanzapine_Tab 5mg,040201060AAAAAA,1,0.005999999999999339
210,H85028,Aspirin Disper_Tab 75mg,0209000A0AAABAB,1,0.005599999999999966
211,H85028,Aspirin Disper_Tab 75mg,0209000A0AAABAB,1,0.005599999999999966
213,H85020,Aspirin Disper_Tab 75mg,0209000A0AAABAB,1,0.002999999999999982
212,H85020,Aspirin Disper_Tab 75mg,0209000A0AAABAB,1,0.002999999999999982
215,H85026,Aspirin Disper_Tab 75mg,0209000A0AAABAB,1,-0.0015999999999999903
214,H85026,Aspirin Disper_Tab 75mg,0209000A0AAABAB,1,-0.0015999999999999903
216,H85024,Aspirin Disper_Tab 75mg,0209000A0AAABAB,1,-0.0020999999999999873
217,H85024,Aspirin Disper_Tab 75mg,0209000A0AAABAB,1,-0.0020999999999999873
15,H85028,Olanzapine_Tab 10mg,040201060AAACAC,1,-0.003000000000001335
18,H85020,Olanzapine_Tab 5mg,040201060AAAAAA,28,-0.03360000000000096
8,H85110,Mesalazine_Tab E/C 400mg,0105010B0AAAAAA,1,-17.112
9,H85076,Mesalazine_Tab E/C 400mg,0105010B0AAAAAA,1,-23.956799999999998
110,H85037,Mesalazine_Tab E/C 800mg,0105010B0AAASAS,2,-36.882
10,H85070,Mesalazine_Tab E/C 400mg,0105010B0AAAAAA,1,-51.33599999999999
111,H85051,Mesalazine_Tab E/C 800mg,0105010B0AAASAS,1,-103.31999999999998
