,practice_code,bnf_description,bnf_code,items,excess_cost
0,P86001,Amiodarone HCl_Tab 200mg,0203020D0AAABAB,1,0.3500000000000003
1,P86001,Clonazepam_Tab 500mcg,0408010F0AAABAB,5,3.5255999999999927
2,P86001,Methocarbamol_Tab 750mg,1002020S0AAABAB,2,0.8599999999999997
3,P86001,Tetrabenazine_Tab 25mg,0409030C0AAAAAA,1,4.997999999999994
4,P86002,Clonazepam_Tab 500mcg,0408010F0AAABAB,6,2.0351999999999957
5,P86002,Methocarbamol_Tab 750mg,1002020S0AAABAB,4,2.2960000000000003
6,P86003,Amiodarone HCl_Tab 200mg,0203020D0AAABAB,5,2.8000000000000025
7,P86003,Clonazepam_Tab 500mcg,0408010F0AAABAB,15,11.598799999999976
8,P86003,Methocarbamol_Tab 750mg,1002020S0AAABAB,15,3.033000000000004
9,P86003,Pyridox HCl_Tab 50mg,0906024N0AAAIAI,1,2.8728000000000007
10,P86003,Tetrabenazine_Tab 25mg,0409030C0AAAAAA,3,8.996399999999987
11,P86004,Clonazepam_Tab 500mcg,0408010F0AAABAB,14,9.175599999999982
12,P86004,Glibenclamide_Tab 2.5mg,0601021H0AAAAAA,1,1.4000000000000012
13,P86004,Methocarbamol_Tab 750mg,1002020S0AAABAB,6,1.0896000000000008
14,P86004,Pyridox HCl_Tab 50mg,0906024N0AAAIAI,2,0.4788000000000001
15,P86005,Amiodarone HCl_Tab 200mg,0203020D0AAABAB,1,0.3500000000000003
16,P86005,Clonazepam_Tab 500mcg,0408010F0AAABAB,3,0.949199999999998
17,P86005,Methocarbamol_Tab 750mg,1002020S0AAABAB,2,0.6707999999999997
18,P86005,Pyridox HCl_Tab 50mg,0906024N0AAAIAI,1,0.9576000000000002
19,P86005,Tetrabenazine_Tab 25mg,0409030C0AAAAAA,1,0.49979999999999936
20,P86005,Topiramate_Cap 50mg,040801050AAAWAW,2,1.9259999999999977
21,P86006,Amiodarone HCl_Tab 200mg,0203020D0AAABAB,7,3.500000000000003
22,P86006,Clonazepam_Tab 500mcg,0408010F0AAABAB,8,3.977599999999992
23,P86006,Methocarbamol_Tab 750mg,1002020S0AAABAB,7,3.3539999999999983
24,P86006,Pyridox HCl_Tab 50mg,0906024N0AAAIAI,1,0.4788000000000001
25,P86006,Tetrabenazine_Tab 25mg,0409030C0AAAAAA,2,2.998799999999996
26,P86007,Amiodarone HCl_Tab 200mg,0203020D0AAABAB,8,3.5000000000000027
27,P86007,Clonazepam_Tab 500mcg,0408010F0AAABAB,22,11.322599999999976
28,P86007,Glibenclamide_Tab 2.5mg,0601021H0AAAAAA,1,1.4000000000000012
29,P86007,Methocarbamol_Tab 750mg,1002020S0AAABAB,10,6.656399999999998
30,P86007,Pyridox HCl_Tab 50mg,0906024N0AAAIAI,1,1.9152000000000005
31,P86007,Tetrabenazine_Tab 25mg,0409030C0AAAAAA,3,7.99679999999999
32,P86008,Amiodarone HCl_Tab 200mg,0203020D0AAABAB,1,0.3500000000000003
33,P86008,Clonazepam_Tab 500mcg,0408010F0AAABAB,9,5.3787999999999885
34,P86008,Pyridox HCl_Tab 50mg,0906024N0AAAIAI,1,0.4788000000000001
35,P86008,Ropinirole HCl_Tab 5mg,0409010H0AAADAD,4,7.761600000000003
36,P86009,Amiodarone HCl_Tab 200mg,0203020D0AAABAB,5,2.8000000000000025
37,P86009,Clonazepam_Tab 500mcg,0408010F0AAABAB,6,2.531199999999995
38,P86009,Methocarbamol_Tab 750mg,1002020S0AAABAB,1,0.4299999999999998
39,P86009,Pyridox HCl_Tab 50mg,0906024N0AAAIAI,2,1.9152000000000005
40,P86009,Ropinirole HCl_Tab 5mg,0409010H0AAADAD,1,7.744800000000005
41,P86009,Topiramate_Cap 50mg,040801050AAAWAW,1,1.2839999999999985
42,P86010,Amiodarone HCl_Tab 200mg,0203020D0AAABAB,2,0.7000000000000006
43,P86010,Clonazepam_Tab 500mcg,0408010F0AAABAB,4,1.898399999999996
44,P86010,Methocarbamol_Tab 750mg,1002020S0AAABAB,1,0.25200000000000056
45,P86010,Valsartan_Tab 40mg,0205052V0AAADAD,1,3.8360000000000003
46,P86011,Amiodarone HCl_Tab 200mg,0203020D0AAABAB,6,2.450000000000002
47,P86011,Clonazepam_Tab 500mcg,0408010F0AAABAB,17,9.638899999999978
48,P86011,Glibenclamide_Tab 2.5mg,0601021H0AAAAAA,1,0.7000000000000006
49,P86011,Methocarbamol_Tab 750mg,1002020S0AAABAB,1,0.4299999999999998
50,P86011,Pyridox HCl_Tab 50mg,0906024N0AAAIAI,1,0.11970000000000003
51,P86012,Amiodarone HCl_Tab 200mg,0203020D0AAABAB,4,1.4000000000000012
52,P86012,Clonazepam_Tab 500mcg,0408010F0AAABAB,6,2.5989999999999944
53,P86012,Methocarbamol_Tab 750mg,1002020S0AAABAB,20,6.345600000000006
54,P86012,Pyridox HCl_Tab 50mg,0906024N0AAAIAI,5,4.4289000000000005
55,P86012,Tetrabenazine_Tab 25mg,0409030C0AAAAAA,1,3.998399999999995
56,P86013,Amiodarone HCl_Tab 200mg,0203020D0AAABAB,2,1.4000000000000012
57,P86013,Clonazepam_Tab 500mcg,0408010F0AAABAB,9,9.35639999999998
58,P86013,Tetrabenazine_Tab 25mg,0409030C0AAAAAA,1,2.998799999999996
59,P86013,Topiramate_Cap 50mg,040801050AAAWAW,1,1.2839999999999985
60,P86014,Amiodarone HCl_Tab 200mg,0203020D0AAABAB,3,1.4500000000000013
61,P86014,Clonazepam_Tab 500mcg,0408010F0AAABAB,1,0.6327999999999987
62,P86014,Glibenclamide_Tab 2.5mg,0601021H0AAAAAA,17,30.450000000000024
63,P86015,Amiodarone HCl_Tab 200mg,0203020D0AAABAB,1,0.3500000000000003
64,P86015,Clonazepam_Tab 500mcg,0408010F0AAABAB,6,2.531199999999995
65,P86016,Amiodarone HCl_Tab 200mg,0203020D0AAABAB,7,2.184700000000002
66,P86016,Clonazepam_Tab 500mcg,0408010F0AAABAB,16,9.842299999999979
67,P86016,Methocarbamol_Tab 750mg,1002020S0AAABAB,18,6.973600000000005
68,P86016,Risperidone_Tab 6mg,040201030AAAFAF,1,29.2096
69,P86016,Topiramate_Cap 50mg,040801050AAAWAW,3,6.3343999999999925
70,P86016,Valsartan_Tab 40mg,0205052V0AAADAD,1,15.344000000000001
71,P86017,Amiodarone HCl_Tab 200mg,0203020D0AAABAB,1,0.3500000000000003
72,P86017,Clonazepam_Tab 500mcg,0408010F0AAABAB,1,0.949199999999998
73,P86017,Pyridox HCl_Tab 50mg,0906024N0AAAIAI,1,0.4788000000000001
74,P86017,Risperidone_Tab 6mg,040201030AAAFAF,2,87.6288
75,P86018,Amiodarone HCl_Tab 200mg,0203020D0AAABAB,2,1.4000000000000012
76,P86018,Clonazepam_Tab 500mcg,0408010F0AAABAB,6,3.3221999999999934
77,P86018,Methocarbamol_Tab 750mg,1002020S0AAABAB,1,0.4815999999999998
78,P86018,Tetrabenazine_Tab 25mg,0409030C0AAAAAA,1,0.9995999999999987
79,P86019,Amiodarone HCl_Tab 200mg,0203020D0AAABAB,2,0.7000000000000006
80,P86019,Clonazepam_Tab 500mcg,0408010F0AAABAB,10,4.429599999999991
81,P86019,Methocarbamol_Tab 750mg,1002020S0AAABAB,4,1.5736000000000008
82,P86019,Pyridox HCl_Tab 50mg,0906024N0AAAIAI,2,0.9576000000000002
83,P86019,Risperidone_Tab 6mg,040201030AAAFAF,1,29.2096
84,P86019,Topiramate_Cap 50mg,040801050AAAWAW,1,0.5963999999999996
85,P86021,Clonazepam_Tab 500mcg,0408010F0AAABAB,2,0.6327999999999987
86,P86021,Methocarbamol_Tab 750mg,1002020S0AAABAB,1,0.4815999999999998
87,P86021,Tetrabenazine_Tab 25mg,0409030C0AAAAAA,1,0.9995999999999987
88,P86022,Amiodarone HCl_Tab 200mg,0203020D0AAABAB,1,0.3500000000000003
89,P86022,Clonazepam_Tab 500mcg,0408010F0AAABAB,4,3.2091999999999934
90,P86022,Methocarbamol_Tab 750mg,1002020S0AAABAB,6,3.242
91,P86022,Pyridox HCl_Tab 50mg,0906024N0AAAIAI,1,0.4788000000000001
92,P86023,Amiodarone HCl_Tab 200mg,0203020D0AAABAB,7,1.388800000000001
93,P86023,Clonazepam_Tab 500mcg,0408010F0AAABAB,3,3.2091999999999934
94,P86023,Methocarbamol_Tab 750mg,1002020S0AAABAB,1,0.25200000000000056
95,P86023,Tetrabenazine_Tab 25mg,0409030C0AAAAAA,2,3.998399999999995
96,P86026,Amiodarone HCl_Tab 200mg,0203020D0AAABAB,6,2.8000000000000025
97,P86026,Clonazepam_Tab 500mcg,0408010F0AAABAB,6,2.847599999999994
98,P86026,Glibenclamide_Tab 2.5mg,0601021H0AAAAAA,1,0.3500000000000003
99,P86602,Amiodarone HCl_Tab 200mg,0203020D0AAABAB,4,0.3388
100,P86602,Clonazepam_Tab 500mcg,0408010F0AAABAB,9,1.5819999999999967
101,P86602,Methocarbamol_Tab 750mg,1002020S0AAABAB,1,0.36960000000000126
102,P86602,Pyridox HCl_Tab 50mg,0906024N0AAAIAI,6,3.830400000000001
103,P86606,Amiodarone HCl_Tab 200mg,0203020D0AAABAB,1,0.3500000000000003
104,P86606,Clonazepam_Tab 500mcg,0408010F0AAABAB,1,0.6327999999999987
105,P86606,Methocarbamol_Tab 750mg,1002020S0AAABAB,1,0.36960000000000126
106,P86606,Tetrabenazine_Tab 25mg,0409030C0AAAAAA,1,3.998399999999995
107,P86606,Topiramate_Cap 50mg,040801050AAAWAW,1,1.2839999999999985
108,P86608,Amiodarone HCl_Tab 200mg,0203020D0AAABAB,2,0.35840000000000016
109,P86608,Clonazepam_Tab 500mcg,0408010F0AAABAB,5,1.5819999999999967
110,P86609,Glibenclamide_Tab 2.5mg,0601021H0AAAAAA,3,4.200000000000004
111,P86614,Clonazepam_Tab 500mcg,0408010F0AAABAB,2,0.971799999999998
112,P86614,Glibenclamide_Tab 2.5mg,0601021H0AAAAAA,2,1.4000000000000012
113,P86614,Pyridox HCl_Tab 50mg,0906024N0AAAIAI,1,0.4788000000000001
114,P86614,Valsartan_Tab 40mg,0205052V0AAADAD,2,5.7540000000000004
115,P86619,Clonazepam_Tab 500mcg,0408010F0AAABAB,3,0.949199999999998
116,P86619,Glibenclamide_Tab 2.5mg,0601021H0AAAAAA,1,0.3500000000000003
117,P86619,Pyridox HCl_Tab 50mg,0906024N0AAAIAI,1,0.4788000000000001
118,P86620,Clonazepam_Tab 500mcg,0408010F0AAABAB,10,3.808099999999992
119,P86620,Tetrabenazine_Tab 25mg,0409030C0AAAAAA,1,1.499399999999998
120,P86620,Topiramate_Cap 50mg,040801050AAAWAW,5,6.419999999999993
121,P86624,Amiodarone HCl_Tab 200mg,0203020D0AAABAB,1,0.3500000000000003
122,P86624,Clonazepam_Tab 500mcg,0408010F0AAABAB,8,1.6283999999999965
123,P86624,Methocarbamol_Tab 750mg,1002020S0AAABAB,3,1.2899999999999996
124,P86624,Ropinirole HCl_Tab 5mg,0409010H0AAADAD,1,2.5816000000000017
125,P86624,Valsartan_Tab 40mg,0205052V0AAADAD,1,3.8360000000000003
126,Y00726,Amiodarone HCl_Tab 200mg,0203020D0AAABAB,2,0.7000000000000006
127,Y00726,Clonazepam_Tab 500mcg,0408010F0AAABAB,3,0.6327999999999987
128,Y00726,Methocarbamol_Tab 750mg,1002020S0AAABAB,3,1.1007999999999996
129,Y02720,Clonazepam_Tab 500mcg,0408010F0AAABAB,2,2.1356999999999955
130,Y02720,Glibenclamide_Tab 2.5mg,0601021H0AAAAAA,1,1.5000000000000013
131,Y02720,Methocarbamol_Tab 750mg,1002020S0AAABAB,1,0.36960000000000126
132,Y02720,Tetrabenazine_Tab 25mg,0409030C0AAAAAA,1,3.998399999999995
133,Y02721,Amiodarone HCl_Tab 200mg,0203020D0AAABAB,1,0.3500000000000003
134,Y02721,Clonazepam_Tab 500mcg,0408010F0AAABAB,1,0.6327999999999987
135,Y02721,Methocarbamol_Tab 750mg,1002020S0AAABAB,1,0.4299999999999998
136,Y02795,Clonazepam_Tab 500mcg,0408010F0AAABAB,3,2.2147999999999954
137,Y02795,Methocarbamol_Tab 750mg,1002020S0AAABAB,1,0.13200000000000045
138,Y03750,Methocarbamol_Tab 750mg,1002020S0AAABAB,1,0.4299999999999998
139,Y04655,Clonazepam_Tab 500mcg,0408010F0AAABAB,1,0.6327999999999987
140,Y04997,Methocarbamol_Tab 750mg,1002020S0AAABAB,3,1.1007999999999996
