,practice_code,bnf_description,bnf_code,items,excess_cost
6,F86074,Atorvastatin_Tab 20mg,0212000B0AAABAB,116,180.58880000000002
15,F86018,Aripiprazole_Tab 10mg,0402010ADAAAAAA,4,174.4624
38,F86004,Pregabalin_Cap 200mg,0408010AEAAAFAF,1,170.73839999999998
74,F86026,Pregabalin_Cap 25mg,0408010AEAAAAAA,1,112.79520000000001
194,F86018,Omeprazole_Tab E/C 20mg,0103050P0AABDBD,3,87.7128
199,F86074,Quetiapine_Tab 200mg,0402010ABAAADAD,1,83.526
188,F86086,Mesalazine_Tab E/C 800mg,0105010B0AAASAS,1,68.87999999999998
45,F86062,Mesalazine_Tab E/C 400mg,0105010B0AAAAAA,2,63.88479999999999
0,F86018,Risperidone_Tab 6mg,040201030AAAFAF,1,58.4192
1,F86026,Risperidone_Tab 6mg,040201030AAAFAF,1,58.4192
46,F86625,Mesalazine_Tab E/C 400mg,0105010B0AAAAAA,1,55.89919999999999
47,Y01839,Mesalazine_Tab E/C 400mg,0105010B0AAAAAA,1,51.33599999999999
50,Y01291,Mesalazine_Tab E/C 400mg,0105010B0AAAAAA,1,47.913599999999995
51,F86650,Mesalazine_Tab E/C 400mg,0105010B0AAAAAA,1,47.913599999999995
49,F86078,Mesalazine_Tab E/C 400mg,0105010B0AAAAAA,1,47.913599999999995
48,F86058,Mesalazine_Tab E/C 400mg,0105010B0AAAAAA,1,47.913599999999995
189,F86086,Mesalazine_Tab E/C 800mg,0105010B0AAASAS,2,36.90000000000001
190,F86607,Mesalazine_Tab E/C 800mg,0105010B0AAASAS,2,34.43999999999999
53,F86700,Mesalazine_Tab E/C 400mg,0105010B0AAAAAA,1,31.942399999999996
52,F86036,Mesalazine_Tab E/C 400mg,0105010B0AAAAAA,1,31.942399999999996
2,F86058,Risperidone_Tab 6mg,040201030AAAFAF,4,29.232
3,F86666,Risperidone_Tab 6mg,040201030AAAFAF,1,29.2096
4,F86650,Risperidone_Tab 6mg,040201030AAAFAF,1,29.2096
54,F86001,Mesalazine_Tab E/C 400mg,0105010B0AAAAAA,1,23.956799999999998
7,F86018,Atorvastatin_Tab 20mg,0212000B0AAABAB,27,22.528800000000004
5,F86086,Risperidone_Tab 6mg,040201030AAAFAF,3,21.924
191,F86664,Mesalazine_Tab E/C 800mg,0105010B0AAASAS,1,17.219999999999995
55,F86644,Mesalazine_Tab E/C 400mg,0105010B0AAAAAA,1,11.978399999999999
56,F86705,Mesalazine_Tab E/C 400mg,0105010B0AAAAAA,4,11.969999999999999
91,F86011,Clonazepam_Tab 500mcg,0408010F0AAABAB,2,3.796799999999992
92,F86607,Clonazepam_Tab 500mcg,0408010F0AAABAB,2,3.796799999999992
93,F86030,Clonazepam_Tab 500mcg,0408010F0AAABAB,1,3.389999999999993
94,F86005,Clonazepam_Tab 500mcg,0408010F0AAABAB,1,2.531199999999995
95,F86689,Clonazepam_Tab 500mcg,0408010F0AAABAB,1,2.531199999999995
96,F86001,Clonazepam_Tab 500mcg,0408010F0AAABAB,2,2.531199999999995
97,F86627,Clonazepam_Tab 500mcg,0408010F0AAABAB,2,2.531199999999995
99,F86607,Clonazepam_Tab 500mcg,0408010F0AAABAB,2,2.531199999999995
100,F86700,Clonazepam_Tab 500mcg,0408010F0AAABAB,2,2.531199999999995
101,F86621,Clonazepam_Tab 500mcg,0408010F0AAABAB,1,2.531199999999995
98,F86026,Clonazepam_Tab 500mcg,0408010F0AAABAB,2,2.531199999999995
102,F86625,Clonazepam_Tab 500mcg,0408010F0AAABAB,2,2.2599999999999953
103,F86036,Clonazepam_Tab 500mcg,0408010F0AAABAB,14,2.2147999999999954
109,F86058,Clonazepam_Tab 500mcg,0408010F0AAABAB,6,1.898399999999996
104,F86006,Clonazepam_Tab 500mcg,0408010F0AAABAB,3,1.898399999999996
105,F86004,Clonazepam_Tab 500mcg,0408010F0AAABAB,1,1.898399999999996
106,F86625,Clonazepam_Tab 500mcg,0408010F0AAABAB,3,1.898399999999996
107,F86001,Clonazepam_Tab 500mcg,0408010F0AAABAB,1,1.898399999999996
108,F86036,Clonazepam_Tab 500mcg,0408010F0AAABAB,3,1.898399999999996
111,F86607,Clonazepam_Tab 500mcg,0408010F0AAABAB,1,1.5819999999999967
110,Y01291,Clonazepam_Tab 500mcg,0408010F0AAABAB,1,1.5819999999999967
8,F86036,Atorvastatin_Tab 20mg,0212000B0AAABAB,135,1.5120000000000433
112,F86650,Clonazepam_Tab 500mcg,0408010F0AAABAB,9,1.423799999999997
114,F86621,Clonazepam_Tab 500mcg,0408010F0AAABAB,1,1.3559999999999972
113,F86036,Clonazepam_Tab 500mcg,0408010F0AAABAB,1,1.3559999999999972
126,F86026,Clonazepam_Tab 500mcg,0408010F0AAABAB,2,1.2655999999999974
124,F86058,Clonazepam_Tab 500mcg,0408010F0AAABAB,2,1.2655999999999974
123,F86627,Clonazepam_Tab 500mcg,0408010F0AAABAB,2,1.2655999999999974
122,F86011,Clonazepam_Tab 500mcg,0408010F0AAABAB,2,1.2655999999999974
121,F86005,Clonazepam_Tab 500mcg,0408010F0AAABAB,2,1.2655999999999974
120,F86666,Clonazepam_Tab 500mcg,0408010F0AAABAB,2,1.2655999999999974
119,Y01291,Clonazepam_Tab 500mcg,0408010F0AAABAB,1,1.2655999999999974
118,F86666,Clonazepam_Tab 500mcg,0408010F0AAABAB,1,1.2655999999999974
117,F86018,Clonazepam_Tab 500mcg,0408010F0AAABAB,1,1.2655999999999974
116,F86001,Clonazepam_Tab 500mcg,0408010F0AAABAB,2,1.2655999999999974
115,F86004,Clonazepam_Tab 500mcg,0408010F0AAABAB,2,1.2655999999999974
125,F86030,Clonazepam_Tab 500mcg,0408010F0AAABAB,2,1.2655999999999974
127,F86006,Clonazepam_Tab 500mcg,0408010F0AAABAB,1,1.1299999999999977
131,F86074,Clonazepam_Tab 500mcg,0408010F0AAABAB,1,1.1299999999999977
130,F86036,Clonazepam_Tab 500mcg,0408010F0AAABAB,1,1.1299999999999977
129,F86030,Clonazepam_Tab 500mcg,0408010F0AAABAB,1,1.1299999999999977
128,F86004,Clonazepam_Tab 500mcg,0408010F0AAABAB,1,1.1299999999999977
133,F86001,Clonazepam_Tab 500mcg,0408010F0AAABAB,1,0.949199999999998
141,F86086,Clonazepam_Tab 500mcg,0408010F0AAABAB,1,0.949199999999998
140,F86036,Clonazepam_Tab 500mcg,0408010F0AAABAB,3,0.949199999999998
139,F86078,Clonazepam_Tab 500mcg,0408010F0AAABAB,3,0.949199999999998
138,F86058,Clonazepam_Tab 500mcg,0408010F0AAABAB,4,0.949199999999998
137,F86026,Clonazepam_Tab 500mcg,0408010F0AAABAB,1,0.949199999999998
136,F86666,Clonazepam_Tab 500mcg,0408010F0AAABAB,3,0.949199999999998
134,F86689,Clonazepam_Tab 500mcg,0408010F0AAABAB,1,0.949199999999998
132,F86004,Clonazepam_Tab 500mcg,0408010F0AAABAB,1,0.949199999999998
135,F86011,Clonazepam_Tab 500mcg,0408010F0AAABAB,1,0.949199999999998
142,F86011,Clonazepam_Tab 500mcg,0408010F0AAABAB,5,0.7909999999999984
143,F86036,Clonazepam_Tab 500mcg,0408010F0AAABAB,3,0.7118999999999985
146,Y01291,Clonazepam_Tab 500mcg,0408010F0AAABAB,1,0.6779999999999986
144,F86712,Clonazepam_Tab 500mcg,0408010F0AAABAB,1,0.6779999999999986
145,Y01839,Clonazepam_Tab 500mcg,0408010F0AAABAB,1,0.6779999999999986
155,F86701,Clonazepam_Tab 500mcg,0408010F0AAABAB,1,0.6327999999999987
147,F86696,Clonazepam_Tab 500mcg,0408010F0AAABAB,1,0.6327999999999987
148,F86058,Clonazepam_Tab 500mcg,0408010F0AAABAB,8,0.6327999999999987
150,F86018,Clonazepam_Tab 500mcg,0408010F0AAABAB,1,0.6327999999999987
151,F86062,Clonazepam_Tab 500mcg,0408010F0AAABAB,1,0.6327999999999987
152,F86062,Clonazepam_Tab 500mcg,0408010F0AAABAB,2,0.6327999999999987
153,Y01291,Clonazepam_Tab 500mcg,0408010F0AAABAB,2,0.6327999999999987
154,F86078,Clonazepam_Tab 500mcg,0408010F0AAABAB,1,0.6327999999999987
149,F86616,Clonazepam_Tab 500mcg,0408010F0AAABAB,1,0.6327999999999987
156,F86621,Clonazepam_Tab 500mcg,0408010F0AAABAB,8,0.6327999999999987
158,F86607,Clonazepam_Tab 500mcg,0408010F0AAABAB,1,0.6327999999999987
159,F86616,Clonazepam_Tab 500mcg,0408010F0AAABAB,2,0.6327999999999987
160,F86044,Clonazepam_Tab 500mcg,0408010F0AAABAB,2,0.6327999999999987
161,F86638,Clonazepam_Tab 500mcg,0408010F0AAABAB,2,0.6327999999999987
157,F86074,Clonazepam_Tab 500mcg,0408010F0AAABAB,1,0.6327999999999987
162,Y01291,Clonazepam_Tab 500mcg,0408010F0AAABAB,1,0.5699999999999983
163,F86030,Clonazepam_Tab 500mcg,0408010F0AAABAB,1,0.5699999999999983
164,F86036,Clonazepam_Tab 500mcg,0408010F0AAABAB,2,0.3583999999999996
167,F86038,Clonazepam_Tab 500mcg,0408010F0AAABAB,1,0.3389999999999993
165,Y01291,Clonazepam_Tab 500mcg,0408010F0AAABAB,1,0.3389999999999993
166,F86696,Clonazepam_Tab 500mcg,0408010F0AAABAB,1,0.3389999999999993
180,F86074,Clonazepam_Tab 500mcg,0408010F0AAABAB,1,0.31639999999999935
169,F86664,Clonazepam_Tab 500mcg,0408010F0AAABAB,1,0.31639999999999935
170,F86004,Clonazepam_Tab 500mcg,0408010F0AAABAB,4,0.31639999999999935
171,F86696,Clonazepam_Tab 500mcg,0408010F0AAABAB,1,0.31639999999999935
172,F86644,Clonazepam_Tab 500mcg,0408010F0AAABAB,1,0.31639999999999935
173,F86679,Clonazepam_Tab 500mcg,0408010F0AAABAB,1,0.31639999999999935
174,F86004,Clonazepam_Tab 500mcg,0408010F0AAABAB,1,0.31639999999999935
175,F86621,Clonazepam_Tab 500mcg,0408010F0AAABAB,1,0.31639999999999935
176,F86038,Clonazepam_Tab 500mcg,0408010F0AAABAB,1,0.31639999999999935
177,F86627,Clonazepam_Tab 500mcg,0408010F0AAABAB,1,0.31639999999999935
168,F86701,Clonazepam_Tab 500mcg,0408010F0AAABAB,1,0.31639999999999935
179,F86607,Clonazepam_Tab 500mcg,0408010F0AAABAB,1,0.31639999999999935
178,F86696,Clonazepam_Tab 500mcg,0408010F0AAABAB,4,0.31639999999999935
181,F86616,Clonazepam_Tab 500mcg,0408010F0AAABAB,1,0.2735999999999992
182,Y01839,Clonazepam_Tab 500mcg,0408010F0AAABAB,1,0.15819999999999967
183,F86038,Clonazepam_Tab 500mcg,0408010F0AAABAB,1,0.15819999999999967
184,F86627,Clonazepam_Tab 500mcg,0408010F0AAABAB,1,0.15819999999999967
185,F86044,Clonazepam_Tab 500mcg,0408010F0AAABAB,2,0.08479999999999999
186,F86650,Clonazepam_Tab 500mcg,0408010F0AAABAB,1,0.07909999999999984
16,F86073,Aripiprazole_Tab 10mg,0402010ADAAAAAA,12,0.06720000000000192
187,F86004,Clonazepam_Tab 500mcg,0408010F0AAABAB,1,0.06359999999999999
18,F86036,Aripiprazole_Tab 10mg,0402010ADAAAAAA,8,0.04480000000000128
17,F86074,Aripiprazole_Tab 10mg,0402010ADAAAAAA,8,0.04480000000000128
20,F86666,Aripiprazole_Tab 10mg,0402010ADAAAAAA,5,0.028000000000000802
19,Y02585,Aripiprazole_Tab 10mg,0402010ADAAAAAA,5,0.028000000000000802
9,F86038,Atorvastatin_Tab 20mg,0212000B0AAABAB,4,0.024000000000000687
23,Y01839,Aripiprazole_Tab 10mg,0402010ADAAAAAA,4,0.02240000000000064
24,F86627,Aripiprazole_Tab 10mg,0402010ADAAAAAA,4,0.02240000000000064
25,F86701,Aripiprazole_Tab 10mg,0402010ADAAAAAA,4,0.02240000000000064
22,F86004,Aripiprazole_Tab 10mg,0402010ADAAAAAA,4,0.02240000000000064
21,F86038,Aripiprazole_Tab 10mg,0402010ADAAAAAA,4,0.02240000000000064
75,F86074,Pregabalin_Cap 25mg,0408010AEAAAAAA,4,0.016799999999999704
76,F86712,Pregabalin_Cap 25mg,0408010AEAAAAAA,4,0.016799999999999704
77,F86006,Pregabalin_Cap 25mg,0408010AEAAAAAA,4,0.016799999999999704
78,F86036,Pregabalin_Cap 25mg,0408010AEAAAAAA,4,0.016799999999999704
79,F86011,Pregabalin_Cap 25mg,0408010AEAAAAAA,4,0.016799999999999704
80,F86005,Pregabalin_Cap 25mg,0408010AEAAAAAA,4,0.016799999999999704
39,F86038,Pregabalin_Cap 200mg,0408010AEAAAFAF,6,0.016799999999999315
81,Y02585,Pregabalin_Cap 25mg,0408010AEAAAAAA,3,0.012599999999999778
82,F86045,Pregabalin_Cap 25mg,0408010AEAAAAAA,6,0.012599999999999778
10,F86004,Atorvastatin_Tab 20mg,0212000B0AAABAB,2,0.012000000000000344
26,F86607,Aripiprazole_Tab 10mg,0402010ADAAAAAA,2,0.01120000000000032
40,F86712,Pregabalin_Cap 200mg,0408010AEAAAFAF,4,0.011199999999999544
195,F86701,Omeprazole_Tab E/C 20mg,0103050P0AABDBD,5,0.010499999999999815
83,F86011,Pregabalin_Cap 25mg,0408010AEAAAAAA,4,0.008399999999999852
84,F86006,Pregabalin_Cap 25mg,0408010AEAAAAAA,4,0.008399999999999852
11,F86044,Atorvastatin_Tab 20mg,0212000B0AAABAB,1,0.006000000000000172
27,F86705,Aripiprazole_Tab 10mg,0402010ADAAAAAA,1,0.00560000000000016
86,F86700,Pregabalin_Cap 25mg,0408010AEAAAAAA,1,0.004199999999999926
85,F86650,Pregabalin_Cap 25mg,0408010AEAAAAAA,1,0.004199999999999926
196,F86666,Omeprazole_Tab E/C 20mg,0103050P0AABDBD,1,0.004199999999999926
197,F86638,Omeprazole_Tab E/C 20mg,0103050P0AABDBD,1,0.0041999999999995374
198,Y05454,Omeprazole_Tab E/C 20mg,0103050P0AABDBD,1,0.002099999999999963
88,F86700,Pregabalin_Cap 25mg,0408010AEAAAAAA,1,0.002099999999999963
87,Y01839,Pregabalin_Cap 25mg,0408010AEAAAAAA,1,0.002099999999999963
12,F86006,Atorvastatin_Tab 20mg,0212000B0AAABAB,1,0.0020000000000000573
28,F86011,Aripiprazole_Tab 10mg,0402010ADAAAAAA,1,0.0015000000000002511
200,F86644,Quetiapine_Tab 200mg,0402010ABAAADAD,1,-0.0013999999999998458
201,F86004,Quetiapine_Tab 200mg,0402010ABAAADAD,3,-0.0020999999999997687
29,F86679,Aripiprazole_Tab 10mg,0402010ADAAAAAA,1,-0.002099999999999963
202,F86086,Quetiapine_Tab 200mg,0402010ABAAADAD,1,-0.0027999999999996916
208,F86650,Quetiapine_Tab 200mg,0402010ABAAADAD,4,-0.0027999999999996916
209,F86006,Quetiapine_Tab 200mg,0402010ABAAADAD,1,-0.0027999999999996916
210,F86627,Quetiapine_Tab 200mg,0402010ABAAADAD,2,-0.0027999999999996916
203,F86650,Quetiapine_Tab 200mg,0402010ABAAADAD,1,-0.0027999999999996916
212,F86018,Quetiapine_Tab 200mg,0402010ABAAADAD,4,-0.0027999999999996916
213,F86074,Quetiapine_Tab 200mg,0402010ABAAADAD,1,-0.0027999999999996916
207,F86044,Quetiapine_Tab 200mg,0402010ABAAADAD,1,-0.0027999999999996916
211,F86005,Quetiapine_Tab 200mg,0402010ABAAADAD,4,-0.0027999999999996916
206,F86607,Quetiapine_Tab 200mg,0402010ABAAADAD,1,-0.0027999999999996916
205,F86625,Quetiapine_Tab 200mg,0402010ABAAADAD,1,-0.0027999999999996916
204,F86036,Quetiapine_Tab 200mg,0402010ABAAADAD,1,-0.0027999999999996916
41,F86712,Pregabalin_Cap 200mg,0408010AEAAAFAF,1,-0.00280000000000008
13,F86005,Atorvastatin_Tab 20mg,0212000B0AAABAB,1,-0.0029999999999998778
14,F86689,Atorvastatin_Tab 20mg,0212000B0AAABAB,1,-0.0029999999999998778
89,F86666,Pregabalin_Cap 25mg,0408010AEAAAAAA,1,-0.003000000000000086
42,F86018,Pregabalin_Cap 200mg,0408010AEAAAFAF,1,-0.003500000000000003
31,F86696,Aripiprazole_Tab 10mg,0402010ADAAAAAA,2,-0.004199999999999926
30,F86627,Aripiprazole_Tab 10mg,0402010ADAAAAAA,2,-0.004199999999999926
215,F86038,Quetiapine_Tab 200mg,0402010ABAAADAD,2,-0.005599999999999383
214,F86005,Quetiapine_Tab 200mg,0402010ABAAADAD,2,-0.005599999999999383
216,Y02585,Quetiapine_Tab 200mg,0402010ABAAADAD,3,-0.008399999999999075
57,F86705,Mesalazine_Tab E/C 400mg,0105010B0AAAAAA,4,-0.008399999999999075
32,F86625,Aripiprazole_Tab 10mg,0402010ADAAAAAA,4,-0.008399999999999852
33,F86621,Aripiprazole_Tab 10mg,0402010ADAAAAAA,4,-0.008399999999999852
34,F86004,Aripiprazole_Tab 10mg,0402010ADAAAAAA,4,-0.008399999999999852
35,F86036,Aripiprazole_Tab 10mg,0402010ADAAAAAA,4,-0.008399999999999852
43,F86078,Pregabalin_Cap 200mg,0408010AEAAAFAF,3,-0.00840000000000024
217,F86058,Quetiapine_Tab 200mg,0402010ABAAADAD,4,-0.011199999999998766
218,F86627,Quetiapine_Tab 200mg,0402010ABAAADAD,3,-0.012599999999998612
219,F86011,Quetiapine_Tab 200mg,0402010ABAAADAD,5,-0.013999999999998458
37,F86058,Aripiprazole_Tab 10mg,0402010ADAAAAAA,8,-0.016799999999999704
36,F86038,Aripiprazole_Tab 10mg,0402010ADAAAAAA,8,-0.016799999999999704
44,F86650,Pregabalin_Cap 200mg,0408010AEAAAFAF,6,-0.01680000000000048
90,F86679,Pregabalin_Cap 25mg,0408010AEAAAAAA,8,-0.13440000000000385
220,Y01839,Quetiapine_Tab 200mg,0402010ABAAADAD,2,-0.24640000000000084
58,F86696,Mesalazine_Tab E/C 400mg,0105010B0AAAAAA,1,-11.978399999999999
65,F86666,Mesalazine_Tab E/C 400mg,0105010B0AAAAAA,1,-17.112
59,Y01839,Mesalazine_Tab E/C 400mg,0105010B0AAAAAA,1,-17.112
60,Y01291,Mesalazine_Tab E/C 400mg,0105010B0AAAAAA,1,-17.112
61,F86062,Mesalazine_Tab E/C 400mg,0105010B0AAAAAA,1,-17.112
62,F86644,Mesalazine_Tab E/C 400mg,0105010B0AAAAAA,1,-17.112
63,F86616,Mesalazine_Tab E/C 400mg,0105010B0AAAAAA,1,-17.112
64,F86044,Mesalazine_Tab E/C 400mg,0105010B0AAAAAA,1,-17.112
192,F86044,Mesalazine_Tab E/C 800mg,0105010B0AAASAS,1,-17.219999999999995
66,F86666,Mesalazine_Tab E/C 400mg,0105010B0AAAAAA,1,-23.956799999999998
67,F86627,Mesalazine_Tab E/C 400mg,0105010B0AAAAAA,1,-23.956799999999998
68,F86078,Mesalazine_Tab E/C 400mg,0105010B0AAAAAA,2,-25.667999999999996
69,F86705,Mesalazine_Tab E/C 400mg,0105010B0AAAAAA,1,-25.667999999999996
70,F86607,Mesalazine_Tab E/C 400mg,0105010B0AAAAAA,1,-25.667999999999996
71,F86650,Mesalazine_Tab E/C 400mg,0105010B0AAAAAA,1,-31.942399999999996
72,F86073,Mesalazine_Tab E/C 400mg,0105010B0AAAAAA,1,-34.224
73,F86616,Mesalazine_Tab E/C 400mg,0105010B0AAAAAA,1,-34.224
193,F86086,Mesalazine_Tab E/C 800mg,0105010B0AAASAS,2,-36.89999999999997
