,practice_code,bnf_description,bnf_code,items,excess_cost
0,J82122,Aripiprazole_Tab 10mg,0402010ADAAAAAA,7,261.69919999999996
153,J82122,Memantine HCl_Tab 20mg,0411000G0AAADAD,18,191.6712
1,J82024,Aripiprazole_Tab 10mg,0402010ADAAAAAA,5,174.468
175,J82208,Pregabalin_Cap 200mg,0408010AEAAAFAF,2,170.73839999999998
163,J82024,Atorvastatin_Tab 20mg,0212000B0AAABAB,183,112.72800000000002
238,J82024,Quetiapine_Tab 25mg,0402010ABAAABAB,1,76.55199999999999
204,J82024,Clopidogrel_Tab 75mg,0209000C0AAAAAA,18,75.7008
195,J82024,Montelukast_Tab 10mg,0303020G0AAABAB,18,73.13040000000001
154,Y05074,Memantine HCl_Tab 20mg,0411000G0AAADAD,1,63.89880000000001
346,J82022,Risperidone_Tab 6mg,040201030AAAFAF,1,58.4192
155,J82024,Memantine HCl_Tab 20mg,0411000G0AAADAD,2,56.9968
176,J82022,Pregabalin_Cap 200mg,0408010AEAAAFAF,5,56.92400000000001
177,J82081,Pregabalin_Cap 200mg,0408010AEAAAFAF,5,56.92400000000001
196,J82001,Montelukast_Tab 10mg,0303020G0AAABAB,6,48.753600000000006
197,J82087,Montelukast_Tab 10mg,0303020G0AAABAB,12,48.720000000000006
228,J82622,Mesalazine_Tab E/C 400mg,0105010B0AAAAAA,1,47.913599999999995
164,J82081,Atorvastatin_Tab 20mg,0212000B0AAABAB,71,45.3264
165,J82076,Atorvastatin_Tab 20mg,0212000B0AAABAB,144,45.158400000000064
166,J82115,Atorvastatin_Tab 20mg,0212000B0AAABAB,145,45.066000000000024
205,J82024,Clopidogrel_Tab 75mg,0209000C0AAAAAA,70,37.82800000000001
229,J82062,Mesalazine_Tab E/C 400mg,0105010B0AAAAAA,1,34.224
230,J82208,Mesalazine_Tab E/C 400mg,0105010B0AAAAAA,1,31.942399999999996
239,J82122,Quetiapine_Tab 25mg,0402010ABAAABAB,8,30.6432
240,J82208,Quetiapine_Tab 25mg,0402010ABAAABAB,3,30.626400000000004
347,J82081,Risperidone_Tab 6mg,040201030AAAFAF,2,29.2096
348,J82213,Risperidone_Tab 6mg,040201030AAAFAF,1,29.2096
349,J82622,Risperidone_Tab 6mg,040201030AAAFAF,1,29.2096
198,J82076,Montelukast_Tab 10mg,0303020G0AAABAB,22,24.393600000000003
199,J82001,Montelukast_Tab 10mg,0303020G0AAABAB,23,24.343200000000003
200,J82024,Montelukast_Tab 10mg,0303020G0AAABAB,27,23.643900000000002
167,J82076,Atorvastatin_Tab 20mg,0212000B0AAABAB,174,22.898400000000013
17,J82024,Paracet_Tab 500mg,0407010H0AAAMAM,46,22.668800000000005
18,J82024,Paracet_Tab 500mg,0407010H0AAAMAM,46,22.668800000000005
168,J82122,Atorvastatin_Tab 20mg,0212000B0AAABAB,105,22.638000000000016
20,J82076,Paracet_Tab 500mg,0407010H0AAAMAM,32,18.56
19,J82076,Paracet_Tab 500mg,0407010H0AAAMAM,32,18.56
206,J82076,Clopidogrel_Tab 75mg,0209000C0AAAAAA,103,17.592400000000005
207,J82001,Clopidogrel_Tab 75mg,0209000C0AAAAAA,7,17.522399999999998
231,J82076,Mesalazine_Tab E/C 400mg,0105010B0AAAAAA,1,17.099999999999998
232,J82213,Mesalazine_Tab E/C 400mg,0105010B0AAAAAA,1,17.099999999999998
233,J82024,Mesalazine_Tab E/C 400mg,0105010B0AAAAAA,1,15.971199999999998
241,J82024,Quetiapine_Tab 25mg,0402010ABAAABAB,4,15.315999999999999
21,J82022,Paracet_Tab 500mg,0407010H0AAAMAM,94,14.100000000000012
22,J82022,Paracet_Tab 500mg,0407010H0AAAMAM,94,14.100000000000012
234,J82001,Mesalazine_Tab E/C 400mg,0105010B0AAAAAA,1,11.978399999999999
23,J82087,Paracet_Tab 500mg,0407010H0AAAMAM,15,11.255999999999998
24,J82087,Paracet_Tab 500mg,0407010H0AAAMAM,15,11.255999999999998
25,J82087,Paracet_Tab 500mg,0407010H0AAAMAM,25,11.20000000000001
26,J82087,Paracet_Tab 500mg,0407010H0AAAMAM,25,11.20000000000001
28,J82122,Paracet_Tab 500mg,0407010H0AAAMAM,79,10.269999999999992
27,J82122,Paracet_Tab 500mg,0407010H0AAAMAM,79,10.269999999999992
29,J82122,Paracet_Tab 500mg,0407010H0AAAMAM,32,10.240000000000006
30,J82122,Paracet_Tab 500mg,0407010H0AAAMAM,32,10.240000000000006
31,J82081,Paracet_Tab 500mg,0407010H0AAAMAM,32,10.240000000000006
32,J82081,Paracet_Tab 500mg,0407010H0AAAMAM,32,10.240000000000006
33,J82208,Paracet_Tab 500mg,0407010H0AAAMAM,15,10.200000000000001
34,J82208,Paracet_Tab 500mg,0407010H0AAAMAM,15,10.200000000000001
35,J82076,Paracet_Tab 500mg,0407010H0AAAMAM,145,9.744000000000053
36,J82076,Paracet_Tab 500mg,0407010H0AAAMAM,145,9.744000000000053
208,J82122,Clopidogrel_Tab 75mg,0209000C0AAAAAA,81,8.845200000000002
209,J82128,Clopidogrel_Tab 75mg,0209000C0AAAAAA,27,8.769599999999999
38,J82022,Paracet_Tab 500mg,0407010H0AAAMAM,68,8.159999999999998
37,J82022,Paracet_Tab 500mg,0407010H0AAAMAM,68,8.159999999999998
39,J82076,Paracet_Tab 500mg,0407010H0AAAMAM,36,6.048000000000005
40,J82076,Paracet_Tab 500mg,0407010H0AAAMAM,36,6.048000000000005
41,J82208,Paracet_Tab 500mg,0407010H0AAAMAM,15,5.712000000000001
42,J82208,Paracet_Tab 500mg,0407010H0AAAMAM,15,5.712000000000001
169,J82024,Atorvastatin_Tab 20mg,0212000B0AAABAB,23,5.635000000000001
43,J82024,Paracet_Tab 500mg,0407010H0AAAMAM,63,5.040000000000013
44,J82024,Paracet_Tab 500mg,0407010H0AAAMAM,63,5.040000000000013
45,J82081,Paracet_Tab 500mg,0407010H0AAAMAM,45,4.5000000000000036
46,J82081,Paracet_Tab 500mg,0407010H0AAAMAM,45,4.5000000000000036
47,J82122,Paracet_Tab 500mg,0407010H0AAAMAM,43,1.926400000000005
48,J82122,Paracet_Tab 500mg,0407010H0AAAMAM,43,1.926400000000005
50,J82022,Paracet_Tab 500mg,0407010H0AAAMAM,15,1.8000000000000047
49,J82022,Paracet_Tab 500mg,0407010H0AAAMAM,15,1.8000000000000047
51,J82128,Paracet_Tab 500mg,0407010H0AAAMAM,47,1.4100000000000077
52,J82128,Paracet_Tab 500mg,0407010H0AAAMAM,47,1.4100000000000077
210,J82081,Clopidogrel_Tab 75mg,0209000C0AAAAAA,35,0.17149999999999982
242,J82024,Quetiapine_Tab 25mg,0402010ABAAABAB,15,0.08399999999999658
211,J82022,Clopidogrel_Tab 75mg,0209000C0AAAAAA,14,0.06859999999999992
243,J82062,Quetiapine_Tab 25mg,0402010ABAAABAB,11,0.06159999999999749
245,J82062,Quetiapine_Tab 25mg,0402010ABAAABAB,6,0.050400000000001444
244,J82622,Quetiapine_Tab 25mg,0402010ABAAABAB,6,0.050400000000001444
246,J82081,Quetiapine_Tab 25mg,0402010ABAAABAB,9,0.050399999999997946
247,J82141,Quetiapine_Tab 25mg,0402010ABAAABAB,8,0.044799999999998175
213,J82622,Clopidogrel_Tab 75mg,0209000C0AAAAAA,9,0.04409999999999995
212,J82088,Clopidogrel_Tab 75mg,0209000C0AAAAAA,9,0.04409999999999995
54,J82122,Paracet_Tab 500mg,0407010H0AAAMAM,7,0.041999999999999746
53,J82122,Paracet_Tab 500mg,0407010H0AAAMAM,7,0.041999999999999746
2,J82022,Aripiprazole_Tab 10mg,0402010ADAAAAAA,7,0.03920000000000112
214,J82002,Clopidogrel_Tab 75mg,0209000C0AAAAAA,8,0.03919999999999996
248,J82002,Quetiapine_Tab 25mg,0402010ABAAABAB,7,0.0391999999999984
55,J82002,Paracet_Tab 500mg,0407010H0AAAMAM,9,0.03779999999999977
56,J82002,Paracet_Tab 500mg,0407010H0AAAMAM,9,0.03779999999999977
57,J82622,Paracet_Tab 500mg,0407010H0AAAMAM,6,0.03599999999999978
58,J82622,Paracet_Tab 500mg,0407010H0AAAMAM,6,0.03599999999999978
156,J82122,Memantine HCl_Tab 20mg,0411000G0AAADAD,7,0.03429999999999996
215,J82076,Clopidogrel_Tab 75mg,0209000C0AAAAAA,7,0.03429999999999996
251,J82081,Quetiapine_Tab 25mg,0402010ABAAABAB,4,0.03360000000000096
250,J82076,Quetiapine_Tab 25mg,0402010ABAAABAB,4,0.03360000000000096
249,J82024,Quetiapine_Tab 25mg,0402010ABAAABAB,4,0.03360000000000096
59,J82126,Paracet_Tab 500mg,0407010H0AAAMAM,2,0.0335999999999998
60,J82126,Paracet_Tab 500mg,0407010H0AAAMAM,2,0.0335999999999998
253,J82622,Quetiapine_Tab 25mg,0402010ABAAABAB,6,0.03359999999999863
252,J82022,Quetiapine_Tab 25mg,0402010ABAAABAB,6,0.03359999999999863
254,J82088,Quetiapine_Tab 25mg,0402010ABAAABAB,6,0.03359999999999863
255,J82122,Quetiapine_Tab 25mg,0402010ABAAABAB,6,0.03359999999999863
61,J82092,Paracet_Tab 500mg,0407010H0AAAMAM,11,0.030799999999999814
62,J82092,Paracet_Tab 500mg,0407010H0AAAMAM,11,0.030799999999999814
256,J82002,Quetiapine_Tab 25mg,0402010ABAAABAB,7,0.029400000000000842
216,J82024,Clopidogrel_Tab 75mg,0209000C0AAAAAA,6,0.029399999999999968
257,J82122,Quetiapine_Tab 25mg,0402010ABAAABAB,2,0.028000000000000802
258,J82213,Quetiapine_Tab 25mg,0402010ABAAABAB,5,0.02799999999999886
259,J82001,Quetiapine_Tab 25mg,0402010ABAAABAB,5,0.02799999999999886
260,J82101,Quetiapine_Tab 25mg,0402010ABAAABAB,5,0.02799999999999886
261,J82122,Quetiapine_Tab 25mg,0402010ABAAABAB,3,0.025200000000000722
262,J82213,Quetiapine_Tab 25mg,0402010ABAAABAB,3,0.025200000000000722
263,J82101,Quetiapine_Tab 25mg,0402010ABAAABAB,3,0.025200000000000722
63,J82141,Paracet_Tab 500mg,0407010H0AAAMAM,6,0.025199999999999848
64,J82141,Paracet_Tab 500mg,0407010H0AAAMAM,6,0.025199999999999848
157,J82183,Memantine HCl_Tab 20mg,0411000G0AAADAD,5,0.024499999999999973
217,J82180,Clopidogrel_Tab 75mg,0209000C0AAAAAA,5,0.024499999999999973
218,J82208,Clopidogrel_Tab 75mg,0209000C0AAAAAA,5,0.024499999999999973
219,J82040,Clopidogrel_Tab 75mg,0209000C0AAAAAA,5,0.024499999999999973
3,J82622,Aripiprazole_Tab 10mg,0402010ADAAAAAA,4,0.02240000000000064
220,J82062,Clopidogrel_Tab 75mg,0209000C0AAAAAA,4,0.01959999999999998
158,J82040,Memantine HCl_Tab 20mg,0411000G0AAADAD,4,0.01959999999999998
221,J82101,Clopidogrel_Tab 75mg,0209000C0AAAAAA,4,0.01959999999999998
159,J82622,Memantine HCl_Tab 20mg,0411000G0AAADAD,4,0.01959999999999998
65,J82002,Paracet_Tab 500mg,0407010H0AAAMAM,3,0.01799999999999989
66,J82002,Paracet_Tab 500mg,0407010H0AAAMAM,3,0.01799999999999989
265,J82115,Quetiapine_Tab 25mg,0402010ABAAABAB,2,0.01680000000000048
264,J82141,Quetiapine_Tab 25mg,0402010ABAAABAB,2,0.01680000000000048
266,J82022,Quetiapine_Tab 25mg,0402010ABAAABAB,2,0.01680000000000048
270,J82002,Quetiapine_Tab 25mg,0402010ABAAABAB,2,0.01680000000000048
269,J82087,Quetiapine_Tab 25mg,0402010ABAAABAB,4,0.01680000000000048
268,J82128,Quetiapine_Tab 25mg,0402010ABAAABAB,2,0.01680000000000048
267,J82001,Quetiapine_Tab 25mg,0402010ABAAABAB,2,0.01680000000000048
271,J82605,Quetiapine_Tab 25mg,0402010ABAAABAB,3,0.016799999999999315
272,J82122,Quetiapine_Tab 25mg,0402010ABAAABAB,4,0.015999999999999348
68,J82081,Paracet_Tab 500mg,0407010H0AAAMAM,5,0.01499999999999991
67,J82081,Paracet_Tab 500mg,0407010H0AAAMAM,5,0.01499999999999991
222,J82122,Clopidogrel_Tab 75mg,0209000C0AAAAAA,3,0.014699999999999984
4,J82622,Aripiprazole_Tab 10mg,0402010ADAAAAAA,3,0.014400000000000412
275,J82180,Quetiapine_Tab 25mg,0402010ABAAABAB,1,0.014000000000000401
274,J82101,Quetiapine_Tab 25mg,0402010ABAAABAB,1,0.014000000000000401
273,J82002,Quetiapine_Tab 25mg,0402010ABAAABAB,1,0.014000000000000401
276,J82080,Quetiapine_Tab 25mg,0402010ABAAABAB,1,0.014000000000000401
201,J82024,Montelukast_Tab 10mg,0303020G0AAABAB,5,0.013999999999999985
71,J82207,Paracet_Tab 500mg,0407010H0AAAMAM,5,0.013999999999999915
69,J82622,Paracet_Tab 500mg,0407010H0AAAMAM,5,0.013999999999999915
70,J82622,Paracet_Tab 500mg,0407010H0AAAMAM,5,0.013999999999999915
72,J82207,Paracet_Tab 500mg,0407010H0AAAMAM,5,0.013999999999999915
73,J82081,Paracet_Tab 500mg,0407010H0AAAMAM,3,0.012599999999999924
74,J82081,Paracet_Tab 500mg,0407010H0AAAMAM,3,0.012599999999999924
78,J82141,Paracet_Tab 500mg,0407010H0AAAMAM,2,0.011999999999999927
75,J82141,Paracet_Tab 500mg,0407010H0AAAMAM,2,0.011999999999999927
76,J82024,Paracet_Tab 500mg,0407010H0AAAMAM,2,0.011999999999999927
77,J82024,Paracet_Tab 500mg,0407010H0AAAMAM,2,0.011999999999999927
277,J82092,Quetiapine_Tab 25mg,0402010ABAAABAB,3,0.011999999999999511
81,J82081,Paracet_Tab 500mg,0407010H0AAAMAM,4,0.011199999999999932
79,J82087,Paracet_Tab 500mg,0407010H0AAAMAM,4,0.011199999999999932
82,J82087,Paracet_Tab 500mg,0407010H0AAAMAM,4,0.011199999999999932
80,J82081,Paracet_Tab 500mg,0407010H0AAAMAM,4,0.011199999999999932
178,J82622,Pregabalin_Cap 200mg,0408010AEAAAFAF,4,0.011199999999999544
279,J82115,Quetiapine_Tab 25mg,0402010ABAAABAB,2,0.011199999999999544
280,J82207,Quetiapine_Tab 25mg,0402010ABAAABAB,2,0.011199999999999544
281,J82076,Quetiapine_Tab 25mg,0402010ABAAABAB,2,0.011199999999999544
179,J82081,Pregabalin_Cap 200mg,0408010AEAAAFAF,4,0.011199999999999544
278,J82217,Quetiapine_Tab 25mg,0402010ABAAABAB,2,0.011199999999999544
223,J82001,Clopidogrel_Tab 75mg,0209000C0AAAAAA,2,0.00979999999999999
5,J82217,Aripiprazole_Tab 10mg,0402010ADAAAAAA,2,0.008400000000001406
290,J82208,Quetiapine_Tab 25mg,0402010ABAAABAB,1,0.00840000000000024
282,J82622,Quetiapine_Tab 25mg,0402010ABAAABAB,2,0.00840000000000024
283,J82062,Quetiapine_Tab 25mg,0402010ABAAABAB,2,0.00840000000000024
284,J82040,Quetiapine_Tab 25mg,0402010ABAAABAB,1,0.00840000000000024
285,J82207,Quetiapine_Tab 25mg,0402010ABAAABAB,2,0.00840000000000024
286,J82087,Quetiapine_Tab 25mg,0402010ABAAABAB,1,0.00840000000000024
287,J82076,Quetiapine_Tab 25mg,0402010ABAAABAB,2,0.00840000000000024
288,J82217,Quetiapine_Tab 25mg,0402010ABAAABAB,1,0.00840000000000024
289,J82183,Quetiapine_Tab 25mg,0402010ABAAABAB,1,0.00840000000000024
291,J82092,Quetiapine_Tab 25mg,0402010ABAAABAB,1,0.00840000000000024
292,J82126,Quetiapine_Tab 25mg,0402010ABAAABAB,2,0.00840000000000024
86,J82022,Paracet_Tab 500mg,0407010H0AAAMAM,3,0.00839999999999995
85,J82024,Paracet_Tab 500mg,0407010H0AAAMAM,3,0.00839999999999995
84,J82022,Paracet_Tab 500mg,0407010H0AAAMAM,3,0.00839999999999995
83,J82024,Paracet_Tab 500mg,0407010H0AAAMAM,3,0.00839999999999995
180,J82062,Pregabalin_Cap 200mg,0408010AEAAAFAF,3,0.008399999999999658
224,J82208,Clopidogrel_Tab 75mg,0209000C0AAAAAA,1,0.006299999999999889
87,J82076,Paracet_Tab 500mg,0407010H0AAAMAM,1,0.005999999999999964
91,J82180,Paracet_Tab 500mg,0407010H0AAAMAM,1,0.005999999999999964
95,J82076,Paracet_Tab 500mg,0407010H0AAAMAM,1,0.005999999999999964
96,J82001,Paracet_Tab 500mg,0407010H0AAAMAM,1,0.005999999999999964
90,J82001,Paracet_Tab 500mg,0407010H0AAAMAM,1,0.005999999999999964
89,Y05074,Paracet_Tab 500mg,0407010H0AAAMAM,1,0.005999999999999964
88,J82208,Paracet_Tab 500mg,0407010H0AAAMAM,1,0.005999999999999964
94,Y05074,Paracet_Tab 500mg,0407010H0AAAMAM,1,0.005999999999999964
92,J82180,Paracet_Tab 500mg,0407010H0AAAMAM,1,0.005999999999999964
93,J82208,Paracet_Tab 500mg,0407010H0AAAMAM,1,0.005999999999999964
8,J82062,Aripiprazole_Tab 10mg,0402010ADAAAAAA,1,0.00560000000000016
7,J82092,Aripiprazole_Tab 10mg,0402010ADAAAAAA,1,0.00560000000000016
6,J82208,Aripiprazole_Tab 10mg,0402010ADAAAAAA,1,0.00560000000000016
97,J82088,Paracet_Tab 500mg,0407010H0AAAMAM,1,0.005599999999999966
98,J82088,Paracet_Tab 500mg,0407010H0AAAMAM,1,0.005599999999999966
294,J82208,Quetiapine_Tab 25mg,0402010ABAAABAB,1,0.005599999999999772
295,J82126,Quetiapine_Tab 25mg,0402010ABAAABAB,1,0.005599999999999772
296,J82663,Quetiapine_Tab 25mg,0402010ABAAABAB,1,0.005599999999999772
293,J82087,Quetiapine_Tab 25mg,0402010ABAAABAB,1,0.005599999999999772
297,J82128,Quetiapine_Tab 25mg,0402010ABAAABAB,1,0.005599999999999772
298,J82080,Quetiapine_Tab 25mg,0402010ABAAABAB,1,0.005599999999999772
225,J82605,Clopidogrel_Tab 75mg,0209000C0AAAAAA,1,0.004899999999999995
160,J82081,Memantine HCl_Tab 20mg,0411000G0AAADAD,1,0.004899999999999995
299,J82024,Quetiapine_Tab 25mg,0402010ABAAABAB,3,0.004799999999999804
302,J82208,Quetiapine_Tab 25mg,0402010ABAAABAB,1,0.00420000000000012
304,J82024,Quetiapine_Tab 25mg,0402010ABAAABAB,1,0.00420000000000012
301,J82081,Quetiapine_Tab 25mg,0402010ABAAABAB,1,0.00420000000000012
300,J82217,Quetiapine_Tab 25mg,0402010ABAAABAB,1,0.00420000000000012
303,J82213,Quetiapine_Tab 25mg,0402010ABAAABAB,1,0.00420000000000012
100,J82062,Paracet_Tab 500mg,0407010H0AAAMAM,1,0.004199999999999975
99,J82062,Paracet_Tab 500mg,0407010H0AAAMAM,1,0.004199999999999975
170,J82001,Atorvastatin_Tab 20mg,0212000B0AAABAB,1,0.00360000000000002
161,J82076,Memantine HCl_Tab 20mg,0411000G0AAADAD,1,0.003499999999999996
305,J82122,Quetiapine_Tab 25mg,0402010ABAAABAB,2,0.0031999999999998696
171,J82141,Atorvastatin_Tab 20mg,0212000B0AAABAB,1,0.0030000000000000165
101,J82128,Paracet_Tab 500mg,0407010H0AAAMAM,1,0.002999999999999982
102,J82128,Paracet_Tab 500mg,0407010H0AAAMAM,1,0.002999999999999982
104,J82062,Paracet_Tab 500mg,0407010H0AAAMAM,1,0.002799999999999983
103,J82062,Paracet_Tab 500mg,0407010H0AAAMAM,1,0.002799999999999983
182,J82101,Pregabalin_Cap 200mg,0408010AEAAAFAF,1,0.002799999999999886
181,J82024,Pregabalin_Cap 200mg,0408010AEAAAFAF,1,0.002799999999999886
226,J82141,Clopidogrel_Tab 75mg,0209000C0AAAAAA,1,0.002499999999999898
9,J82622,Aripiprazole_Tab 10mg,0402010ADAAAAAA,4,0.002400000000000402
306,J82024,Quetiapine_Tab 25mg,0402010ABAAABAB,3,0.002399999999999902
105,J82605,Paracet_Tab 500mg,0407010H0AAAMAM,1,0.0020999999999999873
106,J82605,Paracet_Tab 500mg,0407010H0AAAMAM,1,0.0020999999999999873
307,J82002,Quetiapine_Tab 25mg,0402010ABAAABAB,1,0.0015999999999999348
10,J82040,Aripiprazole_Tab 10mg,0402010ADAAAAAA,2,0.0006000000000001005
310,J82062,Quetiapine_Tab 25mg,0402010ABAAABAB,1,-0.00140000000000004
308,J82088,Quetiapine_Tab 25mg,0402010ABAAABAB,1,-0.00140000000000004
309,J82208,Quetiapine_Tab 25mg,0402010ABAAABAB,1,-0.00140000000000004
11,J82088,Aripiprazole_Tab 10mg,0402010ADAAAAAA,1,-0.002099999999999963
12,J82122,Aripiprazole_Tab 10mg,0402010ADAAAAAA,1,-0.002099999999999963
13,J82207,Aripiprazole_Tab 10mg,0402010ADAAAAAA,1,-0.002099999999999963
227,J82081,Clopidogrel_Tab 75mg,0209000C0AAAAAA,1,-0.0020999999999999977
314,J82217,Quetiapine_Tab 25mg,0402010ABAAABAB,2,-0.00280000000000008
313,J82208,Quetiapine_Tab 25mg,0402010ABAAABAB,1,-0.00280000000000008
312,J82088,Quetiapine_Tab 25mg,0402010ABAAABAB,1,-0.00280000000000008
311,J82141,Quetiapine_Tab 25mg,0402010ABAAABAB,1,-0.00280000000000008
188,J82040,Pregabalin_Cap 200mg,0408010AEAAAFAF,1,-0.00280000000000008
189,J82080,Pregabalin_Cap 200mg,0408010AEAAAFAF,1,-0.00280000000000008
187,J82024,Pregabalin_Cap 200mg,0408010AEAAAFAF,1,-0.00280000000000008
186,J82076,Pregabalin_Cap 200mg,0408010AEAAAFAF,1,-0.00280000000000008
185,J82081,Pregabalin_Cap 200mg,0408010AEAAAFAF,1,-0.00280000000000008
184,J82141,Pregabalin_Cap 200mg,0408010AEAAAFAF,1,-0.00280000000000008
183,J82122,Pregabalin_Cap 200mg,0408010AEAAAFAF,1,-0.00280000000000008
172,J82024,Atorvastatin_Tab 20mg,0212000B0AAABAB,1,-0.0029999999999998778
173,J82115,Atorvastatin_Tab 20mg,0212000B0AAABAB,1,-0.0029999999999998778
174,J82002,Atorvastatin_Tab 20mg,0212000B0AAABAB,1,-0.0029999999999998778
162,J82062,Memantine HCl_Tab 20mg,0411000G0AAADAD,1,-0.002999999999999947
315,J82122,Quetiapine_Tab 25mg,0402010ABAAABAB,1,-0.003000000000000086
109,J82076,Paracet_Tab 500mg,0407010H0AAAMAM,1,-0.003999999999999976
108,J82622,Paracet_Tab 500mg,0407010H0AAAMAM,1,-0.003999999999999976
107,J82076,Paracet_Tab 500mg,0407010H0AAAMAM,1,-0.003999999999999976
110,J82622,Paracet_Tab 500mg,0407010H0AAAMAM,1,-0.003999999999999976
318,J82087,Quetiapine_Tab 25mg,0402010ABAAABAB,1,-0.00420000000000012
317,J82101,Quetiapine_Tab 25mg,0402010ABAAABAB,3,-0.00420000000000012
316,J82128,Quetiapine_Tab 25mg,0402010ABAAABAB,1,-0.00420000000000012
111,J82207,Paracet_Tab 500mg,0407010H0AAAMAM,1,-0.004799999999999971
112,J82207,Paracet_Tab 500mg,0407010H0AAAMAM,1,-0.004799999999999971
319,J82081,Quetiapine_Tab 25mg,0402010ABAAABAB,3,-0.00540000000000003
120,Y05074,Paracet_Tab 500mg,0407010H0AAAMAM,1,-0.005599999999999966
119,J82128,Paracet_Tab 500mg,0407010H0AAAMAM,1,-0.005599999999999966
113,J82183,Paracet_Tab 500mg,0407010H0AAAMAM,1,-0.005599999999999966
114,J82128,Paracet_Tab 500mg,0407010H0AAAMAM,1,-0.005599999999999966
116,J82115,Paracet_Tab 500mg,0407010H0AAAMAM,1,-0.005599999999999966
117,Y05074,Paracet_Tab 500mg,0407010H0AAAMAM,1,-0.005599999999999966
118,J82183,Paracet_Tab 500mg,0407010H0AAAMAM,1,-0.005599999999999966
115,J82115,Paracet_Tab 500mg,0407010H0AAAMAM,1,-0.005599999999999966
323,J82122,Quetiapine_Tab 25mg,0402010ABAAABAB,2,-0.00560000000000016
320,J82115,Quetiapine_Tab 25mg,0402010ABAAABAB,2,-0.00560000000000016
193,J82062,Pregabalin_Cap 200mg,0408010AEAAAFAF,2,-0.00560000000000016
192,J82001,Pregabalin_Cap 200mg,0408010AEAAAFAF,2,-0.00560000000000016
191,J82088,Pregabalin_Cap 200mg,0408010AEAAAFAF,2,-0.00560000000000016
190,J82622,Pregabalin_Cap 200mg,0408010AEAAAFAF,2,-0.00560000000000016
321,J82022,Quetiapine_Tab 25mg,0402010ABAAABAB,2,-0.00560000000000016
322,J82080,Quetiapine_Tab 25mg,0402010ABAAABAB,2,-0.00560000000000016
14,J82115,Aripiprazole_Tab 10mg,0402010ADAAAAAA,4,-0.008399999999999852
15,J82040,Aripiprazole_Tab 10mg,0402010ADAAAAAA,4,-0.008399999999999852
324,J82207,Quetiapine_Tab 25mg,0402010ABAAABAB,6,-0.00840000000000024
325,J82092,Quetiapine_Tab 25mg,0402010ABAAABAB,3,-0.00840000000000024
326,J82062,Quetiapine_Tab 25mg,0402010ABAAABAB,2,-0.00840000000000024
327,J82141,Quetiapine_Tab 25mg,0402010ABAAABAB,2,-0.00840000000000024
202,J82024,Montelukast_Tab 10mg,0303020G0AAABAB,3,-0.009000000000000008
121,J82141,Paracet_Tab 500mg,0407010H0AAAMAM,2,-0.011199999999999932
122,J82141,Paracet_Tab 500mg,0407010H0AAAMAM,2,-0.011199999999999932
328,J82040,Quetiapine_Tab 25mg,0402010ABAAABAB,4,-0.01120000000000032
329,J82002,Quetiapine_Tab 25mg,0402010ABAAABAB,4,-0.01120000000000032
235,J82076,Mesalazine_Tab E/C 400mg,0105010B0AAAAAA,1,-0.011999999999998678
236,J82213,Mesalazine_Tab E/C 400mg,0105010B0AAAAAA,1,-0.011999999999998678
203,J82207,Montelukast_Tab 10mg,0303020G0AAABAB,1,-0.011999999999999511
330,J82622,Quetiapine_Tab 25mg,0402010ABAAABAB,7,-0.01260000000000007
331,J82024,Quetiapine_Tab 25mg,0402010ABAAABAB,5,-0.014000000000000401
123,J82040,Paracet_Tab 500mg,0407010H0AAAMAM,3,-0.0167999999999999
124,J82040,Paracet_Tab 500mg,0407010H0AAAMAM,3,-0.0167999999999999
333,J82622,Quetiapine_Tab 25mg,0402010ABAAABAB,6,-0.01680000000000048
336,J82207,Quetiapine_Tab 25mg,0402010ABAAABAB,6,-0.01680000000000048
334,J82062,Quetiapine_Tab 25mg,0402010ABAAABAB,6,-0.01680000000000048
335,J82183,Quetiapine_Tab 25mg,0402010ABAAABAB,6,-0.01680000000000048
332,J82092,Quetiapine_Tab 25mg,0402010ABAAABAB,4,-0.01680000000000048
337,J82141,Quetiapine_Tab 25mg,0402010ABAAABAB,5,-0.0180000000000001
16,J82024,Aripiprazole_Tab 10mg,0402010ADAAAAAA,10,-0.02099999999999963
126,J82024,Paracet_Tab 500mg,0407010H0AAAMAM,5,-0.023999999999999855
125,J82024,Paracet_Tab 500mg,0407010H0AAAMAM,5,-0.023999999999999855
127,J82217,Paracet_Tab 500mg,0407010H0AAAMAM,5,-0.02799999999999983
128,J82217,Paracet_Tab 500mg,0407010H0AAAMAM,5,-0.02799999999999983
129,J82002,Paracet_Tab 500mg,0407010H0AAAMAM,6,-0.0335999999999998
130,J82062,Paracet_Tab 500mg,0407010H0AAAMAM,6,-0.0335999999999998
131,J82062,Paracet_Tab 500mg,0407010H0AAAMAM,6,-0.0335999999999998
132,J82002,Paracet_Tab 500mg,0407010H0AAAMAM,6,-0.0335999999999998
338,J82141,Quetiapine_Tab 25mg,0402010ABAAABAB,19,-0.03420000000000019
339,J82122,Quetiapine_Tab 25mg,0402010ABAAABAB,10,-0.0420000000000012
133,J82101,Paracet_Tab 500mg,0407010H0AAAMAM,9,-0.050399999999999695
134,J82101,Paracet_Tab 500mg,0407010H0AAAMAM,9,-0.050399999999999695
194,J82081,Pregabalin_Cap 200mg,0408010AEAAAFAF,23,-0.055200000000000304
136,J82076,Paracet_Tab 500mg,0407010H0AAAMAM,10,-0.05599999999999966
135,J82076,Paracet_Tab 500mg,0407010H0AAAMAM,10,-0.05599999999999966
137,J82207,Paracet_Tab 500mg,0407010H0AAAMAM,11,-0.06159999999999963
138,J82207,Paracet_Tab 500mg,0407010H0AAAMAM,11,-0.06159999999999963
139,J82024,Paracet_Tab 500mg,0407010H0AAAMAM,11,-0.06159999999999963
140,J82024,Paracet_Tab 500mg,0407010H0AAAMAM,11,-0.06159999999999963
340,J82081,Quetiapine_Tab 25mg,0402010ABAAABAB,23,-0.06440000000000184
141,J82092,Paracet_Tab 500mg,0407010H0AAAMAM,12,-0.0671999999999996
142,J82092,Paracet_Tab 500mg,0407010H0AAAMAM,12,-0.0671999999999996
341,J82622,Quetiapine_Tab 25mg,0402010ABAAABAB,16,-0.07359999999999989
342,J82076,Quetiapine_Tab 25mg,0402010ABAAABAB,2,-0.08260000000000003
143,J82122,Paracet_Tab 500mg,0407010H0AAAMAM,19,-0.10639999999999936
144,J82122,Paracet_Tab 500mg,0407010H0AAAMAM,19,-0.10639999999999936
146,J82081,Paracet_Tab 500mg,0407010H0AAAMAM,24,-0.1343999999999992
145,J82081,Paracet_Tab 500mg,0407010H0AAAMAM,24,-0.1343999999999992
343,J82081,Quetiapine_Tab 25mg,0402010ABAAABAB,30,-0.1379999999999998
148,J82622,Paracet_Tab 500mg,0407010H0AAAMAM,25,-0.13999999999999915
147,J82622,Paracet_Tab 500mg,0407010H0AAAMAM,25,-0.13999999999999915
344,J82076,Quetiapine_Tab 25mg,0402010ABAAABAB,15,-0.3570000000000015
345,J82076,Quetiapine_Tab 25mg,0402010ABAAABAB,5,-0.689999999999999
150,J82076,Paracet_Tab 500mg,0407010H0AAAMAM,8,-0.8063999999999998
149,J82076,Paracet_Tab 500mg,0407010H0AAAMAM,8,-0.8063999999999998
151,J82183,Paracet_Tab 500mg,0407010H0AAAMAM,34,-1.3599999999999919
152,J82183,Paracet_Tab 500mg,0407010H0AAAMAM,34,-1.3599999999999919
237,J82092,Mesalazine_Tab E/C 400mg,0105010B0AAAAAA,1,-12.833999999999998
