,practice_code,bnf_description,bnf_code,items,excess_cost
450,D82036,Modafinil_Tab 200mg,0404000R0AAACAC,1,96.24
176,D82002,Atorvastatin_Tab 10mg,0212000B0AAAAAA,133,93.10000000000001
210,D82064,Atorvastatin_Tab 20mg,0212000B0AAABAB,319,90.21320000000004
443,D82624,Atorvastatin_Tab 40mg,0212000B0AAACAC,3,89.00640000000001
371,D82022,Memantine HCl_Tab 20mg,0411000G0AAADAD,11,63.91
372,D82041,Memantine HCl_Tab 20mg,0411000G0AAADAD,8,63.9072
373,D82064,Memantine HCl_Tab 20mg,0411000G0AAADAD,18,63.907199999999996
383,D82064,Sumatriptan_Tab 50mg,0407041T0AAAFAF,32,55.007999999999996
384,D82624,Sumatriptan_Tab 50mg,0407041T0AAAFAF,9,55.0044
0,D82045,Paracet_Tab 500mg,0407010H0AAAMAM,249,54.780000000000015
1,D82045,Paracet_Tab 500mg,0407010H0AAAMAM,249,54.780000000000015
2,D82045,Paracet_Tab 500mg,0407010H0AAAMAM,65,50.70000000000001
3,D82045,Paracet_Tab 500mg,0407010H0AAAMAM,65,50.70000000000001
177,D82064,Atorvastatin_Tab 10mg,0212000B0AAAAAA,318,46.300799999999995
211,D82020,Atorvastatin_Tab 20mg,0212000B0AAABAB,58,45.147200000000005
178,D82084,Atorvastatin_Tab 10mg,0212000B0AAAAAA,423,34.3476
452,D82624,Gabapentin_Cap 300mg,0408010G0AAABAB,7,26.283600000000003
453,D82624,Gabapentin_Cap 300mg,0408010G0AAABAB,7,26.224800000000002
385,D82002,Sumatriptan_Tab 50mg,0407041T0AAAFAF,33,24.611399999999993
179,D82064,Atorvastatin_Tab 10mg,0212000B0AAAAAA,3,23.267999999999997
180,Y05291,Atorvastatin_Tab 10mg,0212000B0AAAAAA,10,23.240000000000002
181,D82041,Atorvastatin_Tab 10mg,0212000B0AAAAAA,19,23.1952
182,D82020,Atorvastatin_Tab 10mg,0212000B0AAAAAA,39,23.150400000000012
212,D82037,Atorvastatin_Tab 20mg,0212000B0AAABAB,266,23.08880000000004
213,D82041,Atorvastatin_Tab 20mg,0212000B0AAABAB,174,22.898400000000013
444,D82002,Atorvastatin_Tab 40mg,0212000B0AAACAC,239,22.7528
5,D82045,Paracet_Tab 500mg,0407010H0AAAMAM,46,22.668800000000005
4,D82045,Paracet_Tab 500mg,0407010H0AAAMAM,46,22.668800000000005
214,D82046,Atorvastatin_Tab 20mg,0212000B0AAABAB,197,22.615599999999997
215,D82020,Atorvastatin_Tab 20mg,0212000B0AAABAB,196,22.500799999999998
216,Y05291,Atorvastatin_Tab 20mg,0212000B0AAABAB,136,22.46720000000001
445,D82624,Atorvastatin_Tab 40mg,0212000B0AAACAC,50,22.259999999999998
446,D82039,Atorvastatin_Tab 40mg,0212000B0AAACAC,115,22.21800000000001
386,D82046,Sumatriptan_Tab 50mg,0407041T0AAAFAF,10,21.354
7,Y01690,Paracet_Tab 500mg,0407010H0AAAMAM,33,20.130000000000003
6,Y01690,Paracet_Tab 500mg,0407010H0AAAMAM,33,20.130000000000003
542,D82037,Omeprazole_Cap E/C 20mg,0103050P0AAAAAA,104,18.05439999999999
543,D82624,Omeprazole_Cap E/C 20mg,0103050P0AAAAAA,16,17.7408
454,D82624,Gabapentin_Cap 300mg,0408010G0AAABAB,2,17.516799999999996
455,D82624,Gabapentin_Cap 300mg,0408010G0AAABAB,1,15.639999999999999
544,D82624,Omeprazole_Cap E/C 20mg,0103050P0AAAAAA,53,12.465599999999997
9,D82063,Paracet_Tab 500mg,0407010H0AAAMAM,53,11.87200000000001
8,D82063,Paracet_Tab 500mg,0407010H0AAAMAM,53,11.87200000000001
183,D82063,Atorvastatin_Tab 10mg,0212000B0AAAAAA,210,11.76000000000001
184,D82624,Atorvastatin_Tab 10mg,0212000B0AAAAAA,63,11.642400000000004
11,D82084,Paracet_Tab 500mg,0407010H0AAAMAM,37,11.603200000000015
10,D82084,Paracet_Tab 500mg,0407010H0AAAMAM,37,11.603200000000015
185,D82050,Atorvastatin_Tab 10mg,0212000B0AAAAAA,91,11.466000000000001
13,D82078,Paracet_Tab 500mg,0407010H0AAAMAM,23,11.334400000000002
12,D82078,Paracet_Tab 500mg,0407010H0AAAMAM,23,11.334400000000002
15,D82022,Paracet_Tab 500mg,0407010H0AAAMAM,32,10.240000000000006
14,D82022,Paracet_Tab 500mg,0407010H0AAAMAM,32,10.240000000000006
16,D82084,Paracet_Tab 500mg,0407010H0AAAMAM,158,9.479999999999997
17,D82084,Paracet_Tab 500mg,0407010H0AAAMAM,158,9.479999999999997
545,D82037,Omeprazole_Cap E/C 20mg,0103050P0AAAAAA,440,8.62399999999999
225,D82041,Clonazepam_Tab 500mcg,0408010F0AAABAB,12,7.593599999999984
224,D82034,Clonazepam_Tab 500mcg,0408010F0AAABAB,12,7.593599999999984
546,Y05291,Omeprazole_Cap E/C 20mg,0103050P0AAAAAA,13,7.0616
387,D82050,Sumatriptan_Tab 50mg,0407041T0AAAFAF,4,6.503999999999998
18,D82002,Paracet_Tab 500mg,0407010H0AAAMAM,86,6.019999999999993
19,D82002,Paracet_Tab 500mg,0407010H0AAAMAM,86,6.019999999999993
20,D82045,Paracet_Tab 500mg,0407010H0AAAMAM,6,5.7792
21,D82045,Paracet_Tab 500mg,0407010H0AAAMAM,6,5.7792
227,D82056,Clonazepam_Tab 500mcg,0408010F0AAABAB,5,5.649999999999988
226,D82085,Clonazepam_Tab 500mcg,0408010F0AAABAB,5,5.649999999999988
23,D82022,Paracet_Tab 500mg,0407010H0AAAMAM,2,5.644800000000001
24,D82078,Paracet_Tab 500mg,0407010H0AAAMAM,7,5.644800000000001
25,D82078,Paracet_Tab 500mg,0407010H0AAAMAM,7,5.644800000000001
22,D82022,Paracet_Tab 500mg,0407010H0AAAMAM,2,5.644800000000001
228,D82034,Clonazepam_Tab 500mcg,0408010F0AAABAB,17,5.378799999999989
27,D82046,Paracet_Tab 500mg,0407010H0AAAMAM,104,5.200000000000005
26,D82046,Paracet_Tab 500mg,0407010H0AAAMAM,104,5.200000000000005
29,D82078,Paracet_Tab 500mg,0407010H0AAAMAM,85,5.099999999999999
28,D82078,Paracet_Tab 500mg,0407010H0AAAMAM,85,5.099999999999999
229,D82042,Clonazepam_Tab 500mcg,0408010F0AAABAB,2,5.06239999999999
230,D82063,Clonazepam_Tab 500mcg,0408010F0AAABAB,8,5.06239999999999
31,D82050,Paracet_Tab 500mg,0407010H0AAAMAM,44,4.928000000000004
30,D82050,Paracet_Tab 500mg,0407010H0AAAMAM,44,4.928000000000004
33,D82046,Paracet_Tab 500mg,0407010H0AAAMAM,15,4.896000000000001
32,D82046,Paracet_Tab 500mg,0407010H0AAAMAM,15,4.896000000000001
34,D82064,Paracet_Tab 500mg,0407010H0AAAMAM,241,4.8200000000000545
35,D82064,Paracet_Tab 500mg,0407010H0AAAMAM,241,4.8200000000000545
231,D82041,Clonazepam_Tab 500mcg,0408010F0AAABAB,15,4.74599999999999
232,D82050,Clonazepam_Tab 500mcg,0408010F0AAABAB,5,4.74599999999999
233,D82031,Clonazepam_Tab 500mcg,0408010F0AAABAB,2,4.519999999999991
37,D82022,Paracet_Tab 500mg,0407010H0AAAMAM,127,3.810000000000021
36,D82022,Paracet_Tab 500mg,0407010H0AAAMAM,127,3.810000000000021
234,D82006,Clonazepam_Tab 500mcg,0408010F0AAABAB,3,3.796799999999992
235,D82022,Clonazepam_Tab 500mcg,0408010F0AAABAB,6,3.796799999999992
39,D82041,Paracet_Tab 500mg,0407010H0AAAMAM,117,3.5100000000000193
38,D82041,Paracet_Tab 500mg,0407010H0AAAMAM,117,3.5100000000000193
236,D82031,Clonazepam_Tab 500mcg,0408010F0AAABAB,3,3.389999999999993
241,Y01690,Clonazepam_Tab 500mcg,0408010F0AAABAB,1,3.389999999999993
239,D82064,Clonazepam_Tab 500mcg,0408010F0AAABAB,3,3.389999999999993
238,D82020,Clonazepam_Tab 500mcg,0408010F0AAABAB,2,3.389999999999993
237,D82037,Clonazepam_Tab 500mcg,0408010F0AAABAB,3,3.389999999999993
240,D82022,Clonazepam_Tab 500mcg,0408010F0AAABAB,5,3.389999999999993
547,D82084,Omeprazole_Cap E/C 20mg,0103050P0AAAAAA,60,3.3599999999999914
242,D82020,Clonazepam_Tab 500mcg,0408010F0AAABAB,5,3.1639999999999935
243,D82002,Clonazepam_Tab 500mcg,0408010F0AAABAB,5,3.1639999999999935
548,D82045,Omeprazole_Cap E/C 20mg,0103050P0AAAAAA,109,3.0520000000000027
244,D82064,Clonazepam_Tab 500mcg,0408010F0AAABAB,9,2.847599999999994
247,D82063,Clonazepam_Tab 500mcg,0408010F0AAABAB,9,2.847599999999994
245,Y01690,Clonazepam_Tab 500mcg,0408010F0AAABAB,3,2.847599999999994
246,D82063,Clonazepam_Tab 500mcg,0408010F0AAABAB,3,2.847599999999994
41,D82045,Paracet_Tab 500mg,0407010H0AAAMAM,5,2.8000000000000007
40,D82045,Paracet_Tab 500mg,0407010H0AAAMAM,5,2.8000000000000007
248,D82006,Clonazepam_Tab 500mcg,0408010F0AAABAB,1,2.531199999999995
249,D82037,Clonazepam_Tab 500mcg,0408010F0AAABAB,4,2.531199999999995
250,D82031,Clonazepam_Tab 500mcg,0408010F0AAABAB,8,2.531199999999995
251,D82063,Clonazepam_Tab 500mcg,0408010F0AAABAB,2,2.531199999999995
42,D82020,Paracet_Tab 500mg,0407010H0AAAMAM,4,2.4864000000000015
43,D82020,Paracet_Tab 500mg,0407010H0AAAMAM,4,2.4864000000000015
252,D82064,Clonazepam_Tab 500mcg,0408010F0AAABAB,7,2.372999999999995
253,D82100,Clonazepam_Tab 500mcg,0408010F0AAABAB,2,2.2599999999999953
254,D82039,Clonazepam_Tab 500mcg,0408010F0AAABAB,3,1.898399999999996
259,D82045,Clonazepam_Tab 500mcg,0408010F0AAABAB,1,1.898399999999996
255,D82006,Clonazepam_Tab 500mcg,0408010F0AAABAB,3,1.898399999999996
262,D82078,Clonazepam_Tab 500mcg,0408010F0AAABAB,4,1.898399999999996
256,D82100,Clonazepam_Tab 500mcg,0408010F0AAABAB,3,1.898399999999996
264,D82624,Clonazepam_Tab 500mcg,0408010F0AAABAB,1,1.898399999999996
263,D82042,Clonazepam_Tab 500mcg,0408010F0AAABAB,6,1.898399999999996
260,D82064,Clonazepam_Tab 500mcg,0408010F0AAABAB,2,1.898399999999996
261,D82031,Clonazepam_Tab 500mcg,0408010F0AAABAB,3,1.898399999999996
258,D82002,Clonazepam_Tab 500mcg,0408010F0AAABAB,6,1.898399999999996
257,D82036,Clonazepam_Tab 500mcg,0408010F0AAABAB,1,1.898399999999996
549,Y05291,Omeprazole_Cap E/C 20mg,0103050P0AAAAAA,48,1.7471999999999988
265,D82006,Clonazepam_Tab 500mcg,0408010F0AAABAB,3,1.7099999999999949
266,D82624,Clonazepam_Tab 500mcg,0408010F0AAABAB,1,1.5819999999999967
267,D82050,Clonazepam_Tab 500mcg,0408010F0AAABAB,5,1.5819999999999967
268,D82002,Clonazepam_Tab 500mcg,0408010F0AAABAB,1,1.5819999999999967
269,D82050,Clonazepam_Tab 500mcg,0408010F0AAABAB,3,1.423799999999997
270,D82042,Clonazepam_Tab 500mcg,0408010F0AAABAB,3,1.423799999999997
271,D82078,Clonazepam_Tab 500mcg,0408010F0AAABAB,2,1.3559999999999972
272,D82041,Clonazepam_Tab 500mcg,0408010F0AAABAB,2,1.3559999999999972
273,D82034,Clonazepam_Tab 500mcg,0408010F0AAABAB,1,1.3559999999999972
274,D82085,Clonazepam_Tab 500mcg,0408010F0AAABAB,2,1.3559999999999972
275,D82084,Clonazepam_Tab 500mcg,0408010F0AAABAB,2,1.3559999999999972
550,D82064,Omeprazole_Cap E/C 20mg,0103050P0AAAAAA,476,1.3327999999999456
282,D82042,Clonazepam_Tab 500mcg,0408010F0AAABAB,1,1.2655999999999974
276,D82020,Clonazepam_Tab 500mcg,0408010F0AAABAB,4,1.2655999999999974
284,D82041,Clonazepam_Tab 500mcg,0408010F0AAABAB,1,1.2655999999999974
277,D82045,Clonazepam_Tab 500mcg,0408010F0AAABAB,4,1.2655999999999974
288,D82084,Clonazepam_Tab 500mcg,0408010F0AAABAB,4,1.2655999999999974
287,D82045,Clonazepam_Tab 500mcg,0408010F0AAABAB,1,1.2655999999999974
286,D82036,Clonazepam_Tab 500mcg,0408010F0AAABAB,2,1.2655999999999974
285,D82042,Clonazepam_Tab 500mcg,0408010F0AAABAB,2,1.2655999999999974
289,D82624,Clonazepam_Tab 500mcg,0408010F0AAABAB,4,1.2655999999999974
283,D82050,Clonazepam_Tab 500mcg,0408010F0AAABAB,1,1.2655999999999974
281,D82006,Clonazepam_Tab 500mcg,0408010F0AAABAB,4,1.2655999999999974
280,D82056,Clonazepam_Tab 500mcg,0408010F0AAABAB,2,1.2655999999999974
279,D82624,Clonazepam_Tab 500mcg,0408010F0AAABAB,2,1.2655999999999974
278,D82064,Clonazepam_Tab 500mcg,0408010F0AAABAB,2,1.2655999999999974
45,D82020,Paracet_Tab 500mg,0407010H0AAAMAM,120,1.1999999999999926
44,D82020,Paracet_Tab 500mg,0407010H0AAAMAM,120,1.1999999999999926
290,D82056,Clonazepam_Tab 500mcg,0408010F0AAABAB,5,1.1864999999999974
291,D82036,Clonazepam_Tab 500mcg,0408010F0AAABAB,1,1.1299999999999977
292,D82045,Clonazepam_Tab 500mcg,0408010F0AAABAB,1,1.1299999999999977
293,D82041,Clonazepam_Tab 500mcg,0408010F0AAABAB,1,1.1299999999999977
294,Y05291,Clonazepam_Tab 500mcg,0408010F0AAABAB,1,1.1299999999999977
295,D82037,Clonazepam_Tab 500mcg,0408010F0AAABAB,7,1.1073999999999977
296,D82084,Clonazepam_Tab 500mcg,0408010F0AAABAB,1,1.1073999999999977
551,D82002,Omeprazole_Cap E/C 20mg,0103050P0AAAAAA,391,1.0947999999999554
298,D82045,Clonazepam_Tab 500mcg,0408010F0AAABAB,3,1.016999999999998
297,D82020,Clonazepam_Tab 500mcg,0408010F0AAABAB,1,1.016999999999998
300,Y05291,Clonazepam_Tab 500mcg,0408010F0AAABAB,4,0.949199999999998
305,D82022,Clonazepam_Tab 500mcg,0408010F0AAABAB,1,0.949199999999998
299,D82031,Clonazepam_Tab 500mcg,0408010F0AAABAB,2,0.949199999999998
308,D82039,Clonazepam_Tab 500mcg,0408010F0AAABAB,3,0.949199999999998
306,D82002,Clonazepam_Tab 500mcg,0408010F0AAABAB,1,0.949199999999998
307,Y05291,Clonazepam_Tab 500mcg,0408010F0AAABAB,1,0.949199999999998
304,D82100,Clonazepam_Tab 500mcg,0408010F0AAABAB,3,0.949199999999998
303,D82031,Clonazepam_Tab 500mcg,0408010F0AAABAB,1,0.949199999999998
302,D82037,Clonazepam_Tab 500mcg,0408010F0AAABAB,4,0.949199999999998
301,D82078,Clonazepam_Tab 500mcg,0408010F0AAABAB,1,0.949199999999998
309,D82085,Clonazepam_Tab 500mcg,0408010F0AAABAB,20,0.8479999999999999
310,D82042,Clonazepam_Tab 500mcg,0408010F0AAABAB,1,0.7909999999999984
311,D82056,Clonazepam_Tab 500mcg,0408010F0AAABAB,10,0.7909999999999984
47,Y05291,Paracet_Tab 500mg,0407010H0AAAMAM,77,0.7699999999999954
46,Y05291,Paracet_Tab 500mg,0407010H0AAAMAM,77,0.7699999999999954
315,Y01690,Clonazepam_Tab 500mcg,0408010F0AAABAB,1,0.6779999999999986
318,D82045,Clonazepam_Tab 500mcg,0408010F0AAABAB,1,0.6779999999999986
316,D82036,Clonazepam_Tab 500mcg,0408010F0AAABAB,2,0.6779999999999986
317,D82022,Clonazepam_Tab 500mcg,0408010F0AAABAB,2,0.6779999999999986
314,D82046,Clonazepam_Tab 500mcg,0408010F0AAABAB,2,0.6779999999999986
312,D82100,Clonazepam_Tab 500mcg,0408010F0AAABAB,2,0.6779999999999986
313,Y05291,Clonazepam_Tab 500mcg,0408010F0AAABAB,2,0.6779999999999986
323,Y01690,Clonazepam_Tab 500mcg,0408010F0AAABAB,2,0.6327999999999987
328,D82078,Clonazepam_Tab 500mcg,0408010F0AAABAB,2,0.6327999999999987
327,D82045,Clonazepam_Tab 500mcg,0408010F0AAABAB,1,0.6327999999999987
325,D82050,Clonazepam_Tab 500mcg,0408010F0AAABAB,1,0.6327999999999987
324,D82085,Clonazepam_Tab 500mcg,0408010F0AAABAB,2,0.6327999999999987
326,Y05291,Clonazepam_Tab 500mcg,0408010F0AAABAB,1,0.6327999999999987
322,D82036,Clonazepam_Tab 500mcg,0408010F0AAABAB,2,0.6327999999999987
321,D82084,Clonazepam_Tab 500mcg,0408010F0AAABAB,1,0.6327999999999987
320,Y01690,Clonazepam_Tab 500mcg,0408010F0AAABAB,1,0.6327999999999987
319,D82036,Clonazepam_Tab 500mcg,0408010F0AAABAB,8,0.6327999999999987
329,D82064,Clonazepam_Tab 500mcg,0408010F0AAABAB,1,0.5699999999999983
330,D82041,Clonazepam_Tab 500mcg,0408010F0AAABAB,1,0.5699999999999983
331,D82022,Clonazepam_Tab 500mcg,0408010F0AAABAB,1,0.5699999999999983
552,D82056,Omeprazole_Cap E/C 20mg,0103050P0AAAAAA,106,0.5193999999999994
332,D82045,Clonazepam_Tab 500mcg,0408010F0AAABAB,3,0.474599999999999
333,D82045,Clonazepam_Tab 500mcg,0408010F0AAABAB,1,0.474599999999999
334,D82045,Clonazepam_Tab 500mcg,0408010F0AAABAB,1,0.45199999999999907
335,D82050,Clonazepam_Tab 500mcg,0408010F0AAABAB,5,0.3954999999999992
336,D82041,Clonazepam_Tab 500mcg,0408010F0AAABAB,5,0.3954999999999992
337,D82039,Clonazepam_Tab 500mcg,0408010F0AAABAB,5,0.3954999999999992
338,D82022,Clonazepam_Tab 500mcg,0408010F0AAABAB,1,0.3954999999999992
339,D82085,Clonazepam_Tab 500mcg,0408010F0AAABAB,4,0.37759999999999927
340,D82624,Clonazepam_Tab 500mcg,0408010F0AAABAB,2,0.3583999999999996
49,D82036,Paracet_Tab 500mg,0407010H0AAAMAM,16,0.35839999999999783
48,D82036,Paracet_Tab 500mg,0407010H0AAAMAM,16,0.35839999999999783
341,D82085,Clonazepam_Tab 500mcg,0408010F0AAABAB,1,0.3389999999999993
342,D82031,Clonazepam_Tab 500mcg,0408010F0AAABAB,1,0.3389999999999993
343,D82050,Clonazepam_Tab 500mcg,0408010F0AAABAB,1,0.3389999999999993
344,D82037,Clonazepam_Tab 500mcg,0408010F0AAABAB,1,0.3389999999999993
351,D82084,Clonazepam_Tab 500mcg,0408010F0AAABAB,4,0.31639999999999935
355,D82037,Clonazepam_Tab 500mcg,0408010F0AAABAB,1,0.31639999999999935
354,D82006,Clonazepam_Tab 500mcg,0408010F0AAABAB,4,0.31639999999999935
352,D82034,Clonazepam_Tab 500mcg,0408010F0AAABAB,2,0.31639999999999935
353,D82046,Clonazepam_Tab 500mcg,0408010F0AAABAB,4,0.31639999999999935
350,D82006,Clonazepam_Tab 500mcg,0408010F0AAABAB,2,0.31639999999999935
349,D82037,Clonazepam_Tab 500mcg,0408010F0AAABAB,4,0.31639999999999935
348,D82031,Clonazepam_Tab 500mcg,0408010F0AAABAB,2,0.31639999999999935
345,D82022,Clonazepam_Tab 500mcg,0408010F0AAABAB,4,0.31639999999999935
346,D82022,Clonazepam_Tab 500mcg,0408010F0AAABAB,1,0.31639999999999935
347,D82063,Clonazepam_Tab 500mcg,0408010F0AAABAB,2,0.31639999999999935
356,D82042,Clonazepam_Tab 500mcg,0408010F0AAABAB,20,0.31200000000000006
357,D82020,Clonazepam_Tab 500mcg,0408010F0AAABAB,3,0.2372999999999995
358,D82084,Clonazepam_Tab 500mcg,0408010F0AAABAB,1,0.2372999999999995
359,D82050,Clonazepam_Tab 500mcg,0408010F0AAABAB,1,0.22199999999999998
364,D82100,Clonazepam_Tab 500mcg,0408010F0AAABAB,1,0.15819999999999967
369,D82050,Clonazepam_Tab 500mcg,0408010F0AAABAB,1,0.15819999999999967
368,D82084,Clonazepam_Tab 500mcg,0408010F0AAABAB,1,0.15819999999999967
367,D82039,Clonazepam_Tab 500mcg,0408010F0AAABAB,1,0.15819999999999967
366,D82002,Clonazepam_Tab 500mcg,0408010F0AAABAB,1,0.15819999999999967
365,D82078,Clonazepam_Tab 500mcg,0408010F0AAABAB,1,0.15819999999999967
363,D82041,Clonazepam_Tab 500mcg,0408010F0AAABAB,1,0.15819999999999967
362,D82056,Clonazepam_Tab 500mcg,0408010F0AAABAB,1,0.15819999999999967
360,D82036,Clonazepam_Tab 500mcg,0408010F0AAABAB,1,0.15819999999999967
361,D82046,Clonazepam_Tab 500mcg,0408010F0AAABAB,1,0.15819999999999967
51,D82020,Paracet_Tab 500mg,0407010H0AAAMAM,31,0.14879999999999996
50,D82020,Paracet_Tab 500mg,0407010H0AAAMAM,31,0.14879999999999996
553,D82036,Omeprazole_Cap E/C 20mg,0103050P0AAAAAA,28,0.13719999999999985
456,D82022,Gabapentin_Cap 300mg,0408010G0AAABAB,30,0.13200000000000003
52,D82046,Paracet_Tab 500mg,0407010H0AAAMAM,27,0.12959999999999997
53,D82046,Paracet_Tab 500mg,0407010H0AAAMAM,27,0.12959999999999997
554,D82020,Omeprazole_Cap E/C 20mg,0103050P0AAAAAA,28,0.11759999999999987
555,D82041,Omeprazole_Cap E/C 20mg,0103050P0AAAAAA,22,0.10779999999999988
370,D82042,Clonazepam_Tab 500mcg,0408010F0AAABAB,5,0.10599999999999998
556,D82034,Omeprazole_Cap E/C 20mg,0103050P0AAAAAA,21,0.10289999999999988
457,D82046,Gabapentin_Cap 300mg,0408010G0AAABAB,27,0.0891000000000003
557,D82002,Omeprazole_Cap E/C 20mg,0103050P0AAAAAA,38,0.07979999999999951
558,D82037,Omeprazole_Cap E/C 20mg,0103050P0AAAAAA,16,0.07839999999999991
55,D82056,Paracet_Tab 500mg,0407010H0AAAMAM,18,0.07559999999999954
54,D82056,Paracet_Tab 500mg,0407010H0AAAMAM,18,0.07559999999999954
186,D82046,Atorvastatin_Tab 10mg,0212000B0AAAAAA,34,0.0714000000000004
57,D82036,Paracet_Tab 500mg,0407010H0AAAMAM,1,0.06719999999999993
56,D82036,Paracet_Tab 500mg,0407010H0AAAMAM,1,0.06719999999999993
559,D82020,Omeprazole_Cap E/C 20mg,0103050P0AAAAAA,31,0.06509999999999994
560,D82031,Omeprazole_Cap E/C 20mg,0103050P0AAAAAA,7,0.06369999999999995
374,D82037,Memantine HCl_Tab 20mg,0411000G0AAADAD,12,0.058799999999999936
561,Y05291,Omeprazole_Cap E/C 20mg,0103050P0AAAAAA,12,0.058799999999999936
458,D82056,Gabapentin_Cap 300mg,0408010G0AAABAB,27,0.056700000000001624
562,Y01690,Omeprazole_Cap E/C 20mg,0103050P0AAAAAA,10,0.048999999999999946
58,D82036,Paracet_Tab 500mg,0407010H0AAAMAM,16,0.04479999999999973
59,D82036,Paracet_Tab 500mg,0407010H0AAAMAM,16,0.04479999999999973
563,D82022,Omeprazole_Cap E/C 20mg,0103050P0AAAAAA,9,0.04409999999999995
565,D82006,Omeprazole_Cap E/C 20mg,0103050P0AAAAAA,9,0.04409999999999995
566,D82085,Omeprazole_Cap E/C 20mg,0103050P0AAAAAA,9,0.04409999999999995
567,D82064,Omeprazole_Cap E/C 20mg,0103050P0AAAAAA,9,0.04409999999999995
568,D82045,Omeprazole_Cap E/C 20mg,0103050P0AAAAAA,9,0.04409999999999995
564,D82020,Omeprazole_Cap E/C 20mg,0103050P0AAAAAA,9,0.04409999999999995
569,D82056,Omeprazole_Cap E/C 20mg,0103050P0AAAAAA,10,0.041999999999999954
61,D82045,Paracet_Tab 500mg,0407010H0AAAMAM,4,0.04000000000000045
60,D82045,Paracet_Tab 500mg,0407010H0AAAMAM,4,0.04000000000000045
459,D82034,Gabapentin_Cap 300mg,0408010G0AAABAB,14,0.03920000000000112
570,D82046,Omeprazole_Cap E/C 20mg,0103050P0AAAAAA,8,0.03919999999999996
375,D82046,Memantine HCl_Tab 20mg,0411000G0AAADAD,8,0.03919999999999996
376,D82624,Memantine HCl_Tab 20mg,0411000G0AAADAD,8,0.03919999999999996
62,D82056,Paracet_Tab 500mg,0407010H0AAAMAM,14,0.03919999999999976
63,D82056,Paracet_Tab 500mg,0407010H0AAAMAM,14,0.03919999999999976
460,Y05291,Gabapentin_Cap 300mg,0408010G0AAABAB,9,0.03780000000000108
571,D82039,Omeprazole_Cap E/C 20mg,0103050P0AAAAAA,7,0.03429999999999996
377,D82056,Memantine HCl_Tab 20mg,0411000G0AAADAD,7,0.03429999999999996
187,D82006,Atorvastatin_Tab 10mg,0212000B0AAAAAA,16,0.033600000000000185
188,D82056,Atorvastatin_Tab 10mg,0212000B0AAAAAA,15,0.031500000000000174
461,D82037,Gabapentin_Cap 300mg,0408010G0AAABAB,6,0.025200000000000722
189,Y05291,Atorvastatin_Tab 10mg,0212000B0AAAAAA,12,0.02520000000000014
572,D82042,Omeprazole_Cap E/C 20mg,0103050P0AAAAAA,5,0.024499999999999973
462,D82085,Gabapentin_Cap 300mg,0408010G0AAABAB,4,0.024000000000000687
463,D82031,Gabapentin_Cap 300mg,0408010G0AAABAB,8,0.02240000000000064
64,D82046,Paracet_Tab 500mg,0407010H0AAAMAM,8,0.022399999999999864
67,D82006,Paracet_Tab 500mg,0407010H0AAAMAM,8,0.022399999999999864
66,D82046,Paracet_Tab 500mg,0407010H0AAAMAM,8,0.022399999999999864
65,D82006,Paracet_Tab 500mg,0407010H0AAAMAM,8,0.022399999999999864
573,D82100,Omeprazole_Cap E/C 20mg,0103050P0AAAAAA,4,0.01959999999999998
378,D82039,Memantine HCl_Tab 20mg,0411000G0AAADAD,4,0.01959999999999998
574,D82050,Omeprazole_Cap E/C 20mg,0103050P0AAAAAA,4,0.01959999999999998
68,D82084,Paracet_Tab 500mg,0407010H0AAAMAM,7,0.01959999999999988
69,D82084,Paracet_Tab 500mg,0407010H0AAAMAM,7,0.01959999999999988
464,D82042,Gabapentin_Cap 300mg,0408010G0AAABAB,6,0.018000000000000516
465,D82045,Gabapentin_Cap 300mg,0408010G0AAABAB,3,0.018000000000000516
466,D82036,Gabapentin_Cap 300mg,0408010G0AAABAB,3,0.018000000000000516
467,D82036,Gabapentin_Cap 300mg,0408010G0AAABAB,6,0.018000000000000516
473,D82036,Gabapentin_Cap 300mg,0408010G0AAABAB,8,0.01680000000000048
472,D82041,Gabapentin_Cap 300mg,0408010G0AAABAB,4,0.01680000000000048
468,D82020,Gabapentin_Cap 300mg,0408010G0AAABAB,6,0.01680000000000048
469,D82045,Gabapentin_Cap 300mg,0408010G0AAABAB,6,0.01680000000000048
470,D82037,Gabapentin_Cap 300mg,0408010G0AAABAB,6,0.01680000000000048
471,D82002,Gabapentin_Cap 300mg,0408010G0AAABAB,4,0.01680000000000048
190,D82037,Atorvastatin_Tab 10mg,0212000B0AAAAAA,8,0.016800000000000093
192,D82100,Atorvastatin_Tab 10mg,0212000B0AAAAAA,8,0.016800000000000093
191,D82064,Atorvastatin_Tab 10mg,0212000B0AAAAAA,8,0.016800000000000093
71,D82037,Paracet_Tab 500mg,0407010H0AAAMAM,4,0.0167999999999999
72,D82006,Paracet_Tab 500mg,0407010H0AAAMAM,4,0.0167999999999999
73,D82006,Paracet_Tab 500mg,0407010H0AAAMAM,4,0.0167999999999999
70,D82037,Paracet_Tab 500mg,0407010H0AAAMAM,4,0.0167999999999999
379,D82036,Memantine HCl_Tab 20mg,0411000G0AAADAD,3,0.014699999999999984
74,D82046,Paracet_Tab 500mg,0407010H0AAAMAM,3,0.014400000000000163
75,D82046,Paracet_Tab 500mg,0407010H0AAAMAM,3,0.014400000000000163
476,D82050,Gabapentin_Cap 300mg,0408010G0AAABAB,5,0.014000000000000401
474,D82034,Gabapentin_Cap 300mg,0408010G0AAABAB,4,0.014000000000000401
475,D82063,Gabapentin_Cap 300mg,0408010G0AAABAB,5,0.014000000000000401
78,D82037,Paracet_Tab 500mg,0407010H0AAAMAM,5,0.013999999999999915
79,Y05291,Paracet_Tab 500mg,0407010H0AAAMAM,5,0.013999999999999915
77,Y05291,Paracet_Tab 500mg,0407010H0AAAMAM,5,0.013999999999999915
76,D82037,Paracet_Tab 500mg,0407010H0AAAMAM,5,0.013999999999999915
193,D82036,Atorvastatin_Tab 10mg,0212000B0AAAAAA,6,0.01260000000000007
477,D82045,Gabapentin_Cap 300mg,0408010G0AAABAB,4,0.012000000000000344
478,D82006,Gabapentin_Cap 300mg,0408010G0AAABAB,2,0.012000000000000344
81,D82020,Paracet_Tab 500mg,0407010H0AAAMAM,2,0.011999999999999927
80,D82020,Paracet_Tab 500mg,0407010H0AAAMAM,2,0.011999999999999927
479,D82042,Gabapentin_Cap 300mg,0408010G0AAABAB,4,0.01120000000000032
480,D82036,Gabapentin_Cap 300mg,0408010G0AAABAB,4,0.01120000000000032
82,D82039,Paracet_Tab 500mg,0407010H0AAAMAM,4,0.011199999999999932
83,D82039,Paracet_Tab 500mg,0407010H0AAAMAM,4,0.011199999999999932
87,D82034,Paracet_Tab 500mg,0407010H0AAAMAM,4,0.011199999999999932
86,D82020,Paracet_Tab 500mg,0407010H0AAAMAM,4,0.011199999999999932
85,D82020,Paracet_Tab 500mg,0407010H0AAAMAM,4,0.011199999999999932
84,D82034,Paracet_Tab 500mg,0407010H0AAAMAM,4,0.011199999999999932
483,D82084,Gabapentin_Cap 300mg,0408010G0AAABAB,5,0.0105000000000003
482,D82063,Gabapentin_Cap 300mg,0408010G0AAABAB,5,0.0105000000000003
481,D82046,Gabapentin_Cap 300mg,0408010G0AAABAB,5,0.0105000000000003
194,D82034,Atorvastatin_Tab 10mg,0212000B0AAAAAA,5,0.010500000000000058
88,D82022,Paracet_Tab 500mg,0407010H0AAAMAM,4,0.009600000000000053
89,D82022,Paracet_Tab 500mg,0407010H0AAAMAM,4,0.009600000000000053
484,D82050,Gabapentin_Cap 300mg,0408010G0AAABAB,3,0.009000000000000258
488,D82056,Gabapentin_Cap 300mg,0408010G0AAABAB,3,0.00840000000000024
487,D82034,Gabapentin_Cap 300mg,0408010G0AAABAB,6,0.00840000000000024
486,D82078,Gabapentin_Cap 300mg,0408010G0AAABAB,4,0.00840000000000024
485,D82039,Gabapentin_Cap 300mg,0408010G0AAABAB,3,0.00840000000000024
491,D82039,Gabapentin_Cap 300mg,0408010G0AAABAB,4,0.00840000000000024
489,Y05291,Gabapentin_Cap 300mg,0408010G0AAABAB,4,0.00840000000000024
490,D82006,Gabapentin_Cap 300mg,0408010G0AAABAB,4,0.00840000000000024
195,D82624,Atorvastatin_Tab 10mg,0212000B0AAAAAA,4,0.008400000000000046
197,D82031,Atorvastatin_Tab 10mg,0212000B0AAAAAA,2,0.008400000000000046
198,D82002,Atorvastatin_Tab 10mg,0212000B0AAAAAA,2,0.008400000000000046
199,D82050,Atorvastatin_Tab 10mg,0212000B0AAAAAA,4,0.008400000000000046
196,D82041,Atorvastatin_Tab 10mg,0212000B0AAAAAA,4,0.008400000000000046
495,D82100,Gabapentin_Cap 300mg,0408010G0AAABAB,1,0.006000000000000172
447,D82020,Atorvastatin_Tab 40mg,0212000B0AAACAC,1,0.006000000000000172
499,D82064,Gabapentin_Cap 300mg,0408010G0AAABAB,1,0.006000000000000172
498,D82039,Gabapentin_Cap 300mg,0408010G0AAABAB,1,0.006000000000000172
497,D82022,Gabapentin_Cap 300mg,0408010G0AAABAB,1,0.006000000000000172
496,D82037,Gabapentin_Cap 300mg,0408010G0AAABAB,2,0.006000000000000172
494,D82020,Gabapentin_Cap 300mg,0408010G0AAABAB,1,0.006000000000000172
217,D82020,Atorvastatin_Tab 20mg,0212000B0AAABAB,1,0.006000000000000172
493,D82050,Gabapentin_Cap 300mg,0408010G0AAABAB,1,0.006000000000000172
492,D82042,Gabapentin_Cap 300mg,0408010G0AAABAB,1,0.006000000000000172
94,D82002,Paracet_Tab 500mg,0407010H0AAAMAM,1,0.005999999999999964
96,D82063,Paracet_Tab 500mg,0407010H0AAAMAM,1,0.005999999999999964
97,D82002,Paracet_Tab 500mg,0407010H0AAAMAM,1,0.005999999999999964
100,D82022,Paracet_Tab 500mg,0407010H0AAAMAM,1,0.005999999999999964
95,D82034,Paracet_Tab 500mg,0407010H0AAAMAM,1,0.005999999999999964
90,D82037,Paracet_Tab 500mg,0407010H0AAAMAM,1,0.005999999999999964
93,D82039,Paracet_Tab 500mg,0407010H0AAAMAM,1,0.005999999999999964
92,D82022,Paracet_Tab 500mg,0407010H0AAAMAM,1,0.005999999999999964
91,D82034,Paracet_Tab 500mg,0407010H0AAAMAM,1,0.005999999999999964
99,D82037,Paracet_Tab 500mg,0407010H0AAAMAM,1,0.005999999999999964
101,D82063,Paracet_Tab 500mg,0407010H0AAAMAM,1,0.005999999999999964
98,D82039,Paracet_Tab 500mg,0407010H0AAAMAM,1,0.005999999999999964
500,D82006,Gabapentin_Cap 300mg,0408010G0AAABAB,4,0.00560000000000016
501,D82002,Gabapentin_Cap 300mg,0408010G0AAABAB,2,0.00560000000000016
102,D82034,Paracet_Tab 500mg,0407010H0AAAMAM,4,0.005599999999999966
103,D82034,Paracet_Tab 500mg,0407010H0AAAMAM,4,0.005599999999999966
380,D82034,Memantine HCl_Tab 20mg,0411000G0AAADAD,1,0.004899999999999995
575,D82084,Omeprazole_Cap E/C 20mg,0103050P0AAAAAA,1,0.004899999999999995
502,D82084,Gabapentin_Cap 300mg,0408010G0AAABAB,1,0.004400000000000001
506,D82031,Gabapentin_Cap 300mg,0408010G0AAABAB,1,0.00420000000000012
503,D82045,Gabapentin_Cap 300mg,0408010G0AAABAB,1,0.00420000000000012
504,D82036,Gabapentin_Cap 300mg,0408010G0AAABAB,3,0.00420000000000012
505,D82020,Gabapentin_Cap 300mg,0408010G0AAABAB,2,0.00420000000000012
507,D82064,Gabapentin_Cap 300mg,0408010G0AAABAB,2,0.00420000000000012
200,D82624,Atorvastatin_Tab 10mg,0212000B0AAAAAA,1,0.004200000000000023
201,Y05291,Atorvastatin_Tab 10mg,0212000B0AAAAAA,1,0.004200000000000023
202,D82006,Atorvastatin_Tab 10mg,0212000B0AAAAAA,1,0.004200000000000023
381,D82006,Memantine HCl_Tab 20mg,0411000G0AAADAD,1,0.004199999999999995
108,D82036,Paracet_Tab 500mg,0407010H0AAAMAM,3,0.004199999999999975
107,D82084,Paracet_Tab 500mg,0407010H0AAAMAM,1,0.004199999999999975
106,D82036,Paracet_Tab 500mg,0407010H0AAAMAM,1,0.004199999999999975
105,D82036,Paracet_Tab 500mg,0407010H0AAAMAM,1,0.004199999999999975
104,D82084,Paracet_Tab 500mg,0407010H0AAAMAM,1,0.004199999999999975
109,D82036,Paracet_Tab 500mg,0407010H0AAAMAM,3,0.004199999999999975
203,D82034,Atorvastatin_Tab 10mg,0212000B0AAAAAA,1,0.004199999999999975
218,D82056,Atorvastatin_Tab 20mg,0212000B0AAABAB,2,0.004000000000000115
111,D82042,Paracet_Tab 500mg,0407010H0AAAMAM,1,0.0040000000000000105
110,D82042,Paracet_Tab 500mg,0407010H0AAAMAM,1,0.0040000000000000105
508,D82039,Gabapentin_Cap 300mg,0408010G0AAABAB,5,0.0035000000000001003
382,D82045,Memantine HCl_Tab 20mg,0411000G0AAADAD,1,0.0035000000000001003
112,D82056,Paracet_Tab 500mg,0407010H0AAAMAM,5,0.003499999999999979
113,D82056,Paracet_Tab 500mg,0407010H0AAAMAM,5,0.003499999999999979
448,D82064,Atorvastatin_Tab 40mg,0212000B0AAACAC,1,0.0033000000000000945
514,D82034,Gabapentin_Cap 300mg,0408010G0AAABAB,1,0.003000000000000086
510,D82039,Gabapentin_Cap 300mg,0408010G0AAABAB,1,0.003000000000000086
513,D82063,Gabapentin_Cap 300mg,0408010G0AAABAB,1,0.003000000000000086
512,D82064,Gabapentin_Cap 300mg,0408010G0AAABAB,1,0.003000000000000086
511,D82100,Gabapentin_Cap 300mg,0408010G0AAABAB,1,0.003000000000000086
509,D82084,Gabapentin_Cap 300mg,0408010G0AAABAB,1,0.003000000000000086
515,Y05291,Gabapentin_Cap 300mg,0408010G0AAABAB,1,0.003000000000000086
516,D82031,Gabapentin_Cap 300mg,0408010G0AAABAB,1,0.003000000000000086
115,D82045,Paracet_Tab 500mg,0407010H0AAAMAM,1,0.002999999999999982
118,D82020,Paracet_Tab 500mg,0407010H0AAAMAM,1,0.002999999999999982
116,D82063,Paracet_Tab 500mg,0407010H0AAAMAM,1,0.002999999999999982
114,D82045,Paracet_Tab 500mg,0407010H0AAAMAM,1,0.002999999999999982
119,D82020,Paracet_Tab 500mg,0407010H0AAAMAM,1,0.002999999999999982
117,D82063,Paracet_Tab 500mg,0407010H0AAAMAM,1,0.002999999999999982
578,D82624,Omeprazole_Cap E/C 20mg,0103050P0AAAAAA,1,0.0029999999999998778
577,Y01690,Omeprazole_Cap E/C 20mg,0103050P0AAAAAA,1,0.0029999999999998778
576,D82041,Omeprazole_Cap E/C 20mg,0103050P0AAAAAA,1,0.0029999999999998778
579,D82036,Omeprazole_Cap E/C 20mg,0103050P0AAAAAA,1,0.0029999999999998778
521,D82041,Gabapentin_Cap 300mg,0408010G0AAABAB,1,0.00280000000000008
523,D82046,Gabapentin_Cap 300mg,0408010G0AAABAB,1,0.00280000000000008
522,Y01690,Gabapentin_Cap 300mg,0408010G0AAABAB,1,0.00280000000000008
517,D82064,Gabapentin_Cap 300mg,0408010G0AAABAB,1,0.00280000000000008
518,D82006,Gabapentin_Cap 300mg,0408010G0AAABAB,1,0.00280000000000008
520,D82031,Gabapentin_Cap 300mg,0408010G0AAABAB,4,0.00280000000000008
519,D82078,Gabapentin_Cap 300mg,0408010G0AAABAB,1,0.00280000000000008
120,D82042,Paracet_Tab 500mg,0407010H0AAAMAM,1,0.002799999999999983
121,D82042,Paracet_Tab 500mg,0407010H0AAAMAM,1,0.002799999999999983
123,Y05291,Paracet_Tab 500mg,0407010H0AAAMAM,1,0.002400000000000027
122,Y05291,Paracet_Tab 500mg,0407010H0AAAMAM,1,0.002400000000000027
205,D82020,Atorvastatin_Tab 10mg,0212000B0AAAAAA,1,0.0021000000000000116
204,D82084,Atorvastatin_Tab 10mg,0212000B0AAAAAA,1,0.0021000000000000116
580,D82078,Omeprazole_Cap E/C 20mg,0103050P0AAAAAA,1,0.0014999999999999389
206,D82041,Atorvastatin_Tab 10mg,0212000B0AAAAAA,1,0.0010999999999999933
581,D82050,Omeprazole_Cap E/C 20mg,0103050P0AAAAAA,1,0.0009999999999999593
582,D82034,Omeprazole_Cap E/C 20mg,0103050P0AAAAAA,1,0.0009999999999999593
524,D82064,Gabapentin_Cap 300mg,0408010G0AAABAB,1,0.00070000000000002
403,D82041,Sumatriptan_Tab 50mg,0407041T0AAAFAF,10,0.0
395,D82022,Sumatriptan_Tab 50mg,0407041T0AAAFAF,8,0.0
401,D82036,Sumatriptan_Tab 50mg,0407041T0AAAFAF,8,0.0
400,D82041,Sumatriptan_Tab 50mg,0407041T0AAAFAF,1,0.0
398,D82085,Sumatriptan_Tab 50mg,0407041T0AAAFAF,11,0.0
397,D82006,Sumatriptan_Tab 50mg,0407041T0AAAFAF,11,0.0
396,D82056,Sumatriptan_Tab 50mg,0407041T0AAAFAF,6,0.0
394,D82078,Sumatriptan_Tab 50mg,0407041T0AAAFAF,13,0.0
423,D82034,Sumatriptan_Tab 50mg,0407041T0AAAFAF,15,0.0
393,D82100,Sumatriptan_Tab 50mg,0407041T0AAAFAF,1,0.0
392,D82036,Sumatriptan_Tab 50mg,0407041T0AAAFAF,7,0.0
391,D82624,Sumatriptan_Tab 50mg,0407041T0AAAFAF,9,0.0
390,D82034,Sumatriptan_Tab 50mg,0407041T0AAAFAF,22,0.0
389,D82031,Sumatriptan_Tab 50mg,0407041T0AAAFAF,8,0.0
388,D82084,Sumatriptan_Tab 50mg,0407041T0AAAFAF,15,0.0
402,D82034,Sumatriptan_Tab 50mg,0407041T0AAAFAF,1,0.0
422,D82064,Sumatriptan_Tab 50mg,0407041T0AAAFAF,2,0.0
404,D82042,Sumatriptan_Tab 50mg,0407041T0AAAFAF,15,0.0
433,D82020,Sumatriptan_Tab 50mg,0407041T0AAAFAF,7,0.0
440,D82064,Sumatriptan_Tab 50mg,0407041T0AAAFAF,15,0.0
405,D82100,Sumatriptan_Tab 50mg,0407041T0AAAFAF,5,0.0
439,D82063,Sumatriptan_Tab 50mg,0407041T0AAAFAF,20,0.0
438,Y05291,Sumatriptan_Tab 50mg,0407041T0AAAFAF,1,0.0
437,D82042,Sumatriptan_Tab 50mg,0407041T0AAAFAF,1,0.0
436,Y05291,Sumatriptan_Tab 50mg,0407041T0AAAFAF,1,0.0
435,D82037,Sumatriptan_Tab 50mg,0407041T0AAAFAF,2,0.0
434,D82063,Sumatriptan_Tab 50mg,0407041T0AAAFAF,2,0.0
432,D82039,Sumatriptan_Tab 50mg,0407041T0AAAFAF,1,0.0
420,D82031,Sumatriptan_Tab 50mg,0407041T0AAAFAF,6,0.0
431,D82050,Sumatriptan_Tab 50mg,0407041T0AAAFAF,1,0.0
430,D82056,Sumatriptan_Tab 50mg,0407041T0AAAFAF,30,0.0
429,D82039,Sumatriptan_Tab 50mg,0407041T0AAAFAF,25,0.0
428,D82064,Sumatriptan_Tab 50mg,0407041T0AAAFAF,1,0.0
427,D82037,Sumatriptan_Tab 50mg,0407041T0AAAFAF,13,0.0
426,D82084,Sumatriptan_Tab 50mg,0407041T0AAAFAF,5,0.0
425,Y05291,Sumatriptan_Tab 50mg,0407041T0AAAFAF,1,0.0
424,D82045,Sumatriptan_Tab 50mg,0407041T0AAAFAF,11,0.0
421,D82002,Sumatriptan_Tab 50mg,0407041T0AAAFAF,4,0.0
399,D82039,Sumatriptan_Tab 50mg,0407041T0AAAFAF,4,0.0
419,D82034,Sumatriptan_Tab 50mg,0407041T0AAAFAF,2,0.0
417,Y01690,Sumatriptan_Tab 50mg,0407041T0AAAFAF,4,0.0
406,Y05291,Sumatriptan_Tab 50mg,0407041T0AAAFAF,8,0.0
407,D82085,Sumatriptan_Tab 50mg,0407041T0AAAFAF,2,0.0
408,D82022,Sumatriptan_Tab 50mg,0407041T0AAAFAF,14,0.0
409,D82041,Sumatriptan_Tab 50mg,0407041T0AAAFAF,3,0.0
410,D82045,Sumatriptan_Tab 50mg,0407041T0AAAFAF,25,0.0
411,D82042,Sumatriptan_Tab 50mg,0407041T0AAAFAF,9,0.0
412,D82006,Sumatriptan_Tab 50mg,0407041T0AAAFAF,2,0.0
414,D82046,Sumatriptan_Tab 50mg,0407041T0AAAFAF,4,0.0
415,D82078,Sumatriptan_Tab 50mg,0407041T0AAAFAF,18,0.0
416,D82063,Sumatriptan_Tab 50mg,0407041T0AAAFAF,5,0.0
413,D82020,Sumatriptan_Tab 50mg,0407041T0AAAFAF,12,0.0
418,D82050,Sumatriptan_Tab 50mg,0407041T0AAAFAF,7,0.0
583,D82020,Omeprazole_Cap E/C 20mg,0103050P0AAAAAA,1,-0.0009000000000000258
584,D82031,Omeprazole_Cap E/C 20mg,0103050P0AAAAAA,1,-0.0016000000000000042
585,D82041,Omeprazole_Cap E/C 20mg,0103050P0AAAAAA,1,-0.0027000000000000773
441,D82002,Sumatriptan_Tab 50mg,0407041T0AAAFAF,1,-0.0027999999999996916
219,D82031,Atorvastatin_Tab 20mg,0212000B0AAABAB,1,-0.002799999999999997
222,D82041,Atorvastatin_Tab 20mg,0212000B0AAABAB,1,-0.0029999999999998778
221,D82064,Atorvastatin_Tab 20mg,0212000B0AAABAB,1,-0.0029999999999998778
220,D82624,Atorvastatin_Tab 20mg,0212000B0AAABAB,1,-0.0029999999999998778
207,D82036,Atorvastatin_Tab 10mg,0212000B0AAAAAA,1,-0.002999999999999982
208,D82624,Atorvastatin_Tab 10mg,0212000B0AAAAAA,1,-0.002999999999999982
209,D82063,Atorvastatin_Tab 10mg,0212000B0AAAAAA,1,-0.0031999999999999806
442,D82046,Sumatriptan_Tab 50mg,0407041T0AAAFAF,1,-0.0032000000000000917
125,D82085,Paracet_Tab 500mg,0407010H0AAAMAM,1,-0.003599999999999999
124,D82085,Paracet_Tab 500mg,0407010H0AAAMAM,1,-0.003599999999999999
127,D82006,Paracet_Tab 500mg,0407010H0AAAMAM,1,-0.003999999999999976
126,D82006,Paracet_Tab 500mg,0407010H0AAAMAM,1,-0.003999999999999976
586,D82037,Omeprazole_Cap E/C 20mg,0103050P0AAAAAA,1,-0.004000000000000115
128,D82034,Paracet_Tab 500mg,0407010H0AAAMAM,1,-0.004799999999999971
129,D82034,Paracet_Tab 500mg,0407010H0AAAMAM,1,-0.004799999999999971
587,D82042,Omeprazole_Cap E/C 20mg,0103050P0AAAAAA,1,-0.004800000000000013
588,D82036,Omeprazole_Cap E/C 20mg,0103050P0AAAAAA,1,-0.005100000000000028
451,D82006,Modafinil_Tab 200mg,0404000R0AAACAC,1,-0.005599999999999383
525,D82064,Gabapentin_Cap 300mg,0408010G0AAABAB,1,-0.005599999999999772
526,D82039,Gabapentin_Cap 300mg,0408010G0AAABAB,1,-0.005599999999999772
527,D82100,Gabapentin_Cap 300mg,0408010G0AAABAB,1,-0.005599999999999772
130,D82085,Paracet_Tab 500mg,0407010H0AAAMAM,1,-0.005599999999999966
131,D82085,Paracet_Tab 500mg,0407010H0AAAMAM,1,-0.005599999999999966
589,D82020,Omeprazole_Cap E/C 20mg,0103050P0AAAAAA,1,-0.006000000000000172
132,Y05291,Paracet_Tab 500mg,0407010H0AAAMAM,2,-0.009599999999999942
133,Y05291,Paracet_Tab 500mg,0407010H0AAAMAM,2,-0.009599999999999942
529,D82036,Gabapentin_Cap 300mg,0408010G0AAABAB,2,-0.011199999999999544
530,Y05291,Gabapentin_Cap 300mg,0408010G0AAABAB,2,-0.011199999999999544
528,D82050,Gabapentin_Cap 300mg,0408010G0AAABAB,2,-0.011199999999999544
590,Y05291,Omeprazole_Cap E/C 20mg,0103050P0AAAAAA,1,-0.012000000000000344
591,D82041,Omeprazole_Cap E/C 20mg,0103050P0AAAAAA,1,-0.012000000000000344
592,D82064,Omeprazole_Cap E/C 20mg,0103050P0AAAAAA,2,-0.012000000000000344
593,D82031,Omeprazole_Cap E/C 20mg,0103050P0AAAAAA,4,-0.012800000000000034
532,D82045,Gabapentin_Cap 300mg,0408010G0AAABAB,3,-0.016799999999999315
533,D82006,Gabapentin_Cap 300mg,0408010G0AAABAB,3,-0.016799999999999315
531,D82022,Gabapentin_Cap 300mg,0408010G0AAABAB,3,-0.016799999999999315
594,D82056,Omeprazole_Cap E/C 20mg,0103050P0AAAAAA,5,-0.017999999999999995
534,D82031,Gabapentin_Cap 300mg,0408010G0AAABAB,4,-0.022399999999999087
134,D82084,Paracet_Tab 500mg,0407010H0AAAMAM,4,-0.022399999999999864
135,D82084,Paracet_Tab 500mg,0407010H0AAAMAM,4,-0.022399999999999864
538,D82046,Gabapentin_Cap 300mg,0408010G0AAABAB,5,-0.02799999999999886
537,D82041,Gabapentin_Cap 300mg,0408010G0AAABAB,5,-0.02799999999999886
536,D82037,Gabapentin_Cap 300mg,0408010G0AAABAB,5,-0.02799999999999886
535,D82002,Gabapentin_Cap 300mg,0408010G0AAABAB,5,-0.02799999999999886
137,D82064,Paracet_Tab 500mg,0407010H0AAAMAM,5,-0.02799999999999983
136,D82064,Paracet_Tab 500mg,0407010H0AAAMAM,5,-0.02799999999999983
140,D82022,Paracet_Tab 500mg,0407010H0AAAMAM,5,-0.02799999999999983
139,D82022,Paracet_Tab 500mg,0407010H0AAAMAM,5,-0.02799999999999983
138,D82041,Paracet_Tab 500mg,0407010H0AAAMAM,5,-0.02799999999999983
141,D82041,Paracet_Tab 500mg,0407010H0AAAMAM,5,-0.02799999999999983
223,D82046,Atorvastatin_Tab 20mg,0212000B0AAABAB,27,-0.03779999999999996
539,D82063,Gabapentin_Cap 300mg,0408010G0AAABAB,7,-0.0391999999999984
143,D82063,Paracet_Tab 500mg,0407010H0AAAMAM,7,-0.03919999999999976
142,D82063,Paracet_Tab 500mg,0407010H0AAAMAM,7,-0.03919999999999976
449,D82020,Atorvastatin_Tab 40mg,0212000B0AAACAC,28,-0.03919999999999996
541,D82034,Gabapentin_Cap 300mg,0408010G0AAABAB,9,-0.050399999999997946
540,D82020,Gabapentin_Cap 300mg,0408010G0AAABAB,9,-0.050399999999997946
144,D82078,Paracet_Tab 500mg,0407010H0AAAMAM,11,-0.06159999999999963
145,D82078,Paracet_Tab 500mg,0407010H0AAAMAM,11,-0.06159999999999963
146,D82039,Paracet_Tab 500mg,0407010H0AAAMAM,12,-0.0671999999999996
147,D82039,Paracet_Tab 500mg,0407010H0AAAMAM,12,-0.0671999999999996
151,D82100,Paracet_Tab 500mg,0407010H0AAAMAM,13,-0.07279999999999956
150,D82100,Paracet_Tab 500mg,0407010H0AAAMAM,13,-0.07279999999999956
149,D82002,Paracet_Tab 500mg,0407010H0AAAMAM,13,-0.07279999999999956
148,D82002,Paracet_Tab 500mg,0407010H0AAAMAM,13,-0.07279999999999956
152,D82020,Paracet_Tab 500mg,0407010H0AAAMAM,16,-0.08959999999999946
153,D82020,Paracet_Tab 500mg,0407010H0AAAMAM,16,-0.08959999999999946
154,D82046,Paracet_Tab 500mg,0407010H0AAAMAM,17,-0.09519999999999942
155,D82046,Paracet_Tab 500mg,0407010H0AAAMAM,17,-0.09519999999999942
156,D82022,Paracet_Tab 500mg,0407010H0AAAMAM,29,-0.10439999999999997
157,D82022,Paracet_Tab 500mg,0407010H0AAAMAM,29,-0.10439999999999997
158,D82036,Paracet_Tab 500mg,0407010H0AAAMAM,20,-0.11199999999999932
159,D82036,Paracet_Tab 500mg,0407010H0AAAMAM,20,-0.11199999999999932
161,D82037,Paracet_Tab 500mg,0407010H0AAAMAM,24,-0.1343999999999992
163,Y05291,Paracet_Tab 500mg,0407010H0AAAMAM,24,-0.1343999999999992
162,Y05291,Paracet_Tab 500mg,0407010H0AAAMAM,24,-0.1343999999999992
160,D82037,Paracet_Tab 500mg,0407010H0AAAMAM,24,-0.1343999999999992
164,D82006,Paracet_Tab 500mg,0407010H0AAAMAM,25,-0.13999999999999915
165,D82006,Paracet_Tab 500mg,0407010H0AAAMAM,25,-0.13999999999999915
166,D82034,Paracet_Tab 500mg,0407010H0AAAMAM,30,-0.16799999999999898
167,D82034,Paracet_Tab 500mg,0407010H0AAAMAM,30,-0.16799999999999898
169,D82056,Paracet_Tab 500mg,0407010H0AAAMAM,68,-0.3807999999999977
168,D82056,Paracet_Tab 500mg,0407010H0AAAMAM,68,-0.3807999999999977
171,D82036,Paracet_Tab 500mg,0407010H0AAAMAM,23,-1.3799999999999997
170,D82036,Paracet_Tab 500mg,0407010H0AAAMAM,23,-1.3799999999999997
173,D82041,Paracet_Tab 500mg,0407010H0AAAMAM,42,-1.67999999999999
172,D82041,Paracet_Tab 500mg,0407010H0AAAMAM,42,-1.67999999999999
175,D82002,Paracet_Tab 500mg,0407010H0AAAMAM,51,-4.569599999999992
174,D82002,Paracet_Tab 500mg,0407010H0AAAMAM,51,-4.569599999999992
