,practice_code,bnf_description,bnf_code,items,excess_cost
11,G82808,Donepezil HCl_Orodisper Tab 10mg S/F,0411000D0AAAEAE,1,150.86400000000003
0,G82021,Phenytoin_Sod Tab 100mg,0408010Q0AAAGAG,2,142.15999999999997
147,G82722,Mesalazine_Tab E/C 400mg,0105010B0AAAAAA,1,51.33599999999999
148,G82096,Mesalazine_Tab E/C 400mg,0105010B0AAAAAA,1,47.913599999999995
156,Y02826,Mesalazine_Tab E/C 800mg,0105010B0AAASAS,1,34.43999999999999
149,G82225,Mesalazine_Tab E/C 400mg,0105010B0AAAAAA,1,23.956799999999998
153,G82122,Gemfibrozil_Tab 600mg,0212000Q0AAABAB,1,22.7136
1,G82212,Phenytoin_Sod Tab 100mg,0408010Q0AAAGAG,8,18.19439999999999
2,G82028,Phenytoin_Sod Tab 100mg,0408010Q0AAAGAG,1,18.177599999999995
157,G82722,Mesalazine_Tab E/C 800mg,0105010B0AAASAS,1,17.219999999999995
155,G82722,Gemfibrozil_Tab 600mg,0212000Q0AAABAB,1,15.142399999999999
154,G82073,Gemfibrozil_Tab 600mg,0212000Q0AAABAB,2,15.142399999999999
150,G82122,Mesalazine_Tab E/C 400mg,0105010B0AAAAAA,1,12.833999999999998
3,G82225,Phenytoin_Sod Tab 100mg,0408010Q0AAAGAG,1,12.118399999999996
151,G82221,Mesalazine_Tab E/C 400mg,0105010B0AAAAAA,1,11.978399999999999
4,G82048,Phenytoin_Sod Tab 100mg,0408010Q0AAAGAG,2,8.646399999999993
216,G82808,Topiramate_Cap 50mg,040801050AAAWAW,1,7.703999999999991
158,G82225,Atorvastatin_Tab 60mg,0212000B0AAAPAP,4,7.638400000000004
5,G82647,Phenytoin_Sod Tab 100mg,0408010Q0AAAGAG,1,6.4979999999999976
6,G82122,Phenytoin_Sod Tab 100mg,0408010Q0AAAGAG,4,6.081599999999998
217,G82225,Topiramate_Cap 50mg,040801050AAAWAW,1,5.135999999999994
14,G82067,Clonazepam_Tab 500mcg,0408010F0AAABAB,4,4.519999999999991
162,G82006,Atorvastatin_Tab 60mg,0212000B0AAAPAP,4,4.435200000000009
159,G82690,Atorvastatin_Tab 60mg,0212000B0AAAPAP,2,4.435200000000009
160,G82143,Atorvastatin_Tab 60mg,0212000B0AAAPAP,2,4.435200000000009
161,G82006,Atorvastatin_Tab 60mg,0212000B0AAAPAP,2,4.435200000000009
16,G82006,Clonazepam_Tab 500mcg,0408010F0AAABAB,2,3.796799999999992
15,G82021,Clonazepam_Tab 500mcg,0408010F0AAABAB,2,3.796799999999992
17,G82218,Clonazepam_Tab 500mcg,0408010F0AAABAB,5,3.1639999999999935
174,G82073,Amiodarone HCl_Tab 200mg,0203020D0AAABAB,9,3.150000000000003
18,G82221,Clonazepam_Tab 500mcg,0408010F0AAABAB,1,2.847599999999994
218,G82221,Topiramate_Cap 50mg,040801050AAAWAW,1,2.567999999999997
219,G82143,Topiramate_Cap 50mg,040801050AAAWAW,1,2.567999999999997
220,G82021,Topiramate_Cap 50mg,040801050AAAWAW,1,2.567999999999997
221,G82028,Topiramate_Cap 50mg,040801050AAAWAW,2,2.567999999999997
230,G82032,Co-Codamol_Cap 8mg/500mg,0407010F0AAABAB,16,2.560000000000029
231,G82032,Co-Codamol_Cap 8mg/500mg,0407010F0AAABAB,16,2.560000000000029
20,G82028,Clonazepam_Tab 500mcg,0408010F0AAABAB,4,2.531199999999995
19,G82021,Clonazepam_Tab 500mcg,0408010F0AAABAB,2,2.531199999999995
21,G82648,Clonazepam_Tab 500mcg,0408010F0AAABAB,1,2.531199999999995
22,G82006,Clonazepam_Tab 500mcg,0408010F0AAABAB,1,2.531199999999995
23,G82122,Clonazepam_Tab 500mcg,0408010F0AAABAB,8,2.531199999999995
222,G82808,Topiramate_Cap 50mg,040801050AAAWAW,1,2.396799999999997
175,G82032,Amiodarone HCl_Tab 200mg,0203020D0AAABAB,27,2.2869
233,G82021,Co-Codamol_Cap 8mg/500mg,0407010F0AAABAB,14,2.240000000000025
232,G82021,Co-Codamol_Cap 8mg/500mg,0407010F0AAABAB,14,2.240000000000025
163,G82648,Atorvastatin_Tab 60mg,0212000B0AAAPAP,1,2.2176000000000045
164,G82056,Atorvastatin_Tab 60mg,0212000B0AAAPAP,1,2.2176000000000045
165,G82225,Atorvastatin_Tab 60mg,0212000B0AAAPAP,2,2.2176000000000045
166,G82021,Atorvastatin_Tab 60mg,0212000B0AAAPAP,1,2.2176000000000045
167,G82097,Atorvastatin_Tab 60mg,0212000B0AAAPAP,1,2.2176000000000045
178,G82048,Amiodarone HCl_Tab 200mg,0203020D0AAABAB,3,2.100000000000002
176,G82809,Amiodarone HCl_Tab 200mg,0203020D0AAABAB,6,2.100000000000002
177,G82122,Amiodarone HCl_Tab 200mg,0203020D0AAABAB,3,2.100000000000002
179,G82097,Amiodarone HCl_Tab 200mg,0203020D0AAABAB,6,2.100000000000002
25,G82073,Clonazepam_Tab 500mcg,0408010F0AAABAB,2,2.033999999999996
24,G82221,Clonazepam_Tab 500mcg,0408010F0AAABAB,3,2.033999999999996
31,G82122,Clonazepam_Tab 500mcg,0408010F0AAABAB,3,1.898399999999996
29,G82021,Clonazepam_Tab 500mcg,0408010F0AAABAB,6,1.898399999999996
32,G82647,Clonazepam_Tab 500mcg,0408010F0AAABAB,1,1.898399999999996
33,G82056,Clonazepam_Tab 500mcg,0408010F0AAABAB,1,1.898399999999996
28,G82006,Clonazepam_Tab 500mcg,0408010F0AAABAB,2,1.898399999999996
30,G82780,Clonazepam_Tab 500mcg,0408010F0AAABAB,1,1.898399999999996
26,G82032,Clonazepam_Tab 500mcg,0408010F0AAABAB,3,1.898399999999996
27,G82225,Clonazepam_Tab 500mcg,0408010F0AAABAB,3,1.898399999999996
223,G82073,Topiramate_Cap 50mg,040801050AAAWAW,1,1.7975999999999979
180,G82122,Amiodarone HCl_Tab 200mg,0203020D0AAABAB,5,1.7500000000000016
235,G82221,Co-Codamol_Cap 8mg/500mg,0407010F0AAABAB,10,1.600000000000018
234,G82221,Co-Codamol_Cap 8mg/500mg,0407010F0AAABAB,10,1.600000000000018
34,G82122,Clonazepam_Tab 500mcg,0408010F0AAABAB,10,1.5819999999999967
35,G82097,Clonazepam_Tab 500mcg,0408010F0AAABAB,5,1.5819999999999967
36,G82056,Clonazepam_Tab 500mcg,0408010F0AAABAB,1,1.423799999999997
183,G82044,Amiodarone HCl_Tab 200mg,0203020D0AAABAB,2,1.4000000000000012
182,G82225,Amiodarone HCl_Tab 200mg,0203020D0AAABAB,2,1.4000000000000012
184,G82006,Amiodarone HCl_Tab 200mg,0203020D0AAABAB,2,1.4000000000000012
181,G82032,Amiodarone HCl_Tab 200mg,0203020D0AAABAB,2,1.4000000000000012
40,G82809,Clonazepam_Tab 500mcg,0408010F0AAABAB,1,1.3559999999999972
38,G82122,Clonazepam_Tab 500mcg,0408010F0AAABAB,1,1.3559999999999972
37,G82218,Clonazepam_Tab 500mcg,0408010F0AAABAB,1,1.3559999999999972
39,G82722,Clonazepam_Tab 500mcg,0408010F0AAABAB,2,1.3559999999999972
41,G82809,Clonazepam_Tab 500mcg,0408010F0AAABAB,2,1.3559999999999972
42,G82185,Clonazepam_Tab 500mcg,0408010F0AAABAB,1,1.3559999999999972
43,G82647,Clonazepam_Tab 500mcg,0408010F0AAABAB,1,1.3559999999999972
44,G82225,Clonazepam_Tab 500mcg,0408010F0AAABAB,1,1.3559999999999972
226,G82722,Topiramate_Cap 50mg,040801050AAAWAW,1,1.2839999999999985
224,G82221,Topiramate_Cap 50mg,040801050AAAWAW,1,1.2839999999999985
225,G82122,Topiramate_Cap 50mg,040801050AAAWAW,1,1.2839999999999985
237,G82056,Co-Codamol_Cap 8mg/500mg,0407010F0AAABAB,4,1.2800000000000145
236,G82056,Co-Codamol_Cap 8mg/500mg,0407010F0AAABAB,4,1.2800000000000145
55,G82067,Clonazepam_Tab 500mcg,0408010F0AAABAB,1,1.2655999999999974
50,G82044,Clonazepam_Tab 500mcg,0408010F0AAABAB,1,1.2655999999999974
49,G82097,Clonazepam_Tab 500mcg,0408010F0AAABAB,1,1.2655999999999974
48,G82088,Clonazepam_Tab 500mcg,0408010F0AAABAB,1,1.2655999999999974
47,G82647,Clonazepam_Tab 500mcg,0408010F0AAABAB,1,1.2655999999999974
46,G82006,Clonazepam_Tab 500mcg,0408010F0AAABAB,1,1.2655999999999974
52,G82021,Clonazepam_Tab 500mcg,0408010F0AAABAB,2,1.2655999999999974
45,G82647,Clonazepam_Tab 500mcg,0408010F0AAABAB,2,1.2655999999999974
53,G82028,Clonazepam_Tab 500mcg,0408010F0AAABAB,1,1.2655999999999974
54,G82225,Clonazepam_Tab 500mcg,0408010F0AAABAB,1,1.2655999999999974
51,G82808,Clonazepam_Tab 500mcg,0408010F0AAABAB,2,1.2655999999999974
227,G82185,Topiramate_Cap 50mg,040801050AAAWAW,1,1.1983999999999986
228,G82221,Topiramate_Cap 50mg,040801050AAAWAW,4,1.1927999999999992
56,G82225,Clonazepam_Tab 500mcg,0408010F0AAABAB,3,1.1717999999999968
65,G82809,Clonazepam_Tab 500mcg,0408010F0AAABAB,1,1.1299999999999977
57,G82006,Clonazepam_Tab 500mcg,0408010F0AAABAB,1,1.1299999999999977
58,G82097,Clonazepam_Tab 500mcg,0408010F0AAABAB,1,1.1299999999999977
59,G82221,Clonazepam_Tab 500mcg,0408010F0AAABAB,1,1.1299999999999977
60,G82648,Clonazepam_Tab 500mcg,0408010F0AAABAB,1,1.1299999999999977
61,G82206,Clonazepam_Tab 500mcg,0408010F0AAABAB,1,1.1299999999999977
62,G82780,Clonazepam_Tab 500mcg,0408010F0AAABAB,1,1.1299999999999977
63,G82647,Clonazepam_Tab 500mcg,0408010F0AAABAB,1,1.1299999999999977
64,G82185,Clonazepam_Tab 500mcg,0408010F0AAABAB,1,1.1299999999999977
238,G82056,Co-Codamol_Cap 8mg/500mg,0407010F0AAABAB,7,1.1200000000000125
239,G82056,Co-Codamol_Cap 8mg/500mg,0407010F0AAABAB,7,1.1200000000000125
66,G82032,Clonazepam_Tab 500mcg,0408010F0AAABAB,4,1.1199999999999988
171,G82097,Atorvastatin_Tab 60mg,0212000B0AAAPAP,1,1.1088000000000022
168,G82648,Atorvastatin_Tab 60mg,0212000B0AAAPAP,4,1.1088000000000022
169,G82690,Atorvastatin_Tab 60mg,0212000B0AAAPAP,1,1.1088000000000022
170,G82048,Atorvastatin_Tab 60mg,0212000B0AAAPAP,4,1.1088000000000022
172,G82067,Atorvastatin_Tab 60mg,0212000B0AAAPAP,1,1.1088000000000022
67,G82097,Clonazepam_Tab 500mcg,0408010F0AAABAB,14,1.1073999999999977
186,G82648,Amiodarone HCl_Tab 200mg,0203020D0AAABAB,1,1.050000000000001
185,G82088,Amiodarone HCl_Tab 200mg,0203020D0AAABAB,3,1.050000000000001
69,G82067,Clonazepam_Tab 500mcg,0408010F0AAABAB,3,1.016999999999998
71,G82780,Clonazepam_Tab 500mcg,0408010F0AAABAB,1,1.016999999999998
70,G82809,Clonazepam_Tab 500mcg,0408010F0AAABAB,1,1.016999999999998
68,G82048,Clonazepam_Tab 500mcg,0408010F0AAABAB,1,1.016999999999998
81,G82122,Clonazepam_Tab 500mcg,0408010F0AAABAB,1,0.949199999999998
79,G82780,Clonazepam_Tab 500mcg,0408010F0AAABAB,4,0.949199999999998
72,G82028,Clonazepam_Tab 500mcg,0408010F0AAABAB,3,0.949199999999998
73,G82225,Clonazepam_Tab 500mcg,0408010F0AAABAB,4,0.949199999999998
74,G82808,Clonazepam_Tab 500mcg,0408010F0AAABAB,3,0.949199999999998
75,G82021,Clonazepam_Tab 500mcg,0408010F0AAABAB,1,0.949199999999998
76,G82809,Clonazepam_Tab 500mcg,0408010F0AAABAB,1,0.949199999999998
77,G82097,Clonazepam_Tab 500mcg,0408010F0AAABAB,1,0.949199999999998
78,G82218,Clonazepam_Tab 500mcg,0408010F0AAABAB,12,0.949199999999998
80,Y02826,Clonazepam_Tab 500mcg,0408010F0AAABAB,3,0.949199999999998
82,G82073,Clonazepam_Tab 500mcg,0408010F0AAABAB,1,0.949199999999998
83,G82006,Clonazepam_Tab 500mcg,0408010F0AAABAB,4,0.949199999999998
84,G82221,Clonazepam_Tab 500mcg,0408010F0AAABAB,6,0.949199999999998
85,G82032,Clonazepam_Tab 500mcg,0408010F0AAABAB,4,0.949199999999998
86,G82647,Clonazepam_Tab 500mcg,0408010F0AAABAB,1,0.9039999999999981
89,G82028,Clonazepam_Tab 500mcg,0408010F0AAABAB,5,0.7909999999999984
87,G82780,Clonazepam_Tab 500mcg,0408010F0AAABAB,5,0.7909999999999984
88,G82809,Clonazepam_Tab 500mcg,0408010F0AAABAB,1,0.7909999999999984
187,G82648,Amiodarone HCl_Tab 200mg,0203020D0AAABAB,9,0.7623
188,G82028,Amiodarone HCl_Tab 200mg,0203020D0AAABAB,1,0.7500000000000007
189,G82048,Amiodarone HCl_Tab 200mg,0203020D0AAABAB,1,0.7500000000000007
190,G82225,Amiodarone HCl_Tab 200mg,0203020D0AAABAB,1,0.7500000000000007
90,G82647,Clonazepam_Tab 500mcg,0408010F0AAABAB,1,0.7118999999999985
201,G82221,Amiodarone HCl_Tab 200mg,0203020D0AAABAB,2,0.7000000000000006
191,G82028,Amiodarone HCl_Tab 200mg,0203020D0AAABAB,1,0.7000000000000006
192,G82647,Amiodarone HCl_Tab 200mg,0203020D0AAABAB,1,0.7000000000000006
199,G82780,Amiodarone HCl_Tab 200mg,0203020D0AAABAB,1,0.7000000000000006
200,G82088,Amiodarone HCl_Tab 200mg,0203020D0AAABAB,1,0.7000000000000006
193,G82056,Amiodarone HCl_Tab 200mg,0203020D0AAABAB,1,0.7000000000000006
194,G82647,Amiodarone HCl_Tab 200mg,0203020D0AAABAB,2,0.7000000000000006
195,G82021,Amiodarone HCl_Tab 200mg,0203020D0AAABAB,2,0.7000000000000006
196,G82809,Amiodarone HCl_Tab 200mg,0203020D0AAABAB,1,0.7000000000000006
197,G82185,Amiodarone HCl_Tab 200mg,0203020D0AAABAB,1,0.7000000000000006
202,G82067,Amiodarone HCl_Tab 200mg,0203020D0AAABAB,2,0.7000000000000006
198,G82073,Amiodarone HCl_Tab 200mg,0203020D0AAABAB,1,0.7000000000000006
98,G82073,Clonazepam_Tab 500mcg,0408010F0AAABAB,2,0.6779999999999986
95,G82032,Clonazepam_Tab 500mcg,0408010F0AAABAB,1,0.6779999999999986
100,G82088,Clonazepam_Tab 500mcg,0408010F0AAABAB,1,0.6779999999999986
101,G82218,Clonazepam_Tab 500mcg,0408010F0AAABAB,1,0.6779999999999986
91,G82647,Clonazepam_Tab 500mcg,0408010F0AAABAB,1,0.6779999999999986
92,Y02826,Clonazepam_Tab 500mcg,0408010F0AAABAB,1,0.6779999999999986
97,G82185,Clonazepam_Tab 500mcg,0408010F0AAABAB,1,0.6779999999999986
93,G82006,Clonazepam_Tab 500mcg,0408010F0AAABAB,2,0.6779999999999986
94,G82006,Clonazepam_Tab 500mcg,0408010F0AAABAB,1,0.6779999999999986
96,G82021,Clonazepam_Tab 500mcg,0408010F0AAABAB,1,0.6779999999999986
99,G82028,Clonazepam_Tab 500mcg,0408010F0AAABAB,1,0.6779999999999986
205,G82143,Amiodarone HCl_Tab 200mg,0203020D0AAABAB,8,0.6776
204,G82073,Amiodarone HCl_Tab 200mg,0203020D0AAABAB,8,0.6776
203,G82097,Amiodarone HCl_Tab 200mg,0203020D0AAABAB,8,0.6776
243,G82647,Co-Codamol_Cap 8mg/500mg,0407010F0AAABAB,4,0.6400000000000072
242,G82647,Co-Codamol_Cap 8mg/500mg,0407010F0AAABAB,4,0.6400000000000072
241,G82808,Co-Codamol_Cap 8mg/500mg,0407010F0AAABAB,1,0.6400000000000072
240,G82808,Co-Codamol_Cap 8mg/500mg,0407010F0AAABAB,1,0.6400000000000072
116,G82021,Clonazepam_Tab 500mcg,0408010F0AAABAB,4,0.6327999999999987
105,G82809,Clonazepam_Tab 500mcg,0408010F0AAABAB,1,0.6327999999999987
102,G82006,Clonazepam_Tab 500mcg,0408010F0AAABAB,2,0.6327999999999987
103,G82073,Clonazepam_Tab 500mcg,0408010F0AAABAB,2,0.6327999999999987
115,Y02826,Clonazepam_Tab 500mcg,0408010F0AAABAB,1,0.6327999999999987
104,G82048,Clonazepam_Tab 500mcg,0408010F0AAABAB,1,0.6327999999999987
106,G82639,Clonazepam_Tab 500mcg,0408010F0AAABAB,1,0.6327999999999987
107,G82218,Clonazepam_Tab 500mcg,0408010F0AAABAB,2,0.6327999999999987
108,G82021,Clonazepam_Tab 500mcg,0408010F0AAABAB,8,0.6327999999999987
109,G82044,Clonazepam_Tab 500mcg,0408010F0AAABAB,2,0.6327999999999987
117,G82225,Clonazepam_Tab 500mcg,0408010F0AAABAB,2,0.6327999999999987
111,G82088,Clonazepam_Tab 500mcg,0408010F0AAABAB,1,0.6327999999999987
112,G82218,Clonazepam_Tab 500mcg,0408010F0AAABAB,4,0.6327999999999987
113,G82780,Clonazepam_Tab 500mcg,0408010F0AAABAB,1,0.6327999999999987
114,G82073,Clonazepam_Tab 500mcg,0408010F0AAABAB,1,0.6327999999999987
110,G82032,Clonazepam_Tab 500mcg,0408010F0AAABAB,4,0.6327999999999987
244,G82021,Co-Codamol_Cap 8mg/500mg,0407010F0AAABAB,7,0.6272000000000071
245,G82021,Co-Codamol_Cap 8mg/500mg,0407010F0AAABAB,7,0.6272000000000071
229,G82722,Topiramate_Cap 50mg,040801050AAAWAW,4,0.6160000000000005
246,G82225,Co-Codamol_Cap 8mg/500mg,0407010F0AAABAB,6,0.5760000000000065
247,G82225,Co-Codamol_Cap 8mg/500mg,0407010F0AAABAB,6,0.5760000000000065
121,G82809,Clonazepam_Tab 500mcg,0408010F0AAABAB,1,0.5699999999999983
118,G82647,Clonazepam_Tab 500mcg,0408010F0AAABAB,1,0.5699999999999983
119,G82097,Clonazepam_Tab 500mcg,0408010F0AAABAB,1,0.5699999999999983
120,G82006,Clonazepam_Tab 500mcg,0408010F0AAABAB,1,0.5699999999999983
122,G82056,Clonazepam_Tab 500mcg,0408010F0AAABAB,7,0.5536999999999989
12,G82212,Donepezil HCl_Orodisper Tab 10mg S/F,0411000D0AAAEAE,1,0.5320000000000005
251,G82122,Co-Codamol_Cap 8mg/500mg,0407010F0AAABAB,3,0.4800000000000054
250,G82097,Co-Codamol_Cap 8mg/500mg,0407010F0AAABAB,3,0.4800000000000054
249,G82097,Co-Codamol_Cap 8mg/500mg,0407010F0AAABAB,3,0.4800000000000054
248,G82122,Co-Codamol_Cap 8mg/500mg,0407010F0AAABAB,3,0.4800000000000054
123,G82808,Clonazepam_Tab 500mcg,0408010F0AAABAB,6,0.474599999999999
125,G82808,Clonazepam_Tab 500mcg,0408010F0AAABAB,1,0.474599999999999
124,G82122,Clonazepam_Tab 500mcg,0408010F0AAABAB,1,0.474599999999999
126,G82067,Clonazepam_Tab 500mcg,0408010F0AAABAB,5,0.3954999999999992
206,G82647,Amiodarone HCl_Tab 200mg,0203020D0AAABAB,1,0.37200000000000066
253,G82225,Co-Codamol_Cap 8mg/500mg,0407010F0AAABAB,1,0.35840000000000405
252,G82225,Co-Codamol_Cap 8mg/500mg,0407010F0AAABAB,1,0.35840000000000405
212,G82808,Amiodarone HCl_Tab 200mg,0203020D0AAABAB,1,0.3500000000000003
211,G82006,Amiodarone HCl_Tab 200mg,0203020D0AAABAB,1,0.3500000000000003
210,G82028,Amiodarone HCl_Tab 200mg,0203020D0AAABAB,1,0.3500000000000003
209,G82206,Amiodarone HCl_Tab 200mg,0203020D0AAABAB,1,0.3500000000000003
208,G82780,Amiodarone HCl_Tab 200mg,0203020D0AAABAB,1,0.3500000000000003
207,G82218,Amiodarone HCl_Tab 200mg,0203020D0AAABAB,1,0.3500000000000003
128,G82809,Clonazepam_Tab 500mcg,0408010F0AAABAB,1,0.3389999999999993
132,G82808,Clonazepam_Tab 500mcg,0408010F0AAABAB,1,0.3389999999999993
127,G82647,Clonazepam_Tab 500mcg,0408010F0AAABAB,1,0.3389999999999993
129,G82690,Clonazepam_Tab 500mcg,0408010F0AAABAB,1,0.3389999999999993
130,G82221,Clonazepam_Tab 500mcg,0408010F0AAABAB,1,0.3389999999999993
131,G82097,Clonazepam_Tab 500mcg,0408010F0AAABAB,1,0.3389999999999993
214,G82218,Amiodarone HCl_Tab 200mg,0203020D0AAABAB,4,0.3388
215,G82212,Amiodarone HCl_Tab 200mg,0203020D0AAABAB,4,0.3388
213,G82808,Amiodarone HCl_Tab 200mg,0203020D0AAABAB,4,0.3388
254,G82006,Co-Codamol_Cap 8mg/500mg,0407010F0AAABAB,1,0.3200000000000036
256,G82143,Co-Codamol_Cap 8mg/500mg,0407010F0AAABAB,2,0.3200000000000036
257,G82647,Co-Codamol_Cap 8mg/500mg,0407010F0AAABAB,1,0.3200000000000036
258,G82647,Co-Codamol_Cap 8mg/500mg,0407010F0AAABAB,1,0.3200000000000036
259,G82221,Co-Codamol_Cap 8mg/500mg,0407010F0AAABAB,1,0.3200000000000036
260,G82143,Co-Codamol_Cap 8mg/500mg,0407010F0AAABAB,2,0.3200000000000036
261,G82185,Co-Codamol_Cap 8mg/500mg,0407010F0AAABAB,1,0.3200000000000036
262,G82225,Co-Codamol_Cap 8mg/500mg,0407010F0AAABAB,2,0.3200000000000036
263,G82067,Co-Codamol_Cap 8mg/500mg,0407010F0AAABAB,2,0.3200000000000036
264,G82185,Co-Codamol_Cap 8mg/500mg,0407010F0AAABAB,1,0.3200000000000036
265,G82221,Co-Codamol_Cap 8mg/500mg,0407010F0AAABAB,1,0.3200000000000036
266,G82006,Co-Codamol_Cap 8mg/500mg,0407010F0AAABAB,1,0.3200000000000036
267,G82067,Co-Codamol_Cap 8mg/500mg,0407010F0AAABAB,2,0.3200000000000036
255,G82225,Co-Codamol_Cap 8mg/500mg,0407010F0AAABAB,2,0.3200000000000036
137,G82647,Clonazepam_Tab 500mcg,0408010F0AAABAB,1,0.31639999999999935
139,G82809,Clonazepam_Tab 500mcg,0408010F0AAABAB,1,0.31639999999999935
138,G82206,Clonazepam_Tab 500mcg,0408010F0AAABAB,1,0.31639999999999935
140,G82225,Clonazepam_Tab 500mcg,0408010F0AAABAB,2,0.31639999999999935
133,G82067,Clonazepam_Tab 500mcg,0408010F0AAABAB,1,0.31639999999999935
134,G82073,Clonazepam_Tab 500mcg,0408010F0AAABAB,4,0.31639999999999935
135,G82221,Clonazepam_Tab 500mcg,0408010F0AAABAB,1,0.31639999999999935
136,G82809,Clonazepam_Tab 500mcg,0408010F0AAABAB,4,0.31639999999999935
173,G82206,Atorvastatin_Tab 60mg,0212000B0AAAPAP,1,0.27720000000000056
141,G82647,Clonazepam_Tab 500mcg,0408010F0AAABAB,2,0.24419999999999997
144,G82185,Clonazepam_Tab 500mcg,0408010F0AAABAB,3,0.2372999999999995
142,G82647,Clonazepam_Tab 500mcg,0408010F0AAABAB,1,0.2372999999999995
143,G82221,Clonazepam_Tab 500mcg,0408010F0AAABAB,3,0.2372999999999995
269,G82218,Co-Codamol_Cap 8mg/500mg,0407010F0AAABAB,2,0.17920000000000202
268,G82218,Co-Codamol_Cap 8mg/500mg,0407010F0AAABAB,2,0.17920000000000202
270,G82185,Co-Codamol_Cap 8mg/500mg,0407010F0AAABAB,1,0.1600000000000018
277,G82212,Co-Codamol_Cap 8mg/500mg,0407010F0AAABAB,1,0.1600000000000018
276,G82780,Co-Codamol_Cap 8mg/500mg,0407010F0AAABAB,1,0.1600000000000018
275,G82212,Co-Codamol_Cap 8mg/500mg,0407010F0AAABAB,1,0.1600000000000018
274,G82048,Co-Codamol_Cap 8mg/500mg,0407010F0AAABAB,1,0.1600000000000018
273,G82722,Co-Codamol_Cap 8mg/500mg,0407010F0AAABAB,1,0.1600000000000018
272,G82780,Co-Codamol_Cap 8mg/500mg,0407010F0AAABAB,1,0.1600000000000018
271,G82185,Co-Codamol_Cap 8mg/500mg,0407010F0AAABAB,1,0.1600000000000018
278,G82048,Co-Codamol_Cap 8mg/500mg,0407010F0AAABAB,1,0.1600000000000018
279,G82722,Co-Codamol_Cap 8mg/500mg,0407010F0AAABAB,1,0.1600000000000018
145,G82647,Clonazepam_Tab 500mcg,0408010F0AAABAB,1,0.15819999999999967
281,G82021,Co-Codamol_Cap 8mg/500mg,0407010F0AAABAB,4,0.1120000000000001
280,G82021,Co-Codamol_Cap 8mg/500mg,0407010F0AAABAB,4,0.1120000000000001
285,G82808,Co-Codamol_Cap 8mg/500mg,0407010F0AAABAB,1,0.10240000000000116
284,G82808,Co-Codamol_Cap 8mg/500mg,0407010F0AAABAB,1,0.10240000000000116
283,G82221,Co-Codamol_Cap 8mg/500mg,0407010F0AAABAB,2,0.10240000000000116
282,G82122,Co-Codamol_Cap 8mg/500mg,0407010F0AAABAB,2,0.10240000000000116
286,G82221,Co-Codamol_Cap 8mg/500mg,0407010F0AAABAB,2,0.10240000000000116
287,G82122,Co-Codamol_Cap 8mg/500mg,0407010F0AAABAB,2,0.10240000000000116
289,G82218,Co-Codamol_Cap 8mg/500mg,0407010F0AAABAB,1,0.09600000000000108
288,G82218,Co-Codamol_Cap 8mg/500mg,0407010F0AAABAB,1,0.09600000000000108
290,G82122,Co-Codamol_Cap 8mg/500mg,0407010F0AAABAB,1,0.08500000000000035
291,G82639,Co-Codamol_Cap 8mg/500mg,0407010F0AAABAB,1,0.08500000000000035
292,G82639,Co-Codamol_Cap 8mg/500mg,0407010F0AAABAB,1,0.08500000000000035
293,G82122,Co-Codamol_Cap 8mg/500mg,0407010F0AAABAB,1,0.08500000000000035
7,G82032,Phenytoin_Sod Tab 100mg,0408010Q0AAAGAG,10,0.06299999999999306
146,G82647,Clonazepam_Tab 500mcg,0408010F0AAABAB,1,0.057999999999999996
294,G82639,Co-Codamol_Cap 8mg/500mg,0407010F0AAABAB,1,0.05760000000000065
295,G82639,Co-Codamol_Cap 8mg/500mg,0407010F0AAABAB,1,0.05760000000000065
297,G82032,Co-Codamol_Cap 8mg/500mg,0407010F0AAABAB,1,0.05120000000000058
299,G82225,Co-Codamol_Cap 8mg/500mg,0407010F0AAABAB,1,0.05120000000000058
303,G82212,Co-Codamol_Cap 8mg/500mg,0407010F0AAABAB,1,0.05120000000000058
302,G82212,Co-Codamol_Cap 8mg/500mg,0407010F0AAABAB,1,0.05120000000000058
301,G82780,Co-Codamol_Cap 8mg/500mg,0407010F0AAABAB,1,0.05120000000000058
296,G82032,Co-Codamol_Cap 8mg/500mg,0407010F0AAABAB,1,0.05120000000000058
300,G82225,Co-Codamol_Cap 8mg/500mg,0407010F0AAABAB,1,0.05120000000000058
298,G82780,Co-Codamol_Cap 8mg/500mg,0407010F0AAABAB,1,0.05120000000000058
8,G82639,Phenytoin_Sod Tab 100mg,0408010Q0AAAGAG,8,0.03919999999999879
9,G82056,Phenytoin_Sod Tab 100mg,0408010Q0AAAGAG,4,0.025199999999997225
13,G82206,Donepezil HCl_Orodisper Tab 10mg S/F,0411000D0AAAEAE,4,0.02240000000000064
10,G82221,Phenytoin_Sod Tab 100mg,0408010Q0AAAGAG,4,0.019599999999999396
304,G82225,Co-Codamol_Cap 8mg/500mg,0407010F0AAABAB,1,-0.057000000000000384
305,G82225,Co-Codamol_Cap 8mg/500mg,0407010F0AAABAB,1,-0.057000000000000384
152,G82097,Mesalazine_Tab E/C 400mg,0105010B0AAAAAA,1,-15.971199999999998
