,practice_code,bnf_description,bnf_code,items,excess_cost
132,J82066,Mesalazine_Tab E/C 800mg,0105010B0AAASAS,2,73.79999999999998
133,J82049,Mesalazine_Tab E/C 800mg,0105010B0AAASAS,2,68.87999999999998
186,J82120,Risperidone_Tab 6mg,040201030AAAFAF,1,58.4192
121,J82135,Mesalazine_Tab E/C 400mg,0105010B0AAAAAA,1,47.913599999999995
135,H81097,Mesalazine_Tab E/C 800mg,0105010B0AAASAS,1,36.89999999999999
134,J82120,Mesalazine_Tab E/C 800mg,0105010B0AAASAS,1,36.89999999999999
122,J82135,Mesalazine_Tab E/C 400mg,0105010B0AAAAAA,1,31.942399999999996
123,J82195,Mesalazine_Tab E/C 400mg,0105010B0AAAAAA,1,25.667999999999996
125,J82120,Mesalazine_Tab E/C 400mg,0105010B0AAAAAA,1,23.956799999999998
124,J82067,Mesalazine_Tab E/C 400mg,0105010B0AAAAAA,1,23.956799999999998
136,J82181,Mesalazine_Tab E/C 800mg,0105010B0AAASAS,1,18.449999999999996
126,J82142,Mesalazine_Tab E/C 400mg,0105010B0AAAAAA,2,17.112
127,J82066,Mesalazine_Tab E/C 400mg,0105010B0AAAAAA,1,17.099999999999998
128,J82066,Mesalazine_Tab E/C 400mg,0105010B0AAAAAA,1,12.833999999999998
211,J82066,Methocarbamol_Tab 750mg,1002020S0AAABAB,22,9.459999999999996
0,J82015,Clonazepam_Tab 500mcg,0408010F0AAABAB,2,6.779999999999986
226,J82142,Tetrabenazine_Tab 25mg,0409030C0AAAAAA,2,6.425999999999991
1,J82135,Clonazepam_Tab 500mcg,0408010F0AAABAB,3,6.101999999999988
141,J82135,Amiodarone HCl_Tab 200mg,0203020D0AAABAB,8,5.600000000000005
2,J82049,Clonazepam_Tab 500mcg,0408010F0AAABAB,4,5.06239999999999
204,J82049,Topiramate_Tab 200mg,040801050AAACAC,2,4.979999999999998
205,J82015,Topiramate_Tab 200mg,040801050AAACAC,1,4.979999999999998
206,H81027,Topiramate_Tab 200mg,040801050AAACAC,1,4.647999999999998
3,J82067,Clonazepam_Tab 500mcg,0408010F0AAABAB,2,4.519999999999991
4,J82110,Clonazepam_Tab 500mcg,0408010F0AAABAB,3,4.067999999999992
227,J82049,Tetrabenazine_Tab 25mg,0409030C0AAAAAA,1,3.998399999999995
187,J82099,Pyridox HCl_Tab 50mg,0906024N0AAAIAI,2,3.830400000000001
7,J82049,Clonazepam_Tab 500mcg,0408010F0AAABAB,2,3.796799999999992
6,J82066,Clonazepam_Tab 500mcg,0408010F0AAABAB,1,3.796799999999992
5,J82049,Clonazepam_Tab 500mcg,0408010F0AAABAB,6,3.796799999999992
8,J82066,Clonazepam_Tab 500mcg,0408010F0AAABAB,11,3.480399999999993
10,J82178,Clonazepam_Tab 500mcg,0408010F0AAABAB,1,3.389999999999993
9,J82066,Clonazepam_Tab 500mcg,0408010F0AAABAB,3,3.389999999999993
11,J82142,Clonazepam_Tab 500mcg,0408010F0AAABAB,5,3.1639999999999935
12,J82066,Clonazepam_Tab 500mcg,0408010F0AAABAB,5,3.1639999999999935
143,Y03585,Amiodarone HCl_Tab 200mg,0203020D0AAABAB,3,3.150000000000003
142,J82120,Amiodarone HCl_Tab 200mg,0203020D0AAABAB,9,3.150000000000003
212,J82066,Methocarbamol_Tab 750mg,1002020S0AAABAB,3,2.889599999999999
188,J82067,Pyridox HCl_Tab 50mg,0906024N0AAAIAI,1,2.8728000000000007
13,J82198,Clonazepam_Tab 500mcg,0408010F0AAABAB,3,2.847599999999994
14,H81088,Clonazepam_Tab 500mcg,0408010F0AAABAB,1,2.847599999999994
15,J82066,Clonazepam_Tab 500mcg,0408010F0AAABAB,3,2.847599999999994
144,H81088,Amiodarone HCl_Tab 200mg,0203020D0AAABAB,4,2.8000000000000025
145,J82110,Amiodarone HCl_Tab 200mg,0203020D0AAABAB,4,2.8000000000000025
146,J82049,Amiodarone HCl_Tab 200mg,0203020D0AAABAB,4,2.8000000000000025
147,H81088,Amiodarone HCl_Tab 200mg,0203020D0AAABAB,8,2.8000000000000025
148,J82066,Amiodarone HCl_Tab 200mg,0203020D0AAABAB,4,2.8000000000000025
213,J82142,Methocarbamol_Tab 750mg,1002020S0AAABAB,3,2.579999999999999
17,J82628,Clonazepam_Tab 500mcg,0408010F0AAABAB,8,2.531199999999995
16,J82120,Clonazepam_Tab 500mcg,0408010F0AAABAB,4,2.531199999999995
18,J82630,Clonazepam_Tab 500mcg,0408010F0AAABAB,1,2.531199999999995
19,H81088,Clonazepam_Tab 500mcg,0408010F0AAABAB,2,2.531199999999995
20,J82135,Clonazepam_Tab 500mcg,0408010F0AAABAB,1,2.531199999999995
207,J82142,Topiramate_Tab 200mg,040801050AAACAC,1,2.489999999999999
149,J82099,Amiodarone HCl_Tab 200mg,0203020D0AAABAB,7,2.450000000000002
189,H81097,Pyridox HCl_Tab 50mg,0906024N0AAAIAI,1,2.3940000000000006
208,J82178,Topiramate_Tab 200mg,040801050AAACAC,1,2.3183999999999996
209,J82135,Topiramate_Tab 200mg,040801050AAACAC,1,2.3183999999999996
21,J82135,Clonazepam_Tab 500mcg,0408010F0AAABAB,2,2.2599999999999953
22,H81027,Clonazepam_Tab 500mcg,0408010F0AAABAB,1,2.2599999999999953
23,J82630,Clonazepam_Tab 500mcg,0408010F0AAABAB,9,2.1356999999999955
150,H81088,Amiodarone HCl_Tab 200mg,0203020D0AAABAB,2,2.100000000000002
27,J82142,Clonazepam_Tab 500mcg,0408010F0AAABAB,1,2.033999999999996
26,J82135,Clonazepam_Tab 500mcg,0408010F0AAABAB,3,2.033999999999996
25,J82067,Clonazepam_Tab 500mcg,0408010F0AAABAB,1,2.033999999999996
24,J82120,Clonazepam_Tab 500mcg,0408010F0AAABAB,1,2.033999999999996
228,J82125,Tetrabenazine_Tab 25mg,0409030C0AAAAAA,1,1.9991999999999974
190,H81088,Pyridox HCl_Tab 50mg,0906024N0AAAIAI,1,1.9152000000000005
28,J82142,Clonazepam_Tab 500mcg,0408010F0AAABAB,2,1.898399999999996
29,J82125,Clonazepam_Tab 500mcg,0408010F0AAABAB,8,1.898399999999996
30,H81615,Clonazepam_Tab 500mcg,0408010F0AAABAB,3,1.898399999999996
31,J82066,Clonazepam_Tab 500mcg,0408010F0AAABAB,8,1.898399999999996
32,J82099,Clonazepam_Tab 500mcg,0408010F0AAABAB,3,1.898399999999996
33,J82181,Clonazepam_Tab 500mcg,0408010F0AAABAB,3,1.898399999999996
34,J82178,Clonazepam_Tab 500mcg,0408010F0AAABAB,8,1.898399999999996
153,H81615,Amiodarone HCl_Tab 200mg,0203020D0AAABAB,5,1.7500000000000016
151,J82178,Amiodarone HCl_Tab 200mg,0203020D0AAABAB,5,1.7500000000000016
152,J82066,Amiodarone HCl_Tab 200mg,0203020D0AAABAB,5,1.7500000000000016
214,J82142,Methocarbamol_Tab 750mg,1002020S0AAABAB,4,1.7199999999999993
215,J82066,Methocarbamol_Tab 750mg,1002020S0AAABAB,2,1.7199999999999993
35,J82630,Clonazepam_Tab 500mcg,0408010F0AAABAB,1,1.6949999999999965
36,H81088,Clonazepam_Tab 500mcg,0408010F0AAABAB,1,1.5819999999999967
229,J82198,Tetrabenazine_Tab 25mg,0409030C0AAAAAA,1,1.499399999999998
195,J82067,Pyridox HCl_Tab 50mg,0906024N0AAAIAI,1,1.4364000000000003
194,H81110,Pyridox HCl_Tab 50mg,0906024N0AAAIAI,1,1.4364000000000003
193,J82120,Pyridox HCl_Tab 50mg,0906024N0AAAIAI,1,1.4364000000000003
192,H81097,Pyridox HCl_Tab 50mg,0906024N0AAAIAI,1,1.4364000000000003
191,J82049,Pyridox HCl_Tab 50mg,0906024N0AAAIAI,1,1.4364000000000003
39,J82630,Clonazepam_Tab 500mcg,0408010F0AAABAB,9,1.423799999999997
38,J82181,Clonazepam_Tab 500mcg,0408010F0AAABAB,3,1.423799999999997
37,J82125,Clonazepam_Tab 500mcg,0408010F0AAABAB,3,1.423799999999997
155,J82195,Amiodarone HCl_Tab 200mg,0203020D0AAABAB,4,1.4000000000000012
161,J82067,Amiodarone HCl_Tab 200mg,0203020D0AAABAB,2,1.4000000000000012
154,J82067,Amiodarone HCl_Tab 200mg,0203020D0AAABAB,4,1.4000000000000012
162,H81097,Amiodarone HCl_Tab 200mg,0203020D0AAABAB,2,1.4000000000000012
160,H81027,Amiodarone HCl_Tab 200mg,0203020D0AAABAB,2,1.4000000000000012
158,J82181,Amiodarone HCl_Tab 200mg,0203020D0AAABAB,4,1.4000000000000012
156,J82015,Amiodarone HCl_Tab 200mg,0203020D0AAABAB,2,1.4000000000000012
157,J82142,Amiodarone HCl_Tab 200mg,0203020D0AAABAB,4,1.4000000000000012
159,J82628,Amiodarone HCl_Tab 200mg,0203020D0AAABAB,4,1.4000000000000012
40,J82135,Clonazepam_Tab 500mcg,0408010F0AAABAB,1,1.3559999999999972
45,J82125,Clonazepam_Tab 500mcg,0408010F0AAABAB,2,1.2655999999999974
44,J82120,Clonazepam_Tab 500mcg,0408010F0AAABAB,1,1.2655999999999974
41,J82110,Clonazepam_Tab 500mcg,0408010F0AAABAB,2,1.2655999999999974
46,J82178,Clonazepam_Tab 500mcg,0408010F0AAABAB,2,1.2655999999999974
42,J82110,Clonazepam_Tab 500mcg,0408010F0AAABAB,4,1.2655999999999974
49,J82067,Clonazepam_Tab 500mcg,0408010F0AAABAB,2,1.2655999999999974
48,J82125,Clonazepam_Tab 500mcg,0408010F0AAABAB,1,1.2655999999999974
43,J82135,Clonazepam_Tab 500mcg,0408010F0AAABAB,1,1.2655999999999974
47,J82015,Clonazepam_Tab 500mcg,0408010F0AAABAB,2,1.2655999999999974
50,J82015,Clonazepam_Tab 500mcg,0408010F0AAABAB,1,1.2655999999999974
210,J82178,Topiramate_Tab 200mg,040801050AAACAC,1,1.1647999999999992
51,J82067,Clonazepam_Tab 500mcg,0408010F0AAABAB,2,1.1399999999999966
57,J82195,Clonazepam_Tab 500mcg,0408010F0AAABAB,1,1.1299999999999977
56,J82110,Clonazepam_Tab 500mcg,0408010F0AAABAB,1,1.1299999999999977
55,J82049,Clonazepam_Tab 500mcg,0408010F0AAABAB,1,1.1299999999999977
54,J82067,Clonazepam_Tab 500mcg,0408010F0AAABAB,1,1.1299999999999977
53,J82120,Clonazepam_Tab 500mcg,0408010F0AAABAB,1,1.1299999999999977
52,J82630,Clonazepam_Tab 500mcg,0408010F0AAABAB,1,1.1299999999999977
231,H81088,Diltiazem HCl_Tab 60mg M/R,0206020C0AAAAAA,1,1.1088000000000038
166,H81615,Amiodarone HCl_Tab 200mg,0203020D0AAABAB,1,1.050000000000001
169,H81027,Amiodarone HCl_Tab 200mg,0203020D0AAABAB,3,1.050000000000001
168,J82125,Amiodarone HCl_Tab 200mg,0203020D0AAABAB,1,1.050000000000001
163,J82049,Amiodarone HCl_Tab 200mg,0203020D0AAABAB,1,1.050000000000001
164,J82015,Amiodarone HCl_Tab 200mg,0203020D0AAABAB,3,1.050000000000001
165,J82135,Amiodarone HCl_Tab 200mg,0203020D0AAABAB,3,1.050000000000001
167,J82049,Amiodarone HCl_Tab 200mg,0203020D0AAABAB,3,1.050000000000001
58,J82066,Clonazepam_Tab 500mcg,0408010F0AAABAB,3,1.016999999999998
61,J82066,Clonazepam_Tab 500mcg,0408010F0AAABAB,1,1.016999999999998
60,J82142,Clonazepam_Tab 500mcg,0408010F0AAABAB,1,1.016999999999998
59,J82195,Clonazepam_Tab 500mcg,0408010F0AAABAB,1,1.016999999999998
230,J82049,Tetrabenazine_Tab 25mg,0409030C0AAAAAA,1,0.9995999999999987
232,H81027,Diltiazem HCl_Tab 60mg M/R,0206020C0AAAAAA,4,0.9856000000000034
199,J82049,Pyridox HCl_Tab 50mg,0906024N0AAAIAI,1,0.9576000000000002
200,H81615,Pyridox HCl_Tab 50mg,0906024N0AAAIAI,1,0.9576000000000002
196,J82135,Pyridox HCl_Tab 50mg,0906024N0AAAIAI,1,0.9576000000000002
197,J82066,Pyridox HCl_Tab 50mg,0906024N0AAAIAI,1,0.9576000000000002
198,J82178,Pyridox HCl_Tab 50mg,0906024N0AAAIAI,1,0.9576000000000002
67,J82110,Clonazepam_Tab 500mcg,0408010F0AAABAB,1,0.949199999999998
70,H81088,Clonazepam_Tab 500mcg,0408010F0AAABAB,1,0.949199999999998
69,J82125,Clonazepam_Tab 500mcg,0408010F0AAABAB,3,0.949199999999998
68,H81110,Clonazepam_Tab 500mcg,0408010F0AAABAB,1,0.949199999999998
65,J82142,Clonazepam_Tab 500mcg,0408010F0AAABAB,2,0.949199999999998
66,J82120,Clonazepam_Tab 500mcg,0408010F0AAABAB,1,0.949199999999998
63,J82067,Clonazepam_Tab 500mcg,0408010F0AAABAB,1,0.949199999999998
64,J82120,Clonazepam_Tab 500mcg,0408010F0AAABAB,4,0.949199999999998
62,J82630,Clonazepam_Tab 500mcg,0408010F0AAABAB,1,0.949199999999998
233,J82049,Diltiazem HCl_Tab 60mg M/R,0206020C0AAAAAA,1,0.880000000000003
234,J82125,Diltiazem HCl_Tab 60mg M/R,0206020C0AAAAAA,3,0.7392000000000025
235,J82067,Diltiazem HCl_Tab 60mg M/R,0206020C0AAAAAA,1,0.7392000000000025
236,J82120,Diltiazem HCl_Tab 60mg M/R,0206020C0AAAAAA,2,0.7392000000000025
237,J82099,Diltiazem HCl_Tab 60mg M/R,0206020C0AAAAAA,2,0.7392000000000025
170,H81615,Amiodarone HCl_Tab 200mg,0203020D0AAABAB,1,0.7000000000000006
171,J82178,Amiodarone HCl_Tab 200mg,0203020D0AAABAB,1,0.7000000000000006
172,J82125,Amiodarone HCl_Tab 200mg,0203020D0AAABAB,1,0.7000000000000006
173,J82195,Amiodarone HCl_Tab 200mg,0203020D0AAABAB,1,0.7000000000000006
174,J82181,Amiodarone HCl_Tab 200mg,0203020D0AAABAB,1,0.7000000000000006
175,J82120,Amiodarone HCl_Tab 200mg,0203020D0AAABAB,1,0.7000000000000006
73,J82066,Clonazepam_Tab 500mcg,0408010F0AAABAB,1,0.6779999999999986
71,J82142,Clonazepam_Tab 500mcg,0408010F0AAABAB,1,0.6779999999999986
72,J82630,Clonazepam_Tab 500mcg,0408010F0AAABAB,1,0.6779999999999986
74,J82099,Clonazepam_Tab 500mcg,0408010F0AAABAB,1,0.6779999999999986
76,H81088,Clonazepam_Tab 500mcg,0408010F0AAABAB,1,0.6779999999999986
77,J82049,Clonazepam_Tab 500mcg,0408010F0AAABAB,1,0.6779999999999986
75,J82125,Clonazepam_Tab 500mcg,0408010F0AAABAB,1,0.6779999999999986
176,J82099,Amiodarone HCl_Tab 200mg,0203020D0AAABAB,8,0.6776
177,H81088,Amiodarone HCl_Tab 200mg,0203020D0AAABAB,8,0.6776
83,J82198,Clonazepam_Tab 500mcg,0408010F0AAABAB,1,0.6327999999999987
88,J82181,Clonazepam_Tab 500mcg,0408010F0AAABAB,2,0.6327999999999987
78,J82135,Clonazepam_Tab 500mcg,0408010F0AAABAB,2,0.6327999999999987
79,J82049,Clonazepam_Tab 500mcg,0408010F0AAABAB,2,0.6327999999999987
80,J82198,Clonazepam_Tab 500mcg,0408010F0AAABAB,2,0.6327999999999987
81,J82120,Clonazepam_Tab 500mcg,0408010F0AAABAB,2,0.6327999999999987
82,H81110,Clonazepam_Tab 500mcg,0408010F0AAABAB,2,0.6327999999999987
84,H81110,Clonazepam_Tab 500mcg,0408010F0AAABAB,1,0.6327999999999987
85,J82099,Clonazepam_Tab 500mcg,0408010F0AAABAB,4,0.6327999999999987
86,H81088,Clonazepam_Tab 500mcg,0408010F0AAABAB,1,0.6327999999999987
87,J82135,Clonazepam_Tab 500mcg,0408010F0AAABAB,1,0.6327999999999987
90,J82015,Clonazepam_Tab 500mcg,0408010F0AAABAB,1,0.5699999999999983
89,J82110,Clonazepam_Tab 500mcg,0408010F0AAABAB,1,0.5699999999999983
91,H81097,Clonazepam_Tab 500mcg,0408010F0AAABAB,4,0.5471999999999984
216,J82142,Methocarbamol_Tab 750mg,1002020S0AAABAB,1,0.5159999999999998
242,H81027,Diltiazem HCl_Tab 60mg M/R,0206020C0AAAAAA,1,0.5040000000000004
238,J82066,Diltiazem HCl_Tab 60mg M/R,0206020C0AAAAAA,1,0.5040000000000004
239,J82049,Diltiazem HCl_Tab 60mg M/R,0206020C0AAAAAA,1,0.5040000000000004
240,H81097,Diltiazem HCl_Tab 60mg M/R,0206020C0AAAAAA,1,0.5040000000000004
241,J82120,Diltiazem HCl_Tab 60mg M/R,0206020C0AAAAAA,1,0.5040000000000004
243,J82066,Diltiazem HCl_Tab 60mg M/R,0206020C0AAAAAA,2,0.4928000000000017
218,J82066,Methocarbamol_Tab 750mg,1002020S0AAABAB,2,0.4815999999999998
217,J82142,Methocarbamol_Tab 750mg,1002020S0AAABAB,1,0.4815999999999998
203,J82099,Pyridox HCl_Tab 50mg,0906024N0AAAIAI,1,0.4788000000000001
201,J82110,Pyridox HCl_Tab 50mg,0906024N0AAAIAI,1,0.4788000000000001
202,J82066,Pyridox HCl_Tab 50mg,0906024N0AAAIAI,1,0.4788000000000001
93,H81615,Clonazepam_Tab 500mcg,0408010F0AAABAB,3,0.474599999999999
92,J82120,Clonazepam_Tab 500mcg,0408010F0AAABAB,1,0.474599999999999
220,J82198,Methocarbamol_Tab 750mg,1002020S0AAABAB,1,0.4299999999999998
219,J82015,Methocarbamol_Tab 750mg,1002020S0AAABAB,1,0.4299999999999998
178,J82015,Amiodarone HCl_Tab 200mg,0203020D0AAABAB,5,0.4235
244,J82049,Diltiazem HCl_Tab 60mg M/R,0206020C0AAAAAA,1,0.40500000000000036
245,J82125,Diltiazem HCl_Tab 60mg M/R,0206020C0AAAAAA,1,0.40500000000000036
246,H81615,Diltiazem HCl_Tab 60mg M/R,0206020C0AAAAAA,1,0.40500000000000036
94,H81097,Clonazepam_Tab 500mcg,0408010F0AAABAB,4,0.40319999999999956
95,J82628,Clonazepam_Tab 500mcg,0408010F0AAABAB,5,0.3954999999999992
250,H81110,Diltiazem HCl_Tab 60mg M/R,0206020C0AAAAAA,1,0.36960000000000126
248,J82049,Diltiazem HCl_Tab 60mg M/R,0206020C0AAAAAA,1,0.36960000000000126
247,J82099,Diltiazem HCl_Tab 60mg M/R,0206020C0AAAAAA,4,0.36960000000000126
221,J82066,Methocarbamol_Tab 750mg,1002020S0AAABAB,1,0.36960000000000126
249,J82125,Diltiazem HCl_Tab 60mg M/R,0206020C0AAAAAA,4,0.36960000000000126
222,J82142,Methocarbamol_Tab 750mg,1002020S0AAABAB,1,0.36960000000000126
179,J82110,Amiodarone HCl_Tab 200mg,0203020D0AAABAB,1,0.3500000000000003
180,J82125,Amiodarone HCl_Tab 200mg,0203020D0AAABAB,1,0.3500000000000003
181,H81110,Amiodarone HCl_Tab 200mg,0203020D0AAABAB,1,0.3500000000000003
182,H81097,Amiodarone HCl_Tab 200mg,0203020D0AAABAB,1,0.3500000000000003
96,J82135,Clonazepam_Tab 500mcg,0408010F0AAABAB,1,0.3389999999999993
97,J82125,Clonazepam_Tab 500mcg,0408010F0AAABAB,1,0.3389999999999993
98,J82181,Clonazepam_Tab 500mcg,0408010F0AAABAB,1,0.3389999999999993
107,J82135,Clonazepam_Tab 500mcg,0408010F0AAABAB,4,0.31639999999999935
106,H81615,Clonazepam_Tab 500mcg,0408010F0AAABAB,1,0.31639999999999935
108,J82630,Clonazepam_Tab 500mcg,0408010F0AAABAB,1,0.31639999999999935
105,H81615,Clonazepam_Tab 500mcg,0408010F0AAABAB,4,0.31639999999999935
99,J82067,Clonazepam_Tab 500mcg,0408010F0AAABAB,1,0.31639999999999935
104,H81027,Clonazepam_Tab 500mcg,0408010F0AAABAB,1,0.31639999999999935
103,J82181,Clonazepam_Tab 500mcg,0408010F0AAABAB,4,0.31639999999999935
102,J82142,Clonazepam_Tab 500mcg,0408010F0AAABAB,1,0.31639999999999935
101,J82125,Clonazepam_Tab 500mcg,0408010F0AAABAB,4,0.31639999999999935
100,J82630,Clonazepam_Tab 500mcg,0408010F0AAABAB,4,0.31639999999999935
109,J82178,Clonazepam_Tab 500mcg,0408010F0AAABAB,1,0.31639999999999935
110,J82181,Clonazepam_Tab 500mcg,0408010F0AAABAB,1,0.2735999999999992
183,J82135,Amiodarone HCl_Tab 200mg,0203020D0AAABAB,1,0.2646
223,J82066,Methocarbamol_Tab 750mg,1002020S0AAABAB,1,0.25200000000000056
254,J82120,Diltiazem HCl_Tab 60mg M/R,0206020C0AAAAAA,1,0.24640000000000084
255,H81097,Diltiazem HCl_Tab 60mg M/R,0206020C0AAAAAA,1,0.24640000000000084
253,J82099,Diltiazem HCl_Tab 60mg M/R,0206020C0AAAAAA,1,0.24640000000000084
252,J82049,Diltiazem HCl_Tab 60mg M/R,0206020C0AAAAAA,1,0.24640000000000084
251,J82015,Diltiazem HCl_Tab 60mg M/R,0206020C0AAAAAA,1,0.24640000000000084
224,J82198,Methocarbamol_Tab 750mg,1002020S0AAABAB,1,0.22000000000000075
184,J82181,Amiodarone HCl_Tab 200mg,0203020D0AAABAB,1,0.17920000000000008
111,J82178,Clonazepam_Tab 500mcg,0408010F0AAABAB,1,0.174
112,J82067,Clonazepam_Tab 500mcg,0408010F0AAABAB,1,0.15819999999999967
113,J82120,Clonazepam_Tab 500mcg,0408010F0AAABAB,1,0.15819999999999967
114,J82066,Clonazepam_Tab 500mcg,0408010F0AAABAB,2,0.15819999999999967
115,J82142,Clonazepam_Tab 500mcg,0408010F0AAABAB,1,0.15819999999999967
116,J82178,Clonazepam_Tab 500mcg,0408010F0AAABAB,1,0.15819999999999967
117,J82181,Clonazepam_Tab 500mcg,0408010F0AAABAB,1,0.15819999999999967
118,J82628,Clonazepam_Tab 500mcg,0408010F0AAABAB,1,0.15819999999999967
119,H81659,Clonazepam_Tab 500mcg,0408010F0AAABAB,1,0.15819999999999967
256,J82049,Diltiazem HCl_Tab 60mg M/R,0206020C0AAAAAA,1,0.13760000000000083
257,J82099,Diltiazem HCl_Tab 60mg M/R,0206020C0AAAAAA,1,0.1260000000000001
225,J82066,Methocarbamol_Tab 750mg,1002020S0AAABAB,1,0.09240000000000032
185,H81027,Amiodarone HCl_Tab 200mg,0203020D0AAABAB,1,0.0847
120,H81615,Clonazepam_Tab 500mcg,0408010F0AAABAB,1,0.06359999999999999
137,J82099,Mesalazine_Tab E/C 800mg,0105010B0AAASAS,1,0.008999999999999009
129,J82066,Mesalazine_Tab E/C 400mg,0105010B0AAAAAA,1,-0.011999999999998678
130,H81615,Mesalazine_Tab E/C 400mg,0105010B0AAAAAA,1,-17.112
138,J82099,Mesalazine_Tab E/C 800mg,0105010B0AAASAS,1,-18.441
139,J82015,Mesalazine_Tab E/C 800mg,0105010B0AAASAS,1,-36.89999999999999
131,J82125,Mesalazine_Tab E/C 400mg,0105010B0AAAAAA,1,-51.33599999999999
140,J82110,Mesalazine_Tab E/C 800mg,0105010B0AAASAS,1,-73.79999999999998
