,practice_code,bnf_description,bnf_code,items,excess_cost
1271,D81007,Aripiprazole_Tab 10mg,0402010ADAAAAAA,3,348.91920000000005
869,D81053,Atorvastatin_Tab 10mg,0212000B0AAAAAA,125,337.40000000000003
750,D81022,Memantine HCl_Tab 20mg,0411000G0AAADAD,53,319.5052
812,D81022,Atorvastatin_Tab 20mg,0212000B0AAABAB,1384,317.7664000000002
751,K83017,Memantine HCl_Tab 20mg,0411000G0AAADAD,13,255.60079999999996
1083,D81022,Ferr Sulf_Tab 200mg,0901011P0AAACAC,93,232.7976
994,D81026,Pregabalin_Cap 25mg,0408010AEAAAAAA,6,225.5904
995,D81022,Pregabalin_Cap 25mg,0408010AEAAAAAA,37,225.4336
982,D81035,Phenytoin_Sod Tab 100mg,0408010Q0AAAGAG,4,179.1216
0,D81033,Paracet_Tab 500mg,0407010H0AAAMAM,22,176.44
1,D81033,Paracet_Tab 500mg,0407010H0AAAMAM,22,176.44
1272,D81625,Aripiprazole_Tab 10mg,0402010ADAAAAAA,2,174.4624
813,K83017,Atorvastatin_Tab 20mg,0212000B0AAABAB,274,158.04320000000004
814,D81053,Atorvastatin_Tab 20mg,0212000B0AAABAB,344,157.96480000000005
870,D81053,Atorvastatin_Tab 10mg,0212000B0AAAAAA,10,139.664
815,D81026,Atorvastatin_Tab 20mg,0212000B0AAABAB,650,136.5
816,D81630,Atorvastatin_Tab 20mg,0212000B0AAABAB,179,135.324
817,D81046,Atorvastatin_Tab 20mg,0212000B0AAABAB,355,135.184
983,D81615,Phenytoin_Sod Tab 100mg,0408010Q0AAAGAG,1,127.92599999999997
752,D81014,Memantine HCl_Tab 20mg,0411000G0AAADAD,15,127.80599999999998
753,D81044,Memantine HCl_Tab 20mg,0411000G0AAADAD,2,127.8032
755,D81630,Memantine HCl_Tab 20mg,0411000G0AAADAD,7,127.792
754,D81053,Memantine HCl_Tab 20mg,0411000G0AAADAD,8,127.792
756,D81011,Memantine HCl_Tab 20mg,0411000G0AAADAD,12,127.78079999999999
985,D81028,Phenytoin_Sod Tab 100mg,0408010Q0AAAGAG,2,119.39759999999998
984,D81042,Phenytoin_Sod Tab 100mg,0408010Q0AAAGAG,2,119.39759999999998
818,D81625,Atorvastatin_Tab 20mg,0212000B0AAABAB,558,114.05520000000001
819,D81023,Atorvastatin_Tab 20mg,0212000B0AAABAB,455,113.38600000000007
820,D81630,Atorvastatin_Tab 20mg,0212000B0AAABAB,1,112.658
1048,D81053,Atorvastatin_Tab 40mg,0212000B0AAACAC,132,110.1408
2,D81033,Paracet_Tab 500mg,0407010H0AAAMAM,33,99.99000000000001
3,D81033,Paracet_Tab 500mg,0407010H0AAAMAM,33,99.99000000000001
821,D81034,Atorvastatin_Tab 20mg,0212000B0AAABAB,664,91.10080000000004
822,D81011,Atorvastatin_Tab 20mg,0212000B0AAABAB,434,89.92480000000005
1049,D81011,Atorvastatin_Tab 40mg,0212000B0AAACAC,249,89.24159999999999
1273,D81007,Aripiprazole_Tab 10mg,0402010ADAAAAAA,2,87.2312
996,D81042,Pregabalin_Cap 25mg,0408010AEAAAAAA,1,84.5964
997,D81022,Pregabalin_Cap 25mg,0408010AEAAAAAA,6,84.57119999999999
986,D81007,Phenytoin_Sod Tab 100mg,0408010Q0AAAGAG,1,79.59839999999998
4,D81022,Paracet_Tab 500mg,0407010H0AAAMAM,562,78.6800000000001
5,D81022,Paracet_Tab 500mg,0407010H0AAAMAM,562,78.6800000000001
871,D81022,Atorvastatin_Tab 10mg,0212000B0AAAAAA,285,70.22400000000002
872,D81029,Atorvastatin_Tab 10mg,0212000B0AAAAAA,93,69.78720000000001
823,D81029,Atorvastatin_Tab 20mg,0212000B0AAABAB,389,67.53040000000004
1050,K83017,Atorvastatin_Tab 40mg,0212000B0AAACAC,147,66.6792
757,D81625,Memantine HCl_Tab 20mg,0411000G0AAADAD,8,63.91840000000001
761,D81611,Memantine HCl_Tab 20mg,0411000G0AAADAD,8,63.9072
758,D81034,Memantine HCl_Tab 20mg,0411000G0AAADAD,12,63.9072
759,D81012,Memantine HCl_Tab 20mg,0411000G0AAADAD,12,63.9072
760,D81007,Memantine HCl_Tab 20mg,0411000G0AAADAD,8,63.9072
762,K83023,Memantine HCl_Tab 20mg,0411000G0AAADAD,12,63.9072
764,D81021,Memantine HCl_Tab 20mg,0411000G0AAADAD,9,63.907199999999996
763,D81049,Memantine HCl_Tab 20mg,0411000G0AAADAD,9,63.907199999999996
765,D81026,Memantine HCl_Tab 20mg,0411000G0AAADAD,29,63.90440000000002
768,Y02769,Memantine HCl_Tab 20mg,0411000G0AAADAD,1,63.89880000000001
767,D81013,Memantine HCl_Tab 20mg,0411000G0AAADAD,4,63.89880000000001
766,D81086,Memantine HCl_Tab 20mg,0411000G0AAADAD,4,63.89880000000001
770,D81046,Memantine HCl_Tab 20mg,0411000G0AAADAD,14,63.896
769,E82072,Memantine HCl_Tab 20mg,0411000G0AAADAD,14,63.896
771,D81065,Memantine HCl_Tab 20mg,0411000G0AAADAD,7,63.895999999999994
772,D81631,Memantine HCl_Tab 20mg,0411000G0AAADAD,6,63.89039999999999
773,D81008,Memantine HCl_Tab 20mg,0411000G0AAADAD,16,63.8848
775,D81044,Memantine HCl_Tab 20mg,0411000G0AAADAD,45,63.882000000000005
774,D81032,Memantine HCl_Tab 20mg,0411000G0AAADAD,15,63.882000000000005
987,E82132,Phenytoin_Sod Tab 100mg,0408010Q0AAAGAG,3,59.6988
998,D81013,Pregabalin_Cap 25mg,0408010AEAAAAAA,3,59.6064
1322,D81037,Montelukast_Tab 10mg,0303020G0AAABAB,10,48.77599999999999
1323,D81066,Montelukast_Tab 10mg,0303020G0AAABAB,7,48.7648
1324,D81031,Montelukast_Tab 10mg,0303020G0AAABAB,6,48.753600000000006
1325,D81029,Montelukast_Tab 10mg,0303020G0AAABAB,32,48.742399999999996
1326,D81630,Montelukast_Tab 10mg,0303020G0AAABAB,24,48.720000000000006
824,D81061,Atorvastatin_Tab 20mg,0212000B0AAABAB,450,46.620000000000026
6,K83017,Paracet_Tab 500mg,0407010H0AAAMAM,35,45.471999999999994
7,K83017,Paracet_Tab 500mg,0407010H0AAAMAM,35,45.471999999999994
825,D81012,Atorvastatin_Tab 20mg,0212000B0AAABAB,123,45.46080000000001
826,D81050,Atorvastatin_Tab 20mg,0212000B0AAABAB,330,45.27600000000002
827,D81022,Atorvastatin_Tab 20mg,0212000B0AAABAB,63,45.15840000000002
1051,D81022,Atorvastatin_Tab 40mg,0212000B0AAACAC,556,45.1472
828,D81053,Atorvastatin_Tab 20mg,0212000B0AAABAB,15,45.108
1052,D81046,Atorvastatin_Tab 40mg,0212000B0AAACAC,296,44.755200000000016
1053,D81008,Atorvastatin_Tab 40mg,0212000B0AAACAC,202,44.68239999999999
1054,D81042,Atorvastatin_Tab 40mg,0212000B0AAACAC,54,44.604000000000006
1055,D81012,Atorvastatin_Tab 40mg,0212000B0AAACAC,25,44.52
1084,D81037,Ferr Sulf_Tab 200mg,0901011P0AAACAC,1,42.252
8,D81012,Paracet_Tab 500mg,0407010H0AAAMAM,40,40.00000000000001
9,D81012,Paracet_Tab 500mg,0407010H0AAAMAM,40,40.00000000000001
988,D81046,Phenytoin_Sod Tab 100mg,0408010Q0AAAGAG,2,39.80479999999999
829,D81625,Atorvastatin_Tab 20mg,0212000B0AAABAB,116,39.4632
10,K83017,Paracet_Tab 500mg,0407010H0AAAMAM,58,38.976
11,K83017,Paracet_Tab 500mg,0407010H0AAAMAM,58,38.976
12,D81622,Paracet_Tab 500mg,0407010H0AAAMAM,46,38.64000000000002
13,D81622,Paracet_Tab 500mg,0407010H0AAAMAM,46,38.64000000000002
873,D81631,Atorvastatin_Tab 10mg,0212000B0AAAAAA,30,34.86
874,E82132,Atorvastatin_Tab 10mg,0212000B0AAAAAA,65,34.762
14,D81008,Paracet_Tab 500mg,0407010H0AAAMAM,281,33.71999999999999
15,D81008,Paracet_Tab 500mg,0407010H0AAAMAM,281,33.71999999999999
776,D81013,Memantine HCl_Tab 20mg,0411000G0AAADAD,1,31.949400000000004
17,D81034,Paracet_Tab 500mg,0407010H0AAAMAM,239,31.06999999999998
16,D81034,Paracet_Tab 500mg,0407010H0AAAMAM,239,31.06999999999998
19,D81033,Paracet_Tab 500mg,0407010H0AAAMAM,11,31.0464
18,D81033,Paracet_Tab 500mg,0407010H0AAAMAM,11,31.0464
20,D81026,Paracet_Tab 500mg,0407010H0AAAMAM,100,30.00000000000003
21,D81026,Paracet_Tab 500mg,0407010H0AAAMAM,100,30.00000000000003
22,D81021,Paracet_Tab 500mg,0407010H0AAAMAM,114,29.63999999999998
23,D81021,Paracet_Tab 500mg,0407010H0AAAMAM,114,29.63999999999998
1085,D81022,Ferr Sulf_Tab 200mg,0901011P0AAACAC,8,28.223999999999993
999,D81022,Pregabalin_Cap 25mg,0408010AEAAAAAA,3,28.211399999999998
1000,D81611,Pregabalin_Cap 25mg,0408010AEAAAAAA,2,28.195999999999998
1086,D81001,Ferr Sulf_Tab 200mg,0901011P0AAACAC,3,28.1904
24,D81061,Paracet_Tab 500mg,0407010H0AAAMAM,51,26.275199999999998
25,D81061,Paracet_Tab 500mg,0407010H0AAAMAM,51,26.275199999999998
26,D81012,Paracet_Tab 500mg,0407010H0AAAMAM,126,25.200000000000024
27,D81012,Paracet_Tab 500mg,0407010H0AAAMAM,126,25.200000000000024
1327,D81008,Montelukast_Tab 10mg,0303020G0AAABAB,123,24.452400000000008
1328,D81057,Montelukast_Tab 10mg,0303020G0AAABAB,22,24.393600000000003
1329,D81084,Montelukast_Tab 10mg,0303020G0AAABAB,26,24.387999999999998
1330,D81052,Montelukast_Tab 10mg,0303020G0AAABAB,10,24.387999999999995
1331,D81623,Montelukast_Tab 10mg,0303020G0AAABAB,7,24.382399999999997
1332,D81050,Montelukast_Tab 10mg,0303020G0AAABAB,34,24.371200000000005
1334,K83017,Montelukast_Tab 10mg,0303020G0AAABAB,17,24.3712
1333,D81011,Montelukast_Tab 10mg,0303020G0AAABAB,64,24.3712
1335,D81637,Montelukast_Tab 10mg,0303020G0AAABAB,19,24.3656
1337,D81625,Montelukast_Tab 10mg,0303020G0AAABAB,20,24.360000000000003
1336,D81615,Montelukast_Tab 10mg,0303020G0AAABAB,25,24.360000000000003
1338,D81046,Montelukast_Tab 10mg,0303020G0AAABAB,58,24.36
1339,D81061,Montelukast_Tab 10mg,0303020G0AAABAB,56,24.304
1340,D81043,Montelukast_Tab 10mg,0303020G0AAABAB,196,24.147200000000005
830,D81057,Atorvastatin_Tab 20mg,0212000B0AAABAB,259,23.93160000000003
831,D81008,Atorvastatin_Tab 20mg,0212000B0AAABAB,647,23.550800000000045
875,K83017,Atorvastatin_Tab 10mg,0212000B0AAAAAA,114,23.301600000000004
876,D81012,Atorvastatin_Tab 10mg,0212000B0AAAAAA,22,23.2848
878,D81013,Atorvastatin_Tab 10mg,0212000B0AAAAAA,14,23.2456
877,D81070,Atorvastatin_Tab 10mg,0212000B0AAAAAA,7,23.2456
832,D81622,Atorvastatin_Tab 20mg,0212000B0AAABAB,332,23.24000000000002
879,D81012,Atorvastatin_Tab 10mg,0212000B0AAAAAA,43,23.237199999999998
28,D81022,Paracet_Tab 500mg,0407010H0AAAMAM,115,23.18400000000004
29,D81022,Paracet_Tab 500mg,0407010H0AAAMAM,115,23.18400000000004
880,D81615,Atorvastatin_Tab 10mg,0212000B0AAAAAA,45,23.184
833,D81631,Atorvastatin_Tab 20mg,0212000B0AAABAB,222,22.999200000000013
1056,D81625,Atorvastatin_Tab 40mg,0212000B0AAACAC,303,22.906800000000008
834,D81032,Atorvastatin_Tab 20mg,0212000B0AAABAB,314,22.859200000000044
835,D81007,Atorvastatin_Tab 20mg,0212000B0AAABAB,181,22.80600000000002
836,E82072,Atorvastatin_Tab 20mg,0212000B0AAABAB,370,22.792000000000005
837,D81064,Atorvastatin_Tab 20mg,0212000B0AAABAB,98,22.775200000000005
881,D81026,Atorvastatin_Tab 10mg,0212000B0AAAAAA,271,22.76400000000002
838,E82132,Atorvastatin_Tab 20mg,0212000B0AAABAB,262,22.74160000000004
839,D81010,Atorvastatin_Tab 20mg,0212000B0AAABAB,280,22.735999999999997
1057,D81051,Atorvastatin_Tab 40mg,0212000B0AAACAC,123,22.730400000000007
840,D81078,Atorvastatin_Tab 20mg,0212000B0AAABAB,150,22.680000000000007
841,D81615,Atorvastatin_Tab 20mg,0212000B0AAABAB,90,22.680000000000003
842,D81015,Atorvastatin_Tab 20mg,0212000B0AAABAB,176,22.668800000000033
843,D81086,Atorvastatin_Tab 20mg,0212000B0AAABAB,48,22.579200000000004
844,D81020,Atorvastatin_Tab 20mg,0212000B0AAABAB,32,22.5792
882,D81043,Atorvastatin_Tab 10mg,0212000B0AAAAAA,447,22.528799999999993
1058,E82132,Atorvastatin_Tab 40mg,0212000B0AAACAC,100,22.400000000000002
1059,D81023,Atorvastatin_Tab 40mg,0212000B0AAACAC,148,22.377600000000008
1060,D81036,Atorvastatin_Tab 40mg,0212000B0AAACAC,111,22.377599999999994
1061,D81615,Atorvastatin_Tab 40mg,0212000B0AAACAC,60,22.343999999999998
1062,D81009,Atorvastatin_Tab 40mg,0212000B0AAACAC,32,22.310399999999998
1063,Y00486,Atorvastatin_Tab 40mg,0212000B0AAACAC,48,22.310399999999994
1064,D81070,Atorvastatin_Tab 40mg,0212000B0AAACAC,37,22.273999999999997
1065,D81049,Atorvastatin_Tab 40mg,0212000B0AAACAC,137,22.2488
1066,K83023,Atorvastatin_Tab 40mg,0212000B0AAACAC,209,22.237599999999986
30,D81010,Paracet_Tab 500mg,0407010H0AAAMAM,66,22.17600000000002
31,D81010,Paracet_Tab 500mg,0407010H0AAAMAM,66,22.17600000000002
33,D81026,Paracet_Tab 500mg,0407010H0AAAMAM,359,21.539999999999996
32,D81026,Paracet_Tab 500mg,0407010H0AAAMAM,359,21.539999999999996
34,D81008,Paracet_Tab 500mg,0407010H0AAAMAM,106,21.200000000000017
35,D81008,Paracet_Tab 500mg,0407010H0AAAMAM,106,21.200000000000017
1088,D81057,Ferr Sulf_Tab 200mg,0901011P0AAACAC,7,21.168
1087,D81046,Ferr Sulf_Tab 200mg,0901011P0AAACAC,18,21.168
1090,D81059,Ferr Sulf_Tab 200mg,0901011P0AAACAC,9,21.167999999999992
1089,D81023,Ferr Sulf_Tab 200mg,0901011P0AAACAC,9,21.167999999999992
1091,D81053,Ferr Sulf_Tab 200mg,0901011P0AAACAC,11,21.159599999999998
1092,D81017,Ferr Sulf_Tab 200mg,0901011P0AAACAC,2,21.1344
1093,D81633,Ferr Sulf_Tab 200mg,0901011P0AAACAC,5,21.125999999999998
1094,D81611,Ferr Sulf_Tab 200mg,0901011P0AAACAC,6,21.1176
1095,D81017,Ferr Sulf_Tab 200mg,0901011P0AAACAC,13,21.1029
36,D81633,Paracet_Tab 500mg,0407010H0AAAMAM,24,20.966400000000004
37,D81633,Paracet_Tab 500mg,0407010H0AAAMAM,24,20.966400000000004
39,D81003,Paracet_Tab 500mg,0407010H0AAAMAM,33,20.460000000000015
38,D81003,Paracet_Tab 500mg,0407010H0AAAMAM,33,20.460000000000015
883,D81012,Atorvastatin_Tab 10mg,0212000B0AAAAAA,26,20.420399999999997
41,D81014,Paracet_Tab 500mg,0407010H0AAAMAM,340,20.399999999999995
40,D81014,Paracet_Tab 500mg,0407010H0AAAMAM,340,20.399999999999995
43,D81003,Paracet_Tab 500mg,0407010H0AAAMAM,32,20.16
42,D81003,Paracet_Tab 500mg,0407010H0AAAMAM,32,20.16
44,D81086,Paracet_Tab 500mg,0407010H0AAAMAM,25,20.0
45,D81086,Paracet_Tab 500mg,0407010H0AAAMAM,25,20.0
46,D81043,Paracet_Tab 500mg,0407010H0AAAMAM,84,18.816000000000017
47,D81043,Paracet_Tab 500mg,0407010H0AAAMAM,84,18.816000000000017
48,D81022,Paracet_Tab 500mg,0407010H0AAAMAM,132,18.47999999999998
49,D81022,Paracet_Tab 500mg,0407010H0AAAMAM,132,18.47999999999998
51,D81086,Paracet_Tab 500mg,0407010H0AAAMAM,37,15.169999999999998
50,D81086,Paracet_Tab 500mg,0407010H0AAAMAM,37,15.169999999999998
52,D81078,Paracet_Tab 500mg,0407010H0AAAMAM,21,15.120000000000003
53,D81078,Paracet_Tab 500mg,0407010H0AAAMAM,21,15.120000000000003
1096,D81022,Ferr Sulf_Tab 200mg,0901011P0AAACAC,65,14.195999999999977
1097,D81023,Ferr Sulf_Tab 200mg,0901011P0AAACAC,16,14.156799999999995
1098,D81022,Ferr Sulf_Tab 200mg,0901011P0AAACAC,11,14.137199999999998
1100,D81053,Ferr Sulf_Tab 200mg,0901011P0AAACAC,21,14.111999999999997
1099,D81050,Ferr Sulf_Tab 200mg,0901011P0AAACAC,30,14.111999999999997
1101,D81046,Ferr Sulf_Tab 200mg,0901011P0AAACAC,60,14.111999999999984
1102,D81017,Ferr Sulf_Tab 200mg,0901011P0AAACAC,2,14.084
1103,D81003,Ferr Sulf_Tab 200mg,0901011P0AAACAC,6,14.0784
55,D81022,Paracet_Tab 500mg,0407010H0AAAMAM,6,12.096
54,D81022,Paracet_Tab 500mg,0407010H0AAAMAM,6,12.096
56,D81014,Paracet_Tab 500mg,0407010H0AAAMAM,59,11.89440000000002
57,D81014,Paracet_Tab 500mg,0407010H0AAAMAM,59,11.89440000000002
62,D81034,Paracet_Tab 500mg,0407010H0AAAMAM,53,11.87200000000001
58,D81011,Paracet_Tab 500mg,0407010H0AAAMAM,53,11.87200000000001
63,K83023,Paracet_Tab 500mg,0407010H0AAAMAM,53,11.87200000000001
61,D81011,Paracet_Tab 500mg,0407010H0AAAMAM,53,11.87200000000001
60,D81034,Paracet_Tab 500mg,0407010H0AAAMAM,53,11.87200000000001
59,K83023,Paracet_Tab 500mg,0407010H0AAAMAM,53,11.87200000000001
884,D81051,Atorvastatin_Tab 10mg,0212000B0AAAAAA,73,11.6508
885,D81008,Atorvastatin_Tab 10mg,0212000B0AAAAAA,80,11.648
886,D81049,Atorvastatin_Tab 10mg,0212000B0AAAAAA,64,11.647999999999998
887,D81057,Atorvastatin_Tab 10mg,0212000B0AAAAAA,77,11.642400000000004
888,D81009,Atorvastatin_Tab 10mg,0212000B0AAAAAA,31,11.631200000000002
889,D81020,Atorvastatin_Tab 10mg,0212000B0AAAAAA,6,11.625600000000002
890,D81024,Atorvastatin_Tab 10mg,0212000B0AAAAAA,83,11.620000000000003
891,D81023,Atorvastatin_Tab 10mg,0212000B0AAAAAA,68,11.614400000000002
892,D81645,Atorvastatin_Tab 10mg,0212000B0AAAAAA,17,11.6144
893,D81066,Atorvastatin_Tab 10mg,0212000B0AAAAAA,13,11.6116
894,D81011,Atorvastatin_Tab 10mg,0212000B0AAAAAA,112,11.603200000000006
895,D81618,Atorvastatin_Tab 10mg,0212000B0AAAAAA,41,11.594799999999998
896,D81622,Atorvastatin_Tab 10mg,0212000B0AAAAAA,45,11.592
897,D81007,Atorvastatin_Tab 10mg,0212000B0AAAAAA,51,11.566800000000004
898,D81061,Atorvastatin_Tab 10mg,0212000B0AAAAAA,102,11.424
899,K83023,Atorvastatin_Tab 10mg,0212000B0AAAAAA,97,11.407200000000007
65,D81007,Paracet_Tab 500mg,0407010H0AAAMAM,46,11.334400000000002
64,D81007,Paracet_Tab 500mg,0407010H0AAAMAM,46,11.334400000000002
67,D81003,Paracet_Tab 500mg,0407010H0AAAMAM,6,11.289600000000002
66,D81003,Paracet_Tab 500mg,0407010H0AAAMAM,6,11.289600000000002
69,D81002,Paracet_Tab 500mg,0407010H0AAAMAM,17,11.233600000000001
68,D81002,Paracet_Tab 500mg,0407010H0AAAMAM,17,11.233600000000001
900,D81034,Atorvastatin_Tab 10mg,0212000B0AAAAAA,182,11.211200000000003
70,D81052,Paracet_Tab 500mg,0407010H0AAAMAM,41,11.020799999999998
71,D81052,Paracet_Tab 500mg,0407010H0AAAMAM,41,11.020799999999998
72,D81026,Paracet_Tab 500mg,0407010H0AAAMAM,69,10.819199999999988
73,D81026,Paracet_Tab 500mg,0407010H0AAAMAM,69,10.819199999999988
74,D81034,Paracet_Tab 500mg,0407010H0AAAMAM,77,10.779999999999989
75,D81034,Paracet_Tab 500mg,0407010H0AAAMAM,77,10.779999999999989
77,D81032,Paracet_Tab 500mg,0407010H0AAAMAM,130,10.400000000000027
76,D81032,Paracet_Tab 500mg,0407010H0AAAMAM,130,10.400000000000027
79,D81046,Paracet_Tab 500mg,0407010H0AAAMAM,208,10.40000000000001
78,D81046,Paracet_Tab 500mg,0407010H0AAAMAM,208,10.40000000000001
80,D81007,Paracet_Tab 500mg,0407010H0AAAMAM,40,10.399999999999993
81,D81007,Paracet_Tab 500mg,0407010H0AAAMAM,40,10.399999999999993
83,D81631,Paracet_Tab 500mg,0407010H0AAAMAM,74,10.360000000000014
82,D81631,Paracet_Tab 500mg,0407010H0AAAMAM,74,10.360000000000014
85,D81037,Paracet_Tab 500mg,0407010H0AAAMAM,17,10.200000000000003
84,D81037,Paracet_Tab 500mg,0407010H0AAAMAM,17,10.200000000000003
87,D81624,Paracet_Tab 500mg,0407010H0AAAMAM,39,10.140000000000006
86,D81624,Paracet_Tab 500mg,0407010H0AAAMAM,39,10.140000000000006
89,D81009,Paracet_Tab 500mg,0407010H0AAAMAM,13,10.140000000000002
88,D81009,Paracet_Tab 500mg,0407010H0AAAMAM,13,10.140000000000002
91,D81010,Paracet_Tab 500mg,0407010H0AAAMAM,23,10.120000000000003
90,D81010,Paracet_Tab 500mg,0407010H0AAAMAM,23,10.120000000000003
93,D81042,Paracet_Tab 500mg,0407010H0AAAMAM,22,10.12
92,D81042,Paracet_Tab 500mg,0407010H0AAAMAM,22,10.12
94,D81010,Paracet_Tab 500mg,0407010H0AAAMAM,144,10.07999999999999
95,D81010,Paracet_Tab 500mg,0407010H0AAAMAM,144,10.07999999999999
96,D81633,Paracet_Tab 500mg,0407010H0AAAMAM,59,10.030000000000001
97,D81633,Paracet_Tab 500mg,0407010H0AAAMAM,59,10.030000000000001
99,D81015,Paracet_Tab 500mg,0407010H0AAAMAM,20,10.000000000000009
98,D81015,Paracet_Tab 500mg,0407010H0AAAMAM,20,10.000000000000009
100,D81073,Paracet_Tab 500mg,0407010H0AAAMAM,16,9.920000000000007
101,D81073,Paracet_Tab 500mg,0407010H0AAAMAM,16,9.920000000000007
103,D81057,Paracet_Tab 500mg,0407010H0AAAMAM,33,9.90000000000001
102,D81057,Paracet_Tab 500mg,0407010H0AAAMAM,33,9.90000000000001
105,D81002,Paracet_Tab 500mg,0407010H0AAAMAM,38,9.879999999999994
104,D81002,Paracet_Tab 500mg,0407010H0AAAMAM,38,9.879999999999994
107,D81057,Paracet_Tab 500mg,0407010H0AAAMAM,120,9.600000000000025
106,D81057,Paracet_Tab 500mg,0407010H0AAAMAM,120,9.600000000000025
109,D81011,Paracet_Tab 500mg,0407010H0AAAMAM,234,9.360000000000024
108,D81011,Paracet_Tab 500mg,0407010H0AAAMAM,234,9.360000000000024
111,D81064,Paracet_Tab 500mg,0407010H0AAAMAM,104,9.360000000000015
110,D81064,Paracet_Tab 500mg,0407010H0AAAMAM,104,9.360000000000015
113,D81061,Paracet_Tab 500mg,0407010H0AAAMAM,232,9.280000000000024
112,D81061,Paracet_Tab 500mg,0407010H0AAAMAM,232,9.280000000000024
114,D81051,Paracet_Tab 500mg,0407010H0AAAMAM,51,9.180000000000016
115,D81051,Paracet_Tab 500mg,0407010H0AAAMAM,51,9.180000000000016
117,D81059,Paracet_Tab 500mg,0407010H0AAAMAM,38,9.119999999999997
116,D81059,Paracet_Tab 500mg,0407010H0AAAMAM,38,9.119999999999997
989,D81611,Phenytoin_Sod Tab 100mg,0408010Q0AAAGAG,2,9.088799999999997
119,D81011,Paracet_Tab 500mg,0407010H0AAAMAM,112,8.960000000000024
118,D81011,Paracet_Tab 500mg,0407010H0AAAMAM,112,8.960000000000024
121,D81611,Paracet_Tab 500mg,0407010H0AAAMAM,171,8.550000000000008
120,D81611,Paracet_Tab 500mg,0407010H0AAAMAM,171,8.550000000000008
123,D81022,Paracet_Tab 500mg,0407010H0AAAMAM,11,8.500800000000002
122,D81022,Paracet_Tab 500mg,0407010H0AAAMAM,11,8.500800000000002
125,D81007,Paracet_Tab 500mg,0407010H0AAAMAM,2,8.467200000000002
124,D81007,Paracet_Tab 500mg,0407010H0AAAMAM,2,8.467200000000002
127,D81003,Paracet_Tab 500mg,0407010H0AAAMAM,4,8.4672
126,D81003,Paracet_Tab 500mg,0407010H0AAAMAM,4,8.4672
128,Y00486,Paracet_Tab 500mg,0407010H0AAAMAM,27,7.290000000000003
129,Y00486,Paracet_Tab 500mg,0407010H0AAAMAM,27,7.290000000000003
1104,D81022,Ferr Sulf_Tab 200mg,0901011P0AAACAC,38,7.128799999999997
1105,D81010,Ferr Sulf_Tab 200mg,0901011P0AAACAC,24,7.1064
1106,D81010,Ferr Sulf_Tab 200mg,0901011P0AAACAC,16,7.078399999999998
1107,D81602,Ferr Sulf_Tab 200mg,0901011P0AAACAC,2,7.0447999999999995
1108,K83023,Ferr Sulf_Tab 200mg,0901011P0AAACAC,5,7.041999999999999
1341,D81057,Montelukast_Tab 10mg,0303020G0AAABAB,2,6.9656
131,K83017,Paracet_Tab 500mg,0407010H0AAAMAM,8,6.4512
130,K83017,Paracet_Tab 500mg,0407010H0AAAMAM,8,6.4512
133,D81057,Paracet_Tab 500mg,0407010H0AAAMAM,1,6.4384
132,D81057,Paracet_Tab 500mg,0407010H0AAAMAM,1,6.4384
134,D81051,Paracet_Tab 500mg,0407010H0AAAMAM,1,6.3504000000000005
135,D81051,Paracet_Tab 500mg,0407010H0AAAMAM,1,6.3504000000000005
990,D81630,Phenytoin_Sod Tab 100mg,0408010Q0AAAGAG,2,6.059199999999998
136,D81086,Paracet_Tab 500mg,0407010H0AAAMAM,16,5.6895999999999995
137,D81086,Paracet_Tab 500mg,0407010H0AAAMAM,16,5.6895999999999995
138,D81057,Paracet_Tab 500mg,0407010H0AAAMAM,12,5.678400000000001
139,D81057,Paracet_Tab 500mg,0407010H0AAAMAM,12,5.678400000000001
140,K83023,Paracet_Tab 500mg,0407010H0AAAMAM,23,5.667200000000001
141,K83023,Paracet_Tab 500mg,0407010H0AAAMAM,23,5.667200000000001
142,D81022,Paracet_Tab 500mg,0407010H0AAAMAM,24,5.644800000000004
143,D81022,Paracet_Tab 500mg,0407010H0AAAMAM,24,5.644800000000004
144,K83017,Paracet_Tab 500mg,0407010H0AAAMAM,6,5.644800000000001
145,K83017,Paracet_Tab 500mg,0407010H0AAAMAM,6,5.644800000000001
146,D81021,Paracet_Tab 500mg,0407010H0AAAMAM,61,5.4656000000000144
147,D81021,Paracet_Tab 500mg,0407010H0AAAMAM,61,5.4656000000000144
148,D81023,Paracet_Tab 500mg,0407010H0AAAMAM,173,5.190000000000029
149,D81023,Paracet_Tab 500mg,0407010H0AAAMAM,173,5.190000000000029
150,D81029,Paracet_Tab 500mg,0407010H0AAAMAM,171,5.130000000000028
151,D81029,Paracet_Tab 500mg,0407010H0AAAMAM,171,5.130000000000028
153,D81021,Paracet_Tab 500mg,0407010H0AAAMAM,128,5.120000000000013
152,D81021,Paracet_Tab 500mg,0407010H0AAAMAM,128,5.120000000000013
154,D81016,Paracet_Tab 500mg,0407010H0AAAMAM,127,5.080000000000013
155,D81016,Paracet_Tab 500mg,0407010H0AAAMAM,127,5.080000000000013
156,D81074,Paracet_Tab 500mg,0407010H0AAAMAM,24,5.040000000000003
157,D81074,Paracet_Tab 500mg,0407010H0AAAMAM,24,5.040000000000003
158,Y00185,Paracet_Tab 500mg,0407010H0AAAMAM,84,5.039999999999998
159,Y00185,Paracet_Tab 500mg,0407010H0AAAMAM,84,5.039999999999998
160,D81049,Paracet_Tab 500mg,0407010H0AAAMAM,125,5.000000000000013
161,D81049,Paracet_Tab 500mg,0407010H0AAAMAM,125,5.000000000000013
162,D81005,Paracet_Tab 500mg,0407010H0AAAMAM,41,4.919999999999999
163,D81005,Paracet_Tab 500mg,0407010H0AAAMAM,41,4.919999999999999
164,D81052,Paracet_Tab 500mg,0407010H0AAAMAM,60,4.800000000000012
165,D81052,Paracet_Tab 500mg,0407010H0AAAMAM,60,4.800000000000012
166,D81024,Paracet_Tab 500mg,0407010H0AAAMAM,96,4.800000000000004
167,D81024,Paracet_Tab 500mg,0407010H0AAAMAM,96,4.800000000000004
168,D81007,Paracet_Tab 500mg,0407010H0AAAMAM,95,4.750000000000004
169,D81007,Paracet_Tab 500mg,0407010H0AAAMAM,95,4.750000000000004
171,D81008,Paracet_Tab 500mg,0407010H0AAAMAM,206,4.614399999999972
170,D81008,Paracet_Tab 500mg,0407010H0AAAMAM,206,4.614399999999972
173,D81624,Paracet_Tab 500mg,0407010H0AAAMAM,15,4.5000000000000036
172,D81624,Paracet_Tab 500mg,0407010H0AAAMAM,15,4.5000000000000036
174,D81021,Paracet_Tab 500mg,0407010H0AAAMAM,6,3.9312000000000005
175,D81021,Paracet_Tab 500mg,0407010H0AAAMAM,6,3.9312000000000005
176,D81044,Paracet_Tab 500mg,0407010H0AAAMAM,129,3.8700000000000214
177,D81044,Paracet_Tab 500mg,0407010H0AAAMAM,129,3.8700000000000214
179,K83017,Paracet_Tab 500mg,0407010H0AAAMAM,16,3.2768000000000015
178,K83017,Paracet_Tab 500mg,0407010H0AAAMAM,16,3.2768000000000015
180,D81022,Paracet_Tab 500mg,0407010H0AAAMAM,5,3.232
181,D81022,Paracet_Tab 500mg,0407010H0AAAMAM,5,3.232
183,D81007,Paracet_Tab 500mg,0407010H0AAAMAM,2,3.2256000000000005
182,D81007,Paracet_Tab 500mg,0407010H0AAAMAM,2,3.2256000000000005
184,D81615,Paracet_Tab 500mg,0407010H0AAAMAM,1,3.2192
185,D81615,Paracet_Tab 500mg,0407010H0AAAMAM,1,3.2192
186,Y00185,Paracet_Tab 500mg,0407010H0AAAMAM,22,3.0799999999999965
187,Y00185,Paracet_Tab 500mg,0407010H0AAAMAM,22,3.0799999999999965
188,D81078,Paracet_Tab 500mg,0407010H0AAAMAM,4,2.9600000000000017
189,D81078,Paracet_Tab 500mg,0407010H0AAAMAM,4,2.9600000000000017
190,D81033,Paracet_Tab 500mg,0407010H0AAAMAM,4,2.8000000000000003
191,D81033,Paracet_Tab 500mg,0407010H0AAAMAM,4,2.8000000000000003
192,D81003,Paracet_Tab 500mg,0407010H0AAAMAM,29,2.7608
193,D81003,Paracet_Tab 500mg,0407010H0AAAMAM,29,2.7608
194,D81008,Paracet_Tab 500mg,0407010H0AAAMAM,66,2.640000000000007
195,D81008,Paracet_Tab 500mg,0407010H0AAAMAM,66,2.640000000000007
197,D81055,Paracet_Tab 500mg,0407010H0AAAMAM,1,2.2132
196,D81055,Paracet_Tab 500mg,0407010H0AAAMAM,1,2.2132
199,D81023,Paracet_Tab 500mg,0407010H0AAAMAM,4,1.6384000000000003
198,D81023,Paracet_Tab 500mg,0407010H0AAAMAM,4,1.6384000000000003
200,D81022,Paracet_Tab 500mg,0407010H0AAAMAM,15,1.6320000000000001
201,D81022,Paracet_Tab 500mg,0407010H0AAAMAM,15,1.6320000000000001
202,K83017,Paracet_Tab 500mg,0407010H0AAAMAM,18,1.6128000000000002
203,K83017,Paracet_Tab 500mg,0407010H0AAAMAM,18,1.6128000000000002
204,D81055,Paracet_Tab 500mg,0407010H0AAAMAM,14,1.6127999999999996
205,D81055,Paracet_Tab 500mg,0407010H0AAAMAM,14,1.6127999999999996
206,D81010,Paracet_Tab 500mg,0407010H0AAAMAM,2,1.5
207,D81010,Paracet_Tab 500mg,0407010H0AAAMAM,2,1.5
208,Y02769,Paracet_Tab 500mg,0407010H0AAAMAM,21,1.4699999999999984
209,Y02769,Paracet_Tab 500mg,0407010H0AAAMAM,21,1.4699999999999984
210,D81044,Paracet_Tab 500mg,0407010H0AAAMAM,30,1.3440000000000152
211,D81044,Paracet_Tab 500mg,0407010H0AAAMAM,30,1.3440000000000152
1342,K83023,Montelukast_Tab 10mg,0303020G0AAABAB,30,1.3440000000000034
1343,E82132,Montelukast_Tab 10mg,0303020G0AAABAB,37,1.036000000000001
1344,D81059,Montelukast_Tab 10mg,0303020G0AAABAB,26,1.0191999999999988
1345,D81631,Montelukast_Tab 10mg,0303020G0AAABAB,20,1.0080000000000018
212,D81044,Paracet_Tab 500mg,0407010H0AAAMAM,7,0.9240000000000003
213,D81044,Paracet_Tab 500mg,0407010H0AAAMAM,7,0.9240000000000003
214,D81073,Paracet_Tab 500mg,0407010H0AAAMAM,37,0.7400000000000083
215,D81073,Paracet_Tab 500mg,0407010H0AAAMAM,37,0.7400000000000083
217,Y00486,Paracet_Tab 500mg,0407010H0AAAMAM,5,0.6160000000000001
216,Y00486,Paracet_Tab 500mg,0407010H0AAAMAM,5,0.6160000000000001
218,D81022,Paracet_Tab 500mg,0407010H0AAAMAM,1,0.468
219,D81022,Paracet_Tab 500mg,0407010H0AAAMAM,1,0.468
220,D81011,Paracet_Tab 500mg,0407010H0AAAMAM,5,0.4200000000000004
221,D81011,Paracet_Tab 500mg,0407010H0AAAMAM,5,0.4200000000000004
222,D81018,Paracet_Tab 500mg,0407010H0AAAMAM,13,0.25999999999999845
223,D81018,Paracet_Tab 500mg,0407010H0AAAMAM,13,0.25999999999999845
225,D81066,Paracet_Tab 500mg,0407010H0AAAMAM,12,0.23999999999999855
224,D81066,Paracet_Tab 500mg,0407010H0AAAMAM,12,0.23999999999999855
226,D81003,Paracet_Tab 500mg,0407010H0AAAMAM,1,0.20999999999999977
227,D81003,Paracet_Tab 500mg,0407010H0AAAMAM,1,0.20999999999999977
228,D81631,Paracet_Tab 500mg,0407010H0AAAMAM,9,0.20159999999999878
229,D81631,Paracet_Tab 500mg,0407010H0AAAMAM,9,0.20159999999999878
1109,D81003,Ferr Sulf_Tab 200mg,0901011P0AAACAC,32,0.17919999999999892
1110,D81057,Ferr Sulf_Tab 200mg,0901011P0AAACAC,29,0.16239999999999902
231,D81630,Paracet_Tab 500mg,0407010H0AAAMAM,2,0.1559999999999999
230,D81630,Paracet_Tab 500mg,0407010H0AAAMAM,2,0.1559999999999999
233,D81008,Paracet_Tab 500mg,0407010H0AAAMAM,9,0.15119999999999909
232,D81008,Paracet_Tab 500mg,0407010H0AAAMAM,9,0.15119999999999909
235,D81633,Paracet_Tab 500mg,0407010H0AAAMAM,2,0.1440000000000008
234,D81633,Paracet_Tab 500mg,0407010H0AAAMAM,2,0.1440000000000008
236,D81060,Paracet_Tab 500mg,0407010H0AAAMAM,25,0.13999999999999915
237,D81060,Paracet_Tab 500mg,0407010H0AAAMAM,25,0.13999999999999915
240,D81023,Paracet_Tab 500mg,0407010H0AAAMAM,2,0.13439999999999985
238,D81022,Paracet_Tab 500mg,0407010H0AAAMAM,2,0.13439999999999985
239,D81023,Paracet_Tab 500mg,0407010H0AAAMAM,2,0.13439999999999985
241,D81022,Paracet_Tab 500mg,0407010H0AAAMAM,2,0.13439999999999985
1111,D81086,Ferr Sulf_Tab 200mg,0901011P0AAACAC,24,0.1343999999999992
242,D81629,Paracet_Tab 500mg,0407010H0AAAMAM,1,0.12839999999999996
243,D81629,Paracet_Tab 500mg,0407010H0AAAMAM,1,0.12839999999999996
245,Y00486,Paracet_Tab 500mg,0407010H0AAAMAM,2,0.12000000000000066
244,Y00486,Paracet_Tab 500mg,0407010H0AAAMAM,2,0.12000000000000066
247,D81034,Paracet_Tab 500mg,0407010H0AAAMAM,7,0.11759999999999929
246,D81034,Paracet_Tab 500mg,0407010H0AAAMAM,7,0.11759999999999929
249,D81002,Paracet_Tab 500mg,0407010H0AAAMAM,1,0.11519999999999997
248,D81002,Paracet_Tab 500mg,0407010H0AAAMAM,1,0.11519999999999997
1112,D81622,Ferr Sulf_Tab 200mg,0901011P0AAACAC,20,0.11199999999999932
777,K83017,Memantine HCl_Tab 20mg,0411000G0AAADAD,21,0.10289999999999988
251,D81602,Paracet_Tab 500mg,0407010H0AAAMAM,2,0.10080000000000056
250,D81602,Paracet_Tab 500mg,0407010H0AAAMAM,2,0.10080000000000056
901,D81064,Atorvastatin_Tab 10mg,0212000B0AAAAAA,36,0.10079999999999939
252,E82072,Paracet_Tab 500mg,0407010H0AAAMAM,9,0.10079999999999939
253,E82072,Paracet_Tab 500mg,0407010H0AAAMAM,9,0.10079999999999939
1113,D81043,Ferr Sulf_Tab 200mg,0901011P0AAACAC,18,0.10079999999999939
255,K83017,Paracet_Tab 500mg,0407010H0AAAMAM,23,0.09659999999999941
254,K83017,Paracet_Tab 500mg,0407010H0AAAMAM,23,0.09659999999999941
1114,D81017,Ferr Sulf_Tab 200mg,0901011P0AAACAC,17,0.09519999999999942
902,D81003,Atorvastatin_Tab 10mg,0212000B0AAAAAA,43,0.09030000000000049
256,Y00185,Paracet_Tab 500mg,0407010H0AAAMAM,1,0.0895999999999999
257,Y00185,Paracet_Tab 500mg,0407010H0AAAMAM,1,0.0895999999999999
1115,D81054,Ferr Sulf_Tab 200mg,0901011P0AAACAC,16,0.08959999999999946
1116,D81028,Ferr Sulf_Tab 200mg,0901011P0AAACAC,16,0.08959999999999946
1117,D81060,Ferr Sulf_Tab 200mg,0901011P0AAACAC,16,0.08959999999999946
903,D81086,Atorvastatin_Tab 10mg,0212000B0AAAAAA,41,0.08610000000000048
1118,D81603,Ferr Sulf_Tab 200mg,0901011P0AAACAC,15,0.08399999999999949
1119,D81025,Ferr Sulf_Tab 200mg,0901011P0AAACAC,14,0.07839999999999953
1120,D81042,Ferr Sulf_Tab 200mg,0901011P0AAACAC,13,0.07279999999999956
258,K83017,Paracet_Tab 500mg,0407010H0AAAMAM,26,0.07279999999999956
259,D81625,Paracet_Tab 500mg,0407010H0AAAMAM,13,0.07279999999999956
260,D81625,Paracet_Tab 500mg,0407010H0AAAMAM,13,0.07279999999999956
261,K83017,Paracet_Tab 500mg,0407010H0AAAMAM,26,0.07279999999999956
904,K83017,Atorvastatin_Tab 10mg,0212000B0AAAAAA,34,0.0714000000000004
263,D81034,Paracet_Tab 500mg,0407010H0AAAMAM,1,0.06719999999999993
264,D81034,Paracet_Tab 500mg,0407010H0AAAMAM,1,0.06719999999999993
262,D81012,Paracet_Tab 500mg,0407010H0AAAMAM,1,0.06719999999999993
265,D81012,Paracet_Tab 500mg,0407010H0AAAMAM,1,0.06719999999999993
1122,D81010,Ferr Sulf_Tab 200mg,0901011P0AAACAC,12,0.0671999999999996
1121,D81016,Ferr Sulf_Tab 200mg,0901011P0AAACAC,12,0.0671999999999996
266,D81018,Paracet_Tab 500mg,0407010H0AAAMAM,11,0.0659999999999996
267,D81018,Paracet_Tab 500mg,0407010H0AAAMAM,11,0.0659999999999996
905,D81010,Atorvastatin_Tab 10mg,0212000B0AAAAAA,30,0.06300000000000035
1274,D81022,Aripiprazole_Tab 10mg,0402010ADAAAAAA,11,0.061600000000001764
906,D81004,Atorvastatin_Tab 10mg,0212000B0AAAAAA,29,0.060900000000000336
778,D81042,Memantine HCl_Tab 20mg,0411000G0AAADAD,12,0.058799999999999936
268,D81058,Paracet_Tab 500mg,0407010H0AAAMAM,21,0.058799999999999644
269,D81058,Paracet_Tab 500mg,0407010H0AAAMAM,21,0.058799999999999644
270,D81014,Paracet_Tab 500mg,0407010H0AAAMAM,20,0.05599999999999966
1123,D81062,Ferr Sulf_Tab 200mg,0901011P0AAACAC,10,0.05599999999999966
1124,D81044,Ferr Sulf_Tab 200mg,0901011P0AAACAC,10,0.05599999999999966
271,D81014,Paracet_Tab 500mg,0407010H0AAAMAM,20,0.05599999999999966
272,D81034,Paracet_Tab 500mg,0407010H0AAAMAM,19,0.05319999999999968
273,D81034,Paracet_Tab 500mg,0407010H0AAAMAM,19,0.05319999999999968
1275,D81050,Aripiprazole_Tab 10mg,0402010ADAAAAAA,9,0.050400000000001444
275,D81034,Paracet_Tab 500mg,0407010H0AAAMAM,12,0.050399999999999695
1125,D81002,Ferr Sulf_Tab 200mg,0901011P0AAACAC,9,0.050399999999999695
1126,D81014,Ferr Sulf_Tab 200mg,0901011P0AAACAC,9,0.050399999999999695
274,D81034,Paracet_Tab 500mg,0407010H0AAAMAM,12,0.050399999999999695
1001,D81004,Pregabalin_Cap 25mg,0408010AEAAAAAA,12,0.05039999999999911
277,D81022,Paracet_Tab 500mg,0407010H0AAAMAM,8,0.04799999999999971
276,D81022,Paracet_Tab 500mg,0407010H0AAAMAM,8,0.04799999999999971
1276,D81016,Aripiprazole_Tab 10mg,0402010ADAAAAAA,8,0.04480000000000128
1127,D81602,Ferr Sulf_Tab 200mg,0901011P0AAACAC,8,0.04479999999999973
1128,D81633,Ferr Sulf_Tab 200mg,0901011P0AAACAC,8,0.04479999999999973
1129,D81005,Ferr Sulf_Tab 200mg,0901011P0AAACAC,8,0.04479999999999973
1130,D81004,Ferr Sulf_Tab 200mg,0901011P0AAACAC,8,0.04479999999999973
279,D81624,Paracet_Tab 500mg,0407010H0AAAMAM,7,0.041999999999999746
278,D81060,Paracet_Tab 500mg,0407010H0AAAMAM,10,0.041999999999999746
280,D81624,Paracet_Tab 500mg,0407010H0AAAMAM,7,0.041999999999999746
281,D81060,Paracet_Tab 500mg,0407010H0AAAMAM,10,0.041999999999999746
1131,D81043,Ferr Sulf_Tab 200mg,0901011P0AAACAC,15,0.041999999999999746
907,D81014,Atorvastatin_Tab 10mg,0212000B0AAAAAA,19,0.03990000000000022
783,D81040,Memantine HCl_Tab 20mg,0411000G0AAADAD,8,0.03919999999999996
781,D81051,Memantine HCl_Tab 20mg,0411000G0AAADAD,8,0.03919999999999996
779,D81058,Memantine HCl_Tab 20mg,0411000G0AAADAD,8,0.03919999999999996
782,D81003,Memantine HCl_Tab 20mg,0411000G0AAADAD,8,0.03919999999999996
780,D81043,Memantine HCl_Tab 20mg,0411000G0AAADAD,8,0.03919999999999996
283,D81028,Paracet_Tab 500mg,0407010H0AAAMAM,14,0.03919999999999976
1132,D81022,Ferr Sulf_Tab 200mg,0901011P0AAACAC,14,0.03919999999999976
282,D81028,Paracet_Tab 500mg,0407010H0AAAMAM,14,0.03919999999999976
1133,D81066,Ferr Sulf_Tab 200mg,0901011P0AAACAC,7,0.03919999999999976
1134,D81070,Ferr Sulf_Tab 200mg,0901011P0AAACAC,7,0.03919999999999976
1135,D81064,Ferr Sulf_Tab 200mg,0901011P0AAACAC,7,0.03919999999999976
285,D81064,Paracet_Tab 500mg,0407010H0AAAMAM,2,0.03840000000000021
284,D81064,Paracet_Tab 500mg,0407010H0AAAMAM,2,0.03840000000000021
287,D81059,Paracet_Tab 500mg,0407010H0AAAMAM,9,0.03779999999999977
286,D81059,Paracet_Tab 500mg,0407010H0AAAMAM,9,0.03779999999999977
1136,D81018,Ferr Sulf_Tab 200mg,0901011P0AAACAC,3,0.03779999999999846
289,D81023,Paracet_Tab 500mg,0407010H0AAAMAM,6,0.03599999999999978
288,D81023,Paracet_Tab 500mg,0407010H0AAAMAM,6,0.03599999999999978
1137,D81064,Ferr Sulf_Tab 200mg,0901011P0AAACAC,2,0.03599999999999853
1138,D81022,Ferr Sulf_Tab 200mg,0901011P0AAACAC,4,0.03599999999999853
908,D81021,Atorvastatin_Tab 10mg,0212000B0AAAAAA,17,0.0357000000000002
785,D81056,Memantine HCl_Tab 20mg,0411000G0AAADAD,7,0.03429999999999996
784,D81611,Memantine HCl_Tab 20mg,0411000G0AAADAD,7,0.03429999999999996
786,D81002,Memantine HCl_Tab 20mg,0411000G0AAADAD,7,0.03429999999999996
291,D81007,Paracet_Tab 500mg,0407010H0AAAMAM,3,0.03360000000000038
290,D81007,Paracet_Tab 500mg,0407010H0AAAMAM,3,0.03360000000000038
909,D81016,Atorvastatin_Tab 10mg,0212000B0AAAAAA,16,0.033600000000000185
297,D81028,Paracet_Tab 500mg,0407010H0AAAMAM,8,0.0335999999999998
301,D81028,Paracet_Tab 500mg,0407010H0AAAMAM,8,0.0335999999999998
1139,D81054,Ferr Sulf_Tab 200mg,0901011P0AAACAC,12,0.0335999999999998
299,D81057,Paracet_Tab 500mg,0407010H0AAAMAM,8,0.0335999999999998
298,D81042,Paracet_Tab 500mg,0407010H0AAAMAM,8,0.0335999999999998
300,D81004,Paracet_Tab 500mg,0407010H0AAAMAM,12,0.0335999999999998
1140,D81058,Ferr Sulf_Tab 200mg,0901011P0AAACAC,6,0.0335999999999998
293,D81074,Paracet_Tab 500mg,0407010H0AAAMAM,12,0.0335999999999998
292,D81042,Paracet_Tab 500mg,0407010H0AAAMAM,8,0.0335999999999998
296,D81004,Paracet_Tab 500mg,0407010H0AAAMAM,12,0.0335999999999998
295,D81057,Paracet_Tab 500mg,0407010H0AAAMAM,8,0.0335999999999998
294,D81074,Paracet_Tab 500mg,0407010H0AAAMAM,12,0.0335999999999998
1005,D81014,Pregabalin_Cap 25mg,0408010AEAAAAAA,8,0.03359999999999941
1004,D81008,Pregabalin_Cap 25mg,0408010AEAAAAAA,8,0.03359999999999941
1003,D81003,Pregabalin_Cap 25mg,0408010AEAAAAAA,8,0.03359999999999941
1002,D81612,Pregabalin_Cap 25mg,0408010AEAAAAAA,8,0.03359999999999941
303,D81024,Paracet_Tab 500mg,0407010H0AAAMAM,5,0.02999999999999982
302,D81024,Paracet_Tab 500mg,0407010H0AAAMAM,5,0.02999999999999982
1141,D81013,Ferr Sulf_Tab 200mg,0901011P0AAACAC,37,0.02959999999999982
304,D81008,Paracet_Tab 500mg,0407010H0AAAMAM,7,0.029399999999999822
305,D81008,Paracet_Tab 500mg,0407010H0AAAMAM,7,0.029399999999999822
1007,D81044,Pregabalin_Cap 25mg,0408010AEAAAAAA,7,0.029399999999999482
1006,D81086,Pregabalin_Cap 25mg,0408010AEAAAAAA,7,0.029399999999999482
991,D81001,Phenytoin_Sod Tab 100mg,0408010Q0AAAGAG,6,0.029399999999999094
1142,D81070,Ferr Sulf_Tab 200mg,0901011P0AAACAC,6,0.028799999999999826
1277,D81054,Aripiprazole_Tab 10mg,0402010ADAAAAAA,5,0.028000000000000802
1145,D81607,Ferr Sulf_Tab 200mg,0901011P0AAACAC,10,0.02799999999999983
1148,D81034,Ferr Sulf_Tab 200mg,0901011P0AAACAC,5,0.02799999999999983
1149,D81035,Ferr Sulf_Tab 200mg,0901011P0AAACAC,5,0.02799999999999983
309,D81618,Paracet_Tab 500mg,0407010H0AAAMAM,5,0.02799999999999983
308,D81056,Paracet_Tab 500mg,0407010H0AAAMAM,10,0.02799999999999983
1143,D81059,Ferr Sulf_Tab 200mg,0901011P0AAACAC,5,0.02799999999999983
307,D81618,Paracet_Tab 500mg,0407010H0AAAMAM,5,0.02799999999999983
1144,D81050,Ferr Sulf_Tab 200mg,0901011P0AAACAC,5,0.02799999999999983
306,D81056,Paracet_Tab 500mg,0407010H0AAAMAM,10,0.02799999999999983
1146,D81023,Ferr Sulf_Tab 200mg,0901011P0AAACAC,5,0.02799999999999983
1147,D81085,Ferr Sulf_Tab 200mg,0901011P0AAACAC,5,0.02799999999999983
913,D81008,Atorvastatin_Tab 10mg,0212000B0AAAAAA,13,0.02730000000000015
912,D81633,Atorvastatin_Tab 10mg,0212000B0AAAAAA,13,0.02730000000000015
914,D81044,Atorvastatin_Tab 10mg,0212000B0AAAAAA,13,0.02730000000000015
910,D81085,Atorvastatin_Tab 10mg,0212000B0AAAAAA,13,0.02730000000000015
911,D81043,Atorvastatin_Tab 10mg,0212000B0AAAAAA,13,0.02730000000000015
919,D81030,Atorvastatin_Tab 10mg,0212000B0AAAAAA,6,0.02520000000000014
915,D81637,Atorvastatin_Tab 10mg,0212000B0AAAAAA,12,0.02520000000000014
916,D81058,Atorvastatin_Tab 10mg,0212000B0AAAAAA,12,0.02520000000000014
917,D81625,Atorvastatin_Tab 10mg,0212000B0AAAAAA,12,0.02520000000000014
918,D81606,Atorvastatin_Tab 10mg,0212000B0AAAAAA,12,0.02520000000000014
314,D81085,Paracet_Tab 500mg,0407010H0AAAMAM,6,0.025199999999999848
312,D81007,Paracet_Tab 500mg,0407010H0AAAMAM,9,0.025199999999999848
316,D81062,Paracet_Tab 500mg,0407010H0AAAMAM,6,0.025199999999999848
317,D81007,Paracet_Tab 500mg,0407010H0AAAMAM,9,0.025199999999999848
315,D81062,Paracet_Tab 500mg,0407010H0AAAMAM,6,0.025199999999999848
1151,D81002,Ferr Sulf_Tab 200mg,0901011P0AAACAC,9,0.025199999999999848
1150,D81086,Ferr Sulf_Tab 200mg,0901011P0AAACAC,9,0.025199999999999848
313,D81018,Paracet_Tab 500mg,0407010H0AAAMAM,9,0.025199999999999848
310,D81018,Paracet_Tab 500mg,0407010H0AAAMAM,9,0.025199999999999848
311,D81085,Paracet_Tab 500mg,0407010H0AAAMAM,6,0.025199999999999848
992,D81026,Phenytoin_Sod Tab 100mg,0408010Q0AAAGAG,4,0.025199999999997225
791,D81017,Memantine HCl_Tab 20mg,0411000G0AAADAD,5,0.024499999999999973
788,D81025,Memantine HCl_Tab 20mg,0411000G0AAADAD,5,0.024499999999999973
787,D81014,Memantine HCl_Tab 20mg,0411000G0AAADAD,5,0.024499999999999973
790,D81022,Memantine HCl_Tab 20mg,0411000G0AAADAD,5,0.024499999999999973
789,D81637,Memantine HCl_Tab 20mg,0411000G0AAADAD,5,0.024499999999999973
319,D81615,Paracet_Tab 500mg,0407010H0AAAMAM,4,0.023999999999999855
320,D81615,Paracet_Tab 500mg,0407010H0AAAMAM,4,0.023999999999999855
321,D81631,Paracet_Tab 500mg,0407010H0AAAMAM,4,0.023999999999999855
318,D81631,Paracet_Tab 500mg,0407010H0AAAMAM,4,0.023999999999999855
921,D81001,Atorvastatin_Tab 10mg,0212000B0AAAAAA,11,0.023100000000000127
922,E82132,Atorvastatin_Tab 10mg,0212000B0AAAAAA,11,0.023100000000000127
923,D81049,Atorvastatin_Tab 10mg,0212000B0AAAAAA,11,0.023100000000000127
920,D81055,Atorvastatin_Tab 10mg,0212000B0AAAAAA,11,0.023100000000000127
1279,D81024,Aripiprazole_Tab 10mg,0402010ADAAAAAA,4,0.02240000000000064
1282,D81034,Aripiprazole_Tab 10mg,0402010ADAAAAAA,4,0.02240000000000064
1280,D81025,Aripiprazole_Tab 10mg,0402010ADAAAAAA,4,0.02240000000000064
1283,D81003,Aripiprazole_Tab 10mg,0402010ADAAAAAA,4,0.02240000000000064
1278,D81037,Aripiprazole_Tab 10mg,0402010ADAAAAAA,4,0.02240000000000064
1281,D81074,Aripiprazole_Tab 10mg,0402010ADAAAAAA,4,0.02240000000000064
1157,D81629,Ferr Sulf_Tab 200mg,0901011P0AAACAC,4,0.022399999999999864
1159,D81008,Ferr Sulf_Tab 200mg,0901011P0AAACAC,4,0.022399999999999864
1156,D81625,Ferr Sulf_Tab 200mg,0901011P0AAACAC,8,0.022399999999999864
1158,D81027,Ferr Sulf_Tab 200mg,0901011P0AAACAC,4,0.022399999999999864
323,D81002,Paracet_Tab 500mg,0407010H0AAAMAM,8,0.022399999999999864
324,D81036,Paracet_Tab 500mg,0407010H0AAAMAM,8,0.022399999999999864
325,D81086,Paracet_Tab 500mg,0407010H0AAAMAM,16,0.022399999999999864
326,D81036,Paracet_Tab 500mg,0407010H0AAAMAM,8,0.022399999999999864
327,D81008,Paracet_Tab 500mg,0407010H0AAAMAM,8,0.022399999999999864
328,D81002,Paracet_Tab 500mg,0407010H0AAAMAM,8,0.022399999999999864
329,D81066,Paracet_Tab 500mg,0407010H0AAAMAM,8,0.022399999999999864
330,D81066,Paracet_Tab 500mg,0407010H0AAAMAM,8,0.022399999999999864
331,D81086,Paracet_Tab 500mg,0407010H0AAAMAM,16,0.022399999999999864
1155,D81085,Ferr Sulf_Tab 200mg,0901011P0AAACAC,8,0.022399999999999864
1154,D81015,Ferr Sulf_Tab 200mg,0901011P0AAACAC,4,0.022399999999999864
1153,D81058,Ferr Sulf_Tab 200mg,0901011P0AAACAC,8,0.022399999999999864
1152,D81021,Ferr Sulf_Tab 200mg,0901011P0AAACAC,4,0.022399999999999864
322,D81008,Paracet_Tab 500mg,0407010H0AAAMAM,8,0.022399999999999864
924,D81057,Atorvastatin_Tab 10mg,0212000B0AAAAAA,10,0.021000000000000116
334,D81050,Paracet_Tab 500mg,0407010H0AAAMAM,5,0.020999999999999873
332,D81050,Paracet_Tab 500mg,0407010H0AAAMAM,5,0.020999999999999873
335,D81036,Paracet_Tab 500mg,0407010H0AAAMAM,5,0.020999999999999873
333,D81036,Paracet_Tab 500mg,0407010H0AAAMAM,5,0.020999999999999873
1008,D81035,Pregabalin_Cap 25mg,0408010AEAAAAAA,5,0.02099999999999963
1160,D81064,Ferr Sulf_Tab 200mg,0901011P0AAACAC,1,0.020799999999999153
797,D81034,Memantine HCl_Tab 20mg,0411000G0AAADAD,4,0.01959999999999998
798,D81084,Memantine HCl_Tab 20mg,0411000G0AAADAD,4,0.01959999999999998
792,D81004,Memantine HCl_Tab 20mg,0411000G0AAADAD,4,0.01959999999999998
793,D81057,Memantine HCl_Tab 20mg,0411000G0AAADAD,4,0.01959999999999998
794,D81035,Memantine HCl_Tab 20mg,0411000G0AAADAD,4,0.01959999999999998
805,D81066,Memantine HCl_Tab 20mg,0411000G0AAADAD,4,0.01959999999999998
804,D81010,Memantine HCl_Tab 20mg,0411000G0AAADAD,4,0.01959999999999998
803,D81041,Memantine HCl_Tab 20mg,0411000G0AAADAD,4,0.01959999999999998
795,D81060,Memantine HCl_Tab 20mg,0411000G0AAADAD,4,0.01959999999999998
796,D81031,Memantine HCl_Tab 20mg,0411000G0AAADAD,4,0.01959999999999998
801,D81615,Memantine HCl_Tab 20mg,0411000G0AAADAD,4,0.01959999999999998
800,D81033,Memantine HCl_Tab 20mg,0411000G0AAADAD,4,0.01959999999999998
799,D81012,Memantine HCl_Tab 20mg,0411000G0AAADAD,4,0.01959999999999998
802,D81038,Memantine HCl_Tab 20mg,0411000G0AAADAD,4,0.01959999999999998
337,D81637,Paracet_Tab 500mg,0407010H0AAAMAM,7,0.01959999999999988
336,D81637,Paracet_Tab 500mg,0407010H0AAAMAM,7,0.01959999999999988
926,D81029,Atorvastatin_Tab 10mg,0212000B0AAAAAA,9,0.018900000000000104
928,D81611,Atorvastatin_Tab 10mg,0212000B0AAAAAA,9,0.018900000000000104
927,D81022,Atorvastatin_Tab 10mg,0212000B0AAAAAA,9,0.018900000000000104
925,D81060,Atorvastatin_Tab 10mg,0212000B0AAAAAA,9,0.018900000000000104
338,D81046,Paracet_Tab 500mg,0407010H0AAAMAM,3,0.01799999999999989
339,D81007,Paracet_Tab 500mg,0407010H0AAAMAM,3,0.01799999999999989
340,D81046,Paracet_Tab 500mg,0407010H0AAAMAM,3,0.01799999999999989
341,D81611,Paracet_Tab 500mg,0407010H0AAAMAM,3,0.01799999999999989
342,D81021,Paracet_Tab 500mg,0407010H0AAAMAM,3,0.01799999999999989
343,D81021,Paracet_Tab 500mg,0407010H0AAAMAM,3,0.01799999999999989
344,D81611,Paracet_Tab 500mg,0407010H0AAAMAM,3,0.01799999999999989
345,D81053,Paracet_Tab 500mg,0407010H0AAAMAM,3,0.01799999999999989
346,D81002,Paracet_Tab 500mg,0407010H0AAAMAM,3,0.01799999999999989
347,D81053,Paracet_Tab 500mg,0407010H0AAAMAM,3,0.01799999999999989
348,D81002,Paracet_Tab 500mg,0407010H0AAAMAM,3,0.01799999999999989
349,D81007,Paracet_Tab 500mg,0407010H0AAAMAM,3,0.01799999999999989
1163,D81025,Ferr Sulf_Tab 200mg,0901011P0AAACAC,1,0.017999999999999267
1164,D81057,Ferr Sulf_Tab 200mg,0901011P0AAACAC,1,0.017999999999999267
1162,D81022,Ferr Sulf_Tab 200mg,0901011P0AAACAC,1,0.017999999999999267
1161,D81615,Ferr Sulf_Tab 200mg,0901011P0AAACAC,1,0.017999999999999267
1284,D81022,Aripiprazole_Tab 10mg,0402010ADAAAAAA,4,0.016800000000002813
1009,D81025,Pregabalin_Cap 25mg,0408010AEAAAAAA,4,0.01680000000000048
1286,D81052,Aripiprazole_Tab 10mg,0402010ADAAAAAA,3,0.01680000000000048
1285,D81070,Aripiprazole_Tab 10mg,0402010ADAAAAAA,3,0.01680000000000048
933,D81059,Atorvastatin_Tab 10mg,0212000B0AAAAAA,8,0.016800000000000093
931,D81014,Atorvastatin_Tab 10mg,0212000B0AAAAAA,4,0.016800000000000093
930,D81611,Atorvastatin_Tab 10mg,0212000B0AAAAAA,4,0.016800000000000093
929,D81002,Atorvastatin_Tab 10mg,0212000B0AAAAAA,8,0.016800000000000093
934,D81036,Atorvastatin_Tab 10mg,0212000B0AAAAAA,8,0.016800000000000093
932,D81032,Atorvastatin_Tab 10mg,0212000B0AAAAAA,8,0.016800000000000093
354,D81010,Paracet_Tab 500mg,0407010H0AAAMAM,4,0.0167999999999999
374,D81060,Paracet_Tab 500mg,0407010H0AAAMAM,12,0.0167999999999999
368,D81051,Paracet_Tab 500mg,0407010H0AAAMAM,4,0.0167999999999999
369,D81066,Paracet_Tab 500mg,0407010H0AAAMAM,4,0.0167999999999999
371,D81035,Paracet_Tab 500mg,0407010H0AAAMAM,4,0.0167999999999999
372,Y00185,Paracet_Tab 500mg,0407010H0AAAMAM,6,0.0167999999999999
1168,K83017,Ferr Sulf_Tab 200mg,0901011P0AAACAC,3,0.0167999999999999
375,D81016,Paracet_Tab 500mg,0407010H0AAAMAM,4,0.0167999999999999
366,D81035,Paracet_Tab 500mg,0407010H0AAAMAM,4,0.0167999999999999
1167,D81084,Ferr Sulf_Tab 200mg,0901011P0AAACAC,6,0.0167999999999999
1166,D81612,Ferr Sulf_Tab 200mg,0901011P0AAACAC,3,0.0167999999999999
1165,D81019,Ferr Sulf_Tab 200mg,0901011P0AAACAC,3,0.0167999999999999
367,D81011,Paracet_Tab 500mg,0407010H0AAAMAM,4,0.0167999999999999
370,D81014,Paracet_Tab 500mg,0407010H0AAAMAM,4,0.0167999999999999
365,D81618,Paracet_Tab 500mg,0407010H0AAAMAM,1,0.0167999999999999
364,D81014,Paracet_Tab 500mg,0407010H0AAAMAM,4,0.0167999999999999
355,D81618,Paracet_Tab 500mg,0407010H0AAAMAM,1,0.0167999999999999
356,D81066,Paracet_Tab 500mg,0407010H0AAAMAM,4,0.0167999999999999
357,D81060,Paracet_Tab 500mg,0407010H0AAAMAM,12,0.0167999999999999
353,D81016,Paracet_Tab 500mg,0407010H0AAAMAM,4,0.0167999999999999
352,Y00185,Paracet_Tab 500mg,0407010H0AAAMAM,6,0.0167999999999999
351,D81010,Paracet_Tab 500mg,0407010H0AAAMAM,4,0.0167999999999999
350,D81625,Paracet_Tab 500mg,0407010H0AAAMAM,1,0.0167999999999999
373,D81004,Paracet_Tab 500mg,0407010H0AAAMAM,4,0.0167999999999999
358,D81051,Paracet_Tab 500mg,0407010H0AAAMAM,4,0.0167999999999999
359,D81625,Paracet_Tab 500mg,0407010H0AAAMAM,1,0.0167999999999999
360,D81070,Paracet_Tab 500mg,0407010H0AAAMAM,6,0.0167999999999999
361,D81011,Paracet_Tab 500mg,0407010H0AAAMAM,4,0.0167999999999999
362,D81004,Paracet_Tab 500mg,0407010H0AAAMAM,4,0.0167999999999999
363,D81070,Paracet_Tab 500mg,0407010H0AAAMAM,6,0.0167999999999999
1011,D81016,Pregabalin_Cap 25mg,0408010AEAAAAAA,4,0.016799999999999704
1010,D81028,Pregabalin_Cap 25mg,0408010AEAAAAAA,4,0.016799999999999704
377,D81050,Paracet_Tab 500mg,0407010H0AAAMAM,5,0.01499999999999991
376,D81050,Paracet_Tab 500mg,0407010H0AAAMAM,5,0.01499999999999991
1169,D81064,Ferr Sulf_Tab 200mg,0901011P0AAACAC,1,0.014999999999999389
935,D81034,Atorvastatin_Tab 10mg,0212000B0AAAAAA,7,0.014700000000000081
807,D81001,Memantine HCl_Tab 20mg,0411000G0AAADAD,3,0.014699999999999984
806,D81052,Memantine HCl_Tab 20mg,0411000G0AAADAD,3,0.014699999999999984
378,D81086,Paracet_Tab 500mg,0407010H0AAAMAM,7,0.014699999999999911
379,D81086,Paracet_Tab 500mg,0407010H0AAAMAM,7,0.014699999999999911
386,D81061,Paracet_Tab 500mg,0407010H0AAAMAM,5,0.013999999999999915
1170,D81060,Ferr Sulf_Tab 200mg,0901011P0AAACAC,5,0.013999999999999915
381,D81026,Paracet_Tab 500mg,0407010H0AAAMAM,5,0.013999999999999915
389,E82132,Paracet_Tab 500mg,0407010H0AAAMAM,5,0.013999999999999915
388,D81612,Paracet_Tab 500mg,0407010H0AAAMAM,5,0.013999999999999915
387,D81055,Paracet_Tab 500mg,0407010H0AAAMAM,5,0.013999999999999915
384,E82132,Paracet_Tab 500mg,0407010H0AAAMAM,5,0.013999999999999915
383,D81061,Paracet_Tab 500mg,0407010H0AAAMAM,5,0.013999999999999915
382,D81055,Paracet_Tab 500mg,0407010H0AAAMAM,5,0.013999999999999915
385,D81026,Paracet_Tab 500mg,0407010H0AAAMAM,5,0.013999999999999915
380,D81612,Paracet_Tab 500mg,0407010H0AAAMAM,5,0.013999999999999915
1171,D81008,Ferr Sulf_Tab 200mg,0901011P0AAACAC,4,0.012799999999999923
1012,D81032,Pregabalin_Cap 25mg,0408010AEAAAAAA,3,0.012600000000000361
936,D81022,Atorvastatin_Tab 10mg,0212000B0AAAAAA,3,0.01260000000000007
938,D81056,Atorvastatin_Tab 10mg,0212000B0AAAAAA,6,0.01260000000000007
937,D81631,Atorvastatin_Tab 10mg,0212000B0AAAAAA,6,0.01260000000000007
393,D81086,Paracet_Tab 500mg,0407010H0AAAMAM,3,0.012599999999999924
392,D81025,Paracet_Tab 500mg,0407010H0AAAMAM,3,0.012599999999999924
391,D81025,Paracet_Tab 500mg,0407010H0AAAMAM,3,0.012599999999999924
390,D81086,Paracet_Tab 500mg,0407010H0AAAMAM,3,0.012599999999999924
1016,K83017,Pregabalin_Cap 25mg,0408010AEAAAAAA,3,0.012599999999999778
1015,D81015,Pregabalin_Cap 25mg,0408010AEAAAAAA,3,0.012599999999999778
1013,D81054,Pregabalin_Cap 25mg,0408010AEAAAAAA,3,0.012599999999999778
1014,D81035,Pregabalin_Cap 25mg,0408010AEAAAAAA,6,0.012599999999999778
401,Y00185,Paracet_Tab 500mg,0407010H0AAAMAM,2,0.011999999999999927
403,D81061,Paracet_Tab 500mg,0407010H0AAAMAM,2,0.011999999999999927
402,D81008,Paracet_Tab 500mg,0407010H0AAAMAM,4,0.011999999999999927
398,D81008,Paracet_Tab 500mg,0407010H0AAAMAM,2,0.011999999999999927
400,D81032,Paracet_Tab 500mg,0407010H0AAAMAM,2,0.011999999999999927
399,E82072,Paracet_Tab 500mg,0407010H0AAAMAM,2,0.011999999999999927
405,D81629,Paracet_Tab 500mg,0407010H0AAAMAM,2,0.011999999999999927
404,D81629,Paracet_Tab 500mg,0407010H0AAAMAM,2,0.011999999999999927
408,E82072,Paracet_Tab 500mg,0407010H0AAAMAM,2,0.011999999999999927
406,D81008,Paracet_Tab 500mg,0407010H0AAAMAM,4,0.011999999999999927
407,D81050,Paracet_Tab 500mg,0407010H0AAAMAM,2,0.011999999999999927
395,Y00185,Paracet_Tab 500mg,0407010H0AAAMAM,2,0.011999999999999927
409,D81050,Paracet_Tab 500mg,0407010H0AAAMAM,2,0.011999999999999927
410,Y00486,Paracet_Tab 500mg,0407010H0AAAMAM,2,0.011999999999999927
411,D81032,Paracet_Tab 500mg,0407010H0AAAMAM,2,0.011999999999999927
394,Y00486,Paracet_Tab 500mg,0407010H0AAAMAM,2,0.011999999999999927
396,D81008,Paracet_Tab 500mg,0407010H0AAAMAM,2,0.011999999999999927
397,D81061,Paracet_Tab 500mg,0407010H0AAAMAM,2,0.011999999999999927
1172,D81061,Ferr Sulf_Tab 200mg,0901011P0AAACAC,1,0.011999999999999511
1174,D81026,Ferr Sulf_Tab 200mg,0901011P0AAACAC,1,0.011999999999999511
1173,D81028,Ferr Sulf_Tab 200mg,0901011P0AAACAC,1,0.011999999999999511
1288,D81637,Aripiprazole_Tab 10mg,0402010ADAAAAAA,2,0.01120000000000032
1289,K83023,Aripiprazole_Tab 10mg,0402010ADAAAAAA,2,0.01120000000000032
1287,D81049,Aripiprazole_Tab 10mg,0402010ADAAAAAA,2,0.01120000000000032
1176,D81036,Ferr Sulf_Tab 200mg,0901011P0AAACAC,4,0.011199999999999932
1175,D81036,Ferr Sulf_Tab 200mg,0901011P0AAACAC,2,0.011199999999999932
1179,D81011,Ferr Sulf_Tab 200mg,0901011P0AAACAC,4,0.011199999999999932
1180,D81040,Ferr Sulf_Tab 200mg,0901011P0AAACAC,4,0.011199999999999932
1181,D81059,Ferr Sulf_Tab 200mg,0901011P0AAACAC,4,0.011199999999999932
1182,D81637,Ferr Sulf_Tab 200mg,0901011P0AAACAC,4,0.011199999999999932
1183,D81044,Ferr Sulf_Tab 200mg,0901011P0AAACAC,4,0.011199999999999932
1184,D81049,Ferr Sulf_Tab 200mg,0901011P0AAACAC,4,0.011199999999999932
1185,D81066,Ferr Sulf_Tab 200mg,0901011P0AAACAC,4,0.011199999999999932
1186,D81005,Ferr Sulf_Tab 200mg,0901011P0AAACAC,4,0.011199999999999932
1187,D81633,Ferr Sulf_Tab 200mg,0901011P0AAACAC,4,0.011199999999999932
1177,D81017,Ferr Sulf_Tab 200mg,0901011P0AAACAC,4,0.011199999999999932
1188,D81012,Ferr Sulf_Tab 200mg,0901011P0AAACAC,4,0.011199999999999932
424,D81033,Paracet_Tab 500mg,0407010H0AAAMAM,4,0.011199999999999932
414,D81050,Paracet_Tab 500mg,0407010H0AAAMAM,4,0.011199999999999932
415,D81606,Paracet_Tab 500mg,0407010H0AAAMAM,4,0.011199999999999932
416,D81611,Paracet_Tab 500mg,0407010H0AAAMAM,4,0.011199999999999932
417,D81005,Paracet_Tab 500mg,0407010H0AAAMAM,8,0.011199999999999932
418,D81013,Paracet_Tab 500mg,0407010H0AAAMAM,8,0.011199999999999932
419,D81021,Paracet_Tab 500mg,0407010H0AAAMAM,4,0.011199999999999932
420,D81042,Paracet_Tab 500mg,0407010H0AAAMAM,4,0.011199999999999932
421,D81017,Paracet_Tab 500mg,0407010H0AAAMAM,4,0.011199999999999932
422,D81033,Paracet_Tab 500mg,0407010H0AAAMAM,4,0.011199999999999932
423,D81011,Paracet_Tab 500mg,0407010H0AAAMAM,4,0.011199999999999932
425,D81017,Paracet_Tab 500mg,0407010H0AAAMAM,4,0.011199999999999932
412,D81606,Paracet_Tab 500mg,0407010H0AAAMAM,4,0.011199999999999932
426,D81011,Paracet_Tab 500mg,0407010H0AAAMAM,4,0.011199999999999932
427,D81042,Paracet_Tab 500mg,0407010H0AAAMAM,4,0.011199999999999932
428,D81050,Paracet_Tab 500mg,0407010H0AAAMAM,4,0.011199999999999932
430,D81054,Paracet_Tab 500mg,0407010H0AAAMAM,4,0.011199999999999932
431,D81010,Paracet_Tab 500mg,0407010H0AAAMAM,4,0.011199999999999932
432,D81021,Paracet_Tab 500mg,0407010H0AAAMAM,4,0.011199999999999932
433,D81005,Paracet_Tab 500mg,0407010H0AAAMAM,8,0.011199999999999932
434,D81010,Paracet_Tab 500mg,0407010H0AAAMAM,4,0.011199999999999932
435,D81054,Paracet_Tab 500mg,0407010H0AAAMAM,4,0.011199999999999932
1178,K83017,Ferr Sulf_Tab 200mg,0901011P0AAACAC,4,0.011199999999999932
413,D81611,Paracet_Tab 500mg,0407010H0AAAMAM,4,0.011199999999999932
429,D81013,Paracet_Tab 500mg,0407010H0AAAMAM,8,0.011199999999999932
1189,D81052,Ferr Sulf_Tab 200mg,0901011P0AAACAC,2,0.011199999999999932
1190,D81038,Ferr Sulf_Tab 200mg,0901011P0AAACAC,4,0.011199999999999932
1194,D81629,Ferr Sulf_Tab 200mg,0901011P0AAACAC,4,0.011199999999999932
1195,D81623,Ferr Sulf_Tab 200mg,0901011P0AAACAC,4,0.011199999999999932
1196,D81035,Ferr Sulf_Tab 200mg,0901011P0AAACAC,4,0.011199999999999932
1193,D81057,Ferr Sulf_Tab 200mg,0901011P0AAACAC,4,0.011199999999999932
1192,D81016,Ferr Sulf_Tab 200mg,0901011P0AAACAC,4,0.011199999999999932
1191,D81612,Ferr Sulf_Tab 200mg,0901011P0AAACAC,4,0.011199999999999932
939,D81603,Atorvastatin_Tab 10mg,0212000B0AAAAAA,5,0.010500000000000058
941,D81005,Atorvastatin_Tab 10mg,0212000B0AAAAAA,5,0.010500000000000058
940,D81081,Atorvastatin_Tab 10mg,0212000B0AAAAAA,5,0.010500000000000058
942,D81051,Atorvastatin_Tab 10mg,0212000B0AAAAAA,5,0.010500000000000058
943,D81017,Atorvastatin_Tab 10mg,0212000B0AAAAAA,5,0.010500000000000058
808,D81050,Memantine HCl_Tab 20mg,0411000G0AAADAD,2,0.00979999999999999
437,D81016,Paracet_Tab 500mg,0407010H0AAAMAM,7,0.00979999999999994
436,D81016,Paracet_Tab 500mg,0407010H0AAAMAM,7,0.00979999999999994
438,K83017,Paracet_Tab 500mg,0407010H0AAAMAM,1,0.008999999999999946
439,K83017,Paracet_Tab 500mg,0407010H0AAAMAM,1,0.008999999999999946
1197,D81625,Ferr Sulf_Tab 200mg,0901011P0AAACAC,1,0.008999999999999633
1198,D81016,Ferr Sulf_Tab 200mg,0901011P0AAACAC,1,0.008999999999999633
944,D81033,Atorvastatin_Tab 10mg,0212000B0AAAAAA,2,0.008400000000000046
949,D81015,Atorvastatin_Tab 10mg,0212000B0AAAAAA,4,0.008400000000000046
959,D81607,Atorvastatin_Tab 10mg,0212000B0AAAAAA,4,0.008400000000000046
958,D81050,Atorvastatin_Tab 10mg,0212000B0AAAAAA,4,0.008400000000000046
957,D81084,Atorvastatin_Tab 10mg,0212000B0AAAAAA,4,0.008400000000000046
956,D81026,Atorvastatin_Tab 10mg,0212000B0AAAAAA,4,0.008400000000000046
955,D81064,Atorvastatin_Tab 10mg,0212000B0AAAAAA,4,0.008400000000000046
954,D81018,Atorvastatin_Tab 10mg,0212000B0AAAAAA,4,0.008400000000000046
953,D81602,Atorvastatin_Tab 10mg,0212000B0AAAAAA,4,0.008400000000000046
952,D81028,Atorvastatin_Tab 10mg,0212000B0AAAAAA,4,0.008400000000000046
951,D81025,Atorvastatin_Tab 10mg,0212000B0AAAAAA,2,0.008400000000000046
945,D81038,Atorvastatin_Tab 10mg,0212000B0AAAAAA,4,0.008400000000000046
950,D81612,Atorvastatin_Tab 10mg,0212000B0AAAAAA,4,0.008400000000000046
946,D81062,Atorvastatin_Tab 10mg,0212000B0AAAAAA,4,0.008400000000000046
947,D81002,Atorvastatin_Tab 10mg,0212000B0AAAAAA,2,0.008400000000000046
948,D81026,Atorvastatin_Tab 10mg,0212000B0AAAAAA,2,0.008400000000000046
440,D81030,Paracet_Tab 500mg,0407010H0AAAMAM,3,0.00839999999999995
441,D81084,Paracet_Tab 500mg,0407010H0AAAMAM,4,0.00839999999999995
454,D81012,Paracet_Tab 500mg,0407010H0AAAMAM,3,0.00839999999999995
453,D81012,Paracet_Tab 500mg,0407010H0AAAMAM,3,0.00839999999999995
452,D81059,Paracet_Tab 500mg,0407010H0AAAMAM,3,0.00839999999999995
447,D81084,Paracet_Tab 500mg,0407010H0AAAMAM,4,0.00839999999999995
451,D81629,Paracet_Tab 500mg,0407010H0AAAMAM,3,0.00839999999999995
456,D81055,Paracet_Tab 500mg,0407010H0AAAMAM,2,0.00839999999999995
446,D81629,Paracet_Tab 500mg,0407010H0AAAMAM,3,0.00839999999999995
445,D81060,Paracet_Tab 500mg,0407010H0AAAMAM,3,0.00839999999999995
444,D81622,Paracet_Tab 500mg,0407010H0AAAMAM,4,0.00839999999999995
443,D81062,Paracet_Tab 500mg,0407010H0AAAMAM,3,0.00839999999999995
450,D81055,Paracet_Tab 500mg,0407010H0AAAMAM,2,0.00839999999999995
442,D81060,Paracet_Tab 500mg,0407010H0AAAMAM,3,0.00839999999999995
455,D81633,Paracet_Tab 500mg,0407010H0AAAMAM,3,0.00839999999999995
448,D81633,Paracet_Tab 500mg,0407010H0AAAMAM,3,0.00839999999999995
457,D81059,Paracet_Tab 500mg,0407010H0AAAMAM,3,0.00839999999999995
1199,D81056,Ferr Sulf_Tab 200mg,0901011P0AAACAC,3,0.00839999999999995
458,D81637,Paracet_Tab 500mg,0407010H0AAAMAM,4,0.00839999999999995
1202,D81008,Ferr Sulf_Tab 200mg,0901011P0AAACAC,1,0.00839999999999995
1201,D81050,Ferr Sulf_Tab 200mg,0901011P0AAACAC,1,0.00839999999999995
1200,D81052,Ferr Sulf_Tab 200mg,0901011P0AAACAC,1,0.00839999999999995
449,D81622,Paracet_Tab 500mg,0407010H0AAAMAM,4,0.00839999999999995
461,D81637,Paracet_Tab 500mg,0407010H0AAAMAM,4,0.00839999999999995
460,D81030,Paracet_Tab 500mg,0407010H0AAAMAM,3,0.00839999999999995
459,D81062,Paracet_Tab 500mg,0407010H0AAAMAM,3,0.00839999999999995
1019,D81013,Pregabalin_Cap 25mg,0408010AEAAAAAA,4,0.008399999999999852
1022,D81064,Pregabalin_Cap 25mg,0408010AEAAAAAA,4,0.008399999999999852
1018,D81038,Pregabalin_Cap 25mg,0408010AEAAAAAA,2,0.008399999999999852
1017,D81034,Pregabalin_Cap 25mg,0408010AEAAAAAA,4,0.008399999999999852
1020,Y00056,Pregabalin_Cap 25mg,0408010AEAAAAAA,4,0.008399999999999852
1021,D81016,Pregabalin_Cap 25mg,0408010AEAAAAAA,4,0.008399999999999852
1203,D81008,Ferr Sulf_Tab 200mg,0901011P0AAACAC,1,0.007999999999999952
1204,D81008,Ferr Sulf_Tab 200mg,0901011P0AAACAC,3,0.0071999999999999564
467,D81056,Paracet_Tab 500mg,0407010H0AAAMAM,5,0.006999999999999958
466,D81014,Paracet_Tab 500mg,0407010H0AAAMAM,5,0.006999999999999958
465,D81022,Paracet_Tab 500mg,0407010H0AAAMAM,5,0.006999999999999958
464,D81056,Paracet_Tab 500mg,0407010H0AAAMAM,5,0.006999999999999958
462,D81014,Paracet_Tab 500mg,0407010H0AAAMAM,5,0.006999999999999958
463,D81022,Paracet_Tab 500mg,0407010H0AAAMAM,5,0.006999999999999958
1205,D81055,Ferr Sulf_Tab 200mg,0901011P0AAACAC,2,0.006999999999999715
468,D81624,Paracet_Tab 500mg,0407010H0AAAMAM,1,0.0066000000000000746
469,D81624,Paracet_Tab 500mg,0407010H0AAAMAM,1,0.0066000000000000746
1206,D81085,Ferr Sulf_Tab 200mg,0901011P0AAACAC,4,0.006399999999999961
962,D81042,Atorvastatin_Tab 10mg,0212000B0AAAAAA,3,0.006300000000000035
961,D81070,Atorvastatin_Tab 10mg,0212000B0AAAAAA,3,0.006300000000000035
960,D81011,Atorvastatin_Tab 10mg,0212000B0AAAAAA,3,0.006300000000000035
1346,D81603,Montelukast_Tab 10mg,0303020G0AAABAB,1,0.006200000000000178
849,D81052,Atorvastatin_Tab 20mg,0212000B0AAABAB,1,0.006000000000000172
848,D81602,Atorvastatin_Tab 20mg,0212000B0AAABAB,1,0.006000000000000172
847,D81031,Atorvastatin_Tab 20mg,0212000B0AAABAB,1,0.006000000000000172
845,D81057,Atorvastatin_Tab 20mg,0212000B0AAABAB,1,0.006000000000000172
846,D81625,Atorvastatin_Tab 20mg,0212000B0AAABAB,1,0.006000000000000172
486,D81054,Paracet_Tab 500mg,0407010H0AAAMAM,1,0.005999999999999964
485,D81057,Paracet_Tab 500mg,0407010H0AAAMAM,1,0.005999999999999964
484,D81012,Paracet_Tab 500mg,0407010H0AAAMAM,1,0.005999999999999964
483,D81012,Paracet_Tab 500mg,0407010H0AAAMAM,1,0.005999999999999964
482,D81034,Paracet_Tab 500mg,0407010H0AAAMAM,1,0.005999999999999964
481,D81013,Paracet_Tab 500mg,0407010H0AAAMAM,1,0.005999999999999964
495,D81016,Paracet_Tab 500mg,0407010H0AAAMAM,1,0.005999999999999964
487,D81010,Paracet_Tab 500mg,0407010H0AAAMAM,1,0.005999999999999964
488,D81637,Paracet_Tab 500mg,0407010H0AAAMAM,1,0.005999999999999964
489,D81016,Paracet_Tab 500mg,0407010H0AAAMAM,1,0.005999999999999964
490,D81637,Paracet_Tab 500mg,0407010H0AAAMAM,1,0.005999999999999964
491,D81051,Paracet_Tab 500mg,0407010H0AAAMAM,1,0.005999999999999964
492,D81051,Paracet_Tab 500mg,0407010H0AAAMAM,1,0.005999999999999964
493,D81026,Paracet_Tab 500mg,0407010H0AAAMAM,1,0.005999999999999964
494,D81082,Paracet_Tab 500mg,0407010H0AAAMAM,1,0.005999999999999964
496,D81003,Paracet_Tab 500mg,0407010H0AAAMAM,1,0.005999999999999964
497,E82132,Paracet_Tab 500mg,0407010H0AAAMAM,1,0.005999999999999964
498,D81054,Paracet_Tab 500mg,0407010H0AAAMAM,1,0.005999999999999964
499,D81045,Paracet_Tab 500mg,0407010H0AAAMAM,1,0.005999999999999964
479,D81066,Paracet_Tab 500mg,0407010H0AAAMAM,1,0.005999999999999964
480,D81026,Paracet_Tab 500mg,0407010H0AAAMAM,1,0.005999999999999964
478,D81013,Paracet_Tab 500mg,0407010H0AAAMAM,1,0.005999999999999964
476,D81034,Paracet_Tab 500mg,0407010H0AAAMAM,1,0.005999999999999964
475,D81003,Paracet_Tab 500mg,0407010H0AAAMAM,1,0.005999999999999964
474,D81082,Paracet_Tab 500mg,0407010H0AAAMAM,1,0.005999999999999964
473,E82132,Paracet_Tab 500mg,0407010H0AAAMAM,1,0.005999999999999964
472,D81066,Paracet_Tab 500mg,0407010H0AAAMAM,1,0.005999999999999964
471,D81045,Paracet_Tab 500mg,0407010H0AAAMAM,1,0.005999999999999964
470,D81010,Paracet_Tab 500mg,0407010H0AAAMAM,1,0.005999999999999964
477,D81057,Paracet_Tab 500mg,0407010H0AAAMAM,1,0.005999999999999964
1209,D81082,Ferr Sulf_Tab 200mg,0901011P0AAACAC,2,0.0059999999999997555
1212,D81086,Ferr Sulf_Tab 200mg,0901011P0AAACAC,1,0.0059999999999997555
1210,D81637,Ferr Sulf_Tab 200mg,0901011P0AAACAC,1,0.0059999999999997555
1207,D81022,Ferr Sulf_Tab 200mg,0901011P0AAACAC,1,0.0059999999999997555
1211,D81018,Ferr Sulf_Tab 200mg,0901011P0AAACAC,2,0.0059999999999997555
1213,D81017,Ferr Sulf_Tab 200mg,0901011P0AAACAC,1,0.0059999999999997555
1208,D81026,Ferr Sulf_Tab 200mg,0901011P0AAACAC,1,0.0059999999999997555
1292,D81056,Aripiprazole_Tab 10mg,0402010ADAAAAAA,1,0.00560000000000016
1290,D81012,Aripiprazole_Tab 10mg,0402010ADAAAAAA,1,0.00560000000000016
1291,D81026,Aripiprazole_Tab 10mg,0402010ADAAAAAA,1,0.00560000000000016
506,D81051,Paracet_Tab 500mg,0407010H0AAAMAM,2,0.005599999999999966
508,D81002,Paracet_Tab 500mg,0407010H0AAAMAM,4,0.005599999999999966
1215,D81615,Ferr Sulf_Tab 200mg,0901011P0AAACAC,1,0.005599999999999966
509,D81012,Paracet_Tab 500mg,0407010H0AAAMAM,4,0.005599999999999966
1214,D81009,Ferr Sulf_Tab 200mg,0901011P0AAACAC,1,0.005599999999999966
504,D81051,Paracet_Tab 500mg,0407010H0AAAMAM,2,0.005599999999999966
1216,D81051,Ferr Sulf_Tab 200mg,0901011P0AAACAC,1,0.005599999999999966
505,D81002,Paracet_Tab 500mg,0407010H0AAAMAM,4,0.005599999999999966
502,D81016,Paracet_Tab 500mg,0407010H0AAAMAM,2,0.005599999999999966
503,D81016,Paracet_Tab 500mg,0407010H0AAAMAM,2,0.005599999999999966
501,D81028,Paracet_Tab 500mg,0407010H0AAAMAM,4,0.005599999999999966
500,D81012,Paracet_Tab 500mg,0407010H0AAAMAM,4,0.005599999999999966
507,D81028,Paracet_Tab 500mg,0407010H0AAAMAM,4,0.005599999999999966
850,D81012,Atorvastatin_Tab 20mg,0212000B0AAABAB,1,0.00540000000000003
851,D81011,Atorvastatin_Tab 20mg,0212000B0AAABAB,1,0.00540000000000003
809,D81061,Memantine HCl_Tab 20mg,0411000G0AAADAD,1,0.004899999999999995
810,D81049,Memantine HCl_Tab 20mg,0411000G0AAADAD,1,0.004899999999999995
1217,D81086,Ferr Sulf_Tab 200mg,0901011P0AAACAC,3,0.004799999999999971
963,D81014,Atorvastatin_Tab 10mg,0212000B0AAAAAA,1,0.0046
1067,D81014,Atorvastatin_Tab 40mg,0212000B0AAACAC,1,0.004400000000000015
1068,Y00681,Atorvastatin_Tab 40mg,0212000B0AAACAC,1,0.004400000000000015
511,D81050,Paracet_Tab 500mg,0407010H0AAAMAM,1,0.004400000000000001
510,D81050,Paracet_Tab 500mg,0407010H0AAAMAM,1,0.004400000000000001
1218,D81082,Ferr Sulf_Tab 200mg,0901011P0AAACAC,1,0.004399999999999973
1023,K83017,Pregabalin_Cap 25mg,0408010AEAAAAAA,1,0.00420000000000012
964,D81032,Atorvastatin_Tab 10mg,0212000B0AAAAAA,1,0.004200000000000023
965,D81618,Atorvastatin_Tab 10mg,0212000B0AAAAAA,1,0.004200000000000023
967,D81054,Atorvastatin_Tab 10mg,0212000B0AAAAAA,1,0.004200000000000023
968,D81021,Atorvastatin_Tab 10mg,0212000B0AAAAAA,1,0.004200000000000023
969,D81061,Atorvastatin_Tab 10mg,0212000B0AAAAAA,1,0.004200000000000023
966,K83017,Atorvastatin_Tab 10mg,0212000B0AAAAAA,1,0.004200000000000023
517,D81001,Paracet_Tab 500mg,0407010H0AAAMAM,3,0.004199999999999975
512,D81012,Paracet_Tab 500mg,0407010H0AAAMAM,1,0.004199999999999975
516,D81001,Paracet_Tab 500mg,0407010H0AAAMAM,3,0.004199999999999975
518,D81049,Paracet_Tab 500mg,0407010H0AAAMAM,1,0.004199999999999975
519,D81049,Paracet_Tab 500mg,0407010H0AAAMAM,1,0.004199999999999975
515,D81602,Paracet_Tab 500mg,0407010H0AAAMAM,1,0.004199999999999975
514,D81602,Paracet_Tab 500mg,0407010H0AAAMAM,1,0.004199999999999975
513,D81012,Paracet_Tab 500mg,0407010H0AAAMAM,1,0.004199999999999975
1024,D81037,Pregabalin_Cap 25mg,0408010AEAAAAAA,1,0.004199999999999926
1025,Y02769,Pregabalin_Cap 25mg,0408010AEAAAAAA,1,0.004199999999999926
1026,D81059,Pregabalin_Cap 25mg,0408010AEAAAAAA,1,0.004199999999999926
1027,D81078,Pregabalin_Cap 25mg,0408010AEAAAAAA,1,0.004199999999999926
521,D81043,Paracet_Tab 500mg,0407010H0AAAMAM,1,0.0040000000000000105
520,D81043,Paracet_Tab 500mg,0407010H0AAAMAM,1,0.0040000000000000105
1219,D81055,Ferr Sulf_Tab 200mg,0901011P0AAACAC,1,0.003999999999999976
852,D81016,Atorvastatin_Tab 20mg,0212000B0AAABAB,1,0.003800000000000109
970,D81611,Atorvastatin_Tab 10mg,0212000B0AAAAAA,1,0.0036000000000000407
1069,D81631,Atorvastatin_Tab 40mg,0212000B0AAACAC,2,0.00360000000000002
1220,D81001,Ferr Sulf_Tab 200mg,0901011P0AAACAC,1,0.0035999999999999782
971,D81064,Atorvastatin_Tab 10mg,0212000B0AAAAAA,1,0.003200000000000036
1221,D81022,Ferr Sulf_Tab 200mg,0901011P0AAACAC,1,0.0031999999999999806
1222,D81607,Ferr Sulf_Tab 200mg,0901011P0AAACAC,2,0.0031999999999999806
1293,D81054,Aripiprazole_Tab 10mg,0402010ADAAAAAA,1,0.0030000000000005023
1070,Y00681,Atorvastatin_Tab 40mg,0212000B0AAACAC,1,0.0030000000000000165
534,D81053,Paracet_Tab 500mg,0407010H0AAAMAM,1,0.002999999999999982
535,D81615,Paracet_Tab 500mg,0407010H0AAAMAM,1,0.002999999999999982
527,D81051,Paracet_Tab 500mg,0407010H0AAAMAM,1,0.002999999999999982
537,D81085,Paracet_Tab 500mg,0407010H0AAAMAM,1,0.002999999999999982
522,D81011,Paracet_Tab 500mg,0407010H0AAAMAM,1,0.002999999999999982
523,D81011,Paracet_Tab 500mg,0407010H0AAAMAM,1,0.002999999999999982
524,D81085,Paracet_Tab 500mg,0407010H0AAAMAM,1,0.002999999999999982
525,D81021,Paracet_Tab 500mg,0407010H0AAAMAM,1,0.002999999999999982
526,E82132,Paracet_Tab 500mg,0407010H0AAAMAM,1,0.002999999999999982
533,D81611,Paracet_Tab 500mg,0407010H0AAAMAM,1,0.002999999999999982
532,E82132,Paracet_Tab 500mg,0407010H0AAAMAM,1,0.002999999999999982
531,D81615,Paracet_Tab 500mg,0407010H0AAAMAM,1,0.002999999999999982
530,D81021,Paracet_Tab 500mg,0407010H0AAAMAM,1,0.002999999999999982
529,D81053,Paracet_Tab 500mg,0407010H0AAAMAM,1,0.002999999999999982
536,D81051,Paracet_Tab 500mg,0407010H0AAAMAM,1,0.002999999999999982
528,D81611,Paracet_Tab 500mg,0407010H0AAAMAM,1,0.002999999999999982
1224,D81074,Ferr Sulf_Tab 200mg,0901011P0AAACAC,1,0.0029999999999998778
1225,D81060,Ferr Sulf_Tab 200mg,0901011P0AAACAC,1,0.0029999999999998778
1223,D81022,Ferr Sulf_Tab 200mg,0901011P0AAACAC,1,0.0029999999999998778
540,D81023,Paracet_Tab 500mg,0407010H0AAAMAM,1,0.002799999999999983
550,D81022,Paracet_Tab 500mg,0407010H0AAAMAM,1,0.002799999999999983
1226,D81616,Ferr Sulf_Tab 200mg,0901011P0AAACAC,1,0.002799999999999983
1227,D81050,Ferr Sulf_Tab 200mg,0901011P0AAACAC,1,0.002799999999999983
1228,D81008,Ferr Sulf_Tab 200mg,0901011P0AAACAC,1,0.002799999999999983
1229,D81045,Ferr Sulf_Tab 200mg,0901011P0AAACAC,1,0.002799999999999983
1230,D81052,Ferr Sulf_Tab 200mg,0901011P0AAACAC,1,0.002799999999999983
539,K83023,Paracet_Tab 500mg,0407010H0AAAMAM,1,0.002799999999999983
551,D81032,Paracet_Tab 500mg,0407010H0AAAMAM,1,0.002799999999999983
541,D81025,Paracet_Tab 500mg,0407010H0AAAMAM,1,0.002799999999999983
542,D81625,Paracet_Tab 500mg,0407010H0AAAMAM,1,0.002799999999999983
543,E82072,Paracet_Tab 500mg,0407010H0AAAMAM,1,0.002799999999999983
544,D81022,Paracet_Tab 500mg,0407010H0AAAMAM,1,0.002799999999999983
545,D81032,Paracet_Tab 500mg,0407010H0AAAMAM,1,0.002799999999999983
546,D81625,Paracet_Tab 500mg,0407010H0AAAMAM,1,0.002799999999999983
547,K83023,Paracet_Tab 500mg,0407010H0AAAMAM,1,0.002799999999999983
548,E82072,Paracet_Tab 500mg,0407010H0AAAMAM,1,0.002799999999999983
549,D81025,Paracet_Tab 500mg,0407010H0AAAMAM,1,0.002799999999999983
538,D81023,Paracet_Tab 500mg,0407010H0AAAMAM,1,0.002799999999999983
853,D81022,Atorvastatin_Tab 20mg,0212000B0AAABAB,1,0.0026000000000000745
552,Y00681,Paracet_Tab 500mg,0407010H0AAAMAM,1,0.002400000000000027
553,Y00681,Paracet_Tab 500mg,0407010H0AAAMAM,1,0.002400000000000027
1231,D81607,Ferr Sulf_Tab 200mg,0901011P0AAACAC,2,0.0023999999999999855
973,D81046,Atorvastatin_Tab 10mg,0212000B0AAAAAA,1,0.0021000000000000116
972,D81045,Atorvastatin_Tab 10mg,0212000B0AAAAAA,1,0.0021000000000000116
974,Y00486,Atorvastatin_Tab 10mg,0212000B0AAAAAA,1,0.0021000000000000116
1028,D81622,Pregabalin_Cap 25mg,0408010AEAAAAAA,1,0.002099999999999963
1071,D81030,Atorvastatin_Tab 40mg,0212000B0AAACAC,1,0.0020000000000000573
1029,D81001,Pregabalin_Cap 25mg,0408010AEAAAAAA,1,0.0020000000000000573
855,D81010,Atorvastatin_Tab 20mg,0212000B0AAABAB,1,0.00180000000000001
854,Y02769,Atorvastatin_Tab 20mg,0212000B0AAABAB,1,0.00180000000000001
1232,D81059,Ferr Sulf_Tab 200mg,0901011P0AAACAC,1,0.0015999999999999903
1233,D81008,Ferr Sulf_Tab 200mg,0901011P0AAACAC,1,0.0011999999999999927
1234,D81042,Ferr Sulf_Tab 200mg,0901011P0AAACAC,2,0.0007999999999999952
1072,D81010,Atorvastatin_Tab 40mg,0212000B0AAACAC,1,-0.0007999999999999674
556,D81059,Paracet_Tab 500mg,0407010H0AAAMAM,1,-0.0011999999999999997
555,D81030,Paracet_Tab 500mg,0407010H0AAAMAM,1,-0.0011999999999999997
557,D81059,Paracet_Tab 500mg,0407010H0AAAMAM,1,-0.0011999999999999997
554,D81030,Paracet_Tab 500mg,0407010H0AAAMAM,1,-0.0011999999999999997
811,D81032,Memantine HCl_Tab 20mg,0411000G0AAADAD,1,-0.001299999999999947
1073,D81032,Atorvastatin_Tab 40mg,0212000B0AAACAC,1,-0.0013999999999999985
856,D81032,Atorvastatin_Tab 20mg,0212000B0AAABAB,1,-0.0013999999999999985
857,D81603,Atorvastatin_Tab 20mg,0212000B0AAABAB,1,-0.0013999999999999985
858,D81052,Atorvastatin_Tab 20mg,0212000B0AAABAB,1,-0.0015999999999999348
975,D81021,Atorvastatin_Tab 10mg,0212000B0AAAAAA,1,-0.0015999999999999903
976,D81034,Atorvastatin_Tab 10mg,0212000B0AAAAAA,1,-0.0015999999999999903
1235,D81062,Ferr Sulf_Tab 200mg,0901011P0AAACAC,1,-0.0020000000000000573
1295,D81043,Aripiprazole_Tab 10mg,0402010ADAAAAAA,1,-0.002099999999999963
1294,D81054,Aripiprazole_Tab 10mg,0402010ADAAAAAA,1,-0.002099999999999963
1030,Y02769,Pregabalin_Cap 25mg,0408010AEAAAAAA,1,-0.0023999999999999855
1032,D81061,Pregabalin_Cap 25mg,0408010AEAAAAAA,1,-0.0023999999999999855
1031,D81082,Pregabalin_Cap 25mg,0408010AEAAAAAA,1,-0.0023999999999999855
558,Y00056,Paracet_Tab 500mg,0407010H0AAAMAM,1,-0.0023999999999999994
561,D81055,Paracet_Tab 500mg,0407010H0AAAMAM,1,-0.0023999999999999994
560,Y00056,Paracet_Tab 500mg,0407010H0AAAMAM,1,-0.0023999999999999994
559,D81055,Paracet_Tab 500mg,0407010H0AAAMAM,1,-0.0023999999999999994
1075,D81022,Atorvastatin_Tab 40mg,0212000B0AAACAC,1,-0.002799999999999997
859,Y00681,Atorvastatin_Tab 20mg,0212000B0AAABAB,1,-0.002799999999999997
1074,D81012,Atorvastatin_Tab 40mg,0212000B0AAACAC,1,-0.002799999999999997
1296,D81026,Aripiprazole_Tab 10mg,0402010ADAAAAAA,1,-0.0028000000000000247
1078,D81022,Atorvastatin_Tab 40mg,0212000B0AAACAC,1,-0.0029999999999998778
860,Y00486,Atorvastatin_Tab 20mg,0212000B0AAABAB,1,-0.0029999999999998778
1077,D81046,Atorvastatin_Tab 40mg,0212000B0AAACAC,1,-0.0029999999999998778
1076,D81624,Atorvastatin_Tab 40mg,0212000B0AAACAC,1,-0.0029999999999998778
861,D81061,Atorvastatin_Tab 20mg,0212000B0AAABAB,1,-0.0029999999999998778
862,D81007,Atorvastatin_Tab 20mg,0212000B0AAABAB,1,-0.0029999999999998778
978,D81624,Atorvastatin_Tab 10mg,0212000B0AAAAAA,1,-0.002999999999999982
977,D81018,Atorvastatin_Tab 10mg,0212000B0AAAAAA,1,-0.002999999999999982
993,D81004,Phenytoin_Sod Tab 100mg,0408010Q0AAAGAG,1,-0.0031000000000013794
979,D81055,Atorvastatin_Tab 10mg,0212000B0AAAAAA,1,-0.0031999999999999806
1297,D81612,Aripiprazole_Tab 10mg,0402010ADAAAAAA,1,-0.0031999999999999806
563,D81043,Paracet_Tab 500mg,0407010H0AAAMAM,1,-0.00329999999999998
562,D81043,Paracet_Tab 500mg,0407010H0AAAMAM,1,-0.00329999999999998
863,D81611,Atorvastatin_Tab 20mg,0212000B0AAABAB,1,-0.0033999999999999794
864,K83017,Atorvastatin_Tab 20mg,0212000B0AAABAB,1,-0.0033999999999999794
1236,D81055,Ferr Sulf_Tab 200mg,0901011P0AAACAC,1,-0.003600000000000103
1034,Y00681,Pregabalin_Cap 25mg,0408010AEAAAAAA,1,-0.003600000000000103
1033,D81033,Pregabalin_Cap 25mg,0408010AEAAAAAA,1,-0.003600000000000103
568,D81016,Paracet_Tab 500mg,0407010H0AAAMAM,2,-0.003999999999999976
569,Y00681,Paracet_Tab 500mg,0407010H0AAAMAM,1,-0.003999999999999976
567,D81016,Paracet_Tab 500mg,0407010H0AAAMAM,2,-0.003999999999999976
865,D81023,Atorvastatin_Tab 20mg,0212000B0AAABAB,1,-0.003999999999999976
566,Y00681,Paracet_Tab 500mg,0407010H0AAAMAM,1,-0.003999999999999976
565,D81012,Paracet_Tab 500mg,0407010H0AAAMAM,1,-0.003999999999999976
564,D81012,Paracet_Tab 500mg,0407010H0AAAMAM,1,-0.003999999999999976
1298,D81013,Aripiprazole_Tab 10mg,0402010ADAAAAAA,2,-0.004199999999999926
1079,Y00681,Atorvastatin_Tab 40mg,0212000B0AAACAC,1,-0.004199999999999995
1237,D81086,Ferr Sulf_Tab 200mg,0901011P0AAACAC,2,-0.00420000000000012
1035,K83017,Pregabalin_Cap 25mg,0408010AEAAAAAA,1,-0.00420000000000012
570,D81049,Paracet_Tab 500mg,0407010H0AAAMAM,1,-0.004799999999999971
1036,D81043,Pregabalin_Cap 25mg,0408010AEAAAAAA,1,-0.004799999999999971
571,D81024,Paracet_Tab 500mg,0407010H0AAAMAM,1,-0.004799999999999971
577,D81050,Paracet_Tab 500mg,0407010H0AAAMAM,1,-0.004799999999999971
576,D81049,Paracet_Tab 500mg,0407010H0AAAMAM,1,-0.004799999999999971
575,D81024,Paracet_Tab 500mg,0407010H0AAAMAM,1,-0.004799999999999971
574,D81010,Paracet_Tab 500mg,0407010H0AAAMAM,1,-0.004799999999999971
573,D81010,Paracet_Tab 500mg,0407010H0AAAMAM,1,-0.004799999999999971
572,D81050,Paracet_Tab 500mg,0407010H0AAAMAM,1,-0.004799999999999971
578,D81081,Paracet_Tab 500mg,0407010H0AAAMAM,1,-0.004799999999999999
579,D81081,Paracet_Tab 500mg,0407010H0AAAMAM,1,-0.004799999999999999
980,D81044,Atorvastatin_Tab 10mg,0212000B0AAAAAA,1,-0.00499999999999997
866,D81003,Atorvastatin_Tab 20mg,0212000B0AAABAB,1,-0.005199999999999788
589,D81041,Paracet_Tab 500mg,0407010H0AAAMAM,1,-0.005599999999999966
586,D81070,Paracet_Tab 500mg,0407010H0AAAMAM,1,-0.005599999999999966
581,D81057,Paracet_Tab 500mg,0407010H0AAAMAM,1,-0.005599999999999966
587,D81057,Paracet_Tab 500mg,0407010H0AAAMAM,1,-0.005599999999999966
585,D81082,Paracet_Tab 500mg,0407010H0AAAMAM,1,-0.005599999999999966
584,D81082,Paracet_Tab 500mg,0407010H0AAAMAM,1,-0.005599999999999966
583,K83023,Paracet_Tab 500mg,0407010H0AAAMAM,1,-0.005599999999999966
582,D81031,Paracet_Tab 500mg,0407010H0AAAMAM,1,-0.005599999999999966
580,D81070,Paracet_Tab 500mg,0407010H0AAAMAM,1,-0.005599999999999966
588,D81041,Paracet_Tab 500mg,0407010H0AAAMAM,1,-0.005599999999999966
590,D81031,Paracet_Tab 500mg,0407010H0AAAMAM,1,-0.005599999999999966
591,K83023,Paracet_Tab 500mg,0407010H0AAAMAM,1,-0.005599999999999966
1080,D81026,Atorvastatin_Tab 40mg,0212000B0AAACAC,2,-0.005599999999999994
1081,D81050,Atorvastatin_Tab 40mg,0212000B0AAACAC,2,-0.0059999999999997555
867,D81050,Atorvastatin_Tab 20mg,0212000B0AAABAB,2,-0.0059999999999997555
981,D81032,Atorvastatin_Tab 10mg,0212000B0AAAAAA,1,-0.005999999999999964
1347,D81057,Montelukast_Tab 10mg,0303020G0AAABAB,2,-0.006000000000000005
1037,D81046,Pregabalin_Cap 25mg,0408010AEAAAAAA,1,-0.006000000000000172
1302,D81001,Aripiprazole_Tab 10mg,0402010ADAAAAAA,3,-0.006299999999999889
1299,D81050,Aripiprazole_Tab 10mg,0402010ADAAAAAA,3,-0.006299999999999889
1300,D81022,Aripiprazole_Tab 10mg,0402010ADAAAAAA,3,-0.006299999999999889
1301,Y00486,Aripiprazole_Tab 10mg,0402010ADAAAAAA,3,-0.006299999999999889
1239,D81054,Ferr Sulf_Tab 200mg,0901011P0AAACAC,3,-0.0063000000000001805
1238,D81011,Ferr Sulf_Tab 200mg,0901011P0AAACAC,3,-0.0063000000000001805
1038,D81008,Pregabalin_Cap 25mg,0408010AEAAAAAA,3,-0.0071999999999999564
592,D81035,Paracet_Tab 500mg,0407010H0AAAMAM,2,-0.007999999999999952
593,D81035,Paracet_Tab 500mg,0407010H0AAAMAM,2,-0.007999999999999952
1309,D81012,Aripiprazole_Tab 10mg,0402010ADAAAAAA,4,-0.008399999999999852
1308,D81053,Aripiprazole_Tab 10mg,0402010ADAAAAAA,4,-0.008399999999999852
1313,D81056,Aripiprazole_Tab 10mg,0402010ADAAAAAA,4,-0.008399999999999852
1312,D81622,Aripiprazole_Tab 10mg,0402010ADAAAAAA,4,-0.008399999999999852
1311,D81637,Aripiprazole_Tab 10mg,0402010ADAAAAAA,4,-0.008399999999999852
1310,D81025,Aripiprazole_Tab 10mg,0402010ADAAAAAA,4,-0.008399999999999852
1303,D81016,Aripiprazole_Tab 10mg,0402010ADAAAAAA,4,-0.008399999999999852
1305,D81021,Aripiprazole_Tab 10mg,0402010ADAAAAAA,4,-0.008399999999999852
1306,D81028,Aripiprazole_Tab 10mg,0402010ADAAAAAA,4,-0.008399999999999852
1307,D81064,Aripiprazole_Tab 10mg,0402010ADAAAAAA,4,-0.008399999999999852
1304,D81625,Aripiprazole_Tab 10mg,0402010ADAAAAAA,4,-0.008399999999999852
1244,D81633,Ferr Sulf_Tab 200mg,0901011P0AAACAC,4,-0.00840000000000024
1240,E82072,Ferr Sulf_Tab 200mg,0901011P0AAACAC,4,-0.00840000000000024
1241,D81061,Ferr Sulf_Tab 200mg,0901011P0AAACAC,4,-0.00840000000000024
1242,D81607,Ferr Sulf_Tab 200mg,0901011P0AAACAC,4,-0.00840000000000024
1243,D81602,Ferr Sulf_Tab 200mg,0901011P0AAACAC,4,-0.00840000000000024
1246,D81060,Ferr Sulf_Tab 200mg,0901011P0AAACAC,4,-0.00840000000000024
1245,D81062,Ferr Sulf_Tab 200mg,0901011P0AAACAC,4,-0.00840000000000024
1247,D81013,Ferr Sulf_Tab 200mg,0901011P0AAACAC,4,-0.00840000000000024
1248,D81612,Ferr Sulf_Tab 200mg,0901011P0AAACAC,4,-0.00840000000000024
1250,D81005,Ferr Sulf_Tab 200mg,0901011P0AAACAC,4,-0.00840000000000024
1249,D81028,Ferr Sulf_Tab 200mg,0901011P0AAACAC,4,-0.00840000000000024
868,D81633,Atorvastatin_Tab 20mg,0212000B0AAABAB,3,-0.008999999999999633
1039,D81011,Pregabalin_Cap 25mg,0408010AEAAAAAA,4,-0.009599999999999942
1314,D81014,Aripiprazole_Tab 10mg,0402010ADAAAAAA,5,-0.010499999999999815
1315,D81051,Aripiprazole_Tab 10mg,0402010ADAAAAAA,5,-0.010499999999999815
1316,D81615,Aripiprazole_Tab 10mg,0402010ADAAAAAA,5,-0.010499999999999815
1317,Y02769,Aripiprazole_Tab 10mg,0402010ADAAAAAA,5,-0.010499999999999815
1254,E82132,Ferr Sulf_Tab 200mg,0901011P0AAACAC,5,-0.0105000000000003
1253,D81043,Ferr Sulf_Tab 200mg,0901011P0AAACAC,5,-0.0105000000000003
1252,D81025,Ferr Sulf_Tab 200mg,0901011P0AAACAC,5,-0.0105000000000003
1251,D81014,Ferr Sulf_Tab 200mg,0901011P0AAACAC,5,-0.0105000000000003
1255,D81050,Ferr Sulf_Tab 200mg,0901011P0AAACAC,5,-0.0105000000000003
600,D81061,Paracet_Tab 500mg,0407010H0AAAMAM,2,-0.011199999999999932
594,D81038,Paracet_Tab 500mg,0407010H0AAAMAM,2,-0.011199999999999932
595,D81018,Paracet_Tab 500mg,0407010H0AAAMAM,2,-0.011199999999999932
596,D81645,Paracet_Tab 500mg,0407010H0AAAMAM,2,-0.011199999999999932
597,D81018,Paracet_Tab 500mg,0407010H0AAAMAM,2,-0.011199999999999932
598,D81045,Paracet_Tab 500mg,0407010H0AAAMAM,2,-0.011199999999999932
605,D81045,Paracet_Tab 500mg,0407010H0AAAMAM,2,-0.011199999999999932
601,D81637,Paracet_Tab 500mg,0407010H0AAAMAM,2,-0.011199999999999932
602,D81645,Paracet_Tab 500mg,0407010H0AAAMAM,2,-0.011199999999999932
603,D81030,Paracet_Tab 500mg,0407010H0AAAMAM,2,-0.011199999999999932
604,D81637,Paracet_Tab 500mg,0407010H0AAAMAM,2,-0.011199999999999932
606,D81061,Paracet_Tab 500mg,0407010H0AAAMAM,2,-0.011199999999999932
607,D81030,Paracet_Tab 500mg,0407010H0AAAMAM,2,-0.011199999999999932
599,D81038,Paracet_Tab 500mg,0407010H0AAAMAM,2,-0.011199999999999932
1348,D81066,Montelukast_Tab 10mg,0303020G0AAABAB,1,-0.011999999999999511
608,D81023,Paracet_Tab 500mg,0407010H0AAAMAM,3,-0.011999999999999927
609,D81023,Paracet_Tab 500mg,0407010H0AAAMAM,3,-0.011999999999999927
1257,D81008,Ferr Sulf_Tab 200mg,0901011P0AAACAC,6,-0.012600000000000361
1258,D81058,Ferr Sulf_Tab 200mg,0901011P0AAACAC,6,-0.012600000000000361
1256,D81056,Ferr Sulf_Tab 200mg,0901011P0AAACAC,6,-0.012600000000000361
1040,D81023,Pregabalin_Cap 25mg,0408010AEAAAAAA,3,-0.012600000000000361
1041,D81008,Pregabalin_Cap 25mg,0408010AEAAAAAA,4,-0.012799999999999923
1082,D81026,Atorvastatin_Tab 40mg,0212000B0AAACAC,10,-0.013999999999999985
1319,D81086,Aripiprazole_Tab 10mg,0402010ADAAAAAA,7,-0.014699999999999741
1318,D81633,Aripiprazole_Tab 10mg,0402010ADAAAAAA,7,-0.014699999999999741
1259,D81026,Ferr Sulf_Tab 200mg,0901011P0AAACAC,7,-0.014700000000000421
610,D81009,Paracet_Tab 500mg,0407010H0AAAMAM,3,-0.0167999999999999
611,D81009,Paracet_Tab 500mg,0407010H0AAAMAM,3,-0.0167999999999999
1042,D81074,Pregabalin_Cap 25mg,0408010AEAAAAAA,4,-0.01680000000000048
1043,D81025,Pregabalin_Cap 25mg,0408010AEAAAAAA,4,-0.01680000000000048
1044,D81043,Pregabalin_Cap 25mg,0408010AEAAAAAA,4,-0.01680000000000048
1263,D81010,Ferr Sulf_Tab 200mg,0901011P0AAACAC,8,-0.01680000000000048
1262,D81022,Ferr Sulf_Tab 200mg,0901011P0AAACAC,8,-0.01680000000000048
1261,D81004,Ferr Sulf_Tab 200mg,0901011P0AAACAC,8,-0.01680000000000048
1260,K83017,Ferr Sulf_Tab 200mg,0901011P0AAACAC,8,-0.01680000000000048
1045,D81026,Pregabalin_Cap 25mg,0408010AEAAAAAA,1,-0.018000000000000516
1320,D81002,Aripiprazole_Tab 10mg,0402010ADAAAAAA,9,-0.018899999999999667
1265,D81044,Ferr Sulf_Tab 200mg,0901011P0AAACAC,9,-0.01890000000000054
1264,D81057,Ferr Sulf_Tab 200mg,0901011P0AAACAC,9,-0.01890000000000054
1046,D81044,Pregabalin_Cap 25mg,0408010AEAAAAAA,1,-0.020000000000000573
1266,D81034,Ferr Sulf_Tab 200mg,0901011P0AAACAC,10,-0.0210000000000006
1267,D81025,Ferr Sulf_Tab 200mg,0901011P0AAACAC,6,-0.02160000000000062
621,D81049,Paracet_Tab 500mg,0407010H0AAAMAM,4,-0.022399999999999864
629,D81602,Paracet_Tab 500mg,0407010H0AAAMAM,4,-0.022399999999999864
628,D81056,Paracet_Tab 500mg,0407010H0AAAMAM,4,-0.022399999999999864
627,D81606,Paracet_Tab 500mg,0407010H0AAAMAM,4,-0.022399999999999864
625,D81032,Paracet_Tab 500mg,0407010H0AAAMAM,4,-0.022399999999999864
624,D81013,Paracet_Tab 500mg,0407010H0AAAMAM,4,-0.022399999999999864
623,D81046,Paracet_Tab 500mg,0407010H0AAAMAM,4,-0.022399999999999864
622,D81606,Paracet_Tab 500mg,0407010H0AAAMAM,4,-0.022399999999999864
626,Y00185,Paracet_Tab 500mg,0407010H0AAAMAM,4,-0.022399999999999864
619,D81049,Paracet_Tab 500mg,0407010H0AAAMAM,4,-0.022399999999999864
618,D81056,Paracet_Tab 500mg,0407010H0AAAMAM,4,-0.022399999999999864
617,D81631,Paracet_Tab 500mg,0407010H0AAAMAM,4,-0.022399999999999864
616,D81032,Paracet_Tab 500mg,0407010H0AAAMAM,4,-0.022399999999999864
615,Y00185,Paracet_Tab 500mg,0407010H0AAAMAM,4,-0.022399999999999864
614,D81602,Paracet_Tab 500mg,0407010H0AAAMAM,4,-0.022399999999999864
613,D81631,Paracet_Tab 500mg,0407010H0AAAMAM,4,-0.022399999999999864
612,D81046,Paracet_Tab 500mg,0407010H0AAAMAM,4,-0.022399999999999864
620,D81013,Paracet_Tab 500mg,0407010H0AAAMAM,4,-0.022399999999999864
1321,D81003,Aripiprazole_Tab 10mg,0402010ADAAAAAA,12,-0.025199999999999556
1268,D81052,Ferr Sulf_Tab 200mg,0901011P0AAACAC,12,-0.025200000000000722
632,D81050,Paracet_Tab 500mg,0407010H0AAAMAM,5,-0.02799999999999983
633,D81055,Paracet_Tab 500mg,0407010H0AAAMAM,5,-0.02799999999999983
631,D81064,Paracet_Tab 500mg,0407010H0AAAMAM,5,-0.02799999999999983
634,D81055,Paracet_Tab 500mg,0407010H0AAAMAM,5,-0.02799999999999983
635,D81064,Paracet_Tab 500mg,0407010H0AAAMAM,5,-0.02799999999999983
630,D81050,Paracet_Tab 500mg,0407010H0AAAMAM,5,-0.02799999999999983
636,D81036,Paracet_Tab 500mg,0407010H0AAAMAM,6,-0.0335999999999998
637,D81058,Paracet_Tab 500mg,0407010H0AAAMAM,6,-0.0335999999999998
638,D81081,Paracet_Tab 500mg,0407010H0AAAMAM,6,-0.0335999999999998
639,D81058,Paracet_Tab 500mg,0407010H0AAAMAM,6,-0.0335999999999998
640,D81081,Paracet_Tab 500mg,0407010H0AAAMAM,6,-0.0335999999999998
641,D81036,Paracet_Tab 500mg,0407010H0AAAMAM,6,-0.0335999999999998
642,D81042,Paracet_Tab 500mg,0407010H0AAAMAM,7,-0.03919999999999976
643,D81042,Paracet_Tab 500mg,0407010H0AAAMAM,7,-0.03919999999999976
652,D81074,Paracet_Tab 500mg,0407010H0AAAMAM,8,-0.04479999999999973
657,Y00056,Paracet_Tab 500mg,0407010H0AAAMAM,8,-0.04479999999999973
656,D81074,Paracet_Tab 500mg,0407010H0AAAMAM,8,-0.04479999999999973
655,D81005,Paracet_Tab 500mg,0407010H0AAAMAM,8,-0.04479999999999973
654,D81611,Paracet_Tab 500mg,0407010H0AAAMAM,8,-0.04479999999999973
653,D81028,Paracet_Tab 500mg,0407010H0AAAMAM,8,-0.04479999999999973
644,D81005,Paracet_Tab 500mg,0407010H0AAAMAM,8,-0.04479999999999973
651,D81001,Paracet_Tab 500mg,0407010H0AAAMAM,8,-0.04479999999999973
650,D81028,Paracet_Tab 500mg,0407010H0AAAMAM,8,-0.04479999999999973
649,D81023,Paracet_Tab 500mg,0407010H0AAAMAM,8,-0.04479999999999973
648,D81611,Paracet_Tab 500mg,0407010H0AAAMAM,8,-0.04479999999999973
647,Y00056,Paracet_Tab 500mg,0407010H0AAAMAM,8,-0.04479999999999973
646,D81023,Paracet_Tab 500mg,0407010H0AAAMAM,8,-0.04479999999999973
645,D81001,Paracet_Tab 500mg,0407010H0AAAMAM,8,-0.04479999999999973
1047,D81025,Pregabalin_Cap 25mg,0408010AEAAAAAA,3,-0.05400000000000155
658,D81054,Paracet_Tab 500mg,0407010H0AAAMAM,10,-0.05599999999999966
659,D81054,Paracet_Tab 500mg,0407010H0AAAMAM,10,-0.05599999999999966
665,D81623,Paracet_Tab 500mg,0407010H0AAAMAM,12,-0.0671999999999996
664,D81066,Paracet_Tab 500mg,0407010H0AAAMAM,12,-0.0671999999999996
663,D81035,Paracet_Tab 500mg,0407010H0AAAMAM,12,-0.0671999999999996
662,D81066,Paracet_Tab 500mg,0407010H0AAAMAM,12,-0.0671999999999996
661,D81623,Paracet_Tab 500mg,0407010H0AAAMAM,12,-0.0671999999999996
660,D81035,Paracet_Tab 500mg,0407010H0AAAMAM,12,-0.0671999999999996
666,D81017,Paracet_Tab 500mg,0407010H0AAAMAM,13,-0.07279999999999956
667,D81017,Paracet_Tab 500mg,0407010H0AAAMAM,13,-0.07279999999999956
668,D81051,Paracet_Tab 500mg,0407010H0AAAMAM,13,-0.07279999999999956
669,D81051,Paracet_Tab 500mg,0407010H0AAAMAM,13,-0.07279999999999956
1269,D81003,Ferr Sulf_Tab 200mg,0901011P0AAACAC,37,-0.07770000000000223
670,D81622,Paracet_Tab 500mg,0407010H0AAAMAM,14,-0.07839999999999953
671,D81622,Paracet_Tab 500mg,0407010H0AAAMAM,14,-0.07839999999999953
673,D81062,Paracet_Tab 500mg,0407010H0AAAMAM,15,-0.08399999999999949
672,D81062,Paracet_Tab 500mg,0407010H0AAAMAM,15,-0.08399999999999949
676,D81016,Paracet_Tab 500mg,0407010H0AAAMAM,15,-0.08399999999999949
677,D81043,Paracet_Tab 500mg,0407010H0AAAMAM,15,-0.08399999999999949
675,D81016,Paracet_Tab 500mg,0407010H0AAAMAM,15,-0.08399999999999949
674,D81043,Paracet_Tab 500mg,0407010H0AAAMAM,15,-0.08399999999999949
679,D81012,Paracet_Tab 500mg,0407010H0AAAMAM,19,-0.10639999999999936
678,D81012,Paracet_Tab 500mg,0407010H0AAAMAM,19,-0.10639999999999936
680,D81629,Paracet_Tab 500mg,0407010H0AAAMAM,20,-0.11199999999999932
681,D81629,Paracet_Tab 500mg,0407010H0AAAMAM,20,-0.11199999999999932
683,D81085,Paracet_Tab 500mg,0407010H0AAAMAM,21,-0.11759999999999929
682,D81085,Paracet_Tab 500mg,0407010H0AAAMAM,21,-0.11759999999999929
685,D81052,Paracet_Tab 500mg,0407010H0AAAMAM,23,-0.12879999999999922
684,D81052,Paracet_Tab 500mg,0407010H0AAAMAM,23,-0.12879999999999922
687,D81034,Paracet_Tab 500mg,0407010H0AAAMAM,25,-0.13999999999999915
686,D81034,Paracet_Tab 500mg,0407010H0AAAMAM,25,-0.13999999999999915
691,D81021,Paracet_Tab 500mg,0407010H0AAAMAM,27,-0.15119999999999909
690,D81025,Paracet_Tab 500mg,0407010H0AAAMAM,27,-0.15119999999999909
689,D81025,Paracet_Tab 500mg,0407010H0AAAMAM,27,-0.15119999999999909
688,D81044,Paracet_Tab 500mg,0407010H0AAAMAM,27,-0.15119999999999909
692,D81044,Paracet_Tab 500mg,0407010H0AAAMAM,27,-0.15119999999999909
693,D81021,Paracet_Tab 500mg,0407010H0AAAMAM,27,-0.15119999999999909
695,D81022,Paracet_Tab 500mg,0407010H0AAAMAM,30,-0.16799999999999898
694,D81022,Paracet_Tab 500mg,0407010H0AAAMAM,30,-0.16799999999999898
697,D81026,Paracet_Tab 500mg,0407010H0AAAMAM,31,-0.17359999999999895
696,D81026,Paracet_Tab 500mg,0407010H0AAAMAM,31,-0.17359999999999895
698,D81011,Paracet_Tab 500mg,0407010H0AAAMAM,32,-0.17919999999999892
699,D81011,Paracet_Tab 500mg,0407010H0AAAMAM,32,-0.17919999999999892
700,D81059,Paracet_Tab 500mg,0407010H0AAAMAM,40,-0.22399999999999864
701,D81010,Paracet_Tab 500mg,0407010H0AAAMAM,40,-0.22399999999999864
702,D81010,Paracet_Tab 500mg,0407010H0AAAMAM,40,-0.22399999999999864
703,D81059,Paracet_Tab 500mg,0407010H0AAAMAM,40,-0.22399999999999864
704,D81004,Paracet_Tab 500mg,0407010H0AAAMAM,50,-0.2799999999999983
705,D81004,Paracet_Tab 500mg,0407010H0AAAMAM,50,-0.2799999999999983
706,D81043,Paracet_Tab 500mg,0407010H0AAAMAM,5,-0.2879999999999999
707,D81043,Paracet_Tab 500mg,0407010H0AAAMAM,5,-0.2879999999999999
708,K83017,Paracet_Tab 500mg,0407010H0AAAMAM,57,-0.31919999999999804
709,K83017,Paracet_Tab 500mg,0407010H0AAAMAM,57,-0.31919999999999804
711,D81086,Paracet_Tab 500mg,0407010H0AAAMAM,65,-0.36399999999999777
710,D81086,Paracet_Tab 500mg,0407010H0AAAMAM,65,-0.36399999999999777
713,D81043,Paracet_Tab 500mg,0407010H0AAAMAM,7,-0.3779999999999999
712,D81043,Paracet_Tab 500mg,0407010H0AAAMAM,7,-0.3779999999999999
715,D81633,Paracet_Tab 500mg,0407010H0AAAMAM,34,-0.3807999999999977
714,D81633,Paracet_Tab 500mg,0407010H0AAAMAM,34,-0.3807999999999977
717,D81615,Paracet_Tab 500mg,0407010H0AAAMAM,40,-0.3999999999999976
716,D81615,Paracet_Tab 500mg,0407010H0AAAMAM,40,-0.3999999999999976
718,D81014,Paracet_Tab 500mg,0407010H0AAAMAM,73,-0.4087999999999975
719,D81014,Paracet_Tab 500mg,0407010H0AAAMAM,73,-0.4087999999999975
721,D81008,Paracet_Tab 500mg,0407010H0AAAMAM,75,-0.4199999999999975
720,D81008,Paracet_Tab 500mg,0407010H0AAAMAM,75,-0.4199999999999975
1270,Y00185,Ferr Sulf_Tab 200mg,0901011P0AAACAC,1,-0.47700000000000053
723,D81033,Paracet_Tab 500mg,0407010H0AAAMAM,1,-0.512
722,D81033,Paracet_Tab 500mg,0407010H0AAAMAM,1,-0.512
725,D81043,Paracet_Tab 500mg,0407010H0AAAMAM,2,-0.5568
724,D81043,Paracet_Tab 500mg,0407010H0AAAMAM,2,-0.5568
727,D81618,Paracet_Tab 500mg,0407010H0AAAMAM,12,-0.5999999999999984
726,D81618,Paracet_Tab 500mg,0407010H0AAAMAM,12,-0.5999999999999984
729,D81013,Paracet_Tab 500mg,0407010H0AAAMAM,22,-0.6599999999999998
728,D81013,Paracet_Tab 500mg,0407010H0AAAMAM,22,-0.6599999999999998
731,D81053,Paracet_Tab 500mg,0407010H0AAAMAM,6,-0.6719999999999995
730,D81053,Paracet_Tab 500mg,0407010H0AAAMAM,6,-0.6719999999999995
732,D81053,Paracet_Tab 500mg,0407010H0AAAMAM,69,-0.6899999999999958
733,D81053,Paracet_Tab 500mg,0407010H0AAAMAM,69,-0.6899999999999958
735,D81043,Paracet_Tab 500mg,0407010H0AAAMAM,5,-0.7799999999999995
734,D81043,Paracet_Tab 500mg,0407010H0AAAMAM,5,-0.7799999999999995
736,D81059,Paracet_Tab 500mg,0407010H0AAAMAM,93,-0.9299999999999944
737,D81059,Paracet_Tab 500mg,0407010H0AAAMAM,93,-0.9299999999999944
738,D81043,Paracet_Tab 500mg,0407010H0AAAMAM,1,-1.2288
739,D81043,Paracet_Tab 500mg,0407010H0AAAMAM,1,-1.2288
740,D81603,Paracet_Tab 500mg,0407010H0AAAMAM,6,-1.4111999999999996
741,D81603,Paracet_Tab 500mg,0407010H0AAAMAM,6,-1.4111999999999996
742,D81052,Paracet_Tab 500mg,0407010H0AAAMAM,11,-1.9711999999999965
743,D81052,Paracet_Tab 500mg,0407010H0AAAMAM,11,-1.9711999999999965
745,E82132,Paracet_Tab 500mg,0407010H0AAAMAM,15,-2.6999999999999993
744,E82132,Paracet_Tab 500mg,0407010H0AAAMAM,15,-2.6999999999999993
746,D81043,Paracet_Tab 500mg,0407010H0AAAMAM,22,-2.7103999999999964
747,D81043,Paracet_Tab 500mg,0407010H0AAAMAM,22,-2.7103999999999964
748,D81043,Paracet_Tab 500mg,0407010H0AAAMAM,141,-2.819999999999983
749,D81043,Paracet_Tab 500mg,0407010H0AAAMAM,141,-2.819999999999983
