,practice_code,bnf_description,bnf_code,items,excess_cost
39,E87753,Letrozole_Tab 2.5mg,0803041L0AAAAAA,3,213.8976
14,E87052,Aripiprazole_Tab 5mg,0402010ADAAADAD,1,172.3792
354,E87045,Hydrocort_Tab 10mg,0603020J0AAADAD,2,111.55199999999999
80,E87756,Atorvastatin_Tab 80mg,0212000B0AAADAD,8,99.23200000000001
0,E87753,Risperidone_Tab 6mg,040201030AAAFAF,12,87.696
65,E87069,Aripiprazole_Tab 10mg,0402010ADAAAAAA,1,87.2312
66,E87052,Aripiprazole_Tab 10mg,0402010ADAAAAAA,2,87.2312
15,E87011,Aripiprazole_Tab 5mg,0402010ADAAADAD,5,86.18399999999998
3,E87002,Risperidone_Tab 6mg,040201030AAAFAF,1,58.4192
1,E87681,Risperidone_Tab 6mg,040201030AAAFAF,1,58.4192
2,E87052,Risperidone_Tab 6mg,040201030AAAFAF,1,58.4192
81,E87756,Atorvastatin_Tab 80mg,0212000B0AAADAD,10,49.616
48,E87046,Atorvastatin_Tab 20mg,0212000B0AAABAB,77,45.27600000000001
49,E87069,Atorvastatin_Tab 20mg,0212000B0AAABAB,29,45.147200000000005
50,E87066,Atorvastatin_Tab 20mg,0212000B0AAABAB,20,45.136
51,E87756,Atorvastatin_Tab 20mg,0212000B0AAABAB,34,45.1248
4,E87045,Risperidone_Tab 6mg,040201030AAAFAF,1,43.8144
16,E87011,Aripiprazole_Tab 5mg,0402010ADAAADAD,1,43.0948
5,E87002,Risperidone_Tab 6mg,040201030AAAFAF,5,36.54
6,E87010,Risperidone_Tab 6mg,040201030AAAFAF,4,29.232
8,E87052,Risperidone_Tab 6mg,040201030AAAFAF,1,29.2096
7,Y00902,Risperidone_Tab 6mg,040201030AAAFAF,1,29.2096
9,E87754,Risperidone_Tab 6mg,040201030AAAFAF,1,29.2096
12,E87066,Risperidone_Tab 6mg,040201030AAAFAF,1,29.2096
11,E87008,Risperidone_Tab 6mg,040201030AAAFAF,1,29.2096
10,E87011,Risperidone_Tab 6mg,040201030AAAFAF,1,29.2096
311,E87756,Ferr Sulf_Tab 200mg,0901011P0AAACAC,3,25.139999999999997
52,E87648,Atorvastatin_Tab 20mg,0212000B0AAABAB,39,22.604400000000002
13,E87739,Risperidone_Tab 6mg,040201030AAAFAF,3,21.924
312,E87648,Ferr Sulf_Tab 200mg,0901011P0AAACAC,2,21.1344
313,E87648,Ferr Sulf_Tab 200mg,0901011P0AAACAC,8,21.100800000000003
112,E87737,Betahistine HCl_Tab 16mg,0406000B0AAABAB,1,18.093600000000002
113,E87745,Betahistine HCl_Tab 16mg,0406000B0AAABAB,2,18.0768
114,Y02260,Betahistine HCl_Tab 16mg,0406000B0AAABAB,3,17.942399999999996
115,E87008,Betahistine HCl_Tab 16mg,0406000B0AAABAB,1,17.7912
314,E87681,Ferr Sulf_Tab 200mg,0901011P0AAACAC,3,15.8382
355,E87010,Hydrocort_Tab 10mg,0603020J0AAADAD,1,15.439999999999987
128,E87045,Paracet_Tab 500mg,0407010H0AAAMAM,38,15.200000000000001
127,E87045,Paracet_Tab 500mg,0407010H0AAAMAM,38,15.200000000000001
315,E87756,Ferr Sulf_Tab 200mg,0901011P0AAACAC,1,15.084000000000001
316,E87002,Ferr Sulf_Tab 200mg,0901011P0AAACAC,31,14.2352
317,E87756,Ferr Sulf_Tab 200mg,0901011P0AAACAC,6,14.0784
116,E87681,Betahistine HCl_Tab 16mg,0406000B0AAABAB,1,12.924000000000003
129,E87681,Paracet_Tab 500mg,0407010H0AAAMAM,1,11.669599999999999
130,E87681,Paracet_Tab 500mg,0407010H0AAAMAM,1,11.669599999999999
131,E87681,Paracet_Tab 500mg,0407010H0AAAMAM,19,11.491200000000005
132,E87681,Paracet_Tab 500mg,0407010H0AAAMAM,19,11.491200000000005
117,E87070,Betahistine HCl_Tab 16mg,0406000B0AAABAB,5,11.1405
133,Y02260,Paracet_Tab 500mg,0407010H0AAAMAM,5,10.100000000000001
134,Y02260,Paracet_Tab 500mg,0407010H0AAAMAM,5,10.100000000000001
135,E87681,Paracet_Tab 500mg,0407010H0AAAMAM,1,9.2552
136,E87681,Paracet_Tab 500mg,0407010H0AAAMAM,1,9.2552
118,E87677,Betahistine HCl_Tab 16mg,0406000B0AAABAB,1,9.046800000000001
119,E87745,Betahistine HCl_Tab 16mg,0406000B0AAABAB,3,9.0468
120,E87008,Betahistine HCl_Tab 16mg,0406000B0AAABAB,1,8.8956
121,E87052,Betahistine HCl_Tab 16mg,0406000B0AAABAB,1,6.0256
137,E87008,Paracet_Tab 500mg,0407010H0AAAMAM,144,4.320000000000023
138,E87008,Paracet_Tab 500mg,0407010H0AAAMAM,144,4.320000000000023
139,E87045,Paracet_Tab 500mg,0407010H0AAAMAM,2,3.0240000000000005
140,E87045,Paracet_Tab 500mg,0407010H0AAAMAM,2,3.0240000000000005
122,Y00902,Betahistine HCl_Tab 16mg,0406000B0AAABAB,5,2.2260000000000004
82,E87753,Atorvastatin_Tab 80mg,0212000B0AAADAD,27,0.8694000000000013
83,E87034,Atorvastatin_Tab 80mg,0212000B0AAADAD,112,0.23520000000000674
141,E87756,Paracet_Tab 500mg,0407010H0AAAMAM,29,0.17399999999999893
142,E87756,Paracet_Tab 500mg,0407010H0AAAMAM,29,0.17399999999999893
318,E87045,Ferr Sulf_Tab 200mg,0901011P0AAACAC,29,0.16239999999999902
144,E87011,Paracet_Tab 500mg,0407010H0AAAMAM,30,0.12599999999999922
143,E87011,Paracet_Tab 500mg,0407010H0AAAMAM,30,0.12599999999999922
40,E87002,Letrozole_Tab 2.5mg,0803041L0AAAAAA,24,0.11760000000000104
84,E87739,Atorvastatin_Tab 80mg,0212000B0AAADAD,53,0.11130000000000319
53,E87663,Atorvastatin_Tab 20mg,0212000B0AAABAB,11,0.09240000000000051
145,E87034,Paracet_Tab 500mg,0407010H0AAAMAM,22,0.09239999999999944
146,E87034,Paracet_Tab 500mg,0407010H0AAAMAM,22,0.09239999999999944
147,E87034,Paracet_Tab 500mg,0407010H0AAAMAM,32,0.08959999999999946
148,E87034,Paracet_Tab 500mg,0407010H0AAAMAM,32,0.08959999999999946
149,E87609,Paracet_Tab 500mg,0407010H0AAAMAM,20,0.08399999999999949
319,E87052,Ferr Sulf_Tab 200mg,0901011P0AAACAC,15,0.08399999999999949
150,E87609,Paracet_Tab 500mg,0407010H0AAAMAM,20,0.08399999999999949
41,E87739,Letrozole_Tab 2.5mg,0803041L0AAAAAA,15,0.07350000000000065
67,E87002,Aripiprazole_Tab 10mg,0402010ADAAAAAA,13,0.07280000000000209
85,E87609,Atorvastatin_Tab 80mg,0212000B0AAADAD,32,0.06720000000000192
151,E87006,Paracet_Tab 500mg,0407010H0AAAMAM,22,0.06159999999999963
152,E87006,Paracet_Tab 500mg,0407010H0AAAMAM,22,0.06159999999999963
86,E87002,Atorvastatin_Tab 80mg,0212000B0AAADAD,28,0.058800000000001684
42,E87034,Letrozole_Tab 2.5mg,0803041L0AAAAAA,12,0.05880000000000052
320,E87756,Ferr Sulf_Tab 200mg,0901011P0AAACAC,10,0.05599999999999966
153,E87754,Paracet_Tab 500mg,0407010H0AAAMAM,20,0.05599999999999966
154,E87754,Paracet_Tab 500mg,0407010H0AAAMAM,20,0.05599999999999966
87,E87008,Atorvastatin_Tab 80mg,0212000B0AAADAD,25,0.052500000000001504
88,E87066,Atorvastatin_Tab 80mg,0212000B0AAADAD,25,0.052500000000001504
158,E87006,Paracet_Tab 500mg,0407010H0AAAMAM,12,0.050399999999999695
155,E87052,Paracet_Tab 500mg,0407010H0AAAMAM,12,0.050399999999999695
156,E87052,Paracet_Tab 500mg,0407010H0AAAMAM,12,0.050399999999999695
157,E87006,Paracet_Tab 500mg,0407010H0AAAMAM,12,0.050399999999999695
321,E87002,Ferr Sulf_Tab 200mg,0901011P0AAACAC,17,0.04759999999999971
89,E87011,Atorvastatin_Tab 80mg,0212000B0AAADAD,21,0.04410000000000126
90,E87681,Atorvastatin_Tab 80mg,0212000B0AAADAD,20,0.0420000000000012
161,Y00902,Paracet_Tab 500mg,0407010H0AAAMAM,7,0.041999999999999746
162,E87011,Paracet_Tab 500mg,0407010H0AAAMAM,15,0.041999999999999746
160,Y00902,Paracet_Tab 500mg,0407010H0AAAMAM,7,0.041999999999999746
159,E87011,Paracet_Tab 500mg,0407010H0AAAMAM,15,0.041999999999999746
91,E87052,Atorvastatin_Tab 80mg,0212000B0AAADAD,19,0.03990000000000114
43,E87609,Letrozole_Tab 2.5mg,0803041L0AAAAAA,8,0.039200000000000346
163,E87714,Paracet_Tab 500mg,0407010H0AAAMAM,14,0.03919999999999976
164,E87714,Paracet_Tab 500mg,0407010H0AAAMAM,14,0.03919999999999976
92,E87011,Atorvastatin_Tab 80mg,0212000B0AAADAD,9,0.03780000000000108
166,E87008,Paracet_Tab 500mg,0407010H0AAAMAM,9,0.03779999999999977
165,E87008,Paracet_Tab 500mg,0407010H0AAAMAM,9,0.03779999999999977
322,E87052,Ferr Sulf_Tab 200mg,0901011P0AAACAC,2,0.03599999999999853
93,E87756,Atorvastatin_Tab 80mg,0212000B0AAADAD,16,0.03360000000000096
323,E87754,Ferr Sulf_Tab 200mg,0901011P0AAACAC,6,0.0335999999999998
324,E87739,Ferr Sulf_Tab 200mg,0901011P0AAACAC,6,0.0335999999999998
168,E87046,Paracet_Tab 500mg,0407010H0AAAMAM,12,0.0335999999999998
169,E87010,Paracet_Tab 500mg,0407010H0AAAMAM,12,0.0335999999999998
167,E87010,Paracet_Tab 500mg,0407010H0AAAMAM,12,0.0335999999999998
172,E87739,Paracet_Tab 500mg,0407010H0AAAMAM,2,0.0335999999999998
171,E87046,Paracet_Tab 500mg,0407010H0AAAMAM,12,0.0335999999999998
170,E87739,Paracet_Tab 500mg,0407010H0AAAMAM,2,0.0335999999999998
174,E87002,Paracet_Tab 500mg,0407010H0AAAMAM,11,0.030799999999999814
173,E87002,Paracet_Tab 500mg,0407010H0AAAMAM,11,0.030799999999999814
68,E87740,Aripiprazole_Tab 10mg,0402010ADAAAAAA,5,0.028000000000000802
94,E87010,Atorvastatin_Tab 80mg,0212000B0AAADAD,12,0.025200000000000722
325,E87052,Ferr Sulf_Tab 200mg,0901011P0AAACAC,2,0.023999999999999022
96,E87006,Atorvastatin_Tab 80mg,0212000B0AAADAD,11,0.02310000000000066
95,E87046,Atorvastatin_Tab 80mg,0212000B0AAADAD,11,0.02310000000000066
175,E87609,Paracet_Tab 500mg,0407010H0AAAMAM,8,0.022399999999999864
330,E87609,Ferr Sulf_Tab 200mg,0901011P0AAACAC,4,0.022399999999999864
329,E87011,Ferr Sulf_Tab 200mg,0901011P0AAACAC,4,0.022399999999999864
328,E87609,Ferr Sulf_Tab 200mg,0901011P0AAACAC,8,0.022399999999999864
327,E87739,Ferr Sulf_Tab 200mg,0901011P0AAACAC,8,0.022399999999999864
326,E87740,Ferr Sulf_Tab 200mg,0901011P0AAACAC,4,0.022399999999999864
180,E87681,Paracet_Tab 500mg,0407010H0AAAMAM,8,0.022399999999999864
176,E87045,Paracet_Tab 500mg,0407010H0AAAMAM,8,0.022399999999999864
179,E87681,Paracet_Tab 500mg,0407010H0AAAMAM,8,0.022399999999999864
177,E87609,Paracet_Tab 500mg,0407010H0AAAMAM,8,0.022399999999999864
178,E87045,Paracet_Tab 500mg,0407010H0AAAMAM,8,0.022399999999999864
97,Y00902,Atorvastatin_Tab 80mg,0212000B0AAADAD,10,0.0210000000000006
98,E87754,Atorvastatin_Tab 80mg,0212000B0AAADAD,10,0.0210000000000006
183,E87066,Paracet_Tab 500mg,0407010H0AAAMAM,5,0.020999999999999873
181,E87648,Paracet_Tab 500mg,0407010H0AAAMAM,5,0.020999999999999873
184,E87066,Paracet_Tab 500mg,0407010H0AAAMAM,5,0.020999999999999873
182,E87648,Paracet_Tab 500mg,0407010H0AAAMAM,5,0.020999999999999873
44,E87052,Letrozole_Tab 2.5mg,0803041L0AAAAAA,4,0.019600000000000173
46,E87754,Letrozole_Tab 2.5mg,0803041L0AAAAAA,4,0.019600000000000173
45,E87677,Letrozole_Tab 2.5mg,0803041L0AAAAAA,4,0.019600000000000173
331,E87740,Ferr Sulf_Tab 200mg,0901011P0AAACAC,7,0.01959999999999988
186,E87034,Paracet_Tab 500mg,0407010H0AAAMAM,9,0.018899999999999886
185,E87034,Paracet_Tab 500mg,0407010H0AAAMAM,9,0.018899999999999886
187,E87741,Paracet_Tab 500mg,0407010H0AAAMAM,3,0.01799999999999989
188,E87648,Paracet_Tab 500mg,0407010H0AAAMAM,3,0.01799999999999989
189,E87648,Paracet_Tab 500mg,0407010H0AAAMAM,3,0.01799999999999989
190,E87741,Paracet_Tab 500mg,0407010H0AAAMAM,3,0.01799999999999989
332,E87052,Ferr Sulf_Tab 200mg,0901011P0AAACAC,3,0.017999999999999267
101,Y02260,Atorvastatin_Tab 80mg,0212000B0AAADAD,8,0.01680000000000048
100,E87648,Atorvastatin_Tab 80mg,0212000B0AAADAD,8,0.01680000000000048
99,E87737,Atorvastatin_Tab 80mg,0212000B0AAADAD,8,0.01680000000000048
191,E87681,Paracet_Tab 500mg,0407010H0AAAMAM,4,0.0167999999999999
193,E87002,Paracet_Tab 500mg,0407010H0AAAMAM,12,0.0167999999999999
194,E87034,Paracet_Tab 500mg,0407010H0AAAMAM,1,0.0167999999999999
195,E87681,Paracet_Tab 500mg,0407010H0AAAMAM,4,0.0167999999999999
196,E87034,Paracet_Tab 500mg,0407010H0AAAMAM,1,0.0167999999999999
192,E87010,Paracet_Tab 500mg,0407010H0AAAMAM,4,0.0167999999999999
197,E87002,Paracet_Tab 500mg,0407010H0AAAMAM,12,0.0167999999999999
198,E87010,Paracet_Tab 500mg,0407010H0AAAMAM,4,0.0167999999999999
17,E87008,Aripiprazole_Tab 5mg,0402010ADAAADAD,4,0.016799999999999704
199,E87756,Paracet_Tab 500mg,0407010H0AAAMAM,5,0.01499999999999991
200,E87756,Paracet_Tab 500mg,0407010H0AAAMAM,5,0.01499999999999991
102,E87663,Atorvastatin_Tab 80mg,0212000B0AAADAD,7,0.014700000000000421
201,E87740,Paracet_Tab 500mg,0407010H0AAAMAM,3,0.012599999999999924
202,E87740,Paracet_Tab 500mg,0407010H0AAAMAM,3,0.012599999999999924
54,E87609,Atorvastatin_Tab 20mg,0212000B0AAABAB,2,0.012000000000000344
207,E87772,Paracet_Tab 500mg,0407010H0AAAMAM,2,0.011999999999999927
208,E87008,Paracet_Tab 500mg,0407010H0AAAMAM,2,0.011999999999999927
212,E87066,Paracet_Tab 500mg,0407010H0AAAMAM,1,0.011999999999999927
211,Y02260,Paracet_Tab 500mg,0407010H0AAAMAM,2,0.011999999999999927
210,E87066,Paracet_Tab 500mg,0407010H0AAAMAM,1,0.011999999999999927
209,E87008,Paracet_Tab 500mg,0407010H0AAAMAM,2,0.011999999999999927
205,Y02260,Paracet_Tab 500mg,0407010H0AAAMAM,2,0.011999999999999927
206,E87011,Paracet_Tab 500mg,0407010H0AAAMAM,2,0.011999999999999927
204,E87011,Paracet_Tab 500mg,0407010H0AAAMAM,2,0.011999999999999927
203,E87772,Paracet_Tab 500mg,0407010H0AAAMAM,2,0.011999999999999927
335,E87010,Ferr Sulf_Tab 200mg,0901011P0AAACAC,1,0.011999999999999511
333,E87011,Ferr Sulf_Tab 200mg,0901011P0AAACAC,2,0.011999999999999511
334,E87609,Ferr Sulf_Tab 200mg,0901011P0AAACAC,1,0.011999999999999511
215,E87034,Paracet_Tab 500mg,0407010H0AAAMAM,8,0.011199999999999932
213,E87034,Paracet_Tab 500mg,0407010H0AAAMAM,8,0.011199999999999932
214,E87648,Paracet_Tab 500mg,0407010H0AAAMAM,4,0.011199999999999932
216,E87648,Paracet_Tab 500mg,0407010H0AAAMAM,4,0.011199999999999932
336,E87045,Ferr Sulf_Tab 200mg,0901011P0AAACAC,4,0.011199999999999932
103,E87070,Atorvastatin_Tab 80mg,0212000B0AAADAD,5,0.0105000000000003
107,E87069,Atorvastatin_Tab 80mg,0212000B0AAADAD,4,0.00840000000000024
106,E87714,Atorvastatin_Tab 80mg,0212000B0AAADAD,4,0.00840000000000024
105,E87045,Atorvastatin_Tab 80mg,0212000B0AAADAD,4,0.00840000000000024
104,E87740,Atorvastatin_Tab 80mg,0212000B0AAADAD,4,0.00840000000000024
339,E87756,Ferr Sulf_Tab 200mg,0901011P0AAACAC,3,0.00839999999999995
338,E87046,Ferr Sulf_Tab 200mg,0901011P0AAACAC,3,0.00839999999999995
337,E87011,Ferr Sulf_Tab 200mg,0901011P0AAACAC,3,0.00839999999999995
217,E87756,Paracet_Tab 500mg,0407010H0AAAMAM,3,0.00839999999999995
218,E87756,Paracet_Tab 500mg,0407010H0AAAMAM,3,0.00839999999999995
55,E87002,Atorvastatin_Tab 20mg,0212000B0AAABAB,1,0.006000000000000172
56,E87010,Atorvastatin_Tab 20mg,0212000B0AAABAB,1,0.006000000000000172
60,E87011,Atorvastatin_Tab 20mg,0212000B0AAABAB,1,0.006000000000000172
59,E87008,Atorvastatin_Tab 20mg,0212000B0AAABAB,1,0.006000000000000172
58,E87034,Atorvastatin_Tab 20mg,0212000B0AAABAB,1,0.006000000000000172
57,E87754,Atorvastatin_Tab 20mg,0212000B0AAABAB,1,0.006000000000000172
222,E87052,Paracet_Tab 500mg,0407010H0AAAMAM,1,0.005999999999999964
220,E87037,Paracet_Tab 500mg,0407010H0AAAMAM,1,0.005999999999999964
219,E87052,Paracet_Tab 500mg,0407010H0AAAMAM,1,0.005999999999999964
223,E87753,Paracet_Tab 500mg,0407010H0AAAMAM,1,0.005999999999999964
224,E87737,Paracet_Tab 500mg,0407010H0AAAMAM,1,0.005999999999999964
225,E87069,Paracet_Tab 500mg,0407010H0AAAMAM,1,0.005999999999999964
227,E87737,Paracet_Tab 500mg,0407010H0AAAMAM,1,0.005999999999999964
228,E87753,Paracet_Tab 500mg,0407010H0AAAMAM,1,0.005999999999999964
221,E87069,Paracet_Tab 500mg,0407010H0AAAMAM,1,0.005999999999999964
226,E87037,Paracet_Tab 500mg,0407010H0AAAMAM,1,0.005999999999999964
344,E87609,Ferr Sulf_Tab 200mg,0901011P0AAACAC,1,0.0059999999999997555
343,E87008,Ferr Sulf_Tab 200mg,0901011P0AAACAC,1,0.0059999999999997555
342,E87010,Ferr Sulf_Tab 200mg,0901011P0AAACAC,1,0.0059999999999997555
341,E87066,Ferr Sulf_Tab 200mg,0901011P0AAACAC,1,0.0059999999999997555
340,E87002,Ferr Sulf_Tab 200mg,0901011P0AAACAC,1,0.0059999999999997555
229,E87066,Paracet_Tab 500mg,0407010H0AAAMAM,2,0.005599999999999966
234,E87046,Paracet_Tab 500mg,0407010H0AAAMAM,4,0.005599999999999966
233,E87066,Paracet_Tab 500mg,0407010H0AAAMAM,2,0.005599999999999966
232,E87046,Paracet_Tab 500mg,0407010H0AAAMAM,4,0.005599999999999966
231,Y02260,Paracet_Tab 500mg,0407010H0AAAMAM,4,0.005599999999999966
230,Y02260,Paracet_Tab 500mg,0407010H0AAAMAM,4,0.005599999999999966
61,E87737,Atorvastatin_Tab 20mg,0212000B0AAABAB,1,0.005400000000000155
236,E87756,Paracet_Tab 500mg,0407010H0AAAMAM,1,0.005200000000000059
235,E87756,Paracet_Tab 500mg,0407010H0AAAMAM,1,0.005200000000000059
237,E87052,Paracet_Tab 500mg,0407010H0AAAMAM,1,0.005100000000000028
238,E87052,Paracet_Tab 500mg,0407010H0AAAMAM,1,0.005100000000000028
239,E87002,Paracet_Tab 500mg,0407010H0AAAMAM,1,0.004800000000000054
240,E87002,Paracet_Tab 500mg,0407010H0AAAMAM,1,0.004800000000000054
356,E87739,Hydrocort_Tab 10mg,0603020J0AAADAD,1,0.004499999999999504
69,E87740,Aripiprazole_Tab 10mg,0402010ADAAAAAA,1,0.004200000000000703
108,E87008,Atorvastatin_Tab 80mg,0212000B0AAADAD,1,0.00420000000000012
242,E87070,Paracet_Tab 500mg,0407010H0AAAMAM,2,0.004199999999999975
241,E87070,Paracet_Tab 500mg,0407010H0AAAMAM,2,0.004199999999999975
18,E87681,Aripiprazole_Tab 5mg,0402010ADAAADAD,1,0.004199999999999926
19,E87737,Aripiprazole_Tab 5mg,0402010ADAAADAD,1,0.004199999999999926
20,E87740,Aripiprazole_Tab 5mg,0402010ADAAADAD,1,0.004199999999999926
21,E87002,Aripiprazole_Tab 5mg,0402010ADAAADAD,1,0.0041999999999995374
22,E87753,Aripiprazole_Tab 5mg,0402010ADAAADAD,1,0.0041999999999995374
243,E87034,Paracet_Tab 500mg,0407010H0AAAMAM,1,0.0040000000000000105
244,E87034,Paracet_Tab 500mg,0407010H0AAAMAM,1,0.0040000000000000105
345,E87753,Ferr Sulf_Tab 200mg,0901011P0AAACAC,1,0.003999999999999976
248,Y02260,Paracet_Tab 500mg,0407010H0AAAMAM,1,0.002999999999999982
250,Y02260,Paracet_Tab 500mg,0407010H0AAAMAM,1,0.002999999999999982
249,E87011,Paracet_Tab 500mg,0407010H0AAAMAM,1,0.002999999999999982
247,E87011,Paracet_Tab 500mg,0407010H0AAAMAM,1,0.002999999999999982
246,E87037,Paracet_Tab 500mg,0407010H0AAAMAM,1,0.002999999999999982
245,E87037,Paracet_Tab 500mg,0407010H0AAAMAM,1,0.002999999999999982
123,E87609,Betahistine HCl_Tab 16mg,0406000B0AAABAB,1,0.0029999999999998778
124,E87648,Betahistine HCl_Tab 16mg,0406000B0AAABAB,1,0.0029999999999998778
23,E87011,Aripiprazole_Tab 5mg,0402010ADAAADAD,1,0.0020999999999997687
24,E87609,Aripiprazole_Tab 5mg,0402010ADAAADAD,1,0.0018999999999997907
251,E87756,Paracet_Tab 500mg,0407010H0AAAMAM,1,0.0006999999999999958
252,E87756,Paracet_Tab 500mg,0407010H0AAAMAM,1,0.0006999999999999958
25,Y04920,Aripiprazole_Tab 5mg,0402010ADAAADAD,1,-0.0008000000000000229
253,E87737,Paracet_Tab 500mg,0407010H0AAAMAM,1,-0.001999999999999988
254,E87737,Paracet_Tab 500mg,0407010H0AAAMAM,1,-0.001999999999999988
357,E87754,Hydrocort_Tab 10mg,0603020J0AAADAD,1,-0.0021999999999997577
26,E87006,Aripiprazole_Tab 5mg,0402010ADAAADAD,1,-0.00280000000000008
64,E87070,Atorvastatin_Tab 20mg,0212000B0AAABAB,1,-0.0029999999999998778
63,E87714,Atorvastatin_Tab 20mg,0212000B0AAABAB,1,-0.0029999999999998778
62,E87002,Atorvastatin_Tab 20mg,0212000B0AAABAB,1,-0.0029999999999998778
109,E87010,Atorvastatin_Tab 80mg,0212000B0AAADAD,1,-0.003000000000000086
28,E87648,Aripiprazole_Tab 5mg,0402010ADAAADAD,1,-0.0030000000000005023
27,E87006,Aripiprazole_Tab 5mg,0402010ADAAADAD,1,-0.0030000000000005023
260,E87034,Paracet_Tab 500mg,0407010H0AAAMAM,1,-0.003999999999999976
259,Y00902,Paracet_Tab 500mg,0407010H0AAAMAM,1,-0.003999999999999976
261,Y00902,Paracet_Tab 500mg,0407010H0AAAMAM,1,-0.003999999999999976
256,E87648,Paracet_Tab 500mg,0407010H0AAAMAM,1,-0.003999999999999976
257,E87648,Paracet_Tab 500mg,0407010H0AAAMAM,1,-0.003999999999999976
258,E87045,Paracet_Tab 500mg,0407010H0AAAMAM,1,-0.003999999999999976
255,E87034,Paracet_Tab 500mg,0407010H0AAAMAM,1,-0.003999999999999976
262,E87045,Paracet_Tab 500mg,0407010H0AAAMAM,1,-0.003999999999999976
71,E87740,Aripiprazole_Tab 10mg,0402010ADAAAAAA,2,-0.004199999999999926
70,E87011,Aripiprazole_Tab 10mg,0402010ADAAAAAA,2,-0.004199999999999926
263,E87745,Paracet_Tab 500mg,0407010H0AAAMAM,1,-0.004799999999999971
264,E87745,Paracet_Tab 500mg,0407010H0AAAMAM,1,-0.004799999999999971
266,E87745,Paracet_Tab 500mg,0407010H0AAAMAM,1,-0.005599999999999966
265,E87740,Paracet_Tab 500mg,0407010H0AAAMAM,1,-0.005599999999999966
267,E87005,Paracet_Tab 500mg,0407010H0AAAMAM,1,-0.005599999999999966
268,E87740,Paracet_Tab 500mg,0407010H0AAAMAM,1,-0.005599999999999966
269,E87772,Paracet_Tab 500mg,0407010H0AAAMAM,1,-0.005599999999999966
270,E87772,Paracet_Tab 500mg,0407010H0AAAMAM,1,-0.005599999999999966
271,E87005,Paracet_Tab 500mg,0407010H0AAAMAM,1,-0.005599999999999966
272,E87745,Paracet_Tab 500mg,0407010H0AAAMAM,1,-0.005599999999999966
29,E87737,Aripiprazole_Tab 5mg,0402010ADAAADAD,2,-0.00560000000000016
125,E87756,Betahistine HCl_Tab 16mg,0406000B0AAABAB,1,-0.006000000000000172
110,E87005,Atorvastatin_Tab 80mg,0212000B0AAADAD,1,-0.006000000000000172
111,E87756,Atorvastatin_Tab 80mg,0212000B0AAADAD,1,-0.006000000000000172
72,E87034,Aripiprazole_Tab 10mg,0402010ADAAAAAA,3,-0.006299999999999889
30,E87714,Aripiprazole_Tab 5mg,0402010ADAAADAD,4,-0.006400000000000183
73,E87046,Aripiprazole_Tab 10mg,0402010ADAAAAAA,4,-0.008399999999999852
31,E87070,Aripiprazole_Tab 5mg,0402010ADAAADAD,3,-0.00840000000000024
346,Y00902,Ferr Sulf_Tab 200mg,0901011P0AAACAC,4,-0.00840000000000024
347,E87609,Ferr Sulf_Tab 200mg,0901011P0AAACAC,4,-0.00840000000000024
348,E87006,Ferr Sulf_Tab 200mg,0901011P0AAACAC,4,-0.00840000000000024
358,E87754,Hydrocort_Tab 10mg,0603020J0AAADAD,5,-0.008999999999999009
273,E87714,Paracet_Tab 500mg,0407010H0AAAMAM,4,-0.009599999999999997
274,E87714,Paracet_Tab 500mg,0407010H0AAAMAM,4,-0.009599999999999997
74,E87756,Aripiprazole_Tab 10mg,0402010ADAAAAAA,5,-0.010499999999999815
349,E87663,Ferr Sulf_Tab 200mg,0901011P0AAACAC,5,-0.0105000000000003
359,E87681,Hydrocort_Tab 10mg,0603020J0AAADAD,1,-0.011199999999998766
360,E87046,Hydrocort_Tab 10mg,0603020J0AAADAD,1,-0.011199999999998766
275,E87045,Paracet_Tab 500mg,0407010H0AAAMAM,2,-0.011199999999999932
276,E87045,Paracet_Tab 500mg,0407010H0AAAMAM,2,-0.011199999999999932
32,E87002,Aripiprazole_Tab 5mg,0402010ADAAADAD,4,-0.01120000000000032
126,E87011,Betahistine HCl_Tab 16mg,0406000B0AAABAB,1,-0.012000000000000344
361,E87070,Hydrocort_Tab 10mg,0603020J0AAADAD,1,-0.012599999999998612
350,E87740,Ferr Sulf_Tab 200mg,0901011P0AAACAC,6,-0.012600000000000361
362,E87745,Hydrocort_Tab 10mg,0603020J0AAADAD,1,-0.013999999999998458
34,E87045,Aripiprazole_Tab 5mg,0402010ADAAADAD,5,-0.014000000000000401
33,E87046,Aripiprazole_Tab 5mg,0402010ADAAADAD,5,-0.014000000000000401
75,E87045,Aripiprazole_Tab 10mg,0402010ADAAAAAA,7,-0.014699999999999741
351,E87011,Ferr Sulf_Tab 200mg,0901011P0AAACAC,7,-0.014700000000000421
278,E87011,Paracet_Tab 500mg,0407010H0AAAMAM,4,-0.015999999999999903
277,E87011,Paracet_Tab 500mg,0407010H0AAAMAM,4,-0.015999999999999903
279,E87753,Paracet_Tab 500mg,0407010H0AAAMAM,3,-0.0167999999999999
281,E87753,Paracet_Tab 500mg,0407010H0AAAMAM,3,-0.0167999999999999
280,E87648,Paracet_Tab 500mg,0407010H0AAAMAM,3,-0.0167999999999999
282,E87648,Paracet_Tab 500mg,0407010H0AAAMAM,3,-0.0167999999999999
35,E87754,Aripiprazole_Tab 5mg,0402010ADAAADAD,6,-0.01680000000000048
352,E87052,Ferr Sulf_Tab 200mg,0901011P0AAACAC,8,-0.01680000000000048
363,E87681,Hydrocort_Tab 10mg,0603020J0AAADAD,8,-0.01759999999999806
76,E87714,Aripiprazole_Tab 10mg,0402010ADAAAAAA,9,-0.018899999999999667
353,E87756,Ferr Sulf_Tab 200mg,0901011P0AAACAC,9,-0.01890000000000054
283,E87006,Paracet_Tab 500mg,0407010H0AAAMAM,4,-0.022399999999999864
284,E87052,Paracet_Tab 500mg,0407010H0AAAMAM,4,-0.022399999999999864
285,E87052,Paracet_Tab 500mg,0407010H0AAAMAM,4,-0.022399999999999864
286,E87006,Paracet_Tab 500mg,0407010H0AAAMAM,4,-0.022399999999999864
77,E87002,Aripiprazole_Tab 10mg,0402010ADAAAAAA,14,-0.029399999999999482
36,E87066,Aripiprazole_Tab 5mg,0402010ADAAADAD,11,-0.030800000000000882
78,E87739,Aripiprazole_Tab 10mg,0402010ADAAAAAA,16,-0.03359999999999941
288,Y00902,Paracet_Tab 500mg,0407010H0AAAMAM,6,-0.0335999999999998
287,Y00902,Paracet_Tab 500mg,0407010H0AAAMAM,6,-0.0335999999999998
290,E87714,Paracet_Tab 500mg,0407010H0AAAMAM,7,-0.03919999999999976
289,E87070,Paracet_Tab 500mg,0407010H0AAAMAM,7,-0.03919999999999976
291,E87070,Paracet_Tab 500mg,0407010H0AAAMAM,7,-0.03919999999999976
292,E87714,Paracet_Tab 500mg,0407010H0AAAMAM,7,-0.03919999999999976
37,E87034,Aripiprazole_Tab 5mg,0402010ADAAADAD,15,-0.0420000000000012
38,E87739,Aripiprazole_Tab 5mg,0402010ADAAADAD,16,-0.04480000000000128
79,E87753,Aripiprazole_Tab 10mg,0402010ADAAAAAA,22,-0.046199999999999186
294,E87011,Paracet_Tab 500mg,0407010H0AAAMAM,12,-0.0671999999999996
293,E87011,Paracet_Tab 500mg,0407010H0AAAMAM,12,-0.0671999999999996
295,E87609,Paracet_Tab 500mg,0407010H0AAAMAM,14,-0.07839999999999953
296,E87609,Paracet_Tab 500mg,0407010H0AAAMAM,14,-0.07839999999999953
297,Y02260,Paracet_Tab 500mg,0407010H0AAAMAM,19,-0.10639999999999936
298,Y02260,Paracet_Tab 500mg,0407010H0AAAMAM,19,-0.10639999999999936
299,E87008,Paracet_Tab 500mg,0407010H0AAAMAM,24,-0.1343999999999992
300,E87008,Paracet_Tab 500mg,0407010H0AAAMAM,24,-0.1343999999999992
301,E87046,Paracet_Tab 500mg,0407010H0AAAMAM,26,-0.14559999999999912
302,E87046,Paracet_Tab 500mg,0407010H0AAAMAM,26,-0.14559999999999912
303,E87002,Paracet_Tab 500mg,0407010H0AAAMAM,27,-0.15119999999999909
304,E87002,Paracet_Tab 500mg,0407010H0AAAMAM,27,-0.15119999999999909
305,E87066,Paracet_Tab 500mg,0407010H0AAAMAM,36,-0.20159999999999878
306,E87066,Paracet_Tab 500mg,0407010H0AAAMAM,36,-0.20159999999999878
307,E87681,Paracet_Tab 500mg,0407010H0AAAMAM,44,-0.2463999999999985
308,E87681,Paracet_Tab 500mg,0407010H0AAAMAM,44,-0.2463999999999985
309,E87010,Paracet_Tab 500mg,0407010H0AAAMAM,66,-0.36959999999999776
310,E87010,Paracet_Tab 500mg,0407010H0AAAMAM,66,-0.36959999999999776
47,E87005,Letrozole_Tab 2.5mg,0803041L0AAAAAA,7,-0.5095999999999983
