,practice_code,bnf_description,bnf_code,items,excess_cost
0,Y05524,Atorvastatin_Tab 80mg,0212000B0AAADAD,1,0.00210000000000006
1,Y05524,Bisoprolol Fumar_Tab 2.5mg,0204000H0AAAJAJ,1,0.0020999999999999873
2,Y05524,Isosorbide Mononit_Tab 60mg M/R,0206010K0AAAEAE,1,0.004899999999999849
3,Y05524,Levothyrox Sod_Tab 100mcg,0602010V0AABZBZ,1,0.002799999999999983
4,Y05524,Perindopril Erbumine_Tab 2mg,0205051M0AAAAAA,1,0.0021000000000001573
5,Y05524,Quetiapine_Tab 100mg,0402010ABAAACAC,1,0.00280000000000008
6,Y05524,Quetiapine_Tab 300mg,0402010ABAAAKAK,1,0.0006999999999999229
7,Y05524,Ticagrelor_Tab 90mg,0209000Z0AAAAAA,1,0.0049000000000002375
8,Y05526,Mirtazapine_Tab 30mg,0403040X0AAAAAA,1,0.002799999999999983
9,Y05530,Propranolol HCl_Tab 40mg,0204000R0AAAJAJ,1,0.0
