,practice_code,bnf_description,bnf_code,items,excess_cost
0,N81011,Amiodarone HCl_Tab 200mg,0203020D0AAABAB,12,4.200000000000004
1,N81011,Clonazepam_Tab 500mcg,0408010F0AAABAB,13,7.344999999999985
2,N81011,Gemfibrozil_Tab 600mg,0212000Q0AAABAB,2,4.061999999999999
3,N81011,Linezolid_Tab 600mg,0501070W0AAAAAA,1,16.267999999999986
4,N81011,Pyridox HCl_Tab 50mg,0906024N0AAAIAI,2,1.4364000000000003
5,N81011,Tamoxifen Cit_Tab 20mg,0803041S0AAABAB,5,-0.013400000000000675
6,N81011,Valsartan_Tab 40mg,0205052V0AAADAD,1,0.9590000000000001
7,N81019,Amiodarone HCl_Tab 200mg,0203020D0AAABAB,7,2.450000000000002
8,N81019,Buprenorphine_Tab Subling 400mcg S/F,0410030A0AAACAC,4,4.1278000000000015
9,N81019,Clonazepam_Tab 500mcg,0408010F0AAABAB,27,14.250599999999968
10,N81019,Pyridox HCl_Tab 50mg,0906024N0AAAIAI,9,7.182000000000002
11,N81019,Tamoxifen Cit_Tab 20mg,0803041S0AAABAB,6,-0.03920000000000112
12,N81035,Amiodarone HCl_Tab 200mg,0203020D0AAABAB,4,2.100000000000002
13,N81035,Clonazepam_Tab 500mcg,0408010F0AAABAB,2,0.949199999999998
14,N81035,Mesalazine_Tab E/C 400mg,0105010B0AAAAAA,3,41.044799999999995
15,N81035,Pyridox HCl_Tab 50mg,0906024N0AAAIAI,3,8.139600000000002
16,N81037,Amiodarone HCl_Tab 200mg,0203020D0AAABAB,1,0.7000000000000006
17,N81037,Clonazepam_Tab 500mcg,0408010F0AAABAB,10,4.128499999999992
18,N81037,Mesalazine_Tab E/C 400mg,0105010B0AAAAAA,1,34.224
19,N81037,Pregabalin_Cap 25mg,0408010AEAAAAAA,4,0.008399999999999852
20,N81037,Pyridox HCl_Tab 50mg,0906024N0AAAIAI,1,0.4788000000000001
21,N81037,Valsartan_Tab 40mg,0205052V0AAADAD,2,7.672000000000001
22,N81045,Amiodarone HCl_Tab 200mg,0203020D0AAABAB,14,5.250000000000005
23,N81045,Clonazepam_Tab 500mcg,0408010F0AAABAB,10,5.706499999999988
24,N81045,Gemfibrozil_Tab 600mg,0212000Q0AAABAB,1,7.571199999999999
25,N81045,Mesalazine_Tab E/C 400mg,0105010B0AAAAAA,1,47.913599999999995
26,N81045,Pyridox HCl_Tab 50mg,0906024N0AAAIAI,4,2.8728000000000007
27,N81045,Tamoxifen Cit_Tab 20mg,0803041S0AAABAB,4,-0.025200000000000722
28,N81054,Amiodarone HCl_Tab 200mg,0203020D0AAABAB,4,1.4000000000000012
29,N81054,Clonazepam_Tab 500mcg,0408010F0AAABAB,14,7.817999999999984
30,N81054,Mesalazine_Tab E/C 400mg,0105010B0AAAAAA,4,52.761999999999986
31,N81054,Pyridox HCl_Tab 50mg,0906024N0AAAIAI,1,1.4364000000000003
32,N81054,Tamoxifen Cit_Tab 20mg,0803041S0AAABAB,6,-0.00840000000000063
33,N81057,Amiodarone HCl_Tab 200mg,0203020D0AAABAB,3,1.050000000000001
34,N81057,Clonazepam_Tab 500mcg,0408010F0AAABAB,8,4.81379999999999
35,N81057,Mesalazine_Tab E/C 400mg,0105010B0AAAAAA,1,-23.956799999999998
36,N81057,Pregabalin_Cap 25mg,0408010AEAAAAAA,1,-0.01890000000000054
37,N81057,Tamoxifen Cit_Tab 20mg,0803041S0AAABAB,7,-0.0420000000000012
38,N81064,Amiodarone HCl_Tab 200mg,0203020D0AAABAB,8,2.8000000000000025
39,N81064,Clonazepam_Tab 500mcg,0408010F0AAABAB,6,4.74599999999999
40,N81064,Pregabalin_Cap 25mg,0408010AEAAAAAA,4,0.016799999999999704
41,N81064,Pyridox HCl_Tab 50mg,0906024N0AAAIAI,2,2.8728000000000007
42,N81064,Tamoxifen Cit_Tab 20mg,0803041S0AAABAB,4,-0.02240000000000064
43,N81066,Amiodarone HCl_Tab 200mg,0203020D0AAABAB,7,3.150000000000003
44,N81066,Clonazepam_Tab 500mcg,0408010F0AAABAB,10,7.1189999999999864
45,N81066,Mesalazine_Tab E/C 400mg,0105010B0AAAAAA,3,7.985599999999998
46,N81066,Pregabalin_Cap 25mg,0408010AEAAAAAA,6,105.76650000000001
47,N81066,Pyridox HCl_Tab 50mg,0906024N0AAAIAI,3,3.5910000000000006
48,N81066,Tamoxifen Cit_Tab 20mg,0803041S0AAABAB,3,-0.01680000000000048
49,N81066,Valsartan_Tab 40mg,0205052V0AAADAD,1,1.9180000000000001
50,N81072,Amiodarone HCl_Tab 200mg,0203020D0AAABAB,5,0.6888000000000003
51,N81072,Clonazepam_Tab 500mcg,0408010F0AAABAB,11,10.441199999999977
52,N81072,Mesalazine_Tab E/C 400mg,0105010B0AAAAAA,2,35.935199999999995
53,N81096,Amiodarone HCl_Tab 200mg,0203020D0AAABAB,3,1.050000000000001
54,N81096,Clonazepam_Tab 500mcg,0408010F0AAABAB,17,9.49199999999998
55,N81096,Mesalazine_Tab E/C 400mg,0105010B0AAAAAA,1,23.956799999999998
56,N81096,Pyridox HCl_Tab 50mg,0906024N0AAAIAI,1,1.4364000000000003
57,N81096,Tamoxifen Cit_Tab 20mg,0803041S0AAABAB,4,-0.028000000000000802
58,N81119,Amiodarone HCl_Tab 200mg,0203020D0AAABAB,2,1.050000000000001
59,N81119,Clonazepam_Tab 500mcg,0408010F0AAABAB,2,2.531199999999995
60,N81119,Mesalazine_Tab E/C 400mg,0105010B0AAAAAA,1,25.667999999999996
61,N81119,Pyridox HCl_Tab 50mg,0906024N0AAAIAI,1,0.4788000000000001
62,N81619,Clonazepam_Tab 500mcg,0408010F0AAABAB,3,1.7401999999999964
63,N81619,Pyridox HCl_Tab 50mg,0906024N0AAAIAI,1,1.4364000000000003
64,N81651,Amiodarone HCl_Tab 200mg,0203020D0AAABAB,2,0.7000000000000006
65,N81651,Clonazepam_Tab 500mcg,0408010F0AAABAB,3,1.5819999999999967
66,N81651,Mesalazine_Tab E/C 400mg,0105010B0AAAAAA,1,23.956799999999998
67,N81651,Tamoxifen Cit_Tab 20mg,0803041S0AAABAB,4,10.212000000000002
68,Y01663,Buprenorphine_Tab Subling 400mcg S/F,0410030A0AAACAC,19,19.386
