,practice_code,bnf_description,bnf_code,items,excess_cost
0,M91019,Mesalazine_Tab E/C 400mg,0105010B0AAAAAA,2,63.88479999999999
3,M91013,Mesalazine_Tab E/C 400mg,0105010B0AAAAAA,1,47.913599999999995
4,M91017,Mesalazine_Tab E/C 400mg,0105010B0AAAAAA,1,47.913599999999995
1,M91650,Mesalazine_Tab E/C 400mg,0105010B0AAAAAA,1,47.913599999999995
2,M91015,Mesalazine_Tab E/C 400mg,0105010B0AAAAAA,1,47.913599999999995
270,M91010,Omeprazole_Cap E/C 20mg,0103050P0AAAAAA,85,36.17599999999998
5,M91004,Mesalazine_Tab E/C 400mg,0105010B0AAAAAA,1,34.224
6,M91004,Mesalazine_Tab E/C 400mg,0105010B0AAAAAA,2,31.9424
326,M91010,Ropinirole HCl_Tab 5mg,0409010H0AAADAD,1,30.97920000000002
232,Y02627,Risperidone_Tab 6mg,040201030AAAFAF,1,29.2096
231,M91018,Risperidone_Tab 6mg,040201030AAAFAF,1,29.2096
7,M91009,Mesalazine_Tab E/C 400mg,0105010B0AAAAAA,1,23.956799999999998
8,M91020,Mesalazine_Tab E/C 400mg,0105010B0AAAAAA,1,23.956799999999998
9,M91616,Mesalazine_Tab E/C 400mg,0105010B0AAAAAA,1,19.963999999999995
10,M91017,Mesalazine_Tab E/C 400mg,0105010B0AAAAAA,1,17.099999999999998
11,M91616,Mesalazine_Tab E/C 400mg,0105010B0AAAAAA,1,15.971199999999998
327,M91009,Gemfibrozil_Tab 600mg,0212000Q0AAABAB,1,15.142399999999999
12,M91036,Mesalazine_Tab E/C 400mg,0105010B0AAAAAA,1,11.978399999999999
105,Y02901,Buprenorphine_Tab Subling 400mcg S/F,0410030A0AAACAC,11,8.377600000000001
328,M91019,Gemfibrozil_Tab 600mg,0212000Q0AAABAB,1,7.571199999999999
329,M91602,Gemfibrozil_Tab 600mg,0212000Q0AAABAB,1,7.571199999999999
259,Y02627,Topiramate_Tab 200mg,040801050AAACAC,1,6.971999999999997
106,M91623,Buprenorphine_Tab Subling 400mcg S/F,0410030A0AAACAC,4,6.0928
107,Y02901,Buprenorphine_Tab Subling 400mcg S/F,0410030A0AAACAC,2,5.8752
260,M91010,Topiramate_Tab 200mg,040801050AAACAC,2,4.979999999999998
26,M91015,Amiodarone HCl_Tab 200mg,0203020D0AAABAB,7,4.900000000000004
233,M91009,Pyridox HCl_Tab 50mg,0906024N0AAAIAI,1,4.788000000000001
263,M91018,Topiramate_Tab 200mg,040801050AAACAC,1,4.647999999999998
262,M91004,Topiramate_Tab 200mg,040801050AAACAC,1,4.647999999999998
261,M91003,Topiramate_Tab 200mg,040801050AAACAC,1,4.647999999999998
264,M91020,Topiramate_Tab 200mg,040801050AAACAC,2,4.636799999999999
108,Y02901,Buprenorphine_Tab Subling 400mcg S/F,0410030A0AAACAC,3,4.5696
27,M91003,Amiodarone HCl_Tab 200mg,0203020D0AAABAB,4,4.200000000000004
28,M91007,Amiodarone HCl_Tab 200mg,0203020D0AAABAB,12,4.200000000000004
29,M91011,Amiodarone HCl_Tab 200mg,0203020D0AAABAB,12,4.200000000000004
109,Y02901,Buprenorphine_Tab Subling 400mcg S/F,0410030A0AAACAC,1,4.1888000000000005
234,M91013,Pyridox HCl_Tab 50mg,0906024N0AAAIAI,1,3.830400000000001
110,Y02626,Buprenorphine_Tab Subling 400mcg S/F,0410030A0AAACAC,2,3.8080000000000003
111,Y02901,Buprenorphine_Tab Subling 400mcg S/F,0410030A0AAACAC,2,3.8080000000000003
154,M91004,Clonazepam_Tab 500mcg,0408010F0AAABAB,5,3.1639999999999935
113,M91021,Buprenorphine_Tab Subling 400mcg S/F,0410030A0AAACAC,4,3.0464
112,M91616,Buprenorphine_Tab Subling 400mcg S/F,0410030A0AAACAC,2,3.0464
115,M91033,Buprenorphine_Tab Subling 400mcg S/F,0410030A0AAACAC,4,3.0464
114,M91602,Buprenorphine_Tab Subling 400mcg S/F,0410030A0AAACAC,2,3.0464
240,M91009,Pyridox HCl_Tab 50mg,0906024N0AAAIAI,2,2.8728000000000007
239,Y00278,Pyridox HCl_Tab 50mg,0906024N0AAAIAI,1,2.8728000000000007
237,M91639,Pyridox HCl_Tab 50mg,0906024N0AAAIAI,1,2.8728000000000007
236,M91021,Pyridox HCl_Tab 50mg,0906024N0AAAIAI,1,2.8728000000000007
235,M91019,Pyridox HCl_Tab 50mg,0906024N0AAAIAI,2,2.8728000000000007
238,M91004,Pyridox HCl_Tab 50mg,0906024N0AAAIAI,2,2.8728000000000007
155,M91616,Clonazepam_Tab 500mcg,0408010F0AAABAB,1,2.847599999999994
30,M91019,Amiodarone HCl_Tab 200mg,0203020D0AAABAB,8,2.8000000000000025
31,M91021,Amiodarone HCl_Tab 200mg,0203020D0AAABAB,8,2.8000000000000025
32,M91650,Amiodarone HCl_Tab 200mg,0203020D0AAABAB,4,2.8000000000000025
33,M91007,Amiodarone HCl_Tab 200mg,0203020D0AAABAB,4,2.8000000000000025
116,M91034,Buprenorphine_Tab Subling 400mcg S/F,0410030A0AAACAC,1,2.72
157,M91623,Clonazepam_Tab 500mcg,0408010F0AAABAB,2,2.531199999999995
156,M91015,Clonazepam_Tab 500mcg,0408010F0AAABAB,2,2.531199999999995
265,M91640,Topiramate_Tab 200mg,040801050AAACAC,1,2.489999999999999
266,M91021,Topiramate_Tab 200mg,040801050AAACAC,1,2.489999999999999
36,M91017,Amiodarone HCl_Tab 200mg,0203020D0AAABAB,7,2.450000000000002
35,M91008,Amiodarone HCl_Tab 200mg,0203020D0AAABAB,7,2.450000000000002
34,M91004,Amiodarone HCl_Tab 200mg,0203020D0AAABAB,7,2.450000000000002
241,M91011,Pyridox HCl_Tab 50mg,0906024N0AAAIAI,5,2.3940000000000006
269,M91015,Topiramate_Tab 200mg,040801050AAACAC,1,2.3183999999999996
268,M91033,Topiramate_Tab 200mg,040801050AAACAC,1,2.3183999999999996
267,M91021,Topiramate_Tab 200mg,040801050AAACAC,1,2.3183999999999996
118,M91602,Buprenorphine_Tab Subling 400mcg S/F,0410030A0AAACAC,2,2.2848
119,Y02627,Buprenorphine_Tab Subling 400mcg S/F,0410030A0AAACAC,1,2.2848
120,M91660,Buprenorphine_Tab Subling 400mcg S/F,0410030A0AAACAC,2,2.2848
117,Y02901,Buprenorphine_Tab Subling 400mcg S/F,0410030A0AAACAC,2,2.2848
158,M91647,Clonazepam_Tab 500mcg,0408010F0AAABAB,1,2.2599999999999953
121,M91033,Buprenorphine_Tab Subling 400mcg S/F,0410030A0AAACAC,2,2.1138000000000012
37,M91010,Amiodarone HCl_Tab 200mg,0203020D0AAABAB,6,2.100000000000002
38,M91014,Amiodarone HCl_Tab 200mg,0203020D0AAABAB,3,2.100000000000002
39,M91614,Amiodarone HCl_Tab 200mg,0203020D0AAABAB,3,2.100000000000002
242,M91616,Pyridox HCl_Tab 50mg,0906024N0AAAIAI,1,1.9152000000000005
122,M91660,Buprenorphine_Tab Subling 400mcg S/F,0410030A0AAACAC,1,1.9040000000000001
166,M91003,Clonazepam_Tab 500mcg,0408010F0AAABAB,1,1.898399999999996
159,M91616,Clonazepam_Tab 500mcg,0408010F0AAABAB,1,1.898399999999996
160,M91010,Clonazepam_Tab 500mcg,0408010F0AAABAB,3,1.898399999999996
161,M91021,Clonazepam_Tab 500mcg,0408010F0AAABAB,3,1.898399999999996
162,M91010,Clonazepam_Tab 500mcg,0408010F0AAABAB,1,1.898399999999996
163,M91007,Clonazepam_Tab 500mcg,0408010F0AAABAB,3,1.898399999999996
164,M91017,Clonazepam_Tab 500mcg,0408010F0AAABAB,2,1.898399999999996
165,M91017,Clonazepam_Tab 500mcg,0408010F0AAABAB,3,1.898399999999996
40,M91028,Amiodarone HCl_Tab 200mg,0203020D0AAABAB,5,1.7500000000000016
41,M91611,Amiodarone HCl_Tab 200mg,0203020D0AAABAB,5,1.7500000000000016
42,Y02627,Amiodarone HCl_Tab 200mg,0203020D0AAABAB,5,1.7500000000000016
43,M91654,Amiodarone HCl_Tab 200mg,0203020D0AAABAB,5,1.7500000000000016
44,M91650,Amiodarone HCl_Tab 200mg,0203020D0AAABAB,5,1.7500000000000016
167,M91021,Clonazepam_Tab 500mcg,0408010F0AAABAB,5,1.5819999999999967
126,M91008,Buprenorphine_Tab Subling 400mcg S/F,0410030A0AAACAC,1,1.5232
125,M91013,Buprenorphine_Tab Subling 400mcg S/F,0410030A0AAACAC,2,1.5232
123,Y02901,Buprenorphine_Tab Subling 400mcg S/F,0410030A0AAACAC,4,1.5232
124,M91625,Buprenorphine_Tab Subling 400mcg S/F,0410030A0AAACAC,1,1.5232
243,M91021,Pyridox HCl_Tab 50mg,0906024N0AAAIAI,1,1.4364000000000003
244,M91650,Pyridox HCl_Tab 50mg,0906024N0AAAIAI,1,1.4364000000000003
245,M91639,Pyridox HCl_Tab 50mg,0906024N0AAAIAI,1,1.4364000000000003
246,M91017,Pyridox HCl_Tab 50mg,0906024N0AAAIAI,1,1.4364000000000003
52,M91660,Amiodarone HCl_Tab 200mg,0203020D0AAABAB,4,1.4000000000000012
54,M91637,Amiodarone HCl_Tab 200mg,0203020D0AAABAB,2,1.4000000000000012
48,M91009,Amiodarone HCl_Tab 200mg,0203020D0AAABAB,4,1.4000000000000012
49,M91011,Amiodarone HCl_Tab 200mg,0203020D0AAABAB,2,1.4000000000000012
50,M91641,Amiodarone HCl_Tab 200mg,0203020D0AAABAB,2,1.4000000000000012
51,M91013,Amiodarone HCl_Tab 200mg,0203020D0AAABAB,4,1.4000000000000012
45,M91624,Amiodarone HCl_Tab 200mg,0203020D0AAABAB,4,1.4000000000000012
53,Y02626,Amiodarone HCl_Tab 200mg,0203020D0AAABAB,4,1.4000000000000012
56,M91006,Amiodarone HCl_Tab 200mg,0203020D0AAABAB,4,1.4000000000000012
55,M91004,Amiodarone HCl_Tab 200mg,0203020D0AAABAB,2,1.4000000000000012
46,M91647,Amiodarone HCl_Tab 200mg,0203020D0AAABAB,2,1.4000000000000012
47,M91010,Amiodarone HCl_Tab 200mg,0203020D0AAABAB,2,1.4000000000000012
173,M91024,Clonazepam_Tab 500mcg,0408010F0AAABAB,1,1.2655999999999974
172,M91013,Clonazepam_Tab 500mcg,0408010F0AAABAB,1,1.2655999999999974
171,M91021,Clonazepam_Tab 500mcg,0408010F0AAABAB,1,1.2655999999999974
168,M91015,Clonazepam_Tab 500mcg,0408010F0AAABAB,2,1.2655999999999974
170,M91010,Clonazepam_Tab 500mcg,0408010F0AAABAB,4,1.2655999999999974
169,M91629,Clonazepam_Tab 500mcg,0408010F0AAABAB,4,1.2655999999999974
127,M91019,Buprenorphine_Tab Subling 400mcg S/F,0410030A0AAACAC,1,1.1424
128,M91033,Buprenorphine_Tab Subling 400mcg S/F,0410030A0AAACAC,1,1.1424
129,M91013,Buprenorphine_Tab Subling 400mcg S/F,0410030A0AAACAC,1,1.1424
177,M91017,Clonazepam_Tab 500mcg,0408010F0AAABAB,1,1.1299999999999977
176,M91008,Clonazepam_Tab 500mcg,0408010F0AAABAB,1,1.1299999999999977
174,M91019,Clonazepam_Tab 500mcg,0408010F0AAABAB,1,1.1299999999999977
178,M91009,Clonazepam_Tab 500mcg,0408010F0AAABAB,1,1.1299999999999977
175,M91016,Clonazepam_Tab 500mcg,0408010F0AAABAB,1,1.1299999999999977
130,M91013,Buprenorphine_Tab Subling 400mcg S/F,0410030A0AAACAC,1,1.0569000000000006
131,Y02901,Buprenorphine_Tab Subling 400mcg S/F,0410030A0AAACAC,1,1.0569000000000006
57,M91017,Amiodarone HCl_Tab 200mg,0203020D0AAABAB,1,1.050000000000001
62,M91009,Amiodarone HCl_Tab 200mg,0203020D0AAABAB,1,1.050000000000001
61,M91647,Amiodarone HCl_Tab 200mg,0203020D0AAABAB,3,1.050000000000001
63,M91029,Amiodarone HCl_Tab 200mg,0203020D0AAABAB,3,1.050000000000001
64,M91637,Amiodarone HCl_Tab 200mg,0203020D0AAABAB,3,1.050000000000001
60,Y02627,Amiodarone HCl_Tab 200mg,0203020D0AAABAB,1,1.050000000000001
59,M91034,Amiodarone HCl_Tab 200mg,0203020D0AAABAB,3,1.050000000000001
58,M91034,Amiodarone HCl_Tab 200mg,0203020D0AAABAB,1,1.050000000000001
179,M91033,Clonazepam_Tab 500mcg,0408010F0AAABAB,1,1.016999999999998
132,M91033,Buprenorphine_Tab Subling 400mcg S/F,0410030A0AAACAC,1,0.9792000000000001
133,Y02901,Buprenorphine_Tab Subling 400mcg S/F,0410030A0AAACAC,1,0.9792000000000001
250,M91017,Pyridox HCl_Tab 50mg,0906024N0AAAIAI,1,0.9576000000000002
251,M91021,Pyridox HCl_Tab 50mg,0906024N0AAAIAI,1,0.9576000000000002
252,M91019,Pyridox HCl_Tab 50mg,0906024N0AAAIAI,1,0.9576000000000002
253,M91626,Pyridox HCl_Tab 50mg,0906024N0AAAIAI,1,0.9576000000000002
247,M91013,Pyridox HCl_Tab 50mg,0906024N0AAAIAI,2,0.9576000000000002
249,M91612,Pyridox HCl_Tab 50mg,0906024N0AAAIAI,1,0.9576000000000002
248,Y02626,Pyridox HCl_Tab 50mg,0906024N0AAAIAI,2,0.9576000000000002
134,Y02901,Buprenorphine_Tab Subling 400mcg S/F,0410030A0AAACAC,1,0.9520000000000001
185,M91626,Clonazepam_Tab 500mcg,0408010F0AAABAB,1,0.949199999999998
184,M91021,Clonazepam_Tab 500mcg,0408010F0AAABAB,1,0.949199999999998
183,M91013,Clonazepam_Tab 500mcg,0408010F0AAABAB,3,0.949199999999998
182,Y02627,Clonazepam_Tab 500mcg,0408010F0AAABAB,1,0.949199999999998
181,M91616,Clonazepam_Tab 500mcg,0408010F0AAABAB,1,0.949199999999998
180,M91016,Clonazepam_Tab 500mcg,0408010F0AAABAB,1,0.949199999999998
135,M91643,Buprenorphine_Tab Subling 400mcg S/F,0410030A0AAACAC,2,0.7616
136,M91602,Buprenorphine_Tab Subling 400mcg S/F,0410030A0AAACAC,1,0.7616
137,M91602,Buprenorphine_Tab Subling 400mcg S/F,0410030A0AAACAC,1,0.7046000000000003
138,Y02901,Buprenorphine_Tab Subling 400mcg S/F,0410030A0AAACAC,1,0.7046000000000003
86,M91009,Amiodarone HCl_Tab 200mg,0203020D0AAABAB,1,0.7000000000000006
85,M91024,Amiodarone HCl_Tab 200mg,0203020D0AAABAB,2,0.7000000000000006
84,M91014,Amiodarone HCl_Tab 200mg,0203020D0AAABAB,2,0.7000000000000006
67,M91018,Amiodarone HCl_Tab 200mg,0203020D0AAABAB,2,0.7000000000000006
80,M91036,Amiodarone HCl_Tab 200mg,0203020D0AAABAB,2,0.7000000000000006
83,M91639,Amiodarone HCl_Tab 200mg,0203020D0AAABAB,1,0.7000000000000006
82,M91623,Amiodarone HCl_Tab 200mg,0203020D0AAABAB,1,0.7000000000000006
81,M91660,Amiodarone HCl_Tab 200mg,0203020D0AAABAB,1,0.7000000000000006
88,Y00278,Amiodarone HCl_Tab 200mg,0203020D0AAABAB,1,0.7000000000000006
79,M91015,Amiodarone HCl_Tab 200mg,0203020D0AAABAB,2,0.7000000000000006
68,M91654,Amiodarone HCl_Tab 200mg,0203020D0AAABAB,1,0.7000000000000006
87,M91033,Amiodarone HCl_Tab 200mg,0203020D0AAABAB,1,0.7000000000000006
89,M91626,Amiodarone HCl_Tab 200mg,0203020D0AAABAB,1,0.7000000000000006
74,M91655,Amiodarone HCl_Tab 200mg,0203020D0AAABAB,2,0.7000000000000006
69,M91003,Amiodarone HCl_Tab 200mg,0203020D0AAABAB,2,0.7000000000000006
70,M91623,Amiodarone HCl_Tab 200mg,0203020D0AAABAB,2,0.7000000000000006
71,M91640,Amiodarone HCl_Tab 200mg,0203020D0AAABAB,2,0.7000000000000006
72,M91614,Amiodarone HCl_Tab 200mg,0203020D0AAABAB,2,0.7000000000000006
66,M91628,Amiodarone HCl_Tab 200mg,0203020D0AAABAB,1,0.7000000000000006
65,M91616,Amiodarone HCl_Tab 200mg,0203020D0AAABAB,1,0.7000000000000006
73,M91034,Amiodarone HCl_Tab 200mg,0203020D0AAABAB,1,0.7000000000000006
75,M91020,Amiodarone HCl_Tab 200mg,0203020D0AAABAB,2,0.7000000000000006
78,M91016,Amiodarone HCl_Tab 200mg,0203020D0AAABAB,1,0.7000000000000006
76,M91612,Amiodarone HCl_Tab 200mg,0203020D0AAABAB,2,0.7000000000000006
77,M91032,Amiodarone HCl_Tab 200mg,0203020D0AAABAB,1,0.7000000000000006
186,M91015,Clonazepam_Tab 500mcg,0408010F0AAABAB,2,0.6779999999999986
139,Y02901,Buprenorphine_Tab Subling 400mcg S/F,0410030A0AAACAC,1,0.6576000000000002
204,M91019,Clonazepam_Tab 500mcg,0408010F0AAABAB,1,0.6327999999999987
196,M91013,Clonazepam_Tab 500mcg,0408010F0AAABAB,1,0.6327999999999987
206,M91654,Clonazepam_Tab 500mcg,0408010F0AAABAB,2,0.6327999999999987
203,M91008,Clonazepam_Tab 500mcg,0408010F0AAABAB,2,0.6327999999999987
205,M91640,Clonazepam_Tab 500mcg,0408010F0AAABAB,4,0.6327999999999987
202,M91034,Clonazepam_Tab 500mcg,0408010F0AAABAB,1,0.6327999999999987
201,M91611,Clonazepam_Tab 500mcg,0408010F0AAABAB,1,0.6327999999999987
200,M91020,Clonazepam_Tab 500mcg,0408010F0AAABAB,1,0.6327999999999987
199,M91016,Clonazepam_Tab 500mcg,0408010F0AAABAB,2,0.6327999999999987
198,M91028,Clonazepam_Tab 500mcg,0408010F0AAABAB,2,0.6327999999999987
197,M91614,Clonazepam_Tab 500mcg,0408010F0AAABAB,2,0.6327999999999987
188,M91637,Clonazepam_Tab 500mcg,0408010F0AAABAB,1,0.6327999999999987
195,Y02627,Clonazepam_Tab 500mcg,0408010F0AAABAB,2,0.6327999999999987
194,M91616,Clonazepam_Tab 500mcg,0408010F0AAABAB,1,0.6327999999999987
193,M91626,Clonazepam_Tab 500mcg,0408010F0AAABAB,1,0.6327999999999987
192,Y02626,Clonazepam_Tab 500mcg,0408010F0AAABAB,2,0.6327999999999987
191,M91650,Clonazepam_Tab 500mcg,0408010F0AAABAB,2,0.6327999999999987
190,M91009,Clonazepam_Tab 500mcg,0408010F0AAABAB,1,0.6327999999999987
189,M91647,Clonazepam_Tab 500mcg,0408010F0AAABAB,1,0.6327999999999987
187,M91650,Clonazepam_Tab 500mcg,0408010F0AAABAB,4,0.6327999999999987
90,M91621,Amiodarone HCl_Tab 200mg,0203020D0AAABAB,7,0.5929
140,M91019,Buprenorphine_Tab Subling 400mcg S/F,0410030A0AAACAC,1,0.5712
207,M91010,Clonazepam_Tab 500mcg,0408010F0AAABAB,1,0.5699999999999983
271,M91036,Omeprazole_Cap E/C 20mg,0103050P0AAAAAA,111,0.5438999999999994
254,M91650,Pyridox HCl_Tab 50mg,0906024N0AAAIAI,1,0.5130000000000001
91,M91625,Amiodarone HCl_Tab 200mg,0203020D0AAABAB,6,0.5082
92,M91032,Amiodarone HCl_Tab 200mg,0203020D0AAABAB,6,0.5082
257,M91007,Pyridox HCl_Tab 50mg,0906024N0AAAIAI,4,0.4788000000000001
258,M91015,Pyridox HCl_Tab 50mg,0906024N0AAAIAI,1,0.4788000000000001
256,M91028,Pyridox HCl_Tab 50mg,0906024N0AAAIAI,1,0.4788000000000001
255,M91006,Pyridox HCl_Tab 50mg,0906024N0AAAIAI,1,0.4788000000000001
208,M91621,Clonazepam_Tab 500mcg,0408010F0AAABAB,5,0.3954999999999992
142,M91602,Buprenorphine_Tab Subling 400mcg S/F,0410030A0AAACAC,1,0.3808
141,Y02627,Buprenorphine_Tab Subling 400mcg S/F,0410030A0AAACAC,1,0.3808
98,M91032,Amiodarone HCl_Tab 200mg,0203020D0AAABAB,1,0.3500000000000003
97,M91033,Amiodarone HCl_Tab 200mg,0203020D0AAABAB,1,0.3500000000000003
96,Y00278,Amiodarone HCl_Tab 200mg,0203020D0AAABAB,1,0.3500000000000003
95,M91639,Amiodarone HCl_Tab 200mg,0203020D0AAABAB,1,0.3500000000000003
93,M91641,Amiodarone HCl_Tab 200mg,0203020D0AAABAB,1,0.3500000000000003
94,M91616,Amiodarone HCl_Tab 200mg,0203020D0AAABAB,1,0.3500000000000003
210,M91008,Clonazepam_Tab 500mcg,0408010F0AAABAB,1,0.3389999999999993
209,M91011,Clonazepam_Tab 500mcg,0408010F0AAABAB,1,0.3389999999999993
101,M91024,Amiodarone HCl_Tab 200mg,0203020D0AAABAB,4,0.3388
100,M91611,Amiodarone HCl_Tab 200mg,0203020D0AAABAB,4,0.3388
99,M91008,Amiodarone HCl_Tab 200mg,0203020D0AAABAB,4,0.3388
143,M91619,Buprenorphine_Tab Subling 400mcg S/F,0410030A0AAACAC,1,0.3228000000000001
144,M91602,Buprenorphine_Tab Subling 400mcg S/F,0410030A0AAACAC,1,0.3228000000000001
221,M91637,Clonazepam_Tab 500mcg,0408010F0AAABAB,1,0.31639999999999935
220,M91029,Clonazepam_Tab 500mcg,0408010F0AAABAB,4,0.31639999999999935
218,M91621,Clonazepam_Tab 500mcg,0408010F0AAABAB,1,0.31639999999999935
217,M91004,Clonazepam_Tab 500mcg,0408010F0AAABAB,1,0.31639999999999935
216,M91609,Clonazepam_Tab 500mcg,0408010F0AAABAB,1,0.31639999999999935
215,M91602,Clonazepam_Tab 500mcg,0408010F0AAABAB,1,0.31639999999999935
214,M91029,Clonazepam_Tab 500mcg,0408010F0AAABAB,1,0.31639999999999935
213,M91019,Clonazepam_Tab 500mcg,0408010F0AAABAB,1,0.31639999999999935
212,M91624,Clonazepam_Tab 500mcg,0408010F0AAABAB,4,0.31639999999999935
211,M91626,Clonazepam_Tab 500mcg,0408010F0AAABAB,1,0.31639999999999935
219,M91602,Clonazepam_Tab 500mcg,0408010F0AAABAB,4,0.31639999999999935
222,M91612,Clonazepam_Tab 500mcg,0408010F0AAABAB,1,0.252999999999999
223,M91028,Clonazepam_Tab 500mcg,0408010F0AAABAB,1,0.2372999999999995
272,M91010,Omeprazole_Cap E/C 20mg,0103050P0AAAAAA,48,0.23519999999999974
273,M91621,Omeprazole_Cap E/C 20mg,0103050P0AAAAAA,47,0.23029999999999975
274,M91011,Omeprazole_Cap E/C 20mg,0103050P0AAAAAA,41,0.20089999999999977
145,M91643,Buprenorphine_Tab Subling 400mcg S/F,0410030A0AAACAC,1,0.1904
275,M91009,Omeprazole_Cap E/C 20mg,0103050P0AAAAAA,36,0.1763999999999998
102,M91654,Amiodarone HCl_Tab 200mg,0203020D0AAABAB,2,0.1694
228,M91621,Clonazepam_Tab 500mcg,0408010F0AAABAB,1,0.15819999999999967
224,Y02627,Clonazepam_Tab 500mcg,0408010F0AAABAB,1,0.15819999999999967
229,M91660,Clonazepam_Tab 500mcg,0408010F0AAABAB,1,0.15819999999999967
227,M91008,Clonazepam_Tab 500mcg,0408010F0AAABAB,1,0.15819999999999967
226,M91021,Clonazepam_Tab 500mcg,0408010F0AAABAB,1,0.15819999999999967
225,M91602,Clonazepam_Tab 500mcg,0408010F0AAABAB,1,0.15819999999999967
276,M91008,Omeprazole_Cap E/C 20mg,0103050P0AAAAAA,24,0.11759999999999987
277,M91611,Omeprazole_Cap E/C 20mg,0103050P0AAAAAA,24,0.11759999999999987
230,M91010,Clonazepam_Tab 500mcg,0408010F0AAABAB,1,0.11599999999999999
278,Y02627,Omeprazole_Cap E/C 20mg,0103050P0AAAAAA,22,0.10779999999999988
279,M91019,Omeprazole_Cap E/C 20mg,0103050P0AAAAAA,18,0.0881999999999999
280,M91007,Omeprazole_Cap E/C 20mg,0103050P0AAAAAA,18,0.0881999999999999
103,M91006,Amiodarone HCl_Tab 200mg,0203020D0AAABAB,1,0.0847
282,M91014,Omeprazole_Cap E/C 20mg,0103050P0AAAAAA,16,0.07839999999999991
281,M91624,Omeprazole_Cap E/C 20mg,0103050P0AAAAAA,16,0.07839999999999991
283,M91018,Omeprazole_Cap E/C 20mg,0103050P0AAAAAA,15,0.07349999999999993
284,M91650,Omeprazole_Cap E/C 20mg,0103050P0AAAAAA,13,0.06369999999999992
285,M91613,Omeprazole_Cap E/C 20mg,0103050P0AAAAAA,12,0.058799999999999936
286,M91639,Omeprazole_Cap E/C 20mg,0103050P0AAAAAA,11,0.05389999999999994
287,M91029,Omeprazole_Cap E/C 20mg,0103050P0AAAAAA,10,0.048999999999999946
288,M91024,Omeprazole_Cap E/C 20mg,0103050P0AAAAAA,9,0.04409999999999995
292,M91626,Omeprazole_Cap E/C 20mg,0103050P0AAAAAA,8,0.03919999999999996
293,M91602,Omeprazole_Cap E/C 20mg,0103050P0AAAAAA,8,0.03919999999999996
291,M91020,Omeprazole_Cap E/C 20mg,0103050P0AAAAAA,8,0.03919999999999996
290,Y03432,Omeprazole_Cap E/C 20mg,0103050P0AAAAAA,8,0.03919999999999996
289,M91641,Omeprazole_Cap E/C 20mg,0103050P0AAAAAA,8,0.03919999999999996
294,M91004,Omeprazole_Cap E/C 20mg,0103050P0AAAAAA,7,0.03429999999999996
296,M91625,Omeprazole_Cap E/C 20mg,0103050P0AAAAAA,6,0.029399999999999968
295,M91028,Omeprazole_Cap E/C 20mg,0103050P0AAAAAA,6,0.029399999999999968
297,M91647,Omeprazole_Cap E/C 20mg,0103050P0AAAAAA,5,0.024499999999999973
298,M91032,Omeprazole_Cap E/C 20mg,0103050P0AAAAAA,5,0.024499999999999973
104,M91007,Amiodarone HCl_Tab 200mg,0203020D0AAABAB,2,0.02140000000000003
300,M91006,Omeprazole_Cap E/C 20mg,0103050P0AAAAAA,4,0.01959999999999998
299,M91619,Omeprazole_Cap E/C 20mg,0103050P0AAAAAA,4,0.01959999999999998
302,M91015,Omeprazole_Cap E/C 20mg,0103050P0AAAAAA,4,0.01959999999999998
301,M91026,Omeprazole_Cap E/C 20mg,0103050P0AAAAAA,4,0.01959999999999998
303,M91021,Omeprazole_Cap E/C 20mg,0103050P0AAAAAA,3,0.014699999999999984
13,M91004,Mesalazine_Tab E/C 400mg,0105010B0AAAAAA,1,0.005599999999999383
305,M91655,Omeprazole_Cap E/C 20mg,0103050P0AAAAAA,1,0.004899999999999995
304,M91628,Omeprazole_Cap E/C 20mg,0103050P0AAAAAA,1,0.004899999999999995
306,M91008,Omeprazole_Cap E/C 20mg,0103050P0AAAAAA,1,0.0048999999999998
146,Y02901,Buprenorphine_Tab Subling 400mcg S/F,0410030A0AAACAC,1,0.0048000000000001375
307,M91028,Omeprazole_Cap E/C 20mg,0103050P0AAAAAA,1,0.004199999999999975
308,M91647,Omeprazole_Cap E/C 20mg,0103050P0AAAAAA,1,0.0034999999999998574
309,M91629,Omeprazole_Cap E/C 20mg,0103050P0AAAAAA,2,0.0029999999999998778
310,M91616,Omeprazole_Cap E/C 20mg,0103050P0AAAAAA,1,0.0029999999999998778
311,M91660,Omeprazole_Cap E/C 20mg,0103050P0AAAAAA,1,0.0029999999999998778
312,M91003,Omeprazole_Cap E/C 20mg,0103050P0AAAAAA,5,0.002499999999999898
313,M91029,Omeprazole_Cap E/C 20mg,0103050P0AAAAAA,1,0.0023999999999999855
314,Y02626,Omeprazole_Cap E/C 20mg,0103050P0AAAAAA,1,0.0023999999999999855
315,Y02627,Omeprazole_Cap E/C 20mg,0103050P0AAAAAA,1,0.0014999999999999389
316,M91028,Omeprazole_Cap E/C 20mg,0103050P0AAAAAA,1,0.0004999999999999796
317,M91647,Omeprazole_Cap E/C 20mg,0103050P0AAAAAA,1,0.0004999999999999796
147,Y02901,Buprenorphine_Tab Subling 400mcg S/F,0410030A0AAACAC,1,-0.0025999999999997137
148,M91602,Buprenorphine_Tab Subling 400mcg S/F,0410030A0AAACAC,1,-0.0025999999999997137
318,M91021,Omeprazole_Cap E/C 20mg,0103050P0AAAAAA,2,-0.0032000000000000084
149,M91602,Buprenorphine_Tab Subling 400mcg S/F,0410030A0AAACAC,1,-0.0035999999999999366
150,M91619,Buprenorphine_Tab Subling 400mcg S/F,0410030A0AAACAC,1,-0.0035999999999999366
152,Y02901,Buprenorphine_Tab Subling 400mcg S/F,0410030A0AAACAC,1,-0.0038999999999995705
151,M91013,Buprenorphine_Tab Subling 400mcg S/F,0410030A0AAACAC,1,-0.0038999999999995705
319,M91007,Omeprazole_Cap E/C 20mg,0103050P0AAAAAA,1,-0.004600000000000132
320,M91010,Omeprazole_Cap E/C 20mg,0103050P0AAAAAA,1,-0.005000000000000143
321,M91007,Omeprazole_Cap E/C 20mg,0103050P0AAAAAA,1,-0.006000000000000172
153,M91033,Buprenorphine_Tab Subling 400mcg S/F,0410030A0AAACAC,2,-0.007799999999999141
14,M91017,Mesalazine_Tab E/C 400mg,0105010B0AAAAAA,1,-0.011999999999998678
322,M91613,Omeprazole_Cap E/C 20mg,0103050P0AAAAAA,1,-0.012000000000000344
324,M91015,Omeprazole_Cap E/C 20mg,0103050P0AAAAAA,2,-0.012000000000000344
323,M91616,Omeprazole_Cap E/C 20mg,0103050P0AAAAAA,2,-0.012000000000000344
325,M91004,Omeprazole_Cap E/C 20mg,0103050P0AAAAAA,1,-0.014800000000000424
15,M91004,Mesalazine_Tab E/C 400mg,0105010B0AAAAAA,1,-7.9799999999999995
16,M91004,Mesalazine_Tab E/C 400mg,0105010B0AAAAAA,1,-15.971199999999998
17,M91011,Mesalazine_Tab E/C 400mg,0105010B0AAAAAA,1,-15.971199999999998
18,M91611,Mesalazine_Tab E/C 400mg,0105010B0AAAAAA,1,-17.112
20,M91612,Mesalazine_Tab E/C 400mg,0105010B0AAAAAA,1,-23.956799999999998
19,M91616,Mesalazine_Tab E/C 400mg,0105010B0AAAAAA,1,-23.956799999999998
22,M91021,Mesalazine_Tab E/C 400mg,0105010B0AAAAAA,1,-25.667999999999996
21,M91032,Mesalazine_Tab E/C 400mg,0105010B0AAAAAA,1,-25.667999999999996
23,M91004,Mesalazine_Tab E/C 400mg,0105010B0AAAAAA,2,-31.94239999999999
24,M91019,Mesalazine_Tab E/C 400mg,0105010B0AAAAAA,1,-34.224
25,M91029,Mesalazine_Tab E/C 400mg,0105010B0AAAAAA,1,-71.87039999999999
