,practice_code,bnf_description,bnf_code,items,excess_cost
0,M84005,Mesalazine_Tab E/C 400mg,0105010B0AAAAAA,1,47.913599999999995
125,M84041,Risperidone_Tab 6mg,040201030AAAFAF,1,29.2096
126,M84001,Risperidone_Tab 6mg,040201030AAAFAF,1,29.2096
1,M84615,Mesalazine_Tab E/C 400mg,0105010B0AAAAAA,1,23.956799999999998
2,M84051,Mesalazine_Tab E/C 400mg,0105010B0AAAAAA,1,23.956799999999998
3,M84051,Mesalazine_Tab E/C 400mg,0105010B0AAAAAA,3,23.94
375,M84011,Amitriptyline HCl_Tab 50mg,0403010B0AAAIAI,4,18.648000000000003
4,M84615,Mesalazine_Tab E/C 400mg,0105010B0AAAAAA,1,15.971199999999998
127,M84008,Valsartan_Tab 40mg,0205052V0AAADAD,2,15.344000000000001
5,M84006,Mesalazine_Tab E/C 400mg,0105010B0AAAAAA,1,12.833999999999998
6,M84007,Mesalazine_Tab E/C 400mg,0105010B0AAAAAA,1,12.833999999999998
8,M84007,Mesalazine_Tab E/C 400mg,0105010B0AAAAAA,1,11.978399999999999
7,Y04882,Mesalazine_Tab E/C 400mg,0105010B0AAAAAA,1,11.978399999999999
244,M84006,Paracet_Tab 500mg,0407010H0AAAMAM,135,10.80000000000003
245,M84006,Paracet_Tab 500mg,0407010H0AAAMAM,135,10.80000000000003
9,M84034,Mesalazine_Tab E/C 400mg,0105010B0AAAAAA,1,8.556
10,M84055,Mesalazine_Tab E/C 400mg,0105010B0AAAAAA,1,7.985599999999999
13,M84061,Clonazepam_Tab 500mcg,0408010F0AAABAB,10,6.327999999999987
361,M84008,Pyridox HCl_Tab 50mg,0906024N0AAAIAI,2,5.130000000000001
15,M84011,Clonazepam_Tab 500mcg,0408010F0AAABAB,8,5.06239999999999
14,M84022,Clonazepam_Tab 500mcg,0408010F0AAABAB,4,5.06239999999999
354,M84011,Topiramate_Tab 200mg,040801050AAACAC,2,4.979999999999998
356,M84042,Topiramate_Tab 200mg,040801050AAACAC,2,4.636799999999999
355,M84041,Topiramate_Tab 200mg,040801050AAACAC,2,4.636799999999999
16,M84001,Clonazepam_Tab 500mcg,0408010F0AAABAB,7,4.429599999999991
247,M84001,Paracet_Tab 500mg,0407010H0AAAMAM,105,4.200000000000047
246,M84001,Paracet_Tab 500mg,0407010H0AAAMAM,105,4.200000000000047
137,M84011,Amiodarone HCl_Tab 200mg,0203020D0AAABAB,11,3.850000000000003
131,M84061,Valsartan_Tab 40mg,0205052V0AAADAD,1,3.8360000000000003
130,M84019,Valsartan_Tab 40mg,0205052V0AAADAD,1,3.8360000000000003
129,M84037,Valsartan_Tab 40mg,0205052V0AAADAD,1,3.8360000000000003
128,M84609,Valsartan_Tab 40mg,0205052V0AAADAD,1,3.8360000000000003
17,M84011,Clonazepam_Tab 500mcg,0408010F0AAABAB,4,3.796799999999992
18,M84051,Clonazepam_Tab 500mcg,0408010F0AAABAB,2,3.796799999999992
138,M84042,Amiodarone HCl_Tab 200mg,0203020D0AAABAB,10,3.500000000000003
19,M84001,Clonazepam_Tab 500mcg,0408010F0AAABAB,10,3.1639999999999935
20,M84037,Clonazepam_Tab 500mcg,0408010F0AAABAB,5,3.1639999999999935
139,M84019,Amiodarone HCl_Tab 200mg,0203020D0AAABAB,9,3.150000000000003
362,M84042,Pyridox HCl_Tab 50mg,0906024N0AAAIAI,6,2.8728000000000007
21,M84615,Clonazepam_Tab 500mcg,0408010F0AAABAB,9,2.847599999999994
22,M84003,Clonazepam_Tab 500mcg,0408010F0AAABAB,1,2.7119999999999944
27,M84051,Clonazepam_Tab 500mcg,0408010F0AAABAB,2,2.531199999999995
23,M84019,Clonazepam_Tab 500mcg,0408010F0AAABAB,2,2.531199999999995
25,M84051,Clonazepam_Tab 500mcg,0408010F0AAABAB,1,2.531199999999995
24,M84011,Clonazepam_Tab 500mcg,0408010F0AAABAB,2,2.531199999999995
26,M84019,Clonazepam_Tab 500mcg,0408010F0AAABAB,4,2.531199999999995
359,M84051,Topiramate_Tab 200mg,040801050AAACAC,1,2.489999999999999
358,M84041,Topiramate_Tab 200mg,040801050AAACAC,1,2.489999999999999
357,M84001,Topiramate_Tab 200mg,040801050AAACAC,1,2.489999999999999
360,M84019,Topiramate_Tab 200mg,040801050AAACAC,1,2.3183999999999996
28,M84008,Clonazepam_Tab 500mcg,0408010F0AAABAB,1,2.2599999999999953
29,M84007,Clonazepam_Tab 500mcg,0408010F0AAABAB,1,2.2599999999999953
30,M84011,Clonazepam_Tab 500mcg,0408010F0AAABAB,7,2.2147999999999954
140,M84037,Amiodarone HCl_Tab 200mg,0203020D0AAABAB,6,2.100000000000002
141,Y04884,Amiodarone HCl_Tab 200mg,0203020D0AAABAB,6,2.100000000000002
142,M84041,Amiodarone HCl_Tab 200mg,0203020D0AAABAB,6,2.100000000000002
143,M84001,Amiodarone HCl_Tab 200mg,0203020D0AAABAB,6,2.100000000000002
31,M84011,Clonazepam_Tab 500mcg,0408010F0AAABAB,3,2.033999999999996
160,M84019,Co-Codamol_Cap 8mg/500mg,0407010F0AAABAB,12,1.9200000000000217
161,M84019,Co-Codamol_Cap 8mg/500mg,0407010F0AAABAB,12,1.9200000000000217
132,M84609,Valsartan_Tab 40mg,0205052V0AAADAD,1,1.9180000000000001
133,M84006,Valsartan_Tab 40mg,0205052V0AAADAD,1,1.9180000000000001
134,M84006,Valsartan_Tab 40mg,0205052V0AAADAD,2,1.9180000000000001
135,M84042,Valsartan_Tab 40mg,0205052V0AAADAD,1,1.9180000000000001
363,M84005,Pyridox HCl_Tab 50mg,0906024N0AAAIAI,1,1.9152000000000005
43,M84037,Clonazepam_Tab 500mcg,0408010F0AAABAB,1,1.898399999999996
36,M84019,Clonazepam_Tab 500mcg,0408010F0AAABAB,2,1.898399999999996
42,M84007,Clonazepam_Tab 500mcg,0408010F0AAABAB,1,1.898399999999996
41,M84618,Clonazepam_Tab 500mcg,0408010F0AAABAB,2,1.898399999999996
40,M84003,Clonazepam_Tab 500mcg,0408010F0AAABAB,2,1.898399999999996
39,M84007,Clonazepam_Tab 500mcg,0408010F0AAABAB,2,1.898399999999996
38,M84037,Clonazepam_Tab 500mcg,0408010F0AAABAB,6,1.898399999999996
37,M84061,Clonazepam_Tab 500mcg,0408010F0AAABAB,2,1.898399999999996
35,M84627,Clonazepam_Tab 500mcg,0408010F0AAABAB,3,1.898399999999996
34,M84041,Clonazepam_Tab 500mcg,0408010F0AAABAB,3,1.898399999999996
33,M84055,Clonazepam_Tab 500mcg,0408010F0AAABAB,3,1.898399999999996
32,M84042,Clonazepam_Tab 500mcg,0408010F0AAABAB,3,1.898399999999996
44,M84627,Clonazepam_Tab 500mcg,0408010F0AAABAB,1,1.898399999999996
144,M84006,Amiodarone HCl_Tab 200mg,0203020D0AAABAB,5,1.7500000000000016
163,M84011,Co-Codamol_Cap 8mg/500mg,0407010F0AAABAB,10,1.600000000000018
162,M84011,Co-Codamol_Cap 8mg/500mg,0407010F0AAABAB,10,1.600000000000018
46,M84003,Clonazepam_Tab 500mcg,0408010F0AAABAB,5,1.5819999999999967
48,M84007,Clonazepam_Tab 500mcg,0408010F0AAABAB,5,1.5819999999999967
45,M84011,Clonazepam_Tab 500mcg,0408010F0AAABAB,1,1.5819999999999967
47,M84609,Clonazepam_Tab 500mcg,0408010F0AAABAB,5,1.5819999999999967
364,M84051,Pyridox HCl_Tab 50mg,0906024N0AAAIAI,1,1.4364000000000003
365,M84055,Pyridox HCl_Tab 50mg,0906024N0AAAIAI,1,1.4364000000000003
366,M84042,Pyridox HCl_Tab 50mg,0906024N0AAAIAI,1,1.4364000000000003
146,M84615,Amiodarone HCl_Tab 200mg,0203020D0AAABAB,4,1.4000000000000012
145,M84008,Amiodarone HCl_Tab 200mg,0203020D0AAABAB,4,1.4000000000000012
50,M84051,Clonazepam_Tab 500mcg,0408010F0AAABAB,2,1.3559999999999972
49,M84008,Clonazepam_Tab 500mcg,0408010F0AAABAB,1,1.3559999999999972
55,M84618,Clonazepam_Tab 500mcg,0408010F0AAABAB,2,1.2655999999999974
58,M84003,Clonazepam_Tab 500mcg,0408010F0AAABAB,2,1.2655999999999974
59,M84006,Clonazepam_Tab 500mcg,0408010F0AAABAB,4,1.2655999999999974
60,M84061,Clonazepam_Tab 500mcg,0408010F0AAABAB,1,1.2655999999999974
61,M84022,Clonazepam_Tab 500mcg,0408010F0AAABAB,4,1.2655999999999974
62,M84007,Clonazepam_Tab 500mcg,0408010F0AAABAB,1,1.2655999999999974
63,M84609,Clonazepam_Tab 500mcg,0408010F0AAABAB,1,1.2655999999999974
54,M84034,Clonazepam_Tab 500mcg,0408010F0AAABAB,1,1.2655999999999974
57,M84022,Clonazepam_Tab 500mcg,0408010F0AAABAB,2,1.2655999999999974
56,M84627,Clonazepam_Tab 500mcg,0408010F0AAABAB,1,1.2655999999999974
51,M84005,Clonazepam_Tab 500mcg,0408010F0AAABAB,2,1.2655999999999974
52,M84061,Clonazepam_Tab 500mcg,0408010F0AAABAB,4,1.2655999999999974
53,M84007,Clonazepam_Tab 500mcg,0408010F0AAABAB,2,1.2655999999999974
66,M84042,Clonazepam_Tab 500mcg,0408010F0AAABAB,1,1.1299999999999977
67,M84037,Clonazepam_Tab 500mcg,0408010F0AAABAB,1,1.1299999999999977
64,M84034,Clonazepam_Tab 500mcg,0408010F0AAABAB,1,1.1299999999999977
65,M84051,Clonazepam_Tab 500mcg,0408010F0AAABAB,1,1.1299999999999977
165,M84001,Co-Codamol_Cap 8mg/500mg,0407010F0AAABAB,3,0.9600000000000108
164,M84001,Co-Codamol_Cap 8mg/500mg,0407010F0AAABAB,3,0.9600000000000108
136,M84006,Valsartan_Tab 40mg,0205052V0AAADAD,2,0.9590000000000001
367,M84627,Pyridox HCl_Tab 50mg,0906024N0AAAIAI,2,0.9576000000000002
368,M84011,Pyridox HCl_Tab 50mg,0906024N0AAAIAI,1,0.9576000000000002
369,M84051,Pyridox HCl_Tab 50mg,0906024N0AAAIAI,1,0.9576000000000002
74,M84627,Clonazepam_Tab 500mcg,0408010F0AAABAB,1,0.949199999999998
81,M84061,Clonazepam_Tab 500mcg,0408010F0AAABAB,2,0.949199999999998
76,M84037,Clonazepam_Tab 500mcg,0408010F0AAABAB,1,0.949199999999998
80,M84022,Clonazepam_Tab 500mcg,0408010F0AAABAB,1,0.949199999999998
77,M84051,Clonazepam_Tab 500mcg,0408010F0AAABAB,3,0.949199999999998
82,M84008,Clonazepam_Tab 500mcg,0408010F0AAABAB,1,0.949199999999998
83,Y04969,Clonazepam_Tab 500mcg,0408010F0AAABAB,2,0.949199999999998
84,M84034,Clonazepam_Tab 500mcg,0408010F0AAABAB,1,0.949199999999998
85,M84022,Clonazepam_Tab 500mcg,0408010F0AAABAB,2,0.949199999999998
75,M84041,Clonazepam_Tab 500mcg,0408010F0AAABAB,1,0.949199999999998
78,M84001,Clonazepam_Tab 500mcg,0408010F0AAABAB,2,0.949199999999998
73,M84008,Clonazepam_Tab 500mcg,0408010F0AAABAB,3,0.949199999999998
72,M84042,Clonazepam_Tab 500mcg,0408010F0AAABAB,1,0.949199999999998
71,M84612,Clonazepam_Tab 500mcg,0408010F0AAABAB,3,0.949199999999998
70,M84006,Clonazepam_Tab 500mcg,0408010F0AAABAB,1,0.949199999999998
69,M84006,Clonazepam_Tab 500mcg,0408010F0AAABAB,4,0.949199999999998
68,M84005,Clonazepam_Tab 500mcg,0408010F0AAABAB,3,0.949199999999998
79,M84011,Clonazepam_Tab 500mcg,0408010F0AAABAB,6,0.949199999999998
147,M84006,Amiodarone HCl_Tab 200mg,0203020D0AAABAB,10,0.847
169,M84003,Co-Codamol_Cap 8mg/500mg,0407010F0AAABAB,5,0.800000000000009
167,M84008,Co-Codamol_Cap 8mg/500mg,0407010F0AAABAB,5,0.800000000000009
166,M84008,Co-Codamol_Cap 8mg/500mg,0407010F0AAABAB,5,0.800000000000009
168,M84003,Co-Codamol_Cap 8mg/500mg,0407010F0AAABAB,5,0.800000000000009
86,M84022,Clonazepam_Tab 500mcg,0408010F0AAABAB,1,0.7909999999999984
87,M84615,Clonazepam_Tab 500mcg,0408010F0AAABAB,5,0.7909999999999984
148,M84034,Amiodarone HCl_Tab 200mg,0203020D0AAABAB,1,0.7000000000000006
151,M84007,Amiodarone HCl_Tab 200mg,0203020D0AAABAB,2,0.7000000000000006
150,M84042,Amiodarone HCl_Tab 200mg,0203020D0AAABAB,1,0.7000000000000006
149,M84051,Amiodarone HCl_Tab 200mg,0203020D0AAABAB,2,0.7000000000000006
95,M84005,Clonazepam_Tab 500mcg,0408010F0AAABAB,1,0.6779999999999986
94,M84001,Clonazepam_Tab 500mcg,0408010F0AAABAB,1,0.6779999999999986
88,M84627,Clonazepam_Tab 500mcg,0408010F0AAABAB,1,0.6779999999999986
89,Y04883,Clonazepam_Tab 500mcg,0408010F0AAABAB,1,0.6779999999999986
90,M84042,Clonazepam_Tab 500mcg,0408010F0AAABAB,2,0.6779999999999986
91,M84061,Clonazepam_Tab 500mcg,0408010F0AAABAB,1,0.6779999999999986
92,M84008,Clonazepam_Tab 500mcg,0408010F0AAABAB,1,0.6779999999999986
93,M84612,Clonazepam_Tab 500mcg,0408010F0AAABAB,1,0.6779999999999986
96,M84007,Clonazepam_Tab 500mcg,0408010F0AAABAB,2,0.6779999999999986
171,M84001,Co-Codamol_Cap 8mg/500mg,0407010F0AAABAB,4,0.6400000000000072
170,M84001,Co-Codamol_Cap 8mg/500mg,0407010F0AAABAB,4,0.6400000000000072
99,Y04882,Clonazepam_Tab 500mcg,0408010F0AAABAB,2,0.6327999999999987
102,M84019,Clonazepam_Tab 500mcg,0408010F0AAABAB,2,0.6327999999999987
100,M84615,Clonazepam_Tab 500mcg,0408010F0AAABAB,1,0.6327999999999987
101,M84609,Clonazepam_Tab 500mcg,0408010F0AAABAB,1,0.6327999999999987
98,M84055,Clonazepam_Tab 500mcg,0408010F0AAABAB,2,0.6327999999999987
104,M84041,Clonazepam_Tab 500mcg,0408010F0AAABAB,2,0.6327999999999987
103,M84612,Clonazepam_Tab 500mcg,0408010F0AAABAB,1,0.6327999999999987
97,M84061,Clonazepam_Tab 500mcg,0408010F0AAABAB,4,0.6327999999999987
152,Y04884,Amiodarone HCl_Tab 200mg,0203020D0AAABAB,1,0.6250000000000006
105,Y04883,Clonazepam_Tab 500mcg,0408010F0AAABAB,1,0.5927999999999982
106,M84037,Clonazepam_Tab 500mcg,0408010F0AAABAB,1,0.5699999999999983
374,M84011,Pyridox HCl_Tab 50mg,0906024N0AAAIAI,1,0.4788000000000001
372,M84007,Pyridox HCl_Tab 50mg,0906024N0AAAIAI,1,0.4788000000000001
373,Y04882,Pyridox HCl_Tab 50mg,0906024N0AAAIAI,1,0.4788000000000001
370,M84051,Pyridox HCl_Tab 50mg,0906024N0AAAIAI,1,0.4788000000000001
371,M84022,Pyridox HCl_Tab 50mg,0906024N0AAAIAI,1,0.4788000000000001
107,M84011,Clonazepam_Tab 500mcg,0408010F0AAABAB,1,0.474599999999999
108,M84001,Clonazepam_Tab 500mcg,0408010F0AAABAB,3,0.474599999999999
109,Y04883,Clonazepam_Tab 500mcg,0408010F0AAABAB,1,0.3954999999999992
176,M84037,Co-Codamol_Cap 8mg/500mg,0407010F0AAABAB,1,0.35840000000000405
172,M84022,Co-Codamol_Cap 8mg/500mg,0407010F0AAABAB,1,0.35840000000000405
173,M84019,Co-Codamol_Cap 8mg/500mg,0407010F0AAABAB,1,0.35840000000000405
174,M84037,Co-Codamol_Cap 8mg/500mg,0407010F0AAABAB,1,0.35840000000000405
175,M84022,Co-Codamol_Cap 8mg/500mg,0407010F0AAABAB,1,0.35840000000000405
177,M84019,Co-Codamol_Cap 8mg/500mg,0407010F0AAABAB,1,0.35840000000000405
159,M84055,Amiodarone HCl_Tab 200mg,0203020D0AAABAB,1,0.3500000000000003
157,M84061,Amiodarone HCl_Tab 200mg,0203020D0AAABAB,1,0.3500000000000003
153,Y04883,Amiodarone HCl_Tab 200mg,0203020D0AAABAB,1,0.3500000000000003
156,M84003,Amiodarone HCl_Tab 200mg,0203020D0AAABAB,1,0.3500000000000003
154,M84612,Amiodarone HCl_Tab 200mg,0203020D0AAABAB,1,0.3500000000000003
155,M84022,Amiodarone HCl_Tab 200mg,0203020D0AAABAB,1,0.3500000000000003
158,Y04882,Amiodarone HCl_Tab 200mg,0203020D0AAABAB,1,0.3500000000000003
110,M84008,Clonazepam_Tab 500mcg,0408010F0AAABAB,1,0.3389999999999993
111,M84612,Clonazepam_Tab 500mcg,0408010F0AAABAB,1,0.3389999999999993
190,M84034,Co-Codamol_Cap 8mg/500mg,0407010F0AAABAB,2,0.3200000000000036
191,Y04884,Co-Codamol_Cap 8mg/500mg,0407010F0AAABAB,2,0.3200000000000036
189,M84037,Co-Codamol_Cap 8mg/500mg,0407010F0AAABAB,2,0.3200000000000036
178,M84011,Co-Codamol_Cap 8mg/500mg,0407010F0AAABAB,1,0.3200000000000036
179,M84005,Co-Codamol_Cap 8mg/500mg,0407010F0AAABAB,2,0.3200000000000036
180,M84008,Co-Codamol_Cap 8mg/500mg,0407010F0AAABAB,1,0.3200000000000036
181,M84008,Co-Codamol_Cap 8mg/500mg,0407010F0AAABAB,1,0.3200000000000036
182,M84042,Co-Codamol_Cap 8mg/500mg,0407010F0AAABAB,2,0.3200000000000036
185,M84042,Co-Codamol_Cap 8mg/500mg,0407010F0AAABAB,2,0.3200000000000036
186,M84005,Co-Codamol_Cap 8mg/500mg,0407010F0AAABAB,2,0.3200000000000036
187,M84037,Co-Codamol_Cap 8mg/500mg,0407010F0AAABAB,2,0.3200000000000036
188,M84011,Co-Codamol_Cap 8mg/500mg,0407010F0AAABAB,1,0.3200000000000036
183,M84034,Co-Codamol_Cap 8mg/500mg,0407010F0AAABAB,2,0.3200000000000036
184,Y04884,Co-Codamol_Cap 8mg/500mg,0407010F0AAABAB,2,0.3200000000000036
112,M84061,Clonazepam_Tab 500mcg,0408010F0AAABAB,4,0.31639999999999935
114,M84618,Clonazepam_Tab 500mcg,0408010F0AAABAB,1,0.31639999999999935
115,M84019,Clonazepam_Tab 500mcg,0408010F0AAABAB,2,0.31639999999999935
116,Y04969,Clonazepam_Tab 500mcg,0408010F0AAABAB,1,0.31639999999999935
113,M84621,Clonazepam_Tab 500mcg,0408010F0AAABAB,1,0.31639999999999935
193,M84019,Co-Codamol_Cap 8mg/500mg,0407010F0AAABAB,1,0.26880000000000304
192,M84019,Co-Codamol_Cap 8mg/500mg,0407010F0AAABAB,1,0.26880000000000304
195,M84627,Co-Codamol_Cap 8mg/500mg,0407010F0AAABAB,1,0.2400000000000027
194,M84627,Co-Codamol_Cap 8mg/500mg,0407010F0AAABAB,1,0.2400000000000027
117,M84006,Clonazepam_Tab 500mcg,0408010F0AAABAB,3,0.2372999999999995
198,M84042,Co-Codamol_Cap 8mg/500mg,0407010F0AAABAB,2,0.17920000000000202
196,Y04884,Co-Codamol_Cap 8mg/500mg,0407010F0AAABAB,1,0.17920000000000202
197,M84042,Co-Codamol_Cap 8mg/500mg,0407010F0AAABAB,2,0.17920000000000202
199,M84007,Co-Codamol_Cap 8mg/500mg,0407010F0AAABAB,1,0.17920000000000202
200,Y04884,Co-Codamol_Cap 8mg/500mg,0407010F0AAABAB,1,0.17920000000000202
201,M84007,Co-Codamol_Cap 8mg/500mg,0407010F0AAABAB,1,0.17920000000000202
203,M84019,Co-Codamol_Cap 8mg/500mg,0407010F0AAABAB,2,0.1700000000000007
202,M84003,Co-Codamol_Cap 8mg/500mg,0407010F0AAABAB,2,0.1700000000000007
205,M84019,Co-Codamol_Cap 8mg/500mg,0407010F0AAABAB,2,0.1700000000000007
204,M84003,Co-Codamol_Cap 8mg/500mg,0407010F0AAABAB,2,0.1700000000000007
209,M84612,Co-Codamol_Cap 8mg/500mg,0407010F0AAABAB,1,0.1600000000000018
207,M84609,Co-Codamol_Cap 8mg/500mg,0407010F0AAABAB,1,0.1600000000000018
206,Y04882,Co-Codamol_Cap 8mg/500mg,0407010F0AAABAB,1,0.1600000000000018
208,M84612,Co-Codamol_Cap 8mg/500mg,0407010F0AAABAB,1,0.1600000000000018
210,M84609,Co-Codamol_Cap 8mg/500mg,0407010F0AAABAB,1,0.1600000000000018
211,Y04882,Co-Codamol_Cap 8mg/500mg,0407010F0AAABAB,1,0.1600000000000018
212,M84006,Co-Codamol_Cap 8mg/500mg,0407010F0AAABAB,1,0.1600000000000018
213,Y04969,Co-Codamol_Cap 8mg/500mg,0407010F0AAABAB,1,0.1600000000000018
214,Y04969,Co-Codamol_Cap 8mg/500mg,0407010F0AAABAB,1,0.1600000000000018
215,M84006,Co-Codamol_Cap 8mg/500mg,0407010F0AAABAB,1,0.1600000000000018
119,M84051,Clonazepam_Tab 500mcg,0408010F0AAABAB,1,0.15819999999999967
120,M84007,Clonazepam_Tab 500mcg,0408010F0AAABAB,1,0.15819999999999967
118,M84003,Clonazepam_Tab 500mcg,0408010F0AAABAB,1,0.15819999999999967
122,M84609,Clonazepam_Tab 500mcg,0408010F0AAABAB,1,0.15819999999999967
121,M84627,Clonazepam_Tab 500mcg,0408010F0AAABAB,1,0.15819999999999967
216,M84001,Co-Codamol_Cap 8mg/500mg,0407010F0AAABAB,3,0.15360000000000174
217,M84001,Co-Codamol_Cap 8mg/500mg,0407010F0AAABAB,3,0.15360000000000174
123,M84003,Clonazepam_Tab 500mcg,0408010F0AAABAB,1,0.11599999999999999
218,M84001,Co-Codamol_Cap 8mg/500mg,0407010F0AAABAB,1,0.10240000000000116
219,M84019,Co-Codamol_Cap 8mg/500mg,0407010F0AAABAB,1,0.10240000000000116
220,M84019,Co-Codamol_Cap 8mg/500mg,0407010F0AAABAB,1,0.10240000000000116
221,M84001,Co-Codamol_Cap 8mg/500mg,0407010F0AAABAB,1,0.10240000000000116
229,M84003,Co-Codamol_Cap 8mg/500mg,0407010F0AAABAB,1,0.09600000000000108
228,M84001,Co-Codamol_Cap 8mg/500mg,0407010F0AAABAB,1,0.09600000000000108
222,M84001,Co-Codamol_Cap 8mg/500mg,0407010F0AAABAB,1,0.09600000000000108
223,M84627,Co-Codamol_Cap 8mg/500mg,0407010F0AAABAB,1,0.09600000000000108
224,M84022,Co-Codamol_Cap 8mg/500mg,0407010F0AAABAB,1,0.09600000000000108
225,M84627,Co-Codamol_Cap 8mg/500mg,0407010F0AAABAB,1,0.09600000000000108
226,M84022,Co-Codamol_Cap 8mg/500mg,0407010F0AAABAB,1,0.09600000000000108
227,M84003,Co-Codamol_Cap 8mg/500mg,0407010F0AAABAB,1,0.09600000000000108
231,M84001,Co-Codamol_Cap 8mg/500mg,0407010F0AAABAB,1,0.08960000000000101
230,M84001,Co-Codamol_Cap 8mg/500mg,0407010F0AAABAB,1,0.08960000000000101
232,M84001,Co-Codamol_Cap 8mg/500mg,0407010F0AAABAB,1,0.08500000000000035
233,M84001,Co-Codamol_Cap 8mg/500mg,0407010F0AAABAB,1,0.08500000000000035
235,M84615,Co-Codamol_Cap 8mg/500mg,0407010F0AAABAB,1,0.07650000000000032
234,M84615,Co-Codamol_Cap 8mg/500mg,0407010F0AAABAB,1,0.07650000000000032
237,M84042,Co-Codamol_Cap 8mg/500mg,0407010F0AAABAB,1,0.05399999999999988
236,M84042,Co-Codamol_Cap 8mg/500mg,0407010F0AAABAB,1,0.05399999999999988
240,M84011,Co-Codamol_Cap 8mg/500mg,0407010F0AAABAB,1,0.05120000000000058
238,M84627,Co-Codamol_Cap 8mg/500mg,0407010F0AAABAB,1,0.05120000000000058
239,M84627,Co-Codamol_Cap 8mg/500mg,0407010F0AAABAB,1,0.05120000000000058
241,M84011,Co-Codamol_Cap 8mg/500mg,0407010F0AAABAB,1,0.05120000000000058
249,M84006,Paracet_Tab 500mg,0407010H0AAAMAM,12,0.050399999999999695
248,M84006,Paracet_Tab 500mg,0407010H0AAAMAM,12,0.050399999999999695
242,M84008,Co-Codamol_Cap 8mg/500mg,0407010F0AAABAB,1,0.044800000000000506
243,M84008,Co-Codamol_Cap 8mg/500mg,0407010F0AAABAB,1,0.044800000000000506
251,M84007,Paracet_Tab 500mg,0407010H0AAAMAM,7,0.041999999999999746
250,M84007,Paracet_Tab 500mg,0407010H0AAAMAM,7,0.041999999999999746
124,M84055,Clonazepam_Tab 500mcg,0408010F0AAABAB,1,0.03689999999999993
252,M84006,Paracet_Tab 500mg,0407010H0AAAMAM,13,0.03639999999999978
253,M84006,Paracet_Tab 500mg,0407010H0AAAMAM,13,0.03639999999999978
254,M84609,Paracet_Tab 500mg,0407010H0AAAMAM,4,0.023999999999999855
255,M84627,Paracet_Tab 500mg,0407010H0AAAMAM,4,0.023999999999999855
256,M84001,Paracet_Tab 500mg,0407010H0AAAMAM,4,0.023999999999999855
258,M84001,Paracet_Tab 500mg,0407010H0AAAMAM,4,0.023999999999999855
257,M84627,Paracet_Tab 500mg,0407010H0AAAMAM,4,0.023999999999999855
259,M84609,Paracet_Tab 500mg,0407010H0AAAMAM,4,0.023999999999999855
260,Y04882,Paracet_Tab 500mg,0407010H0AAAMAM,5,0.020999999999999873
261,Y04882,Paracet_Tab 500mg,0407010H0AAAMAM,5,0.020999999999999873
262,M84019,Paracet_Tab 500mg,0407010H0AAAMAM,5,0.020999999999999873
263,M84019,Paracet_Tab 500mg,0407010H0AAAMAM,5,0.020999999999999873
264,M84042,Paracet_Tab 500mg,0407010H0AAAMAM,2,0.011999999999999927
265,M84042,Paracet_Tab 500mg,0407010H0AAAMAM,2,0.011999999999999927
266,M84019,Paracet_Tab 500mg,0407010H0AAAMAM,2,0.011999999999999927
267,M84019,Paracet_Tab 500mg,0407010H0AAAMAM,2,0.011999999999999927
268,M84006,Paracet_Tab 500mg,0407010H0AAAMAM,4,0.00839999999999995
269,M84006,Paracet_Tab 500mg,0407010H0AAAMAM,4,0.00839999999999995
293,M84001,Paracet_Tab 500mg,0407010H0AAAMAM,2,0.005999999999999964
295,M84061,Paracet_Tab 500mg,0407010H0AAAMAM,1,0.005999999999999964
294,Y04884,Paracet_Tab 500mg,0407010H0AAAMAM,1,0.005999999999999964
287,M84621,Paracet_Tab 500mg,0407010H0AAAMAM,1,0.005999999999999964
292,M84618,Paracet_Tab 500mg,0407010H0AAAMAM,1,0.005999999999999964
278,M84003,Paracet_Tab 500mg,0407010H0AAAMAM,1,0.005999999999999964
271,M84618,Paracet_Tab 500mg,0407010H0AAAMAM,1,0.005999999999999964
272,Y04884,Paracet_Tab 500mg,0407010H0AAAMAM,1,0.005999999999999964
273,M84003,Paracet_Tab 500mg,0407010H0AAAMAM,1,0.005999999999999964
291,M84006,Paracet_Tab 500mg,0407010H0AAAMAM,1,0.005999999999999964
274,M84006,Paracet_Tab 500mg,0407010H0AAAMAM,1,0.005999999999999964
275,M84011,Paracet_Tab 500mg,0407010H0AAAMAM,1,0.005999999999999964
276,M84005,Paracet_Tab 500mg,0407010H0AAAMAM,1,0.005999999999999964
277,Y04969,Paracet_Tab 500mg,0407010H0AAAMAM,1,0.005999999999999964
279,Y04883,Paracet_Tab 500mg,0407010H0AAAMAM,1,0.005999999999999964
290,M84061,Paracet_Tab 500mg,0407010H0AAAMAM,1,0.005999999999999964
280,Y04969,Paracet_Tab 500mg,0407010H0AAAMAM,1,0.005999999999999964
281,M84005,Paracet_Tab 500mg,0407010H0AAAMAM,1,0.005999999999999964
282,Y04883,Paracet_Tab 500mg,0407010H0AAAMAM,1,0.005999999999999964
283,M84621,Paracet_Tab 500mg,0407010H0AAAMAM,1,0.005999999999999964
284,M84011,Paracet_Tab 500mg,0407010H0AAAMAM,1,0.005999999999999964
285,Y04882,Paracet_Tab 500mg,0407010H0AAAMAM,1,0.005999999999999964
286,Y04882,Paracet_Tab 500mg,0407010H0AAAMAM,1,0.005999999999999964
288,M84615,Paracet_Tab 500mg,0407010H0AAAMAM,1,0.005999999999999964
270,M84001,Paracet_Tab 500mg,0407010H0AAAMAM,2,0.005999999999999964
289,M84615,Paracet_Tab 500mg,0407010H0AAAMAM,1,0.005999999999999964
296,M84019,Paracet_Tab 500mg,0407010H0AAAMAM,1,0.004800000000000054
297,M84019,Paracet_Tab 500mg,0407010H0AAAMAM,1,0.004800000000000054
298,M84615,Paracet_Tab 500mg,0407010H0AAAMAM,1,0.004199999999999975
299,M84615,Paracet_Tab 500mg,0407010H0AAAMAM,1,0.004199999999999975
300,M84019,Paracet_Tab 500mg,0407010H0AAAMAM,1,0.0040000000000000105
301,M84019,Paracet_Tab 500mg,0407010H0AAAMAM,1,0.0040000000000000105
376,M84022,Amitriptyline HCl_Tab 50mg,0403010B0AAAIAI,1,0.003000000000000086
377,M84019,Amitriptyline HCl_Tab 50mg,0403010B0AAAIAI,1,0.003000000000000086
378,M84008,Amitriptyline HCl_Tab 50mg,0403010B0AAAIAI,1,0.003000000000000086
305,M84006,Paracet_Tab 500mg,0407010H0AAAMAM,1,0.002999999999999982
304,M84019,Paracet_Tab 500mg,0407010H0AAAMAM,1,0.002999999999999982
303,M84006,Paracet_Tab 500mg,0407010H0AAAMAM,1,0.002999999999999982
302,M84019,Paracet_Tab 500mg,0407010H0AAAMAM,1,0.002999999999999982
309,M84001,Paracet_Tab 500mg,0407010H0AAAMAM,1,0.002799999999999983
306,M84037,Paracet_Tab 500mg,0407010H0AAAMAM,1,0.002799999999999983
307,M84037,Paracet_Tab 500mg,0407010H0AAAMAM,1,0.002799999999999983
308,M84001,Paracet_Tab 500mg,0407010H0AAAMAM,1,0.002799999999999983
311,Y04969,Paracet_Tab 500mg,0407010H0AAAMAM,1,-0.001999999999999988
310,Y04969,Paracet_Tab 500mg,0407010H0AAAMAM,1,-0.001999999999999988
314,M84011,Paracet_Tab 500mg,0407010H0AAAMAM,1,-0.003999999999999976
312,M84001,Paracet_Tab 500mg,0407010H0AAAMAM,2,-0.003999999999999976
315,M84011,Paracet_Tab 500mg,0407010H0AAAMAM,1,-0.003999999999999976
313,M84001,Paracet_Tab 500mg,0407010H0AAAMAM,2,-0.003999999999999976
316,Y04884,Paracet_Tab 500mg,0407010H0AAAMAM,1,-0.005599999999999966
317,M84051,Paracet_Tab 500mg,0407010H0AAAMAM,1,-0.005599999999999966
323,M84037,Paracet_Tab 500mg,0407010H0AAAMAM,1,-0.005599999999999966
322,M84037,Paracet_Tab 500mg,0407010H0AAAMAM,1,-0.005599999999999966
321,Y04884,Paracet_Tab 500mg,0407010H0AAAMAM,1,-0.005599999999999966
320,M84051,Paracet_Tab 500mg,0407010H0AAAMAM,1,-0.005599999999999966
319,M84003,Paracet_Tab 500mg,0407010H0AAAMAM,1,-0.005599999999999966
318,M84003,Paracet_Tab 500mg,0407010H0AAAMAM,1,-0.005599999999999966
379,M84001,Amitriptyline HCl_Tab 50mg,0403010B0AAAIAI,1,-0.006000000000000172
380,M84618,Amitriptyline HCl_Tab 50mg,0403010B0AAAIAI,1,-0.006000000000000172
381,M84022,Amitriptyline HCl_Tab 50mg,0403010B0AAAIAI,1,-0.006000000000000172
325,M84005,Paracet_Tab 500mg,0407010H0AAAMAM,2,-0.011199999999999932
324,M84005,Paracet_Tab 500mg,0407010H0AAAMAM,2,-0.011199999999999932
327,M84008,Paracet_Tab 500mg,0407010H0AAAMAM,3,-0.011999999999999927
326,M84008,Paracet_Tab 500mg,0407010H0AAAMAM,3,-0.011999999999999927
382,Y04969,Amitriptyline HCl_Tab 50mg,0403010B0AAAIAI,2,-0.012000000000000344
328,M84019,Paracet_Tab 500mg,0407010H0AAAMAM,9,-0.01799999999999989
329,M84019,Paracet_Tab 500mg,0407010H0AAAMAM,9,-0.01799999999999989
330,M84008,Paracet_Tab 500mg,0407010H0AAAMAM,4,-0.022399999999999864
331,M84008,Paracet_Tab 500mg,0407010H0AAAMAM,4,-0.022399999999999864
332,M84042,Paracet_Tab 500mg,0407010H0AAAMAM,4,-0.022399999999999864
333,M84055,Paracet_Tab 500mg,0407010H0AAAMAM,4,-0.022399999999999864
334,M84055,Paracet_Tab 500mg,0407010H0AAAMAM,4,-0.022399999999999864
335,M84042,Paracet_Tab 500mg,0407010H0AAAMAM,4,-0.022399999999999864
337,Y04882,Paracet_Tab 500mg,0407010H0AAAMAM,5,-0.02799999999999983
336,Y04882,Paracet_Tab 500mg,0407010H0AAAMAM,5,-0.02799999999999983
339,M84011,Paracet_Tab 500mg,0407010H0AAAMAM,6,-0.0335999999999998
338,M84011,Paracet_Tab 500mg,0407010H0AAAMAM,6,-0.0335999999999998
341,M84001,Paracet_Tab 500mg,0407010H0AAAMAM,7,-0.03919999999999976
340,M84007,Paracet_Tab 500mg,0407010H0AAAMAM,7,-0.03919999999999976
342,M84007,Paracet_Tab 500mg,0407010H0AAAMAM,7,-0.03919999999999976
343,M84001,Paracet_Tab 500mg,0407010H0AAAMAM,7,-0.03919999999999976
344,M84615,Paracet_Tab 500mg,0407010H0AAAMAM,9,-0.050399999999999695
345,M84615,Paracet_Tab 500mg,0407010H0AAAMAM,9,-0.050399999999999695
346,M84022,Paracet_Tab 500mg,0407010H0AAAMAM,12,-0.0671999999999996
347,M84019,Paracet_Tab 500mg,0407010H0AAAMAM,12,-0.0671999999999996
348,M84022,Paracet_Tab 500mg,0407010H0AAAMAM,12,-0.0671999999999996
349,M84019,Paracet_Tab 500mg,0407010H0AAAMAM,12,-0.0671999999999996
350,M84006,Paracet_Tab 500mg,0407010H0AAAMAM,94,-0.5263999999999969
351,M84006,Paracet_Tab 500mg,0407010H0AAAMAM,94,-0.5263999999999969
352,M84008,Paracet_Tab 500mg,0407010H0AAAMAM,174,-1.7399999999999896
353,M84008,Paracet_Tab 500mg,0407010H0AAAMAM,174,-1.7399999999999896
11,M84051,Mesalazine_Tab E/C 400mg,0105010B0AAAAAA,3,-11.995199999999993
12,M84609,Mesalazine_Tab E/C 400mg,0105010B0AAAAAA,1,-23.956799999999998
