,practice_code,bnf_description,bnf_code,items,excess_cost
105,Y01129,Itraconazole_Cap 100mg,0502010C0AAAAAA,1,57.5904
123,N83013,Phenytoin_Sod Tab 100mg,0408010Q0AAAGAG,1,39.79919999999999
115,N83633,Mesalazine_Tab E/C 800mg,0105010B0AAASAS,2,36.90000000000001
116,N83609,Mesalazine_Tab E/C 800mg,0105010B0AAASAS,1,36.89999999999999
0,N83609,Risperidone_Tab 6mg,040201030AAAFAF,1,29.2096
1,N83033,Risperidone_Tab 6mg,040201030AAAFAF,1,29.2096
2,N83014,Risperidone_Tab 6mg,040201030AAAFAF,1,29.2096
119,N83028,Gemfibrozil_Tab 600mg,0212000Q0AAABAB,3,22.7136
117,N83028,Mesalazine_Tab E/C 800mg,0105010B0AAASAS,1,17.219999999999995
120,N83621,Gemfibrozil_Tab 600mg,0212000Q0AAABAB,2,15.142399999999999
174,N83603,Sulfadiazine_Tab 500mg,0501080J0AAABAB,1,8.960000000000008
175,N83028,Sulfadiazine_Tab 500mg,0501080J0AAABAB,1,8.960000000000008
71,N83055,Buprenorphine_Tab Subling 400mcg S/F,0410030A0AAACAC,4,7.6160000000000005
72,N83055,Buprenorphine_Tab Subling 400mcg S/F,0410030A0AAACAC,4,6.0928
73,N83641,Buprenorphine_Tab Subling 400mcg S/F,0410030A0AAACAC,6,4.5696
74,N83025,Buprenorphine_Tab Subling 400mcg S/F,0410030A0AAACAC,3,4.5696
3,N83018,Clonazepam_Tab 500mcg,0408010F0AAABAB,7,4.429599999999991
154,N83028,Pyridox HCl_Tab 50mg,0906024N0AAAIAI,3,4.309200000000001
124,N83009,Amiodarone HCl_Tab 200mg,0203020D0AAABAB,11,3.850000000000003
75,N83018,Buprenorphine_Tab Subling 400mcg S/F,0410030A0AAACAC,2,3.8080000000000003
121,N83014,Gemfibrozil_Tab 600mg,0212000Q0AAABAB,1,3.791199999999999
76,N83641,Buprenorphine_Tab Subling 400mcg S/F,0410030A0AAACAC,3,3.4272
4,N83028,Clonazepam_Tab 500mcg,0408010F0AAABAB,1,3.389999999999993
5,N83013,Clonazepam_Tab 500mcg,0408010F0AAABAB,1,3.389999999999993
6,N83024,Clonazepam_Tab 500mcg,0408010F0AAABAB,5,3.1639999999999935
7,N83014,Clonazepam_Tab 500mcg,0408010F0AAABAB,2,3.1639999999999935
125,N83032,Amiodarone HCl_Tab 200mg,0203020D0AAABAB,9,3.150000000000003
81,N83013,Buprenorphine_Tab Subling 400mcg S/F,0410030A0AAACAC,1,3.0464
80,N83601,Buprenorphine_Tab Subling 400mcg S/F,0410030A0AAACAC,4,3.0464
79,N83018,Buprenorphine_Tab Subling 400mcg S/F,0410030A0AAACAC,1,3.0464
78,N83024,Buprenorphine_Tab Subling 400mcg S/F,0410030A0AAACAC,4,3.0464
77,N83601,Buprenorphine_Tab Subling 400mcg S/F,0410030A0AAACAC,2,3.0464
157,N83013,Pyridox HCl_Tab 50mg,0906024N0AAAIAI,3,2.8728000000000007
156,N83024,Pyridox HCl_Tab 50mg,0906024N0AAAIAI,2,2.8728000000000007
155,N83608,Pyridox HCl_Tab 50mg,0906024N0AAAIAI,2,2.8728000000000007
8,N83009,Clonazepam_Tab 500mcg,0408010F0AAABAB,4,2.847599999999994
126,N83024,Amiodarone HCl_Tab 200mg,0203020D0AAABAB,8,2.8000000000000025
82,N83605,Buprenorphine_Tab Subling 400mcg S/F,0410030A0AAACAC,1,2.72
10,N83028,Clonazepam_Tab 500mcg,0408010F0AAABAB,1,2.531199999999995
9,N83028,Clonazepam_Tab 500mcg,0408010F0AAABAB,8,2.531199999999995
84,N83055,Buprenorphine_Tab Subling 400mcg S/F,0410030A0AAACAC,3,2.2848
83,N83055,Buprenorphine_Tab Subling 400mcg S/F,0410030A0AAACAC,4,2.2848
127,N83028,Amiodarone HCl_Tab 200mg,0203020D0AAABAB,6,2.100000000000002
128,N83013,Amiodarone HCl_Tab 200mg,0203020D0AAABAB,6,2.100000000000002
158,N83608,Pyridox HCl_Tab 50mg,0906024N0AAAIAI,4,1.9152000000000005
159,N83014,Pyridox HCl_Tab 50mg,0906024N0AAAIAI,4,1.9152000000000005
85,N83641,Buprenorphine_Tab Subling 400mcg S/F,0410030A0AAACAC,1,1.9040000000000001
16,N83605,Clonazepam_Tab 500mcg,0408010F0AAABAB,3,1.898399999999996
15,N83014,Clonazepam_Tab 500mcg,0408010F0AAABAB,3,1.898399999999996
14,N83025,Clonazepam_Tab 500mcg,0408010F0AAABAB,2,1.898399999999996
12,N83609,Clonazepam_Tab 500mcg,0408010F0AAABAB,3,1.898399999999996
11,N83009,Clonazepam_Tab 500mcg,0408010F0AAABAB,6,1.898399999999996
13,N83025,Clonazepam_Tab 500mcg,0408010F0AAABAB,3,1.898399999999996
17,N83028,Clonazepam_Tab 500mcg,0408010F0AAABAB,3,1.898399999999996
18,N83030,Clonazepam_Tab 500mcg,0408010F0AAABAB,2,1.898399999999996
19,N83608,Clonazepam_Tab 500mcg,0408010F0AAABAB,6,1.898399999999996
20,N83633,Clonazepam_Tab 500mcg,0408010F0AAABAB,1,1.898399999999996
86,N83641,Buprenorphine_Tab Subling 400mcg S/F,0410030A0AAACAC,1,1.7680000000000002
129,N83014,Amiodarone HCl_Tab 200mg,0203020D0AAABAB,5,1.7500000000000016
22,N83018,Clonazepam_Tab 500mcg,0408010F0AAABAB,5,1.5819999999999967
21,N83609,Clonazepam_Tab 500mcg,0408010F0AAABAB,5,1.5819999999999967
87,N83641,Buprenorphine_Tab Subling 400mcg S/F,0410030A0AAACAC,1,1.5232
89,N83608,Buprenorphine_Tab Subling 400mcg S/F,0410030A0AAACAC,1,1.5232
88,N83024,Buprenorphine_Tab Subling 400mcg S/F,0410030A0AAACAC,1,1.5232
161,N83015,Pyridox HCl_Tab 50mg,0906024N0AAAIAI,1,1.4364000000000003
160,N83014,Pyridox HCl_Tab 50mg,0906024N0AAAIAI,1,1.4364000000000003
90,N83608,Buprenorphine_Tab Subling 400mcg S/F,0410030A0AAACAC,1,1.4195999999999995
136,N83015,Amiodarone HCl_Tab 200mg,0203020D0AAABAB,4,1.4000000000000012
137,N83047,Amiodarone HCl_Tab 200mg,0203020D0AAABAB,4,1.4000000000000012
135,N83605,Amiodarone HCl_Tab 200mg,0203020D0AAABAB,4,1.4000000000000012
134,N83025,Amiodarone HCl_Tab 200mg,0203020D0AAABAB,4,1.4000000000000012
133,N83055,Amiodarone HCl_Tab 200mg,0203020D0AAABAB,4,1.4000000000000012
132,N83608,Amiodarone HCl_Tab 200mg,0203020D0AAABAB,4,1.4000000000000012
131,N83033,Amiodarone HCl_Tab 200mg,0203020D0AAABAB,4,1.4000000000000012
130,N83032,Amiodarone HCl_Tab 200mg,0203020D0AAABAB,2,1.4000000000000012
138,N83621,Amiodarone HCl_Tab 200mg,0203020D0AAABAB,4,1.4000000000000012
36,N83601,Clonazepam_Tab 500mcg,0408010F0AAABAB,2,1.2655999999999974
30,N83055,Clonazepam_Tab 500mcg,0408010F0AAABAB,1,1.2655999999999974
31,N83043,Clonazepam_Tab 500mcg,0408010F0AAABAB,1,1.2655999999999974
32,N83610,Clonazepam_Tab 500mcg,0408010F0AAABAB,2,1.2655999999999974
33,N83030,Clonazepam_Tab 500mcg,0408010F0AAABAB,4,1.2655999999999974
34,N83009,Clonazepam_Tab 500mcg,0408010F0AAABAB,2,1.2655999999999974
35,N83032,Clonazepam_Tab 500mcg,0408010F0AAABAB,4,1.2655999999999974
23,N83033,Clonazepam_Tab 500mcg,0408010F0AAABAB,2,1.2655999999999974
28,N83028,Clonazepam_Tab 500mcg,0408010F0AAABAB,1,1.2655999999999974
27,N83009,Clonazepam_Tab 500mcg,0408010F0AAABAB,1,1.2655999999999974
26,N83603,Clonazepam_Tab 500mcg,0408010F0AAABAB,2,1.2655999999999974
25,N83043,Clonazepam_Tab 500mcg,0408010F0AAABAB,2,1.2655999999999974
24,N83603,Clonazepam_Tab 500mcg,0408010F0AAABAB,4,1.2655999999999974
29,N83032,Clonazepam_Tab 500mcg,0408010F0AAABAB,2,1.2655999999999974
91,N83641,Buprenorphine_Tab Subling 400mcg S/F,0410030A0AAACAC,1,1.1968
37,N83601,Clonazepam_Tab 500mcg,0408010F0AAABAB,5,1.1864999999999974
92,N83032,Buprenorphine_Tab Subling 400mcg S/F,0410030A0AAACAC,1,1.1424
93,N83641,Buprenorphine_Tab Subling 400mcg S/F,0410030A0AAACAC,1,1.0840000000000005
140,N83033,Amiodarone HCl_Tab 200mg,0203020D0AAABAB,1,1.050000000000001
139,N83028,Amiodarone HCl_Tab 200mg,0203020D0AAABAB,1,1.050000000000001
163,N83014,Pyridox HCl_Tab 50mg,0906024N0AAAIAI,1,0.9576000000000002
164,N83032,Pyridox HCl_Tab 50mg,0906024N0AAAIAI,1,0.9576000000000002
165,N83608,Pyridox HCl_Tab 50mg,0906024N0AAAIAI,1,0.9576000000000002
166,N83619,Pyridox HCl_Tab 50mg,0906024N0AAAIAI,1,0.9576000000000002
167,N83024,Pyridox HCl_Tab 50mg,0906024N0AAAIAI,2,0.9576000000000002
168,N83028,Pyridox HCl_Tab 50mg,0906024N0AAAIAI,1,0.9576000000000002
162,N83031,Pyridox HCl_Tab 50mg,0906024N0AAAIAI,1,0.9576000000000002
94,N83018,Buprenorphine_Tab Subling 400mcg S/F,0410030A0AAACAC,1,0.9520000000000001
42,N83033,Clonazepam_Tab 500mcg,0408010F0AAABAB,3,0.949199999999998
39,N83610,Clonazepam_Tab 500mcg,0408010F0AAABAB,1,0.949199999999998
40,N83621,Clonazepam_Tab 500mcg,0408010F0AAABAB,1,0.949199999999998
41,N83633,Clonazepam_Tab 500mcg,0408010F0AAABAB,1,0.949199999999998
38,N83015,Clonazepam_Tab 500mcg,0408010F0AAABAB,1,0.949199999999998
43,N83619,Clonazepam_Tab 500mcg,0408010F0AAABAB,1,0.949199999999998
44,N83047,Clonazepam_Tab 500mcg,0408010F0AAABAB,3,0.949199999999998
96,N83025,Buprenorphine_Tab Subling 400mcg S/F,0410030A0AAACAC,1,0.7616
95,N83621,Buprenorphine_Tab Subling 400mcg S/F,0410030A0AAACAC,2,0.7616
97,N83621,Buprenorphine_Tab Subling 400mcg S/F,0410030A0AAACAC,1,0.7616
145,N83028,Amiodarone HCl_Tab 200mg,0203020D0AAABAB,1,0.7000000000000006
144,N83018,Amiodarone HCl_Tab 200mg,0203020D0AAABAB,2,0.7000000000000006
143,N83030,Amiodarone HCl_Tab 200mg,0203020D0AAABAB,1,0.7000000000000006
141,N83605,Amiodarone HCl_Tab 200mg,0203020D0AAABAB,1,0.7000000000000006
142,N83601,Amiodarone HCl_Tab 200mg,0203020D0AAABAB,2,0.7000000000000006
45,N83030,Clonazepam_Tab 500mcg,0408010F0AAABAB,1,0.6779999999999986
46,N83009,Clonazepam_Tab 500mcg,0408010F0AAABAB,1,0.6553999999999987
47,N83014,Clonazepam_Tab 500mcg,0408010F0AAABAB,2,0.6327999999999987
51,N83031,Clonazepam_Tab 500mcg,0408010F0AAABAB,1,0.6327999999999987
50,N83015,Clonazepam_Tab 500mcg,0408010F0AAABAB,1,0.6327999999999987
49,N83619,Clonazepam_Tab 500mcg,0408010F0AAABAB,2,0.6327999999999987
48,N83024,Clonazepam_Tab 500mcg,0408010F0AAABAB,2,0.6327999999999987
98,N83641,Buprenorphine_Tab Subling 400mcg S/F,0410030A0AAACAC,1,0.5712
52,N83030,Clonazepam_Tab 500mcg,0408010F0AAABAB,1,0.5699999999999983
169,N83009,Pyridox HCl_Tab 50mg,0906024N0AAAIAI,1,0.4788000000000001
171,N83028,Pyridox HCl_Tab 50mg,0906024N0AAAIAI,1,0.4788000000000001
170,N83032,Pyridox HCl_Tab 50mg,0906024N0AAAIAI,1,0.4788000000000001
172,N83608,Pyridox HCl_Tab 50mg,0906024N0AAAIAI,4,0.4788000000000001
53,N83025,Clonazepam_Tab 500mcg,0408010F0AAABAB,1,0.474599999999999
99,N83032,Buprenorphine_Tab Subling 400mcg S/F,0410030A0AAACAC,1,0.3808
100,N83641,Buprenorphine_Tab Subling 400mcg S/F,0410030A0AAACAC,1,0.3808
54,N83047,Clonazepam_Tab 500mcg,0408010F0AAABAB,1,0.35339999999999894
146,N83610,Amiodarone HCl_Tab 200mg,0203020D0AAABAB,1,0.3500000000000003
147,N83031,Amiodarone HCl_Tab 200mg,0203020D0AAABAB,1,0.3500000000000003
148,N83609,Amiodarone HCl_Tab 200mg,0203020D0AAABAB,1,0.3500000000000003
149,N83603,Amiodarone HCl_Tab 200mg,0203020D0AAABAB,1,0.3500000000000003
150,N83030,Amiodarone HCl_Tab 200mg,0203020D0AAABAB,1,0.3500000000000003
151,N83043,Amiodarone HCl_Tab 200mg,0203020D0AAABAB,1,0.3500000000000003
59,N83601,Clonazepam_Tab 500mcg,0408010F0AAABAB,1,0.31639999999999935
63,N83610,Clonazepam_Tab 500mcg,0408010F0AAABAB,1,0.31639999999999935
62,N83013,Clonazepam_Tab 500mcg,0408010F0AAABAB,1,0.31639999999999935
61,N83014,Clonazepam_Tab 500mcg,0408010F0AAABAB,2,0.31639999999999935
55,N83605,Clonazepam_Tab 500mcg,0408010F0AAABAB,1,0.31639999999999935
56,N83028,Clonazepam_Tab 500mcg,0408010F0AAABAB,4,0.31639999999999935
57,N83043,Clonazepam_Tab 500mcg,0408010F0AAABAB,1,0.31639999999999935
58,N83025,Clonazepam_Tab 500mcg,0408010F0AAABAB,1,0.31639999999999935
60,N83015,Clonazepam_Tab 500mcg,0408010F0AAABAB,1,0.31639999999999935
152,N83032,Amiodarone HCl_Tab 200mg,0203020D0AAABAB,1,0.2646
64,N83028,Clonazepam_Tab 500mcg,0408010F0AAABAB,1,0.1791999999999998
65,N83030,Clonazepam_Tab 500mcg,0408010F0AAABAB,1,0.174
66,N83018,Clonazepam_Tab 500mcg,0408010F0AAABAB,1,0.15819999999999967
67,N83622,Clonazepam_Tab 500mcg,0408010F0AAABAB,1,0.15819999999999967
68,N83601,Clonazepam_Tab 500mcg,0408010F0AAABAB,1,0.15819999999999967
69,N83621,Clonazepam_Tab 500mcg,0408010F0AAABAB,1,0.15819999999999967
153,N83013,Amiodarone HCl_Tab 200mg,0203020D0AAABAB,1,0.12700000000000017
173,N83603,Pyridox HCl_Tab 50mg,0906024N0AAAIAI,1,0.11970000000000003
101,N83641,Buprenorphine_Tab Subling 400mcg S/F,0410030A0AAACAC,1,0.10440000000000005
70,N83014,Clonazepam_Tab 500mcg,0408010F0AAABAB,1,0.07909999999999984
106,N83608,Itraconazole_Cap 100mg,0502010C0AAAAAA,5,0.014000000000000401
122,N83014,Gemfibrozil_Tab 600mg,0212000Q0AAABAB,1,0.005599999999999383
102,N83608,Buprenorphine_Tab Subling 400mcg S/F,0410030A0AAACAC,1,0.005199999999999427
108,N83015,Itraconazole_Cap 100mg,0502010C0AAAAAA,1,0.00280000000000008
110,N83013,Itraconazole_Cap 100mg,0502010C0AAAAAA,1,0.00280000000000008
107,N83014,Itraconazole_Cap 100mg,0502010C0AAAAAA,1,0.00280000000000008
109,N83603,Itraconazole_Cap 100mg,0502010C0AAAAAA,1,0.00280000000000008
111,N83610,Itraconazole_Cap 100mg,0502010C0AAAAAA,1,-0.0007999999999999119
103,N83641,Buprenorphine_Tab Subling 400mcg S/F,0410030A0AAACAC,1,-0.0039999999999995595
104,N83641,Buprenorphine_Tab Subling 400mcg S/F,0410030A0AAACAC,1,-0.0043999999999999595
112,N83031,Itraconazole_Cap 100mg,0502010C0AAAAAA,1,-0.005599999999999383
113,N83609,Itraconazole_Cap 100mg,0502010C0AAAAAA,1,-0.008399999999999075
114,N83033,Itraconazole_Cap 100mg,0502010C0AAAAAA,2,-0.011199999999998766
118,N83633,Mesalazine_Tab E/C 800mg,0105010B0AAASAS,2,-36.89999999999997
