,practice_code,bnf_description,bnf_code,items,excess_cost
318,K84078,Risperidone_Tab 6mg,040201030AAAFAF,1,116.8384
271,K84001,Paracet_Tab Solb 500mg,0407010H0AAAQAQ,2,82.2976
270,K84001,Paracet_Tab Solb 500mg,0407010H0AAAQAQ,2,82.2976
272,K84006,Paracet_Tab Solb 500mg,0407010H0AAAQAQ,4,66.09599999999999
273,K84006,Paracet_Tab Solb 500mg,0407010H0AAAQAQ,4,66.09599999999999
435,K84028,Gemfibrozil_Tab 600mg,0212000Q0AAABAB,2,45.4272
275,K84072,Paracet_Tab Solb 500mg,0407010H0AAAQAQ,9,36.720000000000006
274,K84072,Paracet_Tab Solb 500mg,0407010H0AAAQAQ,9,36.720000000000006
717,K84051,Rabeprazole Sod_Tab E/C 20mg,0103050T0AAABAB,6,30.3072
319,K84054,Risperidone_Tab 6mg,040201030AAAFAF,1,29.2096
320,K84063,Risperidone_Tab 6mg,040201030AAAFAF,2,29.2096
321,K84019,Risperidone_Tab 6mg,040201030AAAFAF,1,29.2096
450,K84051,Lamotrigine_Tab 50mg,0408010H0AAABAB,2,25.8048
436,K84035,Gemfibrozil_Tab 600mg,0212000Q0AAABAB,1,22.7136
712,K84017,Ropinirole HCl_Tab 5mg,0409010H0AAADAD,2,20.652800000000013
451,K84051,Lamotrigine_Tab 50mg,0408010H0AAABAB,2,17.639999999999997
718,K84051,Rabeprazole Sod_Tab E/C 20mg,0103050T0AAABAB,16,15.142399999999999
438,K84610,Valsartan_Tab 40mg,0205052V0AAADAD,2,11.508000000000001
439,K84027,Valsartan_Tab 40mg,0205052V0AAADAD,1,11.508000000000001
440,K84030,Valsartan_Tab 40mg,0205052V0AAADAD,3,11.508000000000001
0,K84019,Clonazepam_Tab 500mcg,0408010F0AAABAB,1,8.135999999999983
713,K84051,Ropinirole HCl_Tab 5mg,0409010H0AAADAD,4,7.761600000000003
714,K84071,Ropinirole HCl_Tab 5mg,0409010H0AAADAD,1,7.744800000000005
715,K84006,Ropinirole HCl_Tab 5mg,0409010H0AAADAD,2,7.744800000000005
441,K84030,Valsartan_Tab 40mg,0205052V0AAADAD,1,7.672000000000001
442,K84019,Valsartan_Tab 40mg,0205052V0AAADAD,1,7.672000000000001
698,K84044,Topiramate_Tab 200mg,040801050AAACAC,1,7.469999999999997
699,K84002,Topiramate_Tab 200mg,040801050AAACAC,1,7.469999999999997
700,K84060,Topiramate_Tab 200mg,040801050AAACAC,12,6.921600000000002
452,K84051,Lamotrigine_Tab 50mg,0408010H0AAABAB,4,6.456799999999999
453,K84058,Lamotrigine_Tab 50mg,0408010H0AAABAB,9,6.451199999999999
1,K84041,Clonazepam_Tab 500mcg,0408010F0AAABAB,5,6.327999999999987
2,K84025,Clonazepam_Tab 500mcg,0408010F0AAABAB,1,5.06239999999999
3,K84009,Clonazepam_Tab 500mcg,0408010F0AAABAB,4,5.06239999999999
4,K84044,Clonazepam_Tab 500mcg,0408010F0AAABAB,4,5.06239999999999
701,K84044,Topiramate_Tab 200mg,040801050AAACAC,1,4.979999999999998
5,K84028,Clonazepam_Tab 500mcg,0408010F0AAABAB,1,4.74599999999999
6,K84028,Clonazepam_Tab 500mcg,0408010F0AAABAB,5,4.74599999999999
322,K84037,Amiodarone HCl_Tab 200mg,0203020D0AAABAB,13,4.550000000000004
9,K84019,Clonazepam_Tab 500mcg,0408010F0AAABAB,2,4.519999999999991
8,K84071,Clonazepam_Tab 500mcg,0408010F0AAABAB,2,4.519999999999991
7,K84613,Clonazepam_Tab 500mcg,0408010F0AAABAB,2,4.519999999999991
323,K84059,Amiodarone HCl_Tab 200mg,0203020D0AAABAB,6,4.200000000000004
10,K84063,Clonazepam_Tab 500mcg,0408010F0AAABAB,1,4.067999999999992
325,K84017,Amiodarone HCl_Tab 200mg,0203020D0AAABAB,11,3.850000000000003
324,K84014,Amiodarone HCl_Tab 200mg,0203020D0AAABAB,11,3.850000000000003
443,K84048,Valsartan_Tab 40mg,0205052V0AAADAD,1,3.8360000000000003
14,K84063,Clonazepam_Tab 500mcg,0408010F0AAABAB,6,3.796799999999992
15,K84038,Clonazepam_Tab 500mcg,0408010F0AAABAB,6,3.796799999999992
13,K84028,Clonazepam_Tab 500mcg,0408010F0AAABAB,3,3.796799999999992
11,K84004,Clonazepam_Tab 500mcg,0408010F0AAABAB,1,3.796799999999992
12,K84044,Clonazepam_Tab 500mcg,0408010F0AAABAB,6,3.796799999999992
327,K84072,Amiodarone HCl_Tab 200mg,0203020D0AAABAB,5,3.500000000000003
326,K84043,Amiodarone HCl_Tab 200mg,0203020D0AAABAB,5,3.500000000000003
18,K84025,Clonazepam_Tab 500mcg,0408010F0AAABAB,3,3.389999999999993
17,K84023,Clonazepam_Tab 500mcg,0408010F0AAABAB,3,3.389999999999993
16,K84010,Clonazepam_Tab 500mcg,0408010F0AAABAB,1,3.389999999999993
19,K84030,Clonazepam_Tab 500mcg,0408010F0AAABAB,3,3.389999999999993
20,K84082,Clonazepam_Tab 500mcg,0408010F0AAABAB,21,3.3221999999999934
22,K84017,Clonazepam_Tab 500mcg,0408010F0AAABAB,5,3.1639999999999935
21,K84045,Clonazepam_Tab 500mcg,0408010F0AAABAB,5,3.1639999999999935
328,K84010,Amiodarone HCl_Tab 200mg,0203020D0AAABAB,9,3.150000000000003
23,K84055,Clonazepam_Tab 500mcg,0408010F0AAABAB,9,2.847599999999994
24,K84037,Clonazepam_Tab 500mcg,0408010F0AAABAB,9,2.847599999999994
25,K84032,Clonazepam_Tab 500mcg,0408010F0AAABAB,6,2.847599999999994
26,K84009,Clonazepam_Tab 500mcg,0408010F0AAABAB,3,2.847599999999994
27,K84042,Clonazepam_Tab 500mcg,0408010F0AAABAB,1,2.847599999999994
331,K84051,Amiodarone HCl_Tab 200mg,0203020D0AAABAB,8,2.8000000000000025
330,K84624,Amiodarone HCl_Tab 200mg,0203020D0AAABAB,8,2.8000000000000025
329,K84027,Amiodarone HCl_Tab 200mg,0203020D0AAABAB,4,2.8000000000000025
28,K84002,Clonazepam_Tab 500mcg,0408010F0AAABAB,1,2.7119999999999944
29,K84028,Clonazepam_Tab 500mcg,0408010F0AAABAB,1,2.7119999999999944
332,K84042,Amiodarone HCl_Tab 200mg,0203020D0AAABAB,32,2.7104
716,K84072,Ropinirole HCl_Tab 5mg,0409010H0AAADAD,1,2.5816000000000017
34,K84044,Clonazepam_Tab 500mcg,0408010F0AAABAB,1,2.531199999999995
30,K84043,Clonazepam_Tab 500mcg,0408010F0AAABAB,4,2.531199999999995
37,K84036,Clonazepam_Tab 500mcg,0408010F0AAABAB,1,2.531199999999995
38,K84041,Clonazepam_Tab 500mcg,0408010F0AAABAB,1,2.531199999999995
35,K84031,Clonazepam_Tab 500mcg,0408010F0AAABAB,8,2.531199999999995
41,K84027,Clonazepam_Tab 500mcg,0408010F0AAABAB,2,2.531199999999995
40,K84056,Clonazepam_Tab 500mcg,0408010F0AAABAB,2,2.531199999999995
39,K84031,Clonazepam_Tab 500mcg,0408010F0AAABAB,2,2.531199999999995
36,K84030,Clonazepam_Tab 500mcg,0408010F0AAABAB,2,2.531199999999995
33,K84002,Clonazepam_Tab 500mcg,0408010F0AAABAB,2,2.531199999999995
31,K84025,Clonazepam_Tab 500mcg,0408010F0AAABAB,4,2.531199999999995
32,K84059,Clonazepam_Tab 500mcg,0408010F0AAABAB,2,2.531199999999995
704,K84055,Topiramate_Tab 200mg,040801050AAACAC,1,2.489999999999999
705,K84017,Topiramate_Tab 200mg,040801050AAACAC,1,2.489999999999999
706,K84015,Topiramate_Tab 200mg,040801050AAACAC,1,2.489999999999999
703,K84031,Topiramate_Tab 200mg,040801050AAACAC,1,2.489999999999999
702,K84072,Topiramate_Tab 200mg,040801050AAACAC,1,2.489999999999999
333,K84003,Amiodarone HCl_Tab 200mg,0203020D0AAABAB,7,2.450000000000002
334,K84041,Amiodarone HCl_Tab 200mg,0203020D0AAABAB,7,2.450000000000002
42,K84040,Clonazepam_Tab 500mcg,0408010F0AAABAB,10,2.372999999999995
707,K84001,Topiramate_Tab 200mg,040801050AAACAC,1,2.3183999999999996
708,K84624,Topiramate_Tab 200mg,040801050AAACAC,1,2.3183999999999996
709,K84027,Topiramate_Tab 200mg,040801050AAACAC,1,2.3183999999999996
710,K84030,Topiramate_Tab 200mg,040801050AAACAC,8,2.307200000000001
54,K84613,Clonazepam_Tab 500mcg,0408010F0AAABAB,2,2.2599999999999953
55,K84002,Clonazepam_Tab 500mcg,0408010F0AAABAB,1,2.2599999999999953
56,K84028,Clonazepam_Tab 500mcg,0408010F0AAABAB,2,2.2599999999999953
43,K84043,Clonazepam_Tab 500mcg,0408010F0AAABAB,2,2.2599999999999953
57,K84011,Clonazepam_Tab 500mcg,0408010F0AAABAB,2,2.2599999999999953
51,K84052,Clonazepam_Tab 500mcg,0408010F0AAABAB,1,2.2599999999999953
50,K84051,Clonazepam_Tab 500mcg,0408010F0AAABAB,1,2.2599999999999953
49,K84033,Clonazepam_Tab 500mcg,0408010F0AAABAB,2,2.2599999999999953
48,K84020,Clonazepam_Tab 500mcg,0408010F0AAABAB,2,2.2599999999999953
47,K84002,Clonazepam_Tab 500mcg,0408010F0AAABAB,2,2.2599999999999953
46,K84009,Clonazepam_Tab 500mcg,0408010F0AAABAB,1,2.2599999999999953
52,K84009,Clonazepam_Tab 500mcg,0408010F0AAABAB,2,2.2599999999999953
45,K84044,Clonazepam_Tab 500mcg,0408010F0AAABAB,2,2.2599999999999953
44,K84062,Clonazepam_Tab 500mcg,0408010F0AAABAB,1,2.2599999999999953
53,K84072,Clonazepam_Tab 500mcg,0408010F0AAABAB,2,2.2599999999999953
58,K84613,Clonazepam_Tab 500mcg,0408010F0AAABAB,7,2.2147999999999954
59,K84028,Clonazepam_Tab 500mcg,0408010F0AAABAB,7,2.2147999999999954
345,K84071,Amiodarone HCl_Tab 200mg,0203020D0AAABAB,6,2.100000000000002
346,K84025,Amiodarone HCl_Tab 200mg,0203020D0AAABAB,2,2.100000000000002
344,K84006,Amiodarone HCl_Tab 200mg,0203020D0AAABAB,6,2.100000000000002
343,K84054,Amiodarone HCl_Tab 200mg,0203020D0AAABAB,3,2.100000000000002
342,K84009,Amiodarone HCl_Tab 200mg,0203020D0AAABAB,3,2.100000000000002
341,K84042,Amiodarone HCl_Tab 200mg,0203020D0AAABAB,3,2.100000000000002
340,K84033,Amiodarone HCl_Tab 200mg,0203020D0AAABAB,6,2.100000000000002
339,K84049,Amiodarone HCl_Tab 200mg,0203020D0AAABAB,2,2.100000000000002
338,K84048,Amiodarone HCl_Tab 200mg,0203020D0AAABAB,3,2.100000000000002
337,K84055,Amiodarone HCl_Tab 200mg,0203020D0AAABAB,6,2.100000000000002
336,K84028,Amiodarone HCl_Tab 200mg,0203020D0AAABAB,2,2.100000000000002
335,K84019,Amiodarone HCl_Tab 200mg,0203020D0AAABAB,3,2.100000000000002
60,K84055,Clonazepam_Tab 500mcg,0408010F0AAABAB,3,2.033999999999996
62,K84037,Clonazepam_Tab 500mcg,0408010F0AAABAB,3,2.033999999999996
61,K84052,Clonazepam_Tab 500mcg,0408010F0AAABAB,1,2.033999999999996
446,K84072,Valsartan_Tab 40mg,0205052V0AAADAD,1,1.9180000000000001
444,K84019,Valsartan_Tab 40mg,0205052V0AAADAD,1,1.9180000000000001
447,K84027,Valsartan_Tab 40mg,0205052V0AAADAD,1,1.9180000000000001
448,K84037,Valsartan_Tab 40mg,0205052V0AAADAD,1,1.9180000000000001
445,K84017,Valsartan_Tab 40mg,0205052V0AAADAD,1,1.9180000000000001
75,K84051,Clonazepam_Tab 500mcg,0408010F0AAABAB,2,1.898399999999996
84,K84610,Clonazepam_Tab 500mcg,0408010F0AAABAB,2,1.898399999999996
85,K84038,Clonazepam_Tab 500mcg,0408010F0AAABAB,2,1.898399999999996
86,K84009,Clonazepam_Tab 500mcg,0408010F0AAABAB,3,1.898399999999996
81,K84079,Clonazepam_Tab 500mcg,0408010F0AAABAB,1,1.898399999999996
80,K84042,Clonazepam_Tab 500mcg,0408010F0AAABAB,1,1.898399999999996
79,K84023,Clonazepam_Tab 500mcg,0408010F0AAABAB,3,1.898399999999996
78,K84036,Clonazepam_Tab 500mcg,0408010F0AAABAB,3,1.898399999999996
77,K84024,Clonazepam_Tab 500mcg,0408010F0AAABAB,1,1.898399999999996
76,K84006,Clonazepam_Tab 500mcg,0408010F0AAABAB,6,1.898399999999996
82,K84618,Clonazepam_Tab 500mcg,0408010F0AAABAB,2,1.898399999999996
83,K84055,Clonazepam_Tab 500mcg,0408010F0AAABAB,3,1.898399999999996
74,K84062,Clonazepam_Tab 500mcg,0408010F0AAABAB,6,1.898399999999996
73,K84004,Clonazepam_Tab 500mcg,0408010F0AAABAB,4,1.898399999999996
63,K84075,Clonazepam_Tab 500mcg,0408010F0AAABAB,3,1.898399999999996
64,K84072,Clonazepam_Tab 500mcg,0408010F0AAABAB,3,1.898399999999996
65,K84019,Clonazepam_Tab 500mcg,0408010F0AAABAB,3,1.898399999999996
66,K84049,Clonazepam_Tab 500mcg,0408010F0AAABAB,6,1.898399999999996
67,K84048,Clonazepam_Tab 500mcg,0408010F0AAABAB,3,1.898399999999996
68,K84624,Clonazepam_Tab 500mcg,0408010F0AAABAB,2,1.898399999999996
69,K84071,Clonazepam_Tab 500mcg,0408010F0AAABAB,2,1.898399999999996
70,K84050,Clonazepam_Tab 500mcg,0408010F0AAABAB,1,1.898399999999996
71,K84007,Clonazepam_Tab 500mcg,0408010F0AAABAB,3,1.898399999999996
72,K84002,Clonazepam_Tab 500mcg,0408010F0AAABAB,1,1.898399999999996
347,K84038,Amiodarone HCl_Tab 200mg,0203020D0AAABAB,5,1.7500000000000016
348,K84075,Amiodarone HCl_Tab 200mg,0203020D0AAABAB,5,1.7500000000000016
349,K84019,Amiodarone HCl_Tab 200mg,0203020D0AAABAB,5,1.7500000000000016
350,K84613,Amiodarone HCl_Tab 200mg,0203020D0AAABAB,5,1.7500000000000016
351,K84058,Amiodarone HCl_Tab 200mg,0203020D0AAABAB,5,1.7500000000000016
88,K84071,Clonazepam_Tab 500mcg,0408010F0AAABAB,11,1.7401999999999964
87,K84038,Clonazepam_Tab 500mcg,0408010F0AAABAB,11,1.7401999999999964
89,K84020,Clonazepam_Tab 500mcg,0408010F0AAABAB,1,1.6949999999999965
352,K84052,Amiodarone HCl_Tab 200mg,0203020D0AAABAB,20,1.694
90,K84030,Clonazepam_Tab 500mcg,0408010F0AAABAB,5,1.5819999999999967
96,K84050,Clonazepam_Tab 500mcg,0408010F0AAABAB,5,1.5819999999999967
97,K84082,Clonazepam_Tab 500mcg,0408010F0AAABAB,5,1.5819999999999967
91,K84004,Clonazepam_Tab 500mcg,0408010F0AAABAB,5,1.5819999999999967
93,K84037,Clonazepam_Tab 500mcg,0408010F0AAABAB,2,1.5819999999999967
95,K84044,Clonazepam_Tab 500mcg,0408010F0AAABAB,5,1.5819999999999967
94,K84038,Clonazepam_Tab 500mcg,0408010F0AAABAB,5,1.5819999999999967
92,K84055,Clonazepam_Tab 500mcg,0408010F0AAABAB,10,1.5819999999999967
353,K84010,Amiodarone HCl_Tab 200mg,0203020D0AAABAB,2,1.4000000000000012
354,K84079,Amiodarone HCl_Tab 200mg,0203020D0AAABAB,2,1.4000000000000012
355,K84002,Amiodarone HCl_Tab 200mg,0203020D0AAABAB,4,1.4000000000000012
357,K84040,Amiodarone HCl_Tab 200mg,0203020D0AAABAB,2,1.4000000000000012
358,K84007,Amiodarone HCl_Tab 200mg,0203020D0AAABAB,2,1.4000000000000012
359,K84030,Amiodarone HCl_Tab 200mg,0203020D0AAABAB,2,1.4000000000000012
360,K84008,Amiodarone HCl_Tab 200mg,0203020D0AAABAB,2,1.4000000000000012
361,K84021,Amiodarone HCl_Tab 200mg,0203020D0AAABAB,2,1.4000000000000012
363,K84031,Amiodarone HCl_Tab 200mg,0203020D0AAABAB,4,1.4000000000000012
364,K84025,Amiodarone HCl_Tab 200mg,0203020D0AAABAB,2,1.4000000000000012
356,K84032,Amiodarone HCl_Tab 200mg,0203020D0AAABAB,2,1.4000000000000012
362,K84050,Amiodarone HCl_Tab 200mg,0203020D0AAABAB,2,1.4000000000000012
99,K84002,Clonazepam_Tab 500mcg,0408010F0AAABAB,1,1.3559999999999972
98,K84044,Clonazepam_Tab 500mcg,0408010F0AAABAB,1,1.3559999999999972
365,K84035,Amiodarone HCl_Tab 200mg,0203020D0AAABAB,16,1.3552
100,K84079,Clonazepam_Tab 500mcg,0408010F0AAABAB,4,1.2655999999999974
119,K84004,Clonazepam_Tab 500mcg,0408010F0AAABAB,1,1.2655999999999974
118,K84040,Clonazepam_Tab 500mcg,0408010F0AAABAB,2,1.2655999999999974
117,K84037,Clonazepam_Tab 500mcg,0408010F0AAABAB,2,1.2655999999999974
116,K84006,Clonazepam_Tab 500mcg,0408010F0AAABAB,1,1.2655999999999974
115,K84026,Clonazepam_Tab 500mcg,0408010F0AAABAB,2,1.2655999999999974
114,K84035,Clonazepam_Tab 500mcg,0408010F0AAABAB,4,1.2655999999999974
113,K84004,Clonazepam_Tab 500mcg,0408010F0AAABAB,2,1.2655999999999974
112,K84009,Clonazepam_Tab 500mcg,0408010F0AAABAB,4,1.2655999999999974
111,K84013,Clonazepam_Tab 500mcg,0408010F0AAABAB,1,1.2655999999999974
110,K84071,Clonazepam_Tab 500mcg,0408010F0AAABAB,2,1.2655999999999974
120,K84613,Clonazepam_Tab 500mcg,0408010F0AAABAB,2,1.2655999999999974
108,K84002,Clonazepam_Tab 500mcg,0408010F0AAABAB,2,1.2655999999999974
107,K84015,Clonazepam_Tab 500mcg,0408010F0AAABAB,1,1.2655999999999974
106,K84041,Clonazepam_Tab 500mcg,0408010F0AAABAB,2,1.2655999999999974
105,K84031,Clonazepam_Tab 500mcg,0408010F0AAABAB,2,1.2655999999999974
104,K84071,Clonazepam_Tab 500mcg,0408010F0AAABAB,4,1.2655999999999974
103,K84020,Clonazepam_Tab 500mcg,0408010F0AAABAB,2,1.2655999999999974
102,K84054,Clonazepam_Tab 500mcg,0408010F0AAABAB,1,1.2655999999999974
101,K84051,Clonazepam_Tab 500mcg,0408010F0AAABAB,2,1.2655999999999974
109,K84032,Clonazepam_Tab 500mcg,0408010F0AAABAB,2,1.2655999999999974
127,K84026,Clonazepam_Tab 500mcg,0408010F0AAABAB,1,1.2655999999999974
122,K84051,Clonazepam_Tab 500mcg,0408010F0AAABAB,4,1.2655999999999974
126,K84043,Clonazepam_Tab 500mcg,0408010F0AAABAB,4,1.2655999999999974
123,K84066,Clonazepam_Tab 500mcg,0408010F0AAABAB,2,1.2655999999999974
121,K84624,Clonazepam_Tab 500mcg,0408010F0AAABAB,2,1.2655999999999974
125,K84024,Clonazepam_Tab 500mcg,0408010F0AAABAB,1,1.2655999999999974
124,K84047,Clonazepam_Tab 500mcg,0408010F0AAABAB,4,1.2655999999999974
711,K84009,Topiramate_Tab 200mg,040801050AAACAC,1,1.2449999999999994
128,K84055,Clonazepam_Tab 500mcg,0408010F0AAABAB,5,1.1864999999999974
140,K84605,Clonazepam_Tab 500mcg,0408010F0AAABAB,1,1.1299999999999977
135,K84060,Clonazepam_Tab 500mcg,0408010F0AAABAB,1,1.1299999999999977
136,K84026,Clonazepam_Tab 500mcg,0408010F0AAABAB,1,1.1299999999999977
137,K84037,Clonazepam_Tab 500mcg,0408010F0AAABAB,1,1.1299999999999977
138,K84007,Clonazepam_Tab 500mcg,0408010F0AAABAB,1,1.1299999999999977
139,K84035,Clonazepam_Tab 500mcg,0408010F0AAABAB,1,1.1299999999999977
141,K84034,Clonazepam_Tab 500mcg,0408010F0AAABAB,1,1.1299999999999977
133,K84024,Clonazepam_Tab 500mcg,0408010F0AAABAB,1,1.1299999999999977
142,K84048,Clonazepam_Tab 500mcg,0408010F0AAABAB,1,1.1299999999999977
132,K84062,Clonazepam_Tab 500mcg,0408010F0AAABAB,1,1.1299999999999977
131,K84052,Clonazepam_Tab 500mcg,0408010F0AAABAB,1,1.1299999999999977
130,K84004,Clonazepam_Tab 500mcg,0408010F0AAABAB,1,1.1299999999999977
129,K84055,Clonazepam_Tab 500mcg,0408010F0AAABAB,1,1.1299999999999977
143,K84031,Clonazepam_Tab 500mcg,0408010F0AAABAB,1,1.1299999999999977
134,K84027,Clonazepam_Tab 500mcg,0408010F0AAABAB,1,1.1299999999999977
366,K84027,Amiodarone HCl_Tab 200mg,0203020D0AAABAB,3,1.050000000000001
380,K84082,Amiodarone HCl_Tab 200mg,0203020D0AAABAB,3,1.050000000000001
368,K84001,Amiodarone HCl_Tab 200mg,0203020D0AAABAB,1,1.050000000000001
369,K84047,Amiodarone HCl_Tab 200mg,0203020D0AAABAB,3,1.050000000000001
370,K84008,Amiodarone HCl_Tab 200mg,0203020D0AAABAB,1,1.050000000000001
383,K84035,Amiodarone HCl_Tab 200mg,0203020D0AAABAB,3,1.050000000000001
382,K84030,Amiodarone HCl_Tab 200mg,0203020D0AAABAB,3,1.050000000000001
381,K84044,Amiodarone HCl_Tab 200mg,0203020D0AAABAB,1,1.050000000000001
379,K84036,Amiodarone HCl_Tab 200mg,0203020D0AAABAB,3,1.050000000000001
371,K84019,Amiodarone HCl_Tab 200mg,0203020D0AAABAB,1,1.050000000000001
378,K84031,Amiodarone HCl_Tab 200mg,0203020D0AAABAB,1,1.050000000000001
377,K84062,Amiodarone HCl_Tab 200mg,0203020D0AAABAB,1,1.050000000000001
376,K84050,Amiodarone HCl_Tab 200mg,0203020D0AAABAB,1,1.050000000000001
375,K84078,Amiodarone HCl_Tab 200mg,0203020D0AAABAB,1,1.050000000000001
374,K84027,Amiodarone HCl_Tab 200mg,0203020D0AAABAB,1,1.050000000000001
373,K84050,Amiodarone HCl_Tab 200mg,0203020D0AAABAB,3,1.050000000000001
367,K84011,Amiodarone HCl_Tab 200mg,0203020D0AAABAB,1,1.050000000000001
372,K84046,Amiodarone HCl_Tab 200mg,0203020D0AAABAB,3,1.050000000000001
144,K84025,Clonazepam_Tab 500mcg,0408010F0AAABAB,13,1.028299999999998
146,K84028,Clonazepam_Tab 500mcg,0408010F0AAABAB,1,1.016999999999998
147,K84044,Clonazepam_Tab 500mcg,0408010F0AAABAB,3,1.016999999999998
145,K84624,Clonazepam_Tab 500mcg,0408010F0AAABAB,3,1.016999999999998
384,K84044,Amiodarone HCl_Tab 200mg,0203020D0AAABAB,12,1.0164
449,K84041,Valsartan_Tab 40mg,0205052V0AAADAD,1,0.9590000000000001
148,K84072,Clonazepam_Tab 500mcg,0408010F0AAABAB,3,0.949199999999998
162,K84002,Clonazepam_Tab 500mcg,0408010F0AAABAB,2,0.949199999999998
161,K84019,Clonazepam_Tab 500mcg,0408010F0AAABAB,3,0.949199999999998
160,K84040,Clonazepam_Tab 500mcg,0408010F0AAABAB,1,0.949199999999998
159,K84021,Clonazepam_Tab 500mcg,0408010F0AAABAB,6,0.949199999999998
158,K84045,Clonazepam_Tab 500mcg,0408010F0AAABAB,4,0.949199999999998
157,K84017,Clonazepam_Tab 500mcg,0408010F0AAABAB,3,0.949199999999998
156,K84082,Clonazepam_Tab 500mcg,0408010F0AAABAB,1,0.949199999999998
154,K84017,Clonazepam_Tab 500mcg,0408010F0AAABAB,1,0.949199999999998
155,K84011,Clonazepam_Tab 500mcg,0408010F0AAABAB,6,0.949199999999998
149,K84059,Clonazepam_Tab 500mcg,0408010F0AAABAB,4,0.949199999999998
152,K84054,Clonazepam_Tab 500mcg,0408010F0AAABAB,3,0.949199999999998
151,K84028,Clonazepam_Tab 500mcg,0408010F0AAABAB,12,0.949199999999998
150,K84014,Clonazepam_Tab 500mcg,0408010F0AAABAB,1,0.949199999999998
153,K84041,Clonazepam_Tab 500mcg,0408010F0AAABAB,3,0.949199999999998
385,K84071,Amiodarone HCl_Tab 200mg,0203020D0AAABAB,11,0.9317
386,K84038,Amiodarone HCl_Tab 200mg,0203020D0AAABAB,11,0.9317
387,K84060,Amiodarone HCl_Tab 200mg,0203020D0AAABAB,11,0.9317
163,K84613,Clonazepam_Tab 500mcg,0408010F0AAABAB,11,0.8700999999999982
167,K84009,Clonazepam_Tab 500mcg,0408010F0AAABAB,1,0.7909999999999984
166,K84006,Clonazepam_Tab 500mcg,0408010F0AAABAB,5,0.7909999999999984
165,K84062,Clonazepam_Tab 500mcg,0408010F0AAABAB,5,0.7909999999999984
164,K84040,Clonazepam_Tab 500mcg,0408010F0AAABAB,10,0.7909999999999984
388,K84040,Amiodarone HCl_Tab 200mg,0203020D0AAABAB,9,0.7623
390,K84015,Amiodarone HCl_Tab 200mg,0203020D0AAABAB,1,0.7500000000000007
389,K84043,Amiodarone HCl_Tab 200mg,0203020D0AAABAB,1,0.7500000000000007
404,K84072,Amiodarone HCl_Tab 200mg,0203020D0AAABAB,2,0.7000000000000006
399,K84613,Amiodarone HCl_Tab 200mg,0203020D0AAABAB,1,0.7000000000000006
400,K84052,Amiodarone HCl_Tab 200mg,0203020D0AAABAB,2,0.7000000000000006
401,K84033,Amiodarone HCl_Tab 200mg,0203020D0AAABAB,1,0.7000000000000006
403,K84011,Amiodarone HCl_Tab 200mg,0203020D0AAABAB,1,0.7000000000000006
407,K84023,Amiodarone HCl_Tab 200mg,0203020D0AAABAB,2,0.7000000000000006
405,K84015,Amiodarone HCl_Tab 200mg,0203020D0AAABAB,2,0.7000000000000006
406,K84038,Amiodarone HCl_Tab 200mg,0203020D0AAABAB,1,0.7000000000000006
397,K84060,Amiodarone HCl_Tab 200mg,0203020D0AAABAB,1,0.7000000000000006
408,K84080,Amiodarone HCl_Tab 200mg,0203020D0AAABAB,2,0.7000000000000006
409,K84004,Amiodarone HCl_Tab 200mg,0203020D0AAABAB,2,0.7000000000000006
398,K84026,Amiodarone HCl_Tab 200mg,0203020D0AAABAB,1,0.7000000000000006
402,K84605,Amiodarone HCl_Tab 200mg,0203020D0AAABAB,1,0.7000000000000006
396,K84052,Amiodarone HCl_Tab 200mg,0203020D0AAABAB,1,0.7000000000000006
394,K84034,Amiodarone HCl_Tab 200mg,0203020D0AAABAB,2,0.7000000000000006
393,K84037,Amiodarone HCl_Tab 200mg,0203020D0AAABAB,1,0.7000000000000006
392,K84002,Amiodarone HCl_Tab 200mg,0203020D0AAABAB,1,0.7000000000000006
395,K84610,Amiodarone HCl_Tab 200mg,0203020D0AAABAB,2,0.7000000000000006
391,K84001,Amiodarone HCl_Tab 200mg,0203020D0AAABAB,1,0.7000000000000006
177,K84059,Clonazepam_Tab 500mcg,0408010F0AAABAB,1,0.6779999999999986
180,K84051,Clonazepam_Tab 500mcg,0408010F0AAABAB,1,0.6779999999999986
179,K84014,Clonazepam_Tab 500mcg,0408010F0AAABAB,2,0.6779999999999986
178,K84063,Clonazepam_Tab 500mcg,0408010F0AAABAB,1,0.6779999999999986
174,K84071,Clonazepam_Tab 500mcg,0408010F0AAABAB,1,0.6779999999999986
176,K84618,Clonazepam_Tab 500mcg,0408010F0AAABAB,1,0.6779999999999986
175,K84020,Clonazepam_Tab 500mcg,0408010F0AAABAB,1,0.6779999999999986
173,K84008,Clonazepam_Tab 500mcg,0408010F0AAABAB,1,0.6779999999999986
172,K84052,Clonazepam_Tab 500mcg,0408010F0AAABAB,2,0.6779999999999986
171,K84028,Clonazepam_Tab 500mcg,0408010F0AAABAB,1,0.6779999999999986
168,K84020,Clonazepam_Tab 500mcg,0408010F0AAABAB,2,0.6779999999999986
170,K84075,Clonazepam_Tab 500mcg,0408010F0AAABAB,1,0.6779999999999986
169,K84041,Clonazepam_Tab 500mcg,0408010F0AAABAB,1,0.6779999999999986
411,K84030,Amiodarone HCl_Tab 200mg,0203020D0AAABAB,8,0.6776
410,K84055,Amiodarone HCl_Tab 200mg,0203020D0AAABAB,8,0.6776
190,K84040,Clonazepam_Tab 500mcg,0408010F0AAABAB,2,0.6327999999999987
192,K84054,Clonazepam_Tab 500mcg,0408010F0AAABAB,1,0.6327999999999987
193,K84008,Clonazepam_Tab 500mcg,0408010F0AAABAB,4,0.6327999999999987
194,K84008,Clonazepam_Tab 500mcg,0408010F0AAABAB,1,0.6327999999999987
195,K84082,Clonazepam_Tab 500mcg,0408010F0AAABAB,1,0.6327999999999987
196,K84009,Clonazepam_Tab 500mcg,0408010F0AAABAB,4,0.6327999999999987
197,K84050,Clonazepam_Tab 500mcg,0408010F0AAABAB,1,0.6327999999999987
198,K84003,Clonazepam_Tab 500mcg,0408010F0AAABAB,1,0.6327999999999987
199,K84028,Clonazepam_Tab 500mcg,0408010F0AAABAB,4,0.6327999999999987
191,K84048,Clonazepam_Tab 500mcg,0408010F0AAABAB,8,0.6327999999999987
188,K84016,Clonazepam_Tab 500mcg,0408010F0AAABAB,2,0.6327999999999987
181,K84046,Clonazepam_Tab 500mcg,0408010F0AAABAB,2,0.6327999999999987
189,K84006,Clonazepam_Tab 500mcg,0408010F0AAABAB,1,0.6327999999999987
184,K84002,Clonazepam_Tab 500mcg,0408010F0AAABAB,2,0.6327999999999987
183,K84078,Clonazepam_Tab 500mcg,0408010F0AAABAB,1,0.6327999999999987
182,K84001,Clonazepam_Tab 500mcg,0408010F0AAABAB,4,0.6327999999999987
187,K84023,Clonazepam_Tab 500mcg,0408010F0AAABAB,4,0.6327999999999987
200,K84014,Clonazepam_Tab 500mcg,0408010F0AAABAB,1,0.6327999999999987
186,K84062,Clonazepam_Tab 500mcg,0408010F0AAABAB,8,0.6327999999999987
185,K84035,Clonazepam_Tab 500mcg,0408010F0AAABAB,1,0.6327999999999987
205,K84033,Clonazepam_Tab 500mcg,0408010F0AAABAB,2,0.6327999999999987
204,K84052,Clonazepam_Tab 500mcg,0408010F0AAABAB,1,0.6327999999999987
203,K84059,Clonazepam_Tab 500mcg,0408010F0AAABAB,1,0.6327999999999987
202,K84001,Clonazepam_Tab 500mcg,0408010F0AAABAB,1,0.6327999999999987
201,K84001,Clonazepam_Tab 500mcg,0408010F0AAABAB,2,0.6327999999999987
412,K84059,Amiodarone HCl_Tab 200mg,0203020D0AAABAB,7,0.5929
206,K84017,Clonazepam_Tab 500mcg,0408010F0AAABAB,1,0.5699999999999983
208,K84010,Clonazepam_Tab 500mcg,0408010F0AAABAB,1,0.5699999999999983
207,K84051,Clonazepam_Tab 500mcg,0408010F0AAABAB,1,0.5699999999999983
209,K84028,Clonazepam_Tab 500mcg,0408010F0AAABAB,1,0.5699999999999983
210,K84033,Clonazepam_Tab 500mcg,0408010F0AAABAB,2,0.5599999999999994
413,K84031,Amiodarone HCl_Tab 200mg,0203020D0AAABAB,6,0.5082
211,K84055,Clonazepam_Tab 500mcg,0408010F0AAABAB,4,0.48839999999999995
212,K84051,Clonazepam_Tab 500mcg,0408010F0AAABAB,3,0.474599999999999
213,K84035,Clonazepam_Tab 500mcg,0408010F0AAABAB,1,0.45199999999999907
414,K84021,Amiodarone HCl_Tab 200mg,0203020D0AAABAB,5,0.4235
214,K84009,Clonazepam_Tab 500mcg,0408010F0AAABAB,5,0.3954999999999992
415,K84044,Amiodarone HCl_Tab 200mg,0203020D0AAABAB,1,0.3500000000000003
416,K84045,Amiodarone HCl_Tab 200mg,0203020D0AAABAB,1,0.3500000000000003
419,K84066,Amiodarone HCl_Tab 200mg,0203020D0AAABAB,1,0.3500000000000003
423,K84060,Amiodarone HCl_Tab 200mg,0203020D0AAABAB,1,0.3500000000000003
422,K84054,Amiodarone HCl_Tab 200mg,0203020D0AAABAB,1,0.3500000000000003
421,K84043,Amiodarone HCl_Tab 200mg,0203020D0AAABAB,1,0.3500000000000003
420,K84007,Amiodarone HCl_Tab 200mg,0203020D0AAABAB,1,0.3500000000000003
418,K84009,Amiodarone HCl_Tab 200mg,0203020D0AAABAB,1,0.3500000000000003
417,K84056,Amiodarone HCl_Tab 200mg,0203020D0AAABAB,1,0.3500000000000003
215,K84030,Clonazepam_Tab 500mcg,0408010F0AAABAB,8,0.33919999999999995
225,K84618,Clonazepam_Tab 500mcg,0408010F0AAABAB,1,0.3389999999999993
226,K84078,Clonazepam_Tab 500mcg,0408010F0AAABAB,1,0.3389999999999993
224,K84045,Clonazepam_Tab 500mcg,0408010F0AAABAB,1,0.3389999999999993
223,K84021,Clonazepam_Tab 500mcg,0408010F0AAABAB,1,0.3389999999999993
222,K84038,Clonazepam_Tab 500mcg,0408010F0AAABAB,1,0.3389999999999993
221,K84002,Clonazepam_Tab 500mcg,0408010F0AAABAB,1,0.3389999999999993
219,K84065,Clonazepam_Tab 500mcg,0408010F0AAABAB,1,0.3389999999999993
218,K84082,Clonazepam_Tab 500mcg,0408010F0AAABAB,1,0.3389999999999993
217,K84610,Clonazepam_Tab 500mcg,0408010F0AAABAB,1,0.3389999999999993
216,K84071,Clonazepam_Tab 500mcg,0408010F0AAABAB,1,0.3389999999999993
220,Y02754,Clonazepam_Tab 500mcg,0408010F0AAABAB,1,0.3389999999999993
429,K84009,Amiodarone HCl_Tab 200mg,0203020D0AAABAB,4,0.3388
424,K84001,Amiodarone HCl_Tab 200mg,0203020D0AAABAB,4,0.3388
430,K84024,Amiodarone HCl_Tab 200mg,0203020D0AAABAB,4,0.3388
425,K84013,Amiodarone HCl_Tab 200mg,0203020D0AAABAB,4,0.3388
431,Y02754,Amiodarone HCl_Tab 200mg,0203020D0AAABAB,4,0.3388
432,K84058,Amiodarone HCl_Tab 200mg,0203020D0AAABAB,4,0.3388
428,K84080,Amiodarone HCl_Tab 200mg,0203020D0AAABAB,4,0.3388
427,K84003,Amiodarone HCl_Tab 200mg,0203020D0AAABAB,4,0.3388
426,K84006,Amiodarone HCl_Tab 200mg,0203020D0AAABAB,4,0.3388
246,K84024,Clonazepam_Tab 500mcg,0408010F0AAABAB,1,0.31639999999999935
238,K84038,Clonazepam_Tab 500mcg,0408010F0AAABAB,4,0.31639999999999935
239,K84011,Clonazepam_Tab 500mcg,0408010F0AAABAB,1,0.31639999999999935
240,K84007,Clonazepam_Tab 500mcg,0408010F0AAABAB,1,0.31639999999999935
241,K84072,Clonazepam_Tab 500mcg,0408010F0AAABAB,2,0.31639999999999935
242,K84027,Clonazepam_Tab 500mcg,0408010F0AAABAB,1,0.31639999999999935
243,K84613,Clonazepam_Tab 500mcg,0408010F0AAABAB,2,0.31639999999999935
244,K84006,Clonazepam_Tab 500mcg,0408010F0AAABAB,4,0.31639999999999935
245,K84056,Clonazepam_Tab 500mcg,0408010F0AAABAB,1,0.31639999999999935
236,K84023,Clonazepam_Tab 500mcg,0408010F0AAABAB,1,0.31639999999999935
231,K84008,Clonazepam_Tab 500mcg,0408010F0AAABAB,1,0.31639999999999935
230,K84020,Clonazepam_Tab 500mcg,0408010F0AAABAB,1,0.31639999999999935
232,K84025,Clonazepam_Tab 500mcg,0408010F0AAABAB,1,0.31639999999999935
233,K84055,Clonazepam_Tab 500mcg,0408010F0AAABAB,4,0.31639999999999935
234,K84052,Clonazepam_Tab 500mcg,0408010F0AAABAB,1,0.31639999999999935
235,K84026,Clonazepam_Tab 500mcg,0408010F0AAABAB,1,0.31639999999999935
229,K84021,Clonazepam_Tab 500mcg,0408010F0AAABAB,1,0.31639999999999935
228,K84032,Clonazepam_Tab 500mcg,0408010F0AAABAB,1,0.31639999999999935
227,K84063,Clonazepam_Tab 500mcg,0408010F0AAABAB,1,0.31639999999999935
237,K84003,Clonazepam_Tab 500mcg,0408010F0AAABAB,1,0.31639999999999935
433,K84062,Amiodarone HCl_Tab 200mg,0203020D0AAABAB,3,0.2541
249,K84028,Clonazepam_Tab 500mcg,0408010F0AAABAB,1,0.2372999999999995
248,K84059,Clonazepam_Tab 500mcg,0408010F0AAABAB,3,0.2372999999999995
247,K84030,Clonazepam_Tab 500mcg,0408010F0AAABAB,3,0.2372999999999995
251,K84055,Clonazepam_Tab 500mcg,0408010F0AAABAB,1,0.22199999999999998
252,K84007,Clonazepam_Tab 500mcg,0408010F0AAABAB,1,0.22199999999999998
253,K84011,Clonazepam_Tab 500mcg,0408010F0AAABAB,1,0.22199999999999998
250,K84001,Clonazepam_Tab 500mcg,0408010F0AAABAB,1,0.22199999999999998
254,K84043,Clonazepam_Tab 500mcg,0408010F0AAABAB,2,0.18879999999999963
434,K84055,Amiodarone HCl_Tab 200mg,0203020D0AAABAB,1,0.17920000000000008
255,K84052,Clonazepam_Tab 500mcg,0408010F0AAABAB,1,0.174
263,K84033,Clonazepam_Tab 500mcg,0408010F0AAABAB,1,0.15819999999999967
261,K84041,Clonazepam_Tab 500mcg,0408010F0AAABAB,1,0.15819999999999967
260,K84054,Clonazepam_Tab 500mcg,0408010F0AAABAB,1,0.15819999999999967
259,K84082,Clonazepam_Tab 500mcg,0408010F0AAABAB,2,0.15819999999999967
258,K84024,Clonazepam_Tab 500mcg,0408010F0AAABAB,1,0.15819999999999967
257,K84046,Clonazepam_Tab 500mcg,0408010F0AAABAB,1,0.15819999999999967
256,K84040,Clonazepam_Tab 500mcg,0408010F0AAABAB,1,0.15819999999999967
262,K84059,Clonazepam_Tab 500mcg,0408010F0AAABAB,1,0.15819999999999967
264,K84082,Clonazepam_Tab 500mcg,0408010F0AAABAB,3,0.12719999999999998
265,K84025,Clonazepam_Tab 500mcg,0408010F0AAABAB,1,0.11599999999999999
266,K84013,Clonazepam_Tab 500mcg,0408010F0AAABAB,1,0.09439999999999982
268,K84071,Clonazepam_Tab 500mcg,0408010F0AAABAB,1,0.07909999999999984
267,K84013,Clonazepam_Tab 500mcg,0408010F0AAABAB,1,0.07909999999999984
269,K84055,Clonazepam_Tab 500mcg,0408010F0AAABAB,1,0.04239999999999999
719,K84062,Rabeprazole Sod_Tab E/C 20mg,0103050T0AAABAB,4,0.011199999999999932
720,K84052,Rabeprazole Sod_Tab E/C 20mg,0103050T0AAABAB,4,0.011199999999999932
721,K84040,Rabeprazole Sod_Tab E/C 20mg,0103050T0AAABAB,4,0.011199999999999932
722,K84035,Rabeprazole Sod_Tab E/C 20mg,0103050T0AAABAB,4,0.011199999999999932
723,K84006,Rabeprazole Sod_Tab E/C 20mg,0103050T0AAABAB,4,0.011199999999999932
454,K84015,Lamotrigine_Tab 50mg,0408010H0AAABAB,1,0.0030000000000005023
580,K84071,Lamotrigine_Tab 50mg,0408010H0AAABAB,1,0.0
598,K84056,Lamotrigine_Tab 50mg,0408010H0AAABAB,2,0.0
600,K84020,Lamotrigine_Tab 50mg,0408010H0AAABAB,1,0.0
601,K84072,Lamotrigine_Tab 50mg,0408010H0AAABAB,3,0.0
602,K84051,Lamotrigine_Tab 50mg,0408010H0AAABAB,9,0.0
603,K84043,Lamotrigine_Tab 50mg,0408010H0AAABAB,2,0.0
604,K84002,Lamotrigine_Tab 50mg,0408010H0AAABAB,2,0.0
605,K84027,Lamotrigine_Tab 50mg,0408010H0AAABAB,1,0.0
606,K84024,Lamotrigine_Tab 50mg,0408010H0AAABAB,3,0.0
607,K84035,Lamotrigine_Tab 50mg,0408010H0AAABAB,1,0.0
608,K84610,Lamotrigine_Tab 50mg,0408010H0AAABAB,2,0.0
609,K84009,Lamotrigine_Tab 50mg,0408010H0AAABAB,1,0.0
610,K84617,Lamotrigine_Tab 50mg,0408010H0AAABAB,1,0.0
611,K84071,Lamotrigine_Tab 50mg,0408010H0AAABAB,1,0.0
612,K84035,Lamotrigine_Tab 50mg,0408010H0AAABAB,4,0.0
613,K84624,Lamotrigine_Tab 50mg,0408010H0AAABAB,7,0.0
614,K84040,Lamotrigine_Tab 50mg,0408010H0AAABAB,2,0.0
615,K84043,Lamotrigine_Tab 50mg,0408010H0AAABAB,1,0.0
616,K84007,Lamotrigine_Tab 50mg,0408010H0AAABAB,1,0.0
617,K84014,Lamotrigine_Tab 50mg,0408010H0AAABAB,10,0.0
618,K84052,Lamotrigine_Tab 50mg,0408010H0AAABAB,6,0.0
619,K84044,Lamotrigine_Tab 50mg,0408010H0AAABAB,1,0.0
620,K84080,Lamotrigine_Tab 50mg,0408010H0AAABAB,1,0.0
621,K84010,Lamotrigine_Tab 50mg,0408010H0AAABAB,1,0.0
622,K84028,Lamotrigine_Tab 50mg,0408010H0AAABAB,1,0.0
623,K84054,Lamotrigine_Tab 50mg,0408010H0AAABAB,7,0.0
624,K84613,Lamotrigine_Tab 50mg,0408010H0AAABAB,8,0.0
625,K84001,Lamotrigine_Tab 50mg,0408010H0AAABAB,4,0.0
626,K84037,Lamotrigine_Tab 50mg,0408010H0AAABAB,1,0.0
627,Y02754,Lamotrigine_Tab 50mg,0408010H0AAABAB,1,0.0
599,K84062,Lamotrigine_Tab 50mg,0408010H0AAABAB,4,0.0
597,K84033,Lamotrigine_Tab 50mg,0408010H0AAABAB,1,0.0
629,K84618,Lamotrigine_Tab 50mg,0408010H0AAABAB,1,0.0
581,K84618,Lamotrigine_Tab 50mg,0408010H0AAABAB,1,0.0
567,K84004,Lamotrigine_Tab 50mg,0408010H0AAABAB,4,0.0
568,K84079,Lamotrigine_Tab 50mg,0408010H0AAABAB,2,0.0
569,K84025,Lamotrigine_Tab 50mg,0408010H0AAABAB,3,0.0
570,K84041,Lamotrigine_Tab 50mg,0408010H0AAABAB,2,0.0
571,K84078,Lamotrigine_Tab 50mg,0408010H0AAABAB,1,0.0
572,K84007,Lamotrigine_Tab 50mg,0408010H0AAABAB,5,0.0
573,K84019,Lamotrigine_Tab 50mg,0408010H0AAABAB,1,0.0
574,K84032,Lamotrigine_Tab 50mg,0408010H0AAABAB,3,0.0
575,K84002,Lamotrigine_Tab 50mg,0408010H0AAABAB,6,0.0
576,K84033,Lamotrigine_Tab 50mg,0408010H0AAABAB,6,0.0
577,K84052,Lamotrigine_Tab 50mg,0408010H0AAABAB,2,0.0
578,K84007,Lamotrigine_Tab 50mg,0408010H0AAABAB,4,0.0
579,K84007,Lamotrigine_Tab 50mg,0408010H0AAABAB,3,0.0
582,K84052,Lamotrigine_Tab 50mg,0408010H0AAABAB,1,0.0
596,K84028,Lamotrigine_Tab 50mg,0408010H0AAABAB,9,0.0
583,K84613,Lamotrigine_Tab 50mg,0408010H0AAABAB,1,0.0
584,K84021,Lamotrigine_Tab 50mg,0408010H0AAABAB,2,0.0
585,K84032,Lamotrigine_Tab 50mg,0408010H0AAABAB,2,0.0
586,K84042,Lamotrigine_Tab 50mg,0408010H0AAABAB,4,0.0
587,K84025,Lamotrigine_Tab 50mg,0408010H0AAABAB,1,0.0
588,K84044,Lamotrigine_Tab 50mg,0408010H0AAABAB,3,0.0
589,K84059,Lamotrigine_Tab 50mg,0408010H0AAABAB,1,0.0
590,K84028,Lamotrigine_Tab 50mg,0408010H0AAABAB,3,0.0
591,K84082,Lamotrigine_Tab 50mg,0408010H0AAABAB,2,0.0
592,K84009,Lamotrigine_Tab 50mg,0408010H0AAABAB,2,0.0
593,K84013,Lamotrigine_Tab 50mg,0408010H0AAABAB,1,0.0
594,K84004,Lamotrigine_Tab 50mg,0408010H0AAABAB,1,0.0
595,K84021,Lamotrigine_Tab 50mg,0408010H0AAABAB,5,0.0
628,K84063,Lamotrigine_Tab 50mg,0408010H0AAABAB,1,0.0
630,K84040,Lamotrigine_Tab 50mg,0408010H0AAABAB,2,0.0
565,K84050,Lamotrigine_Tab 50mg,0408010H0AAABAB,2,0.0
676,K84020,Lamotrigine_Tab 50mg,0408010H0AAABAB,2,0.0
663,K84011,Lamotrigine_Tab 50mg,0408010H0AAABAB,1,0.0
664,K84023,Lamotrigine_Tab 50mg,0408010H0AAABAB,4,0.0
665,K84062,Lamotrigine_Tab 50mg,0408010H0AAABAB,6,0.0
666,K84065,Lamotrigine_Tab 50mg,0408010H0AAABAB,1,0.0
667,K84028,Lamotrigine_Tab 50mg,0408010H0AAABAB,2,0.0
668,K84063,Lamotrigine_Tab 50mg,0408010H0AAABAB,1,0.0
669,K84017,Lamotrigine_Tab 50mg,0408010H0AAABAB,1,0.0
670,K84028,Lamotrigine_Tab 50mg,0408010H0AAABAB,5,0.0
671,K84037,Lamotrigine_Tab 50mg,0408010H0AAABAB,19,0.0
672,K84040,Lamotrigine_Tab 50mg,0408010H0AAABAB,1,0.0
673,K84075,Lamotrigine_Tab 50mg,0408010H0AAABAB,1,0.0
674,K84032,Lamotrigine_Tab 50mg,0408010H0AAABAB,8,0.0
675,K84080,Lamotrigine_Tab 50mg,0408010H0AAABAB,1,0.0
677,K84010,Lamotrigine_Tab 50mg,0408010H0AAABAB,2,0.0
631,K84046,Lamotrigine_Tab 50mg,0408010H0AAABAB,5,0.0
678,K84062,Lamotrigine_Tab 50mg,0408010H0AAABAB,13,0.0
679,K84078,Lamotrigine_Tab 50mg,0408010H0AAABAB,2,0.0
680,K84011,Lamotrigine_Tab 50mg,0408010H0AAABAB,1,0.0
681,K84042,Lamotrigine_Tab 50mg,0408010H0AAABAB,5,0.0
682,K84025,Lamotrigine_Tab 50mg,0408010H0AAABAB,5,0.0
683,K84033,Lamotrigine_Tab 50mg,0408010H0AAABAB,2,0.0
684,K84082,Lamotrigine_Tab 50mg,0408010H0AAABAB,1,0.0
685,K84062,Lamotrigine_Tab 50mg,0408010H0AAABAB,1,0.0
686,K84028,Lamotrigine_Tab 50mg,0408010H0AAABAB,17,0.0
687,K84613,Lamotrigine_Tab 50mg,0408010H0AAABAB,1,0.0
688,K84082,Lamotrigine_Tab 50mg,0408010H0AAABAB,7,0.0
689,K84617,Lamotrigine_Tab 50mg,0408010H0AAABAB,1,0.0
690,K84072,Lamotrigine_Tab 50mg,0408010H0AAABAB,6,0.0
662,K84027,Lamotrigine_Tab 50mg,0408010H0AAABAB,1,0.0
661,K84015,Lamotrigine_Tab 50mg,0408010H0AAABAB,1,0.0
660,K84046,Lamotrigine_Tab 50mg,0408010H0AAABAB,2,0.0
659,K84050,Lamotrigine_Tab 50mg,0408010H0AAABAB,3,0.0
632,K84082,Lamotrigine_Tab 50mg,0408010H0AAABAB,1,0.0
633,K84019,Lamotrigine_Tab 50mg,0408010H0AAABAB,3,0.0
634,K84052,Lamotrigine_Tab 50mg,0408010H0AAABAB,3,0.0
635,K84042,Lamotrigine_Tab 50mg,0408010H0AAABAB,4,0.0
636,K84023,Lamotrigine_Tab 50mg,0408010H0AAABAB,1,0.0
637,K84049,Lamotrigine_Tab 50mg,0408010H0AAABAB,4,0.0
638,K84046,Lamotrigine_Tab 50mg,0408010H0AAABAB,4,0.0
639,K84045,Lamotrigine_Tab 50mg,0408010H0AAABAB,3,0.0
640,K84037,Lamotrigine_Tab 50mg,0408010H0AAABAB,2,0.0
641,K84046,Lamotrigine_Tab 50mg,0408010H0AAABAB,1,0.0
642,K84079,Lamotrigine_Tab 50mg,0408010H0AAABAB,3,0.0
643,K84047,Lamotrigine_Tab 50mg,0408010H0AAABAB,1,0.0
644,K84002,Lamotrigine_Tab 50mg,0408010H0AAABAB,1,0.0
645,K84041,Lamotrigine_Tab 50mg,0408010H0AAABAB,10,0.0
646,K84023,Lamotrigine_Tab 50mg,0408010H0AAABAB,1,0.0
647,K84026,Lamotrigine_Tab 50mg,0408010H0AAABAB,2,0.0
648,K84071,Lamotrigine_Tab 50mg,0408010H0AAABAB,4,0.0
649,K84624,Lamotrigine_Tab 50mg,0408010H0AAABAB,1,0.0
650,K84043,Lamotrigine_Tab 50mg,0408010H0AAABAB,3,0.0
651,K84063,Lamotrigine_Tab 50mg,0408010H0AAABAB,1,0.0
652,K84002,Lamotrigine_Tab 50mg,0408010H0AAABAB,16,0.0
653,K84027,Lamotrigine_Tab 50mg,0408010H0AAABAB,11,0.0
654,K84050,Lamotrigine_Tab 50mg,0408010H0AAABAB,2,0.0
655,K84054,Lamotrigine_Tab 50mg,0408010H0AAABAB,9,0.0
656,K84002,Lamotrigine_Tab 50mg,0408010H0AAABAB,1,0.0
657,K84030,Lamotrigine_Tab 50mg,0408010H0AAABAB,4,0.0
658,K84038,Lamotrigine_Tab 50mg,0408010H0AAABAB,1,0.0
566,K84052,Lamotrigine_Tab 50mg,0408010H0AAABAB,11,0.0
456,K84605,Lamotrigine_Tab 50mg,0408010H0AAABAB,1,0.0
564,K84075,Lamotrigine_Tab 50mg,0408010H0AAABAB,6,0.0
495,K84055,Lamotrigine_Tab 50mg,0408010H0AAABAB,10,0.0
484,K84013,Lamotrigine_Tab 50mg,0408010H0AAABAB,2,0.0
485,K84038,Lamotrigine_Tab 50mg,0408010H0AAABAB,10,0.0
563,K84010,Lamotrigine_Tab 50mg,0408010H0AAABAB,1,0.0
487,K84003,Lamotrigine_Tab 50mg,0408010H0AAABAB,3,0.0
488,K84059,Lamotrigine_Tab 50mg,0408010H0AAABAB,3,0.0
489,K84010,Lamotrigine_Tab 50mg,0408010H0AAABAB,2,0.0
490,K84001,Lamotrigine_Tab 50mg,0408010H0AAABAB,2,0.0
491,K84075,Lamotrigine_Tab 50mg,0408010H0AAABAB,1,0.0
492,K84082,Lamotrigine_Tab 50mg,0408010H0AAABAB,6,0.0
493,K84010,Lamotrigine_Tab 50mg,0408010H0AAABAB,7,0.0
494,K84071,Lamotrigine_Tab 50mg,0408010H0AAABAB,8,0.0
496,K84009,Lamotrigine_Tab 50mg,0408010H0AAABAB,10,0.0
482,K84072,Lamotrigine_Tab 50mg,0408010H0AAABAB,2,0.0
497,K84040,Lamotrigine_Tab 50mg,0408010H0AAABAB,8,0.0
498,K84001,Lamotrigine_Tab 50mg,0408010H0AAABAB,1,0.0
499,K84032,Lamotrigine_Tab 50mg,0408010H0AAABAB,3,0.0
500,K84035,Lamotrigine_Tab 50mg,0408010H0AAABAB,3,0.0
501,K84009,Lamotrigine_Tab 50mg,0408010H0AAABAB,9,0.0
502,K84004,Lamotrigine_Tab 50mg,0408010H0AAABAB,1,0.0
503,K84045,Lamotrigine_Tab 50mg,0408010H0AAABAB,1,0.0
504,K84047,Lamotrigine_Tab 50mg,0408010H0AAABAB,2,0.0
505,K84024,Lamotrigine_Tab 50mg,0408010H0AAABAB,2,0.0
506,K84030,Lamotrigine_Tab 50mg,0408010H0AAABAB,10,0.0
507,K84613,Lamotrigine_Tab 50mg,0408010H0AAABAB,2,0.0
483,K84041,Lamotrigine_Tab 50mg,0408010H0AAABAB,5,0.0
481,K84031,Lamotrigine_Tab 50mg,0408010H0AAABAB,3,0.0
509,K84016,Lamotrigine_Tab 50mg,0408010H0AAABAB,4,0.0
467,K84014,Lamotrigine_Tab 50mg,0408010H0AAABAB,1,0.0
455,K84045,Lamotrigine_Tab 50mg,0408010H0AAABAB,4,0.0
457,K84024,Lamotrigine_Tab 50mg,0408010H0AAABAB,1,0.0
458,K84038,Lamotrigine_Tab 50mg,0408010H0AAABAB,1,0.0
459,K84013,Lamotrigine_Tab 50mg,0408010H0AAABAB,1,0.0
460,K84040,Lamotrigine_Tab 50mg,0408010H0AAABAB,7,0.0
461,K84026,Lamotrigine_Tab 50mg,0408010H0AAABAB,2,0.0
462,K84008,Lamotrigine_Tab 50mg,0408010H0AAABAB,10,0.0
463,K84056,Lamotrigine_Tab 50mg,0408010H0AAABAB,1,0.0
464,K84006,Lamotrigine_Tab 50mg,0408010H0AAABAB,3,0.0
465,K84038,Lamotrigine_Tab 50mg,0408010H0AAABAB,3,0.0
466,K84038,Lamotrigine_Tab 50mg,0408010H0AAABAB,3,0.0
468,K84049,Lamotrigine_Tab 50mg,0408010H0AAABAB,1,0.0
480,K84041,Lamotrigine_Tab 50mg,0408010H0AAABAB,5,0.0
469,K84080,Lamotrigine_Tab 50mg,0408010H0AAABAB,1,0.0
470,K84014,Lamotrigine_Tab 50mg,0408010H0AAABAB,10,0.0
471,K84055,Lamotrigine_Tab 50mg,0408010H0AAABAB,4,0.0
472,K84026,Lamotrigine_Tab 50mg,0408010H0AAABAB,1,0.0
473,K84060,Lamotrigine_Tab 50mg,0408010H0AAABAB,1,0.0
474,K84006,Lamotrigine_Tab 50mg,0408010H0AAABAB,8,0.0
475,K84042,Lamotrigine_Tab 50mg,0408010H0AAABAB,8,0.0
476,K84027,Lamotrigine_Tab 50mg,0408010H0AAABAB,2,0.0
477,K84618,Lamotrigine_Tab 50mg,0408010H0AAABAB,3,0.0
478,K84011,Lamotrigine_Tab 50mg,0408010H0AAABAB,2,0.0
479,K84079,Lamotrigine_Tab 50mg,0408010H0AAABAB,1,0.0
508,K84610,Lamotrigine_Tab 50mg,0408010H0AAABAB,6,0.0
486,K84610,Lamotrigine_Tab 50mg,0408010H0AAABAB,1,0.0
510,K84075,Lamotrigine_Tab 50mg,0408010H0AAABAB,1,0.0
550,K84013,Lamotrigine_Tab 50mg,0408010H0AAABAB,1,0.0
539,K84026,Lamotrigine_Tab 50mg,0408010H0AAABAB,4,0.0
540,K84617,Lamotrigine_Tab 50mg,0408010H0AAABAB,1,0.0
541,K84058,Lamotrigine_Tab 50mg,0408010H0AAABAB,3,0.0
542,K84001,Lamotrigine_Tab 50mg,0408010H0AAABAB,2,0.0
543,K84030,Lamotrigine_Tab 50mg,0408010H0AAABAB,1,0.0
544,K84040,Lamotrigine_Tab 50mg,0408010H0AAABAB,1,0.0
545,K84058,Lamotrigine_Tab 50mg,0408010H0AAABAB,1,0.0
546,K84028,Lamotrigine_Tab 50mg,0408010H0AAABAB,1,0.0
547,K84009,Lamotrigine_Tab 50mg,0408010H0AAABAB,4,0.0
548,K84031,Lamotrigine_Tab 50mg,0408010H0AAABAB,1,0.0
549,K84020,Lamotrigine_Tab 50mg,0408010H0AAABAB,1,0.0
551,K84048,Lamotrigine_Tab 50mg,0408010H0AAABAB,6,0.0
537,K84017,Lamotrigine_Tab 50mg,0408010H0AAABAB,2,0.0
552,K84019,Lamotrigine_Tab 50mg,0408010H0AAABAB,5,0.0
553,K84030,Lamotrigine_Tab 50mg,0408010H0AAABAB,2,0.0
554,K84063,Lamotrigine_Tab 50mg,0408010H0AAABAB,2,0.0
555,K84041,Lamotrigine_Tab 50mg,0408010H0AAABAB,1,0.0
556,K84052,Lamotrigine_Tab 50mg,0408010H0AAABAB,6,0.0
557,K84013,Lamotrigine_Tab 50mg,0408010H0AAABAB,1,0.0
558,K84017,Lamotrigine_Tab 50mg,0408010H0AAABAB,3,0.0
559,K84016,Lamotrigine_Tab 50mg,0408010H0AAABAB,1,0.0
511,K84019,Lamotrigine_Tab 50mg,0408010H0AAABAB,1,0.0
561,K84032,Lamotrigine_Tab 50mg,0408010H0AAABAB,7,0.0
562,K84049,Lamotrigine_Tab 50mg,0408010H0AAABAB,4,0.0
538,K84031,Lamotrigine_Tab 50mg,0408010H0AAABAB,4,0.0
560,K84056,Lamotrigine_Tab 50mg,0408010H0AAABAB,2,0.0
536,K84044,Lamotrigine_Tab 50mg,0408010H0AAABAB,5,0.0
523,K84026,Lamotrigine_Tab 50mg,0408010H0AAABAB,4,0.0
512,K84047,Lamotrigine_Tab 50mg,0408010H0AAABAB,1,0.0
513,K84049,Lamotrigine_Tab 50mg,0408010H0AAABAB,1,0.0
514,Y02754,Lamotrigine_Tab 50mg,0408010H0AAABAB,2,0.0
515,K84015,Lamotrigine_Tab 50mg,0408010H0AAABAB,4,0.0
516,K84026,Lamotrigine_Tab 50mg,0408010H0AAABAB,3,0.0
517,K84052,Lamotrigine_Tab 50mg,0408010H0AAABAB,2,0.0
518,K84004,Lamotrigine_Tab 50mg,0408010H0AAABAB,1,0.0
535,K84030,Lamotrigine_Tab 50mg,0408010H0AAABAB,5,0.0
520,K84082,Lamotrigine_Tab 50mg,0408010H0AAABAB,8,0.0
521,K84075,Lamotrigine_Tab 50mg,0408010H0AAABAB,1,0.0
522,K84045,Lamotrigine_Tab 50mg,0408010H0AAABAB,2,0.0
519,K84040,Lamotrigine_Tab 50mg,0408010H0AAABAB,9,0.0
524,K84033,Lamotrigine_Tab 50mg,0408010H0AAABAB,3,0.0
534,K84026,Lamotrigine_Tab 50mg,0408010H0AAABAB,2,0.0
525,K84017,Lamotrigine_Tab 50mg,0408010H0AAABAB,1,0.0
526,K84055,Lamotrigine_Tab 50mg,0408010H0AAABAB,2,0.0
527,K84055,Lamotrigine_Tab 50mg,0408010H0AAABAB,4,0.0
528,K84048,Lamotrigine_Tab 50mg,0408010H0AAABAB,4,0.0
529,K84044,Lamotrigine_Tab 50mg,0408010H0AAABAB,6,0.0
530,K84024,Lamotrigine_Tab 50mg,0408010H0AAABAB,9,0.0
531,K84023,Lamotrigine_Tab 50mg,0408010H0AAABAB,1,0.0
532,K84037,Lamotrigine_Tab 50mg,0408010H0AAABAB,4,0.0
533,K84017,Lamotrigine_Tab 50mg,0408010H0AAABAB,11,0.0
277,K84030,Paracet_Tab Solb 500mg,0407010H0AAAQAQ,1,-0.0007999999999999952
276,K84030,Paracet_Tab Solb 500mg,0407010H0AAAQAQ,1,-0.0007999999999999952
279,K84030,Paracet_Tab Solb 500mg,0407010H0AAAQAQ,1,-0.0029999999999996696
278,K84030,Paracet_Tab Solb 500mg,0407010H0AAAQAQ,1,-0.0029999999999996696
283,K84023,Paracet_Tab Solb 500mg,0407010H0AAAQAQ,1,-0.0031999999999996476
282,K84040,Paracet_Tab Solb 500mg,0407010H0AAAQAQ,1,-0.0031999999999996476
281,K84023,Paracet_Tab Solb 500mg,0407010H0AAAQAQ,1,-0.0031999999999996476
280,K84040,Paracet_Tab Solb 500mg,0407010H0AAAQAQ,1,-0.0031999999999996476
284,K84052,Paracet_Tab Solb 500mg,0407010H0AAAQAQ,1,-0.0031999999999999806
285,K84052,Paracet_Tab Solb 500mg,0407010H0AAAQAQ,1,-0.0031999999999999806
287,K84065,Paracet_Tab Solb 500mg,0407010H0AAAQAQ,1,-0.003999999999999976
286,K84065,Paracet_Tab Solb 500mg,0407010H0AAAQAQ,1,-0.003999999999999976
311,K84020,Paracet_Tab Solb 500mg,0407010H0AAAQAQ,1,-0.005999999999999339
298,K84040,Paracet_Tab Solb 500mg,0407010H0AAAQAQ,1,-0.005999999999999339
301,K84046,Paracet_Tab Solb 500mg,0407010H0AAAQAQ,1,-0.005999999999999339
288,K84031,Paracet_Tab Solb 500mg,0407010H0AAAQAQ,1,-0.005999999999999339
289,K84040,Paracet_Tab Solb 500mg,0407010H0AAAQAQ,1,-0.005999999999999339
290,K84003,Paracet_Tab Solb 500mg,0407010H0AAAQAQ,1,-0.005999999999999339
291,K84046,Paracet_Tab Solb 500mg,0407010H0AAAQAQ,1,-0.005999999999999339
292,K84015,Paracet_Tab Solb 500mg,0407010H0AAAQAQ,1,-0.005999999999999339
293,K84002,Paracet_Tab Solb 500mg,0407010H0AAAQAQ,1,-0.005999999999999339
294,K84075,Paracet_Tab Solb 500mg,0407010H0AAAQAQ,1,-0.005999999999999339
295,K84015,Paracet_Tab Solb 500mg,0407010H0AAAQAQ,1,-0.005999999999999339
296,K84007,Paracet_Tab Solb 500mg,0407010H0AAAQAQ,1,-0.005999999999999339
297,K84020,Paracet_Tab Solb 500mg,0407010H0AAAQAQ,1,-0.005999999999999339
299,K84004,Paracet_Tab Solb 500mg,0407010H0AAAQAQ,1,-0.005999999999999339
310,K84007,Paracet_Tab Solb 500mg,0407010H0AAAQAQ,1,-0.005999999999999339
300,K84017,Paracet_Tab Solb 500mg,0407010H0AAAQAQ,1,-0.005999999999999339
302,K84017,Paracet_Tab Solb 500mg,0407010H0AAAQAQ,1,-0.005999999999999339
303,K84003,Paracet_Tab Solb 500mg,0407010H0AAAQAQ,1,-0.005999999999999339
304,K84024,Paracet_Tab Solb 500mg,0407010H0AAAQAQ,1,-0.005999999999999339
305,K84004,Paracet_Tab Solb 500mg,0407010H0AAAQAQ,1,-0.005999999999999339
693,K84037,Lamotrigine_Tab 50mg,0408010H0AAABAB,1,-0.005999999999999339
692,K84015,Lamotrigine_Tab 50mg,0408010H0AAABAB,1,-0.005999999999999339
691,K84016,Lamotrigine_Tab 50mg,0408010H0AAABAB,1,-0.005999999999999339
306,K84031,Paracet_Tab Solb 500mg,0407010H0AAAQAQ,1,-0.005999999999999339
308,K84075,Paracet_Tab Solb 500mg,0407010H0AAAQAQ,1,-0.005999999999999339
309,K84002,Paracet_Tab Solb 500mg,0407010H0AAAQAQ,1,-0.005999999999999339
307,K84024,Paracet_Tab Solb 500mg,0407010H0AAAQAQ,1,-0.005999999999999339
312,K84033,Paracet_Tab Solb 500mg,0407010H0AAAQAQ,2,-0.011999999999998678
696,K84027,Lamotrigine_Tab 50mg,0408010H0AAABAB,1,-0.011999999999998678
695,K84033,Lamotrigine_Tab 50mg,0408010H0AAABAB,1,-0.011999999999998678
694,K84040,Lamotrigine_Tab 50mg,0408010H0AAABAB,1,-0.011999999999998678
316,K84072,Paracet_Tab Solb 500mg,0407010H0AAAQAQ,2,-0.011999999999998678
315,K84027,Paracet_Tab Solb 500mg,0407010H0AAAQAQ,2,-0.011999999999998678
314,K84027,Paracet_Tab Solb 500mg,0407010H0AAAQAQ,2,-0.011999999999998678
313,K84072,Paracet_Tab Solb 500mg,0407010H0AAAQAQ,2,-0.011999999999998678
317,K84033,Paracet_Tab Solb 500mg,0407010H0AAAQAQ,2,-0.011999999999998678
697,K84031,Lamotrigine_Tab 50mg,0408010H0AAABAB,1,-0.017999999999998018
437,K84056,Gemfibrozil_Tab 600mg,0212000Q0AAABAB,1,-3.7855999999999996
