,practice_code,bnf_description,bnf_code,items,excess_cost
0,F81010,Atorvastatin_Tab 10mg,0212000B0AAAAAA,232,11.316900000000006
1,F81010,Clopidogrel_Tab 75mg,0209000C0AAAAAA,69,0.3380999999999996
2,F81010,Letrozole_Tab 2.5mg,0803041L0AAAAAA,8,0.039200000000000346
3,F81010,Montelukast_Tab Chble 5mg S/F,0303020G0AAAAAA,3,93.0426
4,F81010,Paracet_Tab 500mg,0407010H0AAAMAM,414,87.37200000000004
5,F81010,Pregabalin_Cap 150mg,0408010AEAAAEAE,18,0.056000000000001604
6,F81010,Pregabalin_Cap 200mg,0408010AEAAAFAF,4,0.011199999999999544
7,F81010,Quetiapine_Tab 25mg,0402010ABAAABAB,16,-0.014800000000001146
8,F81082,Atorvastatin_Tab 10mg,0212000B0AAAAAA,76,23.1952
9,F81082,Atorvastatin_Tab 20mg,0212000B0AAABAB,301,112.93520000000002
10,F81082,Bicalutamide_Tab 150mg,0803042A0AAABAB,1,228.60040000000004
11,F81082,Clopidogrel_Tab 75mg,0209000C0AAAAAA,13,30.927000000000003
12,F81082,Letrozole_Tab 2.5mg,0803041L0AAAAAA,18,-0.2520000000000002
13,F81082,Paracet_Tab 500mg,0407010H0AAAMAM,30,-0.49360000000000026
14,F81082,Pregabalin_Cap 150mg,0408010AEAAAEAE,3,56.5488
15,F81082,Quetiapine_Tab 25mg,0402010ABAAABAB,7,32.8234
16,F81088,Atorvastatin_Tab 10mg,0212000B0AAAAAA,16,11.6032
17,F81088,Clopidogrel_Tab 75mg,0209000C0AAAAAA,23,0.07909999999999814
18,F81088,Letrozole_Tab 2.5mg,0803041L0AAAAAA,7,-0.25479999999999914
19,F81088,Paracet_Tab 500mg,0407010H0AAAMAM,10,0.03679999999999978
20,F81088,Pregabalin_Cap 150mg,0408010AEAAAEAE,4,0.00560000000000016
21,F81110,Atorvastatin_Tab 10mg,0212000B0AAAAAA,4,0.008400000000000046
22,F81110,Clopidogrel_Tab 75mg,0209000C0AAAAAA,162,26.342400000000005
23,F81110,Letrozole_Tab 2.5mg,0803041L0AAAAAA,22,76.098
24,F81110,Paracet_Tab 500mg,0407010H0AAAMAM,50,0.8311999999999999
25,F81110,Pregabalin_Cap 150mg,0408010AEAAAEAE,18,113.08640000000001
26,F81110,Pregabalin_Cap 200mg,0408010AEAAAFAF,4,56.9184
27,F81110,Quetiapine_Tab 25mg,0402010ABAAABAB,2,0.011199999999999544
28,F81113,Atorvastatin_Tab 10mg,0212000B0AAAAAA,161,11.644999999999992
29,F81113,Atorvastatin_Tab 20mg,0212000B0AAABAB,387,225.38880000000006
30,F81113,Clopidogrel_Tab 75mg,0209000C0AAAAAA,62,8.8536
31,F81113,Paracet_Tab 500mg,0407010H0AAAMAM,118,-1.468000000000008
32,F81134,Atorvastatin_Tab 10mg,0212000B0AAAAAA,183,46.11600000000001
33,F81134,Atorvastatin_Tab 20mg,0212000B0AAABAB,182,22.422400000000007
34,F81134,Clopidogrel_Tab 75mg,0209000C0AAAAAA,91,8.693299999999997
35,F81134,Letrozole_Tab 2.5mg,0803041L0AAAAAA,19,71.28800000000001
36,F81134,Paracet_Tab 500mg,0407010H0AAAMAM,160,25.38240000000002
37,F81134,Pregabalin_Cap 150mg,0408010AEAAAEAE,6,0.01680000000000048
38,F81134,Pregabalin_Cap 200mg,0408010AEAAAFAF,1,-0.00280000000000008
39,F81134,Quetiapine_Tab 25mg,0402010ABAAABAB,16,91.91909999999999
40,F81137,Atorvastatin_Tab 10mg,0212000B0AAAAAA,8,0.016800000000000093
41,F81137,Clopidogrel_Tab 75mg,0209000C0AAAAAA,8,0.03919999999999996
42,F81137,Paracet_Tab 500mg,0407010H0AAAMAM,24,-0.07759999999999936
43,F81137,Quetiapine_Tab 25mg,0402010ABAAABAB,5,0.013999999999999624
44,F81153,Atorvastatin_Tab 10mg,0212000B0AAAAAA,1,0.004200000000000023
45,F81153,Clopidogrel_Tab 75mg,0209000C0AAAAAA,4,0.01959999999999998
46,F81153,Paracet_Tab 500mg,0407010H0AAAMAM,6,-0.0163999999999999
47,F81153,Pregabalin_Cap 150mg,0408010AEAAAEAE,5,0.028000000000000802
48,F81153,Quetiapine_Tab 25mg,0402010ABAAABAB,3,0.016800000000000093
49,F81155,Atorvastatin_Tab 10mg,0212000B0AAAAAA,129,34.90200000000001
50,F81155,Clopidogrel_Tab 75mg,0209000C0AAAAAA,62,8.8438
51,F81155,Letrozole_Tab 2.5mg,0803041L0AAAAAA,8,71.18719999999999
52,F81155,Paracet_Tab 500mg,0407010H0AAAMAM,72,1.160800000000001
53,F81155,Pregabalin_Cap 150mg,0408010AEAAAEAE,5,0.02240000000000064
54,F81155,Pregabalin_Cap 200mg,0408010AEAAAFAF,1,-0.00280000000000008
55,F81155,Quetiapine_Tab 25mg,0402010ABAAABAB,8,0.015399999999998498
56,F81177,Clopidogrel_Tab 75mg,0209000C0AAAAAA,31,0.15189999999999984
57,F81177,Paracet_Tab 500mg,0407010H0AAAMAM,54,17.820000000000004
58,F81177,Quetiapine_Tab 25mg,0402010ABAAABAB,2,32.82
59,F81192,Atorvastatin_Tab 10mg,0212000B0AAAAAA,4,0.010500000000000058
60,F81192,Clopidogrel_Tab 75mg,0209000C0AAAAAA,4,0.01959999999999998
61,F81192,Letrozole_Tab 2.5mg,0803041L0AAAAAA,4,0.019600000000000173
62,F81192,Paracet_Tab 500mg,0407010H0AAAMAM,90,-2.305599999999986
63,F81192,Pregabalin_Cap 150mg,0408010AEAAAEAE,1,0.00560000000000016
64,F81192,Quetiapine_Tab 25mg,0402010ABAAABAB,1,0.00840000000000024
65,F81197,Atorvastatin_Tab 10mg,0212000B0AAAAAA,4,0.008400000000000046
66,F81197,Clopidogrel_Tab 75mg,0209000C0AAAAAA,16,0.07839999999999991
67,F81197,Letrozole_Tab 2.5mg,0803041L0AAAAAA,3,71.2992
68,F81197,Paracet_Tab 500mg,0407010H0AAAMAM,8,-0.04479999999999973
69,F81197,Pregabalin_Cap 150mg,0408010AEAAAEAE,4,0.00560000000000016
70,F81197,Pregabalin_Cap 200mg,0408010AEAAAFAF,4,-0.014000000000000012
71,F81198,Atorvastatin_Tab 10mg,0212000B0AAAAAA,6,0.01260000000000007
72,F81198,Clopidogrel_Tab 75mg,0209000C0AAAAAA,14,0.06859999999999992
73,F81206,Clopidogrel_Tab 75mg,0209000C0AAAAAA,3,0.014699999999999984
74,F81206,Paracet_Tab 500mg,0407010H0AAAMAM,100,21.705200000000033
75,F81206,Quetiapine_Tab 25mg,0402010ABAAABAB,6,0.03779999999999992
76,F81211,Atorvastatin_Tab 10mg,0212000B0AAAAAA,11,0.023100000000000127
77,F81211,Clopidogrel_Tab 75mg,0209000C0AAAAAA,39,0.1910999999999998
78,F81211,Montelukast_Tab Chble 5mg S/F,0303020G0AAAAAA,3,1.8816000000000002
79,F81211,Paracet_Tab 500mg,0407010H0AAAMAM,258,6.131599999999994
80,F81211,Pregabalin_Cap 150mg,0408010AEAAAEAE,8,0.02240000000000064
81,F81211,Quetiapine_Tab 25mg,0402010ABAAABAB,7,0.0033999999999997643
82,F81218,Clopidogrel_Tab 75mg,0209000C0AAAAAA,17,0.0832999999999999
83,F81218,Paracet_Tab 500mg,0407010H0AAAMAM,8,0.0335999999999998
84,F81219,Paracet_Tab 500mg,0407010H0AAAMAM,100,10.340000000000003
85,F81219,Pregabalin_Cap 200mg,0408010AEAAAFAF,6,0.005599999999999383
86,F81219,Quetiapine_Tab 25mg,0402010ABAAABAB,4,-0.01120000000000032
87,F81623,Clopidogrel_Tab 75mg,0209000C0AAAAAA,12,0.058799999999999936
88,F81623,Letrozole_Tab 2.5mg,0803041L0AAAAAA,3,-0.26040000000000046
89,F81623,Pregabalin_Cap 200mg,0408010AEAAAFAF,4,0.011199999999999544
90,F81632,Atorvastatin_Tab 10mg,0212000B0AAAAAA,113,23.097200000000004
91,F81632,Atorvastatin_Tab 20mg,0212000B0AAABAB,76,45.113600000000005
92,F81632,Clopidogrel_Tab 75mg,0209000C0AAAAAA,9,0.04409999999999995
93,F81632,Paracet_Tab 500mg,0407010H0AAAMAM,4,0.0007999999999999952
94,F81632,Pregabalin_Cap 150mg,0408010AEAAAEAE,1,0.00560000000000016
95,F81641,Atorvastatin_Tab 10mg,0212000B0AAAAAA,7,0.014700000000000081
96,F81641,Clopidogrel_Tab 75mg,0209000C0AAAAAA,20,0.09799999999999989
97,F81641,Letrozole_Tab 2.5mg,0803041L0AAAAAA,4,0.019600000000000173
98,F81641,Montelukast_Tab Chble 5mg S/F,0303020G0AAAAAA,5,0.010500000000000058
99,F81641,Paracet_Tab 500mg,0407010H0AAAMAM,126,-4.55439999999999
100,F81641,Pregabalin_Cap 200mg,0408010AEAAAFAF,2,90.19919999999999
101,F81641,Quetiapine_Tab 25mg,0402010ABAAABAB,4,-0.01120000000000032
102,F81669,Atorvastatin_Tab 10mg,0212000B0AAAAAA,18,0.03780000000000021
103,F81669,Atorvastatin_Tab 20mg,0212000B0AAABAB,94,22.635200000000008
104,F81669,Clopidogrel_Tab 75mg,0209000C0AAAAAA,26,0.12739999999999985
105,F81669,Montelukast_Tab Chble 5mg S/F,0303020G0AAAAAA,9,1.864800000000001
106,F81669,Paracet_Tab 500mg,0407010H0AAAMAM,42,-0.21199999999999872
107,F81669,Pregabalin_Cap 150mg,0408010AEAAAEAE,7,0.015400000000000441
108,F81669,Pregabalin_Cap 200mg,0408010AEAAAFAF,4,0.011199999999999544
109,F81669,Quetiapine_Tab 25mg,0402010ABAAABAB,4,-0.00980000000000028
110,F81691,Atorvastatin_Tab 10mg,0212000B0AAAAAA,45,70.10289999999999
111,F81691,Atorvastatin_Tab 20mg,0212000B0AAABAB,79,69.01440000000001
112,F81691,Clopidogrel_Tab 75mg,0209000C0AAAAAA,32,0.08959999999999635
113,F81691,Letrozole_Tab 2.5mg,0803041L0AAAAAA,5,0.024500000000000216
114,F81691,Montelukast_Tab Chble 5mg S/F,0303020G0AAAAAA,1,41.355999999999995
115,F81691,Paracet_Tab 500mg,0407010H0AAAMAM,24,-0.0015999999999999903
116,F81691,Pregabalin_Cap 150mg,0408010AEAAAEAE,13,59.788399999999996
117,F81691,Pregabalin_Cap 200mg,0408010AEAAAFAF,1,32.214
118,F81691,Quetiapine_Tab 25mg,0402010ABAAABAB,3,-0.00420000000000012
119,F81697,Atorvastatin_Tab 10mg,0212000B0AAAAAA,7,0.014700000000000081
120,F81697,Clopidogrel_Tab 75mg,0209000C0AAAAAA,14,0.06859999999999992
121,F81697,Letrozole_Tab 2.5mg,0803041L0AAAAAA,1,0.004900000000000043
122,F81697,Paracet_Tab 500mg,0407010H0AAAMAM,24,0.0
123,F81708,Atorvastatin_Tab 10mg,0212000B0AAAAAA,1,0.004200000000000023
124,F81708,Paracet_Tab 500mg,0407010H0AAAMAM,2,0.011999999999999927
125,Y00033,Atorvastatin_Tab 10mg,0212000B0AAAAAA,29,11.611600000000001
126,Y00033,Clopidogrel_Tab 75mg,0209000C0AAAAAA,14,17.318
127,Y00033,Letrozole_Tab 2.5mg,0803041L0AAAAAA,2,-0.26319999999999977
128,Y00033,Paracet_Tab 500mg,0407010H0AAAMAM,2,0.011999999999999927
129,Y00999,Atorvastatin_Tab 10mg,0212000B0AAAAAA,38,0.10639999999999936
130,Y00999,Atorvastatin_Tab 20mg,0212000B0AAABAB,222,90.62180000000002
131,Y00999,Clopidogrel_Tab 75mg,0209000C0AAAAAA,78,26.440399999999993
132,Y00999,Montelukast_Tab Chble 5mg S/F,0303020G0AAAAAA,2,41.361599999999996
133,Y00999,Paracet_Tab 500mg,0407010H0AAAMAM,156,19.6976
134,Y00999,Pregabalin_Cap 200mg,0408010AEAAAFAF,1,-0.00280000000000008
135,Y00999,Quetiapine_Tab 25mg,0402010ABAAABAB,2,0.00420000000000012
136,Y02807,Atorvastatin_Tab 10mg,0212000B0AAAAAA,33,11.6424
137,Y02807,Atorvastatin_Tab 20mg,0212000B0AAABAB,106,22.556800000000006
138,Y02807,Clopidogrel_Tab 75mg,0209000C0AAAAAA,21,61.26960000000001
139,Y02807,Letrozole_Tab 2.5mg,0803041L0AAAAAA,4,71.2992
140,Y02807,Paracet_Tab 500mg,0407010H0AAAMAM,90,21.08080000000001
141,Y02807,Pregabalin_Cap 150mg,0408010AEAAAEAE,5,0.028000000000000802
142,Y02807,Pregabalin_Cap 200mg,0408010AEAAAFAF,4,0.011199999999999544
143,Y02807,Quetiapine_Tab 25mg,0402010ABAAABAB,14,126.8928
144,Y05129,Paracet_Tab 500mg,0407010H0AAAMAM,2,-0.007999999999999952
145,Y05339,Quetiapine_Tab 25mg,0402010ABAAABAB,1,-0.00360000000000002
