,practice_code,bnf_description,bnf_code,items,excess_cost
0,A81004,Atorvastatin_Tab 20mg,0212000B0AAABAB,420,255.53620000000004
1,A81004,Atorvastatin_Tab 80mg,0212000B0AAADAD,4,0.00840000000000024
2,A81004,Paracet_Tab 500mg,0407010H0AAAMAM,468,-6.543999999999961
3,A81004,Pregabalin_Cap 50mg,0408010AEAAABAB,15,0.0420000000000012
4,A81004,Pregabalin_Cap 75mg,0408010AEAAACAC,1,0.005599999999999966
5,A81005,Atorvastatin_Tab 20mg,0212000B0AAABAB,329,45.13880000000002
6,A81005,Montelukast_Tab 10mg,0303020G0AAABAB,40,24.416000000000007
7,A81005,Paracet_Tab 500mg,0407010H0AAAMAM,32,-0.03679999999999978
8,A81005,Pregabalin_Cap 50mg,0408010AEAAABAB,6,0.00840000000000024
9,A81009,Atorvastatin_Tab 20mg,0212000B0AAABAB,246,45.46080000000001
10,A81009,Atorvastatin_Tab 80mg,0212000B0AAADAD,105,1.7073000000000098
11,A81009,Paracet_Tab 500mg,0407010H0AAAMAM,58,1.4140000000000015
12,A81009,Pregabalin_Cap 50mg,0408010AEAAABAB,4,0.014000000000000401
13,A81009,Pregabalin_Cap 75mg,0408010AEAAACAC,14,141.8676
14,A81012,Atorvastatin_Tab 20mg,0212000B0AAABAB,77,45.0604
15,A81012,Atorvastatin_Tab 80mg,0212000B0AAADAD,55,0.11550000000000331
16,A81012,Paracet_Tab 500mg,0407010H0AAAMAM,96,-0.4127999999999975
17,A81012,Pregabalin_Cap 25mg,0408010AEAAAAAA,12,0.016799999999998927
18,A81012,Pregabalin_Cap 50mg,0408010AEAAABAB,19,0.09240000000000187
19,A81012,Pregabalin_Cap 75mg,0408010AEAAACAC,4,0.022399999999999864
20,A81013,Atorvastatin_Tab 20mg,0212000B0AAABAB,177,22.797600000000035
21,A81013,Atorvastatin_Tab 80mg,0212000B0AAADAD,7,0.014700000000000421
22,A81013,Memantine HCl_Tab 20mg,0411000G0AAADAD,4,0.01959999999999998
23,A81013,Paracet_Tab 500mg,0407010H0AAAMAM,38,-0.027199999999999835
24,A81013,Pregabalin_Cap 50mg,0408010AEAAABAB,12,0.05740000000000145
25,A81013,Pregabalin_Cap 75mg,0408010AEAAACAC,3,-0.0063000000000001805
26,A81016,Aripiprazole_Tab 10mg,0402010ADAAAAAA,8,-0.016799999999999704
27,A81016,Atorvastatin_Tab 80mg,0212000B0AAADAD,115,3.595200000000005
28,A81016,Memantine HCl_Tab 20mg,0411000G0AAADAD,6,0.02829999999999995
29,A81016,Paracet_Tab 500mg,0407010H0AAAMAM,458,36.58080000000005
30,A81016,Pregabalin_Cap 25mg,0408010AEAAAAAA,5,0.013599999999999612
31,A81016,Pregabalin_Cap 50mg,0408010AEAAABAB,17,0.070000000000002
32,A81016,Pregabalin_Cap 75mg,0408010AEAAACAC,6,0.03999999999999851
33,A81018,Aripiprazole_Tab 10mg,0402010ADAAAAAA,10,0.017500000000000987
34,A81018,Atorvastatin_Tab 40mg,0212000B0AAACAC,1,0.0048000000000001375
35,A81018,Atorvastatin_Tab 80mg,0212000B0AAADAD,13,0.027300000000000782
36,A81018,Memantine HCl_Tab 20mg,0411000G0AAADAD,11,0.05389999999999994
37,A81018,Montelukast_Tab 10mg,0303020G0AAABAB,26,24.387999999999998
38,A81018,Paracet_Tab 500mg,0407010H0AAAMAM,554,36.99040000000006
39,A81018,Pregabalin_Cap 25mg,0408010AEAAAAAA,12,383.28180000000003
40,A81018,Pregabalin_Cap 50mg,0408010AEAAABAB,26,206.9753
41,A81018,Pregabalin_Cap 75mg,0408010AEAAACAC,26,60.04399999999999
42,A81019,Atorvastatin_Tab 20mg,0212000B0AAABAB,253,22.58250000000001
43,A81019,Atorvastatin_Tab 40mg,0212000B0AAACAC,34,44.553599999999996
44,A81019,Atorvastatin_Tab 80mg,0212000B0AAADAD,9,0.01890000000000054
45,A81019,Memantine HCl_Tab 20mg,0411000G0AAADAD,2,0.00979999999999999
46,A81019,Montelukast_Tab 10mg,0303020G0AAABAB,3,1.9992
47,A81019,Paracet_Tab 500mg,0407010H0AAAMAM,74,-1.9715999999999974
48,A81019,Pregabalin_Cap 50mg,0408010AEAAABAB,18,0.0840000000000024
49,A81019,Pregabalin_Cap 75mg,0408010AEAAACAC,4,0.022399999999999864
50,A81020,Atorvastatin_Tab 20mg,0212000B0AAABAB,1,-0.0029999999999998778
51,A81020,Atorvastatin_Tab 40mg,0212000B0AAACAC,109,44.55919999999998
52,A81020,Atorvastatin_Tab 80mg,0212000B0AAADAD,112,49.40670000000002
53,A81020,Memantine HCl_Tab 20mg,0411000G0AAADAD,1,15.974700000000002
54,A81020,Paracet_Tab 500mg,0407010H0AAAMAM,416,24.834800000000065
55,A81020,Pregabalin_Cap 50mg,0408010AEAAABAB,19,0.06300000000000044
56,A81020,Pregabalin_Cap 75mg,0408010AEAAACAC,4,0.022399999999999864
57,A81021,Aripiprazole_Tab 10mg,0402010ADAAAAAA,11,-0.023099999999999593
58,A81021,Atorvastatin_Tab 20mg,0212000B0AAABAB,2,-0.0060999999999997515
59,A81021,Atorvastatin_Tab 80mg,0212000B0AAADAD,80,0.1639000000000047
60,A81021,Memantine HCl_Tab 20mg,0411000G0AAADAD,34,0.16349999999999987
61,A81021,Paracet_Tab 500mg,0407010H0AAAMAM,212,-0.34039999999999787
62,A81021,Pregabalin_Cap 25mg,0408010AEAAAAAA,6,0.014699999999999741
63,A81021,Pregabalin_Cap 50mg,0408010AEAAABAB,30,0.12460000000000221
64,A81021,Pregabalin_Cap 75mg,0408010AEAAACAC,21,0.07479999999999926
65,A81022,Atorvastatin_Tab 80mg,0212000B0AAADAD,7,0.014700000000000421
66,A81022,Paracet_Tab 500mg,0407010H0AAAMAM,204,59.21439999999999
67,A81022,Pregabalin_Cap 25mg,0408010AEAAAAAA,4,0.008399999999999852
68,A81022,Pregabalin_Cap 50mg,0408010AEAAABAB,38,0.1764000000000035
69,A81022,Pregabalin_Cap 75mg,0408010AEAAACAC,3,0.0167999999999999
70,A81023,Aripiprazole_Tab 10mg,0402010ADAAAAAA,6,0.02590000000000084
71,A81023,Atorvastatin_Tab 40mg,0212000B0AAACAC,34,0.5712000000000031
72,A81023,Atorvastatin_Tab 80mg,0212000B0AAADAD,8,0.01680000000000048
73,A81023,Memantine HCl_Tab 20mg,0411000G0AAADAD,4,0.01959999999999998
74,A81023,Paracet_Tab 500mg,0407010H0AAAMAM,132,21.87359999999999
75,A81023,Pregabalin_Cap 50mg,0408010AEAAABAB,9,0.04340000000000027
76,A81023,Pregabalin_Cap 75mg,0408010AEAAACAC,12,0.028699999999999462
77,A81026,Aripiprazole_Tab 10mg,0402010ADAAAAAA,9,-0.018899999999999667
78,A81026,Atorvastatin_Tab 20mg,0212000B0AAABAB,364,180.4156000000001
79,A81026,Atorvastatin_Tab 40mg,0212000B0AAACAC,282,178.11360000000002
80,A81026,Atorvastatin_Tab 80mg,0212000B0AAADAD,24,0.050400000000001444
81,A81026,Memantine HCl_Tab 20mg,0411000G0AAADAD,1,0.0013999999999999985
82,A81026,Montelukast_Tab 10mg,0303020G0AAABAB,108,97.40639999999999
83,A81026,Paracet_Tab 500mg,0407010H0AAAMAM,738,127.50639999999999
84,A81026,Pregabalin_Cap 25mg,0408010AEAAAAAA,18,0.08279999999999987
85,A81026,Pregabalin_Cap 50mg,0408010AEAAABAB,13,0.056000000000001604
86,A81026,Pregabalin_Cap 75mg,0408010AEAAACAC,8,0.04479999999999973
87,A81029,Aripiprazole_Tab 10mg,0402010ADAAAAAA,7,-0.014699999999999741
88,A81029,Atorvastatin_Tab 20mg,0212000B0AAABAB,1,-0.0029999999999998778
89,A81029,Atorvastatin_Tab 40mg,0212000B0AAACAC,1,0.006000000000000172
90,A81029,Atorvastatin_Tab 80mg,0212000B0AAADAD,93,76.33640000000001
91,A81029,Memantine HCl_Tab 20mg,0411000G0AAADAD,8,63.9072
92,A81029,Paracet_Tab 500mg,0407010H0AAAMAM,534,66.57160000000006
93,A81029,Pregabalin_Cap 50mg,0408010AEAAABAB,15,0.068600000000001
94,A81029,Pregabalin_Cap 75mg,0408010AEAAACAC,10,0.05599999999999966
95,A81030,Aripiprazole_Tab 10mg,0402010ADAAAAAA,8,174.4736
96,A81030,Atorvastatin_Tab 20mg,0212000B0AAABAB,52,22.559400000000004
97,A81030,Atorvastatin_Tab 40mg,0212000B0AAACAC,23,11.115800000000002
98,A81030,Atorvastatin_Tab 80mg,0212000B0AAADAD,59,3.5175000000000263
99,A81030,Memantine HCl_Tab 20mg,0411000G0AAADAD,8,0.03919999999999996
100,A81030,Paracet_Tab 500mg,0407010H0AAAMAM,358,17.51239999999998
101,A81030,Pregabalin_Cap 25mg,0408010AEAAAAAA,10,0.02099999999999963
102,A81030,Pregabalin_Cap 50mg,0408010AEAAABAB,37,0.09100000000000144
103,A81030,Pregabalin_Cap 75mg,0408010AEAAACAC,9,0.050399999999999695
104,A81032,Aripiprazole_Tab 10mg,0402010ADAAAAAA,2,0.01120000000000032
105,A81032,Atorvastatin_Tab 20mg,0212000B0AAABAB,425,22.61000000000007
106,A81032,Atorvastatin_Tab 80mg,0212000B0AAADAD,93,24.73800000000002
107,A81032,Paracet_Tab 500mg,0407010H0AAAMAM,26,-0.058799999999999644
108,A81032,Pregabalin_Cap 50mg,0408010AEAAABAB,9,0.0420000000000012
109,A81032,Pregabalin_Cap 75mg,0408010AEAAACAC,8,-0.006300000000000763
110,A81035,Aripiprazole_Tab 10mg,0402010ADAAAAAA,2,-0.004199999999999926
111,A81035,Atorvastatin_Tab 80mg,0212000B0AAADAD,20,0.0420000000000012
112,A81035,Memantine HCl_Tab 20mg,0411000G0AAADAD,3,0.014699999999999984
113,A81035,Paracet_Tab 500mg,0407010H0AAAMAM,28,-0.15679999999999905
114,A81035,Pregabalin_Cap 50mg,0408010AEAAABAB,5,0.01120000000000032
115,A81035,Pregabalin_Cap 75mg,0408010AEAAACAC,3,0.0167999999999999
116,A81037,Aripiprazole_Tab 10mg,0402010ADAAAAAA,8,-0.016799999999999704
117,A81037,Atorvastatin_Tab 20mg,0212000B0AAABAB,154,180.21210000000005
118,A81037,Atorvastatin_Tab 40mg,0212000B0AAACAC,30,44.53360000000001
119,A81037,Atorvastatin_Tab 80mg,0212000B0AAADAD,22,0.04620000000000132
120,A81037,Paracet_Tab 500mg,0407010H0AAAMAM,234,68.70159999999998
121,A81037,Pregabalin_Cap 50mg,0408010AEAAABAB,9,0.04060000000000097
122,A81037,Pregabalin_Cap 75mg,0408010AEAAACAC,10,0.05599999999999966
123,A81038,Atorvastatin_Tab 20mg,0212000B0AAABAB,1,-0.0029999999999998778
124,A81038,Atorvastatin_Tab 80mg,0212000B0AAADAD,22,0.048300000000001383
125,A81038,Paracet_Tab 500mg,0407010H0AAAMAM,60,-0.2015999999999986
126,A81038,Pregabalin_Cap 25mg,0408010AEAAAAAA,1,-0.0031999999999999806
127,A81038,Pregabalin_Cap 50mg,0408010AEAAABAB,6,3.885780586188048e-16
128,A81038,Pregabalin_Cap 75mg,0408010AEAAACAC,1,0.005599999999999966
129,A81042,Aripiprazole_Tab 10mg,0402010ADAAAAAA,4,0.02240000000000064
130,A81042,Atorvastatin_Tab 20mg,0212000B0AAABAB,393,113.34120000000004
131,A81042,Atorvastatin_Tab 40mg,0212000B0AAACAC,330,22.175999999999995
132,A81042,Atorvastatin_Tab 80mg,0212000B0AAADAD,66,0.13860000000000397
133,A81042,Memantine HCl_Tab 20mg,0411000G0AAADAD,55,64.02830000000002
134,A81042,Montelukast_Tab 10mg,0303020G0AAABAB,93,115.89199999999998
135,A81042,Paracet_Tab 500mg,0407010H0AAAMAM,626,56.26760000000007
136,A81042,Pregabalin_Cap 50mg,0408010AEAAABAB,13,0.0518000000000009
137,A81042,Pregabalin_Cap 75mg,0408010AEAAACAC,16,0.07839999999999953
138,A81043,Atorvastatin_Tab 40mg,0212000B0AAACAC,1,-0.0029999999999998778
139,A81043,Atorvastatin_Tab 80mg,0212000B0AAADAD,8,0.01890000000000054
140,A81043,Memantine HCl_Tab 20mg,0411000G0AAADAD,6,0.029399999999999968
141,A81043,Paracet_Tab 500mg,0407010H0AAAMAM,26,0.14159999999999914
142,A81043,Pregabalin_Cap 25mg,0408010AEAAAAAA,7,0.029399999999999482
143,A81043,Pregabalin_Cap 50mg,0408010AEAAABAB,26,0.10920000000000157
144,A81043,Pregabalin_Cap 75mg,0408010AEAAACAC,19,0.10639999999999936
145,A81045,Atorvastatin_Tab 20mg,0212000B0AAABAB,1,0.0030000000000000165
146,A81045,Atorvastatin_Tab 80mg,0212000B0AAADAD,22,0.040800000000001294
147,A81045,Memantine HCl_Tab 20mg,0411000G0AAADAD,11,0.05389999999999994
148,A81045,Paracet_Tab 500mg,0407010H0AAAMAM,208,-0.6423999999999974
149,A81045,Pregabalin_Cap 25mg,0408010AEAAAAAA,8,-7.771561172376096e-16
150,A81045,Pregabalin_Cap 50mg,0408010AEAAABAB,15,0.05460000000000098
151,A81045,Pregabalin_Cap 75mg,0408010AEAAACAC,4,0.022399999999999864
152,A81048,Atorvastatin_Tab 20mg,0212000B0AAABAB,291,22.81440000000003
153,A81048,Atorvastatin_Tab 80mg,0212000B0AAADAD,45,0.07830000000000224
154,A81048,Memantine HCl_Tab 20mg,0411000G0AAADAD,18,0.0881999999999999
155,A81048,Paracet_Tab 500mg,0407010H0AAAMAM,310,14.154399999999997
156,A81048,Pregabalin_Cap 25mg,0408010AEAAAAAA,15,0.010499999999998844
157,A81048,Pregabalin_Cap 50mg,0408010AEAAABAB,18,0.07700000000000123
158,A81048,Pregabalin_Cap 75mg,0408010AEAAACAC,24,0.1343999999999992
159,A81049,Aripiprazole_Tab 10mg,0402010ADAAAAAA,1,43.6156
160,A81049,Atorvastatin_Tab 20mg,0212000B0AAABAB,159,22.7052
161,A81049,Atorvastatin_Tab 80mg,0212000B0AAADAD,38,0.08190000000000235
162,A81049,Paracet_Tab 500mg,0407010H0AAAMAM,88,-0.3647999999999975
163,A81049,Pregabalin_Cap 25mg,0408010AEAAAAAA,6,0.0059999999999992
164,A81049,Pregabalin_Cap 50mg,0408010AEAAABAB,7,-0.004200000000000315
165,A81049,Pregabalin_Cap 75mg,0408010AEAAACAC,15,0.007699999999999443
166,A81051,Aripiprazole_Tab 10mg,0402010ADAAAAAA,3,-0.006299999999999889
167,A81051,Atorvastatin_Tab 20mg,0212000B0AAABAB,158,22.863900000000015
168,A81051,Atorvastatin_Tab 80mg,0212000B0AAADAD,8,0.01680000000000048
169,A81051,Memantine HCl_Tab 20mg,0411000G0AAADAD,5,63.896
170,A81051,Montelukast_Tab 10mg,0303020G0AAABAB,11,24.3628
171,A81051,Paracet_Tab 500mg,0407010H0AAAMAM,78,-0.29919999999999825
172,A81051,Pregabalin_Cap 25mg,0408010AEAAAAAA,4,0.008599999999999663
173,A81051,Pregabalin_Cap 50mg,0408010AEAAABAB,9,0.0378000000000005
174,A81051,Pregabalin_Cap 75mg,0408010AEAAACAC,5,226.912
175,A81052,Atorvastatin_Tab 20mg,0212000B0AAABAB,1,-0.0013999999999999985
176,A81052,Atorvastatin_Tab 40mg,0212000B0AAACAC,2,0.007399999999999997
177,A81052,Atorvastatin_Tab 80mg,0212000B0AAADAD,137,26.614800000000017
178,A81052,Memantine HCl_Tab 20mg,0411000G0AAADAD,27,0.13229999999999986
179,A81052,Paracet_Tab 500mg,0407010H0AAAMAM,730,37.5692000000001
180,A81052,Pregabalin_Cap 50mg,0408010AEAAABAB,12,0.060000000000000664
181,A81053,Aripiprazole_Tab 10mg,0402010ADAAAAAA,4,-0.008399999999999852
182,A81053,Atorvastatin_Tab 20mg,0212000B0AAABAB,1,0.0030000000000000165
183,A81053,Atorvastatin_Tab 80mg,0212000B0AAADAD,31,0.06510000000000186
184,A81053,Memantine HCl_Tab 20mg,0411000G0AAADAD,6,0.029399999999999968
185,A81053,Paracet_Tab 500mg,0407010H0AAAMAM,214,-0.7167999999999957
186,A81053,Pregabalin_Cap 50mg,0408010AEAAABAB,8,0.03640000000000104
187,A81053,Pregabalin_Cap 75mg,0408010AEAAACAC,5,0.02799999999999983
188,A81054,Atorvastatin_Tab 80mg,0212000B0AAADAD,14,0.03570000000000102
189,A81054,Memantine HCl_Tab 20mg,0411000G0AAADAD,6,0.016200000000000006
190,A81054,Paracet_Tab 500mg,0407010H0AAAMAM,46,0.05999999999999958
191,A81054,Pregabalin_Cap 25mg,0408010AEAAAAAA,8,0.03359999999999941
192,A81054,Pregabalin_Cap 50mg,0408010AEAAABAB,16,0.07700000000000162
193,A81054,Pregabalin_Cap 75mg,0408010AEAAACAC,12,0.05599999999999966
194,A81058,Aripiprazole_Tab 10mg,0402010ADAAAAAA,2,0.01120000000000032
195,A81058,Atorvastatin_Tab 20mg,0212000B0AAABAB,1,-0.0029999999999998778
196,A81058,Atorvastatin_Tab 40mg,0212000B0AAACAC,1,0.0020000000000000573
197,A81058,Atorvastatin_Tab 80mg,0212000B0AAADAD,4,0.00840000000000024
198,A81058,Memantine HCl_Tab 20mg,0411000G0AAADAD,3,0.014699999999999984
199,A81058,Paracet_Tab 500mg,0407010H0AAAMAM,46,-0.18799999999999886
200,A81058,Pregabalin_Cap 50mg,0408010AEAAABAB,18,0.08120000000000077
201,A81064,Aripiprazole_Tab 10mg,0402010ADAAAAAA,1,-0.002099999999999963
202,A81064,Atorvastatin_Tab 80mg,0212000B0AAADAD,9,0.01890000000000054
203,A81064,Paracet_Tab 500mg,0407010H0AAAMAM,24,-0.031999999999999806
204,A81064,Pregabalin_Cap 50mg,0408010AEAAABAB,18,0.04900000000000121
205,A81064,Pregabalin_Cap 75mg,0408010AEAAACAC,5,0.009799999999999795
206,A81065,Atorvastatin_Tab 80mg,0212000B0AAADAD,4,0.00840000000000024
207,A81065,Paracet_Tab 500mg,0407010H0AAAMAM,24,30.240000000000002
208,A81065,Pregabalin_Cap 25mg,0408010AEAAAAAA,4,0.016799999999999704
209,A81065,Pregabalin_Cap 50mg,0408010AEAAABAB,4,0.014000000000000401
210,A81065,Pregabalin_Cap 75mg,0408010AEAAACAC,5,226.90640000000002
211,A81611,Aripiprazole_Tab 10mg,0402010ADAAAAAA,3,-0.006299999999999889
212,A81611,Atorvastatin_Tab 80mg,0212000B0AAADAD,13,0.027300000000000782
213,A81611,Memantine HCl_Tab 20mg,0411000G0AAADAD,4,0.01959999999999998
214,A81611,Paracet_Tab 500mg,0407010H0AAAMAM,46,-0.19039999999999885
215,A81611,Pregabalin_Cap 25mg,0408010AEAAAAAA,3,0.012599999999999778
216,A81611,Pregabalin_Cap 50mg,0408010AEAAABAB,18,0.05930000000000077
217,A81611,Pregabalin_Cap 75mg,0408010AEAAACAC,1,0.005599999999999966
218,A81618,Atorvastatin_Tab 20mg,0212000B0AAABAB,2,0.0007000000000001103
219,A81618,Atorvastatin_Tab 40mg,0212000B0AAACAC,1,0.004000000000000115
220,A81618,Atorvastatin_Tab 80mg,0212000B0AAADAD,19,0.03990000000000114
221,A81618,Memantine HCl_Tab 20mg,0411000G0AAADAD,8,0.037500000000000054
222,A81618,Paracet_Tab 500mg,0407010H0AAAMAM,138,-0.40359999999999746
223,A81618,Pregabalin_Cap 25mg,0408010AEAAAAAA,4,0.016799999999999704
224,A81618,Pregabalin_Cap 50mg,0408010AEAAABAB,29,0.07980000000000054
225,A81618,Pregabalin_Cap 75mg,0408010AEAAACAC,7,0.05199999999999719
226,A81621,Atorvastatin_Tab 80mg,0212000B0AAADAD,13,0.027300000000000782
227,A81621,Montelukast_Tab 10mg,0303020G0AAABAB,22,1.971200000000001
228,A81621,Paracet_Tab 500mg,0407010H0AAAMAM,24,-0.09679999999999941
229,A81621,Pregabalin_Cap 50mg,0408010AEAAABAB,4,0.02240000000000064
230,A81621,Pregabalin_Cap 75mg,0408010AEAAACAC,4,0.022399999999999864
231,A81633,Paracet_Tab 500mg,0407010H0AAAMAM,2,0.011999999999999927
232,Y00286,Atorvastatin_Tab 20mg,0212000B0AAABAB,1,0.00360000000000002
233,Y00286,Atorvastatin_Tab 80mg,0212000B0AAADAD,4,0.00840000000000024
234,Y00286,Memantine HCl_Tab 20mg,0411000G0AAADAD,1,56.99960000000001
235,Y00286,Paracet_Tab 500mg,0407010H0AAAMAM,26,-0.08679999999999947
236,Y00286,Pregabalin_Cap 50mg,0408010AEAAABAB,22,0.06540000000000096
237,Y00286,Pregabalin_Cap 75mg,0408010AEAAACAC,4,0.011199999999999932
238,Y05107,Paracet_Tab 500mg,0407010H0AAAMAM,2,-0.011199999999999932
239,Y05107,Pregabalin_Cap 50mg,0408010AEAAABAB,1,0.004199999999999926
240,Y05107,Pregabalin_Cap 75mg,0408010AEAAACAC,1,-0.004500000000000129
