,practice_code,bnf_description,bnf_code,items,excess_cost
0,E82001,Amiodarone HCl_Tab 200mg,0203020D0AAABAB,28,5.865300000000003
1,E82001,Clonazepam_Tab 500mcg,0408010F0AAABAB,8,4.75099999999999
2,E82001,Mesalazine_Tab E/C 400mg,0105010B0AAAAAA,9,-70.12559999999999
3,E82001,Mesalazine_Tab E/C 800mg,0105010B0AAASAS,1,36.89999999999999
4,E82001,Quetiapine_Tab 25mg,0402010ABAAABAB,26,0.05359999999999665
5,E82004,Amiodarone HCl_Tab 200mg,0203020D0AAABAB,11,0.9317
6,E82004,Clonazepam_Tab 500mcg,0408010F0AAABAB,1,1.2655999999999974
7,E82004,Pregabalin_Cap 25mg,0408010AEAAAAAA,4,0.012599999999999778
8,E82004,Quetiapine_Tab 25mg,0402010ABAAABAB,16,0.022399999999997533
9,E82009,Amiodarone HCl_Tab 200mg,0203020D0AAABAB,3,1.7500000000000016
10,E82009,Clonazepam_Tab 500mcg,0408010F0AAABAB,15,4.498999999999992
11,E82009,Mesalazine_Tab E/C 800mg,0105010B0AAASAS,1,34.43999999999999
12,E82009,Pregabalin_Cap 25mg,0408010AEAAAAAA,1,-0.0105000000000003
13,E82009,Quetiapine_Tab 25mg,0402010ABAAABAB,30,-0.018900000000002568
14,E82012,Amiodarone HCl_Tab 200mg,0203020D0AAABAB,5,3.200000000000003
15,E82012,Clonazepam_Tab 500mcg,0408010F0AAABAB,17,9.87479999999998
16,E82012,Hydroxycarbamide_Cap 500mg,0801050P0AAAAAA,5,0.01600000000000018
17,E82012,Quetiapine_Tab 25mg,0402010ABAAABAB,9,0.04759999999999903
18,E82013,Amiodarone HCl_Tab 200mg,0203020D0AAABAB,11,3.488800000000003
19,E82013,Atorvastatin_Tab 20mg,0212000B0AAABAB,294,22.904800000000034
20,E82013,Clonazepam_Tab 500mcg,0408010F0AAABAB,44,20.50879999999997
21,E82013,Hydroxycarbamide_Cap 500mg,0801050P0AAAAAA,1,0.004000000000000115
22,E82013,Pregabalin_Cap 25mg,0408010AEAAAAAA,14,169.15079999999998
23,E82013,Quetiapine_Tab 25mg,0402010ABAAABAB,50,0.16099999999999645
24,E82013,Risperidone_Tab 6mg,040201030AAAFAF,2,116.8384
25,E82014,Amiodarone HCl_Tab 200mg,0203020D0AAABAB,6,3.150000000000003
26,E82014,Atorvastatin_Tab 20mg,0212000B0AAABAB,1,-0.0026999999999999837
27,E82014,Clonazepam_Tab 500mcg,0408010F0AAABAB,21,5.955799999999988
28,E82014,Hydroxycarbamide_Cap 500mg,0801050P0AAAAAA,1,-0.005999999999999339
29,E82014,Quetiapine_Tab 25mg,0402010ABAAABAB,19,-0.019600000000001727
30,E82014,Risperidone_Tab 6mg,040201030AAAFAF,1,29.2096
31,E82015,Clonazepam_Tab 500mcg,0408010F0AAABAB,5,3.3735999999999926
32,E82015,Hydroxycarbamide_Cap 500mg,0801050P0AAAAAA,1,-0.0029999999999996696
33,E82015,Pregabalin_Cap 25mg,0408010AEAAAAAA,8,0.031499999999999445
34,E82015,Quetiapine_Tab 25mg,0402010ABAAABAB,22,0.015399999999998498
35,E82017,Clonazepam_Tab 500mcg,0408010F0AAABAB,1,0.31639999999999935
36,E82017,Mesalazine_Tab E/C 800mg,0105010B0AAASAS,1,73.79999999999998
37,E82017,Pregabalin_Cap 25mg,0408010AEAAAAAA,8,0.016799999999999704
38,E82017,Quetiapine_Tab 25mg,0402010ABAAABAB,3,0.0
39,E82020,Amiodarone HCl_Tab 200mg,0203020D0AAABAB,5,1.0388000000000006
40,E82020,Clonazepam_Tab 500mcg,0408010F0AAABAB,5,3.1639999999999935
41,E82020,Quetiapine_Tab 25mg,0402010ABAAABAB,11,0.06719999999999843
42,E82022,Amiodarone HCl_Tab 200mg,0203020D0AAABAB,10,6.650000000000006
43,E82022,Clonazepam_Tab 500mcg,0408010F0AAABAB,18,4.50869999999999
44,E82022,Hydroxycarbamide_Cap 500mg,0801050P0AAAAAA,8,0.03520000000000012
45,E82022,Mesalazine_Tab E/C 400mg,0105010B0AAAAAA,1,25.667999999999996
46,E82022,Mesalazine_Tab E/C 800mg,0105010B0AAASAS,8,17.25360000000001
47,E82022,Pregabalin_Cap 25mg,0408010AEAAAAAA,12,0.05039999999999911
48,E82022,Quetiapine_Tab 25mg,0402010ABAAABAB,23,0.037399999999997005
49,E82027,Amiodarone HCl_Tab 200mg,0203020D0AAABAB,17,4.166400000000003
50,E82027,Clonazepam_Tab 500mcg,0408010F0AAABAB,4,2.6893999999999942
51,E82027,Pregabalin_Cap 25mg,0408010AEAAAAAA,4,0.016799999999999704
52,E82027,Quetiapine_Tab 25mg,0402010ABAAABAB,14,-0.008400000000001406
53,E82028,Amiodarone HCl_Tab 200mg,0203020D0AAABAB,5,0.6888000000000003
54,E82028,Clonazepam_Tab 500mcg,0408010F0AAABAB,7,2.531199999999995
55,E82028,Mesalazine_Tab E/C 400mg,0105010B0AAAAAA,1,47.913599999999995
56,E82028,Mesalazine_Tab E/C 800mg,0105010B0AAASAS,1,36.89999999999999
57,E82028,Pregabalin_Cap 25mg,0408010AEAAAAAA,1,0.00420000000000012
58,E82028,Quetiapine_Tab 25mg,0402010ABAAABAB,7,-0.01120000000000071
59,E82031,Amiodarone HCl_Tab 200mg,0203020D0AAABAB,9,2.788800000000002
60,E82031,Clonazepam_Tab 500mcg,0408010F0AAABAB,22,10.802799999999978
61,E82031,Quetiapine_Tab 25mg,0402010ABAAABAB,7,0.03079999999999855
62,E82031,Risperidone_Tab 6mg,040201030AAAFAF,8,58.464
63,E82032,Amiodarone HCl_Tab 200mg,0203020D0AAABAB,5,2.450000000000002
64,E82032,Clonazepam_Tab 500mcg,0408010F0AAABAB,19,11.248499999999977
65,E82032,Mesalazine_Tab E/C 400mg,0105010B0AAAAAA,5,152.72879999999998
66,E82032,Quetiapine_Tab 25mg,0402010ABAAABAB,5,-0.014000000000000401
67,E82034,Amiodarone HCl_Tab 200mg,0203020D0AAABAB,9,2.2582000000000013
68,E82034,Atorvastatin_Tab 20mg,0212000B0AAABAB,80,45.24800000000002
69,E82034,Clonazepam_Tab 500mcg,0408010F0AAABAB,6,1.6979999999999968
70,E82034,Quetiapine_Tab 25mg,0402010ABAAABAB,4,-0.01120000000000032
71,E82037,Amiodarone HCl_Tab 200mg,0203020D0AAABAB,5,1.0388000000000006
72,E82037,Atorvastatin_Tab 20mg,0212000B0AAABAB,1,0.006000000000000172
73,E82037,Clonazepam_Tab 500mcg,0408010F0AAABAB,7,4.373099999999991
74,E82037,Mesalazine_Tab E/C 400mg,0105010B0AAAAAA,1,31.942399999999996
75,E82037,Mesalazine_Tab E/C 800mg,0105010B0AAASAS,1,22.959999999999994
76,E82037,Phenytoin_Sod Tab 100mg,0408010Q0AAAGAG,4,0.025199999999997225
77,E82037,Quetiapine_Tab 25mg,0402010ABAAABAB,7,0.011199999999999932
78,E82043,Amiodarone HCl_Tab 200mg,0203020D0AAABAB,9,4.538800000000004
79,E82043,Atorvastatin_Tab 20mg,0212000B0AAABAB,1,0.006000000000000172
80,E82043,Clonazepam_Tab 500mcg,0408010F0AAABAB,11,9.424199999999981
81,E82043,Mesalazine_Tab E/C 400mg,0105010B0AAAAAA,1,3.9927999999999995
82,E82043,Pregabalin_Cap 25mg,0408010AEAAAAAA,4,0.016799999999999704
83,E82043,Quetiapine_Tab 25mg,0402010ABAAABAB,10,0.015999999999998987
84,E82045,Amiodarone HCl_Tab 200mg,0203020D0AAABAB,4,0.3388
85,E82045,Clonazepam_Tab 500mcg,0408010F0AAABAB,12,4.558399999999991
86,E82045,Hydroxycarbamide_Cap 500mg,0801050P0AAAAAA,2,-0.005999999999999339
87,E82045,Quetiapine_Tab 25mg,0402010ABAAABAB,10,0.060199999999999004
88,E82046,Amiodarone HCl_Tab 200mg,0203020D0AAABAB,3,2.100000000000002
89,E82046,Clonazepam_Tab 500mcg,0408010F0AAABAB,11,5.2205999999999895
90,E82046,Mesalazine_Tab E/C 400mg,0105010B0AAAAAA,10,130.0512
91,E82046,Pregabalin_Cap 25mg,0408010AEAAAAAA,6,0.012599999999999778
92,E82046,Quetiapine_Tab 25mg,0402010ABAAABAB,57,-0.0014000000000058688
93,E82048,Amiodarone HCl_Tab 200mg,0203020D0AAABAB,4,2.100000000000002
94,E82048,Clonazepam_Tab 500mcg,0408010F0AAABAB,3,8.226799999999987
95,E82048,Pregabalin_Cap 25mg,0408010AEAAAAAA,4,0.008399999999999852
96,E82048,Quetiapine_Tab 25mg,0402010ABAAABAB,7,0.00280000000000008
97,E82049,Amiodarone HCl_Tab 200mg,0203020D0AAABAB,5,0.6888000000000003
98,E82049,Pregabalin_Cap 25mg,0408010AEAAAAAA,4,0.016799999999999704
99,E82049,Quetiapine_Tab 25mg,0402010ABAAABAB,15,0.003199999999998704
100,E82050,Amiodarone HCl_Tab 200mg,0203020D0AAABAB,2,0.7000000000000006
101,E82050,Mesalazine_Tab E/C 400mg,0105010B0AAAAAA,1,-17.112
102,E82050,Mesalazine_Tab E/C 800mg,0105010B0AAASAS,1,-36.89999999999999
103,E82051,Amiodarone HCl_Tab 200mg,0203020D0AAABAB,9,4.037600000000003
104,E82051,Clonazepam_Tab 500mcg,0408010F0AAABAB,19,10.599399999999978
105,E82051,Mesalazine_Tab E/C 400mg,0105010B0AAAAAA,3,13.689599999999999
106,E82051,Mesalazine_Tab E/C 800mg,0105010B0AAASAS,2,108.23999999999998
107,E82051,Quetiapine_Tab 25mg,0402010ABAAABAB,3,0.00140000000000004
108,E82054,Amiodarone HCl_Tab 200mg,0203020D0AAABAB,5,0.6888000000000003
109,E82054,Clonazepam_Tab 500mcg,0408010F0AAABAB,5,3.2543999999999933
110,E82054,Pregabalin_Cap 25mg,0408010AEAAAAAA,8,0.025199999999999556
111,E82054,Quetiapine_Tab 25mg,0402010ABAAABAB,24,0.03359999999999863
112,E82055,Amiodarone HCl_Tab 200mg,0203020D0AAABAB,6,4.200000000000004
113,E82055,Clonazepam_Tab 500mcg,0408010F0AAABAB,12,4.248799999999991
114,E82055,Mesalazine_Tab E/C 400mg,0105010B0AAAAAA,1,47.913599999999995
115,E82055,Mesalazine_Tab E/C 800mg,0105010B0AAASAS,1,73.79999999999998
116,E82055,Pregabalin_Cap 25mg,0408010AEAAAAAA,4,0.016799999999999704
117,E82055,Quetiapine_Tab 25mg,0402010ABAAABAB,15,-0.015400000000001218
118,E82059,Amiodarone HCl_Tab 200mg,0203020D0AAABAB,5,3.500000000000003
119,E82059,Clonazepam_Tab 500mcg,0408010F0AAABAB,11,5.3611999999999895
120,E82059,Mesalazine_Tab E/C 800mg,0105010B0AAASAS,1,-36.89999999999999
121,E82059,Pregabalin_Cap 25mg,0408010AEAAAAAA,4,0.008399999999999852
122,E82059,Quetiapine_Tab 25mg,0402010ABAAABAB,4,0.022399999999999087
123,E82060,Amiodarone HCl_Tab 200mg,0203020D0AAABAB,5,0.6888000000000003
124,E82060,Atorvastatin_Tab 20mg,0212000B0AAABAB,1,0.006000000000000172
125,E82060,Clonazepam_Tab 500mcg,0408010F0AAABAB,9,6.192399999999988
126,E82060,Hydroxycarbamide_Cap 500mg,0801050P0AAAAAA,1,0.004000000000000115
127,E82060,Mesalazine_Tab E/C 400mg,0105010B0AAAAAA,1,-17.112
128,E82060,Phenytoin_Sod Tab 100mg,0408010Q0AAAGAG,1,159.19679999999997
129,E82060,Quetiapine_Tab 25mg,0402010ABAAABAB,9,0.041999999999998094
130,E82064,Amiodarone HCl_Tab 200mg,0203020D0AAABAB,2,1.4000000000000012
131,E82064,Mesalazine_Tab E/C 400mg,0105010B0AAAAAA,1,23.956799999999998
132,E82064,Mesalazine_Tab E/C 800mg,0105010B0AAASAS,1,-73.79999999999998
133,E82064,Quetiapine_Tab 25mg,0402010ABAAABAB,1,0.005599999999999772
134,E82066,Amiodarone HCl_Tab 200mg,0203020D0AAABAB,1,0.7000000000000006
135,E82066,Mesalazine_Tab E/C 400mg,0105010B0AAAAAA,1,15.971199999999998
136,E82068,Amiodarone HCl_Tab 200mg,0203020D0AAABAB,1,0.3500000000000003
137,E82068,Clonazepam_Tab 500mcg,0408010F0AAABAB,8,4.214899999999991
138,E82068,Mesalazine_Tab E/C 800mg,0105010B0AAASAS,1,34.43999999999999
139,E82068,Quetiapine_Tab 25mg,0402010ABAAABAB,10,0.03079999999999894
140,E82069,Clonazepam_Tab 500mcg,0408010F0AAABAB,1,0.3389999999999993
141,E82069,Quetiapine_Tab 25mg,0402010ABAAABAB,7,-0.01890000000000054
142,E82070,Amiodarone HCl_Tab 200mg,0203020D0AAABAB,3,1.050000000000001
143,E82070,Clonazepam_Tab 500mcg,0408010F0AAABAB,5,0.7909999999999984
144,E82070,Quetiapine_Tab 25mg,0402010ABAAABAB,3,0.015399999999999664
145,E82071,Amiodarone HCl_Tab 200mg,0203020D0AAABAB,4,2.8000000000000025
146,E82071,Clonazepam_Tab 500mcg,0408010F0AAABAB,12,4.83639999999999
147,E82071,Phenytoin_Sod Tab 100mg,0408010Q0AAAGAG,5,41.76719999999999
148,E82071,Pregabalin_Cap 25mg,0408010AEAAAAAA,1,-0.012000000000000344
149,E82071,Quetiapine_Tab 25mg,0402010ABAAABAB,5,-0.014000000000000401
150,E82073,Amiodarone HCl_Tab 200mg,0203020D0AAABAB,7,2.438800000000002
151,E82073,Clonazepam_Tab 500mcg,0408010F0AAABAB,10,6.870399999999986
152,E82073,Hydroxycarbamide_Cap 500mg,0801050P0AAAAAA,1,-0.0023999999999997357
153,E82073,Phenytoin_Sod Tab 100mg,0408010Q0AAAGAG,4,0.025199999999997225
154,E82073,Quetiapine_Tab 25mg,0402010ABAAABAB,43,-0.036400000000003374
155,E82077,Amiodarone HCl_Tab 200mg,0203020D0AAABAB,1,1.1250000000000009
156,E82077,Atorvastatin_Tab 20mg,0212000B0AAABAB,2,0.003000000000000294
157,E82077,Clonazepam_Tab 500mcg,0408010F0AAABAB,2,1.7627999999999964
158,E82077,Phenytoin_Sod Tab 100mg,0408010Q0AAAGAG,1,142.15999999999997
159,E82077,Quetiapine_Tab 25mg,0402010ABAAABAB,1,0.005599999999999772
160,E82078,Amiodarone HCl_Tab 200mg,0203020D0AAABAB,5,3.150000000000003
161,E82078,Clonazepam_Tab 500mcg,0408010F0AAABAB,15,3.402199999999995
162,E82078,Mesalazine_Tab E/C 400mg,0105010B0AAAAAA,6,72.15559999999999
163,E82078,Quetiapine_Tab 25mg,0402010ABAAABAB,1,-0.00280000000000008
164,E82083,Amiodarone HCl_Tab 200mg,0203020D0AAABAB,14,3.2123000000000017
165,E82083,Atorvastatin_Tab 20mg,0212000B0AAABAB,213,90.72000000000004
166,E82083,Clonazepam_Tab 500mcg,0408010F0AAABAB,4,3.1639999999999935
167,E82083,Hydroxycarbamide_Cap 500mg,0801050P0AAAAAA,2,147.72
168,E82083,Pregabalin_Cap 25mg,0408010AEAAAAAA,4,0.016799999999999704
169,E82083,Quetiapine_Tab 25mg,0402010ABAAABAB,22,0.09799999999999698
170,E82084,Amiodarone HCl_Tab 200mg,0203020D0AAABAB,6,1.1235000000000006
171,E82084,Clonazepam_Tab 500mcg,0408010F0AAABAB,16,9.51459999999998
172,E82084,Mesalazine_Tab E/C 400mg,0105010B0AAAAAA,1,23.956799999999998
173,E82084,Pregabalin_Cap 25mg,0408010AEAAAAAA,8,0.03359999999999941
174,E82084,Quetiapine_Tab 25mg,0402010ABAAABAB,13,0.027999999999998082
175,E82085,Amiodarone HCl_Tab 200mg,0203020D0AAABAB,9,5.938800000000006
176,E82085,Clonazepam_Tab 500mcg,0408010F0AAABAB,28,14.779099999999968
177,E82085,Mesalazine_Tab E/C 400mg,0105010B0AAAAAA,17,23.9568
178,E82085,Mesalazine_Tab E/C 800mg,0105010B0AAASAS,1,-73.79999999999998
179,E82085,Pregabalin_Cap 25mg,0408010AEAAAAAA,1,0.002099999999999963
180,E82085,Quetiapine_Tab 25mg,0402010ABAAABAB,19,0.004599999999999521
181,E82091,Amiodarone HCl_Tab 200mg,0203020D0AAABAB,6,3.150000000000003
182,E82091,Clonazepam_Tab 500mcg,0408010F0AAABAB,15,9.356399999999981
183,E82091,Mesalazine_Tab E/C 400mg,0105010B0AAAAAA,1,47.913599999999995
184,E82091,Pregabalin_Cap 25mg,0408010AEAAAAAA,11,0.0398999999999993
185,E82091,Quetiapine_Tab 25mg,0402010ABAAABAB,13,-0.014000000000001178
186,E82094,Amiodarone HCl_Tab 200mg,0203020D0AAABAB,15,4.166400000000003
187,E82094,Clonazepam_Tab 500mcg,0408010F0AAABAB,17,3.4966999999999926
188,E82094,Mesalazine_Tab E/C 800mg,0105010B0AAASAS,1,51.65999999999999
189,E82096,Amiodarone HCl_Tab 200mg,0203020D0AAABAB,3,2.100000000000002
190,E82096,Clonazepam_Tab 500mcg,0408010F0AAABAB,7,1.1073999999999977
191,E82096,Mesalazine_Tab E/C 800mg,0105010B0AAASAS,2,-73.79999999999998
192,E82096,Quetiapine_Tab 25mg,0402010ABAAABAB,4,-0.01120000000000032
193,E82098,Amiodarone HCl_Tab 200mg,0203020D0AAABAB,1,0.3500000000000003
194,E82098,Atorvastatin_Tab 20mg,0212000B0AAABAB,1,0.006000000000000172
195,E82098,Clonazepam_Tab 500mcg,0408010F0AAABAB,4,4.0001999999999915
196,E82098,Hydroxycarbamide_Cap 500mg,0801050P0AAAAAA,4,-0.012799999999999478
197,E82098,Quetiapine_Tab 25mg,0402010ABAAABAB,6,0.026600000000000373
198,E82105,Amiodarone HCl_Tab 200mg,0203020D0AAABAB,2,1.4000000000000012
199,E82105,Clonazepam_Tab 500mcg,0408010F0AAABAB,4,2.2785999999999955
200,E82105,Mesalazine_Tab E/C 400mg,0105010B0AAAAAA,1,-51.33599999999999
201,E82105,Mesalazine_Tab E/C 800mg,0105010B0AAASAS,2,-18.432
202,E82105,Quetiapine_Tab 25mg,0402010ABAAABAB,5,0.02799999999999886
203,E82106,Amiodarone HCl_Tab 200mg,0203020D0AAABAB,2,0.2639000000000001
204,E82106,Clonazepam_Tab 500mcg,0408010F0AAABAB,1,0.6779999999999986
205,E82106,Hydroxycarbamide_Cap 500mg,0801050P0AAAAAA,4,0.012000000000000066
206,E82106,Pregabalin_Cap 25mg,0408010AEAAAAAA,4,0.016799999999999704
207,E82106,Quetiapine_Tab 25mg,0402010ABAAABAB,5,0.03440000000000093
208,E82107,Amiodarone HCl_Tab 200mg,0203020D0AAABAB,3,1.7500000000000016
209,E82107,Clonazepam_Tab 500mcg,0408010F0AAABAB,7,2.2599999999999953
210,E82107,Mesalazine_Tab E/C 400mg,0105010B0AAAAAA,1,-34.224
211,E82107,Quetiapine_Tab 25mg,0402010ABAAABAB,8,-0.02240000000000064
212,E82113,Amiodarone HCl_Tab 200mg,0203020D0AAABAB,2,1.7500000000000016
213,E82113,Clonazepam_Tab 500mcg,0408010F0AAABAB,1,1.1299999999999977
214,E82113,Mesalazine_Tab E/C 400mg,0105010B0AAAAAA,8,23.99040000000001
215,E82117,Amiodarone HCl_Tab 200mg,0203020D0AAABAB,2,1.050000000000001
216,E82117,Atorvastatin_Tab 20mg,0212000B0AAABAB,2,0.012000000000000344
217,E82117,Clonazepam_Tab 500mcg,0408010F0AAABAB,6,9.311199999999982
218,E82117,Quetiapine_Tab 25mg,0402010ABAAABAB,21,0.047599999999998255
219,E82124,Amiodarone HCl_Tab 200mg,0203020D0AAABAB,6,3.850000000000003
220,E82124,Clonazepam_Tab 500mcg,0408010F0AAABAB,19,12.136199999999974
221,E82124,Mesalazine_Tab E/C 400mg,0105010B0AAAAAA,3,65.0016
222,E82124,Mesalazine_Tab E/C 800mg,0105010B0AAASAS,3,-59.859999999999985
223,E82124,Pregabalin_Cap 25mg,0408010AEAAAAAA,4,0.016799999999999704
224,E82124,Quetiapine_Tab 25mg,0402010ABAAABAB,37,-0.05360000000000287
225,E82129,Amiodarone HCl_Tab 200mg,0203020D0AAABAB,4,1.8347000000000016
226,E82129,Atorvastatin_Tab 20mg,0212000B0AAABAB,1,0.006000000000000172
227,E82129,Clonazepam_Tab 500mcg,0408010F0AAABAB,4,0.6327999999999987
228,E82129,Pregabalin_Cap 25mg,0408010AEAAAAAA,4,0.008399999999999852
229,E82129,Quetiapine_Tab 25mg,0402010ABAAABAB,12,0.022099999999999467
230,E82131,Amiodarone HCl_Tab 200mg,0203020D0AAABAB,1,1.050000000000001
231,E82131,Atorvastatin_Tab 20mg,0212000B0AAABAB,1,-0.0029999999999998778
232,E82131,Clonazepam_Tab 500mcg,0408010F0AAABAB,3,3.276999999999993
233,E82131,Mesalazine_Tab E/C 800mg,0105010B0AAASAS,1,17.219999999999995
234,E82131,Quetiapine_Tab 25mg,0402010ABAAABAB,4,0.022399999999999087
235,E82603,Amiodarone HCl_Tab 200mg,0203020D0AAABAB,11,1.5470000000000006
236,E82603,Clonazepam_Tab 500mcg,0408010F0AAABAB,5,1.3107999999999973
237,E82603,Quetiapine_Tab 25mg,0402010ABAAABAB,7,-0.004200000000000509
238,E82613,Quetiapine_Tab 25mg,0402010ABAAABAB,1,-0.00420000000000012
239,E82630,Quetiapine_Tab 25mg,0402010ABAAABAB,1,-0.00280000000000008
240,E82640,Amiodarone HCl_Tab 200mg,0203020D0AAABAB,1,0.3500000000000003
241,E82640,Clonazepam_Tab 500mcg,0408010F0AAABAB,4,0.7118999999999985
242,E82640,Quetiapine_Tab 25mg,0402010ABAAABAB,18,0.011199999999999932
243,E82643,Amiodarone HCl_Tab 200mg,0203020D0AAABAB,1,1.050000000000001
244,E82643,Atorvastatin_Tab 20mg,0212000B0AAABAB,20,56.3304
245,E82643,Clonazepam_Tab 500mcg,0408010F0AAABAB,1,1.1299999999999977
246,E82644,Clonazepam_Tab 500mcg,0408010F0AAABAB,1,0.31639999999999935
247,E82644,Mesalazine_Tab E/C 400mg,0105010B0AAAAAA,1,51.33599999999999
248,E82644,Pregabalin_Cap 25mg,0408010AEAAAAAA,5,0.02099999999999963
249,E82644,Quetiapine_Tab 25mg,0402010ABAAABAB,10,-0.028000000000000802
250,E82652,Amiodarone HCl_Tab 200mg,0203020D0AAABAB,4,0.3388
251,E82652,Clonazepam_Tab 500mcg,0408010F0AAABAB,5,0.949199999999998
252,E82655,Amiodarone HCl_Tab 200mg,0203020D0AAABAB,10,2.788800000000002
253,E82655,Clonazepam_Tab 500mcg,0408010F0AAABAB,2,0.352699999999999
254,E82655,Quetiapine_Tab 25mg,0402010ABAAABAB,5,-0.005600000000000549
255,E82656,Amiodarone HCl_Tab 200mg,0203020D0AAABAB,2,1.4000000000000012
256,E82656,Atorvastatin_Tab 20mg,0212000B0AAABAB,1,0.006000000000000172
257,E82656,Clonazepam_Tab 500mcg,0408010F0AAABAB,7,4.248799999999991
258,E82656,Quetiapine_Tab 25mg,0402010ABAAABAB,1,0.00840000000000024
259,E82657,Amiodarone HCl_Tab 200mg,0203020D0AAABAB,3,2.100000000000002
260,E82657,Clonazepam_Tab 500mcg,0408010F0AAABAB,1,0.3389999999999993
261,E82657,Quetiapine_Tab 25mg,0402010ABAAABAB,9,0.053199999999998415
262,Y00042,Clonazepam_Tab 500mcg,0408010F0AAABAB,2,0.2372999999999995
263,Y00243,Pregabalin_Cap 25mg,0408010AEAAAAAA,1,0.002099999999999963
264,Y00243,Quetiapine_Tab 25mg,0402010ABAAABAB,12,0.006999999999999035
265,Y00415,Quetiapine_Tab 25mg,0402010ABAAABAB,2,0.0005999999999998923
266,Y01165,Amiodarone HCl_Tab 200mg,0203020D0AAABAB,1,0.3500000000000003
267,Y01165,Atorvastatin_Tab 20mg,0212000B0AAABAB,1,0.006000000000000172
268,Y01165,Clonazepam_Tab 500mcg,0408010F0AAABAB,2,0.15819999999999967
269,Y01165,Quetiapine_Tab 25mg,0402010ABAAABAB,13,0.0391999999999984
270,Y01165,Risperidone_Tab 6mg,040201030AAAFAF,4,29.232
271,Y01735,Pregabalin_Cap 25mg,0408010AEAAAAAA,2,0.006199999999999983
272,Y02638,Amiodarone HCl_Tab 200mg,0203020D0AAABAB,1,0.3500000000000003
273,Y02638,Clonazepam_Tab 500mcg,0408010F0AAABAB,1,1.898399999999996
274,Y02638,Quetiapine_Tab 25mg,0402010ABAAABAB,14,137.8328
