,practice_code,bnf_description,bnf_code,items,excess_cost
0,H82003,Amlodipine_Tab 5mg,0206020A0AAAAAA,6,-0.012599999999999778
1,H82003,Aripiprazole_Tab 5mg,0402010ADAAADAD,2,-0.00560000000000016
2,H82003,Clonazepam_Tab 500mcg,0408010F0AAABAB,11,8.587999999999981
3,H82003,Paracet_Tab 500mg,0407010H0AAAMAM,2,-0.011199999999999932
4,H82004,Amlodipine_Tab 5mg,0206020A0AAAAAA,1,0.005600000000000063
5,H82004,Atorvastatin_Tab 40mg,0212000B0AAACAC,1,-0.002799999999999997
6,H82004,Clonazepam_Tab 500mcg,0408010F0AAABAB,4,1.943599999999996
7,H82004,Paracet_Tab 500mg,0407010H0AAAMAM,2,0.00839999999999995
8,H82005,Amlodipine_Tab 5mg,0206020A0AAAAAA,1,0.0010000000000000286
9,H82005,Aripiprazole_Tab 5mg,0402010ADAAADAD,1,86.1896
10,H82005,Atorvastatin_Tab 20mg,0212000B0AAABAB,128,158.04320000000004
11,H82005,Clonazepam_Tab 500mcg,0408010F0AAABAB,5,4.863799999999993
12,H82005,Losartan Pot_Tab 50mg,0205052N0AAABAB,27,42.6384
13,H82005,Memantine HCl_Tab 20mg,0411000G0AAADAD,12,191.6992
14,H82005,Paracet_Tab 500mg,0407010H0AAAMAM,52,50.24000000000001
15,H82008,Amlodipine_Tab 5mg,0206020A0AAAAAA,10,-0.014699999999999547
16,H82008,Clonazepam_Tab 500mcg,0408010F0AAABAB,14,8.700999999999981
17,H82008,Paracet_Tab 500mg,0407010H0AAAMAM,242,109.818
18,H82008,Phenytoin_Sod Tab 100mg,0408010Q0AAAGAG,1,79.59839999999998
19,H82010,Amlodipine_Tab 5mg,0206020A0AAAAAA,3,0.01760000000000031
20,H82010,Aripiprazole_Tab 5mg,0402010ADAAADAD,1,0.004199999999999926
21,H82010,Clonazepam_Tab 500mcg,0408010F0AAABAB,7,4.79119999999999
22,H82010,Memantine HCl_Tab 20mg,0411000G0AAADAD,1,0.0035000000000001003
23,H82010,Paracet_Tab 500mg,0407010H0AAAMAM,22,0.11399999999999932
24,H82017,Amlodipine_Tab 5mg,0206020A0AAAAAA,187,9.241599999999993
25,H82017,Aripiprazole_Tab 5mg,0402010ADAAADAD,12,43.083600000000004
26,H82017,Atorvastatin_Tab 20mg,0212000B0AAABAB,113,67.7406
27,H82017,Clonazepam_Tab 500mcg,0408010F0AAABAB,51,25.930499999999945
28,H82017,Letrozole_Tab 2.5mg,0803041L0AAAAAA,8,213.91719999999998
29,H82017,Losartan Pot_Tab 50mg,0205052N0AAABAB,4,-0.01120000000000003
30,H82017,Paracet_Tab 500mg,0407010H0AAAMAM,216,3.346799999999981
31,H82027,Amlodipine_Tab 5mg,0206020A0AAAAAA,4,-0.008399999999999852
32,H82027,Clonazepam_Tab 500mcg,0408010F0AAABAB,1,1.1299999999999977
33,H82027,Paracet_Tab 500mg,0407010H0AAAMAM,20,-0.11199999999999932
34,H82028,Amlodipine_Tab 5mg,0206020A0AAAAAA,157,205.16299999999998
35,H82028,Aripiprazole_Tab 5mg,0402010ADAAADAD,2,-0.00560000000000016
36,H82028,Atorvastatin_Tab 20mg,0212000B0AAABAB,25,22.585200000000004
37,H82028,Atorvastatin_Tab 40mg,0212000B0AAACAC,84,133.79879999999997
38,H82028,Clonazepam_Tab 500mcg,0408010F0AAABAB,18,12.283099999999973
39,H82028,Losartan Pot_Tab 50mg,0205052N0AAABAB,1,-0.008999999999999946
40,H82028,Paracet_Tab 500mg,0407010H0AAAMAM,92,9.657600000000002
41,H82035,Amlodipine_Tab 5mg,0206020A0AAAAAA,7,0.0015000000000002511
42,H82035,Clonazepam_Tab 500mcg,0408010F0AAABAB,8,3.740299999999993
43,H82035,Paracet_Tab 500mg,0407010H0AAAMAM,184,10.2572
44,H82036,Amlodipine_Tab 5mg,0206020A0AAAAAA,2,0.008900000000000075
45,H82036,Clonazepam_Tab 500mcg,0408010F0AAABAB,6,3.5305999999999926
46,H82036,Losartan Pot_Tab 50mg,0205052N0AAABAB,2,95.58080000000001
47,H82036,Paracet_Tab 500mg,0407010H0AAAMAM,98,9.58880000000001
48,H82040,Amlodipine_Tab 5mg,0206020A0AAAAAA,31,-0.06909999999999876
49,H82040,Clonazepam_Tab 500mcg,0408010F0AAABAB,5,2.056599999999996
50,H82040,Paracet_Tab 500mg,0407010H0AAAMAM,10,0.03439999999999979
51,H82040,Phenytoin_Sod Tab 100mg,0408010Q0AAAGAG,1,0.011999999999998678
52,H82044,Aripiprazole_Tab 5mg,0402010ADAAADAD,3,172.3834
53,H82044,Atorvastatin_Tab 20mg,0212000B0AAABAB,1,-0.003999999999999976
54,H82044,Atorvastatin_Tab 40mg,0212000B0AAACAC,1,0.0030000000000000165
55,H82044,Clonazepam_Tab 500mcg,0408010F0AAABAB,5,1.6763999999999966
56,H82044,Paracet_Tab 500mg,0407010H0AAAMAM,10,0.0015999999999999903
57,H82044,Phenytoin_Sod Tab 100mg,0408010Q0AAAGAG,2,42.1008
58,H82056,Clonazepam_Tab 500mcg,0408010F0AAABAB,17,10.780199999999978
59,H82056,Paracet_Tab 500mg,0407010H0AAAMAM,8,-0.02159999999999987
60,H82057,Amlodipine_Tab 5mg,0206020A0AAAAAA,21,-0.02869999999999917
61,H82057,Aripiprazole_Tab 5mg,0402010ADAAADAD,1,0.004199999999999926
62,H82057,Atorvastatin_Tab 20mg,0212000B0AAABAB,212,22.872000000000007
63,H82057,Atorvastatin_Tab 40mg,0212000B0AAACAC,2,-0.08960000000000101
64,H82057,Clonazepam_Tab 500mcg,0408010F0AAABAB,15,7.134799999999986
65,H82057,Letrozole_Tab 2.5mg,0803041L0AAAAAA,19,195.76410000000004
66,H82057,Losartan Pot_Tab 50mg,0205052N0AAABAB,109,0.7111999999999957
67,H82057,Memantine HCl_Tab 20mg,0411000G0AAADAD,7,0.03429999999999996
68,H82057,Paracet_Tab 500mg,0407010H0AAAMAM,60,0.40800000000000247
69,H82063,Amlodipine_Tab 5mg,0206020A0AAAAAA,21,0.00980000000000096
70,H82063,Clonazepam_Tab 500mcg,0408010F0AAABAB,14,5.141499999999989
71,H82063,Losartan Pot_Tab 50mg,0205052N0AAABAB,4,-0.01120000000000003
72,H82063,Memantine HCl_Tab 20mg,0411000G0AAADAD,4,0.01959999999999998
73,H82063,Paracet_Tab 500mg,0407010H0AAAMAM,14,-0.07839999999999953
74,H82072,Aripiprazole_Tab 5mg,0402010ADAAADAD,3,-0.00840000000000024
75,H82072,Clonazepam_Tab 500mcg,0408010F0AAABAB,11,10.26039999999998
76,H82084,Amlodipine_Tab 5mg,0206020A0AAAAAA,4,0.02100000000000031
77,H82084,Atorvastatin_Tab 20mg,0212000B0AAABAB,1,0.003800000000000109
78,H82084,Atorvastatin_Tab 40mg,0212000B0AAACAC,1,0.003799999999999977
79,H82084,Clonazepam_Tab 500mcg,0408010F0AAABAB,13,7.544399999999985
80,H82084,Letrozole_Tab 2.5mg,0803041L0AAAAAA,4,-0.08959999999999946
81,H82084,Losartan Pot_Tab 50mg,0205052N0AAABAB,1,0.0018999999999999885
82,H82084,Paracet_Tab 500mg,0407010H0AAAMAM,14,-0.008799999999999947
83,H82089,Clonazepam_Tab 500mcg,0408010F0AAABAB,6,3.7021999999999924
84,H82089,Paracet_Tab 500mg,0407010H0AAAMAM,14,20.1488
85,H82092,Amlodipine_Tab 5mg,0206020A0AAAAAA,2,-0.4101999999999999
86,H82092,Atorvastatin_Tab 20mg,0212000B0AAABAB,90,45.36000000000001
87,H82092,Clonazepam_Tab 500mcg,0408010F0AAABAB,13,7.876099999999985
88,H82100,Clonazepam_Tab 500mcg,0408010F0AAABAB,4,1.2655999999999974
89,H82100,Paracet_Tab 500mg,0407010H0AAAMAM,2,-0.011199999999999932
90,H82615,Atorvastatin_Tab 40mg,0212000B0AAACAC,1,0.004399999999999973
91,H82615,Clonazepam_Tab 500mcg,0408010F0AAABAB,5,3.5255999999999927
92,H82615,Losartan Pot_Tab 50mg,0205052N0AAABAB,54,11.9448
93,H82615,Memantine HCl_Tab 20mg,0411000G0AAADAD,6,0.022299999999999986
94,H82615,Paracet_Tab 500mg,0407010H0AAAMAM,20,-0.11199999999999932
95,H82621,Clonazepam_Tab 500mcg,0408010F0AAABAB,14,8.493599999999983
96,H82621,Paracet_Tab 500mg,0407010H0AAAMAM,12,0.011199999999999932
97,H82640,Clonazepam_Tab 500mcg,0408010F0AAABAB,10,7.525799999999984
98,H82640,Paracet_Tab 500mg,0407010H0AAAMAM,12,-0.0327999999999998
