,practice_code,bnf_description,bnf_code,items,excess_cost
0,F84004,Aspirin Disper_Tab 75mg,0209000A0AAABAB,808,2.262399999999986
1,F84004,Clonazepam_Tab 500mcg,0408010F0AAABAB,56,16.22229999999997
2,F84004,Folic Acid_Tab 5mg,0901020G0AAAGAG,376,1.6962999999999981
3,F84004,Lansoprazole_Cap 30mg (E/C Gran),0103050L0AAAAAA,331,1.0598000000000123
4,F84004,Pyridox HCl_Tab 50mg,0906024N0AAAIAI,2,0.3050000000000004
5,F84004,Tetrabenazine_Tab 25mg,0409030C0AAAAAA,6,2.3297999999999996
6,F84004,Topiramate_Tab 200mg,040801050AAACAC,5,11.124799999999995
7,F84006,Aspirin Disper_Tab 75mg,0209000A0AAABAB,500,1.3999999999999915
8,F84006,Clonazepam_Tab 500mcg,0408010F0AAABAB,10,2.531199999999995
9,F84006,Folic Acid_Tab 5mg,0901020G0AAAGAG,137,0.5666999999999995
10,F84006,Lansoprazole_Cap 30mg (E/C Gran),0103050L0AAAAAA,183,0.6048000000000069
11,F84006,Pyridox HCl_Tab 50mg,0906024N0AAAIAI,4,1.6758000000000004
12,F84006,Topiramate_Tab 200mg,040801050AAACAC,2,4.979999999999998
13,F84009,Aspirin Disper_Tab 75mg,0209000A0AAABAB,274,0.7959999999999952
14,F84009,Clonazepam_Tab 500mcg,0408010F0AAABAB,5,2.2147999999999954
15,F84009,Folic Acid_Tab 5mg,0901020G0AAAGAG,73,0.20750000000000002
16,F84009,Lansoprazole_Cap 30mg (E/C Gran),0103050L0AAAAAA,81,0.27180000000000315
17,F84009,Pyridox HCl_Tab 50mg,0906024N0AAAIAI,2,0.4788000000000001
18,F84010,Aspirin Disper_Tab 75mg,0209000A0AAABAB,276,0.7727999999999953
19,F84010,Clonazepam_Tab 500mcg,0408010F0AAABAB,4,2.6215999999999946
20,F84010,Folic Acid_Tab 5mg,0901020G0AAAGAG,150,0.6726999999999992
21,F84010,Lansoprazole_Cap 30mg (E/C Gran),0103050L0AAAAAA,162,0.5152000000000059
22,F84010,Mesalazine_Tab E/C 800mg,0105010B0AAASAS,1,17.219999999999995
23,F84010,Pyridox HCl_Tab 50mg,0906024N0AAAIAI,1,0.06560000000000032
24,F84014,Aspirin Disper_Tab 75mg,0209000A0AAABAB,322,0.9015999999999945
25,F84014,Clonazepam_Tab 500mcg,0408010F0AAABAB,5,0.8700999999999982
26,F84014,Folic Acid_Tab 5mg,0901020G0AAAGAG,80,0.2963999999999996
27,F84014,Lansoprazole_Cap 30mg (E/C Gran),0103050L0AAAAAA,140,0.39800000000000463
28,F84014,Pyridox HCl_Tab 50mg,0906024N0AAAIAI,15,2.633400000000001
29,F84014,Topiramate_Tab 200mg,040801050AAACAC,1,4.979999999999998
30,F84017,Aspirin Disper_Tab 75mg,0209000A0AAABAB,356,0.9967999999999939
31,F84017,Clonazepam_Tab 500mcg,0408010F0AAABAB,2,2.531199999999995
32,F84017,Folic Acid_Tab 5mg,0901020G0AAAGAG,194,0.849499999999999
33,F84017,Lansoprazole_Cap 30mg (E/C Gran),0103050L0AAAAAA,251,0.7478000000000086
34,F84017,Pyridox HCl_Tab 50mg,0906024N0AAAIAI,5,1.9152000000000005
35,F84022,Aspirin Disper_Tab 75mg,0209000A0AAABAB,142,0.3975999999999976
36,F84022,Clonazepam_Tab 500mcg,0408010F0AAABAB,1,1.3559999999999972
37,F84022,Folic Acid_Tab 5mg,0901020G0AAAGAG,21,0.08349999999999996
38,F84022,Lansoprazole_Cap 30mg (E/C Gran),0103050L0AAAAAA,53,0.15680000000000177
39,F84047,Aspirin Disper_Tab 75mg,0209000A0AAABAB,274,0.7671999999999953
40,F84047,Clonazepam_Tab 500mcg,0408010F0AAABAB,8,1.8491999999999966
41,F84047,Folic Acid_Tab 5mg,0901020G0AAAGAG,169,0.7074999999999991
42,F84047,Lansoprazole_Cap 30mg (E/C Gran),0103050L0AAAAAA,114,0.3535000000000041
43,F84047,Pyridox HCl_Tab 50mg,0906024N0AAAIAI,3,0.9576000000000002
44,F84047,Risperidone_Tab 6mg,040201030AAAFAF,4,29.232
45,F84047,Tetrabenazine_Tab 25mg,0409030C0AAAAAA,1,0.49979999999999936
46,F84047,Topiramate_Tab 200mg,040801050AAACAC,1,2.489999999999999
47,F84050,Aspirin Disper_Tab 75mg,0209000A0AAABAB,182,0.5095999999999969
48,F84050,Clonazepam_Tab 500mcg,0408010F0AAABAB,2,0.474599999999999
49,F84050,Folic Acid_Tab 5mg,0901020G0AAAGAG,73,0.27049999999999974
50,F84050,Lansoprazole_Cap 30mg (E/C Gran),0103050L0AAAAAA,117,0.3444000000000039
51,F84050,Pyridox HCl_Tab 50mg,0906024N0AAAIAI,14,1.545000000000002
52,F84052,Aspirin Disper_Tab 75mg,0209000A0AAABAB,134,0.37639999999999774
53,F84052,Clonazepam_Tab 500mcg,0408010F0AAABAB,10,4.971999999999991
54,F84052,Folic Acid_Tab 5mg,0901020G0AAAGAG,94,0.37659999999999955
55,F84052,Lansoprazole_Cap 30mg (E/C Gran),0103050L0AAAAAA,86,0.29600000000000387
56,F84052,Pyridox HCl_Tab 50mg,0906024N0AAAIAI,1,0.7182000000000002
57,F84053,Aspirin Disper_Tab 75mg,0209000A0AAABAB,222,0.6215999999999963
58,F84053,Clonazepam_Tab 500mcg,0408010F0AAABAB,8,3.666199999999992
59,F84053,Folic Acid_Tab 5mg,0901020G0AAAGAG,104,0.5095999999999994
60,F84053,Lansoprazole_Cap 30mg (E/C Gran),0103050L0AAAAAA,98,0.30240000000000344
61,F84053,Pyridox HCl_Tab 50mg,0906024N0AAAIAI,1,0.23940000000000006
62,F84053,Risperidone_Tab 6mg,040201030AAAFAF,1,29.2096
63,F84070,Aspirin Disper_Tab 75mg,0209000A0AAABAB,382,1.0695999999999934
64,F84070,Clonazepam_Tab 500mcg,0408010F0AAABAB,8,2.531199999999995
65,F84070,Folic Acid_Tab 5mg,0901020G0AAAGAG,128,0.5681999999999994
66,F84070,Lansoprazole_Cap 30mg (E/C Gran),0103050L0AAAAAA,242,0.7686000000000087
67,F84070,Mesalazine_Tab E/C 800mg,0105010B0AAASAS,1,36.89999999999999
68,F84070,Pyridox HCl_Tab 50mg,0906024N0AAAIAI,11,5.745600000000001
69,F84074,Acetylcy_Tab Eff 600mg S/F,0307000C0AAARAR,1,22.135999999999996
70,F84074,Aspirin Disper_Tab 75mg,0209000A0AAABAB,4,0.011199999999999932
71,F84074,Clonazepam_Tab 500mcg,0408010F0AAABAB,1,0.6327999999999987
72,F84074,Folic Acid_Tab 5mg,0901020G0AAAGAG,10,0.0016000000000000042
73,F84074,Lansoprazole_Cap 30mg (E/C Gran),0103050L0AAAAAA,13,0.061600000000000696
74,F84074,Mesalazine_Tab E/C 800mg,0105010B0AAASAS,2,68.87999999999998
75,F84074,Pyridox HCl_Tab 50mg,0906024N0AAAIAI,2,0.4788000000000001
76,F84077,Aspirin Disper_Tab 75mg,0209000A0AAABAB,136,0.3807999999999977
77,F84077,Clonazepam_Tab 500mcg,0408010F0AAABAB,6,1.898399999999996
78,F84077,Folic Acid_Tab 5mg,0901020G0AAAGAG,20,0.09799999999999989
79,F84077,Lansoprazole_Cap 30mg (E/C Gran),0103050L0AAAAAA,80,0.2422000000000028
80,F84077,Pyridox HCl_Tab 50mg,0906024N0AAAIAI,3,4.069800000000001
81,F84086,Aspirin Disper_Tab 75mg,0209000A0AAABAB,264,0.7503999999999953
82,F84086,Clonazepam_Tab 500mcg,0408010F0AAABAB,4,1.898399999999996
83,F84086,Folic Acid_Tab 5mg,0901020G0AAAGAG,105,0.36669999999999964
84,F84086,Lansoprazole_Cap 30mg (E/C Gran),0103050L0AAAAAA,58,0.19880000000000225
85,F84086,Pyridox HCl_Tab 50mg,0906024N0AAAIAI,4,0.2624000000000013
86,F84086,Topiramate_Tab 200mg,040801050AAACAC,1,2.489999999999999
87,F84088,Aspirin Disper_Tab 75mg,0209000A0AAABAB,132,0.36959999999999776
88,F84088,Clonazepam_Tab 500mcg,0408010F0AAABAB,1,0.31639999999999935
89,F84088,Folic Acid_Tab 5mg,0901020G0AAAGAG,35,0.16819999999999982
90,F84088,Lansoprazole_Cap 30mg (E/C Gran),0103050L0AAAAAA,45,0.15400000000000175
91,F84088,Pyridox HCl_Tab 50mg,0906024N0AAAIAI,3,0.7182000000000002
92,F84092,Aspirin Disper_Tab 75mg,0209000A0AAABAB,86,0.24079999999999854
93,F84092,Clonazepam_Tab 500mcg,0408010F0AAABAB,4,1.898399999999996
94,F84092,Folic Acid_Tab 5mg,0901020G0AAAGAG,26,0.12079999999999991
95,F84092,Lansoprazole_Cap 30mg (E/C Gran),0103050L0AAAAAA,73,0.22700000000000262
96,F84092,Pyridox HCl_Tab 50mg,0906024N0AAAIAI,1,0.23940000000000006
97,F84092,Tetrabenazine_Tab 25mg,0409030C0AAAAAA,1,3.998399999999995
98,F84093,Aspirin Disper_Tab 75mg,0209000A0AAABAB,308,0.817599999999995
99,F84093,Clonazepam_Tab 500mcg,0408010F0AAABAB,25,6.949499999999986
100,F84093,Folic Acid_Tab 5mg,0901020G0AAAGAG,125,0.5214999999999994
101,F84093,Lansoprazole_Cap 30mg (E/C Gran),0103050L0AAAAAA,254,0.8264000000000093
102,F84093,Pyridox HCl_Tab 50mg,0906024N0AAAIAI,1,0.4788000000000001
103,F84097,Aspirin Disper_Tab 75mg,0209000A0AAABAB,264,0.7391999999999955
104,F84097,Clonazepam_Tab 500mcg,0408010F0AAABAB,6,1.539799999999997
105,F84097,Folic Acid_Tab 5mg,0901020G0AAAGAG,71,0.3123999999999997
106,F84097,Lansoprazole_Cap 30mg (E/C Gran),0103050L0AAAAAA,142,0.43680000000000496
107,F84097,Pyridox HCl_Tab 50mg,0906024N0AAAIAI,8,1.9152000000000005
108,F84111,Aspirin Disper_Tab 75mg,0209000A0AAABAB,142,0.3975999999999976
109,F84111,Clonazepam_Tab 500mcg,0408010F0AAABAB,8,3.0735999999999937
110,F84111,Folic Acid_Tab 5mg,0901020G0AAAGAG,41,0.1637999999999999
111,F84111,Lansoprazole_Cap 30mg (E/C Gran),0103050L0AAAAAA,94,0.31360000000000354
112,F84111,Risperidone_Tab 6mg,040201030AAAFAF,2,58.4192
113,F84121,Aspirin Disper_Tab 75mg,0209000A0AAABAB,442,1.2603999999999922
114,F84121,Clonazepam_Tab 500mcg,0408010F0AAABAB,4,2.847599999999994
115,F84121,Folic Acid_Tab 5mg,0901020G0AAAGAG,226,0.7928999999999993
116,F84121,Lansoprazole_Cap 30mg (E/C Gran),0103050L0AAAAAA,165,0.4876000000000056
117,F84121,Mesalazine_Tab E/C 800mg,0105010B0AAASAS,1,49.19999999999999
118,F84121,Pyridox HCl_Tab 50mg,0906024N0AAAIAI,10,4.788000000000001
119,F84121,Topiramate_Tab 200mg,040801050AAACAC,1,2.489999999999999
120,F84124,Aspirin Disper_Tab 75mg,0209000A0AAABAB,56,0.15679999999999905
121,F84124,Folic Acid_Tab 5mg,0901020G0AAAGAG,2,-0.008800000000000002
122,F84124,Lansoprazole_Cap 30mg (E/C Gran),0103050L0AAAAAA,26,0.09800000000000111
123,F84124,Tetrabenazine_Tab 25mg,0409030C0AAAAAA,4,2.998799999999996
124,F84631,Aspirin Disper_Tab 75mg,0209000A0AAABAB,68,0.17879999999999893
125,F84631,Clonazepam_Tab 500mcg,0408010F0AAABAB,1,0.31639999999999935
126,F84631,Folic Acid_Tab 5mg,0901020G0AAAGAG,21,0.10289999999999988
127,F84631,Lansoprazole_Cap 30mg (E/C Gran),0103050L0AAAAAA,17,0.07280000000000082
128,F84631,Pyridox HCl_Tab 50mg,0906024N0AAAIAI,2,0.7182000000000002
129,F84641,Aspirin Disper_Tab 75mg,0209000A0AAABAB,132,0.3699999999999978
130,F84641,Clonazepam_Tab 500mcg,0408010F0AAABAB,13,6.011599999999987
131,F84641,Folic Acid_Tab 5mg,0901020G0AAAGAG,37,0.13639999999999985
132,F84641,Lansoprazole_Cap 30mg (E/C Gran),0103050L0AAAAAA,41,0.11760000000000133
133,F84641,Pyridox HCl_Tab 50mg,0906024N0AAAIAI,4,2.3940000000000006
134,F84642,Aspirin Disper_Tab 75mg,0209000A0AAABAB,126,0.3531999999999979
135,F84642,Folic Acid_Tab 5mg,0901020G0AAAGAG,15,0.06089999999999994
136,F84642,Lansoprazole_Cap 30mg (E/C Gran),0103050L0AAAAAA,53,0.17080000000000192
137,F84657,Aspirin Disper_Tab 75mg,0209000A0AAABAB,160,0.47039999999999715
138,F84657,Clonazepam_Tab 500mcg,0408010F0AAABAB,4,1.2655999999999974
139,F84657,Folic Acid_Tab 5mg,0901020G0AAAGAG,83,0.3843999999999996
140,F84657,Lansoprazole_Cap 30mg (E/C Gran),0103050L0AAAAAA,93,0.3334000000000038
141,F84657,Pyridox HCl_Tab 50mg,0906024N0AAAIAI,5,1.1970000000000003
142,F84658,Aspirin Disper_Tab 75mg,0209000A0AAABAB,244,0.6831999999999958
143,F84658,Clonazepam_Tab 500mcg,0408010F0AAABAB,2,0.6327999999999987
144,F84658,Folic Acid_Tab 5mg,0901020G0AAAGAG,51,0.12419999999999992
145,F84658,Lansoprazole_Cap 30mg (E/C Gran),0103050L0AAAAAA,149,0.49280000000000557
146,F84658,Mesalazine_Tab E/C 800mg,0105010B0AAASAS,1,17.219999999999995
147,F84658,Pyridox HCl_Tab 50mg,0906024N0AAAIAI,10,1.9382000000000017
148,F84658,Topiramate_Tab 200mg,040801050AAACAC,5,4.7972
149,F84660,Folic Acid_Tab 5mg,0901020G0AAAGAG,4,0.01959999999999998
150,F84661,Aspirin Disper_Tab 75mg,0209000A0AAABAB,48,0.1343999999999992
151,F84661,Folic Acid_Tab 5mg,0901020G0AAAGAG,9,0.04159999999999994
152,F84661,Lansoprazole_Cap 30mg (E/C Gran),0103050L0AAAAAA,24,0.08960000000000101
153,F84666,Aspirin Disper_Tab 75mg,0209000A0AAABAB,32,0.08959999999999946
154,F84666,Clonazepam_Tab 500mcg,0408010F0AAABAB,2,0.6779999999999986
155,F84666,Folic Acid_Tab 5mg,0901020G0AAAGAG,13,0.054399999999999935
156,F84666,Lansoprazole_Cap 30mg (E/C Gran),0103050L0AAAAAA,29,0.09540000000000114
157,F84669,Aspirin Disper_Tab 75mg,0209000A0AAABAB,446,1.2511999999999923
158,F84669,Clonazepam_Tab 500mcg,0408010F0AAABAB,2,0.949199999999998
159,F84669,Folic Acid_Tab 5mg,0901020G0AAAGAG,74,0.29749999999999965
160,F84669,Lansoprazole_Cap 30mg (E/C Gran),0103050L0AAAAAA,129,0.39130000000000514
161,F84669,Pyridox HCl_Tab 50mg,0906024N0AAAIAI,17,5.5062000000000015
162,F84670,Aspirin Disper_Tab 75mg,0209000A0AAABAB,216,0.6047999999999963
163,F84670,Clonazepam_Tab 500mcg,0408010F0AAABAB,1,0.31639999999999935
164,F84670,Folic Acid_Tab 5mg,0901020G0AAAGAG,26,0.08249999999999992
165,F84670,Lansoprazole_Cap 30mg (E/C Gran),0103050L0AAAAAA,109,0.38640000000000435
166,F84670,Pyridox HCl_Tab 50mg,0906024N0AAAIAI,2,0.4788000000000001
167,F84672,Aspirin Disper_Tab 75mg,0209000A0AAABAB,246,0.6943999999999957
168,F84672,Folic Acid_Tab 5mg,0901020G0AAAGAG,60,0.2846999999999997
169,F84672,Lansoprazole_Cap 30mg (E/C Gran),0103050L0AAAAAA,103,0.3472000000000039
170,F84673,Aspirin Disper_Tab 75mg,0209000A0AAABAB,16,0.04479999999999973
171,F84673,Clonazepam_Tab 500mcg,0408010F0AAABAB,4,0.16959999999999997
172,F84673,Folic Acid_Tab 5mg,0901020G0AAAGAG,4,0.01959999999999998
173,F84673,Lansoprazole_Cap 30mg (E/C Gran),0103050L0AAAAAA,7,0.022400000000000253
174,F84673,Pyridox HCl_Tab 50mg,0906024N0AAAIAI,2,0.9576000000000002
175,F84677,Aspirin Disper_Tab 75mg,0209000A0AAABAB,306,0.8567999999999948
176,F84677,Clonazepam_Tab 500mcg,0408010F0AAABAB,20,3.796799999999992
177,F84677,Folic Acid_Tab 5mg,0901020G0AAAGAG,130,0.6369999999999993
178,F84677,Lansoprazole_Cap 30mg (E/C Gran),0103050L0AAAAAA,162,0.47600000000000536
179,F84677,Pyridox HCl_Tab 50mg,0906024N0AAAIAI,4,1.1970000000000003
180,F84677,Tetrabenazine_Tab 25mg,0409030C0AAAAAA,1,5.997599999999992
181,F84681,Aspirin Disper_Tab 75mg,0209000A0AAABAB,142,0.3975999999999976
182,F84681,Clonazepam_Tab 500mcg,0408010F0AAABAB,2,1.943599999999996
183,F84681,Folic Acid_Tab 5mg,0901020G0AAAGAG,56,0.1998999999999998
184,F84681,Lansoprazole_Cap 30mg (E/C Gran),0103050L0AAAAAA,60,0.1680000000000019
185,F84681,Pyridox HCl_Tab 50mg,0906024N0AAAIAI,1,0.23940000000000006
186,F84681,Risperidone_Tab 6mg,040201030AAAFAF,1,29.2096
187,F84706,Aspirin Disper_Tab 75mg,0209000A0AAABAB,70,0.19599999999999881
188,F84706,Clonazepam_Tab 500mcg,0408010F0AAABAB,4,0.6327999999999987
189,F84706,Folic Acid_Tab 5mg,0901020G0AAAGAG,2,0.0013000000000000164
190,F84706,Lansoprazole_Cap 30mg (E/C Gran),0103050L0AAAAAA,25,0.08400000000000095
191,F84706,Pyridox HCl_Tab 50mg,0906024N0AAAIAI,3,5.266800000000002
192,F84708,Aspirin Disper_Tab 75mg,0209000A0AAABAB,36,0.10079999999999939
193,F84708,Clonazepam_Tab 500mcg,0408010F0AAABAB,3,1.4975999999999974
194,F84708,Folic Acid_Tab 5mg,0901020G0AAAGAG,24,0.1084999999999999
195,F84708,Lansoprazole_Cap 30mg (E/C Gran),0103050L0AAAAAA,23,0.07840000000000089
196,F84708,Pyridox HCl_Tab 50mg,0906024N0AAAIAI,1,0.4788000000000001
197,F84717,Aspirin Disper_Tab 75mg,0209000A0AAABAB,10,0.023599999999999857
198,F84717,Clonazepam_Tab 500mcg,0408010F0AAABAB,2,0.474599999999999
199,F84717,Folic Acid_Tab 5mg,0901020G0AAAGAG,5,0.0067000000000000046
200,F84717,Lansoprazole_Cap 30mg (E/C Gran),0103050L0AAAAAA,3,0.014200000000000212
201,F84717,Mesalazine_Tab E/C 800mg,0105010B0AAASAS,3,-110.69999999999997
202,F84717,Pyridox HCl_Tab 50mg,0906024N0AAAIAI,2,5.745600000000001
203,F84724,Aspirin Disper_Tab 75mg,0209000A0AAABAB,480,1.349599999999992
204,F84724,Clonazepam_Tab 500mcg,0408010F0AAABAB,5,0.949199999999998
205,F84724,Folic Acid_Tab 5mg,0901020G0AAAGAG,43,0.17829999999999982
206,F84724,Lansoprazole_Cap 30mg (E/C Gran),0103050L0AAAAAA,157,0.46760000000000523
207,F84724,Mesalazine_Tab E/C 800mg,0105010B0AAASAS,4,22.959999999999994
208,F84724,Pyridox HCl_Tab 50mg,0906024N0AAAIAI,6,1.6758000000000004
209,F84724,Risperidone_Tab 6mg,040201030AAAFAF,1,58.4192
210,F84729,Aspirin Disper_Tab 75mg,0209000A0AAABAB,48,0.1343999999999992
211,F84729,Folic Acid_Tab 5mg,0901020G0AAAGAG,8,0.001999999999999974
212,F84729,Lansoprazole_Cap 30mg (E/C Gran),0103050L0AAAAAA,27,0.08120000000000091
213,F84730,Aspirin Disper_Tab 75mg,0209000A0AAABAB,110,0.3135999999999981
214,F84730,Clonazepam_Tab 500mcg,0408010F0AAABAB,6,4.113199999999992
215,F84730,Folic Acid_Tab 5mg,0901020G0AAAGAG,42,0.18799999999999978
216,F84730,Lansoprazole_Cap 30mg (E/C Gran),0103050L0AAAAAA,45,0.13440000000000177
217,F84730,Risperidone_Tab 6mg,040201030AAAFAF,1,29.2096
218,F84734,Aspirin Disper_Tab 75mg,0209000A0AAABAB,176,0.5151999999999969
219,F84734,Clonazepam_Tab 500mcg,0408010F0AAABAB,1,0.6779999999999986
220,F84734,Folic Acid_Tab 5mg,0901020G0AAAGAG,27,0.10229999999999988
221,F84734,Lansoprazole_Cap 30mg (E/C Gran),0103050L0AAAAAA,56,0.18200000000000205
222,F84734,Pyridox HCl_Tab 50mg,0906024N0AAAIAI,6,3.1122000000000005
223,F84735,Aspirin Disper_Tab 75mg,0209000A0AAABAB,354,0.991199999999994
224,F84735,Clonazepam_Tab 500mcg,0408010F0AAABAB,12,0.949199999999998
225,F84735,Folic Acid_Tab 5mg,0901020G0AAAGAG,105,0.4804999999999995
226,F84735,Lansoprazole_Cap 30mg (E/C Gran),0103050L0AAAAAA,103,0.3360000000000038
227,F84735,Pyridox HCl_Tab 50mg,0906024N0AAAIAI,13,1.026600000000004
228,F84737,Lansoprazole_Cap 30mg (E/C Gran),0103050L0AAAAAA,23,0.0788000000000012
229,F84739,Aspirin Disper_Tab 75mg,0209000A0AAABAB,18,0.050399999999999695
230,F84739,Folic Acid_Tab 5mg,0901020G0AAAGAG,5,-0.009999999999999967
231,F84739,Lansoprazole_Cap 30mg (E/C Gran),0103050L0AAAAAA,1,0.00420000000000012
232,F84740,Aspirin Disper_Tab 75mg,0209000A0AAABAB,126,0.3527999999999979
233,F84740,Clonazepam_Tab 500mcg,0408010F0AAABAB,6,2.531199999999995
234,F84740,Folic Acid_Tab 5mg,0901020G0AAAGAG,24,0.08959999999999989
235,F84740,Lansoprazole_Cap 30mg (E/C Gran),0103050L0AAAAAA,34,0.12320000000000139
236,F84740,Pyridox HCl_Tab 50mg,0906024N0AAAIAI,2,0.4788000000000001
237,F84740,Risperidone_Tab 6mg,040201030AAAFAF,1,29.2096
238,F84741,Aspirin Disper_Tab 75mg,0209000A0AAABAB,252,0.7111999999999956
239,F84741,Folic Acid_Tab 5mg,0901020G0AAAGAG,78,0.34979999999999956
240,F84741,Lansoprazole_Cap 30mg (E/C Gran),0103050L0AAAAAA,128,0.3808000000000043
241,F84741,Pyridox HCl_Tab 50mg,0906024N0AAAIAI,6,2.633400000000001
242,F84742,Aspirin Disper_Tab 75mg,0209000A0AAABAB,42,0.11759999999999929
243,F84742,Folic Acid_Tab 5mg,0901020G0AAAGAG,12,0.058799999999999936
244,F84742,Lansoprazole_Cap 30mg (E/C Gran),0103050L0AAAAAA,25,0.08120000000000091
245,F84742,Pyridox HCl_Tab 50mg,0906024N0AAAIAI,1,0.7182000000000002
246,F84743,Lansoprazole_Cap 30mg (E/C Gran),0103050L0AAAAAA,1,0.005600000000000063
247,F84749,Aspirin Disper_Tab 75mg,0209000A0AAABAB,220,0.6215999999999962
248,F84749,Clonazepam_Tab 500mcg,0408010F0AAABAB,4,3.2091999999999934
249,F84749,Folic Acid_Tab 5mg,0901020G0AAAGAG,44,0.19969999999999982
250,F84749,Lansoprazole_Cap 30mg (E/C Gran),0103050L0AAAAAA,145,0.439600000000005
251,F84749,Pyridox HCl_Tab 50mg,0906024N0AAAIAI,8,3.1122000000000005
252,F84749,Topiramate_Tab 200mg,040801050AAACAC,1,2.489999999999999
253,Y02928,Aspirin Disper_Tab 75mg,0209000A0AAABAB,92,0.25759999999999844
254,Y02928,Clonazepam_Tab 500mcg,0408010F0AAABAB,9,0.7909999999999984
255,Y02928,Folic Acid_Tab 5mg,0901020G0AAAGAG,60,0.2687999999999997
256,Y02928,Lansoprazole_Cap 30mg (E/C Gran),0103050L0AAAAAA,21,0.07630000000000098
257,Y02928,Pyridox HCl_Tab 50mg,0906024N0AAAIAI,2,0.7182000000000002
258,Y04273,Aspirin Disper_Tab 75mg,0209000A0AAABAB,38,0.10639999999999936
259,Y04273,Clonazepam_Tab 500mcg,0408010F0AAABAB,5,0.949199999999998
260,Y04273,Folic Acid_Tab 5mg,0901020G0AAAGAG,18,0.07229999999999996
261,Y04273,Lansoprazole_Cap 30mg (E/C Gran),0103050L0AAAAAA,48,0.1876000000000021
262,Y04273,Pyridox HCl_Tab 50mg,0906024N0AAAIAI,1,0.9576000000000002
