,practice_code,bnf_description,bnf_code,items,excess_cost
0,P81006,Amiodarone HCl_Tab 200mg,0203020D0AAABAB,14,5.250000000000005
1,P81006,Azithromycin_Cap 250mg,0501050A0AAAAAA,19,18.862
2,P81006,Clonazepam_Tab 500mcg,0408010F0AAABAB,37,12.863499999999974
3,P81006,Mesalazine_Tab E/C 800mg,0105010B0AAASAS,1,17.219999999999995
4,P81006,Methocarbamol_Tab 750mg,1002020S0AAABAB,1,0.4299999999999998
5,P81006,Paracet_Tab Solb 500mg,0407010H0AAAQAQ,6,-0.035999999999996035
6,P81006,Pyridox HCl_Tab 50mg,0906024N0AAAIAI,5,1.9152000000000005
7,P81006,Tetrabenazine_Tab 25mg,0409030C0AAAAAA,5,4.498199999999994
8,P81031,Amiodarone HCl_Tab 200mg,0203020D0AAABAB,3,0.954000000000001
9,P81031,Clonazepam_Tab 500mcg,0408010F0AAABAB,24,6.539999999999987
10,P81031,Mesalazine_Tab E/C 800mg,0105010B0AAASAS,1,-36.89999999999999
11,P81031,Methocarbamol_Tab 750mg,1002020S0AAABAB,21,7.2892
12,P81031,Paracet_Tab Solb 500mg,0407010H0AAAQAQ,16,82.2288
13,P81031,Pyridox HCl_Tab 50mg,0906024N0AAAIAI,2,2.3940000000000006
14,P81037,Amiodarone HCl_Tab 200mg,0203020D0AAABAB,5,1.6125000000000014
15,P81037,Clonazepam_Tab 500mcg,0408010F0AAABAB,7,6.7347999999999875
16,P81037,Methocarbamol_Tab 750mg,1002020S0AAABAB,2,0.8512000000000011
17,P81037,Pyridox HCl_Tab 50mg,0906024N0AAAIAI,3,0.9576000000000002
18,P81059,Amiodarone HCl_Tab 200mg,0203020D0AAABAB,9,2.0888000000000018
19,P81059,Azithromycin_Cap 250mg,0501050A0AAAAAA,1,0.0031999999999996476
20,P81059,Clonazepam_Tab 500mcg,0408010F0AAABAB,10,2.847599999999994
21,P81059,Mesalazine_Tab E/C 800mg,0105010B0AAASAS,1,-36.89999999999999
22,P81059,Methocarbamol_Tab 750mg,1002020S0AAABAB,5,1.5823999999999994
23,P81059,Paracet_Tab Solb 500mg,0407010H0AAAQAQ,2,-0.011999999999998678
24,P81059,Pyridox HCl_Tab 50mg,0906024N0AAAIAI,2,1.4364000000000003
25,P81059,Tetrabenazine_Tab 25mg,0409030C0AAAAAA,5,1.9415
26,P81077,Amiodarone HCl_Tab 200mg,0203020D0AAABAB,8,2.0041000000000015
27,P81077,Clonazepam_Tab 500mcg,0408010F0AAABAB,10,5.06239999999999
28,P81077,Mesalazine_Tab E/C 800mg,0105010B0AAASAS,1,-34.43999999999999
29,P81077,Methocarbamol_Tab 750mg,1002020S0AAABAB,2,0.7392000000000025
30,P81077,Pyridox HCl_Tab 50mg,0906024N0AAAIAI,2,2.8728000000000007
31,P81079,Amiodarone HCl_Tab 200mg,0203020D0AAABAB,4,1.134700000000001
32,P81079,Clonazepam_Tab 500mcg,0408010F0AAABAB,18,5.220599999999989
33,P81079,Methocarbamol_Tab 750mg,1002020S0AAABAB,2,0.9631999999999996
34,P81079,Pyridox HCl_Tab 50mg,0906024N0AAAIAI,2,2.3940000000000006
35,P81086,Amiodarone HCl_Tab 200mg,0203020D0AAABAB,5,1.7500000000000016
36,P81086,Avanafil_Tab 200mg,0704050ACAAACAC,1,2.1999999999999993
37,P81086,Clonazepam_Tab 500mcg,0408010F0AAABAB,14,9.28859999999998
38,P81086,Methocarbamol_Tab 750mg,1002020S0AAABAB,8,3.7228000000000057
39,P81086,Pyridox HCl_Tab 50mg,0906024N0AAAIAI,1,0.4788000000000001
40,P81086,Tetrabenazine_Tab 25mg,0409030C0AAAAAA,1,1.499399999999998
41,P81087,Amiodarone HCl_Tab 200mg,0203020D0AAABAB,22,5.047000000000004
42,P81087,Avanafil_Tab 200mg,0704050ACAAACAC,1,2.1999999999999993
43,P81087,Clonazepam_Tab 500mcg,0408010F0AAABAB,35,18.079999999999963
44,P81087,Methocarbamol_Tab 750mg,1002020S0AAABAB,1,0.36960000000000126
45,P81087,Paracet_Tab Solb 500mg,0407010H0AAAQAQ,2,0.00800000000000023
46,P81087,Pyridox HCl_Tab 50mg,0906024N0AAAIAI,1,0.5130000000000001
47,P81089,Amiodarone HCl_Tab 200mg,0203020D0AAABAB,4,1.4000000000000012
48,P81089,Avanafil_Tab 200mg,0704050ACAAACAC,6,13.199999999999996
49,P81089,Clonazepam_Tab 500mcg,0408010F0AAABAB,13,6.248899999999987
50,P81089,Mesalazine_Tab E/C 800mg,0105010B0AAASAS,2,34.43999999999999
51,P81089,Methocarbamol_Tab 750mg,1002020S0AAABAB,2,0.8599999999999997
52,P81089,Paracet_Tab Solb 500mg,0407010H0AAAQAQ,10,-0.05999999999999339
53,P81089,Pyridox HCl_Tab 50mg,0906024N0AAAIAI,4,1.9152000000000005
54,P81128,Amiodarone HCl_Tab 200mg,0203020D0AAABAB,5,1.7500000000000016
55,P81128,Clonazepam_Tab 500mcg,0408010F0AAABAB,10,5.6047999999999885
56,P81128,Methocarbamol_Tab 750mg,1002020S0AAABAB,2,0.7996000000000011
57,P81128,Paracet_Tab Solb 500mg,0407010H0AAAQAQ,2,-0.011999999999998678
58,P81129,Amiodarone HCl_Tab 200mg,0203020D0AAABAB,7,2.450000000000002
59,P81129,Clonazepam_Tab 500mcg,0408010F0AAABAB,10,6.350599999999988
60,P81129,Methocarbamol_Tab 750mg,1002020S0AAABAB,1,0.22000000000000075
61,P81129,Pyridox HCl_Tab 50mg,0906024N0AAAIAI,1,0.9576000000000002
62,P81133,Amiodarone HCl_Tab 200mg,0203020D0AAABAB,7,2.450000000000002
63,P81133,Azithromycin_Cap 250mg,0501050A0AAAAAA,1,-0.0039999999999995595
64,P81133,Clonazepam_Tab 500mcg,0408010F0AAABAB,24,10.897699999999979
65,P81133,Mesalazine_Tab E/C 800mg,0105010B0AAASAS,1,17.219999999999995
66,P81133,Pyridox HCl_Tab 50mg,0906024N0AAAIAI,1,0.4788000000000001
67,P81133,Tetrabenazine_Tab 25mg,0409030C0AAAAAA,1,5.997599999999992
68,P81149,Amiodarone HCl_Tab 200mg,0203020D0AAABAB,3,1.050000000000001
69,P81149,Clonazepam_Tab 500mcg,0408010F0AAABAB,16,5.853399999999988
70,P81149,Mesalazine_Tab E/C 800mg,0105010B0AAASAS,1,68.87999999999998
71,P81149,Methocarbamol_Tab 750mg,1002020S0AAABAB,3,2.4423999999999992
72,P81149,Paracet_Tab Solb 500mg,0407010H0AAAQAQ,4,-0.023999999999997357
73,P81150,Amiodarone HCl_Tab 200mg,0203020D0AAABAB,7,2.450000000000002
74,P81150,Clonazepam_Tab 500mcg,0408010F0AAABAB,16,8.384599999999983
75,P81150,Gemfibrozil_Tab 600mg,0212000Q0AAABAB,1,7.571199999999999
76,P81150,Methocarbamol_Tab 750mg,1002020S0AAABAB,1,0.36960000000000126
77,P81150,Paracet_Tab Solb 500mg,0407010H0AAAQAQ,6,-0.035999999999996035
78,P81150,Pyridox HCl_Tab 50mg,0906024N0AAAIAI,4,2.8728000000000007
79,P81150,Tetrabenazine_Tab 25mg,0409030C0AAAAAA,2,4.498199999999994
80,P81157,Amiodarone HCl_Tab 200mg,0203020D0AAABAB,4,1.4000000000000012
81,P81157,Clonazepam_Tab 500mcg,0408010F0AAABAB,11,3.6701999999999932
82,P81157,Gemfibrozil_Tab 600mg,0212000Q0AAABAB,1,15.142399999999999
83,P81157,Mesalazine_Tab E/C 800mg,0105010B0AAASAS,9,114.73279999999994
84,P81157,Methocarbamol_Tab 750mg,1002020S0AAABAB,18,6.076400000000002
85,P81157,Paracet_Tab Solb 500mg,0407010H0AAAQAQ,2,-0.011999999999998678
86,P81191,Amiodarone HCl_Tab 200mg,0203020D0AAABAB,2,0.5292000000000003
87,P81191,Clonazepam_Tab 500mcg,0408010F0AAABAB,10,6.395799999999987
88,P81191,Mesalazine_Tab E/C 800mg,0105010B0AAASAS,5,81.17999999999998
89,P81191,Methocarbamol_Tab 750mg,1002020S0AAABAB,27,12.024400000000002
90,P81191,Pyridox HCl_Tab 50mg,0906024N0AAAIAI,6,3.1122000000000005
91,P81210,Amiodarone HCl_Tab 200mg,0203020D0AAABAB,9,3.150000000000003
92,P81210,Clonazepam_Tab 500mcg,0408010F0AAABAB,15,6.860599999999986
93,P81210,Mesalazine_Tab E/C 800mg,0105010B0AAASAS,1,-36.89999999999999
94,P81210,Pyridox HCl_Tab 50mg,0906024N0AAAIAI,1,0.4788000000000001
95,P81668,Amiodarone HCl_Tab 200mg,0203020D0AAABAB,1,0.3500000000000003
96,P81668,Clonazepam_Tab 500mcg,0408010F0AAABAB,11,5.536999999999988
97,P81668,Paracet_Tab Solb 500mg,0407010H0AAAQAQ,2,-0.011999999999998678
98,P81737,Methocarbamol_Tab 750mg,1002020S0AAABAB,1,0.7223999999999997
99,P81737,Pyridox HCl_Tab 50mg,0906024N0AAAIAI,1,0.4788000000000001
100,P81742,Amiodarone HCl_Tab 200mg,0203020D0AAABAB,2,0.7000000000000006
101,P81742,Clonazepam_Tab 500mcg,0408010F0AAABAB,3,0.949199999999998
102,P81742,Pyridox HCl_Tab 50mg,0906024N0AAAIAI,8,6.224400000000001
103,Y02837,Amiodarone HCl_Tab 200mg,0203020D0AAABAB,1,0.0847
104,Y03870,Clonazepam_Tab 500mcg,0408010F0AAABAB,1,0.31639999999999935
