,practice_code,bnf_description,bnf_code,items,excess_cost
0,Y02307,Buprenorphine_Tab Subling 2mg S/F,0410030A0AAADAD,1,0.004200000000000204
1,Y02307,Ferr Sulf_Tab 200mg,0901011P0AAACAC,1,0.002799999999999983
2,Y02307,Omeprazole_Cap E/C 20mg,0103050P0AAAAAA,1,0.004899999999999995
3,Y02307,Sod Valpr_Tab 500mg M/R,0408010W0AAA2A2,1,0.0027999999999996916
4,Y03193,Amlodipine_Tab 5mg,0206020A0AAAAAA,1,-0.002099999999999963
5,Y03193,Dapagliflozin_Tab 10mg,0601023AGAAABAB,1,0.0020999999999997687
6,Y03193,Gliclazide_Tab 80mg,0601021M0AAAAAA,1,0.005599999999999966
7,Y03336,Amlodipine_Tab 5mg,0206020A0AAAAAA,1,0.00360000000000002
8,Y03336,Colecal & Calc_Tab Chble 400u/1.25g,0906040G0AABWBW,1,0.0012000000000000344
9,Y03336,Omeprazole_Cap E/C 20mg,0103050P0AAAAAA,1,0.0023999999999999855
10,Y06014,Amoxicillin_Cap 500mg,0501013B0AAABAB,1,0.002999999999999982
11,Y06014,Fexofenadine HCl_Tab 120mg,0304010E0AAAAAA,1,0.00280000000000008
