,practice_code,bnf_description,bnf_code,items,excess_cost
0,G82006,Amiodarone HCl_Tab 200mg,0203020D0AAABAB,3,1.7500000000000016
1,G82006,Atorvastatin_Tab 60mg,0212000B0AAAPAP,6,8.870400000000018
2,G82006,Clonazepam_Tab 500mcg,0408010F0AAABAB,17,14.129999999999972
3,G82006,Co-Codamol_Cap 8mg/500mg,0407010F0AAABAB,2,0.6400000000000072
4,G82021,Amiodarone HCl_Tab 200mg,0203020D0AAABAB,2,0.7000000000000006
5,G82021,Atorvastatin_Tab 60mg,0212000B0AAAPAP,1,2.2176000000000045
6,G82021,Clonazepam_Tab 500mcg,0408010F0AAABAB,26,12.384799999999977
7,G82021,Co-Codamol_Cap 8mg/500mg,0407010F0AAABAB,50,5.958400000000065
8,G82021,Phenytoin_Sod Tab 100mg,0408010Q0AAAGAG,2,142.15999999999997
9,G82021,Topiramate_Cap 50mg,040801050AAAWAW,1,2.567999999999997
10,G82028,Amiodarone HCl_Tab 200mg,0203020D0AAABAB,3,1.8000000000000016
11,G82028,Clonazepam_Tab 500mcg,0408010F0AAABAB,14,6.214999999999987
12,G82028,Phenytoin_Sod Tab 100mg,0408010Q0AAAGAG,1,18.177599999999995
13,G82028,Topiramate_Cap 50mg,040801050AAAWAW,2,2.567999999999997
14,G82032,Amiodarone HCl_Tab 200mg,0203020D0AAABAB,29,3.6869000000000014
15,G82032,Clonazepam_Tab 500mcg,0408010F0AAABAB,16,5.27839999999999
16,G82032,Co-Codamol_Cap 8mg/500mg,0407010F0AAABAB,34,5.222400000000059
17,G82032,Phenytoin_Sod Tab 100mg,0408010Q0AAAGAG,10,0.06299999999999306
18,G82044,Amiodarone HCl_Tab 200mg,0203020D0AAABAB,2,1.4000000000000012
19,G82044,Clonazepam_Tab 500mcg,0408010F0AAABAB,3,1.898399999999996
20,G82048,Amiodarone HCl_Tab 200mg,0203020D0AAABAB,4,2.8500000000000023
21,G82048,Atorvastatin_Tab 60mg,0212000B0AAAPAP,4,1.1088000000000022
22,G82048,Clonazepam_Tab 500mcg,0408010F0AAABAB,2,1.6497999999999966
23,G82048,Co-Codamol_Cap 8mg/500mg,0407010F0AAABAB,2,0.3200000000000036
24,G82048,Phenytoin_Sod Tab 100mg,0408010Q0AAAGAG,2,8.646399999999993
25,G82056,Amiodarone HCl_Tab 200mg,0203020D0AAABAB,1,0.7000000000000006
26,G82056,Atorvastatin_Tab 60mg,0212000B0AAAPAP,1,2.2176000000000045
27,G82056,Clonazepam_Tab 500mcg,0408010F0AAABAB,9,3.875899999999992
28,G82056,Co-Codamol_Cap 8mg/500mg,0407010F0AAABAB,22,4.800000000000054
29,G82056,Phenytoin_Sod Tab 100mg,0408010Q0AAAGAG,4,0.025199999999997225
30,G82067,Amiodarone HCl_Tab 200mg,0203020D0AAABAB,2,0.7000000000000006
31,G82067,Atorvastatin_Tab 60mg,0212000B0AAAPAP,1,1.1088000000000022
32,G82067,Clonazepam_Tab 500mcg,0408010F0AAABAB,14,7.514499999999984
33,G82067,Co-Codamol_Cap 8mg/500mg,0407010F0AAABAB,4,0.6400000000000072
34,G82073,Amiodarone HCl_Tab 200mg,0203020D0AAABAB,18,4.527600000000003
35,G82073,Clonazepam_Tab 500mcg,0408010F0AAABAB,12,5.243199999999989
36,G82073,Gemfibrozil_Tab 600mg,0212000Q0AAABAB,2,15.142399999999999
37,G82073,Topiramate_Cap 50mg,040801050AAAWAW,1,1.7975999999999979
38,G82088,Amiodarone HCl_Tab 200mg,0203020D0AAABAB,4,1.7500000000000016
39,G82088,Clonazepam_Tab 500mcg,0408010F0AAABAB,3,2.5763999999999947
40,G82096,Mesalazine_Tab E/C 400mg,0105010B0AAAAAA,1,47.913599999999995
41,G82097,Amiodarone HCl_Tab 200mg,0203020D0AAABAB,14,2.777600000000002
42,G82097,Atorvastatin_Tab 60mg,0212000B0AAAPAP,2,3.3264000000000067
43,G82097,Clonazepam_Tab 500mcg,0408010F0AAABAB,24,6.943199999999986
44,G82097,Co-Codamol_Cap 8mg/500mg,0407010F0AAABAB,6,0.9600000000000108
45,G82097,Mesalazine_Tab E/C 400mg,0105010B0AAAAAA,1,-15.971199999999998
46,G82122,Amiodarone HCl_Tab 200mg,0203020D0AAABAB,8,3.850000000000003
47,G82122,Clonazepam_Tab 500mcg,0408010F0AAABAB,24,8.791399999999982
48,G82122,Co-Codamol_Cap 8mg/500mg,0407010F0AAABAB,12,1.334800000000014
49,G82122,Gemfibrozil_Tab 600mg,0212000Q0AAABAB,1,22.7136
50,G82122,Mesalazine_Tab E/C 400mg,0105010B0AAAAAA,1,12.833999999999998
51,G82122,Phenytoin_Sod Tab 100mg,0408010Q0AAAGAG,4,6.081599999999998
52,G82122,Topiramate_Cap 50mg,040801050AAAWAW,1,1.2839999999999985
53,G82143,Amiodarone HCl_Tab 200mg,0203020D0AAABAB,8,0.6776
54,G82143,Atorvastatin_Tab 60mg,0212000B0AAAPAP,2,4.435200000000009
55,G82143,Co-Codamol_Cap 8mg/500mg,0407010F0AAABAB,4,0.6400000000000072
56,G82143,Topiramate_Cap 50mg,040801050AAAWAW,1,2.567999999999997
57,G82185,Amiodarone HCl_Tab 200mg,0203020D0AAABAB,1,0.7000000000000006
58,G82185,Clonazepam_Tab 500mcg,0408010F0AAABAB,6,3.401299999999993
59,G82185,Co-Codamol_Cap 8mg/500mg,0407010F0AAABAB,4,0.9600000000000108
60,G82185,Topiramate_Cap 50mg,040801050AAAWAW,1,1.1983999999999986
61,G82206,Amiodarone HCl_Tab 200mg,0203020D0AAABAB,1,0.3500000000000003
62,G82206,Atorvastatin_Tab 60mg,0212000B0AAAPAP,1,0.27720000000000056
63,G82206,Clonazepam_Tab 500mcg,0408010F0AAABAB,2,1.446399999999997
64,G82206,Donepezil HCl_Orodisper Tab 10mg S/F,0411000D0AAAEAE,4,0.02240000000000064
65,G82212,Amiodarone HCl_Tab 200mg,0203020D0AAABAB,4,0.3388
66,G82212,Co-Codamol_Cap 8mg/500mg,0407010F0AAABAB,4,0.42240000000000477
67,G82212,Donepezil HCl_Orodisper Tab 10mg S/F,0411000D0AAAEAE,1,0.5320000000000005
68,G82212,Phenytoin_Sod Tab 100mg,0408010Q0AAAGAG,8,18.19439999999999
69,G82218,Amiodarone HCl_Tab 200mg,0203020D0AAABAB,5,0.6888000000000003
70,G82218,Clonazepam_Tab 500mcg,0408010F0AAABAB,25,7.412799999999985
71,G82218,Co-Codamol_Cap 8mg/500mg,0407010F0AAABAB,6,0.5504000000000062
72,G82221,Amiodarone HCl_Tab 200mg,0203020D0AAABAB,2,0.7000000000000006
73,G82221,Clonazepam_Tab 500mcg,0408010F0AAABAB,16,7.853499999999983
74,G82221,Co-Codamol_Cap 8mg/500mg,0407010F0AAABAB,26,4.044800000000046
75,G82221,Mesalazine_Tab E/C 400mg,0105010B0AAAAAA,1,11.978399999999999
76,G82221,Phenytoin_Sod Tab 100mg,0408010Q0AAAGAG,4,0.019599999999999396
77,G82221,Topiramate_Cap 50mg,040801050AAAWAW,6,5.044799999999995
78,G82225,Amiodarone HCl_Tab 200mg,0203020D0AAABAB,3,2.150000000000002
79,G82225,Atorvastatin_Tab 60mg,0212000B0AAAPAP,6,9.856000000000009
80,G82225,Clonazepam_Tab 500mcg,0408010F0AAABAB,16,7.590199999999983
81,G82225,Co-Codamol_Cap 8mg/500mg,0407010F0AAABAB,22,2.4972000000000287
82,G82225,Mesalazine_Tab E/C 400mg,0105010B0AAAAAA,1,23.956799999999998
83,G82225,Phenytoin_Sod Tab 100mg,0408010Q0AAAGAG,1,12.118399999999996
84,G82225,Topiramate_Cap 50mg,040801050AAAWAW,1,5.135999999999994
85,G82639,Clonazepam_Tab 500mcg,0408010F0AAABAB,1,0.6327999999999987
86,G82639,Co-Codamol_Cap 8mg/500mg,0407010F0AAABAB,4,0.285200000000002
87,G82639,Phenytoin_Sod Tab 100mg,0408010Q0AAAGAG,8,0.03919999999999879
88,G82647,Amiodarone HCl_Tab 200mg,0203020D0AAABAB,4,1.772000000000002
89,G82647,Clonazepam_Tab 500mcg,0408010F0AAABAB,17,11.132599999999975
90,G82647,Co-Codamol_Cap 8mg/500mg,0407010F0AAABAB,10,1.9200000000000217
91,G82647,Phenytoin_Sod Tab 100mg,0408010Q0AAAGAG,1,6.4979999999999976
92,G82648,Amiodarone HCl_Tab 200mg,0203020D0AAABAB,10,1.812300000000001
93,G82648,Atorvastatin_Tab 60mg,0212000B0AAAPAP,5,3.3264000000000067
94,G82648,Clonazepam_Tab 500mcg,0408010F0AAABAB,2,3.6611999999999925
95,G82690,Atorvastatin_Tab 60mg,0212000B0AAAPAP,3,5.544000000000011
96,G82690,Clonazepam_Tab 500mcg,0408010F0AAABAB,1,0.3389999999999993
97,G82722,Clonazepam_Tab 500mcg,0408010F0AAABAB,2,1.3559999999999972
98,G82722,Co-Codamol_Cap 8mg/500mg,0407010F0AAABAB,2,0.3200000000000036
99,G82722,Gemfibrozil_Tab 600mg,0212000Q0AAABAB,1,15.142399999999999
100,G82722,Mesalazine_Tab E/C 400mg,0105010B0AAAAAA,1,51.33599999999999
101,G82722,Mesalazine_Tab E/C 800mg,0105010B0AAASAS,1,17.219999999999995
102,G82722,Topiramate_Cap 50mg,040801050AAAWAW,5,1.899999999999999
103,G82780,Amiodarone HCl_Tab 200mg,0203020D0AAABAB,2,1.050000000000001
104,G82780,Clonazepam_Tab 500mcg,0408010F0AAABAB,13,6.418399999999987
105,G82780,Co-Codamol_Cap 8mg/500mg,0407010F0AAABAB,4,0.42240000000000477
106,G82808,Amiodarone HCl_Tab 200mg,0203020D0AAABAB,5,0.6888000000000003
107,G82808,Clonazepam_Tab 500mcg,0408010F0AAABAB,13,3.502999999999993
108,G82808,Co-Codamol_Cap 8mg/500mg,0407010F0AAABAB,4,1.4848000000000168
109,G82808,Donepezil HCl_Orodisper Tab 10mg S/F,0411000D0AAAEAE,1,150.86400000000003
110,G82808,Topiramate_Cap 50mg,040801050AAAWAW,2,10.100799999999989
111,G82809,Amiodarone HCl_Tab 200mg,0203020D0AAABAB,7,2.8000000000000025
112,G82809,Clonazepam_Tab 500mcg,0408010F0AAABAB,15,8.773799999999984
113,Y02826,Clonazepam_Tab 500mcg,0408010F0AAABAB,5,2.2599999999999953
114,Y02826,Mesalazine_Tab E/C 800mg,0105010B0AAASAS,1,34.43999999999999
