,practice_code,bnf_description,bnf_code,items,excess_cost
255,P84029,Hydrocort_Tab 10mg,0603020J0AAADAD,8,200.79359999999997
247,P84028,Mesalazine_Tab E/C 800mg,0105010B0AAASAS,2,68.87999999999998
292,P84046,Risperidone_Tab 6mg,040201030AAAFAF,2,58.4192
248,P84068,Mesalazine_Tab E/C 800mg,0105010B0AAASAS,1,36.89999999999999
250,P84005,Mesalazine_Tab E/C 800mg,0105010B0AAASAS,1,34.43999999999999
249,P84035,Mesalazine_Tab E/C 800mg,0105010B0AAASAS,1,34.43999999999999
295,P84690,Risperidone_Tab 6mg,040201030AAAFAF,1,29.2096
293,P84024,Risperidone_Tab 6mg,040201030AAAFAF,1,29.2096
294,Y02890,Risperidone_Tab 6mg,040201030AAAFAF,1,29.2096
475,P84684,Gemfibrozil_Tab 600mg,0212000Q0AAABAB,1,22.7136
253,P84665,Mesalazine_Tab E/C 800mg,0105010B0AAASAS,1,17.219999999999995
252,P84616,Mesalazine_Tab E/C 800mg,0105010B0AAASAS,1,17.219999999999995
251,P84012,Mesalazine_Tab E/C 800mg,0105010B0AAASAS,1,17.219999999999995
476,P84669,Gemfibrozil_Tab 600mg,0212000Q0AAABAB,2,15.142399999999999
394,P84010,Pyridox HCl_Tab 50mg,0906024N0AAAIAI,1,11.491200000000003
442,P84673,Buprenorphine_Tab Subling 400mcg S/F,0410030A0AAACAC,3,10.281600000000001
494,P84050,Topiramate_Tab 200mg,040801050AAACAC,1,9.295999999999996
495,P84012,Topiramate_Tab 200mg,040801050AAACAC,1,9.295999999999996
0,P84021,Clonazepam_Tab 500mcg,0408010F0AAABAB,5,7.909999999999984
477,P84683,Gemfibrozil_Tab 600mg,0212000Q0AAABAB,1,7.571199999999999
296,P84019,Risperidone_Tab 6mg,040201030AAAFAF,1,7.308
443,P84067,Buprenorphine_Tab Subling 400mcg S/F,0410030A0AAACAC,2,6.0928
479,P84066,Tetrabenazine_Tab 25mg,0409030C0AAAAAA,1,5.997599999999992
478,P84018,Tetrabenazine_Tab 25mg,0409030C0AAAAAA,4,5.997599999999992
395,P84678,Pyridox HCl_Tab 50mg,0906024N0AAAIAI,6,5.745600000000001
1,P84678,Clonazepam_Tab 500mcg,0408010F0AAABAB,2,5.06239999999999
2,P84678,Clonazepam_Tab 500mcg,0408010F0AAABAB,1,5.06239999999999
496,P84042,Topiramate_Tab 200mg,040801050AAACAC,1,4.647999999999998
497,P84072,Topiramate_Tab 200mg,040801050AAACAC,2,4.636799999999999
444,P84673,Buprenorphine_Tab Subling 400mcg S/F,0410030A0AAACAC,3,4.5696
482,P84020,Tetrabenazine_Tab 25mg,0409030C0AAAAAA,4,3.998399999999995
483,P84683,Tetrabenazine_Tab 25mg,0409030C0AAAAAA,1,3.998399999999995
481,P84070,Tetrabenazine_Tab 25mg,0409030C0AAAAAA,1,3.998399999999995
480,P84064,Tetrabenazine_Tab 25mg,0409030C0AAAAAA,2,3.998399999999995
3,P84023,Clonazepam_Tab 500mcg,0408010F0AAABAB,4,3.796799999999992
4,P84047,Clonazepam_Tab 500mcg,0408010F0AAABAB,3,3.796799999999992
5,P84023,Clonazepam_Tab 500mcg,0408010F0AAABAB,3,3.559499999999993
498,P84040,Topiramate_Tab 200mg,040801050AAACAC,1,3.4859999999999984
396,P84626,Pyridox HCl_Tab 50mg,0906024N0AAAIAI,1,3.420000000000001
6,P84028,Clonazepam_Tab 500mcg,0408010F0AAABAB,5,3.1639999999999935
7,P84021,Clonazepam_Tab 500mcg,0408010F0AAABAB,5,3.1639999999999935
449,P84630,Buprenorphine_Tab Subling 400mcg S/F,0410030A0AAACAC,2,3.0464
448,P84061,Buprenorphine_Tab Subling 400mcg S/F,0410030A0AAACAC,4,3.0464
445,P84046,Buprenorphine_Tab Subling 400mcg S/F,0410030A0AAACAC,1,3.0464
447,P84068,Buprenorphine_Tab Subling 400mcg S/F,0410030A0AAACAC,1,3.0464
446,P84034,Buprenorphine_Tab Subling 400mcg S/F,0410030A0AAACAC,4,3.0464
484,P84072,Tetrabenazine_Tab 25mg,0409030C0AAAAAA,1,2.998799999999996
11,P84045,Clonazepam_Tab 500mcg,0408010F0AAABAB,9,2.847599999999994
10,P84014,Clonazepam_Tab 500mcg,0408010F0AAABAB,9,2.847599999999994
9,P84037,Clonazepam_Tab 500mcg,0408010F0AAABAB,3,2.847599999999994
8,P84049,Clonazepam_Tab 500mcg,0408010F0AAABAB,3,2.847599999999994
18,P84053,Clonazepam_Tab 500mcg,0408010F0AAABAB,2,2.531199999999995
12,P84630,Clonazepam_Tab 500mcg,0408010F0AAABAB,4,2.531199999999995
13,P84678,Clonazepam_Tab 500mcg,0408010F0AAABAB,2,2.531199999999995
14,Y02520,Clonazepam_Tab 500mcg,0408010F0AAABAB,4,2.531199999999995
16,P84630,Clonazepam_Tab 500mcg,0408010F0AAABAB,2,2.531199999999995
17,P84029,Clonazepam_Tab 500mcg,0408010F0AAABAB,1,2.531199999999995
19,P84039,Clonazepam_Tab 500mcg,0408010F0AAABAB,1,2.531199999999995
15,P84004,Clonazepam_Tab 500mcg,0408010F0AAABAB,2,2.531199999999995
499,Y02325,Topiramate_Tab 200mg,040801050AAACAC,1,2.489999999999999
500,P84650,Topiramate_Tab 200mg,040801050AAACAC,1,2.489999999999999
506,P84014,Topiramate_Tab 200mg,040801050AAACAC,1,2.3183999999999996
501,P84030,Topiramate_Tab 200mg,040801050AAACAC,1,2.3183999999999996
502,P84669,Topiramate_Tab 200mg,040801050AAACAC,1,2.3183999999999996
503,P84059,Topiramate_Tab 200mg,040801050AAACAC,1,2.3183999999999996
505,P84047,Topiramate_Tab 200mg,040801050AAACAC,1,2.3183999999999996
504,P84051,Topiramate_Tab 200mg,040801050AAACAC,1,2.3183999999999996
20,P84021,Clonazepam_Tab 500mcg,0408010F0AAABAB,1,2.2599999999999953
21,P84049,Clonazepam_Tab 500mcg,0408010F0AAABAB,2,2.2147999999999954
299,P84074,Amiodarone HCl_Tab 200mg,0203020D0AAABAB,2,2.100000000000002
298,P84068,Amiodarone HCl_Tab 200mg,0203020D0AAABAB,6,2.100000000000002
297,P84050,Amiodarone HCl_Tab 200mg,0203020D0AAABAB,6,2.100000000000002
22,P84074,Clonazepam_Tab 500mcg,0408010F0AAABAB,1,2.033999999999996
487,P84046,Tetrabenazine_Tab 25mg,0409030C0AAAAAA,1,1.9991999999999974
486,P84049,Tetrabenazine_Tab 25mg,0409030C0AAAAAA,2,1.9991999999999974
485,P84053,Tetrabenazine_Tab 25mg,0409030C0AAAAAA,1,1.9991999999999974
397,P84639,Pyridox HCl_Tab 50mg,0906024N0AAAIAI,1,1.9152000000000005
38,P84033,Clonazepam_Tab 500mcg,0408010F0AAABAB,3,1.898399999999996
36,P84690,Clonazepam_Tab 500mcg,0408010F0AAABAB,3,1.898399999999996
37,P84645,Clonazepam_Tab 500mcg,0408010F0AAABAB,3,1.898399999999996
41,P84639,Clonazepam_Tab 500mcg,0408010F0AAABAB,1,1.898399999999996
39,P84067,Clonazepam_Tab 500mcg,0408010F0AAABAB,3,1.898399999999996
40,P84032,Clonazepam_Tab 500mcg,0408010F0AAABAB,3,1.898399999999996
33,P84071,Clonazepam_Tab 500mcg,0408010F0AAABAB,2,1.898399999999996
42,P84030,Clonazepam_Tab 500mcg,0408010F0AAABAB,2,1.898399999999996
43,P84637,Clonazepam_Tab 500mcg,0408010F0AAABAB,1,1.898399999999996
44,P84690,Clonazepam_Tab 500mcg,0408010F0AAABAB,1,1.898399999999996
45,P84016,Clonazepam_Tab 500mcg,0408010F0AAABAB,1,1.898399999999996
34,P84046,Clonazepam_Tab 500mcg,0408010F0AAABAB,1,1.898399999999996
35,P84004,Clonazepam_Tab 500mcg,0408010F0AAABAB,3,1.898399999999996
32,P84056,Clonazepam_Tab 500mcg,0408010F0AAABAB,1,1.898399999999996
31,P84023,Clonazepam_Tab 500mcg,0408010F0AAABAB,3,1.898399999999996
23,P84052,Clonazepam_Tab 500mcg,0408010F0AAABAB,1,1.898399999999996
24,P84690,Clonazepam_Tab 500mcg,0408010F0AAABAB,6,1.898399999999996
25,P84025,Clonazepam_Tab 500mcg,0408010F0AAABAB,2,1.898399999999996
26,P84049,Clonazepam_Tab 500mcg,0408010F0AAABAB,3,1.898399999999996
27,P84049,Clonazepam_Tab 500mcg,0408010F0AAABAB,1,1.898399999999996
28,P84019,Clonazepam_Tab 500mcg,0408010F0AAABAB,3,1.898399999999996
29,P84074,Clonazepam_Tab 500mcg,0408010F0AAABAB,1,1.898399999999996
30,P84004,Clonazepam_Tab 500mcg,0408010F0AAABAB,4,1.898399999999996
300,P84049,Amiodarone HCl_Tab 200mg,0203020D0AAABAB,5,1.7500000000000016
450,P84037,Buprenorphine_Tab Subling 400mcg S/F,0410030A0AAACAC,3,1.7136
398,P84678,Pyridox HCl_Tab 50mg,0906024N0AAAIAI,1,1.7100000000000004
451,Y03328,Buprenorphine_Tab Subling 400mcg S/F,0410030A0AAACAC,4,1.6379999999999995
48,P84645,Clonazepam_Tab 500mcg,0408010F0AAABAB,1,1.5819999999999967
47,P84049,Clonazepam_Tab 500mcg,0408010F0AAABAB,5,1.5819999999999967
46,P84025,Clonazepam_Tab 500mcg,0408010F0AAABAB,5,1.5819999999999967
455,P84053,Buprenorphine_Tab Subling 400mcg S/F,0410030A0AAACAC,1,1.5232
454,P84004,Buprenorphine_Tab Subling 400mcg S/F,0410030A0AAACAC,2,1.5232
453,P84669,Buprenorphine_Tab Subling 400mcg S/F,0410030A0AAACAC,1,1.5232
452,P84037,Buprenorphine_Tab Subling 400mcg S/F,0410030A0AAACAC,1,1.5232
489,P84605,Tetrabenazine_Tab 25mg,0409030C0AAAAAA,1,1.499399999999998
488,P84034,Tetrabenazine_Tab 25mg,0409030C0AAAAAA,1,1.499399999999998
402,P84041,Pyridox HCl_Tab 50mg,0906024N0AAAIAI,1,1.4364000000000003
403,P84010,Pyridox HCl_Tab 50mg,0906024N0AAAIAI,6,1.4364000000000003
404,P84059,Pyridox HCl_Tab 50mg,0906024N0AAAIAI,3,1.4364000000000003
407,P84029,Pyridox HCl_Tab 50mg,0906024N0AAAIAI,1,1.4364000000000003
405,P84047,Pyridox HCl_Tab 50mg,0906024N0AAAIAI,3,1.4364000000000003
401,P84673,Pyridox HCl_Tab 50mg,0906024N0AAAIAI,1,1.4364000000000003
400,P84066,Pyridox HCl_Tab 50mg,0906024N0AAAIAI,1,1.4364000000000003
406,P84650,Pyridox HCl_Tab 50mg,0906024N0AAAIAI,1,1.4364000000000003
399,P84637,Pyridox HCl_Tab 50mg,0906024N0AAAIAI,1,1.4364000000000003
457,P84053,Buprenorphine_Tab Subling 400mcg S/F,0410030A0AAACAC,1,1.4195999999999995
456,P84037,Buprenorphine_Tab Subling 400mcg S/F,0410030A0AAACAC,1,1.4195999999999995
304,P84028,Amiodarone HCl_Tab 200mg,0203020D0AAABAB,4,1.4000000000000012
301,P84071,Amiodarone HCl_Tab 200mg,0203020D0AAABAB,4,1.4000000000000012
302,P84025,Amiodarone HCl_Tab 200mg,0203020D0AAABAB,4,1.4000000000000012
303,P84630,Amiodarone HCl_Tab 200mg,0203020D0AAABAB,4,1.4000000000000012
305,P84056,Amiodarone HCl_Tab 200mg,0203020D0AAABAB,4,1.4000000000000012
306,P84040,Amiodarone HCl_Tab 200mg,0203020D0AAABAB,2,1.4000000000000012
49,P84678,Clonazepam_Tab 500mcg,0408010F0AAABAB,2,1.3559999999999972
50,P84034,Clonazepam_Tab 500mcg,0408010F0AAABAB,1,1.3559999999999972
55,P84669,Clonazepam_Tab 500mcg,0408010F0AAABAB,2,1.2655999999999974
54,P84062,Clonazepam_Tab 500mcg,0408010F0AAABAB,2,1.2655999999999974
53,P84050,Clonazepam_Tab 500mcg,0408010F0AAABAB,4,1.2655999999999974
52,P84017,Clonazepam_Tab 500mcg,0408010F0AAABAB,2,1.2655999999999974
51,P84070,Clonazepam_Tab 500mcg,0408010F0AAABAB,1,1.2655999999999974
66,P84682,Clonazepam_Tab 500mcg,0408010F0AAABAB,1,1.2655999999999974
67,P84021,Clonazepam_Tab 500mcg,0408010F0AAABAB,8,1.2655999999999974
65,P84052,Clonazepam_Tab 500mcg,0408010F0AAABAB,4,1.2655999999999974
59,P84034,Clonazepam_Tab 500mcg,0408010F0AAABAB,2,1.2655999999999974
64,P84066,Clonazepam_Tab 500mcg,0408010F0AAABAB,1,1.2655999999999974
63,P84045,Clonazepam_Tab 500mcg,0408010F0AAABAB,1,1.2655999999999974
62,P84019,Clonazepam_Tab 500mcg,0408010F0AAABAB,1,1.2655999999999974
68,P84672,Clonazepam_Tab 500mcg,0408010F0AAABAB,1,1.2655999999999974
60,P84021,Clonazepam_Tab 500mcg,0408010F0AAABAB,1,1.2655999999999974
57,P84047,Clonazepam_Tab 500mcg,0408010F0AAABAB,2,1.2655999999999974
56,P84046,Clonazepam_Tab 500mcg,0408010F0AAABAB,2,1.2655999999999974
61,P84033,Clonazepam_Tab 500mcg,0408010F0AAABAB,4,1.2655999999999974
58,P84009,Clonazepam_Tab 500mcg,0408010F0AAABAB,1,1.2655999999999974
81,P84631,Clonazepam_Tab 500mcg,0408010F0AAABAB,1,1.2655999999999974
69,P84021,Clonazepam_Tab 500mcg,0408010F0AAABAB,4,1.2655999999999974
70,P84049,Clonazepam_Tab 500mcg,0408010F0AAABAB,1,1.2655999999999974
71,P84032,Clonazepam_Tab 500mcg,0408010F0AAABAB,4,1.2655999999999974
72,P84054,Clonazepam_Tab 500mcg,0408010F0AAABAB,2,1.2655999999999974
73,P84040,Clonazepam_Tab 500mcg,0408010F0AAABAB,8,1.2655999999999974
74,P84009,Clonazepam_Tab 500mcg,0408010F0AAABAB,2,1.2655999999999974
75,P84020,Clonazepam_Tab 500mcg,0408010F0AAABAB,2,1.2655999999999974
76,P84010,Clonazepam_Tab 500mcg,0408010F0AAABAB,2,1.2655999999999974
77,P84639,Clonazepam_Tab 500mcg,0408010F0AAABAB,1,1.2655999999999974
78,P84012,Clonazepam_Tab 500mcg,0408010F0AAABAB,4,1.2655999999999974
79,P84678,Clonazepam_Tab 500mcg,0408010F0AAABAB,2,1.2655999999999974
80,P84663,Clonazepam_Tab 500mcg,0408010F0AAABAB,2,1.2655999999999974
507,P84045,Topiramate_Tab 200mg,040801050AAACAC,1,1.2449999999999994
509,P84049,Topiramate_Tab 200mg,040801050AAACAC,1,1.1647999999999992
508,P84039,Topiramate_Tab 200mg,040801050AAACAC,1,1.1647999999999992
458,P84017,Buprenorphine_Tab Subling 400mcg S/F,0410030A0AAACAC,3,1.1424
459,P84630,Buprenorphine_Tab Subling 400mcg S/F,0410030A0AAACAC,3,1.1424
82,P84067,Clonazepam_Tab 500mcg,0408010F0AAABAB,1,1.1299999999999977
83,P84035,Clonazepam_Tab 500mcg,0408010F0AAABAB,1,1.1299999999999977
85,P84005,Clonazepam_Tab 500mcg,0408010F0AAABAB,1,1.1299999999999977
84,P84651,Clonazepam_Tab 500mcg,0408010F0AAABAB,1,1.1299999999999977
307,P84024,Amiodarone HCl_Tab 200mg,0203020D0AAABAB,13,1.1011
321,P84033,Amiodarone HCl_Tab 200mg,0203020D0AAABAB,3,1.050000000000001
320,P84004,Amiodarone HCl_Tab 200mg,0203020D0AAABAB,3,1.050000000000001
319,P84040,Amiodarone HCl_Tab 200mg,0203020D0AAABAB,3,1.050000000000001
318,P84030,Amiodarone HCl_Tab 200mg,0203020D0AAABAB,3,1.050000000000001
317,P84029,Amiodarone HCl_Tab 200mg,0203020D0AAABAB,3,1.050000000000001
316,P84051,Amiodarone HCl_Tab 200mg,0203020D0AAABAB,3,1.050000000000001
313,P84673,Amiodarone HCl_Tab 200mg,0203020D0AAABAB,3,1.050000000000001
312,P84611,Amiodarone HCl_Tab 200mg,0203020D0AAABAB,3,1.050000000000001
311,P84009,Amiodarone HCl_Tab 200mg,0203020D0AAABAB,1,1.050000000000001
310,Y02325,Amiodarone HCl_Tab 200mg,0203020D0AAABAB,3,1.050000000000001
309,P84020,Amiodarone HCl_Tab 200mg,0203020D0AAABAB,3,1.050000000000001
308,P84045,Amiodarone HCl_Tab 200mg,0203020D0AAABAB,3,1.050000000000001
314,P84022,Amiodarone HCl_Tab 200mg,0203020D0AAABAB,3,1.050000000000001
315,P84035,Amiodarone HCl_Tab 200mg,0203020D0AAABAB,1,1.050000000000001
408,P84040,Pyridox HCl_Tab 50mg,0906024N0AAAIAI,1,1.0260000000000002
86,P84035,Clonazepam_Tab 500mcg,0408010F0AAABAB,1,1.016999999999998
491,P84678,Tetrabenazine_Tab 25mg,0409030C0AAAAAA,1,0.9995999999999987
490,P84645,Tetrabenazine_Tab 25mg,0409030C0AAAAAA,4,0.9995999999999987
409,P84645,Pyridox HCl_Tab 50mg,0906024N0AAAIAI,1,0.9576000000000002
410,P84052,Pyridox HCl_Tab 50mg,0906024N0AAAIAI,1,0.9576000000000002
411,P84049,Pyridox HCl_Tab 50mg,0906024N0AAAIAI,1,0.9576000000000002
412,P84019,Pyridox HCl_Tab 50mg,0906024N0AAAIAI,1,0.9576000000000002
423,P84024,Pyridox HCl_Tab 50mg,0906024N0AAAIAI,4,0.9576000000000002
414,P84635,Pyridox HCl_Tab 50mg,0906024N0AAAIAI,1,0.9576000000000002
422,P84669,Pyridox HCl_Tab 50mg,0906024N0AAAIAI,1,0.9576000000000002
421,P84663,Pyridox HCl_Tab 50mg,0906024N0AAAIAI,1,0.9576000000000002
420,P84029,Pyridox HCl_Tab 50mg,0906024N0AAAIAI,4,0.9576000000000002
419,P84678,Pyridox HCl_Tab 50mg,0906024N0AAAIAI,2,0.9576000000000002
418,P84066,Pyridox HCl_Tab 50mg,0906024N0AAAIAI,1,0.9576000000000002
417,P84663,Pyridox HCl_Tab 50mg,0906024N0AAAIAI,2,0.9576000000000002
416,P84639,Pyridox HCl_Tab 50mg,0906024N0AAAIAI,1,0.9576000000000002
415,P84650,Pyridox HCl_Tab 50mg,0906024N0AAAIAI,1,0.9576000000000002
413,P84048,Pyridox HCl_Tab 50mg,0906024N0AAAIAI,2,0.9576000000000002
93,P84028,Clonazepam_Tab 500mcg,0408010F0AAABAB,1,0.949199999999998
91,P84064,Clonazepam_Tab 500mcg,0408010F0AAABAB,2,0.949199999999998
92,P84074,Clonazepam_Tab 500mcg,0408010F0AAABAB,1,0.949199999999998
102,P84046,Clonazepam_Tab 500mcg,0408010F0AAABAB,1,0.949199999999998
94,P84010,Clonazepam_Tab 500mcg,0408010F0AAABAB,4,0.949199999999998
105,P84027,Clonazepam_Tab 500mcg,0408010F0AAABAB,1,0.949199999999998
108,P84047,Clonazepam_Tab 500mcg,0408010F0AAABAB,1,0.949199999999998
109,P84017,Clonazepam_Tab 500mcg,0408010F0AAABAB,1,0.949199999999998
110,P84040,Clonazepam_Tab 500mcg,0408010F0AAABAB,1,0.949199999999998
111,P84054,Clonazepam_Tab 500mcg,0408010F0AAABAB,1,0.949199999999998
112,P84070,Clonazepam_Tab 500mcg,0408010F0AAABAB,1,0.949199999999998
113,P84047,Clonazepam_Tab 500mcg,0408010F0AAABAB,6,0.949199999999998
114,P84009,Clonazepam_Tab 500mcg,0408010F0AAABAB,2,0.949199999999998
104,P84056,Clonazepam_Tab 500mcg,0408010F0AAABAB,1,0.949199999999998
96,P84043,Clonazepam_Tab 500mcg,0408010F0AAABAB,3,0.949199999999998
103,P84065,Clonazepam_Tab 500mcg,0408010F0AAABAB,1,0.949199999999998
106,P84019,Clonazepam_Tab 500mcg,0408010F0AAABAB,1,0.949199999999998
101,P84673,Clonazepam_Tab 500mcg,0408010F0AAABAB,3,0.949199999999998
100,P84048,Clonazepam_Tab 500mcg,0408010F0AAABAB,3,0.949199999999998
99,P84672,Clonazepam_Tab 500mcg,0408010F0AAABAB,3,0.949199999999998
98,P84026,Clonazepam_Tab 500mcg,0408010F0AAABAB,3,0.949199999999998
97,P84067,Clonazepam_Tab 500mcg,0408010F0AAABAB,1,0.949199999999998
95,P84071,Clonazepam_Tab 500mcg,0408010F0AAABAB,3,0.949199999999998
107,P84645,Clonazepam_Tab 500mcg,0408010F0AAABAB,1,0.949199999999998
90,P84017,Clonazepam_Tab 500mcg,0408010F0AAABAB,3,0.949199999999998
89,P84012,Clonazepam_Tab 500mcg,0408010F0AAABAB,6,0.949199999999998
88,P84035,Clonazepam_Tab 500mcg,0408010F0AAABAB,1,0.949199999999998
87,P84605,Clonazepam_Tab 500mcg,0408010F0AAABAB,1,0.949199999999998
115,P84047,Clonazepam_Tab 500mcg,0408010F0AAABAB,1,0.8587999999999982
117,P84017,Clonazepam_Tab 500mcg,0408010F0AAABAB,1,0.7909999999999984
118,P84061,Clonazepam_Tab 500mcg,0408010F0AAABAB,5,0.7909999999999984
119,P84037,Clonazepam_Tab 500mcg,0408010F0AAABAB,5,0.7909999999999984
116,P84054,Clonazepam_Tab 500mcg,0408010F0AAABAB,5,0.7909999999999984
464,P84037,Buprenorphine_Tab Subling 400mcg S/F,0410030A0AAACAC,2,0.7616
463,P84059,Buprenorphine_Tab Subling 400mcg S/F,0410030A0AAACAC,1,0.7616
462,P84673,Buprenorphine_Tab Subling 400mcg S/F,0410030A0AAACAC,1,0.7616
461,P84017,Buprenorphine_Tab Subling 400mcg S/F,0410030A0AAACAC,1,0.7616
460,P84673,Buprenorphine_Tab Subling 400mcg S/F,0410030A0AAACAC,2,0.7616
424,P84652,Pyridox HCl_Tab 50mg,0906024N0AAAIAI,3,0.7182000000000002
328,P84678,Amiodarone HCl_Tab 200mg,0203020D0AAABAB,2,0.7000000000000006
333,P84072,Amiodarone HCl_Tab 200mg,0203020D0AAABAB,1,0.7000000000000006
332,P84059,Amiodarone HCl_Tab 200mg,0203020D0AAABAB,1,0.7000000000000006
331,P84665,Amiodarone HCl_Tab 200mg,0203020D0AAABAB,1,0.7000000000000006
330,P84023,Amiodarone HCl_Tab 200mg,0203020D0AAABAB,1,0.7000000000000006
329,P84017,Amiodarone HCl_Tab 200mg,0203020D0AAABAB,1,0.7000000000000006
322,P84630,Amiodarone HCl_Tab 200mg,0203020D0AAABAB,1,0.7000000000000006
326,P84070,Amiodarone HCl_Tab 200mg,0203020D0AAABAB,2,0.7000000000000006
325,P84066,Amiodarone HCl_Tab 200mg,0203020D0AAABAB,1,0.7000000000000006
324,P84019,Amiodarone HCl_Tab 200mg,0203020D0AAABAB,1,0.7000000000000006
323,P84034,Amiodarone HCl_Tab 200mg,0203020D0AAABAB,1,0.7000000000000006
336,P84019,Amiodarone HCl_Tab 200mg,0203020D0AAABAB,2,0.7000000000000006
335,P84021,Amiodarone HCl_Tab 200mg,0203020D0AAABAB,1,0.7000000000000006
327,P84690,Amiodarone HCl_Tab 200mg,0203020D0AAABAB,1,0.7000000000000006
337,Y01695,Amiodarone HCl_Tab 200mg,0203020D0AAABAB,2,0.7000000000000006
343,P84669,Amiodarone HCl_Tab 200mg,0203020D0AAABAB,2,0.7000000000000006
338,P84016,Amiodarone HCl_Tab 200mg,0203020D0AAABAB,2,0.7000000000000006
346,P84041,Amiodarone HCl_Tab 200mg,0203020D0AAABAB,1,0.7000000000000006
345,Y01695,Amiodarone HCl_Tab 200mg,0203020D0AAABAB,1,0.7000000000000006
344,P84673,Amiodarone HCl_Tab 200mg,0203020D0AAABAB,1,0.7000000000000006
334,P84048,Amiodarone HCl_Tab 200mg,0203020D0AAABAB,2,0.7000000000000006
342,P84672,Amiodarone HCl_Tab 200mg,0203020D0AAABAB,2,0.7000000000000006
340,P84053,Amiodarone HCl_Tab 200mg,0203020D0AAABAB,1,0.7000000000000006
341,P84043,Amiodarone HCl_Tab 200mg,0203020D0AAABAB,2,0.7000000000000006
339,P84042,Amiodarone HCl_Tab 200mg,0203020D0AAABAB,2,0.7000000000000006
124,P84039,Clonazepam_Tab 500mcg,0408010F0AAABAB,1,0.6779999999999986
122,P84005,Clonazepam_Tab 500mcg,0408010F0AAABAB,1,0.6779999999999986
121,P84025,Clonazepam_Tab 500mcg,0408010F0AAABAB,2,0.6779999999999986
120,P84005,Clonazepam_Tab 500mcg,0408010F0AAABAB,2,0.6779999999999986
123,P84665,Clonazepam_Tab 500mcg,0408010F0AAABAB,1,0.6779999999999986
169,P84678,Clonazepam_Tab 500mcg,0408010F0AAABAB,2,0.6327999999999987
156,P84669,Clonazepam_Tab 500mcg,0408010F0AAABAB,2,0.6327999999999987
167,P84035,Clonazepam_Tab 500mcg,0408010F0AAABAB,4,0.6327999999999987
166,P84070,Clonazepam_Tab 500mcg,0408010F0AAABAB,1,0.6327999999999987
165,P84024,Clonazepam_Tab 500mcg,0408010F0AAABAB,1,0.6327999999999987
164,P84025,Clonazepam_Tab 500mcg,0408010F0AAABAB,1,0.6327999999999987
155,P84052,Clonazepam_Tab 500mcg,0408010F0AAABAB,1,0.6327999999999987
154,P84072,Clonazepam_Tab 500mcg,0408010F0AAABAB,1,0.6327999999999987
153,P84056,Clonazepam_Tab 500mcg,0408010F0AAABAB,2,0.6327999999999987
152,P84024,Clonazepam_Tab 500mcg,0408010F0AAABAB,2,0.6327999999999987
151,P84663,Clonazepam_Tab 500mcg,0408010F0AAABAB,2,0.6327999999999987
168,P84035,Clonazepam_Tab 500mcg,0408010F0AAABAB,1,0.6327999999999987
179,P84071,Clonazepam_Tab 500mcg,0408010F0AAABAB,4,0.6327999999999987
163,P84068,Clonazepam_Tab 500mcg,0408010F0AAABAB,2,0.6327999999999987
172,P84053,Clonazepam_Tab 500mcg,0408010F0AAABAB,1,0.6327999999999987
157,Y02325,Clonazepam_Tab 500mcg,0408010F0AAABAB,1,0.6327999999999987
158,P84038,Clonazepam_Tab 500mcg,0408010F0AAABAB,1,0.6327999999999987
159,P84043,Clonazepam_Tab 500mcg,0408010F0AAABAB,1,0.6327999999999987
160,P84027,Clonazepam_Tab 500mcg,0408010F0AAABAB,1,0.6327999999999987
170,P84045,Clonazepam_Tab 500mcg,0408010F0AAABAB,1,0.6327999999999987
171,P84071,Clonazepam_Tab 500mcg,0408010F0AAABAB,1,0.6327999999999987
173,P84029,Clonazepam_Tab 500mcg,0408010F0AAABAB,1,0.6327999999999987
162,P84041,Clonazepam_Tab 500mcg,0408010F0AAABAB,2,0.6327999999999987
174,P84027,Clonazepam_Tab 500mcg,0408010F0AAABAB,2,0.6327999999999987
175,P84068,Clonazepam_Tab 500mcg,0408010F0AAABAB,1,0.6327999999999987
150,P84683,Clonazepam_Tab 500mcg,0408010F0AAABAB,1,0.6327999999999987
176,P84074,Clonazepam_Tab 500mcg,0408010F0AAABAB,1,0.6327999999999987
177,P84635,Clonazepam_Tab 500mcg,0408010F0AAABAB,1,0.6327999999999987
161,P84672,Clonazepam_Tab 500mcg,0408010F0AAABAB,1,0.6327999999999987
178,P84652,Clonazepam_Tab 500mcg,0408010F0AAABAB,1,0.6327999999999987
149,P84042,Clonazepam_Tab 500mcg,0408010F0AAABAB,1,0.6327999999999987
125,P84010,Clonazepam_Tab 500mcg,0408010F0AAABAB,4,0.6327999999999987
134,P84039,Clonazepam_Tab 500mcg,0408010F0AAABAB,1,0.6327999999999987
148,P84067,Clonazepam_Tab 500mcg,0408010F0AAABAB,4,0.6327999999999987
146,P84035,Clonazepam_Tab 500mcg,0408010F0AAABAB,2,0.6327999999999987
145,P84048,Clonazepam_Tab 500mcg,0408010F0AAABAB,4,0.6327999999999987
144,P84640,Clonazepam_Tab 500mcg,0408010F0AAABAB,4,0.6327999999999987
143,P84028,Clonazepam_Tab 500mcg,0408010F0AAABAB,4,0.6327999999999987
142,P84040,Clonazepam_Tab 500mcg,0408010F0AAABAB,2,0.6327999999999987
141,P84630,Clonazepam_Tab 500mcg,0408010F0AAABAB,2,0.6327999999999987
140,P84055,Clonazepam_Tab 500mcg,0408010F0AAABAB,2,0.6327999999999987
139,P84020,Clonazepam_Tab 500mcg,0408010F0AAABAB,4,0.6327999999999987
138,P84651,Clonazepam_Tab 500mcg,0408010F0AAABAB,2,0.6327999999999987
137,P84004,Clonazepam_Tab 500mcg,0408010F0AAABAB,4,0.6327999999999987
136,P84650,Clonazepam_Tab 500mcg,0408010F0AAABAB,2,0.6327999999999987
135,P84056,Clonazepam_Tab 500mcg,0408010F0AAABAB,1,0.6327999999999987
147,P84065,Clonazepam_Tab 500mcg,0408010F0AAABAB,1,0.6327999999999987
133,P84045,Clonazepam_Tab 500mcg,0408010F0AAABAB,4,0.6327999999999987
132,P84637,Clonazepam_Tab 500mcg,0408010F0AAABAB,1,0.6327999999999987
126,P84055,Clonazepam_Tab 500mcg,0408010F0AAABAB,1,0.6327999999999987
128,P84022,Clonazepam_Tab 500mcg,0408010F0AAABAB,1,0.6327999999999987
127,P84690,Clonazepam_Tab 500mcg,0408010F0AAABAB,4,0.6327999999999987
129,P84043,Clonazepam_Tab 500mcg,0408010F0AAABAB,4,0.6327999999999987
130,P84064,Clonazepam_Tab 500mcg,0408010F0AAABAB,4,0.6327999999999987
131,P84673,Clonazepam_Tab 500mcg,0408010F0AAABAB,1,0.6327999999999987
347,P84020,Amiodarone HCl_Tab 200mg,0203020D0AAABAB,7,0.5929
465,P84049,Buprenorphine_Tab Subling 400mcg S/F,0410030A0AAACAC,1,0.5712
180,P84018,Clonazepam_Tab 500mcg,0408010F0AAABAB,7,0.5536999999999989
492,P84010,Tetrabenazine_Tab 25mg,0409030C0AAAAAA,4,0.5535999999999994
349,P84639,Amiodarone HCl_Tab 200mg,0203020D0AAABAB,6,0.5082
348,P84021,Amiodarone HCl_Tab 200mg,0203020D0AAABAB,6,0.5082
493,P84029,Tetrabenazine_Tab 25mg,0409030C0AAAAAA,1,0.49979999999999936
425,P84012,Pyridox HCl_Tab 50mg,0906024N0AAAIAI,1,0.4788000000000001
427,P84017,Pyridox HCl_Tab 50mg,0906024N0AAAIAI,1,0.4788000000000001
428,P84049,Pyridox HCl_Tab 50mg,0906024N0AAAIAI,1,0.4788000000000001
426,P84021,Pyridox HCl_Tab 50mg,0906024N0AAAIAI,1,0.4788000000000001
431,Y02890,Pyridox HCl_Tab 50mg,0906024N0AAAIAI,1,0.4788000000000001
429,P84029,Pyridox HCl_Tab 50mg,0906024N0AAAIAI,1,0.4788000000000001
430,P84027,Pyridox HCl_Tab 50mg,0906024N0AAAIAI,1,0.4788000000000001
432,P84665,Pyridox HCl_Tab 50mg,0906024N0AAAIAI,1,0.4788000000000001
433,P84041,Pyridox HCl_Tab 50mg,0906024N0AAAIAI,1,0.4788000000000001
434,P84032,Pyridox HCl_Tab 50mg,0906024N0AAAIAI,1,0.4788000000000001
435,P84046,Pyridox HCl_Tab 50mg,0906024N0AAAIAI,1,0.4788000000000001
436,P84035,Pyridox HCl_Tab 50mg,0906024N0AAAIAI,1,0.4788000000000001
437,P84650,Pyridox HCl_Tab 50mg,0906024N0AAAIAI,1,0.4788000000000001
438,P84019,Pyridox HCl_Tab 50mg,0906024N0AAAIAI,4,0.4788000000000001
439,P84611,Pyridox HCl_Tab 50mg,0906024N0AAAIAI,1,0.4788000000000001
440,P84042,Pyridox HCl_Tab 50mg,0906024N0AAAIAI,1,0.4788000000000001
183,P84017,Clonazepam_Tab 500mcg,0408010F0AAABAB,1,0.474599999999999
182,P84074,Clonazepam_Tab 500mcg,0408010F0AAABAB,2,0.474599999999999
187,P84068,Clonazepam_Tab 500mcg,0408010F0AAABAB,1,0.474599999999999
185,P84025,Clonazepam_Tab 500mcg,0408010F0AAABAB,1,0.474599999999999
188,P84059,Clonazepam_Tab 500mcg,0408010F0AAABAB,3,0.474599999999999
186,Y02890,Clonazepam_Tab 500mcg,0408010F0AAABAB,1,0.474599999999999
181,P84070,Clonazepam_Tab 500mcg,0408010F0AAABAB,3,0.474599999999999
184,P84050,Clonazepam_Tab 500mcg,0408010F0AAABAB,2,0.474599999999999
350,P84039,Amiodarone HCl_Tab 200mg,0203020D0AAABAB,1,0.4340000000000008
351,P84019,Amiodarone HCl_Tab 200mg,0203020D0AAABAB,5,0.4235
466,P84049,Buprenorphine_Tab Subling 400mcg S/F,0410030A0AAACAC,1,0.40949999999999986
189,P84049,Clonazepam_Tab 500mcg,0408010F0AAABAB,5,0.3954999999999992
190,P84025,Clonazepam_Tab 500mcg,0408010F0AAABAB,5,0.3954999999999992
191,P84020,Clonazepam_Tab 500mcg,0408010F0AAABAB,5,0.3954999999999992
192,P84062,Clonazepam_Tab 500mcg,0408010F0AAABAB,5,0.3954999999999992
467,P84037,Buprenorphine_Tab Subling 400mcg S/F,0410030A0AAACAC,2,0.3808
468,P84067,Buprenorphine_Tab Subling 400mcg S/F,0410030A0AAACAC,1,0.3808
354,P84639,Amiodarone HCl_Tab 200mg,0203020D0AAABAB,1,0.3500000000000003
378,P84010,Amiodarone HCl_Tab 200mg,0203020D0AAABAB,1,0.3500000000000003
353,P84072,Amiodarone HCl_Tab 200mg,0203020D0AAABAB,1,0.3500000000000003
357,P84038,Amiodarone HCl_Tab 200mg,0203020D0AAABAB,1,0.3500000000000003
352,P84074,Amiodarone HCl_Tab 200mg,0203020D0AAABAB,1,0.3500000000000003
381,P84052,Amiodarone HCl_Tab 200mg,0203020D0AAABAB,1,0.3500000000000003
380,P84037,Amiodarone HCl_Tab 200mg,0203020D0AAABAB,1,0.3500000000000003
379,P84012,Amiodarone HCl_Tab 200mg,0203020D0AAABAB,1,0.3500000000000003
356,P84652,Amiodarone HCl_Tab 200mg,0203020D0AAABAB,1,0.3500000000000003
377,P84054,Amiodarone HCl_Tab 200mg,0203020D0AAABAB,1,0.3500000000000003
370,Y02330,Amiodarone HCl_Tab 200mg,0203020D0AAABAB,1,0.3500000000000003
358,P84064,Amiodarone HCl_Tab 200mg,0203020D0AAABAB,1,0.3500000000000003
359,P84640,Amiodarone HCl_Tab 200mg,0203020D0AAABAB,1,0.3500000000000003
360,P84041,Amiodarone HCl_Tab 200mg,0203020D0AAABAB,1,0.3500000000000003
361,P84651,Amiodarone HCl_Tab 200mg,0203020D0AAABAB,1,0.3500000000000003
362,P84046,Amiodarone HCl_Tab 200mg,0203020D0AAABAB,1,0.3500000000000003
363,P84039,Amiodarone HCl_Tab 200mg,0203020D0AAABAB,1,0.3500000000000003
376,P84035,Amiodarone HCl_Tab 200mg,0203020D0AAABAB,1,0.3500000000000003
364,P84631,Amiodarone HCl_Tab 200mg,0203020D0AAABAB,1,0.3500000000000003
365,P84023,Amiodarone HCl_Tab 200mg,0203020D0AAABAB,1,0.3500000000000003
366,P84689,Amiodarone HCl_Tab 200mg,0203020D0AAABAB,1,0.3500000000000003
367,P84027,Amiodarone HCl_Tab 200mg,0203020D0AAABAB,1,0.3500000000000003
368,P84626,Amiodarone HCl_Tab 200mg,0203020D0AAABAB,1,0.3500000000000003
369,P84017,Amiodarone HCl_Tab 200mg,0203020D0AAABAB,1,0.3500000000000003
355,P84684,Amiodarone HCl_Tab 200mg,0203020D0AAABAB,1,0.3500000000000003
371,P84645,Amiodarone HCl_Tab 200mg,0203020D0AAABAB,1,0.3500000000000003
372,P84066,Amiodarone HCl_Tab 200mg,0203020D0AAABAB,1,0.3500000000000003
373,P84061,Amiodarone HCl_Tab 200mg,0203020D0AAABAB,1,0.3500000000000003
374,P84024,Amiodarone HCl_Tab 200mg,0203020D0AAABAB,1,0.3500000000000003
375,P84682,Amiodarone HCl_Tab 200mg,0203020D0AAABAB,1,0.3500000000000003
194,P84032,Clonazepam_Tab 500mcg,0408010F0AAABAB,1,0.3389999999999993
193,P84056,Clonazepam_Tab 500mcg,0408010F0AAABAB,1,0.3389999999999993
382,P84040,Amiodarone HCl_Tab 200mg,0203020D0AAABAB,4,0.3388
385,P84012,Amiodarone HCl_Tab 200mg,0203020D0AAABAB,4,0.3388
384,P84029,Amiodarone HCl_Tab 200mg,0203020D0AAABAB,4,0.3388
383,P84626,Amiodarone HCl_Tab 200mg,0203020D0AAABAB,4,0.3388
387,P84061,Amiodarone HCl_Tab 200mg,0203020D0AAABAB,4,0.3388
388,P84054,Amiodarone HCl_Tab 200mg,0203020D0AAABAB,4,0.3388
389,P84053,Amiodarone HCl_Tab 200mg,0203020D0AAABAB,4,0.3388
386,P84684,Amiodarone HCl_Tab 200mg,0203020D0AAABAB,4,0.3388
210,Y02211,Clonazepam_Tab 500mcg,0408010F0AAABAB,1,0.31639999999999935
216,P84061,Clonazepam_Tab 500mcg,0408010F0AAABAB,4,0.31639999999999935
217,P84067,Clonazepam_Tab 500mcg,0408010F0AAABAB,1,0.31639999999999935
215,P84072,Clonazepam_Tab 500mcg,0408010F0AAABAB,4,0.31639999999999935
214,P84030,Clonazepam_Tab 500mcg,0408010F0AAABAB,1,0.31639999999999935
213,P84019,Clonazepam_Tab 500mcg,0408010F0AAABAB,1,0.31639999999999935
212,P84070,Clonazepam_Tab 500mcg,0408010F0AAABAB,1,0.31639999999999935
211,P84009,Clonazepam_Tab 500mcg,0408010F0AAABAB,1,0.31639999999999935
206,Y02330,Clonazepam_Tab 500mcg,0408010F0AAABAB,1,0.31639999999999935
209,P84074,Clonazepam_Tab 500mcg,0408010F0AAABAB,1,0.31639999999999935
208,P84039,Clonazepam_Tab 500mcg,0408010F0AAABAB,1,0.31639999999999935
207,P84062,Clonazepam_Tab 500mcg,0408010F0AAABAB,1,0.31639999999999935
205,P84072,Clonazepam_Tab 500mcg,0408010F0AAABAB,1,0.31639999999999935
204,P84665,Clonazepam_Tab 500mcg,0408010F0AAABAB,4,0.31639999999999935
203,P84019,Clonazepam_Tab 500mcg,0408010F0AAABAB,2,0.31639999999999935
202,P84068,Clonazepam_Tab 500mcg,0408010F0AAABAB,2,0.31639999999999935
201,P84065,Clonazepam_Tab 500mcg,0408010F0AAABAB,1,0.31639999999999935
200,P84034,Clonazepam_Tab 500mcg,0408010F0AAABAB,1,0.31639999999999935
199,P84611,Clonazepam_Tab 500mcg,0408010F0AAABAB,1,0.31639999999999935
197,P84042,Clonazepam_Tab 500mcg,0408010F0AAABAB,1,0.31639999999999935
196,P84024,Clonazepam_Tab 500mcg,0408010F0AAABAB,4,0.31639999999999935
195,P84043,Clonazepam_Tab 500mcg,0408010F0AAABAB,4,0.31639999999999935
198,Y02520,Clonazepam_Tab 500mcg,0408010F0AAABAB,1,0.31639999999999935
223,P84639,Clonazepam_Tab 500mcg,0408010F0AAABAB,1,0.31639999999999935
221,P84010,Clonazepam_Tab 500mcg,0408010F0AAABAB,4,0.31639999999999935
219,P84640,Clonazepam_Tab 500mcg,0408010F0AAABAB,1,0.31639999999999935
227,P84672,Clonazepam_Tab 500mcg,0408010F0AAABAB,4,0.31639999999999935
226,P84616,Clonazepam_Tab 500mcg,0408010F0AAABAB,1,0.31639999999999935
225,P84066,Clonazepam_Tab 500mcg,0408010F0AAABAB,1,0.31639999999999935
224,P84047,Clonazepam_Tab 500mcg,0408010F0AAABAB,1,0.31639999999999935
222,P84682,Clonazepam_Tab 500mcg,0408010F0AAABAB,1,0.31639999999999935
220,P84061,Clonazepam_Tab 500mcg,0408010F0AAABAB,1,0.31639999999999935
218,P84637,Clonazepam_Tab 500mcg,0408010F0AAABAB,1,0.31639999999999935
228,P84035,Clonazepam_Tab 500mcg,0408010F0AAABAB,7,0.29679999999999995
391,P84018,Amiodarone HCl_Tab 200mg,0203020D0AAABAB,3,0.2541
390,P84009,Amiodarone HCl_Tab 200mg,0203020D0AAABAB,3,0.2541
229,P84021,Clonazepam_Tab 500mcg,0408010F0AAABAB,3,0.2372999999999995
230,P84019,Clonazepam_Tab 500mcg,0408010F0AAABAB,1,0.22199999999999998
232,P84020,Clonazepam_Tab 500mcg,0408010F0AAABAB,5,0.21199999999999997
231,P84024,Clonazepam_Tab 500mcg,0408010F0AAABAB,5,0.21199999999999997
392,Y02849,Amiodarone HCl_Tab 200mg,0203020D0AAABAB,1,0.17920000000000008
393,P84645,Amiodarone HCl_Tab 200mg,0203020D0AAABAB,2,0.1694
469,P84067,Buprenorphine_Tab Subling 400mcg S/F,0410030A0AAACAC,1,0.16140000000000004
237,Y04087,Clonazepam_Tab 500mcg,0408010F0AAABAB,1,0.15819999999999967
234,P84053,Clonazepam_Tab 500mcg,0408010F0AAABAB,1,0.15819999999999967
233,P84029,Clonazepam_Tab 500mcg,0408010F0AAABAB,1,0.15819999999999967
236,P84030,Clonazepam_Tab 500mcg,0408010F0AAABAB,1,0.15819999999999967
238,P84689,Clonazepam_Tab 500mcg,0408010F0AAABAB,1,0.15819999999999967
239,P84025,Clonazepam_Tab 500mcg,0408010F0AAABAB,1,0.15819999999999967
235,P84023,Clonazepam_Tab 500mcg,0408010F0AAABAB,2,0.15819999999999967
241,P84038,Clonazepam_Tab 500mcg,0408010F0AAABAB,1,0.1367999999999996
240,P84066,Clonazepam_Tab 500mcg,0408010F0AAABAB,1,0.1367999999999996
242,P84054,Clonazepam_Tab 500mcg,0408010F0AAABAB,3,0.12719999999999998
243,P84049,Clonazepam_Tab 500mcg,0408010F0AAABAB,1,0.11599999999999999
244,P84028,Clonazepam_Tab 500mcg,0408010F0AAABAB,1,0.09439999999999982
245,P84050,Clonazepam_Tab 500mcg,0408010F0AAABAB,1,0.07909999999999984
441,P84074,Pyridox HCl_Tab 50mg,0906024N0AAAIAI,1,0.06560000000000032
246,P84037,Clonazepam_Tab 500mcg,0408010F0AAABAB,1,0.06359999999999999
257,P84066,Hydrocort_Tab 10mg,0603020J0AAADAD,2,0.008999999999999009
258,P84014,Hydrocort_Tab 10mg,0603020J0AAADAD,2,0.008999999999999009
256,P84049,Hydrocort_Tab 10mg,0603020J0AAADAD,2,0.008999999999999009
470,Y03328,Buprenorphine_Tab Subling 400mcg S/F,0410030A0AAACAC,4,0.005999999999999339
472,P84037,Buprenorphine_Tab Subling 400mcg S/F,0410030A0AAACAC,1,0.005199999999999427
471,P84053,Buprenorphine_Tab Subling 400mcg S/F,0410030A0AAACAC,1,0.005199999999999427
261,P84012,Hydrocort_Tab 10mg,0603020J0AAADAD,1,0.004499999999999504
262,P84071,Hydrocort_Tab 10mg,0603020J0AAADAD,1,0.004499999999999504
259,P84037,Hydrocort_Tab 10mg,0603020J0AAADAD,1,0.004499999999999504
260,P84034,Hydrocort_Tab 10mg,0603020J0AAADAD,1,0.004499999999999504
263,P84669,Hydrocort_Tab 10mg,0603020J0AAADAD,1,0.0029999999999996696
473,P84049,Buprenorphine_Tab Subling 400mcg S/F,0410030A0AAACAC,1,0.0014999999999998348
474,P84067,Buprenorphine_Tab Subling 400mcg S/F,0410030A0AAACAC,1,-0.0017999999999999683
264,P84651,Hydrocort_Tab 10mg,0603020J0AAADAD,1,-0.0028000000000001357
265,P84019,Hydrocort_Tab 10mg,0603020J0AAADAD,1,-0.004200000000000204
266,Y01695,Hydrocort_Tab 10mg,0603020J0AAADAD,4,-0.007199999999999207
268,P84669,Hydrocort_Tab 10mg,0603020J0AAADAD,1,-0.007999999999999119
267,P84009,Hydrocort_Tab 10mg,0603020J0AAADAD,1,-0.007999999999999119
269,P84016,Hydrocort_Tab 10mg,0603020J0AAADAD,3,-0.008400000000000407
270,P84684,Hydrocort_Tab 10mg,0603020J0AAADAD,5,-0.008999999999999009
271,P84017,Hydrocort_Tab 10mg,0603020J0AAADAD,1,-0.011199999999998766
272,P84020,Hydrocort_Tab 10mg,0603020J0AAADAD,1,-0.011199999999998766
273,P84072,Hydrocort_Tab 10mg,0603020J0AAADAD,1,-0.011199999999998766
274,P84047,Hydrocort_Tab 10mg,0603020J0AAADAD,1,-0.011199999999998766
275,P84678,Hydrocort_Tab 10mg,0603020J0AAADAD,1,-0.011199999999998766
276,P84068,Hydrocort_Tab 10mg,0603020J0AAADAD,1,-0.011199999999998766
278,P84054,Hydrocort_Tab 10mg,0603020J0AAADAD,1,-0.011199999999998766
277,P84673,Hydrocort_Tab 10mg,0603020J0AAADAD,1,-0.011199999999998766
280,P84041,Hydrocort_Tab 10mg,0603020J0AAADAD,1,-0.011199999999998766
281,P84025,Hydrocort_Tab 10mg,0603020J0AAADAD,1,-0.011199999999998766
282,P84663,Hydrocort_Tab 10mg,0603020J0AAADAD,1,-0.011199999999998766
283,P84030,Hydrocort_Tab 10mg,0603020J0AAADAD,1,-0.011199999999998766
284,P84039,Hydrocort_Tab 10mg,0603020J0AAADAD,1,-0.011199999999998766
285,P84644,Hydrocort_Tab 10mg,0603020J0AAADAD,1,-0.011199999999998766
286,P84070,Hydrocort_Tab 10mg,0603020J0AAADAD,1,-0.011199999999998766
287,P84021,Hydrocort_Tab 10mg,0603020J0AAADAD,1,-0.011199999999998766
279,P84645,Hydrocort_Tab 10mg,0603020J0AAADAD,1,-0.011199999999998766
288,P84678,Hydrocort_Tab 10mg,0603020J0AAADAD,1,-0.012599999999998612
289,P84071,Hydrocort_Tab 10mg,0603020J0AAADAD,1,-0.013999999999998458
291,P84026,Hydrocort_Tab 10mg,0603020J0AAADAD,2,-0.022399999999997533
290,P84652,Hydrocort_Tab 10mg,0603020J0AAADAD,2,-0.022399999999997533
510,P84004,Topiramate_Tab 200mg,040801050AAACAC,1,-13.451200000000002
254,P84028,Mesalazine_Tab E/C 800mg,0105010B0AAASAS,1,-17.219999999999995
