,practice_code,bnf_description,bnf_code,items,excess_cost
386,C84085,Levothyrox Sod_Tab 25mcg,0602010V0AABWBW,2,546.16
485,Y02847,Prednisolone_Tab Solb 5mg,0603020T0AABHBH,3,201.43199999999996
718,C84717,Pregabalin_Cap 50mg,0408010AEAAABAB,3,171.234
776,C84044,Hydrocort_Tab 10mg,0603020J0AAADAD,2,167.328
842,C84039,Levetiracetam_Tab 1g,0408010A0AAACAC,4,135.3632
827,C84064,Ferr Sulf_Tab 200mg,0901011P0AAACAC,3,126.756
789,C84628,Paracet_Tab Solb 500mg,0407010H0AAAQAQ,3,73.47
790,C84628,Paracet_Tab Solb 500mg,0407010H0AAAQAQ,3,73.47
534,C84683,Risperidone_Tab 6mg,040201030AAAFAF,2,58.4192
1,C84060,Paracet_Tab 500mg,0407010H0AAAMAM,71,44.02000000000003
0,C84060,Paracet_Tab 500mg,0407010H0AAAMAM,71,44.02000000000003
535,C84122,Risperidone_Tab 6mg,040201030AAAFAF,5,36.54
2,C84081,Paracet_Tab 500mg,0407010H0AAAMAM,150,31.500000000000018
3,C84081,Paracet_Tab 500mg,0407010H0AAAMAM,150,31.500000000000018
4,C84135,Paracet_Tab 500mg,0407010H0AAAMAM,30,30.000000000000007
5,C84135,Paracet_Tab 500mg,0407010H0AAAMAM,30,30.000000000000007
536,C84043,Risperidone_Tab 6mg,040201030AAAFAF,1,29.2096
537,C84664,Risperidone_Tab 6mg,040201030AAAFAF,1,29.2096
538,C84018,Risperidone_Tab 6mg,040201030AAAFAF,1,29.2096
539,C84011,Risperidone_Tab 6mg,040201030AAAFAF,1,29.2096
6,C84081,Paracet_Tab 500mg,0407010H0AAAMAM,39,26.520000000000003
7,C84081,Paracet_Tab 500mg,0407010H0AAAMAM,39,26.520000000000003
8,C84135,Paracet_Tab 500mg,0407010H0AAAMAM,58,24.94000000000001
9,C84135,Paracet_Tab 500mg,0407010H0AAAMAM,58,24.94000000000001
10,C84129,Paracet_Tab 500mg,0407010H0AAAMAM,20,22.400000000000006
11,C84129,Paracet_Tab 500mg,0407010H0AAAMAM,20,22.400000000000006
13,C84103,Paracet_Tab 500mg,0407010H0AAAMAM,25,22.400000000000002
12,C84103,Paracet_Tab 500mg,0407010H0AAAMAM,25,22.400000000000002
14,C84060,Paracet_Tab 500mg,0407010H0AAAMAM,196,21.95200000000002
15,C84060,Paracet_Tab 500mg,0407010H0AAAMAM,196,21.95200000000002
486,Y03124,Prednisolone_Tab Solb 5mg,0603020T0AABHBH,1,21.5838
16,C84034,Paracet_Tab 500mg,0407010H0AAAMAM,64,21.50400000000002
17,C84034,Paracet_Tab 500mg,0407010H0AAAMAM,64,21.50400000000002
828,C84081,Ferr Sulf_Tab 200mg,0901011P0AAACAC,3,21.1428
19,C84129,Paracet_Tab 500mg,0407010H0AAAMAM,48,20.16000000000001
18,C84129,Paracet_Tab 500mg,0407010H0AAAMAM,48,20.16000000000001
20,C84072,Paracet_Tab 500mg,0407010H0AAAMAM,180,18.000000000000014
21,C84072,Paracet_Tab 500mg,0407010H0AAAMAM,180,18.000000000000014
22,C84091,Paracet_Tab 500mg,0407010H0AAAMAM,113,16.950000000000014
23,C84091,Paracet_Tab 500mg,0407010H0AAAMAM,113,16.950000000000014
24,C84018,Paracet_Tab 500mg,0407010H0AAAMAM,148,16.280000000000005
25,C84018,Paracet_Tab 500mg,0407010H0AAAMAM,148,16.280000000000005
540,C84683,Risperidone_Tab 6mg,040201030AAAFAF,1,15.646500000000001
27,C84129,Paracet_Tab 500mg,0407010H0AAAMAM,1,15.09
26,C84129,Paracet_Tab 500mg,0407010H0AAAMAM,1,15.09
487,C84039,Prednisolone_Tab Solb 5mg,0603020T0AABHBH,1,14.385599999999998
28,C84060,Paracet_Tab 500mg,0407010H0AAAMAM,75,12.750000000000002
29,C84060,Paracet_Tab 500mg,0407010H0AAAMAM,75,12.750000000000002
30,Y03124,Paracet_Tab 500mg,0407010H0AAAMAM,70,12.544000000000032
31,Y03124,Paracet_Tab 500mg,0407010H0AAAMAM,70,12.544000000000032
33,C84034,Paracet_Tab 500mg,0407010H0AAAMAM,4,12.096
32,C84034,Paracet_Tab 500mg,0407010H0AAAMAM,4,12.096
34,C84018,Paracet_Tab 500mg,0407010H0AAAMAM,58,11.69280000000002
35,C84018,Paracet_Tab 500mg,0407010H0AAAMAM,58,11.69280000000002
37,C84064,Paracet_Tab 500mg,0407010H0AAAMAM,144,11.52000000000003
36,C84064,Paracet_Tab 500mg,0407010H0AAAMAM,144,11.52000000000003
39,C84135,Paracet_Tab 500mg,0407010H0AAAMAM,17,11.423999999999998
38,C84135,Paracet_Tab 500mg,0407010H0AAAMAM,17,11.423999999999998
40,C84063,Paracet_Tab 500mg,0407010H0AAAMAM,46,11.334400000000002
41,C84063,Paracet_Tab 500mg,0407010H0AAAMAM,46,11.334400000000002
43,Y03124,Paracet_Tab 500mg,0407010H0AAAMAM,112,11.20000000000001
42,Y03124,Paracet_Tab 500mg,0407010H0AAAMAM,112,11.20000000000001
44,Y05622,Paracet_Tab 500mg,0407010H0AAAMAM,26,11.065600000000014
45,Y05622,Paracet_Tab 500mg,0407010H0AAAMAM,26,11.065600000000014
47,C84064,Paracet_Tab 500mg,0407010H0AAAMAM,41,10.659999999999993
46,C84064,Paracet_Tab 500mg,0407010H0AAAMAM,41,10.659999999999993
49,C84694,Paracet_Tab 500mg,0407010H0AAAMAM,22,10.12
48,C84694,Paracet_Tab 500mg,0407010H0AAAMAM,22,10.12
51,C84072,Paracet_Tab 500mg,0407010H0AAAMAM,70,9.79999999999999
50,C84072,Paracet_Tab 500mg,0407010H0AAAMAM,70,9.79999999999999
52,C84064,Paracet_Tab 500mg,0407010H0AAAMAM,53,9.497600000000025
53,C84064,Paracet_Tab 500mg,0407010H0AAAMAM,53,9.497600000000025
792,C84081,Paracet_Tab Solb 500mg,0407010H0AAAQAQ,1,8.82
791,C84081,Paracet_Tab Solb 500mg,0407010H0AAAQAQ,1,8.82
56,C84091,Paracet_Tab 500mg,0407010H0AAAMAM,4,8.4672
54,C84135,Paracet_Tab 500mg,0407010H0AAAMAM,1,8.4672
57,C84091,Paracet_Tab 500mg,0407010H0AAAMAM,4,8.4672
55,C84135,Paracet_Tab 500mg,0407010H0AAAMAM,1,8.4672
59,C84688,Paracet_Tab 500mg,0407010H0AAAMAM,99,7.92000000000002
58,C84688,Paracet_Tab 500mg,0407010H0AAAMAM,99,7.92000000000002
541,C84105,Clonazepam_Tab 500mcg,0408010F0AAABAB,1,7.909999999999984
60,C84039,Paracet_Tab 500mg,0407010H0AAAMAM,45,7.200000000000019
61,C84039,Paracet_Tab 500mg,0407010H0AAAMAM,45,7.200000000000019
777,C84039,Hydrocort_Tab 10mg,0603020J0AAADAD,2,6.947999999999994
63,C84046,Paracet_Tab 500mg,0407010H0AAAMAM,77,6.899200000000018
62,C84046,Paracet_Tab 500mg,0407010H0AAAMAM,77,6.899200000000018
65,C84046,Paracet_Tab 500mg,0407010H0AAAMAM,197,5.910000000000033
64,C84046,Paracet_Tab 500mg,0407010H0AAAMAM,197,5.910000000000033
67,C84129,Paracet_Tab 500mg,0407010H0AAAMAM,143,5.720000000000015
66,C84129,Paracet_Tab 500mg,0407010H0AAAMAM,143,5.720000000000015
69,C84060,Paracet_Tab 500mg,0407010H0AAAMAM,17,5.711999999999999
68,C84060,Paracet_Tab 500mg,0407010H0AAAMAM,17,5.711999999999999
542,C84105,Clonazepam_Tab 500mcg,0408010F0AAABAB,6,5.695199999999988
71,Y02847,Paracet_Tab 500mg,0407010H0AAAMAM,35,5.250000000000004
70,Y02847,Paracet_Tab 500mg,0407010H0AAAMAM,35,5.250000000000004
543,C84018,Clonazepam_Tab 500mcg,0408010F0AAABAB,8,5.06239999999999
544,C84103,Clonazepam_Tab 500mcg,0408010F0AAABAB,2,4.983999999999995
73,C84096,Paracet_Tab 500mg,0407010H0AAAMAM,82,4.919999999999999
72,C84096,Paracet_Tab 500mg,0407010H0AAAMAM,82,4.919999999999999
549,C84063,Clonazepam_Tab 500mcg,0408010F0AAABAB,3,3.796799999999992
548,C84060,Clonazepam_Tab 500mcg,0408010F0AAABAB,1,3.796799999999992
547,C84063,Clonazepam_Tab 500mcg,0408010F0AAABAB,1,3.796799999999992
545,C84682,Clonazepam_Tab 500mcg,0408010F0AAABAB,3,3.796799999999992
546,C84004,Clonazepam_Tab 500mcg,0408010F0AAABAB,2,3.796799999999992
778,C84717,Hydrocort_Tab 10mg,0603020J0AAADAD,1,3.2423999999999973
551,C84091,Clonazepam_Tab 500mcg,0408010F0AAABAB,5,3.1639999999999935
550,C84039,Clonazepam_Tab 500mcg,0408010F0AAABAB,5,3.1639999999999935
75,C84081,Paracet_Tab 500mg,0407010H0AAAMAM,27,3.0240000000000027
74,C84081,Paracet_Tab 500mg,0407010H0AAAMAM,27,3.0240000000000027
553,C84688,Clonazepam_Tab 500mcg,0408010F0AAABAB,3,2.847599999999994
552,C84063,Clonazepam_Tab 500mcg,0408010F0AAABAB,3,2.847599999999994
794,C84676,Paracet_Tab Solb 500mg,0407010H0AAAQAQ,1,2.826
793,C84676,Paracet_Tab Solb 500mg,0407010H0AAAQAQ,1,2.826
77,C84064,Paracet_Tab 500mg,0407010H0AAAMAM,1,2.8167999999999997
76,C84064,Paracet_Tab 500mg,0407010H0AAAMAM,1,2.8167999999999997
554,C84122,Clonazepam_Tab 500mcg,0408010F0AAABAB,2,2.7119999999999944
555,C84044,Clonazepam_Tab 500mcg,0408010F0AAABAB,1,2.7119999999999944
556,C84034,Clonazepam_Tab 500mcg,0408010F0AAABAB,2,2.631999999999996
78,C84004,Paracet_Tab 500mg,0407010H0AAAMAM,9,2.620800000000002
79,C84004,Paracet_Tab 500mg,0407010H0AAAMAM,9,2.620800000000002
80,C84018,Paracet_Tab 500mg,0407010H0AAAMAM,3,2.6208
81,C84018,Paracet_Tab 500mg,0407010H0AAAMAM,3,2.6208
82,C84034,Paracet_Tab 500mg,0407010H0AAAMAM,65,2.6000000000000294
83,C84034,Paracet_Tab 500mg,0407010H0AAAMAM,65,2.6000000000000294
558,C84034,Clonazepam_Tab 500mcg,0408010F0AAABAB,2,2.531199999999995
560,C84043,Clonazepam_Tab 500mcg,0408010F0AAABAB,2,2.531199999999995
559,C84072,Clonazepam_Tab 500mcg,0408010F0AAABAB,4,2.531199999999995
563,C84046,Clonazepam_Tab 500mcg,0408010F0AAABAB,4,2.531199999999995
557,C84018,Clonazepam_Tab 500mcg,0408010F0AAABAB,2,2.531199999999995
564,C84046,Clonazepam_Tab 500mcg,0408010F0AAABAB,2,2.531199999999995
562,C84619,Clonazepam_Tab 500mcg,0408010F0AAABAB,1,2.531199999999995
561,C84103,Clonazepam_Tab 500mcg,0408010F0AAABAB,4,2.531199999999995
85,C84060,Paracet_Tab 500mg,0407010H0AAAMAM,5,2.519999999999999
84,C84060,Paracet_Tab 500mg,0407010H0AAAMAM,5,2.519999999999999
565,C84619,Clonazepam_Tab 500mcg,0408010F0AAABAB,2,2.2599999999999953
566,C84664,Clonazepam_Tab 500mcg,0408010F0AAABAB,2,2.2599999999999953
567,C84046,Clonazepam_Tab 500mcg,0408010F0AAABAB,2,2.2599999999999953
568,Y02847,Clonazepam_Tab 500mcg,0408010F0AAABAB,1,2.2147999999999954
387,C84138,Levothyrox Sod_Tab 25mcg,0602010V0AABWBW,22,2.0944000000000003
569,C84043,Clonazepam_Tab 500mcg,0408010F0AAABAB,1,2.033999999999996
579,C84129,Clonazepam_Tab 500mcg,0408010F0AAABAB,1,1.898399999999996
570,C84060,Clonazepam_Tab 500mcg,0408010F0AAABAB,3,1.898399999999996
571,C84046,Clonazepam_Tab 500mcg,0408010F0AAABAB,4,1.898399999999996
572,C84688,Clonazepam_Tab 500mcg,0408010F0AAABAB,1,1.898399999999996
573,Y05622,Clonazepam_Tab 500mcg,0408010F0AAABAB,2,1.898399999999996
574,C84619,Clonazepam_Tab 500mcg,0408010F0AAABAB,1,1.898399999999996
575,C84091,Clonazepam_Tab 500mcg,0408010F0AAABAB,1,1.898399999999996
576,C84105,Clonazepam_Tab 500mcg,0408010F0AAABAB,3,1.898399999999996
577,C84043,Clonazepam_Tab 500mcg,0408010F0AAABAB,3,1.898399999999996
578,C84628,Clonazepam_Tab 500mcg,0408010F0AAABAB,3,1.898399999999996
86,C84004,Paracet_Tab 500mg,0407010H0AAAMAM,93,1.860000000000021
87,C84004,Paracet_Tab 500mg,0407010H0AAAMAM,93,1.860000000000021
580,C84103,Clonazepam_Tab 500mcg,0408010F0AAABAB,1,1.7799999999999983
388,C84039,Levothyrox Sod_Tab 25mcg,0602010V0AABWBW,31,1.7360000000000015
88,C84683,Paracet_Tab 500mg,0407010H0AAAMAM,11,1.7248000000000023
89,C84683,Paracet_Tab 500mg,0407010H0AAAMAM,11,1.7248000000000023
90,C84046,Paracet_Tab 500mg,0407010H0AAAMAM,8,1.7024000000000021
91,C84046,Paracet_Tab 500mg,0407010H0AAAMAM,8,1.7024000000000021
581,C84034,Clonazepam_Tab 500mcg,0408010F0AAABAB,1,1.6949999999999965
582,C84117,Clonazepam_Tab 500mcg,0408010F0AAABAB,1,1.6949999999999965
92,C84081,Paracet_Tab 500mg,0407010H0AAAMAM,5,1.6799999999999995
93,C84081,Paracet_Tab 500mg,0407010H0AAAMAM,5,1.6799999999999995
583,C84018,Clonazepam_Tab 500mcg,0408010F0AAABAB,7,1.6610999999999967
95,C84018,Paracet_Tab 500mg,0407010H0AAAMAM,40,1.600000000000018
94,C84018,Paracet_Tab 500mg,0407010H0AAAMAM,40,1.600000000000018
584,C84664,Clonazepam_Tab 500mcg,0408010F0AAABAB,1,1.5819999999999967
96,C84122,Paracet_Tab 500mg,0407010H0AAAMAM,153,1.5299999999999907
97,C84122,Paracet_Tab 500mg,0407010H0AAAMAM,153,1.5299999999999907
98,C84122,Paracet_Tab 500mg,0407010H0AAAMAM,72,1.4399999999999913
99,C84122,Paracet_Tab 500mg,0407010H0AAAMAM,72,1.4399999999999913
586,C84039,Clonazepam_Tab 500mcg,0408010F0AAABAB,1,1.3559999999999972
585,C84043,Clonazepam_Tab 500mcg,0408010F0AAABAB,1,1.3559999999999972
587,C84091,Clonazepam_Tab 500mcg,0408010F0AAABAB,2,1.315999999999998
611,C84011,Clonazepam_Tab 500mcg,0408010F0AAABAB,1,1.2655999999999974
613,C84628,Clonazepam_Tab 500mcg,0408010F0AAABAB,1,1.2655999999999974
599,C84619,Clonazepam_Tab 500mcg,0408010F0AAABAB,2,1.2655999999999974
609,C84683,Clonazepam_Tab 500mcg,0408010F0AAABAB,4,1.2655999999999974
610,C84034,Clonazepam_Tab 500mcg,0408010F0AAABAB,4,1.2655999999999974
603,C84060,Clonazepam_Tab 500mcg,0408010F0AAABAB,1,1.2655999999999974
608,Y05622,Clonazepam_Tab 500mcg,0408010F0AAABAB,2,1.2655999999999974
607,C84717,Clonazepam_Tab 500mcg,0408010F0AAABAB,1,1.2655999999999974
597,C84704,Clonazepam_Tab 500mcg,0408010F0AAABAB,2,1.2655999999999974
596,C84704,Clonazepam_Tab 500mcg,0408010F0AAABAB,4,1.2655999999999974
595,C84044,Clonazepam_Tab 500mcg,0408010F0AAABAB,2,1.2655999999999974
594,C84688,Clonazepam_Tab 500mcg,0408010F0AAABAB,2,1.2655999999999974
593,C84682,Clonazepam_Tab 500mcg,0408010F0AAABAB,2,1.2655999999999974
592,C84144,Clonazepam_Tab 500mcg,0408010F0AAABAB,2,1.2655999999999974
591,C84116,Clonazepam_Tab 500mcg,0408010F0AAABAB,2,1.2655999999999974
590,C84105,Clonazepam_Tab 500mcg,0408010F0AAABAB,1,1.2655999999999974
589,C84129,Clonazepam_Tab 500mcg,0408010F0AAABAB,2,1.2655999999999974
588,C84011,Clonazepam_Tab 500mcg,0408010F0AAABAB,2,1.2655999999999974
600,C84081,Clonazepam_Tab 500mcg,0408010F0AAABAB,1,1.2655999999999974
601,C84085,Clonazepam_Tab 500mcg,0408010F0AAABAB,2,1.2655999999999974
602,C84129,Clonazepam_Tab 500mcg,0408010F0AAABAB,1,1.2655999999999974
598,Y03124,Clonazepam_Tab 500mcg,0408010F0AAABAB,2,1.2655999999999974
604,C84122,Clonazepam_Tab 500mcg,0408010F0AAABAB,4,1.2655999999999974
605,C84081,Clonazepam_Tab 500mcg,0408010F0AAABAB,2,1.2655999999999974
606,C84650,Clonazepam_Tab 500mcg,0408010F0AAABAB,2,1.2655999999999974
612,C84091,Clonazepam_Tab 500mcg,0408010F0AAABAB,1,1.2655999999999974
614,C84695,Clonazepam_Tab 500mcg,0408010F0AAABAB,5,1.2599999999999933
618,C84023,Clonazepam_Tab 500mcg,0408010F0AAABAB,1,1.1299999999999977
617,C84091,Clonazepam_Tab 500mcg,0408010F0AAABAB,1,1.1299999999999977
616,C84676,Clonazepam_Tab 500mcg,0408010F0AAABAB,1,1.1299999999999977
615,C84064,Clonazepam_Tab 500mcg,0408010F0AAABAB,1,1.1299999999999977
100,C84034,Paracet_Tab 500mg,0407010H0AAAMAM,113,1.1299999999999932
101,C84034,Paracet_Tab 500mg,0407010H0AAAMAM,113,1.1299999999999932
619,C84018,Clonazepam_Tab 500mcg,0408010F0AAABAB,3,1.016999999999998
626,C84064,Clonazepam_Tab 500mcg,0408010F0AAABAB,1,0.949199999999998
620,C84688,Clonazepam_Tab 500mcg,0408010F0AAABAB,3,0.949199999999998
621,C84704,Clonazepam_Tab 500mcg,0408010F0AAABAB,4,0.949199999999998
634,C84151,Clonazepam_Tab 500mcg,0408010F0AAABAB,1,0.949199999999998
633,C84683,Clonazepam_Tab 500mcg,0408010F0AAABAB,1,0.949199999999998
632,C84044,Clonazepam_Tab 500mcg,0408010F0AAABAB,3,0.949199999999998
631,C84091,Clonazepam_Tab 500mcg,0408010F0AAABAB,1,0.949199999999998
630,C84092,Clonazepam_Tab 500mcg,0408010F0AAABAB,1,0.949199999999998
629,C84078,Clonazepam_Tab 500mcg,0408010F0AAABAB,6,0.949199999999998
628,C84072,Clonazepam_Tab 500mcg,0408010F0AAABAB,1,0.949199999999998
627,C84135,Clonazepam_Tab 500mcg,0408010F0AAABAB,3,0.949199999999998
625,C84647,Clonazepam_Tab 500mcg,0408010F0AAABAB,1,0.949199999999998
624,Y02847,Clonazepam_Tab 500mcg,0408010F0AAABAB,1,0.949199999999998
623,C84085,Clonazepam_Tab 500mcg,0408010F0AAABAB,3,0.949199999999998
622,C84046,Clonazepam_Tab 500mcg,0408010F0AAABAB,3,0.949199999999998
103,C84039,Paracet_Tab 500mg,0407010H0AAAMAM,87,0.8699999999999948
102,C84039,Paracet_Tab 500mg,0407010H0AAAMAM,87,0.8699999999999948
636,C84039,Clonazepam_Tab 500mcg,0408010F0AAABAB,1,0.7909999999999984
635,Y02847,Clonazepam_Tab 500mcg,0408010F0AAABAB,5,0.7909999999999984
637,C84078,Clonazepam_Tab 500mcg,0408010F0AAABAB,3,0.7118999999999985
645,Y02847,Clonazepam_Tab 500mcg,0408010F0AAABAB,1,0.6779999999999986
638,C84704,Clonazepam_Tab 500mcg,0408010F0AAABAB,1,0.6779999999999986
639,C84039,Clonazepam_Tab 500mcg,0408010F0AAABAB,1,0.6779999999999986
640,C84695,Clonazepam_Tab 500mcg,0408010F0AAABAB,1,0.6779999999999986
641,C84018,Clonazepam_Tab 500mcg,0408010F0AAABAB,1,0.6779999999999986
642,C84072,Clonazepam_Tab 500mcg,0408010F0AAABAB,1,0.6779999999999986
643,C84004,Clonazepam_Tab 500mcg,0408010F0AAABAB,1,0.6779999999999986
644,C84664,Clonazepam_Tab 500mcg,0408010F0AAABAB,1,0.6779999999999986
665,C84078,Clonazepam_Tab 500mcg,0408010F0AAABAB,1,0.6327999999999987
657,C84004,Clonazepam_Tab 500mcg,0408010F0AAABAB,1,0.6327999999999987
668,C84664,Clonazepam_Tab 500mcg,0408010F0AAABAB,1,0.6327999999999987
667,C84078,Clonazepam_Tab 500mcg,0408010F0AAABAB,8,0.6327999999999987
666,C84092,Clonazepam_Tab 500mcg,0408010F0AAABAB,1,0.6327999999999987
659,Y05622,Clonazepam_Tab 500mcg,0408010F0AAABAB,2,0.6327999999999987
664,C84647,Clonazepam_Tab 500mcg,0408010F0AAABAB,1,0.6327999999999987
663,C84078,Clonazepam_Tab 500mcg,0408010F0AAABAB,2,0.6327999999999987
662,C84628,Clonazepam_Tab 500mcg,0408010F0AAABAB,2,0.6327999999999987
655,C84676,Clonazepam_Tab 500mcg,0408010F0AAABAB,1,0.6327999999999987
656,C84691,Clonazepam_Tab 500mcg,0408010F0AAABAB,2,0.6327999999999987
650,C84116,Clonazepam_Tab 500mcg,0408010F0AAABAB,2,0.6327999999999987
654,C84683,Clonazepam_Tab 500mcg,0408010F0AAABAB,4,0.6327999999999987
653,C84092,Clonazepam_Tab 500mcg,0408010F0AAABAB,2,0.6327999999999987
652,C84698,Clonazepam_Tab 500mcg,0408010F0AAABAB,1,0.6327999999999987
651,C84136,Clonazepam_Tab 500mcg,0408010F0AAABAB,1,0.6327999999999987
660,C84104,Clonazepam_Tab 500mcg,0408010F0AAABAB,1,0.6327999999999987
649,C84683,Clonazepam_Tab 500mcg,0408010F0AAABAB,1,0.6327999999999987
648,C84043,Clonazepam_Tab 500mcg,0408010F0AAABAB,2,0.6327999999999987
647,C84695,Clonazepam_Tab 500mcg,0408010F0AAABAB,1,0.6327999999999987
669,C84064,Clonazepam_Tab 500mcg,0408010F0AAABAB,2,0.6327999999999987
646,C84694,Clonazepam_Tab 500mcg,0408010F0AAABAB,1,0.6327999999999987
661,C84136,Clonazepam_Tab 500mcg,0408010F0AAABAB,2,0.6327999999999987
670,C84691,Clonazepam_Tab 500mcg,0408010F0AAABAB,1,0.6327999999999987
658,C84023,Clonazepam_Tab 500mcg,0408010F0AAABAB,1,0.6327999999999987
671,C84078,Clonazepam_Tab 500mcg,0408010F0AAABAB,1,0.5699999999999983
672,C84085,Clonazepam_Tab 500mcg,0408010F0AAABAB,1,0.5699999999999983
105,Y03124,Paracet_Tab 500mg,0407010H0AAAMAM,27,0.5399999999999967
104,Y03124,Paracet_Tab 500mg,0407010H0AAAMAM,27,0.5399999999999967
106,C84072,Paracet_Tab 500mg,0407010H0AAAMAM,11,0.4928000000000007
107,C84072,Paracet_Tab 500mg,0407010H0AAAMAM,11,0.4928000000000007
674,C84116,Clonazepam_Tab 500mcg,0408010F0AAABAB,1,0.474599999999999
673,C84092,Clonazepam_Tab 500mcg,0408010F0AAABAB,1,0.474599999999999
675,Y03124,Clonazepam_Tab 500mcg,0408010F0AAABAB,1,0.45199999999999907
676,C84129,Clonazepam_Tab 500mcg,0408010F0AAABAB,2,0.348
682,C84628,Clonazepam_Tab 500mcg,0408010F0AAABAB,1,0.3389999999999993
681,C84676,Clonazepam_Tab 500mcg,0408010F0AAABAB,1,0.3389999999999993
679,C84085,Clonazepam_Tab 500mcg,0408010F0AAABAB,1,0.3389999999999993
678,Y03124,Clonazepam_Tab 500mcg,0408010F0AAABAB,1,0.3389999999999993
677,C84064,Clonazepam_Tab 500mcg,0408010F0AAABAB,1,0.3389999999999993
680,C84004,Clonazepam_Tab 500mcg,0408010F0AAABAB,1,0.3389999999999993
683,C84078,Clonazepam_Tab 500mcg,0408010F0AAABAB,1,0.3389999999999993
689,C84060,Clonazepam_Tab 500mcg,0408010F0AAABAB,1,0.31639999999999935
688,C84144,Clonazepam_Tab 500mcg,0408010F0AAABAB,1,0.31639999999999935
684,Y03124,Clonazepam_Tab 500mcg,0408010F0AAABAB,2,0.31639999999999935
685,C84011,Clonazepam_Tab 500mcg,0408010F0AAABAB,1,0.31639999999999935
686,C84072,Clonazepam_Tab 500mcg,0408010F0AAABAB,1,0.31639999999999935
696,C84018,Clonazepam_Tab 500mcg,0408010F0AAABAB,1,0.31639999999999935
695,C84072,Clonazepam_Tab 500mcg,0408010F0AAABAB,4,0.31639999999999935
694,Y03124,Clonazepam_Tab 500mcg,0408010F0AAABAB,1,0.31639999999999935
693,C84004,Clonazepam_Tab 500mcg,0408010F0AAABAB,4,0.31639999999999935
692,C84136,Clonazepam_Tab 500mcg,0408010F0AAABAB,2,0.31639999999999935
691,C84117,Clonazepam_Tab 500mcg,0408010F0AAABAB,1,0.31639999999999935
690,C84619,Clonazepam_Tab 500mcg,0408010F0AAABAB,1,0.31639999999999935
687,C84683,Clonazepam_Tab 500mcg,0408010F0AAABAB,4,0.31639999999999935
109,C84135,Paracet_Tab 500mg,0407010H0AAAMAM,3,0.3023999999999999
108,C84135,Paracet_Tab 500mg,0407010H0AAAMAM,3,0.3023999999999999
111,C84018,Paracet_Tab 500mg,0407010H0AAAMAM,2,0.24000000000000132
110,C84018,Paracet_Tab 500mg,0407010H0AAAMAM,2,0.24000000000000132
697,C84105,Clonazepam_Tab 500mcg,0408010F0AAABAB,1,0.22199999999999998
113,C84695,Paracet_Tab 500mg,0407010H0AAAMAM,11,0.21999999999999867
112,C84695,Paracet_Tab 500mg,0407010H0AAAMAM,11,0.21999999999999867
115,C84664,Paracet_Tab 500mg,0407010H0AAAMAM,4,0.2016000000000011
114,C84664,Paracet_Tab 500mg,0407010H0AAAMAM,4,0.2016000000000011
698,C84683,Clonazepam_Tab 500mcg,0408010F0AAABAB,2,0.20159999999999978
699,C84683,Clonazepam_Tab 500mcg,0408010F0AAABAB,2,0.18879999999999963
700,C84105,Clonazepam_Tab 500mcg,0408010F0AAABAB,2,0.18879999999999963
116,C84018,Paracet_Tab 500mg,0407010H0AAAMAM,1,0.17999999999999994
117,C84018,Paracet_Tab 500mg,0407010H0AAAMAM,1,0.17999999999999994
701,C84078,Clonazepam_Tab 500mcg,0408010F0AAABAB,4,0.16959999999999997
702,C84023,Clonazepam_Tab 500mcg,0408010F0AAABAB,1,0.15819999999999967
704,C84011,Clonazepam_Tab 500mcg,0408010F0AAABAB,1,0.15819999999999967
703,C84023,Clonazepam_Tab 500mcg,0408010F0AAABAB,2,0.15819999999999967
118,Y03124,Paracet_Tab 500mg,0407010H0AAAMAM,9,0.15119999999999909
119,Y03124,Paracet_Tab 500mg,0407010H0AAAMAM,9,0.15119999999999909
705,C84064,Clonazepam_Tab 500mcg,0408010F0AAABAB,4,0.1511999999999989
120,C84039,Paracet_Tab 500mg,0407010H0AAAMAM,2,0.1440000000000008
121,C84039,Paracet_Tab 500mg,0407010H0AAAMAM,2,0.1440000000000008
123,C84695,Paracet_Tab 500mg,0407010H0AAAMAM,1,0.12719999999999998
122,C84695,Paracet_Tab 500mg,0407010H0AAAMAM,1,0.12719999999999998
708,C84129,Clonazepam_Tab 500mcg,0408010F0AAABAB,1,0.11599999999999999
709,C84664,Clonazepam_Tab 500mcg,0408010F0AAABAB,1,0.11599999999999999
706,C84085,Clonazepam_Tab 500mcg,0408010F0AAABAB,1,0.11599999999999999
707,C84116,Clonazepam_Tab 500mcg,0408010F0AAABAB,1,0.11599999999999999
712,Y00065,Clonazepam_Tab 500mcg,0408010F0AAABAB,1,0.11599999999999999
711,C84011,Clonazepam_Tab 500mcg,0408010F0AAABAB,1,0.11599999999999999
710,C84063,Clonazepam_Tab 500mcg,0408010F0AAABAB,1,0.11599999999999999
124,C84018,Paracet_Tab 500mg,0407010H0AAAMAM,10,0.11199999999999932
125,C84018,Paracet_Tab 500mg,0407010H0AAAMAM,10,0.11199999999999932
126,C84122,Paracet_Tab 500mg,0407010H0AAAMAM,1,0.10799999999999997
127,C84122,Paracet_Tab 500mg,0407010H0AAAMAM,1,0.10799999999999997
128,C84018,Paracet_Tab 500mg,0407010H0AAAMAM,4,0.10079999999999997
129,C84018,Paracet_Tab 500mg,0407010H0AAAMAM,4,0.10079999999999997
130,C84688,Paracet_Tab 500mg,0407010H0AAAMAM,9,0.10079999999999939
131,C84688,Paracet_Tab 500mg,0407010H0AAAMAM,9,0.10079999999999939
713,C84064,Clonazepam_Tab 500mcg,0408010F0AAABAB,1,0.09439999999999982
133,Y02847,Paracet_Tab 500mg,0407010H0AAAMAM,1,0.08999999999999997
132,Y02847,Paracet_Tab 500mg,0407010H0AAAMAM,1,0.08999999999999997
134,C84122,Paracet_Tab 500mg,0407010H0AAAMAM,16,0.08959999999999946
135,C84122,Paracet_Tab 500mg,0407010H0AAAMAM,16,0.08959999999999946
136,C84695,Paracet_Tab 500mg,0407010H0AAAMAM,15,0.08399999999999949
137,C84695,Paracet_Tab 500mg,0407010H0AAAMAM,15,0.08399999999999949
714,C84698,Clonazepam_Tab 500mcg,0408010F0AAABAB,1,0.07909999999999984
139,C84018,Paracet_Tab 500mg,0407010H0AAAMAM,14,0.07839999999999953
138,C84018,Paracet_Tab 500mg,0407010H0AAAMAM,14,0.07839999999999953
140,C84695,Paracet_Tab 500mg,0407010H0AAAMAM,4,0.06400000000000006
141,C84695,Paracet_Tab 500mg,0407010H0AAAMAM,4,0.06400000000000006
142,C84683,Paracet_Tab 500mg,0407010H0AAAMAM,18,0.050399999999999695
143,C84683,Paracet_Tab 500mg,0407010H0AAAMAM,18,0.050399999999999695
719,C84081,Pregabalin_Cap 50mg,0408010AEAAABAB,8,0.04480000000000128
145,C84688,Paracet_Tab 500mg,0407010H0AAAMAM,1,0.04479999999999995
144,C84688,Paracet_Tab 500mg,0407010H0AAAMAM,1,0.04479999999999995
389,C84078,Levothyrox Sod_Tab 25mcg,0602010V0AABWBW,21,0.04410000000000126
146,C84018,Paracet_Tab 500mg,0407010H0AAAMAM,2,0.0360000000000002
147,C84018,Paracet_Tab 500mg,0407010H0AAAMAM,2,0.0360000000000002
149,C84116,Paracet_Tab 500mg,0407010H0AAAMAM,6,0.03599999999999978
148,C84116,Paracet_Tab 500mg,0407010H0AAAMAM,6,0.03599999999999978
390,C84046,Levothyrox Sod_Tab 25mcg,0602010V0AABWBW,8,0.03360000000000096
151,C84136,Paracet_Tab 500mg,0407010H0AAAMAM,5,0.02999999999999982
150,C84136,Paracet_Tab 500mg,0407010H0AAAMAM,5,0.02999999999999982
391,C84122,Levothyrox Sod_Tab 25mcg,0602010V0AABWBW,14,0.029400000000000842
722,C84046,Pregabalin_Cap 50mg,0408010AEAAABAB,5,0.028000000000000802
720,C84060,Pregabalin_Cap 50mg,0408010AEAAABAB,5,0.028000000000000802
721,C84717,Pregabalin_Cap 50mg,0408010AEAAABAB,2,0.028000000000000802
153,C84695,Paracet_Tab 500mg,0407010H0AAAMAM,10,0.02799999999999983
152,C84695,Paracet_Tab 500mg,0407010H0AAAMAM,10,0.02799999999999983
829,C84122,Ferr Sulf_Tab 200mg,0901011P0AAACAC,10,0.02799999999999983
830,C84063,Ferr Sulf_Tab 200mg,0901011P0AAACAC,3,0.0269999999999989
393,C84695,Levothyrox Sod_Tab 25mcg,0602010V0AABWBW,12,0.025200000000000722
392,Y02847,Levothyrox Sod_Tab 25mcg,0602010V0AABWBW,6,0.025200000000000722
154,C84096,Paracet_Tab 500mg,0407010H0AAAMAM,4,0.023999999999999855
155,C84096,Paracet_Tab 500mg,0407010H0AAAMAM,4,0.023999999999999855
725,C84034,Pregabalin_Cap 50mg,0408010AEAAABAB,4,0.02240000000000064
723,C84064,Pregabalin_Cap 50mg,0408010AEAAABAB,4,0.02240000000000064
724,C84078,Pregabalin_Cap 50mg,0408010AEAAABAB,4,0.02240000000000064
726,Y03124,Pregabalin_Cap 50mg,0408010AEAAABAB,4,0.02240000000000064
727,C84136,Pregabalin_Cap 50mg,0408010AEAAABAB,4,0.02240000000000064
831,C84122,Ferr Sulf_Tab 200mg,0901011P0AAACAC,4,0.022399999999999864
832,C84683,Ferr Sulf_Tab 200mg,0901011P0AAACAC,4,0.022399999999999864
844,C84060,Levetiracetam_Tab 1g,0408010A0AAACAC,4,0.022399999999997533
843,C84105,Levetiracetam_Tab 1g,0408010A0AAACAC,4,0.022399999999997533
845,C84046,Levetiracetam_Tab 1g,0408010A0AAACAC,2,0.022399999999997533
846,C84694,Levetiracetam_Tab 1g,0408010A0AAACAC,2,0.022399999999997533
847,C84688,Levetiracetam_Tab 1g,0408010A0AAACAC,4,0.022399999999997533
848,C84691,Levetiracetam_Tab 1g,0408010A0AAACAC,4,0.022399999999997533
849,C84717,Levetiracetam_Tab 1g,0408010A0AAACAC,4,0.022399999999997533
850,C84046,Levetiracetam_Tab 1g,0408010A0AAACAC,4,0.022399999999997533
851,C84043,Levetiracetam_Tab 1g,0408010A0AAACAC,4,0.022399999999997533
852,C84004,Levetiracetam_Tab 1g,0408010A0AAACAC,4,0.022399999999997533
394,C84043,Levothyrox Sod_Tab 25mcg,0602010V0AABWBW,5,0.0210000000000006
158,C84034,Paracet_Tab 500mg,0407010H0AAAMAM,5,0.020999999999999873
156,C84043,Paracet_Tab 500mg,0407010H0AAAMAM,5,0.020999999999999873
159,C84043,Paracet_Tab 500mg,0407010H0AAAMAM,5,0.020999999999999873
157,C84034,Paracet_Tab 500mg,0407010H0AAAMAM,5,0.020999999999999873
160,C84664,Paracet_Tab 500mg,0407010H0AAAMAM,2,0.019200000000000106
161,C84664,Paracet_Tab 500mg,0407010H0AAAMAM,2,0.019200000000000106
162,C84064,Paracet_Tab 500mg,0407010H0AAAMAM,2,0.019200000000000106
163,C84064,Paracet_Tab 500mg,0407010H0AAAMAM,2,0.019200000000000106
169,C84698,Paracet_Tab 500mg,0407010H0AAAMAM,3,0.01799999999999989
168,C84091,Paracet_Tab 500mg,0407010H0AAAMAM,3,0.01799999999999989
166,C84683,Paracet_Tab 500mg,0407010H0AAAMAM,3,0.01799999999999989
167,C84698,Paracet_Tab 500mg,0407010H0AAAMAM,3,0.01799999999999989
165,C84676,Paracet_Tab 500mg,0407010H0AAAMAM,3,0.01799999999999989
164,C84105,Paracet_Tab 500mg,0407010H0AAAMAM,3,0.01799999999999989
173,C84105,Paracet_Tab 500mg,0407010H0AAAMAM,3,0.01799999999999989
172,C84091,Paracet_Tab 500mg,0407010H0AAAMAM,3,0.01799999999999989
170,C84676,Paracet_Tab 500mg,0407010H0AAAMAM,3,0.01799999999999989
171,C84683,Paracet_Tab 500mg,0407010H0AAAMAM,3,0.01799999999999989
733,C84096,Pregabalin_Cap 50mg,0408010AEAAABAB,3,0.01680000000000048
729,C84004,Pregabalin_Cap 50mg,0408010AEAAABAB,3,0.01680000000000048
730,C84683,Pregabalin_Cap 50mg,0408010AEAAABAB,3,0.01680000000000048
728,C84091,Pregabalin_Cap 50mg,0408010AEAAABAB,3,0.01680000000000048
397,C84091,Levothyrox Sod_Tab 25mcg,0602010V0AABWBW,8,0.01680000000000048
396,C84116,Levothyrox Sod_Tab 25mcg,0602010V0AABWBW,8,0.01680000000000048
395,C84085,Levothyrox Sod_Tab 25mcg,0602010V0AABWBW,4,0.01680000000000048
731,C84135,Pregabalin_Cap 50mg,0408010AEAAABAB,3,0.01680000000000048
732,C84092,Pregabalin_Cap 50mg,0408010AEAAABAB,3,0.01680000000000048
734,C84144,Pregabalin_Cap 50mg,0408010AEAAABAB,3,0.01680000000000048
175,C84105,Paracet_Tab 500mg,0407010H0AAAMAM,6,0.0167999999999999
174,C84105,Paracet_Tab 500mg,0407010H0AAAMAM,6,0.0167999999999999
735,C84063,Pregabalin_Cap 50mg,0408010AEAAABAB,4,0.016799999999999704
856,Y02847,Levetiracetam_Tab 1g,0408010A0AAACAC,3,0.01679999999999815
855,C84064,Levetiracetam_Tab 1g,0408010A0AAACAC,3,0.01679999999999815
854,C84091,Levetiracetam_Tab 1g,0408010A0AAACAC,3,0.01679999999999815
853,C84122,Levetiracetam_Tab 1g,0408010A0AAACAC,1,0.01679999999999815
398,C84046,Levothyrox Sod_Tab 25mcg,0602010V0AABWBW,7,0.014700000000000421
736,C84704,Pregabalin_Cap 50mg,0408010AEAAABAB,1,0.014000000000000401
177,C84004,Paracet_Tab 500mg,0407010H0AAAMAM,5,0.013999999999999915
176,C84004,Paracet_Tab 500mg,0407010H0AAAMAM,5,0.013999999999999915
857,C84023,Levetiracetam_Tab 1g,0408010A0AAACAC,5,0.013999999999998458
404,C84628,Levothyrox Sod_Tab 25mcg,0602010V0AABWBW,3,0.012600000000000361
405,C84691,Levothyrox Sod_Tab 25mcg,0602010V0AABWBW,3,0.012600000000000361
403,C84063,Levothyrox Sod_Tab 25mcg,0602010V0AABWBW,3,0.012600000000000361
402,C84122,Levothyrox Sod_Tab 25mcg,0602010V0AABWBW,3,0.012600000000000361
401,C84081,Levothyrox Sod_Tab 25mcg,0602010V0AABWBW,3,0.012600000000000361
400,C84078,Levothyrox Sod_Tab 25mcg,0602010V0AABWBW,3,0.012600000000000361
399,C84116,Levothyrox Sod_Tab 25mcg,0602010V0AABWBW,3,0.012600000000000361
178,C84039,Paracet_Tab 500mg,0407010H0AAAMAM,3,0.012599999999999924
179,C84039,Paracet_Tab 500mg,0407010H0AAAMAM,3,0.012599999999999924
184,C84691,Paracet_Tab 500mg,0407010H0AAAMAM,4,0.011999999999999927
180,C84091,Paracet_Tab 500mg,0407010H0AAAMAM,4,0.011999999999999927
182,C84091,Paracet_Tab 500mg,0407010H0AAAMAM,4,0.011999999999999927
183,C84691,Paracet_Tab 500mg,0407010H0AAAMAM,4,0.011999999999999927
181,C84034,Paracet_Tab 500mg,0407010H0AAAMAM,2,0.011999999999999927
185,C84034,Paracet_Tab 500mg,0407010H0AAAMAM,2,0.011999999999999927
188,C84619,Paracet_Tab 500mg,0407010H0AAAMAM,1,0.011999999999999927
189,C84717,Paracet_Tab 500mg,0407010H0AAAMAM,2,0.011999999999999927
190,C84717,Paracet_Tab 500mg,0407010H0AAAMAM,2,0.011999999999999927
191,C84046,Paracet_Tab 500mg,0407010H0AAAMAM,2,0.011999999999999927
192,C84717,Paracet_Tab 500mg,0407010H0AAAMAM,1,0.011999999999999927
193,C84046,Paracet_Tab 500mg,0407010H0AAAMAM,2,0.011999999999999927
186,C84717,Paracet_Tab 500mg,0407010H0AAAMAM,1,0.011999999999999927
187,C84619,Paracet_Tab 500mg,0407010H0AAAMAM,1,0.011999999999999927
833,C84105,Ferr Sulf_Tab 200mg,0901011P0AAACAC,2,0.011999999999999511
737,C84105,Pregabalin_Cap 50mg,0408010AEAAABAB,2,0.01120000000000032
738,C84072,Pregabalin_Cap 50mg,0408010AEAAABAB,2,0.01120000000000032
739,Y02847,Pregabalin_Cap 50mg,0408010AEAAABAB,2,0.01120000000000032
740,C84688,Pregabalin_Cap 50mg,0408010AEAAABAB,2,0.01120000000000032
741,C84044,Pregabalin_Cap 50mg,0408010AEAAABAB,2,0.01120000000000032
742,C84122,Pregabalin_Cap 50mg,0408010AEAAABAB,2,0.01120000000000032
743,C84129,Pregabalin_Cap 50mg,0408010AEAAABAB,2,0.01120000000000032
834,C84078,Ferr Sulf_Tab 200mg,0901011P0AAACAC,4,0.011199999999999932
199,C84144,Paracet_Tab 500mg,0407010H0AAAMAM,4,0.011199999999999932
198,C84122,Paracet_Tab 500mg,0407010H0AAAMAM,4,0.011199999999999932
197,C84116,Paracet_Tab 500mg,0407010H0AAAMAM,4,0.011199999999999932
196,C84144,Paracet_Tab 500mg,0407010H0AAAMAM,4,0.011199999999999932
195,C84122,Paracet_Tab 500mg,0407010H0AAAMAM,4,0.011199999999999932
194,C84116,Paracet_Tab 500mg,0407010H0AAAMAM,4,0.011199999999999932
835,C84116,Ferr Sulf_Tab 200mg,0901011P0AAACAC,4,0.011199999999999932
863,C84693,Levetiracetam_Tab 1g,0408010A0AAACAC,2,0.011199999999998766
858,Y02847,Levetiracetam_Tab 1g,0408010A0AAACAC,1,0.011199999999998766
859,C84682,Levetiracetam_Tab 1g,0408010A0AAACAC,1,0.011199999999998766
860,C84034,Levetiracetam_Tab 1g,0408010A0AAACAC,1,0.011199999999998766
861,C84122,Levetiracetam_Tab 1g,0408010A0AAACAC,2,0.011199999999998766
862,C84704,Levetiracetam_Tab 1g,0408010A0AAACAC,2,0.011199999999998766
864,C84018,Levetiracetam_Tab 1g,0408010A0AAACAC,2,0.011199999999998766
865,C84011,Levetiracetam_Tab 1g,0408010A0AAACAC,2,0.011199999999998766
866,C84704,Levetiracetam_Tab 1g,0408010A0AAACAC,1,0.011199999999998766
867,C84664,Levetiracetam_Tab 1g,0408010A0AAACAC,1,0.011199999999998766
868,C84151,Levetiracetam_Tab 1g,0408010A0AAACAC,2,0.011199999999998766
869,C84060,Levetiracetam_Tab 1g,0408010A0AAACAC,1,0.011199999999998766
870,Y03124,Levetiracetam_Tab 1g,0408010A0AAACAC,2,0.011199999999998766
871,Y05622,Levetiracetam_Tab 1g,0408010A0AAACAC,2,0.011199999999998766
872,C84063,Levetiracetam_Tab 1g,0408010A0AAACAC,4,0.011199999999998766
406,C84136,Levothyrox Sod_Tab 25mcg,0602010V0AABWBW,3,0.009000000000000258
836,C84694,Ferr Sulf_Tab 200mg,0901011P0AAACAC,1,0.008999999999999633
489,C84650,Prednisolone_Tab Solb 5mg,0603020T0AABHBH,2,0.008999999999999009
488,Y00065,Prednisolone_Tab Solb 5mg,0603020T0AABHBH,2,0.008999999999999009
419,Y02847,Levothyrox Sod_Tab 25mcg,0602010V0AABWBW,4,0.00840000000000024
420,C84081,Levothyrox Sod_Tab 25mcg,0602010V0AABWBW,4,0.00840000000000024
410,C84138,Levothyrox Sod_Tab 25mcg,0602010V0AABWBW,4,0.00840000000000024
411,C84693,Levothyrox Sod_Tab 25mcg,0602010V0AABWBW,4,0.00840000000000024
418,C84680,Levothyrox Sod_Tab 25mcg,0602010V0AABWBW,2,0.00840000000000024
417,C84004,Levothyrox Sod_Tab 25mcg,0602010V0AABWBW,2,0.00840000000000024
416,C84105,Levothyrox Sod_Tab 25mcg,0602010V0AABWBW,2,0.00840000000000024
415,C84060,Levothyrox Sod_Tab 25mcg,0602010V0AABWBW,4,0.00840000000000024
414,C84063,Levothyrox Sod_Tab 25mcg,0602010V0AABWBW,4,0.00840000000000024
413,C84043,Levothyrox Sod_Tab 25mcg,0602010V0AABWBW,4,0.00840000000000024
412,C84072,Levothyrox Sod_Tab 25mcg,0602010V0AABWBW,2,0.00840000000000024
421,C84688,Levothyrox Sod_Tab 25mcg,0602010V0AABWBW,2,0.00840000000000024
407,C84064,Levothyrox Sod_Tab 25mcg,0602010V0AABWBW,2,0.00840000000000024
408,C84136,Levothyrox Sod_Tab 25mcg,0602010V0AABWBW,2,0.00840000000000024
409,C84135,Levothyrox Sod_Tab 25mcg,0602010V0AABWBW,4,0.00840000000000024
207,C84116,Paracet_Tab 500mg,0407010H0AAAMAM,6,0.00839999999999995
206,C84043,Paracet_Tab 500mg,0407010H0AAAMAM,3,0.00839999999999995
204,C84693,Paracet_Tab 500mg,0407010H0AAAMAM,3,0.00839999999999995
203,C84043,Paracet_Tab 500mg,0407010H0AAAMAM,3,0.00839999999999995
200,C84693,Paracet_Tab 500mg,0407010H0AAAMAM,3,0.00839999999999995
201,C84116,Paracet_Tab 500mg,0407010H0AAAMAM,6,0.00839999999999995
205,C84018,Paracet_Tab 500mg,0407010H0AAAMAM,3,0.00839999999999995
202,C84018,Paracet_Tab 500mg,0407010H0AAAMAM,3,0.00839999999999995
873,C84085,Levetiracetam_Tab 1g,0408010A0AAACAC,1,0.008399999999999075
874,C84698,Levetiracetam_Tab 1g,0408010A0AAACAC,1,0.008399999999999075
875,C84116,Levetiracetam_Tab 1g,0408010A0AAACAC,1,0.008399999999999075
490,C84683,Prednisolone_Tab Solb 5mg,0603020T0AABHBH,2,0.007199999999999207
422,C84039,Levothyrox Sod_Tab 25mcg,0602010V0AABWBW,3,0.0063000000000001805
423,C84676,Levothyrox Sod_Tab 25mcg,0602010V0AABWBW,3,0.0063000000000001805
226,C84043,Paracet_Tab 500mg,0407010H0AAAMAM,1,0.005999999999999964
221,C84064,Paracet_Tab 500mg,0407010H0AAAMAM,1,0.005999999999999964
212,C84688,Paracet_Tab 500mg,0407010H0AAAMAM,1,0.005999999999999964
217,C84064,Paracet_Tab 500mg,0407010H0AAAMAM,1,0.005999999999999964
224,C84122,Paracet_Tab 500mg,0407010H0AAAMAM,1,0.005999999999999964
223,C84103,Paracet_Tab 500mg,0407010H0AAAMAM,1,0.005999999999999964
209,C84063,Paracet_Tab 500mg,0407010H0AAAMAM,1,0.005999999999999964
210,C84081,Paracet_Tab 500mg,0407010H0AAAMAM,1,0.005999999999999964
211,C84081,Paracet_Tab 500mg,0407010H0AAAMAM,1,0.005999999999999964
222,C84004,Paracet_Tab 500mg,0407010H0AAAMAM,1,0.005999999999999964
227,C84683,Paracet_Tab 500mg,0407010H0AAAMAM,2,0.005999999999999964
220,C84004,Paracet_Tab 500mg,0407010H0AAAMAM,1,0.005999999999999964
219,C84688,Paracet_Tab 500mg,0407010H0AAAMAM,1,0.005999999999999964
213,C84085,Paracet_Tab 500mg,0407010H0AAAMAM,1,0.005999999999999964
214,C84043,Paracet_Tab 500mg,0407010H0AAAMAM,1,0.005999999999999964
215,C84683,Paracet_Tab 500mg,0407010H0AAAMAM,2,0.005999999999999964
218,C84103,Paracet_Tab 500mg,0407010H0AAAMAM,1,0.005999999999999964
225,C84085,Paracet_Tab 500mg,0407010H0AAAMAM,1,0.005999999999999964
216,C84063,Paracet_Tab 500mg,0407010H0AAAMAM,1,0.005999999999999964
208,C84122,Paracet_Tab 500mg,0407010H0AAAMAM,1,0.005999999999999964
837,C84081,Ferr Sulf_Tab 200mg,0901011P0AAACAC,1,0.0059999999999997555
838,C84011,Ferr Sulf_Tab 200mg,0901011P0AAACAC,1,0.0059999999999997555
749,C84628,Pregabalin_Cap 50mg,0408010AEAAABAB,1,0.00560000000000016
750,C84695,Pregabalin_Cap 50mg,0408010AEAAABAB,1,0.00560000000000016
746,C84602,Pregabalin_Cap 50mg,0408010AEAAABAB,1,0.00560000000000016
747,C84043,Pregabalin_Cap 50mg,0408010AEAAABAB,1,0.00560000000000016
748,C84691,Pregabalin_Cap 50mg,0408010AEAAABAB,1,0.00560000000000016
744,C84117,Pregabalin_Cap 50mg,0408010AEAAABAB,1,0.00560000000000016
745,C84039,Pregabalin_Cap 50mg,0408010AEAAABAB,1,0.00560000000000016
751,C84698,Pregabalin_Cap 50mg,0408010AEAAABAB,1,0.00560000000000016
752,C84138,Pregabalin_Cap 50mg,0408010AEAAABAB,1,0.00560000000000016
753,C84116,Pregabalin_Cap 50mg,0408010AEAAABAB,1,0.00560000000000016
229,Y00065,Paracet_Tab 500mg,0407010H0AAAMAM,1,0.005599999999999994
228,Y00065,Paracet_Tab 500mg,0407010H0AAAMAM,1,0.005599999999999994
231,C84046,Paracet_Tab 500mg,0407010H0AAAMAM,4,0.005599999999999966
233,C84063,Paracet_Tab 500mg,0407010H0AAAMAM,2,0.005599999999999966
232,C84046,Paracet_Tab 500mg,0407010H0AAAMAM,4,0.005599999999999966
230,C84063,Paracet_Tab 500mg,0407010H0AAAMAM,2,0.005599999999999966
839,C84064,Ferr Sulf_Tab 200mg,0901011P0AAACAC,1,0.005599999999999966
883,C84129,Levetiracetam_Tab 1g,0408010A0AAACAC,1,0.005599999999999383
882,C84044,Levetiracetam_Tab 1g,0408010A0AAACAC,1,0.005599999999999383
879,C84043,Levetiracetam_Tab 1g,0408010A0AAACAC,2,0.005599999999999383
881,C84081,Levetiracetam_Tab 1g,0408010A0AAACAC,1,0.005599999999999383
887,C84034,Levetiracetam_Tab 1g,0408010A0AAACAC,1,0.005599999999999383
886,C84116,Levetiracetam_Tab 1g,0408010A0AAACAC,1,0.005599999999999383
885,C84704,Levetiracetam_Tab 1g,0408010A0AAACAC,2,0.005599999999999383
876,C84072,Levetiracetam_Tab 1g,0408010A0AAACAC,1,0.005599999999999383
884,C84103,Levetiracetam_Tab 1g,0408010A0AAACAC,1,0.005599999999999383
877,C84135,Levetiracetam_Tab 1g,0408010A0AAACAC,1,0.005599999999999383
715,C84717,Clonazepam_Tab 500mcg,0408010F0AAABAB,1,0.005599999999999383
880,C84695,Levetiracetam_Tab 1g,0408010A0AAACAC,1,0.005599999999999383
878,C84063,Levetiracetam_Tab 1g,0408010A0AAACAC,1,0.005599999999999383
779,C84104,Hydrocort_Tab 10mg,0603020J0AAADAD,1,0.004499999999999504
493,C84680,Prednisolone_Tab Solb 5mg,0603020T0AABHBH,1,0.004499999999999504
494,C84105,Prednisolone_Tab Solb 5mg,0603020T0AABHBH,1,0.004499999999999504
491,C84043,Prednisolone_Tab Solb 5mg,0603020T0AABHBH,1,0.004499999999999504
492,C84628,Prednisolone_Tab Solb 5mg,0603020T0AABHBH,1,0.004499999999999504
495,C84004,Prednisolone_Tab Solb 5mg,0603020T0AABHBH,1,0.004200000000000315
431,C84011,Levothyrox Sod_Tab 25mcg,0602010V0AABWBW,1,0.00420000000000012
440,C84034,Levothyrox Sod_Tab 25mcg,0602010V0AABWBW,1,0.00420000000000012
429,C84046,Levothyrox Sod_Tab 25mcg,0602010V0AABWBW,1,0.00420000000000012
443,C84683,Levothyrox Sod_Tab 25mcg,0602010V0AABWBW,2,0.00420000000000012
444,C84619,Levothyrox Sod_Tab 25mcg,0602010V0AABWBW,1,0.00420000000000012
442,C84105,Levothyrox Sod_Tab 25mcg,0602010V0AABWBW,1,0.00420000000000012
441,C84044,Levothyrox Sod_Tab 25mcg,0602010V0AABWBW,1,0.00420000000000012
439,C84092,Levothyrox Sod_Tab 25mcg,0602010V0AABWBW,1,0.00420000000000012
438,C84085,Levothyrox Sod_Tab 25mcg,0602010V0AABWBW,1,0.00420000000000012
436,C84103,Levothyrox Sod_Tab 25mcg,0602010V0AABWBW,1,0.00420000000000012
435,C84116,Levothyrox Sod_Tab 25mcg,0602010V0AABWBW,1,0.00420000000000012
434,C84018,Levothyrox Sod_Tab 25mcg,0602010V0AABWBW,2,0.00420000000000012
433,C84144,Levothyrox Sod_Tab 25mcg,0602010V0AABWBW,1,0.00420000000000012
432,C84018,Levothyrox Sod_Tab 25mcg,0602010V0AABWBW,1,0.00420000000000012
430,C84619,Levothyrox Sod_Tab 25mcg,0602010V0AABWBW,1,0.00420000000000012
437,C84064,Levothyrox Sod_Tab 25mcg,0602010V0AABWBW,1,0.00420000000000012
428,C84004,Levothyrox Sod_Tab 25mcg,0602010V0AABWBW,2,0.00420000000000012
427,C84103,Levothyrox Sod_Tab 25mcg,0602010V0AABWBW,1,0.00420000000000012
426,C84688,Levothyrox Sod_Tab 25mcg,0602010V0AABWBW,1,0.00420000000000012
425,C84676,Levothyrox Sod_Tab 25mcg,0602010V0AABWBW,1,0.00420000000000012
424,Y03124,Levothyrox Sod_Tab 25mcg,0602010V0AABWBW,1,0.00420000000000012
236,Y03124,Paracet_Tab 500mg,0407010H0AAAMAM,1,0.004199999999999975
235,Y03124,Paracet_Tab 500mg,0407010H0AAAMAM,1,0.004199999999999975
234,C84691,Paracet_Tab 500mg,0407010H0AAAMAM,1,0.004199999999999975
237,C84691,Paracet_Tab 500mg,0407010H0AAAMAM,1,0.004199999999999975
754,C84011,Pregabalin_Cap 50mg,0408010AEAAABAB,1,0.004199999999999926
755,C84683,Pregabalin_Cap 50mg,0408010AEAAABAB,1,0.004199999999999926
239,C84096,Paracet_Tab 500mg,0407010H0AAAMAM,1,0.0040000000000000105
238,C84096,Paracet_Tab 500mg,0407010H0AAAMAM,1,0.0040000000000000105
496,C84004,Prednisolone_Tab Solb 5mg,0603020T0AABHBH,1,0.0035999999999996035
498,C84072,Prednisolone_Tab Solb 5mg,0603020T0AABHBH,1,0.0035999999999996035
497,C84011,Prednisolone_Tab Solb 5mg,0603020T0AABHBH,1,0.0035999999999996035
499,C84063,Prednisolone_Tab Solb 5mg,0603020T0AABHBH,1,0.0035999999999996035
756,C84043,Pregabalin_Cap 50mg,0408010AEAAABAB,1,0.0035000000000001003
796,Y00065,Paracet_Tab Solb 500mg,0407010H0AAAQAQ,1,0.0032000000000000917
795,Y00065,Paracet_Tab Solb 500mg,0407010H0AAAQAQ,1,0.0032000000000000917
840,C84085,Ferr Sulf_Tab 200mg,0901011P0AAACAC,1,0.0031999999999999806
247,C84039,Paracet_Tab 500mg,0407010H0AAAMAM,1,0.002999999999999982
245,C84072,Paracet_Tab 500mg,0407010H0AAAMAM,1,0.002999999999999982
244,C84034,Paracet_Tab 500mg,0407010H0AAAMAM,1,0.002999999999999982
246,C84129,Paracet_Tab 500mg,0407010H0AAAMAM,1,0.002999999999999982
249,C84072,Paracet_Tab 500mg,0407010H0AAAMAM,1,0.002999999999999982
248,C84628,Paracet_Tab 500mg,0407010H0AAAMAM,1,0.002999999999999982
243,C84039,Paracet_Tab 500mg,0407010H0AAAMAM,1,0.002999999999999982
241,C84628,Paracet_Tab 500mg,0407010H0AAAMAM,1,0.002999999999999982
240,C84129,Paracet_Tab 500mg,0407010H0AAAMAM,1,0.002999999999999982
242,C84034,Paracet_Tab 500mg,0407010H0AAAMAM,1,0.002999999999999982
841,C84004,Ferr Sulf_Tab 200mg,0901011P0AAACAC,1,0.0029999999999998778
500,C84060,Prednisolone_Tab Solb 5mg,0603020T0AABHBH,1,0.0029999999999996696
780,C84105,Hydrocort_Tab 10mg,0603020J0AAADAD,1,0.0029999999999996696
259,C84044,Paracet_Tab 500mg,0407010H0AAAMAM,1,0.002799999999999983
250,C84060,Paracet_Tab 500mg,0407010H0AAAMAM,1,0.002799999999999983
251,C84034,Paracet_Tab 500mg,0407010H0AAAMAM,1,0.002799999999999983
252,C84043,Paracet_Tab 500mg,0407010H0AAAMAM,4,0.002799999999999983
253,C84092,Paracet_Tab 500mg,0407010H0AAAMAM,1,0.002799999999999983
254,C84044,Paracet_Tab 500mg,0407010H0AAAMAM,1,0.002799999999999983
255,C84064,Paracet_Tab 500mg,0407010H0AAAMAM,1,0.002799999999999983
256,C84060,Paracet_Tab 500mg,0407010H0AAAMAM,1,0.002799999999999983
257,C84043,Paracet_Tab 500mg,0407010H0AAAMAM,4,0.002799999999999983
258,C84092,Paracet_Tab 500mg,0407010H0AAAMAM,1,0.002799999999999983
260,C84034,Paracet_Tab 500mg,0407010H0AAAMAM,1,0.002799999999999983
261,C84064,Paracet_Tab 500mg,0407010H0AAAMAM,1,0.002799999999999983
890,C84085,Levetiracetam_Tab 1g,0408010A0AAACAC,1,0.0027999999999996916
889,C84072,Levetiracetam_Tab 1g,0408010A0AAACAC,1,0.0027999999999996916
888,C84060,Levetiracetam_Tab 1g,0408010A0AAACAC,1,0.0027999999999996916
501,C84129,Prednisolone_Tab Solb 5mg,0603020T0AABHBH,1,0.0025999999999999357
448,C84085,Levothyrox Sod_Tab 25mcg,0602010V0AABWBW,1,0.0024000000000000687
445,C84602,Levothyrox Sod_Tab 25mcg,0602010V0AABWBW,1,0.0024000000000000687
446,C84023,Levothyrox Sod_Tab 25mcg,0602010V0AABWBW,1,0.0024000000000000687
447,Y05622,Levothyrox Sod_Tab 25mcg,0602010V0AABWBW,1,0.0024000000000000687
449,C84060,Levothyrox Sod_Tab 25mcg,0602010V0AABWBW,1,0.0024000000000000687
263,C84018,Paracet_Tab 500mg,0407010H0AAAMAM,1,0.002400000000000027
262,C84018,Paracet_Tab 500mg,0407010H0AAAMAM,1,0.002400000000000027
798,C84078,Paracet_Tab Solb 500mg,0407010H0AAAQAQ,1,0.002200000000000063
797,C84078,Paracet_Tab Solb 500mg,0407010H0AAAQAQ,1,0.002200000000000063
450,Y05622,Levothyrox Sod_Tab 25mcg,0602010V0AABWBW,1,0.00210000000000006
451,Y03124,Levothyrox Sod_Tab 25mcg,0602010V0AABWBW,1,0.00210000000000006
452,C84072,Levothyrox Sod_Tab 25mcg,0602010V0AABWBW,1,0.00210000000000006
455,C84602,Levothyrox Sod_Tab 25mcg,0602010V0AABWBW,1,0.0016000000000000458
454,C84011,Levothyrox Sod_Tab 25mcg,0602010V0AABWBW,1,0.0016000000000000458
453,C84136,Levothyrox Sod_Tab 25mcg,0602010V0AABWBW,1,0.0016000000000000458
457,C84136,Levothyrox Sod_Tab 25mcg,0602010V0AABWBW,1,0.0008000000000000229
456,C84602,Levothyrox Sod_Tab 25mcg,0602010V0AABWBW,1,0.0008000000000000229
458,C84151,Levothyrox Sod_Tab 25mcg,0602010V0AABWBW,1,-0.0010000000000000286
459,C84078,Levothyrox Sod_Tab 25mcg,0602010V0AABWBW,1,-0.0010999999999999899
265,C84116,Paracet_Tab 500mg,0407010H0AAAMAM,1,-0.0011999999999999997
264,C84116,Paracet_Tab 500mg,0407010H0AAAMAM,1,-0.0011999999999999997
781,C84691,Hydrocort_Tab 10mg,0603020J0AAADAD,1,-0.0017999999999998018
462,C84072,Levothyrox Sod_Tab 25mcg,0602010V0AABWBW,1,-0.0020000000000000573
461,Y03124,Levothyrox Sod_Tab 25mcg,0602010V0AABWBW,1,-0.0020000000000000573
460,Y02847,Levothyrox Sod_Tab 25mcg,0602010V0AABWBW,1,-0.0020000000000000573
463,C84704,Levothyrox Sod_Tab 25mcg,0602010V0AABWBW,1,-0.0021999999999999797
266,C84135,Paracet_Tab 500mg,0407010H0AAAMAM,1,-0.0021999999999999867
267,C84135,Paracet_Tab 500mg,0407010H0AAAMAM,1,-0.0021999999999999867
502,C84129,Prednisolone_Tab Solb 5mg,0603020T0AABHBH,1,-0.0023999999999997357
505,Y05960,Prednisolone_Tab Solb 5mg,0603020T0AABHBH,1,-0.0024999999999997247
504,C84602,Prednisolone_Tab Solb 5mg,0603020T0AABHBH,1,-0.0024999999999997247
503,Y00065,Prednisolone_Tab Solb 5mg,0603020T0AABHBH,1,-0.0024999999999997247
757,C84672,Pregabalin_Cap 50mg,0408010AEAAABAB,1,-0.002799999999999983
767,C84151,Pregabalin_Cap 50mg,0408010AEAAABAB,1,-0.00280000000000008
765,C84064,Pregabalin_Cap 50mg,0408010AEAAABAB,1,-0.00280000000000008
758,C84018,Pregabalin_Cap 50mg,0408010AEAAABAB,1,-0.00280000000000008
759,C84694,Pregabalin_Cap 50mg,0408010AEAAABAB,1,-0.00280000000000008
760,C84105,Pregabalin_Cap 50mg,0408010AEAAABAB,1,-0.00280000000000008
761,C84046,Pregabalin_Cap 50mg,0408010AEAAABAB,1,-0.00280000000000008
762,Y03124,Pregabalin_Cap 50mg,0408010AEAAABAB,1,-0.00280000000000008
763,Y02847,Pregabalin_Cap 50mg,0408010AEAAABAB,1,-0.00280000000000008
764,C84104,Pregabalin_Cap 50mg,0408010AEAAABAB,1,-0.00280000000000008
766,C84116,Pregabalin_Cap 50mg,0408010AEAAABAB,1,-0.00280000000000008
768,C84091,Pregabalin_Cap 50mg,0408010AEAAABAB,1,-0.00280000000000008
716,C84717,Clonazepam_Tab 500mcg,0408010F0AAABAB,1,-0.002800000000001246
800,C84072,Paracet_Tab Solb 500mg,0407010H0AAAQAQ,1,-0.0029999999999996696
799,C84072,Paracet_Tab Solb 500mg,0407010H0AAAQAQ,1,-0.0029999999999996696
464,C84116,Levothyrox Sod_Tab 25mcg,0602010V0AABWBW,1,-0.003000000000000086
465,C84011,Levothyrox Sod_Tab 25mcg,0602010V0AABWBW,1,-0.003000000000000086
466,C84078,Levothyrox Sod_Tab 25mcg,0602010V0AABWBW,1,-0.003100000000000089
801,C84039,Paracet_Tab Solb 500mg,0407010H0AAAQAQ,1,-0.0031999999999996476
802,C84072,Paracet_Tab Solb 500mg,0407010H0AAAQAQ,1,-0.0031999999999996476
803,C84072,Paracet_Tab Solb 500mg,0407010H0AAAQAQ,1,-0.0031999999999996476
804,C84039,Paracet_Tab Solb 500mg,0407010H0AAAQAQ,1,-0.0031999999999996476
506,C84105,Prednisolone_Tab Solb 5mg,0603020T0AABHBH,1,-0.0035999999999996035
508,Y00065,Prednisolone_Tab Solb 5mg,0603020T0AABHBH,1,-0.0035999999999996035
507,C84650,Prednisolone_Tab Solb 5mg,0603020T0AABHBH,1,-0.0035999999999996035
467,C84105,Levothyrox Sod_Tab 25mcg,0602010V0AABWBW,1,-0.0035999999999999366
513,Y03124,Prednisolone_Tab Solb 5mg,0603020T0AABHBH,1,-0.0039999999999995595
512,C84602,Prednisolone_Tab Solb 5mg,0603020T0AABHBH,1,-0.0039999999999995595
511,C84085,Prednisolone_Tab Solb 5mg,0603020T0AABHBH,1,-0.0039999999999995595
510,C84680,Prednisolone_Tab Solb 5mg,0603020T0AABHBH,1,-0.0039999999999995595
509,C84683,Prednisolone_Tab Solb 5mg,0603020T0AABHBH,1,-0.0039999999999995595
273,C84096,Paracet_Tab 500mg,0407010H0AAAMAM,1,-0.003999999999999976
271,C84680,Paracet_Tab 500mg,0407010H0AAAMAM,1,-0.003999999999999976
270,C84717,Paracet_Tab 500mg,0407010H0AAAMAM,1,-0.003999999999999976
269,C84717,Paracet_Tab 500mg,0407010H0AAAMAM,1,-0.003999999999999976
268,C84680,Paracet_Tab 500mg,0407010H0AAAMAM,1,-0.003999999999999976
272,C84096,Paracet_Tab 500mg,0407010H0AAAMAM,1,-0.003999999999999976
469,C84078,Levothyrox Sod_Tab 25mcg,0602010V0AABWBW,1,-0.004000000000000115
468,C84129,Levothyrox Sod_Tab 25mcg,0602010V0AABWBW,1,-0.004000000000000115
514,C84694,Prednisolone_Tab Solb 5mg,0603020T0AABHBH,1,-0.0041999999999995374
515,C84688,Prednisolone_Tab Solb 5mg,0603020T0AABHBH,1,-0.0041999999999995374
516,C84011,Prednisolone_Tab Solb 5mg,0603020T0AABHBH,1,-0.0041999999999995374
891,C84039,Levetiracetam_Tab 1g,0408010A0AAACAC,1,-0.004200000000000315
524,C84034,Prednisolone_Tab Solb 5mg,0603020T0AABHBH,1,-0.004799999999999471
518,C84085,Prednisolone_Tab Solb 5mg,0603020T0AABHBH,2,-0.004799999999999471
521,C84072,Prednisolone_Tab Solb 5mg,0603020T0AABHBH,1,-0.004799999999999471
520,C84704,Prednisolone_Tab Solb 5mg,0603020T0AABHBH,2,-0.004799999999999471
522,Y00065,Prednisolone_Tab Solb 5mg,0603020T0AABHBH,1,-0.004799999999999471
523,C84018,Prednisolone_Tab Solb 5mg,0603020T0AABHBH,1,-0.004799999999999471
519,C84704,Prednisolone_Tab Solb 5mg,0603020T0AABHBH,1,-0.004799999999999471
517,C84063,Prednisolone_Tab Solb 5mg,0603020T0AABHBH,1,-0.004799999999999471
525,C84683,Prednisolone_Tab Solb 5mg,0603020T0AABHBH,1,-0.004799999999999471
527,C84034,Prednisolone_Tab Solb 5mg,0603020T0AABHBH,1,-0.0047999999999999154
526,C84046,Prednisolone_Tab Solb 5mg,0603020T0AABHBH,1,-0.0047999999999999154
471,C84602,Levothyrox Sod_Tab 25mcg,0602010V0AABWBW,1,-0.0048000000000001375
470,Y03124,Levothyrox Sod_Tab 25mcg,0602010V0AABWBW,1,-0.0048000000000001375
283,C84676,Paracet_Tab 500mg,0407010H0AAAMAM,1,-0.005599999999999966
289,C84676,Paracet_Tab 500mg,0407010H0AAAMAM,1,-0.005599999999999966
288,C84682,Paracet_Tab 500mg,0407010H0AAAMAM,1,-0.005599999999999966
287,C84628,Paracet_Tab 500mg,0407010H0AAAMAM,1,-0.005599999999999966
286,C84138,Paracet_Tab 500mg,0407010H0AAAMAM,1,-0.005599999999999966
285,C84628,Paracet_Tab 500mg,0407010H0AAAMAM,1,-0.005599999999999966
284,Y00065,Paracet_Tab 500mg,0407010H0AAAMAM,1,-0.005599999999999966
280,C84694,Paracet_Tab 500mg,0407010H0AAAMAM,1,-0.005599999999999966
282,C84092,Paracet_Tab 500mg,0407010H0AAAMAM,1,-0.005599999999999966
281,C84138,Paracet_Tab 500mg,0407010H0AAAMAM,1,-0.005599999999999966
279,Y00065,Paracet_Tab 500mg,0407010H0AAAMAM,1,-0.005599999999999966
278,C84092,Paracet_Tab 500mg,0407010H0AAAMAM,1,-0.005599999999999966
277,C84682,Paracet_Tab 500mg,0407010H0AAAMAM,1,-0.005599999999999966
276,C84151,Paracet_Tab 500mg,0407010H0AAAMAM,1,-0.005599999999999966
275,C84151,Paracet_Tab 500mg,0407010H0AAAMAM,1,-0.005599999999999966
274,C84694,Paracet_Tab 500mg,0407010H0AAAMAM,1,-0.005599999999999966
770,C84682,Pregabalin_Cap 50mg,0408010AEAAABAB,2,-0.00560000000000016
769,C84034,Pregabalin_Cap 50mg,0408010AEAAABAB,2,-0.00560000000000016
717,C84103,Clonazepam_Tab 500mcg,0408010F0AAABAB,2,-0.005600000000002492
811,C84011,Paracet_Tab Solb 500mg,0407010H0AAAQAQ,1,-0.005999999999999339
812,C84693,Paracet_Tab Solb 500mg,0407010H0AAAQAQ,1,-0.005999999999999339
813,C84704,Paracet_Tab Solb 500mg,0407010H0AAAQAQ,1,-0.005999999999999339
814,C84683,Paracet_Tab Solb 500mg,0407010H0AAAQAQ,1,-0.005999999999999339
820,C84129,Paracet_Tab Solb 500mg,0407010H0AAAQAQ,1,-0.005999999999999339
819,C84092,Paracet_Tab Solb 500mg,0407010H0AAAQAQ,1,-0.005999999999999339
818,C84704,Paracet_Tab Solb 500mg,0407010H0AAAQAQ,1,-0.005999999999999339
817,C84116,Paracet_Tab Solb 500mg,0407010H0AAAQAQ,1,-0.005999999999999339
816,C84116,Paracet_Tab Solb 500mg,0407010H0AAAQAQ,1,-0.005999999999999339
821,C84693,Paracet_Tab Solb 500mg,0407010H0AAAQAQ,1,-0.005999999999999339
822,C84129,Paracet_Tab Solb 500mg,0407010H0AAAQAQ,1,-0.005999999999999339
810,Y00065,Paracet_Tab Solb 500mg,0407010H0AAAQAQ,1,-0.005999999999999339
809,C84092,Paracet_Tab Solb 500mg,0407010H0AAAQAQ,1,-0.005999999999999339
808,Y05622,Paracet_Tab Solb 500mg,0407010H0AAAQAQ,1,-0.005999999999999339
807,C84683,Paracet_Tab Solb 500mg,0407010H0AAAQAQ,1,-0.005999999999999339
806,Y05622,Paracet_Tab Solb 500mg,0407010H0AAAQAQ,1,-0.005999999999999339
815,Y00065,Paracet_Tab Solb 500mg,0407010H0AAAQAQ,1,-0.005999999999999339
805,C84011,Paracet_Tab Solb 500mg,0407010H0AAAQAQ,1,-0.005999999999999339
472,C84044,Levothyrox Sod_Tab 25mcg,0602010V0AABWBW,1,-0.006000000000000172
473,C84078,Levothyrox Sod_Tab 25mcg,0602010V0AABWBW,1,-0.006000000000000172
478,C84116,Levothyrox Sod_Tab 25mcg,0602010V0AABWBW,1,-0.006000000000000172
477,C84693,Levothyrox Sod_Tab 25mcg,0602010V0AABWBW,1,-0.006000000000000172
476,C84072,Levothyrox Sod_Tab 25mcg,0602010V0AABWBW,1,-0.006000000000000172
475,C84091,Levothyrox Sod_Tab 25mcg,0602010V0AABWBW,1,-0.006000000000000172
474,C84105,Levothyrox Sod_Tab 25mcg,0602010V0AABWBW,1,-0.006000000000000172
528,C84039,Prednisolone_Tab Solb 5mg,0603020T0AABHBH,1,-0.006399999999999295
479,C84683,Levothyrox Sod_Tab 25mcg,0602010V0AABWBW,2,-0.007199999999999873
530,C84034,Prednisolone_Tab Solb 5mg,0603020T0AABHBH,2,-0.007999999999999119
529,Y00065,Prednisolone_Tab Solb 5mg,0603020T0AABHBH,2,-0.007999999999999119
771,C84063,Pregabalin_Cap 50mg,0408010AEAAABAB,3,-0.00839999999999995
772,C84688,Pregabalin_Cap 50mg,0408010AEAAABAB,3,-0.00840000000000024
892,C84695,Levetiracetam_Tab 1g,0408010A0AAACAC,4,-0.00840000000000063
824,C84664,Paracet_Tab Solb 500mg,0407010H0AAAQAQ,3,-0.008999999999999009
823,C84664,Paracet_Tab Solb 500mg,0407010H0AAAQAQ,3,-0.008999999999999009
532,Y00065,Prednisolone_Tab Solb 5mg,0603020T0AABHBH,4,-0.009599999999998943
531,C84004,Prednisolone_Tab Solb 5mg,0603020T0AABHBH,2,-0.009599999999998943
290,C84081,Paracet_Tab 500mg,0407010H0AAAMAM,2,-0.009599999999999942
291,C84081,Paracet_Tab 500mg,0407010H0AAAMAM,2,-0.009599999999999942
480,C84105,Levothyrox Sod_Tab 25mcg,0602010V0AABWBW,1,-0.009600000000000275
482,C84078,Levothyrox Sod_Tab 25mcg,0602010V0AABWBW,5,-0.0105000000000003
481,C84688,Levothyrox Sod_Tab 25mcg,0602010V0AABWBW,5,-0.0105000000000003
783,C84683,Hydrocort_Tab 10mg,0603020J0AAADAD,1,-0.011199999999998766
785,C84063,Hydrocort_Tab 10mg,0603020J0AAADAD,1,-0.011199999999998766
782,C84060,Hydrocort_Tab 10mg,0603020J0AAADAD,1,-0.011199999999998766
784,C84072,Hydrocort_Tab 10mg,0603020J0AAADAD,1,-0.011199999999998766
299,C84664,Paracet_Tab 500mg,0407010H0AAAMAM,2,-0.011199999999999932
292,C84680,Paracet_Tab 500mg,0407010H0AAAMAM,2,-0.011199999999999932
293,C84136,Paracet_Tab 500mg,0407010H0AAAMAM,2,-0.011199999999999932
294,C84680,Paracet_Tab 500mg,0407010H0AAAMAM,2,-0.011199999999999932
295,C84136,Paracet_Tab 500mg,0407010H0AAAMAM,2,-0.011199999999999932
296,C84044,Paracet_Tab 500mg,0407010H0AAAMAM,2,-0.011199999999999932
297,C84044,Paracet_Tab 500mg,0407010H0AAAMAM,2,-0.011199999999999932
301,C84091,Paracet_Tab 500mg,0407010H0AAAMAM,2,-0.011199999999999932
300,C84091,Paracet_Tab 500mg,0407010H0AAAMAM,2,-0.011199999999999932
298,C84664,Paracet_Tab 500mg,0407010H0AAAMAM,2,-0.011199999999999932
773,C84072,Pregabalin_Cap 50mg,0408010AEAAABAB,4,-0.01120000000000032
774,C84695,Pregabalin_Cap 50mg,0408010AEAAABAB,4,-0.01120000000000032
826,C84043,Paracet_Tab Solb 500mg,0407010H0AAAQAQ,2,-0.011999999999998678
825,C84043,Paracet_Tab Solb 500mg,0407010H0AAAQAQ,2,-0.011999999999998678
483,C84043,Levothyrox Sod_Tab 25mcg,0602010V0AABWBW,2,-0.01360000000000039
786,C84691,Hydrocort_Tab 10mg,0603020J0AAADAD,1,-0.013999999999998458
775,C84043,Pregabalin_Cap 50mg,0408010AEAAABAB,5,-0.014000000000000401
533,C84078,Prednisolone_Tab Solb 5mg,0603020T0AABHBH,3,-0.014399999999998414
304,C84034,Paracet_Tab 500mg,0407010H0AAAMAM,3,-0.0167999999999999
302,C84647,Paracet_Tab 500mg,0407010H0AAAMAM,3,-0.0167999999999999
303,C84647,Paracet_Tab 500mg,0407010H0AAAMAM,3,-0.0167999999999999
305,C84034,Paracet_Tab 500mg,0407010H0AAAMAM,3,-0.0167999999999999
306,C84698,Paracet_Tab 500mg,0407010H0AAAMAM,3,-0.0167999999999999
307,C84698,Paracet_Tab 500mg,0407010H0AAAMAM,3,-0.0167999999999999
895,C84116,Levetiracetam_Tab 1g,0408010A0AAACAC,4,-0.01680000000000126
894,C84004,Levetiracetam_Tab 1g,0408010A0AAACAC,4,-0.01680000000000126
893,C84043,Levetiracetam_Tab 1g,0408010A0AAACAC,4,-0.01680000000000126
484,C84136,Levothyrox Sod_Tab 25mcg,0602010V0AABWBW,5,-0.017999999999999683
787,Y02847,Hydrocort_Tab 10mg,0603020J0AAADAD,1,-0.019999999999997797
308,Y05622,Paracet_Tab 500mg,0407010H0AAAMAM,4,-0.022399999999999864
311,Y02847,Paracet_Tab 500mg,0407010H0AAAMAM,4,-0.022399999999999864
310,Y05622,Paracet_Tab 500mg,0407010H0AAAMAM,4,-0.022399999999999864
309,Y02847,Paracet_Tab 500mg,0407010H0AAAMAM,4,-0.022399999999999864
315,C84039,Paracet_Tab 500mg,0407010H0AAAMAM,5,-0.02799999999999983
314,C84039,Paracet_Tab 500mg,0407010H0AAAMAM,5,-0.02799999999999983
312,C84046,Paracet_Tab 500mg,0407010H0AAAMAM,5,-0.02799999999999983
313,C84046,Paracet_Tab 500mg,0407010H0AAAMAM,5,-0.02799999999999983
317,C84691,Paracet_Tab 500mg,0407010H0AAAMAM,6,-0.0335999999999998
316,C84691,Paracet_Tab 500mg,0407010H0AAAMAM,6,-0.0335999999999998
896,C84078,Levetiracetam_Tab 1g,0408010A0AAACAC,9,-0.03780000000000283
321,C84072,Paracet_Tab 500mg,0407010H0AAAMAM,8,-0.04479999999999973
320,C84672,Paracet_Tab 500mg,0407010H0AAAMAM,8,-0.04479999999999973
319,C84672,Paracet_Tab 500mg,0407010H0AAAMAM,8,-0.04479999999999973
318,C84072,Paracet_Tab 500mg,0407010H0AAAMAM,8,-0.04479999999999973
323,C84043,Paracet_Tab 500mg,0407010H0AAAMAM,9,-0.050399999999999695
322,C84043,Paracet_Tab 500mg,0407010H0AAAMAM,9,-0.050399999999999695
325,C84688,Paracet_Tab 500mg,0407010H0AAAMAM,10,-0.05599999999999966
324,C84688,Paracet_Tab 500mg,0407010H0AAAMAM,10,-0.05599999999999966
327,C84004,Paracet_Tab 500mg,0407010H0AAAMAM,16,-0.08959999999999946
326,C84004,Paracet_Tab 500mg,0407010H0AAAMAM,16,-0.08959999999999946
329,C84081,Paracet_Tab 500mg,0407010H0AAAMAM,20,-0.11199999999999932
328,C84081,Paracet_Tab 500mg,0407010H0AAAMAM,20,-0.11199999999999932
331,C84116,Paracet_Tab 500mg,0407010H0AAAMAM,21,-0.11759999999999929
330,C84116,Paracet_Tab 500mg,0407010H0AAAMAM,21,-0.11759999999999929
332,C84018,Paracet_Tab 500mg,0407010H0AAAMAM,5,-0.12799999999999978
333,C84018,Paracet_Tab 500mg,0407010H0AAAMAM,5,-0.12799999999999978
335,C84105,Paracet_Tab 500mg,0407010H0AAAMAM,25,-0.13999999999999915
334,C84105,Paracet_Tab 500mg,0407010H0AAAMAM,25,-0.13999999999999915
336,Y00065,Paracet_Tab 500mg,0407010H0AAAMAM,2,-0.18599999999999992
337,Y00065,Paracet_Tab 500mg,0407010H0AAAMAM,2,-0.18599999999999992
338,Y02847,Paracet_Tab 500mg,0407010H0AAAMAM,13,-0.21839999999999962
339,Y02847,Paracet_Tab 500mg,0407010H0AAAMAM,13,-0.21839999999999962
340,C84063,Paracet_Tab 500mg,0407010H0AAAMAM,42,-0.23519999999999858
341,C84063,Paracet_Tab 500mg,0407010H0AAAMAM,42,-0.23519999999999858
343,C84683,Paracet_Tab 500mg,0407010H0AAAMAM,49,-0.2743999999999983
342,C84683,Paracet_Tab 500mg,0407010H0AAAMAM,49,-0.2743999999999983
344,C84078,Paracet_Tab 500mg,0407010H0AAAMAM,3,-0.4031999999999999
345,C84078,Paracet_Tab 500mg,0407010H0AAAMAM,3,-0.4031999999999999
346,C84078,Paracet_Tab 500mg,0407010H0AAAMAM,14,-0.4703999999999999
347,C84078,Paracet_Tab 500mg,0407010H0AAAMAM,14,-0.4703999999999999
349,C84619,Paracet_Tab 500mg,0407010H0AAAMAM,48,-0.4799999999999971
348,C84619,Paracet_Tab 500mg,0407010H0AAAMAM,48,-0.4799999999999971
350,C84078,Paracet_Tab 500mg,0407010H0AAAMAM,1,-0.6144
351,C84078,Paracet_Tab 500mg,0407010H0AAAMAM,1,-0.6144
352,C84717,Paracet_Tab 500mg,0407010H0AAAMAM,31,-0.6199999999999962
353,C84717,Paracet_Tab 500mg,0407010H0AAAMAM,31,-0.6199999999999962
354,C84078,Paracet_Tab 500mg,0407010H0AAAMAM,5,-0.6999999999999998
355,C84078,Paracet_Tab 500mg,0407010H0AAAMAM,5,-0.6999999999999998
356,C84034,Paracet_Tab 500mg,0407010H0AAAMAM,18,-1.0079999999999973
357,C84034,Paracet_Tab 500mg,0407010H0AAAMAM,18,-1.0079999999999973
358,C84683,Paracet_Tab 500mg,0407010H0AAAMAM,30,-1.3439999999999919
359,C84683,Paracet_Tab 500mg,0407010H0AAAMAM,30,-1.3439999999999919
361,C84619,Paracet_Tab 500mg,0407010H0AAAMAM,34,-1.3599999999999919
360,C84619,Paracet_Tab 500mg,0407010H0AAAMAM,34,-1.3599999999999919
362,C84039,Paracet_Tab 500mg,0407010H0AAAMAM,31,-1.3887999999999916
363,C84039,Paracet_Tab 500mg,0407010H0AAAMAM,31,-1.3887999999999916
365,C84060,Paracet_Tab 500mg,0407010H0AAAMAM,8,-1.4335999999999998
364,C84060,Paracet_Tab 500mg,0407010H0AAAMAM,8,-1.4335999999999998
366,C84078,Paracet_Tab 500mg,0407010H0AAAMAM,2,-1.92
367,C84078,Paracet_Tab 500mg,0407010H0AAAMAM,2,-1.92
368,C84078,Paracet_Tab 500mg,0407010H0AAAMAM,12,-2.016
369,C84078,Paracet_Tab 500mg,0407010H0AAAMAM,12,-2.016
370,C84683,Paracet_Tab 500mg,0407010H0AAAMAM,111,-2.2199999999999864
371,C84683,Paracet_Tab 500mg,0407010H0AAAMAM,111,-2.2199999999999864
373,Y05622,Paracet_Tab 500mg,0407010H0AAAMAM,12,-2.6399999999999966
372,Y05622,Paracet_Tab 500mg,0407010H0AAAMAM,12,-2.6399999999999966
375,Y05622,Paracet_Tab 500mg,0407010H0AAAMAM,44,-3.0799999999999965
374,Y05622,Paracet_Tab 500mg,0407010H0AAAMAM,44,-3.0799999999999965
376,C84046,Paracet_Tab 500mg,0407010H0AAAMAM,47,-3.7599999999999936
377,C84046,Paracet_Tab 500mg,0407010H0AAAMAM,47,-3.7599999999999936
379,C84078,Paracet_Tab 500mg,0407010H0AAAMAM,36,-3.830399999999998
378,C84078,Paracet_Tab 500mg,0407010H0AAAMAM,36,-3.830399999999998
380,C84078,Paracet_Tab 500mg,0407010H0AAAMAM,41,-4.591999999999988
381,C84078,Paracet_Tab 500mg,0407010H0AAAMAM,41,-4.591999999999988
788,C84034,Hydrocort_Tab 10mg,0603020J0AAADAD,2,-7.078400000000004
382,C84078,Paracet_Tab 500mg,0407010H0AAAMAM,71,-11.35999999999998
383,C84078,Paracet_Tab 500mg,0407010H0AAAMAM,71,-11.35999999999998
384,C84078,Paracet_Tab 500mg,0407010H0AAAMAM,165,-11.549999999999986
385,C84078,Paracet_Tab 500mg,0407010H0AAAMAM,165,-11.549999999999986
