,practice_code,bnf_description,bnf_code,items,excess_cost
64,G82035,Risperidone_Tab 6mg,040201030AAAFAF,1,58.4192
66,G82686,Mesalazine_Tab E/C 800mg,0105010B0AAASAS,8,45.91999999999999
67,G82686,Mesalazine_Tab E/C 800mg,0105010B0AAASAS,1,34.43999999999999
65,G82682,Risperidone_Tab 6mg,040201030AAAFAF,1,29.2096
69,G82035,Mesalazine_Tab E/C 800mg,0105010B0AAASAS,1,17.219999999999995
68,G82693,Mesalazine_Tab E/C 800mg,0105010B0AAASAS,1,17.219999999999995
194,G82686,Valsartan_Tab 40mg,0205052V0AAADAD,2,15.344000000000001
70,G82686,Mesalazine_Tab E/C 800mg,0105010B0AAASAS,1,11.479999999999997
108,G82175,Paracet_Tab 500mg,0407010H0AAAMAM,15,5.1000000000000005
109,G82175,Paracet_Tab 500mg,0407010H0AAAMAM,15,5.1000000000000005
0,G82057,Clonazepam_Tab 500mcg,0408010F0AAABAB,4,5.06239999999999
72,G82686,Topiramate_Tab 200mg,040801050AAACAC,2,4.979999999999998
73,G82231,Topiramate_Tab 200mg,040801050AAACAC,1,4.647999999999998
1,G82687,Clonazepam_Tab 500mcg,0408010F0AAABAB,4,3.796799999999992
2,G82686,Clonazepam_Tab 500mcg,0408010F0AAABAB,6,3.796799999999992
195,G82035,Methocarbamol_Tab 750mg,1002020S0AAABAB,4,3.4399999999999986
3,G82634,Clonazepam_Tab 500mcg,0408010F0AAABAB,10,3.1639999999999935
4,G82634,Clonazepam_Tab 500mcg,0408010F0AAABAB,5,3.1639999999999935
82,G82057,Amiodarone HCl_Tab 200mg,0203020D0AAABAB,9,3.150000000000003
110,G82175,Paracet_Tab 500mg,0407010H0AAAMAM,4,2.9600000000000017
111,G82175,Paracet_Tab 500mg,0407010H0AAAMAM,4,2.9600000000000017
180,G82686,Pyridox HCl_Tab 50mg,0906024N0AAAIAI,2,2.8728000000000007
181,G82023,Pyridox HCl_Tab 50mg,0906024N0AAAIAI,2,2.8728000000000007
5,G82035,Clonazepam_Tab 500mcg,0408010F0AAABAB,4,2.7119999999999944
205,G82693,Topiramate_Cap 50mg,040801050AAAWAW,1,2.567999999999997
204,G82057,Topiramate_Cap 50mg,040801050AAAWAW,1,2.567999999999997
9,Y02506,Clonazepam_Tab 500mcg,0408010F0AAABAB,4,2.531199999999995
8,G82686,Clonazepam_Tab 500mcg,0408010F0AAABAB,8,2.531199999999995
7,G82026,Clonazepam_Tab 500mcg,0408010F0AAABAB,2,2.531199999999995
6,G82693,Clonazepam_Tab 500mcg,0408010F0AAABAB,2,2.531199999999995
10,G82693,Clonazepam_Tab 500mcg,0408010F0AAABAB,8,2.531199999999995
78,Y02506,Topiramate_Tab 200mg,040801050AAACAC,1,2.489999999999999
80,G82035,Topiramate_Tab 200mg,040801050AAACAC,1,2.489999999999999
79,G82799,Topiramate_Tab 200mg,040801050AAACAC,1,2.489999999999999
77,G82791,Topiramate_Tab 200mg,040801050AAACAC,1,2.489999999999999
76,G82693,Topiramate_Tab 200mg,040801050AAACAC,1,2.489999999999999
75,G82231,Topiramate_Tab 200mg,040801050AAACAC,1,2.489999999999999
74,G82702,Topiramate_Tab 200mg,040801050AAACAC,1,2.489999999999999
11,G82057,Clonazepam_Tab 500mcg,0408010F0AAABAB,2,2.2599999999999953
13,G82057,Clonazepam_Tab 500mcg,0408010F0AAABAB,1,2.2599999999999953
12,G82035,Clonazepam_Tab 500mcg,0408010F0AAABAB,1,2.2599999999999953
14,G82757,Clonazepam_Tab 500mcg,0408010F0AAABAB,7,2.2147999999999954
83,G82231,Amiodarone HCl_Tab 200mg,0203020D0AAABAB,6,2.100000000000002
23,G82686,Clonazepam_Tab 500mcg,0408010F0AAABAB,2,1.898399999999996
15,G82791,Clonazepam_Tab 500mcg,0408010F0AAABAB,3,1.898399999999996
16,G82634,Clonazepam_Tab 500mcg,0408010F0AAABAB,1,1.898399999999996
17,G82693,Clonazepam_Tab 500mcg,0408010F0AAABAB,3,1.898399999999996
18,G82799,Clonazepam_Tab 500mcg,0408010F0AAABAB,3,1.898399999999996
19,G82687,Clonazepam_Tab 500mcg,0408010F0AAABAB,1,1.898399999999996
20,G82035,Clonazepam_Tab 500mcg,0408010F0AAABAB,3,1.898399999999996
22,Y02506,Clonazepam_Tab 500mcg,0408010F0AAABAB,2,1.898399999999996
21,G82791,Clonazepam_Tab 500mcg,0408010F0AAABAB,6,1.898399999999996
24,G82023,Clonazepam_Tab 500mcg,0408010F0AAABAB,5,1.5819999999999967
183,G82035,Pyridox HCl_Tab 50mg,0906024N0AAAIAI,1,1.4364000000000003
182,G82231,Pyridox HCl_Tab 50mg,0906024N0AAAIAI,1,1.4364000000000003
25,G82634,Clonazepam_Tab 500mcg,0408010F0AAABAB,9,1.423799999999997
84,G82634,Amiodarone HCl_Tab 200mg,0203020D0AAABAB,2,1.4000000000000012
85,G82799,Amiodarone HCl_Tab 200mg,0203020D0AAABAB,2,1.4000000000000012
86,G82035,Amiodarone HCl_Tab 200mg,0203020D0AAABAB,2,1.4000000000000012
88,G82671,Amiodarone HCl_Tab 200mg,0203020D0AAABAB,2,1.4000000000000012
87,G82693,Amiodarone HCl_Tab 200mg,0203020D0AAABAB,2,1.4000000000000012
27,G82035,Clonazepam_Tab 500mcg,0408010F0AAABAB,1,1.3559999999999972
26,Y02506,Clonazepam_Tab 500mcg,0408010F0AAABAB,2,1.3559999999999972
196,G82035,Methocarbamol_Tab 750mg,1002020S0AAABAB,1,1.2899999999999996
197,G82231,Methocarbamol_Tab 750mg,1002020S0AAABAB,3,1.2899999999999996
207,G82057,Topiramate_Cap 50mg,040801050AAAWAW,1,1.2839999999999985
206,G82231,Topiramate_Cap 50mg,040801050AAAWAW,1,1.2839999999999985
28,G82057,Clonazepam_Tab 500mcg,0408010F0AAABAB,2,1.2655999999999974
30,G82698,Clonazepam_Tab 500mcg,0408010F0AAABAB,1,1.2655999999999974
31,G82035,Clonazepam_Tab 500mcg,0408010F0AAABAB,4,1.2655999999999974
32,G82634,Clonazepam_Tab 500mcg,0408010F0AAABAB,1,1.2655999999999974
29,Y02506,Clonazepam_Tab 500mcg,0408010F0AAABAB,1,1.2655999999999974
208,G82231,Topiramate_Cap 50mg,040801050AAAWAW,1,1.1983999999999986
81,Y02506,Topiramate_Tab 200mg,040801050AAACAC,1,1.1647999999999992
33,G82023,Clonazepam_Tab 500mcg,0408010F0AAABAB,7,1.1073999999999977
91,G82693,Amiodarone HCl_Tab 200mg,0203020D0AAABAB,3,1.050000000000001
90,G82035,Amiodarone HCl_Tab 200mg,0203020D0AAABAB,3,1.050000000000001
89,G82686,Amiodarone HCl_Tab 200mg,0203020D0AAABAB,3,1.050000000000001
34,G82799,Clonazepam_Tab 500mcg,0408010F0AAABAB,1,1.016999999999998
35,G82023,Clonazepam_Tab 500mcg,0408010F0AAABAB,3,1.016999999999998
184,G82687,Pyridox HCl_Tab 50mg,0906024N0AAAIAI,1,0.9576000000000002
185,G82035,Pyridox HCl_Tab 50mg,0906024N0AAAIAI,1,0.9576000000000002
186,G82634,Pyridox HCl_Tab 50mg,0906024N0AAAIAI,1,0.9576000000000002
187,G82231,Pyridox HCl_Tab 50mg,0906024N0AAAIAI,2,0.9576000000000002
188,G82686,Pyridox HCl_Tab 50mg,0906024N0AAAIAI,2,0.9576000000000002
38,G82693,Clonazepam_Tab 500mcg,0408010F0AAABAB,1,0.949199999999998
36,G82057,Clonazepam_Tab 500mcg,0408010F0AAABAB,3,0.949199999999998
37,G82057,Clonazepam_Tab 500mcg,0408010F0AAABAB,1,0.949199999999998
198,G82693,Methocarbamol_Tab 750mg,1002020S0AAABAB,1,0.7223999999999997
199,G82757,Methocarbamol_Tab 750mg,1002020S0AAABAB,1,0.7223999999999997
95,G82175,Amiodarone HCl_Tab 200mg,0203020D0AAABAB,1,0.7000000000000006
93,G82023,Amiodarone HCl_Tab 200mg,0203020D0AAABAB,1,0.7000000000000006
94,G82682,Amiodarone HCl_Tab 200mg,0203020D0AAABAB,2,0.7000000000000006
96,G82231,Amiodarone HCl_Tab 200mg,0203020D0AAABAB,1,0.7000000000000006
92,G82026,Amiodarone HCl_Tab 200mg,0203020D0AAABAB,1,0.7000000000000006
39,G82634,Clonazepam_Tab 500mcg,0408010F0AAABAB,1,0.6779999999999986
41,G82057,Clonazepam_Tab 500mcg,0408010F0AAABAB,1,0.6779999999999986
40,G82026,Clonazepam_Tab 500mcg,0408010F0AAABAB,1,0.6779999999999986
42,G82702,Clonazepam_Tab 500mcg,0408010F0AAABAB,1,0.6327999999999987
45,G82682,Clonazepam_Tab 500mcg,0408010F0AAABAB,1,0.6327999999999987
46,G82682,Clonazepam_Tab 500mcg,0408010F0AAABAB,2,0.6327999999999987
47,G82023,Clonazepam_Tab 500mcg,0408010F0AAABAB,1,0.6327999999999987
43,G82698,Clonazepam_Tab 500mcg,0408010F0AAABAB,1,0.6327999999999987
44,G82799,Clonazepam_Tab 500mcg,0408010F0AAABAB,2,0.6327999999999987
48,G82693,Clonazepam_Tab 500mcg,0408010F0AAABAB,2,0.5599999999999994
98,G82791,Amiodarone HCl_Tab 200mg,0203020D0AAABAB,2,0.5292
97,G82791,Amiodarone HCl_Tab 200mg,0203020D0AAABAB,1,0.5292
190,G82757,Pyridox HCl_Tab 50mg,0906024N0AAAIAI,1,0.4788000000000001
193,G82791,Pyridox HCl_Tab 50mg,0906024N0AAAIAI,4,0.4788000000000001
192,G82634,Pyridox HCl_Tab 50mg,0906024N0AAAIAI,1,0.4788000000000001
189,G82698,Pyridox HCl_Tab 50mg,0906024N0AAAIAI,1,0.4788000000000001
191,G82791,Pyridox HCl_Tab 50mg,0906024N0AAAIAI,1,0.4788000000000001
51,G82026,Clonazepam_Tab 500mcg,0408010F0AAABAB,1,0.474599999999999
49,G82791,Clonazepam_Tab 500mcg,0408010F0AAABAB,3,0.474599999999999
50,G82799,Clonazepam_Tab 500mcg,0408010F0AAABAB,1,0.474599999999999
52,G82757,Clonazepam_Tab 500mcg,0408010F0AAABAB,1,0.45199999999999907
200,G82791,Methocarbamol_Tab 750mg,1002020S0AAABAB,1,0.4299999999999998
201,G82634,Methocarbamol_Tab 750mg,1002020S0AAABAB,1,0.4299999999999998
202,G82057,Methocarbamol_Tab 750mg,1002020S0AAABAB,1,0.4299999999999998
104,G82702,Amiodarone HCl_Tab 200mg,0203020D0AAABAB,1,0.3500000000000003
99,G82757,Amiodarone HCl_Tab 200mg,0203020D0AAABAB,1,0.3500000000000003
100,G82698,Amiodarone HCl_Tab 200mg,0203020D0AAABAB,1,0.3500000000000003
106,G82791,Amiodarone HCl_Tab 200mg,0203020D0AAABAB,1,0.3500000000000003
105,G82634,Amiodarone HCl_Tab 200mg,0203020D0AAABAB,1,0.3500000000000003
103,G82799,Amiodarone HCl_Tab 200mg,0203020D0AAABAB,1,0.3500000000000003
102,Y02506,Amiodarone HCl_Tab 200mg,0203020D0AAABAB,1,0.3500000000000003
101,G82026,Amiodarone HCl_Tab 200mg,0203020D0AAABAB,1,0.3500000000000003
53,G82634,Clonazepam_Tab 500mcg,0408010F0AAABAB,1,0.3389999999999993
107,G82634,Amiodarone HCl_Tab 200mg,0203020D0AAABAB,4,0.3388
56,G82693,Clonazepam_Tab 500mcg,0408010F0AAABAB,2,0.31639999999999935
55,Y02506,Clonazepam_Tab 500mcg,0408010F0AAABAB,4,0.31639999999999935
54,G82702,Clonazepam_Tab 500mcg,0408010F0AAABAB,1,0.31639999999999935
57,G82671,Clonazepam_Tab 500mcg,0408010F0AAABAB,1,0.31639999999999935
58,G82687,Clonazepam_Tab 500mcg,0408010F0AAABAB,1,0.31639999999999935
59,G82231,Clonazepam_Tab 500mcg,0408010F0AAABAB,1,0.31639999999999935
60,G82057,Clonazepam_Tab 500mcg,0408010F0AAABAB,4,0.31639999999999935
61,G82686,Clonazepam_Tab 500mcg,0408010F0AAABAB,3,0.2372999999999995
62,G82035,Clonazepam_Tab 500mcg,0408010F0AAABAB,1,0.22199999999999998
203,G82231,Methocarbamol_Tab 750mg,1002020S0AAABAB,2,0.18480000000000063
63,G82791,Clonazepam_Tab 500mcg,0408010F0AAABAB,1,0.04239999999999999
113,G82023,Paracet_Tab 500mg,0407010H0AAAMAM,7,0.041999999999999746
112,G82023,Paracet_Tab 500mg,0407010H0AAAMAM,7,0.041999999999999746
115,G82799,Paracet_Tab 500mg,0407010H0AAAMAM,9,0.03779999999999977
114,G82799,Paracet_Tab 500mg,0407010H0AAAMAM,9,0.03779999999999977
119,G82791,Paracet_Tab 500mg,0407010H0AAAMAM,12,0.0335999999999998
116,G82791,Paracet_Tab 500mg,0407010H0AAAMAM,12,0.0335999999999998
117,G82634,Paracet_Tab 500mg,0407010H0AAAMAM,6,0.0335999999999998
118,G82634,Paracet_Tab 500mg,0407010H0AAAMAM,6,0.0335999999999998
121,G82702,Paracet_Tab 500mg,0407010H0AAAMAM,5,0.02999999999999982
120,G82702,Paracet_Tab 500mg,0407010H0AAAMAM,5,0.02999999999999982
122,G82634,Paracet_Tab 500mg,0407010H0AAAMAM,4,0.023999999999999855
123,G82634,Paracet_Tab 500mg,0407010H0AAAMAM,4,0.023999999999999855
124,G82686,Paracet_Tab 500mg,0407010H0AAAMAM,3,0.01799999999999989
125,G82057,Paracet_Tab 500mg,0407010H0AAAMAM,3,0.01799999999999989
126,G82057,Paracet_Tab 500mg,0407010H0AAAMAM,3,0.01799999999999989
127,G82686,Paracet_Tab 500mg,0407010H0AAAMAM,3,0.01799999999999989
129,G82231,Paracet_Tab 500mg,0407010H0AAAMAM,3,0.012599999999999924
128,G82682,Paracet_Tab 500mg,0407010H0AAAMAM,3,0.012599999999999924
131,G82231,Paracet_Tab 500mg,0407010H0AAAMAM,3,0.012599999999999924
130,G82682,Paracet_Tab 500mg,0407010H0AAAMAM,3,0.012599999999999924
138,G82682,Paracet_Tab 500mg,0407010H0AAAMAM,2,0.011999999999999927
137,G82698,Paracet_Tab 500mg,0407010H0AAAMAM,2,0.011999999999999927
139,G82057,Paracet_Tab 500mg,0407010H0AAAMAM,1,0.011999999999999927
133,G82791,Paracet_Tab 500mg,0407010H0AAAMAM,2,0.011999999999999927
134,G82057,Paracet_Tab 500mg,0407010H0AAAMAM,1,0.011999999999999927
135,G82698,Paracet_Tab 500mg,0407010H0AAAMAM,2,0.011999999999999927
136,G82682,Paracet_Tab 500mg,0407010H0AAAMAM,2,0.011999999999999927
132,G82791,Paracet_Tab 500mg,0407010H0AAAMAM,2,0.011999999999999927
141,G82057,Paracet_Tab 500mg,0407010H0AAAMAM,3,0.008999999999999946
140,G82057,Paracet_Tab 500mg,0407010H0AAAMAM,3,0.008999999999999946
142,G82687,Paracet_Tab 500mg,0407010H0AAAMAM,3,0.00839999999999995
143,G82687,Paracet_Tab 500mg,0407010H0AAAMAM,3,0.00839999999999995
144,Y03640,Paracet_Tab 500mg,0407010H0AAAMAM,1,0.005999999999999964
145,G82799,Paracet_Tab 500mg,0407010H0AAAMAM,1,0.005999999999999964
146,G82799,Paracet_Tab 500mg,0407010H0AAAMAM,1,0.005999999999999964
147,Y03640,Paracet_Tab 500mg,0407010H0AAAMAM,1,0.005999999999999964
153,G82791,Paracet_Tab 500mg,0407010H0AAAMAM,1,0.002999999999999982
154,G82035,Paracet_Tab 500mg,0407010H0AAAMAM,1,0.002999999999999982
155,G82687,Paracet_Tab 500mg,0407010H0AAAMAM,1,0.002999999999999982
152,G82231,Paracet_Tab 500mg,0407010H0AAAMAM,1,0.002999999999999982
148,G82791,Paracet_Tab 500mg,0407010H0AAAMAM,1,0.002999999999999982
150,G82687,Paracet_Tab 500mg,0407010H0AAAMAM,1,0.002999999999999982
149,G82035,Paracet_Tab 500mg,0407010H0AAAMAM,1,0.002999999999999982
151,G82231,Paracet_Tab 500mg,0407010H0AAAMAM,1,0.002999999999999982
156,G82757,Paracet_Tab 500mg,0407010H0AAAMAM,1,0.002799999999999983
157,G82757,Paracet_Tab 500mg,0407010H0AAAMAM,1,0.002799999999999983
158,G82035,Paracet_Tab 500mg,0407010H0AAAMAM,1,-0.001999999999999988
159,G82035,Paracet_Tab 500mg,0407010H0AAAMAM,1,-0.001999999999999988
160,G82023,Paracet_Tab 500mg,0407010H0AAAMAM,1,-0.003999999999999976
161,G82023,Paracet_Tab 500mg,0407010H0AAAMAM,1,-0.003999999999999976
162,G82682,Paracet_Tab 500mg,0407010H0AAAMAM,1,-0.005599999999999966
163,G82682,Paracet_Tab 500mg,0407010H0AAAMAM,1,-0.005599999999999966
164,G82023,Paracet_Tab 500mg,0407010H0AAAMAM,1,-0.005599999999999966
165,G82023,Paracet_Tab 500mg,0407010H0AAAMAM,1,-0.005599999999999966
167,G82693,Paracet_Tab 500mg,0407010H0AAAMAM,1,-0.005599999999999966
166,G82693,Paracet_Tab 500mg,0407010H0AAAMAM,1,-0.005599999999999966
169,G82702,Paracet_Tab 500mg,0407010H0AAAMAM,2,-0.011199999999999932
168,G82702,Paracet_Tab 500mg,0407010H0AAAMAM,2,-0.011199999999999932
170,G82231,Paracet_Tab 500mg,0407010H0AAAMAM,4,-0.022399999999999864
171,G82231,Paracet_Tab 500mg,0407010H0AAAMAM,4,-0.022399999999999864
173,G82026,Paracet_Tab 500mg,0407010H0AAAMAM,6,-0.0335999999999998
172,G82026,Paracet_Tab 500mg,0407010H0AAAMAM,6,-0.0335999999999998
175,G82791,Paracet_Tab 500mg,0407010H0AAAMAM,12,-0.0671999999999996
174,G82791,Paracet_Tab 500mg,0407010H0AAAMAM,12,-0.0671999999999996
177,G82799,Paracet_Tab 500mg,0407010H0AAAMAM,14,-0.07839999999999953
176,G82799,Paracet_Tab 500mg,0407010H0AAAMAM,14,-0.07839999999999953
179,G82686,Paracet_Tab 500mg,0407010H0AAAMAM,20,-0.11199999999999932
178,G82686,Paracet_Tab 500mg,0407010H0AAAMAM,20,-0.11199999999999932
71,G82231,Mesalazine_Tab E/C 800mg,0105010B0AAASAS,1,-73.79999999999998
