,practice_code,bnf_description,bnf_code,items,excess_cost
0,C86011,Atorvastatin_Tab 20mg,0212000B0AAABAB,571,383.712
1,C86016,Atorvastatin_Tab 20mg,0212000B0AAABAB,339,383.4768
2,Y05167,Atorvastatin_Tab 20mg,0212000B0AAABAB,222,315.77279999999996
336,C86037,Pregabalin_Cap 150mg,0408010AEAAAEAE,21,229.4376
440,C86609,Prednisolone_Tab Solb 5mg,0603020T0AABHBH,1,215.81999999999996
427,C86021,Nefopam HCl_Tab 30mg,0407010P0AAABAB,4,203.28
325,C86007,Memantine HCl_Tab 20mg,0411000G0AAADAD,10,191.688
512,Y05167,Tadalafil_Tab 10mg,0704050R0AAAAAA,1,186.33999999999997
326,C86037,Memantine HCl_Tab 20mg,0411000G0AAADAD,5,127.79199999999999
388,C86011,Atorvastatin_Tab 10mg,0212000B0AAAAAA,168,104.42880000000002
389,C86007,Atorvastatin_Tab 10mg,0212000B0AAAAAA,300,92.40000000000002
3,C86007,Atorvastatin_Tab 20mg,0212000B0AAABAB,451,90.92160000000007
4,C86013,Atorvastatin_Tab 20mg,0212000B0AAABAB,226,90.49040000000001
5,C86017,Atorvastatin_Tab 20mg,0212000B0AAABAB,370,68.37600000000002
514,Y05167,Atorvastatin_Tab 40mg,0212000B0AAACAC,80,66.752
327,C86605,Memantine HCl_Tab 20mg,0411000G0AAADAD,1,63.89880000000001
528,C86037,Betahistine HCl_Tab 16mg,0406000B0AAABAB,13,62.35320000000001
337,C86037,Pregabalin_Cap 150mg,0408010AEAAAEAE,9,58.1868
328,C86009,Memantine HCl_Tab 20mg,0411000G0AAADAD,4,56.9968
338,C86029,Pregabalin_Cap 150mg,0408010AEAAAEAE,21,56.5656
428,C86007,Nefopam HCl_Tab 30mg,0407010P0AAABAB,26,54.52199999999997
390,Y05167,Atorvastatin_Tab 10mg,0212000B0AAAAAA,57,47.879999999999995
6,C86021,Atorvastatin_Tab 20mg,0212000B0AAABAB,302,45.66240000000002
7,C86011,Atorvastatin_Tab 20mg,0212000B0AAABAB,65,45.500000000000014
27,C86011,Paracet_Tab 500mg,0407010H0AAAMAM,53,45.11360000000001
28,C86011,Paracet_Tab 500mg,0407010H0AAAMAM,53,45.11360000000001
8,C86013,Atorvastatin_Tab 20mg,0212000B0AAABAB,3,45.0576
515,C86011,Atorvastatin_Tab 40mg,0212000B0AAACAC,148,44.755200000000016
516,C86009,Atorvastatin_Tab 40mg,0212000B0AAACAC,185,44.548000000000016
29,C86011,Paracet_Tab 500mg,0407010H0AAAMAM,187,39.270000000000024
30,C86011,Paracet_Tab 500mg,0407010H0AAAMAM,187,39.270000000000024
31,C86614,Paracet_Tab 500mg,0407010H0AAAMAM,53,29.680000000000003
32,C86614,Paracet_Tab 500mg,0407010H0AAAMAM,53,29.680000000000003
529,C86012,Betahistine HCl_Tab 16mg,0406000B0AAABAB,7,26.812799999999996
391,C86011,Atorvastatin_Tab 10mg,0212000B0AAAAAA,33,23.2848
9,C86001,Atorvastatin_Tab 20mg,0212000B0AAABAB,748,23.038400000000077
10,C86606,Atorvastatin_Tab 20mg,0212000B0AAABAB,235,23.03000000000002
11,C86009,Atorvastatin_Tab 20mg,0212000B0AAABAB,389,22.87320000000005
517,C86611,Atorvastatin_Tab 40mg,0212000B0AAACAC,102,22.276800000000005
33,C86003,Paracet_Tab 500mg,0407010H0AAAMAM,124,18.600000000000016
34,C86003,Paracet_Tab 500mg,0407010H0AAAMAM,124,18.600000000000016
530,C86609,Betahistine HCl_Tab 16mg,0406000B0AAABAB,13,17.7996
531,C86609,Betahistine HCl_Tab 16mg,0406000B0AAABAB,2,17.7744
35,C86011,Paracet_Tab 500mg,0407010H0AAAMAM,26,16.889599999999998
36,C86011,Paracet_Tab 500mg,0407010H0AAAMAM,26,16.889599999999998
38,C86009,Paracet_Tab 500mg,0407010H0AAAMAM,115,14.949999999999989
37,C86009,Paracet_Tab 500mg,0407010H0AAAMAM,115,14.949999999999989
39,C86029,Paracet_Tab 500mg,0407010H0AAAMAM,150,13.500000000000023
40,C86029,Paracet_Tab 500mg,0407010H0AAAMAM,150,13.500000000000023
41,C86614,Paracet_Tab 500mg,0407010H0AAAMAM,56,12.544000000000011
42,C86614,Paracet_Tab 500mg,0407010H0AAAMAM,56,12.544000000000011
532,C86007,Betahistine HCl_Tab 16mg,0406000B0AAABAB,2,11.950400000000002
43,C86029,Paracet_Tab 500mg,0407010H0AAAMAM,65,11.700000000000019
44,C86029,Paracet_Tab 500mg,0407010H0AAAMAM,65,11.700000000000019
392,C86606,Atorvastatin_Tab 10mg,0212000B0AAAAAA,14,11.642400000000002
393,C86013,Atorvastatin_Tab 10mg,0212000B0AAAAAA,296,11.603200000000015
394,C86623,Atorvastatin_Tab 10mg,0212000B0AAAAAA,26,11.575200000000002
395,C86021,Atorvastatin_Tab 10mg,0212000B0AAAAAA,147,11.5248
46,C86037,Paracet_Tab 500mg,0407010H0AAAMAM,64,11.46880000000003
45,C86037,Paracet_Tab 500mg,0407010H0AAAMAM,64,11.46880000000003
48,C86625,Paracet_Tab 500mg,0407010H0AAAMAM,9,11.289600000000002
47,C86625,Paracet_Tab 500mg,0407010H0AAAMAM,9,11.289600000000002
49,C86021,Paracet_Tab 500mg,0407010H0AAAMAM,125,11.25000000000002
50,C86021,Paracet_Tab 500mg,0407010H0AAAMAM,125,11.25000000000002
52,C86003,Paracet_Tab 500mg,0407010H0AAAMAM,61,10.931200000000029
51,C86003,Paracet_Tab 500mg,0407010H0AAAMAM,61,10.931200000000029
54,C86007,Paracet_Tab 500mg,0407010H0AAAMAM,136,10.88000000000003
53,C86007,Paracet_Tab 500mg,0407010H0AAAMAM,136,10.88000000000003
55,C86011,Paracet_Tab 500mg,0407010H0AAAMAM,27,10.260000000000012
56,C86011,Paracet_Tab 500mg,0407010H0AAAMAM,27,10.260000000000012
58,C86625,Paracet_Tab 500mg,0407010H0AAAMAM,19,10.069999999999999
57,C86625,Paracet_Tab 500mg,0407010H0AAAMAM,19,10.069999999999999
60,C86025,Paracet_Tab 500mg,0407010H0AAAMAM,76,9.879999999999994
59,C86025,Paracet_Tab 500mg,0407010H0AAAMAM,76,9.879999999999994
62,C86017,Paracet_Tab 500mg,0407010H0AAAMAM,123,9.840000000000027
61,C86017,Paracet_Tab 500mg,0407010H0AAAMAM,123,9.840000000000027
63,C86614,Paracet_Tab 500mg,0407010H0AAAMAM,163,9.779999999999998
64,C86614,Paracet_Tab 500mg,0407010H0AAAMAM,163,9.779999999999998
66,C86623,Paracet_Tab 500mg,0407010H0AAAMAM,3,9.6768
65,C86623,Paracet_Tab 500mg,0407010H0AAAMAM,3,9.6768
533,C86007,Betahistine HCl_Tab 16mg,0406000B0AAABAB,9,8.996400000000001
534,C86001,Betahistine HCl_Tab 16mg,0406000B0AAABAB,3,8.895600000000002
535,C86616,Betahistine HCl_Tab 16mg,0406000B0AAABAB,1,8.8956
68,C86611,Paracet_Tab 500mg,0407010H0AAAMAM,34,8.839999999999995
67,C86611,Paracet_Tab 500mg,0407010H0AAAMAM,34,8.839999999999995
69,C86025,Paracet_Tab 500mg,0407010H0AAAMAM,5,7.575000000000001
70,C86025,Paracet_Tab 500mg,0407010H0AAAMAM,5,7.575000000000001
71,C86013,Paracet_Tab 500mg,0407010H0AAAMAM,8,7.5600000000000005
72,C86013,Paracet_Tab 500mg,0407010H0AAAMAM,8,7.5600000000000005
536,C86012,Betahistine HCl_Tab 16mg,0406000B0AAABAB,2,5.924799999999999
73,C86037,Paracet_Tab 500mg,0407010H0AAAMAM,140,5.600000000000015
74,C86037,Paracet_Tab 500mg,0407010H0AAAMAM,140,5.600000000000015
75,C86623,Paracet_Tab 500mg,0407010H0AAAMAM,46,5.060000000000001
76,C86623,Paracet_Tab 500mg,0407010H0AAAMAM,46,5.060000000000001
77,C86011,Paracet_Tab 500mg,0407010H0AAAMAM,4,5.040000000000001
78,C86011,Paracet_Tab 500mg,0407010H0AAAMAM,4,5.040000000000001
80,C86611,Paracet_Tab 500mg,0407010H0AAAMAM,2,5.04
79,C86611,Paracet_Tab 500mg,0407010H0AAAMAM,2,5.04
81,C86001,Paracet_Tab 500mg,0407010H0AAAMAM,238,4.759999999999971
82,C86001,Paracet_Tab 500mg,0407010H0AAAMAM,238,4.759999999999971
83,C86021,Paracet_Tab 500mg,0407010H0AAAMAM,52,4.659200000000013
84,C86021,Paracet_Tab 500mg,0407010H0AAAMAM,52,4.659200000000013
86,C86013,Paracet_Tab 500mg,0407010H0AAAMAM,184,3.6800000000000415
85,C86013,Paracet_Tab 500mg,0407010H0AAAMAM,184,3.6800000000000415
87,C86611,Paracet_Tab 500mg,0407010H0AAAMAM,66,3.300000000000003
88,C86611,Paracet_Tab 500mg,0407010H0AAAMAM,66,3.300000000000003
89,C86011,Paracet_Tab 500mg,0407010H0AAAMAM,60,3.2400000000000055
90,C86011,Paracet_Tab 500mg,0407010H0AAAMAM,60,3.2400000000000055
92,C86016,Paracet_Tab 500mg,0407010H0AAAMAM,93,1.8599999999999888
91,C86016,Paracet_Tab 500mg,0407010H0AAAMAM,93,1.8599999999999888
94,C86016,Paracet_Tab 500mg,0407010H0AAAMAM,152,1.5199999999999907
93,C86016,Paracet_Tab 500mg,0407010H0AAAMAM,152,1.5199999999999907
96,C86021,Paracet_Tab 500mg,0407010H0AAAMAM,8,1.4784000000000004
95,C86021,Paracet_Tab 500mg,0407010H0AAAMAM,8,1.4784000000000004
12,C86029,Atorvastatin_Tab 20mg,0212000B0AAABAB,105,1.1760000000000337
518,C86001,Atorvastatin_Tab 40mg,0212000B0AAACAC,323,0.9044000000000258
519,C86013,Atorvastatin_Tab 40mg,0212000B0AAACAC,151,0.4228000000000121
98,C86037,Paracet_Tab 500mg,0407010H0AAAMAM,55,0.329999999999998
97,C86037,Paracet_Tab 500mg,0407010H0AAAMAM,55,0.329999999999998
99,C86001,Paracet_Tab 500mg,0407010H0AAAMAM,54,0.32399999999999807
100,C86001,Paracet_Tab 500mg,0407010H0AAAMAM,54,0.32399999999999807
102,C86007,Paracet_Tab 500mg,0407010H0AAAMAM,34,0.20399999999999877
101,C86007,Paracet_Tab 500mg,0407010H0AAAMAM,34,0.20399999999999877
104,C86013,Paracet_Tab 500mg,0407010H0AAAMAM,31,0.1859999999999989
103,C86013,Paracet_Tab 500mg,0407010H0AAAMAM,31,0.1859999999999989
105,C86024,Paracet_Tab 500mg,0407010H0AAAMAM,30,0.1799999999999989
106,C86024,Paracet_Tab 500mg,0407010H0AAAMAM,30,0.1799999999999989
108,C86614,Paracet_Tab 500mg,0407010H0AAAMAM,29,0.17399999999999893
107,C86614,Paracet_Tab 500mg,0407010H0AAAMAM,29,0.17399999999999893
110,C86016,Paracet_Tab 500mg,0407010H0AAAMAM,22,0.1319999999999992
109,C86016,Paracet_Tab 500mg,0407010H0AAAMAM,22,0.1319999999999992
112,C86029,Paracet_Tab 500mg,0407010H0AAAMAM,21,0.12599999999999922
111,C86029,Paracet_Tab 500mg,0407010H0AAAMAM,21,0.12599999999999922
113,C86003,Paracet_Tab 500mg,0407010H0AAAMAM,19,0.11399999999999931
114,C86003,Paracet_Tab 500mg,0407010H0AAAMAM,19,0.11399999999999931
118,C86017,Paracet_Tab 500mg,0407010H0AAAMAM,17,0.10199999999999938
115,C86017,Paracet_Tab 500mg,0407010H0AAAMAM,17,0.10199999999999938
117,C86009,Paracet_Tab 500mg,0407010H0AAAMAM,17,0.10199999999999938
116,C86009,Paracet_Tab 500mg,0407010H0AAAMAM,17,0.10199999999999938
120,C86025,Paracet_Tab 500mg,0407010H0AAAMAM,16,0.09599999999999942
119,C86025,Paracet_Tab 500mg,0407010H0AAAMAM,16,0.09599999999999942
121,C86605,Paracet_Tab 500mg,0407010H0AAAMAM,15,0.08999999999999946
122,C86605,Paracet_Tab 500mg,0407010H0AAAMAM,15,0.08999999999999946
123,C86621,Paracet_Tab 500mg,0407010H0AAAMAM,14,0.08399999999999949
124,C86621,Paracet_Tab 500mg,0407010H0AAAMAM,14,0.08399999999999949
126,C86021,Paracet_Tab 500mg,0407010H0AAAMAM,14,0.07839999999999953
125,C86021,Paracet_Tab 500mg,0407010H0AAAMAM,14,0.07839999999999953
128,C86038,Paracet_Tab 500mg,0407010H0AAAMAM,13,0.07799999999999953
127,C86038,Paracet_Tab 500mg,0407010H0AAAMAM,13,0.07799999999999953
129,C86029,Paracet_Tab 500mg,0407010H0AAAMAM,1,0.07679999999999998
130,C86029,Paracet_Tab 500mg,0407010H0AAAMAM,1,0.07679999999999998
131,C86034,Paracet_Tab 500mg,0407010H0AAAMAM,12,0.07199999999999956
132,C86034,Paracet_Tab 500mg,0407010H0AAAMAM,12,0.07199999999999956
133,C86011,Paracet_Tab 500mg,0407010H0AAAMAM,1,0.06719999999999993
134,C86011,Paracet_Tab 500mg,0407010H0AAAMAM,1,0.06719999999999993
142,C86613,Paracet_Tab 500mg,0407010H0AAAMAM,11,0.0659999999999996
136,C86002,Paracet_Tab 500mg,0407010H0AAAMAM,11,0.0659999999999996
137,C86021,Paracet_Tab 500mg,0407010H0AAAMAM,11,0.0659999999999996
135,C86026,Paracet_Tab 500mg,0407010H0AAAMAM,11,0.0659999999999996
138,C86613,Paracet_Tab 500mg,0407010H0AAAMAM,11,0.0659999999999996
139,C86026,Paracet_Tab 500mg,0407010H0AAAMAM,11,0.0659999999999996
140,C86021,Paracet_Tab 500mg,0407010H0AAAMAM,11,0.0659999999999996
141,C86002,Paracet_Tab 500mg,0407010H0AAAMAM,11,0.0659999999999996
143,C86606,Paracet_Tab 500mg,0407010H0AAAMAM,10,0.05999999999999964
144,C86606,Paracet_Tab 500mg,0407010H0AAAMAM,10,0.05999999999999964
330,C86034,Memantine HCl_Tab 20mg,0411000G0AAADAD,10,0.048999999999999946
329,C86001,Memantine HCl_Tab 20mg,0411000G0AAADAD,10,0.048999999999999946
150,C86015,Paracet_Tab 500mg,0407010H0AAAMAM,8,0.04799999999999971
145,C86616,Paracet_Tab 500mg,0407010H0AAAMAM,8,0.04799999999999971
146,C86616,Paracet_Tab 500mg,0407010H0AAAMAM,8,0.04799999999999971
147,C86033,Paracet_Tab 500mg,0407010H0AAAMAM,8,0.04799999999999971
148,C86015,Paracet_Tab 500mg,0407010H0AAAMAM,8,0.04799999999999971
149,C86033,Paracet_Tab 500mg,0407010H0AAAMAM,8,0.04799999999999971
151,Y05167,Paracet_Tab 500mg,0407010H0AAAMAM,7,0.041999999999999746
152,Y05167,Paracet_Tab 500mg,0407010H0AAAMAM,7,0.041999999999999746
396,C86621,Atorvastatin_Tab 10mg,0212000B0AAAAAA,18,0.03780000000000021
156,C86018,Paracet_Tab 500mg,0407010H0AAAMAM,6,0.03599999999999978
155,C86018,Paracet_Tab 500mg,0407010H0AAAMAM,6,0.03599999999999978
153,C86032,Paracet_Tab 500mg,0407010H0AAAMAM,6,0.03599999999999978
154,C86032,Paracet_Tab 500mg,0407010H0AAAMAM,6,0.03599999999999978
339,C86002,Pregabalin_Cap 150mg,0408010AEAAAEAE,6,0.03360000000000096
157,C86003,Paracet_Tab 500mg,0407010H0AAAMAM,2,0.033600000000000185
158,C86003,Paracet_Tab 500mg,0407010H0AAAMAM,2,0.033600000000000185
397,C86032,Atorvastatin_Tab 10mg,0212000B0AAAAAA,16,0.033600000000000185
429,C86034,Nefopam HCl_Tab 30mg,0407010P0AAABAB,8,0.0335999999999963
340,Y05167,Pregabalin_Cap 150mg,0408010AEAAAEAE,11,0.030800000000000882
162,C86012,Paracet_Tab 500mg,0407010H0AAAMAM,5,0.02999999999999982
159,C86609,Paracet_Tab 500mg,0407010H0AAAMAM,5,0.02999999999999982
161,C86609,Paracet_Tab 500mg,0407010H0AAAMAM,5,0.02999999999999982
160,C86012,Paracet_Tab 500mg,0407010H0AAAMAM,5,0.02999999999999982
398,C86005,Atorvastatin_Tab 10mg,0212000B0AAAAAA,14,0.029400000000000162
341,C86001,Pregabalin_Cap 150mg,0408010AEAAAEAE,5,0.028000000000000802
342,C86006,Pregabalin_Cap 150mg,0408010AEAAAEAE,5,0.028000000000000802
164,C86002,Paracet_Tab 500mg,0407010H0AAAMAM,10,0.02799999999999983
163,C86002,Paracet_Tab 500mg,0407010H0AAAMAM,10,0.02799999999999983
399,C86013,Atorvastatin_Tab 10mg,0212000B0AAAAAA,13,0.02730000000000015
331,C86613,Memantine HCl_Tab 20mg,0411000G0AAADAD,5,0.024499999999999973
165,C86005,Paracet_Tab 500mg,0407010H0AAAMAM,4,0.023999999999999855
166,C86005,Paracet_Tab 500mg,0407010H0AAAMAM,4,0.023999999999999855
345,C86019,Pregabalin_Cap 150mg,0408010AEAAAEAE,4,0.02240000000000064
343,C86006,Pregabalin_Cap 150mg,0408010AEAAAEAE,8,0.02240000000000064
344,C86029,Pregabalin_Cap 150mg,0408010AEAAAEAE,4,0.02240000000000064
167,C86024,Paracet_Tab 500mg,0407010H0AAAMAM,5,0.020999999999999873
168,C86024,Paracet_Tab 500mg,0407010H0AAAMAM,5,0.020999999999999873
333,C86033,Memantine HCl_Tab 20mg,0411000G0AAADAD,4,0.01959999999999998
332,C86032,Memantine HCl_Tab 20mg,0411000G0AAADAD,4,0.01959999999999998
334,C86026,Memantine HCl_Tab 20mg,0411000G0AAADAD,4,0.01959999999999998
400,C86009,Atorvastatin_Tab 10mg,0212000B0AAAAAA,9,0.018900000000000104
169,C86013,Paracet_Tab 500mg,0407010H0AAAMAM,9,0.018899999999999886
170,C86013,Paracet_Tab 500mg,0407010H0AAAMAM,9,0.018899999999999886
171,C86626,Paracet_Tab 500mg,0407010H0AAAMAM,3,0.01799999999999989
172,C86626,Paracet_Tab 500mg,0407010H0AAAMAM,3,0.01799999999999989
348,C86025,Pregabalin_Cap 150mg,0408010AEAAAEAE,3,0.01680000000000048
349,C86007,Pregabalin_Cap 150mg,0408010AEAAAEAE,3,0.01680000000000048
346,C86020,Pregabalin_Cap 150mg,0408010AEAAAEAE,3,0.01680000000000048
347,C86611,Pregabalin_Cap 150mg,0408010AEAAAEAE,3,0.01680000000000048
174,C86025,Paracet_Tab 500mg,0407010H0AAAMAM,4,0.0167999999999999
173,C86025,Paracet_Tab 500mg,0407010H0AAAMAM,4,0.0167999999999999
430,C86025,Nefopam HCl_Tab 30mg,0407010P0AAABAB,4,0.01679999999999815
431,C86019,Nefopam HCl_Tab 30mg,0407010P0AAABAB,4,0.01679999999999815
175,C86038,Paracet_Tab 500mg,0407010H0AAAMAM,5,0.013999999999999915
176,C86038,Paracet_Tab 500mg,0407010H0AAAMAM,5,0.013999999999999915
401,C86002,Atorvastatin_Tab 10mg,0212000B0AAAAAA,6,0.01260000000000007
402,C86015,Atorvastatin_Tab 10mg,0212000B0AAAAAA,6,0.01260000000000007
14,C86011,Atorvastatin_Tab 20mg,0212000B0AAABAB,2,0.012000000000000344
13,C86038,Atorvastatin_Tab 20mg,0212000B0AAABAB,2,0.012000000000000344
186,C86012,Paracet_Tab 500mg,0407010H0AAAMAM,1,0.011999999999999927
180,Y05167,Paracet_Tab 500mg,0407010H0AAAMAM,1,0.011999999999999927
182,C86023,Paracet_Tab 500mg,0407010H0AAAMAM,2,0.011999999999999927
178,C86022,Paracet_Tab 500mg,0407010H0AAAMAM,2,0.011999999999999927
179,C86025,Paracet_Tab 500mg,0407010H0AAAMAM,1,0.011999999999999927
181,C86025,Paracet_Tab 500mg,0407010H0AAAMAM,1,0.011999999999999927
177,Y05167,Paracet_Tab 500mg,0407010H0AAAMAM,1,0.011999999999999927
183,C86012,Paracet_Tab 500mg,0407010H0AAAMAM,1,0.011999999999999927
184,C86022,Paracet_Tab 500mg,0407010H0AAAMAM,2,0.011999999999999927
185,C86023,Paracet_Tab 500mg,0407010H0AAAMAM,2,0.011999999999999927
360,C86609,Pregabalin_Cap 150mg,0408010AEAAAEAE,2,0.01120000000000032
355,C86038,Pregabalin_Cap 150mg,0408010AEAAAEAE,2,0.01120000000000032
356,C86621,Pregabalin_Cap 150mg,0408010AEAAAEAE,4,0.01120000000000032
357,C86016,Pregabalin_Cap 150mg,0408010AEAAAEAE,2,0.01120000000000032
358,C86613,Pregabalin_Cap 150mg,0408010AEAAAEAE,2,0.01120000000000032
359,C86621,Pregabalin_Cap 150mg,0408010AEAAAEAE,2,0.01120000000000032
351,Y05167,Pregabalin_Cap 150mg,0408010AEAAAEAE,2,0.01120000000000032
350,C86002,Pregabalin_Cap 150mg,0408010AEAAAEAE,4,0.01120000000000032
354,C86003,Pregabalin_Cap 150mg,0408010AEAAAEAE,2,0.01120000000000032
353,C86616,Pregabalin_Cap 150mg,0408010AEAAAEAE,2,0.01120000000000032
361,C86034,Pregabalin_Cap 150mg,0408010AEAAAEAE,4,0.01120000000000032
362,C86017,Pregabalin_Cap 150mg,0408010AEAAAEAE,2,0.01120000000000032
363,C86024,Pregabalin_Cap 150mg,0408010AEAAAEAE,2,0.01120000000000032
364,C86011,Pregabalin_Cap 150mg,0408010AEAAAEAE,4,0.01120000000000032
352,C86011,Pregabalin_Cap 150mg,0408010AEAAAEAE,2,0.01120000000000032
190,C86013,Paracet_Tab 500mg,0407010H0AAAMAM,4,0.011199999999999932
189,C86013,Paracet_Tab 500mg,0407010H0AAAMAM,4,0.011199999999999932
187,C86025,Paracet_Tab 500mg,0407010H0AAAMAM,4,0.011199999999999932
188,C86025,Paracet_Tab 500mg,0407010H0AAAMAM,4,0.011199999999999932
441,C86029,Prednisolone_Tab Solb 5mg,0603020T0AABHBH,3,0.01079999999999881
403,C86026,Atorvastatin_Tab 10mg,0212000B0AAAAAA,5,0.010500000000000058
513,C86611,Tadalafil_Tab 10mg,0704050R0AAAAAA,2,0.010000000000001119
191,C86037,Paracet_Tab 500mg,0407010H0AAAMAM,3,0.008999999999999946
194,C86001,Paracet_Tab 500mg,0407010H0AAAMAM,3,0.008999999999999946
193,C86037,Paracet_Tab 500mg,0407010H0AAAMAM,3,0.008999999999999946
192,C86001,Paracet_Tab 500mg,0407010H0AAAMAM,3,0.008999999999999946
432,C86006,Nefopam HCl_Tab 30mg,0407010P0AAABAB,2,0.008999999999999009
442,C86011,Prednisolone_Tab Solb 5mg,0603020T0AABHBH,2,0.008999999999999009
195,C86021,Paracet_Tab 500mg,0407010H0AAAMAM,11,0.008799999999999947
196,C86021,Paracet_Tab 500mg,0407010H0AAAMAM,11,0.008799999999999947
411,C86609,Atorvastatin_Tab 10mg,0212000B0AAAAAA,4,0.008400000000000046
410,C86007,Atorvastatin_Tab 10mg,0212000B0AAAAAA,4,0.008400000000000046
409,C86034,Atorvastatin_Tab 10mg,0212000B0AAAAAA,4,0.008400000000000046
408,C86029,Atorvastatin_Tab 10mg,0212000B0AAAAAA,4,0.008400000000000046
407,C86016,Atorvastatin_Tab 10mg,0212000B0AAAAAA,4,0.008400000000000046
405,C86034,Atorvastatin_Tab 10mg,0212000B0AAAAAA,2,0.008400000000000046
404,C86011,Atorvastatin_Tab 10mg,0212000B0AAAAAA,4,0.008400000000000046
406,C86019,Atorvastatin_Tab 10mg,0212000B0AAAAAA,2,0.008400000000000046
199,C86621,Paracet_Tab 500mg,0407010H0AAAMAM,2,0.00839999999999995
197,C86001,Paracet_Tab 500mg,0407010H0AAAMAM,3,0.00839999999999995
200,C86001,Paracet_Tab 500mg,0407010H0AAAMAM,3,0.00839999999999995
198,C86621,Paracet_Tab 500mg,0407010H0AAAMAM,2,0.00839999999999995
433,C86005,Nefopam HCl_Tab 30mg,0407010P0AAABAB,2,0.008399999999999075
15,C86605,Atorvastatin_Tab 20mg,0212000B0AAABAB,4,0.00800000000000023
520,C86605,Atorvastatin_Tab 40mg,0212000B0AAACAC,4,0.00800000000000023
202,C86011,Paracet_Tab 500mg,0407010H0AAAMAM,1,0.00800000000000009
201,C86011,Paracet_Tab 500mg,0407010H0AAAMAM,1,0.00800000000000009
443,C86020,Prednisolone_Tab Solb 5mg,0603020T0AABHBH,2,0.007199999999999207
365,C86018,Pregabalin_Cap 150mg,0408010AEAAAEAE,5,0.0070000000000002005
414,C86038,Atorvastatin_Tab 10mg,0212000B0AAAAAA,3,0.006300000000000035
412,C86001,Atorvastatin_Tab 10mg,0212000B0AAAAAA,3,0.006300000000000035
415,C86033,Atorvastatin_Tab 10mg,0212000B0AAAAAA,3,0.006300000000000035
413,Y05167,Atorvastatin_Tab 10mg,0212000B0AAAAAA,3,0.006300000000000035
521,C86011,Atorvastatin_Tab 40mg,0212000B0AAACAC,1,0.006000000000000172
16,C86616,Atorvastatin_Tab 20mg,0212000B0AAABAB,1,0.006000000000000172
205,C86009,Paracet_Tab 500mg,0407010H0AAAMAM,2,0.005999999999999964
204,C86020,Paracet_Tab 500mg,0407010H0AAAMAM,1,0.005999999999999964
206,C86009,Paracet_Tab 500mg,0407010H0AAAMAM,2,0.005999999999999964
203,C86020,Paracet_Tab 500mg,0407010H0AAAMAM,1,0.005999999999999964
444,C86038,Prednisolone_Tab Solb 5mg,0603020T0AABHBH,2,0.005999999999999339
374,C86034,Pregabalin_Cap 150mg,0408010AEAAAEAE,1,0.00560000000000016
366,C86032,Pregabalin_Cap 150mg,0408010AEAAAEAE,1,0.00560000000000016
367,Y04018,Pregabalin_Cap 150mg,0408010AEAAAEAE,1,0.00560000000000016
368,C86625,Pregabalin_Cap 150mg,0408010AEAAAEAE,1,0.00560000000000016
369,C86022,Pregabalin_Cap 150mg,0408010AEAAAEAE,1,0.00560000000000016
370,C86015,Pregabalin_Cap 150mg,0408010AEAAAEAE,1,0.00560000000000016
371,C86023,Pregabalin_Cap 150mg,0408010AEAAAEAE,1,0.00560000000000016
373,C86012,Pregabalin_Cap 150mg,0408010AEAAAEAE,1,0.00560000000000016
372,C86005,Pregabalin_Cap 150mg,0408010AEAAAEAE,1,0.00560000000000016
212,Y00384,Paracet_Tab 500mg,0407010H0AAAMAM,2,0.005599999999999966
208,C86020,Paracet_Tab 500mg,0407010H0AAAMAM,2,0.005599999999999966
209,C86022,Paracet_Tab 500mg,0407010H0AAAMAM,1,0.005599999999999966
210,Y00384,Paracet_Tab 500mg,0407010H0AAAMAM,2,0.005599999999999966
207,C86034,Paracet_Tab 500mg,0407010H0AAAMAM,2,0.005599999999999966
211,C86020,Paracet_Tab 500mg,0407010H0AAAMAM,2,0.005599999999999966
213,C86022,Paracet_Tab 500mg,0407010H0AAAMAM,1,0.005599999999999966
214,C86034,Paracet_Tab 500mg,0407010H0AAAMAM,2,0.005599999999999966
445,C86023,Prednisolone_Tab Solb 5mg,0603020T0AABHBH,1,0.004499999999999504
448,C86019,Prednisolone_Tab Solb 5mg,0603020T0AABHBH,1,0.004499999999999504
447,C86038,Prednisolone_Tab Solb 5mg,0603020T0AABHBH,1,0.004499999999999504
446,C86029,Prednisolone_Tab Solb 5mg,0603020T0AABHBH,1,0.004499999999999504
434,C86623,Nefopam HCl_Tab 30mg,0407010P0AAABAB,1,0.004499999999999504
435,C86013,Nefopam HCl_Tab 30mg,0407010P0AAABAB,1,0.004499999999999504
437,C86038,Nefopam HCl_Tab 30mg,0407010P0AAABAB,1,0.004499999999999504
436,C86007,Nefopam HCl_Tab 30mg,0407010P0AAABAB,1,0.004499999999999504
449,C86616,Prednisolone_Tab Solb 5mg,0603020T0AABHBH,1,0.004499999999999504
522,C86019,Atorvastatin_Tab 40mg,0212000B0AAACAC,1,0.004400000000000015
450,C86609,Prednisolone_Tab Solb 5mg,0603020T0AABHBH,1,0.004200000000000315
451,C86606,Prednisolone_Tab Solb 5mg,0603020T0AABHBH,1,0.004200000000000315
417,C86003,Atorvastatin_Tab 10mg,0212000B0AAAAAA,1,0.004200000000000023
416,C86007,Atorvastatin_Tab 10mg,0212000B0AAAAAA,1,0.004200000000000023
421,C86611,Atorvastatin_Tab 10mg,0212000B0AAAAAA,1,0.004200000000000023
420,C86001,Atorvastatin_Tab 10mg,0212000B0AAAAAA,1,0.004200000000000023
419,C86025,Atorvastatin_Tab 10mg,0212000B0AAAAAA,1,0.004200000000000023
418,C86605,Atorvastatin_Tab 10mg,0212000B0AAAAAA,1,0.004200000000000023
215,C86002,Paracet_Tab 500mg,0407010H0AAAMAM,1,0.004199999999999975
218,C86614,Paracet_Tab 500mg,0407010H0AAAMAM,3,0.004199999999999975
217,C86614,Paracet_Tab 500mg,0407010H0AAAMAM,3,0.004199999999999975
220,Y00384,Paracet_Tab 500mg,0407010H0AAAMAM,1,0.004199999999999975
219,Y00384,Paracet_Tab 500mg,0407010H0AAAMAM,1,0.004199999999999975
216,C86002,Paracet_Tab 500mg,0407010H0AAAMAM,1,0.004199999999999975
439,C86029,Nefopam HCl_Tab 30mg,0407010P0AAABAB,1,0.0041999999999995374
438,C86012,Nefopam HCl_Tab 30mg,0407010P0AAABAB,1,0.0041999999999995374
523,C86020,Atorvastatin_Tab 40mg,0212000B0AAACAC,1,0.004000000000000115
17,C86616,Atorvastatin_Tab 20mg,0212000B0AAABAB,2,0.004000000000000115
375,Y05141,Pregabalin_Cap 150mg,0408010AEAAAEAE,1,0.00360000000000002
455,C86001,Prednisolone_Tab Solb 5mg,0603020T0AABHBH,1,0.0035999999999996035
452,Y05141,Prednisolone_Tab Solb 5mg,0603020T0AABHBH,1,0.0035999999999996035
454,C86005,Prednisolone_Tab Solb 5mg,0603020T0AABHBH,1,0.0035999999999996035
453,C86024,Prednisolone_Tab Solb 5mg,0603020T0AABHBH,1,0.0035999999999996035
376,C86019,Pregabalin_Cap 150mg,0408010AEAAAEAE,1,0.003000000000000086
524,Y05141,Atorvastatin_Tab 40mg,0212000B0AAACAC,1,0.0030000000000000165
229,C86605,Paracet_Tab 500mg,0407010H0AAAMAM,1,0.002999999999999982
230,C86013,Paracet_Tab 500mg,0407010H0AAAMAM,1,0.002999999999999982
231,C86013,Paracet_Tab 500mg,0407010H0AAAMAM,1,0.002999999999999982
226,C86025,Paracet_Tab 500mg,0407010H0AAAMAM,1,0.002999999999999982
232,C86025,Paracet_Tab 500mg,0407010H0AAAMAM,1,0.002999999999999982
233,C86017,Paracet_Tab 500mg,0407010H0AAAMAM,1,0.002999999999999982
234,C86614,Paracet_Tab 500mg,0407010H0AAAMAM,1,0.002999999999999982
228,C86614,Paracet_Tab 500mg,0407010H0AAAMAM,1,0.002999999999999982
225,C86026,Paracet_Tab 500mg,0407010H0AAAMAM,1,0.002999999999999982
221,C86026,Paracet_Tab 500mg,0407010H0AAAMAM,1,0.002999999999999982
224,C86017,Paracet_Tab 500mg,0407010H0AAAMAM,1,0.002999999999999982
227,C86605,Paracet_Tab 500mg,0407010H0AAAMAM,1,0.002999999999999982
222,C86034,Paracet_Tab 500mg,0407010H0AAAMAM,1,0.002999999999999982
223,C86034,Paracet_Tab 500mg,0407010H0AAAMAM,1,0.002999999999999982
539,C86033,Betahistine HCl_Tab 16mg,0406000B0AAABAB,1,0.0029999999999998778
538,C86026,Betahistine HCl_Tab 16mg,0406000B0AAABAB,1,0.0029999999999998778
537,C86017,Betahistine HCl_Tab 16mg,0406000B0AAABAB,1,0.0029999999999998778
540,Y05141,Betahistine HCl_Tab 16mg,0406000B0AAABAB,1,0.0029999999999998778
458,Y05167,Prednisolone_Tab Solb 5mg,0603020T0AABHBH,1,0.0029999999999996696
457,C86006,Prednisolone_Tab Solb 5mg,0603020T0AABHBH,1,0.0029999999999996696
456,C86623,Prednisolone_Tab Solb 5mg,0603020T0AABHBH,1,0.0029999999999996696
377,C86034,Pregabalin_Cap 150mg,0408010AEAAAEAE,2,0.00280000000000008
378,C86037,Pregabalin_Cap 150mg,0408010AEAAAEAE,1,0.00280000000000008
379,C86001,Pregabalin_Cap 150mg,0408010AEAAAEAE,1,0.00280000000000008
380,Y05141,Pregabalin_Cap 150mg,0408010AEAAAEAE,1,0.00280000000000008
238,C86611,Paracet_Tab 500mg,0407010H0AAAMAM,1,0.002799999999999983
242,C86614,Paracet_Tab 500mg,0407010H0AAAMAM,1,0.002799999999999983
241,C86029,Paracet_Tab 500mg,0407010H0AAAMAM,1,0.002799999999999983
240,C86029,Paracet_Tab 500mg,0407010H0AAAMAM,1,0.002799999999999983
239,C86033,Paracet_Tab 500mg,0407010H0AAAMAM,1,0.002799999999999983
237,C86611,Paracet_Tab 500mg,0407010H0AAAMAM,1,0.002799999999999983
236,C86614,Paracet_Tab 500mg,0407010H0AAAMAM,1,0.002799999999999983
235,C86033,Paracet_Tab 500mg,0407010H0AAAMAM,1,0.002799999999999983
18,C86022,Atorvastatin_Tab 20mg,0212000B0AAABAB,1,0.0026000000000000745
459,C86017,Prednisolone_Tab Solb 5mg,0603020T0AABHBH,1,0.0025999999999999357
422,C86605,Atorvastatin_Tab 10mg,0212000B0AAAAAA,1,0.0021000000000000116
335,C86613,Memantine HCl_Tab 20mg,0411000G0AAADAD,1,0.0020999999999999977
20,C86001,Atorvastatin_Tab 20mg,0212000B0AAABAB,1,0.0020000000000000573
19,C86022,Atorvastatin_Tab 20mg,0212000B0AAABAB,1,0.0020000000000000573
244,C86001,Paracet_Tab 500mg,0407010H0AAAMAM,1,0.0020000000000000052
243,C86001,Paracet_Tab 500mg,0407010H0AAAMAM,1,0.0020000000000000052
423,C86605,Atorvastatin_Tab 10mg,0212000B0AAAAAA,1,0.001999999999999988
460,C86011,Prednisolone_Tab Solb 5mg,0603020T0AABHBH,1,0.0014999999999998348
21,C86006,Atorvastatin_Tab 20mg,0212000B0AAABAB,1,0.0013000000000000372
381,C86019,Pregabalin_Cap 150mg,0408010AEAAAEAE,1,-0.0007999999999999674
461,C86011,Prednisolone_Tab Solb 5mg,0603020T0AABHBH,1,-0.0010999999999998789
248,C86625,Paracet_Tab 500mg,0407010H0AAAMAM,1,-0.001999999999999988
247,C86033,Paracet_Tab 500mg,0407010H0AAAMAM,1,-0.001999999999999988
246,C86625,Paracet_Tab 500mg,0407010H0AAAMAM,1,-0.001999999999999988
245,C86033,Paracet_Tab 500mg,0407010H0AAAMAM,1,-0.001999999999999988
22,C86012,Atorvastatin_Tab 20mg,0212000B0AAABAB,1,-0.0022999999999999063
463,Y05167,Prednisolone_Tab Solb 5mg,0603020T0AABHBH,2,-0.0023999999999997357
462,Y05167,Prednisolone_Tab Solb 5mg,0603020T0AABHBH,1,-0.0023999999999997357
465,C86034,Prednisolone_Tab Solb 5mg,0603020T0AABHBH,1,-0.0023999999999997357
464,C86011,Prednisolone_Tab Solb 5mg,0603020T0AABHBH,1,-0.0023999999999997357
466,C86024,Prednisolone_Tab Solb 5mg,0603020T0AABHBH,1,-0.0024999999999997247
467,C86011,Prednisolone_Tab Solb 5mg,0603020T0AABHBH,1,-0.0024999999999997247
469,C86038,Prednisolone_Tab Solb 5mg,0603020T0AABHBH,1,-0.0024999999999997247
470,Y05142,Prednisolone_Tab Solb 5mg,0603020T0AABHBH,1,-0.0024999999999997247
468,C86611,Prednisolone_Tab Solb 5mg,0603020T0AABHBH,1,-0.0024999999999997247
471,C86034,Prednisolone_Tab Solb 5mg,0603020T0AABHBH,1,-0.0027999999999996916
24,Y05141,Atorvastatin_Tab 20mg,0212000B0AAABAB,1,-0.002799999999999997
23,C86020,Atorvastatin_Tab 20mg,0212000B0AAABAB,2,-0.002799999999999997
26,C86003,Atorvastatin_Tab 20mg,0212000B0AAABAB,1,-0.0029999999999998778
25,C86011,Atorvastatin_Tab 20mg,0212000B0AAABAB,1,-0.0029999999999998778
525,C86020,Atorvastatin_Tab 40mg,0212000B0AAACAC,1,-0.0029999999999998778
424,C86037,Atorvastatin_Tab 10mg,0212000B0AAAAAA,1,-0.002999999999999982
425,C86016,Atorvastatin_Tab 10mg,0212000B0AAAAAA,1,-0.002999999999999982
382,C86017,Pregabalin_Cap 150mg,0408010AEAAAEAE,1,-0.0031999999999998696
426,C86032,Atorvastatin_Tab 10mg,0212000B0AAAAAA,1,-0.0031999999999999806
472,C86021,Prednisolone_Tab Solb 5mg,0603020T0AABHBH,1,-0.0033999999999996255
476,Y05141,Prednisolone_Tab Solb 5mg,0603020T0AABHBH,1,-0.0035999999999996035
478,C86621,Prednisolone_Tab Solb 5mg,0603020T0AABHBH,1,-0.0035999999999996035
474,C86037,Prednisolone_Tab Solb 5mg,0603020T0AABHBH,1,-0.0035999999999996035
473,C86034,Prednisolone_Tab Solb 5mg,0603020T0AABHBH,1,-0.0035999999999996035
477,C86037,Prednisolone_Tab Solb 5mg,0603020T0AABHBH,3,-0.0035999999999996035
475,C86015,Prednisolone_Tab Solb 5mg,0603020T0AABHBH,1,-0.0035999999999996035
526,C86033,Atorvastatin_Tab 40mg,0212000B0AAACAC,1,-0.003799999999999845
481,C86606,Prednisolone_Tab Solb 5mg,0603020T0AABHBH,1,-0.0039999999999995595
479,C86006,Prednisolone_Tab Solb 5mg,0603020T0AABHBH,1,-0.0039999999999995595
486,C86013,Prednisolone_Tab Solb 5mg,0603020T0AABHBH,1,-0.0039999999999995595
485,C86023,Prednisolone_Tab Solb 5mg,0603020T0AABHBH,1,-0.0039999999999995595
480,C86038,Prednisolone_Tab Solb 5mg,0603020T0AABHBH,1,-0.0039999999999995595
484,C86029,Prednisolone_Tab Solb 5mg,0603020T0AABHBH,1,-0.0039999999999995595
482,C86034,Prednisolone_Tab Solb 5mg,0603020T0AABHBH,1,-0.0039999999999995595
483,C86611,Prednisolone_Tab Solb 5mg,0603020T0AABHBH,1,-0.0039999999999995595
383,C86023,Pregabalin_Cap 150mg,0408010AEAAAEAE,1,-0.003999999999999837
254,C86026,Paracet_Tab 500mg,0407010H0AAAMAM,1,-0.003999999999999976
253,Y00384,Paracet_Tab 500mg,0407010H0AAAMAM,1,-0.003999999999999976
252,C86605,Paracet_Tab 500mg,0407010H0AAAMAM,1,-0.003999999999999976
251,Y00384,Paracet_Tab 500mg,0407010H0AAAMAM,1,-0.003999999999999976
250,C86026,Paracet_Tab 500mg,0407010H0AAAMAM,1,-0.003999999999999976
249,C86605,Paracet_Tab 500mg,0407010H0AAAMAM,1,-0.003999999999999976
527,C86605,Atorvastatin_Tab 40mg,0212000B0AAACAC,1,-0.004000000000000045
384,C86033,Pregabalin_Cap 150mg,0408010AEAAAEAE,1,-0.0041999999999995374
487,C86020,Prednisolone_Tab Solb 5mg,0603020T0AABHBH,1,-0.0041999999999995374
488,C86018,Prednisolone_Tab Solb 5mg,0603020T0AABHBH,1,-0.0041999999999995374
255,C86007,Paracet_Tab 500mg,0407010H0AAAMAM,1,-0.004499999999999999
256,C86007,Paracet_Tab 500mg,0407010H0AAAMAM,1,-0.004499999999999999
385,C86019,Pregabalin_Cap 150mg,0408010AEAAAEAE,1,-0.004500000000000004
492,C86614,Prednisolone_Tab Solb 5mg,0603020T0AABHBH,1,-0.004799999999999471
489,C86032,Prednisolone_Tab Solb 5mg,0603020T0AABHBH,1,-0.004799999999999471
490,C86621,Prednisolone_Tab Solb 5mg,0603020T0AABHBH,1,-0.004799999999999471
491,C86022,Prednisolone_Tab Solb 5mg,0603020T0AABHBH,1,-0.004799999999999471
494,C86034,Prednisolone_Tab Solb 5mg,0603020T0AABHBH,1,-0.004799999999999471
493,C86016,Prednisolone_Tab Solb 5mg,0603020T0AABHBH,1,-0.004799999999999471
495,C86029,Prednisolone_Tab Solb 5mg,0603020T0AABHBH,2,-0.004799999999999471
496,Y05142,Prednisolone_Tab Solb 5mg,0603020T0AABHBH,1,-0.004799999999999471
497,Y05141,Prednisolone_Tab Solb 5mg,0603020T0AABHBH,2,-0.004799999999999471
498,C86609,Prednisolone_Tab Solb 5mg,0603020T0AABHBH,1,-0.004799999999999471
499,C86016,Prednisolone_Tab Solb 5mg,0603020T0AABHBH,1,-0.0047999999999999154
500,Y05141,Prednisolone_Tab Solb 5mg,0603020T0AABHBH,1,-0.0047999999999999154
258,C86016,Paracet_Tab 500mg,0407010H0AAAMAM,1,-0.004799999999999971
257,C86016,Paracet_Tab 500mg,0407010H0AAAMAM,1,-0.004799999999999971
261,Y05142,Paracet_Tab 500mg,0407010H0AAAMAM,1,-0.005599999999999966
260,C86038,Paracet_Tab 500mg,0407010H0AAAMAM,1,-0.005599999999999966
259,Y05142,Paracet_Tab 500mg,0407010H0AAAMAM,1,-0.005599999999999966
263,C86037,Paracet_Tab 500mg,0407010H0AAAMAM,1,-0.005599999999999966
264,C86037,Paracet_Tab 500mg,0407010H0AAAMAM,1,-0.005599999999999966
262,C86038,Paracet_Tab 500mg,0407010H0AAAMAM,1,-0.005599999999999966
541,C86015,Betahistine HCl_Tab 16mg,0406000B0AAABAB,1,-0.006000000000000172
502,C86032,Prednisolone_Tab Solb 5mg,0603020T0AABHBH,3,-0.007199999999999207
503,C86003,Prednisolone_Tab Solb 5mg,0603020T0AABHBH,2,-0.007199999999999207
501,C86007,Prednisolone_Tab Solb 5mg,0603020T0AABHBH,2,-0.007199999999999207
504,C86002,Prednisolone_Tab Solb 5mg,0603020T0AABHBH,2,-0.007999999999999119
386,C86005,Pregabalin_Cap 150mg,0408010AEAAAEAE,2,-0.008399999999999075
505,C86001,Prednisolone_Tab Solb 5mg,0603020T0AABHBH,2,-0.009599999999998943
506,C86029,Prednisolone_Tab Solb 5mg,0603020T0AABHBH,3,-0.01079999999999881
271,C86625,Paracet_Tab 500mg,0407010H0AAAMAM,2,-0.011199999999999932
265,C86023,Paracet_Tab 500mg,0407010H0AAAMAM,2,-0.011199999999999932
266,C86015,Paracet_Tab 500mg,0407010H0AAAMAM,2,-0.011199999999999932
267,C86023,Paracet_Tab 500mg,0407010H0AAAMAM,2,-0.011199999999999932
268,C86625,Paracet_Tab 500mg,0407010H0AAAMAM,2,-0.011199999999999932
269,C86015,Paracet_Tab 500mg,0407010H0AAAMAM,2,-0.011199999999999932
270,C86007,Paracet_Tab 500mg,0407010H0AAAMAM,2,-0.011199999999999932
272,C86007,Paracet_Tab 500mg,0407010H0AAAMAM,2,-0.011199999999999932
507,Y05141,Prednisolone_Tab Solb 5mg,0603020T0AABHBH,3,-0.011999999999998678
508,C86037,Prednisolone_Tab Solb 5mg,0603020T0AABHBH,3,-0.011999999999998678
273,C86006,Paracet_Tab 500mg,0407010H0AAAMAM,3,-0.0167999999999999
274,C86605,Paracet_Tab 500mg,0407010H0AAAMAM,3,-0.0167999999999999
275,C86006,Paracet_Tab 500mg,0407010H0AAAMAM,3,-0.0167999999999999
276,C86605,Paracet_Tab 500mg,0407010H0AAAMAM,3,-0.0167999999999999
542,C86605,Betahistine HCl_Tab 16mg,0406000B0AAABAB,1,-0.016900000000000484
509,Y05141,Prednisolone_Tab Solb 5mg,0603020T0AABHBH,4,-0.019199999999997885
510,C86029,Prednisolone_Tab Solb 5mg,0603020T0AABHBH,4,-0.019199999999997885
387,C86022,Pregabalin_Cap 150mg,0408010AEAAAEAE,25,-0.019999999999999185
277,C86613,Paracet_Tab 500mg,0407010H0AAAMAM,4,-0.022399999999999864
278,C86017,Paracet_Tab 500mg,0407010H0AAAMAM,4,-0.022399999999999864
279,C86017,Paracet_Tab 500mg,0407010H0AAAMAM,4,-0.022399999999999864
280,C86613,Paracet_Tab 500mg,0407010H0AAAMAM,4,-0.022399999999999864
511,C86037,Prednisolone_Tab Solb 5mg,0603020T0AABHBH,5,-0.023999999999997357
281,C86016,Paracet_Tab 500mg,0407010H0AAAMAM,5,-0.02799999999999983
282,C86016,Paracet_Tab 500mg,0407010H0AAAMAM,5,-0.02799999999999983
285,Y00384,Paracet_Tab 500mg,0407010H0AAAMAM,6,-0.0335999999999998
286,C86002,Paracet_Tab 500mg,0407010H0AAAMAM,6,-0.0335999999999998
283,Y00384,Paracet_Tab 500mg,0407010H0AAAMAM,6,-0.0335999999999998
284,C86002,Paracet_Tab 500mg,0407010H0AAAMAM,6,-0.0335999999999998
287,C86009,Paracet_Tab 500mg,0407010H0AAAMAM,8,-0.04479999999999973
288,C86034,Paracet_Tab 500mg,0407010H0AAAMAM,8,-0.04479999999999973
290,C86034,Paracet_Tab 500mg,0407010H0AAAMAM,8,-0.04479999999999973
291,C86020,Paracet_Tab 500mg,0407010H0AAAMAM,8,-0.04479999999999973
292,C86020,Paracet_Tab 500mg,0407010H0AAAMAM,8,-0.04479999999999973
289,C86009,Paracet_Tab 500mg,0407010H0AAAMAM,8,-0.04479999999999973
294,C86621,Paracet_Tab 500mg,0407010H0AAAMAM,9,-0.050399999999999695
293,C86621,Paracet_Tab 500mg,0407010H0AAAMAM,9,-0.050399999999999695
295,C86025,Paracet_Tab 500mg,0407010H0AAAMAM,10,-0.05599999999999966
296,C86025,Paracet_Tab 500mg,0407010H0AAAMAM,10,-0.05599999999999966
297,C86032,Paracet_Tab 500mg,0407010H0AAAMAM,11,-0.06159999999999963
298,C86032,Paracet_Tab 500mg,0407010H0AAAMAM,11,-0.06159999999999963
299,C86019,Paracet_Tab 500mg,0407010H0AAAMAM,15,-0.08399999999999949
300,C86019,Paracet_Tab 500mg,0407010H0AAAMAM,15,-0.08399999999999949
301,C86013,Paracet_Tab 500mg,0407010H0AAAMAM,30,-0.16799999999999898
302,C86013,Paracet_Tab 500mg,0407010H0AAAMAM,30,-0.16799999999999898
304,C86611,Paracet_Tab 500mg,0407010H0AAAMAM,17,-0.30599999999999994
303,C86611,Paracet_Tab 500mg,0407010H0AAAMAM,17,-0.30599999999999994
306,C86606,Paracet_Tab 500mg,0407010H0AAAMAM,34,-0.6799999999999959
305,C86606,Paracet_Tab 500mg,0407010H0AAAMAM,34,-0.6799999999999959
307,C86025,Paracet_Tab 500mg,0407010H0AAAMAM,28,-1.1199999999999932
309,C86017,Paracet_Tab 500mg,0407010H0AAAMAM,56,-1.1199999999999932
308,C86025,Paracet_Tab 500mg,0407010H0AAAMAM,28,-1.1199999999999932
310,C86017,Paracet_Tab 500mg,0407010H0AAAMAM,56,-1.1199999999999932
311,Y05167,Paracet_Tab 500mg,0407010H0AAAMAM,20,-1.1999999999999997
312,Y05167,Paracet_Tab 500mg,0407010H0AAAMAM,20,-1.1999999999999997
313,Y05167,Paracet_Tab 500mg,0407010H0AAAMAM,51,-1.5299999999999996
314,Y05167,Paracet_Tab 500mg,0407010H0AAAMAM,51,-1.5299999999999996
315,C86013,Paracet_Tab 500mg,0407010H0AAAMAM,86,-1.7199999999999895
316,C86013,Paracet_Tab 500mg,0407010H0AAAMAM,86,-1.7199999999999895
317,C86003,Paracet_Tab 500mg,0407010H0AAAMAM,22,-3.959999999999999
318,C86003,Paracet_Tab 500mg,0407010H0AAAMAM,22,-3.959999999999999
319,C86001,Paracet_Tab 500mg,0407010H0AAAMAM,309,-6.179999999999962
320,C86001,Paracet_Tab 500mg,0407010H0AAAMAM,309,-6.179999999999962
321,C86001,Paracet_Tab 500mg,0407010H0AAAMAM,78,-6.988799999999988
322,C86001,Paracet_Tab 500mg,0407010H0AAAMAM,78,-6.988799999999988
323,C86001,Paracet_Tab 500mg,0407010H0AAAMAM,64,-8.639999999999997
324,C86001,Paracet_Tab 500mg,0407010H0AAAMAM,64,-8.639999999999997
