,practice_code,bnf_description,bnf_code,items,excess_cost
0,F81003,Atorvastatin_Tab 20mg,0212000B0AAABAB,31,22.568
1,F81003,Memantine HCl_Tab 10mg,0411000G0AAAAAA,2,0.008400000000000143
2,F81003,Paracet_Tab 500mg,0407010H0AAAMAM,48,2.771999999999999
3,F81003,Pregabalin_Cap 150mg,0408010AEAAAEAE,1,0.00140000000000004
4,F81003,Pregabalin_Cap 50mg,0408010AEAAABAB,1,0.00560000000000016
5,F81046,Aripiprazole_Tab 15mg,0402010ADAAABAB,2,86.31
6,F81046,Atorvastatin_Tab 20mg,0212000B0AAABAB,113,45.3798
7,F81046,Memantine HCl_Tab 10mg,0411000G0AAAAAA,2,31.3656
8,F81046,Memantine HCl_Tab 20mg,0411000G0AAADAD,2,255.59520000000003
9,F81046,Paracet_Tab 500mg,0407010H0AAAMAM,188,77.77840000000002
10,F81046,Phenytoin_Sod Tab 100mg,0408010Q0AAAGAG,1,119.39759999999998
11,F81046,Pregabalin_Cap 150mg,0408010AEAAAEAE,28,-0.07559999999999983
12,F81046,Pregabalin_Cap 300mg,0408010AEAAAGAG,28,-0.019600000000000173
13,F81046,Pregabalin_Cap 50mg,0408010AEAAABAB,3,0.00840000000000024
14,F81081,Aripiprazole_Tab 15mg,0402010ADAAABAB,13,86.2932
15,F81081,Atorvastatin_Tab 20mg,0212000B0AAABAB,356,202.98320000000004
16,F81081,Memantine HCl_Tab 10mg,0411000G0AAAAAA,4,0.016800000000000093
17,F81081,Paracet_Tab 500mg,0407010H0AAAMAM,8,0.04159999999999975
18,F81081,Pregabalin_Cap 150mg,0408010AEAAAEAE,8,113.1088
19,F81081,Pregabalin_Cap 200mg,0408010AEAAAFAF,5,85.38600000000001
20,F81081,Pregabalin_Cap 300mg,0408010AEAAAGAG,27,-0.03780000000000033
21,F81081,Pregabalin_Cap 50mg,0408010AEAAABAB,18,0.06720000000000192
22,F81086,Paracet_Tab 500mg,0407010H0AAAMAM,6,0.02999999999999982
23,F81086,Pregabalin_Cap 150mg,0408010AEAAAEAE,7,0.025200000000000722
24,F81086,Pregabalin_Cap 50mg,0408010AEAAABAB,10,85.66600000000001
25,F81092,Paracet_Tab 500mg,0407010H0AAAMAM,2,0.011999999999999927
26,F81092,Pregabalin_Cap 50mg,0408010AEAAABAB,7,0.03920000000000112
27,F81097,Aripiprazole_Tab 15mg,0402010ADAAABAB,6,86.3016
28,F81097,Atorvastatin_Tab 20mg,0212000B0AAABAB,187,45.83640000000001
29,F81097,Memantine HCl_Tab 10mg,0411000G0AAAAAA,6,15.705200000000001
30,F81097,Paracet_Tab 500mg,0407010H0AAAMAM,68,22.535199999999996
31,F81097,Pregabalin_Cap 150mg,0408010AEAAAEAE,18,56.5824
32,F81097,Pregabalin_Cap 200mg,0408010AEAAAFAF,4,60.13279999999999
33,F81097,Pregabalin_Cap 300mg,0408010AEAAAGAG,9,0.0031999999999998696
34,F81097,Pregabalin_Cap 50mg,0408010AEAAABAB,29,60.40440000000001
35,F81112,Memantine HCl_Tab 10mg,0411000G0AAAAAA,2,0.008400000000000143
36,F81112,Paracet_Tab 500mg,0407010H0AAAMAM,2,0.011999999999999927
37,F81112,Pregabalin_Cap 50mg,0408010AEAAABAB,21,0.0868000000000018
38,F81121,Memantine HCl_Tab 10mg,0411000G0AAAAAA,4,-0.011199999999999932
39,F81121,Paracet_Tab 500mg,0407010H0AAAMAM,34,-0.12679999999999925
40,F81121,Pregabalin_Cap 150mg,0408010AEAAAEAE,7,0.01960000000000056
41,F81121,Pregabalin_Cap 50mg,0408010AEAAABAB,7,0.016799999999999704
42,F81128,Memantine HCl_Tab 10mg,0411000G0AAAAAA,8,0.001199999999999743
43,F81128,Paracet_Tab 500mg,0407010H0AAAMAM,246,17.73280000000001
44,F81128,Pregabalin_Cap 150mg,0408010AEAAAEAE,17,0.07560000000000217
45,F81128,Pregabalin_Cap 200mg,0408010AEAAAFAF,3,120.2544
46,F81128,Pregabalin_Cap 300mg,0408010AEAAAGAG,10,112.24359999999999
47,F81128,Pregabalin_Cap 50mg,0408010AEAAABAB,7,0.02240000000000064
48,F81144,Atorvastatin_Tab 20mg,0212000B0AAABAB,235,157.73520000000002
49,F81144,Memantine HCl_Tab 10mg,0411000G0AAAAAA,50,31.367
50,F81144,Paracet_Tab 500mg,0407010H0AAAMAM,362,58.206800000000044
51,F81144,Pregabalin_Cap 150mg,0408010AEAAAEAE,8,0.030800000000000882
52,F81144,Pregabalin_Cap 50mg,0408010AEAAABAB,14,114.198
53,F81147,Aripiprazole_Tab 15mg,0402010ADAAABAB,4,-0.01120000000000032
54,F81147,Memantine HCl_Tab 10mg,0411000G0AAAAAA,18,93.8138
55,F81147,Paracet_Tab 500mg,0407010H0AAAMAM,6,0.026799999999999838
56,F81147,Pregabalin_Cap 150mg,0408010AEAAAEAE,7,0.0014000000000017887
57,F81147,Pregabalin_Cap 200mg,0408010AEAAAFAF,1,-0.00280000000000008
58,F81147,Pregabalin_Cap 300mg,0408010AEAAAGAG,25,-0.04200000000000037
59,F81147,Pregabalin_Cap 50mg,0408010AEAAABAB,14,228.34000000000003
60,F81159,Atorvastatin_Tab 20mg,0212000B0AAABAB,31,22.568
61,F81159,Memantine HCl_Tab 10mg,0411000G0AAAAAA,2,0.008400000000000143
62,F81159,Paracet_Tab 500mg,0407010H0AAAMAM,8,-0.010799999999999935
63,F81159,Pregabalin_Cap 150mg,0408010AEAAAEAE,16,0.04620000000000132
64,F81159,Pregabalin_Cap 200mg,0408010AEAAAFAF,4,-3.885780586188048e-16
65,F81159,Pregabalin_Cap 300mg,0408010AEAAAGAG,5,0.02449999999999973
66,F81159,Pregabalin_Cap 50mg,0408010AEAAABAB,8,0.042000000000000814
67,F81164,Memantine HCl_Tab 10mg,0411000G0AAAAAA,9,0.0378000000000004
68,F81164,Paracet_Tab 500mg,0407010H0AAAMAM,190,93.35040000000001
69,F81164,Phenytoin_Sod Tab 100mg,0408010Q0AAAGAG,2,79.60959999999999
70,F81164,Pregabalin_Cap 150mg,0408010AEAAAEAE,10,0.0420000000000012
71,F81164,Pregabalin_Cap 200mg,0408010AEAAAFAF,3,-0.01050000000000001
72,F81164,Pregabalin_Cap 300mg,0408010AEAAAGAG,4,0.013299999999999826
73,F81164,Pregabalin_Cap 50mg,0408010AEAAABAB,12,57.128399999999985
74,F81176,Paracet_Tab 500mg,0407010H0AAAMAM,2,0.011999999999999927
75,F81176,Phenytoin_Sod Tab 100mg,0408010Q0AAAGAG,1,119.39759999999998
76,F81176,Pregabalin_Cap 150mg,0408010AEAAAEAE,5,119.53200000000001
77,F81200,Paracet_Tab 500mg,0407010H0AAAMAM,4,0.011999999999999927
78,F81200,Pregabalin_Cap 150mg,0408010AEAAAEAE,6,0.02240000000000064
79,F81200,Pregabalin_Cap 200mg,0408010AEAAAFAF,1,-0.00280000000000008
80,F81200,Pregabalin_Cap 50mg,0408010AEAAABAB,3,0.025200000000000722
81,F81207,Aripiprazole_Tab 15mg,0402010ADAAABAB,4,-0.004200000000000315
82,F81207,Pregabalin_Cap 150mg,0408010AEAAAEAE,6,0.02240000000000064
83,F81207,Pregabalin_Cap 200mg,0408010AEAAAFAF,4,0.011199999999999544
84,F81207,Pregabalin_Cap 50mg,0408010AEAAABAB,3,0.014000000000000012
85,F81209,Atorvastatin_Tab 20mg,0212000B0AAABAB,61,22.545600000000007
86,F81209,Memantine HCl_Tab 10mg,0411000G0AAAAAA,1,0.004200000000000023
87,F81209,Paracet_Tab 500mg,0407010H0AAAMAM,38,33.044000000000004
88,F81223,Paracet_Tab 500mg,0407010H0AAAMAM,6,-0.0335999999999998
89,F81223,Pregabalin_Cap 50mg,0408010AEAAABAB,3,-0.00840000000000024
90,F81613,Atorvastatin_Tab 20mg,0212000B0AAABAB,77,45.11960000000002
91,F81613,Memantine HCl_Tab 10mg,0411000G0AAAAAA,8,-0.028799999999999826
92,F81613,Paracet_Tab 500mg,0407010H0AAAMAM,52,-0.08439999999999949
93,F81613,Pregabalin_Cap 150mg,0408010AEAAAEAE,16,0.05740000000000223
94,F81613,Pregabalin_Cap 200mg,0408010AEAAAFAF,2,-1.942890293094024e-16
95,F81613,Pregabalin_Cap 50mg,0408010AEAAABAB,8,0.01120000000000071
96,F81622,Paracet_Tab 500mg,0407010H0AAAMAM,8,0.03679999999999978
97,F81622,Phenytoin_Sod Tab 100mg,0408010Q0AAAGAG,1,99.49799999999999
98,F81622,Pregabalin_Cap 150mg,0408010AEAAAEAE,3,0.01680000000000048
99,F81622,Pregabalin_Cap 50mg,0408010AEAAABAB,2,0.01120000000000032
100,F81649,Aripiprazole_Tab 15mg,0402010ADAAABAB,3,-0.00840000000000024
101,F81649,Atorvastatin_Tab 20mg,0212000B0AAABAB,1,-0.0029999999999998778
102,F81649,Memantine HCl_Tab 10mg,0411000G0AAAAAA,5,9.71445146547012e-17
103,F81649,Paracet_Tab 500mg,0407010H0AAAMAM,8,-0.004399999999999973
104,F81649,Pregabalin_Cap 200mg,0408010AEAAAFAF,5,0.008399999999999463
105,F81649,Pregabalin_Cap 50mg,0408010AEAAABAB,4,0.016799999999999704
106,F81656,Aripiprazole_Tab 15mg,0402010ADAAABAB,4,-0.01120000000000032
107,F81656,Atorvastatin_Tab 20mg,0212000B0AAABAB,29,0.08120000000000233
108,F81656,Memantine HCl_Tab 10mg,0411000G0AAAAAA,1,0.00420000000000012
109,F81656,Paracet_Tab 500mg,0407010H0AAAMAM,30,4.5000000000000036
110,F81656,Pregabalin_Cap 150mg,0408010AEAAAEAE,4,0.01680000000000048
111,F81656,Pregabalin_Cap 50mg,0408010AEAAABAB,6,57.092
112,F81684,Aripiprazole_Tab 15mg,0402010ADAAABAB,4,-0.01120000000000032
113,F81684,Memantine HCl_Tab 10mg,0411000G0AAAAAA,1,0.00420000000000012
114,F81684,Paracet_Tab 500mg,0407010H0AAAMAM,24,0.23999999999999855
115,F81684,Pregabalin_Cap 150mg,0408010AEAAAEAE,3,0.01120000000000032
116,F81684,Pregabalin_Cap 200mg,0408010AEAAAFAF,1,-0.00280000000000008
117,F81684,Pregabalin_Cap 50mg,0408010AEAAABAB,2,0.01120000000000032
118,F81688,Paracet_Tab 500mg,0407010H0AAAMAM,2,0.005599999999999966
119,F81688,Pregabalin_Cap 200mg,0408010AEAAAFAF,2,-0.00800000000000023
120,F81696,Paracet_Tab 500mg,0407010H0AAAMAM,18,3.052000000000003
121,F81696,Pregabalin_Cap 50mg,0408010AEAAABAB,3,0.00840000000000024
122,F81724,Atorvastatin_Tab 20mg,0212000B0AAABAB,2,67.60079999999999
123,F81744,Memantine HCl_Tab 10mg,0411000G0AAAAAA,1,0.004200000000000023
124,F81744,Paracet_Tab 500mg,0407010H0AAAMAM,2,7.3919999999999995
125,F81744,Pregabalin_Cap 200mg,0408010AEAAAFAF,1,-0.00280000000000008
126,Y02177,Aripiprazole_Tab 15mg,0402010ADAAABAB,7,-0.012600000000000555
127,Y02177,Atorvastatin_Tab 20mg,0212000B0AAABAB,1,-0.0029999999999998778
128,Y02177,Memantine HCl_Tab 10mg,0411000G0AAAAAA,3,71.51620000000001
129,Y02177,Pregabalin_Cap 200mg,0408010AEAAAFAF,1,-0.00280000000000008
130,Y02177,Pregabalin_Cap 300mg,0408010AEAAAGAG,9,177.95119999999997
131,Y02177,Pregabalin_Cap 50mg,0408010AEAAABAB,10,0.04760000000000136
132,Y02707,Atorvastatin_Tab 20mg,0212000B0AAABAB,3,-0.006799999999999723
133,Y02707,Memantine HCl_Tab 10mg,0411000G0AAAAAA,2,0.008400000000000046
134,Y02707,Paracet_Tab 500mg,0407010H0AAAMAM,90,8.582400000000003
135,Y02707,Pregabalin_Cap 150mg,0408010AEAAAEAE,5,0.01680000000000048
136,Y02707,Pregabalin_Cap 200mg,0408010AEAAAFAF,12,0.027999999999998665
137,Y02707,Pregabalin_Cap 50mg,0408010AEAAABAB,4,57.0976
138,Y03831,Pregabalin_Cap 50mg,0408010AEAAABAB,1,0.00560000000000016
