,practice_code,bnf_description,bnf_code,items,excess_cost
0,E85001,Atorvastatin_Tab 10mg,0212000B0AAAAAA,23,23.248400000000004
1,E85001,Atorvastatin_Tab 20mg,0212000B0AAABAB,13,67.59479999999999
2,E85001,Clopidogrel_Tab 75mg,0209000C0AAAAAA,64,0.31359999999999966
3,E85001,Eplerenone_Tab 25mg,0202030X0AAAAAA,1,0.0014000000000000123
4,E85001,Losartan Pot_Tab 50mg,0205052N0AAABAB,17,47.7456
5,E85001,Memantine HCl_Tab 20mg,0411000G0AAADAD,4,0.01959999999999998
6,E85001,Pregabalin_Cap 75mg,0408010AEAAACAC,7,0.016099999999999684
7,E85001,Risperidone_Tab 6mg,040201030AAAFAF,6,87.65119999999999
8,E85004,Atorvastatin_Tab 10mg,0212000B0AAAAAA,29,0.060900000000000336
9,E85004,Atorvastatin_Tab 20mg,0212000B0AAABAB,1,-0.002399999999999902
10,E85004,Clopidogrel_Tab 75mg,0209000C0AAAAAA,134,0.6565999999999993
11,E85004,Eplerenone_Tab 25mg,0202030X0AAAAAA,8,-0.035199999999999676
12,E85004,Losartan Pot_Tab 50mg,0205052N0AAABAB,28,-0.0784000000000002
13,E85004,Memantine HCl_Tab 20mg,0411000G0AAADAD,35,0.17149999999999982
14,E85004,Pregabalin_Cap 75mg,0408010AEAAACAC,14,28.434000000000005
15,E85007,Atorvastatin_Tab 10mg,0212000B0AAAAAA,13,0.02730000000000015
16,E85007,Atorvastatin_Tab 20mg,0212000B0AAABAB,198,264.85130000000004
17,E85007,Clopidogrel_Tab 75mg,0209000C0AAAAAA,54,31.301000000000002
18,E85007,Losartan Pot_Tab 50mg,0205052N0AAABAB,16,-0.04480000000000012
19,E85007,Pregabalin_Cap 75mg,0408010AEAAACAC,16,85.13119999999999
20,E85007,Risperidone_Tab 6mg,040201030AAAFAF,4,29.232
21,E85015,Atorvastatin_Tab 10mg,0212000B0AAAAAA,73,46.5024
22,E85015,Atorvastatin_Tab 40mg,0212000B0AAACAC,51,22.276800000000005
23,E85015,Clopidogrel_Tab 75mg,0209000C0AAAAAA,99,9.122399999999999
24,E85015,Eplerenone_Tab 25mg,0202030X0AAAAAA,13,30.222800000000007
25,E85015,Losartan Pot_Tab 50mg,0205052N0AAABAB,20,2.7859999999999996
26,E85015,Memantine HCl_Tab 20mg,0411000G0AAADAD,5,0.024499999999999973
27,E85015,Pregabalin_Cap 75mg,0408010AEAAACAC,9,0.03639999999999978
28,E85018,Atorvastatin_Tab 10mg,0212000B0AAAAAA,8,0.016800000000000093
29,E85018,Clopidogrel_Tab 75mg,0209000C0AAAAAA,8,0.03919999999999996
30,E85018,Losartan Pot_Tab 50mg,0205052N0AAABAB,12,-0.03360000000000009
31,E85024,Atorvastatin_Tab 10mg,0212000B0AAAAAA,2,0.006300000000000035
32,E85024,Clopidogrel_Tab 75mg,0209000C0AAAAAA,116,17.97319999999999
33,E85024,Eplerenone_Tab 25mg,0202030X0AAAAAA,4,-0.017599999999999838
34,E85024,Losartan Pot_Tab 50mg,0205052N0AAABAB,4,-0.01120000000000003
35,E85030,Atorvastatin_Tab 10mg,0212000B0AAAAAA,3,0.006300000000000035
36,E85030,Clopidogrel_Tab 75mg,0209000C0AAAAAA,31,0.15189999999999984
37,E85030,Losartan Pot_Tab 50mg,0205052N0AAABAB,6,-0.016800000000000044
38,E85030,Memantine HCl_Tab 20mg,0411000G0AAADAD,8,0.03919999999999996
39,E85030,Pregabalin_Cap 75mg,0408010AEAAACAC,8,0.03639999999999978
40,E85035,Atorvastatin_Tab 10mg,0212000B0AAAAAA,31,34.9356
41,E85035,Atorvastatin_Tab 20mg,0212000B0AAABAB,116,185.99050000000003
42,E85035,Atorvastatin_Tab 40mg,0212000B0AAACAC,82,178.0632
43,E85035,Clopidogrel_Tab 75mg,0209000C0AAAAAA,95,17.79259999999999
44,E85035,Eplerenone_Tab 25mg,0202030X0AAAAAA,10,60.4843
45,E85035,Losartan Pot_Tab 50mg,0205052N0AAABAB,71,20.2636
46,E85040,Atorvastatin_Tab 10mg,0212000B0AAAAAA,34,0.0714000000000004
47,E85040,Clopidogrel_Tab 75mg,0209000C0AAAAAA,132,0.6397999999999993
48,E85040,Losartan Pot_Tab 50mg,0205052N0AAABAB,36,-0.10400000000000022
49,E85040,Memantine HCl_Tab 20mg,0411000G0AAADAD,4,0.01959999999999998
50,E85040,Pregabalin_Cap 75mg,0408010AEAAACAC,19,0.07699999999999939
51,E85045,Amlodipine_Tab 10mg,0206020A0AAABAB,70,62.120099999999994
52,E85045,Atorvastatin_Tab 10mg,0212000B0AAAAAA,9,34.8516
53,E85045,Atorvastatin_Tab 20mg,0212000B0AAABAB,98,292.9514
54,E85045,Atorvastatin_Tab 40mg,0212000B0AAACAC,84,254.22549999999998
55,E85045,Clopidogrel_Tab 75mg,0209000C0AAAAAA,26,26.319999999999997
56,E85045,Eplerenone_Tab 25mg,0202030X0AAAAAA,13,-0.057199999999999473
57,E85045,Losartan Pot_Tab 50mg,0205052N0AAABAB,28,71.62400000000001
58,E85052,Amlodipine_Tab 10mg,0206020A0AAABAB,40,17.695999999999994
59,E85052,Atorvastatin_Tab 10mg,0212000B0AAAAAA,12,0.02520000000000014
60,E85052,Atorvastatin_Tab 20mg,0212000B0AAABAB,96,22.512
61,E85052,Clopidogrel_Tab 75mg,0209000C0AAAAAA,76,0.3723999999999996
62,E85052,Eplerenone_Tab 25mg,0202030X0AAAAAA,4,-0.01759999999999806
63,E85052,Losartan Pot_Tab 50mg,0205052N0AAABAB,55,-0.15400000000000041
64,E85052,Memantine HCl_Tab 20mg,0411000G0AAADAD,4,0.01959999999999998
65,E85052,Pregabalin_Cap 75mg,0408010AEAAACAC,8,0.04479999999999973
66,E85052,Risperidone_Tab 6mg,040201030AAAFAF,4,29.232
67,E85056,Amlodipine_Tab 10mg,0206020A0AAABAB,39,35.5208
68,E85056,Atorvastatin_Tab 10mg,0212000B0AAAAAA,8,0.016800000000000093
69,E85056,Atorvastatin_Tab 20mg,0212000B0AAABAB,1,-0.0029999999999998778
70,E85056,Atorvastatin_Tab 40mg,0212000B0AAACAC,61,0.4896000000000029
71,E85056,Clopidogrel_Tab 75mg,0209000C0AAAAAA,56,0.2743999999999997
72,E85056,Eplerenone_Tab 25mg,0202030X0AAAAAA,4,-0.017599999999999838
73,E85056,Losartan Pot_Tab 50mg,0205052N0AAABAB,22,-0.06160000000000016
74,E85056,Memantine HCl_Tab 20mg,0411000G0AAADAD,2,57.00450000000001
75,E85056,Pregabalin_Cap 75mg,0408010AEAAACAC,7,0.030799999999999814
76,E85056,Risperidone_Tab 6mg,040201030AAAFAF,1,29.2096
77,E85058,Atorvastatin_Tab 10mg,0212000B0AAAAAA,118,23.274300000000014
78,E85058,Clopidogrel_Tab 75mg,0209000C0AAAAAA,83,0.40669999999999956
79,E85058,Eplerenone_Tab 25mg,0202030X0AAAAAA,4,-0.017599999999999838
80,E85058,Losartan Pot_Tab 50mg,0205052N0AAABAB,33,-0.06440000000000012
81,E85058,Memantine HCl_Tab 20mg,0411000G0AAADAD,4,0.01959999999999998
82,E85058,Pregabalin_Cap 75mg,0408010AEAAACAC,4,0.022399999999999864
83,E85058,Risperidone_Tab 6mg,040201030AAAFAF,4,29.232
84,E85059,Atorvastatin_Tab 10mg,0212000B0AAAAAA,16,0.033600000000000185
85,E85059,Atorvastatin_Tab 20mg,0212000B0AAABAB,122,22.5456
86,E85059,Clopidogrel_Tab 75mg,0209000C0AAAAAA,95,0.46549999999999947
87,E85059,Eplerenone_Tab 25mg,0202030X0AAAAAA,15,-0.06599999999999939
88,E85059,Losartan Pot_Tab 50mg,0205052N0AAABAB,20,-0.028000000000000025
89,E85060,Atorvastatin_Tab 10mg,0212000B0AAAAAA,11,0.023100000000000127
90,E85060,Atorvastatin_Tab 40mg,0212000B0AAACAC,1,0.006000000000000172
91,E85060,Clopidogrel_Tab 75mg,0209000C0AAAAAA,60,0.2750999999999987
92,E85060,Losartan Pot_Tab 50mg,0205052N0AAABAB,12,-0.01400000000000011
93,E85060,Memantine HCl_Tab 20mg,0411000G0AAADAD,4,0.01959999999999998
94,E85060,Pregabalin_Cap 75mg,0408010AEAAACAC,6,0.0335999999999998
95,E85062,Atorvastatin_Tab 20mg,0212000B0AAABAB,81,45.19480000000001
96,E85062,Clopidogrel_Tab 75mg,0209000C0AAAAAA,27,-0.05670000000000031
97,E85062,Eplerenone_Tab 25mg,0202030X0AAAAAA,2,32.396
98,E85062,Losartan Pot_Tab 50mg,0205052N0AAABAB,12,-0.03360000000000009
99,E85062,Pregabalin_Cap 75mg,0408010AEAAACAC,14,0.03639999999999949
100,E85071,Atorvastatin_Tab 10mg,0212000B0AAAAAA,28,23.371399999999998
101,E85071,Clopidogrel_Tab 75mg,0209000C0AAAAAA,15,0.07349999999999993
102,E85071,Eplerenone_Tab 25mg,0202030X0AAAAAA,8,-0.035199999999999676
103,E85071,Memantine HCl_Tab 20mg,0411000G0AAADAD,12,0.058799999999999936
104,E85071,Risperidone_Tab 6mg,040201030AAAFAF,1,29.2096
105,E85113,Atorvastatin_Tab 10mg,0212000B0AAAAAA,4,0.008400000000000046
106,E85113,Atorvastatin_Tab 40mg,0212000B0AAACAC,1,0.006000000000000172
107,E85113,Clopidogrel_Tab 75mg,0209000C0AAAAAA,60,0.3254999999999984
108,E85113,Losartan Pot_Tab 50mg,0205052N0AAABAB,4,-0.01120000000000003
109,E85113,Memantine HCl_Tab 20mg,0411000G0AAADAD,4,0.01959999999999998
110,E85114,Atorvastatin_Tab 10mg,0212000B0AAAAAA,19,0.03990000000000022
111,E85114,Atorvastatin_Tab 20mg,0212000B0AAABAB,1,0.006000000000000172
112,E85114,Clopidogrel_Tab 75mg,0209000C0AAAAAA,87,0.4262999999999995
113,E85114,Eplerenone_Tab 25mg,0202030X0AAAAAA,9,30.2244
114,E85114,Losartan Pot_Tab 50mg,0205052N0AAABAB,32,-0.06160000000000011
115,E85115,Atorvastatin_Tab 10mg,0212000B0AAAAAA,46,33.6756
116,E85115,Atorvastatin_Tab 20mg,0212000B0AAABAB,123,48.048
117,E85115,Atorvastatin_Tab 40mg,0212000B0AAACAC,48,0.03360000000000096
118,E85115,Clopidogrel_Tab 75mg,0209000C0AAAAAA,60,93.10560000000002
119,E85115,Losartan Pot_Tab 50mg,0205052N0AAABAB,4,-0.01120000000000003
120,E85115,Memantine HCl_Tab 20mg,0411000G0AAADAD,1,113.99920000000002
121,E85126,Atorvastatin_Tab 10mg,0212000B0AAAAAA,20,0.04200000000000023
122,E85126,Atorvastatin_Tab 20mg,0212000B0AAABAB,1,0.005000000000000143
123,E85126,Atorvastatin_Tab 40mg,0212000B0AAACAC,1,0.006000000000000172
124,E85126,Clopidogrel_Tab 75mg,0209000C0AAAAAA,71,0.3478999999999996
125,E85126,Eplerenone_Tab 25mg,0202030X0AAAAAA,2,60.5136
126,E85126,Losartan Pot_Tab 50mg,0205052N0AAABAB,17,-0.04760000000000013
127,E85126,Pregabalin_Cap 75mg,0408010AEAAACAC,12,0.04479999999999973
128,E85600,Atorvastatin_Tab 10mg,0212000B0AAAAAA,19,0.04200000000000023
129,E85600,Clopidogrel_Tab 75mg,0209000C0AAAAAA,60,0.2939999999999997
130,E85600,Pregabalin_Cap 75mg,0408010AEAAACAC,10,0.04479999999999973
131,E85605,Amlodipine_Tab 10mg,0206020A0AAABAB,49,35.397600000000004
132,E85605,Atorvastatin_Tab 10mg,0212000B0AAAAAA,37,23.233
133,E85605,Clopidogrel_Tab 75mg,0209000C0AAAAAA,98,0.48019999999999946
134,E85605,Eplerenone_Tab 25mg,0202030X0AAAAAA,12,-0.052799999999999514
135,E85605,Losartan Pot_Tab 50mg,0205052N0AAABAB,14,-0.0392000000000001
136,E85605,Memantine HCl_Tab 20mg,0411000G0AAADAD,4,0.01959999999999998
137,E85605,Pregabalin_Cap 75mg,0408010AEAAACAC,16,0.09239999999999915
138,E85625,Amlodipine_Tab 10mg,0206020A0AAABAB,9,26.6112
139,E85625,Atorvastatin_Tab 10mg,0212000B0AAAAAA,10,0.02310000000000008
140,E85625,Clopidogrel_Tab 75mg,0209000C0AAAAAA,5,0.024499999999999973
141,E85625,Losartan Pot_Tab 50mg,0205052N0AAABAB,10,-0.028000000000000073
142,E85625,Risperidone_Tab 6mg,040201030AAAFAF,2,58.4192
143,E85658,Atorvastatin_Tab 10mg,0212000B0AAAAAA,13,0.02730000000000015
144,E85658,Clopidogrel_Tab 75mg,0209000C0AAAAAA,22,0.10779999999999988
145,E85658,Losartan Pot_Tab 50mg,0205052N0AAABAB,4,-0.01120000000000003
146,E85681,Atorvastatin_Tab 10mg,0212000B0AAAAAA,20,0.04200000000000023
147,E85681,Atorvastatin_Tab 20mg,0212000B0AAABAB,13,22.550000000000004
148,E85681,Clopidogrel_Tab 75mg,0209000C0AAAAAA,123,79.8084
149,E85681,Eplerenone_Tab 25mg,0202030X0AAAAAA,4,-0.017599999999999838
150,E85681,Losartan Pot_Tab 50mg,0205052N0AAABAB,20,-0.05600000000000015
151,E85681,Pregabalin_Cap 75mg,0408010AEAAACAC,13,0.041999999999999454
152,E85683,Atorvastatin_Tab 10mg,0212000B0AAAAAA,4,0.008400000000000046
153,E85683,Clopidogrel_Tab 75mg,0209000C0AAAAAA,2,0.00979999999999999
154,E85683,Losartan Pot_Tab 50mg,0205052N0AAABAB,14,-0.0392000000000001
155,E85692,Atorvastatin_Tab 10mg,0212000B0AAAAAA,7,0.014700000000000081
156,E85692,Atorvastatin_Tab 20mg,0212000B0AAABAB,68,0.19040000000000545
157,E85692,Clopidogrel_Tab 75mg,0209000C0AAAAAA,41,0.20089999999999977
158,E85692,Losartan Pot_Tab 50mg,0205052N0AAABAB,5,-0.014000000000000037
159,E85693,Atorvastatin_Tab 10mg,0212000B0AAAAAA,6,0.01260000000000007
160,E85693,Clopidogrel_Tab 75mg,0209000C0AAAAAA,37,0.1812999999999998
161,E85693,Losartan Pot_Tab 50mg,0205052N0AAABAB,24,-0.06720000000000018
162,E85693,Memantine HCl_Tab 20mg,0411000G0AAADAD,5,0.024499999999999973
163,E85693,Pregabalin_Cap 75mg,0408010AEAAACAC,9,0.050399999999999695
164,E85696,Atorvastatin_Tab 10mg,0212000B0AAAAAA,35,0.0735000000000004
165,E85696,Clopidogrel_Tab 75mg,0209000C0AAAAAA,65,52.78559999999999
166,E85696,Losartan Pot_Tab 50mg,0205052N0AAABAB,16,0.002799999999999983
167,E85697,Amlodipine_Tab 10mg,0206020A0AAABAB,39,17.69039999999999
168,E85697,Atorvastatin_Tab 10mg,0212000B0AAAAAA,32,23.2862
169,E85697,Clopidogrel_Tab 75mg,0209000C0AAAAAA,40,0.1875999999999997
170,E85697,Pregabalin_Cap 75mg,0408010AEAAACAC,4,0.022399999999999864
171,E85699,Atorvastatin_Tab 10mg,0212000B0AAAAAA,104,69.7978
172,E85699,Atorvastatin_Tab 20mg,0212000B0AAABAB,121,22.699600000000014
173,E85699,Atorvastatin_Tab 40mg,0212000B0AAACAC,183,89.2212
174,E85699,Clopidogrel_Tab 75mg,0209000C0AAAAAA,55,0.2694999999999997
175,E85699,Eplerenone_Tab 25mg,0202030X0AAAAAA,1,-0.0035999999999996035
176,E85699,Losartan Pot_Tab 50mg,0205052N0AAABAB,54,23.805600000000002
177,E85699,Memantine HCl_Tab 20mg,0411000G0AAADAD,16,63.8848
178,E85699,Pregabalin_Cap 75mg,0408010AEAAACAC,10,0.05599999999999966
179,E85699,Risperidone_Tab 6mg,040201030AAAFAF,2,29.2096
180,E85700,Atorvastatin_Tab 10mg,0212000B0AAAAAA,8,11.6592
181,E85700,Atorvastatin_Tab 20mg,0212000B0AAABAB,113,653.6614000000001
182,E85700,Clopidogrel_Tab 75mg,0209000C0AAAAAA,11,0.05389999999999994
183,E85700,Losartan Pot_Tab 50mg,0205052N0AAABAB,4,-0.01120000000000003
184,E85700,Memantine HCl_Tab 20mg,0411000G0AAADAD,3,0.014699999999999984
185,E85707,Atorvastatin_Tab 10mg,0212000B0AAAAAA,5,0.010500000000000058
186,E85707,Atorvastatin_Tab 20mg,0212000B0AAABAB,36,67.73760000000001
187,E85707,Clopidogrel_Tab 75mg,0209000C0AAAAAA,76,0.4255999999999974
188,E85707,Losartan Pot_Tab 50mg,0205052N0AAABAB,14,-0.0392000000000001
189,E85708,Atorvastatin_Tab 10mg,0212000B0AAAAAA,10,0.021000000000000116
190,E85708,Atorvastatin_Tab 20mg,0212000B0AAABAB,68,45.315200000000004
191,E85708,Atorvastatin_Tab 40mg,0212000B0AAACAC,91,111.3182
192,E85708,Clopidogrel_Tab 75mg,0209000C0AAAAAA,55,0.2694999999999997
193,E85708,Losartan Pot_Tab 50mg,0205052N0AAABAB,13,-0.0364000000000001
194,E85708,Memantine HCl_Tab 20mg,0411000G0AAADAD,3,0.014699999999999984
195,E85708,Pregabalin_Cap 75mg,0408010AEAAACAC,4,0.022399999999999864
196,E85713,Amlodipine_Tab 10mg,0206020A0AAABAB,36,8.870400000000002
197,E85713,Atorvastatin_Tab 10mg,0212000B0AAAAAA,20,23.2764
198,E85713,Atorvastatin_Tab 20mg,0212000B0AAABAB,2,-0.006899999999999719
199,E85713,Clopidogrel_Tab 75mg,0209000C0AAAAAA,43,52.6876
200,E85713,Eplerenone_Tab 25mg,0202030X0AAAAAA,6,-0.026399999999999757
201,E85713,Losartan Pot_Tab 50mg,0205052N0AAABAB,13,11.939200000000003
202,E85713,Pregabalin_Cap 75mg,0408010AEAAACAC,9,0.050399999999999695
203,E85716,Atorvastatin_Tab 10mg,0212000B0AAAAAA,11,0.023100000000000127
204,E85716,Clopidogrel_Tab 75mg,0209000C0AAAAAA,78,0.3821999999999996
205,E85716,Eplerenone_Tab 25mg,0202030X0AAAAAA,13,-0.04879999999999585
206,E85716,Losartan Pot_Tab 50mg,0205052N0AAABAB,32,-0.07000000000000026
207,E85718,Atorvastatin_Tab 40mg,0212000B0AAACAC,3,44.50320000000001
208,E85718,Clopidogrel_Tab 75mg,0209000C0AAAAAA,9,0.07559999999999867
209,E85718,Losartan Pot_Tab 50mg,0205052N0AAABAB,7,11.936400000000003
210,E85734,Clopidogrel_Tab 75mg,0209000C0AAAAAA,29,35.0546
211,E85734,Eplerenone_Tab 25mg,0202030X0AAAAAA,4,-0.017599999999999838
212,E85734,Losartan Pot_Tab 50mg,0205052N0AAABAB,4,-0.01120000000000003
213,E85735,Atorvastatin_Tab 10mg,0212000B0AAAAAA,16,0.033600000000000185
214,E85735,Atorvastatin_Tab 20mg,0212000B0AAABAB,1,0.004400000000000015
215,E85735,Clopidogrel_Tab 75mg,0209000C0AAAAAA,29,0.14209999999999984
216,E85735,Eplerenone_Tab 25mg,0202030X0AAAAAA,6,-0.026399999999999757
217,E85735,Pregabalin_Cap 75mg,0408010AEAAACAC,5,-0.0105000000000003
218,E85736,Atorvastatin_Tab 10mg,0212000B0AAAAAA,4,0.008400000000000046
219,E85736,Clopidogrel_Tab 75mg,0209000C0AAAAAA,43,0.21069999999999978
220,E85736,Eplerenone_Tab 25mg,0202030X0AAAAAA,10,-0.043999999999999595
221,E85736,Losartan Pot_Tab 50mg,0205052N0AAABAB,7,-0.01960000000000005
222,E85736,Memantine HCl_Tab 20mg,0411000G0AAADAD,17,0.0832999999999999
223,E85736,Pregabalin_Cap 75mg,0408010AEAAACAC,12,0.0671999999999996
224,E85739,Amlodipine_Tab 10mg,0206020A0AAABAB,68,8.901200000000001
225,E85739,Atorvastatin_Tab 10mg,0212000B0AAAAAA,28,0.058800000000000324
226,E85739,Atorvastatin_Tab 20mg,0212000B0AAABAB,97,0.5432000000000156
227,E85739,Clopidogrel_Tab 75mg,0209000C0AAAAAA,71,0.3478999999999996
228,E85739,Losartan Pot_Tab 50mg,0205052N0AAABAB,29,10.596600000000002
229,E85739,Memantine HCl_Tab 20mg,0411000G0AAADAD,4,0.01959999999999998
230,E85739,Pregabalin_Cap 75mg,0408010AEAAACAC,8,0.04479999999999973
231,E85744,Atorvastatin_Tab 10mg,0212000B0AAAAAA,101,81.47930000000001
232,E85744,Atorvastatin_Tab 20mg,0212000B0AAABAB,43,22.576200000000004
233,E85744,Atorvastatin_Tab 40mg,0212000B0AAACAC,9,-0.03779999999999996
234,E85744,Clopidogrel_Tab 75mg,0209000C0AAAAAA,99,9.179099999999996
235,E85744,Eplerenone_Tab 25mg,0202030X0AAAAAA,4,-0.017599999999999838
236,E85744,Losartan Pot_Tab 50mg,0205052N0AAABAB,17,-0.04760000000000013
237,E85744,Memantine HCl_Tab 20mg,0411000G0AAADAD,10,63.931
238,E85744,Pregabalin_Cap 75mg,0408010AEAAACAC,30,170.33200000000002
239,E85744,Risperidone_Tab 6mg,040201030AAAFAF,4,29.232
240,E85746,Clopidogrel_Tab 75mg,0209000C0AAAAAA,21,2.2799000000000005
241,E85750,Atorvastatin_Tab 10mg,0212000B0AAAAAA,17,0.02960000000000021
242,E85750,Clopidogrel_Tab 75mg,0209000C0AAAAAA,87,0.4262999999999995
243,E85750,Eplerenone_Tab 25mg,0202030X0AAAAAA,8,-0.035199999999999676
244,E85750,Losartan Pot_Tab 50mg,0205052N0AAABAB,12,-0.005599999999999966
245,E85750,Memantine HCl_Tab 20mg,0411000G0AAADAD,12,0.058799999999999936
246,E85750,Pregabalin_Cap 75mg,0408010AEAAACAC,10,0.050399999999999695
247,Y02671,Amlodipine_Tab 10mg,0206020A0AAABAB,54,53.22239999999999
248,Y02671,Atorvastatin_Tab 10mg,0212000B0AAAAAA,24,34.846799999999995
249,Y02671,Atorvastatin_Tab 20mg,0212000B0AAABAB,87,90.13200000000002
250,Y02671,Atorvastatin_Tab 40mg,0212000B0AAACAC,12,66.79199999999999
251,Y02671,Clopidogrel_Tab 75mg,0209000C0AAAAAA,75,17.765999999999995
252,Y02671,Losartan Pot_Tab 50mg,0205052N0AAABAB,26,2.791
253,Y02671,Pregabalin_Cap 75mg,0408010AEAAACAC,12,0.05599999999999966
254,Y02672,Amlodipine_Tab 10mg,0206020A0AAABAB,63,8.819999999999995
255,Y02672,Atorvastatin_Tab 10mg,0212000B0AAAAAA,5,0.010500000000000058
256,Y02672,Clopidogrel_Tab 75mg,0209000C0AAAAAA,46,0.22539999999999977
257,Y02672,Losartan Pot_Tab 50mg,0205052N0AAABAB,35,0.16239999999999893
258,Y02672,Pregabalin_Cap 75mg,0408010AEAAACAC,4,0.022399999999999864
