,practice_code,bnf_description,bnf_code,items,excess_cost
38,H81075,Risperidone_Tab 6mg,040201030AAAFAF,2,58.4192
55,H81013,Mesalazine_Tab E/C 400mg,0105010B0AAAAAA,1,11.978399999999999
39,H81013,Amiodarone HCl_Tab 200mg,0203020D0AAABAB,23,8.050000000000008
65,H81069,Verapamil HCl_Tab 160mg,0206020T0AAAGAG,2,7.593599999999984
58,H81130,Topiramate_Tab 200mg,040801050AAACAC,1,7.469999999999997
56,H81013,Ephed HCl_Tab 30mg,0301012F0AAABAB,1,5.84639999999999
0,H81075,Clonazepam_Tab 500mcg,0408010F0AAABAB,9,5.695199999999988
1,H81069,Clonazepam_Tab 500mcg,0408010F0AAABAB,7,4.429599999999991
3,H81013,Clonazepam_Tab 500mcg,0408010F0AAABAB,3,4.067999999999992
2,H81069,Clonazepam_Tab 500mcg,0408010F0AAABAB,1,4.067999999999992
57,H81075,Ephed HCl_Tab 30mg,0301012F0AAABAB,1,3.8975999999999935
5,H81013,Clonazepam_Tab 500mcg,0408010F0AAABAB,2,3.796799999999992
4,H81069,Clonazepam_Tab 500mcg,0408010F0AAABAB,1,3.796799999999992
7,H81013,Clonazepam_Tab 500mcg,0408010F0AAABAB,10,3.1639999999999935
6,H81013,Clonazepam_Tab 500mcg,0408010F0AAABAB,5,3.1639999999999935
61,H81075,Pyridox HCl_Tab 50mg,0906024N0AAAIAI,1,2.8728000000000007
60,H81130,Pyridox HCl_Tab 50mg,0906024N0AAAIAI,2,2.8728000000000007
8,H81040,Clonazepam_Tab 500mcg,0408010F0AAABAB,1,2.7119999999999944
78,H81075,Topiramate_Cap 50mg,040801050AAAWAW,1,2.567999999999997
40,H81069,Amiodarone HCl_Tab 200mg,0203020D0AAABAB,1,2.450000000000002
9,H81075,Clonazepam_Tab 500mcg,0408010F0AAABAB,2,2.2599999999999953
41,H81130,Amiodarone HCl_Tab 200mg,0203020D0AAABAB,2,2.100000000000002
79,H81013,Topiramate_Cap 50mg,040801050AAAWAW,1,1.9259999999999977
62,H81013,Pyridox HCl_Tab 50mg,0906024N0AAAIAI,1,1.9152000000000005
10,H81130,Clonazepam_Tab 500mcg,0408010F0AAABAB,2,1.898399999999996
11,H81013,Clonazepam_Tab 500mcg,0408010F0AAABAB,2,1.898399999999996
12,H81069,Clonazepam_Tab 500mcg,0408010F0AAABAB,6,1.898399999999996
13,H81075,Clonazepam_Tab 500mcg,0408010F0AAABAB,1,1.5819999999999967
14,H81040,Clonazepam_Tab 500mcg,0408010F0AAABAB,6,1.423799999999997
42,H81075,Amiodarone HCl_Tab 200mg,0203020D0AAABAB,2,1.4000000000000012
15,H81040,Clonazepam_Tab 500mcg,0408010F0AAABAB,1,1.3559999999999972
17,H81075,Clonazepam_Tab 500mcg,0408010F0AAABAB,1,1.2655999999999974
16,H81039,Clonazepam_Tab 500mcg,0408010F0AAABAB,1,1.2655999999999974
66,H81013,Diltiazem HCl_Tab 60mg M/R,0206020C0AAAAAA,5,1.2320000000000042
59,H81069,Topiramate_Tab 200mg,040801050AAACAC,1,1.1647999999999992
19,H81130,Clonazepam_Tab 500mcg,0408010F0AAABAB,1,1.1299999999999977
18,H81040,Clonazepam_Tab 500mcg,0408010F0AAABAB,1,1.1299999999999977
67,H81013,Diltiazem HCl_Tab 60mg M/R,0206020C0AAAAAA,3,1.1088000000000038
20,H81013,Clonazepam_Tab 500mcg,0408010F0AAABAB,1,1.016999999999998
21,H81039,Clonazepam_Tab 500mcg,0408010F0AAABAB,1,0.949199999999998
43,H81075,Amiodarone HCl_Tab 200mg,0203020D0AAABAB,11,0.9317
48,H81069,Amiodarone HCl_Tab 200mg,0203020D0AAABAB,1,0.7000000000000006
49,H81075,Amiodarone HCl_Tab 200mg,0203020D0AAABAB,2,0.7000000000000006
44,H81082,Amiodarone HCl_Tab 200mg,0203020D0AAABAB,1,0.7000000000000006
45,H81082,Amiodarone HCl_Tab 200mg,0203020D0AAABAB,2,0.7000000000000006
46,H81040,Amiodarone HCl_Tab 200mg,0203020D0AAABAB,1,0.7000000000000006
47,H81039,Amiodarone HCl_Tab 200mg,0203020D0AAABAB,1,0.7000000000000006
22,H81075,Clonazepam_Tab 500mcg,0408010F0AAABAB,1,0.6779999999999986
50,H81040,Amiodarone HCl_Tab 200mg,0203020D0AAABAB,8,0.6776
26,H81130,Clonazepam_Tab 500mcg,0408010F0AAABAB,1,0.6327999999999987
23,H81039,Clonazepam_Tab 500mcg,0408010F0AAABAB,1,0.6327999999999987
24,H81130,Clonazepam_Tab 500mcg,0408010F0AAABAB,2,0.6327999999999987
25,H81039,Clonazepam_Tab 500mcg,0408010F0AAABAB,2,0.6327999999999987
28,H81082,Clonazepam_Tab 500mcg,0408010F0AAABAB,2,0.6327999999999987
27,H81082,Clonazepam_Tab 500mcg,0408010F0AAABAB,1,0.6327999999999987
68,H81039,Diltiazem HCl_Tab 60mg M/R,0206020C0AAAAAA,1,0.5280000000000018
72,H81069,Diltiazem HCl_Tab 60mg M/R,0206020C0AAAAAA,1,0.5040000000000004
71,H81039,Diltiazem HCl_Tab 60mg M/R,0206020C0AAAAAA,1,0.5040000000000004
70,H81040,Diltiazem HCl_Tab 60mg M/R,0206020C0AAAAAA,1,0.5040000000000004
69,H81130,Diltiazem HCl_Tab 60mg M/R,0206020C0AAAAAA,1,0.5040000000000004
64,H81013,Pyridox HCl_Tab 50mg,0906024N0AAAIAI,1,0.4788000000000001
63,H81039,Pyridox HCl_Tab 50mg,0906024N0AAAIAI,1,0.4788000000000001
29,H81082,Clonazepam_Tab 500mcg,0408010F0AAABAB,1,0.474599999999999
73,H81039,Diltiazem HCl_Tab 60mg M/R,0206020C0AAAAAA,1,0.36960000000000126
51,H81130,Amiodarone HCl_Tab 200mg,0203020D0AAABAB,1,0.3500000000000003
53,H81069,Amiodarone HCl_Tab 200mg,0203020D0AAABAB,1,0.3500000000000003
52,H81040,Amiodarone HCl_Tab 200mg,0203020D0AAABAB,1,0.3500000000000003
30,H81130,Clonazepam_Tab 500mcg,0408010F0AAABAB,1,0.3389999999999993
31,H81040,Clonazepam_Tab 500mcg,0408010F0AAABAB,1,0.31639999999999935
32,H81075,Clonazepam_Tab 500mcg,0408010F0AAABAB,4,0.31639999999999935
74,H81013,Diltiazem HCl_Tab 60mg M/R,0206020C0AAAAAA,1,0.2640000000000009
75,H81013,Diltiazem HCl_Tab 60mg M/R,0206020C0AAAAAA,2,0.2520000000000002
76,H81040,Diltiazem HCl_Tab 60mg M/R,0206020C0AAAAAA,1,0.24640000000000084
35,H81130,Clonazepam_Tab 500mcg,0408010F0AAABAB,1,0.15819999999999967
36,H81039,Clonazepam_Tab 500mcg,0408010F0AAABAB,1,0.15819999999999967
34,H81069,Clonazepam_Tab 500mcg,0408010F0AAABAB,1,0.15819999999999967
33,H81013,Clonazepam_Tab 500mcg,0408010F0AAABAB,1,0.15819999999999967
37,H81082,Clonazepam_Tab 500mcg,0408010F0AAABAB,1,0.15819999999999967
77,H81069,Diltiazem HCl_Tab 60mg M/R,0206020C0AAAAAA,1,0.1260000000000001
54,H81013,Amiodarone HCl_Tab 200mg,0203020D0AAABAB,1,0.0847
