,practice_code,bnf_description,bnf_code,items,excess_cost
0,G83001,Clonazepam_Tab 500mcg,0408010F0AAABAB,19,9.781799999999981
1,G83001,Co-Codamol_Tab 8mg/500mg,0407010F0AAAAAA,14,-0.040399999999999756
2,G83003,Clonazepam_Tab 500mcg,0408010F0AAABAB,3,2.2147999999999954
3,G83003,Pregabalin_Cap 50mg,0408010AEAAABAB,1,0.004199999999999926
4,G83012,Clonazepam_Tab 500mcg,0408010F0AAABAB,21,8.135999999999983
5,G83012,Co-Codamol_Tab 8mg/500mg,0407010F0AAAAAA,8,-0.0335999999999998
6,G83012,Methocarbamol_Tab 750mg,1002020S0AAABAB,36,16.2588
7,G83012,Pregabalin_Cap 50mg,0408010AEAAABAB,1,0.00560000000000016
8,G83012,Topiramate_Tab 200mg,040801050AAACAC,5,6.133599999999998
9,G83013,Clonazepam_Tab 500mcg,0408010F0AAABAB,2,0.994399999999998
10,G83013,Co-Codamol_Tab 8mg/500mg,0407010F0AAAAAA,2,0.00999999999999994
11,G83013,Phenytoin_Sod Tab 100mg,0408010Q0AAAGAG,2,0.023999999999997357
12,G83015,Clonazepam_Tab 500mcg,0408010F0AAABAB,4,4.723399999999991
13,G83015,Methocarbamol_Tab 750mg,1002020S0AAABAB,2,1.9263999999999992
14,G83015,Pregabalin_Cap 50mg,0408010AEAAABAB,2,0.01120000000000032
15,G83016,Clonazepam_Tab 500mcg,0408010F0AAABAB,4,4.339199999999991
16,G83016,Co-Codamol_Tab 8mg/500mg,0407010F0AAAAAA,2,0.0167999999999999
17,G83016,Methocarbamol_Tab 750mg,1002020S0AAABAB,2,0.9459999999999996
18,G83016,Pregabalin_Cap 50mg,0408010AEAAABAB,6,0.028000000000000025
19,G83016,Risperidone_Tab 6mg,040201030AAAFAF,1,29.2096
20,G83016,Topiramate_Tab 200mg,040801050AAACAC,1,4.979999999999998
21,G83019,Clonazepam_Tab 500mcg,0408010F0AAABAB,14,9.039999999999981
22,G83019,Co-Careldopa_Tab 25mg/100mg,0409010N0AAABAB,1,0.00560000000000016
23,G83019,Co-Codamol_Tab 8mg/500mg,0407010F0AAAAAA,6,0.02799999999999983
24,G83019,Methocarbamol_Tab 750mg,1002020S0AAABAB,2,0.7996000000000011
25,G83019,Pregabalin_Cap 50mg,0408010AEAAABAB,13,0.06440000000000184
26,G83021,Clonazepam_Tab 500mcg,0408010F0AAABAB,5,4.090599999999991
27,G83021,Co-Careldopa_Tab 25mg/100mg,0409010N0AAABAB,1,56.60999999999999
28,G83021,Co-Codamol_Tab 8mg/500mg,0407010F0AAAAAA,6,0.02999999999999982
29,G83021,Methocarbamol_Tab 750mg,1002020S0AAABAB,3,2.889599999999999
30,G83021,Pregabalin_Cap 50mg,0408010AEAAABAB,7,0.004199999999999926
31,G83026,Clonazepam_Tab 500mcg,0408010F0AAABAB,8,3.954999999999992
32,G83026,Co-Codamol_Tab 8mg/500mg,0407010F0AAAAAA,8,0.028599999999999827
33,G83026,Methocarbamol_Tab 750mg,1002020S0AAABAB,2,0.7739999999999997
34,G83026,Pregabalin_Cap 50mg,0408010AEAAABAB,8,0.039200000000000346
35,G83026,Risperidone_Tab 6mg,040201030AAAFAF,1,29.2096
36,G83026,Topiramate_Tab 200mg,040801050AAACAC,2,4.979999999999998
37,G83027,Buprenorphine_Tab Subling 400mcg S/F,0410030A0AAACAC,1,0.3808
38,G83027,Clonazepam_Tab 500mcg,0408010F0AAABAB,14,6.3166999999999875
39,G83027,Co-Codamol_Tab 8mg/500mg,0407010F0AAAAAA,6,0.022399999999999864
40,G83027,Mesalazine_Tab E/C 400mg,0105010B0AAAAAA,1,47.913599999999995
41,G83027,Methocarbamol_Tab 750mg,1002020S0AAABAB,1,0.4299999999999998
42,G83027,Phenytoin_Sod Tab 100mg,0408010Q0AAAGAG,2,24.23679999999999
43,G83027,Pregabalin_Cap 50mg,0408010AEAAABAB,6,0.02100000000000002
44,G83027,Risperidone_Tab 6mg,040201030AAAFAF,4,29.232
45,G83027,Topiramate_Tab 200mg,040801050AAACAC,2,6.9663999999999975
46,G83030,Clonazepam_Tab 500mcg,0408010F0AAABAB,8,3.1217999999999937
47,G83030,Co-Codamol_Tab 8mg/500mg,0407010F0AAAAAA,4,0.01999999999999988
48,G83031,Clonazepam_Tab 500mcg,0408010F0AAABAB,10,4.88159999999999
49,G83031,Co-Codamol_Tab 8mg/500mg,0407010F0AAAAAA,8,0.10720000000000002
50,G83031,Pregabalin_Cap 50mg,0408010AEAAABAB,9,0.00840000000000063
51,G83034,Clonazepam_Tab 500mcg,0408010F0AAABAB,4,0.6327999999999987
52,G83034,Co-Codamol_Tab 8mg/500mg,0407010F0AAAAAA,2,0.022399999999999864
53,G83034,Pregabalin_Cap 50mg,0408010AEAAABAB,10,-7.771561172376096e-16
54,G83039,Clonazepam_Tab 500mcg,0408010F0AAABAB,13,5.29439999999999
55,G83039,Co-Careldopa_Tab 25mg/100mg,0409010N0AAABAB,2,0.0028000000000004688
56,G83039,Co-Codamol_Tab 8mg/500mg,0407010F0AAAAAA,22,0.11039999999999933
57,G83039,Methocarbamol_Tab 750mg,1002020S0AAABAB,1,0.4299999999999998
58,G83039,Pregabalin_Cap 50mg,0408010AEAAABAB,8,30.161600000000004
59,G83044,Clonazepam_Tab 500mcg,0408010F0AAABAB,11,5.58219999999999
60,G83044,Co-Careldopa_Tab 25mg/100mg,0409010N0AAABAB,4,-0.011199999999998766
61,G83044,Co-Codamol_Tab 8mg/500mg,0407010F0AAAAAA,8,0.04119999999999975
62,G83044,Pregabalin_Cap 50mg,0408010AEAAABAB,3,0.015400000000000247
63,G83058,Clonazepam_Tab 500mcg,0408010F0AAABAB,11,6.976399999999986
64,G83058,Co-Codamol_Tab 8mg/500mg,0407010F0AAAAAA,6,0.028799999999999937
65,G83058,Pregabalin_Cap 50mg,0408010AEAAABAB,4,0.00560000000000016
66,G83060,Clonazepam_Tab 500mcg,0408010F0AAABAB,3,2.014399999999996
67,G83060,Co-Codamol_Tab 8mg/500mg,0407010F0AAAAAA,12,0.06119999999999963
68,G83060,Methocarbamol_Tab 750mg,1002020S0AAABAB,1,0.4815999999999998
69,G83060,Pregabalin_Cap 50mg,0408010AEAAABAB,3,0.01680000000000048
70,G83060,Risperidone_Tab 6mg,040201030AAAFAF,1,29.2096
71,G83065,Clonazepam_Tab 500mcg,0408010F0AAABAB,11,7.288499999999985
72,G83065,Pregabalin_Cap 50mg,0408010AEAAABAB,6,0.023800000000000487
73,G83065,Topiramate_Tab 200mg,040801050AAACAC,1,7.469999999999997
74,G83067,Buprenorphine_Tab Subling 400mcg S/F,0410030A0AAACAC,1,0.5712
75,G83067,Clonazepam_Tab 500mcg,0408010F0AAABAB,28,17.774899999999963
76,G83067,Co-Careldopa_Tab 25mg/100mg,0409010N0AAABAB,8,-0.022399999999997533
77,G83067,Co-Codamol_Tab 8mg/500mg,0407010F0AAAAAA,18,0.07639999999999955
78,G83067,Mesalazine_Tab E/C 400mg,0105010B0AAAAAA,1,11.978399999999999
79,G83067,Methocarbamol_Tab 750mg,1002020S0AAABAB,2,0.4048000000000014
80,G83067,Pregabalin_Cap 50mg,0408010AEAAABAB,7,0.025199999999999945
81,G83628,Clonazepam_Tab 500mcg,0408010F0AAABAB,4,3.932399999999992
82,G83628,Co-Careldopa_Tab 25mg/100mg,0409010N0AAABAB,4,0.012800000000000367
83,G83628,Pregabalin_Cap 50mg,0408010AEAAABAB,11,0.046199999999999186
84,G83631,Pregabalin_Cap 50mg,0408010AEAAABAB,2,0.01120000000000032
85,G83633,Clonazepam_Tab 500mcg,0408010F0AAABAB,3,1.2655999999999974
86,G83633,Co-Codamol_Tab 8mg/500mg,0407010F0AAAAAA,6,30.508799999999997
87,G83635,Buprenorphine_Tab Subling 400mcg S/F,0410030A0AAACAC,1,1.36
88,G83635,Clonazepam_Tab 500mcg,0408010F0AAABAB,2,1.943599999999996
89,G83641,Clonazepam_Tab 500mcg,0408010F0AAABAB,1,1.2655999999999974
90,G83641,Co-Codamol_Tab 8mg/500mg,0407010F0AAAAAA,2,0.00999999999999994
91,G83647,Clonazepam_Tab 500mcg,0408010F0AAABAB,15,9.830999999999978
92,G83647,Co-Codamol_Tab 8mg/500mg,0407010F0AAAAAA,8,0.03999999999999976
93,G83647,Methocarbamol_Tab 750mg,1002020S0AAABAB,3,1.229600000000001
94,G83647,Pregabalin_Cap 50mg,0408010AEAAABAB,3,0.00840000000000024
95,G83647,Risperidone_Tab 6mg,040201030AAAFAF,2,58.4192
96,G83651,Clonazepam_Tab 500mcg,0408010F0AAABAB,8,4.452199999999991
97,G83651,Co-Careldopa_Tab 25mg/100mg,0409010N0AAABAB,7,0.029400000000000842
98,G83651,Co-Codamol_Tab 8mg/500mg,0407010F0AAAAAA,6,0.02999999999999982
99,G83651,Methocarbamol_Tab 750mg,1002020S0AAABAB,8,1.5240000000000034
100,G83651,Pregabalin_Cap 50mg,0408010AEAAABAB,2,-0.00560000000000016
101,G83654,Clonazepam_Tab 500mcg,0408010F0AAABAB,3,3.2543999999999933
102,G83654,Pregabalin_Cap 50mg,0408010AEAAABAB,5,0.028000000000000802
103,G83663,Clonazepam_Tab 500mcg,0408010F0AAABAB,3,2.531199999999995
104,G83663,Phenytoin_Sod Tab 100mg,0408010Q0AAAGAG,7,21.207199999999993
105,G83673,Clonazepam_Tab 500mcg,0408010F0AAABAB,2,0.474599999999999
106,G83673,Co-Codamol_Tab 8mg/500mg,0407010F0AAAAAA,8,0.03999999999999976
107,G83673,Phenytoin_Sod Tab 100mg,0408010Q0AAAGAG,1,9.088799999999997
108,G83673,Pregabalin_Cap 50mg,0408010AEAAABAB,2,0.00280000000000008
109,G83680,Clonazepam_Tab 500mcg,0408010F0AAABAB,11,7.457999999999983
110,G83680,Co-Codamol_Tab 8mg/500mg,0407010F0AAAAAA,2,-0.009599999999999942
111,G83680,Pregabalin_Cap 50mg,0408010AEAAABAB,3,0.01680000000000048
112,Y02222,Clonazepam_Tab 500mcg,0408010F0AAABAB,6,5.152799999999989
113,Y02222,Co-Careldopa_Tab 25mg/100mg,0409010N0AAABAB,1,0.00560000000000016
114,Y02222,Methocarbamol_Tab 750mg,1002020S0AAABAB,3,1.6452
115,Y02222,Pregabalin_Cap 50mg,0408010AEAAABAB,6,0.03360000000000096
116,Y02522,Methocarbamol_Tab 750mg,1002020S0AAABAB,2,0.6148000000000005
117,Y02974,Clonazepam_Tab 500mcg,0408010F0AAABAB,3,1.3107999999999973
118,Y03106,Buprenorphine_Tab Subling 400mcg S/F,0410030A0AAACAC,39,31.39280000000001
119,Y03259,Clonazepam_Tab 500mcg,0408010F0AAABAB,1,0.15819999999999967
120,Y03259,Pregabalin_Cap 50mg,0408010AEAAABAB,1,-0.003000000000000086
121,Y03296,Clonazepam_Tab 500mcg,0408010F0AAABAB,4,2.056599999999996
122,Y03296,Co-Codamol_Tab 8mg/500mg,0407010F0AAAAAA,2,0.011199999999999932
123,Y03296,Risperidone_Tab 6mg,040201030AAAFAF,1,58.4192
124,Y03755,Clonazepam_Tab 500mcg,0408010F0AAABAB,14,5.465199999999989
125,Y03755,Co-Careldopa_Tab 25mg/100mg,0409010N0AAABAB,4,0.01120000000000032
126,Y03755,Co-Codamol_Tab 8mg/500mg,0407010F0AAAAAA,6,0.032399999999999804
127,Y03755,Mesalazine_Tab E/C 400mg,0105010B0AAAAAA,1,-17.112
128,Y03755,Pregabalin_Cap 50mg,0408010AEAAABAB,5,0.022399999999999864
129,Y05552,Co-Codamol_Tab 8mg/500mg,0407010F0AAAAAA,4,0.015599999999999906
130,Y05552,Methocarbamol_Tab 750mg,1002020S0AAABAB,2,0.2640000000000009
