,practice_code,bnf_description,bnf_code,items,excess_cost
0,C84010,Carbocisteine_Cap 375mg,0307000J0AAAAAA,10,1.5600000000000032
1,C84010,Clonazepam_Tab 500mcg,0408010F0AAABAB,7,5.695199999999988
2,C84010,Hydrocort_Tab 10mg,0603020J0AAADAD,6,163.1376
3,C84010,Paracet_Tab 500mg,0407010H0AAAMAM,40,23.4312
4,C84010,Paracet_Tab Solb 500mg,0407010H0AAAQAQ,2,0.012000000000000344
5,C84010,Pregabalin_Cap 75mg,0408010AEAAACAC,5,0.028799999999998577
6,C84026,Carbocisteine_Cap 375mg,0307000J0AAAAAA,1,-0.00280000000000008
7,C84026,Clonazepam_Tab 500mcg,0408010F0AAABAB,17,16.60359999999997
8,C84026,Paracet_Tab 500mg,0407010H0AAAMAM,318,9.115199999999964
9,C84026,Paracet_Tab Solb 500mg,0407010H0AAAQAQ,2,-0.011999999999998678
10,C84033,Atorvastatin_Tab 20mg,0212000B0AAABAB,88,45.27480000000002
11,C84033,Clonazepam_Tab 500mcg,0408010F0AAABAB,9,9.420199999999982
12,C84033,Paracet_Tab 500mg,0407010H0AAAMAM,388,49.31280000000009
13,C84033,Paracet_Tab Solb 500mg,0407010H0AAAQAQ,2,-0.006399999999999295
14,C84047,Carbocisteine_Cap 375mg,0307000J0AAAAAA,2,0.01120000000000032
15,C84047,Clonazepam_Tab 500mcg,0408010F0AAABAB,20,7.493399999999984
16,C84047,Mesalazine_Tab E/C 800mg,0105010B0AAASAS,6,57.399999999999984
17,C84047,Paracet_Tab 500mg,0407010H0AAAMAM,20,-0.08879999999999946
18,C84047,Paracet_Tab Solb 500mg,0407010H0AAAQAQ,2,-0.011999999999998678
19,C84053,Atorvastatin_Tab 20mg,0212000B0AAABAB,1,-0.0007999999999999674
20,C84053,Carbocisteine_Cap 375mg,0307000J0AAAAAA,4,0.02240000000000064
21,C84053,Clonazepam_Tab 500mcg,0408010F0AAABAB,30,21.266599999999954
22,C84053,Paracet_Tab 500mg,0407010H0AAAMAM,56,3.5043999999999986
23,C84053,Paracet_Tab Solb 500mg,0407010H0AAAQAQ,4,-0.023999999999997357
24,C84055,Atorvastatin_Tab 20mg,0212000B0AAABAB,91,22.677200000000013
25,C84055,Carbocisteine_Cap 375mg,0307000J0AAAAAA,1,42.767199999999995
26,C84055,Clonazepam_Tab 500mcg,0408010F0AAABAB,3,3.5255999999999927
27,C84055,Paracet_Tab 500mg,0407010H0AAAMAM,396,24.136000000000067
28,C84055,Paracet_Tab Solb 500mg,0407010H0AAAQAQ,4,164.5952
29,C84055,Risperidone_Tab 6mg,040201030AAAFAF,1,58.4192
30,C84066,Clonazepam_Tab 500mcg,0408010F0AAABAB,9,6.011599999999987
31,C84066,Hydrocort_Tab 10mg,0603020J0AAADAD,3,-0.0335999999999963
32,C84066,Paracet_Tab 500mg,0407010H0AAAMAM,390,46.29759999999999
33,C84066,Paracet_Tab Solb 500mg,0407010H0AAAQAQ,2,-0.006399999999999295
34,C84095,Clonazepam_Tab 500mcg,0408010F0AAABAB,9,5.695199999999988
35,C84095,Hydrocort_Tab 10mg,0603020J0AAADAD,1,-0.013999999999998458
36,C84095,Paracet_Tab 500mg,0407010H0AAAMAM,384,28.6368
37,C84115,Carbocisteine_Cap 375mg,0307000J0AAAAAA,4,1.0919999999999999
38,C84115,Clonazepam_Tab 500mcg,0408010F0AAABAB,3,0.949199999999998
39,C84115,Paracet_Tab 500mg,0407010H0AAAMAM,210,48.62560000000004
40,C84124,Carbocisteine_Cap 375mg,0307000J0AAAAAA,14,1.5656000000000017
41,C84124,Clonazepam_Tab 500mcg,0408010F0AAABAB,14,13.333999999999973
42,C84124,Paracet_Tab 500mg,0407010H0AAAMAM,704,-14.54159999999991
43,C84124,Paracet_Tab Solb 500mg,0407010H0AAAQAQ,2,-0.011999999999998678
44,C84124,Pregabalin_Cap 75mg,0408010AEAAACAC,6,0.0335999999999998
45,C84131,Carbocisteine_Cap 375mg,0307000J0AAAAAA,12,29.976
46,C84131,Clonazepam_Tab 500mcg,0408010F0AAABAB,4,4.4997999999999925
47,C84131,Memantine HCl_Tab 20mg,0411000G0AAADAD,7,63.895999999999994
48,C84131,Paracet_Tab 500mg,0407010H0AAAMAM,242,-7.345599999999985
49,C84131,Paracet_Tab Solb 500mg,0407010H0AAAQAQ,2,-0.011999999999998678
50,C84133,Clonazepam_Tab 500mcg,0408010F0AAABAB,3,2.2373999999999956
51,C84133,Paracet_Tab 500mg,0407010H0AAAMAM,342,164.59520000000003
52,C84133,Risperidone_Tab 6mg,040201030AAAFAF,1,14.6048
53,C84150,Clonazepam_Tab 500mcg,0408010F0AAABAB,4,1.7853999999999963
54,C84150,Hydrocort_Tab 10mg,0603020J0AAADAD,1,-0.011199999999998766
55,C84150,Paracet_Tab 500mg,0407010H0AAAMAM,38,52.24000000000001
56,C84613,Clonazepam_Tab 500mcg,0408010F0AAABAB,2,1.7627999999999964
57,C84613,Paracet_Tab 500mg,0407010H0AAAMAM,48,16.558400000000002
58,C84646,Atorvastatin_Tab 20mg,0212000B0AAABAB,217,23.088800000000028
59,C84646,Clonazepam_Tab 500mcg,0408010F0AAABAB,6,2.4673999999999947
60,C84646,Paracet_Tab 500mg,0407010H0AAAMAM,12,-0.0671999999999996
61,C84667,Atorvastatin_Tab 20mg,0212000B0AAABAB,1,0.00540000000000003
62,C84667,Clonazepam_Tab 500mcg,0408010F0AAABAB,5,7.593599999999984
63,C84667,Hydrocort_Tab 10mg,0603020J0AAADAD,1,0.004499999999999504
64,C84667,Paracet_Tab 500mg,0407010H0AAAMAM,126,-0.4399999999999942
65,C84667,Paracet_Tab Solb 500mg,0407010H0AAAQAQ,2,-0.011999999999998678
66,C84667,Pregabalin_Cap 75mg,0408010AEAAACAC,1,0.008399999999999658
67,C84696,Clonazepam_Tab 500mcg,0408010F0AAABAB,5,6.644399999999987
68,C84696,Paracet_Tab 500mg,0407010H0AAAMAM,194,367.8496
69,C84696,Pregabalin_Cap 75mg,0408010AEAAACAC,3,56.7336
70,C84709,Atorvastatin_Tab 20mg,0212000B0AAABAB,1,-0.005199999999999788
71,C84709,Carbocisteine_Cap 375mg,0307000J0AAAAAA,1,0.00560000000000016
72,C84709,Clonazepam_Tab 500mcg,0408010F0AAABAB,11,6.847799999999986
73,C84709,Paracet_Tab 500mg,0407010H0AAAMAM,340,132.8496000000001
74,Y00026,Clonazepam_Tab 500mcg,0408010F0AAABAB,14,2.847599999999994
75,Y00026,Paracet_Tab 500mg,0407010H0AAAMAM,2,0.08319999999999994
76,Y03947,Clonazepam_Tab 500mcg,0408010F0AAABAB,2,0.6327999999999987
