,practice_code,bnf_description,bnf_code,items,excess_cost
173,J82085,Phenytoin_Sod Tab 100mg,0408010Q0AAAGAG,1,238.79519999999997
274,J82155,Pregabalin_Cap 200mg,0408010AEAAAFAF,8,175.5936
236,J82155,Prednisolone_Tab Solb 5mg,0603020T0AABHBH,1,134.28799999999998
179,J82028,Escitalopram_Tab 20mg,0403030X0AAABAB,2,134.2824
174,J82102,Phenytoin_Sod Tab 100mg,0408010Q0AAAGAG,1,119.39759999999998
185,J82028,Pregabalin_Cap 100mg,0408010AEAAADAD,2,113.8144
186,J82028,Pregabalin_Cap 100mg,0408010AEAAADAD,6,113.8032
214,J82028,Atorvastatin_Tab 80mg,0212000B0AAADAD,25,99.25999999999999
162,J82155,Montelukast_Tab 10mg,0303020G0AAABAB,74,97.384
187,J82194,Pregabalin_Cap 100mg,0408010AEAAADAD,2,90.18239999999999
180,J82073,Escitalopram_Tab 20mg,0403030X0AAABAB,4,89.53280000000001
215,J82028,Atorvastatin_Tab 80mg,0212000B0AAADAD,17,74.39880000000001
163,J82155,Montelukast_Tab 10mg,0303020G0AAABAB,1,73.1388
164,J82073,Montelukast_Tab 10mg,0303020G0AAABAB,18,73.13040000000001
237,J82194,Prednisolone_Tab Solb 5mg,0603020T0AABHBH,2,71.94
199,J82194,Atorvastatin_Tab 20mg,0212000B0AAABAB,12,67.63680000000001
200,J82085,Atorvastatin_Tab 20mg,0212000B0AAABAB,9,67.58640000000001
165,J82155,Montelukast_Tab 10mg,0303020G0AAABAB,1,52.242000000000004
216,J82155,Atorvastatin_Tab 80mg,0212000B0AAADAD,165,48.971999999999994
166,J82090,Montelukast_Tab 10mg,0303020G0AAABAB,44,48.78720000000001
167,J82194,Montelukast_Tab 10mg,0303020G0AAABAB,22,48.787200000000006
168,J82073,Montelukast_Tab 10mg,0303020G0AAABAB,10,48.77599999999999
169,J82155,Montelukast_Tab 10mg,0303020G0AAABAB,59,48.73400000000001
170,J82194,Montelukast_Tab 10mg,0303020G0AAABAB,19,48.731199999999994
171,J82055,Montelukast_Tab 10mg,0303020G0AAABAB,12,48.720000000000006
1,J82155,Paracet_Tab 500mg,0407010H0AAAMAM,300,48.72
0,J82155,Paracet_Tab 500mg,0407010H0AAAMAM,300,48.72
172,J82028,Montelukast_Tab 10mg,0303020G0AAABAB,27,48.6864
201,J82194,Atorvastatin_Tab 20mg,0212000B0AAABAB,83,45.55040000000002
2,J82102,Paracet_Tab 500mg,0407010H0AAAMAM,61,45.091200000000015
3,J82102,Paracet_Tab 500mg,0407010H0AAAMAM,61,45.091200000000015
202,J82194,Atorvastatin_Tab 20mg,0212000B0AAABAB,70,45.08
181,J82117,Escitalopram_Tab 20mg,0403030X0AAABAB,3,44.755199999999995
4,J82028,Paracet_Tab 500mg,0407010H0AAAMAM,88,29.92
5,J82028,Paracet_Tab 500mg,0407010H0AAAMAM,88,29.92
203,J82155,Atorvastatin_Tab 20mg,0212000B0AAABAB,159,22.7052
182,J82055,Escitalopram_Tab 20mg,0403030X0AAABAB,2,22.383200000000002
183,J82102,Escitalopram_Tab 20mg,0403030X0AAABAB,1,22.3804
184,J82028,Escitalopram_Tab 20mg,0403030X0AAABAB,3,22.377599999999997
175,J82073,Phenytoin_Sod Tab 100mg,0408010Q0AAAGAG,1,18.177599999999995
6,J82155,Paracet_Tab 500mg,0407010H0AAAMAM,191,17.19000000000003
7,J82155,Paracet_Tab 500mg,0407010H0AAAMAM,191,17.19000000000003
8,J82194,Paracet_Tab 500mg,0407010H0AAAMAM,135,12.15000000000002
9,J82194,Paracet_Tab 500mg,0407010H0AAAMAM,135,12.15000000000002
10,J82177,Paracet_Tab 500mg,0407010H0AAAMAM,1,12.096
11,J82177,Paracet_Tab 500mg,0407010H0AAAMAM,1,12.096
12,J82028,Paracet_Tab 500mg,0407010H0AAAMAM,32,11.468800000000005
13,J82028,Paracet_Tab 500mg,0407010H0AAAMAM,32,11.468800000000005
14,J82055,Paracet_Tab 500mg,0407010H0AAAMAM,29,11.2056
15,J82055,Paracet_Tab 500mg,0407010H0AAAMAM,29,11.2056
16,J82177,Paracet_Tab 500mg,0407010H0AAAMAM,20,11.20000000000001
17,J82177,Paracet_Tab 500mg,0407010H0AAAMAM,20,11.20000000000001
18,J82028,Paracet_Tab 500mg,0407010H0AAAMAM,71,11.132800000000001
19,J82028,Paracet_Tab 500mg,0407010H0AAAMAM,71,11.132800000000001
21,J82149,Paracet_Tab 500mg,0407010H0AAAMAM,60,11.088000000000003
20,J82149,Paracet_Tab 500mg,0407010H0AAAMAM,60,11.088000000000003
23,J82155,Paracet_Tab 500mg,0407010H0AAAMAM,123,11.02080000000003
22,J82155,Paracet_Tab 500mg,0407010H0AAAMAM,123,11.02080000000003
25,J82155,Paracet_Tab 500mg,0407010H0AAAMAM,109,10.90000000000001
24,J82155,Paracet_Tab 500mg,0407010H0AAAMAM,109,10.90000000000001
27,J82090,Paracet_Tab 500mg,0407010H0AAAMAM,53,10.600000000000009
26,J82090,Paracet_Tab 500mg,0407010H0AAAMAM,53,10.600000000000009
28,J82085,Paracet_Tab 500mg,0407010H0AAAMAM,154,10.348799999999997
29,J82085,Paracet_Tab 500mg,0407010H0AAAMAM,154,10.348799999999997
30,J82073,Paracet_Tab 500mg,0407010H0AAAMAM,22,10.12
31,J82073,Paracet_Tab 500mg,0407010H0AAAMAM,22,10.12
32,J82102,Paracet_Tab 500mg,0407010H0AAAMAM,63,10.080000000000027
33,J82102,Paracet_Tab 500mg,0407010H0AAAMAM,63,10.080000000000027
35,J82090,Paracet_Tab 500mg,0407010H0AAAMAM,47,9.870000000000006
34,J82090,Paracet_Tab 500mg,0407010H0AAAMAM,47,9.870000000000006
37,J82117,Paracet_Tab 500mg,0407010H0AAAMAM,35,9.800000000000013
36,J82117,Paracet_Tab 500mg,0407010H0AAAMAM,35,9.800000000000013
39,J82117,Paracet_Tab 500mg,0407010H0AAAMAM,122,8.53999999999999
38,J82117,Paracet_Tab 500mg,0407010H0AAAMAM,122,8.53999999999999
41,J82155,Paracet_Tab 500mg,0407010H0AAAMAM,11,8.5008
40,J82155,Paracet_Tab 500mg,0407010H0AAAMAM,11,8.5008
283,J82149,Clonazepam_Tab 500mcg,0408010F0AAABAB,6,7.7615999999999845
284,J82155,Clonazepam_Tab 500mcg,0408010F0AAABAB,7,6.644399999999987
43,J82102,Paracet_Tab 500mg,0407010H0AAAMAM,93,6.509999999999993
42,J82102,Paracet_Tab 500mg,0407010H0AAAMAM,93,6.509999999999993
44,J82028,Paracet_Tab 500mg,0407010H0AAAMAM,105,6.299999999999998
45,J82028,Paracet_Tab 500mg,0407010H0AAAMAM,105,6.299999999999998
47,J82085,Paracet_Tab 500mg,0407010H0AAAMAM,26,5.751200000000001
46,J82085,Paracet_Tab 500mg,0407010H0AAAMAM,26,5.751200000000001
48,J82177,Paracet_Tab 500mg,0407010H0AAAMAM,2,5.644800000000001
49,J82177,Paracet_Tab 500mg,0407010H0AAAMAM,2,5.644800000000001
217,J82177,Atorvastatin_Tab 80mg,0212000B0AAADAD,6,5.476800000000001
50,J82177,Paracet_Tab 500mg,0407010H0AAAMAM,46,5.409600000000003
51,J82177,Paracet_Tab 500mg,0407010H0AAAMAM,46,5.409600000000003
285,J82155,Clonazepam_Tab 500mcg,0408010F0AAABAB,50,5.319999999999997
288,J82155,Clonazepam_Tab 500mcg,0408010F0AAABAB,4,5.06239999999999
287,J82155,Clonazepam_Tab 500mcg,0408010F0AAABAB,32,5.06239999999999
286,J82102,Clonazepam_Tab 500mcg,0408010F0AAABAB,4,5.06239999999999
52,J82114,Paracet_Tab 500mg,0407010H0AAAMAM,1,4.6368
53,J82114,Paracet_Tab 500mg,0407010H0AAAMAM,1,4.6368
289,J82155,Clonazepam_Tab 500mcg,0408010F0AAABAB,14,4.429599999999991
290,J82117,Clonazepam_Tab 500mcg,0408010F0AAABAB,4,3.8975999999999935
291,J82102,Clonazepam_Tab 500mcg,0408010F0AAABAB,10,3.835999999999997
296,J82102,Clonazepam_Tab 500mcg,0408010F0AAABAB,1,3.796799999999992
295,J82149,Clonazepam_Tab 500mcg,0408010F0AAABAB,6,3.796799999999992
294,J82085,Clonazepam_Tab 500mcg,0408010F0AAABAB,1,3.796799999999992
293,J82155,Clonazepam_Tab 500mcg,0408010F0AAABAB,6,3.796799999999992
292,J82028,Clonazepam_Tab 500mcg,0408010F0AAABAB,12,3.796799999999992
297,J82149,Clonazepam_Tab 500mcg,0408010F0AAABAB,11,3.480399999999993
55,J82073,Paracet_Tab 500mg,0407010H0AAAMAM,1,3.2192
54,J82073,Paracet_Tab 500mg,0407010H0AAAMAM,1,3.2192
298,J82102,Clonazepam_Tab 500mcg,0408010F0AAABAB,5,3.1639999999999935
300,J82102,Clonazepam_Tab 500mcg,0408010F0AAABAB,3,2.847599999999994
303,J82055,Clonazepam_Tab 500mcg,0408010F0AAABAB,9,2.847599999999994
299,J82194,Clonazepam_Tab 500mcg,0408010F0AAABAB,9,2.847599999999994
301,J82090,Clonazepam_Tab 500mcg,0408010F0AAABAB,1,2.847599999999994
302,J82177,Clonazepam_Tab 500mcg,0408010F0AAABAB,9,2.847599999999994
307,J82194,Clonazepam_Tab 500mcg,0408010F0AAABAB,2,2.531199999999995
304,J82149,Clonazepam_Tab 500mcg,0408010F0AAABAB,2,2.531199999999995
306,J82055,Clonazepam_Tab 500mcg,0408010F0AAABAB,2,2.531199999999995
305,J82028,Clonazepam_Tab 500mcg,0408010F0AAABAB,4,2.531199999999995
308,J82085,Clonazepam_Tab 500mcg,0408010F0AAABAB,10,2.372999999999995
309,J82085,Clonazepam_Tab 500mcg,0408010F0AAABAB,15,2.372999999999995
310,J82085,Clonazepam_Tab 500mcg,0408010F0AAABAB,7,2.2147999999999954
56,J82155,Paracet_Tab 500mg,0407010H0AAAMAM,6,1.9320000000000002
57,J82155,Paracet_Tab 500mg,0407010H0AAAMAM,6,1.9320000000000002
321,J82155,Clonazepam_Tab 500mcg,0408010F0AAABAB,4,1.898399999999996
320,J82055,Clonazepam_Tab 500mcg,0408010F0AAABAB,3,1.898399999999996
319,J82102,Clonazepam_Tab 500mcg,0408010F0AAABAB,1,1.898399999999996
318,J82177,Clonazepam_Tab 500mcg,0408010F0AAABAB,4,1.898399999999996
317,J82194,Clonazepam_Tab 500mcg,0408010F0AAABAB,3,1.898399999999996
315,J82155,Clonazepam_Tab 500mcg,0408010F0AAABAB,1,1.898399999999996
316,J82194,Clonazepam_Tab 500mcg,0408010F0AAABAB,2,1.898399999999996
314,J82073,Clonazepam_Tab 500mcg,0408010F0AAABAB,3,1.898399999999996
313,J82165,Clonazepam_Tab 500mcg,0408010F0AAABAB,3,1.898399999999996
312,J82085,Clonazepam_Tab 500mcg,0408010F0AAABAB,2,1.898399999999996
311,J82028,Clonazepam_Tab 500mcg,0408010F0AAABAB,1,1.898399999999996
322,J82085,Clonazepam_Tab 500mcg,0408010F0AAABAB,4,1.5819999999999967
323,J82102,Clonazepam_Tab 500mcg,0408010F0AAABAB,10,1.5819999999999967
325,J82060,Clonazepam_Tab 500mcg,0408010F0AAABAB,2,1.423799999999997
324,J82090,Clonazepam_Tab 500mcg,0408010F0AAABAB,9,1.423799999999997
326,J82149,Clonazepam_Tab 500mcg,0408010F0AAABAB,2,1.3559999999999972
327,J82060,Clonazepam_Tab 500mcg,0408010F0AAABAB,2,1.315999999999998
328,J82028,Clonazepam_Tab 500mcg,0408010F0AAABAB,1,1.2655999999999974
329,J82114,Clonazepam_Tab 500mcg,0408010F0AAABAB,2,1.2655999999999974
330,J82117,Clonazepam_Tab 500mcg,0408010F0AAABAB,14,1.1073999999999977
331,J82085,Clonazepam_Tab 500mcg,0408010F0AAABAB,1,1.016999999999998
332,J82155,Clonazepam_Tab 500mcg,0408010F0AAABAB,15,0.9539999999999998
337,J82055,Clonazepam_Tab 500mcg,0408010F0AAABAB,1,0.949199999999998
340,J82060,Clonazepam_Tab 500mcg,0408010F0AAABAB,4,0.949199999999998
345,J82114,Clonazepam_Tab 500mcg,0408010F0AAABAB,3,0.949199999999998
344,Y02526,Clonazepam_Tab 500mcg,0408010F0AAABAB,1,0.949199999999998
343,J82028,Clonazepam_Tab 500mcg,0408010F0AAABAB,1,0.949199999999998
342,J82149,Clonazepam_Tab 500mcg,0408010F0AAABAB,6,0.949199999999998
341,J82165,Clonazepam_Tab 500mcg,0408010F0AAABAB,1,0.949199999999998
335,J82155,Clonazepam_Tab 500mcg,0408010F0AAABAB,4,0.949199999999998
339,J82117,Clonazepam_Tab 500mcg,0408010F0AAABAB,4,0.949199999999998
338,J82073,Clonazepam_Tab 500mcg,0408010F0AAABAB,2,0.949199999999998
336,J82114,Clonazepam_Tab 500mcg,0408010F0AAABAB,1,0.949199999999998
334,J82090,Clonazepam_Tab 500mcg,0408010F0AAABAB,3,0.949199999999998
333,J82117,Clonazepam_Tab 500mcg,0408010F0AAABAB,1,0.949199999999998
346,J82028,Clonazepam_Tab 500mcg,0408010F0AAABAB,11,0.8700999999999982
349,J82194,Clonazepam_Tab 500mcg,0408010F0AAABAB,10,0.7909999999999984
347,J82055,Clonazepam_Tab 500mcg,0408010F0AAABAB,5,0.7909999999999984
351,J82060,Clonazepam_Tab 500mcg,0408010F0AAABAB,10,0.7909999999999984
348,J82155,Clonazepam_Tab 500mcg,0408010F0AAABAB,2,0.7909999999999984
350,J82085,Clonazepam_Tab 500mcg,0408010F0AAABAB,10,0.7909999999999984
353,Y02526,Clonazepam_Tab 500mcg,0408010F0AAABAB,1,0.6779999999999986
354,J82194,Clonazepam_Tab 500mcg,0408010F0AAABAB,1,0.6779999999999986
355,J82060,Clonazepam_Tab 500mcg,0408010F0AAABAB,2,0.6779999999999986
356,J82085,Clonazepam_Tab 500mcg,0408010F0AAABAB,1,0.6779999999999986
357,J82117,Clonazepam_Tab 500mcg,0408010F0AAABAB,1,0.6779999999999986
352,J82155,Clonazepam_Tab 500mcg,0408010F0AAABAB,2,0.6779999999999986
358,J82090,Clonazepam_Tab 500mcg,0408010F0AAABAB,15,0.6359999999999999
362,J82165,Clonazepam_Tab 500mcg,0408010F0AAABAB,2,0.6327999999999987
364,J82085,Clonazepam_Tab 500mcg,0408010F0AAABAB,1,0.6327999999999987
363,J82060,Clonazepam_Tab 500mcg,0408010F0AAABAB,1,0.6327999999999987
365,J82073,Clonazepam_Tab 500mcg,0408010F0AAABAB,2,0.6327999999999987
361,J82177,Clonazepam_Tab 500mcg,0408010F0AAABAB,1,0.6327999999999987
359,J82028,Clonazepam_Tab 500mcg,0408010F0AAABAB,4,0.6327999999999987
360,J82177,Clonazepam_Tab 500mcg,0408010F0AAABAB,4,0.6327999999999987
366,J82117,Clonazepam_Tab 500mcg,0408010F0AAABAB,3,0.6299999999999959
367,J82155,Clonazepam_Tab 500mcg,0408010F0AAABAB,1,0.5699999999999983
368,J82073,Clonazepam_Tab 500mcg,0408010F0AAABAB,1,0.5699999999999983
369,J82090,Clonazepam_Tab 500mcg,0408010F0AAABAB,6,0.5663999999999989
370,J82102,Clonazepam_Tab 500mcg,0408010F0AAABAB,1,0.5129999999999985
371,J82102,Clonazepam_Tab 500mcg,0408010F0AAABAB,1,0.474599999999999
373,J82055,Clonazepam_Tab 500mcg,0408010F0AAABAB,1,0.474599999999999
374,J82114,Clonazepam_Tab 500mcg,0408010F0AAABAB,1,0.474599999999999
375,J82165,Clonazepam_Tab 500mcg,0408010F0AAABAB,1,0.474599999999999
372,J82117,Clonazepam_Tab 500mcg,0408010F0AAABAB,1,0.474599999999999
204,J82085,Atorvastatin_Tab 20mg,0212000B0AAABAB,78,0.4368000000000125
218,J82155,Atorvastatin_Tab 80mg,0212000B0AAADAD,194,0.40740000000001164
376,J82114,Clonazepam_Tab 500mcg,0408010F0AAABAB,1,0.3389999999999993
377,J82073,Clonazepam_Tab 500mcg,0408010F0AAABAB,1,0.3389999999999993
378,J82085,Clonazepam_Tab 500mcg,0408010F0AAABAB,1,0.3389999999999993
379,J82194,Clonazepam_Tab 500mcg,0408010F0AAABAB,1,0.3389999999999993
383,J82199,Clonazepam_Tab 500mcg,0408010F0AAABAB,1,0.31639999999999935
381,Y02526,Clonazepam_Tab 500mcg,0408010F0AAABAB,2,0.31639999999999935
382,J82177,Clonazepam_Tab 500mcg,0408010F0AAABAB,4,0.31639999999999935
380,J82060,Clonazepam_Tab 500mcg,0408010F0AAABAB,2,0.31639999999999935
384,Y02526,Clonazepam_Tab 500mcg,0408010F0AAABAB,7,0.29679999999999995
385,J82055,Clonazepam_Tab 500mcg,0408010F0AAABAB,3,0.2372999999999995
219,J82090,Atorvastatin_Tab 80mg,0212000B0AAADAD,84,0.17640000000000505
386,J82060,Clonazepam_Tab 500mcg,0408010F0AAABAB,1,0.174
387,J82028,Clonazepam_Tab 500mcg,0408010F0AAABAB,3,0.174
388,J82028,Clonazepam_Tab 500mcg,0408010F0AAABAB,4,0.16959999999999997
389,J82085,Clonazepam_Tab 500mcg,0408010F0AAABAB,4,0.16959999999999997
205,J82199,Atorvastatin_Tab 20mg,0212000B0AAABAB,15,0.1680000000000048
59,J82117,Paracet_Tab 500mg,0407010H0AAAMAM,5,0.16800000000000093
58,J82117,Paracet_Tab 500mg,0407010H0AAAMAM,5,0.16800000000000093
392,J82194,Clonazepam_Tab 500mcg,0408010F0AAABAB,1,0.15819999999999967
391,J82073,Clonazepam_Tab 500mcg,0408010F0AAABAB,1,0.15819999999999967
390,J82117,Clonazepam_Tab 500mcg,0408010F0AAABAB,1,0.15819999999999967
393,J82055,Clonazepam_Tab 500mcg,0408010F0AAABAB,1,0.14239999999999986
61,J82155,Paracet_Tab 500mg,0407010H0AAAMAM,46,0.12879999999999922
60,J82155,Paracet_Tab 500mg,0407010H0AAAMAM,46,0.12879999999999922
220,J82028,Atorvastatin_Tab 80mg,0212000B0AAADAD,58,0.12180000000000349
394,J82155,Clonazepam_Tab 500mcg,0408010F0AAABAB,1,0.11599999999999999
221,J82117,Atorvastatin_Tab 80mg,0212000B0AAADAD,52,0.10920000000000313
222,J82194,Atorvastatin_Tab 80mg,0212000B0AAADAD,49,0.10290000000000295
223,J82085,Atorvastatin_Tab 80mg,0212000B0AAADAD,47,0.09870000000000283
62,J82028,Paracet_Tab 500mg,0407010H0AAAMAM,23,0.09659999999999941
63,J82028,Paracet_Tab 500mg,0407010H0AAAMAM,23,0.09659999999999941
224,J82060,Atorvastatin_Tab 80mg,0212000B0AAADAD,44,0.09240000000000265
176,J82155,Phenytoin_Sod Tab 100mg,0408010Q0AAAGAG,14,0.08819999999999029
65,J82090,Paracet_Tab 500mg,0407010H0AAAMAM,20,0.08399999999999949
64,J82028,Paracet_Tab 500mg,0407010H0AAAMAM,30,0.08399999999999949
66,J82090,Paracet_Tab 500mg,0407010H0AAAMAM,20,0.08399999999999949
67,J82028,Paracet_Tab 500mg,0407010H0AAAMAM,30,0.08399999999999949
225,J82073,Atorvastatin_Tab 80mg,0212000B0AAADAD,37,0.07770000000000223
395,Y03609,Clonazepam_Tab 500mcg,0408010F0AAABAB,1,0.06359999999999999
188,J82060,Pregabalin_Cap 100mg,0408010AEAAADAD,10,0.0630000000000018
68,J82060,Paracet_Tab 500mg,0407010H0AAAMAM,22,0.06159999999999963
69,J82060,Paracet_Tab 500mg,0407010H0AAAMAM,22,0.06159999999999963
70,J82149,Paracet_Tab 500mg,0407010H0AAAMAM,14,0.058799999999999644
71,J82149,Paracet_Tab 500mg,0407010H0AAAMAM,14,0.058799999999999644
72,J82085,Paracet_Tab 500mg,0407010H0AAAMAM,13,0.05459999999999967
73,J82085,Paracet_Tab 500mg,0407010H0AAAMAM,13,0.05459999999999967
75,J82102,Paracet_Tab 500mg,0407010H0AAAMAM,17,0.04759999999999971
74,J82102,Paracet_Tab 500mg,0407010H0AAAMAM,17,0.04759999999999971
226,J82149,Atorvastatin_Tab 80mg,0212000B0AAADAD,22,0.04620000000000132
227,J82177,Atorvastatin_Tab 80mg,0212000B0AAADAD,20,0.0420000000000012
77,J82055,Paracet_Tab 500mg,0407010H0AAAMAM,14,0.03919999999999976
76,J82055,Paracet_Tab 500mg,0407010H0AAAMAM,14,0.03919999999999976
78,J82155,Paracet_Tab 500mg,0407010H0AAAMAM,8,0.0335999999999998
79,J82155,Paracet_Tab 500mg,0407010H0AAAMAM,8,0.0335999999999998
177,J82085,Phenytoin_Sod Tab 100mg,0408010Q0AAAGAG,5,0.03149999999999653
80,J82073,Paracet_Tab 500mg,0407010H0AAAMAM,11,0.030799999999999814
81,J82073,Paracet_Tab 500mg,0407010H0AAAMAM,11,0.030799999999999814
85,J82117,Paracet_Tab 500mg,0407010H0AAAMAM,5,0.02999999999999982
84,J82055,Paracet_Tab 500mg,0407010H0AAAMAM,5,0.02999999999999982
82,J82117,Paracet_Tab 500mg,0407010H0AAAMAM,5,0.02999999999999982
83,J82055,Paracet_Tab 500mg,0407010H0AAAMAM,5,0.02999999999999982
189,J82155,Pregabalin_Cap 100mg,0408010AEAAADAD,6,0.02940000000000026
86,J82149,Paracet_Tab 500mg,0407010H0AAAMAM,10,0.02799999999999983
87,J82149,Paracet_Tab 500mg,0407010H0AAAMAM,10,0.02799999999999983
191,J82085,Pregabalin_Cap 100mg,0408010AEAAADAD,4,0.025200000000000722
190,J82090,Pregabalin_Cap 100mg,0408010AEAAADAD,4,0.025200000000000722
275,J82155,Pregabalin_Cap 200mg,0408010AEAAAFAF,9,0.025199999999998973
88,J82165,Paracet_Tab 500mg,0407010H0AAAMAM,4,0.022399999999999864
89,J82165,Paracet_Tab 500mg,0407010H0AAAMAM,4,0.022399999999999864
276,J82149,Pregabalin_Cap 200mg,0408010AEAAAFAF,8,0.022399999999999087
192,J82194,Pregabalin_Cap 100mg,0408010AEAAADAD,4,0.019600000000000173
178,J82117,Phenytoin_Sod Tab 100mg,0408010Q0AAAGAG,4,0.019599999999999396
193,J82102,Pregabalin_Cap 100mg,0408010AEAAADAD,3,0.01890000000000054
91,J82177,Paracet_Tab 500mg,0407010H0AAAMAM,3,0.01799999999999989
90,J82177,Paracet_Tab 500mg,0407010H0AAAMAM,3,0.01799999999999989
228,J82055,Atorvastatin_Tab 80mg,0212000B0AAADAD,8,0.01680000000000048
93,J82155,Paracet_Tab 500mg,0407010H0AAAMAM,8,0.0167999999999999
95,J82155,Paracet_Tab 500mg,0407010H0AAAMAM,8,0.0167999999999999
94,J82060,Paracet_Tab 500mg,0407010H0AAAMAM,4,0.0167999999999999
92,J82060,Paracet_Tab 500mg,0407010H0AAAMAM,4,0.0167999999999999
277,J82090,Pregabalin_Cap 200mg,0408010AEAAAFAF,5,0.01399999999999943
194,J82155,Pregabalin_Cap 100mg,0408010AEAAADAD,2,0.012600000000000361
97,J82194,Paracet_Tab 500mg,0407010H0AAAMAM,3,0.012599999999999924
96,J82194,Paracet_Tab 500mg,0407010H0AAAMAM,3,0.012599999999999924
99,J82028,Paracet_Tab 500mg,0407010H0AAAMAM,2,0.011999999999999927
98,J82028,Paracet_Tab 500mg,0407010H0AAAMAM,2,0.011999999999999927
102,J82194,Paracet_Tab 500mg,0407010H0AAAMAM,8,0.011199999999999932
101,J82090,Paracet_Tab 500mg,0407010H0AAAMAM,4,0.011199999999999932
100,J82090,Paracet_Tab 500mg,0407010H0AAAMAM,4,0.011199999999999932
103,J82194,Paracet_Tab 500mg,0407010H0AAAMAM,8,0.011199999999999932
195,J82165,Pregabalin_Cap 100mg,0408010AEAAADAD,2,0.01080000000000031
229,Y02526,Atorvastatin_Tab 80mg,0212000B0AAADAD,5,0.0105000000000003
104,J82028,Paracet_Tab 500mg,0407010H0AAAMAM,7,0.00979999999999994
105,J82028,Paracet_Tab 500mg,0407010H0AAAMAM,7,0.00979999999999994
231,J82149,Atorvastatin_Tab 80mg,0212000B0AAADAD,2,0.00840000000000024
230,J82090,Atorvastatin_Tab 80mg,0212000B0AAADAD,2,0.00840000000000024
106,J82199,Paracet_Tab 500mg,0407010H0AAAMAM,3,0.00839999999999995
107,J82194,Paracet_Tab 500mg,0407010H0AAAMAM,3,0.00839999999999995
108,J82194,Paracet_Tab 500mg,0407010H0AAAMAM,3,0.00839999999999995
109,J82199,Paracet_Tab 500mg,0407010H0AAAMAM,3,0.00839999999999995
278,J82028,Pregabalin_Cap 200mg,0408010AEAAAFAF,3,0.008399999999999658
239,J82155,Prednisolone_Tab Solb 5mg,0603020T0AABHBH,2,0.007199999999999207
238,Y02526,Prednisolone_Tab Solb 5mg,0603020T0AABHBH,2,0.007199999999999207
111,J82117,Paracet_Tab 500mg,0407010H0AAAMAM,5,0.006999999999999958
110,J82117,Paracet_Tab 500mg,0407010H0AAAMAM,5,0.006999999999999958
232,J82102,Atorvastatin_Tab 80mg,0212000B0AAADAD,3,0.0063000000000001805
207,J82090,Atorvastatin_Tab 20mg,0212000B0AAABAB,1,0.006000000000000172
208,J82155,Atorvastatin_Tab 20mg,0212000B0AAABAB,1,0.006000000000000172
206,Y02526,Atorvastatin_Tab 20mg,0212000B0AAABAB,1,0.006000000000000172
114,J82102,Paracet_Tab 500mg,0407010H0AAAMAM,1,0.005999999999999964
117,J82194,Paracet_Tab 500mg,0407010H0AAAMAM,1,0.005999999999999964
113,J82090,Paracet_Tab 500mg,0407010H0AAAMAM,1,0.005999999999999964
115,J82194,Paracet_Tab 500mg,0407010H0AAAMAM,1,0.005999999999999964
116,J82102,Paracet_Tab 500mg,0407010H0AAAMAM,1,0.005999999999999964
112,J82090,Paracet_Tab 500mg,0407010H0AAAMAM,1,0.005999999999999964
119,Y05178,Paracet_Tab 500mg,0407010H0AAAMAM,1,0.005599999999999994
118,Y05178,Paracet_Tab 500mg,0407010H0AAAMAM,1,0.005599999999999994
121,J82114,Paracet_Tab 500mg,0407010H0AAAMAM,2,0.005599999999999966
123,J82149,Paracet_Tab 500mg,0407010H0AAAMAM,4,0.005599999999999966
124,J82177,Paracet_Tab 500mg,0407010H0AAAMAM,4,0.005599999999999966
125,J82114,Paracet_Tab 500mg,0407010H0AAAMAM,2,0.005599999999999966
126,J82177,Paracet_Tab 500mg,0407010H0AAAMAM,4,0.005599999999999966
127,J82149,Paracet_Tab 500mg,0407010H0AAAMAM,4,0.005599999999999966
122,J82060,Paracet_Tab 500mg,0407010H0AAAMAM,4,0.005599999999999966
120,J82060,Paracet_Tab 500mg,0407010H0AAAMAM,4,0.005599999999999966
209,J82102,Atorvastatin_Tab 20mg,0212000B0AAABAB,1,0.00540000000000003
196,J82155,Pregabalin_Cap 100mg,0408010AEAAADAD,1,0.0048000000000001375
240,J82155,Prednisolone_Tab Solb 5mg,0603020T0AABHBH,1,0.004499999999999504
128,J82073,Paracet_Tab 500mg,0407010H0AAAMAM,3,0.004199999999999975
129,J82117,Paracet_Tab 500mg,0407010H0AAAMAM,2,0.004199999999999975
130,J82073,Paracet_Tab 500mg,0407010H0AAAMAM,3,0.004199999999999975
131,J82117,Paracet_Tab 500mg,0407010H0AAAMAM,2,0.004199999999999975
133,J82149,Paracet_Tab 500mg,0407010H0AAAMAM,1,0.0040000000000000105
135,J82117,Paracet_Tab 500mg,0407010H0AAAMAM,1,0.0040000000000000105
132,J82149,Paracet_Tab 500mg,0407010H0AAAMAM,1,0.0040000000000000105
134,J82117,Paracet_Tab 500mg,0407010H0AAAMAM,1,0.0040000000000000105
210,J82102,Atorvastatin_Tab 20mg,0212000B0AAABAB,1,0.003800000000000109
241,J82117,Prednisolone_Tab Solb 5mg,0603020T0AABHBH,1,0.0035999999999996035
242,Y03609,Prednisolone_Tab Solb 5mg,0603020T0AABHBH,1,0.0035999999999996035
243,J82060,Prednisolone_Tab Solb 5mg,0603020T0AABHBH,1,0.0035999999999996035
244,Y05178,Prednisolone_Tab Solb 5mg,0603020T0AABHBH,1,0.0035999999999996035
137,J82117,Paracet_Tab 500mg,0407010H0AAAMAM,1,0.002999999999999982
136,J82117,Paracet_Tab 500mg,0407010H0AAAMAM,1,0.002999999999999982
245,J82165,Prednisolone_Tab Solb 5mg,0603020T0AABHBH,1,0.0029999999999996696
248,J82155,Prednisolone_Tab Solb 5mg,0603020T0AABHBH,1,0.0029999999999996696
247,J82085,Prednisolone_Tab Solb 5mg,0603020T0AABHBH,1,0.0029999999999996696
246,Y03609,Prednisolone_Tab Solb 5mg,0603020T0AABHBH,1,0.0029999999999996696
139,J82117,Paracet_Tab 500mg,0407010H0AAAMAM,1,0.002799999999999983
138,J82117,Paracet_Tab 500mg,0407010H0AAAMAM,1,0.002799999999999983
233,Y05178,Atorvastatin_Tab 80mg,0212000B0AAADAD,1,0.00210000000000006
141,J82102,Paracet_Tab 500mg,0407010H0AAAMAM,1,0.0020999999999999873
140,J82102,Paracet_Tab 500mg,0407010H0AAAMAM,1,0.0020999999999999873
197,J82155,Pregabalin_Cap 100mg,0408010AEAAADAD,1,0.0018000000000000516
249,J82073,Prednisolone_Tab Solb 5mg,0603020T0AABHBH,1,-0.0011999999999998678
211,J82155,Atorvastatin_Tab 20mg,0212000B0AAABAB,1,-0.0014999999999999389
198,J82155,Pregabalin_Cap 100mg,0408010AEAAADAD,1,-0.0015999999999999348
142,J82102,Paracet_Tab 500mg,0407010H0AAAMAM,1,-0.001999999999999988
143,J82102,Paracet_Tab 500mg,0407010H0AAAMAM,1,-0.001999999999999988
279,Y05178,Pregabalin_Cap 200mg,0408010AEAAAFAF,1,-0.0020000000000000573
144,J82155,Paracet_Tab 500mg,0407010H0AAAMAM,1,-0.0021999999999999867
145,J82155,Paracet_Tab 500mg,0407010H0AAAMAM,1,-0.0021999999999999867
250,J82117,Prednisolone_Tab Solb 5mg,0603020T0AABHBH,1,-0.0023999999999997357
251,J82117,Prednisolone_Tab Solb 5mg,0603020T0AABHBH,1,-0.0024999999999997247
212,J82102,Atorvastatin_Tab 20mg,0212000B0AAABAB,1,-0.002799999999999997
280,J82028,Pregabalin_Cap 200mg,0408010AEAAAFAF,1,-0.00280000000000008
213,J82073,Atorvastatin_Tab 20mg,0212000B0AAABAB,1,-0.0029999999999998778
234,J82149,Atorvastatin_Tab 80mg,0212000B0AAADAD,1,-0.003000000000000086
252,J82155,Prednisolone_Tab Solb 5mg,0603020T0AABHBH,1,-0.0035999999999996035
253,J82117,Prednisolone_Tab Solb 5mg,0603020T0AABHBH,1,-0.0035999999999996035
254,Y03609,Prednisolone_Tab Solb 5mg,0603020T0AABHBH,1,-0.0035999999999996035
255,J82114,Prednisolone_Tab Solb 5mg,0603020T0AABHBH,1,-0.0039999999999995595
257,Y03609,Prednisolone_Tab Solb 5mg,0603020T0AABHBH,1,-0.0039999999999995595
256,J82117,Prednisolone_Tab Solb 5mg,0603020T0AABHBH,1,-0.0039999999999995595
258,J82155,Prednisolone_Tab Solb 5mg,0603020T0AABHBH,1,-0.0041999999999995374
263,J82194,Prednisolone_Tab Solb 5mg,0603020T0AABHBH,1,-0.004799999999999471
259,Y05178,Prednisolone_Tab Solb 5mg,0603020T0AABHBH,1,-0.004799999999999471
262,J82028,Prednisolone_Tab Solb 5mg,0603020T0AABHBH,1,-0.004799999999999471
261,J82149,Prednisolone_Tab Solb 5mg,0603020T0AABHBH,1,-0.004799999999999471
260,J82085,Prednisolone_Tab Solb 5mg,0603020T0AABHBH,1,-0.004799999999999471
264,J82177,Prednisolone_Tab Solb 5mg,0603020T0AABHBH,1,-0.004799999999999471
265,J82114,Prednisolone_Tab Solb 5mg,0603020T0AABHBH,1,-0.0047999999999999154
147,Y03609,Paracet_Tab 500mg,0407010H0AAAMAM,1,-0.005599999999999966
148,J82114,Paracet_Tab 500mg,0407010H0AAAMAM,1,-0.005599999999999966
146,Y03609,Paracet_Tab 500mg,0407010H0AAAMAM,1,-0.005599999999999966
149,J82114,Paracet_Tab 500mg,0407010H0AAAMAM,1,-0.005599999999999966
281,J82085,Pregabalin_Cap 200mg,0408010AEAAAFAF,2,-0.00560000000000016
235,J82028,Atorvastatin_Tab 80mg,0212000B0AAADAD,1,-0.006000000000000172
266,J82073,Prednisolone_Tab Solb 5mg,0603020T0AABHBH,3,-0.007199999999999207
267,J82155,Prednisolone_Tab Solb 5mg,0603020T0AABHBH,2,-0.007999999999999119
268,Y03609,Prednisolone_Tab Solb 5mg,0603020T0AABHBH,2,-0.008399999999999075
271,Y02526,Prednisolone_Tab Solb 5mg,0603020T0AABHBH,2,-0.009599999999998943
269,J82090,Prednisolone_Tab Solb 5mg,0603020T0AABHBH,2,-0.009599999999998943
270,J82073,Prednisolone_Tab Solb 5mg,0603020T0AABHBH,2,-0.009599999999998943
272,Y03609,Prednisolone_Tab Solb 5mg,0603020T0AABHBH,2,-0.009599999999998943
273,J82073,Prednisolone_Tab Solb 5mg,0603020T0AABHBH,3,-0.01079999999999881
282,J82194,Pregabalin_Cap 200mg,0408010AEAAAFAF,4,-0.014000000000000012
150,J82102,Paracet_Tab 500mg,0407010H0AAAMAM,23,-0.12879999999999922
151,J82102,Paracet_Tab 500mg,0407010H0AAAMAM,23,-0.12879999999999922
153,J82073,Paracet_Tab 500mg,0407010H0AAAMAM,50,-0.2799999999999983
152,J82073,Paracet_Tab 500mg,0407010H0AAAMAM,50,-0.2799999999999983
155,J82117,Paracet_Tab 500mg,0407010H0AAAMAM,55,-0.30799999999999816
154,J82117,Paracet_Tab 500mg,0407010H0AAAMAM,55,-0.30799999999999816
157,J82060,Paracet_Tab 500mg,0407010H0AAAMAM,57,-0.31919999999999804
156,J82060,Paracet_Tab 500mg,0407010H0AAAMAM,57,-0.31919999999999804
159,J82194,Paracet_Tab 500mg,0407010H0AAAMAM,61,-0.3415999999999979
158,J82194,Paracet_Tab 500mg,0407010H0AAAMAM,61,-0.3415999999999979
160,J82090,Paracet_Tab 500mg,0407010H0AAAMAM,72,-0.40319999999999756
161,J82090,Paracet_Tab 500mg,0407010H0AAAMAM,72,-0.40319999999999756
