,practice_code,bnf_description,bnf_code,items,excess_cost
207,D82003,Simvastatin_Tab 20mg,0212000Y0AAABAB,190,325.584
0,D83011,Atorvastatin_Tab 20mg,0212000B0AAABAB,185,270.3960000000001
19,D82003,Memantine HCl_Tab 20mg,0411000G0AAADAD,19,255.57279999999997
31,D82007,Pregabalin_Cap 150mg,0408010AEAAAEAE,6,226.1952
1,D82003,Atorvastatin_Tab 20mg,0212000B0AAABAB,82,225.46720000000002
259,D83023,Pregabalin_Cap 300mg,0408010AEAAAGAG,1,224.4032
246,D82007,Aripiprazole_Tab 15mg,0402010ADAAABAB,1,172.62
260,D83030,Pregabalin_Cap 300mg,0408010AEAAAGAG,2,168.3024
20,D83034,Memantine HCl_Tab 20mg,0411000G0AAADAD,16,127.8144
21,D83011,Memantine HCl_Tab 20mg,0411000G0AAADAD,21,127.77240000000002
32,D83030,Pregabalin_Cap 150mg,0408010AEAAAEAE,1,113.0976
33,D82058,Pregabalin_Cap 150mg,0408010AEAAAEAE,30,113.064
2,D82003,Atorvastatin_Tab 20mg,0212000B0AAABAB,89,112.88760000000002
317,D82003,Memantine HCl_Tab 10mg,0411000G0AAAAAA,28,94.08
281,D82058,Atorvastatin_Tab 10mg,0212000B0AAAAAA,198,93.13920000000002
247,D82613,Aripiprazole_Tab 15mg,0402010ADAAABAB,1,86.31
248,D83030,Aripiprazole_Tab 15mg,0402010ADAAABAB,1,86.31
249,D82007,Aripiprazole_Tab 15mg,0402010ADAAABAB,5,86.30999999999999
208,D82003,Simvastatin_Tab 20mg,0212000Y0AAABAB,140,75.264
282,D82003,Atorvastatin_Tab 10mg,0212000B0AAAAAA,90,70.05600000000001
3,D83011,Atorvastatin_Tab 20mg,0212000B0AAABAB,84,67.7376
4,D83030,Atorvastatin_Tab 20mg,0212000B0AAABAB,86,67.6648
5,D83030,Atorvastatin_Tab 20mg,0212000B0AAABAB,4,67.6032
22,D82007,Memantine HCl_Tab 20mg,0411000G0AAADAD,16,63.8848
23,Y00164,Memantine HCl_Tab 20mg,0411000G0AAADAD,7,63.68039999999999
318,D82003,Memantine HCl_Tab 10mg,0411000G0AAAAAA,1,62.7368
319,D82007,Memantine HCl_Tab 10mg,0411000G0AAAAAA,2,62.7312
6,D82007,Atorvastatin_Tab 20mg,0212000B0AAABAB,313,45.572800000000086
7,D83030,Atorvastatin_Tab 20mg,0212000B0AAABAB,57,45.007200000000005
354,D82019,Ferr Sulf_Tab 200mg,0901011P0AAACAC,3,42.2856
355,D82003,Ferr Sulf_Tab 200mg,0901011P0AAACAC,2,42.2688
356,D82003,Ferr Sulf_Tab 200mg,0901011P0AAACAC,17,42.26879999999999
283,D82003,Atorvastatin_Tab 10mg,0212000B0AAAAAA,5,34.902
284,D83022,Atorvastatin_Tab 10mg,0212000B0AAAAAA,85,34.748000000000005
285,D83034,Atorvastatin_Tab 10mg,0212000B0AAAAAA,243,34.7004
69,D83034,Paracet_Tab 500mg,0407010H0AAAMAM,64,34.40640000000004
70,D83034,Paracet_Tab 500mg,0407010H0AAAMAM,64,34.40640000000004
71,D82058,Paracet_Tab 500mg,0407010H0AAAMAM,102,34.272000000000034
72,D82058,Paracet_Tab 500mg,0407010H0AAAMAM,102,34.272000000000034
320,D83030,Memantine HCl_Tab 10mg,0411000G0AAAAAA,3,31.3656
321,D82058,Memantine HCl_Tab 10mg,0411000G0AAAAAA,43,31.303999999999995
357,D82019,Ferr Sulf_Tab 200mg,0901011P0AAACAC,8,28.179199999999994
286,D82613,Atorvastatin_Tab 10mg,0212000B0AAAAAA,39,23.150400000000012
287,D83011,Atorvastatin_Tab 10mg,0212000B0AAAAAA,81,23.1336
8,D82007,Atorvastatin_Tab 20mg,0212000B0AAABAB,271,22.76400000000002
9,D83022,Atorvastatin_Tab 20mg,0212000B0AAABAB,156,22.713600000000014
10,D82058,Atorvastatin_Tab 20mg,0212000B0AAABAB,505,22.62400000000006
11,D83034,Atorvastatin_Tab 20mg,0212000B0AAABAB,321,22.47000000000002
358,D82058,Ferr Sulf_Tab 200mg,0901011P0AAACAC,26,21.184799999999985
359,Y00164,Ferr Sulf_Tab 200mg,0901011P0AAACAC,7,21.168
73,D82019,Paracet_Tab 500mg,0407010H0AAAMAM,191,21.010000000000005
74,D82019,Paracet_Tab 500mg,0407010H0AAAMAM,191,21.010000000000005
75,D82058,Paracet_Tab 500mg,0407010H0AAAMAM,333,16.650000000000016
76,D82058,Paracet_Tab 500mg,0407010H0AAAMAM,333,16.650000000000016
77,D82007,Paracet_Tab 500mg,0407010H0AAAMAM,187,14.96000000000004
78,D82007,Paracet_Tab 500mg,0407010H0AAAMAM,187,14.96000000000004
360,D83034,Ferr Sulf_Tab 200mg,0901011P0AAACAC,8,14.111999999999997
361,D83023,Ferr Sulf_Tab 200mg,0901011P0AAACAC,4,14.089599999999999
362,D83030,Ferr Sulf_Tab 200mg,0901011P0AAACAC,5,14.083999999999998
288,D82003,Atorvastatin_Tab 10mg,0212000B0AAAAAA,57,11.650800000000002
289,D83011,Atorvastatin_Tab 10mg,0212000B0AAAAAA,31,11.631200000000002
290,D83030,Atorvastatin_Tab 10mg,0212000B0AAAAAA,32,11.558400000000002
209,D82003,Simvastatin_Tab 20mg,0212000Y0AAABAB,5,11.508
80,D82003,Paracet_Tab 500mg,0407010H0AAAMAM,51,11.42400000000001
79,D82003,Paracet_Tab 500mg,0407010H0AAAMAM,51,11.42400000000001
84,D82613,Paracet_Tab 500mg,0407010H0AAAMAM,11,11.3344
83,Y00164,Paracet_Tab 500mg,0407010H0AAAMAM,22,11.3344
82,D82613,Paracet_Tab 500mg,0407010H0AAAMAM,11,11.3344
81,Y00164,Paracet_Tab 500mg,0407010H0AAAMAM,22,11.3344
85,D83022,Paracet_Tab 500mg,0407010H0AAAMAM,12,11.289600000000007
86,D83022,Paracet_Tab 500mg,0407010H0AAAMAM,12,11.289600000000007
87,D82019,Paracet_Tab 500mg,0407010H0AAAMAM,38,10.214399999999998
88,D82019,Paracet_Tab 500mg,0407010H0AAAMAM,38,10.214399999999998
89,D83022,Paracet_Tab 500mg,0407010H0AAAMAM,22,10.12
90,D83022,Paracet_Tab 500mg,0407010H0AAAMAM,22,10.12
210,D82613,Simvastatin_Tab 20mg,0212000Y0AAABAB,80,9.632000000000003
92,D82058,Paracet_Tab 500mg,0407010H0AAAMAM,113,9.040000000000024
91,D82058,Paracet_Tab 500mg,0407010H0AAAMAM,113,9.040000000000024
363,D82019,Ferr Sulf_Tab 200mg,0901011P0AAACAC,2,7.0447999999999995
364,D83030,Ferr Sulf_Tab 200mg,0901011P0AAACAC,1,7.042
211,D82058,Simvastatin_Tab 20mg,0212000Y0AAABAB,232,6.496000000000006
212,D82003,Simvastatin_Tab 20mg,0212000Y0AAABAB,40,6.496
93,D83034,Paracet_Tab 500mg,0407010H0AAAMAM,8,5.6672
94,D83034,Paracet_Tab 500mg,0407010H0AAAMAM,8,5.6672
95,D83034,Paracet_Tab 500mg,0407010H0AAAMAM,12,5.644800000000004
96,D83034,Paracet_Tab 500mg,0407010H0AAAMAM,12,5.644800000000004
97,D83011,Paracet_Tab 500mg,0407010H0AAAMAM,124,4.960000000000013
98,D83011,Paracet_Tab 500mg,0407010H0AAAMAM,124,4.960000000000013
99,D82007,Paracet_Tab 500mg,0407010H0AAAMAM,50,3.3600000000000185
100,D82007,Paracet_Tab 500mg,0407010H0AAAMAM,50,3.3600000000000185
101,D83034,Paracet_Tab 500mg,0407010H0AAAMAM,3,3.2256
102,D83034,Paracet_Tab 500mg,0407010H0AAAMAM,3,3.2256
104,D83030,Paracet_Tab 500mg,0407010H0AAAMAM,35,0.700000000000008
103,D83030,Paracet_Tab 500mg,0407010H0AAAMAM,35,0.700000000000008
105,D82019,Paracet_Tab 500mg,0407010H0AAAMAM,4,0.13440000000000152
106,D82019,Paracet_Tab 500mg,0407010H0AAAMAM,4,0.13440000000000152
107,D83034,Paracet_Tab 500mg,0407010H0AAAMAM,3,0.10080000000000114
108,D83034,Paracet_Tab 500mg,0407010H0AAAMAM,3,0.10080000000000114
213,D82058,Simvastatin_Tab 20mg,0212000Y0AAABAB,35,0.09800000000000025
110,D83034,Paracet_Tab 500mg,0407010H0AAAMAM,1,0.07199999999999998
109,D83034,Paracet_Tab 500mg,0407010H0AAAMAM,1,0.07199999999999998
214,D82007,Simvastatin_Tab 20mg,0212000Y0AAABAB,19,0.053200000000000136
112,D83034,Paracet_Tab 500mg,0407010H0AAAMAM,5,0.05250000000000005
111,D83034,Paracet_Tab 500mg,0407010H0AAAMAM,5,0.05250000000000005
291,D83010,Atorvastatin_Tab 10mg,0212000B0AAAAAA,12,0.05040000000000028
365,D82058,Ferr Sulf_Tab 200mg,0901011P0AAACAC,9,0.050399999999999695
34,D82007,Pregabalin_Cap 150mg,0408010AEAAAEAE,11,0.04620000000000132
114,D83034,Paracet_Tab 500mg,0407010H0AAAMAM,8,0.04479999999999973
113,D83034,Paracet_Tab 500mg,0407010H0AAAMAM,8,0.04479999999999973
215,D83002,Simvastatin_Tab 20mg,0212000Y0AAABAB,7,0.0392000000000001
35,Y00164,Pregabalin_Cap 150mg,0408010AEAAAEAE,13,0.03640000000000104
115,D83011,Paracet_Tab 500mg,0407010H0AAAMAM,6,0.03599999999999978
116,D83011,Paracet_Tab 500mg,0407010H0AAAMAM,6,0.03599999999999978
37,D82007,Pregabalin_Cap 150mg,0408010AEAAAEAE,12,0.03360000000000096
36,D83002,Pregabalin_Cap 150mg,0408010AEAAAEAE,6,0.03360000000000096
216,D82007,Simvastatin_Tab 20mg,0212000Y0AAABAB,6,0.03360000000000009
366,D83034,Ferr Sulf_Tab 200mg,0901011P0AAACAC,6,0.0335999999999998
261,D83002,Pregabalin_Cap 300mg,0408010AEAAAGAG,5,0.031499999999999445
217,D83030,Simvastatin_Tab 20mg,0212000Y0AAABAB,11,0.03080000000000008
117,D83022,Paracet_Tab 500mg,0407010H0AAAMAM,5,0.02999999999999982
118,D83023,Paracet_Tab 500mg,0407010H0AAAMAM,5,0.02999999999999982
119,D83023,Paracet_Tab 500mg,0407010H0AAAMAM,5,0.02999999999999982
120,D83022,Paracet_Tab 500mg,0407010H0AAAMAM,5,0.02999999999999982
292,D82003,Atorvastatin_Tab 10mg,0212000B0AAAAAA,14,0.029400000000000162
293,D82019,Atorvastatin_Tab 10mg,0212000B0AAAAAA,14,0.029400000000000162
218,D82003,Simvastatin_Tab 20mg,0212000Y0AAABAB,16,0.028799999999999992
38,D82058,Pregabalin_Cap 150mg,0408010AEAAAEAE,5,0.028000000000000802
40,D83002,Pregabalin_Cap 150mg,0408010AEAAAEAE,10,0.028000000000000802
39,D83010,Pregabalin_Cap 150mg,0408010AEAAAEAE,5,0.028000000000000802
42,D83030,Pregabalin_Cap 150mg,0408010AEAAAEAE,9,0.025200000000000722
322,D82003,Memantine HCl_Tab 10mg,0411000G0AAAAAA,6,0.025200000000000722
41,D82003,Pregabalin_Cap 150mg,0408010AEAAAEAE,9,0.025200000000000722
219,D83010,Simvastatin_Tab 20mg,0212000Y0AAABAB,9,0.025200000000000066
220,D83023,Simvastatin_Tab 20mg,0212000Y0AAABAB,9,0.025200000000000066
221,D82613,Simvastatin_Tab 20mg,0212000Y0AAABAB,9,0.025200000000000066
121,D82067,Paracet_Tab 500mg,0407010H0AAAMAM,9,0.025199999999999848
122,Y00164,Paracet_Tab 500mg,0407010H0AAAMAM,9,0.025199999999999848
123,D82067,Paracet_Tab 500mg,0407010H0AAAMAM,9,0.025199999999999848
124,Y00164,Paracet_Tab 500mg,0407010H0AAAMAM,9,0.025199999999999848
262,D82058,Pregabalin_Cap 300mg,0408010AEAAAGAG,4,0.025199999999999556
264,D82007,Pregabalin_Cap 300mg,0408010AEAAAGAG,4,0.025199999999999556
263,D83023,Pregabalin_Cap 300mg,0408010AEAAAGAG,4,0.025199999999999556
127,D82003,Paracet_Tab 500mg,0407010H0AAAMAM,4,0.023999999999999855
125,D82003,Paracet_Tab 500mg,0407010H0AAAMAM,4,0.023999999999999855
128,D83016,Paracet_Tab 500mg,0407010H0AAAMAM,4,0.023999999999999855
126,D83016,Paracet_Tab 500mg,0407010H0AAAMAM,4,0.023999999999999855
294,D82058,Atorvastatin_Tab 10mg,0212000B0AAAAAA,11,0.023100000000000127
43,D83035,Pregabalin_Cap 150mg,0408010AEAAAEAE,4,0.02240000000000064
222,D83011,Simvastatin_Tab 20mg,0212000Y0AAABAB,8,0.02240000000000006
129,D82003,Paracet_Tab 500mg,0407010H0AAAMAM,8,0.022399999999999864
367,D83010,Ferr Sulf_Tab 200mg,0901011P0AAACAC,4,0.022399999999999864
130,D82003,Paracet_Tab 500mg,0407010H0AAAMAM,8,0.022399999999999864
295,D83002,Atorvastatin_Tab 10mg,0212000B0AAAAAA,10,0.021000000000000116
296,D83035,Atorvastatin_Tab 10mg,0212000B0AAAAAA,10,0.021000000000000116
250,D83002,Aripiprazole_Tab 15mg,0402010ADAAABAB,5,0.02099999999999963
223,D83022,Simvastatin_Tab 20mg,0212000Y0AAABAB,7,0.01960000000000005
224,D83034,Simvastatin_Tab 20mg,0212000Y0AAABAB,7,0.01960000000000005
24,D82058,Memantine HCl_Tab 20mg,0411000G0AAADAD,4,0.01959999999999998
131,D83035,Paracet_Tab 500mg,0407010H0AAAMAM,4,0.019200000000000217
132,D83035,Paracet_Tab 500mg,0407010H0AAAMAM,4,0.019200000000000217
297,Y00164,Atorvastatin_Tab 10mg,0212000B0AAAAAA,9,0.018900000000000104
298,D83011,Atorvastatin_Tab 10mg,0212000B0AAAAAA,9,0.018900000000000104
134,D83010,Paracet_Tab 500mg,0407010H0AAAMAM,3,0.01799999999999989
133,D83010,Paracet_Tab 500mg,0407010H0AAAMAM,3,0.01799999999999989
368,D83030,Ferr Sulf_Tab 200mg,0901011P0AAACAC,1,0.017999999999999267
12,D82003,Atorvastatin_Tab 20mg,0212000B0AAABAB,4,0.01760000000000006
44,D83030,Pregabalin_Cap 150mg,0408010AEAAAEAE,4,0.01680000000000048
45,D83016,Pregabalin_Cap 150mg,0408010AEAAAEAE,4,0.01680000000000048
46,D82067,Pregabalin_Cap 150mg,0408010AEAAAEAE,3,0.01680000000000048
323,D82058,Memantine HCl_Tab 10mg,0411000G0AAAAAA,4,0.01680000000000048
47,D83009,Pregabalin_Cap 150mg,0408010AEAAAEAE,3,0.01680000000000048
135,D83023,Paracet_Tab 500mg,0407010H0AAAMAM,4,0.0167999999999999
136,D83023,Paracet_Tab 500mg,0407010H0AAAMAM,4,0.0167999999999999
225,Y00164,Simvastatin_Tab 20mg,0212000Y0AAABAB,9,0.016199999999999996
25,D82007,Memantine HCl_Tab 20mg,0411000G0AAADAD,22,0.015399999999999983
26,D83034,Memantine HCl_Tab 20mg,0411000G0AAADAD,3,0.014699999999999984
48,D83009,Pregabalin_Cap 150mg,0408010AEAAAEAE,5,0.014000000000000401
325,D83011,Memantine HCl_Tab 10mg,0411000G0AAAAAA,3,0.012600000000000361
326,D82007,Memantine HCl_Tab 10mg,0411000G0AAAAAA,3,0.012600000000000361
327,D82019,Memantine HCl_Tab 10mg,0411000G0AAAAAA,3,0.012600000000000361
328,D83023,Memantine HCl_Tab 10mg,0411000G0AAAAAA,3,0.012600000000000361
49,D83047,Pregabalin_Cap 150mg,0408010AEAAAEAE,3,0.012600000000000361
324,D83016,Memantine HCl_Tab 10mg,0411000G0AAAAAA,3,0.012600000000000361
300,D83034,Atorvastatin_Tab 10mg,0212000B0AAAAAA,3,0.01260000000000007
301,D83030,Atorvastatin_Tab 10mg,0212000B0AAAAAA,6,0.01260000000000007
299,D83034,Atorvastatin_Tab 10mg,0212000B0AAAAAA,6,0.01260000000000007
137,D83035,Paracet_Tab 500mg,0407010H0AAAMAM,1,0.011999999999999927
138,D83034,Paracet_Tab 500mg,0407010H0AAAMAM,2,0.011999999999999927
144,D83009,Paracet_Tab 500mg,0407010H0AAAMAM,1,0.011999999999999927
141,D83035,Paracet_Tab 500mg,0407010H0AAAMAM,1,0.011999999999999927
139,D83034,Paracet_Tab 500mg,0407010H0AAAMAM,2,0.011999999999999927
142,D83009,Paracet_Tab 500mg,0407010H0AAAMAM,1,0.011999999999999927
143,D83047,Paracet_Tab 500mg,0407010H0AAAMAM,2,0.011999999999999927
140,D83047,Paracet_Tab 500mg,0407010H0AAAMAM,2,0.011999999999999927
369,D83002,Ferr Sulf_Tab 200mg,0901011P0AAACAC,1,0.011999999999999511
50,D83608,Pregabalin_Cap 150mg,0408010AEAAAEAE,4,0.01120000000000032
56,D82019,Pregabalin_Cap 150mg,0408010AEAAAEAE,2,0.01120000000000032
55,D82613,Pregabalin_Cap 150mg,0408010AEAAAEAE,2,0.01120000000000032
54,D82058,Pregabalin_Cap 150mg,0408010AEAAAEAE,4,0.01120000000000032
51,D83047,Pregabalin_Cap 150mg,0408010AEAAAEAE,2,0.01120000000000032
52,D82067,Pregabalin_Cap 150mg,0408010AEAAAEAE,4,0.01120000000000032
53,D83023,Pregabalin_Cap 150mg,0408010AEAAAEAE,2,0.01120000000000032
226,D83011,Simvastatin_Tab 20mg,0212000Y0AAABAB,2,0.01120000000000003
230,D83030,Simvastatin_Tab 20mg,0212000Y0AAABAB,2,0.01120000000000003
229,D83035,Simvastatin_Tab 20mg,0212000Y0AAABAB,4,0.01120000000000003
228,D83608,Simvastatin_Tab 20mg,0212000Y0AAABAB,4,0.01120000000000003
227,Y00164,Simvastatin_Tab 20mg,0212000Y0AAABAB,4,0.01120000000000003
148,D83030,Paracet_Tab 500mg,0407010H0AAAMAM,2,0.011199999999999932
370,Y00164,Ferr Sulf_Tab 200mg,0901011P0AAACAC,4,0.011199999999999932
145,D83009,Paracet_Tab 500mg,0407010H0AAAMAM,4,0.011199999999999932
372,D82600,Ferr Sulf_Tab 200mg,0901011P0AAACAC,4,0.011199999999999932
371,D83010,Ferr Sulf_Tab 200mg,0901011P0AAACAC,4,0.011199999999999932
147,D83009,Paracet_Tab 500mg,0407010H0AAAMAM,4,0.011199999999999932
146,D83030,Paracet_Tab 500mg,0407010H0AAAMAM,2,0.011199999999999932
302,D82067,Atorvastatin_Tab 10mg,0212000B0AAAAAA,5,0.010500000000000058
27,D82007,Memantine HCl_Tab 20mg,0411000G0AAADAD,5,0.010499999999999989
150,D83047,Paracet_Tab 500mg,0407010H0AAAMAM,1,0.009199999999999944
149,D83047,Paracet_Tab 500mg,0407010H0AAAMAM,1,0.009199999999999944
251,Y00164,Aripiprazole_Tab 15mg,0402010ADAAABAB,5,0.008999999999999841
329,D82613,Memantine HCl_Tab 10mg,0411000G0AAAAAA,2,0.00840000000000024
330,D83035,Memantine HCl_Tab 10mg,0411000G0AAAAAA,2,0.00840000000000024
331,D83034,Memantine HCl_Tab 10mg,0411000G0AAAAAA,2,0.00840000000000024
57,D82019,Pregabalin_Cap 150mg,0408010AEAAAEAE,3,0.00840000000000024
306,D83047,Atorvastatin_Tab 10mg,0212000B0AAAAAA,4,0.008400000000000046
305,D82600,Atorvastatin_Tab 10mg,0212000B0AAAAAA,2,0.008400000000000046
304,D83608,Atorvastatin_Tab 10mg,0212000B0AAAAAA,4,0.008400000000000046
303,D82007,Atorvastatin_Tab 10mg,0212000B0AAAAAA,4,0.008400000000000046
154,D83608,Paracet_Tab 500mg,0407010H0AAAMAM,3,0.00839999999999995
152,D83608,Paracet_Tab 500mg,0407010H0AAAMAM,3,0.00839999999999995
153,D83010,Paracet_Tab 500mg,0407010H0AAAMAM,3,0.00839999999999995
151,D83010,Paracet_Tab 500mg,0407010H0AAAMAM,3,0.00839999999999995
253,D83034,Aripiprazole_Tab 15mg,0402010ADAAABAB,2,0.008399999999999852
252,D83030,Aripiprazole_Tab 15mg,0402010ADAAABAB,2,0.008399999999999852
265,D82007,Pregabalin_Cap 300mg,0408010AEAAAGAG,2,0.008000000000000007
266,D83030,Pregabalin_Cap 300mg,0408010AEAAAGAG,1,0.006299999999999889
160,D83002,Paracet_Tab 500mg,0407010H0AAAMAM,1,0.005999999999999964
158,D83002,Paracet_Tab 500mg,0407010H0AAAMAM,1,0.005999999999999964
163,D82019,Paracet_Tab 500mg,0407010H0AAAMAM,1,0.005999999999999964
162,D82019,Paracet_Tab 500mg,0407010H0AAAMAM,2,0.005999999999999964
161,D82019,Paracet_Tab 500mg,0407010H0AAAMAM,1,0.005999999999999964
159,D83608,Paracet_Tab 500mg,0407010H0AAAMAM,1,0.005999999999999964
156,D82058,Paracet_Tab 500mg,0407010H0AAAMAM,1,0.005999999999999964
155,D82019,Paracet_Tab 500mg,0407010H0AAAMAM,2,0.005999999999999964
157,D83608,Paracet_Tab 500mg,0407010H0AAAMAM,1,0.005999999999999964
164,D82058,Paracet_Tab 500mg,0407010H0AAAMAM,1,0.005999999999999964
373,D82003,Ferr Sulf_Tab 200mg,0901011P0AAACAC,1,0.0059999999999997555
60,D82003,Pregabalin_Cap 150mg,0408010AEAAAEAE,1,0.00560000000000016
62,Y00164,Pregabalin_Cap 150mg,0408010AEAAAEAE,1,0.00560000000000016
63,D83016,Pregabalin_Cap 150mg,0408010AEAAAEAE,1,0.00560000000000016
64,D83030,Pregabalin_Cap 150mg,0408010AEAAAEAE,1,0.00560000000000016
58,D82067,Pregabalin_Cap 150mg,0408010AEAAAEAE,4,0.00560000000000016
59,D83608,Pregabalin_Cap 150mg,0408010AEAAAEAE,1,0.00560000000000016
61,D83034,Pregabalin_Cap 150mg,0408010AEAAAEAE,1,0.00560000000000016
234,D82600,Simvastatin_Tab 20mg,0212000Y0AAABAB,1,0.005600000000000015
233,D82600,Simvastatin_Tab 20mg,0212000Y0AAABAB,2,0.005600000000000015
232,D83034,Simvastatin_Tab 20mg,0212000Y0AAABAB,1,0.005600000000000015
231,D82019,Simvastatin_Tab 20mg,0212000Y0AAABAB,1,0.005600000000000015
267,D82019,Pregabalin_Cap 300mg,0408010AEAAAGAG,1,0.005200000000000149
28,D82019,Memantine HCl_Tab 20mg,0411000G0AAADAD,1,0.004899999999999995
268,D83010,Pregabalin_Cap 300mg,0408010AEAAAGAG,1,0.004899999999999946
332,Y00164,Memantine HCl_Tab 10mg,0411000G0AAAAAA,1,0.00420000000000012
65,D83034,Pregabalin_Cap 150mg,0408010AEAAAEAE,1,0.00420000000000012
333,D82067,Memantine HCl_Tab 10mg,0411000G0AAAAAA,1,0.00420000000000012
334,D83047,Memantine HCl_Tab 10mg,0411000G0AAAAAA,1,0.00420000000000012
335,D83030,Memantine HCl_Tab 10mg,0411000G0AAAAAA,1,0.00420000000000012
336,D83608,Memantine HCl_Tab 10mg,0411000G0AAAAAA,1,0.00420000000000012
307,D83002,Atorvastatin_Tab 10mg,0212000B0AAAAAA,1,0.004200000000000023
340,D82067,Memantine HCl_Tab 10mg,0411000G0AAAAAA,1,0.004200000000000023
339,D83011,Memantine HCl_Tab 10mg,0411000G0AAAAAA,1,0.004200000000000023
338,D83034,Memantine HCl_Tab 10mg,0411000G0AAAAAA,1,0.004200000000000023
308,D82007,Atorvastatin_Tab 10mg,0212000B0AAAAAA,1,0.004200000000000023
337,D83047,Memantine HCl_Tab 10mg,0411000G0AAAAAA,1,0.004200000000000023
309,D83016,Atorvastatin_Tab 10mg,0212000B0AAAAAA,1,0.004199999999999975
166,D82007,Paracet_Tab 500mg,0407010H0AAAMAM,1,0.004199999999999975
165,D82007,Paracet_Tab 500mg,0407010H0AAAMAM,1,0.004199999999999975
236,D83023,Simvastatin_Tab 20mg,0212000Y0AAABAB,1,0.004199999999999975
235,D83034,Simvastatin_Tab 20mg,0212000Y0AAABAB,1,0.004199999999999975
310,D82003,Atorvastatin_Tab 10mg,0212000B0AAAAAA,1,0.004199999999999975
255,D83035,Aripiprazole_Tab 15mg,0402010ADAAABAB,1,0.004199999999999926
254,D82067,Aripiprazole_Tab 15mg,0402010ADAAABAB,1,0.004199999999999926
238,D82613,Simvastatin_Tab 20mg,0212000Y0AAABAB,1,0.003499999999999979
237,D83016,Simvastatin_Tab 20mg,0212000Y0AAABAB,1,0.003499999999999979
172,D82007,Paracet_Tab 500mg,0407010H0AAAMAM,1,0.002999999999999982
173,D82007,Paracet_Tab 500mg,0407010H0AAAMAM,1,0.002999999999999982
171,D83030,Paracet_Tab 500mg,0407010H0AAAMAM,1,0.002999999999999982
170,D83030,Paracet_Tab 500mg,0407010H0AAAMAM,1,0.002999999999999982
169,D83011,Paracet_Tab 500mg,0407010H0AAAMAM,1,0.002999999999999982
168,D83047,Paracet_Tab 500mg,0407010H0AAAMAM,1,0.002999999999999982
167,D83011,Paracet_Tab 500mg,0407010H0AAAMAM,1,0.002999999999999982
239,D82003,Simvastatin_Tab 20mg,0212000Y0AAABAB,1,0.002999999999999982
174,D83047,Paracet_Tab 500mg,0407010H0AAAMAM,1,0.002999999999999982
269,D83023,Pregabalin_Cap 300mg,0408010AEAAAGAG,1,0.002999999999999947
240,D82019,Simvastatin_Tab 20mg,0212000Y0AAABAB,1,0.0028000000000000073
29,D82007,Memantine HCl_Tab 20mg,0411000G0AAADAD,1,0.002799999999999997
30,D83023,Memantine HCl_Tab 20mg,0411000G0AAADAD,1,0.0020999999999999977
13,D82019,Atorvastatin_Tab 20mg,0212000B0AAABAB,1,0.0020000000000000573
241,D83047,Simvastatin_Tab 20mg,0212000Y0AAABAB,1,0.0017999999999999995
66,D83030,Pregabalin_Cap 150mg,0408010AEAAAEAE,1,0.00140000000000004
175,D83010,Paracet_Tab 500mg,0407010H0AAAMAM,1,0.0013999999999999915
176,D83010,Paracet_Tab 500mg,0407010H0AAAMAM,1,0.0013999999999999915
374,D83023,Ferr Sulf_Tab 200mg,0901011P0AAACAC,1,0.0003999999999999976
341,D83047,Memantine HCl_Tab 10mg,0411000G0AAAAAA,1,-0.0007999999999999952
242,Y02082,Simvastatin_Tab 20mg,0212000Y0AAABAB,1,-0.0010000000000000113
14,D83011,Atorvastatin_Tab 20mg,0212000B0AAABAB,1,-0.0013999999999999985
270,Y02082,Pregabalin_Cap 300mg,0408010AEAAAGAG,1,-0.0014000000000000123
342,D83011,Memantine HCl_Tab 10mg,0411000G0AAAAAA,1,-0.0015999999999999903
178,D83035,Paracet_Tab 500mg,0407010H0AAAMAM,1,-0.001999999999999988
177,D83035,Paracet_Tab 500mg,0407010H0AAAMAM,1,-0.001999999999999988
343,D82613,Memantine HCl_Tab 10mg,0411000G0AAAAAA,1,-0.001999999999999988
243,D83034,Simvastatin_Tab 20mg,0212000Y0AAABAB,1,-0.0020999999999999873
375,D83002,Ferr Sulf_Tab 200mg,0901011P0AAACAC,1,-0.00210000000000006
67,D82007,Pregabalin_Cap 150mg,0408010AEAAAEAE,1,-0.002399999999999902
344,D83011,Memantine HCl_Tab 10mg,0411000G0AAAAAA,1,-0.002799999999999983
271,D83608,Pregabalin_Cap 300mg,0408010AEAAAGAG,1,-0.0028000000000000247
256,Y00164,Aripiprazole_Tab 15mg,0402010ADAAABAB,1,-0.00280000000000008
15,D83023,Atorvastatin_Tab 20mg,0212000B0AAABAB,1,-0.0029999999999998778
16,D83034,Atorvastatin_Tab 20mg,0212000B0AAABAB,1,-0.0029999999999998778
312,D82003,Atorvastatin_Tab 10mg,0212000B0AAAAAA,1,-0.002999999999999982
311,D82058,Atorvastatin_Tab 10mg,0212000B0AAAAAA,1,-0.002999999999999982
345,D82058,Memantine HCl_Tab 10mg,0411000G0AAAAAA,1,-0.003000000000000086
313,D83010,Atorvastatin_Tab 10mg,0212000B0AAAAAA,1,-0.0031999999999999806
346,D82058,Memantine HCl_Tab 10mg,0411000G0AAAAAA,1,-0.0033000000000000945
179,D82007,Paracet_Tab 500mg,0407010H0AAAMAM,1,-0.003999999999999976
180,D82007,Paracet_Tab 500mg,0407010H0AAAMAM,1,-0.003999999999999976
17,D83047,Atorvastatin_Tab 20mg,0212000B0AAABAB,1,-0.003999999999999976
347,D83011,Memantine HCl_Tab 10mg,0411000G0AAAAAA,1,-0.003999999999999976
314,D83035,Atorvastatin_Tab 10mg,0212000B0AAAAAA,1,-0.004199999999999975
315,D83034,Atorvastatin_Tab 10mg,0212000B0AAAAAA,1,-0.004199999999999975
273,Y02082,Pregabalin_Cap 300mg,0408010AEAAAGAG,1,-0.004200000000000037
272,D83023,Pregabalin_Cap 300mg,0408010AEAAAGAG,1,-0.004200000000000037
244,D82019,Simvastatin_Tab 20mg,0212000Y0AAABAB,1,-0.004499999999999994
68,D83030,Pregabalin_Cap 150mg,0408010AEAAAEAE,1,-0.004500000000000004
316,D83034,Atorvastatin_Tab 10mg,0212000B0AAAAAA,1,-0.004799999999999971
182,D83011,Paracet_Tab 500mg,0407010H0AAAMAM,1,-0.005599999999999966
188,D83011,Paracet_Tab 500mg,0407010H0AAAMAM,1,-0.005599999999999966
181,D82600,Paracet_Tab 500mg,0407010H0AAAMAM,1,-0.005599999999999966
187,D83022,Paracet_Tab 500mg,0407010H0AAAMAM,1,-0.005599999999999966
185,D83022,Paracet_Tab 500mg,0407010H0AAAMAM,1,-0.005599999999999966
184,D83002,Paracet_Tab 500mg,0407010H0AAAMAM,1,-0.005599999999999966
183,D82600,Paracet_Tab 500mg,0407010H0AAAMAM,1,-0.005599999999999966
186,D83002,Paracet_Tab 500mg,0407010H0AAAMAM,1,-0.005599999999999966
274,D82019,Pregabalin_Cap 300mg,0408010AEAAAGAG,1,-0.006200000000000178
376,D82007,Ferr Sulf_Tab 200mg,0901011P0AAACAC,3,-0.0063000000000001805
275,D83030,Pregabalin_Cap 300mg,0408010AEAAAGAG,5,-0.007000000000000062
348,D82019,Memantine HCl_Tab 10mg,0411000G0AAAAAA,3,-0.00839999999999995
377,D82003,Ferr Sulf_Tab 200mg,0901011P0AAACAC,4,-0.00840000000000024
257,D82007,Aripiprazole_Tab 15mg,0402010ADAAABAB,3,-0.00840000000000024
349,D83035,Memantine HCl_Tab 10mg,0411000G0AAAAAA,4,-0.011199999999999932
350,D82058,Memantine HCl_Tab 10mg,0411000G0AAAAAA,4,-0.011199999999999932
351,D83034,Memantine HCl_Tab 10mg,0411000G0AAAAAA,4,-0.011199999999999932
276,D83030,Pregabalin_Cap 300mg,0408010AEAAAGAG,3,-0.012600000000000111
190,D82067,Paracet_Tab 500mg,0407010H0AAAMAM,3,-0.0167999999999999
189,D82067,Paracet_Tab 500mg,0407010H0AAAMAM,3,-0.0167999999999999
18,D82003,Atorvastatin_Tab 20mg,0212000B0AAABAB,4,-0.01679999999999998
258,Y00164,Aripiprazole_Tab 15mg,0402010ADAAABAB,5,-0.022000000000000353
352,D82007,Memantine HCl_Tab 10mg,0411000G0AAAAAA,8,-0.022399999999999864
197,D83047,Paracet_Tab 500mg,0407010H0AAAMAM,4,-0.022399999999999864
191,D83035,Paracet_Tab 500mg,0407010H0AAAMAM,4,-0.022399999999999864
192,D83009,Paracet_Tab 500mg,0407010H0AAAMAM,4,-0.022399999999999864
193,D83047,Paracet_Tab 500mg,0407010H0AAAMAM,4,-0.022399999999999864
194,D83023,Paracet_Tab 500mg,0407010H0AAAMAM,4,-0.022399999999999864
195,D83009,Paracet_Tab 500mg,0407010H0AAAMAM,4,-0.022399999999999864
196,D83023,Paracet_Tab 500mg,0407010H0AAAMAM,4,-0.022399999999999864
198,D83035,Paracet_Tab 500mg,0407010H0AAAMAM,4,-0.022399999999999864
277,D83030,Pregabalin_Cap 300mg,0408010AEAAAGAG,8,-0.022400000000000198
245,D82003,Simvastatin_Tab 20mg,0212000Y0AAABAB,5,-0.022499999999999968
278,Y00164,Pregabalin_Cap 300mg,0408010AEAAAGAG,25,-0.03500000000000031
279,D82067,Pregabalin_Cap 300mg,0408010AEAAAGAG,14,-0.039200000000000346
280,D83034,Pregabalin_Cap 300mg,0408010AEAAAGAG,30,-0.04200000000000037
199,D82613,Paracet_Tab 500mg,0407010H0AAAMAM,15,-0.08399999999999949
200,D83608,Paracet_Tab 500mg,0407010H0AAAMAM,15,-0.08399999999999949
201,D82613,Paracet_Tab 500mg,0407010H0AAAMAM,15,-0.08399999999999949
202,D83608,Paracet_Tab 500mg,0407010H0AAAMAM,15,-0.08399999999999949
204,D82058,Paracet_Tab 500mg,0407010H0AAAMAM,22,-0.12319999999999925
203,D82058,Paracet_Tab 500mg,0407010H0AAAMAM,22,-0.12319999999999925
353,D82613,Memantine HCl_Tab 10mg,0411000G0AAAAAA,5,-0.30800000000000005
205,D82003,Paracet_Tab 500mg,0407010H0AAAMAM,52,-1.0399999999999938
206,D82003,Paracet_Tab 500mg,0407010H0AAAMAM,52,-1.0399999999999938
