,practice_code,bnf_description,bnf_code,items,excess_cost
0,C87002,Atorvastatin_Tab 20mg,0212000B0AAABAB,1027,23.00480000000006
1,C87002,Clopidogrel_Tab 75mg,0209000C0AAAAAA,7,0.03429999999999996
2,C87002,Ferr Sulf_Tab 200mg,0901011P0AAACAC,10,0.035199999999998566
3,C87002,Lamotrigine_Tab 200mg,0408010H0AAA1A1,5,0.0
4,C87002,Montelukast_Tab 10mg,0303020G0AAABAB,54,0.907200000000005
5,C87002,Paracet_Tab 500mg,0407010H0AAAMAM,360,23.982400000000005
6,C87002,Paracet_Tab Solb 500mg,0407010H0AAAQAQ,4,44.093599999999995
7,C87003,Clopidogrel_Tab 75mg,0209000C0AAAAAA,1,0.004899999999999995
8,C87003,Ferr Sulf_Tab 200mg,0901011P0AAACAC,8,0.048599999999999186
9,C87003,Lamotrigine_Tab 200mg,0408010H0AAA1A1,7,0.011199999999998766
10,C87003,Paracet_Tab 500mg,0407010H0AAAMAM,6,0.012799999999999923
11,C87004,Clopidogrel_Tab 75mg,0209000C0AAAAAA,12,0.058799999999999936
12,C87004,Ferr Sulf_Tab 200mg,0901011P0AAACAC,34,0.1019999999999988
13,C87004,Lamotrigine_Tab 200mg,0408010H0AAA1A1,1,0.0
14,C87004,Paracet_Tab 500mg,0407010H0AAAMAM,34,0.07799999999999951
15,C87004,Paracet_Tab Solb 500mg,0407010H0AAAQAQ,4,0.0064000000000010715
16,C87005,Clopidogrel_Tab 75mg,0209000C0AAAAAA,4,0.017199999999999882
17,C87005,Ferr Sulf_Tab 200mg,0901011P0AAACAC,5,0.02839999999999962
18,C87005,Lamotrigine_Tab 200mg,0408010H0AAA1A1,6,0.0
19,C87005,Paracet_Tab 500mg,0407010H0AAAMAM,28,-0.1303999999999992
20,C87005,Pregabalin_Cap 75mg,0408010AEAAACAC,1,0.008399999999999658
21,C87006,Atorvastatin_Tab 20mg,0212000B0AAABAB,778,68.88940000000002
22,C87006,Clopidogrel_Tab 75mg,0209000C0AAAAAA,227,17.544100000000007
23,C87006,Ferr Sulf_Tab 200mg,0901011P0AAACAC,46,0.06559999999999665
24,C87006,Lamotrigine_Tab 200mg,0408010H0AAA1A1,9,0.0
25,C87006,Montelukast_Tab 10mg,0303020G0AAABAB,64,48.74239999999999
26,C87006,Olanzapine_Tab 20mg,040201060AAAQAQ,4,0.0056000000000009376
27,C87006,Paracet_Tab 500mg,0407010H0AAAMAM,1000,41.5204000000001
28,C87006,Pregabalin_Cap 75mg,0408010AEAAACAC,16,170.23999999999998
29,C87006,Risperidone_Tab 6mg,040201030AAAFAF,3,116.8384
30,C87007,Clopidogrel_Tab 75mg,0209000C0AAAAAA,34,0.1665999999999998
31,C87007,Ferr Sulf_Tab 200mg,0901011P0AAACAC,45,-0.024500000000002256
32,C87007,Lamotrigine_Tab 200mg,0408010H0AAA1A1,7,0.0
33,C87007,Paracet_Tab 500mg,0407010H0AAAMAM,544,-7.610399999999959
34,C87007,Paracet_Tab Solb 500mg,0407010H0AAAQAQ,14,73.50000000000003
35,C87008,Atorvastatin_Tab 20mg,0212000B0AAABAB,599,112.3992
36,C87008,Ferr Sulf_Tab 200mg,0901011P0AAACAC,3,0.017999999999999267
37,C87008,Lamotrigine_Tab 200mg,0408010H0AAA1A1,4,0.0
38,C87008,Montelukast_Tab 10mg,0303020G0AAABAB,56,73.0688
39,C87008,Olanzapine_Tab 20mg,040201060AAAQAQ,7,-0.01959999999999784
40,C87008,Paracet_Tab 500mg,0407010H0AAAMAM,1076,133.1584000000001
41,C87008,Paracet_Tab Solb 500mg,0407010H0AAAQAQ,2,-0.011999999999998678
42,C87008,Pregabalin_Cap 75mg,0408010AEAAACAC,4,0.022399999999999864
43,C87009,Clopidogrel_Tab 75mg,0209000C0AAAAAA,13,0.06369999999999992
44,C87009,Ferr Sulf_Tab 200mg,0901011P0AAACAC,11,0.025199999999999556
45,C87009,Lamotrigine_Tab 200mg,0408010H0AAA1A1,7,0.01679999999999815
46,C87009,Paracet_Tab 500mg,0407010H0AAAMAM,26,0.11959999999999926
47,C87010,Ferr Sulf_Tab 200mg,0901011P0AAACAC,4,0.011199999999999932
48,C87010,Lamotrigine_Tab 200mg,0408010H0AAA1A1,1,0.0
49,C87010,Paracet_Tab 500mg,0407010H0AAAMAM,136,15.5752
50,C87012,Atorvastatin_Tab 20mg,0212000B0AAABAB,251,22.39700000000001
51,C87012,Lamotrigine_Tab 200mg,0408010H0AAA1A1,3,0.0
52,C87012,Montelukast_Tab 10mg,0303020G0AAABAB,28,24.382399999999997
53,C87012,Olanzapine_Tab 20mg,040201060AAAQAQ,2,137.58079999999998
54,C87012,Paracet_Tab 500mg,0407010H0AAAMAM,828,134.6112000000001
55,C87012,Paracet_Tab Solb 500mg,0407010H0AAAQAQ,16,9.440000000000005
56,C87012,Pregabalin_Cap 75mg,0408010AEAAACAC,1,0.008399999999999658
57,C87013,Atorvastatin_Tab 20mg,0212000B0AAABAB,281,45.30159999999999
58,C87013,Clopidogrel_Tab 75mg,0209000C0AAAAAA,25,0.12249999999999986
59,C87013,Ferr Sulf_Tab 200mg,0901011P0AAACAC,99,21.338699999999996
60,C87013,Lamotrigine_Tab 200mg,0408010H0AAA1A1,1,0.0
61,C87013,Paracet_Tab 500mg,0407010H0AAAMAM,282,13.939999999999998
62,C87013,Paracet_Tab Solb 500mg,0407010H0AAAQAQ,4,-0.023999999999997357
63,C87014,Atorvastatin_Tab 20mg,0212000B0AAABAB,133,22.716400000000004
64,C87014,Ferr Sulf_Tab 200mg,0901011P0AAACAC,3,0.017999999999999267
65,C87014,Lamotrigine_Tab 200mg,0408010H0AAA1A1,1,0.0
66,C87014,Paracet_Tab 500mg,0407010H0AAAMAM,248,91.40640000000005
67,C87015,Atorvastatin_Tab 20mg,0212000B0AAABAB,1,-0.004199999999999995
68,C87015,Clopidogrel_Tab 75mg,0209000C0AAAAAA,1,0.004899999999999995
69,C87015,Ferr Sulf_Tab 200mg,0901011P0AAACAC,3,0.020999999999999144
70,C87015,Lamotrigine_Tab 200mg,0408010H0AAA1A1,4,0.0
71,C87015,Paracet_Tab 500mg,0407010H0AAAMAM,8,0.012799999999999923
72,C87015,Paracet_Tab Solb 500mg,0407010H0AAAQAQ,6,-0.023999999999997357
73,C87016,Clopidogrel_Tab 75mg,0209000C0AAAAAA,4,0.01959999999999998
74,C87016,Ferr Sulf_Tab 200mg,0901011P0AAACAC,9,0.03919999999999976
75,C87016,Lamotrigine_Tab 200mg,0408010H0AAA1A1,5,0.0
76,C87016,Montelukast_Tab 10mg,0303020G0AAABAB,1,-0.0030999999999998737
77,C87016,Paracet_Tab 500mg,0407010H0AAAMAM,30,-0.11759999999999929
78,C87016,Paracet_Tab Solb 500mg,0407010H0AAAQAQ,8,-0.047999999999994714
79,C87017,Clopidogrel_Tab 75mg,0209000C0AAAAAA,9,0.03779999999999996
80,C87017,Ferr Sulf_Tab 200mg,0901011P0AAACAC,9,0.01999999999999938
81,C87017,Lamotrigine_Tab 200mg,0408010H0AAA1A1,7,0.0
82,C87017,Montelukast_Tab 10mg,0303020G0AAABAB,1,-0.0030000000000000027
83,C87017,Olanzapine_Tab 20mg,040201060AAAQAQ,2,-0.005599999999999383
84,C87017,Paracet_Tab 500mg,0407010H0AAAMAM,46,-0.08279999999999951
85,C87017,Paracet_Tab Solb 500mg,0407010H0AAAQAQ,4,-0.023999999999997357
86,C87017,Pregabalin_Cap 75mg,0408010AEAAACAC,1,-0.00210000000000006
87,C87018,Clopidogrel_Tab 75mg,0209000C0AAAAAA,4,0.01959999999999998
88,C87018,Ferr Sulf_Tab 200mg,0901011P0AAACAC,1,0.005599999999999966
89,C87018,Lamotrigine_Tab 200mg,0408010H0AAA1A1,3,0.0
90,C87018,Paracet_Tab 500mg,0407010H0AAAMAM,22,-0.10599999999999936
91,C87018,Pregabalin_Cap 75mg,0408010AEAAACAC,7,0.01959999999999988
92,C87018,Risperidone_Tab 6mg,040201030AAAFAF,1,29.2096
93,C87020,Clopidogrel_Tab 75mg,0209000C0AAAAAA,99,17.4636
94,C87020,Ferr Sulf_Tab 200mg,0901011P0AAACAC,5,0.02799999999999983
95,C87020,Lamotrigine_Tab 200mg,0408010H0AAA1A1,2,0.0
96,C87020,Paracet_Tab 500mg,0407010H0AAAMAM,540,33.308000000000035
97,C87022,Atorvastatin_Tab 20mg,0212000B0AAABAB,316,68.12960000000005
98,C87022,Ferr Sulf_Tab 200mg,0901011P0AAACAC,23,7.083999999999997
99,C87022,Lamotrigine_Tab 200mg,0408010H0AAA1A1,2,0.0
100,C87022,Paracet_Tab 500mg,0407010H0AAAMAM,480,5.342800000000073
101,C87022,Pregabalin_Cap 75mg,0408010AEAAACAC,2,0.011199999999999932
102,C87024,Clopidogrel_Tab 75mg,0209000C0AAAAAA,38,8.802499999999995
103,C87024,Ferr Sulf_Tab 200mg,0901011P0AAACAC,17,21.195999999999998
104,C87024,Lamotrigine_Tab 200mg,0408010H0AAA1A1,6,0.027999999999996916
105,C87024,Paracet_Tab 500mg,0407010H0AAAMAM,112,-1.0879999999999934
106,C87024,Risperidone_Tab 6mg,040201030AAAFAF,1,29.2096
107,C87029,Clopidogrel_Tab 75mg,0209000C0AAAAAA,1,0.004899999999999995
108,C87029,Ferr Sulf_Tab 200mg,0901011P0AAACAC,4,0.0269999999999989
109,C87029,Lamotrigine_Tab 200mg,0408010H0AAA1A1,12,0.0
110,C87029,Paracet_Tab 500mg,0407010H0AAAMAM,10,-0.0327999999999998
111,C87029,Paracet_Tab Solb 500mg,0407010H0AAAQAQ,4,-0.023999999999997357
112,C87029,Pregabalin_Cap 75mg,0408010AEAAACAC,1,0.008399999999999658
113,C87030,Atorvastatin_Tab 20mg,0212000B0AAABAB,420,22.290000000000067
114,C87030,Clopidogrel_Tab 75mg,0209000C0AAAAAA,136,39.83849999999998
115,C87030,Ferr Sulf_Tab 200mg,0901011P0AAACAC,124,345.04049999999995
116,C87030,Lamotrigine_Tab 200mg,0408010H0AAA1A1,3,0.0
117,C87030,Paracet_Tab 500mg,0407010H0AAAMAM,728,10.705600000000032
118,C87031,Lamotrigine_Tab 200mg,0408010H0AAA1A1,1,0.0
119,C87031,Paracet_Tab 500mg,0407010H0AAAMAM,164,38.8452
120,C87603,Atorvastatin_Tab 20mg,0212000B0AAABAB,180,45.36000000000001
121,C87603,Clopidogrel_Tab 75mg,0209000C0AAAAAA,54,8.769599999999999
122,C87603,Ferr Sulf_Tab 200mg,0901011P0AAACAC,6,14.0784
123,C87603,Lamotrigine_Tab 200mg,0408010H0AAA1A1,2,0.0
124,C87603,Paracet_Tab 500mg,0407010H0AAAMAM,2,-0.011199999999999932
125,C87604,Ferr Sulf_Tab 200mg,0901011P0AAACAC,1,0.0059999999999997555
126,C87604,Paracet_Tab 500mg,0407010H0AAAMAM,8,-0.02159999999999987
127,C87604,Paracet_Tab Solb 500mg,0407010H0AAAQAQ,2,-0.011999999999998678
128,C87606,Clopidogrel_Tab 75mg,0209000C0AAAAAA,14,28.890399999999996
129,C87606,Paracet_Tab 500mg,0407010H0AAAMAM,16,2.5016000000000003
130,C87608,Atorvastatin_Tab 20mg,0212000B0AAABAB,145,45.808000000000014
131,C87608,Clopidogrel_Tab 75mg,0209000C0AAAAAA,28,8.780799999999996
132,C87608,Lamotrigine_Tab 200mg,0408010H0AAA1A1,2,127.8368
133,C87608,Paracet_Tab 500mg,0407010H0AAAMAM,8,0.041999999999999746
134,C87616,Clopidogrel_Tab 75mg,0209000C0AAAAAA,80,17.472
135,C87616,Ferr Sulf_Tab 200mg,0901011P0AAACAC,2,0.011999999999999511
136,C87616,Lamotrigine_Tab 200mg,0408010H0AAA1A1,1,0.0
137,C87616,Paracet_Tab 500mg,0407010H0AAAMAM,256,71.59920000000004
138,C87616,Paracet_Tab Solb 500mg,0407010H0AAAQAQ,2,-0.011999999999998678
139,C87620,Clopidogrel_Tab 75mg,0209000C0AAAAAA,1,-0.0020999999999999977
140,C87620,Lamotrigine_Tab 200mg,0408010H0AAA1A1,2,0.0
141,C87620,Montelukast_Tab 10mg,0303020G0AAABAB,4,48.7648
142,C87620,Paracet_Tab 500mg,0407010H0AAAMAM,314,23.79440000000005
143,C87620,Pregabalin_Cap 75mg,0408010AEAAACAC,5,0.02799999999999983
144,C87621,Clopidogrel_Tab 75mg,0209000C0AAAAAA,6,0.029399999999999968
145,C87621,Ferr Sulf_Tab 200mg,0901011P0AAACAC,24,-0.004200000000001286
146,C87621,Montelukast_Tab 10mg,0303020G0AAABAB,7,0.9996
147,C87621,Paracet_Tab 500mg,0407010H0AAAMAM,20,0.08079999999999968
148,C87621,Pregabalin_Cap 75mg,0408010AEAAACAC,4,0.022399999999999864
149,C87622,Clopidogrel_Tab 75mg,0209000C0AAAAAA,5,0.024499999999999973
150,C87622,Ferr Sulf_Tab 200mg,0901011P0AAACAC,34,21.3718
151,C87622,Lamotrigine_Tab 200mg,0408010H0AAA1A1,1,0.0
152,C87622,Montelukast_Tab 10mg,0303020G0AAABAB,28,21.638400000000004
153,C87622,Olanzapine_Tab 20mg,040201060AAAQAQ,4,-0.011199999999998766
154,C87622,Paracet_Tab 500mg,0407010H0AAAMAM,290,26.902400000000043
155,C87622,Paracet_Tab Solb 500mg,0407010H0AAAQAQ,20,9.40000000000002
156,C87622,Pregabalin_Cap 75mg,0408010AEAAACAC,3,-0.0063000000000001805
157,C87622,Risperidone_Tab 6mg,040201030AAAFAF,1,29.2096
