,practice_code,bnf_description,bnf_code,items,excess_cost
0,C82003,Atorvastatin_Tab 10mg,0212000B0AAAAAA,39,0.08190000000000044
1,C82003,Atorvastatin_Tab 20mg,0212000B0AAABAB,215,22.87600000000003
2,C82003,Betahistine HCl_Tab 16mg,0406000B0AAABAB,9,6.325199999999999
3,C82003,Clonazepam_Tab 500mcg,0408010F0AAABAB,14,2.8475999999999946
4,C82003,Memantine HCl_Tab 20mg,0411000G0AAADAD,18,0.0881999999999999
5,C82003,Paracet_Tab 500mg,0407010H0AAAMAM,150,2.633600000000005
6,C82003,Prednisolone_Tab Solb 5mg,0603020T0AABHBH,3,14.3853
7,C82007,Atorvastatin_Tab 10mg,0212000B0AAAAAA,1,-0.004799999999999971
8,C82007,Clonazepam_Tab 500mcg,0408010F0AAABAB,13,5.5837999999999886
9,C82007,Memantine HCl_Tab 20mg,0411000G0AAADAD,14,127.79199999999999
10,C82007,Paracet_Tab 500mg,0407010H0AAAMAM,416,378.8248
11,C82011,Atorvastatin_Tab 10mg,0212000B0AAAAAA,4,0.008400000000000046
12,C82011,Betahistine HCl_Tab 16mg,0406000B0AAABAB,1,0.0029999999999998778
13,C82011,Clonazepam_Tab 500mcg,0408010F0AAABAB,4,2.0791999999999957
14,C82011,Paracet_Tab 500mg,0407010H0AAAMAM,4,-0.022399999999999864
15,C82011,Prednisolone_Tab Solb 5mg,0603020T0AABHBH,4,-0.015999999999998238
16,C82011,Ropinirole HCl_Tab 250mcg,0409010H0AAAAAA,1,0.0041999999999995374
17,C82012,Atorvastatin_Tab 10mg,0212000B0AAAAAA,177,34.88519999999999
18,C82012,Clonazepam_Tab 500mcg,0408010F0AAABAB,11,3.6385999999999923
19,C82012,Memantine HCl_Tab 20mg,0411000G0AAADAD,16,63.8848
20,C82012,Paracet_Tab 500mg,0407010H0AAAMAM,178,31.360800000000054
21,C82014,Atorvastatin_Tab 10mg,0212000B0AAAAAA,219,34.70600000000001
22,C82014,Atorvastatin_Tab 20mg,0212000B0AAABAB,388,282.04400000000004
23,C82014,Betahistine HCl_Tab 16mg,0406000B0AAABAB,15,63.168
24,C82014,Clonazepam_Tab 500mcg,0408010F0AAABAB,6,2.807399999999994
25,C82014,Paracet_Tab 500mg,0407010H0AAAMAM,282,9.669600000000012
26,C82014,Prednisolone_Tab Solb 5mg,0603020T0AABHBH,1,-0.0024999999999997247
27,C82017,Atorvastatin_Tab 10mg,0212000B0AAAAAA,96,23.11680000000001
28,C82017,Atorvastatin_Tab 20mg,0212000B0AAABAB,187,22.514800000000026
29,C82017,Atorvastatin_Tab 40mg,0212000B0AAACAC,142,22.265600000000003
30,C82017,Clonazepam_Tab 500mcg,0408010F0AAABAB,6,2.372999999999995
31,C82017,Memantine HCl_Tab 20mg,0411000G0AAADAD,4,0.01959999999999998
32,C82017,Paracet_Tab 500mg,0407010H0AAAMAM,190,20.311199999999996
33,C82017,Prednisolone_Tab Solb 5mg,0603020T0AABHBH,4,67.12439999999998
34,C82026,Atorvastatin_Tab 20mg,0212000B0AAABAB,98,45.00160000000003
35,C82026,Atorvastatin_Tab 40mg,0212000B0AAACAC,71,22.346600000000002
36,C82026,Clonazepam_Tab 500mcg,0408010F0AAABAB,9,3.5255999999999927
37,C82026,Paracet_Tab 500mg,0407010H0AAAMAM,236,37.36520000000004
38,C82026,Prednisolone_Tab Solb 5mg,0603020T0AABHBH,1,-0.0039999999999995595
39,C82027,Atorvastatin_Tab 10mg,0212000B0AAAAAA,186,23.312099999999994
40,C82027,Atorvastatin_Tab 20mg,0212000B0AAABAB,1,0.004000000000000115
41,C82027,Atorvastatin_Tab 40mg,0212000B0AAACAC,138,22.79760000000001
42,C82027,Clonazepam_Tab 500mcg,0408010F0AAABAB,5,2.531199999999995
43,C82027,Letrozole_Tab 2.5mg,0803041L0AAAAAA,4,0.019600000000000173
44,C82027,Paracet_Tab 500mg,0407010H0AAAMAM,122,25.624000000000002
45,C82028,Atorvastatin_Tab 10mg,0212000B0AAAAAA,15,0.031500000000000174
46,C82028,Clonazepam_Tab 500mcg,0408010F0AAABAB,6,2.1017999999999954
47,C82028,Letrozole_Tab 2.5mg,0803041L0AAAAAA,5,0.024500000000000216
48,C82028,Memantine HCl_Tab 20mg,0411000G0AAADAD,5,0.024499999999999973
49,C82028,Paracet_Tab 500mg,0407010H0AAAMAM,226,30.352000000000018
50,C82028,Prednisolone_Tab Solb 5mg,0603020T0AABHBH,1,-0.0035999999999996035
51,C82032,Atorvastatin_Tab 20mg,0212000B0AAABAB,2,0.00980000000000028
52,C82032,Betahistine HCl_Tab 16mg,0406000B0AAABAB,3,8.1396
53,C82032,Clonazepam_Tab 500mcg,0408010F0AAABAB,3,1.5819999999999967
54,C82032,Paracet_Tab 500mg,0407010H0AAAMAM,2,-0.011199999999999932
55,C82032,Prednisolone_Tab Solb 5mg,0603020T0AABHBH,1,-0.0024999999999997247
56,C82034,Clonazepam_Tab 500mcg,0408010F0AAABAB,4,4.113199999999992
57,C82035,Atorvastatin_Tab 10mg,0212000B0AAAAAA,1,-0.002999999999999982
58,C82035,Betahistine HCl_Tab 16mg,0406000B0AAABAB,7,14.783999999999999
59,C82035,Clonazepam_Tab 500mcg,0408010F0AAABAB,8,3.864599999999992
60,C82035,Paracet_Tab 500mg,0407010H0AAAMAM,72,55.0648
61,C82035,Prednisolone_Tab Solb 5mg,0603020T0AABHBH,2,-0.00879999999999903
62,C82041,Atorvastatin_Tab 10mg,0212000B0AAAAAA,16,0.033600000000000185
63,C82041,Atorvastatin_Tab 20mg,0212000B0AAABAB,1,0.00180000000000001
64,C82041,Atorvastatin_Tab 40mg,0212000B0AAACAC,152,22.556799999999996
65,C82041,Clonazepam_Tab 500mcg,0408010F0AAABAB,17,9.87619999999998
66,C82041,Memantine HCl_Tab 20mg,0411000G0AAADAD,10,0.04829999999999995
67,C82041,Paracet_Tab 500mg,0407010H0AAAMAM,228,13.222400000000073
68,C82041,Prednisolone_Tab Solb 5mg,0603020T0AABHBH,2,-0.00029999999999996696
69,C82043,Atorvastatin_Tab 10mg,0212000B0AAAAAA,1,0.003200000000000036
70,C82043,Atorvastatin_Tab 20mg,0212000B0AAABAB,1,-0.0013999999999999985
71,C82043,Clonazepam_Tab 500mcg,0408010F0AAABAB,8,5.08499999999999
72,C82043,Paracet_Tab 500mg,0407010H0AAAMAM,18,0.008799999999999947
73,C82045,Betahistine HCl_Tab 16mg,0406000B0AAABAB,4,9.040799999999999
74,C82045,Clonazepam_Tab 500mcg,0408010F0AAABAB,2,3.369799999999994
75,C82045,Memantine HCl_Tab 20mg,0411000G0AAADAD,1,-0.0035999999999999782
76,C82045,Paracet_Tab 500mg,0407010H0AAAMAM,16,18.533199999999997
77,C82045,Prednisolone_Tab Solb 5mg,0603020T0AABHBH,1,0.0035999999999996035
78,C82047,Atorvastatin_Tab 10mg,0212000B0AAAAAA,113,11.498499999999998
79,C82047,Atorvastatin_Tab 40mg,0212000B0AAACAC,330,0.9240000000000265
80,C82047,Clonazepam_Tab 500mcg,0408010F0AAABAB,8,6.784999999999986
81,C82047,Letrozole_Tab 2.5mg,0803041L0AAAAAA,8,-0.2688000000000015
82,C82047,Memantine HCl_Tab 20mg,0411000G0AAADAD,6,0.029399999999999968
83,C82047,Paracet_Tab 500mg,0407010H0AAAMAM,404,25.419600000000052
84,C82047,Prednisolone_Tab Solb 5mg,0603020T0AABHBH,7,-0.011999999999999567
85,C82050,Atorvastatin_Tab 10mg,0212000B0AAAAAA,3,0.01260000000000007
86,C82050,Atorvastatin_Tab 20mg,0212000B0AAABAB,1,-0.0029999999999998778
87,C82050,Atorvastatin_Tab 40mg,0212000B0AAACAC,283,22.10730000000003
88,C82050,Betahistine HCl_Tab 16mg,0406000B0AAABAB,11,-2.7720000000000025
89,C82050,Clonazepam_Tab 500mcg,0408010F0AAABAB,8,8.724199999999987
90,C82050,Paracet_Tab 500mg,0407010H0AAAMAM,902,1160.7420000000002
91,C82051,Atorvastatin_Tab 10mg,0212000B0AAAAAA,12,0.02520000000000014
92,C82051,Atorvastatin_Tab 20mg,0212000B0AAABAB,59,0.33040000000000946
93,C82051,Atorvastatin_Tab 40mg,0212000B0AAACAC,143,1.6015999999999904
94,C82051,Clonazepam_Tab 500mcg,0408010F0AAABAB,8,4.979199999999988
95,C82051,Memantine HCl_Tab 20mg,0411000G0AAADAD,20,0.09799999999999989
96,C82051,Paracet_Tab 500mg,0407010H0AAAMAM,418,41.02020000000013
97,C82051,Prednisolone_Tab Solb 5mg,0603020T0AABHBH,3,-0.0014999999999998348
98,C82052,Atorvastatin_Tab 10mg,0212000B0AAAAAA,36,11.592000000000004
99,C82052,Clonazepam_Tab 500mcg,0408010F0AAABAB,7,5.315999999999988
100,C82052,Paracet_Tab 500mg,0407010H0AAAMAM,10,0.02799999999999983
101,C82052,Ropinirole HCl_Tab 250mcg,0409010H0AAAAAA,2,336.6
102,C82054,Atorvastatin_Tab 10mg,0212000B0AAAAAA,10,0.021000000000000116
103,C82054,Atorvastatin_Tab 20mg,0212000B0AAABAB,475,45.220000000000006
104,C82054,Clonazepam_Tab 500mcg,0408010F0AAABAB,14,5.035799999999988
105,C82054,Letrozole_Tab 2.5mg,0803041L0AAAAAA,7,0.0343000000000003
106,C82054,Memantine HCl_Tab 20mg,0411000G0AAADAD,15,127.80599999999998
107,C82054,Paracet_Tab 500mg,0407010H0AAAMAM,350,43.95360000000009
108,C82054,Prednisolone_Tab Solb 5mg,0603020T0AABHBH,1,-0.0039999999999995595
109,C82061,Atorvastatin_Tab 40mg,0212000B0AAACAC,323,0.8986000000000259
110,C82061,Clonazepam_Tab 500mcg,0408010F0AAABAB,13,7.915999999999983
111,C82061,Paracet_Tab 500mg,0407010H0AAAMAM,246,13.692800000000014
112,C82061,Prednisolone_Tab Solb 5mg,0603020T0AABHBH,1,0.004499999999999504
113,C82062,Atorvastatin_Tab 10mg,0212000B0AAAAAA,20,0.04200000000000023
114,C82062,Atorvastatin_Tab 20mg,0212000B0AAABAB,58,90.29440000000001
115,C82062,Betahistine HCl_Tab 16mg,0406000B0AAABAB,1,-0.020000000000000573
116,C82062,Clonazepam_Tab 500mcg,0408010F0AAABAB,1,0.31639999999999935
117,C82062,Memantine HCl_Tab 20mg,0411000G0AAADAD,4,0.01959999999999998
118,C82062,Paracet_Tab 500mg,0407010H0AAAMAM,224,61.812000000000005
119,C82062,Prednisolone_Tab Solb 5mg,0603020T0AABHBH,2,0.008099999999999108
120,C82064,Atorvastatin_Tab 20mg,0212000B0AAABAB,165,0.46200000000001323
121,C82064,Atorvastatin_Tab 40mg,0212000B0AAACAC,135,1.7079999999999975
122,C82064,Clonazepam_Tab 500mcg,0408010F0AAABAB,7,4.113199999999992
123,C82064,Letrozole_Tab 2.5mg,0803041L0AAAAAA,2,142.3744
124,C82064,Paracet_Tab 500mg,0407010H0AAAMAM,480,120.56880000000012
125,C82064,Prednisolone_Tab Solb 5mg,0603020T0AABHBH,3,35.965199999999996
126,C82070,Atorvastatin_Tab 10mg,0212000B0AAAAAA,1,-0.005999999999999964
127,C82070,Atorvastatin_Tab 20mg,0212000B0AAABAB,44,45.156000000000006
128,C82070,Clonazepam_Tab 500mcg,0408010F0AAABAB,2,1.6271999999999966
129,C82070,Prednisolone_Tab Solb 5mg,0603020T0AABHBH,1,-0.0035999999999996035
130,C82072,Clonazepam_Tab 500mcg,0408010F0AAABAB,14,6.742299999999985
131,C82072,Memantine HCl_Tab 20mg,0411000G0AAADAD,6,0.029399999999999968
132,C82072,Paracet_Tab 500mg,0407010H0AAAMAM,2,0.005599999999999966
133,C82072,Prednisolone_Tab Solb 5mg,0603020T0AABHBH,3,-0.0014999999999998348
134,C82075,Atorvastatin_Tab 10mg,0212000B0AAAAAA,12,0.029400000000000162
135,C82075,Atorvastatin_Tab 20mg,0212000B0AAABAB,1,-0.0029999999999998778
136,C82075,Atorvastatin_Tab 40mg,0212000B0AAACAC,165,22.5932
137,C82075,Clonazepam_Tab 500mcg,0408010F0AAABAB,12,4.474799999999991
138,C82075,Letrozole_Tab 2.5mg,0803041L0AAAAAA,12,71.31880000000001
139,C82075,Memantine HCl_Tab 20mg,0411000G0AAADAD,4,0.01959999999999998
140,C82075,Paracet_Tab 500mg,0407010H0AAAMAM,492,46.54080000000006
141,C82075,Prednisolone_Tab Solb 5mg,0603020T0AABHBH,1,-0.0023999999999997357
142,C82082,Atorvastatin_Tab 20mg,0212000B0AAABAB,1,-0.0029999999999998778
143,C82082,Clonazepam_Tab 500mcg,0408010F0AAABAB,2,1.423799999999997
144,C82082,Letrozole_Tab 2.5mg,0803041L0AAAAAA,8,-0.2688000000000015
145,C82082,Paracet_Tab 500mg,0407010H0AAAMAM,48,6.804000000000018
146,C82091,Atorvastatin_Tab 10mg,0212000B0AAAAAA,90,11.566800000000006
147,C82091,Atorvastatin_Tab 20mg,0212000B0AAABAB,231,67.91400000000002
148,C82091,Clonazepam_Tab 500mcg,0408010F0AAABAB,7,3.891999999999994
149,C82091,Letrozole_Tab 2.5mg,0803041L0AAAAAA,4,0.019600000000000173
150,C82091,Memantine HCl_Tab 20mg,0411000G0AAADAD,16,0.07839999999999991
151,C82091,Paracet_Tab 500mg,0407010H0AAAMAM,88,-0.4255999999999974
152,C82091,Prednisolone_Tab Solb 5mg,0603020T0AABHBH,4,-0.015999999999998682
153,C82093,Atorvastatin_Tab 10mg,0212000B0AAAAAA,26,0.0546000000000003
154,C82093,Atorvastatin_Tab 20mg,0212000B0AAABAB,1,0.00440000000000005
155,C82093,Betahistine HCl_Tab 16mg,0406000B0AAABAB,1,0.0029999999999998778
156,C82093,Clonazepam_Tab 500mcg,0408010F0AAABAB,10,6.728499999999985
157,C82093,Letrozole_Tab 2.5mg,0803041L0AAAAAA,1,-0.002200000000000063
158,C82093,Paracet_Tab 500mg,0407010H0AAAMAM,196,13.737600000000034
159,C82093,Prednisolone_Tab Solb 5mg,0603020T0AABHBH,1,0.0025999999999999357
160,C82095,Atorvastatin_Tab 10mg,0212000B0AAAAAA,107,11.688900000000007
161,C82095,Atorvastatin_Tab 20mg,0212000B0AAABAB,2,0.012000000000000344
162,C82095,Atorvastatin_Tab 40mg,0212000B0AAACAC,1,0.006000000000000172
163,C82095,Betahistine HCl_Tab 16mg,0406000B0AAABAB,15,35.658
164,C82095,Clonazepam_Tab 500mcg,0408010F0AAABAB,13,4.76859999999999
165,C82095,Letrozole_Tab 2.5mg,0803041L0AAAAAA,4,0.019600000000000173
166,C82095,Memantine HCl_Tab 20mg,0411000G0AAADAD,3,0.014699999999999984
167,C82095,Paracet_Tab 500mg,0407010H0AAAMAM,236,9.815600000000028
168,C82095,Prednisolone_Tab Solb 5mg,0603020T0AABHBH,1,0.0029999999999996696
169,C82096,Atorvastatin_Tab 20mg,0212000B0AAABAB,289,0.8108000000000232
170,C82096,Atorvastatin_Tab 40mg,0212000B0AAACAC,102,0.5711999999999966
171,C82096,Clonazepam_Tab 500mcg,0408010F0AAABAB,4,1.898399999999996
172,C82096,Paracet_Tab 500mg,0407010H0AAAMAM,288,129.89600000000004
173,C82097,Atorvastatin_Tab 10mg,0212000B0AAAAAA,1,-0.002999999999999982
174,C82097,Clonazepam_Tab 500mcg,0408010F0AAABAB,2,1.898399999999996
175,C82097,Prednisolone_Tab Solb 5mg,0603020T0AABHBH,1,-0.0023999999999997357
176,C82102,Clonazepam_Tab 500mcg,0408010F0AAABAB,2,0.6553999999999987
177,C82102,Paracet_Tab 500mg,0407010H0AAAMAM,42,-0.23519999999999858
178,C82103,Betahistine HCl_Tab 16mg,0406000B0AAABAB,6,-1.8143999999999996
179,C82103,Clonazepam_Tab 500mcg,0408010F0AAABAB,6,2.513599999999994
180,C82103,Paracet_Tab 500mg,0407010H0AAAMAM,220,8.50719999999999
181,C82103,Prednisolone_Tab Solb 5mg,0603020T0AABHBH,1,95.912
182,C82111,Clonazepam_Tab 500mcg,0408010F0AAABAB,1,0.31639999999999935
183,C82120,Atorvastatin_Tab 10mg,0212000B0AAAAAA,4,0.008400000000000046
184,C82120,Atorvastatin_Tab 40mg,0212000B0AAACAC,2,0.012000000000000344
185,C82120,Clonazepam_Tab 500mcg,0408010F0AAABAB,2,0.949199999999998
186,C82120,Memantine HCl_Tab 20mg,0411000G0AAADAD,5,63.896
187,C82120,Paracet_Tab 500mg,0407010H0AAAMAM,38,10.676800000000004
188,C82121,Atorvastatin_Tab 10mg,0212000B0AAAAAA,28,0.058800000000000324
189,C82121,Atorvastatin_Tab 20mg,0212000B0AAABAB,174,45.796800000000026
190,C82121,Betahistine HCl_Tab 16mg,0406000B0AAABAB,27,7.3500000000000005
191,C82121,Clonazepam_Tab 500mcg,0408010F0AAABAB,11,5.695199999999988
192,C82121,Paracet_Tab 500mg,0407010H0AAAMAM,360,20.18800000000004
193,C82121,Prednisolone_Tab Solb 5mg,0603020T0AABHBH,1,0.0020999999999997687
194,C82600,Atorvastatin_Tab 10mg,0212000B0AAAAAA,15,0.031500000000000174
195,C82600,Clonazepam_Tab 500mcg,0408010F0AAABAB,6,2.2359999999999958
196,C82600,Paracet_Tab 500mg,0407010H0AAAMAM,38,-0.058799999999999644
197,C82627,Atorvastatin_Tab 10mg,0212000B0AAAAAA,24,0.05040000000000028
198,C82627,Atorvastatin_Tab 40mg,0212000B0AAACAC,1,0.00499999999999997
199,C82627,Clonazepam_Tab 500mcg,0408010F0AAABAB,2,0.994399999999998
200,C82627,Paracet_Tab 500mg,0407010H0AAAMAM,18,0.10079999999999939
201,C82628,Atorvastatin_Tab 10mg,0212000B0AAAAAA,4,0.008400000000000046
202,C82628,Betahistine HCl_Tab 16mg,0406000B0AAABAB,1,-0.9072000000000003
203,C82628,Clonazepam_Tab 500mcg,0408010F0AAABAB,5,1.2655999999999974
204,C82628,Letrozole_Tab 2.5mg,0803041L0AAAAAA,4,0.019600000000000173
205,C82628,Memantine HCl_Tab 20mg,0411000G0AAADAD,4,0.01959999999999998
206,C82628,Paracet_Tab 500mg,0407010H0AAAMAM,16,80.64000000000001
207,C82634,Atorvastatin_Tab 10mg,0212000B0AAAAAA,46,20.294400000000007
208,C82634,Clonazepam_Tab 500mcg,0408010F0AAABAB,4,4.158399999999991
209,C82634,Prednisolone_Tab Solb 5mg,0603020T0AABHBH,1,-0.0011999999999998678
210,C82644,Atorvastatin_Tab 10mg,0212000B0AAAAAA,13,0.02730000000000015
211,C82644,Clonazepam_Tab 500mcg,0408010F0AAABAB,3,2.847599999999994
212,C82644,Memantine HCl_Tab 20mg,0411000G0AAADAD,1,0.004899999999999995
213,C82644,Paracet_Tab 500mg,0407010H0AAAMAM,36,-0.17839999999999892
214,C82644,Prednisolone_Tab Solb 5mg,0603020T0AABHBH,4,-0.0026999999999997026
215,C82650,Atorvastatin_Tab 10mg,0212000B0AAAAAA,3,0.006300000000000035
216,C82650,Memantine HCl_Tab 20mg,0411000G0AAADAD,8,0.03919999999999996
217,C82650,Paracet_Tab 500mg,0407010H0AAAMAM,6,0.0335999999999998
218,C82656,Atorvastatin_Tab 10mg,0212000B0AAAAAA,11,0.023100000000000127
219,C82656,Atorvastatin_Tab 20mg,0212000B0AAABAB,60,22.512000000000004
220,C82656,Clonazepam_Tab 500mcg,0408010F0AAABAB,2,0.994399999999998
221,C82656,Memantine HCl_Tab 20mg,0411000G0AAADAD,6,0.029399999999999968
222,C82656,Paracet_Tab 500mg,0407010H0AAAMAM,126,9.924000000000017
223,C82657,Paracet_Tab 500mg,0407010H0AAAMAM,2,0.011199999999999988
224,C82663,Atorvastatin_Tab 20mg,0212000B0AAABAB,133,22.716400000000004
225,C82663,Betahistine HCl_Tab 16mg,0406000B0AAABAB,11,29.965599999999995
226,C82663,Clonazepam_Tab 500mcg,0408010F0AAABAB,1,0.31639999999999935
227,C82678,Atorvastatin_Tab 10mg,0212000B0AAAAAA,136,11.679300000000001
228,C82678,Atorvastatin_Tab 20mg,0212000B0AAABAB,1,0.006000000000000172
229,C82678,Atorvastatin_Tab 40mg,0212000B0AAACAC,111,89.5104
230,C82678,Clonazepam_Tab 500mcg,0408010F0AAABAB,7,1.5819999999999967
231,C82678,Letrozole_Tab 2.5mg,0803041L0AAAAAA,6,71.18159999999999
232,C82678,Memantine HCl_Tab 20mg,0411000G0AAADAD,5,0.024499999999999973
233,C82678,Paracet_Tab 500mg,0407010H0AAAMAM,34,-0.08759999999999947
234,C82678,Prednisolone_Tab Solb 5mg,0603020T0AABHBH,2,0.0
235,Y00252,Atorvastatin_Tab 10mg,0212000B0AAAAAA,4,0.008400000000000046
236,Y00252,Atorvastatin_Tab 20mg,0212000B0AAABAB,1,0.0033000000000000945
237,Y00252,Clonazepam_Tab 500mcg,0408010F0AAABAB,2,3.796799999999992
238,Y00252,Paracet_Tab 500mg,0407010H0AAAMAM,16,0.04479999999999973
239,Y00252,Ropinirole HCl_Tab 250mcg,0409010H0AAAAAA,4,0.019599999999999396
240,Y03715,Clonazepam_Tab 500mcg,0408010F0AAABAB,2,0.12719999999999998
241,Y03715,Prednisolone_Tab Solb 5mg,0603020T0AABHBH,2,-0.009599999999998943
