,practice_code,bnf_description,bnf_code,items,excess_cost
117,P83024,Phenytoin_Sod Tab 100mg,0408010Q0AAAGAG,1,59.69879999999999
119,P83009,Pregabalin_Cap 300mg,0408010AEAAAGAG,11,59.3208
127,P83019,Mesalazine_Tab E/C 800mg,0105010B0AAASAS,1,51.65999999999999
130,P83025,Mesalazine_Tab E/C 400mg,0105010B0AAAAAA,1,47.913599999999995
202,P83021,Risperidone_Tab 6mg,040201030AAAFAF,1,29.2096
213,P83001,Hydroxychlor Sulf_Tab 200mg,1001030C0AAAAAA,2,27.126400000000004
131,P83608,Mesalazine_Tab E/C 400mg,0105010B0AAAAAA,1,23.956799999999998
132,P83609,Mesalazine_Tab E/C 400mg,0105010B0AAAAAA,1,11.978399999999999
128,P83011,Mesalazine_Tab E/C 800mg,0105010B0AAASAS,1,11.479999999999997
137,P83021,Methocarbamol_Tab 750mg,1002020S0AAABAB,23,9.889999999999995
133,P83021,Mesalazine_Tab E/C 400mg,0105010B0AAAAAA,2,7.9856
169,P83012,Amiodarone HCl_Tab 200mg,0203020D0AAABAB,19,6.650000000000006
0,P83012,Clonazepam_Tab 500mcg,0408010F0AAABAB,10,6.327999999999987
118,P83015,Phenytoin_Sod Tab 100mg,0408010Q0AAAGAG,1,6.059199999999998
138,P83019,Methocarbamol_Tab 750mg,1002020S0AAABAB,14,6.019999999999998
203,P83001,Tetrabenazine_Tab 25mg,0409030C0AAAAAA,1,5.997599999999992
1,P83012,Clonazepam_Tab 500mcg,0408010F0AAABAB,16,5.06239999999999
2,P83605,Clonazepam_Tab 500mcg,0408010F0AAABAB,7,4.429599999999991
3,P83007,Clonazepam_Tab 500mcg,0408010F0AAABAB,1,4.067999999999992
204,P83020,Tetrabenazine_Tab 25mg,0409030C0AAAAAA,1,3.998399999999995
4,P83021,Clonazepam_Tab 500mcg,0408010F0AAABAB,6,3.796799999999992
6,P83012,Clonazepam_Tab 500mcg,0408010F0AAABAB,3,3.796799999999992
5,P83012,Clonazepam_Tab 500mcg,0408010F0AAABAB,2,3.796799999999992
7,P83603,Clonazepam_Tab 500mcg,0408010F0AAABAB,10,3.1639999999999935
207,P83012,Tetrabenazine_Tab 25mg,0409030C0AAAAAA,1,2.998799999999996
205,P83020,Tetrabenazine_Tab 25mg,0409030C0AAAAAA,1,2.998799999999996
206,P83008,Tetrabenazine_Tab 25mg,0409030C0AAAAAA,1,2.998799999999996
8,P83025,Clonazepam_Tab 500mcg,0408010F0AAABAB,3,2.847599999999994
9,P83603,Clonazepam_Tab 500mcg,0408010F0AAABAB,2,2.7119999999999944
139,P83020,Methocarbamol_Tab 750mg,1002020S0AAABAB,6,2.579999999999999
12,P83004,Clonazepam_Tab 500mcg,0408010F0AAABAB,2,2.531199999999995
10,P83007,Clonazepam_Tab 500mcg,0408010F0AAABAB,4,2.531199999999995
11,P83623,Clonazepam_Tab 500mcg,0408010F0AAABAB,1,2.531199999999995
13,P83603,Clonazepam_Tab 500mcg,0408010F0AAABAB,4,2.531199999999995
170,P83603,Amiodarone HCl_Tab 200mg,0203020D0AAABAB,7,2.450000000000002
171,Y02755,Amiodarone HCl_Tab 200mg,0203020D0AAABAB,6,2.100000000000002
211,P83007,Tetrabenazine_Tab 25mg,0409030C0AAAAAA,2,1.9991999999999974
210,P83603,Tetrabenazine_Tab 25mg,0409030C0AAAAAA,1,1.9991999999999974
209,P83007,Tetrabenazine_Tab 25mg,0409030C0AAAAAA,1,1.9991999999999974
208,P83012,Tetrabenazine_Tab 25mg,0409030C0AAAAAA,1,1.9991999999999974
212,P83020,Tetrabenazine_Tab 25mg,0409030C0AAAAAA,1,1.9991999999999974
22,P83623,Clonazepam_Tab 500mcg,0408010F0AAABAB,2,1.898399999999996
17,P83019,Clonazepam_Tab 500mcg,0408010F0AAABAB,1,1.898399999999996
18,P83001,Clonazepam_Tab 500mcg,0408010F0AAABAB,6,1.898399999999996
19,Y02755,Clonazepam_Tab 500mcg,0408010F0AAABAB,6,1.898399999999996
20,P83011,Clonazepam_Tab 500mcg,0408010F0AAABAB,1,1.898399999999996
21,P83603,Clonazepam_Tab 500mcg,0408010F0AAABAB,2,1.898399999999996
16,P83009,Clonazepam_Tab 500mcg,0408010F0AAABAB,2,1.898399999999996
15,P83020,Clonazepam_Tab 500mcg,0408010F0AAABAB,1,1.898399999999996
14,P83019,Clonazepam_Tab 500mcg,0408010F0AAABAB,2,1.898399999999996
172,P83009,Amiodarone HCl_Tab 200mg,0203020D0AAABAB,5,1.7500000000000016
140,P83021,Methocarbamol_Tab 750mg,1002020S0AAABAB,2,1.7199999999999993
27,P83011,Clonazepam_Tab 500mcg,0408010F0AAABAB,5,1.5819999999999967
26,P83025,Clonazepam_Tab 500mcg,0408010F0AAABAB,5,1.5819999999999967
24,P83009,Clonazepam_Tab 500mcg,0408010F0AAABAB,1,1.5819999999999967
25,P83007,Clonazepam_Tab 500mcg,0408010F0AAABAB,5,1.5819999999999967
23,P83025,Clonazepam_Tab 500mcg,0408010F0AAABAB,2,1.5819999999999967
174,P83007,Amiodarone HCl_Tab 200mg,0203020D0AAABAB,4,1.4000000000000012
173,P83010,Amiodarone HCl_Tab 200mg,0203020D0AAABAB,4,1.4000000000000012
28,P83011,Clonazepam_Tab 500mcg,0408010F0AAABAB,2,1.3559999999999972
141,P83012,Methocarbamol_Tab 750mg,1002020S0AAABAB,3,1.2899999999999996
33,P83623,Clonazepam_Tab 500mcg,0408010F0AAABAB,4,1.2655999999999974
29,P83605,Clonazepam_Tab 500mcg,0408010F0AAABAB,1,1.2655999999999974
30,P83004,Clonazepam_Tab 500mcg,0408010F0AAABAB,2,1.2655999999999974
31,P83025,Clonazepam_Tab 500mcg,0408010F0AAABAB,1,1.2655999999999974
35,P83021,Clonazepam_Tab 500mcg,0408010F0AAABAB,1,1.2655999999999974
34,P83603,Clonazepam_Tab 500mcg,0408010F0AAABAB,1,1.2655999999999974
32,P83015,Clonazepam_Tab 500mcg,0408010F0AAABAB,4,1.2655999999999974
36,P83017,Clonazepam_Tab 500mcg,0408010F0AAABAB,2,1.2655999999999974
37,Y02755,Clonazepam_Tab 500mcg,0408010F0AAABAB,2,1.2655999999999974
38,P83612,Clonazepam_Tab 500mcg,0408010F0AAABAB,4,1.2655999999999974
39,P83623,Clonazepam_Tab 500mcg,0408010F0AAABAB,2,1.2655999999999974
40,P83009,Clonazepam_Tab 500mcg,0408010F0AAABAB,2,1.2655999999999974
41,P83612,Clonazepam_Tab 500mcg,0408010F0AAABAB,2,1.2655999999999974
42,P83011,Clonazepam_Tab 500mcg,0408010F0AAABAB,2,1.2655999999999974
43,P83005,Clonazepam_Tab 500mcg,0408010F0AAABAB,1,1.2655999999999974
44,P83612,Clonazepam_Tab 500mcg,0408010F0AAABAB,1,1.2655999999999974
45,P83009,Clonazepam_Tab 500mcg,0408010F0AAABAB,1,1.2655999999999974
46,P83001,Clonazepam_Tab 500mcg,0408010F0AAABAB,2,1.2655999999999974
51,P83017,Clonazepam_Tab 500mcg,0408010F0AAABAB,1,1.1299999999999977
47,P83005,Clonazepam_Tab 500mcg,0408010F0AAABAB,1,1.1299999999999977
49,P83021,Clonazepam_Tab 500mcg,0408010F0AAABAB,1,1.1299999999999977
50,P83608,Clonazepam_Tab 500mcg,0408010F0AAABAB,1,1.1299999999999977
48,P83007,Clonazepam_Tab 500mcg,0408010F0AAABAB,1,1.1299999999999977
175,P83609,Amiodarone HCl_Tab 200mg,0203020D0AAABAB,1,1.1250000000000009
176,P83001,Amiodarone HCl_Tab 200mg,0203020D0AAABAB,1,1.050000000000001
178,P83015,Amiodarone HCl_Tab 200mg,0203020D0AAABAB,3,1.050000000000001
177,P83006,Amiodarone HCl_Tab 200mg,0203020D0AAABAB,3,1.050000000000001
52,P83008,Clonazepam_Tab 500mcg,0408010F0AAABAB,1,1.016999999999998
145,P83021,Methocarbamol_Tab 750mg,1002020S0AAABAB,1,0.9631999999999996
144,P83019,Methocarbamol_Tab 750mg,1002020S0AAABAB,2,0.9631999999999996
143,P83007,Methocarbamol_Tab 750mg,1002020S0AAABAB,2,0.9631999999999996
142,P83020,Methocarbamol_Tab 750mg,1002020S0AAABAB,1,0.9631999999999996
146,P83025,Methocarbamol_Tab 750mg,1002020S0AAABAB,1,0.9631999999999996
54,P83020,Clonazepam_Tab 500mcg,0408010F0AAABAB,1,0.949199999999998
57,P83008,Clonazepam_Tab 500mcg,0408010F0AAABAB,3,0.949199999999998
62,P83024,Clonazepam_Tab 500mcg,0408010F0AAABAB,3,0.949199999999998
61,P83001,Clonazepam_Tab 500mcg,0408010F0AAABAB,1,0.949199999999998
60,P83623,Clonazepam_Tab 500mcg,0408010F0AAABAB,6,0.949199999999998
59,P83012,Clonazepam_Tab 500mcg,0408010F0AAABAB,1,0.949199999999998
58,P83006,Clonazepam_Tab 500mcg,0408010F0AAABAB,1,0.949199999999998
64,P83001,Clonazepam_Tab 500mcg,0408010F0AAABAB,6,0.949199999999998
56,P83011,Clonazepam_Tab 500mcg,0408010F0AAABAB,4,0.949199999999998
55,P83027,Clonazepam_Tab 500mcg,0408010F0AAABAB,1,0.949199999999998
63,P83004,Clonazepam_Tab 500mcg,0408010F0AAABAB,2,0.949199999999998
53,P83011,Clonazepam_Tab 500mcg,0408010F0AAABAB,1,0.949199999999998
148,Y02755,Methocarbamol_Tab 750mg,1002020S0AAABAB,1,0.8599999999999997
147,P83008,Methocarbamol_Tab 750mg,1002020S0AAABAB,2,0.8599999999999997
149,P83010,Methocarbamol_Tab 750mg,1002020S0AAABAB,2,0.8599999999999997
65,P83021,Clonazepam_Tab 500mcg,0408010F0AAABAB,2,0.7909999999999984
150,P83019,Methocarbamol_Tab 750mg,1002020S0AAABAB,2,0.7392000000000025
151,P83008,Methocarbamol_Tab 750mg,1002020S0AAABAB,1,0.7223999999999997
182,P83008,Amiodarone HCl_Tab 200mg,0203020D0AAABAB,2,0.7000000000000006
193,P83021,Amiodarone HCl_Tab 200mg,0203020D0AAABAB,1,0.7000000000000006
192,P83620,Amiodarone HCl_Tab 200mg,0203020D0AAABAB,1,0.7000000000000006
179,P83011,Amiodarone HCl_Tab 200mg,0203020D0AAABAB,2,0.7000000000000006
180,P83620,Amiodarone HCl_Tab 200mg,0203020D0AAABAB,2,0.7000000000000006
181,P83001,Amiodarone HCl_Tab 200mg,0203020D0AAABAB,2,0.7000000000000006
186,P83025,Amiodarone HCl_Tab 200mg,0203020D0AAABAB,2,0.7000000000000006
190,P83008,Amiodarone HCl_Tab 200mg,0203020D0AAABAB,1,0.7000000000000006
184,P83005,Amiodarone HCl_Tab 200mg,0203020D0AAABAB,2,0.7000000000000006
185,P83605,Amiodarone HCl_Tab 200mg,0203020D0AAABAB,2,0.7000000000000006
191,P83005,Amiodarone HCl_Tab 200mg,0203020D0AAABAB,1,0.7000000000000006
187,P83004,Amiodarone HCl_Tab 200mg,0203020D0AAABAB,2,0.7000000000000006
188,P83019,Amiodarone HCl_Tab 200mg,0203020D0AAABAB,1,0.7000000000000006
183,P83020,Amiodarone HCl_Tab 200mg,0203020D0AAABAB,2,0.7000000000000006
189,P83015,Amiodarone HCl_Tab 200mg,0203020D0AAABAB,1,0.7000000000000006
66,Y02755,Clonazepam_Tab 500mcg,0408010F0AAABAB,1,0.6779999999999986
67,P83611,Clonazepam_Tab 500mcg,0408010F0AAABAB,1,0.6779999999999986
68,P83025,Clonazepam_Tab 500mcg,0408010F0AAABAB,1,0.6779999999999986
69,P83006,Clonazepam_Tab 500mcg,0408010F0AAABAB,1,0.6779999999999986
70,P83008,Clonazepam_Tab 500mcg,0408010F0AAABAB,1,0.6779999999999986
71,P83017,Clonazepam_Tab 500mcg,0408010F0AAABAB,1,0.6779999999999986
72,P83005,Clonazepam_Tab 500mcg,0408010F0AAABAB,1,0.6779999999999986
83,P83027,Clonazepam_Tab 500mcg,0408010F0AAABAB,1,0.6327999999999987
81,P83021,Clonazepam_Tab 500mcg,0408010F0AAABAB,2,0.6327999999999987
74,P83027,Clonazepam_Tab 500mcg,0408010F0AAABAB,2,0.6327999999999987
76,P83020,Clonazepam_Tab 500mcg,0408010F0AAABAB,1,0.6327999999999987
84,P83012,Clonazepam_Tab 500mcg,0408010F0AAABAB,4,0.6327999999999987
82,P83005,Clonazepam_Tab 500mcg,0408010F0AAABAB,2,0.6327999999999987
75,P83019,Clonazepam_Tab 500mcg,0408010F0AAABAB,2,0.6327999999999987
80,P83025,Clonazepam_Tab 500mcg,0408010F0AAABAB,1,0.6327999999999987
78,P83027,Clonazepam_Tab 500mcg,0408010F0AAABAB,4,0.6327999999999987
73,P83609,Clonazepam_Tab 500mcg,0408010F0AAABAB,2,0.6327999999999987
77,P83608,Clonazepam_Tab 500mcg,0408010F0AAABAB,1,0.6327999999999987
79,P83009,Clonazepam_Tab 500mcg,0408010F0AAABAB,2,0.6327999999999987
85,P83611,Clonazepam_Tab 500mcg,0408010F0AAABAB,1,0.5699999999999983
152,P83021,Methocarbamol_Tab 750mg,1002020S0AAABAB,1,0.4815999999999998
153,P83020,Methocarbamol_Tab 750mg,1002020S0AAABAB,2,0.4815999999999998
154,P83020,Methocarbamol_Tab 750mg,1002020S0AAABAB,1,0.4815999999999998
155,Y02755,Methocarbamol_Tab 750mg,1002020S0AAABAB,2,0.4815999999999998
89,P83012,Clonazepam_Tab 500mcg,0408010F0AAABAB,1,0.474599999999999
88,P83001,Clonazepam_Tab 500mcg,0408010F0AAABAB,1,0.474599999999999
90,P83007,Clonazepam_Tab 500mcg,0408010F0AAABAB,3,0.474599999999999
91,P83608,Clonazepam_Tab 500mcg,0408010F0AAABAB,1,0.474599999999999
92,P83603,Clonazepam_Tab 500mcg,0408010F0AAABAB,1,0.474599999999999
86,P83603,Clonazepam_Tab 500mcg,0408010F0AAABAB,3,0.474599999999999
87,P83008,Clonazepam_Tab 500mcg,0408010F0AAABAB,1,0.474599999999999
156,P83021,Methocarbamol_Tab 750mg,1002020S0AAABAB,2,0.4400000000000015
194,P83010,Amiodarone HCl_Tab 200mg,0203020D0AAABAB,1,0.4340000000000008
158,Y02755,Methocarbamol_Tab 750mg,1002020S0AAABAB,1,0.4299999999999998
160,P83006,Methocarbamol_Tab 750mg,1002020S0AAABAB,1,0.4299999999999998
159,P83608,Methocarbamol_Tab 750mg,1002020S0AAABAB,1,0.4299999999999998
157,P83605,Methocarbamol_Tab 750mg,1002020S0AAABAB,1,0.4299999999999998
161,P83020,Methocarbamol_Tab 750mg,1002020S0AAABAB,3,0.37800000000000034
196,P83605,Amiodarone HCl_Tab 200mg,0203020D0AAABAB,1,0.37200000000000066
195,P83603,Amiodarone HCl_Tab 200mg,0203020D0AAABAB,1,0.37200000000000066
162,P83603,Methocarbamol_Tab 750mg,1002020S0AAABAB,1,0.36960000000000126
198,P83021,Amiodarone HCl_Tab 200mg,0203020D0AAABAB,1,0.3500000000000003
197,P83621,Amiodarone HCl_Tab 200mg,0203020D0AAABAB,1,0.3500000000000003
200,P83623,Amiodarone HCl_Tab 200mg,0203020D0AAABAB,1,0.3500000000000003
199,P83611,Amiodarone HCl_Tab 200mg,0203020D0AAABAB,1,0.3500000000000003
95,P83603,Clonazepam_Tab 500mcg,0408010F0AAABAB,1,0.3389999999999993
97,P83006,Clonazepam_Tab 500mcg,0408010F0AAABAB,1,0.3389999999999993
96,P83015,Clonazepam_Tab 500mcg,0408010F0AAABAB,1,0.3389999999999993
94,P83012,Clonazepam_Tab 500mcg,0408010F0AAABAB,1,0.3389999999999993
93,P83623,Clonazepam_Tab 500mcg,0408010F0AAABAB,1,0.3389999999999993
98,P83010,Clonazepam_Tab 500mcg,0408010F0AAABAB,1,0.31639999999999935
99,P83605,Clonazepam_Tab 500mcg,0408010F0AAABAB,1,0.31639999999999935
104,P83020,Clonazepam_Tab 500mcg,0408010F0AAABAB,1,0.31639999999999935
106,P83620,Clonazepam_Tab 500mcg,0408010F0AAABAB,1,0.31639999999999935
100,P83605,Clonazepam_Tab 500mcg,0408010F0AAABAB,4,0.31639999999999935
101,Y02755,Clonazepam_Tab 500mcg,0408010F0AAABAB,2,0.31639999999999935
102,P83608,Clonazepam_Tab 500mcg,0408010F0AAABAB,1,0.31639999999999935
103,P83004,Clonazepam_Tab 500mcg,0408010F0AAABAB,1,0.31639999999999935
105,P83009,Clonazepam_Tab 500mcg,0408010F0AAABAB,2,0.31639999999999935
163,P83019,Methocarbamol_Tab 750mg,1002020S0AAABAB,30,0.30600000000000127
214,P83012,Hydroxychlor Sulf_Tab 200mg,1001030C0AAAAAA,45,0.2520000000000072
164,Y02755,Methocarbamol_Tab 750mg,1002020S0AAABAB,1,0.25200000000000056
165,P83007,Methocarbamol_Tab 750mg,1002020S0AAABAB,1,0.2407999999999999
109,P83612,Clonazepam_Tab 500mcg,0408010F0AAABAB,1,0.22199999999999998
107,P83605,Clonazepam_Tab 500mcg,0408010F0AAABAB,1,0.22199999999999998
108,P83021,Clonazepam_Tab 500mcg,0408010F0AAABAB,1,0.22199999999999998
166,P83019,Methocarbamol_Tab 750mg,1002020S0AAABAB,1,0.22000000000000075
201,P83001,Amiodarone HCl_Tab 200mg,0203020D0AAABAB,1,0.17920000000000008
110,P83004,Clonazepam_Tab 500mcg,0408010F0AAABAB,1,0.15819999999999967
111,P83605,Clonazepam_Tab 500mcg,0408010F0AAABAB,1,0.15819999999999967
112,P83015,Clonazepam_Tab 500mcg,0408010F0AAABAB,1,0.15819999999999967
113,P83612,Clonazepam_Tab 500mcg,0408010F0AAABAB,1,0.15819999999999967
114,P83021,Clonazepam_Tab 500mcg,0408010F0AAABAB,1,0.15819999999999967
167,P83019,Methocarbamol_Tab 750mg,1002020S0AAABAB,1,0.13200000000000045
168,Y04913,Methocarbamol_Tab 750mg,1002020S0AAABAB,1,0.1260000000000001
115,P83021,Clonazepam_Tab 500mcg,0408010F0AAABAB,1,0.11599999999999999
215,P83603,Hydroxychlor Sulf_Tab 200mg,1001030C0AAAAAA,14,0.07840000000000225
216,P83021,Hydroxychlor Sulf_Tab 200mg,1001030C0AAAAAA,14,0.07840000000000225
218,P83001,Hydroxychlor Sulf_Tab 200mg,1001030C0AAAAAA,12,0.06720000000000192
217,P83007,Hydroxychlor Sulf_Tab 200mg,1001030C0AAAAAA,12,0.06720000000000192
219,P83011,Hydroxychlor Sulf_Tab 200mg,1001030C0AAAAAA,11,0.061600000000001764
220,P83008,Hydroxychlor Sulf_Tab 200mg,1001030C0AAAAAA,10,0.056000000000001604
221,Y02755,Hydroxychlor Sulf_Tab 200mg,1001030C0AAAAAA,9,0.050400000000001444
222,P83009,Hydroxychlor Sulf_Tab 200mg,1001030C0AAAAAA,8,0.04480000000000128
223,P83004,Hydroxychlor Sulf_Tab 200mg,1001030C0AAAAAA,8,0.04480000000000128
224,P83012,Hydroxychlor Sulf_Tab 200mg,1001030C0AAAAAA,16,0.04480000000000128
225,P83017,Hydroxychlor Sulf_Tab 200mg,1001030C0AAAAAA,7,0.03920000000000112
116,Y01003,Clonazepam_Tab 500mcg,0408010F0AAABAB,1,0.03689999999999993
226,P83620,Hydroxychlor Sulf_Tab 200mg,1001030C0AAAAAA,6,0.03360000000000096
228,P83019,Hydroxychlor Sulf_Tab 200mg,1001030C0AAAAAA,6,0.03360000000000096
227,P83015,Hydroxychlor Sulf_Tab 200mg,1001030C0AAAAAA,6,0.03360000000000096
232,P83020,Hydroxychlor Sulf_Tab 200mg,1001030C0AAAAAA,5,0.028000000000000802
230,P83005,Hydroxychlor Sulf_Tab 200mg,1001030C0AAAAAA,5,0.028000000000000802
231,P83006,Hydroxychlor Sulf_Tab 200mg,1001030C0AAAAAA,5,0.028000000000000802
229,P83024,Hydroxychlor Sulf_Tab 200mg,1001030C0AAAAAA,5,0.028000000000000802
233,P83623,Hydroxychlor Sulf_Tab 200mg,1001030C0AAAAAA,4,0.02240000000000064
234,P83603,Hydroxychlor Sulf_Tab 200mg,1001030C0AAAAAA,7,0.01960000000000056
237,P83612,Hydroxychlor Sulf_Tab 200mg,1001030C0AAAAAA,3,0.01680000000000048
236,P83608,Hydroxychlor Sulf_Tab 200mg,1001030C0AAAAAA,3,0.01680000000000048
235,P83621,Hydroxychlor Sulf_Tab 200mg,1001030C0AAAAAA,3,0.01680000000000048
240,P83006,Hydroxychlor Sulf_Tab 200mg,1001030C0AAAAAA,5,0.014000000000000401
239,P83021,Hydroxychlor Sulf_Tab 200mg,1001030C0AAAAAA,5,0.014000000000000401
238,P83011,Hydroxychlor Sulf_Tab 200mg,1001030C0AAAAAA,5,0.014000000000000401
241,P83009,Hydroxychlor Sulf_Tab 200mg,1001030C0AAAAAA,5,0.014000000000000401
242,P83004,Hydroxychlor Sulf_Tab 200mg,1001030C0AAAAAA,4,0.01120000000000032
243,P83015,Hydroxychlor Sulf_Tab 200mg,1001030C0AAAAAA,4,0.01120000000000032
246,P83005,Hydroxychlor Sulf_Tab 200mg,1001030C0AAAAAA,3,0.00840000000000024
247,P83008,Hydroxychlor Sulf_Tab 200mg,1001030C0AAAAAA,3,0.00840000000000024
244,P83007,Hydroxychlor Sulf_Tab 200mg,1001030C0AAAAAA,3,0.00840000000000024
245,Y02755,Hydroxychlor Sulf_Tab 200mg,1001030C0AAAAAA,3,0.00840000000000024
248,P83020,Hydroxychlor Sulf_Tab 200mg,1001030C0AAAAAA,2,0.00560000000000016
249,P83010,Hydroxychlor Sulf_Tab 200mg,1001030C0AAAAAA,1,0.00560000000000016
250,P83001,Hydroxychlor Sulf_Tab 200mg,1001030C0AAAAAA,2,0.00560000000000016
251,P83612,Hydroxychlor Sulf_Tab 200mg,1001030C0AAAAAA,2,0.00560000000000016
252,P83605,Hydroxychlor Sulf_Tab 200mg,1001030C0AAAAAA,2,0.00560000000000016
253,P83605,Hydroxychlor Sulf_Tab 200mg,1001030C0AAAAAA,1,0.00560000000000016
254,P83608,Hydroxychlor Sulf_Tab 200mg,1001030C0AAAAAA,2,0.00560000000000016
255,P83024,Hydroxychlor Sulf_Tab 200mg,1001030C0AAAAAA,2,0.00560000000000016
256,P83620,Hydroxychlor Sulf_Tab 200mg,1001030C0AAAAAA,2,0.00560000000000016
120,Y01003,Pregabalin_Cap 300mg,0408010AEAAAGAG,1,0.004899999999999946
257,P83011,Hydroxychlor Sulf_Tab 200mg,1001030C0AAAAAA,1,0.004500000000000129
259,P83611,Hydroxychlor Sulf_Tab 200mg,1001030C0AAAAAA,1,0.00280000000000008
258,P83621,Hydroxychlor Sulf_Tab 200mg,1001030C0AAAAAA,1,0.00280000000000008
260,P83019,Hydroxychlor Sulf_Tab 200mg,1001030C0AAAAAA,1,-0.002399999999999902
121,P83011,Pregabalin_Cap 300mg,0408010AEAAAGAG,1,-0.0028000000000000247
122,Y01003,Pregabalin_Cap 300mg,0408010AEAAAGAG,1,-0.004200000000000037
261,P83012,Hydroxychlor Sulf_Tab 200mg,1001030C0AAAAAA,1,-0.004799999999999804
123,P83621,Pregabalin_Cap 300mg,0408010AEAAAGAG,3,-0.008400000000000074
124,P83021,Pregabalin_Cap 300mg,0408010AEAAAGAG,5,-0.014000000000000123
262,P83612,Hydroxychlor Sulf_Tab 200mg,1001030C0AAAAAA,5,-0.02099999999999963
263,P83012,Hydroxychlor Sulf_Tab 200mg,1001030C0AAAAAA,5,-0.02099999999999963
125,P83021,Pregabalin_Cap 300mg,0408010AEAAAGAG,18,-0.025200000000000222
126,P83621,Pregabalin_Cap 300mg,0408010AEAAAGAG,21,-0.02940000000000026
134,P83021,Mesalazine_Tab E/C 400mg,0105010B0AAAAAA,2,-7.985599999999997
135,P83006,Mesalazine_Tab E/C 400mg,0105010B0AAAAAA,1,-15.971199999999998
129,P83020,Mesalazine_Tab E/C 800mg,0105010B0AAASAS,1,-17.219999999999995
136,P83009,Mesalazine_Tab E/C 400mg,0105010B0AAAAAA,1,-23.956799999999998
