,practice_code,bnf_description,bnf_code,items,excess_cost
0,F82025,Phenytoin_Sod Tab 100mg,0408010Q0AAAGAG,1,284.28
106,F82051,Hydroxychlor Sulf_Tab 200mg,1001030C0AAAAAA,1,81.09
1,F82676,Phenytoin_Sod Tab 100mg,0408010Q0AAAGAG,1,79.59839999999998
2,F82027,Phenytoin_Sod Tab 100mg,0408010Q0AAAGAG,1,59.69879999999999
163,F82680,Memantine HCl_Tab 10mg,0411000G0AAAAAA,4,49.302
190,F82680,Atorvastatin_Tab 10mg,0212000B0AAAAAA,40,46.36800000000001
6,F82051,Risperidone_Tab 6mg,040201030AAAFAF,1,31.293000000000003
237,F82680,Losartan Pot_Tab 100mg,0205052N0AAADAD,36,29.43359999999999
7,F82051,Risperidone_Tab 6mg,040201030AAAFAF,4,29.232
8,F82017,Risperidone_Tab 6mg,040201030AAAFAF,4,29.232
9,F82003,Risperidone_Tab 6mg,040201030AAAFAF,1,29.2096
233,Y02583,Mesalazine_Tab E/C 800mg,0105010B0AAASAS,1,22.959999999999994
232,F82612,Mesalazine_Tab E/C 800mg,0105010B0AAASAS,1,22.959999999999994
263,F82680,Dihydrocodeine Tart_Tab 30mg,0407020G0AAACAC,1,11.940000000000005
264,F82680,Dihydrocodeine Tart_Tab 30mg,0407020G0AAACAC,1,11.940000000000005
234,F82017,Mesalazine_Tab E/C 800mg,0105010B0AAASAS,1,11.479999999999997
10,F82660,Clonazepam_Tab 500mcg,0408010F0AAABAB,10,6.327999999999987
291,F82647,Pyridox HCl_Tab 50mg,0906024N0AAAIAI,3,5.745600000000001
11,F82660,Clonazepam_Tab 500mcg,0408010F0AAABAB,17,5.378799999999989
12,F82676,Clonazepam_Tab 500mcg,0408010F0AAABAB,5,5.141499999999989
13,F82040,Clonazepam_Tab 500mcg,0408010F0AAABAB,1,4.113199999999992
15,F82005,Clonazepam_Tab 500mcg,0408010F0AAABAB,2,3.796799999999992
14,F82660,Clonazepam_Tab 500mcg,0408010F0AAABAB,4,3.796799999999992
292,F82018,Pyridox HCl_Tab 50mg,0906024N0AAAIAI,3,2.8728000000000007
16,F82634,Clonazepam_Tab 500mcg,0408010F0AAABAB,8,2.867199999999997
17,F82642,Clonazepam_Tab 500mcg,0408010F0AAABAB,1,2.531199999999995
20,F82018,Clonazepam_Tab 500mcg,0408010F0AAABAB,2,2.531199999999995
19,F82604,Clonazepam_Tab 500mcg,0408010F0AAABAB,8,2.531199999999995
18,F82042,Clonazepam_Tab 500mcg,0408010F0AAABAB,4,2.531199999999995
21,F82660,Clonazepam_Tab 500mcg,0408010F0AAABAB,5,2.372999999999995
293,F82034,Pyridox HCl_Tab 50mg,0906024N0AAAIAI,1,1.9152000000000005
27,F82038,Clonazepam_Tab 500mcg,0408010F0AAABAB,1,1.898399999999996
26,F82003,Clonazepam_Tab 500mcg,0408010F0AAABAB,6,1.898399999999996
25,Y02575,Clonazepam_Tab 500mcg,0408010F0AAABAB,4,1.898399999999996
23,F82001,Clonazepam_Tab 500mcg,0408010F0AAABAB,1,1.898399999999996
22,F82650,Clonazepam_Tab 500mcg,0408010F0AAABAB,3,1.898399999999996
24,F82001,Clonazepam_Tab 500mcg,0408010F0AAABAB,3,1.898399999999996
28,F82042,Clonazepam_Tab 500mcg,0408010F0AAABAB,7,1.6610999999999967
29,F82051,Clonazepam_Tab 500mcg,0408010F0AAABAB,1,1.6384999999999965
31,F82678,Clonazepam_Tab 500mcg,0408010F0AAABAB,1,1.5819999999999967
30,F82001,Clonazepam_Tab 500mcg,0408010F0AAABAB,5,1.5819999999999967
294,Y02575,Pyridox HCl_Tab 50mg,0906024N0AAAIAI,1,1.4364000000000003
32,F82017,Clonazepam_Tab 500mcg,0408010F0AAABAB,3,1.423799999999997
34,F82660,Clonazepam_Tab 500mcg,0408010F0AAABAB,1,1.3559999999999972
33,Y04786,Clonazepam_Tab 500mcg,0408010F0AAABAB,2,1.3559999999999972
42,F82051,Clonazepam_Tab 500mcg,0408010F0AAABAB,2,1.2655999999999974
41,Y02575,Clonazepam_Tab 500mcg,0408010F0AAABAB,1,1.2655999999999974
35,F82051,Clonazepam_Tab 500mcg,0408010F0AAABAB,1,1.2655999999999974
36,F82650,Clonazepam_Tab 500mcg,0408010F0AAABAB,4,1.2655999999999974
37,F82015,Clonazepam_Tab 500mcg,0408010F0AAABAB,1,1.2655999999999974
38,Y02583,Clonazepam_Tab 500mcg,0408010F0AAABAB,2,1.2655999999999974
39,F82660,Clonazepam_Tab 500mcg,0408010F0AAABAB,1,1.2655999999999974
40,F82040,Clonazepam_Tab 500mcg,0408010F0AAABAB,1,1.2655999999999974
44,F82677,Clonazepam_Tab 500mcg,0408010F0AAABAB,1,1.1299999999999977
45,F82621,Clonazepam_Tab 500mcg,0408010F0AAABAB,1,1.1299999999999977
48,F82003,Clonazepam_Tab 500mcg,0408010F0AAABAB,1,1.1299999999999977
47,F82038,Clonazepam_Tab 500mcg,0408010F0AAABAB,1,1.1299999999999977
46,F82018,Clonazepam_Tab 500mcg,0408010F0AAABAB,1,1.1299999999999977
43,F82625,Clonazepam_Tab 500mcg,0408010F0AAABAB,1,1.1299999999999977
298,F82647,Pyridox HCl_Tab 50mg,0906024N0AAAIAI,1,0.9576000000000002
295,F82604,Pyridox HCl_Tab 50mg,0906024N0AAAIAI,1,0.9576000000000002
296,F82042,Pyridox HCl_Tab 50mg,0906024N0AAAIAI,1,0.9576000000000002
297,F82001,Pyridox HCl_Tab 50mg,0906024N0AAAIAI,2,0.9576000000000002
299,F82003,Pyridox HCl_Tab 50mg,0906024N0AAAIAI,2,0.9576000000000002
300,Y02583,Pyridox HCl_Tab 50mg,0906024N0AAAIAI,2,0.9576000000000002
55,F82642,Clonazepam_Tab 500mcg,0408010F0AAABAB,4,0.949199999999998
54,F82678,Clonazepam_Tab 500mcg,0408010F0AAABAB,4,0.949199999999998
49,F82677,Clonazepam_Tab 500mcg,0408010F0AAABAB,1,0.949199999999998
50,F82660,Clonazepam_Tab 500mcg,0408010F0AAABAB,12,0.949199999999998
51,F82025,Clonazepam_Tab 500mcg,0408010F0AAABAB,1,0.949199999999998
52,F82040,Clonazepam_Tab 500mcg,0408010F0AAABAB,1,0.949199999999998
53,Y04786,Clonazepam_Tab 500mcg,0408010F0AAABAB,3,0.949199999999998
191,F82679,Atorvastatin_Tab 10mg,0212000B0AAAAAA,27,0.907200000000005
56,F82676,Clonazepam_Tab 500mcg,0408010F0AAABAB,2,0.9039999999999981
57,F82634,Clonazepam_Tab 500mcg,0408010F0AAABAB,1,0.8474999999999983
58,Y04786,Clonazepam_Tab 500mcg,0408010F0AAABAB,4,0.7167999999999992
62,F82025,Clonazepam_Tab 500mcg,0408010F0AAABAB,1,0.6779999999999986
59,F82621,Clonazepam_Tab 500mcg,0408010F0AAABAB,1,0.6779999999999986
60,F82660,Clonazepam_Tab 500mcg,0408010F0AAABAB,1,0.6779999999999986
61,F82676,Clonazepam_Tab 500mcg,0408010F0AAABAB,1,0.6779999999999986
69,F82017,Clonazepam_Tab 500mcg,0408010F0AAABAB,4,0.6327999999999987
67,F86040,Clonazepam_Tab 500mcg,0408010F0AAABAB,4,0.6327999999999987
76,F82661,Clonazepam_Tab 500mcg,0408010F0AAABAB,1,0.6327999999999987
71,F82679,Clonazepam_Tab 500mcg,0408010F0AAABAB,1,0.6327999999999987
78,Y02575,Clonazepam_Tab 500mcg,0408010F0AAABAB,1,0.6327999999999987
77,F82040,Clonazepam_Tab 500mcg,0408010F0AAABAB,1,0.6327999999999987
75,Y02583,Clonazepam_Tab 500mcg,0408010F0AAABAB,4,0.6327999999999987
74,F82642,Clonazepam_Tab 500mcg,0408010F0AAABAB,1,0.6327999999999987
72,F82005,Clonazepam_Tab 500mcg,0408010F0AAABAB,1,0.6327999999999987
73,F82018,Clonazepam_Tab 500mcg,0408010F0AAABAB,1,0.6327999999999987
70,F82051,Clonazepam_Tab 500mcg,0408010F0AAABAB,2,0.6327999999999987
68,F82040,Clonazepam_Tab 500mcg,0408010F0AAABAB,8,0.6327999999999987
66,F82612,Clonazepam_Tab 500mcg,0408010F0AAABAB,4,0.6327999999999987
65,F86040,Clonazepam_Tab 500mcg,0408010F0AAABAB,1,0.6327999999999987
64,F82612,Clonazepam_Tab 500mcg,0408010F0AAABAB,1,0.6327999999999987
63,F82650,Clonazepam_Tab 500mcg,0408010F0AAABAB,8,0.6327999999999987
79,F82660,Clonazepam_Tab 500mcg,0408010F0AAABAB,1,0.5699999999999983
309,Y01795,Pyridox HCl_Tab 50mg,0906024N0AAAIAI,4,0.4788000000000001
306,F82015,Pyridox HCl_Tab 50mg,0906024N0AAAIAI,1,0.4788000000000001
302,F82034,Pyridox HCl_Tab 50mg,0906024N0AAAIAI,1,0.4788000000000001
307,F82650,Pyridox HCl_Tab 50mg,0906024N0AAAIAI,2,0.4788000000000001
308,F82660,Pyridox HCl_Tab 50mg,0906024N0AAAIAI,2,0.4788000000000001
305,F82660,Pyridox HCl_Tab 50mg,0906024N0AAAIAI,1,0.4788000000000001
310,F82025,Pyridox HCl_Tab 50mg,0906024N0AAAIAI,1,0.4788000000000001
301,F82018,Pyridox HCl_Tab 50mg,0906024N0AAAIAI,4,0.4788000000000001
304,F82040,Pyridox HCl_Tab 50mg,0906024N0AAAIAI,1,0.4788000000000001
303,F82604,Pyridox HCl_Tab 50mg,0906024N0AAAIAI,1,0.4788000000000001
81,Y04786,Clonazepam_Tab 500mcg,0408010F0AAABAB,2,0.474599999999999
80,Y04786,Clonazepam_Tab 500mcg,0408010F0AAABAB,3,0.474599999999999
82,F82025,Clonazepam_Tab 500mcg,0408010F0AAABAB,1,0.474599999999999
83,F82660,Clonazepam_Tab 500mcg,0408010F0AAABAB,1,0.4591999999999995
84,Y04786,Clonazepam_Tab 500mcg,0408010F0AAABAB,5,0.3954999999999992
93,F82001,Clonazepam_Tab 500mcg,0408010F0AAABAB,2,0.31639999999999935
85,F82042,Clonazepam_Tab 500mcg,0408010F0AAABAB,2,0.31639999999999935
86,F82034,Clonazepam_Tab 500mcg,0408010F0AAABAB,1,0.31639999999999935
87,F82680,Clonazepam_Tab 500mcg,0408010F0AAABAB,1,0.31639999999999935
88,F82647,Clonazepam_Tab 500mcg,0408010F0AAABAB,1,0.31639999999999935
89,Y02583,Clonazepam_Tab 500mcg,0408010F0AAABAB,1,0.31639999999999935
90,F82025,Clonazepam_Tab 500mcg,0408010F0AAABAB,1,0.31639999999999935
92,F82003,Clonazepam_Tab 500mcg,0408010F0AAABAB,4,0.31639999999999935
91,F82040,Clonazepam_Tab 500mcg,0408010F0AAABAB,1,0.31639999999999935
94,F82018,Clonazepam_Tab 500mcg,0408010F0AAABAB,1,0.31639999999999935
95,F82012,Clonazepam_Tab 500mcg,0408010F0AAABAB,4,0.31639999999999935
96,Y02575,Clonazepam_Tab 500mcg,0408010F0AAABAB,4,0.31639999999999935
97,F82677,Clonazepam_Tab 500mcg,0408010F0AAABAB,1,0.31639999999999935
98,F82025,Clonazepam_Tab 500mcg,0408010F0AAABAB,2,0.31639999999999935
99,F82042,Clonazepam_Tab 500mcg,0408010F0AAABAB,1,0.31639999999999935
100,F82679,Clonazepam_Tab 500mcg,0408010F0AAABAB,1,0.31639999999999935
238,F82660,Losartan Pot_Tab 100mg,0205052N0AAADAD,54,0.3024000000000008
239,F82025,Losartan Pot_Tab 100mg,0205052N0AAADAD,48,0.2688000000000007
311,F82034,Pyridox HCl_Tab 50mg,0906024N0AAAIAI,4,0.2624000000000013
312,F82647,Pyridox HCl_Tab 50mg,0906024N0AAAIAI,4,0.2624000000000013
314,F82676,Pyridox HCl_Tab 50mg,0906024N0AAAIAI,1,0.23940000000000006
313,F82642,Pyridox HCl_Tab 50mg,0906024N0AAAIAI,1,0.23940000000000006
315,F82040,Pyridox HCl_Tab 50mg,0906024N0AAAIAI,1,0.23940000000000006
192,F82660,Atorvastatin_Tab 10mg,0212000B0AAAAAA,96,0.2016000000000011
101,F82005,Clonazepam_Tab 500mcg,0408010F0AAABAB,2,0.18879999999999963
103,F82660,Clonazepam_Tab 500mcg,0408010F0AAABAB,1,0.15819999999999967
102,Y02583,Clonazepam_Tab 500mcg,0408010F0AAABAB,2,0.15819999999999967
193,F82650,Atorvastatin_Tab 10mg,0212000B0AAAAAA,63,0.13230000000000072
240,Y04786,Losartan Pot_Tab 100mg,0205052N0AAADAD,23,0.12880000000000033
194,F82018,Atorvastatin_Tab 10mg,0212000B0AAAAAA,56,0.11760000000000065
195,F82012,Atorvastatin_Tab 10mg,0212000B0AAAAAA,56,0.11760000000000065
242,F82018,Losartan Pot_Tab 100mg,0205052N0AAADAD,21,0.11760000000000032
241,F82005,Losartan Pot_Tab 100mg,0205052N0AAADAD,21,0.11760000000000032
243,F82040,Losartan Pot_Tab 100mg,0205052N0AAADAD,19,0.10640000000000027
244,F82042,Losartan Pot_Tab 100mg,0205052N0AAADAD,17,0.09520000000000026
196,F82017,Atorvastatin_Tab 10mg,0212000B0AAAAAA,43,0.09030000000000049
197,F82642,Atorvastatin_Tab 10mg,0212000B0AAAAAA,43,0.09030000000000049
245,F82677,Losartan Pot_Tab 100mg,0205052N0AAADAD,16,0.08960000000000024
104,F82042,Clonazepam_Tab 500mcg,0408010F0AAABAB,1,0.07909999999999984
105,F82642,Clonazepam_Tab 500mcg,0408010F0AAABAB,1,0.07909999999999984
107,F82660,Hydroxychlor Sulf_Tab 200mg,1001030C0AAAAAA,14,0.07840000000000225
246,F82625,Losartan Pot_Tab 100mg,0205052N0AAADAD,14,0.0784000000000002
198,F82015,Atorvastatin_Tab 10mg,0212000B0AAAAAA,36,0.07560000000000042
3,F82012,Phenytoin_Sod Tab 100mg,0408010Q0AAAGAG,12,0.07559999999999167
199,F82612,Atorvastatin_Tab 10mg,0212000B0AAAAAA,33,0.06930000000000039
249,F82679,Losartan Pot_Tab 100mg,0205052N0AAADAD,12,0.06720000000000018
248,F82051,Losartan Pot_Tab 100mg,0205052N0AAADAD,12,0.06720000000000018
247,F86040,Losartan Pot_Tab 100mg,0205052N0AAADAD,12,0.06720000000000018
251,F82680,Losartan Pot_Tab 100mg,0205052N0AAADAD,11,0.06160000000000016
250,F82642,Losartan Pot_Tab 100mg,0205052N0AAADAD,11,0.06160000000000016
201,F82677,Atorvastatin_Tab 10mg,0212000B0AAAAAA,28,0.058800000000000324
200,F82038,Atorvastatin_Tab 10mg,0212000B0AAAAAA,28,0.058800000000000324
202,Y02575,Atorvastatin_Tab 10mg,0212000B0AAAAAA,24,0.05040000000000028
252,F82634,Losartan Pot_Tab 100mg,0205052N0AAADAD,9,0.05040000000000013
203,F82003,Atorvastatin_Tab 10mg,0212000B0AAAAAA,23,0.048300000000000266
108,F82017,Hydroxychlor Sulf_Tab 200mg,1001030C0AAAAAA,8,0.04480000000000128
253,F82003,Losartan Pot_Tab 100mg,0205052N0AAADAD,8,0.04480000000000012
254,F82604,Losartan Pot_Tab 100mg,0205052N0AAADAD,8,0.04480000000000012
255,Y02575,Losartan Pot_Tab 100mg,0205052N0AAADAD,8,0.04480000000000012
204,F82680,Atorvastatin_Tab 10mg,0212000B0AAAAAA,20,0.04200000000000023
256,F82678,Losartan Pot_Tab 100mg,0205052N0AAADAD,7,0.0392000000000001
4,F82042,Phenytoin_Sod Tab 100mg,0408010Q0AAAGAG,8,0.03919999999999879
109,F82660,Hydroxychlor Sulf_Tab 200mg,1001030C0AAAAAA,13,0.03640000000000104
205,Y04786,Atorvastatin_Tab 10mg,0212000B0AAAAAA,17,0.0357000000000002
206,F82051,Atorvastatin_Tab 10mg,0212000B0AAAAAA,16,0.033600000000000185
207,F86040,Atorvastatin_Tab 10mg,0212000B0AAAAAA,16,0.033600000000000185
208,F82647,Atorvastatin_Tab 10mg,0212000B0AAAAAA,16,0.033600000000000185
164,F82018,Memantine HCl_Tab 10mg,0411000G0AAAAAA,8,0.033600000000000185
165,Y02575,Memantine HCl_Tab 10mg,0411000G0AAAAAA,8,0.033600000000000185
110,F82660,Hydroxychlor Sulf_Tab 200mg,1001030C0AAAAAA,12,0.0335999999999998
265,F82650,Dihydrocodeine Tart_Tab 30mg,0407020G0AAACAC,5,0.031500000000000174
266,F82650,Dihydrocodeine Tart_Tab 30mg,0407020G0AAACAC,5,0.031500000000000174
5,F82005,Phenytoin_Sod Tab 100mg,0408010Q0AAAGAG,5,0.03149999999999653
111,F82038,Hydroxychlor Sulf_Tab 200mg,1001030C0AAAAAA,5,0.028000000000000802
112,F82604,Hydroxychlor Sulf_Tab 200mg,1001030C0AAAAAA,5,0.028000000000000802
209,Y01719,Atorvastatin_Tab 10mg,0212000B0AAAAAA,13,0.02730000000000015
268,F86040,Dihydrocodeine Tart_Tab 30mg,0407020G0AAACAC,4,0.02520000000000014
267,F86040,Dihydrocodeine Tart_Tab 30mg,0407020G0AAACAC,4,0.02520000000000014
210,F82679,Atorvastatin_Tab 10mg,0212000B0AAAAAA,12,0.02520000000000014
211,F82025,Atorvastatin_Tab 10mg,0212000B0AAAAAA,12,0.02520000000000014
214,F82005,Atorvastatin_Tab 10mg,0212000B0AAAAAA,11,0.023100000000000127
212,F82604,Atorvastatin_Tab 10mg,0212000B0AAAAAA,11,0.023100000000000127
213,F82042,Atorvastatin_Tab 10mg,0212000B0AAAAAA,11,0.023100000000000127
113,F82018,Hydroxychlor Sulf_Tab 200mg,1001030C0AAAAAA,4,0.02240000000000064
257,F82027,Losartan Pot_Tab 100mg,0205052N0AAADAD,4,0.02240000000000006
262,F82017,Losartan Pot_Tab 100mg,0205052N0AAADAD,4,0.02240000000000006
261,F82647,Losartan Pot_Tab 100mg,0205052N0AAADAD,4,0.02240000000000006
260,F82612,Losartan Pot_Tab 100mg,0205052N0AAADAD,4,0.02240000000000006
259,F82676,Losartan Pot_Tab 100mg,0205052N0AAADAD,4,0.02240000000000006
258,F82034,Losartan Pot_Tab 100mg,0205052N0AAADAD,4,0.02240000000000006
114,F82025,Hydroxychlor Sulf_Tab 200mg,1001030C0AAAAAA,8,0.022399999999999864
115,F82042,Hydroxychlor Sulf_Tab 200mg,1001030C0AAAAAA,7,0.01960000000000056
215,F82027,Atorvastatin_Tab 10mg,0212000B0AAAAAA,9,0.018900000000000104
270,F82660,Dihydrocodeine Tart_Tab 30mg,0407020G0AAACAC,3,0.018000000000000516
269,F82660,Dihydrocodeine Tart_Tab 30mg,0407020G0AAACAC,3,0.018000000000000516
117,F82042,Hydroxychlor Sulf_Tab 200mg,1001030C0AAAAAA,3,0.01680000000000048
116,F82001,Hydroxychlor Sulf_Tab 200mg,1001030C0AAAAAA,3,0.01680000000000048
118,F82678,Hydroxychlor Sulf_Tab 200mg,1001030C0AAAAAA,3,0.01680000000000048
119,F82625,Hydroxychlor Sulf_Tab 200mg,1001030C0AAAAAA,3,0.01680000000000048
217,F82621,Atorvastatin_Tab 10mg,0212000B0AAAAAA,8,0.016800000000000093
219,Y01280,Atorvastatin_Tab 10mg,0212000B0AAAAAA,8,0.016800000000000093
218,F82625,Atorvastatin_Tab 10mg,0212000B0AAAAAA,8,0.016800000000000093
216,F82660,Atorvastatin_Tab 10mg,0212000B0AAAAAA,4,0.016800000000000093
167,F82642,Memantine HCl_Tab 10mg,0411000G0AAAAAA,4,0.016800000000000093
166,F82025,Memantine HCl_Tab 10mg,0411000G0AAAAAA,4,0.016800000000000093
120,F82678,Hydroxychlor Sulf_Tab 200mg,1001030C0AAAAAA,5,0.014000000000000401
121,F82647,Hydroxychlor Sulf_Tab 200mg,1001030C0AAAAAA,5,0.013999999999999915
168,Y04786,Memantine HCl_Tab 10mg,0411000G0AAAAAA,3,0.01260000000000007
125,F82017,Hydroxychlor Sulf_Tab 200mg,1001030C0AAAAAA,4,0.01120000000000032
122,F82038,Hydroxychlor Sulf_Tab 200mg,1001030C0AAAAAA,4,0.01120000000000032
124,Y04786,Hydroxychlor Sulf_Tab 200mg,1001030C0AAAAAA,2,0.01120000000000032
123,F82634,Hydroxychlor Sulf_Tab 200mg,1001030C0AAAAAA,2,0.01120000000000032
128,F82003,Hydroxychlor Sulf_Tab 200mg,1001030C0AAAAAA,4,0.011199999999999932
127,F82678,Hydroxychlor Sulf_Tab 200mg,1001030C0AAAAAA,4,0.011199999999999932
129,F82042,Hydroxychlor Sulf_Tab 200mg,1001030C0AAAAAA,4,0.011199999999999932
126,F82018,Hydroxychlor Sulf_Tab 200mg,1001030C0AAAAAA,4,0.011199999999999932
130,F82017,Hydroxychlor Sulf_Tab 200mg,1001030C0AAAAAA,4,0.011199999999999932
235,F82038,Mesalazine_Tab E/C 800mg,0105010B0AAASAS,1,0.008999999999999009
170,F82015,Memantine HCl_Tab 10mg,0411000G0AAAAAA,2,0.00840000000000024
131,F82650,Hydroxychlor Sulf_Tab 200mg,1001030C0AAAAAA,3,0.00840000000000024
169,F82660,Memantine HCl_Tab 10mg,0411000G0AAAAAA,2,0.00840000000000024
171,F82660,Memantine HCl_Tab 10mg,0411000G0AAAAAA,2,0.008400000000000046
221,F82634,Atorvastatin_Tab 10mg,0212000B0AAAAAA,4,0.008400000000000046
220,F82676,Atorvastatin_Tab 10mg,0212000B0AAAAAA,4,0.008400000000000046
222,Y01719,Atorvastatin_Tab 10mg,0212000B0AAAAAA,2,0.006400000000000072
274,F82018,Dihydrocodeine Tart_Tab 30mg,0407020G0AAACAC,1,0.006000000000000172
271,Y04786,Dihydrocodeine Tart_Tab 30mg,0407020G0AAACAC,1,0.006000000000000172
272,Y04786,Dihydrocodeine Tart_Tab 30mg,0407020G0AAACAC,1,0.006000000000000172
273,F82042,Dihydrocodeine Tart_Tab 30mg,0407020G0AAACAC,1,0.006000000000000172
275,F82679,Dihydrocodeine Tart_Tab 30mg,0407020G0AAACAC,1,0.006000000000000172
276,F82679,Dihydrocodeine Tart_Tab 30mg,0407020G0AAACAC,1,0.006000000000000172
277,F82018,Dihydrocodeine Tart_Tab 30mg,0407020G0AAACAC,1,0.006000000000000172
278,F82042,Dihydrocodeine Tart_Tab 30mg,0407020G0AAACAC,1,0.006000000000000172
141,F82040,Hydroxychlor Sulf_Tab 200mg,1001030C0AAAAAA,1,0.00560000000000016
137,F82680,Hydroxychlor Sulf_Tab 200mg,1001030C0AAAAAA,1,0.00560000000000016
138,F82051,Hydroxychlor Sulf_Tab 200mg,1001030C0AAAAAA,1,0.00560000000000016
139,F82003,Hydroxychlor Sulf_Tab 200mg,1001030C0AAAAAA,1,0.00560000000000016
140,F82015,Hydroxychlor Sulf_Tab 200mg,1001030C0AAAAAA,2,0.00560000000000016
136,F82015,Hydroxychlor Sulf_Tab 200mg,1001030C0AAAAAA,1,0.00560000000000016
134,F82650,Hydroxychlor Sulf_Tab 200mg,1001030C0AAAAAA,1,0.00560000000000016
132,Y02575,Hydroxychlor Sulf_Tab 200mg,1001030C0AAAAAA,1,0.00560000000000016
133,F82677,Hydroxychlor Sulf_Tab 200mg,1001030C0AAAAAA,1,0.00560000000000016
135,F82025,Hydroxychlor Sulf_Tab 200mg,1001030C0AAAAAA,1,0.00560000000000016
172,Y01719,Memantine HCl_Tab 10mg,0411000G0AAAAAA,1,0.00420000000000012
225,Y01719,Atorvastatin_Tab 10mg,0212000B0AAAAAA,1,0.004200000000000023
173,F82038,Memantine HCl_Tab 10mg,0411000G0AAAAAA,1,0.004200000000000023
226,F82001,Atorvastatin_Tab 10mg,0212000B0AAAAAA,2,0.004200000000000023
224,F82625,Atorvastatin_Tab 10mg,0212000B0AAAAAA,1,0.004200000000000023
223,F82005,Atorvastatin_Tab 10mg,0212000B0AAAAAA,1,0.004200000000000023
147,F82634,Hydroxychlor Sulf_Tab 200mg,1001030C0AAAAAA,1,0.00280000000000008
145,F82604,Hydroxychlor Sulf_Tab 200mg,1001030C0AAAAAA,1,0.00280000000000008
149,Y02575,Hydroxychlor Sulf_Tab 200mg,1001030C0AAAAAA,1,0.00280000000000008
150,F82051,Hydroxychlor Sulf_Tab 200mg,1001030C0AAAAAA,1,0.00280000000000008
151,F82661,Hydroxychlor Sulf_Tab 200mg,1001030C0AAAAAA,1,0.00280000000000008
148,Y04786,Hydroxychlor Sulf_Tab 200mg,1001030C0AAAAAA,1,0.00280000000000008
146,Y02583,Hydroxychlor Sulf_Tab 200mg,1001030C0AAAAAA,1,0.00280000000000008
144,F82677,Hydroxychlor Sulf_Tab 200mg,1001030C0AAAAAA,1,0.00280000000000008
143,F82012,Hydroxychlor Sulf_Tab 200mg,1001030C0AAAAAA,1,0.00280000000000008
142,F82003,Hydroxychlor Sulf_Tab 200mg,1001030C0AAAAAA,1,0.00280000000000008
152,F82015,Hydroxychlor Sulf_Tab 200mg,1001030C0AAAAAA,1,0.002799999999999983
227,F82660,Atorvastatin_Tab 10mg,0212000B0AAAAAA,1,0.0021999999999999867
174,Y04786,Memantine HCl_Tab 10mg,0411000G0AAAAAA,1,-0.0011999999999999927
153,F82660,Hydroxychlor Sulf_Tab 200mg,1001030C0AAAAAA,1,-0.002399999999999902
280,F82040,Dihydrocodeine Tart_Tab 30mg,0407020G0AAACAC,1,-0.0029999999999998778
284,Y02575,Dihydrocodeine Tart_Tab 30mg,0407020G0AAACAC,1,-0.0029999999999998778
283,F82680,Dihydrocodeine Tart_Tab 30mg,0407020G0AAACAC,1,-0.0029999999999998778
282,F82042,Dihydrocodeine Tart_Tab 30mg,0407020G0AAACAC,1,-0.0029999999999998778
281,F82042,Dihydrocodeine Tart_Tab 30mg,0407020G0AAACAC,1,-0.0029999999999998778
286,F82040,Dihydrocodeine Tart_Tab 30mg,0407020G0AAACAC,1,-0.0029999999999998778
279,Y02575,Dihydrocodeine Tart_Tab 30mg,0407020G0AAACAC,1,-0.0029999999999998778
285,F82680,Dihydrocodeine Tart_Tab 30mg,0407020G0AAACAC,1,-0.0029999999999998778
175,F82660,Memantine HCl_Tab 10mg,0411000G0AAAAAA,1,-0.003999999999999976
228,F82660,Atorvastatin_Tab 10mg,0212000B0AAAAAA,4,-0.006399999999999961
176,F82677,Memantine HCl_Tab 10mg,0411000G0AAAAAA,5,-0.007999999999999952
154,F82677,Hydroxychlor Sulf_Tab 200mg,1001030C0AAAAAA,2,-0.008399999999999852
287,F82642,Dihydrocodeine Tart_Tab 30mg,0407020G0AAACAC,3,-0.008999999999999633
288,F82642,Dihydrocodeine Tart_Tab 30mg,0407020G0AAACAC,3,-0.008999999999999633
231,F82042,Atorvastatin_Tab 10mg,0212000B0AAAAAA,1,-0.008999999999999946
229,F82038,Atorvastatin_Tab 10mg,0212000B0AAAAAA,3,-0.008999999999999946
230,F82625,Atorvastatin_Tab 10mg,0212000B0AAAAAA,1,-0.008999999999999946
178,F82621,Memantine HCl_Tab 10mg,0411000G0AAAAAA,4,-0.011199999999999932
179,F82051,Memantine HCl_Tab 10mg,0411000G0AAAAAA,4,-0.011199999999999932
180,F82015,Memantine HCl_Tab 10mg,0411000G0AAAAAA,4,-0.011199999999999932
181,F82634,Memantine HCl_Tab 10mg,0411000G0AAAAAA,4,-0.011199999999999932
182,Y02575,Memantine HCl_Tab 10mg,0411000G0AAAAAA,4,-0.011199999999999932
177,F86040,Memantine HCl_Tab 10mg,0411000G0AAAAAA,4,-0.011199999999999932
183,Y02583,Memantine HCl_Tab 10mg,0411000G0AAAAAA,5,-0.013999999999999915
155,F82678,Hydroxychlor Sulf_Tab 200mg,1001030C0AAAAAA,4,-0.016799999999999704
158,F82018,Hydroxychlor Sulf_Tab 200mg,1001030C0AAAAAA,4,-0.016799999999999704
156,F82680,Hydroxychlor Sulf_Tab 200mg,1001030C0AAAAAA,4,-0.016799999999999704
157,F82042,Hydroxychlor Sulf_Tab 200mg,1001030C0AAAAAA,4,-0.016799999999999704
159,F82650,Hydroxychlor Sulf_Tab 200mg,1001030C0AAAAAA,4,-0.016799999999999704
184,Y04786,Memantine HCl_Tab 10mg,0411000G0AAAAAA,4,-0.017599999999999894
185,F82660,Memantine HCl_Tab 10mg,0411000G0AAAAAA,7,-0.01959999999999988
186,F82679,Memantine HCl_Tab 10mg,0411000G0AAAAAA,7,-0.01959999999999988
290,F82625,Dihydrocodeine Tart_Tab 30mg,0407020G0AAACAC,4,-0.01959999999999998
289,F82625,Dihydrocodeine Tart_Tab 30mg,0407020G0AAACAC,4,-0.01959999999999998
187,F82001,Memantine HCl_Tab 10mg,0411000G0AAAAAA,8,-0.022399999999999864
188,F82676,Memantine HCl_Tab 10mg,0411000G0AAAAAA,8,-0.022399999999999864
160,F82012,Hydroxychlor Sulf_Tab 200mg,1001030C0AAAAAA,8,-0.03359999999999941
161,F82642,Hydroxychlor Sulf_Tab 200mg,1001030C0AAAAAA,8,-0.03359999999999941
162,F82025,Hydroxychlor Sulf_Tab 200mg,1001030C0AAAAAA,9,-0.037799999999999334
189,Y04786,Memantine HCl_Tab 10mg,0411000G0AAAAAA,15,-0.041999999999999746
236,F82038,Mesalazine_Tab E/C 800mg,0105010B0AAASAS,1,-18.441
