,practice_code,bnf_description,bnf_code,items,excess_cost
0,B83005,Amlodipine_Tab 5mg,0206020A0AAAAAA,72,8.8809
1,B83005,Atorvastatin_Tab 80mg,0212000B0AAADAD,5,0.0105000000000003
2,B83005,Paracet_Tab 500mg,0407010H0AAAMAM,146,10.419200000000016
3,B83005,Paracet_Tab Solb 500mg,0407010H0AAAQAQ,2,-0.011999999999998678
4,B83005,Pioglitazone HCl_Tab 45mg,0601023B0AAACAC,4,0.019599999999999396
5,B83016,Amlodipine_Tab 5mg,0206020A0AAAAAA,43,-0.05949999999999811
6,B83016,Atorvastatin_Tab 20mg,0212000B0AAABAB,66,45.132200000000005
7,B83016,Atorvastatin_Tab 40mg,0212000B0AAACAC,188,44.5107
8,B83016,Atorvastatin_Tab 80mg,0212000B0AAADAD,25,0.052500000000001504
9,B83016,Montelukast_Tab 10mg,0303020G0AAABAB,27,24.3432
10,B83016,Paracet_Tab 500mg,0407010H0AAAMAM,132,17.216799999999992
11,B83016,Paracet_Tab Solb 500mg,0407010H0AAAQAQ,8,8.462
12,B83016,Pioglitazone HCl_Tab 45mg,0601023B0AAACAC,1,0.004899999999999849
13,B83016,Tolterodine_Tab 2mg,0704020N0AAABAB,6,0.0195999999999992
14,B83025,Atorvastatin_Tab 20mg,0212000B0AAABAB,1,0.006000000000000172
15,B83025,Atorvastatin_Tab 40mg,0212000B0AAACAC,22,44.4752
16,B83025,Paracet_Tab 500mg,0407010H0AAAMAM,42,22.608800000000006
17,B83026,Amlodipine_Tab 5mg,0206020A0AAAAAA,10,-0.0047999999999994575
18,B83026,Atorvastatin_Tab 40mg,0212000B0AAACAC,1,0.006399999999999961
19,B83026,Atorvastatin_Tab 80mg,0212000B0AAADAD,5,0.0105000000000003
20,B83026,Paracet_Tab 500mg,0407010H0AAAMAM,38,-2.189599999999997
21,B83026,Paracet_Tab Solb 500mg,0407010H0AAAQAQ,4,-0.023999999999997357
22,B83026,Tolterodine_Tab 2mg,0704020N0AAABAB,6,1.5119999999999967
23,B83034,Amlodipine_Tab 5mg,0206020A0AAAAAA,222,382.6025000000001
24,B83034,Atorvastatin_Tab 20mg,0212000B0AAABAB,150,45.360000000000014
25,B83034,Atorvastatin_Tab 40mg,0212000B0AAACAC,182,378.63280000000003
26,B83034,Atorvastatin_Tab 80mg,0212000B0AAADAD,96,254.55570000000006
27,B83034,Montelukast_Tab 10mg,0303020G0AAABAB,74,537.2696000000001
28,B83034,Paracet_Tab 500mg,0407010H0AAAMAM,128,92.41920000000002
29,B83034,Paracet_Tab Solb 500mg,0407010H0AAAQAQ,12,16.92
30,B83034,Pioglitazone HCl_Tab 45mg,0601023B0AAACAC,42,686.0783999999999
31,B83034,Tolterodine_Tab 2mg,0704020N0AAABAB,29,435.3944
32,B83051,Amlodipine_Tab 5mg,0206020A0AAAAAA,4,-0.008399999999999852
33,B83051,Atorvastatin_Tab 80mg,0212000B0AAADAD,1,0.00210000000000006
34,B83051,Montelukast_Tab 10mg,0303020G0AAABAB,4,-0.04479999999999973
35,B83051,Paracet_Tab 500mg,0407010H0AAAMAM,4,-0.0023999999999999855
36,B83052,Amlodipine_Tab 5mg,0206020A0AAAAAA,261,26.074500000000004
37,B83052,Atorvastatin_Tab 20mg,0212000B0AAABAB,204,67.9728
38,B83052,Atorvastatin_Tab 40mg,0212000B0AAACAC,473,180.1184
39,B83052,Atorvastatin_Tab 80mg,0212000B0AAADAD,33,0.06930000000000199
40,B83052,Memantine HCl_Tab 20mg,0411000G0AAADAD,10,63.90999999999999
41,B83052,Paracet_Tab 500mg,0407010H0AAAMAM,480,62.32560000000003
42,B83052,Paracet_Tab Solb 500mg,0407010H0AAAQAQ,8,-0.021999999999996467
43,B83058,Amlodipine_Tab 5mg,0206020A0AAAAAA,40,-0.08399999999999852
44,B83058,Atorvastatin_Tab 20mg,0212000B0AAABAB,1,-0.0029999999999998778
45,B83058,Atorvastatin_Tab 40mg,0212000B0AAACAC,1,-0.0029999999999998778
46,B83058,Atorvastatin_Tab 80mg,0212000B0AAADAD,22,0.04620000000000132
47,B83058,Memantine HCl_Tab 20mg,0411000G0AAADAD,1,0.004899999999999995
48,B83058,Paracet_Tab 500mg,0407010H0AAAMAM,46,-0.18239999999999884
49,B83058,Pioglitazone HCl_Tab 45mg,0601023B0AAACAC,9,0.04409999999999864
50,B83604,Atorvastatin_Tab 40mg,0212000B0AAACAC,1,-0.0013999999999999985
51,B83604,Paracet_Tab 500mg,0407010H0AAAMAM,34,7.480000000000002
52,B83604,Paracet_Tab Solb 500mg,0407010H0AAAQAQ,2,-0.011999999999998678
53,B83611,Amlodipine_Tab 5mg,0206020A0AAAAAA,9,0.011900000000000438
54,B83611,Atorvastatin_Tab 40mg,0212000B0AAACAC,104,0.5823999999999965
55,B83611,Atorvastatin_Tab 80mg,0212000B0AAADAD,5,0.005400000000000155
56,B83614,Paracet_Tab 500mg,0407010H0AAAMAM,72,10.080000000000014
57,B83617,Atorvastatin_Tab 40mg,0212000B0AAACAC,46,1.5956000000000032
58,B83617,Montelukast_Tab 10mg,0303020G0AAABAB,1,48.7592
59,B83617,Paracet_Tab 500mg,0407010H0AAAMAM,74,10.360000000000014
60,B83617,Paracet_Tab Solb 500mg,0407010H0AAAQAQ,6,-0.030399999999996652
61,B83621,Atorvastatin_Tab 40mg,0212000B0AAACAC,1,-0.0029999999999998778
62,B83622,Amlodipine_Tab 5mg,0206020A0AAAAAA,35,-0.07029999999999874
63,B83622,Atorvastatin_Tab 40mg,0212000B0AAACAC,4,-0.0671999999999996
64,B83622,Atorvastatin_Tab 80mg,0212000B0AAADAD,42,0.08820000000000253
65,B83622,Paracet_Tab 500mg,0407010H0AAAMAM,106,10.374400000000005
66,B83622,Paracet_Tab Solb 500mg,0407010H0AAAQAQ,4,-0.023999999999997357
67,B83626,Amlodipine_Tab 5mg,0206020A0AAAAAA,52,-0.10919999999999808
68,B83626,Atorvastatin_Tab 20mg,0212000B0AAABAB,94,67.72640000000001
69,B83626,Atorvastatin_Tab 80mg,0212000B0AAADAD,121,0.16940000000000485
70,B83626,Memantine HCl_Tab 20mg,0411000G0AAADAD,4,0.01959999999999998
71,B83626,Montelukast_Tab 10mg,0303020G0AAABAB,5,-0.05599999999999966
72,B83626,Paracet_Tab 500mg,0407010H0AAAMAM,54,-0.04919999999999969
73,B83626,Paracet_Tab Solb 500mg,0407010H0AAAQAQ,8,-0.04239999999999533
74,B83626,Pioglitazone HCl_Tab 45mg,0601023B0AAACAC,21,0.10289999999999683
75,B83626,Tolterodine_Tab 2mg,0704020N0AAABAB,9,0.025199999999998973
76,B83627,Amlodipine_Tab 5mg,0206020A0AAAAAA,57,-0.11969999999999789
77,B83627,Atorvastatin_Tab 40mg,0212000B0AAACAC,128,22.310399999999998
78,B83627,Atorvastatin_Tab 80mg,0212000B0AAADAD,64,0.13440000000000385
79,B83627,Memantine HCl_Tab 20mg,0411000G0AAADAD,4,0.01959999999999998
80,B83627,Paracet_Tab 500mg,0407010H0AAAMAM,96,-0.30239999999999817
81,B83627,Pioglitazone HCl_Tab 45mg,0601023B0AAACAC,18,0.08819999999999728
82,B83628,Amlodipine_Tab 5mg,0206020A0AAAAAA,14,-0.029399999999999482
83,B83628,Atorvastatin_Tab 80mg,0212000B0AAADAD,69,24.81290000000001
84,B83628,Memantine HCl_Tab 20mg,0411000G0AAADAD,1,127.79760000000002
85,B83628,Montelukast_Tab 10mg,0303020G0AAABAB,26,1.9656000000000007
86,B83628,Paracet_Tab 500mg,0407010H0AAAMAM,40,12.201600000000006
87,B83628,Paracet_Tab Solb 500mg,0407010H0AAAQAQ,2,-0.011999999999998678
88,B83628,Pioglitazone HCl_Tab 45mg,0601023B0AAACAC,11,2.665599999999996
89,B83628,Tolterodine_Tab 2mg,0704020N0AAABAB,1,0.005599999999999772
90,B83629,Amlodipine_Tab 5mg,0206020A0AAAAAA,8,-0.016799999999999704
91,B83629,Atorvastatin_Tab 20mg,0212000B0AAABAB,1,-0.003999999999999976
92,B83629,Atorvastatin_Tab 80mg,0212000B0AAADAD,15,0.0315000000000009
93,B83629,Paracet_Tab 500mg,0407010H0AAAMAM,4,-0.022399999999999864
94,B83638,Amlodipine_Tab 5mg,0206020A0AAAAAA,39,-0.13650000000000012
95,B83638,Atorvastatin_Tab 80mg,0212000B0AAADAD,38,0.053200000000001524
96,B83638,Memantine HCl_Tab 20mg,0411000G0AAADAD,5,0.024499999999999973
97,B83638,Montelukast_Tab 10mg,0303020G0AAABAB,17,6.057100000000001
98,B83638,Paracet_Tab 500mg,0407010H0AAAMAM,50,0.07200000000000045
99,B83638,Tolterodine_Tab 2mg,0704020N0AAABAB,5,0.01399999999999943
100,B83642,Atorvastatin_Tab 20mg,0212000B0AAABAB,54,90.1516
101,B83642,Atorvastatin_Tab 40mg,0212000B0AAACAC,82,0.6834000000000041
102,B83642,Atorvastatin_Tab 80mg,0212000B0AAADAD,32,25.6256
103,B83642,Paracet_Tab 500mg,0407010H0AAAMAM,90,9.668800000000005
104,B83642,Paracet_Tab Solb 500mg,0407010H0AAAQAQ,16,73.49360000000004
105,B83642,Tolterodine_Tab 2mg,0704020N0AAABAB,2,25.513599999999997
106,B83653,Amlodipine_Tab 5mg,0206020A0AAAAAA,55,-0.11549999999999797
107,B83653,Atorvastatin_Tab 20mg,0212000B0AAABAB,1,-0.0029999999999998778
108,B83653,Atorvastatin_Tab 40mg,0212000B0AAACAC,1,-0.004199999999999995
109,B83653,Atorvastatin_Tab 80mg,0212000B0AAADAD,90,0.1890000000000054
110,B83653,Paracet_Tab 500mg,0407010H0AAAMAM,300,19.032400000000045
111,B83653,Paracet_Tab Solb 500mg,0407010H0AAAQAQ,8,146.92400000000004
112,B83653,Pioglitazone HCl_Tab 45mg,0601023B0AAACAC,20,0.09799999999999698
113,B83653,Tolterodine_Tab 2mg,0704020N0AAABAB,3,25.5192
114,B83657,Amlodipine_Tab 5mg,0206020A0AAAAAA,24,-0.0055999999999995775
115,B83657,Atorvastatin_Tab 80mg,0212000B0AAADAD,37,0.07770000000000223
116,B83657,Paracet_Tab 500mg,0407010H0AAAMAM,62,-0.035600000000000354
117,B83657,Paracet_Tab Solb 500mg,0407010H0AAAQAQ,2,-0.08159999999999967
118,B83659,Amlodipine_Tab 5mg,0206020A0AAAAAA,2,-0.004199999999999926
119,B83659,Atorvastatin_Tab 80mg,0212000B0AAADAD,3,0.0063000000000001805
120,B83659,Paracet_Tab 500mg,0407010H0AAAMAM,2,6.048
121,B83659,Tolterodine_Tab 2mg,0704020N0AAABAB,7,0.0195999999999992
122,B83660,Amlodipine_Tab 5mg,0206020A0AAAAAA,114,8.869200000000001
123,B83660,Atorvastatin_Tab 80mg,0212000B0AAADAD,69,0.14490000000000414
124,B83660,Memantine HCl_Tab 20mg,0411000G0AAADAD,1,63.89880000000001
125,B83660,Paracet_Tab 500mg,0407010H0AAAMAM,246,11.590000000000044
126,B83660,Paracet_Tab Solb 500mg,0407010H0AAAQAQ,2,164.59520000000003
127,B83660,Pioglitazone HCl_Tab 45mg,0601023B0AAACAC,41,0.2008999999999938
128,B83660,Tolterodine_Tab 2mg,0704020N0AAABAB,5,0.01399999999999943
129,B83661,Amlodipine_Tab 5mg,0206020A0AAAAAA,22,-0.046199999999999186
130,B83661,Atorvastatin_Tab 20mg,0212000B0AAABAB,1,-0.0029999999999998778
131,B83661,Atorvastatin_Tab 80mg,0212000B0AAADAD,35,0.0735000000000021
132,B83661,Memantine HCl_Tab 20mg,0411000G0AAADAD,14,0.06859999999999992
