,practice_code,bnf_description,bnf_code,items,excess_cost
0,G82049,Amiodarone HCl_Tab 200mg,0203020D0AAABAB,2,0.7000000000000006
1,G82049,Clonazepam_Tab 500mcg,0408010F0AAABAB,2,1.468999999999997
2,G82049,Lansoprazole_Cap 30mg (E/C Gran),0103050L0AAAAAA,1,0.005600000000000063
3,G82049,Liothyronine Sod_Tab 20mcg,0602010M0AAAAAA,1,-5.040000000000042
4,G82050,Amiodarone HCl_Tab 200mg,0203020D0AAABAB,15,5.9500000000000055
5,G82050,Clonazepam_Tab 500mcg,0408010F0AAABAB,16,8.452399999999983
6,G82050,Lansoprazole_Cap 30mg (E/C Gran),0103050L0AAAAAA,12,0.03360000000000038
7,G82050,Liothyronine Sod_Tab 20mcg,0602010M0AAAAAA,1,-1.680000000000014
8,G82050,Prednisolone_Tab Solb 5mg,0603020T0AABHBH,2,-0.00879999999999903
9,G82053,Amiodarone HCl_Tab 200mg,0203020D0AAABAB,2,0.7000000000000006
10,G82053,Clonazepam_Tab 500mcg,0408010F0AAABAB,14,5.853399999999989
11,G82053,Gemfibrozil_Tab 600mg,0212000Q0AAABAB,2,15.142399999999999
12,G82053,Lansoprazole_Cap 30mg (E/C Gran),0103050L0AAAAAA,34,0.09520000000000108
13,G82053,Liothyronine Sod_Tab 20mcg,0602010M0AAAAAA,1,-1.680000000000014
14,G82053,Topiramate_Tab 200mg,040801050AAACAC,5,1.4420000000000006
15,G82080,Amiodarone HCl_Tab 200mg,0203020D0AAABAB,11,3.838800000000003
16,G82080,Clonazepam_Tab 500mcg,0408010F0AAABAB,17,9.943999999999978
17,G82080,Ephed HCl_Tab 30mg,0301012F0AAABAB,1,15.590399999999974
18,G82080,Lansoprazole_Cap 30mg (E/C Gran),0103050L0AAAAAA,62,0.19880000000000225
19,G82080,Phenytoin_Sod Tab 100mg,0408010Q0AAAGAG,1,0.011999999999998678
20,G82080,Prednisolone_Tab Solb 5mg,0603020T0AABHBH,14,71.89249999999998
21,G82087,Amiodarone HCl_Tab 200mg,0203020D0AAABAB,7,2.8000000000000025
22,G82087,Clonazepam_Tab 500mcg,0408010F0AAABAB,18,10.367899999999977
23,G82087,Lansoprazole_Cap 30mg (E/C Gran),0103050L0AAAAAA,1,0.005600000000000063
24,G82087,Liothyronine Sod_Tab 20mcg,0602010M0AAAAAA,1,-1.680000000000014
25,G82087,Mesalazine_Tab E/C 800mg,0105010B0AAASAS,1,36.89999999999999
26,G82087,Phenytoin_Sod Tab 100mg,0408010Q0AAAGAG,1,39.79919999999999
27,G82087,Prednisolone_Tab Solb 5mg,0603020T0AABHBH,6,-0.015999999999999126
28,G82087,Topiramate_Tab 200mg,040801050AAACAC,1,2.489999999999999
29,G82094,Amiodarone HCl_Tab 200mg,0203020D0AAABAB,4,1.7500000000000016
30,G82094,Clonazepam_Tab 500mcg,0408010F0AAABAB,13,6.192399999999988
31,G82094,Lansoprazole_Cap 30mg (E/C Gran),0103050L0AAAAAA,39,0.10560000000000125
32,G82094,Liothyronine Sod_Tab 20mcg,0602010M0AAAAAA,1,-1.680000000000014
33,G82094,Prednisolone_Tab Solb 5mg,0603020T0AABHBH,1,-0.0039999999999995595
34,G82094,Topiramate_Tab 200mg,040801050AAACAC,1,2.489999999999999
35,G82114,Amiodarone HCl_Tab 200mg,0203020D0AAABAB,17,5.9500000000000055
36,G82114,Clonazepam_Tab 500mcg,0408010F0AAABAB,23,14.55439999999997
37,G82114,Lansoprazole_Cap 30mg (E/C Gran),0103050L0AAAAAA,330,22.42420000000002
38,G82114,Liothyronine Sod_Tab 20mcg,0602010M0AAAAAA,1,-0.8358000000000168
39,G82114,Prednisolone_Tab Solb 5mg,0603020T0AABHBH,1,-0.0023999999999997357
40,G82114,Topiramate_Tab 200mg,040801050AAACAC,1,2.489999999999999
41,G82142,Amiodarone HCl_Tab 200mg,0203020D0AAABAB,11,2.523500000000002
42,G82142,Clonazepam_Tab 500mcg,0408010F0AAABAB,17,6.734799999999987
43,G82142,Lansoprazole_Cap 30mg (E/C Gran),0103050L0AAAAAA,25,0.08120000000000091
44,G82142,Liothyronine Sod_Tab 20mcg,0602010M0AAAAAA,3,62.67519999999981
45,G82142,Prednisolone_Tab Solb 5mg,0603020T0AABHBH,4,-0.009799999999998699
46,G82142,Topiramate_Tab 200mg,040801050AAACAC,1,2.489999999999999
47,G82186,Amiodarone HCl_Tab 200mg,0203020D0AAABAB,8,3.0750000000000024
48,G82186,Clonazepam_Tab 500mcg,0408010F0AAABAB,3,0.971799999999998
49,G82186,Lansoprazole_Cap 30mg (E/C Gran),0103050L0AAAAAA,15,0.05040000000000057
50,G82186,Liothyronine Sod_Tab 20mcg,0602010M0AAAAAA,1,-5.040000000000042
51,G82186,Prednisolone_Tab Solb 5mg,0603020T0AABHBH,2,0.007199999999999207
52,G82658,Amiodarone HCl_Tab 200mg,0203020D0AAABAB,2,0.7000000000000006
53,G82658,Clonazepam_Tab 500mcg,0408010F0AAABAB,11,5.627399999999989
54,G82688,Amiodarone HCl_Tab 200mg,0203020D0AAABAB,1,0.3500000000000003
55,G82688,Clonazepam_Tab 500mcg,0408010F0AAABAB,1,1.016999999999998
56,G82730,Amiodarone HCl_Tab 200mg,0203020D0AAABAB,3,1.7500000000000016
57,G82730,Clonazepam_Tab 500mcg,0408010F0AAABAB,7,4.155599999999992
58,G82730,Lansoprazole_Cap 30mg (E/C Gran),0103050L0AAAAAA,1,0.005600000000000063
59,G82730,Prednisolone_Tab Solb 5mg,0603020T0AABHBH,3,-0.006099999999999328
60,G82735,Amiodarone HCl_Tab 200mg,0203020D0AAABAB,9,1.0276000000000003
61,G82735,Clonazepam_Tab 500mcg,0408010F0AAABAB,7,2.8701999999999943
62,G82735,Gemfibrozil_Tab 600mg,0212000Q0AAABAB,1,15.142399999999999
63,G82735,Lansoprazole_Cap 30mg (E/C Gran),0103050L0AAAAAA,29,0.08700000000000103
64,G82735,Phenytoin_Sod Tab 100mg,0408010Q0AAAGAG,13,0.08189999999999098
65,G82735,Prednisolone_Tab Solb 5mg,0603020T0AABHBH,1,-0.0039999999999995595
66,G82735,Topiramate_Tab 200mg,040801050AAACAC,2,4.730999999999998
67,Y05782,Lansoprazole_Cap 30mg (E/C Gran),0103050L0AAAAAA,1,0.0028000000000000316
68,Y05920,Lansoprazole_Cap 30mg (E/C Gran),0103050L0AAAAAA,3,0.004100000000000166
69,Y05920,Prednisolone_Tab Solb 5mg,0603020T0AABHBH,4,-0.014399999999998414
