,practice_code,bnf_description,bnf_code,items,excess_cost
0,B81003,Atorvastatin_Tab 20mg,0212000B0AAABAB,347,653.8868
183,B81030,Hydrocort_Tab 10mg,0603020J0AAADAD,1,334.674
16,B81003,Atorvastatin_Tab 40mg,0212000B0AAACAC,218,222.796
297,B81023,Lamotrigine_Tab 200mg,0408010H0AAA1A1,7,191.72719999999998
206,B81606,Quetiapine_Tab 25mg,0402010ABAAABAB,3,183.7584
1,B81039,Atorvastatin_Tab 20mg,0212000B0AAABAB,628,158.25600000000003
268,B81003,Montelukast_Tab 10mg,0303020G0AAABAB,31,146.25799999999998
272,B81665,Atorvastatin_Tab 10mg,0212000B0AAAAAA,16,139.5968
195,B81012,Memantine HCl_Tab 20mg,0411000G0AAADAD,4,127.8032
2,B81030,Atorvastatin_Tab 20mg,0212000B0AAABAB,287,112.50400000000005
3,B81003,Atorvastatin_Tab 20mg,0212000B0AAABAB,20,90.16
4,B81030,Atorvastatin_Tab 20mg,0212000B0AAABAB,111,90.13200000000003
269,B81039,Montelukast_Tab 10mg,0303020G0AAABAB,113,74.0376
25,B81030,Paracet_Tab 500mg,0407010H0AAAMAM,189,66.14999999999999
26,B81030,Paracet_Tab 500mg,0407010H0AAAMAM,189,66.14999999999999
196,B81663,Memantine HCl_Tab 20mg,0411000G0AAADAD,3,63.898799999999994
197,B81108,Memantine HCl_Tab 20mg,0411000G0AAADAD,4,63.896
207,B81012,Quetiapine_Tab 25mg,0402010ABAAABAB,1,49.221
198,B81087,Memantine HCl_Tab 20mg,0411000G0AAADAD,16,47.992
208,B81656,Quetiapine_Tab 25mg,0402010ABAAABAB,1,45.9396
5,B81012,Atorvastatin_Tab 20mg,0212000B0AAABAB,128,45.15840000000003
7,B81665,Atorvastatin_Tab 20mg,0212000B0AAABAB,31,45.136
6,B81606,Atorvastatin_Tab 20mg,0212000B0AAABAB,65,45.136
17,B81665,Atorvastatin_Tab 40mg,0212000B0AAACAC,16,44.5312
18,B81606,Atorvastatin_Tab 40mg,0212000B0AAACAC,3,44.50320000000001
28,B81030,Paracet_Tab 500mg,0407010H0AAAMAM,66,40.92000000000003
27,B81030,Paracet_Tab 500mg,0407010H0AAAMAM,66,40.92000000000003
270,B81012,Montelukast_Tab 10mg,0303020G0AAABAB,15,24.360000000000003
273,B81665,Atorvastatin_Tab 10mg,0212000B0AAAAAA,13,23.259600000000006
274,B81039,Atorvastatin_Tab 10mg,0212000B0AAAAAA,17,23.2288
8,B81055,Atorvastatin_Tab 20mg,0212000B0AAABAB,216,22.98240000000003
19,B81039,Atorvastatin_Tab 40mg,0212000B0AAACAC,432,22.982399999999988
9,B81108,Atorvastatin_Tab 20mg,0212000B0AAABAB,75,22.680000000000007
10,B81603,Atorvastatin_Tab 20mg,0212000B0AAABAB,94,22.635200000000008
11,B81655,Atorvastatin_Tab 20mg,0212000B0AAABAB,46,22.540000000000003
12,B81087,Atorvastatin_Tab 20mg,0212000B0AAABAB,347,22.346800000000034
21,B81665,Atorvastatin_Tab 40mg,0212000B0AAACAC,17,22.2768
20,B81606,Atorvastatin_Tab 40mg,0212000B0AAACAC,78,22.2768
30,B81663,Paracet_Tab 500mg,0407010H0AAAMAM,7,20.16
29,B81663,Paracet_Tab 500mg,0407010H0AAAMAM,7,20.16
31,B81015,Paracet_Tab 500mg,0407010H0AAAMAM,329,19.739999999999995
32,B81015,Paracet_Tab 500mg,0407010H0AAAMAM,329,19.739999999999995
275,B81620,Atorvastatin_Tab 10mg,0212000B0AAAAAA,24,11.692799999999998
276,B81003,Atorvastatin_Tab 10mg,0212000B0AAAAAA,73,11.6508
277,B81012,Atorvastatin_Tab 10mg,0212000B0AAAAAA,9,11.617199999999999
278,B81039,Atorvastatin_Tab 10mg,0212000B0AAAAAA,292,11.446400000000017
34,B81030,Paracet_Tab 500mg,0407010H0AAAMAM,11,11.3344
33,B81030,Paracet_Tab 500mg,0407010H0AAAMAM,11,11.3344
36,B81030,Paracet_Tab 500mg,0407010H0AAAMAM,3,8.4672
35,B81030,Paracet_Tab 500mg,0407010H0AAAMAM,3,8.4672
333,B81039,Clonazepam_Tab 500mcg,0408010F0AAABAB,4,6.959999999999988
334,B81039,Clonazepam_Tab 500mcg,0408010F0AAABAB,10,6.327999999999987
335,B81039,Clonazepam_Tab 500mcg,0408010F0AAABAB,17,5.762999999999988
37,B81663,Paracet_Tab 500mg,0407010H0AAAMAM,30,5.1000000000000005
38,B81663,Paracet_Tab 500mg,0407010H0AAAMAM,30,5.1000000000000005
40,B81012,Paracet_Tab 500mg,0407010H0AAAMAM,60,4.800000000000012
39,B81012,Paracet_Tab 500mg,0407010H0AAAMAM,60,4.800000000000012
41,B81003,Paracet_Tab 500mg,0407010H0AAAMAM,159,4.770000000000026
42,B81003,Paracet_Tab 500mg,0407010H0AAAMAM,159,4.770000000000026
336,B81039,Clonazepam_Tab 500mcg,0408010F0AAABAB,15,4.74599999999999
43,B81039,Paracet_Tab 500mg,0407010H0AAAMAM,446,4.459999999999973
44,B81039,Paracet_Tab 500mg,0407010H0AAAMAM,446,4.459999999999973
337,B81031,Clonazepam_Tab 500mcg,0408010F0AAABAB,7,4.429599999999991
338,B81697,Clonazepam_Tab 500mcg,0408010F0AAABAB,1,3.987199999999996
339,B81039,Clonazepam_Tab 500mcg,0408010F0AAABAB,3,3.796799999999992
340,B81012,Clonazepam_Tab 500mcg,0408010F0AAABAB,7,3.5867999999999967
341,B81606,Clonazepam_Tab 500mcg,0408010F0AAABAB,1,3.203999999999997
342,B81015,Clonazepam_Tab 500mcg,0408010F0AAABAB,10,3.1639999999999935
343,B81003,Clonazepam_Tab 500mcg,0408010F0AAABAB,5,3.1639999999999935
344,B81030,Clonazepam_Tab 500mcg,0408010F0AAABAB,10,3.1639999999999935
271,B81665,Montelukast_Tab 10mg,0303020G0AAABAB,10,2.9960000000000004
345,B81077,Clonazepam_Tab 500mcg,0408010F0AAABAB,3,2.847599999999994
346,B81031,Clonazepam_Tab 500mcg,0408010F0AAABAB,3,2.847599999999994
347,B81012,Clonazepam_Tab 500mcg,0408010F0AAABAB,2,2.631999999999996
351,B81031,Clonazepam_Tab 500mcg,0408010F0AAABAB,8,2.531199999999995
352,B81003,Clonazepam_Tab 500mcg,0408010F0AAABAB,8,2.531199999999995
348,B81642,Clonazepam_Tab 500mcg,0408010F0AAABAB,4,2.531199999999995
349,B81030,Clonazepam_Tab 500mcg,0408010F0AAABAB,2,2.531199999999995
350,B81642,Clonazepam_Tab 500mcg,0408010F0AAABAB,2,2.531199999999995
46,B81015,Paracet_Tab 500mg,0407010H0AAAMAM,1,2.384
45,B81015,Paracet_Tab 500mg,0407010H0AAAMAM,1,2.384
353,B81087,Clonazepam_Tab 500mcg,0408010F0AAABAB,5,2.372999999999995
184,B81108,Hydrocort_Tab 10mg,0603020J0AAADAD,2,2.315999999999998
355,B81030,Clonazepam_Tab 500mcg,0408010F0AAABAB,2,2.2599999999999953
354,B81015,Clonazepam_Tab 500mcg,0408010F0AAABAB,2,2.2599999999999953
356,B81023,Clonazepam_Tab 500mcg,0408010F0AAABAB,7,2.2147999999999954
363,B81077,Clonazepam_Tab 500mcg,0408010F0AAABAB,4,1.898399999999996
357,B81606,Clonazepam_Tab 500mcg,0408010F0AAABAB,2,1.898399999999996
358,B81030,Clonazepam_Tab 500mcg,0408010F0AAABAB,3,1.898399999999996
359,B81087,Clonazepam_Tab 500mcg,0408010F0AAABAB,3,1.898399999999996
360,B81030,Clonazepam_Tab 500mcg,0408010F0AAABAB,4,1.898399999999996
361,B81012,Clonazepam_Tab 500mcg,0408010F0AAABAB,2,1.898399999999996
362,B81039,Clonazepam_Tab 500mcg,0408010F0AAABAB,2,1.898399999999996
364,B81087,Clonazepam_Tab 500mcg,0408010F0AAABAB,6,1.898399999999996
365,B81023,Clonazepam_Tab 500mcg,0408010F0AAABAB,2,1.898399999999996
366,B81077,Clonazepam_Tab 500mcg,0408010F0AAABAB,3,1.898399999999996
367,B81642,Clonazepam_Tab 500mcg,0408010F0AAABAB,2,1.898399999999996
368,Y02684,Clonazepam_Tab 500mcg,0408010F0AAABAB,3,1.6295999999999977
370,B81665,Clonazepam_Tab 500mcg,0408010F0AAABAB,5,1.5819999999999967
369,B81642,Clonazepam_Tab 500mcg,0408010F0AAABAB,5,1.5819999999999967
372,B81023,Clonazepam_Tab 500mcg,0408010F0AAABAB,2,1.3559999999999972
373,B81108,Clonazepam_Tab 500mcg,0408010F0AAABAB,1,1.3559999999999972
371,B81012,Clonazepam_Tab 500mcg,0408010F0AAABAB,4,1.3559999999999972
375,B81087,Clonazepam_Tab 500mcg,0408010F0AAABAB,1,1.2655999999999974
376,B81023,Clonazepam_Tab 500mcg,0408010F0AAABAB,2,1.2655999999999974
377,B81055,Clonazepam_Tab 500mcg,0408010F0AAABAB,4,1.2655999999999974
378,B81016,Clonazepam_Tab 500mcg,0408010F0AAABAB,2,1.2655999999999974
379,B81606,Clonazepam_Tab 500mcg,0408010F0AAABAB,1,1.2655999999999974
374,B81016,Clonazepam_Tab 500mcg,0408010F0AAABAB,4,1.2655999999999974
380,B81039,Clonazepam_Tab 500mcg,0408010F0AAABAB,15,1.1864999999999974
382,B81620,Clonazepam_Tab 500mcg,0408010F0AAABAB,1,1.1299999999999977
381,B81003,Clonazepam_Tab 500mcg,0408010F0AAABAB,1,1.1299999999999977
383,B81697,Clonazepam_Tab 500mcg,0408010F0AAABAB,1,1.1299999999999977
385,B81015,Clonazepam_Tab 500mcg,0408010F0AAABAB,1,1.016999999999998
386,B81697,Clonazepam_Tab 500mcg,0408010F0AAABAB,1,1.016999999999998
384,B81030,Clonazepam_Tab 500mcg,0408010F0AAABAB,1,1.016999999999998
390,B81077,Clonazepam_Tab 500mcg,0408010F0AAABAB,3,0.949199999999998
387,B81664,Clonazepam_Tab 500mcg,0408010F0AAABAB,3,0.949199999999998
388,B81665,Clonazepam_Tab 500mcg,0408010F0AAABAB,1,0.949199999999998
389,B81015,Clonazepam_Tab 500mcg,0408010F0AAABAB,1,0.949199999999998
397,B81697,Clonazepam_Tab 500mcg,0408010F0AAABAB,1,0.949199999999998
396,B81087,Clonazepam_Tab 500mcg,0408010F0AAABAB,1,0.949199999999998
395,B81055,Clonazepam_Tab 500mcg,0408010F0AAABAB,1,0.949199999999998
394,B81023,Clonazepam_Tab 500mcg,0408010F0AAABAB,2,0.949199999999998
393,B81108,Clonazepam_Tab 500mcg,0408010F0AAABAB,1,0.949199999999998
392,B81016,Clonazepam_Tab 500mcg,0408010F0AAABAB,1,0.949199999999998
391,B81031,Clonazepam_Tab 500mcg,0408010F0AAABAB,2,0.949199999999998
48,B81108,Paracet_Tab 500mg,0407010H0AAAMAM,5,0.9240000000000003
47,B81108,Paracet_Tab 500mg,0407010H0AAAMAM,5,0.9240000000000003
399,Y01948,Clonazepam_Tab 500mcg,0408010F0AAABAB,5,0.7909999999999984
400,B81039,Clonazepam_Tab 500mcg,0408010F0AAABAB,1,0.7909999999999984
401,B81039,Clonazepam_Tab 500mcg,0408010F0AAABAB,5,0.7909999999999984
402,B81055,Clonazepam_Tab 500mcg,0408010F0AAABAB,5,0.7909999999999984
398,B81030,Clonazepam_Tab 500mcg,0408010F0AAABAB,1,0.7909999999999984
403,B81606,Clonazepam_Tab 500mcg,0408010F0AAABAB,1,0.7475999999999993
404,B81030,Clonazepam_Tab 500mcg,0408010F0AAABAB,1,0.7119999999999993
408,B81656,Clonazepam_Tab 500mcg,0408010F0AAABAB,1,0.6779999999999986
405,B81606,Clonazepam_Tab 500mcg,0408010F0AAABAB,1,0.6779999999999986
414,B81003,Clonazepam_Tab 500mcg,0408010F0AAABAB,1,0.6779999999999986
406,B81108,Clonazepam_Tab 500mcg,0408010F0AAABAB,1,0.6779999999999986
417,B81077,Clonazepam_Tab 500mcg,0408010F0AAABAB,1,0.6779999999999986
416,B81697,Clonazepam_Tab 500mcg,0408010F0AAABAB,1,0.6779999999999986
415,B81087,Clonazepam_Tab 500mcg,0408010F0AAABAB,1,0.6779999999999986
412,B81655,Clonazepam_Tab 500mcg,0408010F0AAABAB,1,0.6779999999999986
413,B81606,Clonazepam_Tab 500mcg,0408010F0AAABAB,2,0.6779999999999986
409,B81108,Clonazepam_Tab 500mcg,0408010F0AAABAB,2,0.6779999999999986
411,B81012,Clonazepam_Tab 500mcg,0408010F0AAABAB,1,0.6779999999999986
407,B81023,Clonazepam_Tab 500mcg,0408010F0AAABAB,2,0.6779999999999986
410,B81039,Clonazepam_Tab 500mcg,0408010F0AAABAB,1,0.6779999999999986
418,B81108,Clonazepam_Tab 500mcg,0408010F0AAABAB,1,0.6327999999999987
426,B81603,Clonazepam_Tab 500mcg,0408010F0AAABAB,1,0.6327999999999987
432,B81003,Clonazepam_Tab 500mcg,0408010F0AAABAB,4,0.6327999999999987
419,B81055,Clonazepam_Tab 500mcg,0408010F0AAABAB,1,0.6327999999999987
430,B81015,Clonazepam_Tab 500mcg,0408010F0AAABAB,1,0.6327999999999987
428,B81091,Clonazepam_Tab 500mcg,0408010F0AAABAB,1,0.6327999999999987
427,B81606,Clonazepam_Tab 500mcg,0408010F0AAABAB,2,0.6327999999999987
431,B81655,Clonazepam_Tab 500mcg,0408010F0AAABAB,2,0.6327999999999987
425,B81656,Clonazepam_Tab 500mcg,0408010F0AAABAB,4,0.6327999999999987
421,B81655,Clonazepam_Tab 500mcg,0408010F0AAABAB,1,0.6327999999999987
424,B81677,Clonazepam_Tab 500mcg,0408010F0AAABAB,1,0.6327999999999987
420,B81108,Clonazepam_Tab 500mcg,0408010F0AAABAB,2,0.6327999999999987
429,B81677,Clonazepam_Tab 500mcg,0408010F0AAABAB,2,0.6327999999999987
422,B81663,Clonazepam_Tab 500mcg,0408010F0AAABAB,1,0.6327999999999987
423,B81603,Clonazepam_Tab 500mcg,0408010F0AAABAB,2,0.6327999999999987
433,B81656,Clonazepam_Tab 500mcg,0408010F0AAABAB,4,0.6271999999999993
434,B81012,Clonazepam_Tab 500mcg,0408010F0AAABAB,1,0.5699999999999983
435,B81030,Clonazepam_Tab 500mcg,0408010F0AAABAB,1,0.5699999999999983
436,B81603,Clonazepam_Tab 500mcg,0408010F0AAABAB,1,0.5699999999999983
437,B81077,Clonazepam_Tab 500mcg,0408010F0AAABAB,1,0.497199999999999
438,B81015,Clonazepam_Tab 500mcg,0408010F0AAABAB,4,0.48839999999999995
439,B81012,Clonazepam_Tab 500mcg,0408010F0AAABAB,3,0.474599999999999
440,B81003,Clonazepam_Tab 500mcg,0408010F0AAABAB,1,0.474599999999999
441,B81055,Clonazepam_Tab 500mcg,0408010F0AAABAB,1,0.474599999999999
49,B81108,Paracet_Tab 500mg,0407010H0AAAMAM,6,0.4032000000000022
50,B81108,Paracet_Tab 500mg,0407010H0AAAMAM,6,0.4032000000000022
444,B81015,Clonazepam_Tab 500mcg,0408010F0AAABAB,5,0.3954999999999992
442,B81023,Clonazepam_Tab 500mcg,0408010F0AAABAB,5,0.3954999999999992
443,Y01948,Clonazepam_Tab 500mcg,0408010F0AAABAB,5,0.3954999999999992
445,B81039,Clonazepam_Tab 500mcg,0408010F0AAABAB,3,0.348
446,B81015,Clonazepam_Tab 500mcg,0408010F0AAABAB,1,0.3389999999999993
451,B81031,Clonazepam_Tab 500mcg,0408010F0AAABAB,1,0.3389999999999993
447,B81016,Clonazepam_Tab 500mcg,0408010F0AAABAB,1,0.3389999999999993
448,B81697,Clonazepam_Tab 500mcg,0408010F0AAABAB,1,0.3389999999999993
449,B81003,Clonazepam_Tab 500mcg,0408010F0AAABAB,1,0.3389999999999993
450,B81030,Clonazepam_Tab 500mcg,0408010F0AAABAB,1,0.3389999999999993
452,B81693,Clonazepam_Tab 500mcg,0408010F0AAABAB,1,0.31639999999999935
454,B81620,Clonazepam_Tab 500mcg,0408010F0AAABAB,1,0.31639999999999935
455,B81003,Clonazepam_Tab 500mcg,0408010F0AAABAB,4,0.31639999999999935
456,B81663,Clonazepam_Tab 500mcg,0408010F0AAABAB,1,0.31639999999999935
453,B81077,Clonazepam_Tab 500mcg,0408010F0AAABAB,4,0.31639999999999935
13,B81656,Atorvastatin_Tab 20mg,0212000B0AAABAB,109,0.30520000000000874
457,B81012,Clonazepam_Tab 500mcg,0408010F0AAABAB,3,0.2372999999999995
458,B81108,Clonazepam_Tab 500mcg,0408010F0AAABAB,1,0.22199999999999998
199,B81015,Memantine HCl_Tab 20mg,0411000G0AAADAD,44,0.21559999999999976
459,B81030,Clonazepam_Tab 500mcg,0408010F0AAABAB,1,0.174
460,B81030,Clonazepam_Tab 500mcg,0408010F0AAABAB,1,0.15819999999999967
200,B81003,Memantine HCl_Tab 20mg,0411000G0AAADAD,32,0.15679999999999983
201,B81077,Memantine HCl_Tab 20mg,0411000G0AAADAD,28,0.13719999999999985
461,B81016,Clonazepam_Tab 500mcg,0408010F0AAABAB,1,0.1367999999999996
52,B81620,Paracet_Tab 500mg,0407010H0AAAMAM,21,0.12599999999999922
51,B81620,Paracet_Tab 500mg,0407010H0AAAMAM,21,0.12599999999999922
279,B81077,Atorvastatin_Tab 10mg,0212000B0AAAAAA,47,0.09870000000000054
53,B81108,Paracet_Tab 500mg,0407010H0AAAMAM,3,0.09000000000000008
54,B81108,Paracet_Tab 500mg,0407010H0AAAMAM,3,0.09000000000000008
55,B81655,Paracet_Tab 500mg,0407010H0AAAMAM,1,0.0895999999999999
56,B81655,Paracet_Tab 500mg,0407010H0AAAMAM,1,0.0895999999999999
280,B81003,Atorvastatin_Tab 10mg,0212000B0AAAAAA,41,0.08610000000000048
462,B81108,Clonazepam_Tab 500mcg,0408010F0AAABAB,1,0.07909999999999984
463,B81030,Clonazepam_Tab 500mcg,0408010F0AAABAB,1,0.07909999999999984
57,B81108,Paracet_Tab 500mg,0407010H0AAAMAM,3,0.07200000000000081
58,B81108,Paracet_Tab 500mg,0407010H0AAAMAM,3,0.07200000000000081
464,B81030,Clonazepam_Tab 500mcg,0408010F0AAABAB,1,0.06359999999999999
281,B81697,Atorvastatin_Tab 10mg,0212000B0AAAAAA,21,0.058799999999999644
209,B81039,Quetiapine_Tab 25mg,0402010ABAAABAB,10,0.05599999999999772
282,B81015,Atorvastatin_Tab 10mg,0212000B0AAAAAA,25,0.05250000000000029
210,B81012,Quetiapine_Tab 25mg,0402010ABAAABAB,6,0.050400000000001444
283,B81087,Atorvastatin_Tab 10mg,0212000B0AAAAAA,24,0.05040000000000028
284,B81039,Atorvastatin_Tab 10mg,0212000B0AAAAAA,17,0.0357000000000002
60,B81003,Paracet_Tab 500mg,0407010H0AAAMAM,8,0.0335999999999998
59,B81003,Paracet_Tab 500mg,0407010H0AAAMAM,8,0.0335999999999998
211,B81031,Quetiapine_Tab 25mg,0402010ABAAABAB,6,0.03359999999999863
62,B81108,Paracet_Tab 500mg,0407010H0AAAMAM,5,0.02799999999999983
61,B81108,Paracet_Tab 500mg,0407010H0AAAMAM,5,0.02799999999999983
212,B81003,Quetiapine_Tab 25mg,0402010ABAAABAB,5,0.02799999999999886
298,B81108,Lamotrigine_Tab 200mg,0408010H0AAA1A1,5,0.027999999999996916
213,B81039,Quetiapine_Tab 25mg,0402010ABAAABAB,3,0.025200000000000722
202,B81012,Memantine HCl_Tab 20mg,0411000G0AAADAD,5,0.024499999999999973
299,B81015,Lamotrigine_Tab 200mg,0408010H0AAA1A1,4,0.022399999999997533
300,B81656,Lamotrigine_Tab 200mg,0408010H0AAA1A1,4,0.022399999999997533
64,B81039,Paracet_Tab 500mg,0407010H0AAAMAM,5,0.020999999999999873
63,B81039,Paracet_Tab 500mg,0407010H0AAAMAM,5,0.020999999999999873
203,B81023,Memantine HCl_Tab 20mg,0411000G0AAADAD,4,0.01959999999999998
204,Y01948,Memantine HCl_Tab 20mg,0411000G0AAADAD,4,0.01959999999999998
66,B81087,Paracet_Tab 500mg,0407010H0AAAMAM,3,0.01799999999999989
69,B81087,Paracet_Tab 500mg,0407010H0AAAMAM,3,0.01799999999999989
68,B81012,Paracet_Tab 500mg,0407010H0AAAMAM,3,0.01799999999999989
67,B81656,Paracet_Tab 500mg,0407010H0AAAMAM,3,0.01799999999999989
65,B81012,Paracet_Tab 500mg,0407010H0AAAMAM,3,0.01799999999999989
70,B81656,Paracet_Tab 500mg,0407010H0AAAMAM,3,0.01799999999999989
214,B81108,Quetiapine_Tab 25mg,0402010ABAAABAB,5,0.0175000000000005
216,B81697,Quetiapine_Tab 25mg,0402010ABAAABAB,2,0.01680000000000048
217,B81087,Quetiapine_Tab 25mg,0402010ABAAABAB,4,0.01680000000000048
215,B81015,Quetiapine_Tab 25mg,0402010ABAAABAB,2,0.01680000000000048
285,B81677,Atorvastatin_Tab 10mg,0212000B0AAAAAA,8,0.016800000000000093
219,B81677,Quetiapine_Tab 25mg,0402010ABAAABAB,3,0.016799999999999315
220,B81108,Quetiapine_Tab 25mg,0402010ABAAABAB,3,0.016799999999999315
221,B81030,Quetiapine_Tab 25mg,0402010ABAAABAB,3,0.016799999999999315
218,B81077,Quetiapine_Tab 25mg,0402010ABAAABAB,3,0.016799999999999315
301,B81016,Lamotrigine_Tab 200mg,0408010H0AAA1A1,3,0.01679999999999815
205,B81039,Memantine HCl_Tab 20mg,0411000G0AAADAD,3,0.014699999999999984
224,B81108,Quetiapine_Tab 25mg,0402010ABAAABAB,1,0.014000000000000401
223,B81031,Quetiapine_Tab 25mg,0402010ABAAABAB,1,0.014000000000000401
222,B81677,Quetiapine_Tab 25mg,0402010ABAAABAB,1,0.014000000000000401
225,B81077,Quetiapine_Tab 25mg,0402010ABAAABAB,4,0.014000000000000401
71,B81620,Paracet_Tab 500mg,0407010H0AAAMAM,5,0.013999999999999915
72,B81620,Paracet_Tab 500mg,0407010H0AAAMAM,5,0.013999999999999915
286,B81642,Atorvastatin_Tab 10mg,0212000B0AAAAAA,6,0.01260000000000007
76,B81030,Paracet_Tab 500mg,0407010H0AAAMAM,2,0.011999999999999927
73,B81077,Paracet_Tab 500mg,0407010H0AAAMAM,2,0.011999999999999927
75,B81030,Paracet_Tab 500mg,0407010H0AAAMAM,2,0.011999999999999927
74,B81077,Paracet_Tab 500mg,0407010H0AAAMAM,2,0.011999999999999927
78,B81016,Paracet_Tab 500mg,0407010H0AAAMAM,4,0.011199999999999932
77,B81003,Paracet_Tab 500mg,0407010H0AAAMAM,4,0.011199999999999932
82,B81016,Paracet_Tab 500mg,0407010H0AAAMAM,4,0.011199999999999932
81,B81606,Paracet_Tab 500mg,0407010H0AAAMAM,8,0.011199999999999932
80,B81003,Paracet_Tab 500mg,0407010H0AAAMAM,4,0.011199999999999932
79,B81606,Paracet_Tab 500mg,0407010H0AAAMAM,8,0.011199999999999932
227,B81016,Quetiapine_Tab 25mg,0402010ABAAABAB,2,0.011199999999999544
226,B81087,Quetiapine_Tab 25mg,0402010ABAAABAB,2,0.011199999999999544
287,Y01948,Atorvastatin_Tab 10mg,0212000B0AAAAAA,5,0.010500000000000058
84,Y02684,Paracet_Tab 500mg,0407010H0AAAMAM,3,0.008999999999999946
83,Y02684,Paracet_Tab 500mg,0407010H0AAAMAM,3,0.008999999999999946
230,B81077,Quetiapine_Tab 25mg,0402010ABAAABAB,1,0.00840000000000024
229,B81087,Quetiapine_Tab 25mg,0402010ABAAABAB,1,0.00840000000000024
228,B81030,Quetiapine_Tab 25mg,0402010ABAAABAB,1,0.00840000000000024
289,B81016,Atorvastatin_Tab 10mg,0212000B0AAAAAA,4,0.008400000000000046
288,B81664,Atorvastatin_Tab 10mg,0212000B0AAAAAA,4,0.008400000000000046
88,B81087,Paracet_Tab 500mg,0407010H0AAAMAM,4,0.00839999999999995
85,B81077,Paracet_Tab 500mg,0407010H0AAAMAM,4,0.00839999999999995
86,B81087,Paracet_Tab 500mg,0407010H0AAAMAM,4,0.00839999999999995
87,B81077,Paracet_Tab 500mg,0407010H0AAAMAM,4,0.00839999999999995
302,B81108,Lamotrigine_Tab 200mg,0408010H0AAA1A1,3,0.008399999999999075
22,Y03816,Atorvastatin_Tab 40mg,0212000B0AAACAC,1,0.006000000000000172
98,B81606,Paracet_Tab 500mg,0407010H0AAAMAM,1,0.005999999999999964
99,B81031,Paracet_Tab 500mg,0407010H0AAAMAM,1,0.005999999999999964
115,B81023,Paracet_Tab 500mg,0407010H0AAAMAM,1,0.005999999999999964
114,B81030,Paracet_Tab 500mg,0407010H0AAAMAM,2,0.005999999999999964
113,B81055,Paracet_Tab 500mg,0407010H0AAAMAM,1,0.005999999999999964
112,B81620,Paracet_Tab 500mg,0407010H0AAAMAM,2,0.005999999999999964
111,B81091,Paracet_Tab 500mg,0407010H0AAAMAM,1,0.005999999999999964
110,B81091,Paracet_Tab 500mg,0407010H0AAAMAM,1,0.005999999999999964
109,B81663,Paracet_Tab 500mg,0407010H0AAAMAM,1,0.005999999999999964
108,B81003,Paracet_Tab 500mg,0407010H0AAAMAM,1,0.005999999999999964
107,B81055,Paracet_Tab 500mg,0407010H0AAAMAM,1,0.005999999999999964
106,B81620,Paracet_Tab 500mg,0407010H0AAAMAM,2,0.005999999999999964
105,B81108,Paracet_Tab 500mg,0407010H0AAAMAM,2,0.005999999999999964
92,B81030,Paracet_Tab 500mg,0407010H0AAAMAM,2,0.005999999999999964
100,B81003,Paracet_Tab 500mg,0407010H0AAAMAM,1,0.005999999999999964
97,B81606,Paracet_Tab 500mg,0407010H0AAAMAM,1,0.005999999999999964
96,B81108,Paracet_Tab 500mg,0407010H0AAAMAM,2,0.005999999999999964
95,B81663,Paracet_Tab 500mg,0407010H0AAAMAM,1,0.005999999999999964
94,B81665,Paracet_Tab 500mg,0407010H0AAAMAM,1,0.005999999999999964
93,B81039,Paracet_Tab 500mg,0407010H0AAAMAM,1,0.005999999999999964
116,B81039,Paracet_Tab 500mg,0407010H0AAAMAM,1,0.005999999999999964
104,B81642,Paracet_Tab 500mg,0407010H0AAAMAM,1,0.005999999999999964
91,Y01948,Paracet_Tab 500mg,0407010H0AAAMAM,1,0.005999999999999964
90,B81023,Paracet_Tab 500mg,0407010H0AAAMAM,1,0.005999999999999964
89,Y01948,Paracet_Tab 500mg,0407010H0AAAMAM,1,0.005999999999999964
101,B81665,Paracet_Tab 500mg,0407010H0AAAMAM,1,0.005999999999999964
102,B81642,Paracet_Tab 500mg,0407010H0AAAMAM,1,0.005999999999999964
103,B81031,Paracet_Tab 500mg,0407010H0AAAMAM,1,0.005999999999999964
303,B81003,Lamotrigine_Tab 200mg,0408010H0AAA1A1,1,0.005999999999999339
232,B81015,Quetiapine_Tab 25mg,0402010ABAAABAB,1,0.005599999999999772
231,B81606,Quetiapine_Tab 25mg,0402010ABAAABAB,1,0.005599999999999772
233,B81023,Quetiapine_Tab 25mg,0402010ABAAABAB,1,0.005599999999999772
234,Y01948,Quetiapine_Tab 25mg,0402010ABAAABAB,1,0.005599999999999772
235,B81656,Quetiapine_Tab 25mg,0402010ABAAABAB,1,0.005599999999999772
236,B81664,Quetiapine_Tab 25mg,0402010ABAAABAB,1,0.005599999999999772
118,B81620,Paracet_Tab 500mg,0407010H0AAAMAM,1,0.004800000000000054
117,B81620,Paracet_Tab 500mg,0407010H0AAAMAM,1,0.004800000000000054
187,B81015,Hydrocort_Tab 10mg,0603020J0AAADAD,1,0.004499999999999504
185,B81087,Hydrocort_Tab 10mg,0603020J0AAADAD,1,0.004499999999999504
186,B81015,Hydrocort_Tab 10mg,0603020J0AAADAD,1,0.004499999999999504
119,B81697,Paracet_Tab 500mg,0407010H0AAAMAM,1,0.004400000000000001
120,B81697,Paracet_Tab 500mg,0407010H0AAAMAM,1,0.004400000000000001
237,B81077,Quetiapine_Tab 25mg,0402010ABAAABAB,1,0.00420000000000012
238,B81012,Quetiapine_Tab 25mg,0402010ABAAABAB,1,0.00420000000000012
239,B81016,Quetiapine_Tab 25mg,0402010ABAAABAB,1,0.00420000000000012
240,B81664,Quetiapine_Tab 25mg,0402010ABAAABAB,1,0.00420000000000012
291,B81031,Atorvastatin_Tab 10mg,0212000B0AAAAAA,1,0.004200000000000023
292,B81015,Atorvastatin_Tab 10mg,0212000B0AAAAAA,1,0.004200000000000023
290,B81055,Atorvastatin_Tab 10mg,0212000B0AAAAAA,2,0.004200000000000023
122,B81015,Paracet_Tab 500mg,0407010H0AAAMAM,1,0.004199999999999975
121,B81015,Paracet_Tab 500mg,0407010H0AAAMAM,1,0.004199999999999975
123,B81003,Paracet_Tab 500mg,0407010H0AAAMAM,1,0.002999999999999982
124,B81039,Paracet_Tab 500mg,0407010H0AAAMAM,1,0.002999999999999982
125,B81087,Paracet_Tab 500mg,0407010H0AAAMAM,1,0.002999999999999982
128,B81087,Paracet_Tab 500mg,0407010H0AAAMAM,1,0.002999999999999982
126,B81039,Paracet_Tab 500mg,0407010H0AAAMAM,1,0.002999999999999982
127,B81003,Paracet_Tab 500mg,0407010H0AAAMAM,1,0.002999999999999982
129,B81091,Paracet_Tab 500mg,0407010H0AAAMAM,1,0.002799999999999983
130,B81077,Paracet_Tab 500mg,0407010H0AAAMAM,1,0.002799999999999983
131,B81091,Paracet_Tab 500mg,0407010H0AAAMAM,1,0.002799999999999983
132,B81077,Paracet_Tab 500mg,0407010H0AAAMAM,1,0.002799999999999983
133,B81039,Paracet_Tab 500mg,0407010H0AAAMAM,1,0.002799999999999983
134,B81039,Paracet_Tab 500mg,0407010H0AAAMAM,1,0.002799999999999983
136,B81663,Paracet_Tab 500mg,0407010H0AAAMAM,1,0.002400000000000027
135,B81663,Paracet_Tab 500mg,0407010H0AAAMAM,1,0.002400000000000027
294,B81606,Atorvastatin_Tab 10mg,0212000B0AAAAAA,1,0.0021000000000000116
293,B81030,Atorvastatin_Tab 10mg,0212000B0AAAAAA,1,0.0021000000000000116
137,B81015,Paracet_Tab 500mg,0407010H0AAAMAM,1,0.0020999999999999873
138,B81015,Paracet_Tab 500mg,0407010H0AAAMAM,1,0.0020999999999999873
314,B81015,Lamotrigine_Tab 200mg,0408010H0AAA1A1,9,0.0
311,B81087,Lamotrigine_Tab 200mg,0408010H0AAA1A1,2,0.0
310,B81039,Lamotrigine_Tab 200mg,0408010H0AAA1A1,13,0.0
308,B81108,Lamotrigine_Tab 200mg,0408010H0AAA1A1,1,0.0
307,B81108,Lamotrigine_Tab 200mg,0408010H0AAA1A1,1,0.0
306,B81015,Lamotrigine_Tab 200mg,0408010H0AAA1A1,1,0.0
305,B81030,Lamotrigine_Tab 200mg,0408010H0AAA1A1,1,0.0
304,B81087,Lamotrigine_Tab 200mg,0408010H0AAA1A1,1,0.0
309,B81055,Lamotrigine_Tab 200mg,0408010H0AAA1A1,3,0.0
313,B81677,Lamotrigine_Tab 200mg,0408010H0AAA1A1,2,0.0
327,B81603,Lamotrigine_Tab 200mg,0408010H0AAA1A1,2,0.0
331,B81039,Lamotrigine_Tab 200mg,0408010H0AAA1A1,1,0.0
321,B81012,Lamotrigine_Tab 200mg,0408010H0AAA1A1,1,0.0
320,B81665,Lamotrigine_Tab 200mg,0408010H0AAA1A1,3,0.0
319,B81603,Lamotrigine_Tab 200mg,0408010H0AAA1A1,1,0.0
318,B81016,Lamotrigine_Tab 200mg,0408010H0AAA1A1,2,0.0
317,B81108,Lamotrigine_Tab 200mg,0408010H0AAA1A1,1,0.0
316,B81606,Lamotrigine_Tab 200mg,0408010H0AAA1A1,4,0.0
315,B81077,Lamotrigine_Tab 200mg,0408010H0AAA1A1,2,0.0
323,B81656,Lamotrigine_Tab 200mg,0408010H0AAA1A1,4,0.0
312,Y01948,Lamotrigine_Tab 200mg,0408010H0AAA1A1,4,0.0
322,B81003,Lamotrigine_Tab 200mg,0408010H0AAA1A1,2,0.0
330,B81030,Lamotrigine_Tab 200mg,0408010H0AAA1A1,2,0.0
329,B81030,Lamotrigine_Tab 200mg,0408010H0AAA1A1,2,0.0
328,B81039,Lamotrigine_Tab 200mg,0408010H0AAA1A1,3,0.0
326,B81023,Lamotrigine_Tab 200mg,0408010H0AAA1A1,1,0.0
325,B81663,Lamotrigine_Tab 200mg,0408010H0AAA1A1,2,0.0
324,B81642,Lamotrigine_Tab 200mg,0408010H0AAA1A1,1,0.0
295,B81003,Atorvastatin_Tab 10mg,0212000B0AAAAAA,1,-0.0007999999999999952
23,Y03816,Atorvastatin_Tab 40mg,0212000B0AAACAC,1,-0.002799999999999997
242,Y00483,Quetiapine_Tab 25mg,0402010ABAAABAB,1,-0.00280000000000008
241,B81108,Quetiapine_Tab 25mg,0402010ABAAABAB,1,-0.00280000000000008
15,B81606,Atorvastatin_Tab 20mg,0212000B0AAABAB,1,-0.0029999999999998778
24,Y02684,Atorvastatin_Tab 40mg,0212000B0AAACAC,1,-0.0029999999999998778
14,B81039,Atorvastatin_Tab 20mg,0212000B0AAABAB,1,-0.0029999999999998778
296,B81697,Atorvastatin_Tab 10mg,0212000B0AAAAAA,1,-0.002999999999999982
245,B81656,Quetiapine_Tab 25mg,0402010ABAAABAB,1,-0.00420000000000012
243,B81664,Quetiapine_Tab 25mg,0402010ABAAABAB,1,-0.00420000000000012
244,B81015,Quetiapine_Tab 25mg,0402010ABAAABAB,1,-0.00420000000000012
139,B81015,Paracet_Tab 500mg,0407010H0AAAMAM,1,-0.004799999999999999
140,B81015,Paracet_Tab 500mg,0407010H0AAAMAM,1,-0.004799999999999999
143,B81655,Paracet_Tab 500mg,0407010H0AAAMAM,1,-0.005599999999999966
145,B81016,Paracet_Tab 500mg,0407010H0AAAMAM,1,-0.005599999999999966
144,B81655,Paracet_Tab 500mg,0407010H0AAAMAM,1,-0.005599999999999966
146,B81016,Paracet_Tab 500mg,0407010H0AAAMAM,1,-0.005599999999999966
142,B81055,Paracet_Tab 500mg,0407010H0AAAMAM,1,-0.005599999999999966
141,B81055,Paracet_Tab 500mg,0407010H0AAAMAM,1,-0.005599999999999966
247,B81039,Quetiapine_Tab 25mg,0402010ABAAABAB,4,-0.00560000000000016
248,Y02684,Quetiapine_Tab 25mg,0402010ABAAABAB,4,-0.00560000000000016
249,B81091,Quetiapine_Tab 25mg,0402010ABAAABAB,2,-0.00560000000000016
250,B81015,Quetiapine_Tab 25mg,0402010ABAAABAB,4,-0.00560000000000016
246,Y01948,Quetiapine_Tab 25mg,0402010ABAAABAB,4,-0.00560000000000016
251,B81031,Quetiapine_Tab 25mg,0402010ABAAABAB,3,-0.00840000000000024
188,B81015,Hydrocort_Tab 10mg,0603020J0AAADAD,4,-0.009999999999998899
192,B81030,Hydrocort_Tab 10mg,0603020J0AAADAD,1,-0.011199999999998766
191,B81003,Hydrocort_Tab 10mg,0603020J0AAADAD,1,-0.011199999999998766
190,B81655,Hydrocort_Tab 10mg,0603020J0AAADAD,1,-0.011199999999998766
189,B81016,Hydrocort_Tab 10mg,0603020J0AAADAD,1,-0.011199999999998766
150,B81030,Paracet_Tab 500mg,0407010H0AAAMAM,2,-0.011199999999999932
149,B81030,Paracet_Tab 500mg,0407010H0AAAMAM,2,-0.011199999999999932
148,B81656,Paracet_Tab 500mg,0407010H0AAAMAM,2,-0.011199999999999932
147,B81656,Paracet_Tab 500mg,0407010H0AAAMAM,2,-0.011199999999999932
256,B81077,Quetiapine_Tab 25mg,0402010ABAAABAB,8,-0.01120000000000032
255,B81016,Quetiapine_Tab 25mg,0402010ABAAABAB,4,-0.01120000000000032
254,B81003,Quetiapine_Tab 25mg,0402010ABAAABAB,4,-0.01120000000000032
253,B81606,Quetiapine_Tab 25mg,0402010ABAAABAB,4,-0.01120000000000032
252,B81656,Quetiapine_Tab 25mg,0402010ABAAABAB,4,-0.01120000000000032
257,B81620,Quetiapine_Tab 25mg,0402010ABAAABAB,4,-0.01120000000000032
258,B81620,Quetiapine_Tab 25mg,0402010ABAAABAB,8,-0.01120000000000032
259,Y01948,Quetiapine_Tab 25mg,0402010ABAAABAB,3,-0.012600000000000361
151,B81664,Paracet_Tab 500mg,0407010H0AAAMAM,3,-0.0167999999999999
152,B81664,Paracet_Tab 500mg,0407010H0AAAMAM,3,-0.0167999999999999
262,B81030,Quetiapine_Tab 25mg,0402010ABAAABAB,4,-0.01680000000000048
260,B81077,Quetiapine_Tab 25mg,0402010ABAAABAB,4,-0.01680000000000048
261,B81003,Quetiapine_Tab 25mg,0402010ABAAABAB,4,-0.01680000000000048
155,B81677,Paracet_Tab 500mg,0407010H0AAAMAM,4,-0.022399999999999864
154,B81091,Paracet_Tab 500mg,0407010H0AAAMAM,4,-0.022399999999999864
153,B81677,Paracet_Tab 500mg,0407010H0AAAMAM,4,-0.022399999999999864
156,B81091,Paracet_Tab 500mg,0407010H0AAAMAM,4,-0.022399999999999864
263,B81012,Quetiapine_Tab 25mg,0402010ABAAABAB,6,-0.025200000000000722
162,B81039,Paracet_Tab 500mg,0407010H0AAAMAM,8,-0.04479999999999973
161,B81012,Paracet_Tab 500mg,0407010H0AAAMAM,8,-0.04479999999999973
159,B81039,Paracet_Tab 500mg,0407010H0AAAMAM,8,-0.04479999999999973
160,B81015,Paracet_Tab 500mg,0407010H0AAAMAM,8,-0.04479999999999973
158,B81015,Paracet_Tab 500mg,0407010H0AAAMAM,8,-0.04479999999999973
157,B81012,Paracet_Tab 500mg,0407010H0AAAMAM,8,-0.04479999999999973
264,B81077,Quetiapine_Tab 25mg,0402010ABAAABAB,19,-0.053200000000001524
265,Y01948,Quetiapine_Tab 25mg,0402010ABAAABAB,21,-0.058800000000001684
163,B81077,Paracet_Tab 500mg,0407010H0AAAMAM,13,-0.07279999999999956
164,B81077,Paracet_Tab 500mg,0407010H0AAAMAM,13,-0.07279999999999956
165,B81665,Paracet_Tab 500mg,0407010H0AAAMAM,11,-0.10999999999999933
166,B81665,Paracet_Tab 500mg,0407010H0AAAMAM,11,-0.10999999999999933
332,Y01948,Lamotrigine_Tab 200mg,0408010H0AAA1A1,29,-0.11310000000000042
167,Y01948,Paracet_Tab 500mg,0407010H0AAAMAM,29,-0.13919999999999996
168,Y01948,Paracet_Tab 500mg,0407010H0AAAMAM,29,-0.13919999999999996
169,B81620,Paracet_Tab 500mg,0407010H0AAAMAM,25,-0.13999999999999915
170,B81620,Paracet_Tab 500mg,0407010H0AAAMAM,25,-0.13999999999999915
172,B81655,Paracet_Tab 500mg,0407010H0AAAMAM,30,-0.29999999999999816
171,B81655,Paracet_Tab 500mg,0407010H0AAAMAM,30,-0.29999999999999816
173,B81003,Paracet_Tab 500mg,0407010H0AAAMAM,81,-0.4535999999999972
174,B81003,Paracet_Tab 500mg,0407010H0AAAMAM,81,-0.4535999999999972
266,Y01948,Quetiapine_Tab 25mg,0402010ABAAABAB,1,-0.6496
175,B81108,Paracet_Tab 500mg,0407010H0AAAMAM,2,-0.8199999999999998
176,B81108,Paracet_Tab 500mg,0407010H0AAAMAM,2,-0.8199999999999998
177,B81677,Paracet_Tab 500mg,0407010H0AAAMAM,16,-1.2799999999999978
178,B81677,Paracet_Tab 500mg,0407010H0AAAMAM,16,-1.2799999999999978
180,B81023,Paracet_Tab 500mg,0407010H0AAAMAM,68,-1.3599999999999919
179,B81023,Paracet_Tab 500mg,0407010H0AAAMAM,68,-1.3599999999999919
181,B81606,Paracet_Tab 500mg,0407010H0AAAMAM,5,-1.455999999999999
182,B81606,Paracet_Tab 500mg,0407010H0AAAMAM,5,-1.455999999999999
193,B81039,Hydrocort_Tab 10mg,0603020J0AAADAD,1,-1.8959999999999995
267,B81677,Quetiapine_Tab 25mg,0402010ABAAABAB,1,-2.088
194,B81015,Hydrocort_Tab 10mg,0603020J0AAADAD,1,-11.375999999999996
