,practice_code,bnf_description,bnf_code,items,excess_cost
0,E81002,Atorvastatin_Tab 10mg,0212000B0AAAAAA,2,-0.005999999999999964
1,E81002,Atorvastatin_Tab 20mg,0212000B0AAABAB,184,112.82880000000002
2,E81002,Atorvastatin_Tab 40mg,0212000B0AAACAC,87,0.4871999999999971
3,E81002,Montelukast_Tab 10mg,0303020G0AAABAB,44,24.393600000000006
4,E81002,Paracet_Tab 500mg,0407010H0AAAMAM,32,21.76
5,E81002,Quetiapine_Tab 25mg,0402010ABAAABAB,8,-0.002800000000001246
6,E81003,Atorvastatin_Tab 10mg,0212000B0AAAAAA,135,11.627200000000007
7,E81003,Atorvastatin_Tab 20mg,0212000B0AAABAB,284,22.8082
8,E81003,Atorvastatin_Tab 40mg,0212000B0AAACAC,291,22.73180000000003
9,E81003,Atorvastatin_Tab 80mg,0212000B0AAADAD,117,-0.3276000000000094
10,E81003,Memantine HCl_Tab 10mg,0411000G0AAAAAA,4,-0.009400000000000255
11,E81003,Montelukast_Tab 10mg,0303020G0AAABAB,30,24.360000000000003
12,E81003,Paracet_Tab 500mg,0407010H0AAAMAM,402,16.516000000000027
13,E81003,Quetiapine_Tab 25mg,0402010ABAAABAB,10,0.015999999999999764
14,E81004,Atorvastatin_Tab 10mg,0212000B0AAAAAA,1,0.0021999999999999867
15,E81004,Atorvastatin_Tab 20mg,0212000B0AAABAB,278,22.4894
16,E81004,Atorvastatin_Tab 40mg,0212000B0AAACAC,1,0.006399999999999961
17,E81004,Atorvastatin_Tab 80mg,0212000B0AAADAD,1,-0.003000000000000086
18,E81004,Memantine HCl_Tab 10mg,0411000G0AAAAAA,5,-0.006999999999999909
19,E81004,Montelukast_Tab 10mg,0303020G0AAABAB,19,24.3656
20,E81004,Paracet_Tab 500mg,0407010H0AAAMAM,218,45.65280000000005
21,E81004,Quetiapine_Tab 25mg,0402010ABAAABAB,19,0.07760000000000028
22,E81007,Atorvastatin_Tab 10mg,0212000B0AAAAAA,16,0.033600000000000185
23,E81007,Paracet_Tab 500mg,0407010H0AAAMAM,10,-0.005599999999999966
24,E81007,Quetiapine_Tab 25mg,0402010ABAAABAB,5,0.02799999999999886
25,E81008,Aripiprazole_Tab 15mg,0402010ADAAABAB,2,-0.00560000000000016
26,E81008,Atorvastatin_Tab 10mg,0212000B0AAAAAA,43,0.09030000000000049
27,E81008,Atorvastatin_Tab 20mg,0212000B0AAABAB,190,50.64320000000002
28,E81008,Atorvastatin_Tab 40mg,0212000B0AAACAC,163,44.72720000000002
29,E81008,Atorvastatin_Tab 80mg,0212000B0AAADAD,13,0.027300000000000782
30,E81008,Memantine HCl_Tab 10mg,0411000G0AAAAAA,27,-0.10599999999999936
31,E81008,Memantine HCl_Tab 20mg,0411000G0AAADAD,5,0.024499999999999973
32,E81008,Paracet_Tab 500mg,0407010H0AAAMAM,294,4.619600000000043
33,E81008,Quetiapine_Tab 25mg,0402010ABAAABAB,33,65.75119999999998
34,E81009,Aripiprazole_Tab 15mg,0402010ADAAABAB,1,0.004199999999999926
35,E81009,Atorvastatin_Tab 10mg,0212000B0AAAAAA,101,58.133599999999994
36,E81009,Atorvastatin_Tab 80mg,0212000B0AAADAD,13,3.6400000000000032
37,E81009,Paracet_Tab 500mg,0407010H0AAAMAM,220,2.185999999999987
38,E81009,Quetiapine_Tab 25mg,0402010ABAAABAB,14,0.004999999999998589
39,E81012,Paracet_Tab 500mg,0407010H0AAAMAM,160,-3.0959999999999814
40,E81012,Quetiapine_Tab 25mg,0402010ABAAABAB,1,0.00840000000000024
41,E81014,Atorvastatin_Tab 10mg,0212000B0AAAAAA,72,22.982400000000002
42,E81014,Memantine HCl_Tab 10mg,0411000G0AAAAAA,1,-0.002799999999999983
43,E81014,Paracet_Tab 500mg,0407010H0AAAMAM,202,-4.119999999999985
44,E81014,Quetiapine_Tab 25mg,0402010ABAAABAB,8,45.976
45,E81015,Atorvastatin_Tab 10mg,0212000B0AAAAAA,274,45.85799999999999
46,E81015,Atorvastatin_Tab 20mg,0212000B0AAABAB,425,248.44400000000002
47,E81015,Atorvastatin_Tab 40mg,0212000B0AAACAC,1,0.0033000000000000945
48,E81015,Memantine HCl_Tab 10mg,0411000G0AAAAAA,11,94.1052
49,E81015,Memantine HCl_Tab 20mg,0411000G0AAADAD,1,0.004899999999999995
50,E81015,Paracet_Tab 500mg,0407010H0AAAMAM,26,0.2855999999999983
51,E81015,Quetiapine_Tab 25mg,0402010ABAAABAB,9,15.327200000000001
52,E81019,Aripiprazole_Tab 15mg,0402010ADAAABAB,1,-0.00280000000000008
53,E81019,Atorvastatin_Tab 10mg,0212000B0AAAAAA,76,23.102100000000004
54,E81019,Atorvastatin_Tab 20mg,0212000B0AAABAB,177,113.14800000000002
55,E81019,Atorvastatin_Tab 80mg,0212000B0AAADAD,7,0.014700000000000421
56,E81019,Memantine HCl_Tab 10mg,0411000G0AAAAAA,4,0.01680000000000048
57,E81019,Memantine HCl_Tab 20mg,0411000G0AAADAD,9,63.907199999999996
58,E81019,Montelukast_Tab 10mg,0303020G0AAABAB,13,48.776
59,E81019,Paracet_Tab 500mg,0407010H0AAAMAM,256,34.11400000000002
60,E81019,Quetiapine_Tab 25mg,0402010ABAAABAB,9,0.028000000000000413
61,E81021,Atorvastatin_Tab 10mg,0212000B0AAAAAA,87,23.270100000000003
62,E81021,Atorvastatin_Tab 20mg,0212000B0AAABAB,26,45.136
63,E81021,Atorvastatin_Tab 80mg,0212000B0AAADAD,65,3.714200000000003
64,E81021,Memantine HCl_Tab 10mg,0411000G0AAAAAA,4,-0.006399999999999961
65,E81021,Paracet_Tab 500mg,0407010H0AAAMAM,190,-3.643199999999977
66,E81021,Quetiapine_Tab 25mg,0402010ABAAABAB,2,30.626399999999997
67,E81022,Atorvastatin_Tab 10mg,0212000B0AAAAAA,4,0.008400000000000046
68,E81022,Atorvastatin_Tab 80mg,0212000B0AAADAD,23,0.052500000000001504
69,E81022,Memantine HCl_Tab 10mg,0411000G0AAAAAA,6,-0.0335999999999998
70,E81022,Memantine HCl_Tab 20mg,0411000G0AAADAD,9,63.907199999999996
71,E81022,Paracet_Tab 500mg,0407010H0AAAMAM,78,64.39959999999999
72,E81022,Quetiapine_Tab 25mg,0402010ABAAABAB,5,0.023099999999999885
73,E81023,Aripiprazole_Tab 15mg,0402010ADAAABAB,2,345.24
74,E81023,Paracet_Tab 500mg,0407010H0AAAMAM,56,4.657600000000008
75,E81023,Quetiapine_Tab 25mg,0402010ABAAABAB,1,0.005599999999999772
76,E81024,Atorvastatin_Tab 10mg,0212000B0AAAAAA,4,0.008400000000000046
77,E81024,Atorvastatin_Tab 20mg,0212000B0AAABAB,1,0.00180000000000001
78,E81024,Atorvastatin_Tab 80mg,0212000B0AAADAD,10,0.0210000000000006
79,E81024,Memantine HCl_Tab 10mg,0411000G0AAAAAA,5,-0.006999999999999812
80,E81024,Paracet_Tab 500mg,0407010H0AAAMAM,2,0.008000000000000021
81,E81027,Atorvastatin_Tab 10mg,0212000B0AAAAAA,4,0.01260000000000007
82,E81027,Memantine HCl_Tab 10mg,0411000G0AAAAAA,1,0.00420000000000012
83,E81027,Montelukast_Tab 10mg,0303020G0AAABAB,6,1.9824000000000008
84,E81027,Paracet_Tab 500mg,0407010H0AAAMAM,204,27.183
85,E81027,Quetiapine_Tab 25mg,0402010ABAAABAB,11,0.06579999999999994
86,E81029,Aripiprazole_Tab 15mg,0402010ADAAABAB,2,0.008399999999999852
87,E81029,Atorvastatin_Tab 10mg,0212000B0AAAAAA,163,34.72
88,E81029,Atorvastatin_Tab 20mg,0212000B0AAABAB,61,0.17400000000000498
89,E81029,Atorvastatin_Tab 40mg,0212000B0AAACAC,117,44.5536
90,E81029,Atorvastatin_Tab 80mg,0212000B0AAADAD,57,49.55180000000003
91,E81029,Memantine HCl_Tab 10mg,0411000G0AAAAAA,13,31.365600000000004
92,E81029,Montelukast_Tab 10mg,0303020G0AAABAB,36,146.16000000000003
93,E81029,Paracet_Tab 500mg,0407010H0AAAMAM,312,64.52920000000002
94,E81029,Quetiapine_Tab 25mg,0402010ABAAABAB,30,124.7625
95,E81030,Atorvastatin_Tab 10mg,0212000B0AAAAAA,57,11.541599999999997
96,E81030,Atorvastatin_Tab 40mg,0212000B0AAACAC,65,22.750000000000007
97,E81030,Atorvastatin_Tab 80mg,0212000B0AAADAD,49,0.8246000000000078
98,E81030,Memantine HCl_Tab 10mg,0411000G0AAAAAA,1,0.0033999999999999794
99,E81030,Montelukast_Tab 10mg,0303020G0AAABAB,26,24.387999999999998
100,E81030,Paracet_Tab 500mg,0407010H0AAAMAM,116,4.5488000000000115
101,E81030,Quetiapine_Tab 25mg,0402010ABAAABAB,8,0.009799999999999115
102,E81031,Atorvastatin_Tab 10mg,0212000B0AAAAAA,12,0.02520000000000014
103,E81031,Memantine HCl_Tab 10mg,0411000G0AAAAAA,4,-0.011199999999999932
104,E81031,Memantine HCl_Tab 20mg,0411000G0AAADAD,1,0.004899999999999995
105,E81031,Paracet_Tab 500mg,0407010H0AAAMAM,10,-0.05599999999999966
106,E81031,Quetiapine_Tab 25mg,0402010ABAAABAB,1,-0.00280000000000008
107,E81033,Aripiprazole_Tab 15mg,0402010ADAAABAB,8,-0.02240000000000064
108,E81033,Atorvastatin_Tab 10mg,0212000B0AAAAAA,396,23.1297
109,E81033,Atorvastatin_Tab 20mg,0212000B0AAABAB,348,68.94760000000002
110,E81033,Atorvastatin_Tab 40mg,0212000B0AAACAC,201,44.461199999999984
111,E81033,Atorvastatin_Tab 80mg,0212000B0AAADAD,12,0.025200000000000722
112,E81033,Memantine HCl_Tab 10mg,0411000G0AAAAAA,10,0.042000000000000426
113,E81033,Memantine HCl_Tab 20mg,0411000G0AAADAD,9,0.039899999999999956
114,E81033,Montelukast_Tab 10mg,0303020G0AAABAB,43,1.926400000000005
115,E81033,Paracet_Tab 500mg,0407010H0AAAMAM,404,-1.0907999999999989
116,E81033,Quetiapine_Tab 25mg,0402010ABAAABAB,30,0.03919999999999724
117,E81034,Aripiprazole_Tab 15mg,0402010ADAAABAB,2,0.008399999999999852
118,E81034,Atorvastatin_Tab 10mg,0212000B0AAAAAA,42,23.245600000000003
119,E81034,Paracet_Tab 500mg,0407010H0AAAMAM,210,4.900800000000006
120,E81034,Quetiapine_Tab 25mg,0402010ABAAABAB,29,-0.1333999999999998
121,E81035,Atorvastatin_Tab 10mg,0212000B0AAAAAA,185,11.331400000000002
122,E81035,Atorvastatin_Tab 80mg,0212000B0AAADAD,1,6.201999999999999
123,E81035,Memantine HCl_Tab 10mg,0411000G0AAAAAA,8,31.3642
124,E81035,Memantine HCl_Tab 20mg,0411000G0AAADAD,6,63.89039999999999
125,E81035,Paracet_Tab 500mg,0407010H0AAAMAM,236,35.53920000000001
126,E81035,Quetiapine_Tab 25mg,0402010ABAAABAB,5,65.6484
127,E81036,Atorvastatin_Tab 10mg,0212000B0AAAAAA,269,-0.7335999999999955
128,E81036,Atorvastatin_Tab 20mg,0212000B0AAABAB,250,-0.6999999999999715
129,E81036,Atorvastatin_Tab 80mg,0212000B0AAADAD,105,-0.5911999999999762
130,E81036,Memantine HCl_Tab 10mg,0411000G0AAAAAA,10,-0.05599999999999966
131,E81036,Memantine HCl_Tab 20mg,0411000G0AAADAD,11,-0.030799999999998745
132,E81036,Montelukast_Tab 10mg,0303020G0AAABAB,86,-0.2407999999999902
133,E81036,Paracet_Tab 500mg,0407010H0AAAMAM,316,-3.0639999999999814
134,E81036,Quetiapine_Tab 25mg,0402010ABAAABAB,45,-0.5188000000000168
135,E81037,Aripiprazole_Tab 15mg,0402010ADAAABAB,5,-0.014000000000000401
136,E81037,Atorvastatin_Tab 10mg,0212000B0AAAAAA,508,279.1622000000001
137,E81037,Atorvastatin_Tab 20mg,0212000B0AAABAB,638,451.80120000000016
138,E81037,Atorvastatin_Tab 40mg,0212000B0AAACAC,453,200.49530000000001
139,E81037,Atorvastatin_Tab 80mg,0212000B0AAADAD,144,198.33450000000002
140,E81037,Memantine HCl_Tab 10mg,0411000G0AAAAAA,21,170.8004
141,E81037,Memantine HCl_Tab 20mg,0411000G0AAADAD,36,127.8396
142,E81037,Montelukast_Tab 10mg,0303020G0AAABAB,65,48.77600000000001
143,E81037,Paracet_Tab 500mg,0407010H0AAAMAM,1032,64.60320000000003
144,E81037,Quetiapine_Tab 25mg,0402010ABAAABAB,110,398.294
145,E81038,Aripiprazole_Tab 15mg,0402010ADAAABAB,4,-0.01120000000000032
146,E81038,Atorvastatin_Tab 10mg,0212000B0AAAAAA,355,103.82230000000003
147,E81038,Atorvastatin_Tab 20mg,0212000B0AAABAB,221,68.02880000000007
148,E81038,Atorvastatin_Tab 40mg,0212000B0AAACAC,63,22.226400000000012
149,E81038,Atorvastatin_Tab 80mg,0212000B0AAADAD,12,0.025200000000000722
150,E81038,Memantine HCl_Tab 10mg,0411000G0AAAAAA,3,0.012600000000000264
151,E81038,Memantine HCl_Tab 20mg,0411000G0AAADAD,6,63.89039999999999
152,E81038,Paracet_Tab 500mg,0407010H0AAAMAM,270,26.434800000000017
153,E81038,Quetiapine_Tab 25mg,0402010ABAAABAB,34,0.04679999999999529
154,E81043,Atorvastatin_Tab 10mg,0212000B0AAAAAA,3,0.006300000000000035
155,E81043,Montelukast_Tab 10mg,0303020G0AAABAB,8,1.008000000000001
156,E81043,Paracet_Tab 500mg,0407010H0AAAMAM,8,0.2976
157,E81043,Quetiapine_Tab 25mg,0402010ABAAABAB,3,0.022400000000000253
158,E81044,Aripiprazole_Tab 15mg,0402010ADAAABAB,15,-0.021000000000001184
159,E81044,Atorvastatin_Tab 10mg,0212000B0AAAAAA,269,34.398
160,E81044,Atorvastatin_Tab 20mg,0212000B0AAABAB,544,68.28600000000006
161,E81044,Atorvastatin_Tab 40mg,0212000B0AAACAC,289,44.505999999999986
162,E81044,Memantine HCl_Tab 10mg,0411000G0AAAAAA,5,0.012800000000000117
163,E81044,Memantine HCl_Tab 20mg,0411000G0AAADAD,11,127.7892
164,E81044,Paracet_Tab 500mg,0407010H0AAAMAM,278,8.430800000000026
165,E81044,Quetiapine_Tab 25mg,0402010ABAAABAB,32,0.13229999999999797
166,E81045,Memantine HCl_Tab 10mg,0411000G0AAAAAA,1,0.00420000000000012
167,E81045,Paracet_Tab 500mg,0407010H0AAAMAM,222,-2.029999999999988
168,E81045,Quetiapine_Tab 25mg,0402010ABAAABAB,6,0.014000000000000012
169,E81046,Atorvastatin_Tab 10mg,0212000B0AAAAAA,163,22.999200000000002
170,E81046,Atorvastatin_Tab 80mg,0212000B0AAADAD,61,24.69240000000001
171,E81046,Memantine HCl_Tab 10mg,0411000G0AAAAAA,4,0.016800000000000093
172,E81046,Paracet_Tab 500mg,0407010H0AAAMAM,264,2.553599999999984
173,E81046,Quetiapine_Tab 25mg,0402010ABAAABAB,10,0.03079999999999894
174,E81047,Atorvastatin_Tab 10mg,0212000B0AAAAAA,123,46.2106
175,E81047,Atorvastatin_Tab 20mg,0212000B0AAABAB,107,90.47920000000002
176,E81047,Atorvastatin_Tab 40mg,0212000B0AAACAC,57,44.687999999999995
177,E81047,Atorvastatin_Tab 80mg,0212000B0AAADAD,31,49.60200000000002
178,E81047,Memantine HCl_Tab 10mg,0411000G0AAAAAA,1,0.00420000000000012
179,E81047,Paracet_Tab 500mg,0407010H0AAAMAM,64,20.412000000000003
180,E81047,Quetiapine_Tab 25mg,0402010ABAAABAB,2,0.014000000000000012
181,E81049,Atorvastatin_Tab 10mg,0212000B0AAAAAA,42,11.606
182,E81049,Memantine HCl_Tab 10mg,0411000G0AAAAAA,2,0.00840000000000024
183,E81049,Memantine HCl_Tab 20mg,0411000G0AAADAD,1,-0.002999999999999947
184,E81049,Paracet_Tab 500mg,0407010H0AAAMAM,142,21.670400000000008
185,E81049,Quetiapine_Tab 25mg,0402010ABAAABAB,2,0.014000000000000012
186,E81050,Atorvastatin_Tab 10mg,0212000B0AAAAAA,188,0.5242999999999972
187,E81050,Atorvastatin_Tab 20mg,0212000B0AAABAB,310,0.8680000000000249
188,E81050,Atorvastatin_Tab 40mg,0212000B0AAACAC,1,-0.0029999999999998778
189,E81050,Atorvastatin_Tab 80mg,0212000B0AAADAD,79,24.866799999999994
190,E81050,Memantine HCl_Tab 10mg,0411000G0AAAAAA,1,-0.006000000000000172
191,E81050,Memantine HCl_Tab 20mg,0411000G0AAADAD,8,191.7188
192,E81050,Paracet_Tab 500mg,0407010H0AAAMAM,252,65.81680000000003
193,E81050,Quetiapine_Tab 25mg,0402010ABAAABAB,4,0.016799999999999704
194,E81052,Paracet_Tab 500mg,0407010H0AAAMAM,214,30.600000000000037
195,E81052,Quetiapine_Tab 25mg,0402010ABAAABAB,10,-0.009000000000000258
196,E81056,Atorvastatin_Tab 40mg,0212000B0AAACAC,34,47.52160000000001
197,E81056,Memantine HCl_Tab 10mg,0411000G0AAAAAA,1,62.7368
198,E81056,Paracet_Tab 500mg,0407010H0AAAMAM,56,18.88000000000001
199,E81056,Quetiapine_Tab 25mg,0402010ABAAABAB,1,0.005599999999999772
200,E81057,Atorvastatin_Tab 20mg,0212000B0AAABAB,370,68.17880000000002
201,E81057,Atorvastatin_Tab 40mg,0212000B0AAACAC,219,23.201199999999986
202,E81057,Atorvastatin_Tab 80mg,0212000B0AAADAD,95,-0.2660000000000076
203,E81057,Paracet_Tab 500mg,0407010H0AAAMAM,42,19.75480000000001
204,E81057,Quetiapine_Tab 25mg,0402010ABAAABAB,11,23.049599999999998
205,E81059,Aripiprazole_Tab 15mg,0402010ADAAABAB,1,86.31
206,E81059,Atorvastatin_Tab 10mg,0212000B0AAAAAA,140,58.016000000000005
207,E81059,Atorvastatin_Tab 20mg,0212000B0AAABAB,214,203.12879999999998
208,E81059,Atorvastatin_Tab 40mg,0212000B0AAACAC,116,0.6495999999999961
209,E81059,Atorvastatin_Tab 80mg,0212000B0AAADAD,47,3.421600000000007
210,E81059,Memantine HCl_Tab 10mg,0411000G0AAAAAA,5,31.359999999999996
211,E81059,Montelukast_Tab 10mg,0303020G0AAABAB,28,25.395799999999998
212,E81059,Paracet_Tab 500mg,0407010H0AAAMAM,220,143.1516
213,E81059,Quetiapine_Tab 25mg,0402010ABAAABAB,2,0.014000000000000012
214,E81060,Atorvastatin_Tab 10mg,0212000B0AAAAAA,45,11.592
215,E81060,Montelukast_Tab 10mg,0303020G0AAABAB,8,48.7424
216,E81060,Paracet_Tab 500mg,0407010H0AAAMAM,178,47.46000000000002
217,E81060,Quetiapine_Tab 25mg,0402010ABAAABAB,16,61.2906
218,E81061,Paracet_Tab 500mg,0407010H0AAAMAM,12,-0.0671999999999996
219,E81069,Atorvastatin_Tab 10mg,0212000B0AAAAAA,51,58.264500000000005
220,E81069,Atorvastatin_Tab 80mg,0212000B0AAADAD,28,0.058800000000001684
221,E81069,Memantine HCl_Tab 10mg,0411000G0AAAAAA,10,-0.020999999999999727
222,E81069,Memantine HCl_Tab 20mg,0411000G0AAADAD,9,0.04409999999999995
223,E81069,Paracet_Tab 500mg,0407010H0AAAMAM,82,-0.23799999999999855
224,E81069,Quetiapine_Tab 25mg,0402010ABAAABAB,3,0.019599999999999784
225,E81074,Aripiprazole_Tab 15mg,0402010ADAAABAB,7,-0.012600000000000555
226,E81074,Atorvastatin_Tab 10mg,0212000B0AAAAAA,16,0.033600000000000185
227,E81074,Atorvastatin_Tab 80mg,0212000B0AAADAD,20,0.0420000000000012
228,E81074,Memantine HCl_Tab 20mg,0411000G0AAADAD,8,0.03919999999999996
229,E81074,Montelukast_Tab 10mg,0303020G0AAABAB,34,24.371200000000005
230,E81074,Paracet_Tab 500mg,0407010H0AAAMAM,198,1.5834000000000206
231,E81074,Quetiapine_Tab 25mg,0402010ABAAABAB,3,0.022400000000000253
232,E81077,Atorvastatin_Tab 10mg,0212000B0AAAAAA,79,34.923
233,E81077,Atorvastatin_Tab 20mg,0212000B0AAABAB,112,67.64730000000002
234,E81077,Atorvastatin_Tab 40mg,0212000B0AAACAC,93,22.394400000000008
235,E81077,Atorvastatin_Tab 80mg,0212000B0AAADAD,7,0.014700000000000421
236,E81077,Memantine HCl_Tab 10mg,0411000G0AAAAAA,4,-0.011199999999999932
237,E81077,Paracet_Tab 500mg,0407010H0AAAMAM,4,0.0007999999999999952
238,E81077,Quetiapine_Tab 25mg,0402010ABAAABAB,4,0.008399999999999852
239,E81611,Atorvastatin_Tab 10mg,0212000B0AAAAAA,6,0.01260000000000007
240,E81611,Quetiapine_Tab 25mg,0402010ABAAABAB,6,0.05320000000000036
241,E81635,Memantine HCl_Tab 10mg,0411000G0AAAAAA,1,0.004200000000000023
242,Y00260,Aripiprazole_Tab 15mg,0402010ADAAABAB,1,0.004199999999999926
243,Y00260,Atorvastatin_Tab 10mg,0212000B0AAAAAA,14,23.268000000000004
244,Y00260,Atorvastatin_Tab 20mg,0212000B0AAABAB,29,22.573600000000003
245,Y00260,Atorvastatin_Tab 80mg,0212000B0AAADAD,4,0.00840000000000024
246,Y00260,Memantine HCl_Tab 10mg,0411000G0AAAAAA,9,111.65000000000002
247,Y00260,Paracet_Tab 500mg,0407010H0AAAMAM,8,0.0335999999999998
248,Y00260,Quetiapine_Tab 25mg,0402010ABAAABAB,6,0.022399999999999864
249,Y00328,Atorvastatin_Tab 10mg,0212000B0AAAAAA,7,0.014700000000000081
250,Y00328,Memantine HCl_Tab 10mg,0411000G0AAAAAA,4,-0.011199999999999932
251,Y00522,Aripiprazole_Tab 15mg,0402010ADAAABAB,4,-0.01120000000000032
252,Y00522,Atorvastatin_Tab 80mg,0212000B0AAADAD,34,24.798900000000003
253,Y00522,Memantine HCl_Tab 10mg,0411000G0AAAAAA,4,-0.011199999999999932
254,Y00522,Paracet_Tab 500mg,0407010H0AAAMAM,58,10.267199999999997
255,Y00522,Quetiapine_Tab 25mg,0402010ABAAABAB,2,0.0027999999999996916
256,Y00560,Atorvastatin_Tab 20mg,0212000B0AAABAB,25,112.75319999999999
257,Y00560,Atorvastatin_Tab 40mg,0212000B0AAACAC,49,39.0012
258,Y00560,Atorvastatin_Tab 80mg,0212000B0AAADAD,16,24.819200000000002
259,Y00561,Aripiprazole_Tab 15mg,0402010ADAAABAB,1,0.004199999999999926
260,Y00561,Atorvastatin_Tab 10mg,0212000B0AAAAAA,2,0.008400000000000046
261,Y00561,Atorvastatin_Tab 80mg,0212000B0AAADAD,5,24.808
262,Y00561,Montelukast_Tab 10mg,0303020G0AAABAB,1,48.7592
263,Y00561,Quetiapine_Tab 25mg,0402010ABAAABAB,4,0.025199999999999556
264,Y02428,Atorvastatin_Tab 80mg,0212000B0AAADAD,1,0.00210000000000006
265,Y05712,Aripiprazole_Tab 15mg,0402010ADAAABAB,1,0.0020999999999997687
266,Y05712,Atorvastatin_Tab 10mg,0212000B0AAAAAA,1,0.0039000000000000076
267,Y05712,Atorvastatin_Tab 80mg,0212000B0AAADAD,1,-0.0032999999999999696
268,Y05712,Memantine HCl_Tab 10mg,0411000G0AAAAAA,1,-0.0003999999999999976
269,Y05712,Montelukast_Tab 10mg,0303020G0AAABAB,1,-0.004299999999999998
270,Y05712,Paracet_Tab 500mg,0407010H0AAAMAM,2,0.005999999999999964
