,practice_code,bnf_description,bnf_code,items,excess_cost
0,G82020,Amiodarone HCl_Tab 200mg,0203020D0AAABAB,16,4.273500000000003
1,G82020,Clonazepam_Tab 500mcg,0408010F0AAABAB,31,17.029099999999964
2,G82020,Co-Codamol_Tab 8mg/500mg,0407010F0AAAAAA,58,25.517600000000005
3,G82020,Pyridox HCl_Tab 50mg,0906024N0AAAIAI,1,0.4788000000000001
4,G82046,Amiodarone HCl_Tab 200mg,0203020D0AAABAB,3,1.050000000000001
5,G82046,Avanafil_Tab 200mg,0704050ACAAACAC,1,2.1999999999999993
6,G82046,Clonazepam_Tab 500mcg,0408010F0AAABAB,30,19.18739999999996
7,G82046,Methocarbamol_Tab 750mg,1002020S0AAABAB,4,1.6596000000000009
8,G82046,Pyridox HCl_Tab 50mg,0906024N0AAAIAI,2,3.830400000000001
9,G82052,Amiodarone HCl_Tab 200mg,0203020D0AAABAB,5,1.7500000000000016
10,G82052,Clonazepam_Tab 500mcg,0408010F0AAABAB,32,13.175799999999972
11,G82052,Co-Codamol_Tab 8mg/500mg,0407010F0AAAAAA,10,0.05119999999999969
12,G82052,Methocarbamol_Tab 750mg,1002020S0AAABAB,2,1.2039999999999995
13,G82064,Amiodarone HCl_Tab 200mg,0203020D0AAABAB,7,2.450000000000002
14,G82064,Clonazepam_Tab 500mcg,0408010F0AAABAB,18,8.226399999999982
15,G82064,Co-Codamol_Tab 8mg/500mg,0407010F0AAAAAA,6,0.02999999999999982
16,G82064,Mesalazine_Tab E/C 800mg,0105010B0AAASAS,1,34.43999999999999
17,G82066,Amiodarone HCl_Tab 200mg,0203020D0AAABAB,9,2.9792000000000027
18,G82066,Clonazepam_Tab 500mcg,0408010F0AAABAB,26,12.972399999999972
19,G82066,Co-Codamol_Tab 8mg/500mg,0407010F0AAAAAA,4,0.01999999999999988
20,G82066,Methocarbamol_Tab 750mg,1002020S0AAABAB,4,1.8747999999999991
21,G82066,Pyridox HCl_Tab 50mg,0906024N0AAAIAI,2,1.9152000000000005
22,G82079,Amiodarone HCl_Tab 200mg,0203020D0AAABAB,8,3.3292000000000033
23,G82079,Clonazepam_Tab 500mcg,0408010F0AAABAB,20,8.683399999999981
24,G82079,Co-Codamol_Tab 8mg/500mg,0407010F0AAAAAA,6,0.0335999999999998
25,G82079,Pyridox HCl_Tab 50mg,0906024N0AAAIAI,1,0.4788000000000001
26,G82105,Amiodarone HCl_Tab 200mg,0203020D0AAABAB,19,7.179200000000006
27,G82105,Clonazepam_Tab 500mcg,0408010F0AAABAB,37,25.481499999999944
28,G82105,Co-Codamol_Tab 8mg/500mg,0407010F0AAAAAA,18,0.09079999999999944
29,G82105,Mesalazine_Tab E/C 800mg,0105010B0AAASAS,1,-17.219999999999995
30,G82105,Methocarbamol_Tab 750mg,1002020S0AAABAB,8,2.573600000000002
31,G82105,Pyridox HCl_Tab 50mg,0906024N0AAAIAI,2,2.8728000000000007
32,G82105,Ropinirole HCl_Tab 5mg,0409010H0AAADAD,1,7.744800000000005
33,G82107,Amiodarone HCl_Tab 200mg,0203020D0AAABAB,4,1.7500000000000016
34,G82107,Avanafil_Tab 200mg,0704050ACAAACAC,1,2.1999999999999993
35,G82107,Clonazepam_Tab 500mcg,0408010F0AAABAB,12,6.9833999999999845
36,G82107,Co-Codamol_Tab 8mg/500mg,0407010F0AAAAAA,4,0.01999999999999988
37,G82107,Pyridox HCl_Tab 50mg,0906024N0AAAIAI,2,1.4364000000000003
38,G82107,Salbutamol_Tab 2mg,0301011R0AAAZAZ,1,2.4023999999999965
39,G82126,Amiodarone HCl_Tab 200mg,0203020D0AAABAB,8,2.8000000000000025
40,G82126,Clonazepam_Tab 500mcg,0408010F0AAABAB,109,67.22639999999986
41,G82126,Co-Codamol_Tab 8mg/500mg,0407010F0AAAAAA,6,0.02999999999999982
42,G82150,Amiodarone HCl_Tab 200mg,0203020D0AAABAB,5,1.7500000000000016
43,G82150,Clonazepam_Tab 500mcg,0408010F0AAABAB,7,5.243199999999989
44,G82150,Methocarbamol_Tab 750mg,1002020S0AAABAB,1,0.36960000000000126
45,G82219,Amiodarone HCl_Tab 200mg,0203020D0AAABAB,1,0.3500000000000003
46,G82219,Avanafil_Tab 200mg,0704050ACAAACAC,1,2.1999999999999993
47,G82219,Clonazepam_Tab 500mcg,0408010F0AAABAB,7,4.0157999999999925
48,G82650,Amiodarone HCl_Tab 200mg,0203020D0AAABAB,3,1.050000000000001
49,G82650,Avanafil_Tab 200mg,0704050ACAAACAC,2,-2.1999999999999993
50,G82650,Clonazepam_Tab 500mcg,0408010F0AAABAB,23,12.631999999999977
51,G82650,Co-Codamol_Tab 8mg/500mg,0407010F0AAAAAA,8,0.04239999999999974
52,G82650,Pyridox HCl_Tab 50mg,0906024N0AAAIAI,1,0.9576000000000002
53,G82650,Risperidone_Tab 6mg,040201030AAAFAF,1,29.2096
54,G82666,Amiodarone HCl_Tab 200mg,0203020D0AAABAB,3,1.4000000000000012
55,G82666,Avanafil_Tab 200mg,0704050ACAAACAC,1,2.1999999999999993
56,G82666,Clonazepam_Tab 500mcg,0408010F0AAABAB,10,6.2149999999999865
57,G82666,Pyridox HCl_Tab 50mg,0906024N0AAAIAI,2,1.4364000000000003
58,G82666,Salbutamol_Tab 2mg,0301011R0AAAZAZ,2,12.812799999999982
59,G82796,Amiodarone HCl_Tab 200mg,0203020D0AAABAB,2,1.4000000000000012
60,G82796,Clonazepam_Tab 500mcg,0408010F0AAABAB,5,4.158399999999991
61,Y05309,Co-Codamol_Tab 8mg/500mg,0407010F0AAAAAA,2,0.00999999999999994
62,Y05751,Co-Codamol_Tab 8mg/500mg,0407010F0AAAAAA,2,0.00999999999999994
