,practice_code,bnf_description,bnf_code,items,excess_cost
0,H82030,Atorvastatin_Tab 20mg,0212000B0AAABAB,352,721.4592
1,H82037,Atorvastatin_Tab 20mg,0212000B0AAABAB,168,225.792
852,H82016,Hydrocort_Tab 10mg,0603020J0AAADAD,2,223.10399999999998
2,H82037,Atorvastatin_Tab 20mg,0212000B0AAABAB,160,202.94400000000002
486,H82049,Memantine HCl_Tab 20mg,0411000G0AAADAD,5,191.70200000000003
896,H82020,Aripiprazole_Tab 10mg,0402010ADAAAAAA,2,174.4624
3,H82038,Atorvastatin_Tab 20mg,0212000B0AAABAB,143,135.33520000000004
487,H82007,Memantine HCl_Tab 20mg,0411000G0AAADAD,13,127.80039999999998
417,H82037,Atorvastatin_Tab 10mg,0212000B0AAAAAA,73,116.09920000000001
853,H82030,Hydrocort_Tab 10mg,0603020J0AAADAD,2,111.55799999999999
418,H82030,Atorvastatin_Tab 10mg,0212000B0AAAAAA,165,104.412
419,H82037,Atorvastatin_Tab 10mg,0212000B0AAAAAA,73,93.00200000000001
4,H82066,Atorvastatin_Tab 20mg,0212000B0AAABAB,146,90.75360000000005
5,H82034,Atorvastatin_Tab 20mg,0212000B0AAABAB,114,90.65280000000003
6,H82046,Atorvastatin_Tab 20mg,0212000B0AAABAB,123,90.2328
897,H82034,Aripiprazole_Tab 10mg,0402010ADAAAAAA,7,87.23960000000001
812,H82055,Mesalazine_Tab E/C 400mg,0105010B0AAAAAA,3,71.87039999999999
813,H82077,Mesalazine_Tab E/C 400mg,0105010B0AAAAAA,3,68.472
7,H82066,Atorvastatin_Tab 20mg,0212000B0AAABAB,132,67.63680000000001
488,H82031,Memantine HCl_Tab 20mg,0411000G0AAADAD,8,63.91840000000001
489,H82059,Memantine HCl_Tab 20mg,0411000G0AAADAD,12,63.9072
490,H82030,Memantine HCl_Tab 20mg,0411000G0AAADAD,9,63.907199999999996
491,H82099,Memantine HCl_Tab 20mg,0411000G0AAADAD,28,63.896000000000015
492,H82032,Memantine HCl_Tab 20mg,0411000G0AAADAD,5,63.896
493,H82058,Memantine HCl_Tab 20mg,0411000G0AAADAD,23,63.884800000000006
511,H82066,Clopidogrel_Tab 75mg,0209000C0AAAAAA,4,61.87199999999999
29,H82039,Paracet_Tab 500mg,0407010H0AAAMAM,43,60.199999999999996
30,H82039,Paracet_Tab 500mg,0407010H0AAAMAM,43,60.199999999999996
512,H82058,Clopidogrel_Tab 75mg,0209000C0AAAAAA,49,58.17280000000001
816,H82095,Mesalazine_Tab E/C 400mg,0105010B0AAAAAA,2,51.33599999999999
817,H82070,Mesalazine_Tab E/C 400mg,0105010B0AAAAAA,1,51.33599999999999
814,H82021,Mesalazine_Tab E/C 400mg,0105010B0AAAAAA,1,51.33599999999999
815,H82060,Mesalazine_Tab E/C 400mg,0105010B0AAAAAA,1,51.33599999999999
884,H82099,Montelukast_Tab 10mg,0303020G0AAABAB,14,48.7648
885,H82020,Montelukast_Tab 10mg,0303020G0AAABAB,17,48.742399999999996
886,H82099,Montelukast_Tab 10mg,0303020G0AAABAB,50,48.720000000000006
887,H82038,Montelukast_Tab 10mg,0303020G0AAABAB,21,48.6864
818,H82078,Mesalazine_Tab E/C 400mg,0105010B0AAAAAA,1,47.913599999999995
819,H82045,Mesalazine_Tab E/C 400mg,0105010B0AAAAAA,2,47.913599999999995
820,H82060,Mesalazine_Tab E/C 400mg,0105010B0AAAAAA,2,47.913599999999995
821,H82043,Mesalazine_Tab E/C 400mg,0105010B0AAAAAA,1,47.913599999999995
420,H82058,Atorvastatin_Tab 10mg,0212000B0AAAAAA,66,46.5696
421,H82034,Atorvastatin_Tab 10mg,0212000B0AAAAAA,1,46.5584
422,H82046,Atorvastatin_Tab 10mg,0212000B0AAAAAA,67,46.524800000000006
423,H82039,Atorvastatin_Tab 10mg,0212000B0AAAAAA,20,46.480000000000004
32,H82032,Paracet_Tab 500mg,0407010H0AAAMAM,34,45.69600000000001
31,H82032,Paracet_Tab 500mg,0407010H0AAAMAM,34,45.69600000000001
8,H82014,Atorvastatin_Tab 20mg,0212000B0AAABAB,125,45.50000000000004
9,H82039,Atorvastatin_Tab 20mg,0212000B0AAABAB,90,45.36000000000001
10,H82042,Atorvastatin_Tab 20mg,0212000B0AAABAB,284,45.32640000000003
11,H82034,Atorvastatin_Tab 20mg,0212000B0AAABAB,260,45.13600000000003
34,H82007,Paracet_Tab 500mg,0407010H0AAAMAM,33,45.09120000000001
33,H82007,Paracet_Tab 500mg,0407010H0AAAMAM,33,45.09120000000001
513,H82030,Clopidogrel_Tab 75mg,0209000C0AAAAAA,117,43.89840000000001
424,H82042,Atorvastatin_Tab 10mg,0212000B0AAAAAA,101,34.7844
822,H82023,Mesalazine_Tab E/C 400mg,0105010B0AAAAAA,1,34.224
35,H82058,Paracet_Tab 500mg,0407010H0AAAMAM,48,33.331200000000024
36,H82058,Paracet_Tab 500mg,0407010H0AAAMAM,48,33.331200000000024
823,H82070,Mesalazine_Tab E/C 400mg,0105010B0AAAAAA,1,31.942399999999996
38,H82042,Paracet_Tab 500mg,0407010H0AAAMAM,107,27.820000000000018
37,H82042,Paracet_Tab 500mg,0407010H0AAAMAM,107,27.820000000000018
824,H82041,Mesalazine_Tab E/C 400mg,0105010B0AAAAAA,1,25.667999999999996
888,H82032,Montelukast_Tab 10mg,0303020G0AAABAB,35,24.401999999999997
889,H82016,Montelukast_Tab 10mg,0303020G0AAABAB,24,24.393600000000003
890,H82049,Montelukast_Tab 10mg,0303020G0AAABAB,8,24.3712
891,H82059,Montelukast_Tab 10mg,0303020G0AAABAB,20,24.360000000000003
12,H82030,Atorvastatin_Tab 20mg,0212000B0AAABAB,2,24.137999999999998
825,H82077,Mesalazine_Tab E/C 400mg,0105010B0AAAAAA,2,23.956799999999998
425,H82058,Atorvastatin_Tab 10mg,0212000B0AAAAAA,28,23.284800000000004
426,H82066,Atorvastatin_Tab 10mg,0212000B0AAAAAA,42,23.284799999999997
427,H82016,Atorvastatin_Tab 10mg,0212000B0AAAAAA,42,23.284799999999997
428,H82042,Atorvastatin_Tab 10mg,0212000B0AAAAAA,5,23.268
429,H82078,Atorvastatin_Tab 10mg,0212000B0AAAAAA,31,23.262400000000003
430,H82066,Atorvastatin_Tab 10mg,0212000B0AAAAAA,25,23.240000000000006
431,H82099,Atorvastatin_Tab 10mg,0212000B0AAAAAA,30,23.184
432,H82022,Atorvastatin_Tab 10mg,0212000B0AAAAAA,53,23.150400000000005
13,H82032,Atorvastatin_Tab 20mg,0212000B0AAABAB,235,23.03000000000002
14,H82060,Atorvastatin_Tab 20mg,0212000B0AAABAB,227,22.881600000000038
15,H82099,Atorvastatin_Tab 20mg,0212000B0AAABAB,87,22.654800000000005
39,H82034,Paracet_Tab 500mg,0407010H0AAAMAM,48,22.579200000000004
40,H82034,Paracet_Tab 500mg,0407010H0AAAMAM,48,22.579200000000004
16,H82016,Atorvastatin_Tab 20mg,0212000B0AAABAB,45,22.554
17,H82641,Atorvastatin_Tab 20mg,0212000B0AAABAB,44,22.545600000000004
18,H82059,Atorvastatin_Tab 20mg,0212000B0AAABAB,161,22.54000000000002
19,H82031,Atorvastatin_Tab 20mg,0212000B0AAABAB,12,22.520400000000002
20,H82039,Atorvastatin_Tab 20mg,0212000B0AAABAB,107,22.47
514,H82031,Clopidogrel_Tab 75mg,0209000C0AAAAAA,45,22.018499999999996
42,H82034,Paracet_Tab 500mg,0407010H0AAAMAM,43,21.190400000000004
41,H82034,Paracet_Tab 500mg,0407010H0AAAMAM,43,21.190400000000004
43,H82058,Paracet_Tab 500mg,0407010H0AAAMAM,121,20.57
44,H82058,Paracet_Tab 500mg,0407010H0AAAMAM,121,20.57
45,H82099,Paracet_Tab 500mg,0407010H0AAAMAM,60,20.160000000000018
46,H82099,Paracet_Tab 500mg,0407010H0AAAMAM,60,20.160000000000018
47,H82049,Paracet_Tab 500mg,0407010H0AAAMAM,13,20.020000000000007
48,H82049,Paracet_Tab 500mg,0407010H0AAAMAM,13,20.020000000000007
49,H82095,Paracet_Tab 500mg,0407010H0AAAMAM,40,20.000000000000018
50,H82095,Paracet_Tab 500mg,0407010H0AAAMAM,40,20.000000000000018
52,H82020,Paracet_Tab 500mg,0407010H0AAAMAM,27,19.98000000000001
51,H82020,Paracet_Tab 500mg,0407010H0AAAMAM,27,19.98000000000001
53,H82037,Paracet_Tab 500mg,0407010H0AAAMAM,76,19.759999999999987
54,H82037,Paracet_Tab 500mg,0407010H0AAAMAM,76,19.759999999999987
515,H82066,Clopidogrel_Tab 75mg,0209000C0AAAAAA,45,17.639999999999997
516,H82046,Clopidogrel_Tab 75mg,0209000C0AAAAAA,43,17.578399999999984
517,H82034,Clopidogrel_Tab 75mg,0209000C0AAAAAA,57,17.555999999999994
518,H82037,Clopidogrel_Tab 75mg,0209000C0AAAAAA,58,17.539199999999983
519,H82046,Clopidogrel_Tab 75mg,0209000C0AAAAAA,28,17.483199999999997
520,H82042,Clopidogrel_Tab 75mg,0209000C0AAAAAA,104,17.471999999999994
521,H82037,Clopidogrel_Tab 75mg,0209000C0AAAAAA,83,17.43
826,H82013,Mesalazine_Tab E/C 400mg,0105010B0AAAAAA,2,17.112000000000002
828,H82037,Mesalazine_Tab E/C 400mg,0105010B0AAAAAA,1,17.099999999999998
827,H82048,Mesalazine_Tab E/C 400mg,0105010B0AAAAAA,1,17.099999999999998
21,H82030,Atorvastatin_Tab 20mg,0212000B0AAABAB,49,16.9099
56,H82095,Paracet_Tab 500mg,0407010H0AAAMAM,129,16.76999999999999
55,H82095,Paracet_Tab 500mg,0407010H0AAAMAM,129,16.76999999999999
57,H82030,Paracet_Tab 500mg,0407010H0AAAMAM,69,16.56000000000002
58,H82030,Paracet_Tab 500mg,0407010H0AAAMAM,69,16.56000000000002
830,H82095,Mesalazine_Tab E/C 400mg,0105010B0AAAAAA,1,15.971199999999998
829,H82055,Mesalazine_Tab E/C 400mg,0105010B0AAAAAA,1,15.971199999999998
59,H82032,Paracet_Tab 500mg,0407010H0AAAMAM,82,15.58000000000002
60,H82032,Paracet_Tab 500mg,0407010H0AAAMAM,82,15.58000000000002
61,H82037,Paracet_Tab 500mg,0407010H0AAAMAM,169,15.210000000000026
62,H82037,Paracet_Tab 500mg,0407010H0AAAMAM,169,15.210000000000026
63,H82095,Paracet_Tab 500mg,0407010H0AAAMAM,2,15.120000000000003
64,H82095,Paracet_Tab 500mg,0407010H0AAAMAM,2,15.120000000000003
66,H82066,Paracet_Tab 500mg,0407010H0AAAMAM,212,14.839999999999984
65,H82066,Paracet_Tab 500mg,0407010H0AAAMAM,212,14.839999999999984
433,H82034,Atorvastatin_Tab 10mg,0212000B0AAAAAA,59,14.661500000000002
831,H82016,Mesalazine_Tab E/C 400mg,0105010B0AAAAAA,1,12.833999999999998
832,H82021,Mesalazine_Tab E/C 400mg,0105010B0AAAAAA,1,12.833999999999998
833,H82011,Mesalazine_Tab E/C 400mg,0105010B0AAAAAA,2,11.986800000000002
434,H82030,Atorvastatin_Tab 10mg,0212000B0AAAAAA,31,11.718
435,H82016,Atorvastatin_Tab 10mg,0212000B0AAAAAA,10,11.620000000000001
436,H82020,Atorvastatin_Tab 10mg,0212000B0AAAAAA,28,11.603200000000001
437,H82067,Atorvastatin_Tab 10mg,0212000B0AAAAAA,138,11.59200000000001
438,H82013,Atorvastatin_Tab 10mg,0212000B0AAAAAA,187,11.519200000000003
439,H82060,Atorvastatin_Tab 10mg,0212000B0AAAAAA,85,11.424000000000005
67,H82066,Paracet_Tab 500mg,0407010H0AAAMAM,30,11.424000000000001
68,H82066,Paracet_Tab 500mg,0407010H0AAAMAM,30,11.424000000000001
69,H82030,Paracet_Tab 500mg,0407010H0AAAMAM,23,11.334400000000002
70,H82030,Paracet_Tab 500mg,0407010H0AAAMAM,23,11.334400000000002
72,H82049,Paracet_Tab 500mg,0407010H0AAAMAM,12,11.289600000000007
71,H82049,Paracet_Tab 500mg,0407010H0AAAMAM,12,11.289600000000007
74,H82030,Paracet_Tab 500mg,0407010H0AAAMAM,54,11.188800000000006
73,H82030,Paracet_Tab 500mg,0407010H0AAAMAM,54,11.188800000000006
76,H82058,Paracet_Tab 500mg,0407010H0AAAMAM,21,11.172000000000002
75,H82058,Paracet_Tab 500mg,0407010H0AAAMAM,21,11.172000000000002
78,H82022,Paracet_Tab 500mg,0407010H0AAAMAM,33,11.08800000000001
77,H82022,Paracet_Tab 500mg,0407010H0AAAMAM,33,11.08800000000001
79,H82037,Paracet_Tab 500mg,0407010H0AAAMAM,45,11.088000000000003
80,H82037,Paracet_Tab 500mg,0407010H0AAAMAM,45,11.088000000000003
81,H82038,Paracet_Tab 500mg,0407010H0AAAMAM,70,10.975999999999988
82,H82038,Paracet_Tab 500mg,0407010H0AAAMAM,70,10.975999999999988
83,H82078,Paracet_Tab 500mg,0407010H0AAAMAM,54,10.886400000000018
84,H82078,Paracet_Tab 500mg,0407010H0AAAMAM,54,10.886400000000018
85,H82099,Paracet_Tab 500mg,0407010H0AAAMAM,117,10.530000000000017
86,H82099,Paracet_Tab 500mg,0407010H0AAAMAM,117,10.530000000000017
87,H82030,Paracet_Tab 500mg,0407010H0AAAMAM,27,10.260000000000012
88,H82030,Paracet_Tab 500mg,0407010H0AAAMAM,27,10.260000000000012
89,H82013,Paracet_Tab 500mg,0407010H0AAAMAM,30,10.200000000000001
90,H82013,Paracet_Tab 500mg,0407010H0AAAMAM,30,10.200000000000001
91,H82032,Paracet_Tab 500mg,0407010H0AAAMAM,4,10.08
92,H82032,Paracet_Tab 500mg,0407010H0AAAMAM,4,10.08
93,H82060,Paracet_Tab 500mg,0407010H0AAAMAM,17,9.900800000000006
94,H82060,Paracet_Tab 500mg,0407010H0AAAMAM,17,9.900800000000006
95,H82042,Paracet_Tab 500mg,0407010H0AAAMAM,26,9.880000000000013
96,H82058,Paracet_Tab 500mg,0407010H0AAAMAM,26,9.880000000000013
97,H82042,Paracet_Tab 500mg,0407010H0AAAMAM,26,9.880000000000013
98,H82058,Paracet_Tab 500mg,0407010H0AAAMAM,26,9.880000000000013
99,H82014,Paracet_Tab 500mg,0407010H0AAAMAM,70,9.800000000000013
100,H82014,Paracet_Tab 500mg,0407010H0AAAMAM,70,9.800000000000013
102,H82034,Paracet_Tab 500mg,0407010H0AAAMAM,60,9.600000000000025
101,H82034,Paracet_Tab 500mg,0407010H0AAAMAM,60,9.600000000000025
522,H82030,Clopidogrel_Tab 75mg,0209000C0AAAAAA,100,9.239999999999997
523,H82006,Clopidogrel_Tab 75mg,0209000C0AAAAAA,88,8.870399999999998
103,H82006,Paracet_Tab 500mg,0407010H0AAAMAM,21,8.820000000000006
104,H82006,Paracet_Tab 500mg,0407010H0AAAMAM,21,8.820000000000006
524,H82020,Clopidogrel_Tab 75mg,0209000C0AAAAAA,67,8.817199999999993
525,H82007,Clopidogrel_Tab 75mg,0209000C0AAAAAA,52,8.735999999999997
526,H82016,Clopidogrel_Tab 75mg,0209000C0AAAAAA,60,8.735999999999994
106,H82014,Paracet_Tab 500mg,0407010H0AAAMAM,42,8.400000000000007
105,H82014,Paracet_Tab 500mg,0407010H0AAAMAM,42,8.400000000000007
108,H82099,Paracet_Tab 500mg,0407010H0AAAMAM,1,8.2492
107,H82099,Paracet_Tab 500mg,0407010H0AAAMAM,1,8.2492
109,H82007,Paracet_Tab 500mg,0407010H0AAAMAM,174,6.960000000000019
110,H82007,Paracet_Tab 500mg,0407010H0AAAMAM,174,6.960000000000019
892,H82020,Montelukast_Tab 10mg,0303020G0AAABAB,3,6.100499999999999
569,H82020,Clonazepam_Tab 500mcg,0408010F0AAABAB,1,5.980799999999994
570,H82066,Clonazepam_Tab 500mcg,0408010F0AAABAB,3,5.695199999999988
571,H82011,Clonazepam_Tab 500mcg,0408010F0AAABAB,5,5.649999999999988
111,H82037,Paracet_Tab 500mg,0407010H0AAAMAM,8,5.6448
113,H82038,Paracet_Tab 500mg,0407010H0AAAMAM,8,5.6448
112,H82038,Paracet_Tab 500mg,0407010H0AAAMAM,8,5.6448
114,H82037,Paracet_Tab 500mg,0407010H0AAAMAM,8,5.6448
115,H82049,Paracet_Tab 500mg,0407010H0AAAMAM,78,5.459999999999994
116,H82049,Paracet_Tab 500mg,0407010H0AAAMAM,78,5.459999999999994
117,H82011,Paracet_Tab 500mg,0407010H0AAAMAM,67,5.360000000000014
118,H82011,Paracet_Tab 500mg,0407010H0AAAMAM,67,5.360000000000014
120,H82034,Paracet_Tab 500mg,0407010H0AAAMAM,262,5.240000000000059
119,H82034,Paracet_Tab 500mg,0407010H0AAAMAM,262,5.240000000000059
122,H82020,Paracet_Tab 500mg,0407010H0AAAMAM,85,5.099999999999999
121,H82020,Paracet_Tab 500mg,0407010H0AAAMAM,85,5.099999999999999
573,H82045,Clonazepam_Tab 500mcg,0408010F0AAABAB,2,5.06239999999999
572,H82041,Clonazepam_Tab 500mcg,0408010F0AAABAB,8,5.06239999999999
574,H82059,Clonazepam_Tab 500mcg,0408010F0AAABAB,5,4.74599999999999
854,H82030,Hydrocort_Tab 10mg,0603020J0AAADAD,6,4.644000000000008
856,H82037,Hydrocort_Tab 10mg,0603020J0AAADAD,2,4.631999999999996
855,H82034,Hydrocort_Tab 10mg,0603020J0AAADAD,1,4.631999999999996
123,H82060,Paracet_Tab 500mg,0407010H0AAAMAM,8,4.560000000000006
124,H82060,Paracet_Tab 500mg,0407010H0AAAMAM,8,4.560000000000006
575,H82014,Clonazepam_Tab 500mcg,0408010F0AAABAB,2,4.519999999999991
576,H82045,Clonazepam_Tab 500mcg,0408010F0AAABAB,7,4.429599999999991
125,H82032,Paracet_Tab 500mg,0407010H0AAAMAM,1,4.2336
126,H82032,Paracet_Tab 500mg,0407010H0AAAMAM,1,4.2336
577,H82030,Clonazepam_Tab 500mcg,0408010F0AAABAB,13,4.113199999999992
578,H82058,Clonazepam_Tab 500mcg,0408010F0AAABAB,8,3.8975999999999935
579,H82066,Clonazepam_Tab 500mcg,0408010F0AAABAB,7,3.8023999999999947
580,H82041,Clonazepam_Tab 500mcg,0408010F0AAABAB,2,3.796799999999992
581,H82016,Clonazepam_Tab 500mcg,0408010F0AAABAB,2,3.796799999999992
582,H82065,Clonazepam_Tab 500mcg,0408010F0AAABAB,4,3.796799999999992
583,H82066,Clonazepam_Tab 500mcg,0408010F0AAABAB,9,3.527999999999989
585,H82029,Clonazepam_Tab 500mcg,0408010F0AAABAB,11,3.480399999999993
584,H82023,Clonazepam_Tab 500mcg,0408010F0AAABAB,11,3.480399999999993
586,H82007,Clonazepam_Tab 500mcg,0408010F0AAABAB,1,3.389999999999993
129,H82020,Paracet_Tab 500mg,0407010H0AAAMAM,3,3.2256000000000005
127,H82042,Paracet_Tab 500mg,0407010H0AAAMAM,4,3.2256000000000005
130,H82020,Paracet_Tab 500mg,0407010H0AAAMAM,3,3.2256000000000005
128,H82042,Paracet_Tab 500mg,0407010H0AAAMAM,4,3.2256000000000005
587,H82059,Clonazepam_Tab 500mcg,0408010F0AAABAB,8,3.2031999999999954
593,H82049,Clonazepam_Tab 500mcg,0408010F0AAABAB,5,3.1639999999999935
588,H82060,Clonazepam_Tab 500mcg,0408010F0AAABAB,5,3.1639999999999935
589,H82048,Clonazepam_Tab 500mcg,0408010F0AAABAB,5,3.1639999999999935
590,H82043,Clonazepam_Tab 500mcg,0408010F0AAABAB,5,3.1639999999999935
591,H82077,Clonazepam_Tab 500mcg,0408010F0AAABAB,5,3.1639999999999935
592,H82070,Clonazepam_Tab 500mcg,0408010F0AAABAB,5,3.1639999999999935
594,H82032,Clonazepam_Tab 500mcg,0408010F0AAABAB,1,3.1639999999999935
131,H82059,Paracet_Tab 500mg,0407010H0AAAMAM,1,2.9568
132,H82059,Paracet_Tab 500mg,0407010H0AAAMAM,1,2.9568
134,H82066,Paracet_Tab 500mg,0407010H0AAAMAM,36,2.8800000000000074
133,H82066,Paracet_Tab 500mg,0407010H0AAAMAM,36,2.8800000000000074
597,H82045,Clonazepam_Tab 500mcg,0408010F0AAABAB,9,2.847599999999994
596,H82007,Clonazepam_Tab 500mcg,0408010F0AAABAB,3,2.847599999999994
595,H82045,Clonazepam_Tab 500mcg,0408010F0AAABAB,4,2.847599999999994
598,H82009,Clonazepam_Tab 500mcg,0408010F0AAABAB,3,2.847599999999994
135,H82011,Paracet_Tab 500mg,0407010H0AAAMAM,28,2.822399999999999
136,H82011,Paracet_Tab 500mg,0407010H0AAAMAM,28,2.822399999999999
599,H82011,Clonazepam_Tab 500mcg,0408010F0AAABAB,2,2.7119999999999944
600,H82037,Clonazepam_Tab 500mcg,0408010F0AAABAB,6,2.5535999999999985
601,H82023,Clonazepam_Tab 500mcg,0408010F0AAABAB,4,2.531199999999995
612,H82066,Clonazepam_Tab 500mcg,0408010F0AAABAB,2,2.531199999999995
614,H82015,Clonazepam_Tab 500mcg,0408010F0AAABAB,4,2.531199999999995
603,H82029,Clonazepam_Tab 500mcg,0408010F0AAABAB,1,2.531199999999995
604,H82009,Clonazepam_Tab 500mcg,0408010F0AAABAB,2,2.531199999999995
605,H82045,Clonazepam_Tab 500mcg,0408010F0AAABAB,2,2.531199999999995
606,H82006,Clonazepam_Tab 500mcg,0408010F0AAABAB,2,2.531199999999995
607,H82021,Clonazepam_Tab 500mcg,0408010F0AAABAB,2,2.531199999999995
608,H82007,Clonazepam_Tab 500mcg,0408010F0AAABAB,4,2.531199999999995
609,H82034,Clonazepam_Tab 500mcg,0408010F0AAABAB,8,2.531199999999995
610,H82013,Clonazepam_Tab 500mcg,0408010F0AAABAB,16,2.531199999999995
611,H82059,Clonazepam_Tab 500mcg,0408010F0AAABAB,1,2.531199999999995
602,H82059,Clonazepam_Tab 500mcg,0408010F0AAABAB,4,2.531199999999995
613,H82043,Clonazepam_Tab 500mcg,0408010F0AAABAB,2,2.531199999999995
615,H82045,Clonazepam_Tab 500mcg,0408010F0AAABAB,5,2.372999999999995
857,H82049,Hydrocort_Tab 10mg,0603020J0AAADAD,1,2.315999999999998
616,H82007,Clonazepam_Tab 500mcg,0408010F0AAABAB,2,2.2599999999999953
617,H82029,Clonazepam_Tab 500mcg,0408010F0AAABAB,1,2.2599999999999953
618,H82013,Clonazepam_Tab 500mcg,0408010F0AAABAB,2,2.2599999999999953
619,H82022,Clonazepam_Tab 500mcg,0408010F0AAABAB,2,2.2599999999999953
620,H82060,Clonazepam_Tab 500mcg,0408010F0AAABAB,2,2.2599999999999953
621,H82055,Clonazepam_Tab 500mcg,0408010F0AAABAB,1,2.2599999999999953
622,H82043,Clonazepam_Tab 500mcg,0408010F0AAABAB,7,2.2147999999999954
858,H82037,Hydrocort_Tab 10mg,0603020J0AAADAD,3,2.167200000000004
624,H82032,Clonazepam_Tab 500mcg,0408010F0AAABAB,1,2.033999999999996
623,H82037,Clonazepam_Tab 500mcg,0408010F0AAABAB,2,2.033999999999996
893,H82046,Montelukast_Tab 10mg,0303020G0AAABAB,10,2.0159999999999996
625,H82051,Clonazepam_Tab 500mcg,0408010F0AAABAB,4,1.9935999999999918
626,H82096,Clonazepam_Tab 500mcg,0408010F0AAABAB,5,1.977499999999996
634,H82014,Clonazepam_Tab 500mcg,0408010F0AAABAB,3,1.898399999999996
639,H82076,Clonazepam_Tab 500mcg,0408010F0AAABAB,2,1.898399999999996
649,H82042,Clonazepam_Tab 500mcg,0408010F0AAABAB,4,1.898399999999996
647,H82022,Clonazepam_Tab 500mcg,0408010F0AAABAB,2,1.898399999999996
646,H82011,Clonazepam_Tab 500mcg,0408010F0AAABAB,3,1.898399999999996
645,H82048,Clonazepam_Tab 500mcg,0408010F0AAABAB,2,1.898399999999996
644,H82007,Clonazepam_Tab 500mcg,0408010F0AAABAB,1,1.898399999999996
643,H82020,Clonazepam_Tab 500mcg,0408010F0AAABAB,3,1.898399999999996
642,H82039,Clonazepam_Tab 500mcg,0408010F0AAABAB,1,1.898399999999996
641,H82045,Clonazepam_Tab 500mcg,0408010F0AAABAB,12,1.898399999999996
640,H82032,Clonazepam_Tab 500mcg,0408010F0AAABAB,1,1.898399999999996
638,H82030,Clonazepam_Tab 500mcg,0408010F0AAABAB,1,1.898399999999996
637,H82065,Clonazepam_Tab 500mcg,0408010F0AAABAB,4,1.898399999999996
636,H82099,Clonazepam_Tab 500mcg,0408010F0AAABAB,2,1.898399999999996
635,H82011,Clonazepam_Tab 500mcg,0408010F0AAABAB,1,1.898399999999996
633,H82011,Clonazepam_Tab 500mcg,0408010F0AAABAB,6,1.898399999999996
632,H82037,Clonazepam_Tab 500mcg,0408010F0AAABAB,2,1.898399999999996
631,H82060,Clonazepam_Tab 500mcg,0408010F0AAABAB,2,1.898399999999996
630,H82021,Clonazepam_Tab 500mcg,0408010F0AAABAB,3,1.898399999999996
629,H82055,Clonazepam_Tab 500mcg,0408010F0AAABAB,6,1.898399999999996
628,H82043,Clonazepam_Tab 500mcg,0408010F0AAABAB,2,1.898399999999996
627,H82009,Clonazepam_Tab 500mcg,0408010F0AAABAB,6,1.898399999999996
648,H82039,Clonazepam_Tab 500mcg,0408010F0AAABAB,6,1.898399999999996
650,H82091,Clonazepam_Tab 500mcg,0408010F0AAABAB,1,1.6949999999999965
138,H82013,Paracet_Tab 500mg,0407010H0AAAMAM,1,1.6096
137,H82013,Paracet_Tab 500mg,0407010H0AAAMAM,1,1.6096
651,H82030,Clonazepam_Tab 500mcg,0408010F0AAABAB,10,1.5819999999999967
653,H82048,Clonazepam_Tab 500mcg,0408010F0AAABAB,5,1.5819999999999967
654,H82023,Clonazepam_Tab 500mcg,0408010F0AAABAB,1,1.5819999999999967
655,H82042,Clonazepam_Tab 500mcg,0408010F0AAABAB,5,1.5819999999999967
656,H82099,Clonazepam_Tab 500mcg,0408010F0AAABAB,1,1.5819999999999967
652,H82066,Clonazepam_Tab 500mcg,0408010F0AAABAB,1,1.5819999999999967
657,H82030,Clonazepam_Tab 500mcg,0408010F0AAABAB,3,1.423799999999997
661,H82022,Clonazepam_Tab 500mcg,0408010F0AAABAB,1,1.3559999999999972
658,H82055,Clonazepam_Tab 500mcg,0408010F0AAABAB,2,1.3559999999999972
659,H82030,Clonazepam_Tab 500mcg,0408010F0AAABAB,2,1.3559999999999972
660,H82006,Clonazepam_Tab 500mcg,0408010F0AAABAB,2,1.3559999999999972
140,H82042,Paracet_Tab 500mg,0407010H0AAAMAM,20,1.3440000000000074
139,H82042,Paracet_Tab 500mg,0407010H0AAAMAM,20,1.3440000000000074
142,H82013,Paracet_Tab 500mg,0407010H0AAAMAM,128,1.2799999999999923
141,H82013,Paracet_Tab 500mg,0407010H0AAAMAM,128,1.2799999999999923
685,H82041,Clonazepam_Tab 500mcg,0408010F0AAABAB,1,1.2655999999999974
684,H82061,Clonazepam_Tab 500mcg,0408010F0AAABAB,2,1.2655999999999974
678,H82020,Clonazepam_Tab 500mcg,0408010F0AAABAB,8,1.2655999999999974
669,H82016,Clonazepam_Tab 500mcg,0408010F0AAABAB,4,1.2655999999999974
668,H82091,Clonazepam_Tab 500mcg,0408010F0AAABAB,2,1.2655999999999974
671,H82095,Clonazepam_Tab 500mcg,0408010F0AAABAB,4,1.2655999999999974
672,H82029,Clonazepam_Tab 500mcg,0408010F0AAABAB,1,1.2655999999999974
673,H82049,Clonazepam_Tab 500mcg,0408010F0AAABAB,1,1.2655999999999974
674,H82016,Clonazepam_Tab 500mcg,0408010F0AAABAB,2,1.2655999999999974
675,H82037,Clonazepam_Tab 500mcg,0408010F0AAABAB,1,1.2655999999999974
670,H82078,Clonazepam_Tab 500mcg,0408010F0AAABAB,2,1.2655999999999974
665,H82051,Clonazepam_Tab 500mcg,0408010F0AAABAB,4,1.2655999999999974
667,H82065,Clonazepam_Tab 500mcg,0408010F0AAABAB,1,1.2655999999999974
666,H82013,Clonazepam_Tab 500mcg,0408010F0AAABAB,2,1.2655999999999974
679,H82083,Clonazepam_Tab 500mcg,0408010F0AAABAB,1,1.2655999999999974
664,H82011,Clonazepam_Tab 500mcg,0408010F0AAABAB,1,1.2655999999999974
663,H82042,Clonazepam_Tab 500mcg,0408010F0AAABAB,1,1.2655999999999974
662,H82059,Clonazepam_Tab 500mcg,0408010F0AAABAB,1,1.2655999999999974
690,H82046,Clonazepam_Tab 500mcg,0408010F0AAABAB,1,1.2655999999999974
689,H82013,Clonazepam_Tab 500mcg,0408010F0AAABAB,4,1.2655999999999974
688,H82058,Clonazepam_Tab 500mcg,0408010F0AAABAB,1,1.2655999999999974
683,H82007,Clonazepam_Tab 500mcg,0408010F0AAABAB,4,1.2655999999999974
682,H82016,Clonazepam_Tab 500mcg,0408010F0AAABAB,1,1.2655999999999974
681,H82039,Clonazepam_Tab 500mcg,0408010F0AAABAB,2,1.2655999999999974
680,H82034,Clonazepam_Tab 500mcg,0408010F0AAABAB,2,1.2655999999999974
686,H82042,Clonazepam_Tab 500mcg,0408010F0AAABAB,2,1.2655999999999974
687,H82032,Clonazepam_Tab 500mcg,0408010F0AAABAB,4,1.2655999999999974
676,H82030,Clonazepam_Tab 500mcg,0408010F0AAABAB,2,1.2655999999999974
677,H82045,Clonazepam_Tab 500mcg,0408010F0AAABAB,16,1.2655999999999974
691,H82041,Clonazepam_Tab 500mcg,0408010F0AAABAB,5,1.1864999999999974
143,H82059,Paracet_Tab 500mg,0407010H0AAAMAM,117,1.1699999999999928
144,H82059,Paracet_Tab 500mg,0407010H0AAAMAM,117,1.1699999999999928
698,H82014,Clonazepam_Tab 500mcg,0408010F0AAABAB,1,1.1299999999999977
692,H82067,Clonazepam_Tab 500mcg,0408010F0AAABAB,1,1.1299999999999977
693,H82095,Clonazepam_Tab 500mcg,0408010F0AAABAB,1,1.1299999999999977
694,H82066,Clonazepam_Tab 500mcg,0408010F0AAABAB,1,1.1299999999999977
696,H82029,Clonazepam_Tab 500mcg,0408010F0AAABAB,1,1.1299999999999977
697,H82016,Clonazepam_Tab 500mcg,0408010F0AAABAB,1,1.1299999999999977
695,H82038,Clonazepam_Tab 500mcg,0408010F0AAABAB,1,1.1299999999999977
699,H82058,Clonazepam_Tab 500mcg,0408010F0AAABAB,1,1.1299999999999977
701,H82065,Clonazepam_Tab 500mcg,0408010F0AAABAB,1,1.1299999999999977
702,H82015,Clonazepam_Tab 500mcg,0408010F0AAABAB,1,1.1299999999999977
703,H82039,Clonazepam_Tab 500mcg,0408010F0AAABAB,1,1.1299999999999977
700,H82034,Clonazepam_Tab 500mcg,0408010F0AAABAB,1,1.1299999999999977
704,H82032,Clonazepam_Tab 500mcg,0408010F0AAABAB,1,1.016999999999998
705,H82013,Clonazepam_Tab 500mcg,0408010F0AAABAB,3,1.016999999999998
706,H82034,Clonazepam_Tab 500mcg,0408010F0AAABAB,1,1.016999999999998
894,H82038,Montelukast_Tab 10mg,0303020G0AAABAB,16,0.9856000000000003
895,H82013,Montelukast_Tab 10mg,0303020G0AAABAB,25,0.9799999999999989
722,H82087,Clonazepam_Tab 500mcg,0408010F0AAABAB,3,0.949199999999998
716,H82022,Clonazepam_Tab 500mcg,0408010F0AAABAB,3,0.949199999999998
723,H82014,Clonazepam_Tab 500mcg,0408010F0AAABAB,3,0.949199999999998
721,H82023,Clonazepam_Tab 500mcg,0408010F0AAABAB,1,0.949199999999998
720,H82046,Clonazepam_Tab 500mcg,0408010F0AAABAB,3,0.949199999999998
719,H82058,Clonazepam_Tab 500mcg,0408010F0AAABAB,4,0.949199999999998
718,H82066,Clonazepam_Tab 500mcg,0408010F0AAABAB,1,0.949199999999998
717,H82021,Clonazepam_Tab 500mcg,0408010F0AAABAB,1,0.949199999999998
725,H82055,Clonazepam_Tab 500mcg,0408010F0AAABAB,1,0.949199999999998
715,H82058,Clonazepam_Tab 500mcg,0408010F0AAABAB,6,0.949199999999998
714,H82065,Clonazepam_Tab 500mcg,0408010F0AAABAB,3,0.949199999999998
713,H82061,Clonazepam_Tab 500mcg,0408010F0AAABAB,3,0.949199999999998
712,H82078,Clonazepam_Tab 500mcg,0408010F0AAABAB,3,0.949199999999998
711,H82013,Clonazepam_Tab 500mcg,0408010F0AAABAB,4,0.949199999999998
710,H82020,Clonazepam_Tab 500mcg,0408010F0AAABAB,1,0.949199999999998
709,H82034,Clonazepam_Tab 500mcg,0408010F0AAABAB,1,0.949199999999998
707,H82070,Clonazepam_Tab 500mcg,0408010F0AAABAB,1,0.949199999999998
724,H82029,Clonazepam_Tab 500mcg,0408010F0AAABAB,6,0.949199999999998
708,H82078,Clonazepam_Tab 500mcg,0408010F0AAABAB,1,0.949199999999998
527,H82045,Clopidogrel_Tab 75mg,0209000C0AAAAAA,184,0.9015999999999991
726,H82038,Clonazepam_Tab 500mcg,0408010F0AAABAB,1,0.7909999999999984
727,H82066,Clonazepam_Tab 500mcg,0408010F0AAABAB,6,0.789599999999997
729,H82029,Clonazepam_Tab 500mcg,0408010F0AAABAB,1,0.6779999999999986
733,H82045,Clonazepam_Tab 500mcg,0408010F0AAABAB,2,0.6779999999999986
728,H82067,Clonazepam_Tab 500mcg,0408010F0AAABAB,1,0.6779999999999986
730,H82061,Clonazepam_Tab 500mcg,0408010F0AAABAB,1,0.6779999999999986
731,H82099,Clonazepam_Tab 500mcg,0408010F0AAABAB,1,0.6779999999999986
732,H82014,Clonazepam_Tab 500mcg,0408010F0AAABAB,1,0.6779999999999986
734,H82042,Clonazepam_Tab 500mcg,0408010F0AAABAB,2,0.6779999999999986
735,H82030,Clonazepam_Tab 500mcg,0408010F0AAABAB,2,0.6779999999999986
736,H82078,Clonazepam_Tab 500mcg,0408010F0AAABAB,1,0.6779999999999986
737,H82034,Clonazepam_Tab 500mcg,0408010F0AAABAB,1,0.6779999999999986
528,H82059,Clopidogrel_Tab 75mg,0209000C0AAAAAA,136,0.6663999999999992
529,H82042,Clopidogrel_Tab 75mg,0209000C0AAAAAA,131,0.6418999999999992
755,H82641,Clonazepam_Tab 500mcg,0408010F0AAABAB,8,0.6327999999999987
753,H82009,Clonazepam_Tab 500mcg,0408010F0AAABAB,1,0.6327999999999987
752,H82022,Clonazepam_Tab 500mcg,0408010F0AAABAB,1,0.6327999999999987
754,H82077,Clonazepam_Tab 500mcg,0408010F0AAABAB,2,0.6327999999999987
741,H82038,Clonazepam_Tab 500mcg,0408010F0AAABAB,1,0.6327999999999987
756,H82058,Clonazepam_Tab 500mcg,0408010F0AAABAB,1,0.6327999999999987
750,H82067,Clonazepam_Tab 500mcg,0408010F0AAABAB,1,0.6327999999999987
740,H82083,Clonazepam_Tab 500mcg,0408010F0AAABAB,2,0.6327999999999987
751,H82055,Clonazepam_Tab 500mcg,0408010F0AAABAB,1,0.6327999999999987
745,H82013,Clonazepam_Tab 500mcg,0408010F0AAABAB,8,0.6327999999999987
749,H82046,Clonazepam_Tab 500mcg,0408010F0AAABAB,1,0.6327999999999987
748,H82029,Clonazepam_Tab 500mcg,0408010F0AAABAB,1,0.6327999999999987
747,H82037,Clonazepam_Tab 500mcg,0408010F0AAABAB,2,0.6327999999999987
746,H82006,Clonazepam_Tab 500mcg,0408010F0AAABAB,2,0.6327999999999987
744,H82077,Clonazepam_Tab 500mcg,0408010F0AAABAB,4,0.6327999999999987
743,H82049,Clonazepam_Tab 500mcg,0408010F0AAABAB,2,0.6327999999999987
742,H82021,Clonazepam_Tab 500mcg,0408010F0AAABAB,2,0.6327999999999987
738,H82032,Clonazepam_Tab 500mcg,0408010F0AAABAB,1,0.6327999999999987
739,H82099,Clonazepam_Tab 500mcg,0408010F0AAABAB,1,0.6327999999999987
146,H82016,Paracet_Tab 500mg,0407010H0AAAMAM,28,0.6271999999999962
145,H82016,Paracet_Tab 500mg,0407010H0AAAMAM,28,0.6271999999999962
530,H82034,Clopidogrel_Tab 75mg,0209000C0AAAAAA,126,0.6173999999999993
759,H82046,Clonazepam_Tab 500mcg,0408010F0AAABAB,1,0.5699999999999983
757,H82066,Clonazepam_Tab 500mcg,0408010F0AAABAB,1,0.5699999999999983
758,H82023,Clonazepam_Tab 500mcg,0408010F0AAABAB,1,0.5699999999999983
760,H82034,Clonazepam_Tab 500mcg,0408010F0AAABAB,7,0.5536999999999989
761,H82059,Clonazepam_Tab 500mcg,0408010F0AAABAB,1,0.5129999999999985
764,H82046,Clonazepam_Tab 500mcg,0408010F0AAABAB,1,0.474599999999999
763,H82051,Clonazepam_Tab 500mcg,0408010F0AAABAB,1,0.474599999999999
762,H82641,Clonazepam_Tab 500mcg,0408010F0AAABAB,1,0.474599999999999
767,H82009,Clonazepam_Tab 500mcg,0408010F0AAABAB,1,0.45199999999999907
766,H82030,Clonazepam_Tab 500mcg,0408010F0AAABAB,1,0.45199999999999907
765,H82011,Clonazepam_Tab 500mcg,0408010F0AAABAB,1,0.45199999999999907
772,H82067,Clonazepam_Tab 500mcg,0408010F0AAABAB,1,0.3389999999999993
769,H82021,Clonazepam_Tab 500mcg,0408010F0AAABAB,1,0.3389999999999993
768,H82055,Clonazepam_Tab 500mcg,0408010F0AAABAB,1,0.3389999999999993
771,H82060,Clonazepam_Tab 500mcg,0408010F0AAABAB,1,0.3389999999999993
773,H82051,Clonazepam_Tab 500mcg,0408010F0AAABAB,1,0.3389999999999993
774,H82034,Clonazepam_Tab 500mcg,0408010F0AAABAB,1,0.3389999999999993
770,H82641,Clonazepam_Tab 500mcg,0408010F0AAABAB,1,0.3389999999999993
531,H82055,Clopidogrel_Tab 75mg,0209000C0AAAAAA,69,0.3380999999999996
532,H82060,Clopidogrel_Tab 75mg,0209000C0AAAAAA,66,0.32339999999999963
779,H82042,Clonazepam_Tab 500mcg,0408010F0AAABAB,4,0.31639999999999935
778,H82041,Clonazepam_Tab 500mcg,0408010F0AAABAB,1,0.31639999999999935
777,H82077,Clonazepam_Tab 500mcg,0408010F0AAABAB,4,0.31639999999999935
775,H82048,Clonazepam_Tab 500mcg,0408010F0AAABAB,2,0.31639999999999935
776,H82031,Clonazepam_Tab 500mcg,0408010F0AAABAB,1,0.31639999999999935
781,H82070,Clonazepam_Tab 500mcg,0408010F0AAABAB,1,0.31639999999999935
780,H82076,Clonazepam_Tab 500mcg,0408010F0AAABAB,1,0.31639999999999935
785,H82099,Clonazepam_Tab 500mcg,0408010F0AAABAB,1,0.31639999999999935
784,H82038,Clonazepam_Tab 500mcg,0408010F0AAABAB,1,0.31639999999999935
783,H82015,Clonazepam_Tab 500mcg,0408010F0AAABAB,1,0.31639999999999935
782,H82023,Clonazepam_Tab 500mcg,0408010F0AAABAB,2,0.31639999999999935
533,H82051,Clopidogrel_Tab 75mg,0209000C0AAAAAA,58,0.2841999999999997
534,H82011,Clopidogrel_Tab 75mg,0209000C0AAAAAA,56,0.2743999999999997
786,H82051,Clonazepam_Tab 500mcg,0408010F0AAABAB,2,0.2735999999999992
535,H82058,Clopidogrel_Tab 75mg,0209000C0AAAAAA,55,0.2694999999999997
788,H82051,Clonazepam_Tab 500mcg,0408010F0AAABAB,1,0.2372999999999995
787,H82041,Clonazepam_Tab 500mcg,0408010F0AAABAB,3,0.2372999999999995
789,H82045,Clonazepam_Tab 500mcg,0408010F0AAABAB,5,0.21199999999999997
536,H82041,Clopidogrel_Tab 75mg,0209000C0AAAAAA,42,0.20579999999999976
537,H82077,Clopidogrel_Tab 75mg,0209000C0AAAAAA,40,0.19599999999999979
538,H82029,Clopidogrel_Tab 75mg,0209000C0AAAAAA,39,0.1910999999999998
541,H82014,Clopidogrel_Tab 75mg,0209000C0AAAAAA,38,0.1861999999999998
540,H82013,Clopidogrel_Tab 75mg,0209000C0AAAAAA,38,0.1861999999999998
539,H82061,Clopidogrel_Tab 75mg,0209000C0AAAAAA,38,0.1861999999999998
542,H82099,Clopidogrel_Tab 75mg,0209000C0AAAAAA,2,0.18479999999999946
790,H82007,Clonazepam_Tab 500mcg,0408010F0AAABAB,1,0.174
791,H82059,Clonazepam_Tab 500mcg,0408010F0AAABAB,4,0.16959999999999997
543,H82009,Clopidogrel_Tab 75mg,0209000C0AAAAAA,34,0.1665999999999998
798,H82042,Clonazepam_Tab 500mcg,0408010F0AAABAB,1,0.15819999999999967
800,H82067,Clonazepam_Tab 500mcg,0408010F0AAABAB,1,0.15819999999999967
799,H82055,Clonazepam_Tab 500mcg,0408010F0AAABAB,1,0.15819999999999967
794,H82037,Clonazepam_Tab 500mcg,0408010F0AAABAB,1,0.15819999999999967
797,H82043,Clonazepam_Tab 500mcg,0408010F0AAABAB,1,0.15819999999999967
796,H82091,Clonazepam_Tab 500mcg,0408010F0AAABAB,1,0.15819999999999967
795,H82099,Clonazepam_Tab 500mcg,0408010F0AAABAB,1,0.15819999999999967
802,H82046,Clonazepam_Tab 500mcg,0408010F0AAABAB,1,0.15819999999999967
793,H82009,Clonazepam_Tab 500mcg,0408010F0AAABAB,1,0.15819999999999967
801,H82041,Clonazepam_Tab 500mcg,0408010F0AAABAB,1,0.15819999999999967
792,H82059,Clonazepam_Tab 500mcg,0408010F0AAABAB,1,0.15819999999999967
544,H82046,Clopidogrel_Tab 75mg,0209000C0AAAAAA,31,0.15189999999999984
545,H82083,Clopidogrel_Tab 75mg,0209000C0AAAAAA,29,0.14209999999999984
803,H82032,Clonazepam_Tab 500mcg,0408010F0AAABAB,1,0.1367999999999996
440,H82045,Atorvastatin_Tab 10mg,0212000B0AAAAAA,60,0.1260000000000007
804,H82058,Clonazepam_Tab 500mcg,0408010F0AAABAB,1,0.11599999999999999
147,H82059,Paracet_Tab 500mg,0407010H0AAAMAM,19,0.11399999999999931
148,H82059,Paracet_Tab 500mg,0407010H0AAAMAM,19,0.11399999999999931
546,H82049,Clopidogrel_Tab 75mg,0209000C0AAAAAA,22,0.10779999999999988
547,H82066,Clopidogrel_Tab 75mg,0209000C0AAAAAA,20,0.09799999999999989
805,H82016,Clonazepam_Tab 500mcg,0408010F0AAABAB,1,0.09439999999999982
441,H82059,Atorvastatin_Tab 10mg,0212000B0AAAAAA,42,0.08820000000000049
548,H82067,Clopidogrel_Tab 75mg,0209000C0AAAAAA,18,0.0881999999999999
806,H82042,Clonazepam_Tab 500mcg,0408010F0AAABAB,2,0.08479999999999999
494,H82042,Memantine HCl_Tab 20mg,0411000G0AAADAD,17,0.0832999999999999
149,H82042,Paracet_Tab 500mg,0407010H0AAAMAM,1,0.07919999999999998
150,H82042,Paracet_Tab 500mg,0407010H0AAAMAM,1,0.07919999999999998
808,H82038,Clonazepam_Tab 500mcg,0408010F0AAABAB,1,0.07909999999999984
809,H82059,Clonazepam_Tab 500mcg,0408010F0AAABAB,1,0.07909999999999984
807,H82049,Clonazepam_Tab 500mcg,0408010F0AAABAB,1,0.07909999999999984
495,H82030,Memantine HCl_Tab 20mg,0411000G0AAADAD,16,0.07839999999999991
496,H82060,Memantine HCl_Tab 20mg,0411000G0AAADAD,15,0.07349999999999993
442,H82042,Atorvastatin_Tab 10mg,0212000B0AAAAAA,34,0.0714000000000004
152,H82042,Paracet_Tab 500mg,0407010H0AAAMAM,17,0.07139999999999957
151,H82042,Paracet_Tab 500mg,0407010H0AAAMAM,17,0.07139999999999957
443,H82013,Atorvastatin_Tab 10mg,0212000B0AAAAAA,32,0.06720000000000037
444,H82058,Atorvastatin_Tab 10mg,0212000B0AAAAAA,31,0.06510000000000035
498,H82051,Memantine HCl_Tab 20mg,0411000G0AAADAD,13,0.06369999999999992
497,H82013,Memantine HCl_Tab 20mg,0411000G0AAADAD,13,0.06369999999999992
499,H82045,Memantine HCl_Tab 20mg,0411000G0AAADAD,12,0.058799999999999936
549,H82020,Clopidogrel_Tab 75mg,0209000C0AAAAAA,12,0.058799999999999936
153,H82077,Paracet_Tab 500mg,0407010H0AAAMAM,20,0.05599999999999966
154,H82077,Paracet_Tab 500mg,0407010H0AAAMAM,20,0.05599999999999966
445,H82083,Atorvastatin_Tab 10mg,0212000B0AAAAAA,25,0.05250000000000029
899,H82045,Aripiprazole_Tab 10mg,0402010ADAAAAAA,9,0.050400000000001444
898,H82041,Aripiprazole_Tab 10mg,0402010ADAAAAAA,9,0.050400000000001444
447,H82641,Atorvastatin_Tab 10mg,0212000B0AAAAAA,24,0.05040000000000028
448,H82060,Atorvastatin_Tab 10mg,0212000B0AAAAAA,24,0.05040000000000028
446,H82029,Atorvastatin_Tab 10mg,0212000B0AAAAAA,24,0.05040000000000028
449,H82061,Atorvastatin_Tab 10mg,0212000B0AAAAAA,23,0.048300000000000266
155,H82042,Paracet_Tab 500mg,0407010H0AAAMAM,17,0.04759999999999971
156,H82042,Paracet_Tab 500mg,0407010H0AAAMAM,17,0.04759999999999971
450,H82022,Atorvastatin_Tab 10mg,0212000B0AAAAAA,11,0.046200000000000255
900,H82009,Aripiprazole_Tab 10mg,0402010ADAAAAAA,8,0.04480000000000128
451,H82009,Atorvastatin_Tab 10mg,0212000B0AAAAAA,21,0.04410000000000024
810,H82014,Clonazepam_Tab 500mcg,0408010F0AAABAB,1,0.04239999999999999
453,H82051,Atorvastatin_Tab 10mg,0212000B0AAAAAA,20,0.04200000000000023
452,H82014,Atorvastatin_Tab 10mg,0212000B0AAAAAA,20,0.04200000000000023
160,H82009,Paracet_Tab 500mg,0407010H0AAAMAM,10,0.041999999999999746
161,H82042,Paracet_Tab 500mg,0407010H0AAAMAM,7,0.041999999999999746
162,H82013,Paracet_Tab 500mg,0407010H0AAAMAM,10,0.041999999999999746
157,H82042,Paracet_Tab 500mg,0407010H0AAAMAM,7,0.041999999999999746
158,H82009,Paracet_Tab 500mg,0407010H0AAAMAM,10,0.041999999999999746
159,H82013,Paracet_Tab 500mg,0407010H0AAAMAM,10,0.041999999999999746
901,H82055,Aripiprazole_Tab 10mg,0402010ADAAAAAA,7,0.03920000000000112
500,H82048,Memantine HCl_Tab 20mg,0411000G0AAADAD,8,0.03919999999999996
553,H82015,Clopidogrel_Tab 75mg,0209000C0AAAAAA,8,0.03919999999999996
552,H82641,Clopidogrel_Tab 75mg,0209000C0AAAAAA,8,0.03919999999999996
551,H82007,Clopidogrel_Tab 75mg,0209000C0AAAAAA,8,0.03919999999999996
550,H82099,Clopidogrel_Tab 75mg,0209000C0AAAAAA,8,0.03919999999999996
164,H82032,Paracet_Tab 500mg,0407010H0AAAMAM,1,0.03919999999999996
163,H82032,Paracet_Tab 500mg,0407010H0AAAMAM,1,0.03919999999999996
165,H82034,Paracet_Tab 500mg,0407010H0AAAMAM,9,0.03779999999999977
166,H82034,Paracet_Tab 500mg,0407010H0AAAMAM,9,0.03779999999999977
167,H82015,Paracet_Tab 500mg,0407010H0AAAMAM,6,0.03599999999999978
168,H82015,Paracet_Tab 500mg,0407010H0AAAMAM,6,0.03599999999999978
501,H82034,Memantine HCl_Tab 20mg,0411000G0AAADAD,7,0.03429999999999996
554,H82016,Clopidogrel_Tab 75mg,0209000C0AAAAAA,7,0.03429999999999996
455,H82049,Atorvastatin_Tab 10mg,0212000B0AAAAAA,16,0.033600000000000185
454,H82055,Atorvastatin_Tab 10mg,0212000B0AAAAAA,16,0.033600000000000185
171,H82030,Paracet_Tab 500mg,0407010H0AAAMAM,2,0.0335999999999998
170,H82030,Paracet_Tab 500mg,0407010H0AAAMAM,2,0.0335999999999998
172,H82034,Paracet_Tab 500mg,0407010H0AAAMAM,12,0.0335999999999998
169,H82034,Paracet_Tab 500mg,0407010H0AAAMAM,12,0.0335999999999998
181,H82060,Paracet_Tab 500mg,0407010H0AAAMAM,11,0.030799999999999814
173,H82029,Paracet_Tab 500mg,0407010H0AAAMAM,11,0.030799999999999814
174,H82031,Paracet_Tab 500mg,0407010H0AAAMAM,11,0.030799999999999814
175,H82029,Paracet_Tab 500mg,0407010H0AAAMAM,11,0.030799999999999814
179,H82083,Paracet_Tab 500mg,0407010H0AAAMAM,11,0.030799999999999814
182,H82031,Paracet_Tab 500mg,0407010H0AAAMAM,11,0.030799999999999814
178,H82083,Paracet_Tab 500mg,0407010H0AAAMAM,11,0.030799999999999814
177,H82060,Paracet_Tab 500mg,0407010H0AAAMAM,11,0.030799999999999814
176,H82045,Paracet_Tab 500mg,0407010H0AAAMAM,11,0.030799999999999814
180,H82045,Paracet_Tab 500mg,0407010H0AAAMAM,11,0.030799999999999814
556,H82065,Clopidogrel_Tab 75mg,0209000C0AAAAAA,6,0.029399999999999968
503,H82014,Memantine HCl_Tab 20mg,0411000G0AAADAD,6,0.029399999999999968
502,H82055,Memantine HCl_Tab 20mg,0411000G0AAADAD,6,0.029399999999999968
555,H82087,Clopidogrel_Tab 75mg,0209000C0AAAAAA,6,0.029399999999999968
902,H82038,Aripiprazole_Tab 10mg,0402010ADAAAAAA,5,0.028000000000000802
903,H82016,Aripiprazole_Tab 10mg,0402010ADAAAAAA,5,0.028000000000000802
186,H82055,Paracet_Tab 500mg,0407010H0AAAMAM,6,0.025199999999999848
190,H82058,Paracet_Tab 500mg,0407010H0AAAMAM,6,0.025199999999999848
189,H82055,Paracet_Tab 500mg,0407010H0AAAMAM,9,0.025199999999999848
188,H82055,Paracet_Tab 500mg,0407010H0AAAMAM,6,0.025199999999999848
187,H82055,Paracet_Tab 500mg,0407010H0AAAMAM,9,0.025199999999999848
185,H82058,Paracet_Tab 500mg,0407010H0AAAMAM,6,0.025199999999999848
184,H82011,Paracet_Tab 500mg,0407010H0AAAMAM,9,0.025199999999999848
183,H82011,Paracet_Tab 500mg,0407010H0AAAMAM,9,0.025199999999999848
557,H82006,Clopidogrel_Tab 75mg,0209000C0AAAAAA,5,0.024499999999999973
193,H82020,Paracet_Tab 500mg,0407010H0AAAMAM,2,0.023999999999999855
191,H82029,Paracet_Tab 500mg,0407010H0AAAMAM,4,0.023999999999999855
194,H82029,Paracet_Tab 500mg,0407010H0AAAMAM,4,0.023999999999999855
195,H82020,Paracet_Tab 500mg,0407010H0AAAMAM,2,0.023999999999999855
196,H82049,Paracet_Tab 500mg,0407010H0AAAMAM,4,0.023999999999999855
192,H82049,Paracet_Tab 500mg,0407010H0AAAMAM,4,0.023999999999999855
906,H82013,Aripiprazole_Tab 10mg,0402010ADAAAAAA,4,0.02240000000000064
907,H82014,Aripiprazole_Tab 10mg,0402010ADAAAAAA,4,0.02240000000000064
908,H82051,Aripiprazole_Tab 10mg,0402010ADAAAAAA,4,0.02240000000000064
905,H82058,Aripiprazole_Tab 10mg,0402010ADAAAAAA,4,0.02240000000000064
904,H82077,Aripiprazole_Tab 10mg,0402010ADAAAAAA,4,0.02240000000000064
197,H82059,Paracet_Tab 500mg,0407010H0AAAMAM,8,0.022399999999999864
198,H82059,Paracet_Tab 500mg,0407010H0AAAMAM,8,0.022399999999999864
456,H82048,Atorvastatin_Tab 10mg,0212000B0AAAAAA,10,0.021000000000000116
204,H82066,Paracet_Tab 500mg,0407010H0AAAMAM,7,0.020999999999999873
203,H82030,Paracet_Tab 500mg,0407010H0AAAMAM,7,0.020999999999999873
202,H82030,Paracet_Tab 500mg,0407010H0AAAMAM,7,0.020999999999999873
201,H82070,Paracet_Tab 500mg,0407010H0AAAMAM,5,0.020999999999999873
200,H82066,Paracet_Tab 500mg,0407010H0AAAMAM,7,0.020999999999999873
199,H82070,Paracet_Tab 500mg,0407010H0AAAMAM,5,0.020999999999999873
559,H82076,Clopidogrel_Tab 75mg,0209000C0AAAAAA,4,0.01959999999999998
504,H82067,Memantine HCl_Tab 20mg,0411000G0AAADAD,4,0.01959999999999998
505,H82046,Memantine HCl_Tab 20mg,0411000G0AAADAD,4,0.01959999999999998
506,H82058,Memantine HCl_Tab 20mg,0411000G0AAADAD,4,0.01959999999999998
507,H82641,Memantine HCl_Tab 20mg,0411000G0AAADAD,4,0.01959999999999998
508,H82077,Memantine HCl_Tab 20mg,0411000G0AAADAD,4,0.01959999999999998
558,H82039,Clopidogrel_Tab 75mg,0209000C0AAAAAA,4,0.01959999999999998
560,H82023,Clopidogrel_Tab 75mg,0209000C0AAAAAA,4,0.01959999999999998
206,H82065,Paracet_Tab 500mg,0407010H0AAAMAM,7,0.01959999999999988
205,H82065,Paracet_Tab 500mg,0407010H0AAAMAM,7,0.01959999999999988
457,H82046,Atorvastatin_Tab 10mg,0212000B0AAAAAA,9,0.018900000000000104
208,H82067,Paracet_Tab 500mg,0407010H0AAAMAM,3,0.01799999999999989
207,H82067,Paracet_Tab 500mg,0407010H0AAAMAM,3,0.01799999999999989
458,H82031,Atorvastatin_Tab 10mg,0212000B0AAAAAA,8,0.016800000000000093
459,H82067,Atorvastatin_Tab 10mg,0212000B0AAAAAA,8,0.016800000000000093
209,H82038,Paracet_Tab 500mg,0407010H0AAAMAM,4,0.0167999999999999
220,H82042,Paracet_Tab 500mg,0407010H0AAAMAM,8,0.0167999999999999
210,H82059,Paracet_Tab 500mg,0407010H0AAAMAM,1,0.0167999999999999
228,H82051,Paracet_Tab 500mg,0407010H0AAAMAM,4,0.0167999999999999
226,H82066,Paracet_Tab 500mg,0407010H0AAAMAM,4,0.0167999999999999
225,H82038,Paracet_Tab 500mg,0407010H0AAAMAM,4,0.0167999999999999
224,H82059,Paracet_Tab 500mg,0407010H0AAAMAM,4,0.0167999999999999
223,H82060,Paracet_Tab 500mg,0407010H0AAAMAM,4,0.0167999999999999
222,H82029,Paracet_Tab 500mg,0407010H0AAAMAM,4,0.0167999999999999
221,H82042,Paracet_Tab 500mg,0407010H0AAAMAM,8,0.0167999999999999
227,H82059,Paracet_Tab 500mg,0407010H0AAAMAM,4,0.0167999999999999
219,H82066,Paracet_Tab 500mg,0407010H0AAAMAM,4,0.0167999999999999
217,H82083,Paracet_Tab 500mg,0407010H0AAAMAM,4,0.0167999999999999
216,H82051,Paracet_Tab 500mg,0407010H0AAAMAM,4,0.0167999999999999
215,H82030,Paracet_Tab 500mg,0407010H0AAAMAM,12,0.0167999999999999
214,H82059,Paracet_Tab 500mg,0407010H0AAAMAM,1,0.0167999999999999
211,H82060,Paracet_Tab 500mg,0407010H0AAAMAM,4,0.0167999999999999
213,H82083,Paracet_Tab 500mg,0407010H0AAAMAM,4,0.0167999999999999
218,H82029,Paracet_Tab 500mg,0407010H0AAAMAM,4,0.0167999999999999
212,H82030,Paracet_Tab 500mg,0407010H0AAAMAM,12,0.0167999999999999
460,H82041,Atorvastatin_Tab 10mg,0212000B0AAAAAA,7,0.014700000000000081
461,H82066,Atorvastatin_Tab 10mg,0212000B0AAAAAA,7,0.014700000000000081
229,H82061,Paracet_Tab 500mg,0407010H0AAAMAM,7,0.014699999999999911
230,H82061,Paracet_Tab 500mg,0407010H0AAAMAM,7,0.014699999999999911
231,H82020,Paracet_Tab 500mg,0407010H0AAAMAM,5,0.013999999999999915
232,H82020,Paracet_Tab 500mg,0407010H0AAAMAM,5,0.013999999999999915
462,H82015,Atorvastatin_Tab 10mg,0212000B0AAAAAA,6,0.01260000000000007
233,H82045,Paracet_Tab 500mg,0407010H0AAAMAM,3,0.012599999999999924
236,H82641,Paracet_Tab 500mg,0407010H0AAAMAM,3,0.012599999999999924
235,H82045,Paracet_Tab 500mg,0407010H0AAAMAM,3,0.012599999999999924
234,H82641,Paracet_Tab 500mg,0407010H0AAAMAM,3,0.012599999999999924
250,H82099,Paracet_Tab 500mg,0407010H0AAAMAM,2,0.011999999999999927
249,H82022,Paracet_Tab 500mg,0407010H0AAAMAM,1,0.011999999999999927
248,H82077,Paracet_Tab 500mg,0407010H0AAAMAM,2,0.011999999999999927
246,H82022,Paracet_Tab 500mg,0407010H0AAAMAM,1,0.011999999999999927
247,H82020,Paracet_Tab 500mg,0407010H0AAAMAM,2,0.011999999999999927
241,H82058,Paracet_Tab 500mg,0407010H0AAAMAM,2,0.011999999999999927
245,H82009,Paracet_Tab 500mg,0407010H0AAAMAM,2,0.011999999999999927
243,H82058,Paracet_Tab 500mg,0407010H0AAAMAM,2,0.011999999999999927
237,H82065,Paracet_Tab 500mg,0407010H0AAAMAM,2,0.011999999999999927
238,H82099,Paracet_Tab 500mg,0407010H0AAAMAM,2,0.011999999999999927
239,H82077,Paracet_Tab 500mg,0407010H0AAAMAM,2,0.011999999999999927
244,H82065,Paracet_Tab 500mg,0407010H0AAAMAM,2,0.011999999999999927
242,H82009,Paracet_Tab 500mg,0407010H0AAAMAM,2,0.011999999999999927
240,H82020,Paracet_Tab 500mg,0407010H0AAAMAM,2,0.011999999999999927
909,H82099,Aripiprazole_Tab 10mg,0402010ADAAAAAA,2,0.01120000000000032
253,H82041,Paracet_Tab 500mg,0407010H0AAAMAM,4,0.011199999999999932
261,H82009,Paracet_Tab 500mg,0407010H0AAAMAM,4,0.011199999999999932
251,H82067,Paracet_Tab 500mg,0407010H0AAAMAM,4,0.011199999999999932
254,H82014,Paracet_Tab 500mg,0407010H0AAAMAM,4,0.011199999999999932
262,H82029,Paracet_Tab 500mg,0407010H0AAAMAM,8,0.011199999999999932
260,H82014,Paracet_Tab 500mg,0407010H0AAAMAM,4,0.011199999999999932
252,H82051,Paracet_Tab 500mg,0407010H0AAAMAM,4,0.011199999999999932
259,H82009,Paracet_Tab 500mg,0407010H0AAAMAM,4,0.011199999999999932
258,H82041,Paracet_Tab 500mg,0407010H0AAAMAM,4,0.011199999999999932
257,H82067,Paracet_Tab 500mg,0407010H0AAAMAM,4,0.011199999999999932
256,H82051,Paracet_Tab 500mg,0407010H0AAAMAM,4,0.011199999999999932
255,H82029,Paracet_Tab 500mg,0407010H0AAAMAM,8,0.011199999999999932
264,H82039,Paracet_Tab 500mg,0407010H0AAAMAM,1,0.008999999999999946
263,H82039,Paracet_Tab 500mg,0407010H0AAAMAM,1,0.008999999999999946
859,H82022,Hydrocort_Tab 10mg,0603020J0AAADAD,2,0.008999999999999009
834,H82011,Mesalazine_Tab E/C 400mg,0105010B0AAAAAA,2,0.008400000000003738
910,H82009,Aripiprazole_Tab 10mg,0402010ADAAAAAA,4,0.008400000000001406
464,H82016,Atorvastatin_Tab 10mg,0212000B0AAAAAA,4,0.008400000000000046
463,H82077,Atorvastatin_Tab 10mg,0212000B0AAAAAA,4,0.008400000000000046
465,H82034,Atorvastatin_Tab 10mg,0212000B0AAAAAA,2,0.008400000000000046
466,H82087,Atorvastatin_Tab 10mg,0212000B0AAAAAA,4,0.008400000000000046
467,H82020,Atorvastatin_Tab 10mg,0212000B0AAAAAA,4,0.008400000000000046
468,H82023,Atorvastatin_Tab 10mg,0212000B0AAAAAA,4,0.008400000000000046
269,H82046,Paracet_Tab 500mg,0407010H0AAAMAM,6,0.00839999999999995
265,H82014,Paracet_Tab 500mg,0407010H0AAAMAM,2,0.00839999999999995
270,H82046,Paracet_Tab 500mg,0407010H0AAAMAM,6,0.00839999999999995
266,H82046,Paracet_Tab 500mg,0407010H0AAAMAM,3,0.00839999999999995
267,H82014,Paracet_Tab 500mg,0407010H0AAAMAM,2,0.00839999999999995
268,H82046,Paracet_Tab 500mg,0407010H0AAAMAM,3,0.00839999999999995
272,H82099,Paracet_Tab 500mg,0407010H0AAAMAM,5,0.006999999999999958
271,H82099,Paracet_Tab 500mg,0407010H0AAAMAM,5,0.006999999999999958
469,H82099,Atorvastatin_Tab 10mg,0212000B0AAAAAA,3,0.006300000000000035
470,H82038,Atorvastatin_Tab 10mg,0212000B0AAAAAA,3,0.006300000000000035
22,H82022,Atorvastatin_Tab 20mg,0212000B0AAABAB,1,0.006000000000000172
24,H82046,Atorvastatin_Tab 20mg,0212000B0AAABAB,1,0.006000000000000172
23,H82032,Atorvastatin_Tab 20mg,0212000B0AAABAB,1,0.006000000000000172
274,H82011,Paracet_Tab 500mg,0407010H0AAAMAM,1,0.005999999999999964
283,H82055,Paracet_Tab 500mg,0407010H0AAAMAM,1,0.005999999999999964
285,H82039,Paracet_Tab 500mg,0407010H0AAAMAM,1,0.005999999999999964
286,H82016,Paracet_Tab 500mg,0407010H0AAAMAM,1,0.005999999999999964
287,H82038,Paracet_Tab 500mg,0407010H0AAAMAM,1,0.005999999999999964
288,H82013,Paracet_Tab 500mg,0407010H0AAAMAM,1,0.005999999999999964
292,H82022,Paracet_Tab 500mg,0407010H0AAAMAM,1,0.005999999999999964
284,H82023,Paracet_Tab 500mg,0407010H0AAAMAM,1,0.005999999999999964
282,H82039,Paracet_Tab 500mg,0407010H0AAAMAM,1,0.005999999999999964
275,H82059,Paracet_Tab 500mg,0407010H0AAAMAM,2,0.005999999999999964
281,H82055,Paracet_Tab 500mg,0407010H0AAAMAM,1,0.005999999999999964
280,H82021,Paracet_Tab 500mg,0407010H0AAAMAM,1,0.005999999999999964
279,H82011,Paracet_Tab 500mg,0407010H0AAAMAM,1,0.005999999999999964
278,H82078,Paracet_Tab 500mg,0407010H0AAAMAM,1,0.005999999999999964
277,H82078,Paracet_Tab 500mg,0407010H0AAAMAM,1,0.005999999999999964
276,H82014,Paracet_Tab 500mg,0407010H0AAAMAM,1,0.005999999999999964
273,H82061,Paracet_Tab 500mg,0407010H0AAAMAM,1,0.005999999999999964
291,H82006,Paracet_Tab 500mg,0407010H0AAAMAM,1,0.005999999999999964
298,H82059,Paracet_Tab 500mg,0407010H0AAAMAM,2,0.005999999999999964
294,H82022,Paracet_Tab 500mg,0407010H0AAAMAM,1,0.005999999999999964
299,H82061,Paracet_Tab 500mg,0407010H0AAAMAM,1,0.005999999999999964
302,H82023,Paracet_Tab 500mg,0407010H0AAAMAM,1,0.005999999999999964
297,H82014,Paracet_Tab 500mg,0407010H0AAAMAM,1,0.005999999999999964
296,H82006,Paracet_Tab 500mg,0407010H0AAAMAM,1,0.005999999999999964
295,H82013,Paracet_Tab 500mg,0407010H0AAAMAM,1,0.005999999999999964
301,H82066,Paracet_Tab 500mg,0407010H0AAAMAM,1,0.005999999999999964
300,H82021,Paracet_Tab 500mg,0407010H0AAAMAM,1,0.005999999999999964
293,H82066,Paracet_Tab 500mg,0407010H0AAAMAM,1,0.005999999999999964
289,H82016,Paracet_Tab 500mg,0407010H0AAAMAM,1,0.005999999999999964
290,H82038,Paracet_Tab 500mg,0407010H0AAAMAM,1,0.005999999999999964
911,H82066,Aripiprazole_Tab 10mg,0402010ADAAAAAA,1,0.00560000000000016
912,H82011,Aripiprazole_Tab 10mg,0402010ADAAAAAA,1,0.00560000000000016
913,H82037,Aripiprazole_Tab 10mg,0402010ADAAAAAA,1,0.00560000000000016
311,H82042,Paracet_Tab 500mg,0407010H0AAAMAM,4,0.005599999999999966
307,H82059,Paracet_Tab 500mg,0407010H0AAAMAM,4,0.005599999999999966
312,H82067,Paracet_Tab 500mg,0407010H0AAAMAM,4,0.005599999999999966
306,H82058,Paracet_Tab 500mg,0407010H0AAAMAM,4,0.005599999999999966
303,H82058,Paracet_Tab 500mg,0407010H0AAAMAM,4,0.005599999999999966
305,H82022,Paracet_Tab 500mg,0407010H0AAAMAM,2,0.005599999999999966
304,H82067,Paracet_Tab 500mg,0407010H0AAAMAM,4,0.005599999999999966
310,H82022,Paracet_Tab 500mg,0407010H0AAAMAM,2,0.005599999999999966
309,H82042,Paracet_Tab 500mg,0407010H0AAAMAM,4,0.005599999999999966
308,H82059,Paracet_Tab 500mg,0407010H0AAAMAM,4,0.005599999999999966
509,H82066,Memantine HCl_Tab 20mg,0411000G0AAADAD,1,0.004899999999999995
561,H82078,Clopidogrel_Tab 75mg,0209000C0AAAAAA,1,0.004899999999999995
562,H82091,Clopidogrel_Tab 75mg,0209000C0AAAAAA,1,0.004899999999999995
860,H82042,Hydrocort_Tab 10mg,0603020J0AAADAD,1,0.004499999999999504
861,H82078,Hydrocort_Tab 10mg,0603020J0AAADAD,1,0.004499999999999504
862,H82041,Hydrocort_Tab 10mg,0603020J0AAADAD,1,0.004499999999999504
25,H82066,Atorvastatin_Tab 20mg,0212000B0AAABAB,1,0.00440000000000005
915,H82099,Aripiprazole_Tab 10mg,0402010ADAAAAAA,1,0.004200000000000703
914,H82042,Aripiprazole_Tab 10mg,0402010ADAAAAAA,1,0.004200000000000703
476,H82032,Atorvastatin_Tab 10mg,0212000B0AAAAAA,1,0.004200000000000023
475,H82042,Atorvastatin_Tab 10mg,0212000B0AAAAAA,1,0.004200000000000023
471,H82043,Atorvastatin_Tab 10mg,0212000B0AAAAAA,1,0.004200000000000023
473,H82037,Atorvastatin_Tab 10mg,0212000B0AAAAAA,1,0.004200000000000023
477,H82077,Atorvastatin_Tab 10mg,0212000B0AAAAAA,1,0.004200000000000023
478,H82058,Atorvastatin_Tab 10mg,0212000B0AAAAAA,1,0.004200000000000023
479,H82051,Atorvastatin_Tab 10mg,0212000B0AAAAAA,1,0.004200000000000023
474,H82013,Atorvastatin_Tab 10mg,0212000B0AAAAAA,1,0.004200000000000023
472,H82065,Atorvastatin_Tab 10mg,0212000B0AAAAAA,2,0.004200000000000023
320,H82083,Paracet_Tab 500mg,0407010H0AAAMAM,3,0.004199999999999975
314,H82029,Paracet_Tab 500mg,0407010H0AAAMAM,2,0.004199999999999975
319,H82078,Paracet_Tab 500mg,0407010H0AAAMAM,1,0.004199999999999975
318,H82078,Paracet_Tab 500mg,0407010H0AAAMAM,1,0.004199999999999975
317,H82029,Paracet_Tab 500mg,0407010H0AAAMAM,2,0.004199999999999975
316,H82067,Paracet_Tab 500mg,0407010H0AAAMAM,1,0.004199999999999975
315,H82083,Paracet_Tab 500mg,0407010H0AAAMAM,3,0.004199999999999975
313,H82067,Paracet_Tab 500mg,0407010H0AAAMAM,1,0.004199999999999975
321,H82060,Paracet_Tab 500mg,0407010H0AAAMAM,1,0.0040000000000000105
322,H82060,Paracet_Tab 500mg,0407010H0AAAMAM,1,0.0040000000000000105
324,H82091,Paracet_Tab 500mg,0407010H0AAAMAM,1,0.0040000000000000105
323,H82091,Paracet_Tab 500mg,0407010H0AAAMAM,1,0.0040000000000000105
563,H82043,Clopidogrel_Tab 75mg,0209000C0AAAAAA,1,0.0040000000000000036
480,H82022,Atorvastatin_Tab 10mg,0212000B0AAAAAA,1,0.003200000000000036
332,H82029,Paracet_Tab 500mg,0407010H0AAAMAM,1,0.002999999999999982
325,H82046,Paracet_Tab 500mg,0407010H0AAAMAM,1,0.002999999999999982
328,H82042,Paracet_Tab 500mg,0407010H0AAAMAM,1,0.002999999999999982
329,H82049,Paracet_Tab 500mg,0407010H0AAAMAM,1,0.002999999999999982
330,H82029,Paracet_Tab 500mg,0407010H0AAAMAM,1,0.002999999999999982
331,H82046,Paracet_Tab 500mg,0407010H0AAAMAM,1,0.002999999999999982
326,H82042,Paracet_Tab 500mg,0407010H0AAAMAM,1,0.002999999999999982
327,H82049,Paracet_Tab 500mg,0407010H0AAAMAM,1,0.002999999999999982
564,H82066,Clopidogrel_Tab 75mg,0209000C0AAAAAA,1,0.002999999999999947
337,H82007,Paracet_Tab 500mg,0407010H0AAAMAM,1,0.002799999999999983
339,H82006,Paracet_Tab 500mg,0407010H0AAAMAM,1,0.002799999999999983
333,H82066,Paracet_Tab 500mg,0407010H0AAAMAM,1,0.002799999999999983
334,H82006,Paracet_Tab 500mg,0407010H0AAAMAM,1,0.002799999999999983
335,H82031,Paracet_Tab 500mg,0407010H0AAAMAM,2,0.002799999999999983
336,H82037,Paracet_Tab 500mg,0407010H0AAAMAM,1,0.002799999999999983
338,H82031,Paracet_Tab 500mg,0407010H0AAAMAM,2,0.002799999999999983
342,H82037,Paracet_Tab 500mg,0407010H0AAAMAM,1,0.002799999999999983
340,H82007,Paracet_Tab 500mg,0407010H0AAAMAM,1,0.002799999999999983
341,H82066,Paracet_Tab 500mg,0407010H0AAAMAM,1,0.002799999999999983
343,H82042,Paracet_Tab 500mg,0407010H0AAAMAM,1,0.002400000000000027
344,H82042,Paracet_Tab 500mg,0407010H0AAAMAM,1,0.002400000000000027
346,H82061,Paracet_Tab 500mg,0407010H0AAAMAM,1,0.0013999999999999915
345,H82061,Paracet_Tab 500mg,0407010H0AAAMAM,1,0.0013999999999999915
916,H82058,Aripiprazole_Tab 10mg,0402010ADAAAAAA,4,0.001200000000000201
917,H82007,Aripiprazole_Tab 10mg,0402010ADAAAAAA,1,0.0006000000000001005
565,H82030,Clopidogrel_Tab 75mg,0209000C0AAAAAA,1,-0.0006999999999999992
26,H82030,Atorvastatin_Tab 20mg,0212000B0AAABAB,1,-0.0013999999999999985
811,H82038,Clonazepam_Tab 500mcg,0408010F0AAABAB,1,-0.001400000000000623
481,H82641,Atorvastatin_Tab 10mg,0212000B0AAAAAA,1,-0.002999999999999982
27,H82095,Atorvastatin_Tab 20mg,0212000B0AAABAB,1,-0.0030999999999998737
566,H82095,Clopidogrel_Tab 75mg,0209000C0AAAAAA,1,-0.003100000000000089
482,H82037,Atorvastatin_Tab 10mg,0212000B0AAAAAA,1,-0.0031999999999999806
567,H82013,Clopidogrel_Tab 75mg,0209000C0AAAAAA,1,-0.0033000000000000945
510,H82045,Memantine HCl_Tab 20mg,0411000G0AAADAD,1,-0.0035999999999999782
863,H82042,Hydrocort_Tab 10mg,0603020J0AAADAD,1,-0.0039999999999995595
864,H82023,Hydrocort_Tab 10mg,0603020J0AAADAD,1,-0.0039999999999995595
348,H82095,Paracet_Tab 500mg,0407010H0AAAMAM,1,-0.005599999999999966
350,H82076,Paracet_Tab 500mg,0407010H0AAAMAM,1,-0.005599999999999966
347,H82095,Paracet_Tab 500mg,0407010H0AAAMAM,1,-0.005599999999999966
349,H82076,Paracet_Tab 500mg,0407010H0AAAMAM,1,-0.005599999999999966
28,H82032,Atorvastatin_Tab 20mg,0212000B0AAABAB,2,-0.0059999999999997555
918,H82007,Aripiprazole_Tab 10mg,0402010ADAAAAAA,3,-0.006299999999999889
483,H82034,Atorvastatin_Tab 10mg,0212000B0AAAAAA,4,-0.006399999999999961
484,H82058,Atorvastatin_Tab 10mg,0212000B0AAAAAA,1,-0.00659999999999996
920,H82046,Aripiprazole_Tab 10mg,0402010ADAAAAAA,4,-0.008399999999999852
919,H82014,Aripiprazole_Tab 10mg,0402010ADAAAAAA,4,-0.008399999999999852
485,H82076,Atorvastatin_Tab 10mg,0212000B0AAAAAA,1,-0.008999999999999946
865,H82077,Hydrocort_Tab 10mg,0603020J0AAADAD,4,-0.009999999999998899
867,H82034,Hydrocort_Tab 10mg,0603020J0AAADAD,1,-0.011199999999998766
870,H82021,Hydrocort_Tab 10mg,0603020J0AAADAD,1,-0.011199999999998766
873,H82091,Hydrocort_Tab 10mg,0603020J0AAADAD,1,-0.011199999999998766
866,H82059,Hydrocort_Tab 10mg,0603020J0AAADAD,1,-0.011199999999998766
869,H82022,Hydrocort_Tab 10mg,0603020J0AAADAD,1,-0.011199999999998766
871,H82007,Hydrocort_Tab 10mg,0603020J0AAADAD,1,-0.011199999999998766
872,H82016,Hydrocort_Tab 10mg,0603020J0AAADAD,1,-0.011199999999998766
868,H82038,Hydrocort_Tab 10mg,0603020J0AAADAD,1,-0.011199999999998766
874,H82037,Hydrocort_Tab 10mg,0603020J0AAADAD,1,-0.011199999999998766
875,H82043,Hydrocort_Tab 10mg,0603020J0AAADAD,1,-0.011199999999998766
351,H82099,Paracet_Tab 500mg,0407010H0AAAMAM,2,-0.011199999999999932
352,H82048,Paracet_Tab 500mg,0407010H0AAAMAM,2,-0.011199999999999932
353,H82048,Paracet_Tab 500mg,0407010H0AAAMAM,2,-0.011199999999999932
354,H82099,Paracet_Tab 500mg,0407010H0AAAMAM,2,-0.011199999999999932
835,H82048,Mesalazine_Tab E/C 400mg,0105010B0AAAAAA,1,-0.011999999999998678
836,H82037,Mesalazine_Tab E/C 400mg,0105010B0AAAAAA,1,-0.011999999999998678
921,H82060,Aripiprazole_Tab 10mg,0402010ADAAAAAA,6,-0.012599999999999778
878,H82037,Hydrocort_Tab 10mg,0603020J0AAADAD,1,-0.013999999999998458
876,H82046,Hydrocort_Tab 10mg,0603020J0AAADAD,1,-0.013999999999998458
877,H82066,Hydrocort_Tab 10mg,0603020J0AAADAD,1,-0.013999999999998458
879,H82077,Hydrocort_Tab 10mg,0603020J0AAADAD,1,-0.013999999999998458
568,H82030,Clopidogrel_Tab 75mg,0209000C0AAAAAA,5,-0.013999999999999985
922,H82058,Aripiprazole_Tab 10mg,0402010ADAAAAAA,5,-0.014000000000000123
926,H82041,Aripiprazole_Tab 10mg,0402010ADAAAAAA,8,-0.016799999999999704
925,H82045,Aripiprazole_Tab 10mg,0402010ADAAAAAA,8,-0.016799999999999704
924,H82058,Aripiprazole_Tab 10mg,0402010ADAAAAAA,8,-0.016799999999999704
923,H82066,Aripiprazole_Tab 10mg,0402010ADAAAAAA,8,-0.016799999999999704
357,H82065,Paracet_Tab 500mg,0407010H0AAAMAM,3,-0.0167999999999999
358,H82015,Paracet_Tab 500mg,0407010H0AAAMAM,3,-0.0167999999999999
356,H82015,Paracet_Tab 500mg,0407010H0AAAMAM,3,-0.0167999999999999
355,H82065,Paracet_Tab 500mg,0407010H0AAAMAM,3,-0.0167999999999999
881,H82045,Hydrocort_Tab 10mg,0603020J0AAADAD,2,-0.022399999999997533
880,H82058,Hydrocort_Tab 10mg,0603020J0AAADAD,2,-0.022399999999997533
363,H82077,Paracet_Tab 500mg,0407010H0AAAMAM,4,-0.022399999999999864
367,H82641,Paracet_Tab 500mg,0407010H0AAAMAM,4,-0.022399999999999864
366,H82087,Paracet_Tab 500mg,0407010H0AAAMAM,4,-0.022399999999999864
365,H82077,Paracet_Tab 500mg,0407010H0AAAMAM,4,-0.022399999999999864
368,H82039,Paracet_Tab 500mg,0407010H0AAAMAM,4,-0.022399999999999864
364,H82641,Paracet_Tab 500mg,0407010H0AAAMAM,4,-0.022399999999999864
359,H82067,Paracet_Tab 500mg,0407010H0AAAMAM,4,-0.022399999999999864
360,H82067,Paracet_Tab 500mg,0407010H0AAAMAM,4,-0.022399999999999864
361,H82039,Paracet_Tab 500mg,0407010H0AAAMAM,4,-0.022399999999999864
362,H82087,Paracet_Tab 500mg,0407010H0AAAMAM,4,-0.022399999999999864
369,H82038,Paracet_Tab 500mg,0407010H0AAAMAM,5,-0.023999999999999855
370,H82038,Paracet_Tab 500mg,0407010H0AAAMAM,5,-0.023999999999999855
927,H82042,Aripiprazole_Tab 10mg,0402010ADAAAAAA,12,-0.025199999999999556
371,H82038,Paracet_Tab 500mg,0407010H0AAAMAM,5,-0.02799999999999983
372,H82038,Paracet_Tab 500mg,0407010H0AAAMAM,5,-0.02799999999999983
375,H82023,Paracet_Tab 500mg,0407010H0AAAMAM,7,-0.03919999999999976
376,H82023,Paracet_Tab 500mg,0407010H0AAAMAM,7,-0.03919999999999976
373,H82037,Paracet_Tab 500mg,0407010H0AAAMAM,7,-0.03919999999999976
374,H82037,Paracet_Tab 500mg,0407010H0AAAMAM,7,-0.03919999999999976
377,H82046,Paracet_Tab 500mg,0407010H0AAAMAM,8,-0.04479999999999973
378,H82046,Paracet_Tab 500mg,0407010H0AAAMAM,8,-0.04479999999999973
380,H82096,Paracet_Tab 500mg,0407010H0AAAMAM,9,-0.050399999999999695
381,H82031,Paracet_Tab 500mg,0407010H0AAAMAM,9,-0.050399999999999695
382,H82096,Paracet_Tab 500mg,0407010H0AAAMAM,9,-0.050399999999999695
379,H82031,Paracet_Tab 500mg,0407010H0AAAMAM,9,-0.050399999999999695
383,H82051,Paracet_Tab 500mg,0407010H0AAAMAM,13,-0.07279999999999956
384,H82051,Paracet_Tab 500mg,0407010H0AAAMAM,13,-0.07279999999999956
385,H82009,Paracet_Tab 500mg,0407010H0AAAMAM,17,-0.09519999999999942
386,H82009,Paracet_Tab 500mg,0407010H0AAAMAM,17,-0.09519999999999942
387,H82014,Paracet_Tab 500mg,0407010H0AAAMAM,24,-0.1343999999999992
388,H82014,Paracet_Tab 500mg,0407010H0AAAMAM,24,-0.1343999999999992
390,H82060,Paracet_Tab 500mg,0407010H0AAAMAM,27,-0.15119999999999909
389,H82060,Paracet_Tab 500mg,0407010H0AAAMAM,27,-0.15119999999999909
392,H82029,Paracet_Tab 500mg,0407010H0AAAMAM,28,-0.15679999999999905
391,H82029,Paracet_Tab 500mg,0407010H0AAAMAM,28,-0.15679999999999905
396,H82013,Paracet_Tab 500mg,0407010H0AAAMAM,31,-0.17359999999999895
395,H82042,Paracet_Tab 500mg,0407010H0AAAMAM,31,-0.17359999999999895
394,H82042,Paracet_Tab 500mg,0407010H0AAAMAM,31,-0.17359999999999895
393,H82013,Paracet_Tab 500mg,0407010H0AAAMAM,31,-0.17359999999999895
398,H82055,Paracet_Tab 500mg,0407010H0AAAMAM,46,-0.25759999999999844
397,H82055,Paracet_Tab 500mg,0407010H0AAAMAM,46,-0.25759999999999844
399,H82034,Paracet_Tab 500mg,0407010H0AAAMAM,4,-0.28159999999999963
400,H82034,Paracet_Tab 500mg,0407010H0AAAMAM,4,-0.28159999999999963
402,H82045,Paracet_Tab 500mg,0407010H0AAAMAM,71,-0.3975999999999976
401,H82045,Paracet_Tab 500mg,0407010H0AAAMAM,71,-0.3975999999999976
404,H82099,Paracet_Tab 500mg,0407010H0AAAMAM,10,-0.6719999999999998
403,H82099,Paracet_Tab 500mg,0407010H0AAAMAM,10,-0.6719999999999998
406,H82095,Paracet_Tab 500mg,0407010H0AAAMAM,4,-0.7168000000000003
405,H82095,Paracet_Tab 500mg,0407010H0AAAMAM,4,-0.7168000000000003
407,H82007,Paracet_Tab 500mg,0407010H0AAAMAM,48,-0.9599999999999942
408,H82007,Paracet_Tab 500mg,0407010H0AAAMAM,48,-0.9599999999999942
410,H82078,Paracet_Tab 500mg,0407010H0AAAMAM,97,-0.9699999999999941
409,H82078,Paracet_Tab 500mg,0407010H0AAAMAM,97,-0.9699999999999941
411,H82060,Paracet_Tab 500mg,0407010H0AAAMAM,19,-1.1399999999999997
412,H82060,Paracet_Tab 500mg,0407010H0AAAMAM,19,-1.1399999999999997
414,H82042,Paracet_Tab 500mg,0407010H0AAAMAM,2,-1.408
413,H82042,Paracet_Tab 500mg,0407010H0AAAMAM,2,-1.408
415,H82011,Paracet_Tab 500mg,0407010H0AAAMAM,2,-1.92
416,H82011,Paracet_Tab 500mg,0407010H0AAAMAM,2,-1.92
882,H82031,Hydrocort_Tab 10mg,0603020J0AAADAD,1,-7.583999999999998
883,H82030,Hydrocort_Tab 10mg,0603020J0AAADAD,3,-11.367000000000008
837,H82043,Mesalazine_Tab E/C 400mg,0105010B0AAAAAA,1,-15.971199999999998
838,H82013,Mesalazine_Tab E/C 400mg,0105010B0AAAAAA,1,-15.971199999999998
839,H82013,Mesalazine_Tab E/C 400mg,0105010B0AAAAAA,2,-17.111999999999995
840,H82077,Mesalazine_Tab E/C 400mg,0105010B0AAAAAA,1,-17.112
842,H82077,Mesalazine_Tab E/C 400mg,0105010B0AAAAAA,1,-25.667999999999996
841,H82006,Mesalazine_Tab E/C 400mg,0105010B0AAAAAA,1,-25.667999999999996
847,H82046,Mesalazine_Tab E/C 400mg,0105010B0AAAAAA,1,-31.942399999999996
846,H82045,Mesalazine_Tab E/C 400mg,0105010B0AAAAAA,1,-31.942399999999996
845,H82042,Mesalazine_Tab E/C 400mg,0105010B0AAAAAA,1,-31.942399999999996
844,H82016,Mesalazine_Tab E/C 400mg,0105010B0AAAAAA,1,-31.942399999999996
843,H82087,Mesalazine_Tab E/C 400mg,0105010B0AAAAAA,1,-31.942399999999996
848,H82077,Mesalazine_Tab E/C 400mg,0105010B0AAAAAA,3,-34.19999999999999
849,H82048,Mesalazine_Tab E/C 400mg,0105010B0AAAAAA,1,-34.224
850,H82015,Mesalazine_Tab E/C 400mg,0105010B0AAAAAA,1,-34.224
851,H82031,Mesalazine_Tab E/C 400mg,0105010B0AAAAAA,1,-51.33599999999999
