,practice_code,bnf_description,bnf_code,items,excess_cost
0,J83001,Atorvastatin_Tab 10mg,0212000B0AAAAAA,28,0.058800000000000324
1,J83001,Atorvastatin_Tab 20mg,0212000B0AAABAB,1,0.006000000000000172
2,J83001,Atorvastatin_Tab 40mg,0212000B0AAACAC,94,22.372
3,J83001,Carbimazole_Tab 5mg,0602020D0AAAAAA,2,-0.0005999999999999339
4,J83001,Clopidogrel_Tab 75mg,0209000C0AAAAAA,24,6.6773
5,J83001,Ferr Sulf_Tab 200mg,0901011P0AAACAC,19,0.07559999999999954
6,J83001,Losartan Pot_Tab 100mg,0205052N0AAADAD,1,0.006000000000000172
7,J83001,Montelukast_Tab 10mg,0303020G0AAABAB,15,48.720000000000006
8,J83001,Paracet_Tab 500mg,0407010H0AAAMAM,570,139.73720000000003
9,J83001,Prednisolone_Tab Solb 5mg,0603020T0AABHBH,4,-0.012899999999999467
10,J83002,Atorvastatin_Tab 10mg,0212000B0AAAAAA,92,58.3072
11,J83002,Atorvastatin_Tab 20mg,0212000B0AAABAB,520,44.97340000000008
12,J83002,Carbimazole_Tab 5mg,0602020D0AAAAAA,16,-0.020199999999994445
13,J83002,Clopidogrel_Tab 75mg,0209000C0AAAAAA,148,0.7174999999999991
14,J83002,Ferr Sulf_Tab 200mg,0901011P0AAACAC,36,0.09519999999999884
15,J83002,Losartan Pot_Tab 100mg,0205052N0AAADAD,50,0.28000000000000075
16,J83002,Paracet_Tab 500mg,0407010H0AAAMAM,764,54.985600000000105
17,J83002,Prednisolone_Tab Solb 5mg,0603020T0AABHBH,1,0.0035999999999996035
18,J83009,Atorvastatin_Tab 10mg,0212000B0AAAAAA,301,11.414200000000015
19,J83009,Atorvastatin_Tab 20mg,0212000B0AAABAB,826,541.7608
20,J83009,Atorvastatin_Tab 40mg,0212000B0AAACAC,207,22.604400000000005
21,J83009,Carbimazole_Tab 5mg,0602020D0AAAAAA,17,63.110200000000006
22,J83009,Clopidogrel_Tab 75mg,0209000C0AAAAAA,303,36.000299999999996
23,J83009,Ferr Sulf_Tab 200mg,0901011P0AAACAC,136,28.535499999999995
24,J83009,Losartan Pot_Tab 100mg,0205052N0AAADAD,169,59.35719999999999
25,J83009,Paracet_Tab 500mg,0407010H0AAAMAM,1062,171.4392000000001
26,J83009,Prednisolone_Tab Solb 5mg,0603020T0AABHBH,3,-0.010199999999998877
27,J83022,Atorvastatin_Tab 10mg,0212000B0AAAAAA,28,0.058800000000000324
28,J83022,Clopidogrel_Tab 75mg,0209000C0AAAAAA,40,0.19599999999999979
29,J83022,Ferr Sulf_Tab 200mg,0901011P0AAACAC,33,0.0845999999999983
30,J83022,Losartan Pot_Tab 100mg,0205052N0AAADAD,24,0.13440000000000035
31,J83022,Paracet_Tab 500mg,0407010H0AAAMAM,72,-0.25759999999999844
32,J83024,Atorvastatin_Tab 10mg,0212000B0AAAAAA,4,0.008400000000000046
33,J83024,Atorvastatin_Tab 20mg,0212000B0AAABAB,380,96.30320000000005
34,J83024,Atorvastatin_Tab 40mg,0212000B0AAACAC,251,89.56079999999999
35,J83024,Carbimazole_Tab 5mg,0602020D0AAAAAA,6,-0.013299999999998535
36,J83024,Clopidogrel_Tab 75mg,0209000C0AAAAAA,154,9.216899999999999
37,J83024,Ferr Sulf_Tab 200mg,0901011P0AAACAC,4,0.022399999999999864
38,J83024,Losartan Pot_Tab 100mg,0205052N0AAADAD,38,0.21280000000000054
39,J83024,Paracet_Tab 500mg,0407010H0AAAMAM,384,-11.179999999999968
40,J83024,Prednisolone_Tab Solb 5mg,0603020T0AABHBH,3,0.004999999999999449
41,J83025,Atorvastatin_Tab 10mg,0212000B0AAAAAA,18,0.03780000000000021
42,J83025,Atorvastatin_Tab 20mg,0212000B0AAABAB,148,225.4112
43,J83025,Atorvastatin_Tab 40mg,0212000B0AAACAC,11,22.2684
44,J83025,Carbimazole_Tab 5mg,0602020D0AAAAAA,2,-0.0013999999999998458
45,J83025,Clopidogrel_Tab 75mg,0209000C0AAAAAA,54,17.669399999999992
46,J83025,Ferr Sulf_Tab 200mg,0901011P0AAACAC,10,28.166599999999995
47,J83025,Losartan Pot_Tab 100mg,0205052N0AAADAD,10,0.05600000000000015
48,J83025,Paracet_Tab 500mg,0407010H0AAAMAM,134,77.03680000000001
49,J83027,Atorvastatin_Tab 10mg,0212000B0AAAAAA,18,0.03480000000000023
50,J83027,Atorvastatin_Tab 20mg,0212000B0AAABAB,352,45.20580000000007
51,J83027,Carbimazole_Tab 5mg,0602020D0AAAAAA,4,-0.01679999999999815
52,J83027,Clopidogrel_Tab 75mg,0209000C0AAAAAA,191,17.920899999999993
53,J83027,Ferr Sulf_Tab 200mg,0901011P0AAACAC,47,63.5139
54,J83027,Losartan Pot_Tab 100mg,0205052N0AAADAD,99,25.987499999999997
55,J83027,Montelukast_Tab 10mg,0303020G0AAABAB,31,48.781600000000005
56,J83027,Paracet_Tab 500mg,0407010H0AAAMAM,740,159.37519999999998
57,J83027,Prednisolone_Tab Solb 5mg,0603020T0AABHBH,3,-0.013999999999998458
58,J83031,Atorvastatin_Tab 10mg,0212000B0AAAAAA,57,0.11270000000000065
59,J83031,Carbimazole_Tab 5mg,0602020D0AAAAAA,10,-0.044799999999995066
60,J83031,Clopidogrel_Tab 75mg,0209000C0AAAAAA,102,0.49979999999999947
61,J83031,Ferr Sulf_Tab 200mg,0901011P0AAACAC,77,0.2687999999999975
62,J83031,Losartan Pot_Tab 100mg,0205052N0AAADAD,13,0.0728000000000002
63,J83031,Paracet_Tab 500mg,0407010H0AAAMAM,222,-1.0719999999999936
64,J83031,Prednisolone_Tab Solb 5mg,0603020T0AABHBH,3,35.96039999999999
65,J83033,Atorvastatin_Tab 10mg,0212000B0AAAAAA,25,-0.16559999999999891
66,J83033,Atorvastatin_Tab 20mg,0212000B0AAABAB,1,0.006000000000000172
67,J83033,Atorvastatin_Tab 40mg,0212000B0AAACAC,1,0.006000000000000172
68,J83033,Ferr Sulf_Tab 200mg,0901011P0AAACAC,8,0.044299999999999055
69,J83033,Prednisolone_Tab Solb 5mg,0603020T0AABHBH,1,-0.0035999999999996035
70,J83035,Atorvastatin_Tab 10mg,0212000B0AAAAAA,112,23.304000000000006
71,J83035,Atorvastatin_Tab 20mg,0212000B0AAABAB,314,22.792400000000043
72,J83035,Carbimazole_Tab 5mg,0602020D0AAAAAA,7,-0.027999999999996916
73,J83035,Clopidogrel_Tab 75mg,0209000C0AAAAAA,157,26.562899999999996
74,J83035,Ferr Sulf_Tab 200mg,0901011P0AAACAC,12,-0.025200000000000722
75,J83035,Losartan Pot_Tab 100mg,0205052N0AAADAD,47,29.60159999999999
76,J83035,Montelukast_Tab 10mg,0303020G0AAABAB,66,98.44030000000001
77,J83035,Paracet_Tab 500mg,0407010H0AAAMAM,504,37.82079999999997
78,J83035,Prednisolone_Tab Solb 5mg,0603020T0AABHBH,1,-0.0035999999999996035
79,J83036,Atorvastatin_Tab 10mg,0212000B0AAAAAA,79,35.0259
80,J83036,Atorvastatin_Tab 20mg,0212000B0AAABAB,195,67.81739999999999
81,J83036,Atorvastatin_Tab 40mg,0212000B0AAACAC,38,22.279999999999998
82,J83036,Carbimazole_Tab 5mg,0602020D0AAAAAA,15,66.52440000000003
83,J83036,Clopidogrel_Tab 75mg,0209000C0AAAAAA,104,0.5823999999999965
84,J83036,Ferr Sulf_Tab 200mg,0901011P0AAACAC,100,65.4752
85,J83036,Losartan Pot_Tab 100mg,0205052N0AAADAD,74,29.734899999999985
86,J83036,Paracet_Tab 500mg,0407010H0AAAMAM,384,37.82320000000003
87,J83036,Prednisolone_Tab Solb 5mg,0603020T0AABHBH,3,371.6894
88,J83038,Atorvastatin_Tab 10mg,0212000B0AAAAAA,54,0.11340000000000063
89,J83038,Carbimazole_Tab 5mg,0602020D0AAAAAA,1,-0.005599999999999383
90,J83038,Clopidogrel_Tab 75mg,0209000C0AAAAAA,78,0.3821999999999996
91,J83038,Ferr Sulf_Tab 200mg,0901011P0AAACAC,35,0.0515999999999979
92,J83038,Losartan Pot_Tab 100mg,0205052N0AAADAD,15,0.08400000000000021
93,J83038,Paracet_Tab 500mg,0407010H0AAAMAM,130,-0.4559999999999973
94,J83047,Atorvastatin_Tab 10mg,0212000B0AAAAAA,30,0.06300000000000035
95,J83047,Atorvastatin_Tab 40mg,0212000B0AAACAC,48,22.2432
96,J83047,Carbimazole_Tab 5mg,0602020D0AAAAAA,8,-0.014699999999998381
97,J83047,Clopidogrel_Tab 75mg,0209000C0AAAAAA,61,0.29889999999999967
98,J83047,Ferr Sulf_Tab 200mg,0901011P0AAACAC,12,0.0479999999999995
99,J83047,Losartan Pot_Tab 100mg,0205052N0AAADAD,29,0.16240000000000043
100,J83047,Paracet_Tab 500mg,0407010H0AAAMAM,110,-0.10039999999999943
101,J83057,Atorvastatin_Tab 10mg,0212000B0AAAAAA,74,0.15540000000000087
102,J83057,Carbimazole_Tab 5mg,0602020D0AAAAAA,12,-0.018199999999997996
103,J83057,Clopidogrel_Tab 75mg,0209000C0AAAAAA,123,0.6026999999999993
104,J83057,Ferr Sulf_Tab 200mg,0901011P0AAACAC,53,0.10149999999999786
105,J83057,Losartan Pot_Tab 100mg,0205052N0AAADAD,26,0.1456000000000004
106,J83057,Paracet_Tab 500mg,0407010H0AAAMAM,290,-1.1899999999999928
107,J83059,Atorvastatin_Tab 10mg,0212000B0AAAAAA,53,0.11340000000000063
108,J83059,Carbimazole_Tab 5mg,0602020D0AAAAAA,5,-0.01679999999999815
109,J83059,Clopidogrel_Tab 75mg,0209000C0AAAAAA,60,0.2939999999999997
110,J83059,Ferr Sulf_Tab 200mg,0901011P0AAACAC,23,0.010499999999999135
111,J83059,Losartan Pot_Tab 100mg,0205052N0AAADAD,12,0.06720000000000018
112,J83059,Paracet_Tab 500mg,0407010H0AAAMAM,56,0.19759999999999883
113,J83059,Prednisolone_Tab Solb 5mg,0603020T0AABHBH,4,-0.014199999999998436
114,J83063,Atorvastatin_Tab 10mg,0212000B0AAAAAA,8,0.016800000000000093
115,J83063,Carbimazole_Tab 5mg,0602020D0AAAAAA,2,-0.005599999999999383
116,J83063,Clopidogrel_Tab 75mg,0209000C0AAAAAA,12,0.058799999999999936
117,J83063,Ferr Sulf_Tab 200mg,0901011P0AAACAC,11,0.062799999999999
118,J83063,Losartan Pot_Tab 100mg,0205052N0AAADAD,17,0.09520000000000026
119,J83063,Paracet_Tab 500mg,0407010H0AAAMAM,82,22.551200000000005
120,J83063,Prednisolone_Tab Solb 5mg,0603020T0AABHBH,3,179.85659999999996
121,J83064,Atorvastatin_Tab 10mg,0212000B0AAAAAA,25,0.05250000000000029
122,J83064,Carbimazole_Tab 5mg,0602020D0AAAAAA,5,-0.005599999999999383
123,J83064,Clopidogrel_Tab 75mg,0209000C0AAAAAA,58,0.2841999999999997
124,J83064,Ferr Sulf_Tab 200mg,0901011P0AAACAC,31,0.1151999999999988
125,J83064,Losartan Pot_Tab 100mg,0205052N0AAADAD,31,0.17360000000000045
126,J83064,Montelukast_Tab 10mg,0303020G0AAABAB,25,48.72
127,J83064,Paracet_Tab 500mg,0407010H0AAAMAM,240,40.11280000000003
128,J83064,Prednisolone_Tab Solb 5mg,0603020T0AABHBH,2,35.9664
129,J83633,Atorvastatin_Tab 20mg,0212000B0AAABAB,160,22.7012
130,J83633,Carbimazole_Tab 5mg,0602020D0AAAAAA,4,35.8204
131,J83633,Clopidogrel_Tab 75mg,0209000C0AAAAAA,79,17.449600000000004
132,J83633,Ferr Sulf_Tab 200mg,0901011P0AAACAC,15,28.188199999999995
133,J83633,Losartan Pot_Tab 100mg,0205052N0AAADAD,82,14.923999999999998
134,J83633,Paracet_Tab 500mg,0407010H0AAAMAM,238,33.52000000000001
135,J83645,Atorvastatin_Tab 10mg,0212000B0AAAAAA,4,0.008400000000000046
136,J83645,Atorvastatin_Tab 20mg,0212000B0AAABAB,107,90.157
137,J83645,Clopidogrel_Tab 75mg,0209000C0AAAAAA,10,0.048999999999999946
138,J83645,Ferr Sulf_Tab 200mg,0901011P0AAACAC,10,0.03679999999999957
139,J83645,Losartan Pot_Tab 100mg,0205052N0AAADAD,4,0.02240000000000006
140,J83645,Montelukast_Tab 10mg,0303020G0AAABAB,12,24.360000000000003
141,J83645,Paracet_Tab 500mg,0407010H0AAAMAM,22,0.05759999999999965
142,J83646,Atorvastatin_Tab 10mg,0212000B0AAAAAA,82,34.997899999999994
143,J83646,Atorvastatin_Tab 20mg,0212000B0AAABAB,166,67.64500000000001
144,J83646,Atorvastatin_Tab 40mg,0212000B0AAACAC,2,-0.0059999999999997555
145,J83646,Carbimazole_Tab 5mg,0602020D0AAAAAA,8,23.8788
146,J83646,Clopidogrel_Tab 75mg,0209000C0AAAAAA,99,9.029999999999998
147,J83646,Ferr Sulf_Tab 200mg,0901011P0AAACAC,32,0.08199999999999821
148,J83646,Losartan Pot_Tab 100mg,0205052N0AAADAD,20,0.1120000000000003
149,J83646,Paracet_Tab 500mg,0407010H0AAAMAM,248,275.16360000000003
150,K84012,Carbimazole_Tab 5mg,0602020D0AAAAAA,5,-0.008399999999999075
151,K84012,Clopidogrel_Tab 75mg,0209000C0AAAAAA,11,0.05389999999999994
152,K84012,Ferr Sulf_Tab 200mg,0901011P0AAACAC,4,-0.00840000000000024
153,K84012,Paracet_Tab 500mg,0407010H0AAAMAM,62,0.08959999999999946
154,K84012,Prednisolone_Tab Solb 5mg,0603020T0AABHBH,1,-0.0023999999999997357
155,Y00058,Atorvastatin_Tab 10mg,0212000B0AAAAAA,106,46.5024
156,Y00058,Atorvastatin_Tab 20mg,0212000B0AAABAB,374,107.41760000000004
157,Y00058,Clopidogrel_Tab 75mg,0209000C0AAAAAA,73,17.7982
158,Y00058,Ferr Sulf_Tab 200mg,0901011P0AAACAC,15,28.2408
159,Y00058,Losartan Pot_Tab 100mg,0205052N0AAADAD,7,0.0392000000000001
160,Y00058,Montelukast_Tab 10mg,0303020G0AAABAB,9,24.368399999999994
161,Y00058,Paracet_Tab 500mg,0407010H0AAAMAM,8,0.0335999999999998
162,Y00058,Prednisolone_Tab Solb 5mg,0603020T0AABHBH,1,125.89499999999998
163,Y00776,Atorvastatin_Tab 20mg,0212000B0AAABAB,1,0.004400000000000015
164,Y00776,Clopidogrel_Tab 75mg,0209000C0AAAAAA,3,0.0
165,Y00776,Losartan Pot_Tab 100mg,0205052N0AAADAD,1,0.003599999999999999
166,Y00776,Prednisolone_Tab Solb 5mg,0603020T0AABHBH,13,67.14860000000002
167,Y03605,Clopidogrel_Tab 75mg,0209000C0AAAAAA,1,0.004899999999999995
168,Y03671,Atorvastatin_Tab 10mg,0212000B0AAAAAA,29,0.060900000000000336
169,Y03671,Atorvastatin_Tab 20mg,0212000B0AAABAB,58,0.16240000000000465
170,Y03671,Clopidogrel_Tab 75mg,0209000C0AAAAAA,39,15.4518
171,Y03671,Losartan Pot_Tab 100mg,0205052N0AAADAD,33,33.2267
172,Y03671,Paracet_Tab 500mg,0407010H0AAAMAM,46,19.969600000000007
