,practice_code,bnf_description,bnf_code,items,excess_cost
0,J82046,Amiodarone HCl_Tab 200mg,0203020D0AAABAB,3,1.7500000000000016
1,J82046,Clonazepam_Tab 500mcg,0408010F0AAABAB,20,11.612399999999974
2,J82046,Mesalazine_Tab E/C 800mg,0105010B0AAASAS,4,4.263256414560601e-14
3,J82046,Pyridox HCl_Tab 50mg,0906024N0AAAIAI,1,0.4788000000000001
4,J82058,Amiodarone HCl_Tab 200mg,0203020D0AAABAB,2,1.050000000000001
5,J82058,Clonazepam_Tab 500mcg,0408010F0AAABAB,18,5.717799999999988
6,J82058,Mesalazine_Tab E/C 800mg,0105010B0AAASAS,8,17.25360000000001
7,J82058,Methocarbamol_Tab 750mg,1002020S0AAABAB,1,0.36960000000000126
8,J82061,Amiodarone HCl_Tab 200mg,0203020D0AAABAB,4,1.7500000000000016
9,J82061,Clonazepam_Tab 500mcg,0408010F0AAABAB,12,4.531299999999991
10,J82061,Methocarbamol_Tab 750mg,1002020S0AAABAB,2,2.1499999999999995
11,J82061,Topiramate_Tab 200mg,040801050AAACAC,1,3.4859999999999984
12,J82069,Amiodarone HCl_Tab 200mg,0203020D0AAABAB,8,3.234700000000003
13,J82069,Clonazepam_Tab 500mcg,0408010F0AAABAB,89,60.52529999999987
14,J82069,Mesalazine_Tab E/C 800mg,0105010B0AAASAS,2,48.37999999999999
15,J82069,Methocarbamol_Tab 750mg,1002020S0AAABAB,8,3.9215999999999984
16,J82069,Pyridox HCl_Tab 50mg,0906024N0AAAIAI,34,5.408600000000003
17,J82069,Topiramate_Tab 200mg,040801050AAACAC,7,19.57679999999999
18,J82077,Amiodarone HCl_Tab 200mg,0203020D0AAABAB,3,1.050000000000001
19,J82077,Clonazepam_Tab 500mcg,0408010F0AAABAB,8,1.5028999999999968
20,J82077,Methocarbamol_Tab 750mg,1002020S0AAABAB,4,0.9944000000000034
21,J82077,Pyridox HCl_Tab 50mg,0906024N0AAAIAI,1,0.9576000000000002
22,J82079,Amiodarone HCl_Tab 200mg,0203020D0AAABAB,4,1.4000000000000012
23,J82079,Clonazepam_Tab 500mcg,0408010F0AAABAB,11,4.9945999999999895
24,J82094,Amiodarone HCl_Tab 200mg,0203020D0AAABAB,14,3.6582000000000026
25,J82094,Clonazepam_Tab 500mcg,0408010F0AAABAB,68,27.139999999999944
26,J82094,Linezolid_Tab 600mg,0501070W0AAAAAA,1,5.809999999999995
27,J82094,Mesalazine_Tab E/C 800mg,0105010B0AAASAS,2,-18.432
28,J82094,Methocarbamol_Tab 750mg,1002020S0AAABAB,1,0.36960000000000126
29,J82094,Pyridox HCl_Tab 50mg,0906024N0AAAIAI,5,3.351600000000001
30,J82094,Topiramate_Tab 200mg,040801050AAACAC,5,4.7972
31,J82094,Zolmitriptan_Tab 2.5mg,0407041Z0AAAAAA,11,20.9124
32,J82136,Amiodarone HCl_Tab 200mg,0203020D0AAABAB,7,4.550000000000004
33,J82136,Clonazepam_Tab 500mcg,0408010F0AAABAB,16,11.704199999999974
34,J82136,Methocarbamol_Tab 750mg,1002020S0AAABAB,3,2.958399999999999
35,J82136,Topiramate_Tab 200mg,040801050AAACAC,1,2.489999999999999
36,J82138,Amiodarone HCl_Tab 200mg,0203020D0AAABAB,9,2.438800000000002
37,J82138,Clonazepam_Tab 500mcg,0408010F0AAABAB,38,22.93769999999995
38,J82138,Mesalazine_Tab E/C 800mg,0105010B0AAASAS,4,86.09999999999997
39,J82138,Methocarbamol_Tab 750mg,1002020S0AAABAB,8,2.105500000000002
40,J82138,Pyridox HCl_Tab 50mg,0906024N0AAAIAI,1,0.3591000000000001
41,J82138,Topiramate_Tab 200mg,040801050AAACAC,1,2.489999999999999
42,J82144,Amiodarone HCl_Tab 200mg,0203020D0AAABAB,16,8.269400000000006
43,J82144,Clonazepam_Tab 500mcg,0408010F0AAABAB,86,27.464799999999947
44,J82144,Gemfibrozil_Tab 600mg,0212000Q0AAABAB,1,15.142399999999999
45,J82144,Linezolid_Tab 600mg,0501070W0AAAAAA,1,16.267999999999986
46,J82144,Mesalazine_Tab E/C 800mg,0105010B0AAASAS,1,-36.89999999999999
47,J82144,Methocarbamol_Tab 750mg,1002020S0AAABAB,6,5.073999999999998
48,J82144,Pyridox HCl_Tab 50mg,0906024N0AAAIAI,4,0.4788000000000001
49,J82144,Risperidone_Tab 6mg,040201030AAAFAF,1,29.2096
50,J82157,Amiodarone HCl_Tab 200mg,0203020D0AAABAB,4,1.4000000000000012
51,J82157,Clonazepam_Tab 500mcg,0408010F0AAABAB,29,16.793999999999965
52,J82157,Gemfibrozil_Tab 600mg,0212000Q0AAABAB,1,7.571199999999999
53,J82157,Methocarbamol_Tab 750mg,1002020S0AAABAB,2,1.2899999999999996
54,J82157,Topiramate_Tab 200mg,040801050AAACAC,1,2.489999999999999
55,J82197,Amiodarone HCl_Tab 200mg,0203020D0AAABAB,2,0.7000000000000006
56,J82197,Clonazepam_Tab 500mcg,0408010F0AAABAB,5,1.7401999999999964
57,J82197,Pyridox HCl_Tab 50mg,0906024N0AAAIAI,1,1.4364000000000003
58,J82218,Amiodarone HCl_Tab 200mg,0203020D0AAABAB,3,1.050000000000001
59,J82218,Clonazepam_Tab 500mcg,0408010F0AAABAB,12,5.991399999999987
60,J82218,Pyridox HCl_Tab 50mg,0906024N0AAAIAI,1,0.9576000000000002
61,J82218,Topiramate_Tab 200mg,040801050AAACAC,2,4.808399999999999
62,J82220,Clonazepam_Tab 500mcg,0408010F0AAABAB,12,6.862399999999987
63,J82220,Methocarbamol_Tab 750mg,1002020S0AAABAB,1,0.4299999999999998
64,J82220,Pyridox HCl_Tab 50mg,0906024N0AAAIAI,1,0.9576000000000002
65,J82220,Topiramate_Tab 200mg,040801050AAACAC,1,2.489999999999999
66,J82625,Amiodarone HCl_Tab 200mg,0203020D0AAABAB,5,1.7500000000000016
67,J82625,Clonazepam_Tab 500mcg,0408010F0AAABAB,2,0.8863999999999976
68,J82639,Amiodarone HCl_Tab 200mg,0203020D0AAABAB,2,0.7000000000000006
69,J82639,Clonazepam_Tab 500mcg,0408010F0AAABAB,2,1.446399999999997
70,J82639,Methocarbamol_Tab 750mg,1002020S0AAABAB,2,0.8599999999999997
71,Y00587,Clonazepam_Tab 500mcg,0408010F0AAABAB,1,0.11599999999999999
72,Y00587,Pyridox HCl_Tab 50mg,0906024N0AAAIAI,1,0.17400000000000082
