,practice_code,bnf_description,bnf_code,items,excess_cost
13,H81026,Phenytoin_Sod Tab 100mg,0408010Q0AAAGAG,1,159.19679999999997
0,H81084,Mesalazine_Tab E/C 400mg,0105010B0AAAAAA,2,143.74079999999998
14,H81010,Phenytoin_Sod Tab 100mg,0408010Q0AAAGAG,1,79.59839999999998
15,H81062,Phenytoin_Sod Tab 100mg,0408010Q0AAAGAG,1,79.59839999999998
17,H81035,Mesalazine_Tab E/C 800mg,0105010B0AAASAS,1,73.79999999999998
16,H81062,Phenytoin_Sod Tab 100mg,0408010Q0AAAGAG,1,59.69879999999999
113,H81076,Risperidone_Tab 6mg,040201030AAAFAF,1,58.4192
135,H81022,Hydrocort_Tab 10mg,0603020J0AAADAD,2,55.775999999999996
2,H81090,Mesalazine_Tab E/C 400mg,0105010B0AAAAAA,1,47.913599999999995
3,H81076,Mesalazine_Tab E/C 400mg,0105010B0AAAAAA,1,47.913599999999995
4,H81021,Mesalazine_Tab E/C 400mg,0105010B0AAAAAA,2,47.913599999999995
5,H81026,Mesalazine_Tab E/C 400mg,0105010B0AAAAAA,1,47.913599999999995
1,H81085,Mesalazine_Tab E/C 400mg,0105010B0AAAAAA,1,47.913599999999995
18,H81031,Mesalazine_Tab E/C 800mg,0105010B0AAASAS,2,36.90000000000001
19,H81053,Mesalazine_Tab E/C 800mg,0105010B0AAASAS,1,36.89999999999999
116,H81043,Paracet_Tab Solb 500mg,0407010H0AAAQAQ,2,36.74
115,H81043,Paracet_Tab Solb 500mg,0407010H0AAAQAQ,2,36.74
114,H81077,Risperidone_Tab 6mg,040201030AAAFAF,1,29.2096
6,H81132,Mesalazine_Tab E/C 400mg,0105010B0AAAAAA,1,25.667999999999996
20,H81053,Mesalazine_Tab E/C 800mg,0105010B0AAASAS,1,24.599999999999994
7,H81090,Mesalazine_Tab E/C 400mg,0105010B0AAAAAA,1,23.956799999999998
8,H81052,Mesalazine_Tab E/C 400mg,0105010B0AAAAAA,1,23.956799999999998
21,H81090,Mesalazine_Tab E/C 800mg,0105010B0AAASAS,1,22.959999999999994
22,H81085,Mesalazine_Tab E/C 800mg,0105010B0AAASAS,1,22.959999999999994
23,H81031,Mesalazine_Tab E/C 800mg,0105010B0AAASAS,2,17.220000000000006
24,H81021,Mesalazine_Tab E/C 800mg,0105010B0AAASAS,1,17.219999999999995
9,H81006,Mesalazine_Tab E/C 400mg,0105010B0AAAAAA,1,8.556
10,H81043,Mesalazine_Tab E/C 400mg,0105010B0AAAAAA,1,7.985599999999999
179,H81084,Tetrabenazine_Tab 25mg,0409030C0AAAAAA,1,5.997599999999992
30,H81021,Clonazepam_Tab 500mcg,0408010F0AAABAB,3,5.695199999999988
142,H81062,Amiodarone HCl_Tab 200mg,0203020D0AAABAB,16,5.600000000000005
31,H81021,Clonazepam_Tab 500mcg,0408010F0AAABAB,7,4.429599999999991
181,H81062,Tetrabenazine_Tab 25mg,0409030C0AAAAAA,1,3.998399999999995
180,H81029,Tetrabenazine_Tab 25mg,0409030C0AAAAAA,1,3.998399999999995
143,H81043,Amiodarone HCl_Tab 200mg,0203020D0AAABAB,11,3.850000000000003
186,H81010,Pyridox HCl_Tab 50mg,0906024N0AAAIAI,2,3.830400000000001
33,H81026,Clonazepam_Tab 500mcg,0408010F0AAABAB,2,3.796799999999992
32,H81026,Clonazepam_Tab 500mcg,0408010F0AAABAB,3,3.796799999999992
144,H81052,Amiodarone HCl_Tab 200mg,0203020D0AAABAB,5,3.500000000000003
145,H81021,Amiodarone HCl_Tab 200mg,0203020D0AAABAB,5,3.500000000000003
34,H81076,Clonazepam_Tab 500mcg,0408010F0AAABAB,2,3.1639999999999935
146,H81052,Amiodarone HCl_Tab 200mg,0203020D0AAABAB,9,3.150000000000003
182,H81021,Tetrabenazine_Tab 25mg,0409030C0AAAAAA,3,2.998799999999996
183,H81085,Tetrabenazine_Tab 25mg,0409030C0AAAAAA,1,2.998799999999996
147,H81010,Amiodarone HCl_Tab 200mg,0203020D0AAABAB,4,2.8000000000000025
148,H81090,Amiodarone HCl_Tab 200mg,0203020D0AAABAB,4,2.8000000000000025
37,H81043,Clonazepam_Tab 500mcg,0408010F0AAABAB,4,2.531199999999995
38,H81026,Clonazepam_Tab 500mcg,0408010F0AAABAB,4,2.531199999999995
35,H81076,Clonazepam_Tab 500mcg,0408010F0AAABAB,4,2.531199999999995
36,H81021,Clonazepam_Tab 500mcg,0408010F0AAABAB,2,2.531199999999995
39,H81035,Clonazepam_Tab 500mcg,0408010F0AAABAB,5,2.372999999999995
40,H81010,Clonazepam_Tab 500mcg,0408010F0AAABAB,2,2.2599999999999953
41,H81062,Clonazepam_Tab 500mcg,0408010F0AAABAB,7,2.2147999999999954
150,H81026,Amiodarone HCl_Tab 200mg,0203020D0AAABAB,3,2.100000000000002
149,H81053,Amiodarone HCl_Tab 200mg,0203020D0AAABAB,3,2.100000000000002
151,H81076,Amiodarone HCl_Tab 200mg,0203020D0AAABAB,6,2.100000000000002
184,H81021,Tetrabenazine_Tab 25mg,0409030C0AAAAAA,1,1.9991999999999974
185,H81026,Tetrabenazine_Tab 25mg,0409030C0AAAAAA,1,1.9991999999999974
187,H81064,Pyridox HCl_Tab 50mg,0906024N0AAAIAI,2,1.9152000000000005
188,H81021,Pyridox HCl_Tab 50mg,0906024N0AAAIAI,2,1.9152000000000005
189,H81064,Pyridox HCl_Tab 50mg,0906024N0AAAIAI,1,1.9152000000000005
49,H81031,Clonazepam_Tab 500mcg,0408010F0AAABAB,1,1.898399999999996
48,H81010,Clonazepam_Tab 500mcg,0408010F0AAABAB,1,1.898399999999996
47,H81084,Clonazepam_Tab 500mcg,0408010F0AAABAB,1,1.898399999999996
45,H81076,Clonazepam_Tab 500mcg,0408010F0AAABAB,2,1.898399999999996
46,H81062,Clonazepam_Tab 500mcg,0408010F0AAABAB,2,1.898399999999996
51,H81076,Clonazepam_Tab 500mcg,0408010F0AAABAB,1,1.898399999999996
44,H81010,Clonazepam_Tab 500mcg,0408010F0AAABAB,6,1.898399999999996
43,H81029,Clonazepam_Tab 500mcg,0408010F0AAABAB,3,1.898399999999996
42,H81076,Clonazepam_Tab 500mcg,0408010F0AAABAB,6,1.898399999999996
50,H81062,Clonazepam_Tab 500mcg,0408010F0AAABAB,3,1.898399999999996
52,H81031,Clonazepam_Tab 500mcg,0408010F0AAABAB,3,1.898399999999996
152,H81021,Amiodarone HCl_Tab 200mg,0203020D0AAABAB,5,1.7500000000000016
153,H81010,Amiodarone HCl_Tab 200mg,0203020D0AAABAB,5,1.7500000000000016
154,H81022,Amiodarone HCl_Tab 200mg,0203020D0AAABAB,5,1.7500000000000016
190,H81062,Pyridox HCl_Tab 50mg,0906024N0AAAIAI,1,1.7100000000000004
117,H81010,Paracet_Tab Solb 500mg,0407010H0AAAQAQ,4,1.6000000000000014
118,H81010,Paracet_Tab Solb 500mg,0407010H0AAAQAQ,4,1.6000000000000014
192,H81077,Pyridox HCl_Tab 50mg,0906024N0AAAIAI,1,1.4364000000000003
191,H81062,Pyridox HCl_Tab 50mg,0906024N0AAAIAI,1,1.4364000000000003
53,H81062,Clonazepam_Tab 500mcg,0408010F0AAABAB,6,1.423799999999997
54,H81064,Clonazepam_Tab 500mcg,0408010F0AAABAB,6,1.423799999999997
155,H81085,Amiodarone HCl_Tab 200mg,0203020D0AAABAB,2,1.4000000000000012
55,H81043,Clonazepam_Tab 500mcg,0408010F0AAABAB,2,1.3559999999999972
56,H81053,Clonazepam_Tab 500mcg,0408010F0AAABAB,1,1.3559999999999972
63,H81053,Clonazepam_Tab 500mcg,0408010F0AAABAB,1,1.2655999999999974
61,H81062,Clonazepam_Tab 500mcg,0408010F0AAABAB,1,1.2655999999999974
62,H81053,Clonazepam_Tab 500mcg,0408010F0AAABAB,4,1.2655999999999974
60,H81031,Clonazepam_Tab 500mcg,0408010F0AAABAB,4,1.2655999999999974
59,H81085,Clonazepam_Tab 500mcg,0408010F0AAABAB,1,1.2655999999999974
58,H81076,Clonazepam_Tab 500mcg,0408010F0AAABAB,1,1.2655999999999974
57,H81052,Clonazepam_Tab 500mcg,0408010F0AAABAB,2,1.2655999999999974
65,H81029,Clonazepam_Tab 500mcg,0408010F0AAABAB,1,1.1299999999999977
64,H81043,Clonazepam_Tab 500mcg,0408010F0AAABAB,1,1.1299999999999977
66,H81076,Clonazepam_Tab 500mcg,0408010F0AAABAB,1,1.1299999999999977
67,H81052,Clonazepam_Tab 500mcg,0408010F0AAABAB,1,1.1299999999999977
68,H81064,Clonazepam_Tab 500mcg,0408010F0AAABAB,1,1.1299999999999977
69,H81076,Clonazepam_Tab 500mcg,0408010F0AAABAB,1,1.1073999999999977
156,H81077,Amiodarone HCl_Tab 200mg,0203020D0AAABAB,13,1.1011
193,H81132,Pyridox HCl_Tab 50mg,0906024N0AAAIAI,1,1.0773000000000001
162,H81006,Amiodarone HCl_Tab 200mg,0203020D0AAABAB,3,1.050000000000001
161,H81077,Amiodarone HCl_Tab 200mg,0203020D0AAABAB,3,1.050000000000001
160,H81076,Amiodarone HCl_Tab 200mg,0203020D0AAABAB,1,1.050000000000001
159,H81085,Amiodarone HCl_Tab 200mg,0203020D0AAABAB,3,1.050000000000001
158,H81084,Amiodarone HCl_Tab 200mg,0203020D0AAABAB,3,1.050000000000001
157,H81132,Amiodarone HCl_Tab 200mg,0203020D0AAABAB,1,1.050000000000001
70,H81031,Clonazepam_Tab 500mcg,0408010F0AAABAB,1,1.016999999999998
194,H81026,Pyridox HCl_Tab 50mg,0906024N0AAAIAI,1,0.9576000000000002
196,H81031,Pyridox HCl_Tab 50mg,0906024N0AAAIAI,1,0.9576000000000002
195,H81029,Pyridox HCl_Tab 50mg,0906024N0AAAIAI,1,0.9576000000000002
73,H81010,Clonazepam_Tab 500mcg,0408010F0AAABAB,4,0.949199999999998
71,H81021,Clonazepam_Tab 500mcg,0408010F0AAABAB,1,0.949199999999998
72,H81029,Clonazepam_Tab 500mcg,0408010F0AAABAB,3,0.949199999999998
74,H81010,Clonazepam_Tab 500mcg,0408010F0AAABAB,6,0.949199999999998
75,H81010,Clonazepam_Tab 500mcg,0408010F0AAABAB,1,0.949199999999998
76,H81022,Clonazepam_Tab 500mcg,0408010F0AAABAB,2,0.949199999999998
77,H81064,Clonazepam_Tab 500mcg,0408010F0AAABAB,1,0.949199999999998
78,H81022,Clonazepam_Tab 500mcg,0408010F0AAABAB,10,0.7909999999999984
166,H81132,Amiodarone HCl_Tab 200mg,0203020D0AAABAB,2,0.7000000000000006
163,H81035,Amiodarone HCl_Tab 200mg,0203020D0AAABAB,1,0.7000000000000006
165,H81076,Amiodarone HCl_Tab 200mg,0203020D0AAABAB,1,0.7000000000000006
164,H81031,Amiodarone HCl_Tab 200mg,0203020D0AAABAB,2,0.7000000000000006
167,H81006,Amiodarone HCl_Tab 200mg,0203020D0AAABAB,1,0.7000000000000006
168,H81026,Amiodarone HCl_Tab 200mg,0203020D0AAABAB,2,0.7000000000000006
82,H81006,Clonazepam_Tab 500mcg,0408010F0AAABAB,1,0.6779999999999986
81,H81076,Clonazepam_Tab 500mcg,0408010F0AAABAB,2,0.6779999999999986
80,H81029,Clonazepam_Tab 500mcg,0408010F0AAABAB,1,0.6779999999999986
79,H81053,Clonazepam_Tab 500mcg,0408010F0AAABAB,1,0.6779999999999986
88,H81035,Clonazepam_Tab 500mcg,0408010F0AAABAB,2,0.6327999999999987
87,H81006,Clonazepam_Tab 500mcg,0408010F0AAABAB,1,0.6327999999999987
86,H81035,Clonazepam_Tab 500mcg,0408010F0AAABAB,1,0.6327999999999987
85,H81022,Clonazepam_Tab 500mcg,0408010F0AAABAB,1,0.6327999999999987
83,H81043,Clonazepam_Tab 500mcg,0408010F0AAABAB,2,0.6327999999999987
84,H81132,Clonazepam_Tab 500mcg,0408010F0AAABAB,1,0.6327999999999987
89,H81043,Clonazepam_Tab 500mcg,0408010F0AAABAB,3,0.6047999999999993
93,H81052,Clonazepam_Tab 500mcg,0408010F0AAABAB,1,0.5699999999999983
90,H81043,Clonazepam_Tab 500mcg,0408010F0AAABAB,1,0.5699999999999983
91,H81064,Clonazepam_Tab 500mcg,0408010F0AAABAB,1,0.5699999999999983
92,H81076,Clonazepam_Tab 500mcg,0408010F0AAABAB,1,0.5699999999999983
94,H81043,Clonazepam_Tab 500mcg,0408010F0AAABAB,2,0.5471999999999984
169,H81076,Amiodarone HCl_Tab 200mg,0203020D0AAABAB,6,0.5082
198,H81053,Pyridox HCl_Tab 50mg,0906024N0AAAIAI,1,0.4788000000000001
197,H81031,Pyridox HCl_Tab 50mg,0906024N0AAAIAI,1,0.4788000000000001
199,H81021,Pyridox HCl_Tab 50mg,0906024N0AAAIAI,1,0.4788000000000001
200,H81076,Pyridox HCl_Tab 50mg,0906024N0AAAIAI,1,0.4788000000000001
201,H81062,Pyridox HCl_Tab 50mg,0906024N0AAAIAI,1,0.4788000000000001
202,H81647,Pyridox HCl_Tab 50mg,0906024N0AAAIAI,1,0.4788000000000001
95,H81064,Clonazepam_Tab 500mcg,0408010F0AAABAB,3,0.474599999999999
96,H81062,Clonazepam_Tab 500mcg,0408010F0AAABAB,1,0.474599999999999
97,H81021,Clonazepam_Tab 500mcg,0408010F0AAABAB,5,0.3954999999999992
171,H81090,Amiodarone HCl_Tab 200mg,0203020D0AAABAB,1,0.3500000000000003
170,H81029,Amiodarone HCl_Tab 200mg,0203020D0AAABAB,1,0.3500000000000003
172,H81053,Amiodarone HCl_Tab 200mg,0203020D0AAABAB,1,0.3500000000000003
173,H81035,Amiodarone HCl_Tab 200mg,0203020D0AAABAB,1,0.3500000000000003
98,H81044,Clonazepam_Tab 500mcg,0408010F0AAABAB,1,0.3389999999999993
99,H81026,Clonazepam_Tab 500mcg,0408010F0AAABAB,1,0.3389999999999993
100,H81077,Clonazepam_Tab 500mcg,0408010F0AAABAB,1,0.3389999999999993
176,H81062,Amiodarone HCl_Tab 200mg,0203020D0AAABAB,4,0.3388
174,H81052,Amiodarone HCl_Tab 200mg,0203020D0AAABAB,4,0.3388
175,H81031,Amiodarone HCl_Tab 200mg,0203020D0AAABAB,4,0.3388
177,H81064,Amiodarone HCl_Tab 200mg,0203020D0AAABAB,4,0.3388
104,H81029,Clonazepam_Tab 500mcg,0408010F0AAABAB,2,0.31639999999999935
103,H81077,Clonazepam_Tab 500mcg,0408010F0AAABAB,1,0.31639999999999935
102,H81044,Clonazepam_Tab 500mcg,0408010F0AAABAB,1,0.31639999999999935
101,H81064,Clonazepam_Tab 500mcg,0408010F0AAABAB,1,0.31639999999999935
106,H81132,Clonazepam_Tab 500mcg,0408010F0AAABAB,1,0.2372999999999995
105,H81077,Clonazepam_Tab 500mcg,0408010F0AAABAB,1,0.2372999999999995
107,H81084,Clonazepam_Tab 500mcg,0408010F0AAABAB,1,0.2372999999999995
178,H81052,Amiodarone HCl_Tab 200mg,0203020D0AAABAB,1,0.17920000000000008
108,H81043,Clonazepam_Tab 500mcg,0408010F0AAABAB,1,0.15819999999999967
109,H81076,Clonazepam_Tab 500mcg,0408010F0AAABAB,1,0.15819999999999967
110,H81077,Clonazepam_Tab 500mcg,0408010F0AAABAB,3,0.12719999999999998
112,H81076,Clonazepam_Tab 500mcg,0408010F0AAABAB,1,0.07909999999999984
111,H81035,Clonazepam_Tab 500mcg,0408010F0AAABAB,1,0.07909999999999984
120,H81076,Paracet_Tab Solb 500mg,0407010H0AAAQAQ,1,0.006400000000000183
119,H81076,Paracet_Tab Solb 500mg,0407010H0AAAQAQ,1,0.006400000000000183
136,H81077,Hydrocort_Tab 10mg,0603020J0AAADAD,1,0.004499999999999504
121,H81026,Paracet_Tab Solb 500mg,0407010H0AAAQAQ,1,-0.0031999999999996476
122,H81026,Paracet_Tab Solb 500mg,0407010H0AAAQAQ,1,-0.0031999999999996476
129,H81026,Paracet_Tab Solb 500mg,0407010H0AAAQAQ,1,-0.005999999999999339
125,H81132,Paracet_Tab Solb 500mg,0407010H0AAAQAQ,1,-0.005999999999999339
128,H81085,Paracet_Tab Solb 500mg,0407010H0AAAQAQ,1,-0.005999999999999339
130,H81085,Paracet_Tab Solb 500mg,0407010H0AAAQAQ,1,-0.005999999999999339
124,H81132,Paracet_Tab Solb 500mg,0407010H0AAAQAQ,1,-0.005999999999999339
123,H81077,Paracet_Tab Solb 500mg,0407010H0AAAQAQ,1,-0.005999999999999339
126,H81026,Paracet_Tab Solb 500mg,0407010H0AAAQAQ,1,-0.005999999999999339
127,H81077,Paracet_Tab Solb 500mg,0407010H0AAAQAQ,1,-0.005999999999999339
131,H81043,Paracet_Tab Solb 500mg,0407010H0AAAQAQ,2,-0.006399999999999295
132,H81043,Paracet_Tab Solb 500mg,0407010H0AAAQAQ,2,-0.006399999999999295
137,H81062,Hydrocort_Tab 10mg,0603020J0AAADAD,1,-0.007999999999999119
138,H81026,Hydrocort_Tab 10mg,0603020J0AAADAD,1,-0.011199999999998766
133,H81076,Paracet_Tab Solb 500mg,0407010H0AAAQAQ,2,-0.011999999999998678
134,H81076,Paracet_Tab Solb 500mg,0407010H0AAAQAQ,2,-0.011999999999998678
139,H81006,Hydrocort_Tab 10mg,0603020J0AAADAD,1,-0.013999999999998458
140,H81026,Hydrocort_Tab 10mg,0603020J0AAADAD,1,-0.013999999999998458
141,H81035,Hydrocort_Tab 10mg,0603020J0AAADAD,1,-0.013999999999998458
25,H81043,Mesalazine_Tab E/C 800mg,0105010B0AAASAS,1,-11.479999999999997
11,H81053,Mesalazine_Tab E/C 400mg,0105010B0AAAAAA,1,-17.112
26,H81031,Mesalazine_Tab E/C 800mg,0105010B0AAASAS,2,-17.219999999999988
27,H81026,Mesalazine_Tab E/C 800mg,0105010B0AAASAS,1,-22.959999999999994
28,H81026,Mesalazine_Tab E/C 800mg,0105010B0AAASAS,1,-24.599999999999994
29,H81031,Mesalazine_Tab E/C 800mg,0105010B0AAASAS,2,-36.89999999999997
12,H81076,Mesalazine_Tab E/C 400mg,0105010B0AAAAAA,1,-68.448
