,practice_code,bnf_description,bnf_code,items,excess_cost
0,C84009,Atorvastatin_Tab 20mg,0212000B0AAABAB,1,-0.0015999999999999348
1,C84009,Clonazepam_Tab 500mcg,0408010F0AAABAB,14,6.961799999999986
2,C84009,Paracet_Tab 500mg,0407010H0AAAMAM,620,-12.44719999999991
3,C84009,Sertraline HCl_Tab 100mg,0403030Q0AAABAB,1,0.0021000000000000116
4,C84009,Tramadol HCl_Cap 50mg,040702040AAAAAA,4,0.0028000000000004688
5,C84019,Atorvastatin_Tab 20mg,0212000B0AAABAB,2,0.004400000000000237
6,C84019,Clonazepam_Tab 500mcg,0408010F0AAABAB,10,6.3437999999999874
7,C84019,Losartan Pot_Tab 100mg,0205052N0AAADAD,1,-0.0029999999999998778
8,C84019,Paracet_Tab 500mg,0407010H0AAAMAM,804,-17.198399999999896
9,C84019,Sertraline HCl_Tab 100mg,0403030Q0AAABAB,2,0.0011999999999999372
10,C84021,Atorvastatin_Tab 20mg,0212000B0AAABAB,1,-0.0015999999999999348
11,C84021,Clonazepam_Tab 500mcg,0408010F0AAABAB,19,11.390399999999978
12,C84021,Losartan Pot_Tab 100mg,0205052N0AAADAD,4,0.02240000000000006
13,C84021,Paracet_Tab 500mg,0407010H0AAAMAM,512,23.612800000000135
14,C84021,Sertraline HCl_Tab 100mg,0403030Q0AAABAB,1,0.004199999999999829
15,C84021,Tramadol HCl_Cap 50mg,040702040AAAAAA,32,-0.7719999999999954
16,C84029,Clonazepam_Tab 500mcg,0408010F0AAABAB,18,6.802599999999986
17,C84029,Paracet_Tab 500mg,0407010H0AAAMAM,754,33.62760000000013
18,C84029,Pramipexole_Tab 260mcg M/R,0409010W0AAAEAE,2,90.16560000000003
19,C84029,Sertraline HCl_Tab 100mg,0403030Q0AAABAB,1,0.004200000000000023
20,C84029,Tramadol HCl_Cap 50mg,040702040AAAAAA,4,-0.011199999999999544
21,C84037,Clonazepam_Tab 500mcg,0408010F0AAABAB,19,11.751999999999976
22,C84037,Montelukast_Tab 10mg,0303020G0AAABAB,24,24.393600000000003
23,C84037,Paracet_Tab 500mg,0407010H0AAAMAM,734,178.95000000000013
24,C84037,Phenytoin_Sod Tab 100mg,0408010Q0AAAGAG,1,59.69879999999999
25,C84037,Sertraline HCl_Tab 100mg,0403030Q0AAABAB,1,0.004200000000000023
26,C84037,Tramadol HCl_Cap 50mg,040702040AAAAAA,16,-0.02799999999999886
27,C84045,Clonazepam_Tab 500mcg,0408010F0AAABAB,3,2.2599999999999953
28,C84045,Paracet_Tab 500mg,0407010H0AAAMAM,288,39.05800000000002
29,C84045,Tramadol HCl_Cap 50mg,040702040AAAAAA,12,0.02240000000000142
30,C84049,Clonazepam_Tab 500mcg,0408010F0AAABAB,16,4.610599999999992
31,C84049,Doxazosin Mesil_Tab 4mg,0205040D0AAACAC,4,0.01959999999999988
32,C84049,Losartan Pot_Tab 100mg,0205052N0AAADAD,44,0.24640000000000065
33,C84049,Paracet_Tab 500mg,0407010H0AAAMAM,82,0.09519999999999942
34,C84049,Sertraline HCl_Tab 100mg,0403030Q0AAABAB,32,0.06930000000000038
35,C84049,Tramadol HCl_Cap 50mg,040702040AAAAAA,60,-2.1023999999999883
36,C84059,Atorvastatin_Tab 20mg,0212000B0AAABAB,347,135.63040000000007
37,C84059,Clonazepam_Tab 500mcg,0408010F0AAABAB,23,10.994899999999978
38,C84059,Doxazosin Mesil_Tab 4mg,0205040D0AAACAC,11,7.624399999999997
39,C84059,Losartan Pot_Tab 100mg,0205052N0AAADAD,109,35.91069999999999
40,C84059,Paracet_Tab 500mg,0407010H0AAAMAM,1322,65.66340000000025
41,C84059,Sertraline HCl_Tab 100mg,0403030Q0AAABAB,199,54.001900000000006
42,C84059,Tramadol HCl_Cap 50mg,040702040AAAAAA,172,6.799200000000038
43,C84087,Atorvastatin_Tab 20mg,0212000B0AAABAB,2,0.004000000000000115
44,C84087,Clonazepam_Tab 500mcg,0408010F0AAABAB,4,1.898399999999996
45,C84087,Paracet_Tab 500mg,0407010H0AAAMAM,336,-3.1839999999999806
46,C84087,Sertraline HCl_Tab 100mg,0403030Q0AAABAB,14,0.035700000000000245
47,C84087,Tramadol HCl_Cap 50mg,040702040AAAAAA,2,-0.005599999999999772
48,C84113,Clonazepam_Tab 500mcg,0408010F0AAABAB,4,2.0791999999999957
49,C84113,Paracet_Tab 500mg,0407010H0AAAMAM,366,-12.52559999999994
50,C84123,Clonazepam_Tab 500mcg,0408010F0AAABAB,3,2.2147999999999954
51,C84123,Sertraline HCl_Tab 100mg,0403030Q0AAABAB,4,0.016800000000000093
52,C84656,Clonazepam_Tab 500mcg,0408010F0AAABAB,3,1.5819999999999967
53,C84656,Paracet_Tab 500mg,0407010H0AAAMAM,6,0.0331999999999998
54,C84656,Sertraline HCl_Tab 100mg,0403030Q0AAABAB,1,0.004200000000000023
55,C84656,Tramadol HCl_Cap 50mg,040702040AAAAAA,8,-0.022399999999999087
56,C84660,Clonazepam_Tab 500mcg,0408010F0AAABAB,1,0.3389999999999993
57,C84660,Doxazosin Mesil_Tab 4mg,0205040D0AAACAC,3,0.014699999999999911
58,C84660,Losartan Pot_Tab 100mg,0205052N0AAADAD,12,0.06720000000000018
59,C84660,Paracet_Tab 500mg,0407010H0AAAMAM,98,29.275199999999998
60,C84660,Sertraline HCl_Tab 100mg,0403030Q0AAABAB,8,0.02520000000000014
61,C84660,Tramadol HCl_Cap 50mg,040702040AAAAAA,24,30.794400000000024
62,Y05369,Clonazepam_Tab 500mcg,0408010F0AAABAB,4,3.596399999999993
63,Y05369,Doxazosin Mesil_Tab 4mg,0205040D0AAACAC,4,52.864
64,Y05369,Losartan Pot_Tab 100mg,0205052N0AAADAD,57,14.842800000000004
65,Y05369,Montelukast_Tab 10mg,0303020G0AAABAB,13,48.739599999999996
66,Y05369,Paracet_Tab 500mg,0407010H0AAAMAM,136,91.23120000000002
67,Y05369,Tramadol HCl_Cap 50mg,040702040AAAAAA,6,18.576000000000004
