,practice_code,bnf_description,bnf_code,items,excess_cost
0,C83004,Aripiprazole_Tab 10mg,0402010ADAAAAAA,1,0.00560000000000016
1,C83004,Atorvastatin_Tab 10mg,0212000B0AAAAAA,4,0.00030000000000007104
2,C83004,Atorvastatin_Tab 20mg,0212000B0AAABAB,1,0.006000000000000172
3,C83004,Memantine HCl_Tab 20mg,0411000G0AAADAD,7,63.895999999999994
4,C83004,Paracet_Tab 500mg,0407010H0AAAMAM,168,29.196400000000004
5,C83004,Paracet_Tab Solb 500mg,0407010H0AAAQAQ,4,-0.023999999999997357
6,C83004,Pregabalin_Cap 150mg,0408010AEAAAEAE,2,0.01120000000000032
7,C83004,Sertraline HCl_Tab 50mg,0403030Q0AAAAAA,1,0.002999999999999982
8,C83005,Aripiprazole_Tab 10mg,0402010ADAAAAAA,3,-0.006299999999999889
9,C83005,Atorvastatin_Tab 10mg,0212000B0AAAAAA,69,0.1449000000000008
10,C83005,Memantine HCl_Tab 20mg,0411000G0AAADAD,10,63.94290000000001
11,C83005,Paracet_Tab 500mg,0407010H0AAAMAM,264,2.1127999999999867
12,C83005,Pregabalin_Cap 150mg,0408010AEAAAEAE,10,0.03360000000000096
13,C83005,Pregabalin_Cap 75mg,0408010AEAAACAC,5,-0.0105000000000003
14,C83010,Atorvastatin_Tab 10mg,0212000B0AAAAAA,55,0.11550000000000063
15,C83010,Atorvastatin_Tab 20mg,0212000B0AAABAB,193,45.39360000000003
16,C83010,Memantine HCl_Tab 20mg,0411000G0AAADAD,4,63.90299999999999
17,C83010,Paracet_Tab 500mg,0407010H0AAAMAM,236,34.5872
18,C83010,Pregabalin_Cap 100mg,0408010AEAAADAD,13,0.08190000000000235
19,C83010,Pregabalin_Cap 150mg,0408010AEAAAEAE,14,0.056000000000001604
20,C83015,Atorvastatin_Tab 10mg,0212000B0AAAAAA,71,0.15120000000000083
21,C83015,Memantine HCl_Tab 20mg,0411000G0AAADAD,6,0.029399999999999968
22,C83015,Paracet_Tab 500mg,0407010H0AAAMAM,116,-0.2679999999999984
23,C83015,Pregabalin_Cap 100mg,0408010AEAAADAD,9,0.0179000000000004
24,C83015,Pregabalin_Cap 150mg,0408010AEAAAEAE,6,0.01680000000000048
25,C83015,Pregabalin_Cap 75mg,0408010AEAAACAC,17,0.08119999999999951
26,C83015,Sertraline HCl_Tab 50mg,0403030Q0AAAAAA,4,-0.017600000000000005
27,C83019,Aripiprazole_Tab 10mg,0402010ADAAAAAA,11,-0.013999999999998458
28,C83019,Atorvastatin_Tab 10mg,0212000B0AAAAAA,45,0.09450000000000053
29,C83019,Paracet_Tab 500mg,0407010H0AAAMAM,2028,123.33400000000044
30,C83019,Paracet_Tab Solb 500mg,0407010H0AAAQAQ,24,329.01120000000003
31,C83019,Pregabalin_Cap 100mg,0408010AEAAADAD,59,142.45819999999998
32,C83019,Pregabalin_Cap 150mg,0408010AEAAAEAE,65,226.17360000000002
33,C83019,Pregabalin_Cap 75mg,0408010AEAAACAC,158,368.88950000000006
34,C83019,Sertraline HCl_Tab 50mg,0403030Q0AAAAAA,206,1.3155999999999919
35,C83027,Aripiprazole_Tab 10mg,0402010ADAAAAAA,10,348.91080000000005
36,C83027,Atorvastatin_Tab 10mg,0212000B0AAAAAA,171,34.819400000000016
37,C83027,Atorvastatin_Tab 20mg,0212000B0AAABAB,393,146.44560000000007
38,C83027,Paracet_Tab 500mg,0407010H0AAAMAM,484,123.06560000000006
39,C83027,Paracet_Tab Solb 500mg,0407010H0AAAQAQ,14,47.38080000000001
40,C83027,Pregabalin_Cap 100mg,0408010AEAAADAD,1,0.0063000000000001805
41,C83027,Pregabalin_Cap 150mg,0408010AEAAAEAE,11,0.03680000000000122
42,C83027,Pregabalin_Cap 75mg,0408010AEAAACAC,5,0.013999999999999915
43,C83027,Sertraline HCl_Tab 50mg,0403030Q0AAAAAA,24,3.5784
44,C83028,Aripiprazole_Tab 10mg,0402010ADAAAAAA,4,-0.008399999999999852
45,C83028,Atorvastatin_Tab 10mg,0212000B0AAAAAA,121,23.038400000000003
46,C83028,Paracet_Tab 500mg,0407010H0AAAMAM,34,22.36800000000001
47,C83028,Pregabalin_Cap 150mg,0408010AEAAAEAE,9,0.03360000000000096
48,C83032,Aripiprazole_Tab 10mg,0402010ADAAAAAA,3,-0.006299999999999889
49,C83032,Atorvastatin_Tab 10mg,0212000B0AAAAAA,90,11.592
50,C83032,Paracet_Tab 500mg,0407010H0AAAMAM,426,-9.800799999999986
51,C83032,Pregabalin_Cap 150mg,0408010AEAAAEAE,45,56.495600000000024
52,C83032,Sertraline HCl_Tab 50mg,0403030Q0AAAAAA,52,0.7280000000000006
53,C83042,Atorvastatin_Tab 10mg,0212000B0AAAAAA,23,0.048300000000000266
54,C83042,Paracet_Tab 500mg,0407010H0AAAMAM,36,-0.1343999999999992
55,C83042,Paracet_Tab Solb 500mg,0407010H0AAAQAQ,2,-0.011999999999998678
56,C83042,Pregabalin_Cap 150mg,0408010AEAAAEAE,10,0.021200000000000885
57,C83043,Aripiprazole_Tab 10mg,0402010ADAAAAAA,3,0.009100000000000358
58,C83043,Atorvastatin_Tab 10mg,0212000B0AAAAAA,329,1.7570000000000194
59,C83043,Atorvastatin_Tab 20mg,0212000B0AAABAB,255,1.4216000000000408
60,C83043,Paracet_Tab 500mg,0407010H0AAAMAM,50,-0.12599999999999922
61,C83043,Pregabalin_Cap 150mg,0408010AEAAAEAE,17,0.070000000000002
62,C83043,Pregabalin_Cap 75mg,0408010AEAAACAC,8,0.033699999999999494
63,C83043,Sertraline HCl_Tab 50mg,0403030Q0AAAAAA,170,3.8079999999999936
64,C83045,Aripiprazole_Tab 10mg,0402010ADAAAAAA,9,43.606500000000004
65,C83045,Atorvastatin_Tab 10mg,0212000B0AAAAAA,65,23.29600000000001
66,C83045,Atorvastatin_Tab 20mg,0212000B0AAABAB,345,23.183999999999994
67,C83045,Paracet_Tab 500mg,0407010H0AAAMAM,1022,12.37920000000021
68,C83045,Paracet_Tab Solb 500mg,0407010H0AAAQAQ,2,-0.011999999999998678
69,C83045,Pregabalin_Cap 150mg,0408010AEAAAEAE,16,0.058800000000001684
70,C83045,Pregabalin_Cap 75mg,0408010AEAAACAC,7,0.02859999999999889
71,C83049,Atorvastatin_Tab 10mg,0212000B0AAAAAA,16,0.033600000000000185
72,C83049,Paracet_Tab 500mg,0407010H0AAAMAM,72,-0.17919999999999892
73,C83049,Pregabalin_Cap 100mg,0408010AEAAADAD,4,0.019600000000000173
74,C83049,Pregabalin_Cap 150mg,0408010AEAAAEAE,33,0.09520000000000273
75,C83049,Pregabalin_Cap 75mg,0408010AEAAACAC,8,0.04479999999999973
76,C83055,Aripiprazole_Tab 10mg,0402010ADAAAAAA,1,-0.002099999999999963
77,C83055,Atorvastatin_Tab 20mg,0212000B0AAABAB,237,22.5624
78,C83055,Paracet_Tab 500mg,0407010H0AAAMAM,58,-0.10639999999999936
79,C83055,Pregabalin_Cap 150mg,0408010AEAAAEAE,5,0.01120000000000032
80,C83056,Aripiprazole_Tab 10mg,0402010ADAAAAAA,13,0.04200000000000159
81,C83056,Atorvastatin_Tab 10mg,0212000B0AAAAAA,364,11.300800000000017
82,C83056,Paracet_Tab 500mg,0407010H0AAAMAM,4,3.2311999999999994
83,C83056,Paracet_Tab Solb 500mg,0407010H0AAAQAQ,2,-0.011999999999998678
84,C83056,Pregabalin_Cap 100mg,0408010AEAAADAD,3,0.017500000000000404
85,C83056,Pregabalin_Cap 150mg,0408010AEAAAEAE,19,0.054600000000001564
86,C83056,Pregabalin_Cap 75mg,0408010AEAAACAC,9,0.03509999999999759
87,C83056,Sertraline HCl_Tab 50mg,0403030Q0AAAAAA,9,-0.005200000000000024
88,C83057,Aripiprazole_Tab 10mg,0402010ADAAAAAA,4,0.02240000000000064
89,C83057,Atorvastatin_Tab 10mg,0212000B0AAAAAA,8,0.016800000000000093
90,C83057,Memantine HCl_Tab 20mg,0411000G0AAADAD,6,0.029399999999999968
91,C83057,Paracet_Tab 500mg,0407010H0AAAMAM,182,29.969600000000035
92,C83057,Pregabalin_Cap 150mg,0408010AEAAAEAE,6,0.01960000000000056
93,C83057,Pregabalin_Cap 75mg,0408010AEAAACAC,5,0.028399999999999204
94,C83057,Sertraline HCl_Tab 50mg,0403030Q0AAAAAA,5,0.019799999999999963
95,C83059,Atorvastatin_Tab 10mg,0212000B0AAAAAA,31,69.78720000000001
96,C83059,Atorvastatin_Tab 20mg,0212000B0AAABAB,195,203.112
97,C83059,Paracet_Tab 500mg,0407010H0AAAMAM,298,47.47360000000004
98,C83059,Pregabalin_Cap 100mg,0408010AEAAADAD,30,28.503600000000002
99,C83059,Pregabalin_Cap 150mg,0408010AEAAAEAE,3,0.01680000000000048
100,C83059,Pregabalin_Cap 75mg,0408010AEAAACAC,8,28.380799999999997
101,C83059,Sertraline HCl_Tab 50mg,0403030Q0AAAAAA,133,372.46720000000005
102,C83060,Atorvastatin_Tab 10mg,0212000B0AAAAAA,195,279.2018
103,C83060,Atorvastatin_Tab 20mg,0212000B0AAABAB,684,610.0357000000001
104,C83060,Memantine HCl_Tab 20mg,0411000G0AAADAD,3,63.898799999999994
105,C83060,Paracet_Tab 500mg,0407010H0AAAMAM,222,25.37040000000009
106,C83060,Paracet_Tab Solb 500mg,0407010H0AAAQAQ,14,29.76
107,C83060,Pregabalin_Cap 100mg,0408010AEAAADAD,16,56.896
108,C83060,Pregabalin_Cap 150mg,0408010AEAAAEAE,9,0.026000000000001078
109,C83060,Pregabalin_Cap 75mg,0408010AEAAACAC,9,85.1368
110,C83060,Sertraline HCl_Tab 50mg,0403030Q0AAAAAA,110,16.015999999999995
111,C83061,Atorvastatin_Tab 10mg,0212000B0AAAAAA,48,0.10080000000000056
112,C83061,Atorvastatin_Tab 20mg,0212000B0AAABAB,1,0.0020000000000000573
113,C83061,Memantine HCl_Tab 20mg,0411000G0AAADAD,10,0.048999999999999946
114,C83061,Paracet_Tab 500mg,0407010H0AAAMAM,438,20.510400000000022
115,C83061,Paracet_Tab Solb 500mg,0407010H0AAAQAQ,10,1.5880000000000027
116,C83061,Pregabalin_Cap 100mg,0408010AEAAADAD,5,113.80600000000001
117,C83061,Pregabalin_Cap 150mg,0408010AEAAAEAE,18,113.0976
118,C83061,Pregabalin_Cap 75mg,0408010AEAAACAC,25,56.812
119,C83064,Aripiprazole_Tab 10mg,0402010ADAAAAAA,18,-0.004599999999998827
120,C83064,Atorvastatin_Tab 10mg,0212000B0AAAAAA,533,11.995199999999999
121,C83064,Atorvastatin_Tab 20mg,0212000B0AAABAB,588,407.6172
122,C83064,Memantine HCl_Tab 20mg,0411000G0AAADAD,31,264.7603
123,C83064,Paracet_Tab 500mg,0407010H0AAAMAM,1834,72.24480000000038
124,C83064,Paracet_Tab Solb 500mg,0407010H0AAAQAQ,34,18.037599999999998
125,C83064,Pregabalin_Cap 100mg,0408010AEAAADAD,20,56.9212
126,C83064,Pregabalin_Cap 150mg,0408010AEAAAEAE,48,0.17640000000000505
127,C83064,Pregabalin_Cap 75mg,0408010AEAAACAC,29,0.13199999999999829
128,C83064,Sertraline HCl_Tab 50mg,0403030Q0AAAAAA,6,-0.023800000000000016
129,C83083,Aripiprazole_Tab 10mg,0402010ADAAAAAA,5,0.02030000000000068
130,C83083,Atorvastatin_Tab 20mg,0212000B0AAABAB,327,44.86440000000002
131,C83083,Paracet_Tab 500mg,0407010H0AAAMAM,352,26.726000000000056
132,C83083,Paracet_Tab Solb 500mg,0407010H0AAAQAQ,2,3.539200000000002
133,C83083,Pregabalin_Cap 100mg,0408010AEAAADAD,9,0.056700000000001624
134,C83083,Pregabalin_Cap 150mg,0408010AEAAAEAE,3,0.015400000000000441
135,C83083,Pregabalin_Cap 75mg,0408010AEAAACAC,8,0.04479999999999973
136,C83085,Aripiprazole_Tab 10mg,0402010ADAAAAAA,4,-0.008399999999999852
137,C83085,Atorvastatin_Tab 10mg,0212000B0AAAAAA,170,11.557000000000006
138,C83085,Atorvastatin_Tab 20mg,0212000B0AAABAB,411,23.01600000000002
139,C83085,Memantine HCl_Tab 20mg,0411000G0AAADAD,2,-0.002399999999999902
140,C83085,Paracet_Tab 500mg,0407010H0AAAMAM,568,74.388
141,C83085,Pregabalin_Cap 100mg,0408010AEAAADAD,4,28.4592
142,C83085,Pregabalin_Cap 150mg,0408010AEAAAEAE,15,0.054600000000001564
143,C83085,Pregabalin_Cap 75mg,0408010AEAAACAC,12,0.028699999999999462
144,C83085,Sertraline HCl_Tab 50mg,0403030Q0AAAAAA,105,48.626400000000004
145,C83613,Atorvastatin_Tab 10mg,0212000B0AAAAAA,18,0.03780000000000021
146,C83613,Paracet_Tab 500mg,0407010H0AAAMAM,26,-0.06119999999999963
147,C83613,Pregabalin_Cap 100mg,0408010AEAAADAD,9,0.048400000000001
148,C83613,Pregabalin_Cap 150mg,0408010AEAAAEAE,7,0.028000000000000802
149,C83613,Pregabalin_Cap 75mg,0408010AEAAACAC,5,0.012599999999999778
150,C83634,Aripiprazole_Tab 10mg,0402010ADAAAAAA,4,0.02240000000000064
151,C83634,Atorvastatin_Tab 10mg,0212000B0AAAAAA,60,11.583600000000004
152,C83634,Memantine HCl_Tab 20mg,0411000G0AAADAD,3,63.898799999999994
153,C83634,Paracet_Tab 500mg,0407010H0AAAMAM,152,11.64960000000003
154,C83634,Pregabalin_Cap 150mg,0408010AEAAAEAE,1,0.00280000000000008
155,C83634,Pregabalin_Cap 75mg,0408010AEAAACAC,4,0.022399999999999864
156,C83635,Atorvastatin_Tab 10mg,0212000B0AAAAAA,8,0.016800000000000093
157,C83635,Memantine HCl_Tab 20mg,0411000G0AAADAD,5,0.024499999999999973
158,C83635,Paracet_Tab 500mg,0407010H0AAAMAM,468,30.212400000000024
159,C83635,Pregabalin_Cap 150mg,0408010AEAAAEAE,5,0.028000000000000802
160,C83635,Pregabalin_Cap 75mg,0408010AEAAACAC,5,0.02799999999999983
161,C83643,Atorvastatin_Tab 10mg,0212000B0AAAAAA,8,0.016800000000000093
162,C83643,Memantine HCl_Tab 20mg,0411000G0AAADAD,1,6.8421
163,C83643,Paracet_Tab 500mg,0407010H0AAAMAM,26,-0.08959999999999946
164,C83643,Pregabalin_Cap 100mg,0408010AEAAADAD,9,0.0279000000000008
165,C83643,Pregabalin_Cap 150mg,0408010AEAAAEAE,2,0.01120000000000032
166,C83650,Atorvastatin_Tab 10mg,0212000B0AAAAAA,29,0.06300000000000035
167,C83650,Memantine HCl_Tab 20mg,0411000G0AAADAD,3,0.014699999999999984
168,C83650,Paracet_Tab 500mg,0407010H0AAAMAM,8,-0.04479999999999973
169,C83650,Paracet_Tab Solb 500mg,0407010H0AAAQAQ,2,0.004000000000000115
170,C83650,Pregabalin_Cap 150mg,0408010AEAAAEAE,7,0.030800000000000882
