,practice_code,bnf_description,bnf_code,items,excess_cost
0,M81005,Acetazolamide_Tab 250mg,1106000B0AAACAC,1,0.0056000000000009376
1,M81005,Amiodarone HCl_Tab 200mg,0203020D0AAABAB,5,3.150000000000003
2,M81005,Clonazepam_Tab 500mcg,0408010F0AAABAB,4,2.7119999999999944
3,M81005,Levothyrox Sod_Tab 12.5mcg,0602010V0AAGHGH,4,1.6800000000000015
4,M81005,Pyridox HCl_Tab 50mg,0906024N0AAAIAI,1,0.9576000000000002
5,M81005,Topiramate_Cap 50mg,040801050AAAWAW,1,2.567999999999997
6,M81010,Acetazolamide_Tab 250mg,1106000B0AAACAC,3,0.016800000000002813
7,M81010,Amiodarone HCl_Tab 200mg,0203020D0AAABAB,5,2.100000000000002
8,M81010,Clonazepam_Tab 500mcg,0408010F0AAABAB,10,6.847799999999985
9,M81010,Levothyrox Sod_Tab 12.5mcg,0602010V0AAGHGH,1,0.5600000000000005
10,M81010,Mesalazine_Tab E/C 800mg,0105010B0AAASAS,1,11.479999999999997
11,M81010,Nitrofurantoin_Tab 100mg,0501130R0AAAEAE,1,0.00560000000000016
12,M81010,Pyridox HCl_Tab 50mg,0906024N0AAAIAI,2,1.9152000000000005
13,M81015,Amiodarone HCl_Tab 200mg,0203020D0AAABAB,1,0.3500000000000003
14,M81015,Clonazepam_Tab 500mcg,0408010F0AAABAB,5,3.1639999999999935
15,M81015,Nitrofurantoin_Tab 100mg,0501130R0AAAEAE,9,0.028800000000000825
16,M81027,Acetazolamide_Tab 250mg,1106000B0AAACAC,1,0.0028000000000004688
17,M81027,Amiodarone HCl_Tab 200mg,0203020D0AAABAB,4,2.450000000000002
18,M81027,Clonazepam_Tab 500mcg,0408010F0AAABAB,3,4.113199999999992
19,M81027,Levothyrox Sod_Tab 12.5mcg,0602010V0AAGHGH,1,0.5600000000000005
20,M81027,Pyridox HCl_Tab 50mg,0906024N0AAAIAI,3,1.4364000000000003
21,M81040,Acetazolamide_Tab 250mg,1106000B0AAACAC,2,0.0056000000000009376
22,M81040,Amiodarone HCl_Tab 200mg,0203020D0AAABAB,5,1.304100000000001
23,M81040,Clonazepam_Tab 500mcg,0408010F0AAABAB,19,5.736999999999989
24,M81040,Levothyrox Sod_Tab 12.5mcg,0602010V0AAGHGH,2,1.120000000000001
25,M81040,Nitrofurantoin_Tab 100mg,0501130R0AAAEAE,1,0.00560000000000016
26,M81040,Pioglitazone HCl_Tab 30mg,0601023B0AAABAB,1,0.004199999999999926
27,M81040,Pyridox HCl_Tab 50mg,0906024N0AAAIAI,1,17.100000000000005
28,M81056,Acetazolamide_Tab 250mg,1106000B0AAACAC,5,29.6541
29,M81056,Amiodarone HCl_Tab 200mg,0203020D0AAABAB,2,1.050000000000001
30,M81056,Clonazepam_Tab 500mcg,0408010F0AAABAB,9,3.954999999999992
31,M81056,Levothyrox Sod_Tab 12.5mcg,0602010V0AAGHGH,6,3.0800000000000027
32,M81056,Mesalazine_Tab E/C 800mg,0105010B0AAASAS,1,18.449999999999996
33,M81056,Nitrofurantoin_Tab 100mg,0501130R0AAAEAE,1,0.0024000000000000687
34,M81057,Amiodarone HCl_Tab 200mg,0203020D0AAABAB,17,5.927600000000004
35,M81057,Clonazepam_Tab 500mcg,0408010F0AAABAB,7,2.452099999999995
36,M81057,Levothyrox Sod_Tab 12.5mcg,0602010V0AAGHGH,1,0.5600000000000005
37,M81057,Mesalazine_Tab E/C 400mg,0105010B0AAAAAA,3,23.1012
38,M81057,Pioglitazone HCl_Tab 30mg,0601023B0AAABAB,5,0.010499999999999815
39,M81057,Pyridox HCl_Tab 50mg,0906024N0AAAIAI,4,1.4364000000000003
40,M81057,Topiramate_Cap 50mg,040801050AAAWAW,2,5.135999999999994
41,M81068,Amiodarone HCl_Tab 200mg,0203020D0AAABAB,12,2.0776000000000012
42,M81068,Clonazepam_Tab 500mcg,0408010F0AAABAB,13,2.395599999999995
43,M81068,Mesalazine_Tab E/C 400mg,0105010B0AAAAAA,1,47.913599999999995
44,M81068,Pyridox HCl_Tab 50mg,0906024N0AAAIAI,5,2.8728000000000007
45,M81073,Amiodarone HCl_Tab 200mg,0203020D0AAABAB,2,0.7000000000000006
46,M81073,Clonazepam_Tab 500mcg,0408010F0AAABAB,5,2.056599999999996
47,M81073,Levothyrox Sod_Tab 12.5mcg,0602010V0AAGHGH,1,0.5600000000000005
48,M81090,Amiodarone HCl_Tab 200mg,0203020D0AAABAB,3,1.050000000000001
49,M81090,Levothyrox Sod_Tab 12.5mcg,0602010V0AAGHGH,2,0.5600000000000005
50,M81090,Pyridox HCl_Tab 50mg,0906024N0AAAIAI,1,0.9576000000000002
51,M81608,Amiodarone HCl_Tab 200mg,0203020D0AAABAB,3,1.050000000000001
52,M81608,Clonazepam_Tab 500mcg,0408010F0AAABAB,4,2.6893999999999947
53,M81608,Levothyrox Sod_Tab 12.5mcg,0602010V0AAGHGH,2,0.5600000000000005
54,M81608,Nitrofurantoin_Tab 100mg,0501130R0AAAEAE,3,9.870600000000001
55,M81608,Pioglitazone HCl_Tab 30mg,0601023B0AAABAB,2,26.997600000000002
56,M81608,Pyridox HCl_Tab 50mg,0906024N0AAAIAI,1,0.9576000000000002
