,practice_code,bnf_description,bnf_code,items,excess_cost
0,B83007,Aripiprazole_Tab 5mg,0402010ADAAADAD,4,86.1848
1,B83007,Atorvastatin_Tab 40mg,0212000B0AAACAC,1,0.00180000000000001
2,B83007,Carbimazole_Tab 5mg,0602020D0AAAAAA,2,-0.005599999999999383
3,B83007,Lansoprazole_Cap 30mg (E/C Gran),0103050L0AAAAAA,72,0.21920000000000261
4,B83007,Paracet_Tab 500mg,0407010H0AAAMAM,198,37.85280000000001
5,B83007,Pregabalin_Cap 100mg,0408010AEAAADAD,5,0.024500000000000216
6,B83007,Sertraline HCl_Tab 100mg,0403030Q0AAABAB,23,0.05670000000000031
7,B83009,Aripiprazole_Tab 5mg,0402010ADAAADAD,5,-0.18549999999999997
8,B83009,Carbimazole_Tab 5mg,0602020D0AAAAAA,2,-0.011199999999998766
9,B83009,Lansoprazole_Cap 30mg (E/C Gran),0103050L0AAAAAA,217,2.363200000000012
10,B83009,Memantine HCl_Tab 20mg,0411000G0AAADAD,13,0.06369999999999992
11,B83009,Paracet_Tab 500mg,0407010H0AAAMAM,596,44.71840000000009
12,B83009,Paracet_Tab Solb 500mg,0407010H0AAAQAQ,2,-0.011999999999998678
13,B83009,Sertraline HCl_Tab 100mg,0403030Q0AAABAB,42,0.09870000000000059
14,B83010,Aripiprazole_Tab 5mg,0402010ADAAADAD,4,-0.01120000000000032
15,B83010,Atorvastatin_Tab 40mg,0212000B0AAACAC,499,22.26559999999996
16,B83010,Carbimazole_Tab 5mg,0602020D0AAAAAA,3,0.013600000000000168
17,B83010,Lansoprazole_Cap 30mg (E/C Gran),0103050L0AAAAAA,86,0.28490000000000343
18,B83010,Memantine HCl_Tab 20mg,0411000G0AAADAD,4,0.01959999999999998
19,B83010,Paracet_Tab 500mg,0407010H0AAAMAM,392,21.616000000000017
20,B83010,Paracet_Tab Solb 500mg,0407010H0AAAQAQ,4,-0.023999999999997357
21,B83010,Sertraline HCl_Tab 100mg,0403030Q0AAABAB,22,0.05250000000000029
22,B83011,Aripiprazole_Tab 5mg,0402010ADAAADAD,3,-0.00840000000000024
23,B83011,Atorvastatin_Tab 40mg,0212000B0AAACAC,162,22.54599999999999
24,B83011,Carbimazole_Tab 5mg,0602020D0AAAAAA,4,-0.013999999999998458
25,B83011,Lansoprazole_Cap 30mg (E/C Gran),0103050L0AAAAAA,401,4.379400000000025
26,B83011,Memantine HCl_Tab 20mg,0411000G0AAADAD,3,0.014699999999999984
27,B83011,Paracet_Tab 500mg,0407010H0AAAMAM,36,0.12959999999999922
28,B83011,Paracet_Tab Solb 500mg,0407010H0AAAQAQ,6,-0.015999999999997128
29,B83011,Sertraline HCl_Tab 100mg,0403030Q0AAABAB,60,0.1617000000000009
30,B83012,Carbimazole_Tab 5mg,0602020D0AAAAAA,3,-0.011199999999998766
31,B83012,Lansoprazole_Cap 30mg (E/C Gran),0103050L0AAAAAA,82,-0.38919999999998256
32,B83012,Memantine HCl_Tab 20mg,0411000G0AAADAD,44,502.0438
33,B83012,Paracet_Tab 500mg,0407010H0AAAMAM,394,41.51399999999998
34,B83012,Paracet_Tab Solb 500mg,0407010H0AAAQAQ,4,0.0008000000000016882
35,B83012,Risedronate Sod_Tab 35mg,0606020R0AAADAD,43,145.92720000000003
36,B83012,Sertraline HCl_Tab 100mg,0403030Q0AAABAB,2,0.004200000000000023
37,B83013,Aripiprazole_Tab 5mg,0402010ADAAADAD,1,0.004199999999999926
38,B83013,Atorvastatin_Tab 40mg,0212000B0AAACAC,494,22.13119999999996
39,B83013,Carbimazole_Tab 5mg,0602020D0AAAAAA,13,-0.030799999999996608
40,B83013,Lansoprazole_Cap 30mg (E/C Gran),0103050L0AAAAAA,345,1.2446000000000141
41,B83013,Memantine HCl_Tab 20mg,0411000G0AAADAD,47,64.092
42,B83013,Paracet_Tab 500mg,0407010H0AAAMAM,288,9.676799999999997
43,B83013,Paracet_Tab Solb 500mg,0407010H0AAAQAQ,2,-0.011999999999998678
44,B83013,Pregabalin_Cap 100mg,0408010AEAAADAD,8,0.050400000000001444
45,B83013,Sertraline HCl_Tab 100mg,0403030Q0AAABAB,62,0.15960000000000088
46,B83014,Aripiprazole_Tab 5mg,0402010ADAAADAD,1,0.004199999999999926
47,B83014,Atorvastatin_Tab 40mg,0212000B0AAACAC,261,56.03219999999996
48,B83014,Carbimazole_Tab 5mg,0602020D0AAAAAA,2,-0.011199999999998766
49,B83014,Lansoprazole_Cap 30mg (E/C Gran),0103050L0AAAAAA,62,0.20180000000000242
50,B83014,Memantine HCl_Tab 20mg,0411000G0AAADAD,5,0.024499999999999973
51,B83014,Paracet_Tab 500mg,0407010H0AAAMAM,304,18.8718
52,B83014,Paracet_Tab Solb 500mg,0407010H0AAAQAQ,2,-0.011999999999998678
53,B83014,Sertraline HCl_Tab 100mg,0403030Q0AAABAB,16,0.06720000000000037
54,B83015,Aripiprazole_Tab 5mg,0402010ADAAADAD,5,-0.014000000000000401
55,B83015,Atorvastatin_Tab 40mg,0212000B0AAACAC,267,44.66110000000001
56,B83015,Carbimazole_Tab 5mg,0602020D0AAAAAA,2,-0.008399999999999075
57,B83015,Lansoprazole_Cap 30mg (E/C Gran),0103050L0AAAAAA,364,3.742200000000011
58,B83015,Memantine HCl_Tab 20mg,0411000G0AAADAD,17,0.0832999999999999
59,B83015,Paracet_Tab 500mg,0407010H0AAAMAM,542,23.363400000000034
60,B83015,Paracet_Tab Solb 500mg,0407010H0AAAQAQ,18,16.915999999999997
61,B83015,Pregabalin_Cap 100mg,0408010AEAAADAD,5,85.3489
62,B83015,Risedronate Sod_Tab 35mg,0606020R0AAADAD,41,-0.08200000000000007
63,B83015,Sertraline HCl_Tab 100mg,0403030Q0AAABAB,121,-0.13620000000000787
64,B83017,Carbimazole_Tab 5mg,0602020D0AAAAAA,3,-0.008399999999999075
65,B83017,Lansoprazole_Cap 30mg (E/C Gran),0103050L0AAAAAA,18,0.05900000000000072
66,B83017,Paracet_Tab 500mg,0407010H0AAAMAM,254,14.5164
67,B83017,Pregabalin_Cap 100mg,0408010AEAAADAD,2,-0.005999999999999339
68,B83017,Sertraline HCl_Tab 100mg,0403030Q0AAABAB,24,0.06300000000000015
69,B83018,Atorvastatin_Tab 40mg,0212000B0AAACAC,222,44.75519999999999
70,B83018,Carbimazole_Tab 5mg,0602020D0AAAAAA,6,-0.011199999999998766
71,B83018,Lansoprazole_Cap 30mg (E/C Gran),0103050L0AAAAAA,196,0.613200000000007
72,B83018,Memantine HCl_Tab 20mg,0411000G0AAADAD,23,63.980700000000006
73,B83018,Paracet_Tab 500mg,0407010H0AAAMAM,26,0.0795999999999995
74,B83018,Pregabalin_Cap 100mg,0408010AEAAADAD,5,0.024500000000000216
75,B83018,Risedronate Sod_Tab 35mg,0606020R0AAADAD,81,97.96560000000001
76,B83018,Sertraline HCl_Tab 100mg,0403030Q0AAABAB,30,0.08820000000000049
77,B83020,Atorvastatin_Tab 40mg,0212000B0AAACAC,1,-0.004199999999999995
78,B83020,Carbimazole_Tab 5mg,0602020D0AAAAAA,1,-0.0027999999999996916
79,B83020,Lansoprazole_Cap 30mg (E/C Gran),0103050L0AAAAAA,94,0.3227000000000039
80,B83020,Memantine HCl_Tab 20mg,0411000G0AAADAD,28,0.13719999999999985
81,B83020,Paracet_Tab 500mg,0407010H0AAAMAM,192,20.050799999999995
82,B83020,Pregabalin_Cap 100mg,0408010AEAAADAD,4,0.019600000000000173
83,B83020,Sertraline HCl_Tab 100mg,0403030Q0AAABAB,43,0.12030000000000038
84,B83022,Lansoprazole_Cap 30mg (E/C Gran),0103050L0AAAAAA,21,0.07980000000000098
85,B83022,Paracet_Tab 500mg,0407010H0AAAMAM,66,19.715200000000006
86,B83022,Risedronate Sod_Tab 35mg,0606020R0AAADAD,55,1.3639999999999963
87,B83022,Sertraline HCl_Tab 100mg,0403030Q0AAABAB,1,-0.004199999999999975
88,B83028,Aripiprazole_Tab 5mg,0402010ADAAADAD,9,86.17
89,B83028,Carbimazole_Tab 5mg,0602020D0AAAAAA,1,-0.0027999999999996916
90,B83028,Lansoprazole_Cap 30mg (E/C Gran),0103050L0AAAAAA,520,4.323200000000013
91,B83028,Memantine HCl_Tab 20mg,0411000G0AAADAD,27,0.13229999999999986
92,B83028,Paracet_Tab 500mg,0407010H0AAAMAM,536,6.826400000000051
93,B83028,Paracet_Tab Solb 500mg,0407010H0AAAQAQ,24,16.77600000000001
94,B83028,Pregabalin_Cap 100mg,0408010AEAAADAD,14,0.06530000000000113
95,B83028,Sertraline HCl_Tab 100mg,0403030Q0AAABAB,70,0.19740000000000107
96,B83029,Carbimazole_Tab 5mg,0602020D0AAAAAA,15,-0.0338999999999946
97,B83029,Lansoprazole_Cap 30mg (E/C Gran),0103050L0AAAAAA,251,0.8708000000000098
98,B83029,Memantine HCl_Tab 20mg,0411000G0AAADAD,42,127.9488
99,B83029,Paracet_Tab 500mg,0407010H0AAAMAM,360,-7.860399999999985
100,B83029,Pregabalin_Cap 100mg,0408010AEAAADAD,14,0.08120000000000184
101,B83029,Sertraline HCl_Tab 100mg,0403030Q0AAABAB,27,0.06510000000000035
102,B83030,Aripiprazole_Tab 5mg,0402010ADAAADAD,1,0.0041999999999995374
103,B83030,Atorvastatin_Tab 40mg,0212000B0AAACAC,168,44.68800000000001
104,B83030,Lansoprazole_Cap 30mg (E/C Gran),0103050L0AAAAAA,135,0.3220000000000021
105,B83030,Memantine HCl_Tab 20mg,0411000G0AAADAD,19,0.0930999999999999
106,B83030,Paracet_Tab 500mg,0407010H0AAAMAM,382,30.905600000000007
107,B83030,Paracet_Tab Solb 500mg,0407010H0AAAQAQ,2,147.2
108,B83030,Risedronate Sod_Tab 35mg,0606020R0AAADAD,57,36.4572
109,B83030,Sertraline HCl_Tab 100mg,0403030Q0AAABAB,99,-0.061300000000004046
110,B83031,Aripiprazole_Tab 5mg,0402010ADAAADAD,4,-0.01120000000000032
111,B83031,Lansoprazole_Cap 30mg (E/C Gran),0103050L0AAAAAA,47,0.1316000000000015
112,B83031,Paracet_Tab 500mg,0407010H0AAAMAM,36,-0.10359999999999937
113,B83031,Sertraline HCl_Tab 100mg,0403030Q0AAABAB,8,0.02520000000000014
114,B83032,Atorvastatin_Tab 40mg,0212000B0AAACAC,3,0.014000000000000401
115,B83032,Lansoprazole_Cap 30mg (E/C Gran),0103050L0AAAAAA,69,0.21280000000000243
116,B83032,Paracet_Tab 500mg,0407010H0AAAMAM,90,-2.580799999999984
117,B83032,Sertraline HCl_Tab 100mg,0403030Q0AAABAB,15,0.031500000000000174
118,B83035,Aripiprazole_Tab 5mg,0402010ADAAADAD,1,0.004199999999999926
119,B83035,Atorvastatin_Tab 40mg,0212000B0AAACAC,26,-0.03639999999999978
120,B83035,Carbimazole_Tab 5mg,0602020D0AAAAAA,2,-0.0031999999999989814
121,B83035,Lansoprazole_Cap 30mg (E/C Gran),0103050L0AAAAAA,33,0.1316000000000015
122,B83035,Memantine HCl_Tab 20mg,0411000G0AAADAD,4,0.01959999999999998
123,B83035,Paracet_Tab 500mg,0407010H0AAAMAM,292,27.891600000000007
124,B83035,Pregabalin_Cap 100mg,0408010AEAAADAD,4,0.025200000000000722
125,B83035,Risedronate Sod_Tab 35mg,0606020R0AAADAD,8,-0.019199999999999662
126,B83035,Sertraline HCl_Tab 100mg,0403030Q0AAABAB,33,-0.044800000000001866
127,B83037,Aripiprazole_Tab 5mg,0402010ADAAADAD,6,86.1784
128,B83037,Atorvastatin_Tab 40mg,0212000B0AAACAC,1,-0.0022999999999999063
129,B83037,Carbimazole_Tab 5mg,0602020D0AAAAAA,3,12.7894
130,B83037,Lansoprazole_Cap 30mg (E/C Gran),0103050L0AAAAAA,74,0.21860000000000265
131,B83037,Paracet_Tab 500mg,0407010H0AAAMAM,392,33.35840000000003
132,B83037,Pregabalin_Cap 100mg,0408010AEAAADAD,3,142.2589
133,B83037,Risedronate Sod_Tab 35mg,0606020R0AAADAD,96,18.240000000000006
134,B83037,Sertraline HCl_Tab 100mg,0403030Q0AAABAB,14,0.04410000000000005
135,B83038,Aripiprazole_Tab 5mg,0402010ADAAADAD,5,-0.014000000000000401
136,B83038,Atorvastatin_Tab 40mg,0212000B0AAACAC,413,88.97280000000005
137,B83038,Carbimazole_Tab 5mg,0602020D0AAAAAA,4,-0.013999999999998458
138,B83038,Lansoprazole_Cap 30mg (E/C Gran),0103050L0AAAAAA,475,46.73360000000003
139,B83038,Memantine HCl_Tab 20mg,0411000G0AAADAD,14,0.06859999999999992
140,B83038,Paracet_Tab 500mg,0407010H0AAAMAM,146,30.515200000000018
141,B83038,Paracet_Tab Solb 500mg,0407010H0AAAQAQ,12,1.576000000000004
142,B83038,Pregabalin_Cap 100mg,0408010AEAAADAD,1,-0.001999999999999988
143,B83038,Sertraline HCl_Tab 100mg,0403030Q0AAABAB,99,351.1004
144,B83039,Atorvastatin_Tab 40mg,0212000B0AAACAC,1,0.006000000000000172
145,B83039,Carbimazole_Tab 5mg,0602020D0AAAAAA,2,-0.005599999999999383
146,B83039,Lansoprazole_Cap 30mg (E/C Gran),0103050L0AAAAAA,344,1.1879000000000135
147,B83039,Memantine HCl_Tab 20mg,0411000G0AAADAD,19,111.8796
148,B83039,Paracet_Tab 500mg,0407010H0AAAMAM,758,158.1592000000001
149,B83039,Paracet_Tab Solb 500mg,0407010H0AAAQAQ,2,-0.011999999999998678
150,B83039,Pregabalin_Cap 100mg,0408010AEAAADAD,7,0.02640000000000059
151,B83039,Sertraline HCl_Tab 100mg,0403030Q0AAABAB,74,0.17870000000000083
152,B83040,Carbimazole_Tab 5mg,0602020D0AAAAAA,3,0.008200000000000762
153,B83040,Lansoprazole_Cap 30mg (E/C Gran),0103050L0AAAAAA,203,0.6048000000000069
154,B83040,Memantine HCl_Tab 20mg,0411000G0AAADAD,11,0.05389999999999994
155,B83040,Paracet_Tab 500mg,0407010H0AAAMAM,304,12.697600000000012
156,B83040,Paracet_Tab Solb 500mg,0407010H0AAAQAQ,2,-0.011999999999998678
157,B83040,Pregabalin_Cap 100mg,0408010AEAAADAD,8,0.039200000000000346
158,B83040,Sertraline HCl_Tab 100mg,0403030Q0AAABAB,71,0.20790000000000114
159,B83041,Aripiprazole_Tab 5mg,0402010ADAAADAD,13,-0.0014000000000010115
160,B83041,Atorvastatin_Tab 40mg,0212000B0AAACAC,148,44.755200000000016
161,B83041,Carbimazole_Tab 5mg,0602020D0AAAAAA,6,35.8155
162,B83041,Lansoprazole_Cap 30mg (E/C Gran),0103050L0AAAAAA,552,256.1435
163,B83041,Memantine HCl_Tab 20mg,0411000G0AAADAD,2,0.00979999999999999
164,B83041,Paracet_Tab 500mg,0407010H0AAAMAM,546,-6.986399999999957
165,B83041,Pregabalin_Cap 100mg,0408010AEAAADAD,26,0.02700000000000262
166,B83041,Risedronate Sod_Tab 35mg,0606020R0AAADAD,3,-0.061200000000000254
167,B83041,Sertraline HCl_Tab 100mg,0403030Q0AAABAB,45,-0.01910000000000084
168,B83042,Aripiprazole_Tab 5mg,0402010ADAAADAD,6,-0.009800000000000475
169,B83042,Atorvastatin_Tab 40mg,0212000B0AAACAC,486,67.0234
170,B83042,Carbimazole_Tab 5mg,0602020D0AAAAAA,1,-0.0027999999999996916
171,B83042,Lansoprazole_Cap 30mg (E/C Gran),0103050L0AAAAAA,204,0.6696000000000077
172,B83042,Memantine HCl_Tab 20mg,0411000G0AAADAD,37,64.0343
173,B83042,Paracet_Tab 500mg,0407010H0AAAMAM,140,-0.2707999999999984
174,B83042,Paracet_Tab Solb 500mg,0407010H0AAAQAQ,8,-0.047999999999994714
175,B83042,Pregabalin_Cap 100mg,0408010AEAAADAD,4,0.025200000000000722
176,B83042,Risedronate Sod_Tab 35mg,0606020R0AAADAD,47,18.217200000000002
177,B83042,Sertraline HCl_Tab 100mg,0403030Q0AAABAB,53,0.10779999999999992
178,B83043,Lansoprazole_Cap 30mg (E/C Gran),0103050L0AAAAAA,1,0.005600000000000063
179,B83043,Paracet_Tab 500mg,0407010H0AAAMAM,2,0.005999999999999964
180,B83045,Aripiprazole_Tab 5mg,0402010ADAAADAD,9,-1.3734000000000022
181,B83045,Atorvastatin_Tab 40mg,0212000B0AAACAC,43,14.276800000000003
182,B83045,Carbimazole_Tab 5mg,0602020D0AAAAAA,8,172.28580000000002
183,B83045,Lansoprazole_Cap 30mg (E/C Gran),0103050L0AAAAAA,576,258.1798
184,B83045,Memantine HCl_Tab 20mg,0411000G0AAADAD,30,319.452
185,B83045,Paracet_Tab 500mg,0407010H0AAAMAM,388,108.23320000000007
186,B83045,Paracet_Tab Solb 500mg,0407010H0AAAQAQ,54,51.641600000000054
187,B83045,Pregabalin_Cap 100mg,0408010AEAAADAD,26,142.331
188,B83045,Risedronate Sod_Tab 35mg,0606020R0AAADAD,85,72.9724
189,B83045,Sertraline HCl_Tab 100mg,0403030Q0AAABAB,91,0.8142999999999959
190,B83049,Atorvastatin_Tab 40mg,0212000B0AAACAC,1,0.006000000000000172
191,B83049,Carbimazole_Tab 5mg,0602020D0AAAAAA,5,-0.006999999999999229
192,B83049,Lansoprazole_Cap 30mg (E/C Gran),0103050L0AAAAAA,150,0.061600000000006316
193,B83049,Memantine HCl_Tab 20mg,0411000G0AAADAD,12,0.058799999999999936
194,B83049,Paracet_Tab 500mg,0407010H0AAAMAM,188,20.127799999999983
195,B83049,Paracet_Tab Solb 500mg,0407010H0AAAQAQ,10,146.79999999999998
196,B83049,Pregabalin_Cap 100mg,0408010AEAAADAD,1,0.006000000000000172
197,B83049,Risedronate Sod_Tab 35mg,0606020R0AAADAD,54,-0.02159999999999762
198,B83049,Sertraline HCl_Tab 100mg,0403030Q0AAABAB,36,0.09890000000000035
199,B83054,Atorvastatin_Tab 40mg,0212000B0AAACAC,110,1.2177999999999927
200,B83054,Carbimazole_Tab 5mg,0602020D0AAAAAA,3,63.963800000000006
201,B83054,Lansoprazole_Cap 30mg (E/C Gran),0103050L0AAAAAA,206,0.6944000000000078
202,B83054,Memantine HCl_Tab 20mg,0411000G0AAADAD,6,63.9212
203,B83054,Paracet_Tab 500mg,0407010H0AAAMAM,258,17.454400000000014
204,B83054,Pregabalin_Cap 100mg,0408010AEAAADAD,1,0.0063000000000001805
205,B83054,Risedronate Sod_Tab 35mg,0606020R0AAADAD,1,18.900000000000002
206,B83054,Sertraline HCl_Tab 100mg,0403030Q0AAABAB,57,0.0580999999999989
207,B83055,Aripiprazole_Tab 5mg,0402010ADAAADAD,19,-0.0252000000000015
208,B83055,Atorvastatin_Tab 40mg,0212000B0AAACAC,998,90.87399999999998
209,B83055,Carbimazole_Tab 5mg,0602020D0AAAAAA,2,-0.008399999999999075
210,B83055,Lansoprazole_Cap 30mg (E/C Gran),0103050L0AAAAAA,394,1.2804000000000142
211,B83055,Memantine HCl_Tab 20mg,0411000G0AAADAD,64,64.06330000000001
212,B83055,Paracet_Tab 500mg,0407010H0AAAMAM,1054,34.032400000000166
213,B83055,Paracet_Tab Solb 500mg,0407010H0AAAQAQ,36,9.300000000000022
214,B83055,Pregabalin_Cap 100mg,0408010AEAAADAD,6,0.022400000000000475
215,B83055,Risedronate Sod_Tab 35mg,0606020R0AAADAD,140,0.6720000000000037
216,B83055,Sertraline HCl_Tab 100mg,0403030Q0AAABAB,101,0.2604000000000014
217,B83056,Atorvastatin_Tab 40mg,0212000B0AAACAC,10,-0.0015999999999998238
218,B83056,Carbimazole_Tab 5mg,0602020D0AAAAAA,1,-0.0027999999999996916
219,B83056,Lansoprazole_Cap 30mg (E/C Gran),0103050L0AAAAAA,265,0.826000000000008
220,B83056,Memantine HCl_Tab 20mg,0411000G0AAADAD,5,0.024499999999999973
221,B83056,Paracet_Tab 500mg,0407010H0AAAMAM,492,81.58200000000006
222,B83056,Risedronate Sod_Tab 35mg,0606020R0AAADAD,82,0.09839999999999827
223,B83056,Sertraline HCl_Tab 100mg,0403030Q0AAABAB,60,0.19320000000000107
224,B83062,Atorvastatin_Tab 40mg,0212000B0AAACAC,1,0.006399999999999961
225,B83062,Carbimazole_Tab 5mg,0602020D0AAAAAA,2,-0.008399999999999075
226,B83062,Lansoprazole_Cap 30mg (E/C Gran),0103050L0AAAAAA,276,0.9604000000000108
227,B83062,Memantine HCl_Tab 20mg,0411000G0AAADAD,13,0.06369999999999992
228,B83062,Paracet_Tab 500mg,0407010H0AAAMAM,334,33.45200000000002
229,B83062,Paracet_Tab Solb 500mg,0407010H0AAAQAQ,6,-0.035999999999996035
230,B83062,Pregabalin_Cap 100mg,0408010AEAAADAD,4,0.025200000000000722
231,B83062,Risedronate Sod_Tab 35mg,0606020R0AAADAD,47,18.236
232,B83062,Sertraline HCl_Tab 100mg,0403030Q0AAABAB,48,0.9932999999999989
233,B83063,Aripiprazole_Tab 5mg,0402010ADAAADAD,3,86.1868
234,B83063,Atorvastatin_Tab 40mg,0212000B0AAACAC,95,44.68799999999999
235,B83063,Carbimazole_Tab 5mg,0602020D0AAAAAA,10,-0.016099999999998227
236,B83063,Lansoprazole_Cap 30mg (E/C Gran),0103050L0AAAAAA,224,4.335100000000006
237,B83063,Paracet_Tab 500mg,0407010H0AAAMAM,282,13.119200000000037
238,B83063,Paracet_Tab Solb 500mg,0407010H0AAAQAQ,2,-0.011999999999998678
239,B83063,Sertraline HCl_Tab 100mg,0403030Q0AAABAB,59,0.16800000000000093
240,B83064,Aripiprazole_Tab 5mg,0402010ADAAADAD,4,-0.01120000000000032
241,B83064,Atorvastatin_Tab 40mg,0212000B0AAACAC,1,0.004400000000000015
242,B83064,Carbimazole_Tab 5mg,0602020D0AAAAAA,2,-0.011199999999998766
243,B83064,Lansoprazole_Cap 30mg (E/C Gran),0103050L0AAAAAA,245,0.8904000000000101
244,B83064,Memantine HCl_Tab 20mg,0411000G0AAADAD,19,0.0909999999999999
245,B83064,Paracet_Tab 500mg,0407010H0AAAMAM,488,49.113600000000034
246,B83064,Sertraline HCl_Tab 100mg,0403030Q0AAABAB,54,0.14070000000000077
247,B83067,Carbimazole_Tab 5mg,0602020D0AAAAAA,3,-0.01679999999999815
248,B83067,Lansoprazole_Cap 30mg (E/C Gran),0103050L0AAAAAA,43,0.15680000000000177
249,B83067,Paracet_Tab 500mg,0407010H0AAAMAM,104,21.94640000000003
250,B83641,Atorvastatin_Tab 40mg,0212000B0AAACAC,492,45.46079999999996
251,B83641,Carbimazole_Tab 5mg,0602020D0AAAAAA,5,-0.01959999999999784
252,B83641,Lansoprazole_Cap 30mg (E/C Gran),0103050L0AAAAAA,9,0.042000000000000474
253,B83641,Paracet_Tab 500mg,0407010H0AAAMAM,6,0.03599999999999978
254,Y00100,Lansoprazole_Cap 30mg (E/C Gran),0103050L0AAAAAA,1,0.003000000000000086
255,Y01118,Carbimazole_Tab 5mg,0602020D0AAAAAA,4,71.6436
256,Y01118,Lansoprazole_Cap 30mg (E/C Gran),0103050L0AAAAAA,58,0.16860000000000205
257,Y01118,Memantine HCl_Tab 20mg,0411000G0AAADAD,4,0.01959999999999998
258,Y01118,Paracet_Tab 500mg,0407010H0AAAMAM,44,-1.6128000000000011
259,Y01118,Sertraline HCl_Tab 100mg,0403030Q0AAABAB,12,0.04410000000000024
260,Y01126,Lansoprazole_Cap 30mg (E/C Gran),0103050L0AAAAAA,20,0.09800000000000111
261,Y04099,Paracet_Tab 500mg,0407010H0AAAMAM,2,-0.011199999999999932
262,Y05776,Lansoprazole_Cap 30mg (E/C Gran),0103050L0AAAAAA,1,0.005600000000000063
