,practice_code,bnf_description,bnf_code,items,excess_cost
0,K82003,Atorvastatin_Tab 20mg,0212000B0AAABAB,163,45.64000000000004
1,K82003,Losartan Pot_Tab 50mg,0205052N0AAABAB,43,47.751200000000004
2,K82003,Memantine HCl_Tab 20mg,0411000G0AAADAD,3,0.014699999999999984
3,K82003,Montelukast_Tab 10mg,0303020G0AAABAB,18,48.73679999999999
4,K82003,Paracet_Tab 500mg,0407010H0AAAMAM,260,20.213600000000003
5,K82003,Paracet_Tab Solb 500mg,0407010H0AAAQAQ,2,5.2752
6,K82009,Atorvastatin_Tab 20mg,0212000B0AAABAB,206,202.832
7,K82009,Losartan Pot_Tab 50mg,0205052N0AAABAB,70,47.66679999999999
8,K82009,Memantine HCl_Tab 20mg,0411000G0AAADAD,5,0.024499999999999973
9,K82009,Montelukast_Tab 10mg,0303020G0AAABAB,12,73.1388
10,K82009,Paracet_Tab 500mg,0407010H0AAAMAM,196,118.43400000000003
11,K82013,Losartan Pot_Tab 50mg,0205052N0AAABAB,18,-0.05040000000000013
12,K82013,Montelukast_Tab 10mg,0303020G0AAABAB,24,48.787200000000006
13,K82013,Olanzapine_Tab 20mg,040201060AAAQAQ,4,-0.011199999999998766
14,K82013,Paracet_Tab 500mg,0407010H0AAAMAM,474,140.9404
15,K82015,Atorvastatin_Tab 20mg,0212000B0AAABAB,130,45.13600000000003
16,K82015,Donepezil HCl_Tab 10mg,0411000D0AAABAB,12,-0.02520000000000014
17,K82015,Losartan Pot_Tab 50mg,0205052N0AAABAB,5,-0.014000000000000037
18,K82015,Memantine HCl_Tab 20mg,0411000G0AAADAD,5,0.024499999999999973
19,K82015,Olanzapine_Tab 20mg,040201060AAAQAQ,4,137.58079999999998
20,K82015,Paracet_Tab 500mg,0407010H0AAAMAM,134,39.442
21,K82016,Atorvastatin_Tab 20mg,0212000B0AAABAB,382,360.38520000000005
22,K82016,Donepezil HCl_Tab 10mg,0411000D0AAABAB,18,248.86679999999998
23,K82016,Memantine HCl_Tab 20mg,0411000G0AAADAD,7,63.4704
24,K82016,Paracet_Tab 500mg,0407010H0AAAMAM,404,71.50160000000001
25,K82016,Paracet_Tab Solb 500mg,0407010H0AAAQAQ,20,1335.5616000000005
26,K82025,Donepezil HCl_Tab 10mg,0411000D0AAABAB,4,-0.008400000000000046
27,K82025,Losartan Pot_Tab 50mg,0205052N0AAABAB,47,-0.0756000000000001
28,K82025,Memantine HCl_Tab 20mg,0411000G0AAADAD,4,0.01959999999999998
29,K82025,Montelukast_Tab 10mg,0303020G0AAABAB,8,24.3712
30,K82025,Paracet_Tab 500mg,0407010H0AAAMAM,246,3.2456000000000413
31,K82026,Donepezil HCl_Tab 10mg,0411000D0AAABAB,9,-0.013200000000000087
32,K82026,Losartan Pot_Tab 50mg,0205052N0AAABAB,32,-0.08960000000000024
33,K82026,Memantine HCl_Tab 20mg,0411000G0AAADAD,13,0.06369999999999992
34,K82026,Paracet_Tab 500mg,0407010H0AAAMAM,208,28.745199999999993
35,K82026,Paracet_Tab Solb 500mg,0407010H0AAAQAQ,12,18.79400000000001
36,K82027,Donepezil HCl_Tab 10mg,0411000D0AAABAB,3,82.9584
37,K82027,Losartan Pot_Tab 50mg,0205052N0AAABAB,5,-0.014000000000000037
38,K82027,Olanzapine_Tab 20mg,040201060AAAQAQ,6,0.03360000000000096
39,K82027,Paracet_Tab 500mg,0407010H0AAAMAM,152,-1.4071999999999916
40,K82027,Paracet_Tab Solb 500mg,0407010H0AAAQAQ,6,73.5
41,K82032,Atorvastatin_Tab 20mg,0212000B0AAABAB,115,45.08
42,K82032,Losartan Pot_Tab 50mg,0205052N0AAABAB,13,-0.03960000000000005
43,K82032,Memantine HCl_Tab 20mg,0411000G0AAADAD,6,63.9212
44,K82032,Montelukast_Tab 10mg,0303020G0AAABAB,21,50.77799999999999
45,K82032,Paracet_Tab 500mg,0407010H0AAAMAM,304,40.79239999999997
46,K82032,Paracet_Tab Solb 500mg,0407010H0AAAQAQ,4,9.400000000000002
47,K82039,Atorvastatin_Tab 20mg,0212000B0AAABAB,130,45.13600000000003
48,K82039,Donepezil HCl_Tab 10mg,0411000D0AAABAB,4,-0.008400000000000046
49,K82039,Losartan Pot_Tab 50mg,0205052N0AAABAB,18,-0.05360000000000009
50,K82039,Paracet_Tab 500mg,0407010H0AAAMAM,70,20.051600000000004
51,K82050,Atorvastatin_Tab 20mg,0212000B0AAABAB,2,-0.005699999999999886
52,K82050,Losartan Pot_Tab 50mg,0205052N0AAABAB,7,-0.01960000000000005
53,K82050,Memantine HCl_Tab 20mg,0411000G0AAADAD,3,0.014699999999999984
54,K82050,Olanzapine_Tab 20mg,040201060AAAQAQ,1,0.00560000000000016
55,K82050,Paracet_Tab 500mg,0407010H0AAAMAM,156,21.108800000000024
56,K82054,Atorvastatin_Tab 20mg,0212000B0AAABAB,96,135.4752
57,K82054,Donepezil HCl_Tab 10mg,0411000D0AAABAB,4,-0.008400000000000046
58,K82054,Losartan Pot_Tab 50mg,0205052N0AAABAB,7,-0.01960000000000005
59,K82054,Memantine HCl_Tab 20mg,0411000G0AAADAD,4,63.896
60,K82054,Montelukast_Tab 10mg,0303020G0AAABAB,6,48.753600000000006
61,K82054,Paracet_Tab 500mg,0407010H0AAAMAM,290,52.71200000000002
62,K82054,Paracet_Tab Solb 500mg,0407010H0AAAQAQ,6,-0.035999999999996035
63,K82057,Atorvastatin_Tab 20mg,0212000B0AAABAB,1,0.0026000000000000745
64,K82057,Losartan Pot_Tab 50mg,0205052N0AAABAB,3,-0.008400000000000022
65,K82057,Memantine HCl_Tab 20mg,0411000G0AAADAD,1,127.79760000000002
66,K82057,Paracet_Tab 500mg,0407010H0AAAMAM,248,214.46000000000004
67,K82059,Atorvastatin_Tab 20mg,0212000B0AAABAB,16,5.645800000000001
68,K82059,Losartan Pot_Tab 50mg,0205052N0AAABAB,24,23.8658
69,K82059,Olanzapine_Tab 20mg,040201060AAAQAQ,1,0.0060000000000010045
70,K82059,Paracet_Tab 500mg,0407010H0AAAMAM,142,39.88040000000004
71,K82059,Paracet_Tab Solb 500mg,0407010H0AAAQAQ,2,-0.011999999999998678
72,K82060,Atorvastatin_Tab 20mg,0212000B0AAABAB,69,112.8064
73,K82060,Donepezil HCl_Tab 10mg,0411000D0AAABAB,1,0.12039999999999995
74,K82060,Losartan Pot_Tab 50mg,0205052N0AAABAB,4,0.016800000000000093
75,K82060,Paracet_Tab 500mg,0407010H0AAAMAM,46,28.712000000000003
76,K82062,Losartan Pot_Tab 50mg,0205052N0AAABAB,1,-0.006399999999999961
77,K82064,Losartan Pot_Tab 50mg,0205052N0AAABAB,14,47.74560000000001
78,K82064,Olanzapine_Tab 20mg,040201060AAAQAQ,1,0.00560000000000016
79,K82064,Paracet_Tab 500mg,0407010H0AAAMAM,34,10.097199999999996
80,K82065,Losartan Pot_Tab 50mg,0205052N0AAABAB,79,23.858800000000006
81,K82065,Olanzapine_Tab 20mg,040201060AAAQAQ,9,0.016800000000002036
82,K82065,Paracet_Tab 500mg,0407010H0AAAMAM,214,9.243399999999998
83,K82065,Paracet_Tab Solb 500mg,0407010H0AAAQAQ,2,-0.011999999999998678
84,K82067,Donepezil HCl_Tab 10mg,0411000D0AAABAB,8,-0.016800000000000093
85,K82067,Losartan Pot_Tab 50mg,0205052N0AAABAB,8,-0.02240000000000006
86,K82067,Memantine HCl_Tab 20mg,0411000G0AAADAD,5,63.8977
87,K82067,Montelukast_Tab 10mg,0303020G0AAABAB,4,48.753600000000006
88,K82067,Olanzapine_Tab 20mg,040201060AAAQAQ,1,-0.0027999999999996916
89,K82067,Paracet_Tab 500mg,0407010H0AAAMAM,284,45.064000000000014
90,K82074,Atorvastatin_Tab 20mg,0212000B0AAABAB,56,45.15840000000001
91,K82074,Montelukast_Tab 10mg,0303020G0AAABAB,4,97.50720000000001
92,K82074,Paracet_Tab 500mg,0407010H0AAAMAM,26,12.778400000000001
93,K82076,Memantine HCl_Tab 20mg,0411000G0AAADAD,4,0.01959999999999998
94,K82076,Olanzapine_Tab 20mg,040201060AAAQAQ,4,-0.011199999999998766
95,K82076,Paracet_Tab 500mg,0407010H0AAAMAM,168,20.0272
96,K82610,Losartan Pot_Tab 50mg,0205052N0AAABAB,4,-0.01120000000000003
97,K82610,Memantine HCl_Tab 20mg,0411000G0AAADAD,2,63.9016
98,K82610,Olanzapine_Tab 20mg,040201060AAAQAQ,1,0.00560000000000016
99,K82610,Paracet_Tab 500mg,0407010H0AAAMAM,104,7.803200000000015
100,K82610,Valaciclovir_Tab 500mg,0503021A0AAAAAA,1,0.0041999999999995374
101,K82615,Memantine HCl_Tab 20mg,0411000G0AAADAD,3,127.79759999999999
102,K82615,Paracet_Tab 500mg,0407010H0AAAMAM,94,26.972799999999992
103,K82615,Riluzole_Tab 50mg,0409030R0AAAAAA,1,0.0027999999999996916
104,K82617,Losartan Pot_Tab 50mg,0205052N0AAABAB,20,23.856
105,K82617,Montelukast_Tab 10mg,0303020G0AAABAB,7,24.382399999999997
106,K82617,Olanzapine_Tab 20mg,040201060AAAQAQ,2,137.58079999999998
107,K82617,Paracet_Tab 500mg,0407010H0AAAMAM,84,65.144
108,K82631,Paracet_Tab 500mg,0407010H0AAAMAM,6,-0.0335999999999998
109,K82631,Valaciclovir_Tab 500mg,0503021A0AAAAAA,1,298.5024
110,K82633,Atorvastatin_Tab 20mg,0212000B0AAABAB,2,0.003000000000000294
111,K82633,Donepezil HCl_Tab 10mg,0411000D0AAABAB,11,-0.023100000000000127
112,K82633,Losartan Pot_Tab 50mg,0205052N0AAABAB,12,-0.03360000000000009
113,K82633,Paracet_Tab 500mg,0407010H0AAAMAM,56,55.61640000000001
114,K82633,Riluzole_Tab 50mg,0409030R0AAAAAA,1,287.2576
115,Y02808,Losartan Pot_Tab 50mg,0205052N0AAABAB,1,-0.0028000000000000073
116,Y02808,Paracet_Tab 500mg,0407010H0AAAMAM,4,0.4608000000000003
117,Y02900,Losartan Pot_Tab 50mg,0205052N0AAABAB,12,3.2256000000000005
118,Y02900,Memantine HCl_Tab 20mg,0411000G0AAADAD,2,63.9016
119,Y02900,Olanzapine_Tab 20mg,040201060AAAQAQ,2,0.01120000000000032
120,Y02900,Paracet_Tab 500mg,0407010H0AAAMAM,2,0.005999999999999964
