,practice_code,bnf_description,bnf_code,items,excess_cost
135,H85022,Mesalazine_Tab E/C 400mg,0105010B0AAAAAA,1,71.87039999999999
0,H85023,Risperidone_Tab 6mg,040201030AAAFAF,8,58.464
2,H85023,Risperidone_Tab 6mg,040201030AAAFAF,1,58.4192
1,H85025,Risperidone_Tab 6mg,040201030AAAFAF,1,58.4192
136,H85653,Mesalazine_Tab E/C 400mg,0105010B0AAAAAA,1,51.33599999999999
6,H85021,Mesalazine_Tab E/C 800mg,0105010B0AAASAS,1,49.19999999999999
7,H85116,Mesalazine_Tab E/C 800mg,0105010B0AAASAS,2,45.91999999999999
8,H85053,Mesalazine_Tab E/C 800mg,0105010B0AAASAS,1,36.89999999999999
9,H85693,Mesalazine_Tab E/C 800mg,0105010B0AAASAS,1,36.89999999999999
10,H85030,Mesalazine_Tab E/C 800mg,0105010B0AAASAS,4,34.43999999999999
4,H85693,Risperidone_Tab 6mg,040201030AAAFAF,1,29.2096
3,H85025,Risperidone_Tab 6mg,040201030AAAFAF,1,29.2096
11,H85693,Mesalazine_Tab E/C 800mg,0105010B0AAASAS,1,24.599999999999994
137,H85095,Mesalazine_Tab E/C 400mg,0105010B0AAAAAA,1,23.956799999999998
12,H85105,Mesalazine_Tab E/C 800mg,0105010B0AAASAS,1,22.959999999999994
13,H85053,Mesalazine_Tab E/C 800mg,0105010B0AAASAS,1,17.219999999999995
14,H85113,Mesalazine_Tab E/C 800mg,0105010B0AAASAS,1,17.219999999999995
202,H85031,Aripiprazole_Tab 5mg,0402010ADAAADAD,5,15.568000000000003
213,H85115,Ropinirole HCl_Tab 5mg,0409010H0AAADAD,1,15.48960000000001
15,H85095,Mesalazine_Tab E/C 800mg,0105010B0AAASAS,1,11.479999999999997
5,H85693,Risperidone_Tab 6mg,040201030AAAFAF,1,7.308
23,H85653,Clonazepam_Tab 500mcg,0408010F0AAABAB,1,6.101999999999988
188,H85653,Pyridox HCl_Tab 50mg,0906024N0AAAIAI,2,4.788000000000001
178,H85105,Topiramate_Tab 200mg,040801050AAACAC,4,4.659199999999997
214,H85653,Tetrabenazine_Tab 25mg,0409030C0AAAAAA,1,3.998399999999995
179,H85105,Topiramate_Tab 200mg,040801050AAACAC,1,3.4859999999999984
24,H85019,Clonazepam_Tab 500mcg,0408010F0AAABAB,1,3.389999999999993
25,H85115,Clonazepam_Tab 500mcg,0408010F0AAABAB,5,3.1639999999999935
141,H85031,Amiodarone HCl_Tab 200mg,0203020D0AAABAB,9,3.150000000000003
26,H85095,Clonazepam_Tab 500mcg,0408010F0AAABAB,1,3.050999999999994
27,H85686,Clonazepam_Tab 500mcg,0408010F0AAABAB,3,3.050999999999994
215,H85018,Tetrabenazine_Tab 25mg,0409030C0AAAAAA,1,2.998799999999996
28,H85031,Clonazepam_Tab 500mcg,0408010F0AAABAB,9,2.847599999999994
29,H85032,Clonazepam_Tab 500mcg,0408010F0AAABAB,1,2.5537999999999945
32,H85686,Clonazepam_Tab 500mcg,0408010F0AAABAB,1,2.531199999999995
31,H85031,Clonazepam_Tab 500mcg,0408010F0AAABAB,1,2.531199999999995
30,H85686,Clonazepam_Tab 500mcg,0408010F0AAABAB,2,2.531199999999995
182,H85095,Topiramate_Tab 200mg,040801050AAACAC,1,2.489999999999999
183,H85031,Topiramate_Tab 200mg,040801050AAACAC,1,2.489999999999999
181,H85653,Topiramate_Tab 200mg,040801050AAACAC,1,2.489999999999999
180,H85023,Topiramate_Tab 200mg,040801050AAACAC,1,2.489999999999999
33,H85021,Clonazepam_Tab 500mcg,0408010F0AAABAB,5,2.372999999999995
184,H85031,Topiramate_Tab 200mg,040801050AAACAC,1,2.3183999999999996
185,H85653,Topiramate_Tab 200mg,040801050AAACAC,1,2.3183999999999996
186,H85105,Topiramate_Tab 200mg,040801050AAACAC,4,2.307200000000001
34,H85693,Clonazepam_Tab 500mcg,0408010F0AAABAB,7,2.2147999999999954
142,H85105,Amiodarone HCl_Tab 200mg,0203020D0AAABAB,3,2.100000000000002
143,H85019,Amiodarone HCl_Tab 200mg,0203020D0AAABAB,6,2.100000000000002
218,H85116,Tetrabenazine_Tab 25mg,0409030C0AAAAAA,1,1.9991999999999974
217,H85693,Tetrabenazine_Tab 25mg,0409030C0AAAAAA,1,1.9991999999999974
216,H85653,Tetrabenazine_Tab 25mg,0409030C0AAAAAA,4,1.9991999999999974
189,H85025,Pyridox HCl_Tab 50mg,0906024N0AAAIAI,2,1.9152000000000005
190,H85693,Pyridox HCl_Tab 50mg,0906024N0AAAIAI,2,1.9152000000000005
191,H85054,Pyridox HCl_Tab 50mg,0906024N0AAAIAI,1,1.9152000000000005
40,H85665,Clonazepam_Tab 500mcg,0408010F0AAABAB,3,1.898399999999996
41,H85103,Clonazepam_Tab 500mcg,0408010F0AAABAB,3,1.898399999999996
39,H85683,Clonazepam_Tab 500mcg,0408010F0AAABAB,1,1.898399999999996
36,H85030,Clonazepam_Tab 500mcg,0408010F0AAABAB,1,1.898399999999996
38,H85653,Clonazepam_Tab 500mcg,0408010F0AAABAB,6,1.898399999999996
37,H85031,Clonazepam_Tab 500mcg,0408010F0AAABAB,1,1.898399999999996
35,H85095,Clonazepam_Tab 500mcg,0408010F0AAABAB,8,1.898399999999996
42,H85030,Clonazepam_Tab 500mcg,0408010F0AAABAB,5,1.5819999999999967
43,H85023,Clonazepam_Tab 500mcg,0408010F0AAABAB,5,1.5819999999999967
44,H85115,Clonazepam_Tab 500mcg,0408010F0AAABAB,5,1.5819999999999967
192,H85686,Pyridox HCl_Tab 50mg,0906024N0AAAIAI,3,1.4364000000000003
145,H85018,Amiodarone HCl_Tab 200mg,0203020D0AAABAB,2,1.4000000000000012
146,H85095,Amiodarone HCl_Tab 200mg,0203020D0AAABAB,4,1.4000000000000012
144,H85116,Amiodarone HCl_Tab 200mg,0203020D0AAABAB,1,1.4000000000000012
152,H85653,Amiodarone HCl_Tab 200mg,0203020D0AAABAB,4,1.4000000000000012
151,H85662,Amiodarone HCl_Tab 200mg,0203020D0AAABAB,1,1.4000000000000012
150,H85032,Amiodarone HCl_Tab 200mg,0203020D0AAABAB,2,1.4000000000000012
149,H85030,Amiodarone HCl_Tab 200mg,0203020D0AAABAB,4,1.4000000000000012
148,H85686,Amiodarone HCl_Tab 200mg,0203020D0AAABAB,2,1.4000000000000012
147,H85030,Amiodarone HCl_Tab 200mg,0203020D0AAABAB,2,1.4000000000000012
47,H85662,Clonazepam_Tab 500mcg,0408010F0AAABAB,2,1.3559999999999972
46,H85103,Clonazepam_Tab 500mcg,0408010F0AAABAB,2,1.3559999999999972
45,H85618,Clonazepam_Tab 500mcg,0408010F0AAABAB,1,1.3559999999999972
50,H85054,Clonazepam_Tab 500mcg,0408010F0AAABAB,2,1.2655999999999974
59,H85023,Clonazepam_Tab 500mcg,0408010F0AAABAB,1,1.2655999999999974
58,H85063,Clonazepam_Tab 500mcg,0408010F0AAABAB,2,1.2655999999999974
48,H85618,Clonazepam_Tab 500mcg,0408010F0AAABAB,8,1.2655999999999974
51,H85105,Clonazepam_Tab 500mcg,0408010F0AAABAB,2,1.2655999999999974
52,H85105,Clonazepam_Tab 500mcg,0408010F0AAABAB,4,1.2655999999999974
53,H85018,Clonazepam_Tab 500mcg,0408010F0AAABAB,1,1.2655999999999974
54,H85095,Clonazepam_Tab 500mcg,0408010F0AAABAB,2,1.2655999999999974
55,H85022,Clonazepam_Tab 500mcg,0408010F0AAABAB,1,1.2655999999999974
56,H85063,Clonazepam_Tab 500mcg,0408010F0AAABAB,1,1.2655999999999974
57,H85019,Clonazepam_Tab 500mcg,0408010F0AAABAB,2,1.2655999999999974
49,H85653,Clonazepam_Tab 500mcg,0408010F0AAABAB,1,1.2655999999999974
60,H85686,Clonazepam_Tab 500mcg,0408010F0AAABAB,2,1.2655999999999974
61,H85025,Clonazepam_Tab 500mcg,0408010F0AAABAB,2,1.2655999999999974
64,H85115,Clonazepam_Tab 500mcg,0408010F0AAABAB,1,1.1299999999999977
62,H85019,Clonazepam_Tab 500mcg,0408010F0AAABAB,1,1.1299999999999977
63,H85105,Clonazepam_Tab 500mcg,0408010F0AAABAB,1,1.1299999999999977
65,H85115,Clonazepam_Tab 500mcg,0408010F0AAABAB,7,1.1073999999999977
153,H85063,Amiodarone HCl_Tab 200mg,0203020D0AAABAB,3,1.050000000000001
154,H85105,Amiodarone HCl_Tab 200mg,0203020D0AAABAB,3,1.050000000000001
155,H85115,Amiodarone HCl_Tab 200mg,0203020D0AAABAB,3,1.050000000000001
156,H85686,Amiodarone HCl_Tab 200mg,0203020D0AAABAB,3,1.050000000000001
219,H85105,Tetrabenazine_Tab 25mg,0409030C0AAAAAA,2,0.9995999999999987
195,H85095,Pyridox HCl_Tab 50mg,0906024N0AAAIAI,4,0.9576000000000002
194,H85113,Pyridox HCl_Tab 50mg,0906024N0AAAIAI,1,0.9576000000000002
193,H85105,Pyridox HCl_Tab 50mg,0906024N0AAAIAI,1,0.9576000000000002
72,H85025,Clonazepam_Tab 500mcg,0408010F0AAABAB,1,0.949199999999998
69,H85054,Clonazepam_Tab 500mcg,0408010F0AAABAB,1,0.949199999999998
74,H85113,Clonazepam_Tab 500mcg,0408010F0AAABAB,4,0.949199999999998
73,H85025,Clonazepam_Tab 500mcg,0408010F0AAABAB,2,0.949199999999998
71,H85021,Clonazepam_Tab 500mcg,0408010F0AAABAB,6,0.949199999999998
70,H85030,Clonazepam_Tab 500mcg,0408010F0AAABAB,1,0.949199999999998
68,H85115,Clonazepam_Tab 500mcg,0408010F0AAABAB,1,0.949199999999998
67,H85686,Clonazepam_Tab 500mcg,0408010F0AAABAB,1,0.949199999999998
66,H85693,Clonazepam_Tab 500mcg,0408010F0AAABAB,12,0.949199999999998
75,H85653,Clonazepam_Tab 500mcg,0408010F0AAABAB,11,0.8700999999999982
76,H85105,Clonazepam_Tab 500mcg,0408010F0AAABAB,1,0.8135999999999983
77,H85105,Clonazepam_Tab 500mcg,0408010F0AAABAB,5,0.7909999999999984
78,H85030,Clonazepam_Tab 500mcg,0408010F0AAABAB,3,0.7118999999999985
158,H85022,Amiodarone HCl_Tab 200mg,0203020D0AAABAB,1,0.7000000000000006
161,H85113,Amiodarone HCl_Tab 200mg,0203020D0AAABAB,1,0.7000000000000006
159,H85665,Amiodarone HCl_Tab 200mg,0203020D0AAABAB,2,0.7000000000000006
160,H85054,Amiodarone HCl_Tab 200mg,0203020D0AAABAB,2,0.7000000000000006
157,H85021,Amiodarone HCl_Tab 200mg,0203020D0AAABAB,1,0.7000000000000006
163,H85031,Amiodarone HCl_Tab 200mg,0203020D0AAABAB,1,0.7000000000000006
162,H85683,Amiodarone HCl_Tab 200mg,0203020D0AAABAB,1,0.7000000000000006
165,H85053,Amiodarone HCl_Tab 200mg,0203020D0AAABAB,1,0.7000000000000006
164,H85116,Amiodarone HCl_Tab 200mg,0203020D0AAABAB,1,0.7000000000000006
166,H85618,Amiodarone HCl_Tab 200mg,0203020D0AAABAB,1,0.7000000000000006
79,H85023,Clonazepam_Tab 500mcg,0408010F0AAABAB,1,0.6779999999999986
80,H85115,Clonazepam_Tab 500mcg,0408010F0AAABAB,2,0.6779999999999986
81,H85054,Clonazepam_Tab 500mcg,0408010F0AAABAB,1,0.6779999999999986
167,H85115,Amiodarone HCl_Tab 200mg,0203020D0AAABAB,8,0.6776
86,H85693,Clonazepam_Tab 500mcg,0408010F0AAABAB,4,0.6327999999999987
91,H85618,Clonazepam_Tab 500mcg,0408010F0AAABAB,2,0.6327999999999987
90,H85032,Clonazepam_Tab 500mcg,0408010F0AAABAB,1,0.6327999999999987
89,H85095,Clonazepam_Tab 500mcg,0408010F0AAABAB,2,0.6327999999999987
88,H85116,Clonazepam_Tab 500mcg,0408010F0AAABAB,8,0.6327999999999987
87,H85018,Clonazepam_Tab 500mcg,0408010F0AAABAB,2,0.6327999999999987
83,H85653,Clonazepam_Tab 500mcg,0408010F0AAABAB,1,0.6327999999999987
85,H85683,Clonazepam_Tab 500mcg,0408010F0AAABAB,2,0.6327999999999987
84,H85686,Clonazepam_Tab 500mcg,0408010F0AAABAB,4,0.6327999999999987
93,H85116,Clonazepam_Tab 500mcg,0408010F0AAABAB,1,0.6327999999999987
82,H85022,Clonazepam_Tab 500mcg,0408010F0AAABAB,1,0.6327999999999987
101,H85116,Clonazepam_Tab 500mcg,0408010F0AAABAB,2,0.6327999999999987
92,H85031,Clonazepam_Tab 500mcg,0408010F0AAABAB,1,0.6327999999999987
100,H85018,Clonazepam_Tab 500mcg,0408010F0AAABAB,8,0.6327999999999987
94,H85019,Clonazepam_Tab 500mcg,0408010F0AAABAB,2,0.6327999999999987
96,H85063,Clonazepam_Tab 500mcg,0408010F0AAABAB,2,0.6327999999999987
99,H85032,Clonazepam_Tab 500mcg,0408010F0AAABAB,4,0.6327999999999987
98,H85025,Clonazepam_Tab 500mcg,0408010F0AAABAB,8,0.6327999999999987
97,H85018,Clonazepam_Tab 500mcg,0408010F0AAABAB,1,0.6327999999999987
95,H85030,Clonazepam_Tab 500mcg,0408010F0AAABAB,8,0.6327999999999987
102,H85021,Clonazepam_Tab 500mcg,0408010F0AAABAB,1,0.5699999999999983
104,H85018,Clonazepam_Tab 500mcg,0408010F0AAABAB,1,0.5699999999999983
105,H85686,Clonazepam_Tab 500mcg,0408010F0AAABAB,1,0.5699999999999983
103,H85030,Clonazepam_Tab 500mcg,0408010F0AAABAB,1,0.5699999999999983
106,H85030,Clonazepam_Tab 500mcg,0408010F0AAABAB,1,0.5129999999999985
168,H85653,Amiodarone HCl_Tab 200mg,0203020D0AAABAB,1,0.5000000000000004
197,H85653,Pyridox HCl_Tab 50mg,0906024N0AAAIAI,1,0.4788000000000001
198,H85105,Pyridox HCl_Tab 50mg,0906024N0AAAIAI,1,0.4788000000000001
196,H85054,Pyridox HCl_Tab 50mg,0906024N0AAAIAI,1,0.4788000000000001
199,H85025,Pyridox HCl_Tab 50mg,0906024N0AAAIAI,1,0.4788000000000001
107,H85031,Clonazepam_Tab 500mcg,0408010F0AAABAB,1,0.474599999999999
108,H85021,Clonazepam_Tab 500mcg,0408010F0AAABAB,6,0.474599999999999
109,H85103,Clonazepam_Tab 500mcg,0408010F0AAABAB,3,0.474599999999999
111,H85653,Clonazepam_Tab 500mcg,0408010F0AAABAB,1,0.474599999999999
110,H85116,Clonazepam_Tab 500mcg,0408010F0AAABAB,3,0.474599999999999
169,H85031,Amiodarone HCl_Tab 200mg,0203020D0AAABAB,5,0.4235
187,H85105,Topiramate_Tab 200mg,040801050AAACAC,1,0.4179999999999995
170,H85032,Amiodarone HCl_Tab 200mg,0203020D0AAABAB,1,0.3500000000000003
171,H85021,Amiodarone HCl_Tab 200mg,0203020D0AAABAB,1,0.3500000000000003
172,H85662,Amiodarone HCl_Tab 200mg,0203020D0AAABAB,1,0.3500000000000003
114,H85019,Clonazepam_Tab 500mcg,0408010F0AAABAB,1,0.3389999999999993
113,H85030,Clonazepam_Tab 500mcg,0408010F0AAABAB,1,0.3389999999999993
112,H85095,Clonazepam_Tab 500mcg,0408010F0AAABAB,1,0.3389999999999993
115,H85018,Clonazepam_Tab 500mcg,0408010F0AAABAB,1,0.3389999999999993
174,H85030,Amiodarone HCl_Tab 200mg,0203020D0AAABAB,4,0.3388
175,H85054,Amiodarone HCl_Tab 200mg,0203020D0AAABAB,4,0.3388
173,H85025,Amiodarone HCl_Tab 200mg,0203020D0AAABAB,4,0.3388
116,H85030,Clonazepam_Tab 500mcg,0408010F0AAABAB,9,0.3320999999999994
126,H85022,Clonazepam_Tab 500mcg,0408010F0AAABAB,2,0.31639999999999935
125,H85665,Clonazepam_Tab 500mcg,0408010F0AAABAB,1,0.31639999999999935
124,H85095,Clonazepam_Tab 500mcg,0408010F0AAABAB,4,0.31639999999999935
120,H85025,Clonazepam_Tab 500mcg,0408010F0AAABAB,1,0.31639999999999935
121,H85031,Clonazepam_Tab 500mcg,0408010F0AAABAB,2,0.31639999999999935
123,H85095,Clonazepam_Tab 500mcg,0408010F0AAABAB,2,0.31639999999999935
119,H85021,Clonazepam_Tab 500mcg,0408010F0AAABAB,1,0.31639999999999935
118,H85665,Clonazepam_Tab 500mcg,0408010F0AAABAB,4,0.31639999999999935
122,H85683,Clonazepam_Tab 500mcg,0408010F0AAABAB,4,0.31639999999999935
117,H85103,Clonazepam_Tab 500mcg,0408010F0AAABAB,1,0.31639999999999935
176,H85019,Amiodarone HCl_Tab 200mg,0203020D0AAABAB,3,0.2541
127,H85103,Clonazepam_Tab 500mcg,0408010F0AAABAB,3,0.2372999999999995
177,H85031,Amiodarone HCl_Tab 200mg,0203020D0AAABAB,1,0.17920000000000008
128,H85693,Clonazepam_Tab 500mcg,0408010F0AAABAB,4,0.16959999999999997
130,H85025,Clonazepam_Tab 500mcg,0408010F0AAABAB,1,0.15819999999999967
129,H85030,Clonazepam_Tab 500mcg,0408010F0AAABAB,1,0.15819999999999967
131,H85103,Clonazepam_Tab 500mcg,0408010F0AAABAB,1,0.11599999999999999
132,H85031,Clonazepam_Tab 500mcg,0408010F0AAABAB,1,0.11599999999999999
200,H85115,Pyridox HCl_Tab 50mg,0906024N0AAAIAI,1,0.08700000000000041
201,H85686,Pyridox HCl_Tab 50mg,0906024N0AAAIAI,1,0.06560000000000032
133,H85116,Clonazepam_Tab 500mcg,0408010F0AAABAB,1,0.06359999999999999
203,H85018,Aripiprazole_Tab 5mg,0402010ADAAADAD,8,0.03359999999999941
134,H85103,Clonazepam_Tab 500mcg,0408010F0AAABAB,1,0.021199999999999997
16,H85023,Mesalazine_Tab E/C 800mg,0105010B0AAASAS,1,0.008999999999999009
204,H85693,Aripiprazole_Tab 5mg,0402010ADAAADAD,2,0.008399999999999852
205,H85025,Aripiprazole_Tab 5mg,0402010ADAAADAD,1,0.004199999999999926
206,H85031,Aripiprazole_Tab 5mg,0402010ADAAADAD,1,0.0041999999999995374
207,H85105,Aripiprazole_Tab 5mg,0402010ADAAADAD,4,-0.006400000000000183
208,H85095,Aripiprazole_Tab 5mg,0402010ADAAADAD,3,-0.00840000000000024
210,H85653,Aripiprazole_Tab 5mg,0402010ADAAADAD,4,-0.01120000000000032
211,H85030,Aripiprazole_Tab 5mg,0402010ADAAADAD,4,-0.01120000000000032
209,H85053,Aripiprazole_Tab 5mg,0402010ADAAADAD,4,-0.01120000000000032
212,H85023,Aripiprazole_Tab 5mg,0402010ADAAADAD,8,-0.02240000000000064
17,H85116,Mesalazine_Tab E/C 800mg,0105010B0AAASAS,1,-11.479999999999997
138,H85653,Mesalazine_Tab E/C 400mg,0105010B0AAAAAA,1,-17.112
18,H85023,Mesalazine_Tab E/C 800mg,0105010B0AAASAS,1,-18.441
19,H85019,Mesalazine_Tab E/C 800mg,0105010B0AAASAS,1,-22.959999999999994
20,H85683,Mesalazine_Tab E/C 800mg,0105010B0AAASAS,1,-24.599999999999994
139,H85105,Mesalazine_Tab E/C 400mg,0105010B0AAAAAA,1,-34.224
21,H85665,Mesalazine_Tab E/C 800mg,0105010B0AAASAS,1,-34.43999999999999
22,H85031,Mesalazine_Tab E/C 800mg,0105010B0AAASAS,1,-36.89999999999999
140,H85025,Mesalazine_Tab E/C 400mg,0105010B0AAAAAA,1,-51.33599999999999
