,practice_code,bnf_description,bnf_code,items,excess_cost
0,A83025,Atorvastatin_Tab 20mg,0212000B0AAABAB,554,583.2512000000002
651,A83051,Aripiprazole_Tab 10mg,0402010ADAAAAAA,4,174.4624
526,A83004,Pregabalin_Cap 75mg,0408010AEAAACAC,5,170.184
1,A83021,Atorvastatin_Tab 20mg,0212000B0AAABAB,557,135.68519999999998
2,A83071,Atorvastatin_Tab 20mg,0212000B0AAABAB,132,135.27360000000002
576,A83025,Atorvastatin_Tab 40mg,0212000B0AAACAC,390,134.31599999999997
412,A83017,Montelukast_Tab 10mg,0303020G0AAABAB,16,121.9008
686,A83021,Olanzapine_Tab 5mg,040201060AAAAAA,1,109.6536
413,A83017,Montelukast_Tab 10mg,0303020G0AAABAB,5,97.524
414,A83012,Montelukast_Tab 10mg,0303020G0AAABAB,98,97.41199999999999
3,A83066,Atorvastatin_Tab 20mg,0212000B0AAABAB,243,91.17360000000002
4,A83012,Atorvastatin_Tab 20mg,0212000B0AAABAB,706,90.93280000000014
652,A83007,Aripiprazole_Tab 10mg,0402010ADAAAAAA,3,87.234
527,A83004,Pregabalin_Cap 75mg,0408010AEAAACAC,1,85.08360000000002
469,A83008,Atorvastatin_Tab 80mg,0212000B0AAADAD,46,74.44639999999998
470,A83071,Atorvastatin_Tab 80mg,0212000B0AAADAD,1,74.42399999999999
687,A83021,Olanzapine_Tab 5mg,040201060AAAAAA,1,73.10239999999999
426,A83001,Memantine HCl_Tab 20mg,0411000G0AAADAD,29,64.02619999999999
427,A83025,Memantine HCl_Tab 20mg,0411000G0AAADAD,30,63.924
428,A83012,Memantine HCl_Tab 20mg,0411000G0AAADAD,12,63.9072
429,A83037,Memantine HCl_Tab 20mg,0411000G0AAADAD,18,63.907199999999996
430,A83032,Memantine HCl_Tab 20mg,0411000G0AAADAD,3,63.898799999999994
431,A83001,Memantine HCl_Tab 20mg,0411000G0AAADAD,5,63.896
432,A83044,Memantine HCl_Tab 20mg,0411000G0AAADAD,5,63.896
433,A83021,Memantine HCl_Tab 20mg,0411000G0AAADAD,10,63.895999999999994
434,A83007,Memantine HCl_Tab 20mg,0411000G0AAADAD,17,63.879200000000004
528,A83035,Pregabalin_Cap 75mg,0408010AEAAACAC,9,56.750400000000006
529,A83004,Pregabalin_Cap 75mg,0408010AEAAACAC,2,56.72240000000001
415,A83020,Montelukast_Tab 10mg,0303020G0AAABAB,31,48.781600000000005
416,A83004,Montelukast_Tab 10mg,0303020G0AAABAB,12,48.753600000000006
417,A83045,Montelukast_Tab 10mg,0303020G0AAABAB,30,48.720000000000006
435,A83012,Memantine HCl_Tab 20mg,0411000G0AAADAD,20,48.006
592,A83008,Atorvastatin_Tab 10mg,0212000B0AAAAAA,72,46.56960000000001
688,A83074,Olanzapine_Tab 5mg,040201060AAAAAA,5,45.703
577,A83019,Atorvastatin_Tab 40mg,0212000B0AAACAC,17,45.5056
5,A83007,Atorvastatin_Tab 20mg,0212000B0AAABAB,312,45.42720000000003
6,A83042,Atorvastatin_Tab 20mg,0212000B0AAABAB,184,45.33760000000001
7,A83019,Atorvastatin_Tab 20mg,0212000B0AAABAB,39,45.208800000000004
8,A83017,Atorvastatin_Tab 20mg,0212000B0AAABAB,168,45.15840000000005
9,A83008,Atorvastatin_Tab 20mg,0212000B0AAABAB,126,45.15840000000002
10,A83616,Atorvastatin_Tab 20mg,0212000B0AAABAB,72,45.15840000000001
578,A83001,Atorvastatin_Tab 40mg,0212000B0AAACAC,85,44.74399999999999
579,A83008,Atorvastatin_Tab 40mg,0212000B0AAACAC,12,44.4864
418,A83008,Montelukast_Tab 10mg,0303020G0AAABAB,32,42.6944
24,A83021,Paracet_Tab 500mg,0407010H0AAAMAM,198,39.60000000000004
25,A83021,Paracet_Tab 500mg,0407010H0AAAMAM,198,39.60000000000004
471,A83007,Atorvastatin_Tab 80mg,0212000B0AAADAD,54,37.308600000000006
593,A83004,Atorvastatin_Tab 10mg,0212000B0AAAAAA,91,34.90760000000001
11,A83021,Atorvastatin_Tab 20mg,0212000B0AAABAB,1,33.8016
27,A83004,Paracet_Tab 500mg,0407010H0AAAMAM,186,29.760000000000012
26,A83004,Paracet_Tab 500mg,0407010H0AAAMAM,186,29.760000000000012
472,A83610,Atorvastatin_Tab 80mg,0212000B0AAADAD,34,26.656
473,A83019,Atorvastatin_Tab 80mg,0212000B0AAADAD,32,26.611200000000004
29,A83057,Paracet_Tab 500mg,0407010H0AAAMAM,374,26.17999999999997
28,A83057,Paracet_Tab 500mg,0407010H0AAAMAM,374,26.17999999999997
30,A83045,Paracet_Tab 500mg,0407010H0AAAMAM,366,25.619999999999973
31,A83045,Paracet_Tab 500mg,0407010H0AAAMAM,366,25.619999999999973
474,A83037,Atorvastatin_Tab 80mg,0212000B0AAADAD,153,25.16850000000001
475,A83071,Atorvastatin_Tab 80mg,0212000B0AAADAD,54,24.910199999999996
476,A83004,Atorvastatin_Tab 80mg,0212000B0AAADAD,21,24.8136
477,A83045,Atorvastatin_Tab 80mg,0212000B0AAADAD,82,24.796800000000008
478,A83603,Atorvastatin_Tab 80mg,0212000B0AAADAD,13,24.7884
419,A83051,Montelukast_Tab 10mg,0303020G0AAABAB,55,24.409000000000006
420,A83603,Montelukast_Tab 10mg,0303020G0AAABAB,4,24.3824
421,A83627,Montelukast_Tab 10mg,0303020G0AAABAB,16,24.371199999999998
422,A83071,Montelukast_Tab 10mg,0303020G0AAABAB,9,24.368399999999994
423,A83042,Montelukast_Tab 10mg,0303020G0AAABAB,20,24.360000000000003
12,A83054,Atorvastatin_Tab 20mg,0212000B0AAABAB,493,23.466800000000003
594,A83025,Atorvastatin_Tab 10mg,0212000B0AAAAAA,75,23.31
595,A83057,Atorvastatin_Tab 10mg,0212000B0AAAAAA,10,23.240000000000002
596,A83021,Atorvastatin_Tab 10mg,0212000B0AAAAAA,244,23.228800000000003
597,A83074,Atorvastatin_Tab 10mg,0212000B0AAAAAA,11,23.223200000000002
598,A83021,Atorvastatin_Tab 10mg,0212000B0AAAAAA,16,23.2064
599,A83042,Atorvastatin_Tab 10mg,0212000B0AAAAAA,76,23.1952
13,A83626,Atorvastatin_Tab 20mg,0212000B0AAABAB,148,22.79200000000002
33,A83051,Paracet_Tab 500mg,0407010H0AAAMAM,35,22.735999999999997
32,A83051,Paracet_Tab 500mg,0407010H0AAAMAM,35,22.735999999999997
14,A83634,Atorvastatin_Tab 20mg,0212000B0AAABAB,112,22.579200000000014
15,A83019,Atorvastatin_Tab 20mg,0212000B0AAABAB,109,22.508500000000005
16,A83004,Atorvastatin_Tab 20mg,0212000B0AAABAB,82,22.50080000000001
580,A83007,Atorvastatin_Tab 40mg,0212000B0AAACAC,196,22.500799999999998
35,A83051,Paracet_Tab 500mg,0407010H0AAAMAM,170,20.399999999999995
34,A83051,Paracet_Tab 500mg,0407010H0AAAMAM,170,20.399999999999995
37,A83044,Paracet_Tab 500mg,0407010H0AAAMAM,60,19.20000000000001
36,A83044,Paracet_Tab 500mg,0407010H0AAAMAM,60,19.20000000000001
39,A83044,Paracet_Tab 500mg,0407010H0AAAMAM,141,15.510000000000003
38,A83044,Paracet_Tab 500mg,0407010H0AAAMAM,141,15.510000000000003
41,A83015,Paracet_Tab 500mg,0407010H0AAAMAM,154,15.400000000000013
40,A83015,Paracet_Tab 500mg,0407010H0AAAMAM,154,15.400000000000013
43,A83012,Paracet_Tab 500mg,0407010H0AAAMAM,59,14.537600000000003
42,A83012,Paracet_Tab 500mg,0407010H0AAAMAM,59,14.537600000000003
600,A83025,Atorvastatin_Tab 10mg,0212000B0AAAAAA,76,11.810400000000003
601,A83007,Atorvastatin_Tab 10mg,0212000B0AAAAAA,126,11.642400000000004
602,A83071,Atorvastatin_Tab 10mg,0212000B0AAAAAA,8,11.625599999999999
603,A83035,Atorvastatin_Tab 10mg,0212000B0AAAAAA,115,11.591999999999997
604,A83054,Atorvastatin_Tab 10mg,0212000B0AAAAAA,94,11.580800000000004
44,A83051,Paracet_Tab 500mg,0407010H0AAAMAM,248,11.110400000000029
45,A83051,Paracet_Tab 500mg,0407010H0AAAMAM,248,11.110400000000029
46,A83074,Paracet_Tab 500mg,0407010H0AAAMAM,17,11.043199999999999
47,A83074,Paracet_Tab 500mg,0407010H0AAAMAM,17,11.043199999999999
49,A83074,Paracet_Tab 500mg,0407010H0AAAMAM,45,10.799999999999997
48,A83074,Paracet_Tab 500mg,0407010H0AAAMAM,45,10.799999999999997
51,A83045,Paracet_Tab 500mg,0407010H0AAAMAM,59,10.620000000000017
50,A83045,Paracet_Tab 500mg,0407010H0AAAMAM,59,10.620000000000017
52,A83610,Paracet_Tab 500mg,0407010H0AAAMAM,24,10.080000000000005
53,A83610,Paracet_Tab 500mg,0407010H0AAAMAM,24,10.080000000000005
55,A83019,Paracet_Tab 500mg,0407010H0AAAMAM,2,10.080000000000002
54,A83019,Paracet_Tab 500mg,0407010H0AAAMAM,2,10.080000000000002
56,A83044,Paracet_Tab 500mg,0407010H0AAAMAM,32,10.035200000000014
57,A83044,Paracet_Tab 500mg,0407010H0AAAMAM,32,10.035200000000014
58,A83025,Paracet_Tab 500mg,0407010H0AAAMAM,471,9.420000000000107
59,A83025,Paracet_Tab 500mg,0407010H0AAAMAM,471,9.420000000000107
61,A83037,Paracet_Tab 500mg,0407010H0AAAMAM,381,7.620000000000086
60,A83037,Paracet_Tab 500mg,0407010H0AAAMAM,381,7.620000000000086
63,A83020,Paracet_Tab 500mg,0407010H0AAAMAM,379,7.580000000000085
62,A83020,Paracet_Tab 500mg,0407010H0AAAMAM,379,7.580000000000085
65,A83045,Paracet_Tab 500mg,0407010H0AAAMAM,187,7.330399999999992
64,A83045,Paracet_Tab 500mg,0407010H0AAAMAM,187,7.330399999999992
66,A83037,Paracet_Tab 500mg,0407010H0AAAMAM,39,6.988800000000018
67,A83037,Paracet_Tab 500mg,0407010H0AAAMAM,39,6.988800000000018
69,A83021,Paracet_Tab 500mg,0407010H0AAAMAM,20,6.5280000000000005
68,A83021,Paracet_Tab 500mg,0407010H0AAAMAM,20,6.5280000000000005
71,A83007,Paracet_Tab 500mg,0407010H0AAAMAM,2,6.4384
70,A83007,Paracet_Tab 500mg,0407010H0AAAMAM,2,6.4384
72,A83619,Paracet_Tab 500mg,0407010H0AAAMAM,56,6.160000000000002
73,A83619,Paracet_Tab 500mg,0407010H0AAAMAM,56,6.160000000000002
75,A83012,Paracet_Tab 500mg,0407010H0AAAMAM,153,5.997599999999993
74,A83012,Paracet_Tab 500mg,0407010H0AAAMAM,153,5.997599999999993
17,A83025,Atorvastatin_Tab 20mg,0212000B0AAABAB,229,5.610500000000005
76,A83051,Paracet_Tab 500mg,0407010H0AAAMAM,91,5.459999999999998
77,A83051,Paracet_Tab 500mg,0407010H0AAAMAM,91,5.459999999999998
78,A83616,Paracet_Tab 500mg,0407010H0AAAMAM,88,5.2799999999999985
79,A83616,Paracet_Tab 500mg,0407010H0AAAMAM,88,5.2799999999999985
479,A83012,Atorvastatin_Tab 80mg,0212000B0AAADAD,156,5.2416000000000285
80,A83061,Paracet_Tab 500mg,0407010H0AAAMAM,72,5.039999999999995
81,A83061,Paracet_Tab 500mg,0407010H0AAAMAM,72,5.039999999999995
83,A83015,Paracet_Tab 500mg,0407010H0AAAMAM,3,4.8384
82,A83015,Paracet_Tab 500mg,0407010H0AAAMAM,3,4.8384
84,A83012,Paracet_Tab 500mg,0407010H0AAAMAM,482,4.819999999999971
85,A83012,Paracet_Tab 500mg,0407010H0AAAMAM,482,4.819999999999971
86,A83046,Paracet_Tab 500mg,0407010H0AAAMAM,45,4.752000000000002
87,A83046,Paracet_Tab 500mg,0407010H0AAAMAM,45,4.752000000000002
88,A83042,Paracet_Tab 500mg,0407010H0AAAMAM,219,4.38000000000005
89,A83042,Paracet_Tab 500mg,0407010H0AAAMAM,219,4.38000000000005
90,A83037,Paracet_Tab 500mg,0407010H0AAAMAM,100,3.9199999999999955
91,A83037,Paracet_Tab 500mg,0407010H0AAAMAM,100,3.9199999999999955
92,A83603,Paracet_Tab 500mg,0407010H0AAAMAM,2,3.3376
93,A83603,Paracet_Tab 500mg,0407010H0AAAMAM,2,3.3376
94,A83021,Paracet_Tab 500mg,0407010H0AAAMAM,34,2.6656000000000035
95,A83021,Paracet_Tab 500mg,0407010H0AAAMAM,34,2.6656000000000035
480,A83634,Atorvastatin_Tab 80mg,0212000B0AAADAD,30,1.9109999999999994
481,A83025,Atorvastatin_Tab 80mg,0212000B0AAADAD,167,1.8703999999999887
97,A83037,Paracet_Tab 500mg,0407010H0AAAMAM,8,1.7024000000000021
96,A83037,Paracet_Tab 500mg,0407010H0AAAMAM,8,1.7024000000000021
99,A83020,Paracet_Tab 500mg,0407010H0AAAMAM,83,1.65999999999999
98,A83020,Paracet_Tab 500mg,0407010H0AAAMAM,83,1.65999999999999
101,A83020,Paracet_Tab 500mg,0407010H0AAAMAM,15,1.6320000000000001
100,A83020,Paracet_Tab 500mg,0407010H0AAAMAM,15,1.6320000000000001
102,A83610,Paracet_Tab 500mg,0407010H0AAAMAM,30,1.5120000000000025
103,A83610,Paracet_Tab 500mg,0407010H0AAAMAM,30,1.5120000000000025
104,A83619,Paracet_Tab 500mg,0407010H0AAAMAM,40,1.3439999999999996
105,A83619,Paracet_Tab 500mg,0407010H0AAAMAM,40,1.3439999999999996
106,A83019,Paracet_Tab 500mg,0407010H0AAAMAM,4,1.2544000000000017
107,A83019,Paracet_Tab 500mg,0407010H0AAAMAM,4,1.2544000000000017
482,A83066,Atorvastatin_Tab 80mg,0212000B0AAADAD,92,1.0304000000000026
424,A83019,Montelukast_Tab 10mg,0303020G0AAABAB,12,1.008000000000001
483,A83616,Atorvastatin_Tab 80mg,0212000B0AAADAD,32,0.8064000000000107
108,A83619,Paracet_Tab 500mg,0407010H0AAAMAM,3,0.7056000000000004
109,A83619,Paracet_Tab 500mg,0407010H0AAAMAM,3,0.7056000000000004
484,A83626,Atorvastatin_Tab 80mg,0212000B0AAADAD,34,0.6664000000000059
581,A83074,Atorvastatin_Tab 40mg,0212000B0AAACAC,231,0.6468000000000185
582,A83634,Atorvastatin_Tab 40mg,0212000B0AAACAC,41,0.5740000000000005
583,A83008,Atorvastatin_Tab 40mg,0212000B0AAACAC,65,0.546000000000003
110,A83619,Paracet_Tab 500mg,0407010H0AAAMAM,25,0.499999999999997
111,A83619,Paracet_Tab 500mg,0407010H0AAAMAM,25,0.499999999999997
112,A83021,Paracet_Tab 500mg,0407010H0AAAMAM,4,0.3600000000000003
113,A83021,Paracet_Tab 500mg,0407010H0AAAMAM,4,0.3600000000000003
485,A83045,Atorvastatin_Tab 80mg,0212000B0AAADAD,162,0.3402000000000097
436,A83025,Memantine HCl_Tab 20mg,0411000G0AAADAD,64,0.31359999999999966
18,A83610,Atorvastatin_Tab 20mg,0212000B0AAABAB,110,0.3080000000000088
486,A83025,Atorvastatin_Tab 80mg,0212000B0AAADAD,140,0.2940000000000084
487,A83074,Atorvastatin_Tab 80mg,0212000B0AAADAD,133,0.279300000000008
605,A83012,Atorvastatin_Tab 10mg,0212000B0AAAAAA,130,0.2730000000000015
488,A83051,Atorvastatin_Tab 80mg,0212000B0AAADAD,115,0.24150000000000693
489,A83001,Atorvastatin_Tab 80mg,0212000B0AAADAD,113,0.23730000000000678
606,A83045,Atorvastatin_Tab 10mg,0212000B0AAAAAA,113,0.23730000000000132
437,A83045,Memantine HCl_Tab 20mg,0411000G0AAADAD,46,0.22539999999999977
490,A83057,Atorvastatin_Tab 80mg,0212000B0AAADAD,102,0.21420000000000614
607,A83004,Atorvastatin_Tab 10mg,0212000B0AAAAAA,102,0.21420000000000117
438,A83052,Memantine HCl_Tab 20mg,0411000G0AAADAD,42,0.20579999999999976
491,A83003,Atorvastatin_Tab 80mg,0212000B0AAADAD,95,0.19950000000000573
492,A83052,Atorvastatin_Tab 80mg,0212000B0AAADAD,86,0.18060000000000517
493,A83012,Atorvastatin_Tab 80mg,0212000B0AAADAD,85,0.1785000000000051
494,A83075,Atorvastatin_Tab 80mg,0212000B0AAADAD,83,0.174300000000005
439,A83021,Memantine HCl_Tab 20mg,0411000G0AAADAD,35,0.17149999999999982
495,A83041,Atorvastatin_Tab 80mg,0212000B0AAADAD,81,0.17010000000000486
609,A83075,Atorvastatin_Tab 10mg,0212000B0AAAAAA,77,0.1617000000000009
608,A83008,Atorvastatin_Tab 10mg,0212000B0AAAAAA,77,0.1617000000000009
440,A83037,Memantine HCl_Tab 20mg,0411000G0AAADAD,33,0.16169999999999982
114,A83025,Paracet_Tab 500mg,0407010H0AAAMAM,5,0.16000000000000014
115,A83025,Paracet_Tab 500mg,0407010H0AAAMAM,5,0.16000000000000014
496,A83008,Atorvastatin_Tab 80mg,0212000B0AAADAD,76,0.15960000000000457
610,A83051,Atorvastatin_Tab 10mg,0212000B0AAAAAA,76,0.15960000000000088
497,A83015,Atorvastatin_Tab 80mg,0212000B0AAADAD,70,0.1470000000000042
611,A83041,Atorvastatin_Tab 10mg,0212000B0AAAAAA,70,0.1470000000000008
443,A83008,Memantine HCl_Tab 20mg,0411000G0AAADAD,30,0.14699999999999985
441,A83003,Memantine HCl_Tab 20mg,0411000G0AAADAD,30,0.14699999999999985
442,A83015,Memantine HCl_Tab 20mg,0411000G0AAADAD,30,0.14699999999999985
498,A83044,Atorvastatin_Tab 80mg,0212000B0AAADAD,68,0.1428000000000041
117,A83037,Paracet_Tab 500mg,0407010H0AAAMAM,29,0.13919999999999996
116,A83037,Paracet_Tab 500mg,0407010H0AAAMAM,29,0.13919999999999996
118,A83012,Paracet_Tab 500mg,0407010H0AAAMAM,33,0.13859999999999917
119,A83012,Paracet_Tab 500mg,0407010H0AAAMAM,33,0.13859999999999917
499,A83627,Atorvastatin_Tab 80mg,0212000B0AAADAD,65,0.1365000000000039
530,A83025,Pregabalin_Cap 75mg,0408010AEAAACAC,23,0.12879999999999922
500,A83021,Atorvastatin_Tab 80mg,0212000B0AAADAD,61,0.12810000000000366
121,A83619,Paracet_Tab 500mg,0407010H0AAAMAM,7,0.12599999999999922
120,A83619,Paracet_Tab 500mg,0407010H0AAAMAM,7,0.12599999999999922
501,A83004,Atorvastatin_Tab 80mg,0212000B0AAADAD,59,0.12390000000000355
122,A83012,Paracet_Tab 500mg,0407010H0AAAMAM,43,0.12039999999999927
123,A83012,Paracet_Tab 500mg,0407010H0AAAMAM,43,0.12039999999999927
125,A83025,Paracet_Tab 500mg,0407010H0AAAMAM,20,0.11999999999999927
124,A83025,Paracet_Tab 500mg,0407010H0AAAMAM,20,0.11999999999999927
612,A83007,Atorvastatin_Tab 10mg,0212000B0AAAAAA,55,0.11550000000000063
127,A83044,Paracet_Tab 500mg,0407010H0AAAMAM,1,0.11519999999999997
126,A83044,Paracet_Tab 500mg,0407010H0AAAMAM,1,0.11519999999999997
129,A83052,Paracet_Tab 500mg,0407010H0AAAMAM,19,0.11399999999999931
128,A83052,Paracet_Tab 500mg,0407010H0AAAMAM,19,0.11399999999999931
531,A83015,Pregabalin_Cap 75mg,0408010AEAAACAC,20,0.11199999999999932
502,A83619,Atorvastatin_Tab 80mg,0212000B0AAADAD,51,0.10710000000000307
613,A83037,Atorvastatin_Tab 10mg,0212000B0AAAAAA,50,0.10500000000000058
130,A83041,Paracet_Tab 500mg,0407010H0AAAMAM,25,0.10499999999999937
131,A83041,Paracet_Tab 500mg,0407010H0AAAMAM,25,0.10499999999999937
614,A83044,Atorvastatin_Tab 10mg,0212000B0AAAAAA,49,0.10290000000000057
444,A83007,Memantine HCl_Tab 20mg,0411000G0AAADAD,21,0.10289999999999988
615,A83066,Atorvastatin_Tab 10mg,0212000B0AAAAAA,48,0.10080000000000056
533,A83001,Pregabalin_Cap 75mg,0408010AEAAACAC,18,0.10079999999999939
532,A83057,Pregabalin_Cap 75mg,0408010AEAAACAC,18,0.10079999999999939
503,A83017,Atorvastatin_Tab 80mg,0212000B0AAADAD,47,0.09870000000000283
616,A83074,Atorvastatin_Tab 10mg,0212000B0AAAAAA,47,0.09870000000000054
445,A83017,Memantine HCl_Tab 20mg,0411000G0AAADAD,20,0.09799999999999989
534,A83020,Pregabalin_Cap 75mg,0408010AEAAACAC,17,0.09519999999999942
617,A83021,Atorvastatin_Tab 10mg,0212000B0AAAAAA,45,0.09450000000000053
618,A83015,Atorvastatin_Tab 10mg,0212000B0AAAAAA,44,0.09240000000000051
619,A83001,Atorvastatin_Tab 10mg,0212000B0AAAAAA,44,0.09240000000000051
132,A83019,Paracet_Tab 500mg,0407010H0AAAMAM,32,0.08959999999999946
133,A83019,Paracet_Tab 500mg,0407010H0AAAMAM,32,0.08959999999999946
505,A83616,Atorvastatin_Tab 80mg,0212000B0AAADAD,42,0.08820000000000253
504,A83046,Atorvastatin_Tab 80mg,0212000B0AAADAD,42,0.08820000000000253
620,A83052,Atorvastatin_Tab 10mg,0212000B0AAAAAA,42,0.08820000000000049
134,A83015,Paracet_Tab 500mg,0407010H0AAAMAM,21,0.08819999999999947
135,A83015,Paracet_Tab 500mg,0407010H0AAAMAM,21,0.08819999999999947
136,A83042,Paracet_Tab 500mg,0407010H0AAAMAM,20,0.08399999999999949
137,A83042,Paracet_Tab 500mg,0407010H0AAAMAM,20,0.08399999999999949
446,A83020,Memantine HCl_Tab 20mg,0411000G0AAADAD,17,0.0832999999999999
621,A83017,Atorvastatin_Tab 10mg,0212000B0AAAAAA,38,0.07980000000000044
138,A83001,Paracet_Tab 500mg,0407010H0AAAMAM,28,0.07839999999999953
535,A83051,Pregabalin_Cap 75mg,0408010AEAAACAC,14,0.07839999999999953
139,A83001,Paracet_Tab 500mg,0407010H0AAAMAM,28,0.07839999999999953
622,A83019,Atorvastatin_Tab 10mg,0212000B0AAAAAA,36,0.07560000000000042
623,A83634,Atorvastatin_Tab 10mg,0212000B0AAAAAA,34,0.0714000000000004
624,A83046,Atorvastatin_Tab 10mg,0212000B0AAAAAA,33,0.06930000000000039
506,A83019,Atorvastatin_Tab 80mg,0212000B0AAADAD,32,0.06720000000000192
538,A83037,Pregabalin_Cap 75mg,0408010AEAAACAC,12,0.0671999999999996
537,A83012,Pregabalin_Cap 75mg,0408010AEAAACAC,12,0.0671999999999996
536,A83052,Pregabalin_Cap 75mg,0408010AEAAACAC,12,0.0671999999999996
141,A83045,Paracet_Tab 500mg,0407010H0AAAMAM,23,0.06439999999999961
140,A83045,Paracet_Tab 500mg,0407010H0AAAMAM,23,0.06439999999999961
447,A83074,Memantine HCl_Tab 20mg,0411000G0AAADAD,13,0.06369999999999992
448,A83051,Memantine HCl_Tab 20mg,0411000G0AAADAD,13,0.06369999999999992
449,A83054,Memantine HCl_Tab 20mg,0411000G0AAADAD,13,0.06369999999999992
653,A83025,Aripiprazole_Tab 10mg,0402010ADAAAAAA,11,0.061600000000001764
450,A83019,Memantine HCl_Tab 20mg,0411000G0AAADAD,12,0.058799999999999936
451,A83057,Memantine HCl_Tab 20mg,0411000G0AAADAD,12,0.058799999999999936
452,A83627,Memantine HCl_Tab 20mg,0411000G0AAADAD,12,0.058799999999999936
142,A83025,Paracet_Tab 500mg,0407010H0AAAMAM,14,0.058799999999999644
143,A83025,Paracet_Tab 500mg,0407010H0AAAMAM,14,0.058799999999999644
507,A83042,Atorvastatin_Tab 80mg,0212000B0AAADAD,27,0.056700000000001624
625,A83071,Atorvastatin_Tab 10mg,0212000B0AAAAAA,27,0.05670000000000031
144,A83003,Paracet_Tab 500mg,0407010H0AAAMAM,20,0.05599999999999966
145,A83003,Paracet_Tab 500mg,0407010H0AAAMAM,20,0.05599999999999966
19,A83051,Atorvastatin_Tab 20mg,0212000B0AAABAB,9,0.05400000000000155
147,A83045,Paracet_Tab 500mg,0407010H0AAAMAM,9,0.05399999999999967
146,A83045,Paracet_Tab 500mg,0407010H0AAAMAM,9,0.05399999999999967
149,A83037,Paracet_Tab 500mg,0407010H0AAAMAM,19,0.05319999999999968
148,A83037,Paracet_Tab 500mg,0407010H0AAAMAM,19,0.05319999999999968
627,A83042,Atorvastatin_Tab 10mg,0212000B0AAAAAA,25,0.05250000000000029
626,A83627,Atorvastatin_Tab 10mg,0212000B0AAAAAA,25,0.05250000000000029
508,A83054,Atorvastatin_Tab 80mg,0212000B0AAADAD,24,0.050400000000001444
152,A83007,Paracet_Tab 500mg,0407010H0AAAMAM,12,0.050399999999999695
153,A83003,Paracet_Tab 500mg,0407010H0AAAMAM,12,0.050399999999999695
539,A83041,Pregabalin_Cap 75mg,0408010AEAAACAC,9,0.050399999999999695
150,A83007,Paracet_Tab 500mg,0407010H0AAAMAM,12,0.050399999999999695
151,A83003,Paracet_Tab 500mg,0407010H0AAAMAM,12,0.050399999999999695
509,A83035,Atorvastatin_Tab 80mg,0212000B0AAADAD,23,0.048300000000001383
154,A83041,Paracet_Tab 500mg,0407010H0AAAMAM,17,0.04759999999999971
155,A83041,Paracet_Tab 500mg,0407010H0AAAMAM,17,0.04759999999999971
157,A83008,Paracet_Tab 500mg,0407010H0AAAMAM,11,0.04619999999999972
156,A83008,Paracet_Tab 500mg,0407010H0AAAMAM,11,0.04619999999999972
654,A83041,Aripiprazole_Tab 10mg,0402010ADAAAAAA,8,0.04480000000000128
159,A83025,Paracet_Tab 500mg,0407010H0AAAMAM,16,0.04479999999999973
158,A83025,Paracet_Tab 500mg,0407010H0AAAMAM,16,0.04479999999999973
542,A83045,Pregabalin_Cap 75mg,0408010AEAAACAC,8,0.04479999999999973
540,A83075,Pregabalin_Cap 75mg,0408010AEAAACAC,8,0.04479999999999973
541,A83066,Pregabalin_Cap 75mg,0408010AEAAACAC,8,0.04479999999999973
543,A83017,Pregabalin_Cap 75mg,0408010AEAAACAC,8,0.04479999999999973
510,A83610,Atorvastatin_Tab 80mg,0212000B0AAADAD,21,0.04410000000000126
511,A83020,Atorvastatin_Tab 80mg,0212000B0AAADAD,20,0.0420000000000012
160,A83041,Paracet_Tab 500mg,0407010H0AAAMAM,7,0.041999999999999746
162,A83001,Paracet_Tab 500mg,0407010H0AAAMAM,10,0.041999999999999746
163,A83041,Paracet_Tab 500mg,0407010H0AAAMAM,7,0.041999999999999746
161,A83001,Paracet_Tab 500mg,0407010H0AAAMAM,10,0.041999999999999746
544,A83045,Pregabalin_Cap 75mg,0408010AEAAACAC,5,0.04199999999999829
453,A83610,Memantine HCl_Tab 20mg,0411000G0AAADAD,8,0.03919999999999996
454,A83042,Memantine HCl_Tab 20mg,0411000G0AAADAD,8,0.03919999999999996
455,A83066,Memantine HCl_Tab 20mg,0411000G0AAADAD,8,0.03919999999999996
545,A83051,Pregabalin_Cap 75mg,0408010AEAAACAC,14,0.03919999999999976
546,A83019,Pregabalin_Cap 75mg,0408010AEAAACAC,7,0.03919999999999976
547,A83025,Pregabalin_Cap 75mg,0408010AEAAACAC,14,0.03919999999999976
164,A83015,Paracet_Tab 500mg,0407010H0AAAMAM,14,0.03919999999999976
165,A83015,Paracet_Tab 500mg,0407010H0AAAMAM,14,0.03919999999999976
169,A83610,Paracet_Tab 500mg,0407010H0AAAMAM,9,0.03779999999999977
168,A83043,Paracet_Tab 500mg,0407010H0AAAMAM,9,0.03779999999999977
167,A83043,Paracet_Tab 500mg,0407010H0AAAMAM,9,0.03779999999999977
166,A83610,Paracet_Tab 500mg,0407010H0AAAMAM,9,0.03779999999999977
170,A83044,Paracet_Tab 500mg,0407010H0AAAMAM,13,0.03639999999999978
171,A83044,Paracet_Tab 500mg,0407010H0AAAMAM,13,0.03639999999999978
172,A83042,Paracet_Tab 500mg,0407010H0AAAMAM,13,0.03639999999999978
173,A83042,Paracet_Tab 500mg,0407010H0AAAMAM,13,0.03639999999999978
174,A83054,Paracet_Tab 500mg,0407010H0AAAMAM,13,0.03639999999999978
175,A83054,Paracet_Tab 500mg,0407010H0AAAMAM,13,0.03639999999999978
176,A83057,Paracet_Tab 500mg,0407010H0AAAMAM,6,0.03599999999999978
177,A83057,Paracet_Tab 500mg,0407010H0AAAMAM,6,0.03599999999999978
629,A83043,Atorvastatin_Tab 10mg,0212000B0AAAAAA,17,0.0357000000000002
628,A83032,Atorvastatin_Tab 10mg,0212000B0AAAAAA,17,0.0357000000000002
630,A83020,Atorvastatin_Tab 10mg,0212000B0AAAAAA,16,0.033600000000000185
548,A83007,Pregabalin_Cap 75mg,0408010AEAAACAC,12,0.0335999999999998
178,A83004,Paracet_Tab 500mg,0407010H0AAAMAM,12,0.0335999999999998
179,A83004,Paracet_Tab 500mg,0407010H0AAAMAM,8,0.0335999999999998
180,A83004,Paracet_Tab 500mg,0407010H0AAAMAM,12,0.0335999999999998
181,A83004,Paracet_Tab 500mg,0407010H0AAAMAM,8,0.0335999999999998
185,A83007,Paracet_Tab 500mg,0407010H0AAAMAM,11,0.030799999999999814
184,A83610,Paracet_Tab 500mg,0407010H0AAAMAM,11,0.030799999999999814
183,A83610,Paracet_Tab 500mg,0407010H0AAAMAM,11,0.030799999999999814
182,A83007,Paracet_Tab 500mg,0407010H0AAAMAM,11,0.030799999999999814
189,A83015,Paracet_Tab 500mg,0407010H0AAAMAM,5,0.02999999999999982
188,A83015,Paracet_Tab 500mg,0407010H0AAAMAM,5,0.02999999999999982
187,A83616,Paracet_Tab 500mg,0407010H0AAAMAM,5,0.02999999999999982
186,A83616,Paracet_Tab 500mg,0407010H0AAAMAM,5,0.02999999999999982
192,A83052,Paracet_Tab 500mg,0407010H0AAAMAM,7,0.029399999999999822
190,A83019,Paracet_Tab 500mg,0407010H0AAAMAM,7,0.029399999999999822
191,A83052,Paracet_Tab 500mg,0407010H0AAAMAM,7,0.029399999999999822
195,A83019,Paracet_Tab 500mg,0407010H0AAAMAM,7,0.029399999999999822
194,A83074,Paracet_Tab 500mg,0407010H0AAAMAM,7,0.029399999999999822
193,A83074,Paracet_Tab 500mg,0407010H0AAAMAM,7,0.029399999999999822
550,A83610,Pregabalin_Cap 75mg,0408010AEAAACAC,5,0.02799999999999983
549,A83008,Pregabalin_Cap 75mg,0408010AEAAACAC,5,0.02799999999999983
196,A83627,Paracet_Tab 500mg,0407010H0AAAMAM,10,0.02799999999999983
197,A83627,Paracet_Tab 500mg,0407010H0AAAMAM,10,0.02799999999999983
631,A83057,Atorvastatin_Tab 10mg,0212000B0AAAAAA,13,0.02730000000000015
512,A83061,Atorvastatin_Tab 80mg,0212000B0AAADAD,12,0.025200000000000722
632,A83054,Atorvastatin_Tab 10mg,0212000B0AAAAAA,12,0.02520000000000014
633,A83610,Atorvastatin_Tab 10mg,0212000B0AAAAAA,12,0.02520000000000014
551,A83037,Pregabalin_Cap 75mg,0408010AEAAACAC,3,0.025199999999998973
456,A83634,Memantine HCl_Tab 20mg,0411000G0AAADAD,5,0.024499999999999973
200,A83603,Paracet_Tab 500mg,0407010H0AAAMAM,4,0.023999999999999855
203,A83020,Paracet_Tab 500mg,0407010H0AAAMAM,4,0.023999999999999855
202,A83004,Paracet_Tab 500mg,0407010H0AAAMAM,2,0.023999999999999855
199,A83004,Paracet_Tab 500mg,0407010H0AAAMAM,2,0.023999999999999855
198,A83603,Paracet_Tab 500mg,0407010H0AAAMAM,4,0.023999999999999855
201,A83020,Paracet_Tab 500mg,0407010H0AAAMAM,4,0.023999999999999855
634,A83060,Atorvastatin_Tab 10mg,0212000B0AAAAAA,11,0.023100000000000127
655,A83627,Aripiprazole_Tab 10mg,0402010ADAAAAAA,4,0.02240000000000064
656,A83017,Aripiprazole_Tab 10mg,0402010ADAAAAAA,4,0.02240000000000064
657,A83044,Aripiprazole_Tab 10mg,0402010ADAAAAAA,4,0.02240000000000064
554,A83071,Pregabalin_Cap 75mg,0408010AEAAACAC,4,0.022399999999999864
552,A83021,Pregabalin_Cap 75mg,0408010AEAAACAC,8,0.022399999999999864
207,A83052,Paracet_Tab 500mg,0407010H0AAAMAM,8,0.022399999999999864
205,A83619,Paracet_Tab 500mg,0407010H0AAAMAM,8,0.022399999999999864
204,A83619,Paracet_Tab 500mg,0407010H0AAAMAM,8,0.022399999999999864
553,A83044,Pregabalin_Cap 75mg,0408010AEAAACAC,4,0.022399999999999864
206,A83052,Paracet_Tab 500mg,0407010H0AAAMAM,8,0.022399999999999864
460,A83032,Memantine HCl_Tab 20mg,0411000G0AAADAD,4,0.01959999999999998
457,A83603,Memantine HCl_Tab 20mg,0411000G0AAADAD,4,0.01959999999999998
458,A83619,Memantine HCl_Tab 20mg,0411000G0AAADAD,4,0.01959999999999998
462,A83035,Memantine HCl_Tab 20mg,0411000G0AAADAD,4,0.01959999999999998
461,A83061,Memantine HCl_Tab 20mg,0411000G0AAADAD,4,0.01959999999999998
459,A83046,Memantine HCl_Tab 20mg,0411000G0AAADAD,4,0.01959999999999998
556,A83041,Pregabalin_Cap 75mg,0408010AEAAACAC,7,0.01959999999999988
208,A83071,Paracet_Tab 500mg,0407010H0AAAMAM,7,0.01959999999999988
209,A83071,Paracet_Tab 500mg,0407010H0AAAMAM,7,0.01959999999999988
555,A83066,Pregabalin_Cap 75mg,0408010AEAAACAC,7,0.01959999999999988
513,A83043,Atorvastatin_Tab 80mg,0212000B0AAADAD,9,0.01890000000000054
213,A83071,Paracet_Tab 500mg,0407010H0AAAMAM,3,0.01799999999999989
210,A83619,Paracet_Tab 500mg,0407010H0AAAMAM,3,0.01799999999999989
211,A83619,Paracet_Tab 500mg,0407010H0AAAMAM,3,0.01799999999999989
212,A83071,Paracet_Tab 500mg,0407010H0AAAMAM,3,0.01799999999999989
515,A83626,Atorvastatin_Tab 80mg,0212000B0AAADAD,8,0.01680000000000048
514,A83603,Atorvastatin_Tab 80mg,0212000B0AAADAD,8,0.01680000000000048
635,A83003,Atorvastatin_Tab 10mg,0212000B0AAAAAA,8,0.016800000000000093
636,A83603,Atorvastatin_Tab 10mg,0212000B0AAAAAA,8,0.016800000000000093
220,A83060,Paracet_Tab 500mg,0407010H0AAAMAM,4,0.0167999999999999
219,A83060,Paracet_Tab 500mg,0407010H0AAAMAM,4,0.0167999999999999
221,A83634,Paracet_Tab 500mg,0407010H0AAAMAM,4,0.0167999999999999
226,A83075,Paracet_Tab 500mg,0407010H0AAAMAM,4,0.0167999999999999
224,A83032,Paracet_Tab 500mg,0407010H0AAAMAM,4,0.0167999999999999
225,A83015,Paracet_Tab 500mg,0407010H0AAAMAM,8,0.0167999999999999
218,A83032,Paracet_Tab 500mg,0407010H0AAAMAM,4,0.0167999999999999
223,A83015,Paracet_Tab 500mg,0407010H0AAAMAM,8,0.0167999999999999
558,A83627,Pregabalin_Cap 75mg,0408010AEAAACAC,3,0.0167999999999999
557,A83015,Pregabalin_Cap 75mg,0408010AEAAACAC,6,0.0167999999999999
217,A83075,Paracet_Tab 500mg,0407010H0AAAMAM,4,0.0167999999999999
227,A83017,Paracet_Tab 500mg,0407010H0AAAMAM,4,0.0167999999999999
216,A83046,Paracet_Tab 500mg,0407010H0AAAMAM,4,0.0167999999999999
215,A83017,Paracet_Tab 500mg,0407010H0AAAMAM,4,0.0167999999999999
214,A83634,Paracet_Tab 500mg,0407010H0AAAMAM,4,0.0167999999999999
222,A83046,Paracet_Tab 500mg,0407010H0AAAMAM,4,0.0167999999999999
559,A83075,Pregabalin_Cap 75mg,0408010AEAAACAC,1,0.015399999999998304
228,A83007,Paracet_Tab 500mg,0407010H0AAAMAM,5,0.01499999999999991
229,A83007,Paracet_Tab 500mg,0407010H0AAAMAM,5,0.01499999999999991
516,A83060,Atorvastatin_Tab 80mg,0212000B0AAADAD,7,0.014700000000000421
464,A83041,Memantine HCl_Tab 20mg,0411000G0AAADAD,3,0.014699999999999984
463,A83044,Memantine HCl_Tab 20mg,0411000G0AAADAD,3,0.014699999999999984
560,A83012,Pregabalin_Cap 75mg,0408010AEAAACAC,5,0.013999999999999915
658,A83008,Aripiprazole_Tab 10mg,0402010ADAAAAAA,6,0.01260000000000211
517,A83057,Atorvastatin_Tab 80mg,0212000B0AAADAD,3,0.012600000000000361
230,A83066,Paracet_Tab 500mg,0407010H0AAAMAM,3,0.012599999999999924
231,A83045,Paracet_Tab 500mg,0407010H0AAAMAM,3,0.012599999999999924
232,A83066,Paracet_Tab 500mg,0407010H0AAAMAM,3,0.012599999999999924
233,A83051,Paracet_Tab 500mg,0407010H0AAAMAM,3,0.012599999999999924
234,A83045,Paracet_Tab 500mg,0407010H0AAAMAM,3,0.012599999999999924
235,A83051,Paracet_Tab 500mg,0407010H0AAAMAM,3,0.012599999999999924
250,A83060,Paracet_Tab 500mg,0407010H0AAAMAM,2,0.011999999999999927
238,A83042,Paracet_Tab 500mg,0407010H0AAAMAM,2,0.011999999999999927
249,A83001,Paracet_Tab 500mg,0407010H0AAAMAM,2,0.011999999999999927
236,A83044,Paracet_Tab 500mg,0407010H0AAAMAM,2,0.011999999999999927
237,A83019,Paracet_Tab 500mg,0407010H0AAAMAM,2,0.011999999999999927
251,A83001,Paracet_Tab 500mg,0407010H0AAAMAM,2,0.011999999999999927
239,A83019,Paracet_Tab 500mg,0407010H0AAAMAM,2,0.011999999999999927
241,A83627,Paracet_Tab 500mg,0407010H0AAAMAM,2,0.011999999999999927
242,A83012,Paracet_Tab 500mg,0407010H0AAAMAM,2,0.011999999999999927
243,A83054,Paracet_Tab 500mg,0407010H0AAAMAM,4,0.011999999999999927
244,A83044,Paracet_Tab 500mg,0407010H0AAAMAM,2,0.011999999999999927
245,A83012,Paracet_Tab 500mg,0407010H0AAAMAM,2,0.011999999999999927
246,A83060,Paracet_Tab 500mg,0407010H0AAAMAM,2,0.011999999999999927
240,A83627,Paracet_Tab 500mg,0407010H0AAAMAM,2,0.011999999999999927
248,A83054,Paracet_Tab 500mg,0407010H0AAAMAM,4,0.011999999999999927
247,A83042,Paracet_Tab 500mg,0407010H0AAAMAM,2,0.011999999999999927
661,A83012,Aripiprazole_Tab 10mg,0402010ADAAAAAA,2,0.01120000000000032
660,A83001,Aripiprazole_Tab 10mg,0402010ADAAAAAA,2,0.01120000000000032
659,A83020,Aripiprazole_Tab 10mg,0402010ADAAAAAA,2,0.01120000000000032
263,A83603,Paracet_Tab 500mg,0407010H0AAAMAM,4,0.011199999999999932
561,A83619,Pregabalin_Cap 75mg,0408010AEAAACAC,2,0.011199999999999932
562,A83619,Pregabalin_Cap 75mg,0408010AEAAACAC,4,0.011199999999999932
563,A83042,Pregabalin_Cap 75mg,0408010AEAAACAC,2,0.011199999999999932
265,A83051,Paracet_Tab 500mg,0407010H0AAAMAM,8,0.011199999999999932
264,A83020,Paracet_Tab 500mg,0407010H0AAAMAM,4,0.011199999999999932
260,A83035,Paracet_Tab 500mg,0407010H0AAAMAM,4,0.011199999999999932
262,A83017,Paracet_Tab 500mg,0407010H0AAAMAM,4,0.011199999999999932
261,A83017,Paracet_Tab 500mg,0407010H0AAAMAM,4,0.011199999999999932
259,A83051,Paracet_Tab 500mg,0407010H0AAAMAM,8,0.011199999999999932
258,A83020,Paracet_Tab 500mg,0407010H0AAAMAM,4,0.011199999999999932
257,A83019,Paracet_Tab 500mg,0407010H0AAAMAM,8,0.011199999999999932
256,A83019,Paracet_Tab 500mg,0407010H0AAAMAM,8,0.011199999999999932
255,A83626,Paracet_Tab 500mg,0407010H0AAAMAM,4,0.011199999999999932
254,A83626,Paracet_Tab 500mg,0407010H0AAAMAM,4,0.011199999999999932
252,A83603,Paracet_Tab 500mg,0407010H0AAAMAM,4,0.011199999999999932
253,A83035,Paracet_Tab 500mg,0407010H0AAAMAM,4,0.011199999999999932
637,A83626,Atorvastatin_Tab 10mg,0212000B0AAAAAA,5,0.010500000000000058
638,A83035,Atorvastatin_Tab 10mg,0212000B0AAAAAA,5,0.010500000000000058
266,A83003,Paracet_Tab 500mg,0407010H0AAAMAM,7,0.00979999999999994
267,A83003,Paracet_Tab 500mg,0407010H0AAAMAM,7,0.00979999999999994
689,A83015,Olanzapine_Tab 5mg,040201060AAAAAA,6,0.009599999999999609
268,A83046,Paracet_Tab 500mg,0407010H0AAAMAM,3,0.008999999999999946
269,A83046,Paracet_Tab 500mg,0407010H0AAAMAM,3,0.008999999999999946
518,A83015,Atorvastatin_Tab 80mg,0212000B0AAADAD,2,0.00840000000000024
519,A83066,Atorvastatin_Tab 80mg,0212000B0AAADAD,2,0.00840000000000024
639,A83619,Atorvastatin_Tab 10mg,0212000B0AAAAAA,4,0.008400000000000046
640,A83616,Atorvastatin_Tab 10mg,0212000B0AAAAAA,4,0.008400000000000046
641,A83071,Atorvastatin_Tab 10mg,0212000B0AAAAAA,2,0.008400000000000046
284,A83037,Paracet_Tab 500mg,0407010H0AAAMAM,4,0.00839999999999995
276,A83003,Paracet_Tab 500mg,0407010H0AAAMAM,4,0.00839999999999995
285,A83004,Paracet_Tab 500mg,0407010H0AAAMAM,4,0.00839999999999995
283,A83043,Paracet_Tab 500mg,0407010H0AAAMAM,3,0.00839999999999995
282,A83037,Paracet_Tab 500mg,0407010H0AAAMAM,4,0.00839999999999995
281,A83019,Paracet_Tab 500mg,0407010H0AAAMAM,4,0.00839999999999995
280,A83616,Paracet_Tab 500mg,0407010H0AAAMAM,3,0.00839999999999995
279,A83043,Paracet_Tab 500mg,0407010H0AAAMAM,3,0.00839999999999995
278,A83616,Paracet_Tab 500mg,0407010H0AAAMAM,3,0.00839999999999995
277,A83074,Paracet_Tab 500mg,0407010H0AAAMAM,3,0.00839999999999995
270,A83074,Paracet_Tab 500mg,0407010H0AAAMAM,3,0.00839999999999995
274,A83025,Paracet_Tab 500mg,0407010H0AAAMAM,4,0.00839999999999995
273,A83025,Paracet_Tab 500mg,0407010H0AAAMAM,4,0.00839999999999995
272,A83019,Paracet_Tab 500mg,0407010H0AAAMAM,4,0.00839999999999995
275,A83003,Paracet_Tab 500mg,0407010H0AAAMAM,4,0.00839999999999995
271,A83004,Paracet_Tab 500mg,0407010H0AAAMAM,4,0.00839999999999995
564,A83001,Pregabalin_Cap 75mg,0408010AEAAACAC,1,0.008399999999999658
662,A83041,Aripiprazole_Tab 10mg,0402010ADAAAAAA,1,0.007000000000001172
584,A83051,Atorvastatin_Tab 40mg,0212000B0AAACAC,1,0.006000000000000172
585,A83017,Atorvastatin_Tab 40mg,0212000B0AAACAC,1,0.006000000000000172
586,A83052,Atorvastatin_Tab 40mg,0212000B0AAACAC,1,0.006000000000000172
20,A83020,Atorvastatin_Tab 20mg,0212000B0AAABAB,1,0.006000000000000172
295,A83626,Paracet_Tab 500mg,0407010H0AAAMAM,1,0.005999999999999964
296,A83634,Paracet_Tab 500mg,0407010H0AAAMAM,1,0.005999999999999964
297,A83046,Paracet_Tab 500mg,0407010H0AAAMAM,1,0.005999999999999964
298,A83054,Paracet_Tab 500mg,0407010H0AAAMAM,1,0.005999999999999964
300,A83066,Paracet_Tab 500mg,0407010H0AAAMAM,1,0.005999999999999964
299,A83054,Paracet_Tab 500mg,0407010H0AAAMAM,1,0.005999999999999964
302,A83066,Paracet_Tab 500mg,0407010H0AAAMAM,1,0.005999999999999964
303,A83015,Paracet_Tab 500mg,0407010H0AAAMAM,2,0.005999999999999964
293,A83037,Paracet_Tab 500mg,0407010H0AAAMAM,1,0.005999999999999964
294,A83037,Paracet_Tab 500mg,0407010H0AAAMAM,1,0.005999999999999964
301,A83626,Paracet_Tab 500mg,0407010H0AAAMAM,1,0.005999999999999964
292,A83035,Paracet_Tab 500mg,0407010H0AAAMAM,1,0.005999999999999964
291,A83015,Paracet_Tab 500mg,0407010H0AAAMAM,2,0.005999999999999964
290,A83004,Paracet_Tab 500mg,0407010H0AAAMAM,1,0.005999999999999964
289,A83634,Paracet_Tab 500mg,0407010H0AAAMAM,1,0.005999999999999964
288,A83035,Paracet_Tab 500mg,0407010H0AAAMAM,1,0.005999999999999964
287,A83046,Paracet_Tab 500mg,0407010H0AAAMAM,1,0.005999999999999964
286,A83004,Paracet_Tab 500mg,0407010H0AAAMAM,1,0.005999999999999964
308,A83044,Paracet_Tab 500mg,0407010H0AAAMAM,4,0.005599999999999966
309,Y02115,Paracet_Tab 500mg,0407010H0AAAMAM,2,0.005599999999999966
310,Y05118,Paracet_Tab 500mg,0407010H0AAAMAM,2,0.005599999999999966
306,A83032,Paracet_Tab 500mg,0407010H0AAAMAM,4,0.005599999999999966
307,A83044,Paracet_Tab 500mg,0407010H0AAAMAM,4,0.005599999999999966
565,A83046,Pregabalin_Cap 75mg,0408010AEAAACAC,1,0.005599999999999966
305,Y02115,Paracet_Tab 500mg,0407010H0AAAMAM,2,0.005599999999999966
304,A83634,Paracet_Tab 500mg,0407010H0AAAMAM,2,0.005599999999999966
313,A83032,Paracet_Tab 500mg,0407010H0AAAMAM,4,0.005599999999999966
566,A83007,Pregabalin_Cap 75mg,0408010AEAAACAC,1,0.005599999999999966
567,A83075,Pregabalin_Cap 75mg,0408010AEAAACAC,2,0.005599999999999966
311,A83634,Paracet_Tab 500mg,0407010H0AAAMAM,2,0.005599999999999966
312,Y05118,Paracet_Tab 500mg,0407010H0AAAMAM,2,0.005599999999999966
466,Y02115,Memantine HCl_Tab 20mg,0411000G0AAADAD,1,0.004899999999999995
465,Y02352,Memantine HCl_Tab 20mg,0411000G0AAADAD,1,0.004899999999999995
663,A83021,Aripiprazole_Tab 10mg,0402010ADAAAAAA,1,0.004400000000000126
520,A83610,Atorvastatin_Tab 80mg,0212000B0AAADAD,1,0.00420000000000012
521,A83041,Atorvastatin_Tab 80mg,0212000B0AAADAD,1,0.00420000000000012
522,A83008,Atorvastatin_Tab 80mg,0212000B0AAADAD,1,0.00420000000000012
523,A83032,Atorvastatin_Tab 80mg,0212000B0AAADAD,2,0.00420000000000012
642,A83054,Atorvastatin_Tab 10mg,0212000B0AAAAAA,1,0.004200000000000023
315,A83054,Paracet_Tab 500mg,0407010H0AAAMAM,1,0.004199999999999975
643,A83035,Atorvastatin_Tab 10mg,0212000B0AAAAAA,1,0.004199999999999975
316,A83044,Paracet_Tab 500mg,0407010H0AAAMAM,1,0.004199999999999975
319,A83071,Paracet_Tab 500mg,0407010H0AAAMAM,1,0.004199999999999975
318,A83044,Paracet_Tab 500mg,0407010H0AAAMAM,1,0.004199999999999975
317,A83071,Paracet_Tab 500mg,0407010H0AAAMAM,1,0.004199999999999975
314,A83054,Paracet_Tab 500mg,0407010H0AAAMAM,1,0.004199999999999975
321,A83045,Paracet_Tab 500mg,0407010H0AAAMAM,5,0.003499999999999979
320,A83045,Paracet_Tab 500mg,0407010H0AAAMAM,5,0.003499999999999979
21,A83603,Atorvastatin_Tab 20mg,0212000B0AAABAB,1,0.0034000000000000974
568,A83051,Pregabalin_Cap 75mg,0408010AEAAACAC,1,0.0031999999999999806
329,A83021,Paracet_Tab 500mg,0407010H0AAAMAM,1,0.002999999999999982
331,A83610,Paracet_Tab 500mg,0407010H0AAAMAM,1,0.002999999999999982
330,A83075,Paracet_Tab 500mg,0407010H0AAAMAM,1,0.002999999999999982
327,Y05736,Paracet_Tab 500mg,0407010H0AAAMAM,1,0.002999999999999982
328,A83021,Paracet_Tab 500mg,0407010H0AAAMAM,1,0.002999999999999982
322,Y05118,Paracet_Tab 500mg,0407010H0AAAMAM,1,0.002999999999999982
323,Y05736,Paracet_Tab 500mg,0407010H0AAAMAM,1,0.002999999999999982
326,A83075,Paracet_Tab 500mg,0407010H0AAAMAM,1,0.002999999999999982
325,Y05118,Paracet_Tab 500mg,0407010H0AAAMAM,1,0.002999999999999982
324,A83610,Paracet_Tab 500mg,0407010H0AAAMAM,1,0.002999999999999982
691,A83025,Olanzapine_Tab 5mg,040201060AAAAAA,1,0.002899999999999986
690,Y05119,Olanzapine_Tab 5mg,040201060AAAAAA,1,0.002899999999999986
333,Y02352,Paracet_Tab 500mg,0407010H0AAAMAM,1,0.002799999999999983
332,Y02352,Paracet_Tab 500mg,0407010H0AAAMAM,1,0.002799999999999983
664,A83001,Aripiprazole_Tab 10mg,0402010ADAAAAAA,1,0.0021000000000003516
644,Y02115,Atorvastatin_Tab 10mg,0212000B0AAAAAA,1,0.0021000000000000116
587,A83052,Atorvastatin_Tab 40mg,0212000B0AAACAC,1,0.0020000000000000573
569,Y05735,Pregabalin_Cap 75mg,0408010AEAAACAC,1,0.0015999999999999903
467,A83052,Memantine HCl_Tab 20mg,0411000G0AAADAD,2,0.0013999999999999985
588,A83021,Atorvastatin_Tab 40mg,0212000B0AAACAC,1,-0.0007999999999999674
524,A83074,Atorvastatin_Tab 80mg,0212000B0AAADAD,1,-0.0010999999999999899
468,A83012,Memantine HCl_Tab 20mg,0411000G0AAADAD,1,-0.001299999999999947
589,A83015,Atorvastatin_Tab 40mg,0212000B0AAACAC,1,-0.0014999999999999389
337,A83037,Paracet_Tab 500mg,0407010H0AAAMAM,1,-0.001999999999999988
334,A83057,Paracet_Tab 500mg,0407010H0AAAMAM,1,-0.001999999999999988
335,A83057,Paracet_Tab 500mg,0407010H0AAAMAM,1,-0.001999999999999988
336,A83037,Paracet_Tab 500mg,0407010H0AAAMAM,1,-0.001999999999999988
666,A83001,Aripiprazole_Tab 10mg,0402010ADAAAAAA,1,-0.002099999999999963
665,A83051,Aripiprazole_Tab 10mg,0402010ADAAAAAA,1,-0.002099999999999963
570,A83025,Pregabalin_Cap 75mg,0408010AEAAACAC,1,-0.00210000000000006
590,A83012,Atorvastatin_Tab 40mg,0212000B0AAACAC,1,-0.002799999999999997
591,Y05735,Atorvastatin_Tab 40mg,0212000B0AAACAC,1,-0.002799999999999997
22,A83012,Atorvastatin_Tab 20mg,0212000B0AAABAB,1,-0.0029999999999998778
23,A83003,Atorvastatin_Tab 20mg,0212000B0AAABAB,1,-0.0029999999999998778
646,A83057,Atorvastatin_Tab 10mg,0212000B0AAAAAA,1,-0.002999999999999982
645,A83044,Atorvastatin_Tab 10mg,0212000B0AAAAAA,1,-0.002999999999999982
647,A83046,Atorvastatin_Tab 10mg,0212000B0AAAAAA,1,-0.002999999999999982
338,A83054,Paracet_Tab 500mg,0407010H0AAAMAM,1,-0.003999999999999976
339,A83041,Paracet_Tab 500mg,0407010H0AAAMAM,1,-0.003999999999999976
341,A83041,Paracet_Tab 500mg,0407010H0AAAMAM,1,-0.003999999999999976
340,A83054,Paracet_Tab 500mg,0407010H0AAAMAM,1,-0.003999999999999976
571,A83603,Pregabalin_Cap 75mg,0408010AEAAACAC,2,-0.004000000000000115
667,A83017,Aripiprazole_Tab 10mg,0402010ADAAAAAA,2,-0.004199999999999926
648,A83045,Atorvastatin_Tab 10mg,0212000B0AAAAAA,1,-0.004199999999999975
649,A83037,Atorvastatin_Tab 10mg,0212000B0AAAAAA,1,-0.004199999999999975
650,A83019,Atorvastatin_Tab 10mg,0212000B0AAAAAA,1,-0.004199999999999975
425,Y05119,Montelukast_Tab 10mg,0303020G0AAABAB,1,-0.004299999999999998
525,A83052,Atorvastatin_Tab 80mg,0212000B0AAADAD,1,-0.004399999999999821
342,A83610,Paracet_Tab 500mg,0407010H0AAAMAM,1,-0.004799999999999999
343,A83610,Paracet_Tab 500mg,0407010H0AAAMAM,1,-0.004799999999999999
346,Y00688,Paracet_Tab 500mg,0407010H0AAAMAM,1,-0.005599999999999966
347,Y05738,Paracet_Tab 500mg,0407010H0AAAMAM,1,-0.005599999999999966
344,Y05738,Paracet_Tab 500mg,0407010H0AAAMAM,1,-0.005599999999999966
345,Y00688,Paracet_Tab 500mg,0407010H0AAAMAM,1,-0.005599999999999966
692,A83020,Olanzapine_Tab 5mg,040201060AAAAAA,2,-0.0060000000000010045
669,A83007,Aripiprazole_Tab 10mg,0402010ADAAAAAA,3,-0.006299999999999889
670,A83021,Aripiprazole_Tab 10mg,0402010ADAAAAAA,3,-0.006299999999999889
668,A83032,Aripiprazole_Tab 10mg,0402010ADAAAAAA,3,-0.006299999999999889
572,A83041,Pregabalin_Cap 75mg,0408010AEAAACAC,3,-0.0063000000000001805
676,A83004,Aripiprazole_Tab 10mg,0402010ADAAAAAA,4,-0.008399999999999852
675,A83627,Aripiprazole_Tab 10mg,0402010ADAAAAAA,4,-0.008399999999999852
674,A83037,Aripiprazole_Tab 10mg,0402010ADAAAAAA,4,-0.008399999999999852
673,A83057,Aripiprazole_Tab 10mg,0402010ADAAAAAA,4,-0.008399999999999852
672,A83075,Aripiprazole_Tab 10mg,0402010ADAAAAAA,4,-0.008399999999999852
671,A83603,Aripiprazole_Tab 10mg,0402010ADAAAAAA,4,-0.008399999999999852
677,A83052,Aripiprazole_Tab 10mg,0402010ADAAAAAA,4,-0.008399999999999852
574,A83017,Pregabalin_Cap 75mg,0408010AEAAACAC,4,-0.00840000000000024
573,A83051,Pregabalin_Cap 75mg,0408010AEAAACAC,4,-0.00840000000000024
679,A83074,Aripiprazole_Tab 10mg,0402010ADAAAAAA,5,-0.010499999999999815
678,A83012,Aripiprazole_Tab 10mg,0402010ADAAAAAA,5,-0.010499999999999815
575,A83057,Pregabalin_Cap 75mg,0408010AEAAACAC,5,-0.0105000000000003
348,Y05119,Paracet_Tab 500mg,0407010H0AAAMAM,2,-0.011199999999999932
349,Y05119,Paracet_Tab 500mg,0407010H0AAAMAM,2,-0.011199999999999932
680,A83066,Aripiprazole_Tab 10mg,0402010ADAAAAAA,6,-0.012599999999999778
681,A83041,Aripiprazole_Tab 10mg,0402010ADAAAAAA,8,-0.016799999999999704
682,A83044,Aripiprazole_Tab 10mg,0402010ADAAAAAA,8,-0.016799999999999704
350,A83061,Paracet_Tab 500mg,0407010H0AAAMAM,3,-0.0167999999999999
351,A83061,Paracet_Tab 500mg,0407010H0AAAMAM,3,-0.0167999999999999
352,A83603,Paracet_Tab 500mg,0407010H0AAAMAM,6,-0.0335999999999998
353,A83603,Paracet_Tab 500mg,0407010H0AAAMAM,6,-0.0335999999999998
683,A83008,Aripiprazole_Tab 10mg,0402010ADAAAAAA,18,-0.037799999999999334
684,A83025,Aripiprazole_Tab 10mg,0402010ADAAAAAA,23,-0.04829999999999915
355,Y05118,Paracet_Tab 500mg,0407010H0AAAMAM,9,-0.050399999999999695
354,Y05118,Paracet_Tab 500mg,0407010H0AAAMAM,9,-0.050399999999999695
685,A83015,Aripiprazole_Tab 10mg,0402010ADAAAAAA,25,-0.052499999999999075
359,A83043,Paracet_Tab 500mg,0407010H0AAAMAM,13,-0.07279999999999956
356,Y02352,Paracet_Tab 500mg,0407010H0AAAMAM,13,-0.07279999999999956
357,A83043,Paracet_Tab 500mg,0407010H0AAAMAM,13,-0.07279999999999956
358,Y02352,Paracet_Tab 500mg,0407010H0AAAMAM,13,-0.07279999999999956
361,A83066,Paracet_Tab 500mg,0407010H0AAAMAM,15,-0.08399999999999949
360,A83066,Paracet_Tab 500mg,0407010H0AAAMAM,15,-0.08399999999999949
362,A83035,Paracet_Tab 500mg,0407010H0AAAMAM,18,-0.10079999999999939
363,Y02115,Paracet_Tab 500mg,0407010H0AAAMAM,18,-0.10079999999999939
364,Y02115,Paracet_Tab 500mg,0407010H0AAAMAM,18,-0.10079999999999939
365,A83035,Paracet_Tab 500mg,0407010H0AAAMAM,18,-0.10079999999999939
367,A83046,Paracet_Tab 500mg,0407010H0AAAMAM,26,-0.14559999999999912
366,A83046,Paracet_Tab 500mg,0407010H0AAAMAM,26,-0.14559999999999912
369,A83634,Paracet_Tab 500mg,0407010H0AAAMAM,31,-0.17359999999999895
368,A83634,Paracet_Tab 500mg,0407010H0AAAMAM,31,-0.17359999999999895
370,A83042,Paracet_Tab 500mg,0407010H0AAAMAM,32,-0.17919999999999892
371,A83042,Paracet_Tab 500mg,0407010H0AAAMAM,32,-0.17919999999999892
372,A83015,Paracet_Tab 500mg,0407010H0AAAMAM,33,-0.18479999999999888
373,A83015,Paracet_Tab 500mg,0407010H0AAAMAM,33,-0.18479999999999888
374,A83019,Paracet_Tab 500mg,0407010H0AAAMAM,42,-0.23519999999999858
375,A83019,Paracet_Tab 500mg,0407010H0AAAMAM,42,-0.23519999999999858
376,A83052,Paracet_Tab 500mg,0407010H0AAAMAM,57,-0.31919999999999804
377,A83052,Paracet_Tab 500mg,0407010H0AAAMAM,57,-0.31919999999999804
378,A83057,Paracet_Tab 500mg,0407010H0AAAMAM,65,-0.36399999999999777
379,A83057,Paracet_Tab 500mg,0407010H0AAAMAM,65,-0.36399999999999777
381,A83051,Paracet_Tab 500mg,0407010H0AAAMAM,21,-0.4115999999999995
380,A83051,Paracet_Tab 500mg,0407010H0AAAMAM,21,-0.4115999999999995
382,A83054,Paracet_Tab 500mg,0407010H0AAAMAM,74,-0.4143999999999975
383,A83054,Paracet_Tab 500mg,0407010H0AAAMAM,74,-0.4143999999999975
385,A83616,Paracet_Tab 500mg,0407010H0AAAMAM,77,-0.43119999999999736
384,A83616,Paracet_Tab 500mg,0407010H0AAAMAM,77,-0.43119999999999736
387,A83071,Paracet_Tab 500mg,0407010H0AAAMAM,78,-0.43679999999999736
386,A83071,Paracet_Tab 500mg,0407010H0AAAMAM,78,-0.43679999999999736
389,A83627,Paracet_Tab 500mg,0407010H0AAAMAM,80,-0.4479999999999973
388,A83627,Paracet_Tab 500mg,0407010H0AAAMAM,80,-0.4479999999999973
391,A83044,Paracet_Tab 500mg,0407010H0AAAMAM,81,-0.4535999999999972
390,A83044,Paracet_Tab 500mg,0407010H0AAAMAM,81,-0.4535999999999972
392,A83017,Paracet_Tab 500mg,0407010H0AAAMAM,87,-0.4871999999999971
393,A83017,Paracet_Tab 500mg,0407010H0AAAMAM,87,-0.4871999999999971
394,A83075,Paracet_Tab 500mg,0407010H0AAAMAM,101,-0.5655999999999965
395,A83075,Paracet_Tab 500mg,0407010H0AAAMAM,101,-0.5655999999999965
396,A83007,Paracet_Tab 500mg,0407010H0AAAMAM,132,-0.7391999999999955
397,A83007,Paracet_Tab 500mg,0407010H0AAAMAM,132,-0.7391999999999955
399,A83025,Paracet_Tab 500mg,0407010H0AAAMAM,155,-0.8679999999999948
398,A83025,Paracet_Tab 500mg,0407010H0AAAMAM,155,-0.8679999999999948
400,A83003,Paracet_Tab 500mg,0407010H0AAAMAM,181,-1.0135999999999938
401,A83003,Paracet_Tab 500mg,0407010H0AAAMAM,181,-1.0135999999999938
403,A83008,Paracet_Tab 500mg,0407010H0AAAMAM,184,-1.0303999999999938
402,A83008,Paracet_Tab 500mg,0407010H0AAAMAM,184,-1.0303999999999938
405,A83001,Paracet_Tab 500mg,0407010H0AAAMAM,204,-1.1423999999999932
404,A83001,Paracet_Tab 500mg,0407010H0AAAMAM,204,-1.1423999999999932
407,A83041,Paracet_Tab 500mg,0407010H0AAAMAM,246,-1.3775999999999917
406,A83041,Paracet_Tab 500mg,0407010H0AAAMAM,246,-1.3775999999999917
408,A83074,Paracet_Tab 500mg,0407010H0AAAMAM,39,-1.5287999999999984
409,A83074,Paracet_Tab 500mg,0407010H0AAAMAM,39,-1.5287999999999984
410,A83015,Paracet_Tab 500mg,0407010H0AAAMAM,36,-2.419199999999999
411,A83015,Paracet_Tab 500mg,0407010H0AAAMAM,36,-2.419199999999999
