,practice_code,bnf_description,bnf_code,items,excess_cost
0,C84004,Clonazepam_Tab 500mcg,0408010F0AAABAB,9,5.762999999999989
1,C84004,Ferr Sulf_Tab 200mg,0901011P0AAACAC,1,0.0029999999999998778
2,C84004,Levetiracetam_Tab 1g,0408010A0AAACAC,8,0.005599999999996275
3,C84004,Levothyrox Sod_Tab 25mcg,0602010V0AABWBW,4,0.012600000000000361
4,C84004,Paracet_Tab 500mg,0407010H0AAAMAM,248,8.822400000000046
5,C84004,Prednisolone_Tab Solb 5mg,0603020T0AABHBH,4,-0.0017999999999990246
6,C84004,Pregabalin_Cap 50mg,0408010AEAAABAB,3,0.01680000000000048
7,C84011,Clonazepam_Tab 500mcg,0408010F0AAABAB,6,3.1217999999999937
8,C84011,Ferr Sulf_Tab 200mg,0901011P0AAACAC,1,0.0059999999999997555
9,C84011,Levetiracetam_Tab 1g,0408010A0AAACAC,2,0.011199999999998766
10,C84011,Levothyrox Sod_Tab 25mcg,0602010V0AABWBW,3,0.00280000000000008
11,C84011,Paracet_Tab Solb 500mg,0407010H0AAAQAQ,2,-0.011999999999998678
12,C84011,Prednisolone_Tab Solb 5mg,0603020T0AABHBH,2,-0.0005999999999999339
13,C84011,Pregabalin_Cap 50mg,0408010AEAAABAB,1,0.004199999999999926
14,C84011,Risperidone_Tab 6mg,040201030AAAFAF,1,29.2096
15,C84018,Clonazepam_Tab 500mcg,0408010F0AAABAB,22,11.266099999999978
16,C84018,Levetiracetam_Tab 1g,0408010A0AAACAC,2,0.011199999999998766
17,C84018,Levothyrox Sod_Tab 25mcg,0602010V0AABWBW,3,0.00840000000000024
18,C84018,Paracet_Tab 500mg,0407010H0AAAMAM,582,65.64720000000008
19,C84018,Prednisolone_Tab Solb 5mg,0603020T0AABHBH,1,-0.004799999999999471
20,C84018,Pregabalin_Cap 50mg,0408010AEAAABAB,1,-0.00280000000000008
21,C84018,Risperidone_Tab 6mg,040201030AAAFAF,1,29.2096
22,C84023,Clonazepam_Tab 500mcg,0408010F0AAABAB,5,2.0791999999999957
23,C84023,Levetiracetam_Tab 1g,0408010A0AAACAC,5,0.013999999999998458
24,C84023,Levothyrox Sod_Tab 25mcg,0602010V0AABWBW,1,0.0024000000000000687
25,C84034,Clonazepam_Tab 500mcg,0408010F0AAABAB,9,8.123799999999985
26,C84034,Hydrocort_Tab 10mg,0603020J0AAADAD,2,-7.078400000000004
27,C84034,Levetiracetam_Tab 1g,0408010A0AAACAC,2,0.01679999999999815
28,C84034,Levothyrox Sod_Tab 25mcg,0602010V0AABWBW,1,0.00420000000000012
29,C84034,Paracet_Tab 500mg,0407010H0AAAMAM,552,72.68800000000007
30,C84034,Prednisolone_Tab Solb 5mg,0603020T0AABHBH,4,-0.017599999999998506
31,C84034,Pregabalin_Cap 50mg,0408010AEAAABAB,6,0.01680000000000048
32,C84039,Clonazepam_Tab 500mcg,0408010F0AAABAB,8,5.988999999999988
33,C84039,Hydrocort_Tab 10mg,0603020J0AAADAD,2,6.947999999999994
34,C84039,Levetiracetam_Tab 1g,0408010A0AAACAC,5,135.359
35,C84039,Levothyrox Sod_Tab 25mcg,0602010V0AABWBW,34,1.7423000000000017
36,C84039,Paracet_Tab 500mg,0407010H0AAAMAM,348,13.625600000000048
37,C84039,Paracet_Tab Solb 500mg,0407010H0AAAQAQ,2,-0.006399999999999295
38,C84039,Prednisolone_Tab Solb 5mg,0603020T0AABHBH,2,14.379199999999999
39,C84039,Pregabalin_Cap 50mg,0408010AEAAABAB,1,0.00560000000000016
40,C84043,Clonazepam_Tab 500mcg,0408010F0AAABAB,9,8.452399999999983
41,C84043,Levetiracetam_Tab 1g,0408010A0AAACAC,10,0.011199999999995658
42,C84043,Levothyrox Sod_Tab 25mcg,0602010V0AABWBW,11,0.015800000000000453
43,C84043,Paracet_Tab 500mg,0407010H0AAAMAM,44,-0.024399999999999852
44,C84043,Paracet_Tab Solb 500mg,0407010H0AAAQAQ,4,-0.023999999999997357
45,C84043,Prednisolone_Tab Solb 5mg,0603020T0AABHBH,1,0.004499999999999504
46,C84043,Pregabalin_Cap 50mg,0408010AEAAABAB,7,-0.00490000000000014
47,C84043,Risperidone_Tab 6mg,040201030AAAFAF,1,29.2096
48,C84044,Clonazepam_Tab 500mcg,0408010F0AAABAB,6,4.926799999999989
49,C84044,Hydrocort_Tab 10mg,0603020J0AAADAD,2,167.328
50,C84044,Levetiracetam_Tab 1g,0408010A0AAACAC,1,0.005599999999999383
51,C84044,Levothyrox Sod_Tab 25mcg,0602010V0AABWBW,2,-0.0018000000000000516
52,C84044,Paracet_Tab 500mg,0407010H0AAAMAM,6,-0.0167999999999999
53,C84044,Pregabalin_Cap 50mg,0408010AEAAABAB,2,0.01120000000000032
54,C84046,Clonazepam_Tab 500mcg,0408010F0AAABAB,15,10.169999999999979
55,C84046,Levetiracetam_Tab 1g,0408010A0AAACAC,6,0.044799999999995066
56,C84046,Levothyrox Sod_Tab 25mcg,0602010V0AABWBW,16,0.052500000000001504
57,C84046,Paracet_Tab 500mg,0407010H0AAAMAM,680,21.48240000000012
58,C84046,Prednisolone_Tab Solb 5mg,0603020T0AABHBH,1,-0.0047999999999999154
59,C84046,Pregabalin_Cap 50mg,0408010AEAAABAB,6,0.025200000000000722
60,C84060,Clonazepam_Tab 500mcg,0408010F0AAABAB,6,7.277199999999985
61,C84060,Hydrocort_Tab 10mg,0603020J0AAADAD,1,-0.011199999999998766
62,C84060,Levetiracetam_Tab 1g,0408010A0AAACAC,6,0.03639999999999599
63,C84060,Levothyrox Sod_Tab 25mcg,0602010V0AABWBW,5,0.01080000000000031
64,C84060,Paracet_Tab 500mg,0407010H0AAAMAM,746,171.0464000000001
65,C84060,Prednisolone_Tab Solb 5mg,0603020T0AABHBH,1,0.0029999999999996696
66,C84060,Pregabalin_Cap 50mg,0408010AEAAABAB,5,0.028000000000000802
67,C84063,Clonazepam_Tab 500mcg,0408010F0AAABAB,8,10.557199999999979
68,C84063,Ferr Sulf_Tab 200mg,0901011P0AAACAC,3,0.0269999999999989
69,C84063,Hydrocort_Tab 10mg,0603020J0AAADAD,1,-0.011199999999998766
70,C84063,Levetiracetam_Tab 1g,0408010A0AAACAC,5,0.01679999999999815
71,C84063,Levothyrox Sod_Tab 25mcg,0602010V0AABWBW,7,0.0210000000000006
72,C84063,Paracet_Tab 500mg,0407010H0AAAMAM,182,22.22160000000001
73,C84063,Prednisolone_Tab Solb 5mg,0603020T0AABHBH,2,-0.0011999999999998678
74,C84063,Pregabalin_Cap 50mg,0408010AEAAABAB,7,0.008399999999999755
75,C84064,Clonazepam_Tab 500mcg,0408010F0AAABAB,10,3.2965999999999926
76,C84064,Ferr Sulf_Tab 200mg,0901011P0AAACAC,4,126.7616
77,C84064,Levetiracetam_Tab 1g,0408010A0AAACAC,3,0.01679999999999815
78,C84064,Levothyrox Sod_Tab 25mcg,0602010V0AABWBW,3,0.012600000000000361
79,C84064,Paracet_Tab 500mg,0407010H0AAAMAM,486,69.04480000000008
80,C84064,Pregabalin_Cap 50mg,0408010AEAAABAB,5,0.01960000000000056
81,C84072,Clonazepam_Tab 500mcg,0408010F0AAABAB,11,4.791199999999991
82,C84072,Hydrocort_Tab 10mg,0603020J0AAADAD,1,-0.011199999999998766
83,C84072,Levetiracetam_Tab 1g,0408010A0AAACAC,2,0.008399999999999075
84,C84072,Levothyrox Sod_Tab 25mcg,0602010V0AABWBW,5,0.0025000000000000716
85,C84072,Paracet_Tab 500mg,0407010H0AAAMAM,540,56.50200000000001
86,C84072,Paracet_Tab Solb 500mg,0407010H0AAAQAQ,4,-0.012399999999998634
87,C84072,Prednisolone_Tab Solb 5mg,0603020T0AABHBH,2,-0.0011999999999998678
88,C84072,Pregabalin_Cap 50mg,0408010AEAAABAB,6,0.0
89,C84078,Clonazepam_Tab 500mcg,0408010F0AAABAB,26,4.638099999999991
90,C84078,Ferr Sulf_Tab 200mg,0901011P0AAACAC,4,0.011199999999999932
91,C84078,Levetiracetam_Tab 1g,0408010A0AAACAC,9,-0.03780000000000283
92,C84078,Levothyrox Sod_Tab 25mcg,0602010V0AABWBW,33,0.03200000000000096
93,C84078,Paracet_Tab 500mg,0407010H0AAAMAM,700,-74.9127999999999
94,C84078,Paracet_Tab Solb 500mg,0407010H0AAAQAQ,2,0.004400000000000126
95,C84078,Prednisolone_Tab Solb 5mg,0603020T0AABHBH,3,-0.014399999999998414
96,C84078,Pregabalin_Cap 50mg,0408010AEAAABAB,4,0.02240000000000064
97,C84081,Clonazepam_Tab 500mcg,0408010F0AAABAB,3,2.531199999999995
98,C84081,Ferr Sulf_Tab 200mg,0901011P0AAACAC,4,21.1488
99,C84081,Levetiracetam_Tab 1g,0408010A0AAACAC,1,0.005599999999999383
100,C84081,Levothyrox Sod_Tab 25mcg,0602010V0AABWBW,7,0.0210000000000006
101,C84081,Paracet_Tab 500mg,0407010H0AAAMAM,488,125.21680000000003
102,C84081,Paracet_Tab Solb 500mg,0407010H0AAAQAQ,2,17.64
103,C84081,Pregabalin_Cap 50mg,0408010AEAAABAB,8,0.04480000000000128
104,C84085,Clonazepam_Tab 500mcg,0408010F0AAABAB,8,3.239799999999993
105,C84085,Ferr Sulf_Tab 200mg,0901011P0AAACAC,1,0.0031999999999999806
106,C84085,Levetiracetam_Tab 1g,0408010A0AAACAC,2,0.011199999999998766
107,C84085,Levothyrox Sod_Tab 25mcg,0602010V0AABWBW,8,546.1833999999999
108,C84085,Paracet_Tab 500mg,0407010H0AAAMAM,2,0.011999999999999927
109,C84085,Prednisolone_Tab Solb 5mg,0603020T0AABHBH,3,-0.00879999999999903
110,C84091,Clonazepam_Tab 500mcg,0408010F0AAABAB,11,9.72319999999998
111,C84091,Levetiracetam_Tab 1g,0408010A0AAACAC,3,0.01679999999999815
112,C84091,Levothyrox Sod_Tab 25mcg,0602010V0AABWBW,9,0.01080000000000031
113,C84091,Paracet_Tab 500mg,0407010H0AAAMAM,252,50.87200000000002
114,C84091,Pregabalin_Cap 50mg,0408010AEAAABAB,4,0.014000000000000401
115,C84092,Clonazepam_Tab 500mcg,0408010F0AAABAB,5,2.6893999999999947
116,C84092,Levothyrox Sod_Tab 25mcg,0602010V0AABWBW,1,0.00420000000000012
117,C84092,Paracet_Tab 500mg,0407010H0AAAMAM,4,-0.005599999999999966
118,C84092,Paracet_Tab Solb 500mg,0407010H0AAAQAQ,2,-0.011999999999998678
119,C84092,Pregabalin_Cap 50mg,0408010AEAAABAB,3,0.01680000000000048
120,C84096,Paracet_Tab 500mg,0407010H0AAAMAM,176,9.887999999999996
121,C84096,Pregabalin_Cap 50mg,0408010AEAAABAB,3,0.01680000000000048
122,C84103,Clonazepam_Tab 500mcg,0408010F0AAABAB,9,9.289599999999984
123,C84103,Levetiracetam_Tab 1g,0408010A0AAACAC,1,0.005599999999999383
124,C84103,Levothyrox Sod_Tab 25mcg,0602010V0AABWBW,2,0.00840000000000024
125,C84103,Paracet_Tab 500mg,0407010H0AAAMAM,52,44.812000000000005
126,C84104,Clonazepam_Tab 500mcg,0408010F0AAABAB,1,0.6327999999999987
127,C84104,Hydrocort_Tab 10mg,0603020J0AAADAD,1,0.004499999999999504
128,C84104,Pregabalin_Cap 50mg,0408010AEAAABAB,1,-0.00280000000000008
129,C84105,Clonazepam_Tab 500mcg,0408010F0AAABAB,14,17.179999999999964
130,C84105,Ferr Sulf_Tab 200mg,0901011P0AAACAC,2,0.011999999999999511
131,C84105,Hydrocort_Tab 10mg,0603020J0AAADAD,1,0.0029999999999996696
132,C84105,Levetiracetam_Tab 1g,0408010A0AAACAC,4,0.022399999999997533
133,C84105,Levothyrox Sod_Tab 25mcg,0602010V0AABWBW,6,-0.0066000000000000225
134,C84105,Paracet_Tab 500mg,0407010H0AAAMAM,68,-0.21039999999999873
135,C84105,Prednisolone_Tab Solb 5mg,0603020T0AABHBH,2,0.0008999999999999009
136,C84105,Pregabalin_Cap 50mg,0408010AEAAABAB,3,0.00840000000000024
137,C84116,Clonazepam_Tab 500mcg,0408010F0AAABAB,6,2.488999999999995
138,C84116,Ferr Sulf_Tab 200mg,0901011P0AAACAC,4,0.011199999999999932
139,C84116,Levetiracetam_Tab 1g,0408010A0AAACAC,6,-0.0028000000000028002
140,C84116,Levothyrox Sod_Tab 25mcg,0602010V0AABWBW,14,0.024600000000000705
141,C84116,Paracet_Tab 500mg,0407010H0AAAMAM,76,-0.12639999999999926
142,C84116,Paracet_Tab Solb 500mg,0407010H0AAAQAQ,2,-0.011999999999998678
143,C84116,Pregabalin_Cap 50mg,0408010AEAAABAB,2,0.00280000000000008
144,C84117,Clonazepam_Tab 500mcg,0408010F0AAABAB,2,2.0113999999999956
145,C84117,Pregabalin_Cap 50mg,0408010AEAAABAB,1,0.00560000000000016
146,C84122,Clonazepam_Tab 500mcg,0408010F0AAABAB,6,3.977599999999992
147,C84122,Ferr Sulf_Tab 200mg,0901011P0AAACAC,14,0.050399999999999695
148,C84122,Levetiracetam_Tab 1g,0408010A0AAACAC,3,0.027999999999996916
149,C84122,Levothyrox Sod_Tab 25mcg,0602010V0AABWBW,17,0.0420000000000012
150,C84122,Paracet_Tab 500mg,0407010H0AAAMAM,494,6.369599999999961
151,C84122,Pregabalin_Cap 50mg,0408010AEAAABAB,2,0.01120000000000032
152,C84122,Risperidone_Tab 6mg,040201030AAAFAF,5,36.54
153,C84129,Clonazepam_Tab 500mcg,0408010F0AAABAB,7,4.89359999999999
154,C84129,Levetiracetam_Tab 1g,0408010A0AAACAC,1,0.005599999999999383
155,C84129,Levothyrox Sod_Tab 25mcg,0602010V0AABWBW,1,-0.004000000000000115
156,C84129,Paracet_Tab 500mg,0407010H0AAAMAM,426,126.74600000000007
157,C84129,Paracet_Tab Solb 500mg,0407010H0AAAQAQ,2,-0.011999999999998678
158,C84129,Prednisolone_Tab Solb 5mg,0603020T0AABHBH,2,0.00020000000000020002
159,C84129,Pregabalin_Cap 50mg,0408010AEAAABAB,2,0.01120000000000032
160,C84135,Clonazepam_Tab 500mcg,0408010F0AAABAB,3,0.949199999999998
161,C84135,Levetiracetam_Tab 1g,0408010A0AAACAC,1,0.005599999999999383
162,C84135,Levothyrox Sod_Tab 25mcg,0602010V0AABWBW,4,0.00840000000000024
163,C84135,Paracet_Tab 500mg,0407010H0AAAMAM,220,150.26280000000006
164,C84135,Pregabalin_Cap 50mg,0408010AEAAABAB,3,0.01680000000000048
165,C84136,Clonazepam_Tab 500mcg,0408010F0AAABAB,5,1.5819999999999967
166,C84136,Levothyrox Sod_Tab 25mcg,0602010V0AABWBW,12,0.0018000000000008842
167,C84136,Paracet_Tab 500mg,0407010H0AAAMAM,14,0.03759999999999977
168,C84136,Pregabalin_Cap 50mg,0408010AEAAABAB,4,0.02240000000000064
169,C84138,Levothyrox Sod_Tab 25mcg,0602010V0AABWBW,26,2.1028000000000007
170,C84138,Paracet_Tab 500mg,0407010H0AAAMAM,2,-0.011199999999999932
171,C84138,Pregabalin_Cap 50mg,0408010AEAAABAB,1,0.00560000000000016
172,C84144,Clonazepam_Tab 500mcg,0408010F0AAABAB,3,1.5819999999999967
173,C84144,Levothyrox Sod_Tab 25mcg,0602010V0AABWBW,1,0.00420000000000012
174,C84144,Paracet_Tab 500mg,0407010H0AAAMAM,8,0.022399999999999864
175,C84144,Pregabalin_Cap 50mg,0408010AEAAABAB,3,0.01680000000000048
176,C84151,Clonazepam_Tab 500mcg,0408010F0AAABAB,1,0.949199999999998
177,C84151,Levetiracetam_Tab 1g,0408010A0AAACAC,2,0.011199999999998766
178,C84151,Levothyrox Sod_Tab 25mcg,0602010V0AABWBW,1,-0.0010000000000000286
179,C84151,Paracet_Tab 500mg,0407010H0AAAMAM,2,-0.011199999999999932
180,C84151,Pregabalin_Cap 50mg,0408010AEAAABAB,1,-0.00280000000000008
181,C84602,Levothyrox Sod_Tab 25mcg,0602010V0AABWBW,4,0.0
182,C84602,Prednisolone_Tab Solb 5mg,0603020T0AABHBH,2,-0.006499999999999284
183,C84602,Pregabalin_Cap 50mg,0408010AEAAABAB,1,0.00560000000000016
184,C84619,Clonazepam_Tab 500mcg,0408010F0AAABAB,7,8.271599999999983
185,C84619,Levothyrox Sod_Tab 25mcg,0602010V0AABWBW,2,0.00840000000000024
186,C84619,Paracet_Tab 500mg,0407010H0AAAMAM,166,-3.655999999999978
187,C84628,Clonazepam_Tab 500mcg,0408010F0AAABAB,7,4.135799999999992
188,C84628,Levothyrox Sod_Tab 25mcg,0602010V0AABWBW,3,0.012600000000000361
189,C84628,Paracet_Tab 500mg,0407010H0AAAMAM,4,-0.0051999999999999685
190,C84628,Paracet_Tab Solb 500mg,0407010H0AAAQAQ,6,146.94
191,C84628,Prednisolone_Tab Solb 5mg,0603020T0AABHBH,1,0.004499999999999504
192,C84628,Pregabalin_Cap 50mg,0408010AEAAABAB,1,0.00560000000000016
193,C84647,Clonazepam_Tab 500mcg,0408010F0AAABAB,2,1.5819999999999967
194,C84647,Paracet_Tab 500mg,0407010H0AAAMAM,6,-0.0335999999999998
195,C84650,Clonazepam_Tab 500mcg,0408010F0AAABAB,2,1.2655999999999974
196,C84650,Prednisolone_Tab Solb 5mg,0603020T0AABHBH,3,0.005399999999999405
197,C84664,Clonazepam_Tab 500mcg,0408010F0AAABAB,6,5.268799999999989
198,C84664,Levetiracetam_Tab 1g,0408010A0AAACAC,1,0.011199999999998766
199,C84664,Paracet_Tab 500mg,0407010H0AAAMAM,16,0.41920000000000257
200,C84664,Paracet_Tab Solb 500mg,0407010H0AAAQAQ,6,-0.017999999999998018
201,C84664,Risperidone_Tab 6mg,040201030AAAFAF,1,29.2096
202,C84672,Paracet_Tab 500mg,0407010H0AAAMAM,16,-0.08959999999999946
203,C84672,Pregabalin_Cap 50mg,0408010AEAAABAB,1,-0.002799999999999983
204,C84676,Clonazepam_Tab 500mcg,0408010F0AAABAB,3,2.1017999999999954
205,C84676,Levothyrox Sod_Tab 25mcg,0602010V0AABWBW,4,0.0105000000000003
206,C84676,Paracet_Tab 500mg,0407010H0AAAMAM,8,0.02479999999999985
207,C84676,Paracet_Tab Solb 500mg,0407010H0AAAQAQ,2,5.652
208,C84680,Levothyrox Sod_Tab 25mcg,0602010V0AABWBW,2,0.00840000000000024
209,C84680,Paracet_Tab 500mg,0407010H0AAAMAM,6,-0.030399999999999816
210,C84680,Prednisolone_Tab Solb 5mg,0603020T0AABHBH,2,0.0004999999999999449
211,C84682,Clonazepam_Tab 500mcg,0408010F0AAABAB,5,5.06239999999999
212,C84682,Levetiracetam_Tab 1g,0408010A0AAACAC,1,0.011199999999998766
213,C84682,Paracet_Tab 500mg,0407010H0AAAMAM,2,-0.011199999999999932
214,C84682,Pregabalin_Cap 50mg,0408010AEAAABAB,2,-0.00560000000000016
215,C84683,Clonazepam_Tab 500mcg,0408010F0AAABAB,18,4.187199999999992
216,C84683,Ferr Sulf_Tab 200mg,0901011P0AAACAC,4,0.022399999999999864
217,C84683,Hydrocort_Tab 10mg,0603020J0AAADAD,1,-0.011199999999998766
218,C84683,Levothyrox Sod_Tab 25mcg,0602010V0AABWBW,4,-0.002999999999999753
219,C84683,Paracet_Tab 500mg,0407010H0AAAMAM,448,-4.07839999999995
220,C84683,Paracet_Tab Solb 500mg,0407010H0AAAQAQ,2,-0.011999999999998678
221,C84683,Prednisolone_Tab Solb 5mg,0603020T0AABHBH,4,-0.0015999999999998238
222,C84683,Pregabalin_Cap 50mg,0408010AEAAABAB,4,0.021000000000000407
223,C84683,Risperidone_Tab 6mg,040201030AAAFAF,3,74.06569999999999
224,C84688,Clonazepam_Tab 500mcg,0408010F0AAABAB,9,6.960799999999985
225,C84688,Levetiracetam_Tab 1g,0408010A0AAACAC,4,0.022399999999997533
226,C84688,Levothyrox Sod_Tab 25mcg,0602010V0AABWBW,8,0.00210000000000006
227,C84688,Paracet_Tab 500mg,0407010H0AAAMAM,240,16.031200000000034
228,C84688,Prednisolone_Tab Solb 5mg,0603020T0AABHBH,1,-0.0041999999999995374
229,C84688,Pregabalin_Cap 50mg,0408010AEAAABAB,5,0.00280000000000008
230,C84691,Clonazepam_Tab 500mcg,0408010F0AAABAB,3,1.2655999999999974
231,C84691,Hydrocort_Tab 10mg,0603020J0AAADAD,2,-0.01579999999999826
232,C84691,Levetiracetam_Tab 1g,0408010A0AAACAC,4,0.022399999999997533
233,C84691,Levothyrox Sod_Tab 25mcg,0602010V0AABWBW,3,0.012600000000000361
234,C84691,Paracet_Tab 500mg,0407010H0AAAMAM,22,-0.03479999999999979
235,C84691,Pregabalin_Cap 50mg,0408010AEAAABAB,1,0.00560000000000016
236,C84693,Levetiracetam_Tab 1g,0408010A0AAACAC,2,0.011199999999998766
237,C84693,Levothyrox Sod_Tab 25mcg,0602010V0AABWBW,5,0.0024000000000000687
238,C84693,Paracet_Tab 500mg,0407010H0AAAMAM,6,0.0167999999999999
239,C84693,Paracet_Tab Solb 500mg,0407010H0AAAQAQ,2,-0.011999999999998678
240,C84694,Clonazepam_Tab 500mcg,0408010F0AAABAB,1,0.6327999999999987
241,C84694,Ferr Sulf_Tab 200mg,0901011P0AAACAC,1,0.008999999999999633
242,C84694,Levetiracetam_Tab 1g,0408010A0AAACAC,2,0.022399999999997533
243,C84694,Paracet_Tab 500mg,0407010H0AAAMAM,46,20.228799999999996
244,C84694,Prednisolone_Tab Solb 5mg,0603020T0AABHBH,1,-0.0041999999999995374
245,C84694,Pregabalin_Cap 50mg,0408010AEAAABAB,1,-0.00280000000000008
246,C84695,Clonazepam_Tab 500mcg,0408010F0AAABAB,7,2.5707999999999904
247,C84695,Levetiracetam_Tab 1g,0408010A0AAACAC,5,-0.002800000000001246
248,C84695,Levothyrox Sod_Tab 25mcg,0602010V0AABWBW,12,0.025200000000000722
249,C84695,Paracet_Tab 500mg,0407010H0AAAMAM,82,1.046399999999996
250,C84695,Pregabalin_Cap 50mg,0408010AEAAABAB,5,-0.00560000000000016
251,C84698,Clonazepam_Tab 500mcg,0408010F0AAABAB,2,0.7118999999999985
252,C84698,Levetiracetam_Tab 1g,0408010A0AAACAC,1,0.008399999999999075
253,C84698,Paracet_Tab 500mg,0407010H0AAAMAM,12,0.0023999999999999855
254,C84698,Pregabalin_Cap 50mg,0408010AEAAABAB,1,0.00560000000000016
255,C84704,Clonazepam_Tab 500mcg,0408010F0AAABAB,11,4.158399999999991
256,C84704,Levetiracetam_Tab 1g,0408010A0AAACAC,5,0.027999999999996916
257,C84704,Levothyrox Sod_Tab 25mcg,0602010V0AABWBW,1,-0.0021999999999999797
258,C84704,Paracet_Tab Solb 500mg,0407010H0AAAQAQ,2,-0.011999999999998678
259,C84704,Prednisolone_Tab Solb 5mg,0603020T0AABHBH,3,-0.009599999999998943
260,C84704,Pregabalin_Cap 50mg,0408010AEAAABAB,1,0.014000000000000401
261,C84717,Clonazepam_Tab 500mcg,0408010F0AAABAB,3,1.2683999999999955
262,C84717,Hydrocort_Tab 10mg,0603020J0AAADAD,1,3.2423999999999973
263,C84717,Levetiracetam_Tab 1g,0408010A0AAACAC,4,0.022399999999997533
264,C84717,Paracet_Tab 500mg,0407010H0AAAMAM,70,-1.1999999999999926
265,C84717,Pregabalin_Cap 50mg,0408010AEAAABAB,5,171.262
266,Y00065,Clonazepam_Tab 500mcg,0408010F0AAABAB,1,0.11599999999999999
267,Y00065,Paracet_Tab 500mg,0407010H0AAAMAM,8,-0.3719999999999998
268,Y00065,Paracet_Tab Solb 500mg,0407010H0AAAQAQ,4,-0.005599999999998495
269,Y00065,Prednisolone_Tab Solb 5mg,0603020T0AABHBH,11,-0.019499999999997852
270,Y02847,Clonazepam_Tab 500mcg,0408010F0AAABAB,8,4.63299999999999
271,Y02847,Hydrocort_Tab 10mg,0603020J0AAADAD,1,-0.019999999999997797
272,Y02847,Levetiracetam_Tab 1g,0408010A0AAACAC,4,0.027999999999996916
273,Y02847,Levothyrox Sod_Tab 25mcg,0602010V0AABWBW,11,0.031600000000000905
274,Y02847,Paracet_Tab 500mg,0407010H0AAAMAM,106,10.198400000000012
275,Y02847,Prednisolone_Tab Solb 5mg,0603020T0AABHBH,3,201.43199999999996
276,Y02847,Pregabalin_Cap 50mg,0408010AEAAABAB,3,0.00840000000000024
277,Y03124,Clonazepam_Tab 500mcg,0408010F0AAABAB,7,2.6893999999999947
278,Y03124,Levetiracetam_Tab 1g,0408010A0AAACAC,2,0.011199999999998766
279,Y03124,Levothyrox Sod_Tab 25mcg,0602010V0AABWBW,4,-0.0005000000000000143
280,Y03124,Paracet_Tab 500mg,0407010H0AAAMAM,438,48.87880000000007
281,Y03124,Prednisolone_Tab Solb 5mg,0603020T0AABHBH,2,21.5798
282,Y03124,Pregabalin_Cap 50mg,0408010AEAAABAB,5,0.01960000000000056
283,Y05622,Clonazepam_Tab 500mcg,0408010F0AAABAB,6,3.796799999999992
284,Y05622,Levetiracetam_Tab 1g,0408010A0AAACAC,2,0.011199999999998766
285,Y05622,Levothyrox Sod_Tab 25mcg,0602010V0AABWBW,2,0.004500000000000129
286,Y05622,Paracet_Tab 500mg,0407010H0AAAMAM,172,10.646400000000039
287,Y05622,Paracet_Tab Solb 500mg,0407010H0AAAQAQ,2,-0.011999999999998678
288,Y05960,Prednisolone_Tab Solb 5mg,0603020T0AABHBH,1,-0.0024999999999997247
