,practice_code,bnf_description,bnf_code,items,excess_cost
0,J84003,Atorvastatin_Tab 10mg,0212000B0AAAAAA,1,-0.0031999999999999806
1,J84003,Atorvastatin_Tab 20mg,0212000B0AAABAB,3,0.007200000000000095
2,J84003,Betahistine HCl_Tab 16mg,0406000B0AAABAB,7,27.473399999999998
3,J84003,Paracet_Tab 500mg,0407010H0AAAMAM,172,-9.601599999999967
4,J84003,Pregabalin_Cap 150mg,0408010AEAAAEAE,1,0.00560000000000016
5,J84003,Pregabalin_Cap 50mg,0408010AEAAABAB,2,0.00280000000000008
6,J84004,Atorvastatin_Tab 10mg,0212000B0AAAAAA,20,0.026100000000000255
7,J84004,Atorvastatin_Tab 20mg,0212000B0AAABAB,3,-0.0042999999999999185
8,J84004,Betahistine HCl_Tab 16mg,0406000B0AAABAB,16,44.486399999999996
9,J84004,Clopidogrel_Tab 75mg,0209000C0AAAAAA,87,0.4262999999999995
10,J84004,Paracet_Tab 500mg,0407010H0AAAMAM,86,-0.2323999999999986
11,J84004,Pregabalin_Cap 150mg,0408010AEAAAEAE,17,0.04480000000000128
12,J84004,Pregabalin_Cap 50mg,0408010AEAAABAB,16,0.07840000000000069
13,J84004,Pregabalin_Cap 75mg,0408010AEAAACAC,11,0.06019999999999745
14,J84005,Atorvastatin_Tab 10mg,0212000B0AAAAAA,29,23.301599999999997
15,J84005,Atorvastatin_Tab 20mg,0212000B0AAABAB,245,157.75760000000005
16,J84005,Betahistine HCl_Tab 16mg,0406000B0AAABAB,4,9.0384
17,J84005,Clopidogrel_Tab 75mg,0209000C0AAAAAA,4,0.01959999999999998
18,J84005,Paracet_Tab 500mg,0407010H0AAAMAM,320,61.83440000000009
19,J84005,Phenytoin_Sod Tab 100mg,0408010Q0AAAGAG,2,119.41439999999997
20,J84005,Pregabalin_Cap 150mg,0408010AEAAAEAE,11,0.04380000000000121
21,J84005,Pregabalin_Cap 25mg,0408010AEAAAAAA,5,0.010499999999999815
22,J84005,Pregabalin_Cap 50mg,0408010AEAAABAB,8,0.039200000000000346
23,J84005,Pregabalin_Cap 75mg,0408010AEAAACAC,11,0.056799999999999656
24,J84007,Atorvastatin_Tab 10mg,0212000B0AAAAAA,116,14.872000000000002
25,J84007,Atorvastatin_Tab 20mg,0212000B0AAABAB,258,45.5112
26,J84007,Clopidogrel_Tab 75mg,0209000C0AAAAAA,68,0.3331999999999996
27,J84007,Paracet_Tab 500mg,0407010H0AAAMAM,326,59.514000000000024
28,J84007,Pregabalin_Cap 150mg,0408010AEAAAEAE,3,0.01680000000000048
29,J84007,Pregabalin_Cap 25mg,0408010AEAAAAAA,4,-0.01680000000000048
30,J84007,Pregabalin_Cap 50mg,0408010AEAAABAB,2,0.01120000000000032
31,J84007,Pregabalin_Cap 75mg,0408010AEAAACAC,4,0.011199999999999932
32,J84008,Atorvastatin_Tab 10mg,0212000B0AAAAAA,25,46.516
33,J84008,Atorvastatin_Tab 20mg,0212000B0AAABAB,43,0.2408000000000069
34,J84008,Betahistine HCl_Tab 16mg,0406000B0AAABAB,1,17.7912
35,J84008,Clopidogrel_Tab 75mg,0209000C0AAAAAA,79,35.14139999999998
36,J84008,Pregabalin_Cap 150mg,0408010AEAAAEAE,4,0.01960000000000056
37,J84008,Pregabalin_Cap 25mg,0408010AEAAAAAA,4,0.008399999999999852
38,J84008,Pregabalin_Cap 50mg,0408010AEAAABAB,4,0.02240000000000064
39,J84010,Atorvastatin_Tab 10mg,0212000B0AAAAAA,151,34.796800000000005
40,J84010,Betahistine HCl_Tab 16mg,0406000B0AAABAB,25,73.97319999999999
41,J84010,Clopidogrel_Tab 75mg,0209000C0AAAAAA,3,0.014699999999999984
42,J84010,Paracet_Tab 500mg,0407010H0AAAMAM,22,-0.12319999999999925
43,J84010,Pregabalin_Cap 150mg,0408010AEAAAEAE,13,0.04820000000000127
44,J84010,Pregabalin_Cap 25mg,0408010AEAAAAAA,1,0.004199999999999926
45,J84010,Pregabalin_Cap 50mg,0408010AEAAABAB,5,0.018200000000000327
46,J84010,Pregabalin_Cap 75mg,0408010AEAAACAC,23,0.06339999999999918
47,J84011,Atorvastatin_Tab 10mg,0212000B0AAAAAA,50,23.298600000000004
48,J84011,Atorvastatin_Tab 20mg,0212000B0AAABAB,154,73.51890000000002
49,J84011,Clopidogrel_Tab 75mg,0209000C0AAAAAA,148,9.230199999999998
50,J84011,Paracet_Tab 500mg,0407010H0AAAMAM,430,10.262400000000031
51,J84011,Pregabalin_Cap 150mg,0408010AEAAAEAE,11,0.026600000000000762
52,J84011,Pregabalin_Cap 25mg,0408010AEAAAAAA,14,59.60079999999999
53,J84011,Pregabalin_Cap 50mg,0408010AEAAABAB,23,85.63660000000002
54,J84011,Pregabalin_Cap 75mg,0408010AEAAACAC,31,56.81759999999999
55,J84012,Atorvastatin_Tab 10mg,0212000B0AAAAAA,163,11.362999999999994
56,J84012,Atorvastatin_Tab 20mg,0212000B0AAABAB,348,68.01559999999999
57,J84012,Betahistine HCl_Tab 16mg,0406000B0AAABAB,9,48.185199999999995
58,J84012,Clopidogrel_Tab 75mg,0209000C0AAAAAA,111,8.814899999999996
59,J84012,Paracet_Tab 500mg,0407010H0AAAMAM,40,-12.928399999999998
60,J84012,Pregabalin_Cap 150mg,0408010AEAAAEAE,12,0.02520000000000247
61,J84012,Pregabalin_Cap 50mg,0408010AEAAABAB,6,85.63240000000002
62,J84013,Atorvastatin_Tab 10mg,0212000B0AAAAAA,5,3.3209999999999997
63,J84013,Atorvastatin_Tab 20mg,0212000B0AAABAB,434,23.137400000000024
64,J84013,Betahistine HCl_Tab 16mg,0406000B0AAABAB,10,36.20399999999999
65,J84013,Clopidogrel_Tab 75mg,0209000C0AAAAAA,2,0.00979999999999999
66,J84013,Paracet_Tab 500mg,0407010H0AAAMAM,370,22.99360000000012
67,J84013,Pregabalin_Cap 150mg,0408010AEAAAEAE,38,70.79840000000002
68,J84013,Pregabalin_Cap 25mg,0408010AEAAAAAA,2,-1.942890293094024e-16
69,J84013,Pregabalin_Cap 50mg,0408010AEAAABAB,8,0.033600000000000574
70,J84013,Pregabalin_Cap 75mg,0408010AEAAACAC,13,239.8011
71,J84014,Atorvastatin_Tab 10mg,0212000B0AAAAAA,35,0.0638000000000005
72,J84014,Atorvastatin_Tab 20mg,0212000B0AAABAB,2,-0.003799999999999845
73,J84014,Betahistine HCl_Tab 16mg,0406000B0AAABAB,14,17.992800000000003
74,J84014,Clopidogrel_Tab 75mg,0209000C0AAAAAA,202,53.038999999999994
75,J84014,Paracet_Tab 500mg,0407010H0AAAMAM,600,287.9916000000001
76,J84014,Phenytoin_Sod Tab 100mg,0408010Q0AAAGAG,1,12.118399999999996
77,J84014,Pregabalin_Cap 150mg,0408010AEAAAEAE,30,0.09520000000000273
78,J84014,Pregabalin_Cap 25mg,0408010AEAAAAAA,2,212.92
79,J84014,Pregabalin_Cap 50mg,0408010AEAAABAB,12,0.05320000000000075
80,J84014,Pregabalin_Cap 75mg,0408010AEAAACAC,4,0.022399999999999864
81,J84015,Atorvastatin_Tab 10mg,0212000B0AAAAAA,121,23.323999999999998
82,J84015,Atorvastatin_Tab 20mg,0212000B0AAABAB,1,-0.002399999999999902
83,J84015,Paracet_Tab 500mg,0407010H0AAAMAM,404,98.28240000000007
84,J84015,Pregabalin_Cap 150mg,0408010AEAAAEAE,14,0.04760000000000136
85,J84015,Pregabalin_Cap 50mg,0408010AEAAABAB,18,0.02520000000000111
86,J84015,Pregabalin_Cap 75mg,0408010AEAAACAC,5,0.01719999999999927
87,J84016,Atorvastatin_Tab 10mg,0212000B0AAAAAA,35,0.04330000000000044
88,J84016,Atorvastatin_Tab 20mg,0212000B0AAABAB,1,0.00360000000000002
89,J84016,Clopidogrel_Tab 75mg,0209000C0AAAAAA,41,0.20089999999999977
90,J84016,Paracet_Tab 500mg,0407010H0AAAMAM,420,51.37720000000009
91,J84016,Phenytoin_Sod Tab 100mg,0408010Q0AAAGAG,7,0.04409999999999514
92,J84016,Pregabalin_Cap 25mg,0408010AEAAAAAA,12,56.37420000000001
93,J84016,Pregabalin_Cap 50mg,0408010AEAAABAB,7,0.005600000000000549
94,J84016,Pregabalin_Cap 75mg,0408010AEAAACAC,5,-0.010400000000000298
95,J84017,Atorvastatin_Tab 10mg,0212000B0AAAAAA,89,11.7053
96,J84017,Atorvastatin_Tab 20mg,0212000B0AAABAB,174,292.9682
97,J84017,Clopidogrel_Tab 75mg,0209000C0AAAAAA,80,17.782799999999995
98,J84017,Paracet_Tab 500mg,0407010H0AAAMAM,484,475.7916000000001
99,J84017,Pregabalin_Cap 150mg,0408010AEAAAEAE,31,0.023900000000002253
100,J84017,Pregabalin_Cap 50mg,0408010AEAAABAB,13,114.2176
101,J84017,Pregabalin_Cap 75mg,0408010AEAAACAC,17,0.08679999999999947
102,J84018,Atorvastatin_Tab 10mg,0212000B0AAAAAA,39,11.662500000000003
103,J84018,Clopidogrel_Tab 75mg,0209000C0AAAAAA,24,0.11759999999999987
104,J84018,Paracet_Tab 500mg,0407010H0AAAMAM,40,-0.07559999999999954
105,J84018,Phenytoin_Sod Tab 100mg,0408010Q0AAAGAG,1,19.899599999999996
106,J84018,Pregabalin_Cap 150mg,0408010AEAAAEAE,8,29.901199999999996
107,J84018,Pregabalin_Cap 50mg,0408010AEAAABAB,1,0.00560000000000016
108,J84018,Pregabalin_Cap 75mg,0408010AEAAACAC,4,0.022399999999999864
109,J84019,Atorvastatin_Tab 10mg,0212000B0AAAAAA,22,-0.000999999999999654
110,J84019,Atorvastatin_Tab 20mg,0212000B0AAABAB,363,92.84280000000003
111,J84019,Betahistine HCl_Tab 16mg,0406000B0AAABAB,18,35.71679999999999
112,J84019,Clopidogrel_Tab 75mg,0209000C0AAAAAA,259,18.01799999999998
113,J84019,Paracet_Tab 500mg,0407010H0AAAMAM,674,164.58239999999998
114,J84019,Pregabalin_Cap 150mg,0408010AEAAAEAE,13,0.03920000000000112
115,J84019,Pregabalin_Cap 25mg,0408010AEAAAAAA,5,-0.006600000000000578
116,J84019,Pregabalin_Cap 50mg,0408010AEAAABAB,7,0.005600000000000549
117,J84019,Pregabalin_Cap 75mg,0408010AEAAACAC,8,170.20639999999997
118,J84020,Atorvastatin_Tab 10mg,0212000B0AAAAAA,1,0.003200000000000036
119,J84020,Atorvastatin_Tab 20mg,0212000B0AAABAB,112,67.61480000000002
120,J84020,Betahistine HCl_Tab 16mg,0406000B0AAABAB,2,11.8496
121,J84020,Clopidogrel_Tab 75mg,0209000C0AAAAAA,36,8.800399999999996
122,J84020,Paracet_Tab 500mg,0407010H0AAAMAM,162,55.94160000000002
123,J84020,Pregabalin_Cap 150mg,0408010AEAAAEAE,7,0.028000000000000802
124,J84020,Pregabalin_Cap 50mg,0408010AEAAABAB,9,85.6352
125,Y00438,Pregabalin_Cap 150mg,0408010AEAAAEAE,1,56.5488
