,practice_code,bnf_description,bnf_code,items,excess_cost
0,E87002,Aripiprazole_Tab 10mg,0402010ADAAAAAA,27,0.0434000000000026
1,E87002,Aripiprazole_Tab 5mg,0402010ADAAADAD,5,-0.007000000000000783
2,E87002,Atorvastatin_Tab 20mg,0212000B0AAABAB,2,0.003000000000000294
3,E87002,Atorvastatin_Tab 80mg,0212000B0AAADAD,28,0.058800000000001684
4,E87002,Ferr Sulf_Tab 200mg,0901011P0AAACAC,49,14.2888
5,E87002,Letrozole_Tab 2.5mg,0803041L0AAAAAA,24,0.11760000000000104
6,E87002,Paracet_Tab 500mg,0407010H0AAAMAM,102,-0.19759999999999864
7,E87002,Risperidone_Tab 6mg,040201030AAAFAF,6,94.9592
8,E87005,Atorvastatin_Tab 80mg,0212000B0AAADAD,1,-0.006000000000000172
9,E87005,Letrozole_Tab 2.5mg,0803041L0AAAAAA,7,-0.5095999999999983
10,E87005,Paracet_Tab 500mg,0407010H0AAAMAM,2,-0.011199999999999932
11,E87006,Aripiprazole_Tab 5mg,0402010ADAAADAD,2,-0.0058000000000005825
12,E87006,Atorvastatin_Tab 80mg,0212000B0AAADAD,11,0.02310000000000066
13,E87006,Ferr Sulf_Tab 200mg,0901011P0AAACAC,4,-0.00840000000000024
14,E87006,Paracet_Tab 500mg,0407010H0AAAMAM,76,0.17919999999999892
15,E87008,Aripiprazole_Tab 5mg,0402010ADAAADAD,4,0.016799999999999704
16,E87008,Atorvastatin_Tab 20mg,0212000B0AAABAB,1,0.006000000000000172
17,E87008,Atorvastatin_Tab 80mg,0212000B0AAADAD,26,0.056700000000001624
18,E87008,Betahistine HCl_Tab 16mg,0406000B0AAABAB,2,26.686799999999998
19,E87008,Ferr Sulf_Tab 200mg,0901011P0AAACAC,1,0.0059999999999997555
20,E87008,Paracet_Tab 500mg,0407010H0AAAMAM,358,8.470800000000047
21,E87008,Risperidone_Tab 6mg,040201030AAAFAF,1,29.2096
22,E87010,Atorvastatin_Tab 20mg,0212000B0AAABAB,1,0.006000000000000172
23,E87010,Atorvastatin_Tab 80mg,0212000B0AAADAD,13,0.022200000000000636
24,E87010,Ferr Sulf_Tab 200mg,0901011P0AAACAC,2,0.017999999999999267
25,E87010,Hydrocort_Tab 10mg,0603020J0AAADAD,1,15.439999999999987
26,E87010,Paracet_Tab 500mg,0407010H0AAAMAM,164,-0.6383999999999961
27,E87010,Risperidone_Tab 6mg,040201030AAAFAF,4,29.232
28,E87011,Aripiprazole_Tab 10mg,0402010ADAAAAAA,2,-0.004199999999999926
29,E87011,Aripiprazole_Tab 5mg,0402010ADAAADAD,7,129.2809
30,E87011,Atorvastatin_Tab 20mg,0212000B0AAABAB,1,0.006000000000000172
31,E87011,Atorvastatin_Tab 80mg,0212000B0AAADAD,30,0.08190000000000235
32,E87011,Betahistine HCl_Tab 16mg,0406000B0AAABAB,1,-0.012000000000000344
33,E87011,Ferr Sulf_Tab 200mg,0901011P0AAACAC,16,0.028099999999998904
34,E87011,Paracet_Tab 500mg,0407010H0AAAMAM,128,0.19959999999999878
35,E87011,Risperidone_Tab 6mg,040201030AAAFAF,1,29.2096
36,E87034,Aripiprazole_Tab 10mg,0402010ADAAAAAA,3,-0.006299999999999889
37,E87034,Aripiprazole_Tab 5mg,0402010ADAAADAD,15,-0.0420000000000012
38,E87034,Atorvastatin_Tab 20mg,0212000B0AAABAB,1,0.006000000000000172
39,E87034,Atorvastatin_Tab 80mg,0212000B0AAADAD,112,0.23520000000000674
40,E87034,Letrozole_Tab 2.5mg,0803041L0AAAAAA,12,0.05880000000000052
41,E87034,Paracet_Tab 500mg,0407010H0AAAMAM,148,0.4577999999999972
42,E87037,Paracet_Tab 500mg,0407010H0AAAMAM,4,0.01799999999999989
43,E87045,Aripiprazole_Tab 10mg,0402010ADAAAAAA,7,-0.014699999999999741
44,E87045,Aripiprazole_Tab 5mg,0402010ADAAADAD,5,-0.014000000000000401
45,E87045,Atorvastatin_Tab 80mg,0212000B0AAADAD,4,0.00840000000000024
46,E87045,Ferr Sulf_Tab 200mg,0901011P0AAACAC,33,0.17359999999999895
47,E87045,Hydrocort_Tab 10mg,0603020J0AAADAD,2,111.55199999999999
48,E87045,Paracet_Tab 500mg,0407010H0AAAMAM,102,36.462399999999995
49,E87045,Risperidone_Tab 6mg,040201030AAAFAF,1,43.8144
50,E87046,Aripiprazole_Tab 10mg,0402010ADAAAAAA,4,-0.008399999999999852
51,E87046,Aripiprazole_Tab 5mg,0402010ADAAADAD,5,-0.014000000000000401
52,E87046,Atorvastatin_Tab 20mg,0212000B0AAABAB,77,45.27600000000001
53,E87046,Atorvastatin_Tab 80mg,0212000B0AAADAD,11,0.02310000000000066
54,E87046,Ferr Sulf_Tab 200mg,0901011P0AAACAC,3,0.00839999999999995
55,E87046,Hydrocort_Tab 10mg,0603020J0AAADAD,1,-0.011199999999998766
56,E87046,Paracet_Tab 500mg,0407010H0AAAMAM,84,-0.2127999999999987
57,E87052,Aripiprazole_Tab 10mg,0402010ADAAAAAA,2,87.2312
58,E87052,Aripiprazole_Tab 5mg,0402010ADAAADAD,1,172.3792
59,E87052,Atorvastatin_Tab 80mg,0212000B0AAADAD,19,0.03990000000000114
60,E87052,Betahistine HCl_Tab 16mg,0406000B0AAABAB,1,6.0256
61,E87052,Ferr Sulf_Tab 200mg,0901011P0AAACAC,30,0.14519999999999583
62,E87052,Letrozole_Tab 2.5mg,0803041L0AAAAAA,4,0.019600000000000173
63,E87052,Paracet_Tab 500mg,0407010H0AAAMAM,36,0.07819999999999963
64,E87052,Risperidone_Tab 6mg,040201030AAAFAF,2,87.6288
65,E87066,Aripiprazole_Tab 5mg,0402010ADAAADAD,11,-0.030800000000000882
66,E87066,Atorvastatin_Tab 20mg,0212000B0AAABAB,20,45.136
67,E87066,Atorvastatin_Tab 80mg,0212000B0AAADAD,25,0.052500000000001504
68,E87066,Ferr Sulf_Tab 200mg,0901011P0AAACAC,1,0.0059999999999997555
69,E87066,Paracet_Tab 500mg,0407010H0AAAMAM,88,-0.325999999999998
70,E87066,Risperidone_Tab 6mg,040201030AAAFAF,1,29.2096
71,E87069,Aripiprazole_Tab 10mg,0402010ADAAAAAA,1,87.2312
72,E87069,Atorvastatin_Tab 20mg,0212000B0AAABAB,29,45.147200000000005
73,E87069,Atorvastatin_Tab 80mg,0212000B0AAADAD,4,0.00840000000000024
74,E87069,Paracet_Tab 500mg,0407010H0AAAMAM,2,0.011999999999999927
75,E87070,Aripiprazole_Tab 5mg,0402010ADAAADAD,3,-0.00840000000000024
76,E87070,Atorvastatin_Tab 20mg,0212000B0AAABAB,1,-0.0029999999999998778
77,E87070,Atorvastatin_Tab 80mg,0212000B0AAADAD,5,0.0105000000000003
78,E87070,Betahistine HCl_Tab 16mg,0406000B0AAABAB,5,11.1405
79,E87070,Hydrocort_Tab 10mg,0603020J0AAADAD,1,-0.012599999999998612
80,E87070,Paracet_Tab 500mg,0407010H0AAAMAM,18,-0.06999999999999958
81,E87609,Aripiprazole_Tab 5mg,0402010ADAAADAD,1,0.0018999999999997907
82,E87609,Atorvastatin_Tab 20mg,0212000B0AAABAB,2,0.012000000000000344
83,E87609,Atorvastatin_Tab 80mg,0212000B0AAADAD,32,0.06720000000000192
84,E87609,Betahistine HCl_Tab 16mg,0406000B0AAABAB,1,0.0029999999999998778
85,E87609,Ferr Sulf_Tab 200mg,0901011P0AAACAC,18,0.054399999999998755
86,E87609,Letrozole_Tab 2.5mg,0803041L0AAAAAA,8,0.039200000000000346
87,E87609,Paracet_Tab 500mg,0407010H0AAAMAM,84,0.05599999999999966
88,E87648,Aripiprazole_Tab 5mg,0402010ADAAADAD,1,-0.0030000000000005023
89,E87648,Atorvastatin_Tab 20mg,0212000B0AAABAB,39,22.604400000000002
90,E87648,Atorvastatin_Tab 80mg,0212000B0AAADAD,8,0.01680000000000048
91,E87648,Betahistine HCl_Tab 16mg,0406000B0AAABAB,1,0.0029999999999998778
92,E87648,Ferr Sulf_Tab 200mg,0901011P0AAACAC,10,42.235200000000006
93,E87648,Paracet_Tab 500mg,0407010H0AAAMAM,32,0.058799999999999644
94,E87663,Atorvastatin_Tab 20mg,0212000B0AAABAB,11,0.09240000000000051
95,E87663,Atorvastatin_Tab 80mg,0212000B0AAADAD,7,0.014700000000000421
96,E87663,Ferr Sulf_Tab 200mg,0901011P0AAACAC,5,-0.0105000000000003
97,E87677,Betahistine HCl_Tab 16mg,0406000B0AAABAB,1,9.046800000000001
98,E87677,Letrozole_Tab 2.5mg,0803041L0AAAAAA,4,0.019600000000000173
99,E87681,Aripiprazole_Tab 5mg,0402010ADAAADAD,1,0.004199999999999926
100,E87681,Atorvastatin_Tab 80mg,0212000B0AAADAD,20,0.0420000000000012
101,E87681,Betahistine HCl_Tab 16mg,0406000B0AAABAB,1,12.924000000000003
102,E87681,Ferr Sulf_Tab 200mg,0901011P0AAACAC,3,15.8382
103,E87681,Hydrocort_Tab 10mg,0603020J0AAADAD,9,-0.028799999999996828
104,E87681,Paracet_Tab 500mg,0407010H0AAAMAM,154,64.41760000000004
105,E87681,Risperidone_Tab 6mg,040201030AAAFAF,1,58.4192
106,E87714,Aripiprazole_Tab 10mg,0402010ADAAAAAA,9,-0.018899999999999667
107,E87714,Aripiprazole_Tab 5mg,0402010ADAAADAD,4,-0.006400000000000183
108,E87714,Atorvastatin_Tab 20mg,0212000B0AAABAB,1,-0.0029999999999998778
109,E87714,Atorvastatin_Tab 80mg,0212000B0AAADAD,4,0.00840000000000024
110,E87714,Paracet_Tab 500mg,0407010H0AAAMAM,50,-0.019199999999999995
111,E87737,Aripiprazole_Tab 5mg,0402010ADAAADAD,3,-0.0014000000000002344
112,E87737,Atorvastatin_Tab 20mg,0212000B0AAABAB,1,0.005400000000000155
113,E87737,Atorvastatin_Tab 80mg,0212000B0AAADAD,8,0.01680000000000048
114,E87737,Betahistine HCl_Tab 16mg,0406000B0AAABAB,1,18.093600000000002
115,E87737,Paracet_Tab 500mg,0407010H0AAAMAM,4,0.007999999999999952
116,E87739,Aripiprazole_Tab 10mg,0402010ADAAAAAA,16,-0.03359999999999941
117,E87739,Aripiprazole_Tab 5mg,0402010ADAAADAD,16,-0.04480000000000128
118,E87739,Atorvastatin_Tab 80mg,0212000B0AAADAD,53,0.11130000000000319
119,E87739,Ferr Sulf_Tab 200mg,0901011P0AAACAC,14,0.05599999999999966
120,E87739,Hydrocort_Tab 10mg,0603020J0AAADAD,1,0.004499999999999504
121,E87739,Letrozole_Tab 2.5mg,0803041L0AAAAAA,15,0.07350000000000065
122,E87739,Paracet_Tab 500mg,0407010H0AAAMAM,4,0.0671999999999996
123,E87739,Risperidone_Tab 6mg,040201030AAAFAF,3,21.924
124,E87740,Aripiprazole_Tab 10mg,0402010ADAAAAAA,8,0.02800000000000158
125,E87740,Aripiprazole_Tab 5mg,0402010ADAAADAD,1,0.004199999999999926
126,E87740,Atorvastatin_Tab 80mg,0212000B0AAADAD,4,0.00840000000000024
127,E87740,Ferr Sulf_Tab 200mg,0901011P0AAACAC,17,0.029399999999999385
128,E87740,Paracet_Tab 500mg,0407010H0AAAMAM,8,0.013999999999999915
129,E87741,Paracet_Tab 500mg,0407010H0AAAMAM,6,0.03599999999999978
130,E87745,Betahistine HCl_Tab 16mg,0406000B0AAABAB,5,27.123599999999996
131,E87745,Hydrocort_Tab 10mg,0603020J0AAADAD,1,-0.013999999999998458
132,E87745,Paracet_Tab 500mg,0407010H0AAAMAM,4,-0.020799999999999874
133,E87753,Aripiprazole_Tab 10mg,0402010ADAAAAAA,22,-0.046199999999999186
134,E87753,Aripiprazole_Tab 5mg,0402010ADAAADAD,1,0.0041999999999995374
135,E87753,Atorvastatin_Tab 80mg,0212000B0AAADAD,27,0.8694000000000013
136,E87753,Ferr Sulf_Tab 200mg,0901011P0AAACAC,1,0.003999999999999976
137,E87753,Letrozole_Tab 2.5mg,0803041L0AAAAAA,3,213.8976
138,E87753,Paracet_Tab 500mg,0407010H0AAAMAM,8,-0.02159999999999987
139,E87753,Risperidone_Tab 6mg,040201030AAAFAF,12,87.696
140,E87754,Aripiprazole_Tab 5mg,0402010ADAAADAD,6,-0.01680000000000048
141,E87754,Atorvastatin_Tab 20mg,0212000B0AAABAB,1,0.006000000000000172
142,E87754,Atorvastatin_Tab 80mg,0212000B0AAADAD,10,0.0210000000000006
143,E87754,Ferr Sulf_Tab 200mg,0901011P0AAACAC,6,0.0335999999999998
144,E87754,Hydrocort_Tab 10mg,0603020J0AAADAD,6,-0.011199999999998766
145,E87754,Letrozole_Tab 2.5mg,0803041L0AAAAAA,4,0.019600000000000173
146,E87754,Paracet_Tab 500mg,0407010H0AAAMAM,40,0.11199999999999932
147,E87754,Risperidone_Tab 6mg,040201030AAAFAF,1,29.2096
148,E87756,Aripiprazole_Tab 10mg,0402010ADAAAAAA,5,-0.010499999999999815
149,E87756,Atorvastatin_Tab 20mg,0212000B0AAABAB,34,45.1248
150,E87756,Atorvastatin_Tab 80mg,0212000B0AAADAD,35,148.87560000000002
151,E87756,Betahistine HCl_Tab 16mg,0406000B0AAABAB,1,-0.006000000000000172
152,E87756,Ferr Sulf_Tab 200mg,0901011P0AAACAC,32,54.347899999999996
153,E87756,Paracet_Tab 500mg,0407010H0AAAMAM,78,0.40659999999999763
154,E87772,Paracet_Tab 500mg,0407010H0AAAMAM,6,0.012799999999999923
155,Y00902,Atorvastatin_Tab 80mg,0212000B0AAADAD,10,0.0210000000000006
156,Y00902,Betahistine HCl_Tab 16mg,0406000B0AAABAB,5,2.2260000000000004
157,Y00902,Ferr Sulf_Tab 200mg,0901011P0AAACAC,4,-0.00840000000000024
158,Y00902,Paracet_Tab 500mg,0407010H0AAAMAM,28,0.008799999999999947
159,Y00902,Risperidone_Tab 6mg,040201030AAAFAF,1,29.2096
160,Y02260,Atorvastatin_Tab 80mg,0212000B0AAADAD,8,0.01680000000000048
161,Y02260,Betahistine HCl_Tab 16mg,0406000B0AAABAB,3,17.942399999999996
162,Y02260,Paracet_Tab 500mg,0407010H0AAAMAM,62,20.028400000000005
163,Y04920,Aripiprazole_Tab 5mg,0402010ADAAADAD,1,-0.0008000000000000229
