,practice_code,bnf_description,bnf_code,items,excess_cost
0,A88001,Amiodarone HCl_Tab 200mg,0203020D0AAABAB,1,0.3500000000000003
1,A88001,Aspirin Disper_Tab 75mg,0209000A0AAABAB,110,0.3135999999999981
2,A88001,Cinacalcet HCl_Tab 30mg,0905012I0AAAAAA,1,94.31240000000001
3,A88001,Clonazepam_Tab 500mcg,0408010F0AAABAB,5,0.8023999999999987
4,A88002,Amiodarone HCl_Tab 200mg,0203020D0AAABAB,1,0.7000000000000006
5,A88002,Aspirin Disper_Tab 75mg,0209000A0AAABAB,798,2.279199999999986
6,A88002,Clonazepam_Tab 500mcg,0408010F0AAABAB,17,4.2871999999999915
7,A88002,Diltiazem HCl_Tab 60mg M/R,0206020C0AAAAAA,21,4.992400000000017
8,A88002,Pyridox HCl_Tab 50mg,0906024N0AAAIAI,1,1.4364000000000003
9,A88002,Tetrabenazine_Tab 25mg,0409030C0AAAAAA,1,3.998399999999995
10,A88002,Topiramate_Tab 200mg,040801050AAACAC,3,7.126799999999998
11,A88003,Amiodarone HCl_Tab 200mg,0203020D0AAABAB,5,1.6541000000000012
12,A88003,Aspirin Disper_Tab 75mg,0209000A0AAABAB,138,0.38439999999999774
13,A88003,Cinacalcet HCl_Tab 30mg,0905012I0AAAAAA,1,0.0020999999999951058
14,A88003,Clonazepam_Tab 500mcg,0408010F0AAABAB,8,5.5353999999999886
15,A88003,Diltiazem HCl_Tab 60mg M/R,0206020C0AAAAAA,5,2.0167000000000055
16,A88003,Tetrabenazine_Tab 25mg,0409030C0AAAAAA,4,3.998399999999995
17,A88004,Amiodarone HCl_Tab 200mg,0203020D0AAABAB,5,1.0388000000000006
18,A88004,Aspirin Disper_Tab 75mg,0209000A0AAABAB,78,0.2295999999999986
19,A88004,Clonazepam_Tab 500mcg,0408010F0AAABAB,16,5.310999999999989
20,A88004,Diltiazem HCl_Tab 60mg M/R,0206020C0AAAAAA,5,2.2288000000000063
21,A88004,Pyridox HCl_Tab 50mg,0906024N0AAAIAI,4,1.4364000000000003
22,A88004,Tetrabenazine_Tab 25mg,0409030C0AAAAAA,1,3.998399999999995
23,A88004,Topiramate_Tab 200mg,040801050AAACAC,4,2.307200000000001
24,A88005,Amiodarone HCl_Tab 200mg,0203020D0AAABAB,1,0.3500000000000003
25,A88005,Aspirin Disper_Tab 75mg,0209000A0AAABAB,204,0.6047999999999965
26,A88005,Clonazepam_Tab 500mcg,0408010F0AAABAB,14,3.6385999999999927
27,A88005,Diltiazem HCl_Tab 60mg M/R,0206020C0AAAAAA,5,1.1088000000000038
28,A88005,Risperidone_Tab 6mg,040201030AAAFAF,1,58.4192
29,A88006,Aspirin Disper_Tab 75mg,0209000A0AAABAB,158,0.44239999999999735
30,A88006,Clonazepam_Tab 500mcg,0408010F0AAABAB,4,2.3237999999999954
31,A88006,Diltiazem HCl_Tab 60mg M/R,0206020C0AAAAAA,15,2.377200000000011
32,A88007,Amiodarone HCl_Tab 200mg,0203020D0AAABAB,1,0.7000000000000006
33,A88007,Aspirin Disper_Tab 75mg,0209000A0AAABAB,360,1.0303999999999935
34,A88007,Clonazepam_Tab 500mcg,0408010F0AAABAB,18,5.22059999999999
35,A88007,Diltiazem HCl_Tab 60mg M/R,0206020C0AAAAAA,4,1.3552000000000046
36,A88007,Pyridox HCl_Tab 50mg,0906024N0AAAIAI,1,11.491200000000003
37,A88008,Amiodarone HCl_Tab 200mg,0203020D0AAABAB,1,0.3500000000000003
38,A88008,Aspirin Disper_Tab 75mg,0209000A0AAABAB,230,0.6887999999999959
39,A88008,Clonazepam_Tab 500mcg,0408010F0AAABAB,16,5.695199999999989
40,A88008,Diltiazem HCl_Tab 60mg M/R,0206020C0AAAAAA,10,1.478400000000005
41,A88008,Pyridox HCl_Tab 50mg,0906024N0AAAIAI,1,0.9576000000000002
42,A88008,Tetrabenazine_Tab 25mg,0409030C0AAAAAA,3,17.992799999999978
43,A88008,Topiramate_Tab 200mg,040801050AAACAC,2,4.979999999999998
44,A88009,Amiodarone HCl_Tab 200mg,0203020D0AAABAB,2,0.7000000000000006
45,A88009,Aspirin Disper_Tab 75mg,0209000A0AAABAB,6,0.0167999999999999
46,A88009,Clonazepam_Tab 500mcg,0408010F0AAABAB,3,0.648599999999999
47,A88009,Diltiazem HCl_Tab 60mg M/R,0206020C0AAAAAA,2,1.161600000000004
48,A88009,Topiramate_Tab 200mg,040801050AAACAC,1,2.489999999999999
49,A88010,Aspirin Disper_Tab 75mg,0209000A0AAABAB,156,0.43679999999999736
50,A88010,Cinacalcet HCl_Tab 30mg,0905012I0AAAAAA,4,0.016799999999960846
51,A88010,Clonazepam_Tab 500mcg,0408010F0AAABAB,3,1.2655999999999974
52,A88010,Diltiazem HCl_Tab 60mg M/R,0206020C0AAAAAA,1,0.7392000000000025
53,A88012,Amiodarone HCl_Tab 200mg,0203020D0AAABAB,4,0.3388
54,A88012,Aspirin Disper_Tab 75mg,0209000A0AAABAB,302,0.8679999999999948
55,A88012,Cinacalcet HCl_Tab 30mg,0905012I0AAAAAA,4,0.008399999999980423
56,A88012,Clonazepam_Tab 500mcg,0408010F0AAABAB,17,7.2093999999999845
57,A88012,Diltiazem HCl_Tab 60mg M/R,0206020C0AAAAAA,26,5.751600000000018
58,A88012,Pyridox HCl_Tab 50mg,0906024N0AAAIAI,1,1.9152000000000005
59,A88012,Tetrabenazine_Tab 25mg,0409030C0AAAAAA,2,9.995999999999988
60,A88013,Amiodarone HCl_Tab 200mg,0203020D0AAABAB,1,0.3500000000000003
61,A88013,Aspirin Disper_Tab 75mg,0209000A0AAABAB,620,1.7359999999999896
62,A88013,Clonazepam_Tab 500mcg,0408010F0AAABAB,39,15.729699999999966
63,A88013,Diltiazem HCl_Tab 60mg M/R,0206020C0AAAAAA,18,4.332400000000012
64,A88013,Gemfibrozil_Tab 600mg,0212000Q0AAABAB,1,15.142399999999999
65,A88014,Aspirin Disper_Tab 75mg,0209000A0AAABAB,148,0.41519999999999746
66,A88014,Clonazepam_Tab 500mcg,0408010F0AAABAB,1,0.949199999999998
67,A88014,Diltiazem HCl_Tab 60mg M/R,0206020C0AAAAAA,3,0.8624000000000029
68,A88015,Amiodarone HCl_Tab 200mg,0203020D0AAABAB,1,0.3500000000000003
69,A88015,Aspirin Disper_Tab 75mg,0209000A0AAABAB,200,0.5909999999999966
70,A88015,Clonazepam_Tab 500mcg,0408010F0AAABAB,18,4.98329999999999
71,A88015,Diltiazem HCl_Tab 60mg M/R,0206020C0AAAAAA,4,0.6468000000000023
72,A88015,Pyridox HCl_Tab 50mg,0906024N0AAAIAI,1,2.8728000000000007
73,A88015,Tetrabenazine_Tab 25mg,0409030C0AAAAAA,7,3.4985999999999953
74,A88015,Topiramate_Tab 200mg,040801050AAACAC,1,2.489999999999999
75,A88016,Aspirin Disper_Tab 75mg,0209000A0AAABAB,188,0.5327999999999968
76,A88016,Clonazepam_Tab 500mcg,0408010F0AAABAB,16,4.429599999999992
77,A88016,Diltiazem HCl_Tab 60mg M/R,0206020C0AAAAAA,5,0.7392000000000025
78,A88022,Amiodarone HCl_Tab 200mg,0203020D0AAABAB,7,1.388800000000001
79,A88022,Aspirin Disper_Tab 75mg,0209000A0AAABAB,218,0.6247999999999961
80,A88022,Clonazepam_Tab 500mcg,0408010F0AAABAB,12,3.3673999999999933
81,A88022,Diltiazem HCl_Tab 60mg M/R,0206020C0AAAAAA,3,0.880000000000003
82,A88023,Amiodarone HCl_Tab 200mg,0203020D0AAABAB,1,0.7000000000000006
83,A88023,Aspirin Disper_Tab 75mg,0209000A0AAABAB,266,0.7447999999999955
84,A88023,Clonazepam_Tab 500mcg,0408010F0AAABAB,13,3.3773999999999917
85,A88023,Diltiazem HCl_Tab 60mg M/R,0206020C0AAAAAA,4,0.36960000000000126
86,A88025,Amiodarone HCl_Tab 200mg,0203020D0AAABAB,3,1.4000000000000012
87,A88025,Aspirin Disper_Tab 75mg,0209000A0AAABAB,4,0.011999999999999927
88,A88025,Clonazepam_Tab 500mcg,0408010F0AAABAB,16,6.802599999999986
89,A88025,Diltiazem HCl_Tab 60mg M/R,0206020C0AAAAAA,8,2.592800000000008
90,A88025,Topiramate_Tab 200mg,040801050AAACAC,2,4.979999999999998
91,A88601,Amiodarone HCl_Tab 200mg,0203020D0AAABAB,1,0.7000000000000006
92,A88601,Aspirin Disper_Tab 75mg,0209000A0AAABAB,64,0.17919999999999892
93,A88601,Clonazepam_Tab 500mcg,0408010F0AAABAB,2,0.2372999999999995
94,A88601,Diltiazem HCl_Tab 60mg M/R,0206020C0AAAAAA,4,0.13720000000000043
95,A88603,Amiodarone HCl_Tab 200mg,0203020D0AAABAB,1,0.3500000000000003
96,A88603,Aspirin Disper_Tab 75mg,0209000A0AAABAB,148,0.4479999999999973
97,A88603,Clonazepam_Tab 500mcg,0408010F0AAABAB,1,0.15819999999999967
98,A88603,Tetrabenazine_Tab 25mg,0409030C0AAAAAA,1,0.9995999999999987
99,A88608,Amiodarone HCl_Tab 200mg,0203020D0AAABAB,3,1.050000000000001
100,A88608,Aspirin Disper_Tab 75mg,0209000A0AAABAB,80,0.22519999999999865
101,A88608,Clonazepam_Tab 500mcg,0408010F0AAABAB,1,0.31639999999999935
102,A88608,Diltiazem HCl_Tab 60mg M/R,0206020C0AAAAAA,5,2.1522000000000037
103,A88608,Pyridox HCl_Tab 50mg,0906024N0AAAIAI,1,0.4788000000000001
104,A88608,Topiramate_Tab 200mg,040801050AAACAC,2,4.979999999999998
105,A88613,Amiodarone HCl_Tab 200mg,0203020D0AAABAB,3,1.050000000000001
106,A88613,Aspirin Disper_Tab 75mg,0209000A0AAABAB,12,0.0335999999999998
107,A88613,Clonazepam_Tab 500mcg,0408010F0AAABAB,2,0.949199999999998
108,A88613,Diltiazem HCl_Tab 60mg M/R,0206020C0AAAAAA,12,2.2428000000000052
