,practice_code,bnf_description,bnf_code,items,excess_cost
0,H81005,Amiodarone HCl_Tab 200mg,0203020D0AAABAB,1,0.3500000000000003
1,H81005,Amlodipine_Tab 5mg,0206020A0AAAAAA,4,-0.008399999999999852
2,H81005,Clonazepam_Tab 500mcg,0408010F0AAABAB,4,1.7853999999999963
3,H81005,Gabapentin_Tab 600mg,0408010G0AAAJAJ,2,-0.00840000000000024
4,H81005,Mesalazine_Tab E/C 400mg,0105010B0AAAAAA,1,11.978399999999999
5,H81023,Amlodipine_Tab 5mg,0206020A0AAAAAA,2,-0.0010999999999999344
6,H81023,Clonazepam_Tab 500mcg,0408010F0AAABAB,3,3.344799999999993
7,H81023,Gabapentin_Tab 600mg,0408010G0AAAJAJ,1,-0.00560000000000016
8,H81023,Mesalazine_Tab E/C 400mg,0105010B0AAAAAA,1,64.16999999999999
9,H81030,Amiodarone HCl_Tab 200mg,0203020D0AAABAB,12,3.6582000000000026
10,H81030,Amlodipine_Tab 5mg,0206020A0AAAAAA,123,-0.12739999999999502
11,H81030,Clonazepam_Tab 500mcg,0408010F0AAABAB,9,8.587999999999983
12,H81037,Amiodarone HCl_Tab 200mg,0203020D0AAABAB,4,2.100000000000002
13,H81037,Amlodipine_Tab 5mg,0206020A0AAAAAA,17,-0.008499999999999272
14,H81037,Clonazepam_Tab 500mcg,0408010F0AAABAB,21,7.683999999999983
15,H81037,Gabapentin_Tab 600mg,0408010G0AAAJAJ,1,-0.00280000000000008
16,H81045,Amiodarone HCl_Tab 200mg,0203020D0AAABAB,6,1.388800000000001
17,H81045,Amlodipine_Tab 5mg,0206020A0AAAAAA,58,-0.08329999999999772
18,H81045,Clonazepam_Tab 500mcg,0408010F0AAABAB,7,3.830699999999992
19,H81045,Gabapentin_Tab 600mg,0408010G0AAAJAJ,1,-0.00280000000000008
20,H81046,Amlodipine_Tab 5mg,0206020A0AAAAAA,4,-0.008399999999999852
21,H81046,Clonazepam_Tab 500mcg,0408010F0AAABAB,8,2.2147999999999954
22,H81046,Phenobarb_Tab 15mg,0408010N0AAAIAI,4,-4.110400000000001
23,H81048,Amiodarone HCl_Tab 200mg,0203020D0AAABAB,5,2.8000000000000025
24,H81048,Amlodipine_Tab 5mg,0206020A0AAAAAA,108,71.15360000000003
25,H81048,Clonazepam_Tab 500mcg,0408010F0AAABAB,19,15.763499999999969
26,H81048,Gabapentin_Tab 600mg,0408010G0AAAJAJ,1,64.29599999999999
27,H81055,Amiodarone HCl_Tab 200mg,0203020D0AAABAB,2,1.050000000000001
28,H81055,Amlodipine_Tab 5mg,0206020A0AAAAAA,88,-0.14339999999999678
29,H81055,Clonazepam_Tab 500mcg,0408010F0AAABAB,15,8.642199999999983
30,H81056,Amiodarone HCl_Tab 200mg,0203020D0AAABAB,3,2.100000000000002
31,H81056,Amlodipine_Tab 5mg,0206020A0AAAAAA,5,0.028000000000000316
32,H81056,Clonazepam_Tab 500mcg,0408010F0AAABAB,13,8.67839999999998
33,H81056,Mesalazine_Tab E/C 800mg,0105010B0AAASAS,2,105.77999999999997
34,H81058,Amiodarone HCl_Tab 200mg,0203020D0AAABAB,3,2.100000000000002
35,H81058,Clonazepam_Tab 500mcg,0408010F0AAABAB,13,10.197599999999978
36,H81058,Gabapentin_Tab 600mg,0408010G0AAAJAJ,1,-0.00560000000000016
37,H81058,Risperidone_Tab 6mg,040201030AAAFAF,2,29.2096
38,H81060,Amiodarone HCl_Tab 200mg,0203020D0AAABAB,5,1.7500000000000016
39,H81060,Amlodipine_Tab 5mg,0206020A0AAAAAA,4,0.006200000000000407
40,H81060,Clonazepam_Tab 500mcg,0408010F0AAABAB,26,19.51509999999996
41,H81060,Gabapentin_Tab 600mg,0408010G0AAAJAJ,4,-0.01120000000000032
42,H81060,Mesalazine_Tab E/C 800mg,0105010B0AAASAS,2,-18.432
43,H81060,Ropinirole HCl_Tab 5mg,0409010H0AAADAD,2,15.48960000000001
44,H81083,Amiodarone HCl_Tab 200mg,0203020D0AAABAB,9,1.3776000000000006
45,H81083,Amlodipine_Tab 5mg,0206020A0AAAAAA,43,-0.05139999999999789
46,H81083,Chlorpromazine HCl_Tab 50mg,0402010D0AAAJAJ,1,88.12439999999998
47,H81083,Clonazepam_Tab 500mcg,0408010F0AAABAB,25,9.039999999999981
48,H81089,Amiodarone HCl_Tab 200mg,0203020D0AAABAB,2,1.4000000000000012
49,H81089,Amlodipine_Tab 5mg,0206020A0AAAAAA,116,-0.23709999999999573
50,H81089,Clonazepam_Tab 500mcg,0408010F0AAABAB,27,17.379399999999965
51,H81089,Ropinirole HCl_Tab 5mg,0409010H0AAADAD,1,15.48960000000001
52,H81101,Amiodarone HCl_Tab 200mg,0203020D0AAABAB,1,0.3500000000000003
53,H81101,Clonazepam_Tab 500mcg,0408010F0AAABAB,5,2.847599999999994
54,H81116,Amiodarone HCl_Tab 200mg,0203020D0AAABAB,2,1.050000000000001
55,H81116,Amlodipine_Tab 5mg,0206020A0AAAAAA,4,0.022400000000000253
56,H81116,Clonazepam_Tab 500mcg,0408010F0AAABAB,2,3.796799999999992
57,H81119,Amiodarone HCl_Tab 200mg,0203020D0AAABAB,3,1.4000000000000012
58,H81119,Amlodipine_Tab 5mg,0206020A0AAAAAA,7,-0.014699999999999741
59,H81119,Clonazepam_Tab 500mcg,0408010F0AAABAB,14,7.503199999999985
60,H81119,Gabapentin_Tab 600mg,0408010G0AAAJAJ,1,-0.00560000000000016
61,H81119,Mesalazine_Tab E/C 400mg,0105010B0AAAAAA,1,-17.112
62,H81119,Mesalazine_Tab E/C 800mg,0105010B0AAASAS,1,68.87999999999998
63,H81638,Amlodipine_Tab 5mg,0206020A0AAAAAA,21,-0.04409999999999922
64,H81638,Clonazepam_Tab 500mcg,0408010F0AAABAB,6,2.267999999999995
65,H81638,Mesalazine_Tab E/C 400mg,0105010B0AAAAAA,1,-17.112
66,Y02194,Clonazepam_Tab 500mcg,0408010F0AAABAB,1,0.22199999999999998
67,Y02194,Phenobarb_Tab 15mg,0408010N0AAAIAI,1,82.404
