,practice_code,bnf_description,bnf_code,items,excess_cost
0,M91003,Amiodarone HCl_Tab 200mg,0203020D0AAABAB,6,4.900000000000004
1,M91003,Clonazepam_Tab 500mcg,0408010F0AAABAB,1,1.898399999999996
2,M91003,Omeprazole_Cap E/C 20mg,0103050P0AAAAAA,5,0.002499999999999898
3,M91003,Topiramate_Tab 200mg,040801050AAACAC,1,4.647999999999998
4,M91004,Amiodarone HCl_Tab 200mg,0203020D0AAABAB,9,3.850000000000003
5,M91004,Clonazepam_Tab 500mcg,0408010F0AAABAB,6,3.480399999999993
6,M91004,Mesalazine_Tab E/C 400mg,0105010B0AAAAAA,8,10.278400000000016
7,M91004,Omeprazole_Cap E/C 20mg,0103050P0AAAAAA,8,0.01949999999999954
8,M91004,Pyridox HCl_Tab 50mg,0906024N0AAAIAI,2,2.8728000000000007
9,M91004,Topiramate_Tab 200mg,040801050AAACAC,1,4.647999999999998
10,M91006,Amiodarone HCl_Tab 200mg,0203020D0AAABAB,5,1.4847000000000012
11,M91006,Omeprazole_Cap E/C 20mg,0103050P0AAAAAA,4,0.01959999999999998
12,M91006,Pyridox HCl_Tab 50mg,0906024N0AAAIAI,1,0.4788000000000001
13,M91007,Amiodarone HCl_Tab 200mg,0203020D0AAABAB,18,7.021400000000006
14,M91007,Clonazepam_Tab 500mcg,0408010F0AAABAB,3,1.898399999999996
15,M91007,Omeprazole_Cap E/C 20mg,0103050P0AAAAAA,20,0.0775999999999996
16,M91007,Pyridox HCl_Tab 50mg,0906024N0AAAIAI,4,0.4788000000000001
17,M91008,Amiodarone HCl_Tab 200mg,0203020D0AAABAB,11,2.788800000000002
18,M91008,Buprenorphine_Tab Subling 400mcg S/F,0410030A0AAACAC,1,1.5232
19,M91008,Clonazepam_Tab 500mcg,0408010F0AAABAB,5,2.2599999999999953
20,M91008,Omeprazole_Cap E/C 20mg,0103050P0AAAAAA,25,0.12249999999999966
21,M91009,Amiodarone HCl_Tab 200mg,0203020D0AAABAB,6,3.1500000000000026
22,M91009,Clonazepam_Tab 500mcg,0408010F0AAABAB,2,1.7627999999999964
23,M91009,Gemfibrozil_Tab 600mg,0212000Q0AAABAB,1,15.142399999999999
24,M91009,Mesalazine_Tab E/C 400mg,0105010B0AAAAAA,1,23.956799999999998
25,M91009,Omeprazole_Cap E/C 20mg,0103050P0AAAAAA,36,0.1763999999999998
26,M91009,Pyridox HCl_Tab 50mg,0906024N0AAAIAI,3,7.660800000000002
27,M91010,Amiodarone HCl_Tab 200mg,0203020D0AAABAB,8,3.500000000000003
28,M91010,Clonazepam_Tab 500mcg,0408010F0AAABAB,10,5.748399999999988
29,M91010,Omeprazole_Cap E/C 20mg,0103050P0AAAAAA,134,36.40619999999998
30,M91010,Ropinirole HCl_Tab 5mg,0409010H0AAADAD,1,30.97920000000002
31,M91010,Topiramate_Tab 200mg,040801050AAACAC,2,4.979999999999998
32,M91011,Amiodarone HCl_Tab 200mg,0203020D0AAABAB,14,5.600000000000005
33,M91011,Clonazepam_Tab 500mcg,0408010F0AAABAB,1,0.3389999999999993
34,M91011,Mesalazine_Tab E/C 400mg,0105010B0AAAAAA,1,-15.971199999999998
35,M91011,Omeprazole_Cap E/C 20mg,0103050P0AAAAAA,41,0.20089999999999977
36,M91011,Pyridox HCl_Tab 50mg,0906024N0AAAIAI,5,2.3940000000000006
37,M91013,Amiodarone HCl_Tab 200mg,0203020D0AAABAB,4,1.4000000000000012
38,M91013,Buprenorphine_Tab Subling 400mcg S/F,0410030A0AAACAC,5,3.7186000000000012
39,M91013,Clonazepam_Tab 500mcg,0408010F0AAABAB,5,2.847599999999994
40,M91013,Mesalazine_Tab E/C 400mg,0105010B0AAAAAA,1,47.913599999999995
41,M91013,Pyridox HCl_Tab 50mg,0906024N0AAAIAI,3,4.788000000000001
42,M91014,Amiodarone HCl_Tab 200mg,0203020D0AAABAB,5,2.8000000000000025
43,M91014,Omeprazole_Cap E/C 20mg,0103050P0AAAAAA,16,0.07839999999999991
44,M91015,Amiodarone HCl_Tab 200mg,0203020D0AAABAB,9,5.600000000000005
45,M91015,Clonazepam_Tab 500mcg,0408010F0AAABAB,6,4.474799999999991
46,M91015,Mesalazine_Tab E/C 400mg,0105010B0AAAAAA,1,47.913599999999995
47,M91015,Omeprazole_Cap E/C 20mg,0103050P0AAAAAA,6,0.007599999999999635
48,M91015,Pyridox HCl_Tab 50mg,0906024N0AAAIAI,1,0.4788000000000001
49,M91015,Topiramate_Tab 200mg,040801050AAACAC,1,2.3183999999999996
50,M91016,Amiodarone HCl_Tab 200mg,0203020D0AAABAB,1,0.7000000000000006
51,M91016,Clonazepam_Tab 500mcg,0408010F0AAABAB,4,2.7119999999999944
52,M91017,Amiodarone HCl_Tab 200mg,0203020D0AAABAB,8,3.5000000000000027
53,M91017,Clonazepam_Tab 500mcg,0408010F0AAABAB,6,4.926799999999989
54,M91017,Mesalazine_Tab E/C 400mg,0105010B0AAAAAA,3,65.0016
55,M91017,Pyridox HCl_Tab 50mg,0906024N0AAAIAI,2,2.3940000000000006
56,M91018,Amiodarone HCl_Tab 200mg,0203020D0AAABAB,2,0.7000000000000006
57,M91018,Omeprazole_Cap E/C 20mg,0103050P0AAAAAA,15,0.07349999999999993
58,M91018,Risperidone_Tab 6mg,040201030AAAFAF,1,29.2096
59,M91018,Topiramate_Tab 200mg,040801050AAACAC,1,4.647999999999998
60,M91019,Amiodarone HCl_Tab 200mg,0203020D0AAABAB,8,2.8000000000000025
61,M91019,Buprenorphine_Tab Subling 400mcg S/F,0410030A0AAACAC,2,1.7136
62,M91019,Clonazepam_Tab 500mcg,0408010F0AAABAB,3,2.0791999999999957
63,M91019,Gemfibrozil_Tab 600mg,0212000Q0AAABAB,1,7.571199999999999
64,M91019,Mesalazine_Tab E/C 400mg,0105010B0AAAAAA,3,29.660799999999995
65,M91019,Omeprazole_Cap E/C 20mg,0103050P0AAAAAA,18,0.0881999999999999
66,M91019,Pyridox HCl_Tab 50mg,0906024N0AAAIAI,3,3.830400000000001
67,M91020,Amiodarone HCl_Tab 200mg,0203020D0AAABAB,2,0.7000000000000006
68,M91020,Clonazepam_Tab 500mcg,0408010F0AAABAB,1,0.6327999999999987
69,M91020,Mesalazine_Tab E/C 400mg,0105010B0AAAAAA,1,23.956799999999998
70,M91020,Omeprazole_Cap E/C 20mg,0103050P0AAAAAA,8,0.03919999999999996
71,M91020,Topiramate_Tab 200mg,040801050AAACAC,2,4.636799999999999
72,M91021,Amiodarone HCl_Tab 200mg,0203020D0AAABAB,8,2.8000000000000025
73,M91021,Buprenorphine_Tab Subling 400mcg S/F,0410030A0AAACAC,4,3.0464
74,M91021,Clonazepam_Tab 500mcg,0408010F0AAABAB,11,5.853399999999987
75,M91021,Mesalazine_Tab E/C 400mg,0105010B0AAAAAA,1,-25.667999999999996
76,M91021,Omeprazole_Cap E/C 20mg,0103050P0AAAAAA,5,0.011499999999999976
77,M91021,Pyridox HCl_Tab 50mg,0906024N0AAAIAI,3,5.266800000000001
78,M91021,Topiramate_Tab 200mg,040801050AAACAC,2,4.808399999999999
79,M91024,Amiodarone HCl_Tab 200mg,0203020D0AAABAB,6,1.0388000000000006
80,M91024,Clonazepam_Tab 500mcg,0408010F0AAABAB,1,1.2655999999999974
81,M91024,Omeprazole_Cap E/C 20mg,0103050P0AAAAAA,9,0.04409999999999995
82,M91026,Omeprazole_Cap E/C 20mg,0103050P0AAAAAA,4,0.01959999999999998
83,M91028,Amiodarone HCl_Tab 200mg,0203020D0AAABAB,5,1.7500000000000016
84,M91028,Clonazepam_Tab 500mcg,0408010F0AAABAB,3,0.8700999999999982
85,M91028,Omeprazole_Cap E/C 20mg,0103050P0AAAAAA,8,0.03409999999999992
86,M91028,Pyridox HCl_Tab 50mg,0906024N0AAAIAI,1,0.4788000000000001
87,M91029,Amiodarone HCl_Tab 200mg,0203020D0AAABAB,3,1.050000000000001
88,M91029,Clonazepam_Tab 500mcg,0408010F0AAABAB,5,0.6327999999999987
89,M91029,Mesalazine_Tab E/C 400mg,0105010B0AAAAAA,1,-71.87039999999999
90,M91029,Omeprazole_Cap E/C 20mg,0103050P0AAAAAA,11,0.05139999999999993
91,M91032,Amiodarone HCl_Tab 200mg,0203020D0AAABAB,8,1.558200000000001
92,M91032,Mesalazine_Tab E/C 400mg,0105010B0AAAAAA,1,-25.667999999999996
93,M91032,Omeprazole_Cap E/C 20mg,0103050P0AAAAAA,5,0.024499999999999973
94,M91033,Amiodarone HCl_Tab 200mg,0203020D0AAABAB,2,1.050000000000001
95,M91033,Buprenorphine_Tab Subling 400mcg S/F,0410030A0AAACAC,10,7.274000000000003
96,M91033,Clonazepam_Tab 500mcg,0408010F0AAABAB,1,1.016999999999998
97,M91033,Topiramate_Tab 200mg,040801050AAACAC,1,2.3183999999999996
98,M91034,Amiodarone HCl_Tab 200mg,0203020D0AAABAB,5,2.8000000000000025
99,M91034,Buprenorphine_Tab Subling 400mcg S/F,0410030A0AAACAC,1,2.72
100,M91034,Clonazepam_Tab 500mcg,0408010F0AAABAB,1,0.6327999999999987
101,M91036,Amiodarone HCl_Tab 200mg,0203020D0AAABAB,2,0.7000000000000006
102,M91036,Mesalazine_Tab E/C 400mg,0105010B0AAAAAA,1,11.978399999999999
103,M91036,Omeprazole_Cap E/C 20mg,0103050P0AAAAAA,111,0.5438999999999994
104,M91602,Buprenorphine_Tab Subling 400mcg S/F,0410030A0AAACAC,10,7.494800000000001
105,M91602,Clonazepam_Tab 500mcg,0408010F0AAABAB,6,0.7909999999999984
106,M91602,Gemfibrozil_Tab 600mg,0212000Q0AAABAB,1,7.571199999999999
107,M91602,Omeprazole_Cap E/C 20mg,0103050P0AAAAAA,8,0.03919999999999996
108,M91609,Clonazepam_Tab 500mcg,0408010F0AAABAB,1,0.31639999999999935
109,M91611,Amiodarone HCl_Tab 200mg,0203020D0AAABAB,9,2.0888000000000018
110,M91611,Clonazepam_Tab 500mcg,0408010F0AAABAB,1,0.6327999999999987
111,M91611,Mesalazine_Tab E/C 400mg,0105010B0AAAAAA,1,-17.112
112,M91611,Omeprazole_Cap E/C 20mg,0103050P0AAAAAA,24,0.11759999999999987
113,M91612,Amiodarone HCl_Tab 200mg,0203020D0AAABAB,2,0.7000000000000006
114,M91612,Clonazepam_Tab 500mcg,0408010F0AAABAB,1,0.252999999999999
115,M91612,Mesalazine_Tab E/C 400mg,0105010B0AAAAAA,1,-23.956799999999998
116,M91612,Pyridox HCl_Tab 50mg,0906024N0AAAIAI,1,0.9576000000000002
117,M91613,Omeprazole_Cap E/C 20mg,0103050P0AAAAAA,13,0.04679999999999959
118,M91614,Amiodarone HCl_Tab 200mg,0203020D0AAABAB,5,2.8000000000000025
119,M91614,Clonazepam_Tab 500mcg,0408010F0AAABAB,2,0.6327999999999987
120,M91616,Amiodarone HCl_Tab 200mg,0203020D0AAABAB,2,1.050000000000001
121,M91616,Buprenorphine_Tab Subling 400mcg S/F,0410030A0AAACAC,2,3.0464
122,M91616,Clonazepam_Tab 500mcg,0408010F0AAABAB,4,6.327999999999986
123,M91616,Mesalazine_Tab E/C 400mg,0105010B0AAAAAA,3,11.978399999999997
124,M91616,Omeprazole_Cap E/C 20mg,0103050P0AAAAAA,3,-0.009000000000000466
125,M91616,Pyridox HCl_Tab 50mg,0906024N0AAAIAI,1,1.9152000000000005
126,M91619,Buprenorphine_Tab Subling 400mcg S/F,0410030A0AAACAC,2,0.31920000000000015
127,M91619,Omeprazole_Cap E/C 20mg,0103050P0AAAAAA,4,0.01959999999999998
128,M91621,Amiodarone HCl_Tab 200mg,0203020D0AAABAB,7,0.5929
129,M91621,Clonazepam_Tab 500mcg,0408010F0AAABAB,7,0.8700999999999982
130,M91621,Omeprazole_Cap E/C 20mg,0103050P0AAAAAA,47,0.23029999999999975
131,M91623,Amiodarone HCl_Tab 200mg,0203020D0AAABAB,3,1.4000000000000012
132,M91623,Buprenorphine_Tab Subling 400mcg S/F,0410030A0AAACAC,4,6.0928
133,M91623,Clonazepam_Tab 500mcg,0408010F0AAABAB,2,2.531199999999995
134,M91624,Amiodarone HCl_Tab 200mg,0203020D0AAABAB,4,1.4000000000000012
135,M91624,Clonazepam_Tab 500mcg,0408010F0AAABAB,4,0.31639999999999935
136,M91624,Omeprazole_Cap E/C 20mg,0103050P0AAAAAA,16,0.07839999999999991
137,M91625,Amiodarone HCl_Tab 200mg,0203020D0AAABAB,6,0.5082
138,M91625,Buprenorphine_Tab Subling 400mcg S/F,0410030A0AAACAC,1,1.5232
139,M91625,Omeprazole_Cap E/C 20mg,0103050P0AAAAAA,6,0.029399999999999968
140,M91626,Amiodarone HCl_Tab 200mg,0203020D0AAABAB,1,0.7000000000000006
141,M91626,Clonazepam_Tab 500mcg,0408010F0AAABAB,3,1.898399999999996
142,M91626,Omeprazole_Cap E/C 20mg,0103050P0AAAAAA,8,0.03919999999999996
143,M91626,Pyridox HCl_Tab 50mg,0906024N0AAAIAI,1,0.9576000000000002
144,M91628,Amiodarone HCl_Tab 200mg,0203020D0AAABAB,1,0.7000000000000006
145,M91628,Omeprazole_Cap E/C 20mg,0103050P0AAAAAA,1,0.004899999999999995
146,M91629,Clonazepam_Tab 500mcg,0408010F0AAABAB,4,1.2655999999999974
147,M91629,Omeprazole_Cap E/C 20mg,0103050P0AAAAAA,2,0.0029999999999998778
148,M91637,Amiodarone HCl_Tab 200mg,0203020D0AAABAB,5,2.450000000000002
149,M91637,Clonazepam_Tab 500mcg,0408010F0AAABAB,2,0.949199999999998
150,M91639,Amiodarone HCl_Tab 200mg,0203020D0AAABAB,2,1.050000000000001
151,M91639,Omeprazole_Cap E/C 20mg,0103050P0AAAAAA,11,0.05389999999999994
152,M91639,Pyridox HCl_Tab 50mg,0906024N0AAAIAI,2,4.309200000000001
153,M91640,Amiodarone HCl_Tab 200mg,0203020D0AAABAB,2,0.7000000000000006
154,M91640,Clonazepam_Tab 500mcg,0408010F0AAABAB,4,0.6327999999999987
155,M91640,Topiramate_Tab 200mg,040801050AAACAC,1,2.489999999999999
156,M91641,Amiodarone HCl_Tab 200mg,0203020D0AAABAB,3,1.7500000000000016
157,M91641,Omeprazole_Cap E/C 20mg,0103050P0AAAAAA,8,0.03919999999999996
158,M91643,Buprenorphine_Tab Subling 400mcg S/F,0410030A0AAACAC,3,0.9520000000000001
159,M91647,Amiodarone HCl_Tab 200mg,0203020D0AAABAB,5,2.450000000000002
160,M91647,Clonazepam_Tab 500mcg,0408010F0AAABAB,2,2.892799999999994
161,M91647,Omeprazole_Cap E/C 20mg,0103050P0AAAAAA,7,0.02849999999999981
162,M91650,Amiodarone HCl_Tab 200mg,0203020D0AAABAB,9,4.550000000000004
163,M91650,Clonazepam_Tab 500mcg,0408010F0AAABAB,6,1.2655999999999974
164,M91650,Mesalazine_Tab E/C 400mg,0105010B0AAAAAA,1,47.913599999999995
165,M91650,Omeprazole_Cap E/C 20mg,0103050P0AAAAAA,13,0.06369999999999992
166,M91650,Pyridox HCl_Tab 50mg,0906024N0AAAIAI,2,1.9494000000000005
167,M91654,Amiodarone HCl_Tab 200mg,0203020D0AAABAB,8,2.619400000000002
168,M91654,Clonazepam_Tab 500mcg,0408010F0AAABAB,2,0.6327999999999987
169,M91655,Amiodarone HCl_Tab 200mg,0203020D0AAABAB,2,0.7000000000000006
170,M91655,Omeprazole_Cap E/C 20mg,0103050P0AAAAAA,1,0.004899999999999995
171,M91660,Amiodarone HCl_Tab 200mg,0203020D0AAABAB,5,2.100000000000002
172,M91660,Buprenorphine_Tab Subling 400mcg S/F,0410030A0AAACAC,3,4.1888000000000005
173,M91660,Clonazepam_Tab 500mcg,0408010F0AAABAB,1,0.15819999999999967
174,M91660,Omeprazole_Cap E/C 20mg,0103050P0AAAAAA,1,0.0029999999999998778
175,Y00278,Amiodarone HCl_Tab 200mg,0203020D0AAABAB,2,1.050000000000001
176,Y00278,Pyridox HCl_Tab 50mg,0906024N0AAAIAI,1,2.8728000000000007
177,Y02626,Amiodarone HCl_Tab 200mg,0203020D0AAABAB,4,1.4000000000000012
178,Y02626,Buprenorphine_Tab Subling 400mcg S/F,0410030A0AAACAC,2,3.8080000000000003
179,Y02626,Clonazepam_Tab 500mcg,0408010F0AAABAB,2,0.6327999999999987
180,Y02626,Omeprazole_Cap E/C 20mg,0103050P0AAAAAA,1,0.0023999999999999855
181,Y02626,Pyridox HCl_Tab 50mg,0906024N0AAAIAI,2,0.9576000000000002
182,Y02627,Amiodarone HCl_Tab 200mg,0203020D0AAABAB,6,2.8000000000000025
183,Y02627,Buprenorphine_Tab Subling 400mcg S/F,0410030A0AAACAC,2,2.6656000000000004
184,Y02627,Clonazepam_Tab 500mcg,0408010F0AAABAB,4,1.7401999999999964
185,Y02627,Omeprazole_Cap E/C 20mg,0103050P0AAAAAA,23,0.10929999999999981
186,Y02627,Risperidone_Tab 6mg,040201030AAAFAF,1,29.2096
187,Y02627,Topiramate_Tab 200mg,040801050AAACAC,1,6.971999999999997
188,Y02901,Buprenorphine_Tab Subling 400mcg S/F,0410030A0AAACAC,33,34.9758
189,Y03432,Omeprazole_Cap E/C 20mg,0103050P0AAAAAA,8,0.03919999999999996
