,practice_code,bnf_description,bnf_code,items,excess_cost
0,G84001,Amiodarone HCl_Tab 200mg,0203020D0AAABAB,3,1.050000000000001
1,G84001,Clonazepam_Tab 500mcg,0408010F0AAABAB,11,6.655699999999987
2,G84001,Diltiazem HCl_Tab 60mg M/R,0206020C0AAAAAA,1,0.24640000000000084
3,G84001,Mesalazine_Tab E/C 800mg,0105010B0AAASAS,2,-71.33999999999997
4,G84001,Pyridox HCl_Tab 50mg,0906024N0AAAIAI,3,3.830400000000001
5,G84002,Amiodarone HCl_Tab 200mg,0203020D0AAABAB,1,0.3500000000000003
6,G84002,Clonazepam_Tab 500mcg,0408010F0AAABAB,6,2.932399999999994
7,G84002,Diltiazem HCl_Tab 60mg M/R,0206020C0AAAAAA,2,0.7392000000000025
8,G84002,Mesalazine_Tab E/C 400mg,0105010B0AAAAAA,1,-38.501999999999995
9,G84002,Mesalazine_Tab E/C 800mg,0105010B0AAASAS,1,-22.959999999999994
10,G84002,Pyridox HCl_Tab 50mg,0906024N0AAAIAI,4,5.266800000000001
11,G84002,Sod Bicarb_Cap 500mg,0902013S0AAACAC,3,13.456800000000001
12,G84002,Valsartan_Tab 40mg,0205052V0AAADAD,1,3.8360000000000003
13,G84003,Amiodarone HCl_Tab 200mg,0203020D0AAABAB,3,1.7500000000000016
14,G84003,Clonazepam_Tab 500mcg,0408010F0AAABAB,3,0.949199999999998
15,G84003,Diltiazem HCl_Tab 60mg M/R,0206020C0AAAAAA,5,2.198400000000004
16,G84003,Mesalazine_Tab E/C 800mg,0105010B0AAASAS,2,34.43999999999999
17,G84003,Paracet_Tab Solb 500mg,0407010H0AAAQAQ,4,-0.0035999999999984378
18,G84003,Sod Bicarb_Cap 500mg,0902013S0AAACAC,8,-0.01680000000000048
19,G84004,Amiodarone HCl_Tab 200mg,0203020D0AAABAB,4,0.3388
20,G84004,Clonazepam_Tab 500mcg,0408010F0AAABAB,6,2.2599999999999953
21,G84004,Diltiazem HCl_Tab 60mg M/R,0206020C0AAAAAA,1,0.24640000000000084
22,G84004,Letrozole_Tab 2.5mg,0803041L0AAAAAA,12,0.05880000000000052
23,G84004,Mesalazine_Tab E/C 800mg,0105010B0AAASAS,1,36.89999999999999
24,G84004,Sod Bicarb_Cap 500mg,0902013S0AAACAC,4,0.005599999999999772
25,G84005,Clonazepam_Tab 500mcg,0408010F0AAABAB,4,1.943599999999996
26,G84005,Diltiazem HCl_Tab 60mg M/R,0206020C0AAAAAA,3,0.9968000000000021
27,G84005,Mesalazine_Tab E/C 800mg,0105010B0AAASAS,2,-19.679999999999996
28,G84005,Paracet_Tab Solb 500mg,0407010H0AAAQAQ,2,-0.011999999999998678
29,G84006,Amiodarone HCl_Tab 200mg,0203020D0AAABAB,3,2.100000000000002
30,G84006,Clonazepam_Tab 500mcg,0408010F0AAABAB,7,8.497599999999983
31,G84007,Amiodarone HCl_Tab 200mg,0203020D0AAABAB,2,0.7000000000000006
32,G84007,Clonazepam_Tab 500mcg,0408010F0AAABAB,11,5.446599999999989
33,G84008,Amiodarone HCl_Tab 200mg,0203020D0AAABAB,1,0.3500000000000003
34,G84008,Clonazepam_Tab 500mcg,0408010F0AAABAB,4,1.2655999999999974
35,G84008,Diltiazem HCl_Tab 60mg M/R,0206020C0AAAAAA,1,0.24640000000000084
36,G84009,Amiodarone HCl_Tab 200mg,0203020D0AAABAB,2,0.7000000000000006
37,G84009,Clonazepam_Tab 500mcg,0408010F0AAABAB,2,1.2655999999999974
38,G84009,Mesalazine_Tab E/C 400mg,0105010B0AAAAAA,1,-11.978399999999999
39,G84009,Mesalazine_Tab E/C 800mg,0105010B0AAASAS,2,-12.299999999999997
40,G84009,Pyridox HCl_Tab 50mg,0906024N0AAAIAI,1,1.4364000000000003
41,G84010,Amiodarone HCl_Tab 200mg,0203020D0AAABAB,4,1.229200000000001
42,G84010,Clonazepam_Tab 500mcg,0408010F0AAABAB,11,6.331999999999988
43,G84010,Diltiazem HCl_Tab 60mg M/R,0206020C0AAAAAA,1,0.24640000000000084
44,G84010,Mesalazine_Tab E/C 400mg,0105010B0AAAAAA,5,116.90799999999999
45,G84010,Mesalazine_Tab E/C 800mg,0105010B0AAASAS,4,126.27999999999997
46,G84010,Paracet_Tab Solb 500mg,0407010H0AAAQAQ,4,146.96000000000004
47,G84010,Pyridox HCl_Tab 50mg,0906024N0AAAIAI,3,3.351600000000001
48,G84010,Sod Bicarb_Cap 500mg,0902013S0AAACAC,1,-0.0033999999999999794
49,G84011,Amiodarone HCl_Tab 200mg,0203020D0AAABAB,1,0.7000000000000006
50,G84011,Clonazepam_Tab 500mcg,0408010F0AAABAB,4,3.7515999999999923
51,G84011,Diltiazem HCl_Tab 60mg M/R,0206020C0AAAAAA,1,0.1260000000000001
52,G84011,Mesalazine_Tab E/C 400mg,0105010B0AAAAAA,3,95.82719999999999
53,G84011,Mesalazine_Tab E/C 800mg,0105010B0AAASAS,1,-73.79999999999998
54,G84013,Clonazepam_Tab 500mcg,0408010F0AAABAB,1,0.6327999999999987
55,G84015,Amiodarone HCl_Tab 200mg,0203020D0AAABAB,2,1.4000000000000012
56,G84015,Clonazepam_Tab 500mcg,0408010F0AAABAB,6,2.7571999999999943
57,G84015,Diltiazem HCl_Tab 60mg M/R,0206020C0AAAAAA,1,0.24640000000000084
58,G84015,Mesalazine_Tab E/C 400mg,0105010B0AAAAAA,5,-7.985599999999998
59,G84016,Amiodarone HCl_Tab 200mg,0203020D0AAABAB,4,1.7500000000000016
60,G84016,Clonazepam_Tab 500mcg,0408010F0AAABAB,14,10.524799999999978
61,G84016,Diltiazem HCl_Tab 60mg M/R,0206020C0AAAAAA,1,0.24640000000000084
62,G84016,Mesalazine_Tab E/C 400mg,0105010B0AAAAAA,1,-17.112
63,G84016,Mesalazine_Tab E/C 800mg,0105010B0AAASAS,7,34.04799999999997
64,G84016,Valsartan_Tab 40mg,0205052V0AAADAD,1,15.344000000000001
65,G84017,Amiodarone HCl_Tab 200mg,0203020D0AAABAB,2,0.7000000000000006
66,G84017,Clonazepam_Tab 500mcg,0408010F0AAABAB,8,2.7119999999999944
67,G84017,Diltiazem HCl_Tab 60mg M/R,0206020C0AAAAAA,1,0.24640000000000084
68,G84017,Mesalazine_Tab E/C 800mg,0105010B0AAASAS,1,-68.87999999999998
69,G84017,Sod Bicarb_Cap 500mg,0902013S0AAACAC,1,-0.020000000000000573
70,G84018,Amiodarone HCl_Tab 200mg,0203020D0AAABAB,3,3.150000000000003
71,G84018,Mesalazine_Tab E/C 400mg,0105010B0AAAAAA,1,47.913599999999995
72,G84018,Mesalazine_Tab E/C 800mg,0105010B0AAASAS,1,-34.43999999999999
73,G84019,Amiodarone HCl_Tab 200mg,0203020D0AAABAB,2,0.7000000000000006
74,G84019,Clonazepam_Tab 500mcg,0408010F0AAABAB,8,2.446799999999995
75,G84019,Diltiazem HCl_Tab 60mg M/R,0206020C0AAAAAA,2,0.4928000000000017
76,G84019,Mesalazine_Tab E/C 800mg,0105010B0AAASAS,3,-92.23199999999999
77,G84019,Sod Bicarb_Cap 500mg,0902013S0AAACAC,1,0.002799999999999886
78,G84020,Amiodarone HCl_Tab 200mg,0203020D0AAABAB,1,0.7000000000000006
79,G84020,Clonazepam_Tab 500mcg,0408010F0AAABAB,5,5.06239999999999
80,G84020,Diltiazem HCl_Tab 60mg M/R,0206020C0AAAAAA,1,0.24640000000000084
81,G84020,Mesalazine_Tab E/C 400mg,0105010B0AAAAAA,1,25.667999999999996
82,G84020,Mesalazine_Tab E/C 800mg,0105010B0AAASAS,4,163.17999999999995
83,G84020,Sod Bicarb_Cap 500mg,0902013S0AAACAC,1,-0.020000000000000573
84,G84021,Clonazepam_Tab 500mcg,0408010F0AAABAB,3,0.7497999999999985
85,G84021,Diltiazem HCl_Tab 60mg M/R,0206020C0AAAAAA,2,1.243200000000003
86,G84021,Mesalazine_Tab E/C 800mg,0105010B0AAASAS,2,14.759999999999998
87,G84022,Clonazepam_Tab 500mcg,0408010F0AAABAB,4,1.7559999999999967
88,G84022,Diltiazem HCl_Tab 60mg M/R,0206020C0AAAAAA,1,0.5040000000000004
89,G84022,Mesalazine_Tab E/C 400mg,0105010B0AAAAAA,2,-47.913599999999995
90,G84022,Pyridox HCl_Tab 50mg,0906024N0AAAIAI,1,1.4364000000000003
91,G84023,Amiodarone HCl_Tab 200mg,0203020D0AAABAB,3,2.100000000000002
92,G84023,Clonazepam_Tab 500mcg,0408010F0AAABAB,14,9.220799999999981
93,G84023,Diltiazem HCl_Tab 60mg M/R,0206020C0AAAAAA,3,1.5120000000000013
94,G84023,Mesalazine_Tab E/C 800mg,0105010B0AAASAS,5,73.8
95,G84023,Pyridox HCl_Tab 50mg,0906024N0AAAIAI,6,9.576000000000002
96,G84024,Amiodarone HCl_Tab 200mg,0203020D0AAABAB,2,1.4000000000000012
97,G84024,Clonazepam_Tab 500mcg,0408010F0AAABAB,5,3.977599999999992
98,G84024,Diltiazem HCl_Tab 60mg M/R,0206020C0AAAAAA,1,0.1260000000000001
99,G84025,Clonazepam_Tab 500mcg,0408010F0AAABAB,3,1.6610999999999967
100,G84025,Diltiazem HCl_Tab 60mg M/R,0206020C0AAAAAA,1,0.24640000000000084
101,G84025,Letrozole_Tab 2.5mg,0803041L0AAAAAA,3,131.8968
102,G84027,Clonazepam_Tab 500mcg,0408010F0AAABAB,12,7.842199999999985
103,G84027,Diltiazem HCl_Tab 60mg M/R,0206020C0AAAAAA,2,1.2320000000000042
104,G84027,Letrozole_Tab 2.5mg,0803041L0AAAAAA,4,0.019600000000000173
105,G84027,Mesalazine_Tab E/C 400mg,0105010B0AAAAAA,1,7.985599999999999
106,G84027,Mesalazine_Tab E/C 800mg,0105010B0AAASAS,1,-22.959999999999994
107,G84028,Amiodarone HCl_Tab 200mg,0203020D0AAABAB,4,2.450000000000002
108,G84028,Clonazepam_Tab 500mcg,0408010F0AAABAB,11,5.700199999999988
109,G84028,Diltiazem HCl_Tab 60mg M/R,0206020C0AAAAAA,2,0.7680000000000013
110,G84028,Mesalazine_Tab E/C 400mg,0105010B0AAAAAA,1,-12.833999999999998
111,G84028,Pyridox HCl_Tab 50mg,0906024N0AAAIAI,1,0.9576000000000002
112,G84029,Amiodarone HCl_Tab 200mg,0203020D0AAABAB,2,1.4000000000000012
113,G84029,Clonazepam_Tab 500mcg,0408010F0AAABAB,3,2.531199999999995
114,G84029,Diltiazem HCl_Tab 60mg M/R,0206020C0AAAAAA,1,0.1260000000000001
115,G84029,Mesalazine_Tab E/C 800mg,0105010B0AAASAS,1,17.219999999999995
116,G84030,Amiodarone HCl_Tab 200mg,0203020D0AAABAB,1,0.7000000000000006
117,G84030,Clonazepam_Tab 500mcg,0408010F0AAABAB,5,4.293999999999992
118,G84032,Clonazepam_Tab 500mcg,0408010F0AAABAB,4,2.151999999999995
119,G84032,Diltiazem HCl_Tab 60mg M/R,0206020C0AAAAAA,2,1.008000000000001
120,G84032,Mesalazine_Tab E/C 400mg,0105010B0AAAAAA,1,-25.667999999999996
121,G84032,Mesalazine_Tab E/C 800mg,0105010B0AAASAS,3,-96.75999999999998
122,G84032,Paracet_Tab Solb 500mg,0407010H0AAAQAQ,2,0.004000000000000115
123,G84033,Amiodarone HCl_Tab 200mg,0203020D0AAABAB,3,2.100000000000002
124,G84033,Clonazepam_Tab 500mcg,0408010F0AAABAB,4,3.841999999999992
125,G84033,Diltiazem HCl_Tab 60mg M/R,0206020C0AAAAAA,1,0.36960000000000126
126,G84033,Letrozole_Tab 2.5mg,0803041L0AAAAAA,1,0.00420000000000012
127,G84033,Paracet_Tab Solb 500mg,0407010H0AAAQAQ,2,-0.011999999999998678
128,G84033,Pyridox HCl_Tab 50mg,0906024N0AAAIAI,1,1.4364000000000003
129,G84033,Sod Bicarb_Cap 500mg,0902013S0AAACAC,1,0.002799999999999886
130,G84035,Amiodarone HCl_Tab 200mg,0203020D0AAABAB,2,0.7000000000000006
131,G84035,Clonazepam_Tab 500mcg,0408010F0AAABAB,5,2.6215999999999946
132,G84035,Diltiazem HCl_Tab 60mg M/R,0206020C0AAAAAA,2,0.8736000000000017
133,G84035,Mesalazine_Tab E/C 800mg,0105010B0AAASAS,1,11.479999999999997
134,G84035,Paracet_Tab Solb 500mg,0407010H0AAAQAQ,4,0.024000000000000687
135,G84035,Sod Bicarb_Cap 500mg,0902013S0AAACAC,2,-0.017200000000000687
136,G84039,Clonazepam_Tab 500mcg,0408010F0AAABAB,1,0.6779999999999986
137,G84039,Diltiazem HCl_Tab 60mg M/R,0206020C0AAAAAA,3,1.0208000000000035
138,G84039,Mesalazine_Tab E/C 800mg,0105010B0AAASAS,1,36.89999999999999
139,G84040,Amiodarone HCl_Tab 200mg,0203020D0AAABAB,1,0.7000000000000006
140,G84040,Clonazepam_Tab 500mcg,0408010F0AAABAB,4,2.395599999999995
141,G84040,Diltiazem HCl_Tab 60mg M/R,0206020C0AAAAAA,3,1.3552000000000046
142,G84040,Mesalazine_Tab E/C 800mg,0105010B0AAASAS,4,-55.34999999999999
143,G84040,Paracet_Tab Solb 500mg,0407010H0AAAQAQ,2,0.012000000000000344
144,G84040,Pyridox HCl_Tab 50mg,0906024N0AAAIAI,1,0.9576000000000002
145,G84041,Clonazepam_Tab 500mcg,0408010F0AAABAB,2,0.6327999999999987
146,G84041,Mesalazine_Tab E/C 400mg,0105010B0AAAAAA,4,-2.8760000000000012
147,G84041,Paracet_Tab Solb 500mg,0407010H0AAAQAQ,6,-0.035999999999996035
148,G84604,Clonazepam_Tab 500mcg,0408010F0AAABAB,2,1.5819999999999967
149,G84604,Diltiazem HCl_Tab 60mg M/R,0206020C0AAAAAA,5,0.7392000000000025
150,G84607,Letrozole_Tab 2.5mg,0803041L0AAAAAA,1,0.00420000000000012
151,G84609,Clonazepam_Tab 500mcg,0408010F0AAABAB,1,0.15819999999999967
152,G84621,Clonazepam_Tab 500mcg,0408010F0AAABAB,1,0.31639999999999935
153,G84621,Pyridox HCl_Tab 50mg,0906024N0AAAIAI,1,0.9576000000000002
154,G84621,Sod Bicarb_Cap 500mg,0902013S0AAACAC,4,0.011199999999999544
155,G84624,Amiodarone HCl_Tab 200mg,0203020D0AAABAB,2,0.5292000000000003
156,G84624,Clonazepam_Tab 500mcg,0408010F0AAABAB,3,1.2655999999999974
157,G84625,Clonazepam_Tab 500mcg,0408010F0AAABAB,2,0.949199999999998
158,G84625,Mesalazine_Tab E/C 800mg,0105010B0AAASAS,1,34.43999999999999
159,G84627,Amiodarone HCl_Tab 200mg,0203020D0AAABAB,2,1.050000000000001
160,G84627,Clonazepam_Tab 500mcg,0408010F0AAABAB,5,5.971399999999988
161,G84627,Diltiazem HCl_Tab 60mg M/R,0206020C0AAAAAA,2,0.8736000000000017
162,G84627,Mesalazine_Tab E/C 800mg,0105010B0AAASAS,5,-34.43999999999995
163,G84627,Pyridox HCl_Tab 50mg,0906024N0AAAIAI,1,2.8728000000000007
164,G84628,Diltiazem HCl_Tab 60mg M/R,0206020C0AAAAAA,2,0.7504000000000013
165,G84628,Pyridox HCl_Tab 50mg,0906024N0AAAIAI,1,2.8728000000000007
166,G84629,Clonazepam_Tab 500mcg,0408010F0AAABAB,3,1.2655999999999974
167,G84629,Paracet_Tab Solb 500mg,0407010H0AAAQAQ,2,-0.011999999999998678
168,G84630,Mesalazine_Tab E/C 400mg,0105010B0AAAAAA,1,23.956799999999998
169,G84630,Mesalazine_Tab E/C 800mg,0105010B0AAASAS,3,82.81999999999998
170,G84630,Pyridox HCl_Tab 50mg,0906024N0AAAIAI,1,1.4364000000000003
171,Y00542,Amiodarone HCl_Tab 200mg,0203020D0AAABAB,1,0.7000000000000006
172,Y00542,Clonazepam_Tab 500mcg,0408010F0AAABAB,5,2.5763999999999947
173,Y00542,Diltiazem HCl_Tab 60mg M/R,0206020C0AAAAAA,5,2.3436000000000075
174,Y00542,Pyridox HCl_Tab 50mg,0906024N0AAAIAI,2,1.9152000000000005
175,Y02811,Amiodarone HCl_Tab 200mg,0203020D0AAABAB,1,0.7000000000000006
176,Y02811,Clonazepam_Tab 500mcg,0408010F0AAABAB,4,3.435199999999993
177,Y02811,Pyridox HCl_Tab 50mg,0906024N0AAAIAI,1,1.9152000000000005
178,Y05231,Clonazepam_Tab 500mcg,0408010F0AAABAB,1,0.07909999999999984
