,practice_code,bnf_description,bnf_code,items,excess_cost
810,K83051,Aripiprazole_Tab 10mg,0402010ADAAAAAA,5,174.468
905,K83036,Prednisolone_Tab Solb 5mg,0603020T0AABHBH,1,134.28799999999998
861,K83043,Memantine HCl_Tab 20mg,0411000G0AAADAD,7,127.792
488,K83041,Nefopam HCl_Tab 30mg,0407010P0AAABAB,5,127.05
0,K83032,Paracet_Tab 500mg,0407010H0AAAMAM,176,126.71999999999997
1,K83032,Paracet_Tab 500mg,0407010H0AAAMAM,176,126.71999999999997
956,K83032,Dexameth_Tab 500mcg,0603020G0AAABAB,6,114.3912
489,K83027,Nefopam HCl_Tab 30mg,0407010P0AAABAB,19,103.11299999999999
490,K83032,Nefopam HCl_Tab 30mg,0407010P0AAABAB,3,101.63159999999999
491,K83019,Nefopam HCl_Tab 30mg,0407010P0AAABAB,9,97.44300000000001
957,Y00399,Dexameth_Tab 500mcg,0603020G0AAABAB,1,89.10159999999999
990,K83032,Omeprazole_Tab E/C 20mg,0103050P0AABDBD,4,87.7184
811,K83024,Aripiprazole_Tab 10mg,0402010ADAAAAAA,4,87.2368
492,K83021,Nefopam HCl_Tab 30mg,0407010P0AAABAB,1,72.6
906,K83616,Prednisolone_Tab Solb 5mg,0603020T0AABHBH,1,71.94
3,K83008,Paracet_Tab 500mg,0407010H0AAAMAM,172,68.8
2,K83008,Paracet_Tab 500mg,0407010H0AAAMAM,172,68.8
862,K83052,Memantine HCl_Tab 20mg,0411000G0AAADAD,13,63.882000000000005
863,K83012,Memantine HCl_Tab 20mg,0411000G0AAADAD,11,63.6944
5,K83008,Paracet_Tab 500mg,0407010H0AAAMAM,59,58.15040000000001
4,K83008,Paracet_Tab 500mg,0407010H0AAAMAM,59,58.15040000000001
6,K83042,Paracet_Tab 500mg,0407010H0AAAMAM,91,57.07520000000001
7,K83042,Paracet_Tab 500mg,0407010H0AAAMAM,91,57.07520000000001
967,K83041,Pregabalin_Cap 300mg,0408010AEAAAGAG,23,56.1568
968,K83010,Pregabalin_Cap 300mg,0408010AEAAAGAG,2,56.1008
969,K83064,Pregabalin_Cap 300mg,0408010AEAAAGAG,21,56.09519999999999
493,K83610,Nefopam HCl_Tab 30mg,0407010P0AAABAB,1,50.82
494,K83041,Nefopam HCl_Tab 30mg,0407010P0AAABAB,14,50.80319999999999
495,K83042,Nefopam HCl_Tab 30mg,0407010P0AAABAB,33,48.70799999999999
875,K83022,Atorvastatin_Tab 20mg,0212000B0AAABAB,271,45.52800000000004
876,K83616,Atorvastatin_Tab 20mg,0212000B0AAABAB,107,45.23960000000001
8,K83032,Paracet_Tab 500mg,0407010H0AAAMAM,278,44.48000000000002
9,K83032,Paracet_Tab 500mg,0407010H0AAAMAM,278,44.48000000000002
991,K83032,Omeprazole_Tab E/C 20mg,0103050P0AABDBD,1,43.8592
992,K83008,Omeprazole_Tab E/C 20mg,0103050P0AABDBD,3,43.8564
11,K83008,Paracet_Tab 500mg,0407010H0AAAMAM,26,41.6
10,K83008,Paracet_Tab 500mg,0407010H0AAAMAM,26,41.6
907,K83039,Prednisolone_Tab Solb 5mg,0603020T0AABHBH,1,35.97
13,K83015,Paracet_Tab 500mg,0407010H0AAAMAM,38,34.048
12,K83015,Paracet_Tab 500mg,0407010H0AAAMAM,38,34.048
496,K83601,Nefopam HCl_Tab 30mg,0407010P0AAABAB,2,30.25
970,K83041,Pregabalin_Cap 300mg,0408010AEAAAGAG,1,28.0504
14,K83077,Paracet_Tab 500mg,0407010H0AAAMAM,133,25.27000000000003
15,K83077,Paracet_Tab 500mg,0407010H0AAAMAM,133,25.27000000000003
877,K83064,Atorvastatin_Tab 20mg,0212000B0AAABAB,600,23.520000000000092
16,K83043,Paracet_Tab 500mg,0407010H0AAAMAM,54,22.98240000000003
17,K83043,Paracet_Tab 500mg,0407010H0AAAMAM,54,22.98240000000003
878,K83047,Atorvastatin_Tab 20mg,0212000B0AAABAB,544,22.84800000000002
19,K83039,Paracet_Tab 500mg,0407010H0AAAMAM,35,22.735999999999997
18,K83039,Paracet_Tab 500mg,0407010H0AAAMAM,35,22.735999999999997
879,K83601,Atorvastatin_Tab 20mg,0212000B0AAABAB,156,22.713600000000014
880,K83048,Atorvastatin_Tab 20mg,0212000B0AAABAB,100,22.680000000000007
881,K83010,Atorvastatin_Tab 20mg,0212000B0AAABAB,334,22.444799999999994
882,K83049,Atorvastatin_Tab 20mg,0212000B0AAABAB,420,22.34400000000007
958,Y00399,Dexameth_Tab 500mcg,0603020G0AAABAB,1,22.275399999999998
883,K83042,Atorvastatin_Tab 20mg,0212000B0AAABAB,610,22.204000000000043
993,K83043,Omeprazole_Tab E/C 20mg,0103050P0AABDBD,2,21.929599999999997
21,K83029,Paracet_Tab 500mg,0407010H0AAAMAM,103,20.60000000000002
20,K83029,Paracet_Tab 500mg,0407010H0AAAMAM,103,20.60000000000002
23,K83077,Paracet_Tab 500mg,0407010H0AAAMAM,36,20.160000000000004
22,K83077,Paracet_Tab 500mg,0407010H0AAAMAM,36,20.160000000000004
24,K83032,Paracet_Tab 500mg,0407010H0AAAMAM,81,19.958400000000005
25,K83032,Paracet_Tab 500mg,0407010H0AAAMAM,81,19.958400000000005
26,K83049,Paracet_Tab 500mg,0407010H0AAAMAM,39,16.38000000000001
27,K83049,Paracet_Tab 500mg,0407010H0AAAMAM,39,16.38000000000001
29,K83015,Paracet_Tab 500mg,0407010H0AAAMAM,130,15.599999999999996
28,K83015,Paracet_Tab 500mg,0407010H0AAAMAM,130,15.599999999999996
31,K83042,Paracet_Tab 500mg,0407010H0AAAMAM,116,15.07999999999999
30,K83042,Paracet_Tab 500mg,0407010H0AAAMAM,116,15.07999999999999
32,K83029,Paracet_Tab 500mg,0407010H0AAAMAM,57,13.679999999999996
33,K83029,Paracet_Tab 500mg,0407010H0AAAMAM,57,13.679999999999996
34,K83041,Paracet_Tab 500mg,0407010H0AAAMAM,131,11.73760000000003
35,K83041,Paracet_Tab 500mg,0407010H0AAAMAM,131,11.73760000000003
36,K83077,Paracet_Tab 500mg,0407010H0AAAMAM,39,11.356799999999993
37,K83077,Paracet_Tab 500mg,0407010H0AAAMAM,39,11.356799999999993
38,K83013,Paracet_Tab 500mg,0407010H0AAAMAM,36,11.289600000000016
39,K83013,Paracet_Tab 500mg,0407010H0AAAMAM,36,11.289600000000016
40,K83032,Paracet_Tab 500mg,0407010H0AAAMAM,12,11.289600000000002
41,K83032,Paracet_Tab 500mg,0407010H0AAAMAM,12,11.289600000000002
43,Y00399,Paracet_Tab 500mg,0407010H0AAAMAM,8,11.2896
42,Y00399,Paracet_Tab 500mg,0407010H0AAAMAM,8,11.2896
44,K83049,Paracet_Tab 500mg,0407010H0AAAMAM,41,11.020800000000005
45,K83049,Paracet_Tab 500mg,0407010H0AAAMAM,41,11.020800000000005
46,K83025,Paracet_Tab 500mg,0407010H0AAAMAM,216,10.80000000000001
47,K83025,Paracet_Tab 500mg,0407010H0AAAMAM,216,10.80000000000001
48,K83021,Paracet_Tab 500mg,0407010H0AAAMAM,60,10.752000000000027
49,K83021,Paracet_Tab 500mg,0407010H0AAAMAM,60,10.752000000000027
50,K83043,Paracet_Tab 500mg,0407010H0AAAMAM,134,10.720000000000027
51,K83043,Paracet_Tab 500mg,0407010H0AAAMAM,134,10.720000000000027
53,K83006,Paracet_Tab 500mg,0407010H0AAAMAM,103,10.30000000000001
52,K83006,Paracet_Tab 500mg,0407010H0AAAMAM,103,10.30000000000001
55,K83015,Paracet_Tab 500mg,0407010H0AAAMAM,27,10.260000000000012
54,K83015,Paracet_Tab 500mg,0407010H0AAAMAM,27,10.260000000000012
57,K83025,Paracet_Tab 500mg,0407010H0AAAMAM,22,10.12
56,K83025,Paracet_Tab 500mg,0407010H0AAAMAM,22,10.12
58,K83040,Paracet_Tab 500mg,0407010H0AAAMAM,125,10.000000000000027
59,K83040,Paracet_Tab 500mg,0407010H0AAAMAM,125,10.000000000000027
60,K83026,Paracet_Tab 500mg,0407010H0AAAMAM,50,10.000000000000009
61,K83026,Paracet_Tab 500mg,0407010H0AAAMAM,50,10.000000000000009
62,K83041,Paracet_Tab 500mg,0407010H0AAAMAM,45,9.900000000000002
63,K83041,Paracet_Tab 500mg,0407010H0AAAMAM,45,9.900000000000002
64,K83039,Paracet_Tab 500mg,0407010H0AAAMAM,247,9.880000000000026
65,K83039,Paracet_Tab 500mg,0407010H0AAAMAM,247,9.880000000000026
66,K83012,Paracet_Tab 500mg,0407010H0AAAMAM,31,9.721600000000013
67,K83012,Paracet_Tab 500mg,0407010H0AAAMAM,31,9.721600000000013
68,K83012,Paracet_Tab 500mg,0407010H0AAAMAM,120,9.600000000000025
69,K83012,Paracet_Tab 500mg,0407010H0AAAMAM,120,9.600000000000025
70,K83049,Paracet_Tab 500mg,0407010H0AAAMAM,47,9.475200000000015
71,K83049,Paracet_Tab 500mg,0407010H0AAAMAM,47,9.475200000000015
73,K83026,Paracet_Tab 500mg,0407010H0AAAMAM,187,9.350000000000009
72,K83026,Paracet_Tab 500mg,0407010H0AAAMAM,187,9.350000000000009
521,K83037,Clonazepam_Tab 500mcg,0408010F0AAABAB,8,9.039999999999981
75,K83015,Paracet_Tab 500mg,0407010H0AAAMAM,2,8.467200000000002
74,K83015,Paracet_Tab 500mg,0407010H0AAAMAM,2,8.467200000000002
522,K83037,Clonazepam_Tab 500mcg,0408010F0AAABAB,23,7.277199999999985
523,K83051,Clonazepam_Tab 500mcg,0408010F0AAABAB,22,6.960799999999986
77,K83008,Paracet_Tab 500mg,0407010H0AAAMAM,48,6.451200000000007
76,K83008,Paracet_Tab 500mg,0407010H0AAAMAM,48,6.451200000000007
79,K83077,Paracet_Tab 500mg,0407010H0AAAMAM,1,6.3504000000000005
78,K83077,Paracet_Tab 500mg,0407010H0AAAMAM,1,6.3504000000000005
81,K83021,Paracet_Tab 500mg,0407010H0AAAMAM,304,6.0800000000000685
80,K83021,Paracet_Tab 500mg,0407010H0AAAMAM,304,6.0800000000000685
82,K83012,Paracet_Tab 500mg,0407010H0AAAMAM,13,5.678400000000001
83,K83012,Paracet_Tab 500mg,0407010H0AAAMAM,13,5.678400000000001
87,K83006,Paracet_Tab 500mg,0407010H0AAAMAM,5,5.656000000000001
88,K83029,Paracet_Tab 500mg,0407010H0AAAMAM,5,5.656000000000001
89,K83029,Paracet_Tab 500mg,0407010H0AAAMAM,5,5.656000000000001
86,K83039,Paracet_Tab 500mg,0407010H0AAAMAM,5,5.656000000000001
85,K83006,Paracet_Tab 500mg,0407010H0AAAMAM,5,5.656000000000001
84,K83039,Paracet_Tab 500mg,0407010H0AAAMAM,5,5.656000000000001
90,K83048,Paracet_Tab 500mg,0407010H0AAAMAM,18,5.544000000000001
91,K83048,Paracet_Tab 500mg,0407010H0AAAMAM,18,5.544000000000001
92,K83003,Paracet_Tab 500mg,0407010H0AAAMAM,109,5.450000000000005
93,K83003,Paracet_Tab 500mg,0407010H0AAAMAM,109,5.450000000000005
94,K83024,Paracet_Tab 500mg,0407010H0AAAMAM,135,5.400000000000015
95,K83024,Paracet_Tab 500mg,0407010H0AAAMAM,135,5.400000000000015
96,K83620,Paracet_Tab 500mg,0407010H0AAAMAM,75,5.249999999999995
97,K83620,Paracet_Tab 500mg,0407010H0AAAMAM,75,5.249999999999995
98,K83008,Paracet_Tab 500mg,0407010H0AAAMAM,5,5.207999999999999
99,K83008,Paracet_Tab 500mg,0407010H0AAAMAM,5,5.207999999999999
101,Y00399,Paracet_Tab 500mg,0407010H0AAAMAM,51,5.100000000000005
100,Y00399,Paracet_Tab 500mg,0407010H0AAAMAM,51,5.100000000000005
524,K83037,Clonazepam_Tab 500mcg,0408010F0AAABAB,8,5.06239999999999
525,K83077,Clonazepam_Tab 500mcg,0408010F0AAABAB,8,5.06239999999999
526,K83051,Clonazepam_Tab 500mcg,0408010F0AAABAB,8,5.06239999999999
103,K83014,Paracet_Tab 500mg,0407010H0AAAMAM,125,5.000000000000013
102,K83014,Paracet_Tab 500mg,0407010H0AAAMAM,125,5.000000000000013
105,K83035,Paracet_Tab 500mg,0407010H0AAAMAM,70,4.899999999999995
104,K83035,Paracet_Tab 500mg,0407010H0AAAMAM,70,4.899999999999995
107,K83049,Paracet_Tab 500mg,0407010H0AAAMAM,1,4.828799999999999
106,K83049,Paracet_Tab 500mg,0407010H0AAAMAM,1,4.828799999999999
109,K83049,Paracet_Tab 500mg,0407010H0AAAMAM,156,4.6800000000000255
108,K83049,Paracet_Tab 500mg,0407010H0AAAMAM,156,4.6800000000000255
110,K83019,Paracet_Tab 500mg,0407010H0AAAMAM,50,4.500000000000007
111,K83019,Paracet_Tab 500mg,0407010H0AAAMAM,50,4.500000000000007
529,K83032,Clonazepam_Tab 500mcg,0408010F0AAABAB,7,4.429599999999991
527,K83012,Clonazepam_Tab 500mcg,0408010F0AAABAB,7,4.429599999999991
528,K83047,Clonazepam_Tab 500mcg,0408010F0AAABAB,7,4.429599999999991
113,K83077,Paracet_Tab 500mg,0407010H0AAAMAM,1,4.2336
114,K83015,Paracet_Tab 500mg,0407010H0AAAMAM,1,4.2336
115,K83015,Paracet_Tab 500mg,0407010H0AAAMAM,1,4.2336
112,K83077,Paracet_Tab 500mg,0407010H0AAAMAM,1,4.2336
530,K83044,Clonazepam_Tab 500mcg,0408010F0AAABAB,13,4.113199999999992
971,Y00234,Pregabalin_Cap 300mg,0408010AEAAAGAG,1,4.0072
116,K83008,Paracet_Tab 500mg,0407010H0AAAMAM,3,3.880800000000001
117,K83008,Paracet_Tab 500mg,0407010H0AAAMAM,3,3.880800000000001
538,K83005,Clonazepam_Tab 500mcg,0408010F0AAABAB,6,3.796799999999992
537,K83024,Clonazepam_Tab 500mcg,0408010F0AAABAB,6,3.796799999999992
536,K83037,Clonazepam_Tab 500mcg,0408010F0AAABAB,4,3.796799999999992
535,K83024,Clonazepam_Tab 500mcg,0408010F0AAABAB,4,3.796799999999992
533,K83026,Clonazepam_Tab 500mcg,0408010F0AAABAB,6,3.796799999999992
534,K83029,Clonazepam_Tab 500mcg,0408010F0AAABAB,3,3.796799999999992
531,K83028,Clonazepam_Tab 500mcg,0408010F0AAABAB,4,3.796799999999992
532,K83005,Clonazepam_Tab 500mcg,0408010F0AAABAB,3,3.796799999999992
540,K83027,Clonazepam_Tab 500mcg,0408010F0AAABAB,3,3.796799999999992
539,K83051,Clonazepam_Tab 500mcg,0408010F0AAABAB,4,3.796799999999992
541,K83013,Clonazepam_Tab 500mcg,0408010F0AAABAB,11,3.480399999999993
542,K83005,Clonazepam_Tab 500mcg,0408010F0AAABAB,11,3.480399999999993
543,K83051,Clonazepam_Tab 500mcg,0408010F0AAABAB,5,3.389999999999993
118,K83620,Paracet_Tab 500mg,0407010H0AAAMAM,6,3.360000000000003
119,K83620,Paracet_Tab 500mg,0407010H0AAAMAM,6,3.360000000000003
120,K83601,Paracet_Tab 500mg,0407010H0AAAMAM,13,3.2032000000000007
121,K83601,Paracet_Tab 500mg,0407010H0AAAMAM,13,3.2032000000000007
122,K83048,Paracet_Tab 500mg,0407010H0AAAMAM,40,3.200000000000008
123,K83048,Paracet_Tab 500mg,0407010H0AAAMAM,40,3.200000000000008
546,K83041,Clonazepam_Tab 500mcg,0408010F0AAABAB,10,3.1639999999999935
547,K83013,Clonazepam_Tab 500mcg,0408010F0AAABAB,5,3.1639999999999935
545,K83618,Clonazepam_Tab 500mcg,0408010F0AAABAB,5,3.1639999999999935
544,K83028,Clonazepam_Tab 500mcg,0408010F0AAABAB,5,3.1639999999999935
548,K83025,Clonazepam_Tab 500mcg,0408010F0AAABAB,5,3.1639999999999935
125,K83047,Paracet_Tab 500mg,0407010H0AAAMAM,5,3.0300000000000002
124,K83047,Paracet_Tab 500mg,0407010H0AAAMAM,5,3.0300000000000002
127,K83041,Paracet_Tab 500mg,0407010H0AAAMAM,1,3.024
126,K83041,Paracet_Tab 500mg,0407010H0AAAMAM,1,3.024
549,K83601,Clonazepam_Tab 500mcg,0408010F0AAABAB,7,2.900799999999996
129,K83018,Paracet_Tab 500mg,0407010H0AAAMAM,4,2.8672000000000013
128,K83018,Paracet_Tab 500mg,0407010H0AAAMAM,4,2.8672000000000013
551,K83026,Clonazepam_Tab 500mcg,0408010F0AAABAB,9,2.847599999999994
554,K83044,Clonazepam_Tab 500mcg,0408010F0AAABAB,1,2.847599999999994
553,K83021,Clonazepam_Tab 500mcg,0408010F0AAABAB,9,2.847599999999994
552,K83015,Clonazepam_Tab 500mcg,0408010F0AAABAB,3,2.847599999999994
550,K83044,Clonazepam_Tab 500mcg,0408010F0AAABAB,3,2.847599999999994
131,K83027,Paracet_Tab 500mg,0407010H0AAAMAM,136,2.720000000000031
130,K83027,Paracet_Tab 500mg,0407010H0AAAMAM,136,2.720000000000031
555,K83021,Clonazepam_Tab 500mcg,0408010F0AAABAB,1,2.7119999999999944
133,K83014,Paracet_Tab 500mg,0407010H0AAAMAM,45,2.700000000000015
132,K83014,Paracet_Tab 500mg,0407010H0AAAMAM,45,2.700000000000015
556,K83043,Clonazepam_Tab 500mcg,0408010F0AAABAB,17,2.6893999999999947
135,K83010,Paracet_Tab 500mg,0407010H0AAAMAM,1,2.682
134,K83010,Paracet_Tab 500mg,0407010H0AAAMAM,1,2.682
557,K83011,Clonazepam_Tab 500mcg,0408010F0AAABAB,4,2.531199999999995
558,K83014,Clonazepam_Tab 500mcg,0408010F0AAABAB,8,2.531199999999995
561,K83032,Clonazepam_Tab 500mcg,0408010F0AAABAB,2,2.531199999999995
562,K83021,Clonazepam_Tab 500mcg,0408010F0AAABAB,4,2.531199999999995
560,K83047,Clonazepam_Tab 500mcg,0408010F0AAABAB,2,2.531199999999995
559,Y01139,Clonazepam_Tab 500mcg,0408010F0AAABAB,8,2.531199999999995
136,K83035,Paracet_Tab 500mg,0407010H0AAAMAM,3,2.52
137,K83035,Paracet_Tab 500mg,0407010H0AAAMAM,3,2.52
563,K83049,Clonazepam_Tab 500mcg,0408010F0AAABAB,2,2.2599999999999953
564,K83025,Clonazepam_Tab 500mcg,0408010F0AAABAB,1,2.2599999999999953
566,K83010,Clonazepam_Tab 500mcg,0408010F0AAABAB,1,2.2599999999999953
567,K83036,Clonazepam_Tab 500mcg,0408010F0AAABAB,1,2.2599999999999953
568,K83032,Clonazepam_Tab 500mcg,0408010F0AAABAB,2,2.2599999999999953
569,K83039,Clonazepam_Tab 500mcg,0408010F0AAABAB,2,2.2599999999999953
570,K83036,Clonazepam_Tab 500mcg,0408010F0AAABAB,2,2.2599999999999953
565,K83052,Clonazepam_Tab 500mcg,0408010F0AAABAB,2,2.2599999999999953
573,K83055,Clonazepam_Tab 500mcg,0408010F0AAABAB,7,2.2147999999999954
574,K83042,Clonazepam_Tab 500mcg,0408010F0AAABAB,7,2.2147999999999954
571,K83036,Clonazepam_Tab 500mcg,0408010F0AAABAB,7,2.2147999999999954
572,K83015,Clonazepam_Tab 500mcg,0408010F0AAABAB,7,2.2147999999999954
577,K83039,Clonazepam_Tab 500mcg,0408010F0AAABAB,3,2.033999999999996
576,K83036,Clonazepam_Tab 500mcg,0408010F0AAABAB,1,2.033999999999996
575,K83003,Clonazepam_Tab 500mcg,0408010F0AAABAB,2,2.033999999999996
578,K83081,Clonazepam_Tab 500mcg,0408010F0AAABAB,1,1.993599999999998
588,K83021,Clonazepam_Tab 500mcg,0408010F0AAABAB,2,1.898399999999996
589,K83601,Clonazepam_Tab 500mcg,0408010F0AAABAB,3,1.898399999999996
590,K83009,Clonazepam_Tab 500mcg,0408010F0AAABAB,3,1.898399999999996
591,K83032,Clonazepam_Tab 500mcg,0408010F0AAABAB,6,1.898399999999996
592,K83013,Clonazepam_Tab 500mcg,0408010F0AAABAB,2,1.898399999999996
584,K83024,Clonazepam_Tab 500mcg,0408010F0AAABAB,4,1.898399999999996
586,K83044,Clonazepam_Tab 500mcg,0408010F0AAABAB,3,1.898399999999996
593,K83024,Clonazepam_Tab 500mcg,0408010F0AAABAB,6,1.898399999999996
594,K83044,Clonazepam_Tab 500mcg,0408010F0AAABAB,1,1.898399999999996
595,K83041,Clonazepam_Tab 500mcg,0408010F0AAABAB,1,1.898399999999996
596,K83011,Clonazepam_Tab 500mcg,0408010F0AAABAB,1,1.898399999999996
597,K83014,Clonazepam_Tab 500mcg,0408010F0AAABAB,3,1.898399999999996
598,K83005,Clonazepam_Tab 500mcg,0408010F0AAABAB,2,1.898399999999996
599,K83007,Clonazepam_Tab 500mcg,0408010F0AAABAB,3,1.898399999999996
600,Y01139,Clonazepam_Tab 500mcg,0408010F0AAABAB,3,1.898399999999996
587,K83077,Clonazepam_Tab 500mcg,0408010F0AAABAB,2,1.898399999999996
582,K83041,Clonazepam_Tab 500mcg,0408010F0AAABAB,3,1.898399999999996
585,K83021,Clonazepam_Tab 500mcg,0408010F0AAABAB,1,1.898399999999996
583,K83077,Clonazepam_Tab 500mcg,0408010F0AAABAB,1,1.898399999999996
581,K83043,Clonazepam_Tab 500mcg,0408010F0AAABAB,3,1.898399999999996
580,K83030,Clonazepam_Tab 500mcg,0408010F0AAABAB,2,1.898399999999996
579,K83036,Clonazepam_Tab 500mcg,0408010F0AAABAB,3,1.898399999999996
138,K83601,Paracet_Tab 500mg,0407010H0AAAMAM,88,1.7600000000000198
139,K83601,Paracet_Tab 500mg,0407010H0AAAMAM,88,1.7600000000000198
141,K83010,Paracet_Tab 500mg,0407010H0AAAMAM,172,1.7199999999999895
140,K83010,Paracet_Tab 500mg,0407010H0AAAMAM,172,1.7199999999999895
601,K83041,Clonazepam_Tab 500mcg,0408010F0AAABAB,1,1.6949999999999965
143,K83019,Paracet_Tab 500mg,0407010H0AAAMAM,21,1.6800000000000044
142,K83019,Paracet_Tab 500mg,0407010H0AAAMAM,21,1.6800000000000044
144,K83043,Paracet_Tab 500mg,0407010H0AAAMAM,3,1.6128
145,K83043,Paracet_Tab 500mg,0407010H0AAAMAM,3,1.6128
605,K83028,Clonazepam_Tab 500mcg,0408010F0AAABAB,1,1.5819999999999967
604,K83616,Clonazepam_Tab 500mcg,0408010F0AAABAB,1,1.5819999999999967
603,K83621,Clonazepam_Tab 500mcg,0408010F0AAABAB,5,1.5819999999999967
607,K83011,Clonazepam_Tab 500mcg,0408010F0AAABAB,5,1.5819999999999967
602,K83006,Clonazepam_Tab 500mcg,0408010F0AAABAB,5,1.5819999999999967
606,K83028,Clonazepam_Tab 500mcg,0408010F0AAABAB,5,1.5819999999999967
608,K83051,Clonazepam_Tab 500mcg,0408010F0AAABAB,1,1.468999999999997
146,K83616,Paracet_Tab 500mg,0407010H0AAAMAM,48,1.440000000000008
147,K83616,Paracet_Tab 500mg,0407010H0AAAMAM,48,1.440000000000008
609,K83030,Clonazepam_Tab 500mcg,0408010F0AAABAB,9,1.423799999999997
615,K83013,Clonazepam_Tab 500mcg,0408010F0AAABAB,1,1.3559999999999972
619,K83013,Clonazepam_Tab 500mcg,0408010F0AAABAB,2,1.3559999999999972
620,K83039,Clonazepam_Tab 500mcg,0408010F0AAABAB,1,1.3559999999999972
618,K83068,Clonazepam_Tab 500mcg,0408010F0AAABAB,2,1.3559999999999972
617,K83036,Clonazepam_Tab 500mcg,0408010F0AAABAB,2,1.3559999999999972
616,K83030,Clonazepam_Tab 500mcg,0408010F0AAABAB,2,1.3559999999999972
611,K83043,Clonazepam_Tab 500mcg,0408010F0AAABAB,2,1.3559999999999972
614,K83047,Clonazepam_Tab 500mcg,0408010F0AAABAB,4,1.3559999999999972
612,K83064,Clonazepam_Tab 500mcg,0408010F0AAABAB,2,1.3559999999999972
610,K83037,Clonazepam_Tab 500mcg,0408010F0AAABAB,4,1.3559999999999972
613,K83068,Clonazepam_Tab 500mcg,0408010F0AAABAB,1,1.3559999999999972
641,K83030,Clonazepam_Tab 500mcg,0408010F0AAABAB,2,1.2655999999999974
648,K83029,Clonazepam_Tab 500mcg,0408010F0AAABAB,8,1.2655999999999974
647,K83040,Clonazepam_Tab 500mcg,0408010F0AAABAB,4,1.2655999999999974
646,K83003,Clonazepam_Tab 500mcg,0408010F0AAABAB,2,1.2655999999999974
645,K83043,Clonazepam_Tab 500mcg,0408010F0AAABAB,4,1.2655999999999974
644,K83070,Clonazepam_Tab 500mcg,0408010F0AAABAB,1,1.2655999999999974
643,K83030,Clonazepam_Tab 500mcg,0408010F0AAABAB,4,1.2655999999999974
642,K83042,Clonazepam_Tab 500mcg,0408010F0AAABAB,1,1.2655999999999974
639,K83616,Clonazepam_Tab 500mcg,0408010F0AAABAB,1,1.2655999999999974
640,K83040,Clonazepam_Tab 500mcg,0408010F0AAABAB,2,1.2655999999999974
638,K83007,Clonazepam_Tab 500mcg,0408010F0AAABAB,4,1.2655999999999974
637,K83035,Clonazepam_Tab 500mcg,0408010F0AAABAB,2,1.2655999999999974
636,K83625,Clonazepam_Tab 500mcg,0408010F0AAABAB,1,1.2655999999999974
635,K83069,Clonazepam_Tab 500mcg,0408010F0AAABAB,1,1.2655999999999974
634,K83064,Clonazepam_Tab 500mcg,0408010F0AAABAB,2,1.2655999999999974
633,K83031,Clonazepam_Tab 500mcg,0408010F0AAABAB,2,1.2655999999999974
632,K83018,Clonazepam_Tab 500mcg,0408010F0AAABAB,8,1.2655999999999974
649,K83065,Clonazepam_Tab 500mcg,0408010F0AAABAB,2,1.2655999999999974
631,K83625,Clonazepam_Tab 500mcg,0408010F0AAABAB,2,1.2655999999999974
627,K83051,Clonazepam_Tab 500mcg,0408010F0AAABAB,1,1.2655999999999974
628,K83026,Clonazepam_Tab 500mcg,0408010F0AAABAB,1,1.2655999999999974
630,K83042,Clonazepam_Tab 500mcg,0408010F0AAABAB,2,1.2655999999999974
621,K83048,Clonazepam_Tab 500mcg,0408010F0AAABAB,1,1.2655999999999974
622,K83070,Clonazepam_Tab 500mcg,0408010F0AAABAB,2,1.2655999999999974
623,K83022,Clonazepam_Tab 500mcg,0408010F0AAABAB,2,1.2655999999999974
624,K83007,Clonazepam_Tab 500mcg,0408010F0AAABAB,8,1.2655999999999974
625,K83008,Clonazepam_Tab 500mcg,0408010F0AAABAB,1,1.2655999999999974
626,K83010,Clonazepam_Tab 500mcg,0408010F0AAABAB,2,1.2655999999999974
629,K83039,Clonazepam_Tab 500mcg,0408010F0AAABAB,1,1.2655999999999974
650,K83052,Clonazepam_Tab 500mcg,0408010F0AAABAB,3,1.1864999999999974
651,K83026,Clonazepam_Tab 500mcg,0408010F0AAABAB,2,1.1399999999999966
656,K83051,Clonazepam_Tab 500mcg,0408010F0AAABAB,1,1.1299999999999977
661,K83053,Clonazepam_Tab 500mcg,0408010F0AAABAB,1,1.1299999999999977
660,K83021,Clonazepam_Tab 500mcg,0408010F0AAABAB,1,1.1299999999999977
659,K83022,Clonazepam_Tab 500mcg,0408010F0AAABAB,1,1.1299999999999977
658,K83026,Clonazepam_Tab 500mcg,0408010F0AAABAB,1,1.1299999999999977
657,K83028,Clonazepam_Tab 500mcg,0408010F0AAABAB,1,1.1299999999999977
653,K83040,Clonazepam_Tab 500mcg,0408010F0AAABAB,1,1.1299999999999977
655,K83048,Clonazepam_Tab 500mcg,0408010F0AAABAB,1,1.1299999999999977
654,K83029,Clonazepam_Tab 500mcg,0408010F0AAABAB,1,1.1299999999999977
652,K83024,Clonazepam_Tab 500mcg,0408010F0AAABAB,1,1.1299999999999977
662,K83012,Clonazepam_Tab 500mcg,0408010F0AAABAB,7,1.1073999999999977
664,K83047,Clonazepam_Tab 500mcg,0408010F0AAABAB,1,1.016999999999998
663,K83036,Clonazepam_Tab 500mcg,0408010F0AAABAB,3,1.016999999999998
665,K83618,Clonazepam_Tab 500mcg,0408010F0AAABAB,1,1.016999999999998
669,K83036,Clonazepam_Tab 500mcg,0408010F0AAABAB,4,0.949199999999998
666,K83015,Clonazepam_Tab 500mcg,0408010F0AAABAB,2,0.949199999999998
667,K83010,Clonazepam_Tab 500mcg,0408010F0AAABAB,3,0.949199999999998
668,K83018,Clonazepam_Tab 500mcg,0408010F0AAABAB,4,0.949199999999998
677,K83019,Clonazepam_Tab 500mcg,0408010F0AAABAB,3,0.949199999999998
670,K83049,Clonazepam_Tab 500mcg,0408010F0AAABAB,1,0.949199999999998
682,K83026,Clonazepam_Tab 500mcg,0408010F0AAABAB,1,0.949199999999998
692,K83047,Clonazepam_Tab 500mcg,0408010F0AAABAB,3,0.949199999999998
691,K83080,Clonazepam_Tab 500mcg,0408010F0AAABAB,1,0.949199999999998
690,K83015,Clonazepam_Tab 500mcg,0408010F0AAABAB,4,0.949199999999998
689,K83018,Clonazepam_Tab 500mcg,0408010F0AAABAB,3,0.949199999999998
671,K83044,Clonazepam_Tab 500mcg,0408010F0AAABAB,4,0.949199999999998
687,K83018,Clonazepam_Tab 500mcg,0408010F0AAABAB,1,0.949199999999998
686,K83027,Clonazepam_Tab 500mcg,0408010F0AAABAB,3,0.949199999999998
685,K83080,Clonazepam_Tab 500mcg,0408010F0AAABAB,3,0.949199999999998
684,K83024,Clonazepam_Tab 500mcg,0408010F0AAABAB,4,0.949199999999998
683,K83007,Clonazepam_Tab 500mcg,0408010F0AAABAB,1,0.949199999999998
688,Y01139,Clonazepam_Tab 500mcg,0408010F0AAABAB,1,0.949199999999998
681,K83039,Clonazepam_Tab 500mcg,0408010F0AAABAB,3,0.949199999999998
679,K83009,Clonazepam_Tab 500mcg,0408010F0AAABAB,1,0.949199999999998
678,K83032,Clonazepam_Tab 500mcg,0408010F0AAABAB,1,0.949199999999998
676,K83036,Clonazepam_Tab 500mcg,0408010F0AAABAB,1,0.949199999999998
675,K83039,Clonazepam_Tab 500mcg,0408010F0AAABAB,1,0.949199999999998
672,K83042,Clonazepam_Tab 500mcg,0408010F0AAABAB,1,0.949199999999998
680,K83070,Clonazepam_Tab 500mcg,0408010F0AAABAB,3,0.949199999999998
673,K83047,Clonazepam_Tab 500mcg,0408010F0AAABAB,1,0.949199999999998
674,K83620,Clonazepam_Tab 500mcg,0408010F0AAABAB,3,0.949199999999998
696,K83066,Clonazepam_Tab 500mcg,0408010F0AAABAB,1,0.7909999999999984
695,K83013,Clonazepam_Tab 500mcg,0408010F0AAABAB,5,0.7909999999999984
694,K83009,Clonazepam_Tab 500mcg,0408010F0AAABAB,1,0.7909999999999984
693,K83025,Clonazepam_Tab 500mcg,0408010F0AAABAB,5,0.7909999999999984
699,K83601,Clonazepam_Tab 500mcg,0408010F0AAABAB,1,0.6779999999999986
698,K83005,Clonazepam_Tab 500mcg,0408010F0AAABAB,1,0.6779999999999986
697,K83620,Clonazepam_Tab 500mcg,0408010F0AAABAB,1,0.6779999999999986
708,K83015,Clonazepam_Tab 500mcg,0408010F0AAABAB,1,0.6779999999999986
709,K83021,Clonazepam_Tab 500mcg,0408010F0AAABAB,2,0.6779999999999986
707,K83022,Clonazepam_Tab 500mcg,0408010F0AAABAB,2,0.6779999999999986
706,K83021,Clonazepam_Tab 500mcg,0408010F0AAABAB,1,0.6779999999999986
705,K83031,Clonazepam_Tab 500mcg,0408010F0AAABAB,1,0.6779999999999986
704,K83027,Clonazepam_Tab 500mcg,0408010F0AAABAB,1,0.6779999999999986
703,K83010,Clonazepam_Tab 500mcg,0408010F0AAABAB,2,0.6779999999999986
702,K83032,Clonazepam_Tab 500mcg,0408010F0AAABAB,1,0.6779999999999986
701,K83081,Clonazepam_Tab 500mcg,0408010F0AAABAB,1,0.6779999999999986
700,K83041,Clonazepam_Tab 500mcg,0408010F0AAABAB,1,0.6779999999999986
736,K83620,Clonazepam_Tab 500mcg,0408010F0AAABAB,1,0.6327999999999987
710,K83050,Clonazepam_Tab 500mcg,0408010F0AAABAB,1,0.6327999999999987
725,K83008,Clonazepam_Tab 500mcg,0408010F0AAABAB,1,0.6327999999999987
711,K83625,Clonazepam_Tab 500mcg,0408010F0AAABAB,2,0.6327999999999987
738,K83015,Clonazepam_Tab 500mcg,0408010F0AAABAB,1,0.6327999999999987
735,K83006,Clonazepam_Tab 500mcg,0408010F0AAABAB,1,0.6327999999999987
734,K83039,Clonazepam_Tab 500mcg,0408010F0AAABAB,1,0.6327999999999987
733,K83065,Clonazepam_Tab 500mcg,0408010F0AAABAB,2,0.6327999999999987
732,K83025,Clonazepam_Tab 500mcg,0408010F0AAABAB,2,0.6327999999999987
731,K83025,Clonazepam_Tab 500mcg,0408010F0AAABAB,8,0.6327999999999987
730,K83029,Clonazepam_Tab 500mcg,0408010F0AAABAB,1,0.6327999999999987
729,K83064,Clonazepam_Tab 500mcg,0408010F0AAABAB,2,0.6327999999999987
728,K83019,Clonazepam_Tab 500mcg,0408010F0AAABAB,1,0.6327999999999987
727,K83610,Clonazepam_Tab 500mcg,0408010F0AAABAB,2,0.6327999999999987
726,K83050,Clonazepam_Tab 500mcg,0408010F0AAABAB,4,0.6327999999999987
737,K83052,Clonazepam_Tab 500mcg,0408010F0AAABAB,1,0.6327999999999987
724,K83049,Clonazepam_Tab 500mcg,0408010F0AAABAB,2,0.6327999999999987
717,Y00399,Clonazepam_Tab 500mcg,0408010F0AAABAB,2,0.6327999999999987
723,K83076,Clonazepam_Tab 500mcg,0408010F0AAABAB,1,0.6327999999999987
713,K83052,Clonazepam_Tab 500mcg,0408010F0AAABAB,2,0.6327999999999987
712,K83027,Clonazepam_Tab 500mcg,0408010F0AAABAB,1,0.6327999999999987
715,K83066,Clonazepam_Tab 500mcg,0408010F0AAABAB,1,0.6327999999999987
716,K83008,Clonazepam_Tab 500mcg,0408010F0AAABAB,4,0.6327999999999987
714,K83616,Clonazepam_Tab 500mcg,0408010F0AAABAB,1,0.6327999999999987
718,K83055,Clonazepam_Tab 500mcg,0408010F0AAABAB,1,0.6327999999999987
719,K83014,Clonazepam_Tab 500mcg,0408010F0AAABAB,4,0.6327999999999987
720,K83032,Clonazepam_Tab 500mcg,0408010F0AAABAB,4,0.6327999999999987
721,K83012,Clonazepam_Tab 500mcg,0408010F0AAABAB,2,0.6327999999999987
722,K83048,Clonazepam_Tab 500mcg,0408010F0AAABAB,1,0.6327999999999987
739,K83037,Clonazepam_Tab 500mcg,0408010F0AAABAB,1,0.5699999999999983
740,K83070,Clonazepam_Tab 500mcg,0408010F0AAABAB,1,0.5699999999999983
741,K83042,Clonazepam_Tab 500mcg,0408010F0AAABAB,1,0.5699999999999983
746,K83044,Clonazepam_Tab 500mcg,0408010F0AAABAB,3,0.474599999999999
749,K83620,Clonazepam_Tab 500mcg,0408010F0AAABAB,1,0.474599999999999
748,K83047,Clonazepam_Tab 500mcg,0408010F0AAABAB,3,0.474599999999999
747,K83009,Clonazepam_Tab 500mcg,0408010F0AAABAB,3,0.474599999999999
744,K83055,Clonazepam_Tab 500mcg,0408010F0AAABAB,1,0.474599999999999
745,K83005,Clonazepam_Tab 500mcg,0408010F0AAABAB,2,0.474599999999999
743,K83041,Clonazepam_Tab 500mcg,0408010F0AAABAB,1,0.474599999999999
742,K83021,Clonazepam_Tab 500mcg,0408010F0AAABAB,3,0.474599999999999
148,K83055,Paracet_Tab 500mg,0407010H0AAAMAM,47,0.46999999999999714
149,K83055,Paracet_Tab 500mg,0407010H0AAAMAM,47,0.46999999999999714
750,K83022,Clonazepam_Tab 500mcg,0408010F0AAABAB,2,0.44399999999999995
751,K83012,Clonazepam_Tab 500mcg,0408010F0AAABAB,5,0.3954999999999992
752,K83056,Clonazepam_Tab 500mcg,0408010F0AAABAB,9,0.38159999999999994
884,K83019,Atorvastatin_Tab 20mg,0212000B0AAABAB,130,0.3640000000000104
764,K83025,Clonazepam_Tab 500mcg,0408010F0AAABAB,1,0.3389999999999993
770,K83015,Clonazepam_Tab 500mcg,0408010F0AAABAB,1,0.3389999999999993
769,K83026,Clonazepam_Tab 500mcg,0408010F0AAABAB,1,0.3389999999999993
768,K83043,Clonazepam_Tab 500mcg,0408010F0AAABAB,1,0.3389999999999993
767,K83009,Clonazepam_Tab 500mcg,0408010F0AAABAB,1,0.3389999999999993
766,K83013,Clonazepam_Tab 500mcg,0408010F0AAABAB,1,0.3389999999999993
765,Y00028,Clonazepam_Tab 500mcg,0408010F0AAABAB,1,0.3389999999999993
757,K83041,Clonazepam_Tab 500mcg,0408010F0AAABAB,1,0.3389999999999993
763,K83049,Clonazepam_Tab 500mcg,0408010F0AAABAB,1,0.3389999999999993
753,K83030,Clonazepam_Tab 500mcg,0408010F0AAABAB,1,0.3389999999999993
762,K83040,Clonazepam_Tab 500mcg,0408010F0AAABAB,1,0.3389999999999993
754,K83005,Clonazepam_Tab 500mcg,0408010F0AAABAB,1,0.3389999999999993
756,K83052,Clonazepam_Tab 500mcg,0408010F0AAABAB,1,0.3389999999999993
755,K83066,Clonazepam_Tab 500mcg,0408010F0AAABAB,1,0.3389999999999993
758,K83625,Clonazepam_Tab 500mcg,0408010F0AAABAB,1,0.3389999999999993
759,K83044,Clonazepam_Tab 500mcg,0408010F0AAABAB,1,0.3389999999999993
760,K83027,Clonazepam_Tab 500mcg,0408010F0AAABAB,1,0.3389999999999993
761,K83006,Clonazepam_Tab 500mcg,0408010F0AAABAB,1,0.3389999999999993
783,K83009,Clonazepam_Tab 500mcg,0408010F0AAABAB,1,0.31639999999999935
791,K83006,Clonazepam_Tab 500mcg,0408010F0AAABAB,2,0.31639999999999935
790,K83027,Clonazepam_Tab 500mcg,0408010F0AAABAB,4,0.31639999999999935
789,K83050,Clonazepam_Tab 500mcg,0408010F0AAABAB,1,0.31639999999999935
788,K83030,Clonazepam_Tab 500mcg,0408010F0AAABAB,4,0.31639999999999935
787,K83022,Clonazepam_Tab 500mcg,0408010F0AAABAB,1,0.31639999999999935
786,K83008,Clonazepam_Tab 500mcg,0408010F0AAABAB,4,0.31639999999999935
785,K83035,Clonazepam_Tab 500mcg,0408010F0AAABAB,1,0.31639999999999935
784,K83077,Clonazepam_Tab 500mcg,0408010F0AAABAB,1,0.31639999999999935
771,K83068,Clonazepam_Tab 500mcg,0408010F0AAABAB,4,0.31639999999999935
782,K83031,Clonazepam_Tab 500mcg,0408010F0AAABAB,1,0.31639999999999935
776,K83056,Clonazepam_Tab 500mcg,0408010F0AAABAB,1,0.31639999999999935
772,K83051,Clonazepam_Tab 500mcg,0408010F0AAABAB,2,0.31639999999999935
774,K83618,Clonazepam_Tab 500mcg,0408010F0AAABAB,1,0.31639999999999935
781,K83066,Clonazepam_Tab 500mcg,0408010F0AAABAB,4,0.31639999999999935
775,K83066,Clonazepam_Tab 500mcg,0408010F0AAABAB,1,0.31639999999999935
773,K83066,Clonazepam_Tab 500mcg,0408010F0AAABAB,2,0.31639999999999935
777,K83037,Clonazepam_Tab 500mcg,0408010F0AAABAB,2,0.31639999999999935
778,K83048,Clonazepam_Tab 500mcg,0408010F0AAABAB,4,0.31639999999999935
779,K83048,Clonazepam_Tab 500mcg,0408010F0AAABAB,1,0.31639999999999935
780,K83008,Clonazepam_Tab 500mcg,0408010F0AAABAB,1,0.31639999999999935
792,K83011,Clonazepam_Tab 500mcg,0408010F0AAABAB,3,0.2372999999999995
793,K83011,Clonazepam_Tab 500mcg,0408010F0AAABAB,1,0.2372999999999995
794,K83070,Clonazepam_Tab 500mcg,0408010F0AAABAB,1,0.22199999999999998
795,K83042,Clonazepam_Tab 500mcg,0408010F0AAABAB,1,0.20159999999999978
150,K83014,Paracet_Tab 500mg,0407010H0AAAMAM,2,0.17999999999999994
151,K83014,Paracet_Tab 500mg,0407010H0AAAMAM,2,0.17999999999999994
796,K83040,Clonazepam_Tab 500mcg,0408010F0AAABAB,1,0.174
797,K83049,Clonazepam_Tab 500mcg,0408010F0AAABAB,4,0.16959999999999997
798,K83077,Clonazepam_Tab 500mcg,0408010F0AAABAB,1,0.15819999999999967
801,K83036,Clonazepam_Tab 500mcg,0408010F0AAABAB,1,0.15819999999999967
802,K83026,Clonazepam_Tab 500mcg,0408010F0AAABAB,1,0.15819999999999967
799,K83021,Clonazepam_Tab 500mcg,0408010F0AAABAB,2,0.15819999999999967
800,K83041,Clonazepam_Tab 500mcg,0408010F0AAABAB,1,0.15819999999999967
497,K83621,Nefopam HCl_Tab 30mg,0407010P0AAABAB,29,0.13049999999998563
803,K83043,Clonazepam_Tab 500mcg,0408010F0AAABAB,1,0.12209999999999999
804,K83014,Clonazepam_Tab 500mcg,0408010F0AAABAB,1,0.11599999999999999
152,K83006,Paracet_Tab 500mg,0407010H0AAAMAM,1,0.11199999999999988
153,K83006,Paracet_Tab 500mg,0407010H0AAAMAM,1,0.11199999999999988
498,K83621,Nefopam HCl_Tab 30mg,0407010P0AAABAB,23,0.09659999999998936
154,K83039,Paracet_Tab 500mg,0407010H0AAAMAM,1,0.08399999999999998
155,K83039,Paracet_Tab 500mg,0407010H0AAAMAM,1,0.08399999999999998
805,K83043,Clonazepam_Tab 500mcg,0408010F0AAABAB,1,0.07909999999999984
864,K83012,Memantine HCl_Tab 20mg,0411000G0AAADAD,16,0.07839999999999991
157,K83009,Paracet_Tab 500mg,0407010H0AAAMAM,3,0.0768000000000002
156,K83009,Paracet_Tab 500mg,0407010H0AAAMAM,3,0.0768000000000002
499,K83043,Nefopam HCl_Tab 30mg,0407010P0AAABAB,12,0.06479999999999886
158,K83033,Paracet_Tab 500mg,0407010H0AAAMAM,10,0.05999999999999964
159,K83033,Paracet_Tab 500mg,0407010H0AAAMAM,10,0.05999999999999964
160,K83027,Paracet_Tab 500mg,0407010H0AAAMAM,12,0.050399999999999695
161,K83027,Paracet_Tab 500mg,0407010H0AAAMAM,12,0.050399999999999695
812,K83026,Aripiprazole_Tab 10mg,0402010ADAAAAAA,8,0.04480000000000128
813,K83621,Aripiprazole_Tab 10mg,0402010ADAAAAAA,8,0.04480000000000128
162,K83018,Paracet_Tab 500mg,0407010H0AAAMAM,16,0.04479999999999973
163,K83018,Paracet_Tab 500mg,0407010H0AAAMAM,16,0.04479999999999973
806,K83052,Clonazepam_Tab 500mcg,0408010F0AAABAB,1,0.04239999999999999
164,K83043,Paracet_Tab 500mg,0407010H0AAAMAM,15,0.041999999999999746
165,K83043,Paracet_Tab 500mg,0407010H0AAAMAM,15,0.041999999999999746
500,K83010,Nefopam HCl_Tab 30mg,0407010P0AAABAB,10,0.041999999999995374
814,K83025,Aripiprazole_Tab 10mg,0402010ADAAAAAA,7,0.03920000000000112
167,K83042,Paracet_Tab 500mg,0407010H0AAAMAM,7,0.03919999999999976
166,K83042,Paracet_Tab 500mg,0407010H0AAAMAM,7,0.03919999999999976
807,Y00082,Clonazepam_Tab 500mcg,0408010F0AAABAB,1,0.03689999999999993
171,K83011,Paracet_Tab 500mg,0407010H0AAAMAM,6,0.03599999999999978
170,K83005,Paracet_Tab 500mg,0407010H0AAAMAM,6,0.03599999999999978
169,K83011,Paracet_Tab 500mg,0407010H0AAAMAM,6,0.03599999999999978
168,K83005,Paracet_Tab 500mg,0407010H0AAAMAM,6,0.03599999999999978
815,K83010,Aripiprazole_Tab 10mg,0402010ADAAAAAA,6,0.03360000000000096
173,K83056,Paracet_Tab 500mg,0407010H0AAAMAM,8,0.0335999999999998
172,K83056,Paracet_Tab 500mg,0407010H0AAAMAM,8,0.0335999999999998
959,K83029,Dexameth_Tab 500mcg,0603020G0AAABAB,12,0.0335999999999963
502,K83030,Nefopam HCl_Tab 30mg,0407010P0AAABAB,8,0.0335999999999963
501,K83043,Nefopam HCl_Tab 30mg,0407010P0AAABAB,8,0.0335999999999963
176,K83051,Paracet_Tab 500mg,0407010H0AAAMAM,5,0.02999999999999982
174,K83012,Paracet_Tab 500mg,0407010H0AAAMAM,5,0.02999999999999982
175,K83012,Paracet_Tab 500mg,0407010H0AAAMAM,5,0.02999999999999982
177,K83051,Paracet_Tab 500mg,0407010H0AAAMAM,5,0.02999999999999982
503,K83027,Nefopam HCl_Tab 30mg,0407010P0AAABAB,7,0.029399999999996762
816,K83042,Aripiprazole_Tab 10mg,0402010ADAAAAAA,5,0.028000000000000802
178,K83031,Paracet_Tab 500mg,0407010H0AAAMAM,10,0.02799999999999983
179,K83031,Paracet_Tab 500mg,0407010H0AAAMAM,10,0.02799999999999983
180,K83049,Paracet_Tab 500mg,0407010H0AAAMAM,9,0.025199999999999848
183,K83049,Paracet_Tab 500mg,0407010H0AAAMAM,9,0.025199999999999848
181,K83012,Paracet_Tab 500mg,0407010H0AAAMAM,9,0.025199999999999848
182,K83012,Paracet_Tab 500mg,0407010H0AAAMAM,9,0.025199999999999848
506,K83618,Nefopam HCl_Tab 30mg,0407010P0AAABAB,6,0.025199999999997225
505,K83050,Nefopam HCl_Tab 30mg,0407010P0AAABAB,6,0.025199999999997225
504,K83052,Nefopam HCl_Tab 30mg,0407010P0AAABAB,4,0.025199999999997225
817,K83011,Aripiprazole_Tab 10mg,0402010ADAAAAAA,4,0.02240000000000064
819,K83035,Aripiprazole_Tab 10mg,0402010ADAAAAAA,4,0.02240000000000064
818,K83012,Aripiprazole_Tab 10mg,0402010ADAAAAAA,4,0.02240000000000064
185,K83006,Paracet_Tab 500mg,0407010H0AAAMAM,4,0.022399999999999864
184,K83053,Paracet_Tab 500mg,0407010H0AAAMAM,8,0.022399999999999864
186,K83006,Paracet_Tab 500mg,0407010H0AAAMAM,4,0.022399999999999864
187,K83053,Paracet_Tab 500mg,0407010H0AAAMAM,8,0.022399999999999864
865,K83610,Memantine HCl_Tab 20mg,0411000G0AAADAD,4,0.01959999999999998
870,K83010,Memantine HCl_Tab 20mg,0411000G0AAADAD,4,0.01959999999999998
872,K83047,Memantine HCl_Tab 20mg,0411000G0AAADAD,4,0.01959999999999998
866,K83028,Memantine HCl_Tab 20mg,0411000G0AAADAD,4,0.01959999999999998
867,K83018,Memantine HCl_Tab 20mg,0411000G0AAADAD,4,0.01959999999999998
868,K83005,Memantine HCl_Tab 20mg,0411000G0AAADAD,4,0.01959999999999998
869,K83024,Memantine HCl_Tab 20mg,0411000G0AAADAD,4,0.01959999999999998
871,K83026,Memantine HCl_Tab 20mg,0411000G0AAADAD,4,0.01959999999999998
188,K83618,Paracet_Tab 500mg,0407010H0AAAMAM,7,0.01959999999999988
189,K83618,Paracet_Tab 500mg,0407010H0AAAMAM,7,0.01959999999999988
972,K83040,Pregabalin_Cap 300mg,0408010AEAAAGAG,4,0.019599999999999784
190,K83021,Paracet_Tab 500mg,0407010H0AAAMAM,1,0.01839999999999989
191,K83021,Paracet_Tab 500mg,0407010H0AAAMAM,1,0.01839999999999989
194,K83031,Paracet_Tab 500mg,0407010H0AAAMAM,6,0.01799999999999989
195,Y01139,Paracet_Tab 500mg,0407010H0AAAMAM,3,0.01799999999999989
196,K83021,Paracet_Tab 500mg,0407010H0AAAMAM,3,0.01799999999999989
197,K83064,Paracet_Tab 500mg,0407010H0AAAMAM,3,0.01799999999999989
198,K83027,Paracet_Tab 500mg,0407010H0AAAMAM,3,0.01799999999999989
199,K83009,Paracet_Tab 500mg,0407010H0AAAMAM,3,0.01799999999999989
200,K83021,Paracet_Tab 500mg,0407010H0AAAMAM,3,0.01799999999999989
201,Y01139,Paracet_Tab 500mg,0407010H0AAAMAM,3,0.01799999999999989
202,K83028,Paracet_Tab 500mg,0407010H0AAAMAM,3,0.01799999999999989
193,K83014,Paracet_Tab 500mg,0407010H0AAAMAM,3,0.01799999999999989
204,K83064,Paracet_Tab 500mg,0407010H0AAAMAM,3,0.01799999999999989
205,K83009,Paracet_Tab 500mg,0407010H0AAAMAM,3,0.01799999999999989
206,K83031,Paracet_Tab 500mg,0407010H0AAAMAM,6,0.01799999999999989
207,K83014,Paracet_Tab 500mg,0407010H0AAAMAM,3,0.01799999999999989
208,K83028,Paracet_Tab 500mg,0407010H0AAAMAM,3,0.01799999999999989
209,K83027,Paracet_Tab 500mg,0407010H0AAAMAM,3,0.01799999999999989
210,K83039,Paracet_Tab 500mg,0407010H0AAAMAM,3,0.01799999999999989
211,K83022,Paracet_Tab 500mg,0407010H0AAAMAM,3,0.01799999999999989
192,K83039,Paracet_Tab 500mg,0407010H0AAAMAM,3,0.01799999999999989
203,K83022,Paracet_Tab 500mg,0407010H0AAAMAM,3,0.01799999999999989
507,K83027,Nefopam HCl_Tab 30mg,0407010P0AAABAB,4,0.017999999999999683
508,K83041,Nefopam HCl_Tab 30mg,0407010P0AAABAB,4,0.017999999999998018
820,K83014,Aripiprazole_Tab 10mg,0402010ADAAAAAA,3,0.01680000000000048
217,K83048,Paracet_Tab 500mg,0407010H0AAAMAM,4,0.0167999999999999
212,K83008,Paracet_Tab 500mg,0407010H0AAAMAM,6,0.0167999999999999
214,K83048,Paracet_Tab 500mg,0407010H0AAAMAM,4,0.0167999999999999
215,K83043,Paracet_Tab 500mg,0407010H0AAAMAM,4,0.0167999999999999
216,K83008,Paracet_Tab 500mg,0407010H0AAAMAM,6,0.0167999999999999
213,K83043,Paracet_Tab 500mg,0407010H0AAAMAM,4,0.0167999999999999
510,K83044,Nefopam HCl_Tab 30mg,0407010P0AAABAB,4,0.01679999999999815
513,K83014,Nefopam HCl_Tab 30mg,0407010P0AAABAB,4,0.01679999999999815
512,K83066,Nefopam HCl_Tab 30mg,0407010P0AAABAB,4,0.01679999999999815
511,K83048,Nefopam HCl_Tab 30mg,0407010P0AAABAB,4,0.01679999999999815
509,K83029,Nefopam HCl_Tab 30mg,0407010P0AAABAB,4,0.01679999999999815
973,K83621,Pregabalin_Cap 300mg,0408010AEAAAGAG,4,0.016000000000000014
219,K83003,Paracet_Tab 500mg,0407010H0AAAMAM,5,0.01499999999999991
218,K83003,Paracet_Tab 500mg,0407010H0AAAMAM,5,0.01499999999999991
234,K83028,Paracet_Tab 500mg,0407010H0AAAMAM,1,0.011999999999999927
237,K83007,Paracet_Tab 500mg,0407010H0AAAMAM,2,0.011999999999999927
238,K83024,Paracet_Tab 500mg,0407010H0AAAMAM,2,0.011999999999999927
239,K83003,Paracet_Tab 500mg,0407010H0AAAMAM,2,0.011999999999999927
240,K83621,Paracet_Tab 500mg,0407010H0AAAMAM,4,0.011999999999999927
241,K83055,Paracet_Tab 500mg,0407010H0AAAMAM,2,0.011999999999999927
242,K83080,Paracet_Tab 500mg,0407010H0AAAMAM,1,0.011999999999999927
243,Y00399,Paracet_Tab 500mg,0407010H0AAAMAM,2,0.011999999999999927
230,K83031,Paracet_Tab 500mg,0407010H0AAAMAM,2,0.011999999999999927
233,K83012,Paracet_Tab 500mg,0407010H0AAAMAM,4,0.011999999999999927
232,K83601,Paracet_Tab 500mg,0407010H0AAAMAM,2,0.011999999999999927
231,K83080,Paracet_Tab 500mg,0407010H0AAAMAM,1,0.011999999999999927
229,K83601,Paracet_Tab 500mg,0407010H0AAAMAM,2,0.011999999999999927
228,K83007,Paracet_Tab 500mg,0407010H0AAAMAM,2,0.011999999999999927
227,K83049,Paracet_Tab 500mg,0407010H0AAAMAM,2,0.011999999999999927
226,K83012,Paracet_Tab 500mg,0407010H0AAAMAM,4,0.011999999999999927
225,K83028,Paracet_Tab 500mg,0407010H0AAAMAM,1,0.011999999999999927
224,Y00399,Paracet_Tab 500mg,0407010H0AAAMAM,2,0.011999999999999927
223,K83031,Paracet_Tab 500mg,0407010H0AAAMAM,2,0.011999999999999927
222,K83055,Paracet_Tab 500mg,0407010H0AAAMAM,2,0.011999999999999927
221,K83003,Paracet_Tab 500mg,0407010H0AAAMAM,2,0.011999999999999927
235,K83024,Paracet_Tab 500mg,0407010H0AAAMAM,2,0.011999999999999927
220,K83049,Paracet_Tab 500mg,0407010H0AAAMAM,2,0.011999999999999927
236,K83621,Paracet_Tab 500mg,0407010H0AAAMAM,4,0.011999999999999927
821,K83065,Aripiprazole_Tab 10mg,0402010ADAAAAAA,2,0.01120000000000032
822,K83006,Aripiprazole_Tab 10mg,0402010ADAAAAAA,2,0.01120000000000032
823,K83610,Aripiprazole_Tab 10mg,0402010ADAAAAAA,2,0.01120000000000032
244,K83620,Paracet_Tab 500mg,0407010H0AAAMAM,4,0.011199999999999932
245,K83040,Paracet_Tab 500mg,0407010H0AAAMAM,4,0.011199999999999932
246,K83003,Paracet_Tab 500mg,0407010H0AAAMAM,4,0.011199999999999932
247,K83620,Paracet_Tab 500mg,0407010H0AAAMAM,4,0.011199999999999932
248,K83040,Paracet_Tab 500mg,0407010H0AAAMAM,4,0.011199999999999932
249,K83068,Paracet_Tab 500mg,0407010H0AAAMAM,4,0.011199999999999932
250,K83068,Paracet_Tab 500mg,0407010H0AAAMAM,4,0.011199999999999932
251,K83070,Paracet_Tab 500mg,0407010H0AAAMAM,4,0.011199999999999932
252,K83025,Paracet_Tab 500mg,0407010H0AAAMAM,4,0.011199999999999932
253,K83003,Paracet_Tab 500mg,0407010H0AAAMAM,4,0.011199999999999932
254,K83025,Paracet_Tab 500mg,0407010H0AAAMAM,4,0.011199999999999932
255,K83070,Paracet_Tab 500mg,0407010H0AAAMAM,4,0.011199999999999932
257,K83056,Paracet_Tab 500mg,0407010H0AAAMAM,5,0.010499999999999936
256,K83056,Paracet_Tab 500mg,0407010H0AAAMAM,5,0.010499999999999936
994,K83621,Omeprazole_Tab E/C 20mg,0103050P0AABDBD,5,0.010499999999999815
259,K83069,Paracet_Tab 500mg,0407010H0AAAMAM,7,0.00979999999999994
258,K83069,Paracet_Tab 500mg,0407010H0AAAMAM,7,0.00979999999999994
264,K83026,Paracet_Tab 500mg,0407010H0AAAMAM,3,0.008999999999999946
260,K83621,Paracet_Tab 500mg,0407010H0AAAMAM,1,0.008999999999999946
261,K83026,Paracet_Tab 500mg,0407010H0AAAMAM,3,0.008999999999999946
262,K83051,Paracet_Tab 500mg,0407010H0AAAMAM,3,0.008999999999999946
263,K83621,Paracet_Tab 500mg,0407010H0AAAMAM,1,0.008999999999999946
265,K83051,Paracet_Tab 500mg,0407010H0AAAMAM,3,0.008999999999999946
514,K83077,Nefopam HCl_Tab 30mg,0407010P0AAABAB,2,0.008999999999999009
960,K83019,Dexameth_Tab 500mcg,0603020G0AAABAB,1,0.008999999999999009
824,K83621,Aripiprazole_Tab 10mg,0402010ADAAAAAA,2,0.008400000000001406
825,K83024,Aripiprazole_Tab 10mg,0402010ADAAAAAA,2,0.008400000000001406
826,K83003,Aripiprazole_Tab 10mg,0402010ADAAAAAA,4,0.008400000000001406
270,K83049,Paracet_Tab 500mg,0407010H0AAAMAM,4,0.00839999999999995
266,K83020,Paracet_Tab 500mg,0407010H0AAAMAM,4,0.00839999999999995
268,K83049,Paracet_Tab 500mg,0407010H0AAAMAM,4,0.00839999999999995
271,K83621,Paracet_Tab 500mg,0407010H0AAAMAM,6,0.00839999999999995
272,K83621,Paracet_Tab 500mg,0407010H0AAAMAM,6,0.00839999999999995
273,K83020,Paracet_Tab 500mg,0407010H0AAAMAM,4,0.00839999999999995
267,K83052,Paracet_Tab 500mg,0407010H0AAAMAM,3,0.00839999999999995
269,K83052,Paracet_Tab 500mg,0407010H0AAAMAM,3,0.00839999999999995
997,K83025,Omeprazole_Tab E/C 20mg,0103050P0AABDBD,4,0.008399999999999852
996,K83077,Omeprazole_Tab E/C 20mg,0103050P0AABDBD,4,0.008399999999999852
995,K83030,Omeprazole_Tab E/C 20mg,0103050P0AABDBD,4,0.008399999999999852
515,K83032,Nefopam HCl_Tab 30mg,0407010P0AAABAB,2,0.008399999999999075
908,K83042,Prednisolone_Tab Solb 5mg,0603020T0AABHBH,2,0.007199999999999207
827,K83007,Aripiprazole_Tab 10mg,0402010ADAAAAAA,1,0.007000000000001172
274,K83065,Paracet_Tab 500mg,0407010H0AAAMAM,5,0.006999999999999958
275,K83065,Paracet_Tab 500mg,0407010H0AAAMAM,5,0.006999999999999958
828,K83014,Aripiprazole_Tab 10mg,0402010ADAAAAAA,3,0.006300000000001055
974,K83030,Pregabalin_Cap 300mg,0408010AEAAAGAG,1,0.006299999999999889
292,K83022,Paracet_Tab 500mg,0407010H0AAAMAM,2,0.005999999999999964
294,K83076,Paracet_Tab 500mg,0407010H0AAAMAM,1,0.005999999999999964
293,K83065,Paracet_Tab 500mg,0407010H0AAAMAM,1,0.005999999999999964
280,K83007,Paracet_Tab 500mg,0407010H0AAAMAM,2,0.005999999999999964
291,K83040,Paracet_Tab 500mg,0407010H0AAAMAM,1,0.005999999999999964
289,K83065,Paracet_Tab 500mg,0407010H0AAAMAM,1,0.005999999999999964
288,K83010,Paracet_Tab 500mg,0407010H0AAAMAM,1,0.005999999999999964
287,K83010,Paracet_Tab 500mg,0407010H0AAAMAM,1,0.005999999999999964
290,K83035,Paracet_Tab 500mg,0407010H0AAAMAM,2,0.005999999999999964
296,Y00399,Paracet_Tab 500mg,0407010H0AAAMAM,2,0.005999999999999964
295,K83616,Paracet_Tab 500mg,0407010H0AAAMAM,1,0.005999999999999964
285,K83022,Paracet_Tab 500mg,0407010H0AAAMAM,2,0.005999999999999964
297,K83007,Paracet_Tab 500mg,0407010H0AAAMAM,2,0.005999999999999964
298,K83076,Paracet_Tab 500mg,0407010H0AAAMAM,1,0.005999999999999964
299,K83030,Paracet_Tab 500mg,0407010H0AAAMAM,1,0.005999999999999964
300,K83044,Paracet_Tab 500mg,0407010H0AAAMAM,1,0.005999999999999964
301,K83035,Paracet_Tab 500mg,0407010H0AAAMAM,2,0.005999999999999964
302,Y00234,Paracet_Tab 500mg,0407010H0AAAMAM,1,0.005999999999999964
286,K83006,Paracet_Tab 500mg,0407010H0AAAMAM,1,0.005999999999999964
303,Y00234,Paracet_Tab 500mg,0407010H0AAAMAM,1,0.005999999999999964
284,K83616,Paracet_Tab 500mg,0407010H0AAAMAM,1,0.005999999999999964
276,K83044,Paracet_Tab 500mg,0407010H0AAAMAM,1,0.005999999999999964
282,K83064,Paracet_Tab 500mg,0407010H0AAAMAM,2,0.005999999999999964
281,K83040,Paracet_Tab 500mg,0407010H0AAAMAM,1,0.005999999999999964
283,K83006,Paracet_Tab 500mg,0407010H0AAAMAM,1,0.005999999999999964
279,K83064,Paracet_Tab 500mg,0407010H0AAAMAM,2,0.005999999999999964
278,K83030,Paracet_Tab 500mg,0407010H0AAAMAM,1,0.005999999999999964
277,Y00399,Paracet_Tab 500mg,0407010H0AAAMAM,2,0.005999999999999964
885,K83009,Atorvastatin_Tab 20mg,0212000B0AAABAB,1,0.0057000000000000176
835,K83027,Aripiprazole_Tab 10mg,0402010ADAAAAAA,1,0.00560000000000016
829,K83036,Aripiprazole_Tab 10mg,0402010ADAAAAAA,1,0.00560000000000016
830,K83077,Aripiprazole_Tab 10mg,0402010ADAAAAAA,1,0.00560000000000016
831,K83009,Aripiprazole_Tab 10mg,0402010ADAAAAAA,1,0.00560000000000016
832,Y00028,Aripiprazole_Tab 10mg,0402010ADAAAAAA,1,0.00560000000000016
833,K83041,Aripiprazole_Tab 10mg,0402010ADAAAAAA,1,0.00560000000000016
834,K83003,Aripiprazole_Tab 10mg,0402010ADAAAAAA,1,0.00560000000000016
305,K83014,Paracet_Tab 500mg,0407010H0AAAMAM,2,0.005599999999999966
304,K83014,Paracet_Tab 500mg,0407010H0AAAMAM,2,0.005599999999999966
308,K83006,Paracet_Tab 500mg,0407010H0AAAMAM,4,0.005599999999999966
307,K83021,Paracet_Tab 500mg,0407010H0AAAMAM,1,0.005599999999999966
306,K83013,Paracet_Tab 500mg,0407010H0AAAMAM,4,0.005599999999999966
316,K83021,Paracet_Tab 500mg,0407010H0AAAMAM,1,0.005599999999999966
309,K83007,Paracet_Tab 500mg,0407010H0AAAMAM,4,0.005599999999999966
310,K83040,Paracet_Tab 500mg,0407010H0AAAMAM,1,0.005599999999999966
311,K83028,Paracet_Tab 500mg,0407010H0AAAMAM,2,0.005599999999999966
312,K83013,Paracet_Tab 500mg,0407010H0AAAMAM,4,0.005599999999999966
313,K83007,Paracet_Tab 500mg,0407010H0AAAMAM,4,0.005599999999999966
314,K83040,Paracet_Tab 500mg,0407010H0AAAMAM,1,0.005599999999999966
315,K83053,Paracet_Tab 500mg,0407010H0AAAMAM,4,0.005599999999999966
317,K83053,Paracet_Tab 500mg,0407010H0AAAMAM,4,0.005599999999999966
318,K83028,Paracet_Tab 500mg,0407010H0AAAMAM,2,0.005599999999999966
319,K83006,Paracet_Tab 500mg,0407010H0AAAMAM,4,0.005599999999999966
962,K83064,Dexameth_Tab 500mcg,0603020G0AAABAB,1,0.005599999999999383
961,K83079,Dexameth_Tab 500mcg,0603020G0AAABAB,1,0.005599999999999383
516,K83041,Nefopam HCl_Tab 30mg,0407010P0AAABAB,1,0.005399999999999905
321,K83051,Paracet_Tab 500mg,0407010H0AAAMAM,1,0.004800000000000054
320,K83051,Paracet_Tab 500mg,0407010H0AAAMAM,1,0.004800000000000054
519,K83025,Nefopam HCl_Tab 30mg,0407010P0AAABAB,1,0.004499999999999504
912,K83049,Prednisolone_Tab Solb 5mg,0603020T0AABHBH,1,0.004499999999999504
911,K83051,Prednisolone_Tab Solb 5mg,0603020T0AABHBH,1,0.004499999999999504
910,K83037,Prednisolone_Tab Solb 5mg,0603020T0AABHBH,1,0.004499999999999504
909,K83011,Prednisolone_Tab Solb 5mg,0603020T0AABHBH,1,0.004499999999999504
517,K83006,Nefopam HCl_Tab 30mg,0407010P0AAABAB,1,0.004499999999999504
518,K83027,Nefopam HCl_Tab 30mg,0407010P0AAABAB,1,0.004499999999999504
322,K83012,Paracet_Tab 500mg,0407010H0AAAMAM,1,0.004199999999999975
323,K83012,Paracet_Tab 500mg,0407010H0AAAMAM,1,0.004199999999999975
999,K83041,Omeprazole_Tab E/C 20mg,0103050P0AABDBD,1,0.004199999999999926
998,K83025,Omeprazole_Tab E/C 20mg,0103050P0AABDBD,1,0.004199999999999926
329,K83066,Paracet_Tab 500mg,0407010H0AAAMAM,1,0.0040000000000000105
328,K83068,Paracet_Tab 500mg,0407010H0AAAMAM,1,0.0040000000000000105
327,K83066,Paracet_Tab 500mg,0407010H0AAAMAM,1,0.0040000000000000105
326,K83068,Paracet_Tab 500mg,0407010H0AAAMAM,1,0.0040000000000000105
324,K83041,Paracet_Tab 500mg,0407010H0AAAMAM,1,0.0040000000000000105
325,K83041,Paracet_Tab 500mg,0407010H0AAAMAM,1,0.0040000000000000105
975,K83044,Pregabalin_Cap 300mg,0408010AEAAAGAG,1,0.0040000000000000036
836,K83009,Aripiprazole_Tab 10mg,0402010ADAAAAAA,1,0.0040000000000000036
886,K83012,Atorvastatin_Tab 20mg,0212000B0AAABAB,1,0.003800000000000109
837,K83014,Aripiprazole_Tab 10mg,0402010ADAAAAAA,1,0.003599999999999992
913,Y00082,Prednisolone_Tab Solb 5mg,0603020T0AABHBH,1,0.0035999999999996035
520,K83007,Nefopam HCl_Tab 30mg,0407010P0AAABAB,1,0.0034999999999996145
887,K83066,Atorvastatin_Tab 20mg,0212000B0AAABAB,1,0.0030000000000000165
352,K83040,Paracet_Tab 500mg,0407010H0AAAMAM,1,0.002999999999999982
355,K83032,Paracet_Tab 500mg,0407010H0AAAMAM,1,0.002999999999999982
354,K83042,Paracet_Tab 500mg,0407010H0AAAMAM,1,0.002999999999999982
353,K83005,Paracet_Tab 500mg,0407010H0AAAMAM,1,0.002999999999999982
343,K83014,Paracet_Tab 500mg,0407010H0AAAMAM,1,0.002999999999999982
351,K83040,Paracet_Tab 500mg,0407010H0AAAMAM,1,0.002999999999999982
350,K83011,Paracet_Tab 500mg,0407010H0AAAMAM,1,0.002999999999999982
330,K83006,Paracet_Tab 500mg,0407010H0AAAMAM,1,0.002999999999999982
331,K83030,Paracet_Tab 500mg,0407010H0AAAMAM,1,0.002999999999999982
332,K83009,Paracet_Tab 500mg,0407010H0AAAMAM,1,0.002999999999999982
333,K83005,Paracet_Tab 500mg,0407010H0AAAMAM,1,0.002999999999999982
334,Y00234,Paracet_Tab 500mg,0407010H0AAAMAM,1,0.002999999999999982
335,K83030,Paracet_Tab 500mg,0407010H0AAAMAM,1,0.002999999999999982
336,K83009,Paracet_Tab 500mg,0407010H0AAAMAM,1,0.002999999999999982
337,Y00234,Paracet_Tab 500mg,0407010H0AAAMAM,1,0.002999999999999982
338,K83029,Paracet_Tab 500mg,0407010H0AAAMAM,1,0.002999999999999982
339,K83042,Paracet_Tab 500mg,0407010H0AAAMAM,1,0.002999999999999982
340,K83006,Paracet_Tab 500mg,0407010H0AAAMAM,1,0.002999999999999982
341,K83029,Paracet_Tab 500mg,0407010H0AAAMAM,1,0.002999999999999982
344,K83025,Paracet_Tab 500mg,0407010H0AAAMAM,1,0.002999999999999982
345,K83032,Paracet_Tab 500mg,0407010H0AAAMAM,1,0.002999999999999982
346,K83011,Paracet_Tab 500mg,0407010H0AAAMAM,1,0.002999999999999982
347,K83015,Paracet_Tab 500mg,0407010H0AAAMAM,1,0.002999999999999982
348,K83014,Paracet_Tab 500mg,0407010H0AAAMAM,1,0.002999999999999982
349,K83025,Paracet_Tab 500mg,0407010H0AAAMAM,1,0.002999999999999982
342,K83015,Paracet_Tab 500mg,0407010H0AAAMAM,1,0.002999999999999982
976,K83621,Pregabalin_Cap 300mg,0408010AEAAAGAG,1,0.002999999999999947
914,K83081,Prednisolone_Tab Solb 5mg,0603020T0AABHBH,1,0.0029999999999996696
357,K83050,Paracet_Tab 500mg,0407010H0AAAMAM,1,0.002799999999999983
356,K83050,Paracet_Tab 500mg,0407010H0AAAMAM,1,0.002799999999999983
838,K83068,Aripiprazole_Tab 10mg,0402010ADAAAAAA,1,0.0021000000000003516
873,Y00234,Memantine HCl_Tab 20mg,0411000G0AAADAD,1,0.0020999999999999977
1000,K83005,Omeprazole_Tab E/C 20mg,0103050P0AABDBD,1,0.002099999999999963
915,K83014,Prednisolone_Tab Solb 5mg,0603020T0AABHBH,1,0.0020999999999997687
888,K83042,Atorvastatin_Tab 20mg,0212000B0AAABAB,1,0.00180000000000001
839,K83009,Aripiprazole_Tab 10mg,0402010ADAAAAAA,1,0.0009000000000001507
964,K83052,Dexameth_Tab 500mcg,0603020G0AAABAB,1,0.0007999999999999119
963,K83616,Dexameth_Tab 500mcg,0603020G0AAABAB,1,0.0007999999999999119
966,K83041,Dexameth_Tab 500mcg,0603020G0AAABAB,1,0.0007999999999999119
965,K83022,Dexameth_Tab 500mcg,0603020G0AAABAB,1,0.0007999999999999119
840,K83620,Aripiprazole_Tab 10mg,0402010ADAAAAAA,1,0.0003000000000000502
889,K83051,Atorvastatin_Tab 20mg,0212000B0AAABAB,1,-0.0013999999999999985
890,K83618,Atorvastatin_Tab 20mg,0212000B0AAABAB,1,-0.0013999999999999985
358,K83041,Paracet_Tab 500mg,0407010H0AAAMAM,1,-0.001999999999999988
359,K83041,Paracet_Tab 500mg,0407010H0AAAMAM,1,-0.001999999999999988
841,K83009,Aripiprazole_Tab 10mg,0402010ADAAAAAA,1,-0.002099999999999963
874,K83032,Memantine HCl_Tab 20mg,0411000G0AAADAD,1,-0.0021999999999999867
917,Y00028,Prednisolone_Tab Solb 5mg,0603020T0AABHBH,1,-0.0023999999999997357
916,K83080,Prednisolone_Tab Solb 5mg,0603020T0AABHBH,1,-0.0023999999999997357
918,K83601,Prednisolone_Tab Solb 5mg,0603020T0AABHBH,1,-0.0023999999999997357
919,Y00234,Prednisolone_Tab Solb 5mg,0603020T0AABHBH,1,-0.0023999999999997357
920,K83041,Prednisolone_Tab Solb 5mg,0603020T0AABHBH,1,-0.0024999999999997247
891,K83025,Atorvastatin_Tab 20mg,0212000B0AAABAB,1,-0.002799999999999997
892,K83036,Atorvastatin_Tab 20mg,0212000B0AAABAB,1,-0.002799999999999997
979,Y02804,Pregabalin_Cap 300mg,0408010AEAAAGAG,1,-0.0028000000000000247
977,K83041,Pregabalin_Cap 300mg,0408010AEAAAGAG,1,-0.0028000000000000247
978,K83029,Pregabalin_Cap 300mg,0408010AEAAAGAG,1,-0.0028000000000000247
895,K83051,Atorvastatin_Tab 20mg,0212000B0AAABAB,1,-0.0029999999999998778
893,K83040,Atorvastatin_Tab 20mg,0212000B0AAABAB,1,-0.0029999999999998778
894,K83014,Atorvastatin_Tab 20mg,0212000B0AAABAB,1,-0.0029999999999998778
808,K83051,Clonazepam_Tab 500mcg,0408010F0AAABAB,1,-0.003000000000001335
896,K83039,Atorvastatin_Tab 20mg,0212000B0AAABAB,1,-0.0033999999999999794
980,Y00082,Pregabalin_Cap 300mg,0408010AEAAAGAG,1,-0.003500000000000031
929,K83051,Prednisolone_Tab Solb 5mg,0603020T0AABHBH,1,-0.0035999999999996035
928,K83043,Prednisolone_Tab Solb 5mg,0603020T0AABHBH,1,-0.0035999999999996035
927,K83055,Prednisolone_Tab Solb 5mg,0603020T0AABHBH,1,-0.0035999999999996035
921,K83066,Prednisolone_Tab Solb 5mg,0603020T0AABHBH,1,-0.0035999999999996035
925,K83065,Prednisolone_Tab Solb 5mg,0603020T0AABHBH,1,-0.0035999999999996035
926,K83021,Prednisolone_Tab Solb 5mg,0603020T0AABHBH,1,-0.0035999999999996035
922,K83036,Prednisolone_Tab Solb 5mg,0603020T0AABHBH,1,-0.0035999999999996035
924,K83028,Prednisolone_Tab Solb 5mg,0603020T0AABHBH,1,-0.0035999999999996035
923,K83022,Prednisolone_Tab Solb 5mg,0603020T0AABHBH,1,-0.0035999999999996035
360,K83013,Paracet_Tab 500mg,0407010H0AAAMAM,1,-0.003599999999999999
361,K83013,Paracet_Tab 500mg,0407010H0AAAMAM,1,-0.003599999999999999
932,K83013,Prednisolone_Tab Solb 5mg,0603020T0AABHBH,1,-0.0039999999999995595
931,K83042,Prednisolone_Tab Solb 5mg,0603020T0AABHBH,1,-0.0039999999999995595
930,K83625,Prednisolone_Tab Solb 5mg,0603020T0AABHBH,1,-0.0039999999999995595
933,K83008,Prednisolone_Tab Solb 5mg,0603020T0AABHBH,1,-0.0039999999999995595
367,K83044,Paracet_Tab 500mg,0407010H0AAAMAM,1,-0.003999999999999976
362,K83010,Paracet_Tab 500mg,0407010H0AAAMAM,1,-0.003999999999999976
363,K83010,Paracet_Tab 500mg,0407010H0AAAMAM,1,-0.003999999999999976
364,K83042,Paracet_Tab 500mg,0407010H0AAAMAM,1,-0.003999999999999976
365,K83044,Paracet_Tab 500mg,0407010H0AAAMAM,1,-0.003999999999999976
366,K83042,Paracet_Tab 500mg,0407010H0AAAMAM,1,-0.003999999999999976
934,K83005,Prednisolone_Tab Solb 5mg,0603020T0AABHBH,1,-0.0041999999999995374
935,K83601,Prednisolone_Tab Solb 5mg,0603020T0AABHBH,1,-0.0041999999999995374
936,K83036,Prednisolone_Tab Solb 5mg,0603020T0AABHBH,1,-0.0041999999999995374
843,K83006,Aripiprazole_Tab 10mg,0402010ADAAAAAA,2,-0.004199999999999926
842,K83032,Aripiprazole_Tab 10mg,0402010ADAAAAAA,2,-0.004199999999999926
897,K83624,Atorvastatin_Tab 20mg,0212000B0AAABAB,1,-0.004199999999999995
981,K83077,Pregabalin_Cap 300mg,0408010AEAAAGAG,1,-0.004200000000000037
944,K83051,Prednisolone_Tab Solb 5mg,0603020T0AABHBH,1,-0.004799999999999471
943,K83056,Prednisolone_Tab Solb 5mg,0603020T0AABHBH,1,-0.004799999999999471
942,K83006,Prednisolone_Tab Solb 5mg,0603020T0AABHBH,1,-0.004799999999999471
940,K83005,Prednisolone_Tab Solb 5mg,0603020T0AABHBH,1,-0.004799999999999471
939,K83053,Prednisolone_Tab Solb 5mg,0603020T0AABHBH,1,-0.004799999999999471
938,K83003,Prednisolone_Tab Solb 5mg,0603020T0AABHBH,1,-0.004799999999999471
937,K83010,Prednisolone_Tab Solb 5mg,0603020T0AABHBH,1,-0.004799999999999471
945,K83041,Prednisolone_Tab Solb 5mg,0603020T0AABHBH,1,-0.004799999999999471
941,K83049,Prednisolone_Tab Solb 5mg,0603020T0AABHBH,1,-0.004799999999999471
950,K83006,Prednisolone_Tab Solb 5mg,0603020T0AABHBH,1,-0.0047999999999999154
949,K83015,Prednisolone_Tab Solb 5mg,0603020T0AABHBH,1,-0.0047999999999999154
948,K83009,Prednisolone_Tab Solb 5mg,0603020T0AABHBH,1,-0.0047999999999999154
947,K83032,Prednisolone_Tab Solb 5mg,0603020T0AABHBH,1,-0.0047999999999999154
946,K83049,Prednisolone_Tab Solb 5mg,0603020T0AABHBH,1,-0.0047999999999999154
371,K83021,Paracet_Tab 500mg,0407010H0AAAMAM,1,-0.004799999999999971
370,K83012,Paracet_Tab 500mg,0407010H0AAAMAM,1,-0.004799999999999971
369,K83021,Paracet_Tab 500mg,0407010H0AAAMAM,1,-0.004799999999999971
368,K83012,Paracet_Tab 500mg,0407010H0AAAMAM,1,-0.004799999999999971
379,Y00399,Paracet_Tab 500mg,0407010H0AAAMAM,1,-0.005599999999999966
378,K83055,Paracet_Tab 500mg,0407010H0AAAMAM,1,-0.005599999999999966
375,K83031,Paracet_Tab 500mg,0407010H0AAAMAM,1,-0.005599999999999966
374,K83055,Paracet_Tab 500mg,0407010H0AAAMAM,1,-0.005599999999999966
373,Y00399,Paracet_Tab 500mg,0407010H0AAAMAM,1,-0.005599999999999966
372,K83047,Paracet_Tab 500mg,0407010H0AAAMAM,1,-0.005599999999999966
376,K83031,Paracet_Tab 500mg,0407010H0AAAMAM,1,-0.005599999999999966
377,K83005,Paracet_Tab 500mg,0407010H0AAAMAM,1,-0.005599999999999966
381,K83047,Paracet_Tab 500mg,0407010H0AAAMAM,1,-0.005599999999999966
380,K83005,Paracet_Tab 500mg,0407010H0AAAMAM,1,-0.005599999999999966
983,Y00082,Pregabalin_Cap 300mg,0408010AEAAAGAG,2,-0.005600000000000049
982,K83043,Pregabalin_Cap 300mg,0408010AEAAAGAG,2,-0.005600000000000049
898,K83043,Atorvastatin_Tab 20mg,0212000B0AAABAB,2,-0.0059999999999997555
383,K83006,Paracet_Tab 500mg,0407010H0AAAMAM,3,-0.005999999999999964
382,K83006,Paracet_Tab 500mg,0407010H0AAAMAM,3,-0.005999999999999964
809,K83025,Clonazepam_Tab 500mcg,0408010F0AAABAB,1,-0.00600000000000267
951,Y00082,Prednisolone_Tab Solb 5mg,0603020T0AABHBH,2,-0.007199999999999207
952,Y00082,Prednisolone_Tab Solb 5mg,0603020T0AABHBH,2,-0.007999999999999119
849,K83012,Aripiprazole_Tab 10mg,0402010ADAAAAAA,4,-0.008399999999999852
851,K83020,Aripiprazole_Tab 10mg,0402010ADAAAAAA,4,-0.008399999999999852
848,K83052,Aripiprazole_Tab 10mg,0402010ADAAAAAA,4,-0.008399999999999852
844,K83007,Aripiprazole_Tab 10mg,0402010ADAAAAAA,4,-0.008399999999999852
845,K83625,Aripiprazole_Tab 10mg,0402010ADAAAAAA,4,-0.008399999999999852
846,K83026,Aripiprazole_Tab 10mg,0402010ADAAAAAA,4,-0.008399999999999852
847,K83013,Aripiprazole_Tab 10mg,0402010ADAAAAAA,4,-0.008399999999999852
852,K83620,Aripiprazole_Tab 10mg,0402010ADAAAAAA,4,-0.008399999999999852
850,K83077,Aripiprazole_Tab 10mg,0402010ADAAAAAA,4,-0.008399999999999852
984,K83043,Pregabalin_Cap 300mg,0408010AEAAAGAG,6,-0.008400000000000074
953,K83009,Prednisolone_Tab Solb 5mg,0603020T0AABHBH,2,-0.009599999999998943
853,K83027,Aripiprazole_Tab 10mg,0402010ADAAAAAA,5,-0.010499999999999815
385,K83033,Paracet_Tab 500mg,0407010H0AAAMAM,2,-0.011199999999999932
386,K83039,Paracet_Tab 500mg,0407010H0AAAMAM,2,-0.011199999999999932
387,K83039,Paracet_Tab 500mg,0407010H0AAAMAM,2,-0.011199999999999932
388,K83033,Paracet_Tab 500mg,0407010H0AAAMAM,2,-0.011199999999999932
389,K83616,Paracet_Tab 500mg,0407010H0AAAMAM,2,-0.011199999999999932
384,K83616,Paracet_Tab 500mg,0407010H0AAAMAM,2,-0.011199999999999932
899,K83621,Atorvastatin_Tab 20mg,0212000B0AAABAB,4,-0.011199999999999988
954,K83026,Prednisolone_Tab Solb 5mg,0603020T0AABHBH,3,-0.011999999999998678
855,K83037,Aripiprazole_Tab 10mg,0402010ADAAAAAA,6,-0.012599999999999778
856,K83025,Aripiprazole_Tab 10mg,0402010ADAAAAAA,6,-0.012599999999999778
854,K83051,Aripiprazole_Tab 10mg,0402010ADAAAAAA,6,-0.012599999999999778
390,K83066,Paracet_Tab 500mg,0407010H0AAAMAM,4,-0.014399999999999996
391,K83066,Paracet_Tab 500mg,0407010H0AAAMAM,4,-0.014399999999999996
857,K83010,Aripiprazole_Tab 10mg,0402010ADAAAAAA,7,-0.014699999999999741
858,K83050,Aripiprazole_Tab 10mg,0402010ADAAAAAA,7,-0.014699999999999741
859,K83620,Aripiprazole_Tab 10mg,0402010ADAAAAAA,5,-0.015999999999999903
399,K83015,Paracet_Tab 500mg,0407010H0AAAMAM,3,-0.0167999999999999
396,Y00028,Paracet_Tab 500mg,0407010H0AAAMAM,3,-0.0167999999999999
397,K83044,Paracet_Tab 500mg,0407010H0AAAMAM,3,-0.0167999999999999
393,Y00028,Paracet_Tab 500mg,0407010H0AAAMAM,3,-0.0167999999999999
395,K83044,Paracet_Tab 500mg,0407010H0AAAMAM,3,-0.0167999999999999
394,K83007,Paracet_Tab 500mg,0407010H0AAAMAM,3,-0.0167999999999999
392,K83015,Paracet_Tab 500mg,0407010H0AAAMAM,3,-0.0167999999999999
398,K83007,Paracet_Tab 500mg,0407010H0AAAMAM,3,-0.0167999999999999
900,K83066,Atorvastatin_Tab 20mg,0212000B0AAABAB,4,-0.01679999999999998
955,K83028,Prednisolone_Tab Solb 5mg,0603020T0AABHBH,4,-0.019199999999997885
400,K83621,Paracet_Tab 500mg,0407010H0AAAMAM,4,-0.019199999999999884
401,K83621,Paracet_Tab 500mg,0407010H0AAAMAM,4,-0.019199999999999884
901,K83621,Atorvastatin_Tab 20mg,0212000B0AAABAB,15,-0.020999999999999977
902,K83024,Atorvastatin_Tab 20mg,0212000B0AAABAB,5,-0.020999999999999977
409,K83056,Paracet_Tab 500mg,0407010H0AAAMAM,4,-0.022399999999999864
408,K83625,Paracet_Tab 500mg,0407010H0AAAMAM,4,-0.022399999999999864
406,K83050,Paracet_Tab 500mg,0407010H0AAAMAM,4,-0.022399999999999864
407,K83601,Paracet_Tab 500mg,0407010H0AAAMAM,4,-0.022399999999999864
402,K83601,Paracet_Tab 500mg,0407010H0AAAMAM,4,-0.022399999999999864
403,K83056,Paracet_Tab 500mg,0407010H0AAAMAM,4,-0.022399999999999864
404,K83050,Paracet_Tab 500mg,0407010H0AAAMAM,4,-0.022399999999999864
405,K83625,Paracet_Tab 500mg,0407010H0AAAMAM,4,-0.022399999999999864
903,K83024,Atorvastatin_Tab 20mg,0212000B0AAABAB,8,-0.022399999999999975
410,K83066,Paracet_Tab 500mg,0407010H0AAAMAM,11,-0.026399999999999993
411,K83066,Paracet_Tab 500mg,0407010H0AAAMAM,11,-0.026399999999999993
412,K83070,Paracet_Tab 500mg,0407010H0AAAMAM,5,-0.02799999999999983
413,K83070,Paracet_Tab 500mg,0407010H0AAAMAM,5,-0.02799999999999983
904,K83066,Atorvastatin_Tab 20mg,0212000B0AAABAB,11,-0.030799999999999966
985,K83032,Pregabalin_Cap 300mg,0408010AEAAAGAG,23,-0.032200000000000284
414,K83028,Paracet_Tab 500mg,0407010H0AAAMAM,6,-0.0335999999999998
415,K83051,Paracet_Tab 500mg,0407010H0AAAMAM,6,-0.0335999999999998
416,K83028,Paracet_Tab 500mg,0407010H0AAAMAM,6,-0.0335999999999998
417,K83009,Paracet_Tab 500mg,0407010H0AAAMAM,6,-0.0335999999999998
418,K83009,Paracet_Tab 500mg,0407010H0AAAMAM,6,-0.0335999999999998
419,K83051,Paracet_Tab 500mg,0407010H0AAAMAM,6,-0.0335999999999998
425,K83037,Paracet_Tab 500mg,0407010H0AAAMAM,7,-0.03919999999999976
420,K83022,Paracet_Tab 500mg,0407010H0AAAMAM,7,-0.03919999999999976
421,K83036,Paracet_Tab 500mg,0407010H0AAAMAM,7,-0.03919999999999976
422,K83037,Paracet_Tab 500mg,0407010H0AAAMAM,7,-0.03919999999999976
423,K83036,Paracet_Tab 500mg,0407010H0AAAMAM,7,-0.03919999999999976
424,K83022,Paracet_Tab 500mg,0407010H0AAAMAM,7,-0.03919999999999976
986,K83026,Pregabalin_Cap 300mg,0408010AEAAAGAG,29,-0.04060000000000036
426,K83618,Paracet_Tab 500mg,0407010H0AAAMAM,8,-0.04479999999999973
427,K83618,Paracet_Tab 500mg,0407010H0AAAMAM,8,-0.04479999999999973
428,K83053,Paracet_Tab 500mg,0407010H0AAAMAM,8,-0.04479999999999973
429,K83053,Paracet_Tab 500mg,0407010H0AAAMAM,8,-0.04479999999999973
430,K83015,Paracet_Tab 500mg,0407010H0AAAMAM,12,-0.047999999999999876
431,K83015,Paracet_Tab 500mg,0407010H0AAAMAM,12,-0.047999999999999876
432,K83024,Paracet_Tab 500mg,0407010H0AAAMAM,9,-0.050399999999999695
433,K83024,Paracet_Tab 500mg,0407010H0AAAMAM,9,-0.050399999999999695
434,K83020,Paracet_Tab 500mg,0407010H0AAAMAM,10,-0.05599999999999966
435,K83020,Paracet_Tab 500mg,0407010H0AAAMAM,10,-0.05599999999999966
436,K83052,Paracet_Tab 500mg,0407010H0AAAMAM,11,-0.06159999999999963
437,K83052,Paracet_Tab 500mg,0407010H0AAAMAM,11,-0.06159999999999963
987,K83621,Pregabalin_Cap 300mg,0408010AEAAAGAG,16,-0.06720000000000059
443,K83029,Paracet_Tab 500mg,0407010H0AAAMAM,13,-0.07279999999999956
438,K83064,Paracet_Tab 500mg,0407010H0AAAMAM,13,-0.07279999999999956
439,K83043,Paracet_Tab 500mg,0407010H0AAAMAM,13,-0.07279999999999956
440,K83029,Paracet_Tab 500mg,0407010H0AAAMAM,13,-0.07279999999999956
441,K83064,Paracet_Tab 500mg,0407010H0AAAMAM,13,-0.07279999999999956
442,K83043,Paracet_Tab 500mg,0407010H0AAAMAM,13,-0.07279999999999956
447,K83003,Paracet_Tab 500mg,0407010H0AAAMAM,15,-0.08399999999999949
446,K83003,Paracet_Tab 500mg,0407010H0AAAMAM,15,-0.08399999999999949
444,K83030,Paracet_Tab 500mg,0407010H0AAAMAM,15,-0.08399999999999949
445,K83030,Paracet_Tab 500mg,0407010H0AAAMAM,15,-0.08399999999999949
988,K83621,Pregabalin_Cap 300mg,0408010AEAAAGAG,31,-0.08680000000000077
860,K83047,Aripiprazole_Tab 10mg,0402010ADAAAAAA,28,-0.08959999999999946
448,K83620,Paracet_Tab 500mg,0407010H0AAAMAM,16,-0.08959999999999946
449,K83620,Paracet_Tab 500mg,0407010H0AAAMAM,16,-0.08959999999999946
450,K83025,Paracet_Tab 500mg,0407010H0AAAMAM,16,-0.08959999999999946
451,K83025,Paracet_Tab 500mg,0407010H0AAAMAM,16,-0.08959999999999946
454,K83610,Paracet_Tab 500mg,0407010H0AAAMAM,17,-0.09519999999999942
453,K83068,Paracet_Tab 500mg,0407010H0AAAMAM,17,-0.09519999999999942
455,K83610,Paracet_Tab 500mg,0407010H0AAAMAM,17,-0.09519999999999942
452,K83068,Paracet_Tab 500mg,0407010H0AAAMAM,17,-0.09519999999999942
457,K83077,Paracet_Tab 500mg,0407010H0AAAMAM,19,-0.10639999999999936
456,K83077,Paracet_Tab 500mg,0407010H0AAAMAM,19,-0.10639999999999936
459,K83012,Paracet_Tab 500mg,0407010H0AAAMAM,21,-0.11759999999999929
458,K83012,Paracet_Tab 500mg,0407010H0AAAMAM,21,-0.11759999999999929
461,K83018,Paracet_Tab 500mg,0407010H0AAAMAM,27,-0.15119999999999909
460,K83018,Paracet_Tab 500mg,0407010H0AAAMAM,27,-0.15119999999999909
462,K83010,Paracet_Tab 500mg,0407010H0AAAMAM,28,-0.15679999999999905
463,K83010,Paracet_Tab 500mg,0407010H0AAAMAM,28,-0.15679999999999905
464,K83066,Paracet_Tab 500mg,0407010H0AAAMAM,30,-0.16799999999999898
465,K83066,Paracet_Tab 500mg,0407010H0AAAMAM,30,-0.16799999999999898
989,K83621,Pregabalin_Cap 300mg,0408010AEAAAGAG,149,-0.20860000000000184
467,K83047,Paracet_Tab 500mg,0407010H0AAAMAM,1,-0.8191999999999999
466,K83047,Paracet_Tab 500mg,0407010H0AAAMAM,1,-0.8191999999999999
469,K83013,Paracet_Tab 500mg,0407010H0AAAMAM,43,-0.8599999999999948
468,K83013,Paracet_Tab 500mg,0407010H0AAAMAM,43,-0.8599999999999948
471,K83047,Paracet_Tab 500mg,0407010H0AAAMAM,44,-0.8799999999999947
470,K83047,Paracet_Tab 500mg,0407010H0AAAMAM,44,-0.8799999999999947
473,K83029,Paracet_Tab 500mg,0407010H0AAAMAM,4,-0.9600000000000004
472,K83029,Paracet_Tab 500mg,0407010H0AAAMAM,4,-0.9600000000000004
475,K83066,Paracet_Tab 500mg,0407010H0AAAMAM,22,-0.985599999999994
474,K83066,Paracet_Tab 500mg,0407010H0AAAMAM,22,-0.985599999999994
476,K83006,Paracet_Tab 500mg,0407010H0AAAMAM,48,-1.0751999999999935
477,K83006,Paracet_Tab 500mg,0407010H0AAAMAM,48,-1.0751999999999935
478,Y00399,Paracet_Tab 500mg,0407010H0AAAMAM,1,-1.152
479,Y00399,Paracet_Tab 500mg,0407010H0AAAMAM,1,-1.152
480,K83051,Paracet_Tab 500mg,0407010H0AAAMAM,59,-1.1799999999999928
481,K83051,Paracet_Tab 500mg,0407010H0AAAMAM,59,-1.1799999999999928
482,K83601,Paracet_Tab 500mg,0407010H0AAAMAM,14,-1.3999999999999964
483,K83601,Paracet_Tab 500mg,0407010H0AAAMAM,14,-1.3999999999999964
485,K83006,Paracet_Tab 500mg,0407010H0AAAMAM,25,-1.4999999999999996
484,K83006,Paracet_Tab 500mg,0407010H0AAAMAM,25,-1.4999999999999996
486,K83066,Paracet_Tab 500mg,0407010H0AAAMAM,77,-1.5399999999999907
487,K83066,Paracet_Tab 500mg,0407010H0AAAMAM,77,-1.5399999999999907
