,practice_code,bnf_description,bnf_code,items,excess_cost
0,F85002,Amiodarone HCl_Tab 200mg,0203020D0AAABAB,5,0.6888000000000003
1,F85002,Clonazepam_Tab 500mcg,0408010F0AAABAB,5,3.1639999999999935
2,F85002,Pyridox HCl_Tab 50mg,0906024N0AAAIAI,1,1.9152000000000005
3,F85002,Risperidone_Tab 6mg,040201030AAAFAF,1,29.2096
4,F85002,Tetrabenazine_Tab 25mg,0409030C0AAAAAA,4,3.998399999999995
5,F85003,Amiodarone HCl_Tab 200mg,0203020D0AAABAB,4,0.3388
6,F85003,Clonazepam_Tab 500mcg,0408010F0AAABAB,15,3.683899999999993
7,F85003,Methocarbamol_Tab 750mg,1002020S0AAABAB,1,0.4299999999999998
8,F85003,Pyridox HCl_Tab 50mg,0906024N0AAAIAI,1,0.9576000000000002
9,F85004,Amiodarone HCl_Tab 200mg,0203020D0AAABAB,5,0.6888000000000003
10,F85004,Clonazepam_Tab 500mcg,0408010F0AAABAB,14,7.932599999999984
11,F85004,Gemfibrozil_Tab 600mg,0212000Q0AAABAB,1,7.571199999999999
12,F85004,Methocarbamol_Tab 750mg,1002020S0AAABAB,3,0.782000000000001
13,F85004,Pyridox HCl_Tab 50mg,0906024N0AAAIAI,1,2.8728000000000007
14,F85004,Tetrabenazine_Tab 25mg,0409030C0AAAAAA,1,8.996399999999989
15,F85010,Amiodarone HCl_Tab 200mg,0203020D0AAABAB,4,0.3388
16,F85010,Clonazepam_Tab 500mcg,0408010F0AAABAB,5,0.6327999999999987
17,F85010,Methocarbamol_Tab 750mg,1002020S0AAABAB,2,0.8599999999999997
18,F85015,Amiodarone HCl_Tab 200mg,0203020D0AAABAB,1,0.7000000000000006
19,F85016,Amiodarone HCl_Tab 200mg,0203020D0AAABAB,4,2.100000000000002
20,F85016,Clonazepam_Tab 500mcg,0408010F0AAABAB,11,6.452299999999987
21,F85020,Amiodarone HCl_Tab 200mg,0203020D0AAABAB,1,0.7000000000000006
22,F85020,Clonazepam_Tab 500mcg,0408010F0AAABAB,2,3.299599999999993
23,F85020,Pyridox HCl_Tab 50mg,0906024N0AAAIAI,2,6.703200000000002
24,F85020,Risperidone_Tab 6mg,040201030AAAFAF,1,29.2096
25,F85023,Clonazepam_Tab 500mcg,0408010F0AAABAB,6,1.2655999999999974
26,F85023,Methocarbamol_Tab 750mg,1002020S0AAABAB,2,1.1640000000000001
27,F85023,Pyridox HCl_Tab 50mg,0906024N0AAAIAI,1,1.0260000000000002
28,F85024,Clonazepam_Tab 500mcg,0408010F0AAABAB,3,1.5819999999999967
29,F85025,Amiodarone HCl_Tab 200mg,0203020D0AAABAB,10,1.3776000000000006
30,F85025,Clonazepam_Tab 500mcg,0408010F0AAABAB,6,4.926799999999989
31,F85025,Mesalazine_Tab E/C 800mg,0105010B0AAASAS,18,114.79999999999997
32,F85025,Pyridox HCl_Tab 50mg,0906024N0AAAIAI,1,0.4788000000000001
33,F85025,Vancomycin HCl_Cap 250mg,0501070U0AAABAB,2,18.89999999999997
34,F85027,Amiodarone HCl_Tab 200mg,0203020D0AAABAB,4,0.3388
35,F85027,Atorvastatin_Tab 60mg,0212000B0AAAPAP,2,2.2176000000000045
36,F85027,Clonazepam_Tab 500mcg,0408010F0AAABAB,13,10.938399999999978
37,F85027,Methocarbamol_Tab 750mg,1002020S0AAABAB,3,1.8144000000000007
38,F85027,Pyridox HCl_Tab 50mg,0906024N0AAAIAI,1,0.4788000000000001
39,F85029,Amiodarone HCl_Tab 200mg,0203020D0AAABAB,3,2.150000000000002
40,F85029,Atorvastatin_Tab 60mg,0212000B0AAAPAP,2,4.435200000000009
41,F85029,Clonazepam_Tab 500mcg,0408010F0AAABAB,4,3.502999999999993
42,F85029,Methocarbamol_Tab 750mg,1002020S0AAABAB,2,0.3520000000000012
43,F85029,Pyridox HCl_Tab 50mg,0906024N0AAAIAI,5,4.309200000000001
44,F85029,Tetrabenazine_Tab 25mg,0409030C0AAAAAA,1,5.997599999999992
45,F85032,Amiodarone HCl_Tab 200mg,0203020D0AAABAB,1,0.7000000000000006
46,F85032,Atorvastatin_Tab 60mg,0212000B0AAAPAP,2,3.3264000000000067
47,F85032,Clonazepam_Tab 500mcg,0408010F0AAABAB,1,0.474599999999999
48,F85032,Methocarbamol_Tab 750mg,1002020S0AAABAB,2,1.2899999999999996
49,F85033,Amiodarone HCl_Tab 200mg,0203020D0AAABAB,14,2.777600000000002
50,F85033,Clonazepam_Tab 500mcg,0408010F0AAABAB,21,9.868799999999977
51,F85033,Gemfibrozil_Tab 600mg,0212000Q0AAABAB,2,31.907199999999996
52,F85033,Methocarbamol_Tab 750mg,1002020S0AAABAB,8,1.478400000000005
53,F85033,Pyridox HCl_Tab 50mg,0906024N0AAAIAI,5,2.3940000000000006
54,F85033,Risperidone_Tab 6mg,040201030AAAFAF,1,29.2096
55,F85033,Tetrabenazine_Tab 25mg,0409030C0AAAAAA,1,0.49979999999999936
56,F85035,Amiodarone HCl_Tab 200mg,0203020D0AAABAB,4,2.100000000000002
57,F85035,Atorvastatin_Tab 60mg,0212000B0AAAPAP,1,2.2176000000000045
58,F85035,Clonazepam_Tab 500mcg,0408010F0AAABAB,7,4.88159999999999
59,F85036,Amiodarone HCl_Tab 200mg,0203020D0AAABAB,3,2.450000000000002
60,F85036,Clonazepam_Tab 500mcg,0408010F0AAABAB,2,1.2655999999999974
61,F85036,Pyridox HCl_Tab 50mg,0906024N0AAAIAI,1,0.4788000000000001
62,F85039,Clonazepam_Tab 500mcg,0408010F0AAABAB,1,0.6327999999999987
63,F85039,Pyridox HCl_Tab 50mg,0906024N0AAAIAI,8,0.9576000000000002
64,F85043,Pyridox HCl_Tab 50mg,0906024N0AAAIAI,4,0.4788000000000001
65,F85044,Amiodarone HCl_Tab 200mg,0203020D0AAABAB,1,0.7000000000000006
66,F85044,Clonazepam_Tab 500mcg,0408010F0AAABAB,5,2.847599999999994
67,F85048,Amiodarone HCl_Tab 200mg,0203020D0AAABAB,5,1.0388000000000006
68,F85048,Clonazepam_Tab 500mcg,0408010F0AAABAB,1,0.31639999999999935
69,F85048,Pyridox HCl_Tab 50mg,0906024N0AAAIAI,2,1.4364000000000003
70,F85053,Amiodarone HCl_Tab 200mg,0203020D0AAABAB,1,0.7000000000000006
71,F85053,Mesalazine_Tab E/C 800mg,0105010B0AAASAS,1,68.87999999999998
72,F85055,Amiodarone HCl_Tab 200mg,0203020D0AAABAB,2,1.050000000000001
73,F85055,Atorvastatin_Tab 60mg,0212000B0AAAPAP,1,1.1088000000000022
74,F85055,Clonazepam_Tab 500mcg,0408010F0AAABAB,10,1.7627999999999964
75,F85058,Amiodarone HCl_Tab 200mg,0203020D0AAABAB,10,1.3776000000000006
76,F85058,Clonazepam_Tab 500mcg,0408010F0AAABAB,15,3.1639999999999935
77,F85072,Amiodarone HCl_Tab 200mg,0203020D0AAABAB,2,1.050000000000001
78,F85072,Clonazepam_Tab 500mcg,0408010F0AAABAB,1,0.6327999999999987
79,F85072,Pyridox HCl_Tab 50mg,0906024N0AAAIAI,4,0.2624000000000013
80,F85076,Amiodarone HCl_Tab 200mg,0203020D0AAABAB,10,1.9082000000000012
81,F85076,Atorvastatin_Tab 60mg,0212000B0AAAPAP,1,1.1088000000000022
82,F85076,Clonazepam_Tab 500mcg,0408010F0AAABAB,21,9.44679999999998
83,F85076,Methocarbamol_Tab 750mg,1002020S0AAABAB,5,2.2531999999999996
84,F85076,Pyridox HCl_Tab 50mg,0906024N0AAAIAI,7,0.8379000000000002
85,F85625,Amiodarone HCl_Tab 200mg,0203020D0AAABAB,1,0.3500000000000003
86,F85625,Clonazepam_Tab 500mcg,0408010F0AAABAB,15,4.501999999999992
87,F85634,Atorvastatin_Tab 60mg,0212000B0AAAPAP,1,2.2176000000000045
88,F85634,Pyridox HCl_Tab 50mg,0906024N0AAAIAI,1,0.9576000000000002
89,F85634,Tetrabenazine_Tab 25mg,0409030C0AAAAAA,1,5.997599999999992
90,F85642,Amiodarone HCl_Tab 200mg,0203020D0AAABAB,1,0.7000000000000006
91,F85642,Clonazepam_Tab 500mcg,0408010F0AAABAB,14,5.40139999999999
92,F85642,Risperidone_Tab 6mg,040201030AAAFAF,4,29.232
93,F85650,Amiodarone HCl_Tab 200mg,0203020D0AAABAB,1,0.3500000000000003
94,F85650,Clonazepam_Tab 500mcg,0408010F0AAABAB,1,0.6779999999999986
95,F85650,Risperidone_Tab 6mg,040201030AAAFAF,1,29.2096
96,F85652,Clonazepam_Tab 500mcg,0408010F0AAABAB,2,0.6327999999999987
97,F85652,Pyridox HCl_Tab 50mg,0906024N0AAAIAI,1,1.9152000000000005
98,F85654,Clonazepam_Tab 500mcg,0408010F0AAABAB,5,1.5819999999999967
99,F85654,Tetrabenazine_Tab 25mg,0409030C0AAAAAA,1,2.998799999999996
100,F85663,Amiodarone HCl_Tab 200mg,0203020D0AAABAB,11,2.162300000000001
101,F85663,Clonazepam_Tab 500mcg,0408010F0AAABAB,5,3.5707999999999926
102,F85663,Methocarbamol_Tab 750mg,1002020S0AAABAB,1,0.18480000000000063
103,F85666,Amiodarone HCl_Tab 200mg,0203020D0AAABAB,1,0.7000000000000006
104,F85666,Clonazepam_Tab 500mcg,0408010F0AAABAB,9,2.7571999999999943
105,F85676,Amiodarone HCl_Tab 200mg,0203020D0AAABAB,5,0.9541000000000006
106,F85676,Clonazepam_Tab 500mcg,0408010F0AAABAB,3,2.8701999999999943
107,F85678,Amiodarone HCl_Tab 200mg,0203020D0AAABAB,1,0.3500000000000003
108,F85678,Clonazepam_Tab 500mcg,0408010F0AAABAB,2,0.6327999999999987
109,F85678,Methocarbamol_Tab 750mg,1002020S0AAABAB,1,0.7223999999999997
110,F85681,Clonazepam_Tab 500mcg,0408010F0AAABAB,10,3.2091999999999934
111,F85682,Clonazepam_Tab 500mcg,0408010F0AAABAB,5,1.8192999999999964
112,F85682,Pyridox HCl_Tab 50mg,0906024N0AAAIAI,1,1.4364000000000003
113,F85682,Risperidone_Tab 6mg,040201030AAAFAF,1,29.2096
114,F85684,Atorvastatin_Tab 60mg,0212000B0AAAPAP,5,3.3264000000000067
115,F85684,Clonazepam_Tab 500mcg,0408010F0AAABAB,5,1.028299999999998
116,F85684,Methocarbamol_Tab 750mg,1002020S0AAABAB,2,1.0800000000000005
117,F85686,Methocarbamol_Tab 750mg,1002020S0AAABAB,4,0.22960000000000114
118,F85686,Pyridox HCl_Tab 50mg,0906024N0AAAIAI,6,4.309200000000001
119,F85687,Amiodarone HCl_Tab 200mg,0203020D0AAABAB,4,1.4220000000000015
120,F85687,Atorvastatin_Tab 60mg,0212000B0AAAPAP,1,1.1088000000000022
121,F85687,Clonazepam_Tab 500mcg,0408010F0AAABAB,9,2.6893999999999947
122,F85687,Pyridox HCl_Tab 50mg,0906024N0AAAIAI,2,1.4364000000000003
123,F85687,Tetrabenazine_Tab 25mg,0409030C0AAAAAA,1,2.4207999999999976
124,F85700,Amiodarone HCl_Tab 200mg,0203020D0AAABAB,3,1.050000000000001
125,F85700,Clonazepam_Tab 500mcg,0408010F0AAABAB,6,1.966199999999996
126,F85700,Mesalazine_Tab E/C 800mg,0105010B0AAASAS,1,17.219999999999995
127,F85700,Risperidone_Tab 6mg,040201030AAAFAF,1,29.2096
128,F85701,Amiodarone HCl_Tab 200mg,0203020D0AAABAB,6,1.7388000000000012
129,F85701,Clonazepam_Tab 500mcg,0408010F0AAABAB,9,3.851999999999991
130,F85703,Clonazepam_Tab 500mcg,0408010F0AAABAB,15,3.1639999999999935
131,F85703,Risperidone_Tab 6mg,040201030AAAFAF,1,29.2096
132,F85707,Amiodarone HCl_Tab 200mg,0203020D0AAABAB,4,0.3388
133,Y00057,Amiodarone HCl_Tab 200mg,0203020D0AAABAB,2,1.4000000000000012
134,Y00612,Amiodarone HCl_Tab 200mg,0203020D0AAABAB,2,1.4000000000000012
135,Y00612,Atorvastatin_Tab 60mg,0212000B0AAAPAP,9,13.305600000000027
136,Y00612,Clonazepam_Tab 500mcg,0408010F0AAABAB,6,1.423799999999997
137,Y00612,Pyridox HCl_Tab 50mg,0906024N0AAAIAI,2,1.4364000000000003
138,Y03402,Amiodarone HCl_Tab 200mg,0203020D0AAABAB,1,0.3500000000000003
139,Y03402,Clonazepam_Tab 500mcg,0408010F0AAABAB,7,9.085199999999983
140,Y03402,Mesalazine_Tab E/C 800mg,0105010B0AAASAS,1,34.43999999999999
141,Y03402,Tetrabenazine_Tab 25mg,0409030C0AAAAAA,4,4.997999999999994
142,Y05192,Clonazepam_Tab 500mcg,0408010F0AAABAB,1,0.07909999999999984
