,practice_code,bnf_description,bnf_code,items,excess_cost
0,M83001,Amiodarone HCl_Tab 200mg,0203020D0AAABAB,8,2.332000000000002
1,M83001,Clonazepam_Tab 500mcg,0408010F0AAABAB,15,6.666999999999986
2,M83001,Gemfibrozil_Tab 600mg,0212000Q0AAABAB,1,7.571199999999999
3,M83001,Mesalazine_Tab E/C 800mg,0105010B0AAASAS,1,22.959999999999994
4,M83001,Methocarbamol_Tab 750mg,1002020S0AAABAB,1,0.22000000000000075
5,M83001,Topiramate_Cap 15mg,040801050AAAUAU,9,4.157999999999962
6,M83001,Topiramate_Cap 50mg,040801050AAAWAW,1,2.567999999999997
7,M83016,Amiodarone HCl_Tab 200mg,0203020D0AAABAB,5,3.200000000000003
8,M83016,Atorvastatin_Tab 20mg,0212000B0AAABAB,1,-0.0029999999999998778
9,M83016,Clonazepam_Tab 500mcg,0408010F0AAABAB,5,3.6611999999999925
10,M83016,Co-Codamol_Cap 8mg/500mg,0407010F0AAABAB,42,5.9520000000000675
11,M83016,Methocarbamol_Tab 750mg,1002020S0AAABAB,7,2.4656000000000002
12,M83016,Topiramate_Cap 15mg,040801050AAAUAU,6,2.837999999999974
13,M83016,Topiramate_Cap 50mg,040801050AAAWAW,2,2.9931999999999968
14,M83033,Amiodarone HCl_Tab 200mg,0203020D0AAABAB,2,1.4000000000000012
15,M83033,Topiramate_Cap 15mg,040801050AAAUAU,1,0.3695999999999966
16,M83048,Amiodarone HCl_Tab 200mg,0203020D0AAABAB,4,2.450000000000002
17,M83048,Clonazepam_Tab 500mcg,0408010F0AAABAB,10,2.598999999999995
18,M83048,Co-Codamol_Cap 8mg/500mg,0407010F0AAABAB,2,0.3200000000000036
19,M83048,Methocarbamol_Tab 750mg,1002020S0AAABAB,5,2.164400000000004
20,M83048,Topiramate_Cap 15mg,040801050AAAUAU,9,3.458399999999968
21,M83063,Amiodarone HCl_Tab 200mg,0203020D0AAABAB,4,1.4000000000000012
22,M83063,Clonazepam_Tab 500mcg,0408010F0AAABAB,2,0.949199999999998
23,M83063,Mesalazine_Tab E/C 400mg,0105010B0AAAAAA,1,23.956799999999998
24,M83063,Methocarbamol_Tab 750mg,1002020S0AAABAB,2,1.2039999999999995
25,M83107,Amiodarone HCl_Tab 200mg,0203020D0AAABAB,8,4.200000000000004
26,M83107,Clonazepam_Tab 500mcg,0408010F0AAABAB,7,2.5763999999999947
27,M83107,Co-Codamol_Cap 8mg/500mg,0407010F0AAABAB,10,1.600000000000018
28,M83107,Topiramate_Cap 15mg,040801050AAAUAU,1,0.27719999999999745
29,M83109,Clonazepam_Tab 500mcg,0408010F0AAABAB,4,1.898399999999996
30,M83109,Topiramate_Cap 15mg,040801050AAAUAU,1,0.39599999999999635
31,M83129,Amiodarone HCl_Tab 200mg,0203020D0AAABAB,5,2.8000000000000025
32,M83129,Atorvastatin_Tab 20mg,0212000B0AAABAB,1,0.006000000000000172
33,M83129,Clonazepam_Tab 500mcg,0408010F0AAABAB,4,4.158399999999991
34,M83129,Co-Codamol_Cap 8mg/500mg,0407010F0AAABAB,6,1.2800000000000145
35,M83129,Mesalazine_Tab E/C 400mg,0105010B0AAAAAA,1,-51.33599999999999
36,M83129,Topiramate_Cap 15mg,040801050AAAUAU,3,0.9635999999999911
37,M83129,Topiramate_Cap 50mg,040801050AAAWAW,3,7.532799999999991
38,M83130,Clonazepam_Tab 500mcg,0408010F0AAABAB,1,0.31639999999999935
39,M83130,Topiramate_Cap 15mg,040801050AAAUAU,1,0.1904000000000008
40,M83139,Amiodarone HCl_Tab 200mg,0203020D0AAABAB,3,1.050000000000001
41,M83139,Atorvastatin_Tab 20mg,0212000B0AAABAB,1,0.00360000000000002
42,M83139,Clonazepam_Tab 500mcg,0408010F0AAABAB,5,1.2655999999999974
43,M83139,Co-Codamol_Cap 8mg/500mg,0407010F0AAABAB,8,0.9656000000000093
44,M83139,Mesalazine_Tab E/C 400mg,0105010B0AAAAAA,2,30.801599999999997
45,M83139,Topiramate_Cap 15mg,040801050AAAUAU,2,1.1087999999999898
46,M83139,Topiramate_Cap 50mg,040801050AAAWAW,1,1.1983999999999986
47,M83608,Amiodarone HCl_Tab 200mg,0203020D0AAABAB,3,2.100000000000002
48,M83608,Clonazepam_Tab 500mcg,0408010F0AAABAB,5,3.0509999999999935
49,M83608,Co-Codamol_Cap 8mg/500mg,0407010F0AAABAB,4,1.2800000000000145
50,M83608,Methocarbamol_Tab 750mg,1002020S0AAABAB,1,1.0319999999999996
51,M83608,Topiramate_Cap 15mg,040801050AAAUAU,3,1.1351999999999896
52,M83616,Amiodarone HCl_Tab 200mg,0203020D0AAABAB,3,1.4000000000000012
53,M83616,Clonazepam_Tab 500mcg,0408010F0AAABAB,11,4.483099999999991
54,M83616,Co-Codamol_Cap 8mg/500mg,0407010F0AAABAB,12,2.6368000000000302
55,M83616,Mesalazine_Tab E/C 400mg,0105010B0AAAAAA,1,-12.833999999999998
56,M83616,Methocarbamol_Tab 750mg,1002020S0AAABAB,17,8.3468
57,M83616,Topiramate_Cap 15mg,040801050AAAUAU,5,2.2439999999999793
58,M83637,Amiodarone HCl_Tab 200mg,0203020D0AAABAB,1,0.7000000000000006
59,M83637,Clonazepam_Tab 500mcg,0408010F0AAABAB,6,3.8193999999999924
60,M83637,Methocarbamol_Tab 750mg,1002020S0AAABAB,2,0.9631999999999996
61,M83638,Amiodarone HCl_Tab 200mg,0203020D0AAABAB,9,3.500000000000003
62,M83638,Atorvastatin_Tab 20mg,0212000B0AAABAB,1,0.006000000000000172
63,M83638,Clonazepam_Tab 500mcg,0408010F0AAABAB,21,12.417399999999974
64,M83638,Co-Codamol_Cap 8mg/500mg,0407010F0AAABAB,24,4.2624000000000475
65,M83638,Methocarbamol_Tab 750mg,1002020S0AAABAB,1,0.7223999999999997
66,M83638,Topiramate_Cap 15mg,040801050AAAUAU,18,7.080799999999938
67,M83698,Amiodarone HCl_Tab 200mg,0203020D0AAABAB,2,1.050000000000001
68,M83698,Atorvastatin_Tab 20mg,0212000B0AAABAB,1,-0.002799999999999997
69,M83698,Clonazepam_Tab 500mcg,0408010F0AAABAB,3,0.7118999999999985
70,M83698,Topiramate_Cap 15mg,040801050AAAUAU,2,0.28759999999999764
71,M83703,Clonazepam_Tab 500mcg,0408010F0AAABAB,5,0.474599999999999
72,M83703,Topiramate_Cap 15mg,040801050AAAUAU,5,1.31879999999999
73,M83717,Amiodarone HCl_Tab 200mg,0203020D0AAABAB,3,1.050000000000001
74,M83717,Atorvastatin_Tab 20mg,0212000B0AAABAB,1,0.0027000000000000773
75,M83717,Clonazepam_Tab 500mcg,0408010F0AAABAB,4,1.5819999999999967
76,M83717,Co-Codamol_Cap 8mg/500mg,0407010F0AAABAB,2,0.3200000000000036
77,M83717,Mesalazine_Tab E/C 800mg,0105010B0AAASAS,2,34.43999999999999
78,M83719,Amiodarone HCl_Tab 200mg,0203020D0AAABAB,1,0.3500000000000003
79,M83719,Clonazepam_Tab 500mcg,0408010F0AAABAB,6,1.9937999999999954
80,M83719,Co-Codamol_Cap 8mg/500mg,0407010F0AAABAB,2,0.3200000000000036
81,M83719,Methocarbamol_Tab 750mg,1002020S0AAABAB,1,0.4299999999999998
82,M83719,Topiramate_Cap 15mg,040801050AAAUAU,4,0.9635999999999911
83,M83722,Amiodarone HCl_Tab 200mg,0203020D0AAABAB,1,0.7000000000000006
84,M83722,Clonazepam_Tab 500mcg,0408010F0AAABAB,2,1.5819999999999967
85,M83722,Methocarbamol_Tab 750mg,1002020S0AAABAB,5,2.562400000000002
86,M83722,Topiramate_Cap 15mg,040801050AAAUAU,2,1.1351999999999896
87,M83727,Amiodarone HCl_Tab 200mg,0203020D0AAABAB,7,1.8235000000000012
88,M83727,Atorvastatin_Tab 20mg,0212000B0AAABAB,1,-0.002799999999999997
89,M83727,Clonazepam_Tab 500mcg,0408010F0AAABAB,4,1.491599999999997
90,M83738,Amiodarone HCl_Tab 200mg,0203020D0AAABAB,1,0.3500000000000003
91,M83738,Atorvastatin_Tab 20mg,0212000B0AAABAB,17,45.1248
92,M83738,Clonazepam_Tab 500mcg,0408010F0AAABAB,9,3.1639999999999935
93,M83738,Gemfibrozil_Tab 600mg,0212000Q0AAABAB,1,7.571199999999999
94,Y02354,Amiodarone HCl_Tab 200mg,0203020D0AAABAB,6,2.450000000000002
95,Y02354,Atorvastatin_Tab 20mg,0212000B0AAABAB,1,-0.0029999999999998778
96,Y02354,Clonazepam_Tab 500mcg,0408010F0AAABAB,11,7.118999999999986
97,Y02354,Mesalazine_Tab E/C 400mg,0105010B0AAAAAA,3,42.75599999999999
98,Y02354,Mesalazine_Tab E/C 800mg,0105010B0AAASAS,1,18.449999999999996
99,Y02354,Topiramate_Cap 15mg,040801050AAAUAU,9,3.7355999999999656
100,Y02354,Topiramate_Cap 50mg,040801050AAAWAW,5,9.843999999999987
101,Y02594,Amiodarone HCl_Tab 200mg,0203020D0AAABAB,5,1.0388000000000006
102,Y02594,Gemfibrozil_Tab 600mg,0212000Q0AAABAB,1,15.142399999999999
