,practice_code,bnf_description,bnf_code,items,excess_cost
0,N82001,Amiodarone HCl_Tab 200mg,0203020D0AAABAB,5,1.7500000000000016
1,N82001,Clonazepam_Tab 500mcg,0408010F0AAABAB,6,4.1922999999999915
2,N82001,Co-Codamol_Tab 8mg/500mg,0407010F0AAAAAA,8,0.07039999999999957
3,N82001,Mesalazine_Tab E/C 400mg,0105010B0AAAAAA,2,19.964
4,N82001,Pyridox HCl_Tab 50mg,0906024N0AAAIAI,1,0.4788000000000001
5,N82002,Amiodarone HCl_Tab 200mg,0203020D0AAABAB,5,1.5792000000000013
6,N82002,Clonazepam_Tab 500mcg,0408010F0AAABAB,3,1.6271999999999966
7,N82002,Co-Codamol_Tab 8mg/500mg,0407010F0AAAAAA,4,0.01999999999999988
8,N82002,Pyridox HCl_Tab 50mg,0906024N0AAAIAI,5,5.266800000000002
9,N82003,Amiodarone HCl_Tab 200mg,0203020D0AAABAB,1,0.3500000000000003
10,N82003,Clonazepam_Tab 500mcg,0408010F0AAABAB,3,1.2655999999999974
11,N82003,Mesalazine_Tab E/C 400mg,0105010B0AAAAAA,1,-15.971199999999998
12,N82003,Tetrabenazine_Tab 25mg,0409030C0AAAAAA,1,1.9991999999999974
13,N82004,Amiodarone HCl_Tab 200mg,0203020D0AAABAB,2,0.7000000000000006
14,N82004,Clonazepam_Tab 500mcg,0408010F0AAABAB,2,0.949199999999998
15,N82004,Co-Codamol_Tab 8mg/500mg,0407010F0AAAAAA,2,0.00999999999999994
16,N82009,Amiodarone HCl_Tab 200mg,0203020D0AAABAB,2,0.7000000000000006
17,N82009,Clonazepam_Tab 500mcg,0408010F0AAABAB,5,2.372999999999995
18,N82009,Pyridox HCl_Tab 50mg,0906024N0AAAIAI,4,5.266800000000001
19,N82009,Topiramate_Tab 200mg,040801050AAACAC,1,2.489999999999999
20,N82011,Amiodarone HCl_Tab 200mg,0203020D0AAABAB,7,2.450000000000002
21,N82011,Clonazepam_Tab 500mcg,0408010F0AAABAB,16,9.35639999999998
22,N82011,Co-Codamol_Tab 8mg/500mg,0407010F0AAAAAA,4,0.01999999999999988
23,N82011,Mesalazine_Tab E/C 400mg,0105010B0AAAAAA,4,35.935199999999995
24,N82011,Mesalazine_Tab E/C 800mg,0105010B0AAASAS,1,-36.89999999999999
25,N82011,Pyridox HCl_Tab 50mg,0906024N0AAAIAI,7,6.1389000000000005
26,N82011,Risperidone_Tab 6mg,040201030AAAFAF,5,58.441599999999994
27,N82011,Tetrabenazine_Tab 25mg,0409030C0AAAAAA,1,2.998799999999996
28,N82011,Topiramate_Tab 200mg,040801050AAACAC,1,2.3183999999999996
29,N82014,Amiodarone HCl_Tab 200mg,0203020D0AAABAB,1,0.7000000000000006
30,N82014,Clonazepam_Tab 500mcg,0408010F0AAABAB,5,2.847599999999994
31,N82014,Co-Codamol_Tab 8mg/500mg,0407010F0AAAAAA,12,0.07159999999999958
32,N82014,Pyridox HCl_Tab 50mg,0906024N0AAAIAI,5,0.5985000000000001
33,N82014,Tetrabenazine_Tab 25mg,0409030C0AAAAAA,1,2.998799999999996
34,N82018,Amiodarone HCl_Tab 200mg,0203020D0AAABAB,5,1.7500000000000016
35,N82018,Buprenorphine_Tab Subling 400mcg S/F,0410030A0AAACAC,3,0.7318000000000003
36,N82018,Clonazepam_Tab 500mcg,0408010F0AAABAB,11,10.414099999999982
37,N82018,Co-Codamol_Tab 8mg/500mg,0407010F0AAAAAA,4,0.019199999999999884
38,N82018,Mesalazine_Tab E/C 400mg,0105010B0AAAAAA,1,47.913599999999995
39,N82018,Pyridox HCl_Tab 50mg,0906024N0AAAIAI,2,2.8728000000000007
40,N82019,Buprenorphine_Tab Subling 400mcg S/F,0410030A0AAACAC,5,5.613599999999999
41,N82019,Co-Codamol_Tab 8mg/500mg,0407010F0AAAAAA,8,0.0031999999999999806
42,N82019,Pyridox HCl_Tab 50mg,0906024N0AAAIAI,2,18.126000000000005
43,N82019,Tetrabenazine_Tab 25mg,0409030C0AAAAAA,1,1.9991999999999974
44,N82022,Amiodarone HCl_Tab 200mg,0203020D0AAABAB,3,1.050000000000001
45,N82022,Clonazepam_Tab 500mcg,0408010F0AAABAB,1,0.31639999999999935
46,N82022,Co-Codamol_Tab 8mg/500mg,0407010F0AAAAAA,2,0.00999999999999994
47,N82022,Pyridox HCl_Tab 50mg,0906024N0AAAIAI,1,1.4364000000000003
48,N82022,Risperidone_Tab 6mg,040201030AAAFAF,1,58.4192
49,N82022,Tetrabenazine_Tab 25mg,0409030C0AAAAAA,2,1.9991999999999974
50,N82024,Amiodarone HCl_Tab 200mg,0203020D0AAABAB,8,2.8000000000000025
51,N82024,Clonazepam_Tab 500mcg,0408010F0AAABAB,13,4.73589999999999
52,N82024,Co-Codamol_Tab 8mg/500mg,0407010F0AAAAAA,18,0.07159999999999958
53,N82024,Pyridox HCl_Tab 50mg,0906024N0AAAIAI,4,0.4788000000000001
54,N82024,Topiramate_Tab 200mg,040801050AAACAC,1,2.489999999999999
55,N82026,Amiodarone HCl_Tab 200mg,0203020D0AAABAB,4,1.4000000000000012
56,N82026,Clonazepam_Tab 500mcg,0408010F0AAABAB,1,0.31639999999999935
57,N82026,Co-Codamol_Tab 8mg/500mg,0407010F0AAAAAA,12,0.05999999999999964
58,N82033,Amiodarone HCl_Tab 200mg,0203020D0AAABAB,1,0.3500000000000003
59,N82033,Clonazepam_Tab 500mcg,0408010F0AAABAB,1,0.6327999999999987
60,N82033,Pyridox HCl_Tab 50mg,0906024N0AAAIAI,2,2.8728000000000007
61,N82034,Amiodarone HCl_Tab 200mg,0203020D0AAABAB,1,0.3500000000000003
62,N82034,Clonazepam_Tab 500mcg,0408010F0AAABAB,3,1.2881999999999973
63,N82034,Co-Codamol_Tab 8mg/500mg,0407010F0AAAAAA,4,0.032399999999999804
64,N82034,Mesalazine_Tab E/C 400mg,0105010B0AAAAAA,1,23.956799999999998
65,N82034,Mesalazine_Tab E/C 800mg,0105010B0AAASAS,1,17.219999999999995
66,N82034,Pyridox HCl_Tab 50mg,0906024N0AAAIAI,2,1.9152000000000005
67,N82034,Risperidone_Tab 6mg,040201030AAAFAF,4,29.232
68,N82034,Topiramate_Tab 200mg,040801050AAACAC,1,2.489999999999999
69,N82035,Amiodarone HCl_Tab 200mg,0203020D0AAABAB,4,1.4000000000000012
70,N82035,Clonazepam_Tab 500mcg,0408010F0AAABAB,6,4.56519999999999
71,N82035,Co-Codamol_Tab 8mg/500mg,0407010F0AAAAAA,10,0.05479999999999967
72,N82035,Mesalazine_Tab E/C 400mg,0105010B0AAAAAA,3,71.87039999999999
73,N82035,Mesalazine_Tab E/C 800mg,0105010B0AAASAS,1,34.43999999999999
74,N82035,Pyridox HCl_Tab 50mg,0906024N0AAAIAI,3,2.8728000000000007
75,N82036,Amiodarone HCl_Tab 200mg,0203020D0AAABAB,3,1.1250000000000009
76,N82036,Clonazepam_Tab 500mcg,0408010F0AAABAB,2,1.016999999999998
77,N82036,Co-Codamol_Tab 8mg/500mg,0407010F0AAAAAA,14,0.0815999999999995
78,N82036,Mesalazine_Tab E/C 800mg,0105010B0AAASAS,1,34.43999999999999
79,N82036,Pyridox HCl_Tab 50mg,0906024N0AAAIAI,2,2.8728000000000007
80,N82036,Tetrabenazine_Tab 25mg,0409030C0AAAAAA,1,0.9995999999999987
81,N82037,Amiodarone HCl_Tab 200mg,0203020D0AAABAB,7,2.450000000000002
82,N82037,Clonazepam_Tab 500mcg,0408010F0AAABAB,10,7.028599999999986
83,N82037,Co-Codamol_Tab 8mg/500mg,0407010F0AAAAAA,10,0.053599999999999676
84,N82037,Mesalazine_Tab E/C 800mg,0105010B0AAASAS,1,11.479999999999997
85,N82037,Pyridox HCl_Tab 50mg,0906024N0AAAIAI,1,0.4788000000000001
86,N82037,Topiramate_Tab 200mg,040801050AAACAC,1,2.3183999999999996
87,N82039,Amiodarone HCl_Tab 200mg,0203020D0AAABAB,1,0.3500000000000003
88,N82039,Clonazepam_Tab 500mcg,0408010F0AAABAB,2,1.898399999999996
89,N82039,Mesalazine_Tab E/C 400mg,0105010B0AAAAAA,2,17.088
90,N82039,Mesalazine_Tab E/C 800mg,0105010B0AAASAS,1,-73.79999999999998
91,N82041,Amiodarone HCl_Tab 200mg,0203020D0AAABAB,13,4.550000000000004
92,N82041,Buprenorphine_Tab Subling 400mcg S/F,0410030A0AAACAC,1,1.5232
93,N82041,Clonazepam_Tab 500mcg,0408010F0AAABAB,4,3.0057999999999936
94,N82041,Co-Codamol_Tab 8mg/500mg,0407010F0AAAAAA,8,0.043599999999999736
95,N82041,Mesalazine_Tab E/C 800mg,0105010B0AAASAS,2,11.479999999999997
96,N82041,Pyridox HCl_Tab 50mg,0906024N0AAAIAI,2,2.8728000000000007
97,N82041,Topiramate_Tab 200mg,040801050AAACAC,2,4.636799999999999
98,N82046,Clonazepam_Tab 500mcg,0408010F0AAABAB,1,0.6327999999999987
99,N82046,Mesalazine_Tab E/C 400mg,0105010B0AAAAAA,3,95.82719999999999
100,N82046,Pyridox HCl_Tab 50mg,0906024N0AAAIAI,2,1.4364000000000003
101,N82048,Amiodarone HCl_Tab 200mg,0203020D0AAABAB,5,1.7500000000000016
102,N82048,Clonazepam_Tab 500mcg,0408010F0AAABAB,2,0.7548999999999987
103,N82048,Co-Codamol_Tab 8mg/500mg,0407010F0AAAAAA,2,0.00999999999999994
104,N82048,Mesalazine_Tab E/C 800mg,0105010B0AAASAS,1,22.959999999999994
105,N82048,Pyridox HCl_Tab 50mg,0906024N0AAAIAI,2,0.9576000000000002
106,N82049,Amiodarone HCl_Tab 200mg,0203020D0AAABAB,2,0.7000000000000006
107,N82049,Clonazepam_Tab 500mcg,0408010F0AAABAB,2,0.6327999999999987
108,N82049,Mesalazine_Tab E/C 400mg,0105010B0AAAAAA,1,47.913599999999995
109,N82049,Pyridox HCl_Tab 50mg,0906024N0AAAIAI,1,0.9576000000000002
110,N82050,Amiodarone HCl_Tab 200mg,0203020D0AAABAB,1,0.3500000000000003
111,N82050,Clonazepam_Tab 500mcg,0408010F0AAABAB,1,0.3389999999999993
112,N82050,Co-Codamol_Tab 8mg/500mg,0407010F0AAAAAA,8,0.03999999999999976
113,N82050,Topiramate_Tab 200mg,040801050AAACAC,1,1.1647999999999992
114,N82052,Amiodarone HCl_Tab 200mg,0203020D0AAABAB,2,0.7000000000000006
115,N82052,Clonazepam_Tab 500mcg,0408010F0AAABAB,4,2.5763999999999947
116,N82052,Co-Codamol_Tab 8mg/500mg,0407010F0AAAAAA,6,0.02999999999999982
117,N82052,Mesalazine_Tab E/C 400mg,0105010B0AAAAAA,2,19.964
118,N82052,Pyridox HCl_Tab 50mg,0906024N0AAAIAI,1,1.4364000000000003
119,N82052,Tetrabenazine_Tab 25mg,0409030C0AAAAAA,1,2.998799999999996
120,N82053,Amiodarone HCl_Tab 200mg,0203020D0AAABAB,22,4.516400000000003
121,N82053,Clonazepam_Tab 500mcg,0408010F0AAABAB,18,6.169799999999987
122,N82053,Co-Codamol_Tab 8mg/500mg,0407010F0AAAAAA,20,61.91640000000001
123,N82053,Mesalazine_Tab E/C 400mg,0105010B0AAAAAA,2,31.9424
124,N82053,Pyridox HCl_Tab 50mg,0906024N0AAAIAI,1,0.9576000000000002
125,N82053,Topiramate_Tab 200mg,040801050AAACAC,4,1.1536000000000004
126,N82054,Amiodarone HCl_Tab 200mg,0203020D0AAABAB,1,0.3500000000000003
127,N82054,Clonazepam_Tab 500mcg,0408010F0AAABAB,8,7.909999999999984
128,N82054,Co-Codamol_Tab 8mg/500mg,0407010F0AAAAAA,18,0.09359999999999943
129,N82058,Clonazepam_Tab 500mcg,0408010F0AAABAB,1,0.31639999999999935
130,N82058,Co-Codamol_Tab 8mg/500mg,0407010F0AAAAAA,8,0.04119999999999975
131,N82058,Mesalazine_Tab E/C 800mg,0105010B0AAASAS,1,18.449999999999996
132,N82058,Topiramate_Tab 200mg,040801050AAACAC,1,2.489999999999999
133,N82059,Amiodarone HCl_Tab 200mg,0203020D0AAABAB,2,0.7000000000000006
134,N82059,Clonazepam_Tab 500mcg,0408010F0AAABAB,5,5.19799999999999
135,N82059,Topiramate_Tab 200mg,040801050AAACAC,1,2.489999999999999
136,N82062,Amiodarone HCl_Tab 200mg,0203020D0AAABAB,2,1.050000000000001
137,N82062,Clonazepam_Tab 500mcg,0408010F0AAABAB,3,1.423799999999997
138,N82062,Co-Codamol_Tab 8mg/500mg,0407010F0AAAAAA,2,0.011199999999999932
139,N82062,Mesalazine_Tab E/C 400mg,0105010B0AAAAAA,2,111.79839999999999
140,N82065,Amiodarone HCl_Tab 200mg,0203020D0AAABAB,1,0.3500000000000003
141,N82065,Clonazepam_Tab 500mcg,0408010F0AAABAB,1,0.2799999999999997
142,N82065,Co-Codamol_Tab 8mg/500mg,0407010F0AAAAAA,14,0.015999999999999903
143,N82065,Mesalazine_Tab E/C 400mg,0105010B0AAAAAA,5,-93.54559999999998
144,N82065,Pyridox HCl_Tab 50mg,0906024N0AAAIAI,9,4.5486
145,N82066,Amiodarone HCl_Tab 200mg,0203020D0AAABAB,3,1.4000000000000012
146,N82066,Clonazepam_Tab 500mcg,0408010F0AAABAB,7,3.626399999999993
147,N82066,Co-Codamol_Tab 8mg/500mg,0407010F0AAAAAA,4,0.022399999999999864
148,N82066,Mesalazine_Tab E/C 400mg,0105010B0AAAAAA,1,31.942399999999996
149,N82066,Tetrabenazine_Tab 25mg,0409030C0AAAAAA,2,3.998399999999995
150,N82067,Amiodarone HCl_Tab 200mg,0203020D0AAABAB,3,1.050000000000001
151,N82067,Clonazepam_Tab 500mcg,0408010F0AAABAB,1,0.949199999999998
152,N82067,Co-Codamol_Tab 8mg/500mg,0407010F0AAAAAA,4,0.043599999999999736
153,N82067,Topiramate_Tab 200mg,040801050AAACAC,1,3.4859999999999984
154,N82070,Amiodarone HCl_Tab 200mg,0203020D0AAABAB,2,0.7000000000000006
155,N82070,Clonazepam_Tab 500mcg,0408010F0AAABAB,11,9.80839999999998
156,N82070,Co-Codamol_Tab 8mg/500mg,0407010F0AAAAAA,8,0.023999999999999855
157,N82070,Mesalazine_Tab E/C 800mg,0105010B0AAASAS,1,34.43999999999999
158,N82070,Pyridox HCl_Tab 50mg,0906024N0AAAIAI,1,0.4788000000000001
159,N82073,Amiodarone HCl_Tab 200mg,0203020D0AAABAB,1,0.3500000000000003
160,N82073,Clonazepam_Tab 500mcg,0408010F0AAABAB,13,5.655699999999989
161,N82073,Pyridox HCl_Tab 50mg,0906024N0AAAIAI,4,1.4364000000000003
162,N82073,Risperidone_Tab 6mg,040201030AAAFAF,2,58.4192
163,N82073,Tetrabenazine_Tab 25mg,0409030C0AAAAAA,1,1.9991999999999974
164,N82074,Amiodarone HCl_Tab 200mg,0203020D0AAABAB,3,1.050000000000001
165,N82074,Clonazepam_Tab 500mcg,0408010F0AAABAB,9,3.661199999999993
166,N82074,Co-Codamol_Tab 8mg/500mg,0407010F0AAAAAA,2,0.00999999999999994
167,N82074,Mesalazine_Tab E/C 800mg,0105010B0AAASAS,2,-18.432
168,N82074,Pyridox HCl_Tab 50mg,0906024N0AAAIAI,4,3.830400000000001
169,N82076,Amiodarone HCl_Tab 200mg,0203020D0AAABAB,4,1.4000000000000012
170,N82076,Clonazepam_Tab 500mcg,0408010F0AAABAB,1,0.6327999999999987
171,N82076,Co-Codamol_Tab 8mg/500mg,0407010F0AAAAAA,8,0.03999999999999976
172,N82076,Mesalazine_Tab E/C 400mg,0105010B0AAAAAA,1,23.956799999999998
173,N82076,Pyridox HCl_Tab 50mg,0906024N0AAAIAI,1,1.4364000000000003
174,N82076,Risperidone_Tab 6mg,040201030AAAFAF,2,43.8144
175,N82077,Amiodarone HCl_Tab 200mg,0203020D0AAABAB,2,0.7000000000000006
176,N82077,Pyridox HCl_Tab 50mg,0906024N0AAAIAI,1,0.4788000000000001
177,N82077,Topiramate_Tab 200mg,040801050AAACAC,1,2.3183999999999996
178,N82078,Amiodarone HCl_Tab 200mg,0203020D0AAABAB,4,1.4000000000000012
179,N82078,Clonazepam_Tab 500mcg,0408010F0AAABAB,3,1.2655999999999974
180,N82078,Co-Codamol_Tab 8mg/500mg,0407010F0AAAAAA,8,0.03999999999999976
181,N82079,Amiodarone HCl_Tab 200mg,0203020D0AAABAB,1,0.3500000000000003
182,N82079,Clonazepam_Tab 500mcg,0408010F0AAABAB,1,0.6779999999999986
183,N82079,Pyridox HCl_Tab 50mg,0906024N0AAAIAI,3,3.351600000000001
184,N82081,Amiodarone HCl_Tab 200mg,0203020D0AAABAB,1,0.3500000000000003
185,N82081,Pyridox HCl_Tab 50mg,0906024N0AAAIAI,1,0.4788000000000001
186,N82082,Amiodarone HCl_Tab 200mg,0203020D0AAABAB,1,0.3500000000000003
187,N82082,Clonazepam_Tab 500mcg,0408010F0AAABAB,3,1.3107999999999973
188,N82082,Co-Codamol_Tab 8mg/500mg,0407010F0AAAAAA,18,0.0775999999999995
189,N82082,Mesalazine_Tab E/C 800mg,0105010B0AAASAS,4,34.43999999999999
190,N82083,Amiodarone HCl_Tab 200mg,0203020D0AAABAB,1,0.3500000000000003
191,N82083,Clonazepam_Tab 500mcg,0408010F0AAABAB,5,2.905599999999994
192,N82083,Co-Codamol_Tab 8mg/500mg,0407010F0AAAAAA,24,0.12719999999999923
193,N82083,Mesalazine_Tab E/C 400mg,0105010B0AAAAAA,1,-23.956799999999998
194,N82084,Amiodarone HCl_Tab 200mg,0203020D0AAABAB,6,2.100000000000002
195,N82084,Buprenorphine_Tab Subling 400mcg S/F,0410030A0AAACAC,2,6.0928
196,N82084,Clonazepam_Tab 500mcg,0408010F0AAABAB,1,0.31639999999999935
197,N82084,Co-Codamol_Tab 8mg/500mg,0407010F0AAAAAA,4,0.01999999999999988
198,N82084,Mesalazine_Tab E/C 400mg,0105010B0AAAAAA,1,-12.833999999999998
199,N82084,Pyridox HCl_Tab 50mg,0906024N0AAAIAI,2,1.4364000000000003
200,N82084,Topiramate_Tab 200mg,040801050AAACAC,1,2.489999999999999
201,N82086,Amiodarone HCl_Tab 200mg,0203020D0AAABAB,4,1.4000000000000012
202,N82086,Clonazepam_Tab 500mcg,0408010F0AAABAB,1,0.3389999999999993
203,N82086,Co-Codamol_Tab 8mg/500mg,0407010F0AAAAAA,8,0.03839999999999977
204,N82086,Mesalazine_Tab E/C 400mg,0105010B0AAAAAA,2,6.844799999999999
205,N82087,Amiodarone HCl_Tab 200mg,0203020D0AAABAB,1,0.3500000000000003
206,N82087,Clonazepam_Tab 500mcg,0408010F0AAABAB,1,0.31639999999999935
207,N82087,Co-Codamol_Tab 8mg/500mg,0407010F0AAAAAA,4,0.01999999999999988
208,N82089,Amiodarone HCl_Tab 200mg,0203020D0AAABAB,1,0.3500000000000003
209,N82089,Clonazepam_Tab 500mcg,0408010F0AAABAB,4,4.474799999999991
210,N82089,Co-Codamol_Tab 8mg/500mg,0407010F0AAAAAA,18,0.08999999999999946
211,N82090,Amiodarone HCl_Tab 200mg,0203020D0AAABAB,2,0.7000000000000006
212,N82090,Buprenorphine_Tab Subling 400mcg S/F,0410030A0AAACAC,2,1.5232
213,N82090,Clonazepam_Tab 500mcg,0408010F0AAABAB,9,6.214999999999987
214,N82090,Co-Codamol_Tab 8mg/500mg,0407010F0AAAAAA,4,0.02119999999999987
215,N82090,Mesalazine_Tab E/C 400mg,0105010B0AAAAAA,3,-84.41919999999999
216,N82090,Mesalazine_Tab E/C 800mg,0105010B0AAASAS,4,3.552713678800501e-14
217,N82090,Pyridox HCl_Tab 50mg,0906024N0AAAIAI,1,1.4364000000000003
218,N82090,Tetrabenazine_Tab 25mg,0409030C0AAAAAA,1,0.9995999999999987
219,N82091,Amiodarone HCl_Tab 200mg,0203020D0AAABAB,1,0.3500000000000003
220,N82091,Clonazepam_Tab 500mcg,0408010F0AAABAB,1,0.31639999999999935
221,N82091,Co-Codamol_Tab 8mg/500mg,0407010F0AAAAAA,4,0.0167999999999999
222,N82091,Mesalazine_Tab E/C 400mg,0105010B0AAAAAA,1,23.956799999999998
223,N82091,Topiramate_Tab 200mg,040801050AAACAC,1,2.3183999999999996
224,N82092,Amiodarone HCl_Tab 200mg,0203020D0AAABAB,2,0.7000000000000006
225,N82092,Clonazepam_Tab 500mcg,0408010F0AAABAB,6,2.2147999999999954
226,N82092,Co-Codamol_Tab 8mg/500mg,0407010F0AAAAAA,10,0.05239999999999968
227,N82092,Mesalazine_Tab E/C 400mg,0105010B0AAAAAA,1,-17.112
228,N82092,Mesalazine_Tab E/C 800mg,0105010B0AAASAS,1,36.89999999999999
229,N82093,Clonazepam_Tab 500mcg,0408010F0AAABAB,2,1.2655999999999974
230,N82093,Co-Codamol_Tab 8mg/500mg,0407010F0AAAAAA,6,0.02999999999999982
231,N82093,Pyridox HCl_Tab 50mg,0906024N0AAAIAI,2,1.9152000000000005
232,N82094,Amiodarone HCl_Tab 200mg,0203020D0AAABAB,3,1.7500000000000016
233,N82094,Buprenorphine_Tab Subling 400mcg S/F,0410030A0AAACAC,3,4.5696
234,N82094,Clonazepam_Tab 500mcg,0408010F0AAABAB,6,4.88159999999999
235,N82094,Co-Codamol_Tab 8mg/500mg,0407010F0AAAAAA,4,0.026799999999999838
236,N82094,Mesalazine_Tab E/C 400mg,0105010B0AAAAAA,1,-23.956799999999998
237,N82094,Mesalazine_Tab E/C 800mg,0105010B0AAASAS,1,51.65999999999999
238,N82095,Amiodarone HCl_Tab 200mg,0203020D0AAABAB,5,1.7500000000000016
239,N82095,Co-Codamol_Tab 8mg/500mg,0407010F0AAAAAA,4,0.02119999999999987
240,N82095,Mesalazine_Tab E/C 400mg,0105010B0AAAAAA,2,22.2456
241,N82095,Mesalazine_Tab E/C 800mg,0105010B0AAASAS,2,-18.432
242,N82097,Amiodarone HCl_Tab 200mg,0203020D0AAABAB,4,1.4000000000000012
243,N82097,Buprenorphine_Tab Subling 400mcg S/F,0410030A0AAACAC,3,1.9040000000000001
244,N82097,Clonazepam_Tab 500mcg,0408010F0AAABAB,5,3.977599999999992
245,N82097,Co-Codamol_Tab 8mg/500mg,0407010F0AAAAAA,16,0.08119999999999951
246,N82097,Mesalazine_Tab E/C 400mg,0105010B0AAAAAA,2,36.7908
247,N82097,Mesalazine_Tab E/C 800mg,0105010B0AAASAS,1,18.449999999999996
248,N82097,Pyridox HCl_Tab 50mg,0906024N0AAAIAI,1,1.4364000000000003
249,N82097,Tetrabenazine_Tab 25mg,0409030C0AAAAAA,1,2.998799999999996
250,N82099,Amiodarone HCl_Tab 200mg,0203020D0AAABAB,2,0.7000000000000006
251,N82099,Clonazepam_Tab 500mcg,0408010F0AAABAB,6,3.480399999999993
252,N82099,Co-Codamol_Tab 8mg/500mg,0407010F0AAAAAA,10,0.05119999999999969
253,N82099,Mesalazine_Tab E/C 400mg,0105010B0AAAAAA,1,-23.956799999999998
254,N82099,Pyridox HCl_Tab 50mg,0906024N0AAAIAI,1,1.4364000000000003
255,N82099,Tetrabenazine_Tab 25mg,0409030C0AAAAAA,1,1.9991999999999974
256,N82101,Clonazepam_Tab 500mcg,0408010F0AAABAB,3,1.7401999999999964
257,N82103,Amiodarone HCl_Tab 200mg,0203020D0AAABAB,1,0.25400000000000034
258,N82103,Clonazepam_Tab 500mcg,0408010F0AAABAB,1,0.6327999999999987
259,N82103,Co-Codamol_Tab 8mg/500mg,0407010F0AAAAAA,8,0.04119999999999975
260,N82104,Amiodarone HCl_Tab 200mg,0203020D0AAABAB,2,1.050000000000001
261,N82104,Clonazepam_Tab 500mcg,0408010F0AAABAB,9,5.2205999999999895
262,N82106,Amiodarone HCl_Tab 200mg,0203020D0AAABAB,3,1.7500000000000016
263,N82106,Clonazepam_Tab 500mcg,0408010F0AAABAB,2,0.7909999999999984
264,N82107,Amiodarone HCl_Tab 200mg,0203020D0AAABAB,1,0.3500000000000003
265,N82107,Clonazepam_Tab 500mcg,0408010F0AAABAB,2,3.1639999999999935
266,N82107,Mesalazine_Tab E/C 800mg,0105010B0AAASAS,1,34.43999999999999
267,N82107,Tetrabenazine_Tab 25mg,0409030C0AAAAAA,1,0.9995999999999987
268,N82108,Amiodarone HCl_Tab 200mg,0203020D0AAABAB,1,0.7000000000000006
269,N82108,Clonazepam_Tab 500mcg,0408010F0AAABAB,3,1.1073999999999977
270,N82108,Co-Codamol_Tab 8mg/500mg,0407010F0AAAAAA,2,0.011199999999999932
271,N82109,Clonazepam_Tab 500mcg,0408010F0AAABAB,4,1.4875999999999974
272,N82109,Co-Codamol_Tab 8mg/500mg,0407010F0AAAAAA,2,0.00999999999999994
273,N82109,Pyridox HCl_Tab 50mg,0906024N0AAAIAI,1,1.4364000000000003
274,N82109,Topiramate_Tab 200mg,040801050AAACAC,2,4.808399999999999
275,N82110,Amiodarone HCl_Tab 200mg,0203020D0AAABAB,9,3.150000000000003
276,N82110,Clonazepam_Tab 500mcg,0408010F0AAABAB,7,4.113199999999992
277,N82110,Co-Codamol_Tab 8mg/500mg,0407010F0AAAAAA,8,0.04119999999999975
278,N82110,Tetrabenazine_Tab 25mg,0409030C0AAAAAA,2,7.99679999999999
279,N82113,Amiodarone HCl_Tab 200mg,0203020D0AAABAB,1,1.050000000000001
280,N82113,Clonazepam_Tab 500mcg,0408010F0AAABAB,7,4.94719999999999
281,N82113,Co-Codamol_Tab 8mg/500mg,0407010F0AAAAAA,2,0.00999999999999994
282,N82113,Topiramate_Tab 200mg,040801050AAACAC,1,2.3183999999999996
283,N82115,Amiodarone HCl_Tab 200mg,0203020D0AAABAB,2,0.7000000000000006
284,N82115,Buprenorphine_Tab Subling 400mcg S/F,0410030A0AAACAC,11,17.136000000000003
285,N82115,Clonazepam_Tab 500mcg,0408010F0AAABAB,6,2.372999999999995
286,N82115,Co-Codamol_Tab 8mg/500mg,0407010F0AAAAAA,56,-3.8999999999999915
287,N82115,Pyridox HCl_Tab 50mg,0906024N0AAAIAI,1,0.4788000000000001
288,N82115,Tetrabenazine_Tab 25mg,0409030C0AAAAAA,1,1.9991999999999974
289,N82116,Amiodarone HCl_Tab 200mg,0203020D0AAABAB,3,1.7500000000000016
290,N82116,Pyridox HCl_Tab 50mg,0906024N0AAAIAI,1,1.4364000000000003
291,N82116,Topiramate_Tab 200mg,040801050AAACAC,2,1.1536000000000004
292,N82117,Amiodarone HCl_Tab 200mg,0203020D0AAABAB,12,2.0776000000000012
293,N82117,Buprenorphine_Tab Subling 400mcg S/F,0410030A0AAACAC,3,2.6656000000000004
294,N82117,Clonazepam_Tab 500mcg,0408010F0AAABAB,3,1.3446999999999973
295,N82117,Co-Codamol_Tab 8mg/500mg,0407010F0AAAAAA,24,0.04479999999999973
296,N82117,Pyridox HCl_Tab 50mg,0906024N0AAAIAI,5,2.8728000000000007
297,N82117,Risperidone_Tab 6mg,040201030AAAFAF,4,58.4192
298,N82617,Clonazepam_Tab 500mcg,0408010F0AAABAB,6,0.7325999999999999
299,N82617,Co-Codamol_Tab 8mg/500mg,0407010F0AAAAAA,4,0.02119999999999987
300,N82621,Clonazepam_Tab 500mcg,0408010F0AAABAB,3,2.056599999999996
301,N82621,Co-Codamol_Tab 8mg/500mg,0407010F0AAAAAA,2,0.00999999999999994
302,N82633,Amiodarone HCl_Tab 200mg,0203020D0AAABAB,2,1.050000000000001
303,N82633,Clonazepam_Tab 500mcg,0408010F0AAABAB,2,0.25899999999999956
304,N82633,Tetrabenazine_Tab 25mg,0409030C0AAAAAA,1,0.9995999999999987
305,N82641,Amiodarone HCl_Tab 200mg,0203020D0AAABAB,2,0.7000000000000006
306,N82641,Buprenorphine_Tab Subling 400mcg S/F,0410030A0AAACAC,14,10.662400000000002
307,N82641,Clonazepam_Tab 500mcg,0408010F0AAABAB,11,6.169799999999987
308,N82641,Co-Codamol_Tab 8mg/500mg,0407010F0AAAAAA,4,0.01999999999999988
309,N82641,Mesalazine_Tab E/C 400mg,0105010B0AAAAAA,1,47.913599999999995
310,N82641,Pyridox HCl_Tab 50mg,0906024N0AAAIAI,6,2.3940000000000006
311,N82641,Tetrabenazine_Tab 25mg,0409030C0AAAAAA,5,0.6919999999999993
312,N82645,Amiodarone HCl_Tab 200mg,0203020D0AAABAB,2,0.4347000000000003
313,N82645,Clonazepam_Tab 500mcg,0408010F0AAABAB,4,0.6327999999999987
314,N82645,Co-Codamol_Tab 8mg/500mg,0407010F0AAAAAA,2,0.00999999999999994
315,N82645,Mesalazine_Tab E/C 800mg,0105010B0AAASAS,2,-18.432
316,N82646,Amiodarone HCl_Tab 200mg,0203020D0AAABAB,3,1.050000000000001
317,N82646,Clonazepam_Tab 500mcg,0408010F0AAABAB,2,1.5819999999999967
318,N82646,Co-Codamol_Tab 8mg/500mg,0407010F0AAAAAA,20,0.10119999999999939
319,N82646,Mesalazine_Tab E/C 800mg,0105010B0AAASAS,2,-2.460000000000001
320,N82647,Amiodarone HCl_Tab 200mg,0203020D0AAABAB,1,0.3500000000000003
321,N82647,Clonazepam_Tab 500mcg,0408010F0AAABAB,1,0.31639999999999935
322,N82647,Co-Codamol_Tab 8mg/500mg,0407010F0AAAAAA,2,0.0167999999999999
323,N82647,Pyridox HCl_Tab 50mg,0906024N0AAAIAI,1,0.4788000000000001
324,N82648,Clonazepam_Tab 500mcg,0408010F0AAABAB,1,0.31639999999999935
325,N82648,Mesalazine_Tab E/C 400mg,0105010B0AAAAAA,1,23.956799999999998
326,N82650,Clonazepam_Tab 500mcg,0408010F0AAABAB,1,0.31639999999999935
327,N82650,Co-Codamol_Tab 8mg/500mg,0407010F0AAAAAA,6,0.02999999999999982
328,N82650,Mesalazine_Tab E/C 800mg,0105010B0AAASAS,1,36.89999999999999
329,N82651,Amiodarone HCl_Tab 200mg,0203020D0AAABAB,2,0.7000000000000006
330,N82651,Clonazepam_Tab 500mcg,0408010F0AAABAB,5,2.395599999999995
331,N82651,Co-Codamol_Tab 8mg/500mg,0407010F0AAAAAA,2,0.011199999999999932
332,N82651,Pyridox HCl_Tab 50mg,0906024N0AAAIAI,2,1.9152000000000005
333,N82651,Topiramate_Tab 200mg,040801050AAACAC,3,7.469999999999997
334,N82655,Amiodarone HCl_Tab 200mg,0203020D0AAABAB,3,1.050000000000001
335,N82655,Clonazepam_Tab 500mcg,0408010F0AAABAB,3,2.2147999999999954
336,N82655,Co-Codamol_Tab 8mg/500mg,0407010F0AAAAAA,10,0.05119999999999969
337,N82655,Pyridox HCl_Tab 50mg,0906024N0AAAIAI,1,0.9576000000000002
338,N82662,Amiodarone HCl_Tab 200mg,0203020D0AAABAB,2,0.7000000000000006
339,N82662,Buprenorphine_Tab Subling 400mcg S/F,0410030A0AAACAC,4,3.8080000000000003
340,N82662,Clonazepam_Tab 500mcg,0408010F0AAABAB,9,0.5650999999999992
341,N82662,Co-Codamol_Tab 8mg/500mg,0407010F0AAAAAA,8,0.04479999999999973
342,N82662,Mesalazine_Tab E/C 400mg,0105010B0AAAAAA,1,23.956799999999998
343,N82662,Mesalazine_Tab E/C 800mg,0105010B0AAASAS,2,-17.219999999999995
344,N82662,Pyridox HCl_Tab 50mg,0906024N0AAAIAI,2,1.4364000000000003
345,N82662,Topiramate_Tab 200mg,040801050AAACAC,1,1.1647999999999992
346,N82663,Clonazepam_Tab 500mcg,0408010F0AAABAB,2,1.3107999999999973
347,N82663,Co-Codamol_Tab 8mg/500mg,0407010F0AAAAAA,10,0.10079999999999939
348,N82664,Amiodarone HCl_Tab 200mg,0203020D0AAABAB,1,0.3500000000000003
349,N82664,Co-Codamol_Tab 8mg/500mg,0407010F0AAAAAA,2,0.011199999999999932
350,N82665,Amiodarone HCl_Tab 200mg,0203020D0AAABAB,3,1.050000000000001
351,N82665,Buprenorphine_Tab Subling 400mcg S/F,0410030A0AAACAC,8,8.887800000000002
352,N82665,Clonazepam_Tab 500mcg,0408010F0AAABAB,3,3.502999999999993
353,N82665,Co-Codamol_Tab 8mg/500mg,0407010F0AAAAAA,2,0.00999999999999994
354,N82665,Mesalazine_Tab E/C 400mg,0105010B0AAAAAA,2,-47.913599999999995
355,N82665,Pyridox HCl_Tab 50mg,0906024N0AAAIAI,1,0.4788000000000001
356,N82667,Buprenorphine_Tab Subling 400mcg S/F,0410030A0AAACAC,26,28.74320000000001
357,N82668,Clonazepam_Tab 500mcg,0408010F0AAABAB,1,0.31639999999999935
358,N82668,Mesalazine_Tab E/C 400mg,0105010B0AAAAAA,1,-17.112
359,N82669,Amiodarone HCl_Tab 200mg,0203020D0AAABAB,5,0.6888000000000003
360,N82669,Buprenorphine_Tab Subling 400mcg S/F,0410030A0AAACAC,12,14.851200000000002
361,N82669,Clonazepam_Tab 500mcg,0408010F0AAABAB,3,1.5819999999999967
362,N82669,Pyridox HCl_Tab 50mg,0906024N0AAAIAI,1,0.4788000000000001
363,N82669,Tetrabenazine_Tab 25mg,0409030C0AAAAAA,1,2.135999999999998
364,N82670,Amiodarone HCl_Tab 200mg,0203020D0AAABAB,2,1.050000000000001
365,N82670,Co-Codamol_Tab 8mg/500mg,0407010F0AAAAAA,14,0.07719999999999955
366,N82670,Topiramate_Tab 200mg,040801050AAACAC,1,2.489999999999999
367,N82671,Amiodarone HCl_Tab 200mg,0203020D0AAABAB,1,0.3500000000000003
368,N82671,Clonazepam_Tab 500mcg,0408010F0AAABAB,2,1.423799999999997
369,N82671,Co-Codamol_Tab 8mg/500mg,0407010F0AAAAAA,8,0.03999999999999976
370,N82671,Mesalazine_Tab E/C 800mg,0105010B0AAASAS,1,11.479999999999997
371,N82671,Tetrabenazine_Tab 25mg,0409030C0AAAAAA,1,2.998799999999996
372,N82676,Amiodarone HCl_Tab 200mg,0203020D0AAABAB,3,1.050000000000001
373,N82676,Clonazepam_Tab 500mcg,0408010F0AAABAB,1,1.2655999999999974
374,N82676,Co-Codamol_Tab 8mg/500mg,0407010F0AAAAAA,18,0.09719999999999941
375,N82676,Mesalazine_Tab E/C 400mg,0105010B0AAAAAA,1,12.833999999999998
376,N82678,Pyridox HCl_Tab 50mg,0906024N0AAAIAI,2,0.9576000000000002
377,Y00110,Amiodarone HCl_Tab 200mg,0203020D0AAABAB,2,0.7000000000000006
378,Y00110,Mesalazine_Tab E/C 400mg,0105010B0AAAAAA,1,-12.833999999999998
379,Y00110,Topiramate_Tab 200mg,040801050AAACAC,1,2.3183999999999996
380,Y01220,Buprenorphine_Tab Subling 400mcg S/F,0410030A0AAACAC,19,25.0336
381,Y02204,Amiodarone HCl_Tab 200mg,0203020D0AAABAB,1,0.0847
382,Y02204,Clonazepam_Tab 500mcg,0408010F0AAABAB,1,0.04239999999999999
383,Y02204,Co-Codamol_Tab 8mg/500mg,0407010F0AAAAAA,8,0.034400000000000125
384,Y03798,Co-Codamol_Tab 8mg/500mg,0407010F0AAAAAA,6,0.0335999999999998
