,practice_code,bnf_description,bnf_code,items,excess_cost
211,K81057,Memantine HCl_Tab 20mg,0411000G0AAADAD,3,127.7976
243,K81052,Pregabalin_Cap 50mg,0408010AEAAABAB,4,114.15039999999999
191,K81605,Mesalazine_Tab E/C 800mg,0105010B0AAASAS,4,103.28639999999996
338,K81051,Atorvastatin_Tab 80mg,0212000B0AAADAD,1,74.42399999999999
332,K81077,Mesalazine_Tab E/C 400mg,0105010B0AAAAAA,2,47.913599999999995
224,K81052,Losartan Pot_Tab 100mg,0205052N0AAADAD,1,44.167199999999994
192,K81638,Mesalazine_Tab E/C 800mg,0105010B0AAASAS,1,36.89999999999999
193,K81022,Mesalazine_Tab E/C 800mg,0105010B0AAASAS,1,36.89999999999999
194,K81022,Mesalazine_Tab E/C 800mg,0105010B0AAASAS,1,34.43999999999999
423,K81004,Phenytoin_Sod Tab 100mg,0408010Q0AAAGAG,1,29.849399999999996
225,K81057,Losartan Pot_Tab 100mg,0205052N0AAADAD,46,29.62400000000001
226,K81613,Losartan Pot_Tab 100mg,0205052N0AAADAD,7,29.4392
333,K81022,Mesalazine_Tab E/C 400mg,0105010B0AAAAAA,1,23.956799999999998
334,K81605,Mesalazine_Tab E/C 400mg,0105010B0AAAAAA,1,23.956799999999998
426,K81057,Atorvastatin_Tab 10mg,0212000B0AAAAAA,29,23.223200000000002
427,K81052,Atorvastatin_Tab 10mg,0212000B0AAAAAA,46,23.184
195,K81002,Mesalazine_Tab E/C 800mg,0105010B0AAASAS,1,18.449999999999996
199,K81014,Mesalazine_Tab E/C 800mg,0105010B0AAASAS,1,17.219999999999995
196,K81048,Mesalazine_Tab E/C 800mg,0105010B0AAASAS,1,17.219999999999995
197,K81025,Mesalazine_Tab E/C 800mg,0105010B0AAASAS,1,17.219999999999995
198,K81017,Mesalazine_Tab E/C 800mg,0105010B0AAASAS,1,17.219999999999995
227,K81052,Losartan Pot_Tab 100mg,0205052N0AAADAD,30,14.783999999999997
335,K81638,Mesalazine_Tab E/C 400mg,0105010B0AAAAAA,1,12.833999999999998
201,K81056,Mesalazine_Tab E/C 800mg,0105010B0AAASAS,1,12.293999999999999
200,K81007,Mesalazine_Tab E/C 800mg,0105010B0AAASAS,1,12.293999999999999
424,K81073,Phenytoin_Sod Tab 100mg,0408010Q0AAAGAG,2,12.118399999999996
202,K81073,Mesalazine_Tab E/C 800mg,0105010B0AAASAS,1,11.479999999999997
425,K81055,Phenytoin_Sod Tab 100mg,0408010Q0AAAGAG,2,9.088799999999997
336,K81017,Mesalazine_Tab E/C 400mg,0105010B0AAAAAA,1,8.556
0,K81022,Clonazepam_Tab 500mcg,0408010F0AAABAB,8,5.06239999999999
1,K81047,Clonazepam_Tab 500mcg,0408010F0AAABAB,5,4.74599999999999
2,K81055,Clonazepam_Tab 500mcg,0408010F0AAABAB,4,4.519999999999991
3,K81073,Clonazepam_Tab 500mcg,0408010F0AAABAB,2,4.519999999999991
4,K81077,Clonazepam_Tab 500mcg,0408010F0AAABAB,2,4.067999999999992
5,K81062,Clonazepam_Tab 500mcg,0408010F0AAABAB,3,3.796799999999992
6,K81067,Clonazepam_Tab 500mcg,0408010F0AAABAB,6,3.796799999999992
7,K81022,Clonazepam_Tab 500mcg,0408010F0AAABAB,11,3.480399999999993
8,K81014,Clonazepam_Tab 500mcg,0408010F0AAABAB,5,3.1639999999999935
10,K81069,Clonazepam_Tab 500mcg,0408010F0AAABAB,3,2.847599999999994
9,K81062,Clonazepam_Tab 500mcg,0408010F0AAABAB,3,2.847599999999994
11,K81012,Clonazepam_Tab 500mcg,0408010F0AAABAB,9,2.847599999999994
354,K81014,Amiodarone HCl_Tab 200mg,0203020D0AAABAB,8,2.8000000000000025
355,K81077,Amiodarone HCl_Tab 200mg,0203020D0AAABAB,8,2.8000000000000025
13,K81017,Clonazepam_Tab 500mcg,0408010F0AAABAB,2,2.7119999999999944
12,K81078,Clonazepam_Tab 500mcg,0408010F0AAABAB,2,2.7119999999999944
14,K81069,Clonazepam_Tab 500mcg,0408010F0AAABAB,1,2.7119999999999944
18,K81003,Clonazepam_Tab 500mcg,0408010F0AAABAB,2,2.531199999999995
23,K81062,Clonazepam_Tab 500mcg,0408010F0AAABAB,4,2.531199999999995
22,K81077,Clonazepam_Tab 500mcg,0408010F0AAABAB,4,2.531199999999995
21,K81048,Clonazepam_Tab 500mcg,0408010F0AAABAB,4,2.531199999999995
20,K81051,Clonazepam_Tab 500mcg,0408010F0AAABAB,4,2.531199999999995
16,J82054,Clonazepam_Tab 500mcg,0408010F0AAABAB,4,2.531199999999995
19,K81633,Clonazepam_Tab 500mcg,0408010F0AAABAB,4,2.531199999999995
17,K81026,Clonazepam_Tab 500mcg,0408010F0AAABAB,2,2.531199999999995
15,K81040,Clonazepam_Tab 500mcg,0408010F0AAABAB,2,2.531199999999995
358,K81027,Amiodarone HCl_Tab 200mg,0203020D0AAABAB,7,2.450000000000002
357,K81025,Amiodarone HCl_Tab 200mg,0203020D0AAABAB,7,2.450000000000002
356,K81022,Amiodarone HCl_Tab 200mg,0203020D0AAABAB,7,2.450000000000002
24,K81057,Clonazepam_Tab 500mcg,0408010F0AAABAB,1,2.372999999999995
29,K81048,Clonazepam_Tab 500mcg,0408010F0AAABAB,2,2.2599999999999953
25,K81067,Clonazepam_Tab 500mcg,0408010F0AAABAB,1,2.2599999999999953
26,K81070,Clonazepam_Tab 500mcg,0408010F0AAABAB,2,2.2599999999999953
27,K81069,Clonazepam_Tab 500mcg,0408010F0AAABAB,1,2.2599999999999953
28,K81045,Clonazepam_Tab 500mcg,0408010F0AAABAB,1,2.2599999999999953
30,K81017,Clonazepam_Tab 500mcg,0408010F0AAABAB,7,2.2147999999999954
360,K81003,Amiodarone HCl_Tab 200mg,0203020D0AAABAB,6,2.100000000000002
359,K81047,Amiodarone HCl_Tab 200mg,0203020D0AAABAB,3,2.100000000000002
361,K81063,Amiodarone HCl_Tab 200mg,0203020D0AAABAB,6,2.100000000000002
32,K81047,Clonazepam_Tab 500mcg,0408010F0AAABAB,3,2.033999999999996
31,K81092,Clonazepam_Tab 500mcg,0408010F0AAABAB,1,2.033999999999996
37,K81651,Clonazepam_Tab 500mcg,0408010F0AAABAB,6,1.898399999999996
38,J82054,Clonazepam_Tab 500mcg,0408010F0AAABAB,6,1.898399999999996
39,K81092,Clonazepam_Tab 500mcg,0408010F0AAABAB,1,1.898399999999996
40,K81017,Clonazepam_Tab 500mcg,0408010F0AAABAB,2,1.898399999999996
36,K81040,Clonazepam_Tab 500mcg,0408010F0AAABAB,1,1.898399999999996
42,K81063,Clonazepam_Tab 500mcg,0408010F0AAABAB,2,1.898399999999996
43,K81027,Clonazepam_Tab 500mcg,0408010F0AAABAB,8,1.898399999999996
44,K81003,Clonazepam_Tab 500mcg,0408010F0AAABAB,3,1.898399999999996
45,K81012,Clonazepam_Tab 500mcg,0408010F0AAABAB,3,1.898399999999996
47,K81638,Clonazepam_Tab 500mcg,0408010F0AAABAB,1,1.898399999999996
35,K81056,Clonazepam_Tab 500mcg,0408010F0AAABAB,3,1.898399999999996
34,K81092,Clonazepam_Tab 500mcg,0408010F0AAABAB,3,1.898399999999996
41,K81644,Clonazepam_Tab 500mcg,0408010F0AAABAB,1,1.898399999999996
46,K81045,Clonazepam_Tab 500mcg,0408010F0AAABAB,3,1.898399999999996
33,K81022,Clonazepam_Tab 500mcg,0408010F0AAABAB,2,1.898399999999996
363,K81050,Amiodarone HCl_Tab 200mg,0203020D0AAABAB,5,1.7500000000000016
364,K81040,Amiodarone HCl_Tab 200mg,0203020D0AAABAB,5,1.7500000000000016
362,K81073,Amiodarone HCl_Tab 200mg,0203020D0AAABAB,5,1.7500000000000016
48,K81041,Clonazepam_Tab 500mcg,0408010F0AAABAB,5,1.5819999999999967
49,K81078,Clonazepam_Tab 500mcg,0408010F0AAABAB,5,1.5819999999999967
50,K81047,Clonazepam_Tab 500mcg,0408010F0AAABAB,1,1.5819999999999967
372,K81062,Amiodarone HCl_Tab 200mg,0203020D0AAABAB,2,1.4000000000000012
365,K81052,Amiodarone HCl_Tab 200mg,0203020D0AAABAB,4,1.4000000000000012
366,K81012,Amiodarone HCl_Tab 200mg,0203020D0AAABAB,4,1.4000000000000012
368,K81078,Amiodarone HCl_Tab 200mg,0203020D0AAABAB,2,1.4000000000000012
369,K81078,Amiodarone HCl_Tab 200mg,0203020D0AAABAB,1,1.4000000000000012
370,K81002,Amiodarone HCl_Tab 200mg,0203020D0AAABAB,4,1.4000000000000012
371,K81055,Amiodarone HCl_Tab 200mg,0203020D0AAABAB,4,1.4000000000000012
377,K81070,Amiodarone HCl_Tab 200mg,0203020D0AAABAB,4,1.4000000000000012
376,K81014,Amiodarone HCl_Tab 200mg,0203020D0AAABAB,2,1.4000000000000012
375,K81080,Amiodarone HCl_Tab 200mg,0203020D0AAABAB,2,1.4000000000000012
374,K81040,Amiodarone HCl_Tab 200mg,0203020D0AAABAB,2,1.4000000000000012
367,K81069,Amiodarone HCl_Tab 200mg,0203020D0AAABAB,2,1.4000000000000012
373,J82054,Amiodarone HCl_Tab 200mg,0203020D0AAABAB,4,1.4000000000000012
52,J82054,Clonazepam_Tab 500mcg,0408010F0AAABAB,1,1.3559999999999972
51,K81103,Clonazepam_Tab 500mcg,0408010F0AAABAB,1,1.3559999999999972
53,K81027,Clonazepam_Tab 500mcg,0408010F0AAABAB,1,1.3559999999999972
54,K81070,Clonazepam_Tab 500mcg,0408010F0AAABAB,1,1.3559999999999972
55,K81040,Clonazepam_Tab 500mcg,0408010F0AAABAB,2,1.2655999999999974
57,K81080,Clonazepam_Tab 500mcg,0408010F0AAABAB,1,1.2655999999999974
58,K81050,Clonazepam_Tab 500mcg,0408010F0AAABAB,1,1.2655999999999974
59,K81002,Clonazepam_Tab 500mcg,0408010F0AAABAB,2,1.2655999999999974
60,K81073,Clonazepam_Tab 500mcg,0408010F0AAABAB,1,1.2655999999999974
61,K81017,Clonazepam_Tab 500mcg,0408010F0AAABAB,2,1.2655999999999974
56,K81025,Clonazepam_Tab 500mcg,0408010F0AAABAB,2,1.2655999999999974
62,K81063,Clonazepam_Tab 500mcg,0408010F0AAABAB,2,1.2655999999999974
63,K81012,Clonazepam_Tab 500mcg,0408010F0AAABAB,1,1.2655999999999974
64,K81057,Clonazepam_Tab 500mcg,0408010F0AAABAB,2,1.2655999999999974
71,K81605,Clonazepam_Tab 500mcg,0408010F0AAABAB,2,1.2655999999999974
70,K81605,Clonazepam_Tab 500mcg,0408010F0AAABAB,1,1.2655999999999974
69,K81004,Clonazepam_Tab 500mcg,0408010F0AAABAB,4,1.2655999999999974
68,K81080,Clonazepam_Tab 500mcg,0408010F0AAABAB,4,1.2655999999999974
67,K81062,Clonazepam_Tab 500mcg,0408010F0AAABAB,4,1.2655999999999974
66,K81651,Clonazepam_Tab 500mcg,0408010F0AAABAB,1,1.2655999999999974
65,K81057,Clonazepam_Tab 500mcg,0408010F0AAABAB,4,1.2655999999999974
378,K81078,Amiodarone HCl_Tab 200mg,0203020D0AAABAB,1,1.250000000000001
72,K81022,Clonazepam_Tab 500mcg,0408010F0AAABAB,2,1.1399999999999966
73,K81102,Clonazepam_Tab 500mcg,0408010F0AAABAB,1,1.1299999999999977
76,K81063,Clonazepam_Tab 500mcg,0408010F0AAABAB,1,1.1299999999999977
77,K81014,Clonazepam_Tab 500mcg,0408010F0AAABAB,1,1.1299999999999977
78,K81027,Clonazepam_Tab 500mcg,0408010F0AAABAB,1,1.1299999999999977
79,K81051,Clonazepam_Tab 500mcg,0408010F0AAABAB,1,1.1299999999999977
75,K81040,Clonazepam_Tab 500mcg,0408010F0AAABAB,1,1.1299999999999977
74,K81069,Clonazepam_Tab 500mcg,0408010F0AAABAB,1,1.1299999999999977
383,K81651,Amiodarone HCl_Tab 200mg,0203020D0AAABAB,3,1.050000000000001
382,K81644,Amiodarone HCl_Tab 200mg,0203020D0AAABAB,3,1.050000000000001
381,K81102,Amiodarone HCl_Tab 200mg,0203020D0AAABAB,3,1.050000000000001
380,K81045,Amiodarone HCl_Tab 200mg,0203020D0AAABAB,3,1.050000000000001
379,K81045,Amiodarone HCl_Tab 200mg,0203020D0AAABAB,1,1.050000000000001
94,K81644,Clonazepam_Tab 500mcg,0408010F0AAABAB,3,0.949199999999998
88,K81002,Clonazepam_Tab 500mcg,0408010F0AAABAB,3,0.949199999999998
95,K81025,Clonazepam_Tab 500mcg,0408010F0AAABAB,3,0.949199999999998
89,K81004,Clonazepam_Tab 500mcg,0408010F0AAABAB,6,0.949199999999998
93,K81012,Clonazepam_Tab 500mcg,0408010F0AAABAB,1,0.949199999999998
85,K81077,Clonazepam_Tab 500mcg,0408010F0AAABAB,3,0.949199999999998
84,K81605,Clonazepam_Tab 500mcg,0408010F0AAABAB,3,0.949199999999998
91,K81057,Clonazepam_Tab 500mcg,0408010F0AAABAB,1,0.949199999999998
83,K81004,Clonazepam_Tab 500mcg,0408010F0AAABAB,1,0.949199999999998
82,K81014,Clonazepam_Tab 500mcg,0408010F0AAABAB,4,0.949199999999998
80,K81056,Clonazepam_Tab 500mcg,0408010F0AAABAB,3,0.949199999999998
90,K81067,Clonazepam_Tab 500mcg,0408010F0AAABAB,1,0.949199999999998
81,K81063,Clonazepam_Tab 500mcg,0408010F0AAABAB,3,0.949199999999998
86,K81102,Clonazepam_Tab 500mcg,0408010F0AAABAB,1,0.949199999999998
87,K81025,Clonazepam_Tab 500mcg,0408010F0AAABAB,1,0.949199999999998
92,K81638,Clonazepam_Tab 500mcg,0408010F0AAABAB,3,0.949199999999998
428,K81069,Atorvastatin_Tab 10mg,0212000B0AAAAAA,48,0.8064000000000044
96,K81045,Clonazepam_Tab 500mcg,0408010F0AAABAB,4,0.8063999999999991
98,K81077,Clonazepam_Tab 500mcg,0408010F0AAABAB,5,0.7909999999999984
97,K81056,Clonazepam_Tab 500mcg,0408010F0AAABAB,5,0.7909999999999984
384,K81633,Amiodarone HCl_Tab 200mg,0203020D0AAABAB,1,0.7500000000000007
99,K81027,Clonazepam_Tab 500mcg,0408010F0AAABAB,9,0.7118999999999985
390,K81004,Amiodarone HCl_Tab 200mg,0203020D0AAABAB,2,0.7000000000000006
385,Y02476,Amiodarone HCl_Tab 200mg,0203020D0AAABAB,2,0.7000000000000006
386,K81041,Amiodarone HCl_Tab 200mg,0203020D0AAABAB,2,0.7000000000000006
387,K81103,Amiodarone HCl_Tab 200mg,0203020D0AAABAB,2,0.7000000000000006
388,K81622,Amiodarone HCl_Tab 200mg,0203020D0AAABAB,1,0.7000000000000006
389,K81080,Amiodarone HCl_Tab 200mg,0203020D0AAABAB,2,0.7000000000000006
393,K81069,Amiodarone HCl_Tab 200mg,0203020D0AAABAB,2,0.7000000000000006
391,K81092,Amiodarone HCl_Tab 200mg,0203020D0AAABAB,1,0.7000000000000006
394,K81041,Amiodarone HCl_Tab 200mg,0203020D0AAABAB,1,0.7000000000000006
395,Y02476,Amiodarone HCl_Tab 200mg,0203020D0AAABAB,1,0.7000000000000006
396,K81051,Amiodarone HCl_Tab 200mg,0203020D0AAABAB,2,0.7000000000000006
397,K81622,Amiodarone HCl_Tab 200mg,0203020D0AAABAB,2,0.7000000000000006
398,K81100,Amiodarone HCl_Tab 200mg,0203020D0AAABAB,2,0.7000000000000006
392,K81025,Amiodarone HCl_Tab 200mg,0203020D0AAABAB,1,0.7000000000000006
109,K81067,Clonazepam_Tab 500mcg,0408010F0AAABAB,1,0.6779999999999986
106,K81633,Clonazepam_Tab 500mcg,0408010F0AAABAB,1,0.6779999999999986
107,K81100,Clonazepam_Tab 500mcg,0408010F0AAABAB,1,0.6779999999999986
108,K81078,Clonazepam_Tab 500mcg,0408010F0AAABAB,1,0.6779999999999986
103,K81069,Clonazepam_Tab 500mcg,0408010F0AAABAB,1,0.6779999999999986
100,K81636,Clonazepam_Tab 500mcg,0408010F0AAABAB,1,0.6779999999999986
101,K81103,Clonazepam_Tab 500mcg,0408010F0AAABAB,2,0.6779999999999986
102,K81103,Clonazepam_Tab 500mcg,0408010F0AAABAB,1,0.6779999999999986
105,K81063,Clonazepam_Tab 500mcg,0408010F0AAABAB,1,0.6779999999999986
104,K81050,Clonazepam_Tab 500mcg,0408010F0AAABAB,1,0.6779999999999986
132,K81003,Clonazepam_Tab 500mcg,0408010F0AAABAB,8,0.6327999999999987
133,K81027,Clonazepam_Tab 500mcg,0408010F0AAABAB,1,0.6327999999999987
122,K81080,Clonazepam_Tab 500mcg,0408010F0AAABAB,1,0.6327999999999987
128,K81047,Clonazepam_Tab 500mcg,0408010F0AAABAB,2,0.6327999999999987
129,K81070,Clonazepam_Tab 500mcg,0408010F0AAABAB,1,0.6327999999999987
130,K81644,Clonazepam_Tab 500mcg,0408010F0AAABAB,1,0.6327999999999987
131,K81638,Clonazepam_Tab 500mcg,0408010F0AAABAB,1,0.6327999999999987
125,K81055,Clonazepam_Tab 500mcg,0408010F0AAABAB,2,0.6327999999999987
134,K81047,Clonazepam_Tab 500mcg,0408010F0AAABAB,1,0.6327999999999987
135,K81651,Clonazepam_Tab 500mcg,0408010F0AAABAB,1,0.6327999999999987
136,K81045,Clonazepam_Tab 500mcg,0408010F0AAABAB,2,0.6327999999999987
137,K81100,Clonazepam_Tab 500mcg,0408010F0AAABAB,4,0.6327999999999987
138,K81613,Clonazepam_Tab 500mcg,0408010F0AAABAB,2,0.6327999999999987
124,K81041,Clonazepam_Tab 500mcg,0408010F0AAABAB,1,0.6327999999999987
126,K81007,Clonazepam_Tab 500mcg,0408010F0AAABAB,2,0.6327999999999987
123,K81027,Clonazepam_Tab 500mcg,0408010F0AAABAB,4,0.6327999999999987
121,K81069,Clonazepam_Tab 500mcg,0408010F0AAABAB,1,0.6327999999999987
120,K81070,Clonazepam_Tab 500mcg,0408010F0AAABAB,4,0.6327999999999987
119,K81070,Clonazepam_Tab 500mcg,0408010F0AAABAB,2,0.6327999999999987
118,K81004,Clonazepam_Tab 500mcg,0408010F0AAABAB,1,0.6327999999999987
117,K81050,Clonazepam_Tab 500mcg,0408010F0AAABAB,2,0.6327999999999987
116,Y02476,Clonazepam_Tab 500mcg,0408010F0AAABAB,1,0.6327999999999987
115,K81640,Clonazepam_Tab 500mcg,0408010F0AAABAB,2,0.6327999999999987
114,K81048,Clonazepam_Tab 500mcg,0408010F0AAABAB,2,0.6327999999999987
113,K81014,Clonazepam_Tab 500mcg,0408010F0AAABAB,2,0.6327999999999987
112,K81026,Clonazepam_Tab 500mcg,0408010F0AAABAB,2,0.6327999999999987
111,K81022,Clonazepam_Tab 500mcg,0408010F0AAABAB,8,0.6327999999999987
110,K81078,Clonazepam_Tab 500mcg,0408010F0AAABAB,1,0.6327999999999987
127,K81103,Clonazepam_Tab 500mcg,0408010F0AAABAB,1,0.6327999999999987
140,K81069,Clonazepam_Tab 500mcg,0408010F0AAABAB,1,0.5699999999999983
139,K81073,Clonazepam_Tab 500mcg,0408010F0AAABAB,1,0.5699999999999983
399,K81063,Amiodarone HCl_Tab 200mg,0203020D0AAABAB,1,0.5292
228,K81027,Losartan Pot_Tab 100mg,0205052N0AAADAD,89,0.4984000000000013
142,K81605,Clonazepam_Tab 500mcg,0408010F0AAABAB,6,0.474599999999999
143,K81022,Clonazepam_Tab 500mcg,0408010F0AAABAB,1,0.474599999999999
144,K81012,Clonazepam_Tab 500mcg,0408010F0AAABAB,6,0.474599999999999
145,K81063,Clonazepam_Tab 500mcg,0408010F0AAABAB,3,0.474599999999999
146,K81017,Clonazepam_Tab 500mcg,0408010F0AAABAB,1,0.474599999999999
141,K81051,Clonazepam_Tab 500mcg,0408010F0AAABAB,1,0.474599999999999
147,K81069,Clonazepam_Tab 500mcg,0408010F0AAABAB,5,0.3954999999999992
400,K81052,Amiodarone HCl_Tab 200mg,0203020D0AAABAB,1,0.37200000000000066
401,K81073,Amiodarone HCl_Tab 200mg,0203020D0AAABAB,1,0.37200000000000066
404,K81007,Amiodarone HCl_Tab 200mg,0203020D0AAABAB,1,0.3500000000000003
402,K81057,Amiodarone HCl_Tab 200mg,0203020D0AAABAB,1,0.3500000000000003
403,K81026,Amiodarone HCl_Tab 200mg,0203020D0AAABAB,1,0.3500000000000003
408,K81633,Amiodarone HCl_Tab 200mg,0203020D0AAABAB,1,0.3500000000000003
405,K81638,Amiodarone HCl_Tab 200mg,0203020D0AAABAB,1,0.3500000000000003
406,K81017,Amiodarone HCl_Tab 200mg,0203020D0AAABAB,1,0.3500000000000003
409,K81048,Amiodarone HCl_Tab 200mg,0203020D0AAABAB,1,0.3500000000000003
407,K81047,Amiodarone HCl_Tab 200mg,0203020D0AAABAB,1,0.3500000000000003
410,K81605,Amiodarone HCl_Tab 200mg,0203020D0AAABAB,1,0.3500000000000003
411,K81640,Amiodarone HCl_Tab 200mg,0203020D0AAABAB,1,0.3500000000000003
153,K81092,Clonazepam_Tab 500mcg,0408010F0AAABAB,1,0.3389999999999993
148,K81002,Clonazepam_Tab 500mcg,0408010F0AAABAB,1,0.3389999999999993
149,K81636,Clonazepam_Tab 500mcg,0408010F0AAABAB,1,0.3389999999999993
150,K81027,Clonazepam_Tab 500mcg,0408010F0AAABAB,1,0.3389999999999993
151,K81633,Clonazepam_Tab 500mcg,0408010F0AAABAB,1,0.3389999999999993
152,K81017,Clonazepam_Tab 500mcg,0408010F0AAABAB,1,0.3389999999999993
417,K81605,Amiodarone HCl_Tab 200mg,0203020D0AAABAB,4,0.3388
415,K81012,Amiodarone HCl_Tab 200mg,0203020D0AAABAB,4,0.3388
414,K81027,Amiodarone HCl_Tab 200mg,0203020D0AAABAB,4,0.3388
412,K81636,Amiodarone HCl_Tab 200mg,0203020D0AAABAB,4,0.3388
416,K81651,Amiodarone HCl_Tab 200mg,0203020D0AAABAB,4,0.3388
413,K81014,Amiodarone HCl_Tab 200mg,0203020D0AAABAB,4,0.3388
160,K81052,Clonazepam_Tab 500mcg,0408010F0AAABAB,1,0.31639999999999935
154,K81069,Clonazepam_Tab 500mcg,0408010F0AAABAB,2,0.31639999999999935
155,K81014,Clonazepam_Tab 500mcg,0408010F0AAABAB,4,0.31639999999999935
156,K81605,Clonazepam_Tab 500mcg,0408010F0AAABAB,2,0.31639999999999935
157,K81651,Clonazepam_Tab 500mcg,0408010F0AAABAB,2,0.31639999999999935
158,K81040,Clonazepam_Tab 500mcg,0408010F0AAABAB,1,0.31639999999999935
159,K81050,Clonazepam_Tab 500mcg,0408010F0AAABAB,2,0.31639999999999935
161,K81081,Clonazepam_Tab 500mcg,0408010F0AAABAB,1,0.31639999999999935
162,K81633,Clonazepam_Tab 500mcg,0408010F0AAABAB,1,0.31639999999999935
163,K81644,Clonazepam_Tab 500mcg,0408010F0AAABAB,2,0.31639999999999935
164,K81067,Clonazepam_Tab 500mcg,0408010F0AAABAB,1,0.31639999999999935
165,K81056,Clonazepam_Tab 500mcg,0408010F0AAABAB,4,0.31639999999999935
167,K81073,Clonazepam_Tab 500mcg,0408010F0AAABAB,2,0.31639999999999935
168,K81051,Clonazepam_Tab 500mcg,0408010F0AAABAB,1,0.31639999999999935
166,Y02476,Clonazepam_Tab 500mcg,0408010F0AAABAB,1,0.31639999999999935
169,K81003,Clonazepam_Tab 500mcg,0408010F0AAABAB,1,0.31639999999999935
418,K81078,Amiodarone HCl_Tab 200mg,0203020D0AAABAB,3,0.2541
419,K81100,Amiodarone HCl_Tab 200mg,0203020D0AAABAB,3,0.2541
420,K81633,Amiodarone HCl_Tab 200mg,0203020D0AAABAB,3,0.2541
421,K81012,Amiodarone HCl_Tab 200mg,0203020D0AAABAB,1,0.25400000000000034
171,K81012,Clonazepam_Tab 500mcg,0408010F0AAABAB,1,0.2372999999999995
170,K81069,Clonazepam_Tab 500mcg,0408010F0AAABAB,1,0.2372999999999995
172,K81067,Clonazepam_Tab 500mcg,0408010F0AAABAB,1,0.22199999999999998
429,K81027,Atorvastatin_Tab 10mg,0212000B0AAAAAA,92,0.19320000000000107
422,J82054,Amiodarone HCl_Tab 200mg,0203020D0AAABAB,1,0.17920000000000008
174,K81022,Clonazepam_Tab 500mcg,0408010F0AAABAB,1,0.174
173,K81056,Clonazepam_Tab 500mcg,0408010F0AAABAB,1,0.174
175,K81050,Clonazepam_Tab 500mcg,0408010F0AAABAB,4,0.16959999999999997
179,K81012,Clonazepam_Tab 500mcg,0408010F0AAABAB,1,0.15819999999999967
181,J82054,Clonazepam_Tab 500mcg,0408010F0AAABAB,1,0.15819999999999967
176,K81633,Clonazepam_Tab 500mcg,0408010F0AAABAB,1,0.15819999999999967
177,K81062,Clonazepam_Tab 500mcg,0408010F0AAABAB,1,0.15819999999999967
178,K81057,Clonazepam_Tab 500mcg,0408010F0AAABAB,1,0.15819999999999967
180,K81055,Clonazepam_Tab 500mcg,0408010F0AAABAB,1,0.15819999999999967
183,K81051,Clonazepam_Tab 500mcg,0408010F0AAABAB,1,0.15819999999999967
182,K81017,Clonazepam_Tab 500mcg,0408010F0AAABAB,2,0.15819999999999967
184,K81047,Clonazepam_Tab 500mcg,0408010F0AAABAB,1,0.15819999999999967
185,K81613,Clonazepam_Tab 500mcg,0408010F0AAABAB,1,0.15819999999999967
187,K81070,Clonazepam_Tab 500mcg,0408010F0AAABAB,1,0.1367999999999996
186,K81003,Clonazepam_Tab 500mcg,0408010F0AAABAB,1,0.1367999999999996
244,K81022,Pregabalin_Cap 50mg,0408010AEAAABAB,22,0.12320000000000353
189,K81078,Clonazepam_Tab 500mcg,0408010F0AAABAB,1,0.11599999999999999
188,K81644,Clonazepam_Tab 500mcg,0408010F0AAABAB,1,0.11599999999999999
245,K81014,Pregabalin_Cap 50mg,0408010AEAAABAB,27,0.113399999999998
212,K81022,Memantine HCl_Tab 20mg,0411000G0AAADAD,20,0.09799999999999989
247,K81073,Pregabalin_Cap 50mg,0408010AEAAABAB,15,0.0840000000000024
246,K81027,Pregabalin_Cap 50mg,0408010AEAAABAB,15,0.0840000000000024
213,K81027,Memantine HCl_Tab 20mg,0411000G0AAADAD,16,0.07839999999999991
248,K81063,Pregabalin_Cap 50mg,0408010AEAAABAB,13,0.07280000000000209
249,K81605,Pregabalin_Cap 50mg,0408010AEAAABAB,12,0.06720000000000192
190,J82054,Clonazepam_Tab 500mcg,0408010F0AAABAB,1,0.06359999999999999
250,K81012,Pregabalin_Cap 50mg,0408010AEAAABAB,11,0.061600000000001764
251,K81040,Pregabalin_Cap 50mg,0408010AEAAABAB,11,0.061600000000001764
430,K81651,Atorvastatin_Tab 10mg,0212000B0AAAAAA,28,0.058800000000000324
214,K81012,Memantine HCl_Tab 20mg,0411000G0AAADAD,11,0.05389999999999994
252,J82054,Pregabalin_Cap 50mg,0408010AEAAABAB,9,0.050400000000001444
229,K81644,Losartan Pot_Tab 100mg,0205052N0AAADAD,9,0.05040000000000013
339,K81027,Atorvastatin_Tab 80mg,0212000B0AAADAD,22,0.04620000000000132
431,K81050,Atorvastatin_Tab 10mg,0212000B0AAAAAA,22,0.046200000000000255
256,K81045,Pregabalin_Cap 50mg,0408010AEAAABAB,8,0.04480000000000128
254,K81078,Pregabalin_Cap 50mg,0408010AEAAABAB,8,0.04480000000000128
253,K81051,Pregabalin_Cap 50mg,0408010AEAAABAB,8,0.04480000000000128
255,K81014,Pregabalin_Cap 50mg,0408010AEAAABAB,8,0.04480000000000128
231,K81012,Losartan Pot_Tab 100mg,0205052N0AAADAD,8,0.04480000000000012
230,K81022,Losartan Pot_Tab 100mg,0205052N0AAADAD,8,0.04480000000000012
257,K81070,Pregabalin_Cap 50mg,0408010AEAAABAB,7,0.03920000000000112
258,K81057,Pregabalin_Cap 50mg,0408010AEAAABAB,7,0.03920000000000112
215,K81644,Memantine HCl_Tab 20mg,0411000G0AAADAD,8,0.03919999999999996
340,K81012,Atorvastatin_Tab 80mg,0212000B0AAADAD,16,0.03360000000000096
262,K81069,Pregabalin_Cap 50mg,0408010AEAAABAB,6,0.03360000000000096
261,K81025,Pregabalin_Cap 50mg,0408010AEAAABAB,6,0.03360000000000096
259,K81633,Pregabalin_Cap 50mg,0408010AEAAABAB,6,0.03360000000000096
260,K81047,Pregabalin_Cap 50mg,0408010AEAAABAB,6,0.03360000000000096
216,K81077,Memantine HCl_Tab 20mg,0411000G0AAADAD,6,0.029399999999999968
263,K81017,Pregabalin_Cap 50mg,0408010AEAAABAB,5,0.028000000000000802
264,K81055,Pregabalin_Cap 50mg,0408010AEAAABAB,5,0.028000000000000802
265,K81651,Pregabalin_Cap 50mg,0408010AEAAABAB,5,0.028000000000000802
432,K81014,Atorvastatin_Tab 10mg,0212000B0AAAAAA,13,0.02730000000000015
433,K81022,Atorvastatin_Tab 10mg,0212000B0AAAAAA,12,0.02520000000000014
218,K81048,Memantine HCl_Tab 20mg,0411000G0AAADAD,5,0.024499999999999973
217,K81050,Memantine HCl_Tab 20mg,0411000G0AAADAD,5,0.024499999999999973
434,K81026,Atorvastatin_Tab 10mg,0212000B0AAAAAA,11,0.023100000000000127
266,K81077,Pregabalin_Cap 50mg,0408010AEAAABAB,4,0.02240000000000064
270,K81002,Pregabalin_Cap 50mg,0408010AEAAABAB,4,0.02240000000000064
269,K81004,Pregabalin_Cap 50mg,0408010AEAAABAB,4,0.02240000000000064
268,K81638,Pregabalin_Cap 50mg,0408010AEAAABAB,4,0.02240000000000064
267,K81048,Pregabalin_Cap 50mg,0408010AEAAABAB,4,0.02240000000000064
232,K81651,Losartan Pot_Tab 100mg,0205052N0AAADAD,4,0.02240000000000006
233,K81069,Losartan Pot_Tab 100mg,0205052N0AAADAD,4,0.02240000000000006
234,K81062,Losartan Pot_Tab 100mg,0205052N0AAADAD,4,0.02240000000000006
235,K81077,Losartan Pot_Tab 100mg,0205052N0AAADAD,4,0.02240000000000006
435,K81644,Atorvastatin_Tab 10mg,0212000B0AAAAAA,10,0.021000000000000116
271,K81077,Pregabalin_Cap 50mg,0408010AEAAABAB,5,0.02099999999999963
220,K81633,Memantine HCl_Tab 20mg,0411000G0AAADAD,4,0.01959999999999998
219,K81103,Memantine HCl_Tab 20mg,0411000G0AAADAD,4,0.01959999999999998
221,K81070,Memantine HCl_Tab 20mg,0411000G0AAADAD,4,0.01959999999999998
341,K81022,Atorvastatin_Tab 80mg,0212000B0AAADAD,9,0.01890000000000054
272,K81102,Pregabalin_Cap 50mg,0408010AEAAABAB,3,0.01680000000000048
273,K81050,Pregabalin_Cap 50mg,0408010AEAAABAB,3,0.01680000000000048
274,K81062,Pregabalin_Cap 50mg,0408010AEAAABAB,3,0.01680000000000048
275,K81103,Pregabalin_Cap 50mg,0408010AEAAABAB,3,0.01680000000000048
436,K81633,Atorvastatin_Tab 10mg,0212000B0AAAAAA,8,0.016800000000000093
236,K81633,Losartan Pot_Tab 100mg,0205052N0AAADAD,3,0.016800000000000044
237,K81100,Losartan Pot_Tab 100mg,0205052N0AAADAD,3,0.016800000000000044
280,K81017,Pregabalin_Cap 50mg,0408010AEAAABAB,4,0.016799999999999704
279,K81056,Pregabalin_Cap 50mg,0408010AEAAABAB,4,0.016799999999999704
278,K81012,Pregabalin_Cap 50mg,0408010AEAAABAB,4,0.016799999999999704
277,K81002,Pregabalin_Cap 50mg,0408010AEAAABAB,4,0.016799999999999704
276,K81651,Pregabalin_Cap 50mg,0408010AEAAABAB,4,0.016799999999999704
281,K81070,Pregabalin_Cap 50mg,0408010AEAAABAB,1,0.014000000000000401
342,K81050,Atorvastatin_Tab 80mg,0212000B0AAADAD,6,0.012600000000000361
282,K81081,Pregabalin_Cap 50mg,0408010AEAAABAB,3,0.012599999999999778
283,K81092,Pregabalin_Cap 50mg,0408010AEAAABAB,2,0.01120000000000032
284,K81081,Pregabalin_Cap 50mg,0408010AEAAABAB,2,0.01120000000000032
285,K81003,Pregabalin_Cap 50mg,0408010AEAAABAB,2,0.01120000000000032
286,K81007,Pregabalin_Cap 50mg,0408010AEAAABAB,2,0.01120000000000032
287,K81067,Pregabalin_Cap 50mg,0408010AEAAABAB,2,0.01120000000000032
203,K81012,Mesalazine_Tab E/C 800mg,0105010B0AAASAS,1,0.008999999999999009
344,K81651,Atorvastatin_Tab 80mg,0212000B0AAADAD,4,0.00840000000000024
343,K81636,Atorvastatin_Tab 80mg,0212000B0AAADAD,4,0.00840000000000024
345,K81048,Atorvastatin_Tab 80mg,0212000B0AAADAD,4,0.00840000000000024
346,K81002,Atorvastatin_Tab 80mg,0212000B0AAADAD,2,0.00840000000000024
440,K81052,Atorvastatin_Tab 10mg,0212000B0AAAAAA,4,0.008400000000000046
439,K81012,Atorvastatin_Tab 10mg,0212000B0AAAAAA,4,0.008400000000000046
437,K81007,Atorvastatin_Tab 10mg,0212000B0AAAAAA,4,0.008400000000000046
441,K81073,Atorvastatin_Tab 10mg,0212000B0AAAAAA,2,0.008400000000000046
442,K81055,Atorvastatin_Tab 10mg,0212000B0AAAAAA,4,0.008400000000000046
438,K81605,Atorvastatin_Tab 10mg,0212000B0AAAAAA,4,0.008400000000000046
289,K81022,Pregabalin_Cap 50mg,0408010AEAAABAB,2,0.008399999999999852
288,Y02476,Pregabalin_Cap 50mg,0408010AEAAABAB,2,0.008399999999999852
347,K81103,Atorvastatin_Tab 80mg,0212000B0AAADAD,3,0.0063000000000001805
443,K81048,Atorvastatin_Tab 10mg,0212000B0AAAAAA,3,0.006300000000000035
444,K81103,Atorvastatin_Tab 10mg,0212000B0AAAAAA,3,0.006300000000000035
238,K81073,Losartan Pot_Tab 100mg,0205052N0AAADAD,1,0.006000000000000172
290,K81041,Pregabalin_Cap 50mg,0408010AEAAABAB,1,0.00560000000000016
294,K81644,Pregabalin_Cap 50mg,0408010AEAAABAB,1,0.00560000000000016
296,K81056,Pregabalin_Cap 50mg,0408010AEAAABAB,1,0.00560000000000016
295,K81026,Pregabalin_Cap 50mg,0408010AEAAABAB,1,0.00560000000000016
291,Y02476,Pregabalin_Cap 50mg,0408010AEAAABAB,1,0.00560000000000016
292,K81636,Pregabalin_Cap 50mg,0408010AEAAABAB,1,0.00560000000000016
293,K81100,Pregabalin_Cap 50mg,0408010AEAAABAB,1,0.00560000000000016
241,K81002,Losartan Pot_Tab 100mg,0205052N0AAADAD,1,0.005600000000000015
240,K81007,Losartan Pot_Tab 100mg,0205052N0AAADAD,1,0.005600000000000015
239,K81638,Losartan Pot_Tab 100mg,0205052N0AAADAD,1,0.005600000000000015
348,K81081,Atorvastatin_Tab 80mg,0212000B0AAADAD,1,0.00420000000000012
349,K81067,Atorvastatin_Tab 80mg,0212000B0AAADAD,1,0.00420000000000012
445,K81067,Atorvastatin_Tab 10mg,0212000B0AAAAAA,1,0.004200000000000023
446,K81062,Atorvastatin_Tab 10mg,0212000B0AAAAAA,2,0.004200000000000023
297,K81067,Pregabalin_Cap 50mg,0408010AEAAABAB,1,0.004199999999999926
222,K81057,Memantine HCl_Tab 20mg,0411000G0AAADAD,1,0.003799999999999977
447,K81070,Atorvastatin_Tab 10mg,0212000B0AAAAAA,1,0.0021000000000000116
223,K81017,Memantine HCl_Tab 20mg,0411000G0AAADAD,1,0.0017000000000000487
298,K81014,Pregabalin_Cap 50mg,0408010AEAAABAB,1,-0.002799999999999983
306,K81025,Pregabalin_Cap 50mg,0408010AEAAABAB,1,-0.00280000000000008
305,K81040,Pregabalin_Cap 50mg,0408010AEAAABAB,1,-0.00280000000000008
301,K81051,Pregabalin_Cap 50mg,0408010AEAAABAB,1,-0.00280000000000008
304,K81102,Pregabalin_Cap 50mg,0408010AEAAABAB,1,-0.00280000000000008
303,K81007,Pregabalin_Cap 50mg,0408010AEAAABAB,1,-0.00280000000000008
302,K81062,Pregabalin_Cap 50mg,0408010AEAAABAB,1,-0.00280000000000008
299,K81651,Pregabalin_Cap 50mg,0408010AEAAABAB,1,-0.00280000000000008
307,K81067,Pregabalin_Cap 50mg,0408010AEAAABAB,1,-0.00280000000000008
300,K81078,Pregabalin_Cap 50mg,0408010AEAAABAB,1,-0.00280000000000008
242,K81048,Losartan Pot_Tab 100mg,0205052N0AAADAD,1,-0.0029999999999998778
448,K81056,Atorvastatin_Tab 10mg,0212000B0AAAAAA,1,-0.002999999999999982
350,K81027,Atorvastatin_Tab 80mg,0212000B0AAADAD,1,-0.003000000000000086
351,K81025,Atorvastatin_Tab 80mg,0212000B0AAADAD,1,-0.0039000000000001117
314,K81056,Pregabalin_Cap 50mg,0408010AEAAABAB,2,-0.00560000000000016
308,K81002,Pregabalin_Cap 50mg,0408010AEAAABAB,2,-0.00560000000000016
313,K81057,Pregabalin_Cap 50mg,0408010AEAAABAB,2,-0.00560000000000016
312,K81017,Pregabalin_Cap 50mg,0408010AEAAABAB,2,-0.00560000000000016
311,K81063,Pregabalin_Cap 50mg,0408010AEAAABAB,2,-0.00560000000000016
310,J82054,Pregabalin_Cap 50mg,0408010AEAAABAB,2,-0.00560000000000016
309,K81004,Pregabalin_Cap 50mg,0408010AEAAABAB,2,-0.00560000000000016
204,K81007,Mesalazine_Tab E/C 800mg,0105010B0AAASAS,1,-0.005999999999999339
205,K81056,Mesalazine_Tab E/C 800mg,0105010B0AAASAS,1,-0.005999999999999339
449,K81644,Atorvastatin_Tab 10mg,0212000B0AAAAAA,1,-0.005999999999999964
450,K81070,Atorvastatin_Tab 10mg,0212000B0AAAAAA,1,-0.005999999999999964
451,K81062,Atorvastatin_Tab 10mg,0212000B0AAAAAA,1,-0.005999999999999964
452,K81067,Atorvastatin_Tab 10mg,0212000B0AAAAAA,1,-0.005999999999999964
352,K81073,Atorvastatin_Tab 80mg,0212000B0AAADAD,1,-0.006000000000000172
353,K81073,Atorvastatin_Tab 80mg,0212000B0AAADAD,2,-0.006000000000000172
315,K81014,Pregabalin_Cap 50mg,0408010AEAAABAB,2,-0.006000000000000172
317,Y02476,Pregabalin_Cap 50mg,0408010AEAAABAB,3,-0.00840000000000024
318,K81103,Pregabalin_Cap 50mg,0408010AEAAABAB,3,-0.00840000000000024
319,K81073,Pregabalin_Cap 50mg,0408010AEAAABAB,3,-0.00840000000000024
320,K81041,Pregabalin_Cap 50mg,0408010AEAAABAB,3,-0.00840000000000024
321,K81069,Pregabalin_Cap 50mg,0408010AEAAABAB,3,-0.00840000000000024
316,K81644,Pregabalin_Cap 50mg,0408010AEAAABAB,3,-0.00840000000000024
322,K81651,Pregabalin_Cap 50mg,0408010AEAAABAB,4,-0.011199999999999932
323,K81070,Pregabalin_Cap 50mg,0408010AEAAABAB,4,-0.011199999999999932
324,K81048,Pregabalin_Cap 50mg,0408010AEAAABAB,4,-0.011199999999999932
326,K81014,Pregabalin_Cap 50mg,0408010AEAAABAB,4,-0.01120000000000032
325,K81077,Pregabalin_Cap 50mg,0408010AEAAABAB,4,-0.01120000000000032
327,K81022,Pregabalin_Cap 50mg,0408010AEAAABAB,5,-0.014000000000000401
329,K81027,Pregabalin_Cap 50mg,0408010AEAAABAB,6,-0.01680000000000048
328,K81605,Pregabalin_Cap 50mg,0408010AEAAABAB,6,-0.01680000000000048
330,K81048,Pregabalin_Cap 50mg,0408010AEAAABAB,8,-0.02240000000000064
453,K81070,Atorvastatin_Tab 10mg,0212000B0AAAAAA,9,-0.026999999999999837
331,K81027,Pregabalin_Cap 50mg,0408010AEAAABAB,13,-0.03639999999999978
337,K81051,Mesalazine_Tab E/C 400mg,0105010B0AAAAAA,1,-17.112
206,K81012,Mesalazine_Tab E/C 800mg,0105010B0AAASAS,1,-18.441
207,K81605,Mesalazine_Tab E/C 800mg,0105010B0AAASAS,4,-34.473600000000005
208,K81078,Mesalazine_Tab E/C 800mg,0105010B0AAASAS,1,-36.89999999999999
210,K81651,Mesalazine_Tab E/C 800mg,0105010B0AAASAS,1,-36.89999999999999
209,K81025,Mesalazine_Tab E/C 800mg,0105010B0AAASAS,1,-36.89999999999999
