,practice_code,bnf_description,bnf_code,items,excess_cost
47,C84032,Anastrozole_Tab 1mg,0803041B0AAAAAA,22,61.4768
57,C84032,Acetazolamide_Tab 250mg,1106000B0AAACAC,2,44.46960000000001
140,C84030,Mesalazine_Tab E/C 800mg,0105010B0AAASAS,2,34.43999999999999
141,C84030,Mesalazine_Tab E/C 800mg,0105010B0AAASAS,1,34.43999999999999
143,C84705,Rosuvastatin Calc_Tab 10mg,0212000AAAAAAAA,6,30.5088
145,C84032,Betahistine HCl_Tab 16mg,0406000B0AAABAB,3,27.165599999999998
146,C84032,Atorvastatin_Tab 80mg,0212000B0AAADAD,179,24.55880000000001
52,C84030,Mesalazine_Tab E/C 400mg,0105010B0AAAAAA,1,23.956799999999998
51,C84080,Mesalazine_Tab E/C 400mg,0105010B0AAAAAA,1,23.956799999999998
54,C84032,Co-Codamol Eff_Tab 30mg/500mg,0407010F0AAAFAF,4,23.599999999999998
53,C84032,Co-Codamol Eff_Tab 30mg/500mg,0407010F0AAAFAF,4,23.599999999999998
60,C84112,Paracet_Tab 500mg,0407010H0AAAMAM,43,9.89
61,C84112,Paracet_Tab 500mg,0407010H0AAAMAM,43,9.89
62,C84032,Paracet_Tab 500mg,0407010H0AAAMAM,314,9.420000000000051
63,C84032,Paracet_Tab 500mg,0407010H0AAAMAM,314,9.420000000000051
64,C84705,Paracet_Tab 500mg,0407010H0AAAMAM,21,7.056000000000006
65,C84705,Paracet_Tab 500mg,0407010H0AAAMAM,21,7.056000000000006
66,C84032,Paracet_Tab 500mg,0407010H0AAAMAM,307,6.8767999999999585
67,C84032,Paracet_Tab 500mg,0407010H0AAAMAM,307,6.8767999999999585
68,C84032,Paracet_Tab 500mg,0407010H0AAAMAM,26,6.115200000000009
69,C84032,Paracet_Tab 500mg,0407010H0AAAMAM,26,6.115200000000009
1,C84120,Clonazepam_Tab 500mcg,0408010F0AAABAB,8,5.06239999999999
0,C84032,Clonazepam_Tab 500mcg,0408010F0AAABAB,8,5.06239999999999
71,C84705,Paracet_Tab 500mg,0407010H0AAAMAM,22,4.400000000000004
70,C84705,Paracet_Tab 500mg,0407010H0AAAMAM,22,4.400000000000004
2,C84030,Clonazepam_Tab 500mcg,0408010F0AAABAB,6,3.796799999999992
3,C84120,Clonazepam_Tab 500mcg,0408010F0AAABAB,3,3.796799999999992
4,C84120,Clonazepam_Tab 500mcg,0408010F0AAABAB,1,3.796799999999992
5,C84032,Clonazepam_Tab 500mcg,0408010F0AAABAB,2,3.389999999999993
9,C84032,Clonazepam_Tab 500mcg,0408010F0AAABAB,2,2.531199999999995
6,C84107,Clonazepam_Tab 500mcg,0408010F0AAABAB,4,2.531199999999995
7,C84032,Clonazepam_Tab 500mcg,0408010F0AAABAB,8,2.531199999999995
8,C84030,Clonazepam_Tab 500mcg,0408010F0AAABAB,2,2.531199999999995
12,C84032,Clonazepam_Tab 500mcg,0408010F0AAABAB,1,1.898399999999996
11,C84042,Clonazepam_Tab 500mcg,0408010F0AAABAB,3,1.898399999999996
10,C84030,Clonazepam_Tab 500mcg,0408010F0AAABAB,2,1.898399999999996
73,C84624,Paracet_Tab 500mg,0407010H0AAAMAM,62,1.8600000000000103
72,C84624,Paracet_Tab 500mg,0407010H0AAAMAM,62,1.8600000000000103
13,C84042,Clonazepam_Tab 500mcg,0408010F0AAABAB,3,1.423799999999997
16,C84080,Clonazepam_Tab 500mcg,0408010F0AAABAB,1,1.2655999999999974
17,C84112,Clonazepam_Tab 500mcg,0408010F0AAABAB,1,1.2655999999999974
15,C84624,Clonazepam_Tab 500mcg,0408010F0AAABAB,2,1.2655999999999974
14,C84080,Clonazepam_Tab 500mcg,0408010F0AAABAB,2,1.2655999999999974
19,C84080,Clonazepam_Tab 500mcg,0408010F0AAABAB,1,1.1299999999999977
18,C84107,Clonazepam_Tab 500mcg,0408010F0AAABAB,1,1.1299999999999977
20,C84032,Clonazepam_Tab 500mcg,0408010F0AAABAB,7,1.1073999999999977
23,C84107,Clonazepam_Tab 500mcg,0408010F0AAABAB,3,0.949199999999998
24,C84042,Clonazepam_Tab 500mcg,0408010F0AAABAB,1,0.949199999999998
21,C84032,Clonazepam_Tab 500mcg,0408010F0AAABAB,4,0.949199999999998
22,C84080,Clonazepam_Tab 500mcg,0408010F0AAABAB,1,0.949199999999998
25,C84030,Clonazepam_Tab 500mcg,0408010F0AAABAB,1,0.9039999999999981
26,C84120,Clonazepam_Tab 500mcg,0408010F0AAABAB,5,0.7909999999999984
28,C84107,Clonazepam_Tab 500mcg,0408010F0AAABAB,1,0.6779999999999986
27,C84030,Clonazepam_Tab 500mcg,0408010F0AAABAB,1,0.6779999999999986
31,C84624,Clonazepam_Tab 500mcg,0408010F0AAABAB,2,0.6327999999999987
29,C84112,Clonazepam_Tab 500mcg,0408010F0AAABAB,1,0.6327999999999987
30,C84065,Clonazepam_Tab 500mcg,0408010F0AAABAB,1,0.6327999999999987
147,C84032,Atorvastatin_Tab 80mg,0212000B0AAADAD,18,0.5040000000000004
33,C84032,Clonazepam_Tab 500mcg,0408010F0AAABAB,1,0.474599999999999
32,C84065,Clonazepam_Tab 500mcg,0408010F0AAABAB,6,0.474599999999999
34,C84042,Clonazepam_Tab 500mcg,0408010F0AAABAB,1,0.3389999999999993
38,C84030,Clonazepam_Tab 500mcg,0408010F0AAABAB,1,0.31639999999999935
41,C84624,Clonazepam_Tab 500mcg,0408010F0AAABAB,2,0.31639999999999935
40,Y03948,Clonazepam_Tab 500mcg,0408010F0AAABAB,1,0.31639999999999935
39,C84042,Clonazepam_Tab 500mcg,0408010F0AAABAB,1,0.31639999999999935
37,C84112,Clonazepam_Tab 500mcg,0408010F0AAABAB,1,0.31639999999999935
36,C84080,Clonazepam_Tab 500mcg,0408010F0AAABAB,1,0.31639999999999935
35,C84032,Clonazepam_Tab 500mcg,0408010F0AAABAB,4,0.31639999999999935
42,C84065,Clonazepam_Tab 500mcg,0408010F0AAABAB,1,0.2372999999999995
43,C84030,Clonazepam_Tab 500mcg,0408010F0AAABAB,1,0.22199999999999998
74,C84032,Paracet_Tab 500mg,0407010H0AAAMAM,25,0.21000000000000116
75,C84032,Paracet_Tab 500mg,0407010H0AAAMAM,25,0.21000000000000116
46,C84705,Clonazepam_Tab 500mcg,0408010F0AAABAB,1,0.15819999999999967
45,C84107,Clonazepam_Tab 500mcg,0408010F0AAABAB,1,0.15819999999999967
44,C84030,Clonazepam_Tab 500mcg,0408010F0AAABAB,1,0.15819999999999967
76,C84032,Paracet_Tab 500mg,0407010H0AAAMAM,3,0.10800000000000122
77,C84032,Paracet_Tab 500mg,0407010H0AAAMAM,3,0.10800000000000122
148,C84065,Atorvastatin_Tab 80mg,0212000B0AAADAD,32,0.06720000000000192
149,C84705,Atorvastatin_Tab 80mg,0212000B0AAADAD,22,0.04620000000000132
48,C84705,Anastrozole_Tab 1mg,0803041B0AAAAAA,7,0.0343000000000003
79,C84705,Paracet_Tab 500mg,0407010H0AAAMAM,12,0.0335999999999998
78,C84705,Paracet_Tab 500mg,0407010H0AAAMAM,12,0.0335999999999998
49,C84065,Anastrozole_Tab 1mg,0803041B0AAAAAA,6,0.02940000000000026
150,C84030,Atorvastatin_Tab 80mg,0212000B0AAADAD,10,0.0210000000000006
50,C84080,Anastrozole_Tab 1mg,0803041B0AAAAAA,4,0.019600000000000173
80,C84107,Paracet_Tab 500mg,0407010H0AAAMAM,3,0.01799999999999989
81,C84107,Paracet_Tab 500mg,0407010H0AAAMAM,3,0.01799999999999989
82,C84624,Paracet_Tab 500mg,0407010H0AAAMAM,4,0.0167999999999999
83,C84624,Paracet_Tab 500mg,0407010H0AAAMAM,4,0.0167999999999999
84,C84065,Paracet_Tab 500mg,0407010H0AAAMAM,6,0.012599999999999924
85,C84065,Paracet_Tab 500mg,0407010H0AAAMAM,6,0.012599999999999924
87,C84065,Paracet_Tab 500mg,0407010H0AAAMAM,2,0.011999999999999927
89,C84065,Paracet_Tab 500mg,0407010H0AAAMAM,2,0.011999999999999927
88,C84120,Paracet_Tab 500mg,0407010H0AAAMAM,2,0.011999999999999927
86,C84120,Paracet_Tab 500mg,0407010H0AAAMAM,2,0.011999999999999927
58,C84030,Acetazolamide_Tab 250mg,1106000B0AAACAC,2,0.011200000000001875
91,C84030,Paracet_Tab 500mg,0407010H0AAAMAM,4,0.011199999999999932
90,C84030,Paracet_Tab 500mg,0407010H0AAAMAM,4,0.011199999999999932
95,C84032,Paracet_Tab 500mg,0407010H0AAAMAM,1,0.005999999999999964
94,C84032,Paracet_Tab 500mg,0407010H0AAAMAM,1,0.005999999999999964
93,C84030,Paracet_Tab 500mg,0407010H0AAAMAM,1,0.005999999999999964
92,C84030,Paracet_Tab 500mg,0407010H0AAAMAM,1,0.005999999999999964
97,C84080,Paracet_Tab 500mg,0407010H0AAAMAM,2,0.005599999999999966
96,C84080,Paracet_Tab 500mg,0407010H0AAAMAM,2,0.005599999999999966
99,C84032,Paracet_Tab 500mg,0407010H0AAAMAM,1,0.004400000000000001
98,C84032,Paracet_Tab 500mg,0407010H0AAAMAM,1,0.004400000000000001
152,C84032,Atorvastatin_Tab 80mg,0212000B0AAADAD,1,0.00420000000000012
151,Y03948,Atorvastatin_Tab 80mg,0212000B0AAADAD,1,0.00420000000000012
59,C84030,Acetazolamide_Tab 250mg,1106000B0AAACAC,1,0.0028000000000004688
144,C84080,Rosuvastatin Calc_Tab 10mg,0212000AAAAAAAA,1,-0.0010000000000000286
100,C84065,Paracet_Tab 500mg,0407010H0AAAMAM,1,-0.0011999999999999997
101,C84065,Paracet_Tab 500mg,0407010H0AAAMAM,1,-0.0011999999999999997
102,C84120,Paracet_Tab 500mg,0407010H0AAAMAM,1,-0.004799999999999971
103,C84120,Paracet_Tab 500mg,0407010H0AAAMAM,1,-0.004799999999999971
153,C84080,Atorvastatin_Tab 80mg,0212000B0AAADAD,1,-0.005000000000000143
104,C84107,Paracet_Tab 500mg,0407010H0AAAMAM,1,-0.005599999999999966
105,C84107,Paracet_Tab 500mg,0407010H0AAAMAM,1,-0.005599999999999966
106,Y03948,Paracet_Tab 500mg,0407010H0AAAMAM,1,-0.005599999999999966
107,Y03948,Paracet_Tab 500mg,0407010H0AAAMAM,1,-0.005599999999999966
55,C84065,Co-Codamol Eff_Tab 30mg/500mg,0407010F0AAAFAF,1,-0.00560000000000016
56,C84065,Co-Codamol Eff_Tab 30mg/500mg,0407010F0AAAFAF,1,-0.00560000000000016
108,C84030,Paracet_Tab 500mg,0407010H0AAAMAM,5,-0.02799999999999983
109,C84030,Paracet_Tab 500mg,0407010H0AAAMAM,5,-0.02799999999999983
110,C84120,Paracet_Tab 500mg,0407010H0AAAMAM,9,-0.050399999999999695
111,C84120,Paracet_Tab 500mg,0407010H0AAAMAM,9,-0.050399999999999695
114,C84080,Paracet_Tab 500mg,0407010H0AAAMAM,13,-0.07279999999999956
113,C84042,Paracet_Tab 500mg,0407010H0AAAMAM,13,-0.07279999999999956
112,C84042,Paracet_Tab 500mg,0407010H0AAAMAM,13,-0.07279999999999956
115,C84080,Paracet_Tab 500mg,0407010H0AAAMAM,13,-0.07279999999999956
117,C84065,Paracet_Tab 500mg,0407010H0AAAMAM,22,-0.12319999999999925
116,C84065,Paracet_Tab 500mg,0407010H0AAAMAM,22,-0.12319999999999925
118,C84705,Paracet_Tab 500mg,0407010H0AAAMAM,29,-0.16239999999999902
119,C84705,Paracet_Tab 500mg,0407010H0AAAMAM,29,-0.16239999999999902
120,C84624,Paracet_Tab 500mg,0407010H0AAAMAM,4,-0.2048000000000001
121,C84624,Paracet_Tab 500mg,0407010H0AAAMAM,4,-0.2048000000000001
122,C84032,Paracet_Tab 500mg,0407010H0AAAMAM,11,-0.21119999999999994
123,C84032,Paracet_Tab 500mg,0407010H0AAAMAM,11,-0.21119999999999994
124,C84032,Paracet_Tab 500mg,0407010H0AAAMAM,47,-0.26319999999999844
125,C84032,Paracet_Tab 500mg,0407010H0AAAMAM,47,-0.26319999999999844
127,C84065,Paracet_Tab 500mg,0407010H0AAAMAM,3,-1.0583999999999998
126,C84065,Paracet_Tab 500mg,0407010H0AAAMAM,3,-1.0583999999999998
129,C84112,Paracet_Tab 500mg,0407010H0AAAMAM,29,-1.159999999999993
128,C84112,Paracet_Tab 500mg,0407010H0AAAMAM,29,-1.159999999999993
130,C84624,Paracet_Tab 500mg,0407010H0AAAMAM,15,-1.3439999999999976
131,C84624,Paracet_Tab 500mg,0407010H0AAAMAM,15,-1.3439999999999976
133,C84705,Paracet_Tab 500mg,0407010H0AAAMAM,2,-1.5359999999999998
132,C84705,Paracet_Tab 500mg,0407010H0AAAMAM,2,-1.5359999999999998
135,C84705,Paracet_Tab 500mg,0407010H0AAAMAM,37,-2.2199999999999993
134,C84705,Paracet_Tab 500mg,0407010H0AAAMAM,37,-2.2199999999999993
137,C84624,Paracet_Tab 500mg,0407010H0AAAMAM,41,-4.099999999999989
136,C84624,Paracet_Tab 500mg,0407010H0AAAMAM,41,-4.099999999999989
139,C84032,Paracet_Tab 500mg,0407010H0AAAMAM,114,-13.679999999999996
138,C84032,Paracet_Tab 500mg,0407010H0AAAMAM,114,-13.679999999999996
142,C84107,Mesalazine_Tab E/C 800mg,0105010B0AAASAS,1,-36.89999999999999
