,practice_code,bnf_description,bnf_code,items,excess_cost
0,B82004,Aripiprazole_Tab 5mg,0402010ADAAADAD,1,-0.004400000000000126
1,B82004,Atorvastatin_Tab 10mg,0212000B0AAAAAA,2,0.004200000000000023
2,B82004,Memantine HCl_Tab 20mg,0411000G0AAADAD,9,0.04409999999999995
3,B82004,Paracet_Tab 500mg,0407010H0AAAMAM,12,-0.00839999999999995
4,B82004,Sumatriptan_Tab 50mg,0407041T0AAAFAF,17,0.0
5,B82008,Azithromycin_Tab 250mg,0501050A0AAAGAG,2,0.007600000000000218
6,B82008,Paracet_Tab 500mg,0407010H0AAAMAM,16,-0.009599999999999942
7,B82008,Sumatriptan_Tab 50mg,0407041T0AAAFAF,14,0.0
8,B82010,Aripiprazole_Tab 5mg,0402010ADAAADAD,2,0.008399999999999463
9,B82010,Atorvastatin_Tab 10mg,0212000B0AAAAAA,1,-0.002999999999999982
10,B82010,Azithromycin_Tab 250mg,0501050A0AAAGAG,1,0.0054000000000004045
11,B82010,Paracet_Tab 500mg,0407010H0AAAMAM,4,0.023999999999999855
12,B82010,Quetiapine_Tab 200mg,0402010ABAAADAD,1,-0.0027999999999996916
13,B82010,Sumatriptan_Tab 50mg,0407041T0AAAFAF,11,0.0
14,B82012,Aripiprazole_Tab 5mg,0402010ADAAADAD,4,-0.006400000000000183
15,B82012,Atorvastatin_Tab 10mg,0212000B0AAAAAA,8,0.016800000000000093
16,B82012,Atorvastatin_Tab 20mg,0212000B0AAABAB,370,22.792000000000005
17,B82012,Azithromycin_Tab 250mg,0501050A0AAAGAG,3,-0.007499999999999174
18,B82012,Memantine HCl_Tab 20mg,0411000G0AAADAD,6,0.0201
19,B82012,Paracet_Tab 500mg,0407010H0AAAMAM,332,1.8992000000000375
20,B82012,Sumatriptan_Tab 50mg,0407041T0AAAFAF,25,0.0
21,B82013,Aripiprazole_Tab 5mg,0402010ADAAADAD,1,0.004199999999999926
22,B82013,Atorvastatin_Tab 10mg,0212000B0AAAAAA,1,0.004200000000000023
23,B82013,Atorvastatin_Tab 20mg,0212000B0AAABAB,34,90.2496
24,B82013,Montelukast_Tab 10mg,0303020G0AAABAB,47,24.345999999999993
25,B82013,Paracet_Tab 500mg,0407010H0AAAMAM,332,138.2672000000001
26,B82013,Quetiapine_Tab 200mg,0402010ABAAADAD,9,-0.012599999999998612
27,B82013,Sumatriptan_Tab 50mg,0407041T0AAAFAF,38,0.0
28,B82014,Aripiprazole_Tab 5mg,0402010ADAAADAD,1,0.004199999999999926
29,B82014,Atorvastatin_Tab 10mg,0212000B0AAAAAA,1,0.004200000000000023
30,B82014,Atorvastatin_Tab 20mg,0212000B0AAABAB,148,68.00360000000003
31,B82014,Azithromycin_Tab 250mg,0501050A0AAAGAG,1,25.86
32,B82014,Memantine HCl_Tab 20mg,0411000G0AAADAD,20,63.896
33,B82014,Paracet_Tab 500mg,0407010H0AAAMAM,194,44.688000000000024
34,B82014,Quetiapine_Tab 200mg,0402010ABAAADAD,1,77.9632
35,B82014,Sumatriptan_Tab 50mg,0407041T0AAAFAF,13,0.0
36,B82016,Aripiprazole_Tab 5mg,0402010ADAAADAD,5,0.010499999999998844
37,B82016,Azithromycin_Tab 250mg,0501050A0AAAGAG,3,206.88479999999998
38,B82016,Paracet_Tab 500mg,0407010H0AAAMAM,194,35.699999999999996
39,B82016,Quetiapine_Tab 200mg,0402010ABAAADAD,1,-0.0027999999999996916
40,B82016,Sumatriptan_Tab 50mg,0407041T0AAAFAF,4,0.0
41,B82027,Aripiprazole_Tab 5mg,0402010ADAAADAD,2,0.008399999999999463
42,B82027,Atorvastatin_Tab 10mg,0212000B0AAAAAA,77,23.146900000000013
43,B82027,Azithromycin_Tab 250mg,0501050A0AAAGAG,1,-0.0024999999999997247
44,B82027,Paracet_Tab 500mg,0407010H0AAAMAM,136,24.451200000000046
45,B82027,Quetiapine_Tab 200mg,0402010ABAAADAD,8,-0.011199999999998766
46,B82027,Sumatriptan_Tab 50mg,0407041T0AAAFAF,23,0.0
47,B82030,Aripiprazole_Tab 5mg,0402010ADAAADAD,1,0.004199999999999926
48,B82030,Atorvastatin_Tab 10mg,0212000B0AAAAAA,20,0.04200000000000023
49,B82030,Azithromycin_Tab 250mg,0501050A0AAAGAG,4,0.009600000000000275
50,B82030,Paracet_Tab 500mg,0407010H0AAAMAM,32,-0.06159999999999963
51,B82030,Sumatriptan_Tab 50mg,0407041T0AAAFAF,12,0.0
52,B82032,Aripiprazole_Tab 5mg,0402010ADAAADAD,1,0.0041999999999995374
53,B82032,Atorvastatin_Tab 20mg,0212000B0AAABAB,426,22.66320000000007
54,B82032,Azithromycin_Tab 250mg,0501050A0AAAGAG,1,-0.0024999999999997247
55,B82032,Memantine HCl_Tab 20mg,0411000G0AAADAD,21,63.8967
56,B82032,Paracet_Tab 500mg,0407010H0AAAMAM,516,13.289600000000025
57,B82032,Sumatriptan_Tab 50mg,0407041T0AAAFAF,16,82.506
58,B82036,Aripiprazole_Tab 5mg,0402010ADAAADAD,1,0.004199999999999926
59,B82036,Atorvastatin_Tab 10mg,0212000B0AAAAAA,2,0.008400000000000046
60,B82036,Azithromycin_Tab 250mg,0501050A0AAAGAG,1,0.0048000000000001375
61,B82036,Paracet_Tab 500mg,0407010H0AAAMAM,40,0.15359999999999907
62,B82036,Sumatriptan_Tab 50mg,0407041T0AAAFAF,22,0.0
63,B82057,Atorvastatin_Tab 10mg,0212000B0AAAAAA,1,0.0046
64,B82057,Memantine HCl_Tab 20mg,0411000G0AAADAD,3,0.014699999999999984
65,B82057,Paracet_Tab 500mg,0407010H0AAAMAM,40,-0.01999999999999988
66,B82057,Quetiapine_Tab 200mg,0402010ABAAADAD,4,-0.005599999999999383
67,B82057,Sumatriptan_Tab 50mg,0407041T0AAAFAF,18,0.0
68,B82059,Atorvastatin_Tab 10mg,0212000B0AAAAAA,39,23.234000000000005
69,B82059,Atorvastatin_Tab 20mg,0212000B0AAABAB,356,180.40960000000004
70,B82059,Azithromycin_Tab 250mg,0501050A0AAAGAG,1,-0.0024999999999997247
71,B82059,Memantine HCl_Tab 20mg,0411000G0AAADAD,4,0.01959999999999998
72,B82059,Montelukast_Tab 10mg,0303020G0AAABAB,10,48.77599999999999
73,B82059,Paracet_Tab 500mg,0407010H0AAAMAM,416,122.25120000000003
74,B82059,Quetiapine_Tab 200mg,0402010ABAAADAD,11,-0.015399999999998304
75,B82059,Sumatriptan_Tab 50mg,0407041T0AAAFAF,13,0.0
76,B82060,Aripiprazole_Tab 5mg,0402010ADAAADAD,4,86.184
77,B82060,Atorvastatin_Tab 10mg,0212000B0AAAAAA,2,-0.0011999999999999615
78,B82060,Atorvastatin_Tab 20mg,0212000B0AAABAB,309,90.84600000000002
79,B82060,Azithromycin_Tab 250mg,0501050A0AAAGAG,1,0.0029999999999996696
80,B82060,Memantine HCl_Tab 20mg,0411000G0AAADAD,26,63.89030000000001
81,B82060,Paracet_Tab 500mg,0407010H0AAAMAM,716,115.21200000000006
82,B82060,Quetiapine_Tab 200mg,0402010ABAAADAD,4,-0.0027999999999996916
83,B82060,Sumatriptan_Tab 50mg,0407041T0AAAFAF,31,0.0
84,B82067,Aripiprazole_Tab 5mg,0402010ADAAADAD,1,0.004199999999999926
85,B82067,Paracet_Tab 500mg,0407010H0AAAMAM,18,0.055199999999999666
86,B82067,Sumatriptan_Tab 50mg,0407041T0AAAFAF,17,6.506999999999993
87,B82069,Aripiprazole_Tab 5mg,0402010ADAAADAD,1,0.004199999999999926
88,B82069,Atorvastatin_Tab 10mg,0212000B0AAAAAA,3,0.006300000000000035
89,B82069,Atorvastatin_Tab 20mg,0212000B0AAABAB,314,23.73840000000001
90,B82069,Paracet_Tab 500mg,0407010H0AAAMAM,310,97.72400000000006
91,B82069,Sumatriptan_Tab 50mg,0407041T0AAAFAF,11,0.0
92,B82091,Aripiprazole_Tab 5mg,0402010ADAAADAD,1,0.0041999999999995374
93,B82091,Atorvastatin_Tab 10mg,0212000B0AAAAAA,16,46.502399999999994
94,B82091,Paracet_Tab 500mg,0407010H0AAAMAM,160,35.37560000000002
95,B82091,Phenytoin_Sod Tab 100mg,0408010Q0AAAGAG,3,142.14
96,B82091,Sumatriptan_Tab 50mg,0407041T0AAAFAF,11,0.0
