,practice_code,bnf_description,bnf_code,items,excess_cost
0,A83010,Atorvastatin_Tab 20mg,0212000B0AAABAB,187,315.2072
25,A83048,Memantine HCl_Tab 20mg,0411000G0AAADAD,5,255.598
8,A83010,Atorvastatin_Tab 10mg,0212000B0AAAAAA,84,232.37760000000003
1,A83040,Atorvastatin_Tab 20mg,0212000B0AAABAB,185,180.26400000000007
268,A83641,Nortriptyline_Tab 25mg,0403010V0AAAEAE,1,115.1024
157,A83006,Pregabalin_Cap 150mg,0408010AEAAAEAE,6,113.0976
2,A83040,Atorvastatin_Tab 20mg,0212000B0AAABAB,71,112.7196
185,A83641,Lamotrigine_Tab 200mg,0408010H0AAA1A1,5,95.84399999999998
150,A83010,Atorvastatin_Tab 40mg,0212000B0AAACAC,83,89.2416
217,A83048,Sertraline HCl_Tab 100mg,0403030Q0AAABAB,18,67.5864
26,A83013,Memantine HCl_Tab 20mg,0411000G0AAADAD,10,63.895999999999994
9,A83010,Atorvastatin_Tab 10mg,0212000B0AAAAAA,15,58.169999999999995
186,A83006,Lamotrigine_Tab 200mg,0408010H0AAA1A1,3,57.019199999999984
158,A83070,Pregabalin_Cap 150mg,0408010AEAAAEAE,6,56.5488
218,A83048,Sertraline HCl_Tab 100mg,0403030Q0AAABAB,14,54.0176
10,A83034,Atorvastatin_Tab 10mg,0212000B0AAAAAA,83,46.48000000000001
3,A83048,Atorvastatin_Tab 20mg,0212000B0AAABAB,178,45.35440000000002
4,A83034,Atorvastatin_Tab 20mg,0212000B0AAABAB,113,44.92880000000002
151,A83641,Atorvastatin_Tab 40mg,0212000B0AAACAC,21,44.57039999999999
152,A83034,Atorvastatin_Tab 40mg,0212000B0AAACAC,37,44.547999999999995
153,A83048,Atorvastatin_Tab 40mg,0212000B0AAACAC,106,44.519999999999996
219,A83048,Sertraline HCl_Tab 100mg,0403030Q0AAABAB,32,26.9696
37,A83070,Paracet_Tab 500mg,0407010H0AAAMAM,107,25.68000000000003
36,A83070,Paracet_Tab 500mg,0407010H0AAAMAM,107,25.68000000000003
246,A83048,Losartan Pot_Tab 50mg,0205052N0AAABAB,4,23.895200000000003
38,A83641,Paracet_Tab 500mg,0407010H0AAAMAM,19,22.556799999999996
39,A83641,Paracet_Tab 500mg,0407010H0AAAMAM,19,22.556799999999996
5,A83641,Atorvastatin_Tab 20mg,0212000B0AAABAB,31,22.524599999999996
6,A83010,Atorvastatin_Tab 20mg,0212000B0AAABAB,21,22.520400000000002
41,A83047,Paracet_Tab 500mg,0407010H0AAAMAM,206,21.918400000000027
40,A83047,Paracet_Tab 500mg,0407010H0AAAMAM,206,21.918400000000027
247,A83641,Losartan Pot_Tab 50mg,0205052N0AAABAB,10,21.336000000000006
248,A83047,Losartan Pot_Tab 50mg,0205052N0AAABAB,19,21.333199999999998
249,A83005,Losartan Pot_Tab 50mg,0205052N0AAABAB,22,21.3136
250,A83010,Losartan Pot_Tab 50mg,0205052N0AAABAB,44,21.1904
11,A83070,Atorvastatin_Tab 10mg,0212000B0AAAAAA,41,11.738299999999999
7,A83010,Atorvastatin_Tab 20mg,0212000B0AAABAB,95,11.305000000000001
42,A83010,Paracet_Tab 500mg,0407010H0AAAMAM,55,11.088000000000019
43,A83010,Paracet_Tab 500mg,0407010H0AAAMAM,55,11.088000000000019
251,A83048,Losartan Pot_Tab 50mg,0205052N0AAABAB,75,10.500000000000002
44,A83070,Paracet_Tab 500mg,0407010H0AAAMAM,16,9.920000000000007
45,A83070,Paracet_Tab 500mg,0407010H0AAAMAM,16,9.920000000000007
46,A83047,Paracet_Tab 500mg,0407010H0AAAMAM,230,9.200000000000024
47,A83047,Paracet_Tab 500mg,0407010H0AAAMAM,230,9.200000000000024
49,A83034,Paracet_Tab 500mg,0407010H0AAAMAM,87,7.830000000000013
48,A83034,Paracet_Tab 500mg,0407010H0AAAMAM,87,7.830000000000013
50,A83641,Paracet_Tab 500mg,0407010H0AAAMAM,57,5.4264
51,A83641,Paracet_Tab 500mg,0407010H0AAAMAM,57,5.4264
53,A83031,Paracet_Tab 500mg,0407010H0AAAMAM,158,4.740000000000026
52,A83031,Paracet_Tab 500mg,0407010H0AAAMAM,158,4.740000000000026
54,A83005,Paracet_Tab 500mg,0407010H0AAAMAM,222,4.44000000000005
55,A83005,Paracet_Tab 500mg,0407010H0AAAMAM,222,4.44000000000005
56,A83641,Paracet_Tab 500mg,0407010H0AAAMAM,63,3.779999999999999
57,A83641,Paracet_Tab 500mg,0407010H0AAAMAM,63,3.779999999999999
58,A83040,Paracet_Tab 500mg,0407010H0AAAMAM,178,1.7799999999999891
59,A83040,Paracet_Tab 500mg,0407010H0AAAMAM,178,1.7799999999999891
61,A83010,Paracet_Tab 500mg,0407010H0AAAMAM,176,1.7599999999999894
60,A83010,Paracet_Tab 500mg,0407010H0AAAMAM,176,1.7599999999999894
62,A83034,Paracet_Tab 500mg,0407010H0AAAMAM,6,1.6128000000000002
63,A83034,Paracet_Tab 500mg,0407010H0AAAMAM,6,1.6128000000000002
220,A83005,Sertraline HCl_Tab 100mg,0403030Q0AAABAB,49,0.8232000000000046
221,A83047,Sertraline HCl_Tab 100mg,0403030Q0AAABAB,129,0.2709000000000015
222,A83010,Sertraline HCl_Tab 100mg,0403030Q0AAABAB,90,0.18900000000000106
223,A83047,Sertraline HCl_Tab 100mg,0403030Q0AAABAB,42,0.17640000000000097
224,A83040,Sertraline HCl_Tab 100mg,0403030Q0AAABAB,80,0.16800000000000093
12,A83047,Atorvastatin_Tab 10mg,0212000B0AAAAAA,72,0.15120000000000083
14,A83010,Atorvastatin_Tab 10mg,0212000B0AAAAAA,62,0.1302000000000007
13,A83005,Atorvastatin_Tab 10mg,0212000B0AAAAAA,62,0.1302000000000007
15,A83031,Atorvastatin_Tab 10mg,0212000B0AAAAAA,60,0.1260000000000007
225,A83013,Sertraline HCl_Tab 100mg,0403030Q0AAABAB,29,0.12180000000000067
226,A83040,Sertraline HCl_Tab 100mg,0403030Q0AAABAB,29,0.12180000000000067
227,A83034,Sertraline HCl_Tab 100mg,0403030Q0AAABAB,57,0.11970000000000067
228,A83034,Sertraline HCl_Tab 100mg,0403030Q0AAABAB,26,0.1092000000000006
230,A83013,Sertraline HCl_Tab 100mg,0403030Q0AAABAB,50,0.10500000000000058
229,A83005,Sertraline HCl_Tab 100mg,0403030Q0AAABAB,25,0.10500000000000058
64,A83031,Paracet_Tab 500mg,0407010H0AAAMAM,37,0.10359999999999937
65,A83031,Paracet_Tab 500mg,0407010H0AAAMAM,37,0.10359999999999937
16,A83013,Atorvastatin_Tab 10mg,0212000B0AAAAAA,49,0.10290000000000057
231,A83031,Sertraline HCl_Tab 100mg,0403030Q0AAABAB,48,0.10080000000000056
27,A83031,Memantine HCl_Tab 20mg,0411000G0AAADAD,20,0.09799999999999989
232,A83005,Sertraline HCl_Tab 100mg,0403030Q0AAABAB,45,0.09450000000000053
66,A83070,Paracet_Tab 500mg,0407010H0AAAMAM,1,0.0895999999999999
67,A83070,Paracet_Tab 500mg,0407010H0AAAMAM,1,0.0895999999999999
159,A83031,Pregabalin_Cap 150mg,0408010AEAAAEAE,30,0.0840000000000024
17,A83034,Atorvastatin_Tab 10mg,0212000B0AAAAAA,39,0.08190000000000044
69,A83040,Paracet_Tab 500mg,0407010H0AAAMAM,18,0.07559999999999954
68,A83040,Paracet_Tab 500mg,0407010H0AAAMAM,18,0.07559999999999954
71,A83005,Paracet_Tab 500mg,0407010H0AAAMAM,23,0.06439999999999961
70,A83005,Paracet_Tab 500mg,0407010H0AAAMAM,23,0.06439999999999961
28,A83040,Memantine HCl_Tab 20mg,0411000G0AAADAD,13,0.06369999999999992
29,A83070,Memantine HCl_Tab 20mg,0411000G0AAADAD,13,0.06369999999999992
233,A83010,Sertraline HCl_Tab 100mg,0403030Q0AAABAB,15,0.06300000000000035
160,A83040,Pregabalin_Cap 150mg,0408010AEAAAEAE,22,0.061600000000001764
187,A83031,Lamotrigine_Tab 200mg,0408010H0AAA1A1,11,0.061599999999993216
234,A83070,Sertraline HCl_Tab 100mg,0403030Q0AAABAB,29,0.060900000000000336
235,A83641,Sertraline HCl_Tab 100mg,0403030Q0AAABAB,27,0.05670000000000031
188,A83010,Lamotrigine_Tab 200mg,0408010H0AAA1A1,10,0.05599999999999383
161,A83005,Pregabalin_Cap 150mg,0408010AEAAAEAE,19,0.053200000000001524
252,A83013,Losartan Pot_Tab 50mg,0205052N0AAABAB,12,0.05040000000000028
73,A83047,Paracet_Tab 500mg,0407010H0AAAMAM,12,0.050399999999999695
72,A83040,Paracet_Tab 500mg,0407010H0AAAMAM,18,0.050399999999999695
75,A83040,Paracet_Tab 500mg,0407010H0AAAMAM,18,0.050399999999999695
74,A83047,Paracet_Tab 500mg,0407010H0AAAMAM,12,0.050399999999999695
30,A83641,Memantine HCl_Tab 20mg,0411000G0AAADAD,9,0.04409999999999995
162,A83047,Pregabalin_Cap 150mg,0408010AEAAAEAE,15,0.0420000000000012
77,A83047,Paracet_Tab 500mg,0407010H0AAAMAM,15,0.041999999999999746
76,A83047,Paracet_Tab 500mg,0407010H0AAAMAM,15,0.041999999999999746
164,A83040,Pregabalin_Cap 150mg,0408010AEAAAEAE,7,0.03920000000000112
163,A83013,Pregabalin_Cap 150mg,0408010AEAAAEAE,14,0.03920000000000112
32,A83010,Memantine HCl_Tab 20mg,0411000G0AAADAD,8,0.03919999999999996
31,A83034,Memantine HCl_Tab 20mg,0411000G0AAADAD,8,0.03919999999999996
78,A83048,Paracet_Tab 500mg,0407010H0AAAMAM,14,0.03919999999999976
79,A83048,Paracet_Tab 500mg,0407010H0AAAMAM,14,0.03919999999999976
81,A83070,Paracet_Tab 500mg,0407010H0AAAMAM,3,0.038400000000000434
80,A83070,Paracet_Tab 500mg,0407010H0AAAMAM,3,0.038400000000000434
83,A83070,Paracet_Tab 500mg,0407010H0AAAMAM,9,0.03779999999999977
82,A83070,Paracet_Tab 500mg,0407010H0AAAMAM,9,0.03779999999999977
189,A83040,Lamotrigine_Tab 200mg,0408010H0AAA1A1,13,0.03639999999999599
18,A83048,Atorvastatin_Tab 10mg,0212000B0AAAAAA,17,0.0357000000000002
33,A83048,Memantine HCl_Tab 20mg,0411000G0AAADAD,7,0.03429999999999996
165,A83034,Pregabalin_Cap 150mg,0408010AEAAAEAE,12,0.03360000000000096
237,A83641,Sertraline HCl_Tab 100mg,0403030Q0AAABAB,8,0.033600000000000185
236,A83006,Sertraline HCl_Tab 100mg,0403030Q0AAABAB,8,0.033600000000000185
19,A83641,Atorvastatin_Tab 10mg,0212000B0AAAAAA,16,0.033600000000000185
85,A83006,Paracet_Tab 500mg,0407010H0AAAMAM,8,0.0335999999999998
84,A83006,Paracet_Tab 500mg,0407010H0AAAMAM,8,0.0335999999999998
86,A83641,Paracet_Tab 500mg,0407010H0AAAMAM,11,0.030799999999999814
87,A83641,Paracet_Tab 500mg,0407010H0AAAMAM,11,0.030799999999999814
89,A83005,Paracet_Tab 500mg,0407010H0AAAMAM,5,0.02999999999999982
90,A83005,Paracet_Tab 500mg,0407010H0AAAMAM,5,0.02999999999999982
91,A83034,Paracet_Tab 500mg,0407010H0AAAMAM,5,0.02999999999999982
88,A83034,Paracet_Tab 500mg,0407010H0AAAMAM,5,0.02999999999999982
93,A83048,Paracet_Tab 500mg,0407010H0AAAMAM,7,0.029399999999999822
92,A83048,Paracet_Tab 500mg,0407010H0AAAMAM,7,0.029399999999999822
166,A83048,Pregabalin_Cap 150mg,0408010AEAAAEAE,5,0.028000000000000802
190,A83013,Lamotrigine_Tab 200mg,0408010H0AAA1A1,5,0.027999999999996916
20,A83040,Atorvastatin_Tab 10mg,0212000B0AAAAAA,13,0.02730000000000015
94,A83034,Paracet_Tab 500mg,0407010H0AAAMAM,9,0.025199999999999848
95,A83034,Paracet_Tab 500mg,0407010H0AAAMAM,9,0.025199999999999848
34,A83047,Memantine HCl_Tab 20mg,0411000G0AAADAD,5,0.024499999999999973
96,A83040,Paracet_Tab 500mg,0407010H0AAAMAM,4,0.023999999999999855
97,A83040,Paracet_Tab 500mg,0407010H0AAAMAM,4,0.023999999999999855
168,A83034,Pregabalin_Cap 150mg,0408010AEAAAEAE,4,0.02240000000000064
167,A83010,Pregabalin_Cap 150mg,0408010AEAAAEAE,8,0.02240000000000064
98,A83070,Paracet_Tab 500mg,0407010H0AAAMAM,8,0.022399999999999864
99,A83070,Paracet_Tab 500mg,0407010H0AAAMAM,8,0.022399999999999864
191,A83005,Lamotrigine_Tab 200mg,0408010H0AAA1A1,4,0.022399999999997533
21,A83006,Atorvastatin_Tab 10mg,0212000B0AAAAAA,10,0.021000000000000116
239,A83031,Sertraline HCl_Tab 100mg,0403030Q0AAABAB,5,0.021000000000000116
238,A83070,Sertraline HCl_Tab 100mg,0403030Q0AAABAB,5,0.021000000000000116
253,A83047,Losartan Pot_Tab 50mg,0205052N0AAABAB,5,0.021000000000000116
101,A83010,Paracet_Tab 500mg,0407010H0AAAMAM,5,0.020999999999999873
100,A83010,Paracet_Tab 500mg,0407010H0AAAMAM,5,0.020999999999999873
240,A83048,Sertraline HCl_Tab 100mg,0403030Q0AAABAB,8,0.016800000000000093
22,A83641,Atorvastatin_Tab 10mg,0212000B0AAAAAA,4,0.016800000000000093
103,A83013,Paracet_Tab 500mg,0407010H0AAAMAM,6,0.0167999999999999
102,A83013,Paracet_Tab 500mg,0407010H0AAAMAM,6,0.0167999999999999
169,A83006,Pregabalin_Cap 150mg,0408010AEAAAEAE,5,0.014000000000000401
104,A83006,Paracet_Tab 500mg,0407010H0AAAMAM,5,0.013999999999999915
105,A83006,Paracet_Tab 500mg,0407010H0AAAMAM,5,0.013999999999999915
255,A83031,Losartan Pot_Tab 50mg,0205052N0AAABAB,3,0.01260000000000007
241,A83006,Sertraline HCl_Tab 100mg,0403030Q0AAABAB,6,0.01260000000000007
254,A83010,Losartan Pot_Tab 50mg,0205052N0AAABAB,3,0.01260000000000007
106,A83034,Paracet_Tab 500mg,0407010H0AAAMAM,3,0.012599999999999924
107,A83034,Paracet_Tab 500mg,0407010H0AAAMAM,3,0.012599999999999924
172,A83048,Pregabalin_Cap 150mg,0408010AEAAAEAE,4,0.01120000000000032
178,A83070,Pregabalin_Cap 150mg,0408010AEAAAEAE,2,0.01120000000000032
176,A83070,Pregabalin_Cap 150mg,0408010AEAAAEAE,4,0.01120000000000032
175,A83013,Pregabalin_Cap 150mg,0408010AEAAAEAE,2,0.01120000000000032
174,A83040,Pregabalin_Cap 150mg,0408010AEAAAEAE,8,0.01120000000000032
173,A83031,Pregabalin_Cap 150mg,0408010AEAAAEAE,2,0.01120000000000032
177,A83047,Pregabalin_Cap 150mg,0408010AEAAAEAE,2,0.01120000000000032
171,A83013,Pregabalin_Cap 150mg,0408010AEAAAEAE,8,0.01120000000000032
170,A83641,Pregabalin_Cap 150mg,0408010AEAAAEAE,2,0.01120000000000032
195,A83005,Lamotrigine_Tab 200mg,0408010H0AAA1A1,4,0.011199999999998766
194,A83031,Lamotrigine_Tab 200mg,0408010H0AAA1A1,4,0.011199999999998766
193,A83034,Lamotrigine_Tab 200mg,0408010H0AAA1A1,4,0.011199999999998766
192,A83047,Lamotrigine_Tab 200mg,0408010H0AAA1A1,2,0.011199999999998766
35,A83006,Memantine HCl_Tab 20mg,0411000G0AAADAD,2,0.00979999999999999
112,A83031,Paracet_Tab 500mg,0407010H0AAAMAM,2,0.00839999999999995
110,A83031,Paracet_Tab 500mg,0407010H0AAAMAM,2,0.00839999999999995
111,A83010,Paracet_Tab 500mg,0407010H0AAAMAM,3,0.00839999999999995
108,A83013,Paracet_Tab 500mg,0407010H0AAAMAM,4,0.00839999999999995
109,A83010,Paracet_Tab 500mg,0407010H0AAAMAM,3,0.00839999999999995
113,A83013,Paracet_Tab 500mg,0407010H0AAAMAM,4,0.00839999999999995
242,A83040,Sertraline HCl_Tab 100mg,0403030Q0AAABAB,2,0.008399999999999658
179,A83641,Pregabalin_Cap 150mg,0408010AEAAAEAE,5,0.0070000000000002005
154,A83040,Atorvastatin_Tab 40mg,0212000B0AAACAC,1,0.006000000000000172
114,A83010,Paracet_Tab 500mg,0407010H0AAAMAM,1,0.005999999999999964
115,A83010,Paracet_Tab 500mg,0407010H0AAAMAM,1,0.005999999999999964
182,A83006,Pregabalin_Cap 150mg,0408010AEAAAEAE,1,0.00560000000000016
181,A83048,Pregabalin_Cap 150mg,0408010AEAAAEAE,4,0.00560000000000016
180,A83010,Pregabalin_Cap 150mg,0408010AEAAAEAE,4,0.00560000000000016
116,A83034,Paracet_Tab 500mg,0407010H0AAAMAM,4,0.005599999999999966
117,A83048,Paracet_Tab 500mg,0407010H0AAAMAM,4,0.005599999999999966
119,A83034,Paracet_Tab 500mg,0407010H0AAAMAM,4,0.005599999999999966
118,A83048,Paracet_Tab 500mg,0407010H0AAAMAM,4,0.005599999999999966
183,A83006,Pregabalin_Cap 150mg,0408010AEAAAEAE,3,0.00420000000000012
23,A83047,Atorvastatin_Tab 10mg,0212000B0AAAAAA,1,0.004200000000000023
121,A83005,Paracet_Tab 500mg,0407010H0AAAMAM,1,0.004199999999999975
122,A83047,Paracet_Tab 500mg,0407010H0AAAMAM,3,0.004199999999999975
123,A83047,Paracet_Tab 500mg,0407010H0AAAMAM,3,0.004199999999999975
120,A83005,Paracet_Tab 500mg,0407010H0AAAMAM,1,0.004199999999999975
269,A83047,Nortriptyline_Tab 25mg,0403010V0AAAEAE,1,0.003000000000000086
126,A83006,Paracet_Tab 500mg,0407010H0AAAMAM,1,0.002999999999999982
127,A83006,Paracet_Tab 500mg,0407010H0AAAMAM,1,0.002999999999999982
124,A83047,Paracet_Tab 500mg,0407010H0AAAMAM,1,0.002999999999999982
125,A83047,Paracet_Tab 500mg,0407010H0AAAMAM,1,0.002999999999999982
184,A83641,Pregabalin_Cap 150mg,0408010AEAAAEAE,1,0.00280000000000008
256,A83034,Losartan Pot_Tab 50mg,0205052N0AAABAB,1,0.0021999999999999867
243,A83034,Sertraline HCl_Tab 100mg,0403030Q0AAABAB,1,0.0010999999999999552
201,A83010,Lamotrigine_Tab 200mg,0408010H0AAA1A1,1,0.0
205,A83010,Lamotrigine_Tab 200mg,0408010H0AAA1A1,1,0.0
196,A83031,Lamotrigine_Tab 200mg,0408010H0AAA1A1,1,0.0
197,A83641,Lamotrigine_Tab 200mg,0408010H0AAA1A1,1,0.0
198,A83013,Lamotrigine_Tab 200mg,0408010H0AAA1A1,1,0.0
199,A83047,Lamotrigine_Tab 200mg,0408010H0AAA1A1,1,0.0
200,A83031,Lamotrigine_Tab 200mg,0408010H0AAA1A1,1,0.0
204,A83034,Lamotrigine_Tab 200mg,0408010H0AAA1A1,1,0.0
202,A83040,Lamotrigine_Tab 200mg,0408010H0AAA1A1,1,0.0
211,A83013,Lamotrigine_Tab 200mg,0408010H0AAA1A1,5,0.0
209,A83013,Lamotrigine_Tab 200mg,0408010H0AAA1A1,1,0.0
210,A83048,Lamotrigine_Tab 200mg,0408010H0AAA1A1,1,0.0
203,A83010,Lamotrigine_Tab 200mg,0408010H0AAA1A1,1,0.0
207,A83005,Lamotrigine_Tab 200mg,0408010H0AAA1A1,6,0.0
206,A83070,Lamotrigine_Tab 200mg,0408010H0AAA1A1,1,0.0
208,A83005,Lamotrigine_Tab 200mg,0408010H0AAA1A1,5,0.0
212,A83031,Lamotrigine_Tab 200mg,0408010H0AAA1A1,1,0.0
213,A83010,Lamotrigine_Tab 200mg,0408010H0AAA1A1,1,0.0
214,A83040,Lamotrigine_Tab 200mg,0408010H0AAA1A1,7,0.0
215,A83034,Lamotrigine_Tab 200mg,0408010H0AAA1A1,3,0.0
244,A83034,Sertraline HCl_Tab 100mg,0403030Q0AAABAB,1,-0.0007999999999999952
129,A83040,Paracet_Tab 500mg,0407010H0AAAMAM,1,-0.0011999999999999997
128,A83040,Paracet_Tab 500mg,0407010H0AAAMAM,1,-0.0011999999999999997
216,Y02064,Lamotrigine_Tab 200mg,0408010H0AAA1A1,1,-0.0018000000000001348
155,A83031,Atorvastatin_Tab 40mg,0212000B0AAACAC,1,-0.0029999999999998778
245,A83047,Sertraline HCl_Tab 100mg,0403030Q0AAABAB,1,-0.003000000000000086
156,A83005,Atorvastatin_Tab 40mg,0212000B0AAACAC,1,-0.004000000000000045
130,A83013,Paracet_Tab 500mg,0407010H0AAAMAM,1,-0.004799999999999971
131,A83013,Paracet_Tab 500mg,0407010H0AAAMAM,1,-0.004799999999999971
257,A83013,Losartan Pot_Tab 50mg,0205052N0AAABAB,1,-0.005799999999999965
24,A83047,Atorvastatin_Tab 10mg,0212000B0AAAAAA,1,-0.005999999999999964
258,A83040,Losartan Pot_Tab 50mg,0205052N0AAABAB,7,-0.01960000000000005
260,A83031,Losartan Pot_Tab 50mg,0205052N0AAABAB,8,-0.02240000000000006
259,A83013,Losartan Pot_Tab 50mg,0205052N0AAABAB,8,-0.02240000000000006
261,A83048,Losartan Pot_Tab 50mg,0205052N0AAABAB,9,-0.025200000000000066
262,A83641,Losartan Pot_Tab 50mg,0205052N0AAABAB,11,-0.03080000000000008
263,A83070,Losartan Pot_Tab 50mg,0205052N0AAABAB,13,-0.0364000000000001
264,A83034,Losartan Pot_Tab 50mg,0205052N0AAABAB,13,-0.0364000000000001
265,A83005,Losartan Pot_Tab 50mg,0205052N0AAABAB,16,-0.04480000000000012
266,A83010,Losartan Pot_Tab 50mg,0205052N0AAABAB,28,-0.0784000000000002
267,A83047,Losartan Pot_Tab 50mg,0205052N0AAABAB,42,-0.11760000000000032
133,A83070,Paracet_Tab 500mg,0407010H0AAAMAM,42,-0.23519999999999858
132,A83070,Paracet_Tab 500mg,0407010H0AAAMAM,42,-0.23519999999999858
135,A83048,Paracet_Tab 500mg,0407010H0AAAMAM,43,-0.24079999999999854
134,A83048,Paracet_Tab 500mg,0407010H0AAAMAM,43,-0.24079999999999854
136,A83031,Paracet_Tab 500mg,0407010H0AAAMAM,44,-0.2463999999999985
137,A83031,Paracet_Tab 500mg,0407010H0AAAMAM,44,-0.2463999999999985
138,A83034,Paracet_Tab 500mg,0407010H0AAAMAM,45,-0.25199999999999845
139,A83034,Paracet_Tab 500mg,0407010H0AAAMAM,45,-0.25199999999999845
141,A83013,Paracet_Tab 500mg,0407010H0AAAMAM,65,-0.36399999999999777
140,A83013,Paracet_Tab 500mg,0407010H0AAAMAM,65,-0.36399999999999777
142,A83005,Paracet_Tab 500mg,0407010H0AAAMAM,73,-0.4087999999999975
143,A83005,Paracet_Tab 500mg,0407010H0AAAMAM,73,-0.4087999999999975
144,A83010,Paracet_Tab 500mg,0407010H0AAAMAM,100,-0.5599999999999966
145,A83010,Paracet_Tab 500mg,0407010H0AAAMAM,100,-0.5599999999999966
146,A83040,Paracet_Tab 500mg,0407010H0AAAMAM,109,-0.6103999999999963
147,A83040,Paracet_Tab 500mg,0407010H0AAAMAM,109,-0.6103999999999963
148,A83047,Paracet_Tab 500mg,0407010H0AAAMAM,58,-2.5983999999999843
149,A83047,Paracet_Tab 500mg,0407010H0AAAMAM,58,-2.5983999999999843
