,practice_code,bnf_description,bnf_code,items,excess_cost
0,A86005,Amlodipine_Tab 5mg,0206020A0AAAAAA,98,-0.20579999999999637
1,A86005,Atorvastatin_Tab 80mg,0212000B0AAADAD,78,0.16590000000000474
2,A86005,Memantine HCl_Tab 20mg,0411000G0AAADAD,37,0.1812999999999998
3,A86005,Paracet_Tab 500mg,0407010H0AAAMAM,402,-1.495199999999991
4,A86005,Prednisolone_Tab 5mg,0603020T0AAACAC,26,0.13119999999999965
5,A86005,Sertraline HCl_Tab 100mg,0403030Q0AAABAB,45,0.10650000000000037
6,A86005,Sumatriptan_Tab 50mg,0407041T0AAAFAF,10,0.0
7,A86016,Amlodipine_Tab 5mg,0206020A0AAAAAA,94,-0.19109999999999644
8,A86016,Atorvastatin_Tab 40mg,0212000B0AAACAC,1,0.006000000000000172
9,A86016,Atorvastatin_Tab 80mg,0212000B0AAADAD,60,0.1260000000000036
10,A86016,Memantine HCl_Tab 20mg,0411000G0AAADAD,18,0.0881999999999999
11,A86016,Mesalazine_Tab E/C 400mg,0105010B0AAAAAA,8,163.1344
12,A86016,Paracet_Tab 500mg,0407010H0AAAMAM,380,-1.4223999999999912
13,A86016,Prednisolone_Tab 5mg,0603020T0AAACAC,13,0.06089999999999985
14,A86016,Sertraline HCl_Tab 100mg,0403030Q0AAABAB,41,0.11550000000000063
15,A86016,Sumatriptan_Tab 50mg,0407041T0AAAFAF,15,0.0
16,A86041,Amlodipine_Tab 5mg,0206020A0AAAAAA,26,-0.05459999999999904
17,A86041,Atorvastatin_Tab 80mg,0212000B0AAADAD,64,0.13440000000000385
18,A86041,Memantine HCl_Tab 20mg,0411000G0AAADAD,19,0.0930999999999999
19,A86041,Paracet_Tab 500mg,0407010H0AAAMAM,242,-0.6351999999999962
20,A86041,Prednisolone_Tab 5mg,0603020T0AAACAC,19,0.09189999999999986
21,A86041,Sertraline HCl_Tab 100mg,0403030Q0AAABAB,4,0.008400000000000046
22,A86041,Sumatriptan_Tab 50mg,0407041T0AAAFAF,7,0.0
23,A87002,Amlodipine_Tab 5mg,0206020A0AAAAAA,54,-0.07489999999999787
24,A87002,Atorvastatin_Tab 80mg,0212000B0AAADAD,106,0.22260000000000638
25,A87002,Memantine HCl_Tab 20mg,0411000G0AAADAD,37,191.80069999999998
26,A87002,Mesalazine_Tab E/C 400mg,0105010B0AAAAAA,1,25.667999999999996
27,A87002,Paracet_Tab 500mg,0407010H0AAAMAM,666,9.834400000000038
28,A87002,Prednisolone_Tab 5mg,0603020T0AAACAC,4,0.01959999999999998
29,A87002,Sertraline HCl_Tab 100mg,0403030Q0AAABAB,23,0.06720000000000037
30,A87002,Sumatriptan_Tab 50mg,0407041T0AAAFAF,14,0.0
31,A87003,Amlodipine_Tab 5mg,0206020A0AAAAAA,101,-0.13329999999999673
32,A87003,Atorvastatin_Tab 20mg,0212000B0AAABAB,2,-0.0059999999999997555
33,A87003,Atorvastatin_Tab 40mg,0212000B0AAACAC,1,0.0048000000000001375
34,A87003,Atorvastatin_Tab 80mg,0212000B0AAADAD,152,0.31410000000000904
35,A87003,Memantine HCl_Tab 20mg,0411000G0AAADAD,18,0.0881999999999999
36,A87003,Mesalazine_Tab E/C 400mg,0105010B0AAAAAA,13,-11.911199999999994
37,A87003,Paracet_Tab 500mg,0407010H0AAAMAM,558,-2.0413999999999874
38,A87003,Prednisolone_Tab 5mg,0603020T0AAACAC,6,0.02909999999999992
39,A87003,Sertraline HCl_Tab 100mg,0403030Q0AAABAB,63,0.16210000000000085
40,A87003,Sumatriptan_Tab 50mg,0407041T0AAAFAF,12,0.0
41,A87004,Amlodipine_Tab 5mg,0206020A0AAAAAA,107,-0.22559999999999605
42,A87004,Atorvastatin_Tab 40mg,0212000B0AAACAC,1,-0.002399999999999902
43,A87004,Atorvastatin_Tab 80mg,0212000B0AAADAD,139,0.2876000000000083
44,A87004,Memantine HCl_Tab 20mg,0411000G0AAADAD,70,0.34299999999999964
45,A87004,Paracet_Tab 500mg,0407010H0AAAMAM,732,-1.258999999999988
46,A87004,Prednisolone_Tab 5mg,0603020T0AAACAC,19,0.09329999999999977
47,A87004,Sertraline HCl_Tab 100mg,0403030Q0AAABAB,95,0.22470000000000123
48,A87004,Sumatriptan_Tab 50mg,0407041T0AAAFAF,31,0.0
49,A87005,Amlodipine_Tab 5mg,0206020A0AAAAAA,231,206.72820000000004
50,A87005,Atorvastatin_Tab 20mg,0212000B0AAABAB,217,901.6560000000001
51,A87005,Atorvastatin_Tab 40mg,0212000B0AAACAC,294,890.4301000000002
52,A87005,Atorvastatin_Tab 80mg,0212000B0AAADAD,188,291.6207
53,A87005,Memantine HCl_Tab 20mg,0411000G0AAADAD,35,0.17149999999999982
54,A87005,Paracet_Tab 500mg,0407010H0AAAMAM,842,119.19240000000015
55,A87005,Prednisolone_Tab 5mg,0603020T0AAACAC,65,337.6055
56,A87005,Sertraline HCl_Tab 100mg,0403030Q0AAABAB,76,297.05729999999994
57,A87005,Sumatriptan_Tab 50mg,0407041T0AAAFAF,25,660.0096
58,A87006,Amlodipine_Tab 5mg,0206020A0AAAAAA,32,-0.028699999999998685
59,A87006,Atorvastatin_Tab 80mg,0212000B0AAADAD,64,0.13440000000000385
60,A87006,Memantine HCl_Tab 20mg,0411000G0AAADAD,25,0.12249999999999986
61,A87006,Paracet_Tab 500mg,0407010H0AAAMAM,426,60.0108
62,A87006,Prednisolone_Tab 5mg,0603020T0AAACAC,5,0.023799999999999953
63,A87006,Sertraline HCl_Tab 100mg,0403030Q0AAABAB,43,0.11760000000000065
64,A87006,Sumatriptan_Tab 50mg,0407041T0AAAFAF,5,0.0
65,A87007,Amlodipine_Tab 5mg,0206020A0AAAAAA,135,-0.283499999999995
66,A87007,Atorvastatin_Tab 20mg,0212000B0AAABAB,1,-0.0029999999999998778
67,A87007,Atorvastatin_Tab 40mg,0212000B0AAACAC,3,0.0015000000000004593
68,A87007,Atorvastatin_Tab 80mg,0212000B0AAADAD,104,0.21840000000000626
69,A87007,Memantine HCl_Tab 20mg,0411000G0AAADAD,48,0.23519999999999974
70,A87007,Mesalazine_Tab E/C 400mg,0105010B0AAAAAA,5,51.336
71,A87007,Paracet_Tab 500mg,0407010H0AAAMAM,970,75.53680000000006
72,A87007,Prednisolone_Tab 5mg,0603020T0AAACAC,14,0.06959999999999988
73,A87007,Sertraline HCl_Tab 100mg,0403030Q0AAABAB,41,0.08430000000000042
74,A87007,Sumatriptan_Tab 50mg,0407041T0AAAFAF,10,0.0
75,A87008,Amlodipine_Tab 5mg,0206020A0AAAAAA,67,-0.12869999999999754
76,A87008,Atorvastatin_Tab 20mg,0212000B0AAABAB,26,0.5824000000000016
77,A87008,Atorvastatin_Tab 40mg,0212000B0AAACAC,1,-0.002799999999999997
78,A87008,Atorvastatin_Tab 80mg,0212000B0AAADAD,63,0.1323000000000038
79,A87008,Memantine HCl_Tab 20mg,0411000G0AAADAD,14,0.06859999999999992
80,A87008,Paracet_Tab 500mg,0407010H0AAAMAM,38,0.10719999999999935
81,A87008,Prednisolone_Tab 5mg,0603020T0AAACAC,18,0.08799999999999988
82,A87008,Sertraline HCl_Tab 100mg,0403030Q0AAABAB,23,0.06300000000000035
83,A87008,Sumatriptan_Tab 50mg,0407041T0AAAFAF,16,0.0031999999999996476
84,A87009,Amlodipine_Tab 5mg,0206020A0AAAAAA,105,-0.19739999999999602
85,A87009,Atorvastatin_Tab 40mg,0212000B0AAACAC,1,0.00180000000000001
86,A87009,Atorvastatin_Tab 80mg,0212000B0AAADAD,260,0.5425000000000157
87,A87009,Memantine HCl_Tab 20mg,0411000G0AAADAD,16,0.07839999999999991
88,A87009,Paracet_Tab 500mg,0407010H0AAAMAM,1146,34.70039999999997
89,A87009,Prednisolone_Tab 5mg,0603020T0AAACAC,31,0.14629999999999968
90,A87009,Sertraline HCl_Tab 100mg,0403030Q0AAABAB,58,0.14520000000000066
91,A87009,Sumatriptan_Tab 50mg,0407041T0AAAFAF,23,0.005599999999999383
92,A87011,Amlodipine_Tab 5mg,0206020A0AAAAAA,75,-0.12909999999999716
93,A87011,Atorvastatin_Tab 80mg,0212000B0AAADAD,68,0.1428000000000041
94,A87011,Memantine HCl_Tab 20mg,0411000G0AAADAD,8,0.03919999999999996
95,A87011,Mesalazine_Tab E/C 400mg,0105010B0AAAAAA,2,47.913599999999995
96,A87011,Paracet_Tab 500mg,0407010H0AAAMAM,30,-4.5096
97,A87011,Prednisolone_Tab 5mg,0603020T0AAACAC,9,0.045499999999999916
98,A87011,Sertraline HCl_Tab 100mg,0403030Q0AAABAB,66,1.9026000000000003
99,A87011,Sumatriptan_Tab 50mg,0407041T0AAAFAF,15,0.0
100,A87012,Amlodipine_Tab 5mg,0206020A0AAAAAA,160,-0.304599999999994
101,A87012,Atorvastatin_Tab 20mg,0212000B0AAABAB,136,22.513400000000022
102,A87012,Atorvastatin_Tab 40mg,0212000B0AAACAC,1,0.006000000000000172
103,A87012,Atorvastatin_Tab 80mg,0212000B0AAADAD,165,2.492700000000011
104,A87012,Memantine HCl_Tab 20mg,0411000G0AAADAD,42,0.20579999999999976
105,A87012,Paracet_Tab 500mg,0407010H0AAAMAM,1184,31.776000000000217
106,A87012,Prednisolone_Tab 5mg,0603020T0AAACAC,9,0.04059999999999985
107,A87012,Sertraline HCl_Tab 100mg,0403030Q0AAABAB,172,0.9527000000000023
108,A87012,Sumatriptan_Tab 50mg,0407041T0AAAFAF,10,-0.005599999999999383
109,A87013,Amlodipine_Tab 5mg,0206020A0AAAAAA,71,-0.13509999999999728
110,A87013,Atorvastatin_Tab 80mg,0212000B0AAADAD,118,0.2418000000000071
111,A87013,Memantine HCl_Tab 20mg,0411000G0AAADAD,17,0.0832999999999999
112,A87013,Paracet_Tab 500mg,0407010H0AAAMAM,486,-1.8695999999999877
113,A87013,Prednisolone_Tab 5mg,0603020T0AAACAC,6,0.0331999999999998
114,A87013,Sertraline HCl_Tab 100mg,0403030Q0AAABAB,61,0.14320000000000088
115,A87013,Sumatriptan_Tab 50mg,0407041T0AAAFAF,14,0.0
116,A87015,Amlodipine_Tab 5mg,0206020A0AAAAAA,84,-0.15329999999999683
117,A87015,Atorvastatin_Tab 80mg,0212000B0AAADAD,59,0.12390000000000355
118,A87015,Memantine HCl_Tab 20mg,0411000G0AAADAD,43,0.21069999999999978
119,A87015,Paracet_Tab 500mg,0407010H0AAAMAM,290,0.5168000000000071
120,A87015,Prednisolone_Tab 5mg,0603020T0AAACAC,17,0.0832999999999999
121,A87015,Sertraline HCl_Tab 100mg,0403030Q0AAABAB,25,0.060900000000000336
122,A87015,Sumatriptan_Tab 50mg,0407041T0AAAFAF,15,0.0
123,A87016,Amlodipine_Tab 5mg,0206020A0AAAAAA,47,-0.08849999999999816
124,A87016,Atorvastatin_Tab 40mg,0212000B0AAACAC,1,0.0030000000000000165
125,A87016,Atorvastatin_Tab 80mg,0212000B0AAADAD,64,0.13440000000000385
126,A87016,Memantine HCl_Tab 20mg,0411000G0AAADAD,17,0.0832999999999999
127,A87016,Paracet_Tab 500mg,0407010H0AAAMAM,122,4.193599999999997
128,A87016,Prednisolone_Tab 5mg,0603020T0AAACAC,10,0.047999999999999786
129,A87016,Sertraline HCl_Tab 100mg,0403030Q0AAABAB,112,0.7052000000000039
130,A87016,Sumatriptan_Tab 50mg,0407041T0AAAFAF,26,0.0041999999999995374
131,A87017,Amlodipine_Tab 5mg,0206020A0AAAAAA,58,-0.12179999999999785
132,A87017,Atorvastatin_Tab 20mg,0212000B0AAABAB,155,22.850600000000025
133,A87017,Atorvastatin_Tab 80mg,0212000B0AAADAD,109,0.2331000000000067
134,A87017,Memantine HCl_Tab 20mg,0411000G0AAADAD,24,0.11759999999999987
135,A87017,Paracet_Tab 500mg,0407010H0AAAMAM,780,235.07599999999996
136,A87017,Prednisolone_Tab 5mg,0603020T0AAACAC,14,0.07159999999999979
137,A87017,Sertraline HCl_Tab 100mg,0403030Q0AAABAB,45,0.1056000000000003
138,A87017,Sumatriptan_Tab 50mg,0407041T0AAAFAF,8,0.0
139,A87019,Amlodipine_Tab 5mg,0206020A0AAAAAA,69,-0.14489999999999745
140,A87019,Atorvastatin_Tab 80mg,0212000B0AAADAD,73,0.14820000000000425
141,A87019,Memantine HCl_Tab 20mg,0411000G0AAADAD,10,0.048999999999999946
142,A87019,Paracet_Tab 500mg,0407010H0AAAMAM,260,-0.8455999999999948
143,A87019,Prednisolone_Tab 5mg,0603020T0AAACAC,12,0.058799999999999936
144,A87019,Sertraline HCl_Tab 100mg,0403030Q0AAABAB,35,0.10710000000000058
145,A87019,Sumatriptan_Tab 50mg,0407041T0AAAFAF,9,0.0
146,A87020,Amlodipine_Tab 5mg,0206020A0AAAAAA,79,8.771000000000003
147,A87020,Atorvastatin_Tab 20mg,0212000B0AAABAB,135,90.09000000000003
148,A87020,Atorvastatin_Tab 80mg,0212000B0AAADAD,63,0.1323000000000038
149,A87020,Memantine HCl_Tab 20mg,0411000G0AAADAD,4,0.01959999999999998
150,A87020,Paracet_Tab 500mg,0407010H0AAAMAM,616,125.98800000000006
151,A87020,Sertraline HCl_Tab 100mg,0403030Q0AAABAB,16,0.03780000000000021
152,A87020,Sumatriptan_Tab 50mg,0407041T0AAAFAF,22,-0.00300000000000078
153,A87022,Amlodipine_Tab 5mg,0206020A0AAAAAA,52,-0.10179999999999809
154,A87022,Atorvastatin_Tab 80mg,0212000B0AAADAD,124,49.77490000000002
155,A87022,Memantine HCl_Tab 20mg,0411000G0AAADAD,9,0.04409999999999995
156,A87022,Paracet_Tab 500mg,0407010H0AAAMAM,672,44.167200000000065
157,A87022,Prednisolone_Tab 5mg,0603020T0AAACAC,13,0.0650999999999999
158,A87022,Sertraline HCl_Tab 100mg,0403030Q0AAABAB,64,0.14339999999999997
159,A87022,Sumatriptan_Tab 50mg,0407041T0AAAFAF,12,0.0
160,A87023,Amlodipine_Tab 5mg,0206020A0AAAAAA,81,-0.170099999999997
161,A87023,Atorvastatin_Tab 20mg,0212000B0AAABAB,11,22.5456
162,A87023,Atorvastatin_Tab 80mg,0212000B0AAADAD,83,0.17000000000000495
163,A87023,Memantine HCl_Tab 20mg,0411000G0AAADAD,26,0.12739999999999985
164,A87023,Paracet_Tab 500mg,0407010H0AAAMAM,480,141.77199999999993
165,A87023,Prednisolone_Tab 5mg,0603020T0AAACAC,6,0.029399999999999968
166,A87023,Sertraline HCl_Tab 100mg,0403030Q0AAABAB,33,0.06930000000000039
167,A87023,Sumatriptan_Tab 50mg,0407041T0AAAFAF,4,0.0
168,A87027,Amlodipine_Tab 5mg,0206020A0AAAAAA,56,-0.11759999999999793
169,A87027,Atorvastatin_Tab 80mg,0212000B0AAADAD,72,0.15120000000000433
170,A87027,Memantine HCl_Tab 20mg,0411000G0AAADAD,18,0.0881999999999999
171,A87027,Paracet_Tab 500mg,0407010H0AAAMAM,396,-1.4339999999999908
172,A87027,Prednisolone_Tab 5mg,0603020T0AAACAC,23,0.1098999999999998
173,A87027,Sertraline HCl_Tab 100mg,0403030Q0AAABAB,54,0.13650000000000073
174,A87027,Sumatriptan_Tab 50mg,0407041T0AAAFAF,6,0.0
175,A87029,Amlodipine_Tab 5mg,0206020A0AAAAAA,53,-0.11129999999999804
176,A87029,Atorvastatin_Tab 80mg,0212000B0AAADAD,47,0.09870000000000283
177,A87029,Memantine HCl_Tab 20mg,0411000G0AAADAD,15,0.07349999999999993
178,A87029,Paracet_Tab 500mg,0407010H0AAAMAM,166,-0.6747999999999958
179,A87029,Prednisolone_Tab 5mg,0603020T0AAACAC,5,0.022399999999999937
180,A87029,Sertraline HCl_Tab 100mg,0403030Q0AAABAB,36,0.10320000000000043
181,A87029,Sumatriptan_Tab 50mg,0407041T0AAAFAF,5,0.0
182,A87030,Amlodipine_Tab 5mg,0206020A0AAAAAA,39,-0.06749999999999844
183,A87030,Atorvastatin_Tab 80mg,0212000B0AAADAD,69,0.13770000000000393
184,A87030,Memantine HCl_Tab 20mg,0411000G0AAADAD,4,0.01959999999999998
185,A87030,Mesalazine_Tab E/C 400mg,0105010B0AAAAAA,1,23.956799999999998
186,A87030,Paracet_Tab 500mg,0407010H0AAAMAM,284,-1.464399999999991
187,A87030,Prednisolone_Tab 5mg,0603020T0AAACAC,6,0.028699999999999948
188,A87030,Sertraline HCl_Tab 100mg,0403030Q0AAABAB,35,0.09450000000000053
189,A87030,Sumatriptan_Tab 50mg,0407041T0AAAFAF,6,0.0
190,A87600,Amlodipine_Tab 5mg,0206020A0AAAAAA,33,-0.038499999999998674
191,A87600,Atorvastatin_Tab 20mg,0212000B0AAABAB,1,-0.004499999999999817
192,A87600,Atorvastatin_Tab 80mg,0212000B0AAADAD,44,0.08430000000000241
193,A87600,Memantine HCl_Tab 20mg,0411000G0AAADAD,5,0.024499999999999973
194,A87600,Paracet_Tab 500mg,0407010H0AAAMAM,226,39.93960000000001
195,A87600,Sertraline HCl_Tab 100mg,0403030Q0AAABAB,4,0.016800000000000093
196,A87600,Sumatriptan_Tab 50mg,0407041T0AAAFAF,3,0.0
197,A87612,Amlodipine_Tab 5mg,0206020A0AAAAAA,68,0.029700000000005222
198,A87612,Atorvastatin_Tab 80mg,0212000B0AAADAD,87,0.18270000000000525
199,A87612,Memantine HCl_Tab 20mg,0411000G0AAADAD,18,0.0881999999999999
200,A87612,Mesalazine_Tab E/C 400mg,0105010B0AAAAAA,1,-31.942399999999996
201,A87612,Paracet_Tab 500mg,0407010H0AAAMAM,190,-4.141199999999975
202,A87612,Prednisolone_Tab 5mg,0603020T0AAACAC,1,0.004899999999999995
203,A87612,Sertraline HCl_Tab 100mg,0403030Q0AAABAB,48,0.1302000000000007
204,A87612,Sumatriptan_Tab 50mg,0407041T0AAAFAF,14,0.0
205,A87615,Amlodipine_Tab 5mg,0206020A0AAAAAA,79,-0.16589999999999708
206,A87615,Atorvastatin_Tab 80mg,0212000B0AAADAD,65,0.1365000000000039
207,A87615,Memantine HCl_Tab 20mg,0411000G0AAADAD,14,0.06859999999999992
208,A87615,Paracet_Tab 500mg,0407010H0AAAMAM,50,0.13999999999999915
209,A87615,Sertraline HCl_Tab 100mg,0403030Q0AAABAB,30,0.06720000000000018
210,A87615,Sumatriptan_Tab 50mg,0407041T0AAAFAF,8,0.0031999999999996476
211,Y02710,Amlodipine_Tab 5mg,0206020A0AAAAAA,25,-0.052499999999999075
212,Y02710,Atorvastatin_Tab 40mg,0212000B0AAACAC,1,0.00360000000000002
213,Y02710,Atorvastatin_Tab 80mg,0212000B0AAADAD,42,0.08820000000000253
214,Y02710,Memantine HCl_Tab 20mg,0411000G0AAADAD,12,63.940799999999996
215,Y02710,Paracet_Tab 500mg,0407010H0AAAMAM,182,24.523200000000013
216,Y02710,Prednisolone_Tab 5mg,0603020T0AAACAC,9,0.41579999999999967
217,Y02710,Sertraline HCl_Tab 100mg,0403030Q0AAABAB,41,0.13020000000000054
218,Y02710,Sumatriptan_Tab 50mg,0407041T0AAAFAF,14,0.0
219,Y03374,Sertraline HCl_Tab 100mg,0403030Q0AAABAB,1,0.004200000000000023
220,Y04187,Paracet_Tab 500mg,0407010H0AAAMAM,4,-0.022399999999999864
221,Y05892,Amlodipine_Tab 5mg,0206020A0AAAAAA,3,-0.006299999999999889
222,Y05892,Paracet_Tab 500mg,0407010H0AAAMAM,44,-0.03879999999999978
223,Y05892,Sertraline HCl_Tab 100mg,0403030Q0AAABAB,3,0.006300000000000035
