,practice_code,bnf_description,bnf_code,items,excess_cost
0,F84012,Amiodarone HCl_Tab 200mg,0203020D0AAABAB,4,0.3388
1,F84012,Aspirin Disper_Tab 75mg,0209000A0AAABAB,218,0.6103999999999963
2,F84012,Clonazepam_Tab 500mcg,0408010F0AAABAB,11,4.88159999999999
3,F84012,Lansoprazole_Cap 30mg (E/C Gran),0103050L0AAAAAA,246,0.8176000000000092
4,F84012,Pyridox HCl_Tab 50mg,0906024N0AAAIAI,1,0.4788000000000001
5,F84016,Amiodarone HCl_Tab 200mg,0203020D0AAABAB,3,2.100000000000002
6,F84016,Aspirin Disper_Tab 75mg,0209000A0AAABAB,450,1.282399999999992
7,F84016,Buprenorphine_Tab Subling 400mcg S/F,0410030A0AAACAC,1,1.5232
8,F84016,Clonazepam_Tab 500mcg,0408010F0AAABAB,30,10.62229999999998
9,F84016,Lansoprazole_Cap 30mg (E/C Gran),0103050L0AAAAAA,442,1.4476000000000164
10,F84016,Pyridox HCl_Tab 50mg,0906024N0AAAIAI,1,0.4788000000000001
11,F84025,Amiodarone HCl_Tab 200mg,0203020D0AAABAB,1,0.0847
12,F84025,Aspirin Disper_Tab 75mg,0209000A0AAABAB,322,0.9015999999999945
13,F84025,Clonazepam_Tab 500mcg,0408010F0AAABAB,9,1.6763999999999966
14,F84025,Lansoprazole_Cap 30mg (E/C Gran),0103050L0AAAAAA,175,0.532000000000006
15,F84025,Pyridox HCl_Tab 50mg,0906024N0AAAIAI,6,1.2856000000000019
16,F84030,Amiodarone HCl_Tab 200mg,0203020D0AAABAB,4,0.7168000000000003
17,F84030,Aspirin Disper_Tab 75mg,0209000A0AAABAB,256,0.7167999999999957
18,F84030,Lansoprazole_Cap 30mg (E/C Gran),0103050L0AAAAAA,52,0.15680000000000177
19,F84030,Pyridox HCl_Tab 50mg,0906024N0AAAIAI,8,0.5248000000000026
20,F84031,Amiodarone HCl_Tab 200mg,0203020D0AAABAB,5,0.4235
21,F84031,Aspirin Disper_Tab 75mg,0209000A0AAABAB,872,2.441599999999985
22,F84031,Buprenorphine_Tab Subling 400mcg S/F,0410030A0AAACAC,5,3.367600000000001
23,F84031,Clonazepam_Tab 500mcg,0408010F0AAABAB,27,3.7176999999999922
24,F84031,Lansoprazole_Cap 30mg (E/C Gran),0103050L0AAAAAA,569,1.7871000000000201
25,F84031,Pyridox HCl_Tab 50mg,0906024N0AAAIAI,4,1.4364000000000003
26,F84031,Risperidone_Tab 6mg,040201030AAAFAF,8,87.65119999999999
27,F84034,Amiodarone HCl_Tab 200mg,0203020D0AAABAB,5,0.6888000000000003
28,F84034,Aspirin Disper_Tab 75mg,0209000A0AAABAB,362,1.0135999999999938
29,F84034,Buprenorphine_Tab Subling 400mcg S/F,0410030A0AAACAC,2,1.5232
30,F84034,Clonazepam_Tab 500mcg,0408010F0AAABAB,7,2.847599999999994
31,F84034,Lansoprazole_Cap 30mg (E/C Gran),0103050L0AAAAAA,229,0.7504000000000085
32,F84034,Pyridox HCl_Tab 50mg,0906024N0AAAIAI,1,0.23940000000000006
33,F84034,Topiramate_Tab 200mg,040801050AAACAC,2,4.979999999999998
34,F84039,Amiodarone HCl_Tab 200mg,0203020D0AAABAB,1,0.7000000000000006
35,F84039,Aspirin Disper_Tab 75mg,0209000A0AAABAB,382,1.0919999999999934
36,F84039,Clonazepam_Tab 500mcg,0408010F0AAABAB,3,1.898399999999996
37,F84039,Lansoprazole_Cap 30mg (E/C Gran),0103050L0AAAAAA,165,0.5152000000000058
38,F84039,Mesalazine_Tab E/C 400mg,0105010B0AAAAAA,1,47.913599999999995
39,F84039,Pyridox HCl_Tab 50mg,0906024N0AAAIAI,9,1.0036000000000027
40,F84044,Amiodarone HCl_Tab 200mg,0203020D0AAABAB,12,1.0164
41,F84044,Aspirin Disper_Tab 75mg,0209000A0AAABAB,298,0.8343999999999949
42,F84044,Clonazepam_Tab 500mcg,0408010F0AAABAB,3,1.2655999999999974
43,F84044,Lansoprazole_Cap 30mg (E/C Gran),0103050L0AAAAAA,225,0.6752000000000078
44,F84044,Pyridox HCl_Tab 50mg,0906024N0AAAIAI,2,1.9152000000000005
45,F84046,Aspirin Disper_Tab 75mg,0209000A0AAABAB,170,0.4759999999999971
46,F84046,Clonazepam_Tab 500mcg,0408010F0AAABAB,4,0.31639999999999935
47,F84046,Lansoprazole_Cap 30mg (E/C Gran),0103050L0AAAAAA,99,0.28000000000000314
48,F84051,Amiodarone HCl_Tab 200mg,0203020D0AAABAB,1,0.3500000000000003
49,F84051,Aspirin Disper_Tab 75mg,0209000A0AAABAB,224,0.6271999999999962
50,F84051,Clonazepam_Tab 500mcg,0408010F0AAABAB,8,6.327999999999987
51,F84051,Lansoprazole_Cap 30mg (E/C Gran),0103050L0AAAAAA,98,0.3080000000000035
52,F84051,Pyridox HCl_Tab 50mg,0906024N0AAAIAI,2,0.9576000000000002
53,F84054,Aspirin Disper_Tab 75mg,0209000A0AAABAB,330,0.9239999999999944
54,F84054,Buprenorphine_Tab Subling 400mcg S/F,0410030A0AAACAC,7,6.253400000000002
55,F84054,Clonazepam_Tab 500mcg,0408010F0AAABAB,10,5.2544999999999895
56,F84054,Lansoprazole_Cap 30mg (E/C Gran),0103050L0AAAAAA,218,0.7224000000000081
57,F84055,Aspirin Disper_Tab 75mg,0209000A0AAABAB,68,0.19039999999999885
58,F84055,Clonazepam_Tab 500mcg,0408010F0AAABAB,2,0.6779999999999986
59,F84055,Lansoprazole_Cap 30mg (E/C Gran),0103050L0AAAAAA,29,0.10360000000000116
60,F84062,Aspirin Disper_Tab 75mg,0209000A0AAABAB,752,2.1055999999999875
61,F84062,Buprenorphine_Tab Subling 400mcg S/F,0410030A0AAACAC,4,3.0464
62,F84062,Clonazepam_Tab 500mcg,0408010F0AAABAB,11,3.0283999999999938
63,F84062,Lansoprazole_Cap 30mg (E/C Gran),0103050L0AAAAAA,497,1.591100000000018
64,F84062,Pyridox HCl_Tab 50mg,0906024N0AAAIAI,5,0.7412000000000014
65,F84062,Topiramate_Tab 200mg,040801050AAACAC,11,15.983999999999998
66,F84079,Amiodarone HCl_Tab 200mg,0203020D0AAABAB,8,2.0888000000000018
67,F84079,Aspirin Disper_Tab 75mg,0209000A0AAABAB,314,0.8791999999999947
68,F84079,Clonazepam_Tab 500mcg,0408010F0AAABAB,17,4.82509999999999
69,F84079,Lansoprazole_Cap 30mg (E/C Gran),0103050L0AAAAAA,179,0.5740000000000065
70,F84081,Amiodarone HCl_Tab 200mg,0203020D0AAABAB,1,0.7000000000000006
71,F84081,Aspirin Disper_Tab 75mg,0209000A0AAABAB,720,2.0159999999999876
72,F84081,Clonazepam_Tab 500mcg,0408010F0AAABAB,31,10.26539999999998
73,F84081,Lansoprazole_Cap 30mg (E/C Gran),0103050L0AAAAAA,425,1.2936000000000145
74,F84081,Pyridox HCl_Tab 50mg,0906024N0AAAIAI,12,2.0924000000000036
75,F84083,Aspirin Disper_Tab 75mg,0209000A0AAABAB,464,1.332799999999992
76,F84083,Clonazepam_Tab 500mcg,0408010F0AAABAB,30,7.231999999999985
77,F84083,Lansoprazole_Cap 30mg (E/C Gran),0103050L0AAAAAA,361,1.150500000000013
78,F84083,Pyridox HCl_Tab 50mg,0906024N0AAAIAI,1,0.23940000000000006
79,F84087,Aspirin Disper_Tab 75mg,0209000A0AAABAB,704,1.9151999999999882
80,F84087,Clonazepam_Tab 500mcg,0408010F0AAABAB,1,0.15819999999999967
81,F84087,Lansoprazole_Cap 30mg (E/C Gran),0103050L0AAAAAA,563,1.7696000000000198
82,F84087,Mesalazine_Tab E/C 400mg,0105010B0AAAAAA,2,95.82719999999999
83,F84087,Pyridox HCl_Tab 50mg,0906024N0AAAIAI,9,8.139600000000002
84,F84114,Aspirin Disper_Tab 75mg,0209000A0AAABAB,150,0.4199999999999975
85,F84114,Lansoprazole_Cap 30mg (E/C Gran),0103050L0AAAAAA,50,0.14560000000000164
86,F84114,Pyridox HCl_Tab 50mg,0906024N0AAAIAI,1,0.23940000000000006
87,F84114,Valsartan_Tab 40mg,0205052V0AAADAD,1,3.8360000000000003
88,F84118,Amiodarone HCl_Tab 200mg,0203020D0AAABAB,1,0.3500000000000003
89,F84118,Aspirin Disper_Tab 75mg,0209000A0AAABAB,128,0.35839999999999783
90,F84118,Lansoprazole_Cap 30mg (E/C Gran),0103050L0AAAAAA,95,0.27440000000000314
91,F84118,Pyridox HCl_Tab 50mg,0906024N0AAAIAI,5,0.5018000000000014
92,F84118,Valsartan_Tab 40mg,0205052V0AAADAD,1,5.7540000000000004
93,F84122,Amiodarone HCl_Tab 200mg,0203020D0AAABAB,4,0.3388
94,F84122,Aspirin Disper_Tab 75mg,0209000A0AAABAB,598,1.6295999999999897
95,F84122,Buprenorphine_Tab Subling 400mcg S/F,0410030A0AAACAC,4,3.8080000000000003
96,F84122,Clonazepam_Tab 500mcg,0408010F0AAABAB,18,3.1639999999999935
97,F84122,Lansoprazole_Cap 30mg (E/C Gran),0103050L0AAAAAA,451,1.486800000000017
98,F84122,Pyridox HCl_Tab 50mg,0906024N0AAAIAI,5,0.7412000000000014
99,F84122,Topiramate_Tab 200mg,040801050AAACAC,1,4.647999999999998
100,F84123,Aspirin Disper_Tab 75mg,0209000A0AAABAB,200,0.5599999999999966
101,F84123,Clonazepam_Tab 500mcg,0408010F0AAABAB,1,0.6327999999999987
102,F84123,Lansoprazole_Cap 30mg (E/C Gran),0103050L0AAAAAA,148,0.4774000000000056
103,F84123,Pyridox HCl_Tab 50mg,0906024N0AAAIAI,2,2.3940000000000006
104,F84647,Aspirin Disper_Tab 75mg,0209000A0AAABAB,66,0.18479999999999888
105,F84647,Lansoprazole_Cap 30mg (E/C Gran),0103050L0AAAAAA,98,0.3220000000000036
106,F84656,Aspirin Disper_Tab 75mg,0209000A0AAABAB,188,0.5263999999999969
107,F84656,Clonazepam_Tab 500mcg,0408010F0AAABAB,9,4.271399999999992
108,F84656,Lansoprazole_Cap 30mg (E/C Gran),0103050L0AAAAAA,106,0.352800000000004
109,F84676,Amiodarone HCl_Tab 200mg,0203020D0AAABAB,1,0.7000000000000006
110,F84676,Aspirin Disper_Tab 75mg,0209000A0AAABAB,120,0.33599999999999797
111,F84676,Lansoprazole_Cap 30mg (E/C Gran),0103050L0AAAAAA,72,0.23520000000000266
112,F84676,Pyridox HCl_Tab 50mg,0906024N0AAAIAI,6,1.4594000000000016
113,F84682,Amiodarone HCl_Tab 200mg,0203020D0AAABAB,4,0.3388
114,F84682,Aspirin Disper_Tab 75mg,0209000A0AAABAB,498,1.3943999999999916
115,F84682,Clonazepam_Tab 500mcg,0408010F0AAABAB,25,3.889699999999993
116,F84682,Lansoprazole_Cap 30mg (E/C Gran),0103050L0AAAAAA,369,1.1116000000000126
117,F84682,Pyridox HCl_Tab 50mg,0906024N0AAAIAI,3,1.1970000000000003
118,F84696,Aspirin Disper_Tab 75mg,0209000A0AAABAB,72,0.20159999999999878
119,F84696,Clonazepam_Tab 500mcg,0408010F0AAABAB,3,4.339199999999991
120,F84696,Lansoprazole_Cap 30mg (E/C Gran),0103050L0AAAAAA,67,0.24360000000000276
121,F84698,Aspirin Disper_Tab 75mg,0209000A0AAABAB,158,0.44239999999999735
122,F84698,Clonazepam_Tab 500mcg,0408010F0AAABAB,2,0.949199999999998
123,F84698,Lansoprazole_Cap 30mg (E/C Gran),0103050L0AAAAAA,121,0.35420000000000407
124,F84698,Pyridox HCl_Tab 50mg,0906024N0AAAIAI,4,0.2624000000000013
125,F84702,Amiodarone HCl_Tab 200mg,0203020D0AAABAB,1,0.3500000000000003
126,F84702,Clonazepam_Tab 500mcg,0408010F0AAABAB,2,2.350399999999995
127,F84702,Lansoprazole_Cap 30mg (E/C Gran),0103050L0AAAAAA,9,0.028000000000000316
128,F84710,Amiodarone HCl_Tab 200mg,0203020D0AAABAB,2,1.4000000000000012
129,F84710,Aspirin Disper_Tab 75mg,0209000A0AAABAB,154,0.43119999999999736
130,F84710,Clonazepam_Tab 500mcg,0408010F0AAABAB,9,0.4182999999999998
131,F84710,Lansoprazole_Cap 30mg (E/C Gran),0103050L0AAAAAA,256,0.8736000000000098
132,F84710,Pyridox HCl_Tab 50mg,0906024N0AAAIAI,4,0.4788000000000001
133,F84714,Amiodarone HCl_Tab 200mg,0203020D0AAABAB,4,0.3388
134,F84714,Aspirin Disper_Tab 75mg,0209000A0AAABAB,432,1.2095999999999927
135,F84714,Clonazepam_Tab 500mcg,0408010F0AAABAB,1,0.6779999999999986
136,F84714,Lansoprazole_Cap 30mg (E/C Gran),0103050L0AAAAAA,211,0.7196000000000082
137,F84714,Pyridox HCl_Tab 50mg,0906024N0AAAIAI,3,1.4364000000000003
138,F84714,Risperidone_Tab 6mg,040201030AAAFAF,1,29.2096
139,F84718,Amiodarone HCl_Tab 200mg,0203020D0AAABAB,1,0.7000000000000006
140,F84718,Aspirin Disper_Tab 75mg,0209000A0AAABAB,658,1.842399999999989
141,F84718,Buprenorphine_Tab Subling 400mcg S/F,0410030A0AAACAC,4,4.5696
142,F84718,Clonazepam_Tab 500mcg,0408010F0AAABAB,12,1.171199999999998
143,F84718,Lansoprazole_Cap 30mg (E/C Gran),0103050L0AAAAAA,294,0.9128000000000103
144,F84718,Risperidone_Tab 6mg,040201030AAAFAF,1,29.2096
145,F84731,Clonazepam_Tab 500mcg,0408010F0AAABAB,1,0.6327999999999987
146,F84731,Lansoprazole_Cap 30mg (E/C Gran),0103050L0AAAAAA,9,0.025900000000000353
147,F84731,Valsartan_Tab 40mg,0205052V0AAADAD,1,11.508000000000001
148,F84733,Aspirin Disper_Tab 75mg,0209000A0AAABAB,50,0.14039999999999914
149,F84733,Lansoprazole_Cap 30mg (E/C Gran),0103050L0AAAAAA,34,0.12600000000000144
150,F84744,Lansoprazole_Cap 30mg (E/C Gran),0103050L0AAAAAA,3,0.01680000000000019
151,F84747,Aspirin Disper_Tab 75mg,0209000A0AAABAB,268,0.7503999999999955
152,F84747,Clonazepam_Tab 500mcg,0408010F0AAABAB,18,1.9888999999999961
153,F84747,Lansoprazole_Cap 30mg (E/C Gran),0103050L0AAAAAA,249,0.795200000000009
154,F84747,Pyridox HCl_Tab 50mg,0906024N0AAAIAI,5,1.6988000000000016
155,Y00212,Aspirin Disper_Tab 75mg,0209000A0AAABAB,212,0.5935999999999964
156,Y00212,Clonazepam_Tab 500mcg,0408010F0AAABAB,8,1.7926999999999964
157,Y00212,Lansoprazole_Cap 30mg (E/C Gran),0103050L0AAAAAA,105,0.3276000000000037
158,Y03023,Amiodarone HCl_Tab 200mg,0203020D0AAABAB,2,1.4000000000000012
159,Y03023,Aspirin Disper_Tab 75mg,0209000A0AAABAB,168,0.47039999999999715
160,Y03023,Clonazepam_Tab 500mcg,0408010F0AAABAB,17,2.372999999999995
161,Y03023,Lansoprazole_Cap 30mg (E/C Gran),0103050L0AAAAAA,126,0.3794000000000043
162,Y03023,Pyridox HCl_Tab 50mg,0906024N0AAAIAI,1,0.4788000000000001
163,Y03023,Risperidone_Tab 6mg,040201030AAAFAF,4,29.232
164,Y03047,Lansoprazole_Cap 30mg (E/C Gran),0103050L0AAAAAA,1,0.005600000000000063
165,Y03086,Aspirin Disper_Tab 75mg,0209000A0AAABAB,8,0.022399999999999864
166,Y06160,Lansoprazole_Cap 30mg (E/C Gran),0103050L0AAAAAA,4,-0.003799999999999956
