,practice_code,bnf_description,bnf_code,items,excess_cost
168,C84010,Hydrocort_Tab 10mg,0603020J0AAADAD,2,104.12639999999999
149,C84055,Paracet_Tab Solb 500mg,0407010H0AAAQAQ,2,82.2976
148,C84055,Paracet_Tab Solb 500mg,0407010H0AAAQAQ,2,82.2976
1,C84696,Paracet_Tab 500mg,0407010H0AAAMAM,22,70.40000000000002
0,C84696,Paracet_Tab 500mg,0407010H0AAAMAM,22,70.40000000000002
3,C84696,Paracet_Tab 500mg,0407010H0AAAMAM,22,67.5136
2,C84696,Paracet_Tab 500mg,0407010H0AAAMAM,22,67.5136
290,C84131,Memantine HCl_Tab 20mg,0411000G0AAADAD,7,63.895999999999994
288,C84055,Risperidone_Tab 6mg,040201030AAAFAF,1,58.4192
293,C84696,Pregabalin_Cap 75mg,0408010AEAAACAC,3,56.7336
169,C84010,Hydrocort_Tab 10mg,0603020J0AAADAD,2,52.063199999999995
291,C84047,Mesalazine_Tab E/C 800mg,0105010B0AAASAS,2,45.91999999999999
267,C84033,Atorvastatin_Tab 20mg,0212000B0AAABAB,86,45.27040000000002
275,C84055,Carbocisteine_Cap 375mg,0307000J0AAAAAA,1,42.767199999999995
5,C84709,Paracet_Tab 500mg,0407010H0AAAMAM,56,41.44000000000002
4,C84709,Paracet_Tab 500mg,0407010H0AAAMAM,56,41.44000000000002
7,C84696,Paracet_Tab 500mg,0407010H0AAAMAM,40,40.400000000000006
6,C84696,Paracet_Tab 500mg,0407010H0AAAMAM,40,40.400000000000006
8,C84133,Paracet_Tab 500mg,0407010H0AAAMAM,40,40.00000000000001
9,C84133,Paracet_Tab 500mg,0407010H0AAAMAM,40,40.00000000000001
268,C84646,Atorvastatin_Tab 20mg,0212000B0AAABAB,217,23.088800000000028
269,C84055,Atorvastatin_Tab 20mg,0212000B0AAABAB,91,22.677200000000013
10,C84133,Paracet_Tab 500mg,0407010H0AAAMAM,21,22.57920000000001
11,C84133,Paracet_Tab 500mg,0407010H0AAAMAM,21,22.57920000000001
13,C84709,Paracet_Tab 500mg,0407010H0AAAMAM,30,20.832000000000015
12,C84709,Paracet_Tab 500mg,0407010H0AAAMAM,30,20.832000000000015
14,C84133,Paracet_Tab 500mg,0407010H0AAAMAM,88,20.24
15,C84133,Paracet_Tab 500mg,0407010H0AAAMAM,88,20.24
17,C84150,Paracet_Tab 500mg,0407010H0AAAMAM,18,20.160000000000004
16,C84150,Paracet_Tab 500mg,0407010H0AAAMAM,18,20.160000000000004
276,C84131,Carbocisteine_Cap 375mg,0307000J0AAAAAA,6,16.934399999999997
19,C84033,Paracet_Tab 500mg,0407010H0AAAMAM,67,15.008000000000013
18,C84033,Paracet_Tab 500mg,0407010H0AAAMAM,67,15.008000000000013
289,C84133,Risperidone_Tab 6mg,040201030AAAFAF,1,14.6048
277,C84131,Carbocisteine_Cap 375mg,0307000J0AAAAAA,4,13.056000000000001
20,C84066,Paracet_Tab 500mg,0407010H0AAAMAM,106,12.719999999999997
21,C84066,Paracet_Tab 500mg,0407010H0AAAMAM,106,12.719999999999997
23,C84095,Paracet_Tab 500mg,0407010H0AAAMAM,56,12.544000000000011
22,C84095,Paracet_Tab 500mg,0407010H0AAAMAM,56,12.544000000000011
292,C84047,Mesalazine_Tab E/C 800mg,0105010B0AAASAS,4,11.479999999999997
24,C84115,Paracet_Tab 500mg,0407010H0AAAMAM,16,11.468800000000005
25,C84115,Paracet_Tab 500mg,0407010H0AAAMAM,16,11.468800000000005
26,C84010,Paracet_Tab 500mg,0407010H0AAAMAM,13,11.356800000000002
27,C84010,Paracet_Tab 500mg,0407010H0AAAMAM,13,11.356800000000002
28,C84066,Paracet_Tab 500mg,0407010H0AAAMAM,87,10.439999999999998
29,C84066,Paracet_Tab 500mg,0407010H0AAAMAM,87,10.439999999999998
30,C84115,Paracet_Tab 500mg,0407010H0AAAMAM,36,10.080000000000014
31,C84115,Paracet_Tab 500mg,0407010H0AAAMAM,36,10.080000000000014
32,C84055,Paracet_Tab 500mg,0407010H0AAAMAM,85,7.61600000000002
33,C84055,Paracet_Tab 500mg,0407010H0AAAMAM,85,7.61600000000002
170,C84010,Hydrocort_Tab 10mg,0603020J0AAADAD,2,6.947999999999994
34,C84033,Paracet_Tab 500mg,0407010H0AAAMAM,72,6.480000000000011
35,C84033,Paracet_Tab 500mg,0407010H0AAAMAM,72,6.480000000000011
36,C84150,Paracet_Tab 500mg,0407010H0AAAMAM,1,5.96
37,C84150,Paracet_Tab 500mg,0407010H0AAAMAM,1,5.96
38,C84696,Paracet_Tab 500mg,0407010H0AAAMAM,7,5.644800000000001
39,C84696,Paracet_Tab 500mg,0407010H0AAAMAM,7,5.644800000000001
176,C84124,Clonazepam_Tab 500mcg,0408010F0AAABAB,2,5.06239999999999
178,C84667,Clonazepam_Tab 500mcg,0408010F0AAABAB,2,5.06239999999999
177,C84696,Clonazepam_Tab 500mcg,0408010F0AAABAB,2,5.06239999999999
175,C84053,Clonazepam_Tab 500mcg,0408010F0AAABAB,8,5.06239999999999
40,C84613,Paracet_Tab 500mg,0407010H0AAAMAM,23,5.060000000000001
41,C84613,Paracet_Tab 500mg,0407010H0AAAMAM,23,5.060000000000001
179,C84053,Clonazepam_Tab 500mcg,0408010F0AAABAB,5,4.74599999999999
43,C84055,Paracet_Tab 500mg,0407010H0AAAMAM,111,4.440000000000012
42,C84055,Paracet_Tab 500mg,0407010H0AAAMAM,111,4.440000000000012
180,C84066,Clonazepam_Tab 500mcg,0408010F0AAABAB,7,4.429599999999991
45,C84709,Paracet_Tab 500mg,0407010H0AAAMAM,83,4.150000000000004
44,C84709,Paracet_Tab 500mg,0407010H0AAAMAM,83,4.150000000000004
181,C84026,Clonazepam_Tab 500mcg,0408010F0AAABAB,4,3.8975999999999935
182,C84053,Clonazepam_Tab 500mcg,0408010F0AAABAB,2,3.796799999999992
47,C84613,Paracet_Tab 500mg,0407010H0AAAMAM,1,3.2192
46,C84613,Paracet_Tab 500mg,0407010H0AAAMAM,1,3.2192
48,C84033,Paracet_Tab 500mg,0407010H0AAAMAM,40,3.200000000000008
49,C84033,Paracet_Tab 500mg,0407010H0AAAMAM,40,3.200000000000008
50,C84026,Paracet_Tab 500mg,0407010H0AAAMAM,142,3.180799999999981
51,C84026,Paracet_Tab 500mg,0407010H0AAAMAM,142,3.180799999999981
183,C84053,Clonazepam_Tab 500mcg,0408010F0AAABAB,2,2.531199999999995
53,C84115,Paracet_Tab 500mg,0407010H0AAAMAM,42,2.519999999999999
52,C84115,Paracet_Tab 500mg,0407010H0AAAMAM,42,2.519999999999999
184,C84124,Clonazepam_Tab 500mcg,0408010F0AAABAB,1,2.2599999999999953
185,C84033,Clonazepam_Tab 500mcg,0408010F0AAABAB,2,2.2599999999999953
186,C84053,Clonazepam_Tab 500mcg,0408010F0AAABAB,7,2.2147999999999954
187,C84709,Clonazepam_Tab 500mcg,0408010F0AAABAB,1,2.2147999999999954
190,C84026,Clonazepam_Tab 500mcg,0408010F0AAABAB,1,2.033999999999996
188,C84033,Clonazepam_Tab 500mcg,0408010F0AAABAB,1,2.033999999999996
189,C84124,Clonazepam_Tab 500mcg,0408010F0AAABAB,1,2.033999999999996
198,C84053,Clonazepam_Tab 500mcg,0408010F0AAABAB,4,1.898399999999996
191,C84033,Clonazepam_Tab 500mcg,0408010F0AAABAB,1,1.898399999999996
192,C84010,Clonazepam_Tab 500mcg,0408010F0AAABAB,1,1.898399999999996
193,C84124,Clonazepam_Tab 500mcg,0408010F0AAABAB,3,1.898399999999996
194,C84095,Clonazepam_Tab 500mcg,0408010F0AAABAB,6,1.898399999999996
195,C84026,Clonazepam_Tab 500mcg,0408010F0AAABAB,2,1.898399999999996
196,C84047,Clonazepam_Tab 500mcg,0408010F0AAABAB,3,1.898399999999996
197,C84709,Clonazepam_Tab 500mcg,0408010F0AAABAB,3,1.898399999999996
199,C84667,Clonazepam_Tab 500mcg,0408010F0AAABAB,1,1.898399999999996
200,C84026,Clonazepam_Tab 500mcg,0408010F0AAABAB,1,1.898399999999996
201,C84131,Clonazepam_Tab 500mcg,0408010F0AAABAB,1,1.898399999999996
202,C84095,Clonazepam_Tab 500mcg,0408010F0AAABAB,1,1.898399999999996
203,C84026,Clonazepam_Tab 500mcg,0408010F0AAABAB,1,1.6949999999999965
54,C84053,Paracet_Tab 500mg,0407010H0AAAMAM,4,1.6128
55,C84053,Paracet_Tab 500mg,0407010H0AAAMAM,4,1.6128
205,C84124,Clonazepam_Tab 500mcg,0408010F0AAABAB,5,1.5819999999999967
204,C84055,Clonazepam_Tab 500mcg,0408010F0AAABAB,1,1.5819999999999967
206,C84047,Clonazepam_Tab 500mcg,0408010F0AAABAB,10,1.5819999999999967
278,C84010,Carbocisteine_Cap 375mg,0307000J0AAAAAA,10,1.5600000000000032
279,C84124,Carbocisteine_Cap 375mg,0307000J0AAAAAA,13,1.5600000000000014
207,C84026,Clonazepam_Tab 500mcg,0408010F0AAABAB,1,1.4951999999999985
56,C84026,Paracet_Tab 500mg,0407010H0AAAMAM,1,1.3908
57,C84026,Paracet_Tab 500mg,0407010H0AAAMAM,1,1.3908
208,C84033,Clonazepam_Tab 500mcg,0408010F0AAABAB,1,1.3559999999999972
209,C84047,Clonazepam_Tab 500mcg,0408010F0AAABAB,2,1.3559999999999972
218,C84026,Clonazepam_Tab 500mcg,0408010F0AAABAB,1,1.2655999999999974
219,C84010,Clonazepam_Tab 500mcg,0408010F0AAABAB,1,1.2655999999999974
215,C84095,Clonazepam_Tab 500mcg,0408010F0AAABAB,1,1.2655999999999974
217,C84066,Clonazepam_Tab 500mcg,0408010F0AAABAB,1,1.2655999999999974
216,C84131,Clonazepam_Tab 500mcg,0408010F0AAABAB,1,1.2655999999999974
213,C84055,Clonazepam_Tab 500mcg,0408010F0AAABAB,1,1.2655999999999974
212,Y00026,Clonazepam_Tab 500mcg,0408010F0AAABAB,2,1.2655999999999974
211,C84026,Clonazepam_Tab 500mcg,0408010F0AAABAB,4,1.2655999999999974
210,C84696,Clonazepam_Tab 500mcg,0408010F0AAABAB,1,1.2655999999999974
214,C84133,Clonazepam_Tab 500mcg,0408010F0AAABAB,1,1.2655999999999974
220,C84613,Clonazepam_Tab 500mcg,0408010F0AAABAB,1,1.1299999999999977
280,C84115,Carbocisteine_Cap 375mg,0307000J0AAAAAA,4,1.0919999999999999
221,C84026,Clonazepam_Tab 500mcg,0408010F0AAABAB,1,1.016999999999998
222,C84047,Clonazepam_Tab 500mcg,0408010F0AAABAB,1,1.016999999999998
223,C84131,Clonazepam_Tab 500mcg,0408010F0AAABAB,1,0.996799999999999
225,C84010,Clonazepam_Tab 500mcg,0408010F0AAABAB,1,0.949199999999998
226,C84115,Clonazepam_Tab 500mcg,0408010F0AAABAB,3,0.949199999999998
227,C84709,Clonazepam_Tab 500mcg,0408010F0AAABAB,1,0.949199999999998
228,C84047,Clonazepam_Tab 500mcg,0408010F0AAABAB,1,0.949199999999998
229,C84646,Clonazepam_Tab 500mcg,0408010F0AAABAB,1,0.949199999999998
224,C84709,Clonazepam_Tab 500mcg,0408010F0AAABAB,3,0.949199999999998
58,C84095,Paracet_Tab 500mg,0407010H0AAAMAM,90,0.8999999999999946
59,C84095,Paracet_Tab 500mg,0407010H0AAAMAM,90,0.8999999999999946
230,Y00026,Clonazepam_Tab 500mcg,0408010F0AAABAB,5,0.7909999999999984
60,C84095,Paracet_Tab 500mg,0407010H0AAAMAM,37,0.7399999999999956
61,C84095,Paracet_Tab 500mg,0407010H0AAAMAM,37,0.7399999999999956
231,C84033,Clonazepam_Tab 500mcg,0408010F0AAABAB,1,0.6779999999999986
234,C84053,Clonazepam_Tab 500mcg,0408010F0AAABAB,1,0.6779999999999986
233,C84055,Clonazepam_Tab 500mcg,0408010F0AAABAB,1,0.6779999999999986
232,C84709,Clonazepam_Tab 500mcg,0408010F0AAABAB,1,0.6779999999999986
235,C84150,Clonazepam_Tab 500mcg,0408010F0AAABAB,1,0.6779999999999986
246,C84133,Clonazepam_Tab 500mcg,0408010F0AAABAB,1,0.6327999999999987
245,C84047,Clonazepam_Tab 500mcg,0408010F0AAABAB,2,0.6327999999999987
244,C84095,Clonazepam_Tab 500mcg,0408010F0AAABAB,1,0.6327999999999987
243,C84646,Clonazepam_Tab 500mcg,0408010F0AAABAB,1,0.6327999999999987
242,C84150,Clonazepam_Tab 500mcg,0408010F0AAABAB,2,0.6327999999999987
241,C84033,Clonazepam_Tab 500mcg,0408010F0AAABAB,1,0.6327999999999987
240,C84646,Clonazepam_Tab 500mcg,0408010F0AAABAB,2,0.6327999999999987
239,C84667,Clonazepam_Tab 500mcg,0408010F0AAABAB,2,0.6327999999999987
238,Y03947,Clonazepam_Tab 500mcg,0408010F0AAABAB,2,0.6327999999999987
237,C84613,Clonazepam_Tab 500mcg,0408010F0AAABAB,1,0.6327999999999987
236,C84010,Clonazepam_Tab 500mcg,0408010F0AAABAB,1,0.6327999999999987
247,Y00026,Clonazepam_Tab 500mcg,0408010F0AAABAB,6,0.474599999999999
248,C84010,Clonazepam_Tab 500mcg,0408010F0AAABAB,1,0.474599999999999
249,C84150,Clonazepam_Tab 500mcg,0408010F0AAABAB,1,0.474599999999999
63,C84667,Paracet_Tab 500mg,0407010H0AAAMAM,20,0.3999999999999976
62,C84667,Paracet_Tab 500mg,0407010H0AAAMAM,20,0.3999999999999976
252,C84124,Clonazepam_Tab 500mcg,0408010F0AAABAB,1,0.3389999999999993
251,C84033,Clonazepam_Tab 500mcg,0408010F0AAABAB,1,0.3389999999999993
253,C84053,Clonazepam_Tab 500mcg,0408010F0AAABAB,1,0.3389999999999993
250,C84131,Clonazepam_Tab 500mcg,0408010F0AAABAB,1,0.3389999999999993
254,C84133,Clonazepam_Tab 500mcg,0408010F0AAABAB,1,0.3389999999999993
256,C84696,Clonazepam_Tab 500mcg,0408010F0AAABAB,2,0.31639999999999935
257,Y00026,Clonazepam_Tab 500mcg,0408010F0AAABAB,1,0.31639999999999935
258,C84066,Clonazepam_Tab 500mcg,0408010F0AAABAB,1,0.31639999999999935
255,C84010,Clonazepam_Tab 500mcg,0408010F0AAABAB,1,0.31639999999999935
64,C84010,Paracet_Tab 500mg,0407010H0AAAMAM,1,0.26879999999999993
65,C84010,Paracet_Tab 500mg,0407010H0AAAMAM,1,0.26879999999999993
259,C84033,Clonazepam_Tab 500mcg,0408010F0AAABAB,1,0.22199999999999998
66,C84115,Paracet_Tab 500mg,0407010H0AAAMAM,3,0.18000000000000205
67,C84115,Paracet_Tab 500mg,0407010H0AAAMAM,3,0.18000000000000205
69,C84667,Paracet_Tab 500mg,0407010H0AAAMAM,3,0.18000000000000047
68,C84667,Paracet_Tab 500mg,0407010H0AAAMAM,3,0.18000000000000047
261,C84010,Clonazepam_Tab 500mcg,0408010F0AAABAB,1,0.15819999999999967
262,C84709,Clonazepam_Tab 500mcg,0408010F0AAABAB,2,0.15819999999999967
263,C84646,Clonazepam_Tab 500mcg,0408010F0AAABAB,1,0.15819999999999967
260,C84124,Clonazepam_Tab 500mcg,0408010F0AAABAB,1,0.15819999999999967
264,C84026,Clonazepam_Tab 500mcg,0408010F0AAABAB,1,0.1367999999999996
70,C84010,Paracet_Tab 500mg,0407010H0AAAMAM,2,0.10080000000000056
71,C84010,Paracet_Tab 500mg,0407010H0AAAMAM,2,0.10080000000000056
72,C84053,Paracet_Tab 500mg,0407010H0AAAMAM,6,0.10079999999999939
73,C84053,Paracet_Tab 500mg,0407010H0AAAMAM,6,0.10079999999999939
265,C84646,Clonazepam_Tab 500mcg,0408010F0AAABAB,1,0.09439999999999982
77,C84124,Paracet_Tab 500mg,0407010H0AAAMAM,15,0.08399999999999949
74,C84095,Paracet_Tab 500mg,0407010H0AAAMAM,5,0.08399999999999949
75,C84124,Paracet_Tab 500mg,0407010H0AAAMAM,15,0.08399999999999949
76,C84095,Paracet_Tab 500mg,0407010H0AAAMAM,5,0.08399999999999949
79,C84115,Paracet_Tab 500mg,0407010H0AAAMAM,1,0.07799999999999999
78,C84115,Paracet_Tab 500mg,0407010H0AAAMAM,1,0.07799999999999999
81,C84131,Paracet_Tab 500mg,0407010H0AAAMAM,6,0.0671999999999996
80,C84131,Paracet_Tab 500mg,0407010H0AAAMAM,6,0.0671999999999996
266,C84047,Clonazepam_Tab 500mcg,0408010F0AAABAB,1,0.057999999999999996
83,C84053,Paracet_Tab 500mg,0407010H0AAAMAM,8,0.05119999999999969
82,C84053,Paracet_Tab 500mg,0407010H0AAAMAM,8,0.05119999999999969
85,Y00026,Paracet_Tab 500mg,0407010H0AAAMAM,1,0.04159999999999997
84,Y00026,Paracet_Tab 500mg,0407010H0AAAMAM,1,0.04159999999999997
86,C84095,Paracet_Tab 500mg,0407010H0AAAMAM,2,0.03840000000000021
87,C84095,Paracet_Tab 500mg,0407010H0AAAMAM,2,0.03840000000000021
294,C84124,Pregabalin_Cap 75mg,0408010AEAAACAC,6,0.0335999999999998
88,C84026,Paracet_Tab 500mg,0407010H0AAAMAM,9,0.025199999999999848
89,C84026,Paracet_Tab 500mg,0407010H0AAAMAM,9,0.025199999999999848
91,C84124,Paracet_Tab 500mg,0407010H0AAAMAM,4,0.023999999999999855
90,C84124,Paracet_Tab 500mg,0407010H0AAAMAM,4,0.023999999999999855
281,C84053,Carbocisteine_Cap 375mg,0307000J0AAAAAA,4,0.02240000000000064
93,C84053,Paracet_Tab 500mg,0407010H0AAAMAM,3,0.01799999999999989
92,C84053,Paracet_Tab 500mg,0407010H0AAAMAM,3,0.01799999999999989
295,C84010,Pregabalin_Cap 75mg,0408010AEAAACAC,3,0.0167999999999999
95,C84033,Paracet_Tab 500mg,0407010H0AAAMAM,5,0.013999999999999915
94,C84033,Paracet_Tab 500mg,0407010H0AAAMAM,5,0.013999999999999915
98,C84095,Paracet_Tab 500mg,0407010H0AAAMAM,2,0.011999999999999927
99,C84055,Paracet_Tab 500mg,0407010H0AAAMAM,2,0.011999999999999927
96,C84095,Paracet_Tab 500mg,0407010H0AAAMAM,2,0.011999999999999927
97,C84055,Paracet_Tab 500mg,0407010H0AAAMAM,2,0.011999999999999927
296,C84010,Pregabalin_Cap 75mg,0408010AEAAACAC,2,0.011999999999998678
282,C84047,Carbocisteine_Cap 375mg,0307000J0AAAAAA,2,0.01120000000000032
101,C84124,Paracet_Tab 500mg,0407010H0AAAMAM,2,0.00839999999999995
102,C84124,Paracet_Tab 500mg,0407010H0AAAMAM,2,0.00839999999999995
103,C84115,Paracet_Tab 500mg,0407010H0AAAMAM,3,0.00839999999999995
100,C84115,Paracet_Tab 500mg,0407010H0AAAMAM,3,0.00839999999999995
297,C84667,Pregabalin_Cap 75mg,0408010AEAAACAC,1,0.008399999999999658
151,C84010,Paracet_Tab Solb 500mg,0407010H0AAAQAQ,1,0.006000000000000172
150,C84010,Paracet_Tab Solb 500mg,0407010H0AAAQAQ,1,0.006000000000000172
270,C84033,Atorvastatin_Tab 20mg,0212000B0AAABAB,1,0.006000000000000172
107,C84010,Paracet_Tab 500mg,0407010H0AAAMAM,1,0.005999999999999964
105,C84010,Paracet_Tab 500mg,0407010H0AAAMAM,1,0.005999999999999964
104,C84047,Paracet_Tab 500mg,0407010H0AAAMAM,1,0.005999999999999964
106,C84047,Paracet_Tab 500mg,0407010H0AAAMAM,1,0.005999999999999964
283,C84131,Carbocisteine_Cap 375mg,0307000J0AAAAAA,1,0.00560000000000016
284,C84124,Carbocisteine_Cap 375mg,0307000J0AAAAAA,1,0.00560000000000016
285,C84709,Carbocisteine_Cap 375mg,0307000J0AAAAAA,1,0.00560000000000016
271,C84667,Atorvastatin_Tab 20mg,0212000B0AAABAB,1,0.00540000000000003
109,C84033,Paracet_Tab 500mg,0407010H0AAAMAM,1,0.004800000000000054
108,C84033,Paracet_Tab 500mg,0407010H0AAAMAM,1,0.004800000000000054
171,C84667,Hydrocort_Tab 10mg,0603020J0AAADAD,1,0.004499999999999504
111,C84053,Paracet_Tab 500mg,0407010H0AAAMAM,1,0.002999999999999982
110,C84053,Paracet_Tab 500mg,0407010H0AAAMAM,1,0.002999999999999982
112,C84709,Paracet_Tab 500mg,0407010H0AAAMAM,1,0.002799999999999983
113,C84709,Paracet_Tab 500mg,0407010H0AAAMAM,1,0.002799999999999983
272,C84053,Atorvastatin_Tab 20mg,0212000B0AAABAB,1,-0.0007999999999999674
273,C84033,Atorvastatin_Tab 20mg,0212000B0AAABAB,1,-0.0015999999999999348
286,C84026,Carbocisteine_Cap 375mg,0307000J0AAAAAA,1,-0.00280000000000008
154,C84033,Paracet_Tab Solb 500mg,0407010H0AAAQAQ,1,-0.0031999999999996476
155,C84066,Paracet_Tab Solb 500mg,0407010H0AAAQAQ,1,-0.0031999999999996476
153,C84066,Paracet_Tab Solb 500mg,0407010H0AAAQAQ,1,-0.0031999999999996476
152,C84033,Paracet_Tab Solb 500mg,0407010H0AAAQAQ,1,-0.0031999999999996476
274,C84709,Atorvastatin_Tab 20mg,0212000B0AAABAB,1,-0.005199999999999788
156,C84124,Paracet_Tab Solb 500mg,0407010H0AAAQAQ,1,-0.005999999999999339
160,C84047,Paracet_Tab Solb 500mg,0407010H0AAAQAQ,1,-0.005999999999999339
162,C84131,Paracet_Tab Solb 500mg,0407010H0AAAQAQ,1,-0.005999999999999339
161,C84124,Paracet_Tab Solb 500mg,0407010H0AAAQAQ,1,-0.005999999999999339
165,C84131,Paracet_Tab Solb 500mg,0407010H0AAAQAQ,1,-0.005999999999999339
159,C84667,Paracet_Tab Solb 500mg,0407010H0AAAQAQ,1,-0.005999999999999339
163,C84026,Paracet_Tab Solb 500mg,0407010H0AAAQAQ,1,-0.005999999999999339
158,C84026,Paracet_Tab Solb 500mg,0407010H0AAAQAQ,1,-0.005999999999999339
157,C84047,Paracet_Tab Solb 500mg,0407010H0AAAQAQ,1,-0.005999999999999339
164,C84667,Paracet_Tab Solb 500mg,0407010H0AAAQAQ,1,-0.005999999999999339
172,C84150,Hydrocort_Tab 10mg,0603020J0AAADAD,1,-0.011199999999998766
114,C84066,Paracet_Tab 500mg,0407010H0AAAMAM,2,-0.011199999999999932
115,C84066,Paracet_Tab 500mg,0407010H0AAAMAM,2,-0.011199999999999932
166,C84053,Paracet_Tab Solb 500mg,0407010H0AAAQAQ,2,-0.011999999999998678
167,C84053,Paracet_Tab Solb 500mg,0407010H0AAAQAQ,2,-0.011999999999998678
173,C84095,Hydrocort_Tab 10mg,0603020J0AAADAD,1,-0.013999999999998458
116,C84010,Paracet_Tab 500mg,0407010H0AAAMAM,3,-0.0167999999999999
117,C84010,Paracet_Tab 500mg,0407010H0AAAMAM,3,-0.0167999999999999
287,C84131,Carbocisteine_Cap 375mg,0307000J0AAAAAA,1,-0.020000000000000573
118,C84115,Paracet_Tab 500mg,0407010H0AAAMAM,4,-0.022399999999999864
119,C84115,Paracet_Tab 500mg,0407010H0AAAMAM,4,-0.022399999999999864
174,C84066,Hydrocort_Tab 10mg,0603020J0AAADAD,3,-0.0335999999999963
121,C84053,Paracet_Tab 500mg,0407010H0AAAMAM,6,-0.0335999999999998
123,C84053,Paracet_Tab 500mg,0407010H0AAAMAM,6,-0.0335999999999998
124,C84646,Paracet_Tab 500mg,0407010H0AAAMAM,6,-0.0335999999999998
125,C84646,Paracet_Tab 500mg,0407010H0AAAMAM,6,-0.0335999999999998
120,C84696,Paracet_Tab 500mg,0407010H0AAAMAM,6,-0.0335999999999998
122,C84696,Paracet_Tab 500mg,0407010H0AAAMAM,6,-0.0335999999999998
126,C84026,Paracet_Tab 500mg,0407010H0AAAMAM,7,-0.03919999999999976
127,C84026,Paracet_Tab 500mg,0407010H0AAAMAM,7,-0.03919999999999976
131,C84047,Paracet_Tab 500mg,0407010H0AAAMAM,9,-0.050399999999999695
130,C84047,Paracet_Tab 500mg,0407010H0AAAMAM,9,-0.050399999999999695
129,C84033,Paracet_Tab 500mg,0407010H0AAAMAM,9,-0.050399999999999695
128,C84033,Paracet_Tab 500mg,0407010H0AAAMAM,9,-0.050399999999999695
133,C84133,Paracet_Tab 500mg,0407010H0AAAMAM,20,-0.11199999999999932
132,C84133,Paracet_Tab 500mg,0407010H0AAAMAM,20,-0.11199999999999932
135,C84133,Paracet_Tab 500mg,0407010H0AAAMAM,2,-0.40959999999999996
134,C84133,Paracet_Tab 500mg,0407010H0AAAMAM,2,-0.40959999999999996
136,C84667,Paracet_Tab 500mg,0407010H0AAAMAM,40,-0.7999999999999952
137,C84667,Paracet_Tab 500mg,0407010H0AAAMAM,40,-0.7999999999999952
138,C84131,Paracet_Tab 500mg,0407010H0AAAMAM,29,-1.159999999999993
139,C84131,Paracet_Tab 500mg,0407010H0AAAMAM,29,-1.159999999999993
141,C84124,Paracet_Tab 500mg,0407010H0AAAMAM,120,-1.1999999999999926
140,C84124,Paracet_Tab 500mg,0407010H0AAAMAM,120,-1.1999999999999926
142,C84131,Paracet_Tab 500mg,0407010H0AAAMAM,86,-2.579999999999999
143,C84131,Paracet_Tab 500mg,0407010H0AAAMAM,86,-2.579999999999999
144,C84124,Paracet_Tab 500mg,0407010H0AAAMAM,128,-2.8671999999999827
145,C84124,Paracet_Tab 500mg,0407010H0AAAMAM,128,-2.8671999999999827
146,C84124,Paracet_Tab 500mg,0407010H0AAAMAM,83,-3.31999999999998
147,C84124,Paracet_Tab 500mg,0407010H0AAAMAM,83,-3.31999999999998
