,practice_code,bnf_description,bnf_code,items,excess_cost
0,J82006,Amiodarone HCl_Tab 200mg,0203020D0AAABAB,2,1.4000000000000012
1,J82006,Atorvastatin_Tab 10mg,0212000B0AAAAAA,3,0.006300000000000035
2,J82006,Clonazepam_Tab 500mcg,0408010F0AAABAB,8,5.991999999999988
3,J82006,Ferr Sulf_Tab 200mg,0901011P0AAACAC,6,0.02629999999999956
4,J82006,Methocarbamol_Tab 750mg,1002020S0AAABAB,4,0.13439999999999996
5,J82012,Amiodarone HCl_Tab 200mg,0203020D0AAABAB,11,1.727600000000001
6,J82012,Atorvastatin_Tab 10mg,0212000B0AAAAAA,8,0.016800000000000093
7,J82012,Clonazepam_Tab 500mcg,0408010F0AAABAB,1,0.31639999999999935
8,J82012,Methocarbamol_Tab 750mg,1002020S0AAABAB,1,0.7223999999999997
9,J82023,Amiodarone HCl_Tab 200mg,0203020D0AAABAB,3,1.7500000000000016
10,J82023,Atorvastatin_Tab 10mg,0212000B0AAAAAA,1,-0.002999999999999982
11,J82023,Atorvastatin_Tab 20mg,0212000B0AAABAB,1,0.006000000000000172
12,J82023,Clonazepam_Tab 500mcg,0408010F0AAABAB,6,5.559599999999989
13,J82023,Methocarbamol_Tab 750mg,1002020S0AAABAB,1,0.25200000000000056
14,J82026,Amiodarone HCl_Tab 200mg,0203020D0AAABAB,9,4.550000000000004
15,J82026,Clonazepam_Tab 500mcg,0408010F0AAABAB,13,16.452799999999964
16,J82026,Gemfibrozil_Tab 600mg,0212000Q0AAABAB,1,7.571199999999999
17,J82026,Methocarbamol_Tab 750mg,1002020S0AAABAB,8,3.432400000000003
18,J82026,Topiramate_Tab 200mg,040801050AAACAC,3,5.397799999999997
19,J82033,Amiodarone HCl_Tab 200mg,0203020D0AAABAB,4,1.4000000000000012
20,J82033,Clonazepam_Tab 500mcg,0408010F0AAABAB,11,6.124599999999988
21,J82033,Topiramate_Tab 200mg,040801050AAACAC,1,4.979999999999998
22,J82044,Amiodarone HCl_Tab 200mg,0203020D0AAABAB,2,1.4000000000000012
23,J82044,Clonazepam_Tab 500mcg,0408010F0AAABAB,1,0.6327999999999987
24,J82044,Ferr Sulf_Tab 200mg,0901011P0AAACAC,1,0.005599999999999966
25,J82044,Mesalazine_Tab E/C 800mg,0105010B0AAASAS,2,68.87999999999998
26,J82083,Amiodarone HCl_Tab 200mg,0203020D0AAABAB,20,8.388800000000007
27,J82083,Atorvastatin_Tab 10mg,0212000B0AAAAAA,16,0.033600000000000185
28,J82083,Atorvastatin_Tab 20mg,0212000B0AAABAB,3,0.0006000000000003919
29,J82083,Clonazepam_Tab 500mcg,0408010F0AAABAB,53,19.726999999999958
30,J82083,Ferr Sulf_Tab 200mg,0901011P0AAACAC,29,0.1007999999999991
31,J82083,Methocarbamol_Tab 750mg,1002020S0AAABAB,47,23.63990000000001
32,J82083,Topiramate_Tab 200mg,040801050AAACAC,1,2.3183999999999996
33,J82084,Amiodarone HCl_Tab 200mg,0203020D0AAABAB,4,1.4000000000000012
34,J82084,Clonazepam_Tab 500mcg,0408010F0AAABAB,5,1.6045999999999967
35,J82084,Methocarbamol_Tab 750mg,1002020S0AAABAB,2,0.8599999999999997
36,J82104,Amiodarone HCl_Tab 200mg,0203020D0AAABAB,2,1.050000000000001
37,J82104,Atorvastatin_Tab 10mg,0212000B0AAAAAA,1,0.004200000000000023
38,J82104,Clonazepam_Tab 500mcg,0408010F0AAABAB,11,6.127599999999987
39,J82104,Gemfibrozil_Tab 600mg,0212000Q0AAABAB,3,45.4272
40,J82133,Amiodarone HCl_Tab 200mg,0203020D0AAABAB,1,0.3500000000000003
41,J82133,Atorvastatin_Tab 10mg,0212000B0AAAAAA,6,0.01260000000000007
42,J82133,Clonazepam_Tab 500mcg,0408010F0AAABAB,7,2.0405999999999977
43,J82133,Methocarbamol_Tab 750mg,1002020S0AAABAB,2,0.7392000000000025
44,J82152,Amiodarone HCl_Tab 200mg,0203020D0AAABAB,1,0.3500000000000003
45,J82152,Atorvastatin_Tab 10mg,0212000B0AAAAAA,39,0.07380000000000048
46,J82152,Clonazepam_Tab 500mcg,0408010F0AAABAB,10,6.520099999999987
47,J82152,Ferr Sulf_Tab 200mg,0901011P0AAACAC,20,0.08679999999999947
48,J82152,Methocarbamol_Tab 750mg,1002020S0AAABAB,33,12.321000000000002
49,J82152,Topiramate_Tab 200mg,040801050AAACAC,2,4.979999999999998
50,J82154,Amiodarone HCl_Tab 200mg,0203020D0AAABAB,6,1.1888000000000007
51,J82154,Atorvastatin_Tab 10mg,0212000B0AAAAAA,16,0.033600000000000185
52,J82154,Atorvastatin_Tab 20mg,0212000B0AAABAB,2,0.010400000000000298
53,J82154,Clonazepam_Tab 500mcg,0408010F0AAABAB,29,13.309999999999976
54,J82154,Ferr Sulf_Tab 200mg,0901011P0AAACAC,9,0.050799999999999484
55,J82154,Methocarbamol_Tab 750mg,1002020S0AAABAB,4,0.9631999999999996
56,J82161,Amiodarone HCl_Tab 200mg,0203020D0AAABAB,1,0.7000000000000006
57,J82161,Atorvastatin_Tab 10mg,0212000B0AAAAAA,98,22.87530000000001
58,J82161,Atorvastatin_Tab 20mg,0212000B0AAABAB,184,90.67520000000002
59,J82161,Clonazepam_Tab 500mcg,0408010F0AAABAB,4,1.7401999999999964
60,J82161,Ferr Sulf_Tab 200mg,0901011P0AAACAC,9,42.243599999999994
61,J82161,Gemfibrozil_Tab 600mg,0212000Q0AAABAB,8,7.548800000000002
62,J82161,Methocarbamol_Tab 750mg,1002020S0AAABAB,1,0.4299999999999998
63,J82161,Propylthiouracil_Tab 50mg,0602020N0AAABAB,1,27.812399999999997
64,J82174,Amiodarone HCl_Tab 200mg,0203020D0AAABAB,5,2.8000000000000025
65,J82174,Atorvastatin_Tab 10mg,0212000B0AAAAAA,1,-0.005999999999999964
66,J82174,Clonazepam_Tab 500mcg,0408010F0AAABAB,10,6.513799999999986
67,J82174,Mesalazine_Tab E/C 800mg,0105010B0AAASAS,1,34.43999999999999
68,J82174,Methocarbamol_Tab 750mg,1002020S0AAABAB,12,3.2760000000000042
69,J82215,Amiodarone HCl_Tab 200mg,0203020D0AAABAB,6,3.581200000000004
70,J82215,Clonazepam_Tab 500mcg,0408010F0AAABAB,8,3.954999999999992
71,J82215,Methocarbamol_Tab 750mg,1002020S0AAABAB,1,0.36960000000000126
72,J82216,Amiodarone HCl_Tab 200mg,0203020D0AAABAB,4,2.450000000000002
73,J82216,Atorvastatin_Tab 20mg,0212000B0AAABAB,2,-0.0059999999999997555
74,J82216,Clonazepam_Tab 500mcg,0408010F0AAABAB,10,6.710399999999987
75,J82216,Topiramate_Tab 200mg,040801050AAACAC,2,4.979999999999998
76,J82648,Amiodarone HCl_Tab 200mg,0203020D0AAABAB,3,1.7500000000000016
77,J82648,Atorvastatin_Tab 10mg,0212000B0AAAAAA,13,0.005100000000000236
78,J82648,Clonazepam_Tab 500mcg,0408010F0AAABAB,9,2.7531999999999948
79,J82648,Methocarbamol_Tab 750mg,1002020S0AAABAB,2,0.8599999999999997
80,J82669,Amiodarone HCl_Tab 200mg,0203020D0AAABAB,2,1.050000000000001
81,J82669,Clonazepam_Tab 500mcg,0408010F0AAABAB,6,2.474699999999995
82,J82669,Ferr Sulf_Tab 200mg,0901011P0AAACAC,5,0.02799999999999983
83,J82669,Mesalazine_Tab E/C 800mg,0105010B0AAASAS,1,-24.599999999999994
84,J82669,Methocarbamol_Tab 750mg,1002020S0AAABAB,3,0.8304000000000019
85,Y05193,Methocarbamol_Tab 750mg,1002020S0AAABAB,4,1.0152000000000025
86,Y06009,Amiodarone HCl_Tab 200mg,0203020D0AAABAB,1,0.7000000000000006
87,Y06009,Clonazepam_Tab 500mcg,0408010F0AAABAB,1,3.1639999999999935
88,Y06009,Methocarbamol_Tab 750mg,1002020S0AAABAB,1,0.4299999999999998
