,practice_code,bnf_description,bnf_code,items,excess_cost
0,P88002,Clonazepam_Tab 500mcg,0408010F0AAABAB,5,2.2147999999999954
1,P88003,Amiodarone HCl_Tab 200mg,0203020D0AAABAB,5,2.450000000000002
2,P88003,Clonazepam_Tab 500mcg,0408010F0AAABAB,19,8.068199999999983
3,P88003,Gemfibrozil_Tab 600mg,0212000Q0AAABAB,1,7.571199999999999
4,P88003,Mesalazine_Tab E/C 800mg,0105010B0AAASAS,2,28.699999999999992
5,P88003,Risperidone_Tab 6mg,040201030AAAFAF,7,51.156
6,P88003,Topiramate_Cap 50mg,040801050AAAWAW,1,1.1983999999999986
7,P88005,Amiodarone HCl_Tab 200mg,0203020D0AAABAB,4,1.4000000000000012
8,P88005,Clonazepam_Tab 500mcg,0408010F0AAABAB,8,4.000199999999992
9,P88005,Mesalazine_Tab E/C 800mg,0105010B0AAASAS,1,34.43999999999999
10,P88005,Topiramate_Cap 50mg,040801050AAAWAW,2,2.567999999999997
11,P88006,Clonazepam_Tab 500mcg,0408010F0AAABAB,11,6.802599999999986
12,P88007,Amiodarone HCl_Tab 200mg,0203020D0AAABAB,1,0.7000000000000006
13,P88007,Clonazepam_Tab 500mcg,0408010F0AAABAB,11,3.796799999999992
14,P88007,Ephed HCl_Tab 15mg,0301012F0AAAAAA,1,13.229999999999997
15,P88008,Amiodarone HCl_Tab 200mg,0203020D0AAABAB,1,0.7000000000000006
16,P88008,Clonazepam_Tab 500mcg,0408010F0AAABAB,10,2.531199999999995
17,P88008,Gemfibrozil_Tab 600mg,0212000Q0AAABAB,1,8.111999999999998
18,P88008,Topiramate_Tab 200mg,040801050AAACAC,1,1.2449999999999994
19,P88009,Amiodarone HCl_Tab 200mg,0203020D0AAABAB,1,0.3500000000000003
20,P88009,Clonazepam_Tab 500mcg,0408010F0AAABAB,5,4.429599999999991
21,P88011,Amiodarone HCl_Tab 200mg,0203020D0AAABAB,3,1.050000000000001
22,P88011,Clonazepam_Tab 500mcg,0408010F0AAABAB,12,2.5627999999999953
23,P88012,Amiodarone HCl_Tab 200mg,0203020D0AAABAB,7,2.3541000000000016
24,P88012,Clonazepam_Tab 500mcg,0408010F0AAABAB,6,3.1639999999999935
25,P88013,Amiodarone HCl_Tab 200mg,0203020D0AAABAB,14,3.9235000000000033
26,P88013,Clonazepam_Tab 500mcg,0408010F0AAABAB,10,5.06239999999999
27,P88014,Amiodarone HCl_Tab 200mg,0203020D0AAABAB,1,0.3500000000000003
28,P88014,Mesalazine_Tab E/C 800mg,0105010B0AAASAS,1,-22.959999999999994
29,P88014,Topiramate_Tab 200mg,040801050AAACAC,1,2.3183999999999996
30,P88015,Amiodarone HCl_Tab 200mg,0203020D0AAABAB,2,1.050000000000001
31,P88015,Clonazepam_Tab 500mcg,0408010F0AAABAB,5,2.6102999999999947
32,P88015,Mesalazine_Tab E/C 800mg,0105010B0AAASAS,4,-62.319999999999986
33,P88016,Amiodarone HCl_Tab 200mg,0203020D0AAABAB,5,2.100000000000002
34,P88016,Clonazepam_Tab 500mcg,0408010F0AAABAB,10,3.4238999999999926
35,P88017,Amiodarone HCl_Tab 200mg,0203020D0AAABAB,1,0.7000000000000006
36,P88017,Clonazepam_Tab 500mcg,0408010F0AAABAB,4,2.2147999999999954
37,P88017,Topiramate_Tab 200mg,040801050AAACAC,1,2.489999999999999
38,P88018,Amiodarone HCl_Tab 200mg,0203020D0AAABAB,4,0.9541000000000006
39,P88018,Clonazepam_Tab 500mcg,0408010F0AAABAB,3,1.943599999999996
40,P88018,Mesalazine_Tab E/C 800mg,0105010B0AAASAS,2,-5.739999999999998
41,P88019,Clonazepam_Tab 500mcg,0408010F0AAABAB,3,2.2147999999999954
42,P88020,Amiodarone HCl_Tab 200mg,0203020D0AAABAB,4,1.7500000000000016
43,P88020,Clonazepam_Tab 500mcg,0408010F0AAABAB,10,4.497399999999991
44,P88020,Gemfibrozil_Tab 600mg,0212000Q0AAABAB,1,7.571199999999999
45,P88020,Mag Glycerophos_Tab Chble 97.2mg S/F,0905013G0AADEDE,1,70.839
46,P88020,Topiramate_Tab 200mg,040801050AAACAC,2,4.636799999999999
47,P88021,Amiodarone HCl_Tab 200mg,0203020D0AAABAB,1,0.3500000000000003
48,P88021,Clonazepam_Tab 500mcg,0408010F0AAABAB,4,2.531199999999995
49,P88021,Mesalazine_Tab E/C 800mg,0105010B0AAASAS,1,-22.959999999999994
50,P88023,Amiodarone HCl_Tab 200mg,0203020D0AAABAB,6,1.4700000000000017
51,P88023,Clonazepam_Tab 500mcg,0408010F0AAABAB,1,0.31639999999999935
52,P88023,Mesalazine_Tab E/C 800mg,0105010B0AAASAS,1,68.87999999999998
53,P88024,Amiodarone HCl_Tab 200mg,0203020D0AAABAB,1,0.7000000000000006
54,P88024,Clonazepam_Tab 500mcg,0408010F0AAABAB,3,1.898399999999996
55,P88025,Amiodarone HCl_Tab 200mg,0203020D0AAABAB,1,0.3500000000000003
56,P88025,Clonazepam_Tab 500mcg,0408010F0AAABAB,8,5.06239999999999
57,P88025,Mesalazine_Tab E/C 800mg,0105010B0AAASAS,2,45.91999999999999
58,P88025,Topiramate_Tab 200mg,040801050AAACAC,2,7.137999999999996
59,P88026,Amiodarone HCl_Tab 200mg,0203020D0AAABAB,18,3.9123000000000028
60,P88026,Clonazepam_Tab 500mcg,0408010F0AAABAB,10,4.587799999999991
61,P88026,Ephed HCl_Tab 30mg,0301012F0AAABAB,1,7.795199999999987
62,P88026,Mesalazine_Tab E/C 800mg,0105010B0AAASAS,1,34.43999999999999
63,P88026,Topiramate_Cap 50mg,040801050AAAWAW,1,3.5951999999999957
64,P88026,Topiramate_Tab 200mg,040801050AAACAC,4,9.273599999999998
65,P88031,Amiodarone HCl_Tab 200mg,0203020D0AAABAB,2,0.7000000000000006
66,P88031,Mag Glycerophos_Tab Chble 97.2mg S/F,0905013G0AADEDE,4,-0.2849000000000059
67,P88034,Clonazepam_Tab 500mcg,0408010F0AAABAB,11,5.06239999999999
68,P88034,Ephed HCl_Tab 30mg,0301012F0AAABAB,1,23.38559999999996
69,P88041,Amiodarone HCl_Tab 200mg,0203020D0AAABAB,1,0.7000000000000006
70,P88041,Mesalazine_Tab E/C 800mg,0105010B0AAASAS,1,22.959999999999994
71,P88042,Amiodarone HCl_Tab 200mg,0203020D0AAABAB,8,1.473500000000001
72,P88042,Clonazepam_Tab 500mcg,0408010F0AAABAB,12,5.740399999999989
73,P88042,Topiramate_Cap 50mg,040801050AAAWAW,1,4.793599999999994
74,P88043,Amiodarone HCl_Tab 200mg,0203020D0AAABAB,2,0.7000000000000006
75,P88043,Clonazepam_Tab 500mcg,0408010F0AAABAB,11,4.034099999999992
76,P88043,Topiramate_Cap 50mg,040801050AAAWAW,1,1.1983999999999986
77,P88044,Clonazepam_Tab 500mcg,0408010F0AAABAB,4,2.531199999999995
78,P88606,Amiodarone HCl_Tab 200mg,0203020D0AAABAB,2,2.100000000000002
79,P88606,Clonazepam_Tab 500mcg,0408010F0AAABAB,2,0.6327999999999987
80,P88606,Topiramate_Cap 50mg,040801050AAAWAW,3,20.458399999999976
81,P88606,Topiramate_Tab 200mg,040801050AAACAC,1,2.489999999999999
82,P88607,Amiodarone HCl_Tab 200mg,0203020D0AAABAB,1,0.3500000000000003
83,P88610,Clonazepam_Tab 500mcg,0408010F0AAABAB,3,1.2655999999999974
84,P88615,Clonazepam_Tab 500mcg,0408010F0AAABAB,1,0.6327999999999987
85,P88617,Amiodarone HCl_Tab 200mg,0203020D0AAABAB,2,0.7000000000000006
86,P88617,Clonazepam_Tab 500mcg,0408010F0AAABAB,1,0.6327999999999987
87,P88623,Amiodarone HCl_Tab 200mg,0203020D0AAABAB,3,1.050000000000001
88,P88623,Clonazepam_Tab 500mcg,0408010F0AAABAB,5,3.1639999999999935
89,P88623,Ephed HCl_Tab 15mg,0301012F0AAAAAA,2,8.819999999999999
90,P88624,Amiodarone HCl_Tab 200mg,0203020D0AAABAB,1,0.3500000000000003
91,P88624,Clonazepam_Tab 500mcg,0408010F0AAABAB,2,1.2655999999999974
92,P88624,Topiramate_Cap 50mg,040801050AAAWAW,1,5.135999999999994
93,P88625,Amiodarone HCl_Tab 200mg,0203020D0AAABAB,5,1.7500000000000016
94,P88625,Clonazepam_Tab 500mcg,0408010F0AAABAB,9,3.380199999999993
95,P88632,Amiodarone HCl_Tab 200mg,0203020D0AAABAB,1,0.3500000000000003
96,P88632,Clonazepam_Tab 500mcg,0408010F0AAABAB,13,3.2107999999999937
97,P88632,Topiramate_Tab 200mg,040801050AAACAC,1,2.3183999999999996
98,Y00912,Clonazepam_Tab 500mcg,0408010F0AAABAB,1,0.3389999999999993
