,practice_code,bnf_description,bnf_code,items,excess_cost
90,N81029,Pregabalin_Cap 25mg,0408010AEAAAAAA,2,84.588
103,N81077,Memantine HCl_Tab 20mg,0411000G0AAADAD,24,67.3344
121,N81077,Sildenafil_Tab 100mg,0704050Z0AAACAC,15,43.056
160,N81013,Risperidone_Tab 6mg,040201030AAAFAF,4,29.232
161,N81022,Naratriptan HCl_Tab 2.5mg,0407041M0AAAAAA,4,27.321599999999997
156,N81085,Gemfibrozil_Tab 600mg,0212000Q0AAABAB,5,18.955999999999996
157,N81027,Gemfibrozil_Tab 600mg,0212000Q0AAABAB,1,7.571199999999999
169,N81062,Vancomycin HCl_Cap 250mg,0501070U0AAABAB,1,6.29999999999999
168,N81013,Vancomycin HCl_Cap 250mg,0501070U0AAABAB,1,6.29999999999999
162,N81002,Topiramate_Tab 200mg,040801050AAACAC,1,4.647999999999998
163,N81086,Topiramate_Tab 200mg,040801050AAACAC,2,4.636799999999999
164,N81013,Topiramate_Tab 200mg,040801050AAACAC,8,4.614400000000002
0,N81088,Clonazepam_Tab 500mcg,0408010F0AAABAB,7,4.429599999999991
1,N81073,Clonazepam_Tab 500mcg,0408010F0AAABAB,3,3.796799999999992
2,N81062,Clonazepam_Tab 500mcg,0408010F0AAABAB,11,3.480399999999993
3,N81118,Clonazepam_Tab 500mcg,0408010F0AAABAB,5,3.1639999999999935
158,N81085,Gemfibrozil_Tab 600mg,0212000Q0AAABAB,1,2.8392
127,N81029,Amiodarone HCl_Tab 200mg,0203020D0AAABAB,8,2.8000000000000025
4,N81112,Clonazepam_Tab 500mcg,0408010F0AAABAB,1,2.7119999999999944
7,N81070,Clonazepam_Tab 500mcg,0408010F0AAABAB,2,2.531199999999995
5,N81062,Clonazepam_Tab 500mcg,0408010F0AAABAB,4,2.531199999999995
6,N81112,Clonazepam_Tab 500mcg,0408010F0AAABAB,2,2.531199999999995
8,N81070,Clonazepam_Tab 500mcg,0408010F0AAABAB,4,2.531199999999995
9,N81077,Clonazepam_Tab 500mcg,0408010F0AAABAB,2,2.531199999999995
10,N81049,Clonazepam_Tab 500mcg,0408010F0AAABAB,4,2.531199999999995
165,N81022,Topiramate_Tab 200mg,040801050AAACAC,1,2.489999999999999
166,N81002,Topiramate_Tab 200mg,040801050AAACAC,1,2.489999999999999
128,N81027,Amiodarone HCl_Tab 200mg,0203020D0AAABAB,7,2.450000000000002
167,N81029,Topiramate_Tab 200mg,040801050AAACAC,1,2.3183999999999996
11,N81073,Clonazepam_Tab 500mcg,0408010F0AAABAB,1,2.2599999999999953
12,N81052,Clonazepam_Tab 500mcg,0408010F0AAABAB,2,2.2599999999999953
14,N81077,Clonazepam_Tab 500mcg,0408010F0AAABAB,7,2.2147999999999954
13,N81052,Clonazepam_Tab 500mcg,0408010F0AAABAB,7,2.2147999999999954
130,N81022,Amiodarone HCl_Tab 200mg,0203020D0AAABAB,6,2.100000000000002
129,N81026,Amiodarone HCl_Tab 200mg,0203020D0AAABAB,6,2.100000000000002
131,N81077,Amiodarone HCl_Tab 200mg,0203020D0AAABAB,6,2.100000000000002
15,N81052,Clonazepam_Tab 500mcg,0408010F0AAABAB,1,2.033999999999996
19,N81029,Clonazepam_Tab 500mcg,0408010F0AAABAB,1,1.898399999999996
21,N81052,Clonazepam_Tab 500mcg,0408010F0AAABAB,3,1.898399999999996
22,N81118,Clonazepam_Tab 500mcg,0408010F0AAABAB,2,1.898399999999996
16,N81022,Clonazepam_Tab 500mcg,0408010F0AAABAB,3,1.898399999999996
20,N81029,Clonazepam_Tab 500mcg,0408010F0AAABAB,6,1.898399999999996
18,N81013,Clonazepam_Tab 500mcg,0408010F0AAABAB,2,1.898399999999996
17,N81027,Clonazepam_Tab 500mcg,0408010F0AAABAB,2,1.898399999999996
133,N81002,Amiodarone HCl_Tab 200mg,0203020D0AAABAB,5,1.7500000000000016
132,N81118,Amiodarone HCl_Tab 200mg,0203020D0AAABAB,5,1.7500000000000016
23,N81069,Clonazepam_Tab 500mcg,0408010F0AAABAB,1,1.6949999999999965
25,N81073,Clonazepam_Tab 500mcg,0408010F0AAABAB,5,1.5819999999999967
24,N81022,Clonazepam_Tab 500mcg,0408010F0AAABAB,5,1.5819999999999967
135,N81073,Amiodarone HCl_Tab 200mg,0203020D0AAABAB,4,1.4000000000000012
134,N81062,Amiodarone HCl_Tab 200mg,0203020D0AAABAB,4,1.4000000000000012
138,N81086,Amiodarone HCl_Tab 200mg,0203020D0AAABAB,2,1.4000000000000012
137,N81112,Amiodarone HCl_Tab 200mg,0203020D0AAABAB,2,1.4000000000000012
136,N81070,Amiodarone HCl_Tab 200mg,0203020D0AAABAB,4,1.4000000000000012
31,N81088,Clonazepam_Tab 500mcg,0408010F0AAABAB,4,1.2655999999999974
32,N81052,Clonazepam_Tab 500mcg,0408010F0AAABAB,1,1.2655999999999974
30,N81027,Clonazepam_Tab 500mcg,0408010F0AAABAB,2,1.2655999999999974
28,N81062,Clonazepam_Tab 500mcg,0408010F0AAABAB,1,1.2655999999999974
27,N81029,Clonazepam_Tab 500mcg,0408010F0AAABAB,1,1.2655999999999974
26,N81073,Clonazepam_Tab 500mcg,0408010F0AAABAB,2,1.2655999999999974
29,N81021,Clonazepam_Tab 500mcg,0408010F0AAABAB,2,1.2655999999999974
33,N81026,Clonazepam_Tab 500mcg,0408010F0AAABAB,1,1.2655999999999974
34,N81077,Clonazepam_Tab 500mcg,0408010F0AAABAB,1,1.1299999999999977
35,N81049,Clonazepam_Tab 500mcg,0408010F0AAABAB,1,1.1299999999999977
36,N81021,Clonazepam_Tab 500mcg,0408010F0AAABAB,1,1.1299999999999977
37,N81062,Clonazepam_Tab 500mcg,0408010F0AAABAB,7,1.1073999999999977
139,N81069,Amiodarone HCl_Tab 200mg,0203020D0AAABAB,3,1.050000000000001
141,N81088,Amiodarone HCl_Tab 200mg,0203020D0AAABAB,3,1.050000000000001
142,N81013,Amiodarone HCl_Tab 200mg,0203020D0AAABAB,3,1.050000000000001
140,N81049,Amiodarone HCl_Tab 200mg,0203020D0AAABAB,3,1.050000000000001
38,N81118,Clonazepam_Tab 500mcg,0408010F0AAABAB,1,1.016999999999998
40,N81049,Clonazepam_Tab 500mcg,0408010F0AAABAB,3,0.949199999999998
46,N81021,Clonazepam_Tab 500mcg,0408010F0AAABAB,1,0.949199999999998
47,N81052,Clonazepam_Tab 500mcg,0408010F0AAABAB,1,0.949199999999998
43,N81029,Clonazepam_Tab 500mcg,0408010F0AAABAB,1,0.949199999999998
49,N81027,Clonazepam_Tab 500mcg,0408010F0AAABAB,4,0.949199999999998
42,N81049,Clonazepam_Tab 500mcg,0408010F0AAABAB,1,0.949199999999998
41,N81062,Clonazepam_Tab 500mcg,0408010F0AAABAB,1,0.949199999999998
48,N81112,Clonazepam_Tab 500mcg,0408010F0AAABAB,1,0.949199999999998
39,N81112,Clonazepam_Tab 500mcg,0408010F0AAABAB,2,0.949199999999998
44,N81022,Clonazepam_Tab 500mcg,0408010F0AAABAB,1,0.949199999999998
45,N81002,Clonazepam_Tab 500mcg,0408010F0AAABAB,1,0.949199999999998
51,N81088,Clonazepam_Tab 500mcg,0408010F0AAABAB,1,0.7909999999999984
50,N81070,Clonazepam_Tab 500mcg,0408010F0AAABAB,1,0.7909999999999984
150,N81029,Amiodarone HCl_Tab 200mg,0203020D0AAABAB,1,0.7000000000000006
149,N81112,Amiodarone HCl_Tab 200mg,0203020D0AAABAB,2,0.7000000000000006
148,N81085,Amiodarone HCl_Tab 200mg,0203020D0AAABAB,2,0.7000000000000006
147,N81021,Amiodarone HCl_Tab 200mg,0203020D0AAABAB,1,0.7000000000000006
146,N81062,Amiodarone HCl_Tab 200mg,0203020D0AAABAB,1,0.7000000000000006
145,N81027,Amiodarone HCl_Tab 200mg,0203020D0AAABAB,1,0.7000000000000006
144,N81002,Amiodarone HCl_Tab 200mg,0203020D0AAABAB,1,0.7000000000000006
143,N81042,Amiodarone HCl_Tab 200mg,0203020D0AAABAB,2,0.7000000000000006
52,N81049,Clonazepam_Tab 500mcg,0408010F0AAABAB,1,0.6779999999999986
53,N81027,Clonazepam_Tab 500mcg,0408010F0AAABAB,1,0.6779999999999986
151,N81062,Amiodarone HCl_Tab 200mg,0203020D0AAABAB,8,0.6776
63,N81026,Clonazepam_Tab 500mcg,0408010F0AAABAB,2,0.6327999999999987
64,N81085,Clonazepam_Tab 500mcg,0408010F0AAABAB,2,0.6327999999999987
65,N81062,Clonazepam_Tab 500mcg,0408010F0AAABAB,8,0.6327999999999987
66,N81070,Clonazepam_Tab 500mcg,0408010F0AAABAB,8,0.6327999999999987
67,N81002,Clonazepam_Tab 500mcg,0408010F0AAABAB,2,0.6327999999999987
68,N81085,Clonazepam_Tab 500mcg,0408010F0AAABAB,1,0.6327999999999987
61,N81112,Clonazepam_Tab 500mcg,0408010F0AAABAB,2,0.6327999999999987
62,N81042,Clonazepam_Tab 500mcg,0408010F0AAABAB,4,0.6327999999999987
60,N81013,Clonazepam_Tab 500mcg,0408010F0AAABAB,1,0.6327999999999987
59,N81042,Clonazepam_Tab 500mcg,0408010F0AAABAB,2,0.6327999999999987
58,N81026,Clonazepam_Tab 500mcg,0408010F0AAABAB,1,0.6327999999999987
57,N81027,Clonazepam_Tab 500mcg,0408010F0AAABAB,4,0.6327999999999987
56,N81632,Clonazepam_Tab 500mcg,0408010F0AAABAB,2,0.6327999999999987
55,N81085,Clonazepam_Tab 500mcg,0408010F0AAABAB,4,0.6327999999999987
54,N81118,Clonazepam_Tab 500mcg,0408010F0AAABAB,4,0.6327999999999987
69,N81013,Clonazepam_Tab 500mcg,0408010F0AAABAB,1,0.5699999999999983
152,N81086,Amiodarone HCl_Tab 200mg,0203020D0AAABAB,1,0.5292
70,N81027,Clonazepam_Tab 500mcg,0408010F0AAABAB,4,0.48839999999999995
71,N81077,Clonazepam_Tab 500mcg,0408010F0AAABAB,1,0.474599999999999
72,N81027,Clonazepam_Tab 500mcg,0408010F0AAABAB,5,0.3954999999999992
153,N81086,Amiodarone HCl_Tab 200mg,0203020D0AAABAB,1,0.3500000000000003
75,N81049,Clonazepam_Tab 500mcg,0408010F0AAABAB,1,0.3389999999999993
74,N81088,Clonazepam_Tab 500mcg,0408010F0AAABAB,1,0.3389999999999993
73,N81026,Clonazepam_Tab 500mcg,0408010F0AAABAB,1,0.3389999999999993
154,N81027,Amiodarone HCl_Tab 200mg,0203020D0AAABAB,4,0.3388
84,N81118,Clonazepam_Tab 500mcg,0408010F0AAABAB,1,0.31639999999999935
83,N81052,Clonazepam_Tab 500mcg,0408010F0AAABAB,4,0.31639999999999935
82,N81086,Clonazepam_Tab 500mcg,0408010F0AAABAB,1,0.31639999999999935
80,N81088,Clonazepam_Tab 500mcg,0408010F0AAABAB,2,0.31639999999999935
79,N81026,Clonazepam_Tab 500mcg,0408010F0AAABAB,2,0.31639999999999935
78,N81021,Clonazepam_Tab 500mcg,0408010F0AAABAB,1,0.31639999999999935
77,N81077,Clonazepam_Tab 500mcg,0408010F0AAABAB,4,0.31639999999999935
76,N81070,Clonazepam_Tab 500mcg,0408010F0AAABAB,1,0.31639999999999935
81,N81022,Clonazepam_Tab 500mcg,0408010F0AAABAB,4,0.31639999999999935
85,N81088,Clonazepam_Tab 500mcg,0408010F0AAABAB,2,0.23199999999999998
86,N81029,Clonazepam_Tab 500mcg,0408010F0AAABAB,1,0.22199999999999998
155,N81049,Amiodarone HCl_Tab 200mg,0203020D0AAABAB,1,0.17920000000000008
87,N81112,Clonazepam_Tab 500mcg,0408010F0AAABAB,1,0.15819999999999967
88,N81077,Clonazepam_Tab 500mcg,0408010F0AAABAB,1,0.15819999999999967
91,N81052,Pregabalin_Cap 25mg,0408010AEAAAAAA,21,0.09659999999999985
104,N81042,Memantine HCl_Tab 20mg,0411000G0AAADAD,18,0.0881999999999999
105,N81085,Memantine HCl_Tab 20mg,0411000G0AAADAD,13,0.06369999999999992
106,N81062,Memantine HCl_Tab 20mg,0411000G0AAADAD,12,0.058799999999999936
107,N81029,Memantine HCl_Tab 20mg,0411000G0AAADAD,9,0.04409999999999995
108,N81088,Memantine HCl_Tab 20mg,0411000G0AAADAD,7,0.03429999999999996
159,N81085,Gemfibrozil_Tab 600mg,0212000Q0AAABAB,5,0.027999999999996916
109,N81112,Memantine HCl_Tab 20mg,0411000G0AAADAD,5,0.024499999999999973
92,N81112,Pregabalin_Cap 25mg,0408010AEAAAAAA,5,0.02099999999999963
114,N81077,Memantine HCl_Tab 20mg,0411000G0AAADAD,4,0.01959999999999998
113,N81070,Memantine HCl_Tab 20mg,0411000G0AAADAD,4,0.01959999999999998
112,N81086,Memantine HCl_Tab 20mg,0411000G0AAADAD,4,0.01959999999999998
111,N81021,Memantine HCl_Tab 20mg,0411000G0AAADAD,4,0.01959999999999998
110,N81027,Memantine HCl_Tab 20mg,0411000G0AAADAD,4,0.01959999999999998
95,N81069,Pregabalin_Cap 25mg,0408010AEAAAAAA,4,0.016799999999999704
93,N81026,Pregabalin_Cap 25mg,0408010AEAAAAAA,4,0.016799999999999704
94,N81062,Pregabalin_Cap 25mg,0408010AEAAAAAA,4,0.016799999999999704
89,N81027,Clonazepam_Tab 500mcg,0408010F0AAABAB,1,0.015600000000000003
122,N81052,Sildenafil_Tab 100mg,0704050Z0AAACAC,3,0.015000000000000013
115,N81073,Memantine HCl_Tab 20mg,0411000G0AAADAD,3,0.014699999999999984
96,N81027,Pregabalin_Cap 25mg,0408010AEAAAAAA,3,0.012599999999999778
123,N81088,Sildenafil_Tab 100mg,0704050Z0AAACAC,2,0.010000000000000009
124,N81033,Sildenafil_Tab 100mg,0704050Z0AAACAC,1,0.005599999999999772
126,N81021,Sildenafil_Tab 100mg,0704050Z0AAACAC,1,0.0050000000000000044
125,N81027,Sildenafil_Tab 100mg,0704050Z0AAACAC,1,0.0050000000000000044
116,N81632,Memantine HCl_Tab 20mg,0411000G0AAADAD,1,0.004899999999999995
97,N81062,Pregabalin_Cap 25mg,0408010AEAAAAAA,1,0.00420000000000012
98,N81088,Pregabalin_Cap 25mg,0408010AEAAAAAA,1,0.00420000000000012
99,N81070,Pregabalin_Cap 25mg,0408010AEAAAAAA,1,0.00420000000000012
117,N81118,Memantine HCl_Tab 20mg,0411000G0AAADAD,1,0.003999999999999976
118,N81027,Memantine HCl_Tab 20mg,0411000G0AAADAD,1,0.0035000000000001003
119,N81052,Memantine HCl_Tab 20mg,0411000G0AAADAD,1,-0.001299999999999947
120,N81632,Memantine HCl_Tab 20mg,0411000G0AAADAD,1,-0.0021999999999999867
100,N81073,Pregabalin_Cap 25mg,0408010AEAAAAAA,1,-0.003000000000000086
101,N81052,Pregabalin_Cap 25mg,0408010AEAAAAAA,5,-0.003999999999999976
102,N81062,Pregabalin_Cap 25mg,0408010AEAAAAAA,4,-0.01680000000000048
