,practice_code,bnf_description,bnf_code,items,excess_cost
0,F84033,Mesalazine_Tab E/C 800mg,0105010B0AAASAS,1,68.87999999999998
1,F84119,Mesalazine_Tab E/C 800mg,0105010B0AAASAS,2,68.87999999999998
138,F84119,Mesalazine_Tab E/C 400mg,0105010B0AAAAAA,3,68.472
9,F84119,Risperidone_Tab 6mg,040201030AAAFAF,2,58.4192
10,F84635,Risperidone_Tab 6mg,040201030AAAFAF,2,58.4192
139,F84105,Mesalazine_Tab E/C 400mg,0105010B0AAAAAA,1,47.913599999999995
2,F84119,Mesalazine_Tab E/C 800mg,0105010B0AAASAS,1,36.89999999999999
4,F84096,Mesalazine_Tab E/C 800mg,0105010B0AAASAS,1,34.43999999999999
3,F84620,Mesalazine_Tab E/C 800mg,0105010B0AAASAS,4,34.43999999999999
140,F84041,Mesalazine_Tab E/C 400mg,0105010B0AAAAAA,1,31.942399999999996
11,F84003,Risperidone_Tab 6mg,040201030AAAFAF,1,29.2096
12,F84069,Risperidone_Tab 6mg,040201030AAAFAF,1,29.2096
13,F84043,Risperidone_Tab 6mg,040201030AAAFAF,1,29.2096
110,F84008,Acetylcy_Tab Eff 600mg S/F,0307000C0AAARAR,1,24.902999999999995
142,F84636,Mesalazine_Tab E/C 400mg,0105010B0AAAAAA,1,23.956799999999998
141,F84096,Mesalazine_Tab E/C 400mg,0105010B0AAAAAA,1,23.956799999999998
5,F84018,Mesalazine_Tab E/C 800mg,0105010B0AAASAS,1,18.449999999999996
137,F84640,Ephed HCl_Tab 30mg,0301012F0AAABAB,1,17.539199999999973
143,F84072,Mesalazine_Tab E/C 400mg,0105010B0AAAAAA,1,15.971199999999998
144,F84021,Mesalazine_Tab E/C 400mg,0105010B0AAAAAA,1,12.833999999999998
14,F84105,Clonazepam_Tab 500mcg,0408010F0AAABAB,4,11.390399999999977
145,F84716,Mesalazine_Tab E/C 400mg,0105010B0AAAAAA,1,7.985599999999999
176,F84105,Topiramate_Tab 200mg,040801050AAACAC,1,7.469999999999997
15,F84003,Clonazepam_Tab 500mcg,0408010F0AAABAB,4,6.327999999999987
16,F84635,Clonazepam_Tab 500mcg,0408010F0AAABAB,1,2.7119999999999944
17,Y03049,Clonazepam_Tab 500mcg,0408010F0AAABAB,4,2.531199999999995
177,F84072,Topiramate_Tab 200mg,040801050AAACAC,1,2.489999999999999
178,F84117,Topiramate_Tab 200mg,040801050AAACAC,1,2.3183999999999996
19,F84003,Clonazepam_Tab 500mcg,0408010F0AAABAB,2,2.2599999999999953
18,F84636,Clonazepam_Tab 500mcg,0408010F0AAABAB,1,2.2599999999999953
21,F84080,Clonazepam_Tab 500mcg,0408010F0AAABAB,1,2.033999999999996
20,F84033,Clonazepam_Tab 500mcg,0408010F0AAABAB,1,2.033999999999996
114,F84018,Pyridox HCl_Tab 50mg,0906024N0AAAIAI,1,1.9152000000000005
111,F84015,Pyridox HCl_Tab 50mg,0906024N0AAAIAI,2,1.9152000000000005
112,F84620,Pyridox HCl_Tab 50mg,0906024N0AAAIAI,2,1.9152000000000005
113,F84015,Pyridox HCl_Tab 50mg,0906024N0AAAIAI,4,1.9152000000000005
115,F84685,Pyridox HCl_Tab 50mg,0906024N0AAAIAI,2,1.9152000000000005
25,F84069,Clonazepam_Tab 500mcg,0408010F0AAABAB,3,1.898399999999996
22,F84632,Clonazepam_Tab 500mcg,0408010F0AAABAB,1,1.898399999999996
23,F84635,Clonazepam_Tab 500mcg,0408010F0AAABAB,1,1.898399999999996
24,F84043,Clonazepam_Tab 500mcg,0408010F0AAABAB,2,1.898399999999996
26,F84063,Clonazepam_Tab 500mcg,0408010F0AAABAB,3,1.898399999999996
27,F84043,Clonazepam_Tab 500mcg,0408010F0AAABAB,1,1.898399999999996
28,F84041,Clonazepam_Tab 500mcg,0408010F0AAABAB,1,1.898399999999996
30,F84038,Clonazepam_Tab 500mcg,0408010F0AAABAB,1,1.5819999999999967
29,F84619,Clonazepam_Tab 500mcg,0408010F0AAABAB,5,1.5819999999999967
153,F84619,Amiodarone HCl_Tab 200mg,0203020D0AAABAB,2,1.4000000000000012
32,F84013,Clonazepam_Tab 500mcg,0408010F0AAABAB,1,1.3559999999999972
33,F84716,Clonazepam_Tab 500mcg,0408010F0AAABAB,1,1.3559999999999972
31,F84033,Clonazepam_Tab 500mcg,0408010F0AAABAB,2,1.3559999999999972
39,F84640,Clonazepam_Tab 500mcg,0408010F0AAABAB,2,1.2655999999999974
38,F84115,Clonazepam_Tab 500mcg,0408010F0AAABAB,8,1.2655999999999974
37,F84716,Clonazepam_Tab 500mcg,0408010F0AAABAB,2,1.2655999999999974
36,Y03049,Clonazepam_Tab 500mcg,0408010F0AAABAB,1,1.2655999999999974
35,F84716,Clonazepam_Tab 500mcg,0408010F0AAABAB,1,1.2655999999999974
34,F84035,Clonazepam_Tab 500mcg,0408010F0AAABAB,2,1.2655999999999974
44,F84018,Clonazepam_Tab 500mcg,0408010F0AAABAB,1,1.1299999999999977
43,F84013,Clonazepam_Tab 500mcg,0408010F0AAABAB,1,1.1299999999999977
42,F84096,Clonazepam_Tab 500mcg,0408010F0AAABAB,1,1.1299999999999977
41,F84080,Clonazepam_Tab 500mcg,0408010F0AAABAB,1,1.1299999999999977
40,F84668,Clonazepam_Tab 500mcg,0408010F0AAABAB,1,1.1299999999999977
156,F84096,Amiodarone HCl_Tab 200mg,0203020D0AAABAB,1,1.050000000000001
155,F84013,Amiodarone HCl_Tab 200mg,0203020D0AAABAB,3,1.050000000000001
154,F84033,Amiodarone HCl_Tab 200mg,0203020D0AAABAB,1,1.050000000000001
45,F84621,Clonazepam_Tab 500mcg,0408010F0AAABAB,1,1.016999999999998
179,F84601,Amisulpride_Tab 400mg,0402010A0AAAEAE,4,0.9632000000000058
180,Y03049,Amisulpride_Tab 400mg,0402010A0AAAEAE,2,0.9632000000000058
181,F84096,Amisulpride_Tab 400mg,0402010A0AAAEAE,2,0.9632000000000058
182,F84119,Amisulpride_Tab 400mg,0402010A0AAAEAE,1,0.9632000000000058
120,F84069,Pyridox HCl_Tab 50mg,0906024N0AAAIAI,4,0.9576000000000002
119,F84038,Pyridox HCl_Tab 50mg,0906024N0AAAIAI,2,0.9576000000000002
118,F84008,Pyridox HCl_Tab 50mg,0906024N0AAAIAI,1,0.9576000000000002
117,F84018,Pyridox HCl_Tab 50mg,0906024N0AAAIAI,1,0.9576000000000002
116,F84041,Pyridox HCl_Tab 50mg,0906024N0AAAIAI,2,0.9576000000000002
51,F84008,Clonazepam_Tab 500mcg,0408010F0AAABAB,3,0.949199999999998
52,F84015,Clonazepam_Tab 500mcg,0408010F0AAABAB,1,0.949199999999998
49,F84015,Clonazepam_Tab 500mcg,0408010F0AAABAB,3,0.949199999999998
50,F84119,Clonazepam_Tab 500mcg,0408010F0AAABAB,1,0.949199999999998
48,F84069,Clonazepam_Tab 500mcg,0408010F0AAABAB,4,0.949199999999998
47,F84694,Clonazepam_Tab 500mcg,0408010F0AAABAB,2,0.949199999999998
46,F84105,Clonazepam_Tab 500mcg,0408010F0AAABAB,1,0.949199999999998
183,F84008,Amisulpride_Tab 400mg,0402010A0AAAEAE,4,0.7476000000000016
122,F84105,Pyridox HCl_Tab 50mg,0906024N0AAAIAI,1,0.7182000000000002
121,F84041,Pyridox HCl_Tab 50mg,0906024N0AAAIAI,2,0.7182000000000002
123,F84035,Pyridox HCl_Tab 50mg,0906024N0AAAIAI,1,0.7182000000000002
165,F84621,Amiodarone HCl_Tab 200mg,0203020D0AAABAB,1,0.7000000000000006
164,F84620,Amiodarone HCl_Tab 200mg,0203020D0AAABAB,1,0.7000000000000006
163,F84117,Amiodarone HCl_Tab 200mg,0203020D0AAABAB,1,0.7000000000000006
162,F84063,Amiodarone HCl_Tab 200mg,0203020D0AAABAB,1,0.7000000000000006
161,F84069,Amiodarone HCl_Tab 200mg,0203020D0AAABAB,1,0.7000000000000006
160,F84038,Amiodarone HCl_Tab 200mg,0203020D0AAABAB,1,0.7000000000000006
159,F84719,Amiodarone HCl_Tab 200mg,0203020D0AAABAB,2,0.7000000000000006
158,F84668,Amiodarone HCl_Tab 200mg,0203020D0AAABAB,1,0.7000000000000006
157,F84041,Amiodarone HCl_Tab 200mg,0203020D0AAABAB,1,0.7000000000000006
56,Y00403,Clonazepam_Tab 500mcg,0408010F0AAABAB,1,0.6779999999999986
53,F84069,Clonazepam_Tab 500mcg,0408010F0AAABAB,1,0.6779999999999986
54,F84072,Clonazepam_Tab 500mcg,0408010F0AAABAB,1,0.6779999999999986
55,F84060,Clonazepam_Tab 500mcg,0408010F0AAABAB,1,0.6779999999999986
166,F84060,Amiodarone HCl_Tab 200mg,0203020D0AAABAB,8,0.6776
57,F84072,Clonazepam_Tab 500mcg,0408010F0AAABAB,2,0.6327999999999987
64,Y00403,Clonazepam_Tab 500mcg,0408010F0AAABAB,1,0.6327999999999987
65,F84003,Clonazepam_Tab 500mcg,0408010F0AAABAB,1,0.6327999999999987
58,F84041,Clonazepam_Tab 500mcg,0408010F0AAABAB,1,0.6327999999999987
76,F84711,Clonazepam_Tab 500mcg,0408010F0AAABAB,1,0.6327999999999987
72,F84080,Clonazepam_Tab 500mcg,0408010F0AAABAB,1,0.6327999999999987
63,F84041,Clonazepam_Tab 500mcg,0408010F0AAABAB,2,0.6327999999999987
73,F84119,Clonazepam_Tab 500mcg,0408010F0AAABAB,1,0.6327999999999987
74,F84119,Clonazepam_Tab 500mcg,0408010F0AAABAB,2,0.6327999999999987
66,F84033,Clonazepam_Tab 500mcg,0408010F0AAABAB,1,0.6327999999999987
67,Y03049,Clonazepam_Tab 500mcg,0408010F0AAABAB,2,0.6327999999999987
59,F84632,Clonazepam_Tab 500mcg,0408010F0AAABAB,1,0.6327999999999987
60,F84720,Clonazepam_Tab 500mcg,0408010F0AAABAB,1,0.6327999999999987
61,F84117,Clonazepam_Tab 500mcg,0408010F0AAABAB,1,0.6327999999999987
62,F84692,Clonazepam_Tab 500mcg,0408010F0AAABAB,2,0.6327999999999987
75,F84008,Clonazepam_Tab 500mcg,0408010F0AAABAB,1,0.6327999999999987
70,F84636,Clonazepam_Tab 500mcg,0408010F0AAABAB,1,0.6327999999999987
71,F84072,Clonazepam_Tab 500mcg,0408010F0AAABAB,4,0.6327999999999987
69,F84635,Clonazepam_Tab 500mcg,0408010F0AAABAB,1,0.6327999999999987
68,F84719,Clonazepam_Tab 500mcg,0408010F0AAABAB,1,0.6327999999999987
189,F84063,Amisulpride_Tab 400mg,0402010A0AAAEAE,1,0.5220000000000025
188,F84008,Amisulpride_Tab 400mg,0402010A0AAAEAE,1,0.5220000000000025
187,F84117,Amisulpride_Tab 400mg,0402010A0AAAEAE,1,0.5220000000000025
185,F84720,Amisulpride_Tab 400mg,0402010A0AAAEAE,1,0.5220000000000025
184,F84041,Amisulpride_Tab 400mg,0402010A0AAAEAE,1,0.5220000000000025
186,F84013,Amisulpride_Tab 400mg,0402010A0AAAEAE,1,0.5220000000000025
190,F84036,Amisulpride_Tab 400mg,0402010A0AAAEAE,1,0.4816000000000029
191,F84119,Amisulpride_Tab 400mg,0402010A0AAAEAE,1,0.4816000000000029
192,F84060,Amisulpride_Tab 400mg,0402010A0AAAEAE,1,0.4816000000000029
128,F84096,Pyridox HCl_Tab 50mg,0906024N0AAAIAI,1,0.4788000000000001
127,F84117,Pyridox HCl_Tab 50mg,0906024N0AAAIAI,1,0.4788000000000001
126,F84041,Pyridox HCl_Tab 50mg,0906024N0AAAIAI,2,0.4788000000000001
125,F84620,Pyridox HCl_Tab 50mg,0906024N0AAAIAI,1,0.4788000000000001
124,F84003,Pyridox HCl_Tab 50mg,0906024N0AAAIAI,1,0.4788000000000001
78,Y00403,Clonazepam_Tab 500mcg,0408010F0AAABAB,3,0.474599999999999
77,F84021,Clonazepam_Tab 500mcg,0408010F0AAABAB,1,0.474599999999999
170,F84636,Amiodarone HCl_Tab 200mg,0203020D0AAABAB,1,0.3500000000000003
172,F84063,Amiodarone HCl_Tab 200mg,0203020D0AAABAB,1,0.3500000000000003
171,F84096,Amiodarone HCl_Tab 200mg,0203020D0AAABAB,1,0.3500000000000003
169,F84015,Amiodarone HCl_Tab 200mg,0203020D0AAABAB,1,0.3500000000000003
167,F84601,Amiodarone HCl_Tab 200mg,0203020D0AAABAB,1,0.3500000000000003
168,F84117,Amiodarone HCl_Tab 200mg,0203020D0AAABAB,1,0.3500000000000003
79,F84008,Clonazepam_Tab 500mcg,0408010F0AAABAB,1,0.3389999999999993
85,F84015,Clonazepam_Tab 500mcg,0408010F0AAABAB,1,0.3389999999999993
87,F84115,Clonazepam_Tab 500mcg,0408010F0AAABAB,1,0.3389999999999993
86,F84043,Clonazepam_Tab 500mcg,0408010F0AAABAB,1,0.3389999999999993
84,F84668,Clonazepam_Tab 500mcg,0408010F0AAABAB,1,0.3389999999999993
80,F84021,Clonazepam_Tab 500mcg,0408010F0AAABAB,1,0.3389999999999993
83,F84685,Clonazepam_Tab 500mcg,0408010F0AAABAB,1,0.3389999999999993
82,F84117,Clonazepam_Tab 500mcg,0408010F0AAABAB,1,0.3389999999999993
81,F84119,Clonazepam_Tab 500mcg,0408010F0AAABAB,1,0.3389999999999993
173,F84117,Amiodarone HCl_Tab 200mg,0203020D0AAABAB,4,0.3388
175,F84063,Amiodarone HCl_Tab 200mg,0203020D0AAABAB,4,0.3388
174,F84115,Amiodarone HCl_Tab 200mg,0203020D0AAABAB,4,0.3388
98,F84640,Clonazepam_Tab 500mcg,0408010F0AAABAB,1,0.31639999999999935
92,F84115,Clonazepam_Tab 500mcg,0408010F0AAABAB,1,0.31639999999999935
88,F84063,Clonazepam_Tab 500mcg,0408010F0AAABAB,1,0.31639999999999935
89,F84117,Clonazepam_Tab 500mcg,0408010F0AAABAB,1,0.31639999999999935
90,F84008,Clonazepam_Tab 500mcg,0408010F0AAABAB,2,0.31639999999999935
97,F84105,Clonazepam_Tab 500mcg,0408010F0AAABAB,1,0.31639999999999935
96,F84033,Clonazepam_Tab 500mcg,0408010F0AAABAB,1,0.31639999999999935
95,F84716,Clonazepam_Tab 500mcg,0408010F0AAABAB,1,0.31639999999999935
94,Y00403,Clonazepam_Tab 500mcg,0408010F0AAABAB,1,0.31639999999999935
93,F84018,Clonazepam_Tab 500mcg,0408010F0AAABAB,1,0.31639999999999935
91,F84043,Clonazepam_Tab 500mcg,0408010F0AAABAB,1,0.31639999999999935
129,Y00403,Pyridox HCl_Tab 50mg,0906024N0AAAIAI,4,0.2624000000000013
130,F84043,Pyridox HCl_Tab 50mg,0906024N0AAAIAI,1,0.26100000000000123
196,F84003,Amisulpride_Tab 400mg,0402010A0AAAEAE,1,0.24080000000000146
195,F84096,Amisulpride_Tab 400mg,0402010A0AAAEAE,1,0.24080000000000146
194,F84716,Amisulpride_Tab 400mg,0402010A0AAAEAE,1,0.24080000000000146
193,F84069,Amisulpride_Tab 400mg,0402010A0AAAEAE,1,0.24080000000000146
132,F84096,Pyridox HCl_Tab 50mg,0906024N0AAAIAI,1,0.23940000000000006
131,F84015,Pyridox HCl_Tab 50mg,0906024N0AAAIAI,1,0.23940000000000006
133,F84119,Pyridox HCl_Tab 50mg,0906024N0AAAIAI,1,0.23940000000000006
134,Y03049,Pyridox HCl_Tab 50mg,0906024N0AAAIAI,1,0.23940000000000006
135,F84003,Pyridox HCl_Tab 50mg,0906024N0AAAIAI,1,0.23940000000000006
99,F84096,Clonazepam_Tab 500mcg,0408010F0AAABAB,1,0.1791999999999998
100,F84716,Clonazepam_Tab 500mcg,0408010F0AAABAB,1,0.15819999999999967
103,F84069,Clonazepam_Tab 500mcg,0408010F0AAABAB,1,0.15819999999999967
101,F84013,Clonazepam_Tab 500mcg,0408010F0AAABAB,1,0.15819999999999967
102,F84720,Clonazepam_Tab 500mcg,0408010F0AAABAB,1,0.15819999999999967
104,F84119,Clonazepam_Tab 500mcg,0408010F0AAABAB,1,0.15819999999999967
105,F84080,Clonazepam_Tab 500mcg,0408010F0AAABAB,1,0.15819999999999967
106,F84018,Clonazepam_Tab 500mcg,0408010F0AAABAB,2,0.08479999999999999
107,F84640,Clonazepam_Tab 500mcg,0408010F0AAABAB,4,0.08479999999999999
108,F84119,Clonazepam_Tab 500mcg,0408010F0AAABAB,1,0.07909999999999984
136,F84018,Pyridox HCl_Tab 50mg,0906024N0AAAIAI,1,0.06560000000000032
109,F84117,Clonazepam_Tab 500mcg,0408010F0AAABAB,1,0.04239999999999999
6,F84719,Mesalazine_Tab E/C 800mg,0105010B0AAASAS,1,0.005999999999999339
146,F84036,Mesalazine_Tab E/C 400mg,0105010B0AAAAAA,1,-11.978399999999999
7,F84719,Mesalazine_Tab E/C 800mg,0105010B0AAASAS,1,-12.293999999999999
147,F84720,Mesalazine_Tab E/C 400mg,0105010B0AAAAAA,1,-25.667999999999996
148,F84692,Mesalazine_Tab E/C 400mg,0105010B0AAAAAA,1,-31.942399999999996
149,F84624,Mesalazine_Tab E/C 400mg,0105010B0AAAAAA,1,-31.942399999999996
150,F84119,Mesalazine_Tab E/C 400mg,0105010B0AAAAAA,3,-34.19999999999999
151,F84080,Mesalazine_Tab E/C 400mg,0105010B0AAAAAA,1,-34.224
8,F84080,Mesalazine_Tab E/C 800mg,0105010B0AAASAS,1,-36.89999999999999
152,F84003,Mesalazine_Tab E/C 400mg,0105010B0AAAAAA,1,-47.913599999999995
