,practice_code,bnf_description,bnf_code,items,excess_cost
0,E81037,Atorvastatin_Tab 20mg,0212000B0AAABAB,414,361.6704000000001
715,E81023,Aripiprazole_Tab 15mg,0402010ADAAABAB,2,345.24
37,E81037,Atorvastatin_Tab 10mg,0212000B0AAAAAA,293,232.99360000000007
1,E81015,Atorvastatin_Tab 20mg,0212000B0AAABAB,384,203.21280000000002
2,E81059,Atorvastatin_Tab 20mg,0212000B0AAABAB,214,203.12879999999998
564,E81050,Memantine HCl_Tab 20mg,0411000G0AAADAD,4,191.6992
608,E81037,Memantine HCl_Tab 10mg,0411000G0AAAAAA,12,170.8056
110,E81037,Quetiapine_Tab 25mg,0402010ABAAABAB,1,164.07
656,E81029,Montelukast_Tab 10mg,0303020G0AAABAB,36,146.16000000000003
583,E81037,Atorvastatin_Tab 40mg,0212000B0AAACAC,234,133.66080000000002
565,E81037,Memantine HCl_Tab 20mg,0411000G0AAADAD,29,127.8088
566,E81044,Memantine HCl_Tab 20mg,0411000G0AAADAD,11,127.7892
673,E81037,Atorvastatin_Tab 80mg,0212000B0AAADAD,114,123.84960000000001
111,E81037,Quetiapine_Tab 25mg,0402010ABAAABAB,11,122.58399999999999
3,E81002,Atorvastatin_Tab 20mg,0212000B0AAABAB,184,112.82880000000002
609,Y00260,Memantine HCl_Tab 10mg,0411000G0AAAAAA,4,111.66400000000002
610,E81015,Memantine HCl_Tab 10mg,0411000G0AAAAAA,9,94.0968
38,E81038,Atorvastatin_Tab 10mg,0212000B0AAAAAA,211,92.16480000000001
112,E81029,Quetiapine_Tab 25mg,0402010ABAAABAB,2,91.86240000000001
4,E81047,Atorvastatin_Tab 20mg,0212000B0AAABAB,107,90.47920000000002
5,E81019,Atorvastatin_Tab 20mg,0212000B0AAABAB,78,90.41760000000001
6,E81037,Atorvastatin_Tab 20mg,0212000B0AAABAB,222,90.13200000000003
716,E81059,Aripiprazole_Tab 15mg,0402010ADAAABAB,1,86.31
674,E81037,Atorvastatin_Tab 80mg,0212000B0AAADAD,2,74.424
7,E81033,Atorvastatin_Tab 20mg,0212000B0AAABAB,347,68.98360000000002
8,E81044,Atorvastatin_Tab 20mg,0212000B0AAABAB,542,68.29200000000006
9,E81057,Atorvastatin_Tab 20mg,0212000B0AAABAB,369,68.19120000000002
10,Y00560,Atorvastatin_Tab 20mg,0212000B0AAABAB,1,67.59479999999999
11,E81077,Atorvastatin_Tab 20mg,0212000B0AAABAB,95,67.56400000000002
584,E81037,Atorvastatin_Tab 40mg,0212000B0AAACAC,217,66.83600000000001
113,E81037,Quetiapine_Tab 25mg,0402010ABAAABAB,38,65.66399999999999
114,E81035,Quetiapine_Tab 25mg,0402010ABAAABAB,4,65.64
115,E81008,Quetiapine_Tab 25mg,0402010ABAAABAB,1,65.62799999999999
568,E81019,Memantine HCl_Tab 20mg,0411000G0AAADAD,9,63.907199999999996
567,E81022,Memantine HCl_Tab 20mg,0411000G0AAADAD,9,63.907199999999996
570,E81038,Memantine HCl_Tab 20mg,0411000G0AAADAD,6,63.89039999999999
569,E81035,Memantine HCl_Tab 20mg,0411000G0AAADAD,6,63.89039999999999
611,E81056,Memantine HCl_Tab 10mg,0411000G0AAAAAA,1,62.7368
116,E81060,Quetiapine_Tab 25mg,0402010ABAAABAB,4,61.24159999999999
39,E81059,Atorvastatin_Tab 10mg,0212000B0AAAAAA,140,58.016000000000005
675,E81047,Atorvastatin_Tab 80mg,0212000B0AAADAD,27,49.593600000000016
676,E81029,Atorvastatin_Tab 80mg,0212000B0AAADAD,56,49.54880000000003
657,E81037,Montelukast_Tab 10mg,0303020G0AAABAB,65,48.77600000000001
658,E81019,Montelukast_Tab 10mg,0303020G0AAABAB,13,48.776
659,Y00561,Montelukast_Tab 10mg,0303020G0AAABAB,1,48.7592
660,E81060,Montelukast_Tab 10mg,0303020G0AAABAB,8,48.7424
585,E81056,Atorvastatin_Tab 40mg,0212000B0AAACAC,10,46.984
40,E81009,Atorvastatin_Tab 10mg,0212000B0AAAAAA,42,46.569599999999994
41,E81037,Atorvastatin_Tab 10mg,0212000B0AAAAAA,185,46.10199999999999
117,E81014,Quetiapine_Tab 25mg,0402010ABAAABAB,6,45.9648
118,E81037,Quetiapine_Tab 25mg,0402010ABAAABAB,4,45.96479999999999
42,E81015,Atorvastatin_Tab 10mg,0212000B0AAAAAA,273,45.86399999999999
12,E81038,Atorvastatin_Tab 20mg,0212000B0AAABAB,145,45.472000000000065
13,E81015,Atorvastatin_Tab 20mg,0212000B0AAABAB,41,45.23120000000001
14,Y00560,Atorvastatin_Tab 20mg,0212000B0AAABAB,24,45.15840000000001
15,E81021,Atorvastatin_Tab 20mg,0212000B0AAABAB,26,45.136
586,E81008,Atorvastatin_Tab 40mg,0212000B0AAACAC,163,44.72720000000002
587,E81047,Atorvastatin_Tab 40mg,0212000B0AAACAC,57,44.687999999999995
588,E81029,Atorvastatin_Tab 40mg,0212000B0AAACAC,117,44.5536
589,E81044,Atorvastatin_Tab 40mg,0212000B0AAACAC,289,44.505999999999986
590,E81033,Atorvastatin_Tab 40mg,0212000B0AAACAC,201,44.461199999999984
249,E81059,Paracet_Tab 500mg,0407010H0AAAMAM,22,40.48
248,E81059,Paracet_Tab 500mg,0407010H0AAAMAM,22,40.48
43,E81069,Atorvastatin_Tab 10mg,0212000B0AAAAAA,1,34.918800000000005
44,E81077,Atorvastatin_Tab 10mg,0212000B0AAAAAA,62,34.8936
45,E81044,Atorvastatin_Tab 10mg,0212000B0AAAAAA,267,34.3896
119,E81029,Quetiapine_Tab 25mg,0402010ABAAABAB,12,32.831999999999994
612,E81035,Memantine HCl_Tab 10mg,0411000G0AAAAAA,7,31.36
613,E81059,Memantine HCl_Tab 10mg,0411000G0AAAAAA,5,31.359999999999996
614,E81029,Memantine HCl_Tab 10mg,0411000G0AAAAAA,9,31.348800000000004
251,E81059,Paracet_Tab 500mg,0407010H0AAAMAM,79,30.810000000000006
250,E81059,Paracet_Tab 500mg,0407010H0AAAMAM,79,30.810000000000006
120,E81021,Quetiapine_Tab 25mg,0402010ABAAABAB,1,30.620799999999996
16,E81008,Atorvastatin_Tab 20mg,0212000B0AAABAB,42,28.165200000000002
661,E81059,Montelukast_Tab 10mg,0303020G0AAABAB,27,25.4016
677,E81050,Atorvastatin_Tab 80mg,0212000B0AAADAD,71,24.849999999999994
678,Y00560,Atorvastatin_Tab 80mg,0212000B0AAADAD,16,24.819200000000002
679,Y00561,Atorvastatin_Tab 80mg,0212000B0AAADAD,5,24.808
680,Y00522,Atorvastatin_Tab 80mg,0212000B0AAADAD,25,24.78
681,E81046,Atorvastatin_Tab 80mg,0212000B0AAADAD,60,24.69600000000001
662,E81002,Montelukast_Tab 10mg,0303020G0AAABAB,44,24.393600000000006
663,E81030,Montelukast_Tab 10mg,0303020G0AAABAB,26,24.387999999999998
664,E81074,Montelukast_Tab 10mg,0303020G0AAABAB,34,24.371200000000005
665,E81004,Montelukast_Tab 10mg,0303020G0AAABAB,19,24.3656
666,E81003,Montelukast_Tab 10mg,0303020G0AAABAB,30,24.360000000000003
46,E81069,Atorvastatin_Tab 10mg,0212000B0AAAAAA,21,23.284799999999997
47,E81047,Atorvastatin_Tab 10mg,0212000B0AAAAAA,39,23.2596
48,Y00260,Atorvastatin_Tab 10mg,0212000B0AAAAAA,6,23.251200000000004
49,E81034,Atorvastatin_Tab 10mg,0212000B0AAAAAA,34,23.228800000000003
591,E81057,Atorvastatin_Tab 40mg,0212000B0AAACAC,218,23.195199999999986
50,E81021,Atorvastatin_Tab 10mg,0212000B0AAAAAA,46,23.184
51,E81029,Atorvastatin_Tab 10mg,0212000B0AAAAAA,118,23.127999999999997
52,E81019,Atorvastatin_Tab 10mg,0212000B0AAAAAA,75,23.100000000000005
53,E81033,Atorvastatin_Tab 10mg,0212000B0AAAAAA,358,23.0552
54,E81046,Atorvastatin_Tab 10mg,0212000B0AAAAAA,161,22.9908
55,E81014,Atorvastatin_Tab 10mg,0212000B0AAAAAA,72,22.982400000000002
121,E81057,Quetiapine_Tab 25mg,0402010ABAAABAB,1,22.973999999999997
56,E81047,Atorvastatin_Tab 10mg,0212000B0AAAAAA,82,22.960000000000004
17,E81003,Atorvastatin_Tab 20mg,0212000B0AAABAB,281,22.8172
592,E81030,Atorvastatin_Tab 40mg,0212000B0AAACAC,65,22.750000000000007
593,E81003,Atorvastatin_Tab 40mg,0212000B0AAACAC,290,22.736000000000033
18,E81019,Atorvastatin_Tab 20mg,0212000B0AAABAB,99,22.730400000000017
253,E81022,Paracet_Tab 500mg,0407010H0AAAMAM,3,22.634999999999998
252,E81022,Paracet_Tab 500mg,0407010H0AAAMAM,3,22.634999999999998
19,Y00260,Atorvastatin_Tab 20mg,0212000B0AAABAB,29,22.573600000000003
20,E81038,Atorvastatin_Tab 20mg,0212000B0AAABAB,76,22.55680000000001
21,E81004,Atorvastatin_Tab 20mg,0212000B0AAABAB,277,22.4924
22,E81008,Atorvastatin_Tab 20mg,0212000B0AAABAB,146,22.48400000000002
594,E81077,Atorvastatin_Tab 40mg,0212000B0AAACAC,93,22.394400000000008
595,Y00560,Atorvastatin_Tab 40mg,0212000B0AAACAC,48,22.310399999999994
596,E81038,Atorvastatin_Tab 40mg,0212000B0AAACAC,63,22.226400000000012
254,E81050,Paracet_Tab 500mg,0407010H0AAAMAM,5,16.884000000000004
255,E81050,Paracet_Tab 500mg,0407010H0AAAMAM,5,16.884000000000004
597,Y00560,Atorvastatin_Tab 40mg,0212000B0AAACAC,1,16.690800000000003
256,E81037,Paracet_Tab 500mg,0407010H0AAAMAM,332,16.600000000000016
257,E81037,Paracet_Tab 500mg,0407010H0AAAMAM,332,16.600000000000016
122,E81015,Quetiapine_Tab 25mg,0402010ABAAABAB,2,15.3216
258,E81035,Paracet_Tab 500mg,0407010H0AAAMAM,52,15.079999999999998
259,E81035,Paracet_Tab 500mg,0407010H0AAAMAM,52,15.079999999999998
260,E81004,Paracet_Tab 500mg,0407010H0AAAMAM,78,14.820000000000018
261,E81004,Paracet_Tab 500mg,0407010H0AAAMAM,78,14.820000000000018
263,E81038,Paracet_Tab 500mg,0407010H0AAAMAM,3,14.4864
262,E81038,Paracet_Tab 500mg,0407010H0AAAMAM,3,14.4864
58,E81038,Atorvastatin_Tab 10mg,0212000B0AAAAAA,134,11.631200000000007
57,E81003,Atorvastatin_Tab 10mg,0212000B0AAAAAA,134,11.631200000000007
59,E81049,Atorvastatin_Tab 10mg,0212000B0AAAAAA,38,11.5976
61,E81029,Atorvastatin_Tab 10mg,0212000B0AAAAAA,45,11.592
60,E81060,Atorvastatin_Tab 10mg,0212000B0AAAAAA,45,11.592
62,E81009,Atorvastatin_Tab 10mg,0212000B0AAAAAA,59,11.563999999999998
63,E81030,Atorvastatin_Tab 10mg,0212000B0AAAAAA,49,11.524799999999997
264,E81029,Paracet_Tab 500mg,0407010H0AAAMAM,16,11.468800000000005
265,E81029,Paracet_Tab 500mg,0407010H0AAAMAM,16,11.468800000000005
64,E81035,Atorvastatin_Tab 10mg,0212000B0AAAAAA,184,11.334400000000002
267,E81050,Paracet_Tab 500mg,0407010H0AAAMAM,9,11.289600000000002
266,E81050,Paracet_Tab 500mg,0407010H0AAAMAM,9,11.289600000000002
269,E81052,Paracet_Tab 500mg,0407010H0AAAMAM,8,11.2896
268,E81027,Paracet_Tab 500mg,0407010H0AAAMAM,3,11.2896
271,E81027,Paracet_Tab 500mg,0407010H0AAAMAM,3,11.2896
270,E81052,Paracet_Tab 500mg,0407010H0AAAMAM,8,11.2896
272,E81060,Paracet_Tab 500mg,0407010H0AAAMAM,53,11.130000000000006
273,E81060,Paracet_Tab 500mg,0407010H0AAAMAM,53,11.130000000000006
274,E81002,Paracet_Tab 500mg,0407010H0AAAMAM,16,10.88
275,E81002,Paracet_Tab 500mg,0407010H0AAAMAM,16,10.88
276,E81029,Paracet_Tab 500mg,0407010H0AAAMAM,81,10.529999999999992
277,E81029,Paracet_Tab 500mg,0407010H0AAAMAM,81,10.529999999999992
279,E81029,Paracet_Tab 500mg,0407010H0AAAMAM,57,10.260000000000018
278,E81029,Paracet_Tab 500mg,0407010H0AAAMAM,57,10.260000000000018
281,E81047,Paracet_Tab 500mg,0407010H0AAAMAM,30,10.200000000000001
280,E81047,Paracet_Tab 500mg,0407010H0AAAMAM,30,10.200000000000001
282,E81056,Paracet_Tab 500mg,0407010H0AAAMAM,12,10.080000000000005
283,E81056,Paracet_Tab 500mg,0407010H0AAAMAM,12,10.080000000000005
284,E81003,Paracet_Tab 500mg,0407010H0AAAMAM,18,10.080000000000002
285,E81003,Paracet_Tab 500mg,0407010H0AAAMAM,18,10.080000000000002
286,E81057,Paracet_Tab 500mg,0407010H0AAAMAM,19,9.880000000000006
287,E81057,Paracet_Tab 500mg,0407010H0AAAMAM,19,9.880000000000006
289,E81004,Paracet_Tab 500mg,0407010H0AAAMAM,10,9.856000000000002
288,E81004,Paracet_Tab 500mg,0407010H0AAAMAM,10,9.856000000000002
290,E81037,Paracet_Tab 500mg,0407010H0AAAMAM,2,9.072000000000001
291,E81037,Paracet_Tab 500mg,0407010H0AAAMAM,2,9.072000000000001
293,E81022,Paracet_Tab 500mg,0407010H0AAAMAM,4,8.4672
292,E81022,Paracet_Tab 500mg,0407010H0AAAMAM,4,8.4672
294,E81019,Paracet_Tab 500mg,0407010H0AAAMAM,1,8.048
295,E81019,Paracet_Tab 500mg,0407010H0AAAMAM,1,8.048
296,E81060,Paracet_Tab 500mg,0407010H0AAAMAM,21,7.559999999999998
297,E81060,Paracet_Tab 500mg,0407010H0AAAMAM,21,7.559999999999998
682,E81035,Atorvastatin_Tab 80mg,0212000B0AAADAD,1,6.201999999999999
298,E81019,Paracet_Tab 500mg,0407010H0AAAMAM,119,5.9500000000000055
299,E81019,Paracet_Tab 500mg,0407010H0AAAMAM,119,5.9500000000000055
300,E81049,Paracet_Tab 500mg,0407010H0AAAMAM,23,5.667200000000001
301,E81049,Paracet_Tab 500mg,0407010H0AAAMAM,23,5.667200000000001
302,E81074,Paracet_Tab 500mg,0407010H0AAAMAM,46,5.409600000000003
303,E81074,Paracet_Tab 500mg,0407010H0AAAMAM,46,5.409600000000003
304,E81049,Paracet_Tab 500mg,0407010H0AAAMAM,47,5.170000000000002
305,E81049,Paracet_Tab 500mg,0407010H0AAAMAM,47,5.170000000000002
306,Y00522,Paracet_Tab 500mg,0407010H0AAAMAM,17,5.099999999999999
307,Y00522,Paracet_Tab 500mg,0407010H0AAAMAM,17,5.099999999999999
308,E81060,Paracet_Tab 500mg,0407010H0AAAMAM,15,5.0400000000000045
309,E81060,Paracet_Tab 500mg,0407010H0AAAMAM,15,5.0400000000000045
310,E81052,Paracet_Tab 500mg,0407010H0AAAMAM,62,4.960000000000013
311,E81052,Paracet_Tab 500mg,0407010H0AAAMAM,62,4.960000000000013
313,E81037,Paracet_Tab 500mg,0407010H0AAAMAM,55,4.928000000000013
312,E81037,Paracet_Tab 500mg,0407010H0AAAMAM,55,4.928000000000013
315,E81044,Paracet_Tab 500mg,0407010H0AAAMAM,122,4.880000000000013
314,E81044,Paracet_Tab 500mg,0407010H0AAAMAM,122,4.880000000000013
316,E81027,Paracet_Tab 500mg,0407010H0AAAMAM,94,4.700000000000005
317,E81027,Paracet_Tab 500mg,0407010H0AAAMAM,94,4.700000000000005
319,E81050,Paracet_Tab 500mg,0407010H0AAAMAM,94,4.700000000000005
318,E81050,Paracet_Tab 500mg,0407010H0AAAMAM,94,4.700000000000005
321,E81034,Paracet_Tab 500mg,0407010H0AAAMAM,77,3.850000000000003
320,E81034,Paracet_Tab 500mg,0407010H0AAAMAM,77,3.850000000000003
683,E81009,Atorvastatin_Tab 80mg,0212000B0AAADAD,13,3.6400000000000032
684,E81021,Atorvastatin_Tab 80mg,0212000B0AAADAD,19,3.6176000000000004
685,E81059,Atorvastatin_Tab 80mg,0212000B0AAADAD,47,3.421600000000007
323,E81019,Paracet_Tab 500mg,0407010H0AAAMAM,6,3.06
322,E81019,Paracet_Tab 500mg,0407010H0AAAMAM,6,3.06
325,E81035,Paracet_Tab 500mg,0407010H0AAAMAM,56,2.520000000000004
324,E81035,Paracet_Tab 500mg,0407010H0AAAMAM,56,2.520000000000004
327,E81023,Paracet_Tab 500mg,0407010H0AAAMAM,26,2.340000000000004
326,E81023,Paracet_Tab 500mg,0407010H0AAAMAM,26,2.340000000000004
328,E81030,Paracet_Tab 500mg,0407010H0AAAMAM,57,2.280000000000006
329,E81030,Paracet_Tab 500mg,0407010H0AAAMAM,57,2.280000000000006
667,E81027,Montelukast_Tab 10mg,0303020G0AAABAB,6,1.9824000000000008
668,E81033,Montelukast_Tab 10mg,0303020G0AAABAB,43,1.926400000000005
331,E81037,Paracet_Tab 500mg,0407010H0AAAMAM,89,1.7799999999999891
330,E81037,Paracet_Tab 500mg,0407010H0AAAMAM,89,1.7799999999999891
333,E81033,Paracet_Tab 500mg,0407010H0AAAMAM,151,1.509999999999991
332,E81033,Paracet_Tab 500mg,0407010H0AAAMAM,151,1.509999999999991
334,E81046,Paracet_Tab 500mg,0407010H0AAAMAM,127,1.2699999999999922
335,E81046,Paracet_Tab 500mg,0407010H0AAAMAM,127,1.2699999999999922
337,E81008,Paracet_Tab 500mg,0407010H0AAAMAM,63,1.2600000000000142
336,E81008,Paracet_Tab 500mg,0407010H0AAAMAM,63,1.2600000000000142
339,E81022,Paracet_Tab 500mg,0407010H0AAAMAM,28,1.120000000000003
338,E81022,Paracet_Tab 500mg,0407010H0AAAMAM,28,1.120000000000003
340,E81009,Paracet_Tab 500mg,0407010H0AAAMAM,109,1.0899999999999934
341,E81009,Paracet_Tab 500mg,0407010H0AAAMAM,109,1.0899999999999934
342,E81008,Paracet_Tab 500mg,0407010H0AAAMAM,18,1.0800000000000058
343,E81008,Paracet_Tab 500mg,0407010H0AAAMAM,18,1.0800000000000058
669,E81043,Montelukast_Tab 10mg,0303020G0AAABAB,8,1.008000000000001
23,E81050,Atorvastatin_Tab 20mg,0212000B0AAABAB,310,0.8680000000000249
686,E81030,Atorvastatin_Tab 80mg,0212000B0AAADAD,41,0.8036000000000071
598,E81059,Atorvastatin_Tab 40mg,0212000B0AAACAC,116,0.6495999999999961
599,E81056,Atorvastatin_Tab 40mg,0212000B0AAACAC,24,0.5376000000000014
65,E81050,Atorvastatin_Tab 10mg,0212000B0AAAAAA,176,0.492799999999997
600,E81002,Atorvastatin_Tab 40mg,0212000B0AAACAC,87,0.4871999999999971
344,E81059,Paracet_Tab 500mg,0407010H0AAAMAM,7,0.28000000000000075
345,E81059,Paracet_Tab 500mg,0407010H0AAAMAM,7,0.28000000000000075
346,E81035,Paracet_Tab 500mg,0407010H0AAAMAM,4,0.180000000000001
347,E81035,Paracet_Tab 500mg,0407010H0AAAMAM,4,0.180000000000001
24,E81029,Atorvastatin_Tab 20mg,0212000B0AAABAB,60,0.1680000000000048
348,E81015,Paracet_Tab 500mg,0407010H0AAAMAM,8,0.1343999999999992
349,E81015,Paracet_Tab 500mg,0407010H0AAAMAM,8,0.1343999999999992
351,E81043,Paracet_Tab 500mg,0407010H0AAAMAM,1,0.11519999999999997
350,E81043,Paracet_Tab 500mg,0407010H0AAAMAM,1,0.11519999999999997
687,E81021,Atorvastatin_Tab 80mg,0212000B0AAADAD,46,0.09660000000000277
66,E81008,Atorvastatin_Tab 10mg,0212000B0AAAAAA,43,0.09030000000000049
67,E81021,Atorvastatin_Tab 10mg,0212000B0AAAAAA,41,0.08610000000000048
124,E81038,Quetiapine_Tab 25mg,0402010ABAAABAB,15,0.08399999999999658
125,E81044,Quetiapine_Tab 25mg,0402010ABAAABAB,15,0.08399999999999658
123,E81037,Quetiapine_Tab 25mg,0402010ABAAABAB,15,0.08399999999999658
25,E81077,Atorvastatin_Tab 20mg,0212000B0AAABAB,17,0.0832999999999999
68,E81033,Atorvastatin_Tab 10mg,0212000B0AAAAAA,37,0.07770000000000044
69,E81069,Atorvastatin_Tab 10mg,0212000B0AAAAAA,29,0.060900000000000336
688,E81069,Atorvastatin_Tab 80mg,0212000B0AAADAD,28,0.058800000000001684
352,E81008,Paracet_Tab 500mg,0407010H0AAAMAM,14,0.058799999999999644
353,E81008,Paracet_Tab 500mg,0407010H0AAAMAM,14,0.058799999999999644
689,E81037,Atorvastatin_Tab 80mg,0212000B0AAADAD,27,0.056700000000001624
126,E81033,Quetiapine_Tab 25mg,0402010ABAAABAB,10,0.05599999999999772
127,E81044,Quetiapine_Tab 25mg,0402010ABAAABAB,6,0.050400000000001444
70,E81037,Atorvastatin_Tab 10mg,0212000B0AAAAAA,24,0.05040000000000028
354,E81052,Paracet_Tab 500mg,0407010H0AAAMAM,12,0.050399999999999695
355,E81052,Paracet_Tab 500mg,0407010H0AAAMAM,12,0.050399999999999695
356,E81043,Paracet_Tab 500mg,0407010H0AAAMAM,1,0.04479999999999995
357,E81043,Paracet_Tab 500mg,0407010H0AAAMAM,1,0.04479999999999995
128,E81036,Quetiapine_Tab 25mg,0402010ABAAABAB,8,0.044799999999998175
690,E81022,Atorvastatin_Tab 80mg,0212000B0AAADAD,21,0.04410000000000126
571,E81069,Memantine HCl_Tab 20mg,0411000G0AAADAD,9,0.04409999999999995
691,E81074,Atorvastatin_Tab 80mg,0212000B0AAADAD,20,0.0420000000000012
572,E81074,Memantine HCl_Tab 20mg,0411000G0AAADAD,8,0.03919999999999996
573,E81033,Memantine HCl_Tab 20mg,0411000G0AAADAD,8,0.03919999999999996
131,E81057,Quetiapine_Tab 25mg,0402010ABAAABAB,7,0.0391999999999984
132,E81060,Quetiapine_Tab 25mg,0402010ABAAABAB,7,0.0391999999999984
129,E81008,Quetiapine_Tab 25mg,0402010ABAAABAB,7,0.0391999999999984
130,E81029,Quetiapine_Tab 25mg,0402010ABAAABAB,7,0.0391999999999984
358,E81021,Paracet_Tab 500mg,0407010H0AAAMAM,2,0.03840000000000021
359,E81021,Paracet_Tab 500mg,0407010H0AAAMAM,2,0.03840000000000021
135,E81004,Quetiapine_Tab 25mg,0402010ABAAABAB,4,0.03360000000000096
134,E81029,Quetiapine_Tab 25mg,0402010ABAAABAB,4,0.03360000000000096
133,E81008,Quetiapine_Tab 25mg,0402010ABAAABAB,8,0.03360000000000096
360,E81044,Paracet_Tab 500mg,0407010H0AAAMAM,3,0.03360000000000038
361,E81044,Paracet_Tab 500mg,0407010H0AAAMAM,3,0.03360000000000038
72,E81007,Atorvastatin_Tab 10mg,0212000B0AAAAAA,16,0.033600000000000185
73,E81074,Atorvastatin_Tab 10mg,0212000B0AAAAAA,16,0.033600000000000185
615,E81033,Memantine HCl_Tab 10mg,0411000G0AAAAAA,8,0.033600000000000185
71,E81077,Atorvastatin_Tab 10mg,0212000B0AAAAAA,16,0.033600000000000185
362,Y00522,Paracet_Tab 500mg,0407010H0AAAMAM,12,0.0335999999999998
363,Y00522,Paracet_Tab 500mg,0407010H0AAAMAM,12,0.0335999999999998
364,E81037,Paracet_Tab 500mg,0407010H0AAAMAM,5,0.02999999999999982
367,E81008,Paracet_Tab 500mg,0407010H0AAAMAM,5,0.02999999999999982
365,E81037,Paracet_Tab 500mg,0407010H0AAAMAM,5,0.02999999999999982
366,E81008,Paracet_Tab 500mg,0407010H0AAAMAM,5,0.02999999999999982
574,E81037,Memantine HCl_Tab 20mg,0411000G0AAADAD,6,0.029399999999999968
136,E81057,Quetiapine_Tab 25mg,0402010ABAAABAB,2,0.028000000000000802
137,E81037,Quetiapine_Tab 25mg,0402010ABAAABAB,8,0.028000000000000802
138,E81611,Quetiapine_Tab 25mg,0402010ABAAABAB,2,0.028000000000000802
141,E81027,Quetiapine_Tab 25mg,0402010ABAAABAB,5,0.02799999999999886
142,E81004,Quetiapine_Tab 25mg,0402010ABAAABAB,5,0.02799999999999886
139,E81046,Quetiapine_Tab 25mg,0402010ABAAABAB,5,0.02799999999999886
140,E81007,Quetiapine_Tab 25mg,0402010ABAAABAB,5,0.02799999999999886
692,E81008,Atorvastatin_Tab 80mg,0212000B0AAADAD,13,0.027300000000000782
144,E81008,Quetiapine_Tab 25mg,0402010ABAAABAB,3,0.025200000000000722
694,E81033,Atorvastatin_Tab 80mg,0212000B0AAADAD,12,0.025200000000000722
693,E81038,Atorvastatin_Tab 80mg,0212000B0AAADAD,12,0.025200000000000722
143,E81027,Quetiapine_Tab 25mg,0402010ABAAABAB,3,0.025200000000000722
74,E81031,Atorvastatin_Tab 10mg,0212000B0AAAAAA,12,0.02520000000000014
575,E81008,Memantine HCl_Tab 20mg,0411000G0AAADAD,5,0.024499999999999973
368,E81045,Paracet_Tab 500mg,0407010H0AAAMAM,4,0.023999999999999855
369,E81045,Paracet_Tab 500mg,0407010H0AAAMAM,4,0.023999999999999855
370,E81008,Paracet_Tab 500mg,0407010H0AAAMAM,8,0.022399999999999864
371,E81008,Paracet_Tab 500mg,0407010H0AAAMAM,8,0.022399999999999864
145,E81009,Quetiapine_Tab 25mg,0402010ABAAABAB,4,0.022399999999999087
695,E81024,Atorvastatin_Tab 80mg,0212000B0AAADAD,10,0.0210000000000006
146,E81008,Quetiapine_Tab 25mg,0402010ABAAABAB,6,0.0210000000000006
372,E81050,Paracet_Tab 500mg,0407010H0AAAMAM,7,0.020999999999999873
373,E81050,Paracet_Tab 500mg,0407010H0AAAMAM,7,0.020999999999999873
375,E81069,Paracet_Tab 500mg,0407010H0AAAMAM,5,0.020999999999999873
374,E81069,Paracet_Tab 500mg,0407010H0AAAMAM,5,0.020999999999999873
576,E81050,Memantine HCl_Tab 20mg,0411000G0AAADAD,4,0.01959999999999998
696,Y00522,Atorvastatin_Tab 80mg,0212000B0AAADAD,9,0.01890000000000054
75,E81050,Atorvastatin_Tab 10mg,0212000B0AAAAAA,9,0.018900000000000104
376,E81050,Paracet_Tab 500mg,0407010H0AAAMAM,3,0.01799999999999989
377,E81015,Paracet_Tab 500mg,0407010H0AAAMAM,3,0.01799999999999989
378,E81015,Paracet_Tab 500mg,0407010H0AAAMAM,3,0.01799999999999989
379,E81050,Paracet_Tab 500mg,0407010H0AAAMAM,3,0.01799999999999989
380,E81046,Paracet_Tab 500mg,0407010H0AAAMAM,3,0.01799999999999989
381,E81046,Paracet_Tab 500mg,0407010H0AAAMAM,3,0.01799999999999989
616,E81037,Memantine HCl_Tab 10mg,0411000G0AAAAAA,4,0.01680000000000048
149,E81045,Quetiapine_Tab 25mg,0402010ABAAABAB,2,0.01680000000000048
147,Y00260,Quetiapine_Tab 25mg,0402010ABAAABAB,2,0.01680000000000048
697,E81050,Atorvastatin_Tab 80mg,0212000B0AAADAD,8,0.01680000000000048
152,E81004,Quetiapine_Tab 25mg,0402010ABAAABAB,4,0.01680000000000048
151,E81074,Quetiapine_Tab 25mg,0402010ABAAABAB,2,0.01680000000000048
150,E81043,Quetiapine_Tab 25mg,0402010ABAAABAB,2,0.01680000000000048
148,E81019,Quetiapine_Tab 25mg,0402010ABAAABAB,2,0.01680000000000048
617,E81019,Memantine HCl_Tab 10mg,0411000G0AAAAAA,4,0.01680000000000048
618,E81044,Memantine HCl_Tab 10mg,0411000G0AAAAAA,4,0.016800000000000093
76,E81030,Atorvastatin_Tab 10mg,0212000B0AAAAAA,8,0.016800000000000093
78,E81034,Atorvastatin_Tab 10mg,0212000B0AAAAAA,8,0.016800000000000093
77,Y00260,Atorvastatin_Tab 10mg,0212000B0AAAAAA,8,0.016800000000000093
619,E81046,Memantine HCl_Tab 10mg,0411000G0AAAAAA,4,0.016800000000000093
382,Y00260,Paracet_Tab 500mg,0407010H0AAAMAM,4,0.0167999999999999
383,Y00260,Paracet_Tab 500mg,0407010H0AAAMAM,4,0.0167999999999999
384,E81037,Paracet_Tab 500mg,0407010H0AAAMAM,4,0.0167999999999999
385,E81037,Paracet_Tab 500mg,0407010H0AAAMAM,4,0.0167999999999999
156,E81002,Quetiapine_Tab 25mg,0402010ABAAABAB,3,0.016799999999999315
155,E81611,Quetiapine_Tab 25mg,0402010ABAAABAB,3,0.016799999999999315
153,Y00561,Quetiapine_Tab 25mg,0402010ABAAABAB,3,0.016799999999999315
154,E81030,Quetiapine_Tab 25mg,0402010ABAAABAB,3,0.016799999999999315
386,E81008,Paracet_Tab 500mg,0407010H0AAAMAM,11,0.015399999999999907
387,E81008,Paracet_Tab 500mg,0407010H0AAAMAM,11,0.015399999999999907
698,E81077,Atorvastatin_Tab 80mg,0212000B0AAADAD,7,0.014700000000000421
699,E81019,Atorvastatin_Tab 80mg,0212000B0AAADAD,7,0.014700000000000421
79,E81038,Atorvastatin_Tab 10mg,0212000B0AAAAAA,7,0.014700000000000081
80,Y00328,Atorvastatin_Tab 10mg,0212000B0AAAAAA,7,0.014700000000000081
159,E81033,Quetiapine_Tab 25mg,0402010ABAAABAB,1,0.014000000000000401
158,E81044,Quetiapine_Tab 25mg,0402010ABAAABAB,1,0.014000000000000401
160,E81015,Quetiapine_Tab 25mg,0402010ABAAABAB,4,0.014000000000000401
157,E81008,Quetiapine_Tab 25mg,0402010ABAAABAB,1,0.014000000000000401
161,E81003,Quetiapine_Tab 25mg,0402010ABAAABAB,1,0.014000000000000401
162,E81004,Quetiapine_Tab 25mg,0402010ABAAABAB,1,0.014000000000000401
81,E81037,Atorvastatin_Tab 10mg,0212000B0AAAAAA,3,0.0138
164,E81027,Quetiapine_Tab 25mg,0402010ABAAABAB,3,0.012600000000000361
700,E81030,Atorvastatin_Tab 80mg,0212000B0AAADAD,6,0.012600000000000361
620,E81029,Memantine HCl_Tab 10mg,0411000G0AAAAAA,3,0.012600000000000361
163,E81019,Quetiapine_Tab 25mg,0402010ABAAABAB,3,0.012600000000000361
82,E81050,Atorvastatin_Tab 10mg,0212000B0AAAAAA,3,0.01260000000000007
83,E81611,Atorvastatin_Tab 10mg,0212000B0AAAAAA,6,0.01260000000000007
717,E81044,Aripiprazole_Tab 15mg,0402010ADAAABAB,3,0.012599999999999778
392,E81012,Paracet_Tab 500mg,0407010H0AAAMAM,2,0.011999999999999927
393,E81036,Paracet_Tab 500mg,0407010H0AAAMAM,2,0.011999999999999927
391,E81036,Paracet_Tab 500mg,0407010H0AAAMAM,2,0.011999999999999927
390,E81035,Paracet_Tab 500mg,0407010H0AAAMAM,2,0.011999999999999927
389,E81035,Paracet_Tab 500mg,0407010H0AAAMAM,2,0.011999999999999927
388,E81012,Paracet_Tab 500mg,0407010H0AAAMAM,2,0.011999999999999927
397,E81050,Paracet_Tab 500mg,0407010H0AAAMAM,4,0.011199999999999932
395,E81050,Paracet_Tab 500mg,0407010H0AAAMAM,4,0.011199999999999932
394,E81069,Paracet_Tab 500mg,0407010H0AAAMAM,4,0.011199999999999932
396,E81069,Paracet_Tab 500mg,0407010H0AAAMAM,4,0.011199999999999932
168,E81069,Quetiapine_Tab 25mg,0402010ABAAABAB,2,0.011199999999999544
170,E81022,Quetiapine_Tab 25mg,0402010ABAAABAB,2,0.011199999999999544
165,Y00260,Quetiapine_Tab 25mg,0402010ABAAABAB,2,0.011199999999999544
166,E81050,Quetiapine_Tab 25mg,0402010ABAAABAB,2,0.011199999999999544
167,E81014,Quetiapine_Tab 25mg,0402010ABAAABAB,2,0.011199999999999544
169,E81003,Quetiapine_Tab 25mg,0402010ABAAABAB,2,0.011199999999999544
398,E81037,Paracet_Tab 500mg,0407010H0AAAMAM,2,0.008799999999999947
399,E81037,Paracet_Tab 500mg,0407010H0AAAMAM,2,0.008799999999999947
184,E81022,Quetiapine_Tab 25mg,0402010ABAAABAB,2,0.00840000000000024
171,E81035,Quetiapine_Tab 25mg,0402010ABAAABAB,1,0.00840000000000024
185,E81047,Quetiapine_Tab 25mg,0402010ABAAABAB,1,0.00840000000000024
701,E81030,Atorvastatin_Tab 80mg,0212000B0AAADAD,2,0.00840000000000024
624,E81038,Memantine HCl_Tab 10mg,0411000G0AAAAAA,2,0.00840000000000024
623,E81033,Memantine HCl_Tab 10mg,0411000G0AAAAAA,2,0.00840000000000024
622,E81049,Memantine HCl_Tab 10mg,0411000G0AAAAAA,2,0.00840000000000024
621,E81015,Memantine HCl_Tab 10mg,0411000G0AAAAAA,2,0.00840000000000024
702,Y00260,Atorvastatin_Tab 80mg,0212000B0AAADAD,4,0.00840000000000024
703,E81022,Atorvastatin_Tab 80mg,0212000B0AAADAD,2,0.00840000000000024
704,E81047,Atorvastatin_Tab 80mg,0212000B0AAADAD,4,0.00840000000000024
189,E81049,Quetiapine_Tab 25mg,0402010ABAAABAB,1,0.00840000000000024
188,E81057,Quetiapine_Tab 25mg,0402010ABAAABAB,1,0.00840000000000024
187,E81611,Quetiapine_Tab 25mg,0402010ABAAABAB,1,0.00840000000000024
172,E81003,Quetiapine_Tab 25mg,0402010ABAAABAB,1,0.00840000000000024
186,E81009,Quetiapine_Tab 25mg,0402010ABAAABAB,1,0.00840000000000024
183,Y00561,Quetiapine_Tab 25mg,0402010ABAAABAB,1,0.00840000000000024
182,E81050,Quetiapine_Tab 25mg,0402010ABAAABAB,1,0.00840000000000024
181,E81069,Quetiapine_Tab 25mg,0402010ABAAABAB,1,0.00840000000000024
180,E81059,Quetiapine_Tab 25mg,0402010ABAAABAB,1,0.00840000000000024
179,E81077,Quetiapine_Tab 25mg,0402010ABAAABAB,1,0.00840000000000024
178,E81012,Quetiapine_Tab 25mg,0402010ABAAABAB,1,0.00840000000000024
177,E81046,Quetiapine_Tab 25mg,0402010ABAAABAB,1,0.00840000000000024
176,E81060,Quetiapine_Tab 25mg,0402010ABAAABAB,1,0.00840000000000024
175,E81060,Quetiapine_Tab 25mg,0402010ABAAABAB,2,0.00840000000000024
174,E81033,Quetiapine_Tab 25mg,0402010ABAAABAB,1,0.00840000000000024
173,E81052,Quetiapine_Tab 25mg,0402010ABAAABAB,1,0.00840000000000024
84,E81022,Atorvastatin_Tab 10mg,0212000B0AAAAAA,4,0.008400000000000046
86,E81044,Atorvastatin_Tab 10mg,0212000B0AAAAAA,2,0.008400000000000046
89,E81046,Atorvastatin_Tab 10mg,0212000B0AAAAAA,2,0.008400000000000046
90,E81036,Atorvastatin_Tab 10mg,0212000B0AAAAAA,4,0.008400000000000046
85,E81037,Atorvastatin_Tab 10mg,0212000B0AAAAAA,2,0.008400000000000046
91,E81027,Atorvastatin_Tab 10mg,0212000B0AAAAAA,2,0.008400000000000046
92,Y00561,Atorvastatin_Tab 10mg,0212000B0AAAAAA,2,0.008400000000000046
93,E81024,Atorvastatin_Tab 10mg,0212000B0AAAAAA,4,0.008400000000000046
88,E81049,Atorvastatin_Tab 10mg,0212000B0AAAAAA,4,0.008400000000000046
87,E81038,Atorvastatin_Tab 10mg,0212000B0AAAAAA,2,0.008400000000000046
400,E81007,Paracet_Tab 500mg,0407010H0AAAMAM,3,0.00839999999999995
401,E81007,Paracet_Tab 500mg,0407010H0AAAMAM,3,0.00839999999999995
719,E81034,Aripiprazole_Tab 15mg,0402010ADAAABAB,2,0.008399999999999852
718,E81029,Aripiprazole_Tab 15mg,0402010ADAAABAB,2,0.008399999999999852
190,E81038,Quetiapine_Tab 25mg,0402010ABAAABAB,5,0.007999999999999674
191,E81029,Quetiapine_Tab 25mg,0402010ABAAABAB,1,0.006500000000000186
601,E81004,Atorvastatin_Tab 40mg,0212000B0AAACAC,1,0.006399999999999961
94,E81043,Atorvastatin_Tab 10mg,0212000B0AAAAAA,3,0.006300000000000035
602,E81057,Atorvastatin_Tab 40mg,0212000B0AAACAC,1,0.006000000000000172
26,E81029,Atorvastatin_Tab 20mg,0212000B0AAABAB,1,0.006000000000000172
405,E81038,Paracet_Tab 500mg,0407010H0AAAMAM,1,0.005999999999999964
408,E81074,Paracet_Tab 500mg,0407010H0AAAMAM,2,0.005999999999999964
402,E81047,Paracet_Tab 500mg,0407010H0AAAMAM,2,0.005999999999999964
403,E81074,Paracet_Tab 500mg,0407010H0AAAMAM,1,0.005999999999999964
404,E81044,Paracet_Tab 500mg,0407010H0AAAMAM,1,0.005999999999999964
407,E81077,Paracet_Tab 500mg,0407010H0AAAMAM,1,0.005999999999999964
409,E81038,Paracet_Tab 500mg,0407010H0AAAMAM,1,0.005999999999999964
410,E81074,Paracet_Tab 500mg,0407010H0AAAMAM,2,0.005999999999999964
411,E81033,Paracet_Tab 500mg,0407010H0AAAMAM,1,0.005999999999999964
412,E81037,Paracet_Tab 500mg,0407010H0AAAMAM,2,0.005999999999999964
413,E81047,Paracet_Tab 500mg,0407010H0AAAMAM,2,0.005999999999999964
414,E81077,Paracet_Tab 500mg,0407010H0AAAMAM,1,0.005999999999999964
415,E81044,Paracet_Tab 500mg,0407010H0AAAMAM,1,0.005999999999999964
416,E81074,Paracet_Tab 500mg,0407010H0AAAMAM,1,0.005999999999999964
417,E81033,Paracet_Tab 500mg,0407010H0AAAMAM,1,0.005999999999999964
406,E81037,Paracet_Tab 500mg,0407010H0AAAMAM,2,0.005999999999999964
421,E81033,Paracet_Tab 500mg,0407010H0AAAMAM,4,0.005599999999999966
418,E81074,Paracet_Tab 500mg,0407010H0AAAMAM,4,0.005599999999999966
423,E81033,Paracet_Tab 500mg,0407010H0AAAMAM,4,0.005599999999999966
422,E81044,Paracet_Tab 500mg,0407010H0AAAMAM,2,0.005599999999999966
420,E81069,Paracet_Tab 500mg,0407010H0AAAMAM,4,0.005599999999999966
419,E81044,Paracet_Tab 500mg,0407010H0AAAMAM,2,0.005599999999999966
424,E81074,Paracet_Tab 500mg,0407010H0AAAMAM,4,0.005599999999999966
425,E81069,Paracet_Tab 500mg,0407010H0AAAMAM,4,0.005599999999999966
196,E81049,Quetiapine_Tab 25mg,0402010ABAAABAB,1,0.005599999999999772
195,E81023,Quetiapine_Tab 25mg,0402010ABAAABAB,1,0.005599999999999772
194,E81077,Quetiapine_Tab 25mg,0402010ABAAABAB,1,0.005599999999999772
193,Y00522,Quetiapine_Tab 25mg,0402010ABAAABAB,1,0.005599999999999772
192,E81043,Quetiapine_Tab 25mg,0402010ABAAABAB,1,0.005599999999999772
197,E81059,Quetiapine_Tab 25mg,0402010ABAAABAB,1,0.005599999999999772
199,E81045,Quetiapine_Tab 25mg,0402010ABAAABAB,1,0.005599999999999772
201,E81047,Quetiapine_Tab 25mg,0402010ABAAABAB,1,0.005599999999999772
202,E81056,Quetiapine_Tab 25mg,0402010ABAAABAB,1,0.005599999999999772
203,E81021,Quetiapine_Tab 25mg,0402010ABAAABAB,1,0.005599999999999772
200,E81074,Quetiapine_Tab 25mg,0402010ABAAABAB,1,0.005599999999999772
198,E81019,Quetiapine_Tab 25mg,0402010ABAAABAB,1,0.005599999999999772
204,E81052,Quetiapine_Tab 25mg,0402010ABAAABAB,1,0.005000000000000143
578,E81015,Memantine HCl_Tab 20mg,0411000G0AAADAD,1,0.004899999999999995
577,E81031,Memantine HCl_Tab 20mg,0411000G0AAADAD,1,0.004899999999999995
705,E81037,Atorvastatin_Tab 80mg,0212000B0AAADAD,1,0.00420000000000012
629,E81069,Memantine HCl_Tab 10mg,0411000G0AAAAAA,1,0.00420000000000012
628,E81045,Memantine HCl_Tab 10mg,0411000G0AAAAAA,1,0.00420000000000012
627,E81027,Memantine HCl_Tab 10mg,0411000G0AAAAAA,1,0.00420000000000012
626,E81024,Memantine HCl_Tab 10mg,0411000G0AAAAAA,1,0.00420000000000012
625,E81047,Memantine HCl_Tab 10mg,0411000G0AAAAAA,1,0.00420000000000012
634,E81635,Memantine HCl_Tab 10mg,0411000G0AAAAAA,1,0.004200000000000023
95,E81027,Atorvastatin_Tab 10mg,0212000B0AAAAAA,2,0.004200000000000023
630,E81029,Memantine HCl_Tab 10mg,0411000G0AAAAAA,1,0.004200000000000023
631,E81004,Memantine HCl_Tab 10mg,0411000G0AAAAAA,1,0.004200000000000023
632,E81038,Memantine HCl_Tab 10mg,0411000G0AAAAAA,1,0.004200000000000023
633,E81035,Memantine HCl_Tab 10mg,0411000G0AAAAAA,1,0.004200000000000023
429,E81044,Paracet_Tab 500mg,0407010H0AAAMAM,1,0.004199999999999975
428,E81033,Paracet_Tab 500mg,0407010H0AAAMAM,1,0.004199999999999975
430,E81045,Paracet_Tab 500mg,0407010H0AAAMAM,1,0.004199999999999975
426,E81033,Paracet_Tab 500mg,0407010H0AAAMAM,1,0.004199999999999975
427,E81045,Paracet_Tab 500mg,0407010H0AAAMAM,1,0.004199999999999975
431,E81044,Paracet_Tab 500mg,0407010H0AAAMAM,1,0.004199999999999975
722,Y00260,Aripiprazole_Tab 15mg,0402010ADAAABAB,1,0.004199999999999926
721,Y00561,Aripiprazole_Tab 15mg,0402010ADAAABAB,1,0.004199999999999926
723,E81009,Aripiprazole_Tab 15mg,0402010ADAAABAB,1,0.004199999999999926
720,E81074,Aripiprazole_Tab 15mg,0402010ADAAABAB,1,0.004199999999999926
433,E81024,Paracet_Tab 500mg,0407010H0AAAMAM,1,0.0040000000000000105
432,E81024,Paracet_Tab 500mg,0407010H0AAAMAM,1,0.0040000000000000105
96,Y05712,Atorvastatin_Tab 10mg,0212000B0AAAAAA,1,0.0039000000000000076
205,E81044,Quetiapine_Tab 25mg,0402010ABAAABAB,1,0.0035000000000001003
206,E81022,Quetiapine_Tab 25mg,0402010ABAAABAB,1,0.0035000000000001003
635,E81030,Memantine HCl_Tab 10mg,0411000G0AAAAAA,1,0.0033999999999999794
603,E81015,Atorvastatin_Tab 40mg,0212000B0AAACAC,1,0.0033000000000000945
97,E81038,Atorvastatin_Tab 10mg,0212000B0AAAAAA,1,0.003200000000000036
706,E81029,Atorvastatin_Tab 80mg,0212000B0AAADAD,1,0.003000000000000086
604,E81037,Atorvastatin_Tab 40mg,0212000B0AAACAC,1,0.0030000000000000165
438,E81057,Paracet_Tab 500mg,0407010H0AAAMAM,1,0.002999999999999982
439,E81033,Paracet_Tab 500mg,0407010H0AAAMAM,1,0.002999999999999982
441,E81009,Paracet_Tab 500mg,0407010H0AAAMAM,1,0.002999999999999982
440,E81019,Paracet_Tab 500mg,0407010H0AAAMAM,1,0.002999999999999982
449,Y05712,Paracet_Tab 500mg,0407010H0AAAMAM,1,0.002999999999999982
442,Y05712,Paracet_Tab 500mg,0407010H0AAAMAM,1,0.002999999999999982
448,E81059,Paracet_Tab 500mg,0407010H0AAAMAM,1,0.002999999999999982
434,E81029,Paracet_Tab 500mg,0407010H0AAAMAM,1,0.002999999999999982
435,E81038,Paracet_Tab 500mg,0407010H0AAAMAM,1,0.002999999999999982
443,E81019,Paracet_Tab 500mg,0407010H0AAAMAM,1,0.002999999999999982
436,E81038,Paracet_Tab 500mg,0407010H0AAAMAM,1,0.002999999999999982
437,E81059,Paracet_Tab 500mg,0407010H0AAAMAM,1,0.002999999999999982
447,E81057,Paracet_Tab 500mg,0407010H0AAAMAM,1,0.002999999999999982
446,E81033,Paracet_Tab 500mg,0407010H0AAAMAM,1,0.002999999999999982
445,E81009,Paracet_Tab 500mg,0407010H0AAAMAM,1,0.002999999999999982
444,E81029,Paracet_Tab 500mg,0407010H0AAAMAM,1,0.002999999999999982
450,E81029,Paracet_Tab 500mg,0407010H0AAAMAM,1,0.002799999999999983
451,E81029,Paracet_Tab 500mg,0407010H0AAAMAM,1,0.002799999999999983
452,E81059,Paracet_Tab 500mg,0407010H0AAAMAM,1,0.002799999999999983
454,E81034,Paracet_Tab 500mg,0407010H0AAAMAM,1,0.002799999999999983
455,E81034,Paracet_Tab 500mg,0407010H0AAAMAM,1,0.002799999999999983
456,E81044,Paracet_Tab 500mg,0407010H0AAAMAM,2,0.002799999999999983
457,E81044,Paracet_Tab 500mg,0407010H0AAAMAM,2,0.002799999999999983
453,E81059,Paracet_Tab 500mg,0407010H0AAAMAM,1,0.002799999999999983
98,E81004,Atorvastatin_Tab 10mg,0212000B0AAAAAA,1,0.0021999999999999867
707,Y02428,Atorvastatin_Tab 80mg,0212000B0AAADAD,1,0.00210000000000006
99,E81019,Atorvastatin_Tab 10mg,0212000B0AAAAAA,1,0.0021000000000000116
458,E81074,Paracet_Tab 500mg,0407010H0AAAMAM,3,0.0020999999999999873
459,E81074,Paracet_Tab 500mg,0407010H0AAAMAM,3,0.0020999999999999873
724,Y05712,Aripiprazole_Tab 15mg,0402010ADAAABAB,1,0.0020999999999997687
27,E81037,Atorvastatin_Tab 20mg,0212000B0AAABAB,1,0.00180000000000001
28,E81024,Atorvastatin_Tab 20mg,0212000B0AAABAB,1,0.00180000000000001
579,E81037,Memantine HCl_Tab 20mg,0411000G0AAADAD,1,0.0013999999999999985
460,E81050,Paracet_Tab 500mg,0407010H0AAAMAM,1,0.0013999999999999915
461,E81050,Paracet_Tab 500mg,0407010H0AAAMAM,1,0.0013999999999999915
580,E81033,Memantine HCl_Tab 20mg,0411000G0AAADAD,1,0.0006999999999999992
636,Y05712,Memantine HCl_Tab 10mg,0411000G0AAAAAA,1,-0.0003999999999999976
637,E81003,Memantine HCl_Tab 10mg,0411000G0AAAAAA,1,-0.0003999999999999976
467,E81045,Paracet_Tab 500mg,0407010H0AAAMAM,1,-0.001999999999999988
466,E81003,Paracet_Tab 500mg,0407010H0AAAMAM,1,-0.001999999999999988
465,E81049,Paracet_Tab 500mg,0407010H0AAAMAM,1,-0.001999999999999988
464,E81045,Paracet_Tab 500mg,0407010H0AAAMAM,1,-0.001999999999999988
463,E81003,Paracet_Tab 500mg,0407010H0AAAMAM,1,-0.001999999999999988
462,E81049,Paracet_Tab 500mg,0407010H0AAAMAM,1,-0.001999999999999988
468,E81033,Paracet_Tab 500mg,0407010H0AAAMAM,1,-0.0021999999999999867
469,E81033,Paracet_Tab 500mg,0407010H0AAAMAM,1,-0.0021999999999999867
638,E81014,Memantine HCl_Tab 10mg,0411000G0AAAAAA,1,-0.002799999999999983
725,E81019,Aripiprazole_Tab 15mg,0402010ADAAABAB,1,-0.00280000000000008
211,E81002,Quetiapine_Tab 25mg,0402010ABAAABAB,1,-0.00280000000000008
207,Y00522,Quetiapine_Tab 25mg,0402010ABAAABAB,1,-0.00280000000000008
212,E81019,Quetiapine_Tab 25mg,0402010ABAAABAB,2,-0.00280000000000008
210,E81050,Quetiapine_Tab 25mg,0402010ABAAABAB,1,-0.00280000000000008
209,E81060,Quetiapine_Tab 25mg,0402010ABAAABAB,1,-0.00280000000000008
208,E81031,Quetiapine_Tab 25mg,0402010ABAAABAB,1,-0.00280000000000008
29,E81004,Atorvastatin_Tab 20mg,0212000B0AAABAB,1,-0.0029999999999998778
30,E81037,Atorvastatin_Tab 20mg,0212000B0AAABAB,1,-0.0029999999999998778
605,E81050,Atorvastatin_Tab 40mg,0212000B0AAACAC,1,-0.0029999999999998778
581,E81049,Memantine HCl_Tab 20mg,0411000G0AAADAD,1,-0.002999999999999947
100,E81047,Atorvastatin_Tab 10mg,0212000B0AAAAAA,1,-0.002999999999999982
101,E81035,Atorvastatin_Tab 10mg,0212000B0AAAAAA,1,-0.002999999999999982
708,E81004,Atorvastatin_Tab 80mg,0212000B0AAADAD,1,-0.003000000000000086
102,E81033,Atorvastatin_Tab 10mg,0212000B0AAAAAA,1,-0.0031999999999999806
709,Y05712,Atorvastatin_Tab 80mg,0212000B0AAADAD,1,-0.0032999999999999696
213,E81009,Quetiapine_Tab 25mg,0402010ABAAABAB,1,-0.0034000000000000974
710,E81046,Atorvastatin_Tab 80mg,0212000B0AAADAD,1,-0.0035999999999999366
214,E81003,Quetiapine_Tab 25mg,0402010ABAAABAB,1,-0.00360000000000002
215,E81004,Quetiapine_Tab 25mg,0402010ABAAABAB,1,-0.003600000000000103
639,E81044,Memantine HCl_Tab 10mg,0411000G0AAAAAA,1,-0.003999999999999976
103,E81003,Atorvastatin_Tab 10mg,0212000B0AAAAAA,1,-0.003999999999999976
472,E81015,Paracet_Tab 500mg,0407010H0AAAMAM,1,-0.003999999999999976
470,E81036,Paracet_Tab 500mg,0407010H0AAAMAM,1,-0.003999999999999976
471,E81019,Paracet_Tab 500mg,0407010H0AAAMAM,1,-0.003999999999999976
473,E81036,Paracet_Tab 500mg,0407010H0AAAMAM,1,-0.003999999999999976
474,E81015,Paracet_Tab 500mg,0407010H0AAAMAM,1,-0.003999999999999976
475,E81019,Paracet_Tab 500mg,0407010H0AAAMAM,1,-0.003999999999999976
104,E81077,Atorvastatin_Tab 10mg,0212000B0AAAAAA,1,-0.004199999999999975
606,E81003,Atorvastatin_Tab 40mg,0212000B0AAACAC,1,-0.004199999999999995
217,E81019,Quetiapine_Tab 25mg,0402010ABAAABAB,1,-0.00420000000000012
216,E81060,Quetiapine_Tab 25mg,0402010ABAAABAB,1,-0.00420000000000012
670,Y05712,Montelukast_Tab 10mg,0303020G0AAABAB,1,-0.004299999999999998
607,E81037,Atorvastatin_Tab 40mg,0212000B0AAACAC,1,-0.004499999999999817
481,E81004,Paracet_Tab 500mg,0407010H0AAAMAM,1,-0.005599999999999966
485,E81004,Paracet_Tab 500mg,0407010H0AAAMAM,1,-0.005599999999999966
484,E81027,Paracet_Tab 500mg,0407010H0AAAMAM,1,-0.005599999999999966
483,E81057,Paracet_Tab 500mg,0407010H0AAAMAM,1,-0.005599999999999966
482,E81077,Paracet_Tab 500mg,0407010H0AAAMAM,1,-0.005599999999999966
479,E81030,Paracet_Tab 500mg,0407010H0AAAMAM,1,-0.005599999999999966
480,E81057,Paracet_Tab 500mg,0407010H0AAAMAM,1,-0.005599999999999966
487,E81027,Paracet_Tab 500mg,0407010H0AAAMAM,1,-0.005599999999999966
478,E81030,Paracet_Tab 500mg,0407010H0AAAMAM,1,-0.005599999999999966
476,E81077,Paracet_Tab 500mg,0407010H0AAAMAM,1,-0.005599999999999966
486,E81015,Paracet_Tab 500mg,0407010H0AAAMAM,1,-0.005599999999999966
477,E81015,Paracet_Tab 500mg,0407010H0AAAMAM,1,-0.005599999999999966
221,Y00260,Quetiapine_Tab 25mg,0402010ABAAABAB,2,-0.00560000000000016
726,E81008,Aripiprazole_Tab 15mg,0402010ADAAABAB,2,-0.00560000000000016
218,E81077,Quetiapine_Tab 25mg,0402010ABAAABAB,2,-0.00560000000000016
219,E81046,Quetiapine_Tab 25mg,0402010ABAAABAB,4,-0.00560000000000016
220,E81044,Quetiapine_Tab 25mg,0402010ABAAABAB,4,-0.00560000000000016
671,E81059,Montelukast_Tab 10mg,0303020G0AAABAB,1,-0.005799999999999965
32,E81008,Atorvastatin_Tab 20mg,0212000B0AAABAB,2,-0.0059999999999997555
31,E81044,Atorvastatin_Tab 20mg,0212000B0AAABAB,2,-0.0059999999999997555
108,E81015,Atorvastatin_Tab 10mg,0212000B0AAAAAA,1,-0.005999999999999964
105,E81037,Atorvastatin_Tab 10mg,0212000B0AAAAAA,1,-0.005999999999999964
106,E81002,Atorvastatin_Tab 10mg,0212000B0AAAAAA,2,-0.005999999999999964
107,E81047,Atorvastatin_Tab 10mg,0212000B0AAAAAA,1,-0.005999999999999964
640,E81050,Memantine HCl_Tab 10mg,0411000G0AAAAAA,1,-0.006000000000000172
641,E81021,Memantine HCl_Tab 10mg,0411000G0AAAAAA,4,-0.006399999999999961
223,E81037,Quetiapine_Tab 25mg,0402010ABAAABAB,5,-0.0070000000000002005
222,E81030,Quetiapine_Tab 25mg,0402010ABAAABAB,5,-0.0070000000000002005
226,E81038,Quetiapine_Tab 25mg,0402010ABAAABAB,2,-0.00840000000000024
225,E81045,Quetiapine_Tab 25mg,0402010ABAAABAB,3,-0.00840000000000024
224,E81015,Quetiapine_Tab 25mg,0402010ABAAABAB,3,-0.00840000000000024
711,E81036,Atorvastatin_Tab 80mg,0212000B0AAADAD,1,-0.008799999999999919
33,E81003,Atorvastatin_Tab 20mg,0212000B0AAABAB,3,-0.008999999999999633
642,E81003,Memantine HCl_Tab 10mg,0411000G0AAAAAA,3,-0.009000000000000258
227,E81008,Quetiapine_Tab 25mg,0402010ABAAABAB,7,-0.00980000000000028
488,E81036,Paracet_Tab 500mg,0407010H0AAAMAM,2,-0.00999999999999994
489,E81036,Paracet_Tab 500mg,0407010H0AAAMAM,2,-0.00999999999999994
643,E81004,Memantine HCl_Tab 10mg,0411000G0AAAAAA,4,-0.011199999999999932
496,E81023,Paracet_Tab 500mg,0407010H0AAAMAM,2,-0.011199999999999932
644,E81077,Memantine HCl_Tab 10mg,0411000G0AAAAAA,4,-0.011199999999999932
645,E81024,Memantine HCl_Tab 10mg,0411000G0AAAAAA,4,-0.011199999999999932
646,Y00522,Memantine HCl_Tab 10mg,0411000G0AAAAAA,4,-0.011199999999999932
647,E81031,Memantine HCl_Tab 10mg,0411000G0AAAAAA,4,-0.011199999999999932
648,Y00328,Memantine HCl_Tab 10mg,0411000G0AAAAAA,4,-0.011199999999999932
497,E81045,Paracet_Tab 500mg,0407010H0AAAMAM,2,-0.011199999999999932
498,E81045,Paracet_Tab 500mg,0407010H0AAAMAM,2,-0.011199999999999932
495,E81007,Paracet_Tab 500mg,0407010H0AAAMAM,2,-0.011199999999999932
490,E81007,Paracet_Tab 500mg,0407010H0AAAMAM,2,-0.011199999999999932
494,E81043,Paracet_Tab 500mg,0407010H0AAAMAM,2,-0.011199999999999932
493,E81043,Paracet_Tab 500mg,0407010H0AAAMAM,2,-0.011199999999999932
491,E81046,Paracet_Tab 500mg,0407010H0AAAMAM,2,-0.011199999999999932
492,E81046,Paracet_Tab 500mg,0407010H0AAAMAM,2,-0.011199999999999932
499,E81023,Paracet_Tab 500mg,0407010H0AAAMAM,2,-0.011199999999999932
727,Y00522,Aripiprazole_Tab 15mg,0402010ADAAABAB,4,-0.01120000000000032
728,E81038,Aripiprazole_Tab 15mg,0402010ADAAABAB,4,-0.01120000000000032
228,E81029,Quetiapine_Tab 25mg,0402010ABAAABAB,4,-0.01120000000000032
229,E81033,Quetiapine_Tab 25mg,0402010ABAAABAB,8,-0.01120000000000032
230,E81004,Quetiapine_Tab 25mg,0402010ABAAABAB,4,-0.01120000000000032
34,E81057,Atorvastatin_Tab 20mg,0212000B0AAABAB,1,-0.012399999999999925
649,Y00260,Memantine HCl_Tab 10mg,0411000G0AAAAAA,5,-0.013999999999999915
729,E81037,Aripiprazole_Tab 15mg,0402010ADAAABAB,5,-0.014000000000000401
231,E81044,Quetiapine_Tab 25mg,0402010ABAAABAB,5,-0.014000000000000401
232,E81003,Quetiapine_Tab 25mg,0402010ABAAABAB,5,-0.014000000000000401
233,E81038,Quetiapine_Tab 25mg,0402010ABAAABAB,4,-0.01440000000000008
500,E81050,Paracet_Tab 500mg,0407010H0AAAMAM,3,-0.0167999999999999
501,E81050,Paracet_Tab 500mg,0407010H0AAAMAM,3,-0.0167999999999999
234,E81002,Quetiapine_Tab 25mg,0402010ABAAABAB,4,-0.01680000000000048
730,E81074,Aripiprazole_Tab 15mg,0402010ADAAABAB,6,-0.01680000000000048
650,E81037,Memantine HCl_Tab 10mg,0411000G0AAAAAA,5,-0.021999999999999867
651,E81008,Memantine HCl_Tab 10mg,0411000G0AAAAAA,8,-0.022399999999999864
506,E81035,Paracet_Tab 500mg,0407010H0AAAMAM,4,-0.022399999999999864
502,E81022,Paracet_Tab 500mg,0407010H0AAAMAM,4,-0.022399999999999864
503,E81022,Paracet_Tab 500mg,0407010H0AAAMAM,4,-0.022399999999999864
504,E81035,Paracet_Tab 500mg,0407010H0AAAMAM,4,-0.022399999999999864
505,E81034,Paracet_Tab 500mg,0407010H0AAAMAM,4,-0.022399999999999864
507,E81034,Paracet_Tab 500mg,0407010H0AAAMAM,4,-0.022399999999999864
236,E81009,Quetiapine_Tab 25mg,0402010ABAAABAB,8,-0.02240000000000064
235,E81052,Quetiapine_Tab 25mg,0402010ABAAABAB,8,-0.02240000000000064
731,E81033,Aripiprazole_Tab 15mg,0402010ADAAABAB,8,-0.02240000000000064
237,E81038,Quetiapine_Tab 25mg,0402010ABAAABAB,8,-0.02240000000000064
652,E81069,Memantine HCl_Tab 10mg,0411000G0AAAAAA,9,-0.025199999999999848
511,E81031,Paracet_Tab 500mg,0407010H0AAAMAM,5,-0.02799999999999983
508,E81038,Paracet_Tab 500mg,0407010H0AAAMAM,5,-0.02799999999999983
509,E81038,Paracet_Tab 500mg,0407010H0AAAMAM,5,-0.02799999999999983
510,E81031,Paracet_Tab 500mg,0407010H0AAAMAM,5,-0.02799999999999983
238,E81033,Quetiapine_Tab 25mg,0402010ABAAABAB,10,-0.028000000000000802
582,E81036,Memantine HCl_Tab 20mg,0411000G0AAADAD,11,-0.030799999999998745
512,E81061,Paracet_Tab 500mg,0407010H0AAAMAM,6,-0.0335999999999998
653,E81022,Memantine HCl_Tab 10mg,0411000G0AAAAAA,6,-0.0335999999999998
513,E81061,Paracet_Tab 500mg,0407010H0AAAMAM,6,-0.0335999999999998
732,E81044,Aripiprazole_Tab 15mg,0402010ADAAABAB,12,-0.03360000000000096
35,E81033,Atorvastatin_Tab 20mg,0212000B0AAABAB,1,-0.03599999999999978
239,E81036,Quetiapine_Tab 25mg,0402010ABAAABAB,3,-0.03779999999999992
240,E81036,Quetiapine_Tab 25mg,0402010ABAAABAB,5,-0.0420000000000012
241,E81037,Quetiapine_Tab 25mg,0402010ABAAABAB,11,-0.04620000000000132
242,E81037,Quetiapine_Tab 25mg,0402010ABAAABAB,17,-0.04760000000000136
654,E81036,Memantine HCl_Tab 10mg,0411000G0AAAAAA,10,-0.05599999999999966
243,E81036,Quetiapine_Tab 25mg,0402010ABAAABAB,5,-0.056000000000001604
655,E81008,Memantine HCl_Tab 10mg,0411000G0AAAAAA,19,-0.0835999999999995
244,E81036,Quetiapine_Tab 25mg,0402010ABAAABAB,3,-0.10080000000000289
245,E81034,Quetiapine_Tab 25mg,0402010ABAAABAB,29,-0.1333999999999998
246,E81036,Quetiapine_Tab 25mg,0402010ABAAABAB,5,-0.13500000000000387
514,E81037,Paracet_Tab 500mg,0407010H0AAAMAM,25,-0.13999999999999915
515,E81037,Paracet_Tab 500mg,0407010H0AAAMAM,25,-0.13999999999999915
516,E81069,Paracet_Tab 500mg,0407010H0AAAMAM,28,-0.15679999999999905
517,E81008,Paracet_Tab 500mg,0407010H0AAAMAM,28,-0.15679999999999905
518,E81069,Paracet_Tab 500mg,0407010H0AAAMAM,28,-0.15679999999999905
519,E81008,Paracet_Tab 500mg,0407010H0AAAMAM,28,-0.15679999999999905
247,E81036,Quetiapine_Tab 25mg,0402010ABAAABAB,16,-0.1920000000000055
672,E81036,Montelukast_Tab 10mg,0303020G0AAABAB,86,-0.2407999999999902
712,E81057,Atorvastatin_Tab 80mg,0212000B0AAADAD,95,-0.2660000000000076
520,E81004,Paracet_Tab 500mg,0407010H0AAAMAM,2,-0.31999999999999995
521,E81004,Paracet_Tab 500mg,0407010H0AAAMAM,2,-0.31999999999999995
522,E81004,Paracet_Tab 500mg,0407010H0AAAMAM,3,-0.3239999999999999
523,E81004,Paracet_Tab 500mg,0407010H0AAAMAM,3,-0.3239999999999999
713,E81003,Atorvastatin_Tab 80mg,0212000B0AAADAD,117,-0.3276000000000094
524,E81027,Paracet_Tab 500mg,0407010H0AAAMAM,3,-0.47249999999999986
525,E81027,Paracet_Tab 500mg,0407010H0AAAMAM,3,-0.47249999999999986
526,E81074,Paracet_Tab 500mg,0407010H0AAAMAM,12,-0.5039999999999999
527,E81074,Paracet_Tab 500mg,0407010H0AAAMAM,12,-0.5039999999999999
714,E81036,Atorvastatin_Tab 80mg,0212000B0AAADAD,104,-0.5823999999999763
529,E81056,Paracet_Tab 500mg,0407010H0AAAMAM,16,-0.6399999999999989
528,E81056,Paracet_Tab 500mg,0407010H0AAAMAM,16,-0.6399999999999989
36,E81036,Atorvastatin_Tab 20mg,0212000B0AAABAB,250,-0.6999999999999715
531,E81044,Paracet_Tab 500mg,0407010H0AAAMAM,8,-0.7167999999999988
530,E81044,Paracet_Tab 500mg,0407010H0AAAMAM,8,-0.7167999999999988
533,E81033,Paracet_Tab 500mg,0407010H0AAAMAM,13,-0.7279999999999981
532,E81033,Paracet_Tab 500mg,0407010H0AAAMAM,13,-0.7279999999999981
109,E81036,Atorvastatin_Tab 10mg,0212000B0AAAAAA,265,-0.7419999999999956
535,E81014,Paracet_Tab 500mg,0407010H0AAAMAM,86,-0.8599999999999948
534,E81014,Paracet_Tab 500mg,0407010H0AAAMAM,86,-0.8599999999999948
536,E81052,Paracet_Tab 500mg,0407010H0AAAMAM,25,-0.999999999999994
537,E81052,Paracet_Tab 500mg,0407010H0AAAMAM,25,-0.999999999999994
538,E81045,Paracet_Tab 500mg,0407010H0AAAMAM,103,-1.0299999999999938
539,E81045,Paracet_Tab 500mg,0407010H0AAAMAM,103,-1.0299999999999938
540,E81004,Paracet_Tab 500mg,0407010H0AAAMAM,15,-1.199999999999998
541,E81014,Paracet_Tab 500mg,0407010H0AAAMAM,15,-1.199999999999998
542,E81004,Paracet_Tab 500mg,0407010H0AAAMAM,15,-1.199999999999998
543,E81014,Paracet_Tab 500mg,0407010H0AAAMAM,15,-1.199999999999998
544,E81038,Paracet_Tab 500mg,0407010H0AAAMAM,125,-1.2499999999999925
545,E81038,Paracet_Tab 500mg,0407010H0AAAMAM,125,-1.2499999999999925
547,E81033,Paracet_Tab 500mg,0407010H0AAAMAM,30,-1.3439999999999919
546,E81033,Paracet_Tab 500mg,0407010H0AAAMAM,30,-1.3439999999999919
548,E81034,Paracet_Tab 500mg,0407010H0AAAMAM,23,-1.3799999999999997
549,E81034,Paracet_Tab 500mg,0407010H0AAAMAM,23,-1.3799999999999997
551,E81074,Paracet_Tab 500mg,0407010H0AAAMAM,4,-1.4336000000000007
550,E81074,Paracet_Tab 500mg,0407010H0AAAMAM,4,-1.4336000000000007
552,E81036,Paracet_Tab 500mg,0407010H0AAAMAM,153,-1.5299999999999907
553,E81036,Paracet_Tab 500mg,0407010H0AAAMAM,153,-1.5299999999999907
554,E81012,Paracet_Tab 500mg,0407010H0AAAMAM,78,-1.5599999999999905
555,E81012,Paracet_Tab 500mg,0407010H0AAAMAM,78,-1.5599999999999905
556,E81003,Paracet_Tab 500mg,0407010H0AAAMAM,182,-1.819999999999989
557,E81003,Paracet_Tab 500mg,0407010H0AAAMAM,182,-1.819999999999989
558,E81021,Paracet_Tab 500mg,0407010H0AAAMAM,93,-1.8599999999999888
559,E81021,Paracet_Tab 500mg,0407010H0AAAMAM,93,-1.8599999999999888
560,E81027,Paracet_Tab 500mg,0407010H0AAAMAM,1,-1.92
561,E81027,Paracet_Tab 500mg,0407010H0AAAMAM,1,-1.92
562,E81074,Paracet_Tab 500mg,0407010H0AAAMAM,27,-2.699999999999993
563,E81074,Paracet_Tab 500mg,0407010H0AAAMAM,27,-2.699999999999993
