,practice_code,bnf_description,bnf_code,items,excess_cost
0,A81044,Atorvastatin_Tab 20mg,0212000B0AAABAB,58,270.396
427,A81017,Aripiprazole_Tab 10mg,0402010ADAAAAAA,1,261.6936
1,A81044,Atorvastatin_Tab 20mg,0212000B0AAABAB,77,225.5176
2,A81044,Atorvastatin_Tab 20mg,0212000B0AAABAB,576,203.2128000000001
3,A81017,Atorvastatin_Tab 20mg,0212000B0AAABAB,478,157.93120000000008
407,A81006,Hydrocort_Tab 10mg,0603020J0AAADAD,1,156.1812
35,A81036,Paracet_Tab 500mg,0407010H0AAAMAM,174,148.10880000000006
34,A81036,Paracet_Tab 500mg,0407010H0AAAMAM,174,148.10880000000006
4,A81070,Atorvastatin_Tab 20mg,0212000B0AAABAB,111,135.19799999999998
289,A81001,Memantine HCl_Tab 20mg,0411000G0AAADAD,8,127.792
288,A81631,Memantine HCl_Tab 20mg,0411000G0AAADAD,7,127.792
347,A81002,Pregabalin_Cap 150mg,0408010AEAAAEAE,6,113.0976
348,A81025,Pregabalin_Cap 150mg,0408010AEAAAEAE,2,113.0976
408,A81046,Hydrocort_Tab 10mg,0603020J0AAADAD,1,104.1208
441,A81044,Atorvastatin_Tab 10mg,0212000B0AAAAAA,88,92.89280000000001
5,A81612,Atorvastatin_Tab 20mg,0212000B0AAABAB,47,90.146
315,A81070,Atorvastatin_Tab 40mg,0212000B0AAACAC,60,89.03999999999999
6,A81070,Atorvastatin_Tab 20mg,0212000B0AAABAB,13,67.59479999999999
7,A81006,Atorvastatin_Tab 20mg,0212000B0AAABAB,561,67.54440000000008
316,A81017,Atorvastatin_Tab 40mg,0212000B0AAACAC,371,67.52199999999999
317,A81002,Atorvastatin_Tab 40mg,0212000B0AAACAC,301,66.58119999999998
37,A81036,Paracet_Tab 500mg,0407010H0AAAMAM,379,64.43
36,A81036,Paracet_Tab 500mg,0407010H0AAAMAM,379,64.43
290,A81046,Memantine HCl_Tab 20mg,0411000G0AAADAD,8,63.91840000000001
291,A81622,Memantine HCl_Tab 20mg,0411000G0AAADAD,8,63.9072
292,A81070,Memantine HCl_Tab 20mg,0411000G0AAADAD,2,63.9016
293,A81612,Memantine HCl_Tab 20mg,0411000G0AAADAD,1,63.89880000000001
294,A81629,Memantine HCl_Tab 20mg,0411000G0AAADAD,4,63.896
295,A81011,Memantine HCl_Tab 20mg,0411000G0AAADAD,7,63.895999999999994
296,A81017,Memantine HCl_Tab 20mg,0411000G0AAADAD,19,63.89320000000001
297,A81036,Memantine HCl_Tab 20mg,0411000G0AAADAD,33,57.010799999999996
349,A81017,Pregabalin_Cap 150mg,0408010AEAAAEAE,21,56.5656
8,A81070,Atorvastatin_Tab 20mg,0212000B0AAABAB,1,49.8914
336,A81070,Montelukast_Tab 10mg,0303020G0AAABAB,9,48.762
337,A81041,Montelukast_Tab 10mg,0303020G0AAABAB,9,48.73679999999999
338,A81044,Montelukast_Tab 10mg,0303020G0AAABAB,76,48.731199999999994
339,A81017,Montelukast_Tab 10mg,0303020G0AAABAB,48,46.0992
9,A81014,Atorvastatin_Tab 20mg,0212000B0AAABAB,195,45.31800000000001
10,A81031,Atorvastatin_Tab 20mg,0212000B0AAABAB,172,45.27040000000002
11,A81001,Atorvastatin_Tab 20mg,0212000B0AAABAB,46,45.080000000000005
12,A81070,Atorvastatin_Tab 20mg,0212000B0AAABAB,18,45.0576
13,A81001,Atorvastatin_Tab 20mg,0212000B0AAABAB,40,45.024
318,A81014,Atorvastatin_Tab 40mg,0212000B0AAACAC,165,44.814
319,A81002,Atorvastatin_Tab 40mg,0212000B0AAACAC,114,44.687999999999995
480,A81006,Losartan Pot_Tab 100mg,0205052N0AAADAD,82,44.31280000000001
481,A81622,Losartan Pot_Tab 100mg,0205052N0AAADAD,6,44.2008
482,A81017,Losartan Pot_Tab 100mg,0205052N0AAADAD,94,42.6384
38,A81002,Paracet_Tab 500mg,0407010H0AAAMAM,212,33.24159999999996
39,A81002,Paracet_Tab 500mg,0407010H0AAAMAM,212,33.24159999999996
40,A81057,Paracet_Tab 500mg,0407010H0AAAMAM,46,30.360000000000007
41,A81057,Paracet_Tab 500mg,0407010H0AAAMAM,46,30.360000000000007
42,A81046,Paracet_Tab 500mg,0407010H0AAAMAM,150,30.24000000000005
43,A81046,Paracet_Tab 500mg,0407010H0AAAMAM,150,30.24000000000005
44,A81036,Paracet_Tab 500mg,0407010H0AAAMAM,137,30.140000000000008
45,A81036,Paracet_Tab 500mg,0407010H0AAAMAM,137,30.140000000000008
483,A81011,Losartan Pot_Tab 100mg,0205052N0AAADAD,41,29.618400000000005
484,A81046,Losartan Pot_Tab 100mg,0205052N0AAADAD,11,29.4448
340,A81034,Montelukast_Tab 10mg,0303020G0AAABAB,121,25.41
341,A81070,Montelukast_Tab 10mg,0303020G0AAABAB,11,24.401300000000003
342,A81014,Montelukast_Tab 10mg,0303020G0AAABAB,18,24.393600000000003
343,A81046,Montelukast_Tab 10mg,0303020G0AAABAB,22,24.393600000000003
344,A81001,Montelukast_Tab 10mg,0303020G0AAABAB,11,24.3628
345,A81031,Montelukast_Tab 10mg,0303020G0AAABAB,39,24.35160000000001
442,A81025,Atorvastatin_Tab 10mg,0212000B0AAAAAA,50,23.240000000000006
443,A81027,Atorvastatin_Tab 10mg,0212000B0AAAAAA,41,23.189600000000002
444,A81031,Atorvastatin_Tab 10mg,0212000B0AAAAAA,40,23.07200000000001
14,A81025,Atorvastatin_Tab 20mg,0212000B0AAABAB,86,22.63520000000001
15,A81608,Atorvastatin_Tab 20mg,0212000B0AAABAB,164,22.50080000000001
320,A81046,Atorvastatin_Tab 40mg,0212000B0AAACAC,113,22.46440000000001
321,A81031,Atorvastatin_Tab 40mg,0212000B0AAACAC,83,22.310399999999994
16,A81002,Atorvastatin_Tab 20mg,0212000B0AAABAB,468,22.2768
46,A81017,Paracet_Tab 500mg,0407010H0AAAMAM,89,21.359999999999996
47,A81017,Paracet_Tab 500mg,0407010H0AAAMAM,89,21.359999999999996
49,A81057,Paracet_Tab 500mg,0407010H0AAAMAM,6,16.9344
48,A81057,Paracet_Tab 500mg,0407010H0AAAMAM,6,16.9344
17,A81002,Atorvastatin_Tab 20mg,0212000B0AAABAB,34,16.898000000000003
485,A81014,Losartan Pot_Tab 100mg,0205052N0AAADAD,31,14.755999999999995
486,A81001,Losartan Pot_Tab 100mg,0205052N0AAADAD,5,14.727999999999998
51,A81608,Paracet_Tab 500mg,0407010H0AAAMAM,22,14.044800000000004
50,A81608,Paracet_Tab 500mg,0407010H0AAAMAM,22,14.044800000000004
346,A81070,Montelukast_Tab 10mg,0303020G0AAABAB,1,13.065
52,A81631,Paracet_Tab 500mg,0407010H0AAAMAM,108,12.09600000000001
53,A81631,Paracet_Tab 500mg,0407010H0AAAMAM,108,12.09600000000001
55,A81070,Paracet_Tab 500mg,0407010H0AAAMAM,76,11.916800000000002
54,A81070,Paracet_Tab 500mg,0407010H0AAAMAM,76,11.916800000000002
445,A81622,Atorvastatin_Tab 10mg,0212000B0AAAAAA,14,11.642400000000002
446,A81629,Atorvastatin_Tab 10mg,0212000B0AAAAAA,62,11.631199999999996
447,A81070,Atorvastatin_Tab 10mg,0212000B0AAAAAA,29,11.611600000000001
448,A81060,Atorvastatin_Tab 10mg,0212000B0AAAAAA,13,11.6116
449,A81031,Atorvastatin_Tab 10mg,0212000B0AAAAAA,23,11.592
56,A81027,Paracet_Tab 500mg,0407010H0AAAMAM,64,11.46880000000003
57,A81027,Paracet_Tab 500mg,0407010H0AAAMAM,64,11.46880000000003
450,A81017,Atorvastatin_Tab 10mg,0212000B0AAAAAA,178,11.4632
59,A81017,Paracet_Tab 500mg,0407010H0AAAMAM,102,11.42400000000001
58,A81017,Paracet_Tab 500mg,0407010H0AAAMAM,102,11.42400000000001
60,A81002,Paracet_Tab 500mg,0407010H0AAAMAM,278,11.12000000000003
61,A81002,Paracet_Tab 500mg,0407010H0AAAMAM,278,11.12000000000003
63,A81067,Paracet_Tab 500mg,0407010H0AAAMAM,33,11.08800000000001
62,A81067,Paracet_Tab 500mg,0407010H0AAAMAM,33,11.08800000000001
64,A81067,Paracet_Tab 500mg,0407010H0AAAMAM,75,10.49999999999999
65,A81067,Paracet_Tab 500mg,0407010H0AAAMAM,75,10.49999999999999
66,A81067,Paracet_Tab 500mg,0407010H0AAAMAM,170,10.199999999999998
67,A81067,Paracet_Tab 500mg,0407010H0AAAMAM,170,10.199999999999998
69,A81608,Paracet_Tab 500mg,0407010H0AAAMAM,11,10.12
68,A81608,Paracet_Tab 500mg,0407010H0AAAMAM,11,10.12
70,A81006,Paracet_Tab 500mg,0407010H0AAAMAM,252,10.080000000000027
71,A81006,Paracet_Tab 500mg,0407010H0AAAMAM,252,10.080000000000027
72,A81027,Paracet_Tab 500mg,0407010H0AAAMAM,83,9.130000000000003
73,A81027,Paracet_Tab 500mg,0407010H0AAAMAM,83,9.130000000000003
74,A81031,Paracet_Tab 500mg,0407010H0AAAMAM,197,8.8256000000001
75,A81031,Paracet_Tab 500mg,0407010H0AAAMAM,197,8.8256000000001
76,A81017,Paracet_Tab 500mg,0407010H0AAAMAM,1,7.545
77,A81017,Paracet_Tab 500mg,0407010H0AAAMAM,1,7.545
78,A81044,Paracet_Tab 500mg,0407010H0AAAMAM,70,6.4959999999999996
79,A81044,Paracet_Tab 500mg,0407010H0AAAMAM,70,6.4959999999999996
80,A81017,Paracet_Tab 500mg,0407010H0AAAMAM,3,6.451200000000001
81,A81017,Paracet_Tab 500mg,0407010H0AAAMAM,3,6.451200000000001
83,A81631,Paracet_Tab 500mg,0407010H0AAAMAM,5,6.363
82,A81631,Paracet_Tab 500mg,0407010H0AAAMAM,5,6.363
84,A81017,Paracet_Tab 500mg,0407010H0AAAMAM,200,6.000000000000033
85,A81017,Paracet_Tab 500mg,0407010H0AAAMAM,200,6.000000000000033
86,A81017,Paracet_Tab 500mg,0407010H0AAAMAM,26,5.824000000000005
87,A81017,Paracet_Tab 500mg,0407010H0AAAMAM,26,5.824000000000005
88,A81001,Paracet_Tab 500mg,0407010H0AAAMAM,5,5.656000000000001
89,A81001,Paracet_Tab 500mg,0407010H0AAAMAM,5,5.656000000000001
90,A81002,Paracet_Tab 500mg,0407010H0AAAMAM,94,5.640000000000031
91,A81002,Paracet_Tab 500mg,0407010H0AAAMAM,94,5.640000000000031
92,A81608,Paracet_Tab 500mg,0407010H0AAAMAM,84,5.039999999999998
93,A81608,Paracet_Tab 500mg,0407010H0AAAMAM,84,5.039999999999998
409,A81631,Hydrocort_Tab 10mg,0603020J0AAADAD,1,4.334399999999995
410,A81011,Hydrocort_Tab 10mg,0603020J0AAADAD,1,3.0959999999999965
94,A81027,Paracet_Tab 500mg,0407010H0AAAMAM,7,2.783200000000001
95,A81027,Paracet_Tab 500mg,0407010H0AAAMAM,7,2.783200000000001
96,A81046,Paracet_Tab 500mg,0407010H0AAAMAM,122,2.4400000000000275
97,A81046,Paracet_Tab 500mg,0407010H0AAAMAM,122,2.4400000000000275
411,A81017,Hydrocort_Tab 10mg,0603020J0AAADAD,1,2.315999999999998
98,A81014,Paracet_Tab 500mg,0407010H0AAAMAM,33,1.6500000000000015
99,A81014,Paracet_Tab 500mg,0407010H0AAAMAM,33,1.6500000000000015
412,A81002,Hydrocort_Tab 10mg,0603020J0AAADAD,1,1.6211999999999986
101,A81629,Paracet_Tab 500mg,0407010H0AAAMAM,48,1.440000000000008
100,A81629,Paracet_Tab 500mg,0407010H0AAAMAM,48,1.440000000000008
322,A81006,Atorvastatin_Tab 40mg,0212000B0AAACAC,311,0.8708000000000249
102,A81006,Paracet_Tab 500mg,0407010H0AAAMAM,1,0.855
103,A81006,Paracet_Tab 500mg,0407010H0AAAMAM,1,0.855
323,A81044,Atorvastatin_Tab 40mg,0212000B0AAACAC,172,0.6020000000000005
104,A81036,Paracet_Tab 500mg,0407010H0AAAMAM,1,0.44800000000000006
105,A81036,Paracet_Tab 500mg,0407010H0AAAMAM,1,0.44800000000000006
107,A81063,Paracet_Tab 500mg,0407010H0AAAMAM,58,0.34799999999999787
106,A81063,Paracet_Tab 500mg,0407010H0AAAMAM,58,0.34799999999999787
487,A81044,Losartan Pot_Tab 100mg,0205052N0AAADAD,32,0.17920000000000047
108,A81046,Paracet_Tab 500mg,0407010H0AAAMAM,15,0.16799999999999898
109,A81046,Paracet_Tab 500mg,0407010H0AAAMAM,15,0.16799999999999898
18,A81034,Atorvastatin_Tab 20mg,0212000B0AAABAB,24,0.13440000000000385
110,A81044,Paracet_Tab 500mg,0407010H0AAAMAM,42,0.11759999999999929
111,A81044,Paracet_Tab 500mg,0407010H0AAAMAM,42,0.11759999999999929
350,A81632,Pregabalin_Cap 150mg,0408010AEAAAEAE,25,0.11500000000000052
324,A81007,Atorvastatin_Tab 40mg,0212000B0AAACAC,26,0.1092000000000006
113,A81067,Paracet_Tab 500mg,0407010H0AAAMAM,17,0.10199999999999938
112,A81067,Paracet_Tab 500mg,0407010H0AAAMAM,17,0.10199999999999938
488,A81017,Losartan Pot_Tab 100mg,0205052N0AAADAD,15,0.08400000000000021
351,A81002,Pregabalin_Cap 150mg,0408010AEAAAEAE,28,0.07840000000000225
114,A81040,Paracet_Tab 500mg,0407010H0AAAMAM,13,0.07799999999999953
115,A81040,Paracet_Tab 500mg,0407010H0AAAMAM,13,0.07799999999999953
298,A81044,Memantine HCl_Tab 20mg,0411000G0AAADAD,15,0.07349999999999993
299,A81070,Memantine HCl_Tab 20mg,0411000G0AAADAD,14,0.06859999999999992
451,A81608,Atorvastatin_Tab 10mg,0212000B0AAAAAA,32,0.06720000000000037
116,A81017,Paracet_Tab 500mg,0407010H0AAAMAM,1,0.06719999999999993
117,A81017,Paracet_Tab 500mg,0407010H0AAAMAM,1,0.06719999999999993
119,A81039,Paracet_Tab 500mg,0407010H0AAAMAM,11,0.0659999999999996
118,A81039,Paracet_Tab 500mg,0407010H0AAAMAM,11,0.0659999999999996
489,A81622,Losartan Pot_Tab 100mg,0205052N0AAADAD,11,0.06160000000000016
122,A81041,Paracet_Tab 500mg,0407010H0AAAMAM,10,0.05999999999999964
120,A81608,Paracet_Tab 500mg,0407010H0AAAMAM,10,0.05999999999999964
121,A81608,Paracet_Tab 500mg,0407010H0AAAMAM,10,0.05999999999999964
123,A81041,Paracet_Tab 500mg,0407010H0AAAMAM,10,0.05999999999999964
352,A81006,Pregabalin_Cap 150mg,0408010AEAAAEAE,21,0.058800000000001684
353,A81039,Pregabalin_Cap 150mg,0408010AEAAAEAE,10,0.056000000000001604
490,A81002,Losartan Pot_Tab 100mg,0205052N0AAADAD,10,0.05600000000000015
452,A81044,Atorvastatin_Tab 10mg,0212000B0AAAAAA,26,0.0546000000000003
124,A81011,Paracet_Tab 500mg,0407010H0AAAMAM,9,0.05399999999999967
125,A81011,Paracet_Tab 500mg,0407010H0AAAMAM,9,0.05399999999999967
126,A81002,Paracet_Tab 500mg,0407010H0AAAMAM,5,0.048000000000000265
127,A81002,Paracet_Tab 500mg,0407010H0AAAMAM,5,0.048000000000000265
354,A81002,Pregabalin_Cap 150mg,0408010AEAAAEAE,8,0.04480000000000128
491,A81070,Losartan Pot_Tab 100mg,0205052N0AAADAD,8,0.04480000000000012
128,A81034,Paracet_Tab 500mg,0407010H0AAAMAM,7,0.041999999999999746
129,A81034,Paracet_Tab 500mg,0407010H0AAAMAM,7,0.041999999999999746
355,A81036,Pregabalin_Cap 150mg,0408010AEAAAEAE,7,0.03920000000000112
300,A81612,Memantine HCl_Tab 20mg,0411000G0AAADAD,8,0.03919999999999996
130,A81070,Paracet_Tab 500mg,0407010H0AAAMAM,14,0.03919999999999976
131,A81070,Paracet_Tab 500mg,0407010H0AAAMAM,14,0.03919999999999976
356,A81007,Pregabalin_Cap 150mg,0408010AEAAAEAE,9,0.03780000000000108
134,A81027,Paracet_Tab 500mg,0407010H0AAAMAM,6,0.03599999999999978
132,A81027,Paracet_Tab 500mg,0407010H0AAAMAM,6,0.03599999999999978
133,A81044,Paracet_Tab 500mg,0407010H0AAAMAM,6,0.03599999999999978
135,A81044,Paracet_Tab 500mg,0407010H0AAAMAM,6,0.03599999999999978
301,A81017,Memantine HCl_Tab 20mg,0411000G0AAADAD,7,0.03429999999999996
359,A81046,Pregabalin_Cap 150mg,0408010AEAAAEAE,6,0.03360000000000096
357,A81044,Pregabalin_Cap 150mg,0408010AEAAAEAE,12,0.03360000000000096
358,A81610,Pregabalin_Cap 150mg,0408010AEAAAEAE,6,0.03360000000000096
453,A81017,Atorvastatin_Tab 10mg,0212000B0AAAAAA,15,0.031500000000000174
360,A81031,Pregabalin_Cap 150mg,0408010AEAAAEAE,5,0.028000000000000802
428,A81041,Aripiprazole_Tab 10mg,0402010ADAAAAAA,5,0.028000000000000802
492,A81036,Losartan Pot_Tab 100mg,0205052N0AAADAD,5,0.028000000000000073
454,A81036,Atorvastatin_Tab 10mg,0212000B0AAAAAA,13,0.02730000000000015
361,A81041,Pregabalin_Cap 150mg,0408010AEAAAEAE,9,0.025200000000000722
455,A81025,Atorvastatin_Tab 10mg,0212000B0AAAAAA,12,0.02520000000000014
141,A81034,Paracet_Tab 500mg,0407010H0AAAMAM,9,0.025199999999999848
136,A81034,Paracet_Tab 500mg,0407010H0AAAMAM,9,0.025199999999999848
137,A81070,Paracet_Tab 500mg,0407010H0AAAMAM,6,0.025199999999999848
138,A81017,Paracet_Tab 500mg,0407010H0AAAMAM,9,0.025199999999999848
139,A81070,Paracet_Tab 500mg,0407010H0AAAMAM,6,0.025199999999999848
140,A81017,Paracet_Tab 500mg,0407010H0AAAMAM,9,0.025199999999999848
302,A81040,Memantine HCl_Tab 20mg,0411000G0AAADAD,5,0.024499999999999973
142,A81057,Paracet_Tab 500mg,0407010H0AAAMAM,4,0.023999999999999855
143,A81057,Paracet_Tab 500mg,0407010H0AAAMAM,4,0.023999999999999855
147,A81070,Paracet_Tab 500mg,0407010H0AAAMAM,4,0.023999999999999855
144,A81070,Paracet_Tab 500mg,0407010H0AAAMAM,4,0.023999999999999855
150,A81612,Paracet_Tab 500mg,0407010H0AAAMAM,4,0.023999999999999855
149,A81036,Paracet_Tab 500mg,0407010H0AAAMAM,4,0.023999999999999855
148,A81060,Paracet_Tab 500mg,0407010H0AAAMAM,4,0.023999999999999855
151,A81060,Paracet_Tab 500mg,0407010H0AAAMAM,4,0.023999999999999855
146,A81036,Paracet_Tab 500mg,0407010H0AAAMAM,4,0.023999999999999855
145,A81612,Paracet_Tab 500mg,0407010H0AAAMAM,4,0.023999999999999855
363,A81034,Pregabalin_Cap 150mg,0408010AEAAAEAE,4,0.02240000000000064
429,A81044,Aripiprazole_Tab 10mg,0402010ADAAAAAA,4,0.02240000000000064
362,A81044,Pregabalin_Cap 150mg,0408010AEAAAEAE,4,0.02240000000000064
367,A81007,Pregabalin_Cap 150mg,0408010AEAAAEAE,4,0.02240000000000064
366,A81017,Pregabalin_Cap 150mg,0408010AEAAAEAE,4,0.02240000000000064
365,A81622,Pregabalin_Cap 150mg,0408010AEAAAEAE,8,0.02240000000000064
364,A81006,Pregabalin_Cap 150mg,0408010AEAAAEAE,4,0.02240000000000064
493,A81046,Losartan Pot_Tab 100mg,0205052N0AAADAD,4,0.02240000000000006
494,A81063,Losartan Pot_Tab 100mg,0205052N0AAADAD,4,0.02240000000000006
495,A81612,Losartan Pot_Tab 100mg,0205052N0AAADAD,4,0.02240000000000006
153,A81063,Paracet_Tab 500mg,0407010H0AAAMAM,8,0.022399999999999864
152,A81063,Paracet_Tab 500mg,0407010H0AAAMAM,8,0.022399999999999864
154,A81001,Paracet_Tab 500mg,0407010H0AAAMAM,5,0.020999999999999873
155,A81622,Paracet_Tab 500mg,0407010H0AAAMAM,5,0.020999999999999873
156,A81622,Paracet_Tab 500mg,0407010H0AAAMAM,5,0.020999999999999873
157,A81002,Paracet_Tab 500mg,0407010H0AAAMAM,5,0.020999999999999873
158,A81001,Paracet_Tab 500mg,0407010H0AAAMAM,5,0.020999999999999873
159,A81002,Paracet_Tab 500mg,0407010H0AAAMAM,5,0.020999999999999873
368,A81025,Pregabalin_Cap 150mg,0408010AEAAAEAE,7,0.01960000000000056
303,A81622,Memantine HCl_Tab 20mg,0411000G0AAADAD,4,0.01959999999999998
160,A81006,Paracet_Tab 500mg,0407010H0AAAMAM,7,0.01959999999999988
161,A81006,Paracet_Tab 500mg,0407010H0AAAMAM,7,0.01959999999999988
165,A81017,Paracet_Tab 500mg,0407010H0AAAMAM,3,0.01799999999999989
162,A81610,Paracet_Tab 500mg,0407010H0AAAMAM,3,0.01799999999999989
163,A81017,Paracet_Tab 500mg,0407010H0AAAMAM,3,0.01799999999999989
164,A81610,Paracet_Tab 500mg,0407010H0AAAMAM,3,0.01799999999999989
371,A81011,Pregabalin_Cap 150mg,0408010AEAAAEAE,3,0.01680000000000048
370,A81040,Pregabalin_Cap 150mg,0408010AEAAAEAE,3,0.01680000000000048
374,A81046,Pregabalin_Cap 150mg,0408010AEAAAEAE,4,0.01680000000000048
369,A81044,Pregabalin_Cap 150mg,0408010AEAAAEAE,4,0.01680000000000048
373,A81002,Pregabalin_Cap 150mg,0408010AEAAAEAE,4,0.01680000000000048
372,A81057,Pregabalin_Cap 150mg,0408010AEAAAEAE,3,0.01680000000000048
456,A81007,Atorvastatin_Tab 10mg,0212000B0AAAAAA,8,0.016800000000000093
457,A81070,Atorvastatin_Tab 10mg,0212000B0AAAAAA,8,0.016800000000000093
458,A81622,Atorvastatin_Tab 10mg,0212000B0AAAAAA,8,0.016800000000000093
496,A81027,Losartan Pot_Tab 100mg,0205052N0AAADAD,3,0.016800000000000044
497,A81011,Losartan Pot_Tab 100mg,0205052N0AAADAD,3,0.016800000000000044
172,A81036,Paracet_Tab 500mg,0407010H0AAAMAM,4,0.0167999999999999
175,A81041,Paracet_Tab 500mg,0407010H0AAAMAM,4,0.0167999999999999
174,A81041,Paracet_Tab 500mg,0407010H0AAAMAM,4,0.0167999999999999
173,A81011,Paracet_Tab 500mg,0407010H0AAAMAM,6,0.0167999999999999
171,A81044,Paracet_Tab 500mg,0407010H0AAAMAM,4,0.0167999999999999
170,A81011,Paracet_Tab 500mg,0407010H0AAAMAM,6,0.0167999999999999
169,A81612,Paracet_Tab 500mg,0407010H0AAAMAM,4,0.0167999999999999
166,A81036,Paracet_Tab 500mg,0407010H0AAAMAM,4,0.0167999999999999
167,A81612,Paracet_Tab 500mg,0407010H0AAAMAM,4,0.0167999999999999
168,A81044,Paracet_Tab 500mg,0407010H0AAAMAM,4,0.0167999999999999
176,A81044,Paracet_Tab 500mg,0407010H0AAAMAM,5,0.01499999999999991
177,A81044,Paracet_Tab 500mg,0407010H0AAAMAM,5,0.01499999999999991
459,A81040,Atorvastatin_Tab 10mg,0212000B0AAAAAA,7,0.014700000000000081
304,A81629,Memantine HCl_Tab 20mg,0411000G0AAADAD,3,0.014699999999999984
375,A81631,Pregabalin_Cap 150mg,0408010AEAAAEAE,5,0.014000000000000401
376,A81031,Pregabalin_Cap 150mg,0408010AEAAAEAE,5,0.014000000000000401
178,A81001,Paracet_Tab 500mg,0407010H0AAAMAM,5,0.013999999999999915
179,A81001,Paracet_Tab 500mg,0407010H0AAAMAM,5,0.013999999999999915
460,A81608,Atorvastatin_Tab 10mg,0212000B0AAAAAA,3,0.01260000000000007
461,A81060,Atorvastatin_Tab 10mg,0212000B0AAAAAA,6,0.01260000000000007
180,A81011,Paracet_Tab 500mg,0407010H0AAAMAM,3,0.012599999999999924
181,A81011,Paracet_Tab 500mg,0407010H0AAAMAM,3,0.012599999999999924
182,A81007,Paracet_Tab 500mg,0407010H0AAAMAM,2,0.011999999999999927
183,A81632,Paracet_Tab 500mg,0407010H0AAAMAM,2,0.011999999999999927
184,A81007,Paracet_Tab 500mg,0407010H0AAAMAM,2,0.011999999999999927
185,A81002,Paracet_Tab 500mg,0407010H0AAAMAM,2,0.011999999999999927
186,A81002,Paracet_Tab 500mg,0407010H0AAAMAM,2,0.011999999999999927
187,A81632,Paracet_Tab 500mg,0407010H0AAAMAM,2,0.011999999999999927
382,A81634,Pregabalin_Cap 150mg,0408010AEAAAEAE,2,0.01120000000000032
380,A81622,Pregabalin_Cap 150mg,0408010AEAAAEAE,2,0.01120000000000032
381,A81060,Pregabalin_Cap 150mg,0408010AEAAAEAE,2,0.01120000000000032
384,A81041,Pregabalin_Cap 150mg,0408010AEAAAEAE,2,0.01120000000000032
383,A81025,Pregabalin_Cap 150mg,0408010AEAAAEAE,2,0.01120000000000032
377,A81070,Pregabalin_Cap 150mg,0408010AEAAAEAE,2,0.01120000000000032
378,A81011,Pregabalin_Cap 150mg,0408010AEAAAEAE,4,0.01120000000000032
379,A81067,Pregabalin_Cap 150mg,0408010AEAAAEAE,4,0.01120000000000032
385,A81057,Pregabalin_Cap 150mg,0408010AEAAAEAE,4,0.01120000000000032
498,A81031,Losartan Pot_Tab 100mg,0205052N0AAADAD,2,0.01120000000000003
192,A81002,Paracet_Tab 500mg,0407010H0AAAMAM,4,0.011199999999999932
189,A81060,Paracet_Tab 500mg,0407010H0AAAMAM,4,0.011199999999999932
190,A81612,Paracet_Tab 500mg,0407010H0AAAMAM,4,0.011199999999999932
191,A81612,Paracet_Tab 500mg,0407010H0AAAMAM,4,0.011199999999999932
188,A81060,Paracet_Tab 500mg,0407010H0AAAMAM,4,0.011199999999999932
193,A81002,Paracet_Tab 500mg,0407010H0AAAMAM,4,0.011199999999999932
463,A81006,Atorvastatin_Tab 10mg,0212000B0AAAAAA,5,0.010500000000000058
462,A81046,Atorvastatin_Tab 10mg,0212000B0AAAAAA,5,0.010500000000000058
305,A81027,Memantine HCl_Tab 20mg,0411000G0AAADAD,2,0.00979999999999999
413,A81629,Hydrocort_Tab 10mg,0603020J0AAADAD,2,0.008999999999999009
389,A81070,Pregabalin_Cap 150mg,0408010AEAAAEAE,3,0.00840000000000024
386,A81034,Pregabalin_Cap 150mg,0408010AEAAAEAE,2,0.00840000000000024
388,A81036,Pregabalin_Cap 150mg,0408010AEAAAEAE,3,0.00840000000000024
387,A81017,Pregabalin_Cap 150mg,0408010AEAAAEAE,3,0.00840000000000024
464,A81001,Atorvastatin_Tab 10mg,0212000B0AAAAAA,4,0.008400000000000046
465,A81063,Atorvastatin_Tab 10mg,0212000B0AAAAAA,4,0.008400000000000046
467,A81610,Atorvastatin_Tab 10mg,0212000B0AAAAAA,2,0.008400000000000046
466,A81036,Atorvastatin_Tab 10mg,0212000B0AAAAAA,2,0.008400000000000046
195,A81007,Paracet_Tab 500mg,0407010H0AAAMAM,3,0.00839999999999995
196,A81044,Paracet_Tab 500mg,0407010H0AAAMAM,6,0.00839999999999995
197,A81007,Paracet_Tab 500mg,0407010H0AAAMAM,3,0.00839999999999995
199,A81027,Paracet_Tab 500mg,0407010H0AAAMAM,2,0.00839999999999995
194,A81044,Paracet_Tab 500mg,0407010H0AAAMAM,6,0.00839999999999995
198,A81027,Paracet_Tab 500mg,0407010H0AAAMAM,2,0.00839999999999995
390,A81632,Pregabalin_Cap 150mg,0408010AEAAAEAE,5,0.0070000000000002005
200,A81063,Paracet_Tab 500mg,0407010H0AAAMAM,5,0.006999999999999958
201,A81063,Paracet_Tab 500mg,0407010H0AAAMAM,5,0.006999999999999958
499,A81036,Losartan Pot_Tab 100mg,0205052N0AAADAD,1,0.006999999999999958
19,A81034,Atorvastatin_Tab 20mg,0212000B0AAABAB,1,0.006400000000000183
468,A81027,Atorvastatin_Tab 10mg,0212000B0AAAAAA,3,0.006300000000000035
203,A81602,Paracet_Tab 500mg,0407010H0AAAMAM,1,0.005999999999999964
210,A81602,Paracet_Tab 500mg,0407010H0AAAMAM,1,0.005999999999999964
212,A81067,Paracet_Tab 500mg,0407010H0AAAMAM,2,0.005999999999999964
215,A81631,Paracet_Tab 500mg,0407010H0AAAMAM,1,0.005999999999999964
205,A81011,Paracet_Tab 500mg,0407010H0AAAMAM,2,0.005999999999999964
207,A81056,Paracet_Tab 500mg,0407010H0AAAMAM,1,0.005999999999999964
206,A81634,Paracet_Tab 500mg,0407010H0AAAMAM,1,0.005999999999999964
213,A81011,Paracet_Tab 500mg,0407010H0AAAMAM,2,0.005999999999999964
208,A81631,Paracet_Tab 500mg,0407010H0AAAMAM,1,0.005999999999999964
214,A81622,Paracet_Tab 500mg,0407010H0AAAMAM,1,0.005999999999999964
202,A81056,Paracet_Tab 500mg,0407010H0AAAMAM,1,0.005999999999999964
209,A81067,Paracet_Tab 500mg,0407010H0AAAMAM,2,0.005999999999999964
211,A81622,Paracet_Tab 500mg,0407010H0AAAMAM,1,0.005999999999999964
204,A81634,Paracet_Tab 500mg,0407010H0AAAMAM,1,0.005999999999999964
392,A81001,Pregabalin_Cap 150mg,0408010AEAAAEAE,2,0.00560000000000016
393,A81034,Pregabalin_Cap 150mg,0408010AEAAAEAE,4,0.00560000000000016
399,A81066,Pregabalin_Cap 150mg,0408010AEAAAEAE,1,0.00560000000000016
398,A81610,Pregabalin_Cap 150mg,0408010AEAAAEAE,2,0.00560000000000016
397,A81608,Pregabalin_Cap 150mg,0408010AEAAAEAE,1,0.00560000000000016
396,A81027,Pregabalin_Cap 150mg,0408010AEAAAEAE,4,0.00560000000000016
395,A81631,Pregabalin_Cap 150mg,0408010AEAAAEAE,1,0.00560000000000016
400,A81027,Pregabalin_Cap 150mg,0408010AEAAAEAE,1,0.00560000000000016
394,A81027,Pregabalin_Cap 150mg,0408010AEAAAEAE,2,0.00560000000000016
391,A81056,Pregabalin_Cap 150mg,0408010AEAAAEAE,1,0.00560000000000016
500,A81006,Losartan Pot_Tab 100mg,0205052N0AAADAD,1,0.005600000000000015
217,A81002,Paracet_Tab 500mg,0407010H0AAAMAM,4,0.005599999999999966
216,A81002,Paracet_Tab 500mg,0407010H0AAAMAM,4,0.005599999999999966
325,A81011,Atorvastatin_Tab 40mg,0212000B0AAACAC,1,0.00540000000000003
326,A81007,Atorvastatin_Tab 40mg,0212000B0AAACAC,1,0.004600000000000132
401,A81070,Pregabalin_Cap 150mg,0408010AEAAAEAE,1,0.004600000000000021
415,A81063,Hydrocort_Tab 10mg,0603020J0AAADAD,1,0.004499999999999504
414,A81006,Hydrocort_Tab 10mg,0603020J0AAADAD,1,0.004499999999999504
20,A81006,Atorvastatin_Tab 20mg,0212000B0AAABAB,1,0.004400000000000015
327,A81046,Atorvastatin_Tab 40mg,0212000B0AAACAC,1,0.004399999999999973
218,A81622,Paracet_Tab 500mg,0407010H0AAAMAM,1,0.004399999999999973
219,A81622,Paracet_Tab 500mg,0407010H0AAAMAM,1,0.004399999999999973
402,A81036,Pregabalin_Cap 150mg,0408010AEAAAEAE,3,0.00420000000000012
470,A81002,Atorvastatin_Tab 10mg,0212000B0AAAAAA,2,0.004200000000000023
469,A81063,Atorvastatin_Tab 10mg,0212000B0AAAAAA,1,0.004200000000000023
471,A81025,Atorvastatin_Tab 10mg,0212000B0AAAAAA,1,0.004200000000000023
21,A81036,Atorvastatin_Tab 20mg,0212000B0AAABAB,1,0.004000000000000115
430,A81027,Aripiprazole_Tab 10mg,0402010ADAAAAAA,1,0.004000000000000115
221,A81034,Paracet_Tab 500mg,0407010H0AAAMAM,1,0.0040000000000000105
220,A81034,Paracet_Tab 500mg,0407010H0AAAMAM,1,0.0040000000000000105
22,A81006,Atorvastatin_Tab 20mg,0212000B0AAABAB,1,0.003800000000000109
306,A81034,Memantine HCl_Tab 20mg,0411000G0AAADAD,1,0.003799999999999977
328,A81067,Atorvastatin_Tab 40mg,0212000B0AAACAC,1,0.00360000000000002
307,A81067,Memantine HCl_Tab 20mg,0411000G0AAADAD,1,0.003499999999999996
222,A81031,Paracet_Tab 500mg,0407010H0AAAMAM,1,0.003300000000000001
223,A81031,Paracet_Tab 500mg,0407010H0AAAMAM,1,0.003300000000000001
472,A81631,Atorvastatin_Tab 10mg,0212000B0AAAAAA,1,0.003200000000000036
23,A81031,Atorvastatin_Tab 20mg,0212000B0AAABAB,1,0.0030000000000000165
224,A81034,Paracet_Tab 500mg,0407010H0AAAMAM,1,0.002999999999999982
225,A81034,Paracet_Tab 500mg,0407010H0AAAMAM,1,0.002999999999999982
226,A81056,Paracet_Tab 500mg,0407010H0AAAMAM,1,0.002799999999999983
227,A81056,Paracet_Tab 500mg,0407010H0AAAMAM,1,0.002799999999999983
473,A81014,Atorvastatin_Tab 10mg,0212000B0AAAAAA,1,0.0021000000000000116
329,A81027,Atorvastatin_Tab 40mg,0212000B0AAACAC,1,0.0020000000000000573
24,A81044,Atorvastatin_Tab 20mg,0212000B0AAABAB,1,0.00180000000000001
330,A81006,Atorvastatin_Tab 40mg,0212000B0AAACAC,1,0.00180000000000001
308,A81036,Memantine HCl_Tab 20mg,0411000G0AAADAD,1,0.0017000000000000487
403,A81002,Pregabalin_Cap 150mg,0408010AEAAAEAE,1,0.00140000000000004
309,A81017,Memantine HCl_Tab 20mg,0411000G0AAADAD,1,-0.001299999999999947
25,A81002,Atorvastatin_Tab 20mg,0212000B0AAABAB,1,-0.0013999999999999985
331,A81007,Atorvastatin_Tab 40mg,0212000B0AAACAC,1,-0.0013999999999999985
474,A81036,Atorvastatin_Tab 10mg,0212000B0AAAAAA,1,-0.001499999999999991
501,A81046,Losartan Pot_Tab 100mg,0205052N0AAADAD,1,-0.0019999999999999185
26,A81031,Atorvastatin_Tab 20mg,0212000B0AAABAB,1,-0.0022999999999999063
310,A81011,Memantine HCl_Tab 20mg,0411000G0AAADAD,1,-0.002399999999999902
332,A81036,Atorvastatin_Tab 40mg,0212000B0AAACAC,1,-0.002399999999999902
311,A81036,Memantine HCl_Tab 20mg,0411000G0AAADAD,1,-0.002499999999999898
333,A81006,Atorvastatin_Tab 40mg,0212000B0AAACAC,1,-0.002700000000000015
27,A81017,Atorvastatin_Tab 20mg,0212000B0AAABAB,1,-0.002799999999999997
503,A81044,Losartan Pot_Tab 100mg,0205052N0AAADAD,1,-0.0029999999999998778
502,A81034,Losartan Pot_Tab 100mg,0205052N0AAADAD,1,-0.0029999999999998778
334,A81034,Atorvastatin_Tab 40mg,0212000B0AAACAC,1,-0.0029999999999998778
28,A81017,Atorvastatin_Tab 20mg,0212000B0AAABAB,1,-0.0029999999999998778
335,A81608,Atorvastatin_Tab 40mg,0212000B0AAACAC,1,-0.0029999999999998778
29,A81006,Atorvastatin_Tab 20mg,0212000B0AAABAB,1,-0.0029999999999998778
475,A81057,Atorvastatin_Tab 10mg,0212000B0AAAAAA,1,-0.002999999999999982
30,A81034,Atorvastatin_Tab 20mg,0212000B0AAABAB,1,-0.0030999999999998737
31,A81610,Atorvastatin_Tab 20mg,0212000B0AAABAB,1,-0.0033999999999999794
312,A81036,Memantine HCl_Tab 20mg,0411000G0AAADAD,1,-0.0036999999999998492
33,A81036,Atorvastatin_Tab 20mg,0212000B0AAABAB,1,-0.003999999999999976
32,A81044,Atorvastatin_Tab 20mg,0212000B0AAABAB,1,-0.003999999999999976
230,A81040,Paracet_Tab 500mg,0407010H0AAAMAM,1,-0.003999999999999976
229,A81040,Paracet_Tab 500mg,0407010H0AAAMAM,1,-0.003999999999999976
233,A81034,Paracet_Tab 500mg,0407010H0AAAMAM,1,-0.003999999999999976
228,A81063,Paracet_Tab 500mg,0407010H0AAAMAM,1,-0.003999999999999976
231,A81063,Paracet_Tab 500mg,0407010H0AAAMAM,1,-0.003999999999999976
232,A81034,Paracet_Tab 500mg,0407010H0AAAMAM,1,-0.003999999999999976
404,A81031,Pregabalin_Cap 150mg,0408010AEAAAEAE,1,-0.0041999999999995374
504,A81063,Losartan Pot_Tab 100mg,0205052N0AAADAD,1,-0.004399999999999821
477,A81608,Atorvastatin_Tab 10mg,0212000B0AAAAAA,1,-0.004799999999999971
313,A81034,Memantine HCl_Tab 20mg,0411000G0AAADAD,1,-0.004799999999999971
476,A81040,Atorvastatin_Tab 10mg,0212000B0AAAAAA,1,-0.004799999999999971
405,A81070,Pregabalin_Cap 150mg,0408010AEAAAEAE,1,-0.004999999999999449
234,A81631,Paracet_Tab 500mg,0407010H0AAAMAM,1,-0.005599999999999966
478,A81007,Atorvastatin_Tab 10mg,0212000B0AAAAAA,7,-0.005599999999999966
237,A81039,Paracet_Tab 500mg,0407010H0AAAMAM,1,-0.005599999999999966
236,A81039,Paracet_Tab 500mg,0407010H0AAAMAM,1,-0.005599999999999966
235,A81631,Paracet_Tab 500mg,0407010H0AAAMAM,1,-0.005599999999999966
431,A81011,Aripiprazole_Tab 10mg,0402010ADAAAAAA,3,-0.006299999999999889
432,A81007,Aripiprazole_Tab 10mg,0402010ADAAAAAA,3,-0.006299999999999889
314,A81034,Memantine HCl_Tab 20mg,0411000G0AAADAD,2,-0.0071999999999999564
406,A81034,Pregabalin_Cap 150mg,0408010AEAAAEAE,1,-0.007999999999999119
416,A81017,Hydrocort_Tab 10mg,0603020J0AAADAD,1,-0.007999999999999119
239,A81044,Paracet_Tab 500mg,0407010H0AAAMAM,4,-0.007999999999999952
238,A81044,Paracet_Tab 500mg,0407010H0AAAMAM,4,-0.007999999999999952
433,A81070,Aripiprazole_Tab 10mg,0402010ADAAAAAA,4,-0.008399999999999852
435,A81036,Aripiprazole_Tab 10mg,0402010ADAAAAAA,4,-0.008399999999999852
434,A81034,Aripiprazole_Tab 10mg,0402010ADAAAAAA,4,-0.008399999999999852
436,A81017,Aripiprazole_Tab 10mg,0402010ADAAAAAA,4,-0.008399999999999852
417,A81006,Hydrocort_Tab 10mg,0603020J0AAADAD,4,-0.00879999999999903
479,A81070,Atorvastatin_Tab 10mg,0212000B0AAAAAA,13,-0.010399999999999937
437,A81631,Aripiprazole_Tab 10mg,0402010ADAAAAAA,5,-0.010499999999999815
418,A81002,Hydrocort_Tab 10mg,0603020J0AAADAD,1,-0.011199999999998766
419,A81011,Hydrocort_Tab 10mg,0603020J0AAADAD,1,-0.011199999999998766
422,A81041,Hydrocort_Tab 10mg,0603020J0AAADAD,1,-0.013999999999998458
421,A81006,Hydrocort_Tab 10mg,0603020J0AAADAD,1,-0.013999999999998458
420,A81011,Hydrocort_Tab 10mg,0603020J0AAADAD,1,-0.013999999999998458
439,A81044,Aripiprazole_Tab 10mg,0402010ADAAAAAA,7,-0.014699999999999741
438,A81629,Aripiprazole_Tab 10mg,0402010ADAAAAAA,7,-0.014699999999999741
426,A81039,Hydrocort_Tab 10mg,0603020J0AAADAD,2,-0.022399999999997533
425,A81057,Hydrocort_Tab 10mg,0603020J0AAADAD,2,-0.022399999999997533
424,A81031,Hydrocort_Tab 10mg,0603020J0AAADAD,2,-0.022399999999997533
423,A81007,Hydrocort_Tab 10mg,0603020J0AAADAD,2,-0.022399999999997533
240,A81602,Paracet_Tab 500mg,0407010H0AAAMAM,6,-0.0335999999999998
241,A81602,Paracet_Tab 500mg,0407010H0AAAMAM,6,-0.0335999999999998
243,A81057,Paracet_Tab 500mg,0407010H0AAAMAM,7,-0.03919999999999976
242,A81057,Paracet_Tab 500mg,0407010H0AAAMAM,7,-0.03919999999999976
247,A81025,Paracet_Tab 500mg,0407010H0AAAMAM,10,-0.05599999999999966
248,A81006,Paracet_Tab 500mg,0407010H0AAAMAM,10,-0.05599999999999966
249,A81006,Paracet_Tab 500mg,0407010H0AAAMAM,10,-0.05599999999999966
245,A81610,Paracet_Tab 500mg,0407010H0AAAMAM,10,-0.05599999999999966
244,A81025,Paracet_Tab 500mg,0407010H0AAAMAM,10,-0.05599999999999966
246,A81610,Paracet_Tab 500mg,0407010H0AAAMAM,10,-0.05599999999999966
250,A81629,Paracet_Tab 500mg,0407010H0AAAMAM,11,-0.06159999999999963
251,A81629,Paracet_Tab 500mg,0407010H0AAAMAM,11,-0.06159999999999963
253,A81632,Paracet_Tab 500mg,0407010H0AAAMAM,34,-0.08159999999999998
252,A81632,Paracet_Tab 500mg,0407010H0AAAMAM,34,-0.08159999999999998
255,A81040,Paracet_Tab 500mg,0407010H0AAAMAM,15,-0.08399999999999949
254,A81040,Paracet_Tab 500mg,0407010H0AAAMAM,15,-0.08399999999999949
257,A81001,Paracet_Tab 500mg,0407010H0AAAMAM,18,-0.10079999999999939
256,A81001,Paracet_Tab 500mg,0407010H0AAAMAM,18,-0.10079999999999939
259,A81063,Paracet_Tab 500mg,0407010H0AAAMAM,23,-0.12879999999999922
258,A81063,Paracet_Tab 500mg,0407010H0AAAMAM,23,-0.12879999999999922
261,A81041,Paracet_Tab 500mg,0407010H0AAAMAM,26,-0.14559999999999912
260,A81041,Paracet_Tab 500mg,0407010H0AAAMAM,26,-0.14559999999999912
263,A81036,Paracet_Tab 500mg,0407010H0AAAMAM,29,-0.16239999999999902
262,A81036,Paracet_Tab 500mg,0407010H0AAAMAM,29,-0.16239999999999902
264,A81067,Paracet_Tab 500mg,0407010H0AAAMAM,32,-0.17919999999999892
265,A81067,Paracet_Tab 500mg,0407010H0AAAMAM,32,-0.17919999999999892
266,A81002,Paracet_Tab 500mg,0407010H0AAAMAM,38,-0.2127999999999987
267,A81017,Paracet_Tab 500mg,0407010H0AAAMAM,38,-0.2127999999999987
268,A81017,Paracet_Tab 500mg,0407010H0AAAMAM,38,-0.2127999999999987
269,A81002,Paracet_Tab 500mg,0407010H0AAAMAM,38,-0.2127999999999987
271,A81007,Paracet_Tab 500mg,0407010H0AAAMAM,53,-0.2967999999999982
270,A81007,Paracet_Tab 500mg,0407010H0AAAMAM,53,-0.2967999999999982
273,A81622,Paracet_Tab 500mg,0407010H0AAAMAM,74,-0.4143999999999975
272,A81622,Paracet_Tab 500mg,0407010H0AAAMAM,74,-0.4143999999999975
440,A81632,Aripiprazole_Tab 10mg,0402010ADAAAAAA,4,-0.5292
275,A81622,Paracet_Tab 500mg,0407010H0AAAMAM,57,-0.5699999999999965
274,A81622,Paracet_Tab 500mg,0407010H0AAAMAM,57,-0.5699999999999965
276,A81002,Paracet_Tab 500mg,0407010H0AAAMAM,51,-0.5711999999999966
277,A81002,Paracet_Tab 500mg,0407010H0AAAMAM,51,-0.5711999999999966
278,A81060,Paracet_Tab 500mg,0407010H0AAAMAM,23,-0.9199999999999944
279,A81060,Paracet_Tab 500mg,0407010H0AAAMAM,23,-0.9199999999999944
280,A81034,Paracet_Tab 500mg,0407010H0AAAMAM,2,-0.96
281,A81034,Paracet_Tab 500mg,0407010H0AAAMAM,2,-0.96
282,A81034,Paracet_Tab 500mg,0407010H0AAAMAM,38,-1.2767999999999922
283,A81034,Paracet_Tab 500mg,0407010H0AAAMAM,38,-1.2767999999999922
284,A81070,Paracet_Tab 500mg,0407010H0AAAMAM,30,-1.3439999999999919
285,A81070,Paracet_Tab 500mg,0407010H0AAAMAM,30,-1.3439999999999919
286,A81044,Paracet_Tab 500mg,0407010H0AAAMAM,326,-1.825599999999989
287,A81044,Paracet_Tab 500mg,0407010H0AAAMAM,326,-1.825599999999989
