,practice_code,bnf_description,bnf_code,items,excess_cost
0,N82062,Mesalazine_Tab E/C 400mg,0105010B0AAAAAA,1,95.82719999999999
1,N82035,Mesalazine_Tab E/C 400mg,0105010B0AAAAAA,2,63.88479999999999
48,N82117,Risperidone_Tab 6mg,040201030AAAFAF,4,58.4192
46,N82073,Risperidone_Tab 6mg,040201030AAAFAF,2,58.4192
47,N82022,Risperidone_Tab 6mg,040201030AAAFAF,1,58.4192
54,N82094,Mesalazine_Tab E/C 800mg,0105010B0AAASAS,1,51.65999999999999
4,N82053,Mesalazine_Tab E/C 400mg,0105010B0AAAAAA,1,47.913599999999995
2,N82046,Mesalazine_Tab E/C 400mg,0105010B0AAAAAA,2,47.913599999999995
6,N82018,Mesalazine_Tab E/C 400mg,0105010B0AAAAAA,1,47.913599999999995
3,N82641,Mesalazine_Tab E/C 400mg,0105010B0AAAAAA,1,47.913599999999995
5,N82095,Mesalazine_Tab E/C 400mg,0105010B0AAAAAA,1,47.913599999999995
8,N82049,Mesalazine_Tab E/C 400mg,0105010B0AAAAAA,1,47.913599999999995
7,N82046,Mesalazine_Tab E/C 400mg,0105010B0AAAAAA,1,47.913599999999995
55,N82650,Mesalazine_Tab E/C 800mg,0105010B0AAASAS,1,36.89999999999999
56,N82092,Mesalazine_Tab E/C 800mg,0105010B0AAASAS,1,36.89999999999999
10,N82052,Mesalazine_Tab E/C 400mg,0105010B0AAAAAA,1,35.935199999999995
9,N82011,Mesalazine_Tab E/C 400mg,0105010B0AAAAAA,4,35.935199999999995
57,N82090,Mesalazine_Tab E/C 800mg,0105010B0AAASAS,2,34.44000000000001
64,N82070,Mesalazine_Tab E/C 800mg,0105010B0AAASAS,1,34.43999999999999
58,N82035,Mesalazine_Tab E/C 800mg,0105010B0AAASAS,1,34.43999999999999
59,N82107,Mesalazine_Tab E/C 800mg,0105010B0AAASAS,1,34.43999999999999
60,N82036,Mesalazine_Tab E/C 800mg,0105010B0AAASAS,1,34.43999999999999
61,N82041,Mesalazine_Tab E/C 800mg,0105010B0AAASAS,1,34.43999999999999
62,N82646,Mesalazine_Tab E/C 800mg,0105010B0AAASAS,1,34.43999999999999
63,N82082,Mesalazine_Tab E/C 800mg,0105010B0AAASAS,4,34.43999999999999
11,N82066,Mesalazine_Tab E/C 400mg,0105010B0AAAAAA,1,31.942399999999996
501,N82053,Co-Codamol_Tab 8mg/500mg,0407010F0AAAAAA,3,30.96
500,N82053,Co-Codamol_Tab 8mg/500mg,0407010F0AAAAAA,3,30.96
50,N82034,Risperidone_Tab 6mg,040201030AAAFAF,4,29.232
49,N82011,Risperidone_Tab 6mg,040201030AAAFAF,4,29.232
52,N82011,Risperidone_Tab 6mg,040201030AAAFAF,1,29.2096
51,N82076,Risperidone_Tab 6mg,040201030AAAFAF,1,29.2096
15,N82086,Mesalazine_Tab E/C 400mg,0105010B0AAAAAA,1,23.956799999999998
12,N82076,Mesalazine_Tab E/C 400mg,0105010B0AAAAAA,1,23.956799999999998
13,N82097,Mesalazine_Tab E/C 400mg,0105010B0AAAAAA,1,23.956799999999998
14,N82662,Mesalazine_Tab E/C 400mg,0105010B0AAAAAA,1,23.956799999999998
18,N82648,Mesalazine_Tab E/C 400mg,0105010B0AAAAAA,1,23.956799999999998
17,N82034,Mesalazine_Tab E/C 400mg,0105010B0AAAAAA,1,23.956799999999998
16,N82091,Mesalazine_Tab E/C 400mg,0105010B0AAAAAA,1,23.956799999999998
65,N82048,Mesalazine_Tab E/C 800mg,0105010B0AAASAS,1,22.959999999999994
67,N82058,Mesalazine_Tab E/C 800mg,0105010B0AAASAS,1,18.449999999999996
66,N82097,Mesalazine_Tab E/C 800mg,0105010B0AAASAS,1,18.449999999999996
68,N82034,Mesalazine_Tab E/C 800mg,0105010B0AAASAS,1,17.219999999999995
69,N82662,Mesalazine_Tab E/C 800mg,0105010B0AAASAS,1,17.219999999999995
19,N82039,Mesalazine_Tab E/C 400mg,0105010B0AAAAAA,1,17.099999999999998
20,N82062,Mesalazine_Tab E/C 400mg,0105010B0AAAAAA,1,15.971199999999998
53,N82076,Risperidone_Tab 6mg,040201030AAAFAF,1,14.6048
293,N82115,Buprenorphine_Tab Subling 400mcg S/F,0410030A0AAACAC,7,13.328000000000001
21,N82097,Mesalazine_Tab E/C 400mg,0105010B0AAAAAA,1,12.833999999999998
22,N82676,Mesalazine_Tab E/C 400mg,0105010B0AAAAAA,1,12.833999999999998
23,N82001,Mesalazine_Tab E/C 400mg,0105010B0AAAAAA,1,11.978399999999999
71,N82037,Mesalazine_Tab E/C 800mg,0105010B0AAASAS,1,11.479999999999997
70,N82671,Mesalazine_Tab E/C 800mg,0105010B0AAASAS,1,11.479999999999997
294,Y01220,Buprenorphine_Tab Subling 400mcg S/F,0410030A0AAACAC,7,10.662400000000002
343,N82019,Pyridox HCl_Tab 50mg,0906024N0AAAIAI,1,9.576000000000002
344,N82019,Pyridox HCl_Tab 50mg,0906024N0AAAIAI,1,8.550000000000002
754,N82110,Tetrabenazine_Tab 25mg,0409030C0AAAAAA,2,7.99679999999999
24,N82065,Mesalazine_Tab E/C 400mg,0105010B0AAAAAA,1,7.985599999999999
25,N82001,Mesalazine_Tab E/C 400mg,0105010B0AAAAAA,1,7.985599999999999
26,N82035,Mesalazine_Tab E/C 400mg,0105010B0AAAAAA,1,7.985599999999999
295,Y01220,Buprenorphine_Tab Subling 400mcg S/F,0410030A0AAACAC,4,7.6160000000000005
732,N82651,Topiramate_Tab 200mg,040801050AAACAC,3,7.469999999999997
296,N82667,Buprenorphine_Tab Subling 400mcg S/F,0410030A0AAACAC,6,6.8544
298,N82084,Buprenorphine_Tab Subling 400mcg S/F,0410030A0AAACAC,2,6.0928
297,N82667,Buprenorphine_Tab Subling 400mcg S/F,0410030A0AAACAC,4,6.0928
299,N82667,Buprenorphine_Tab Subling 400mcg S/F,0410030A0AAACAC,3,5.712000000000001
300,N82669,Buprenorphine_Tab Subling 400mcg S/F,0410030A0AAACAC,2,5.331200000000001
301,N82641,Buprenorphine_Tab Subling 400mcg S/F,0410030A0AAACAC,5,4.760000000000001
733,N82041,Topiramate_Tab 200mg,040801050AAACAC,2,4.636799999999999
304,N82094,Buprenorphine_Tab Subling 400mcg S/F,0410030A0AAACAC,3,4.5696
303,Y01220,Buprenorphine_Tab Subling 400mcg S/F,0410030A0AAACAC,4,4.5696
302,N82665,Buprenorphine_Tab Subling 400mcg S/F,0410030A0AAACAC,3,4.5696
410,N82041,Amiodarone HCl_Tab 200mg,0203020D0AAABAB,13,4.550000000000004
84,N82018,Clonazepam_Tab 500mcg,0408010F0AAABAB,1,4.519999999999991
346,N82009,Pyridox HCl_Tab 50mg,0906024N0AAAIAI,3,4.309200000000001
345,N82011,Pyridox HCl_Tab 50mg,0906024N0AAAIAI,3,4.309200000000001
755,N82066,Tetrabenazine_Tab 25mg,0409030C0AAAAAA,2,3.998399999999995
305,N82669,Buprenorphine_Tab Subling 400mcg S/F,0410030A0AAACAC,2,3.8080000000000003
87,N82053,Clonazepam_Tab 500mcg,0408010F0AAABAB,8,3.796799999999992
86,N82054,Clonazepam_Tab 500mcg,0408010F0AAABAB,4,3.796799999999992
85,N82070,Clonazepam_Tab 500mcg,0408010F0AAABAB,4,3.796799999999992
411,N82053,Amiodarone HCl_Tab 200mg,0203020D0AAABAB,10,3.500000000000003
734,N82067,Topiramate_Tab 200mg,040801050AAACAC,1,3.4859999999999984
306,N82665,Buprenorphine_Tab Subling 400mcg S/F,0410030A0AAACAC,3,3.4272
88,N82073,Clonazepam_Tab 500mcg,0408010F0AAABAB,1,3.389999999999993
89,N82099,Clonazepam_Tab 500mcg,0408010F0AAABAB,5,3.1639999999999935
90,N82104,Clonazepam_Tab 500mcg,0408010F0AAABAB,5,3.1639999999999935
91,N82037,Clonazepam_Tab 500mcg,0408010F0AAABAB,5,3.1639999999999935
412,N82110,Amiodarone HCl_Tab 200mg,0203020D0AAABAB,9,3.150000000000003
309,N82641,Buprenorphine_Tab Subling 400mcg S/F,0410030A0AAACAC,4,3.0464
310,N82115,Buprenorphine_Tab Subling 400mcg S/F,0410030A0AAACAC,2,3.0464
308,N82667,Buprenorphine_Tab Subling 400mcg S/F,0410030A0AAACAC,1,3.0464
307,N82019,Buprenorphine_Tab Subling 400mcg S/F,0410030A0AAACAC,2,3.0464
760,N82014,Tetrabenazine_Tab 25mg,0409030C0AAAAAA,1,2.998799999999996
756,N82011,Tetrabenazine_Tab 25mg,0409030C0AAAAAA,1,2.998799999999996
759,N82052,Tetrabenazine_Tab 25mg,0409030C0AAAAAA,1,2.998799999999996
758,N82097,Tetrabenazine_Tab 25mg,0409030C0AAAAAA,1,2.998799999999996
757,N82671,Tetrabenazine_Tab 25mg,0409030C0AAAAAA,1,2.998799999999996
351,N82033,Pyridox HCl_Tab 50mg,0906024N0AAAIAI,2,2.8728000000000007
350,N82035,Pyridox HCl_Tab 50mg,0906024N0AAAIAI,3,2.8728000000000007
349,N82036,Pyridox HCl_Tab 50mg,0906024N0AAAIAI,2,2.8728000000000007
348,N82041,Pyridox HCl_Tab 50mg,0906024N0AAAIAI,2,2.8728000000000007
347,N82002,Pyridox HCl_Tab 50mg,0906024N0AAAIAI,2,2.8728000000000007
311,N82641,Buprenorphine_Tab Subling 400mcg S/F,0410030A0AAACAC,5,2.8560000000000003
92,N82018,Clonazepam_Tab 500mcg,0408010F0AAABAB,3,2.847599999999994
93,N82107,Clonazepam_Tab 500mcg,0408010F0AAABAB,1,2.847599999999994
413,N82024,Amiodarone HCl_Tab 200mg,0203020D0AAABAB,8,2.8000000000000025
99,N82089,Clonazepam_Tab 500mcg,0408010F0AAABAB,1,2.531199999999995
98,N82090,Clonazepam_Tab 500mcg,0408010F0AAABAB,4,2.531199999999995
94,N82001,Clonazepam_Tab 500mcg,0408010F0AAABAB,2,2.531199999999995
95,N82011,Clonazepam_Tab 500mcg,0408010F0AAABAB,4,2.531199999999995
96,N82011,Clonazepam_Tab 500mcg,0408010F0AAABAB,8,2.531199999999995
97,N82011,Clonazepam_Tab 500mcg,0408010F0AAABAB,1,2.531199999999995
740,N82034,Topiramate_Tab 200mg,040801050AAACAC,1,2.489999999999999
741,N82058,Topiramate_Tab 200mg,040801050AAACAC,1,2.489999999999999
739,N82109,Topiramate_Tab 200mg,040801050AAACAC,1,2.489999999999999
738,N82024,Topiramate_Tab 200mg,040801050AAACAC,1,2.489999999999999
737,N82059,Topiramate_Tab 200mg,040801050AAACAC,1,2.489999999999999
736,N82084,Topiramate_Tab 200mg,040801050AAACAC,1,2.489999999999999
735,N82670,Topiramate_Tab 200mg,040801050AAACAC,1,2.489999999999999
742,N82009,Topiramate_Tab 200mg,040801050AAACAC,1,2.489999999999999
414,N82011,Amiodarone HCl_Tab 200mg,0203020D0AAABAB,7,2.450000000000002
415,N82037,Amiodarone HCl_Tab 200mg,0203020D0AAABAB,7,2.450000000000002
747,N82091,Topiramate_Tab 200mg,040801050AAACAC,1,2.3183999999999996
748,N82037,Topiramate_Tab 200mg,040801050AAACAC,1,2.3183999999999996
749,N82077,Topiramate_Tab 200mg,040801050AAACAC,1,2.3183999999999996
745,N82113,Topiramate_Tab 200mg,040801050AAACAC,1,2.3183999999999996
744,Y00110,Topiramate_Tab 200mg,040801050AAACAC,1,2.3183999999999996
743,N82109,Topiramate_Tab 200mg,040801050AAACAC,1,2.3183999999999996
746,N82011,Topiramate_Tab 200mg,040801050AAACAC,1,2.3183999999999996
313,N82669,Buprenorphine_Tab Subling 400mcg S/F,0410030A0AAACAC,3,2.2848
312,N82669,Buprenorphine_Tab Subling 400mcg S/F,0410030A0AAACAC,2,2.2848
314,N82662,Buprenorphine_Tab Subling 400mcg S/F,0410030A0AAACAC,2,2.2848
315,N82667,Buprenorphine_Tab Subling 400mcg S/F,0410030A0AAACAC,1,2.2848
352,N82065,Pyridox HCl_Tab 50mg,0906024N0AAAIAI,6,2.1546000000000003
761,N82669,Tetrabenazine_Tab 25mg,0409030C0AAAAAA,1,2.135999999999998
416,N82084,Amiodarone HCl_Tab 200mg,0203020D0AAABAB,6,2.100000000000002
100,N82059,Clonazepam_Tab 500mcg,0408010F0AAABAB,2,2.033999999999996
101,N82094,Clonazepam_Tab 500mcg,0408010F0AAABAB,1,2.033999999999996
764,N82003,Tetrabenazine_Tab 25mg,0409030C0AAAAAA,1,1.9991999999999974
762,N82073,Tetrabenazine_Tab 25mg,0409030C0AAAAAA,1,1.9991999999999974
767,N82022,Tetrabenazine_Tab 25mg,0409030C0AAAAAA,2,1.9991999999999974
763,N82099,Tetrabenazine_Tab 25mg,0409030C0AAAAAA,1,1.9991999999999974
765,N82115,Tetrabenazine_Tab 25mg,0409030C0AAAAAA,1,1.9991999999999974
766,N82019,Tetrabenazine_Tab 25mg,0409030C0AAAAAA,1,1.9991999999999974
102,N82024,Clonazepam_Tab 500mcg,0408010F0AAABAB,2,1.943599999999996
353,N82074,Pyridox HCl_Tab 50mg,0906024N0AAAIAI,2,1.9152000000000005
354,N82002,Pyridox HCl_Tab 50mg,0906024N0AAAIAI,2,1.9152000000000005
355,N82018,Pyridox HCl_Tab 50mg,0906024N0AAAIAI,1,1.9152000000000005
356,N82079,Pyridox HCl_Tab 50mg,0906024N0AAAIAI,2,1.9152000000000005
111,N82054,Clonazepam_Tab 500mcg,0408010F0AAABAB,1,1.898399999999996
103,N82641,Clonazepam_Tab 500mcg,0408010F0AAABAB,2,1.898399999999996
104,N82074,Clonazepam_Tab 500mcg,0408010F0AAABAB,3,1.898399999999996
105,N82665,Clonazepam_Tab 500mcg,0408010F0AAABAB,1,1.898399999999996
106,N82059,Clonazepam_Tab 500mcg,0408010F0AAABAB,1,1.898399999999996
107,N82090,Clonazepam_Tab 500mcg,0408010F0AAABAB,2,1.898399999999996
108,N82070,Clonazepam_Tab 500mcg,0408010F0AAABAB,1,1.898399999999996
109,N82113,Clonazepam_Tab 500mcg,0408010F0AAABAB,1,1.898399999999996
110,N82110,Clonazepam_Tab 500mcg,0408010F0AAABAB,2,1.898399999999996
316,N82667,Buprenorphine_Tab Subling 400mcg S/F,0410030A0AAACAC,1,1.7680000000000002
417,N82018,Amiodarone HCl_Tab 200mg,0203020D0AAABAB,5,1.7500000000000016
420,N82001,Amiodarone HCl_Tab 200mg,0203020D0AAABAB,5,1.7500000000000016
419,N82095,Amiodarone HCl_Tab 200mg,0203020D0AAABAB,5,1.7500000000000016
418,N82048,Amiodarone HCl_Tab 200mg,0203020D0AAABAB,5,1.7500000000000016
114,N82092,Clonazepam_Tab 500mcg,0408010F0AAABAB,5,1.5819999999999967
113,N82641,Clonazepam_Tab 500mcg,0408010F0AAABAB,5,1.5819999999999967
115,N82070,Clonazepam_Tab 500mcg,0408010F0AAABAB,1,1.5819999999999967
112,N82035,Clonazepam_Tab 500mcg,0408010F0AAABAB,1,1.5819999999999967
317,N82667,Buprenorphine_Tab Subling 400mcg S/F,0410030A0AAACAC,2,1.5232
323,Y01220,Buprenorphine_Tab Subling 400mcg S/F,0410030A0AAACAC,2,1.5232
320,N82662,Buprenorphine_Tab Subling 400mcg S/F,0410030A0AAACAC,2,1.5232
321,N82097,Buprenorphine_Tab Subling 400mcg S/F,0410030A0AAACAC,2,1.5232
322,N82090,Buprenorphine_Tab Subling 400mcg S/F,0410030A0AAACAC,2,1.5232
319,N82117,Buprenorphine_Tab Subling 400mcg S/F,0410030A0AAACAC,1,1.5232
318,N82041,Buprenorphine_Tab Subling 400mcg S/F,0410030A0AAACAC,1,1.5232
371,N82073,Pyridox HCl_Tab 50mg,0906024N0AAAIAI,4,1.4364000000000003
374,N82117,Pyridox HCl_Tab 50mg,0906024N0AAAIAI,1,1.4364000000000003
372,N82093,Pyridox HCl_Tab 50mg,0906024N0AAAIAI,1,1.4364000000000003
373,N82090,Pyridox HCl_Tab 50mg,0906024N0AAAIAI,1,1.4364000000000003
370,N82117,Pyridox HCl_Tab 50mg,0906024N0AAAIAI,4,1.4364000000000003
369,N82109,Pyridox HCl_Tab 50mg,0906024N0AAAIAI,1,1.4364000000000003
362,N82076,Pyridox HCl_Tab 50mg,0906024N0AAAIAI,1,1.4364000000000003
361,N82079,Pyridox HCl_Tab 50mg,0906024N0AAAIAI,1,1.4364000000000003
360,N82052,Pyridox HCl_Tab 50mg,0906024N0AAAIAI,1,1.4364000000000003
359,N82116,Pyridox HCl_Tab 50mg,0906024N0AAAIAI,1,1.4364000000000003
358,N82065,Pyridox HCl_Tab 50mg,0906024N0AAAIAI,1,1.4364000000000003
357,N82641,Pyridox HCl_Tab 50mg,0906024N0AAAIAI,1,1.4364000000000003
363,N82074,Pyridox HCl_Tab 50mg,0906024N0AAAIAI,1,1.4364000000000003
364,N82651,Pyridox HCl_Tab 50mg,0906024N0AAAIAI,1,1.4364000000000003
366,N82022,Pyridox HCl_Tab 50mg,0906024N0AAAIAI,1,1.4364000000000003
367,N82034,Pyridox HCl_Tab 50mg,0906024N0AAAIAI,1,1.4364000000000003
368,N82097,Pyridox HCl_Tab 50mg,0906024N0AAAIAI,1,1.4364000000000003
365,N82099,Pyridox HCl_Tab 50mg,0906024N0AAAIAI,1,1.4364000000000003
324,N82019,Buprenorphine_Tab Subling 400mcg S/F,0410030A0AAACAC,1,1.4195999999999995
421,N82116,Amiodarone HCl_Tab 200mg,0203020D0AAABAB,2,1.4000000000000012
422,N82117,Amiodarone HCl_Tab 200mg,0203020D0AAABAB,4,1.4000000000000012
423,N82026,Amiodarone HCl_Tab 200mg,0203020D0AAABAB,4,1.4000000000000012
424,N82002,Amiodarone HCl_Tab 200mg,0203020D0AAABAB,4,1.4000000000000012
425,N82076,Amiodarone HCl_Tab 200mg,0203020D0AAABAB,4,1.4000000000000012
426,N82078,Amiodarone HCl_Tab 200mg,0203020D0AAABAB,4,1.4000000000000012
427,N82086,Amiodarone HCl_Tab 200mg,0203020D0AAABAB,4,1.4000000000000012
428,N82035,Amiodarone HCl_Tab 200mg,0203020D0AAABAB,4,1.4000000000000012
429,N82097,Amiodarone HCl_Tab 200mg,0203020D0AAABAB,4,1.4000000000000012
139,N82039,Clonazepam_Tab 500mcg,0408010F0AAABAB,1,1.2655999999999974
144,N82110,Clonazepam_Tab 500mcg,0408010F0AAABAB,2,1.2655999999999974
140,N82053,Clonazepam_Tab 500mcg,0408010F0AAABAB,2,1.2655999999999974
132,N82676,Clonazepam_Tab 500mcg,0408010F0AAABAB,1,1.2655999999999974
133,N82011,Clonazepam_Tab 500mcg,0408010F0AAABAB,1,1.2655999999999974
134,N82041,Clonazepam_Tab 500mcg,0408010F0AAABAB,2,1.2655999999999974
135,N82117,Clonazepam_Tab 500mcg,0408010F0AAABAB,2,1.2655999999999974
136,N82066,Clonazepam_Tab 500mcg,0408010F0AAABAB,2,1.2655999999999974
137,N82014,Clonazepam_Tab 500mcg,0408010F0AAABAB,2,1.2655999999999974
138,N82093,Clonazepam_Tab 500mcg,0408010F0AAABAB,2,1.2655999999999974
141,N82641,Clonazepam_Tab 500mcg,0408010F0AAABAB,1,1.2655999999999974
143,N82018,Clonazepam_Tab 500mcg,0408010F0AAABAB,1,1.2655999999999974
151,N82094,Clonazepam_Tab 500mcg,0408010F0AAABAB,2,1.2655999999999974
150,N82024,Clonazepam_Tab 500mcg,0408010F0AAABAB,2,1.2655999999999974
149,N82621,Clonazepam_Tab 500mcg,0408010F0AAABAB,1,1.2655999999999974
148,N82035,Clonazepam_Tab 500mcg,0408010F0AAABAB,2,1.2655999999999974
147,N82641,Clonazepam_Tab 500mcg,0408010F0AAABAB,2,1.2655999999999974
146,N82070,Clonazepam_Tab 500mcg,0408010F0AAABAB,4,1.2655999999999974
145,N82083,Clonazepam_Tab 500mcg,0408010F0AAABAB,1,1.2655999999999974
131,N82083,Clonazepam_Tab 500mcg,0408010F0AAABAB,2,1.2655999999999974
130,N82115,Clonazepam_Tab 500mcg,0408010F0AAABAB,4,1.2655999999999974
129,N82655,Clonazepam_Tab 500mcg,0408010F0AAABAB,1,1.2655999999999974
121,N82041,Clonazepam_Tab 500mcg,0408010F0AAABAB,1,1.2655999999999974
116,N82074,Clonazepam_Tab 500mcg,0408010F0AAABAB,4,1.2655999999999974
117,N82070,Clonazepam_Tab 500mcg,0408010F0AAABAB,1,1.2655999999999974
118,N82097,Clonazepam_Tab 500mcg,0408010F0AAABAB,1,1.2655999999999974
119,N82651,Clonazepam_Tab 500mcg,0408010F0AAABAB,4,1.2655999999999974
128,N82101,Clonazepam_Tab 500mcg,0408010F0AAABAB,2,1.2655999999999974
120,N82104,Clonazepam_Tab 500mcg,0408010F0AAABAB,1,1.2655999999999974
122,N82037,Clonazepam_Tab 500mcg,0408010F0AAABAB,1,1.2655999999999974
123,N82059,Clonazepam_Tab 500mcg,0408010F0AAABAB,2,1.2655999999999974
124,N82001,Clonazepam_Tab 500mcg,0408010F0AAABAB,2,1.2655999999999974
125,N82062,Clonazepam_Tab 500mcg,0408010F0AAABAB,2,1.2655999999999974
126,N82671,Clonazepam_Tab 500mcg,0408010F0AAABAB,1,1.2655999999999974
127,N82054,Clonazepam_Tab 500mcg,0408010F0AAABAB,1,1.2655999999999974
142,N82669,Clonazepam_Tab 500mcg,0408010F0AAABAB,2,1.2655999999999974
750,N82050,Topiramate_Tab 200mg,040801050AAACAC,1,1.1647999999999992
751,N82662,Topiramate_Tab 200mg,040801050AAACAC,1,1.1647999999999992
752,N82053,Topiramate_Tab 200mg,040801050AAACAC,4,1.1536000000000004
753,N82116,Topiramate_Tab 200mg,040801050AAACAC,2,1.1536000000000004
326,N82669,Buprenorphine_Tab Subling 400mcg S/F,0410030A0AAACAC,3,1.1424
325,N82019,Buprenorphine_Tab Subling 400mcg S/F,0410030A0AAACAC,1,1.1424
153,N82097,Clonazepam_Tab 500mcg,0408010F0AAABAB,1,1.1299999999999977
154,N82665,Clonazepam_Tab 500mcg,0408010F0AAABAB,1,1.1299999999999977
155,N82066,Clonazepam_Tab 500mcg,0408010F0AAABAB,1,1.1299999999999977
156,N82651,Clonazepam_Tab 500mcg,0408010F0AAABAB,1,1.1299999999999977
152,N82090,Clonazepam_Tab 500mcg,0408010F0AAABAB,1,1.1299999999999977
157,N82035,Clonazepam_Tab 500mcg,0408010F0AAABAB,1,1.0847999999999978
434,N82655,Amiodarone HCl_Tab 200mg,0203020D0AAABAB,3,1.050000000000001
436,N82676,Amiodarone HCl_Tab 200mg,0203020D0AAABAB,3,1.050000000000001
430,N82113,Amiodarone HCl_Tab 200mg,0203020D0AAABAB,1,1.050000000000001
431,N82022,Amiodarone HCl_Tab 200mg,0203020D0AAABAB,3,1.050000000000001
432,N82106,Amiodarone HCl_Tab 200mg,0203020D0AAABAB,1,1.050000000000001
433,N82665,Amiodarone HCl_Tab 200mg,0203020D0AAABAB,3,1.050000000000001
435,N82646,Amiodarone HCl_Tab 200mg,0203020D0AAABAB,3,1.050000000000001
438,N82074,Amiodarone HCl_Tab 200mg,0203020D0AAABAB,3,1.050000000000001
437,N82094,Amiodarone HCl_Tab 200mg,0203020D0AAABAB,1,1.050000000000001
439,N82067,Amiodarone HCl_Tab 200mg,0203020D0AAABAB,3,1.050000000000001
158,N82113,Clonazepam_Tab 500mcg,0408010F0AAABAB,1,1.028299999999998
159,N82037,Clonazepam_Tab 500mcg,0408010F0AAABAB,1,1.016999999999998
440,N82053,Amiodarone HCl_Tab 200mg,0203020D0AAABAB,12,1.0164
771,N82036,Tetrabenazine_Tab 25mg,0409030C0AAAAAA,1,0.9995999999999987
768,N82633,Tetrabenazine_Tab 25mg,0409030C0AAAAAA,1,0.9995999999999987
769,N82107,Tetrabenazine_Tab 25mg,0409030C0AAAAAA,1,0.9995999999999987
770,N82090,Tetrabenazine_Tab 25mg,0409030C0AAAAAA,1,0.9995999999999987
380,N82655,Pyridox HCl_Tab 50mg,0906024N0AAAIAI,1,0.9576000000000002
382,N82009,Pyridox HCl_Tab 50mg,0906024N0AAAIAI,1,0.9576000000000002
381,N82049,Pyridox HCl_Tab 50mg,0906024N0AAAIAI,1,0.9576000000000002
383,N82084,Pyridox HCl_Tab 50mg,0906024N0AAAIAI,1,0.9576000000000002
379,N82046,Pyridox HCl_Tab 50mg,0906024N0AAAIAI,1,0.9576000000000002
378,N82053,Pyridox HCl_Tab 50mg,0906024N0AAAIAI,1,0.9576000000000002
377,N82018,Pyridox HCl_Tab 50mg,0906024N0AAAIAI,1,0.9576000000000002
376,N82011,Pyridox HCl_Tab 50mg,0906024N0AAAIAI,2,0.9576000000000002
375,N82065,Pyridox HCl_Tab 50mg,0906024N0AAAIAI,2,0.9576000000000002
385,N82678,Pyridox HCl_Tab 50mg,0906024N0AAAIAI,2,0.9576000000000002
384,N82662,Pyridox HCl_Tab 50mg,0906024N0AAAIAI,1,0.9576000000000002
386,N82048,Pyridox HCl_Tab 50mg,0906024N0AAAIAI,2,0.9576000000000002
171,N82014,Clonazepam_Tab 500mcg,0408010F0AAABAB,1,0.949199999999998
160,N82067,Clonazepam_Tab 500mcg,0408010F0AAABAB,1,0.949199999999998
161,N82115,Clonazepam_Tab 500mcg,0408010F0AAABAB,1,0.949199999999998
162,N82037,Clonazepam_Tab 500mcg,0408010F0AAABAB,1,0.949199999999998
163,N82009,Clonazepam_Tab 500mcg,0408010F0AAABAB,1,0.949199999999998
164,N82089,Clonazepam_Tab 500mcg,0408010F0AAABAB,1,0.949199999999998
165,N82646,Clonazepam_Tab 500mcg,0408010F0AAABAB,1,0.949199999999998
166,N82097,Clonazepam_Tab 500mcg,0408010F0AAABAB,1,0.949199999999998
167,N82113,Clonazepam_Tab 500mcg,0408010F0AAABAB,2,0.949199999999998
168,N82052,Clonazepam_Tab 500mcg,0408010F0AAABAB,1,0.949199999999998
169,N82110,Clonazepam_Tab 500mcg,0408010F0AAABAB,3,0.949199999999998
170,N82094,Clonazepam_Tab 500mcg,0408010F0AAABAB,1,0.949199999999998
327,N82665,Buprenorphine_Tab Subling 400mcg S/F,0410030A0AAACAC,1,0.8943000000000004
328,N82117,Buprenorphine_Tab Subling 400mcg S/F,0410030A0AAACAC,1,0.7616
329,N82667,Buprenorphine_Tab Subling 400mcg S/F,0410030A0AAACAC,2,0.7616
330,N82115,Buprenorphine_Tab Subling 400mcg S/F,0410030A0AAACAC,2,0.7616
172,N82617,Clonazepam_Tab 500mcg,0408010F0AAABAB,6,0.7325999999999999
441,N82059,Amiodarone HCl_Tab 200mg,0203020D0AAABAB,2,0.7000000000000006
442,N82066,Amiodarone HCl_Tab 200mg,0203020D0AAABAB,1,0.7000000000000006
443,N82009,Amiodarone HCl_Tab 200mg,0203020D0AAABAB,2,0.7000000000000006
444,N82090,Amiodarone HCl_Tab 200mg,0203020D0AAABAB,2,0.7000000000000006
445,N82066,Amiodarone HCl_Tab 200mg,0203020D0AAABAB,2,0.7000000000000006
446,N82094,Amiodarone HCl_Tab 200mg,0203020D0AAABAB,2,0.7000000000000006
447,N82004,Amiodarone HCl_Tab 200mg,0203020D0AAABAB,2,0.7000000000000006
451,N82052,Amiodarone HCl_Tab 200mg,0203020D0AAABAB,2,0.7000000000000006
448,N82670,Amiodarone HCl_Tab 200mg,0203020D0AAABAB,1,0.7000000000000006
449,N82641,Amiodarone HCl_Tab 200mg,0203020D0AAABAB,2,0.7000000000000006
450,N82115,Amiodarone HCl_Tab 200mg,0203020D0AAABAB,2,0.7000000000000006
456,N82106,Amiodarone HCl_Tab 200mg,0203020D0AAABAB,2,0.7000000000000006
452,N82070,Amiodarone HCl_Tab 200mg,0203020D0AAABAB,2,0.7000000000000006
461,N82092,Amiodarone HCl_Tab 200mg,0203020D0AAABAB,2,0.7000000000000006
466,N82104,Amiodarone HCl_Tab 200mg,0203020D0AAABAB,1,0.7000000000000006
465,N82633,Amiodarone HCl_Tab 200mg,0203020D0AAABAB,1,0.7000000000000006
464,N82062,Amiodarone HCl_Tab 200mg,0203020D0AAABAB,1,0.7000000000000006
453,N82662,Amiodarone HCl_Tab 200mg,0203020D0AAABAB,2,0.7000000000000006
462,N82108,Amiodarone HCl_Tab 200mg,0203020D0AAABAB,1,0.7000000000000006
463,N82077,Amiodarone HCl_Tab 200mg,0203020D0AAABAB,2,0.7000000000000006
460,N82049,Amiodarone HCl_Tab 200mg,0203020D0AAABAB,2,0.7000000000000006
459,N82099,Amiodarone HCl_Tab 200mg,0203020D0AAABAB,2,0.7000000000000006
458,Y00110,Amiodarone HCl_Tab 200mg,0203020D0AAABAB,2,0.7000000000000006
457,N82036,Amiodarone HCl_Tab 200mg,0203020D0AAABAB,2,0.7000000000000006
455,N82014,Amiodarone HCl_Tab 200mg,0203020D0AAABAB,1,0.7000000000000006
454,N82651,Amiodarone HCl_Tab 200mg,0203020D0AAABAB,2,0.7000000000000006
772,N82641,Tetrabenazine_Tab 25mg,0409030C0AAAAAA,5,0.6919999999999993
181,N82052,Clonazepam_Tab 500mcg,0408010F0AAABAB,1,0.6779999999999986
180,N82002,Clonazepam_Tab 500mcg,0408010F0AAABAB,1,0.6779999999999986
179,N82082,Clonazepam_Tab 500mcg,0408010F0AAABAB,1,0.6779999999999986
178,N82018,Clonazepam_Tab 500mcg,0408010F0AAABAB,1,0.6779999999999986
182,N82024,Clonazepam_Tab 500mcg,0408010F0AAABAB,1,0.6779999999999986
176,N82036,Clonazepam_Tab 500mcg,0408010F0AAABAB,1,0.6779999999999986
177,N82089,Clonazepam_Tab 500mcg,0408010F0AAABAB,1,0.6779999999999986
175,N82079,Clonazepam_Tab 500mcg,0408010F0AAABAB,1,0.6779999999999986
174,N82073,Clonazepam_Tab 500mcg,0408010F0AAABAB,2,0.6779999999999986
173,N82663,Clonazepam_Tab 500mcg,0408010F0AAABAB,1,0.6779999999999986
467,N82117,Amiodarone HCl_Tab 200mg,0203020D0AAABAB,8,0.6776
331,Y01220,Buprenorphine_Tab Subling 400mcg S/F,0410030A0AAACAC,1,0.6576000000000002
208,N82054,Clonazepam_Tab 500mcg,0408010F0AAABAB,1,0.6327999999999987
201,N82092,Clonazepam_Tab 500mcg,0408010F0AAABAB,1,0.6327999999999987
202,N82049,Clonazepam_Tab 500mcg,0408010F0AAABAB,2,0.6327999999999987
203,N82003,Clonazepam_Tab 500mcg,0408010F0AAABAB,2,0.6327999999999987
204,N82078,Clonazepam_Tab 500mcg,0408010F0AAABAB,2,0.6327999999999987
205,N82094,Clonazepam_Tab 500mcg,0408010F0AAABAB,2,0.6327999999999987
207,N82104,Clonazepam_Tab 500mcg,0408010F0AAABAB,2,0.6327999999999987
210,N82655,Clonazepam_Tab 500mcg,0408010F0AAABAB,1,0.6327999999999987
209,N82034,Clonazepam_Tab 500mcg,0408010F0AAABAB,1,0.6327999999999987
199,N82097,Clonazepam_Tab 500mcg,0408010F0AAABAB,2,0.6327999999999987
211,N82033,Clonazepam_Tab 500mcg,0408010F0AAABAB,1,0.6327999999999987
212,N82009,Clonazepam_Tab 500mcg,0408010F0AAABAB,1,0.6327999999999987
213,N82108,Clonazepam_Tab 500mcg,0408010F0AAABAB,1,0.6327999999999987
214,N82014,Clonazepam_Tab 500mcg,0408010F0AAABAB,2,0.6327999999999987
215,N82103,Clonazepam_Tab 500mcg,0408010F0AAABAB,1,0.6327999999999987
200,N82053,Clonazepam_Tab 500mcg,0408010F0AAABAB,2,0.6327999999999987
196,N82645,Clonazepam_Tab 500mcg,0408010F0AAABAB,4,0.6327999999999987
198,N82663,Clonazepam_Tab 500mcg,0408010F0AAABAB,1,0.6327999999999987
188,N82039,Clonazepam_Tab 500mcg,0408010F0AAABAB,1,0.6327999999999987
217,N82073,Clonazepam_Tab 500mcg,0408010F0AAABAB,1,0.6327999999999987
183,N82002,Clonazepam_Tab 500mcg,0408010F0AAABAB,1,0.6327999999999987
184,N82018,Clonazepam_Tab 500mcg,0408010F0AAABAB,2,0.6327999999999987
185,N82109,Clonazepam_Tab 500mcg,0408010F0AAABAB,2,0.6327999999999987
186,N82003,Clonazepam_Tab 500mcg,0408010F0AAABAB,1,0.6327999999999987
187,N82009,Clonazepam_Tab 500mcg,0408010F0AAABAB,2,0.6327999999999987
189,N82113,Clonazepam_Tab 500mcg,0408010F0AAABAB,1,0.6327999999999987
197,N82046,Clonazepam_Tab 500mcg,0408010F0AAABAB,1,0.6327999999999987
190,N82035,Clonazepam_Tab 500mcg,0408010F0AAABAB,2,0.6327999999999987
191,N82052,Clonazepam_Tab 500mcg,0408010F0AAABAB,1,0.6327999999999987
192,N82076,Clonazepam_Tab 500mcg,0408010F0AAABAB,1,0.6327999999999987
193,N82109,Clonazepam_Tab 500mcg,0408010F0AAABAB,1,0.6327999999999987
194,N82073,Clonazepam_Tab 500mcg,0408010F0AAABAB,2,0.6327999999999987
195,N82004,Clonazepam_Tab 500mcg,0408010F0AAABAB,1,0.6327999999999987
216,N82048,Clonazepam_Tab 500mcg,0408010F0AAABAB,1,0.6327999999999987
206,N82082,Clonazepam_Tab 500mcg,0408010F0AAABAB,2,0.6327999999999987
218,N82078,Clonazepam_Tab 500mcg,0408010F0AAABAB,1,0.6327999999999987
220,N82037,Clonazepam_Tab 500mcg,0408010F0AAABAB,2,0.6327999999999987
219,N82646,Clonazepam_Tab 500mcg,0408010F0AAABAB,1,0.6327999999999987
387,N82014,Pyridox HCl_Tab 50mg,0906024N0AAAIAI,5,0.5985000000000001
388,N82011,Pyridox HCl_Tab 50mg,0906024N0AAAIAI,1,0.5130000000000001
399,N82081,Pyridox HCl_Tab 50mg,0906024N0AAAIAI,1,0.4788000000000001
394,N82024,Pyridox HCl_Tab 50mg,0906024N0AAAIAI,4,0.4788000000000001
395,N82669,Pyridox HCl_Tab 50mg,0906024N0AAAIAI,1,0.4788000000000001
396,N82046,Pyridox HCl_Tab 50mg,0906024N0AAAIAI,1,0.4788000000000001
397,N82002,Pyridox HCl_Tab 50mg,0906024N0AAAIAI,1,0.4788000000000001
398,N82093,Pyridox HCl_Tab 50mg,0906024N0AAAIAI,1,0.4788000000000001
402,N82037,Pyridox HCl_Tab 50mg,0906024N0AAAIAI,1,0.4788000000000001
400,N82641,Pyridox HCl_Tab 50mg,0906024N0AAAIAI,4,0.4788000000000001
392,N82034,Pyridox HCl_Tab 50mg,0906024N0AAAIAI,1,0.4788000000000001
403,N82641,Pyridox HCl_Tab 50mg,0906024N0AAAIAI,1,0.4788000000000001
404,N82077,Pyridox HCl_Tab 50mg,0906024N0AAAIAI,1,0.4788000000000001
405,N82665,Pyridox HCl_Tab 50mg,0906024N0AAAIAI,1,0.4788000000000001
406,N82084,Pyridox HCl_Tab 50mg,0906024N0AAAIAI,1,0.4788000000000001
407,N82001,Pyridox HCl_Tab 50mg,0906024N0AAAIAI,1,0.4788000000000001
408,N82662,Pyridox HCl_Tab 50mg,0906024N0AAAIAI,1,0.4788000000000001
393,N82647,Pyridox HCl_Tab 50mg,0906024N0AAAIAI,1,0.4788000000000001
401,N82651,Pyridox HCl_Tab 50mg,0906024N0AAAIAI,1,0.4788000000000001
391,N82070,Pyridox HCl_Tab 50mg,0906024N0AAAIAI,1,0.4788000000000001
389,N82074,Pyridox HCl_Tab 50mg,0906024N0AAAIAI,1,0.4788000000000001
390,N82115,Pyridox HCl_Tab 50mg,0906024N0AAAIAI,1,0.4788000000000001
222,N82041,Clonazepam_Tab 500mcg,0408010F0AAABAB,1,0.474599999999999
221,N82101,Clonazepam_Tab 500mcg,0408010F0AAABAB,1,0.474599999999999
227,N82665,Clonazepam_Tab 500mcg,0408010F0AAABAB,1,0.474599999999999
226,N82106,Clonazepam_Tab 500mcg,0408010F0AAABAB,1,0.474599999999999
225,N82053,Clonazepam_Tab 500mcg,0408010F0AAABAB,6,0.474599999999999
224,N82621,Clonazepam_Tab 500mcg,0408010F0AAABAB,1,0.474599999999999
223,N82066,Clonazepam_Tab 500mcg,0408010F0AAABAB,1,0.474599999999999
468,N82036,Amiodarone HCl_Tab 200mg,0203020D0AAABAB,1,0.4250000000000004
229,N82662,Clonazepam_Tab 500mcg,0408010F0AAABAB,5,0.3954999999999992
228,N82024,Clonazepam_Tab 500mcg,0408010F0AAABAB,5,0.3954999999999992
333,N82018,Buprenorphine_Tab Subling 400mcg S/F,0410030A0AAACAC,1,0.3808
332,N82667,Buprenorphine_Tab Subling 400mcg S/F,0410030A0AAACAC,2,0.3808
335,N82097,Buprenorphine_Tab Subling 400mcg S/F,0410030A0AAACAC,1,0.3808
334,N82117,Buprenorphine_Tab Subling 400mcg S/F,0410030A0AAACAC,1,0.3808
409,N82011,Pyridox HCl_Tab 50mg,0906024N0AAAIAI,1,0.3591000000000001
336,N82018,Buprenorphine_Tab Subling 400mcg S/F,0410030A0AAACAC,1,0.35230000000000017
483,N82003,Amiodarone HCl_Tab 200mg,0203020D0AAABAB,1,0.3500000000000003
480,N82116,Amiodarone HCl_Tab 200mg,0203020D0AAABAB,1,0.3500000000000003
481,N82087,Amiodarone HCl_Tab 200mg,0203020D0AAABAB,1,0.3500000000000003
482,N82062,Amiodarone HCl_Tab 200mg,0203020D0AAABAB,1,0.3500000000000003
491,N82073,Amiodarone HCl_Tab 200mg,0203020D0AAABAB,1,0.3500000000000003
492,N82079,Amiodarone HCl_Tab 200mg,0203020D0AAABAB,1,0.3500000000000003
493,N82034,Amiodarone HCl_Tab 200mg,0203020D0AAABAB,1,0.3500000000000003
494,N82669,Amiodarone HCl_Tab 200mg,0203020D0AAABAB,1,0.3500000000000003
469,N82081,Amiodarone HCl_Tab 200mg,0203020D0AAABAB,1,0.3500000000000003
479,N82082,Amiodarone HCl_Tab 200mg,0203020D0AAABAB,1,0.3500000000000003
470,N82039,Amiodarone HCl_Tab 200mg,0203020D0AAABAB,1,0.3500000000000003
471,N82633,Amiodarone HCl_Tab 200mg,0203020D0AAABAB,1,0.3500000000000003
472,N82670,Amiodarone HCl_Tab 200mg,0203020D0AAABAB,1,0.3500000000000003
473,N82091,Amiodarone HCl_Tab 200mg,0203020D0AAABAB,1,0.3500000000000003
474,N82664,Amiodarone HCl_Tab 200mg,0203020D0AAABAB,1,0.3500000000000003
475,N82645,Amiodarone HCl_Tab 200mg,0203020D0AAABAB,1,0.3500000000000003
476,N82089,Amiodarone HCl_Tab 200mg,0203020D0AAABAB,1,0.3500000000000003
478,N82054,Amiodarone HCl_Tab 200mg,0203020D0AAABAB,1,0.3500000000000003
477,N82107,Amiodarone HCl_Tab 200mg,0203020D0AAABAB,1,0.3500000000000003
484,N82050,Amiodarone HCl_Tab 200mg,0203020D0AAABAB,1,0.3500000000000003
490,N82104,Amiodarone HCl_Tab 200mg,0203020D0AAABAB,1,0.3500000000000003
489,N82671,Amiodarone HCl_Tab 200mg,0203020D0AAABAB,1,0.3500000000000003
485,N82033,Amiodarone HCl_Tab 200mg,0203020D0AAABAB,1,0.3500000000000003
486,N82647,Amiodarone HCl_Tab 200mg,0203020D0AAABAB,1,0.3500000000000003
487,N82083,Amiodarone HCl_Tab 200mg,0203020D0AAABAB,1,0.3500000000000003
488,N82065,Amiodarone HCl_Tab 200mg,0203020D0AAABAB,1,0.3500000000000003
230,N82018,Clonazepam_Tab 500mcg,0408010F0AAABAB,2,0.348
231,N82086,Clonazepam_Tab 500mcg,0408010F0AAABAB,1,0.3389999999999993
232,N82036,Clonazepam_Tab 500mcg,0408010F0AAABAB,1,0.3389999999999993
233,N82090,Clonazepam_Tab 500mcg,0408010F0AAABAB,1,0.3389999999999993
234,N82066,Clonazepam_Tab 500mcg,0408010F0AAABAB,1,0.3389999999999993
235,N82050,Clonazepam_Tab 500mcg,0408010F0AAABAB,1,0.3389999999999993
236,N82074,Clonazepam_Tab 500mcg,0408010F0AAABAB,1,0.3389999999999993
237,N82034,Clonazepam_Tab 500mcg,0408010F0AAABAB,1,0.3389999999999993
238,N82011,Clonazepam_Tab 500mcg,0408010F0AAABAB,1,0.3389999999999993
495,N82669,Amiodarone HCl_Tab 200mg,0203020D0AAABAB,4,0.3388
337,N82667,Buprenorphine_Tab Subling 400mcg S/F,0410030A0AAACAC,2,0.3228000000000001
261,N82002,Clonazepam_Tab 500mcg,0408010F0AAABAB,1,0.31639999999999935
248,N82106,Clonazepam_Tab 500mcg,0408010F0AAABAB,1,0.31639999999999935
250,N82001,Clonazepam_Tab 500mcg,0408010F0AAABAB,1,0.31639999999999935
251,N82089,Clonazepam_Tab 500mcg,0408010F0AAABAB,1,0.31639999999999935
252,N82083,Clonazepam_Tab 500mcg,0408010F0AAABAB,1,0.31639999999999935
253,N82024,Clonazepam_Tab 500mcg,0408010F0AAABAB,2,0.31639999999999935
254,N82650,Clonazepam_Tab 500mcg,0408010F0AAABAB,1,0.31639999999999935
255,N82054,Clonazepam_Tab 500mcg,0408010F0AAABAB,1,0.31639999999999935
239,N82022,Clonazepam_Tab 500mcg,0408010F0AAABAB,1,0.31639999999999935
240,N82668,Clonazepam_Tab 500mcg,0408010F0AAABAB,1,0.31639999999999935
241,N82066,Clonazepam_Tab 500mcg,0408010F0AAABAB,1,0.31639999999999935
242,N82026,Clonazepam_Tab 500mcg,0408010F0AAABAB,1,0.31639999999999935
243,N82113,Clonazepam_Tab 500mcg,0408010F0AAABAB,1,0.31639999999999935
244,N82099,Clonazepam_Tab 500mcg,0408010F0AAABAB,1,0.31639999999999935
262,N82621,Clonazepam_Tab 500mcg,0408010F0AAABAB,1,0.31639999999999935
247,N82108,Clonazepam_Tab 500mcg,0408010F0AAABAB,1,0.31639999999999935
249,N82655,Clonazepam_Tab 500mcg,0408010F0AAABAB,1,0.31639999999999935
256,N82669,Clonazepam_Tab 500mcg,0408010F0AAABAB,1,0.31639999999999935
245,N82087,Clonazepam_Tab 500mcg,0408010F0AAABAB,1,0.31639999999999935
257,N82090,Clonazepam_Tab 500mcg,0408010F0AAABAB,1,0.31639999999999935
258,N82648,Clonazepam_Tab 500mcg,0408010F0AAABAB,1,0.31639999999999935
259,N82091,Clonazepam_Tab 500mcg,0408010F0AAABAB,1,0.31639999999999935
246,N82084,Clonazepam_Tab 500mcg,0408010F0AAABAB,1,0.31639999999999935
260,N82058,Clonazepam_Tab 500mcg,0408010F0AAABAB,1,0.31639999999999935
267,N82034,Clonazepam_Tab 500mcg,0408010F0AAABAB,1,0.31639999999999935
266,N82052,Clonazepam_Tab 500mcg,0408010F0AAABAB,1,0.31639999999999935
265,N82004,Clonazepam_Tab 500mcg,0408010F0AAABAB,1,0.31639999999999935
264,N82107,Clonazepam_Tab 500mcg,0408010F0AAABAB,1,0.31639999999999935
263,N82647,Clonazepam_Tab 500mcg,0408010F0AAABAB,1,0.31639999999999935
268,N82065,Clonazepam_Tab 500mcg,0408010F0AAABAB,1,0.2799999999999997
496,N82103,Amiodarone HCl_Tab 200mg,0203020D0AAABAB,1,0.25400000000000034
269,N82073,Clonazepam_Tab 500mcg,0408010F0AAABAB,3,0.2372999999999995
270,N82109,Clonazepam_Tab 500mcg,0408010F0AAABAB,1,0.22199999999999998
497,N82002,Amiodarone HCl_Tab 200mg,0203020D0AAABAB,1,0.17920000000000008
271,N82662,Clonazepam_Tab 500mcg,0408010F0AAABAB,4,0.16959999999999997
281,N82115,Clonazepam_Tab 500mcg,0408010F0AAABAB,1,0.15819999999999967
280,N82633,Clonazepam_Tab 500mcg,0408010F0AAABAB,1,0.15819999999999967
276,N82062,Clonazepam_Tab 500mcg,0408010F0AAABAB,1,0.15819999999999967
277,N82671,Clonazepam_Tab 500mcg,0408010F0AAABAB,1,0.15819999999999967
279,N82011,Clonazepam_Tab 500mcg,0408010F0AAABAB,1,0.15819999999999967
272,N82108,Clonazepam_Tab 500mcg,0408010F0AAABAB,1,0.15819999999999967
273,N82074,Clonazepam_Tab 500mcg,0408010F0AAABAB,1,0.15819999999999967
274,N82009,Clonazepam_Tab 500mcg,0408010F0AAABAB,1,0.15819999999999967
275,N82641,Clonazepam_Tab 500mcg,0408010F0AAABAB,1,0.15819999999999967
278,N82104,Clonazepam_Tab 500mcg,0408010F0AAABAB,1,0.15819999999999967
282,N82024,Clonazepam_Tab 500mcg,0408010F0AAABAB,1,0.1367999999999996
283,N82018,Clonazepam_Tab 500mcg,0408010F0AAABAB,1,0.12209999999999999
284,N82113,Clonazepam_Tab 500mcg,0408010F0AAABAB,1,0.12209999999999999
285,N82048,Clonazepam_Tab 500mcg,0408010F0AAABAB,1,0.12209999999999999
286,N82633,Clonazepam_Tab 500mcg,0408010F0AAABAB,1,0.10079999999999989
287,N82066,Clonazepam_Tab 500mcg,0408010F0AAABAB,1,0.10079999999999989
288,N82073,Clonazepam_Tab 500mcg,0408010F0AAABAB,4,0.08479999999999999
498,Y02204,Amiodarone HCl_Tab 200mg,0203020D0AAABAB,1,0.0847
499,N82645,Amiodarone HCl_Tab 200mg,0203020D0AAABAB,1,0.0847
289,N82117,Clonazepam_Tab 500mcg,0408010F0AAABAB,1,0.07909999999999984
290,N82001,Clonazepam_Tab 500mcg,0408010F0AAABAB,1,0.07909999999999984
291,N82083,Clonazepam_Tab 500mcg,0408010F0AAABAB,1,0.057999999999999996
505,N82646,Co-Codamol_Tab 8mg/500mg,0407010F0AAAAAA,9,0.04499999999999973
502,N82646,Co-Codamol_Tab 8mg/500mg,0407010F0AAAAAA,9,0.04499999999999973
503,N82089,Co-Codamol_Tab 8mg/500mg,0407010F0AAAAAA,9,0.04499999999999973
504,N82089,Co-Codamol_Tab 8mg/500mg,0407010F0AAAAAA,9,0.04499999999999973
292,Y02204,Clonazepam_Tab 500mcg,0408010F0AAABAB,1,0.04239999999999999
506,N82676,Co-Codamol_Tab 8mg/500mg,0407010F0AAAAAA,7,0.03499999999999979
509,N82676,Co-Codamol_Tab 8mg/500mg,0407010F0AAAAAA,7,0.03499999999999979
507,N82097,Co-Codamol_Tab 8mg/500mg,0407010F0AAAAAA,7,0.03499999999999979
508,N82097,Co-Codamol_Tab 8mg/500mg,0407010F0AAAAAA,7,0.03499999999999979
513,N82670,Co-Codamol_Tab 8mg/500mg,0407010F0AAAAAA,6,0.0335999999999998
514,N82083,Co-Codamol_Tab 8mg/500mg,0407010F0AAAAAA,6,0.0335999999999998
515,N82670,Co-Codamol_Tab 8mg/500mg,0407010F0AAAAAA,6,0.0335999999999998
512,N82663,Co-Codamol_Tab 8mg/500mg,0407010F0AAAAAA,3,0.0335999999999998
510,N82663,Co-Codamol_Tab 8mg/500mg,0407010F0AAAAAA,3,0.0335999999999998
511,N82083,Co-Codamol_Tab 8mg/500mg,0407010F0AAAAAA,6,0.0335999999999998
523,N82083,Co-Codamol_Tab 8mg/500mg,0407010F0AAAAAA,6,0.02999999999999982
522,N82026,Co-Codamol_Tab 8mg/500mg,0407010F0AAAAAA,6,0.02999999999999982
521,N82026,Co-Codamol_Tab 8mg/500mg,0407010F0AAAAAA,6,0.02999999999999982
520,N82054,Co-Codamol_Tab 8mg/500mg,0407010F0AAAAAA,6,0.02999999999999982
519,N82083,Co-Codamol_Tab 8mg/500mg,0407010F0AAAAAA,6,0.02999999999999982
517,N82115,Co-Codamol_Tab 8mg/500mg,0407010F0AAAAAA,6,0.02999999999999982
516,N82054,Co-Codamol_Tab 8mg/500mg,0407010F0AAAAAA,6,0.02999999999999982
518,N82115,Co-Codamol_Tab 8mg/500mg,0407010F0AAAAAA,6,0.02999999999999982
524,N82082,Co-Codamol_Tab 8mg/500mg,0407010F0AAAAAA,5,0.02799999999999983
525,N82082,Co-Codamol_Tab 8mg/500mg,0407010F0AAAAAA,5,0.02799999999999983
533,N82035,Co-Codamol_Tab 8mg/500mg,0407010F0AAAAAA,4,0.022399999999999864
526,N82036,Co-Codamol_Tab 8mg/500mg,0407010F0AAAAAA,4,0.022399999999999864
532,N82036,Co-Codamol_Tab 8mg/500mg,0407010F0AAAAAA,4,0.022399999999999864
530,N82662,Co-Codamol_Tab 8mg/500mg,0407010F0AAAAAA,4,0.022399999999999864
529,N82014,Co-Codamol_Tab 8mg/500mg,0407010F0AAAAAA,4,0.022399999999999864
528,N82035,Co-Codamol_Tab 8mg/500mg,0407010F0AAAAAA,4,0.022399999999999864
527,N82662,Co-Codamol_Tab 8mg/500mg,0407010F0AAAAAA,4,0.022399999999999864
531,N82014,Co-Codamol_Tab 8mg/500mg,0407010F0AAAAAA,4,0.022399999999999864
544,N82050,Co-Codamol_Tab 8mg/500mg,0407010F0AAAAAA,4,0.01999999999999988
534,N82078,Co-Codamol_Tab 8mg/500mg,0407010F0AAAAAA,4,0.01999999999999988
546,N82099,Co-Codamol_Tab 8mg/500mg,0407010F0AAAAAA,4,0.01999999999999988
545,N82655,Co-Codamol_Tab 8mg/500mg,0407010F0AAAAAA,4,0.01999999999999988
547,N82076,Co-Codamol_Tab 8mg/500mg,0407010F0AAAAAA,4,0.01999999999999988
543,N82076,Co-Codamol_Tab 8mg/500mg,0407010F0AAAAAA,4,0.01999999999999988
539,N82655,Co-Codamol_Tab 8mg/500mg,0407010F0AAAAAA,4,0.01999999999999988
535,N82099,Co-Codamol_Tab 8mg/500mg,0407010F0AAAAAA,4,0.01999999999999988
536,N82671,Co-Codamol_Tab 8mg/500mg,0407010F0AAAAAA,4,0.01999999999999988
542,N82065,Co-Codamol_Tab 8mg/500mg,0407010F0AAAAAA,4,0.01999999999999988
538,N82050,Co-Codamol_Tab 8mg/500mg,0407010F0AAAAAA,4,0.01999999999999988
537,N82078,Co-Codamol_Tab 8mg/500mg,0407010F0AAAAAA,4,0.01999999999999988
540,N82065,Co-Codamol_Tab 8mg/500mg,0407010F0AAAAAA,4,0.01999999999999988
541,N82671,Co-Codamol_Tab 8mg/500mg,0407010F0AAAAAA,4,0.01999999999999988
549,N82024,Co-Codamol_Tab 8mg/500mg,0407010F0AAAAAA,7,0.01959999999999988
548,N82024,Co-Codamol_Tab 8mg/500mg,0407010F0AAAAAA,7,0.01959999999999988
567,N82663,Co-Codamol_Tab 8mg/500mg,0407010F0AAAAAA,2,0.0167999999999999
566,N82054,Co-Codamol_Tab 8mg/500mg,0407010F0AAAAAA,3,0.0167999999999999
565,N82663,Co-Codamol_Tab 8mg/500mg,0407010F0AAAAAA,2,0.0167999999999999
564,N82086,Co-Codamol_Tab 8mg/500mg,0407010F0AAAAAA,3,0.0167999999999999
563,N82117,Co-Codamol_Tab 8mg/500mg,0407010F0AAAAAA,3,0.0167999999999999
562,Y03798,Co-Codamol_Tab 8mg/500mg,0407010F0AAAAAA,3,0.0167999999999999
561,N82001,Co-Codamol_Tab 8mg/500mg,0407010F0AAAAAA,1,0.0167999999999999
560,N82001,Co-Codamol_Tab 8mg/500mg,0407010F0AAAAAA,1,0.0167999999999999
550,N82054,Co-Codamol_Tab 8mg/500mg,0407010F0AAAAAA,3,0.0167999999999999
554,N82037,Co-Codamol_Tab 8mg/500mg,0407010F0AAAAAA,3,0.0167999999999999
559,N82117,Co-Codamol_Tab 8mg/500mg,0407010F0AAAAAA,3,0.0167999999999999
553,N82067,Co-Codamol_Tab 8mg/500mg,0407010F0AAAAAA,1,0.0167999999999999
551,N82037,Co-Codamol_Tab 8mg/500mg,0407010F0AAAAAA,3,0.0167999999999999
552,N82041,Co-Codamol_Tab 8mg/500mg,0407010F0AAAAAA,3,0.0167999999999999
555,N82067,Co-Codamol_Tab 8mg/500mg,0407010F0AAAAAA,1,0.0167999999999999
556,Y03798,Co-Codamol_Tab 8mg/500mg,0407010F0AAAAAA,3,0.0167999999999999
557,N82041,Co-Codamol_Tab 8mg/500mg,0407010F0AAAAAA,3,0.0167999999999999
558,N82086,Co-Codamol_Tab 8mg/500mg,0407010F0AAAAAA,3,0.0167999999999999
579,N82092,Co-Codamol_Tab 8mg/500mg,0407010F0AAAAAA,3,0.01499999999999991
585,N82058,Co-Codamol_Tab 8mg/500mg,0407010F0AAAAAA,3,0.01499999999999991
583,N82650,Co-Codamol_Tab 8mg/500mg,0407010F0AAAAAA,3,0.01499999999999991
582,N82082,Co-Codamol_Tab 8mg/500mg,0407010F0AAAAAA,3,0.01499999999999991
581,N82103,Co-Codamol_Tab 8mg/500mg,0407010F0AAAAAA,3,0.01499999999999991
580,N82053,Co-Codamol_Tab 8mg/500mg,0407010F0AAAAAA,3,0.01499999999999991
584,N82053,Co-Codamol_Tab 8mg/500mg,0407010F0AAAAAA,3,0.01499999999999991
578,N82092,Co-Codamol_Tab 8mg/500mg,0407010F0AAAAAA,3,0.01499999999999991
568,N82103,Co-Codamol_Tab 8mg/500mg,0407010F0AAAAAA,3,0.01499999999999991
571,N82650,Co-Codamol_Tab 8mg/500mg,0407010F0AAAAAA,3,0.01499999999999991
572,N82110,Co-Codamol_Tab 8mg/500mg,0407010F0AAAAAA,3,0.01499999999999991
570,N82093,Co-Codamol_Tab 8mg/500mg,0407010F0AAAAAA,3,0.01499999999999991
569,N82110,Co-Codamol_Tab 8mg/500mg,0407010F0AAAAAA,3,0.01499999999999991
577,N82082,Co-Codamol_Tab 8mg/500mg,0407010F0AAAAAA,3,0.01499999999999991
574,N82093,Co-Codamol_Tab 8mg/500mg,0407010F0AAAAAA,3,0.01499999999999991
576,N82052,Co-Codamol_Tab 8mg/500mg,0407010F0AAAAAA,3,0.01499999999999991
575,N82052,Co-Codamol_Tab 8mg/500mg,0407010F0AAAAAA,3,0.01499999999999991
573,N82058,Co-Codamol_Tab 8mg/500mg,0407010F0AAAAAA,3,0.01499999999999991
586,Y02204,Co-Codamol_Tab 8mg/500mg,0407010F0AAAAAA,3,0.01440000000000008
587,Y02204,Co-Codamol_Tab 8mg/500mg,0407010F0AAAAAA,3,0.01440000000000008
593,N82092,Co-Codamol_Tab 8mg/500mg,0407010F0AAAAAA,2,0.011199999999999932
595,N82066,Co-Codamol_Tab 8mg/500mg,0407010F0AAAAAA,2,0.011199999999999932
592,N82066,Co-Codamol_Tab 8mg/500mg,0407010F0AAAAAA,2,0.011199999999999932
591,N82034,Co-Codamol_Tab 8mg/500mg,0407010F0AAAAAA,1,0.011199999999999932
588,N82024,Co-Codamol_Tab 8mg/500mg,0407010F0AAAAAA,1,0.011199999999999932
590,N82092,Co-Codamol_Tab 8mg/500mg,0407010F0AAAAAA,2,0.011199999999999932
589,N82034,Co-Codamol_Tab 8mg/500mg,0407010F0AAAAAA,1,0.011199999999999932
594,N82024,Co-Codamol_Tab 8mg/500mg,0407010F0AAAAAA,1,0.011199999999999932
610,N82070,Co-Codamol_Tab 8mg/500mg,0407010F0AAAAAA,2,0.00999999999999994
617,N82641,Co-Codamol_Tab 8mg/500mg,0407010F0AAAAAA,2,0.00999999999999994
616,N82002,Co-Codamol_Tab 8mg/500mg,0407010F0AAAAAA,2,0.00999999999999994
615,N82001,Co-Codamol_Tab 8mg/500mg,0407010F0AAAAAA,2,0.00999999999999994
614,N82084,Co-Codamol_Tab 8mg/500mg,0407010F0AAAAAA,2,0.00999999999999994
613,N82001,Co-Codamol_Tab 8mg/500mg,0407010F0AAAAAA,2,0.00999999999999994
612,N82070,Co-Codamol_Tab 8mg/500mg,0407010F0AAAAAA,2,0.00999999999999994
611,N82036,Co-Codamol_Tab 8mg/500mg,0407010F0AAAAAA,2,0.00999999999999994
608,N82019,Co-Codamol_Tab 8mg/500mg,0407010F0AAAAAA,2,0.00999999999999994
609,N82084,Co-Codamol_Tab 8mg/500mg,0407010F0AAAAAA,2,0.00999999999999994
601,N82117,Co-Codamol_Tab 8mg/500mg,0407010F0AAAAAA,2,0.00999999999999994
596,N82117,Co-Codamol_Tab 8mg/500mg,0407010F0AAAAAA,2,0.00999999999999994
597,N82087,Co-Codamol_Tab 8mg/500mg,0407010F0AAAAAA,2,0.00999999999999994
598,N82037,Co-Codamol_Tab 8mg/500mg,0407010F0AAAAAA,2,0.00999999999999994
600,N82037,Co-Codamol_Tab 8mg/500mg,0407010F0AAAAAA,2,0.00999999999999994
607,N82002,Co-Codamol_Tab 8mg/500mg,0407010F0AAAAAA,2,0.00999999999999994
599,N82036,Co-Codamol_Tab 8mg/500mg,0407010F0AAAAAA,2,0.00999999999999994
603,N82641,Co-Codamol_Tab 8mg/500mg,0407010F0AAAAAA,2,0.00999999999999994
602,N82011,Co-Codamol_Tab 8mg/500mg,0407010F0AAAAAA,2,0.00999999999999994
606,N82087,Co-Codamol_Tab 8mg/500mg,0407010F0AAAAAA,2,0.00999999999999994
605,N82019,Co-Codamol_Tab 8mg/500mg,0407010F0AAAAAA,2,0.00999999999999994
604,N82011,Co-Codamol_Tab 8mg/500mg,0407010F0AAAAAA,2,0.00999999999999994
72,N82095,Mesalazine_Tab E/C 800mg,0105010B0AAASAS,1,0.008999999999999009
73,N82074,Mesalazine_Tab E/C 800mg,0105010B0AAASAS,1,0.008999999999999009
74,N82645,Mesalazine_Tab E/C 800mg,0105010B0AAASAS,1,0.008999999999999009
618,N82001,Co-Codamol_Tab 8mg/500mg,0407010F0AAAAAA,1,0.00839999999999995
627,N82094,Co-Codamol_Tab 8mg/500mg,0407010F0AAAAAA,1,0.00839999999999995
619,N82014,Co-Codamol_Tab 8mg/500mg,0407010F0AAAAAA,1,0.00839999999999995
626,N82094,Co-Codamol_Tab 8mg/500mg,0407010F0AAAAAA,1,0.00839999999999995
625,N82647,Co-Codamol_Tab 8mg/500mg,0407010F0AAAAAA,1,0.00839999999999995
624,N82036,Co-Codamol_Tab 8mg/500mg,0407010F0AAAAAA,1,0.00839999999999995
622,N82647,Co-Codamol_Tab 8mg/500mg,0407010F0AAAAAA,1,0.00839999999999995
621,N82001,Co-Codamol_Tab 8mg/500mg,0407010F0AAAAAA,1,0.00839999999999995
620,N82036,Co-Codamol_Tab 8mg/500mg,0407010F0AAAAAA,1,0.00839999999999995
623,N82014,Co-Codamol_Tab 8mg/500mg,0407010F0AAAAAA,1,0.00839999999999995
629,N82676,Co-Codamol_Tab 8mg/500mg,0407010F0AAAAAA,1,0.007999999999999952
628,N82676,Co-Codamol_Tab 8mg/500mg,0407010F0AAAAAA,1,0.007999999999999952
637,N82062,Co-Codamol_Tab 8mg/500mg,0407010F0AAAAAA,1,0.005599999999999966
658,N82664,Co-Codamol_Tab 8mg/500mg,0407010F0AAAAAA,1,0.005599999999999966
659,N82018,Co-Codamol_Tab 8mg/500mg,0407010F0AAAAAA,1,0.005599999999999966
660,N82099,Co-Codamol_Tab 8mg/500mg,0407010F0AAAAAA,1,0.005599999999999966
661,N82095,Co-Codamol_Tab 8mg/500mg,0407010F0AAAAAA,1,0.005599999999999966
662,N82090,Co-Codamol_Tab 8mg/500mg,0407010F0AAAAAA,1,0.005599999999999966
664,N82070,Co-Codamol_Tab 8mg/500mg,0407010F0AAAAAA,1,0.005599999999999966
665,N82646,Co-Codamol_Tab 8mg/500mg,0407010F0AAAAAA,1,0.005599999999999966
630,N82617,Co-Codamol_Tab 8mg/500mg,0407010F0AAAAAA,1,0.005599999999999966
656,N82062,Co-Codamol_Tab 8mg/500mg,0407010F0AAAAAA,1,0.005599999999999966
631,N82646,Co-Codamol_Tab 8mg/500mg,0407010F0AAAAAA,1,0.005599999999999966
632,N82617,Co-Codamol_Tab 8mg/500mg,0407010F0AAAAAA,1,0.005599999999999966
633,N82097,Co-Codamol_Tab 8mg/500mg,0407010F0AAAAAA,1,0.005599999999999966
634,N82090,Co-Codamol_Tab 8mg/500mg,0407010F0AAAAAA,1,0.005599999999999966
635,N82108,Co-Codamol_Tab 8mg/500mg,0407010F0AAAAAA,1,0.005599999999999966
636,N82651,Co-Codamol_Tab 8mg/500mg,0407010F0AAAAAA,1,0.005599999999999966
638,N82097,Co-Codamol_Tab 8mg/500mg,0407010F0AAAAAA,1,0.005599999999999966
657,N82664,Co-Codamol_Tab 8mg/500mg,0407010F0AAAAAA,1,0.005599999999999966
663,N82676,Co-Codamol_Tab 8mg/500mg,0407010F0AAAAAA,1,0.005599999999999966
655,N82655,Co-Codamol_Tab 8mg/500mg,0407010F0AAAAAA,1,0.005599999999999966
647,N82091,Co-Codamol_Tab 8mg/500mg,0407010F0AAAAAA,1,0.005599999999999966
639,N82110,Co-Codamol_Tab 8mg/500mg,0407010F0AAAAAA,1,0.005599999999999966
640,N82103,Co-Codamol_Tab 8mg/500mg,0407010F0AAAAAA,1,0.005599999999999966
654,N82108,Co-Codamol_Tab 8mg/500mg,0407010F0AAAAAA,1,0.005599999999999966
642,N82095,Co-Codamol_Tab 8mg/500mg,0407010F0AAAAAA,1,0.005599999999999966
643,N82651,Co-Codamol_Tab 8mg/500mg,0407010F0AAAAAA,1,0.005599999999999966
644,N82018,Co-Codamol_Tab 8mg/500mg,0407010F0AAAAAA,1,0.005599999999999966
645,N82099,Co-Codamol_Tab 8mg/500mg,0407010F0AAAAAA,1,0.005599999999999966
646,N82676,Co-Codamol_Tab 8mg/500mg,0407010F0AAAAAA,1,0.005599999999999966
641,N82110,Co-Codamol_Tab 8mg/500mg,0407010F0AAAAAA,1,0.005599999999999966
649,N82070,Co-Codamol_Tab 8mg/500mg,0407010F0AAAAAA,1,0.005599999999999966
650,N82091,Co-Codamol_Tab 8mg/500mg,0407010F0AAAAAA,1,0.005599999999999966
651,N82058,Co-Codamol_Tab 8mg/500mg,0407010F0AAAAAA,1,0.005599999999999966
652,N82058,Co-Codamol_Tab 8mg/500mg,0407010F0AAAAAA,1,0.005599999999999966
653,N82103,Co-Codamol_Tab 8mg/500mg,0407010F0AAAAAA,1,0.005599999999999966
648,N82655,Co-Codamol_Tab 8mg/500mg,0407010F0AAAAAA,1,0.005599999999999966
338,N82019,Buprenorphine_Tab Subling 400mcg S/F,0410030A0AAACAC,1,0.005199999999999427
698,N82645,Co-Codamol_Tab 8mg/500mg,0407010F0AAAAAA,1,0.00499999999999997
692,N82067,Co-Codamol_Tab 8mg/500mg,0407010F0AAAAAA,1,0.00499999999999997
693,N82109,Co-Codamol_Tab 8mg/500mg,0407010F0AAAAAA,1,0.00499999999999997
694,N82670,Co-Codamol_Tab 8mg/500mg,0407010F0AAAAAA,1,0.00499999999999997
695,N82665,Co-Codamol_Tab 8mg/500mg,0407010F0AAAAAA,1,0.00499999999999997
696,N82014,Co-Codamol_Tab 8mg/500mg,0407010F0AAAAAA,1,0.00499999999999997
697,N82034,Co-Codamol_Tab 8mg/500mg,0407010F0AAAAAA,1,0.00499999999999997
701,N82095,Co-Codamol_Tab 8mg/500mg,0407010F0AAAAAA,1,0.00499999999999997
699,N82095,Co-Codamol_Tab 8mg/500mg,0407010F0AAAAAA,1,0.00499999999999997
700,N82035,Co-Codamol_Tab 8mg/500mg,0407010F0AAAAAA,1,0.00499999999999997
702,N82090,Co-Codamol_Tab 8mg/500mg,0407010F0AAAAAA,1,0.00499999999999997
703,N82024,Co-Codamol_Tab 8mg/500mg,0407010F0AAAAAA,1,0.00499999999999997
704,N82617,Co-Codamol_Tab 8mg/500mg,0407010F0AAAAAA,1,0.00499999999999997
690,N82041,Co-Codamol_Tab 8mg/500mg,0407010F0AAAAAA,1,0.00499999999999997
691,N82004,Co-Codamol_Tab 8mg/500mg,0407010F0AAAAAA,1,0.00499999999999997
705,N82022,Co-Codamol_Tab 8mg/500mg,0407010F0AAAAAA,1,0.00499999999999997
689,N82670,Co-Codamol_Tab 8mg/500mg,0407010F0AAAAAA,1,0.00499999999999997
676,N82022,Co-Codamol_Tab 8mg/500mg,0407010F0AAAAAA,1,0.00499999999999997
666,N82074,Co-Codamol_Tab 8mg/500mg,0407010F0AAAAAA,1,0.00499999999999997
667,N82621,Co-Codamol_Tab 8mg/500mg,0407010F0AAAAAA,1,0.00499999999999997
668,N82067,Co-Codamol_Tab 8mg/500mg,0407010F0AAAAAA,1,0.00499999999999997
669,N82621,Co-Codamol_Tab 8mg/500mg,0407010F0AAAAAA,1,0.00499999999999997
670,N82094,Co-Codamol_Tab 8mg/500mg,0407010F0AAAAAA,1,0.00499999999999997
671,N82113,Co-Codamol_Tab 8mg/500mg,0407010F0AAAAAA,1,0.00499999999999997
672,N82665,Co-Codamol_Tab 8mg/500mg,0407010F0AAAAAA,1,0.00499999999999997
673,N82113,Co-Codamol_Tab 8mg/500mg,0407010F0AAAAAA,1,0.00499999999999997
688,N82041,Co-Codamol_Tab 8mg/500mg,0407010F0AAAAAA,1,0.00499999999999997
675,N82014,Co-Codamol_Tab 8mg/500mg,0407010F0AAAAAA,1,0.00499999999999997
674,N82617,Co-Codamol_Tab 8mg/500mg,0407010F0AAAAAA,1,0.00499999999999997
677,N82048,Co-Codamol_Tab 8mg/500mg,0407010F0AAAAAA,1,0.00499999999999997
679,N82034,Co-Codamol_Tab 8mg/500mg,0407010F0AAAAAA,1,0.00499999999999997
687,N82004,Co-Codamol_Tab 8mg/500mg,0407010F0AAAAAA,1,0.00499999999999997
686,N82645,Co-Codamol_Tab 8mg/500mg,0407010F0AAAAAA,1,0.00499999999999997
678,N82048,Co-Codamol_Tab 8mg/500mg,0407010F0AAAAAA,1,0.00499999999999997
684,N82024,Co-Codamol_Tab 8mg/500mg,0407010F0AAAAAA,1,0.00499999999999997
683,N82109,Co-Codamol_Tab 8mg/500mg,0407010F0AAAAAA,1,0.00499999999999997
682,N82090,Co-Codamol_Tab 8mg/500mg,0407010F0AAAAAA,1,0.00499999999999997
681,N82074,Co-Codamol_Tab 8mg/500mg,0407010F0AAAAAA,1,0.00499999999999997
680,N82094,Co-Codamol_Tab 8mg/500mg,0407010F0AAAAAA,1,0.00499999999999997
685,N82035,Co-Codamol_Tab 8mg/500mg,0407010F0AAAAAA,1,0.00499999999999997
339,Y01220,Buprenorphine_Tab Subling 400mcg S/F,0410030A0AAACAC,1,0.0048000000000001375
706,N82117,Co-Codamol_Tab 8mg/500mg,0407010F0AAAAAA,1,0.003999999999999976
707,N82018,Co-Codamol_Tab 8mg/500mg,0407010F0AAAAAA,1,0.003999999999999976
708,N82018,Co-Codamol_Tab 8mg/500mg,0407010F0AAAAAA,1,0.003999999999999976
709,N82117,Co-Codamol_Tab 8mg/500mg,0407010F0AAAAAA,1,0.003999999999999976
710,N82091,Co-Codamol_Tab 8mg/500mg,0407010F0AAAAAA,1,0.002799999999999983
711,N82091,Co-Codamol_Tab 8mg/500mg,0407010F0AAAAAA,1,0.002799999999999983
712,Y02204,Co-Codamol_Tab 8mg/500mg,0407010F0AAAAAA,1,0.002799999999999983
713,Y02204,Co-Codamol_Tab 8mg/500mg,0407010F0AAAAAA,1,0.002799999999999983
715,N82086,Co-Codamol_Tab 8mg/500mg,0407010F0AAAAAA,1,0.0023999999999999855
714,N82086,Co-Codamol_Tab 8mg/500mg,0407010F0AAAAAA,1,0.0023999999999999855
340,N82018,Buprenorphine_Tab Subling 400mcg S/F,0410030A0AAACAC,1,-0.0012999999999998568
717,N82117,Co-Codamol_Tab 8mg/500mg,0407010F0AAAAAA,1,-0.0023999999999999855
716,N82117,Co-Codamol_Tab 8mg/500mg,0407010F0AAAAAA,1,-0.0023999999999999855
341,N82665,Buprenorphine_Tab Subling 400mcg S/F,0410030A0AAACAC,1,-0.0032999999999996366
342,N82667,Buprenorphine_Tab Subling 400mcg S/F,0410030A0AAACAC,2,-0.0035999999999999366
718,N82070,Co-Codamol_Tab 8mg/500mg,0407010F0AAAAAA,1,-0.0035999999999999782
719,N82070,Co-Codamol_Tab 8mg/500mg,0407010F0AAAAAA,1,-0.0035999999999999782
720,N82082,Co-Codamol_Tab 8mg/500mg,0407010F0AAAAAA,1,-0.004199999999999975
721,N82082,Co-Codamol_Tab 8mg/500mg,0407010F0AAAAAA,1,-0.004199999999999975
723,N82117,Co-Codamol_Tab 8mg/500mg,0407010F0AAAAAA,5,-0.005999999999999964
722,N82117,Co-Codamol_Tab 8mg/500mg,0407010F0AAAAAA,5,-0.005999999999999964
725,N82019,Co-Codamol_Tab 8mg/500mg,0407010F0AAAAAA,2,-0.00839999999999995
724,N82019,Co-Codamol_Tab 8mg/500mg,0407010F0AAAAAA,2,-0.00839999999999995
27,N82039,Mesalazine_Tab E/C 400mg,0105010B0AAAAAA,1,-0.011999999999998678
727,N82065,Co-Codamol_Tab 8mg/500mg,0407010F0AAAAAA,3,-0.011999999999999927
726,N82065,Co-Codamol_Tab 8mg/500mg,0407010F0AAAAAA,3,-0.011999999999999927
729,N82053,Co-Codamol_Tab 8mg/500mg,0407010F0AAAAAA,4,-0.0167999999999999
728,N82053,Co-Codamol_Tab 8mg/500mg,0407010F0AAAAAA,4,-0.0167999999999999
730,N82115,Co-Codamol_Tab 8mg/500mg,0407010F0AAAAAA,22,-1.9799999999999955
731,N82115,Co-Codamol_Tab 8mg/500mg,0407010F0AAAAAA,22,-1.9799999999999955
28,N82084,Mesalazine_Tab E/C 400mg,0105010B0AAAAAA,1,-12.833999999999998
29,Y00110,Mesalazine_Tab E/C 400mg,0105010B0AAAAAA,1,-12.833999999999998
30,N82090,Mesalazine_Tab E/C 400mg,0105010B0AAAAAA,1,-15.971199999999998
31,N82052,Mesalazine_Tab E/C 400mg,0105010B0AAAAAA,1,-15.971199999999998
32,N82065,Mesalazine_Tab E/C 400mg,0105010B0AAAAAA,1,-15.971199999999998
33,N82053,Mesalazine_Tab E/C 400mg,0105010B0AAAAAA,1,-15.971199999999998
34,N82003,Mesalazine_Tab E/C 400mg,0105010B0AAAAAA,1,-15.971199999999998
37,N82092,Mesalazine_Tab E/C 400mg,0105010B0AAAAAA,1,-17.112
35,N82086,Mesalazine_Tab E/C 400mg,0105010B0AAAAAA,1,-17.112
36,N82668,Mesalazine_Tab E/C 400mg,0105010B0AAAAAA,1,-17.112
76,N82074,Mesalazine_Tab E/C 800mg,0105010B0AAASAS,1,-18.441
75,N82095,Mesalazine_Tab E/C 800mg,0105010B0AAASAS,1,-18.441
77,N82645,Mesalazine_Tab E/C 800mg,0105010B0AAASAS,1,-18.441
78,N82041,Mesalazine_Tab E/C 800mg,0105010B0AAASAS,1,-22.959999999999994
39,N82094,Mesalazine_Tab E/C 400mg,0105010B0AAAAAA,1,-23.956799999999998
38,N82099,Mesalazine_Tab E/C 400mg,0105010B0AAAAAA,1,-23.956799999999998
40,N82083,Mesalazine_Tab E/C 400mg,0105010B0AAAAAA,1,-23.956799999999998
41,N82095,Mesalazine_Tab E/C 400mg,0105010B0AAAAAA,1,-25.667999999999996
42,N82065,Mesalazine_Tab E/C 400mg,0105010B0AAAAAA,2,-34.224
79,N82090,Mesalazine_Tab E/C 800mg,0105010B0AAASAS,2,-34.439999999999976
80,N82662,Mesalazine_Tab E/C 800mg,0105010B0AAASAS,1,-34.43999999999999
82,N82646,Mesalazine_Tab E/C 800mg,0105010B0AAASAS,1,-36.89999999999999
81,N82011,Mesalazine_Tab E/C 800mg,0105010B0AAASAS,1,-36.89999999999999
43,N82665,Mesalazine_Tab E/C 400mg,0105010B0AAAAAA,2,-47.913599999999995
44,N82065,Mesalazine_Tab E/C 400mg,0105010B0AAAAAA,1,-51.33599999999999
45,N82090,Mesalazine_Tab E/C 400mg,0105010B0AAAAAA,2,-68.448
83,N82039,Mesalazine_Tab E/C 800mg,0105010B0AAASAS,1,-73.79999999999998
