,practice_code,bnf_description,bnf_code,items,excess_cost
0,B85001,Atorvastatin_Tab 10mg,0212000B0AAAAAA,31,0.04890000000000041
1,B85001,Atorvastatin_Tab 20mg,0212000B0AAABAB,11,22.5456
2,B85001,Clopidogrel_Tab 75mg,0209000C0AAAAAA,30,0.14699999999999985
3,B85001,Ferr Sulf_Tab 200mg,0901011P0AAACAC,31,51.351499999999994
4,B85001,Montelukast_Tab 10mg,0303020G0AAABAB,4,73.136
5,B85001,Paracet_Tab 500mg,0407010H0AAAMAM,148,3.84160000000002
6,B85001,Propranolol HCl_Tab 10mg,0204000R0AAAHAH,3,0.0
7,B85001,Quetiapine_Tab 25mg,0402010ABAAABAB,13,-0.02380000000000107
8,B85004,Atorvastatin_Tab 10mg,0212000B0AAAAAA,19,0.03990000000000022
9,B85004,Atorvastatin_Tab 20mg,0212000B0AAABAB,64,22.534399999999998
10,B85004,Clopidogrel_Tab 75mg,0209000C0AAAAAA,12,0.058799999999999936
11,B85004,Memantine HCl_Tab 20mg,0411000G0AAADAD,8,0.03919999999999996
12,B85004,Paracet_Tab 500mg,0407010H0AAAMAM,184,76.51
13,B85004,Propranolol HCl_Tab 10mg,0204000R0AAAHAH,28,0.0
14,B85004,Quetiapine_Tab 25mg,0402010ABAAABAB,4,-0.0028000000000004688
15,B85008,Atorvastatin_Tab 10mg,0212000B0AAAAAA,49,58.00620000000001
16,B85008,Clopidogrel_Tab 75mg,0209000C0AAAAAA,50,36.295
17,B85008,Ferr Sulf_Tab 200mg,0901011P0AAACAC,11,0.025199999999999556
18,B85008,Paracet_Tab 500mg,0407010H0AAAMAM,222,5.517600000000003
19,B85008,Propranolol HCl_Tab 10mg,0204000R0AAAHAH,8,0.0
20,B85008,Quetiapine_Tab 25mg,0402010ABAAABAB,8,0.016799999999998927
21,B85008,Quetiapine_Tab 300mg,0402010ABAAAKAK,4,0.0027999999999996916
22,B85009,Atorvastatin_Tab 10mg,0212000B0AAAAAA,42,0.08820000000000049
23,B85009,Clopidogrel_Tab 75mg,0209000C0AAAAAA,83,0.40669999999999956
24,B85009,Ferr Sulf_Tab 200mg,0901011P0AAACAC,50,0.030799999999997774
25,B85009,Memantine HCl_Tab 20mg,0411000G0AAADAD,5,0.024499999999999973
26,B85009,Paracet_Tab 500mg,0407010H0AAAMAM,364,34.63840000000001
27,B85009,Propranolol HCl_Tab 10mg,0204000R0AAAHAH,29,52.98299999999998
28,B85009,Quetiapine_Tab 25mg,0402010ABAAABAB,40,-0.13379999999999967
29,B85009,Quetiapine_Tab 300mg,0402010ABAAAKAK,5,-0.020000000000000018
30,B85012,Atorvastatin_Tab 10mg,0212000B0AAAAAA,53,0.10440000000000063
31,B85012,Atorvastatin_Tab 20mg,0212000B0AAABAB,130,45.1524
32,B85012,Clopidogrel_Tab 75mg,0209000C0AAAAAA,196,0.9566999999999989
33,B85012,Ferr Sulf_Tab 200mg,0901011P0AAACAC,104,180.81709999999998
34,B85012,Memantine HCl_Tab 20mg,0411000G0AAADAD,12,0.058799999999999936
35,B85012,Montelukast_Tab 10mg,0303020G0AAABAB,22,48.802600000000005
36,B85012,Paracet_Tab 500mg,0407010H0AAAMAM,614,52.84120000000006
37,B85012,Propranolol HCl_Tab 10mg,0204000R0AAAHAH,12,33.288399999999996
38,B85012,Quetiapine_Tab 25mg,0402010ABAAABAB,18,-0.007400000000001544
39,B85012,Quetiapine_Tab 300mg,0402010ABAAAKAK,6,0.011199999999998766
40,B85014,Atorvastatin_Tab 10mg,0212000B0AAAAAA,49,0.09780000000000058
41,B85014,Atorvastatin_Tab 20mg,0212000B0AAABAB,181,45.105200000000025
42,B85014,Clopidogrel_Tab 75mg,0209000C0AAAAAA,242,18.183199999999992
43,B85014,Ferr Sulf_Tab 200mg,0901011P0AAACAC,60,21.1691
44,B85014,Memantine HCl_Tab 20mg,0411000G0AAADAD,14,63.924699999999994
45,B85014,Paracet_Tab 500mg,0407010H0AAAMAM,482,113.22160000000011
46,B85014,Propranolol HCl_Tab 10mg,0204000R0AAAHAH,25,0.0
47,B85014,Quetiapine_Tab 25mg,0402010ABAAABAB,20,0.03569999999999908
48,B85014,Quetiapine_Tab 300mg,0402010ABAAAKAK,1,0.005999999999999339
49,B85015,Atorvastatin_Tab 10mg,0212000B0AAAAAA,141,58.20150000000002
50,B85015,Atorvastatin_Tab 20mg,0212000B0AAABAB,79,45.1248
51,B85015,Clopidogrel_Tab 75mg,0209000C0AAAAAA,51,0.24989999999999973
52,B85015,Ferr Sulf_Tab 200mg,0901011P0AAACAC,9,0.08999999999999633
53,B85015,Montelukast_Tab 10mg,0303020G0AAABAB,9,24.368399999999994
54,B85015,Paracet_Tab 500mg,0407010H0AAAMAM,148,-2.7440000000000015
55,B85015,Propranolol HCl_Tab 10mg,0204000R0AAAHAH,19,98.82000000000001
56,B85015,Quetiapine_Tab 25mg,0402010ABAAABAB,22,0.05319999999999997
57,B85015,Quetiapine_Tab 300mg,0402010ABAAAKAK,9,0.02669999999999706
58,B85018,Atorvastatin_Tab 10mg,0212000B0AAAAAA,67,0.14070000000000077
59,B85018,Clopidogrel_Tab 75mg,0209000C0AAAAAA,102,0.47319999999999934
60,B85018,Ferr Sulf_Tab 200mg,0901011P0AAACAC,15,-0.0315000000000009
61,B85018,Paracet_Tab 500mg,0407010H0AAAMAM,90,-0.5039999999999969
62,B85018,Propranolol HCl_Tab 10mg,0204000R0AAAHAH,18,0.0
63,B85018,Quetiapine_Tab 25mg,0402010ABAAABAB,12,0.07699999999999949
64,B85018,Quetiapine_Tab 300mg,0402010ABAAAKAK,1,0.0027999999999996916
65,B85019,Atorvastatin_Tab 10mg,0212000B0AAAAAA,189,57.62750000000002
66,B85019,Atorvastatin_Tab 20mg,0212000B0AAABAB,425,249.19160000000005
67,B85019,Clopidogrel_Tab 75mg,0209000C0AAAAAA,40,0.19599999999999979
68,B85019,Ferr Sulf_Tab 200mg,0901011P0AAACAC,36,14.118599999999995
69,B85019,Memantine HCl_Tab 20mg,0411000G0AAADAD,1,0.004199999999999975
70,B85019,Montelukast_Tab 10mg,0303020G0AAABAB,17,24.3712
71,B85019,Paracet_Tab 500mg,0407010H0AAAMAM,506,0.5927999999999908
72,B85019,Propranolol HCl_Tab 10mg,0204000R0AAAHAH,35,0.004000000000000115
73,B85019,Quetiapine_Tab 25mg,0402010ABAAABAB,16,65.6266
74,B85020,Atorvastatin_Tab 10mg,0212000B0AAAAAA,25,0.05250000000000029
75,B85020,Atorvastatin_Tab 20mg,0212000B0AAABAB,1,0.006000000000000172
76,B85020,Clopidogrel_Tab 75mg,0209000C0AAAAAA,110,0.4507999999999948
77,B85020,Ferr Sulf_Tab 200mg,0901011P0AAACAC,52,0.09549999999999724
78,B85020,Montelukast_Tab 10mg,0303020G0AAABAB,13,25.370800000000003
79,B85020,Paracet_Tab 500mg,0407010H0AAAMAM,136,31.884000000000004
80,B85020,Propranolol HCl_Tab 10mg,0204000R0AAAHAH,11,0.0
81,B85020,Quetiapine_Tab 25mg,0402010ABAAABAB,30,114.88120000000002
82,B85020,Quetiapine_Tab 300mg,0402010ABAAAKAK,4,0.010199999999998877
83,B85021,Atorvastatin_Tab 10mg,0212000B0AAAAAA,41,0.08610000000000048
84,B85021,Clopidogrel_Tab 75mg,0209000C0AAAAAA,193,9.3793
85,B85021,Ferr Sulf_Tab 200mg,0901011P0AAACAC,103,0.18299999999999542
86,B85021,Memantine HCl_Tab 20mg,0411000G0AAADAD,12,0.058799999999999936
87,B85021,Montelukast_Tab 10mg,0303020G0AAABAB,23,49.75879999999999
88,B85021,Paracet_Tab 500mg,0407010H0AAAMAM,548,4.011199999999993
89,B85021,Propranolol HCl_Tab 10mg,0204000R0AAAHAH,22,0.0
90,B85021,Quetiapine_Tab 25mg,0402010ABAAABAB,25,30.570400000000003
91,B85025,Atorvastatin_Tab 20mg,0212000B0AAABAB,59,45.144200000000005
92,B85025,Clopidogrel_Tab 75mg,0209000C0AAAAAA,26,26.37039999999999
93,B85025,Ferr Sulf_Tab 200mg,0901011P0AAACAC,8,0.022399999999999864
94,B85025,Montelukast_Tab 10mg,0303020G0AAABAB,28,97.51840000000001
95,B85025,Paracet_Tab 500mg,0407010H0AAAMAM,222,13.376000000000008
96,B85025,Propranolol HCl_Tab 10mg,0204000R0AAAHAH,19,41.663999999999994
97,B85025,Quetiapine_Tab 25mg,0402010ABAAABAB,8,0.01080000000000031
98,B85030,Atorvastatin_Tab 10mg,0212000B0AAAAAA,34,23.312099999999997
99,B85030,Clopidogrel_Tab 75mg,0209000C0AAAAAA,78,0.37589999999999957
100,B85030,Ferr Sulf_Tab 200mg,0901011P0AAACAC,27,0.04329999999999894
101,B85030,Paracet_Tab 500mg,0407010H0AAAMAM,30,0.09079999999999944
102,B85030,Propranolol HCl_Tab 10mg,0204000R0AAAHAH,13,58.9344
103,B85030,Quetiapine_Tab 25mg,0402010ABAAABAB,10,-0.009500000000000397
104,B85030,Quetiapine_Tab 300mg,0402010ABAAAKAK,1,0.005999999999999339
105,B85038,Atorvastatin_Tab 10mg,0212000B0AAAAAA,9,0.018900000000000104
106,B85038,Clopidogrel_Tab 75mg,0209000C0AAAAAA,57,0.2792999999999997
107,B85038,Ferr Sulf_Tab 200mg,0901011P0AAACAC,13,0.03429999999999943
108,B85038,Memantine HCl_Tab 20mg,0411000G0AAADAD,9,0.04409999999999995
109,B85038,Paracet_Tab 500mg,0407010H0AAAMAM,36,-0.15119999999999909
110,B85038,Propranolol HCl_Tab 10mg,0204000R0AAAHAH,12,0.0
111,B85038,Quetiapine_Tab 25mg,0402010ABAAABAB,5,0.022400000000000253
112,B85041,Atorvastatin_Tab 10mg,0212000B0AAAAAA,203,162.71640000000002
113,B85041,Atorvastatin_Tab 20mg,0212000B0AAABAB,266,338.78880000000004
114,B85041,Clopidogrel_Tab 75mg,0209000C0AAAAAA,84,0.4115999999999995
115,B85041,Ferr Sulf_Tab 200mg,0901011P0AAACAC,6,0.0035999999999992705
116,B85041,Montelukast_Tab 10mg,0303020G0AAABAB,24,73.08840000000001
117,B85041,Paracet_Tab 500mg,0407010H0AAAMAM,560,29.97660000000004
118,B85041,Propranolol HCl_Tab 10mg,0204000R0AAAHAH,16,0.0
119,B85041,Quetiapine_Tab 25mg,0402010ABAAABAB,12,0.015399999999999664
120,B85055,Atorvastatin_Tab 10mg,0212000B0AAAAAA,149,23.255400000000005
121,B85055,Atorvastatin_Tab 20mg,0212000B0AAABAB,126,90.3084
122,B85055,Clopidogrel_Tab 75mg,0209000C0AAAAAA,113,0.5536999999999994
123,B85055,Ferr Sulf_Tab 200mg,0901011P0AAACAC,39,0.1035999999999985
124,B85055,Paracet_Tab 500mg,0407010H0AAAMAM,494,59.68600000000001
125,B85055,Propranolol HCl_Tab 10mg,0204000R0AAAHAH,12,0.013200000000000045
126,B85055,Quetiapine_Tab 25mg,0402010ABAAABAB,9,-0.010000000000000508
127,B85055,Quetiapine_Tab 300mg,0402010ABAAAKAK,1,0.0045000000000001705
128,B85606,Atorvastatin_Tab 10mg,0212000B0AAAAAA,72,0.15960000000000088
129,B85606,Clopidogrel_Tab 75mg,0209000C0AAAAAA,62,0.3037999999999997
130,B85606,Ferr Sulf_Tab 200mg,0901011P0AAACAC,9,0.0169999999999995
131,B85606,Paracet_Tab 500mg,0407010H0AAAMAM,260,3.7684000000000406
132,B85606,Propranolol HCl_Tab 10mg,0204000R0AAAHAH,34,0.0
133,B85606,Quetiapine_Tab 25mg,0402010ABAAABAB,1,0.00840000000000024
134,B85606,Quetiapine_Tab 300mg,0402010ABAAAKAK,5,0.005599999999999383
135,B85612,Atorvastatin_Tab 10mg,0212000B0AAAAAA,28,0.058800000000000324
136,B85612,Atorvastatin_Tab 20mg,0212000B0AAABAB,63,91.77760000000002
137,B85612,Clopidogrel_Tab 75mg,0209000C0AAAAAA,53,17.609899999999993
138,B85612,Ferr Sulf_Tab 200mg,0901011P0AAACAC,8,0.0027999999999996916
139,B85612,Memantine HCl_Tab 20mg,0411000G0AAADAD,4,63.89880000000001
140,B85612,Paracet_Tab 500mg,0407010H0AAAMAM,150,64.39600000000002
141,B85612,Propranolol HCl_Tab 10mg,0204000R0AAAHAH,9,0.0
142,B85612,Quetiapine_Tab 25mg,0402010ABAAABAB,20,0.05799999999999894
143,B85612,Quetiapine_Tab 300mg,0402010ABAAAKAK,7,0.006999999999999229
144,B85619,Atorvastatin_Tab 10mg,0212000B0AAAAAA,8,0.016800000000000093
145,B85619,Clopidogrel_Tab 75mg,0209000C0AAAAAA,40,17.64
146,B85619,Ferr Sulf_Tab 200mg,0901011P0AAACAC,29,5.394899999999998
147,B85619,Memantine HCl_Tab 20mg,0411000G0AAADAD,7,111.82290000000002
148,B85619,Paracet_Tab 500mg,0407010H0AAAMAM,116,24.092000000000006
149,B85619,Propranolol HCl_Tab 10mg,0204000R0AAAHAH,4,0.0
150,B85619,Quetiapine_Tab 25mg,0402010ABAAABAB,3,0.022400000000000253
151,B85619,Quetiapine_Tab 300mg,0402010ABAAAKAK,2,257.184
152,B85620,Atorvastatin_Tab 10mg,0212000B0AAAAAA,8,0.016800000000000093
153,B85620,Clopidogrel_Tab 75mg,0209000C0AAAAAA,16,0.05319999999999861
154,B85620,Ferr Sulf_Tab 200mg,0901011P0AAACAC,6,-0.012600000000000361
155,B85620,Paracet_Tab 500mg,0407010H0AAAMAM,24,-0.0671999999999996
156,B85620,Quetiapine_Tab 25mg,0402010ABAAABAB,2,0.011199999999999544
157,B85622,Atorvastatin_Tab 10mg,0212000B0AAAAAA,38,34.960100000000004
158,B85622,Clopidogrel_Tab 75mg,0209000C0AAAAAA,51,0.24989999999999973
159,B85622,Ferr Sulf_Tab 200mg,0901011P0AAACAC,23,0.040599999999999026
160,B85622,Memantine HCl_Tab 20mg,0411000G0AAADAD,2,0.00979999999999999
161,B85622,Paracet_Tab 500mg,0407010H0AAAMAM,330,45.748800000000024
162,B85622,Propranolol HCl_Tab 10mg,0204000R0AAAHAH,12,0.006000000000000172
163,B85622,Quetiapine_Tab 25mg,0402010ABAAABAB,17,-0.01820000000000052
164,B85622,Quetiapine_Tab 300mg,0402010ABAAAKAK,4,37.8448
165,B85640,Clopidogrel_Tab 75mg,0209000C0AAAAAA,17,-0.17430000000000204
166,B85640,Ferr Sulf_Tab 200mg,0901011P0AAACAC,1,-0.5300000000000006
167,B85640,Montelukast_Tab 10mg,0303020G0AAABAB,1,73.1388
168,B85640,Paracet_Tab 500mg,0407010H0AAAMAM,8,0.04479999999999973
169,B85640,Propranolol HCl_Tab 10mg,0204000R0AAAHAH,11,0.0
170,B85640,Quetiapine_Tab 25mg,0402010ABAAABAB,3,0.0026000000000000745
171,B85645,Atorvastatin_Tab 10mg,0212000B0AAAAAA,3,0.006300000000000035
172,B85645,Clopidogrel_Tab 75mg,0209000C0AAAAAA,4,0.01959999999999998
173,B85645,Paracet_Tab 500mg,0407010H0AAAMAM,20,0.0999999999999994
174,B85645,Propranolol HCl_Tab 10mg,0204000R0AAAHAH,2,0.004000000000000115
175,B85646,Atorvastatin_Tab 10mg,0212000B0AAAAAA,24,11.663400000000003
176,B85646,Atorvastatin_Tab 20mg,0212000B0AAABAB,56,22.531200000000002
177,B85646,Clopidogrel_Tab 75mg,0209000C0AAAAAA,107,194.33129999999997
178,B85646,Ferr Sulf_Tab 200mg,0901011P0AAACAC,24,0.07749999999999854
179,B85646,Montelukast_Tab 10mg,0303020G0AAABAB,15,73.122
180,B85646,Paracet_Tab 500mg,0407010H0AAAMAM,288,60.87480000000002
181,B85646,Propranolol HCl_Tab 10mg,0204000R0AAAHAH,10,0.0
182,B85646,Quetiapine_Tab 25mg,0402010ABAAABAB,9,-0.01960000000000056
183,B85646,Quetiapine_Tab 300mg,0402010ABAAAKAK,4,0.005599999999999383
184,B85650,Atorvastatin_Tab 10mg,0212000B0AAAAAA,5,0.010500000000000058
185,B85650,Clopidogrel_Tab 75mg,0209000C0AAAAAA,19,0.0930999999999999
186,B85650,Ferr Sulf_Tab 200mg,0901011P0AAACAC,3,0.0167999999999999
187,B85650,Montelukast_Tab 10mg,0303020G0AAABAB,14,9.973600000000001
188,B85650,Paracet_Tab 500mg,0407010H0AAAMAM,8,-0.01839999999999989
189,B85650,Propranolol HCl_Tab 10mg,0204000R0AAAHAH,5,0.0
190,B85650,Quetiapine_Tab 25mg,0402010ABAAABAB,10,-0.0014000000000008173
191,B85650,Quetiapine_Tab 300mg,0402010ABAAAKAK,6,0.008399999999999075
192,B85652,Atorvastatin_Tab 10mg,0212000B0AAAAAA,9,0.018900000000000104
193,B85652,Clopidogrel_Tab 75mg,0209000C0AAAAAA,17,0.0832999999999999
194,B85652,Ferr Sulf_Tab 200mg,0901011P0AAACAC,22,0.013899999999997928
195,B85652,Memantine HCl_Tab 20mg,0411000G0AAADAD,4,0.01959999999999998
196,B85652,Paracet_Tab 500mg,0407010H0AAAMAM,146,35.218400000000024
197,B85652,Propranolol HCl_Tab 10mg,0204000R0AAAHAH,9,0.0
198,B85655,Atorvastatin_Tab 10mg,0212000B0AAAAAA,12,0.02520000000000014
199,B85655,Clopidogrel_Tab 75mg,0209000C0AAAAAA,15,0.07349999999999993
200,B85655,Ferr Sulf_Tab 200mg,0901011P0AAACAC,8,0.013999999999999624
201,B85655,Paracet_Tab 500mg,0407010H0AAAMAM,14,10.068800000000003
202,B85655,Propranolol HCl_Tab 10mg,0204000R0AAAHAH,10,49.9296
203,B85655,Quetiapine_Tab 300mg,0402010ABAAAKAK,1,0.0027999999999996916
204,Y00081,Ferr Sulf_Tab 200mg,0901011P0AAACAC,8,-0.01680000000000048
205,Y00081,Paracet_Tab 500mg,0407010H0AAAMAM,6,0.025199999999999848
206,Y00081,Propranolol HCl_Tab 10mg,0204000R0AAAHAH,2,0.0
207,Y00081,Quetiapine_Tab 25mg,0402010ABAAABAB,4,-0.01120000000000032
208,Y03114,Paracet_Tab 500mg,0407010H0AAAMAM,2,-0.011199999999999932
209,Y03773,Paracet_Tab 500mg,0407010H0AAAMAM,4,-0.019199999999999884
