,practice_code,bnf_description,bnf_code,items,excess_cost
251,C82067,Sevelamer_Tab 800mg,0905022S0AAABAB,1,359.1
304,C82036,Sumatriptan_Tab 50mg,0407041T0AAAFAF,1,152.4816
230,C82025,Atorvastatin_Tab 20mg,0212000B0AAABAB,184,134.9824
279,C82056,Pregabalin_Cap 75mg,0408010AEAAACAC,4,113.4784
280,C82002,Pregabalin_Cap 75mg,0408010AEAAACAC,6,113.4672
231,C82055,Atorvastatin_Tab 20mg,0212000B0AAABAB,150,90.72000000000003
232,C82631,Atorvastatin_Tab 20mg,0212000B0AAABAB,47,90.27759999999999
233,C82021,Atorvastatin_Tab 20mg,0212000B0AAABAB,123,90.2328
234,C82649,Atorvastatin_Tab 20mg,0212000B0AAABAB,205,90.11800000000004
479,C82002,Esomeprazole_Tab E/C 40mg,0103050E0AAABAB,3,87.96480000000001
259,C82010,Memantine HCl_Tab 20mg,0411000G0AAADAD,12,63.9072
260,C82021,Memantine HCl_Tab 20mg,0411000G0AAADAD,9,63.907199999999996
261,C82077,Memantine HCl_Tab 20mg,0411000G0AAADAD,5,63.896
262,C82068,Memantine HCl_Tab 20mg,0411000G0AAADAD,19,63.89320000000001
407,C82002,Losartan Pot_Tab 25mg,0205052N0AAAAAA,17,61.88
432,C82067,Atorvastatin_Tab 10mg,0212000B0AAAAAA,82,46.37919999999999
235,C82068,Atorvastatin_Tab 20mg,0212000B0AAABAB,373,44.909200000000055
408,C82036,Losartan Pot_Tab 25mg,0205052N0AAAAAA,88,44.5984
463,C82098,Atorvastatin_Tab 40mg,0212000B0AAACAC,43,44.54800000000001
480,C82056,Esomeprazole_Tab E/C 40mg,0103050E0AAABAB,4,43.971199999999996
305,C82002,Sumatriptan_Tab 50mg,0407041T0AAAFAF,13,34.00020000000001
409,C82055,Losartan Pot_Tab 25mg,0205052N0AAAAAA,18,30.9456
433,C82021,Atorvastatin_Tab 10mg,0212000B0AAAAAA,41,23.189599999999995
434,C82002,Atorvastatin_Tab 10mg,0212000B0AAAAAA,45,23.184
435,C82056,Atorvastatin_Tab 10mg,0212000B0AAAAAA,40,23.07200000000001
236,C82036,Atorvastatin_Tab 20mg,0212000B0AAABAB,511,22.89280000000006
237,C82066,Atorvastatin_Tab 20mg,0212000B0AAABAB,263,22.82840000000004
1,C82056,Paracet_Tab 500mg,0407010H0AAAMAM,26,22.713600000000003
0,C82056,Paracet_Tab 500mg,0407010H0AAAMAM,26,22.713600000000003
464,C82010,Atorvastatin_Tab 40mg,0212000B0AAACAC,253,22.66880000000001
465,C82016,Atorvastatin_Tab 40mg,0212000B0AAACAC,91,22.422400000000007
466,C82649,Atorvastatin_Tab 40mg,0212000B0AAACAC,86,22.394400000000008
467,C82098,Atorvastatin_Tab 40mg,0212000B0AAACAC,105,22.34400000000001
468,C82079,Atorvastatin_Tab 40mg,0212000B0AAACAC,21,22.285199999999996
469,C82001,Atorvastatin_Tab 40mg,0212000B0AAACAC,147,22.22640000000001
482,C82055,Esomeprazole_Tab E/C 40mg,0103050E0AAABAB,14,21.9912
481,C82068,Esomeprazole_Tab E/C 40mg,0103050E0AAABAB,14,21.9912
3,C82067,Paracet_Tab 500mg,0407010H0AAAMAM,24,20.16000000000001
2,C82067,Paracet_Tab 500mg,0407010H0AAAMAM,24,20.16000000000001
5,C82611,Paracet_Tab 500mg,0407010H0AAAMAM,56,20.159999999999993
4,C82611,Paracet_Tab 500mg,0407010H0AAAMAM,56,20.159999999999993
7,C82025,Paracet_Tab 500mg,0407010H0AAAMAM,50,20.0
6,C82025,Paracet_Tab 500mg,0407010H0AAAMAM,50,20.0
8,C82067,Paracet_Tab 500mg,0407010H0AAAMAM,76,19.760000000000012
9,C82067,Paracet_Tab 500mg,0407010H0AAAMAM,76,19.760000000000012
11,C82066,Paracet_Tab 500mg,0407010H0AAAMAM,66,16.262400000000003
10,C82066,Paracet_Tab 500mg,0407010H0AAAMAM,66,16.262400000000003
12,C82055,Paracet_Tab 500mg,0407010H0AAAMAM,97,15.520000000000007
13,C82055,Paracet_Tab 500mg,0407010H0AAAMAM,97,15.520000000000007
410,C82649,Losartan Pot_Tab 25mg,0205052N0AAAAAA,32,15.411200000000001
411,C82056,Losartan Pot_Tab 25mg,0205052N0AAAAAA,45,15.372000000000003
412,C82010,Losartan Pot_Tab 25mg,0205052N0AAAAAA,45,15.372000000000003
14,C82025,Paracet_Tab 500mg,0407010H0AAAMAM,44,14.96
15,C82025,Paracet_Tab 500mg,0407010H0AAAMAM,44,14.96
413,C82067,Losartan Pot_Tab 25mg,0205052N0AAAAAA,14,13.837599999999998
16,C82611,Paracet_Tab 500mg,0407010H0AAAMAM,14,13.159999999999998
17,C82611,Paracet_Tab 500mg,0407010H0AAAMAM,14,13.159999999999998
306,C82079,Sumatriptan_Tab 50mg,0407041T0AAAFAF,10,12.971999999999998
436,C82098,Atorvastatin_Tab 10mg,0212000B0AAAAAA,57,11.650800000000002
437,C82119,Atorvastatin_Tab 10mg,0212000B0AAAAAA,15,11.634
438,C82025,Atorvastatin_Tab 10mg,0212000B0AAAAAA,25,11.620000000000003
439,C82055,Atorvastatin_Tab 10mg,0212000B0AAAAAA,32,11.558400000000002
440,C82010,Atorvastatin_Tab 10mg,0212000B0AAAAAA,100,11.479999999999999
18,C82055,Paracet_Tab 500mg,0407010H0AAAMAM,17,11.233599999999997
19,C82055,Paracet_Tab 500mg,0407010H0AAAMAM,17,11.233599999999997
441,C82036,Atorvastatin_Tab 10mg,0212000B0AAAAAA,220,11.087999999999997
21,C82001,Paracet_Tab 500mg,0407010H0AAAMAM,29,11.0432
20,C82001,Paracet_Tab 500mg,0407010H0AAAMAM,29,11.0432
23,C82056,Paracet_Tab 500mg,0407010H0AAAMAM,183,10.979999999999997
22,C82056,Paracet_Tab 500mg,0407010H0AAAMAM,183,10.979999999999997
25,C82010,Paracet_Tab 500mg,0407010H0AAAMAM,35,10.976000000000015
24,C82010,Paracet_Tab 500mg,0407010H0AAAMAM,35,10.976000000000015
27,C82079,Paracet_Tab 500mg,0407010H0AAAMAM,52,10.40000000000001
26,C82079,Paracet_Tab 500mg,0407010H0AAAMAM,52,10.40000000000001
29,C82631,Paracet_Tab 500mg,0407010H0AAAMAM,18,10.080000000000002
28,C82631,Paracet_Tab 500mg,0407010H0AAAMAM,18,10.080000000000002
31,C82056,Paracet_Tab 500mg,0407010H0AAAMAM,72,10.07999999999999
30,C82056,Paracet_Tab 500mg,0407010H0AAAMAM,72,10.07999999999999
32,C82631,Paracet_Tab 500mg,0407010H0AAAMAM,33,9.899999999999997
33,C82631,Paracet_Tab 500mg,0407010H0AAAMAM,33,9.899999999999997
34,C82036,Paracet_Tab 500mg,0407010H0AAAMAM,138,9.65999999999999
35,C82036,Paracet_Tab 500mg,0407010H0AAAMAM,138,9.65999999999999
37,C82078,Paracet_Tab 500mg,0407010H0AAAMAM,4,8.4672
36,C82078,Paracet_Tab 500mg,0407010H0AAAMAM,4,8.4672
39,C82036,Paracet_Tab 500mg,0407010H0AAAMAM,7,7.4088
38,C82036,Paracet_Tab 500mg,0407010H0AAAMAM,7,7.4088
307,C82631,Sumatriptan_Tab 50mg,0407041T0AAAFAF,5,6.503999999999996
308,C82036,Sumatriptan_Tab 50mg,0407041T0AAAFAF,10,6.50399999999999
40,C82025,Paracet_Tab 500mg,0407010H0AAAMAM,16,5.734400000000003
41,C82025,Paracet_Tab 500mg,0407010H0AAAMAM,16,5.734400000000003
42,C82001,Paracet_Tab 500mg,0407010H0AAAMAM,3,5.6448
43,C82001,Paracet_Tab 500mg,0407010H0AAAMAM,3,5.6448
44,C82010,Paracet_Tab 500mg,0407010H0AAAMAM,141,5.640000000000015
45,C82010,Paracet_Tab 500mg,0407010H0AAAMAM,141,5.640000000000015
47,C82021,Paracet_Tab 500mg,0407010H0AAAMAM,135,5.400000000000015
46,C82021,Paracet_Tab 500mg,0407010H0AAAMAM,135,5.400000000000015
49,C82001,Paracet_Tab 500mg,0407010H0AAAMAM,35,4.900000000000007
48,C82001,Paracet_Tab 500mg,0407010H0AAAMAM,35,4.900000000000007
51,C82066,Paracet_Tab 500mg,0407010H0AAAMAM,118,4.720000000000012
50,C82066,Paracet_Tab 500mg,0407010H0AAAMAM,118,4.720000000000012
53,C82067,Paracet_Tab 500mg,0407010H0AAAMAM,21,3.292799999999996
52,C82067,Paracet_Tab 500mg,0407010H0AAAMAM,21,3.292799999999996
309,C82068,Sumatriptan_Tab 50mg,0407041T0AAAFAF,25,3.254999999999991
310,C82021,Sumatriptan_Tab 50mg,0407041T0AAAFAF,10,3.251999999999995
56,C82001,Paracet_Tab 500mg,0407010H0AAAMAM,1,3.024
55,C82001,Paracet_Tab 500mg,0407010H0AAAMAM,1,3.024
54,C82067,Paracet_Tab 500mg,0407010H0AAAMAM,1,3.024
57,C82067,Paracet_Tab 500mg,0407010H0AAAMAM,1,3.024
59,C82066,Paracet_Tab 500mg,0407010H0AAAMAM,71,2.8400000000000323
58,C82066,Paracet_Tab 500mg,0407010H0AAAMAM,71,2.8400000000000323
311,C82078,Sumatriptan_Tab 50mg,0407041T0AAAFAF,15,2.178
60,C82036,Paracet_Tab 500mg,0407010H0AAAMAM,5,1.15
61,C82036,Paracet_Tab 500mg,0407010H0AAAMAM,5,1.15
238,C82002,Atorvastatin_Tab 20mg,0212000B0AAABAB,128,0.7168000000000205
62,C82649,Paracet_Tab 500mg,0407010H0AAAMAM,9,0.40320000000000455
63,C82649,Paracet_Tab 500mg,0407010H0AAAMAM,9,0.40320000000000455
442,C82098,Atorvastatin_Tab 10mg,0212000B0AAAAAA,1,0.32760000000000006
263,C82077,Memantine HCl_Tab 20mg,0411000G0AAADAD,51,0.24989999999999973
483,C82066,Esomeprazole_Tab E/C 40mg,0103050E0AAABAB,8,0.2240000000000002
264,C82010,Memantine HCl_Tab 20mg,0411000G0AAADAD,40,0.19599999999999979
281,C82010,Pregabalin_Cap 75mg,0408010AEAAACAC,31,0.17359999999999895
282,C82077,Pregabalin_Cap 75mg,0408010AEAAACAC,28,0.15679999999999905
443,C82010,Atorvastatin_Tab 10mg,0212000B0AAAAAA,72,0.15120000000000083
239,C82025,Atorvastatin_Tab 20mg,0212000B0AAABAB,50,0.140000000000004
64,C82119,Paracet_Tab 500mg,0407010H0AAAMAM,3,0.13440000000000152
65,C82119,Paracet_Tab 500mg,0407010H0AAAMAM,3,0.13440000000000152
66,C82021,Paracet_Tab 500mg,0407010H0AAAMAM,11,0.12319999999999925
67,C82021,Paracet_Tab 500mg,0407010H0AAAMAM,11,0.12319999999999925
240,C82002,Atorvastatin_Tab 20mg,0212000B0AAABAB,39,0.10920000000000313
283,C82009,Pregabalin_Cap 75mg,0408010AEAAACAC,18,0.10079999999999939
444,C82038,Atorvastatin_Tab 10mg,0212000B0AAAAAA,44,0.09240000000000051
68,C82077,Paracet_Tab 500mg,0407010H0AAAMAM,32,0.08959999999999946
69,C82077,Paracet_Tab 500mg,0407010H0AAAMAM,32,0.08959999999999946
70,C82010,Paracet_Tab 500mg,0407010H0AAAMAM,20,0.08399999999999949
71,C82010,Paracet_Tab 500mg,0407010H0AAAMAM,20,0.08399999999999949
72,C82010,Paracet_Tab 500mg,0407010H0AAAMAM,28,0.07839999999999953
73,C82010,Paracet_Tab 500mg,0407010H0AAAMAM,28,0.07839999999999953
445,C82009,Atorvastatin_Tab 10mg,0212000B0AAAAAA,34,0.0714000000000004
414,C82039,Losartan Pot_Tab 25mg,0205052N0AAAAAA,31,0.06510000000000035
265,C82025,Memantine HCl_Tab 20mg,0411000G0AAADAD,13,0.06369999999999992
446,C82025,Atorvastatin_Tab 10mg,0212000B0AAAAAA,14,0.058800000000000324
266,C82112,Memantine HCl_Tab 20mg,0411000G0AAADAD,12,0.058799999999999936
447,C82039,Atorvastatin_Tab 10mg,0212000B0AAAAAA,25,0.05250000000000029
75,C82009,Paracet_Tab 500mg,0407010H0AAAMAM,12,0.050399999999999695
76,C82009,Paracet_Tab 500mg,0407010H0AAAMAM,12,0.050399999999999695
74,C82077,Paracet_Tab 500mg,0407010H0AAAMAM,12,0.050399999999999695
77,C82077,Paracet_Tab 500mg,0407010H0AAAMAM,12,0.050399999999999695
448,C82077,Atorvastatin_Tab 10mg,0212000B0AAAAAA,23,0.048300000000000266
78,C82009,Paracet_Tab 500mg,0407010H0AAAMAM,16,0.04479999999999973
79,C82009,Paracet_Tab 500mg,0407010H0AAAMAM,16,0.04479999999999973
82,C82039,Paracet_Tab 500mg,0407010H0AAAMAM,15,0.041999999999999746
83,C82066,Paracet_Tab 500mg,0407010H0AAAMAM,7,0.041999999999999746
84,C82039,Paracet_Tab 500mg,0407010H0AAAMAM,15,0.041999999999999746
85,C82066,Paracet_Tab 500mg,0407010H0AAAMAM,7,0.041999999999999746
80,C82056,Paracet_Tab 500mg,0407010H0AAAMAM,7,0.041999999999999746
81,C82056,Paracet_Tab 500mg,0407010H0AAAMAM,7,0.041999999999999746
284,C82038,Pregabalin_Cap 75mg,0408010AEAAACAC,25,0.03999999999999976
268,C82016,Memantine HCl_Tab 20mg,0411000G0AAADAD,8,0.03919999999999996
267,C82009,Memantine HCl_Tab 20mg,0411000G0AAADAD,8,0.03919999999999996
285,C82039,Pregabalin_Cap 75mg,0408010AEAAACAC,7,0.03919999999999976
415,C82010,Losartan Pot_Tab 25mg,0205052N0AAAAAA,18,0.03780000000000021
86,C82038,Paracet_Tab 500mg,0407010H0AAAMAM,9,0.03779999999999977
87,C82038,Paracet_Tab 500mg,0407010H0AAAMAM,9,0.03779999999999977
89,C82021,Paracet_Tab 500mg,0407010H0AAAMAM,6,0.03599999999999978
88,C82021,Paracet_Tab 500mg,0407010H0AAAMAM,6,0.03599999999999978
286,C82010,Pregabalin_Cap 75mg,0408010AEAAACAC,2,0.035999999999996035
416,C82077,Losartan Pot_Tab 25mg,0205052N0AAAAAA,17,0.0357000000000002
269,C82038,Memantine HCl_Tab 20mg,0411000G0AAADAD,16,0.033600000000000185
91,C82038,Paracet_Tab 500mg,0407010H0AAAMAM,11,0.030799999999999814
90,C82038,Paracet_Tab 500mg,0407010H0AAAMAM,11,0.030799999999999814
287,C82036,Pregabalin_Cap 75mg,0408010AEAAACAC,5,0.02799999999999983
270,C82022,Memantine HCl_Tab 20mg,0411000G0AAADAD,5,0.024499999999999973
271,C82039,Memantine HCl_Tab 20mg,0411000G0AAADAD,5,0.024499999999999973
93,C82016,Paracet_Tab 500mg,0407010H0AAAMAM,4,0.023999999999999855
92,C82016,Paracet_Tab 500mg,0407010H0AAAMAM,4,0.023999999999999855
97,C82109,Paracet_Tab 500mg,0407010H0AAAMAM,8,0.022399999999999864
291,C82077,Pregabalin_Cap 75mg,0408010AEAAACAC,8,0.022399999999999864
95,C82013,Paracet_Tab 500mg,0407010H0AAAMAM,4,0.022399999999999864
94,C82109,Paracet_Tab 500mg,0407010H0AAAMAM,8,0.022399999999999864
290,C82009,Pregabalin_Cap 75mg,0408010AEAAACAC,8,0.022399999999999864
96,C82013,Paracet_Tab 500mg,0407010H0AAAMAM,4,0.022399999999999864
288,C82044,Pregabalin_Cap 75mg,0408010AEAAACAC,4,0.022399999999999864
289,C82016,Pregabalin_Cap 75mg,0408010AEAAACAC,4,0.022399999999999864
272,C82611,Memantine HCl_Tab 20mg,0411000G0AAADAD,4,0.01959999999999998
273,C82649,Memantine HCl_Tab 20mg,0411000G0AAADAD,4,0.01959999999999998
274,C82098,Memantine HCl_Tab 20mg,0411000G0AAADAD,4,0.01959999999999998
101,C82066,Paracet_Tab 500mg,0407010H0AAAMAM,2,0.01799999999999989
100,C82036,Paracet_Tab 500mg,0407010H0AAAMAM,3,0.01799999999999989
99,C82036,Paracet_Tab 500mg,0407010H0AAAMAM,3,0.01799999999999989
98,C82066,Paracet_Tab 500mg,0407010H0AAAMAM,2,0.01799999999999989
449,C82044,Atorvastatin_Tab 10mg,0212000B0AAAAAA,8,0.016800000000000093
417,C82044,Losartan Pot_Tab 25mg,0205052N0AAAAAA,8,0.016800000000000093
103,C82649,Paracet_Tab 500mg,0407010H0AAAMAM,4,0.0167999999999999
104,C82649,Paracet_Tab 500mg,0407010H0AAAMAM,4,0.0167999999999999
102,C82016,Paracet_Tab 500mg,0407010H0AAAMAM,6,0.0167999999999999
105,C82016,Paracet_Tab 500mg,0407010H0AAAMAM,6,0.0167999999999999
292,C82021,Pregabalin_Cap 75mg,0408010AEAAACAC,2,0.016799999999999315
294,C82038,Pregabalin_Cap 75mg,0408010AEAAACAC,5,0.015999999999999903
293,C82038,Pregabalin_Cap 75mg,0408010AEAAACAC,20,0.015999999999999903
107,C82021,Paracet_Tab 500mg,0407010H0AAAMAM,5,0.01499999999999991
106,C82021,Paracet_Tab 500mg,0407010H0AAAMAM,5,0.01499999999999991
450,C82119,Atorvastatin_Tab 10mg,0212000B0AAAAAA,7,0.014700000000000081
111,C82044,Paracet_Tab 500mg,0407010H0AAAMAM,5,0.013999999999999915
110,C82036,Paracet_Tab 500mg,0407010H0AAAMAM,5,0.013999999999999915
109,C82036,Paracet_Tab 500mg,0407010H0AAAMAM,5,0.013999999999999915
108,C82044,Paracet_Tab 500mg,0407010H0AAAMAM,5,0.013999999999999915
451,C82611,Atorvastatin_Tab 10mg,0212000B0AAAAAA,3,0.01260000000000007
418,C82039,Losartan Pot_Tab 25mg,0205052N0AAAAAA,3,0.01260000000000007
112,C82077,Paracet_Tab 500mg,0407010H0AAAMAM,9,0.012599999999999924
113,C82077,Paracet_Tab 500mg,0407010H0AAAMAM,9,0.012599999999999924
119,C82013,Paracet_Tab 500mg,0407010H0AAAMAM,2,0.011999999999999927
114,C82071,Paracet_Tab 500mg,0407010H0AAAMAM,2,0.011999999999999927
115,C82010,Paracet_Tab 500mg,0407010H0AAAMAM,2,0.011999999999999927
116,C82071,Paracet_Tab 500mg,0407010H0AAAMAM,2,0.011999999999999927
117,C82013,Paracet_Tab 500mg,0407010H0AAAMAM,2,0.011999999999999927
118,C82010,Paracet_Tab 500mg,0407010H0AAAMAM,2,0.011999999999999927
295,C82016,Pregabalin_Cap 75mg,0408010AEAAACAC,4,0.011199999999999932
275,C82119,Memantine HCl_Tab 20mg,0411000G0AAADAD,2,0.00979999999999999
121,C82010,Paracet_Tab 500mg,0407010H0AAAMAM,7,0.00979999999999994
120,C82010,Paracet_Tab 500mg,0407010H0AAAMAM,7,0.00979999999999994
122,C82016,Paracet_Tab 500mg,0407010H0AAAMAM,3,0.008999999999999946
123,C82010,Paracet_Tab 500mg,0407010H0AAAMAM,3,0.008999999999999946
124,C82016,Paracet_Tab 500mg,0407010H0AAAMAM,3,0.008999999999999946
125,C82010,Paracet_Tab 500mg,0407010H0AAAMAM,3,0.008999999999999946
425,C82048,Losartan Pot_Tab 25mg,0205052N0AAAAAA,2,0.008400000000000046
424,C82016,Losartan Pot_Tab 25mg,0205052N0AAAAAA,4,0.008400000000000046
419,C82038,Losartan Pot_Tab 25mg,0205052N0AAAAAA,4,0.008400000000000046
420,C82001,Losartan Pot_Tab 25mg,0205052N0AAAAAA,4,0.008400000000000046
421,C82112,Losartan Pot_Tab 25mg,0205052N0AAAAAA,4,0.008400000000000046
422,C82109,Losartan Pot_Tab 25mg,0205052N0AAAAAA,4,0.008400000000000046
423,C82009,Losartan Pot_Tab 25mg,0205052N0AAAAAA,4,0.008400000000000046
454,C82022,Atorvastatin_Tab 10mg,0212000B0AAAAAA,4,0.008400000000000046
453,C82649,Atorvastatin_Tab 10mg,0212000B0AAAAAA,4,0.008400000000000046
452,C82010,Atorvastatin_Tab 10mg,0212000B0AAAAAA,2,0.008400000000000046
126,C82112,Paracet_Tab 500mg,0407010H0AAAMAM,3,0.00839999999999995
127,C82112,Paracet_Tab 500mg,0407010H0AAAMAM,3,0.00839999999999995
128,C82025,Paracet_Tab 500mg,0407010H0AAAMAM,4,0.00839999999999995
129,C82025,Paracet_Tab 500mg,0407010H0AAAMAM,4,0.00839999999999995
312,C82038,Sumatriptan_Tab 50mg,0407041T0AAAFAF,2,0.006399999999999295
455,C82071,Atorvastatin_Tab 10mg,0212000B0AAAAAA,3,0.006300000000000035
472,C82066,Atorvastatin_Tab 40mg,0212000B0AAACAC,1,0.006000000000000172
470,C82013,Atorvastatin_Tab 40mg,0212000B0AAACAC,1,0.006000000000000172
471,C82611,Atorvastatin_Tab 40mg,0212000B0AAACAC,1,0.006000000000000172
242,C82067,Atorvastatin_Tab 20mg,0212000B0AAABAB,1,0.006000000000000172
241,C82009,Atorvastatin_Tab 20mg,0212000B0AAABAB,1,0.006000000000000172
140,C82055,Paracet_Tab 500mg,0407010H0AAAMAM,1,0.005999999999999964
136,C82077,Paracet_Tab 500mg,0407010H0AAAMAM,2,0.005999999999999964
150,C82112,Paracet_Tab 500mg,0407010H0AAAMAM,1,0.005999999999999964
149,C82066,Paracet_Tab 500mg,0407010H0AAAMAM,2,0.005999999999999964
148,C82038,Paracet_Tab 500mg,0407010H0AAAMAM,1,0.005999999999999964
147,C82112,Paracet_Tab 500mg,0407010H0AAAMAM,1,0.005999999999999964
146,C82119,Paracet_Tab 500mg,0407010H0AAAMAM,1,0.005999999999999964
145,C82078,Paracet_Tab 500mg,0407010H0AAAMAM,1,0.005999999999999964
144,C82079,Paracet_Tab 500mg,0407010H0AAAMAM,1,0.005999999999999964
143,C82079,Paracet_Tab 500mg,0407010H0AAAMAM,1,0.005999999999999964
142,C82039,Paracet_Tab 500mg,0407010H0AAAMAM,1,0.005999999999999964
141,C82039,Paracet_Tab 500mg,0407010H0AAAMAM,1,0.005999999999999964
139,C82055,Paracet_Tab 500mg,0407010H0AAAMAM,1,0.005999999999999964
138,C82068,Paracet_Tab 500mg,0407010H0AAAMAM,1,0.005999999999999964
137,C82119,Paracet_Tab 500mg,0407010H0AAAMAM,1,0.005999999999999964
151,C82078,Paracet_Tab 500mg,0407010H0AAAMAM,1,0.005999999999999964
135,C82066,Paracet_Tab 500mg,0407010H0AAAMAM,2,0.005999999999999964
130,C82009,Paracet_Tab 500mg,0407010H0AAAMAM,1,0.005999999999999964
131,C82038,Paracet_Tab 500mg,0407010H0AAAMAM,1,0.005999999999999964
132,C82009,Paracet_Tab 500mg,0407010H0AAAMAM,1,0.005999999999999964
133,C82077,Paracet_Tab 500mg,0407010H0AAAMAM,2,0.005999999999999964
134,C82068,Paracet_Tab 500mg,0407010H0AAAMAM,1,0.005999999999999964
157,C82631,Paracet_Tab 500mg,0407010H0AAAMAM,1,0.005599999999999966
153,C82055,Paracet_Tab 500mg,0407010H0AAAMAM,1,0.005599999999999966
154,C82022,Paracet_Tab 500mg,0407010H0AAAMAM,2,0.005599999999999966
155,C82009,Paracet_Tab 500mg,0407010H0AAAMAM,4,0.005599999999999966
156,C82055,Paracet_Tab 500mg,0407010H0AAAMAM,2,0.005599999999999966
158,C82631,Paracet_Tab 500mg,0407010H0AAAMAM,1,0.005599999999999966
159,C82119,Paracet_Tab 500mg,0407010H0AAAMAM,1,0.005599999999999966
160,C82022,Paracet_Tab 500mg,0407010H0AAAMAM,2,0.005599999999999966
296,Y02077,Pregabalin_Cap 75mg,0408010AEAAACAC,1,0.005599999999999966
163,C82055,Paracet_Tab 500mg,0407010H0AAAMAM,1,0.005599999999999966
162,C82009,Paracet_Tab 500mg,0407010H0AAAMAM,4,0.005599999999999966
152,C82119,Paracet_Tab 500mg,0407010H0AAAMAM,1,0.005599999999999966
161,C82055,Paracet_Tab 500mg,0407010H0AAAMAM,2,0.005599999999999966
164,C82055,Paracet_Tab 500mg,0407010H0AAAMAM,1,0.004800000000000054
166,C82009,Paracet_Tab 500mg,0407010H0AAAMAM,1,0.004800000000000054
167,C82009,Paracet_Tab 500mg,0407010H0AAAMAM,1,0.004800000000000054
165,C82055,Paracet_Tab 500mg,0407010H0AAAMAM,1,0.004800000000000054
244,Y02077,Atorvastatin_Tab 20mg,0212000B0AAABAB,1,0.004400000000000015
243,C82021,Atorvastatin_Tab 20mg,0212000B0AAABAB,1,0.004400000000000015
473,Y02077,Atorvastatin_Tab 40mg,0212000B0AAACAC,1,0.004400000000000015
456,Y02077,Atorvastatin_Tab 10mg,0212000B0AAAAAA,1,0.004200000000000023
457,C82025,Atorvastatin_Tab 10mg,0212000B0AAAAAA,2,0.004200000000000023
458,C82112,Atorvastatin_Tab 10mg,0212000B0AAAAAA,1,0.004200000000000023
459,C82038,Atorvastatin_Tab 10mg,0212000B0AAAAAA,1,0.004200000000000023
426,C82001,Losartan Pot_Tab 25mg,0205052N0AAAAAA,1,0.004200000000000023
427,C82077,Losartan Pot_Tab 25mg,0205052N0AAAAAA,1,0.004200000000000023
428,C82112,Losartan Pot_Tab 25mg,0205052N0AAAAAA,1,0.004199999999999975
474,C82112,Atorvastatin_Tab 40mg,0212000B0AAACAC,1,0.004000000000000115
475,C82009,Atorvastatin_Tab 40mg,0212000B0AAACAC,1,0.00360000000000002
276,C82611,Memantine HCl_Tab 20mg,0411000G0AAADAD,1,0.003499999999999996
277,C82009,Memantine HCl_Tab 20mg,0411000G0AAADAD,1,0.003499999999999996
315,C82010,Sumatriptan_Tab 50mg,0407041T0AAAFAF,1,0.0033999999999998476
314,C82038,Sumatriptan_Tab 50mg,0407041T0AAAFAF,1,0.0033999999999998476
313,Y04975,Sumatriptan_Tab 50mg,0407041T0AAAFAF,1,0.0033999999999998476
297,Y02077,Pregabalin_Cap 75mg,0408010AEAAACAC,1,0.0031999999999999806
316,C82611,Sumatriptan_Tab 50mg,0407041T0AAAFAF,1,0.0031999999999996476
245,C82009,Atorvastatin_Tab 20mg,0212000B0AAABAB,1,0.0030000000000000165
173,C82009,Paracet_Tab 500mg,0407010H0AAAMAM,1,0.002999999999999982
169,C82009,Paracet_Tab 500mg,0407010H0AAAMAM,1,0.002999999999999982
171,C82038,Paracet_Tab 500mg,0407010H0AAAMAM,1,0.002999999999999982
170,C82038,Paracet_Tab 500mg,0407010H0AAAMAM,1,0.002999999999999982
172,C82068,Paracet_Tab 500mg,0407010H0AAAMAM,1,0.002999999999999982
168,C82068,Paracet_Tab 500mg,0407010H0AAAMAM,1,0.002999999999999982
298,C82009,Pregabalin_Cap 75mg,0408010AEAAACAC,1,0.0029999999999996696
174,C82013,Paracet_Tab 500mg,0407010H0AAAMAM,1,0.002799999999999983
175,C82013,Paracet_Tab 500mg,0407010H0AAAMAM,1,0.002799999999999983
177,C82038,Paracet_Tab 500mg,0407010H0AAAMAM,1,0.002400000000000027
176,C82038,Paracet_Tab 500mg,0407010H0AAAMAM,1,0.002400000000000027
299,C82036,Pregabalin_Cap 75mg,0408010AEAAACAC,1,0.0023999999999999855
246,C82038,Atorvastatin_Tab 20mg,0212000B0AAABAB,1,0.0020000000000000573
247,C82025,Atorvastatin_Tab 20mg,0212000B0AAABAB,1,0.0020000000000000573
460,C82036,Atorvastatin_Tab 10mg,0212000B0AAAAAA,1,0.0018000000000000203
278,Y02077,Memantine HCl_Tab 20mg,0411000G0AAADAD,1,0.0013999999999999985
476,C82013,Atorvastatin_Tab 40mg,0212000B0AAACAC,1,0.0013000000000000372
380,C82109,Sumatriptan_Tab 50mg,0407041T0AAAFAF,6,0.0
371,C82009,Sumatriptan_Tab 50mg,0407041T0AAAFAF,1,0.0
378,C82025,Sumatriptan_Tab 50mg,0407041T0AAAFAF,7,0.0
377,C82039,Sumatriptan_Tab 50mg,0407041T0AAAFAF,5,0.0
376,C82013,Sumatriptan_Tab 50mg,0407041T0AAAFAF,7,0.0
375,C82067,Sumatriptan_Tab 50mg,0407041T0AAAFAF,3,0.0
374,C82056,Sumatriptan_Tab 50mg,0407041T0AAAFAF,15,0.0
373,C82036,Sumatriptan_Tab 50mg,0407041T0AAAFAF,3,0.0
372,C82036,Sumatriptan_Tab 50mg,0407041T0AAAFAF,35,0.0
370,C82631,Sumatriptan_Tab 50mg,0407041T0AAAFAF,1,0.0
363,Y02077,Sumatriptan_Tab 50mg,0407041T0AAAFAF,2,0.0
369,C82079,Sumatriptan_Tab 50mg,0407041T0AAAFAF,3,0.0
368,C82016,Sumatriptan_Tab 50mg,0407041T0AAAFAF,5,0.0
367,C82009,Sumatriptan_Tab 50mg,0407041T0AAAFAF,41,0.0
366,C82038,Sumatriptan_Tab 50mg,0407041T0AAAFAF,46,0.0
365,C82010,Sumatriptan_Tab 50mg,0407041T0AAAFAF,12,0.0
362,C82013,Sumatriptan_Tab 50mg,0407041T0AAAFAF,2,0.0
379,C82010,Sumatriptan_Tab 50mg,0407041T0AAAFAF,1,0.0
397,C82078,Sumatriptan_Tab 50mg,0407041T0AAAFAF,3,0.0
381,C82079,Sumatriptan_Tab 50mg,0407041T0AAAFAF,1,0.0
391,C82025,Sumatriptan_Tab 50mg,0407041T0AAAFAF,1,0.0
360,C82611,Sumatriptan_Tab 50mg,0407041T0AAAFAF,11,0.0
398,Y04973,Sumatriptan_Tab 50mg,0407041T0AAAFAF,1,0.0
396,C82001,Sumatriptan_Tab 50mg,0407041T0AAAFAF,18,0.0
395,C82071,Sumatriptan_Tab 50mg,0407041T0AAAFAF,1,0.0
394,C82013,Sumatriptan_Tab 50mg,0407041T0AAAFAF,15,0.0
393,C82109,Sumatriptan_Tab 50mg,0407041T0AAAFAF,1,0.0
392,C82048,Sumatriptan_Tab 50mg,0407041T0AAAFAF,3,0.0
390,C82119,Sumatriptan_Tab 50mg,0407041T0AAAFAF,1,0.0
382,C82066,Sumatriptan_Tab 50mg,0407041T0AAAFAF,13,0.0
389,C82098,Sumatriptan_Tab 50mg,0407041T0AAAFAF,6,0.0
388,C82067,Sumatriptan_Tab 50mg,0407041T0AAAFAF,10,0.0
387,C82039,Sumatriptan_Tab 50mg,0407041T0AAAFAF,2,0.0
386,C82042,Sumatriptan_Tab 50mg,0407041T0AAAFAF,12,0.0
385,C82016,Sumatriptan_Tab 50mg,0407041T0AAAFAF,10,0.0
384,C82009,Sumatriptan_Tab 50mg,0407041T0AAAFAF,16,0.0
383,C82055,Sumatriptan_Tab 50mg,0407041T0AAAFAF,8,0.0
361,C82649,Sumatriptan_Tab 50mg,0407041T0AAAFAF,1,0.0
364,C82042,Sumatriptan_Tab 50mg,0407041T0AAAFAF,2,0.0
359,C82039,Sumatriptan_Tab 50mg,0407041T0AAAFAF,2,0.0
327,C82022,Sumatriptan_Tab 50mg,0407041T0AAAFAF,9,0.0
335,C82021,Sumatriptan_Tab 50mg,0407041T0AAAFAF,5,0.0
334,C82067,Sumatriptan_Tab 50mg,0407041T0AAAFAF,1,0.0
333,C82078,Sumatriptan_Tab 50mg,0407041T0AAAFAF,8,0.0
332,C82038,Sumatriptan_Tab 50mg,0407041T0AAAFAF,22,0.0
331,C82068,Sumatriptan_Tab 50mg,0407041T0AAAFAF,4,0.0
317,C82056,Sumatriptan_Tab 50mg,0407041T0AAAFAF,1,0.0
329,C82001,Sumatriptan_Tab 50mg,0407041T0AAAFAF,1,0.0
328,C82068,Sumatriptan_Tab 50mg,0407041T0AAAFAF,2,0.0
326,C82112,Sumatriptan_Tab 50mg,0407041T0AAAFAF,1,0.0
337,C82611,Sumatriptan_Tab 50mg,0407041T0AAAFAF,7,0.0
325,C82021,Sumatriptan_Tab 50mg,0407041T0AAAFAF,1,0.0
324,C82044,Sumatriptan_Tab 50mg,0407041T0AAAFAF,6,0.0
323,C82098,Sumatriptan_Tab 50mg,0407041T0AAAFAF,6,0.0
322,C82068,Sumatriptan_Tab 50mg,0407041T0AAAFAF,4,0.0
321,C82077,Sumatriptan_Tab 50mg,0407041T0AAAFAF,24,0.0
358,C82066,Sumatriptan_Tab 50mg,0407041T0AAAFAF,1,0.0
320,C82611,Sumatriptan_Tab 50mg,0407041T0AAAFAF,1,0.0
319,C82042,Sumatriptan_Tab 50mg,0407041T0AAAFAF,8,0.0
336,C82025,Sumatriptan_Tab 50mg,0407041T0AAAFAF,1,0.0
330,C82611,Sumatriptan_Tab 50mg,0407041T0AAAFAF,1,0.0
338,C82056,Sumatriptan_Tab 50mg,0407041T0AAAFAF,9,0.0
349,C82044,Sumatriptan_Tab 50mg,0407041T0AAAFAF,2,0.0
357,C82022,Sumatriptan_Tab 50mg,0407041T0AAAFAF,3,0.0
356,C82025,Sumatriptan_Tab 50mg,0407041T0AAAFAF,1,0.0
355,C82038,Sumatriptan_Tab 50mg,0407041T0AAAFAF,3,0.0
339,C82055,Sumatriptan_Tab 50mg,0407041T0AAAFAF,21,0.0
354,C82631,Sumatriptan_Tab 50mg,0407041T0AAAFAF,9,0.0
353,C82002,Sumatriptan_Tab 50mg,0407041T0AAAFAF,8,0.0
352,C82649,Sumatriptan_Tab 50mg,0407041T0AAAFAF,9,0.0
351,C82077,Sumatriptan_Tab 50mg,0407041T0AAAFAF,7,0.0
350,C82013,Sumatriptan_Tab 50mg,0407041T0AAAFAF,1,0.0
318,C82025,Sumatriptan_Tab 50mg,0407041T0AAAFAF,8,0.0
348,C82071,Sumatriptan_Tab 50mg,0407041T0AAAFAF,6,0.0
347,C82066,Sumatriptan_Tab 50mg,0407041T0AAAFAF,1,0.0
346,C82071,Sumatriptan_Tab 50mg,0407041T0AAAFAF,8,0.0
345,C82044,Sumatriptan_Tab 50mg,0407041T0AAAFAF,1,0.0
344,C82066,Sumatriptan_Tab 50mg,0407041T0AAAFAF,18,0.0
340,C82119,Sumatriptan_Tab 50mg,0407041T0AAAFAF,1,0.0
343,C82112,Sumatriptan_Tab 50mg,0407041T0AAAFAF,8,0.0
341,C82010,Sumatriptan_Tab 50mg,0407041T0AAAFAF,25,0.0
342,C82042,Sumatriptan_Tab 50mg,0407041T0AAAFAF,1,0.0
248,C82025,Atorvastatin_Tab 20mg,0212000B0AAABAB,1,-0.0022999999999999063
399,C82056,Sumatriptan_Tab 50mg,0407041T0AAAFAF,1,-0.0027999999999996916
400,C82001,Sumatriptan_Tab 50mg,0407041T0AAAFAF,1,-0.0027999999999996916
477,Y02077,Atorvastatin_Tab 40mg,0212000B0AAACAC,1,-0.002799999999999997
401,C82036,Sumatriptan_Tab 50mg,0407041T0AAAFAF,1,-0.0028000000000004688
461,C82036,Atorvastatin_Tab 10mg,0212000B0AAAAAA,1,-0.002999999999999982
429,C82022,Losartan Pot_Tab 25mg,0205052N0AAAAAA,1,-0.002999999999999982
402,C82025,Sumatriptan_Tab 50mg,0407041T0AAAFAF,1,-0.00300000000000078
403,Y02077,Sumatriptan_Tab 50mg,0407041T0AAAFAF,1,-0.0032000000000000917
404,C82042,Sumatriptan_Tab 50mg,0407041T0AAAFAF,1,-0.003200000000001424
405,C82112,Sumatriptan_Tab 50mg,0407041T0AAAFAF,1,-0.0039999999999995595
430,C82042,Losartan Pot_Tab 25mg,0205052N0AAAAAA,1,-0.004199999999999975
191,C82048,Paracet_Tab 500mg,0407010H0AAAMAM,1,-0.005599999999999966
190,C82109,Paracet_Tab 500mg,0407010H0AAAMAM,1,-0.005599999999999966
188,Y02077,Paracet_Tab 500mg,0407010H0AAAMAM,1,-0.005599999999999966
187,C82078,Paracet_Tab 500mg,0407010H0AAAMAM,1,-0.005599999999999966
189,C82109,Paracet_Tab 500mg,0407010H0AAAMAM,1,-0.005599999999999966
178,Y02077,Paracet_Tab 500mg,0407010H0AAAMAM,1,-0.005599999999999966
180,C82066,Paracet_Tab 500mg,0407010H0AAAMAM,1,-0.005599999999999966
181,C82066,Paracet_Tab 500mg,0407010H0AAAMAM,1,-0.005599999999999966
182,C82044,Paracet_Tab 500mg,0407010H0AAAMAM,1,-0.005599999999999966
186,C82048,Paracet_Tab 500mg,0407010H0AAAMAM,1,-0.005599999999999966
185,C82002,Paracet_Tab 500mg,0407010H0AAAMAM,1,-0.005599999999999966
183,C82002,Paracet_Tab 500mg,0407010H0AAAMAM,1,-0.005599999999999966
184,C82078,Paracet_Tab 500mg,0407010H0AAAMAM,1,-0.005599999999999966
179,C82044,Paracet_Tab 500mg,0407010H0AAAMAM,1,-0.005599999999999966
462,C82013,Atorvastatin_Tab 10mg,0212000B0AAAAAA,1,-0.005999999999999964
406,C82055,Sumatriptan_Tab 50mg,0407041T0AAAFAF,2,-0.00600000000000156
431,C82109,Losartan Pot_Tab 25mg,0205052N0AAAAAA,4,-0.006399999999999961
300,C82055,Pregabalin_Cap 75mg,0408010AEAAACAC,4,-0.00840000000000024
301,C82010,Pregabalin_Cap 75mg,0408010AEAAACAC,4,-0.00840000000000024
253,C82042,Sevelamer_Tab 800mg,0905022S0AAABAB,1,-0.008400000000001406
252,C82055,Sevelamer_Tab 800mg,0905022S0AAABAB,1,-0.008400000000001406
192,C82001,Paracet_Tab 500mg,0407010H0AAAMAM,2,-0.009599999999999997
193,C82001,Paracet_Tab 500mg,0407010H0AAAMAM,2,-0.009599999999999997
196,C82021,Paracet_Tab 500mg,0407010H0AAAMAM,2,-0.011199999999999932
197,C82056,Paracet_Tab 500mg,0407010H0AAAMAM,2,-0.011199999999999932
194,C82021,Paracet_Tab 500mg,0407010H0AAAMAM,2,-0.011199999999999932
195,C82056,Paracet_Tab 500mg,0407010H0AAAMAM,2,-0.011199999999999932
254,C82048,Sevelamer_Tab 800mg,0905022S0AAABAB,1,-0.011200000000001875
249,C82038,Atorvastatin_Tab 20mg,0212000B0AAABAB,5,-0.013999999999999985
255,C82055,Sevelamer_Tab 800mg,0905022S0AAABAB,2,-0.014000000000002344
478,C82039,Atorvastatin_Tab 40mg,0212000B0AAACAC,4,-0.01600000000000018
302,C82038,Pregabalin_Cap 75mg,0408010AEAAACAC,12,-0.01680000000000048
256,C82077,Sevelamer_Tab 800mg,0905022S0AAABAB,1,-0.01960000000000328
257,C82036,Sevelamer_Tab 800mg,0905022S0AAABAB,1,-0.01960000000000328
303,C82038,Pregabalin_Cap 75mg,0408010AEAAACAC,9,-0.025199999999999848
258,C82112,Sevelamer_Tab 800mg,0905022S0AAABAB,1,-0.02520000000000422
198,C82079,Paracet_Tab 500mg,0407010H0AAAMAM,5,-0.02799999999999983
199,C82079,Paracet_Tab 500mg,0407010H0AAAMAM,5,-0.02799999999999983
250,C82038,Atorvastatin_Tab 20mg,0212000B0AAABAB,20,-0.02799999999999997
205,C82022,Paracet_Tab 500mg,0407010H0AAAMAM,6,-0.0335999999999998
204,C82016,Paracet_Tab 500mg,0407010H0AAAMAM,6,-0.0335999999999998
203,C82098,Paracet_Tab 500mg,0407010H0AAAMAM,6,-0.0335999999999998
202,C82022,Paracet_Tab 500mg,0407010H0AAAMAM,6,-0.0335999999999998
201,C82098,Paracet_Tab 500mg,0407010H0AAAMAM,6,-0.0335999999999998
200,C82016,Paracet_Tab 500mg,0407010H0AAAMAM,6,-0.0335999999999998
207,C82025,Paracet_Tab 500mg,0407010H0AAAMAM,7,-0.03919999999999976
206,C82025,Paracet_Tab 500mg,0407010H0AAAMAM,7,-0.03919999999999976
209,C82611,Paracet_Tab 500mg,0407010H0AAAMAM,8,-0.04479999999999973
208,C82611,Paracet_Tab 500mg,0407010H0AAAMAM,8,-0.04479999999999973
210,C82036,Paracet_Tab 500mg,0407010H0AAAMAM,9,-0.050399999999999695
211,C82036,Paracet_Tab 500mg,0407010H0AAAMAM,9,-0.050399999999999695
213,C82056,Paracet_Tab 500mg,0407010H0AAAMAM,3,-0.26399999999999985
212,C82056,Paracet_Tab 500mg,0407010H0AAAMAM,3,-0.26399999999999985
214,C82009,Paracet_Tab 500mg,0407010H0AAAMAM,70,-0.39199999999999763
215,C82009,Paracet_Tab 500mg,0407010H0AAAMAM,70,-0.39199999999999763
219,C82039,Paracet_Tab 500mg,0407010H0AAAMAM,75,-0.4199999999999975
216,C82039,Paracet_Tab 500mg,0407010H0AAAMAM,75,-0.4199999999999975
217,C82077,Paracet_Tab 500mg,0407010H0AAAMAM,75,-0.4199999999999975
218,C82077,Paracet_Tab 500mg,0407010H0AAAMAM,75,-0.4199999999999975
221,C82068,Paracet_Tab 500mg,0407010H0AAAMAM,2,-0.44439999999999974
220,C82068,Paracet_Tab 500mg,0407010H0AAAMAM,2,-0.44439999999999974
222,C82038,Paracet_Tab 500mg,0407010H0AAAMAM,67,-0.7503999999999955
223,C82038,Paracet_Tab 500mg,0407010H0AAAMAM,67,-0.7503999999999955
224,C82010,Paracet_Tab 500mg,0407010H0AAAMAM,137,-0.7671999999999953
225,C82010,Paracet_Tab 500mg,0407010H0AAAMAM,137,-0.7671999999999953
227,C82649,Paracet_Tab 500mg,0407010H0AAAMAM,15,-1.4280000000000002
226,C82649,Paracet_Tab 500mg,0407010H0AAAMAM,15,-1.4280000000000002
229,C82068,Paracet_Tab 500mg,0407010H0AAAMAM,31,-2.4799999999999955
228,C82068,Paracet_Tab 500mg,0407010H0AAAMAM,31,-2.4799999999999955
