,practice_code,bnf_description,bnf_code,items,excess_cost
1176,L84007,Hydrocort_Tab 10mg,0603020J0AAADAD,1,557.79
674,L84027,Memantine HCl_Tab 20mg,0411000G0AAADAD,23,319.4884
784,L84008,Pregabalin_Cap 50mg,0408010AEAAABAB,10,285.376
1203,L84051,Letrozole_Tab 2.5mg,0803041L0AAAAAA,15,285.17999999999995
785,L84008,Pregabalin_Cap 50mg,0408010AEAAABAB,2,228.30080000000004
675,L84023,Memantine HCl_Tab 20mg,0411000G0AAADAD,7,191.68800000000002
960,L84018,Paracet_Tab Solb 500mg,0407010H0AAAQAQ,2,164.59520000000003
959,L84018,Paracet_Tab Solb 500mg,0407010H0AAAQAQ,2,164.59520000000003
750,L84027,Atorvastatin_Tab 20mg,0212000B0AAABAB,137,158.81040000000002
751,L84068,Atorvastatin_Tab 20mg,0212000B0AAABAB,175,157.78000000000003
676,L84036,Memantine HCl_Tab 20mg,0411000G0AAADAD,2,127.8032
677,L84070,Memantine HCl_Tab 20mg,0411000G0AAADAD,1,127.79760000000002
678,L84008,Memantine HCl_Tab 20mg,0411000G0AAADAD,6,127.79759999999999
679,L84031,Memantine HCl_Tab 20mg,0411000G0AAADAD,7,127.792
1339,L84027,Atorvastatin_Tab 40mg,0212000B0AAACAC,77,111.24960000000003
1236,L84027,Atorvastatin_Tab 10mg,0212000B0AAAAAA,105,104.664
1,L84059,Paracet_Tab 500mg,0407010H0AAAMAM,23,101.4944
0,L84059,Paracet_Tab 500mg,0407010H0AAAMAM,23,101.4944
786,L84068,Pregabalin_Cap 50mg,0408010AEAAABAB,1,90.4428
752,L84044,Atorvastatin_Tab 20mg,0212000B0AAABAB,75,90.30000000000003
787,Y02519,Pregabalin_Cap 50mg,0408010AEAAABAB,6,85.6296
788,L84027,Pregabalin_Cap 50mg,0408010AEAAABAB,1,85.61280000000001
789,L84022,Pregabalin_Cap 50mg,0408010AEAAABAB,2,85.6128
790,L84048,Pregabalin_Cap 50mg,0408010AEAAABAB,2,85.6128
3,L84059,Paracet_Tab 500mg,0407010H0AAAMAM,90,81.64800000000001
2,L84059,Paracet_Tab 500mg,0407010H0AAAMAM,90,81.64800000000001
961,L84049,Paracet_Tab Solb 500mg,0407010H0AAAQAQ,4,73.52000000000001
962,L84049,Paracet_Tab Solb 500mg,0407010H0AAAQAQ,4,73.52000000000001
1204,L84046,Letrozole_Tab 2.5mg,0803041L0AAAAAA,2,71.29920000000001
1205,L84005,Letrozole_Tab 2.5mg,0803041L0AAAAAA,1,71.2992
1206,L84027,Letrozole_Tab 2.5mg,0803041L0AAAAAA,10,71.28800000000001
753,L84027,Atorvastatin_Tab 20mg,0212000B0AAABAB,1,67.59479999999999
1340,L84028,Atorvastatin_Tab 40mg,0212000B0AAACAC,157,66.8192
680,L84070,Memantine HCl_Tab 20mg,0411000G0AAADAD,27,64.01429999999999
681,L84008,Memantine HCl_Tab 20mg,0411000G0AAADAD,15,63.9555
682,L84022,Memantine HCl_Tab 20mg,0411000G0AAADAD,12,63.940799999999996
683,L84045,Memantine HCl_Tab 20mg,0411000G0AAADAD,21,63.91560000000001
684,L84037,Memantine HCl_Tab 20mg,0411000G0AAADAD,18,63.907199999999996
685,L84016,Memantine HCl_Tab 20mg,0411000G0AAADAD,3,63.898799999999994
686,Y02519,Memantine HCl_Tab 20mg,0411000G0AAADAD,7,63.895999999999994
1039,L84008,Memantine HCl_Tab 10mg,0411000G0AAAAAA,1,62.7368
1041,L84036,Memantine HCl_Tab 10mg,0411000G0AAAAAA,3,62.7312
1040,L84031,Memantine HCl_Tab 10mg,0411000G0AAAAAA,2,62.7312
1042,L84041,Memantine HCl_Tab 10mg,0411000G0AAAAAA,16,62.720000000000006
1043,L84077,Memantine HCl_Tab 10mg,0411000G0AAAAAA,4,62.720000000000006
1044,L84015,Memantine HCl_Tab 10mg,0411000G0AAAAAA,15,62.705999999999996
5,L84059,Paracet_Tab 500mg,0407010H0AAAMAM,39,60.06000000000002
4,L84059,Paracet_Tab 500mg,0407010H0AAAMAM,39,60.06000000000002
791,L84045,Pregabalin_Cap 50mg,0408010AEAAABAB,11,57.1032
792,L84041,Pregabalin_Cap 50mg,0408010AEAAABAB,4,57.0976
1045,L84046,Memantine HCl_Tab 10mg,0411000G0AAAAAA,11,54.916399999999996
6,L84059,Paracet_Tab 500mg,0407010H0AAAMAM,52,50.440000000000005
7,L84059,Paracet_Tab 500mg,0407010H0AAAMAM,52,50.440000000000005
8,L84060,Paracet_Tab 500mg,0407010H0AAAMAM,96,49.92000000000003
9,L84060,Paracet_Tab 500mg,0407010H0AAAMAM,96,49.92000000000003
687,L84072,Memantine HCl_Tab 20mg,0411000G0AAADAD,8,47.947199999999995
1237,L84010,Atorvastatin_Tab 10mg,0212000B0AAAAAA,158,46.45200000000001
1238,L84023,Atorvastatin_Tab 10mg,0212000B0AAAAAA,80,46.14400000000002
754,L84054,Atorvastatin_Tab 20mg,0212000B0AAABAB,163,45.64000000000004
755,L84015,Atorvastatin_Tab 20mg,0212000B0AAABAB,69,45.59520000000002
756,L84014,Atorvastatin_Tab 20mg,0212000B0AAABAB,104,45.427200000000006
757,L84048,Atorvastatin_Tab 20mg,0212000B0AAABAB,100,45.360000000000014
10,L84031,Paracet_Tab 500mg,0407010H0AAAMAM,54,45.36000000000001
11,L84031,Paracet_Tab 500mg,0407010H0AAAMAM,54,45.36000000000001
758,L84616,Atorvastatin_Tab 20mg,0212000B0AAABAB,28,45.1584
759,L84043,Atorvastatin_Tab 20mg,0212000B0AAABAB,139,45.1472
760,L84048,Atorvastatin_Tab 20mg,0212000B0AAABAB,92,45.080000000000005
761,L84060,Atorvastatin_Tab 20mg,0212000B0AAABAB,309,44.99040000000003
1341,L84054,Atorvastatin_Tab 40mg,0212000B0AAACAC,91,44.84480000000001
1342,L84018,Atorvastatin_Tab 40mg,0212000B0AAACAC,10,44.519999999999996
1343,L84046,Atorvastatin_Tab 40mg,0212000B0AAACAC,62,44.441599999999994
12,L84072,Paracet_Tab 500mg,0407010H0AAAMAM,26,40.04000000000001
13,L84072,Paracet_Tab 500mg,0407010H0AAAMAM,26,40.04000000000001
762,L84005,Atorvastatin_Tab 20mg,0212000B0AAABAB,32,39.424
963,L84031,Paracet_Tab Solb 500mg,0407010H0AAAQAQ,2,37.855999999999995
964,L84031,Paracet_Tab Solb 500mg,0407010H0AAAQAQ,2,37.855999999999995
966,L84606,Paracet_Tab Solb 500mg,0407010H0AAAQAQ,4,36.760000000000005
965,L84606,Paracet_Tab Solb 500mg,0407010H0AAAQAQ,4,36.760000000000005
15,L84027,Paracet_Tab 500mg,0407010H0AAAMAM,100,33.00000000000001
14,L84027,Paracet_Tab 500mg,0407010H0AAAMAM,100,33.00000000000001
688,L84005,Memantine HCl_Tab 20mg,0411000G0AAADAD,16,32.0208
1046,L84068,Memantine HCl_Tab 10mg,0411000G0AAAAAA,3,31.374
1047,L84014,Memantine HCl_Tab 10mg,0411000G0AAAAAA,2,31.3684
1048,L84051,Memantine HCl_Tab 10mg,0411000G0AAAAAA,4,31.360000000000003
17,L84054,Paracet_Tab 500mg,0407010H0AAAMAM,42,26.040000000000017
16,L84054,Paracet_Tab 500mg,0407010H0AAAMAM,42,26.040000000000017
19,L84054,Paracet_Tab 500mg,0407010H0AAAMAM,57,25.536000000000023
18,L84054,Paracet_Tab 500mg,0407010H0AAAMAM,57,25.536000000000023
20,L84070,Paracet_Tab 500mg,0407010H0AAAMAM,28,25.200000000000003
21,L84070,Paracet_Tab 500mg,0407010H0AAAMAM,28,25.200000000000003
1049,L84051,Memantine HCl_Tab 10mg,0411000G0AAAAAA,5,23.537499999999998
1239,L84068,Atorvastatin_Tab 10mg,0212000B0AAAAAA,128,23.295999999999996
1240,L84070,Atorvastatin_Tab 10mg,0212000B0AAAAAA,22,23.2848
1241,L84017,Atorvastatin_Tab 10mg,0212000B0AAAAAA,42,23.284799999999997
1242,L84044,Atorvastatin_Tab 10mg,0212000B0AAAAAA,13,23.2232
1243,L84059,Atorvastatin_Tab 10mg,0212000B0AAAAAA,38,23.1952
1244,L84048,Atorvastatin_Tab 10mg,0212000B0AAAAAA,58,23.060800000000008
763,L84010,Atorvastatin_Tab 20mg,0212000B0AAABAB,293,22.97120000000003
764,L84017,Atorvastatin_Tab 20mg,0212000B0AAABAB,205,22.960000000000022
765,L84004,Atorvastatin_Tab 20mg,0212000B0AAABAB,263,22.82840000000004
766,L84040,Atorvastatin_Tab 20mg,0212000B0AAABAB,177,22.797600000000035
1245,L84014,Atorvastatin_Tab 10mg,0212000B0AAAAAA,113,22.780799999999992
23,L84030,Paracet_Tab 500mg,0407010H0AAAMAM,13,22.713600000000003
22,L84030,Paracet_Tab 500mg,0407010H0AAAMAM,13,22.713600000000003
767,L84080,Atorvastatin_Tab 20mg,0212000B0AAABAB,89,22.67720000000001
25,L84060,Paracet_Tab 500mg,0407010H0AAAMAM,46,22.668800000000005
24,L84060,Paracet_Tab 500mg,0407010H0AAAMAM,46,22.668800000000005
27,L84084,Paracet_Tab 500mg,0407010H0AAAMAM,44,22.6688
26,L84084,Paracet_Tab 500mg,0407010H0AAAMAM,44,22.6688
768,L84015,Atorvastatin_Tab 20mg,0212000B0AAABAB,17,22.61
968,L84005,Paracet_Tab Solb 500mg,0407010H0AAAQAQ,2,22.608
967,L84005,Paracet_Tab Solb 500mg,0407010H0AAAQAQ,2,22.608
769,L84084,Atorvastatin_Tab 20mg,0212000B0AAABAB,52,22.568
770,L84014,Atorvastatin_Tab 20mg,0212000B0AAABAB,36,22.5288
771,L84046,Atorvastatin_Tab 20mg,0212000B0AAABAB,23,22.523900000000005
772,L84616,Atorvastatin_Tab 20mg,0212000B0AAABAB,78,22.495200000000008
1344,L84008,Atorvastatin_Tab 40mg,0212000B0AAACAC,87,22.4112
1345,L84031,Atorvastatin_Tab 40mg,0212000B0AAACAC,76,22.344000000000005
1346,L84022,Atorvastatin_Tab 40mg,0212000B0AAACAC,82,22.271199999999997
29,L84031,Paracet_Tab 500mg,0407010H0AAAMAM,56,22.265600000000006
28,L84031,Paracet_Tab 500mg,0407010H0AAAMAM,56,22.265600000000006
1347,L84048,Atorvastatin_Tab 40mg,0212000B0AAACAC,116,22.2488
31,L84017,Paracet_Tab 500mg,0407010H0AAAMAM,27,21.168
30,L84017,Paracet_Tab 500mg,0407010H0AAAMAM,27,21.168
32,L84010,Paracet_Tab 500mg,0407010H0AAAMAM,111,21.090000000000025
33,L84010,Paracet_Tab 500mg,0407010H0AAAMAM,111,21.090000000000025
1246,L84015,Atorvastatin_Tab 10mg,0212000B0AAAAAA,22,20.4204
35,L84027,Paracet_Tab 500mg,0407010H0AAAMAM,12,19.3536
34,L84027,Paracet_Tab 500mg,0407010H0AAAMAM,12,19.3536
36,L84059,Paracet_Tab 500mg,0407010H0AAAMAM,9,19.0512
37,L84059,Paracet_Tab 500mg,0407010H0AAAMAM,9,19.0512
1050,L84008,Memantine HCl_Tab 10mg,0411000G0AAAAAA,5,17.912
1051,L84015,Memantine HCl_Tab 10mg,0411000G0AAAAAA,4,15.6968
38,L84072,Paracet_Tab 500mg,0407010H0AAAMAM,40,15.200000000000005
39,L84072,Paracet_Tab 500mg,0407010H0AAAMAM,40,15.200000000000005
40,Y05212,Paracet_Tab 500mg,0407010H0AAAMAM,1,15.09
41,Y05212,Paracet_Tab 500mg,0407010H0AAAMAM,1,15.09
43,L84068,Paracet_Tab 500mg,0407010H0AAAMAM,29,15.08
42,L84068,Paracet_Tab 500mg,0407010H0AAAMAM,29,15.08
1247,L84014,Atorvastatin_Tab 10mg,0212000B0AAAAAA,26,11.702599999999999
1248,L84043,Atorvastatin_Tab 10mg,0212000B0AAAAAA,61,11.614400000000002
1249,L84008,Atorvastatin_Tab 10mg,0212000B0AAAAAA,20,11.592000000000002
47,L84031,Paracet_Tab 500mg,0407010H0AAAMAM,17,11.423999999999998
44,L84031,Paracet_Tab 500mg,0407010H0AAAMAM,17,11.423999999999998
46,L84027,Paracet_Tab 500mg,0407010H0AAAMAM,12,11.423999999999998
45,L84027,Paracet_Tab 500mg,0407010H0AAAMAM,12,11.423999999999998
1250,L84021,Atorvastatin_Tab 10mg,0212000B0AAAAAA,107,11.384800000000004
48,L84031,Paracet_Tab 500mg,0407010H0AAAMAM,32,11.379199999999999
49,L84031,Paracet_Tab 500mg,0407010H0AAAMAM,32,11.379199999999999
50,L84041,Paracet_Tab 500mg,0407010H0AAAMAM,23,11.334400000000002
51,L84041,Paracet_Tab 500mg,0407010H0AAAMAM,23,11.334400000000002
53,L84030,Paracet_Tab 500mg,0407010H0AAAMAM,4,11.289600000000002
55,L84616,Paracet_Tab 500mg,0407010H0AAAMAM,9,11.289600000000002
54,L84616,Paracet_Tab 500mg,0407010H0AAAMAM,9,11.289600000000002
52,L84030,Paracet_Tab 500mg,0407010H0AAAMAM,4,11.289600000000002
56,L84065,Paracet_Tab 500mg,0407010H0AAAMAM,6,11.2896
57,L84065,Paracet_Tab 500mg,0407010H0AAAMAM,6,11.2896
58,L84048,Paracet_Tab 500mg,0407010H0AAAMAM,143,11.211200000000016
59,L84048,Paracet_Tab 500mg,0407010H0AAAMAM,143,11.211200000000016
60,L84036,Paracet_Tab 500mg,0407010H0AAAMAM,87,11.2056
61,L84036,Paracet_Tab 500mg,0407010H0AAAMAM,87,11.2056
62,L84053,Paracet_Tab 500mg,0407010H0AAAMAM,25,11.20000000000001
63,L84053,Paracet_Tab 500mg,0407010H0AAAMAM,25,11.20000000000001
64,L84003,Paracet_Tab 500mg,0407010H0AAAMAM,27,11.1888
65,L84003,Paracet_Tab 500mg,0407010H0AAAMAM,27,11.1888
67,L84070,Paracet_Tab 500mg,0407010H0AAAMAM,33,11.08800000000001
66,L84070,Paracet_Tab 500mg,0407010H0AAAMAM,33,11.08800000000001
69,L84070,Paracet_Tab 500mg,0407010H0AAAMAM,38,11.0656
68,L84070,Paracet_Tab 500mg,0407010H0AAAMAM,38,11.0656
70,L84009,Paracet_Tab 500mg,0407010H0AAAMAM,49,10.780000000000003
71,L84009,Paracet_Tab 500mg,0407010H0AAAMAM,49,10.780000000000003
970,L84040,Paracet_Tab Solb 500mg,0407010H0AAAQAQ,2,10.572800000000004
969,L84040,Paracet_Tab Solb 500mg,0407010H0AAAQAQ,2,10.572800000000004
72,L84022,Paracet_Tab 500mg,0407010H0AAAMAM,51,10.20000000000001
73,L84022,Paracet_Tab 500mg,0407010H0AAAMAM,51,10.20000000000001
74,L84039,Paracet_Tab 500mg,0407010H0AAAMAM,17,10.199999999999998
75,L84039,Paracet_Tab 500mg,0407010H0AAAMAM,17,10.199999999999998
78,L84048,Paracet_Tab 500mg,0407010H0AAAMAM,22,10.12
79,L84081,Paracet_Tab 500mg,0407010H0AAAMAM,22,10.12
77,L84048,Paracet_Tab 500mg,0407010H0AAAMAM,22,10.12
76,L84081,Paracet_Tab 500mg,0407010H0AAAMAM,22,10.12
80,L84036,Paracet_Tab 500mg,0407010H0AAAMAM,24,10.080000000000005
81,L84036,Paracet_Tab 500mg,0407010H0AAAMAM,24,10.080000000000005
82,L84030,Paracet_Tab 500mg,0407010H0AAAMAM,14,10.079999999999997
83,L84030,Paracet_Tab 500mg,0407010H0AAAMAM,14,10.079999999999997
84,L84018,Paracet_Tab 500mg,0407010H0AAAMAM,40,10.000000000000009
85,L84018,Paracet_Tab 500mg,0407010H0AAAMAM,40,10.000000000000009
87,L84039,Paracet_Tab 500mg,0407010H0AAAMAM,27,9.990000000000006
86,L84039,Paracet_Tab 500mg,0407010H0AAAMAM,27,9.990000000000006
89,L84016,Paracet_Tab 500mg,0407010H0AAAMAM,62,9.920000000000005
88,L84016,Paracet_Tab 500mg,0407010H0AAAMAM,62,9.920000000000005
90,L84033,Paracet_Tab 500mg,0407010H0AAAMAM,88,9.680000000000003
91,L84033,Paracet_Tab 500mg,0407010H0AAAMAM,88,9.680000000000003
971,L84023,Paracet_Tab Solb 500mg,0407010H0AAAQAQ,1,9.42
972,L84023,Paracet_Tab Solb 500mg,0407010H0AAAQAQ,1,9.42
974,L84041,Paracet_Tab Solb 500mg,0407010H0AAAQAQ,5,9.400000000000006
973,L84041,Paracet_Tab Solb 500mg,0407010H0AAAQAQ,5,9.400000000000006
976,L84015,Paracet_Tab Solb 500mg,0407010H0AAAQAQ,2,9.400000000000002
975,L84015,Paracet_Tab Solb 500mg,0407010H0AAAQAQ,2,9.400000000000002
92,L84030,Paracet_Tab 500mg,0407010H0AAAMAM,29,9.280000000000005
93,L84030,Paracet_Tab 500mg,0407010H0AAAMAM,29,9.280000000000005
94,L84040,Paracet_Tab 500mg,0407010H0AAAMAM,92,9.200000000000008
95,L84040,Paracet_Tab 500mg,0407010H0AAAMAM,92,9.200000000000008
96,L84033,Paracet_Tab 500mg,0407010H0AAAMAM,41,9.020000000000003
97,L84033,Paracet_Tab 500mg,0407010H0AAAMAM,41,9.020000000000003
1251,L84084,Atorvastatin_Tab 10mg,0212000B0AAAAAA,35,8.7955
99,L84060,Paracet_Tab 500mg,0407010H0AAAMAM,2,8.467200000000002
98,L84060,Paracet_Tab 500mg,0407010H0AAAMAM,2,8.467200000000002
101,L84010,Paracet_Tab 500mg,0407010H0AAAMAM,93,8.332800000000004
100,L84010,Paracet_Tab 500mg,0407010H0AAAMAM,93,8.332800000000004
102,L84027,Paracet_Tab 500mg,0407010H0AAAMAM,7,8.232000000000001
103,L84027,Paracet_Tab 500mg,0407010H0AAAMAM,7,8.232000000000001
1177,L84033,Hydrocort_Tab 10mg,0603020J0AAADAD,1,7.739999999999991
104,L84008,Paracet_Tab 500mg,0407010H0AAAMAM,30,6.000000000000005
105,L84008,Paracet_Tab 500mg,0407010H0AAAMAM,30,6.000000000000005
1252,L84068,Atorvastatin_Tab 10mg,0212000B0AAAAAA,23,5.8765
106,L84059,Paracet_Tab 500mg,0407010H0AAAMAM,8,5.6672
107,L84059,Paracet_Tab 500mg,0407010H0AAAMAM,8,5.6672
108,L84616,Paracet_Tab 500mg,0407010H0AAAMAM,8,5.6672
109,L84616,Paracet_Tab 500mg,0407010H0AAAMAM,8,5.6672
110,Y02519,Paracet_Tab 500mg,0407010H0AAAMAM,4,5.6448
111,Y02519,Paracet_Tab 500mg,0407010H0AAAMAM,4,5.6448
112,L84010,Paracet_Tab 500mg,0407010H0AAAMAM,8,5.6448
113,L84010,Paracet_Tab 500mg,0407010H0AAAMAM,8,5.6448
114,L84078,Paracet_Tab 500mg,0407010H0AAAMAM,58,5.220000000000009
115,L84078,Paracet_Tab 500mg,0407010H0AAAMAM,58,5.220000000000009
116,L84027,Paracet_Tab 500mg,0407010H0AAAMAM,10,5.152
117,L84027,Paracet_Tab 500mg,0407010H0AAAMAM,10,5.152
118,L84004,Paracet_Tab 500mg,0407010H0AAAMAM,64,5.120000000000013
119,L84004,Paracet_Tab 500mg,0407010H0AAAMAM,64,5.120000000000013
120,L84077,Paracet_Tab 500mg,0407010H0AAAMAM,28,5.039999999999998
121,L84077,Paracet_Tab 500mg,0407010H0AAAMAM,28,5.039999999999998
122,L84070,Paracet_Tab 500mg,0407010H0AAAMAM,2,5.0064
123,L84070,Paracet_Tab 500mg,0407010H0AAAMAM,2,5.0064
124,L84036,Paracet_Tab 500mg,0407010H0AAAMAM,50,5.000000000000004
125,L84036,Paracet_Tab 500mg,0407010H0AAAMAM,50,5.000000000000004
126,L84044,Paracet_Tab 500mg,0407010H0AAAMAM,55,4.950000000000008
127,L84044,Paracet_Tab 500mg,0407010H0AAAMAM,55,4.950000000000008
129,Y02519,Paracet_Tab 500mg,0407010H0AAAMAM,41,4.919999999999999
128,Y02519,Paracet_Tab 500mg,0407010H0AAAMAM,41,4.919999999999999
131,L84005,Paracet_Tab 500mg,0407010H0AAAMAM,54,4.860000000000008
130,L84005,Paracet_Tab 500mg,0407010H0AAAMAM,54,4.860000000000008
132,L84048,Paracet_Tab 500mg,0407010H0AAAMAM,81,4.8599999999999985
133,L84048,Paracet_Tab 500mg,0407010H0AAAMAM,81,4.8599999999999985
134,L84022,Paracet_Tab 500mg,0407010H0AAAMAM,5,4.832
135,L84022,Paracet_Tab 500mg,0407010H0AAAMAM,5,4.832
136,L84017,Paracet_Tab 500mg,0407010H0AAAMAM,69,4.829999999999995
137,L84017,Paracet_Tab 500mg,0407010H0AAAMAM,69,4.829999999999995
139,L84014,Paracet_Tab 500mg,0407010H0AAAMAM,79,4.739999999999998
138,L84014,Paracet_Tab 500mg,0407010H0AAAMAM,79,4.739999999999998
1178,L84007,Hydrocort_Tab 10mg,0603020J0AAADAD,1,4.631999999999996
140,L84060,Paracet_Tab 500mg,0407010H0AAAMAM,136,4.080000000000022
141,L84060,Paracet_Tab 500mg,0407010H0AAAMAM,136,4.080000000000022
143,L84008,Paracet_Tab 500mg,0407010H0AAAMAM,14,3.449600000000001
142,L84008,Paracet_Tab 500mg,0407010H0AAAMAM,14,3.449600000000001
145,L84044,Paracet_Tab 500mg,0407010H0AAAMAM,18,2.8800000000000074
144,L84044,Paracet_Tab 500mg,0407010H0AAAMAM,18,2.8800000000000074
147,L84046,Paracet_Tab 500mg,0407010H0AAAMAM,13,2.766400000000001
146,L84046,Paracet_Tab 500mg,0407010H0AAAMAM,13,2.766400000000001
148,L84053,Paracet_Tab 500mg,0407010H0AAAMAM,37,2.693599999999998
149,L84053,Paracet_Tab 500mg,0407010H0AAAMAM,37,2.693599999999998
1180,L84048,Hydrocort_Tab 10mg,0603020J0AAADAD,1,2.315999999999998
1179,L84031,Hydrocort_Tab 10mg,0603020J0AAADAD,1,2.315999999999998
1181,L84040,Hydrocort_Tab 10mg,0603020J0AAADAD,2,2.161599999999998
150,L84018,Paracet_Tab 500mg,0407010H0AAAMAM,8,1.6128
151,L84018,Paracet_Tab 500mg,0407010H0AAAMAM,8,1.6128
153,L84033,Paracet_Tab 500mg,0407010H0AAAMAM,1,1.6096
152,L84033,Paracet_Tab 500mg,0407010H0AAAMAM,1,1.6096
155,L84046,Paracet_Tab 500mg,0407010H0AAAMAM,72,1.4400000000000164
154,L84046,Paracet_Tab 500mg,0407010H0AAAMAM,72,1.4400000000000164
1182,L84054,Hydrocort_Tab 10mg,0603020J0AAADAD,3,1.161000000000002
1348,L84043,Atorvastatin_Tab 40mg,0212000B0AAACAC,105,0.5879999999999964
1349,L84084,Atorvastatin_Tab 40mg,0212000B0AAACAC,67,0.5628000000000031
157,L84007,Paracet_Tab 500mg,0407010H0AAAMAM,42,0.4199999999999975
156,L84007,Paracet_Tab 500mg,0407010H0AAAMAM,42,0.4199999999999975
1253,L84045,Atorvastatin_Tab 10mg,0212000B0AAAAAA,144,0.40319999999999756
1254,L84026,Atorvastatin_Tab 10mg,0212000B0AAAAAA,140,0.2940000000000016
689,L84606,Memantine HCl_Tab 20mg,0411000G0AAADAD,52,0.2547999999999997
158,L84039,Paracet_Tab 500mg,0407010H0AAAMAM,11,0.24640000000000065
159,L84039,Paracet_Tab 500mg,0407010H0AAAMAM,11,0.24640000000000065
690,L84048,Memantine HCl_Tab 20mg,0411000G0AAADAD,50,0.24499999999999972
160,L84054,Paracet_Tab 500mg,0407010H0AAAMAM,21,0.23519999999999858
161,L84054,Paracet_Tab 500mg,0407010H0AAAMAM,21,0.23519999999999858
691,L84009,Memantine HCl_Tab 20mg,0411000G0AAADAD,42,0.20579999999999976
692,L84047,Memantine HCl_Tab 20mg,0411000G0AAADAD,41,0.20089999999999977
1255,L84069,Atorvastatin_Tab 10mg,0212000B0AAAAAA,92,0.19320000000000107
1256,L84050,Atorvastatin_Tab 10mg,0212000B0AAAAAA,84,0.17640000000000097
693,L84045,Memantine HCl_Tab 20mg,0411000G0AAADAD,36,0.1763999999999998
773,L84027,Atorvastatin_Tab 20mg,0212000B0AAABAB,15,0.1680000000000048
694,L84033,Memantine HCl_Tab 20mg,0411000G0AAADAD,34,0.1665999999999998
1257,L84009,Atorvastatin_Tab 10mg,0212000B0AAAAAA,77,0.1617000000000009
162,L84048,Paracet_Tab 500mg,0407010H0AAAMAM,2,0.15359999999999996
163,L84048,Paracet_Tab 500mg,0407010H0AAAMAM,2,0.15359999999999996
1258,L84048,Atorvastatin_Tab 10mg,0212000B0AAAAAA,70,0.1470000000000008
695,L84010,Memantine HCl_Tab 20mg,0411000G0AAADAD,30,0.14699999999999985
164,L84040,Paracet_Tab 500mg,0407010H0AAAMAM,34,0.14279999999999915
165,L84040,Paracet_Tab 500mg,0407010H0AAAMAM,34,0.14279999999999915
166,L84047,Paracet_Tab 500mg,0407010H0AAAMAM,33,0.13859999999999917
167,L84047,Paracet_Tab 500mg,0407010H0AAAMAM,33,0.13859999999999917
697,L84031,Memantine HCl_Tab 20mg,0411000G0AAADAD,28,0.13719999999999985
696,L84068,Memantine HCl_Tab 20mg,0411000G0AAADAD,28,0.13719999999999985
698,L84056,Memantine HCl_Tab 20mg,0411000G0AAADAD,28,0.13719999999999985
701,L84036,Memantine HCl_Tab 20mg,0411000G0AAADAD,26,0.12739999999999985
700,L84032,Memantine HCl_Tab 20mg,0411000G0AAADAD,26,0.12739999999999985
699,L84040,Memantine HCl_Tab 20mg,0411000G0AAADAD,26,0.12739999999999985
702,L84026,Memantine HCl_Tab 20mg,0411000G0AAADAD,25,0.12249999999999986
1259,L84033,Atorvastatin_Tab 10mg,0212000B0AAAAAA,58,0.12180000000000067
703,L84016,Memantine HCl_Tab 20mg,0411000G0AAADAD,24,0.11759999999999987
168,L84026,Paracet_Tab 500mg,0407010H0AAAMAM,42,0.11759999999999929
169,L84026,Paracet_Tab 500mg,0407010H0AAAMAM,42,0.11759999999999929
170,L84007,Paracet_Tab 500mg,0407010H0AAAMAM,9,0.11340000000000063
171,L84007,Paracet_Tab 500mg,0407010H0AAAMAM,9,0.11340000000000063
704,L84030,Memantine HCl_Tab 20mg,0411000G0AAADAD,23,0.11269999999999988
1260,L84049,Atorvastatin_Tab 10mg,0212000B0AAAAAA,52,0.1092000000000006
173,L84048,Paracet_Tab 500mg,0407010H0AAAMAM,39,0.10919999999999934
172,L84048,Paracet_Tab 500mg,0407010H0AAAMAM,39,0.10919999999999934
174,L84052,Paracet_Tab 500mg,0407010H0AAAMAM,18,0.10799999999999935
175,L84052,Paracet_Tab 500mg,0407010H0AAAMAM,18,0.10799999999999935
705,L84050,Memantine HCl_Tab 20mg,0411000G0AAADAD,22,0.10779999999999988
706,L84037,Memantine HCl_Tab 20mg,0411000G0AAADAD,22,0.10779999999999988
1261,L84059,Atorvastatin_Tab 10mg,0212000B0AAAAAA,51,0.10710000000000058
1262,L84040,Atorvastatin_Tab 10mg,0212000B0AAAAAA,50,0.10500000000000058
793,L84011,Pregabalin_Cap 50mg,0408010AEAAABAB,18,0.10080000000000289
774,L84044,Atorvastatin_Tab 20mg,0212000B0AAABAB,18,0.10080000000000289
708,L84041,Memantine HCl_Tab 20mg,0411000G0AAADAD,20,0.09799999999999989
707,L84011,Memantine HCl_Tab 20mg,0411000G0AAADAD,20,0.09799999999999989
176,L84022,Paracet_Tab 500mg,0407010H0AAAMAM,23,0.09659999999999941
177,L84022,Paracet_Tab 500mg,0407010H0AAAMAM,23,0.09659999999999941
1263,L84022,Atorvastatin_Tab 10mg,0212000B0AAAAAA,44,0.09240000000000051
1264,L84606,Atorvastatin_Tab 10mg,0212000B0AAAAAA,43,0.09030000000000049
775,L84015,Atorvastatin_Tab 20mg,0212000B0AAABAB,43,0.09030000000000049
179,L84011,Paracet_Tab 500mg,0407010H0AAAMAM,16,0.08959999999999946
178,L84011,Paracet_Tab 500mg,0407010H0AAAMAM,16,0.08959999999999946
1207,L84040,Letrozole_Tab 2.5mg,0803041L0AAAAAA,18,0.08820000000000078
1265,L84010,Atorvastatin_Tab 10mg,0212000B0AAAAAA,42,0.08820000000000049
709,L84004,Memantine HCl_Tab 20mg,0411000G0AAADAD,18,0.0881999999999999
1266,L84036,Atorvastatin_Tab 10mg,0212000B0AAAAAA,40,0.08400000000000046
180,L84008,Paracet_Tab 500mg,0407010H0AAAMAM,5,0.08399999999999949
185,L84007,Paracet_Tab 500mg,0407010H0AAAMAM,15,0.08399999999999949
184,L84007,Paracet_Tab 500mg,0407010H0AAAMAM,15,0.08399999999999949
183,L84048,Paracet_Tab 500mg,0407010H0AAAMAM,20,0.08399999999999949
182,L84048,Paracet_Tab 500mg,0407010H0AAAMAM,20,0.08399999999999949
181,L84008,Paracet_Tab 500mg,0407010H0AAAMAM,5,0.08399999999999949
794,L84031,Pregabalin_Cap 50mg,0408010AEAAABAB,20,0.08399999999999852
711,L84069,Memantine HCl_Tab 20mg,0411000G0AAADAD,17,0.0832999999999999
710,L84018,Memantine HCl_Tab 20mg,0411000G0AAADAD,17,0.0832999999999999
1267,L84056,Atorvastatin_Tab 10mg,0212000B0AAAAAA,39,0.08190000000000044
186,L84005,Paracet_Tab 500mg,0407010H0AAAMAM,19,0.07979999999999951
187,L84005,Paracet_Tab 500mg,0407010H0AAAMAM,19,0.07979999999999951
1269,L84011,Atorvastatin_Tab 10mg,0212000B0AAAAAA,37,0.07770000000000044
1268,L84047,Atorvastatin_Tab 10mg,0212000B0AAAAAA,37,0.07770000000000044
1270,L84032,Atorvastatin_Tab 10mg,0212000B0AAAAAA,36,0.07560000000000042
1208,L84046,Letrozole_Tab 2.5mg,0803041L0AAAAAA,15,0.07350000000000065
1271,L84058,Atorvastatin_Tab 10mg,0212000B0AAAAAA,35,0.0735000000000004
712,L84077,Memantine HCl_Tab 20mg,0411000G0AAADAD,15,0.07349999999999993
1272,L84003,Atorvastatin_Tab 10mg,0212000B0AAAAAA,34,0.0714000000000004
1273,L84081,Atorvastatin_Tab 10mg,0212000B0AAAAAA,33,0.06930000000000039
713,L84044,Memantine HCl_Tab 20mg,0411000G0AAADAD,14,0.06859999999999992
1274,L84004,Atorvastatin_Tab 10mg,0212000B0AAAAAA,32,0.06720000000000037
189,L84085,Paracet_Tab 500mg,0407010H0AAAMAM,24,0.0671999999999996
188,L84085,Paracet_Tab 500mg,0407010H0AAAMAM,24,0.0671999999999996
1275,L84052,Atorvastatin_Tab 10mg,0212000B0AAAAAA,31,0.06510000000000035
714,L84071,Memantine HCl_Tab 20mg,0411000G0AAADAD,13,0.06369999999999992
715,L84038,Memantine HCl_Tab 20mg,0411000G0AAADAD,13,0.06369999999999992
190,L84606,Paracet_Tab 500mg,0407010H0AAAMAM,15,0.06299999999999961
191,L84606,Paracet_Tab 500mg,0407010H0AAAMAM,15,0.06299999999999961
797,L84032,Pregabalin_Cap 50mg,0408010AEAAABAB,11,0.061600000000001764
796,L84034,Pregabalin_Cap 50mg,0408010AEAAABAB,11,0.061600000000001764
795,L84026,Pregabalin_Cap 50mg,0408010AEAAABAB,11,0.061600000000001764
192,L84038,Paracet_Tab 500mg,0407010H0AAAMAM,22,0.06159999999999963
195,L84040,Paracet_Tab 500mg,0407010H0AAAMAM,22,0.06159999999999963
193,L84038,Paracet_Tab 500mg,0407010H0AAAMAM,22,0.06159999999999963
194,L84040,Paracet_Tab 500mg,0407010H0AAAMAM,22,0.06159999999999963
1209,L84026,Letrozole_Tab 2.5mg,0803041L0AAAAAA,12,0.05880000000000052
716,L84012,Memantine HCl_Tab 20mg,0411000G0AAADAD,12,0.058799999999999936
1276,L84016,Atorvastatin_Tab 10mg,0212000B0AAAAAA,27,0.05670000000000031
1278,L84071,Atorvastatin_Tab 10mg,0212000B0AAAAAA,27,0.05670000000000031
1277,L84038,Atorvastatin_Tab 10mg,0212000B0AAAAAA,27,0.05670000000000031
798,L84009,Pregabalin_Cap 50mg,0408010AEAAABAB,10,0.056000000000001604
197,Y02519,Paracet_Tab 500mg,0407010H0AAAMAM,1,0.05599999999999994
196,Y02519,Paracet_Tab 500mg,0407010H0AAAMAM,1,0.05599999999999994
199,L84010,Paracet_Tab 500mg,0407010H0AAAMAM,20,0.05599999999999966
198,L84010,Paracet_Tab 500mg,0407010H0AAAMAM,20,0.05599999999999966
717,L84049,Memantine HCl_Tab 20mg,0411000G0AAADAD,11,0.05389999999999994
201,L84017,Paracet_Tab 500mg,0407010H0AAAMAM,19,0.05319999999999968
200,L84017,Paracet_Tab 500mg,0407010H0AAAMAM,19,0.05319999999999968
1279,L84045,Atorvastatin_Tab 10mg,0212000B0AAAAAA,25,0.05250000000000029
799,L84001,Pregabalin_Cap 50mg,0408010AEAAABAB,9,0.050400000000001444
800,L84050,Pregabalin_Cap 50mg,0408010AEAAABAB,9,0.050400000000001444
1282,L84041,Atorvastatin_Tab 10mg,0212000B0AAAAAA,24,0.05040000000000028
1280,L84018,Atorvastatin_Tab 10mg,0212000B0AAAAAA,24,0.05040000000000028
1281,L84070,Atorvastatin_Tab 10mg,0212000B0AAAAAA,24,0.05040000000000028
1283,L84025,Atorvastatin_Tab 10mg,0212000B0AAAAAA,24,0.05040000000000028
1284,L84613,Atorvastatin_Tab 10mg,0212000B0AAAAAA,24,0.05040000000000028
202,L84615,Paracet_Tab 500mg,0407010H0AAAMAM,12,0.050399999999999695
203,L84615,Paracet_Tab 500mg,0407010H0AAAMAM,12,0.050399999999999695
802,L84048,Pregabalin_Cap 50mg,0408010AEAAABAB,12,0.05039999999999911
801,L84041,Pregabalin_Cap 50mg,0408010AEAAABAB,12,0.05039999999999911
720,L84020,Memantine HCl_Tab 20mg,0411000G0AAADAD,10,0.048999999999999946
718,L84052,Memantine HCl_Tab 20mg,0411000G0AAADAD,10,0.048999999999999946
721,L84084,Memantine HCl_Tab 20mg,0411000G0AAADAD,10,0.048999999999999946
719,L84015,Memantine HCl_Tab 20mg,0411000G0AAADAD,10,0.048999999999999946
1285,L84085,Atorvastatin_Tab 10mg,0212000B0AAAAAA,23,0.048300000000000266
205,L84071,Paracet_Tab 500mg,0407010H0AAAMAM,8,0.04799999999999971
204,L84071,Paracet_Tab 500mg,0407010H0AAAMAM,8,0.04799999999999971
207,L84047,Paracet_Tab 500mg,0407010H0AAAMAM,17,0.04759999999999971
206,L84047,Paracet_Tab 500mg,0407010H0AAAMAM,17,0.04759999999999971
803,L84026,Pregabalin_Cap 50mg,0408010AEAAABAB,11,0.046199999999999186
805,L84046,Pregabalin_Cap 50mg,0408010AEAAABAB,8,0.04480000000000128
804,L84012,Pregabalin_Cap 50mg,0408010AEAAABAB,8,0.04480000000000128
208,L84004,Paracet_Tab 500mg,0407010H0AAAMAM,16,0.04479999999999973
209,L84029,Paracet_Tab 500mg,0407010H0AAAMAM,16,0.04479999999999973
210,L84029,Paracet_Tab 500mg,0407010H0AAAMAM,16,0.04479999999999973
211,L84004,Paracet_Tab 500mg,0407010H0AAAMAM,16,0.04479999999999973
1286,L84020,Atorvastatin_Tab 10mg,0212000B0AAAAAA,21,0.04410000000000024
722,L84058,Memantine HCl_Tab 20mg,0411000G0AAADAD,9,0.04409999999999995
1052,L84038,Memantine HCl_Tab 10mg,0411000G0AAAAAA,10,0.04200000000000023
1289,L84072,Atorvastatin_Tab 10mg,0212000B0AAAAAA,20,0.04200000000000023
1288,L84021,Atorvastatin_Tab 10mg,0212000B0AAAAAA,20,0.04200000000000023
1287,L84067,Atorvastatin_Tab 10mg,0212000B0AAAAAA,20,0.04200000000000023
214,L84069,Paracet_Tab 500mg,0407010H0AAAMAM,15,0.041999999999999746
221,L84033,Paracet_Tab 500mg,0407010H0AAAMAM,10,0.041999999999999746
213,L84038,Paracet_Tab 500mg,0407010H0AAAMAM,7,0.041999999999999746
215,L84014,Paracet_Tab 500mg,0407010H0AAAMAM,10,0.041999999999999746
216,L84001,Paracet_Tab 500mg,0407010H0AAAMAM,7,0.041999999999999746
217,L84069,Paracet_Tab 500mg,0407010H0AAAMAM,15,0.041999999999999746
218,L84033,Paracet_Tab 500mg,0407010H0AAAMAM,10,0.041999999999999746
219,L84038,Paracet_Tab 500mg,0407010H0AAAMAM,7,0.041999999999999746
220,L84014,Paracet_Tab 500mg,0407010H0AAAMAM,10,0.041999999999999746
212,L84001,Paracet_Tab 500mg,0407010H0AAAMAM,7,0.041999999999999746
806,L84040,Pregabalin_Cap 50mg,0408010AEAAABAB,10,0.04199999999999926
1290,L84616,Atorvastatin_Tab 10mg,0212000B0AAAAAA,19,0.03990000000000022
812,L84071,Pregabalin_Cap 50mg,0408010AEAAABAB,7,0.03920000000000112
813,L84010,Pregabalin_Cap 50mg,0408010AEAAABAB,7,0.03920000000000112
810,L84617,Pregabalin_Cap 50mg,0408010AEAAABAB,7,0.03920000000000112
808,L84031,Pregabalin_Cap 50mg,0408010AEAAABAB,7,0.03920000000000112
807,L84053,Pregabalin_Cap 50mg,0408010AEAAABAB,7,0.03920000000000112
811,L84069,Pregabalin_Cap 50mg,0408010AEAAABAB,7,0.03920000000000112
809,L84060,Pregabalin_Cap 50mg,0408010AEAAABAB,7,0.03920000000000112
1212,L84003,Letrozole_Tab 2.5mg,0803041L0AAAAAA,8,0.039200000000000346
1211,L84072,Letrozole_Tab 2.5mg,0803041L0AAAAAA,8,0.039200000000000346
1210,L84022,Letrozole_Tab 2.5mg,0803041L0AAAAAA,8,0.039200000000000346
723,L84051,Memantine HCl_Tab 20mg,0411000G0AAADAD,8,0.03919999999999996
725,L84613,Memantine HCl_Tab 20mg,0411000G0AAADAD,8,0.03919999999999996
724,L84027,Memantine HCl_Tab 20mg,0411000G0AAADAD,8,0.03919999999999996
726,L84043,Memantine HCl_Tab 20mg,0411000G0AAADAD,8,0.03919999999999996
727,L84080,Memantine HCl_Tab 20mg,0411000G0AAADAD,8,0.03919999999999996
728,L84081,Memantine HCl_Tab 20mg,0411000G0AAADAD,8,0.03919999999999996
227,L84050,Paracet_Tab 500mg,0407010H0AAAMAM,14,0.03919999999999976
222,L84009,Paracet_Tab 500mg,0407010H0AAAMAM,14,0.03919999999999976
225,L84025,Paracet_Tab 500mg,0407010H0AAAMAM,14,0.03919999999999976
226,L84009,Paracet_Tab 500mg,0407010H0AAAMAM,14,0.03919999999999976
224,L84025,Paracet_Tab 500mg,0407010H0AAAMAM,14,0.03919999999999976
223,L84050,Paracet_Tab 500mg,0407010H0AAAMAM,14,0.03919999999999976
1291,L84051,Atorvastatin_Tab 10mg,0212000B0AAAAAA,18,0.03780000000000021
1292,L84005,Atorvastatin_Tab 10mg,0212000B0AAAAAA,18,0.03780000000000021
229,L84077,Paracet_Tab 500mg,0407010H0AAAMAM,9,0.03779999999999977
228,L84077,Paracet_Tab 500mg,0407010H0AAAMAM,9,0.03779999999999977
814,L84045,Pregabalin_Cap 50mg,0408010AEAAABAB,9,0.037799999999999334
815,L84009,Pregabalin_Cap 50mg,0408010AEAAABAB,9,0.037799999999999334
230,L84046,Paracet_Tab 500mg,0407010H0AAAMAM,6,0.03599999999999978
231,L84046,Paracet_Tab 500mg,0407010H0AAAMAM,6,0.03599999999999978
1293,L84017,Atorvastatin_Tab 10mg,0212000B0AAAAAA,17,0.0357000000000002
1294,Y02519,Atorvastatin_Tab 10mg,0212000B0AAAAAA,17,0.0357000000000002
1213,L84041,Letrozole_Tab 2.5mg,0803041L0AAAAAA,7,0.0343000000000003
1214,L84031,Letrozole_Tab 2.5mg,0803041L0AAAAAA,7,0.0343000000000003
732,L84067,Memantine HCl_Tab 20mg,0411000G0AAADAD,7,0.03429999999999996
734,L84053,Memantine HCl_Tab 20mg,0411000G0AAADAD,7,0.03429999999999996
733,L84075,Memantine HCl_Tab 20mg,0411000G0AAADAD,7,0.03429999999999996
731,L84014,Memantine HCl_Tab 20mg,0411000G0AAADAD,7,0.03429999999999996
729,L84017,Memantine HCl_Tab 20mg,0411000G0AAADAD,7,0.03429999999999996
730,L84029,Memantine HCl_Tab 20mg,0411000G0AAADAD,7,0.03429999999999996
816,L84020,Pregabalin_Cap 50mg,0408010AEAAABAB,6,0.03360000000000096
817,L84025,Pregabalin_Cap 50mg,0408010AEAAABAB,6,0.03360000000000096
818,Y02519,Pregabalin_Cap 50mg,0408010AEAAABAB,6,0.03360000000000096
1295,L84008,Atorvastatin_Tab 10mg,0212000B0AAAAAA,16,0.033600000000000185
235,L84050,Paracet_Tab 500mg,0407010H0AAAMAM,8,0.0335999999999998
234,L84052,Paracet_Tab 500mg,0407010H0AAAMAM,2,0.0335999999999998
238,L84039,Paracet_Tab 500mg,0407010H0AAAMAM,12,0.0335999999999998
232,L84052,Paracet_Tab 500mg,0407010H0AAAMAM,2,0.0335999999999998
236,L84033,Paracet_Tab 500mg,0407010H0AAAMAM,12,0.0335999999999998
237,L84068,Paracet_Tab 500mg,0407010H0AAAMAM,8,0.0335999999999998
233,L84033,Paracet_Tab 500mg,0407010H0AAAMAM,12,0.0335999999999998
243,L84071,Paracet_Tab 500mg,0407010H0AAAMAM,12,0.0335999999999998
240,L84044,Paracet_Tab 500mg,0407010H0AAAMAM,12,0.0335999999999998
246,L84044,Paracet_Tab 500mg,0407010H0AAAMAM,12,0.0335999999999998
249,L84050,Paracet_Tab 500mg,0407010H0AAAMAM,8,0.0335999999999998
248,L84003,Paracet_Tab 500mg,0407010H0AAAMAM,8,0.0335999999999998
247,L84071,Paracet_Tab 500mg,0407010H0AAAMAM,12,0.0335999999999998
239,L84003,Paracet_Tab 500mg,0407010H0AAAMAM,8,0.0335999999999998
245,L84068,Paracet_Tab 500mg,0407010H0AAAMAM,8,0.0335999999999998
242,L84024,Paracet_Tab 500mg,0407010H0AAAMAM,12,0.0335999999999998
241,L84039,Paracet_Tab 500mg,0407010H0AAAMAM,12,0.0335999999999998
244,L84024,Paracet_Tab 500mg,0407010H0AAAMAM,12,0.0335999999999998
819,L84056,Pregabalin_Cap 50mg,0408010AEAAABAB,8,0.03359999999999941
820,L84070,Pregabalin_Cap 50mg,0408010AEAAABAB,8,0.03359999999999941
1296,L84031,Atorvastatin_Tab 10mg,0212000B0AAAAAA,15,0.031500000000000174
1297,L84029,Atorvastatin_Tab 10mg,0212000B0AAAAAA,15,0.031500000000000174
250,L84078,Paracet_Tab 500mg,0407010H0AAAMAM,11,0.030799999999999814
252,L84027,Paracet_Tab 500mg,0407010H0AAAMAM,11,0.030799999999999814
253,L84014,Paracet_Tab 500mg,0407010H0AAAMAM,11,0.030799999999999814
254,L84078,Paracet_Tab 500mg,0407010H0AAAMAM,11,0.030799999999999814
255,L84027,Paracet_Tab 500mg,0407010H0AAAMAM,11,0.030799999999999814
251,L84014,Paracet_Tab 500mg,0407010H0AAAMAM,11,0.030799999999999814
256,L84015,Paracet_Tab 500mg,0407010H0AAAMAM,5,0.02999999999999982
258,L84026,Paracet_Tab 500mg,0407010H0AAAMAM,5,0.02999999999999982
259,L84015,Paracet_Tab 500mg,0407010H0AAAMAM,5,0.02999999999999982
257,L84026,Paracet_Tab 500mg,0407010H0AAAMAM,5,0.02999999999999982
1298,L84044,Atorvastatin_Tab 10mg,0212000B0AAAAAA,14,0.029400000000000162
1053,L84033,Memantine HCl_Tab 10mg,0411000G0AAAAAA,7,0.029400000000000162
737,Y02519,Memantine HCl_Tab 20mg,0411000G0AAADAD,6,0.029399999999999968
736,L84615,Memantine HCl_Tab 20mg,0411000G0AAADAD,6,0.029399999999999968
735,L84024,Memantine HCl_Tab 20mg,0411000G0AAADAD,6,0.029399999999999968
261,L84017,Paracet_Tab 500mg,0407010H0AAAMAM,7,0.029399999999999822
260,L84017,Paracet_Tab 500mg,0407010H0AAAMAM,7,0.029399999999999822
825,L84052,Pregabalin_Cap 50mg,0408010AEAAABAB,5,0.028000000000000802
830,L84027,Pregabalin_Cap 50mg,0408010AEAAABAB,5,0.028000000000000802
831,L84023,Pregabalin_Cap 50mg,0408010AEAAABAB,5,0.028000000000000802
829,L84054,Pregabalin_Cap 50mg,0408010AEAAABAB,5,0.028000000000000802
828,L84040,Pregabalin_Cap 50mg,0408010AEAAABAB,5,0.028000000000000802
827,L84038,Pregabalin_Cap 50mg,0408010AEAAABAB,5,0.028000000000000802
826,L84017,Pregabalin_Cap 50mg,0408010AEAAABAB,5,0.028000000000000802
824,L84059,Pregabalin_Cap 50mg,0408010AEAAABAB,5,0.028000000000000802
823,L84028,Pregabalin_Cap 50mg,0408010AEAAABAB,5,0.028000000000000802
822,L84021,Pregabalin_Cap 50mg,0408010AEAAABAB,5,0.028000000000000802
821,L84081,Pregabalin_Cap 50mg,0408010AEAAABAB,5,0.028000000000000802
832,L84616,Pregabalin_Cap 50mg,0408010AEAAABAB,5,0.028000000000000802
262,L84047,Paracet_Tab 500mg,0407010H0AAAMAM,8,0.02799999999999983
263,L84047,Paracet_Tab 500mg,0407010H0AAAMAM,8,0.02799999999999983
264,L84070,Paracet_Tab 500mg,0407010H0AAAMAM,10,0.02799999999999983
265,L84070,Paracet_Tab 500mg,0407010H0AAAMAM,10,0.02799999999999983
1299,L84024,Atorvastatin_Tab 10mg,0212000B0AAAAAA,13,0.02730000000000015
1301,L84037,Atorvastatin_Tab 10mg,0212000B0AAAAAA,12,0.02520000000000014
1300,L84027,Atorvastatin_Tab 10mg,0212000B0AAAAAA,12,0.02520000000000014
271,L84020,Paracet_Tab 500mg,0407010H0AAAMAM,9,0.025199999999999848
274,L84005,Paracet_Tab 500mg,0407010H0AAAMAM,9,0.025199999999999848
275,L84060,Paracet_Tab 500mg,0407010H0AAAMAM,9,0.025199999999999848
273,L84016,Paracet_Tab 500mg,0407010H0AAAMAM,9,0.025199999999999848
272,L84060,Paracet_Tab 500mg,0407010H0AAAMAM,9,0.025199999999999848
270,L84028,Paracet_Tab 500mg,0407010H0AAAMAM,6,0.025199999999999848
269,L84005,Paracet_Tab 500mg,0407010H0AAAMAM,9,0.025199999999999848
268,L84028,Paracet_Tab 500mg,0407010H0AAAMAM,6,0.025199999999999848
267,L84016,Paracet_Tab 500mg,0407010H0AAAMAM,9,0.025199999999999848
266,L84020,Paracet_Tab 500mg,0407010H0AAAMAM,9,0.025199999999999848
1215,L84050,Letrozole_Tab 2.5mg,0803041L0AAAAAA,5,0.024500000000000216
739,L84007,Memantine HCl_Tab 20mg,0411000G0AAADAD,5,0.024499999999999973
738,L84060,Memantine HCl_Tab 20mg,0411000G0AAADAD,5,0.024499999999999973
276,L84048,Paracet_Tab 500mg,0407010H0AAAMAM,8,0.023999999999999855
277,L84048,Paracet_Tab 500mg,0407010H0AAAMAM,8,0.023999999999999855
1302,L84053,Atorvastatin_Tab 10mg,0212000B0AAAAAA,11,0.023100000000000127
1303,L84615,Atorvastatin_Tab 10mg,0212000B0AAAAAA,11,0.023100000000000127
835,L84606,Pregabalin_Cap 50mg,0408010AEAAABAB,4,0.02240000000000064
834,L84007,Pregabalin_Cap 50mg,0408010AEAAABAB,4,0.02240000000000064
833,L84036,Pregabalin_Cap 50mg,0408010AEAAABAB,4,0.02240000000000064
279,L84041,Paracet_Tab 500mg,0407010H0AAAMAM,8,0.022399999999999864
281,L84041,Paracet_Tab 500mg,0407010H0AAAMAM,8,0.022399999999999864
280,L84080,Paracet_Tab 500mg,0407010H0AAAMAM,8,0.022399999999999864
278,L84080,Paracet_Tab 500mg,0407010H0AAAMAM,8,0.022399999999999864
1305,L84012,Atorvastatin_Tab 10mg,0212000B0AAAAAA,10,0.021000000000000116
1304,L84060,Atorvastatin_Tab 10mg,0212000B0AAAAAA,10,0.021000000000000116
1054,L84069,Memantine HCl_Tab 10mg,0411000G0AAAAAA,5,0.021000000000000116
282,L84026,Paracet_Tab 500mg,0407010H0AAAMAM,5,0.020999999999999873
284,L84026,Paracet_Tab 500mg,0407010H0AAAMAM,5,0.020999999999999873
285,L84016,Paracet_Tab 500mg,0407010H0AAAMAM,5,0.020999999999999873
286,L84018,Paracet_Tab 500mg,0407010H0AAAMAM,5,0.020999999999999873
287,L84018,Paracet_Tab 500mg,0407010H0AAAMAM,5,0.020999999999999873
283,L84016,Paracet_Tab 500mg,0407010H0AAAMAM,5,0.020999999999999873
836,L84060,Pregabalin_Cap 50mg,0408010AEAAABAB,5,0.02099999999999963
837,L84008,Pregabalin_Cap 50mg,0408010AEAAABAB,5,0.02099999999999963
838,L84011,Pregabalin_Cap 50mg,0408010AEAAABAB,5,0.02099999999999963
1218,L84030,Letrozole_Tab 2.5mg,0803041L0AAAAAA,4,0.019600000000000173
1216,L84014,Letrozole_Tab 2.5mg,0803041L0AAAAAA,4,0.019600000000000173
1225,L84616,Letrozole_Tab 2.5mg,0803041L0AAAAAA,4,0.019600000000000173
1217,L84052,Letrozole_Tab 2.5mg,0803041L0AAAAAA,4,0.019600000000000173
1230,L84081,Letrozole_Tab 2.5mg,0803041L0AAAAAA,4,0.019600000000000173
1229,L84068,Letrozole_Tab 2.5mg,0803041L0AAAAAA,4,0.019600000000000173
1228,L84048,Letrozole_Tab 2.5mg,0803041L0AAAAAA,4,0.019600000000000173
1227,L84036,Letrozole_Tab 2.5mg,0803041L0AAAAAA,4,0.019600000000000173
1226,L84027,Letrozole_Tab 2.5mg,0803041L0AAAAAA,4,0.019600000000000173
1231,L84007,Letrozole_Tab 2.5mg,0803041L0AAAAAA,4,0.019600000000000173
1224,L84070,Letrozole_Tab 2.5mg,0803041L0AAAAAA,4,0.019600000000000173
1223,L84008,Letrozole_Tab 2.5mg,0803041L0AAAAAA,4,0.019600000000000173
1222,L84032,Letrozole_Tab 2.5mg,0803041L0AAAAAA,4,0.019600000000000173
1221,L84069,Letrozole_Tab 2.5mg,0803041L0AAAAAA,4,0.019600000000000173
1220,L84063,Letrozole_Tab 2.5mg,0803041L0AAAAAA,4,0.019600000000000173
1219,L84044,Letrozole_Tab 2.5mg,0803041L0AAAAAA,4,0.019600000000000173
745,L84025,Memantine HCl_Tab 20mg,0411000G0AAADAD,4,0.01959999999999998
742,L84085,Memantine HCl_Tab 20mg,0411000G0AAADAD,4,0.01959999999999998
740,L84028,Memantine HCl_Tab 20mg,0411000G0AAADAD,4,0.01959999999999998
741,L84039,Memantine HCl_Tab 20mg,0411000G0AAADAD,4,0.01959999999999998
744,L84046,Memantine HCl_Tab 20mg,0411000G0AAADAD,4,0.01959999999999998
743,L84616,Memantine HCl_Tab 20mg,0411000G0AAADAD,4,0.01959999999999998
289,L84045,Paracet_Tab 500mg,0407010H0AAAMAM,7,0.01959999999999988
288,L84045,Paracet_Tab 500mg,0407010H0AAAMAM,7,0.01959999999999988
291,L84051,Paracet_Tab 500mg,0407010H0AAAMAM,7,0.01959999999999988
290,L84051,Paracet_Tab 500mg,0407010H0AAAMAM,7,0.01959999999999988
1306,L84007,Atorvastatin_Tab 10mg,0212000B0AAAAAA,9,0.018900000000000104
292,L84037,Paracet_Tab 500mg,0407010H0AAAMAM,13,0.01819999999999989
293,L84037,Paracet_Tab 500mg,0407010H0AAAMAM,13,0.01819999999999989
294,L84047,Paracet_Tab 500mg,0407010H0AAAMAM,3,0.01799999999999989
295,L84047,Paracet_Tab 500mg,0407010H0AAAMAM,3,0.01799999999999989
978,L84056,Paracet_Tab Solb 500mg,0407010H0AAAQAQ,4,0.01680000000000048
843,L84084,Pregabalin_Cap 50mg,0408010AEAAABAB,3,0.01680000000000048
977,L84056,Paracet_Tab Solb 500mg,0407010H0AAAQAQ,4,0.01680000000000048
842,L84033,Pregabalin_Cap 50mg,0408010AEAAABAB,3,0.01680000000000048
844,L84043,Pregabalin_Cap 50mg,0408010AEAAABAB,3,0.01680000000000048
841,L84037,Pregabalin_Cap 50mg,0408010AEAAABAB,3,0.01680000000000048
840,L84070,Pregabalin_Cap 50mg,0408010AEAAABAB,3,0.01680000000000048
839,L84024,Pregabalin_Cap 50mg,0408010AEAAABAB,3,0.01680000000000048
845,L84065,Pregabalin_Cap 50mg,0408010AEAAABAB,3,0.01680000000000048
1055,L84036,Memantine HCl_Tab 10mg,0411000G0AAAAAA,4,0.016800000000000093
1307,L84030,Atorvastatin_Tab 10mg,0212000B0AAAAAA,8,0.016800000000000093
323,L84004,Paracet_Tab 500mg,0407010H0AAAMAM,4,0.0167999999999999
318,L84049,Paracet_Tab 500mg,0407010H0AAAMAM,4,0.0167999999999999
319,L84011,Paracet_Tab 500mg,0407010H0AAAMAM,1,0.0167999999999999
320,L84080,Paracet_Tab 500mg,0407010H0AAAMAM,4,0.0167999999999999
321,L84011,Paracet_Tab 500mg,0407010H0AAAMAM,1,0.0167999999999999
322,L84051,Paracet_Tab 500mg,0407010H0AAAMAM,4,0.0167999999999999
316,L84051,Paracet_Tab 500mg,0407010H0AAAMAM,4,0.0167999999999999
325,L84606,Paracet_Tab 500mg,0407010H0AAAMAM,6,0.0167999999999999
324,L84031,Paracet_Tab 500mg,0407010H0AAAMAM,8,0.0167999999999999
326,Y02519,Paracet_Tab 500mg,0407010H0AAAMAM,6,0.0167999999999999
327,L84063,Paracet_Tab 500mg,0407010H0AAAMAM,4,0.0167999999999999
328,L84004,Paracet_Tab 500mg,0407010H0AAAMAM,4,0.0167999999999999
329,L84067,Paracet_Tab 500mg,0407010H0AAAMAM,1,0.0167999999999999
330,L84045,Paracet_Tab 500mg,0407010H0AAAMAM,12,0.0167999999999999
331,L84070,Paracet_Tab 500mg,0407010H0AAAMAM,4,0.0167999999999999
332,L84031,Paracet_Tab 500mg,0407010H0AAAMAM,4,0.0167999999999999
333,L84080,Paracet_Tab 500mg,0407010H0AAAMAM,4,0.0167999999999999
334,L84021,Paracet_Tab 500mg,0407010H0AAAMAM,4,0.0167999999999999
335,L84070,Paracet_Tab 500mg,0407010H0AAAMAM,4,0.0167999999999999
317,L84063,Paracet_Tab 500mg,0407010H0AAAMAM,4,0.0167999999999999
312,L84031,Paracet_Tab 500mg,0407010H0AAAMAM,8,0.0167999999999999
315,L84028,Paracet_Tab 500mg,0407010H0AAAMAM,6,0.0167999999999999
303,L84606,Paracet_Tab 500mg,0407010H0AAAMAM,6,0.0167999999999999
309,L84069,Paracet_Tab 500mg,0407010H0AAAMAM,4,0.0167999999999999
308,L84045,Paracet_Tab 500mg,0407010H0AAAMAM,12,0.0167999999999999
307,L84067,Paracet_Tab 500mg,0407010H0AAAMAM,1,0.0167999999999999
306,Y02519,Paracet_Tab 500mg,0407010H0AAAMAM,6,0.0167999999999999
305,L84022,Paracet_Tab 500mg,0407010H0AAAMAM,8,0.0167999999999999
304,L84049,Paracet_Tab 500mg,0407010H0AAAMAM,4,0.0167999999999999
302,L84069,Paracet_Tab 500mg,0407010H0AAAMAM,4,0.0167999999999999
311,L84012,Paracet_Tab 500mg,0407010H0AAAMAM,4,0.0167999999999999
301,L84006,Paracet_Tab 500mg,0407010H0AAAMAM,4,0.0167999999999999
300,L84012,Paracet_Tab 500mg,0407010H0AAAMAM,4,0.0167999999999999
299,L84078,Paracet_Tab 500mg,0407010H0AAAMAM,4,0.0167999999999999
314,L84022,Paracet_Tab 500mg,0407010H0AAAMAM,8,0.0167999999999999
297,L84078,Paracet_Tab 500mg,0407010H0AAAMAM,4,0.0167999999999999
296,L84031,Paracet_Tab 500mg,0407010H0AAAMAM,4,0.0167999999999999
310,L84006,Paracet_Tab 500mg,0407010H0AAAMAM,4,0.0167999999999999
298,L84021,Paracet_Tab 500mg,0407010H0AAAMAM,4,0.0167999999999999
313,L84028,Paracet_Tab 500mg,0407010H0AAAMAM,6,0.0167999999999999
851,L84081,Pregabalin_Cap 50mg,0408010AEAAABAB,4,0.016799999999999704
850,L84030,Pregabalin_Cap 50mg,0408010AEAAABAB,4,0.016799999999999704
848,L84067,Pregabalin_Cap 50mg,0408010AEAAABAB,4,0.016799999999999704
847,L84001,Pregabalin_Cap 50mg,0408010AEAAABAB,4,0.016799999999999704
846,L84036,Pregabalin_Cap 50mg,0408010AEAAABAB,4,0.016799999999999704
852,L84049,Pregabalin_Cap 50mg,0408010AEAAABAB,4,0.016799999999999704
853,L84080,Pregabalin_Cap 50mg,0408010AEAAABAB,4,0.016799999999999704
854,L84078,Pregabalin_Cap 50mg,0408010AEAAABAB,4,0.016799999999999704
849,L84014,Pregabalin_Cap 50mg,0408010AEAAABAB,4,0.016799999999999704
1308,L84040,Atorvastatin_Tab 10mg,0212000B0AAAAAA,4,0.01560000000000003
336,L84022,Paracet_Tab 500mg,0407010H0AAAMAM,11,0.015399999999999907
337,L84022,Paracet_Tab 500mg,0407010H0AAAMAM,11,0.015399999999999907
1232,L84028,Letrozole_Tab 2.5mg,0803041L0AAAAAA,3,0.01470000000000013
1310,L84034,Atorvastatin_Tab 10mg,0212000B0AAAAAA,7,0.014700000000000081
1309,L84077,Atorvastatin_Tab 10mg,0212000B0AAAAAA,7,0.014700000000000081
746,L84617,Memantine HCl_Tab 20mg,0411000G0AAADAD,3,0.014699999999999984
338,L84073,Paracet_Tab 500mg,0407010H0AAAMAM,3,0.014400000000000163
339,L84073,Paracet_Tab 500mg,0407010H0AAAMAM,3,0.014400000000000163
855,L84010,Pregabalin_Cap 50mg,0408010AEAAABAB,1,0.014000000000000401
342,L84034,Paracet_Tab 500mg,0407010H0AAAMAM,5,0.013999999999999915
343,L84052,Paracet_Tab 500mg,0407010H0AAAMAM,5,0.013999999999999915
340,L84034,Paracet_Tab 500mg,0407010H0AAAMAM,5,0.013999999999999915
341,L84052,Paracet_Tab 500mg,0407010H0AAAMAM,5,0.013999999999999915
1058,L84026,Memantine HCl_Tab 10mg,0411000G0AAAAAA,3,0.012600000000000361
1057,L84034,Memantine HCl_Tab 10mg,0411000G0AAAAAA,3,0.012600000000000361
1056,L84031,Memantine HCl_Tab 10mg,0411000G0AAAAAA,3,0.012600000000000361
1060,L84047,Memantine HCl_Tab 10mg,0411000G0AAAAAA,3,0.01260000000000007
1059,L84007,Memantine HCl_Tab 10mg,0411000G0AAAAAA,3,0.01260000000000007
1311,L84069,Atorvastatin_Tab 10mg,0212000B0AAAAAA,3,0.01260000000000007
1312,L84065,Atorvastatin_Tab 10mg,0212000B0AAAAAA,6,0.01260000000000007
347,L84039,Paracet_Tab 500mg,0407010H0AAAMAM,3,0.012599999999999924
344,L84044,Paracet_Tab 500mg,0407010H0AAAMAM,3,0.012599999999999924
345,L84039,Paracet_Tab 500mg,0407010H0AAAMAM,3,0.012599999999999924
346,L84044,Paracet_Tab 500mg,0407010H0AAAMAM,3,0.012599999999999924
348,L84081,Paracet_Tab 500mg,0407010H0AAAMAM,3,0.012599999999999924
349,L84081,Paracet_Tab 500mg,0407010H0AAAMAM,3,0.012599999999999924
861,L84047,Pregabalin_Cap 50mg,0408010AEAAABAB,3,0.012599999999999778
860,L84017,Pregabalin_Cap 50mg,0408010AEAAABAB,3,0.012599999999999778
859,L84015,Pregabalin_Cap 50mg,0408010AEAAABAB,3,0.012599999999999778
858,L84012,Pregabalin_Cap 50mg,0408010AEAAABAB,3,0.012599999999999778
857,L84615,Pregabalin_Cap 50mg,0408010AEAAABAB,3,0.012599999999999778
856,L84616,Pregabalin_Cap 50mg,0408010AEAAABAB,3,0.012599999999999778
355,L84011,Paracet_Tab 500mg,0407010H0AAAMAM,2,0.011999999999999927
354,L84003,Paracet_Tab 500mg,0407010H0AAAMAM,2,0.011999999999999927
350,L84017,Paracet_Tab 500mg,0407010H0AAAMAM,2,0.011999999999999927
351,L84050,Paracet_Tab 500mg,0407010H0AAAMAM,2,0.011999999999999927
356,L84085,Paracet_Tab 500mg,0407010H0AAAMAM,2,0.011999999999999927
353,L84011,Paracet_Tab 500mg,0407010H0AAAMAM,2,0.011999999999999927
363,L84017,Paracet_Tab 500mg,0407010H0AAAMAM,2,0.011999999999999927
352,L84085,Paracet_Tab 500mg,0407010H0AAAMAM,2,0.011999999999999927
361,L84050,Paracet_Tab 500mg,0407010H0AAAMAM,2,0.011999999999999927
359,L84037,Paracet_Tab 500mg,0407010H0AAAMAM,2,0.011999999999999927
357,L84003,Paracet_Tab 500mg,0407010H0AAAMAM,2,0.011999999999999927
358,L84080,Paracet_Tab 500mg,0407010H0AAAMAM,2,0.011999999999999927
362,L84080,Paracet_Tab 500mg,0407010H0AAAMAM,2,0.011999999999999927
360,L84037,Paracet_Tab 500mg,0407010H0AAAMAM,2,0.011999999999999927
863,L84077,Pregabalin_Cap 50mg,0408010AEAAABAB,2,0.01120000000000032
864,L84613,Pregabalin_Cap 50mg,0408010AEAAABAB,2,0.01120000000000032
865,L84015,Pregabalin_Cap 50mg,0408010AEAAABAB,2,0.01120000000000032
866,L84078,Pregabalin_Cap 50mg,0408010AEAAABAB,2,0.01120000000000032
867,L84049,Pregabalin_Cap 50mg,0408010AEAAABAB,2,0.01120000000000032
868,L84058,Pregabalin_Cap 50mg,0408010AEAAABAB,2,0.01120000000000032
869,L84048,Pregabalin_Cap 50mg,0408010AEAAABAB,2,0.01120000000000032
870,L84003,Pregabalin_Cap 50mg,0408010AEAAABAB,2,0.01120000000000032
862,L84056,Pregabalin_Cap 50mg,0408010AEAAABAB,2,0.01120000000000032
366,L84077,Paracet_Tab 500mg,0407010H0AAAMAM,4,0.011199999999999932
365,L84063,Paracet_Tab 500mg,0407010H0AAAMAM,4,0.011199999999999932
367,L84046,Paracet_Tab 500mg,0407010H0AAAMAM,4,0.011199999999999932
364,L84615,Paracet_Tab 500mg,0407010H0AAAMAM,4,0.011199999999999932
368,L84085,Paracet_Tab 500mg,0407010H0AAAMAM,8,0.011199999999999932
381,L84046,Paracet_Tab 500mg,0407010H0AAAMAM,4,0.011199999999999932
369,L84068,Paracet_Tab 500mg,0407010H0AAAMAM,4,0.011199999999999932
370,L84058,Paracet_Tab 500mg,0407010H0AAAMAM,4,0.011199999999999932
371,L84012,Paracet_Tab 500mg,0407010H0AAAMAM,4,0.011199999999999932
372,L84012,Paracet_Tab 500mg,0407010H0AAAMAM,4,0.011199999999999932
373,L84077,Paracet_Tab 500mg,0407010H0AAAMAM,4,0.011199999999999932
380,L84085,Paracet_Tab 500mg,0407010H0AAAMAM,8,0.011199999999999932
374,L84081,Paracet_Tab 500mg,0407010H0AAAMAM,4,0.011199999999999932
379,L84058,Paracet_Tab 500mg,0407010H0AAAMAM,4,0.011199999999999932
378,L84068,Paracet_Tab 500mg,0407010H0AAAMAM,4,0.011199999999999932
377,L84063,Paracet_Tab 500mg,0407010H0AAAMAM,4,0.011199999999999932
376,L84615,Paracet_Tab 500mg,0407010H0AAAMAM,4,0.011199999999999932
375,L84081,Paracet_Tab 500mg,0407010H0AAAMAM,4,0.011199999999999932
776,L84065,Atorvastatin_Tab 20mg,0212000B0AAABAB,2,0.01080000000000006
1314,L84001,Atorvastatin_Tab 10mg,0212000B0AAAAAA,5,0.010500000000000058
1313,L84075,Atorvastatin_Tab 10mg,0212000B0AAAAAA,5,0.010500000000000058
1233,L84009,Letrozole_Tab 2.5mg,0803041L0AAAAAA,2,0.009800000000000086
383,L84038,Paracet_Tab 500mg,0407010H0AAAMAM,1,0.009199999999999944
382,L84038,Paracet_Tab 500mg,0407010H0AAAMAM,1,0.009199999999999944
385,L84036,Paracet_Tab 500mg,0407010H0AAAMAM,3,0.008999999999999946
384,L84036,Paracet_Tab 500mg,0407010H0AAAMAM,3,0.008999999999999946
1061,L84008,Memantine HCl_Tab 10mg,0411000G0AAAAAA,2,0.00840000000000024
1062,L84056,Memantine HCl_Tab 10mg,0411000G0AAAAAA,2,0.00840000000000024
1063,L84078,Memantine HCl_Tab 10mg,0411000G0AAAAAA,2,0.00840000000000024
1065,L84041,Memantine HCl_Tab 10mg,0411000G0AAAAAA,2,0.00840000000000024
1064,L84047,Memantine HCl_Tab 10mg,0411000G0AAAAAA,2,0.00840000000000024
1069,L84084,Memantine HCl_Tab 10mg,0411000G0AAAAAA,2,0.00840000000000024
1067,L84004,Memantine HCl_Tab 10mg,0411000G0AAAAAA,2,0.00840000000000024
1068,L84059,Memantine HCl_Tab 10mg,0411000G0AAAAAA,2,0.00840000000000024
1066,L84021,Memantine HCl_Tab 10mg,0411000G0AAAAAA,2,0.00840000000000024
1073,L84065,Memantine HCl_Tab 10mg,0411000G0AAAAAA,2,0.008400000000000046
1318,L84078,Atorvastatin_Tab 10mg,0212000B0AAAAAA,4,0.008400000000000046
1072,L84008,Memantine HCl_Tab 10mg,0411000G0AAAAAA,2,0.008400000000000046
1071,L84024,Memantine HCl_Tab 10mg,0411000G0AAAAAA,2,0.008400000000000046
1317,L84063,Atorvastatin_Tab 10mg,0212000B0AAAAAA,4,0.008400000000000046
1316,L84043,Atorvastatin_Tab 10mg,0212000B0AAAAAA,4,0.008400000000000046
1315,L84080,Atorvastatin_Tab 10mg,0212000B0AAAAAA,4,0.008400000000000046
1070,L84059,Memantine HCl_Tab 10mg,0411000G0AAAAAA,2,0.008400000000000046
402,L84030,Paracet_Tab 500mg,0407010H0AAAMAM,2,0.00839999999999995
401,L84034,Paracet_Tab 500mg,0407010H0AAAMAM,2,0.00839999999999995
403,L84033,Paracet_Tab 500mg,0407010H0AAAMAM,4,0.00839999999999995
399,L84033,Paracet_Tab 500mg,0407010H0AAAMAM,4,0.00839999999999995
400,L84003,Paracet_Tab 500mg,0407010H0AAAMAM,3,0.00839999999999995
390,L84036,Paracet_Tab 500mg,0407010H0AAAMAM,3,0.00839999999999995
398,L84018,Paracet_Tab 500mg,0407010H0AAAMAM,6,0.00839999999999995
392,L84034,Paracet_Tab 500mg,0407010H0AAAMAM,2,0.00839999999999995
396,L84021,Paracet_Tab 500mg,0407010H0AAAMAM,3,0.00839999999999995
395,L84030,Paracet_Tab 500mg,0407010H0AAAMAM,2,0.00839999999999995
386,L84051,Paracet_Tab 500mg,0407010H0AAAMAM,4,0.00839999999999995
387,L84021,Paracet_Tab 500mg,0407010H0AAAMAM,3,0.00839999999999995
388,L84018,Paracet_Tab 500mg,0407010H0AAAMAM,6,0.00839999999999995
389,L84016,Paracet_Tab 500mg,0407010H0AAAMAM,6,0.00839999999999995
394,L84036,Paracet_Tab 500mg,0407010H0AAAMAM,3,0.00839999999999995
391,L84051,Paracet_Tab 500mg,0407010H0AAAMAM,4,0.00839999999999995
397,L84016,Paracet_Tab 500mg,0407010H0AAAMAM,6,0.00839999999999995
393,L84003,Paracet_Tab 500mg,0407010H0AAAMAM,3,0.00839999999999995
872,L84069,Pregabalin_Cap 50mg,0408010AEAAABAB,2,0.008399999999999852
871,Y02519,Pregabalin_Cap 50mg,0408010AEAAABAB,2,0.008399999999999852
873,L84020,Pregabalin_Cap 50mg,0408010AEAAABAB,2,0.008399999999999852
979,L84006,Paracet_Tab Solb 500mg,0407010H0AAAQAQ,2,0.00800000000000023
980,L84006,Paracet_Tab Solb 500mg,0407010H0AAAQAQ,2,0.00800000000000023
405,L84005,Paracet_Tab 500mg,0407010H0AAAMAM,5,0.006999999999999958
404,L84005,Paracet_Tab 500mg,0407010H0AAAMAM,5,0.006999999999999958
407,L84052,Paracet_Tab 500mg,0407010H0AAAMAM,1,0.006899999999999958
406,L84052,Paracet_Tab 500mg,0407010H0AAAMAM,1,0.006899999999999958
777,L84044,Atorvastatin_Tab 20mg,0212000B0AAABAB,1,0.006000000000000172
1350,L84024,Atorvastatin_Tab 40mg,0212000B0AAACAC,1,0.006000000000000172
778,L84003,Atorvastatin_Tab 20mg,0212000B0AAABAB,1,0.006000000000000172
441,L84606,Paracet_Tab 500mg,0407010H0AAAMAM,1,0.005999999999999964
436,L84045,Paracet_Tab 500mg,0407010H0AAAMAM,1,0.005999999999999964
440,L84069,Paracet_Tab 500mg,0407010H0AAAMAM,1,0.005999999999999964
439,L84081,Paracet_Tab 500mg,0407010H0AAAMAM,1,0.005999999999999964
418,L84029,Paracet_Tab 500mg,0407010H0AAAMAM,1,0.005999999999999964
419,L84020,Paracet_Tab 500mg,0407010H0AAAMAM,2,0.005999999999999964
420,L84010,Paracet_Tab 500mg,0407010H0AAAMAM,1,0.005999999999999964
421,L84020,Paracet_Tab 500mg,0407010H0AAAMAM,1,0.005999999999999964
422,L84613,Paracet_Tab 500mg,0407010H0AAAMAM,1,0.005999999999999964
423,L84034,Paracet_Tab 500mg,0407010H0AAAMAM,1,0.005999999999999964
424,L84606,Paracet_Tab 500mg,0407010H0AAAMAM,1,0.005999999999999964
425,L84010,Paracet_Tab 500mg,0407010H0AAAMAM,1,0.005999999999999964
426,L84026,Paracet_Tab 500mg,0407010H0AAAMAM,2,0.005999999999999964
427,L84060,Paracet_Tab 500mg,0407010H0AAAMAM,1,0.005999999999999964
428,L84050,Paracet_Tab 500mg,0407010H0AAAMAM,2,0.005999999999999964
429,L84026,Paracet_Tab 500mg,0407010H0AAAMAM,2,0.005999999999999964
430,L84020,Paracet_Tab 500mg,0407010H0AAAMAM,1,0.005999999999999964
431,L84009,Paracet_Tab 500mg,0407010H0AAAMAM,1,0.005999999999999964
432,L84045,Paracet_Tab 500mg,0407010H0AAAMAM,1,0.005999999999999964
433,L84040,Paracet_Tab 500mg,0407010H0AAAMAM,1,0.005999999999999964
434,L84084,Paracet_Tab 500mg,0407010H0AAAMAM,1,0.005999999999999964
435,L84081,Paracet_Tab 500mg,0407010H0AAAMAM,1,0.005999999999999964
443,L84006,Paracet_Tab 500mg,0407010H0AAAMAM,1,0.005999999999999964
437,L84004,Paracet_Tab 500mg,0407010H0AAAMAM,1,0.005999999999999964
438,L84020,Paracet_Tab 500mg,0407010H0AAAMAM,2,0.005999999999999964
442,L84040,Paracet_Tab 500mg,0407010H0AAAMAM,1,0.005999999999999964
416,L84069,Paracet_Tab 500mg,0407010H0AAAMAM,1,0.005999999999999964
444,L84009,Paracet_Tab 500mg,0407010H0AAAMAM,1,0.005999999999999964
415,L84006,Paracet_Tab 500mg,0407010H0AAAMAM,1,0.005999999999999964
414,L84034,Paracet_Tab 500mg,0407010H0AAAMAM,1,0.005999999999999964
413,L84084,Paracet_Tab 500mg,0407010H0AAAMAM,1,0.005999999999999964
417,L84060,Paracet_Tab 500mg,0407010H0AAAMAM,1,0.005999999999999964
412,L84075,Paracet_Tab 500mg,0407010H0AAAMAM,1,0.005999999999999964
411,L84075,Paracet_Tab 500mg,0407010H0AAAMAM,1,0.005999999999999964
410,L84050,Paracet_Tab 500mg,0407010H0AAAMAM,2,0.005999999999999964
409,L84613,Paracet_Tab 500mg,0407010H0AAAMAM,1,0.005999999999999964
408,L84004,Paracet_Tab 500mg,0407010H0AAAMAM,1,0.005999999999999964
445,L84029,Paracet_Tab 500mg,0407010H0AAAMAM,1,0.005999999999999964
877,L84029,Pregabalin_Cap 50mg,0408010AEAAABAB,1,0.00560000000000016
875,L84075,Pregabalin_Cap 50mg,0408010AEAAABAB,1,0.00560000000000016
876,L84014,Pregabalin_Cap 50mg,0408010AEAAABAB,1,0.00560000000000016
878,Y06048,Pregabalin_Cap 50mg,0408010AEAAABAB,1,0.00560000000000016
879,L84080,Pregabalin_Cap 50mg,0408010AEAAABAB,1,0.00560000000000016
880,L84072,Pregabalin_Cap 50mg,0408010AEAAABAB,1,0.00560000000000016
881,L84085,Pregabalin_Cap 50mg,0408010AEAAABAB,1,0.00560000000000016
882,L84030,Pregabalin_Cap 50mg,0408010AEAAABAB,1,0.00560000000000016
883,L84615,Pregabalin_Cap 50mg,0408010AEAAABAB,1,0.00560000000000016
884,L84006,Pregabalin_Cap 50mg,0408010AEAAABAB,1,0.00560000000000016
885,Y04435,Pregabalin_Cap 50mg,0408010AEAAABAB,1,0.00560000000000016
887,L84022,Pregabalin_Cap 50mg,0408010AEAAABAB,1,0.00560000000000016
888,L84068,Pregabalin_Cap 50mg,0408010AEAAABAB,1,0.00560000000000016
889,L84047,Pregabalin_Cap 50mg,0408010AEAAABAB,1,0.00560000000000016
874,L84016,Pregabalin_Cap 50mg,0408010AEAAABAB,1,0.00560000000000016
886,L84063,Pregabalin_Cap 50mg,0408010AEAAABAB,1,0.00560000000000016
446,L84078,Paracet_Tab 500mg,0407010H0AAAMAM,1,0.005599999999999994
447,L84078,Paracet_Tab 500mg,0407010H0AAAMAM,1,0.005599999999999994
469,L84606,Paracet_Tab 500mg,0407010H0AAAMAM,4,0.005599999999999966
450,L84069,Paracet_Tab 500mg,0407010H0AAAMAM,4,0.005599999999999966
459,L84031,Paracet_Tab 500mg,0407010H0AAAMAM,4,0.005599999999999966
460,L84004,Paracet_Tab 500mg,0407010H0AAAMAM,4,0.005599999999999966
461,L84026,Paracet_Tab 500mg,0407010H0AAAMAM,4,0.005599999999999966
462,L84069,Paracet_Tab 500mg,0407010H0AAAMAM,4,0.005599999999999966
463,L84028,Paracet_Tab 500mg,0407010H0AAAMAM,4,0.005599999999999966
457,L84036,Paracet_Tab 500mg,0407010H0AAAMAM,4,0.005599999999999966
456,L84606,Paracet_Tab 500mg,0407010H0AAAMAM,4,0.005599999999999966
455,L84053,Paracet_Tab 500mg,0407010H0AAAMAM,4,0.005599999999999966
454,L84003,Paracet_Tab 500mg,0407010H0AAAMAM,4,0.005599999999999966
453,L84026,Paracet_Tab 500mg,0407010H0AAAMAM,4,0.005599999999999966
452,L84046,Paracet_Tab 500mg,0407010H0AAAMAM,4,0.005599999999999966
451,L84003,Paracet_Tab 500mg,0407010H0AAAMAM,4,0.005599999999999966
449,L84036,Paracet_Tab 500mg,0407010H0AAAMAM,4,0.005599999999999966
470,L84046,Paracet_Tab 500mg,0407010H0AAAMAM,4,0.005599999999999966
448,L84020,Paracet_Tab 500mg,0407010H0AAAMAM,4,0.005599999999999966
464,L84028,Paracet_Tab 500mg,0407010H0AAAMAM,4,0.005599999999999966
465,L84020,Paracet_Tab 500mg,0407010H0AAAMAM,4,0.005599999999999966
466,L84031,Paracet_Tab 500mg,0407010H0AAAMAM,4,0.005599999999999966
467,L84004,Paracet_Tab 500mg,0407010H0AAAMAM,4,0.005599999999999966
473,L84008,Paracet_Tab 500mg,0407010H0AAAMAM,4,0.005599999999999966
472,L84053,Paracet_Tab 500mg,0407010H0AAAMAM,4,0.005599999999999966
471,L84008,Paracet_Tab 500mg,0407010H0AAAMAM,4,0.005599999999999966
468,L84018,Paracet_Tab 500mg,0407010H0AAAMAM,2,0.005599999999999966
458,L84018,Paracet_Tab 500mg,0407010H0AAAMAM,2,0.005599999999999966
475,L84050,Paracet_Tab 500mg,0407010H0AAAMAM,2,0.004800000000000054
474,L84050,Paracet_Tab 500mg,0407010H0AAAMAM,2,0.004800000000000054
1319,L84041,Atorvastatin_Tab 10mg,0212000B0AAAAAA,1,0.0046
1074,L84018,Memantine HCl_Tab 10mg,0411000G0AAAAAA,1,0.004500000000000025
1183,L84004,Hydrocort_Tab 10mg,0603020J0AAADAD,1,0.004499999999999504
1185,L84071,Hydrocort_Tab 10mg,0603020J0AAADAD,1,0.004499999999999504
1184,L84026,Hydrocort_Tab 10mg,0603020J0AAADAD,1,0.004499999999999504
476,L84040,Paracet_Tab 500mg,0407010H0AAAMAM,1,0.004399999999999973
477,L84040,Paracet_Tab 500mg,0407010H0AAAMAM,1,0.004399999999999973
982,L84615,Paracet_Tab Solb 500mg,0407010H0AAAQAQ,1,0.00420000000000012
1076,L84060,Memantine HCl_Tab 10mg,0411000G0AAAAAA,1,0.00420000000000012
1077,L84010,Memantine HCl_Tab 10mg,0411000G0AAAAAA,1,0.00420000000000012
1078,L84018,Memantine HCl_Tab 10mg,0411000G0AAAAAA,1,0.00420000000000012
1079,L84033,Memantine HCl_Tab 10mg,0411000G0AAAAAA,1,0.00420000000000012
1080,L84001,Memantine HCl_Tab 10mg,0411000G0AAAAAA,1,0.00420000000000012
1081,Y02519,Memantine HCl_Tab 10mg,0411000G0AAAAAA,1,0.00420000000000012
981,L84615,Paracet_Tab Solb 500mg,0407010H0AAAQAQ,1,0.00420000000000012
1075,L84023,Memantine HCl_Tab 10mg,0411000G0AAAAAA,2,0.00420000000000012
1082,L84005,Memantine HCl_Tab 10mg,0411000G0AAAAAA,1,0.00420000000000012
1083,L84049,Memantine HCl_Tab 10mg,0411000G0AAAAAA,1,0.00420000000000012
1084,L84068,Memantine HCl_Tab 10mg,0411000G0AAAAAA,1,0.00420000000000012
1090,L84043,Memantine HCl_Tab 10mg,0411000G0AAAAAA,1,0.004200000000000023
1086,L84056,Memantine HCl_Tab 10mg,0411000G0AAAAAA,1,0.004200000000000023
1321,L84038,Atorvastatin_Tab 10mg,0212000B0AAAAAA,1,0.004200000000000023
1320,L84071,Atorvastatin_Tab 10mg,0212000B0AAAAAA,1,0.004200000000000023
1324,L84053,Atorvastatin_Tab 10mg,0212000B0AAAAAA,1,0.004200000000000023
1325,L84010,Atorvastatin_Tab 10mg,0212000B0AAAAAA,1,0.004200000000000023
1326,L84026,Atorvastatin_Tab 10mg,0212000B0AAAAAA,1,0.004200000000000023
1089,L84001,Memantine HCl_Tab 10mg,0411000G0AAAAAA,1,0.004200000000000023
1088,L84049,Memantine HCl_Tab 10mg,0411000G0AAAAAA,1,0.004200000000000023
1087,L84009,Memantine HCl_Tab 10mg,0411000G0AAAAAA,1,0.004200000000000023
1323,L84058,Atorvastatin_Tab 10mg,0212000B0AAAAAA,1,0.004200000000000023
1091,L84023,Memantine HCl_Tab 10mg,0411000G0AAAAAA,1,0.004200000000000023
1085,L84054,Memantine HCl_Tab 10mg,0411000G0AAAAAA,1,0.004200000000000023
1322,L84018,Atorvastatin_Tab 10mg,0212000B0AAAAAA,1,0.004200000000000023
1092,L84080,Memantine HCl_Tab 10mg,0411000G0AAAAAA,1,0.004200000000000023
480,L84054,Paracet_Tab 500mg,0407010H0AAAMAM,3,0.004199999999999975
478,L84615,Paracet_Tab 500mg,0407010H0AAAMAM,3,0.004199999999999975
482,L84054,Paracet_Tab 500mg,0407010H0AAAMAM,3,0.004199999999999975
483,L84015,Paracet_Tab 500mg,0407010H0AAAMAM,1,0.004199999999999975
484,L84010,Paracet_Tab 500mg,0407010H0AAAMAM,1,0.004199999999999975
485,L84615,Paracet_Tab 500mg,0407010H0AAAMAM,3,0.004199999999999975
481,L84015,Paracet_Tab 500mg,0407010H0AAAMAM,1,0.004199999999999975
479,L84010,Paracet_Tab 500mg,0407010H0AAAMAM,1,0.004199999999999975
747,L84616,Memantine HCl_Tab 20mg,0411000G0AAADAD,1,0.004199999999999975
890,L84028,Pregabalin_Cap 50mg,0408010AEAAABAB,1,0.004199999999999926
891,L84050,Pregabalin_Cap 50mg,0408010AEAAABAB,1,0.004199999999999926
487,L84048,Paracet_Tab 500mg,0407010H0AAAMAM,1,0.0040000000000000105
486,L84048,Paracet_Tab 500mg,0407010H0AAAMAM,1,0.0040000000000000105
892,L84026,Pregabalin_Cap 50mg,0408010AEAAABAB,1,0.003999999999999837
1351,L84041,Atorvastatin_Tab 40mg,0212000B0AAACAC,1,0.003799999999999977
748,L84014,Memantine HCl_Tab 20mg,0411000G0AAADAD,1,0.003499999999999996
983,L84008,Paracet_Tab Solb 500mg,0407010H0AAAQAQ,1,0.0032000000000000917
984,L84008,Paracet_Tab Solb 500mg,0407010H0AAAQAQ,1,0.0032000000000000917
497,L84069,Paracet_Tab 500mg,0407010H0AAAMAM,1,0.002999999999999982
489,L84028,Paracet_Tab 500mg,0407010H0AAAMAM,1,0.002999999999999982
492,L84045,Paracet_Tab 500mg,0407010H0AAAMAM,1,0.002999999999999982
493,L84084,Paracet_Tab 500mg,0407010H0AAAMAM,1,0.002999999999999982
494,L84080,Paracet_Tab 500mg,0407010H0AAAMAM,1,0.002999999999999982
495,L84028,Paracet_Tab 500mg,0407010H0AAAMAM,1,0.002999999999999982
496,L84069,Paracet_Tab 500mg,0407010H0AAAMAM,1,0.002999999999999982
491,L84080,Paracet_Tab 500mg,0407010H0AAAMAM,1,0.002999999999999982
490,L84045,Paracet_Tab 500mg,0407010H0AAAMAM,1,0.002999999999999982
488,L84084,Paracet_Tab 500mg,0407010H0AAAMAM,1,0.002999999999999982
498,L84037,Paracet_Tab 500mg,0407010H0AAAMAM,1,0.002799999999999983
499,L84037,Paracet_Tab 500mg,0407010H0AAAMAM,1,0.002799999999999983
500,L84059,Paracet_Tab 500mg,0407010H0AAAMAM,1,0.002400000000000027
501,L84059,Paracet_Tab 500mg,0407010H0AAAMAM,1,0.002400000000000027
1093,L84036,Memantine HCl_Tab 10mg,0411000G0AAAAAA,1,0.00210000000000006
502,L84021,Paracet_Tab 500mg,0407010H0AAAMAM,1,0.0020999999999999873
503,L84021,Paracet_Tab 500mg,0407010H0AAAMAM,1,0.0020999999999999873
779,L84029,Atorvastatin_Tab 20mg,0212000B0AAABAB,1,0.0020000000000000573
1094,L84054,Memantine HCl_Tab 10mg,0411000G0AAAAAA,1,0.0019000000000000544
780,L84047,Atorvastatin_Tab 20mg,0212000B0AAABAB,1,0.00180000000000001
506,L84050,Paracet_Tab 500mg,0407010H0AAAMAM,1,0.0013999999999999915
507,L84052,Paracet_Tab 500mg,0407010H0AAAMAM,1,0.0013999999999999915
504,L84052,Paracet_Tab 500mg,0407010H0AAAMAM,1,0.0013999999999999915
505,L84050,Paracet_Tab 500mg,0407010H0AAAMAM,1,0.0013999999999999915
512,L84045,Paracet_Tab 500mg,0407010H0AAAMAM,1,-0.0011999999999999997
510,L84045,Paracet_Tab 500mg,0407010H0AAAMAM,1,-0.0011999999999999997
513,L84053,Paracet_Tab 500mg,0407010H0AAAMAM,1,-0.0011999999999999997
514,L84053,Paracet_Tab 500mg,0407010H0AAAMAM,1,-0.0011999999999999997
511,L84068,Paracet_Tab 500mg,0407010H0AAAMAM,1,-0.0011999999999999997
515,L84040,Paracet_Tab 500mg,0407010H0AAAMAM,1,-0.0011999999999999997
509,L84068,Paracet_Tab 500mg,0407010H0AAAMAM,1,-0.0011999999999999997
508,L84040,Paracet_Tab 500mg,0407010H0AAAMAM,1,-0.0011999999999999997
1352,L84056,Atorvastatin_Tab 40mg,0212000B0AAACAC,1,-0.0014999999999999389
1095,L84084,Memantine HCl_Tab 10mg,0411000G0AAAAAA,1,-0.0015999999999999903
1353,L84065,Atorvastatin_Tab 40mg,0212000B0AAACAC,1,-0.002399999999999902
1096,L84084,Memantine HCl_Tab 10mg,0411000G0AAAAAA,1,-0.002799999999999983
1097,L84052,Memantine HCl_Tab 10mg,0411000G0AAAAAA,1,-0.002799999999999983
1098,L84029,Memantine HCl_Tab 10mg,0411000G0AAAAAA,1,-0.002799999999999983
1354,L84616,Atorvastatin_Tab 40mg,0212000B0AAACAC,1,-0.002799999999999997
896,L84044,Pregabalin_Cap 50mg,0408010AEAAABAB,1,-0.00280000000000008
893,L84039,Pregabalin_Cap 50mg,0408010AEAAABAB,1,-0.00280000000000008
894,L84020,Pregabalin_Cap 50mg,0408010AEAAABAB,1,-0.00280000000000008
895,L84053,Pregabalin_Cap 50mg,0408010AEAAABAB,1,-0.00280000000000008
912,L84003,Pregabalin_Cap 50mg,0408010AEAAABAB,1,-0.00280000000000008
897,L84008,Pregabalin_Cap 50mg,0408010AEAAABAB,1,-0.00280000000000008
899,L84006,Pregabalin_Cap 50mg,0408010AEAAABAB,1,-0.00280000000000008
910,L84029,Pregabalin_Cap 50mg,0408010AEAAABAB,1,-0.00280000000000008
909,L84004,Pregabalin_Cap 50mg,0408010AEAAABAB,1,-0.00280000000000008
908,L84012,Pregabalin_Cap 50mg,0408010AEAAABAB,1,-0.00280000000000008
907,L84080,Pregabalin_Cap 50mg,0408010AEAAABAB,1,-0.00280000000000008
906,L84068,Pregabalin_Cap 50mg,0408010AEAAABAB,1,-0.00280000000000008
905,Y05212,Pregabalin_Cap 50mg,0408010AEAAABAB,1,-0.00280000000000008
904,L84081,Pregabalin_Cap 50mg,0408010AEAAABAB,1,-0.00280000000000008
903,L84059,Pregabalin_Cap 50mg,0408010AEAAABAB,1,-0.00280000000000008
902,L84011,Pregabalin_Cap 50mg,0408010AEAAABAB,1,-0.00280000000000008
900,L84073,Pregabalin_Cap 50mg,0408010AEAAABAB,1,-0.00280000000000008
901,L84070,Pregabalin_Cap 50mg,0408010AEAAABAB,1,-0.00280000000000008
898,L84072,Pregabalin_Cap 50mg,0408010AEAAABAB,1,-0.00280000000000008
911,L84060,Pregabalin_Cap 50mg,0408010AEAAABAB,1,-0.00280000000000008
985,L84026,Paracet_Tab Solb 500mg,0407010H0AAAQAQ,1,-0.0029999999999996696
986,L84026,Paracet_Tab Solb 500mg,0407010H0AAAQAQ,1,-0.0029999999999996696
781,L84041,Atorvastatin_Tab 20mg,0212000B0AAABAB,1,-0.0029999999999998778
782,L84617,Atorvastatin_Tab 20mg,0212000B0AAABAB,1,-0.0029999999999998778
1355,L84026,Atorvastatin_Tab 40mg,0212000B0AAACAC,1,-0.0029999999999998778
749,L84077,Memantine HCl_Tab 20mg,0411000G0AAADAD,1,-0.002999999999999947
1328,L84056,Atorvastatin_Tab 10mg,0212000B0AAAAAA,1,-0.002999999999999982
1327,L84053,Atorvastatin_Tab 10mg,0212000B0AAAAAA,1,-0.002999999999999982
1099,L84041,Memantine HCl_Tab 10mg,0411000G0AAAAAA,2,-0.0031999999999999806
1329,L84034,Atorvastatin_Tab 10mg,0212000B0AAAAAA,1,-0.0035999999999999782
1330,L84616,Atorvastatin_Tab 10mg,0212000B0AAAAAA,1,-0.003999999999999976
518,L84006,Paracet_Tab 500mg,0407010H0AAAMAM,1,-0.003999999999999976
519,L84045,Paracet_Tab 500mg,0407010H0AAAMAM,1,-0.003999999999999976
520,L84613,Paracet_Tab 500mg,0407010H0AAAMAM,1,-0.003999999999999976
521,L84006,Paracet_Tab 500mg,0407010H0AAAMAM,1,-0.003999999999999976
522,L84613,Paracet_Tab 500mg,0407010H0AAAMAM,1,-0.003999999999999976
516,L84006,Paracet_Tab 500mg,0407010H0AAAMAM,2,-0.003999999999999976
523,L84006,Paracet_Tab 500mg,0407010H0AAAMAM,2,-0.003999999999999976
517,L84045,Paracet_Tab 500mg,0407010H0AAAMAM,1,-0.003999999999999976
1100,L84059,Memantine HCl_Tab 10mg,0411000G0AAAAAA,1,-0.004399999999999973
1101,L84003,Memantine HCl_Tab 10mg,0411000G0AAAAAA,4,-0.004799999999999971
525,L84072,Paracet_Tab 500mg,0407010H0AAAMAM,1,-0.004799999999999971
524,L84072,Paracet_Tab 500mg,0407010H0AAAMAM,1,-0.004799999999999971
1102,L84043,Memantine HCl_Tab 10mg,0411000G0AAAAAA,1,-0.004799999999999971
1103,L84615,Memantine HCl_Tab 10mg,0411000G0AAAAAA,2,-0.005599999999999966
529,L84078,Paracet_Tab 500mg,0407010H0AAAMAM,1,-0.005599999999999966
528,L84034,Paracet_Tab 500mg,0407010H0AAAMAM,1,-0.005599999999999966
527,L84034,Paracet_Tab 500mg,0407010H0AAAMAM,1,-0.005599999999999966
526,L84078,Paracet_Tab 500mg,0407010H0AAAMAM,1,-0.005599999999999966
913,L84045,Pregabalin_Cap 50mg,0408010AEAAABAB,2,-0.005599999999999966
914,L84068,Pregabalin_Cap 50mg,0408010AEAAABAB,2,-0.005599999999999966
919,L84031,Pregabalin_Cap 50mg,0408010AEAAABAB,2,-0.00560000000000016
925,L84069,Pregabalin_Cap 50mg,0408010AEAAABAB,2,-0.00560000000000016
924,L84054,Pregabalin_Cap 50mg,0408010AEAAABAB,2,-0.00560000000000016
923,L84017,Pregabalin_Cap 50mg,0408010AEAAABAB,2,-0.00560000000000016
922,L84036,Pregabalin_Cap 50mg,0408010AEAAABAB,2,-0.00560000000000016
921,L84056,Pregabalin_Cap 50mg,0408010AEAAABAB,2,-0.00560000000000016
920,L84009,Pregabalin_Cap 50mg,0408010AEAAABAB,2,-0.00560000000000016
926,L84001,Pregabalin_Cap 50mg,0408010AEAAABAB,2,-0.00560000000000016
918,L84617,Pregabalin_Cap 50mg,0408010AEAAABAB,2,-0.00560000000000016
916,L84043,Pregabalin_Cap 50mg,0408010AEAAABAB,2,-0.00560000000000016
915,L84077,Pregabalin_Cap 50mg,0408010AEAAABAB,2,-0.00560000000000016
917,L84084,Pregabalin_Cap 50mg,0408010AEAAABAB,2,-0.00560000000000016
997,L84075,Paracet_Tab Solb 500mg,0407010H0AAAQAQ,1,-0.005999999999999339
1002,L84060,Paracet_Tab Solb 500mg,0407010H0AAAQAQ,1,-0.005999999999999339
1001,L84007,Paracet_Tab Solb 500mg,0407010H0AAAQAQ,1,-0.005999999999999339
989,L84052,Paracet_Tab Solb 500mg,0407010H0AAAQAQ,1,-0.005999999999999339
1000,L84065,Paracet_Tab Solb 500mg,0407010H0AAAQAQ,1,-0.005999999999999339
999,L84007,Paracet_Tab Solb 500mg,0407010H0AAAQAQ,1,-0.005999999999999339
998,L84037,Paracet_Tab Solb 500mg,0407010H0AAAQAQ,1,-0.005999999999999339
988,L84017,Paracet_Tab Solb 500mg,0407010H0AAAQAQ,1,-0.005999999999999339
996,L84078,Paracet_Tab Solb 500mg,0407010H0AAAQAQ,1,-0.005999999999999339
990,L84015,Paracet_Tab Solb 500mg,0407010H0AAAQAQ,1,-0.005999999999999339
994,L84075,Paracet_Tab Solb 500mg,0407010H0AAAQAQ,1,-0.005999999999999339
993,L84026,Paracet_Tab Solb 500mg,0407010H0AAAQAQ,1,-0.005999999999999339
992,L84038,Paracet_Tab Solb 500mg,0407010H0AAAQAQ,1,-0.005999999999999339
991,L84060,Paracet_Tab Solb 500mg,0407010H0AAAQAQ,1,-0.005999999999999339
995,L84017,Paracet_Tab Solb 500mg,0407010H0AAAQAQ,1,-0.005999999999999339
1005,L84041,Paracet_Tab Solb 500mg,0407010H0AAAQAQ,1,-0.005999999999999339
987,L84065,Paracet_Tab Solb 500mg,0407010H0AAAQAQ,1,-0.005999999999999339
1006,L84008,Paracet_Tab Solb 500mg,0407010H0AAAQAQ,1,-0.005999999999999339
1004,L84029,Paracet_Tab Solb 500mg,0407010H0AAAQAQ,1,-0.005999999999999339
1018,L84037,Paracet_Tab Solb 500mg,0407010H0AAAQAQ,1,-0.005999999999999339
1017,L84067,Paracet_Tab Solb 500mg,0407010H0AAAQAQ,1,-0.005999999999999339
1016,L84008,Paracet_Tab Solb 500mg,0407010H0AAAQAQ,1,-0.005999999999999339
1015,L84026,Paracet_Tab Solb 500mg,0407010H0AAAQAQ,1,-0.005999999999999339
1014,L84078,Paracet_Tab Solb 500mg,0407010H0AAAQAQ,1,-0.005999999999999339
1013,L84067,Paracet_Tab Solb 500mg,0407010H0AAAQAQ,1,-0.005999999999999339
1012,L84038,Paracet_Tab Solb 500mg,0407010H0AAAQAQ,1,-0.005999999999999339
1011,L84052,Paracet_Tab Solb 500mg,0407010H0AAAQAQ,1,-0.005999999999999339
1010,L84034,Paracet_Tab Solb 500mg,0407010H0AAAQAQ,1,-0.005999999999999339
1009,L84015,Paracet_Tab Solb 500mg,0407010H0AAAQAQ,1,-0.005999999999999339
1008,L84029,Paracet_Tab Solb 500mg,0407010H0AAAQAQ,1,-0.005999999999999339
1007,L84041,Paracet_Tab Solb 500mg,0407010H0AAAQAQ,1,-0.005999999999999339
1003,L84034,Paracet_Tab Solb 500mg,0407010H0AAAQAQ,1,-0.005999999999999339
783,L84010,Atorvastatin_Tab 20mg,0212000B0AAABAB,2,-0.0059999999999997555
1336,L84044,Atorvastatin_Tab 10mg,0212000B0AAAAAA,1,-0.005999999999999964
1335,L84606,Atorvastatin_Tab 10mg,0212000B0AAAAAA,2,-0.005999999999999964
1334,L84034,Atorvastatin_Tab 10mg,0212000B0AAAAAA,1,-0.005999999999999964
1333,L84027,Atorvastatin_Tab 10mg,0212000B0AAAAAA,2,-0.005999999999999964
1332,L84065,Atorvastatin_Tab 10mg,0212000B0AAAAAA,1,-0.005999999999999964
1331,L84606,Atorvastatin_Tab 10mg,0212000B0AAAAAA,1,-0.005999999999999964
1104,L84026,Memantine HCl_Tab 10mg,0411000G0AAAAAA,1,-0.006000000000000172
1019,L84065,Paracet_Tab Solb 500mg,0407010H0AAAQAQ,2,-0.006399999999999295
1020,L84065,Paracet_Tab Solb 500mg,0407010H0AAAQAQ,2,-0.006399999999999295
1105,L84070,Memantine HCl_Tab 10mg,0411000G0AAAAAA,4,-0.006399999999999961
1106,L84012,Memantine HCl_Tab 10mg,0411000G0AAAAAA,4,-0.006399999999999961
1107,L84040,Memantine HCl_Tab 10mg,0411000G0AAAAAA,4,-0.006399999999999961
1186,L84040,Hydrocort_Tab 10mg,0603020J0AAADAD,4,-0.007199999999999207
1108,L84010,Memantine HCl_Tab 10mg,0411000G0AAAAAA,5,-0.007999999999999952
1109,L84613,Memantine HCl_Tab 10mg,0411000G0AAAAAA,3,-0.00839999999999995
927,L84017,Pregabalin_Cap 50mg,0408010AEAAABAB,3,-0.00839999999999995
1110,L84034,Memantine HCl_Tab 10mg,0411000G0AAAAAA,3,-0.00839999999999995
930,L84052,Pregabalin_Cap 50mg,0408010AEAAABAB,3,-0.00840000000000024
929,L84045,Pregabalin_Cap 50mg,0408010AEAAABAB,3,-0.00840000000000024
928,L84005,Pregabalin_Cap 50mg,0408010AEAAABAB,3,-0.00840000000000024
1337,L84034,Atorvastatin_Tab 10mg,0212000B0AAAAAA,1,-0.008999999999999946
1111,L84021,Memantine HCl_Tab 10mg,0411000G0AAAAAA,6,-0.009599999999999942
1112,L84053,Memantine HCl_Tab 10mg,0411000G0AAAAAA,6,-0.009599999999999942
1187,L84016,Hydrocort_Tab 10mg,0603020J0AAADAD,5,-0.010999999999998789
1188,L84017,Hydrocort_Tab 10mg,0603020J0AAADAD,1,-0.011199999999998766
1192,L84049,Hydrocort_Tab 10mg,0603020J0AAADAD,1,-0.011199999999998766
1191,L84014,Hydrocort_Tab 10mg,0603020J0AAADAD,1,-0.011199999999998766
1189,L84077,Hydrocort_Tab 10mg,0603020J0AAADAD,1,-0.011199999999998766
1190,L84020,Hydrocort_Tab 10mg,0603020J0AAADAD,1,-0.011199999999998766
1193,L84040,Hydrocort_Tab 10mg,0603020J0AAADAD,1,-0.011199999999998766
1115,L84080,Memantine HCl_Tab 10mg,0411000G0AAAAAA,4,-0.011199999999999932
1114,L84067,Memantine HCl_Tab 10mg,0411000G0AAAAAA,4,-0.011199999999999932
1113,L84050,Memantine HCl_Tab 10mg,0411000G0AAAAAA,7,-0.011199999999999932
1116,L84017,Memantine HCl_Tab 10mg,0411000G0AAAAAA,4,-0.011199999999999932
1117,L84068,Memantine HCl_Tab 10mg,0411000G0AAAAAA,4,-0.011199999999999932
1118,L84043,Memantine HCl_Tab 10mg,0411000G0AAAAAA,4,-0.011199999999999932
1119,L84005,Memantine HCl_Tab 10mg,0411000G0AAAAAA,4,-0.011199999999999932
530,L84065,Paracet_Tab 500mg,0407010H0AAAMAM,2,-0.011199999999999932
531,L84065,Paracet_Tab 500mg,0407010H0AAAMAM,2,-0.011199999999999932
937,L84058,Pregabalin_Cap 50mg,0408010AEAAABAB,4,-0.011199999999999932
935,L84029,Pregabalin_Cap 50mg,0408010AEAAABAB,4,-0.011199999999999932
931,L84050,Pregabalin_Cap 50mg,0408010AEAAABAB,4,-0.011199999999999932
932,L84016,Pregabalin_Cap 50mg,0408010AEAAABAB,4,-0.011199999999999932
941,L84053,Pregabalin_Cap 50mg,0408010AEAAABAB,4,-0.011199999999999932
940,L84043,Pregabalin_Cap 50mg,0408010AEAAABAB,4,-0.011199999999999932
939,L84031,Pregabalin_Cap 50mg,0408010AEAAABAB,4,-0.011199999999999932
938,L84613,Pregabalin_Cap 50mg,0408010AEAAABAB,4,-0.011199999999999932
933,L84010,Pregabalin_Cap 50mg,0408010AEAAABAB,4,-0.011199999999999932
936,L84026,Pregabalin_Cap 50mg,0408010AEAAABAB,4,-0.011199999999999932
934,L84003,Pregabalin_Cap 50mg,0408010AEAAABAB,4,-0.011199999999999932
942,L84010,Pregabalin_Cap 50mg,0408010AEAAABAB,4,-0.01120000000000032
943,L84026,Pregabalin_Cap 50mg,0408010AEAAABAB,4,-0.01120000000000032
945,L84051,Pregabalin_Cap 50mg,0408010AEAAABAB,4,-0.01120000000000032
944,L84050,Pregabalin_Cap 50mg,0408010AEAAABAB,4,-0.01120000000000032
1027,L84033,Paracet_Tab Solb 500mg,0407010H0AAAQAQ,2,-0.011999999999998678
1028,Y02519,Paracet_Tab Solb 500mg,0407010H0AAAQAQ,2,-0.011999999999998678
1025,L84058,Paracet_Tab Solb 500mg,0407010H0AAAQAQ,2,-0.011999999999998678
1026,L84045,Paracet_Tab Solb 500mg,0407010H0AAAQAQ,2,-0.011999999999998678
1021,L84045,Paracet_Tab Solb 500mg,0407010H0AAAQAQ,2,-0.011999999999998678
1022,L84021,Paracet_Tab Solb 500mg,0407010H0AAAQAQ,2,-0.011999999999998678
1029,L84033,Paracet_Tab Solb 500mg,0407010H0AAAQAQ,2,-0.011999999999998678
1023,L84021,Paracet_Tab Solb 500mg,0407010H0AAAQAQ,2,-0.011999999999998678
1030,L84058,Paracet_Tab Solb 500mg,0407010H0AAAQAQ,2,-0.011999999999998678
1024,Y02519,Paracet_Tab Solb 500mg,0407010H0AAAQAQ,2,-0.011999999999998678
533,L84617,Paracet_Tab 500mg,0407010H0AAAMAM,3,-0.011999999999999927
532,L84617,Paracet_Tab 500mg,0407010H0AAAMAM,3,-0.011999999999999927
1338,L84040,Atorvastatin_Tab 10mg,0212000B0AAAAAA,8,-0.012799999999999923
1195,L84048,Hydrocort_Tab 10mg,0603020J0AAADAD,1,-0.013999999999998458
1194,L84037,Hydrocort_Tab 10mg,0603020J0AAADAD,1,-0.013999999999998458
1120,L84077,Memantine HCl_Tab 10mg,0411000G0AAAAAA,5,-0.013999999999999915
947,L84004,Pregabalin_Cap 50mg,0408010AEAAABAB,5,-0.013999999999999915
949,L84018,Pregabalin_Cap 50mg,0408010AEAAABAB,5,-0.013999999999999915
948,L84060,Pregabalin_Cap 50mg,0408010AEAAABAB,5,-0.013999999999999915
1121,L84020,Memantine HCl_Tab 10mg,0411000G0AAAAAA,5,-0.013999999999999915
950,L84014,Pregabalin_Cap 50mg,0408010AEAAABAB,5,-0.013999999999999915
946,L84040,Pregabalin_Cap 50mg,0408010AEAAABAB,5,-0.013999999999999915
951,L84071,Pregabalin_Cap 50mg,0408010AEAAABAB,5,-0.014000000000000401
1122,L84015,Memantine HCl_Tab 10mg,0411000G0AAAAAA,9,-0.014399999999999913
1123,L84048,Memantine HCl_Tab 10mg,0411000G0AAAAAA,10,-0.015999999999999903
534,L84026,Paracet_Tab 500mg,0407010H0AAAMAM,4,-0.015999999999999903
535,L84026,Paracet_Tab 500mg,0407010H0AAAMAM,4,-0.015999999999999903
1125,L84010,Memantine HCl_Tab 10mg,0411000G0AAAAAA,6,-0.0167999999999999
1124,L84007,Memantine HCl_Tab 10mg,0411000G0AAAAAA,6,-0.0167999999999999
952,L84084,Pregabalin_Cap 50mg,0408010AEAAABAB,6,-0.0167999999999999
953,L84034,Pregabalin_Cap 50mg,0408010AEAAABAB,6,-0.01680000000000048
1130,L84085,Memantine HCl_Tab 10mg,0411000G0AAAAAA,4,-0.017599999999999894
1129,L84037,Memantine HCl_Tab 10mg,0411000G0AAAAAA,4,-0.017599999999999894
1128,L84047,Memantine HCl_Tab 10mg,0411000G0AAAAAA,4,-0.017599999999999894
1127,L84049,Memantine HCl_Tab 10mg,0411000G0AAAAAA,4,-0.017599999999999894
1126,L84045,Memantine HCl_Tab 10mg,0411000G0AAAAAA,4,-0.017599999999999894
1033,L84063,Paracet_Tab Solb 500mg,0407010H0AAAQAQ,3,-0.017999999999998018
1034,L84006,Paracet_Tab Solb 500mg,0407010H0AAAQAQ,3,-0.017999999999998018
1035,L84615,Paracet_Tab Solb 500mg,0407010H0AAAQAQ,3,-0.017999999999998018
1036,L84006,Paracet_Tab Solb 500mg,0407010H0AAAQAQ,3,-0.017999999999998018
1031,L84615,Paracet_Tab Solb 500mg,0407010H0AAAQAQ,3,-0.017999999999998018
1032,L84063,Paracet_Tab Solb 500mg,0407010H0AAAQAQ,3,-0.017999999999998018
536,L84040,Paracet_Tab 500mg,0407010H0AAAMAM,4,-0.019199999999999884
537,L84040,Paracet_Tab 500mg,0407010H0AAAMAM,4,-0.019199999999999884
954,L84069,Pregabalin_Cap 50mg,0408010AEAAABAB,7,-0.01959999999999988
1136,L84012,Memantine HCl_Tab 10mg,0411000G0AAAAAA,7,-0.01959999999999988
1132,L84045,Memantine HCl_Tab 10mg,0411000G0AAAAAA,7,-0.01959999999999988
1133,L84606,Memantine HCl_Tab 10mg,0411000G0AAAAAA,7,-0.01959999999999988
1131,L84072,Memantine HCl_Tab 10mg,0411000G0AAAAAA,7,-0.01959999999999988
1135,L84049,Memantine HCl_Tab 10mg,0411000G0AAAAAA,7,-0.01959999999999988
1134,L84085,Memantine HCl_Tab 10mg,0411000G0AAAAAA,7,-0.01959999999999988
955,L84040,Pregabalin_Cap 50mg,0408010AEAAABAB,7,-0.01960000000000056
956,L84032,Pregabalin_Cap 50mg,0408010AEAAABAB,7,-0.01960000000000056
1196,L84049,Hydrocort_Tab 10mg,0603020J0AAADAD,1,-0.019999999999997797
1137,L84058,Memantine HCl_Tab 10mg,0411000G0AAAAAA,13,-0.020799999999999874
1138,L84081,Memantine HCl_Tab 10mg,0411000G0AAAAAA,5,-0.021999999999999867
1198,L84023,Hydrocort_Tab 10mg,0603020J0AAADAD,2,-0.022399999999997533
1197,L84008,Hydrocort_Tab 10mg,0603020J0AAADAD,2,-0.022399999999997533
1199,L84047,Hydrocort_Tab 10mg,0603020J0AAADAD,2,-0.022399999999997533
1200,L84041,Hydrocort_Tab 10mg,0603020J0AAADAD,2,-0.022399999999997533
1201,L84050,Hydrocort_Tab 10mg,0603020J0AAADAD,2,-0.022399999999997533
1202,L84026,Hydrocort_Tab 10mg,0603020J0AAADAD,2,-0.022399999999997533
540,L84005,Paracet_Tab 500mg,0407010H0AAAMAM,4,-0.022399999999999864
1139,L84025,Memantine HCl_Tab 10mg,0411000G0AAAAAA,8,-0.022399999999999864
1140,L84030,Memantine HCl_Tab 10mg,0411000G0AAAAAA,8,-0.022399999999999864
539,L84606,Paracet_Tab 500mg,0407010H0AAAMAM,4,-0.022399999999999864
1141,L84008,Memantine HCl_Tab 10mg,0411000G0AAAAAA,8,-0.022399999999999864
538,L84054,Paracet_Tab 500mg,0407010H0AAAMAM,4,-0.022399999999999864
957,L84037,Pregabalin_Cap 50mg,0408010AEAAABAB,8,-0.022399999999999864
541,L84606,Paracet_Tab 500mg,0407010H0AAAMAM,4,-0.022399999999999864
542,L84005,Paracet_Tab 500mg,0407010H0AAAMAM,4,-0.022399999999999864
543,L84054,Paracet_Tab 500mg,0407010H0AAAMAM,4,-0.022399999999999864
1143,L84011,Memantine HCl_Tab 10mg,0411000G0AAAAAA,9,-0.025199999999999848
1142,L84014,Memantine HCl_Tab 10mg,0411000G0AAAAAA,9,-0.025199999999999848
1144,L84036,Memantine HCl_Tab 10mg,0411000G0AAAAAA,6,-0.02639999999999984
546,L84068,Paracet_Tab 500mg,0407010H0AAAMAM,5,-0.02799999999999983
547,L84068,Paracet_Tab 500mg,0407010H0AAAMAM,5,-0.02799999999999983
544,L84006,Paracet_Tab 500mg,0407010H0AAAMAM,5,-0.02799999999999983
545,L84006,Paracet_Tab 500mg,0407010H0AAAMAM,5,-0.02799999999999983
548,L84025,Paracet_Tab 500mg,0407010H0AAAMAM,6,-0.028799999999999826
549,L84025,Paracet_Tab 500mg,0407010H0AAAMAM,6,-0.028799999999999826
1038,L84028,Paracet_Tab Solb 500mg,0407010H0AAAQAQ,5,-0.029999999999996696
1037,L84028,Paracet_Tab Solb 500mg,0407010H0AAAQAQ,5,-0.029999999999996696
1145,L84015,Memantine HCl_Tab 10mg,0411000G0AAAAAA,11,-0.030799999999999814
551,L84023,Paracet_Tab 500mg,0407010H0AAAMAM,6,-0.0335999999999998
550,L84023,Paracet_Tab 500mg,0407010H0AAAMAM,6,-0.0335999999999998
1148,L84021,Memantine HCl_Tab 10mg,0411000G0AAAAAA,12,-0.0335999999999998
1147,L84037,Memantine HCl_Tab 10mg,0411000G0AAAAAA,12,-0.0335999999999998
1146,Y02519,Memantine HCl_Tab 10mg,0411000G0AAAAAA,12,-0.0335999999999998
1151,L84014,Memantine HCl_Tab 10mg,0411000G0AAAAAA,8,-0.03519999999999979
1149,L84018,Memantine HCl_Tab 10mg,0411000G0AAAAAA,8,-0.03519999999999979
1150,L84041,Memantine HCl_Tab 10mg,0411000G0AAAAAA,8,-0.03519999999999979
1152,L84009,Memantine HCl_Tab 10mg,0411000G0AAAAAA,13,-0.03639999999999978
555,L84075,Paracet_Tab 500mg,0407010H0AAAMAM,7,-0.03919999999999976
552,Y00271,Paracet_Tab 500mg,0407010H0AAAMAM,7,-0.03919999999999976
553,Y00271,Paracet_Tab 500mg,0407010H0AAAMAM,7,-0.03919999999999976
554,L84075,Paracet_Tab 500mg,0407010H0AAAMAM,7,-0.03919999999999976
1153,L84069,Memantine HCl_Tab 10mg,0411000G0AAAAAA,14,-0.03919999999999976
958,L84009,Pregabalin_Cap 50mg,0408010AEAAABAB,14,-0.03919999999999976
557,L84613,Paracet_Tab 500mg,0407010H0AAAMAM,8,-0.04479999999999973
556,L84613,Paracet_Tab 500mg,0407010H0AAAMAM,8,-0.04479999999999973
1154,L84616,Memantine HCl_Tab 10mg,0411000G0AAAAAA,5,-0.04550000000000009
1156,L84081,Memantine HCl_Tab 10mg,0411000G0AAAAAA,17,-0.04759999999999971
1155,L84028,Memantine HCl_Tab 10mg,0411000G0AAAAAA,17,-0.04759999999999971
1157,L84004,Memantine HCl_Tab 10mg,0411000G0AAAAAA,18,-0.050399999999999695
559,L84052,Paracet_Tab 500mg,0407010H0AAAMAM,9,-0.050399999999999695
558,L84052,Paracet_Tab 500mg,0407010H0AAAMAM,9,-0.050399999999999695
1158,L84033,Memantine HCl_Tab 10mg,0411000G0AAAAAA,12,-0.05279999999999968
1159,L84040,Memantine HCl_Tab 10mg,0411000G0AAAAAA,19,-0.05319999999999968
1160,L84022,Memantine HCl_Tab 10mg,0411000G0AAAAAA,20,-0.05599999999999966
560,L84063,Paracet_Tab 500mg,0407010H0AAAMAM,10,-0.05599999999999966
561,L84063,Paracet_Tab 500mg,0407010H0AAAMAM,10,-0.05599999999999966
1161,L84056,Memantine HCl_Tab 10mg,0411000G0AAAAAA,20,-0.05599999999999966
565,L84037,Paracet_Tab 500mg,0407010H0AAAMAM,11,-0.06159999999999963
564,L84043,Paracet_Tab 500mg,0407010H0AAAMAM,11,-0.06159999999999963
563,L84043,Paracet_Tab 500mg,0407010H0AAAMAM,11,-0.06159999999999963
562,L84037,Paracet_Tab 500mg,0407010H0AAAMAM,11,-0.06159999999999963
1163,L84041,Memantine HCl_Tab 10mg,0411000G0AAAAAA,22,-0.06159999999999963
1162,L84071,Memantine HCl_Tab 10mg,0411000G0AAAAAA,22,-0.06159999999999963
1164,L84033,Memantine HCl_Tab 10mg,0411000G0AAAAAA,23,-0.06439999999999961
1165,L84059,Memantine HCl_Tab 10mg,0411000G0AAAAAA,24,-0.0671999999999996
1166,L84038,Memantine HCl_Tab 10mg,0411000G0AAAAAA,16,-0.07039999999999957
566,L84616,Paracet_Tab 500mg,0407010H0AAAMAM,13,-0.07279999999999956
1167,L84047,Memantine HCl_Tab 10mg,0411000G0AAAAAA,26,-0.07279999999999956
1168,L84058,Memantine HCl_Tab 10mg,0411000G0AAAAAA,26,-0.07279999999999956
567,L84616,Paracet_Tab 500mg,0407010H0AAAMAM,13,-0.07279999999999956
571,L84051,Paracet_Tab 500mg,0407010H0AAAMAM,15,-0.08399999999999949
570,L84015,Paracet_Tab 500mg,0407010H0AAAMAM,15,-0.08399999999999949
569,L84015,Paracet_Tab 500mg,0407010H0AAAMAM,15,-0.08399999999999949
568,L84051,Paracet_Tab 500mg,0407010H0AAAMAM,15,-0.08399999999999949
1169,L84050,Memantine HCl_Tab 10mg,0411000G0AAAAAA,30,-0.08399999999999949
574,L84025,Paracet_Tab 500mg,0407010H0AAAMAM,16,-0.08959999999999946
575,L84028,Paracet_Tab 500mg,0407010H0AAAMAM,16,-0.08959999999999946
573,L84028,Paracet_Tab 500mg,0407010H0AAAMAM,16,-0.08959999999999946
572,L84025,Paracet_Tab 500mg,0407010H0AAAMAM,16,-0.08959999999999946
1170,L84031,Memantine HCl_Tab 10mg,0411000G0AAAAAA,32,-0.08959999999999946
1171,L84038,Memantine HCl_Tab 10mg,0411000G0AAAAAA,35,-0.09799999999999941
577,L84071,Paracet_Tab 500mg,0407010H0AAAMAM,18,-0.10079999999999939
576,L84071,Paracet_Tab 500mg,0407010H0AAAMAM,18,-0.10079999999999939
1172,L84026,Memantine HCl_Tab 10mg,0411000G0AAAAAA,39,-0.10919999999999934
581,L84018,Paracet_Tab 500mg,0407010H0AAAMAM,20,-0.11199999999999932
580,L84080,Paracet_Tab 500mg,0407010H0AAAMAM,20,-0.11199999999999932
579,L84018,Paracet_Tab 500mg,0407010H0AAAMAM,20,-0.11199999999999932
578,L84080,Paracet_Tab 500mg,0407010H0AAAMAM,20,-0.11199999999999932
583,L84014,Paracet_Tab 500mg,0407010H0AAAMAM,22,-0.12319999999999925
1173,L84003,Memantine HCl_Tab 10mg,0411000G0AAAAAA,44,-0.12319999999999925
582,L84014,Paracet_Tab 500mg,0407010H0AAAMAM,22,-0.12319999999999925
585,L84045,Paracet_Tab 500mg,0407010H0AAAMAM,24,-0.1343999999999992
584,L84615,Paracet_Tab 500mg,0407010H0AAAMAM,24,-0.1343999999999992
586,L84045,Paracet_Tab 500mg,0407010H0AAAMAM,24,-0.1343999999999992
587,L84615,Paracet_Tab 500mg,0407010H0AAAMAM,24,-0.1343999999999992
588,L84020,Paracet_Tab 500mg,0407010H0AAAMAM,25,-0.13999999999999915
589,L84020,Paracet_Tab 500mg,0407010H0AAAMAM,25,-0.13999999999999915
591,L84051,Paracet_Tab 500mg,0407010H0AAAMAM,4,-0.14079999999999981
590,L84051,Paracet_Tab 500mg,0407010H0AAAMAM,4,-0.14079999999999981
594,L84016,Paracet_Tab 500mg,0407010H0AAAMAM,26,-0.14559999999999912
595,L84069,Paracet_Tab 500mg,0407010H0AAAMAM,26,-0.14559999999999912
593,L84016,Paracet_Tab 500mg,0407010H0AAAMAM,26,-0.14559999999999912
592,L84069,Paracet_Tab 500mg,0407010H0AAAMAM,26,-0.14559999999999912
597,L84032,Paracet_Tab 500mg,0407010H0AAAMAM,27,-0.15119999999999909
596,L84032,Paracet_Tab 500mg,0407010H0AAAMAM,27,-0.15119999999999909
598,L84024,Paracet_Tab 500mg,0407010H0AAAMAM,28,-0.15679999999999905
599,L84024,Paracet_Tab 500mg,0407010H0AAAMAM,28,-0.15679999999999905
600,L84056,Paracet_Tab 500mg,0407010H0AAAMAM,29,-0.16239999999999902
601,L84056,Paracet_Tab 500mg,0407010H0AAAMAM,29,-0.16239999999999902
605,L84060,Paracet_Tab 500mg,0407010H0AAAMAM,30,-0.16799999999999898
602,L84060,Paracet_Tab 500mg,0407010H0AAAMAM,30,-0.16799999999999898
603,L84058,Paracet_Tab 500mg,0407010H0AAAMAM,30,-0.16799999999999898
604,L84049,Paracet_Tab 500mg,0407010H0AAAMAM,30,-0.16799999999999898
607,L84049,Paracet_Tab 500mg,0407010H0AAAMAM,30,-0.16799999999999898
606,L84058,Paracet_Tab 500mg,0407010H0AAAMAM,30,-0.16799999999999898
1174,L84036,Memantine HCl_Tab 10mg,0411000G0AAAAAA,64,-0.17919999999999892
610,L84084,Paracet_Tab 500mg,0407010H0AAAMAM,33,-0.18479999999999888
611,L84008,Paracet_Tab 500mg,0407010H0AAAMAM,33,-0.18479999999999888
609,L84084,Paracet_Tab 500mg,0407010H0AAAMAM,33,-0.18479999999999888
608,L84008,Paracet_Tab 500mg,0407010H0AAAMAM,33,-0.18479999999999888
613,L84029,Paracet_Tab 500mg,0407010H0AAAMAM,36,-0.20159999999999878
612,L84029,Paracet_Tab 500mg,0407010H0AAAMAM,36,-0.20159999999999878
614,L84077,Paracet_Tab 500mg,0407010H0AAAMAM,37,-0.20719999999999875
615,L84077,Paracet_Tab 500mg,0407010H0AAAMAM,37,-0.20719999999999875
616,L84047,Paracet_Tab 500mg,0407010H0AAAMAM,40,-0.22399999999999864
617,L84047,Paracet_Tab 500mg,0407010H0AAAMAM,40,-0.22399999999999864
618,L84022,Paracet_Tab 500mg,0407010H0AAAMAM,44,-0.2463999999999985
619,L84022,Paracet_Tab 500mg,0407010H0AAAMAM,44,-0.2463999999999985
620,L84021,Paracet_Tab 500mg,0407010H0AAAMAM,45,-0.25199999999999845
621,L84021,Paracet_Tab 500mg,0407010H0AAAMAM,45,-0.25199999999999845
1234,L84004,Letrozole_Tab 2.5mg,0803041L0AAAAAA,10,-0.25199999999999945
625,L84004,Paracet_Tab 500mg,0407010H0AAAMAM,47,-0.26319999999999844
623,L84004,Paracet_Tab 500mg,0407010H0AAAMAM,47,-0.26319999999999844
624,L84038,Paracet_Tab 500mg,0407010H0AAAMAM,47,-0.26319999999999844
622,L84038,Paracet_Tab 500mg,0407010H0AAAMAM,47,-0.26319999999999844
627,L84067,Paracet_Tab 500mg,0407010H0AAAMAM,48,-0.2687999999999984
626,L84067,Paracet_Tab 500mg,0407010H0AAAMAM,48,-0.2687999999999984
628,L84085,Paracet_Tab 500mg,0407010H0AAAMAM,55,-0.30799999999999816
629,L84085,Paracet_Tab 500mg,0407010H0AAAMAM,55,-0.30799999999999816
630,L84040,Paracet_Tab 500mg,0407010H0AAAMAM,56,-0.3135999999999981
631,L84040,Paracet_Tab 500mg,0407010H0AAAMAM,56,-0.3135999999999981
632,L84041,Paracet_Tab 500mg,0407010H0AAAMAM,59,-0.33039999999999803
633,L84041,Paracet_Tab 500mg,0407010H0AAAMAM,59,-0.33039999999999803
634,L84050,Paracet_Tab 500mg,0407010H0AAAMAM,61,-0.3415999999999979
635,L84050,Paracet_Tab 500mg,0407010H0AAAMAM,61,-0.3415999999999979
1175,L84048,Memantine HCl_Tab 10mg,0411000G0AAAAAA,122,-0.3415999999999979
637,Y05212,Paracet_Tab 500mg,0407010H0AAAMAM,1,-0.3528
636,Y05212,Paracet_Tab 500mg,0407010H0AAAMAM,1,-0.3528
638,L84033,Paracet_Tab 500mg,0407010H0AAAMAM,66,-0.36959999999999776
639,L84033,Paracet_Tab 500mg,0407010H0AAAMAM,66,-0.36959999999999776
640,L84012,Paracet_Tab 500mg,0407010H0AAAMAM,72,-0.40319999999999756
641,L84012,Paracet_Tab 500mg,0407010H0AAAMAM,72,-0.40319999999999756
643,L84009,Paracet_Tab 500mg,0407010H0AAAMAM,75,-0.4199999999999975
642,L84009,Paracet_Tab 500mg,0407010H0AAAMAM,75,-0.4199999999999975
1235,L84027,Letrozole_Tab 2.5mg,0803041L0AAAAAA,4,-0.5151999999999992
644,L84058,Paracet_Tab 500mg,0407010H0AAAMAM,53,-0.5299999999999968
645,L84058,Paracet_Tab 500mg,0407010H0AAAMAM,53,-0.5299999999999968
646,L84017,Paracet_Tab 500mg,0407010H0AAAMAM,117,-0.655199999999996
647,L84017,Paracet_Tab 500mg,0407010H0AAAMAM,117,-0.655199999999996
649,L84060,Paracet_Tab 500mg,0407010H0AAAMAM,4,-0.7168000000000003
648,L84060,Paracet_Tab 500mg,0407010H0AAAMAM,4,-0.7168000000000003
651,L84029,Paracet_Tab 500mg,0407010H0AAAMAM,49,-0.7349999999999998
650,L84029,Paracet_Tab 500mg,0407010H0AAAMAM,49,-0.7349999999999998
652,L84045,Paracet_Tab 500mg,0407010H0AAAMAM,79,-0.7899999999999953
653,L84045,Paracet_Tab 500mg,0407010H0AAAMAM,79,-0.7899999999999953
655,L84054,Paracet_Tab 500mg,0407010H0AAAMAM,106,-1.0599999999999936
654,L84054,Paracet_Tab 500mg,0407010H0AAAMAM,106,-1.0599999999999936
656,L84010,Paracet_Tab 500mg,0407010H0AAAMAM,22,-1.3199999999999996
657,L84010,Paracet_Tab 500mg,0407010H0AAAMAM,22,-1.3199999999999996
659,L84009,Paracet_Tab 500mg,0407010H0AAAMAM,12,-1.3439999999999965
658,L84009,Paracet_Tab 500mg,0407010H0AAAMAM,12,-1.3439999999999965
660,L84056,Paracet_Tab 500mg,0407010H0AAAMAM,13,-1.4559999999999962
661,L84056,Paracet_Tab 500mg,0407010H0AAAMAM,13,-1.4559999999999962
662,L84050,Paracet_Tab 500mg,0407010H0AAAMAM,39,-1.5599999999999905
663,L84050,Paracet_Tab 500mg,0407010H0AAAMAM,39,-1.5599999999999905
664,L84058,Paracet_Tab 500mg,0407010H0AAAMAM,2,-2.304
665,L84058,Paracet_Tab 500mg,0407010H0AAAMAM,2,-2.304
666,L84052,Paracet_Tab 500mg,0407010H0AAAMAM,2,-2.6399999999999997
667,L84052,Paracet_Tab 500mg,0407010H0AAAMAM,2,-2.6399999999999997
668,L84009,Paracet_Tab 500mg,0407010H0AAAMAM,97,-2.9099999999999993
669,L84009,Paracet_Tab 500mg,0407010H0AAAMAM,97,-2.9099999999999993
670,L84052,Paracet_Tab 500mg,0407010H0AAAMAM,134,-4.019999999999999
671,L84052,Paracet_Tab 500mg,0407010H0AAAMAM,134,-4.019999999999999
672,L84058,Paracet_Tab 500mg,0407010H0AAAMAM,12,-5.644799999999998
673,L84058,Paracet_Tab 500mg,0407010H0AAAMAM,12,-5.644799999999998
