,practice_code,bnf_description,bnf_code,items,excess_cost
346,A87005,Atorvastatin_Tab 40mg,0212000B0AAACAC,86,734.6808000000001
0,A87005,Atorvastatin_Tab 20mg,0212000B0AAABAB,74,676.3008
359,A87005,Sumatriptan_Tab 50mg,0407041T0AAAFAF,6,330.0048
360,A87005,Sumatriptan_Tab 50mg,0407041T0AAAFAF,6,330.0048
546,A87005,Sertraline HCl_Tab 100mg,0403030Q0AAABAB,19,243.0708
438,A87005,Atorvastatin_Tab 80mg,0212000B0AAADAD,39,223.0956
637,A87002,Memantine HCl_Tab 20mg,0411000G0AAADAD,14,191.688
666,A87005,Amlodipine_Tab 5mg,0206020A0AAAAAA,67,133.38360000000003
1,A87005,Atorvastatin_Tab 20mg,0212000B0AAABAB,91,112.62160000000002
347,A87005,Atorvastatin_Tab 40mg,0212000B0AAACAC,171,111.20130000000002
481,A87005,Prednisolone_Tab 5mg,0603020T0AAACAC,14,78.54
439,A87005,Atorvastatin_Tab 80mg,0212000B0AAADAD,149,68.52510000000001
2,A87005,Atorvastatin_Tab 20mg,0212000B0AAABAB,14,67.61999999999999
638,Y02710,Memantine HCl_Tab 20mg,0411000G0AAADAD,12,63.940799999999996
482,A87005,Prednisolone_Tab 5mg,0603020T0AAACAC,3,54.93600000000001
547,A87005,Sertraline HCl_Tab 100mg,0403030Q0AAABAB,25,53.89999999999999
623,A86016,Mesalazine_Tab E/C 400mg,0105010B0AAAAAA,1,51.33599999999999
622,A87007,Mesalazine_Tab E/C 400mg,0105010B0AAAAAA,1,51.33599999999999
440,A87022,Atorvastatin_Tab 80mg,0212000B0AAADAD,35,49.58800000000001
624,A87011,Mesalazine_Tab E/C 400mg,0105010B0AAAAAA,2,47.913599999999995
625,A86016,Mesalazine_Tab E/C 400mg,0105010B0AAAAAA,1,47.913599999999995
667,A87005,Amlodipine_Tab 5mg,0206020A0AAAAAA,110,46.585
3,A87005,Atorvastatin_Tab 20mg,0212000B0AAABAB,38,45.113600000000005
4,A87020,Atorvastatin_Tab 20mg,0212000B0AAABAB,15,45.065999999999995
5,A87020,Atorvastatin_Tab 20mg,0212000B0AAABAB,120,45.02400000000003
348,A87005,Atorvastatin_Tab 40mg,0212000B0AAACAC,37,44.547999999999995
483,A87005,Prednisolone_Tab 5mg,0603020T0AAACAC,4,44.172
484,A87005,Prednisolone_Tab 5mg,0603020T0AAACAC,22,41.21039999999999
485,A87005,Prednisolone_Tab 5mg,0603020T0AAACAC,15,39.24
626,A86016,Mesalazine_Tab E/C 400mg,0105010B0AAAAAA,1,35.935199999999995
16,A87017,Paracet_Tab 500mg,0407010H0AAAMAM,12,33.12
17,A87017,Paracet_Tab 500mg,0407010H0AAAMAM,12,33.12
18,A87023,Paracet_Tab 500mg,0407010H0AAAMAM,80,32.0
19,A87023,Paracet_Tab 500mg,0407010H0AAAMAM,80,32.0
20,A87020,Paracet_Tab 500mg,0407010H0AAAMAM,82,29.388800000000014
21,A87020,Paracet_Tab 500mg,0407010H0AAAMAM,82,29.388800000000014
22,A87007,Paracet_Tab 500mg,0407010H0AAAMAM,48,28.799999999999994
23,A87007,Paracet_Tab 500mg,0407010H0AAAMAM,48,28.799999999999994
24,A87023,Paracet_Tab 500mg,0407010H0AAAMAM,100,28.560000000000002
25,A87023,Paracet_Tab 500mg,0407010H0AAAMAM,100,28.560000000000002
486,A87005,Prednisolone_Tab 5mg,0603020T0AAACAC,2,27.4848
26,A87017,Paracet_Tab 500mg,0407010H0AAAMAM,152,27.359999999999992
27,A87017,Paracet_Tab 500mg,0407010H0AAAMAM,152,27.359999999999992
627,A87007,Mesalazine_Tab E/C 400mg,0105010B0AAAAAA,2,25.668
628,A87002,Mesalazine_Tab E/C 400mg,0105010B0AAAAAA,1,25.667999999999996
629,A87030,Mesalazine_Tab E/C 400mg,0105010B0AAAAAA,1,23.956799999999998
29,A87017,Paracet_Tab 500mg,0407010H0AAAMAM,73,23.36000000000001
28,A87017,Paracet_Tab 500mg,0407010H0AAAMAM,73,23.36000000000001
487,A87005,Prednisolone_Tab 5mg,0603020T0AAACAC,1,22.897
6,A87017,Atorvastatin_Tab 20mg,0212000B0AAABAB,154,22.853600000000025
30,A87007,Paracet_Tab 500mg,0407010H0AAAMAM,6,22.579200000000004
31,A87007,Paracet_Tab 500mg,0407010H0AAAMAM,6,22.579200000000004
7,A87023,Atorvastatin_Tab 20mg,0212000B0AAABAB,11,22.5456
8,A87012,Atorvastatin_Tab 20mg,0212000B0AAABAB,134,22.51200000000002
32,A87005,Paracet_Tab 500mg,0407010H0AAAMAM,76,21.28000000000003
33,A87005,Paracet_Tab 500mg,0407010H0AAAMAM,76,21.28000000000003
668,A87005,Amlodipine_Tab 5mg,0206020A0AAAAAA,37,17.819200000000006
488,A87005,Prednisolone_Tab 5mg,0603020T0AAACAC,1,16.6872
630,A86016,Mesalazine_Tab E/C 400mg,0105010B0AAAAAA,4,15.971199999999998
34,A87017,Paracet_Tab 500mg,0407010H0AAAMAM,11,14.830200000000001
35,A87017,Paracet_Tab 500mg,0407010H0AAAMAM,11,14.830200000000001
36,A87022,Paracet_Tab 500mg,0407010H0AAAMAM,165,14.784000000000006
37,A87022,Paracet_Tab 500mg,0407010H0AAAMAM,165,14.784000000000006
39,A87006,Paracet_Tab 500mg,0407010H0AAAMAM,83,13.943999999999996
38,A87006,Paracet_Tab 500mg,0407010H0AAAMAM,83,13.943999999999996
489,A87005,Prednisolone_Tab 5mg,0603020T0AAACAC,1,12.4298
40,Y02710,Paracet_Tab 500mg,0407010H0AAAMAM,84,12.230400000000008
41,Y02710,Paracet_Tab 500mg,0407010H0AAAMAM,84,12.230400000000008
632,A87003,Mesalazine_Tab E/C 400mg,0105010B0AAAAAA,1,11.978399999999999
631,A86016,Mesalazine_Tab E/C 400mg,0105010B0AAAAAA,1,11.978399999999999
43,A87005,Paracet_Tab 500mg,0407010H0AAAMAM,145,11.60000000000003
42,A87005,Paracet_Tab 500mg,0407010H0AAAMAM,145,11.60000000000003
44,A87005,Paracet_Tab 500mg,0407010H0AAAMAM,138,11.59200000000001
45,A87005,Paracet_Tab 500mg,0407010H0AAAMAM,138,11.59200000000001
46,A87600,Paracet_Tab 500mg,0407010H0AAAMAM,11,11.3344
47,A87600,Paracet_Tab 500mg,0407010H0AAAMAM,11,11.3344
48,A87020,Paracet_Tab 500mg,0407010H0AAAMAM,16,11.2896
49,A87020,Paracet_Tab 500mg,0407010H0AAAMAM,16,11.2896
50,A87020,Paracet_Tab 500mg,0407010H0AAAMAM,42,11.289599999999997
51,A87020,Paracet_Tab 500mg,0407010H0AAAMAM,42,11.289599999999997
52,A87006,Paracet_Tab 500mg,0407010H0AAAMAM,41,11.020799999999998
53,A87006,Paracet_Tab 500mg,0407010H0AAAMAM,41,11.020799999999998
54,A87017,Paracet_Tab 500mg,0407010H0AAAMAM,4,10.752000000000002
55,A87017,Paracet_Tab 500mg,0407010H0AAAMAM,4,10.752000000000002
56,A87023,Paracet_Tab 500mg,0407010H0AAAMAM,17,10.199999999999998
57,A87023,Paracet_Tab 500mg,0407010H0AAAMAM,17,10.199999999999998
669,A87005,Amlodipine_Tab 5mg,0206020A0AAAAAA,13,8.918000000000001
670,A87020,Amlodipine_Tab 5mg,0206020A0AAAAAA,17,8.901200000000001
59,A87022,Paracet_Tab 500mg,0407010H0AAAMAM,8,8.467200000000002
58,A87022,Paracet_Tab 500mg,0407010H0AAAMAM,8,8.467200000000002
63,A87005,Paracet_Tab 500mg,0407010H0AAAMAM,1,8.4672
60,A87009,Paracet_Tab 500mg,0407010H0AAAMAM,4,8.4672
62,A87005,Paracet_Tab 500mg,0407010H0AAAMAM,1,8.4672
61,A87009,Paracet_Tab 500mg,0407010H0AAAMAM,4,8.4672
64,A87017,Paracet_Tab 500mg,0407010H0AAAMAM,18,6.8544
65,A87017,Paracet_Tab 500mg,0407010H0AAAMAM,18,6.8544
66,A87600,Paracet_Tab 500mg,0407010H0AAAMAM,59,6.490000000000002
67,A87600,Paracet_Tab 500mg,0407010H0AAAMAM,59,6.490000000000002
68,A87009,Paracet_Tab 500mg,0407010H0AAAMAM,54,6.479999999999999
69,A87009,Paracet_Tab 500mg,0407010H0AAAMAM,54,6.479999999999999
633,A87003,Mesalazine_Tab E/C 400mg,0105010B0AAAAAA,6,6.022800000000001
70,A87002,Paracet_Tab 500mg,0407010H0AAAMAM,143,5.720000000000015
71,A87002,Paracet_Tab 500mg,0407010H0AAAMAM,143,5.720000000000015
72,A87005,Paracet_Tab 500mg,0407010H0AAAMAM,1,5.0064
73,A87005,Paracet_Tab 500mg,0407010H0AAAMAM,1,5.0064
74,A87006,Paracet_Tab 500mg,0407010H0AAAMAM,62,4.960000000000013
75,A87006,Paracet_Tab 500mg,0407010H0AAAMAM,62,4.960000000000013
76,A87012,Paracet_Tab 500mg,0407010H0AAAMAM,160,4.8000000000000265
77,A87012,Paracet_Tab 500mg,0407010H0AAAMAM,160,4.8000000000000265
78,A87012,Paracet_Tab 500mg,0407010H0AAAMAM,199,4.457600000000012
79,A87012,Paracet_Tab 500mg,0407010H0AAAMAM,199,4.457600000000012
80,A87020,Paracet_Tab 500mg,0407010H0AAAMAM,88,4.400000000000004
81,A87020,Paracet_Tab 500mg,0407010H0AAAMAM,88,4.400000000000004
82,A87009,Paracet_Tab 500mg,0407010H0AAAMAM,166,3.7183999999999777
83,A87009,Paracet_Tab 500mg,0407010H0AAAMAM,166,3.7183999999999777
84,A87020,Paracet_Tab 500mg,0407010H0AAAMAM,17,3.2843999999999998
85,A87020,Paracet_Tab 500mg,0407010H0AAAMAM,17,3.2843999999999998
87,A87020,Paracet_Tab 500mg,0407010H0AAAMAM,41,3.2800000000000087
86,A87020,Paracet_Tab 500mg,0407010H0AAAMAM,41,3.2800000000000087
89,A87012,Paracet_Tab 500mg,0407010H0AAAMAM,73,3.270400000000037
88,A87012,Paracet_Tab 500mg,0407010H0AAAMAM,73,3.270400000000037
90,A87022,Paracet_Tab 500mg,0407010H0AAAMAM,26,3.119999999999999
91,A87022,Paracet_Tab 500mg,0407010H0AAAMAM,26,3.119999999999999
93,A87012,Paracet_Tab 500mg,0407010H0AAAMAM,77,3.0800000000000347
92,A87012,Paracet_Tab 500mg,0407010H0AAAMAM,77,3.0800000000000347
95,A87600,Paracet_Tab 500mg,0407010H0AAAMAM,1,2.235
94,A87600,Paracet_Tab 500mg,0407010H0AAAMAM,1,2.235
441,A87012,Atorvastatin_Tab 80mg,0212000B0AAADAD,2,2.150400000000001
97,A87016,Paracet_Tab 500mg,0407010H0AAAMAM,1,1.8900000000000001
96,A87016,Paracet_Tab 500mg,0407010H0AAAMAM,1,1.8900000000000001
548,A87011,Sertraline HCl_Tab 100mg,0403030Q0AAABAB,13,1.7471999999999994
98,A87017,Paracet_Tab 500mg,0407010H0AAAMAM,29,1.705200000000001
99,A87017,Paracet_Tab 500mg,0407010H0AAAMAM,29,1.705200000000001
100,A87005,Paracet_Tab 500mg,0407010H0AAAMAM,17,1.523200000000004
101,A87005,Paracet_Tab 500mg,0407010H0AAAMAM,17,1.523200000000004
102,A87015,Paracet_Tab 500mg,0407010H0AAAMAM,3,0.7560000000000004
103,A87015,Paracet_Tab 500mg,0407010H0AAAMAM,3,0.7560000000000004
549,A87016,Sertraline HCl_Tab 100mg,0403030Q0AAABAB,72,0.6048000000000033
550,A87012,Sertraline HCl_Tab 100mg,0403030Q0AAABAB,43,0.6020000000000005
9,A87008,Atorvastatin_Tab 20mg,0212000B0AAABAB,26,0.5824000000000016
442,A87009,Atorvastatin_Tab 80mg,0212000B0AAADAD,257,0.5397000000000155
105,A87004,Paracet_Tab 500mg,0407010H0AAAMAM,10,0.41999999999999954
104,A87004,Paracet_Tab 500mg,0407010H0AAAMAM,10,0.41999999999999954
490,Y02710,Prednisolone_Tab 5mg,0603020T0AAACAC,9,0.41579999999999967
639,A87004,Memantine HCl_Tab 20mg,0411000G0AAADAD,70,0.34299999999999964
443,A87012,Atorvastatin_Tab 80mg,0212000B0AAADAD,163,0.3423000000000098
444,A87003,Atorvastatin_Tab 80mg,0212000B0AAADAD,151,0.3171000000000091
445,A87004,Atorvastatin_Tab 80mg,0212000B0AAADAD,138,0.2898000000000083
106,A87011,Paracet_Tab 500mg,0407010H0AAAMAM,1,0.26879999999999993
107,A87011,Paracet_Tab 500mg,0407010H0AAAMAM,1,0.26879999999999993
446,A87013,Atorvastatin_Tab 80mg,0212000B0AAADAD,117,0.24570000000000702
640,A87007,Memantine HCl_Tab 20mg,0411000G0AAADAD,48,0.23519999999999974
447,A87017,Atorvastatin_Tab 80mg,0212000B0AAADAD,107,0.22470000000000645
448,A87002,Atorvastatin_Tab 80mg,0212000B0AAADAD,106,0.22260000000000638
449,A87007,Atorvastatin_Tab 80mg,0212000B0AAADAD,104,0.21840000000000626
641,A87015,Memantine HCl_Tab 20mg,0411000G0AAADAD,43,0.21069999999999978
108,A87009,Paracet_Tab 500mg,0407010H0AAAMAM,37,0.20720000000000233
109,A87009,Paracet_Tab 500mg,0407010H0AAAMAM,37,0.20720000000000233
642,A87012,Memantine HCl_Tab 20mg,0411000G0AAADAD,42,0.20579999999999976
111,A87004,Paracet_Tab 500mg,0407010H0AAAMAM,69,0.19319999999999882
110,A87004,Paracet_Tab 500mg,0407010H0AAAMAM,69,0.19319999999999882
551,A87012,Sertraline HCl_Tab 100mg,0403030Q0AAABAB,91,0.19110000000000105
450,A87022,Atorvastatin_Tab 80mg,0212000B0AAADAD,89,0.18690000000000534
451,A87612,Atorvastatin_Tab 80mg,0212000B0AAADAD,87,0.18270000000000525
643,A86005,Memantine HCl_Tab 20mg,0411000G0AAADAD,37,0.1812999999999998
552,A87004,Sertraline HCl_Tab 100mg,0403030Q0AAABAB,83,0.17430000000000095
452,A87023,Atorvastatin_Tab 80mg,0212000B0AAADAD,82,0.17220000000000493
644,A87005,Memantine HCl_Tab 20mg,0411000G0AAADAD,35,0.17149999999999982
453,A86005,Atorvastatin_Tab 80mg,0212000B0AAADAD,77,0.16170000000000462
553,A87012,Sertraline HCl_Tab 100mg,0403030Q0AAABAB,37,0.15540000000000087
454,A87027,Atorvastatin_Tab 80mg,0212000B0AAADAD,72,0.15120000000000433
455,A87019,Atorvastatin_Tab 80mg,0212000B0AAADAD,72,0.15120000000000433
456,A87011,Atorvastatin_Tab 80mg,0212000B0AAADAD,68,0.1428000000000041
457,A87030,Atorvastatin_Tab 80mg,0212000B0AAADAD,68,0.1428000000000041
113,A87012,Paracet_Tab 500mg,0407010H0AAAMAM,34,0.14279999999999915
112,A87012,Paracet_Tab 500mg,0407010H0AAAMAM,34,0.14279999999999915
114,A87012,Paracet_Tab 500mg,0407010H0AAAMAM,49,0.13719999999999916
115,A87012,Paracet_Tab 500mg,0407010H0AAAMAM,49,0.13719999999999916
458,A87615,Atorvastatin_Tab 80mg,0212000B0AAADAD,65,0.1365000000000039
460,A87016,Atorvastatin_Tab 80mg,0212000B0AAADAD,64,0.13440000000000385
459,A87006,Atorvastatin_Tab 80mg,0212000B0AAADAD,64,0.13440000000000385
461,A86041,Atorvastatin_Tab 80mg,0212000B0AAADAD,64,0.13440000000000385
462,A87008,Atorvastatin_Tab 80mg,0212000B0AAADAD,63,0.1323000000000038
463,A87020,Atorvastatin_Tab 80mg,0212000B0AAADAD,63,0.1323000000000038
645,A87023,Memantine HCl_Tab 20mg,0411000G0AAADAD,26,0.12739999999999985
464,A86016,Atorvastatin_Tab 80mg,0212000B0AAADAD,60,0.1260000000000036
465,A87015,Atorvastatin_Tab 80mg,0212000B0AAADAD,59,0.12390000000000355
671,A87612,Amlodipine_Tab 5mg,0206020A0AAAAAA,22,0.12320000000000353
646,A87006,Memantine HCl_Tab 20mg,0411000G0AAADAD,25,0.12249999999999986
491,A87009,Prednisolone_Tab 5mg,0603020T0AAACAC,24,0.11759999999999987
647,A87017,Memantine HCl_Tab 20mg,0411000G0AAADAD,24,0.11759999999999987
648,A87002,Memantine HCl_Tab 20mg,0411000G0AAADAD,23,0.11269999999999988
116,A87023,Paracet_Tab 500mg,0407010H0AAAMAM,39,0.10919999999999934
117,A87023,Paracet_Tab 500mg,0407010H0AAAMAM,39,0.10919999999999934
118,A86005,Paracet_Tab 500mg,0407010H0AAAMAM,38,0.10639999999999936
119,A86005,Paracet_Tab 500mg,0407010H0AAAMAM,38,0.10639999999999936
554,A87003,Sertraline HCl_Tab 100mg,0403030Q0AAABAB,49,0.10290000000000057
466,A87029,Atorvastatin_Tab 80mg,0212000B0AAADAD,47,0.09870000000000283
555,A87013,Sertraline HCl_Tab 100mg,0403030Q0AAABAB,46,0.09660000000000053
492,A87027,Prednisolone_Tab 5mg,0603020T0AAACAC,19,0.0930999999999999
649,A86041,Memantine HCl_Tab 20mg,0411000G0AAADAD,19,0.0930999999999999
467,A87600,Atorvastatin_Tab 80mg,0212000B0AAADAD,43,0.09030000000000259
556,A87027,Sertraline HCl_Tab 100mg,0403030Q0AAABAB,43,0.09030000000000049
123,A87005,Paracet_Tab 500mg,0407010H0AAAMAM,32,0.08959999999999946
120,A87007,Paracet_Tab 500mg,0407010H0AAAMAM,32,0.08959999999999946
121,A87007,Paracet_Tab 500mg,0407010H0AAAMAM,32,0.08959999999999946
122,A87005,Paracet_Tab 500mg,0407010H0AAAMAM,32,0.08959999999999946
468,Y02710,Atorvastatin_Tab 80mg,0212000B0AAADAD,42,0.08820000000000253
558,A87022,Sertraline HCl_Tab 100mg,0403030Q0AAABAB,42,0.08820000000000049
559,A87009,Sertraline HCl_Tab 100mg,0403030Q0AAABAB,42,0.08820000000000049
557,A87011,Sertraline HCl_Tab 100mg,0403030Q0AAABAB,21,0.08820000000000049
653,A87027,Memantine HCl_Tab 20mg,0411000G0AAADAD,18,0.0881999999999999
651,A87612,Memantine HCl_Tab 20mg,0411000G0AAADAD,18,0.0881999999999999
652,A87003,Memantine HCl_Tab 20mg,0411000G0AAADAD,18,0.0881999999999999
650,A86016,Memantine HCl_Tab 20mg,0411000G0AAADAD,18,0.0881999999999999
493,A86005,Prednisolone_Tab 5mg,0603020T0AAACAC,18,0.0881999999999999
560,Y02710,Sertraline HCl_Tab 100mg,0403030Q0AAABAB,20,0.08400000000000046
129,A87004,Paracet_Tab 500mg,0407010H0AAAMAM,20,0.08399999999999949
127,A87007,Paracet_Tab 500mg,0407010H0AAAMAM,5,0.08399999999999949
131,A87016,Paracet_Tab 500mg,0407010H0AAAMAM,20,0.08399999999999949
124,A86041,Paracet_Tab 500mg,0407010H0AAAMAM,30,0.08399999999999949
130,A87004,Paracet_Tab 500mg,0407010H0AAAMAM,20,0.08399999999999949
125,A87016,Paracet_Tab 500mg,0407010H0AAAMAM,20,0.08399999999999949
126,A86041,Paracet_Tab 500mg,0407010H0AAAMAM,30,0.08399999999999949
128,A87007,Paracet_Tab 500mg,0407010H0AAAMAM,5,0.08399999999999949
654,A87013,Memantine HCl_Tab 20mg,0411000G0AAADAD,17,0.0832999999999999
494,A87015,Prednisolone_Tab 5mg,0603020T0AAACAC,17,0.0832999999999999
655,A87016,Memantine HCl_Tab 20mg,0411000G0AAADAD,17,0.0832999999999999
133,A87027,Paracet_Tab 500mg,0407010H0AAAMAM,19,0.07979999999999951
132,A87027,Paracet_Tab 500mg,0407010H0AAAMAM,19,0.07979999999999951
656,A87009,Memantine HCl_Tab 20mg,0411000G0AAADAD,16,0.07839999999999991
495,A87008,Prednisolone_Tab 5mg,0603020T0AAACAC,16,0.07839999999999991
134,A87003,Paracet_Tab 500mg,0407010H0AAAMAM,28,0.07839999999999953
135,A87003,Paracet_Tab 500mg,0407010H0AAAMAM,28,0.07839999999999953
139,A87009,Paracet_Tab 500mg,0407010H0AAAMAM,18,0.07559999999999954
138,A87016,Paracet_Tab 500mg,0407010H0AAAMAM,27,0.07559999999999954
137,A87016,Paracet_Tab 500mg,0407010H0AAAMAM,27,0.07559999999999954
136,A87009,Paracet_Tab 500mg,0407010H0AAAMAM,18,0.07559999999999954
657,A87029,Memantine HCl_Tab 20mg,0411000G0AAADAD,15,0.07349999999999993
141,A87612,Paracet_Tab 500mg,0407010H0AAAMAM,26,0.07279999999999956
140,A87612,Paracet_Tab 500mg,0407010H0AAAMAM,26,0.07279999999999956
562,A87612,Sertraline HCl_Tab 100mg,0403030Q0AAABAB,34,0.0714000000000004
561,A87029,Sertraline HCl_Tab 100mg,0403030Q0AAABAB,17,0.0714000000000004
142,A87003,Paracet_Tab 500mg,0407010H0AAAMAM,17,0.07139999999999957
143,A87003,Paracet_Tab 500mg,0407010H0AAAMAM,17,0.07139999999999957
144,A87013,Paracet_Tab 500mg,0407010H0AAAMAM,25,0.06999999999999958
145,A87013,Paracet_Tab 500mg,0407010H0AAAMAM,25,0.06999999999999958
146,A87615,Paracet_Tab 500mg,0407010H0AAAMAM,25,0.06999999999999958
147,A87615,Paracet_Tab 500mg,0407010H0AAAMAM,25,0.06999999999999958
563,A87023,Sertraline HCl_Tab 100mg,0403030Q0AAABAB,33,0.06930000000000039
659,A87008,Memantine HCl_Tab 20mg,0411000G0AAADAD,14,0.06859999999999992
658,A87615,Memantine HCl_Tab 20mg,0411000G0AAADAD,14,0.06859999999999992
496,A87004,Prednisolone_Tab 5mg,0603020T0AAACAC,14,0.06859999999999992
566,A87017,Sertraline HCl_Tab 100mg,0403030Q0AAABAB,32,0.06720000000000037
565,A87019,Sertraline HCl_Tab 100mg,0403030Q0AAABAB,16,0.06720000000000037
564,A87011,Sertraline HCl_Tab 100mg,0403030Q0AAABAB,32,0.06720000000000037
148,A87006,Paracet_Tab 500mg,0407010H0AAAMAM,24,0.0671999999999996
149,A87006,Paracet_Tab 500mg,0407010H0AAAMAM,24,0.0671999999999996
567,A86005,Sertraline HCl_Tab 100mg,0403030Q0AAABAB,31,0.06510000000000035
151,A86016,Paracet_Tab 500mg,0407010H0AAAMAM,23,0.06439999999999961
150,A86016,Paracet_Tab 500mg,0407010H0AAAMAM,23,0.06439999999999961
498,A86041,Prednisolone_Tab 5mg,0603020T0AAACAC,13,0.06369999999999992
497,A87007,Prednisolone_Tab 5mg,0603020T0AAACAC,13,0.06369999999999992
568,A87006,Sertraline HCl_Tab 100mg,0403030Q0AAABAB,30,0.06300000000000035
569,A87009,Sertraline HCl_Tab 100mg,0403030Q0AAABAB,15,0.06300000000000035
153,A87020,Paracet_Tab 500mg,0407010H0AAAMAM,22,0.06159999999999963
152,A87020,Paracet_Tab 500mg,0407010H0AAAMAM,22,0.06159999999999963
570,A87016,Sertraline HCl_Tab 100mg,0403030Q0AAABAB,28,0.058800000000000324
571,A86016,Sertraline HCl_Tab 100mg,0403030Q0AAABAB,14,0.058800000000000324
572,A87615,Sertraline HCl_Tab 100mg,0403030Q0AAABAB,28,0.058800000000000324
573,A87612,Sertraline HCl_Tab 100mg,0403030Q0AAABAB,14,0.058800000000000324
499,A87019,Prednisolone_Tab 5mg,0603020T0AAACAC,12,0.058799999999999936
500,A87022,Prednisolone_Tab 5mg,0603020T0AAACAC,12,0.058799999999999936
574,A87007,Sertraline HCl_Tab 100mg,0403030Q0AAABAB,27,0.05670000000000031
575,A86016,Sertraline HCl_Tab 100mg,0403030Q0AAABAB,27,0.05670000000000031
154,A87002,Paracet_Tab 500mg,0407010H0AAAMAM,20,0.05599999999999966
155,A87002,Paracet_Tab 500mg,0407010H0AAAMAM,20,0.05599999999999966
576,A87013,Sertraline HCl_Tab 100mg,0403030Q0AAABAB,13,0.0546000000000003
577,A87006,Sertraline HCl_Tab 100mg,0403030Q0AAABAB,13,0.0546000000000003
578,A87003,Sertraline HCl_Tab 100mg,0403030Q0AAABAB,13,0.0546000000000003
579,A87030,Sertraline HCl_Tab 100mg,0403030Q0AAABAB,25,0.05250000000000029
582,A86005,Sertraline HCl_Tab 100mg,0403030Q0AAABAB,12,0.05040000000000028
580,A87017,Sertraline HCl_Tab 100mg,0403030Q0AAABAB,12,0.05040000000000028
581,A87004,Sertraline HCl_Tab 100mg,0403030Q0AAABAB,12,0.05040000000000028
156,A86016,Paracet_Tab 500mg,0407010H0AAAMAM,12,0.050399999999999695
157,A86016,Paracet_Tab 500mg,0407010H0AAAMAM,12,0.050399999999999695
660,A87019,Memantine HCl_Tab 20mg,0411000G0AAADAD,10,0.048999999999999946
583,A87005,Sertraline HCl_Tab 100mg,0403030Q0AAABAB,23,0.048300000000000266
159,A87013,Paracet_Tab 500mg,0407010H0AAAMAM,20,0.048000000000000265
158,A87013,Paracet_Tab 500mg,0407010H0AAAMAM,20,0.048000000000000265
163,A87019,Paracet_Tab 500mg,0407010H0AAAMAM,17,0.04759999999999971
160,A87015,Paracet_Tab 500mg,0407010H0AAAMAM,17,0.04759999999999971
162,A87015,Paracet_Tab 500mg,0407010H0AAAMAM,17,0.04759999999999971
161,A87019,Paracet_Tab 500mg,0407010H0AAAMAM,17,0.04759999999999971
584,A87027,Sertraline HCl_Tab 100mg,0403030Q0AAABAB,11,0.046200000000000255
585,A87016,Sertraline HCl_Tab 100mg,0403030Q0AAABAB,11,0.046200000000000255
586,A87015,Sertraline HCl_Tab 100mg,0403030Q0AAABAB,21,0.04410000000000024
501,A87017,Prednisolone_Tab 5mg,0603020T0AAACAC,9,0.04409999999999995
502,A86016,Prednisolone_Tab 5mg,0603020T0AAACAC,9,0.04409999999999995
661,A87022,Memantine HCl_Tab 20mg,0411000G0AAADAD,9,0.04409999999999995
588,Y02710,Sertraline HCl_Tab 100mg,0403030Q0AAABAB,20,0.04200000000000023
589,A87030,Sertraline HCl_Tab 100mg,0403030Q0AAABAB,10,0.04200000000000023
587,A87007,Sertraline HCl_Tab 100mg,0403030Q0AAABAB,10,0.04200000000000023
590,A87019,Sertraline HCl_Tab 100mg,0403030Q0AAABAB,19,0.03990000000000022
662,A87011,Memantine HCl_Tab 20mg,0411000G0AAADAD,8,0.03919999999999996
503,A87011,Prednisolone_Tab 5mg,0603020T0AAACAC,8,0.03919999999999996
167,A87600,Paracet_Tab 500mg,0407010H0AAAMAM,14,0.03919999999999976
165,A87600,Paracet_Tab 500mg,0407010H0AAAMAM,14,0.03919999999999976
166,A87029,Paracet_Tab 500mg,0407010H0AAAMAM,14,0.03919999999999976
164,A87029,Paracet_Tab 500mg,0407010H0AAAMAM,14,0.03919999999999976
504,A86005,Prednisolone_Tab 5mg,0603020T0AAACAC,7,0.03849999999999977
593,A87029,Sertraline HCl_Tab 100mg,0403030Q0AAABAB,18,0.03780000000000021
591,A87022,Sertraline HCl_Tab 100mg,0403030Q0AAABAB,9,0.03780000000000021
592,A87002,Sertraline HCl_Tab 100mg,0403030Q0AAABAB,9,0.03780000000000021
171,A87011,Paracet_Tab 500mg,0407010H0AAAMAM,13,0.03639999999999978
170,A87022,Paracet_Tab 500mg,0407010H0AAAMAM,13,0.03639999999999978
169,A87022,Paracet_Tab 500mg,0407010H0AAAMAM,13,0.03639999999999978
168,A87011,Paracet_Tab 500mg,0407010H0AAAMAM,13,0.03639999999999978
172,A87016,Paracet_Tab 500mg,0407010H0AAAMAM,6,0.03599999999999978
173,A87016,Paracet_Tab 500mg,0407010H0AAAMAM,6,0.03599999999999978
595,A87005,Sertraline HCl_Tab 100mg,0403030Q0AAABAB,8,0.033600000000000185
594,A87008,Sertraline HCl_Tab 100mg,0403030Q0AAABAB,16,0.033600000000000185
176,A87005,Paracet_Tab 500mg,0407010H0AAAMAM,8,0.0335999999999998
175,A86041,Paracet_Tab 500mg,0407010H0AAAMAM,8,0.0335999999999998
174,A87005,Paracet_Tab 500mg,0407010H0AAAMAM,8,0.0335999999999998
177,A86041,Paracet_Tab 500mg,0407010H0AAAMAM,8,0.0335999999999998
596,A87020,Sertraline HCl_Tab 100mg,0403030Q0AAABAB,14,0.029400000000000162
598,A87008,Sertraline HCl_Tab 100mg,0403030Q0AAABAB,7,0.029400000000000162
597,A87002,Sertraline HCl_Tab 100mg,0403030Q0AAABAB,14,0.029400000000000162
505,A87023,Prednisolone_Tab 5mg,0603020T0AAACAC,6,0.029399999999999968
181,A87019,Paracet_Tab 500mg,0407010H0AAAMAM,7,0.029399999999999822
178,A87019,Paracet_Tab 500mg,0407010H0AAAMAM,7,0.029399999999999822
179,A87612,Paracet_Tab 500mg,0407010H0AAAMAM,7,0.029399999999999822
180,A87007,Paracet_Tab 500mg,0407010H0AAAMAM,7,0.029399999999999822
182,A87612,Paracet_Tab 500mg,0407010H0AAAMAM,7,0.029399999999999822
183,A87007,Paracet_Tab 500mg,0407010H0AAAMAM,7,0.029399999999999822
673,A87002,Amlodipine_Tab 5mg,0206020A0AAAAAA,5,0.028000000000000316
672,A87006,Amlodipine_Tab 5mg,0206020A0AAAAAA,5,0.028000000000000316
506,A87017,Prednisolone_Tab 5mg,0603020T0AAACAC,5,0.027499999999999834
189,Y02710,Paracet_Tab 500mg,0407010H0AAAMAM,6,0.025199999999999848
507,A87009,Prednisolone_Tab 5mg,0603020T0AAACAC,6,0.025199999999999848
184,Y05892,Paracet_Tab 500mg,0407010H0AAAMAM,9,0.025199999999999848
185,Y05892,Paracet_Tab 500mg,0407010H0AAAMAM,9,0.025199999999999848
186,A86005,Paracet_Tab 500mg,0407010H0AAAMAM,6,0.025199999999999848
187,A86005,Paracet_Tab 500mg,0407010H0AAAMAM,6,0.025199999999999848
188,A87004,Paracet_Tab 500mg,0407010H0AAAMAM,18,0.025199999999999848
190,A87004,Paracet_Tab 500mg,0407010H0AAAMAM,18,0.025199999999999848
191,Y02710,Paracet_Tab 500mg,0407010H0AAAMAM,6,0.025199999999999848
508,A87030,Prednisolone_Tab 5mg,0603020T0AAACAC,5,0.024499999999999973
663,A87600,Memantine HCl_Tab 20mg,0411000G0AAADAD,5,0.024499999999999973
675,A87600,Amlodipine_Tab 5mg,0206020A0AAAAAA,4,0.022400000000000253
674,A87005,Amlodipine_Tab 5mg,0206020A0AAAAAA,4,0.022400000000000253
676,A87011,Amlodipine_Tab 5mg,0206020A0AAAAAA,4,0.022400000000000253
193,A87027,Paracet_Tab 500mg,0407010H0AAAMAM,8,0.022399999999999864
192,A87027,Paracet_Tab 500mg,0407010H0AAAMAM,8,0.022399999999999864
509,A87013,Prednisolone_Tab 5mg,0603020T0AAACAC,4,0.021999999999999867
194,A87008,Paracet_Tab 500mg,0407010H0AAAMAM,5,0.020999999999999873
195,A87002,Paracet_Tab 500mg,0407010H0AAAMAM,5,0.020999999999999873
196,A87008,Paracet_Tab 500mg,0407010H0AAAMAM,5,0.020999999999999873
197,A87002,Paracet_Tab 500mg,0407010H0AAAMAM,5,0.020999999999999873
510,A87012,Prednisolone_Tab 5mg,0603020T0AAACAC,5,0.020999999999999873
511,A87003,Prednisolone_Tab 5mg,0603020T0AAACAC,4,0.01959999999999998
512,A87006,Prednisolone_Tab 5mg,0603020T0AAACAC,4,0.01959999999999998
513,A87002,Prednisolone_Tab 5mg,0603020T0AAACAC,4,0.01959999999999998
664,A87030,Memantine HCl_Tab 20mg,0411000G0AAADAD,4,0.01959999999999998
665,A87020,Memantine HCl_Tab 20mg,0411000G0AAADAD,4,0.01959999999999998
514,A87012,Prednisolone_Tab 5mg,0603020T0AAACAC,4,0.01959999999999998
198,A87027,Paracet_Tab 500mg,0407010H0AAAMAM,4,0.019200000000000217
199,A87027,Paracet_Tab 500mg,0407010H0AAAMAM,4,0.019200000000000217
200,A87027,Paracet_Tab 500mg,0407010H0AAAMAM,3,0.01799999999999989
201,A87027,Paracet_Tab 500mg,0407010H0AAAMAM,3,0.01799999999999989
202,A87003,Paracet_Tab 500mg,0407010H0AAAMAM,5,0.017499999999999894
203,A87003,Paracet_Tab 500mg,0407010H0AAAMAM,5,0.017499999999999894
679,A87009,Amlodipine_Tab 5mg,0206020A0AAAAAA,3,0.01680000000000019
678,A87015,Amlodipine_Tab 5mg,0206020A0AAAAAA,3,0.01680000000000019
677,A87012,Amlodipine_Tab 5mg,0206020A0AAAAAA,3,0.01680000000000019
600,A87015,Sertraline HCl_Tab 100mg,0403030Q0AAABAB,4,0.016800000000000093
599,A87600,Sertraline HCl_Tab 100mg,0403030Q0AAABAB,4,0.016800000000000093
209,A87023,Paracet_Tab 500mg,0407010H0AAAMAM,4,0.0167999999999999
208,A87015,Paracet_Tab 500mg,0407010H0AAAMAM,4,0.0167999999999999
517,A86016,Prednisolone_Tab 5mg,0603020T0AAACAC,4,0.0167999999999999
206,A87023,Paracet_Tab 500mg,0407010H0AAAMAM,4,0.0167999999999999
207,A87003,Paracet_Tab 500mg,0407010H0AAAMAM,8,0.0167999999999999
204,A87015,Paracet_Tab 500mg,0407010H0AAAMAM,4,0.0167999999999999
205,A87003,Paracet_Tab 500mg,0407010H0AAAMAM,8,0.0167999999999999
516,A87027,Prednisolone_Tab 5mg,0603020T0AAACAC,4,0.0167999999999999
515,A87016,Prednisolone_Tab 5mg,0603020T0AAACAC,4,0.0167999999999999
680,A87003,Amlodipine_Tab 5mg,0206020A0AAAAAA,5,0.016500000000000056
518,A87016,Prednisolone_Tab 5mg,0603020T0AAACAC,3,0.0164999999999999
519,A86041,Prednisolone_Tab 5mg,0603020T0AAACAC,3,0.015300000000000001
520,A87016,Prednisolone_Tab 5mg,0603020T0AAACAC,3,0.014699999999999984
521,A87029,Prednisolone_Tab 5mg,0603020T0AAACAC,3,0.014699999999999984
681,A87003,Amlodipine_Tab 5mg,0206020A0AAAAAA,13,0.014300000000000049
601,A87022,Sertraline HCl_Tab 100mg,0403030Q0AAABAB,12,0.013199999999999462
216,A87019,Paracet_Tab 500mg,0407010H0AAAMAM,9,0.012599999999999924
217,A87017,Paracet_Tab 500mg,0407010H0AAAMAM,9,0.012599999999999924
215,A87017,Paracet_Tab 500mg,0407010H0AAAMAM,9,0.012599999999999924
214,A87612,Paracet_Tab 500mg,0407010H0AAAMAM,6,0.012599999999999924
213,A87030,Paracet_Tab 500mg,0407010H0AAAMAM,3,0.012599999999999924
212,A87612,Paracet_Tab 500mg,0407010H0AAAMAM,6,0.012599999999999924
211,A87030,Paracet_Tab 500mg,0407010H0AAAMAM,3,0.012599999999999924
210,A87019,Paracet_Tab 500mg,0407010H0AAAMAM,9,0.012599999999999924
221,A87003,Paracet_Tab 500mg,0407010H0AAAMAM,2,0.011999999999999927
224,A87002,Paracet_Tab 500mg,0407010H0AAAMAM,2,0.011999999999999927
225,A87003,Paracet_Tab 500mg,0407010H0AAAMAM,2,0.011999999999999927
223,A87006,Paracet_Tab 500mg,0407010H0AAAMAM,2,0.011999999999999927
222,A87015,Paracet_Tab 500mg,0407010H0AAAMAM,2,0.011999999999999927
220,A87015,Paracet_Tab 500mg,0407010H0AAAMAM,2,0.011999999999999927
219,A87006,Paracet_Tab 500mg,0407010H0AAAMAM,2,0.011999999999999927
218,A87002,Paracet_Tab 500mg,0407010H0AAAMAM,2,0.011999999999999927
226,A87008,Paracet_Tab 500mg,0407010H0AAAMAM,4,0.011199999999999932
231,A87008,Paracet_Tab 500mg,0407010H0AAAMAM,4,0.011199999999999932
230,A87030,Paracet_Tab 500mg,0407010H0AAAMAM,4,0.011199999999999932
229,A87013,Paracet_Tab 500mg,0407010H0AAAMAM,8,0.011199999999999932
228,A87030,Paracet_Tab 500mg,0407010H0AAAMAM,4,0.011199999999999932
227,A87013,Paracet_Tab 500mg,0407010H0AAAMAM,8,0.011199999999999932
233,A87004,Paracet_Tab 500mg,0407010H0AAAMAM,5,0.010499999999999936
232,A87004,Paracet_Tab 500mg,0407010H0AAAMAM,5,0.010499999999999936
235,A87612,Paracet_Tab 500mg,0407010H0AAAMAM,7,0.00979999999999994
234,A87612,Paracet_Tab 500mg,0407010H0AAAMAM,7,0.00979999999999994
236,A87027,Paracet_Tab 500mg,0407010H0AAAMAM,4,0.009600000000000108
237,A87027,Paracet_Tab 500mg,0407010H0AAAMAM,4,0.009600000000000108
522,A86041,Prednisolone_Tab 5mg,0603020T0AAACAC,2,0.008999999999999946
469,A87017,Atorvastatin_Tab 80mg,0212000B0AAADAD,2,0.00840000000000024
602,A86041,Sertraline HCl_Tab 100mg,0403030Q0AAABAB,4,0.008400000000000046
603,A87020,Sertraline HCl_Tab 100mg,0403030Q0AAABAB,2,0.008400000000000046
242,Y05892,Paracet_Tab 500mg,0407010H0AAAMAM,2,0.00839999999999995
239,Y05892,Paracet_Tab 500mg,0407010H0AAAMAM,2,0.00839999999999995
238,A86016,Paracet_Tab 500mg,0407010H0AAAMAM,6,0.00839999999999995
243,A87015,Paracet_Tab 500mg,0407010H0AAAMAM,6,0.00839999999999995
244,A87008,Paracet_Tab 500mg,0407010H0AAAMAM,4,0.00839999999999995
245,A87015,Paracet_Tab 500mg,0407010H0AAAMAM,6,0.00839999999999995
246,A87008,Paracet_Tab 500mg,0407010H0AAAMAM,4,0.00839999999999995
247,A86016,Paracet_Tab 500mg,0407010H0AAAMAM,6,0.00839999999999995
241,A87019,Paracet_Tab 500mg,0407010H0AAAMAM,4,0.00839999999999995
523,A87004,Prednisolone_Tab 5mg,0603020T0AAACAC,2,0.00839999999999995
240,A87019,Paracet_Tab 500mg,0407010H0AAAMAM,4,0.00839999999999995
349,A87007,Atorvastatin_Tab 40mg,0212000B0AAACAC,1,0.007500000000000215
249,A87008,Paracet_Tab 500mg,0407010H0AAAMAM,5,0.006999999999999958
248,A87008,Paracet_Tab 500mg,0407010H0AAAMAM,5,0.006999999999999958
604,Y05892,Sertraline HCl_Tab 100mg,0403030Q0AAABAB,3,0.006300000000000035
525,A87022,Prednisolone_Tab 5mg,0603020T0AAACAC,1,0.006299999999999962
526,A87004,Prednisolone_Tab 5mg,0603020T0AAACAC,1,0.006299999999999962
250,A87016,Paracet_Tab 500mg,0407010H0AAAMAM,3,0.006299999999999962
251,A87016,Paracet_Tab 500mg,0407010H0AAAMAM,3,0.006299999999999962
527,A87011,Prednisolone_Tab 5mg,0603020T0AAACAC,1,0.006299999999999962
524,A87013,Prednisolone_Tab 5mg,0603020T0AAACAC,1,0.006299999999999962
683,A87016,Amlodipine_Tab 5mg,0206020A0AAAAAA,2,0.006000000000000172
682,A87003,Amlodipine_Tab 5mg,0206020A0AAAAAA,2,0.006000000000000172
350,A86016,Atorvastatin_Tab 40mg,0212000B0AAACAC,1,0.006000000000000172
351,A87012,Atorvastatin_Tab 40mg,0212000B0AAACAC,1,0.006000000000000172
253,A87008,Paracet_Tab 500mg,0407010H0AAAMAM,1,0.005999999999999964
257,Y02710,Paracet_Tab 500mg,0407010H0AAAMAM,1,0.005999999999999964
252,Y02710,Paracet_Tab 500mg,0407010H0AAAMAM,1,0.005999999999999964
255,A87008,Paracet_Tab 500mg,0407010H0AAAMAM,1,0.005999999999999964
254,A87009,Paracet_Tab 500mg,0407010H0AAAMAM,1,0.005999999999999964
256,A87009,Paracet_Tab 500mg,0407010H0AAAMAM,1,0.005999999999999964
528,A87007,Prednisolone_Tab 5mg,0603020T0AAACAC,1,0.005899999999999964
686,A87013,Amlodipine_Tab 5mg,0206020A0AAAAAA,1,0.005600000000000063
685,A87030,Amlodipine_Tab 5mg,0206020A0AAAAAA,1,0.005600000000000063
684,A87008,Amlodipine_Tab 5mg,0206020A0AAAAAA,1,0.005600000000000063
265,A87009,Paracet_Tab 500mg,0407010H0AAAMAM,4,0.005599999999999966
264,A87600,Paracet_Tab 500mg,0407010H0AAAMAM,4,0.005599999999999966
262,A87015,Paracet_Tab 500mg,0407010H0AAAMAM,8,0.005599999999999966
261,A87600,Paracet_Tab 500mg,0407010H0AAAMAM,4,0.005599999999999966
260,A87015,Paracet_Tab 500mg,0407010H0AAAMAM,8,0.005599999999999966
259,A86041,Paracet_Tab 500mg,0407010H0AAAMAM,4,0.005599999999999966
258,A86041,Paracet_Tab 500mg,0407010H0AAAMAM,4,0.005599999999999966
263,A87009,Paracet_Tab 500mg,0407010H0AAAMAM,4,0.005599999999999966
361,A87009,Sumatriptan_Tab 50mg,0407041T0AAAFAF,1,0.005599999999999383
529,A87004,Prednisolone_Tab 5mg,0603020T0AAACAC,1,0.005499999999999967
530,A87008,Prednisolone_Tab 5mg,0603020T0AAACAC,1,0.0053999999999999986
531,A87003,Prednisolone_Tab 5mg,0603020T0AAACAC,1,0.00499999999999997
532,A87612,Prednisolone_Tab 5mg,0603020T0AAACAC,1,0.004899999999999995
533,A87013,Prednisolone_Tab 5mg,0603020T0AAACAC,1,0.00489999999999997
352,A87003,Atorvastatin_Tab 40mg,0212000B0AAACAC,1,0.0048000000000001375
687,A87030,Amlodipine_Tab 5mg,0206020A0AAAAAA,1,0.004600000000000132
606,A87003,Sertraline HCl_Tab 100mg,0403030Q0AAABAB,1,0.0046
605,A87005,Sertraline HCl_Tab 100mg,0403030Q0AAABAB,1,0.0046
536,A87003,Prednisolone_Tab 5mg,0603020T0AAACAC,1,0.004499999999999973
535,A87004,Prednisolone_Tab 5mg,0603020T0AAACAC,1,0.004499999999999973
534,A86005,Prednisolone_Tab 5mg,0603020T0AAACAC,1,0.004499999999999973
10,A87012,Atorvastatin_Tab 20mg,0212000B0AAABAB,1,0.004400000000000015
470,A87009,Atorvastatin_Tab 80mg,0212000B0AAADAD,1,0.00420000000000012
688,A86016,Amlodipine_Tab 5mg,0206020A0AAAAAA,1,0.00420000000000012
689,A87013,Amlodipine_Tab 5mg,0206020A0AAAAAA,1,0.00420000000000012
471,A86005,Atorvastatin_Tab 80mg,0212000B0AAADAD,1,0.00420000000000012
607,A87615,Sertraline HCl_Tab 100mg,0403030Q0AAABAB,1,0.004200000000000023
608,Y03374,Sertraline HCl_Tab 100mg,0403030Q0AAABAB,1,0.004200000000000023
272,A87002,Paracet_Tab 500mg,0407010H0AAAMAM,3,0.004199999999999975
273,A87002,Paracet_Tab 500mg,0407010H0AAAMAM,3,0.004199999999999975
541,A87008,Prednisolone_Tab 5mg,0603020T0AAACAC,1,0.004199999999999975
271,A87016,Paracet_Tab 500mg,0407010H0AAAMAM,3,0.004199999999999975
270,A87005,Paracet_Tab 500mg,0407010H0AAAMAM,3,0.004199999999999975
268,A87029,Paracet_Tab 500mg,0407010H0AAAMAM,1,0.004199999999999975
540,A87029,Prednisolone_Tab 5mg,0603020T0AAACAC,1,0.004199999999999975
539,A87006,Prednisolone_Tab 5mg,0603020T0AAACAC,1,0.004199999999999975
538,A87030,Prednisolone_Tab 5mg,0603020T0AAACAC,1,0.004199999999999975
537,A87005,Prednisolone_Tab 5mg,0603020T0AAACAC,1,0.004199999999999975
267,A87016,Paracet_Tab 500mg,0407010H0AAAMAM,3,0.004199999999999975
266,A87005,Paracet_Tab 500mg,0407010H0AAAMAM,3,0.004199999999999975
269,A87029,Paracet_Tab 500mg,0407010H0AAAMAM,1,0.004199999999999975
609,Y02710,Sertraline HCl_Tab 100mg,0403030Q0AAABAB,1,0.004199999999999829
610,A87615,Sertraline HCl_Tab 100mg,0403030Q0AAABAB,1,0.004199999999999829
611,A87012,Sertraline HCl_Tab 100mg,0403030Q0AAABAB,1,0.004199999999999829
612,A87022,Sertraline HCl_Tab 100mg,0403030Q0AAABAB,1,0.004199999999999829
362,A87016,Sumatriptan_Tab 50mg,0407041T0AAAFAF,1,0.0041999999999995374
542,A87005,Prednisolone_Tab 5mg,0603020T0AAACAC,1,0.004099999999999975
274,A87003,Paracet_Tab 500mg,0407010H0AAAMAM,1,0.0040000000000000105
275,A87003,Paracet_Tab 500mg,0407010H0AAAMAM,1,0.0040000000000000105
543,A86041,Prednisolone_Tab 5mg,0603020T0AAACAC,1,0.0038999999999999764
353,Y02710,Atorvastatin_Tab 40mg,0212000B0AAACAC,1,0.00360000000000002
545,A87009,Prednisolone_Tab 5mg,0603020T0AAACAC,1,0.003499999999999979
544,A87029,Prednisolone_Tab 5mg,0603020T0AAACAC,1,0.003499999999999979
363,A87615,Sumatriptan_Tab 50mg,0407041T0AAAFAF,1,0.0031999999999996476
364,A87008,Sumatriptan_Tab 50mg,0407041T0AAAFAF,1,0.0031999999999996476
472,A87009,Atorvastatin_Tab 80mg,0212000B0AAADAD,1,0.003000000000000086
690,A87012,Amlodipine_Tab 5mg,0206020A0AAAAAA,1,0.003000000000000086
354,A87016,Atorvastatin_Tab 40mg,0212000B0AAACAC,1,0.0030000000000000165
278,A87007,Paracet_Tab 500mg,0407010H0AAAMAM,1,0.002999999999999982
277,A87009,Paracet_Tab 500mg,0407010H0AAAMAM,1,0.002999999999999982
281,A87007,Paracet_Tab 500mg,0407010H0AAAMAM,1,0.002999999999999982
276,A87009,Paracet_Tab 500mg,0407010H0AAAMAM,1,0.002999999999999982
280,Y05892,Paracet_Tab 500mg,0407010H0AAAMAM,1,0.002999999999999982
279,Y05892,Paracet_Tab 500mg,0407010H0AAAMAM,1,0.002999999999999982
691,A87008,Amlodipine_Tab 5mg,0206020A0AAAAAA,1,0.0022000000000000075
692,A87022,Amlodipine_Tab 5mg,0206020A0AAAAAA,1,0.00210000000000006
355,A87009,Atorvastatin_Tab 40mg,0212000B0AAACAC,1,0.00180000000000001
282,A87006,Paracet_Tab 500mg,0407010H0AAAMAM,1,0.0013999999999999915
283,A87006,Paracet_Tab 500mg,0407010H0AAAMAM,1,0.0013999999999999915
693,A87022,Amlodipine_Tab 5mg,0206020A0AAAAAA,1,0.0011000000000000038
694,A87012,Amlodipine_Tab 5mg,0206020A0AAAAAA,1,0.0011000000000000038
695,A87612,Amlodipine_Tab 5mg,0206020A0AAAAAA,1,0.0010000000000000286
285,A87016,Paracet_Tab 500mg,0407010H0AAAMAM,1,0.0006999999999999958
284,A87016,Paracet_Tab 500mg,0407010H0AAAMAM,1,0.0006999999999999958
381,Y02710,Sumatriptan_Tab 50mg,0407041T0AAAFAF,9,0.0
387,A87002,Sumatriptan_Tab 50mg,0407041T0AAAFAF,8,0.0
382,A87017,Sumatriptan_Tab 50mg,0407041T0AAAFAF,3,0.0
383,A87016,Sumatriptan_Tab 50mg,0407041T0AAAFAF,10,0.0
385,A87023,Sumatriptan_Tab 50mg,0407041T0AAAFAF,3,0.0
386,A87022,Sumatriptan_Tab 50mg,0407041T0AAAFAF,5,0.0
394,A87009,Sumatriptan_Tab 50mg,0407041T0AAAFAF,11,0.0
388,A87030,Sumatriptan_Tab 50mg,0407041T0AAAFAF,4,0.0
389,A87020,Sumatriptan_Tab 50mg,0407041T0AAAFAF,12,0.0
391,A87011,Sumatriptan_Tab 50mg,0407041T0AAAFAF,1,0.0
392,A87015,Sumatriptan_Tab 50mg,0407041T0AAAFAF,6,0.0
393,A87612,Sumatriptan_Tab 50mg,0407041T0AAAFAF,7,0.0
379,A87005,Sumatriptan_Tab 50mg,0407041T0AAAFAF,3,0.0
380,A87005,Sumatriptan_Tab 50mg,0407041T0AAAFAF,7,0.0
370,A86016,Sumatriptan_Tab 50mg,0407041T0AAAFAF,1,0.0
378,A87004,Sumatriptan_Tab 50mg,0407041T0AAAFAF,1,0.0
377,A87002,Sumatriptan_Tab 50mg,0407041T0AAAFAF,3,0.0
376,A87012,Sumatriptan_Tab 50mg,0407041T0AAAFAF,3,0.0
375,A87005,Sumatriptan_Tab 50mg,0407041T0AAAFAF,1,0.0
374,A87008,Sumatriptan_Tab 50mg,0407041T0AAAFAF,5,0.0
373,A86041,Sumatriptan_Tab 50mg,0407041T0AAAFAF,5,0.0
372,A87003,Sumatriptan_Tab 50mg,0407041T0AAAFAF,3,0.0
371,A87009,Sumatriptan_Tab 50mg,0407041T0AAAFAF,11,0.0
396,A87004,Sumatriptan_Tab 50mg,0407041T0AAAFAF,18,0.0
369,A87017,Sumatriptan_Tab 50mg,0407041T0AAAFAF,4,0.0
368,A87007,Sumatriptan_Tab 50mg,0407041T0AAAFAF,4,0.0
367,A87008,Sumatriptan_Tab 50mg,0407041T0AAAFAF,1,0.0
366,A87600,Sumatriptan_Tab 50mg,0407041T0AAAFAF,1,0.0
365,Y02710,Sumatriptan_Tab 50mg,0407041T0AAAFAF,4,0.0
395,A87008,Sumatriptan_Tab 50mg,0407041T0AAAFAF,4,0.0
384,A86016,Sumatriptan_Tab 50mg,0407041T0AAAFAF,11,0.0
397,A87615,Sumatriptan_Tab 50mg,0407041T0AAAFAF,3,0.0
417,A87003,Sumatriptan_Tab 50mg,0407041T0AAAFAF,9,0.0
419,A87016,Sumatriptan_Tab 50mg,0407041T0AAAFAF,3,0.0
420,A86005,Sumatriptan_Tab 50mg,0407041T0AAAFAF,2,0.0
421,A87019,Sumatriptan_Tab 50mg,0407041T0AAAFAF,7,0.0
422,A87016,Sumatriptan_Tab 50mg,0407041T0AAAFAF,10,0.0
423,A87016,Sumatriptan_Tab 50mg,0407041T0AAAFAF,2,0.0
424,A86041,Sumatriptan_Tab 50mg,0407041T0AAAFAF,2,0.0
425,A87007,Sumatriptan_Tab 50mg,0407041T0AAAFAF,5,0.0
398,A87013,Sumatriptan_Tab 50mg,0407041T0AAAFAF,11,0.0
427,A87612,Sumatriptan_Tab 50mg,0407041T0AAAFAF,7,0.0
428,A86005,Sumatriptan_Tab 50mg,0407041T0AAAFAF,1,0.0
429,A87006,Sumatriptan_Tab 50mg,0407041T0AAAFAF,3,0.0
430,A87004,Sumatriptan_Tab 50mg,0407041T0AAAFAF,12,0.0
431,A87029,Sumatriptan_Tab 50mg,0407041T0AAAFAF,5,0.0
432,A87007,Sumatriptan_Tab 50mg,0407041T0AAAFAF,1,0.0
433,A87011,Sumatriptan_Tab 50mg,0407041T0AAAFAF,10,0.0
434,A86016,Sumatriptan_Tab 50mg,0407041T0AAAFAF,3,0.0
435,A87027,Sumatriptan_Tab 50mg,0407041T0AAAFAF,1,0.0
418,A87615,Sumatriptan_Tab 50mg,0407041T0AAAFAF,4,0.0
426,A87027,Sumatriptan_Tab 50mg,0407041T0AAAFAF,4,0.0
416,A87019,Sumatriptan_Tab 50mg,0407041T0AAAFAF,2,0.0
407,A87002,Sumatriptan_Tab 50mg,0407041T0AAAFAF,3,0.0
399,A87020,Sumatriptan_Tab 50mg,0407041T0AAAFAF,8,0.0
400,Y02710,Sumatriptan_Tab 50mg,0407041T0AAAFAF,1,0.0
401,A87017,Sumatriptan_Tab 50mg,0407041T0AAAFAF,1,0.0
402,A87023,Sumatriptan_Tab 50mg,0407041T0AAAFAF,1,0.0
415,A87020,Sumatriptan_Tab 50mg,0407041T0AAAFAF,1,0.0
404,A87027,Sumatriptan_Tab 50mg,0407041T0AAAFAF,1,0.0
405,A87015,Sumatriptan_Tab 50mg,0407041T0AAAFAF,9,0.0
406,A87012,Sumatriptan_Tab 50mg,0407041T0AAAFAF,5,0.0
403,A87030,Sumatriptan_Tab 50mg,0407041T0AAAFAF,2,0.0
390,A87005,Sumatriptan_Tab 50mg,0407041T0AAAFAF,2,0.0
412,A87008,Sumatriptan_Tab 50mg,0407041T0AAAFAF,5,0.0
408,A87011,Sumatriptan_Tab 50mg,0407041T0AAAFAF,4,0.0
414,A87013,Sumatriptan_Tab 50mg,0407041T0AAAFAF,3,0.0
413,A87022,Sumatriptan_Tab 50mg,0407041T0AAAFAF,7,0.0
409,A87600,Sumatriptan_Tab 50mg,0407041T0AAAFAF,2,0.0
410,A86005,Sumatriptan_Tab 50mg,0407041T0AAAFAF,7,0.0
411,A87006,Sumatriptan_Tab 50mg,0407041T0AAAFAF,2,0.0
474,A87023,Atorvastatin_Tab 80mg,0212000B0AAADAD,1,-0.0021999999999999797
473,A87004,Atorvastatin_Tab 80mg,0212000B0AAADAD,1,-0.0021999999999999797
356,A87004,Atorvastatin_Tab 40mg,0212000B0AAACAC,1,-0.002399999999999902
287,A87004,Paracet_Tab 500mg,0407010H0AAAMAM,1,-0.0023999999999999994
286,A87004,Paracet_Tab 500mg,0407010H0AAAMAM,1,-0.0023999999999999994
357,A87008,Atorvastatin_Tab 40mg,0212000B0AAACAC,1,-0.002799999999999997
11,A87007,Atorvastatin_Tab 20mg,0212000B0AAABAB,1,-0.0029999999999998778
13,A87017,Atorvastatin_Tab 20mg,0212000B0AAABAB,1,-0.0029999999999998778
12,A87012,Atorvastatin_Tab 20mg,0212000B0AAABAB,1,-0.0029999999999998778
696,A87004,Amlodipine_Tab 5mg,0206020A0AAAAAA,1,-0.002999999999999982
475,A87019,Atorvastatin_Tab 80mg,0212000B0AAADAD,1,-0.003000000000000086
476,A87003,Atorvastatin_Tab 80mg,0212000B0AAADAD,1,-0.003000000000000086
613,A86005,Sertraline HCl_Tab 100mg,0403030Q0AAABAB,1,-0.003000000000000086
436,A87020,Sumatriptan_Tab 50mg,0407041T0AAAFAF,1,-0.00300000000000078
477,A87013,Atorvastatin_Tab 80mg,0212000B0AAADAD,1,-0.0038999999999999313
289,A86041,Paracet_Tab 500mg,0407010H0AAAMAM,1,-0.003999999999999976
288,A86041,Paracet_Tab 500mg,0407010H0AAAMAM,1,-0.003999999999999976
478,A87009,Atorvastatin_Tab 80mg,0212000B0AAADAD,1,-0.0043999999999999595
14,A87600,Atorvastatin_Tab 20mg,0212000B0AAABAB,1,-0.004499999999999817
697,A87011,Amlodipine_Tab 5mg,0206020A0AAAAAA,1,-0.00449999999999999
614,A87016,Sertraline HCl_Tab 100mg,0403030Q0AAABAB,1,-0.004599999999999972
290,A87004,Paracet_Tab 500mg,0407010H0AAAMAM,1,-0.004799999999999971
291,A87004,Paracet_Tab 500mg,0407010H0AAAMAM,1,-0.004799999999999971
479,A87030,Atorvastatin_Tab 80mg,0212000B0AAADAD,1,-0.005100000000000146
437,A87012,Sumatriptan_Tab 50mg,0407041T0AAAFAF,2,-0.005599999999999383
15,A87003,Atorvastatin_Tab 20mg,0212000B0AAABAB,2,-0.0059999999999997555
358,A87007,Atorvastatin_Tab 40mg,0212000B0AAACAC,2,-0.0059999999999997555
618,A86005,Sertraline HCl_Tab 100mg,0403030Q0AAABAB,1,-0.006000000000000172
617,A87009,Sertraline HCl_Tab 100mg,0403030Q0AAABAB,1,-0.006000000000000172
616,A87029,Sertraline HCl_Tab 100mg,0403030Q0AAABAB,1,-0.006000000000000172
615,A87007,Sertraline HCl_Tab 100mg,0403030Q0AAABAB,2,-0.006000000000000172
480,A87600,Atorvastatin_Tab 80mg,0212000B0AAADAD,1,-0.006000000000000172
698,Y05892,Amlodipine_Tab 5mg,0206020A0AAAAAA,3,-0.006299999999999889
619,A87013,Sertraline HCl_Tab 100mg,0403030Q0AAABAB,2,-0.007999999999999952
620,A87007,Sertraline HCl_Tab 100mg,0403030Q0AAABAB,2,-0.00839999999999995
292,Y04187,Paracet_Tab 500mg,0407010H0AAAMAM,2,-0.011199999999999932
293,Y04187,Paracet_Tab 500mg,0407010H0AAAMAM,2,-0.011199999999999932
621,A87017,Sertraline HCl_Tab 100mg,0403030Q0AAABAB,1,-0.012000000000000344
294,A87017,Paracet_Tab 500mg,0407010H0AAAMAM,4,-0.01959999999999988
295,A87017,Paracet_Tab 500mg,0407010H0AAAMAM,4,-0.01959999999999988
699,Y02710,Amlodipine_Tab 5mg,0206020A0AAAAAA,25,-0.052499999999999075
297,A87027,Paracet_Tab 500mg,0407010H0AAAMAM,15,-0.053999999999999986
296,A87027,Paracet_Tab 500mg,0407010H0AAAMAM,15,-0.053999999999999986
700,A86041,Amlodipine_Tab 5mg,0206020A0AAAAAA,26,-0.05459999999999904
299,Y05892,Paracet_Tab 500mg,0407010H0AAAMAM,10,-0.05599999999999966
298,Y05892,Paracet_Tab 500mg,0407010H0AAAMAM,10,-0.05599999999999966
701,A87006,Amlodipine_Tab 5mg,0206020A0AAAAAA,27,-0.056699999999999
702,A87600,Amlodipine_Tab 5mg,0206020A0AAAAAA,29,-0.06089999999999893
703,A87030,Amlodipine_Tab 5mg,0206020A0AAAAAA,37,-0.07769999999999863
704,A87612,Amlodipine_Tab 5mg,0206020A0AAAAAA,45,-0.09449999999999834
705,A87016,Amlodipine_Tab 5mg,0206020A0AAAAAA,45,-0.09449999999999834
706,A87002,Amlodipine_Tab 5mg,0206020A0AAAAAA,49,-0.10289999999999819
707,A87022,Amlodipine_Tab 5mg,0206020A0AAAAAA,50,-0.10499999999999815
708,A87029,Amlodipine_Tab 5mg,0206020A0AAAAAA,53,-0.11129999999999804
709,A87027,Amlodipine_Tab 5mg,0206020A0AAAAAA,56,-0.11759999999999793
710,A87017,Amlodipine_Tab 5mg,0206020A0AAAAAA,58,-0.12179999999999785
711,A87020,Amlodipine_Tab 5mg,0206020A0AAAAAA,62,-0.1301999999999977
301,A87600,Paracet_Tab 500mg,0407010H0AAAMAM,24,-0.1343999999999992
300,A87600,Paracet_Tab 500mg,0407010H0AAAMAM,24,-0.1343999999999992
712,A87008,Amlodipine_Tab 5mg,0206020A0AAAAAA,65,-0.1364999999999976
714,A87013,Amlodipine_Tab 5mg,0206020A0AAAAAA,69,-0.14489999999999745
713,A87019,Amlodipine_Tab 5mg,0206020A0AAAAAA,69,-0.14489999999999745
715,A87011,Amlodipine_Tab 5mg,0206020A0AAAAAA,70,-0.1469999999999974
716,A87615,Amlodipine_Tab 5mg,0206020A0AAAAAA,79,-0.16589999999999708
719,A87023,Amlodipine_Tab 5mg,0206020A0AAAAAA,81,-0.170099999999997
718,A87015,Amlodipine_Tab 5mg,0206020A0AAAAAA,81,-0.170099999999997
717,A87003,Amlodipine_Tab 5mg,0206020A0AAAAAA,81,-0.170099999999997
720,A86016,Amlodipine_Tab 5mg,0206020A0AAAAAA,93,-0.19529999999999656
721,A86005,Amlodipine_Tab 5mg,0206020A0AAAAAA,98,-0.20579999999999637
722,A87009,Amlodipine_Tab 5mg,0206020A0AAAAAA,102,-0.21419999999999623
723,A87004,Amlodipine_Tab 5mg,0206020A0AAAAAA,106,-0.22259999999999608
724,A87007,Amlodipine_Tab 5mg,0206020A0AAAAAA,135,-0.283499999999995
725,A87012,Amlodipine_Tab 5mg,0206020A0AAAAAA,155,-0.32549999999999424
302,A87029,Paracet_Tab 500mg,0407010H0AAAMAM,68,-0.3807999999999977
303,A87029,Paracet_Tab 500mg,0407010H0AAAMAM,68,-0.3807999999999977
304,A87017,Paracet_Tab 500mg,0407010H0AAAMAM,78,-0.43679999999999736
305,A87017,Paracet_Tab 500mg,0407010H0AAAMAM,78,-0.43679999999999736
306,A86041,Paracet_Tab 500mg,0407010H0AAAMAM,78,-0.43679999999999736
307,A86041,Paracet_Tab 500mg,0407010H0AAAMAM,78,-0.43679999999999736
309,A87019,Paracet_Tab 500mg,0407010H0AAAMAM,93,-0.5207999999999968
308,A87019,Paracet_Tab 500mg,0407010H0AAAMAM,93,-0.5207999999999968
311,A87015,Paracet_Tab 500mg,0407010H0AAAMAM,105,-0.5879999999999964
310,A87015,Paracet_Tab 500mg,0407010H0AAAMAM,105,-0.5879999999999964
313,A87030,Paracet_Tab 500mg,0407010H0AAAMAM,135,-0.7559999999999955
312,A87030,Paracet_Tab 500mg,0407010H0AAAMAM,135,-0.7559999999999955
315,A87022,Paracet_Tab 500mg,0407010H0AAAMAM,1,-0.7727999999999997
314,A87022,Paracet_Tab 500mg,0407010H0AAAMAM,1,-0.7727999999999997
316,A87027,Paracet_Tab 500mg,0407010H0AAAMAM,145,-0.8119999999999951
317,A87027,Paracet_Tab 500mg,0407010H0AAAMAM,145,-0.8119999999999951
319,A86016,Paracet_Tab 500mg,0407010H0AAAMAM,149,-0.8343999999999949
318,A86016,Paracet_Tab 500mg,0407010H0AAAMAM,149,-0.8343999999999949
320,A86005,Paracet_Tab 500mg,0407010H0AAAMAM,157,-0.8791999999999947
321,A86005,Paracet_Tab 500mg,0407010H0AAAMAM,157,-0.8791999999999947
322,A87002,Paracet_Tab 500mg,0407010H0AAAMAM,160,-0.8959999999999946
323,A87002,Paracet_Tab 500mg,0407010H0AAAMAM,160,-0.8959999999999946
324,A87013,Paracet_Tab 500mg,0407010H0AAAMAM,190,-1.0639999999999936
325,A87013,Paracet_Tab 500mg,0407010H0AAAMAM,190,-1.0639999999999936
326,A87003,Paracet_Tab 500mg,0407010H0AAAMAM,218,-1.2207999999999926
327,A87003,Paracet_Tab 500mg,0407010H0AAAMAM,218,-1.2207999999999926
328,A87004,Paracet_Tab 500mg,0407010H0AAAMAM,242,-1.3551999999999917
329,A87004,Paracet_Tab 500mg,0407010H0AAAMAM,242,-1.3551999999999917
330,A87022,Paracet_Tab 500mg,0407010H0AAAMAM,79,-1.5799999999999905
331,A87022,Paracet_Tab 500mg,0407010H0AAAMAM,79,-1.5799999999999905
332,A87009,Paracet_Tab 500mg,0407010H0AAAMAM,288,-1.6127999999999902
333,A87009,Paracet_Tab 500mg,0407010H0AAAMAM,288,-1.6127999999999902
334,A87022,Paracet_Tab 500mg,0407010H0AAAMAM,44,-1.971199999999988
335,A87022,Paracet_Tab 500mg,0407010H0AAAMAM,44,-1.971199999999988
336,A87007,Paracet_Tab 500mg,0407010H0AAAMAM,179,-2.004799999999988
337,A87007,Paracet_Tab 500mg,0407010H0AAAMAM,179,-2.004799999999988
338,A87612,Paracet_Tab 500mg,0407010H0AAAMAM,49,-2.1951999999999865
339,A87612,Paracet_Tab 500mg,0407010H0AAAMAM,49,-2.1951999999999865
340,A87011,Paracet_Tab 500mg,0407010H0AAAMAM,1,-2.5599999999999996
341,A87011,Paracet_Tab 500mg,0407010H0AAAMAM,1,-2.5599999999999996
342,A87007,Paracet_Tab 500mg,0407010H0AAAMAM,85,-5.711999999999999
343,A87007,Paracet_Tab 500mg,0407010H0AAAMAM,85,-5.711999999999999
344,A87007,Paracet_Tab 500mg,0407010H0AAAMAM,122,-6.0999999999999845
345,A87007,Paracet_Tab 500mg,0407010H0AAAMAM,122,-6.0999999999999845
634,A87007,Mesalazine_Tab E/C 400mg,0105010B0AAAAAA,2,-25.667999999999992
635,A87003,Mesalazine_Tab E/C 400mg,0105010B0AAAAAA,6,-29.912399999999995
636,A87612,Mesalazine_Tab E/C 400mg,0105010B0AAAAAA,1,-31.942399999999996
