,practice_code,bnf_description,bnf_code,items,excess_cost
0,Y00351,Atorvastatin_Tab 20mg,0212000B0AAABAB,262,225.94880000000006
1,H82033,Atorvastatin_Tab 20mg,0212000B0AAABAB,77,180.2416
10,Y00351,Montelukast_Tab 10mg,0303020G0AAABAB,15,146.244
121,Y00351,Olanzapine_Tab 10mg,040201060AAACAC,3,144.6984
2,H82098,Atorvastatin_Tab 20mg,0212000B0AAABAB,52,135.408
145,H82033,Pregabalin_Cap 150mg,0408010AEAAAEAE,9,113.1354
14,H82098,Atorvastatin_Tab 10mg,0212000B0AAAAAA,20,104.664
122,H82026,Prednisolone_Tab Solb 5mg,0603020T0AABHBH,1,95.912
167,H82033,Quetiapine_Tab 25mg,0402010ABAAABAB,2,91.8792
3,H82012,Atorvastatin_Tab 20mg,0212000B0AAABAB,215,90.3
11,Y00351,Montelukast_Tab 10mg,0303020G0AAABAB,9,73.13040000000001
15,H82012,Atorvastatin_Tab 10mg,0212000B0AAAAAA,31,46.524800000000006
29,H82098,Paracet_Tab 500mg,0407010H0AAAMAM,59,45.430000000000014
30,H82098,Paracet_Tab 500mg,0407010H0AAAMAM,59,45.430000000000014
4,Y00351,Atorvastatin_Tab 20mg,0212000B0AAABAB,51,45.12480000000001
185,Y00351,Escitalopram_Tab 20mg,0403030X0AAABAB,6,44.7552
186,H82012,Escitalopram_Tab 20mg,0403030X0AAABAB,9,44.7552
163,H82033,Atorvastatin_Tab 40mg,0212000B0AAACAC,45,44.604
164,H82012,Atorvastatin_Tab 40mg,0212000B0AAACAC,17,44.5536
123,H82033,Prednisolone_Tab Solb 5mg,0603020T0AABHBH,3,25.183199999999996
12,H82088,Montelukast_Tab 10mg,0303020G0AAABAB,20,24.360000000000003
16,H82026,Atorvastatin_Tab 10mg,0212000B0AAAAAA,68,23.228800000000003
17,H82012,Atorvastatin_Tab 10mg,0212000B0AAAAAA,152,22.98240000000001
5,H82047,Atorvastatin_Tab 20mg,0212000B0AAABAB,256,22.93760000000001
6,H82033,Atorvastatin_Tab 20mg,0212000B0AAABAB,42,22.579200000000004
7,H82098,Atorvastatin_Tab 20mg,0212000B0AAABAB,9,22.5288
165,H82025,Atorvastatin_Tab 40mg,0212000B0AAACAC,185,22.27399999999999
124,H82026,Prednisolone_Tab Solb 5mg,0603020T0AABHBH,1,21.5838
31,H82026,Paracet_Tab 500mg,0407010H0AAAMAM,8,12.096
32,H82026,Paracet_Tab 500mg,0407010H0AAAMAM,8,12.096
18,H82098,Atorvastatin_Tab 10mg,0212000B0AAAAAA,40,11.732
19,H82064,Atorvastatin_Tab 10mg,0212000B0AAAAAA,106,11.575200000000002
20,H82025,Atorvastatin_Tab 10mg,0212000B0AAAAAA,221,11.138399999999997
34,H82012,Paracet_Tab 500mg,0407010H0AAAMAM,17,10.199999999999998
33,H82012,Paracet_Tab 500mg,0407010H0AAAMAM,17,10.199999999999998
36,H82025,Paracet_Tab 500mg,0407010H0AAAMAM,31,9.721600000000013
35,H82025,Paracet_Tab 500mg,0407010H0AAAMAM,31,9.721600000000013
37,H82047,Paracet_Tab 500mg,0407010H0AAAMAM,4,6.3504000000000005
38,H82047,Paracet_Tab 500mg,0407010H0AAAMAM,4,6.3504000000000005
39,H82033,Paracet_Tab 500mg,0407010H0AAAMAM,43,5.159999999999998
40,H82033,Paracet_Tab 500mg,0407010H0AAAMAM,43,5.159999999999998
41,H82047,Paracet_Tab 500mg,0407010H0AAAMAM,101,5.050000000000004
42,H82047,Paracet_Tab 500mg,0407010H0AAAMAM,101,5.050000000000004
44,H82025,Paracet_Tab 500mg,0407010H0AAAMAM,100,4.000000000000011
43,H82025,Paracet_Tab 500mg,0407010H0AAAMAM,100,4.000000000000011
45,H82025,Paracet_Tab 500mg,0407010H0AAAMAM,1,3.2192
46,H82025,Paracet_Tab 500mg,0407010H0AAAMAM,1,3.2192
47,Y00351,Paracet_Tab 500mg,0407010H0AAAMAM,89,0.8899999999999946
48,Y00351,Paracet_Tab 500mg,0407010H0AAAMAM,89,0.8899999999999946
49,H82033,Paracet_Tab 500mg,0407010H0AAAMAM,2,0.17999999999999994
50,H82033,Paracet_Tab 500mg,0407010H0AAAMAM,2,0.17999999999999994
52,Y00351,Paracet_Tab 500mg,0407010H0AAAMAM,2,0.13439999999999985
51,Y00351,Paracet_Tab 500mg,0407010H0AAAMAM,2,0.13439999999999985
146,H82088,Pregabalin_Cap 150mg,0408010AEAAAEAE,28,0.12880000000000058
21,H82033,Atorvastatin_Tab 10mg,0212000B0AAAAAA,28,0.058800000000000324
147,H82026,Pregabalin_Cap 150mg,0408010AEAAAEAE,29,0.05220000000000029
22,H82026,Atorvastatin_Tab 10mg,0212000B0AAAAAA,21,0.04410000000000024
23,H82047,Atorvastatin_Tab 10mg,0212000B0AAAAAA,21,0.04410000000000024
24,H82088,Atorvastatin_Tab 10mg,0212000B0AAAAAA,16,0.033600000000000185
54,H82088,Paracet_Tab 500mg,0407010H0AAAMAM,4,0.023999999999999855
53,H82098,Paracet_Tab 500mg,0407010H0AAAMAM,4,0.023999999999999855
56,H82098,Paracet_Tab 500mg,0407010H0AAAMAM,4,0.023999999999999855
55,H82088,Paracet_Tab 500mg,0407010H0AAAMAM,4,0.023999999999999855
148,H82050,Pregabalin_Cap 150mg,0408010AEAAAEAE,4,0.02240000000000064
149,H82026,Pregabalin_Cap 150mg,0408010AEAAAEAE,4,0.02240000000000064
58,H82012,Paracet_Tab 500mg,0407010H0AAAMAM,1,0.022399999999999975
57,H82012,Paracet_Tab 500mg,0407010H0AAAMAM,1,0.022399999999999975
61,H82098,Paracet_Tab 500mg,0407010H0AAAMAM,8,0.022399999999999864
62,H82098,Paracet_Tab 500mg,0407010H0AAAMAM,8,0.022399999999999864
60,H82047,Paracet_Tab 500mg,0407010H0AAAMAM,8,0.022399999999999864
59,H82047,Paracet_Tab 500mg,0407010H0AAAMAM,8,0.022399999999999864
150,H82026,Pregabalin_Cap 150mg,0408010AEAAAEAE,7,0.01960000000000056
63,H82033,Paracet_Tab 500mg,0407010H0AAAMAM,3,0.01799999999999989
64,H82033,Paracet_Tab 500mg,0407010H0AAAMAM,3,0.01799999999999989
151,H82047,Pregabalin_Cap 150mg,0408010AEAAAEAE,6,0.01680000000000048
153,H82026,Pregabalin_Cap 150mg,0408010AEAAAEAE,4,0.01680000000000048
152,H82064,Pregabalin_Cap 150mg,0408010AEAAAEAE,3,0.01680000000000048
69,H82088,Paracet_Tab 500mg,0407010H0AAAMAM,6,0.0167999999999999
70,H82088,Paracet_Tab 500mg,0407010H0AAAMAM,6,0.0167999999999999
68,H82012,Paracet_Tab 500mg,0407010H0AAAMAM,4,0.0167999999999999
67,H82053,Paracet_Tab 500mg,0407010H0AAAMAM,1,0.0167999999999999
66,H82053,Paracet_Tab 500mg,0407010H0AAAMAM,1,0.0167999999999999
65,H82012,Paracet_Tab 500mg,0407010H0AAAMAM,4,0.0167999999999999
168,H82052,Quetiapine_Tab 25mg,0402010ABAAABAB,3,0.016799999999999315
72,H82064,Paracet_Tab 500mg,0407010H0AAAMAM,5,0.013999999999999915
71,H82064,Paracet_Tab 500mg,0407010H0AAAMAM,5,0.013999999999999915
73,H82026,Paracet_Tab 500mg,0407010H0AAAMAM,3,0.012599999999999924
74,H82026,Paracet_Tab 500mg,0407010H0AAAMAM,3,0.012599999999999924
79,H82098,Paracet_Tab 500mg,0407010H0AAAMAM,1,0.011999999999999927
78,H82098,Paracet_Tab 500mg,0407010H0AAAMAM,1,0.011999999999999927
80,H82053,Paracet_Tab 500mg,0407010H0AAAMAM,2,0.011999999999999927
77,Y00351,Paracet_Tab 500mg,0407010H0AAAMAM,2,0.011999999999999927
75,H82053,Paracet_Tab 500mg,0407010H0AAAMAM,2,0.011999999999999927
76,Y00351,Paracet_Tab 500mg,0407010H0AAAMAM,2,0.011999999999999927
154,Y00351,Pregabalin_Cap 150mg,0408010AEAAAEAE,4,0.01120000000000032
155,H82064,Pregabalin_Cap 150mg,0408010AEAAAEAE,4,0.01120000000000032
169,H82064,Quetiapine_Tab 25mg,0402010ABAAABAB,2,0.011199999999999544
171,Y00351,Quetiapine_Tab 25mg,0402010ABAAABAB,1,0.00840000000000024
170,H82012,Quetiapine_Tab 25mg,0402010ABAAABAB,1,0.00840000000000024
172,H82025,Quetiapine_Tab 25mg,0402010ABAAABAB,1,0.00840000000000024
25,H82012,Atorvastatin_Tab 10mg,0212000B0AAAAAA,4,0.008400000000000046
82,H82064,Paracet_Tab 500mg,0407010H0AAAMAM,2,0.00839999999999995
81,H82064,Paracet_Tab 500mg,0407010H0AAAMAM,2,0.00839999999999995
27,H82064,Atorvastatin_Tab 10mg,0212000B0AAAAAA,3,0.006300000000000035
26,Y00351,Atorvastatin_Tab 10mg,0212000B0AAAAAA,3,0.006300000000000035
85,H82050,Paracet_Tab 500mg,0407010H0AAAMAM,1,0.005999999999999964
84,H82025,Paracet_Tab 500mg,0407010H0AAAMAM,1,0.005999999999999964
83,H82050,Paracet_Tab 500mg,0407010H0AAAMAM,1,0.005999999999999964
86,H82050,Paracet_Tab 500mg,0407010H0AAAMAM,2,0.005999999999999964
88,H82050,Paracet_Tab 500mg,0407010H0AAAMAM,2,0.005999999999999964
87,H82025,Paracet_Tab 500mg,0407010H0AAAMAM,1,0.005999999999999964
159,H82052,Pregabalin_Cap 150mg,0408010AEAAAEAE,4,0.00560000000000016
156,H82012,Pregabalin_Cap 150mg,0408010AEAAAEAE,1,0.00560000000000016
158,H82025,Pregabalin_Cap 150mg,0408010AEAAAEAE,1,0.00560000000000016
157,H82052,Pregabalin_Cap 150mg,0408010AEAAAEAE,1,0.00560000000000016
89,H82033,Paracet_Tab 500mg,0407010H0AAAMAM,4,0.005599999999999966
90,H82033,Paracet_Tab 500mg,0407010H0AAAMAM,4,0.005599999999999966
173,H82026,Quetiapine_Tab 25mg,0402010ABAAABAB,1,0.005599999999999772
174,H82098,Quetiapine_Tab 25mg,0402010ABAAABAB,1,0.005599999999999772
127,H82052,Prednisolone_Tab Solb 5mg,0603020T0AABHBH,1,0.004499999999999504
126,Y05928,Prednisolone_Tab Solb 5mg,0603020T0AABHBH,1,0.004499999999999504
125,H82025,Prednisolone_Tab Solb 5mg,0603020T0AABHBH,1,0.004499999999999504
128,H82098,Prednisolone_Tab Solb 5mg,0603020T0AABHBH,1,0.004200000000000315
160,H82012,Pregabalin_Cap 150mg,0408010AEAAAEAE,1,0.00420000000000012
28,H82025,Atorvastatin_Tab 10mg,0212000B0AAAAAA,2,0.004200000000000023
166,H82053,Atorvastatin_Tab 40mg,0212000B0AAACAC,2,0.00360000000000002
130,H82033,Prednisolone_Tab Solb 5mg,0603020T0AABHBH,1,0.0035999999999996035
129,H82012,Prednisolone_Tab Solb 5mg,0603020T0AABHBH,1,0.0035999999999996035
175,H82098,Quetiapine_Tab 25mg,0402010ABAAABAB,1,0.003500000000000031
176,H82026,Quetiapine_Tab 25mg,0402010ABAAABAB,4,0.0031999999999998696
93,H82025,Paracet_Tab 500mg,0407010H0AAAMAM,1,0.002999999999999982
91,H82064,Paracet_Tab 500mg,0407010H0AAAMAM,1,0.002999999999999982
94,H82025,Paracet_Tab 500mg,0407010H0AAAMAM,1,0.002999999999999982
92,H82064,Paracet_Tab 500mg,0407010H0AAAMAM,1,0.002999999999999982
161,H82098,Pregabalin_Cap 150mg,0408010AEAAAEAE,1,0.00280000000000008
96,H82025,Paracet_Tab 500mg,0407010H0AAAMAM,1,0.002799999999999983
95,H82025,Paracet_Tab 500mg,0407010H0AAAMAM,1,0.002799999999999983
98,H82033,Paracet_Tab 500mg,0407010H0AAAMAM,1,0.002400000000000027
97,H82033,Paracet_Tab 500mg,0407010H0AAAMAM,1,0.002400000000000027
131,H82098,Prednisolone_Tab Solb 5mg,0603020T0AABHBH,1,0.0014999999999998348
132,Y05928,Prednisolone_Tab Solb 5mg,0603020T0AABHBH,1,-0.0027999999999996916
8,H82047,Atorvastatin_Tab 20mg,0212000B0AAABAB,1,-0.0029999999999998778
133,H82053,Prednisolone_Tab Solb 5mg,0603020T0AABHBH,1,-0.0035999999999996035
134,H82064,Prednisolone_Tab Solb 5mg,0603020T0AABHBH,1,-0.0039999999999995595
135,H82047,Prednisolone_Tab Solb 5mg,0603020T0AABHBH,1,-0.0039999999999995595
136,H82033,Prednisolone_Tab Solb 5mg,0603020T0AABHBH,1,-0.0039999999999995595
137,H82052,Prednisolone_Tab Solb 5mg,0603020T0AABHBH,1,-0.0039999999999995595
162,H82026,Pregabalin_Cap 150mg,0408010AEAAAEAE,1,-0.0041999999999995374
138,H82047,Prednisolone_Tab Solb 5mg,0603020T0AABHBH,1,-0.0041999999999995374
143,H82012,Prednisolone_Tab Solb 5mg,0603020T0AABHBH,1,-0.004799999999999471
142,H82052,Prednisolone_Tab Solb 5mg,0603020T0AABHBH,1,-0.004799999999999471
141,H82088,Prednisolone_Tab Solb 5mg,0603020T0AABHBH,1,-0.004799999999999471
140,H82053,Prednisolone_Tab Solb 5mg,0603020T0AABHBH,1,-0.004799999999999471
139,H82025,Prednisolone_Tab Solb 5mg,0603020T0AABHBH,1,-0.004799999999999471
177,H82047,Quetiapine_Tab 25mg,0402010ABAAABAB,4,-0.00560000000000016
9,H82025,Atorvastatin_Tab 20mg,0212000B0AAABAB,2,-0.0059999999999997555
178,H82052,Quetiapine_Tab 25mg,0402010ABAAABAB,3,-0.00840000000000024
144,H82025,Prednisolone_Tab Solb 5mg,0603020T0AABHBH,3,-0.01079999999999881
99,H82053,Paracet_Tab 500mg,0407010H0AAAMAM,2,-0.011199999999999932
100,H82053,Paracet_Tab 500mg,0407010H0AAAMAM,2,-0.011199999999999932
179,H82098,Quetiapine_Tab 25mg,0402010ABAAABAB,4,-0.01120000000000032
180,H82088,Quetiapine_Tab 25mg,0402010ABAAABAB,4,-0.01120000000000032
101,Y00351,Paracet_Tab 500mg,0407010H0AAAMAM,3,-0.0167999999999999
102,Y00351,Paracet_Tab 500mg,0407010H0AAAMAM,3,-0.0167999999999999
181,H82050,Quetiapine_Tab 25mg,0402010ABAAABAB,6,-0.01680000000000048
182,H82033,Quetiapine_Tab 25mg,0402010ABAAABAB,5,-0.0210000000000006
183,H82033,Quetiapine_Tab 25mg,0402010ABAAABAB,11,-0.030800000000000882
105,H82052,Paracet_Tab 500mg,0407010H0AAAMAM,6,-0.0335999999999998
104,H82025,Paracet_Tab 500mg,0407010H0AAAMAM,6,-0.0335999999999998
103,H82025,Paracet_Tab 500mg,0407010H0AAAMAM,6,-0.0335999999999998
106,H82052,Paracet_Tab 500mg,0407010H0AAAMAM,6,-0.0335999999999998
108,H82026,Paracet_Tab 500mg,0407010H0AAAMAM,10,-0.05599999999999966
107,H82026,Paracet_Tab 500mg,0407010H0AAAMAM,10,-0.05599999999999966
110,H82012,Paracet_Tab 500mg,0407010H0AAAMAM,13,-0.07279999999999956
109,H82012,Paracet_Tab 500mg,0407010H0AAAMAM,13,-0.07279999999999956
13,H82088,Montelukast_Tab 10mg,0303020G0AAABAB,27,-0.11609999999999995
184,H82064,Quetiapine_Tab 25mg,0402010ABAAABAB,28,-0.1287999999999998
112,H82033,Paracet_Tab 500mg,0407010H0AAAMAM,25,-0.13999999999999915
111,H82033,Paracet_Tab 500mg,0407010H0AAAMAM,25,-0.13999999999999915
113,H82047,Paracet_Tab 500mg,0407010H0AAAMAM,35,-0.19599999999999881
114,H82047,Paracet_Tab 500mg,0407010H0AAAMAM,35,-0.19599999999999881
116,H82053,Paracet_Tab 500mg,0407010H0AAAMAM,4,-0.5375999999999994
115,H82053,Paracet_Tab 500mg,0407010H0AAAMAM,4,-0.5375999999999994
117,H82026,Paracet_Tab 500mg,0407010H0AAAMAM,101,-1.0099999999999938
118,H82026,Paracet_Tab 500mg,0407010H0AAAMAM,101,-1.0099999999999938
119,H82047,Paracet_Tab 500mg,0407010H0AAAMAM,23,-1.3799999999999997
120,H82047,Paracet_Tab 500mg,0407010H0AAAMAM,23,-1.3799999999999997
