,practice_code,bnf_description,bnf_code,items,excess_cost
440,J83040,Atorvastatin_Tab 20mg,0212000B0AAABAB,181,315.2296
948,J83041,Donepezil HCl_Tab 10mg,0411000D0AAABAB,1,238.6384
721,J83005,Pregabalin_Cap 150mg,0408010AEAAAEAE,12,226.1952
931,J83034,Aripiprazole_Tab 10mg,0402010ADAAAAAA,2,174.4624
441,J83040,Atorvastatin_Tab 20mg,0212000B0AAABAB,213,158.04600000000002
712,J83040,Montelukast_Tab 10mg,0303020G0AAABAB,39,148.2936
612,J83040,Losartan Pot_Tab 25mg,0205052N0AAAAAA,35,92.708
932,J83026,Aripiprazole_Tab 10mg,0402010ADAAAAAA,6,87.2256
650,J83040,Ferr Sulf_Tab 200mg,0901011P0AAACAC,16,84.53759999999998
651,J83016,Ferr Sulf_Tab 200mg,0901011P0AAACAC,3,84.52080000000001
788,J83013,Quetiapine_Tab 25mg,0402010ABAAABAB,1,76.55199999999999
475,J83034,Omeprazole_Cap E/C 20mg,0103050P0AAAAAA,46,72.64320000000001
476,J83003,Omeprazole_Cap E/C 20mg,0103050P0AAAAAA,5,72.576
789,J83021,Quetiapine_Tab 25mg,0402010ABAAABAB,1,65.62799999999999
613,J83040,Losartan Pot_Tab 25mg,0205052N0AAAAAA,46,61.82400000000001
722,J83026,Pregabalin_Cap 150mg,0408010AEAAAEAE,40,56.448
713,J83030,Montelukast_Tab 10mg,0303020G0AAABAB,16,48.742399999999996
714,J83625,Montelukast_Tab 10mg,0303020G0AAABAB,19,48.731199999999994
442,J83011,Atorvastatin_Tab 20mg,0212000B0AAABAB,531,46.09080000000008
790,J83026,Quetiapine_Tab 25mg,0402010ABAAABAB,4,45.94799999999999
443,J83636,Atorvastatin_Tab 20mg,0212000B0AAABAB,133,45.43280000000001
444,J83011,Atorvastatin_Tab 20mg,0212000B0AAABAB,104,45.427200000000006
445,J83043,Atorvastatin_Tab 20mg,0212000B0AAABAB,202,45.248
446,J83053,Atorvastatin_Tab 20mg,0212000B0AAABAB,32,45.068799999999996
447,J83030,Atorvastatin_Tab 20mg,0212000B0AAABAB,552,44.822399999999995
1,J83026,Paracet_Tab 500mg,0407010H0AAAMAM,291,43.65000000000004
0,J83026,Paracet_Tab 500mg,0407010H0AAAMAM,291,43.65000000000004
2,J83026,Paracet_Tab 500mg,0407010H0AAAMAM,83,42.7616
3,J83026,Paracet_Tab 500mg,0407010H0AAAMAM,83,42.7616
4,J83018,Paracet_Tab 500mg,0407010H0AAAMAM,148,39.78239999999999
5,J83018,Paracet_Tab 500mg,0407010H0AAAMAM,148,39.78239999999999
477,J83007,Omeprazole_Cap E/C 20mg,0103050P0AAAAAA,295,36.34399999999995
478,J83008,Omeprazole_Cap E/C 20mg,0103050P0AAAAAA,510,34.27199999999999
6,J83030,Paracet_Tab 500mg,0407010H0AAAMAM,84,33.86879999999999
7,J83030,Paracet_Tab 500mg,0407010H0AAAMAM,84,33.86879999999999
791,J83016,Quetiapine_Tab 25mg,0402010ABAAABAB,8,32.832
614,J83021,Losartan Pot_Tab 25mg,0205052N0AAAAAA,25,30.94
615,J83034,Losartan Pot_Tab 25mg,0205052N0AAAAAA,23,30.912
616,J83003,Losartan Pot_Tab 25mg,0205052N0AAAAAA,38,30.855999999999998
9,J83011,Paracet_Tab 500mg,0407010H0AAAMAM,192,30.720000000000013
8,J83011,Paracet_Tab 500mg,0407010H0AAAMAM,192,30.720000000000013
792,J83016,Quetiapine_Tab 25mg,0402010ABAAABAB,1,28.438799999999997
652,J83040,Ferr Sulf_Tab 200mg,0901011P0AAACAC,10,28.167999999999996
617,J83018,Losartan Pot_Tab 25mg,0205052N0AAAAAA,35,27.636000000000003
653,J83016,Ferr Sulf_Tab 200mg,0901011P0AAACAC,5,25.149999999999995
715,J83030,Montelukast_Tab 10mg,0303020G0AAABAB,65,24.388000000000005
716,J83010,Montelukast_Tab 10mg,0303020G0AAABAB,9,24.368399999999994
479,J83046,Omeprazole_Cap E/C 20mg,0103050P0AAAAAA,518,23.20639999999996
448,J83026,Atorvastatin_Tab 20mg,0212000B0AAABAB,633,23.041200000000046
11,J83046,Paracet_Tab 500mg,0407010H0AAAMAM,38,22.98240000000001
10,J83046,Paracet_Tab 500mg,0407010H0AAAMAM,38,22.98240000000001
12,J83039,Paracet_Tab 500mg,0407010H0AAAMAM,57,22.982399999999995
13,J83039,Paracet_Tab 500mg,0407010H0AAAMAM,57,22.982399999999995
449,J83018,Atorvastatin_Tab 20mg,0212000B0AAABAB,221,22.895600000000012
654,J83007,Ferr Sulf_Tab 200mg,0901011P0AAACAC,17,21.134399999999992
15,J83008,Paracet_Tab 500mg,0407010H0AAAMAM,134,21.011199999999977
14,J83008,Paracet_Tab 500mg,0407010H0AAAMAM,134,21.011199999999977
16,J83018,Paracet_Tab 500mg,0407010H0AAAMAM,73,20.44000000000003
17,J83018,Paracet_Tab 500mg,0407010H0AAAMAM,73,20.44000000000003
19,J83050,Paracet_Tab 500mg,0407010H0AAAMAM,72,20.160000000000004
18,J83050,Paracet_Tab 500mg,0407010H0AAAMAM,72,20.160000000000004
21,J83037,Paracet_Tab 500mg,0407010H0AAAMAM,77,20.019999999999985
20,J83037,Paracet_Tab 500mg,0407010H0AAAMAM,77,20.019999999999985
23,J83039,Paracet_Tab 500mg,0407010H0AAAMAM,175,19.250000000000004
22,J83039,Paracet_Tab 500mg,0407010H0AAAMAM,175,19.250000000000004
655,J83055,Ferr Sulf_Tab 200mg,0901011P0AAACAC,10,17.654
480,J83021,Omeprazole_Cap E/C 20mg,0103050P0AAAAAA,260,17.471999999999994
25,J83055,Paracet_Tab 500mg,0407010H0AAAMAM,31,15.9712
24,J83055,Paracet_Tab 500mg,0407010H0AAAMAM,31,15.9712
618,J83052,Losartan Pot_Tab 25mg,0205052N0AAAAAA,22,15.461600000000002
619,J83037,Losartan Pot_Tab 25mg,0205052N0AAAAAA,41,15.383200000000002
620,J83007,Losartan Pot_Tab 25mg,0205052N0AAAAAA,67,15.383199999999999
793,J83046,Quetiapine_Tab 25mg,0402010ABAAABAB,4,15.315999999999999
26,J83039,Paracet_Tab 500mg,0407010H0AAAMAM,4,15.120000000000001
27,J83039,Paracet_Tab 500mg,0407010H0AAAMAM,4,15.120000000000001
29,J83060,Paracet_Tab 500mg,0407010H0AAAMAM,107,14.98000000000002
28,J83060,Paracet_Tab 500mg,0407010H0AAAMAM,107,14.98000000000002
30,J83010,Paracet_Tab 500mg,0407010H0AAAMAM,64,14.336000000000013
31,J83010,Paracet_Tab 500mg,0407010H0AAAMAM,64,14.336000000000013
656,J83007,Ferr Sulf_Tab 200mg,0901011P0AAACAC,7,14.111999999999998
657,J83042,Ferr Sulf_Tab 200mg,0901011P0AAACAC,8,14.111999999999997
32,J83023,Paracet_Tab 500mg,0407010H0AAAMAM,94,14.100000000000012
33,J83023,Paracet_Tab 500mg,0407010H0AAAMAM,94,14.100000000000012
34,J83625,Paracet_Tab 500mg,0407010H0AAAMAM,54,12.960000000000015
35,J83625,Paracet_Tab 500mg,0407010H0AAAMAM,54,12.960000000000015
36,J83003,Paracet_Tab 500mg,0407010H0AAAMAM,1,12.575
37,J83003,Paracet_Tab 500mg,0407010H0AAAMAM,1,12.575
481,J83011,Omeprazole_Cap E/C 20mg,0103050P0AAAAAA,537,12.028799999999979
38,J83049,Paracet_Tab 500mg,0407010H0AAAMAM,27,11.491200000000015
39,J83049,Paracet_Tab 500mg,0407010H0AAAMAM,27,11.491200000000015
41,J83011,Paracet_Tab 500mg,0407010H0AAAMAM,64,11.46880000000003
40,J83011,Paracet_Tab 500mg,0407010H0AAAMAM,64,11.46880000000003
42,J83052,Paracet_Tab 500mg,0407010H0AAAMAM,30,11.424000000000001
43,J83052,Paracet_Tab 500mg,0407010H0AAAMAM,30,11.424000000000001
44,J83011,Paracet_Tab 500mg,0407010H0AAAMAM,38,11.40000000000001
45,J83011,Paracet_Tab 500mg,0407010H0AAAMAM,38,11.40000000000001
46,J83053,Paracet_Tab 500mg,0407010H0AAAMAM,5,11.256
47,J83053,Paracet_Tab 500mg,0407010H0AAAMAM,5,11.256
49,J83050,Paracet_Tab 500mg,0407010H0AAAMAM,20,11.20000000000001
48,J83050,Paracet_Tab 500mg,0407010H0AAAMAM,20,11.20000000000001
50,J83053,Paracet_Tab 500mg,0407010H0AAAMAM,16,11.110400000000007
51,J83053,Paracet_Tab 500mg,0407010H0AAAMAM,16,11.110400000000007
53,J83041,Paracet_Tab 500mg,0407010H0AAAMAM,33,11.08800000000001
52,J83041,Paracet_Tab 500mg,0407010H0AAAMAM,33,11.08800000000001
55,J83034,Paracet_Tab 500mg,0407010H0AAAMAM,29,11.0432
54,J83034,Paracet_Tab 500mg,0407010H0AAAMAM,29,11.0432
57,J83030,Paracet_Tab 500mg,0407010H0AAAMAM,220,11.00000000000001
56,J83030,Paracet_Tab 500mg,0407010H0AAAMAM,220,11.00000000000001
59,J83040,Paracet_Tab 500mg,0407010H0AAAMAM,80,10.751999999999997
58,J83040,Paracet_Tab 500mg,0407010H0AAAMAM,80,10.751999999999997
61,J83039,Paracet_Tab 500mg,0407010H0AAAMAM,58,10.440000000000017
60,J83039,Paracet_Tab 500mg,0407010H0AAAMAM,58,10.440000000000017
63,J83010,Paracet_Tab 500mg,0407010H0AAAMAM,130,10.400000000000027
62,J83010,Paracet_Tab 500mg,0407010H0AAAMAM,130,10.400000000000027
65,J83007,Paracet_Tab 500mg,0407010H0AAAMAM,86,10.319999999999997
64,J83007,Paracet_Tab 500mg,0407010H0AAAMAM,86,10.319999999999997
66,J83045,Paracet_Tab 500mg,0407010H0AAAMAM,128,10.240000000000027
67,J83045,Paracet_Tab 500mg,0407010H0AAAMAM,128,10.240000000000027
68,J83052,Paracet_Tab 500mg,0407010H0AAAMAM,17,10.199999999999998
69,J83052,Paracet_Tab 500mg,0407010H0AAAMAM,17,10.199999999999998
70,J83030,Paracet_Tab 500mg,0407010H0AAAMAM,41,9.839999999999998
71,J83030,Paracet_Tab 500mg,0407010H0AAAMAM,41,9.839999999999998
73,J83060,Paracet_Tab 500mg,0407010H0AAAMAM,35,9.800000000000013
72,J83060,Paracet_Tab 500mg,0407010H0AAAMAM,35,9.800000000000013
75,J83040,Paracet_Tab 500mg,0407010H0AAAMAM,195,9.750000000000009
77,J83040,Paracet_Tab 500mg,0407010H0AAAMAM,195,9.750000000000009
76,J83021,Paracet_Tab 500mg,0407010H0AAAMAM,195,9.750000000000009
74,J83021,Paracet_Tab 500mg,0407010H0AAAMAM,195,9.750000000000009
78,J83041,Paracet_Tab 500mg,0407010H0AAAMAM,95,9.500000000000009
79,J83041,Paracet_Tab 500mg,0407010H0AAAMAM,95,9.500000000000009
80,J83016,Paracet_Tab 500mg,0407010H0AAAMAM,77,9.239999999999997
81,J83016,Paracet_Tab 500mg,0407010H0AAAMAM,77,9.239999999999997
82,J83021,Paracet_Tab 500mg,0407010H0AAAMAM,2,9.072000000000001
83,J83021,Paracet_Tab 500mg,0407010H0AAAMAM,2,9.072000000000001
84,J83026,Paracet_Tab 500mg,0407010H0AAAMAM,1,9.054
85,J83026,Paracet_Tab 500mg,0407010H0AAAMAM,1,9.054
86,J83016,Paracet_Tab 500mg,0407010H0AAAMAM,12,8.467200000000005
87,J83016,Paracet_Tab 500mg,0407010H0AAAMAM,12,8.467200000000005
89,J83030,Paracet_Tab 500mg,0407010H0AAAMAM,129,7.946400000000002
88,J83030,Paracet_Tab 500mg,0407010H0AAAMAM,129,7.946400000000002
90,J83005,Paracet_Tab 500mg,0407010H0AAAMAM,44,7.920000000000013
91,J83005,Paracet_Tab 500mg,0407010H0AAAMAM,44,7.920000000000013
92,J83003,Paracet_Tab 500mg,0407010H0AAAMAM,97,7.76000000000002
93,J83003,Paracet_Tab 500mg,0407010H0AAAMAM,97,7.76000000000002
94,J83011,Paracet_Tab 500mg,0407010H0AAAMAM,1,7.545
95,J83011,Paracet_Tab 500mg,0407010H0AAAMAM,1,7.545
96,J83021,Paracet_Tab 500mg,0407010H0AAAMAM,83,7.436800000000019
97,J83021,Paracet_Tab 500mg,0407010H0AAAMAM,83,7.436800000000019
482,J83021,Omeprazole_Cap E/C 20mg,0103050P0AAAAAA,37,7.0448
658,J83011,Ferr Sulf_Tab 200mg,0901011P0AAACAC,6,7.0392
483,J83046,Omeprazole_Cap E/C 20mg,0103050P0AAAAAA,93,7.030800000000003
484,J83050,Omeprazole_Cap E/C 20mg,0103050P0AAAAAA,134,6.753599999999985
98,J83026,Paracet_Tab 500mg,0407010H0AAAMAM,110,6.600000000000036
99,J83026,Paracet_Tab 500mg,0407010H0AAAMAM,110,6.600000000000036
485,J83046,Omeprazole_Cap E/C 20mg,0103050P0AAAAAA,290,6.4959999999999605
103,J83011,Paracet_Tab 500mg,0407010H0AAAMAM,2,6.4384
100,J83011,Paracet_Tab 500mg,0407010H0AAAMAM,2,6.4384
101,J83026,Paracet_Tab 500mg,0407010H0AAAMAM,1,6.4384
102,J83026,Paracet_Tab 500mg,0407010H0AAAMAM,1,6.4384
486,J83026,Omeprazole_Cap E/C 20mg,0103050P0AAAAAA,531,5.947199999999964
104,J83029,Paracet_Tab 500mg,0407010H0AAAMAM,65,5.850000000000009
105,J83029,Paracet_Tab 500mg,0407010H0AAAMAM,65,5.850000000000009
106,J83037,Paracet_Tab 500mg,0407010H0AAAMAM,29,5.846399999999998
107,J83037,Paracet_Tab 500mg,0407010H0AAAMAM,29,5.846399999999998
487,J83040,Omeprazole_Cap E/C 20mg,0103050P0AAAAAA,522,5.8463999999999645
109,J83046,Paracet_Tab 500mg,0407010H0AAAMAM,8,5.6448
108,J83046,Paracet_Tab 500mg,0407010H0AAAMAM,8,5.6448
111,J83016,Paracet_Tab 500mg,0407010H0AAAMAM,18,5.544000000000001
110,J83016,Paracet_Tab 500mg,0407010H0AAAMAM,18,5.544000000000001
112,J83630,Paracet_Tab 500mg,0407010H0AAAMAM,44,4.840000000000002
113,J83630,Paracet_Tab 500mg,0407010H0AAAMAM,44,4.840000000000002
115,J83049,Paracet_Tab 500mg,0407010H0AAAMAM,111,4.440000000000012
114,J83049,Paracet_Tab 500mg,0407010H0AAAMAM,111,4.440000000000012
117,J83042,Paracet_Tab 500mg,0407010H0AAAMAM,99,4.43520000000005
116,J83042,Paracet_Tab 500mg,0407010H0AAAMAM,99,4.43520000000005
118,J81083,Paracet_Tab 500mg,0407010H0AAAMAM,55,4.400000000000012
119,J81083,Paracet_Tab 500mg,0407010H0AAAMAM,55,4.400000000000012
120,J83037,Paracet_Tab 500mg,0407010H0AAAMAM,187,3.7400000000000424
121,J83037,Paracet_Tab 500mg,0407010H0AAAMAM,187,3.7400000000000424
122,J83018,Paracet_Tab 500mg,0407010H0AAAMAM,181,3.620000000000041
123,J83018,Paracet_Tab 500mg,0407010H0AAAMAM,181,3.620000000000041
488,J83052,Omeprazole_Cap E/C 20mg,0103050P0AAAAAA,42,3.527999999999995
489,J83013,Omeprazole_Cap E/C 20mg,0103050P0AAAAAA,89,3.4887999999999963
125,J83030,Paracet_Tab 500mg,0407010H0AAAMAM,1,3.4204
124,J83030,Paracet_Tab 500mg,0407010H0AAAMAM,1,3.4204
126,J83013,Paracet_Tab 500mg,0407010H0AAAMAM,1,3.3972
127,J83013,Paracet_Tab 500mg,0407010H0AAAMAM,1,3.3972
490,J83039,Omeprazole_Cap E/C 20mg,0103050P0AAAAAA,75,3.35999999999998
491,J83013,Omeprazole_Cap E/C 20mg,0103050P0AAAAAA,147,3.29279999999998
128,J83042,Paracet_Tab 500mg,0407010H0AAAMAM,80,3.200000000000036
129,J83042,Paracet_Tab 500mg,0407010H0AAAMAM,80,3.200000000000036
492,J83049,Omeprazole_Cap E/C 20mg,0103050P0AAAAAA,281,3.147199999999981
130,J83013,Paracet_Tab 500mg,0407010H0AAAMAM,2,3.0240000000000005
131,J83013,Paracet_Tab 500mg,0407010H0AAAMAM,2,3.0240000000000005
132,J83040,Paracet_Tab 500mg,0407010H0AAAMAM,5,2.9820000000000007
133,J83040,Paracet_Tab 500mg,0407010H0AAAMAM,5,2.9820000000000007
493,J83037,Omeprazole_Cap E/C 20mg,0103050P0AAAAAA,532,2.979199999999982
135,J83630,Paracet_Tab 500mg,0407010H0AAAMAM,4,2.9600000000000017
134,J83630,Paracet_Tab 500mg,0407010H0AAAMAM,4,2.9600000000000017
137,J83003,Paracet_Tab 500mg,0407010H0AAAMAM,147,2.9400000000000333
136,J83003,Paracet_Tab 500mg,0407010H0AAAMAM,147,2.9400000000000333
494,J83007,Omeprazole_Cap E/C 20mg,0103050P0AAAAAA,508,2.844799999999983
138,J83026,Paracet_Tab 500mg,0407010H0AAAMAM,3,2.7720000000000007
139,J83026,Paracet_Tab 500mg,0407010H0AAAMAM,3,2.7720000000000007
495,J83014,Omeprazole_Cap E/C 20mg,0103050P0AAAAAA,165,2.7719999999999834
496,J83011,Omeprazole_Cap E/C 20mg,0103050P0AAAAAA,242,2.7103999999999835
497,J83055,Omeprazole_Cap E/C 20mg,0103050P0AAAAAA,234,2.620799999999984
498,J83046,Omeprazole_Cap E/C 20mg,0103050P0AAAAAA,176,2.587199999999997
140,J83029,Paracet_Tab 500mg,0407010H0AAAMAM,19,2.5535999999999994
141,J83029,Paracet_Tab 500mg,0407010H0AAAMAM,19,2.5535999999999994
142,J83004,Paracet_Tab 500mg,0407010H0AAAMAM,111,2.220000000000025
143,J83004,Paracet_Tab 500mg,0407010H0AAAMAM,111,2.220000000000025
144,J83016,Paracet_Tab 500mg,0407010H0AAAMAM,90,2.0159999999999876
145,J83016,Paracet_Tab 500mg,0407010H0AAAMAM,90,2.0159999999999876
147,J83011,Paracet_Tab 500mg,0407010H0AAAMAM,16,1.7920000000000016
146,J83011,Paracet_Tab 500mg,0407010H0AAAMAM,16,1.7920000000000016
499,J83043,Omeprazole_Cap E/C 20mg,0103050P0AAAAAA,320,1.7919999999999892
500,J83030,Omeprazole_Cap E/C 20mg,0103050P0AAAAAA,341,1.6708999999999983
501,J81083,Omeprazole_Cap E/C 20mg,0103050P0AAAAAA,148,1.65759999999999
502,J83609,Omeprazole_Cap E/C 20mg,0103050P0AAAAAA,193,1.6211999999999902
149,J83021,Paracet_Tab 500mg,0407010H0AAAMAM,2,1.6128000000000002
148,J83021,Paracet_Tab 500mg,0407010H0AAAMAM,2,1.6128000000000002
503,J83056,Omeprazole_Cap E/C 20mg,0103050P0AAAAAA,141,1.5791999999999904
504,J83625,Omeprazole_Cap E/C 20mg,0103050P0AAAAAA,184,1.5455999999999905
150,J83618,Paracet_Tab 500mg,0407010H0AAAMAM,50,1.5000000000000082
151,J83618,Paracet_Tab 500mg,0407010H0AAAMAM,50,1.5000000000000082
505,J83040,Omeprazole_Cap E/C 20mg,0103050P0AAAAAA,501,1.4027999999999428
506,J83041,Omeprazole_Cap E/C 20mg,0103050P0AAAAAA,261,1.2788999999999986
507,J83018,Omeprazole_Cap E/C 20mg,0103050P0AAAAAA,449,1.2571999999999488
508,J83041,Omeprazole_Cap E/C 20mg,0103050P0AAAAAA,220,1.2319999999999927
152,J83042,Paracet_Tab 500mg,0407010H0AAAMAM,1,1.200000000000001
153,J83042,Paracet_Tab 500mg,0407010H0AAAMAM,1,1.200000000000001
509,J83042,Omeprazole_Cap E/C 20mg,0103050P0AAAAAA,400,1.1199999999999544
717,J83018,Montelukast_Tab 10mg,0303020G0AAABAB,34,0.9520000000000008
450,J83005,Atorvastatin_Tab 20mg,0212000B0AAABAB,332,0.9296000000000266
510,J83010,Omeprazole_Cap E/C 20mg,0103050P0AAAAAA,180,0.881999999999999
949,J83040,Donepezil HCl_Tab 10mg,0411000D0AAABAB,20,0.7839999999999991
511,J83055,Omeprazole_Cap E/C 20mg,0103050P0AAAAAA,156,0.7643999999999992
512,J83039,Omeprazole_Cap E/C 20mg,0103050P0AAAAAA,250,0.6999999999999715
950,J83021,Donepezil HCl_Tab 10mg,0411000D0AAABAB,49,0.6860000000000006
513,J83026,Omeprazole_Cap E/C 20mg,0103050P0AAAAAA,48,0.6719999999999995
951,J83010,Donepezil HCl_Tab 10mg,0411000D0AAABAB,19,0.6383999999999999
155,J83615,Paracet_Tab 500mg,0407010H0AAAMAM,19,0.5700000000000032
154,J83615,Paracet_Tab 500mg,0407010H0AAAMAM,19,0.5700000000000032
514,J83029,Omeprazole_Cap E/C 20mg,0103050P0AAAAAA,99,0.4850999999999995
515,J83021,Omeprazole_Cap E/C 20mg,0103050P0AAAAAA,64,0.31359999999999966
516,J83039,Omeprazole_Cap E/C 20mg,0103050P0AAAAAA,60,0.2939999999999997
517,J83045,Omeprazole_Cap E/C 20mg,0103050P0AAAAAA,57,0.2792999999999997
518,J83011,Omeprazole_Cap E/C 20mg,0103050P0AAAAAA,56,0.2743999999999997
659,J83016,Ferr Sulf_Tab 200mg,0901011P0AAACAC,12,0.2687999999999984
952,J83026,Donepezil HCl_Tab 10mg,0411000D0AAABAB,95,0.2660000000000076
519,J83013,Omeprazole_Cap E/C 20mg,0103050P0AAAAAA,53,0.2596999999999997
520,J83052,Omeprazole_Cap E/C 20mg,0103050P0AAAAAA,1,0.25839999999999996
156,J83011,Paracet_Tab 500mg,0407010H0AAAMAM,7,0.23520000000000266
157,J83011,Paracet_Tab 500mg,0407010H0AAAMAM,7,0.23520000000000266
522,J83043,Omeprazole_Cap E/C 20mg,0103050P0AAAAAA,46,0.22539999999999977
521,J83016,Omeprazole_Cap E/C 20mg,0103050P0AAAAAA,46,0.22539999999999977
660,J83030,Ferr Sulf_Tab 200mg,0901011P0AAACAC,39,0.21839999999999868
523,J83019,Omeprazole_Cap E/C 20mg,0103050P0AAAAAA,42,0.20579999999999976
158,J83042,Paracet_Tab 500mg,0407010H0AAAMAM,3,0.20159999999999978
159,J83042,Paracet_Tab 500mg,0407010H0AAAMAM,3,0.20159999999999978
524,J83037,Omeprazole_Cap E/C 20mg,0103050P0AAAAAA,41,0.20089999999999977
160,J83636,Paracet_Tab 500mg,0407010H0AAAMAM,10,0.1999999999999988
161,J83636,Paracet_Tab 500mg,0407010H0AAAMAM,10,0.1999999999999988
525,J83056,Omeprazole_Cap E/C 20mg,0103050P0AAAAAA,40,0.19599999999999979
526,J83014,Omeprazole_Cap E/C 20mg,0103050P0AAAAAA,38,0.1861999999999998
527,J83603,Omeprazole_Cap E/C 20mg,0103050P0AAAAAA,36,0.1763999999999998
528,J83023,Omeprazole_Cap E/C 20mg,0103050P0AAAAAA,33,0.16169999999999982
529,J83625,Omeprazole_Cap E/C 20mg,0103050P0AAAAAA,26,0.12739999999999985
530,J83040,Omeprazole_Cap E/C 20mg,0103050P0AAAAAA,26,0.12739999999999985
953,J83007,Donepezil HCl_Tab 10mg,0411000D0AAABAB,40,0.11200000000000321
661,J83043,Ferr Sulf_Tab 200mg,0901011P0AAACAC,20,0.11199999999999932
531,J83601,Omeprazole_Cap E/C 20mg,0103050P0AAAAAA,22,0.10779999999999988
532,J83609,Omeprazole_Cap E/C 20mg,0103050P0AAAAAA,20,0.09799999999999989
533,J83615,Omeprazole_Cap E/C 20mg,0103050P0AAAAAA,19,0.0930999999999999
534,J83060,Omeprazole_Cap E/C 20mg,0103050P0AAAAAA,17,0.0832999999999999
535,J83618,Omeprazole_Cap E/C 20mg,0103050P0AAAAAA,16,0.07839999999999991
536,J83050,Omeprazole_Cap E/C 20mg,0103050P0AAAAAA,16,0.07839999999999991
537,J83058,Omeprazole_Cap E/C 20mg,0103050P0AAAAAA,16,0.07839999999999991
662,J83055,Ferr Sulf_Tab 200mg,0901011P0AAACAC,28,0.07839999999999953
538,J83034,Omeprazole_Cap E/C 20mg,0103050P0AAAAAA,15,0.07349999999999993
539,J83048,Omeprazole_Cap E/C 20mg,0103050P0AAAAAA,15,0.07349999999999993
162,J83003,Paracet_Tab 500mg,0407010H0AAAMAM,1,0.06719999999999993
163,J83003,Paracet_Tab 500mg,0407010H0AAAMAM,1,0.06719999999999993
663,J83041,Ferr Sulf_Tab 200mg,0901011P0AAACAC,12,0.0671999999999996
540,J83008,Omeprazole_Cap E/C 20mg,0103050P0AAAAAA,13,0.06369999999999992
541,J83030,Omeprazole_Cap E/C 20mg,0103050P0AAAAAA,15,0.06299999999999993
165,J83030,Paracet_Tab 500mg,0407010H0AAAMAM,15,0.06299999999999961
164,J83030,Paracet_Tab 500mg,0407010H0AAAMAM,15,0.06299999999999961
664,J83026,Ferr Sulf_Tab 200mg,0901011P0AAACAC,11,0.06159999999999963
795,J83029,Quetiapine_Tab 25mg,0402010ABAAABAB,11,0.06159999999999749
794,J83016,Quetiapine_Tab 25mg,0402010ABAAABAB,11,0.06159999999999749
542,J83004,Omeprazole_Cap E/C 20mg,0103050P0AAAAAA,12,0.058799999999999936
796,J83021,Quetiapine_Tab 25mg,0402010ABAAABAB,10,0.05599999999999772
723,J83026,Pregabalin_Cap 150mg,0408010AEAAAEAE,9,0.050400000000001444
621,J83030,Losartan Pot_Tab 25mg,0205052N0AAAAAA,24,0.05040000000000028
622,J83046,Losartan Pot_Tab 25mg,0205052N0AAAAAA,24,0.05040000000000028
169,J83010,Paracet_Tab 500mg,0407010H0AAAMAM,18,0.050399999999999695
168,J83010,Paracet_Tab 500mg,0407010H0AAAMAM,18,0.050399999999999695
167,J83029,Paracet_Tab 500mg,0407010H0AAAMAM,12,0.050399999999999695
166,J83029,Paracet_Tab 500mg,0407010H0AAAMAM,12,0.050399999999999695
543,J83006,Omeprazole_Cap E/C 20mg,0103050P0AAAAAA,10,0.048999999999999946
724,J83016,Pregabalin_Cap 150mg,0408010AEAAAEAE,8,0.04480000000000128
170,J81083,Paracet_Tab 500mg,0407010H0AAAMAM,1,0.04479999999999995
171,J81083,Paracet_Tab 500mg,0407010H0AAAMAM,1,0.04479999999999995
174,J83046,Paracet_Tab 500mg,0407010H0AAAMAM,16,0.04479999999999973
172,J83030,Paracet_Tab 500mg,0407010H0AAAMAM,16,0.04479999999999973
173,J83046,Paracet_Tab 500mg,0407010H0AAAMAM,16,0.04479999999999973
175,J83030,Paracet_Tab 500mg,0407010H0AAAMAM,16,0.04479999999999973
797,J83046,Quetiapine_Tab 25mg,0402010ABAAABAB,8,0.044799999999998175
544,J83042,Omeprazole_Cap E/C 20mg,0103050P0AAAAAA,9,0.04409999999999995
623,J83013,Losartan Pot_Tab 25mg,0205052N0AAAAAA,20,0.04200000000000023
176,J83041,Paracet_Tab 500mg,0407010H0AAAMAM,15,0.041999999999999746
177,J83041,Paracet_Tab 500mg,0407010H0AAAMAM,15,0.041999999999999746
725,J83029,Pregabalin_Cap 150mg,0408010AEAAAEAE,7,0.03920000000000112
545,J83632,Omeprazole_Cap E/C 20mg,0103050P0AAAAAA,8,0.03919999999999996
799,J83010,Quetiapine_Tab 25mg,0402010ABAAABAB,7,0.0391999999999984
798,J83037,Quetiapine_Tab 25mg,0402010ABAAABAB,7,0.0391999999999984
547,J83003,Omeprazole_Cap E/C 20mg,0103050P0AAAAAA,7,0.03429999999999996
546,J83007,Omeprazole_Cap E/C 20mg,0103050P0AAAAAA,7,0.03429999999999996
726,J83030,Pregabalin_Cap 150mg,0408010AEAAAEAE,12,0.03360000000000096
800,J83021,Quetiapine_Tab 25mg,0402010ABAAABAB,4,0.03360000000000096
624,J83041,Losartan Pot_Tab 25mg,0205052N0AAAAAA,16,0.033600000000000185
184,J83055,Paracet_Tab 500mg,0407010H0AAAMAM,8,0.0335999999999998
186,J83055,Paracet_Tab 500mg,0407010H0AAAMAM,8,0.0335999999999998
187,J83041,Paracet_Tab 500mg,0407010H0AAAMAM,8,0.0335999999999998
665,J83056,Ferr Sulf_Tab 200mg,0901011P0AAACAC,6,0.0335999999999998
183,J83010,Paracet_Tab 500mg,0407010H0AAAMAM,8,0.0335999999999998
182,J83003,Paracet_Tab 500mg,0407010H0AAAMAM,12,0.0335999999999998
181,J83014,Paracet_Tab 500mg,0407010H0AAAMAM,8,0.0335999999999998
180,J83041,Paracet_Tab 500mg,0407010H0AAAMAM,8,0.0335999999999998
179,J83010,Paracet_Tab 500mg,0407010H0AAAMAM,8,0.0335999999999998
178,J83003,Paracet_Tab 500mg,0407010H0AAAMAM,12,0.0335999999999998
185,J83014,Paracet_Tab 500mg,0407010H0AAAMAM,8,0.0335999999999998
801,J83042,Quetiapine_Tab 25mg,0402010ABAAABAB,6,0.03359999999999863
727,J83016,Pregabalin_Cap 150mg,0408010AEAAAEAE,7,0.029400000000000842
728,J83046,Pregabalin_Cap 150mg,0408010AEAAAEAE,7,0.029400000000000842
189,J83008,Paracet_Tab 500mg,0407010H0AAAMAM,7,0.029399999999999822
188,J83008,Paracet_Tab 500mg,0407010H0AAAMAM,7,0.029399999999999822
802,J83030,Quetiapine_Tab 25mg,0402010ABAAABAB,2,0.028000000000000802
731,J83007,Pregabalin_Cap 150mg,0408010AEAAAEAE,5,0.028000000000000802
730,J83046,Pregabalin_Cap 150mg,0408010AEAAAEAE,5,0.028000000000000802
729,J83011,Pregabalin_Cap 150mg,0408010AEAAAEAE,5,0.028000000000000802
804,J83030,Quetiapine_Tab 25mg,0402010ABAAABAB,5,0.02799999999999886
805,J83006,Quetiapine_Tab 25mg,0402010ABAAABAB,5,0.02799999999999886
806,J83013,Quetiapine_Tab 25mg,0402010ABAAABAB,5,0.02799999999999886
807,J83008,Quetiapine_Tab 25mg,0402010ABAAABAB,5,0.02799999999999886
808,J83011,Quetiapine_Tab 25mg,0402010ABAAABAB,5,0.02799999999999886
809,J83055,Quetiapine_Tab 25mg,0402010ABAAABAB,5,0.02799999999999886
803,J83026,Quetiapine_Tab 25mg,0402010ABAAABAB,5,0.02799999999999886
625,J83026,Losartan Pot_Tab 25mg,0205052N0AAAAAA,13,0.02730000000000015
810,J83034,Quetiapine_Tab 25mg,0402010ABAAABAB,1,0.026800000000000768
811,J83014,Quetiapine_Tab 25mg,0402010ABAAABAB,6,0.025200000000000722
732,J83050,Pregabalin_Cap 150mg,0408010AEAAAEAE,9,0.025200000000000722
812,J83016,Quetiapine_Tab 25mg,0402010ABAAABAB,3,0.025200000000000722
626,J83010,Losartan Pot_Tab 25mg,0205052N0AAAAAA,12,0.02520000000000014
627,J83603,Losartan Pot_Tab 25mg,0205052N0AAAAAA,12,0.02520000000000014
190,J83632,Paracet_Tab 500mg,0407010H0AAAMAM,6,0.025199999999999848
195,J83014,Paracet_Tab 500mg,0407010H0AAAMAM,9,0.025199999999999848
194,J83014,Paracet_Tab 500mg,0407010H0AAAMAM,9,0.025199999999999848
193,J83029,Paracet_Tab 500mg,0407010H0AAAMAM,9,0.025199999999999848
192,J83029,Paracet_Tab 500mg,0407010H0AAAMAM,9,0.025199999999999848
191,J83632,Paracet_Tab 500mg,0407010H0AAAMAM,6,0.025199999999999848
548,J83053,Omeprazole_Cap E/C 20mg,0103050P0AAAAAA,5,0.024499999999999973
549,J83629,Omeprazole_Cap E/C 20mg,0103050P0AAAAAA,5,0.024499999999999973
451,J83016,Atorvastatin_Tab 20mg,0212000B0AAABAB,4,0.024000000000000687
197,J83021,Paracet_Tab 500mg,0407010H0AAAMAM,4,0.023999999999999855
196,J83021,Paracet_Tab 500mg,0407010H0AAAMAM,4,0.023999999999999855
813,J83042,Quetiapine_Tab 25mg,0402010ABAAABAB,15,0.023999999999999022
628,J83023,Losartan Pot_Tab 25mg,0205052N0AAAAAA,11,0.023100000000000127
734,J83010,Pregabalin_Cap 150mg,0408010AEAAAEAE,8,0.02240000000000064
733,J83037,Pregabalin_Cap 150mg,0408010AEAAAEAE,8,0.02240000000000064
735,J83041,Pregabalin_Cap 150mg,0408010AEAAAEAE,8,0.02240000000000064
736,J83625,Pregabalin_Cap 150mg,0408010AEAAAEAE,8,0.02240000000000064
675,J83019,Ferr Sulf_Tab 200mg,0901011P0AAACAC,4,0.022399999999999864
666,J83050,Ferr Sulf_Tab 200mg,0901011P0AAACAC,4,0.022399999999999864
667,J83037,Ferr Sulf_Tab 200mg,0901011P0AAACAC,4,0.022399999999999864
668,J83625,Ferr Sulf_Tab 200mg,0901011P0AAACAC,4,0.022399999999999864
669,J83023,Ferr Sulf_Tab 200mg,0901011P0AAACAC,8,0.022399999999999864
670,J83039,Ferr Sulf_Tab 200mg,0901011P0AAACAC,4,0.022399999999999864
671,J83045,Ferr Sulf_Tab 200mg,0901011P0AAACAC,8,0.022399999999999864
672,J83046,Ferr Sulf_Tab 200mg,0901011P0AAACAC,4,0.022399999999999864
198,J83045,Paracet_Tab 500mg,0407010H0AAAMAM,8,0.022399999999999864
199,J83045,Paracet_Tab 500mg,0407010H0AAAMAM,8,0.022399999999999864
200,J83021,Paracet_Tab 500mg,0407010H0AAAMAM,8,0.022399999999999864
201,J83021,Paracet_Tab 500mg,0407010H0AAAMAM,8,0.022399999999999864
674,J83046,Ferr Sulf_Tab 200mg,0901011P0AAACAC,8,0.022399999999999864
673,J83041,Ferr Sulf_Tab 200mg,0901011P0AAACAC,8,0.022399999999999864
814,J83049,Quetiapine_Tab 25mg,0402010ABAAABAB,4,0.022399999999999087
815,J83007,Quetiapine_Tab 25mg,0402010ABAAABAB,4,0.022399999999999087
816,J83039,Quetiapine_Tab 25mg,0402010ABAAABAB,4,0.022399999999999087
452,J83060,Atorvastatin_Tab 20mg,0212000B0AAABAB,5,0.022000000000000075
629,J83615,Losartan Pot_Tab 25mg,0205052N0AAAAAA,10,0.021000000000000116
207,J83013,Paracet_Tab 500mg,0407010H0AAAMAM,5,0.020999999999999873
202,J83007,Paracet_Tab 500mg,0407010H0AAAMAM,5,0.020999999999999873
203,J83013,Paracet_Tab 500mg,0407010H0AAAMAM,5,0.020999999999999873
204,J83007,Paracet_Tab 500mg,0407010H0AAAMAM,5,0.020999999999999873
205,J83019,Paracet_Tab 500mg,0407010H0AAAMAM,5,0.020999999999999873
206,J83019,Paracet_Tab 500mg,0407010H0AAAMAM,5,0.020999999999999873
209,J83615,Paracet_Tab 500mg,0407010H0AAAMAM,5,0.020999999999999873
208,J83615,Paracet_Tab 500mg,0407010H0AAAMAM,5,0.020999999999999873
737,J83026,Pregabalin_Cap 150mg,0408010AEAAAEAE,7,0.01960000000000056
550,J81083,Omeprazole_Cap E/C 20mg,0103050P0AAAAAA,4,0.01959999999999998
551,J83636,Omeprazole_Cap E/C 20mg,0103050P0AAAAAA,4,0.01959999999999998
933,J83018,Aripiprazole_Tab 10mg,0402010ADAAAAAA,9,0.018900000000003164
630,J83011,Losartan Pot_Tab 25mg,0205052N0AAAAAA,9,0.018900000000000104
817,J83034,Quetiapine_Tab 25mg,0402010ABAAABAB,2,0.01680000000000048
821,J83046,Quetiapine_Tab 25mg,0402010ABAAABAB,4,0.01680000000000048
820,J83042,Quetiapine_Tab 25mg,0402010ABAAABAB,2,0.01680000000000048
819,J83050,Quetiapine_Tab 25mg,0402010ABAAABAB,2,0.01680000000000048
818,J83008,Quetiapine_Tab 25mg,0402010ABAAABAB,2,0.01680000000000048
738,J83039,Pregabalin_Cap 150mg,0408010AEAAAEAE,4,0.01680000000000048
739,J83026,Pregabalin_Cap 150mg,0408010AEAAAEAE,4,0.01680000000000048
740,J83014,Pregabalin_Cap 150mg,0408010AEAAAEAE,4,0.01680000000000048
741,J83019,Pregabalin_Cap 150mg,0408010AEAAAEAE,3,0.01680000000000048
742,J83014,Pregabalin_Cap 150mg,0408010AEAAAEAE,3,0.01680000000000048
743,J83045,Pregabalin_Cap 150mg,0408010AEAAAEAE,6,0.01680000000000048
744,J83005,Pregabalin_Cap 150mg,0408010AEAAAEAE,3,0.01680000000000048
631,J83003,Losartan Pot_Tab 25mg,0205052N0AAAAAA,8,0.016800000000000093
213,J83618,Paracet_Tab 500mg,0407010H0AAAMAM,4,0.0167999999999999
210,J83039,Paracet_Tab 500mg,0407010H0AAAMAM,4,0.0167999999999999
211,J83039,Paracet_Tab 500mg,0407010H0AAAMAM,4,0.0167999999999999
221,J83040,Paracet_Tab 500mg,0407010H0AAAMAM,4,0.0167999999999999
212,J83058,Paracet_Tab 500mg,0407010H0AAAMAM,4,0.0167999999999999
215,J83618,Paracet_Tab 500mg,0407010H0AAAMAM,4,0.0167999999999999
216,J83004,Paracet_Tab 500mg,0407010H0AAAMAM,6,0.0167999999999999
214,J83045,Paracet_Tab 500mg,0407010H0AAAMAM,4,0.0167999999999999
217,J83040,Paracet_Tab 500mg,0407010H0AAAMAM,4,0.0167999999999999
218,J83045,Paracet_Tab 500mg,0407010H0AAAMAM,4,0.0167999999999999
219,J83004,Paracet_Tab 500mg,0407010H0AAAMAM,6,0.0167999999999999
220,J83058,Paracet_Tab 500mg,0407010H0AAAMAM,4,0.0167999999999999
824,J83003,Quetiapine_Tab 25mg,0402010ABAAABAB,3,0.016799999999999315
822,J81083,Quetiapine_Tab 25mg,0402010ABAAABAB,3,0.016799999999999315
825,J83040,Quetiapine_Tab 25mg,0402010ABAAABAB,3,0.016799999999999315
826,J83014,Quetiapine_Tab 25mg,0402010ABAAABAB,3,0.016799999999999315
823,J83018,Quetiapine_Tab 25mg,0402010ABAAABAB,3,0.016799999999999315
827,J83021,Quetiapine_Tab 25mg,0402010ABAAABAB,4,0.015999999999999348
828,J83043,Quetiapine_Tab 25mg,0402010ABAAABAB,4,0.015999999999999348
632,J83029,Losartan Pot_Tab 25mg,0205052N0AAAAAA,7,0.014700000000000081
745,J83055,Pregabalin_Cap 150mg,0408010AEAAAEAE,5,0.014000000000000401
746,J83016,Pregabalin_Cap 150mg,0408010AEAAAEAE,5,0.014000000000000401
831,J83013,Quetiapine_Tab 25mg,0402010ABAAABAB,4,0.014000000000000401
832,J83625,Quetiapine_Tab 25mg,0402010ABAAABAB,4,0.014000000000000401
833,J83021,Quetiapine_Tab 25mg,0402010ABAAABAB,4,0.014000000000000401
834,J83018,Quetiapine_Tab 25mg,0402010ABAAABAB,1,0.014000000000000401
829,J83042,Quetiapine_Tab 25mg,0402010ABAAABAB,1,0.014000000000000401
830,J83016,Quetiapine_Tab 25mg,0402010ABAAABAB,1,0.014000000000000401
222,J83630,Paracet_Tab 500mg,0407010H0AAAMAM,5,0.013999999999999915
228,J83050,Paracet_Tab 500mg,0407010H0AAAMAM,5,0.013999999999999915
223,J83601,Paracet_Tab 500mg,0407010H0AAAMAM,5,0.013999999999999915
224,J83615,Paracet_Tab 500mg,0407010H0AAAMAM,5,0.013999999999999915
225,J83630,Paracet_Tab 500mg,0407010H0AAAMAM,5,0.013999999999999915
226,J83050,Paracet_Tab 500mg,0407010H0AAAMAM,5,0.013999999999999915
227,J83601,Paracet_Tab 500mg,0407010H0AAAMAM,5,0.013999999999999915
229,J83615,Paracet_Tab 500mg,0407010H0AAAMAM,5,0.013999999999999915
676,J83030,Ferr Sulf_Tab 200mg,0901011P0AAACAC,5,0.013999999999999915
633,J83006,Losartan Pot_Tab 25mg,0205052N0AAAAAA,6,0.01260000000000007
230,J83007,Paracet_Tab 500mg,0407010H0AAAMAM,4,0.011999999999999927
235,J83006,Paracet_Tab 500mg,0407010H0AAAMAM,2,0.011999999999999927
231,J83010,Paracet_Tab 500mg,0407010H0AAAMAM,2,0.011999999999999927
232,J83006,Paracet_Tab 500mg,0407010H0AAAMAM,2,0.011999999999999927
233,J83010,Paracet_Tab 500mg,0407010H0AAAMAM,2,0.011999999999999927
234,J83007,Paracet_Tab 500mg,0407010H0AAAMAM,4,0.011999999999999927
934,J83008,Aripiprazole_Tab 10mg,0402010ADAAAAAA,2,0.01120000000000032
747,J83013,Pregabalin_Cap 150mg,0408010AEAAAEAE,4,0.01120000000000032
756,J83039,Pregabalin_Cap 150mg,0408010AEAAAEAE,4,0.01120000000000032
751,J83060,Pregabalin_Cap 150mg,0408010AEAAAEAE,4,0.01120000000000032
752,J83058,Pregabalin_Cap 150mg,0408010AEAAAEAE,2,0.01120000000000032
757,J83041,Pregabalin_Cap 150mg,0408010AEAAAEAE,8,0.01120000000000032
748,J83010,Pregabalin_Cap 150mg,0408010AEAAAEAE,2,0.01120000000000032
749,J83040,Pregabalin_Cap 150mg,0408010AEAAAEAE,4,0.01120000000000032
753,J83023,Pregabalin_Cap 150mg,0408010AEAAAEAE,4,0.01120000000000032
750,J83040,Pregabalin_Cap 150mg,0408010AEAAAEAE,2,0.01120000000000032
754,J83011,Pregabalin_Cap 150mg,0408010AEAAAEAE,4,0.01120000000000032
755,J83058,Pregabalin_Cap 150mg,0408010AEAAAEAE,4,0.01120000000000032
682,J83603,Ferr Sulf_Tab 200mg,0901011P0AAACAC,4,0.011199999999999932
679,J83021,Ferr Sulf_Tab 200mg,0901011P0AAACAC,2,0.011199999999999932
680,J83060,Ferr Sulf_Tab 200mg,0901011P0AAACAC,4,0.011199999999999932
256,J83625,Paracet_Tab 500mg,0407010H0AAAMAM,4,0.011199999999999932
255,J83039,Paracet_Tab 500mg,0407010H0AAAMAM,4,0.011199999999999932
263,J83625,Paracet_Tab 500mg,0407010H0AAAMAM,4,0.011199999999999932
252,J83037,Paracet_Tab 500mg,0407010H0AAAMAM,4,0.011199999999999932
681,J83060,Ferr Sulf_Tab 200mg,0901011P0AAACAC,2,0.011199999999999932
250,J83043,Paracet_Tab 500mg,0407010H0AAAMAM,4,0.011199999999999932
251,J83055,Paracet_Tab 500mg,0407010H0AAAMAM,4,0.011199999999999932
257,J83004,Paracet_Tab 500mg,0407010H0AAAMAM,8,0.011199999999999932
253,J83030,Paracet_Tab 500mg,0407010H0AAAMAM,8,0.011199999999999932
254,J83004,Paracet_Tab 500mg,0407010H0AAAMAM,8,0.011199999999999932
683,J83019,Ferr Sulf_Tab 200mg,0901011P0AAACAC,4,0.011199999999999932
684,J83625,Ferr Sulf_Tab 200mg,0901011P0AAACAC,4,0.011199999999999932
678,J83045,Ferr Sulf_Tab 200mg,0901011P0AAACAC,2,0.011199999999999932
677,J83014,Ferr Sulf_Tab 200mg,0901011P0AAACAC,4,0.011199999999999932
249,J83058,Paracet_Tab 500mg,0407010H0AAAMAM,4,0.011199999999999932
258,J83013,Paracet_Tab 500mg,0407010H0AAAMAM,4,0.011199999999999932
240,J83048,Paracet_Tab 500mg,0407010H0AAAMAM,4,0.011199999999999932
239,J83030,Paracet_Tab 500mg,0407010H0AAAMAM,8,0.011199999999999932
238,J83013,Paracet_Tab 500mg,0407010H0AAAMAM,4,0.011199999999999932
243,J83023,Paracet_Tab 500mg,0407010H0AAAMAM,4,0.011199999999999932
259,J83058,Paracet_Tab 500mg,0407010H0AAAMAM,4,0.011199999999999932
260,J83043,Paracet_Tab 500mg,0407010H0AAAMAM,4,0.011199999999999932
261,J83013,Paracet_Tab 500mg,0407010H0AAAMAM,8,0.011199999999999932
244,J83026,Paracet_Tab 500mg,0407010H0AAAMAM,4,0.011199999999999932
242,J83603,Paracet_Tab 500mg,0407010H0AAAMAM,8,0.011199999999999932
245,J83037,Paracet_Tab 500mg,0407010H0AAAMAM,4,0.011199999999999932
262,J83039,Paracet_Tab 500mg,0407010H0AAAMAM,4,0.011199999999999932
237,J83023,Paracet_Tab 500mg,0407010H0AAAMAM,4,0.011199999999999932
246,J83026,Paracet_Tab 500mg,0407010H0AAAMAM,4,0.011199999999999932
247,J83048,Paracet_Tab 500mg,0407010H0AAAMAM,4,0.011199999999999932
248,J83603,Paracet_Tab 500mg,0407010H0AAAMAM,8,0.011199999999999932
236,J83013,Paracet_Tab 500mg,0407010H0AAAMAM,8,0.011199999999999932
241,J83055,Paracet_Tab 500mg,0407010H0AAAMAM,4,0.011199999999999932
840,J83058,Quetiapine_Tab 25mg,0402010ABAAABAB,2,0.011199999999999544
838,J83625,Quetiapine_Tab 25mg,0402010ABAAABAB,2,0.011199999999999544
837,J83045,Quetiapine_Tab 25mg,0402010ABAAABAB,2,0.011199999999999544
836,J83041,Quetiapine_Tab 25mg,0402010ABAAABAB,2,0.011199999999999544
835,J83601,Quetiapine_Tab 25mg,0402010ABAAABAB,2,0.011199999999999544
839,J83056,Quetiapine_Tab 25mg,0402010ABAAABAB,2,0.011199999999999544
634,J83630,Losartan Pot_Tab 25mg,0205052N0AAAAAA,5,0.010500000000000058
635,J83060,Losartan Pot_Tab 25mg,0205052N0AAAAAA,5,0.010500000000000058
552,J83018,Omeprazole_Cap E/C 20mg,0103050P0AAAAAA,2,0.00979999999999999
265,Y00741,Paracet_Tab 500mg,0407010H0AAAMAM,3,0.008999999999999946
264,Y00741,Paracet_Tab 500mg,0407010H0AAAMAM,3,0.008999999999999946
553,J83021,Omeprazole_Cap E/C 20mg,0103050P0AAAAAA,3,0.008999999999999633
685,J83014,Ferr Sulf_Tab 200mg,0901011P0AAACAC,1,0.008999999999999633
843,J83048,Quetiapine_Tab 25mg,0402010ABAAABAB,1,0.00840000000000024
849,J83053,Quetiapine_Tab 25mg,0402010ABAAABAB,2,0.00840000000000024
762,J83042,Pregabalin_Cap 150mg,0408010AEAAAEAE,3,0.00840000000000024
761,J83008,Pregabalin_Cap 150mg,0408010AEAAAEAE,3,0.00840000000000024
853,J83615,Quetiapine_Tab 25mg,0402010ABAAABAB,1,0.00840000000000024
859,J83016,Quetiapine_Tab 25mg,0402010ABAAABAB,2,0.00840000000000024
852,J83003,Quetiapine_Tab 25mg,0402010ABAAABAB,1,0.00840000000000024
851,J83043,Quetiapine_Tab 25mg,0402010ABAAABAB,1,0.00840000000000024
758,J83055,Pregabalin_Cap 150mg,0408010AEAAAEAE,2,0.00840000000000024
759,J83048,Pregabalin_Cap 150mg,0408010AEAAAEAE,3,0.00840000000000024
850,J83007,Quetiapine_Tab 25mg,0402010ABAAABAB,1,0.00840000000000024
760,J83636,Pregabalin_Cap 150mg,0408010AEAAAEAE,3,0.00840000000000024
848,J83040,Quetiapine_Tab 25mg,0402010ABAAABAB,1,0.00840000000000024
847,J83049,Quetiapine_Tab 25mg,0402010ABAAABAB,1,0.00840000000000024
846,J83010,Quetiapine_Tab 25mg,0402010ABAAABAB,1,0.00840000000000024
858,J83625,Quetiapine_Tab 25mg,0402010ABAAABAB,1,0.00840000000000024
857,J83039,Quetiapine_Tab 25mg,0402010ABAAABAB,1,0.00840000000000024
856,J83008,Quetiapine_Tab 25mg,0402010ABAAABAB,2,0.00840000000000024
855,J83007,Quetiapine_Tab 25mg,0402010ABAAABAB,2,0.00840000000000024
854,J83005,Quetiapine_Tab 25mg,0402010ABAAABAB,1,0.00840000000000024
842,J83026,Quetiapine_Tab 25mg,0402010ABAAABAB,1,0.00840000000000024
841,J83018,Quetiapine_Tab 25mg,0402010ABAAABAB,1,0.00840000000000024
845,J83030,Quetiapine_Tab 25mg,0402010ABAAABAB,1,0.00840000000000024
844,J83052,Quetiapine_Tab 25mg,0402010ABAAABAB,1,0.00840000000000024
638,J83040,Losartan Pot_Tab 25mg,0205052N0AAAAAA,4,0.008400000000000046
640,J83042,Losartan Pot_Tab 25mg,0205052N0AAAAAA,4,0.008400000000000046
639,J83014,Losartan Pot_Tab 25mg,0205052N0AAAAAA,4,0.008400000000000046
637,J83021,Losartan Pot_Tab 25mg,0205052N0AAAAAA,4,0.008400000000000046
636,J83056,Losartan Pot_Tab 25mg,0205052N0AAAAAA,4,0.008400000000000046
267,J83618,Paracet_Tab 500mg,0407010H0AAAMAM,4,0.00839999999999995
273,J83053,Paracet_Tab 500mg,0407010H0AAAMAM,2,0.00839999999999995
271,J83041,Paracet_Tab 500mg,0407010H0AAAMAM,4,0.00839999999999995
270,J83041,Paracet_Tab 500mg,0407010H0AAAMAM,4,0.00839999999999995
269,J83601,Paracet_Tab 500mg,0407010H0AAAMAM,2,0.00839999999999995
268,J83053,Paracet_Tab 500mg,0407010H0AAAMAM,2,0.00839999999999995
266,J83601,Paracet_Tab 500mg,0407010H0AAAMAM,2,0.00839999999999995
272,J83618,Paracet_Tab 500mg,0407010H0AAAMAM,4,0.00839999999999995
686,J83003,Ferr Sulf_Tab 200mg,0901011P0AAACAC,3,0.00839999999999995
687,J83005,Ferr Sulf_Tab 200mg,0901011P0AAACAC,1,0.00839999999999995
860,J83030,Quetiapine_Tab 25mg,0402010ABAAABAB,1,0.00800000000000023
453,J83011,Atorvastatin_Tab 20mg,0212000B0AAABAB,2,0.00720000000000004
862,J83014,Quetiapine_Tab 25mg,0402010ABAAABAB,3,0.007199999999999707
863,J83021,Quetiapine_Tab 25mg,0402010ABAAABAB,3,0.007199999999999707
861,J83029,Quetiapine_Tab 25mg,0402010ABAAABAB,9,0.007199999999999707
763,J83055,Pregabalin_Cap 150mg,0408010AEAAAEAE,5,0.0070000000000002005
275,J83041,Paracet_Tab 500mg,0407010H0AAAMAM,5,0.006999999999999958
274,J83041,Paracet_Tab 500mg,0407010H0AAAMAM,5,0.006999999999999958
688,J83625,Ferr Sulf_Tab 200mg,0901011P0AAACAC,1,0.006999999999999715
554,J83055,Omeprazole_Cap E/C 20mg,0103050P0AAAAAA,2,0.006999999999999715
865,J83046,Quetiapine_Tab 25mg,0402010ABAAABAB,4,0.006399999999999739
864,J83042,Quetiapine_Tab 25mg,0402010ABAAABAB,2,0.006399999999999739
689,J83632,Ferr Sulf_Tab 200mg,0901011P0AAACAC,1,0.006299999999999743
454,J83040,Atorvastatin_Tab 20mg,0212000B0AAABAB,1,0.006000000000000172
279,J83018,Paracet_Tab 500mg,0407010H0AAAMAM,1,0.005999999999999964
280,J83026,Paracet_Tab 500mg,0407010H0AAAMAM,1,0.005999999999999964
290,J83018,Paracet_Tab 500mg,0407010H0AAAMAM,1,0.005999999999999964
277,J83601,Paracet_Tab 500mg,0407010H0AAAMAM,1,0.005999999999999964
278,J83004,Paracet_Tab 500mg,0407010H0AAAMAM,1,0.005999999999999964
281,J83055,Paracet_Tab 500mg,0407010H0AAAMAM,1,0.005999999999999964
282,J83046,Paracet_Tab 500mg,0407010H0AAAMAM,1,0.005999999999999964
283,J83603,Paracet_Tab 500mg,0407010H0AAAMAM,1,0.005999999999999964
284,J83601,Paracet_Tab 500mg,0407010H0AAAMAM,1,0.005999999999999964
291,J83055,Paracet_Tab 500mg,0407010H0AAAMAM,1,0.005999999999999964
276,J83603,Paracet_Tab 500mg,0407010H0AAAMAM,1,0.005999999999999964
285,J83026,Paracet_Tab 500mg,0407010H0AAAMAM,1,0.005999999999999964
286,J83004,Paracet_Tab 500mg,0407010H0AAAMAM,1,0.005999999999999964
287,J83011,Paracet_Tab 500mg,0407010H0AAAMAM,1,0.005999999999999964
288,J83011,Paracet_Tab 500mg,0407010H0AAAMAM,1,0.005999999999999964
289,J83046,Paracet_Tab 500mg,0407010H0AAAMAM,1,0.005999999999999964
555,J83007,Omeprazole_Cap E/C 20mg,0103050P0AAAAAA,2,0.0059999999999997555
691,J83019,Ferr Sulf_Tab 200mg,0901011P0AAACAC,1,0.0059999999999997555
690,J83010,Ferr Sulf_Tab 200mg,0901011P0AAACAC,1,0.0059999999999997555
935,J83007,Aripiprazole_Tab 10mg,0402010ADAAAAAA,1,0.00560000000000016
770,J83601,Pregabalin_Cap 150mg,0408010AEAAAEAE,1,0.00560000000000016
773,J83021,Pregabalin_Cap 150mg,0408010AEAAAEAE,1,0.00560000000000016
768,J83018,Pregabalin_Cap 150mg,0408010AEAAAEAE,1,0.00560000000000016
767,J83008,Pregabalin_Cap 150mg,0408010AEAAAEAE,1,0.00560000000000016
766,J83029,Pregabalin_Cap 150mg,0408010AEAAAEAE,2,0.00560000000000016
771,J83034,Pregabalin_Cap 150mg,0408010AEAAAEAE,1,0.00560000000000016
772,J83049,Pregabalin_Cap 150mg,0408010AEAAAEAE,1,0.00560000000000016
769,J83023,Pregabalin_Cap 150mg,0408010AEAAAEAE,1,0.00560000000000016
774,J83632,Pregabalin_Cap 150mg,0408010AEAAAEAE,1,0.00560000000000016
775,J83046,Pregabalin_Cap 150mg,0408010AEAAAEAE,2,0.00560000000000016
776,J83056,Pregabalin_Cap 150mg,0408010AEAAAEAE,4,0.00560000000000016
765,J83042,Pregabalin_Cap 150mg,0408010AEAAAEAE,1,0.00560000000000016
764,J83014,Pregabalin_Cap 150mg,0408010AEAAAEAE,4,0.00560000000000016
936,J83030,Aripiprazole_Tab 10mg,0402010ADAAAAAA,1,0.00560000000000016
292,Y00741,Paracet_Tab 500mg,0407010H0AAAMAM,1,0.005599999999999994
293,Y00741,Paracet_Tab 500mg,0407010H0AAAMAM,1,0.005599999999999994
954,J83008,Donepezil HCl_Tab 10mg,0411000D0AAABAB,1,0.005599999999999966
955,J83005,Donepezil HCl_Tab 10mg,0411000D0AAABAB,1,0.005599999999999966
297,J83625,Paracet_Tab 500mg,0407010H0AAAMAM,4,0.005599999999999966
296,J83016,Paracet_Tab 500mg,0407010H0AAAMAM,2,0.005599999999999966
295,J83625,Paracet_Tab 500mg,0407010H0AAAMAM,4,0.005599999999999966
294,J83016,Paracet_Tab 500mg,0407010H0AAAMAM,2,0.005599999999999966
692,J83026,Ferr Sulf_Tab 200mg,0901011P0AAACAC,2,0.005599999999999966
956,J83006,Donepezil HCl_Tab 10mg,0411000D0AAABAB,1,0.005599999999999966
866,J83019,Quetiapine_Tab 25mg,0402010ABAAABAB,1,0.005599999999999772
867,J83034,Quetiapine_Tab 25mg,0402010ABAAABAB,1,0.005599999999999772
868,Y01166,Quetiapine_Tab 25mg,0402010ABAAABAB,1,0.005599999999999772
455,J83011,Atorvastatin_Tab 20mg,0212000B0AAABAB,1,0.0055000000000001575
456,J83011,Atorvastatin_Tab 20mg,0212000B0AAABAB,1,0.005000000000000143
556,Y00741,Omeprazole_Cap E/C 20mg,0103050P0AAAAAA,1,0.004899999999999995
557,J83011,Omeprazole_Cap E/C 20mg,0103050P0AAAAAA,1,0.0048999999999998
558,J83039,Omeprazole_Cap E/C 20mg,0103050P0AAAAAA,2,0.004799999999999971
870,J83014,Quetiapine_Tab 25mg,0402010ABAAABAB,1,0.004500000000000004
869,J83039,Quetiapine_Tab 25mg,0402010ABAAABAB,1,0.004500000000000004
457,J83018,Atorvastatin_Tab 20mg,0212000B0AAABAB,1,0.00440000000000005
957,J83011,Donepezil HCl_Tab 10mg,0411000D0AAABAB,1,0.004399999999999973
777,J83019,Pregabalin_Cap 150mg,0408010AEAAAEAE,3,0.00420000000000012
641,J83008,Losartan Pot_Tab 25mg,0205052N0AAAAAA,1,0.004200000000000023
643,J83029,Losartan Pot_Tab 25mg,0205052N0AAAAAA,1,0.004200000000000023
642,J83048,Losartan Pot_Tab 25mg,0205052N0AAAAAA,1,0.004200000000000023
559,J83011,Omeprazole_Cap E/C 20mg,0103050P0AAAAAA,1,0.004199999999999995
301,J83043,Paracet_Tab 500mg,0407010H0AAAMAM,3,0.004199999999999975
300,J83046,Paracet_Tab 500mg,0407010H0AAAMAM,1,0.004199999999999975
299,J83046,Paracet_Tab 500mg,0407010H0AAAMAM,1,0.004199999999999975
298,J83043,Paracet_Tab 500mg,0407010H0AAAMAM,3,0.004199999999999975
560,J83016,Omeprazole_Cap E/C 20mg,0103050P0AAAAAA,1,0.004199999999999975
562,J83011,Omeprazole_Cap E/C 20mg,0103050P0AAAAAA,1,0.004199999999999975
561,J83004,Omeprazole_Cap E/C 20mg,0103050P0AAAAAA,1,0.004199999999999975
694,J83016,Ferr Sulf_Tab 200mg,0901011P0AAACAC,1,0.003999999999999976
693,Y00741,Ferr Sulf_Tab 200mg,0901011P0AAACAC,1,0.003999999999999976
458,J83004,Atorvastatin_Tab 20mg,0212000B0AAABAB,1,0.00360000000000002
871,J83030,Quetiapine_Tab 25mg,0402010ABAAABAB,1,0.003500000000000031
563,J83008,Omeprazole_Cap E/C 20mg,0103050P0AAAAAA,1,0.0034999999999998574
564,J83030,Omeprazole_Cap E/C 20mg,0103050P0AAAAAA,1,0.00329999999999998
322,J83055,Paracet_Tab 500mg,0407010H0AAAMAM,1,0.002999999999999982
323,J83029,Paracet_Tab 500mg,0407010H0AAAMAM,1,0.002999999999999982
315,Y01166,Paracet_Tab 500mg,0407010H0AAAMAM,1,0.002999999999999982
321,J83026,Paracet_Tab 500mg,0407010H0AAAMAM,1,0.002999999999999982
320,J83019,Paracet_Tab 500mg,0407010H0AAAMAM,1,0.002999999999999982
302,J83029,Paracet_Tab 500mg,0407010H0AAAMAM,1,0.002999999999999982
303,J83021,Paracet_Tab 500mg,0407010H0AAAMAM,1,0.002999999999999982
304,J83019,Paracet_Tab 500mg,0407010H0AAAMAM,1,0.002999999999999982
305,J83023,Paracet_Tab 500mg,0407010H0AAAMAM,1,0.002999999999999982
307,J83034,Paracet_Tab 500mg,0407010H0AAAMAM,1,0.002999999999999982
308,Y01166,Paracet_Tab 500mg,0407010H0AAAMAM,1,0.002999999999999982
309,J83048,Paracet_Tab 500mg,0407010H0AAAMAM,1,0.002999999999999982
310,J83055,Paracet_Tab 500mg,0407010H0AAAMAM,1,0.002999999999999982
311,J83625,Paracet_Tab 500mg,0407010H0AAAMAM,1,0.002999999999999982
312,J83023,Paracet_Tab 500mg,0407010H0AAAMAM,1,0.002999999999999982
313,J83034,Paracet_Tab 500mg,0407010H0AAAMAM,1,0.002999999999999982
314,J83021,Paracet_Tab 500mg,0407010H0AAAMAM,1,0.002999999999999982
316,J83039,Paracet_Tab 500mg,0407010H0AAAMAM,1,0.002999999999999982
317,J83048,Paracet_Tab 500mg,0407010H0AAAMAM,1,0.002999999999999982
318,J83625,Paracet_Tab 500mg,0407010H0AAAMAM,1,0.002999999999999982
319,J83039,Paracet_Tab 500mg,0407010H0AAAMAM,1,0.002999999999999982
306,J83026,Paracet_Tab 500mg,0407010H0AAAMAM,1,0.002999999999999982
695,J83037,Ferr Sulf_Tab 200mg,0901011P0AAACAC,1,0.0029999999999998778
568,J83039,Omeprazole_Cap E/C 20mg,0103050P0AAAAAA,1,0.0029999999999998778
565,J83026,Omeprazole_Cap E/C 20mg,0103050P0AAAAAA,1,0.0029999999999998778
570,Y00741,Omeprazole_Cap E/C 20mg,0103050P0AAAAAA,1,0.0029999999999998778
569,J83011,Omeprazole_Cap E/C 20mg,0103050P0AAAAAA,1,0.0029999999999998778
567,J83030,Omeprazole_Cap E/C 20mg,0103050P0AAAAAA,1,0.0029999999999998778
566,J83632,Omeprazole_Cap E/C 20mg,0103050P0AAAAAA,1,0.0029999999999998778
778,J83003,Pregabalin_Cap 150mg,0408010AEAAAEAE,1,0.00280000000000008
780,J83013,Pregabalin_Cap 150mg,0408010AEAAAEAE,2,0.00280000000000008
779,J83007,Pregabalin_Cap 150mg,0408010AEAAAEAE,1,0.00280000000000008
327,J83011,Paracet_Tab 500mg,0407010H0AAAMAM,1,0.002799999999999983
325,J83618,Paracet_Tab 500mg,0407010H0AAAMAM,4,0.002799999999999983
324,J83618,Paracet_Tab 500mg,0407010H0AAAMAM,4,0.002799999999999983
326,J83011,Paracet_Tab 500mg,0407010H0AAAMAM,1,0.002799999999999983
459,J83016,Atorvastatin_Tab 20mg,0212000B0AAABAB,1,0.0027000000000000773
872,J83046,Quetiapine_Tab 25mg,0402010ABAAABAB,1,0.0027000000000000773
571,J83014,Omeprazole_Cap E/C 20mg,0103050P0AAAAAA,1,0.0023999999999999855
874,J83055,Quetiapine_Tab 25mg,0402010ABAAABAB,1,0.002399999999999902
873,J83030,Quetiapine_Tab 25mg,0402010ABAAABAB,1,0.002399999999999902
875,J83030,Quetiapine_Tab 25mg,0402010ABAAABAB,3,0.002399999999999902
645,J83055,Losartan Pot_Tab 25mg,0205052N0AAAAAA,1,0.0021000000000000116
644,J83019,Losartan Pot_Tab 25mg,0205052N0AAAAAA,1,0.0021000000000000116
572,J83049,Omeprazole_Cap E/C 20mg,0103050P0AAAAAA,1,0.0020999999999999977
573,J83004,Omeprazole_Cap E/C 20mg,0103050P0AAAAAA,1,0.0020999999999999977
329,J83055,Paracet_Tab 500mg,0407010H0AAAMAM,1,0.0020999999999999873
328,J83055,Paracet_Tab 500mg,0407010H0AAAMAM,1,0.0020999999999999873
460,J83055,Atorvastatin_Tab 20mg,0212000B0AAABAB,1,0.0020000000000000573
646,J83055,Losartan Pot_Tab 25mg,0205052N0AAAAAA,1,0.001999999999999988
575,J83018,Omeprazole_Cap E/C 20mg,0103050P0AAAAAA,2,0.0019999999999999185
574,J83011,Omeprazole_Cap E/C 20mg,0103050P0AAAAAA,1,0.0019999999999999185
781,J83026,Pregabalin_Cap 150mg,0408010AEAAAEAE,1,0.0018000000000000516
461,J83026,Atorvastatin_Tab 20mg,0212000B0AAABAB,1,0.00180000000000001
876,J83014,Quetiapine_Tab 25mg,0402010ABAAABAB,1,0.0015999999999999348
782,J83048,Pregabalin_Cap 150mg,0408010AEAAAEAE,1,0.00140000000000004
783,J83601,Pregabalin_Cap 150mg,0408010AEAAAEAE,1,0.00140000000000004
784,J83006,Pregabalin_Cap 150mg,0408010AEAAAEAE,1,0.00140000000000004
331,J83601,Paracet_Tab 500mg,0407010H0AAAMAM,1,0.0013999999999999915
330,J83601,Paracet_Tab 500mg,0407010H0AAAMAM,1,0.0013999999999999915
462,J83046,Atorvastatin_Tab 20mg,0212000B0AAABAB,1,0.0013000000000000372
463,J83018,Atorvastatin_Tab 20mg,0212000B0AAABAB,1,0.0013000000000000372
877,J83007,Quetiapine_Tab 25mg,0402010ABAAABAB,1,0.0007999999999999674
577,J83049,Omeprazole_Cap E/C 20mg,0103050P0AAAAAA,1,0.0004999999999999796
578,J83037,Omeprazole_Cap E/C 20mg,0103050P0AAAAAA,1,0.0004999999999999796
576,J83007,Omeprazole_Cap E/C 20mg,0103050P0AAAAAA,1,0.0004999999999999796
696,J83037,Ferr Sulf_Tab 200mg,0901011P0AAACAC,1,0.0003999999999999976
958,J83018,Donepezil HCl_Tab 10mg,0411000D0AAABAB,1,0.0003000000000000086
579,J83010,Omeprazole_Cap E/C 20mg,0103050P0AAAAAA,1,-0.0009000000000000258
332,J83037,Paracet_Tab 500mg,0407010H0AAAMAM,1,-0.0011999999999999997
333,J83037,Paracet_Tab 500mg,0407010H0AAAMAM,1,-0.0011999999999999997
464,J83030,Atorvastatin_Tab 20mg,0212000B0AAABAB,1,-0.0013999999999999985
878,J83006,Quetiapine_Tab 25mg,0402010ABAAABAB,1,-0.00140000000000004
785,J83008,Pregabalin_Cap 150mg,0408010AEAAAEAE,1,-0.0015999999999999348
465,J83018,Atorvastatin_Tab 20mg,0212000B0AAABAB,1,-0.0015999999999999348
580,J83008,Omeprazole_Cap E/C 20mg,0103050P0AAAAAA,1,-0.0016000000000000042
879,J83007,Quetiapine_Tab 25mg,0402010ABAAABAB,1,-0.0018000000000000516
581,J83011,Omeprazole_Cap E/C 20mg,0103050P0AAAAAA,1,-0.0018000000000000516
880,Y02666,Quetiapine_Tab 25mg,0402010ABAAABAB,1,-0.0018000000000000516
937,J83018,Aripiprazole_Tab 10mg,0402010ADAAAAAA,1,-0.002099999999999963
959,J83016,Donepezil HCl_Tab 10mg,0411000D0AAABAB,1,-0.0021000000000000116
697,J83016,Ferr Sulf_Tab 200mg,0901011P0AAACAC,1,-0.00210000000000006
334,J83040,Paracet_Tab 500mg,0407010H0AAAMAM,1,-0.0021999999999999867
335,J83040,Paracet_Tab 500mg,0407010H0AAAMAM,1,-0.0021999999999999867
786,Y00741,Pregabalin_Cap 150mg,0408010AEAAAEAE,1,-0.002399999999999902
466,J83008,Atorvastatin_Tab 20mg,0212000B0AAABAB,1,-0.002799999999999997
881,J83046,Quetiapine_Tab 25mg,0402010ABAAABAB,1,-0.00280000000000008
882,J83005,Quetiapine_Tab 25mg,0402010ABAAABAB,1,-0.00280000000000008
883,J83052,Quetiapine_Tab 25mg,0402010ABAAABAB,1,-0.00280000000000008
960,J83041,Donepezil HCl_Tab 10mg,0411000D0AAABAB,1,-0.002900000000000083
718,J83018,Montelukast_Tab 10mg,0303020G0AAABAB,1,-0.002999999999999947
582,J83632,Omeprazole_Cap E/C 20mg,0103050P0AAAAAA,1,-0.0032000000000000084
583,J83011,Omeprazole_Cap E/C 20mg,0103050P0AAAAAA,1,-0.0032000000000000917
467,J83018,Atorvastatin_Tab 20mg,0212000B0AAABAB,1,-0.0033999999999999794
884,J83042,Quetiapine_Tab 25mg,0402010ABAAABAB,1,-0.0034000000000000974
787,Y02666,Pregabalin_Cap 150mg,0408010AEAAAEAE,1,-0.003500000000000031
647,J83040,Losartan Pot_Tab 25mg,0205052N0AAAAAA,1,-0.0035999999999999782
586,J83030,Omeprazole_Cap E/C 20mg,0103050P0AAAAAA,1,-0.003599999999999999
585,Y00741,Omeprazole_Cap E/C 20mg,0103050P0AAAAAA,1,-0.003599999999999999
584,J83007,Omeprazole_Cap E/C 20mg,0103050P0AAAAAA,1,-0.003599999999999999
587,J83003,Omeprazole_Cap E/C 20mg,0103050P0AAAAAA,1,-0.003599999999999999
588,J83039,Omeprazole_Cap E/C 20mg,0103050P0AAAAAA,1,-0.003600000000000103
336,J83021,Paracet_Tab 500mg,0407010H0AAAMAM,1,-0.003999999999999976
337,J83046,Paracet_Tab 500mg,0407010H0AAAMAM,1,-0.003999999999999976
338,J83021,Paracet_Tab 500mg,0407010H0AAAMAM,1,-0.003999999999999976
339,J83046,Paracet_Tab 500mg,0407010H0AAAMAM,1,-0.003999999999999976
468,J83021,Atorvastatin_Tab 20mg,0212000B0AAABAB,1,-0.003999999999999976
961,J83023,Donepezil HCl_Tab 10mg,0411000D0AAABAB,2,-0.003999999999999976
589,J83030,Omeprazole_Cap E/C 20mg,0103050P0AAAAAA,1,-0.004000000000000115
591,J83040,Omeprazole_Cap E/C 20mg,0103050P0AAAAAA,1,-0.004000000000000115
590,J83016,Omeprazole_Cap E/C 20mg,0103050P0AAAAAA,1,-0.004000000000000115
938,J83052,Aripiprazole_Tab 10mg,0402010ADAAAAAA,2,-0.004199999999999926
469,J83011,Atorvastatin_Tab 20mg,0212000B0AAABAB,1,-0.004199999999999995
887,J83026,Quetiapine_Tab 25mg,0402010ABAAABAB,3,-0.00420000000000012
885,J83046,Quetiapine_Tab 25mg,0402010ABAAABAB,1,-0.00420000000000012
886,J83042,Quetiapine_Tab 25mg,0402010ABAAABAB,1,-0.00420000000000012
594,J83011,Omeprazole_Cap E/C 20mg,0103050P0AAAAAA,1,-0.00440000000000005
593,J83003,Omeprazole_Cap E/C 20mg,0103050P0AAAAAA,1,-0.00440000000000005
592,J83055,Omeprazole_Cap E/C 20mg,0103050P0AAAAAA,1,-0.00440000000000005
470,J83018,Atorvastatin_Tab 20mg,0212000B0AAABAB,1,-0.004499999999999817
595,J83006,Omeprazole_Cap E/C 20mg,0103050P0AAAAAA,1,-0.005100000000000028
719,J83021,Montelukast_Tab 10mg,0303020G0AAABAB,1,-0.005199999999999788
471,J83008,Atorvastatin_Tab 20mg,0212000B0AAABAB,1,-0.005199999999999788
596,J83040,Omeprazole_Cap E/C 20mg,0103050P0AAAAAA,1,-0.005200000000000059
346,J83005,Paracet_Tab 500mg,0407010H0AAAMAM,1,-0.005599999999999966
347,J83636,Paracet_Tab 500mg,0407010H0AAAMAM,1,-0.005599999999999966
350,J83019,Paracet_Tab 500mg,0407010H0AAAMAM,1,-0.005599999999999966
351,J83630,Paracet_Tab 500mg,0407010H0AAAMAM,1,-0.005599999999999966
352,J83005,Paracet_Tab 500mg,0407010H0AAAMAM,1,-0.005599999999999966
353,J83006,Paracet_Tab 500mg,0407010H0AAAMAM,1,-0.005599999999999966
345,J83636,Paracet_Tab 500mg,0407010H0AAAMAM,1,-0.005599999999999966
348,J83019,Paracet_Tab 500mg,0407010H0AAAMAM,1,-0.005599999999999966
344,J83619,Paracet_Tab 500mg,0407010H0AAAMAM,1,-0.005599999999999966
343,Y01166,Paracet_Tab 500mg,0407010H0AAAMAM,1,-0.005599999999999966
342,J83630,Paracet_Tab 500mg,0407010H0AAAMAM,1,-0.005599999999999966
341,Y01166,Paracet_Tab 500mg,0407010H0AAAMAM,1,-0.005599999999999966
340,J83006,Paracet_Tab 500mg,0407010H0AAAMAM,1,-0.005599999999999966
349,J83619,Paracet_Tab 500mg,0407010H0AAAMAM,1,-0.005599999999999966
889,J83630,Quetiapine_Tab 25mg,0402010ABAAABAB,4,-0.00560000000000016
890,J83045,Quetiapine_Tab 25mg,0402010ABAAABAB,4,-0.00560000000000016
888,J83023,Quetiapine_Tab 25mg,0402010ABAAABAB,2,-0.00560000000000016
894,J83056,Quetiapine_Tab 25mg,0402010ABAAABAB,4,-0.00560000000000016
893,J83042,Quetiapine_Tab 25mg,0402010ABAAABAB,2,-0.00560000000000016
892,J83043,Quetiapine_Tab 25mg,0402010ABAAABAB,2,-0.00560000000000016
891,J83041,Quetiapine_Tab 25mg,0402010ABAAABAB,4,-0.00560000000000016
648,J83013,Losartan Pot_Tab 25mg,0205052N0AAAAAA,1,-0.005799999999999965
962,J83021,Donepezil HCl_Tab 10mg,0411000D0AAABAB,2,-0.005800000000000166
472,J83026,Atorvastatin_Tab 20mg,0212000B0AAABAB,2,-0.0059999999999997555
473,J83041,Atorvastatin_Tab 20mg,0212000B0AAABAB,2,-0.0059999999999997555
649,J83007,Losartan Pot_Tab 25mg,0205052N0AAAAAA,1,-0.005999999999999964
895,J83030,Quetiapine_Tab 25mg,0402010ABAAABAB,2,-0.006000000000000172
600,J83625,Omeprazole_Cap E/C 20mg,0103050P0AAAAAA,1,-0.006000000000000172
597,J83055,Omeprazole_Cap E/C 20mg,0103050P0AAAAAA,1,-0.006000000000000172
598,J83050,Omeprazole_Cap E/C 20mg,0103050P0AAAAAA,1,-0.006000000000000172
601,J83042,Omeprazole_Cap E/C 20mg,0103050P0AAAAAA,1,-0.006000000000000172
599,J83003,Omeprazole_Cap E/C 20mg,0103050P0AAAAAA,1,-0.006000000000000172
698,J83021,Ferr Sulf_Tab 200mg,0901011P0AAACAC,3,-0.0063000000000001805
602,J83011,Omeprazole_Cap E/C 20mg,0103050P0AAAAAA,4,-0.006400000000000017
897,J83016,Quetiapine_Tab 25mg,0402010ABAAABAB,5,-0.0070000000000002005
896,J83011,Quetiapine_Tab 25mg,0402010ABAAABAB,5,-0.0070000000000002005
898,J83014,Quetiapine_Tab 25mg,0402010ABAAABAB,2,-0.00720000000000004
355,J83005,Paracet_Tab 500mg,0407010H0AAAMAM,2,-0.007999999999999952
354,J83005,Paracet_Tab 500mg,0407010H0AAAMAM,2,-0.007999999999999952
603,J83021,Omeprazole_Cap E/C 20mg,0103050P0AAAAAA,2,-0.00800000000000023
939,J83026,Aripiprazole_Tab 10mg,0402010ADAAAAAA,4,-0.008399999999999852
940,J83016,Aripiprazole_Tab 10mg,0402010ADAAAAAA,4,-0.008399999999999852
941,J83010,Aripiprazole_Tab 10mg,0402010ADAAAAAA,4,-0.008399999999999852
942,J83040,Aripiprazole_Tab 10mg,0402010ADAAAAAA,4,-0.008399999999999852
964,J83013,Donepezil HCl_Tab 10mg,0411000D0AAABAB,4,-0.008400000000000046
965,J83609,Donepezil HCl_Tab 10mg,0411000D0AAABAB,4,-0.008400000000000046
963,J83004,Donepezil HCl_Tab 10mg,0411000D0AAABAB,4,-0.008400000000000046
966,J83008,Donepezil HCl_Tab 10mg,0411000D0AAABAB,4,-0.008400000000000046
900,J83010,Quetiapine_Tab 25mg,0402010ABAAABAB,6,-0.00840000000000024
699,J83050,Ferr Sulf_Tab 200mg,0901011P0AAACAC,4,-0.00840000000000024
700,J83010,Ferr Sulf_Tab 200mg,0901011P0AAACAC,4,-0.00840000000000024
701,J83014,Ferr Sulf_Tab 200mg,0901011P0AAACAC,4,-0.00840000000000024
702,J83013,Ferr Sulf_Tab 200mg,0901011P0AAACAC,4,-0.00840000000000024
703,J83023,Ferr Sulf_Tab 200mg,0901011P0AAACAC,4,-0.00840000000000024
704,J83039,Ferr Sulf_Tab 200mg,0901011P0AAACAC,4,-0.00840000000000024
705,J83026,Ferr Sulf_Tab 200mg,0901011P0AAACAC,4,-0.00840000000000024
899,J83018,Quetiapine_Tab 25mg,0402010ABAAABAB,2,-0.00840000000000024
902,J83039,Quetiapine_Tab 25mg,0402010ABAAABAB,7,-0.00980000000000028
901,J83030,Quetiapine_Tab 25mg,0402010ABAAABAB,7,-0.00980000000000028
943,J83030,Aripiprazole_Tab 10mg,0402010ADAAAAAA,5,-0.010499999999999815
944,J83632,Aripiprazole_Tab 10mg,0402010ADAAAAAA,5,-0.010499999999999815
967,J83042,Donepezil HCl_Tab 10mg,0411000D0AAABAB,5,-0.010500000000000058
706,J83615,Ferr Sulf_Tab 200mg,0901011P0AAACAC,5,-0.0105000000000003
903,J83014,Quetiapine_Tab 25mg,0402010ABAAABAB,4,-0.01120000000000032
904,J83601,Quetiapine_Tab 25mg,0402010ABAAABAB,4,-0.01120000000000032
905,J83053,Quetiapine_Tab 25mg,0402010ABAAABAB,4,-0.01120000000000032
908,J83007,Quetiapine_Tab 25mg,0402010ABAAABAB,4,-0.01120000000000032
907,J83011,Quetiapine_Tab 25mg,0402010ABAAABAB,4,-0.01120000000000032
906,J83007,Quetiapine_Tab 25mg,0402010ABAAABAB,8,-0.01120000000000032
606,J83021,Omeprazole_Cap E/C 20mg,0103050P0AAAAAA,1,-0.012000000000000344
605,J83013,Omeprazole_Cap E/C 20mg,0103050P0AAAAAA,2,-0.012000000000000344
604,J83007,Omeprazole_Cap E/C 20mg,0103050P0AAAAAA,2,-0.012000000000000344
945,J83056,Aripiprazole_Tab 10mg,0402010ADAAAAAA,6,-0.012599999999999778
968,J83040,Donepezil HCl_Tab 10mg,0411000D0AAABAB,6,-0.01260000000000007
910,J83039,Quetiapine_Tab 25mg,0402010ABAAABAB,5,-0.014000000000000401
912,J83019,Quetiapine_Tab 25mg,0402010ABAAABAB,5,-0.014000000000000401
911,J83040,Quetiapine_Tab 25mg,0402010ABAAABAB,5,-0.014000000000000401
909,J83060,Quetiapine_Tab 25mg,0402010ABAAABAB,5,-0.014000000000000401
913,J83046,Quetiapine_Tab 25mg,0402010ABAAABAB,4,-0.01440000000000008
946,J83039,Aripiprazole_Tab 10mg,0402010ADAAAAAA,7,-0.014699999999999741
969,J83011,Donepezil HCl_Tab 10mg,0411000D0AAABAB,7,-0.014700000000000081
474,J83060,Atorvastatin_Tab 20mg,0212000B0AAABAB,4,-0.01679999999999998
975,J83625,Donepezil HCl_Tab 10mg,0411000D0AAABAB,8,-0.016800000000000093
972,J83632,Donepezil HCl_Tab 10mg,0411000D0AAABAB,8,-0.016800000000000093
974,J83048,Donepezil HCl_Tab 10mg,0411000D0AAABAB,8,-0.016800000000000093
973,J83618,Donepezil HCl_Tab 10mg,0411000D0AAABAB,8,-0.016800000000000093
970,J83056,Donepezil HCl_Tab 10mg,0411000D0AAABAB,8,-0.016800000000000093
971,J83026,Donepezil HCl_Tab 10mg,0411000D0AAABAB,8,-0.016800000000000093
919,J83034,Quetiapine_Tab 25mg,0402010ABAAABAB,6,-0.01680000000000048
708,J83030,Ferr Sulf_Tab 200mg,0901011P0AAACAC,8,-0.01680000000000048
709,J83043,Ferr Sulf_Tab 200mg,0901011P0AAACAC,8,-0.01680000000000048
707,J83041,Ferr Sulf_Tab 200mg,0901011P0AAACAC,8,-0.01680000000000048
915,J83006,Quetiapine_Tab 25mg,0402010ABAAABAB,4,-0.01680000000000048
914,J83026,Quetiapine_Tab 25mg,0402010ABAAABAB,6,-0.01680000000000048
917,J83021,Quetiapine_Tab 25mg,0402010ABAAABAB,6,-0.01680000000000048
916,J83034,Quetiapine_Tab 25mg,0402010ABAAABAB,4,-0.01680000000000048
918,J83041,Quetiapine_Tab 25mg,0402010ABAAABAB,4,-0.01680000000000048
609,J83041,Omeprazole_Cap E/C 20mg,0103050P0AAAAAA,3,-0.018000000000000516
608,J83013,Omeprazole_Cap E/C 20mg,0103050P0AAAAAA,1,-0.018000000000000516
607,J83030,Omeprazole_Cap E/C 20mg,0103050P0AAAAAA,3,-0.018000000000000516
947,J83041,Aripiprazole_Tab 10mg,0402010ADAAAAAA,9,-0.018899999999999667
976,J83058,Donepezil HCl_Tab 10mg,0411000D0AAABAB,9,-0.018900000000000104
920,J83037,Quetiapine_Tab 25mg,0402010ABAAABAB,7,-0.01960000000000056
921,J83048,Quetiapine_Tab 25mg,0402010ABAAABAB,5,-0.0210000000000006
363,J83056,Paracet_Tab 500mg,0407010H0AAAMAM,4,-0.022399999999999864
356,J83601,Paracet_Tab 500mg,0407010H0AAAMAM,4,-0.022399999999999864
357,J83601,Paracet_Tab 500mg,0407010H0AAAMAM,4,-0.022399999999999864
358,J83609,Paracet_Tab 500mg,0407010H0AAAMAM,4,-0.022399999999999864
359,J83609,Paracet_Tab 500mg,0407010H0AAAMAM,4,-0.022399999999999864
360,J83018,Paracet_Tab 500mg,0407010H0AAAMAM,4,-0.022399999999999864
361,J83018,Paracet_Tab 500mg,0407010H0AAAMAM,4,-0.022399999999999864
362,J83056,Paracet_Tab 500mg,0407010H0AAAMAM,4,-0.022399999999999864
977,J83603,Donepezil HCl_Tab 10mg,0411000D0AAABAB,12,-0.02520000000000014
923,J83041,Quetiapine_Tab 25mg,0402010ABAAABAB,9,-0.025200000000000722
922,J83045,Quetiapine_Tab 25mg,0402010ABAAABAB,9,-0.025200000000000722
978,J83021,Donepezil HCl_Tab 10mg,0411000D0AAABAB,13,-0.02730000000000015
364,J83008,Paracet_Tab 500mg,0407010H0AAAMAM,5,-0.02799999999999983
367,J83615,Paracet_Tab 500mg,0407010H0AAAMAM,5,-0.02799999999999983
368,J83615,Paracet_Tab 500mg,0407010H0AAAMAM,5,-0.02799999999999983
365,J83023,Paracet_Tab 500mg,0407010H0AAAMAM,5,-0.02799999999999983
366,J83008,Paracet_Tab 500mg,0407010H0AAAMAM,5,-0.02799999999999983
369,J83023,Paracet_Tab 500mg,0407010H0AAAMAM,5,-0.02799999999999983
924,J83625,Quetiapine_Tab 25mg,0402010ABAAABAB,10,-0.028000000000000802
925,J83008,Quetiapine_Tab 25mg,0402010ABAAABAB,11,-0.030800000000000882
979,J83039,Donepezil HCl_Tab 10mg,0411000D0AAABAB,15,-0.031500000000000174
926,J83013,Quetiapine_Tab 25mg,0402010ABAAABAB,12,-0.03360000000000096
980,J83045,Donepezil HCl_Tab 10mg,0411000D0AAABAB,17,-0.0357000000000002
981,J83019,Donepezil HCl_Tab 10mg,0411000D0AAABAB,18,-0.03780000000000021
927,J83021,Quetiapine_Tab 25mg,0402010ABAAABAB,9,-0.03780000000000108
371,J83042,Paracet_Tab 500mg,0407010H0AAAMAM,7,-0.03919999999999976
370,J83042,Paracet_Tab 500mg,0407010H0AAAMAM,7,-0.03919999999999976
928,J83055,Quetiapine_Tab 25mg,0402010ABAAABAB,14,-0.03920000000000112
982,J83014,Donepezil HCl_Tab 10mg,0411000D0AAABAB,19,-0.03990000000000022
376,J83632,Paracet_Tab 500mg,0407010H0AAAMAM,8,-0.04479999999999973
375,J83034,Paracet_Tab 500mg,0407010H0AAAMAM,8,-0.04479999999999973
372,J83050,Paracet_Tab 500mg,0407010H0AAAMAM,8,-0.04479999999999973
377,J83632,Paracet_Tab 500mg,0407010H0AAAMAM,8,-0.04479999999999973
374,J83034,Paracet_Tab 500mg,0407010H0AAAMAM,8,-0.04479999999999973
373,J83050,Paracet_Tab 500mg,0407010H0AAAMAM,8,-0.04479999999999973
929,J83030,Quetiapine_Tab 25mg,0402010ABAAABAB,16,-0.04480000000000128
983,J83601,Donepezil HCl_Tab 10mg,0411000D0AAABAB,25,-0.05250000000000029
610,J83016,Omeprazole_Cap E/C 20mg,0103050P0AAAAAA,9,-0.05400000000000155
378,J83618,Paracet_Tab 500mg,0407010H0AAAMAM,12,-0.0671999999999996
379,J83618,Paracet_Tab 500mg,0407010H0AAAMAM,12,-0.0671999999999996
985,J83010,Donepezil HCl_Tab 10mg,0411000D0AAABAB,32,-0.06720000000000037
984,J83615,Donepezil HCl_Tab 10mg,0411000D0AAABAB,32,-0.06720000000000037
710,J83021,Ferr Sulf_Tab 200mg,0901011P0AAACAC,12,-0.06720000000000192
986,J83029,Donepezil HCl_Tab 10mg,0411000D0AAABAB,34,-0.0714000000000004
382,J83629,Paracet_Tab 500mg,0407010H0AAAMAM,13,-0.07279999999999956
380,J83060,Paracet_Tab 500mg,0407010H0AAAMAM,13,-0.07279999999999956
381,J83060,Paracet_Tab 500mg,0407010H0AAAMAM,13,-0.07279999999999956
385,J83040,Paracet_Tab 500mg,0407010H0AAAMAM,13,-0.07279999999999956
384,J83040,Paracet_Tab 500mg,0407010H0AAAMAM,13,-0.07279999999999956
383,J83629,Paracet_Tab 500mg,0407010H0AAAMAM,13,-0.07279999999999956
987,J83023,Donepezil HCl_Tab 10mg,0411000D0AAABAB,37,-0.07770000000000044
386,J83004,Paracet_Tab 500mg,0407010H0AAAMAM,15,-0.08399999999999949
387,J83004,Paracet_Tab 500mg,0407010H0AAAMAM,15,-0.08399999999999949
988,J83055,Donepezil HCl_Tab 10mg,0411000D0AAABAB,40,-0.08400000000000046
989,J83046,Donepezil HCl_Tab 10mg,0411000D0AAABAB,40,-0.08400000000000046
990,J83041,Donepezil HCl_Tab 10mg,0411000D0AAABAB,42,-0.08820000000000049
720,J83010,Montelukast_Tab 10mg,0303020G0AAABAB,24,-0.10319999999999996
388,J83058,Paracet_Tab 500mg,0407010H0AAAMAM,19,-0.10639999999999936
389,J83007,Paracet_Tab 500mg,0407010H0AAAMAM,19,-0.10639999999999936
390,J83058,Paracet_Tab 500mg,0407010H0AAAMAM,19,-0.10639999999999936
391,J83007,Paracet_Tab 500mg,0407010H0AAAMAM,19,-0.10639999999999936
991,J83043,Donepezil HCl_Tab 10mg,0411000D0AAABAB,58,-0.12180000000000067
392,J83603,Paracet_Tab 500mg,0407010H0AAAMAM,25,-0.13999999999999915
393,J83603,Paracet_Tab 500mg,0407010H0AAAMAM,25,-0.13999999999999915
394,J83043,Paracet_Tab 500mg,0407010H0AAAMAM,25,-0.13999999999999915
395,J83043,Paracet_Tab 500mg,0407010H0AAAMAM,25,-0.13999999999999915
396,J83014,Paracet_Tab 500mg,0407010H0AAAMAM,34,-0.19039999999999885
397,J83014,Paracet_Tab 500mg,0407010H0AAAMAM,34,-0.19039999999999885
992,J83030,Donepezil HCl_Tab 10mg,0411000D0AAABAB,95,-0.1995000000000011
400,J83026,Paracet_Tab 500mg,0407010H0AAAMAM,36,-0.20159999999999878
401,J83013,Paracet_Tab 500mg,0407010H0AAAMAM,36,-0.20159999999999878
399,J83026,Paracet_Tab 500mg,0407010H0AAAMAM,36,-0.20159999999999878
398,J83013,Paracet_Tab 500mg,0407010H0AAAMAM,36,-0.20159999999999878
711,J83040,Ferr Sulf_Tab 200mg,0901011P0AAACAC,3,-0.21000000000000185
402,J83046,Paracet_Tab 500mg,0407010H0AAAMAM,53,-0.2967999999999982
403,J83046,Paracet_Tab 500mg,0407010H0AAAMAM,53,-0.2967999999999982
404,J83060,Paracet_Tab 500mg,0407010H0AAAMAM,1,-0.30079999999999996
405,J83060,Paracet_Tab 500mg,0407010H0AAAMAM,1,-0.30079999999999996
406,J83014,Paracet_Tab 500mg,0407010H0AAAMAM,3,-0.3149999999999999
407,J83014,Paracet_Tab 500mg,0407010H0AAAMAM,3,-0.3149999999999999
408,J83042,Paracet_Tab 500mg,0407010H0AAAMAM,3,-0.3239999999999999
409,J83042,Paracet_Tab 500mg,0407010H0AAAMAM,3,-0.3239999999999999
410,J83041,Paracet_Tab 500mg,0407010H0AAAMAM,62,-0.3471999999999979
411,J83041,Paracet_Tab 500mg,0407010H0AAAMAM,62,-0.3471999999999979
412,J83021,Paracet_Tab 500mg,0407010H0AAAMAM,62,-0.3471999999999979
413,J83021,Paracet_Tab 500mg,0407010H0AAAMAM,62,-0.3471999999999979
414,J83010,Paracet_Tab 500mg,0407010H0AAAMAM,65,-0.36399999999999777
415,J83010,Paracet_Tab 500mg,0407010H0AAAMAM,65,-0.36399999999999777
993,J83042,Donepezil HCl_Tab 10mg,0411000D0AAABAB,39,-0.5460000000000005
416,J83018,Paracet_Tab 500mg,0407010H0AAAMAM,18,-0.6047999999999998
417,J83018,Paracet_Tab 500mg,0407010H0AAAMAM,18,-0.6047999999999998
418,J83003,Paracet_Tab 500mg,0407010H0AAAMAM,7,-0.7349999999999992
419,J83003,Paracet_Tab 500mg,0407010H0AAAMAM,7,-0.7349999999999992
930,J83016,Quetiapine_Tab 25mg,0402010ABAAABAB,5,-0.9765000000000003
420,J83014,Paracet_Tab 500mg,0407010H0AAAMAM,50,-0.999999999999994
421,J83014,Paracet_Tab 500mg,0407010H0AAAMAM,50,-0.999999999999994
423,J83003,Paracet_Tab 500mg,0407010H0AAAMAM,3,-1.0583999999999998
422,J83003,Paracet_Tab 500mg,0407010H0AAAMAM,3,-1.0583999999999998
611,J83016,Omeprazole_Cap E/C 20mg,0103050P0AAAAAA,101,-1.1312000000000324
425,J83003,Paracet_Tab 500mg,0407010H0AAAMAM,26,-1.164799999999993
424,J83003,Paracet_Tab 500mg,0407010H0AAAMAM,26,-1.164799999999993
426,J83041,Paracet_Tab 500mg,0407010H0AAAMAM,1,-1.2288
427,J83041,Paracet_Tab 500mg,0407010H0AAAMAM,1,-1.2288
428,J83619,Paracet_Tab 500mg,0407010H0AAAMAM,6,-1.3199999999999983
429,J83619,Paracet_Tab 500mg,0407010H0AAAMAM,6,-1.3199999999999983
431,J83021,Paracet_Tab 500mg,0407010H0AAAMAM,78,-1.5599999999999905
430,J83021,Paracet_Tab 500mg,0407010H0AAAMAM,78,-1.5599999999999905
432,J83040,Paracet_Tab 500mg,0407010H0AAAMAM,84,-1.67999999999999
433,J83040,Paracet_Tab 500mg,0407010H0AAAMAM,84,-1.67999999999999
435,J83003,Paracet_Tab 500mg,0407010H0AAAMAM,2,-1.92
434,J83003,Paracet_Tab 500mg,0407010H0AAAMAM,2,-1.92
436,J83041,Paracet_Tab 500mg,0407010H0AAAMAM,59,-2.3599999999999857
437,J83041,Paracet_Tab 500mg,0407010H0AAAMAM,59,-2.3599999999999857
438,J83037,Paracet_Tab 500mg,0407010H0AAAMAM,58,-2.5983999999999843
439,J83037,Paracet_Tab 500mg,0407010H0AAAMAM,58,-2.5983999999999843
