,practice_code,bnf_description,bnf_code,items,excess_cost
0,P81004,Amiodarone HCl_Tab 200mg,0203020D0AAABAB,3,0.5194000000000003
1,P81004,Clonazepam_Tab 500mcg,0408010F0AAABAB,10,3.3221999999999934
2,P81004,Co-Codamol_Cap 8mg/500mg,0407010F0AAABAB,6,1.6000000000000183
3,P81004,Mesalazine_Tab E/C 400mg,0105010B0AAAAAA,1,11.978399999999999
4,P81004,Mesalazine_Tab E/C 800mg,0105010B0AAASAS,1,17.219999999999995
5,P81004,Methocarbamol_Tab 750mg,1002020S0AAABAB,4,0.8200000000000008
6,P81004,Quetiapine_Tab 200mg,0402010ABAAADAD,12,-0.010499999999998844
7,P81016,Amiodarone HCl_Tab 200mg,0203020D0AAABAB,7,2.450000000000002
8,P81016,Clonazepam_Tab 500mcg,0408010F0AAABAB,19,8.545199999999983
9,P81016,Co-Codamol_Cap 8mg/500mg,0407010F0AAABAB,10,1.6640000000000188
10,P81016,Mesalazine_Tab E/C 800mg,0105010B0AAASAS,1,34.43999999999999
11,P81016,Quetiapine_Tab 200mg,0402010ABAAADAD,11,-0.011199999999998766
12,P81042,Amiodarone HCl_Tab 200mg,0203020D0AAABAB,5,1.7500000000000016
13,P81042,Clonazepam_Tab 500mcg,0408010F0AAABAB,18,10.423099999999978
14,P81042,Co-Codamol_Cap 8mg/500mg,0407010F0AAABAB,6,0.4864000000000055
15,P81042,Mesalazine_Tab E/C 400mg,0105010B0AAAAAA,2,47.913599999999995
16,P81042,Mesalazine_Tab E/C 800mg,0105010B0AAASAS,5,68.88000000000002
17,P81042,Methocarbamol_Tab 750mg,1002020S0AAABAB,1,0.18480000000000063
18,P81042,Quetiapine_Tab 200mg,0402010ABAAADAD,16,-0.025199999999997225
19,P81042,Tetrabenazine_Tab 25mg,0409030C0AAAAAA,3,4.997999999999994
20,P81043,Amiodarone HCl_Tab 200mg,0203020D0AAABAB,4,1.4000000000000012
21,P81043,Clonazepam_Tab 500mcg,0408010F0AAABAB,15,4.84769999999999
22,P81043,Co-Codamol_Cap 8mg/500mg,0407010F0AAABAB,4,0.4900000000000043
23,P81043,Mesalazine_Tab E/C 800mg,0105010B0AAASAS,2,-18.432
24,P81043,Quetiapine_Tab 200mg,0402010ABAAADAD,5,-0.011199999999998766
25,P81054,Amiodarone HCl_Tab 200mg,0203020D0AAABAB,5,1.7500000000000016
26,P81054,Clonazepam_Tab 500mcg,0408010F0AAABAB,20,8.960899999999981
27,P81054,Mesalazine_Tab E/C 400mg,0105010B0AAAAAA,5,25.093999999999994
28,P81054,Mesalazine_Tab E/C 800mg,0105010B0AAASAS,1,34.43999999999999
29,P81054,Methocarbamol_Tab 750mg,1002020S0AAABAB,6,1.737600000000001
30,P81054,Quetiapine_Tab 200mg,0402010ABAAADAD,11,-0.01959999999999784
31,P81063,Amiodarone HCl_Tab 200mg,0203020D0AAABAB,2,0.7000000000000006
32,P81063,Clonazepam_Tab 500mcg,0408010F0AAABAB,17,11.040099999999976
33,P81063,Co-Codamol_Cap 8mg/500mg,0407010F0AAABAB,16,3.2576000000000374
34,P81063,Mesalazine_Tab E/C 800mg,0105010B0AAASAS,2,12.288
35,P81063,Methocarbamol_Tab 750mg,1002020S0AAABAB,4,0.680400000000002
36,P81063,Quetiapine_Tab 200mg,0402010ABAAADAD,13,-0.013299999999998535
37,P81063,Topiramate_Tab 200mg,040801050AAACAC,2,4.979999999999998
38,P81066,Amiodarone HCl_Tab 200mg,0203020D0AAABAB,1,0.3500000000000003
39,P81066,Clonazepam_Tab 500mcg,0408010F0AAABAB,15,5.2205999999999895
40,P81066,Mesalazine_Tab E/C 400mg,0105010B0AAAAAA,1,8.556
41,P81066,Mesalazine_Tab E/C 800mg,0105010B0AAASAS,4,16.007999999999992
42,P81066,Risperidone_Tab 6mg,040201030AAAFAF,1,29.2096
43,P81066,Topiramate_Tab 200mg,040801050AAACAC,1,2.3183999999999996
44,P81072,Amiodarone HCl_Tab 200mg,0203020D0AAABAB,3,1.050000000000001
45,P81072,Clonazepam_Tab 500mcg,0408010F0AAABAB,31,10.398999999999978
46,P81072,Co-Codamol_Cap 8mg/500mg,0407010F0AAABAB,4,0.49920000000000564
47,P81072,Mesalazine_Tab E/C 400mg,0105010B0AAAAAA,2,3.992799999999999
48,P81072,Mesalazine_Tab E/C 800mg,0105010B0AAASAS,5,86.09999999999997
49,P81072,Methocarbamol_Tab 750mg,1002020S0AAABAB,18,8.356000000000002
50,P81072,Quetiapine_Tab 200mg,0402010ABAAADAD,24,-0.03919999999999568
51,P81072,Tetrabenazine_Tab 25mg,0409030C0AAAAAA,1,0.749699999999999
52,P81073,Amiodarone HCl_Tab 200mg,0203020D0AAABAB,4,2.450000000000002
53,P81073,Clonazepam_Tab 500mcg,0408010F0AAABAB,13,7.299799999999984
54,P81073,Co-Codamol_Cap 8mg/500mg,0407010F0AAABAB,2,0.6400000000000072
55,P81073,Mesalazine_Tab E/C 400mg,0105010B0AAAAAA,2,-2.281600000000001
56,P81073,Mesalazine_Tab E/C 800mg,0105010B0AAASAS,1,-34.43999999999999
57,P81073,Methocarbamol_Tab 750mg,1002020S0AAABAB,2,1.2152000000000003
58,P81073,Quetiapine_Tab 200mg,0402010ABAAADAD,3,16.4976
59,P81073,Tetrabenazine_Tab 25mg,0409030C0AAAAAA,1,7.99679999999999
60,P81074,Amiodarone HCl_Tab 200mg,0203020D0AAABAB,13,3.7534000000000027
61,P81074,Clonazepam_Tab 500mcg,0408010F0AAABAB,22,11.311299999999976
62,P81074,Co-Codamol_Cap 8mg/500mg,0407010F0AAABAB,4,0.6400000000000072
63,P81074,Mesalazine_Tab E/C 400mg,0105010B0AAAAAA,1,3.9927999999999995
64,P81074,Methocarbamol_Tab 750mg,1002020S0AAABAB,7,2.944400000000001
65,P81074,Quetiapine_Tab 200mg,0402010ABAAADAD,8,-0.01679999999999815
66,P81074,Tetrabenazine_Tab 25mg,0409030C0AAAAAA,5,1.9991999999999974
67,P81081,Amiodarone HCl_Tab 200mg,0203020D0AAABAB,3,1.050000000000001
68,P81081,Clonazepam_Tab 500mcg,0408010F0AAABAB,9,1.898399999999996
69,P81081,Co-Codamol_Cap 8mg/500mg,0407010F0AAABAB,2,0.2048000000000023
70,P81081,Mesalazine_Tab E/C 400mg,0105010B0AAAAAA,3,-3.992799999999999
71,P81081,Methocarbamol_Tab 750mg,1002020S0AAABAB,2,0.6216000000000018
72,P81081,Quetiapine_Tab 200mg,0402010ABAAADAD,6,-0.011199999999998766
73,P81092,Amiodarone HCl_Tab 200mg,0203020D0AAABAB,12,4.200000000000004
74,P81092,Clonazepam_Tab 500mcg,0408010F0AAABAB,18,6.802599999999986
75,P81092,Co-Codamol_Cap 8mg/500mg,0407010F0AAABAB,10,1.0880000000000123
76,P81092,Methocarbamol_Tab 750mg,1002020S0AAABAB,2,0.6136000000000003
77,P81115,Amiodarone HCl_Tab 200mg,0203020D0AAABAB,2,0.7000000000000006
78,P81115,Clonazepam_Tab 500mcg,0408010F0AAABAB,15,4.904199999999991
79,P81115,Co-Codamol_Cap 8mg/500mg,0407010F0AAABAB,32,4.684800000000054
80,P81115,Mesalazine_Tab E/C 400mg,0105010B0AAAAAA,2,31.942399999999996
81,P81115,Methocarbamol_Tab 750mg,1002020S0AAABAB,2,0.9631999999999996
82,P81115,Quetiapine_Tab 200mg,0402010ABAAADAD,11,-0.023099999999997456
83,P81115,Risperidone_Tab 6mg,040201030AAAFAF,1,29.2096
84,P81115,Tetrabenazine_Tab 25mg,0409030C0AAAAAA,2,2.0363999999999973
85,P81159,Amiodarone HCl_Tab 200mg,0203020D0AAABAB,9,4.200000000000003
86,P81159,Clonazepam_Tab 500mcg,0408010F0AAABAB,36,18.083099999999963
87,P81159,Co-Codamol_Cap 8mg/500mg,0407010F0AAABAB,6,0.8320000000000094
88,P81159,Mesalazine_Tab E/C 400mg,0105010B0AAAAAA,3,4.003999999999999
89,P81159,Methocarbamol_Tab 750mg,1002020S0AAABAB,1,0.4299999999999998
90,P81159,Quetiapine_Tab 200mg,0402010ABAAADAD,3,-0.008399999999999075
91,P81159,Tetrabenazine_Tab 25mg,0409030C0AAAAAA,2,5.997599999999992
92,P81172,Amiodarone HCl_Tab 200mg,0203020D0AAABAB,2,1.050000000000001
93,P81172,Clonazepam_Tab 500mcg,0408010F0AAABAB,12,3.661199999999993
94,P81172,Mesalazine_Tab E/C 400mg,0105010B0AAAAAA,2,6.844799999999999
95,P81172,Mesalazine_Tab E/C 800mg,0105010B0AAASAS,3,-55.331999999999994
96,P81172,Methocarbamol_Tab 750mg,1002020S0AAABAB,4,2.7776000000000005
97,P81172,Quetiapine_Tab 200mg,0402010ABAAADAD,10,-0.017499999999998073
98,P81681,Amiodarone HCl_Tab 200mg,0203020D0AAABAB,3,1.050000000000001
99,P81681,Clonazepam_Tab 500mcg,0408010F0AAABAB,33,17.113599999999963
100,P81681,Co-Codamol_Cap 8mg/500mg,0407010F0AAABAB,12,2.0168000000000204
101,P81681,Mesalazine_Tab E/C 800mg,0105010B0AAASAS,1,-36.89999999999999
102,P81681,Methocarbamol_Tab 750mg,1002020S0AAABAB,5,1.7224000000000015
103,P81681,Quetiapine_Tab 200mg,0402010ABAAADAD,4,-0.011199999999998766
104,P81681,Tetrabenazine_Tab 25mg,0409030C0AAAAAA,4,8.496599999999988
105,P81681,Topiramate_Tab 200mg,040801050AAACAC,2,4.636799999999999
106,P81713,Clonazepam_Tab 500mcg,0408010F0AAABAB,3,2.531199999999995
107,P81713,Co-Codamol_Cap 8mg/500mg,0407010F0AAABAB,2,0.1700000000000007
108,P81713,Mesalazine_Tab E/C 800mg,0105010B0AAASAS,1,17.219999999999995
109,P81713,Methocarbamol_Tab 750mg,1002020S0AAABAB,3,0.6216000000000015
110,P81714,Amiodarone HCl_Tab 200mg,0203020D0AAABAB,1,0.7000000000000006
111,P81714,Clonazepam_Tab 500mcg,0408010F0AAABAB,5,2.6893999999999947
112,P81714,Co-Codamol_Cap 8mg/500mg,0407010F0AAABAB,10,1.4720000000000164
113,P81714,Methocarbamol_Tab 750mg,1002020S0AAABAB,2,1.4447999999999994
114,P81714,Quetiapine_Tab 200mg,0402010ABAAADAD,15,-0.02169999999999761
115,Y02854,Clonazepam_Tab 500mcg,0408010F0AAABAB,2,0.10049999999999992
