,practice_code,bnf_description,bnf_code,items,excess_cost
341,P81218,Levetiracetam_Tab 500mg,0408010A0AAABAB,4,30.217599999999997
398,P81218,Risperidone_Tab 6mg,040201030AAAFAF,1,29.2096
218,P81036,Valsartan_Tab 40mg,0205052V0AAADAD,2,23.016000000000002
340,P81699,Gemfibrozil_Tab 600mg,0212000Q0AAABAB,1,15.142399999999999
339,P81078,Gemfibrozil_Tab 600mg,0212000Q0AAABAB,1,15.142399999999999
219,P81100,Valsartan_Tab 40mg,0205052V0AAADAD,1,9.59
220,P81100,Valsartan_Tab 40mg,0205052V0AAADAD,1,7.672000000000001
277,P81020,Methocarbamol_Tab 750mg,1002020S0AAABAB,19,7.022400000000024
323,P81032,Tetrabenazine_Tab 25mg,0409030C0AAAAAA,1,5.997599999999992
228,P81659,Pyridox HCl_Tab 50mg,0906024N0AAAIAI,1,5.745600000000001
0,P81118,Clonazepam_Tab 500mcg,0408010F0AAABAB,4,5.06239999999999
264,P81047,Topiramate_Tab 200mg,040801050AAACAC,2,4.979999999999998
265,P81212,Topiramate_Tab 200mg,040801050AAACAC,1,4.979999999999998
266,P81078,Topiramate_Tab 200mg,040801050AAACAC,1,4.647999999999998
267,P81686,Topiramate_Tab 200mg,040801050AAACAC,2,4.636799999999999
1,P81218,Clonazepam_Tab 500mcg,0408010F0AAABAB,7,4.429599999999991
324,P81780,Tetrabenazine_Tab 25mg,0409030C0AAAAAA,1,3.998399999999995
221,P81147,Valsartan_Tab 40mg,0205052V0AAADAD,1,3.8360000000000003
222,P81003,Valsartan_Tab 40mg,0205052V0AAADAD,2,3.8360000000000003
223,P81100,Valsartan_Tab 40mg,0205052V0AAADAD,1,3.8360000000000003
224,P81130,Valsartan_Tab 40mg,0205052V0AAADAD,2,3.8360000000000003
11,P81123,Clonazepam_Tab 500mcg,0408010F0AAABAB,2,3.796799999999992
4,P81218,Clonazepam_Tab 500mcg,0408010F0AAABAB,2,3.796799999999992
5,P81027,Clonazepam_Tab 500mcg,0408010F0AAABAB,6,3.796799999999992
6,P81047,Clonazepam_Tab 500mcg,0408010F0AAABAB,4,3.796799999999992
7,P81047,Clonazepam_Tab 500mcg,0408010F0AAABAB,6,3.796799999999992
2,P81755,Clonazepam_Tab 500mcg,0408010F0AAABAB,2,3.796799999999992
8,P81197,Clonazepam_Tab 500mcg,0408010F0AAABAB,1,3.796799999999992
9,P81036,Clonazepam_Tab 500mcg,0408010F0AAABAB,6,3.796799999999992
10,P81100,Clonazepam_Tab 500mcg,0408010F0AAABAB,4,3.796799999999992
3,P81025,Clonazepam_Tab 500mcg,0408010F0AAABAB,3,3.796799999999992
162,P81036,Amiodarone HCl_Tab 200mg,0203020D0AAABAB,10,3.500000000000003
12,P81036,Clonazepam_Tab 500mcg,0408010F0AAABAB,11,3.480399999999993
325,P81756,Tetrabenazine_Tab 25mg,0409030C0AAAAAA,1,3.2129999999999956
13,P81020,Clonazepam_Tab 500mcg,0408010F0AAABAB,5,3.1639999999999935
14,P81118,Clonazepam_Tab 500mcg,0408010F0AAABAB,5,3.1639999999999935
15,P81730,Clonazepam_Tab 500mcg,0408010F0AAABAB,5,3.1639999999999935
16,P81053,Clonazepam_Tab 500mcg,0408010F0AAABAB,5,3.1639999999999935
163,P81047,Amiodarone HCl_Tab 200mg,0203020D0AAABAB,9,3.150000000000003
327,P81078,Tetrabenazine_Tab 25mg,0409030C0AAAAAA,1,2.998799999999996
326,P81088,Tetrabenazine_Tab 25mg,0409030C0AAAAAA,1,2.998799999999996
231,P81036,Pyridox HCl_Tab 50mg,0906024N0AAAIAI,3,2.8728000000000007
232,P81137,Pyridox HCl_Tab 50mg,0906024N0AAAIAI,2,2.8728000000000007
229,Y02606,Pyridox HCl_Tab 50mg,0906024N0AAAIAI,2,2.8728000000000007
230,P81182,Pyridox HCl_Tab 50mg,0906024N0AAAIAI,1,2.8728000000000007
17,P81065,Clonazepam_Tab 500mcg,0408010F0AAABAB,3,2.847599999999994
18,P81036,Clonazepam_Tab 500mcg,0408010F0AAABAB,3,2.847599999999994
19,P81036,Clonazepam_Tab 500mcg,0408010F0AAABAB,1,2.824999999999994
164,P81027,Amiodarone HCl_Tab 200mg,0203020D0AAABAB,8,2.8000000000000025
166,P81730,Amiodarone HCl_Tab 200mg,0203020D0AAABAB,8,2.8000000000000025
165,P81130,Amiodarone HCl_Tab 200mg,0203020D0AAABAB,8,2.8000000000000025
20,Y02605,Clonazepam_Tab 500mcg,0408010F0AAABAB,2,2.6215999999999946
278,P81032,Methocarbamol_Tab 750mg,1002020S0AAABAB,6,2.579999999999999
25,P81020,Clonazepam_Tab 500mcg,0408010F0AAABAB,2,2.531199999999995
24,P81099,Clonazepam_Tab 500mcg,0408010F0AAABAB,8,2.531199999999995
23,P81099,Clonazepam_Tab 500mcg,0408010F0AAABAB,4,2.531199999999995
26,P81130,Clonazepam_Tab 500mcg,0408010F0AAABAB,4,2.531199999999995
22,P81003,Clonazepam_Tab 500mcg,0408010F0AAABAB,8,2.531199999999995
21,P81008,Clonazepam_Tab 500mcg,0408010F0AAABAB,2,2.531199999999995
271,P81778,Topiramate_Tab 200mg,040801050AAACAC,1,2.489999999999999
270,P81212,Topiramate_Tab 200mg,040801050AAACAC,1,2.489999999999999
269,P81035,Topiramate_Tab 200mg,040801050AAACAC,1,2.489999999999999
268,P81020,Topiramate_Tab 200mg,040801050AAACAC,1,2.489999999999999
168,P81032,Amiodarone HCl_Tab 200mg,0203020D0AAABAB,7,2.450000000000002
167,P81099,Amiodarone HCl_Tab 200mg,0203020D0AAABAB,7,2.450000000000002
169,P81025,Amiodarone HCl_Tab 200mg,0203020D0AAABAB,7,2.450000000000002
272,P81003,Topiramate_Tab 200mg,040801050AAACAC,1,2.3183999999999996
274,P81730,Topiramate_Tab 200mg,040801050AAACAC,1,2.3183999999999996
273,P81218,Topiramate_Tab 200mg,040801050AAACAC,1,2.3183999999999996
27,P81134,Clonazepam_Tab 500mcg,0408010F0AAABAB,1,2.2599999999999953
30,P81036,Clonazepam_Tab 500mcg,0408010F0AAABAB,1,2.2147999999999954
29,P81047,Clonazepam_Tab 500mcg,0408010F0AAABAB,7,2.2147999999999954
28,P81020,Clonazepam_Tab 500mcg,0408010F0AAABAB,1,2.2147999999999954
31,P81020,Clonazepam_Tab 500mcg,0408010F0AAABAB,7,2.2147999999999954
171,P81078,Amiodarone HCl_Tab 200mg,0203020D0AAABAB,6,2.100000000000002
172,P81020,Amiodarone HCl_Tab 200mg,0203020D0AAABAB,6,2.100000000000002
170,P81003,Amiodarone HCl_Tab 200mg,0203020D0AAABAB,6,2.100000000000002
328,P81095,Tetrabenazine_Tab 25mg,0409030C0AAAAAA,2,1.9991999999999974
329,P81780,Tetrabenazine_Tab 25mg,0409030C0AAAAAA,1,1.9991999999999974
227,P81137,Valsartan_Tab 40mg,0205052V0AAADAD,1,1.9180000000000001
226,P81147,Valsartan_Tab 40mg,0205052V0AAADAD,1,1.9180000000000001
225,P81017,Valsartan_Tab 40mg,0205052V0AAADAD,1,1.9180000000000001
233,P81160,Pyridox HCl_Tab 50mg,0906024N0AAAIAI,2,1.9152000000000005
234,P81003,Pyridox HCl_Tab 50mg,0906024N0AAAIAI,2,1.9152000000000005
235,P81069,Pyridox HCl_Tab 50mg,0906024N0AAAIAI,2,1.9152000000000005
32,P81123,Clonazepam_Tab 500mcg,0408010F0AAABAB,3,1.898399999999996
34,P81130,Clonazepam_Tab 500mcg,0408010F0AAABAB,2,1.898399999999996
33,P81017,Clonazepam_Tab 500mcg,0408010F0AAABAB,3,1.898399999999996
41,P81100,Clonazepam_Tab 500mcg,0408010F0AAABAB,3,1.898399999999996
44,P81088,Clonazepam_Tab 500mcg,0408010F0AAABAB,3,1.898399999999996
35,P81020,Clonazepam_Tab 500mcg,0408010F0AAABAB,2,1.898399999999996
36,P81755,Clonazepam_Tab 500mcg,0408010F0AAABAB,3,1.898399999999996
37,P81078,Clonazepam_Tab 500mcg,0408010F0AAABAB,1,1.898399999999996
38,P81778,Clonazepam_Tab 500mcg,0408010F0AAABAB,2,1.898399999999996
39,P81160,Clonazepam_Tab 500mcg,0408010F0AAABAB,1,1.898399999999996
40,P81008,Clonazepam_Tab 500mcg,0408010F0AAABAB,3,1.898399999999996
43,P81182,Clonazepam_Tab 500mcg,0408010F0AAABAB,3,1.898399999999996
42,Y02605,Clonazepam_Tab 500mcg,0408010F0AAABAB,2,1.898399999999996
174,P81017,Amiodarone HCl_Tab 200mg,0203020D0AAABAB,5,1.7500000000000016
173,P81160,Amiodarone HCl_Tab 200mg,0203020D0AAABAB,5,1.7500000000000016
45,P81137,Clonazepam_Tab 500mcg,0408010F0AAABAB,7,1.6610999999999967
50,P81069,Clonazepam_Tab 500mcg,0408010F0AAABAB,5,1.5819999999999967
48,P81027,Clonazepam_Tab 500mcg,0408010F0AAABAB,1,1.5819999999999967
46,P81123,Clonazepam_Tab 500mcg,0408010F0AAABAB,5,1.5819999999999967
49,P81711,Clonazepam_Tab 500mcg,0408010F0AAABAB,1,1.5819999999999967
47,P81027,Clonazepam_Tab 500mcg,0408010F0AAABAB,5,1.5819999999999967
330,P81053,Tetrabenazine_Tab 25mg,0409030C0AAAAAA,1,1.499399999999998
279,P81137,Methocarbamol_Tab 750mg,1002020S0AAABAB,4,1.478400000000005
280,P81032,Methocarbamol_Tab 750mg,1002020S0AAABAB,4,1.478400000000005
281,P81027,Methocarbamol_Tab 750mg,1002020S0AAABAB,3,1.4447999999999994
239,P81017,Pyridox HCl_Tab 50mg,0906024N0AAAIAI,1,1.4364000000000003
236,P81070,Pyridox HCl_Tab 50mg,0906024N0AAAIAI,1,1.4364000000000003
237,P81047,Pyridox HCl_Tab 50mg,0906024N0AAAIAI,1,1.4364000000000003
238,P81032,Pyridox HCl_Tab 50mg,0906024N0AAAIAI,1,1.4364000000000003
240,P81134,Pyridox HCl_Tab 50mg,0906024N0AAAIAI,1,1.4364000000000003
241,P81780,Pyridox HCl_Tab 50mg,0906024N0AAAIAI,1,1.4364000000000003
242,P81132,Pyridox HCl_Tab 50mg,0906024N0AAAIAI,1,1.4364000000000003
51,P81732,Clonazepam_Tab 500mcg,0408010F0AAABAB,1,1.423799999999997
52,P81020,Clonazepam_Tab 500mcg,0408010F0AAABAB,9,1.423799999999997
175,P81065,Amiodarone HCl_Tab 200mg,0203020D0AAABAB,2,1.4000000000000012
176,P81065,Amiodarone HCl_Tab 200mg,0203020D0AAABAB,4,1.4000000000000012
177,P81035,Amiodarone HCl_Tab 200mg,0203020D0AAABAB,4,1.4000000000000012
53,P81130,Clonazepam_Tab 500mcg,0408010F0AAABAB,2,1.3559999999999972
282,P81020,Methocarbamol_Tab 750mg,1002020S0AAABAB,3,1.2899999999999996
70,P81726,Clonazepam_Tab 500mcg,0408010F0AAABAB,2,1.2655999999999974
54,P81070,Clonazepam_Tab 500mcg,0408010F0AAABAB,1,1.2655999999999974
55,P81146,Clonazepam_Tab 500mcg,0408010F0AAABAB,1,1.2655999999999974
56,P81025,Clonazepam_Tab 500mcg,0408010F0AAABAB,2,1.2655999999999974
65,P81070,Clonazepam_Tab 500mcg,0408010F0AAABAB,4,1.2655999999999974
66,P81036,Clonazepam_Tab 500mcg,0408010F0AAABAB,1,1.2655999999999974
67,P81160,Clonazepam_Tab 500mcg,0408010F0AAABAB,2,1.2655999999999974
68,P81736,Clonazepam_Tab 500mcg,0408010F0AAABAB,2,1.2655999999999974
69,P81025,Clonazepam_Tab 500mcg,0408010F0AAABAB,4,1.2655999999999974
71,P81069,Clonazepam_Tab 500mcg,0408010F0AAABAB,2,1.2655999999999974
64,P81069,Clonazepam_Tab 500mcg,0408010F0AAABAB,1,1.2655999999999974
72,P81123,Clonazepam_Tab 500mcg,0408010F0AAABAB,1,1.2655999999999974
57,P81146,Clonazepam_Tab 500mcg,0408010F0AAABAB,2,1.2655999999999974
58,Y02605,Clonazepam_Tab 500mcg,0408010F0AAABAB,2,1.2655999999999974
59,P81047,Clonazepam_Tab 500mcg,0408010F0AAABAB,1,1.2655999999999974
60,P81130,Clonazepam_Tab 500mcg,0408010F0AAABAB,4,1.2655999999999974
61,P81017,Clonazepam_Tab 500mcg,0408010F0AAABAB,1,1.2655999999999974
62,P81778,Clonazepam_Tab 500mcg,0408010F0AAABAB,1,1.2655999999999974
63,P81218,Clonazepam_Tab 500mcg,0408010F0AAABAB,1,1.2655999999999974
275,P81017,Topiramate_Tab 200mg,040801050AAACAC,1,1.2449999999999994
276,P81755,Topiramate_Tab 200mg,040801050AAACAC,1,1.1647999999999992
75,P81123,Clonazepam_Tab 500mcg,0408010F0AAABAB,1,1.1299999999999977
73,P81686,Clonazepam_Tab 500mcg,0408010F0AAABAB,1,1.1299999999999977
74,P81659,Clonazepam_Tab 500mcg,0408010F0AAABAB,1,1.1299999999999977
76,P81025,Clonazepam_Tab 500mcg,0408010F0AAABAB,1,1.1299999999999977
77,P81099,Clonazepam_Tab 500mcg,0408010F0AAABAB,1,1.1299999999999977
283,P81035,Methocarbamol_Tab 750mg,1002020S0AAABAB,1,1.0835999999999997
178,P81659,Amiodarone HCl_Tab 200mg,0203020D0AAABAB,3,1.050000000000001
183,P81732,Amiodarone HCl_Tab 200mg,0203020D0AAABAB,3,1.050000000000001
187,P81008,Amiodarone HCl_Tab 200mg,0203020D0AAABAB,3,1.050000000000001
186,P81047,Amiodarone HCl_Tab 200mg,0203020D0AAABAB,1,1.050000000000001
185,P81095,Amiodarone HCl_Tab 200mg,0203020D0AAABAB,3,1.050000000000001
179,P81118,Amiodarone HCl_Tab 200mg,0203020D0AAABAB,3,1.050000000000001
184,P81123,Amiodarone HCl_Tab 200mg,0203020D0AAABAB,3,1.050000000000001
182,P81100,Amiodarone HCl_Tab 200mg,0203020D0AAABAB,1,1.050000000000001
181,P81132,Amiodarone HCl_Tab 200mg,0203020D0AAABAB,3,1.050000000000001
180,P81137,Amiodarone HCl_Tab 200mg,0203020D0AAABAB,3,1.050000000000001
331,P81147,Tetrabenazine_Tab 25mg,0409030C0AAAAAA,1,0.9995999999999987
332,P81047,Tetrabenazine_Tab 25mg,0409030C0AAAAAA,1,0.9995999999999987
333,P81146,Tetrabenazine_Tab 25mg,0409030C0AAAAAA,1,0.9995999999999987
334,P81100,Tetrabenazine_Tab 25mg,0409030C0AAAAAA,1,0.9995999999999987
335,P81035,Tetrabenazine_Tab 25mg,0409030C0AAAAAA,1,0.9995999999999987
336,P81118,Tetrabenazine_Tab 25mg,0409030C0AAAAAA,1,0.9995999999999987
337,P81036,Tetrabenazine_Tab 25mg,0409030C0AAAAAA,1,0.9995999999999987
338,P81020,Tetrabenazine_Tab 25mg,0409030C0AAAAAA,1,0.9995999999999987
284,P81032,Methocarbamol_Tab 750mg,1002020S0AAABAB,2,0.9631999999999996
285,P81137,Methocarbamol_Tab 750mg,1002020S0AAABAB,1,0.9631999999999996
247,P81182,Pyridox HCl_Tab 50mg,0906024N0AAAIAI,1,0.9576000000000002
243,P81088,Pyridox HCl_Tab 50mg,0906024N0AAAIAI,1,0.9576000000000002
249,P81020,Pyridox HCl_Tab 50mg,0906024N0AAAIAI,1,0.9576000000000002
244,P81730,Pyridox HCl_Tab 50mg,0906024N0AAAIAI,2,0.9576000000000002
251,P81147,Pyridox HCl_Tab 50mg,0906024N0AAAIAI,2,0.9576000000000002
250,P81099,Pyridox HCl_Tab 50mg,0906024N0AAAIAI,1,0.9576000000000002
252,P81166,Pyridox HCl_Tab 50mg,0906024N0AAAIAI,1,0.9576000000000002
248,P81686,Pyridox HCl_Tab 50mg,0906024N0AAAIAI,1,0.9576000000000002
246,P81726,Pyridox HCl_Tab 50mg,0906024N0AAAIAI,1,0.9576000000000002
245,P81730,Pyridox HCl_Tab 50mg,0906024N0AAAIAI,1,0.9576000000000002
90,P81078,Clonazepam_Tab 500mcg,0408010F0AAABAB,1,0.949199999999998
80,P81032,Clonazepam_Tab 500mcg,0408010F0AAABAB,3,0.949199999999998
91,P81659,Clonazepam_Tab 500mcg,0408010F0AAABAB,1,0.949199999999998
87,P81182,Clonazepam_Tab 500mcg,0408010F0AAABAB,1,0.949199999999998
86,P81146,Clonazepam_Tab 500mcg,0408010F0AAABAB,3,0.949199999999998
85,P81197,Clonazepam_Tab 500mcg,0408010F0AAABAB,1,0.949199999999998
84,P81118,Clonazepam_Tab 500mcg,0408010F0AAABAB,3,0.949199999999998
83,P81218,Clonazepam_Tab 500mcg,0408010F0AAABAB,1,0.949199999999998
82,P81166,Clonazepam_Tab 500mcg,0408010F0AAABAB,3,0.949199999999998
81,P81065,Clonazepam_Tab 500mcg,0408010F0AAABAB,3,0.949199999999998
88,P81065,Clonazepam_Tab 500mcg,0408010F0AAABAB,4,0.949199999999998
79,Y02606,Clonazepam_Tab 500mcg,0408010F0AAABAB,3,0.949199999999998
78,P81218,Clonazepam_Tab 500mcg,0408010F0AAABAB,3,0.949199999999998
89,P81017,Clonazepam_Tab 500mcg,0408010F0AAABAB,3,0.949199999999998
287,P81088,Methocarbamol_Tab 750mg,1002020S0AAABAB,1,0.8599999999999997
286,Y02068,Methocarbamol_Tab 750mg,1002020S0AAABAB,1,0.8599999999999997
253,P81008,Pyridox HCl_Tab 50mg,0906024N0AAAIAI,1,0.8160000000000007
92,P81047,Clonazepam_Tab 500mcg,0408010F0AAABAB,5,0.7909999999999984
288,P81003,Methocarbamol_Tab 750mg,1002020S0AAABAB,2,0.7392000000000025
291,P81003,Methocarbamol_Tab 750mg,1002020S0AAABAB,1,0.7223999999999997
289,P81065,Methocarbamol_Tab 750mg,1002020S0AAABAB,1,0.7223999999999997
290,P81020,Methocarbamol_Tab 750mg,1002020S0AAABAB,1,0.7223999999999997
204,P81218,Amiodarone HCl_Tab 200mg,0203020D0AAABAB,2,0.7000000000000006
205,P81070,Amiodarone HCl_Tab 200mg,0203020D0AAABAB,2,0.7000000000000006
203,P81095,Amiodarone HCl_Tab 200mg,0203020D0AAABAB,1,0.7000000000000006
201,Y02605,Amiodarone HCl_Tab 200mg,0203020D0AAABAB,2,0.7000000000000006
188,P81197,Amiodarone HCl_Tab 200mg,0203020D0AAABAB,2,0.7000000000000006
189,P81166,Amiodarone HCl_Tab 200mg,0203020D0AAABAB,2,0.7000000000000006
190,P81780,Amiodarone HCl_Tab 200mg,0203020D0AAABAB,2,0.7000000000000006
191,P81699,Amiodarone HCl_Tab 200mg,0203020D0AAABAB,1,0.7000000000000006
192,P81132,Amiodarone HCl_Tab 200mg,0203020D0AAABAB,1,0.7000000000000006
193,P81027,Amiodarone HCl_Tab 200mg,0203020D0AAABAB,1,0.7000000000000006
194,P81686,Amiodarone HCl_Tab 200mg,0203020D0AAABAB,2,0.7000000000000006
195,P81047,Amiodarone HCl_Tab 200mg,0203020D0AAABAB,1,0.7000000000000006
196,P81020,Amiodarone HCl_Tab 200mg,0203020D0AAABAB,1,0.7000000000000006
197,P81053,Amiodarone HCl_Tab 200mg,0203020D0AAABAB,1,0.7000000000000006
198,P81078,Amiodarone HCl_Tab 200mg,0203020D0AAABAB,1,0.7000000000000006
200,P81711,Amiodarone HCl_Tab 200mg,0203020D0AAABAB,2,0.7000000000000006
199,P81035,Amiodarone HCl_Tab 200mg,0203020D0AAABAB,1,0.7000000000000006
202,P81069,Amiodarone HCl_Tab 200mg,0203020D0AAABAB,2,0.7000000000000006
292,P81088,Methocarbamol_Tab 750mg,1002020S0AAABAB,2,0.6879999999999997
93,P81780,Clonazepam_Tab 500mcg,0408010F0AAABAB,1,0.6779999999999986
94,P81027,Clonazepam_Tab 500mcg,0408010F0AAABAB,1,0.6779999999999986
95,P81032,Clonazepam_Tab 500mcg,0408010F0AAABAB,1,0.6779999999999986
96,P81118,Clonazepam_Tab 500mcg,0408010F0AAABAB,1,0.6779999999999986
97,P81100,Clonazepam_Tab 500mcg,0408010F0AAABAB,1,0.6779999999999986
115,P81659,Clonazepam_Tab 500mcg,0408010F0AAABAB,2,0.6327999999999987
112,P81065,Clonazepam_Tab 500mcg,0408010F0AAABAB,1,0.6327999999999987
113,P81726,Clonazepam_Tab 500mcg,0408010F0AAABAB,2,0.6327999999999987
114,P81212,Clonazepam_Tab 500mcg,0408010F0AAABAB,2,0.6327999999999987
118,P81078,Clonazepam_Tab 500mcg,0408010F0AAABAB,1,0.6327999999999987
116,P81147,Clonazepam_Tab 500mcg,0408010F0AAABAB,1,0.6327999999999987
117,P81132,Clonazepam_Tab 500mcg,0408010F0AAABAB,1,0.6327999999999987
110,P81197,Clonazepam_Tab 500mcg,0408010F0AAABAB,2,0.6327999999999987
119,P81757,Clonazepam_Tab 500mcg,0408010F0AAABAB,1,0.6327999999999987
120,P81730,Clonazepam_Tab 500mcg,0408010F0AAABAB,2,0.6327999999999987
111,P81035,Clonazepam_Tab 500mcg,0408010F0AAABAB,1,0.6327999999999987
121,P81032,Clonazepam_Tab 500mcg,0408010F0AAABAB,1,0.6327999999999987
109,P81166,Clonazepam_Tab 500mcg,0408010F0AAABAB,1,0.6327999999999987
106,P81095,Clonazepam_Tab 500mcg,0408010F0AAABAB,1,0.6327999999999987
98,P81197,Clonazepam_Tab 500mcg,0408010F0AAABAB,4,0.6327999999999987
99,P81132,Clonazepam_Tab 500mcg,0408010F0AAABAB,2,0.6327999999999987
100,P81780,Clonazepam_Tab 500mcg,0408010F0AAABAB,1,0.6327999999999987
101,P81003,Clonazepam_Tab 500mcg,0408010F0AAABAB,1,0.6327999999999987
102,P81732,Clonazepam_Tab 500mcg,0408010F0AAABAB,1,0.6327999999999987
103,P81008,Clonazepam_Tab 500mcg,0408010F0AAABAB,2,0.6327999999999987
104,P81095,Clonazepam_Tab 500mcg,0408010F0AAABAB,2,0.6327999999999987
105,P81147,Clonazepam_Tab 500mcg,0408010F0AAABAB,2,0.6327999999999987
108,P81137,Clonazepam_Tab 500mcg,0408010F0AAABAB,1,0.6327999999999987
107,P81170,Clonazepam_Tab 500mcg,0408010F0AAABAB,2,0.6327999999999987
254,P81065,Pyridox HCl_Tab 50mg,0906024N0AAAIAI,5,0.5985000000000001
122,P81218,Clonazepam_Tab 500mcg,0408010F0AAABAB,1,0.5699999999999983
293,P81020,Methocarbamol_Tab 750mg,1002020S0AAABAB,3,0.5544000000000019
294,P81123,Methocarbamol_Tab 750mg,1002020S0AAABAB,1,0.5503999999999998
295,P81137,Methocarbamol_Tab 750mg,1002020S0AAABAB,1,0.5417999999999998
296,P81137,Methocarbamol_Tab 750mg,1002020S0AAABAB,1,0.5159999999999998
297,P81020,Methocarbamol_Tab 750mg,1002020S0AAABAB,1,0.4815999999999998
298,Y02606,Methocarbamol_Tab 750mg,1002020S0AAABAB,1,0.4815999999999998
299,P81003,Methocarbamol_Tab 750mg,1002020S0AAABAB,1,0.4815999999999998
300,P81146,Methocarbamol_Tab 750mg,1002020S0AAABAB,1,0.4815999999999998
301,P81088,Methocarbamol_Tab 750mg,1002020S0AAABAB,1,0.4815999999999998
304,Y02605,Methocarbamol_Tab 750mg,1002020S0AAABAB,1,0.4815999999999998
303,P81731,Methocarbamol_Tab 750mg,1002020S0AAABAB,1,0.4815999999999998
302,P81147,Methocarbamol_Tab 750mg,1002020S0AAABAB,1,0.4815999999999998
261,P81146,Pyridox HCl_Tab 50mg,0906024N0AAAIAI,1,0.4788000000000001
255,P81218,Pyridox HCl_Tab 50mg,0906024N0AAAIAI,1,0.4788000000000001
256,P81069,Pyridox HCl_Tab 50mg,0906024N0AAAIAI,1,0.4788000000000001
257,P81165,Pyridox HCl_Tab 50mg,0906024N0AAAIAI,1,0.4788000000000001
258,P81036,Pyridox HCl_Tab 50mg,0906024N0AAAIAI,4,0.4788000000000001
259,P81100,Pyridox HCl_Tab 50mg,0906024N0AAAIAI,1,0.4788000000000001
260,P81020,Pyridox HCl_Tab 50mg,0906024N0AAAIAI,1,0.4788000000000001
126,P81778,Clonazepam_Tab 500mcg,0408010F0AAABAB,1,0.474599999999999
125,P81065,Clonazepam_Tab 500mcg,0408010F0AAABAB,1,0.474599999999999
124,P81100,Clonazepam_Tab 500mcg,0408010F0AAABAB,1,0.474599999999999
123,P81659,Clonazepam_Tab 500mcg,0408010F0AAABAB,1,0.474599999999999
309,P81711,Methocarbamol_Tab 750mg,1002020S0AAABAB,1,0.4299999999999998
306,P81088,Methocarbamol_Tab 750mg,1002020S0AAABAB,1,0.4299999999999998
307,P81008,Methocarbamol_Tab 750mg,1002020S0AAABAB,1,0.4299999999999998
308,P81160,Methocarbamol_Tab 750mg,1002020S0AAABAB,1,0.4299999999999998
310,P81123,Methocarbamol_Tab 750mg,1002020S0AAABAB,1,0.4299999999999998
305,P81212,Methocarbamol_Tab 750mg,1002020S0AAABAB,1,0.4299999999999998
206,P81147,Amiodarone HCl_Tab 200mg,0203020D0AAABAB,5,0.4235
313,P81017,Methocarbamol_Tab 750mg,1002020S0AAABAB,4,0.36960000000000126
312,P81070,Methocarbamol_Tab 750mg,1002020S0AAABAB,4,0.36960000000000126
315,P81020,Methocarbamol_Tab 750mg,1002020S0AAABAB,4,0.36960000000000126
311,P81123,Methocarbamol_Tab 750mg,1002020S0AAABAB,1,0.36960000000000126
314,P81035,Methocarbamol_Tab 750mg,1002020S0AAABAB,1,0.36960000000000126
208,P81100,Amiodarone HCl_Tab 200mg,0203020D0AAABAB,1,0.3500000000000003
209,P81170,Amiodarone HCl_Tab 200mg,0203020D0AAABAB,1,0.3500000000000003
210,P81736,Amiodarone HCl_Tab 200mg,0203020D0AAABAB,1,0.3500000000000003
211,P81182,Amiodarone HCl_Tab 200mg,0203020D0AAABAB,1,0.3500000000000003
212,P81146,Amiodarone HCl_Tab 200mg,0203020D0AAABAB,1,0.3500000000000003
213,P81134,Amiodarone HCl_Tab 200mg,0203020D0AAABAB,1,0.3500000000000003
214,P81756,Amiodarone HCl_Tab 200mg,0203020D0AAABAB,1,0.3500000000000003
215,P81726,Amiodarone HCl_Tab 200mg,0203020D0AAABAB,1,0.3500000000000003
216,P81699,Amiodarone HCl_Tab 200mg,0203020D0AAABAB,1,0.3500000000000003
207,P81755,Amiodarone HCl_Tab 200mg,0203020D0AAABAB,1,0.3500000000000003
132,P81100,Clonazepam_Tab 500mcg,0408010F0AAABAB,1,0.3389999999999993
131,P81032,Clonazepam_Tab 500mcg,0408010F0AAABAB,1,0.3389999999999993
130,P81755,Clonazepam_Tab 500mcg,0408010F0AAABAB,1,0.3389999999999993
129,P81160,Clonazepam_Tab 500mcg,0408010F0AAABAB,1,0.3389999999999993
128,P81165,Clonazepam_Tab 500mcg,0408010F0AAABAB,1,0.3389999999999993
127,P81099,Clonazepam_Tab 500mcg,0408010F0AAABAB,1,0.3389999999999993
217,P81732,Amiodarone HCl_Tab 200mg,0203020D0AAABAB,4,0.3388
147,P81160,Clonazepam_Tab 500mcg,0408010F0AAABAB,1,0.31639999999999935
139,P81088,Clonazepam_Tab 500mcg,0408010F0AAABAB,1,0.31639999999999935
148,P81035,Clonazepam_Tab 500mcg,0408010F0AAABAB,1,0.31639999999999935
136,P81078,Clonazepam_Tab 500mcg,0408010F0AAABAB,1,0.31639999999999935
135,Y02605,Clonazepam_Tab 500mcg,0408010F0AAABAB,1,0.31639999999999935
134,P81099,Clonazepam_Tab 500mcg,0408010F0AAABAB,2,0.31639999999999935
133,P81160,Clonazepam_Tab 500mcg,0408010F0AAABAB,2,0.31639999999999935
137,P81100,Clonazepam_Tab 500mcg,0408010F0AAABAB,1,0.31639999999999935
138,P81003,Clonazepam_Tab 500mcg,0408010F0AAABAB,2,0.31639999999999935
140,P81137,Clonazepam_Tab 500mcg,0408010F0AAABAB,1,0.31639999999999935
141,P81053,Clonazepam_Tab 500mcg,0408010F0AAABAB,1,0.31639999999999935
146,P81134,Clonazepam_Tab 500mcg,0408010F0AAABAB,4,0.31639999999999935
145,P81017,Clonazepam_Tab 500mcg,0408010F0AAABAB,2,0.31639999999999935
144,P81100,Clonazepam_Tab 500mcg,0408010F0AAABAB,4,0.31639999999999935
143,P81123,Clonazepam_Tab 500mcg,0408010F0AAABAB,2,0.31639999999999935
142,P81711,Clonazepam_Tab 500mcg,0408010F0AAABAB,1,0.31639999999999935
316,P81025,Methocarbamol_Tab 750mg,1002020S0AAABAB,1,0.2407999999999999
317,P81711,Methocarbamol_Tab 750mg,1002020S0AAABAB,1,0.2407999999999999
262,P81130,Pyridox HCl_Tab 50mg,0906024N0AAAIAI,1,0.23940000000000006
149,P81003,Clonazepam_Tab 500mcg,0408010F0AAABAB,1,0.22199999999999998
318,P81020,Methocarbamol_Tab 750mg,1002020S0AAABAB,1,0.22000000000000075
319,P81032,Methocarbamol_Tab 750mg,1002020S0AAABAB,1,0.18480000000000063
320,P81088,Methocarbamol_Tab 750mg,1002020S0AAABAB,1,0.18480000000000063
150,P81100,Clonazepam_Tab 500mcg,0408010F0AAABAB,4,0.16959999999999997
153,P81730,Clonazepam_Tab 500mcg,0408010F0AAABAB,1,0.15819999999999967
151,P81182,Clonazepam_Tab 500mcg,0408010F0AAABAB,1,0.15819999999999967
152,P81170,Clonazepam_Tab 500mcg,0408010F0AAABAB,1,0.15819999999999967
155,P81095,Clonazepam_Tab 500mcg,0408010F0AAABAB,1,0.15819999999999967
154,P81132,Clonazepam_Tab 500mcg,0408010F0AAABAB,1,0.15819999999999967
158,P81147,Clonazepam_Tab 500mcg,0408010F0AAABAB,1,0.15819999999999967
157,P81027,Clonazepam_Tab 500mcg,0408010F0AAABAB,1,0.15819999999999967
156,P81035,Clonazepam_Tab 500mcg,0408010F0AAABAB,1,0.15819999999999967
159,P81755,Clonazepam_Tab 500mcg,0408010F0AAABAB,1,0.1367999999999996
321,Y02068,Methocarbamol_Tab 750mg,1002020S0AAABAB,1,0.13200000000000045
322,Y02606,Methocarbamol_Tab 750mg,1002020S0AAABAB,1,0.1260000000000001
160,Y02606,Clonazepam_Tab 500mcg,0408010F0AAABAB,1,0.07909999999999984
263,P81025,Pyridox HCl_Tab 50mg,0906024N0AAAIAI,1,0.06560000000000032
342,P81118,Levetiracetam_Tab 500mg,0408010A0AAABAB,2,0.018000000000003014
161,P81118,Clonazepam_Tab 500mcg,0408010F0AAABAB,1,0.015600000000000003
343,P81003,Levetiracetam_Tab 500mg,0408010A0AAABAB,1,0.015000000000002511
344,P81020,Levetiracetam_Tab 500mg,0408010A0AAABAB,1,0.014000000000002344
345,P81132,Levetiracetam_Tab 500mg,0408010A0AAABAB,1,0.014000000000002344
346,P81020,Levetiracetam_Tab 500mg,0408010A0AAABAB,2,0.012000000000000344
347,P81027,Levetiracetam_Tab 500mg,0408010A0AAABAB,1,0.009000000000001507
351,P81025,Levetiracetam_Tab 500mg,0408010A0AAABAB,1,0.006000000000000172
348,Y02606,Levetiracetam_Tab 500mg,0408010A0AAABAB,1,0.006000000000000172
350,P81123,Levetiracetam_Tab 500mg,0408010A0AAABAB,1,0.006000000000000172
349,P81755,Levetiracetam_Tab 500mg,0408010A0AAABAB,1,0.006000000000000172
352,P81118,Levetiracetam_Tab 500mg,0408010A0AAABAB,1,0.00420000000000012
353,P81118,Levetiracetam_Tab 500mg,0408010A0AAABAB,1,0.0028000000000004688
354,P81047,Levetiracetam_Tab 500mg,0408010A0AAABAB,1,0.0028000000000004688
355,P81032,Levetiracetam_Tab 500mg,0408010A0AAABAB,1,0.0028000000000004688
356,P81730,Levetiracetam_Tab 500mg,0408010A0AAABAB,1,0.0012000000000000066
357,P81036,Levetiracetam_Tab 500mg,0408010A0AAABAB,1,-0.00280000000000008
359,P81212,Levetiracetam_Tab 500mg,0408010A0AAABAB,1,-0.005599999999999383
374,P81659,Levetiracetam_Tab 500mg,0408010A0AAABAB,1,-0.005599999999999383
373,P81146,Levetiracetam_Tab 500mg,0408010A0AAABAB,1,-0.005599999999999383
372,P81047,Levetiracetam_Tab 500mg,0408010A0AAABAB,1,-0.005599999999999383
371,P81730,Levetiracetam_Tab 500mg,0408010A0AAABAB,1,-0.005599999999999383
370,P81017,Levetiracetam_Tab 500mg,0408010A0AAABAB,1,-0.005599999999999383
369,P81147,Levetiracetam_Tab 500mg,0408010A0AAABAB,1,-0.005599999999999383
368,P81008,Levetiracetam_Tab 500mg,0408010A0AAABAB,1,-0.005599999999999383
358,P81736,Levetiracetam_Tab 500mg,0408010A0AAABAB,1,-0.005599999999999383
366,P81053,Levetiracetam_Tab 500mg,0408010A0AAABAB,1,-0.005599999999999383
365,P81088,Levetiracetam_Tab 500mg,0408010A0AAABAB,1,-0.005599999999999383
364,P81100,Levetiracetam_Tab 500mg,0408010A0AAABAB,1,-0.005599999999999383
363,P81197,Levetiracetam_Tab 500mg,0408010A0AAABAB,1,-0.005599999999999383
362,P81170,Levetiracetam_Tab 500mg,0408010A0AAABAB,1,-0.005599999999999383
361,P81070,Levetiracetam_Tab 500mg,0408010A0AAABAB,1,-0.005599999999999383
360,P81699,Levetiracetam_Tab 500mg,0408010A0AAABAB,1,-0.005599999999999383
367,P81780,Levetiracetam_Tab 500mg,0408010A0AAABAB,1,-0.005599999999999383
375,P81100,Levetiracetam_Tab 500mg,0408010A0AAABAB,2,-0.00560000000000016
377,P81757,Levetiracetam_Tab 500mg,0408010A0AAABAB,2,-0.011199999999998766
383,P81132,Levetiracetam_Tab 500mg,0408010A0AAABAB,2,-0.011199999999998766
376,P81032,Levetiracetam_Tab 500mg,0408010A0AAABAB,2,-0.011199999999998766
385,P81166,Levetiracetam_Tab 500mg,0408010A0AAABAB,2,-0.011199999999998766
384,P81118,Levetiracetam_Tab 500mg,0408010A0AAABAB,2,-0.011199999999998766
378,P81065,Levetiracetam_Tab 500mg,0408010A0AAABAB,2,-0.011199999999998766
382,P81003,Levetiracetam_Tab 500mg,0408010A0AAABAB,2,-0.011199999999998766
381,P81732,Levetiracetam_Tab 500mg,0408010A0AAABAB,2,-0.011199999999998766
380,P81711,Levetiracetam_Tab 500mg,0408010A0AAABAB,2,-0.011199999999998766
379,P81025,Levetiracetam_Tab 500mg,0408010A0AAABAB,2,-0.011199999999998766
386,P81659,Levetiracetam_Tab 500mg,0408010A0AAABAB,4,-0.01120000000000032
387,P81137,Levetiracetam_Tab 500mg,0408010A0AAABAB,5,-0.014000000000000401
389,P81182,Levetiracetam_Tab 500mg,0408010A0AAABAB,3,-0.01679999999999815
388,P81123,Levetiracetam_Tab 500mg,0408010A0AAABAB,3,-0.01679999999999815
390,P81218,Levetiracetam_Tab 500mg,0408010A0AAABAB,7,-0.01960000000000056
391,P81095,Levetiracetam_Tab 500mg,0408010A0AAABAB,4,-0.022399999999997533
392,P81069,Levetiracetam_Tab 500mg,0408010A0AAABAB,4,-0.022399999999997533
393,P81099,Levetiracetam_Tab 500mg,0408010A0AAABAB,4,-0.022399999999997533
394,P81099,Levetiracetam_Tab 500mg,0408010A0AAABAB,8,-0.02240000000000064
395,P81036,Levetiracetam_Tab 500mg,0408010A0AAABAB,8,-0.044799999999995066
396,P81027,Levetiracetam_Tab 500mg,0408010A0AAABAB,9,-0.05039999999999445
397,P81778,Levetiracetam_Tab 500mg,0408010A0AAABAB,33,-0.1319999999999992
