,practice_code,bnf_description,bnf_code,items,excess_cost
244,M81006,Duloxetine HCl_Cap G/R 60mg,0403040Y0AAABAB,3,84.6384
0,M81029,Paracet_Tab Solb 500mg,0407010H0AAAQAQ,1,83.03240000000001
1,M81029,Paracet_Tab Solb 500mg,0407010H0AAAQAQ,1,83.03240000000001
248,M81046,Sumatriptan_Tab 100mg,0407041T0AAACAC,3,65.22120000000001
251,M81046,Anastrozole_Tab 1mg,0803041B0AAAAAA,26,61.879999999999995
147,M81035,Sumatriptan_Tab 50mg,0407041T0AAAFAF,8,55.00800000000001
268,M81022,Hydroxychlor Sulf_Tab 200mg,1001030C0AAAAAA,2,54.07200000000001
148,M81046,Sumatriptan_Tab 50mg,0407041T0AAAFAF,9,42.703199999999995
364,M81046,Lamotrigine_Tab 50mg,0408010H0AAABAB,1,25.816000000000003
249,M81042,Sumatriptan_Tab 100mg,0407041T0AAACAC,4,25.219200000000004
306,M81049,Gemfibrozil_Tab 600mg,0212000Q0AAABAB,1,22.7136
149,M81046,Sumatriptan_Tab 50mg,0407041T0AAAFAF,12,21.355199999999996
245,M81046,Duloxetine HCl_Cap G/R 60mg,0403040Y0AAABAB,18,19.756800000000005
307,M81042,Gemfibrozil_Tab 600mg,0212000Q0AAABAB,1,16.223999999999997
365,M81022,Lamotrigine_Tab 50mg,0408010H0AAABAB,4,11.9616
308,M81034,Gemfibrozil_Tab 600mg,0212000Q0AAABAB,1,7.571199999999999
309,M81049,Gemfibrozil_Tab 600mg,0212000Q0AAABAB,1,7.571199999999999
30,M81627,Clonazepam_Tab 500mcg,0408010F0AAABAB,16,5.06239999999999
34,M81034,Clonazepam_Tab 500mcg,0408010F0AAABAB,3,3.796799999999992
33,M81004,Clonazepam_Tab 500mcg,0408010F0AAABAB,6,3.796799999999992
31,M81627,Clonazepam_Tab 500mcg,0408010F0AAABAB,1,3.796799999999992
32,M81034,Clonazepam_Tab 500mcg,0408010F0AAABAB,2,3.796799999999992
35,M81038,Clonazepam_Tab 500mcg,0408010F0AAABAB,5,3.1639999999999935
36,M81017,Clonazepam_Tab 500mcg,0408010F0AAABAB,10,3.1639999999999935
310,M81058,Amiodarone HCl_Tab 200mg,0203020D0AAABAB,9,3.150000000000003
311,M81029,Amiodarone HCl_Tab 200mg,0203020D0AAABAB,8,2.8000000000000025
38,M81046,Clonazepam_Tab 500mcg,0408010F0AAABAB,2,2.531199999999995
37,M81038,Clonazepam_Tab 500mcg,0408010F0AAABAB,8,2.531199999999995
312,M81004,Amiodarone HCl_Tab 200mg,0203020D0AAABAB,7,2.450000000000002
40,M81022,Clonazepam_Tab 500mcg,0408010F0AAABAB,1,2.2599999999999953
39,M81034,Clonazepam_Tab 500mcg,0408010F0AAABAB,2,2.2599999999999953
316,M81037,Amiodarone HCl_Tab 200mg,0203020D0AAABAB,3,2.100000000000002
315,M81006,Amiodarone HCl_Tab 200mg,0203020D0AAABAB,3,2.100000000000002
313,M81047,Amiodarone HCl_Tab 200mg,0203020D0AAABAB,3,2.100000000000002
314,M81038,Amiodarone HCl_Tab 200mg,0203020D0AAABAB,6,2.100000000000002
318,M81091,Amiodarone HCl_Tab 200mg,0203020D0AAABAB,3,2.100000000000002
317,M81049,Amiodarone HCl_Tab 200mg,0203020D0AAABAB,3,2.100000000000002
41,M81046,Clonazepam_Tab 500mcg,0408010F0AAABAB,1,2.033999999999996
50,M81627,Clonazepam_Tab 500mcg,0408010F0AAABAB,3,1.898399999999996
51,M81627,Clonazepam_Tab 500mcg,0408010F0AAABAB,1,1.898399999999996
49,M81008,Clonazepam_Tab 500mcg,0408010F0AAABAB,1,1.898399999999996
42,M81022,Clonazepam_Tab 500mcg,0408010F0AAABAB,8,1.898399999999996
43,M81034,Clonazepam_Tab 500mcg,0408010F0AAABAB,6,1.898399999999996
44,M81008,Clonazepam_Tab 500mcg,0408010F0AAABAB,3,1.898399999999996
45,M81049,Clonazepam_Tab 500mcg,0408010F0AAABAB,3,1.898399999999996
46,M81074,Clonazepam_Tab 500mcg,0408010F0AAABAB,3,1.898399999999996
47,M81022,Clonazepam_Tab 500mcg,0408010F0AAABAB,6,1.898399999999996
48,M81046,Clonazepam_Tab 500mcg,0408010F0AAABAB,6,1.898399999999996
319,M81034,Amiodarone HCl_Tab 200mg,0203020D0AAABAB,5,1.7500000000000016
320,M81008,Amiodarone HCl_Tab 200mg,0203020D0AAABAB,5,1.7500000000000016
52,M81074,Clonazepam_Tab 500mcg,0408010F0AAABAB,5,1.5819999999999967
321,M81006,Amiodarone HCl_Tab 200mg,0203020D0AAABAB,4,1.4000000000000012
325,M81629,Amiodarone HCl_Tab 200mg,0203020D0AAABAB,2,1.4000000000000012
323,M81074,Amiodarone HCl_Tab 200mg,0203020D0AAABAB,4,1.4000000000000012
324,M81094,Amiodarone HCl_Tab 200mg,0203020D0AAABAB,4,1.4000000000000012
322,M81045,Amiodarone HCl_Tab 200mg,0203020D0AAABAB,4,1.4000000000000012
53,M81017,Clonazepam_Tab 500mcg,0408010F0AAABAB,1,1.3559999999999972
326,M81039,Amiodarone HCl_Tab 200mg,0203020D0AAABAB,15,1.2705
56,M81091,Clonazepam_Tab 500mcg,0408010F0AAABAB,1,1.2655999999999974
57,M81081,Clonazepam_Tab 500mcg,0408010F0AAABAB,1,1.2655999999999974
58,M81046,Clonazepam_Tab 500mcg,0408010F0AAABAB,2,1.2655999999999974
60,M81006,Clonazepam_Tab 500mcg,0408010F0AAABAB,1,1.2655999999999974
61,M81004,Clonazepam_Tab 500mcg,0408010F0AAABAB,8,1.2655999999999974
62,M81075,Clonazepam_Tab 500mcg,0408010F0AAABAB,2,1.2655999999999974
63,M81063,Clonazepam_Tab 500mcg,0408010F0AAABAB,1,1.2655999999999974
55,M81006,Clonazepam_Tab 500mcg,0408010F0AAABAB,8,1.2655999999999974
54,M81034,Clonazepam_Tab 500mcg,0408010F0AAABAB,2,1.2655999999999974
59,M81022,Clonazepam_Tab 500mcg,0408010F0AAABAB,2,1.2655999999999974
70,M81033,Clonazepam_Tab 500mcg,0408010F0AAABAB,1,1.1299999999999977
67,M81008,Clonazepam_Tab 500mcg,0408010F0AAABAB,1,1.1299999999999977
69,M81004,Clonazepam_Tab 500mcg,0408010F0AAABAB,1,1.1299999999999977
68,M81029,Clonazepam_Tab 500mcg,0408010F0AAABAB,1,1.1299999999999977
66,M81039,Clonazepam_Tab 500mcg,0408010F0AAABAB,1,1.1299999999999977
65,M81045,Clonazepam_Tab 500mcg,0408010F0AAABAB,1,1.1299999999999977
64,M81017,Clonazepam_Tab 500mcg,0408010F0AAABAB,1,1.1299999999999977
327,M81039,Amiodarone HCl_Tab 200mg,0203020D0AAABAB,1,1.050000000000001
328,M81046,Amiodarone HCl_Tab 200mg,0203020D0AAABAB,3,1.050000000000001
329,M81045,Amiodarone HCl_Tab 200mg,0203020D0AAABAB,1,1.050000000000001
330,M81072,Amiodarone HCl_Tab 200mg,0203020D0AAABAB,1,1.050000000000001
331,M81049,Amiodarone HCl_Tab 200mg,0203020D0AAABAB,1,1.050000000000001
71,M81017,Clonazepam_Tab 500mcg,0408010F0AAABAB,1,1.016999999999998
72,M81045,Clonazepam_Tab 500mcg,0408010F0AAABAB,1,1.016999999999998
332,M81058,Amiodarone HCl_Tab 200mg,0203020D0AAABAB,12,1.0164
84,M81046,Clonazepam_Tab 500mcg,0408010F0AAABAB,1,0.949199999999998
81,M81038,Clonazepam_Tab 500mcg,0408010F0AAABAB,1,0.949199999999998
83,Y03602,Clonazepam_Tab 500mcg,0408010F0AAABAB,1,0.949199999999998
82,M81004,Clonazepam_Tab 500mcg,0408010F0AAABAB,3,0.949199999999998
80,M81058,Clonazepam_Tab 500mcg,0408010F0AAABAB,3,0.949199999999998
79,M81094,Clonazepam_Tab 500mcg,0408010F0AAABAB,1,0.949199999999998
78,Y04968,Clonazepam_Tab 500mcg,0408010F0AAABAB,4,0.949199999999998
77,M81037,Clonazepam_Tab 500mcg,0408010F0AAABAB,12,0.949199999999998
76,M81094,Clonazepam_Tab 500mcg,0408010F0AAABAB,2,0.949199999999998
75,M81094,Clonazepam_Tab 500mcg,0408010F0AAABAB,4,0.949199999999998
74,M81011,Clonazepam_Tab 500mcg,0408010F0AAABAB,1,0.949199999999998
73,M81058,Clonazepam_Tab 500mcg,0408010F0AAABAB,1,0.949199999999998
85,M81046,Clonazepam_Tab 500mcg,0408010F0AAABAB,11,0.8700999999999982
333,M81081,Amiodarone HCl_Tab 200mg,0203020D0AAABAB,9,0.7623
334,M81039,Amiodarone HCl_Tab 200mg,0203020D0AAABAB,1,0.7500000000000007
88,M81075,Clonazepam_Tab 500mcg,0408010F0AAABAB,9,0.7118999999999985
87,M81038,Clonazepam_Tab 500mcg,0408010F0AAABAB,9,0.7118999999999985
86,M81627,Clonazepam_Tab 500mcg,0408010F0AAABAB,9,0.7118999999999985
252,M81035,Anastrozole_Tab 1mg,0803041B0AAAAAA,14,0.7056000000000093
338,Y03602,Amiodarone HCl_Tab 200mg,0203020D0AAABAB,1,0.7000000000000006
339,M81063,Amiodarone HCl_Tab 200mg,0203020D0AAABAB,1,0.7000000000000006
337,M81042,Amiodarone HCl_Tab 200mg,0203020D0AAABAB,2,0.7000000000000006
336,M81022,Amiodarone HCl_Tab 200mg,0203020D0AAABAB,2,0.7000000000000006
335,M81063,Amiodarone HCl_Tab 200mg,0203020D0AAABAB,2,0.7000000000000006
345,M81008,Amiodarone HCl_Tab 200mg,0203020D0AAABAB,1,0.7000000000000006
346,M81038,Amiodarone HCl_Tab 200mg,0203020D0AAABAB,1,0.7000000000000006
342,M81033,Amiodarone HCl_Tab 200mg,0203020D0AAABAB,2,0.7000000000000006
340,M81075,Amiodarone HCl_Tab 200mg,0203020D0AAABAB,2,0.7000000000000006
341,M81011,Amiodarone HCl_Tab 200mg,0203020D0AAABAB,2,0.7000000000000006
344,M81017,Amiodarone HCl_Tab 200mg,0203020D0AAABAB,2,0.7000000000000006
343,M81035,Amiodarone HCl_Tab 200mg,0203020D0AAABAB,1,0.7000000000000006
94,M81038,Clonazepam_Tab 500mcg,0408010F0AAABAB,1,0.6779999999999986
89,M81029,Clonazepam_Tab 500mcg,0408010F0AAABAB,2,0.6779999999999986
90,M81081,Clonazepam_Tab 500mcg,0408010F0AAABAB,1,0.6779999999999986
91,M81007,Clonazepam_Tab 500mcg,0408010F0AAABAB,1,0.6779999999999986
92,M81037,Clonazepam_Tab 500mcg,0408010F0AAABAB,1,0.6779999999999986
93,M81034,Clonazepam_Tab 500mcg,0408010F0AAABAB,1,0.6779999999999986
95,M81029,Clonazepam_Tab 500mcg,0408010F0AAABAB,1,0.6779999999999986
96,M81008,Clonazepam_Tab 500mcg,0408010F0AAABAB,1,0.6779999999999986
99,M81081,Clonazepam_Tab 500mcg,0408010F0AAABAB,1,0.6327999999999987
97,M81629,Clonazepam_Tab 500mcg,0408010F0AAABAB,1,0.6327999999999987
98,M81033,Clonazepam_Tab 500mcg,0408010F0AAABAB,1,0.6327999999999987
100,Y04968,Clonazepam_Tab 500mcg,0408010F0AAABAB,2,0.6327999999999987
101,M81029,Clonazepam_Tab 500mcg,0408010F0AAABAB,1,0.6327999999999987
102,M81011,Clonazepam_Tab 500mcg,0408010F0AAABAB,2,0.6327999999999987
103,M81058,Clonazepam_Tab 500mcg,0408010F0AAABAB,8,0.6327999999999987
104,M81039,Clonazepam_Tab 500mcg,0408010F0AAABAB,1,0.6327999999999987
105,M81091,Clonazepam_Tab 500mcg,0408010F0AAABAB,1,0.6327999999999987
106,M81006,Clonazepam_Tab 500mcg,0408010F0AAABAB,2,0.6327999999999987
107,M81035,Clonazepam_Tab 500mcg,0408010F0AAABAB,1,0.6327999999999987
108,M81627,Clonazepam_Tab 500mcg,0408010F0AAABAB,4,0.6327999999999987
109,M81011,Clonazepam_Tab 500mcg,0408010F0AAABAB,1,0.6327999999999987
110,M81075,Clonazepam_Tab 500mcg,0408010F0AAABAB,2,0.6327999999999987
347,M81629,Amiodarone HCl_Tab 200mg,0203020D0AAABAB,7,0.5929
111,M81038,Clonazepam_Tab 500mcg,0408010F0AAABAB,1,0.5699999999999983
112,M81045,Clonazepam_Tab 500mcg,0408010F0AAABAB,1,0.5129999999999985
114,M81046,Clonazepam_Tab 500mcg,0408010F0AAABAB,3,0.474599999999999
113,M81074,Clonazepam_Tab 500mcg,0408010F0AAABAB,1,0.474599999999999
115,M81037,Clonazepam_Tab 500mcg,0408010F0AAABAB,1,0.474599999999999
116,M81029,Clonazepam_Tab 500mcg,0408010F0AAABAB,5,0.3954999999999992
117,M81017,Clonazepam_Tab 500mcg,0408010F0AAABAB,5,0.3954999999999992
118,M81063,Clonazepam_Tab 500mcg,0408010F0AAABAB,5,0.3954999999999992
351,M81091,Amiodarone HCl_Tab 200mg,0203020D0AAABAB,1,0.3500000000000003
349,M81627,Amiodarone HCl_Tab 200mg,0203020D0AAABAB,1,0.3500000000000003
352,M81035,Amiodarone HCl_Tab 200mg,0203020D0AAABAB,1,0.3500000000000003
348,Y03602,Amiodarone HCl_Tab 200mg,0203020D0AAABAB,1,0.3500000000000003
350,M81037,Amiodarone HCl_Tab 200mg,0203020D0AAABAB,1,0.3500000000000003
353,M81007,Amiodarone HCl_Tab 200mg,0203020D0AAABAB,1,0.3500000000000003
119,M81049,Clonazepam_Tab 500mcg,0408010F0AAABAB,1,0.3389999999999993
120,M81058,Clonazepam_Tab 500mcg,0408010F0AAABAB,1,0.3389999999999993
121,M81038,Clonazepam_Tab 500mcg,0408010F0AAABAB,1,0.3389999999999993
122,M81006,Clonazepam_Tab 500mcg,0408010F0AAABAB,1,0.3389999999999993
123,M81627,Clonazepam_Tab 500mcg,0408010F0AAABAB,1,0.3389999999999993
124,M81004,Clonazepam_Tab 500mcg,0408010F0AAABAB,1,0.3389999999999993
354,M81035,Amiodarone HCl_Tab 200mg,0203020D0AAABAB,4,0.3388
355,M81004,Amiodarone HCl_Tab 200mg,0203020D0AAABAB,4,0.3388
356,M81022,Amiodarone HCl_Tab 200mg,0203020D0AAABAB,4,0.3388
357,M81038,Amiodarone HCl_Tab 200mg,0203020D0AAABAB,4,0.3388
127,M81039,Clonazepam_Tab 500mcg,0408010F0AAABAB,1,0.31639999999999935
126,M81006,Clonazepam_Tab 500mcg,0408010F0AAABAB,4,0.31639999999999935
125,M81049,Clonazepam_Tab 500mcg,0408010F0AAABAB,1,0.31639999999999935
132,M81629,Clonazepam_Tab 500mcg,0408010F0AAABAB,4,0.31639999999999935
128,M81072,Clonazepam_Tab 500mcg,0408010F0AAABAB,1,0.31639999999999935
129,M81035,Clonazepam_Tab 500mcg,0408010F0AAABAB,1,0.31639999999999935
130,Y03602,Clonazepam_Tab 500mcg,0408010F0AAABAB,1,0.31639999999999935
131,M81091,Clonazepam_Tab 500mcg,0408010F0AAABAB,4,0.31639999999999935
133,M81091,Clonazepam_Tab 500mcg,0408010F0AAABAB,1,0.31639999999999935
134,M81042,Clonazepam_Tab 500mcg,0408010F0AAABAB,1,0.31639999999999935
135,M81063,Clonazepam_Tab 500mcg,0408010F0AAABAB,1,0.31639999999999935
136,M81094,Clonazepam_Tab 500mcg,0408010F0AAABAB,1,0.31639999999999935
358,M81038,Amiodarone HCl_Tab 200mg,0203020D0AAABAB,1,0.2646
359,M81045,Amiodarone HCl_Tab 200mg,0203020D0AAABAB,3,0.2541
137,M81035,Clonazepam_Tab 500mcg,0408010F0AAABAB,3,0.2372999999999995
360,M81029,Amiodarone HCl_Tab 200mg,0203020D0AAABAB,1,0.17920000000000008
138,M81627,Clonazepam_Tab 500mcg,0408010F0AAABAB,1,0.174
361,M81046,Amiodarone HCl_Tab 200mg,0203020D0AAABAB,2,0.1694
139,M81022,Clonazepam_Tab 500mcg,0408010F0AAABAB,1,0.15819999999999967
140,Y03602,Clonazepam_Tab 500mcg,0408010F0AAABAB,1,0.15819999999999967
141,M81047,Clonazepam_Tab 500mcg,0408010F0AAABAB,1,0.15819999999999967
142,M81034,Clonazepam_Tab 500mcg,0408010F0AAABAB,1,0.15819999999999967
143,M81038,Clonazepam_Tab 500mcg,0408010F0AAABAB,1,0.15819999999999967
144,M81039,Clonazepam_Tab 500mcg,0408010F0AAABAB,1,0.11599999999999999
253,M81004,Anastrozole_Tab 1mg,0803041B0AAAAAA,19,0.09310000000000082
362,M81075,Amiodarone HCl_Tab 200mg,0203020D0AAABAB,1,0.0847
363,M81063,Amiodarone HCl_Tab 200mg,0203020D0AAABAB,1,0.0847
145,M81007,Clonazepam_Tab 500mcg,0408010F0AAABAB,1,0.07909999999999984
254,M81039,Anastrozole_Tab 1mg,0803041B0AAAAAA,13,0.06370000000000056
255,M81022,Anastrozole_Tab 1mg,0803041B0AAAAAA,13,0.06370000000000056
256,M81063,Anastrozole_Tab 1mg,0803041B0AAAAAA,10,0.04900000000000043
257,M81629,Anastrozole_Tab 1mg,0803041B0AAAAAA,7,0.0343000000000003
258,M81075,Anastrozole_Tab 1mg,0803041B0AAAAAA,7,0.0343000000000003
259,M81006,Anastrozole_Tab 1mg,0803041B0AAAAAA,6,0.02940000000000026
260,M81029,Anastrozole_Tab 1mg,0803041B0AAAAAA,4,0.019600000000000173
261,M81017,Anastrozole_Tab 1mg,0803041B0AAAAAA,4,0.019600000000000173
262,M81038,Anastrozole_Tab 1mg,0803041B0AAAAAA,4,0.019600000000000173
263,M81046,Anastrozole_Tab 1mg,0803041B0AAAAAA,4,0.019600000000000173
264,M81049,Anastrozole_Tab 1mg,0803041B0AAAAAA,4,0.019600000000000173
265,M81058,Anastrozole_Tab 1mg,0803041B0AAAAAA,4,0.019600000000000173
2,M81047,Paracet_Tab Solb 500mg,0407010H0AAAQAQ,2,0.01680000000000048
3,M81047,Paracet_Tab Solb 500mg,0407010H0AAAQAQ,2,0.01680000000000048
269,M81075,Hydroxychlor Sulf_Tab 200mg,1001030C0AAAAAA,6,0.0167999999999999
146,M81022,Clonazepam_Tab 500mcg,0408010F0AAABAB,1,0.015600000000000003
266,M81094,Anastrozole_Tab 1mg,0803041B0AAAAAA,3,0.01470000000000013
267,M81037,Anastrozole_Tab 1mg,0803041B0AAAAAA,3,0.01470000000000013
270,M81004,Hydroxychlor Sulf_Tab 200mg,1001030C0AAAAAA,5,0.013999999999999915
5,M81007,Paracet_Tab Solb 500mg,0407010H0AAAQAQ,3,0.012600000000000361
4,M81007,Paracet_Tab Solb 500mg,0407010H0AAAQAQ,3,0.012600000000000361
271,M81038,Hydroxychlor Sulf_Tab 200mg,1001030C0AAAAAA,4,0.01120000000000032
272,M81046,Hydroxychlor Sulf_Tab 200mg,1001030C0AAAAAA,4,0.01120000000000032
273,M81075,Hydroxychlor Sulf_Tab 200mg,1001030C0AAAAAA,2,0.01120000000000032
274,M81047,Hydroxychlor Sulf_Tab 200mg,1001030C0AAAAAA,2,0.01120000000000032
275,M81022,Hydroxychlor Sulf_Tab 200mg,1001030C0AAAAAA,4,0.011199999999999932
276,M81004,Hydroxychlor Sulf_Tab 200mg,1001030C0AAAAAA,3,0.00840000000000024
277,M81029,Hydroxychlor Sulf_Tab 200mg,1001030C0AAAAAA,3,0.00840000000000024
278,M81007,Hydroxychlor Sulf_Tab 200mg,1001030C0AAAAAA,3,0.00839999999999995
284,M81038,Hydroxychlor Sulf_Tab 200mg,1001030C0AAAAAA,1,0.00560000000000016
282,M81042,Hydroxychlor Sulf_Tab 200mg,1001030C0AAAAAA,2,0.00560000000000016
283,M81075,Hydroxychlor Sulf_Tab 200mg,1001030C0AAAAAA,2,0.00560000000000016
279,M81094,Hydroxychlor Sulf_Tab 200mg,1001030C0AAAAAA,2,0.00560000000000016
281,M81074,Hydroxychlor Sulf_Tab 200mg,1001030C0AAAAAA,2,0.00560000000000016
280,Y03602,Hydroxychlor Sulf_Tab 200mg,1001030C0AAAAAA,1,0.00560000000000016
285,M81058,Hydroxychlor Sulf_Tab 200mg,1001030C0AAAAAA,1,0.004500000000000129
286,M81004,Hydroxychlor Sulf_Tab 200mg,1001030C0AAAAAA,1,0.004500000000000129
246,M81047,Duloxetine HCl_Cap G/R 60mg,0403040Y0AAABAB,1,0.0039999999999995595
150,M81022,Sumatriptan_Tab 50mg,0407041T0AAAFAF,1,0.0039999999999995595
250,M81072,Sumatriptan_Tab 100mg,0407041T0AAACAC,1,0.0034000000000000696
151,M81075,Sumatriptan_Tab 50mg,0407041T0AAAFAF,1,0.0031999999999996476
6,M81075,Paracet_Tab Solb 500mg,0407010H0AAAQAQ,1,0.0030000000000000165
7,M81075,Paracet_Tab Solb 500mg,0407010H0AAAQAQ,1,0.0030000000000000165
288,M81022,Hydroxychlor Sulf_Tab 200mg,1001030C0AAAAAA,1,0.00280000000000008
289,M81006,Hydroxychlor Sulf_Tab 200mg,1001030C0AAAAAA,1,0.00280000000000008
290,M81033,Hydroxychlor Sulf_Tab 200mg,1001030C0AAAAAA,1,0.00280000000000008
291,Y03602,Hydroxychlor Sulf_Tab 200mg,1001030C0AAAAAA,1,0.00280000000000008
292,M81049,Hydroxychlor Sulf_Tab 200mg,1001030C0AAAAAA,1,0.00280000000000008
293,M81047,Hydroxychlor Sulf_Tab 200mg,1001030C0AAAAAA,1,0.00280000000000008
294,M81017,Hydroxychlor Sulf_Tab 200mg,1001030C0AAAAAA,1,0.00280000000000008
287,M81091,Hydroxychlor Sulf_Tab 200mg,1001030C0AAAAAA,1,0.00280000000000008
438,M81034,Lamotrigine_Tab 50mg,0408010H0AAABAB,1,0.0
445,M81037,Lamotrigine_Tab 50mg,0408010H0AAABAB,1,0.0
437,M81017,Lamotrigine_Tab 50mg,0408010H0AAABAB,6,0.0
446,M81006,Lamotrigine_Tab 50mg,0408010H0AAABAB,10,0.0
441,M81022,Lamotrigine_Tab 50mg,0408010H0AAABAB,1,0.0
444,Y04968,Lamotrigine_Tab 50mg,0408010H0AAABAB,1,0.0
443,M81037,Lamotrigine_Tab 50mg,0408010H0AAABAB,4,0.0
442,M81006,Lamotrigine_Tab 50mg,0408010H0AAABAB,1,0.0
440,M81037,Lamotrigine_Tab 50mg,0408010H0AAABAB,1,0.0
439,M81042,Lamotrigine_Tab 50mg,0408010H0AAABAB,1,0.0
425,M81029,Lamotrigine_Tab 50mg,0408010H0AAABAB,4,0.0
391,M81627,Lamotrigine_Tab 50mg,0408010H0AAABAB,2,0.0
436,M81094,Lamotrigine_Tab 50mg,0408010H0AAABAB,4,0.0
403,M81008,Lamotrigine_Tab 50mg,0408010H0AAABAB,1,0.0
409,M81063,Lamotrigine_Tab 50mg,0408010H0AAABAB,2,0.0
408,M81049,Lamotrigine_Tab 50mg,0408010H0AAABAB,1,0.0
407,M81058,Lamotrigine_Tab 50mg,0408010H0AAABAB,1,0.0
406,M81049,Lamotrigine_Tab 50mg,0408010H0AAABAB,4,0.0
405,M81011,Lamotrigine_Tab 50mg,0408010H0AAABAB,1,0.0
404,M81004,Lamotrigine_Tab 50mg,0408010H0AAABAB,4,0.0
402,M81007,Lamotrigine_Tab 50mg,0408010H0AAABAB,1,0.0
394,M81072,Lamotrigine_Tab 50mg,0408010H0AAABAB,1,0.0
401,M81072,Lamotrigine_Tab 50mg,0408010H0AAABAB,1,0.0
400,Y04968,Lamotrigine_Tab 50mg,0408010H0AAABAB,1,0.0
399,M81058,Lamotrigine_Tab 50mg,0408010H0AAABAB,3,0.0
398,M81004,Lamotrigine_Tab 50mg,0408010H0AAABAB,1,0.0
397,M81022,Lamotrigine_Tab 50mg,0408010H0AAABAB,1,0.0
396,M81006,Lamotrigine_Tab 50mg,0408010H0AAABAB,2,0.0
410,M81075,Lamotrigine_Tab 50mg,0408010H0AAABAB,1,0.0
411,M81047,Lamotrigine_Tab 50mg,0408010H0AAABAB,2,0.0
412,M81038,Lamotrigine_Tab 50mg,0408010H0AAABAB,4,0.0
413,M81063,Lamotrigine_Tab 50mg,0408010H0AAABAB,6,0.0
414,M81022,Lamotrigine_Tab 50mg,0408010H0AAABAB,4,0.0
415,M81004,Lamotrigine_Tab 50mg,0408010H0AAABAB,1,0.0
417,M81042,Lamotrigine_Tab 50mg,0408010H0AAABAB,1,0.0
418,M81058,Lamotrigine_Tab 50mg,0408010H0AAABAB,3,0.0
419,M81094,Lamotrigine_Tab 50mg,0408010H0AAABAB,1,0.0
420,M81049,Lamotrigine_Tab 50mg,0408010H0AAABAB,1,0.0
421,M81006,Lamotrigine_Tab 50mg,0408010H0AAABAB,2,0.0
422,M81007,Lamotrigine_Tab 50mg,0408010H0AAABAB,3,0.0
423,M81072,Lamotrigine_Tab 50mg,0408010H0AAABAB,3,0.0
424,M81075,Lamotrigine_Tab 50mg,0408010H0AAABAB,1,0.0
429,M81091,Lamotrigine_Tab 50mg,0408010H0AAABAB,1,0.0
428,M81046,Lamotrigine_Tab 50mg,0408010H0AAABAB,4,0.0
427,M81022,Lamotrigine_Tab 50mg,0408010H0AAABAB,9,0.0
395,Y03602,Lamotrigine_Tab 50mg,0408010H0AAABAB,1,0.0
393,M81006,Lamotrigine_Tab 50mg,0408010H0AAABAB,4,0.0
435,M81035,Lamotrigine_Tab 50mg,0408010H0AAABAB,3,0.0
368,M81006,Lamotrigine_Tab 50mg,0408010H0AAABAB,1,0.0
374,M81039,Lamotrigine_Tab 50mg,0408010H0AAABAB,5,0.0
373,M81006,Lamotrigine_Tab 50mg,0408010H0AAABAB,6,0.0
372,M81072,Lamotrigine_Tab 50mg,0408010H0AAABAB,1,0.0
371,M81037,Lamotrigine_Tab 50mg,0408010H0AAABAB,1,0.0
370,M81046,Lamotrigine_Tab 50mg,0408010H0AAABAB,2,0.0
369,M81038,Lamotrigine_Tab 50mg,0408010H0AAABAB,1,0.0
367,M81045,Lamotrigine_Tab 50mg,0408010H0AAABAB,2,0.0
392,M81039,Lamotrigine_Tab 50mg,0408010H0AAABAB,1,0.0
366,M81008,Lamotrigine_Tab 50mg,0408010H0AAABAB,5,0.0
430,M81017,Lamotrigine_Tab 50mg,0408010H0AAABAB,1,0.0
431,M81629,Lamotrigine_Tab 50mg,0408010H0AAABAB,1,0.0
432,M81038,Lamotrigine_Tab 50mg,0408010H0AAABAB,3,0.0
433,M81006,Lamotrigine_Tab 50mg,0408010H0AAABAB,2,0.0
434,M81045,Lamotrigine_Tab 50mg,0408010H0AAABAB,1,0.0
375,M81039,Lamotrigine_Tab 50mg,0408010H0AAABAB,1,0.0
376,M81629,Lamotrigine_Tab 50mg,0408010H0AAABAB,1,0.0
377,Y04968,Lamotrigine_Tab 50mg,0408010H0AAABAB,1,0.0
378,M81004,Lamotrigine_Tab 50mg,0408010H0AAABAB,1,0.0
379,M81075,Lamotrigine_Tab 50mg,0408010H0AAABAB,8,0.0
380,M81047,Lamotrigine_Tab 50mg,0408010H0AAABAB,1,0.0
381,M81058,Lamotrigine_Tab 50mg,0408010H0AAABAB,1,0.0
382,M81017,Lamotrigine_Tab 50mg,0408010H0AAABAB,5,0.0
383,M81074,Lamotrigine_Tab 50mg,0408010H0AAABAB,2,0.0
384,M81081,Lamotrigine_Tab 50mg,0408010H0AAABAB,2,0.0
385,M81094,Lamotrigine_Tab 50mg,0408010H0AAABAB,4,0.0
386,M81035,Lamotrigine_Tab 50mg,0408010H0AAABAB,2,0.0
387,M81038,Lamotrigine_Tab 50mg,0408010H0AAABAB,3,0.0
388,M81039,Lamotrigine_Tab 50mg,0408010H0AAABAB,2,0.0
389,M81063,Lamotrigine_Tab 50mg,0408010H0AAABAB,2,0.0
390,M81038,Lamotrigine_Tab 50mg,0408010H0AAABAB,1,0.0
426,M81081,Lamotrigine_Tab 50mg,0408010H0AAABAB,1,0.0
416,M81017,Lamotrigine_Tab 50mg,0408010H0AAABAB,4,0.0
224,M81058,Sumatriptan_Tab 50mg,0407041T0AAAFAF,8,0.0
191,M81022,Sumatriptan_Tab 50mg,0407041T0AAAFAF,2,0.0
188,M81081,Sumatriptan_Tab 50mg,0407041T0AAAFAF,1,0.0
178,M81047,Sumatriptan_Tab 50mg,0407041T0AAAFAF,9,0.0
179,M81017,Sumatriptan_Tab 50mg,0407041T0AAAFAF,17,0.0
180,M81034,Sumatriptan_Tab 50mg,0407041T0AAAFAF,4,0.0
181,M81629,Sumatriptan_Tab 50mg,0407041T0AAAFAF,12,0.0
182,M81029,Sumatriptan_Tab 50mg,0407041T0AAAFAF,11,0.0
183,M81004,Sumatriptan_Tab 50mg,0407041T0AAAFAF,1,0.0
184,Y04968,Sumatriptan_Tab 50mg,0407041T0AAAFAF,1,0.0
185,Y04968,Sumatriptan_Tab 50mg,0407041T0AAAFAF,2,0.0
186,M81045,Sumatriptan_Tab 50mg,0407041T0AAAFAF,5,0.0
187,M81094,Sumatriptan_Tab 50mg,0407041T0AAAFAF,19,0.0
189,M81075,Sumatriptan_Tab 50mg,0407041T0AAAFAF,11,0.0
176,M81042,Sumatriptan_Tab 50mg,0407041T0AAAFAF,5,0.0
190,M81008,Sumatriptan_Tab 50mg,0407041T0AAAFAF,2,0.0
193,M81037,Sumatriptan_Tab 50mg,0407041T0AAAFAF,2,0.0
194,M81075,Sumatriptan_Tab 50mg,0407041T0AAAFAF,1,0.0
195,M81033,Sumatriptan_Tab 50mg,0407041T0AAAFAF,9,0.0
196,Y04968,Sumatriptan_Tab 50mg,0407041T0AAAFAF,5,0.0
197,M81074,Sumatriptan_Tab 50mg,0407041T0AAAFAF,1,0.0
198,M81038,Sumatriptan_Tab 50mg,0407041T0AAAFAF,6,0.0
199,M81074,Sumatriptan_Tab 50mg,0407041T0AAAFAF,3,0.0
200,M81627,Sumatriptan_Tab 50mg,0407041T0AAAFAF,12,0.0
201,M81045,Sumatriptan_Tab 50mg,0407041T0AAAFAF,3,0.0
177,M81081,Sumatriptan_Tab 50mg,0407041T0AAAFAF,4,0.0
175,M81039,Sumatriptan_Tab 50mg,0407041T0AAAFAF,6,0.0
203,M81004,Sumatriptan_Tab 50mg,0407041T0AAAFAF,4,0.0
162,M81047,Sumatriptan_Tab 50mg,0407041T0AAAFAF,2,0.0
152,Y03602,Sumatriptan_Tab 50mg,0407041T0AAAFAF,7,0.0
153,M81039,Sumatriptan_Tab 50mg,0407041T0AAAFAF,2,0.0
154,M81042,Sumatriptan_Tab 50mg,0407041T0AAAFAF,4,0.0
155,M81008,Sumatriptan_Tab 50mg,0407041T0AAAFAF,6,0.0
156,M81629,Sumatriptan_Tab 50mg,0407041T0AAAFAF,5,0.0
157,M81029,Sumatriptan_Tab 50mg,0407041T0AAAFAF,3,0.0
158,M81022,Sumatriptan_Tab 50mg,0407041T0AAAFAF,1,0.0
159,M81049,Sumatriptan_Tab 50mg,0407041T0AAAFAF,2,0.0
160,M81008,Sumatriptan_Tab 50mg,0407041T0AAAFAF,1,0.0
161,M81037,Sumatriptan_Tab 50mg,0407041T0AAAFAF,6,0.0
163,M81627,Sumatriptan_Tab 50mg,0407041T0AAAFAF,2,0.0
174,M81006,Sumatriptan_Tab 50mg,0407041T0AAAFAF,18,0.0
164,M81006,Sumatriptan_Tab 50mg,0407041T0AAAFAF,8,0.0
165,M81063,Sumatriptan_Tab 50mg,0407041T0AAAFAF,12,0.0
166,M81008,Sumatriptan_Tab 50mg,0407041T0AAAFAF,7,0.0
167,M81007,Sumatriptan_Tab 50mg,0407041T0AAAFAF,10,0.0
168,M81094,Sumatriptan_Tab 50mg,0407041T0AAAFAF,6,0.0
169,M81039,Sumatriptan_Tab 50mg,0407041T0AAAFAF,5,0.0
170,M81072,Sumatriptan_Tab 50mg,0407041T0AAAFAF,1,0.0
171,M81006,Sumatriptan_Tab 50mg,0407041T0AAAFAF,2,0.0
172,M81033,Sumatriptan_Tab 50mg,0407041T0AAAFAF,4,0.0
173,M81022,Sumatriptan_Tab 50mg,0407041T0AAAFAF,10,0.0
202,M81049,Sumatriptan_Tab 50mg,0407041T0AAAFAF,6,0.0
192,M81035,Sumatriptan_Tab 50mg,0407041T0AAAFAF,1,0.0
204,M81017,Sumatriptan_Tab 50mg,0407041T0AAAFAF,2,0.0
222,M81004,Sumatriptan_Tab 50mg,0407041T0AAAFAF,7,0.0
225,M81629,Sumatriptan_Tab 50mg,0407041T0AAAFAF,4,0.0
226,M81037,Sumatriptan_Tab 50mg,0407041T0AAAFAF,6,0.0
227,M81047,Sumatriptan_Tab 50mg,0407041T0AAAFAF,6,0.0
228,M81629,Sumatriptan_Tab 50mg,0407041T0AAAFAF,1,0.0
229,M81035,Sumatriptan_Tab 50mg,0407041T0AAAFAF,12,0.0
230,M81022,Sumatriptan_Tab 50mg,0407041T0AAAFAF,1,0.0
231,M81074,Sumatriptan_Tab 50mg,0407041T0AAAFAF,9,0.0
232,M81063,Sumatriptan_Tab 50mg,0407041T0AAAFAF,1,0.0
233,M81049,Sumatriptan_Tab 50mg,0407041T0AAAFAF,2,0.0
234,M81011,Sumatriptan_Tab 50mg,0407041T0AAAFAF,1,0.0
235,M81091,Sumatriptan_Tab 50mg,0407041T0AAAFAF,1,0.0
236,M81038,Sumatriptan_Tab 50mg,0407041T0AAAFAF,17,0.0
237,M81091,Sumatriptan_Tab 50mg,0407041T0AAAFAF,11,0.0
238,M81011,Sumatriptan_Tab 50mg,0407041T0AAAFAF,4,0.0
205,M81072,Sumatriptan_Tab 50mg,0407041T0AAAFAF,3,0.0
240,M81039,Sumatriptan_Tab 50mg,0407041T0AAAFAF,1,0.0
241,M81075,Sumatriptan_Tab 50mg,0407041T0AAAFAF,2,0.0
223,M81022,Sumatriptan_Tab 50mg,0407041T0AAAFAF,17,0.0
239,M81022,Sumatriptan_Tab 50mg,0407041T0AAAFAF,1,0.0
221,M81042,Sumatriptan_Tab 50mg,0407041T0AAAFAF,1,0.0
212,M81081,Sumatriptan_Tab 50mg,0407041T0AAAFAF,1,0.0
206,Y04968,Sumatriptan_Tab 50mg,0407041T0AAAFAF,6,0.0
207,M81017,Sumatriptan_Tab 50mg,0407041T0AAAFAF,8,0.0
208,M81047,Sumatriptan_Tab 50mg,0407041T0AAAFAF,1,0.0
209,M81072,Sumatriptan_Tab 50mg,0407041T0AAAFAF,2,0.0
210,M81072,Sumatriptan_Tab 50mg,0407041T0AAAFAF,1,0.0
211,M81063,Sumatriptan_Tab 50mg,0407041T0AAAFAF,9,0.0
213,M81006,Sumatriptan_Tab 50mg,0407041T0AAAFAF,1,0.0
220,M81075,Sumatriptan_Tab 50mg,0407041T0AAAFAF,10,0.0
214,Y03602,Sumatriptan_Tab 50mg,0407041T0AAAFAF,5,0.0
215,M81034,Sumatriptan_Tab 50mg,0407041T0AAAFAF,2,0.0
216,M81058,Sumatriptan_Tab 50mg,0407041T0AAAFAF,15,0.0
217,M81034,Sumatriptan_Tab 50mg,0407041T0AAAFAF,6,0.0
218,M81091,Sumatriptan_Tab 50mg,0407041T0AAAFAF,17,0.0
219,M81627,Sumatriptan_Tab 50mg,0407041T0AAAFAF,3,0.0
296,M81038,Hydroxychlor Sulf_Tab 200mg,1001030C0AAAAAA,1,-0.002399999999999902
295,M81074,Hydroxychlor Sulf_Tab 200mg,1001030C0AAAAAA,1,-0.002399999999999902
242,M81008,Sumatriptan_Tab 50mg,0407041T0AAAFAF,1,-0.0027999999999996916
243,M81017,Sumatriptan_Tab 50mg,0407041T0AAAFAF,1,-0.00300000000000078
9,M81075,Paracet_Tab Solb 500mg,0407010H0AAAQAQ,1,-0.0031999999999996476
8,M81075,Paracet_Tab Solb 500mg,0407010H0AAAQAQ,1,-0.0031999999999996476
297,M81049,Hydroxychlor Sulf_Tab 200mg,1001030C0AAAAAA,1,-0.0032000000000000917
298,M81075,Hydroxychlor Sulf_Tab 200mg,1001030C0AAAAAA,1,-0.004799999999999804
23,M81047,Paracet_Tab Solb 500mg,0407010H0AAAQAQ,1,-0.005999999999999339
16,M81045,Paracet_Tab Solb 500mg,0407010H0AAAQAQ,1,-0.005999999999999339
20,M81046,Paracet_Tab Solb 500mg,0407010H0AAAQAQ,1,-0.005999999999999339
19,M81045,Paracet_Tab Solb 500mg,0407010H0AAAQAQ,1,-0.005999999999999339
18,M81033,Paracet_Tab Solb 500mg,0407010H0AAAQAQ,1,-0.005999999999999339
17,M81075,Paracet_Tab Solb 500mg,0407010H0AAAQAQ,1,-0.005999999999999339
14,M81075,Paracet_Tab Solb 500mg,0407010H0AAAQAQ,1,-0.005999999999999339
15,M81033,Paracet_Tab Solb 500mg,0407010H0AAAQAQ,1,-0.005999999999999339
21,M81081,Paracet_Tab Solb 500mg,0407010H0AAAQAQ,1,-0.005999999999999339
13,M81081,Paracet_Tab Solb 500mg,0407010H0AAAQAQ,1,-0.005999999999999339
12,M81004,Paracet_Tab Solb 500mg,0407010H0AAAQAQ,1,-0.005999999999999339
11,M81047,Paracet_Tab Solb 500mg,0407010H0AAAQAQ,1,-0.005999999999999339
10,M81046,Paracet_Tab Solb 500mg,0407010H0AAAQAQ,1,-0.005999999999999339
22,M81004,Paracet_Tab Solb 500mg,0407010H0AAAQAQ,1,-0.005999999999999339
299,M81094,Hydroxychlor Sulf_Tab 200mg,1001030C0AAAAAA,3,-0.007199999999999707
24,M81074,Paracet_Tab Solb 500mg,0407010H0AAAQAQ,2,-0.011999999999998678
25,M81007,Paracet_Tab Solb 500mg,0407010H0AAAQAQ,2,-0.011999999999998678
26,M81007,Paracet_Tab Solb 500mg,0407010H0AAAQAQ,2,-0.011999999999998678
27,M81074,Paracet_Tab Solb 500mg,0407010H0AAAQAQ,2,-0.011999999999998678
447,M81008,Lamotrigine_Tab 50mg,0408010H0AAABAB,1,-0.011999999999998678
247,M81049,Duloxetine HCl_Cap G/R 60mg,0403040Y0AAABAB,1,-0.012000000000002009
302,M81006,Hydroxychlor Sulf_Tab 200mg,1001030C0AAAAAA,4,-0.016799999999999704
301,M81038,Hydroxychlor Sulf_Tab 200mg,1001030C0AAAAAA,4,-0.016799999999999704
300,M81075,Hydroxychlor Sulf_Tab 200mg,1001030C0AAAAAA,4,-0.016799999999999704
28,M81038,Paracet_Tab Solb 500mg,0407010H0AAAQAQ,3,-0.017999999999998018
29,M81038,Paracet_Tab Solb 500mg,0407010H0AAAQAQ,3,-0.017999999999998018
303,M81627,Hydroxychlor Sulf_Tab 200mg,1001030C0AAAAAA,5,-0.02099999999999963
305,M81046,Hydroxychlor Sulf_Tab 200mg,1001030C0AAAAAA,8,-0.03359999999999941
304,M81004,Hydroxychlor Sulf_Tab 200mg,1001030C0AAAAAA,8,-0.03359999999999941
448,M81037,Lamotrigine_Tab 50mg,0408010H0AAABAB,27,-0.07829999999999962
