,practice_code,bnf_description,bnf_code,items,excess_cost
317,C81101,Olanzapine_Tab 15mg,040201060AAALAL,3,205.926
274,C81067,Zonisamide_Cap 100mg,0408010ADAAAAAA,1,199.472
262,C81001,Letrozole_Tab 2.5mg,0803041L0AAAAAA,17,169.17040000000003
263,C81015,Letrozole_Tab 2.5mg,0803041L0AAAAAA,13,165.76559999999998
264,C81084,Letrozole_Tab 2.5mg,0803041L0AAAAAA,20,142.57600000000002
495,C81030,Prednisolone_Tab Solb 5mg,0603020T0AABHBH,3,134.26559999999998
296,C81084,Pregabalin_Cap 75mg,0408010AEAAACAC,15,113.56799999999998
275,C81044,Zonisamide_Cap 100mg,0408010ADAAAAAA,1,87.2788
289,C81002,Pregabalin_Cap 100mg,0408010AEAAADAD,1,85.3524
475,C81041,Paracet_Tab Solb 500mg,0407010H0AAAQAQ,3,73.5
476,C81041,Paracet_Tab Solb 500mg,0407010H0AAAQAQ,3,73.5
290,C81013,Pregabalin_Cap 100mg,0408010AEAAADAD,7,56.9184
291,C81101,Pregabalin_Cap 100mg,0408010AEAAADAD,5,56.89600000000001
297,C81002,Pregabalin_Cap 75mg,0408010AEAAACAC,14,56.761599999999994
298,C81649,Pregabalin_Cap 75mg,0408010AEAAACAC,9,56.750400000000006
466,C81002,Atorvastatin_Tab 20mg,0212000B0AAABAB,428,45.53920000000006
467,C81015,Atorvastatin_Tab 20mg,0212000B0AAABAB,104,45.427200000000006
468,C81012,Atorvastatin_Tab 20mg,0212000B0AAABAB,112,45.15840000000003
1,C81058,Paracet_Tab 500mg,0407010H0AAAMAM,109,43.94879999999999
0,C81058,Paracet_Tab 500mg,0407010H0AAAMAM,109,43.94879999999999
2,C81662,Paracet_Tab 500mg,0407010H0AAAMAM,37,43.0976
3,C81662,Paracet_Tab 500mg,0407010H0AAAMAM,37,43.0976
4,C81084,Paracet_Tab 500mg,0407010H0AAAMAM,109,39.23999999999999
5,C81084,Paracet_Tab 500mg,0407010H0AAAMAM,109,39.23999999999999
6,C81044,Paracet_Tab 500mg,0407010H0AAAMAM,31,34.02560000000001
7,C81044,Paracet_Tab 500mg,0407010H0AAAMAM,31,34.02560000000001
9,C81002,Paracet_Tab 500mg,0407010H0AAAMAM,253,34.00319999999999
8,C81002,Paracet_Tab 500mg,0407010H0AAAMAM,253,34.00319999999999
292,C81070,Pregabalin_Cap 100mg,0408010AEAAADAD,1,28.4508
10,C81662,Paracet_Tab 500mg,0407010H0AAAMAM,102,27.54000000000001
11,C81662,Paracet_Tab 500mg,0407010H0AAAMAM,102,27.54000000000001
12,C81058,Paracet_Tab 500mg,0407010H0AAAMAM,209,27.16999999999998
13,C81058,Paracet_Tab 500mg,0407010H0AAAMAM,209,27.16999999999998
14,C81002,Paracet_Tab 500mg,0407010H0AAAMAM,299,26.910000000000046
15,C81002,Paracet_Tab 500mg,0407010H0AAAMAM,299,26.910000000000046
17,C81084,Paracet_Tab 500mg,0407010H0AAAMAM,140,25.088000000000065
16,C81084,Paracet_Tab 500mg,0407010H0AAAMAM,140,25.088000000000065
469,C81012,Atorvastatin_Tab 20mg,0212000B0AAABAB,131,22.741600000000016
19,C81045,Paracet_Tab 500mg,0407010H0AAAMAM,42,22.579200000000025
18,C81045,Paracet_Tab 500mg,0407010H0AAAMAM,42,22.579200000000025
21,C81084,Paracet_Tab 500mg,0407010H0AAAMAM,18,22.579200000000004
20,C81084,Paracet_Tab 500mg,0407010H0AAAMAM,18,22.579200000000004
23,C81045,Paracet_Tab 500mg,0407010H0AAAMAM,87,20.879999999999995
22,C81045,Paracet_Tab 500mg,0407010H0AAAMAM,87,20.879999999999995
24,C81649,Paracet_Tab 500mg,0407010H0AAAMAM,144,20.16000000000003
25,C81649,Paracet_Tab 500mg,0407010H0AAAMAM,144,20.16000000000003
26,C81067,Paracet_Tab 500mg,0407010H0AAAMAM,1,20.119999999999997
27,C81067,Paracet_Tab 500mg,0407010H0AAAMAM,1,20.119999999999997
29,C81084,Paracet_Tab 500mg,0407010H0AAAMAM,10,20.000000000000004
28,C81084,Paracet_Tab 500mg,0407010H0AAAMAM,10,20.000000000000004
31,C81001,Paracet_Tab 500mg,0407010H0AAAMAM,137,19.17999999999998
30,C81001,Paracet_Tab 500mg,0407010H0AAAMAM,137,19.17999999999998
33,C81001,Paracet_Tab 500mg,0407010H0AAAMAM,190,15.20000000000004
32,C81001,Paracet_Tab 500mg,0407010H0AAAMAM,190,15.20000000000004
35,C81084,Paracet_Tab 500mg,0407010H0AAAMAM,164,14.760000000000025
34,C81084,Paracet_Tab 500mg,0407010H0AAAMAM,164,14.760000000000025
37,C81001,Paracet_Tab 500mg,0407010H0AAAMAM,92,12.364799999999997
36,C81001,Paracet_Tab 500mg,0407010H0AAAMAM,92,12.364799999999997
39,C81649,Paracet_Tab 500mg,0407010H0AAAMAM,73,11.446399999999988
38,C81649,Paracet_Tab 500mg,0407010H0AAAMAM,73,11.446399999999988
41,C81015,Paracet_Tab 500mg,0407010H0AAAMAM,80,10.751999999999997
40,C81015,Paracet_Tab 500mg,0407010H0AAAMAM,80,10.751999999999997
43,C81045,Paracet_Tab 500mg,0407010H0AAAMAM,148,10.359999999999989
42,C81045,Paracet_Tab 500mg,0407010H0AAAMAM,148,10.359999999999989
44,C81649,Paracet_Tab 500mg,0407010H0AAAMAM,46,10.120000000000003
45,C81649,Paracet_Tab 500mg,0407010H0AAAMAM,46,10.120000000000003
46,C81662,Paracet_Tab 500mg,0407010H0AAAMAM,56,10.080000000000016
47,C81662,Paracet_Tab 500mg,0407010H0AAAMAM,56,10.080000000000016
48,C81101,Paracet_Tab 500mg,0407010H0AAAMAM,85,8.500000000000007
49,C81101,Paracet_Tab 500mg,0407010H0AAAMAM,85,8.500000000000007
50,C81091,Paracet_Tab 500mg,0407010H0AAAMAM,200,6.000000000000033
51,C81091,Paracet_Tab 500mg,0407010H0AAAMAM,200,6.000000000000033
52,C81662,Paracet_Tab 500mg,0407010H0AAAMAM,4,5.6448
53,C81662,Paracet_Tab 500mg,0407010H0AAAMAM,4,5.6448
54,C81013,Paracet_Tab 500mg,0407010H0AAAMAM,51,5.100000000000005
55,C81013,Paracet_Tab 500mg,0407010H0AAAMAM,51,5.100000000000005
325,C81012,Clonazepam_Tab 500mcg,0408010F0AAABAB,8,5.06239999999999
326,C81611,Clonazepam_Tab 500mcg,0408010F0AAABAB,2,5.06239999999999
57,C81076,Paracet_Tab 500mg,0407010H0AAAMAM,6,4.838400000000001
56,C81076,Paracet_Tab 500mg,0407010H0AAAMAM,6,4.838400000000001
327,C81012,Clonazepam_Tab 500mcg,0408010F0AAABAB,4,3.796799999999992
330,C81045,Clonazepam_Tab 500mcg,0408010F0AAABAB,5,3.1639999999999935
328,C81084,Clonazepam_Tab 500mcg,0408010F0AAABAB,5,3.1639999999999935
329,C81003,Clonazepam_Tab 500mcg,0408010F0AAABAB,5,3.1639999999999935
331,C81044,Clonazepam_Tab 500mcg,0408010F0AAABAB,3,2.847599999999994
58,C81015,Paracet_Tab 500mg,0407010H0AAAMAM,129,2.5799999999999845
59,C81015,Paracet_Tab 500mg,0407010H0AAAMAM,129,2.5799999999999845
343,C81015,Clonazepam_Tab 500mcg,0408010F0AAABAB,2,2.531199999999995
342,C81058,Clonazepam_Tab 500mcg,0408010F0AAABAB,2,2.531199999999995
334,C81045,Clonazepam_Tab 500mcg,0408010F0AAABAB,1,2.531199999999995
341,C81002,Clonazepam_Tab 500mcg,0408010F0AAABAB,4,2.531199999999995
340,C81662,Clonazepam_Tab 500mcg,0408010F0AAABAB,2,2.531199999999995
337,C81058,Clonazepam_Tab 500mcg,0408010F0AAABAB,4,2.531199999999995
344,C81649,Clonazepam_Tab 500mcg,0408010F0AAABAB,2,2.531199999999995
339,C81045,Clonazepam_Tab 500mcg,0408010F0AAABAB,2,2.531199999999995
336,C81015,Clonazepam_Tab 500mcg,0408010F0AAABAB,1,2.531199999999995
335,C81015,Clonazepam_Tab 500mcg,0408010F0AAABAB,4,2.531199999999995
333,C81084,Clonazepam_Tab 500mcg,0408010F0AAABAB,8,2.531199999999995
332,C81003,Clonazepam_Tab 500mcg,0408010F0AAABAB,2,2.531199999999995
338,C81044,Clonazepam_Tab 500mcg,0408010F0AAABAB,2,2.531199999999995
60,C81649,Paracet_Tab 500mg,0407010H0AAAMAM,1,2.52
61,C81649,Paracet_Tab 500mg,0407010H0AAAMAM,1,2.52
345,C81028,Clonazepam_Tab 500mcg,0408010F0AAABAB,2,2.2599999999999953
346,C81013,Clonazepam_Tab 500mcg,0408010F0AAABAB,2,2.2599999999999953
347,C81013,Clonazepam_Tab 500mcg,0408010F0AAABAB,7,2.2147999999999954
348,C81070,Clonazepam_Tab 500mcg,0408010F0AAABAB,1,2.2147999999999954
349,Y04995,Clonazepam_Tab 500mcg,0408010F0AAABAB,3,2.033999999999996
362,C81649,Clonazepam_Tab 500mcg,0408010F0AAABAB,2,1.898399999999996
356,C81076,Clonazepam_Tab 500mcg,0408010F0AAABAB,3,1.898399999999996
359,C81015,Clonazepam_Tab 500mcg,0408010F0AAABAB,1,1.898399999999996
358,C81041,Clonazepam_Tab 500mcg,0408010F0AAABAB,8,1.898399999999996
357,Y04995,Clonazepam_Tab 500mcg,0408010F0AAABAB,3,1.898399999999996
363,C81044,Clonazepam_Tab 500mcg,0408010F0AAABAB,1,1.898399999999996
364,C81044,Clonazepam_Tab 500mcg,0408010F0AAABAB,6,1.898399999999996
365,C81065,Clonazepam_Tab 500mcg,0408010F0AAABAB,1,1.898399999999996
354,C81045,Clonazepam_Tab 500mcg,0408010F0AAABAB,6,1.898399999999996
355,Y04995,Clonazepam_Tab 500mcg,0408010F0AAABAB,1,1.898399999999996
361,C81058,Clonazepam_Tab 500mcg,0408010F0AAABAB,1,1.898399999999996
353,Y04995,Clonazepam_Tab 500mcg,0408010F0AAABAB,6,1.898399999999996
352,C81065,Clonazepam_Tab 500mcg,0408010F0AAABAB,3,1.898399999999996
351,C81030,Clonazepam_Tab 500mcg,0408010F0AAABAB,1,1.898399999999996
350,C81034,Clonazepam_Tab 500mcg,0408010F0AAABAB,3,1.898399999999996
366,C81101,Clonazepam_Tab 500mcg,0408010F0AAABAB,1,1.898399999999996
360,C81028,Clonazepam_Tab 500mcg,0408010F0AAABAB,3,1.898399999999996
63,C81058,Paracet_Tab 500mg,0407010H0AAAMAM,9,1.6128000000000002
62,C81058,Paracet_Tab 500mg,0407010H0AAAMAM,9,1.6128000000000002
368,C81045,Clonazepam_Tab 500mcg,0408010F0AAABAB,1,1.5819999999999967
370,C81063,Clonazepam_Tab 500mcg,0408010F0AAABAB,5,1.5819999999999967
369,C81012,Clonazepam_Tab 500mcg,0408010F0AAABAB,5,1.5819999999999967
367,C81012,Clonazepam_Tab 500mcg,0408010F0AAABAB,1,1.5819999999999967
65,C81015,Paracet_Tab 500mg,0407010H0AAAMAM,140,1.3999999999999915
64,C81015,Paracet_Tab 500mg,0407010H0AAAMAM,140,1.3999999999999915
371,Y04995,Clonazepam_Tab 500mcg,0408010F0AAABAB,1,1.3559999999999972
383,C81067,Clonazepam_Tab 500mcg,0408010F0AAABAB,1,1.2655999999999974
377,C81001,Clonazepam_Tab 500mcg,0408010F0AAABAB,2,1.2655999999999974
384,C81044,Clonazepam_Tab 500mcg,0408010F0AAABAB,2,1.2655999999999974
382,C81074,Clonazepam_Tab 500mcg,0408010F0AAABAB,1,1.2655999999999974
378,C81091,Clonazepam_Tab 500mcg,0408010F0AAABAB,2,1.2655999999999974
381,C81016,Clonazepam_Tab 500mcg,0408010F0AAABAB,4,1.2655999999999974
385,C81074,Clonazepam_Tab 500mcg,0408010F0AAABAB,2,1.2655999999999974
386,C81063,Clonazepam_Tab 500mcg,0408010F0AAABAB,2,1.2655999999999974
387,C81041,Clonazepam_Tab 500mcg,0408010F0AAABAB,1,1.2655999999999974
376,Y04995,Clonazepam_Tab 500mcg,0408010F0AAABAB,1,1.2655999999999974
380,C81101,Clonazepam_Tab 500mcg,0408010F0AAABAB,1,1.2655999999999974
372,C81649,Clonazepam_Tab 500mcg,0408010F0AAABAB,2,1.2655999999999974
373,C81041,Clonazepam_Tab 500mcg,0408010F0AAABAB,2,1.2655999999999974
374,C81025,Clonazepam_Tab 500mcg,0408010F0AAABAB,2,1.2655999999999974
379,C81001,Clonazepam_Tab 500mcg,0408010F0AAABAB,1,1.2655999999999974
375,C81067,Clonazepam_Tab 500mcg,0408010F0AAABAB,2,1.2655999999999974
388,C81084,Clonazepam_Tab 500mcg,0408010F0AAABAB,1,1.1299999999999977
389,C81092,Clonazepam_Tab 500mcg,0408010F0AAABAB,1,1.1299999999999977
390,C81030,Clonazepam_Tab 500mcg,0408010F0AAABAB,1,1.1299999999999977
391,C81002,Clonazepam_Tab 500mcg,0408010F0AAABAB,1,1.1299999999999977
392,C81041,Clonazepam_Tab 500mcg,0408010F0AAABAB,7,1.1073999999999977
393,Y04995,Clonazepam_Tab 500mcg,0408010F0AAABAB,7,1.1073999999999977
402,C81080,Clonazepam_Tab 500mcg,0408010F0AAABAB,3,0.949199999999998
398,C81041,Clonazepam_Tab 500mcg,0408010F0AAABAB,3,0.949199999999998
403,C81649,Clonazepam_Tab 500mcg,0408010F0AAABAB,3,0.949199999999998
401,C81015,Clonazepam_Tab 500mcg,0408010F0AAABAB,1,0.949199999999998
400,C81034,Clonazepam_Tab 500mcg,0408010F0AAABAB,3,0.949199999999998
399,C81028,Clonazepam_Tab 500mcg,0408010F0AAABAB,1,0.949199999999998
396,C81065,Clonazepam_Tab 500mcg,0408010F0AAABAB,1,0.949199999999998
397,C81034,Clonazepam_Tab 500mcg,0408010F0AAABAB,4,0.949199999999998
395,C81002,Clonazepam_Tab 500mcg,0408010F0AAABAB,3,0.949199999999998
394,C81025,Clonazepam_Tab 500mcg,0408010F0AAABAB,3,0.949199999999998
404,C81025,Clonazepam_Tab 500mcg,0408010F0AAABAB,5,0.7909999999999984
405,C81101,Clonazepam_Tab 500mcg,0408010F0AAABAB,1,0.7909999999999984
408,Y04995,Clonazepam_Tab 500mcg,0408010F0AAABAB,2,0.6779999999999986
409,C81045,Clonazepam_Tab 500mcg,0408010F0AAABAB,1,0.6779999999999986
406,C81044,Clonazepam_Tab 500mcg,0408010F0AAABAB,1,0.6779999999999986
407,C81012,Clonazepam_Tab 500mcg,0408010F0AAABAB,2,0.6779999999999986
419,C81089,Clonazepam_Tab 500mcg,0408010F0AAABAB,1,0.6327999999999987
428,C81003,Clonazepam_Tab 500mcg,0408010F0AAABAB,2,0.6327999999999987
427,C81015,Clonazepam_Tab 500mcg,0408010F0AAABAB,2,0.6327999999999987
426,C81013,Clonazepam_Tab 500mcg,0408010F0AAABAB,1,0.6327999999999987
425,C81101,Clonazepam_Tab 500mcg,0408010F0AAABAB,4,0.6327999999999987
424,C81001,Clonazepam_Tab 500mcg,0408010F0AAABAB,2,0.6327999999999987
423,C81101,Clonazepam_Tab 500mcg,0408010F0AAABAB,1,0.6327999999999987
422,C81070,Clonazepam_Tab 500mcg,0408010F0AAABAB,1,0.6327999999999987
421,C81030,Clonazepam_Tab 500mcg,0408010F0AAABAB,2,0.6327999999999987
420,C81634,Clonazepam_Tab 500mcg,0408010F0AAABAB,2,0.6327999999999987
412,C81082,Clonazepam_Tab 500mcg,0408010F0AAABAB,1,0.6327999999999987
418,C81074,Clonazepam_Tab 500mcg,0408010F0AAABAB,2,0.6327999999999987
413,C81634,Clonazepam_Tab 500mcg,0408010F0AAABAB,1,0.6327999999999987
410,C81084,Clonazepam_Tab 500mcg,0408010F0AAABAB,4,0.6327999999999987
417,C81092,Clonazepam_Tab 500mcg,0408010F0AAABAB,2,0.6327999999999987
411,C81016,Clonazepam_Tab 500mcg,0408010F0AAABAB,1,0.6327999999999987
414,C81080,Clonazepam_Tab 500mcg,0408010F0AAABAB,1,0.6327999999999987
415,Y04995,Clonazepam_Tab 500mcg,0408010F0AAABAB,8,0.6327999999999987
416,C81028,Clonazepam_Tab 500mcg,0408010F0AAABAB,2,0.6327999999999987
470,C81039,Atorvastatin_Tab 20mg,0212000B0AAABAB,96,0.5376000000000154
429,C81091,Clonazepam_Tab 500mcg,0408010F0AAABAB,3,0.5375999999999994
430,C81041,Clonazepam_Tab 500mcg,0408010F0AAABAB,1,0.474599999999999
431,C81063,Clonazepam_Tab 500mcg,0408010F0AAABAB,3,0.474599999999999
432,C81063,Clonazepam_Tab 500mcg,0408010F0AAABAB,1,0.474599999999999
433,C81002,Clonazepam_Tab 500mcg,0408010F0AAABAB,1,0.474599999999999
434,C81034,Clonazepam_Tab 500mcg,0408010F0AAABAB,1,0.474599999999999
436,C81013,Clonazepam_Tab 500mcg,0408010F0AAABAB,1,0.3389999999999993
435,C81028,Clonazepam_Tab 500mcg,0408010F0AAABAB,1,0.3389999999999993
437,C81649,Clonazepam_Tab 500mcg,0408010F0AAABAB,1,0.3389999999999993
446,C81025,Clonazepam_Tab 500mcg,0408010F0AAABAB,4,0.31639999999999935
440,C81058,Clonazepam_Tab 500mcg,0408010F0AAABAB,1,0.31639999999999935
447,C81089,Clonazepam_Tab 500mcg,0408010F0AAABAB,1,0.31639999999999935
445,C81070,Clonazepam_Tab 500mcg,0408010F0AAABAB,1,0.31639999999999935
439,C81101,Clonazepam_Tab 500mcg,0408010F0AAABAB,1,0.31639999999999935
438,C81091,Clonazepam_Tab 500mcg,0408010F0AAABAB,1,0.31639999999999935
441,C81082,Clonazepam_Tab 500mcg,0408010F0AAABAB,1,0.31639999999999935
442,C81101,Clonazepam_Tab 500mcg,0408010F0AAABAB,4,0.31639999999999935
443,C81076,Clonazepam_Tab 500mcg,0408010F0AAABAB,1,0.31639999999999935
444,C81028,Clonazepam_Tab 500mcg,0408010F0AAABAB,4,0.31639999999999935
448,C81080,Clonazepam_Tab 500mcg,0408010F0AAABAB,4,0.25439999999999996
449,C81649,Clonazepam_Tab 500mcg,0408010F0AAABAB,4,0.25439999999999996
450,C81001,Clonazepam_Tab 500mcg,0408010F0AAABAB,1,0.2372999999999995
451,C81034,Clonazepam_Tab 500mcg,0408010F0AAABAB,3,0.2372999999999995
452,C81045,Clonazepam_Tab 500mcg,0408010F0AAABAB,1,0.2372999999999995
453,C81080,Clonazepam_Tab 500mcg,0408010F0AAABAB,1,0.2372999999999995
455,C81080,Clonazepam_Tab 500mcg,0408010F0AAABAB,1,0.22199999999999998
454,C81611,Clonazepam_Tab 500mcg,0408010F0AAABAB,1,0.22199999999999998
67,C81058,Paracet_Tab 500mg,0407010H0AAAMAM,11,0.18479999999999888
66,C81058,Paracet_Tab 500mg,0407010H0AAAMAM,11,0.18479999999999888
456,C81649,Clonazepam_Tab 500mcg,0408010F0AAABAB,1,0.174
457,C81065,Clonazepam_Tab 500mcg,0408010F0AAABAB,4,0.16959999999999997
463,C81030,Clonazepam_Tab 500mcg,0408010F0AAABAB,1,0.15819999999999967
458,C81058,Clonazepam_Tab 500mcg,0408010F0AAABAB,1,0.15819999999999967
459,C81002,Clonazepam_Tab 500mcg,0408010F0AAABAB,1,0.15819999999999967
460,C81045,Clonazepam_Tab 500mcg,0408010F0AAABAB,1,0.15819999999999967
461,C81034,Clonazepam_Tab 500mcg,0408010F0AAABAB,1,0.15819999999999967
462,C81634,Clonazepam_Tab 500mcg,0408010F0AAABAB,1,0.15819999999999967
69,C81084,Paracet_Tab 500mg,0407010H0AAAMAM,8,0.1343999999999992
68,C81084,Paracet_Tab 500mg,0407010H0AAAMAM,8,0.1343999999999992
464,C81044,Clonazepam_Tab 500mcg,0408010F0AAABAB,1,0.11599999999999999
71,C81002,Paracet_Tab 500mg,0407010H0AAAMAM,38,0.10639999999999936
70,C81002,Paracet_Tab 500mg,0407010H0AAAMAM,38,0.10639999999999936
465,C81013,Clonazepam_Tab 500mcg,0408010F0AAABAB,1,0.07909999999999984
299,C81002,Pregabalin_Cap 75mg,0408010AEAAACAC,14,0.07839999999999953
265,C81080,Letrozole_Tab 2.5mg,0803041L0AAAAAA,15,0.07350000000000065
300,Y04995,Pregabalin_Cap 75mg,0408010AEAAACAC,12,0.0671999999999996
72,C81065,Paracet_Tab 500mg,0407010H0AAAMAM,15,0.06299999999999961
73,C81065,Paracet_Tab 500mg,0407010H0AAAMAM,15,0.06299999999999961
74,C81002,Paracet_Tab 500mg,0407010H0AAAMAM,14,0.058799999999999644
75,C81002,Paracet_Tab 500mg,0407010H0AAAMAM,14,0.058799999999999644
77,C81634,Paracet_Tab 500mg,0407010H0AAAMAM,9,0.05399999999999967
76,C81634,Paracet_Tab 500mg,0407010H0AAAMAM,9,0.05399999999999967
81,C81101,Paracet_Tab 500mg,0407010H0AAAMAM,12,0.050399999999999695
80,C81101,Paracet_Tab 500mg,0407010H0AAAMAM,12,0.050399999999999695
79,C81039,Paracet_Tab 500mg,0407010H0AAAMAM,18,0.050399999999999695
78,C81039,Paracet_Tab 500mg,0407010H0AAAMAM,18,0.050399999999999695
266,Y04995,Letrozole_Tab 2.5mg,0803041L0AAAAAA,10,0.04900000000000043
267,C81041,Letrozole_Tab 2.5mg,0803041L0AAAAAA,9,0.04410000000000039
82,Y04995,Paracet_Tab 500mg,0407010H0AAAMAM,10,0.041999999999999746
84,Y04995,Paracet_Tab 500mg,0407010H0AAAMAM,10,0.041999999999999746
85,Y04995,Paracet_Tab 500mg,0407010H0AAAMAM,7,0.041999999999999746
83,Y04995,Paracet_Tab 500mg,0407010H0AAAMAM,7,0.041999999999999746
318,C81065,Olanzapine_Tab 15mg,040201060AAALAL,8,0.03919999999999879
86,C81041,Paracet_Tab 500mg,0407010H0AAAMAM,9,0.03779999999999977
87,C81041,Paracet_Tab 500mg,0407010H0AAAMAM,9,0.03779999999999977
301,C81030,Pregabalin_Cap 75mg,0408010AEAAACAC,6,0.0335999999999998
88,C81012,Paracet_Tab 500mg,0407010H0AAAMAM,6,0.0335999999999998
89,C81012,Paracet_Tab 500mg,0407010H0AAAMAM,6,0.0335999999999998
90,C81016,Paracet_Tab 500mg,0407010H0AAAMAM,8,0.0335999999999998
91,C81016,Paracet_Tab 500mg,0407010H0AAAMAM,8,0.0335999999999998
93,C81063,Paracet_Tab 500mg,0407010H0AAAMAM,11,0.030799999999999814
92,C81063,Paracet_Tab 500mg,0407010H0AAAMAM,11,0.030799999999999814
303,C81045,Pregabalin_Cap 75mg,0408010AEAAACAC,5,0.02799999999999983
95,C81030,Paracet_Tab 500mg,0407010H0AAAMAM,10,0.02799999999999983
302,C81003,Pregabalin_Cap 75mg,0408010AEAAACAC,5,0.02799999999999983
94,C81030,Paracet_Tab 500mg,0407010H0AAAMAM,10,0.02799999999999983
97,C81013,Paracet_Tab 500mg,0407010H0AAAMAM,6,0.025199999999999848
96,C81013,Paracet_Tab 500mg,0407010H0AAAMAM,6,0.025199999999999848
319,C81012,Olanzapine_Tab 15mg,040201060AAALAL,5,0.024499999999999245
101,C81058,Paracet_Tab 500mg,0407010H0AAAMAM,4,0.023999999999999855
100,C81058,Paracet_Tab 500mg,0407010H0AAAMAM,4,0.023999999999999855
99,C81063,Paracet_Tab 500mg,0407010H0AAAMAM,4,0.023999999999999855
98,C81063,Paracet_Tab 500mg,0407010H0AAAMAM,4,0.023999999999999855
276,C81002,Zonisamide_Cap 100mg,0408010ADAAAAAA,4,0.02240000000000064
306,C81013,Pregabalin_Cap 75mg,0408010AEAAACAC,4,0.022399999999999864
304,C81041,Pregabalin_Cap 75mg,0408010AEAAACAC,4,0.022399999999999864
305,C81101,Pregabalin_Cap 75mg,0408010AEAAACAC,4,0.022399999999999864
103,C81092,Paracet_Tab 500mg,0407010H0AAAMAM,5,0.020999999999999873
102,C81092,Paracet_Tab 500mg,0407010H0AAAMAM,5,0.020999999999999873
294,C81002,Pregabalin_Cap 100mg,0408010AEAAADAD,4,0.019600000000000173
293,C81025,Pregabalin_Cap 100mg,0408010AEAAADAD,4,0.019600000000000173
270,C81002,Letrozole_Tab 2.5mg,0803041L0AAAAAA,4,0.019600000000000173
269,C81101,Letrozole_Tab 2.5mg,0803041L0AAAAAA,4,0.019600000000000173
268,C81012,Letrozole_Tab 2.5mg,0803041L0AAAAAA,4,0.019600000000000173
105,C81082,Paracet_Tab 500mg,0407010H0AAAMAM,7,0.01959999999999988
104,C81082,Paracet_Tab 500mg,0407010H0AAAMAM,7,0.01959999999999988
322,C81080,Olanzapine_Tab 15mg,040201060AAALAL,4,0.019599999999999396
321,C81082,Olanzapine_Tab 15mg,040201060AAALAL,4,0.019599999999999396
320,C81084,Olanzapine_Tab 15mg,040201060AAALAL,4,0.019599999999999396
107,C81030,Paracet_Tab 500mg,0407010H0AAAMAM,13,0.01819999999999989
106,C81030,Paracet_Tab 500mg,0407010H0AAAMAM,13,0.01819999999999989
112,C81003,Paracet_Tab 500mg,0407010H0AAAMAM,3,0.01799999999999989
108,C81003,Paracet_Tab 500mg,0407010H0AAAMAM,3,0.01799999999999989
111,C81101,Paracet_Tab 500mg,0407010H0AAAMAM,3,0.01799999999999989
113,C81034,Paracet_Tab 500mg,0407010H0AAAMAM,3,0.01799999999999989
110,C81101,Paracet_Tab 500mg,0407010H0AAAMAM,3,0.01799999999999989
109,C81034,Paracet_Tab 500mg,0407010H0AAAMAM,3,0.01799999999999989
477,C81030,Paracet_Tab Solb 500mg,0407010H0AAAQAQ,4,0.01680000000000048
478,C81030,Paracet_Tab Solb 500mg,0407010H0AAAQAQ,4,0.01680000000000048
308,C81091,Pregabalin_Cap 75mg,0408010AEAAACAC,3,0.0167999999999999
114,C81034,Paracet_Tab 500mg,0407010H0AAAMAM,4,0.0167999999999999
115,C81039,Paracet_Tab 500mg,0407010H0AAAMAM,4,0.0167999999999999
116,C81001,Paracet_Tab 500mg,0407010H0AAAMAM,4,0.0167999999999999
117,C81001,Paracet_Tab 500mg,0407010H0AAAMAM,4,0.0167999999999999
118,C81034,Paracet_Tab 500mg,0407010H0AAAMAM,4,0.0167999999999999
120,C81084,Paracet_Tab 500mg,0407010H0AAAMAM,4,0.0167999999999999
121,C81084,Paracet_Tab 500mg,0407010H0AAAMAM,4,0.0167999999999999
307,C81044,Pregabalin_Cap 75mg,0408010AEAAACAC,3,0.0167999999999999
119,C81039,Paracet_Tab 500mg,0407010H0AAAMAM,4,0.0167999999999999
277,C81016,Zonisamide_Cap 100mg,0408010ADAAAAAA,2,0.01679999999999815
278,C81058,Zonisamide_Cap 100mg,0408010ADAAAAAA,2,0.01679999999999815
271,C81089,Letrozole_Tab 2.5mg,0803041L0AAAAAA,3,0.01470000000000013
295,Y04995,Pregabalin_Cap 100mg,0408010AEAAADAD,3,0.01470000000000013
323,C81015,Olanzapine_Tab 15mg,040201060AAALAL,3,0.014699999999999547
324,C81001,Olanzapine_Tab 15mg,040201060AAALAL,3,0.014699999999999547
123,C81074,Paracet_Tab 500mg,0407010H0AAAMAM,5,0.013999999999999915
122,Y04995,Paracet_Tab 500mg,0407010H0AAAMAM,5,0.013999999999999915
125,C81074,Paracet_Tab 500mg,0407010H0AAAMAM,5,0.013999999999999915
124,Y04995,Paracet_Tab 500mg,0407010H0AAAMAM,5,0.013999999999999915
128,C81045,Paracet_Tab 500mg,0407010H0AAAMAM,9,0.012599999999999924
127,C81030,Paracet_Tab 500mg,0407010H0AAAMAM,3,0.012599999999999924
126,C81045,Paracet_Tab 500mg,0407010H0AAAMAM,9,0.012599999999999924
129,C81030,Paracet_Tab 500mg,0407010H0AAAMAM,3,0.012599999999999924
135,C81015,Paracet_Tab 500mg,0407010H0AAAMAM,2,0.011999999999999927
130,C81015,Paracet_Tab 500mg,0407010H0AAAMAM,2,0.011999999999999927
134,C81065,Paracet_Tab 500mg,0407010H0AAAMAM,1,0.011999999999999927
133,C81065,Paracet_Tab 500mg,0407010H0AAAMAM,2,0.011999999999999927
131,C81065,Paracet_Tab 500mg,0407010H0AAAMAM,2,0.011999999999999927
132,C81065,Paracet_Tab 500mg,0407010H0AAAMAM,1,0.011999999999999927
279,C81012,Zonisamide_Cap 100mg,0408010ADAAAAAA,4,0.01120000000000032
149,C81045,Paracet_Tab 500mg,0407010H0AAAMAM,4,0.011199999999999932
147,C81028,Paracet_Tab 500mg,0407010H0AAAMAM,4,0.011199999999999932
138,C81065,Paracet_Tab 500mg,0407010H0AAAMAM,4,0.011199999999999932
148,C81015,Paracet_Tab 500mg,0407010H0AAAMAM,4,0.011199999999999932
146,C81045,Paracet_Tab 500mg,0407010H0AAAMAM,4,0.011199999999999932
145,C81012,Paracet_Tab 500mg,0407010H0AAAMAM,4,0.011199999999999932
144,C81634,Paracet_Tab 500mg,0407010H0AAAMAM,4,0.011199999999999932
143,C81028,Paracet_Tab 500mg,0407010H0AAAMAM,4,0.011199999999999932
142,C81634,Paracet_Tab 500mg,0407010H0AAAMAM,4,0.011199999999999932
141,C81065,Paracet_Tab 500mg,0407010H0AAAMAM,4,0.011199999999999932
140,C81015,Paracet_Tab 500mg,0407010H0AAAMAM,4,0.011199999999999932
139,C81080,Paracet_Tab 500mg,0407010H0AAAMAM,4,0.011199999999999932
137,C81012,Paracet_Tab 500mg,0407010H0AAAMAM,4,0.011199999999999932
309,Y01897,Pregabalin_Cap 75mg,0408010AEAAACAC,2,0.011199999999999932
136,C81080,Paracet_Tab 500mg,0407010H0AAAMAM,4,0.011199999999999932
311,C81016,Pregabalin_Cap 75mg,0408010AEAAACAC,4,0.011199999999999932
310,C81080,Pregabalin_Cap 75mg,0408010AEAAACAC,4,0.011199999999999932
150,C81003,Paracet_Tab 500mg,0407010H0AAAMAM,5,0.010499999999999936
151,C81003,Paracet_Tab 500mg,0407010H0AAAMAM,5,0.010499999999999936
272,C81030,Letrozole_Tab 2.5mg,0803041L0AAAAAA,2,0.009800000000000086
312,Y04995,Pregabalin_Cap 75mg,0408010AEAAACAC,1,0.008999999999999009
152,C81041,Paracet_Tab 500mg,0407010H0AAAMAM,3,0.00839999999999995
153,C81013,Paracet_Tab 500mg,0407010H0AAAMAM,3,0.00839999999999995
154,C81058,Paracet_Tab 500mg,0407010H0AAAMAM,3,0.00839999999999995
155,C81058,Paracet_Tab 500mg,0407010H0AAAMAM,3,0.00839999999999995
156,C81041,Paracet_Tab 500mg,0407010H0AAAMAM,3,0.00839999999999995
157,C81013,Paracet_Tab 500mg,0407010H0AAAMAM,3,0.00839999999999995
283,C81634,Zonisamide_Cap 100mg,0408010ADAAAAAA,1,0.008399999999999075
282,C81044,Zonisamide_Cap 100mg,0408010ADAAAAAA,1,0.008399999999999075
281,C81649,Zonisamide_Cap 100mg,0408010ADAAAAAA,1,0.008399999999999075
280,C81025,Zonisamide_Cap 100mg,0408010ADAAAAAA,1,0.008399999999999075
159,C81101,Paracet_Tab 500mg,0407010H0AAAMAM,5,0.006999999999999958
158,C81101,Paracet_Tab 500mg,0407010H0AAAMAM,5,0.006999999999999958
313,C81012,Pregabalin_Cap 75mg,0408010AEAAACAC,1,0.006799999999999251
471,Y01897,Atorvastatin_Tab 20mg,0212000B0AAABAB,2,0.006000000000000033
160,C81611,Paracet_Tab 500mg,0407010H0AAAMAM,1,0.005999999999999964
161,C81044,Paracet_Tab 500mg,0407010H0AAAMAM,1,0.005999999999999964
162,C81028,Paracet_Tab 500mg,0407010H0AAAMAM,1,0.005999999999999964
163,C81028,Paracet_Tab 500mg,0407010H0AAAMAM,1,0.005999999999999964
164,C81611,Paracet_Tab 500mg,0407010H0AAAMAM,1,0.005999999999999964
166,C81045,Paracet_Tab 500mg,0407010H0AAAMAM,1,0.005999999999999964
167,C81080,Paracet_Tab 500mg,0407010H0AAAMAM,1,0.005999999999999964
168,C81080,Paracet_Tab 500mg,0407010H0AAAMAM,1,0.005999999999999964
169,C81044,Paracet_Tab 500mg,0407010H0AAAMAM,1,0.005999999999999964
165,C81045,Paracet_Tab 500mg,0407010H0AAAMAM,1,0.005999999999999964
285,C81084,Zonisamide_Cap 100mg,0408010ADAAAAAA,1,0.00560000000000016
284,C81101,Zonisamide_Cap 100mg,0408010ADAAAAAA,1,0.00560000000000016
178,C81101,Paracet_Tab 500mg,0407010H0AAAMAM,2,0.005599999999999966
170,C81101,Paracet_Tab 500mg,0407010H0AAAMAM,2,0.005599999999999966
181,C81034,Paracet_Tab 500mg,0407010H0AAAMAM,2,0.005599999999999966
180,C81016,Paracet_Tab 500mg,0407010H0AAAMAM,2,0.005599999999999966
179,C81080,Paracet_Tab 500mg,0407010H0AAAMAM,4,0.005599999999999966
315,C81662,Pregabalin_Cap 75mg,0408010AEAAACAC,1,0.005599999999999966
177,C81080,Paracet_Tab 500mg,0407010H0AAAMAM,4,0.005599999999999966
176,C81091,Paracet_Tab 500mg,0407010H0AAAMAM,2,0.005599999999999966
175,C81091,Paracet_Tab 500mg,0407010H0AAAMAM,2,0.005599999999999966
173,C81034,Paracet_Tab 500mg,0407010H0AAAMAM,2,0.005599999999999966
172,Y04995,Paracet_Tab 500mg,0407010H0AAAMAM,4,0.005599999999999966
171,C81016,Paracet_Tab 500mg,0407010H0AAAMAM,2,0.005599999999999966
174,Y04995,Paracet_Tab 500mg,0407010H0AAAMAM,4,0.005599999999999966
314,C81076,Pregabalin_Cap 75mg,0408010AEAAACAC,1,0.005599999999999966
480,C81044,Paracet_Tab Solb 500mg,0407010H0AAAQAQ,1,0.004600000000000007
479,C81044,Paracet_Tab Solb 500mg,0407010H0AAAQAQ,1,0.004600000000000007
496,C81084,Prednisolone_Tab Solb 5mg,0603020T0AABHBH,1,0.004499999999999504
497,C81091,Prednisolone_Tab Solb 5mg,0603020T0AABHBH,1,0.004499999999999504
498,C81045,Prednisolone_Tab Solb 5mg,0603020T0AABHBH,1,0.004499999999999504
184,C81003,Paracet_Tab 500mg,0407010H0AAAMAM,1,0.004199999999999975
191,C81012,Paracet_Tab 500mg,0407010H0AAAMAM,1,0.004199999999999975
190,C81044,Paracet_Tab 500mg,0407010H0AAAMAM,1,0.004199999999999975
189,C81013,Paracet_Tab 500mg,0407010H0AAAMAM,3,0.004199999999999975
188,C81044,Paracet_Tab 500mg,0407010H0AAAMAM,1,0.004199999999999975
187,C81003,Paracet_Tab 500mg,0407010H0AAAMAM,1,0.004199999999999975
186,C81045,Paracet_Tab 500mg,0407010H0AAAMAM,1,0.004199999999999975
185,C81013,Paracet_Tab 500mg,0407010H0AAAMAM,3,0.004199999999999975
182,C81045,Paracet_Tab 500mg,0407010H0AAAMAM,1,0.004199999999999975
183,C81012,Paracet_Tab 500mg,0407010H0AAAMAM,1,0.004199999999999975
192,Y04995,Paracet_Tab 500mg,0407010H0AAAMAM,1,0.0040000000000000105
193,Y04995,Paracet_Tab 500mg,0407010H0AAAMAM,1,0.0040000000000000105
472,C81041,Atorvastatin_Tab 20mg,0212000B0AAABAB,1,0.00360000000000002
501,C81003,Prednisolone_Tab Solb 5mg,0603020T0AABHBH,1,0.0035999999999996035
500,Y04995,Prednisolone_Tab Solb 5mg,0603020T0AABHBH,1,0.0035999999999996035
499,C81013,Prednisolone_Tab Solb 5mg,0603020T0AABHBH,1,0.0035999999999996035
196,C81634,Paracet_Tab 500mg,0407010H0AAAMAM,1,0.002999999999999982
195,C81634,Paracet_Tab 500mg,0407010H0AAAMAM,1,0.002999999999999982
197,C81084,Paracet_Tab 500mg,0407010H0AAAMAM,1,0.002999999999999982
194,C81084,Paracet_Tab 500mg,0407010H0AAAMAM,1,0.002999999999999982
502,C81101,Prednisolone_Tab Solb 5mg,0603020T0AABHBH,1,0.0029999999999996696
503,C81028,Prednisolone_Tab Solb 5mg,0603020T0AABHBH,1,0.0029999999999996696
286,C81084,Zonisamide_Cap 100mg,0408010ADAAAAAA,1,0.00280000000000008
203,C81084,Paracet_Tab 500mg,0407010H0AAAMAM,1,0.002799999999999983
198,C81089,Paracet_Tab 500mg,0407010H0AAAMAM,1,0.002799999999999983
199,C81084,Paracet_Tab 500mg,0407010H0AAAMAM,1,0.002799999999999983
200,C81063,Paracet_Tab 500mg,0407010H0AAAMAM,2,0.002799999999999983
201,C81089,Paracet_Tab 500mg,0407010H0AAAMAM,1,0.002799999999999983
202,C81063,Paracet_Tab 500mg,0407010H0AAAMAM,2,0.002799999999999983
316,C81045,Pregabalin_Cap 75mg,0408010AEAAACAC,1,0.002799999999999983
504,C81044,Prednisolone_Tab Solb 5mg,0603020T0AABHBH,1,0.0020999999999997687
506,C81101,Prednisolone_Tab Solb 5mg,0603020T0AABHBH,1,-0.0011999999999998678
505,Y01897,Prednisolone_Tab Solb 5mg,0603020T0AABHBH,1,-0.0011999999999998678
473,C81063,Atorvastatin_Tab 20mg,0212000B0AAABAB,1,-0.0013999999999999985
205,Y01897,Paracet_Tab 500mg,0407010H0AAAMAM,1,-0.001999999999999988
204,Y01897,Paracet_Tab 500mg,0407010H0AAAMAM,1,-0.001999999999999988
507,Y01897,Prednisolone_Tab Solb 5mg,0603020T0AABHBH,1,-0.0023999999999997357
508,C81074,Prednisolone_Tab Solb 5mg,0603020T0AABHBH,1,-0.0023999999999997357
273,C81003,Letrozole_Tab 2.5mg,0803041L0AAAAAA,1,-0.0024000000000000687
510,C81025,Prednisolone_Tab Solb 5mg,0603020T0AABHBH,1,-0.0027999999999996916
509,C81001,Prednisolone_Tab Solb 5mg,0603020T0AABHBH,1,-0.0027999999999996916
515,C81030,Prednisolone_Tab Solb 5mg,0603020T0AABHBH,1,-0.0035999999999996035
511,C81003,Prednisolone_Tab Solb 5mg,0603020T0AABHBH,1,-0.0035999999999996035
512,C81034,Prednisolone_Tab Solb 5mg,0603020T0AABHBH,1,-0.0035999999999996035
513,C81063,Prednisolone_Tab Solb 5mg,0603020T0AABHBH,1,-0.0035999999999996035
514,C81045,Prednisolone_Tab Solb 5mg,0603020T0AABHBH,1,-0.0035999999999996035
519,C81034,Prednisolone_Tab Solb 5mg,0603020T0AABHBH,1,-0.0039999999999995595
516,C81092,Prednisolone_Tab Solb 5mg,0603020T0AABHBH,1,-0.0039999999999995595
517,C81012,Prednisolone_Tab Solb 5mg,0603020T0AABHBH,1,-0.0039999999999995595
518,C81063,Prednisolone_Tab Solb 5mg,0603020T0AABHBH,1,-0.0039999999999995595
287,C81074,Zonisamide_Cap 100mg,0408010ADAAAAAA,2,-0.0041999999999995374
520,C81649,Prednisolone_Tab Solb 5mg,0603020T0AABHBH,2,-0.004799999999999471
521,C81039,Prednisolone_Tab Solb 5mg,0603020T0AABHBH,1,-0.004799999999999471
522,C81034,Prednisolone_Tab Solb 5mg,0603020T0AABHBH,1,-0.004799999999999471
523,C81101,Prednisolone_Tab Solb 5mg,0603020T0AABHBH,2,-0.004799999999999471
524,C81041,Prednisolone_Tab Solb 5mg,0603020T0AABHBH,1,-0.0047999999999999154
207,C81634,Paracet_Tab 500mg,0407010H0AAAMAM,1,-0.004799999999999971
206,C81634,Paracet_Tab 500mg,0407010H0AAAMAM,1,-0.004799999999999971
209,Y01897,Paracet_Tab 500mg,0407010H0AAAMAM,1,-0.005599999999999966
208,Y01897,Paracet_Tab 500mg,0407010H0AAAMAM,1,-0.005599999999999966
484,Y01897,Paracet_Tab Solb 500mg,0407010H0AAAQAQ,1,-0.005999999999999339
485,C81065,Paracet_Tab Solb 500mg,0407010H0AAAQAQ,1,-0.005999999999999339
486,C81063,Paracet_Tab Solb 500mg,0407010H0AAAQAQ,1,-0.005999999999999339
483,Y01897,Paracet_Tab Solb 500mg,0407010H0AAAQAQ,1,-0.005999999999999339
481,C81063,Paracet_Tab Solb 500mg,0407010H0AAAQAQ,1,-0.005999999999999339
482,C81065,Paracet_Tab Solb 500mg,0407010H0AAAQAQ,1,-0.005999999999999339
288,C81065,Zonisamide_Cap 100mg,0408010ADAAAAAA,3,-0.006299999999999306
474,C81058,Atorvastatin_Tab 20mg,0212000B0AAABAB,3,-0.008999999999999633
526,Y01897,Prednisolone_Tab Solb 5mg,0603020T0AABHBH,2,-0.009599999999998943
525,C81063,Prednisolone_Tab Solb 5mg,0603020T0AABHBH,2,-0.009599999999998943
213,C81662,Paracet_Tab 500mg,0407010H0AAAMAM,2,-0.011199999999999932
210,C81076,Paracet_Tab 500mg,0407010H0AAAMAM,2,-0.011199999999999932
211,C81662,Paracet_Tab 500mg,0407010H0AAAMAM,2,-0.011199999999999932
212,C81076,Paracet_Tab 500mg,0407010H0AAAMAM,2,-0.011199999999999932
487,C81034,Paracet_Tab Solb 500mg,0407010H0AAAQAQ,2,-0.011999999999998678
488,C81003,Paracet_Tab Solb 500mg,0407010H0AAAQAQ,2,-0.011999999999998678
489,C81034,Paracet_Tab Solb 500mg,0407010H0AAAQAQ,2,-0.011999999999998678
490,C81003,Paracet_Tab Solb 500mg,0407010H0AAAQAQ,2,-0.011999999999998678
491,C81012,Paracet_Tab Solb 500mg,0407010H0AAAQAQ,3,-0.017999999999998018
492,C81012,Paracet_Tab Solb 500mg,0407010H0AAAQAQ,3,-0.017999999999998018
527,Y04995,Prednisolone_Tab Solb 5mg,0603020T0AABHBH,4,-0.019199999999997885
214,C81044,Paracet_Tab 500mg,0407010H0AAAMAM,4,-0.022399999999999864
215,C81044,Paracet_Tab 500mg,0407010H0AAAMAM,4,-0.022399999999999864
216,C81611,Paracet_Tab 500mg,0407010H0AAAMAM,4,-0.022399999999999864
217,C81611,Paracet_Tab 500mg,0407010H0AAAMAM,4,-0.022399999999999864
219,C81003,Paracet_Tab 500mg,0407010H0AAAMAM,5,-0.02799999999999983
218,C81003,Paracet_Tab 500mg,0407010H0AAAMAM,5,-0.02799999999999983
493,Y04995,Paracet_Tab Solb 500mg,0407010H0AAAQAQ,5,-0.029999999999996696
494,Y04995,Paracet_Tab Solb 500mg,0407010H0AAAQAQ,5,-0.029999999999996696
221,C81091,Paracet_Tab 500mg,0407010H0AAAMAM,27,-0.03239999999999999
220,C81091,Paracet_Tab 500mg,0407010H0AAAMAM,27,-0.03239999999999999
226,C81013,Paracet_Tab 500mg,0407010H0AAAMAM,6,-0.0335999999999998
227,C81649,Paracet_Tab 500mg,0407010H0AAAMAM,6,-0.0335999999999998
225,C81649,Paracet_Tab 500mg,0407010H0AAAMAM,6,-0.0335999999999998
224,C81065,Paracet_Tab 500mg,0407010H0AAAMAM,6,-0.0335999999999998
223,C81065,Paracet_Tab 500mg,0407010H0AAAMAM,6,-0.0335999999999998
222,C81013,Paracet_Tab 500mg,0407010H0AAAMAM,6,-0.0335999999999998
228,C81082,Paracet_Tab 500mg,0407010H0AAAMAM,7,-0.03919999999999976
229,C81082,Paracet_Tab 500mg,0407010H0AAAMAM,7,-0.03919999999999976
230,C81092,Paracet_Tab 500mg,0407010H0AAAMAM,8,-0.04479999999999973
231,C81092,Paracet_Tab 500mg,0407010H0AAAMAM,8,-0.04479999999999973
232,C81067,Paracet_Tab 500mg,0407010H0AAAMAM,11,-0.06159999999999963
233,C81016,Paracet_Tab 500mg,0407010H0AAAMAM,11,-0.06159999999999963
234,C81015,Paracet_Tab 500mg,0407010H0AAAMAM,11,-0.06159999999999963
235,C81016,Paracet_Tab 500mg,0407010H0AAAMAM,11,-0.06159999999999963
236,C81067,Paracet_Tab 500mg,0407010H0AAAMAM,11,-0.06159999999999963
237,C81015,Paracet_Tab 500mg,0407010H0AAAMAM,11,-0.06159999999999963
239,C81025,Paracet_Tab 500mg,0407010H0AAAMAM,15,-0.08399999999999949
238,C81025,Paracet_Tab 500mg,0407010H0AAAMAM,15,-0.08399999999999949
241,C81034,Paracet_Tab 500mg,0407010H0AAAMAM,18,-0.10079999999999939
240,C81034,Paracet_Tab 500mg,0407010H0AAAMAM,18,-0.10079999999999939
242,C81058,Paracet_Tab 500mg,0407010H0AAAMAM,20,-0.11199999999999932
243,C81058,Paracet_Tab 500mg,0407010H0AAAMAM,20,-0.11199999999999932
244,C81084,Paracet_Tab 500mg,0407010H0AAAMAM,28,-0.15679999999999905
245,C81084,Paracet_Tab 500mg,0407010H0AAAMAM,28,-0.15679999999999905
247,C81074,Paracet_Tab 500mg,0407010H0AAAMAM,29,-0.16239999999999902
246,C81074,Paracet_Tab 500mg,0407010H0AAAMAM,29,-0.16239999999999902
249,C81028,Paracet_Tab 500mg,0407010H0AAAMAM,40,-0.22399999999999864
248,C81028,Paracet_Tab 500mg,0407010H0AAAMAM,40,-0.22399999999999864
251,C81030,Paracet_Tab 500mg,0407010H0AAAMAM,47,-0.26319999999999844
250,C81030,Paracet_Tab 500mg,0407010H0AAAMAM,47,-0.26319999999999844
252,C81101,Paracet_Tab 500mg,0407010H0AAAMAM,48,-0.2687999999999984
253,C81101,Paracet_Tab 500mg,0407010H0AAAMAM,48,-0.2687999999999984
254,C81041,Paracet_Tab 500mg,0407010H0AAAMAM,51,-0.2855999999999983
255,C81041,Paracet_Tab 500mg,0407010H0AAAMAM,51,-0.2855999999999983
257,C81002,Paracet_Tab 500mg,0407010H0AAAMAM,126,-0.7055999999999958
256,C81002,Paracet_Tab 500mg,0407010H0AAAMAM,126,-0.7055999999999958
259,C81089,Paracet_Tab 500mg,0407010H0AAAMAM,22,-1.3199999999999996
258,C81089,Paracet_Tab 500mg,0407010H0AAAMAM,22,-1.3199999999999996
261,C81662,Paracet_Tab 500mg,0407010H0AAAMAM,1,-1.92
260,C81662,Paracet_Tab 500mg,0407010H0AAAMAM,1,-1.92
