,practice_code,bnf_description,bnf_code,items,excess_cost
0,F85025,Mesalazine_Tab E/C 800mg,0105010B0AAASAS,16,91.83999999999997
1,F85053,Mesalazine_Tab E/C 800mg,0105010B0AAASAS,1,68.87999999999998
2,Y03402,Mesalazine_Tab E/C 800mg,0105010B0AAASAS,1,34.43999999999999
5,F85642,Risperidone_Tab 6mg,040201030AAAFAF,4,29.232
6,F85033,Risperidone_Tab 6mg,040201030AAAFAF,1,29.2096
7,F85682,Risperidone_Tab 6mg,040201030AAAFAF,1,29.2096
8,F85002,Risperidone_Tab 6mg,040201030AAAFAF,1,29.2096
9,F85700,Risperidone_Tab 6mg,040201030AAAFAF,1,29.2096
10,F85650,Risperidone_Tab 6mg,040201030AAAFAF,1,29.2096
11,F85020,Risperidone_Tab 6mg,040201030AAAFAF,1,29.2096
12,F85703,Risperidone_Tab 6mg,040201030AAAFAF,1,29.2096
150,F85033,Gemfibrozil_Tab 600mg,0212000Q0AAABAB,1,24.336
3,F85025,Mesalazine_Tab E/C 800mg,0105010B0AAASAS,2,22.959999999999994
4,F85700,Mesalazine_Tab E/C 800mg,0105010B0AAASAS,1,17.219999999999995
256,F85025,Vancomycin HCl_Cap 250mg,0501070U0AAABAB,1,12.59999999999998
234,F85004,Tetrabenazine_Tab 25mg,0409030C0AAAAAA,1,8.996399999999989
242,Y00612,Atorvastatin_Tab 60mg,0212000B0AAAPAP,4,8.870400000000018
152,F85033,Gemfibrozil_Tab 600mg,0212000Q0AAABAB,1,7.571199999999999
151,F85004,Gemfibrozil_Tab 600mg,0212000Q0AAABAB,1,7.571199999999999
257,F85025,Vancomycin HCl_Cap 250mg,0501070U0AAABAB,1,6.29999999999999
236,F85634,Tetrabenazine_Tab 25mg,0409030C0AAAAAA,1,5.997599999999992
235,F85029,Tetrabenazine_Tab 25mg,0409030C0AAAAAA,1,5.997599999999992
205,F85020,Pyridox HCl_Tab 50mg,0906024N0AAAIAI,1,5.745600000000001
13,F85027,Clonazepam_Tab 500mcg,0408010F0AAABAB,2,5.06239999999999
237,Y03402,Tetrabenazine_Tab 25mg,0409030C0AAAAAA,4,4.997999999999994
243,F85029,Atorvastatin_Tab 60mg,0212000B0AAAPAP,2,4.435200000000009
14,F85076,Clonazepam_Tab 500mcg,0408010F0AAABAB,14,4.429599999999991
238,F85002,Tetrabenazine_Tab 25mg,0409030C0AAAAAA,4,3.998399999999995
206,F85029,Pyridox HCl_Tab 50mg,0906024N0AAAIAI,1,3.830400000000001
15,Y03402,Clonazepam_Tab 500mcg,0408010F0AAABAB,3,3.389999999999993
244,Y00612,Atorvastatin_Tab 60mg,0212000B0AAAPAP,1,3.3264000000000067
16,F85033,Clonazepam_Tab 500mcg,0408010F0AAABAB,5,3.1639999999999935
239,F85654,Tetrabenazine_Tab 25mg,0409030C0AAAAAA,1,2.998799999999996
207,F85004,Pyridox HCl_Tab 50mg,0906024N0AAAIAI,1,2.8728000000000007
18,F85676,Clonazepam_Tab 500mcg,0408010F0AAABAB,2,2.531199999999995
19,Y03402,Clonazepam_Tab 500mcg,0408010F0AAABAB,1,2.531199999999995
20,F85044,Clonazepam_Tab 500mcg,0408010F0AAABAB,4,2.531199999999995
21,F85016,Clonazepam_Tab 500mcg,0408010F0AAABAB,2,2.531199999999995
17,F85025,Clonazepam_Tab 500mcg,0408010F0AAABAB,4,2.531199999999995
240,F85687,Tetrabenazine_Tab 25mg,0409030C0AAAAAA,1,2.4207999999999976
22,F85035,Clonazepam_Tab 500mcg,0408010F0AAABAB,2,2.2599999999999953
23,F85016,Clonazepam_Tab 500mcg,0408010F0AAABAB,2,2.2599999999999953
246,F85032,Atorvastatin_Tab 60mg,0212000B0AAAPAP,1,2.2176000000000045
247,F85035,Atorvastatin_Tab 60mg,0212000B0AAAPAP,1,2.2176000000000045
248,F85634,Atorvastatin_Tab 60mg,0212000B0AAAPAP,1,2.2176000000000045
249,F85684,Atorvastatin_Tab 60mg,0212000B0AAAPAP,1,2.2176000000000045
245,F85027,Atorvastatin_Tab 60mg,0212000B0AAAPAP,2,2.2176000000000045
153,F85033,Amiodarone HCl_Tab 200mg,0203020D0AAABAB,6,2.100000000000002
24,F85020,Clonazepam_Tab 500mcg,0408010F0AAABAB,1,2.033999999999996
210,F85686,Pyridox HCl_Tab 50mg,0906024N0AAAIAI,1,1.9152000000000005
208,F85002,Pyridox HCl_Tab 50mg,0906024N0AAAIAI,1,1.9152000000000005
209,F85652,Pyridox HCl_Tab 50mg,0906024N0AAAIAI,1,1.9152000000000005
25,F85027,Clonazepam_Tab 500mcg,0408010F0AAABAB,3,1.898399999999996
27,F85076,Clonazepam_Tab 500mcg,0408010F0AAABAB,1,1.898399999999996
28,F85681,Clonazepam_Tab 500mcg,0408010F0AAABAB,1,1.898399999999996
29,F85642,Clonazepam_Tab 500mcg,0408010F0AAABAB,3,1.898399999999996
30,F85029,Clonazepam_Tab 500mcg,0408010F0AAABAB,1,1.898399999999996
26,Y03402,Clonazepam_Tab 500mcg,0408010F0AAABAB,2,1.898399999999996
31,F85004,Clonazepam_Tab 500mcg,0408010F0AAABAB,1,1.6949999999999965
32,F85003,Clonazepam_Tab 500mcg,0408010F0AAABAB,1,1.6949999999999965
33,F85004,Clonazepam_Tab 500mcg,0408010F0AAABAB,5,1.5819999999999967
258,F85033,Methocarbamol_Tab 750mg,1002020S0AAABAB,8,1.478400000000005
259,F85027,Methocarbamol_Tab 750mg,1002020S0AAABAB,2,1.4447999999999994
213,F85033,Pyridox HCl_Tab 50mg,0906024N0AAAIAI,4,1.4364000000000003
212,F85682,Pyridox HCl_Tab 50mg,0906024N0AAAIAI,1,1.4364000000000003
211,F85686,Pyridox HCl_Tab 50mg,0906024N0AAAIAI,4,1.4364000000000003
34,F85687,Clonazepam_Tab 500mcg,0408010F0AAABAB,6,1.423799999999997
154,Y00612,Amiodarone HCl_Tab 200mg,0203020D0AAABAB,2,1.4000000000000012
155,F85035,Amiodarone HCl_Tab 200mg,0203020D0AAABAB,2,1.4000000000000012
160,F85016,Amiodarone HCl_Tab 200mg,0203020D0AAABAB,2,1.4000000000000012
161,F85076,Amiodarone HCl_Tab 200mg,0203020D0AAABAB,4,1.4000000000000012
162,F85036,Amiodarone HCl_Tab 200mg,0203020D0AAABAB,2,1.4000000000000012
157,F85663,Amiodarone HCl_Tab 200mg,0203020D0AAABAB,2,1.4000000000000012
156,F85029,Amiodarone HCl_Tab 200mg,0203020D0AAABAB,2,1.4000000000000012
159,Y00057,Amiodarone HCl_Tab 200mg,0203020D0AAABAB,2,1.4000000000000012
158,F85701,Amiodarone HCl_Tab 200mg,0203020D0AAABAB,2,1.4000000000000012
39,F85035,Clonazepam_Tab 500mcg,0408010F0AAABAB,2,1.3559999999999972
38,F85076,Clonazepam_Tab 500mcg,0408010F0AAABAB,2,1.3559999999999972
36,F85033,Clonazepam_Tab 500mcg,0408010F0AAABAB,2,1.3559999999999972
35,F85027,Clonazepam_Tab 500mcg,0408010F0AAABAB,1,1.3559999999999972
37,F85663,Clonazepam_Tab 500mcg,0408010F0AAABAB,2,1.3559999999999972
260,F85076,Methocarbamol_Tab 750mg,1002020S0AAABAB,3,1.2899999999999996
49,F85004,Clonazepam_Tab 500mcg,0408010F0AAABAB,1,1.2655999999999974
43,F85642,Clonazepam_Tab 500mcg,0408010F0AAABAB,1,1.2655999999999974
55,F85703,Clonazepam_Tab 500mcg,0408010F0AAABAB,2,1.2655999999999974
54,F85076,Clonazepam_Tab 500mcg,0408010F0AAABAB,2,1.2655999999999974
53,F85002,Clonazepam_Tab 500mcg,0408010F0AAABAB,1,1.2655999999999974
50,Y03402,Clonazepam_Tab 500mcg,0408010F0AAABAB,1,1.2655999999999974
40,F85024,Clonazepam_Tab 500mcg,0408010F0AAABAB,2,1.2655999999999974
41,F85029,Clonazepam_Tab 500mcg,0408010F0AAABAB,2,1.2655999999999974
42,F85025,Clonazepam_Tab 500mcg,0408010F0AAABAB,1,1.2655999999999974
52,F85020,Clonazepam_Tab 500mcg,0408010F0AAABAB,1,1.2655999999999974
44,F85703,Clonazepam_Tab 500mcg,0408010F0AAABAB,8,1.2655999999999974
51,F85036,Clonazepam_Tab 500mcg,0408010F0AAABAB,2,1.2655999999999974
46,F85625,Clonazepam_Tab 500mcg,0408010F0AAABAB,1,1.2655999999999974
47,F85058,Clonazepam_Tab 500mcg,0408010F0AAABAB,4,1.2655999999999974
48,F85663,Clonazepam_Tab 500mcg,0408010F0AAABAB,1,1.2655999999999974
45,F85027,Clonazepam_Tab 500mcg,0408010F0AAABAB,4,1.2655999999999974
57,F85701,Clonazepam_Tab 500mcg,0408010F0AAABAB,2,1.1399999999999966
56,F85033,Clonazepam_Tab 500mcg,0408010F0AAABAB,2,1.1399999999999966
59,F85701,Clonazepam_Tab 500mcg,0408010F0AAABAB,1,1.1299999999999977
58,F85025,Clonazepam_Tab 500mcg,0408010F0AAABAB,1,1.1299999999999977
61,F85666,Clonazepam_Tab 500mcg,0408010F0AAABAB,1,1.1299999999999977
60,F85004,Clonazepam_Tab 500mcg,0408010F0AAABAB,1,1.1299999999999977
254,F85687,Atorvastatin_Tab 60mg,0212000B0AAAPAP,1,1.1088000000000022
253,F85684,Atorvastatin_Tab 60mg,0212000B0AAAPAP,4,1.1088000000000022
251,Y00612,Atorvastatin_Tab 60mg,0212000B0AAAPAP,4,1.1088000000000022
250,F85032,Atorvastatin_Tab 60mg,0212000B0AAAPAP,1,1.1088000000000022
252,F85076,Atorvastatin_Tab 60mg,0212000B0AAAPAP,1,1.1088000000000022
255,F85055,Atorvastatin_Tab 60mg,0212000B0AAAPAP,1,1.1088000000000022
164,F85700,Amiodarone HCl_Tab 200mg,0203020D0AAABAB,3,1.050000000000001
165,F85036,Amiodarone HCl_Tab 200mg,0203020D0AAABAB,1,1.050000000000001
163,F85687,Amiodarone HCl_Tab 200mg,0203020D0AAABAB,3,1.050000000000001
261,F85023,Methocarbamol_Tab 750mg,1002020S0AAABAB,1,1.0319999999999996
214,F85023,Pyridox HCl_Tab 50mg,0906024N0AAAIAI,1,1.0260000000000002
223,F85039,Pyridox HCl_Tab 50mg,0906024N0AAAIAI,8,0.9576000000000002
222,F85687,Pyridox HCl_Tab 50mg,0906024N0AAAIAI,1,0.9576000000000002
221,F85033,Pyridox HCl_Tab 50mg,0906024N0AAAIAI,1,0.9576000000000002
220,F85686,Pyridox HCl_Tab 50mg,0906024N0AAAIAI,1,0.9576000000000002
218,Y00612,Pyridox HCl_Tab 50mg,0906024N0AAAIAI,1,0.9576000000000002
217,F85634,Pyridox HCl_Tab 50mg,0906024N0AAAIAI,1,0.9576000000000002
216,F85003,Pyridox HCl_Tab 50mg,0906024N0AAAIAI,1,0.9576000000000002
215,F85020,Pyridox HCl_Tab 50mg,0906024N0AAAIAI,1,0.9576000000000002
219,F85048,Pyridox HCl_Tab 50mg,0906024N0AAAIAI,1,0.9576000000000002
67,F85033,Clonazepam_Tab 500mcg,0408010F0AAABAB,4,0.949199999999998
73,F85002,Clonazepam_Tab 500mcg,0408010F0AAABAB,1,0.949199999999998
68,F85684,Clonazepam_Tab 500mcg,0408010F0AAABAB,4,0.949199999999998
69,F85642,Clonazepam_Tab 500mcg,0408010F0AAABAB,1,0.949199999999998
70,F85016,Clonazepam_Tab 500mcg,0408010F0AAABAB,1,0.949199999999998
71,Y00612,Clonazepam_Tab 500mcg,0408010F0AAABAB,4,0.949199999999998
72,F85700,Clonazepam_Tab 500mcg,0408010F0AAABAB,4,0.949199999999998
62,F85033,Clonazepam_Tab 500mcg,0408010F0AAABAB,3,0.949199999999998
66,F85654,Clonazepam_Tab 500mcg,0408010F0AAABAB,1,0.949199999999998
65,F85058,Clonazepam_Tab 500mcg,0408010F0AAABAB,6,0.949199999999998
64,F85033,Clonazepam_Tab 500mcg,0408010F0AAABAB,1,0.949199999999998
63,F85004,Clonazepam_Tab 500mcg,0408010F0AAABAB,4,0.949199999999998
264,F85032,Methocarbamol_Tab 750mg,1002020S0AAABAB,1,0.8599999999999997
263,F85684,Methocarbamol_Tab 750mg,1002020S0AAABAB,1,0.8599999999999997
262,F85010,Methocarbamol_Tab 750mg,1002020S0AAABAB,2,0.8599999999999997
224,F85076,Pyridox HCl_Tab 50mg,0906024N0AAAIAI,7,0.8379000000000002
74,F85625,Clonazepam_Tab 500mcg,0408010F0AAABAB,5,0.7909999999999984
166,F85663,Amiodarone HCl_Tab 200mg,0203020D0AAABAB,9,0.7623
167,F85029,Amiodarone HCl_Tab 200mg,0203020D0AAABAB,1,0.7500000000000007
265,F85678,Methocarbamol_Tab 750mg,1002020S0AAABAB,1,0.7223999999999997
266,F85076,Methocarbamol_Tab 750mg,1002020S0AAABAB,1,0.7223999999999997
75,F85682,Clonazepam_Tab 500mcg,0408010F0AAABAB,1,0.7118999999999985
182,F85053,Amiodarone HCl_Tab 200mg,0203020D0AAABAB,1,0.7000000000000006
171,F85016,Amiodarone HCl_Tab 200mg,0203020D0AAABAB,2,0.7000000000000006
168,F85015,Amiodarone HCl_Tab 200mg,0203020D0AAABAB,1,0.7000000000000006
169,F85666,Amiodarone HCl_Tab 200mg,0203020D0AAABAB,1,0.7000000000000006
170,F85035,Amiodarone HCl_Tab 200mg,0203020D0AAABAB,2,0.7000000000000006
172,F85048,Amiodarone HCl_Tab 200mg,0203020D0AAABAB,1,0.7000000000000006
173,F85642,Amiodarone HCl_Tab 200mg,0203020D0AAABAB,1,0.7000000000000006
174,F85676,Amiodarone HCl_Tab 200mg,0203020D0AAABAB,2,0.7000000000000006
176,F85044,Amiodarone HCl_Tab 200mg,0203020D0AAABAB,1,0.7000000000000006
177,F85025,Amiodarone HCl_Tab 200mg,0203020D0AAABAB,2,0.7000000000000006
178,F85055,Amiodarone HCl_Tab 200mg,0203020D0AAABAB,1,0.7000000000000006
179,F85072,Amiodarone HCl_Tab 200mg,0203020D0AAABAB,1,0.7000000000000006
180,F85032,Amiodarone HCl_Tab 200mg,0203020D0AAABAB,1,0.7000000000000006
181,F85058,Amiodarone HCl_Tab 200mg,0203020D0AAABAB,2,0.7000000000000006
175,F85020,Amiodarone HCl_Tab 200mg,0203020D0AAABAB,1,0.7000000000000006
78,F85650,Clonazepam_Tab 500mcg,0408010F0AAABAB,1,0.6779999999999986
83,F85625,Clonazepam_Tab 500mcg,0408010F0AAABAB,1,0.6779999999999986
76,F85027,Clonazepam_Tab 500mcg,0408010F0AAABAB,1,0.6779999999999986
77,F85666,Clonazepam_Tab 500mcg,0408010F0AAABAB,1,0.6779999999999986
81,F85004,Clonazepam_Tab 500mcg,0408010F0AAABAB,1,0.6779999999999986
82,F85700,Clonazepam_Tab 500mcg,0408010F0AAABAB,1,0.6779999999999986
79,F85027,Clonazepam_Tab 500mcg,0408010F0AAABAB,2,0.6779999999999986
80,F85681,Clonazepam_Tab 500mcg,0408010F0AAABAB,1,0.6779999999999986
183,F85025,Amiodarone HCl_Tab 200mg,0203020D0AAABAB,8,0.6776
185,F85033,Amiodarone HCl_Tab 200mg,0203020D0AAABAB,8,0.6776
184,F85058,Amiodarone HCl_Tab 200mg,0203020D0AAABAB,8,0.6776
89,F85654,Clonazepam_Tab 500mcg,0408010F0AAABAB,4,0.6327999999999987
86,F85682,Clonazepam_Tab 500mcg,0408010F0AAABAB,1,0.6327999999999987
85,F85003,Clonazepam_Tab 500mcg,0408010F0AAABAB,4,0.6327999999999987
107,F85003,Clonazepam_Tab 500mcg,0408010F0AAABAB,1,0.6327999999999987
106,F85004,Clonazepam_Tab 500mcg,0408010F0AAABAB,1,0.6327999999999987
105,F85687,Clonazepam_Tab 500mcg,0408010F0AAABAB,2,0.6327999999999987
104,F85055,Clonazepam_Tab 500mcg,0408010F0AAABAB,4,0.6327999999999987
103,F85035,Clonazepam_Tab 500mcg,0408010F0AAABAB,1,0.6327999999999987
102,F85023,Clonazepam_Tab 500mcg,0408010F0AAABAB,4,0.6327999999999987
90,F85023,Clonazepam_Tab 500mcg,0408010F0AAABAB,2,0.6327999999999987
100,F85039,Clonazepam_Tab 500mcg,0408010F0AAABAB,1,0.6327999999999987
99,F85663,Clonazepam_Tab 500mcg,0408010F0AAABAB,1,0.6327999999999987
84,F85035,Clonazepam_Tab 500mcg,0408010F0AAABAB,2,0.6327999999999987
101,F85701,Clonazepam_Tab 500mcg,0408010F0AAABAB,1,0.6327999999999987
87,F85687,Clonazepam_Tab 500mcg,0408010F0AAABAB,1,0.6327999999999987
88,F85652,Clonazepam_Tab 500mcg,0408010F0AAABAB,2,0.6327999999999987
98,F85625,Clonazepam_Tab 500mcg,0408010F0AAABAB,1,0.6327999999999987
97,F85681,Clonazepam_Tab 500mcg,0408010F0AAABAB,8,0.6327999999999987
96,F85072,Clonazepam_Tab 500mcg,0408010F0AAABAB,1,0.6327999999999987
95,F85642,Clonazepam_Tab 500mcg,0408010F0AAABAB,4,0.6327999999999987
94,F85058,Clonazepam_Tab 500mcg,0408010F0AAABAB,1,0.6327999999999987
93,F85678,Clonazepam_Tab 500mcg,0408010F0AAABAB,2,0.6327999999999987
92,F85002,Clonazepam_Tab 500mcg,0408010F0AAABAB,1,0.6327999999999987
91,F85701,Clonazepam_Tab 500mcg,0408010F0AAABAB,4,0.6327999999999987
108,F85033,Clonazepam_Tab 500mcg,0408010F0AAABAB,1,0.5927999999999982
186,F85076,Amiodarone HCl_Tab 200mg,0203020D0AAABAB,6,0.5082
241,F85033,Tetrabenazine_Tab 25mg,0409030C0AAAAAA,1,0.49979999999999936
226,F85036,Pyridox HCl_Tab 50mg,0906024N0AAAIAI,1,0.4788000000000001
227,F85043,Pyridox HCl_Tab 50mg,0906024N0AAAIAI,4,0.4788000000000001
228,F85029,Pyridox HCl_Tab 50mg,0906024N0AAAIAI,4,0.4788000000000001
229,F85027,Pyridox HCl_Tab 50mg,0906024N0AAAIAI,1,0.4788000000000001
230,F85048,Pyridox HCl_Tab 50mg,0906024N0AAAIAI,1,0.4788000000000001
231,F85025,Pyridox HCl_Tab 50mg,0906024N0AAAIAI,1,0.4788000000000001
232,F85687,Pyridox HCl_Tab 50mg,0906024N0AAAIAI,1,0.4788000000000001
225,Y00612,Pyridox HCl_Tab 50mg,0906024N0AAAIAI,1,0.4788000000000001
110,F85625,Clonazepam_Tab 500mcg,0408010F0AAABAB,1,0.474599999999999
109,F85055,Clonazepam_Tab 500mcg,0408010F0AAABAB,1,0.474599999999999
111,F85032,Clonazepam_Tab 500mcg,0408010F0AAABAB,1,0.474599999999999
112,F85682,Clonazepam_Tab 500mcg,0408010F0AAABAB,3,0.474599999999999
113,F85033,Clonazepam_Tab 500mcg,0408010F0AAABAB,1,0.45199999999999907
269,F85004,Methocarbamol_Tab 750mg,1002020S0AAABAB,1,0.4299999999999998
268,F85003,Methocarbamol_Tab 750mg,1002020S0AAABAB,1,0.4299999999999998
267,F85032,Methocarbamol_Tab 750mg,1002020S0AAABAB,1,0.4299999999999998
114,F85016,Clonazepam_Tab 500mcg,0408010F0AAABAB,5,0.3954999999999992
187,F85687,Amiodarone HCl_Tab 200mg,0203020D0AAABAB,1,0.37200000000000066
270,F85027,Methocarbamol_Tab 750mg,1002020S0AAABAB,1,0.36960000000000126
194,F85072,Amiodarone HCl_Tab 200mg,0203020D0AAABAB,1,0.3500000000000003
193,F85002,Amiodarone HCl_Tab 200mg,0203020D0AAABAB,1,0.3500000000000003
191,F85678,Amiodarone HCl_Tab 200mg,0203020D0AAABAB,1,0.3500000000000003
190,F85055,Amiodarone HCl_Tab 200mg,0203020D0AAABAB,1,0.3500000000000003
189,F85650,Amiodarone HCl_Tab 200mg,0203020D0AAABAB,1,0.3500000000000003
188,F85004,Amiodarone HCl_Tab 200mg,0203020D0AAABAB,1,0.3500000000000003
195,F85625,Amiodarone HCl_Tab 200mg,0203020D0AAABAB,1,0.3500000000000003
192,Y03402,Amiodarone HCl_Tab 200mg,0203020D0AAABAB,1,0.3500000000000003
119,F85029,Clonazepam_Tab 500mcg,0408010F0AAABAB,1,0.3389999999999993
118,F85076,Clonazepam_Tab 500mcg,0408010F0AAABAB,1,0.3389999999999993
117,F85676,Clonazepam_Tab 500mcg,0408010F0AAABAB,1,0.3389999999999993
116,F85055,Clonazepam_Tab 500mcg,0408010F0AAABAB,1,0.3389999999999993
115,F85642,Clonazepam_Tab 500mcg,0408010F0AAABAB,1,0.3389999999999993
120,F85700,Clonazepam_Tab 500mcg,0408010F0AAABAB,1,0.3389999999999993
202,F85002,Amiodarone HCl_Tab 200mg,0203020D0AAABAB,4,0.3388
196,F85027,Amiodarone HCl_Tab 200mg,0203020D0AAABAB,4,0.3388
197,F85010,Amiodarone HCl_Tab 200mg,0203020D0AAABAB,4,0.3388
198,F85707,Amiodarone HCl_Tab 200mg,0203020D0AAABAB,4,0.3388
199,F85048,Amiodarone HCl_Tab 200mg,0203020D0AAABAB,4,0.3388
200,F85004,Amiodarone HCl_Tab 200mg,0203020D0AAABAB,4,0.3388
201,F85701,Amiodarone HCl_Tab 200mg,0203020D0AAABAB,4,0.3388
203,F85003,Amiodarone HCl_Tab 200mg,0203020D0AAABAB,4,0.3388
140,F85002,Clonazepam_Tab 500mcg,0408010F0AAABAB,2,0.31639999999999935
131,F85033,Clonazepam_Tab 500mcg,0408010F0AAABAB,2,0.31639999999999935
130,F85625,Clonazepam_Tab 500mcg,0408010F0AAABAB,1,0.31639999999999935
132,F85703,Clonazepam_Tab 500mcg,0408010F0AAABAB,1,0.31639999999999935
133,F85010,Clonazepam_Tab 500mcg,0408010F0AAABAB,1,0.31639999999999935
134,F85044,Clonazepam_Tab 500mcg,0408010F0AAABAB,1,0.31639999999999935
135,F85055,Clonazepam_Tab 500mcg,0408010F0AAABAB,4,0.31639999999999935
136,F85024,Clonazepam_Tab 500mcg,0408010F0AAABAB,1,0.31639999999999935
137,F85058,Clonazepam_Tab 500mcg,0408010F0AAABAB,4,0.31639999999999935
138,F85048,Clonazepam_Tab 500mcg,0408010F0AAABAB,1,0.31639999999999935
139,F85642,Clonazepam_Tab 500mcg,0408010F0AAABAB,4,0.31639999999999935
141,F85016,Clonazepam_Tab 500mcg,0408010F0AAABAB,1,0.31639999999999935
128,Y00612,Clonazepam_Tab 500mcg,0408010F0AAABAB,1,0.31639999999999935
127,F85666,Clonazepam_Tab 500mcg,0408010F0AAABAB,1,0.31639999999999935
126,F85010,Clonazepam_Tab 500mcg,0408010F0AAABAB,4,0.31639999999999935
125,F85666,Clonazepam_Tab 500mcg,0408010F0AAABAB,4,0.31639999999999935
124,F85003,Clonazepam_Tab 500mcg,0408010F0AAABAB,4,0.31639999999999935
123,F85701,Clonazepam_Tab 500mcg,0408010F0AAABAB,1,0.31639999999999935
122,F85666,Clonazepam_Tab 500mcg,0408010F0AAABAB,2,0.31639999999999935
121,F85663,Clonazepam_Tab 500mcg,0408010F0AAABAB,1,0.31639999999999935
129,F85703,Clonazepam_Tab 500mcg,0408010F0AAABAB,4,0.31639999999999935
233,F85072,Pyridox HCl_Tab 50mg,0906024N0AAAIAI,4,0.2624000000000013
204,F85676,Amiodarone HCl_Tab 200mg,0203020D0AAABAB,3,0.2541
271,F85076,Methocarbamol_Tab 750mg,1002020S0AAABAB,1,0.2407999999999999
142,F85003,Clonazepam_Tab 500mcg,0408010F0AAABAB,1,0.2372999999999995
272,F85686,Methocarbamol_Tab 750mg,1002020S0AAABAB,4,0.22960000000000114
273,F85004,Methocarbamol_Tab 750mg,1002020S0AAABAB,1,0.22000000000000075
274,F85684,Methocarbamol_Tab 750mg,1002020S0AAABAB,1,0.22000000000000075
275,F85029,Methocarbamol_Tab 750mg,1002020S0AAABAB,1,0.22000000000000075
276,F85663,Methocarbamol_Tab 750mg,1002020S0AAABAB,1,0.18480000000000063
143,F85625,Clonazepam_Tab 500mcg,0408010F0AAABAB,1,0.174
144,F85625,Clonazepam_Tab 500mcg,0408010F0AAABAB,4,0.16959999999999997
145,F85003,Clonazepam_Tab 500mcg,0408010F0AAABAB,4,0.16959999999999997
146,Y00612,Clonazepam_Tab 500mcg,0408010F0AAABAB,1,0.15819999999999967
147,F85076,Clonazepam_Tab 500mcg,0408010F0AAABAB,1,0.15819999999999967
277,F85004,Methocarbamol_Tab 750mg,1002020S0AAABAB,1,0.13200000000000045
278,F85023,Methocarbamol_Tab 750mg,1002020S0AAABAB,1,0.13200000000000045
279,F85029,Methocarbamol_Tab 750mg,1002020S0AAABAB,1,0.13200000000000045
148,F85684,Clonazepam_Tab 500mcg,0408010F0AAABAB,1,0.07909999999999984
149,Y05192,Clonazepam_Tab 500mcg,0408010F0AAABAB,1,0.07909999999999984
