,practice_code,bnf_description,bnf_code,items,excess_cost
41,E82060,Phenytoin_Sod Tab 100mg,0408010Q0AAAGAG,1,159.19679999999997
329,E82083,Hydroxycarbamide_Cap 500mg,0801050P0AAAAAA,2,147.72
42,E82077,Phenytoin_Sod Tab 100mg,0408010Q0AAAGAG,1,142.15999999999997
273,E82013,Risperidone_Tab 6mg,040201030AAAFAF,2,116.8384
296,E82013,Pregabalin_Cap 25mg,0408010AEAAAAAA,2,112.78399999999999
0,E82046,Mesalazine_Tab E/C 400mg,0105010B0AAAAAA,8,95.82719999999999
1,E82032,Mesalazine_Tab E/C 400mg,0105010B0AAAAAA,2,95.82719999999999
341,Y02638,Quetiapine_Tab 25mg,0402010ABAAABAB,8,91.8848
511,E82051,Mesalazine_Tab E/C 800mg,0105010B0AAASAS,1,73.79999999999998
509,E82017,Mesalazine_Tab E/C 800mg,0105010B0AAASAS,1,73.79999999999998
510,E82055,Mesalazine_Tab E/C 800mg,0105010B0AAASAS,1,73.79999999999998
2,E82032,Mesalazine_Tab E/C 400mg,0105010B0AAAAAA,1,59.89199999999999
274,E82031,Risperidone_Tab 6mg,040201030AAAFAF,8,58.464
297,E82013,Pregabalin_Cap 25mg,0408010AEAAAAAA,8,56.358399999999996
512,E82094,Mesalazine_Tab E/C 800mg,0105010B0AAASAS,1,51.65999999999999
3,E82644,Mesalazine_Tab E/C 400mg,0105010B0AAAAAA,1,51.33599999999999
4,E82046,Mesalazine_Tab E/C 400mg,0105010B0AAAAAA,1,51.33599999999999
5,E82001,Mesalazine_Tab E/C 400mg,0105010B0AAAAAA,3,47.93039999999999
6,E82124,Mesalazine_Tab E/C 400mg,0105010B0AAAAAA,1,47.913599999999995
10,E82091,Mesalazine_Tab E/C 400mg,0105010B0AAAAAA,1,47.913599999999995
8,E82028,Mesalazine_Tab E/C 400mg,0105010B0AAAAAA,1,47.913599999999995
7,E82078,Mesalazine_Tab E/C 400mg,0105010B0AAAAAA,2,47.913599999999995
9,E82055,Mesalazine_Tab E/C 400mg,0105010B0AAAAAA,1,47.913599999999995
342,Y02638,Quetiapine_Tab 25mg,0402010ABAAABAB,6,45.94799999999999
513,E82124,Mesalazine_Tab E/C 800mg,0105010B0AAASAS,1,45.91999999999999
277,E82083,Atorvastatin_Tab 20mg,0212000B0AAABAB,148,45.58400000000004
278,E82034,Atorvastatin_Tab 20mg,0212000B0AAABAB,80,45.24800000000002
279,E82083,Atorvastatin_Tab 20mg,0212000B0AAABAB,65,45.136
280,E82643,Atorvastatin_Tab 20mg,0212000B0AAABAB,16,45.068799999999996
43,E82071,Phenytoin_Sod Tab 100mg,0408010Q0AAAGAG,1,39.79919999999999
11,E82078,Mesalazine_Tab E/C 400mg,0105010B0AAAAAA,1,38.501999999999995
514,E82001,Mesalazine_Tab E/C 800mg,0105010B0AAASAS,1,36.89999999999999
515,E82028,Mesalazine_Tab E/C 800mg,0105010B0AAASAS,1,36.89999999999999
517,E82009,Mesalazine_Tab E/C 800mg,0105010B0AAASAS,1,34.43999999999999
516,E82068,Mesalazine_Tab E/C 800mg,0105010B0AAASAS,1,34.43999999999999
518,E82051,Mesalazine_Tab E/C 800mg,0105010B0AAASAS,1,34.43999999999999
12,E82051,Mesalazine_Tab E/C 400mg,0105010B0AAAAAA,1,34.224
13,E82078,Mesalazine_Tab E/C 400mg,0105010B0AAAAAA,1,31.942399999999996
14,E82037,Mesalazine_Tab E/C 400mg,0105010B0AAAAAA,1,31.942399999999996
275,Y01165,Risperidone_Tab 6mg,040201030AAAFAF,4,29.232
276,E82014,Risperidone_Tab 6mg,040201030AAAFAF,1,29.2096
15,E82022,Mesalazine_Tab E/C 400mg,0105010B0AAAAAA,1,25.667999999999996
16,E82113,Mesalazine_Tab E/C 400mg,0105010B0AAAAAA,4,23.973600000000005
17,E82084,Mesalazine_Tab E/C 400mg,0105010B0AAAAAA,1,23.956799999999998
19,E82085,Mesalazine_Tab E/C 400mg,0105010B0AAAAAA,1,23.956799999999998
18,E82064,Mesalazine_Tab E/C 400mg,0105010B0AAAAAA,1,23.956799999999998
519,E82037,Mesalazine_Tab E/C 800mg,0105010B0AAASAS,1,22.959999999999994
281,E82013,Atorvastatin_Tab 20mg,0212000B0AAABAB,292,22.892800000000033
520,E82022,Mesalazine_Tab E/C 800mg,0105010B0AAASAS,4,17.236800000000002
521,E82131,Mesalazine_Tab E/C 800mg,0105010B0AAASAS,1,17.219999999999995
20,E82124,Mesalazine_Tab E/C 400mg,0105010B0AAAAAA,1,17.099999999999998
21,E82066,Mesalazine_Tab E/C 400mg,0105010B0AAAAAA,1,15.971199999999998
22,E82085,Mesalazine_Tab E/C 400mg,0105010B0AAAAAA,8,11.9784
282,E82643,Atorvastatin_Tab 20mg,0212000B0AAABAB,4,11.2616
23,E82051,Mesalazine_Tab E/C 400mg,0105010B0AAAAAA,1,7.985599999999999
47,E82013,Clonazepam_Tab 500mcg,0408010F0AAABAB,10,7.671999999999994
48,E82117,Clonazepam_Tab 500mcg,0408010F0AAABAB,1,6.779999999999986
49,E82048,Clonazepam_Tab 500mcg,0408010F0AAABAB,1,5.06239999999999
50,E82124,Clonazepam_Tab 500mcg,0408010F0AAABAB,4,4.519999999999991
532,E82055,Amiodarone HCl_Tab 200mg,0203020D0AAABAB,6,4.200000000000004
24,E82043,Mesalazine_Tab E/C 400mg,0105010B0AAAAAA,1,3.9927999999999995
52,E82084,Clonazepam_Tab 500mcg,0408010F0AAABAB,2,3.796799999999992
53,E82043,Clonazepam_Tab 500mcg,0408010F0AAABAB,2,3.796799999999992
51,E82085,Clonazepam_Tab 500mcg,0408010F0AAABAB,1,3.796799999999992
54,E82124,Clonazepam_Tab 500mcg,0408010F0AAABAB,3,3.796799999999992
535,E82022,Amiodarone HCl_Tab 200mg,0203020D0AAABAB,5,3.500000000000003
533,E82059,Amiodarone HCl_Tab 200mg,0203020D0AAABAB,5,3.500000000000003
534,E82124,Amiodarone HCl_Tab 200mg,0203020D0AAABAB,5,3.500000000000003
55,E82013,Clonazepam_Tab 500mcg,0408010F0AAABAB,3,3.389999999999993
58,E82046,Clonazepam_Tab 500mcg,0408010F0AAABAB,8,3.1639999999999935
57,E82043,Clonazepam_Tab 500mcg,0408010F0AAABAB,5,3.1639999999999935
56,E82051,Clonazepam_Tab 500mcg,0408010F0AAABAB,5,3.1639999999999935
536,E82094,Amiodarone HCl_Tab 200mg,0203020D0AAABAB,3,3.150000000000003
537,E82085,Amiodarone HCl_Tab 200mg,0203020D0AAABAB,3,3.150000000000003
59,E82048,Clonazepam_Tab 500mcg,0408010F0AAABAB,1,2.990399999999997
60,E82131,Clonazepam_Tab 500mcg,0408010F0AAABAB,2,2.937999999999994
61,E82032,Clonazepam_Tab 500mcg,0408010F0AAABAB,6,2.847599999999994
539,E82001,Amiodarone HCl_Tab 200mg,0203020D0AAABAB,8,2.8000000000000025
542,E82051,Amiodarone HCl_Tab 200mg,0203020D0AAABAB,4,2.8000000000000025
541,E82043,Amiodarone HCl_Tab 200mg,0203020D0AAABAB,4,2.8000000000000025
540,E82078,Amiodarone HCl_Tab 200mg,0203020D0AAABAB,4,2.8000000000000025
538,E82071,Amiodarone HCl_Tab 200mg,0203020D0AAABAB,4,2.8000000000000025
63,E82091,Clonazepam_Tab 500mcg,0408010F0AAABAB,4,2.531199999999995
62,E82031,Clonazepam_Tab 500mcg,0408010F0AAABAB,1,2.531199999999995
65,E82032,Clonazepam_Tab 500mcg,0408010F0AAABAB,1,2.531199999999995
64,E82060,Clonazepam_Tab 500mcg,0408010F0AAABAB,2,2.531199999999995
70,E82071,Clonazepam_Tab 500mcg,0408010F0AAABAB,2,2.2599999999999953
69,E82098,Clonazepam_Tab 500mcg,0408010F0AAABAB,2,2.2599999999999953
68,E82091,Clonazepam_Tab 500mcg,0408010F0AAABAB,2,2.2599999999999953
67,E82031,Clonazepam_Tab 500mcg,0408010F0AAABAB,2,2.2599999999999953
66,E82073,Clonazepam_Tab 500mcg,0408010F0AAABAB,1,2.2599999999999953
71,E82091,Clonazepam_Tab 500mcg,0408010F0AAABAB,1,2.2599999999999953
550,E82085,Amiodarone HCl_Tab 200mg,0203020D0AAABAB,1,2.100000000000002
547,E82096,Amiodarone HCl_Tab 200mg,0203020D0AAABAB,3,2.100000000000002
543,E82657,Amiodarone HCl_Tab 200mg,0203020D0AAABAB,3,2.100000000000002
551,E82014,Amiodarone HCl_Tab 200mg,0203020D0AAABAB,3,2.100000000000002
545,E82091,Amiodarone HCl_Tab 200mg,0203020D0AAABAB,3,2.100000000000002
546,E82027,Amiodarone HCl_Tab 200mg,0203020D0AAABAB,2,2.100000000000002
544,E82022,Amiodarone HCl_Tab 200mg,0203020D0AAABAB,2,2.100000000000002
548,E82073,Amiodarone HCl_Tab 200mg,0203020D0AAABAB,3,2.100000000000002
549,E82046,Amiodarone HCl_Tab 200mg,0203020D0AAABAB,3,2.100000000000002
552,E82012,Amiodarone HCl_Tab 200mg,0203020D0AAABAB,3,2.100000000000002
72,E82055,Clonazepam_Tab 500mcg,0408010F0AAABAB,1,2.033999999999996
73,E82015,Clonazepam_Tab 500mcg,0408010F0AAABAB,1,2.033999999999996
74,E82656,Clonazepam_Tab 500mcg,0408010F0AAABAB,2,2.033999999999996
44,E82071,Phenytoin_Sod Tab 100mg,0408010Q0AAAGAG,4,1.967999999999999
78,E82020,Clonazepam_Tab 500mcg,0408010F0AAABAB,3,1.898399999999996
82,E82051,Clonazepam_Tab 500mcg,0408010F0AAABAB,1,1.898399999999996
75,E82012,Clonazepam_Tab 500mcg,0408010F0AAABAB,3,1.898399999999996
76,E82083,Clonazepam_Tab 500mcg,0408010F0AAABAB,3,1.898399999999996
77,E82012,Clonazepam_Tab 500mcg,0408010F0AAABAB,2,1.898399999999996
81,E82014,Clonazepam_Tab 500mcg,0408010F0AAABAB,3,1.898399999999996
79,E82051,Clonazepam_Tab 500mcg,0408010F0AAABAB,2,1.898399999999996
83,E82032,Clonazepam_Tab 500mcg,0408010F0AAABAB,2,1.898399999999996
84,E82117,Clonazepam_Tab 500mcg,0408010F0AAABAB,3,1.898399999999996
85,E82032,Clonazepam_Tab 500mcg,0408010F0AAABAB,1,1.898399999999996
86,E82068,Clonazepam_Tab 500mcg,0408010F0AAABAB,1,1.898399999999996
87,E82027,Clonazepam_Tab 500mcg,0408010F0AAABAB,2,1.898399999999996
88,E82031,Clonazepam_Tab 500mcg,0408010F0AAABAB,8,1.898399999999996
89,E82085,Clonazepam_Tab 500mcg,0408010F0AAABAB,4,1.898399999999996
90,E82124,Clonazepam_Tab 500mcg,0408010F0AAABAB,3,1.898399999999996
91,E82084,Clonazepam_Tab 500mcg,0408010F0AAABAB,3,1.898399999999996
92,Y02638,Clonazepam_Tab 500mcg,0408010F0AAABAB,1,1.898399999999996
93,E82060,Clonazepam_Tab 500mcg,0408010F0AAABAB,2,1.898399999999996
80,E82013,Clonazepam_Tab 500mcg,0408010F0AAABAB,1,1.898399999999996
554,E82655,Amiodarone HCl_Tab 200mg,0203020D0AAABAB,5,1.7500000000000016
553,E82013,Amiodarone HCl_Tab 200mg,0203020D0AAABAB,5,1.7500000000000016
94,E82013,Clonazepam_Tab 500mcg,0408010F0AAABAB,11,1.7401999999999964
95,E82085,Clonazepam_Tab 500mcg,0408010F0AAABAB,1,1.6949999999999965
96,E82085,Clonazepam_Tab 500mcg,0408010F0AAABAB,7,1.6610999999999967
100,E82051,Clonazepam_Tab 500mcg,0408010F0AAABAB,1,1.5819999999999967
99,E82656,Clonazepam_Tab 500mcg,0408010F0AAABAB,4,1.5819999999999967
98,E82068,Clonazepam_Tab 500mcg,0408010F0AAABAB,5,1.5819999999999967
101,E82098,Clonazepam_Tab 500mcg,0408010F0AAABAB,1,1.5819999999999967
97,E82012,Clonazepam_Tab 500mcg,0408010F0AAABAB,5,1.5819999999999967
555,E82001,Amiodarone HCl_Tab 200mg,0203020D0AAABAB,8,1.4336000000000007
102,E82009,Clonazepam_Tab 500mcg,0408010F0AAABAB,3,1.423799999999997
562,E82107,Amiodarone HCl_Tab 200mg,0203020D0AAABAB,2,1.4000000000000012
561,E82043,Amiodarone HCl_Tab 200mg,0203020D0AAABAB,1,1.4000000000000012
567,E82031,Amiodarone HCl_Tab 200mg,0203020D0AAABAB,2,1.4000000000000012
566,E82034,Amiodarone HCl_Tab 200mg,0203020D0AAABAB,2,1.4000000000000012
565,E82105,Amiodarone HCl_Tab 200mg,0203020D0AAABAB,2,1.4000000000000012
564,E82013,Amiodarone HCl_Tab 200mg,0203020D0AAABAB,2,1.4000000000000012
563,E82656,Amiodarone HCl_Tab 200mg,0203020D0AAABAB,2,1.4000000000000012
556,E82083,Amiodarone HCl_Tab 200mg,0203020D0AAABAB,2,1.4000000000000012
557,E82048,Amiodarone HCl_Tab 200mg,0203020D0AAABAB,2,1.4000000000000012
558,E82064,Amiodarone HCl_Tab 200mg,0203020D0AAABAB,2,1.4000000000000012
560,E82032,Amiodarone HCl_Tab 200mg,0203020D0AAABAB,2,1.4000000000000012
559,E82009,Amiodarone HCl_Tab 200mg,0203020D0AAABAB,2,1.4000000000000012
110,E82054,Clonazepam_Tab 500mcg,0408010F0AAABAB,2,1.3559999999999972
103,E82085,Clonazepam_Tab 500mcg,0408010F0AAABAB,2,1.3559999999999972
104,E82013,Clonazepam_Tab 500mcg,0408010F0AAABAB,1,1.3559999999999972
105,E82014,Clonazepam_Tab 500mcg,0408010F0AAABAB,2,1.3559999999999972
106,E82091,Clonazepam_Tab 500mcg,0408010F0AAABAB,2,1.3559999999999972
107,E82045,Clonazepam_Tab 500mcg,0408010F0AAABAB,1,1.3559999999999972
108,E82012,Clonazepam_Tab 500mcg,0408010F0AAABAB,2,1.3559999999999972
109,E82012,Clonazepam_Tab 500mcg,0408010F0AAABAB,1,1.3559999999999972
133,E82045,Clonazepam_Tab 500mcg,0408010F0AAABAB,8,1.2655999999999974
125,E82028,Clonazepam_Tab 500mcg,0408010F0AAABAB,2,1.2655999999999974
121,E82059,Clonazepam_Tab 500mcg,0408010F0AAABAB,2,1.2655999999999974
132,E82031,Clonazepam_Tab 500mcg,0408010F0AAABAB,4,1.2655999999999974
131,E82073,Clonazepam_Tab 500mcg,0408010F0AAABAB,2,1.2655999999999974
130,E82073,Clonazepam_Tab 500mcg,0408010F0AAABAB,1,1.2655999999999974
129,E82001,Clonazepam_Tab 500mcg,0408010F0AAABAB,2,1.2655999999999974
128,E82034,Clonazepam_Tab 500mcg,0408010F0AAABAB,1,1.2655999999999974
127,E82012,Clonazepam_Tab 500mcg,0408010F0AAABAB,1,1.2655999999999974
124,E82031,Clonazepam_Tab 500mcg,0408010F0AAABAB,2,1.2655999999999974
123,E82059,Clonazepam_Tab 500mcg,0408010F0AAABAB,4,1.2655999999999974
122,E82059,Clonazepam_Tab 500mcg,0408010F0AAABAB,1,1.2655999999999974
126,E82013,Clonazepam_Tab 500mcg,0408010F0AAABAB,1,1.2655999999999974
120,E82055,Clonazepam_Tab 500mcg,0408010F0AAABAB,2,1.2655999999999974
115,E82022,Clonazepam_Tab 500mcg,0408010F0AAABAB,4,1.2655999999999974
119,E82085,Clonazepam_Tab 500mcg,0408010F0AAABAB,4,1.2655999999999974
112,E82046,Clonazepam_Tab 500mcg,0408010F0AAABAB,1,1.2655999999999974
113,E82105,Clonazepam_Tab 500mcg,0408010F0AAABAB,1,1.2655999999999974
114,E82031,Clonazepam_Tab 500mcg,0408010F0AAABAB,1,1.2655999999999974
111,E82071,Clonazepam_Tab 500mcg,0408010F0AAABAB,8,1.2655999999999974
116,E82037,Clonazepam_Tab 500mcg,0408010F0AAABAB,1,1.2655999999999974
117,E82083,Clonazepam_Tab 500mcg,0408010F0AAABAB,1,1.2655999999999974
118,E82004,Clonazepam_Tab 500mcg,0408010F0AAABAB,1,1.2655999999999974
134,E82085,Clonazepam_Tab 500mcg,0408010F0AAABAB,2,1.1399999999999966
144,E82077,Clonazepam_Tab 500mcg,0408010F0AAABAB,1,1.1299999999999977
135,E82643,Clonazepam_Tab 500mcg,0408010F0AAABAB,1,1.1299999999999977
136,E82084,Clonazepam_Tab 500mcg,0408010F0AAABAB,1,1.1299999999999977
137,E82113,Clonazepam_Tab 500mcg,0408010F0AAABAB,1,1.1299999999999977
138,E82045,Clonazepam_Tab 500mcg,0408010F0AAABAB,1,1.1299999999999977
139,E82043,Clonazepam_Tab 500mcg,0408010F0AAABAB,1,1.1299999999999977
140,E82037,Clonazepam_Tab 500mcg,0408010F0AAABAB,1,1.1299999999999977
141,E82073,Clonazepam_Tab 500mcg,0408010F0AAABAB,1,1.1299999999999977
142,E82001,Clonazepam_Tab 500mcg,0408010F0AAABAB,1,1.1299999999999977
143,E82009,Clonazepam_Tab 500mcg,0408010F0AAABAB,1,1.1299999999999977
568,E82077,Amiodarone HCl_Tab 200mg,0203020D0AAABAB,1,1.1250000000000009
145,E82084,Clonazepam_Tab 500mcg,0408010F0AAABAB,7,1.1073999999999977
147,E82096,Clonazepam_Tab 500mcg,0408010F0AAABAB,7,1.1073999999999977
148,E82051,Clonazepam_Tab 500mcg,0408010F0AAABAB,7,1.1073999999999977
146,E82094,Clonazepam_Tab 500mcg,0408010F0AAABAB,7,1.1073999999999977
579,E82070,Amiodarone HCl_Tab 200mg,0203020D0AAABAB,3,1.050000000000001
578,E82014,Amiodarone HCl_Tab 200mg,0203020D0AAABAB,3,1.050000000000001
577,E82091,Amiodarone HCl_Tab 200mg,0203020D0AAABAB,3,1.050000000000001
576,E82031,Amiodarone HCl_Tab 200mg,0203020D0AAABAB,3,1.050000000000001
575,E82027,Amiodarone HCl_Tab 200mg,0203020D0AAABAB,3,1.050000000000001
574,E82113,Amiodarone HCl_Tab 200mg,0203020D0AAABAB,1,1.050000000000001
573,E82129,Amiodarone HCl_Tab 200mg,0203020D0AAABAB,1,1.050000000000001
572,E82643,Amiodarone HCl_Tab 200mg,0203020D0AAABAB,1,1.050000000000001
571,E82032,Amiodarone HCl_Tab 200mg,0203020D0AAABAB,3,1.050000000000001
570,E82022,Amiodarone HCl_Tab 200mg,0203020D0AAABAB,3,1.050000000000001
569,E82083,Amiodarone HCl_Tab 200mg,0203020D0AAABAB,3,1.050000000000001
580,E82131,Amiodarone HCl_Tab 200mg,0203020D0AAABAB,1,1.050000000000001
149,E82013,Clonazepam_Tab 500mcg,0408010F0AAABAB,13,1.028299999999998
150,E82085,Clonazepam_Tab 500mcg,0408010F0AAABAB,1,1.016999999999998
582,E82027,Amiodarone HCl_Tab 200mg,0203020D0AAABAB,12,1.0164
581,E82094,Amiodarone HCl_Tab 200mg,0203020D0AAABAB,12,1.0164
155,E82020,Clonazepam_Tab 500mcg,0408010F0AAABAB,1,0.949199999999998
151,E82094,Clonazepam_Tab 500mcg,0408010F0AAABAB,4,0.949199999999998
152,E82022,Clonazepam_Tab 500mcg,0408010F0AAABAB,1,0.949199999999998
153,E82054,Clonazepam_Tab 500mcg,0408010F0AAABAB,1,0.949199999999998
154,E82084,Clonazepam_Tab 500mcg,0408010F0AAABAB,1,0.949199999999998
158,E82028,Clonazepam_Tab 500mcg,0408010F0AAABAB,4,0.949199999999998
156,E82078,Clonazepam_Tab 500mcg,0408010F0AAABAB,3,0.949199999999998
159,E82107,Clonazepam_Tab 500mcg,0408010F0AAABAB,1,0.949199999999998
163,E82124,Clonazepam_Tab 500mcg,0408010F0AAABAB,6,0.949199999999998
162,E82037,Clonazepam_Tab 500mcg,0408010F0AAABAB,1,0.949199999999998
161,E82085,Clonazepam_Tab 500mcg,0408010F0AAABAB,6,0.949199999999998
157,E82051,Clonazepam_Tab 500mcg,0408010F0AAABAB,3,0.949199999999998
160,E82013,Clonazepam_Tab 500mcg,0408010F0AAABAB,1,0.949199999999998
583,E82001,Amiodarone HCl_Tab 200mg,0203020D0AAABAB,11,0.9317
584,E82004,Amiodarone HCl_Tab 200mg,0203020D0AAABAB,11,0.9317
585,E82603,Amiodarone HCl_Tab 200mg,0203020D0AAABAB,10,0.847
164,E82014,Clonazepam_Tab 500mcg,0408010F0AAABAB,5,0.7909999999999984
165,E82070,Clonazepam_Tab 500mcg,0408010F0AAABAB,5,0.7909999999999984
586,E82083,Amiodarone HCl_Tab 200mg,0203020D0AAABAB,9,0.7623
587,E82012,Amiodarone HCl_Tab 200mg,0203020D0AAABAB,1,0.7500000000000007
166,E82015,Clonazepam_Tab 500mcg,0408010F0AAABAB,2,0.7067999999999979
595,E82001,Amiodarone HCl_Tab 200mg,0203020D0AAABAB,1,0.7000000000000006
600,E82051,Amiodarone HCl_Tab 200mg,0203020D0AAABAB,2,0.7000000000000006
599,E82037,Amiodarone HCl_Tab 200mg,0203020D0AAABAB,1,0.7000000000000006
598,E82117,Amiodarone HCl_Tab 200mg,0203020D0AAABAB,1,0.7000000000000006
597,E82048,Amiodarone HCl_Tab 200mg,0203020D0AAABAB,2,0.7000000000000006
596,E82066,Amiodarone HCl_Tab 200mg,0203020D0AAABAB,1,0.7000000000000006
588,E82603,Amiodarone HCl_Tab 200mg,0203020D0AAABAB,1,0.7000000000000006
594,E82084,Amiodarone HCl_Tab 200mg,0203020D0AAABAB,1,0.7000000000000006
593,E82020,Amiodarone HCl_Tab 200mg,0203020D0AAABAB,1,0.7000000000000006
592,E82113,Amiodarone HCl_Tab 200mg,0203020D0AAABAB,1,0.7000000000000006
591,E82050,Amiodarone HCl_Tab 200mg,0203020D0AAABAB,2,0.7000000000000006
590,E82129,Amiodarone HCl_Tab 200mg,0203020D0AAABAB,2,0.7000000000000006
589,E82655,Amiodarone HCl_Tab 200mg,0203020D0AAABAB,1,0.7000000000000006
169,E82603,Clonazepam_Tab 500mcg,0408010F0AAABAB,1,0.6779999999999986
168,E82071,Clonazepam_Tab 500mcg,0408010F0AAABAB,1,0.6779999999999986
167,E82009,Clonazepam_Tab 500mcg,0408010F0AAABAB,1,0.6779999999999986
172,E82043,Clonazepam_Tab 500mcg,0408010F0AAABAB,1,0.6779999999999986
170,E82059,Clonazepam_Tab 500mcg,0408010F0AAABAB,1,0.6779999999999986
171,E82001,Clonazepam_Tab 500mcg,0408010F0AAABAB,1,0.6779999999999986
174,E82106,Clonazepam_Tab 500mcg,0408010F0AAABAB,1,0.6779999999999986
173,E82107,Clonazepam_Tab 500mcg,0408010F0AAABAB,2,0.6779999999999986
175,E82078,Clonazepam_Tab 500mcg,0408010F0AAABAB,3,0.6659999999999999
176,E82013,Clonazepam_Tab 500mcg,0408010F0AAABAB,1,0.6553999999999987
198,E82046,Clonazepam_Tab 500mcg,0408010F0AAABAB,1,0.6327999999999987
192,E82077,Clonazepam_Tab 500mcg,0408010F0AAABAB,1,0.6327999999999987
195,E82073,Clonazepam_Tab 500mcg,0408010F0AAABAB,4,0.6327999999999987
188,E82094,Clonazepam_Tab 500mcg,0408010F0AAABAB,2,0.6327999999999987
189,E82078,Clonazepam_Tab 500mcg,0408010F0AAABAB,1,0.6327999999999987
190,E82129,Clonazepam_Tab 500mcg,0408010F0AAABAB,4,0.6327999999999987
201,E82117,Clonazepam_Tab 500mcg,0408010F0AAABAB,2,0.6327999999999987
193,E82054,Clonazepam_Tab 500mcg,0408010F0AAABAB,1,0.6327999999999987
194,E82060,Clonazepam_Tab 500mcg,0408010F0AAABAB,1,0.6327999999999987
205,E82091,Clonazepam_Tab 500mcg,0408010F0AAABAB,2,0.6327999999999987
186,E82032,Clonazepam_Tab 500mcg,0408010F0AAABAB,1,0.6327999999999987
204,E82084,Clonazepam_Tab 500mcg,0408010F0AAABAB,2,0.6327999999999987
203,E82060,Clonazepam_Tab 500mcg,0408010F0AAABAB,2,0.6327999999999987
202,E82015,Clonazepam_Tab 500mcg,0408010F0AAABAB,2,0.6327999999999987
196,E82022,Clonazepam_Tab 500mcg,0408010F0AAABAB,4,0.6327999999999987
197,E82022,Clonazepam_Tab 500mcg,0408010F0AAABAB,1,0.6327999999999987
199,E82001,Clonazepam_Tab 500mcg,0408010F0AAABAB,2,0.6327999999999987
187,E82124,Clonazepam_Tab 500mcg,0408010F0AAABAB,2,0.6327999999999987
191,E82014,Clonazepam_Tab 500mcg,0408010F0AAABAB,2,0.6327999999999987
185,E82656,Clonazepam_Tab 500mcg,0408010F0AAABAB,1,0.6327999999999987
182,E82045,Clonazepam_Tab 500mcg,0408010F0AAABAB,1,0.6327999999999987
177,E82055,Clonazepam_Tab 500mcg,0408010F0AAABAB,8,0.6327999999999987
178,E82071,Clonazepam_Tab 500mcg,0408010F0AAABAB,1,0.6327999999999987
179,E82105,Clonazepam_Tab 500mcg,0408010F0AAABAB,1,0.6327999999999987
180,E82603,Clonazepam_Tab 500mcg,0408010F0AAABAB,4,0.6327999999999987
181,E82009,Clonazepam_Tab 500mcg,0408010F0AAABAB,1,0.6327999999999987
200,E82652,Clonazepam_Tab 500mcg,0408010F0AAABAB,1,0.6327999999999987
183,E82037,Clonazepam_Tab 500mcg,0408010F0AAABAB,2,0.6327999999999987
184,E82107,Clonazepam_Tab 500mcg,0408010F0AAABAB,4,0.6327999999999987
207,E82001,Clonazepam_Tab 500mcg,0408010F0AAABAB,1,0.5699999999999983
209,E82059,Clonazepam_Tab 500mcg,0408010F0AAABAB,1,0.5699999999999983
208,E82032,Clonazepam_Tab 500mcg,0408010F0AAABAB,1,0.5699999999999983
206,E82094,Clonazepam_Tab 500mcg,0408010F0AAABAB,1,0.5699999999999983
210,E82022,Clonazepam_Tab 500mcg,0408010F0AAABAB,7,0.5536999999999989
601,E82051,Amiodarone HCl_Tab 200mg,0203020D0AAABAB,3,0.5376000000000003
602,E82034,Amiodarone HCl_Tab 200mg,0203020D0AAABAB,6,0.5082
214,E82078,Clonazepam_Tab 500mcg,0408010F0AAABAB,3,0.474599999999999
212,E82027,Clonazepam_Tab 500mcg,0408010F0AAABAB,1,0.474599999999999
215,E82022,Clonazepam_Tab 500mcg,0408010F0AAABAB,1,0.474599999999999
211,E82640,Clonazepam_Tab 500mcg,0408010F0AAABAB,2,0.474599999999999
213,E82001,Clonazepam_Tab 500mcg,0408010F0AAABAB,1,0.474599999999999
216,E82014,Clonazepam_Tab 500mcg,0408010F0AAABAB,4,0.46399999999999997
603,E82084,Amiodarone HCl_Tab 200mg,0203020D0AAABAB,5,0.4235
217,E82032,Clonazepam_Tab 500mcg,0408010F0AAABAB,5,0.3954999999999992
218,E82068,Clonazepam_Tab 500mcg,0408010F0AAABAB,1,0.3954999999999992
608,E82078,Amiodarone HCl_Tab 200mg,0203020D0AAABAB,1,0.3500000000000003
604,E82060,Amiodarone HCl_Tab 200mg,0203020D0AAABAB,1,0.3500000000000003
605,E82028,Amiodarone HCl_Tab 200mg,0203020D0AAABAB,1,0.3500000000000003
620,E82098,Amiodarone HCl_Tab 200mg,0203020D0AAABAB,1,0.3500000000000003
619,E82049,Amiodarone HCl_Tab 200mg,0203020D0AAABAB,1,0.3500000000000003
618,E82054,Amiodarone HCl_Tab 200mg,0203020D0AAABAB,1,0.3500000000000003
617,E82107,Amiodarone HCl_Tab 200mg,0203020D0AAABAB,1,0.3500000000000003
616,E82117,Amiodarone HCl_Tab 200mg,0203020D0AAABAB,1,0.3500000000000003
615,E82068,Amiodarone HCl_Tab 200mg,0203020D0AAABAB,1,0.3500000000000003
614,E82009,Amiodarone HCl_Tab 200mg,0203020D0AAABAB,1,0.3500000000000003
613,E82640,Amiodarone HCl_Tab 200mg,0203020D0AAABAB,1,0.3500000000000003
612,Y02638,Amiodarone HCl_Tab 200mg,0203020D0AAABAB,1,0.3500000000000003
611,E82124,Amiodarone HCl_Tab 200mg,0203020D0AAABAB,1,0.3500000000000003
610,E82012,Amiodarone HCl_Tab 200mg,0203020D0AAABAB,1,0.3500000000000003
609,Y01165,Amiodarone HCl_Tab 200mg,0203020D0AAABAB,1,0.3500000000000003
607,E82034,Amiodarone HCl_Tab 200mg,0203020D0AAABAB,1,0.3500000000000003
606,E82085,Amiodarone HCl_Tab 200mg,0203020D0AAABAB,1,0.3500000000000003
221,E82014,Clonazepam_Tab 500mcg,0408010F0AAABAB,1,0.3389999999999993
219,E82131,Clonazepam_Tab 500mcg,0408010F0AAABAB,1,0.3389999999999993
220,E82124,Clonazepam_Tab 500mcg,0408010F0AAABAB,1,0.3389999999999993
222,E82060,Clonazepam_Tab 500mcg,0408010F0AAABAB,1,0.3389999999999993
224,E82068,Clonazepam_Tab 500mcg,0408010F0AAABAB,1,0.3389999999999993
225,E82657,Clonazepam_Tab 500mcg,0408010F0AAABAB,1,0.3389999999999993
226,E82069,Clonazepam_Tab 500mcg,0408010F0AAABAB,1,0.3389999999999993
227,E82012,Clonazepam_Tab 500mcg,0408010F0AAABAB,1,0.3389999999999993
223,E82043,Clonazepam_Tab 500mcg,0408010F0AAABAB,1,0.3389999999999993
621,E82085,Amiodarone HCl_Tab 200mg,0203020D0AAABAB,4,0.3388
629,E82031,Amiodarone HCl_Tab 200mg,0203020D0AAABAB,4,0.3388
634,E82013,Amiodarone HCl_Tab 200mg,0203020D0AAABAB,4,0.3388
633,E82020,Amiodarone HCl_Tab 200mg,0203020D0AAABAB,4,0.3388
632,E82028,Amiodarone HCl_Tab 200mg,0203020D0AAABAB,4,0.3388
631,E82054,Amiodarone HCl_Tab 200mg,0203020D0AAABAB,4,0.3388
630,E82655,Amiodarone HCl_Tab 200mg,0203020D0AAABAB,4,0.3388
627,E82652,Amiodarone HCl_Tab 200mg,0203020D0AAABAB,4,0.3388
628,E82049,Amiodarone HCl_Tab 200mg,0203020D0AAABAB,4,0.3388
626,E82060,Amiodarone HCl_Tab 200mg,0203020D0AAABAB,4,0.3388
625,E82037,Amiodarone HCl_Tab 200mg,0203020D0AAABAB,4,0.3388
624,E82045,Amiodarone HCl_Tab 200mg,0203020D0AAABAB,4,0.3388
623,E82043,Amiodarone HCl_Tab 200mg,0203020D0AAABAB,4,0.3388
622,E82073,Amiodarone HCl_Tab 200mg,0203020D0AAABAB,4,0.3388
228,E82009,Clonazepam_Tab 500mcg,0408010F0AAABAB,5,0.31799999999999995
243,E82017,Clonazepam_Tab 500mcg,0408010F0AAABAB,1,0.31639999999999935
245,E82009,Clonazepam_Tab 500mcg,0408010F0AAABAB,4,0.31639999999999935
244,E82027,Clonazepam_Tab 500mcg,0408010F0AAABAB,1,0.31639999999999935
239,E82032,Clonazepam_Tab 500mcg,0408010F0AAABAB,1,0.31639999999999935
235,E82031,Clonazepam_Tab 500mcg,0408010F0AAABAB,4,0.31639999999999935
229,E82644,Clonazepam_Tab 500mcg,0408010F0AAABAB,1,0.31639999999999935
230,E82652,Clonazepam_Tab 500mcg,0408010F0AAABAB,4,0.31639999999999935
231,E82091,Clonazepam_Tab 500mcg,0408010F0AAABAB,4,0.31639999999999935
232,E82013,Clonazepam_Tab 500mcg,0408010F0AAABAB,1,0.31639999999999935
241,E82028,Clonazepam_Tab 500mcg,0408010F0AAABAB,1,0.31639999999999935
233,E82073,Clonazepam_Tab 500mcg,0408010F0AAABAB,1,0.31639999999999935
234,E82043,Clonazepam_Tab 500mcg,0408010F0AAABAB,1,0.31639999999999935
240,E82054,Clonazepam_Tab 500mcg,0408010F0AAABAB,1,0.31639999999999935
242,E82059,Clonazepam_Tab 500mcg,0408010F0AAABAB,2,0.31639999999999935
238,E82055,Clonazepam_Tab 500mcg,0408010F0AAABAB,1,0.31639999999999935
237,E82020,Clonazepam_Tab 500mcg,0408010F0AAABAB,1,0.31639999999999935
236,E82034,Clonazepam_Tab 500mcg,0408010F0AAABAB,4,0.31639999999999935
246,E82655,Clonazepam_Tab 500mcg,0408010F0AAABAB,1,0.2735999999999992
247,E82078,Clonazepam_Tab 500mcg,0408010F0AAABAB,2,0.2735999999999992
252,E82014,Clonazepam_Tab 500mcg,0408010F0AAABAB,1,0.2372999999999995
251,E82094,Clonazepam_Tab 500mcg,0408010F0AAABAB,3,0.2372999999999995
250,E82013,Clonazepam_Tab 500mcg,0408010F0AAABAB,1,0.2372999999999995
249,E82037,Clonazepam_Tab 500mcg,0408010F0AAABAB,1,0.2372999999999995
248,E82014,Clonazepam_Tab 500mcg,0408010F0AAABAB,3,0.2372999999999995
253,E82078,Clonazepam_Tab 500mcg,0408010F0AAABAB,2,0.23199999999999998
254,E82105,Clonazepam_Tab 500mcg,0408010F0AAABAB,1,0.22199999999999998
635,E82106,Amiodarone HCl_Tab 200mg,0203020D0AAABAB,1,0.17920000000000008
257,E82078,Clonazepam_Tab 500mcg,0408010F0AAABAB,1,0.174
256,E82048,Clonazepam_Tab 500mcg,0408010F0AAABAB,1,0.174
255,E82045,Clonazepam_Tab 500mcg,0408010F0AAABAB,1,0.174
259,E82105,Clonazepam_Tab 500mcg,0408010F0AAABAB,1,0.15819999999999967
260,E82640,Clonazepam_Tab 500mcg,0408010F0AAABAB,1,0.15819999999999967
261,E82046,Clonazepam_Tab 500mcg,0408010F0AAABAB,1,0.15819999999999967
262,Y01165,Clonazepam_Tab 500mcg,0408010F0AAABAB,2,0.15819999999999967
263,Y00042,Clonazepam_Tab 500mcg,0408010F0AAABAB,1,0.15819999999999967
264,E82037,Clonazepam_Tab 500mcg,0408010F0AAABAB,1,0.15819999999999967
265,E82012,Clonazepam_Tab 500mcg,0408010F0AAABAB,1,0.15819999999999967
266,E82098,Clonazepam_Tab 500mcg,0408010F0AAABAB,1,0.15819999999999967
267,E82032,Clonazepam_Tab 500mcg,0408010F0AAABAB,1,0.15819999999999967
258,E82060,Clonazepam_Tab 500mcg,0408010F0AAABAB,1,0.15819999999999967
343,E82013,Quetiapine_Tab 25mg,0402010ABAAABAB,21,0.11759999999999521
268,E82034,Clonazepam_Tab 500mcg,0408010F0AAABAB,1,0.11599999999999999
636,E82129,Amiodarone HCl_Tab 200mg,0203020D0AAABAB,1,0.0847
637,E82106,Amiodarone HCl_Tab 200mg,0203020D0AAABAB,1,0.0847
344,E82083,Quetiapine_Tab 25mg,0402010ABAAABAB,15,0.08399999999999658
345,E82046,Quetiapine_Tab 25mg,0402010ABAAABAB,15,0.08399999999999658
269,Y00042,Clonazepam_Tab 500mcg,0408010F0AAABAB,1,0.07909999999999984
270,E82655,Clonazepam_Tab 500mcg,0408010F0AAABAB,1,0.07909999999999984
271,E82640,Clonazepam_Tab 500mcg,0408010F0AAABAB,1,0.07909999999999984
346,E82013,Quetiapine_Tab 25mg,0402010ABAAABAB,9,0.07560000000000217
347,E82001,Quetiapine_Tab 25mg,0402010ABAAABAB,12,0.06719999999999726
348,E82022,Quetiapine_Tab 25mg,0402010ABAAABAB,10,0.05599999999999772
298,E82022,Pregabalin_Cap 25mg,0408010AEAAAAAA,12,0.05039999999999911
349,E82020,Quetiapine_Tab 25mg,0402010ABAAABAB,9,0.050399999999997946
353,E82060,Quetiapine_Tab 25mg,0402010ABAAABAB,8,0.044799999999998175
352,E82004,Quetiapine_Tab 25mg,0402010ABAAABAB,8,0.044799999999998175
350,E82117,Quetiapine_Tab 25mg,0402010ABAAABAB,8,0.044799999999998175
351,E82657,Quetiapine_Tab 25mg,0402010ABAAABAB,8,0.044799999999998175
355,E82084,Quetiapine_Tab 25mg,0402010ABAAABAB,7,0.0391999999999984
354,Y01165,Quetiapine_Tab 25mg,0402010ABAAABAB,7,0.0391999999999984
357,E82009,Quetiapine_Tab 25mg,0402010ABAAABAB,7,0.0391999999999984
356,E82045,Quetiapine_Tab 25mg,0402010ABAAABAB,7,0.0391999999999984
330,E82022,Hydroxycarbamide_Cap 500mg,0801050P0AAAAAA,8,0.03520000000000012
358,E82106,Quetiapine_Tab 25mg,0402010ABAAABAB,4,0.03360000000000096
300,E82084,Pregabalin_Cap 25mg,0408010AEAAAAAA,8,0.03359999999999941
299,E82091,Pregabalin_Cap 25mg,0408010AEAAAAAA,8,0.03359999999999941
362,E82012,Quetiapine_Tab 25mg,0402010ABAAABAB,6,0.03359999999999863
361,E82031,Quetiapine_Tab 25mg,0402010ABAAABAB,6,0.03359999999999863
360,E82054,Quetiapine_Tab 25mg,0402010ABAAABAB,6,0.03359999999999863
359,E82073,Quetiapine_Tab 25mg,0402010ABAAABAB,6,0.03359999999999863
301,E82015,Pregabalin_Cap 25mg,0408010AEAAAAAA,7,0.029399999999999482
364,E82015,Quetiapine_Tab 25mg,0402010ABAAABAB,5,0.02799999999999886
363,E82068,Quetiapine_Tab 25mg,0402010ABAAABAB,5,0.02799999999999886
365,E82105,Quetiapine_Tab 25mg,0402010ABAAABAB,5,0.02799999999999886
366,E82640,Quetiapine_Tab 25mg,0402010ABAAABAB,3,0.025200000000000722
367,E82117,Quetiapine_Tab 25mg,0402010ABAAABAB,3,0.025200000000000722
368,E82083,Quetiapine_Tab 25mg,0402010ABAAABAB,3,0.025200000000000722
46,E82073,Phenytoin_Sod Tab 100mg,0408010Q0AAAGAG,4,0.025199999999997225
45,E82037,Phenytoin_Sod Tab 100mg,0408010Q0AAAGAG,4,0.025199999999997225
371,E82043,Quetiapine_Tab 25mg,0402010ABAAABAB,4,0.022399999999999087
369,E82059,Quetiapine_Tab 25mg,0402010ABAAABAB,4,0.022399999999999087
370,E82131,Quetiapine_Tab 25mg,0402010ABAAABAB,4,0.022399999999999087
272,E82012,Clonazepam_Tab 500mcg,0408010F0AAABAB,1,0.021199999999999997
372,E82098,Quetiapine_Tab 25mg,0402010ABAAABAB,5,0.0210000000000006
302,E82644,Pregabalin_Cap 25mg,0408010AEAAAAAA,5,0.02099999999999963
522,E82022,Mesalazine_Tab E/C 800mg,0105010B0AAASAS,4,0.016800000000007476
25,E82113,Mesalazine_Tab E/C 400mg,0105010B0AAAAAA,4,0.016800000000007476
373,E82045,Quetiapine_Tab 25mg,0402010ABAAABAB,2,0.01680000000000048
374,E82012,Quetiapine_Tab 25mg,0402010ABAAABAB,2,0.01680000000000048
375,E82037,Quetiapine_Tab 25mg,0402010ABAAABAB,2,0.01680000000000048
376,E82048,Quetiapine_Tab 25mg,0402010ABAAABAB,2,0.01680000000000048
377,Y01165,Quetiapine_Tab 25mg,0402010ABAAABAB,2,0.01680000000000048
378,E82054,Quetiapine_Tab 25mg,0402010ABAAABAB,2,0.01680000000000048
379,E82020,Quetiapine_Tab 25mg,0402010ABAAABAB,2,0.01680000000000048
380,E82015,Quetiapine_Tab 25mg,0402010ABAAABAB,2,0.01680000000000048
304,E82124,Pregabalin_Cap 25mg,0408010AEAAAAAA,4,0.016799999999999704
311,E82027,Pregabalin_Cap 25mg,0408010AEAAAAAA,4,0.016799999999999704
310,E82106,Pregabalin_Cap 25mg,0408010AEAAAAAA,4,0.016799999999999704
309,E82017,Pregabalin_Cap 25mg,0408010AEAAAAAA,8,0.016799999999999704
308,E82054,Pregabalin_Cap 25mg,0408010AEAAAAAA,4,0.016799999999999704
307,E82055,Pregabalin_Cap 25mg,0408010AEAAAAAA,4,0.016799999999999704
306,E82083,Pregabalin_Cap 25mg,0408010AEAAAAAA,4,0.016799999999999704
305,E82043,Pregabalin_Cap 25mg,0408010AEAAAAAA,4,0.016799999999999704
303,E82049,Pregabalin_Cap 25mg,0408010AEAAAAAA,4,0.016799999999999704
383,E82014,Quetiapine_Tab 25mg,0402010ABAAABAB,3,0.016799999999999315
381,E82049,Quetiapine_Tab 25mg,0402010ABAAABAB,3,0.016799999999999315
382,Y00243,Quetiapine_Tab 25mg,0402010ABAAABAB,3,0.016799999999999315
385,E82129,Quetiapine_Tab 25mg,0402010ABAAABAB,3,0.016799999999999315
384,E82027,Quetiapine_Tab 25mg,0402010ABAAABAB,3,0.016799999999999315
387,E82054,Quetiapine_Tab 25mg,0402010ABAAABAB,1,0.014000000000000401
386,E82073,Quetiapine_Tab 25mg,0402010ABAAABAB,4,0.014000000000000401
388,E82013,Quetiapine_Tab 25mg,0402010ABAAABAB,4,0.014000000000000401
312,E82046,Pregabalin_Cap 25mg,0408010AEAAAAAA,6,0.012599999999999778
283,E82117,Atorvastatin_Tab 20mg,0212000B0AAABAB,2,0.012000000000000344
284,E82013,Atorvastatin_Tab 20mg,0212000B0AAABAB,2,0.012000000000000344
332,E82012,Hydroxycarbamide_Cap 500mg,0801050P0AAAAAA,4,0.012000000000000066
331,E82106,Hydroxycarbamide_Cap 500mg,0801050P0AAAAAA,4,0.012000000000000066
389,E82055,Quetiapine_Tab 25mg,0402010ABAAABAB,2,0.011199999999999544
390,E82070,Quetiapine_Tab 25mg,0402010ABAAABAB,2,0.011199999999999544
391,E82124,Quetiapine_Tab 25mg,0402010ABAAABAB,2,0.011199999999999544
392,E82091,Quetiapine_Tab 25mg,0402010ABAAABAB,2,0.011199999999999544
523,E82105,Mesalazine_Tab E/C 800mg,0105010B0AAASAS,1,0.008999999999999009
398,E82017,Quetiapine_Tab 25mg,0402010ABAAABAB,1,0.00840000000000024
397,E82657,Quetiapine_Tab 25mg,0402010ABAAABAB,1,0.00840000000000024
406,E82046,Quetiapine_Tab 25mg,0402010ABAAABAB,1,0.00840000000000024
395,E82009,Quetiapine_Tab 25mg,0402010ABAAABAB,1,0.00840000000000024
399,E82027,Quetiapine_Tab 25mg,0402010ABAAABAB,1,0.00840000000000024
400,E82124,Quetiapine_Tab 25mg,0402010ABAAABAB,1,0.00840000000000024
396,E82068,Quetiapine_Tab 25mg,0402010ABAAABAB,1,0.00840000000000024
407,E82129,Quetiapine_Tab 25mg,0402010ABAAABAB,1,0.00840000000000024
403,E82022,Quetiapine_Tab 25mg,0402010ABAAABAB,1,0.00840000000000024
404,E82085,Quetiapine_Tab 25mg,0402010ABAAABAB,1,0.00840000000000024
405,E82656,Quetiapine_Tab 25mg,0402010ABAAABAB,1,0.00840000000000024
402,E82055,Quetiapine_Tab 25mg,0402010ABAAABAB,1,0.00840000000000024
394,E82603,Quetiapine_Tab 25mg,0402010ABAAABAB,1,0.00840000000000024
393,E82043,Quetiapine_Tab 25mg,0402010ABAAABAB,1,0.00840000000000024
401,E82001,Quetiapine_Tab 25mg,0402010ABAAABAB,1,0.00840000000000024
315,E82059,Pregabalin_Cap 25mg,0408010AEAAAAAA,4,0.008399999999999852
313,E82048,Pregabalin_Cap 25mg,0408010AEAAAAAA,4,0.008399999999999852
314,E82129,Pregabalin_Cap 25mg,0408010AEAAAAAA,4,0.008399999999999852
316,E82013,Pregabalin_Cap 25mg,0408010AEAAAAAA,4,0.008399999999999852
317,E82054,Pregabalin_Cap 25mg,0408010AEAAAAAA,4,0.008399999999999852
318,E82004,Pregabalin_Cap 25mg,0408010AEAAAAAA,2,0.008399999999999852
408,E82124,Quetiapine_Tab 25mg,0402010ABAAABAB,2,0.007999999999999674
319,E82091,Pregabalin_Cap 25mg,0408010AEAAAAAA,3,0.006299999999999889
292,E82077,Atorvastatin_Tab 20mg,0212000B0AAABAB,1,0.006000000000000172
291,E82043,Atorvastatin_Tab 20mg,0212000B0AAABAB,1,0.006000000000000172
290,E82129,Atorvastatin_Tab 20mg,0212000B0AAABAB,1,0.006000000000000172
289,E82098,Atorvastatin_Tab 20mg,0212000B0AAABAB,1,0.006000000000000172
288,Y01165,Atorvastatin_Tab 20mg,0212000B0AAABAB,1,0.006000000000000172
287,E82656,Atorvastatin_Tab 20mg,0212000B0AAABAB,1,0.006000000000000172
286,E82037,Atorvastatin_Tab 20mg,0212000B0AAABAB,1,0.006000000000000172
285,E82060,Atorvastatin_Tab 20mg,0212000B0AAABAB,1,0.006000000000000172
417,E82028,Quetiapine_Tab 25mg,0402010ABAAABAB,1,0.005599999999999772
416,E82603,Quetiapine_Tab 25mg,0402010ABAAABAB,1,0.005599999999999772
415,E82640,Quetiapine_Tab 25mg,0402010ABAAABAB,1,0.005599999999999772
414,E82085,Quetiapine_Tab 25mg,0402010ABAAABAB,1,0.005599999999999772
413,E82064,Quetiapine_Tab 25mg,0402010ABAAABAB,1,0.005599999999999772
412,E82077,Quetiapine_Tab 25mg,0402010ABAAABAB,1,0.005599999999999772
411,E82098,Quetiapine_Tab 25mg,0402010ABAAABAB,1,0.005599999999999772
410,E82037,Quetiapine_Tab 25mg,0402010ABAAABAB,1,0.005599999999999772
409,E82655,Quetiapine_Tab 25mg,0402010ABAAABAB,1,0.005599999999999772
418,E82022,Quetiapine_Tab 25mg,0402010ABAAABAB,1,0.0051999999999999685
320,E82028,Pregabalin_Cap 25mg,0408010AEAAAAAA,1,0.00420000000000012
419,E82085,Quetiapine_Tab 25mg,0402010ABAAABAB,1,0.00420000000000012
420,E82045,Quetiapine_Tab 25mg,0402010ABAAABAB,1,0.00420000000000012
421,E82051,Quetiapine_Tab 25mg,0402010ABAAABAB,1,0.00420000000000012
422,E82015,Quetiapine_Tab 25mg,0402010ABAAABAB,1,0.00420000000000012
423,Y00243,Quetiapine_Tab 25mg,0402010ABAAABAB,1,0.00420000000000012
424,E82014,Quetiapine_Tab 25mg,0402010ABAAABAB,1,0.00420000000000012
426,E82070,Quetiapine_Tab 25mg,0402010ABAAABAB,1,0.00420000000000012
425,E82129,Quetiapine_Tab 25mg,0402010ABAAABAB,1,0.00420000000000012
321,Y01735,Pregabalin_Cap 25mg,0408010AEAAAAAA,1,0.004199999999999926
322,E82004,Pregabalin_Cap 25mg,0408010AEAAAAAA,2,0.004199999999999926
335,E82012,Hydroxycarbamide_Cap 500mg,0801050P0AAAAAA,1,0.004000000000000115
334,E82060,Hydroxycarbamide_Cap 500mg,0801050P0AAAAAA,1,0.004000000000000115
333,E82013,Hydroxycarbamide_Cap 500mg,0801050P0AAAAAA,1,0.004000000000000115
427,E82129,Quetiapine_Tab 25mg,0402010ABAAABAB,1,0.0039000000000001117
428,E82069,Quetiapine_Tab 25mg,0402010ABAAABAB,1,0.0035000000000001003
429,E82001,Quetiapine_Tab 25mg,0402010ABAAABAB,4,0.0031999999999998696
430,E82049,Quetiapine_Tab 25mg,0402010ABAAABAB,4,0.0031999999999998696
431,E82085,Quetiapine_Tab 25mg,0402010ABAAABAB,4,0.0031999999999998696
432,E82009,Quetiapine_Tab 25mg,0402010ABAAABAB,1,0.0027000000000000773
433,Y00415,Quetiapine_Tab 25mg,0402010ABAAABAB,1,0.002399999999999902
324,E82085,Pregabalin_Cap 25mg,0408010AEAAAAAA,1,0.002099999999999963
325,E82015,Pregabalin_Cap 25mg,0408010AEAAAAAA,1,0.002099999999999963
323,Y00243,Pregabalin_Cap 25mg,0408010AEAAAAAA,1,0.002099999999999963
26,E82032,Mesalazine_Tab E/C 400mg,0105010B0AAAAAA,1,0.0020999999999997687
326,Y01735,Pregabalin_Cap 25mg,0408010AEAAAAAA,1,0.0020000000000000573
434,E82106,Quetiapine_Tab 25mg,0402010ABAAABAB,1,0.0007999999999999674
435,E82022,Quetiapine_Tab 25mg,0402010ABAAABAB,1,-0.00140000000000004
436,Y00415,Quetiapine_Tab 25mg,0402010ABAAABAB,1,-0.00180000000000001
336,E82073,Hydroxycarbamide_Cap 500mg,0801050P0AAAAAA,1,-0.0023999999999997357
293,E82014,Atorvastatin_Tab 20mg,0212000B0AAABAB,1,-0.0026999999999999837
441,E82060,Quetiapine_Tab 25mg,0402010ABAAABAB,1,-0.00280000000000008
437,E82630,Quetiapine_Tab 25mg,0402010ABAAABAB,1,-0.00280000000000008
443,E82031,Quetiapine_Tab 25mg,0402010ABAAABAB,1,-0.00280000000000008
442,E82054,Quetiapine_Tab 25mg,0402010ABAAABAB,1,-0.00280000000000008
438,E82012,Quetiapine_Tab 25mg,0402010ABAAABAB,1,-0.00280000000000008
439,E82078,Quetiapine_Tab 25mg,0402010ABAAABAB,1,-0.00280000000000008
440,E82051,Quetiapine_Tab 25mg,0402010ABAAABAB,2,-0.00280000000000008
337,E82015,Hydroxycarbamide_Cap 500mg,0801050P0AAAAAA,1,-0.0029999999999996696
295,E82131,Atorvastatin_Tab 20mg,0212000B0AAABAB,1,-0.0029999999999998778
294,E82077,Atorvastatin_Tab 20mg,0212000B0AAABAB,1,-0.0029999999999998778
444,E82043,Quetiapine_Tab 25mg,0402010ABAAABAB,1,-0.00360000000000002
446,E82613,Quetiapine_Tab 25mg,0402010ABAAABAB,1,-0.00420000000000012
447,E82013,Quetiapine_Tab 25mg,0402010ABAAABAB,3,-0.00420000000000012
448,E82009,Quetiapine_Tab 25mg,0402010ABAAABAB,1,-0.00420000000000012
445,E82055,Quetiapine_Tab 25mg,0402010ABAAABAB,3,-0.00420000000000012
453,E82049,Quetiapine_Tab 25mg,0402010ABAAABAB,4,-0.00560000000000016
460,E82014,Quetiapine_Tab 25mg,0402010ABAAABAB,4,-0.00560000000000016
454,E82129,Quetiapine_Tab 25mg,0402010ABAAABAB,4,-0.00560000000000016
450,E82117,Quetiapine_Tab 25mg,0402010ABAAABAB,4,-0.00560000000000016
451,E82068,Quetiapine_Tab 25mg,0402010ABAAABAB,4,-0.00560000000000016
452,E82091,Quetiapine_Tab 25mg,0402010ABAAABAB,4,-0.00560000000000016
461,E82015,Quetiapine_Tab 25mg,0402010ABAAABAB,4,-0.00560000000000016
449,E82129,Quetiapine_Tab 25mg,0402010ABAAABAB,2,-0.00560000000000016
459,E82084,Quetiapine_Tab 25mg,0402010ABAAABAB,4,-0.00560000000000016
455,E82069,Quetiapine_Tab 25mg,0402010ABAAABAB,2,-0.00560000000000016
458,E82084,Quetiapine_Tab 25mg,0402010ABAAABAB,2,-0.00560000000000016
457,E82603,Quetiapine_Tab 25mg,0402010ABAAABAB,2,-0.00560000000000016
456,Y00243,Quetiapine_Tab 25mg,0402010ABAAABAB,2,-0.00560000000000016
339,E82045,Hydroxycarbamide_Cap 500mg,0801050P0AAAAAA,2,-0.005999999999999339
338,E82014,Hydroxycarbamide_Cap 500mg,0801050P0AAAAAA,1,-0.005999999999999339
463,Y00243,Quetiapine_Tab 25mg,0402010ABAAABAB,6,-0.00840000000000024
462,E82017,Quetiapine_Tab 25mg,0402010ABAAABAB,2,-0.00840000000000024
464,E82022,Quetiapine_Tab 25mg,0402010ABAAABAB,2,-0.00840000000000024
327,E82009,Pregabalin_Cap 25mg,0408010AEAAAAAA,1,-0.0105000000000003
471,E82034,Quetiapine_Tab 25mg,0402010ABAAABAB,4,-0.01120000000000032
466,E82049,Quetiapine_Tab 25mg,0402010ABAAABAB,4,-0.01120000000000032
467,E82096,Quetiapine_Tab 25mg,0402010ABAAABAB,4,-0.01120000000000032
468,E82043,Quetiapine_Tab 25mg,0402010ABAAABAB,4,-0.01120000000000032
469,E82083,Quetiapine_Tab 25mg,0402010ABAAABAB,4,-0.01120000000000032
470,E82655,Quetiapine_Tab 25mg,0402010ABAAABAB,4,-0.01120000000000032
465,E82037,Quetiapine_Tab 25mg,0402010ABAAABAB,4,-0.01120000000000032
27,E82124,Mesalazine_Tab E/C 400mg,0105010B0AAAAAA,1,-0.011999999999998678
328,E82071,Pregabalin_Cap 25mg,0408010AEAAAAAA,1,-0.012000000000000344
472,E82014,Quetiapine_Tab 25mg,0402010ABAAABAB,3,-0.012600000000000361
473,E82603,Quetiapine_Tab 25mg,0402010ABAAABAB,3,-0.012600000000000361
474,E82054,Quetiapine_Tab 25mg,0402010ABAAABAB,3,-0.012600000000000361
340,E82098,Hydroxycarbamide_Cap 500mg,0801050P0AAAAAA,4,-0.012799999999999478
476,E82055,Quetiapine_Tab 25mg,0402010ABAAABAB,5,-0.014000000000000401
477,E82048,Quetiapine_Tab 25mg,0402010ABAAABAB,5,-0.014000000000000401
479,E82073,Quetiapine_Tab 25mg,0402010ABAAABAB,10,-0.014000000000000401
475,E82071,Quetiapine_Tab 25mg,0402010ABAAABAB,5,-0.014000000000000401
478,E82032,Quetiapine_Tab 25mg,0402010ABAAABAB,5,-0.014000000000000401
480,E82054,Quetiapine_Tab 25mg,0402010ABAAABAB,11,-0.015400000000000441
484,E82013,Quetiapine_Tab 25mg,0402010ABAAABAB,4,-0.01680000000000048
482,E82055,Quetiapine_Tab 25mg,0402010ABAAABAB,4,-0.01680000000000048
481,E82073,Quetiapine_Tab 25mg,0402010ABAAABAB,4,-0.01680000000000048
485,E82028,Quetiapine_Tab 25mg,0402010ABAAABAB,6,-0.01680000000000048
486,E82027,Quetiapine_Tab 25mg,0402010ABAAABAB,6,-0.01680000000000048
487,E82069,Quetiapine_Tab 25mg,0402010ABAAABAB,4,-0.01680000000000048
488,E82085,Quetiapine_Tab 25mg,0402010ABAAABAB,12,-0.01680000000000048
489,E82027,Quetiapine_Tab 25mg,0402010ABAAABAB,4,-0.01680000000000048
490,E82117,Quetiapine_Tab 25mg,0402010ABAAABAB,6,-0.01680000000000048
491,E82046,Quetiapine_Tab 25mg,0402010ABAAABAB,4,-0.01680000000000048
483,Y01165,Quetiapine_Tab 25mg,0402010ABAAABAB,4,-0.01680000000000048
492,E82091,Quetiapine_Tab 25mg,0402010ABAAABAB,7,-0.01960000000000056
493,E82640,Quetiapine_Tab 25mg,0402010ABAAABAB,14,-0.01960000000000056
494,E82022,Quetiapine_Tab 25mg,0402010ABAAABAB,8,-0.02240000000000064
497,E82107,Quetiapine_Tab 25mg,0402010ABAAABAB,8,-0.02240000000000064
495,E82004,Quetiapine_Tab 25mg,0402010ABAAABAB,8,-0.02240000000000064
496,E82014,Quetiapine_Tab 25mg,0402010ABAAABAB,8,-0.02240000000000064
498,E82009,Quetiapine_Tab 25mg,0402010ABAAABAB,5,-0.022999999999999965
500,E82013,Quetiapine_Tab 25mg,0402010ABAAABAB,9,-0.025200000000000722
499,E82001,Quetiapine_Tab 25mg,0402010ABAAABAB,9,-0.025200000000000722
502,E82046,Quetiapine_Tab 25mg,0402010ABAAABAB,19,-0.026600000000000762
501,E82124,Quetiapine_Tab 25mg,0402010ABAAABAB,19,-0.026600000000000762
504,E82015,Quetiapine_Tab 25mg,0402010ABAAABAB,10,-0.028000000000000802
503,E82644,Quetiapine_Tab 25mg,0402010ABAAABAB,10,-0.028000000000000802
505,E82009,Quetiapine_Tab 25mg,0402010ABAAABAB,15,-0.0420000000000012
506,E82046,Quetiapine_Tab 25mg,0402010ABAAABAB,18,-0.050400000000001444
507,E82073,Quetiapine_Tab 25mg,0402010ABAAABAB,19,-0.053200000000001524
508,E82124,Quetiapine_Tab 25mg,0402010ABAAABAB,13,-0.054600000000001564
28,E82032,Mesalazine_Tab E/C 400mg,0105010B0AAAAAA,1,-2.9924999999999997
29,E82085,Mesalazine_Tab E/C 400mg,0105010B0AAAAAA,8,-11.978399999999995
30,E82078,Mesalazine_Tab E/C 400mg,0105010B0AAAAAA,1,-11.978399999999999
32,E82046,Mesalazine_Tab E/C 400mg,0105010B0AAAAAA,1,-17.112
31,E82050,Mesalazine_Tab E/C 400mg,0105010B0AAAAAA,1,-17.112
34,E82001,Mesalazine_Tab E/C 400mg,0105010B0AAAAAA,1,-17.112
33,E82060,Mesalazine_Tab E/C 400mg,0105010B0AAAAAA,1,-17.112
524,E82105,Mesalazine_Tab E/C 800mg,0105010B0AAASAS,1,-18.441
35,E82001,Mesalazine_Tab E/C 400mg,0105010B0AAAAAA,3,-23.939999999999994
36,E82051,Mesalazine_Tab E/C 400mg,0105010B0AAAAAA,1,-28.519999999999996
38,E82078,Mesalazine_Tab E/C 400mg,0105010B0AAAAAA,1,-34.224
37,E82107,Mesalazine_Tab E/C 400mg,0105010B0AAAAAA,1,-34.224
527,E82059,Mesalazine_Tab E/C 800mg,0105010B0AAASAS,1,-36.89999999999999
525,E82050,Mesalazine_Tab E/C 800mg,0105010B0AAASAS,1,-36.89999999999999
526,E82124,Mesalazine_Tab E/C 800mg,0105010B0AAASAS,1,-36.89999999999999
39,E82105,Mesalazine_Tab E/C 400mg,0105010B0AAAAAA,1,-51.33599999999999
528,E82124,Mesalazine_Tab E/C 800mg,0105010B0AAASAS,1,-68.87999999999998
531,E82064,Mesalazine_Tab E/C 800mg,0105010B0AAASAS,1,-73.79999999999998
530,E82085,Mesalazine_Tab E/C 800mg,0105010B0AAASAS,1,-73.79999999999998
529,E82096,Mesalazine_Tab E/C 800mg,0105010B0AAASAS,2,-73.79999999999998
40,E82001,Mesalazine_Tab E/C 400mg,0105010B0AAAAAA,2,-77.00399999999999
