,practice_code,bnf_description,bnf_code,items,excess_cost
0,M83004,Clonazepam_Tab 500mcg,0408010F0AAABAB,18,7.9777999999999825
1,M83004,Mesalazine_Tab E/C 400mg,0105010B0AAAAAA,9,208.74239999999995
2,M83004,Paracet_Tab 500mg,0407010H0AAAMAM,8,-0.027599999999999833
3,M83014,Clonazepam_Tab 500mcg,0408010F0AAABAB,12,9.220799999999981
4,M83014,Co-Codamol_Tab 8mg/500mg,0407010F0AAAAAA,4,0.01999999999999988
5,M83014,Mesalazine_Tab E/C 400mg,0105010B0AAAAAA,1,-23.956799999999998
6,M83014,Paracet_Tab 500mg,0407010H0AAAMAM,10,0.045599999999999724
7,M83021,Atorvastatin_Tab 20mg,0212000B0AAABAB,4,-0.0053999999999996134
8,M83021,Atorvastatin_Tab 40mg,0212000B0AAACAC,5,0.015000000000000083
9,M83021,Clonazepam_Tab 500mcg,0408010F0AAABAB,13,7.593599999999984
10,M83021,Co-Codamol_Tab 8mg/500mg,0407010F0AAAAAA,2,0.011199999999999932
11,M83021,Paracet_Tab 500mg,0407010H0AAAMAM,10,0.03679999999999978
12,M83028,Atorvastatin_Tab 20mg,0212000B0AAABAB,1,-0.0029999999999998778
13,M83028,Atorvastatin_Tab 80mg,0212000B0AAADAD,8,0.01680000000000048
14,M83028,Clonazepam_Tab 500mcg,0408010F0AAABAB,16,8.565399999999983
15,M83028,Co-Codamol_Tab 8mg/500mg,0407010F0AAAAAA,18,0.025599999999999845
16,M83028,Mesalazine_Tab E/C 400mg,0105010B0AAAAAA,10,19.980800000000002
17,M83028,Paracet_Tab 500mg,0407010H0AAAMAM,20,-0.030399999999999816
18,M83038,Clonazepam_Tab 500mcg,0408010F0AAABAB,16,11.299999999999976
19,M83038,Co-Codamol_Tab 8mg/500mg,0407010F0AAAAAA,2,0.00999999999999994
20,M83038,Mesalazine_Tab E/C 400mg,0105010B0AAAAAA,1,-25.667999999999996
21,M83038,Paracet_Tab 500mg,0407010H0AAAMAM,4,0.023999999999999855
22,M83047,Atorvastatin_Tab 80mg,0212000B0AAADAD,3,0.0063000000000001805
23,M83047,Clonazepam_Tab 500mcg,0408010F0AAABAB,7,4.113199999999992
24,M83047,Co-Codamol_Tab 8mg/500mg,0407010F0AAAAAA,10,0.05399999999999967
25,M83047,Mesalazine_Tab E/C 400mg,0105010B0AAAAAA,4,11.9784
26,M83047,Nefopam HCl_Tab 30mg,0407010P0AAABAB,9,0.03779999999999584
27,M83047,Paracet_Tab 500mg,0407010H0AAAMAM,24,-0.06479999999999961
28,M83061,Atorvastatin_Tab 20mg,0212000B0AAABAB,1,-0.0029999999999998778
29,M83061,Clonazepam_Tab 500mcg,0408010F0AAABAB,14,10.554199999999978
30,M83061,Paracet_Tab 500mg,0407010H0AAAMAM,12,0.07199999999999956
31,M83066,Atorvastatin_Tab 20mg,0212000B0AAABAB,234,247.88960000000003
32,M83066,Clonazepam_Tab 500mcg,0408010F0AAABAB,9,5.364999999999989
33,M83066,Paracet_Tab 500mg,0407010H0AAAMAM,86,17.529600000000016
34,M83068,Atorvastatin_Tab 20mg,0212000B0AAABAB,1,0.006000000000000172
35,M83068,Atorvastatin_Tab 80mg,0212000B0AAADAD,2,0.00840000000000024
36,M83068,Clonazepam_Tab 500mcg,0408010F0AAABAB,21,12.290399999999975
37,M83068,Co-Codamol_Tab 8mg/500mg,0407010F0AAAAAA,6,0.02999999999999982
38,M83068,Mesalazine_Tab E/C 400mg,0105010B0AAAAAA,2,-58.18079999999999
39,M83068,Nefopam HCl_Tab 30mg,0407010P0AAABAB,2,0.008399999999999075
40,M83068,Paracet_Tab 500mg,0407010H0AAAMAM,14,-0.031999999999999806
41,M83075,Atorvastatin_Tab 80mg,0212000B0AAADAD,52,0.7161000000000007
42,M83075,Clonazepam_Tab 500mcg,0408010F0AAABAB,11,5.06239999999999
43,M83075,Co-Codamol_Tab 8mg/500mg,0407010F0AAAAAA,8,0.022799999999999862
44,M83075,Mesalazine_Tab E/C 400mg,0105010B0AAAAAA,3,107.80559999999998
45,M83075,Nefopam HCl_Tab 30mg,0407010P0AAABAB,9,102.92079999999999
46,M83075,Paracet_Tab 500mg,0407010H0AAAMAM,224,9.76880000000001
47,M83076,Atorvastatin_Tab 40mg,0212000B0AAACAC,1,0.006000000000000172
48,M83076,Clonazepam_Tab 500mcg,0408010F0AAABAB,13,9.540199999999981
49,M83076,Co-Codamol_Tab 8mg/500mg,0407010F0AAAAAA,6,0.05479999999999967
50,M83082,Atorvastatin_Tab 20mg,0212000B0AAABAB,751,23.13080000000008
51,M83082,Clonazepam_Tab 500mcg,0408010F0AAABAB,24,10.667199999999976
52,M83082,Co-Codamol_Tab 8mg/500mg,0407010F0AAAAAA,4,0.02119999999999987
53,M83082,Montelukast_Tab 10mg,0303020G0AAABAB,90,97.60239999999999
54,M83082,Nefopam HCl_Tab 30mg,0407010P0AAABAB,8,50.803200000000004
55,M83082,Paracet_Tab 500mg,0407010H0AAAMAM,562,78.76000000000003
56,M83090,Atorvastatin_Tab 80mg,0212000B0AAADAD,8,0.01680000000000048
57,M83090,Clonazepam_Tab 500mcg,0408010F0AAABAB,6,3.977599999999992
58,M83090,Memantine HCl_Tab 20mg,0411000G0AAADAD,4,0.01959999999999998
59,M83090,Mesalazine_Tab E/C 400mg,0105010B0AAAAAA,1,23.956799999999998
60,M83090,Paracet_Tab 500mg,0407010H0AAAMAM,2,-0.011199999999999932
61,M83094,Atorvastatin_Tab 20mg,0212000B0AAABAB,1,0.00360000000000002
62,M83094,Atorvastatin_Tab 80mg,0212000B0AAADAD,9,0.014800000000000424
63,M83094,Clonazepam_Tab 500mcg,0408010F0AAABAB,20,9.72399999999998
64,M83094,Co-Codamol_Tab 8mg/500mg,0407010F0AAAAAA,2,10.6752
65,M83094,Memantine HCl_Tab 20mg,0411000G0AAADAD,8,0.03919999999999996
66,M83094,Paracet_Tab 500mg,0407010H0AAAMAM,6,-0.0335999999999998
67,M83100,Clonazepam_Tab 500mcg,0408010F0AAABAB,2,0.6553999999999987
68,M83100,Memantine HCl_Tab 20mg,0411000G0AAADAD,5,0.024499999999999973
69,M83100,Paracet_Tab 500mg,0407010H0AAAMAM,22,0.0015999999999999903
70,M83102,Atorvastatin_Tab 80mg,0212000B0AAADAD,5,0.0105000000000003
71,M83102,Clonazepam_Tab 500mcg,0408010F0AAABAB,14,6.757399999999986
72,M83102,Co-Codamol_Tab 8mg/500mg,0407010F0AAAAAA,2,0.0167999999999999
73,M83102,Paracet_Tab 500mg,0407010H0AAAMAM,50,-0.2335999999999986
74,M83123,Clonazepam_Tab 500mcg,0408010F0AAABAB,5,1.898399999999996
75,M83123,Co-Codamol_Tab 8mg/500mg,0407010F0AAAAAA,8,0.03999999999999976
76,M83123,Memantine HCl_Tab 20mg,0411000G0AAADAD,4,0.01959999999999998
77,M83123,Mesalazine_Tab E/C 400mg,0105010B0AAAAAA,1,23.956799999999998
78,M83123,Nefopam HCl_Tab 30mg,0407010P0AAABAB,2,0.008399999999999075
79,M83126,Atorvastatin_Tab 20mg,0212000B0AAABAB,3,0.006000000000000172
80,M83126,Clonazepam_Tab 500mcg,0408010F0AAABAB,14,8.66079999999998
81,M83126,Co-Codamol_Tab 8mg/500mg,0407010F0AAAAAA,6,2.7364
82,M83126,Paracet_Tab 500mg,0407010H0AAAMAM,12,-0.02479999999999985
83,M83127,Clonazepam_Tab 500mcg,0408010F0AAABAB,2,1.2655999999999974
84,M83127,Co-Codamol_Tab 8mg/500mg,0407010F0AAAAAA,10,0.0499999999999997
85,M83127,Paracet_Tab 500mg,0407010H0AAAMAM,20,0.0665999999999996
86,M83128,Atorvastatin_Tab 80mg,0212000B0AAADAD,2,0.00840000000000024
87,M83128,Clonazepam_Tab 500mcg,0408010F0AAABAB,11,5.315999999999988
88,M83128,Co-Codamol_Tab 8mg/500mg,0407010F0AAAAAA,18,0.08679999999999946
89,M83128,Paracet_Tab 500mg,0407010H0AAAMAM,22,0.013599999999999918
90,M83134,Atorvastatin_Tab 80mg,0212000B0AAADAD,1,0.00420000000000012
91,M83134,Clonazepam_Tab 500mcg,0408010F0AAABAB,4,2.531199999999995
92,M83134,Co-Codamol_Tab 8mg/500mg,0407010F0AAAAAA,2,0.011199999999999932
93,M83134,Mesalazine_Tab E/C 400mg,0105010B0AAAAAA,3,0.581599999999999
94,M83134,Paracet_Tab 500mg,0407010H0AAAMAM,2,0.005599999999999966
95,M83138,Atorvastatin_Tab 80mg,0212000B0AAADAD,4,0.00840000000000024
96,M83138,Clonazepam_Tab 500mcg,0408010F0AAABAB,16,9.989199999999979
97,M83138,Co-Codamol_Tab 8mg/500mg,0407010F0AAAAAA,34,-2.868799999999994
98,M83138,Memantine HCl_Tab 20mg,0411000G0AAADAD,8,0.03919999999999996
99,M83138,Paracet_Tab 500mg,0407010H0AAAMAM,62,-0.011199999999999932
100,M83143,Atorvastatin_Tab 80mg,0212000B0AAADAD,2,0.00840000000000024
101,M83143,Clonazepam_Tab 500mcg,0408010F0AAABAB,5,4.61039999999999
102,M83143,Co-Codamol_Tab 8mg/500mg,0407010F0AAAAAA,106,7.160000000000027
103,M83143,Paracet_Tab 500mg,0407010H0AAAMAM,4,-0.005599999999999966
104,M83146,Clonazepam_Tab 500mcg,0408010F0AAABAB,19,10.411799999999978
105,M83146,Co-Codamol_Tab 8mg/500mg,0407010F0AAAAAA,2,0.011199999999999932
106,M83146,Paracet_Tab 500mg,0407010H0AAAMAM,20,0.012799999999999923
107,M83601,Atorvastatin_Tab 80mg,0212000B0AAADAD,1,-0.0043999999999999595
108,M83601,Clonazepam_Tab 500mcg,0408010F0AAABAB,15,6.960799999999986
109,M83601,Mesalazine_Tab E/C 400mg,0105010B0AAAAAA,5,15.971200000000003
110,M83601,Nefopam HCl_Tab 30mg,0407010P0AAABAB,1,0.004499999999999504
111,M83601,Paracet_Tab 500mg,0407010H0AAAMAM,10,-0.015999999999999903
112,M83619,Atorvastatin_Tab 20mg,0212000B0AAABAB,66,225.27960000000002
113,M83619,Atorvastatin_Tab 40mg,0212000B0AAACAC,9,133.5096
114,M83619,Atorvastatin_Tab 80mg,0212000B0AAADAD,7,99.2152
115,M83619,Paracet_Tab 500mg,0407010H0AAAMAM,58,20.776000000000003
116,M83623,Clonazepam_Tab 500mcg,0408010F0AAABAB,2,1.6045999999999967
117,M83623,Montelukast_Tab 10mg,0303020G0AAABAB,1,0.004199999999999995
118,M83623,Paracet_Tab 500mg,0407010H0AAAMAM,60,0.336799999999998
119,M83624,Atorvastatin_Tab 80mg,0212000B0AAADAD,5,0.0105000000000003
120,M83624,Clonazepam_Tab 500mcg,0408010F0AAABAB,9,2.847599999999994
121,M83624,Co-Codamol_Tab 8mg/500mg,0407010F0AAAAAA,2,0.011199999999999932
122,M83624,Paracet_Tab 500mg,0407010H0AAAMAM,2,-0.011199999999999932
123,M83625,Atorvastatin_Tab 80mg,0212000B0AAADAD,13,0.03570000000000102
124,M83625,Clonazepam_Tab 500mcg,0408010F0AAABAB,15,9.491999999999981
125,M83625,Co-Codamol_Tab 8mg/500mg,0407010F0AAAAAA,4,0.01999999999999988
126,M83625,Mesalazine_Tab E/C 400mg,0105010B0AAAAAA,1,25.667999999999996
127,M83625,Montelukast_Tab 10mg,0303020G0AAABAB,8,-0.0021000000000000185
128,M83625,Nefopam HCl_Tab 30mg,0407010P0AAABAB,2,0.008999999999999009
129,M83625,Paracet_Tab 500mg,0407010H0AAAMAM,54,-0.25599999999999845
130,M83627,Atorvastatin_Tab 20mg,0212000B0AAABAB,3,0.002600000000000033
131,M83627,Clonazepam_Tab 500mcg,0408010F0AAABAB,3,1.2655999999999974
132,M83627,Co-Codamol_Tab 8mg/500mg,0407010F0AAAAAA,4,143.5392
133,M83627,Paracet_Tab 500mg,0407010H0AAAMAM,4,-0.019199999999999884
134,M83632,Atorvastatin_Tab 20mg,0212000B0AAABAB,5,0.022000000000000075
135,M83650,Atorvastatin_Tab 80mg,0212000B0AAADAD,5,0.0105000000000003
136,M83650,Clonazepam_Tab 500mcg,0408010F0AAABAB,5,2.598999999999995
137,M83650,Co-Codamol_Tab 8mg/500mg,0407010F0AAAAAA,4,0.01999999999999988
138,M83650,Mesalazine_Tab E/C 400mg,0105010B0AAAAAA,7,-12.287599999999998
139,M83650,Paracet_Tab 500mg,0407010H0AAAMAM,4,-0.0031999999999999112
140,M83661,Atorvastatin_Tab 80mg,0212000B0AAADAD,8,0.01680000000000048
141,M83661,Clonazepam_Tab 500mcg,0408010F0AAABAB,9,3.2807999999999926
142,M83661,Co-Codamol_Tab 8mg/500mg,0407010F0AAAAAA,18,0.0163999999999999
143,M83661,Memantine HCl_Tab 20mg,0411000G0AAADAD,4,0.01959999999999998
144,M83661,Mesalazine_Tab E/C 400mg,0105010B0AAAAAA,1,-15.971199999999998
145,M83661,Paracet_Tab 500mg,0407010H0AAAMAM,18,0.07119999999999957
146,M83682,Atorvastatin_Tab 80mg,0212000B0AAADAD,31,0.06510000000000186
147,M83682,Clonazepam_Tab 500mcg,0408010F0AAABAB,11,5.152799999999989
148,M83682,Co-Codamol_Tab 8mg/500mg,0407010F0AAAAAA,54,0.11839999999999928
149,M83682,Memantine HCl_Tab 20mg,0411000G0AAADAD,10,0.048999999999999946
150,M83682,Mesalazine_Tab E/C 400mg,0105010B0AAAAAA,3,-18.823199999999996
151,M83682,Nefopam HCl_Tab 30mg,0407010P0AAABAB,5,0.020999999999997687
152,M83682,Paracet_Tab 500mg,0407010H0AAAMAM,52,-0.027199999999999835
153,M83700,Clonazepam_Tab 500mcg,0408010F0AAABAB,1,0.6327999999999987
154,M83700,Paracet_Tab 500mg,0407010H0AAAMAM,16,-0.01999999999999988
155,M83709,Atorvastatin_Tab 20mg,0212000B0AAABAB,2,-0.0059999999999997555
156,M83709,Clonazepam_Tab 500mcg,0408010F0AAABAB,5,1.7853999999999963
157,M83709,Paracet_Tab 500mg,0407010H0AAAMAM,8,0.02479999999999985
158,M83711,Clonazepam_Tab 500mcg,0408010F0AAABAB,10,4.113199999999992
159,M83711,Co-Codamol_Tab 8mg/500mg,0407010F0AAAAAA,2,0.011199999999999932
160,M83711,Paracet_Tab 500mg,0407010H0AAAMAM,12,-0.050399999999999695
161,M83712,Clonazepam_Tab 500mcg,0408010F0AAABAB,1,0.31639999999999935
162,M83712,Co-Codamol_Tab 8mg/500mg,0407010F0AAAAAA,4,0.026799999999999838
163,M83712,Mesalazine_Tab E/C 400mg,0105010B0AAAAAA,1,23.956799999999998
164,M83712,Paracet_Tab 500mg,0407010H0AAAMAM,8,0.04799999999999971
165,M83713,Atorvastatin_Tab 80mg,0212000B0AAADAD,12,0.025200000000000722
166,M83713,Clonazepam_Tab 500mcg,0408010F0AAABAB,1,0.6327999999999987
167,M83713,Co-Codamol_Tab 8mg/500mg,0407010F0AAAAAA,4,0.02799999999999983
168,M83713,Mesalazine_Tab E/C 400mg,0105010B0AAAAAA,4,1.0658141036401503e-14
169,M83713,Paracet_Tab 500mg,0407010H0AAAMAM,54,-0.0983999999999994
170,M83714,Atorvastatin_Tab 20mg,0212000B0AAABAB,93,67.65400000000002
171,M83714,Co-Codamol_Tab 8mg/500mg,0407010F0AAAAAA,6,0.02999999999999982
172,M83714,Memantine HCl_Tab 20mg,0411000G0AAADAD,5,177.89800000000002
173,M83714,Paracet_Tab 500mg,0407010H0AAAMAM,32,10.212000000000002
174,M83725,Atorvastatin_Tab 80mg,0212000B0AAADAD,11,0.02310000000000066
175,M83725,Clonazepam_Tab 500mcg,0408010F0AAABAB,7,6.508799999999986
176,M83725,Co-Codamol_Tab 8mg/500mg,0407010F0AAAAAA,2,0.0167999999999999
177,M83725,Nefopam HCl_Tab 30mg,0407010P0AAABAB,2,0.008399999999999075
178,M83725,Paracet_Tab 500mg,0407010H0AAAMAM,40,-0.15679999999999905
179,Y00592,Clonazepam_Tab 500mcg,0408010F0AAABAB,18,12.768999999999973
180,Y00592,Co-Codamol_Tab 8mg/500mg,0407010F0AAAAAA,8,0.03999999999999976
181,Y00592,Paracet_Tab 500mg,0407010H0AAAMAM,10,-0.00999999999999994
182,Y02521,Atorvastatin_Tab 20mg,0212000B0AAABAB,1,0.006000000000000172
183,Y02521,Atorvastatin_Tab 40mg,0212000B0AAACAC,1,0.003799999999999977
184,Y02521,Atorvastatin_Tab 80mg,0212000B0AAADAD,9,0.01890000000000054
185,Y02521,Clonazepam_Tab 500mcg,0408010F0AAABAB,26,12.113599999999973
186,Y02521,Co-Codamol_Tab 8mg/500mg,0407010F0AAAAAA,6,-0.005599999999999966
187,Y02521,Memantine HCl_Tab 20mg,0411000G0AAADAD,5,0.024499999999999973
188,Y02521,Montelukast_Tab 10mg,0303020G0AAABAB,1,0.0039000000000001117
189,Y02521,Nefopam HCl_Tab 30mg,0407010P0AAABAB,1,0.004499999999999504
190,Y02521,Paracet_Tab 500mg,0407010H0AAAMAM,24,-0.051999999999999616
191,Y02867,Atorvastatin_Tab 80mg,0212000B0AAADAD,2,-0.005800000000000166
192,Y02867,Clonazepam_Tab 500mcg,0408010F0AAABAB,8,3.3221999999999934
193,Y02867,Co-Codamol_Tab 8mg/500mg,0407010F0AAAAAA,2,0.011199999999999932
194,Y02867,Paracet_Tab 500mg,0407010H0AAAMAM,20,-0.02159999999999987
