,practice_code,bnf_description,bnf_code,items,excess_cost
0,D83003,Clonazepam_Tab 500mcg,0408010F0AAABAB,11,4.008799999999992
1,D83003,Gabapentin_Cap 300mg,0408010G0AAABAB,12,0.0179000000000009
2,D83003,Hydroxychlor Sulf_Tab 200mg,1001030C0AAAAAA,3,0.00840000000000024
3,D83003,Memantine HCl_Tab 20mg,0411000G0AAADAD,5,0.024499999999999973
4,D83003,Paracet_Tab 500mg,0407010H0AAAMAM,104,-0.06019999999999964
5,D83005,Atorvastatin_Tab 20mg,0212000B0AAABAB,1,-0.002799999999999997
6,D83005,Clonazepam_Tab 500mcg,0408010F0AAABAB,25,8.215799999999984
7,D83005,Gabapentin_Cap 300mg,0408010G0AAABAB,16,0.028600000000001985
8,D83005,Hydroxychlor Sulf_Tab 200mg,1001030C0AAAAAA,10,0.03250000000000093
9,D83005,Paracet_Tab 500mg,0407010H0AAAMAM,14,-0.055199999999999666
10,D83012,Atorvastatin_Tab 20mg,0212000B0AAABAB,1,-0.0029999999999998778
11,D83012,Atorvastatin_Tab 40mg,0212000B0AAACAC,11,-0.024999999999999953
12,D83012,Clonazepam_Tab 500mcg,0408010F0AAABAB,27,16.079899999999967
13,D83012,Gabapentin_Cap 300mg,0408010G0AAABAB,17,0.01970000000000212
14,D83012,Hydroxychlor Sulf_Tab 200mg,1001030C0AAAAAA,26,0.06720000000000173
15,D83012,Montelukast_Tab 10mg,0303020G0AAABAB,68,24.371199999999998
16,D83012,Paracet_Tab 500mg,0407010H0AAAMAM,654,31.566000000000074
17,D83012,Paracet_Tab Solb 500mg,0407010H0AAAQAQ,8,-0.047999999999994714
18,D83013,Clonazepam_Tab 500mcg,0408010F0AAABAB,24,7.627499999999985
19,D83013,Gabapentin_Cap 300mg,0408010G0AAABAB,26,0.04800000000000293
20,D83013,Hydroxychlor Sulf_Tab 200mg,1001030C0AAAAAA,21,0.04290000000000206
21,D83013,Memantine HCl_Tab 20mg,0411000G0AAADAD,4,0.01959999999999998
22,D83013,Paracet_Tab 500mg,0407010H0AAAMAM,166,40.92920000000004
23,D83014,Clonazepam_Tab 500mcg,0408010F0AAABAB,13,7.729199999999984
24,D83014,Gabapentin_Cap 300mg,0408010G0AAABAB,13,0.0003000000000019515
25,D83014,Hydroxychlor Sulf_Tab 200mg,1001030C0AAAAAA,12,0.03220000000000112
26,D83014,Paracet_Tab 500mg,0407010H0AAAMAM,2,0.011999999999999927
27,D83018,Clonazepam_Tab 500mcg,0408010F0AAABAB,14,9.06259999999998
28,D83018,Gabapentin_Cap 300mg,0408010G0AAABAB,19,0.048500000000002166
29,D83018,Hydroxychlor Sulf_Tab 200mg,1001030C0AAAAAA,13,0.02240000000000142
30,D83018,Paracet_Tab 500mg,0407010H0AAAMAM,46,-0.05999999999999964
31,D83021,Atorvastatin_Tab 40mg,0212000B0AAACAC,258,23.116800000000012
32,D83021,Clonazepam_Tab 500mcg,0408010F0AAABAB,22,7.243299999999986
33,D83021,Escitalopram_Tab 20mg,0403030X0AAABAB,5,0.02149999999999999
34,D83021,Gabapentin_Cap 300mg,0408010G0AAABAB,29,0.02680000000000271
35,D83021,Hydroxychlor Sulf_Tab 200mg,1001030C0AAAAAA,41,28.199200000000012
36,D83021,Paracet_Tab 500mg,0407010H0AAAMAM,376,91.30860000000007
37,D83021,Paracet_Tab Solb 500mg,0407010H0AAAQAQ,2,94.208
38,D83027,Atorvastatin_Tab 20mg,0212000B0AAABAB,2,-0.0059999999999997555
39,D83027,Atorvastatin_Tab 40mg,0212000B0AAACAC,303,134.0472
40,D83027,Clonazepam_Tab 500mcg,0408010F0AAABAB,33,13.876399999999972
41,D83027,Gabapentin_Cap 300mg,0408010G0AAABAB,16,0.01140000000000188
42,D83027,Hydroxychlor Sulf_Tab 200mg,1001030C0AAAAAA,19,20.834600000000002
43,D83027,Memantine HCl_Tab 20mg,0411000G0AAADAD,4,0.01959999999999998
44,D83027,Paracet_Tab 500mg,0407010H0AAAMAM,200,9.350399999999993
45,D83029,Atorvastatin_Tab 20mg,0212000B0AAABAB,347,22.346800000000034
46,D83029,Clonazepam_Tab 500mcg,0408010F0AAABAB,15,10.744499999999986
47,D83029,Gabapentin_Cap 300mg,0408010G0AAABAB,13,0.0252000000000015
48,D83029,Hydroxychlor Sulf_Tab 200mg,1001030C0AAAAAA,24,0.037700000000002634
49,D83029,Memantine HCl_Tab 20mg,0411000G0AAADAD,24,191.70759999999999
50,D83029,Paracet_Tab 500mg,0407010H0AAAMAM,522,46.76759999999997
51,D83029,Paracet_Tab Solb 500mg,0407010H0AAAQAQ,2,-0.011999999999998678
52,D83033,Atorvastatin_Tab 20mg,0212000B0AAABAB,1,0.004400000000000015
53,D83033,Clonazepam_Tab 500mcg,0408010F0AAABAB,7,4.090599999999991
54,D83033,Gabapentin_Cap 300mg,0408010G0AAABAB,6,0.020800000000000596
55,D83033,Hydroxychlor Sulf_Tab 200mg,1001030C0AAAAAA,1,0.00280000000000008
56,D83038,Atorvastatin_Tab 40mg,0212000B0AAACAC,1,0.0013000000000000372
57,D83038,Clonazepam_Tab 500mcg,0408010F0AAABAB,33,16.35939999999997
58,D83038,Escitalopram_Tab 20mg,0403030X0AAABAB,3,22.377599999999997
59,D83038,Gabapentin_Cap 300mg,0408010G0AAABAB,14,15.5953
60,D83038,Hydroxychlor Sulf_Tab 200mg,1001030C0AAAAAA,21,27.025299999999998
61,D83038,Montelukast_Tab 10mg,0303020G0AAABAB,59,24.28440000000001
62,D83038,Paracet_Tab 500mg,0407010H0AAAMAM,404,131.9248000000001
63,D83038,Paracet_Tab Solb 500mg,0407010H0AAAQAQ,4,9.408000000000001
64,D83040,Atorvastatin_Tab 20mg,0212000B0AAABAB,1,-0.0007999999999999674
65,D83040,Clonazepam_Tab 500mcg,0408010F0AAABAB,21,7.066999999999986
66,D83040,Gabapentin_Cap 300mg,0408010G0AAABAB,12,0.0353000000000014
67,D83040,Hydroxychlor Sulf_Tab 200mg,1001030C0AAAAAA,14,0.0451000000000011
68,D83040,Paracet_Tab 500mg,0407010H0AAAMAM,82,-0.16799999999999848
69,D83040,Paracet_Tab Solb 500mg,0407010H0AAAQAQ,2,0.00800000000000023
70,D83045,Clonazepam_Tab 500mcg,0408010F0AAABAB,4,1.2655999999999974
71,D83045,Escitalopram_Tab 20mg,0403030X0AAABAB,6,22.3776
72,D83045,Gabapentin_Cap 300mg,0408010G0AAABAB,12,0.028400000000001202
73,D83045,Memantine HCl_Tab 20mg,0411000G0AAADAD,1,0.004899999999999995
74,D83045,Paracet_Tab 500mg,0407010H0AAAMAM,76,71.10000000000001
75,D83045,Paracet_Tab Solb 500mg,0407010H0AAAQAQ,2,-0.011999999999998678
76,D83055,Clonazepam_Tab 500mcg,0408010F0AAABAB,20,12.407399999999974
77,D83055,Gabapentin_Cap 300mg,0408010G0AAABAB,17,0.04230000000000121
78,D83055,Hydroxychlor Sulf_Tab 200mg,1001030C0AAAAAA,2,0.00560000000000016
79,D83055,Memantine HCl_Tab 20mg,0411000G0AAADAD,12,0.058799999999999936
80,D83055,Paracet_Tab 500mg,0407010H0AAAMAM,68,-0.09799999999999942
81,D83055,Paracet_Tab Solb 500mg,0407010H0AAAQAQ,4,-0.023999999999997357
82,D83060,Atorvastatin_Tab 20mg,0212000B0AAABAB,4,0.0036000000000002003
83,D83060,Atorvastatin_Tab 40mg,0212000B0AAACAC,80,5.600000000000001
84,D83060,Clonazepam_Tab 500mcg,0408010F0AAABAB,32,16.475399999999965
85,D83060,Gabapentin_Cap 300mg,0408010G0AAABAB,38,0.0651000000000042
86,D83060,Hydroxychlor Sulf_Tab 200mg,1001030C0AAAAAA,31,0.03220000000000306
87,D83060,Memantine HCl_Tab 20mg,0411000G0AAADAD,14,0.06859999999999992
88,D83060,Paracet_Tab 500mg,0407010H0AAAMAM,58,0.004399999999999987
89,D83060,Paracet_Tab Solb 500mg,0407010H0AAAQAQ,2,-0.006399999999999295
90,D83062,Atorvastatin_Tab 20mg,0212000B0AAABAB,276,67.75730000000001
91,D83062,Atorvastatin_Tab 40mg,0212000B0AAACAC,142,22.265600000000003
92,D83062,Clonazepam_Tab 500mcg,0408010F0AAABAB,10,8.138399999999983
93,D83062,Gabapentin_Cap 300mg,0408010G0AAABAB,55,115.23140000000002
94,D83062,Hydroxychlor Sulf_Tab 200mg,1001030C0AAAAAA,14,0.05220000000000169
95,D83062,Montelukast_Tab 10mg,0303020G0AAABAB,33,1.0164000000000035
96,D83062,Paracet_Tab 500mg,0407010H0AAAMAM,50,22.875200000000003
97,D83064,Clonazepam_Tab 500mcg,0408010F0AAABAB,13,4.50869999999999
98,D83064,Gabapentin_Cap 300mg,0408010G0AAABAB,5,0.0060000000000005604
99,D83064,Hydroxychlor Sulf_Tab 200mg,1001030C0AAAAAA,5,3.885780586188048e-16
100,D83064,Paracet_Tab 500mg,0407010H0AAAMAM,32,22.612800000000004
101,D83067,Atorvastatin_Tab 20mg,0212000B0AAABAB,1,-0.0026999999999999837
102,D83067,Atorvastatin_Tab 40mg,0212000B0AAACAC,79,22.341199999999994
103,D83067,Clonazepam_Tab 500mcg,0408010F0AAABAB,8,5.700199999999989
104,D83067,Gabapentin_Cap 300mg,0408010G0AAABAB,2,0.00800000000000023
105,D83067,Montelukast_Tab 10mg,0303020G0AAABAB,28,24.382399999999997
106,D83067,Paracet_Tab 500mg,0407010H0AAAMAM,180,85.56000000000002
107,D83070,Clonazepam_Tab 500mcg,0408010F0AAABAB,12,6.373199999999986
108,D83070,Gabapentin_Cap 300mg,0408010G0AAABAB,1,0.00280000000000008
109,D83075,Atorvastatin_Tab 20mg,0212000B0AAABAB,173,22.766800000000014
110,D83075,Clonazepam_Tab 500mcg,0408010F0AAABAB,20,10.101199999999979
111,D83075,Escitalopram_Tab 20mg,0403030X0AAABAB,16,67.0656
112,D83075,Gabapentin_Cap 300mg,0408010G0AAABAB,5,-0.01099999999999915
113,D83075,Hydroxychlor Sulf_Tab 200mg,1001030C0AAAAAA,14,13.636
114,D83075,Memantine HCl_Tab 20mg,0411000G0AAADAD,10,63.895999999999994
115,D83075,Montelukast_Tab 10mg,0303020G0AAABAB,33,243.75119999999998
116,D83075,Paracet_Tab 500mg,0407010H0AAAMAM,188,70.92160000000001
117,D83076,Clonazepam_Tab 500mcg,0408010F0AAABAB,15,11.006199999999977
118,D83076,Gabapentin_Cap 300mg,0408010G0AAABAB,1,-0.005599999999999772
119,D83076,Hydroxychlor Sulf_Tab 200mg,1001030C0AAAAAA,3,50.47280000000001
120,D83078,Clonazepam_Tab 500mcg,0408010F0AAABAB,4,2.5537999999999945
121,D83078,Gabapentin_Cap 300mg,0408010G0AAABAB,9,39.413500000000006
122,D83078,Hydroxychlor Sulf_Tab 200mg,1001030C0AAAAAA,2,0.005599999999999966
123,D83078,Memantine HCl_Tab 20mg,0411000G0AAADAD,4,0.01959999999999998
124,D83078,Paracet_Tab 500mg,0407010H0AAAMAM,22,0.09599999999999942
125,D83610,Atorvastatin_Tab 20mg,0212000B0AAABAB,1,0.003800000000000109
126,D83610,Clonazepam_Tab 500mcg,0408010F0AAABAB,9,6.712199999999987
127,D83610,Gabapentin_Cap 300mg,0408010G0AAABAB,51,87.573
128,D83610,Hydroxychlor Sulf_Tab 200mg,1001030C0AAAAAA,17,13.541700000000004
129,D83610,Memantine HCl_Tab 20mg,0411000G0AAADAD,2,0.00839999999999999
130,D83610,Montelukast_Tab 10mg,0303020G0AAABAB,1,0.0032000000000000917
131,D83610,Paracet_Tab 500mg,0407010H0AAAMAM,488,207.47600000000006
132,Y00774,Atorvastatin_Tab 40mg,0212000B0AAACAC,4,-0.011999999999999511
133,Y00774,Clonazepam_Tab 500mcg,0408010F0AAABAB,6,2.7797999999999945
134,Y00774,Gabapentin_Cap 300mg,0408010G0AAABAB,11,-0.041599999999997694
135,Y00774,Hydroxychlor Sulf_Tab 200mg,1001030C0AAAAAA,3,0.00840000000000024
136,Y00774,Paracet_Tab 500mg,0407010H0AAAMAM,4,-0.022399999999999864
