,practice_code,bnf_description,bnf_code,items,excess_cost
0,G85003,Buprenorphine_Tab Subling 400mcg S/F,0410030A0AAACAC,3,1.4934000000000005
1,G85003,Clonazepam_Tab 500mcg,0408010F0AAABAB,16,2.372999999999995
2,G85003,Mesalazine_Tab E/C 400mg,0105010B0AAAAAA,1,-85.55999999999999
3,G85003,Pyridox HCl_Tab 50mg,0906024N0AAAIAI,1,3.830400000000001
4,G85004,Amiodarone HCl_Tab 200mg,0203020D0AAABAB,2,2.100000000000002
5,G85004,Amisulpride_Tab 400mg,0402010A0AAAEAE,1,0.24080000000000146
6,G85004,Clonazepam_Tab 500mcg,0408010F0AAABAB,11,6.060799999999988
7,G85005,Amiodarone HCl_Tab 200mg,0203020D0AAABAB,3,1.4000000000000012
8,G85005,Amisulpride_Tab 400mg,0402010A0AAAEAE,3,0.9632000000000058
9,G85005,Buprenorphine_Tab Subling 400mcg S/F,0410030A0AAACAC,8,8.9488
10,G85005,Clonazepam_Tab 500mcg,0408010F0AAABAB,21,17.23749999999996
11,G85005,Mesalazine_Tab E/C 400mg,0105010B0AAAAAA,2,25.667999999999996
12,G85005,Pyridox HCl_Tab 50mg,0906024N0AAAIAI,1,2.8728000000000007
13,G85008,Amiodarone HCl_Tab 200mg,0203020D0AAABAB,1,0.3500000000000003
14,G85008,Clonazepam_Tab 500mcg,0408010F0AAABAB,3,2.2373999999999956
15,G85015,Amisulpride_Tab 400mg,0402010A0AAAEAE,1,0.2640000000000009
16,G85015,Clonazepam_Tab 500mcg,0408010F0AAABAB,10,4.251799999999991
17,G85020,Amiodarone HCl_Tab 200mg,0203020D0AAABAB,1,0.3500000000000003
18,G85020,Pyridox HCl_Tab 50mg,0906024N0AAAIAI,4,0.4788000000000001
19,G85023,Amiodarone HCl_Tab 200mg,0203020D0AAABAB,1,0.7000000000000006
20,G85023,Amisulpride_Tab 400mg,0402010A0AAAEAE,1,0.5220000000000025
21,G85023,Clonazepam_Tab 500mcg,0408010F0AAABAB,9,3.559499999999993
22,G85023,Griseofulvin_Tab 500mg,0502050B0AAACAC,1,1.9824000000000008
23,G85023,Mesalazine_Tab E/C 800mg,0105010B0AAASAS,2,40.17999999999999
24,G85024,Amiodarone HCl_Tab 200mg,0203020D0AAABAB,2,0.7000000000000006
25,G85024,Amisulpride_Tab 400mg,0402010A0AAAEAE,1,0.24080000000000146
26,G85024,Clonazepam_Tab 500mcg,0408010F0AAABAB,4,3.4803999999999924
27,G85024,Griseofulvin_Tab 500mg,0502050B0AAACAC,1,4.710000000000003
28,G85024,Mesalazine_Tab E/C 400mg,0105010B0AAAAAA,2,4.272
29,G85024,Pyridox HCl_Tab 50mg,0906024N0AAAIAI,2,3.830400000000001
30,G85026,Amiodarone HCl_Tab 200mg,0203020D0AAABAB,1,0.7000000000000006
31,G85026,Clonazepam_Tab 500mcg,0408010F0AAABAB,1,0.31639999999999935
32,G85026,Mesalazine_Tab E/C 400mg,0105010B0AAAAAA,1,-51.33599999999999
33,G85027,Amiodarone HCl_Tab 200mg,0203020D0AAABAB,2,0.7000000000000006
34,G85027,Amisulpride_Tab 400mg,0402010A0AAAEAE,1,0.5220000000000025
35,G85027,Clonazepam_Tab 500mcg,0408010F0AAABAB,3,2.3277999999999954
36,G85027,Mesalazine_Tab E/C 400mg,0105010B0AAAAAA,1,25.667999999999996
37,G85027,Pyridox HCl_Tab 50mg,0906024N0AAAIAI,3,0.7182000000000002
38,G85032,Amisulpride_Tab 400mg,0402010A0AAAEAE,11,5.201200000000029
39,G85032,Clonazepam_Tab 500mcg,0408010F0AAABAB,9,5.19799999999999
40,G85032,Valsartan_Tab 40mg,0205052V0AAADAD,1,3.8360000000000003
41,G85035,Clonazepam_Tab 500mcg,0408010F0AAABAB,9,9.051299999999982
42,G85035,Mesalazine_Tab E/C 400mg,0105010B0AAAAAA,1,23.956799999999998
43,G85035,Pyridox HCl_Tab 50mg,0906024N0AAAIAI,1,0.4788000000000001
44,G85036,Amiodarone HCl_Tab 200mg,0203020D0AAABAB,1,0.7000000000000006
45,G85036,Amisulpride_Tab 400mg,0402010A0AAAEAE,1,0.24080000000000146
46,G85036,Clonazepam_Tab 500mcg,0408010F0AAABAB,6,5.695199999999988
47,G85036,Griseofulvin_Tab 500mg,0502050B0AAACAC,2,2.643200000000001
48,G85036,Mesalazine_Tab E/C 400mg,0105010B0AAAAAA,1,-28.519999999999996
49,G85036,Pyridox HCl_Tab 50mg,0906024N0AAAIAI,1,0.4788000000000001
50,G85038,Amiodarone HCl_Tab 200mg,0203020D0AAABAB,2,1.050000000000001
51,G85038,Amisulpride_Tab 400mg,0402010A0AAAEAE,3,1.9264000000000117
52,G85038,Clonazepam_Tab 500mcg,0408010F0AAABAB,16,3.6075999999999926
53,G85038,Mesalazine_Tab E/C 800mg,0105010B0AAASAS,2,-18.432
54,G85046,Buprenorphine_Tab Subling 400mcg S/F,0410030A0AAACAC,2,1.5232
55,G85046,Clonazepam_Tab 500mcg,0408010F0AAABAB,14,8.489299999999982
56,G85046,Mesalazine_Tab E/C 400mg,0105010B0AAAAAA,1,47.913599999999995
57,G85048,Clonazepam_Tab 500mcg,0408010F0AAABAB,2,0.474599999999999
58,G85055,Amiodarone HCl_Tab 200mg,0203020D0AAABAB,1,0.3500000000000003
59,G85055,Amisulpride_Tab 400mg,0402010A0AAAEAE,1,0.5220000000000025
60,G85055,Clonazepam_Tab 500mcg,0408010F0AAABAB,14,5.315999999999988
61,G85055,Pyridox HCl_Tab 50mg,0906024N0AAAIAI,2,0.7182000000000002
62,G85055,Risperidone_Tab 6mg,040201030AAAFAF,1,29.2096
63,G85057,Clonazepam_Tab 500mcg,0408010F0AAABAB,8,2.452099999999995
64,G85057,Mesalazine_Tab E/C 400mg,0105010B0AAAAAA,1,-25.667999999999996
65,G85057,Pyridox HCl_Tab 50mg,0906024N0AAAIAI,2,1.9152000000000005
66,G85061,Amiodarone HCl_Tab 200mg,0203020D0AAABAB,1,0.7000000000000006
67,G85061,Clonazepam_Tab 500mcg,0408010F0AAABAB,3,1.3107999999999973
68,G85076,Clonazepam_Tab 500mcg,0408010F0AAABAB,5,1.8265999999999967
69,G85081,Amiodarone HCl_Tab 200mg,0203020D0AAABAB,2,0.7000000000000006
70,G85081,Amisulpride_Tab 400mg,0402010A0AAAEAE,3,2.0476000000000103
71,G85081,Clonazepam_Tab 500mcg,0408010F0AAABAB,2,1.5819999999999967
72,G85081,Mesalazine_Tab E/C 400mg,0105010B0AAAAAA,1,34.224
73,G85085,Amiodarone HCl_Tab 200mg,0203020D0AAABAB,2,1.4000000000000012
74,G85085,Clonazepam_Tab 500mcg,0408010F0AAABAB,6,4.113199999999992
75,G85089,Amisulpride_Tab 400mg,0402010A0AAAEAE,1,0.5220000000000025
76,G85089,Buprenorphine_Tab Subling 400mcg S/F,0410030A0AAACAC,1,1.5232
77,G85089,Clonazepam_Tab 500mcg,0408010F0AAABAB,5,3.1639999999999935
78,G85089,Mesalazine_Tab E/C 400mg,0105010B0AAAAAA,3,65.0016
79,G85089,Pyridox HCl_Tab 50mg,0906024N0AAAIAI,1,0.9576000000000002
80,G85104,Amiodarone HCl_Tab 200mg,0203020D0AAABAB,1,0.7000000000000006
81,G85104,Amisulpride_Tab 400mg,0402010A0AAAEAE,3,0.7224000000000044
82,G85104,Clonazepam_Tab 500mcg,0408010F0AAABAB,6,2.847599999999994
83,G85104,Valsartan_Tab 40mg,0205052V0AAADAD,2,11.508000000000001
84,G85105,Amiodarone HCl_Tab 200mg,0203020D0AAABAB,2,1.050000000000001
85,G85105,Clonazepam_Tab 500mcg,0408010F0AAABAB,5,5.265799999999989
86,G85105,Griseofulvin_Tab 500mg,0502050B0AAACAC,4,10.572800000000004
87,G85105,Mesalazine_Tab E/C 800mg,0105010B0AAASAS,1,55.34999999999999
88,G85114,Amiodarone HCl_Tab 200mg,0203020D0AAABAB,1,0.7000000000000006
89,G85114,Amisulpride_Tab 400mg,0402010A0AAAEAE,2,1.2848000000000064
90,G85114,Clonazepam_Tab 500mcg,0408010F0AAABAB,6,3.1639999999999935
91,G85114,Mesalazine_Tab E/C 400mg,0105010B0AAAAAA,7,-37.123999999999995
92,G85120,Amisulpride_Tab 400mg,0402010A0AAAEAE,12,1.2264000000000048
93,G85120,Clonazepam_Tab 500mcg,0408010F0AAABAB,5,2.531199999999995
94,G85121,Clonazepam_Tab 500mcg,0408010F0AAABAB,10,5.559599999999989
95,G85121,Mesalazine_Tab E/C 400mg,0105010B0AAAAAA,1,34.224
96,G85121,Pyridox HCl_Tab 50mg,0906024N0AAAIAI,1,0.9576000000000002
97,G85124,Amiodarone HCl_Tab 200mg,0203020D0AAABAB,1,0.3500000000000003
98,G85124,Amisulpride_Tab 400mg,0402010A0AAAEAE,1,0.4816000000000029
99,G85124,Clonazepam_Tab 500mcg,0408010F0AAABAB,9,6.169799999999988
100,G85124,Mesalazine_Tab E/C 800mg,0105010B0AAASAS,1,36.89999999999999
101,G85633,Amisulpride_Tab 400mg,0402010A0AAAEAE,3,1.4852000000000083
102,G85633,Buprenorphine_Tab Subling 400mcg S/F,0410030A0AAACAC,12,5.712
103,G85633,Clonazepam_Tab 500mcg,0408010F0AAABAB,17,7.722899999999983
104,G85633,Griseofulvin_Tab 500mg,0502050B0AAACAC,1,0.9912000000000004
105,G85633,Mesalazine_Tab E/C 400mg,0105010B0AAAAAA,1,31.942399999999996
106,G85633,Risperidone_Tab 6mg,040201030AAAFAF,1,29.2096
107,G85696,Amiodarone HCl_Tab 200mg,0203020D0AAABAB,1,0.3500000000000003
108,G85696,Amisulpride_Tab 400mg,0402010A0AAAEAE,1,0.24080000000000146
109,G85696,Clonazepam_Tab 500mcg,0408010F0AAABAB,9,3.417099999999993
110,G85696,Mesalazine_Tab E/C 400mg,0105010B0AAAAAA,2,22.2456
111,G85696,Mesalazine_Tab E/C 800mg,0105010B0AAASAS,1,68.87999999999998
112,G85698,Amisulpride_Tab 400mg,0402010A0AAAEAE,4,2.08800000000001
113,G85698,Buprenorphine_Tab Subling 400mcg S/F,0410030A0AAACAC,3,4.5696
114,G85698,Clonazepam_Tab 500mcg,0408010F0AAABAB,10,6.418399999999988
115,G85711,Clonazepam_Tab 500mcg,0408010F0AAABAB,2,0.474599999999999
116,G85716,Amisulpride_Tab 400mg,0402010A0AAAEAE,2,0.4816000000000029
117,G85716,Clonazepam_Tab 500mcg,0408010F0AAABAB,5,4.022799999999991
118,G85716,Pyridox HCl_Tab 50mg,0906024N0AAAIAI,1,1.9152000000000005
119,G85717,Clonazepam_Tab 500mcg,0408010F0AAABAB,6,1.966199999999996
120,G85722,Amiodarone HCl_Tab 200mg,0203020D0AAABAB,4,2.450000000000002
121,G85722,Amisulpride_Tab 400mg,0402010A0AAAEAE,1,0.7224000000000044
122,G85722,Clonazepam_Tab 500mcg,0408010F0AAABAB,2,1.2655999999999974
123,G85722,Mesalazine_Tab E/C 400mg,0105010B0AAAAAA,1,-17.112
124,G85722,Pyridox HCl_Tab 50mg,0906024N0AAAIAI,1,0.9576000000000002
125,G85727,Clonazepam_Tab 500mcg,0408010F0AAABAB,2,0.949199999999998
126,G85727,Mesalazine_Tab E/C 400mg,0105010B0AAAAAA,2,-21.675199999999997
127,G85736,Clonazepam_Tab 500mcg,0408010F0AAABAB,1,0.31639999999999935
128,G85736,Mesalazine_Tab E/C 400mg,0105010B0AAAAAA,1,77.00399999999999
129,G85736,Pyridox HCl_Tab 50mg,0906024N0AAAIAI,1,1.7100000000000004
