,practice_code,bnf_description,bnf_code,items,excess_cost
0,E81063,Atorvastatin_Tab 20mg,0212000B0AAABAB,181,225.52599999999998
214,E81073,Letrozole_Tab 2.5mg,0803041L0AAAAAA,2,195.72
220,E81016,Aripiprazole_Tab 10mg,0402010ADAAAAAA,1,174.4624
1,E81028,Atorvastatin_Tab 20mg,0212000B0AAABAB,92,135.49760000000003
310,E81073,Quetiapine_Tab 25mg,0402010ABAAABAB,6,122.472
174,E81028,Quetiapine_Tab 300mg,0402010ABAAAKAK,2,120.01920000000001
175,E81073,Quetiapine_Tab 300mg,0402010ABAAAKAK,1,120.01360000000003
215,E81073,Letrozole_Tab 2.5mg,0803041L0AAAAAA,6,97.86
226,E81073,Lansoprazole_Cap 30mg (E/C Gran),0103050L0AAAAAA,73,91.97999999999999
2,E81073,Atorvastatin_Tab 20mg,0212000B0AAABAB,90,90.72000000000001
221,E81032,Aripiprazole_Tab 10mg,0402010ADAAAAAA,10,87.22
311,E81032,Quetiapine_Tab 25mg,0402010ABAAABAB,1,76.55199999999999
258,E81028,Atorvastatin_Tab 10mg,0212000B0AAAAAA,30,69.72
176,Y02332,Quetiapine_Tab 300mg,0402010ABAAAKAK,1,64.296
301,E81028,Memantine HCl_Tab 20mg,0411000G0AAADAD,9,63.907199999999996
302,E81064,Memantine HCl_Tab 20mg,0411000G0AAADAD,2,63.9016
303,E81006,Memantine HCl_Tab 20mg,0411000G0AAADAD,10,63.895999999999994
284,E81028,Ferr Sulf_Tab 200mg,0901011P0AAACAC,10,63.41999999999999
259,E81063,Atorvastatin_Tab 10mg,0212000B0AAAAAA,43,46.4744
3,E81016,Atorvastatin_Tab 20mg,0212000B0AAABAB,77,45.27600000000001
4,E81632,Atorvastatin_Tab 20mg,0212000B0AAABAB,101,45.248
227,E81040,Lansoprazole_Cap 30mg (E/C Gran),0103050L0AAAAAA,95,45.220000000000006
5,E81612,Atorvastatin_Tab 20mg,0212000B0AAABAB,24,45.15840000000001
6,E81018,Atorvastatin_Tab 20mg,0212000B0AAABAB,76,45.11360000000002
8,E81063,Atorvastatin_Tab 20mg,0212000B0AAABAB,46,45.080000000000005
7,E81032,Atorvastatin_Tab 20mg,0212000B0AAABAB,161,45.080000000000005
9,E81016,Atorvastatin_Tab 20mg,0212000B0AAABAB,32,45.068799999999996
285,E81028,Ferr Sulf_Tab 200mg,0901011P0AAACAC,7,42.336
286,E81016,Ferr Sulf_Tab 200mg,0901011P0AAACAC,1,42.252
23,E81018,Paracet_Tab 500mg,0407010H0AAAMAM,55,37.400000000000006
22,E81018,Paracet_Tab 500mg,0407010H0AAAMAM,55,37.400000000000006
25,E81018,Paracet_Tab 500mg,0407010H0AAAMAM,124,35.96
24,E81018,Paracet_Tab 500mg,0407010H0AAAMAM,124,35.96
260,E81018,Atorvastatin_Tab 10mg,0212000B0AAAAAA,4,34.910399999999996
304,E81073,Memantine HCl_Tab 20mg,0411000G0AAADAD,2,31.949400000000004
287,E81006,Ferr Sulf_Tab 200mg,0901011P0AAACAC,1,28.168
228,E81028,Lansoprazole_Cap 30mg (E/C Gran),0103050L0AAAAAA,72,25.20000000000001
229,Y02332,Lansoprazole_Cap 30mg (E/C Gran),0103050L0AAAAAA,73,24.323600000000003
261,E81632,Atorvastatin_Tab 10mg,0212000B0AAAAAA,31,23.262400000000003
262,Y02463,Atorvastatin_Tab 10mg,0212000B0AAAAAA,12,23.2512
263,E81063,Atorvastatin_Tab 10mg,0212000B0AAAAAA,16,23.2064
230,E81032,Lansoprazole_Cap 30mg (E/C Gran),0103050L0AAAAAA,12,22.5876
10,E81612,Atorvastatin_Tab 20mg,0212000B0AAABAB,48,22.579200000000004
231,E81073,Lansoprazole_Cap 30mg (E/C Gran),0103050L0AAAAAA,90,22.42800000000001
289,Y02332,Ferr Sulf_Tab 200mg,0901011P0AAACAC,13,21.1848
288,E81032,Ferr Sulf_Tab 200mg,0901011P0AAACAC,13,21.1848
312,E81028,Quetiapine_Tab 25mg,0402010ABAAABAB,2,15.315999999999999
290,E81018,Ferr Sulf_Tab 200mg,0901011P0AAACAC,2,14.084
264,E81028,Atorvastatin_Tab 10mg,0212000B0AAAAAA,22,11.6424
265,Y02332,Atorvastatin_Tab 10mg,0212000B0AAAAAA,42,11.642399999999999
26,E81032,Paracet_Tab 500mg,0407010H0AAAMAM,57,11.491200000000019
27,E81032,Paracet_Tab 500mg,0407010H0AAAMAM,57,11.491200000000019
28,E81028,Paracet_Tab 500mg,0407010H0AAAMAM,9,11.340000000000002
29,E81028,Paracet_Tab 500mg,0407010H0AAAMAM,9,11.340000000000002
30,E81028,Paracet_Tab 500mg,0407010H0AAAMAM,51,10.281600000000017
31,E81028,Paracet_Tab 500mg,0407010H0AAAMAM,51,10.281600000000017
33,E81632,Paracet_Tab 500mg,0407010H0AAAMAM,21,10.080000000000005
32,E81632,Paracet_Tab 500mg,0407010H0AAAMAM,21,10.080000000000005
34,E81028,Paracet_Tab 500mg,0407010H0AAAMAM,33,9.90000000000001
35,E81028,Paracet_Tab 500mg,0407010H0AAAMAM,33,9.90000000000001
36,Y02332,Paracet_Tab 500mg,0407010H0AAAMAM,61,9.760000000000005
37,Y02332,Paracet_Tab 500mg,0407010H0AAAMAM,61,9.760000000000005
39,E81632,Paracet_Tab 500mg,0407010H0AAAMAM,9,8.467200000000002
38,E81632,Paracet_Tab 500mg,0407010H0AAAMAM,9,8.467200000000002
313,E81005,Quetiapine_Tab 25mg,0402010ABAAABAB,1,7.6579999999999995
232,E81016,Lansoprazole_Cap 30mg (E/C Gran),0103050L0AAAAAA,25,7.280000000000005
291,E81073,Ferr Sulf_Tab 200mg,0901011P0AAACAC,6,7.0392
41,E81018,Paracet_Tab 500mg,0407010H0AAAMAM,9,7.020000000000004
40,E81018,Paracet_Tab 500mg,0407010H0AAAMAM,9,7.020000000000004
43,Y02332,Paracet_Tab 500mg,0407010H0AAAMAM,3,6.048000000000001
42,Y02332,Paracet_Tab 500mg,0407010H0AAAMAM,3,6.048000000000001
45,E81028,Paracet_Tab 500mg,0407010H0AAAMAM,21,5.644800000000006
44,E81028,Paracet_Tab 500mg,0407010H0AAAMAM,21,5.644800000000006
233,E81028,Lansoprazole_Cap 30mg (E/C Gran),0103050L0AAAAAA,27,5.292000000000005
47,E81076,Paracet_Tab 500mg,0407010H0AAAMAM,62,4.960000000000013
46,E81076,Paracet_Tab 500mg,0407010H0AAAMAM,62,4.960000000000013
48,E81064,Paracet_Tab 500mg,0407010H0AAAMAM,31,4.960000000000003
49,E81064,Paracet_Tab 500mg,0407010H0AAAMAM,31,4.960000000000003
50,E81018,Paracet_Tab 500mg,0407010H0AAAMAM,1,3.576
51,E81018,Paracet_Tab 500mg,0407010H0AAAMAM,1,3.576
234,E81018,Lansoprazole_Cap 30mg (E/C Gran),0103050L0AAAAAA,11,3.3264000000000014
52,E81040,Paracet_Tab 500mg,0407010H0AAAMAM,1,3.2192
53,E81040,Paracet_Tab 500mg,0407010H0AAAMAM,1,3.2192
235,E81018,Lansoprazole_Cap 30mg (E/C Gran),0103050L0AAAAAA,47,2.5003999999999986
236,E81063,Lansoprazole_Cap 30mg (E/C Gran),0103050L0AAAAAA,57,1.9151999999999996
237,E81633,Lansoprazole_Cap 30mg (E/C Gran),0103050L0AAAAAA,4,1.8368000000000007
54,E81028,Paracet_Tab 500mg,0407010H0AAAMAM,7,1.6128000000000005
55,E81028,Paracet_Tab 500mg,0407010H0AAAMAM,7,1.6128000000000005
57,E81018,Paracet_Tab 500mg,0407010H0AAAMAM,13,1.4975999999999996
56,E81018,Paracet_Tab 500mg,0407010H0AAAMAM,13,1.4975999999999996
238,E81006,Lansoprazole_Cap 30mg (E/C Gran),0103050L0AAAAAA,53,0.890400000000005
58,E81018,Paracet_Tab 500mg,0407010H0AAAMAM,1,0.8344
59,E81018,Paracet_Tab 500mg,0407010H0AAAMAM,1,0.8344
61,E81612,Paracet_Tab 500mg,0407010H0AAAMAM,20,0.6000000000000033
60,E81612,Paracet_Tab 500mg,0407010H0AAAMAM,20,0.6000000000000033
11,Y02332,Atorvastatin_Tab 20mg,0212000B0AAABAB,74,0.41440000000001187
12,Y02332,Atorvastatin_Tab 20mg,0212000B0AAABAB,88,0.24640000000000706
62,E81040,Paracet_Tab 500mg,0407010H0AAAMAM,16,0.09599999999999942
63,E81040,Paracet_Tab 500mg,0407010H0AAAMAM,16,0.09599999999999942
266,E81076,Atorvastatin_Tab 10mg,0212000B0AAAAAA,33,0.06930000000000039
65,E81018,Paracet_Tab 500mg,0407010H0AAAMAM,1,0.06719999999999993
64,E81018,Paracet_Tab 500mg,0407010H0AAAMAM,1,0.06719999999999993
292,E81010,Ferr Sulf_Tab 200mg,0901011P0AAACAC,9,0.050399999999999695
239,E81001,Lansoprazole_Cap 30mg (E/C Gran),0103050L0AAAAAA,16,0.044800000000000506
305,E81076,Memantine HCl_Tab 20mg,0411000G0AAADAD,9,0.04409999999999995
13,E81041,Atorvastatin_Tab 20mg,0212000B0AAABAB,7,0.0420000000000012
241,E81073,Lansoprazole_Cap 30mg (E/C Gran),0103050L0AAAAAA,15,0.042000000000000474
240,E81010,Lansoprazole_Cap 30mg (E/C Gran),0103050L0AAAAAA,15,0.042000000000000474
67,E81063,Paracet_Tab 500mg,0407010H0AAAMAM,6,0.03599999999999978
66,E81063,Paracet_Tab 500mg,0407010H0AAAMAM,6,0.03599999999999978
242,E81076,Lansoprazole_Cap 30mg (E/C Gran),0103050L0AAAAAA,12,0.03360000000000038
306,E81018,Memantine HCl_Tab 20mg,0411000G0AAADAD,6,0.029399999999999968
69,E81076,Paracet_Tab 500mg,0407010H0AAAMAM,7,0.029399999999999822
68,E81076,Paracet_Tab 500mg,0407010H0AAAMAM,7,0.029399999999999822
243,E81005,Lansoprazole_Cap 30mg (E/C Gran),0103050L0AAAAAA,5,0.028000000000000316
293,E81065,Ferr Sulf_Tab 200mg,0901011P0AAACAC,5,0.02799999999999983
71,E81063,Paracet_Tab 500mg,0407010H0AAAMAM,6,0.025199999999999848
70,E81063,Paracet_Tab 500mg,0407010H0AAAMAM,6,0.025199999999999848
307,Y02463,Memantine HCl_Tab 20mg,0411000G0AAADAD,5,0.024499999999999973
73,E81048,Paracet_Tab 500mg,0407010H0AAAMAM,4,0.023999999999999855
72,E81048,Paracet_Tab 500mg,0407010H0AAAMAM,4,0.023999999999999855
294,E81073,Ferr Sulf_Tab 200mg,0901011P0AAACAC,4,0.023999999999999022
177,E81026,Quetiapine_Tab 300mg,0402010ABAAAKAK,4,0.023999999999997357
244,E81063,Lansoprazole_Cap 30mg (E/C Gran),0103050L0AAAAAA,8,0.022400000000000253
245,Y03466,Lansoprazole_Cap 30mg (E/C Gran),0103050L0AAAAAA,4,0.022400000000000253
74,E81076,Paracet_Tab 500mg,0407010H0AAAMAM,8,0.022399999999999864
75,E81076,Paracet_Tab 500mg,0407010H0AAAMAM,8,0.022399999999999864
314,E81032,Quetiapine_Tab 25mg,0402010ABAAABAB,4,0.022399999999999087
315,E81013,Quetiapine_Tab 25mg,0402010ABAAABAB,4,0.022399999999999087
308,E81001,Memantine HCl_Tab 20mg,0411000G0AAADAD,4,0.01959999999999998
14,E81013,Atorvastatin_Tab 20mg,0212000B0AAABAB,3,0.018000000000000516
76,Y02463,Paracet_Tab 500mg,0407010H0AAAMAM,3,0.01799999999999989
77,Y02463,Paracet_Tab 500mg,0407010H0AAAMAM,3,0.01799999999999989
295,E81040,Ferr Sulf_Tab 200mg,0901011P0AAACAC,3,0.017999999999999267
222,Y02463,Aripiprazole_Tab 10mg,0402010ADAAAAAA,3,0.01680000000000048
316,E81028,Quetiapine_Tab 25mg,0402010ABAAABAB,2,0.01680000000000048
317,E81032,Quetiapine_Tab 25mg,0402010ABAAABAB,2,0.01680000000000048
267,E81010,Atorvastatin_Tab 10mg,0212000B0AAAAAA,8,0.016800000000000093
78,E81010,Paracet_Tab 500mg,0407010H0AAAMAM,4,0.0167999999999999
79,E81010,Paracet_Tab 500mg,0407010H0AAAMAM,4,0.0167999999999999
180,E81032,Quetiapine_Tab 300mg,0402010ABAAAKAK,3,0.01679999999999815
179,E81032,Quetiapine_Tab 300mg,0402010ABAAAKAK,6,0.01679999999999815
178,E81013,Quetiapine_Tab 300mg,0402010ABAAAKAK,3,0.01679999999999815
268,E81063,Atorvastatin_Tab 10mg,0212000B0AAAAAA,7,0.014700000000000081
318,E81632,Quetiapine_Tab 25mg,0402010ABAAABAB,1,0.014000000000000401
80,E81063,Paracet_Tab 500mg,0407010H0AAAMAM,5,0.013999999999999915
81,E81063,Paracet_Tab 500mg,0407010H0AAAMAM,5,0.013999999999999915
85,E81073,Paracet_Tab 500mg,0407010H0AAAMAM,2,0.011999999999999927
82,E81018,Paracet_Tab 500mg,0407010H0AAAMAM,2,0.011999999999999927
83,E81073,Paracet_Tab 500mg,0407010H0AAAMAM,2,0.011999999999999927
84,E81612,Paracet_Tab 500mg,0407010H0AAAMAM,2,0.011999999999999927
86,E81010,Paracet_Tab 500mg,0407010H0AAAMAM,2,0.011999999999999927
88,E81018,Paracet_Tab 500mg,0407010H0AAAMAM,2,0.011999999999999927
89,E81631,Paracet_Tab 500mg,0407010H0AAAMAM,1,0.011999999999999927
90,E81631,Paracet_Tab 500mg,0407010H0AAAMAM,1,0.011999999999999927
91,E81010,Paracet_Tab 500mg,0407010H0AAAMAM,2,0.011999999999999927
92,E81612,Paracet_Tab 500mg,0407010H0AAAMAM,2,0.011999999999999927
93,E81016,Paracet_Tab 500mg,0407010H0AAAMAM,2,0.011999999999999927
87,E81016,Paracet_Tab 500mg,0407010H0AAAMAM,2,0.011999999999999927
181,E81054,Quetiapine_Tab 300mg,0402010ABAAAKAK,2,0.011999999999998678
246,E81016,Lansoprazole_Cap 30mg (E/C Gran),0103050L0AAAAAA,4,0.011200000000000127
247,E81041,Lansoprazole_Cap 30mg (E/C Gran),0103050L0AAAAAA,4,0.011200000000000127
249,E81065,Lansoprazole_Cap 30mg (E/C Gran),0103050L0AAAAAA,4,0.011200000000000127
248,E81048,Lansoprazole_Cap 30mg (E/C Gran),0103050L0AAAAAA,4,0.011200000000000127
296,E81073,Ferr Sulf_Tab 200mg,0901011P0AAACAC,4,0.011199999999999932
94,E81001,Paracet_Tab 500mg,0407010H0AAAMAM,4,0.011199999999999932
95,E81001,Paracet_Tab 500mg,0407010H0AAAMAM,4,0.011199999999999932
322,E81010,Quetiapine_Tab 25mg,0402010ABAAABAB,2,0.011199999999999544
321,Y02463,Quetiapine_Tab 25mg,0402010ABAAABAB,2,0.011199999999999544
320,E81041,Quetiapine_Tab 25mg,0402010ABAAABAB,2,0.011199999999999544
323,E81006,Quetiapine_Tab 25mg,0402010ABAAABAB,2,0.011199999999999544
324,E81028,Quetiapine_Tab 25mg,0402010ABAAABAB,2,0.011199999999999544
319,E81018,Quetiapine_Tab 25mg,0402010ABAAABAB,2,0.011199999999999544
182,E81018,Quetiapine_Tab 300mg,0402010ABAAAKAK,4,0.011199999999998766
183,Y02332,Quetiapine_Tab 300mg,0402010ABAAAKAK,2,0.011199999999998766
97,E81018,Paracet_Tab 500mg,0407010H0AAAMAM,1,0.008999999999999946
96,E81018,Paracet_Tab 500mg,0407010H0AAAMAM,1,0.008999999999999946
297,E81028,Ferr Sulf_Tab 200mg,0901011P0AAACAC,1,0.008999999999999633
325,E81005,Quetiapine_Tab 25mg,0402010ABAAABAB,1,0.00840000000000024
331,E81013,Quetiapine_Tab 25mg,0402010ABAAABAB,1,0.00840000000000024
330,E81010,Quetiapine_Tab 25mg,0402010ABAAABAB,1,0.00840000000000024
326,E81064,Quetiapine_Tab 25mg,0402010ABAAABAB,1,0.00840000000000024
327,E81041,Quetiapine_Tab 25mg,0402010ABAAABAB,1,0.00840000000000024
328,E81048,Quetiapine_Tab 25mg,0402010ABAAABAB,1,0.00840000000000024
329,E81076,Quetiapine_Tab 25mg,0402010ABAAABAB,1,0.00840000000000024
271,E81065,Atorvastatin_Tab 10mg,0212000B0AAAAAA,4,0.008400000000000046
269,Y02332,Atorvastatin_Tab 10mg,0212000B0AAAAAA,4,0.008400000000000046
272,E81073,Atorvastatin_Tab 10mg,0212000B0AAAAAA,4,0.008400000000000046
270,E81048,Atorvastatin_Tab 10mg,0212000B0AAAAAA,4,0.008400000000000046
99,E81005,Paracet_Tab 500mg,0407010H0AAAMAM,2,0.00839999999999995
98,E81005,Paracet_Tab 500mg,0407010H0AAAMAM,2,0.00839999999999995
184,E81016,Quetiapine_Tab 300mg,0402010ABAAAKAK,3,0.008399999999999075
185,E81026,Quetiapine_Tab 300mg,0402010ABAAAKAK,5,0.006999999999999229
250,Y02463,Lansoprazole_Cap 30mg (E/C Gran),0103050L0AAAAAA,2,0.006000000000000172
18,E81612,Atorvastatin_Tab 20mg,0212000B0AAABAB,1,0.006000000000000172
17,E81048,Atorvastatin_Tab 20mg,0212000B0AAABAB,1,0.006000000000000172
16,Y02332,Atorvastatin_Tab 20mg,0212000B0AAABAB,1,0.006000000000000172
15,E81005,Atorvastatin_Tab 20mg,0212000B0AAABAB,1,0.006000000000000172
101,E81026,Paracet_Tab 500mg,0407010H0AAAMAM,1,0.005999999999999964
102,E81032,Paracet_Tab 500mg,0407010H0AAAMAM,1,0.005999999999999964
103,E81028,Paracet_Tab 500mg,0407010H0AAAMAM,1,0.005999999999999964
104,E81032,Paracet_Tab 500mg,0407010H0AAAMAM,1,0.005999999999999964
100,E81028,Paracet_Tab 500mg,0407010H0AAAMAM,1,0.005999999999999964
105,E81026,Paracet_Tab 500mg,0407010H0AAAMAM,1,0.005999999999999964
298,E81005,Ferr Sulf_Tab 200mg,0901011P0AAACAC,1,0.0059999999999997555
186,E81001,Quetiapine_Tab 300mg,0402010ABAAAKAK,1,0.005999999999999339
192,E81032,Quetiapine_Tab 300mg,0402010ABAAAKAK,1,0.005999999999999339
187,E81048,Quetiapine_Tab 300mg,0402010ABAAAKAK,1,0.005999999999999339
188,E81010,Quetiapine_Tab 300mg,0402010ABAAAKAK,1,0.005999999999999339
189,E81063,Quetiapine_Tab 300mg,0402010ABAAAKAK,1,0.005999999999999339
190,E81005,Quetiapine_Tab 300mg,0402010ABAAAKAK,1,0.005999999999999339
194,E81013,Quetiapine_Tab 300mg,0402010ABAAAKAK,1,0.005999999999999339
193,Y02463,Quetiapine_Tab 300mg,0402010ABAAAKAK,1,0.005999999999999339
191,E81040,Quetiapine_Tab 300mg,0402010ABAAAKAK,1,0.005999999999999339
223,E81073,Aripiprazole_Tab 10mg,0402010ADAAAAAA,1,0.00560000000000016
252,Y02463,Lansoprazole_Cap 30mg (E/C Gran),0103050L0AAAAAA,1,0.005600000000000063
253,E81010,Lansoprazole_Cap 30mg (E/C Gran),0103050L0AAAAAA,1,0.005600000000000063
254,Y02463,Lansoprazole_Cap 30mg (E/C Gran),0103050L0AAAAAA,2,0.005600000000000063
255,E81612,Lansoprazole_Cap 30mg (E/C Gran),0103050L0AAAAAA,2,0.005600000000000063
251,E81612,Lansoprazole_Cap 30mg (E/C Gran),0103050L0AAAAAA,1,0.005600000000000063
106,E81073,Paracet_Tab 500mg,0407010H0AAAMAM,1,0.005599999999999994
107,E81073,Paracet_Tab 500mg,0407010H0AAAMAM,1,0.005599999999999994
110,Y05699,Paracet_Tab 500mg,0407010H0AAAMAM,2,0.005599999999999966
112,E81032,Paracet_Tab 500mg,0407010H0AAAMAM,1,0.005599999999999966
111,E81048,Paracet_Tab 500mg,0407010H0AAAMAM,2,0.005599999999999966
113,E81048,Paracet_Tab 500mg,0407010H0AAAMAM,2,0.005599999999999966
109,Y05699,Paracet_Tab 500mg,0407010H0AAAMAM,2,0.005599999999999966
108,E81032,Paracet_Tab 500mg,0407010H0AAAMAM,1,0.005599999999999966
335,E81073,Quetiapine_Tab 25mg,0402010ABAAABAB,1,0.005599999999999772
334,E81064,Quetiapine_Tab 25mg,0402010ABAAABAB,1,0.005599999999999772
333,E81040,Quetiapine_Tab 25mg,0402010ABAAABAB,1,0.005599999999999772
332,E81048,Quetiapine_Tab 25mg,0402010ABAAABAB,1,0.005599999999999772
200,E81612,Quetiapine_Tab 300mg,0402010ABAAAKAK,1,0.005599999999999383
199,E81076,Quetiapine_Tab 300mg,0402010ABAAAKAK,2,0.005599999999999383
195,E81048,Quetiapine_Tab 300mg,0402010ABAAAKAK,1,0.005599999999999383
198,E81010,Quetiapine_Tab 300mg,0402010ABAAAKAK,2,0.005599999999999383
197,Y02463,Quetiapine_Tab 300mg,0402010ABAAAKAK,1,0.005599999999999383
196,E81005,Quetiapine_Tab 300mg,0402010ABAAAKAK,1,0.005599999999999383
309,E81025,Memantine HCl_Tab 20mg,0411000G0AAADAD,1,0.004899999999999995
114,E81018,Paracet_Tab 500mg,0407010H0AAAMAM,1,0.004800000000000054
115,E81018,Paracet_Tab 500mg,0407010H0AAAMAM,1,0.004800000000000054
336,E81028,Quetiapine_Tab 25mg,0402010ABAAABAB,1,0.00420000000000012
273,E81041,Atorvastatin_Tab 10mg,0212000B0AAAAAA,1,0.004200000000000023
274,E81025,Atorvastatin_Tab 10mg,0212000B0AAAAAA,1,0.004200000000000023
275,E81065,Atorvastatin_Tab 10mg,0212000B0AAAAAA,1,0.004200000000000023
276,E81028,Atorvastatin_Tab 10mg,0212000B0AAAAAA,1,0.004200000000000023
337,Y02463,Quetiapine_Tab 25mg,0402010ABAAABAB,1,0.003999999999999837
277,E81032,Atorvastatin_Tab 10mg,0212000B0AAAAAA,1,0.0039000000000000076
256,E81073,Lansoprazole_Cap 30mg (E/C Gran),0103050L0AAAAAA,1,0.003000000000000086
116,E81065,Paracet_Tab 500mg,0407010H0AAAMAM,1,0.002999999999999982
121,E81631,Paracet_Tab 500mg,0407010H0AAAMAM,1,0.002999999999999982
120,E81073,Paracet_Tab 500mg,0407010H0AAAMAM,1,0.002999999999999982
119,E81631,Paracet_Tab 500mg,0407010H0AAAMAM,1,0.002999999999999982
118,E81073,Paracet_Tab 500mg,0407010H0AAAMAM,1,0.002999999999999982
117,E81065,Paracet_Tab 500mg,0407010H0AAAMAM,1,0.002999999999999982
122,E81632,Paracet_Tab 500mg,0407010H0AAAMAM,1,0.002799999999999983
123,E81632,Paracet_Tab 500mg,0407010H0AAAMAM,1,0.002799999999999983
201,E81632,Quetiapine_Tab 300mg,0402010ABAAAKAK,1,0.0027999999999996916
207,E81073,Quetiapine_Tab 300mg,0402010ABAAAKAK,2,0.0027999999999996916
208,E81063,Quetiapine_Tab 300mg,0402010ABAAAKAK,2,0.0027999999999996916
202,E81032,Quetiapine_Tab 300mg,0402010ABAAAKAK,2,0.0027999999999996916
203,E81001,Quetiapine_Tab 300mg,0402010ABAAAKAK,1,0.0027999999999996916
204,E81048,Quetiapine_Tab 300mg,0402010ABAAAKAK,1,0.0027999999999996916
205,E81028,Quetiapine_Tab 300mg,0402010ABAAAKAK,1,0.0027999999999996916
209,Y02332,Quetiapine_Tab 300mg,0402010ABAAAKAK,1,0.0027999999999996916
206,E81013,Quetiapine_Tab 300mg,0402010ABAAAKAK,1,0.0027999999999996916
210,E81001,Quetiapine_Tab 300mg,0402010ABAAAKAK,3,0.0020999999999997687
124,E81010,Paracet_Tab 500mg,0407010H0AAAMAM,1,0.0013999999999999915
125,E81010,Paracet_Tab 500mg,0407010H0AAAMAM,1,0.0013999999999999915
211,E81005,Quetiapine_Tab 300mg,0402010ABAAAKAK,2,0.0013999999999998458
212,Y02463,Quetiapine_Tab 300mg,0402010ABAAAKAK,1,0.0013999999999998458
213,Y02463,Quetiapine_Tab 300mg,0402010ABAAAKAK,1,0.0006999999999999229
278,E81006,Atorvastatin_Tab 10mg,0212000B0AAAAAA,1,-0.0007999999999999952
224,E81073,Aripiprazole_Tab 10mg,0402010ADAAAAAA,1,-0.002099999999999963
19,E81040,Atorvastatin_Tab 20mg,0212000B0AAABAB,1,-0.0026999999999999837
20,E81032,Atorvastatin_Tab 20mg,0212000B0AAABAB,1,-0.002799999999999997
342,E81048,Quetiapine_Tab 25mg,0402010ABAAABAB,1,-0.00280000000000008
340,E81013,Quetiapine_Tab 25mg,0402010ABAAABAB,1,-0.00280000000000008
339,Y02463,Quetiapine_Tab 25mg,0402010ABAAABAB,1,-0.00280000000000008
338,E81018,Quetiapine_Tab 25mg,0402010ABAAABAB,1,-0.00280000000000008
341,E81016,Quetiapine_Tab 25mg,0402010ABAAABAB,1,-0.00280000000000008
21,E81013,Atorvastatin_Tab 20mg,0212000B0AAABAB,1,-0.0029999999999998778
279,E81013,Atorvastatin_Tab 10mg,0212000B0AAAAAA,1,-0.002999999999999982
280,Y02332,Atorvastatin_Tab 10mg,0212000B0AAAAAA,1,-0.002999999999999982
126,E81025,Paracet_Tab 500mg,0407010H0AAAMAM,1,-0.003999999999999976
127,E81025,Paracet_Tab 500mg,0407010H0AAAMAM,1,-0.003999999999999976
257,E81032,Lansoprazole_Cap 30mg (E/C Gran),0103050L0AAAAAA,1,-0.004499999999999983
137,E81005,Paracet_Tab 500mg,0407010H0AAAMAM,1,-0.005599999999999966
131,E81054,Paracet_Tab 500mg,0407010H0AAAMAM,1,-0.005599999999999966
136,E81005,Paracet_Tab 500mg,0407010H0AAAMAM,1,-0.005599999999999966
135,E81048,Paracet_Tab 500mg,0407010H0AAAMAM,1,-0.005599999999999966
134,E81006,Paracet_Tab 500mg,0407010H0AAAMAM,1,-0.005599999999999966
133,E81048,Paracet_Tab 500mg,0407010H0AAAMAM,1,-0.005599999999999966
132,E81632,Paracet_Tab 500mg,0407010H0AAAMAM,1,-0.005599999999999966
130,E81006,Paracet_Tab 500mg,0407010H0AAAMAM,1,-0.005599999999999966
129,E81632,Paracet_Tab 500mg,0407010H0AAAMAM,1,-0.005599999999999966
128,E81054,Paracet_Tab 500mg,0407010H0AAAMAM,1,-0.005599999999999966
344,E81073,Quetiapine_Tab 25mg,0402010ABAAABAB,2,-0.00560000000000016
343,E81076,Quetiapine_Tab 25mg,0402010ABAAABAB,4,-0.00560000000000016
283,E81612,Atorvastatin_Tab 10mg,0212000B0AAAAAA,1,-0.005999999999999964
282,E81013,Atorvastatin_Tab 10mg,0212000B0AAAAAA,1,-0.005999999999999964
281,E81041,Atorvastatin_Tab 10mg,0212000B0AAAAAA,1,-0.005999999999999964
225,Y02463,Aripiprazole_Tab 10mg,0402010ADAAAAAA,4,-0.008399999999999852
345,E81041,Quetiapine_Tab 25mg,0402010ABAAABAB,3,-0.00840000000000024
299,E81010,Ferr Sulf_Tab 200mg,0901011P0AAACAC,4,-0.00840000000000024
138,E81010,Paracet_Tab 500mg,0407010H0AAAMAM,2,-0.011199999999999932
139,E81010,Paracet_Tab 500mg,0407010H0AAAMAM,2,-0.011199999999999932
346,E81010,Quetiapine_Tab 25mg,0402010ABAAABAB,4,-0.01120000000000032
347,E81632,Quetiapine_Tab 25mg,0402010ABAAABAB,5,-0.014000000000000401
140,E81064,Paracet_Tab 500mg,0407010H0AAAMAM,3,-0.0167999999999999
143,E81064,Paracet_Tab 500mg,0407010H0AAAMAM,3,-0.0167999999999999
142,E81013,Paracet_Tab 500mg,0407010H0AAAMAM,3,-0.0167999999999999
141,E81013,Paracet_Tab 500mg,0407010H0AAAMAM,3,-0.0167999999999999
348,E81617,Quetiapine_Tab 25mg,0402010ABAAABAB,5,-0.0210000000000006
146,Y02463,Paracet_Tab 500mg,0407010H0AAAMAM,4,-0.022399999999999864
144,E81028,Paracet_Tab 500mg,0407010H0AAAMAM,4,-0.022399999999999864
145,E81028,Paracet_Tab 500mg,0407010H0AAAMAM,4,-0.022399999999999864
147,Y02463,Paracet_Tab 500mg,0407010H0AAAMAM,4,-0.022399999999999864
349,E81076,Quetiapine_Tab 25mg,0402010ABAAABAB,8,-0.02240000000000064
151,E81026,Paracet_Tab 500mg,0407010H0AAAMAM,6,-0.0335999999999998
150,E81026,Paracet_Tab 500mg,0407010H0AAAMAM,6,-0.0335999999999998
148,E81063,Paracet_Tab 500mg,0407010H0AAAMAM,6,-0.0335999999999998
149,E81063,Paracet_Tab 500mg,0407010H0AAAMAM,6,-0.0335999999999998
152,E81076,Paracet_Tab 500mg,0407010H0AAAMAM,9,-0.050399999999999695
153,E81076,Paracet_Tab 500mg,0407010H0AAAMAM,9,-0.050399999999999695
154,E81001,Paracet_Tab 500mg,0407010H0AAAMAM,20,-0.11199999999999932
155,E81001,Paracet_Tab 500mg,0407010H0AAAMAM,20,-0.11199999999999932
156,E81013,Paracet_Tab 500mg,0407010H0AAAMAM,3,-0.17279999999999995
157,E81013,Paracet_Tab 500mg,0407010H0AAAMAM,3,-0.17279999999999995
216,E81006,Letrozole_Tab 2.5mg,0803041L0AAAAAA,7,-0.25479999999999914
217,E81041,Letrozole_Tab 2.5mg,0803041L0AAAAAA,4,-0.2575999999999996
218,E81632,Letrozole_Tab 2.5mg,0803041L0AAAAAA,4,-0.2604000000000001
219,E81001,Letrozole_Tab 2.5mg,0803041L0AAAAAA,3,-0.26040000000000046
300,E81048,Ferr Sulf_Tab 200mg,0901011P0AAACAC,3,-0.4284
158,E81041,Paracet_Tab 500mg,0407010H0AAAMAM,19,-0.5699999999999998
159,E81041,Paracet_Tab 500mg,0407010H0AAAMAM,19,-0.5699999999999998
350,E81032,Quetiapine_Tab 25mg,0402010ABAAABAB,6,-0.6552000000000001
351,E81016,Quetiapine_Tab 25mg,0402010ABAAABAB,1,-0.696
160,E81040,Paracet_Tab 500mg,0407010H0AAAMAM,85,-0.8499999999999949
161,E81040,Paracet_Tab 500mg,0407010H0AAAMAM,85,-0.8499999999999949
162,E81005,Paracet_Tab 500mg,0407010H0AAAMAM,52,-1.0399999999999938
163,E81005,Paracet_Tab 500mg,0407010H0AAAMAM,52,-1.0399999999999938
164,E81048,Paracet_Tab 500mg,0407010H0AAAMAM,10,-1.1999999999999997
165,E81048,Paracet_Tab 500mg,0407010H0AAAMAM,10,-1.1999999999999997
166,E81013,Paracet_Tab 500mg,0407010H0AAAMAM,33,-1.319999999999992
167,E81013,Paracet_Tab 500mg,0407010H0AAAMAM,33,-1.319999999999992
168,E81617,Paracet_Tab 500mg,0407010H0AAAMAM,6,-1.3199999999999983
169,E81617,Paracet_Tab 500mg,0407010H0AAAMAM,6,-1.3199999999999983
170,E81013,Paracet_Tab 500mg,0407010H0AAAMAM,23,-1.5455999999999996
171,E81013,Paracet_Tab 500mg,0407010H0AAAMAM,23,-1.5455999999999996
172,E81005,Paracet_Tab 500mg,0407010H0AAAMAM,3,-2.519999999999999
173,E81005,Paracet_Tab 500mg,0407010H0AAAMAM,3,-2.519999999999999
