,practice_code,bnf_description,bnf_code,items,excess_cost
0,A83005,Atorvastatin_Tab 10mg,0212000B0AAAAAA,62,0.1302000000000007
1,A83005,Atorvastatin_Tab 40mg,0212000B0AAACAC,1,-0.004000000000000045
2,A83005,Lamotrigine_Tab 200mg,0408010H0AAA1A1,19,0.0335999999999963
3,A83005,Losartan Pot_Tab 50mg,0205052N0AAABAB,38,21.268800000000002
4,A83005,Paracet_Tab 500mg,0407010H0AAAMAM,648,8.2596000000001
5,A83005,Pregabalin_Cap 150mg,0408010AEAAAEAE,19,0.053200000000001524
6,A83005,Sertraline HCl_Tab 100mg,0403030Q0AAABAB,119,1.0227000000000057
7,A83006,Atorvastatin_Tab 10mg,0212000B0AAAAAA,10,0.021000000000000116
8,A83006,Lamotrigine_Tab 200mg,0408010H0AAA1A1,3,57.019199999999984
9,A83006,Memantine HCl_Tab 20mg,0411000G0AAADAD,2,0.00979999999999999
10,A83006,Paracet_Tab 500mg,0407010H0AAAMAM,28,0.10119999999999937
11,A83006,Pregabalin_Cap 150mg,0408010AEAAAEAE,15,113.1214
12,A83006,Sertraline HCl_Tab 100mg,0403030Q0AAABAB,14,0.046200000000000255
13,A83010,Atorvastatin_Tab 10mg,0212000B0AAAAAA,161,290.67780000000005
14,A83010,Atorvastatin_Tab 20mg,0212000B0AAABAB,303,349.0326
15,A83010,Atorvastatin_Tab 40mg,0212000B0AAACAC,83,89.2416
16,A83010,Lamotrigine_Tab 200mg,0408010H0AAA1A1,14,0.05599999999999383
17,A83010,Losartan Pot_Tab 50mg,0205052N0AAABAB,75,21.1246
18,A83010,Memantine HCl_Tab 20mg,0411000G0AAADAD,8,0.03919999999999996
19,A83010,Paracet_Tab 500mg,0407010H0AAAMAM,680,24.646800000000027
20,A83010,Pregabalin_Cap 150mg,0408010AEAAAEAE,12,0.028000000000000802
21,A83010,Sertraline HCl_Tab 100mg,0403030Q0AAABAB,105,0.2520000000000014
22,A83013,Atorvastatin_Tab 10mg,0212000B0AAAAAA,49,0.10290000000000057
23,A83013,Lamotrigine_Tab 200mg,0408010H0AAA1A1,12,0.027999999999996916
24,A83013,Losartan Pot_Tab 50mg,0205052N0AAABAB,21,0.022200000000000254
25,A83013,Memantine HCl_Tab 20mg,0411000G0AAADAD,10,63.895999999999994
26,A83013,Paracet_Tab 500mg,0407010H0AAAMAM,152,-0.6871999999999958
27,A83013,Pregabalin_Cap 150mg,0408010AEAAAEAE,24,0.061600000000001764
28,A83013,Sertraline HCl_Tab 100mg,0403030Q0AAABAB,79,0.22680000000000125
29,A83031,Atorvastatin_Tab 10mg,0212000B0AAAAAA,60,0.1260000000000007
30,A83031,Atorvastatin_Tab 40mg,0212000B0AAACAC,1,-0.0029999999999998778
31,A83031,Lamotrigine_Tab 200mg,0408010H0AAA1A1,18,0.07279999999999198
32,A83031,Losartan Pot_Tab 50mg,0205052N0AAABAB,11,-0.00979999999999999
33,A83031,Memantine HCl_Tab 20mg,0411000G0AAADAD,20,0.09799999999999989
34,A83031,Paracet_Tab 500mg,0407010H0AAAMAM,482,9.211200000000057
35,A83031,Pregabalin_Cap 150mg,0408010AEAAAEAE,32,0.09520000000000273
36,A83031,Sertraline HCl_Tab 100mg,0403030Q0AAABAB,53,0.12180000000000067
37,A83034,Atorvastatin_Tab 10mg,0212000B0AAAAAA,122,46.56190000000001
38,A83034,Atorvastatin_Tab 20mg,0212000B0AAABAB,113,44.92880000000002
39,A83034,Atorvastatin_Tab 40mg,0212000B0AAACAC,37,44.547999999999995
40,A83034,Lamotrigine_Tab 200mg,0408010H0AAA1A1,8,0.011199999999998766
41,A83034,Losartan Pot_Tab 50mg,0205052N0AAABAB,14,-0.03420000000000011
42,A83034,Memantine HCl_Tab 20mg,0411000G0AAADAD,8,0.03919999999999996
43,A83034,Paracet_Tab 500mg,0407010H0AAAMAM,318,18.52840000000003
44,A83034,Pregabalin_Cap 150mg,0408010AEAAAEAE,16,0.056000000000001604
45,A83034,Sertraline HCl_Tab 100mg,0403030Q0AAABAB,85,0.22920000000000124
46,A83040,Atorvastatin_Tab 10mg,0212000B0AAAAAA,13,0.02730000000000015
47,A83040,Atorvastatin_Tab 20mg,0212000B0AAABAB,256,292.9836000000001
48,A83040,Atorvastatin_Tab 40mg,0212000B0AAACAC,1,0.006000000000000172
49,A83040,Lamotrigine_Tab 200mg,0408010H0AAA1A1,21,0.03639999999999599
50,A83040,Losartan Pot_Tab 50mg,0205052N0AAABAB,7,-0.01960000000000005
51,A83040,Memantine HCl_Tab 20mg,0411000G0AAADAD,13,0.06369999999999992
52,A83040,Paracet_Tab 500mg,0407010H0AAAMAM,656,2.636799999999985
53,A83040,Pregabalin_Cap 150mg,0408010AEAAAEAE,37,0.11200000000000321
54,A83040,Sertraline HCl_Tab 100mg,0403030Q0AAABAB,111,0.29820000000000124
55,A83047,Atorvastatin_Tab 10mg,0212000B0AAAAAA,74,0.14940000000000092
56,A83047,Lamotrigine_Tab 200mg,0408010H0AAA1A1,3,0.011199999999998766
57,A83047,Losartan Pot_Tab 50mg,0205052N0AAABAB,66,21.2366
58,A83047,Memantine HCl_Tab 20mg,0411000G0AAADAD,5,0.024499999999999973
59,A83047,Nortriptyline_Tab 25mg,0403010V0AAAEAE,1,0.003000000000000086
60,A83047,Paracet_Tab 500mg,0407010H0AAAMAM,1050,57.239200000000125
61,A83047,Pregabalin_Cap 150mg,0408010AEAAAEAE,17,0.053200000000001524
62,A83047,Sertraline HCl_Tab 100mg,0403030Q0AAABAB,172,0.44430000000000236
63,A83048,Atorvastatin_Tab 10mg,0212000B0AAAAAA,17,0.0357000000000002
64,A83048,Atorvastatin_Tab 20mg,0212000B0AAABAB,178,45.35440000000002
65,A83048,Atorvastatin_Tab 40mg,0212000B0AAACAC,106,44.519999999999996
66,A83048,Lamotrigine_Tab 200mg,0408010H0AAA1A1,1,0.0
67,A83048,Losartan Pot_Tab 50mg,0205052N0AAABAB,88,34.370000000000005
68,A83048,Memantine HCl_Tab 20mg,0411000G0AAADAD,12,255.63230000000001
69,A83048,Paracet_Tab 500mg,0407010H0AAAMAM,136,-0.333199999999998
70,A83048,Pregabalin_Cap 150mg,0408010AEAAAEAE,13,0.04480000000000128
71,A83048,Sertraline HCl_Tab 100mg,0403030Q0AAABAB,72,148.5904
72,A83070,Atorvastatin_Tab 10mg,0212000B0AAAAAA,41,11.738299999999999
73,A83070,Lamotrigine_Tab 200mg,0408010H0AAA1A1,1,0.0
74,A83070,Losartan Pot_Tab 50mg,0205052N0AAABAB,13,-0.0364000000000001
75,A83070,Memantine HCl_Tab 20mg,0411000G0AAADAD,13,0.06369999999999992
76,A83070,Paracet_Tab 500mg,0407010H0AAAMAM,372,71.10600000000011
77,A83070,Pregabalin_Cap 150mg,0408010AEAAAEAE,12,56.571200000000005
78,A83070,Sertraline HCl_Tab 100mg,0403030Q0AAABAB,34,0.08190000000000044
79,A83641,Atorvastatin_Tab 10mg,0212000B0AAAAAA,20,0.05040000000000028
80,A83641,Atorvastatin_Tab 20mg,0212000B0AAABAB,31,22.524599999999996
81,A83641,Atorvastatin_Tab 40mg,0212000B0AAACAC,21,44.57039999999999
82,A83641,Lamotrigine_Tab 200mg,0408010H0AAA1A1,6,95.84399999999998
83,A83641,Losartan Pot_Tab 50mg,0205052N0AAABAB,21,21.305200000000006
84,A83641,Memantine HCl_Tab 20mg,0411000G0AAADAD,9,0.04409999999999995
85,A83641,Nortriptyline_Tab 25mg,0403010V0AAAEAE,1,115.1024
86,A83641,Paracet_Tab 500mg,0407010H0AAAMAM,300,63.587999999999994
87,A83641,Pregabalin_Cap 150mg,0408010AEAAAEAE,8,0.0210000000000006
88,A83641,Sertraline HCl_Tab 100mg,0403030Q0AAABAB,35,0.09030000000000049
89,Y02064,Lamotrigine_Tab 200mg,0408010H0AAA1A1,1,-0.0018000000000001348
