,practice_code,bnf_description,bnf_code,items,excess_cost
0,N81005,Amiodarone HCl_Tab 200mg,0203020D0AAABAB,4,2.100000000000002
1,N81005,Clonazepam_Tab 500mcg,0408010F0AAABAB,6,5.06239999999999
2,N81005,Pyridox HCl_Tab 50mg,0906024N0AAAIAI,2,1.4364000000000003
3,N81006,Amiodarone HCl_Tab 200mg,0203020D0AAABAB,1,0.3500000000000003
4,N81006,Clonazepam_Tab 500mcg,0408010F0AAABAB,2,1.2655999999999974
5,N81006,Pyridox HCl_Tab 50mg,0906024N0AAAIAI,1,1.4364000000000003
6,N81009,Amiodarone HCl_Tab 200mg,0203020D0AAABAB,4,1.4000000000000012
7,N81009,Clonazepam_Tab 500mcg,0408010F0AAABAB,2,0.7909999999999984
8,N81018,Clonazepam_Tab 500mcg,0408010F0AAABAB,10,3.796799999999992
9,N81018,Mesalazine_Tab E/C 400mg,0105010B0AAAAAA,1,25.667999999999996
10,N81023,Clonazepam_Tab 500mcg,0408010F0AAABAB,7,3.1639999999999935
11,N81023,Phenobarb_Tab 30mg,0408010N0AAAJAJ,1,-0.005999999999999964
12,N81023,Pyridox HCl_Tab 50mg,0906024N0AAAIAI,1,0.4788000000000001
13,N81030,Amiodarone HCl_Tab 200mg,0203020D0AAABAB,15,5.250000000000004
14,N81030,Clonazepam_Tab 500mcg,0408010F0AAABAB,13,5.785599999999988
15,N81030,Pyridox HCl_Tab 50mg,0906024N0AAAIAI,1,1.4364000000000003
16,N81031,Amiodarone HCl_Tab 200mg,0203020D0AAABAB,11,4.538800000000004
17,N81031,Clonazepam_Tab 500mcg,0408010F0AAABAB,1,0.949199999999998
18,N81034,Amiodarone HCl_Tab 200mg,0203020D0AAABAB,3,1.4000000000000012
19,N81034,Clonazepam_Tab 500mcg,0408010F0AAABAB,7,2.892799999999994
20,N81034,Mesalazine_Tab E/C 400mg,0105010B0AAAAAA,1,47.913599999999995
21,N81034,Pyridox HCl_Tab 50mg,0906024N0AAAIAI,1,0.4788000000000001
22,N81034,Tetrabenazine_Tab 25mg,0409030C0AAAAAA,1,0.49979999999999936
23,N81038,Amiodarone HCl_Tab 200mg,0203020D0AAABAB,5,1.3476000000000015
24,N81038,Clonazepam_Tab 500mcg,0408010F0AAABAB,6,2.847599999999994
25,N81038,Topiramate_Cap 50mg,040801050AAAWAW,1,1.2839999999999985
26,N81046,Amiodarone HCl_Tab 200mg,0203020D0AAABAB,3,1.4000000000000012
27,N81046,Clonazepam_Tab 500mcg,0408010F0AAABAB,7,3.796799999999992
28,N81046,Pyridox HCl_Tab 50mg,0906024N0AAAIAI,1,1.4364000000000003
29,N81050,Amiodarone HCl_Tab 200mg,0203020D0AAABAB,1,0.3500000000000003
30,N81050,Clonazepam_Tab 500mcg,0408010F0AAABAB,2,1.2655999999999974
31,N81060,Amiodarone HCl_Tab 200mg,0203020D0AAABAB,8,2.8000000000000025
32,N81060,Clonazepam_Tab 500mcg,0408010F0AAABAB,8,3.480399999999993
33,N81060,Phenobarb_Tab 30mg,0408010N0AAAJAJ,1,-0.0017999999999999891
34,N81060,Pyridox HCl_Tab 50mg,0906024N0AAAIAI,2,0.9576000000000002
35,N81060,Topiramate_Cap 50mg,040801050AAAWAW,1,2.396799999999997
36,N81063,Amiodarone HCl_Tab 200mg,0203020D0AAABAB,4,1.4000000000000012
37,N81063,Clonazepam_Tab 500mcg,0408010F0AAABAB,9,5.26579999999999
38,N81063,Mesalazine_Tab E/C 400mg,0105010B0AAAAAA,1,-15.971199999999998
39,N81063,Pyridox HCl_Tab 50mg,0906024N0AAAIAI,6,2.3940000000000006
40,N81063,Topiramate_Cap 50mg,040801050AAAWAW,1,15.579199999999982
41,N81079,Amiodarone HCl_Tab 200mg,0203020D0AAABAB,2,0.7000000000000006
42,N81079,Clonazepam_Tab 500mcg,0408010F0AAABAB,3,1.898399999999996
43,N81079,Pyridox HCl_Tab 50mg,0906024N0AAAIAI,3,5.745600000000001
44,N81080,Amiodarone HCl_Tab 200mg,0203020D0AAABAB,1,0.7000000000000006
45,N81080,Clonazepam_Tab 500mcg,0408010F0AAABAB,1,0.6327999999999987
46,N81081,Amiodarone HCl_Tab 200mg,0203020D0AAABAB,1,0.3500000000000003
47,N81081,Clonazepam_Tab 500mcg,0408010F0AAABAB,2,0.474599999999999
48,N81081,Phenobarb_Tab 30mg,0408010N0AAAJAJ,1,16.044
49,N81082,Amiodarone HCl_Tab 200mg,0203020D0AAABAB,6,2.8000000000000025
50,N81082,Clonazepam_Tab 500mcg,0408010F0AAABAB,8,4.113199999999992
51,N81082,Gemfibrozil_Tab 600mg,0212000Q0AAABAB,1,15.142399999999999
52,N81082,Mesalazine_Tab E/C 400mg,0105010B0AAAAAA,1,23.956799999999998
53,N81082,Pyridox HCl_Tab 50mg,0906024N0AAAIAI,2,1.4364000000000003
54,N81082,Tetrabenazine_Tab 25mg,0409030C0AAAAAA,1,5.997599999999992
55,N81091,Amiodarone HCl_Tab 200mg,0203020D0AAABAB,1,0.3500000000000003
56,N81092,Amiodarone HCl_Tab 200mg,0203020D0AAABAB,7,3.3712000000000035
57,N81092,Clonazepam_Tab 500mcg,0408010F0AAABAB,2,2.2147999999999954
58,N81092,Mesalazine_Tab E/C 800mg,0105010B0AAASAS,1,-45.91999999999999
59,N81092,Phenobarb_Tab 30mg,0408010N0AAAJAJ,1,21.392
60,N81092,Pyridox HCl_Tab 50mg,0906024N0AAAIAI,1,0.9576000000000002
61,N81093,Amiodarone HCl_Tab 200mg,0203020D0AAABAB,1,0.3500000000000003
62,N81093,Clonazepam_Tab 500mcg,0408010F0AAABAB,3,3.1639999999999935
63,N81093,Mesalazine_Tab E/C 400mg,0105010B0AAAAAA,5,-27.379199999999994
64,N81093,Pyridox HCl_Tab 50mg,0906024N0AAAIAI,1,1.4364000000000003
65,N81094,Amiodarone HCl_Tab 200mg,0203020D0AAABAB,2,0.7000000000000006
66,N81094,Clonazepam_Tab 500mcg,0408010F0AAABAB,2,0.6327999999999987
67,N81094,Mesalazine_Tab E/C 800mg,0105010B0AAASAS,2,71.33999999999997
68,N81095,Amiodarone HCl_Tab 200mg,0203020D0AAABAB,3,1.050000000000001
69,N81095,Clonazepam_Tab 500mcg,0408010F0AAABAB,7,3.796799999999992
70,N81095,Risperidone_Tab 6mg,040201030AAAFAF,1,29.2096
71,N81100,Amiodarone HCl_Tab 200mg,0203020D0AAABAB,5,2.100000000000002
72,N81100,Tetrabenazine_Tab 25mg,0409030C0AAAAAA,1,5.354999999999993
73,N81101,Clonazepam_Tab 500mcg,0408010F0AAABAB,1,0.31639999999999935
74,N81102,Amiodarone HCl_Tab 200mg,0203020D0AAABAB,1,0.3500000000000003
75,N81102,Clonazepam_Tab 500mcg,0408010F0AAABAB,9,2.632899999999995
76,N81102,Tetrabenazine_Tab 25mg,0409030C0AAAAAA,1,2.998799999999996
77,N81115,Clonazepam_Tab 500mcg,0408010F0AAABAB,6,4.587799999999991
78,N81117,Amiodarone HCl_Tab 200mg,0203020D0AAABAB,2,0.7000000000000006
79,N81117,Clonazepam_Tab 500mcg,0408010F0AAABAB,1,0.6327999999999987
80,N81117,Pyridox HCl_Tab 50mg,0906024N0AAAIAI,1,0.4788000000000001
81,N81120,Amiodarone HCl_Tab 200mg,0203020D0AAABAB,1,0.3500000000000003
82,N81120,Clonazepam_Tab 500mcg,0408010F0AAABAB,3,0.971799999999998
83,N81120,Tetrabenazine_Tab 25mg,0409030C0AAAAAA,1,3.998399999999995
84,N81121,Amiodarone HCl_Tab 200mg,0203020D0AAABAB,6,3.150000000000003
85,N81121,Clonazepam_Tab 500mcg,0408010F0AAABAB,4,1.423799999999997
86,N81121,Pyridox HCl_Tab 50mg,0906024N0AAAIAI,4,0.4788000000000001
87,N81125,Amiodarone HCl_Tab 200mg,0203020D0AAABAB,5,2.100000000000002
88,N81125,Clonazepam_Tab 500mcg,0408010F0AAABAB,4,2.7119999999999944
89,N81125,Mesalazine_Tab E/C 400mg,0105010B0AAAAAA,1,47.913599999999995
90,N81125,Mesalazine_Tab E/C 800mg,0105010B0AAASAS,2,28.699999999999992
91,N81607,Amiodarone HCl_Tab 200mg,0203020D0AAABAB,1,0.3500000000000003
92,N81607,Clonazepam_Tab 500mcg,0408010F0AAABAB,5,1.3107999999999973
93,N81607,Mesalazine_Tab E/C 400mg,0105010B0AAAAAA,1,-17.112
94,N81624,Amiodarone HCl_Tab 200mg,0203020D0AAABAB,3,1.4000000000000012
95,N81624,Clonazepam_Tab 500mcg,0408010F0AAABAB,4,3.0283999999999938
96,N81626,Amiodarone HCl_Tab 200mg,0203020D0AAABAB,4,1.4000000000000012
97,N81626,Clonazepam_Tab 500mcg,0408010F0AAABAB,1,0.949199999999998
98,N81626,Risperidone_Tab 6mg,040201030AAAFAF,1,29.2096
