,practice_code,bnf_description,bnf_code,items,excess_cost
0,M81012,Mesalazine_Tab E/C 800mg,0105010B0AAASAS,1,36.89999999999999
2,M81016,Mesalazine_Tab E/C 800mg,0105010B0AAASAS,1,34.43999999999999
1,M81043,Mesalazine_Tab E/C 800mg,0105010B0AAASAS,1,34.43999999999999
126,M81016,Sildenafil_Tab 100mg,0704050Z0AAACAC,32,21.5424
3,M81048,Mesalazine_Tab E/C 800mg,0105010B0AAASAS,1,17.219999999999995
4,M81026,Mesalazine_Tab E/C 800mg,0105010B0AAASAS,1,17.219999999999995
5,M81043,Mesalazine_Tab E/C 800mg,0105010B0AAASAS,1,17.219999999999995
6,M81016,Mesalazine_Tab E/C 800mg,0105010B0AAASAS,1,17.219999999999995
7,M81016,Mesalazine_Tab E/C 800mg,0105010B0AAASAS,1,11.479999999999997
12,M81026,Clonazepam_Tab 500mcg,0408010F0AAABAB,20,6.327999999999987
172,M81026,Vancomycin HCl_Cap 250mg,0501070U0AAABAB,1,6.29999999999999
13,M81032,Clonazepam_Tab 500mcg,0408010F0AAABAB,2,5.695199999999988
14,M81026,Clonazepam_Tab 500mcg,0408010F0AAABAB,9,5.695199999999988
91,M81016,Topiramate_Tab 200mg,040801050AAACAC,1,4.979999999999998
92,M81012,Topiramate_Tab 200mg,040801050AAACAC,2,4.979999999999998
93,M81032,Topiramate_Tab 200mg,040801050AAACAC,1,4.647999999999998
94,M81048,Topiramate_Tab 200mg,040801050AAACAC,3,3.4943999999999975
130,M81012,Tetrabenazine_Tab 25mg,0409030C0AAAAAA,1,2.998799999999996
131,M81024,Tetrabenazine_Tab 25mg,0409030C0AAAAAA,1,2.998799999999996
15,M81026,Clonazepam_Tab 500mcg,0408010F0AAABAB,3,2.847599999999994
100,M81026,Amiodarone HCl_Tab 200mg,0203020D0AAABAB,8,2.8000000000000025
16,M81048,Clonazepam_Tab 500mcg,0408010F0AAABAB,4,2.531199999999995
17,M81067,Clonazepam_Tab 500mcg,0408010F0AAABAB,4,2.531199999999995
96,M81621,Topiramate_Tab 200mg,040801050AAACAC,1,2.3183999999999996
95,M81048,Topiramate_Tab 200mg,040801050AAACAC,1,2.3183999999999996
97,M81003,Topiramate_Tab 200mg,040801050AAACAC,4,2.307200000000001
18,M81043,Clonazepam_Tab 500mcg,0408010F0AAABAB,2,2.2599999999999953
101,M81032,Amiodarone HCl_Tab 200mg,0203020D0AAABAB,3,2.100000000000002
102,M81054,Amiodarone HCl_Tab 200mg,0203020D0AAABAB,6,2.100000000000002
103,M81012,Amiodarone HCl_Tab 200mg,0203020D0AAABAB,3,2.100000000000002
132,M81012,Tetrabenazine_Tab 25mg,0409030C0AAAAAA,1,1.9991999999999974
135,M81026,Pyridox HCl_Tab 50mg,0906024N0AAAIAI,1,1.9152000000000005
24,M81044,Clonazepam_Tab 500mcg,0408010F0AAABAB,3,1.898399999999996
22,M81048,Clonazepam_Tab 500mcg,0408010F0AAABAB,2,1.898399999999996
21,M81016,Clonazepam_Tab 500mcg,0408010F0AAABAB,3,1.898399999999996
20,M81026,Clonazepam_Tab 500mcg,0408010F0AAABAB,24,1.898399999999996
19,M81024,Clonazepam_Tab 500mcg,0408010F0AAABAB,3,1.898399999999996
26,M81003,Clonazepam_Tab 500mcg,0408010F0AAABAB,3,1.898399999999996
25,M81043,Clonazepam_Tab 500mcg,0408010F0AAABAB,6,1.898399999999996
23,M81044,Clonazepam_Tab 500mcg,0408010F0AAABAB,2,1.898399999999996
27,M81054,Clonazepam_Tab 500mcg,0408010F0AAABAB,1,1.8079999999999963
28,M81012,Clonazepam_Tab 500mcg,0408010F0AAABAB,5,1.5819999999999967
133,M81076,Tetrabenazine_Tab 25mg,0409030C0AAAAAA,1,1.499399999999998
136,M81018,Pyridox HCl_Tab 50mg,0906024N0AAAIAI,1,1.4364000000000003
105,M81018,Amiodarone HCl_Tab 200mg,0203020D0AAABAB,4,1.4000000000000012
106,M81016,Amiodarone HCl_Tab 200mg,0203020D0AAABAB,4,1.4000000000000012
104,M81026,Amiodarone HCl_Tab 200mg,0203020D0AAABAB,2,1.4000000000000012
29,M81066,Clonazepam_Tab 500mcg,0408010F0AAABAB,2,1.3559999999999972
30,M81054,Clonazepam_Tab 500mcg,0408010F0AAABAB,4,1.3559999999999972
31,M81026,Clonazepam_Tab 500mcg,0408010F0AAABAB,1,1.3559999999999972
37,M81066,Clonazepam_Tab 500mcg,0408010F0AAABAB,4,1.2655999999999974
34,M81061,Clonazepam_Tab 500mcg,0408010F0AAABAB,2,1.2655999999999974
36,M81012,Clonazepam_Tab 500mcg,0408010F0AAABAB,2,1.2655999999999974
33,M81032,Clonazepam_Tab 500mcg,0408010F0AAABAB,2,1.2655999999999974
32,M81061,Clonazepam_Tab 500mcg,0408010F0AAABAB,1,1.2655999999999974
35,M81604,Clonazepam_Tab 500mcg,0408010F0AAABAB,4,1.2655999999999974
38,M81054,Clonazepam_Tab 500mcg,0408010F0AAABAB,2,1.2655999999999974
39,M81061,Clonazepam_Tab 500mcg,0408010F0AAABAB,4,1.2655999999999974
99,M81026,Topiramate_Tab 200mg,040801050AAACAC,4,1.1536000000000004
98,M81066,Topiramate_Tab 200mg,040801050AAACAC,4,1.1536000000000004
40,M81054,Clonazepam_Tab 500mcg,0408010F0AAABAB,1,1.1299999999999977
43,M81003,Clonazepam_Tab 500mcg,0408010F0AAABAB,1,1.1299999999999977
42,M81016,Clonazepam_Tab 500mcg,0408010F0AAABAB,1,1.1299999999999977
41,M81604,Clonazepam_Tab 500mcg,0408010F0AAABAB,1,1.1299999999999977
107,M81067,Amiodarone HCl_Tab 200mg,0203020D0AAABAB,3,1.050000000000001
108,M81043,Amiodarone HCl_Tab 200mg,0203020D0AAABAB,3,1.050000000000001
46,M81600,Clonazepam_Tab 500mcg,0408010F0AAABAB,3,1.016999999999998
45,M81067,Clonazepam_Tab 500mcg,0408010F0AAABAB,1,1.016999999999998
44,M81018,Clonazepam_Tab 500mcg,0408010F0AAABAB,1,1.016999999999998
134,M81061,Tetrabenazine_Tab 25mg,0409030C0AAAAAA,2,0.9995999999999987
137,M81044,Pyridox HCl_Tab 50mg,0906024N0AAAIAI,2,0.9576000000000002
138,M81012,Pyridox HCl_Tab 50mg,0906024N0AAAIAI,1,0.9576000000000002
47,M81044,Clonazepam_Tab 500mcg,0408010F0AAABAB,3,0.949199999999998
51,M81012,Clonazepam_Tab 500mcg,0408010F0AAABAB,1,0.949199999999998
50,M81024,Clonazepam_Tab 500mcg,0408010F0AAABAB,3,0.949199999999998
49,M81016,Clonazepam_Tab 500mcg,0408010F0AAABAB,3,0.949199999999998
48,M81067,Clonazepam_Tab 500mcg,0408010F0AAABAB,3,0.949199999999998
52,M81054,Clonazepam_Tab 500mcg,0408010F0AAABAB,5,0.7909999999999984
53,M81012,Clonazepam_Tab 500mcg,0408010F0AAABAB,4,0.7819999999999969
173,M81026,Diltiazem HCl_Tab 60mg M/R,0206020C0AAAAAA,1,0.7392000000000025
110,M81600,Amiodarone HCl_Tab 200mg,0203020D0AAABAB,1,0.7000000000000006
109,M81044,Amiodarone HCl_Tab 200mg,0203020D0AAABAB,1,0.7000000000000006
111,M81604,Amiodarone HCl_Tab 200mg,0203020D0AAABAB,2,0.7000000000000006
112,M81093,Amiodarone HCl_Tab 200mg,0203020D0AAABAB,1,0.7000000000000006
113,M81003,Amiodarone HCl_Tab 200mg,0203020D0AAABAB,1,0.7000000000000006
114,M81076,Amiodarone HCl_Tab 200mg,0203020D0AAABAB,1,0.7000000000000006
115,M81066,Amiodarone HCl_Tab 200mg,0203020D0AAABAB,1,0.7000000000000006
116,M81621,Amiodarone HCl_Tab 200mg,0203020D0AAABAB,1,0.7000000000000006
58,M81066,Clonazepam_Tab 500mcg,0408010F0AAABAB,2,0.6779999999999986
54,M81016,Clonazepam_Tab 500mcg,0408010F0AAABAB,2,0.6779999999999986
55,M81009,Clonazepam_Tab 500mcg,0408010F0AAABAB,1,0.6779999999999986
56,M81018,Clonazepam_Tab 500mcg,0408010F0AAABAB,1,0.6779999999999986
57,M81003,Clonazepam_Tab 500mcg,0408010F0AAABAB,2,0.6779999999999986
59,M81003,Clonazepam_Tab 500mcg,0408010F0AAABAB,1,0.6779999999999986
117,M81003,Amiodarone HCl_Tab 200mg,0203020D0AAABAB,8,0.6776
60,M81018,Clonazepam_Tab 500mcg,0408010F0AAABAB,1,0.672599999999998
145,M81032,Co-Codamol_Cap 8mg/500mg,0407010F0AAABAB,4,0.6400000000000072
144,M81032,Co-Codamol_Cap 8mg/500mg,0407010F0AAABAB,4,0.6400000000000072
66,M81043,Clonazepam_Tab 500mcg,0408010F0AAABAB,1,0.6327999999999987
67,M81093,Clonazepam_Tab 500mcg,0408010F0AAABAB,1,0.6327999999999987
62,M81066,Clonazepam_Tab 500mcg,0408010F0AAABAB,1,0.6327999999999987
68,M81076,Clonazepam_Tab 500mcg,0408010F0AAABAB,2,0.6327999999999987
69,M81054,Clonazepam_Tab 500mcg,0408010F0AAABAB,2,0.6327999999999987
70,M81066,Clonazepam_Tab 500mcg,0408010F0AAABAB,4,0.6327999999999987
61,M81048,Clonazepam_Tab 500mcg,0408010F0AAABAB,2,0.6327999999999987
63,M81621,Clonazepam_Tab 500mcg,0408010F0AAABAB,2,0.6327999999999987
64,M81604,Clonazepam_Tab 500mcg,0408010F0AAABAB,4,0.6327999999999987
65,M81032,Clonazepam_Tab 500mcg,0408010F0AAABAB,2,0.6327999999999987
71,M81054,Clonazepam_Tab 500mcg,0408010F0AAABAB,1,0.5699999999999983
72,M81066,Clonazepam_Tab 500mcg,0408010F0AAABAB,1,0.5699999999999983
118,M81093,Amiodarone HCl_Tab 200mg,0203020D0AAABAB,6,0.5082
174,M81026,Diltiazem HCl_Tab 60mg M/R,0206020C0AAAAAA,2,0.4928000000000017
149,M81018,Co-Codamol_Cap 8mg/500mg,0407010F0AAABAB,3,0.4800000000000054
146,M81016,Co-Codamol_Cap 8mg/500mg,0407010F0AAABAB,3,0.4800000000000054
147,M81016,Co-Codamol_Cap 8mg/500mg,0407010F0AAABAB,3,0.4800000000000054
148,M81018,Co-Codamol_Cap 8mg/500mg,0407010F0AAABAB,3,0.4800000000000054
140,M81003,Pyridox HCl_Tab 50mg,0906024N0AAAIAI,1,0.4788000000000001
141,M81066,Pyridox HCl_Tab 50mg,0906024N0AAAIAI,4,0.4788000000000001
139,M81067,Pyridox HCl_Tab 50mg,0906024N0AAAIAI,1,0.4788000000000001
143,M81604,Pyridox HCl_Tab 50mg,0906024N0AAAIAI,1,0.4788000000000001
142,M81026,Pyridox HCl_Tab 50mg,0906024N0AAAIAI,1,0.4788000000000001
73,M81067,Clonazepam_Tab 500mcg,0408010F0AAABAB,1,0.474599999999999
175,M81026,Diltiazem HCl_Tab 60mg M/R,0206020C0AAAAAA,8,0.47040000000000415
74,M81043,Clonazepam_Tab 500mcg,0408010F0AAABAB,1,0.45199999999999907
75,M81032,Clonazepam_Tab 500mcg,0408010F0AAABAB,2,0.44399999999999995
176,M81061,Diltiazem HCl_Tab 60mg M/R,0206020C0AAAAAA,1,0.40500000000000036
177,M81026,Diltiazem HCl_Tab 60mg M/R,0206020C0AAAAAA,1,0.40500000000000036
178,M81044,Diltiazem HCl_Tab 60mg M/R,0206020C0AAAAAA,1,0.36960000000000126
179,M81018,Diltiazem HCl_Tab 60mg M/R,0206020C0AAAAAA,1,0.36960000000000126
180,M81054,Diltiazem HCl_Tab 60mg M/R,0206020C0AAAAAA,1,0.36960000000000126
181,M81026,Diltiazem HCl_Tab 60mg M/R,0206020C0AAAAAA,1,0.36960000000000126
182,M81016,Diltiazem HCl_Tab 60mg M/R,0206020C0AAAAAA,1,0.36960000000000126
151,M81016,Co-Codamol_Cap 8mg/500mg,0407010F0AAABAB,1,0.35840000000000405
150,M81016,Co-Codamol_Cap 8mg/500mg,0407010F0AAABAB,1,0.35840000000000405
120,M81076,Amiodarone HCl_Tab 200mg,0203020D0AAABAB,1,0.3500000000000003
119,M81024,Amiodarone HCl_Tab 200mg,0203020D0AAABAB,1,0.3500000000000003
121,M81009,Amiodarone HCl_Tab 200mg,0203020D0AAABAB,1,0.3500000000000003
122,M81061,Amiodarone HCl_Tab 200mg,0203020D0AAABAB,1,0.3500000000000003
124,M81012,Amiodarone HCl_Tab 200mg,0203020D0AAABAB,1,0.3500000000000003
123,M81048,Amiodarone HCl_Tab 200mg,0203020D0AAABAB,1,0.3500000000000003
76,M81016,Clonazepam_Tab 500mcg,0408010F0AAABAB,8,0.33919999999999995
80,M81032,Clonazepam_Tab 500mcg,0408010F0AAABAB,1,0.3389999999999993
78,M81026,Clonazepam_Tab 500mcg,0408010F0AAABAB,1,0.3389999999999993
79,M81604,Clonazepam_Tab 500mcg,0408010F0AAABAB,1,0.3389999999999993
77,M81044,Clonazepam_Tab 500mcg,0408010F0AAABAB,1,0.3389999999999993
152,M81054,Co-Codamol_Cap 8mg/500mg,0407010F0AAABAB,1,0.3200000000000036
153,M81012,Co-Codamol_Cap 8mg/500mg,0407010F0AAABAB,1,0.3200000000000036
154,M81012,Co-Codamol_Cap 8mg/500mg,0407010F0AAABAB,1,0.3200000000000036
155,M81054,Co-Codamol_Cap 8mg/500mg,0407010F0AAABAB,1,0.3200000000000036
83,M81003,Clonazepam_Tab 500mcg,0408010F0AAABAB,4,0.31639999999999935
82,M81093,Clonazepam_Tab 500mcg,0408010F0AAABAB,1,0.31639999999999935
81,M81003,Clonazepam_Tab 500mcg,0408010F0AAABAB,1,0.31639999999999935
84,M81026,Clonazepam_Tab 500mcg,0408010F0AAABAB,2,0.31639999999999935
125,M81048,Amiodarone HCl_Tab 200mg,0203020D0AAABAB,1,0.25400000000000034
183,M81003,Diltiazem HCl_Tab 60mg M/R,0206020C0AAAAAA,1,0.24640000000000084
185,M81048,Diltiazem HCl_Tab 60mg M/R,0206020C0AAAAAA,1,0.24640000000000084
184,M81600,Diltiazem HCl_Tab 60mg M/R,0206020C0AAAAAA,1,0.24640000000000084
85,M81061,Clonazepam_Tab 500mcg,0408010F0AAABAB,3,0.2372999999999995
86,M81066,Clonazepam_Tab 500mcg,0408010F0AAABAB,1,0.2372999999999995
87,M81044,Clonazepam_Tab 500mcg,0408010F0AAABAB,1,0.22199999999999998
88,M81032,Clonazepam_Tab 500mcg,0408010F0AAABAB,4,0.16959999999999997
164,M81604,Co-Codamol_Cap 8mg/500mg,0407010F0AAABAB,1,0.1600000000000018
165,M81026,Co-Codamol_Cap 8mg/500mg,0407010F0AAABAB,1,0.1600000000000018
157,M81003,Co-Codamol_Cap 8mg/500mg,0407010F0AAABAB,1,0.1600000000000018
163,M81604,Co-Codamol_Cap 8mg/500mg,0407010F0AAABAB,1,0.1600000000000018
162,M81026,Co-Codamol_Cap 8mg/500mg,0407010F0AAABAB,1,0.1600000000000018
161,M81067,Co-Codamol_Cap 8mg/500mg,0407010F0AAABAB,1,0.1600000000000018
160,M81067,Co-Codamol_Cap 8mg/500mg,0407010F0AAABAB,1,0.1600000000000018
159,M81043,Co-Codamol_Cap 8mg/500mg,0407010F0AAABAB,1,0.1600000000000018
158,M81043,Co-Codamol_Cap 8mg/500mg,0407010F0AAABAB,1,0.1600000000000018
156,M81003,Co-Codamol_Cap 8mg/500mg,0407010F0AAABAB,1,0.1600000000000018
166,M81032,Co-Codamol_Cap 8mg/500mg,0407010F0AAABAB,3,0.15360000000000174
167,M81032,Co-Codamol_Cap 8mg/500mg,0407010F0AAABAB,3,0.15360000000000174
186,M81054,Diltiazem HCl_Tab 60mg M/R,0206020C0AAAAAA,1,0.1379999999999998
187,M81076,Diltiazem HCl_Tab 60mg M/R,0206020C0AAAAAA,4,0.13720000000000043
188,M81044,Diltiazem HCl_Tab 60mg M/R,0206020C0AAAAAA,1,0.1260000000000001
189,M81054,Diltiazem HCl_Tab 60mg M/R,0206020C0AAAAAA,1,0.1260000000000001
190,M81048,Diltiazem HCl_Tab 60mg M/R,0206020C0AAAAAA,1,0.1260000000000001
89,M81621,Clonazepam_Tab 500mcg,0408010F0AAABAB,1,0.11599999999999999
169,M81066,Co-Codamol_Cap 8mg/500mg,0407010F0AAABAB,1,0.08500000000000035
168,M81066,Co-Codamol_Cap 8mg/500mg,0407010F0AAABAB,1,0.08500000000000035
171,Y00172,Co-Codamol_Cap 8mg/500mg,0407010F0AAABAB,1,0.08320000000000094
170,Y00172,Co-Codamol_Cap 8mg/500mg,0407010F0AAABAB,1,0.08320000000000094
90,M81026,Clonazepam_Tab 500mcg,0408010F0AAABAB,1,0.015600000000000003
127,M81067,Sildenafil_Tab 100mg,0704050Z0AAACAC,2,0.010000000000000009
8,M81076,Mesalazine_Tab E/C 800mg,0105010B0AAASAS,1,0.008999999999999009
9,M81048,Mesalazine_Tab E/C 800mg,0105010B0AAASAS,1,0.008999999999999009
128,M81018,Sildenafil_Tab 100mg,0704050Z0AAACAC,1,0.0050000000000000044
129,M81600,Sildenafil_Tab 100mg,0704050Z0AAACAC,1,-0.00280000000000008
10,M81048,Mesalazine_Tab E/C 800mg,0105010B0AAASAS,1,-18.441
11,M81076,Mesalazine_Tab E/C 800mg,0105010B0AAASAS,1,-18.441
