,practice_code,bnf_description,bnf_code,items,excess_cost
164,J84017,Atorvastatin_Tab 20mg,0212000B0AAABAB,69,270.48
202,J84013,Pregabalin_Cap 75mg,0408010AEAAACAC,10,239.792
266,J84014,Pregabalin_Cap 25mg,0408010AEAAAAAA,2,212.92
203,J84019,Pregabalin_Cap 75mg,0408010AEAAACAC,4,170.18399999999997
421,J84005,Phenytoin_Sod Tab 100mg,0408010Q0AAAGAG,2,119.41439999999997
165,J84005,Atorvastatin_Tab 20mg,0212000B0AAABAB,131,90.23280000000004
227,J84017,Pregabalin_Cap 50mg,0408010AEAAABAB,3,85.6296
228,J84011,Pregabalin_Cap 50mg,0408010AEAAABAB,7,85.61280000000001
229,J84012,Pregabalin_Cap 50mg,0408010AEAAABAB,1,85.61280000000001
230,J84020,Pregabalin_Cap 50mg,0408010AEAAABAB,2,85.6128
1,J84017,Paracet_Tab 500mg,0407010H0AAAMAM,38,79.16159999999999
0,J84017,Paracet_Tab 500mg,0407010H0AAAMAM,38,79.16159999999999
2,J84017,Paracet_Tab 500mg,0407010H0AAAMAM,114,75.24000000000002
3,J84017,Paracet_Tab 500mg,0407010H0AAAMAM,114,75.24000000000002
348,J84013,Pregabalin_Cap 150mg,0408010AEAAAEAE,28,70.756
166,J84012,Atorvastatin_Tab 20mg,0212000B0AAABAB,347,68.01199999999999
4,J84017,Paracet_Tab 500mg,0407010H0AAAMAM,59,60.18000000000001
5,J84017,Paracet_Tab 500mg,0407010H0AAAMAM,59,60.18000000000001
6,J84014,Paracet_Tab 500mg,0407010H0AAAMAM,153,59.67000000000001
7,J84014,Paracet_Tab 500mg,0407010H0AAAMAM,153,59.67000000000001
267,J84011,Pregabalin_Cap 25mg,0408010AEAAAAAA,10,59.583999999999996
204,J84011,Pregabalin_Cap 75mg,0408010AEAAACAC,17,56.73919999999999
349,Y00438,Pregabalin_Cap 150mg,0408010AEAAAEAE,1,56.5488
268,J84016,Pregabalin_Cap 25mg,0408010AEAAAAAA,4,56.38080000000001
396,J84014,Clopidogrel_Tab 75mg,0209000C0AAAAAA,116,52.617599999999996
167,J84019,Atorvastatin_Tab 20mg,0212000B0AAABAB,39,47.6112
297,J84008,Atorvastatin_Tab 10mg,0212000B0AAAAAA,16,46.502399999999994
168,J84007,Atorvastatin_Tab 20mg,0212000B0AAABAB,258,45.5112
169,J84011,Atorvastatin_Tab 20mg,0212000B0AAABAB,89,45.35440000000002
282,J84012,Betahistine HCl_Tab 16mg,0406000B0AAABAB,7,45.2172
170,J84020,Atorvastatin_Tab 20mg,0212000B0AAABAB,53,45.11360000000001
171,J84005,Atorvastatin_Tab 20mg,0212000B0AAABAB,98,45.00160000000001
283,J84004,Betahistine HCl_Tab 16mg,0406000B0AAABAB,16,44.486399999999996
284,J84013,Betahistine HCl_Tab 16mg,0406000B0AAABAB,10,36.20399999999999
9,J84015,Paracet_Tab 500mg,0407010H0AAAMAM,77,34.49600000000003
8,J84015,Paracet_Tab 500mg,0407010H0AAAMAM,77,34.49600000000003
10,J84019,Paracet_Tab 500mg,0407010H0AAAMAM,171,30.77999999999999
11,J84019,Paracet_Tab 500mg,0407010H0AAAMAM,171,30.77999999999999
350,J84018,Pregabalin_Cap 150mg,0408010AEAAAEAE,4,29.887199999999996
285,J84010,Betahistine HCl_Tab 16mg,0406000B0AAABAB,8,29.612799999999996
231,J84017,Pregabalin_Cap 50mg,0408010AEAAABAB,1,28.537600000000005
172,J84011,Atorvastatin_Tab 20mg,0212000B0AAABAB,65,28.164499999999997
286,J84010,Betahistine HCl_Tab 16mg,0406000B0AAABAB,15,26.586000000000002
298,J84015,Atorvastatin_Tab 10mg,0212000B0AAAAAA,119,23.323999999999998
299,J84005,Atorvastatin_Tab 10mg,0212000B0AAAAAA,21,23.284799999999997
300,J84011,Atorvastatin_Tab 10mg,0212000B0AAAAAA,31,23.262400000000003
301,J84010,Atorvastatin_Tab 10mg,0212000B0AAAAAA,38,23.1952
173,J84013,Atorvastatin_Tab 20mg,0212000B0AAABAB,413,23.12800000000002
174,J84019,Atorvastatin_Tab 20mg,0212000B0AAABAB,270,22.68000000000002
13,J84014,Paracet_Tab 500mg,0407010H0AAAMAM,24,22.579200000000014
12,J84014,Paracet_Tab 500mg,0407010H0AAAMAM,24,22.579200000000014
175,J84019,Atorvastatin_Tab 20mg,0212000B0AAABAB,50,22.54
176,J84005,Atorvastatin_Tab 20mg,0212000B0AAABAB,16,22.5232
177,J84020,Atorvastatin_Tab 20mg,0212000B0AAABAB,57,22.503600000000002
178,J84017,Atorvastatin_Tab 20mg,0212000B0AAABAB,103,22.495200000000004
15,J84005,Paracet_Tab 500mg,0407010H0AAAMAM,65,20.150000000000013
14,J84005,Paracet_Tab 500mg,0407010H0AAAMAM,65,20.150000000000013
422,J84018,Phenytoin_Sod Tab 100mg,0408010Q0AAAGAG,1,19.899599999999996
287,J84014,Betahistine HCl_Tab 16mg,0406000B0AAABAB,14,17.992800000000003
288,J84003,Betahistine HCl_Tab 16mg,0406000B0AAABAB,6,17.9424
289,J84019,Betahistine HCl_Tab 16mg,0406000B0AAABAB,10,17.891999999999992
290,J84019,Betahistine HCl_Tab 16mg,0406000B0AAABAB,8,17.8248
291,J84008,Betahistine HCl_Tab 16mg,0406000B0AAABAB,1,17.7912
292,J84010,Betahistine HCl_Tab 16mg,0406000B0AAABAB,2,17.7744
397,J84019,Clopidogrel_Tab 75mg,0209000C0AAAAAA,180,17.63999999999998
398,J84008,Clopidogrel_Tab 75mg,0209000C0AAAAAA,19,17.555999999999994
399,J84017,Clopidogrel_Tab 75mg,0209000C0AAAAAA,29,17.539199999999994
400,J84008,Clopidogrel_Tab 75mg,0209000C0AAAAAA,46,17.516799999999993
16,J84014,Paracet_Tab 500mg,0407010H0AAAMAM,4,15.120000000000001
17,J84014,Paracet_Tab 500mg,0407010H0AAAMAM,4,15.120000000000001
19,J84015,Paracet_Tab 500mg,0407010H0AAAMAM,122,14.639999999999995
18,J84015,Paracet_Tab 500mg,0407010H0AAAMAM,122,14.639999999999995
20,J84016,Paracet_Tab 500mg,0407010H0AAAMAM,182,14.560000000000038
21,J84016,Paracet_Tab 500mg,0407010H0AAAMAM,182,14.560000000000038
23,J84014,Paracet_Tab 500mg,0407010H0AAAMAM,40,13.888000000000002
22,J84014,Paracet_Tab 500mg,0407010H0AAAMAM,40,13.888000000000002
24,J84020,Paracet_Tab 500mg,0407010H0AAAMAM,65,13.650000000000007
25,J84020,Paracet_Tab 500mg,0407010H0AAAMAM,65,13.650000000000007
423,J84014,Phenytoin_Sod Tab 100mg,0408010Q0AAAGAG,1,12.118399999999996
26,J84019,Paracet_Tab 500mg,0407010H0AAAMAM,55,12.100000000000003
27,J84019,Paracet_Tab 500mg,0407010H0AAAMAM,55,12.100000000000003
29,J84017,Paracet_Tab 500mg,0407010H0AAAMAM,3,12.096
28,J84017,Paracet_Tab 500mg,0407010H0AAAMAM,3,12.096
293,J84020,Betahistine HCl_Tab 16mg,0406000B0AAABAB,2,11.8496
302,J84018,Atorvastatin_Tab 10mg,0212000B0AAAAAA,27,11.642400000000004
303,J84017,Atorvastatin_Tab 10mg,0212000B0AAAAAA,54,11.642399999999999
304,J84010,Atorvastatin_Tab 10mg,0212000B0AAAAAA,112,11.603200000000006
31,J84013,Paracet_Tab 500mg,0407010H0AAAMAM,171,11.491200000000063
30,J84013,Paracet_Tab 500mg,0407010H0AAAMAM,171,11.491200000000063
305,J84007,Atorvastatin_Tab 10mg,0212000B0AAAAAA,82,11.480000000000002
306,J84012,Atorvastatin_Tab 10mg,0212000B0AAAAAA,156,11.356799999999993
32,J84020,Paracet_Tab 500mg,0407010H0AAAMAM,5,11.312000000000001
33,J84020,Paracet_Tab 500mg,0407010H0AAAMAM,5,11.312000000000001
34,J84019,Paracet_Tab 500mg,0407010H0AAAMAM,8,11.312000000000001
35,J84019,Paracet_Tab 500mg,0407010H0AAAMAM,8,11.312000000000001
37,J84014,Paracet_Tab 500mg,0407010H0AAAMAM,4,11.289600000000002
39,J84017,Paracet_Tab 500mg,0407010H0AAAMAM,4,11.289600000000002
36,J84017,Paracet_Tab 500mg,0407010H0AAAMAM,4,11.289600000000002
38,J84014,Paracet_Tab 500mg,0407010H0AAAMAM,4,11.289600000000002
40,J84019,Paracet_Tab 500mg,0407010H0AAAMAM,50,11.20000000000001
41,J84019,Paracet_Tab 500mg,0407010H0AAAMAM,50,11.20000000000001
42,J84016,Paracet_Tab 500mg,0407010H0AAAMAM,10,11.200000000000003
43,J84016,Paracet_Tab 500mg,0407010H0AAAMAM,10,11.200000000000003
44,J84019,Paracet_Tab 500mg,0407010H0AAAMAM,21,11.172000000000002
45,J84019,Paracet_Tab 500mg,0407010H0AAAMAM,21,11.172000000000002
46,J84007,Paracet_Tab 500mg,0407010H0AAAMAM,29,11.0432
47,J84007,Paracet_Tab 500mg,0407010H0AAAMAM,29,11.0432
49,J84005,Paracet_Tab 500mg,0407010H0AAAMAM,61,10.931200000000029
48,J84005,Paracet_Tab 500mg,0407010H0AAAMAM,61,10.931200000000029
50,J84007,Paracet_Tab 500mg,0407010H0AAAMAM,12,10.080000000000005
51,J84007,Paracet_Tab 500mg,0407010H0AAAMAM,12,10.080000000000005
52,J84014,Paracet_Tab 500mg,0407010H0AAAMAM,62,9.920000000000027
53,J84014,Paracet_Tab 500mg,0407010H0AAAMAM,62,9.920000000000027
294,J84003,Betahistine HCl_Tab 16mg,0406000B0AAABAB,1,9.530999999999999
295,J84005,Betahistine HCl_Tab 16mg,0406000B0AAABAB,4,9.0384
401,J84020,Clopidogrel_Tab 75mg,0209000C0AAAAAA,32,8.780799999999996
402,J84011,Clopidogrel_Tab 75mg,0209000C0AAAAAA,54,8.769599999999999
403,J84012,Clopidogrel_Tab 75mg,0209000C0AAAAAA,101,8.766799999999996
54,J84014,Paracet_Tab 500mg,0407010H0AAAMAM,2,8.467200000000002
55,J84014,Paracet_Tab 500mg,0407010H0AAAMAM,2,8.467200000000002
56,J84019,Paracet_Tab 500mg,0407010H0AAAMAM,7,5.644800000000001
57,J84019,Paracet_Tab 500mg,0407010H0AAAMAM,7,5.644800000000001
59,J84011,Paracet_Tab 500mg,0407010H0AAAMAM,135,5.400000000000015
58,J84011,Paracet_Tab 500mg,0407010H0AAAMAM,135,5.400000000000015
61,J84007,Paracet_Tab 500mg,0407010H0AAAMAM,35,5.074999999999999
60,J84007,Paracet_Tab 500mg,0407010H0AAAMAM,35,5.074999999999999
62,J84007,Paracet_Tab 500mg,0407010H0AAAMAM,71,3.5500000000000034
63,J84007,Paracet_Tab 500mg,0407010H0AAAMAM,71,3.5500000000000034
307,J84007,Atorvastatin_Tab 10mg,0212000B0AAAAAA,1,3.3264
308,J84013,Atorvastatin_Tab 10mg,0212000B0AAAAAA,2,3.3232
65,J84014,Paracet_Tab 500mg,0407010H0AAAMAM,2,3.0240000000000005
64,J84014,Paracet_Tab 500mg,0407010H0AAAMAM,2,3.0240000000000005
66,J84020,Paracet_Tab 500mg,0407010H0AAAMAM,1,3.024
67,J84020,Paracet_Tab 500mg,0407010H0AAAMAM,1,3.024
296,J84012,Betahistine HCl_Tab 16mg,0406000B0AAABAB,2,2.968
404,J84011,Clopidogrel_Tab 75mg,0209000C0AAAAAA,94,0.4605999999999995
405,J84004,Clopidogrel_Tab 75mg,0209000C0AAAAAA,87,0.4262999999999995
406,J84014,Clopidogrel_Tab 75mg,0209000C0AAAAAA,86,0.42139999999999955
407,J84019,Clopidogrel_Tab 75mg,0209000C0AAAAAA,78,0.3821999999999996
408,J84007,Clopidogrel_Tab 75mg,0209000C0AAAAAA,68,0.3331999999999996
409,J84017,Clopidogrel_Tab 75mg,0209000C0AAAAAA,50,0.24499999999999972
179,J84008,Atorvastatin_Tab 20mg,0212000B0AAABAB,43,0.2408000000000069
410,J84016,Clopidogrel_Tab 75mg,0209000C0AAAAAA,41,0.20089999999999977
411,J84018,Clopidogrel_Tab 75mg,0209000C0AAAAAA,24,0.11759999999999987
206,J84017,Pregabalin_Cap 75mg,0408010AEAAACAC,14,0.07839999999999953
205,J84011,Pregabalin_Cap 75mg,0408010AEAAACAC,14,0.07839999999999953
351,J84014,Pregabalin_Cap 150mg,0408010AEAAAEAE,26,0.07280000000000209
207,J84010,Pregabalin_Cap 75mg,0408010AEAAACAC,13,0.07279999999999956
309,J84017,Atorvastatin_Tab 10mg,0212000B0AAAAAA,33,0.06930000000000039
412,J84008,Clopidogrel_Tab 75mg,0209000C0AAAAAA,14,0.06859999999999992
310,J84007,Atorvastatin_Tab 10mg,0212000B0AAAAAA,32,0.06720000000000037
311,J84014,Atorvastatin_Tab 10mg,0212000B0AAAAAA,30,0.06300000000000035
312,J84016,Atorvastatin_Tab 10mg,0212000B0AAAAAA,29,0.060900000000000336
71,J84011,Paracet_Tab 500mg,0407010H0AAAMAM,14,0.058799999999999644
68,J84011,Paracet_Tab 500mg,0407010H0AAAMAM,14,0.058799999999999644
69,J84019,Paracet_Tab 500mg,0407010H0AAAMAM,14,0.058799999999999644
70,J84019,Paracet_Tab 500mg,0407010H0AAAMAM,14,0.058799999999999644
208,J84005,Pregabalin_Cap 75mg,0408010AEAAACAC,10,0.05599999999999966
233,J84015,Pregabalin_Cap 50mg,0408010AEAAABAB,9,0.050400000000001444
232,J84017,Pregabalin_Cap 50mg,0408010AEAAABAB,9,0.050400000000001444
234,J84004,Pregabalin_Cap 50mg,0408010AEAAABAB,8,0.04480000000000128
413,J84012,Clopidogrel_Tab 75mg,0209000C0AAAAAA,9,0.04409999999999995
424,J84016,Phenytoin_Sod Tab 100mg,0408010Q0AAAGAG,7,0.04409999999999514
235,J84014,Pregabalin_Cap 50mg,0408010AEAAABAB,7,0.03920000000000112
313,J84011,Atorvastatin_Tab 10mg,0212000B0AAAAAA,18,0.03780000000000021
72,J84014,Paracet_Tab 500mg,0407010H0AAAMAM,9,0.03779999999999977
73,J84014,Paracet_Tab 500mg,0407010H0AAAMAM,9,0.03779999999999977
353,J84004,Pregabalin_Cap 150mg,0408010AEAAAEAE,12,0.03360000000000096
352,J84019,Pregabalin_Cap 150mg,0408010AEAAAEAE,12,0.03360000000000096
236,J84004,Pregabalin_Cap 50mg,0408010AEAAABAB,8,0.03359999999999941
314,J84004,Atorvastatin_Tab 10mg,0212000B0AAAAAA,15,0.031500000000000174
354,J84015,Pregabalin_Cap 150mg,0408010AEAAAEAE,11,0.030800000000000882
238,J84013,Pregabalin_Cap 50mg,0408010AEAAABAB,5,0.028000000000000802
356,J84013,Pregabalin_Cap 150mg,0408010AEAAAEAE,5,0.028000000000000802
355,J84010,Pregabalin_Cap 150mg,0408010AEAAAEAE,5,0.028000000000000802
237,J84020,Pregabalin_Cap 50mg,0408010AEAAABAB,5,0.028000000000000802
75,J84007,Paracet_Tab 500mg,0407010H0AAAMAM,10,0.02799999999999983
209,J84004,Pregabalin_Cap 75mg,0408010AEAAACAC,5,0.02799999999999983
74,J84007,Paracet_Tab 500mg,0407010H0AAAMAM,10,0.02799999999999983
357,J84005,Pregabalin_Cap 150mg,0408010AEAAAEAE,6,0.025200000000000722
315,J84019,Atorvastatin_Tab 10mg,0212000B0AAAAAA,12,0.02520000000000014
316,J84018,Atorvastatin_Tab 10mg,0212000B0AAAAAA,11,0.023100000000000127
239,J84005,Pregabalin_Cap 50mg,0408010AEAAABAB,4,0.02240000000000064
240,J84012,Pregabalin_Cap 50mg,0408010AEAAABAB,4,0.02240000000000064
242,J84011,Pregabalin_Cap 50mg,0408010AEAAABAB,4,0.02240000000000064
241,J84008,Pregabalin_Cap 50mg,0408010AEAAABAB,4,0.02240000000000064
358,J84014,Pregabalin_Cap 150mg,0408010AEAAAEAE,4,0.02240000000000064
211,J84014,Pregabalin_Cap 75mg,0408010AEAAACAC,4,0.022399999999999864
212,J84019,Pregabalin_Cap 75mg,0408010AEAAACAC,4,0.022399999999999864
210,J84018,Pregabalin_Cap 75mg,0408010AEAAACAC,4,0.022399999999999864
76,J84004,Paracet_Tab 500mg,0407010H0AAAMAM,8,0.022399999999999864
77,J84004,Paracet_Tab 500mg,0407010H0AAAMAM,8,0.022399999999999864
79,J84018,Paracet_Tab 500mg,0407010H0AAAMAM,5,0.020999999999999873
78,J84018,Paracet_Tab 500mg,0407010H0AAAMAM,5,0.020999999999999873
243,J84011,Pregabalin_Cap 50mg,0408010AEAAABAB,5,0.02099999999999963
414,J84005,Clopidogrel_Tab 75mg,0209000C0AAAAAA,4,0.01959999999999998
415,J84020,Clopidogrel_Tab 75mg,0209000C0AAAAAA,4,0.01959999999999998
180,J84013,Atorvastatin_Tab 20mg,0212000B0AAABAB,5,0.0180000000000001
80,J84019,Paracet_Tab 500mg,0407010H0AAAMAM,3,0.01799999999999989
81,J84019,Paracet_Tab 500mg,0407010H0AAAMAM,3,0.01799999999999989
246,J84010,Pregabalin_Cap 50mg,0408010AEAAABAB,3,0.01680000000000048
245,J84016,Pregabalin_Cap 50mg,0408010AEAAABAB,3,0.01680000000000048
359,J84008,Pregabalin_Cap 150mg,0408010AEAAAEAE,3,0.01680000000000048
360,J84012,Pregabalin_Cap 150mg,0408010AEAAAEAE,3,0.01680000000000048
361,J84007,Pregabalin_Cap 150mg,0408010AEAAAEAE,3,0.01680000000000048
363,J84015,Pregabalin_Cap 150mg,0408010AEAAAEAE,3,0.01680000000000048
364,J84017,Pregabalin_Cap 150mg,0408010AEAAAEAE,4,0.01680000000000048
365,J84020,Pregabalin_Cap 150mg,0408010AEAAAEAE,3,0.01680000000000048
244,J84019,Pregabalin_Cap 50mg,0408010AEAAABAB,3,0.01680000000000048
362,J84013,Pregabalin_Cap 150mg,0408010AEAAAEAE,4,0.01680000000000048
317,J84005,Atorvastatin_Tab 10mg,0212000B0AAAAAA,8,0.016800000000000093
318,J84008,Atorvastatin_Tab 10mg,0212000B0AAAAAA,8,0.016800000000000093
83,J84020,Paracet_Tab 500mg,0407010H0AAAMAM,4,0.0167999999999999
82,J84020,Paracet_Tab 500mg,0407010H0AAAMAM,4,0.0167999999999999
269,J84011,Pregabalin_Cap 25mg,0408010AEAAAAAA,4,0.016799999999999704
247,J84014,Pregabalin_Cap 50mg,0408010AEAAABAB,4,0.016799999999999704
248,J84005,Pregabalin_Cap 50mg,0408010AEAAABAB,4,0.016799999999999704
416,J84010,Clopidogrel_Tab 75mg,0209000C0AAAAAA,3,0.014699999999999984
366,J84011,Pregabalin_Cap 150mg,0408010AEAAAEAE,5,0.014000000000000401
84,J84013,Paracet_Tab 500mg,0407010H0AAAMAM,5,0.013999999999999915
85,J84013,Paracet_Tab 500mg,0407010H0AAAMAM,5,0.013999999999999915
87,J84011,Paracet_Tab 500mg,0407010H0AAAMAM,5,0.013999999999999915
86,J84011,Paracet_Tab 500mg,0407010H0AAAMAM,5,0.013999999999999915
367,J84012,Pregabalin_Cap 150mg,0408010AEAAAEAE,3,0.012600000000000361
93,J84016,Paracet_Tab 500mg,0407010H0AAAMAM,3,0.012599999999999924
92,J84004,Paracet_Tab 500mg,0407010H0AAAMAM,3,0.012599999999999924
91,J84017,Paracet_Tab 500mg,0407010H0AAAMAM,3,0.012599999999999924
89,J84017,Paracet_Tab 500mg,0407010H0AAAMAM,3,0.012599999999999924
90,J84004,Paracet_Tab 500mg,0407010H0AAAMAM,3,0.012599999999999924
88,J84016,Paracet_Tab 500mg,0407010H0AAAMAM,3,0.012599999999999924
181,J84013,Atorvastatin_Tab 20mg,0212000B0AAABAB,2,0.012000000000000344
94,J84005,Paracet_Tab 500mg,0407010H0AAAMAM,2,0.011999999999999927
95,J84013,Paracet_Tab 500mg,0407010H0AAAMAM,2,0.011999999999999927
96,J84013,Paracet_Tab 500mg,0407010H0AAAMAM,2,0.011999999999999927
97,J84005,Paracet_Tab 500mg,0407010H0AAAMAM,2,0.011999999999999927
213,J84004,Pregabalin_Cap 75mg,0408010AEAAACAC,1,0.011999999999998678
370,J84005,Pregabalin_Cap 150mg,0408010AEAAAEAE,2,0.01120000000000032
369,J84018,Pregabalin_Cap 150mg,0408010AEAAAEAE,2,0.01120000000000032
249,J84007,Pregabalin_Cap 50mg,0408010AEAAABAB,2,0.01120000000000032
371,J84017,Pregabalin_Cap 150mg,0408010AEAAAEAE,4,0.01120000000000032
373,J84020,Pregabalin_Cap 150mg,0408010AEAAAEAE,4,0.01120000000000032
368,J84017,Pregabalin_Cap 150mg,0408010AEAAAEAE,2,0.01120000000000032
372,J84010,Pregabalin_Cap 150mg,0408010AEAAAEAE,4,0.01120000000000032
99,J84012,Paracet_Tab 500mg,0407010H0AAAMAM,4,0.011199999999999932
98,J84017,Paracet_Tab 500mg,0407010H0AAAMAM,4,0.011199999999999932
214,J84004,Pregabalin_Cap 75mg,0408010AEAAACAC,4,0.011199999999999932
215,J84015,Pregabalin_Cap 75mg,0408010AEAAACAC,4,0.011199999999999932
217,J84013,Pregabalin_Cap 75mg,0408010AEAAACAC,2,0.011199999999999932
101,J84017,Paracet_Tab 500mg,0407010H0AAAMAM,4,0.011199999999999932
216,J84007,Pregabalin_Cap 75mg,0408010AEAAACAC,4,0.011199999999999932
100,J84012,Paracet_Tab 500mg,0407010H0AAAMAM,4,0.011199999999999932
270,J84005,Pregabalin_Cap 25mg,0408010AEAAAAAA,5,0.010499999999999815
374,J84017,Pregabalin_Cap 150mg,0408010AEAAAEAE,7,0.00980000000000028
417,J84013,Clopidogrel_Tab 75mg,0209000C0AAAAAA,2,0.00979999999999999
375,J84010,Pregabalin_Cap 150mg,0408010AEAAAEAE,2,0.009200000000000041
218,J84004,Pregabalin_Cap 75mg,0408010AEAAACAC,1,0.008999999999999009
183,J84003,Atorvastatin_Tab 20mg,0212000B0AAABAB,2,0.00880000000000003
182,J84019,Atorvastatin_Tab 20mg,0212000B0AAABAB,2,0.00880000000000003
376,J84012,Pregabalin_Cap 150mg,0408010AEAAAEAE,3,0.00840000000000024
320,J84012,Atorvastatin_Tab 10mg,0212000B0AAAAAA,4,0.008400000000000046
319,J84014,Atorvastatin_Tab 10mg,0212000B0AAAAAA,2,0.008400000000000046
219,J84017,Pregabalin_Cap 75mg,0408010AEAAACAC,3,0.00839999999999995
102,J84018,Paracet_Tab 500mg,0407010H0AAAMAM,3,0.00839999999999995
103,J84018,Paracet_Tab 500mg,0407010H0AAAMAM,3,0.00839999999999995
272,J84019,Pregabalin_Cap 25mg,0408010AEAAAAAA,4,0.008399999999999852
271,J84008,Pregabalin_Cap 25mg,0408010AEAAAAAA,4,0.008399999999999852
250,J84013,Pregabalin_Cap 50mg,0408010AEAAABAB,2,0.008399999999999852
273,J84016,Pregabalin_Cap 25mg,0408010AEAAAAAA,2,0.007799999999999974
377,J84011,Pregabalin_Cap 150mg,0408010AEAAAEAE,5,0.0070000000000002005
105,J84013,Paracet_Tab 500mg,0407010H0AAAMAM,2,0.005999999999999964
107,J84007,Paracet_Tab 500mg,0407010H0AAAMAM,1,0.005999999999999964
108,J84015,Paracet_Tab 500mg,0407010H0AAAMAM,1,0.005999999999999964
104,J84013,Paracet_Tab 500mg,0407010H0AAAMAM,2,0.005999999999999964
109,J84007,Paracet_Tab 500mg,0407010H0AAAMAM,1,0.005999999999999964
106,J84015,Paracet_Tab 500mg,0407010H0AAAMAM,1,0.005999999999999964
220,J84015,Pregabalin_Cap 75mg,0408010AEAAACAC,1,0.005999999999999339
383,J84011,Pregabalin_Cap 150mg,0408010AEAAAEAE,1,0.00560000000000016
382,J84004,Pregabalin_Cap 150mg,0408010AEAAAEAE,1,0.00560000000000016
252,J84018,Pregabalin_Cap 50mg,0408010AEAAABAB,1,0.00560000000000016
251,J84003,Pregabalin_Cap 50mg,0408010AEAAABAB,1,0.00560000000000016
378,J84005,Pregabalin_Cap 150mg,0408010AEAAAEAE,2,0.00560000000000016
379,J84019,Pregabalin_Cap 150mg,0408010AEAAAEAE,1,0.00560000000000016
380,J84004,Pregabalin_Cap 150mg,0408010AEAAAEAE,4,0.00560000000000016
381,J84003,Pregabalin_Cap 150mg,0408010AEAAAEAE,1,0.00560000000000016
110,J84004,Paracet_Tab 500mg,0407010H0AAAMAM,4,0.005599999999999966
111,J84019,Paracet_Tab 500mg,0407010H0AAAMAM,8,0.005599999999999966
112,J84019,Paracet_Tab 500mg,0407010H0AAAMAM,8,0.005599999999999966
113,J84004,Paracet_Tab 500mg,0407010H0AAAMAM,4,0.005599999999999966
114,J84015,Paracet_Tab 500mg,0407010H0AAAMAM,1,0.004800000000000054
115,J84015,Paracet_Tab 500mg,0407010H0AAAMAM,1,0.004800000000000054
321,J84013,Atorvastatin_Tab 10mg,0212000B0AAAAAA,2,0.004200000000000023
322,J84019,Atorvastatin_Tab 10mg,0212000B0AAAAAA,1,0.004200000000000023
323,J84012,Atorvastatin_Tab 10mg,0212000B0AAAAAA,1,0.004200000000000023
324,J84004,Atorvastatin_Tab 10mg,0212000B0AAAAAA,1,0.004200000000000023
275,J84013,Pregabalin_Cap 25mg,0408010AEAAAAAA,1,0.004199999999999926
253,J84010,Pregabalin_Cap 50mg,0408010AEAAABAB,1,0.004199999999999926
274,J84010,Pregabalin_Cap 25mg,0408010AEAAAAAA,1,0.004199999999999926
418,J84012,Clopidogrel_Tab 75mg,0209000C0AAAAAA,1,0.0040000000000000036
186,J84016,Atorvastatin_Tab 20mg,0212000B0AAABAB,1,0.00360000000000002
185,J84019,Atorvastatin_Tab 20mg,0212000B0AAABAB,1,0.00360000000000002
184,J84012,Atorvastatin_Tab 20mg,0212000B0AAABAB,1,0.00360000000000002
325,J84014,Atorvastatin_Tab 10mg,0212000B0AAAAAA,1,0.003200000000000036
327,J84020,Atorvastatin_Tab 10mg,0212000B0AAAAAA,1,0.003200000000000036
326,J84015,Atorvastatin_Tab 10mg,0212000B0AAAAAA,1,0.003200000000000036
221,J84010,Pregabalin_Cap 75mg,0408010AEAAACAC,4,0.0031999999999999806
116,J84012,Paracet_Tab 500mg,0407010H0AAAMAM,1,0.002999999999999982
117,J84012,Paracet_Tab 500mg,0407010H0AAAMAM,1,0.002999999999999982
384,J84008,Pregabalin_Cap 150mg,0408010AEAAAEAE,1,0.00280000000000008
385,J84018,Pregabalin_Cap 150mg,0408010AEAAAEAE,2,0.00280000000000008
118,J84003,Paracet_Tab 500mg,0407010H0AAAMAM,1,0.002400000000000027
119,J84003,Paracet_Tab 500mg,0407010H0AAAMAM,1,0.002400000000000027
386,J84005,Pregabalin_Cap 150mg,0408010AEAAAEAE,1,0.00180000000000001
387,J84010,Pregabalin_Cap 150mg,0408010AEAAAEAE,1,0.00140000000000004
222,J84005,Pregabalin_Cap 75mg,0408010AEAAACAC,1,0.0007999999999999952
188,J84019,Atorvastatin_Tab 20mg,0212000B0AAABAB,1,-0.0007999999999999674
189,J84014,Atorvastatin_Tab 20mg,0212000B0AAABAB,1,-0.0007999999999999674
187,J84020,Atorvastatin_Tab 20mg,0212000B0AAABAB,1,-0.0007999999999999674
419,J84017,Clopidogrel_Tab 75mg,0209000C0AAAAAA,1,-0.0013999999999999985
190,J84020,Atorvastatin_Tab 20mg,0212000B0AAABAB,1,-0.0015999999999999348
388,J84010,Pregabalin_Cap 150mg,0408010AEAAAEAE,1,-0.0015999999999999348
191,J84004,Atorvastatin_Tab 20mg,0212000B0AAABAB,2,-0.0015999999999999348
192,J84013,Atorvastatin_Tab 20mg,0212000B0AAABAB,1,-0.0015999999999999348
193,J84003,Atorvastatin_Tab 20mg,0212000B0AAABAB,1,-0.0015999999999999348
330,J84011,Atorvastatin_Tab 10mg,0212000B0AAAAAA,1,-0.0015999999999999903
331,J84007,Atorvastatin_Tab 10mg,0212000B0AAAAAA,1,-0.0015999999999999903
329,J84017,Atorvastatin_Tab 10mg,0212000B0AAAAAA,1,-0.0015999999999999903
328,J84010,Atorvastatin_Tab 10mg,0212000B0AAAAAA,1,-0.0015999999999999903
223,J84016,Pregabalin_Cap 75mg,0408010AEAAACAC,1,-0.0020000000000000573
224,J84013,Pregabalin_Cap 75mg,0408010AEAAACAC,1,-0.00210000000000006
389,J84013,Pregabalin_Cap 150mg,0408010AEAAAEAE,1,-0.002399999999999902
194,J84015,Atorvastatin_Tab 20mg,0212000B0AAABAB,1,-0.002399999999999902
195,J84004,Atorvastatin_Tab 20mg,0212000B0AAABAB,1,-0.0026999999999999837
196,J84017,Atorvastatin_Tab 20mg,0212000B0AAABAB,1,-0.002799999999999997
257,J84010,Pregabalin_Cap 50mg,0408010AEAAABAB,1,-0.00280000000000008
254,J84012,Pregabalin_Cap 50mg,0408010AEAAABAB,1,-0.00280000000000008
255,J84014,Pregabalin_Cap 50mg,0408010AEAAABAB,1,-0.00280000000000008
256,J84013,Pregabalin_Cap 50mg,0408010AEAAABAB,1,-0.00280000000000008
258,J84003,Pregabalin_Cap 50mg,0408010AEAAABAB,1,-0.00280000000000008
198,J84013,Atorvastatin_Tab 20mg,0212000B0AAABAB,1,-0.0029999999999998778
197,J84014,Atorvastatin_Tab 20mg,0212000B0AAABAB,1,-0.0029999999999998778
332,J84018,Atorvastatin_Tab 10mg,0212000B0AAAAAA,1,-0.002999999999999982
390,J84017,Pregabalin_Cap 150mg,0408010AEAAAEAE,2,-0.0031999999999998696
335,J84004,Atorvastatin_Tab 10mg,0212000B0AAAAAA,2,-0.0031999999999999806
333,J84003,Atorvastatin_Tab 10mg,0212000B0AAAAAA,1,-0.0031999999999999806
337,J84008,Atorvastatin_Tab 10mg,0212000B0AAAAAA,1,-0.0031999999999999806
336,J84016,Atorvastatin_Tab 10mg,0212000B0AAAAAA,2,-0.0031999999999999806
276,J84016,Pregabalin_Cap 25mg,0408010AEAAAAAA,2,-0.0031999999999999806
334,J84015,Atorvastatin_Tab 10mg,0212000B0AAAAAA,1,-0.0031999999999999806
391,J84017,Pregabalin_Cap 150mg,0408010AEAAAEAE,1,-0.003500000000000031
121,J84013,Paracet_Tab 500mg,0407010H0AAAMAM,1,-0.003999999999999976
120,J84020,Paracet_Tab 500mg,0407010H0AAAMAM,1,-0.003999999999999976
122,J84013,Paracet_Tab 500mg,0407010H0AAAMAM,1,-0.003999999999999976
123,J84020,Paracet_Tab 500mg,0407010H0AAAMAM,1,-0.003999999999999976
420,J84019,Clopidogrel_Tab 75mg,0209000C0AAAAAA,1,-0.004199999999999995
199,J84017,Atorvastatin_Tab 20mg,0212000B0AAABAB,1,-0.004199999999999995
277,J84013,Pregabalin_Cap 25mg,0408010AEAAAAAA,1,-0.00420000000000012
392,J84017,Pregabalin_Cap 150mg,0408010AEAAAEAE,6,-0.004799999999999804
339,J84017,Atorvastatin_Tab 10mg,0212000B0AAAAAA,1,-0.004799999999999971
278,J84016,Pregabalin_Cap 25mg,0408010AEAAAAAA,2,-0.004799999999999971
340,J84016,Atorvastatin_Tab 10mg,0212000B0AAAAAA,1,-0.004799999999999971
338,J84014,Atorvastatin_Tab 10mg,0212000B0AAAAAA,1,-0.004799999999999971
124,J84007,Paracet_Tab 500mg,0407010H0AAAMAM,1,-0.005599999999999966
126,J84015,Paracet_Tab 500mg,0407010H0AAAMAM,1,-0.005599999999999966
127,J84007,Paracet_Tab 500mg,0407010H0AAAMAM,1,-0.005599999999999966
125,J84015,Paracet_Tab 500mg,0407010H0AAAMAM,1,-0.005599999999999966
259,J84011,Pregabalin_Cap 50mg,0408010AEAAABAB,2,-0.00560000000000016
260,J84020,Pregabalin_Cap 50mg,0408010AEAAABAB,2,-0.00560000000000016
341,J84014,Atorvastatin_Tab 10mg,0212000B0AAAAAA,1,-0.005999999999999964
393,J84017,Pregabalin_Cap 150mg,0408010AEAAAEAE,2,-0.006399999999999739
342,J84012,Atorvastatin_Tab 10mg,0212000B0AAAAAA,2,-0.006399999999999961
345,J84013,Atorvastatin_Tab 10mg,0212000B0AAAAAA,1,-0.006399999999999961
279,J84016,Pregabalin_Cap 25mg,0408010AEAAAAAA,2,-0.006399999999999961
343,J84004,Atorvastatin_Tab 10mg,0212000B0AAAAAA,2,-0.006399999999999961
344,J84019,Atorvastatin_Tab 10mg,0212000B0AAAAAA,4,-0.006399999999999961
394,J84017,Pregabalin_Cap 150mg,0408010AEAAAEAE,3,-0.007199999999999707
200,J84013,Atorvastatin_Tab 20mg,0212000B0AAABAB,10,-0.007999999999999674
128,J84005,Paracet_Tab 500mg,0407010H0AAAMAM,2,-0.007999999999999952
129,J84005,Paracet_Tab 500mg,0407010H0AAAMAM,2,-0.007999999999999952
201,J84013,Atorvastatin_Tab 20mg,0212000B0AAABAB,2,-0.007999999999999952
225,J84016,Pregabalin_Cap 75mg,0408010AEAAACAC,4,-0.00840000000000024
346,J84016,Atorvastatin_Tab 10mg,0212000B0AAAAAA,3,-0.009599999999999942
262,J84015,Pregabalin_Cap 50mg,0408010AEAAABAB,4,-0.011199999999999932
130,J84003,Paracet_Tab 500mg,0407010H0AAAMAM,2,-0.011199999999999932
263,J84019,Pregabalin_Cap 50mg,0408010AEAAABAB,4,-0.011199999999999932
261,J84016,Pregabalin_Cap 50mg,0408010AEAAABAB,4,-0.011199999999999932
131,J84003,Paracet_Tab 500mg,0407010H0AAAMAM,2,-0.011199999999999932
395,J84012,Pregabalin_Cap 150mg,0408010AEAAAEAE,3,-0.012599999999998612
226,J84010,Pregabalin_Cap 75mg,0408010AEAAACAC,6,-0.012600000000000361
264,J84011,Pregabalin_Cap 50mg,0408010AEAAABAB,5,-0.013999999999999915
265,J84015,Pregabalin_Cap 50mg,0408010AEAAABAB,5,-0.014000000000000401
280,J84019,Pregabalin_Cap 25mg,0408010AEAAAAAA,1,-0.01500000000000043
281,J84007,Pregabalin_Cap 25mg,0408010AEAAAAAA,4,-0.01680000000000048
132,J84007,Paracet_Tab 500mg,0407010H0AAAMAM,4,-0.01959999999999988
133,J84007,Paracet_Tab 500mg,0407010H0AAAMAM,4,-0.01959999999999988
134,J84013,Paracet_Tab 500mg,0407010H0AAAMAM,4,-0.022399999999999864
135,J84013,Paracet_Tab 500mg,0407010H0AAAMAM,4,-0.022399999999999864
347,J84019,Atorvastatin_Tab 10mg,0212000B0AAAAAA,5,-0.023999999999999855
137,J84020,Paracet_Tab 500mg,0407010H0AAAMAM,5,-0.02799999999999983
136,J84020,Paracet_Tab 500mg,0407010H0AAAMAM,5,-0.02799999999999983
139,J84010,Paracet_Tab 500mg,0407010H0AAAMAM,11,-0.06159999999999963
138,J84010,Paracet_Tab 500mg,0407010H0AAAMAM,11,-0.06159999999999963
141,J84018,Paracet_Tab 500mg,0407010H0AAAMAM,12,-0.0671999999999996
140,J84018,Paracet_Tab 500mg,0407010H0AAAMAM,12,-0.0671999999999996
143,J84012,Paracet_Tab 500mg,0407010H0AAAMAM,14,-0.07839999999999953
142,J84012,Paracet_Tab 500mg,0407010H0AAAMAM,14,-0.07839999999999953
144,J84016,Paracet_Tab 500mg,0407010H0AAAMAM,15,-0.08399999999999949
145,J84016,Paracet_Tab 500mg,0407010H0AAAMAM,15,-0.08399999999999949
146,J84017,Paracet_Tab 500mg,0407010H0AAAMAM,17,-0.09519999999999942
147,J84017,Paracet_Tab 500mg,0407010H0AAAMAM,17,-0.09519999999999942
148,J84004,Paracet_Tab 500mg,0407010H0AAAMAM,28,-0.15679999999999905
149,J84004,Paracet_Tab 500mg,0407010H0AAAMAM,28,-0.15679999999999905
151,J84005,Paracet_Tab 500mg,0407010H0AAAMAM,30,-0.16799999999999898
150,J84005,Paracet_Tab 500mg,0407010H0AAAMAM,30,-0.16799999999999898
153,J84011,Paracet_Tab 500mg,0407010H0AAAMAM,61,-0.3415999999999979
152,J84011,Paracet_Tab 500mg,0407010H0AAAMAM,61,-0.3415999999999979
154,J84003,Paracet_Tab 500mg,0407010H0AAAMAM,31,-0.6199999999999962
155,J84003,Paracet_Tab 500mg,0407010H0AAAMAM,31,-0.6199999999999962
156,J84003,Paracet_Tab 500mg,0407010H0AAAMAM,2,-1.0752
157,J84003,Paracet_Tab 500mg,0407010H0AAAMAM,2,-1.0752
158,J84003,Paracet_Tab 500mg,0407010H0AAAMAM,9,-1.2599999999999987
159,J84003,Paracet_Tab 500mg,0407010H0AAAMAM,9,-1.2599999999999987
160,J84003,Paracet_Tab 500mg,0407010H0AAAMAM,41,-1.8367999999999889
161,J84003,Paracet_Tab 500mg,0407010H0AAAMAM,41,-1.8367999999999889
162,J84012,Paracet_Tab 500mg,0407010H0AAAMAM,1,-6.3999999999999995
163,J84012,Paracet_Tab 500mg,0407010H0AAAMAM,1,-6.3999999999999995
