,practice_code,bnf_description,bnf_code,items,excess_cost
173,G81008,Phenytoin_Sod Tab 100mg,0408010Q0AAAGAG,1,59.69879999999999
175,G81104,Hydrocort_Tab 10mg,0603020J0AAADAD,3,55.772999999999996
193,G81017,Lamotrigine_Tab 100mg,0408010H0AAAAAA,2,42.627199999999995
189,G81022,Mesalazine_Tab E/C 800mg,0105010B0AAASAS,1,34.43999999999999
271,G81696,Gabapentin_Cap 300mg,0408010G0AAABAB,1,30.9456
191,G81022,Mesalazine_Tab E/C 800mg,0105010B0AAASAS,1,17.219999999999995
190,G81012,Mesalazine_Tab E/C 800mg,0105010B0AAASAS,1,17.219999999999995
269,G81029,Gemfibrozil_Tab 600mg,0212000Q0AAABAB,1,15.142399999999999
268,G81049,Gemfibrozil_Tab 600mg,0212000Q0AAABAB,1,15.142399999999999
270,G81012,Gemfibrozil_Tab 600mg,0212000Q0AAABAB,1,7.571199999999999
130,G81008,Amiodarone HCl_Tab 200mg,0203020D0AAABAB,19,6.650000000000006
0,G81056,Clonazepam_Tab 500mcg,0408010F0AAABAB,4,6.327999999999987
132,G81022,Amiodarone HCl_Tab 200mg,0203020D0AAABAB,18,6.300000000000006
133,G81059,Amiodarone HCl_Tab 200mg,0203020D0AAABAB,9,6.300000000000006
131,G81029,Amiodarone HCl_Tab 200mg,0203020D0AAABAB,9,6.300000000000006
354,G81049,Pyridox HCl_Tab 50mg,0906024N0AAAIAI,1,5.745600000000001
1,G81029,Clonazepam_Tab 500mcg,0408010F0AAABAB,4,5.06239999999999
2,G81032,Clonazepam_Tab 500mcg,0408010F0AAABAB,8,5.06239999999999
3,G81099,Clonazepam_Tab 500mcg,0408010F0AAABAB,7,4.429599999999991
135,G81027,Amiodarone HCl_Tab 200mg,0203020D0AAABAB,6,4.200000000000004
134,G81002,Amiodarone HCl_Tab 200mg,0203020D0AAABAB,12,4.200000000000004
136,G81050,Amiodarone HCl_Tab 200mg,0203020D0AAABAB,11,3.850000000000003
355,G81008,Pyridox HCl_Tab 50mg,0906024N0AAAIAI,1,3.830400000000001
4,G81099,Clonazepam_Tab 500mcg,0408010F0AAABAB,3,3.796799999999992
137,G81004,Amiodarone HCl_Tab 200mg,0203020D0AAABAB,10,3.500000000000003
138,G81012,Amiodarone HCl_Tab 200mg,0203020D0AAABAB,10,3.500000000000003
371,G81008,Methocarbamol_Tab 750mg,1002020S0AAABAB,8,3.4399999999999986
356,G81029,Pyridox HCl_Tab 50mg,0906024N0AAAIAI,1,3.420000000000001
6,G81027,Clonazepam_Tab 500mcg,0408010F0AAABAB,5,3.1639999999999935
5,G81059,Clonazepam_Tab 500mcg,0408010F0AAABAB,2,3.1639999999999935
139,G81049,Amiodarone HCl_Tab 200mg,0203020D0AAABAB,9,3.150000000000003
140,G81099,Amiodarone HCl_Tab 200mg,0203020D0AAABAB,9,3.150000000000003
7,G81017,Clonazepam_Tab 500mcg,0408010F0AAABAB,3,2.847599999999994
8,G81104,Clonazepam_Tab 500mcg,0408010F0AAABAB,1,2.847599999999994
144,G81004,Amiodarone HCl_Tab 200mg,0203020D0AAABAB,4,2.8000000000000025
142,Y00080,Amiodarone HCl_Tab 200mg,0203020D0AAABAB,4,2.8000000000000025
143,G81003,Amiodarone HCl_Tab 200mg,0203020D0AAABAB,4,2.8000000000000025
141,G81098,Amiodarone HCl_Tab 200mg,0203020D0AAABAB,4,2.8000000000000025
9,G81059,Clonazepam_Tab 500mcg,0408010F0AAABAB,5,2.768499999999994
372,G81022,Methocarbamol_Tab 750mg,1002020S0AAABAB,6,2.579999999999999
13,G81056,Clonazepam_Tab 500mcg,0408010F0AAABAB,4,2.531199999999995
11,G81032,Clonazepam_Tab 500mcg,0408010F0AAABAB,2,2.531199999999995
10,G81032,Clonazepam_Tab 500mcg,0408010F0AAABAB,1,2.531199999999995
12,G81003,Clonazepam_Tab 500mcg,0408010F0AAABAB,1,2.531199999999995
14,G81056,Clonazepam_Tab 500mcg,0408010F0AAABAB,2,2.531199999999995
15,G81003,Clonazepam_Tab 500mcg,0408010F0AAABAB,4,2.531199999999995
145,G81003,Amiodarone HCl_Tab 200mg,0203020D0AAABAB,7,2.450000000000002
16,G81012,Clonazepam_Tab 500mcg,0408010F0AAABAB,1,2.2599999999999953
373,G81022,Methocarbamol_Tab 750mg,1002020S0AAABAB,6,2.2176000000000076
146,G81017,Amiodarone HCl_Tab 200mg,0203020D0AAABAB,3,2.100000000000002
147,G81049,Amiodarone HCl_Tab 200mg,0203020D0AAABAB,3,2.100000000000002
17,G81099,Clonazepam_Tab 500mcg,0408010F0AAABAB,3,2.033999999999996
358,G81022,Pyridox HCl_Tab 50mg,0906024N0AAAIAI,2,1.9152000000000005
357,G81002,Pyridox HCl_Tab 50mg,0906024N0AAAIAI,2,1.9152000000000005
29,G81012,Clonazepam_Tab 500mcg,0408010F0AAABAB,1,1.898399999999996
37,G81017,Clonazepam_Tab 500mcg,0408010F0AAABAB,1,1.898399999999996
36,G81050,Clonazepam_Tab 500mcg,0408010F0AAABAB,3,1.898399999999996
27,G81003,Clonazepam_Tab 500mcg,0408010F0AAABAB,1,1.898399999999996
28,G81059,Clonazepam_Tab 500mcg,0408010F0AAABAB,3,1.898399999999996
33,G81050,Clonazepam_Tab 500mcg,0408010F0AAABAB,4,1.898399999999996
30,G81104,Clonazepam_Tab 500mcg,0408010F0AAABAB,3,1.898399999999996
31,G81049,Clonazepam_Tab 500mcg,0408010F0AAABAB,3,1.898399999999996
32,G81004,Clonazepam_Tab 500mcg,0408010F0AAABAB,1,1.898399999999996
34,G81032,Clonazepam_Tab 500mcg,0408010F0AAABAB,1,1.898399999999996
35,G81017,Clonazepam_Tab 500mcg,0408010F0AAABAB,3,1.898399999999996
26,G81056,Clonazepam_Tab 500mcg,0408010F0AAABAB,6,1.898399999999996
25,G81003,Clonazepam_Tab 500mcg,0408010F0AAABAB,2,1.898399999999996
21,G81027,Clonazepam_Tab 500mcg,0408010F0AAABAB,4,1.898399999999996
20,G81098,Clonazepam_Tab 500mcg,0408010F0AAABAB,2,1.898399999999996
24,G81098,Clonazepam_Tab 500mcg,0408010F0AAABAB,3,1.898399999999996
18,G81002,Clonazepam_Tab 500mcg,0408010F0AAABAB,1,1.898399999999996
23,G81027,Clonazepam_Tab 500mcg,0408010F0AAABAB,1,1.898399999999996
22,G81029,Clonazepam_Tab 500mcg,0408010F0AAABAB,3,1.898399999999996
19,G81098,Clonazepam_Tab 500mcg,0408010F0AAABAB,1,1.898399999999996
359,G81003,Pyridox HCl_Tab 50mg,0906024N0AAAIAI,5,1.7955000000000005
148,G81056,Amiodarone HCl_Tab 200mg,0203020D0AAABAB,5,1.7500000000000016
149,G81027,Amiodarone HCl_Tab 200mg,0203020D0AAABAB,5,1.7500000000000016
374,G81017,Methocarbamol_Tab 750mg,1002020S0AAABAB,2,1.7199999999999993
375,G81022,Methocarbamol_Tab 750mg,1002020S0AAABAB,12,1.5840000000000054
41,G81022,Clonazepam_Tab 500mcg,0408010F0AAABAB,5,1.5819999999999967
40,G81017,Clonazepam_Tab 500mcg,0408010F0AAABAB,1,1.5819999999999967
43,G81002,Clonazepam_Tab 500mcg,0408010F0AAABAB,5,1.5819999999999967
38,G81008,Clonazepam_Tab 500mcg,0408010F0AAABAB,5,1.5819999999999967
39,G81004,Clonazepam_Tab 500mcg,0408010F0AAABAB,5,1.5819999999999967
42,Y02816,Clonazepam_Tab 500mcg,0408010F0AAABAB,5,1.5819999999999967
44,G81049,Clonazepam_Tab 500mcg,0408010F0AAABAB,4,1.5819999999999967
364,G81027,Pyridox HCl_Tab 50mg,0906024N0AAAIAI,1,1.4364000000000003
365,G81032,Pyridox HCl_Tab 50mg,0906024N0AAAIAI,1,1.4364000000000003
360,G81049,Pyridox HCl_Tab 50mg,0906024N0AAAIAI,1,1.4364000000000003
361,G81003,Pyridox HCl_Tab 50mg,0906024N0AAAIAI,1,1.4364000000000003
362,G81022,Pyridox HCl_Tab 50mg,0906024N0AAAIAI,1,1.4364000000000003
363,G81104,Pyridox HCl_Tab 50mg,0906024N0AAAIAI,3,1.4364000000000003
150,G81012,Amiodarone HCl_Tab 200mg,0203020D0AAABAB,2,1.4000000000000012
155,Y02816,Amiodarone HCl_Tab 200mg,0203020D0AAABAB,2,1.4000000000000012
151,G81104,Amiodarone HCl_Tab 200mg,0203020D0AAABAB,4,1.4000000000000012
156,G81634,Amiodarone HCl_Tab 200mg,0203020D0AAABAB,2,1.4000000000000012
152,G81008,Amiodarone HCl_Tab 200mg,0203020D0AAABAB,2,1.4000000000000012
154,G81056,Amiodarone HCl_Tab 200mg,0203020D0AAABAB,2,1.4000000000000012
153,G81017,Amiodarone HCl_Tab 200mg,0203020D0AAABAB,4,1.4000000000000012
46,G81099,Clonazepam_Tab 500mcg,0408010F0AAABAB,4,1.3559999999999972
45,G81098,Clonazepam_Tab 500mcg,0408010F0AAABAB,1,1.3559999999999972
376,G81004,Methocarbamol_Tab 750mg,1002020S0AAABAB,1,1.2899999999999996
54,G81059,Clonazepam_Tab 500mcg,0408010F0AAABAB,1,1.2655999999999974
47,G81003,Clonazepam_Tab 500mcg,0408010F0AAABAB,1,1.2655999999999974
48,G81012,Clonazepam_Tab 500mcg,0408010F0AAABAB,1,1.2655999999999974
49,G81104,Clonazepam_Tab 500mcg,0408010F0AAABAB,1,1.2655999999999974
50,G81004,Clonazepam_Tab 500mcg,0408010F0AAABAB,1,1.2655999999999974
51,G81003,Clonazepam_Tab 500mcg,0408010F0AAABAB,4,1.2655999999999974
52,G81002,Clonazepam_Tab 500mcg,0408010F0AAABAB,2,1.2655999999999974
53,G81008,Clonazepam_Tab 500mcg,0408010F0AAABAB,1,1.2655999999999974
55,G81022,Clonazepam_Tab 500mcg,0408010F0AAABAB,2,1.2655999999999974
56,G81002,Clonazepam_Tab 500mcg,0408010F0AAABAB,9,1.2311999999999963
59,G81099,Clonazepam_Tab 500mcg,0408010F0AAABAB,1,1.1299999999999977
57,G81104,Clonazepam_Tab 500mcg,0408010F0AAABAB,1,1.1299999999999977
58,G81098,Clonazepam_Tab 500mcg,0408010F0AAABAB,1,1.1299999999999977
377,G81008,Methocarbamol_Tab 750mg,1002020S0AAABAB,3,1.1088000000000038
60,G81003,Clonazepam_Tab 500mcg,0408010F0AAABAB,1,1.0960999999999976
157,G81059,Amiodarone HCl_Tab 200mg,0203020D0AAABAB,3,1.050000000000001
61,G81027,Clonazepam_Tab 500mcg,0408010F0AAABAB,1,1.016999999999998
158,G81003,Amiodarone HCl_Tab 200mg,0203020D0AAABAB,12,1.0164
379,G81003,Methocarbamol_Tab 750mg,1002020S0AAABAB,4,0.9631999999999996
380,G81022,Methocarbamol_Tab 750mg,1002020S0AAABAB,1,0.9631999999999996
378,G81098,Methocarbamol_Tab 750mg,1002020S0AAABAB,1,0.9631999999999996
366,G81104,Pyridox HCl_Tab 50mg,0906024N0AAAIAI,1,0.9576000000000002
367,G81012,Pyridox HCl_Tab 50mg,0906024N0AAAIAI,1,0.9576000000000002
73,G81059,Clonazepam_Tab 500mcg,0408010F0AAABAB,2,0.949199999999998
68,G81029,Clonazepam_Tab 500mcg,0408010F0AAABAB,4,0.949199999999998
74,G81012,Clonazepam_Tab 500mcg,0408010F0AAABAB,3,0.949199999999998
64,G81056,Clonazepam_Tab 500mcg,0408010F0AAABAB,6,0.949199999999998
72,G81056,Clonazepam_Tab 500mcg,0408010F0AAABAB,1,0.949199999999998
71,G81032,Clonazepam_Tab 500mcg,0408010F0AAABAB,1,0.949199999999998
70,G81022,Clonazepam_Tab 500mcg,0408010F0AAABAB,1,0.949199999999998
69,G81008,Clonazepam_Tab 500mcg,0408010F0AAABAB,1,0.949199999999998
67,G81099,Clonazepam_Tab 500mcg,0408010F0AAABAB,1,0.949199999999998
66,G81050,Clonazepam_Tab 500mcg,0408010F0AAABAB,1,0.949199999999998
65,G81012,Clonazepam_Tab 500mcg,0408010F0AAABAB,1,0.949199999999998
63,G81104,Clonazepam_Tab 500mcg,0408010F0AAABAB,1,0.949199999999998
62,Y02816,Clonazepam_Tab 500mcg,0408010F0AAABAB,2,0.949199999999998
381,G81022,Methocarbamol_Tab 750mg,1002020S0AAABAB,7,0.8820000000000008
75,G81098,Clonazepam_Tab 500mcg,0408010F0AAABAB,11,0.8700999999999982
382,G81104,Methocarbamol_Tab 750mg,1002020S0AAABAB,1,0.8599999999999997
383,G81022,Methocarbamol_Tab 750mg,1002020S0AAABAB,1,0.8599999999999997
76,G81032,Clonazepam_Tab 500mcg,0408010F0AAABAB,1,0.7909999999999984
384,G81098,Methocarbamol_Tab 750mg,1002020S0AAABAB,1,0.7739999999999997
159,G81029,Amiodarone HCl_Tab 200mg,0203020D0AAABAB,1,0.7500000000000007
385,G81022,Methocarbamol_Tab 750mg,1002020S0AAABAB,4,0.7392000000000025
386,G81008,Methocarbamol_Tab 750mg,1002020S0AAABAB,3,0.7223999999999997
78,G81029,Clonazepam_Tab 500mcg,0408010F0AAABAB,1,0.7118999999999985
77,G81056,Clonazepam_Tab 500mcg,0408010F0AAABAB,3,0.7118999999999985
165,G81050,Amiodarone HCl_Tab 200mg,0203020D0AAABAB,1,0.7000000000000006
163,G81099,Amiodarone HCl_Tab 200mg,0203020D0AAABAB,1,0.7000000000000006
162,G81032,Amiodarone HCl_Tab 200mg,0203020D0AAABAB,1,0.7000000000000006
160,G81098,Amiodarone HCl_Tab 200mg,0203020D0AAABAB,2,0.7000000000000006
164,G81634,Amiodarone HCl_Tab 200mg,0203020D0AAABAB,2,0.7000000000000006
161,G81032,Amiodarone HCl_Tab 200mg,0203020D0AAABAB,2,0.7000000000000006
79,G81098,Clonazepam_Tab 500mcg,0408010F0AAABAB,1,0.6892999999999986
84,G81104,Clonazepam_Tab 500mcg,0408010F0AAABAB,1,0.6779999999999986
80,G81029,Clonazepam_Tab 500mcg,0408010F0AAABAB,1,0.6779999999999986
81,G81098,Clonazepam_Tab 500mcg,0408010F0AAABAB,1,0.6779999999999986
83,G81032,Clonazepam_Tab 500mcg,0408010F0AAABAB,2,0.6779999999999986
82,G81104,Clonazepam_Tab 500mcg,0408010F0AAABAB,2,0.6779999999999986
387,G81008,Methocarbamol_Tab 750mg,1002020S0AAABAB,5,0.6600000000000023
388,G81022,Methocarbamol_Tab 750mg,1002020S0AAABAB,1,0.6449999999999998
93,G81012,Clonazepam_Tab 500mcg,0408010F0AAABAB,1,0.6327999999999987
85,G81008,Clonazepam_Tab 500mcg,0408010F0AAABAB,4,0.6327999999999987
99,G81004,Clonazepam_Tab 500mcg,0408010F0AAABAB,4,0.6327999999999987
97,G81017,Clonazepam_Tab 500mcg,0408010F0AAABAB,2,0.6327999999999987
96,Y00080,Clonazepam_Tab 500mcg,0408010F0AAABAB,1,0.6327999999999987
95,G81050,Clonazepam_Tab 500mcg,0408010F0AAABAB,4,0.6327999999999987
94,Y02816,Clonazepam_Tab 500mcg,0408010F0AAABAB,4,0.6327999999999987
100,G81008,Clonazepam_Tab 500mcg,0408010F0AAABAB,1,0.6327999999999987
92,G81098,Clonazepam_Tab 500mcg,0408010F0AAABAB,4,0.6327999999999987
90,G81099,Clonazepam_Tab 500mcg,0408010F0AAABAB,2,0.6327999999999987
86,G81002,Clonazepam_Tab 500mcg,0408010F0AAABAB,4,0.6327999999999987
87,G81029,Clonazepam_Tab 500mcg,0408010F0AAABAB,2,0.6327999999999987
88,G81003,Clonazepam_Tab 500mcg,0408010F0AAABAB,4,0.6327999999999987
89,G81050,Clonazepam_Tab 500mcg,0408010F0AAABAB,8,0.6327999999999987
98,G81104,Clonazepam_Tab 500mcg,0408010F0AAABAB,2,0.6327999999999987
91,Y00080,Clonazepam_Tab 500mcg,0408010F0AAABAB,2,0.6327999999999987
102,G81098,Clonazepam_Tab 500mcg,0408010F0AAABAB,1,0.5699999999999983
101,G81050,Clonazepam_Tab 500mcg,0408010F0AAABAB,1,0.5699999999999983
103,G81029,Clonazepam_Tab 500mcg,0408010F0AAABAB,2,0.5599999999999994
104,Y00080,Clonazepam_Tab 500mcg,0408010F0AAABAB,1,0.5310999999999989
389,G81032,Methocarbamol_Tab 750mg,1002020S0AAABAB,1,0.4815999999999998
390,G81022,Methocarbamol_Tab 750mg,1002020S0AAABAB,2,0.4815999999999998
368,G81022,Pyridox HCl_Tab 50mg,0906024N0AAAIAI,1,0.4788000000000001
369,G81032,Pyridox HCl_Tab 50mg,0906024N0AAAIAI,1,0.4788000000000001
370,G81008,Pyridox HCl_Tab 50mg,0906024N0AAAIAI,1,0.4788000000000001
105,G81098,Clonazepam_Tab 500mcg,0408010F0AAABAB,5,0.4719999999999991
106,G81017,Clonazepam_Tab 500mcg,0408010F0AAABAB,1,0.45199999999999907
392,G81022,Methocarbamol_Tab 750mg,1002020S0AAABAB,2,0.4400000000000015
391,G81008,Methocarbamol_Tab 750mg,1002020S0AAABAB,2,0.4400000000000015
393,G81050,Methocarbamol_Tab 750mg,1002020S0AAABAB,1,0.4299999999999998
394,G81104,Methocarbamol_Tab 750mg,1002020S0AAABAB,1,0.4299999999999998
395,G81004,Methocarbamol_Tab 750mg,1002020S0AAABAB,1,0.4299999999999998
166,G81012,Amiodarone HCl_Tab 200mg,0203020D0AAABAB,5,0.4235
396,G81004,Methocarbamol_Tab 750mg,1002020S0AAABAB,1,0.36960000000000126
397,G81008,Methocarbamol_Tab 750mg,1002020S0AAABAB,4,0.36960000000000126
167,G81029,Amiodarone HCl_Tab 200mg,0203020D0AAABAB,1,0.3500000000000003
168,Y00080,Amiodarone HCl_Tab 200mg,0203020D0AAABAB,1,0.3500000000000003
108,G81022,Clonazepam_Tab 500mcg,0408010F0AAABAB,1,0.3389999999999993
107,G81029,Clonazepam_Tab 500mcg,0408010F0AAABAB,1,0.3389999999999993
109,Y00080,Clonazepam_Tab 500mcg,0408010F0AAABAB,1,0.3389999999999993
171,G81050,Amiodarone HCl_Tab 200mg,0203020D0AAABAB,4,0.3388
170,G81098,Amiodarone HCl_Tab 200mg,0203020D0AAABAB,4,0.3388
169,G81104,Amiodarone HCl_Tab 200mg,0203020D0AAABAB,4,0.3388
117,G81059,Clonazepam_Tab 500mcg,0408010F0AAABAB,2,0.31639999999999935
110,G81032,Clonazepam_Tab 500mcg,0408010F0AAABAB,2,0.31639999999999935
111,G81027,Clonazepam_Tab 500mcg,0408010F0AAABAB,1,0.31639999999999935
112,G81098,Clonazepam_Tab 500mcg,0408010F0AAABAB,1,0.31639999999999935
113,G81032,Clonazepam_Tab 500mcg,0408010F0AAABAB,1,0.31639999999999935
114,G81049,Clonazepam_Tab 500mcg,0408010F0AAABAB,1,0.31639999999999935
115,G81696,Clonazepam_Tab 500mcg,0408010F0AAABAB,1,0.31639999999999935
116,G81050,Clonazepam_Tab 500mcg,0408010F0AAABAB,1,0.31639999999999935
118,G81098,Clonazepam_Tab 500mcg,0408010F0AAABAB,4,0.25439999999999996
398,G81008,Methocarbamol_Tab 750mg,1002020S0AAABAB,1,0.25200000000000056
120,G81029,Clonazepam_Tab 500mcg,0408010F0AAABAB,3,0.2372999999999995
119,G81634,Clonazepam_Tab 500mcg,0408010F0AAABAB,1,0.2372999999999995
121,G81008,Clonazepam_Tab 500mcg,0408010F0AAABAB,1,0.2372999999999995
122,G81059,Clonazepam_Tab 500mcg,0408010F0AAABAB,1,0.22199999999999998
123,G81099,Clonazepam_Tab 500mcg,0408010F0AAABAB,1,0.22199999999999998
399,Y02816,Methocarbamol_Tab 750mg,1002020S0AAABAB,1,0.22000000000000075
124,G81003,Clonazepam_Tab 500mcg,0408010F0AAABAB,5,0.21199999999999997
400,G81056,Methocarbamol_Tab 750mg,1002020S0AAABAB,2,0.18480000000000063
172,G81027,Amiodarone HCl_Tab 200mg,0203020D0AAABAB,1,0.17920000000000008
125,G81003,Clonazepam_Tab 500mcg,0408010F0AAABAB,1,0.1791999999999998
126,G81099,Clonazepam_Tab 500mcg,0408010F0AAABAB,1,0.174
127,G81099,Clonazepam_Tab 500mcg,0408010F0AAABAB,2,0.15819999999999967
401,G81056,Methocarbamol_Tab 750mg,1002020S0AAABAB,1,0.13200000000000045
403,G81008,Methocarbamol_Tab 750mg,1002020S0AAABAB,1,0.1260000000000001
402,G81027,Methocarbamol_Tab 750mg,1002020S0AAABAB,1,0.1260000000000001
128,Y02816,Clonazepam_Tab 500mcg,0408010F0AAABAB,1,0.11599999999999999
272,G81022,Gabapentin_Cap 300mg,0408010G0AAABAB,37,0.10360000000000297
404,G81027,Methocarbamol_Tab 750mg,1002020S0AAABAB,1,0.09240000000000032
273,G81003,Gabapentin_Cap 300mg,0408010G0AAABAB,18,0.07560000000000217
405,G81022,Methocarbamol_Tab 750mg,1002020S0AAABAB,1,0.057400000000000284
274,G81003,Gabapentin_Cap 300mg,0408010G0AAABAB,23,0.048300000000001383
275,G81029,Gabapentin_Cap 300mg,0408010G0AAABAB,12,0.0420000000000012
276,G81012,Gabapentin_Cap 300mg,0408010G0AAABAB,9,0.03780000000000108
129,G81029,Clonazepam_Tab 500mcg,0408010F0AAABAB,1,0.03689999999999993
194,G81022,Lamotrigine_Tab 100mg,0408010H0AAAAAA,4,0.0335999999999963
277,G81022,Gabapentin_Cap 300mg,0408010G0AAABAB,7,0.029400000000000842
278,G81050,Gabapentin_Cap 300mg,0408010G0AAABAB,13,0.027300000000000782
280,G81098,Gabapentin_Cap 300mg,0408010G0AAABAB,12,0.025200000000000722
279,G81027,Gabapentin_Cap 300mg,0408010G0AAABAB,6,0.025200000000000722
195,G81056,Lamotrigine_Tab 100mg,0408010H0AAAAAA,3,0.025199999999997225
174,G81099,Phenytoin_Sod Tab 100mg,0408010Q0AAAGAG,4,0.025199999999997225
281,G81002,Gabapentin_Cap 300mg,0408010G0AAABAB,11,0.02310000000000066
197,G81050,Lamotrigine_Tab 100mg,0408010H0AAAAAA,8,0.022399999999997533
196,Y02816,Lamotrigine_Tab 100mg,0408010H0AAAAAA,4,0.022399999999997533
199,G81050,Lamotrigine_Tab 100mg,0408010H0AAAAAA,4,0.022399999999997533
198,G81003,Lamotrigine_Tab 100mg,0408010H0AAAAAA,4,0.022399999999997533
283,G81104,Gabapentin_Cap 300mg,0408010G0AAABAB,6,0.0210000000000006
282,G81098,Gabapentin_Cap 300mg,0408010G0AAABAB,5,0.0210000000000006
200,G81098,Lamotrigine_Tab 100mg,0408010H0AAAAAA,7,0.01959999999999784
284,G81099,Gabapentin_Cap 300mg,0408010G0AAABAB,9,0.01890000000000054
287,G81032,Gabapentin_Cap 300mg,0408010G0AAABAB,6,0.01680000000000048
286,G81004,Gabapentin_Cap 300mg,0408010G0AAABAB,4,0.01680000000000048
285,G81029,Gabapentin_Cap 300mg,0408010G0AAABAB,8,0.01680000000000048
203,G81002,Lamotrigine_Tab 100mg,0408010H0AAAAAA,3,0.01679999999999815
202,Y00080,Lamotrigine_Tab 100mg,0408010H0AAAAAA,3,0.01679999999999815
201,G81634,Lamotrigine_Tab 100mg,0408010H0AAAAAA,2,0.01679999999999815
288,G81104,Gabapentin_Cap 300mg,0408010G0AAABAB,5,0.016500000000000056
289,G81003,Gabapentin_Cap 300mg,0408010G0AAABAB,4,0.014000000000000401
204,G81008,Lamotrigine_Tab 100mg,0408010H0AAAAAA,5,0.013999999999998458
291,G81017,Gabapentin_Cap 300mg,0408010G0AAABAB,3,0.012600000000000361
292,G81008,Gabapentin_Cap 300mg,0408010G0AAABAB,6,0.012600000000000361
290,G81050,Gabapentin_Cap 300mg,0408010G0AAABAB,3,0.012600000000000361
295,G81098,Gabapentin_Cap 300mg,0408010G0AAABAB,5,0.012000000000000344
293,G81022,Gabapentin_Cap 300mg,0408010G0AAABAB,2,0.012000000000000344
294,G81050,Gabapentin_Cap 300mg,0408010G0AAABAB,2,0.012000000000000344
296,G81008,Gabapentin_Cap 300mg,0408010G0AAABAB,4,0.01120000000000032
297,G81004,Gabapentin_Cap 300mg,0408010G0AAABAB,4,0.01120000000000032
205,G81022,Lamotrigine_Tab 100mg,0408010H0AAAAAA,2,0.011199999999998766
206,G81049,Lamotrigine_Tab 100mg,0408010H0AAAAAA,2,0.011199999999998766
207,G81029,Lamotrigine_Tab 100mg,0408010H0AAAAAA,2,0.011199999999998766
208,G81012,Lamotrigine_Tab 100mg,0408010H0AAAAAA,4,0.011199999999998766
298,G81027,Gabapentin_Cap 300mg,0408010G0AAABAB,4,0.00840000000000024
305,G81634,Gabapentin_Cap 300mg,0408010G0AAABAB,4,0.00840000000000024
303,G81049,Gabapentin_Cap 300mg,0408010G0AAABAB,2,0.00840000000000024
304,G81104,Gabapentin_Cap 300mg,0408010G0AAABAB,2,0.00840000000000024
302,G81004,Gabapentin_Cap 300mg,0408010G0AAABAB,4,0.00840000000000024
301,G81017,Gabapentin_Cap 300mg,0408010G0AAABAB,3,0.00840000000000024
300,G81104,Gabapentin_Cap 300mg,0408010G0AAABAB,4,0.00840000000000024
299,G81012,Gabapentin_Cap 300mg,0408010G0AAABAB,3,0.00840000000000024
213,G81012,Lamotrigine_Tab 100mg,0408010H0AAAAAA,1,0.008399999999999075
212,G81029,Lamotrigine_Tab 100mg,0408010H0AAAAAA,3,0.008399999999999075
211,G81104,Lamotrigine_Tab 100mg,0408010H0AAAAAA,1,0.008399999999999075
210,G81099,Lamotrigine_Tab 100mg,0408010H0AAAAAA,1,0.008399999999999075
209,G81032,Lamotrigine_Tab 100mg,0408010H0AAAAAA,3,0.008399999999999075
306,G81029,Gabapentin_Cap 300mg,0408010G0AAABAB,5,0.0070000000000002005
307,G81104,Gabapentin_Cap 300mg,0408010G0AAABAB,5,0.0070000000000002005
308,G81049,Gabapentin_Cap 300mg,0408010G0AAABAB,3,0.0063000000000001805
309,G81032,Gabapentin_Cap 300mg,0408010G0AAABAB,1,0.006000000000000172
312,G81098,Gabapentin_Cap 300mg,0408010G0AAABAB,1,0.006000000000000172
311,G81104,Gabapentin_Cap 300mg,0408010G0AAABAB,1,0.006000000000000172
313,G81004,Gabapentin_Cap 300mg,0408010G0AAABAB,1,0.006000000000000172
314,G81022,Gabapentin_Cap 300mg,0408010G0AAABAB,2,0.006000000000000172
315,G81029,Gabapentin_Cap 300mg,0408010G0AAABAB,2,0.006000000000000172
316,G81032,Gabapentin_Cap 300mg,0408010G0AAABAB,2,0.006000000000000172
317,G81017,Gabapentin_Cap 300mg,0408010G0AAABAB,1,0.006000000000000172
318,G81099,Gabapentin_Cap 300mg,0408010G0AAABAB,2,0.006000000000000172
319,Y00080,Gabapentin_Cap 300mg,0408010G0AAABAB,1,0.006000000000000172
310,G81050,Gabapentin_Cap 300mg,0408010G0AAABAB,2,0.006000000000000172
320,G81003,Gabapentin_Cap 300mg,0408010G0AAABAB,2,0.00560000000000016
322,G81059,Gabapentin_Cap 300mg,0408010G0AAABAB,4,0.00560000000000016
323,G81003,Gabapentin_Cap 300mg,0408010G0AAABAB,4,0.00560000000000016
324,G81050,Gabapentin_Cap 300mg,0408010G0AAABAB,2,0.00560000000000016
325,G81029,Gabapentin_Cap 300mg,0408010G0AAABAB,2,0.00560000000000016
326,G81050,Gabapentin_Cap 300mg,0408010G0AAABAB,4,0.00560000000000016
327,G81104,Gabapentin_Cap 300mg,0408010G0AAABAB,2,0.00560000000000016
321,G81027,Gabapentin_Cap 300mg,0408010G0AAABAB,2,0.00560000000000016
216,Y00080,Lamotrigine_Tab 100mg,0408010H0AAAAAA,2,0.005599999999999383
221,G81004,Lamotrigine_Tab 100mg,0408010H0AAAAAA,1,0.005599999999999383
214,G81059,Lamotrigine_Tab 100mg,0408010H0AAAAAA,1,0.005599999999999383
215,G81017,Lamotrigine_Tab 100mg,0408010H0AAAAAA,1,0.005599999999999383
217,G81098,Lamotrigine_Tab 100mg,0408010H0AAAAAA,1,0.005599999999999383
218,G81056,Lamotrigine_Tab 100mg,0408010H0AAAAAA,1,0.005599999999999383
219,G81008,Lamotrigine_Tab 100mg,0408010H0AAAAAA,1,0.005599999999999383
220,G81634,Lamotrigine_Tab 100mg,0408010H0AAAAAA,1,0.005599999999999383
176,G81098,Hydrocort_Tab 10mg,0603020J0AAADAD,4,0.004799999999999471
177,G81022,Hydrocort_Tab 10mg,0603020J0AAADAD,1,0.004499999999999504
328,G81022,Gabapentin_Cap 300mg,0408010G0AAABAB,3,0.00420000000000012
329,G81029,Gabapentin_Cap 300mg,0408010G0AAABAB,1,0.00420000000000012
330,Y00080,Gabapentin_Cap 300mg,0408010G0AAABAB,1,0.00420000000000012
331,G81003,Gabapentin_Cap 300mg,0408010G0AAABAB,1,0.003000000000000086
332,G81049,Gabapentin_Cap 300mg,0408010G0AAABAB,1,0.00280000000000008
333,G81012,Gabapentin_Cap 300mg,0408010G0AAABAB,1,0.00210000000000006
258,G81104,Lamotrigine_Tab 100mg,0408010H0AAAAAA,8,0.0
257,G81027,Lamotrigine_Tab 100mg,0408010H0AAAAAA,1,0.0
256,G81022,Lamotrigine_Tab 100mg,0408010H0AAAAAA,1,0.0
230,G81049,Lamotrigine_Tab 100mg,0408010H0AAAAAA,1,0.0
254,G81003,Lamotrigine_Tab 100mg,0408010H0AAAAAA,5,0.0
222,G81056,Lamotrigine_Tab 100mg,0408010H0AAAAAA,1,0.0
223,G81017,Lamotrigine_Tab 100mg,0408010H0AAAAAA,5,0.0
231,G81012,Lamotrigine_Tab 100mg,0408010H0AAAAAA,1,0.0
225,G81002,Lamotrigine_Tab 100mg,0408010H0AAAAAA,1,0.0
255,G81050,Lamotrigine_Tab 100mg,0408010H0AAAAAA,1,0.0
250,Y02816,Lamotrigine_Tab 100mg,0408010H0AAAAAA,2,0.0
253,G81098,Lamotrigine_Tab 100mg,0408010H0AAAAAA,2,0.0
244,G81049,Lamotrigine_Tab 100mg,0408010H0AAAAAA,6,0.0
238,G81012,Lamotrigine_Tab 100mg,0408010H0AAAAAA,2,0.0
239,Y00080,Lamotrigine_Tab 100mg,0408010H0AAAAAA,1,0.0
240,G81022,Lamotrigine_Tab 100mg,0408010H0AAAAAA,2,0.0
241,G81008,Lamotrigine_Tab 100mg,0408010H0AAAAAA,3,0.0
242,G81008,Lamotrigine_Tab 100mg,0408010H0AAAAAA,1,0.0
243,G81032,Lamotrigine_Tab 100mg,0408010H0AAAAAA,6,0.0
245,G81004,Lamotrigine_Tab 100mg,0408010H0AAAAAA,7,0.0
252,G81029,Lamotrigine_Tab 100mg,0408010H0AAAAAA,7,0.0
246,G81059,Lamotrigine_Tab 100mg,0408010H0AAAAAA,3,0.0
247,G81002,Lamotrigine_Tab 100mg,0408010H0AAAAAA,1,0.0
248,G81008,Lamotrigine_Tab 100mg,0408010H0AAAAAA,8,0.0
249,G81029,Lamotrigine_Tab 100mg,0408010H0AAAAAA,3,0.0
227,Y00080,Lamotrigine_Tab 100mg,0408010H0AAAAAA,5,0.0
251,G81032,Lamotrigine_Tab 100mg,0408010H0AAAAAA,1,0.0
226,G81050,Lamotrigine_Tab 100mg,0408010H0AAAAAA,3,0.0
224,G81022,Lamotrigine_Tab 100mg,0408010H0AAAAAA,1,0.0
228,G81098,Lamotrigine_Tab 100mg,0408010H0AAAAAA,1,0.0
259,G81634,Lamotrigine_Tab 100mg,0408010H0AAAAAA,1,0.0
232,G81049,Lamotrigine_Tab 100mg,0408010H0AAAAAA,2,0.0
233,G81056,Lamotrigine_Tab 100mg,0408010H0AAAAAA,9,0.0
234,G81099,Lamotrigine_Tab 100mg,0408010H0AAAAAA,4,0.0
235,G81099,Lamotrigine_Tab 100mg,0408010H0AAAAAA,3,0.0
237,G81104,Lamotrigine_Tab 100mg,0408010H0AAAAAA,1,0.0
229,G81634,Lamotrigine_Tab 100mg,0408010H0AAAAAA,2,0.0
260,G81004,Lamotrigine_Tab 100mg,0408010H0AAAAAA,4,0.0
261,G81056,Lamotrigine_Tab 100mg,0408010H0AAAAAA,1,0.0
236,G81002,Lamotrigine_Tab 100mg,0408010H0AAAAAA,4,0.0
263,G81029,Lamotrigine_Tab 100mg,0408010H0AAAAAA,1,-0.003000000000001335
262,G81104,Lamotrigine_Tab 100mg,0408010H0AAAAAA,1,-0.003000000000001335
334,G81029,Gabapentin_Cap 300mg,0408010G0AAABAB,1,-0.0032999999999998655
335,G81029,Gabapentin_Cap 300mg,0408010G0AAABAB,1,-0.004499999999999921
336,G81012,Gabapentin_Cap 300mg,0408010G0AAABAB,1,-0.0048999999999998
339,G81027,Gabapentin_Cap 300mg,0408010G0AAABAB,1,-0.005599999999999772
338,Y00080,Gabapentin_Cap 300mg,0408010G0AAABAB,1,-0.005599999999999772
337,G81012,Gabapentin_Cap 300mg,0408010G0AAABAB,1,-0.005599999999999772
264,G81022,Lamotrigine_Tab 100mg,0408010H0AAAAAA,1,-0.00600000000000267
178,G81008,Hydrocort_Tab 10mg,0603020J0AAADAD,1,-0.007999999999999119
265,G81029,Lamotrigine_Tab 100mg,0408010H0AAAAAA,2,-0.008400000000003738
179,G81098,Hydrocort_Tab 10mg,0603020J0AAADAD,4,-0.00879999999999903
180,G81003,Hydrocort_Tab 10mg,0603020J0AAADAD,5,-0.010999999999998789
181,G81056,Hydrocort_Tab 10mg,0603020J0AAADAD,1,-0.011199999999998766
182,G81029,Hydrocort_Tab 10mg,0603020J0AAADAD,1,-0.011199999999998766
183,G81059,Hydrocort_Tab 10mg,0603020J0AAADAD,1,-0.011199999999998766
184,G81032,Hydrocort_Tab 10mg,0603020J0AAADAD,1,-0.011199999999998766
343,G81059,Gabapentin_Cap 300mg,0408010G0AAABAB,2,-0.011199999999999544
340,G81098,Gabapentin_Cap 300mg,0408010G0AAABAB,2,-0.011199999999999544
341,G81004,Gabapentin_Cap 300mg,0408010G0AAABAB,2,-0.011199999999999544
342,G81017,Gabapentin_Cap 300mg,0408010G0AAABAB,2,-0.011199999999999544
344,G81032,Gabapentin_Cap 300mg,0408010G0AAABAB,2,-0.011199999999999544
186,G81098,Hydrocort_Tab 10mg,0603020J0AAADAD,1,-0.013999999999998458
185,G81017,Hydrocort_Tab 10mg,0603020J0AAADAD,1,-0.013999999999998458
266,G81059,Lamotrigine_Tab 100mg,0408010H0AAAAAA,4,-0.014000000000000012
345,G81003,Gabapentin_Cap 300mg,0408010G0AAABAB,3,-0.014699999999999401
267,G81008,Lamotrigine_Tab 100mg,0408010H0AAAAAA,5,-0.017500000000000016
187,G81634,Hydrocort_Tab 10mg,0603020J0AAADAD,1,-0.019999999999997797
188,G81003,Hydrocort_Tab 10mg,0603020J0AAADAD,2,-0.022399999999997533
347,G81050,Gabapentin_Cap 300mg,0408010G0AAABAB,4,-0.022399999999999087
348,G81003,Gabapentin_Cap 300mg,0408010G0AAABAB,4,-0.022399999999999087
346,G81056,Gabapentin_Cap 300mg,0408010G0AAABAB,4,-0.022399999999999087
349,G81002,Gabapentin_Cap 300mg,0408010G0AAABAB,5,-0.02799999999999886
350,G81104,Gabapentin_Cap 300mg,0408010G0AAABAB,6,-0.03359999999999863
351,G81008,Gabapentin_Cap 300mg,0408010G0AAABAB,7,-0.0391999999999984
352,G81029,Gabapentin_Cap 300mg,0408010G0AAABAB,11,-0.06159999999999749
353,G81022,Gabapentin_Cap 300mg,0408010G0AAABAB,12,-0.06719999999999726
192,G81050,Mesalazine_Tab E/C 800mg,0105010B0AAASAS,1,-22.959999999999994
