,practice_code,bnf_description,bnf_code,items,excess_cost
0,F81001,Atorvastatin_Tab 10mg,0212000B0AAAAAA,16,23.2381
1,F81001,Atorvastatin_Tab 20mg,0212000B0AAABAB,1,0.007400000000000212
2,F81001,Memantine HCl_Tab 10mg,0411000G0AAAAAA,3,0.012600000000000167
3,F81001,Paracet_Tab 500mg,0407010H0AAAMAM,144,38.332000000000036
4,F81001,Phenytoin_Sod Tab 100mg,0408010Q0AAAGAG,1,127.92599999999997
5,F81001,Pregabalin_Cap 150mg,0408010AEAAAEAE,4,0.02240000000000064
6,F81001,Pregabalin_Cap 50mg,0408010AEAAABAB,11,0.047600000000000586
7,F81007,Atorvastatin_Tab 10mg,0212000B0AAAAAA,44,23.191200000000002
8,F81007,Atorvastatin_Tab 20mg,0212000B0AAABAB,3,0.009000000000000466
9,F81007,Atorvastatin_Tab 80mg,0212000B0AAADAD,22,0.03000000000000086
10,F81007,Exemestane_Tab 25mg,0803041C0AAAAAA,2,-1.3104000000000018
11,F81007,Memantine HCl_Tab 10mg,0411000G0AAAAAA,16,31.372600000000006
12,F81007,Paracet_Tab 500mg,0407010H0AAAMAM,286,2.8599999999999826
13,F81007,Phenytoin_Sod Tab 100mg,0408010Q0AAAGAG,2,4.614399999999989
14,F81007,Pregabalin_Cap 150mg,0408010AEAAAEAE,6,0.012600000000000944
15,F81007,Pregabalin_Cap 300mg,0408010AEAAAGAG,4,0.019599999999999784
16,F81007,Pregabalin_Cap 50mg,0408010AEAAABAB,16,0.07500000000000137
17,F81051,Atorvastatin_Tab 10mg,0212000B0AAAAAA,44,23.161599999999996
18,F81051,Atorvastatin_Tab 80mg,0212000B0AAADAD,14,1.8032000000000026
19,F81051,Memantine HCl_Tab 10mg,0411000G0AAAAAA,1,0.004200000000000023
20,F81051,Pregabalin_Cap 300mg,0408010AEAAAGAG,13,56.1288
21,F81051,Pregabalin_Cap 50mg,0408010AEAAABAB,13,199.8136
22,F81061,Atorvastatin_Tab 10mg,0212000B0AAAAAA,116,11.508000000000004
23,F81061,Atorvastatin_Tab 80mg,0212000B0AAADAD,12,0.025200000000000722
24,F81061,Memantine HCl_Tab 10mg,0411000G0AAAAAA,12,-0.04639999999999972
25,F81061,Paracet_Tab 500mg,0407010H0AAAMAM,344,151.40080000000006
26,F81061,Pregabalin_Cap 150mg,0408010AEAAAEAE,1,0.00560000000000016
27,F81061,Pregabalin_Cap 300mg,0408010AEAAAGAG,5,56.11200000000001
28,F81061,Pregabalin_Cap 50mg,0408010AEAAABAB,3,0.01680000000000048
29,F81065,Atorvastatin_Tab 10mg,0212000B0AAAAAA,4,0.008400000000000046
30,F81065,Atorvastatin_Tab 20mg,0212000B0AAABAB,31,0.09000000000000258
31,F81065,Atorvastatin_Tab 80mg,0212000B0AAADAD,8,0.01680000000000048
32,F81065,Memantine HCl_Tab 10mg,0411000G0AAAAAA,3,55.828500000000005
33,F81065,Paracet_Tab 500mg,0407010H0AAAMAM,4,-0.0031999999999998974
34,F81065,Pregabalin_Cap 150mg,0408010AEAAAEAE,5,0.01680000000000048
35,F81065,Pregabalin_Cap 50mg,0408010AEAAABAB,2,0.01120000000000032
36,F81066,Atorvastatin_Tab 80mg,0212000B0AAADAD,19,1.8088000000000002
37,F81066,Memantine HCl_Tab 10mg,0411000G0AAAAAA,12,0.05040000000000125
38,F81066,Paracet_Tab 500mg,0407010H0AAAMAM,20,-0.048799999999999705
39,F81066,Pregabalin_Cap 50mg,0408010AEAAABAB,8,0.028000000000000802
40,F81070,Paracet_Tab 500mg,0407010H0AAAMAM,6,-0.0335999999999998
41,F81070,Pregabalin_Cap 50mg,0408010AEAAABAB,1,0.004199999999999926
42,F81075,Atorvastatin_Tab 10mg,0212000B0AAAAAA,46,23.184
43,F81075,Atorvastatin_Tab 80mg,0212000B0AAADAD,37,99.24880000000003
44,F81075,Memantine HCl_Tab 10mg,0411000G0AAAAAA,4,83.76480000000001
45,F81075,Paracet_Tab 500mg,0407010H0AAAMAM,370,-4.933999999999971
46,F81075,Pregabalin_Cap 300mg,0408010AEAAAGAG,5,118.66399999999999
47,F81075,Pregabalin_Cap 50mg,0408010AEAAABAB,9,0.0420000000000012
48,F81089,Atorvastatin_Tab 20mg,0212000B0AAABAB,108,90.47620000000002
49,F81089,Atorvastatin_Tab 80mg,0212000B0AAADAD,27,0.7560000000000007
50,F81089,Memantine HCl_Tab 10mg,0411000G0AAAAAA,1,0.00420000000000012
51,F81089,Paracet_Tab 500mg,0407010H0AAAMAM,246,-4.821999999999971
52,F81089,Pregabalin_Cap 150mg,0408010AEAAAEAE,27,56.554399999999994
53,F81089,Pregabalin_Cap 50mg,0408010AEAAABAB,1,0.00560000000000016
54,F81096,Atorvastatin_Tab 10mg,0212000B0AAAAAA,70,23.248400000000004
55,F81096,Atorvastatin_Tab 20mg,0212000B0AAABAB,293,203.36690000000004
56,F81096,Atorvastatin_Tab 80mg,0212000B0AAADAD,74,75.824
57,F81096,Exemestane_Tab 25mg,0803041C0AAAAAA,1,226.86299999999997
58,F81096,Memantine HCl_Tab 10mg,0411000G0AAAAAA,11,31.4097
59,F81096,Paracet_Tab 500mg,0407010H0AAAMAM,202,40.552000000000035
60,F81096,Phenytoin_Sod Tab 100mg,0408010Q0AAAGAG,3,238.80639999999994
61,F81096,Pregabalin_Cap 150mg,0408010AEAAAEAE,20,56.56000000000002
62,F81096,Pregabalin_Cap 50mg,0408010AEAAABAB,11,57.1102
63,F81101,Atorvastatin_Tab 20mg,0212000B0AAABAB,28,22.5792
64,F81101,Paracet_Tab 500mg,0407010H0AAAMAM,46,13.34
65,F81101,Pregabalin_Cap 50mg,0408010AEAAABAB,1,0.00560000000000016
66,F81123,Atorvastatin_Tab 10mg,0212000B0AAAAAA,23,0.048300000000000266
67,F81123,Atorvastatin_Tab 80mg,0212000B0AAADAD,63,0.1323000000000038
68,F81123,Exemestane_Tab 25mg,0803041C0AAAAAA,9,-2.7786000000000017
69,F81123,Memantine HCl_Tab 10mg,0411000G0AAAAAA,12,0.05040000000000096
70,F81123,Paracet_Tab 500mg,0407010H0AAAMAM,570,-4.835999999999971
71,F81123,Phenytoin_Sod Tab 100mg,0408010Q0AAAGAG,2,0.012599999999998612
72,F81123,Pregabalin_Cap 150mg,0408010AEAAAEAE,11,0.051800000000001484
73,F81123,Pregabalin_Cap 300mg,0408010AEAAAGAG,8,0.04479999999999934
74,F81123,Pregabalin_Cap 50mg,0408010AEAAABAB,12,0.05460000000000098
75,F81125,Atorvastatin_Tab 10mg,0212000B0AAAAAA,1,-0.005999999999999964
76,F81125,Atorvastatin_Tab 20mg,0212000B0AAABAB,1,0.006000000000000172
77,F81125,Memantine HCl_Tab 10mg,0411000G0AAAAAA,1,0.00210000000000006
78,F81125,Paracet_Tab 500mg,0407010H0AAAMAM,2,0.005999999999999964
79,F81125,Pregabalin_Cap 50mg,0408010AEAAABAB,7,0.028400000000000813
80,F81142,Atorvastatin_Tab 10mg,0212000B0AAAAAA,16,34.9062
81,F81142,Memantine HCl_Tab 10mg,0411000G0AAAAAA,1,0.004200000000000023
82,F81142,Paracet_Tab 500mg,0407010H0AAAMAM,52,20.280000000000005
83,F81205,Atorvastatin_Tab 10mg,0212000B0AAAAAA,18,0.03780000000000021
84,F81205,Atorvastatin_Tab 80mg,0212000B0AAADAD,29,0.060900000000001744
85,F81205,Memantine HCl_Tab 10mg,0411000G0AAAAAA,5,-0.013999999999999915
86,F81205,Paracet_Tab 500mg,0407010H0AAAMAM,158,-1.3527999999999918
87,F81205,Pregabalin_Cap 150mg,0408010AEAAAEAE,27,172.9392
88,F81205,Pregabalin_Cap 300mg,0408010AEAAAGAG,4,112.2016
89,F81205,Pregabalin_Cap 50mg,0408010AEAAABAB,21,90.48900000000002
90,F81618,Atorvastatin_Tab 10mg,0212000B0AAAAAA,36,11.592000000000004
91,F81618,Paracet_Tab 500mg,0407010H0AAAMAM,36,12.623599999999998
92,F81618,Pregabalin_Cap 50mg,0408010AEAAABAB,1,0.00560000000000016
93,F81675,Atorvastatin_Tab 10mg,0212000B0AAAAAA,14,0.021300000000000187
94,F81675,Atorvastatin_Tab 80mg,0212000B0AAADAD,4,0.00840000000000024
95,F81675,Paracet_Tab 500mg,0407010H0AAAMAM,2,0.023999999999999855
96,F81675,Pregabalin_Cap 150mg,0408010AEAAAEAE,12,0.03360000000000096
97,F81675,Pregabalin_Cap 300mg,0408010AEAAAGAG,4,0.019599999999999784
98,F81675,Pregabalin_Cap 50mg,0408010AEAAABAB,4,60.2952
99,F81690,Atorvastatin_Tab 10mg,0212000B0AAAAAA,26,11.575200000000002
100,F81690,Atorvastatin_Tab 20mg,0212000B0AAABAB,96,22.579200000000014
101,F81690,Atorvastatin_Tab 80mg,0212000B0AAADAD,34,49.52040000000001
102,F81690,Memantine HCl_Tab 10mg,0411000G0AAAAAA,1,0.00420000000000012
103,F81690,Paracet_Tab 500mg,0407010H0AAAMAM,228,44.236399999999996
104,F81690,Pregabalin_Cap 300mg,0408010AEAAAGAG,1,28.0504
105,F81690,Pregabalin_Cap 50mg,0408010AEAAABAB,10,0.02240000000000064
106,F81700,Atorvastatin_Tab 10mg,0212000B0AAAAAA,4,-0.011999999999999927
107,F81700,Atorvastatin_Tab 20mg,0212000B0AAABAB,2,0.003000000000000294
108,F81700,Paracet_Tab 500mg,0407010H0AAAMAM,74,2.55360000000001
109,F81700,Pregabalin_Cap 150mg,0408010AEAAAEAE,2,0.01120000000000032
110,F81700,Pregabalin_Cap 50mg,0408010AEAAABAB,4,0.02240000000000064
111,F81704,Atorvastatin_Tab 10mg,0212000B0AAAAAA,3,23.267999999999997
112,F81704,Paracet_Tab 500mg,0407010H0AAAMAM,4,0.3119999999999998
113,F81704,Pregabalin_Cap 50mg,0408010AEAAABAB,1,0.00560000000000016
114,F81739,Atorvastatin_Tab 10mg,0212000B0AAAAAA,87,23.142000000000003
115,F81739,Atorvastatin_Tab 20mg,0212000B0AAABAB,40,45.212900000000005
116,F81739,Atorvastatin_Tab 80mg,0212000B0AAADAD,4,0.00840000000000024
117,F81739,Memantine HCl_Tab 10mg,0411000G0AAAAAA,1,0.00420000000000012
118,F81739,Paracet_Tab 500mg,0407010H0AAAMAM,182,-1.69199999999999
119,F81739,Pregabalin_Cap 150mg,0408010AEAAAEAE,5,0.01680000000000048
120,F81739,Pregabalin_Cap 300mg,0408010AEAAAGAG,18,59.37120000000001
121,F81739,Pregabalin_Cap 50mg,0408010AEAAABAB,18,28.621600000000004
122,F81740,Atorvastatin_Tab 10mg,0212000B0AAAAAA,4,0.008400000000000046
123,F81740,Atorvastatin_Tab 80mg,0212000B0AAADAD,4,0.00840000000000024
124,F81740,Memantine HCl_Tab 10mg,0411000G0AAAAAA,2,0.00260000000000013
125,F81740,Pregabalin_Cap 150mg,0408010AEAAAEAE,3,172.86079999999998
126,F81740,Pregabalin_Cap 50mg,0408010AEAAABAB,5,0.022399999999999864
127,Y00984,Pregabalin_Cap 50mg,0408010AEAAABAB,1,0.00560000000000016
