,practice_code,bnf_description,bnf_code,items,excess_cost
0,C84012,Atorvastatin_Tab 10mg,0212000B0AAAAAA,227,127.67859999999999
1,C84012,Atorvastatin_Tab 20mg,0212000B0AAABAB,242,45.39920000000003
2,C84012,Paracet_Tab 500mg,0407010H0AAAMAM,1030,156.98680000000013
3,C84012,Sumatriptan_Tab 50mg,0407041T0AAAFAF,47,0.0
4,C84012,Tolterodine_Tab 2mg,0704020N0AAABAB,2,0.011199999999999544
5,C84014,Atorvastatin_Tab 20mg,0212000B0AAABAB,264,45.09120000000001
6,C84014,Paracet_Tab 500mg,0407010H0AAAMAM,436,162.372
7,C84014,Prednisolone_Tab Solb 5mg,0603020T0AABHBH,1,50.35380000000001
8,C84014,Sumatriptan_Tab 50mg,0407041T0AAAFAF,21,0.0
9,C84014,Tolterodine_Tab 2mg,0704020N0AAABAB,1,0.005599999999999772
10,C84016,Anastrozole_Tab 1mg,0803041B0AAAAAA,13,0.06370000000000056
11,C84016,Atorvastatin_Tab 10mg,0212000B0AAAAAA,49,0.10290000000000057
12,C84016,Ferr Sulf_Tab 200mg,0901011P0AAACAC,5,-0.0105000000000003
13,C84016,Memantine HCl_Tab 20mg,0411000G0AAADAD,4,0.01959999999999998
14,C84016,Paracet_Tab 500mg,0407010H0AAAMAM,346,23.14519999999998
15,C84016,Sumatriptan_Tab 50mg,0407041T0AAAFAF,44,0.00019999999999886775
16,C84016,Tolterodine_Tab 2mg,0704020N0AAABAB,4,0.011199999999999544
17,C84020,Atorvastatin_Tab 10mg,0212000B0AAAAAA,86,11.558400000000006
18,C84020,Atorvastatin_Tab 20mg,0212000B0AAABAB,305,67.87480000000001
19,C84020,Paracet_Tab 500mg,0407010H0AAAMAM,8,0.045599999999999724
20,C84020,Sumatriptan_Tab 50mg,0407041T0AAAFAF,16,0.0
21,C84031,Anastrozole_Tab 1mg,0803041B0AAAAAA,4,0.019600000000000173
22,C84031,Azithromycin_Tab 250mg,0501050A0AAAGAG,2,25.86
23,C84031,Ferr Sulf_Tab 200mg,0901011P0AAACAC,12,84.56
24,C84031,Paracet_Tab 500mg,0407010H0AAAMAM,86,0.849599999999995
25,C84031,Sumatriptan_Tab 50mg,0407041T0AAAFAF,2,0.0
26,C84036,Anastrozole_Tab 1mg,0803041B0AAAAAA,5,0.024500000000000216
27,C84036,Atorvastatin_Tab 10mg,0212000B0AAAAAA,97,23.352
28,C84036,Atorvastatin_Tab 20mg,0212000B0AAABAB,548,22.97700000000002
29,C84036,Azithromycin_Tab 250mg,0501050A0AAAGAG,24,103.4496
30,C84036,Ferr Sulf_Tab 200mg,0901011P0AAACAC,92,21.117599999999992
31,C84036,Memantine HCl_Tab 20mg,0411000G0AAADAD,4,63.89880000000001
32,C84036,Paracet_Tab 500mg,0407010H0AAAMAM,1460,153.56920000000008
33,C84036,Prednisolone_Tab Solb 5mg,0603020T0AABHBH,1,0.004499999999999504
34,C84036,Sumatriptan_Tab 50mg,0407041T0AAAFAF,33,56.079999999999984
35,C84036,Tolterodine_Tab 2mg,0704020N0AAABAB,8,25.5248
36,C84051,Atorvastatin_Tab 10mg,0212000B0AAAAAA,1,0.004200000000000023
37,C84051,Azithromycin_Tab 250mg,0501050A0AAAGAG,41,64.7004
38,C84051,Memantine HCl_Tab 20mg,0411000G0AAADAD,11,63.91
39,C84051,Paracet_Tab 500mg,0407010H0AAAMAM,1374,196.74279999999993
40,C84051,Sumatriptan_Tab 50mg,0407041T0AAAFAF,55,-0.0027999999999996916
41,C84051,Tolterodine_Tab 2mg,0704020N0AAABAB,1,0.005599999999999772
42,C84057,Atorvastatin_Tab 10mg,0212000B0AAAAAA,4,0.008400000000000046
43,C84057,Azithromycin_Tab 250mg,0501050A0AAAGAG,1,0.00560000000000016
44,C84057,Paracet_Tab 500mg,0407010H0AAAMAM,60,-0.25759999999999844
45,C84057,Sumatriptan_Tab 50mg,0407041T0AAAFAF,5,0.0
46,C84061,Atorvastatin_Tab 10mg,0212000B0AAAAAA,61,11.614400000000002
47,C84061,Atorvastatin_Tab 20mg,0212000B0AAABAB,286,45.64560000000003
48,C84061,Ferr Sulf_Tab 200mg,0901011P0AAACAC,3,0.00839999999999995
49,C84061,Paracet_Tab 500mg,0407010H0AAAMAM,216,25.845199999999995
50,C84061,Prednisolone_Tab Solb 5mg,0603020T0AABHBH,1,-0.004799999999999471
51,C84061,Sumatriptan_Tab 50mg,0407041T0AAAFAF,13,-4.440892098500626e-16
52,C84067,Anastrozole_Tab 1mg,0803041B0AAAAAA,14,0.35280000000000467
53,C84067,Atorvastatin_Tab 20mg,0212000B0AAABAB,96,295.94879999999995
54,C84067,Ferr Sulf_Tab 200mg,0901011P0AAACAC,5,-0.4620000000000016
55,C84067,Paracet_Tab 500mg,0407010H0AAAMAM,680,21.40560000000008
56,C84067,Prednisolone_Tab Solb 5mg,0603020T0AABHBH,1,-0.0039999999999995595
57,C84067,Sumatriptan_Tab 50mg,0407041T0AAAFAF,15,0.0031999999999996476
58,C84067,Tolterodine_Tab 2mg,0704020N0AAABAB,4,25.522000000000002
59,C84069,Anastrozole_Tab 1mg,0803041B0AAAAAA,20,61.48800000000001
60,C84069,Atorvastatin_Tab 10mg,0212000B0AAAAAA,109,34.78020000000001
61,C84069,Azithromycin_Tab 250mg,0501050A0AAAGAG,3,0.007200000000000206
62,C84069,Paracet_Tab 500mg,0407010H0AAAMAM,794,97.7132000000001
63,C84069,Sumatriptan_Tab 50mg,0407041T0AAAFAF,26,-0.005599999999999383
64,C84069,Tolterodine_Tab 2mg,0704020N0AAABAB,4,0.011199999999999544
65,C84074,Atorvastatin_Tab 10mg,0212000B0AAAAAA,32,0.06720000000000037
66,C84074,Atorvastatin_Tab 20mg,0212000B0AAABAB,1,-0.003999999999999976
67,C84074,Paracet_Tab 500mg,0407010H0AAAMAM,132,9.46479999999999
68,C84074,Sumatriptan_Tab 50mg,0407041T0AAAFAF,13,0.0
69,C84074,Tolterodine_Tab 2mg,0704020N0AAABAB,3,27.048000000000002
70,C84076,Azithromycin_Tab 250mg,0501050A0AAAGAG,4,0.009600000000000275
71,C84076,Memantine HCl_Tab 20mg,0411000G0AAADAD,1,63.89880000000001
72,C84076,Paracet_Tab 500mg,0407010H0AAAMAM,8,0.02479999999999985
73,C84076,Sumatriptan_Tab 50mg,0407041T0AAAFAF,7,0.0
74,C84077,Anastrozole_Tab 1mg,0803041B0AAAAAA,14,61.5048
75,C84077,Atorvastatin_Tab 10mg,0212000B0AAAAAA,9,0.018900000000000104
76,C84077,Atorvastatin_Tab 20mg,0212000B0AAABAB,226,22.78080000000004
77,C84077,Ferr Sulf_Tab 200mg,0901011P0AAACAC,10,35.2072
78,C84077,Paracet_Tab 500mg,0407010H0AAAMAM,412,21.003200000000064
79,C84077,Sumatriptan_Tab 50mg,0407041T0AAAFAF,26,-0.0032000000000000917
80,C84106,Atorvastatin_Tab 10mg,0212000B0AAAAAA,20,0.04200000000000023
81,C84106,Azithromycin_Tab 250mg,0501050A0AAAGAG,3,0.007200000000000206
82,C84106,Ferr Sulf_Tab 200mg,0901011P0AAACAC,8,0.04479999999999973
83,C84106,Paracet_Tab 500mg,0407010H0AAAMAM,804,13.534400000000016
84,C84106,Prednisolone_Tab Solb 5mg,0603020T0AABHBH,4,134.2784
85,C84106,Sumatriptan_Tab 50mg,0407041T0AAAFAF,17,110.00880000000002
86,C84114,Anastrozole_Tab 1mg,0803041B0AAAAAA,23,123.00399999999999
87,C84114,Atorvastatin_Tab 20mg,0212000B0AAABAB,1,0.00540000000000003
88,C84114,Memantine HCl_Tab 20mg,0411000G0AAADAD,1,63.89880000000001
89,C84114,Paracet_Tab 500mg,0407010H0AAAMAM,224,24.664000000000023
90,C84114,Prednisolone_Tab Solb 5mg,0603020T0AABHBH,4,0.0013999999999998458
91,C84114,Sumatriptan_Tab 50mg,0407041T0AAAFAF,18,0.0
92,C84114,Tolterodine_Tab 2mg,0704020N0AAABAB,2,0.011199999999999544
93,C84127,Atorvastatin_Tab 10mg,0212000B0AAAAAA,102,11.4844
94,C84127,Atorvastatin_Tab 20mg,0212000B0AAABAB,93,22.654799999999998
95,C84127,Paracet_Tab 500mg,0407010H0AAAMAM,270,17.302800000000033
96,C84127,Sumatriptan_Tab 50mg,0407041T0AAAFAF,12,34.004400000000004
97,C84127,Tolterodine_Tab 2mg,0704020N0AAABAB,1,0.005599999999999772
98,C84140,Anastrozole_Tab 1mg,0803041B0AAAAAA,10,123.004
99,C84140,Atorvastatin_Tab 10mg,0212000B0AAAAAA,1,0.004200000000000023
100,C84140,Ferr Sulf_Tab 200mg,0901011P0AAACAC,1,14.084
101,C84140,Paracet_Tab 500mg,0407010H0AAAMAM,498,43.71119999999999
102,C84140,Prednisolone_Tab Solb 5mg,0603020T0AABHBH,7,-0.0004999999999999449
103,C84140,Sumatriptan_Tab 50mg,0407041T0AAAFAF,6,0.0
104,C84142,Azithromycin_Tab 250mg,0501050A0AAAGAG,1,0.0029999999999996696
105,C84142,Paracet_Tab 500mg,0407010H0AAAMAM,324,40.10480000000004
106,C84142,Prednisolone_Tab Solb 5mg,0603020T0AABHBH,1,-0.0027999999999996916
107,C84142,Sumatriptan_Tab 50mg,0407041T0AAAFAF,4,0.0
108,C84629,Atorvastatin_Tab 10mg,0212000B0AAAAAA,12,0.02520000000000014
109,C84629,Azithromycin_Tab 250mg,0501050A0AAAGAG,6,25.8624
110,C84629,Ferr Sulf_Tab 200mg,0901011P0AAACAC,8,0.0027999999999996916
111,C84629,Paracet_Tab 500mg,0407010H0AAAMAM,418,1.9831999999999883
112,C84629,Prednisolone_Tab Solb 5mg,0603020T0AABHBH,1,-0.0027999999999996916
113,C84629,Sumatriptan_Tab 50mg,0407041T0AAAFAF,9,0.0
114,C84629,Tolterodine_Tab 2mg,0704020N0AAABAB,7,0.02799999999999886
115,C84637,Ferr Sulf_Tab 200mg,0901011P0AAACAC,1,14.084
116,C84637,Paracet_Tab 500mg,0407010H0AAAMAM,30,-0.12159999999999926
117,C84637,Prednisolone_Tab Solb 5mg,0603020T0AABHBH,5,17.9762
118,C84637,Sumatriptan_Tab 50mg,0407041T0AAAFAF,14,0.0
119,C84637,Tolterodine_Tab 2mg,0704020N0AAABAB,8,127.59599999999999
120,C84654,Atorvastatin_Tab 10mg,0212000B0AAAAAA,28,0.058800000000000324
121,C84654,Atorvastatin_Tab 20mg,0212000B0AAABAB,118,45.264800000000015
122,C84654,Azithromycin_Tab 250mg,0501050A0AAAGAG,1,0.0024000000000000687
123,C84654,Paracet_Tab 500mg,0407010H0AAAMAM,96,9.181999999999997
124,C84654,Sumatriptan_Tab 50mg,0407041T0AAAFAF,10,0.0
125,C84658,Anastrozole_Tab 1mg,0803041B0AAAAAA,7,0.0343000000000003
126,C84658,Atorvastatin_Tab 10mg,0212000B0AAAAAA,10,0.021000000000000116
127,C84658,Azithromycin_Tab 250mg,0501050A0AAAGAG,8,0.01920000000000055
128,C84658,Paracet_Tab 500mg,0407010H0AAAMAM,398,18.93720000000001
129,C84658,Sumatriptan_Tab 50mg,0407041T0AAAFAF,21,-0.0032000000000000917
130,C84679,Atorvastatin_Tab 10mg,0212000B0AAAAAA,11,0.02520000000000009
131,C84679,Paracet_Tab 500mg,0407010H0AAAMAM,8,-0.04479999999999973
132,C84679,Sumatriptan_Tab 50mg,0407041T0AAAFAF,5,-0.0028000000000004688
133,C84710,Paracet_Tab 500mg,0407010H0AAAMAM,190,42.2472
134,C84710,Sumatriptan_Tab 50mg,0407041T0AAAFAF,10,0.0
135,Y00862,Paracet_Tab 500mg,0407010H0AAAMAM,2,0.011999999999999927
136,Y00862,Prednisolone_Tab Solb 5mg,0603020T0AABHBH,3,-0.009999999999998899
137,Y00862,Sumatriptan_Tab 50mg,0407041T0AAAFAF,3,0.0
138,Y05456,Atorvastatin_Tab 20mg,0212000B0AAABAB,1,-0.004199999999999995
139,Y05456,Paracet_Tab 500mg,0407010H0AAAMAM,2,-0.011199999999999932
140,Y05456,Prednisolone_Tab Solb 5mg,0603020T0AABHBH,1,-0.004799999999999471
141,Y05456,Sumatriptan_Tab 50mg,0407041T0AAAFAF,1,0.0
142,Y05690,Atorvastatin_Tab 20mg,0212000B0AAABAB,260,45.13600000000003
143,Y05690,Ferr Sulf_Tab 200mg,0901011P0AAACAC,5,21.125999999999998
144,Y05690,Memantine HCl_Tab 20mg,0411000G0AAADAD,4,0.01959999999999998
145,Y05690,Paracet_Tab 500mg,0407010H0AAAMAM,328,28.09160000000004
146,Y05690,Prednisolone_Tab Solb 5mg,0603020T0AABHBH,1,7.197600000000001
147,Y05690,Sumatriptan_Tab 50mg,0407041T0AAAFAF,9,0.0
