,practice_code,bnf_description,bnf_code,items,excess_cost
131,C84035,Quetiapine_Tab 300mg,0402010ABAAAKAK,1,240.03840000000002
98,C84094,Lamotrigine_Tab 50mg,0408010H0AAABAB,1,176.0836
218,C84024,Pregabalin_Cap 50mg,0408010AEAAABAB,41,114.34079999999999
161,C84024,Nefopam HCl_Tab 30mg,0407010P0AAABAB,83,109.06200000000001
162,C84024,Nefopam HCl_Tab 30mg,0407010P0AAABAB,11,80.01839999999996
169,C84024,Montelukast_Tab 10mg,0303020G0AAABAB,93,73.17240000000002
147,Y05346,Atorvastatin_Tab 20mg,0212000B0AAABAB,127,67.56400000000001
166,C84001,Memantine HCl_Tab 20mg,0411000G0AAADAD,36,63.90720000000001
167,C84024,Memantine HCl_Tab 20mg,0411000G0AAADAD,17,63.879200000000004
0,C84094,Paracet_Tab 500mg,0407010H0AAAMAM,99,59.399999999999984
1,C84094,Paracet_Tab 500mg,0407010H0AAAMAM,99,59.399999999999984
240,C84001,Pregabalin_Cap 25mg,0408010AEAAAAAA,14,56.36959999999999
241,C84024,Pregabalin_Cap 25mg,0408010AEAAAAAA,18,56.34720000000001
99,C84094,Lamotrigine_Tab 50mg,0408010H0AAABAB,24,51.609599999999986
170,C84094,Montelukast_Tab 10mg,0303020G0AAABAB,67,49.714000000000006
148,C84035,Atorvastatin_Tab 20mg,0212000B0AAABAB,104,47.17440000000002
149,C84001,Atorvastatin_Tab 20mg,0212000B0AAABAB,979,46.6004
150,C84013,Atorvastatin_Tab 20mg,0212000B0AAABAB,20,45.136
171,C84001,Propranolol HCl_Tab 10mg,0204000R0AAAHAH,38,37.66559999999997
172,C84013,Propranolol HCl_Tab 10mg,0204000R0AAAHAH,2,33.28639999999999
2,C84001,Paracet_Tab 500mg,0407010H0AAAMAM,593,23.720000000000063
3,C84001,Paracet_Tab 500mg,0407010H0AAAMAM,593,23.720000000000063
4,C84094,Paracet_Tab 500mg,0407010H0AAAMAM,68,22.84800000000002
5,C84094,Paracet_Tab 500mg,0407010H0AAAMAM,68,22.84800000000002
6,C84013,Paracet_Tab 500mg,0407010H0AAAMAM,23,22.668800000000005
7,C84013,Paracet_Tab 500mg,0407010H0AAAMAM,23,22.668800000000005
8,C84035,Paracet_Tab 500mg,0407010H0AAAMAM,68,19.040000000000028
9,C84035,Paracet_Tab 500mg,0407010H0AAAMAM,68,19.040000000000028
100,C84001,Lamotrigine_Tab 50mg,0408010H0AAABAB,28,18.816000000000017
11,C84094,Paracet_Tab 500mg,0407010H0AAAMAM,14,16.934400000000004
10,C84094,Paracet_Tab 500mg,0407010H0AAAMAM,14,16.934400000000004
12,C84035,Paracet_Tab 500mg,0407010H0AAAMAM,13,16.816800000000004
13,C84035,Paracet_Tab 500mg,0407010H0AAAMAM,13,16.816800000000004
173,C84001,Propranolol HCl_Tab 10mg,0204000R0AAAHAH,6,16.6656
174,C84094,Propranolol HCl_Tab 10mg,0204000R0AAAHAH,17,14.708399999999985
14,C84094,Paracet_Tab 500mg,0407010H0AAAMAM,236,14.159999999999997
15,C84094,Paracet_Tab 500mg,0407010H0AAAMAM,236,14.159999999999997
17,C84001,Paracet_Tab 500mg,0407010H0AAAMAM,80,10.751999999999997
16,C84001,Paracet_Tab 500mg,0407010H0AAAMAM,80,10.751999999999997
18,C84035,Paracet_Tab 500mg,0407010H0AAAMAM,46,10.30400000000001
19,C84035,Paracet_Tab 500mg,0407010H0AAAMAM,46,10.30400000000001
21,C84035,Paracet_Tab 500mg,0407010H0AAAMAM,97,9.700000000000008
20,C84035,Paracet_Tab 500mg,0407010H0AAAMAM,97,9.700000000000008
175,C84001,Propranolol HCl_Tab 10mg,0204000R0AAAHAH,15,8.315999999999994
22,C84024,Paracet_Tab 500mg,0407010H0AAAMAM,403,8.060000000000091
23,C84024,Paracet_Tab 500mg,0407010H0AAAMAM,403,8.060000000000091
176,C84024,Propranolol HCl_Tab 10mg,0204000R0AAAHAH,26,7.862400000000003
101,C84024,Lamotrigine_Tab 50mg,0408010H0AAABAB,22,5.913599999999999
24,C84013,Paracet_Tab 500mg,0407010H0AAAMAM,57,5.130000000000009
25,C84013,Paracet_Tab 500mg,0407010H0AAAMAM,57,5.130000000000009
26,C84101,Paracet_Tab 500mg,0407010H0AAAMAM,36,5.040000000000007
27,C84101,Paracet_Tab 500mg,0407010H0AAAMAM,36,5.040000000000007
29,C84094,Paracet_Tab 500mg,0407010H0AAAMAM,1,3.2192
28,C84094,Paracet_Tab 500mg,0407010H0AAAMAM,1,3.2192
102,C84013,Lamotrigine_Tab 50mg,0408010H0AAABAB,6,2.990400000000002
31,C84001,Paracet_Tab 500mg,0407010H0AAAMAM,111,2.2199999999999864
30,C84001,Paracet_Tab 500mg,0407010H0AAAMAM,111,2.2199999999999864
32,C84035,Paracet_Tab 500mg,0407010H0AAAMAM,5,1.7999999999999996
33,C84035,Paracet_Tab 500mg,0407010H0AAAMAM,5,1.7999999999999996
34,C84035,Paracet_Tab 500mg,0407010H0AAAMAM,5,1.616
35,C84035,Paracet_Tab 500mg,0407010H0AAAMAM,5,1.616
36,C84024,Paracet_Tab 500mg,0407010H0AAAMAM,229,1.3739999999999917
37,C84024,Paracet_Tab 500mg,0407010H0AAAMAM,229,1.3739999999999917
151,C84035,Atorvastatin_Tab 20mg,0212000B0AAABAB,142,1.1928000000000065
38,C84001,Paracet_Tab 500mg,0407010H0AAAMAM,190,1.139999999999993
39,C84001,Paracet_Tab 500mg,0407010H0AAAMAM,190,1.139999999999993
41,C84101,Paracet_Tab 500mg,0407010H0AAAMAM,19,0.5700000000000005
40,C84101,Paracet_Tab 500mg,0407010H0AAAMAM,19,0.5700000000000005
43,C84013,Paracet_Tab 500mg,0407010H0AAAMAM,29,0.5220000000000029
42,C84013,Paracet_Tab 500mg,0407010H0AAAMAM,29,0.5220000000000029
45,C84094,Paracet_Tab 500mg,0407010H0AAAMAM,58,0.34799999999999787
44,C84094,Paracet_Tab 500mg,0407010H0AAAMAM,58,0.34799999999999787
219,C84001,Pregabalin_Cap 50mg,0408010AEAAABAB,20,0.11200000000000321
47,C84013,Paracet_Tab 500mg,0407010H0AAAMAM,1,0.10799999999999997
46,C84013,Paracet_Tab 500mg,0407010H0AAAMAM,1,0.10799999999999997
220,C84094,Pregabalin_Cap 50mg,0408010AEAAABAB,16,0.08960000000000257
51,Y05346,Paracet_Tab 500mg,0407010H0AAAMAM,9,0.05399999999999967
50,C84008,Paracet_Tab 500mg,0407010H0AAAMAM,9,0.05399999999999967
49,C84008,Paracet_Tab 500mg,0407010H0AAAMAM,9,0.05399999999999967
48,Y05346,Paracet_Tab 500mg,0407010H0AAAMAM,9,0.05399999999999967
221,C84013,Pregabalin_Cap 50mg,0408010AEAAABAB,7,0.03920000000000112
222,C84035,Pregabalin_Cap 50mg,0408010AEAAABAB,8,0.03359999999999941
132,C84094,Quetiapine_Tab 300mg,0402010ABAAAKAK,10,0.027999999999996916
55,C84035,Paracet_Tab 500mg,0407010H0AAAMAM,7,0.020999999999999873
52,C84035,Paracet_Tab 500mg,0407010H0AAAMAM,5,0.020999999999999873
53,C84035,Paracet_Tab 500mg,0407010H0AAAMAM,5,0.020999999999999873
54,C84035,Paracet_Tab 500mg,0407010H0AAAMAM,7,0.020999999999999873
224,C84001,Pregabalin_Cap 50mg,0408010AEAAABAB,5,0.02099999999999963
223,C84024,Pregabalin_Cap 50mg,0408010AEAAABAB,5,0.02099999999999963
168,C84692,Memantine HCl_Tab 20mg,0411000G0AAADAD,4,0.01959999999999998
177,C84001,Propranolol HCl_Tab 10mg,0204000R0AAAHAH,3,0.018000000000000516
225,C84094,Pregabalin_Cap 50mg,0408010AEAAABAB,4,0.016799999999999704
242,C84013,Pregabalin_Cap 25mg,0408010AEAAAAAA,4,0.016799999999999704
163,Y05346,Nefopam HCl_Tab 30mg,0407010P0AAABAB,4,0.01679999999999815
56,C84001,Paracet_Tab 500mg,0407010H0AAAMAM,5,0.01499999999999991
57,C84001,Paracet_Tab 500mg,0407010H0AAAMAM,5,0.01499999999999991
243,C84024,Pregabalin_Cap 25mg,0408010AEAAAAAA,3,0.012599999999999778
58,C84035,Paracet_Tab 500mg,0407010H0AAAMAM,2,0.011999999999999927
59,C84035,Paracet_Tab 500mg,0407010H0AAAMAM,2,0.011999999999999927
60,C84024,Paracet_Tab 500mg,0407010H0AAAMAM,4,0.011999999999999927
61,C84692,Paracet_Tab 500mg,0407010H0AAAMAM,2,0.011999999999999927
62,C84024,Paracet_Tab 500mg,0407010H0AAAMAM,4,0.011999999999999927
63,C84692,Paracet_Tab 500mg,0407010H0AAAMAM,2,0.011999999999999927
226,C84024,Pregabalin_Cap 50mg,0408010AEAAABAB,1,0.011300000000000324
227,C84101,Pregabalin_Cap 50mg,0408010AEAAABAB,2,0.01120000000000032
228,C84035,Pregabalin_Cap 50mg,0408010AEAAABAB,2,0.01120000000000032
229,C84692,Pregabalin_Cap 50mg,0408010AEAAABAB,2,0.01120000000000032
64,C84024,Paracet_Tab 500mg,0407010H0AAAMAM,4,0.011199999999999932
65,C84024,Paracet_Tab 500mg,0407010H0AAAMAM,4,0.011199999999999932
133,C84024,Quetiapine_Tab 300mg,0402010ABAAAKAK,4,0.011199999999998766
244,C84024,Pregabalin_Cap 25mg,0408010AEAAAAAA,4,0.008399999999999852
134,C84001,Quetiapine_Tab 300mg,0402010ABAAAKAK,3,0.008399999999999075
246,C84692,Pregabalin_Cap 25mg,0408010AEAAAAAA,3,0.006299999999999889
245,C84035,Pregabalin_Cap 25mg,0408010AEAAAAAA,3,0.006299999999999889
67,C84692,Paracet_Tab 500mg,0407010H0AAAMAM,2,0.005999999999999964
66,C84692,Paracet_Tab 500mg,0407010H0AAAMAM,2,0.005999999999999964
135,C84013,Quetiapine_Tab 300mg,0402010ABAAAKAK,1,0.005999999999999339
230,C84008,Pregabalin_Cap 50mg,0408010AEAAABAB,1,0.00560000000000016
69,C84001,Paracet_Tab 500mg,0407010H0AAAMAM,2,0.005599999999999966
68,C84001,Paracet_Tab 500mg,0407010H0AAAMAM,2,0.005599999999999966
138,C84001,Quetiapine_Tab 300mg,0402010ABAAAKAK,1,0.005599999999999383
137,C84035,Quetiapine_Tab 300mg,0402010ABAAAKAK,1,0.005599999999999383
136,C84013,Quetiapine_Tab 300mg,0402010ABAAAKAK,2,0.005599999999999383
231,C84094,Pregabalin_Cap 50mg,0408010AEAAABAB,1,0.005199999999999788
164,C84024,Nefopam HCl_Tab 30mg,0407010P0AAABAB,1,0.004499999999999504
165,C84094,Nefopam HCl_Tab 30mg,0407010P0AAABAB,1,0.004499999999999504
232,C84692,Pregabalin_Cap 50mg,0408010AEAAABAB,1,0.004199999999999926
247,C84001,Pregabalin_Cap 25mg,0408010AEAAAAAA,1,0.004199999999999926
152,C84035,Atorvastatin_Tab 20mg,0212000B0AAABAB,1,0.004000000000000115
153,C84013,Atorvastatin_Tab 20mg,0212000B0AAABAB,1,0.00360000000000002
70,C84101,Paracet_Tab 500mg,0407010H0AAAMAM,1,0.002999999999999982
71,C84094,Paracet_Tab 500mg,0407010H0AAAMAM,1,0.002999999999999982
72,C84013,Paracet_Tab 500mg,0407010H0AAAMAM,1,0.002999999999999982
73,C84094,Paracet_Tab 500mg,0407010H0AAAMAM,1,0.002999999999999982
74,C84101,Paracet_Tab 500mg,0407010H0AAAMAM,1,0.002999999999999982
75,C84013,Paracet_Tab 500mg,0407010H0AAAMAM,1,0.002999999999999982
77,C84094,Paracet_Tab 500mg,0407010H0AAAMAM,1,0.002799999999999983
76,C84094,Paracet_Tab 500mg,0407010H0AAAMAM,1,0.002799999999999983
141,C84035,Quetiapine_Tab 300mg,0402010ABAAAKAK,1,0.0027999999999996916
143,C84024,Quetiapine_Tab 300mg,0402010ABAAAKAK,4,0.0027999999999996916
142,C84035,Quetiapine_Tab 300mg,0402010ABAAAKAK,4,0.0027999999999996916
140,C84101,Quetiapine_Tab 300mg,0402010ABAAAKAK,1,0.0027999999999996916
139,Y05346,Quetiapine_Tab 300mg,0402010ABAAAKAK,1,0.0027999999999996916
144,C84094,Quetiapine_Tab 300mg,0402010ABAAAKAK,3,0.0020999999999997687
154,C84035,Atorvastatin_Tab 20mg,0212000B0AAABAB,1,0.0020000000000000573
145,C84692,Quetiapine_Tab 300mg,0402010ABAAAKAK,1,0.0013999999999998458
146,C84094,Quetiapine_Tab 300mg,0402010ABAAAKAK,1,0.0013999999999998458
79,C84094,Paracet_Tab 500mg,0407010H0AAAMAM,1,0.0006999999999999958
78,C84094,Paracet_Tab 500mg,0407010H0AAAMAM,1,0.0006999999999999958
198,C84094,Propranolol HCl_Tab 10mg,0204000R0AAAHAH,1,0.0
197,C84024,Propranolol HCl_Tab 10mg,0204000R0AAAHAH,5,0.0
196,C84094,Propranolol HCl_Tab 10mg,0204000R0AAAHAH,1,0.0
195,C84035,Propranolol HCl_Tab 10mg,0204000R0AAAHAH,8,0.0
199,C84692,Propranolol HCl_Tab 10mg,0204000R0AAAHAH,2,0.0
192,C84692,Propranolol HCl_Tab 10mg,0204000R0AAAHAH,1,0.0
194,C84035,Propranolol HCl_Tab 10mg,0204000R0AAAHAH,1,0.0
193,C84035,Propranolol HCl_Tab 10mg,0204000R0AAAHAH,2,0.0
128,C84024,Lamotrigine_Tab 50mg,0408010H0AAABAB,1,0.0
191,Y05346,Propranolol HCl_Tab 10mg,0204000R0AAAHAH,2,0.0
190,C84001,Propranolol HCl_Tab 10mg,0204000R0AAAHAH,2,0.0
189,C84101,Propranolol HCl_Tab 10mg,0204000R0AAAHAH,1,0.0
129,C84101,Lamotrigine_Tab 50mg,0408010H0AAABAB,2,0.0
187,C84094,Propranolol HCl_Tab 10mg,0204000R0AAAHAH,5,0.0
186,C84024,Propranolol HCl_Tab 10mg,0204000R0AAAHAH,12,0.0
201,C84013,Propranolol HCl_Tab 10mg,0204000R0AAAHAH,1,0.0
200,Y05346,Propranolol HCl_Tab 10mg,0204000R0AAAHAH,8,0.0
212,C84024,Propranolol HCl_Tab 10mg,0204000R0AAAHAH,16,0.0
202,C84094,Propranolol HCl_Tab 10mg,0204000R0AAAHAH,2,0.0
203,C84094,Propranolol HCl_Tab 10mg,0204000R0AAAHAH,9,0.0
204,C84013,Propranolol HCl_Tab 10mg,0204000R0AAAHAH,5,0.0
205,C84013,Propranolol HCl_Tab 10mg,0204000R0AAAHAH,4,0.0
206,C84035,Propranolol HCl_Tab 10mg,0204000R0AAAHAH,1,0.0
207,C84008,Propranolol HCl_Tab 10mg,0204000R0AAAHAH,2,0.0
208,C84001,Propranolol HCl_Tab 10mg,0204000R0AAAHAH,2,0.0
209,C84035,Propranolol HCl_Tab 10mg,0204000R0AAAHAH,9,0.0
210,C84101,Propranolol HCl_Tab 10mg,0204000R0AAAHAH,4,0.0
211,C84013,Propranolol HCl_Tab 10mg,0204000R0AAAHAH,13,0.0
184,C84094,Propranolol HCl_Tab 10mg,0204000R0AAAHAH,4,0.0
213,C84024,Propranolol HCl_Tab 10mg,0204000R0AAAHAH,67,0.0
214,C84024,Propranolol HCl_Tab 10mg,0204000R0AAAHAH,4,0.0
215,C84001,Propranolol HCl_Tab 10mg,0204000R0AAAHAH,9,0.0
216,C84094,Propranolol HCl_Tab 10mg,0204000R0AAAHAH,6,0.0
185,C84001,Propranolol HCl_Tab 10mg,0204000R0AAAHAH,8,0.0
188,C84008,Propranolol HCl_Tab 10mg,0204000R0AAAHAH,2,0.0
183,C84692,Propranolol HCl_Tab 10mg,0204000R0AAAHAH,2,0.0
119,C84692,Lamotrigine_Tab 50mg,0408010H0AAABAB,1,0.0
112,C84001,Lamotrigine_Tab 50mg,0408010H0AAABAB,1,0.0
113,C84094,Lamotrigine_Tab 50mg,0408010H0AAABAB,2,0.0
114,C84013,Lamotrigine_Tab 50mg,0408010H0AAABAB,14,0.0
115,C84008,Lamotrigine_Tab 50mg,0408010H0AAABAB,1,0.0
116,C84035,Lamotrigine_Tab 50mg,0408010H0AAABAB,1,0.0
182,C84035,Propranolol HCl_Tab 10mg,0204000R0AAAHAH,14,0.0
118,C84001,Lamotrigine_Tab 50mg,0408010H0AAABAB,5,0.0
120,C84001,Lamotrigine_Tab 50mg,0408010H0AAABAB,1,0.0
110,C84001,Lamotrigine_Tab 50mg,0408010H0AAABAB,3,0.0
121,C84094,Lamotrigine_Tab 50mg,0408010H0AAABAB,4,0.0
122,C84035,Lamotrigine_Tab 50mg,0408010H0AAABAB,1,0.0
123,C84001,Lamotrigine_Tab 50mg,0408010H0AAABAB,8,0.0
125,C84692,Lamotrigine_Tab 50mg,0408010H0AAABAB,1,0.0
126,C84035,Lamotrigine_Tab 50mg,0408010H0AAABAB,1,0.0
127,C84013,Lamotrigine_Tab 50mg,0408010H0AAABAB,2,0.0
130,C84035,Lamotrigine_Tab 50mg,0408010H0AAABAB,5,0.0
111,C84024,Lamotrigine_Tab 50mg,0408010H0AAABAB,1,0.0
117,C84013,Lamotrigine_Tab 50mg,0408010H0AAABAB,1,0.0
109,C84001,Lamotrigine_Tab 50mg,0408010H0AAABAB,3,0.0
105,C84094,Lamotrigine_Tab 50mg,0408010H0AAABAB,4,0.0
181,C84001,Propranolol HCl_Tab 10mg,0204000R0AAAHAH,7,0.0
180,C84035,Propranolol HCl_Tab 10mg,0204000R0AAAHAH,1,0.0
179,C84024,Propranolol HCl_Tab 10mg,0204000R0AAAHAH,3,0.0
178,C84013,Propranolol HCl_Tab 10mg,0204000R0AAAHAH,1,0.0
108,Y05346,Lamotrigine_Tab 50mg,0408010H0AAABAB,6,0.0
103,C84692,Lamotrigine_Tab 50mg,0408010H0AAABAB,1,0.0
104,C84024,Lamotrigine_Tab 50mg,0408010H0AAABAB,6,0.0
124,C84001,Lamotrigine_Tab 50mg,0408010H0AAABAB,2,0.0
106,C84035,Lamotrigine_Tab 50mg,0408010H0AAABAB,3,0.0
107,C84008,Lamotrigine_Tab 50mg,0408010H0AAABAB,1,0.0
155,C84001,Atorvastatin_Tab 20mg,0212000B0AAABAB,1,-0.0013999999999999985
156,C84024,Atorvastatin_Tab 20mg,0212000B0AAABAB,1,-0.0015999999999999348
80,C84024,Paracet_Tab 500mg,0407010H0AAAMAM,1,-0.001999999999999988
81,C84024,Paracet_Tab 500mg,0407010H0AAAMAM,1,-0.001999999999999988
157,C84013,Atorvastatin_Tab 20mg,0212000B0AAABAB,1,-0.0022999999999999063
158,C84024,Atorvastatin_Tab 20mg,0212000B0AAABAB,1,-0.0026999999999999837
217,C84001,Propranolol HCl_Tab 10mg,0204000R0AAAHAH,1,-0.003000000000000086
159,C84008,Atorvastatin_Tab 20mg,0212000B0AAABAB,1,-0.003999999999999976
82,C84001,Paracet_Tab 500mg,0407010H0AAAMAM,1,-0.003999999999999976
83,C84001,Paracet_Tab 500mg,0407010H0AAAMAM,2,-0.003999999999999976
84,C84001,Paracet_Tab 500mg,0407010H0AAAMAM,1,-0.003999999999999976
85,C84001,Paracet_Tab 500mg,0407010H0AAAMAM,2,-0.003999999999999976
160,C84094,Atorvastatin_Tab 20mg,0212000B0AAABAB,1,-0.004199999999999995
86,C84001,Paracet_Tab 500mg,0407010H0AAAMAM,1,-0.004799999999999971
87,C84001,Paracet_Tab 500mg,0407010H0AAAMAM,1,-0.004799999999999971
88,C84024,Paracet_Tab 500mg,0407010H0AAAMAM,1,-0.005599999999999966
233,C84692,Pregabalin_Cap 50mg,0408010AEAAABAB,2,-0.005599999999999966
89,C84024,Paracet_Tab 500mg,0407010H0AAAMAM,1,-0.005599999999999966
234,C84692,Pregabalin_Cap 50mg,0408010AEAAABAB,2,-0.00560000000000016
235,Y05346,Pregabalin_Cap 50mg,0408010AEAAABAB,2,-0.00560000000000016
236,C84013,Pregabalin_Cap 50mg,0408010AEAAABAB,2,-0.00560000000000016
91,C84094,Paracet_Tab 500mg,0407010H0AAAMAM,4,-0.007999999999999952
90,C84094,Paracet_Tab 500mg,0407010H0AAAMAM,4,-0.007999999999999952
93,C84008,Paracet_Tab 500mg,0407010H0AAAMAM,2,-0.011199999999999932
92,C84008,Paracet_Tab 500mg,0407010H0AAAMAM,2,-0.011199999999999932
237,C84024,Pregabalin_Cap 50mg,0408010AEAAABAB,5,-0.014000000000000401
238,C84001,Pregabalin_Cap 50mg,0408010AEAAABAB,5,-0.014000000000000401
239,C84094,Pregabalin_Cap 50mg,0408010AEAAABAB,7,-0.01960000000000056
94,C84001,Paracet_Tab 500mg,0407010H0AAAMAM,17,-0.09519999999999942
95,C84001,Paracet_Tab 500mg,0407010H0AAAMAM,17,-0.09519999999999942
97,C84013,Paracet_Tab 500mg,0407010H0AAAMAM,39,-0.7799999999999953
96,C84013,Paracet_Tab 500mg,0407010H0AAAMAM,39,-0.7799999999999953
