,practice_code,bnf_description,bnf_code,items,excess_cost
0,P81010,Amiodarone HCl_Tab 200mg,0203020D0AAABAB,5,1.7500000000000016
1,P81010,Clonazepam_Tab 500mcg,0408010F0AAABAB,4,1.898399999999996
2,P81010,Mesalazine_Tab E/C 400mg,0105010B0AAAAAA,1,23.956799999999998
3,P81010,Mesalazine_Tab E/C 800mg,0105010B0AAASAS,1,17.219999999999995
4,P81033,Amiodarone HCl_Tab 200mg,0203020D0AAABAB,7,2.279200000000002
5,P81033,Clonazepam_Tab 500mcg,0408010F0AAABAB,8,3.480399999999993
6,P81033,Co-Codamol_Cap 8mg/500mg,0407010F0AAABAB,2,0.7168000000000081
7,P81033,Mesalazine_Tab E/C 400mg,0105010B0AAAAAA,1,23.956799999999998
8,P81033,Mesalazine_Tab E/C 800mg,0105010B0AAASAS,5,40.17999999999999
9,P81033,Methocarbamol_Tab 750mg,1002020S0AAABAB,1,0.4299999999999998
10,P81038,Amiodarone HCl_Tab 200mg,0203020D0AAABAB,6,2.8000000000000025
11,P81038,Buprenorphine_Tab Subling 400mcg S/F,0410030A0AAACAC,2,1.1424
12,P81038,Clonazepam_Tab 500mcg,0408010F0AAABAB,11,9.695399999999982
13,P81038,Co-Codamol_Cap 8mg/500mg,0407010F0AAABAB,2,0.38400000000000434
14,P81038,Mesalazine_Tab E/C 400mg,0105010B0AAAAAA,2,47.913599999999995
15,P81038,Mesalazine_Tab E/C 800mg,0105010B0AAASAS,1,17.219999999999995
16,P81038,Tetrabenazine_Tab 25mg,0409030C0AAAAAA,1,2.498999999999997
17,P81044,Amiodarone HCl_Tab 200mg,0203020D0AAABAB,9,3.150000000000003
18,P81044,Buprenorphine_Tab Subling 400mcg S/F,0410030A0AAACAC,4,1.8663999999999992
19,P81044,Clonazepam_Tab 500mcg,0408010F0AAABAB,17,10.12479999999998
20,P81044,Co-Codamol_Cap 8mg/500mg,0407010F0AAABAB,2,0.3200000000000036
21,P81044,Mesalazine_Tab E/C 400mg,0105010B0AAAAAA,1,-23.956799999999998
22,P81044,Mesalazine_Tab E/C 800mg,0105010B0AAASAS,1,17.219999999999995
23,P81044,Methocarbamol_Tab 750mg,1002020S0AAABAB,9,4.325200000000002
24,P81044,Pyridox HCl_Tab 50mg,0906024N0AAAIAI,2,2.8728000000000007
25,P81057,Amiodarone HCl_Tab 200mg,0203020D0AAABAB,9,3.150000000000003
26,P81057,Buprenorphine_Tab Subling 400mcg S/F,0410030A0AAACAC,1,1.36
27,P81057,Clonazepam_Tab 500mcg,0408010F0AAABAB,13,7.141599999999985
28,P81057,Co-Codamol_Cap 8mg/500mg,0407010F0AAABAB,6,0.7680000000000087
29,P81057,Topiramate_Tab 200mg,040801050AAACAC,1,2.489999999999999
30,P81062,Amiodarone HCl_Tab 200mg,0203020D0AAABAB,6,2.100000000000002
31,P81062,Buprenorphine_Tab Subling 400mcg S/F,0410030A0AAACAC,9,10.5264
32,P81062,Clonazepam_Tab 500mcg,0408010F0AAABAB,13,6.327999999999987
33,P81062,Co-Codamol_Cap 8mg/500mg,0407010F0AAABAB,4,0.9600000000000108
34,P81062,Mesalazine_Tab E/C 400mg,0105010B0AAAAAA,3,51.33599999999999
35,P81062,Methocarbamol_Tab 750mg,1002020S0AAABAB,1,0.36960000000000126
36,P81062,Topiramate_Tab 200mg,040801050AAACAC,2,2.3295999999999983
37,P81076,Amiodarone HCl_Tab 200mg,0203020D0AAABAB,9,3.500000000000003
38,P81076,Buprenorphine_Tab Subling 400mcg S/F,0410030A0AAACAC,2,2.6656000000000004
39,P81076,Clonazepam_Tab 500mcg,0408010F0AAABAB,11,7.774399999999984
40,P81076,Mesalazine_Tab E/C 800mg,0105010B0AAASAS,1,-34.43999999999999
41,P81082,Amiodarone HCl_Tab 200mg,0203020D0AAABAB,6,2.100000000000002
42,P81082,Clonazepam_Tab 500mcg,0408010F0AAABAB,16,7.292999999999986
43,P81082,Co-Codamol_Cap 8mg/500mg,0407010F0AAABAB,6,0.810000000000008
44,P81082,Mesalazine_Tab E/C 400mg,0105010B0AAAAAA,5,42.185599999999994
45,P81082,Mesalazine_Tab E/C 800mg,0105010B0AAASAS,2,68.87999999999998
46,P81082,Methocarbamol_Tab 750mg,1002020S0AAABAB,3,1.2899999999999996
47,P81082,Pyridox HCl_Tab 50mg,0906024N0AAAIAI,2,4.309200000000001
48,P81082,Tetrabenazine_Tab 25mg,0409030C0AAAAAA,1,2.998799999999996
49,P81083,Amiodarone HCl_Tab 200mg,0203020D0AAABAB,4,1.4000000000000012
50,P81083,Clonazepam_Tab 500mcg,0408010F0AAABAB,6,3.231799999999993
51,P81083,Co-Codamol_Cap 8mg/500mg,0407010F0AAABAB,2,0.6400000000000072
52,P81083,Tetrabenazine_Tab 25mg,0409030C0AAAAAA,1,0.49979999999999936
53,P81117,Amiodarone HCl_Tab 200mg,0203020D0AAABAB,2,0.7000000000000006
54,P81117,Clonazepam_Tab 500mcg,0408010F0AAABAB,6,0.949199999999998
55,P81117,Co-Codamol_Cap 8mg/500mg,0407010F0AAABAB,2,0.7168000000000081
56,P81117,Methocarbamol_Tab 750mg,1002020S0AAABAB,5,0.6300000000000006
57,P81127,Amiodarone HCl_Tab 200mg,0203020D0AAABAB,2,0.7000000000000006
58,P81127,Clonazepam_Tab 500mcg,0408010F0AAABAB,6,4.429599999999991
59,P81127,Tetrabenazine_Tab 25mg,0409030C0AAAAAA,2,2.998799999999996
60,P81143,Amiodarone HCl_Tab 200mg,0203020D0AAABAB,8,2.0888000000000018
61,P81143,Clonazepam_Tab 500mcg,0408010F0AAABAB,25,11.254799999999975
62,P81143,Co-Codamol_Cap 8mg/500mg,0407010F0AAABAB,2,0.19200000000000217
63,P81143,Mesalazine_Tab E/C 400mg,0105010B0AAAAAA,2,23.956799999999998
64,P81143,Pyridox HCl_Tab 50mg,0906024N0AAAIAI,3,3.1122000000000005
65,P81154,Amiodarone HCl_Tab 200mg,0203020D0AAABAB,6,2.100000000000002
66,P81154,Buprenorphine_Tab Subling 400mcg S/F,0410030A0AAACAC,1,2.2848
67,P81154,Clonazepam_Tab 500mcg,0408010F0AAABAB,6,3.1639999999999935
68,P81154,Mesalazine_Tab E/C 400mg,0105010B0AAAAAA,4,1.0658141036401503e-14
69,P81154,Mesalazine_Tab E/C 800mg,0105010B0AAASAS,2,-19.679999999999996
70,P81154,Pyridox HCl_Tab 50mg,0906024N0AAAIAI,1,1.4364000000000003
71,P81154,Tetrabenazine_Tab 25mg,0409030C0AAAAAA,2,2.998799999999996
72,P81171,Amiodarone HCl_Tab 200mg,0203020D0AAABAB,2,1.050000000000001
73,P81171,Clonazepam_Tab 500mcg,0408010F0AAABAB,2,1.5819999999999967
74,P81171,Mesalazine_Tab E/C 400mg,0105010B0AAAAAA,1,-25.667999999999996
75,P81173,Amiodarone HCl_Tab 200mg,0203020D0AAABAB,2,1.4000000000000012
76,P81173,Clonazepam_Tab 500mcg,0408010F0AAABAB,1,0.31639999999999935
77,P81180,Amiodarone HCl_Tab 200mg,0203020D0AAABAB,6,1.0388000000000006
78,P81180,Clonazepam_Tab 500mcg,0408010F0AAABAB,11,5.26579999999999
79,P81180,Mesalazine_Tab E/C 400mg,0105010B0AAAAAA,1,11.978399999999999
80,P81180,Pyridox HCl_Tab 50mg,0906024N0AAAIAI,9,4.309200000000001
81,P81180,Topiramate_Tab 200mg,040801050AAACAC,1,2.489999999999999
82,P81181,Amiodarone HCl_Tab 200mg,0203020D0AAABAB,1,0.3500000000000003
83,P81181,Clonazepam_Tab 500mcg,0408010F0AAABAB,5,3.005799999999994
84,P81181,Mesalazine_Tab E/C 800mg,0105010B0AAASAS,1,34.43999999999999
85,P81186,Amiodarone HCl_Tab 200mg,0203020D0AAABAB,5,1.0388000000000006
86,P81186,Clonazepam_Tab 500mcg,0408010F0AAABAB,12,6.034199999999988
87,P81186,Co-Codamol_Cap 8mg/500mg,0407010F0AAABAB,4,0.6400000000000072
88,P81186,Mesalazine_Tab E/C 400mg,0105010B0AAAAAA,1,47.913599999999995
89,P81642,Amiodarone HCl_Tab 200mg,0203020D0AAABAB,2,1.050000000000001
90,P81642,Clonazepam_Tab 500mcg,0408010F0AAABAB,8,2.531199999999995
91,P81655,Amiodarone HCl_Tab 200mg,0203020D0AAABAB,3,1.050000000000001
92,P81655,Clonazepam_Tab 500mcg,0408010F0AAABAB,11,9.175599999999982
93,P81655,Co-Codamol_Cap 8mg/500mg,0407010F0AAABAB,2,0.3200000000000036
94,P81655,Mesalazine_Tab E/C 400mg,0105010B0AAAAAA,2,15.971199999999998
95,P81687,Clonazepam_Tab 500mcg,0408010F0AAABAB,1,0.31639999999999935
96,P81687,Tetrabenazine_Tab 25mg,0409030C0AAAAAA,1,0.9995999999999987
97,P81689,Amiodarone HCl_Tab 200mg,0203020D0AAABAB,3,1.4625000000000012
98,P81689,Clonazepam_Tab 500mcg,0408010F0AAABAB,1,0.31639999999999935
99,P81689,Mesalazine_Tab E/C 400mg,0105010B0AAAAAA,1,23.956799999999998
100,P81692,Amiodarone HCl_Tab 200mg,0203020D0AAABAB,1,0.3500000000000003
101,P81692,Clonazepam_Tab 500mcg,0408010F0AAABAB,2,0.6327999999999987
102,P81692,Co-Codamol_Cap 8mg/500mg,0407010F0AAABAB,6,0.9600000000000108
103,P81692,Mesalazine_Tab E/C 400mg,0105010B0AAAAAA,1,-17.112
104,P81692,Mesalazine_Tab E/C 800mg,0105010B0AAASAS,1,-22.959999999999994
105,P81692,Methocarbamol_Tab 750mg,1002020S0AAABAB,2,0.48039999999999994
106,P81701,Amiodarone HCl_Tab 200mg,0203020D0AAABAB,3,1.050000000000001
107,P81701,Clonazepam_Tab 500mcg,0408010F0AAABAB,6,2.2755999999999954
108,P81740,Amiodarone HCl_Tab 200mg,0203020D0AAABAB,1,0.3500000000000003
109,P81740,Mesalazine_Tab E/C 400mg,0105010B0AAAAAA,1,-34.224
110,P81741,Amiodarone HCl_Tab 200mg,0203020D0AAABAB,4,0.4333000000000001
111,P81741,Buprenorphine_Tab Subling 400mcg S/F,0410030A0AAACAC,3,3.0464
112,P81741,Co-Codamol_Cap 8mg/500mg,0407010F0AAABAB,2,0.10240000000000116
113,P81741,Methocarbamol_Tab 750mg,1002020S0AAABAB,3,1.281200000000001
114,P81769,Clonazepam_Tab 500mcg,0408010F0AAABAB,1,0.3389999999999993
115,P81769,Co-Codamol_Cap 8mg/500mg,0407010F0AAABAB,2,0.3200000000000036
116,Y00347,Amiodarone HCl_Tab 200mg,0203020D0AAABAB,3,1.050000000000001
117,Y00347,Buprenorphine_Tab Subling 400mcg S/F,0410030A0AAACAC,2,2.5024
118,Y00347,Clonazepam_Tab 500mcg,0408010F0AAABAB,3,1.423799999999997
119,Y00347,Co-Codamol_Cap 8mg/500mg,0407010F0AAABAB,4,0.6400000000000072
120,Y00347,Mesalazine_Tab E/C 800mg,0105010B0AAASAS,1,36.89999999999999
121,Y00347,Tetrabenazine_Tab 25mg,0409030C0AAAAAA,1,1.499399999999998
122,Y02466,Buprenorphine_Tab Subling 400mcg S/F,0410030A0AAACAC,2,9.1392
123,Y02466,Clonazepam_Tab 500mcg,0408010F0AAABAB,18,12.814199999999975
124,Y02466,Co-Codamol_Cap 8mg/500mg,0407010F0AAABAB,2,0.3200000000000036
125,Y02466,Mesalazine_Tab E/C 400mg,0105010B0AAAAAA,1,35.935199999999995
126,Y02466,Methocarbamol_Tab 750mg,1002020S0AAABAB,2,0.2520000000000002
127,Y02466,Tetrabenazine_Tab 25mg,0409030C0AAAAAA,1,0.9995999999999987
128,Y03656,Amiodarone HCl_Tab 200mg,0203020D0AAABAB,2,1.050000000000001
129,Y03656,Clonazepam_Tab 500mcg,0408010F0AAABAB,6,3.0057999999999936
