,practice_code,bnf_description,bnf_code,items,excess_cost
356,Y01108,Clindamycin HCl_Cap 150mg,0501060D0AAABAB,1,190.36799999999997
360,N81007,Amisulpride_Tab 400mg,0402010A0AAAEAE,2,181.98000000000002
235,N81020,Memantine HCl_Tab 20mg,0411000G0AAADAD,29,127.8088
206,N81028,Atorvastatin_Tab 10mg,0212000B0AAAAAA,54,116.12159999999999
284,N81089,Pregabalin_Cap 50mg,0408010AEAAABAB,3,114.1392
243,N81108,Pregabalin_Cap 150mg,0408010AEAAAEAE,16,113.07520000000001
350,N81089,Pregabalin_Cap 300mg,0408010AEAAAGAG,21,112.19039999999998
207,N81059,Atorvastatin_Tab 10mg,0212000B0AAAAAA,117,104.50439999999999
184,N81089,Atorvastatin_Tab 20mg,0212000B0AAABAB,95,90.44000000000001
185,N81114,Atorvastatin_Tab 20mg,0212000B0AAABAB,92,90.16000000000001
285,Y01108,Pregabalin_Cap 50mg,0408010AEAAABAB,2,85.6128
186,N81122,Atorvastatin_Tab 20mg,0212000B0AAABAB,139,67.72080000000003
236,N81014,Memantine HCl_Tab 20mg,0411000G0AAADAD,5,63.896
237,N81036,Memantine HCl_Tab 20mg,0411000G0AAADAD,5,63.896
238,N81007,Memantine HCl_Tab 20mg,0411000G0AAADAD,6,63.89039999999999
239,N81012,Memantine HCl_Tab 20mg,0411000G0AAADAD,6,63.89039999999999
244,N81628,Pregabalin_Cap 150mg,0408010AEAAAEAE,19,59.7968
286,N81007,Pregabalin_Cap 50mg,0408010AEAAABAB,16,57.1648
245,N81089,Pregabalin_Cap 150mg,0408010AEAAAEAE,20,56.56000000000002
351,N81012,Pregabalin_Cap 300mg,0408010AEAAAGAG,18,56.1456
352,N81020,Pregabalin_Cap 300mg,0408010AEAAAGAG,7,56.095200000000006
336,N81020,Montelukast_Tab 10mg,0303020G0AAABAB,15,48.76199999999999
208,N81028,Atorvastatin_Tab 10mg,0212000B0AAAAAA,84,46.569599999999994
187,N81059,Atorvastatin_Tab 20mg,0212000B0AAABAB,314,45.71840000000003
188,N81020,Atorvastatin_Tab 20mg,0212000B0AAABAB,195,45.31800000000001
189,N81059,Atorvastatin_Tab 20mg,0212000B0AAABAB,24,45.15840000000001
190,Y04925,Atorvastatin_Tab 20mg,0212000B0AAABAB,13,45.063199999999995
1,N81089,Paracet_Tab 500mg,0407010H0AAAMAM,42,44.21759999999999
0,N81089,Paracet_Tab 500mg,0407010H0AAAMAM,42,44.21759999999999
337,N81114,Montelukast_Tab 10mg,0303020G0AAABAB,6,36.5988
2,N81089,Paracet_Tab 500mg,0407010H0AAAMAM,91,35.49000000000001
3,N81089,Paracet_Tab 500mg,0407010H0AAAMAM,91,35.49000000000001
209,N81036,Atorvastatin_Tab 10mg,0212000B0AAAAAA,1,34.918800000000005
210,N81020,Atorvastatin_Tab 10mg,0212000B0AAAAAA,46,34.9048
4,N81020,Paracet_Tab 500mg,0407010H0AAAMAM,94,33.68960000000001
5,N81020,Paracet_Tab 500mg,0407010H0AAAMAM,94,33.68960000000001
6,N81059,Paracet_Tab 500mg,0407010H0AAAMAM,68,30.464000000000027
7,N81059,Paracet_Tab 500mg,0407010H0AAAMAM,68,30.464000000000027
8,N81036,Paracet_Tab 500mg,0407010H0AAAMAM,44,30.36
9,N81036,Paracet_Tab 500mg,0407010H0AAAMAM,44,30.36
10,N81020,Paracet_Tab 500mg,0407010H0AAAMAM,30,30.000000000000007
11,N81020,Paracet_Tab 500mg,0407010H0AAAMAM,30,30.000000000000007
246,Y01108,Pregabalin_Cap 150mg,0408010AEAAAEAE,1,28.2744
338,N81059,Montelukast_Tab 10mg,0303020G0AAABAB,40,24.416000000000007
339,N81083,Montelukast_Tab 10mg,0303020G0AAABAB,22,24.393600000000003
340,Y01108,Montelukast_Tab 10mg,0303020G0AAABAB,3,24.376800000000003
341,N81114,Montelukast_Tab 10mg,0303020G0AAABAB,34,24.371200000000005
342,N81028,Montelukast_Tab 10mg,0303020G0AAABAB,16,24.371199999999998
343,N81089,Montelukast_Tab 10mg,0303020G0AAABAB,53,24.3376
211,N81628,Atorvastatin_Tab 10mg,0212000B0AAAAAA,54,23.284800000000008
212,N81114,Atorvastatin_Tab 10mg,0212000B0AAAAAA,36,23.284800000000004
213,Y04925,Atorvastatin_Tab 10mg,0212000B0AAAAAA,15,23.268
214,N81059,Atorvastatin_Tab 10mg,0212000B0AAAAAA,7,23.2456
215,N81007,Atorvastatin_Tab 10mg,0212000B0AAAAAA,29,23.223200000000002
12,N81007,Paracet_Tab 500mg,0407010H0AAAMAM,88,22.880000000000013
13,N81007,Paracet_Tab 500mg,0407010H0AAAMAM,88,22.880000000000013
191,N81114,Atorvastatin_Tab 20mg,0212000B0AAABAB,154,22.853600000000025
192,N81007,Atorvastatin_Tab 20mg,0212000B0AAABAB,239,22.7528
193,N81083,Atorvastatin_Tab 20mg,0212000B0AAABAB,89,22.67720000000001
194,N81065,Atorvastatin_Tab 20mg,0212000B0AAABAB,96,22.579200000000014
195,N81014,Atorvastatin_Tab 20mg,0212000B0AAABAB,126,22.57920000000001
196,N81628,Atorvastatin_Tab 20mg,0212000B0AAABAB,122,22.545600000000007
197,N81645,Atorvastatin_Tab 20mg,0212000B0AAABAB,83,22.5428
198,N81028,Atorvastatin_Tab 20mg,0212000B0AAABAB,46,22.540000000000003
199,Y04925,Atorvastatin_Tab 20mg,0212000B0AAABAB,23,22.540000000000003
15,N81645,Paracet_Tab 500mg,0407010H0AAAMAM,11,20.24
14,N81645,Paracet_Tab 500mg,0407010H0AAAMAM,11,20.24
17,N81036,Paracet_Tab 500mg,0407010H0AAAMAM,8,20.16
16,N81036,Paracet_Tab 500mg,0407010H0AAAMAM,8,20.16
18,N81114,Paracet_Tab 500mg,0407010H0AAAMAM,39,19.219200000000004
19,N81114,Paracet_Tab 500mg,0407010H0AAAMAM,39,19.219200000000004
21,N81114,Paracet_Tab 500mg,0407010H0AAAMAM,1,16.9344
20,N81114,Paracet_Tab 500mg,0407010H0AAAMAM,1,16.9344
22,N81020,Paracet_Tab 500mg,0407010H0AAAMAM,142,15.620000000000005
23,N81020,Paracet_Tab 500mg,0407010H0AAAMAM,142,15.620000000000005
344,N81036,Montelukast_Tab 10mg,0303020G0AAABAB,1,12.1898
216,N81014,Atorvastatin_Tab 10mg,0212000B0AAAAAA,55,12.166000000000006
24,N81012,Paracet_Tab 500mg,0407010H0AAAMAM,52,11.959999999999999
25,N81012,Paracet_Tab 500mg,0407010H0AAAMAM,52,11.959999999999999
217,Y04925,Atorvastatin_Tab 10mg,0212000B0AAAAAA,24,11.625600000000002
218,N81109,Atorvastatin_Tab 10mg,0212000B0AAAAAA,17,11.6144
26,N81122,Paracet_Tab 500mg,0407010H0AAAMAM,16,11.468800000000005
27,N81122,Paracet_Tab 500mg,0407010H0AAAMAM,16,11.468800000000005
28,N81059,Paracet_Tab 500mg,0407010H0AAAMAM,13,11.356800000000002
29,N81059,Paracet_Tab 500mg,0407010H0AAAMAM,13,11.356800000000002
31,N81014,Paracet_Tab 500mg,0407010H0AAAMAM,74,10.360000000000014
30,N81014,Paracet_Tab 500mg,0407010H0AAAMAM,74,10.360000000000014
33,N81065,Paracet_Tab 500mg,0407010H0AAAMAM,68,10.20000000000001
32,N81065,Paracet_Tab 500mg,0407010H0AAAMAM,68,10.20000000000001
35,N81108,Paracet_Tab 500mg,0407010H0AAAMAM,15,10.200000000000001
34,N81108,Paracet_Tab 500mg,0407010H0AAAMAM,15,10.200000000000001
36,N81041,Paracet_Tab 500mg,0407010H0AAAMAM,77,10.009999999999993
37,N81041,Paracet_Tab 500mg,0407010H0AAAMAM,77,10.009999999999993
39,N81059,Paracet_Tab 500mg,0407010H0AAAMAM,99,9.90000000000001
41,N81041,Paracet_Tab 500mg,0407010H0AAAMAM,33,9.90000000000001
38,N81041,Paracet_Tab 500mg,0407010H0AAAMAM,33,9.90000000000001
40,N81059,Paracet_Tab 500mg,0407010H0AAAMAM,99,9.90000000000001
42,N81014,Paracet_Tab 500mg,0407010H0AAAMAM,26,9.880000000000013
43,N81014,Paracet_Tab 500mg,0407010H0AAAMAM,26,9.880000000000013
45,N81628,Paracet_Tab 500mg,0407010H0AAAMAM,22,9.240000000000006
44,N81628,Paracet_Tab 500mg,0407010H0AAAMAM,22,9.240000000000006
47,N81089,Paracet_Tab 500mg,0407010H0AAAMAM,22,8.800000000000008
46,N81089,Paracet_Tab 500mg,0407010H0AAAMAM,22,8.800000000000008
49,Y01108,Paracet_Tab 500mg,0407010H0AAAMAM,1,8.4672
48,Y01108,Paracet_Tab 500mg,0407010H0AAAMAM,1,8.4672
51,Y01108,Paracet_Tab 500mg,0407010H0AAAMAM,25,7.499999999999998
50,Y01108,Paracet_Tab 500mg,0407010H0AAAMAM,25,7.499999999999998
53,N81041,Paracet_Tab 500mg,0407010H0AAAMAM,1,6.2496
52,N81041,Paracet_Tab 500mg,0407010H0AAAMAM,1,6.2496
345,N81036,Montelukast_Tab 10mg,0303020G0AAABAB,2,6.0998
54,N81114,Paracet_Tab 500mg,0407010H0AAAMAM,78,5.459999999999994
55,N81114,Paracet_Tab 500mg,0407010H0AAAMAM,78,5.459999999999994
56,N81122,Paracet_Tab 500mg,0407010H0AAAMAM,72,5.039999999999995
57,N81122,Paracet_Tab 500mg,0407010H0AAAMAM,72,5.039999999999995
58,N81645,Paracet_Tab 500mg,0407010H0AAAMAM,25,5.000000000000004
59,N81645,Paracet_Tab 500mg,0407010H0AAAMAM,25,5.000000000000004
60,N81012,Paracet_Tab 500mg,0407010H0AAAMAM,28,4.480000000000012
61,N81012,Paracet_Tab 500mg,0407010H0AAAMAM,28,4.480000000000012
62,N81108,Paracet_Tab 500mg,0407010H0AAAMAM,87,4.350000000000004
63,N81108,Paracet_Tab 500mg,0407010H0AAAMAM,87,4.350000000000004
65,N81028,Paracet_Tab 500mg,0407010H0AAAMAM,2,3.0240000000000005
64,N81028,Paracet_Tab 500mg,0407010H0AAAMAM,2,3.0240000000000005
67,N81628,Paracet_Tab 500mg,0407010H0AAAMAM,50,2.500000000000002
66,N81628,Paracet_Tab 500mg,0407010H0AAAMAM,50,2.500000000000002
346,Y04925,Montelukast_Tab 10mg,0303020G0AAABAB,5,0.9940000000000003
361,N81056,Amisulpride_Tab 400mg,0402010A0AAAEAE,2,0.9632000000000058
362,N81628,Amisulpride_Tab 400mg,0402010A0AAAEAE,1,0.7224000000000044
69,Y01108,Paracet_Tab 500mg,0407010H0AAAMAM,6,0.5376000000000014
68,Y01108,Paracet_Tab 500mg,0407010H0AAAMAM,6,0.5376000000000014
363,N81628,Amisulpride_Tab 400mg,0402010A0AAAEAE,1,0.5220000000000025
364,N81036,Amisulpride_Tab 400mg,0402010A0AAAEAE,1,0.5220000000000025
365,N81075,Amisulpride_Tab 400mg,0402010A0AAAEAE,1,0.5220000000000025
366,N81048,Amisulpride_Tab 400mg,0402010A0AAAEAE,1,0.4816000000000029
71,N81020,Paracet_Tab 500mg,0407010H0AAAMAM,1,0.26879999999999993
70,N81020,Paracet_Tab 500mg,0407010H0AAAMAM,1,0.26879999999999993
72,N81028,Paracet_Tab 500mg,0407010H0AAAMAM,12,0.2687999999999984
73,N81028,Paracet_Tab 500mg,0407010H0AAAMAM,12,0.2687999999999984
367,N81048,Amisulpride_Tab 400mg,0402010A0AAAEAE,1,0.24080000000000146
74,N81048,Paracet_Tab 500mg,0407010H0AAAMAM,31,0.1859999999999989
75,N81048,Paracet_Tab 500mg,0407010H0AAAMAM,31,0.1859999999999989
369,N81048,Amisulpride_Tab 400mg,0402010A0AAAEAE,1,0.12040000000000073
368,N81628,Amisulpride_Tab 400mg,0402010A0AAAEAE,1,0.12040000000000073
287,N81041,Pregabalin_Cap 50mg,0408010AEAAABAB,20,0.11200000000000321
288,N81020,Pregabalin_Cap 50mg,0408010AEAAABAB,16,0.08960000000000257
289,N81089,Pregabalin_Cap 50mg,0408010AEAAABAB,14,0.07840000000000225
290,N81108,Pregabalin_Cap 50mg,0408010AEAAABAB,12,0.06720000000000192
76,N81108,Paracet_Tab 500mg,0407010H0AAAMAM,1,0.06719999999999993
77,N81108,Paracet_Tab 500mg,0407010H0AAAMAM,1,0.06719999999999993
247,N81089,Pregabalin_Cap 150mg,0408010AEAAAEAE,11,0.061600000000001764
291,N81059,Pregabalin_Cap 50mg,0408010AEAAABAB,11,0.061600000000001764
79,N81075,Paracet_Tab 500mg,0407010H0AAAMAM,8,0.04799999999999971
78,N81075,Paracet_Tab 500mg,0407010H0AAAMAM,8,0.04799999999999971
292,Y01108,Pregabalin_Cap 50mg,0408010AEAAABAB,8,0.04480000000000128
81,N81007,Paracet_Tab 500mg,0407010H0AAAMAM,7,0.041999999999999746
80,N81007,Paracet_Tab 500mg,0407010H0AAAMAM,7,0.041999999999999746
219,N81075,Atorvastatin_Tab 10mg,0212000B0AAAAAA,19,0.03990000000000022
294,N81048,Pregabalin_Cap 50mg,0408010AEAAABAB,7,0.03920000000000112
293,N81628,Pregabalin_Cap 50mg,0408010AEAAABAB,7,0.03920000000000112
82,N81075,Paracet_Tab 500mg,0407010H0AAAMAM,9,0.03779999999999977
83,N81075,Paracet_Tab 500mg,0407010H0AAAMAM,9,0.03779999999999977
84,N81645,Paracet_Tab 500mg,0407010H0AAAMAM,6,0.03599999999999978
85,N81645,Paracet_Tab 500mg,0407010H0AAAMAM,6,0.03599999999999978
220,N81083,Atorvastatin_Tab 10mg,0212000B0AAAAAA,17,0.0357000000000002
295,N81036,Pregabalin_Cap 50mg,0408010AEAAABAB,6,0.03360000000000096
248,N81065,Pregabalin_Cap 150mg,0408010AEAAAEAE,6,0.03360000000000096
249,N81028,Pregabalin_Cap 150mg,0408010AEAAAEAE,6,0.03360000000000096
87,N81065,Paracet_Tab 500mg,0407010H0AAAMAM,5,0.02999999999999982
86,N81065,Paracet_Tab 500mg,0407010H0AAAMAM,5,0.02999999999999982
251,N81628,Pregabalin_Cap 150mg,0408010AEAAAEAE,5,0.028000000000000802
252,N81007,Pregabalin_Cap 150mg,0408010AEAAAEAE,5,0.028000000000000802
296,N81075,Pregabalin_Cap 50mg,0408010AEAAABAB,5,0.028000000000000802
250,N81059,Pregabalin_Cap 150mg,0408010AEAAAEAE,5,0.028000000000000802
297,N81065,Pregabalin_Cap 50mg,0408010AEAAABAB,5,0.028000000000000802
221,N81628,Atorvastatin_Tab 10mg,0212000B0AAAAAA,13,0.02730000000000015
88,N81075,Paracet_Tab 500mg,0407010H0AAAMAM,9,0.025199999999999848
89,N81075,Paracet_Tab 500mg,0407010H0AAAMAM,9,0.025199999999999848
353,N81122,Pregabalin_Cap 300mg,0408010AEAAAGAG,5,0.02449999999999973
253,N81056,Pregabalin_Cap 150mg,0408010AEAAAEAE,8,0.02240000000000064
301,N81083,Pregabalin_Cap 50mg,0408010AEAAABAB,4,0.02240000000000064
300,N81014,Pregabalin_Cap 50mg,0408010AEAAABAB,4,0.02240000000000064
298,N81012,Pregabalin_Cap 50mg,0408010AEAAABAB,4,0.02240000000000064
254,N81122,Pregabalin_Cap 150mg,0408010AEAAAEAE,4,0.02240000000000064
299,N81109,Pregabalin_Cap 50mg,0408010AEAAABAB,4,0.02240000000000064
255,N81097,Pregabalin_Cap 150mg,0408010AEAAAEAE,5,0.0210000000000006
222,N81028,Atorvastatin_Tab 10mg,0212000B0AAAAAA,10,0.021000000000000116
91,N81107,Paracet_Tab 500mg,0407010H0AAAMAM,5,0.020999999999999873
90,N81107,Paracet_Tab 500mg,0407010H0AAAMAM,5,0.020999999999999873
303,N81036,Pregabalin_Cap 50mg,0408010AEAAABAB,5,0.02099999999999963
304,N81012,Pregabalin_Cap 50mg,0408010AEAAABAB,5,0.02099999999999963
302,N81041,Pregabalin_Cap 50mg,0408010AEAAABAB,5,0.02099999999999963
355,N81083,Pregabalin_Cap 300mg,0408010AEAAAGAG,4,0.019599999999999784
354,N81056,Pregabalin_Cap 300mg,0408010AEAAAGAG,4,0.019599999999999784
259,N81014,Pregabalin_Cap 150mg,0408010AEAAAEAE,3,0.01680000000000048
258,N81114,Pregabalin_Cap 150mg,0408010AEAAAEAE,3,0.01680000000000048
262,N81628,Pregabalin_Cap 150mg,0408010AEAAAEAE,6,0.01680000000000048
261,N81056,Pregabalin_Cap 150mg,0408010AEAAAEAE,3,0.01680000000000048
260,N81041,Pregabalin_Cap 150mg,0408010AEAAAEAE,3,0.01680000000000048
306,N81056,Pregabalin_Cap 50mg,0408010AEAAABAB,3,0.01680000000000048
256,N81012,Pregabalin_Cap 150mg,0408010AEAAAEAE,3,0.01680000000000048
305,N81028,Pregabalin_Cap 50mg,0408010AEAAABAB,3,0.01680000000000048
257,N81020,Pregabalin_Cap 150mg,0408010AEAAAEAE,3,0.01680000000000048
223,N81089,Atorvastatin_Tab 10mg,0212000B0AAAAAA,8,0.016800000000000093
307,N81075,Pregabalin_Cap 50mg,0408010AEAAABAB,4,0.016799999999999704
92,N81089,Paracet_Tab 500mg,0407010H0AAAMAM,5,0.013999999999999915
93,N81089,Paracet_Tab 500mg,0407010H0AAAMAM,5,0.013999999999999915
94,N81059,Paracet_Tab 500mg,0407010H0AAAMAM,2,0.011999999999999927
95,N81097,Paracet_Tab 500mg,0407010H0AAAMAM,2,0.011999999999999927
96,N81059,Paracet_Tab 500mg,0407010H0AAAMAM,2,0.011999999999999927
97,N81097,Paracet_Tab 500mg,0407010H0AAAMAM,2,0.011999999999999927
263,N81083,Pregabalin_Cap 150mg,0408010AEAAAEAE,2,0.01120000000000032
264,N81075,Pregabalin_Cap 150mg,0408010AEAAAEAE,2,0.01120000000000032
265,N81089,Pregabalin_Cap 150mg,0408010AEAAAEAE,4,0.01120000000000032
267,Y04925,Pregabalin_Cap 150mg,0408010AEAAAEAE,2,0.01120000000000032
268,N81048,Pregabalin_Cap 150mg,0408010AEAAAEAE,2,0.01120000000000032
269,N81083,Pregabalin_Cap 150mg,0408010AEAAAEAE,4,0.01120000000000032
270,N81048,Pregabalin_Cap 150mg,0408010AEAAAEAE,4,0.01120000000000032
271,N81036,Pregabalin_Cap 150mg,0408010AEAAAEAE,4,0.01120000000000032
266,N81020,Pregabalin_Cap 150mg,0408010AEAAAEAE,4,0.01120000000000032
308,N81107,Pregabalin_Cap 50mg,0408010AEAAABAB,2,0.01120000000000032
309,Y04925,Pregabalin_Cap 50mg,0408010AEAAABAB,2,0.01120000000000032
311,N81122,Pregabalin_Cap 50mg,0408010AEAAABAB,2,0.01120000000000032
310,N81114,Pregabalin_Cap 50mg,0408010AEAAABAB,2,0.01120000000000032
99,N81637,Paracet_Tab 500mg,0407010H0AAAMAM,4,0.011199999999999932
98,N81637,Paracet_Tab 500mg,0407010H0AAAMAM,4,0.011199999999999932
240,N81041,Memantine HCl_Tab 20mg,0411000G0AAADAD,2,0.00979999999999999
100,N81020,Paracet_Tab 500mg,0407010H0AAAMAM,2,0.009600000000000108
101,N81020,Paracet_Tab 500mg,0407010H0AAAMAM,2,0.009600000000000108
272,N81114,Pregabalin_Cap 150mg,0408010AEAAAEAE,3,0.00840000000000024
274,N81012,Pregabalin_Cap 150mg,0408010AEAAAEAE,3,0.00840000000000024
273,N81107,Pregabalin_Cap 150mg,0408010AEAAAEAE,3,0.00840000000000024
224,N81012,Atorvastatin_Tab 10mg,0212000B0AAAAAA,4,0.008400000000000046
225,Y04925,Atorvastatin_Tab 10mg,0212000B0AAAAAA,4,0.008400000000000046
226,N81623,Atorvastatin_Tab 10mg,0212000B0AAAAAA,4,0.008400000000000046
347,N81048,Montelukast_Tab 10mg,0303020G0AAABAB,1,0.006200000000000178
200,N81075,Atorvastatin_Tab 20mg,0212000B0AAABAB,1,0.006000000000000172
113,N81020,Paracet_Tab 500mg,0407010H0AAAMAM,1,0.005999999999999964
112,N81036,Paracet_Tab 500mg,0407010H0AAAMAM,1,0.005999999999999964
111,N81107,Paracet_Tab 500mg,0407010H0AAAMAM,1,0.005999999999999964
108,N81114,Paracet_Tab 500mg,0407010H0AAAMAM,1,0.005999999999999964
110,N81114,Paracet_Tab 500mg,0407010H0AAAMAM,1,0.005999999999999964
104,N81122,Paracet_Tab 500mg,0407010H0AAAMAM,1,0.005999999999999964
105,N81108,Paracet_Tab 500mg,0407010H0AAAMAM,2,0.005999999999999964
103,N81036,Paracet_Tab 500mg,0407010H0AAAMAM,1,0.005999999999999964
102,N81020,Paracet_Tab 500mg,0407010H0AAAMAM,1,0.005999999999999964
106,N81108,Paracet_Tab 500mg,0407010H0AAAMAM,2,0.005999999999999964
107,N81107,Paracet_Tab 500mg,0407010H0AAAMAM,1,0.005999999999999964
109,N81122,Paracet_Tab 500mg,0407010H0AAAMAM,1,0.005999999999999964
312,N81623,Pregabalin_Cap 50mg,0408010AEAAABAB,1,0.00560000000000016
313,N81637,Pregabalin_Cap 50mg,0408010AEAAABAB,1,0.00560000000000016
276,N81097,Pregabalin_Cap 150mg,0408010AEAAAEAE,2,0.00560000000000016
314,N81097,Pregabalin_Cap 50mg,0408010AEAAABAB,1,0.00560000000000016
315,Y04926,Pregabalin_Cap 50mg,0408010AEAAABAB,1,0.00560000000000016
278,N81048,Pregabalin_Cap 150mg,0408010AEAAAEAE,4,0.00560000000000016
275,N81107,Pregabalin_Cap 150mg,0408010AEAAAEAE,1,0.00560000000000016
277,N81056,Pregabalin_Cap 150mg,0408010AEAAAEAE,4,0.00560000000000016
241,N81020,Memantine HCl_Tab 20mg,0411000G0AAADAD,1,0.004899999999999995
114,N81048,Paracet_Tab 500mg,0407010H0AAAMAM,2,0.004800000000000054
115,N81048,Paracet_Tab 500mg,0407010H0AAAMAM,2,0.004800000000000054
227,N81089,Atorvastatin_Tab 10mg,0212000B0AAAAAA,1,0.004200000000000023
228,N81065,Atorvastatin_Tab 10mg,0212000B0AAAAAA,1,0.004200000000000023
116,N81089,Paracet_Tab 500mg,0407010H0AAAMAM,1,0.004199999999999975
117,N81089,Paracet_Tab 500mg,0407010H0AAAMAM,1,0.004199999999999975
279,N81114,Pregabalin_Cap 150mg,0408010AEAAAEAE,1,0.00360000000000002
348,N81075,Montelukast_Tab 10mg,0303020G0AAABAB,1,0.0034000000000000974
316,N81114,Pregabalin_Cap 50mg,0408010AEAAABAB,1,0.0031999999999999806
118,N81075,Paracet_Tab 500mg,0407010H0AAAMAM,1,0.002999999999999982
119,N81048,Paracet_Tab 500mg,0407010H0AAAMAM,1,0.002999999999999982
120,N81048,Paracet_Tab 500mg,0407010H0AAAMAM,1,0.002999999999999982
121,N81075,Paracet_Tab 500mg,0407010H0AAAMAM,1,0.002999999999999982
242,N81065,Memantine HCl_Tab 20mg,0411000G0AAADAD,1,0.002799999999999997
123,N81628,Paracet_Tab 500mg,0407010H0AAAMAM,1,0.002799999999999983
122,N81036,Paracet_Tab 500mg,0407010H0AAAMAM,1,0.002799999999999983
124,N81036,Paracet_Tab 500mg,0407010H0AAAMAM,1,0.002799999999999983
125,N81628,Paracet_Tab 500mg,0407010H0AAAMAM,1,0.002799999999999983
230,N81056,Atorvastatin_Tab 10mg,0212000B0AAAAAA,1,0.0021000000000000116
229,N81020,Atorvastatin_Tab 10mg,0212000B0AAAAAA,1,0.0021000000000000116
201,N81059,Atorvastatin_Tab 20mg,0212000B0AAABAB,1,-0.0022999999999999063
280,N81041,Pregabalin_Cap 150mg,0408010AEAAAEAE,1,-0.002399999999999902
202,N81075,Atorvastatin_Tab 20mg,0212000B0AAABAB,1,-0.002799999999999997
323,N81041,Pregabalin_Cap 50mg,0408010AEAAABAB,1,-0.00280000000000008
324,N81036,Pregabalin_Cap 50mg,0408010AEAAABAB,1,-0.00280000000000008
321,N81637,Pregabalin_Cap 50mg,0408010AEAAABAB,1,-0.00280000000000008
320,N81628,Pregabalin_Cap 50mg,0408010AEAAABAB,1,-0.00280000000000008
319,N81097,Pregabalin_Cap 50mg,0408010AEAAABAB,1,-0.00280000000000008
322,N81028,Pregabalin_Cap 50mg,0408010AEAAABAB,1,-0.00280000000000008
317,N81122,Pregabalin_Cap 50mg,0408010AEAAABAB,1,-0.00280000000000008
318,N81114,Pregabalin_Cap 50mg,0408010AEAAABAB,1,-0.00280000000000008
203,N81065,Atorvastatin_Tab 20mg,0212000B0AAABAB,1,-0.0029999999999998778
204,N81048,Atorvastatin_Tab 20mg,0212000B0AAABAB,1,-0.0029999999999998778
231,N81059,Atorvastatin_Tab 10mg,0212000B0AAAAAA,1,-0.002999999999999982
127,N81114,Paracet_Tab 500mg,0407010H0AAAMAM,1,-0.003999999999999976
126,N81114,Paracet_Tab 500mg,0407010H0AAAMAM,1,-0.003999999999999976
282,N81114,Pregabalin_Cap 150mg,0408010AEAAAEAE,1,-0.0041999999999995374
281,N81059,Pregabalin_Cap 150mg,0408010AEAAAEAE,1,-0.0041999999999995374
232,N81075,Atorvastatin_Tab 10mg,0212000B0AAAAAA,1,-0.004199999999999975
233,N81028,Atorvastatin_Tab 10mg,0212000B0AAAAAA,1,-0.004199999999999975
349,N81012,Montelukast_Tab 10mg,0303020G0AAABAB,1,-0.004299999999999998
128,N81075,Paracet_Tab 500mg,0407010H0AAAMAM,1,-0.004799999999999971
129,N81075,Paracet_Tab 500mg,0407010H0AAAMAM,1,-0.004799999999999971
139,N81108,Paracet_Tab 500mg,0407010H0AAAMAM,1,-0.005599999999999966
134,N81114,Paracet_Tab 500mg,0407010H0AAAMAM,1,-0.005599999999999966
138,N81089,Paracet_Tab 500mg,0407010H0AAAMAM,1,-0.005599999999999966
133,N81097,Paracet_Tab 500mg,0407010H0AAAMAM,1,-0.005599999999999966
131,N81089,Paracet_Tab 500mg,0407010H0AAAMAM,1,-0.005599999999999966
135,N81083,Paracet_Tab 500mg,0407010H0AAAMAM,1,-0.005599999999999966
130,N81097,Paracet_Tab 500mg,0407010H0AAAMAM,1,-0.005599999999999966
136,N81114,Paracet_Tab 500mg,0407010H0AAAMAM,1,-0.005599999999999966
137,N81083,Paracet_Tab 500mg,0407010H0AAAMAM,1,-0.005599999999999966
132,Y04926,Paracet_Tab 500mg,0407010H0AAAMAM,1,-0.005599999999999966
140,N81108,Paracet_Tab 500mg,0407010H0AAAMAM,1,-0.005599999999999966
141,Y04926,Paracet_Tab 500mg,0407010H0AAAMAM,1,-0.005599999999999966
326,N81020,Pregabalin_Cap 50mg,0408010AEAAABAB,2,-0.00560000000000016
327,N81108,Pregabalin_Cap 50mg,0408010AEAAABAB,2,-0.00560000000000016
325,N81048,Pregabalin_Cap 50mg,0408010AEAAABAB,2,-0.00560000000000016
357,N81114,Clindamycin HCl_Cap 150mg,0501060D0AAABAB,1,-0.0056000000000009376
205,N81028,Atorvastatin_Tab 20mg,0212000B0AAABAB,2,-0.0059999999999997555
234,N81075,Atorvastatin_Tab 10mg,0212000B0AAAAAA,4,-0.006399999999999961
283,N81056,Pregabalin_Cap 150mg,0408010AEAAAEAE,2,-0.008399999999999075
328,N81089,Pregabalin_Cap 50mg,0408010AEAAABAB,3,-0.00839999999999995
329,N81075,Pregabalin_Cap 50mg,0408010AEAAABAB,3,-0.00840000000000024
330,N81056,Pregabalin_Cap 50mg,0408010AEAAABAB,3,-0.00840000000000024
143,N81012,Paracet_Tab 500mg,0407010H0AAAMAM,2,-0.009599999999999942
142,N81012,Paracet_Tab 500mg,0407010H0AAAMAM,2,-0.009599999999999942
144,N81114,Paracet_Tab 500mg,0407010H0AAAMAM,4,-0.009599999999999997
145,N81114,Paracet_Tab 500mg,0407010H0AAAMAM,4,-0.009599999999999997
147,N81014,Paracet_Tab 500mg,0407010H0AAAMAM,2,-0.011199999999999932
146,N81014,Paracet_Tab 500mg,0407010H0AAAMAM,2,-0.011199999999999932
331,N81075,Pregabalin_Cap 50mg,0408010AEAAABAB,4,-0.011199999999999932
358,N81075,Clindamycin HCl_Cap 150mg,0501060D0AAABAB,2,-0.011200000000001875
332,N81059,Pregabalin_Cap 50mg,0408010AEAAABAB,5,-0.014000000000000401
333,N81014,Pregabalin_Cap 50mg,0408010AEAAABAB,6,-0.01680000000000048
335,N81089,Pregabalin_Cap 50mg,0408010AEAAABAB,7,-0.01960000000000056
334,N81007,Pregabalin_Cap 50mg,0408010AEAAABAB,7,-0.01960000000000056
359,N81048,Clindamycin HCl_Cap 150mg,0501060D0AAABAB,1,-0.02000000000000335
152,N81056,Paracet_Tab 500mg,0407010H0AAAMAM,4,-0.022399999999999864
153,N81056,Paracet_Tab 500mg,0407010H0AAAMAM,4,-0.022399999999999864
150,N81036,Paracet_Tab 500mg,0407010H0AAAMAM,4,-0.022399999999999864
148,N81036,Paracet_Tab 500mg,0407010H0AAAMAM,4,-0.022399999999999864
149,N81628,Paracet_Tab 500mg,0407010H0AAAMAM,4,-0.022399999999999864
151,N81628,Paracet_Tab 500mg,0407010H0AAAMAM,4,-0.022399999999999864
155,N81065,Paracet_Tab 500mg,0407010H0AAAMAM,5,-0.02799999999999983
154,N81065,Paracet_Tab 500mg,0407010H0AAAMAM,5,-0.02799999999999983
156,N81075,Paracet_Tab 500mg,0407010H0AAAMAM,7,-0.03919999999999976
157,N81075,Paracet_Tab 500mg,0407010H0AAAMAM,7,-0.03919999999999976
158,N81028,Paracet_Tab 500mg,0407010H0AAAMAM,8,-0.04479999999999973
159,N81028,Paracet_Tab 500mg,0407010H0AAAMAM,8,-0.04479999999999973
160,N81107,Paracet_Tab 500mg,0407010H0AAAMAM,10,-0.05599999999999966
161,N81107,Paracet_Tab 500mg,0407010H0AAAMAM,10,-0.05599999999999966
163,N81041,Paracet_Tab 500mg,0407010H0AAAMAM,20,-0.11199999999999932
162,N81041,Paracet_Tab 500mg,0407010H0AAAMAM,20,-0.11199999999999932
164,N81083,Paracet_Tab 500mg,0407010H0AAAMAM,9,-0.6803999999999998
165,N81083,Paracet_Tab 500mg,0407010H0AAAMAM,9,-0.6803999999999998
166,N81028,Paracet_Tab 500mg,0407010H0AAAMAM,3,-0.7055999999999998
167,N81028,Paracet_Tab 500mg,0407010H0AAAMAM,3,-0.7055999999999998
168,N81059,Paracet_Tab 500mg,0407010H0AAAMAM,3,-1.0583999999999998
169,N81059,Paracet_Tab 500mg,0407010H0AAAMAM,3,-1.0583999999999998
170,N81109,Paracet_Tab 500mg,0407010H0AAAMAM,29,-1.159999999999993
171,N81109,Paracet_Tab 500mg,0407010H0AAAMAM,29,-1.159999999999993
172,N81083,Paracet_Tab 500mg,0407010H0AAAMAM,12,-1.3199999999999983
175,N81083,Paracet_Tab 500mg,0407010H0AAAMAM,12,-1.3199999999999983
174,N81065,Paracet_Tab 500mg,0407010H0AAAMAM,6,-1.3199999999999983
173,N81065,Paracet_Tab 500mg,0407010H0AAAMAM,6,-1.3199999999999983
177,N81065,Paracet_Tab 500mg,0407010H0AAAMAM,20,-1.3439999999999996
176,N81065,Paracet_Tab 500mg,0407010H0AAAMAM,20,-1.3439999999999996
178,N81083,Paracet_Tab 500mg,0407010H0AAAMAM,3,-1.4111999999999996
179,N81083,Paracet_Tab 500mg,0407010H0AAAMAM,3,-1.4111999999999996
181,N81007,Paracet_Tab 500mg,0407010H0AAAMAM,22,-1.4783999999999997
180,N81007,Paracet_Tab 500mg,0407010H0AAAMAM,22,-1.4783999999999997
183,N81089,Paracet_Tab 500mg,0407010H0AAAMAM,1,-1.5359999999999998
182,N81089,Paracet_Tab 500mg,0407010H0AAAMAM,1,-1.5359999999999998
