,practice_code,bnf_description,bnf_code,items,excess_cost
401,C82024,Prednisolone_Tab Solb 5mg,0603020T0AABHBH,1,268.57599999999996
513,C82094,Sumatriptan_Tab 50mg,0407041T0AAAFAF,2,146.5524
499,C82623,Memantine HCl_Tab 20mg,0411000G0AAADAD,6,114.0048
0,C82037,Paracet_Tab 500mg,0407010H0AAAMAM,73,100.74
1,C82037,Paracet_Tab 500mg,0407010H0AAAMAM,73,100.74
392,C82029,Risperidone_Tab 6mg,040201030AAAFAF,3,87.6288
876,Y02686,Terbinafine HCl_Tab 250mg,0502050C0AAAAAA,1,76.50000000000001
2,C82667,Paracet_Tab 500mg,0407010H0AAAMAM,173,69.2
3,C82667,Paracet_Tab 500mg,0407010H0AAAMAM,173,69.2
488,C82008,Esomeprazole_Tab E/C 20mg,0103050E0AAAAAA,15,63.924
489,C82008,Esomeprazole_Tab E/C 20mg,0103050E0AAAAAA,5,63.896
500,C82116,Memantine HCl_Tab 20mg,0411000G0AAADAD,5,63.896
393,C82642,Risperidone_Tab 6mg,040201030AAAFAF,2,58.4192
394,C82084,Risperidone_Tab 6mg,040201030AAAFAF,1,58.4192
833,C82659,Atorvastatin_Tab 10mg,0212000B0AAAAAA,44,46.446400000000004
877,C82124,Terbinafine HCl_Tab 250mg,0502050C0AAAAAA,6,45.024
4,C82667,Paracet_Tab 500mg,0407010H0AAAMAM,35,40.599999999999994
5,C82667,Paracet_Tab 500mg,0407010H0AAAMAM,35,40.599999999999994
6,C82029,Paracet_Tab 500mg,0407010H0AAAMAM,68,33.51040000000001
7,C82029,Paracet_Tab 500mg,0407010H0AAAMAM,68,33.51040000000001
490,C82020,Esomeprazole_Tab E/C 20mg,0103050E0AAAAAA,2,31.964799999999997
491,C82063,Esomeprazole_Tab E/C 20mg,0103050E0AAAAAA,5,31.948
492,C82073,Esomeprazole_Tab E/C 20mg,0103050E0AAAAAA,8,31.9424
395,C82660,Risperidone_Tab 6mg,040201030AAAFAF,1,29.2096
397,C82667,Risperidone_Tab 6mg,040201030AAAFAF,1,29.2096
398,C82031,Risperidone_Tab 6mg,040201030AAAFAF,1,29.2096
399,C82624,Risperidone_Tab 6mg,040201030AAAFAF,1,29.2096
400,Y02469,Risperidone_Tab 6mg,040201030AAAFAF,1,29.2096
396,C82046,Risperidone_Tab 6mg,040201030AAAFAF,1,29.2096
8,C82018,Paracet_Tab 500mg,0407010H0AAAMAM,396,23.759999999999994
9,C82018,Paracet_Tab 500mg,0407010H0AAAMAM,396,23.759999999999994
834,C82614,Atorvastatin_Tab 10mg,0212000B0AAAAAA,31,23.262400000000003
835,C82019,Atorvastatin_Tab 10mg,0212000B0AAAAAA,7,23.2456
836,C82033,Atorvastatin_Tab 10mg,0212000B0AAAAAA,115,23.183999999999994
11,C82053,Paracet_Tab 500mg,0407010H0AAAMAM,44,22.6688
10,C82053,Paracet_Tab 500mg,0407010H0AAAMAM,44,22.6688
12,C82623,Paracet_Tab 500mg,0407010H0AAAMAM,4,22.579200000000004
13,C82623,Paracet_Tab 500mg,0407010H0AAAMAM,4,22.579200000000004
15,C82667,Paracet_Tab 500mg,0407010H0AAAMAM,25,22.400000000000002
14,C82667,Paracet_Tab 500mg,0407010H0AAAMAM,25,22.400000000000002
16,C82073,Paracet_Tab 500mg,0407010H0AAAMAM,138,20.700000000000017
17,C82073,Paracet_Tab 500mg,0407010H0AAAMAM,138,20.700000000000017
18,C82019,Paracet_Tab 500mg,0407010H0AAAMAM,80,20.000000000000018
19,C82019,Paracet_Tab 500mg,0407010H0AAAMAM,80,20.000000000000018
20,C82073,Paracet_Tab 500mg,0407010H0AAAMAM,37,19.980000000000008
21,C82073,Paracet_Tab 500mg,0407010H0AAAMAM,37,19.980000000000008
23,C82046,Paracet_Tab 500mg,0407010H0AAAMAM,62,19.84000000000001
22,C82046,Paracet_Tab 500mg,0407010H0AAAMAM,62,19.84000000000001
630,C82037,Bisoprolol Fumar_Tab 5mg,0204000H0AAAAAA,103,18.4576
631,C82642,Bisoprolol Fumar_Tab 5mg,0204000H0AAAAAA,101,18.381999999999998
24,C82080,Paracet_Tab 500mg,0407010H0AAAMAM,6,18.144
25,C82080,Paracet_Tab 500mg,0407010H0AAAMAM,6,18.144
632,C82033,Bisoprolol Fumar_Tab 5mg,0204000H0AAAAAA,73,16.147599999999994
494,C82020,Esomeprazole_Tab E/C 20mg,0103050E0AAAAAA,3,15.9768
493,C82073,Esomeprazole_Tab E/C 20mg,0103050E0AAAAAA,3,15.9768
26,C82029,Paracet_Tab 500mg,0407010H0AAAMAM,189,15.12000000000004
27,C82029,Paracet_Tab 500mg,0407010H0AAAMAM,189,15.12000000000004
402,C82099,Prednisolone_Tab Solb 5mg,0603020T0AABHBH,2,14.3808
28,C82046,Paracet_Tab 500mg,0407010H0AAAMAM,57,14.044800000000004
29,C82046,Paracet_Tab 500mg,0407010H0AAAMAM,57,14.044800000000004
30,C82024,Paracet_Tab 500mg,0407010H0AAAMAM,223,13.380000000000074
31,C82024,Paracet_Tab 500mg,0407010H0AAAMAM,223,13.380000000000074
633,C82008,Bisoprolol Fumar_Tab 5mg,0204000H0AAAAAA,34,13.328
32,C82018,Paracet_Tab 500mg,0407010H0AAAMAM,210,12.600000000000069
33,C82018,Paracet_Tab 500mg,0407010H0AAAMAM,210,12.600000000000069
878,Y03587,Terbinafine HCl_Tab 250mg,0502050C0AAAAAA,5,12.572
34,C82037,Paracet_Tab 500mg,0407010H0AAAMAM,2,12.096000000000002
35,C82037,Paracet_Tab 500mg,0407010H0AAAMAM,2,12.096000000000002
36,C82100,Paracet_Tab 500mg,0407010H0AAAMAM,53,11.87200000000001
37,C82100,Paracet_Tab 500mg,0407010H0AAAMAM,53,11.87200000000001
837,C82099,Atorvastatin_Tab 10mg,0212000B0AAAAAA,119,11.661999999999999
38,C82680,Paracet_Tab 500mg,0407010H0AAAMAM,20,11.648000000000007
39,C82680,Paracet_Tab 500mg,0407010H0AAAMAM,20,11.648000000000007
838,C82624,Atorvastatin_Tab 10mg,0212000B0AAAAAA,74,11.603200000000001
40,C82063,Paracet_Tab 500mg,0407010H0AAAMAM,144,11.52000000000003
41,C82063,Paracet_Tab 500mg,0407010H0AAAMAM,144,11.52000000000003
43,Y03587,Paracet_Tab 500mg,0407010H0AAAMAM,21,11.289600000000013
42,Y03587,Paracet_Tab 500mg,0407010H0AAAMAM,21,11.289600000000013
44,C82024,Paracet_Tab 500mg,0407010H0AAAMAM,20,11.20000000000001
45,C82024,Paracet_Tab 500mg,0407010H0AAAMAM,20,11.20000000000001
46,C82018,Paracet_Tab 500mg,0407010H0AAAMAM,38,11.065599999999993
47,C82018,Paracet_Tab 500mg,0407010H0AAAMAM,38,11.065599999999993
634,C82037,Bisoprolol Fumar_Tab 5mg,0204000H0AAAAAA,23,10.304
49,C82639,Paracet_Tab 500mg,0407010H0AAAMAM,55,9.899999999999997
48,C82639,Paracet_Tab 500mg,0407010H0AAAMAM,55,9.899999999999997
50,C82008,Paracet_Tab 500mg,0407010H0AAAMAM,81,9.719999999999997
51,C82008,Paracet_Tab 500mg,0407010H0AAAMAM,81,9.719999999999997
52,C82033,Paracet_Tab 500mg,0407010H0AAAMAM,54,9.676800000000025
53,C82033,Paracet_Tab 500mg,0407010H0AAAMAM,54,9.676800000000025
55,C82046,Paracet_Tab 500mg,0407010H0AAAMAM,319,9.570000000000054
54,C82046,Paracet_Tab 500mg,0407010H0AAAMAM,319,9.570000000000054
635,C82030,Bisoprolol Fumar_Tab 5mg,0204000H0AAAAAA,33,8.870399999999998
56,C82667,Paracet_Tab 500mg,0407010H0AAAMAM,4,8.4672
57,C82667,Paracet_Tab 500mg,0407010H0AAAMAM,4,8.4672
636,C82660,Bisoprolol Fumar_Tab 5mg,0204000H0AAAAAA,48,8.063999999999998
59,C82033,Paracet_Tab 500mg,0407010H0AAAMAM,1,7.545
58,C82033,Paracet_Tab 500mg,0407010H0AAAMAM,1,7.545
403,C82105,Prednisolone_Tab Solb 5mg,0603020T0AABHBH,1,7.197600000000001
637,C82029,Bisoprolol Fumar_Tab 5mg,0204000H0AAAAAA,107,6.591199999999992
514,C82008,Sumatriptan_Tab 50mg,0407041T0AAAFAF,14,6.501599999999993
61,C82639,Paracet_Tab 500mg,0407010H0AAAMAM,3,6.489599999999999
60,C82639,Paracet_Tab 500mg,0407010H0AAAMAM,3,6.489599999999999
63,C82037,Paracet_Tab 500mg,0407010H0AAAMAM,323,6.460000000000073
62,C82037,Paracet_Tab 500mg,0407010H0AAAMAM,323,6.460000000000073
65,C82031,Paracet_Tab 500mg,0407010H0AAAMAM,213,6.390000000000035
64,C82031,Paracet_Tab 500mg,0407010H0AAAMAM,213,6.390000000000035
638,C82624,Bisoprolol Fumar_Tab 5mg,0204000H0AAAAAA,36,5.846399999999999
66,C82680,Paracet_Tab 500mg,0407010H0AAAMAM,6,5.644800000000001
67,C82680,Paracet_Tab 500mg,0407010H0AAAMAM,6,5.644800000000001
68,C82094,Paracet_Tab 500mg,0407010H0AAAMAM,91,5.459999999999998
69,C82094,Paracet_Tab 500mg,0407010H0AAAMAM,91,5.459999999999998
70,C82680,Paracet_Tab 500mg,0407010H0AAAMAM,88,5.2799999999999985
71,C82680,Paracet_Tab 500mg,0407010H0AAAMAM,88,5.2799999999999985
72,C82100,Paracet_Tab 500mg,0407010H0AAAMAM,105,5.250000000000004
73,C82100,Paracet_Tab 500mg,0407010H0AAAMAM,105,5.250000000000004
75,Y02469,Paracet_Tab 500mg,0407010H0AAAMAM,86,5.159999999999998
74,Y02469,Paracet_Tab 500mg,0407010H0AAAMAM,86,5.159999999999998
77,C82030,Paracet_Tab 500mg,0407010H0AAAMAM,102,5.100000000000005
76,C82030,Paracet_Tab 500mg,0407010H0AAAMAM,102,5.100000000000005
79,C82114,Paracet_Tab 500mg,0407010H0AAAMAM,23,5.060000000000001
78,C82114,Paracet_Tab 500mg,0407010H0AAAMAM,23,5.060000000000001
80,C82122,Paracet_Tab 500mg,0407010H0AAAMAM,55,4.950000000000008
81,C82122,Paracet_Tab 500mg,0407010H0AAAMAM,55,4.950000000000008
82,C82620,Paracet_Tab 500mg,0407010H0AAAMAM,19,4.940000000000003
83,C82620,Paracet_Tab 500mg,0407010H0AAAMAM,19,4.940000000000003
84,C82623,Paracet_Tab 500mg,0407010H0AAAMAM,38,4.939999999999997
85,C82623,Paracet_Tab 500mg,0407010H0AAAMAM,38,4.939999999999997
86,C82060,Paracet_Tab 500mg,0407010H0AAAMAM,96,4.800000000000004
87,C82060,Paracet_Tab 500mg,0407010H0AAAMAM,96,4.800000000000004
639,C82033,Bisoprolol Fumar_Tab 5mg,0204000H0AAAAAA,9,4.435199999999999
699,C82642,Clonazepam_Tab 500mcg,0408010F0AAABAB,2,4.339199999999991
700,C82660,Clonazepam_Tab 500mcg,0408010F0AAABAB,1,3.987199999999996
701,C82086,Clonazepam_Tab 500mcg,0408010F0AAABAB,2,3.796799999999992
640,C82680,Bisoprolol Fumar_Tab 5mg,0204000H0AAAAAA,35,3.6259999999999986
641,C82614,Bisoprolol Fumar_Tab 5mg,0204000H0AAAAAA,43,3.611999999999999
88,C82105,Paracet_Tab 500mg,0407010H0AAAMAM,1,3.528
89,C82105,Paracet_Tab 500mg,0407010H0AAAMAM,1,3.528
515,Y03587,Sumatriptan_Tab 50mg,0407041T0AAAFAF,4,3.251999999999999
702,C82046,Clonazepam_Tab 500mcg,0408010F0AAABAB,1,3.1639999999999935
703,C82046,Clonazepam_Tab 500mcg,0408010F0AAABAB,5,3.1639999999999935
642,C82008,Bisoprolol Fumar_Tab 5mg,0204000H0AAAAAA,2,2.9567999999999994
643,C82008,Bisoprolol Fumar_Tab 5mg,0204000H0AAAAAA,48,2.956799999999996
644,C82642,Bisoprolol Fumar_Tab 5mg,0204000H0AAAAAA,5,2.9399999999999995
645,C82063,Bisoprolol Fumar_Tab 5mg,0204000H0AAAAAA,21,2.9399999999999986
704,C82046,Clonazepam_Tab 500mcg,0408010F0AAABAB,3,2.847599999999994
705,C82639,Clonazepam_Tab 500mcg,0408010F0AAABAB,3,2.847599999999994
706,C82018,Clonazepam_Tab 500mcg,0408010F0AAABAB,4,2.7119999999999944
707,Y03587,Clonazepam_Tab 500mcg,0408010F0AAABAB,2,2.631999999999996
90,C82642,Paracet_Tab 500mg,0407010H0AAAMAM,15,2.5500000000000003
91,C82642,Paracet_Tab 500mg,0407010H0AAAMAM,15,2.5500000000000003
708,Y02686,Clonazepam_Tab 500mcg,0408010F0AAABAB,4,2.531199999999995
710,C82020,Clonazepam_Tab 500mcg,0408010F0AAABAB,2,2.531199999999995
709,C82080,Clonazepam_Tab 500mcg,0408010F0AAABAB,1,2.531199999999995
92,C82024,Paracet_Tab 500mg,0407010H0AAAMAM,15,2.400000000000006
93,C82024,Paracet_Tab 500mg,0407010H0AAAMAM,15,2.400000000000006
712,C82060,Clonazepam_Tab 500mcg,0408010F0AAABAB,1,2.2599999999999953
711,C82037,Clonazepam_Tab 500mcg,0408010F0AAABAB,1,2.2599999999999953
646,C82642,Bisoprolol Fumar_Tab 5mg,0204000H0AAAAAA,1,2.2176
647,C82063,Bisoprolol Fumar_Tab 5mg,0204000H0AAAAAA,32,2.1503999999999994
714,Y00137,Clonazepam_Tab 500mcg,0408010F0AAABAB,1,2.033999999999996
713,C82029,Clonazepam_Tab 500mcg,0408010F0AAABAB,1,2.033999999999996
719,C82029,Clonazepam_Tab 500mcg,0408010F0AAABAB,3,1.898399999999996
717,C82100,Clonazepam_Tab 500mcg,0408010F0AAABAB,2,1.898399999999996
720,C82073,Clonazepam_Tab 500mcg,0408010F0AAABAB,3,1.898399999999996
721,C82676,Clonazepam_Tab 500mcg,0408010F0AAABAB,2,1.898399999999996
722,C82018,Clonazepam_Tab 500mcg,0408010F0AAABAB,1,1.898399999999996
723,C82063,Clonazepam_Tab 500mcg,0408010F0AAABAB,2,1.898399999999996
724,C82099,Clonazepam_Tab 500mcg,0408010F0AAABAB,3,1.898399999999996
725,C82676,Clonazepam_Tab 500mcg,0408010F0AAABAB,1,1.898399999999996
726,C82008,Clonazepam_Tab 500mcg,0408010F0AAABAB,3,1.898399999999996
718,C82008,Clonazepam_Tab 500mcg,0408010F0AAABAB,1,1.898399999999996
727,C82676,Clonazepam_Tab 500mcg,0408010F0AAABAB,3,1.898399999999996
715,C82019,Clonazepam_Tab 500mcg,0408010F0AAABAB,3,1.898399999999996
716,C82018,Clonazepam_Tab 500mcg,0408010F0AAABAB,3,1.898399999999996
94,C82046,Paracet_Tab 500mg,0407010H0AAAMAM,12,1.7471999999999988
95,C82046,Paracet_Tab 500mg,0407010H0AAAMAM,12,1.7471999999999988
97,C82029,Paracet_Tab 500mg,0407010H0AAAMAM,40,1.600000000000018
96,C82029,Paracet_Tab 500mg,0407010H0AAAMAM,40,1.600000000000018
648,C82037,Bisoprolol Fumar_Tab 5mg,0204000H0AAAAAA,1,1.584
729,C82088,Clonazepam_Tab 500mcg,0408010F0AAABAB,5,1.5819999999999967
728,C82676,Clonazepam_Tab 500mcg,0408010F0AAABAB,5,1.5819999999999967
649,C82680,Bisoprolol Fumar_Tab 5mg,0204000H0AAAAAA,6,1.4783999999999993
650,C82020,Bisoprolol Fumar_Tab 5mg,0204000H0AAAAAA,18,1.4615999999999998
651,C82053,Bisoprolol Fumar_Tab 5mg,0204000H0AAAAAA,52,1.4559999999999962
652,C82092,Bisoprolol Fumar_Tab 5mg,0204000H0AAAAAA,14,1.4503999999999995
653,C82086,Bisoprolol Fumar_Tab 5mg,0204000H0AAAAAA,85,1.4279999999999997
654,C82005,Bisoprolol Fumar_Tab 5mg,0204000H0AAAAAA,18,1.4111999999999985
655,C82005,Bisoprolol Fumar_Tab 5mg,0204000H0AAAAAA,62,1.3887999999999976
656,C82024,Bisoprolol Fumar_Tab 5mg,0204000H0AAAAAA,49,1.3719999999999966
732,C82107,Clonazepam_Tab 500mcg,0408010F0AAABAB,1,1.3559999999999972
730,C82008,Clonazepam_Tab 500mcg,0408010F0AAABAB,1,1.3559999999999972
731,Y02686,Clonazepam_Tab 500mcg,0408010F0AAABAB,1,1.3559999999999972
657,C82024,Bisoprolol Fumar_Tab 5mg,0204000H0AAAAAA,47,1.315999999999992
743,C82624,Clonazepam_Tab 500mcg,0408010F0AAABAB,2,1.2655999999999974
741,Y02469,Clonazepam_Tab 500mcg,0408010F0AAABAB,1,1.2655999999999974
734,C82024,Clonazepam_Tab 500mcg,0408010F0AAABAB,1,1.2655999999999974
742,C82080,Clonazepam_Tab 500mcg,0408010F0AAABAB,2,1.2655999999999974
735,C82030,Clonazepam_Tab 500mcg,0408010F0AAABAB,2,1.2655999999999974
740,C82037,Clonazepam_Tab 500mcg,0408010F0AAABAB,2,1.2655999999999974
739,C82063,Clonazepam_Tab 500mcg,0408010F0AAABAB,1,1.2655999999999974
738,C82643,Clonazepam_Tab 500mcg,0408010F0AAABAB,2,1.2655999999999974
737,C82100,Clonazepam_Tab 500mcg,0408010F0AAABAB,1,1.2655999999999974
736,C82046,Clonazepam_Tab 500mcg,0408010F0AAABAB,1,1.2655999999999974
733,C82031,Clonazepam_Tab 500mcg,0408010F0AAABAB,1,1.2655999999999974
745,C82024,Clonazepam_Tab 500mcg,0408010F0AAABAB,2,1.1399999999999966
744,C82008,Clonazepam_Tab 500mcg,0408010F0AAABAB,2,1.1399999999999966
746,C82086,Clonazepam_Tab 500mcg,0408010F0AAABAB,1,1.1299999999999977
747,C82063,Clonazepam_Tab 500mcg,0408010F0AAABAB,1,1.1299999999999977
750,C82030,Clonazepam_Tab 500mcg,0408010F0AAABAB,1,1.1299999999999977
749,C82642,Clonazepam_Tab 500mcg,0408010F0AAABAB,1,1.1299999999999977
748,C82008,Clonazepam_Tab 500mcg,0408010F0AAABAB,1,1.1299999999999977
99,C82100,Paracet_Tab 500mg,0407010H0AAAMAM,54,1.0799999999999934
98,C82100,Paracet_Tab 500mg,0407010H0AAAMAM,54,1.0799999999999934
754,C82046,Clonazepam_Tab 500mcg,0408010F0AAABAB,1,1.016999999999998
751,C82671,Clonazepam_Tab 500mcg,0408010F0AAABAB,1,1.016999999999998
752,C82084,Clonazepam_Tab 500mcg,0408010F0AAABAB,3,1.016999999999998
753,C82024,Clonazepam_Tab 500mcg,0408010F0AAABAB,1,1.016999999999998
759,C82080,Clonazepam_Tab 500mcg,0408010F0AAABAB,1,0.949199999999998
758,C82024,Clonazepam_Tab 500mcg,0408010F0AAABAB,1,0.949199999999998
757,C82018,Clonazepam_Tab 500mcg,0408010F0AAABAB,1,0.949199999999998
760,C82620,Clonazepam_Tab 500mcg,0408010F0AAABAB,1,0.949199999999998
761,C82029,Clonazepam_Tab 500mcg,0408010F0AAABAB,1,0.949199999999998
762,C82005,Clonazepam_Tab 500mcg,0408010F0AAABAB,1,0.949199999999998
763,C82094,Clonazepam_Tab 500mcg,0408010F0AAABAB,6,0.949199999999998
764,C82660,Clonazepam_Tab 500mcg,0408010F0AAABAB,1,0.949199999999998
765,C82643,Clonazepam_Tab 500mcg,0408010F0AAABAB,1,0.949199999999998
766,C82029,Clonazepam_Tab 500mcg,0408010F0AAABAB,3,0.949199999999998
767,C82086,Clonazepam_Tab 500mcg,0408010F0AAABAB,3,0.949199999999998
756,C82020,Clonazepam_Tab 500mcg,0408010F0AAABAB,1,0.949199999999998
755,C82680,Clonazepam_Tab 500mcg,0408010F0AAABAB,3,0.949199999999998
768,C82653,Clonazepam_Tab 500mcg,0408010F0AAABAB,1,0.8135999999999983
769,C82020,Clonazepam_Tab 500mcg,0408010F0AAABAB,1,0.7909999999999984
658,Y03587,Bisoprolol Fumar_Tab 5mg,0204000H0AAAAAA,44,0.7391999999999999
659,C82094,Bisoprolol Fumar_Tab 5mg,0204000H0AAAAAA,26,0.7279999999999981
660,Y00137,Bisoprolol Fumar_Tab 5mg,0204000H0AAAAAA,32,0.7167999999999988
661,C82667,Bisoprolol Fumar_Tab 5mg,0204000H0AAAAAA,31,0.6943999999999988
775,C82008,Clonazepam_Tab 500mcg,0408010F0AAABAB,2,0.6779999999999986
774,C82088,Clonazepam_Tab 500mcg,0408010F0AAABAB,1,0.6779999999999986
773,C82030,Clonazepam_Tab 500mcg,0408010F0AAABAB,1,0.6779999999999986
772,C82610,Clonazepam_Tab 500mcg,0408010F0AAABAB,1,0.6779999999999986
771,C82073,Clonazepam_Tab 500mcg,0408010F0AAABAB,1,0.6779999999999986
770,Y03587,Clonazepam_Tab 500mcg,0408010F0AAABAB,1,0.6779999999999986
662,C82073,Bisoprolol Fumar_Tab 5mg,0204000H0AAAAAA,121,0.6775999999999959
101,C82624,Paracet_Tab 500mg,0407010H0AAAMAM,66,0.659999999999996
100,C82624,Paracet_Tab 500mg,0407010H0AAAMAM,66,0.659999999999996
663,C82659,Bisoprolol Fumar_Tab 5mg,0204000H0AAAAAA,39,0.6551999999999998
785,C82610,Clonazepam_Tab 500mcg,0408010F0AAABAB,1,0.6327999999999987
782,C82018,Clonazepam_Tab 500mcg,0408010F0AAABAB,4,0.6327999999999987
776,C82008,Clonazepam_Tab 500mcg,0408010F0AAABAB,2,0.6327999999999987
779,C82024,Clonazepam_Tab 500mcg,0408010F0AAABAB,2,0.6327999999999987
780,C82033,Clonazepam_Tab 500mcg,0408010F0AAABAB,1,0.6327999999999987
781,C82020,Clonazepam_Tab 500mcg,0408010F0AAABAB,4,0.6327999999999987
784,C82660,Clonazepam_Tab 500mcg,0408010F0AAABAB,4,0.6327999999999987
788,C82614,Clonazepam_Tab 500mcg,0408010F0AAABAB,2,0.6327999999999987
783,C82046,Clonazepam_Tab 500mcg,0408010F0AAABAB,2,0.6327999999999987
787,C82037,Clonazepam_Tab 500mcg,0408010F0AAABAB,4,0.6327999999999987
786,C82033,Clonazepam_Tab 500mcg,0408010F0AAABAB,2,0.6327999999999987
790,C82024,Clonazepam_Tab 500mcg,0408010F0AAABAB,1,0.6327999999999987
789,C82063,Clonazepam_Tab 500mcg,0408010F0AAABAB,1,0.6327999999999987
777,Y02469,Clonazepam_Tab 500mcg,0408010F0AAABAB,1,0.6327999999999987
791,C82107,Clonazepam_Tab 500mcg,0408010F0AAABAB,2,0.6327999999999987
792,C82669,Clonazepam_Tab 500mcg,0408010F0AAABAB,1,0.6327999999999987
778,C82671,Clonazepam_Tab 500mcg,0408010F0AAABAB,1,0.6327999999999987
793,C82623,Clonazepam_Tab 500mcg,0408010F0AAABAB,1,0.6327999999999987
664,C82107,Bisoprolol Fumar_Tab 5mg,0204000H0AAAAAA,55,0.6159999999999963
794,C82639,Clonazepam_Tab 500mcg,0408010F0AAABAB,1,0.5699999999999983
795,C82053,Clonazepam_Tab 500mcg,0408010F0AAABAB,1,0.5699999999999983
796,C82005,Clonazepam_Tab 500mcg,0408010F0AAABAB,1,0.5699999999999983
797,C82030,Clonazepam_Tab 500mcg,0408010F0AAABAB,1,0.5699999999999983
798,C82659,Clonazepam_Tab 500mcg,0408010F0AAABAB,1,0.5129999999999985
799,C82124,Clonazepam_Tab 500mcg,0408010F0AAABAB,1,0.5129999999999985
800,C82667,Clonazepam_Tab 500mcg,0408010F0AAABAB,1,0.474599999999999
102,C82642,Paracet_Tab 500mg,0407010H0AAAMAM,69,0.4139999999999975
103,C82642,Paracet_Tab 500mg,0407010H0AAAMAM,69,0.4139999999999975
801,C82623,Clonazepam_Tab 500mcg,0408010F0AAABAB,5,0.3954999999999992
665,C82653,Bisoprolol Fumar_Tab 5mg,0204000H0AAAAAA,8,0.35839999999999994
803,C82005,Clonazepam_Tab 500mcg,0408010F0AAABAB,1,0.3389999999999993
805,C82053,Clonazepam_Tab 500mcg,0408010F0AAABAB,1,0.3389999999999993
806,C82031,Clonazepam_Tab 500mcg,0408010F0AAABAB,1,0.3389999999999993
807,C82642,Clonazepam_Tab 500mcg,0408010F0AAABAB,1,0.3389999999999993
808,C82029,Clonazepam_Tab 500mcg,0408010F0AAABAB,1,0.3389999999999993
809,C82643,Clonazepam_Tab 500mcg,0408010F0AAABAB,1,0.3389999999999993
802,C82610,Clonazepam_Tab 500mcg,0408010F0AAABAB,1,0.3389999999999993
804,C82651,Clonazepam_Tab 500mcg,0408010F0AAABAB,1,0.3389999999999993
823,C82053,Clonazepam_Tab 500mcg,0408010F0AAABAB,1,0.31639999999999935
819,C82063,Clonazepam_Tab 500mcg,0408010F0AAABAB,2,0.31639999999999935
820,C82660,Clonazepam_Tab 500mcg,0408010F0AAABAB,1,0.31639999999999935
821,C82122,Clonazepam_Tab 500mcg,0408010F0AAABAB,4,0.31639999999999935
822,Y02469,Clonazepam_Tab 500mcg,0408010F0AAABAB,1,0.31639999999999935
817,C82624,Clonazepam_Tab 500mcg,0408010F0AAABAB,1,0.31639999999999935
814,C82643,Clonazepam_Tab 500mcg,0408010F0AAABAB,1,0.31639999999999935
816,C82080,Clonazepam_Tab 500mcg,0408010F0AAABAB,1,0.31639999999999935
815,C82100,Clonazepam_Tab 500mcg,0408010F0AAABAB,1,0.31639999999999935
813,C82037,Clonazepam_Tab 500mcg,0408010F0AAABAB,1,0.31639999999999935
812,C82122,Clonazepam_Tab 500mcg,0408010F0AAABAB,1,0.31639999999999935
811,C82620,Clonazepam_Tab 500mcg,0408010F0AAABAB,1,0.31639999999999935
818,C82667,Clonazepam_Tab 500mcg,0408010F0AAABAB,1,0.31639999999999935
810,C82037,Clonazepam_Tab 500mcg,0408010F0AAABAB,4,0.31639999999999935
824,C82063,Clonazepam_Tab 500mcg,0408010F0AAABAB,1,0.31639999999999935
826,C82623,Clonazepam_Tab 500mcg,0408010F0AAABAB,1,0.31639999999999935
825,C82020,Clonazepam_Tab 500mcg,0408010F0AAABAB,1,0.31639999999999935
104,Y00137,Paracet_Tab 500mg,0407010H0AAAMAM,13,0.29119999999999824
105,Y00137,Paracet_Tab 500mg,0407010H0AAAMAM,13,0.29119999999999824
106,C82107,Paracet_Tab 500mg,0407010H0AAAMAM,10,0.22399999999999864
107,C82107,Paracet_Tab 500mg,0407010H0AAAMAM,10,0.22399999999999864
108,C82643,Paracet_Tab 500mg,0407010H0AAAMAM,31,0.1859999999999989
109,C82643,Paracet_Tab 500mg,0407010H0AAAMAM,31,0.1859999999999989
110,C82031,Paracet_Tab 500mg,0407010H0AAAMAM,3,0.1763999999999998
111,C82031,Paracet_Tab 500mg,0407010H0AAAMAM,3,0.1763999999999998
829,C82667,Clonazepam_Tab 500mcg,0408010F0AAABAB,1,0.15819999999999967
827,C82080,Clonazepam_Tab 500mcg,0408010F0AAABAB,1,0.15819999999999967
830,C82024,Clonazepam_Tab 500mcg,0408010F0AAABAB,1,0.15819999999999967
831,C82642,Clonazepam_Tab 500mcg,0408010F0AAABAB,1,0.15819999999999967
828,C82005,Clonazepam_Tab 500mcg,0408010F0AAABAB,1,0.15819999999999967
839,C82018,Atorvastatin_Tab 10mg,0212000B0AAAAAA,72,0.15120000000000083
113,Y02686,Paracet_Tab 500mg,0407010H0AAAMAM,12,0.11999999999999927
112,Y02686,Paracet_Tab 500mg,0407010H0AAAMAM,12,0.11999999999999927
114,C82623,Paracet_Tab 500mg,0407010H0AAAMAM,21,0.11759999999999929
115,C82029,Paracet_Tab 500mg,0407010H0AAAMAM,7,0.11759999999999929
116,C82029,Paracet_Tab 500mg,0407010H0AAAMAM,7,0.11759999999999929
117,C82623,Paracet_Tab 500mg,0407010H0AAAMAM,21,0.11759999999999929
832,C82676,Clonazepam_Tab 500mcg,0408010F0AAABAB,2,0.11599999999999999
119,C82100,Paracet_Tab 500mg,0407010H0AAAMAM,5,0.11200000000000127
118,C82100,Paracet_Tab 500mg,0407010H0AAAMAM,5,0.11200000000000127
840,C82643,Atorvastatin_Tab 10mg,0212000B0AAAAAA,53,0.11130000000000062
841,C82030,Atorvastatin_Tab 10mg,0212000B0AAAAAA,38,0.10639999999999936
121,C82029,Paracet_Tab 500mg,0407010H0AAAMAM,9,0.10079999999999939
120,C82029,Paracet_Tab 500mg,0407010H0AAAMAM,9,0.10079999999999939
842,C82037,Atorvastatin_Tab 10mg,0212000B0AAAAAA,47,0.09870000000000054
843,C82620,Atorvastatin_Tab 10mg,0212000B0AAAAAA,38,0.07980000000000044
122,C82008,Paracet_Tab 500mg,0407010H0AAAMAM,2,0.07680000000000042
123,C82008,Paracet_Tab 500mg,0407010H0AAAMAM,2,0.07680000000000042
125,C82080,Paracet_Tab 500mg,0407010H0AAAMAM,12,0.07199999999999956
124,C82080,Paracet_Tab 500mg,0407010H0AAAMAM,12,0.07199999999999956
127,C82100,Paracet_Tab 500mg,0407010H0AAAMAM,1,0.06719999999999993
126,C82100,Paracet_Tab 500mg,0407010H0AAAMAM,1,0.06719999999999993
501,C82018,Memantine HCl_Tab 20mg,0411000G0AAADAD,13,0.06369999999999992
128,C82660,Paracet_Tab 500mg,0407010H0AAAMAM,9,0.05399999999999967
131,C82033,Paracet_Tab 500mg,0407010H0AAAMAM,9,0.05399999999999967
130,C82660,Paracet_Tab 500mg,0407010H0AAAMAM,9,0.05399999999999967
129,C82033,Paracet_Tab 500mg,0407010H0AAAMAM,9,0.05399999999999967
133,C82643,Paracet_Tab 500mg,0407010H0AAAMAM,12,0.050399999999999695
132,C82046,Paracet_Tab 500mg,0407010H0AAAMAM,18,0.050399999999999695
137,C82018,Paracet_Tab 500mg,0407010H0AAAMAM,12,0.050399999999999695
135,C82018,Paracet_Tab 500mg,0407010H0AAAMAM,12,0.050399999999999695
136,C82046,Paracet_Tab 500mg,0407010H0AAAMAM,18,0.050399999999999695
134,C82643,Paracet_Tab 500mg,0407010H0AAAMAM,12,0.050399999999999695
139,C82620,Paracet_Tab 500mg,0407010H0AAAMAM,11,0.04619999999999972
138,C82620,Paracet_Tab 500mg,0407010H0AAAMAM,11,0.04619999999999972
143,C82100,Paracet_Tab 500mg,0407010H0AAAMAM,1,0.04479999999999995
142,C82662,Paracet_Tab 500mg,0407010H0AAAMAM,1,0.04479999999999995
141,C82662,Paracet_Tab 500mg,0407010H0AAAMAM,1,0.04479999999999995
140,C82100,Paracet_Tab 500mg,0407010H0AAAMAM,1,0.04479999999999995
844,C82029,Atorvastatin_Tab 10mg,0212000B0AAAAAA,21,0.04410000000000024
845,C82080,Atorvastatin_Tab 10mg,0212000B0AAAAAA,20,0.04200000000000023
144,C82671,Paracet_Tab 500mg,0407010H0AAAMAM,10,0.041999999999999746
145,C82671,Paracet_Tab 500mg,0407010H0AAAMAM,10,0.041999999999999746
146,C82643,Paracet_Tab 500mg,0407010H0AAAMAM,13,0.038999999999999764
147,C82643,Paracet_Tab 500mg,0407010H0AAAMAM,13,0.038999999999999764
148,C82008,Paracet_Tab 500mg,0407010H0AAAMAM,3,0.0384000000000001
149,C82008,Paracet_Tab 500mg,0407010H0AAAMAM,3,0.0384000000000001
502,C82029,Memantine HCl_Tab 20mg,0411000G0AAADAD,7,0.03429999999999996
151,C82018,Paracet_Tab 500mg,0407010H0AAAMAM,5,0.02999999999999982
150,C82018,Paracet_Tab 500mg,0407010H0AAAMAM,5,0.02999999999999982
847,C82046,Atorvastatin_Tab 10mg,0212000B0AAAAAA,12,0.02520000000000014
846,C82623,Atorvastatin_Tab 10mg,0212000B0AAAAAA,12,0.02520000000000014
152,C82643,Paracet_Tab 500mg,0407010H0AAAMAM,9,0.025199999999999848
153,C82643,Paracet_Tab 500mg,0407010H0AAAMAM,9,0.025199999999999848
503,C82643,Memantine HCl_Tab 20mg,0411000G0AAADAD,5,0.024499999999999973
154,C82642,Paracet_Tab 500mg,0407010H0AAAMAM,8,0.023999999999999855
155,C82073,Paracet_Tab 500mg,0407010H0AAAMAM,8,0.023999999999999855
156,C82642,Paracet_Tab 500mg,0407010H0AAAMAM,8,0.023999999999999855
157,C82073,Paracet_Tab 500mg,0407010H0AAAMAM,8,0.023999999999999855
848,C82100,Atorvastatin_Tab 10mg,0212000B0AAAAAA,10,0.021000000000000116
666,C82046,Bisoprolol Fumar_Tab 5mg,0204000H0AAAAAA,5,0.020999999999999873
667,C82005,Bisoprolol Fumar_Tab 5mg,0204000H0AAAAAA,5,0.020999999999999873
507,C82676,Memantine HCl_Tab 20mg,0411000G0AAADAD,4,0.01959999999999998
504,C82107,Memantine HCl_Tab 20mg,0411000G0AAADAD,4,0.01959999999999998
505,C82046,Memantine HCl_Tab 20mg,0411000G0AAADAD,4,0.01959999999999998
506,C82094,Memantine HCl_Tab 20mg,0411000G0AAADAD,4,0.01959999999999998
508,C82030,Memantine HCl_Tab 20mg,0411000G0AAADAD,4,0.01959999999999998
158,C82073,Paracet_Tab 500mg,0407010H0AAAMAM,7,0.01959999999999988
159,C82073,Paracet_Tab 500mg,0407010H0AAAMAM,7,0.01959999999999988
160,C82100,Paracet_Tab 500mg,0407010H0AAAMAM,6,0.019199999999999884
161,C82100,Paracet_Tab 500mg,0407010H0AAAMAM,6,0.019199999999999884
849,C82073,Atorvastatin_Tab 10mg,0212000B0AAAAAA,9,0.018900000000000104
177,C82614,Paracet_Tab 500mg,0407010H0AAAMAM,3,0.01799999999999989
176,C82031,Paracet_Tab 500mg,0407010H0AAAMAM,3,0.01799999999999989
172,C82107,Paracet_Tab 500mg,0407010H0AAAMAM,3,0.01799999999999989
174,C82614,Paracet_Tab 500mg,0407010H0AAAMAM,3,0.01799999999999989
173,C82031,Paracet_Tab 500mg,0407010H0AAAMAM,3,0.01799999999999989
175,C82639,Paracet_Tab 500mg,0407010H0AAAMAM,3,0.01799999999999989
171,C82005,Paracet_Tab 500mg,0407010H0AAAMAM,3,0.01799999999999989
170,C82005,Paracet_Tab 500mg,0407010H0AAAMAM,3,0.01799999999999989
163,Y03587,Paracet_Tab 500mg,0407010H0AAAMAM,3,0.01799999999999989
164,C82060,Paracet_Tab 500mg,0407010H0AAAMAM,3,0.01799999999999989
165,C82107,Paracet_Tab 500mg,0407010H0AAAMAM,3,0.01799999999999989
162,C82639,Paracet_Tab 500mg,0407010H0AAAMAM,3,0.01799999999999989
169,C82073,Paracet_Tab 500mg,0407010H0AAAMAM,3,0.01799999999999989
168,Y03587,Paracet_Tab 500mg,0407010H0AAAMAM,3,0.01799999999999989
167,C82073,Paracet_Tab 500mg,0407010H0AAAMAM,3,0.01799999999999989
166,C82060,Paracet_Tab 500mg,0407010H0AAAMAM,3,0.01799999999999989
852,C82094,Atorvastatin_Tab 10mg,0212000B0AAAAAA,8,0.016800000000000093
851,C82092,Atorvastatin_Tab 10mg,0212000B0AAAAAA,8,0.016800000000000093
850,C82114,Atorvastatin_Tab 10mg,0212000B0AAAAAA,8,0.016800000000000093
178,C82037,Paracet_Tab 500mg,0407010H0AAAMAM,4,0.0167999999999999
179,C82059,Paracet_Tab 500mg,0407010H0AAAMAM,4,0.0167999999999999
191,Y02686,Paracet_Tab 500mg,0407010H0AAAMAM,4,0.0167999999999999
190,C82624,Paracet_Tab 500mg,0407010H0AAAMAM,4,0.0167999999999999
189,C82033,Paracet_Tab 500mg,0407010H0AAAMAM,4,0.0167999999999999
188,C82059,Paracet_Tab 500mg,0407010H0AAAMAM,4,0.0167999999999999
187,C82030,Paracet_Tab 500mg,0407010H0AAAMAM,3,0.0167999999999999
185,C82624,Paracet_Tab 500mg,0407010H0AAAMAM,4,0.0167999999999999
184,C82092,Paracet_Tab 500mg,0407010H0AAAMAM,1,0.0167999999999999
183,C82092,Paracet_Tab 500mg,0407010H0AAAMAM,1,0.0167999999999999
182,C82037,Paracet_Tab 500mg,0407010H0AAAMAM,4,0.0167999999999999
181,Y02686,Paracet_Tab 500mg,0407010H0AAAMAM,4,0.0167999999999999
180,C82030,Paracet_Tab 500mg,0407010H0AAAMAM,3,0.0167999999999999
186,C82033,Paracet_Tab 500mg,0407010H0AAAMAM,4,0.0167999999999999
509,C82073,Memantine HCl_Tab 20mg,0411000G0AAADAD,4,0.015999999999999903
192,C82642,Paracet_Tab 500mg,0407010H0AAAMAM,5,0.013999999999999915
193,C82642,Paracet_Tab 500mg,0407010H0AAAMAM,5,0.013999999999999915
404,C82107,Prednisolone_Tab Solb 5mg,0603020T0AABHBH,3,0.013499999999998513
194,C82053,Paracet_Tab 500mg,0407010H0AAAMAM,2,0.011999999999999927
207,C82639,Paracet_Tab 500mg,0407010H0AAAMAM,1,0.011999999999999927
206,C82659,Paracet_Tab 500mg,0407010H0AAAMAM,2,0.011999999999999927
205,C82614,Paracet_Tab 500mg,0407010H0AAAMAM,4,0.011999999999999927
204,C82614,Paracet_Tab 500mg,0407010H0AAAMAM,4,0.011999999999999927
203,C82659,Paracet_Tab 500mg,0407010H0AAAMAM,2,0.011999999999999927
202,C82053,Paracet_Tab 500mg,0407010H0AAAMAM,2,0.011999999999999927
200,C82008,Paracet_Tab 500mg,0407010H0AAAMAM,2,0.011999999999999927
199,C82639,Paracet_Tab 500mg,0407010H0AAAMAM,1,0.011999999999999927
198,C82008,Paracet_Tab 500mg,0407010H0AAAMAM,2,0.011999999999999927
197,Y00137,Paracet_Tab 500mg,0407010H0AAAMAM,2,0.011999999999999927
201,C82667,Paracet_Tab 500mg,0407010H0AAAMAM,2,0.011999999999999927
196,Y00137,Paracet_Tab 500mg,0407010H0AAAMAM,2,0.011999999999999927
195,C82667,Paracet_Tab 500mg,0407010H0AAAMAM,2,0.011999999999999927
215,C82623,Paracet_Tab 500mg,0407010H0AAAMAM,4,0.011199999999999932
214,C82094,Paracet_Tab 500mg,0407010H0AAAMAM,4,0.011199999999999932
213,C82623,Paracet_Tab 500mg,0407010H0AAAMAM,4,0.011199999999999932
212,C82037,Paracet_Tab 500mg,0407010H0AAAMAM,4,0.011199999999999932
211,C82018,Paracet_Tab 500mg,0407010H0AAAMAM,4,0.011199999999999932
210,C82094,Paracet_Tab 500mg,0407010H0AAAMAM,4,0.011199999999999932
209,C82037,Paracet_Tab 500mg,0407010H0AAAMAM,4,0.011199999999999932
208,C82018,Paracet_Tab 500mg,0407010H0AAAMAM,4,0.011199999999999932
853,C82024,Atorvastatin_Tab 10mg,0212000B0AAAAAA,5,0.010500000000000058
511,C82031,Memantine HCl_Tab 20mg,0411000G0AAADAD,2,0.00979999999999999
510,C82100,Memantine HCl_Tab 20mg,0411000G0AAADAD,2,0.00979999999999999
216,Y02469,Paracet_Tab 500mg,0407010H0AAAMAM,3,0.008999999999999946
217,C82660,Paracet_Tab 500mg,0407010H0AAAMAM,3,0.008999999999999946
218,Y02469,Paracet_Tab 500mg,0407010H0AAAMAM,3,0.008999999999999946
219,C82660,Paracet_Tab 500mg,0407010H0AAAMAM,3,0.008999999999999946
406,C82073,Prednisolone_Tab Solb 5mg,0603020T0AABHBH,2,0.008999999999999009
405,Y00137,Prednisolone_Tab Solb 5mg,0603020T0AABHBH,2,0.008999999999999009
854,Y02686,Atorvastatin_Tab 10mg,0212000B0AAAAAA,4,0.008400000000000046
855,C82107,Atorvastatin_Tab 10mg,0212000B0AAAAAA,2,0.008400000000000046
856,C82053,Atorvastatin_Tab 10mg,0212000B0AAAAAA,4,0.008400000000000046
857,C82037,Atorvastatin_Tab 10mg,0212000B0AAAAAA,2,0.008400000000000046
858,Y00137,Atorvastatin_Tab 10mg,0212000B0AAAAAA,4,0.008400000000000046
859,C82033,Atorvastatin_Tab 10mg,0212000B0AAAAAA,4,0.008400000000000046
860,Y00344,Atorvastatin_Tab 10mg,0212000B0AAAAAA,4,0.008400000000000046
220,C82029,Paracet_Tab 500mg,0407010H0AAAMAM,4,0.00839999999999995
221,C82029,Paracet_Tab 500mg,0407010H0AAAMAM,4,0.00839999999999995
407,C82046,Prednisolone_Tab Solb 5mg,0603020T0AABHBH,2,0.007199999999999207
223,C82073,Paracet_Tab 500mg,0407010H0AAAMAM,5,0.006999999999999958
222,C82073,Paracet_Tab 500mg,0407010H0AAAMAM,5,0.006999999999999958
861,C82680,Atorvastatin_Tab 10mg,0212000B0AAAAAA,3,0.006300000000000035
862,C82107,Atorvastatin_Tab 10mg,0212000B0AAAAAA,3,0.006300000000000035
863,C82086,Atorvastatin_Tab 10mg,0212000B0AAAAAA,3,0.006300000000000035
235,C82099,Paracet_Tab 500mg,0407010H0AAAMAM,1,0.005999999999999964
244,C82626,Paracet_Tab 500mg,0407010H0AAAMAM,1,0.005999999999999964
245,C82046,Paracet_Tab 500mg,0407010H0AAAMAM,2,0.005999999999999964
246,C82088,Paracet_Tab 500mg,0407010H0AAAMAM,1,0.005999999999999964
247,C82029,Paracet_Tab 500mg,0407010H0AAAMAM,1,0.005999999999999964
250,C82020,Paracet_Tab 500mg,0407010H0AAAMAM,1,0.005999999999999964
234,C82037,Paracet_Tab 500mg,0407010H0AAAMAM,1,0.005999999999999964
249,C82024,Paracet_Tab 500mg,0407010H0AAAMAM,1,0.005999999999999964
242,C82651,Paracet_Tab 500mg,0407010H0AAAMAM,1,0.005999999999999964
251,C82099,Paracet_Tab 500mg,0407010H0AAAMAM,1,0.005999999999999964
252,C82037,Paracet_Tab 500mg,0407010H0AAAMAM,1,0.005999999999999964
253,C82623,Paracet_Tab 500mg,0407010H0AAAMAM,1,0.005999999999999964
243,C82086,Paracet_Tab 500mg,0407010H0AAAMAM,1,0.005999999999999964
248,C82086,Paracet_Tab 500mg,0407010H0AAAMAM,1,0.005999999999999964
241,C82046,Paracet_Tab 500mg,0407010H0AAAMAM,2,0.005999999999999964
227,C82080,Paracet_Tab 500mg,0407010H0AAAMAM,2,0.005999999999999964
233,C82626,Paracet_Tab 500mg,0407010H0AAAMAM,1,0.005999999999999964
232,Y02469,Paracet_Tab 500mg,0407010H0AAAMAM,1,0.005999999999999964
231,C82063,Paracet_Tab 500mg,0407010H0AAAMAM,2,0.005999999999999964
240,C82063,Paracet_Tab 500mg,0407010H0AAAMAM,2,0.005999999999999964
229,C82020,Paracet_Tab 500mg,0407010H0AAAMAM,1,0.005999999999999964
228,C82029,Paracet_Tab 500mg,0407010H0AAAMAM,1,0.005999999999999964
230,C82088,Paracet_Tab 500mg,0407010H0AAAMAM,1,0.005999999999999964
226,C82063,Paracet_Tab 500mg,0407010H0AAAMAM,1,0.005999999999999964
225,C82024,Paracet_Tab 500mg,0407010H0AAAMAM,1,0.005999999999999964
224,Y02469,Paracet_Tab 500mg,0407010H0AAAMAM,1,0.005999999999999964
239,C82063,Paracet_Tab 500mg,0407010H0AAAMAM,1,0.005999999999999964
238,C82651,Paracet_Tab 500mg,0407010H0AAAMAM,1,0.005999999999999964
237,C82623,Paracet_Tab 500mg,0407010H0AAAMAM,1,0.005999999999999964
236,C82080,Paracet_Tab 500mg,0407010H0AAAMAM,2,0.005999999999999964
408,C82031,Prednisolone_Tab Solb 5mg,0603020T0AABHBH,2,0.005999999999999339
261,C82639,Paracet_Tab 500mg,0407010H0AAAMAM,1,0.005599999999999966
260,C82094,Paracet_Tab 500mg,0407010H0AAAMAM,4,0.005599999999999966
258,C82029,Paracet_Tab 500mg,0407010H0AAAMAM,4,0.005599999999999966
259,C82019,Paracet_Tab 500mg,0407010H0AAAMAM,2,0.005599999999999966
257,C82639,Paracet_Tab 500mg,0407010H0AAAMAM,1,0.005599999999999966
256,C82094,Paracet_Tab 500mg,0407010H0AAAMAM,4,0.005599999999999966
255,C82019,Paracet_Tab 500mg,0407010H0AAAMAM,2,0.005599999999999966
254,C82029,Paracet_Tab 500mg,0407010H0AAAMAM,4,0.005599999999999966
262,C82643,Paracet_Tab 500mg,0407010H0AAAMAM,1,0.004800000000000054
263,C82088,Paracet_Tab 500mg,0407010H0AAAMAM,1,0.004800000000000054
264,C82088,Paracet_Tab 500mg,0407010H0AAAMAM,1,0.004800000000000054
265,C82643,Paracet_Tab 500mg,0407010H0AAAMAM,1,0.004800000000000054
413,C82019,Prednisolone_Tab Solb 5mg,0603020T0AABHBH,1,0.004499999999999504
411,C82624,Prednisolone_Tab Solb 5mg,0603020T0AABHBH,1,0.004499999999999504
410,C82116,Prednisolone_Tab Solb 5mg,0603020T0AABHBH,1,0.004499999999999504
409,C82063,Prednisolone_Tab Solb 5mg,0603020T0AABHBH,1,0.004499999999999504
414,Y02470,Prednisolone_Tab Solb 5mg,0603020T0AABHBH,1,0.004499999999999504
415,C82642,Prednisolone_Tab Solb 5mg,0603020T0AABHBH,1,0.004499999999999504
416,C82031,Prednisolone_Tab Solb 5mg,0603020T0AABHBH,1,0.004499999999999504
417,C82667,Prednisolone_Tab Solb 5mg,0603020T0AABHBH,3,0.004499999999999504
418,C82623,Prednisolone_Tab Solb 5mg,0603020T0AABHBH,1,0.004499999999999504
412,C82099,Prednisolone_Tab Solb 5mg,0603020T0AABHBH,1,0.004499999999999504
865,C82670,Atorvastatin_Tab 10mg,0212000B0AAAAAA,2,0.004200000000000023
864,Y00137,Atorvastatin_Tab 10mg,0212000B0AAAAAA,1,0.004200000000000023
266,C82643,Paracet_Tab 500mg,0407010H0AAAMAM,3,0.004199999999999975
267,C82643,Paracet_Tab 500mg,0407010H0AAAMAM,3,0.004199999999999975
668,C82099,Bisoprolol Fumar_Tab 5mg,0204000H0AAAAAA,1,0.004199999999999975
669,C82020,Bisoprolol Fumar_Tab 5mg,0204000H0AAAAAA,1,0.004199999999999975
866,C82037,Atorvastatin_Tab 10mg,0212000B0AAAAAA,1,0.004199999999999975
268,C82660,Paracet_Tab 500mg,0407010H0AAAMAM,1,0.0040000000000000105
269,C82660,Paracet_Tab 500mg,0407010H0AAAMAM,1,0.0040000000000000105
423,C82623,Prednisolone_Tab Solb 5mg,0603020T0AABHBH,1,0.0035999999999996035
422,Y02470,Prednisolone_Tab Solb 5mg,0603020T0AABHBH,1,0.0035999999999996035
419,C82099,Prednisolone_Tab Solb 5mg,0603020T0AABHBH,1,0.0035999999999996035
420,C82667,Prednisolone_Tab Solb 5mg,0603020T0AABHBH,1,0.0035999999999996035
421,C82053,Prednisolone_Tab Solb 5mg,0603020T0AABHBH,1,0.0035999999999996035
516,C82660,Sumatriptan_Tab 50mg,0407041T0AAAFAF,1,0.0033999999999998476
867,C82005,Atorvastatin_Tab 10mg,0212000B0AAAAAA,1,0.003200000000000036
275,C82626,Paracet_Tab 500mg,0407010H0AAAMAM,1,0.002999999999999982
280,C82033,Paracet_Tab 500mg,0407010H0AAAMAM,1,0.002999999999999982
278,C82024,Paracet_Tab 500mg,0407010H0AAAMAM,1,0.002999999999999982
277,C82037,Paracet_Tab 500mg,0407010H0AAAMAM,1,0.002999999999999982
276,C82033,Paracet_Tab 500mg,0407010H0AAAMAM,1,0.002999999999999982
274,C82122,Paracet_Tab 500mg,0407010H0AAAMAM,1,0.002999999999999982
273,C82680,Paracet_Tab 500mg,0407010H0AAAMAM,1,0.002999999999999982
272,C82037,Paracet_Tab 500mg,0407010H0AAAMAM,1,0.002999999999999982
282,C82088,Paracet_Tab 500mg,0407010H0AAAMAM,1,0.002999999999999982
271,C82024,Paracet_Tab 500mg,0407010H0AAAMAM,1,0.002999999999999982
270,C82626,Paracet_Tab 500mg,0407010H0AAAMAM,1,0.002999999999999982
281,C82088,Paracet_Tab 500mg,0407010H0AAAMAM,1,0.002999999999999982
279,C82122,Paracet_Tab 500mg,0407010H0AAAMAM,1,0.002999999999999982
283,C82680,Paracet_Tab 500mg,0407010H0AAAMAM,1,0.002999999999999982
424,C82033,Prednisolone_Tab Solb 5mg,0603020T0AABHBH,1,0.0029999999999996696
425,C82018,Prednisolone_Tab Solb 5mg,0603020T0AABHBH,1,0.0029999999999996696
426,C82624,Prednisolone_Tab Solb 5mg,0603020T0AABHBH,1,0.0029999999999996696
868,C82642,Atorvastatin_Tab 10mg,0212000B0AAAAAA,1,0.0028999999999999825
284,C82620,Paracet_Tab 500mg,0407010H0AAAMAM,1,0.002799999999999983
285,C82031,Paracet_Tab 500mg,0407010H0AAAMAM,1,0.002799999999999983
286,C82031,Paracet_Tab 500mg,0407010H0AAAMAM,1,0.002799999999999983
287,C82620,Paracet_Tab 500mg,0407010H0AAAMAM,1,0.002799999999999983
427,C82662,Prednisolone_Tab Solb 5mg,0603020T0AABHBH,1,0.0025999999999999357
428,C82614,Prednisolone_Tab Solb 5mg,0603020T0AABHBH,1,0.0025999999999999357
429,C82643,Prednisolone_Tab Solb 5mg,0603020T0AABHBH,1,0.0014999999999998348
289,C82046,Paracet_Tab 500mg,0407010H0AAAMAM,1,0.0013999999999999915
288,C82046,Paracet_Tab 500mg,0407010H0AAAMAM,1,0.0013999999999999915
618,C82671,Sumatriptan_Tab 50mg,0407041T0AAAFAF,3,0.0
611,C82031,Sumatriptan_Tab 50mg,0407041T0AAAFAF,1,0.0
617,C82088,Sumatriptan_Tab 50mg,0407041T0AAAFAF,1,0.0
616,C82610,Sumatriptan_Tab 50mg,0407041T0AAAFAF,1,0.0
615,C82614,Sumatriptan_Tab 50mg,0407041T0AAAFAF,1,0.0
614,C82018,Sumatriptan_Tab 50mg,0407041T0AAAFAF,6,0.0
613,C82020,Sumatriptan_Tab 50mg,0407041T0AAAFAF,7,0.0
612,C82116,Sumatriptan_Tab 50mg,0407041T0AAAFAF,2,0.0
533,C82639,Sumatriptan_Tab 50mg,0407041T0AAAFAF,2,0.0
534,C82610,Sumatriptan_Tab 50mg,0407041T0AAAFAF,2,0.0
609,Y03587,Sumatriptan_Tab 50mg,0407041T0AAAFAF,3,0.0
608,C82024,Sumatriptan_Tab 50mg,0407041T0AAAFAF,4,0.0
607,C82620,Sumatriptan_Tab 50mg,0407041T0AAAFAF,1,0.0
606,Y02469,Sumatriptan_Tab 50mg,0407041T0AAAFAF,4,0.0
605,C82100,Sumatriptan_Tab 50mg,0407041T0AAAFAF,14,0.0
604,C82676,Sumatriptan_Tab 50mg,0407041T0AAAFAF,2,0.0
620,C82029,Sumatriptan_Tab 50mg,0407041T0AAAFAF,15,0.0
619,C82100,Sumatriptan_Tab 50mg,0407041T0AAAFAF,3,0.0
517,C82073,Sumatriptan_Tab 50mg,0407041T0AAAFAF,5,0.0
621,C82080,Sumatriptan_Tab 50mg,0407041T0AAAFAF,1,0.0
622,C82099,Sumatriptan_Tab 50mg,0407041T0AAAFAF,3,0.0
602,Y02470,Sumatriptan_Tab 50mg,0407041T0AAAFAF,6,0.0
518,C82033,Sumatriptan_Tab 50mg,0407041T0AAAFAF,11,0.0
519,C82063,Sumatriptan_Tab 50mg,0407041T0AAAFAF,7,0.0
520,C82623,Sumatriptan_Tab 50mg,0407041T0AAAFAF,3,0.0
521,C82122,Sumatriptan_Tab 50mg,0407041T0AAAFAF,2,0.0
522,C82643,Sumatriptan_Tab 50mg,0407041T0AAAFAF,2,0.0
523,C82124,Sumatriptan_Tab 50mg,0407041T0AAAFAF,7,0.0
524,Y02686,Sumatriptan_Tab 50mg,0407041T0AAAFAF,1,0.0
525,C82614,Sumatriptan_Tab 50mg,0407041T0AAAFAF,3,0.0
526,C82029,Sumatriptan_Tab 50mg,0407041T0AAAFAF,8,0.0
527,C82019,Sumatriptan_Tab 50mg,0407041T0AAAFAF,9,0.0
528,C82626,Sumatriptan_Tab 50mg,0407041T0AAAFAF,1,0.0
529,C82031,Sumatriptan_Tab 50mg,0407041T0AAAFAF,9,0.0
530,C82008,Sumatriptan_Tab 50mg,0407041T0AAAFAF,1,0.0
531,C82669,Sumatriptan_Tab 50mg,0407041T0AAAFAF,5,0.0
603,C82018,Sumatriptan_Tab 50mg,0407041T0AAAFAF,3,0.0
610,C82024,Sumatriptan_Tab 50mg,0407041T0AAAFAF,5,0.0
601,C82053,Sumatriptan_Tab 50mg,0407041T0AAAFAF,8,0.0
558,C82680,Sumatriptan_Tab 50mg,0407041T0AAAFAF,2,0.0
552,C82107,Sumatriptan_Tab 50mg,0407041T0AAAFAF,3,0.0
553,C82114,Sumatriptan_Tab 50mg,0407041T0AAAFAF,1,0.0
532,C82046,Sumatriptan_Tab 50mg,0407041T0AAAFAF,24,0.0
555,C82008,Sumatriptan_Tab 50mg,0407041T0AAAFAF,11,0.0
556,C82667,Sumatriptan_Tab 50mg,0407041T0AAAFAF,2,0.0
557,C82046,Sumatriptan_Tab 50mg,0407041T0AAAFAF,1,0.0
600,C82031,Sumatriptan_Tab 50mg,0407041T0AAAFAF,6,0.0
567,Y02469,Sumatriptan_Tab 50mg,0407041T0AAAFAF,11,0.0
560,C82105,Sumatriptan_Tab 50mg,0407041T0AAAFAF,1,0.0
561,C82676,Sumatriptan_Tab 50mg,0407041T0AAAFAF,5,0.0
562,C82642,Sumatriptan_Tab 50mg,0407041T0AAAFAF,6,0.0
563,C82667,Sumatriptan_Tab 50mg,0407041T0AAAFAF,6,0.0
564,C82623,Sumatriptan_Tab 50mg,0407041T0AAAFAF,1,0.0
565,C82046,Sumatriptan_Tab 50mg,0407041T0AAAFAF,12,0.0
551,C82053,Sumatriptan_Tab 50mg,0407041T0AAAFAF,6,0.0
550,C82033,Sumatriptan_Tab 50mg,0407041T0AAAFAF,5,0.0
549,C82063,Sumatriptan_Tab 50mg,0407041T0AAAFAF,2,0.0
548,C82005,Sumatriptan_Tab 50mg,0407041T0AAAFAF,1,0.0
547,C82099,Sumatriptan_Tab 50mg,0407041T0AAAFAF,1,0.0
546,C82046,Sumatriptan_Tab 50mg,0407041T0AAAFAF,1,0.0
545,C82100,Sumatriptan_Tab 50mg,0407041T0AAAFAF,2,0.0
544,C82063,Sumatriptan_Tab 50mg,0407041T0AAAFAF,1,0.0
543,C82667,Sumatriptan_Tab 50mg,0407041T0AAAFAF,1,0.0
542,C82610,Sumatriptan_Tab 50mg,0407041T0AAAFAF,1,0.0
541,C82073,Sumatriptan_Tab 50mg,0407041T0AAAFAF,6,0.0
540,C82624,Sumatriptan_Tab 50mg,0407041T0AAAFAF,4,0.0
539,C82086,Sumatriptan_Tab 50mg,0407041T0AAAFAF,1,0.0
538,C82046,Sumatriptan_Tab 50mg,0407041T0AAAFAF,2,0.0
537,C82018,Sumatriptan_Tab 50mg,0407041T0AAAFAF,1,0.0
536,C82669,Sumatriptan_Tab 50mg,0407041T0AAAFAF,1,0.0
535,C82653,Sumatriptan_Tab 50mg,0407041T0AAAFAF,2,0.0
566,C82623,Sumatriptan_Tab 50mg,0407041T0AAAFAF,1,0.0
559,C82639,Sumatriptan_Tab 50mg,0407041T0AAAFAF,3,0.0
568,C82088,Sumatriptan_Tab 50mg,0407041T0AAAFAF,7,0.0
592,C82116,Sumatriptan_Tab 50mg,0407041T0AAAFAF,3,0.0
587,C82037,Sumatriptan_Tab 50mg,0407041T0AAAFAF,2,0.0
588,C82670,Sumatriptan_Tab 50mg,0407041T0AAAFAF,1,0.0
589,C82030,Sumatriptan_Tab 50mg,0407041T0AAAFAF,6,0.0
590,C82030,Sumatriptan_Tab 50mg,0407041T0AAAFAF,5,0.0
591,C82005,Sumatriptan_Tab 50mg,0407041T0AAAFAF,3,0.0
569,C82005,Sumatriptan_Tab 50mg,0407041T0AAAFAF,12,0.0
593,C82063,Sumatriptan_Tab 50mg,0407041T0AAAFAF,8,0.0
585,C82660,Sumatriptan_Tab 50mg,0407041T0AAAFAF,5,0.0
594,Y00137,Sumatriptan_Tab 50mg,0407041T0AAAFAF,1,0.0
595,C82029,Sumatriptan_Tab 50mg,0407041T0AAAFAF,1,0.0
596,C82651,Sumatriptan_Tab 50mg,0407041T0AAAFAF,1,0.0
597,C82122,Sumatriptan_Tab 50mg,0407041T0AAAFAF,2,0.0
598,C82088,Sumatriptan_Tab 50mg,0407041T0AAAFAF,1,0.0
599,C82671,Sumatriptan_Tab 50mg,0407041T0AAAFAF,1,0.0
586,Y00137,Sumatriptan_Tab 50mg,0407041T0AAAFAF,2,0.0
554,C82020,Sumatriptan_Tab 50mg,0407041T0AAAFAF,10,0.0
584,C82084,Sumatriptan_Tab 50mg,0407041T0AAAFAF,5,0.0
577,C82122,Sumatriptan_Tab 50mg,0407041T0AAAFAF,1,0.0
570,C82643,Sumatriptan_Tab 50mg,0407041T0AAAFAF,3,0.0
571,C82008,Sumatriptan_Tab 50mg,0407041T0AAAFAF,1,0.0
572,C82680,Sumatriptan_Tab 50mg,0407041T0AAAFAF,3,0.0
573,C82080,Sumatriptan_Tab 50mg,0407041T0AAAFAF,2,0.0
574,Y02686,Sumatriptan_Tab 50mg,0407041T0AAAFAF,2,0.0
575,C82620,Sumatriptan_Tab 50mg,0407041T0AAAFAF,1,0.0
583,C82060,Sumatriptan_Tab 50mg,0407041T0AAAFAF,2,0.0
576,C82086,Sumatriptan_Tab 50mg,0407041T0AAAFAF,5,0.0
582,C82624,Sumatriptan_Tab 50mg,0407041T0AAAFAF,4,0.0
581,C82094,Sumatriptan_Tab 50mg,0407041T0AAAFAF,9,0.0
580,C82124,Sumatriptan_Tab 50mg,0407041T0AAAFAF,5,0.0
579,C82642,Sumatriptan_Tab 50mg,0407041T0AAAFAF,2,0.0
578,C82018,Sumatriptan_Tab 50mg,0407041T0AAAFAF,1,0.0
433,C82100,Prednisolone_Tab Solb 5mg,0603020T0AABHBH,1,-0.0011999999999998678
432,C82676,Prednisolone_Tab Solb 5mg,0603020T0AABHBH,1,-0.0011999999999998678
430,C82107,Prednisolone_Tab Solb 5mg,0603020T0AABHBH,1,-0.0011999999999998678
431,Y02470,Prednisolone_Tab Solb 5mg,0603020T0AABHBH,1,-0.0011999999999998678
291,C82643,Paracet_Tab 500mg,0407010H0AAAMAM,1,-0.001999999999999988
294,C82643,Paracet_Tab 500mg,0407010H0AAAMAM,1,-0.001999999999999988
295,Y02469,Paracet_Tab 500mg,0407010H0AAAMAM,1,-0.001999999999999988
292,C82107,Paracet_Tab 500mg,0407010H0AAAMAM,1,-0.001999999999999988
293,Y02469,Paracet_Tab 500mg,0407010H0AAAMAM,1,-0.001999999999999988
290,C82107,Paracet_Tab 500mg,0407010H0AAAMAM,1,-0.001999999999999988
434,C82073,Prednisolone_Tab Solb 5mg,0603020T0AABHBH,1,-0.0023999999999997357
435,C82046,Prednisolone_Tab Solb 5mg,0603020T0AABHBH,1,-0.0023999999999997357
436,C82122,Prednisolone_Tab Solb 5mg,0603020T0AABHBH,1,-0.0023999999999997357
437,Y02470,Prednisolone_Tab Solb 5mg,0603020T0AABHBH,1,-0.0023999999999997357
438,C82024,Prednisolone_Tab Solb 5mg,0603020T0AABHBH,1,-0.0023999999999997357
439,Y02469,Prednisolone_Tab Solb 5mg,0603020T0AABHBH,1,-0.0023999999999997357
440,C82063,Prednisolone_Tab Solb 5mg,0603020T0AABHBH,1,-0.0027999999999996916
623,C82614,Sumatriptan_Tab 50mg,0407041T0AAAFAF,1,-0.0027999999999996916
624,C82005,Sumatriptan_Tab 50mg,0407041T0AAAFAF,1,-0.0027999999999996916
625,C82063,Sumatriptan_Tab 50mg,0407041T0AAAFAF,1,-0.0027999999999996916
671,Y02686,Bisoprolol Fumar_Tab 5mg,0204000H0AAAAAA,1,-0.0028000000000000073
670,C82088,Bisoprolol Fumar_Tab 5mg,0204000H0AAAAAA,1,-0.0028000000000000073
626,C82073,Sumatriptan_Tab 50mg,0407041T0AAAFAF,1,-0.0028000000000004688
512,C82063,Memantine HCl_Tab 20mg,0411000G0AAADAD,1,-0.002999999999999947
870,C82626,Atorvastatin_Tab 10mg,0212000B0AAAAAA,1,-0.002999999999999982
869,C82107,Atorvastatin_Tab 10mg,0212000B0AAAAAA,1,-0.002999999999999982
871,Y00137,Atorvastatin_Tab 10mg,0212000B0AAAAAA,1,-0.002999999999999982
872,C82060,Atorvastatin_Tab 10mg,0212000B0AAAAAA,1,-0.002999999999999982
672,C82033,Bisoprolol Fumar_Tab 5mg,0204000H0AAAAAA,1,-0.003000000000000086
673,C82659,Bisoprolol Fumar_Tab 5mg,0204000H0AAAAAA,1,-0.003000000000000086
674,C82667,Bisoprolol Fumar_Tab 5mg,0204000H0AAAAAA,1,-0.003000000000000086
627,C82053,Sumatriptan_Tab 50mg,0407041T0AAAFAF,1,-0.0032000000000000917
628,Y02686,Sumatriptan_Tab 50mg,0407041T0AAAFAF,1,-0.0032000000000000917
675,C82033,Bisoprolol Fumar_Tab 5mg,0204000H0AAAAAA,1,-0.0035000000000001003
441,C82018,Prednisolone_Tab Solb 5mg,0603020T0AABHBH,1,-0.0035999999999996035
446,C82073,Prednisolone_Tab Solb 5mg,0603020T0AABHBH,1,-0.0035999999999996035
442,C82019,Prednisolone_Tab Solb 5mg,0603020T0AABHBH,1,-0.0035999999999996035
443,C82024,Prednisolone_Tab Solb 5mg,0603020T0AABHBH,1,-0.0035999999999996035
444,C82624,Prednisolone_Tab Solb 5mg,0603020T0AABHBH,1,-0.0035999999999996035
445,C82008,Prednisolone_Tab Solb 5mg,0603020T0AABHBH,1,-0.0035999999999996035
451,C82680,Prednisolone_Tab Solb 5mg,0603020T0AABHBH,1,-0.0039999999999995595
455,C82029,Prednisolone_Tab Solb 5mg,0603020T0AABHBH,1,-0.0039999999999995595
456,C82639,Prednisolone_Tab Solb 5mg,0603020T0AABHBH,1,-0.0039999999999995595
450,Y00137,Prednisolone_Tab Solb 5mg,0603020T0AABHBH,1,-0.0039999999999995595
447,Y02469,Prednisolone_Tab Solb 5mg,0603020T0AABHBH,1,-0.0039999999999995595
448,Y02470,Prednisolone_Tab Solb 5mg,0603020T0AABHBH,1,-0.0039999999999995595
449,C82642,Prednisolone_Tab Solb 5mg,0603020T0AABHBH,1,-0.0039999999999995595
454,C82046,Prednisolone_Tab Solb 5mg,0603020T0AABHBH,1,-0.0039999999999995595
453,C82624,Prednisolone_Tab Solb 5mg,0603020T0AABHBH,1,-0.0039999999999995595
452,Y03587,Prednisolone_Tab Solb 5mg,0603020T0AABHBH,1,-0.0039999999999995595
301,C82033,Paracet_Tab 500mg,0407010H0AAAMAM,1,-0.003999999999999976
300,C82676,Paracet_Tab 500mg,0407010H0AAAMAM,1,-0.003999999999999976
296,C82019,Paracet_Tab 500mg,0407010H0AAAMAM,1,-0.003999999999999976
297,C82033,Paracet_Tab 500mg,0407010H0AAAMAM,1,-0.003999999999999976
299,C82019,Paracet_Tab 500mg,0407010H0AAAMAM,1,-0.003999999999999976
298,C82676,Paracet_Tab 500mg,0407010H0AAAMAM,1,-0.003999999999999976
457,Y02469,Prednisolone_Tab Solb 5mg,0603020T0AABHBH,1,-0.0041999999999995374
464,Y00137,Prednisolone_Tab Solb 5mg,0603020T0AABHBH,1,-0.004799999999999471
471,C82029,Prednisolone_Tab Solb 5mg,0603020T0AABHBH,1,-0.004799999999999471
470,C82122,Prednisolone_Tab Solb 5mg,0603020T0AABHBH,1,-0.004799999999999471
469,C82063,Prednisolone_Tab Solb 5mg,0603020T0AABHBH,2,-0.004799999999999471
467,C82105,Prednisolone_Tab Solb 5mg,0603020T0AABHBH,1,-0.004799999999999471
466,C82667,Prednisolone_Tab Solb 5mg,0603020T0AABHBH,1,-0.004799999999999471
465,C82086,Prednisolone_Tab Solb 5mg,0603020T0AABHBH,1,-0.004799999999999471
462,C82088,Prednisolone_Tab Solb 5mg,0603020T0AABHBH,2,-0.004799999999999471
463,C82037,Prednisolone_Tab Solb 5mg,0603020T0AABHBH,1,-0.004799999999999471
461,C82094,Prednisolone_Tab Solb 5mg,0603020T0AABHBH,1,-0.004799999999999471
460,C82107,Prednisolone_Tab Solb 5mg,0603020T0AABHBH,1,-0.004799999999999471
459,C82088,Prednisolone_Tab Solb 5mg,0603020T0AABHBH,1,-0.004799999999999471
458,C82030,Prednisolone_Tab Solb 5mg,0603020T0AABHBH,1,-0.004799999999999471
473,C82005,Prednisolone_Tab Solb 5mg,0603020T0AABHBH,1,-0.004799999999999471
472,C82667,Prednisolone_Tab Solb 5mg,0603020T0AABHBH,2,-0.004799999999999471
468,C82100,Prednisolone_Tab Solb 5mg,0603020T0AABHBH,1,-0.004799999999999471
474,C82624,Prednisolone_Tab Solb 5mg,0603020T0AABHBH,1,-0.004799999999999471
475,C82624,Prednisolone_Tab Solb 5mg,0603020T0AABHBH,2,-0.004799999999999471
476,Y02470,Prednisolone_Tab Solb 5mg,0603020T0AABHBH,1,-0.0047999999999999154
477,C82053,Prednisolone_Tab Solb 5mg,0603020T0AABHBH,1,-0.0047999999999999154
478,C82667,Prednisolone_Tab Solb 5mg,0603020T0AABHBH,1,-0.0047999999999999154
479,C82029,Prednisolone_Tab Solb 5mg,0603020T0AABHBH,1,-0.0047999999999999154
304,C82029,Paracet_Tab 500mg,0407010H0AAAMAM,1,-0.004799999999999971
303,C82626,Paracet_Tab 500mg,0407010H0AAAMAM,1,-0.004799999999999971
302,C82626,Paracet_Tab 500mg,0407010H0AAAMAM,1,-0.004799999999999971
305,C82029,Paracet_Tab 500mg,0407010H0AAAMAM,1,-0.004799999999999971
307,C82088,Paracet_Tab 500mg,0407010H0AAAMAM,1,-0.004799999999999999
306,C82088,Paracet_Tab 500mg,0407010H0AAAMAM,1,-0.004799999999999999
629,C82033,Sumatriptan_Tab 50mg,0407041T0AAAFAF,2,-0.005599999999999383
308,C82124,Paracet_Tab 500mg,0407010H0AAAMAM,1,-0.005599999999999966
316,C82124,Paracet_Tab 500mg,0407010H0AAAMAM,1,-0.005599999999999966
323,C82088,Paracet_Tab 500mg,0407010H0AAAMAM,1,-0.005599999999999966
322,C82667,Paracet_Tab 500mg,0407010H0AAAMAM,1,-0.005599999999999966
321,C82024,Paracet_Tab 500mg,0407010H0AAAMAM,1,-0.005599999999999966
320,C82107,Paracet_Tab 500mg,0407010H0AAAMAM,1,-0.005599999999999966
319,C82094,Paracet_Tab 500mg,0407010H0AAAMAM,1,-0.005599999999999966
318,C82037,Paracet_Tab 500mg,0407010H0AAAMAM,1,-0.005599999999999966
317,C82024,Paracet_Tab 500mg,0407010H0AAAMAM,1,-0.005599999999999966
310,C82667,Paracet_Tab 500mg,0407010H0AAAMAM,1,-0.005599999999999966
315,C82624,Paracet_Tab 500mg,0407010H0AAAMAM,1,-0.005599999999999966
314,C82094,Paracet_Tab 500mg,0407010H0AAAMAM,1,-0.005599999999999966
309,C82088,Paracet_Tab 500mg,0407010H0AAAMAM,1,-0.005599999999999966
313,C82037,Paracet_Tab 500mg,0407010H0AAAMAM,1,-0.005599999999999966
312,C82624,Paracet_Tab 500mg,0407010H0AAAMAM,1,-0.005599999999999966
311,C82107,Paracet_Tab 500mg,0407010H0AAAMAM,1,-0.005599999999999966
677,C82031,Bisoprolol Fumar_Tab 5mg,0204000H0AAAAAA,2,-0.005600000000000015
676,C82086,Bisoprolol Fumar_Tab 5mg,0204000H0AAAAAA,2,-0.005600000000000015
678,C82020,Bisoprolol Fumar_Tab 5mg,0204000H0AAAAAA,2,-0.005600000000000015
879,C82660,Terbinafine HCl_Tab 250mg,0502050C0AAAAAA,1,-0.005999999999999339
325,C82642,Paracet_Tab 500mg,0407010H0AAAMAM,3,-0.005999999999999964
324,C82642,Paracet_Tab 500mg,0407010H0AAAMAM,3,-0.005999999999999964
873,C82614,Atorvastatin_Tab 10mg,0212000B0AAAAAA,2,-0.005999999999999964
480,C82116,Prednisolone_Tab Solb 5mg,0603020T0AABHBH,2,-0.007199999999999207
481,C82099,Prednisolone_Tab Solb 5mg,0603020T0AABHBH,2,-0.007999999999999119
329,C82031,Paracet_Tab 500mg,0407010H0AAAMAM,2,-0.007999999999999952
328,C82626,Paracet_Tab 500mg,0407010H0AAAMAM,2,-0.007999999999999952
327,C82031,Paracet_Tab 500mg,0407010H0AAAMAM,2,-0.007999999999999952
326,C82626,Paracet_Tab 500mg,0407010H0AAAMAM,2,-0.007999999999999952
679,C82671,Bisoprolol Fumar_Tab 5mg,0204000H0AAAAAA,3,-0.008400000000000022
874,C82088,Atorvastatin_Tab 10mg,0212000B0AAAAAA,1,-0.008999999999999946
482,C82660,Prednisolone_Tab Solb 5mg,0603020T0AABHBH,2,-0.009599999999998943
483,C82031,Prednisolone_Tab Solb 5mg,0603020T0AABHBH,2,-0.009599999999998943
484,C82060,Prednisolone_Tab Solb 5mg,0603020T0AABHBH,2,-0.009599999999998943
485,C82100,Prednisolone_Tab Solb 5mg,0603020T0AABHBH,2,-0.009599999999999831
334,C82031,Paracet_Tab 500mg,0407010H0AAAMAM,2,-0.011199999999999932
335,Y00137,Paracet_Tab 500mg,0407010H0AAAMAM,2,-0.011199999999999932
331,C82662,Paracet_Tab 500mg,0407010H0AAAMAM,2,-0.011199999999999932
330,C82662,Paracet_Tab 500mg,0407010H0AAAMAM,2,-0.011199999999999932
332,Y00137,Paracet_Tab 500mg,0407010H0AAAMAM,2,-0.011199999999999932
333,C82031,Paracet_Tab 500mg,0407010H0AAAMAM,2,-0.011199999999999932
681,C82059,Bisoprolol Fumar_Tab 5mg,0204000H0AAAAAA,4,-0.01120000000000003
680,C82620,Bisoprolol Fumar_Tab 5mg,0204000H0AAAAAA,4,-0.01120000000000003
682,C82107,Bisoprolol Fumar_Tab 5mg,0204000H0AAAAAA,4,-0.01120000000000003
683,C82680,Bisoprolol Fumar_Tab 5mg,0204000H0AAAAAA,1,-0.012000000000000344
685,C82667,Bisoprolol Fumar_Tab 5mg,0204000H0AAAAAA,5,-0.014000000000000037
684,C82094,Bisoprolol Fumar_Tab 5mg,0204000H0AAAAAA,5,-0.014000000000000037
487,Y02470,Prednisolone_Tab Solb 5mg,0603020T0AABHBH,3,-0.014399999999998414
486,C82046,Prednisolone_Tab Solb 5mg,0603020T0AABHBH,3,-0.014399999999998414
337,C82063,Paracet_Tab 500mg,0407010H0AAAMAM,3,-0.0167999999999999
336,C82063,Paracet_Tab 500mg,0407010H0AAAMAM,3,-0.0167999999999999
686,C82080,Bisoprolol Fumar_Tab 5mg,0204000H0AAAAAA,6,-0.016800000000000044
688,C82029,Bisoprolol Fumar_Tab 5mg,0204000H0AAAAAA,7,-0.01960000000000005
687,C82024,Bisoprolol Fumar_Tab 5mg,0204000H0AAAAAA,7,-0.01960000000000005
338,C82008,Paracet_Tab 500mg,0407010H0AAAMAM,4,-0.022399999999999864
339,Y02686,Paracet_Tab 500mg,0407010H0AAAMAM,4,-0.022399999999999864
340,C82008,Paracet_Tab 500mg,0407010H0AAAMAM,4,-0.022399999999999864
341,Y02686,Paracet_Tab 500mg,0407010H0AAAMAM,4,-0.022399999999999864
342,Y02686,Paracet_Tab 500mg,0407010H0AAAMAM,6,-0.023999999999999855
343,Y02686,Paracet_Tab 500mg,0407010H0AAAMAM,6,-0.023999999999999855
689,C82030,Bisoprolol Fumar_Tab 5mg,0204000H0AAAAAA,9,-0.025200000000000066
346,C82053,Paracet_Tab 500mg,0407010H0AAAMAM,5,-0.02799999999999983
345,C82053,Paracet_Tab 500mg,0407010H0AAAMAM,5,-0.02799999999999983
344,C82680,Paracet_Tab 500mg,0407010H0AAAMAM,5,-0.02799999999999983
347,C82680,Paracet_Tab 500mg,0407010H0AAAMAM,5,-0.02799999999999983
690,C82046,Bisoprolol Fumar_Tab 5mg,0204000H0AAAAAA,10,-0.028000000000000073
348,C82660,Paracet_Tab 500mg,0407010H0AAAMAM,6,-0.0335999999999998
349,C82100,Paracet_Tab 500mg,0407010H0AAAMAM,6,-0.0335999999999998
350,C82100,Paracet_Tab 500mg,0407010H0AAAMAM,6,-0.0335999999999998
351,C82660,Paracet_Tab 500mg,0407010H0AAAMAM,6,-0.0335999999999998
691,C82660,Bisoprolol Fumar_Tab 5mg,0204000H0AAAAAA,12,-0.03360000000000009
875,C82659,Atorvastatin_Tab 10mg,0212000B0AAAAAA,2,-0.03599999999999978
693,C82623,Bisoprolol Fumar_Tab 5mg,0204000H0AAAAAA,13,-0.0364000000000001
692,C82114,Bisoprolol Fumar_Tab 5mg,0204000H0AAAAAA,13,-0.0364000000000001
352,C82670,Paracet_Tab 500mg,0407010H0AAAMAM,7,-0.03919999999999976
353,C82653,Paracet_Tab 500mg,0407010H0AAAMAM,7,-0.03919999999999976
354,C82653,Paracet_Tab 500mg,0407010H0AAAMAM,7,-0.03919999999999976
355,C82670,Paracet_Tab 500mg,0407010H0AAAMAM,7,-0.03919999999999976
356,C82643,Paracet_Tab 500mg,0407010H0AAAMAM,11,-0.043999999999999734
357,C82643,Paracet_Tab 500mg,0407010H0AAAMAM,11,-0.043999999999999734
362,C82033,Paracet_Tab 500mg,0407010H0AAAMAM,8,-0.04479999999999973
363,C82033,Paracet_Tab 500mg,0407010H0AAAMAM,8,-0.04479999999999973
358,C82114,Paracet_Tab 500mg,0407010H0AAAMAM,8,-0.04479999999999973
359,C82020,Paracet_Tab 500mg,0407010H0AAAMAM,8,-0.04479999999999973
361,C82114,Paracet_Tab 500mg,0407010H0AAAMAM,8,-0.04479999999999973
360,C82020,Paracet_Tab 500mg,0407010H0AAAMAM,8,-0.04479999999999973
694,C82643,Bisoprolol Fumar_Tab 5mg,0204000H0AAAAAA,16,-0.04480000000000012
695,C82037,Bisoprolol Fumar_Tab 5mg,0204000H0AAAAAA,18,-0.05040000000000013
696,C82073,Bisoprolol Fumar_Tab 5mg,0204000H0AAAAAA,20,-0.05600000000000015
697,C82019,Bisoprolol Fumar_Tab 5mg,0204000H0AAAAAA,23,-0.06440000000000017
364,C82073,Paracet_Tab 500mg,0407010H0AAAMAM,12,-0.0671999999999996
366,C82620,Paracet_Tab 500mg,0407010H0AAAMAM,12,-0.0671999999999996
367,C82073,Paracet_Tab 500mg,0407010H0AAAMAM,12,-0.0671999999999996
365,C82620,Paracet_Tab 500mg,0407010H0AAAMAM,12,-0.0671999999999996
369,C82080,Paracet_Tab 500mg,0407010H0AAAMAM,15,-0.08399999999999949
368,C82080,Paracet_Tab 500mg,0407010H0AAAMAM,15,-0.08399999999999949
371,C82046,Paracet_Tab 500mg,0407010H0AAAMAM,28,-0.17919999999999892
370,C82046,Paracet_Tab 500mg,0407010H0AAAMAM,28,-0.17919999999999892
373,C82019,Paracet_Tab 500mg,0407010H0AAAMAM,48,-0.2687999999999984
372,C82019,Paracet_Tab 500mg,0407010H0AAAMAM,48,-0.2687999999999984
698,C82018,Bisoprolol Fumar_Tab 5mg,0204000H0AAAAAA,101,-0.2828000000000007
374,C82018,Paracet_Tab 500mg,0407010H0AAAMAM,61,-0.3415999999999979
375,C82018,Paracet_Tab 500mg,0407010H0AAAMAM,61,-0.3415999999999979
495,C82031,Esomeprazole_Tab E/C 20mg,0103050E0AAAAAA,10,-0.4479999999999973
496,C82680,Esomeprazole_Tab E/C 20mg,0103050E0AAAAAA,3,-0.453599999999999
497,C82018,Esomeprazole_Tab E/C 20mg,0103050E0AAAAAA,5,-0.46199999999999963
498,C82037,Esomeprazole_Tab E/C 20mg,0103050E0AAAAAA,7,-0.47039999999999715
376,Y02686,Paracet_Tab 500mg,0407010H0AAAMAM,3,-0.7055999999999998
377,Y02686,Paracet_Tab 500mg,0407010H0AAAMAM,3,-0.7055999999999998
378,C82031,Paracet_Tab 500mg,0407010H0AAAMAM,55,-1.0999999999999934
379,C82031,Paracet_Tab 500mg,0407010H0AAAMAM,55,-1.0999999999999934
380,Y00137,Paracet_Tab 500mg,0407010H0AAAMAM,31,-1.2399999999999924
381,Y00137,Paracet_Tab 500mg,0407010H0AAAMAM,31,-1.2399999999999924
382,C82105,Paracet_Tab 500mg,0407010H0AAAMAM,8,-1.2799999999999978
383,C82105,Paracet_Tab 500mg,0407010H0AAAMAM,8,-1.2799999999999978
385,Y02686,Paracet_Tab 500mg,0407010H0AAAMAM,8,-1.4335999999999975
384,Y02686,Paracet_Tab 500mg,0407010H0AAAMAM,8,-1.4335999999999975
387,C82046,Paracet_Tab 500mg,0407010H0AAAMAM,26,-1.4559999999999989
386,C82046,Paracet_Tab 500mg,0407010H0AAAMAM,26,-1.4559999999999989
389,C82029,Paracet_Tab 500mg,0407010H0AAAMAM,2,-1.92
388,C82029,Paracet_Tab 500mg,0407010H0AAAMAM,2,-1.92
391,C82105,Paracet_Tab 500mg,0407010H0AAAMAM,2,-2.5599999999999996
390,C82105,Paracet_Tab 500mg,0407010H0AAAMAM,2,-2.5599999999999996
