,practice_code,bnf_description,bnf_code,items,excess_cost
0,G82011,Amiodarone HCl_Tab 200mg,0203020D0AAABAB,1,0.3500000000000003
1,G82011,Atorvastatin_Tab 60mg,0212000B0AAAPAP,4,1.1088000000000022
2,G82011,Clonazepam_Tab 500mcg,0408010F0AAABAB,12,3.559499999999993
3,G82014,Amiodarone HCl_Tab 200mg,0203020D0AAABAB,10,2.788800000000002
4,G82014,Clonazepam_Tab 500mcg,0408010F0AAABAB,50,24.848699999999948
5,G82014,Mesalazine_Tab E/C 800mg,0105010B0AAASAS,2,-45.91999999999999
6,G82014,Paracet_Tab Solb 500mg,0407010H0AAAQAQ,6,73.468
7,G82014,Pyridox HCl_Tab 50mg,0906024N0AAAIAI,4,5.266800000000001
8,G82014,Risperidone_Tab 6mg,040201030AAAFAF,1,29.2096
9,G82014,Topiramate_Tab 200mg,040801050AAACAC,1,2.3183999999999996
10,G82051,Amiodarone HCl_Tab 200mg,0203020D0AAABAB,5,1.7500000000000016
11,G82051,Clonazepam_Tab 500mcg,0408010F0AAABAB,16,10.441199999999977
12,G82051,Mesalazine_Tab E/C 800mg,0105010B0AAASAS,6,134.06999999999996
13,G82051,Paracet_Tab Solb 500mg,0407010H0AAAQAQ,2,-0.011999999999998678
14,G82051,Tetrabenazine_Tab 25mg,0409030C0AAAAAA,1,1.0739999999999983
15,G82051,Topiramate_Tab 200mg,040801050AAACAC,1,2.489999999999999
16,G82077,Amiodarone HCl_Tab 200mg,0203020D0AAABAB,10,3.500000000000003
17,G82077,Atorvastatin_Tab 60mg,0212000B0AAAPAP,6,6.652800000000013
18,G82077,Clonazepam_Tab 500mcg,0408010F0AAABAB,8,4.8363999999999905
19,G82077,Mesalazine_Tab E/C 800mg,0105010B0AAASAS,3,-1.2120000000000033
20,G82077,Pyridox HCl_Tab 50mg,0906024N0AAAIAI,1,0.4788000000000001
21,G82077,Topiramate_Cap 50mg,040801050AAAWAW,3,6.419999999999993
22,G82095,Amiodarone HCl_Tab 200mg,0203020D0AAABAB,5,2.8000000000000025
23,G82095,Clonazepam_Tab 500mcg,0408010F0AAABAB,26,10.480299999999978
24,G82095,Mesalazine_Tab E/C 800mg,0105010B0AAASAS,2,-59.859999999999985
25,G82095,Pyridox HCl_Tab 50mg,0906024N0AAAIAI,2,1.5048000000000004
26,G82095,Topiramate_Tab 200mg,040801050AAACAC,1,2.489999999999999
27,G82100,Amiodarone HCl_Tab 200mg,0203020D0AAABAB,2,0.722000000000001
28,G82100,Clonazepam_Tab 500mcg,0408010F0AAABAB,22,3.005799999999994
29,G82100,Mesalazine_Tab E/C 800mg,0105010B0AAASAS,1,17.219999999999995
30,G82100,Paracet_Tab Solb 500mg,0407010H0AAAQAQ,2,-0.011999999999998678
31,G82100,Tetrabenazine_Tab 25mg,0409030C0AAAAAA,1,2.998799999999996
32,G82106,Clonazepam_Tab 500mcg,0408010F0AAABAB,8,3.1865999999999937
33,G82106,Pyridox HCl_Tab 50mg,0906024N0AAAIAI,2,2.8728000000000007
34,G82108,Amiodarone HCl_Tab 200mg,0203020D0AAABAB,3,1.050000000000001
35,G82108,Clonazepam_Tab 500mcg,0408010F0AAABAB,69,16.41259999999997
36,G82108,Topiramate_Tab 200mg,040801050AAACAC,28,16.150400000000005
37,G82109,Amiodarone HCl_Tab 200mg,0203020D0AAABAB,1,0.7000000000000006
38,G82109,Clonazepam_Tab 500mcg,0408010F0AAABAB,4,0.949199999999998
39,G82109,Paracet_Tab Solb 500mg,0407010H0AAAQAQ,2,-0.011999999999998678
40,G82109,Topiramate_Cap 50mg,040801050AAAWAW,1,1.2839999999999985
41,G82113,Amiodarone HCl_Tab 200mg,0203020D0AAABAB,8,2.0888000000000018
42,G82113,Clonazepam_Tab 500mcg,0408010F0AAABAB,59,19.49469999999996
43,G82113,Topiramate_Cap 50mg,040801050AAAWAW,1,1.1983999999999986
44,G82113,Topiramate_Tab 200mg,040801050AAACAC,1,2.489999999999999
45,G82123,Atorvastatin_Tab 60mg,0212000B0AAAPAP,3,3.3264000000000067
46,G82123,Clonazepam_Tab 500mcg,0408010F0AAABAB,20,6.418399999999987
47,G82123,Mesalazine_Tab E/C 800mg,0105010B0AAASAS,1,17.219999999999995
48,G82123,Paracet_Tab Solb 500mg,0407010H0AAAQAQ,2,-0.011999999999998678
49,G82123,Pyridox HCl_Tab 50mg,0906024N0AAAIAI,1,0.4788000000000001
50,G82123,Risperidone_Tab 6mg,040201030AAAFAF,1,87.6288
51,G82123,Topiramate_Cap 50mg,040801050AAAWAW,3,3.0787999999999967
52,G82129,Amiodarone HCl_Tab 200mg,0203020D0AAABAB,5,0.4235
53,G82129,Clonazepam_Tab 500mcg,0408010F0AAABAB,11,5.911799999999987
54,G82133,Amiodarone HCl_Tab 200mg,0203020D0AAABAB,1,0.3500000000000003
55,G82133,Clonazepam_Tab 500mcg,0408010F0AAABAB,12,6.497499999999986
56,G82133,Mesalazine_Tab E/C 800mg,0105010B0AAASAS,1,-11.479999999999997
57,G82133,Tetrabenazine_Tab 25mg,0409030C0AAAAAA,6,24.20159999999997
58,G82133,Topiramate_Tab 200mg,040801050AAACAC,1,4.979999999999998
59,G82139,Clonazepam_Tab 500mcg,0408010F0AAABAB,3,2.120399999999996
60,G82139,Pyridox HCl_Tab 50mg,0906024N0AAAIAI,1,1.4364000000000003
61,G82154,Amiodarone HCl_Tab 200mg,0203020D0AAABAB,3,2.100000000000002
62,G82154,Clonazepam_Tab 500mcg,0408010F0AAABAB,1,0.6327999999999987
63,G82154,Pyridox HCl_Tab 50mg,0906024N0AAAIAI,1,3.830400000000001
64,G82154,Topiramate_Cap 50mg,040801050AAAWAW,1,2.396799999999997
65,G82161,Amiodarone HCl_Tab 200mg,0203020D0AAABAB,8,4.200000000000004
66,G82161,Atorvastatin_Tab 60mg,0212000B0AAAPAP,2,4.435200000000009
67,G82161,Clonazepam_Tab 500mcg,0408010F0AAABAB,29,19.48179999999996
68,G82161,Mesalazine_Tab E/C 800mg,0105010B0AAASAS,2,51.65999999999998
69,G82161,Paracet_Tab Solb 500mg,0407010H0AAAQAQ,2,-0.011999999999998678
70,G82161,Tetrabenazine_Tab 25mg,0409030C0AAAAAA,1,5.997599999999992
71,G82161,Topiramate_Cap 50mg,040801050AAAWAW,3,0.4620000000000004
72,G82161,Topiramate_Tab 200mg,040801050AAACAC,1,4.979999999999998
73,G82162,Amiodarone HCl_Tab 200mg,0203020D0AAABAB,4,1.4000000000000012
74,G82162,Clonazepam_Tab 500mcg,0408010F0AAABAB,10,3.954999999999992
75,G82162,Pyridox HCl_Tab 50mg,0906024N0AAAIAI,2,1.9152000000000005
76,G82180,Amiodarone HCl_Tab 200mg,0203020D0AAABAB,3,1.7500000000000016
77,G82180,Clonazepam_Tab 500mcg,0408010F0AAABAB,10,7.559699999999983
78,G82180,Topiramate_Cap 50mg,040801050AAAWAW,1,1.2839999999999985
79,G82184,Clonazepam_Tab 500mcg,0408010F0AAABAB,4,1.943599999999996
80,G82198,Amiodarone HCl_Tab 200mg,0203020D0AAABAB,3,4.200000000000004
81,G82198,Atorvastatin_Tab 60mg,0212000B0AAAPAP,1,1.1088000000000022
82,G82198,Clonazepam_Tab 500mcg,0408010F0AAABAB,5,2.847599999999994
83,G82198,Topiramate_Tab 200mg,040801050AAACAC,1,7.469999999999997
84,G82203,Amiodarone HCl_Tab 200mg,0203020D0AAABAB,4,1.7500000000000016
85,G82203,Clonazepam_Tab 500mcg,0408010F0AAABAB,12,4.51599999999999
86,G82203,Pyridox HCl_Tab 50mg,0906024N0AAAIAI,2,4.788000000000001
87,G82203,Tetrabenazine_Tab 25mg,0409030C0AAAAAA,1,5.997599999999992
88,G82226,Amiodarone HCl_Tab 200mg,0203020D0AAABAB,2,1.4000000000000012
89,G82226,Clonazepam_Tab 500mcg,0408010F0AAABAB,10,8.538799999999982
90,G82226,Mesalazine_Tab E/C 800mg,0105010B0AAASAS,1,34.43999999999999
91,G82226,Tetrabenazine_Tab 25mg,0409030C0AAAAAA,1,1.9991999999999974
92,G82226,Topiramate_Tab 200mg,040801050AAACAC,1,9.295999999999996
93,G82233,Amiodarone HCl_Tab 200mg,0203020D0AAABAB,6,2.8500000000000028
94,G82233,Clonazepam_Tab 500mcg,0408010F0AAABAB,27,20.611199999999958
95,G82233,Pyridox HCl_Tab 50mg,0906024N0AAAIAI,4,4.309200000000001
96,G82233,Topiramate_Cap 50mg,040801050AAAWAW,6,9.45879999999999
97,G82233,Topiramate_Tab 200mg,040801050AAACAC,2,7.469999999999997
98,G82600,Clonazepam_Tab 500mcg,0408010F0AAABAB,6,3.9549999999999916
99,G82600,Topiramate_Cap 50mg,040801050AAAWAW,1,1.2839999999999985
100,G82622,Amiodarone HCl_Tab 200mg,0203020D0AAABAB,6,2.450000000000002
101,G82622,Clonazepam_Tab 500mcg,0408010F0AAABAB,4,1.468999999999997
102,G82622,Pyridox HCl_Tab 50mg,0906024N0AAAIAI,1,1.7100000000000004
103,G82631,Clonazepam_Tab 500mcg,0408010F0AAABAB,19,5.157299999999989
104,G82631,Pyridox HCl_Tab 50mg,0906024N0AAAIAI,1,0.23940000000000006
105,G82631,Topiramate_Tab 200mg,040801050AAACAC,1,2.489999999999999
106,G82635,Amiodarone HCl_Tab 200mg,0203020D0AAABAB,1,0.3500000000000003
107,G82635,Clonazepam_Tab 500mcg,0408010F0AAABAB,3,1.943599999999996
108,G82653,Amiodarone HCl_Tab 200mg,0203020D0AAABAB,1,0.3500000000000003
109,G82653,Clonazepam_Tab 500mcg,0408010F0AAABAB,2,1.2655999999999974
110,G82679,Amiodarone HCl_Tab 200mg,0203020D0AAABAB,6,2.0146000000000015
111,G82679,Clonazepam_Tab 500mcg,0408010F0AAABAB,12,11.232199999999978
112,G82679,Pyridox HCl_Tab 50mg,0906024N0AAAIAI,4,0.9576000000000002
113,G82697,Amiodarone HCl_Tab 200mg,0203020D0AAABAB,1,0.7000000000000006
114,G82697,Clonazepam_Tab 500mcg,0408010F0AAABAB,11,4.107799999999992
115,G82697,Pyridox HCl_Tab 50mg,0906024N0AAAIAI,2,2.8728000000000007
116,G82697,Topiramate_Cap 50mg,040801050AAAWAW,3,4.064599999999995
117,G82704,Amiodarone HCl_Tab 200mg,0203020D0AAABAB,2,0.7000000000000006
118,G82704,Clonazepam_Tab 500mcg,0408010F0AAABAB,19,9.83199999999998
119,G82704,Topiramate_Tab 200mg,040801050AAACAC,1,2.3183999999999996
120,G82706,Amiodarone HCl_Tab 200mg,0203020D0AAABAB,13,1.3664000000000003
121,G82706,Atorvastatin_Tab 60mg,0212000B0AAAPAP,1,2.2176000000000045
122,G82706,Clonazepam_Tab 500mcg,0408010F0AAABAB,3,3.0283999999999938
123,G82708,Clonazepam_Tab 500mcg,0408010F0AAABAB,3,1.2655999999999974
124,G82708,Topiramate_Cap 50mg,040801050AAAWAW,5,3.760799999999996
125,G82711,Amiodarone HCl_Tab 200mg,0203020D0AAABAB,2,1.4000000000000012
126,G82711,Clonazepam_Tab 500mcg,0408010F0AAABAB,10,2.1356999999999955
127,G82711,Topiramate_Cap 50mg,040801050AAAWAW,2,6.419999999999993
128,G82719,Amiodarone HCl_Tab 200mg,0203020D0AAABAB,2,1.4000000000000012
129,G82719,Clonazepam_Tab 500mcg,0408010F0AAABAB,2,1.3107999999999973
130,G82721,Amiodarone HCl_Tab 200mg,0203020D0AAABAB,6,2.450000000000002
131,G82721,Clonazepam_Tab 500mcg,0408010F0AAABAB,5,4.587799999999991
132,G82727,Amiodarone HCl_Tab 200mg,0203020D0AAABAB,2,0.7000000000000006
133,G82727,Clonazepam_Tab 500mcg,0408010F0AAABAB,9,5.378799999999989
134,G82737,Clonazepam_Tab 500mcg,0408010F0AAABAB,4,2.2599999999999953
135,G82737,Mesalazine_Tab E/C 800mg,0105010B0AAASAS,2,-2.460000000000001
136,G82741,Clonazepam_Tab 500mcg,0408010F0AAABAB,1,1.2655999999999974
137,G82741,Mesalazine_Tab E/C 800mg,0105010B0AAASAS,1,17.219999999999995
138,G82744,Clonazepam_Tab 500mcg,0408010F0AAABAB,15,5.9687999999999874
139,G82744,Mesalazine_Tab E/C 800mg,0105010B0AAASAS,1,17.219999999999995
140,G82744,Paracet_Tab Solb 500mg,0407010H0AAAQAQ,2,-0.004799999999999971
141,G82744,Topiramate_Tab 200mg,040801050AAACAC,1,2.489999999999999
142,G82753,Amiodarone HCl_Tab 200mg,0203020D0AAABAB,3,1.4000000000000012
143,G82753,Atorvastatin_Tab 60mg,0212000B0AAAPAP,2,2.2176000000000045
144,G82753,Clonazepam_Tab 500mcg,0408010F0AAABAB,12,5.220599999999989
145,G82753,Mesalazine_Tab E/C 800mg,0105010B0AAASAS,1,34.43999999999999
146,G82753,Topiramate_Cap 50mg,040801050AAAWAW,5,7.061999999999992
147,G82762,Amiodarone HCl_Tab 200mg,0203020D0AAABAB,1,0.3500000000000003
148,G82762,Clonazepam_Tab 500mcg,0408010F0AAABAB,3,1.5819999999999967
149,G82763,Clonazepam_Tab 500mcg,0408010F0AAABAB,3,1.2655999999999974
150,G82775,Amiodarone HCl_Tab 200mg,0203020D0AAABAB,1,0.3500000000000003
151,G82775,Clonazepam_Tab 500mcg,0408010F0AAABAB,8,5.6725999999999885
152,G82820,Amiodarone HCl_Tab 200mg,0203020D0AAABAB,2,0.7000000000000006
153,G82820,Clonazepam_Tab 500mcg,0408010F0AAABAB,5,5.06239999999999
154,G82820,Mesalazine_Tab E/C 800mg,0105010B0AAASAS,2,-73.79999999999998
155,Y00198,Amiodarone HCl_Tab 200mg,0203020D0AAABAB,1,0.3500000000000003
156,Y00198,Clonazepam_Tab 500mcg,0408010F0AAABAB,17,12.588199999999976
157,Y00198,Mesalazine_Tab E/C 800mg,0105010B0AAASAS,2,-73.79999999999998
158,Y00198,Paracet_Tab Solb 500mg,0407010H0AAAQAQ,4,-0.023999999999997357
159,Y00198,Tetrabenazine_Tab 25mg,0409030C0AAAAAA,2,7.99679999999999
160,Y00449,Clonazepam_Tab 500mcg,0408010F0AAABAB,2,0.6327999999999987
161,Y02462,Clonazepam_Tab 500mcg,0408010F0AAABAB,35,8.778799999999983
162,Y02462,Topiramate_Cap 50mg,040801050AAAWAW,1,1.2839999999999985
163,Y02471,Amiodarone HCl_Tab 200mg,0203020D0AAABAB,1,0.3500000000000003
164,Y02471,Clonazepam_Tab 500mcg,0408010F0AAABAB,15,5.401399999999989
165,Y02471,Tetrabenazine_Tab 25mg,0409030C0AAAAAA,1,3.998399999999995
