,practice_code,bnf_description,bnf_code,items,excess_cost
0,N85001,Clonazepam_Tab 500mcg,0408010F0AAABAB,6,1.6587999999999972
1,N85002,Amiodarone HCl_Tab 200mg,0203020D0AAABAB,9,4.200000000000004
2,N85002,Clonazepam_Tab 500mcg,0408010F0AAABAB,10,4.429599999999992
3,N85002,Hydrocort_Tab 10mg,0603020J0AAADAD,1,-0.011199999999998766
4,N85002,Levetiracetam_Tab 250mg,0408010A0AAAAAA,2,0.0056000000000009376
5,N85002,Levetiracetam_Tab 500mg,0408010A0AAABAB,4,7.771561172376096e-16
6,N85002,Mesalazine_Tab E/C 800mg,0105010B0AAASAS,1,34.43999999999999
7,N85002,Topiramate_Tab 200mg,040801050AAACAC,1,2.489999999999999
8,N85003,Clonazepam_Tab 500mcg,0408010F0AAABAB,2,0.6327999999999987
9,N85003,Levetiracetam_Tab 500mg,0408010A0AAABAB,2,0.00840000000000296
10,N85005,Amiodarone HCl_Tab 200mg,0203020D0AAABAB,11,3.701600000000003
11,N85005,Clonazepam_Tab 500mcg,0408010F0AAABAB,7,5.695199999999988
12,N85005,Hydrocort_Tab 10mg,0603020J0AAADAD,1,0.004499999999999504
13,N85005,Levetiracetam_Tab 250mg,0408010A0AAAAAA,1,0.0007000000000001172
14,N85005,Levetiracetam_Tab 500mg,0408010A0AAABAB,3,0.009400000000002295
15,N85005,Tetrabenazine_Tab 25mg,0409030C0AAAAAA,2,7.99679999999999
16,N85005,Topiramate_Tab 200mg,040801050AAACAC,2,4.979999999999998
17,N85006,Amiodarone HCl_Tab 200mg,0203020D0AAABAB,8,2.8000000000000025
18,N85006,Clonazepam_Tab 500mcg,0408010F0AAABAB,12,6.960799999999985
19,N85006,Tetrabenazine_Tab 25mg,0409030C0AAAAAA,1,3.998399999999995
20,N85007,Amiodarone HCl_Tab 200mg,0203020D0AAABAB,10,3.8500000000000036
21,N85007,Clonazepam_Tab 500mcg,0408010F0AAABAB,4,3.1639999999999935
22,N85007,Levetiracetam_Tab 500mg,0408010A0AAABAB,5,-0.01639999999999736
23,N85007,Tetrabenazine_Tab 25mg,0409030C0AAAAAA,1,0.9995999999999987
24,N85007,Topiramate_Tab 200mg,040801050AAACAC,2,3.563399999999999
25,N85008,Amiodarone HCl_Tab 200mg,0203020D0AAABAB,7,2.450000000000002
26,N85008,Clonazepam_Tab 500mcg,0408010F0AAABAB,18,9.63889999999998
27,N85008,Levetiracetam_Tab 250mg,0408010A0AAAAAA,4,-0.015399999999997915
28,N85008,Levetiracetam_Tab 500mg,0408010A0AAABAB,4,-0.007799999999996643
29,N85008,Topiramate_Tab 200mg,040801050AAACAC,1,2.3183999999999996
30,N85009,Amiodarone HCl_Tab 200mg,0203020D0AAABAB,6,2.100000000000002
31,N85009,Clonazepam_Tab 500mcg,0408010F0AAABAB,2,2.2147999999999954
32,N85009,Levetiracetam_Tab 500mg,0408010A0AAABAB,1,-0.005599999999999383
33,N85012,Amiodarone HCl_Tab 200mg,0203020D0AAABAB,9,3.500000000000003
34,N85012,Clonazepam_Tab 500mcg,0408010F0AAABAB,12,3.8645999999999923
35,N85012,Hydrocort_Tab 10mg,0603020J0AAADAD,2,-0.022399999999997533
36,N85012,Levetiracetam_Tab 500mg,0408010A0AAABAB,10,-0.03919999999999646
37,N85012,Quetiapine_Tab 150mg,0402010ABAAAFAF,2,46.38
38,N85013,Amiodarone HCl_Tab 200mg,0203020D0AAABAB,7,2.8000000000000025
39,N85013,Clonazepam_Tab 500mcg,0408010F0AAABAB,1,1.2655999999999974
40,N85013,Hydrocort_Tab 10mg,0603020J0AAADAD,1,-0.011199999999998766
41,N85013,Levetiracetam_Tab 250mg,0408010A0AAAAAA,1,0.014000000000002344
42,N85013,Levetiracetam_Tab 500mg,0408010A0AAABAB,1,0.0028000000000004688
43,N85014,Amiodarone HCl_Tab 200mg,0203020D0AAABAB,3,1.1988000000000012
44,N85014,Levetiracetam_Tab 500mg,0408010A0AAABAB,2,0.00840000000000296
45,N85015,Amiodarone HCl_Tab 200mg,0203020D0AAABAB,8,3.234700000000003
46,N85015,Clonazepam_Tab 500mcg,0408010F0AAABAB,6,3.1011999999999933
47,N85015,Hydrocort_Tab 10mg,0603020J0AAADAD,1,-0.011199999999998766
48,N85015,Levetiracetam_Tab 500mg,0408010A0AAABAB,2,0.015400000000004133
49,N85016,Amiodarone HCl_Tab 200mg,0203020D0AAABAB,10,3.8500000000000036
50,N85016,Clonazepam_Tab 500mcg,0408010F0AAABAB,12,7.015899999999986
51,N85016,Hydrocort_Tab 10mg,0603020J0AAADAD,2,-0.025199999999997225
52,N85016,Levetiracetam_Tab 250mg,0408010A0AAAAAA,1,0.0028000000000004688
53,N85016,Levetiracetam_Tab 500mg,0408010A0AAABAB,2,0.0004000000000007886
54,N85016,Tetrabenazine_Tab 25mg,0409030C0AAAAAA,3,5.997599999999992
55,N85016,Topiramate_Tab 200mg,040801050AAACAC,3,7.126799999999998
56,N85017,Amiodarone HCl_Tab 200mg,0203020D0AAABAB,4,1.4000000000000012
57,N85017,Clonazepam_Tab 500mcg,0408010F0AAABAB,6,4.047599999999993
58,N85017,Hydrocort_Tab 10mg,0603020J0AAADAD,1,-0.011199999999998766
59,N85017,Levetiracetam_Tab 500mg,0408010A0AAABAB,2,-0.011199999999998766
60,N85018,Amiodarone HCl_Tab 200mg,0203020D0AAABAB,2,0.7000000000000006
61,N85018,Clonazepam_Tab 500mcg,0408010F0AAABAB,5,3.480399999999993
62,N85018,Levetiracetam_Tab 500mg,0408010A0AAABAB,1,0.014000000000002344
63,N85018,Topiramate_Tab 200mg,040801050AAACAC,1,2.3183999999999996
64,N85019,Amiodarone HCl_Tab 200mg,0203020D0AAABAB,4,1.4000000000000012
65,N85019,Clonazepam_Tab 500mcg,0408010F0AAABAB,6,3.0195999999999947
66,N85019,Levetiracetam_Tab 250mg,0408010A0AAAAAA,1,0.0028000000000004688
67,N85019,Levetiracetam_Tab 500mg,0408010A0AAABAB,3,-0.00840000000000024
68,N85019,Topiramate_Tab 200mg,040801050AAACAC,1,2.3183999999999996
69,N85020,Amiodarone HCl_Tab 200mg,0203020D0AAABAB,10,3.500000000000003
70,N85020,Clonazepam_Tab 500mcg,0408010F0AAABAB,4,3.1639999999999935
71,N85020,Levetiracetam_Tab 250mg,0408010A0AAAAAA,3,0.008400000000001406
72,N85020,Levetiracetam_Tab 500mg,0408010A0AAABAB,9,-0.010799999999993315
73,N85020,Tetrabenazine_Tab 25mg,0409030C0AAAAAA,1,0.5369999999999991
74,N85021,Amiodarone HCl_Tab 200mg,0203020D0AAABAB,3,1.050000000000001
75,N85022,Amiodarone HCl_Tab 200mg,0203020D0AAABAB,3,1.050000000000001
76,N85022,Clonazepam_Tab 500mcg,0408010F0AAABAB,1,0.31639999999999935
77,N85022,Levetiracetam_Tab 500mg,0408010A0AAABAB,2,-0.011199999999998766
78,N85023,Amiodarone HCl_Tab 200mg,0203020D0AAABAB,6,2.450000000000002
79,N85023,Clonazepam_Tab 500mcg,0408010F0AAABAB,1,0.31639999999999935
80,N85023,Levetiracetam_Tab 500mg,0408010A0AAABAB,1,-0.005599999999999383
81,N85024,Amiodarone HCl_Tab 200mg,0203020D0AAABAB,7,2.450000000000002
82,N85024,Clonazepam_Tab 500mcg,0408010F0AAABAB,9,4.158399999999991
83,N85024,Levetiracetam_Tab 250mg,0408010A0AAAAAA,2,27.059200000000004
84,N85024,Levetiracetam_Tab 500mg,0408010A0AAABAB,6,0.030200000000004112
85,N85024,Topiramate_Tab 200mg,040801050AAACAC,1,2.489999999999999
86,N85025,Amiodarone HCl_Tab 200mg,0203020D0AAABAB,5,1.7500000000000016
87,N85025,Clonazepam_Tab 500mcg,0408010F0AAABAB,3,3.7854999999999923
88,N85027,Amiodarone HCl_Tab 200mg,0203020D0AAABAB,2,0.7000000000000006
89,N85027,Clonazepam_Tab 500mcg,0408010F0AAABAB,5,2.531199999999995
90,N85027,Hydrocort_Tab 10mg,0603020J0AAADAD,1,0.0033999999999996255
91,N85027,Levetiracetam_Tab 250mg,0408010A0AAAAAA,1,0.0028000000000004688
92,N85027,Levetiracetam_Tab 500mg,0408010A0AAABAB,9,-0.0419999999999946
93,N85027,Tetrabenazine_Tab 25mg,0409030C0AAAAAA,1,0.9995999999999987
94,N85027,Topiramate_Tab 200mg,040801050AAACAC,1,2.3183999999999996
95,N85028,Amiodarone HCl_Tab 200mg,0203020D0AAABAB,1,0.3500000000000003
96,N85028,Clonazepam_Tab 500mcg,0408010F0AAABAB,4,2.734599999999994
97,N85028,Hydrocort_Tab 10mg,0603020J0AAADAD,1,-0.011199999999998766
98,N85028,Levetiracetam_Tab 250mg,0408010A0AAAAAA,1,0.0028000000000004688
99,N85028,Phenytoin_Sod Tab 100mg,0408010Q0AAAGAG,1,119.39759999999998
100,N85028,Tetrabenazine_Tab 25mg,0409030C0AAAAAA,1,3.998399999999995
101,N85031,Amiodarone HCl_Tab 200mg,0203020D0AAABAB,6,1.8556000000000017
102,N85031,Clonazepam_Tab 500mcg,0408010F0AAABAB,9,6.621799999999986
103,N85031,Levetiracetam_Tab 250mg,0408010A0AAAAAA,1,0.0028000000000004688
104,N85031,Levetiracetam_Tab 500mg,0408010A0AAABAB,3,-0.01679999999999815
105,N85031,Tetrabenazine_Tab 25mg,0409030C0AAAAAA,3,3.0731999999999955
106,N85032,Amiodarone HCl_Tab 200mg,0203020D0AAABAB,6,2.450000000000002
107,N85032,Clonazepam_Tab 500mcg,0408010F0AAABAB,5,3.796799999999992
108,N85032,Levetiracetam_Tab 500mg,0408010A0AAABAB,3,0.01120000000000343
109,N85032,Topiramate_Tab 200mg,040801050AAACAC,2,4.979999999999998
110,N85034,Amiodarone HCl_Tab 200mg,0203020D0AAABAB,2,0.7000000000000006
111,N85034,Clonazepam_Tab 500mcg,0408010F0AAABAB,2,3.0283999999999938
112,N85034,Levetiracetam_Tab 250mg,0408010A0AAAAAA,1,0.0028000000000004688
113,N85037,Amiodarone HCl_Tab 200mg,0203020D0AAABAB,3,1.050000000000001
114,N85037,Clonazepam_Tab 500mcg,0408010F0AAABAB,3,0.949199999999998
115,N85037,Levetiracetam_Tab 250mg,0408010A0AAAAAA,1,0.0028000000000004688
116,N85037,Levetiracetam_Tab 500mg,0408010A0AAABAB,2,-0.0027999999999989145
117,N85037,Mesalazine_Tab E/C 800mg,0105010B0AAASAS,1,34.43999999999999
118,N85037,Topiramate_Tab 200mg,040801050AAACAC,1,2.3183999999999996
119,N85038,Amiodarone HCl_Tab 200mg,0203020D0AAABAB,3,0.8792000000000006
120,N85038,Clonazepam_Tab 500mcg,0408010F0AAABAB,8,6.016599999999988
121,N85038,Levetiracetam_Tab 500mg,0408010A0AAABAB,1,-0.005599999999999383
122,N85040,Amiodarone HCl_Tab 200mg,0203020D0AAABAB,4,1.7500000000000016
123,N85040,Clonazepam_Tab 500mcg,0408010F0AAABAB,8,4.904199999999991
124,N85040,Hydrocort_Tab 10mg,0603020J0AAADAD,3,-0.03639999999999599
125,N85040,Levetiracetam_Tab 500mg,0408010A0AAABAB,4,0.002800000000002023
126,N85040,Topiramate_Tab 200mg,040801050AAACAC,1,1.1647999999999992
127,N85044,Amiodarone HCl_Tab 200mg,0203020D0AAABAB,12,4.550000000000004
128,N85044,Clonazepam_Tab 500mcg,0408010F0AAABAB,8,4.373099999999991
129,N85044,Hydrocort_Tab 10mg,0603020J0AAADAD,1,-0.013999999999998458
130,N85044,Levetiracetam_Tab 250mg,0408010A0AAAAAA,4,0.0028000000000004688
131,N85044,Levetiracetam_Tab 500mg,0408010A0AAABAB,10,-0.00239999999999696
132,N85046,Amiodarone HCl_Tab 200mg,0203020D0AAABAB,3,1.4000000000000012
133,N85046,Clonazepam_Tab 500mcg,0408010F0AAABAB,4,2.2147999999999954
134,N85047,Amiodarone HCl_Tab 200mg,0203020D0AAABAB,10,3.8500000000000036
135,N85047,Clonazepam_Tab 500mcg,0408010F0AAABAB,2,0.949199999999998
136,N85047,Tetrabenazine_Tab 25mg,0409030C0AAAAAA,1,0.9995999999999987
137,N85047,Topiramate_Tab 200mg,040801050AAACAC,2,7.298399999999997
138,N85048,Amiodarone HCl_Tab 200mg,0203020D0AAABAB,2,1.4000000000000012
139,N85048,Clonazepam_Tab 500mcg,0408010F0AAABAB,3,1.2655999999999974
140,N85048,Levetiracetam_Tab 500mg,0408010A0AAABAB,1,-0.005599999999999383
141,N85048,Topiramate_Tab 200mg,040801050AAACAC,1,2.489999999999999
142,N85051,Amiodarone HCl_Tab 200mg,0203020D0AAABAB,3,1.050000000000001
143,N85051,Clonazepam_Tab 500mcg,0408010F0AAABAB,7,1.5819999999999967
144,N85051,Hydrocort_Tab 10mg,0603020J0AAADAD,1,312.3624
145,N85051,Levetiracetam_Tab 250mg,0408010A0AAAAAA,1,0.0028000000000004688
146,N85051,Levetiracetam_Tab 500mg,0408010A0AAABAB,2,0.0056000000000009376
147,N85051,Tetrabenazine_Tab 25mg,0409030C0AAAAAA,2,3.998399999999995
148,N85052,Amiodarone HCl_Tab 200mg,0203020D0AAABAB,3,1.4000000000000012
149,N85052,Clonazepam_Tab 500mcg,0408010F0AAABAB,2,0.5536999999999989
150,N85053,Amiodarone HCl_Tab 200mg,0203020D0AAABAB,6,3.150000000000003
151,N85053,Clonazepam_Tab 500mcg,0408010F0AAABAB,2,1.1073999999999977
152,N85054,Amiodarone HCl_Tab 200mg,0203020D0AAABAB,1,0.3500000000000003
153,N85054,Clonazepam_Tab 500mcg,0408010F0AAABAB,3,0.8135999999999983
154,N85054,Hydrocort_Tab 10mg,0603020J0AAADAD,2,-0.008099999999999108
155,N85054,Levetiracetam_Tab 250mg,0408010A0AAAAAA,1,0.0028000000000004688
156,N85054,Levetiracetam_Tab 500mg,0408010A0AAABAB,1,-0.005599999999999383
157,N85054,Tetrabenazine_Tab 25mg,0409030C0AAAAAA,1,1.9991999999999974
158,N85057,Amiodarone HCl_Tab 200mg,0203020D0AAABAB,3,1.050000000000001
159,N85057,Clonazepam_Tab 500mcg,0408010F0AAABAB,1,2.531199999999995
160,N85059,Amiodarone HCl_Tab 200mg,0203020D0AAABAB,7,2.8000000000000025
161,N85059,Clonazepam_Tab 500mcg,0408010F0AAABAB,9,4.361799999999991
162,N85059,Levetiracetam_Tab 250mg,0408010A0AAAAAA,2,0.0056000000000009376
163,N85616,Amiodarone HCl_Tab 200mg,0203020D0AAABAB,10,3.6500000000000035
164,N85616,Clonazepam_Tab 500mcg,0408010F0AAABAB,5,1.992799999999996
165,N85616,Levetiracetam_Tab 500mg,0408010A0AAABAB,3,60.452000000000005
166,N85617,Amiodarone HCl_Tab 200mg,0203020D0AAABAB,7,2.8000000000000025
167,N85617,Clonazepam_Tab 500mcg,0408010F0AAABAB,4,3.954999999999992
168,N85617,Topiramate_Tab 200mg,040801050AAACAC,1,2.489999999999999
169,N85620,Amiodarone HCl_Tab 200mg,0203020D0AAABAB,3,1.050000000000001
170,N85620,Clonazepam_Tab 500mcg,0408010F0AAABAB,1,0.31639999999999935
171,N85620,Levetiracetam_Tab 250mg,0408010A0AAAAAA,1,0.0028000000000004688
172,N85620,Mesalazine_Tab E/C 800mg,0105010B0AAASAS,1,11.479999999999997
173,N85620,Tetrabenazine_Tab 25mg,0409030C0AAAAAA,1,1.9991999999999974
174,N85625,Amiodarone HCl_Tab 200mg,0203020D0AAABAB,16,4.6235000000000035
175,N85625,Clonazepam_Tab 500mcg,0408010F0AAABAB,7,2.2599999999999953
176,N85625,Hydrocort_Tab 10mg,0603020J0AAADAD,2,-0.022399999999997533
177,N85625,Levetiracetam_Tab 250mg,0408010A0AAAAAA,2,0.0056000000000009376
178,N85625,Levetiracetam_Tab 500mg,0408010A0AAABAB,6,-0.008399999999996743
179,N85625,Tetrabenazine_Tab 25mg,0409030C0AAAAAA,1,5.997599999999992
180,N85629,Amiodarone HCl_Tab 200mg,0203020D0AAABAB,4,1.4000000000000012
181,N85629,Clonazepam_Tab 500mcg,0408010F0AAABAB,1,0.07909999999999984
182,N85633,Amiodarone HCl_Tab 200mg,0203020D0AAABAB,1,0.3500000000000003
183,N85633,Clonazepam_Tab 500mcg,0408010F0AAABAB,3,3.0283999999999938
184,N85634,Clonazepam_Tab 500mcg,0408010F0AAABAB,1,0.6327999999999987
185,N85634,Levetiracetam_Tab 500mg,0408010A0AAABAB,1,0.014000000000002344
186,N85640,Clonazepam_Tab 500mcg,0408010F0AAABAB,8,2.734599999999994
187,N85640,Hydrocort_Tab 10mg,0603020J0AAADAD,1,-0.011199999999998766
188,N85640,Levetiracetam_Tab 250mg,0408010A0AAAAAA,4,0.0056000000000009376
189,N85643,Hydrocort_Tab 10mg,0603020J0AAADAD,1,-0.013999999999998458
190,N85648,Amiodarone HCl_Tab 200mg,0203020D0AAABAB,1,0.3500000000000003
191,N85648,Clonazepam_Tab 500mcg,0408010F0AAABAB,3,2.0791999999999957
192,N85648,Hydrocort_Tab 10mg,0603020J0AAADAD,1,-0.011199999999998766
193,Y02162,Clonazepam_Tab 500mcg,0408010F0AAABAB,1,0.31639999999999935
