,practice_code,bnf_description,bnf_code,items,excess_cost
0,C83060,Atorvastatin_Tab 20mg,0212000B0AAABAB,657,564.7572000000001
1,C83064,Atorvastatin_Tab 20mg,0212000B0AAABAB,587,407.61280000000005
479,C83027,Aripiprazole_Tab 10mg,0402010ADAAAAAA,6,348.91920000000005
260,C83019,Pregabalin_Cap 75mg,0408010AEAAACAC,96,340.3008
298,C83060,Atorvastatin_Tab 10mg,0212000B0AAAAAA,194,279.2048
334,C83059,Sertraline HCl_Tab 50mg,0403030Q0AAAAAA,29,259.1904
422,C83019,Pregabalin_Cap 150mg,0408010AEAAAEAE,43,226.11120000000003
2,C83059,Atorvastatin_Tab 20mg,0212000B0AAABAB,195,203.112
243,C83064,Memantine HCl_Tab 20mg,0411000G0AAADAD,8,184.79999999999998
356,C83019,Paracet_Tab Solb 500mg,0407010H0AAAQAQ,12,164.50560000000002
357,C83019,Paracet_Tab Solb 500mg,0407010H0AAAQAQ,12,164.50560000000002
335,C83059,Sertraline HCl_Tab 50mg,0403030Q0AAAAAA,104,113.27680000000001
423,C83061,Pregabalin_Cap 150mg,0408010AEAAAEAE,18,113.0976
3,C83027,Atorvastatin_Tab 20mg,0212000B0AAABAB,341,112.66640000000005
388,C83019,Pregabalin_Cap 100mg,0408010AEAAADAD,25,85.47
389,C83061,Pregabalin_Cap 100mg,0408010AEAAADAD,3,85.3524
261,C83060,Pregabalin_Cap 75mg,0408010AEAAACAC,4,85.10879999999999
244,C83064,Memantine HCl_Tab 20mg,0411000G0AAADAD,22,79.9568
299,C83059,Atorvastatin_Tab 10mg,0212000B0AAAAAA,31,69.78720000000001
245,C83005,Memantine HCl_Tab 20mg,0411000G0AAADAD,1,63.89880000000001
248,C83060,Memantine HCl_Tab 20mg,0411000G0AAADAD,3,63.898799999999994
246,C83010,Memantine HCl_Tab 20mg,0411000G0AAADAD,3,63.898799999999994
247,C83634,Memantine HCl_Tab 20mg,0411000G0AAADAD,3,63.898799999999994
249,C83004,Memantine HCl_Tab 20mg,0411000G0AAADAD,7,63.895999999999994
390,C83019,Pregabalin_Cap 100mg,0408010AEAAADAD,21,56.9184
391,C83064,Pregabalin_Cap 100mg,0408010AEAAADAD,16,56.896
392,C83060,Pregabalin_Cap 100mg,0408010AEAAADAD,16,56.896
262,C83061,Pregabalin_Cap 75mg,0408010AEAAACAC,22,56.7952
424,C83032,Pregabalin_Cap 150mg,0408010AEAAAEAE,41,56.48160000000002
336,C83085,Sertraline HCl_Tab 50mg,0403030Q0AAAAAA,104,48.6304
4,C83010,Atorvastatin_Tab 20mg,0212000B0AAABAB,193,45.39360000000003
5,C83060,Atorvastatin_Tab 20mg,0212000B0AAABAB,26,45.281600000000005
6,C83083,Atorvastatin_Tab 20mg,0212000B0AAABAB,327,44.86440000000002
480,C83045,Aripiprazole_Tab 10mg,0402010ADAAAAAA,2,43.6212
18,C83027,Paracet_Tab 500mg,0407010H0AAAMAM,123,34.440000000000005
17,C83027,Paracet_Tab 500mg,0407010H0AAAMAM,123,34.440000000000005
7,C83027,Atorvastatin_Tab 20mg,0212000B0AAABAB,52,33.7792
393,C83085,Pregabalin_Cap 100mg,0408010AEAAADAD,4,28.4592
394,C83061,Pregabalin_Cap 100mg,0408010AEAAADAD,2,28.4536
395,C83059,Pregabalin_Cap 100mg,0408010AEAAADAD,3,28.4508
263,C83019,Pregabalin_Cap 75mg,0408010AEAAACAC,14,28.380799999999997
264,C83059,Pregabalin_Cap 75mg,0408010AEAAACAC,4,28.3696
300,C83045,Atorvastatin_Tab 10mg,0212000B0AAAAAA,65,23.29600000000001
8,C83045,Atorvastatin_Tab 20mg,0212000B0AAABAB,345,23.183999999999994
301,C83027,Atorvastatin_Tab 10mg,0212000B0AAAAAA,133,23.088800000000017
302,C83028,Atorvastatin_Tab 10mg,0212000B0AAAAAA,121,23.038400000000003
9,C83085,Atorvastatin_Tab 20mg,0212000B0AAABAB,411,23.01600000000002
10,C83055,Atorvastatin_Tab 20mg,0212000B0AAABAB,237,22.5624
19,C83019,Paracet_Tab 500mg,0407010H0AAAMAM,248,22.220800000000057
20,C83019,Paracet_Tab 500mg,0407010H0AAAMAM,248,22.220800000000057
21,C83027,Paracet_Tab 500mg,0407010H0AAAMAM,53,20.140000000000025
22,C83027,Paracet_Tab 500mg,0407010H0AAAMAM,53,20.140000000000025
24,C83064,Paracet_Tab 500mg,0407010H0AAAMAM,607,18.2100000000001
23,C83064,Paracet_Tab 500mg,0407010H0AAAMAM,607,18.2100000000001
26,C83019,Paracet_Tab 500mg,0407010H0AAAMAM,450,18.000000000000046
25,C83019,Paracet_Tab 500mg,0407010H0AAAMAM,450,18.000000000000046
337,C83060,Sertraline HCl_Tab 50mg,0403030Q0AAAAAA,104,16.015999999999995
28,C83057,Paracet_Tab 500mg,0407010H0AAAMAM,79,15.01000000000002
27,C83057,Paracet_Tab 500mg,0407010H0AAAMAM,79,15.01000000000002
359,C83027,Paracet_Tab Solb 500mg,0407010H0AAAQAQ,6,13.140000000000002
358,C83027,Paracet_Tab Solb 500mg,0407010H0AAAQAQ,6,13.140000000000002
30,C83085,Paracet_Tab 500mg,0407010H0AAAMAM,41,13.120000000000006
29,C83085,Paracet_Tab 500mg,0407010H0AAAMAM,41,13.120000000000006
31,C83085,Paracet_Tab 500mg,0407010H0AAAMAM,212,12.719999999999997
32,C83085,Paracet_Tab 500mg,0407010H0AAAMAM,212,12.719999999999997
303,C83027,Atorvastatin_Tab 10mg,0212000B0AAAAAA,38,11.730600000000003
304,C83032,Atorvastatin_Tab 10mg,0212000B0AAAAAA,90,11.592
305,C83064,Atorvastatin_Tab 10mg,0212000B0AAAAAA,345,11.591999999999997
306,C83634,Atorvastatin_Tab 10mg,0212000B0AAAAAA,48,11.558400000000004
307,C83085,Atorvastatin_Tab 10mg,0212000B0AAAAAA,128,11.468800000000005
33,C83019,Paracet_Tab 500mg,0407010H0AAAMAM,1,11.468399999999999
34,C83019,Paracet_Tab 500mg,0407010H0AAAMAM,1,11.468399999999999
35,C83085,Paracet_Tab 500mg,0407010H0AAAMAM,23,11.334400000000002
36,C83085,Paracet_Tab 500mg,0407010H0AAAMAM,23,11.334400000000002
37,C83010,Paracet_Tab 500mg,0407010H0AAAMAM,11,11.3344
38,C83010,Paracet_Tab 500mg,0407010H0AAAMAM,11,11.3344
39,C83028,Paracet_Tab 500mg,0407010H0AAAMAM,10,11.200000000000003
40,C83028,Paracet_Tab 500mg,0407010H0AAAMAM,10,11.200000000000003
308,C83056,Atorvastatin_Tab 10mg,0212000B0AAAAAA,284,11.132800000000016
41,C83635,Paracet_Tab 500mg,0407010H0AAAMAM,77,10.779999999999989
42,C83635,Paracet_Tab 500mg,0407010H0AAAMAM,77,10.779999999999989
361,C83027,Paracet_Tab Solb 500mg,0407010H0AAAQAQ,1,10.5504
360,C83027,Paracet_Tab Solb 500mg,0407010H0AAAQAQ,1,10.5504
44,C83061,Paracet_Tab 500mg,0407010H0AAAMAM,206,10.30000000000001
43,C83061,Paracet_Tab 500mg,0407010H0AAAMAM,206,10.30000000000001
45,C83019,Paracet_Tab 500mg,0407010H0AAAMAM,254,10.160000000000116
46,C83019,Paracet_Tab 500mg,0407010H0AAAMAM,254,10.160000000000116
47,C83059,Paracet_Tab 500mg,0407010H0AAAMAM,4,10.147200000000002
48,C83059,Paracet_Tab 500mg,0407010H0AAAMAM,4,10.147200000000002
362,C83060,Paracet_Tab Solb 500mg,0407010H0AAAQAQ,1,10.139999999999999
363,C83060,Paracet_Tab Solb 500mg,0407010H0AAAQAQ,1,10.139999999999999
49,C83064,Paracet_Tab 500mg,0407010H0AAAMAM,150,10.080000000000055
50,C83064,Paracet_Tab 500mg,0407010H0AAAMAM,150,10.080000000000055
51,C83083,Paracet_Tab 500mg,0407010H0AAAMAM,24,10.080000000000005
52,C83083,Paracet_Tab 500mg,0407010H0AAAMAM,24,10.080000000000005
54,C83004,Paracet_Tab 500mg,0407010H0AAAMAM,14,10.035200000000005
53,C83004,Paracet_Tab 500mg,0407010H0AAAMAM,14,10.035200000000005
55,C83060,Paracet_Tab 500mg,0407010H0AAAMAM,62,9.920000000000027
56,C83060,Paracet_Tab 500mg,0407010H0AAAMAM,62,9.920000000000027
57,C83059,Paracet_Tab 500mg,0407010H0AAAMAM,85,9.350000000000003
58,C83059,Paracet_Tab 500mg,0407010H0AAAMAM,85,9.350000000000003
60,C83032,Paracet_Tab 500mg,0407010H0AAAMAM,25,8.999999999999998
59,C83032,Paracet_Tab 500mg,0407010H0AAAMAM,25,8.999999999999998
62,C83045,Paracet_Tab 500mg,0407010H0AAAMAM,404,8.08000000000009
61,C83045,Paracet_Tab 500mg,0407010H0AAAMAM,404,8.08000000000009
64,C83064,Paracet_Tab 500mg,0407010H0AAAMAM,129,7.740000000000043
63,C83064,Paracet_Tab 500mg,0407010H0AAAMAM,129,7.740000000000043
250,C83643,Memantine HCl_Tab 20mg,0411000G0AAADAD,1,6.8421
66,C83027,Paracet_Tab 500mg,0407010H0AAAMAM,3,6.048
65,C83027,Paracet_Tab 500mg,0407010H0AAAMAM,3,6.048
67,C83010,Paracet_Tab 500mg,0407010H0AAAMAM,86,6.019999999999993
68,C83010,Paracet_Tab 500mg,0407010H0AAAMAM,86,6.019999999999993
69,C83634,Paracet_Tab 500mg,0407010H0AAAMAM,73,5.840000000000015
70,C83634,Paracet_Tab 500mg,0407010H0AAAMAM,73,5.840000000000015
72,C83059,Paracet_Tab 500mg,0407010H0AAAMAM,24,5.644800000000004
71,C83059,Paracet_Tab 500mg,0407010H0AAAMAM,24,5.644800000000004
365,C83060,Paracet_Tab Solb 500mg,0407010H0AAAQAQ,6,4.740000000000003
364,C83060,Paracet_Tab Solb 500mg,0407010H0AAAQAQ,6,4.740000000000003
367,C83064,Paracet_Tab Solb 500mg,0407010H0AAAQAQ,11,4.729999999999998
366,C83064,Paracet_Tab Solb 500mg,0407010H0AAAQAQ,11,4.729999999999998
73,C83004,Paracet_Tab 500mg,0407010H0AAAMAM,65,4.549999999999995
74,C83004,Paracet_Tab 500mg,0407010H0AAAMAM,65,4.549999999999995
76,C83635,Paracet_Tab 500mg,0407010H0AAAMAM,144,4.320000000000023
75,C83635,Paracet_Tab 500mg,0407010H0AAAMAM,144,4.320000000000023
368,C83064,Paracet_Tab Solb 500mg,0407010H0AAAQAQ,2,4.272000000000001
369,C83064,Paracet_Tab Solb 500mg,0407010H0AAAQAQ,2,4.272000000000001
338,C83043,Sertraline HCl_Tab 50mg,0403030Q0AAAAAA,170,3.8079999999999936
339,C83027,Sertraline HCl_Tab 50mg,0403030Q0AAAAAA,24,3.5784
77,C83083,Paracet_Tab 500mg,0407010H0AAAMAM,118,3.5400000000000196
78,C83083,Paracet_Tab 500mg,0407010H0AAAMAM,118,3.5400000000000196
80,C83060,Paracet_Tab 500mg,0407010H0AAAMAM,41,2.7552000000000154
79,C83060,Paracet_Tab 500mg,0407010H0AAAMAM,41,2.7552000000000154
370,C83083,Paracet_Tab Solb 500mg,0407010H0AAAQAQ,1,1.769600000000001
371,C83083,Paracet_Tab Solb 500mg,0407010H0AAAQAQ,1,1.769600000000001
309,C83043,Atorvastatin_Tab 10mg,0212000B0AAAAAA,301,1.685600000000019
82,C83056,Paracet_Tab 500mg,0407010H0AAAMAM,1,1.6096
81,C83056,Paracet_Tab 500mg,0407010H0AAAMAM,1,1.6096
11,C83043,Atorvastatin_Tab 20mg,0212000B0AAABAB,254,1.4224000000000407
84,C83005,Paracet_Tab 500mg,0407010H0AAAMAM,64,1.2799999999999923
83,C83005,Paracet_Tab 500mg,0407010H0AAAMAM,64,1.2799999999999923
340,C83019,Sertraline HCl_Tab 50mg,0403030Q0AAAAAA,147,1.2347999999999926
372,C83061,Paracet_Tab Solb 500mg,0407010H0AAAQAQ,4,0.8000000000000007
373,C83061,Paracet_Tab Solb 500mg,0407010H0AAAQAQ,4,0.8000000000000007
341,C83032,Sertraline HCl_Tab 50mg,0403030Q0AAAAAA,52,0.7280000000000006
85,C83027,Paracet_Tab 500mg,0407010H0AAAMAM,31,0.6943999999999958
86,C83027,Paracet_Tab 500mg,0407010H0AAAMAM,31,0.6943999999999958
310,C83064,Atorvastatin_Tab 10mg,0212000B0AAAAAA,184,0.38640000000000213
87,C83027,Paracet_Tab 500mg,0407010H0AAAMAM,6,0.2688000000000007
88,C83027,Paracet_Tab 500mg,0407010H0AAAMAM,6,0.2688000000000007
265,C83019,Pregabalin_Cap 75mg,0408010AEAAACAC,35,0.19599999999999881
311,C83056,Atorvastatin_Tab 10mg,0212000B0AAAAAA,80,0.16800000000000093
312,C83015,Atorvastatin_Tab 10mg,0212000B0AAAAAA,70,0.1470000000000008
313,C83005,Atorvastatin_Tab 10mg,0212000B0AAAAAA,69,0.1449000000000008
266,C83064,Pregabalin_Cap 75mg,0408010AEAAACAC,24,0.1343999999999992
314,C83010,Atorvastatin_Tab 10mg,0212000B0AAAAAA,55,0.11550000000000063
315,C83061,Atorvastatin_Tab 10mg,0212000B0AAAAAA,48,0.10080000000000056
316,C83019,Atorvastatin_Tab 10mg,0212000B0AAAAAA,45,0.09450000000000053
425,C83064,Pregabalin_Cap 150mg,0408010AEAAAEAE,33,0.09240000000000265
317,C83085,Atorvastatin_Tab 10mg,0212000B0AAAAAA,42,0.08820000000000049
426,C83064,Pregabalin_Cap 150mg,0408010AEAAAEAE,15,0.0840000000000024
396,C83010,Pregabalin_Cap 100mg,0408010AEAAADAD,13,0.08190000000000235
342,C83019,Sertraline HCl_Tab 50mg,0403030Q0AAAAAA,57,0.07979999999999951
90,C83019,Paracet_Tab 500mg,0407010H0AAAMAM,13,0.07799999999999953
89,C83019,Paracet_Tab 500mg,0407010H0AAAMAM,13,0.07799999999999953
92,C83064,Paracet_Tab 500mg,0407010H0AAAMAM,27,0.07559999999999954
91,C83064,Paracet_Tab 500mg,0407010H0AAAMAM,27,0.07559999999999954
427,C83049,Pregabalin_Cap 150mg,0408010AEAAAEAE,24,0.06720000000000192
267,C83015,Pregabalin_Cap 75mg,0408010AEAAACAC,12,0.0671999999999996
318,C83650,Atorvastatin_Tab 10mg,0212000B0AAAAAA,28,0.058800000000000324
428,C83019,Pregabalin_Cap 150mg,0408010AEAAAEAE,18,0.050400000000001444
481,C83056,Aripiprazole_Tab 10mg,0402010ADAAAAAA,9,0.050400000000001444
251,C83061,Memantine HCl_Tab 20mg,0411000G0AAADAD,10,0.048999999999999946
319,C83042,Atorvastatin_Tab 10mg,0212000B0AAAAAA,23,0.048300000000000266
93,C83083,Paracet_Tab 500mg,0407010H0AAAMAM,8,0.04799999999999971
94,C83083,Paracet_Tab 500mg,0407010H0AAAMAM,8,0.04799999999999971
429,C83056,Pregabalin_Cap 150mg,0408010AEAAAEAE,17,0.04760000000000136
320,C83043,Atorvastatin_Tab 10mg,0212000B0AAAAAA,22,0.046200000000000255
269,C83083,Pregabalin_Cap 75mg,0408010AEAAACAC,8,0.04479999999999973
268,C83049,Pregabalin_Cap 75mg,0408010AEAAACAC,8,0.04479999999999973
252,C83005,Memantine HCl_Tab 20mg,0411000G0AAADAD,9,0.04409999999999995
397,C83019,Pregabalin_Cap 100mg,0408010AEAAADAD,8,0.039200000000000346
270,C83085,Pregabalin_Cap 75mg,0408010AEAAACAC,7,0.03919999999999976
398,C83059,Pregabalin_Cap 100mg,0408010AEAAADAD,21,0.03780000000000108
321,C83613,Atorvastatin_Tab 10mg,0212000B0AAAAAA,18,0.03780000000000021
95,C83055,Paracet_Tab 500mg,0407010H0AAAMAM,13,0.03639999999999978
96,C83055,Paracet_Tab 500mg,0407010H0AAAMAM,13,0.03639999999999978
430,C83043,Pregabalin_Cap 150mg,0408010AEAAAEAE,6,0.03360000000000096
431,C83010,Pregabalin_Cap 150mg,0408010AEAAAEAE,6,0.03360000000000096
322,C83049,Atorvastatin_Tab 10mg,0212000B0AAAAAA,16,0.033600000000000185
102,C83049,Paracet_Tab 500mg,0407010H0AAAMAM,8,0.0335999999999998
100,C83015,Paracet_Tab 500mg,0407010H0AAAMAM,8,0.0335999999999998
99,C83049,Paracet_Tab 500mg,0407010H0AAAMAM,8,0.0335999999999998
98,C83005,Paracet_Tab 500mg,0407010H0AAAMAM,8,0.0335999999999998
101,C83005,Paracet_Tab 500mg,0407010H0AAAMAM,8,0.0335999999999998
97,C83015,Paracet_Tab 500mg,0407010H0AAAMAM,8,0.0335999999999998
399,C83083,Pregabalin_Cap 100mg,0408010AEAAADAD,5,0.0315000000000009
432,C83045,Pregabalin_Cap 150mg,0408010AEAAAEAE,11,0.030800000000000882
254,C83057,Memantine HCl_Tab 20mg,0411000G0AAADAD,6,0.029399999999999968
253,C83015,Memantine HCl_Tab 20mg,0411000G0AAADAD,6,0.029399999999999968
433,C83045,Pregabalin_Cap 150mg,0408010AEAAAEAE,5,0.028000000000000802
434,C83635,Pregabalin_Cap 150mg,0408010AEAAAEAE,5,0.028000000000000802
271,C83635,Pregabalin_Cap 75mg,0408010AEAAACAC,5,0.02799999999999983
272,C83060,Pregabalin_Cap 75mg,0408010AEAAACAC,5,0.02799999999999983
400,C83613,Pregabalin_Cap 100mg,0408010AEAAADAD,4,0.025200000000000722
401,C83064,Pregabalin_Cap 100mg,0408010AEAAADAD,4,0.025200000000000722
402,C83083,Pregabalin_Cap 100mg,0408010AEAAADAD,4,0.025200000000000722
435,C83085,Pregabalin_Cap 150mg,0408010AEAAAEAE,9,0.025200000000000722
436,C83042,Pregabalin_Cap 150mg,0408010AEAAAEAE,9,0.025200000000000722
323,C83043,Atorvastatin_Tab 10mg,0212000B0AAAAAA,6,0.02520000000000014
324,C83634,Atorvastatin_Tab 10mg,0212000B0AAAAAA,12,0.02520000000000014
103,C83027,Paracet_Tab 500mg,0407010H0AAAMAM,9,0.025199999999999848
106,C83027,Paracet_Tab 500mg,0407010H0AAAMAM,9,0.025199999999999848
104,C83635,Paracet_Tab 500mg,0407010H0AAAMAM,6,0.025199999999999848
105,C83635,Paracet_Tab 500mg,0407010H0AAAMAM,6,0.025199999999999848
255,C83635,Memantine HCl_Tab 20mg,0411000G0AAADAD,5,0.024499999999999973
108,C83060,Paracet_Tab 500mg,0407010H0AAAMAM,4,0.023999999999999855
107,C83060,Paracet_Tab 500mg,0407010H0AAAMAM,4,0.023999999999999855
485,C83057,Aripiprazole_Tab 10mg,0402010ADAAAAAA,4,0.02240000000000064
440,C83650,Pregabalin_Cap 150mg,0408010AEAAAEAE,4,0.02240000000000064
439,C83027,Pregabalin_Cap 150mg,0408010AEAAAEAE,4,0.02240000000000064
438,C83005,Pregabalin_Cap 150mg,0408010AEAAAEAE,8,0.02240000000000064
437,C83010,Pregabalin_Cap 150mg,0408010AEAAAEAE,8,0.02240000000000064
484,C83083,Aripiprazole_Tab 10mg,0402010ADAAAAAA,4,0.02240000000000064
483,C83634,Aripiprazole_Tab 10mg,0402010ADAAAAAA,4,0.02240000000000064
482,C83064,Aripiprazole_Tab 10mg,0402010ADAAAAAA,4,0.02240000000000064
273,C83634,Pregabalin_Cap 75mg,0408010AEAAACAC,4,0.022399999999999864
277,C83056,Pregabalin_Cap 75mg,0408010AEAAACAC,4,0.022399999999999864
274,C83043,Pregabalin_Cap 75mg,0408010AEAAACAC,4,0.022399999999999864
275,C83057,Pregabalin_Cap 75mg,0408010AEAAACAC,4,0.022399999999999864
276,C83019,Pregabalin_Cap 75mg,0408010AEAAACAC,8,0.022399999999999864
110,C83005,Paracet_Tab 500mg,0407010H0AAAMAM,8,0.022399999999999864
109,C83005,Paracet_Tab 500mg,0407010H0AAAMAM,8,0.022399999999999864
441,C83043,Pregabalin_Cap 150mg,0408010AEAAAEAE,7,0.01960000000000056
403,C83049,Pregabalin_Cap 100mg,0408010AEAAADAD,4,0.019600000000000173
404,C83613,Pregabalin_Cap 100mg,0408010AEAAADAD,4,0.019600000000000173
112,C83015,Paracet_Tab 500mg,0407010H0AAAMAM,7,0.01959999999999988
111,C83015,Paracet_Tab 500mg,0407010H0AAAMAM,7,0.01959999999999988
405,C83019,Pregabalin_Cap 100mg,0408010AEAAADAD,3,0.01890000000000054
406,C83059,Pregabalin_Cap 100mg,0408010AEAAADAD,5,0.018000000000000516
375,C83064,Paracet_Tab Solb 500mg,0407010H0AAAQAQ,4,0.01680000000000048
374,C83064,Paracet_Tab Solb 500mg,0407010H0AAAQAQ,4,0.01680000000000048
448,C83043,Pregabalin_Cap 150mg,0408010AEAAAEAE,4,0.01680000000000048
449,C83049,Pregabalin_Cap 150mg,0408010AEAAAEAE,4,0.01680000000000048
447,C83060,Pregabalin_Cap 150mg,0408010AEAAAEAE,3,0.01680000000000048
446,C83059,Pregabalin_Cap 150mg,0408010AEAAAEAE,3,0.01680000000000048
445,C83613,Pregabalin_Cap 150mg,0408010AEAAAEAE,4,0.01680000000000048
444,C83027,Pregabalin_Cap 150mg,0408010AEAAAEAE,6,0.01680000000000048
443,C83085,Pregabalin_Cap 150mg,0408010AEAAAEAE,3,0.01680000000000048
442,C83015,Pregabalin_Cap 150mg,0408010AEAAAEAE,6,0.01680000000000048
451,C83028,Pregabalin_Cap 150mg,0408010AEAAAEAE,4,0.01680000000000048
450,C83019,Pregabalin_Cap 150mg,0408010AEAAAEAE,3,0.01680000000000048
325,C83064,Atorvastatin_Tab 10mg,0212000B0AAAAAA,4,0.016800000000000093
326,C83057,Atorvastatin_Tab 10mg,0212000B0AAAAAA,8,0.016800000000000093
327,C83643,Atorvastatin_Tab 10mg,0212000B0AAAAAA,8,0.016800000000000093
328,C83635,Atorvastatin_Tab 10mg,0212000B0AAAAAA,8,0.016800000000000093
343,C83056,Sertraline HCl_Tab 50mg,0403030Q0AAAAAA,4,0.01679999999999998
344,C83057,Sertraline HCl_Tab 50mg,0403030Q0AAAAAA,4,0.01679999999999998
113,C83064,Paracet_Tab 500mg,0407010H0AAAMAM,4,0.0167999999999999
279,C83061,Pregabalin_Cap 75mg,0408010AEAAACAC,3,0.0167999999999999
278,C83613,Pregabalin_Cap 75mg,0408010AEAAACAC,3,0.0167999999999999
114,C83064,Paracet_Tab 500mg,0407010H0AAAMAM,4,0.0167999999999999
115,C83085,Paracet_Tab 500mg,0407010H0AAAMAM,4,0.0167999999999999
116,C83085,Paracet_Tab 500mg,0407010H0AAAMAM,4,0.0167999999999999
117,C83083,Paracet_Tab 500mg,0407010H0AAAMAM,5,0.01499999999999991
118,C83083,Paracet_Tab 500mg,0407010H0AAAMAM,5,0.01499999999999991
256,C83650,Memantine HCl_Tab 20mg,0411000G0AAADAD,3,0.014699999999999984
407,C83643,Pregabalin_Cap 100mg,0408010AEAAADAD,4,0.014400000000000412
452,C83060,Pregabalin_Cap 150mg,0408010AEAAAEAE,5,0.014000000000000401
453,C83057,Pregabalin_Cap 150mg,0408010AEAAAEAE,5,0.014000000000000401
281,C83027,Pregabalin_Cap 75mg,0408010AEAAACAC,5,0.013999999999999915
119,C83057,Paracet_Tab 500mg,0407010H0AAAMAM,5,0.013999999999999915
280,C83015,Pregabalin_Cap 75mg,0408010AEAAACAC,5,0.013999999999999915
282,C83045,Pregabalin_Cap 75mg,0408010AEAAACAC,5,0.013999999999999915
120,C83057,Paracet_Tab 500mg,0407010H0AAAMAM,5,0.013999999999999915
408,C83643,Pregabalin_Cap 100mg,0408010AEAAADAD,5,0.013500000000000387
454,C83085,Pregabalin_Cap 150mg,0408010AEAAAEAE,3,0.012600000000000361
409,C83056,Pregabalin_Cap 100mg,0408010AEAAADAD,2,0.012600000000000361
122,C83043,Paracet_Tab 500mg,0407010H0AAAMAM,3,0.012599999999999924
121,C83043,Paracet_Tab 500mg,0407010H0AAAMAM,3,0.012599999999999924
128,C83010,Paracet_Tab 500mg,0407010H0AAAMAM,2,0.011999999999999927
127,C83004,Paracet_Tab 500mg,0407010H0AAAMAM,2,0.011999999999999927
126,C83004,Paracet_Tab 500mg,0407010H0AAAMAM,2,0.011999999999999927
125,C83028,Paracet_Tab 500mg,0407010H0AAAMAM,2,0.011999999999999927
345,C83060,Sertraline HCl_Tab 50mg,0403030Q0AAAAAA,4,0.011999999999999927
124,C83010,Paracet_Tab 500mg,0407010H0AAAMAM,2,0.011999999999999927
123,C83028,Paracet_Tab 500mg,0407010H0AAAMAM,2,0.011999999999999927
129,C83045,Paracet_Tab 500mg,0407010H0AAAMAM,2,0.011999999999999927
130,C83045,Paracet_Tab 500mg,0407010H0AAAMAM,2,0.011999999999999927
283,C83056,Pregabalin_Cap 75mg,0408010AEAAACAC,1,0.011999999999998678
457,C83005,Pregabalin_Cap 150mg,0408010AEAAAEAE,2,0.01120000000000032
486,C83043,Aripiprazole_Tab 10mg,0402010ADAAAAAA,2,0.01120000000000032
455,C83028,Pregabalin_Cap 150mg,0408010AEAAAEAE,4,0.01120000000000032
456,C83083,Pregabalin_Cap 150mg,0408010AEAAAEAE,2,0.01120000000000032
458,C83004,Pregabalin_Cap 150mg,0408010AEAAAEAE,2,0.01120000000000032
459,C83643,Pregabalin_Cap 150mg,0408010AEAAAEAE,2,0.01120000000000032
132,C83042,Paracet_Tab 500mg,0407010H0AAAMAM,4,0.011199999999999932
135,C83042,Paracet_Tab 500mg,0407010H0AAAMAM,4,0.011199999999999932
136,C83049,Paracet_Tab 500mg,0407010H0AAAMAM,4,0.011199999999999932
137,C83613,Paracet_Tab 500mg,0407010H0AAAMAM,4,0.011199999999999932
138,C83010,Paracet_Tab 500mg,0407010H0AAAMAM,4,0.011199999999999932
139,C83613,Paracet_Tab 500mg,0407010H0AAAMAM,4,0.011199999999999932
140,C83049,Paracet_Tab 500mg,0407010H0AAAMAM,4,0.011199999999999932
133,C83010,Paracet_Tab 500mg,0407010H0AAAMAM,4,0.011199999999999932
134,C83043,Paracet_Tab 500mg,0407010H0AAAMAM,4,0.011199999999999932
131,C83043,Paracet_Tab 500mg,0407010H0AAAMAM,4,0.011199999999999932
284,C83059,Pregabalin_Cap 75mg,0408010AEAAACAC,4,0.011199999999999932
410,C83015,Pregabalin_Cap 100mg,0408010AEAAADAD,2,0.009800000000000086
285,C83045,Pregabalin_Cap 75mg,0408010AEAAACAC,1,0.008999999999999009
461,C83650,Pregabalin_Cap 150mg,0408010AEAAAEAE,3,0.00840000000000024
460,C83032,Pregabalin_Cap 150mg,0408010AEAAAEAE,3,0.00840000000000024
142,C83015,Paracet_Tab 500mg,0407010H0AAAMAM,6,0.00839999999999995
141,C83015,Paracet_Tab 500mg,0407010H0AAAMAM,6,0.00839999999999995
286,C83043,Pregabalin_Cap 75mg,0408010AEAAACAC,3,0.00839999999999995
487,C83019,Aripiprazole_Tab 10mg,0402010ADAAAAAA,1,0.007000000000001172
287,C83056,Pregabalin_Cap 75mg,0408010AEAAACAC,1,0.006999999999999229
411,C83027,Pregabalin_Cap 100mg,0408010AEAAADAD,1,0.0063000000000001805
329,C83004,Atorvastatin_Tab 10mg,0212000B0AAAAAA,3,0.006300000000000035
412,C83019,Pregabalin_Cap 100mg,0408010AEAAADAD,1,0.006000000000000172
12,C83004,Atorvastatin_Tab 20mg,0212000B0AAABAB,1,0.006000000000000172
144,C83056,Paracet_Tab 500mg,0407010H0AAAMAM,1,0.005999999999999964
145,C83027,Paracet_Tab 500mg,0407010H0AAAMAM,1,0.005999999999999964
146,C83056,Paracet_Tab 500mg,0407010H0AAAMAM,1,0.005999999999999964
147,C83059,Paracet_Tab 500mg,0407010H0AAAMAM,1,0.005999999999999964
148,C83027,Paracet_Tab 500mg,0407010H0AAAMAM,1,0.005999999999999964
149,C83059,Paracet_Tab 500mg,0407010H0AAAMAM,1,0.005999999999999964
150,C83005,Paracet_Tab 500mg,0407010H0AAAMAM,1,0.005999999999999964
151,C83635,Paracet_Tab 500mg,0407010H0AAAMAM,1,0.005999999999999964
152,C83635,Paracet_Tab 500mg,0407010H0AAAMAM,1,0.005999999999999964
153,C83005,Paracet_Tab 500mg,0407010H0AAAMAM,1,0.005999999999999964
154,C83015,Paracet_Tab 500mg,0407010H0AAAMAM,1,0.005999999999999964
143,C83015,Paracet_Tab 500mg,0407010H0AAAMAM,1,0.005999999999999964
288,C83057,Pregabalin_Cap 75mg,0408010AEAAACAC,1,0.005999999999999339
289,C83064,Pregabalin_Cap 75mg,0408010AEAAACAC,1,0.005999999999999339
413,C83019,Pregabalin_Cap 100mg,0408010AEAAADAD,1,0.005700000000000163
463,C83613,Pregabalin_Cap 150mg,0408010AEAAAEAE,2,0.00560000000000016
466,C83028,Pregabalin_Cap 150mg,0408010AEAAAEAE,1,0.00560000000000016
488,C83004,Aripiprazole_Tab 10mg,0402010ADAAAAAA,1,0.00560000000000016
462,C83049,Pregabalin_Cap 150mg,0408010AEAAAEAE,4,0.00560000000000016
471,C83057,Pregabalin_Cap 150mg,0408010AEAAAEAE,1,0.00560000000000016
464,C83055,Pregabalin_Cap 150mg,0408010AEAAAEAE,1,0.00560000000000016
469,C83032,Pregabalin_Cap 150mg,0408010AEAAAEAE,1,0.00560000000000016
468,C83056,Pregabalin_Cap 150mg,0408010AEAAAEAE,1,0.00560000000000016
467,C83055,Pregabalin_Cap 150mg,0408010AEAAAEAE,4,0.00560000000000016
470,C83613,Pregabalin_Cap 150mg,0408010AEAAAEAE,1,0.00560000000000016
465,C83049,Pregabalin_Cap 150mg,0408010AEAAAEAE,1,0.00560000000000016
156,C83061,Paracet_Tab 500mg,0407010H0AAAMAM,4,0.005599999999999966
290,C83045,Pregabalin_Cap 75mg,0408010AEAAACAC,1,0.005599999999999966
157,C83643,Paracet_Tab 500mg,0407010H0AAAMAM,4,0.005599999999999966
155,C83061,Paracet_Tab 500mg,0407010H0AAAMAM,4,0.005599999999999966
158,C83643,Paracet_Tab 500mg,0407010H0AAAMAM,4,0.005599999999999966
414,C83015,Pregabalin_Cap 100mg,0408010AEAAADAD,3,0.005400000000000155
415,C83056,Pregabalin_Cap 100mg,0408010AEAAADAD,1,0.004900000000000043
13,C83064,Atorvastatin_Tab 20mg,0212000B0AAABAB,1,0.004400000000000015
472,C83083,Pregabalin_Cap 150mg,0408010AEAAAEAE,1,0.00420000000000012
330,C83015,Atorvastatin_Tab 10mg,0212000B0AAAAAA,1,0.004200000000000023
331,C83650,Atorvastatin_Tab 10mg,0212000B0AAAAAA,1,0.004200000000000023
257,C83010,Memantine HCl_Tab 20mg,0411000G0AAADAD,1,0.004199999999999995
159,C83045,Paracet_Tab 500mg,0407010H0AAAMAM,1,0.0040000000000000105
160,C83045,Paracet_Tab 500mg,0407010H0AAAMAM,1,0.0040000000000000105
346,C83019,Sertraline HCl_Tab 50mg,0403030Q0AAAAAA,1,0.003999999999999976
416,C83613,Pregabalin_Cap 100mg,0408010AEAAADAD,1,0.003600000000000103
417,C83015,Pregabalin_Cap 100mg,0408010AEAAADAD,1,0.003600000000000006
258,C83064,Memantine HCl_Tab 20mg,0411000G0AAADAD,1,0.003499999999999996
166,C83004,Paracet_Tab 500mg,0407010H0AAAMAM,1,0.002999999999999982
167,C83004,Paracet_Tab 500mg,0407010H0AAAMAM,1,0.002999999999999982
165,C83019,Paracet_Tab 500mg,0407010H0AAAMAM,1,0.002999999999999982
162,C83635,Paracet_Tab 500mg,0407010H0AAAMAM,1,0.002999999999999982
164,C83635,Paracet_Tab 500mg,0407010H0AAAMAM,1,0.002999999999999982
163,C83613,Paracet_Tab 500mg,0407010H0AAAMAM,1,0.002999999999999982
348,C83004,Sertraline HCl_Tab 50mg,0403030Q0AAAAAA,1,0.002999999999999982
347,C83057,Sertraline HCl_Tab 50mg,0403030Q0AAAAAA,1,0.002999999999999982
161,C83019,Paracet_Tab 500mg,0407010H0AAAMAM,1,0.002999999999999982
168,C83613,Paracet_Tab 500mg,0407010H0AAAMAM,1,0.002999999999999982
291,C83043,Pregabalin_Cap 75mg,0408010AEAAACAC,1,0.0028999999999996806
473,C83634,Pregabalin_Cap 150mg,0408010AEAAAEAE,1,0.00280000000000008
172,C83043,Paracet_Tab 500mg,0407010H0AAAMAM,2,0.002799999999999983
176,C83085,Paracet_Tab 500mg,0407010H0AAAMAM,4,0.002799999999999983
175,C83060,Paracet_Tab 500mg,0407010H0AAAMAM,1,0.002799999999999983
174,C83004,Paracet_Tab 500mg,0407010H0AAAMAM,1,0.002799999999999983
171,C83004,Paracet_Tab 500mg,0407010H0AAAMAM,1,0.002799999999999983
170,C83085,Paracet_Tab 500mg,0407010H0AAAMAM,4,0.002799999999999983
169,C83043,Paracet_Tab 500mg,0407010H0AAAMAM,2,0.002799999999999983
173,C83060,Paracet_Tab 500mg,0407010H0AAAMAM,1,0.002799999999999983
418,C83015,Pregabalin_Cap 100mg,0408010AEAAADAD,1,0.0027000000000000773
377,C83650,Paracet_Tab Solb 500mg,0407010H0AAAQAQ,1,0.0020000000000000573
14,C83061,Atorvastatin_Tab 20mg,0212000B0AAABAB,1,0.0020000000000000573
376,C83650,Paracet_Tab Solb 500mg,0407010H0AAAQAQ,1,0.0020000000000000573
474,C83056,Pregabalin_Cap 150mg,0408010AEAAAEAE,1,0.00140000000000004
489,C83064,Aripiprazole_Tab 10mg,0402010ADAAAAAA,1,0.0003000000000000502
15,C83043,Atorvastatin_Tab 20mg,0212000B0AAABAB,1,-0.0007999999999999674
419,C83015,Pregabalin_Cap 100mg,0408010AEAAADAD,1,-0.0015999999999999348
349,C83064,Sertraline HCl_Tab 50mg,0403030Q0AAAAAA,1,-0.00180000000000001
420,C83015,Pregabalin_Cap 100mg,0408010AEAAADAD,1,-0.001999999999999988
491,C83055,Aripiprazole_Tab 10mg,0402010ADAAAAAA,1,-0.002099999999999963
492,C83083,Aripiprazole_Tab 10mg,0402010ADAAAAAA,1,-0.002099999999999963
490,C83043,Aripiprazole_Tab 10mg,0402010ADAAAAAA,1,-0.002099999999999963
475,C83027,Pregabalin_Cap 150mg,0408010AEAAAEAE,1,-0.002399999999999902
259,C83085,Memantine HCl_Tab 20mg,0411000G0AAADAD,2,-0.002399999999999902
421,C83059,Pregabalin_Cap 100mg,0408010AEAAADAD,1,-0.0029999999999996696
332,C83060,Atorvastatin_Tab 10mg,0212000B0AAAAAA,1,-0.002999999999999982
350,C83019,Sertraline HCl_Tab 50mg,0403030Q0AAAAAA,1,-0.0030000000000000165
16,C83060,Atorvastatin_Tab 20mg,0212000B0AAABAB,1,-0.0030999999999998737
476,C83042,Pregabalin_Cap 150mg,0408010AEAAAEAE,1,-0.003999999999999837
351,C83085,Sertraline HCl_Tab 50mg,0403030Q0AAAAAA,1,-0.003999999999999976
178,C83634,Paracet_Tab 500mg,0407010H0AAAMAM,1,-0.003999999999999976
177,C83634,Paracet_Tab 500mg,0407010H0AAAMAM,1,-0.003999999999999976
292,C83613,Pregabalin_Cap 75mg,0408010AEAAACAC,2,-0.00420000000000012
478,C83060,Pregabalin_Cap 150mg,0408010AEAAAEAE,1,-0.004799999999999804
477,C83019,Pregabalin_Cap 150mg,0408010AEAAAEAE,1,-0.004799999999999804
181,C83045,Paracet_Tab 500mg,0407010H0AAAMAM,1,-0.004799999999999971
180,C83004,Paracet_Tab 500mg,0407010H0AAAMAM,1,-0.004799999999999971
179,C83045,Paracet_Tab 500mg,0407010H0AAAMAM,1,-0.004799999999999971
182,C83004,Paracet_Tab 500mg,0407010H0AAAMAM,1,-0.004799999999999971
379,C83045,Paracet_Tab Solb 500mg,0407010H0AAAQAQ,1,-0.005999999999999339
378,C83042,Paracet_Tab Solb 500mg,0407010H0AAAQAQ,1,-0.005999999999999339
380,C83061,Paracet_Tab Solb 500mg,0407010H0AAAQAQ,1,-0.005999999999999339
381,C83061,Paracet_Tab Solb 500mg,0407010H0AAAQAQ,1,-0.005999999999999339
382,C83056,Paracet_Tab Solb 500mg,0407010H0AAAQAQ,1,-0.005999999999999339
383,C83042,Paracet_Tab Solb 500mg,0407010H0AAAQAQ,1,-0.005999999999999339
384,C83056,Paracet_Tab Solb 500mg,0407010H0AAAQAQ,1,-0.005999999999999339
385,C83045,Paracet_Tab Solb 500mg,0407010H0AAAQAQ,1,-0.005999999999999339
333,C83004,Atorvastatin_Tab 10mg,0212000B0AAAAAA,1,-0.005999999999999964
184,C83032,Paracet_Tab 500mg,0407010H0AAAMAM,3,-0.005999999999999964
183,C83032,Paracet_Tab 500mg,0407010H0AAAMAM,3,-0.005999999999999964
493,C83005,Aripiprazole_Tab 10mg,0402010ADAAAAAA,3,-0.006299999999999889
494,C83032,Aripiprazole_Tab 10mg,0402010ADAAAAAA,3,-0.006299999999999889
293,C83056,Pregabalin_Cap 75mg,0408010AEAAACAC,3,-0.0063000000000001805
495,C83027,Aripiprazole_Tab 10mg,0402010ADAAAAAA,4,-0.008399999999999852
497,C83056,Aripiprazole_Tab 10mg,0402010ADAAAAAA,4,-0.008399999999999852
498,C83085,Aripiprazole_Tab 10mg,0402010ADAAAAAA,4,-0.008399999999999852
496,C83028,Aripiprazole_Tab 10mg,0402010ADAAAAAA,4,-0.008399999999999852
294,C83064,Pregabalin_Cap 75mg,0408010AEAAACAC,4,-0.00840000000000024
295,C83019,Pregabalin_Cap 75mg,0408010AEAAACAC,5,-0.0105000000000003
296,C83005,Pregabalin_Cap 75mg,0408010AEAAACAC,5,-0.0105000000000003
297,C83085,Pregabalin_Cap 75mg,0408010AEAAACAC,5,-0.0105000000000003
186,C83634,Paracet_Tab 500mg,0407010H0AAAMAM,2,-0.011199999999999932
185,C83634,Paracet_Tab 500mg,0407010H0AAAMAM,2,-0.011199999999999932
387,C83004,Paracet_Tab Solb 500mg,0407010H0AAAQAQ,2,-0.011999999999998678
386,C83004,Paracet_Tab Solb 500mg,0407010H0AAAQAQ,2,-0.011999999999998678
352,C83060,Sertraline HCl_Tab 50mg,0403030Q0AAAAAA,2,-0.011999999999999927
499,C83045,Aripiprazole_Tab 10mg,0402010ADAAAAAA,7,-0.014699999999999741
187,C83060,Paracet_Tab 500mg,0407010H0AAAMAM,3,-0.0167999999999999
188,C83060,Paracet_Tab 500mg,0407010H0AAAMAM,3,-0.0167999999999999
353,C83015,Sertraline HCl_Tab 50mg,0403030Q0AAAAAA,4,-0.017600000000000005
500,C83019,Aripiprazole_Tab 10mg,0402010ADAAAAAA,10,-0.02099999999999963
355,C83064,Sertraline HCl_Tab 50mg,0403030Q0AAAAAA,5,-0.022000000000000006
354,C83056,Sertraline HCl_Tab 50mg,0403030Q0AAAAAA,5,-0.022000000000000006
190,C83059,Paracet_Tab 500mg,0407010H0AAAMAM,4,-0.022399999999999864
192,C83650,Paracet_Tab 500mg,0407010H0AAAMAM,4,-0.022399999999999864
189,C83650,Paracet_Tab 500mg,0407010H0AAAMAM,4,-0.022399999999999864
191,C83059,Paracet_Tab 500mg,0407010H0AAAMAM,4,-0.022399999999999864
501,C83064,Aripiprazole_Tab 10mg,0402010ADAAAAAA,13,-0.02729999999999952
193,C83028,Paracet_Tab 500mg,0407010H0AAAMAM,5,-0.02799999999999983
195,C83028,Paracet_Tab 500mg,0407010H0AAAMAM,5,-0.02799999999999983
194,C83635,Paracet_Tab 500mg,0407010H0AAAMAM,5,-0.02799999999999983
196,C83635,Paracet_Tab 500mg,0407010H0AAAMAM,5,-0.02799999999999983
198,C83057,Paracet_Tab 500mg,0407010H0AAAMAM,7,-0.03919999999999976
197,C83057,Paracet_Tab 500mg,0407010H0AAAMAM,7,-0.03919999999999976
200,C83613,Paracet_Tab 500mg,0407010H0AAAMAM,8,-0.04479999999999973
199,C83613,Paracet_Tab 500mg,0407010H0AAAMAM,8,-0.04479999999999973
203,C83061,Paracet_Tab 500mg,0407010H0AAAMAM,9,-0.050399999999999695
204,C83643,Paracet_Tab 500mg,0407010H0AAAMAM,9,-0.050399999999999695
201,C83061,Paracet_Tab 500mg,0407010H0AAAMAM,9,-0.050399999999999695
202,C83643,Paracet_Tab 500mg,0407010H0AAAMAM,9,-0.050399999999999695
205,C83032,Paracet_Tab 500mg,0407010H0AAAMAM,10,-0.05599999999999966
206,C83032,Paracet_Tab 500mg,0407010H0AAAMAM,10,-0.05599999999999966
207,C83045,Paracet_Tab 500mg,0407010H0AAAMAM,11,-0.06159999999999963
208,C83045,Paracet_Tab 500mg,0407010H0AAAMAM,11,-0.06159999999999963
209,C83042,Paracet_Tab 500mg,0407010H0AAAMAM,14,-0.07839999999999953
210,C83042,Paracet_Tab 500mg,0407010H0AAAMAM,14,-0.07839999999999953
211,C83010,Paracet_Tab 500mg,0407010H0AAAMAM,15,-0.08399999999999949
212,C83010,Paracet_Tab 500mg,0407010H0AAAMAM,15,-0.08399999999999949
216,C83043,Paracet_Tab 500mg,0407010H0AAAMAM,16,-0.08959999999999946
218,C83043,Paracet_Tab 500mg,0407010H0AAAMAM,16,-0.08959999999999946
217,C83055,Paracet_Tab 500mg,0407010H0AAAMAM,16,-0.08959999999999946
215,C83027,Paracet_Tab 500mg,0407010H0AAAMAM,16,-0.08959999999999946
214,C83027,Paracet_Tab 500mg,0407010H0AAAMAM,16,-0.08959999999999946
213,C83055,Paracet_Tab 500mg,0407010H0AAAMAM,16,-0.08959999999999946
219,C83083,Paracet_Tab 500mg,0407010H0AAAMAM,20,-0.11199999999999932
220,C83083,Paracet_Tab 500mg,0407010H0AAAMAM,20,-0.11199999999999932
221,C83049,Paracet_Tab 500mg,0407010H0AAAMAM,24,-0.1343999999999992
222,C83049,Paracet_Tab 500mg,0407010H0AAAMAM,24,-0.1343999999999992
223,C83015,Paracet_Tab 500mg,0407010H0AAAMAM,36,-0.20159999999999878
224,C83015,Paracet_Tab 500mg,0407010H0AAAMAM,36,-0.20159999999999878
225,C83083,Paracet_Tab 500mg,0407010H0AAAMAM,1,-0.20799999999999996
226,C83083,Paracet_Tab 500mg,0407010H0AAAMAM,1,-0.20799999999999996
227,C83019,Paracet_Tab 500mg,0407010H0AAAMAM,47,-0.26319999999999844
228,C83019,Paracet_Tab 500mg,0407010H0AAAMAM,47,-0.26319999999999844
230,C83005,Paracet_Tab 500mg,0407010H0AAAMAM,51,-0.2855999999999983
229,C83005,Paracet_Tab 500mg,0407010H0AAAMAM,51,-0.2855999999999983
231,C83059,Paracet_Tab 500mg,0407010H0AAAMAM,31,-1.3887999999999916
232,C83059,Paracet_Tab 500mg,0407010H0AAAMAM,31,-1.3887999999999916
233,C83045,Paracet_Tab 500mg,0407010H0AAAMAM,92,-1.8399999999999888
234,C83045,Paracet_Tab 500mg,0407010H0AAAMAM,92,-1.8399999999999888
235,C83032,Paracet_Tab 500mg,0407010H0AAAMAM,53,-3.052799999999999
236,C83032,Paracet_Tab 500mg,0407010H0AAAMAM,53,-3.052799999999999
237,C83032,Paracet_Tab 500mg,0407010H0AAAMAM,8,-3.0720000000000014
238,C83032,Paracet_Tab 500mg,0407010H0AAAMAM,8,-3.0720000000000014
239,C83032,Paracet_Tab 500mg,0407010H0AAAMAM,87,-3.479999999999994
240,C83032,Paracet_Tab 500mg,0407010H0AAAMAM,87,-3.479999999999994
241,C83032,Paracet_Tab 500mg,0407010H0AAAMAM,27,-4.233599999999996
242,C83032,Paracet_Tab 500mg,0407010H0AAAMAM,27,-4.233599999999996
