,practice_code,bnf_description,bnf_code,items,excess_cost
0,B81002,Clonazepam_Tab 500mcg,0408010F0AAABAB,18,3.4013999999999935
1,B81002,Ferr Sulf_Tab 200mg,0901011P0AAACAC,7,0.04559999999999931
2,B81002,Gabapentin_Tab 600mg,0408010G0AAAJAJ,4,-0.00560000000000016
3,B81002,Olanzapine_Tab 10mg,040201060AAACAC,1,-0.0014000000000000123
4,B81002,Paracet_Tab 500mg,0407010H0AAAMAM,186,20.975200000000058
5,B81008,Atorvastatin_Tab 20mg,0212000B0AAABAB,638,67.66340000000008
6,B81008,Clonazepam_Tab 500mcg,0408010F0AAABAB,121,46.58279999999991
7,B81008,Ferr Sulf_Tab 200mg,0901011P0AAACAC,112,56.46199999999999
8,B81008,Gabapentin_Tab 600mg,0408010G0AAAJAJ,15,0.03619999999999754
9,B81008,Memantine HCl_Tab 20mg,0411000G0AAADAD,10,0.03929999999999998
10,B81008,Olanzapine_Tab 10mg,040201060AAACAC,6,-0.025200000000000222
11,B81008,Paracet_Tab 500mg,0407010H0AAAMAM,1268,53.79600000000029
12,B81008,Paracet_Tab Solb 500mg,0407010H0AAAQAQ,84,122.8296000000001
13,B81008,Riluzole_Tab 50mg,0409030R0AAAAAA,2,303.27360000000004
14,B81011,Atorvastatin_Tab 20mg,0212000B0AAABAB,1,-0.0029999999999998778
15,B81011,Clonazepam_Tab 500mcg,0408010F0AAABAB,25,8.523199999999981
16,B81011,Ferr Sulf_Tab 200mg,0901011P0AAACAC,13,0.0027999999999994
17,B81011,Gabapentin_Tab 600mg,0408010G0AAAJAJ,23,166.23180000000002
18,B81011,Memantine HCl_Tab 20mg,0411000G0AAADAD,17,0.0832999999999999
19,B81011,Paracet_Tab 500mg,0407010H0AAAMAM,608,41.782000000000075
20,B81017,Atorvastatin_Tab 20mg,0212000B0AAABAB,527,157.99800000000005
21,B81017,Clonazepam_Tab 500mcg,0408010F0AAABAB,53,16.63859999999996
22,B81017,Ferr Sulf_Tab 200mg,0901011P0AAACAC,19,0.049399999999999056
23,B81017,Gabapentin_Tab 600mg,0408010G0AAAJAJ,19,85.76579999999998
24,B81017,Memantine HCl_Tab 20mg,0411000G0AAADAD,8,63.90089999999999
25,B81017,Olanzapine_Tab 10mg,040201060AAACAC,18,-0.025200000000000222
26,B81017,Paracet_Tab 500mg,0407010H0AAAMAM,478,11.974000000000014
27,B81017,Paracet_Tab Solb 500mg,0407010H0AAAQAQ,4,-0.018399999999997974
28,B81018,Atorvastatin_Tab 20mg,0212000B0AAABAB,321,293.22420000000005
29,B81018,Clonazepam_Tab 500mcg,0408010F0AAABAB,23,8.641699999999979
30,B81018,Ferr Sulf_Tab 200mg,0901011P0AAACAC,11,0.007699999999999443
31,B81018,Gabapentin_Tab 600mg,0408010G0AAAJAJ,6,15.0192
32,B81018,Memantine HCl_Tab 20mg,0411000G0AAADAD,27,64.00030000000001
33,B81018,Mesalazine_Tab E/C 800mg,0105010B0AAASAS,1,22.959999999999994
34,B81018,Paracet_Tab 500mg,0407010H0AAAMAM,462,91.63760000000005
35,B81018,Paracet_Tab Solb 500mg,0407010H0AAAQAQ,4,-0.023999999999997357
36,B81020,Atorvastatin_Tab 20mg,0212000B0AAABAB,322,89.94300000000001
37,B81020,Clonazepam_Tab 500mcg,0408010F0AAABAB,29,11.142499999999973
38,B81020,Ferr Sulf_Tab 200mg,0901011P0AAACAC,27,84.59639999999999
39,B81020,Gabapentin_Tab 600mg,0408010G0AAAJAJ,3,0.012599999999999487
40,B81020,Memantine HCl_Tab 20mg,0411000G0AAADAD,12,100.42759999999998
41,B81020,Paracet_Tab 500mg,0407010H0AAAMAM,48,3.5736000000000008
42,B81021,Clonazepam_Tab 500mcg,0408010F0AAABAB,24,12.141199999999973
43,B81021,Gabapentin_Tab 600mg,0408010G0AAAJAJ,5,-0.0210000000000006
44,B81021,Memantine HCl_Tab 20mg,0411000G0AAADAD,4,63.896
45,B81021,Paracet_Tab 500mg,0407010H0AAAMAM,238,27.81080000000004
46,B81021,Paracet_Tab Solb 500mg,0407010H0AAAQAQ,6,146.948
47,B81027,Clonazepam_Tab 500mcg,0408010F0AAABAB,81,22.425299999999954
48,B81027,Ferr Sulf_Tab 200mg,0901011P0AAACAC,23,0.049599999999997785
49,B81027,Memantine HCl_Tab 20mg,0411000G0AAADAD,10,0.048999999999999946
50,B81027,Mesalazine_Tab E/C 800mg,0105010B0AAASAS,1,18.449999999999996
51,B81027,Paracet_Tab 500mg,0407010H0AAAMAM,168,-0.38639999999999763
52,B81027,Paracet_Tab Solb 500mg,0407010H0AAAQAQ,10,-0.05999999999999339
53,B81032,Atorvastatin_Tab 20mg,0212000B0AAABAB,69,22.604400000000005
54,B81032,Clonazepam_Tab 500mcg,0408010F0AAABAB,16,4.99039999999999
55,B81032,Gabapentin_Tab 600mg,0408010G0AAAJAJ,24,0.0167999999999964
56,B81032,Paracet_Tab 500mg,0407010H0AAAMAM,48,20.191200000000002
57,B81035,Atorvastatin_Tab 20mg,0212000B0AAABAB,1,-0.0029999999999998778
58,B81035,Clonazepam_Tab 500mcg,0408010F0AAABAB,15,4.348199999999991
59,B81035,Ferr Sulf_Tab 200mg,0901011P0AAACAC,4,0.011199999999999932
60,B81035,Memantine HCl_Tab 20mg,0411000G0AAADAD,3,0.014699999999999984
61,B81035,Paracet_Tab 500mg,0407010H0AAAMAM,318,40.366800000000026
62,B81038,Clonazepam_Tab 500mcg,0408010F0AAABAB,15,5.804199999999989
63,B81038,Ferr Sulf_Tab 200mg,0901011P0AAACAC,26,0.034699999999998635
64,B81038,Gabapentin_Tab 600mg,0408010G0AAAJAJ,4,0.016799999999999315
65,B81038,Mesalazine_Tab E/C 800mg,0105010B0AAASAS,2,22.959999999999994
66,B81038,Paracet_Tab 500mg,0407010H0AAAMAM,168,-0.7999999999999952
67,B81040,Atorvastatin_Tab 20mg,0212000B0AAABAB,1,0.003800000000000109
68,B81040,Clonazepam_Tab 500mcg,0408010F0AAABAB,46,19.725799999999953
69,B81040,Ferr Sulf_Tab 200mg,0901011P0AAACAC,40,0.10779999999999862
70,B81040,Gabapentin_Tab 600mg,0408010G0AAAJAJ,4,0.006999999999999326
71,B81040,Memantine HCl_Tab 20mg,0411000G0AAADAD,5,0.024499999999999973
72,B81040,Mesalazine_Tab E/C 800mg,0105010B0AAASAS,1,11.479999999999997
73,B81040,Paracet_Tab 500mg,0407010H0AAAMAM,210,9.016399999999994
74,B81040,Paracet_Tab Solb 500mg,0407010H0AAAQAQ,2,-0.011999999999998678
75,B81046,Clonazepam_Tab 500mcg,0408010F0AAABAB,33,12.757699999999975
76,B81046,Ferr Sulf_Tab 200mg,0901011P0AAACAC,23,-0.002800000000001149
77,B81046,Gabapentin_Tab 600mg,0408010G0AAAJAJ,4,0.016799999999999315
78,B81046,Memantine HCl_Tab 20mg,0411000G0AAADAD,4,0.01959999999999998
79,B81046,Paracet_Tab 500mg,0407010H0AAAMAM,492,14.971800000000059
80,B81046,Paracet_Tab Solb 500mg,0407010H0AAAQAQ,4,-0.023999999999997357
81,B81047,Atorvastatin_Tab 20mg,0212000B0AAABAB,210,0.8512000000000244
82,B81047,Clonazepam_Tab 500mcg,0408010F0AAABAB,19,6.429699999999986
83,B81047,Ferr Sulf_Tab 200mg,0901011P0AAACAC,1,0.0059999999999997555
84,B81047,Paracet_Tab 500mg,0407010H0AAAMAM,216,-1.7467999999999893
85,B81047,Paracet_Tab Solb 500mg,0407010H0AAAQAQ,2,21.1008
86,B81048,Clonazepam_Tab 500mcg,0408010F0AAABAB,32,21.50479999999996
87,B81048,Ferr Sulf_Tab 200mg,0901011P0AAACAC,37,0.0023999999999975707
88,B81048,Gabapentin_Tab 600mg,0408010G0AAAJAJ,11,0.04619999999999812
89,B81048,Memantine HCl_Tab 20mg,0411000G0AAADAD,4,0.01959999999999998
90,B81048,Olanzapine_Tab 10mg,040201060AAACAC,7,289.40279999999996
91,B81048,Paracet_Tab 500mg,0407010H0AAAMAM,586,27.59840000000003
92,B81049,Atorvastatin_Tab 20mg,0212000B0AAABAB,154,302.91600000000005
93,B81049,Clonazepam_Tab 500mcg,0408010F0AAABAB,34,9.078799999999982
94,B81049,Ferr Sulf_Tab 200mg,0901011P0AAACAC,4,14.089599999999997
95,B81049,Memantine HCl_Tab 20mg,0411000G0AAADAD,12,0.058799999999999936
96,B81049,Mesalazine_Tab E/C 800mg,0105010B0AAASAS,1,36.89999999999999
97,B81049,Olanzapine_Tab 10mg,040201060AAACAC,8,108.53920000000001
98,B81049,Paracet_Tab 500mg,0407010H0AAAMAM,540,53.059200000000075
99,B81049,Paracet_Tab Solb 500mg,0407010H0AAAQAQ,22,9.34720000000002
100,B81052,Clonazepam_Tab 500mcg,0408010F0AAABAB,8,5.4259999999999895
101,B81052,Ferr Sulf_Tab 200mg,0901011P0AAACAC,7,-0.014700000000000421
102,B81052,Memantine HCl_Tab 20mg,0411000G0AAADAD,4,0.01959999999999998
103,B81052,Paracet_Tab 500mg,0407010H0AAAMAM,122,10.448
104,B81053,Atorvastatin_Tab 20mg,0212000B0AAABAB,1,-0.0013999999999999985
105,B81053,Clonazepam_Tab 500mcg,0408010F0AAABAB,56,21.547599999999957
106,B81053,Ferr Sulf_Tab 200mg,0901011P0AAACAC,52,0.035699999999997525
107,B81053,Gabapentin_Tab 600mg,0408010G0AAAJAJ,5,-0.014000000000000401
108,B81053,Memantine HCl_Tab 20mg,0411000G0AAADAD,4,0.01959999999999998
109,B81053,Paracet_Tab 500mg,0407010H0AAAMAM,654,120.63160000000008
110,B81053,Paracet_Tab Solb 500mg,0407010H0AAAQAQ,6,-0.030399999999996652
111,B81054,Atorvastatin_Tab 20mg,0212000B0AAABAB,1,0.006000000000000172
112,B81054,Clonazepam_Tab 500mcg,0408010F0AAABAB,35,17.79519999999996
113,B81054,Ferr Sulf_Tab 200mg,0901011P0AAACAC,29,-0.022500000000002726
114,B81054,Gabapentin_Tab 600mg,0408010G0AAAJAJ,8,0.03359999999999863
115,B81054,Memantine HCl_Tab 20mg,0411000G0AAADAD,5,0.024499999999999973
116,B81054,Olanzapine_Tab 10mg,040201060AAACAC,9,-0.03780000000000033
117,B81054,Paracet_Tab 500mg,0407010H0AAAMAM,392,4.483600000000031
118,B81054,Paracet_Tab Solb 500mg,0407010H0AAAQAQ,8,-0.027999999999995806
119,B81056,Atorvastatin_Tab 20mg,0212000B0AAABAB,1,-0.0029999999999998778
120,B81056,Clonazepam_Tab 500mcg,0408010F0AAABAB,43,19.27679999999996
121,B81056,Ferr Sulf_Tab 200mg,0901011P0AAACAC,6,0.023099999999999787
122,B81056,Gabapentin_Tab 600mg,0408010G0AAAJAJ,10,0.009799999999999795
123,B81056,Memantine HCl_Tab 20mg,0411000G0AAADAD,22,0.10779999999999988
124,B81056,Mesalazine_Tab E/C 800mg,0105010B0AAASAS,1,11.479999999999997
125,B81056,Paracet_Tab 500mg,0407010H0AAAMAM,510,-43.48199999999995
126,B81056,Paracet_Tab Solb 500mg,0407010H0AAAQAQ,8,16.880000000000006
127,B81058,Clonazepam_Tab 500mcg,0408010F0AAABAB,29,13.760399999999972
128,B81058,Ferr Sulf_Tab 200mg,0901011P0AAACAC,20,21.182
129,B81058,Gabapentin_Tab 600mg,0408010G0AAAJAJ,1,-0.00560000000000016
130,B81058,Paracet_Tab 500mg,0407010H0AAAMAM,406,19.921200000000063
131,B81058,Paracet_Tab Solb 500mg,0407010H0AAAQAQ,2,-0.005999999999999339
132,B81066,Clonazepam_Tab 500mcg,0408010F0AAABAB,4,2.7797999999999945
133,B81066,Ferr Sulf_Tab 200mg,0901011P0AAACAC,58,42.41159999999999
134,B81066,Gabapentin_Tab 600mg,0408010G0AAAJAJ,4,0.016799999999999315
135,B81066,Paracet_Tab 500mg,0407010H0AAAMAM,36,-0.04159999999999975
136,B81066,Paracet_Tab Solb 500mg,0407010H0AAAQAQ,2,-0.011999999999998678
137,B81074,Clonazepam_Tab 500mcg,0408010F0AAABAB,24,6.169799999999987
138,B81074,Ferr Sulf_Tab 200mg,0901011P0AAACAC,14,-0.015300000000001271
139,B81074,Mesalazine_Tab E/C 800mg,0105010B0AAASAS,2,-18.432
140,B81074,Paracet_Tab 500mg,0407010H0AAAMAM,244,-2.146399999999987
141,B81075,Clonazepam_Tab 500mcg,0408010F0AAABAB,14,3.9127999999999923
142,B81075,Gabapentin_Tab 600mg,0408010G0AAAJAJ,1,0.004199999999999829
143,B81075,Memantine HCl_Tab 20mg,0411000G0AAADAD,4,0.01959999999999998
144,B81075,Paracet_Tab 500mg,0407010H0AAAMAM,2,0.011999999999999927
145,B81080,Clonazepam_Tab 500mcg,0408010F0AAABAB,2,1.468999999999997
146,B81080,Ferr Sulf_Tab 200mg,0901011P0AAACAC,8,0.04479999999999973
147,B81080,Paracet_Tab 500mg,0407010H0AAAMAM,36,25.82719999999999
148,B81085,Clonazepam_Tab 500mcg,0408010F0AAABAB,6,2.932399999999994
149,B81085,Ferr Sulf_Tab 200mg,0901011P0AAACAC,10,21.167999999999996
150,B81085,Memantine HCl_Tab 20mg,0411000G0AAADAD,13,127.83119999999998
151,B81085,Paracet_Tab 500mg,0407010H0AAAMAM,264,16.24480000000001
152,B81095,Clonazepam_Tab 500mcg,0408010F0AAABAB,4,2.976399999999994
153,B81095,Paracet_Tab 500mg,0407010H0AAAMAM,154,19.988000000000017
154,B81095,Paracet_Tab Solb 500mg,0407010H0AAAQAQ,2,-0.011999999999998678
155,B81097,Clonazepam_Tab 500mcg,0408010F0AAABAB,1,0.6327999999999987
156,B81097,Memantine HCl_Tab 20mg,0411000G0AAADAD,3,63.898799999999994
157,B81097,Paracet_Tab 500mg,0407010H0AAAMAM,8,-0.04479999999999973
158,B81104,Clonazepam_Tab 500mcg,0408010F0AAABAB,8,1.3446999999999973
159,B81112,Clonazepam_Tab 500mcg,0408010F0AAABAB,40,16.464099999999963
160,B81112,Gabapentin_Tab 600mg,0408010G0AAAJAJ,1,-0.00420000000000012
161,B81112,Memantine HCl_Tab 20mg,0411000G0AAADAD,3,0.014699999999999984
162,B81112,Mesalazine_Tab E/C 800mg,0105010B0AAASAS,5,69.68799999999999
163,B81112,Paracet_Tab 500mg,0407010H0AAAMAM,50,0.2319999999999986
164,B81112,Paracet_Tab Solb 500mg,0407010H0AAAQAQ,4,-0.023999999999997357
165,B81119,Clonazepam_Tab 500mcg,0408010F0AAABAB,33,13.269699999999972
166,B81119,Mesalazine_Tab E/C 800mg,0105010B0AAASAS,4,66.40799999999999
167,B81119,Paracet_Tab 500mg,0407010H0AAAMAM,54,0.0935999999999994
168,B81616,Atorvastatin_Tab 20mg,0212000B0AAABAB,3,0.16800000000000015
169,B81616,Clonazepam_Tab 500mcg,0408010F0AAABAB,11,5.10939999999999
170,B81616,Ferr Sulf_Tab 200mg,0901011P0AAACAC,12,-0.025200000000000722
171,B81616,Memantine HCl_Tab 20mg,0411000G0AAADAD,5,127.81720000000001
172,B81616,Paracet_Tab 500mg,0407010H0AAAMAM,18,-0.02799999999999983
173,B81631,Clonazepam_Tab 500mcg,0408010F0AAABAB,2,1.1073999999999977
174,B81631,Gabapentin_Tab 600mg,0408010G0AAAJAJ,5,-0.020000000000000573
175,B81631,Mesalazine_Tab E/C 800mg,0105010B0AAASAS,3,47.149999999999984
176,B81631,Paracet_Tab 500mg,0407010H0AAAMAM,2,0.011999999999999927
177,B81631,Paracet_Tab Solb 500mg,0407010H0AAAQAQ,2,-0.011999999999998678
178,B81635,Clonazepam_Tab 500mcg,0408010F0AAABAB,5,1.2316999999999974
179,B81635,Ferr Sulf_Tab 200mg,0901011P0AAACAC,4,0.022399999999999864
180,B81635,Paracet_Tab 500mg,0407010H0AAAMAM,4,0.0007999999999999952
181,B81645,Atorvastatin_Tab 20mg,0212000B0AAABAB,327,0.9156000000000262
182,B81645,Clonazepam_Tab 500mcg,0408010F0AAABAB,7,2.282599999999995
183,B81645,Ferr Sulf_Tab 200mg,0901011P0AAACAC,4,-0.00840000000000024
184,B81645,Paracet_Tab 500mg,0407010H0AAAMAM,28,-0.07679999999999954
185,B81675,Atorvastatin_Tab 20mg,0212000B0AAABAB,429,181.10400000000004
186,B81675,Clonazepam_Tab 500mcg,0408010F0AAABAB,36,11.342199999999982
187,B81675,Ferr Sulf_Tab 200mg,0901011P0AAACAC,11,-0.02310000000000066
188,B81675,Gabapentin_Tab 600mg,0408010G0AAAJAJ,8,-1.1657341758564144e-15
189,B81675,Memantine HCl_Tab 20mg,0411000G0AAADAD,11,175.71890000000002
190,B81675,Paracet_Tab 500mg,0407010H0AAAMAM,318,26.924800000000005
191,B81675,Paracet_Tab Solb 500mg,0407010H0AAAQAQ,2,31.9424
192,B81688,Clonazepam_Tab 500mcg,0408010F0AAABAB,13,3.9927999999999924
193,B81688,Gabapentin_Tab 600mg,0408010G0AAAJAJ,5,0.020999999999999144
194,B81688,Memantine HCl_Tab 20mg,0411000G0AAADAD,6,31.970399999999998
195,B81688,Paracet_Tab 500mg,0407010H0AAAMAM,22,-0.001999999999999988
196,B81688,Paracet_Tab Solb 500mg,0407010H0AAAQAQ,2,-0.011999999999998678
197,Y00023,Clonazepam_Tab 500mcg,0408010F0AAABAB,2,0.12719999999999998
198,Y00023,Ferr Sulf_Tab 200mg,0901011P0AAACAC,1,0.0023999999999999855
199,Y00023,Olanzapine_Tab 10mg,040201060AAACAC,1,0.0043999999999999595
200,Y00023,Paracet_Tab 500mg,0407010H0AAAMAM,4,0.007600000000000037
201,Y02344,Clonazepam_Tab 500mcg,0408010F0AAABAB,15,9.07389999999998
202,Y02344,Gabapentin_Tab 600mg,0408010G0AAAJAJ,12,-0.019600000000001727
203,Y02344,Paracet_Tab 500mg,0407010H0AAAMAM,136,10.12960000000001
204,Y02344,Paracet_Tab Solb 500mg,0407010H0AAAQAQ,12,15.780000000000001
205,Y02747,Atorvastatin_Tab 20mg,0212000B0AAABAB,278,22.5736
206,Y02747,Clonazepam_Tab 500mcg,0408010F0AAABAB,26,14.902599999999964
207,Y02747,Memantine HCl_Tab 20mg,0411000G0AAADAD,6,0.029399999999999968
208,Y02747,Mesalazine_Tab E/C 800mg,0105010B0AAASAS,1,11.479999999999997
209,Y02747,Paracet_Tab 500mg,0407010H0AAAMAM,234,15.237600000000008
210,Y02747,Paracet_Tab Solb 500mg,0407010H0AAAQAQ,2,-0.011999999999998678
211,Y04395,Paracet_Tab 500mg,0407010H0AAAMAM,2,0.005599999999999966
212,Y04419,Paracet_Tab 500mg,0407010H0AAAMAM,4,-0.022399999999999864
