,practice_code,bnf_description,bnf_code,items,excess_cost
0,F81006,Atorvastatin_Tab 20mg,0212000B0AAABAB,45,22.680000000000003
1,F81006,Atorvastatin_Tab 40mg,0212000B0AAACAC,74,1.6576000000000044
2,F81006,Clopidogrel_Tab 75mg,0209000C0AAAAAA,39,0.11129999999999565
3,F81006,Lansoprazole_Cap 30mg (E/C Gran),0103050L0AAAAAA,78,-0.7531999999999952
4,F81006,Paracet_Tab 500mg,0407010H0AAAMAM,8,10.104000000000001
5,F81006,Quetiapine_Tab 200mg,0402010ABAAADAD,3,-0.008399999999999075
6,F81006,Quetiapine_Tab 300mg,0402010ABAAAKAK,6,-0.00570000000000126
7,F81013,Ferr Sulf_Tab 200mg,0901011P0AAACAC,3,0.0269999999999989
8,F81013,Lansoprazole_Cap 30mg (E/C Gran),0103050L0AAAAAA,27,67.03200000000001
9,F81013,Prednisolone_Tab 5mg,0603020T0AAACAC,1,0.004899999999999995
10,F81013,Quetiapine_Tab 300mg,0402010ABAAAKAK,3,0.0041999999999995374
11,F81023,Atorvastatin_Tab 20mg,0212000B0AAABAB,57,45.27900000000002
12,F81023,Ferr Sulf_Tab 200mg,0901011P0AAACAC,3,0.0167999999999999
13,F81023,Lansoprazole_Cap 30mg (E/C Gran),0103050L0AAAAAA,4,0.022400000000000253
14,F81023,Paracet_Tab 500mg,0407010H0AAAMAM,116,-6.390399999999998
15,F81023,Quetiapine_Tab 300mg,0402010ABAAAKAK,1,0.0013999999999998458
16,F81025,Atorvastatin_Tab 10mg,0212000B0AAAAAA,1,-0.002999999999999982
17,F81025,Atorvastatin_Tab 20mg,0212000B0AAABAB,127,22.75840000000001
18,F81025,Ferr Sulf_Tab 200mg,0901011P0AAACAC,4,0.029999999999998778
19,F81025,Lansoprazole_Cap 30mg (E/C Gran),0103050L0AAAAAA,17,0.09520000000000108
20,F81025,Paracet_Tab 500mg,0407010H0AAAMAM,8,-2.5600000000000014
21,F81025,Prednisolone_Tab 5mg,0603020T0AAACAC,1,0.004899999999999995
22,F81025,Quetiapine_Tab 300mg,0402010ABAAAKAK,1,0.005999999999999339
23,F81029,Atorvastatin_Tab 10mg,0212000B0AAAAAA,3,0.006300000000000035
24,F81029,Atorvastatin_Tab 20mg,0212000B0AAABAB,2,-0.0059999999999997555
25,F81029,Clopidogrel_Tab 75mg,0209000C0AAAAAA,3,0.014699999999999984
26,F81029,Ferr Sulf_Tab 200mg,0901011P0AAACAC,7,0.6377999999999974
27,F81029,Lansoprazole_Cap 30mg (E/C Gran),0103050L0AAAAAA,5,0.8992000000000003
28,F81029,Paracet_Tab 500mg,0407010H0AAAMAM,4,3.158400000000001
29,F81029,Quetiapine_Tab 300mg,0402010ABAAAKAK,6,0.012599999999998612
30,F81031,Atorvastatin_Tab 20mg,0212000B0AAABAB,70,135.24
31,F81031,Atorvastatin_Tab 40mg,0212000B0AAACAC,127,289.8896
32,F81031,Clopidogrel_Tab 75mg,0209000C0AAAAAA,73,88.1352
33,F81031,Lansoprazole_Cap 30mg (E/C Gran),0103050L0AAAAAA,325,1.9908000000000243
34,F81031,Paracet_Tab 500mg,0407010H0AAAMAM,18,0.06399999999999961
35,F81031,Prednisolone_Tab 5mg,0603020T0AAACAC,56,475.0032
36,F81031,Quetiapine_Tab 200mg,0402010ABAAADAD,4,545.7004
37,F81031,Quetiapine_Tab 300mg,0402010ABAAAKAK,8,120.04599999999998
38,F81036,Atorvastatin_Tab 10mg,0212000B0AAAAAA,8,0.016800000000000093
39,F81036,Atorvastatin_Tab 40mg,0212000B0AAACAC,61,44.7496
40,F81036,Clopidogrel_Tab 75mg,0209000C0AAAAAA,8,0.03919999999999996
41,F81036,Ferr Sulf_Tab 200mg,0901011P0AAACAC,3,0.023999999999999022
42,F81036,Lansoprazole_Cap 30mg (E/C Gran),0103050L0AAAAAA,425,3.5240000000000746
43,F81036,Paracet_Tab 500mg,0407010H0AAAMAM,208,10.35680000000001
44,F81038,Atorvastatin_Tab 10mg,0212000B0AAAAAA,2,0.008400000000000046
45,F81038,Atorvastatin_Tab 40mg,0212000B0AAACAC,30,0.0840000000000024
46,F81038,Clopidogrel_Tab 75mg,0209000C0AAAAAA,4,0.01959999999999998
47,F81038,Ferr Sulf_Tab 200mg,0901011P0AAACAC,5,0.02799999999999983
48,F81038,Lansoprazole_Cap 30mg (E/C Gran),0103050L0AAAAAA,206,-0.9543999999999572
49,F81038,Paracet_Tab 500mg,0407010H0AAAMAM,48,17.331200000000003
50,F81038,Prednisolone_Tab 5mg,0603020T0AAACAC,3,0.017599999999999894
51,F81038,Quetiapine_Tab 200mg,0402010ABAAADAD,5,-0.005599999999999383
52,F81041,Atorvastatin_Tab 10mg,0212000B0AAAAAA,35,23.226
53,F81041,Atorvastatin_Tab 20mg,0212000B0AAABAB,1,0.006000000000000172
54,F81041,Atorvastatin_Tab 40mg,0212000B0AAACAC,1,0.0026000000000000745
55,F81041,Clopidogrel_Tab 75mg,0209000C0AAAAAA,59,8.755599999999987
56,F81041,Ferr Sulf_Tab 200mg,0901011P0AAACAC,18,21.168
57,F81041,Lansoprazole_Cap 30mg (E/C Gran),0103050L0AAAAAA,177,0.9857999999999943
58,F81041,Paracet_Tab 500mg,0407010H0AAAMAM,248,9.704000000000025
59,F81041,Quetiapine_Tab 200mg,0402010ABAAADAD,1,-0.0027999999999996916
60,F81045,Atorvastatin_Tab 10mg,0212000B0AAAAAA,6,0.01260000000000007
61,F81045,Clopidogrel_Tab 75mg,0209000C0AAAAAA,49,17.69109999999999
62,F81045,Ferr Sulf_Tab 200mg,0901011P0AAACAC,8,28.201599999999996
63,F81045,Lansoprazole_Cap 30mg (E/C Gran),0103050L0AAAAAA,29,1.925000000000001
64,F81045,Paracet_Tab 500mg,0407010H0AAAMAM,8,0.0335999999999998
65,F81055,Atorvastatin_Tab 10mg,0212000B0AAAAAA,161,22.804600000000015
66,F81055,Clopidogrel_Tab 75mg,0209000C0AAAAAA,81,0.3968999999999996
67,F81055,Ferr Sulf_Tab 200mg,0901011P0AAACAC,24,0.12319999999999925
68,F81055,Lansoprazole_Cap 30mg (E/C Gran),0103050L0AAAAAA,363,-0.3907999999999542
69,F81055,Paracet_Tab 500mg,0407010H0AAAMAM,136,0.9667999999999943
70,F81055,Quetiapine_Tab 200mg,0402010ABAAADAD,1,-0.0027999999999996916
71,F81060,Atorvastatin_Tab 10mg,0212000B0AAAAAA,4,0.008400000000000046
72,F81060,Atorvastatin_Tab 20mg,0212000B0AAABAB,1,-0.002799999999999997
73,F81060,Clopidogrel_Tab 75mg,0209000C0AAAAAA,57,0.22889999999999708
74,F81060,Ferr Sulf_Tab 200mg,0901011P0AAACAC,4,-0.00840000000000024
75,F81060,Lansoprazole_Cap 30mg (E/C Gran),0103050L0AAAAAA,179,2.2232000000000007
76,F81060,Paracet_Tab 500mg,0407010H0AAAMAM,106,18.74080000000001
77,F81060,Prednisolone_Tab 5mg,0603020T0AAACAC,1,0.004199999999999975
78,F81060,Quetiapine_Tab 200mg,0402010ABAAADAD,8,-0.011199999999998766
79,F81060,Quetiapine_Tab 300mg,0402010ABAAAKAK,19,0.042799999999995286
80,F81080,Atorvastatin_Tab 10mg,0212000B0AAAAAA,20,0.04200000000000023
81,F81080,Atorvastatin_Tab 20mg,0212000B0AAABAB,107,225.29920000000004
82,F81080,Atorvastatin_Tab 40mg,0212000B0AAACAC,1,0.006000000000000172
83,F81080,Clopidogrel_Tab 75mg,0209000C0AAAAAA,44,4.589200000000001
84,F81080,Ferr Sulf_Tab 200mg,0901011P0AAACAC,25,42.321999999999996
85,F81080,Lansoprazole_Cap 30mg (E/C Gran),0103050L0AAAAAA,171,1.2658000000000036
86,F81080,Paracet_Tab 500mg,0407010H0AAAMAM,198,22.685600000000022
87,F81080,Prednisolone_Tab 5mg,0603020T0AAACAC,9,0.045499999999999916
88,F81085,Atorvastatin_Tab 10mg,0212000B0AAAAAA,93,23.1742
89,F81085,Atorvastatin_Tab 20mg,0212000B0AAABAB,67,22.6996
90,F81085,Clopidogrel_Tab 75mg,0209000C0AAAAAA,117,43.9236
91,F81085,Lansoprazole_Cap 30mg (E/C Gran),0103050L0AAAAAA,280,-8.982399999999991
92,F81085,Paracet_Tab 500mg,0407010H0AAAMAM,8,0.010399999999999923
93,F81085,Prednisolone_Tab 5mg,0603020T0AAACAC,1,0.007499999999999955
94,F81102,Atorvastatin_Tab 10mg,0212000B0AAAAAA,28,0.058800000000000324
95,F81102,Atorvastatin_Tab 20mg,0212000B0AAABAB,60,90.04800000000002
96,F81102,Clopidogrel_Tab 75mg,0209000C0AAAAAA,37,0.1826999999999997
97,F81102,Ferr Sulf_Tab 200mg,0901011P0AAACAC,16,0.029799999999999174
98,F81102,Lansoprazole_Cap 30mg (E/C Gran),0103050L0AAAAAA,86,0.263200000000003
99,F81102,Paracet_Tab 500mg,0407010H0AAAMAM,84,42.604800000000026
100,F81102,Quetiapine_Tab 300mg,0402010ABAAAKAK,6,0.0041999999999995374
101,F81104,Atorvastatin_Tab 40mg,0212000B0AAACAC,107,111.45120000000001
102,F81104,Lansoprazole_Cap 30mg (E/C Gran),0103050L0AAAAAA,1,0.0035000000000001003
103,F81104,Paracet_Tab 500mg,0407010H0AAAMAM,2,0.011999999999999927
104,F81104,Prednisolone_Tab 5mg,0603020T0AAACAC,7,0.23519999999999994
105,F81104,Quetiapine_Tab 300mg,0402010ABAAAKAK,1,0.005999999999999339
106,F81108,Atorvastatin_Tab 10mg,0212000B0AAAAAA,119,523.4920000000001
107,F81108,Atorvastatin_Tab 20mg,0212000B0AAABAB,238,90.2556
108,F81108,Atorvastatin_Tab 40mg,0212000B0AAACAC,186,200.09919999999997
109,F81108,Clopidogrel_Tab 75mg,0209000C0AAAAAA,97,78.88230000000001
110,F81108,Ferr Sulf_Tab 200mg,0901011P0AAACAC,28,158.53719999999998
111,F81108,Lansoprazole_Cap 30mg (E/C Gran),0103050L0AAAAAA,379,58.37740000000008
112,F81108,Paracet_Tab 500mg,0407010H0AAAMAM,216,10.39520000000001
113,F81108,Prednisolone_Tab 5mg,0603020T0AAACAC,1,0.006299999999999962
114,F81108,Quetiapine_Tab 200mg,0402010ABAAADAD,1,-0.0027999999999996916
115,F81108,Quetiapine_Tab 300mg,0402010ABAAAKAK,2,0.008399999999999075
116,F81150,Atorvastatin_Tab 10mg,0212000B0AAAAAA,46,11.592
117,F81150,Atorvastatin_Tab 20mg,0212000B0AAABAB,1,-0.0029999999999998778
118,F81150,Atorvastatin_Tab 40mg,0212000B0AAACAC,23,44.5648
119,F81150,Ferr Sulf_Tab 200mg,0901011P0AAACAC,3,14.0952
120,F81150,Lansoprazole_Cap 30mg (E/C Gran),0103050L0AAAAAA,223,11.8724
121,F81150,Paracet_Tab 500mg,0407010H0AAAMAM,48,-1.5279999999999938
122,F81150,Quetiapine_Tab 200mg,0402010ABAAADAD,2,-0.005599999999999383
123,F81150,Quetiapine_Tab 300mg,0402010ABAAAKAK,2,0.005599999999999383
124,F81151,Atorvastatin_Tab 20mg,0212000B0AAABAB,174,45.22560000000001
125,F81151,Clopidogrel_Tab 75mg,0209000C0AAAAAA,59,0.1777999999999939
126,F81151,Lansoprazole_Cap 30mg (E/C Gran),0103050L0AAAAAA,169,1.75840000000002
127,F81151,Paracet_Tab 500mg,0407010H0AAAMAM,52,1.2752000000000079
128,F81151,Prednisolone_Tab 5mg,0603020T0AAACAC,4,0.01959999999999998
129,F81151,Quetiapine_Tab 200mg,0402010ABAAADAD,2,-0.008399999999999075
130,F81151,Quetiapine_Tab 300mg,0402010ABAAAKAK,5,0.016199999999998216
131,F81158,Atorvastatin_Tab 10mg,0212000B0AAAAAA,26,0.0546000000000003
132,F81158,Clopidogrel_Tab 75mg,0209000C0AAAAAA,31,0.15189999999999984
133,F81158,Ferr Sulf_Tab 200mg,0901011P0AAACAC,8,0.013999999999999624
134,F81158,Lansoprazole_Cap 30mg (E/C Gran),0103050L0AAAAAA,218,68.51880000000003
135,F81158,Paracet_Tab 500mg,0407010H0AAAMAM,76,-0.327599999999998
136,F81158,Prednisolone_Tab 5mg,0603020T0AAACAC,8,0.03919999999999996
137,F81158,Quetiapine_Tab 200mg,0402010ABAAADAD,5,-0.008399999999999075
138,F81158,Quetiapine_Tab 300mg,0402010ABAAAKAK,7,0.00489999999999946
139,F81163,Atorvastatin_Tab 10mg,0212000B0AAAAAA,20,0.04200000000000023
140,F81163,Atorvastatin_Tab 20mg,0212000B0AAABAB,118,44.934400000000004
141,F81163,Clopidogrel_Tab 75mg,0209000C0AAAAAA,2,0.00979999999999999
142,F81163,Ferr Sulf_Tab 200mg,0901011P0AAACAC,3,21.1404
143,F81163,Lansoprazole_Cap 30mg (E/C Gran),0103050L0AAAAAA,29,90.3392
144,F81163,Paracet_Tab 500mg,0407010H0AAAMAM,12,0.05399999999999967
145,F81163,Prednisolone_Tab 5mg,0603020T0AAACAC,12,0.058799999999999936
146,F81163,Quetiapine_Tab 200mg,0402010ABAAADAD,1,-0.0027999999999996916
147,F81168,Atorvastatin_Tab 10mg,0212000B0AAAAAA,30,58.15879999999999
148,F81168,Clopidogrel_Tab 75mg,0209000C0AAAAAA,70,8.966999999999995
149,F81168,Ferr Sulf_Tab 200mg,0901011P0AAACAC,7,10.5868
150,F81168,Lansoprazole_Cap 30mg (E/C Gran),0103050L0AAAAAA,197,2.2904000000000013
151,F81168,Paracet_Tab 500mg,0407010H0AAAMAM,52,-3.207999999999994
152,F81168,Quetiapine_Tab 200mg,0402010ABAAADAD,1,-0.0027999999999996916
153,F81168,Quetiapine_Tab 300mg,0402010ABAAAKAK,2,-1.5212000000000008
154,F81186,Clopidogrel_Tab 75mg,0209000C0AAAAAA,17,0.0832999999999999
155,F81186,Lansoprazole_Cap 30mg (E/C Gran),0103050L0AAAAAA,57,0.16240000000000182
156,F81186,Paracet_Tab 500mg,0407010H0AAAMAM,166,37.39399999999999
157,F81186,Prednisolone_Tab 5mg,0603020T0AAACAC,14,0.12599999999999922
158,F81186,Quetiapine_Tab 200mg,0402010ABAAADAD,6,-0.008399999999999075
159,F81186,Quetiapine_Tab 300mg,0402010ABAAAKAK,5,0.006999999999999229
160,F81215,Ferr Sulf_Tab 200mg,0901011P0AAACAC,1,0.0059999999999997555
161,F81215,Paracet_Tab 500mg,0407010H0AAAMAM,88,-0.8799999999999947
162,F81222,Atorvastatin_Tab 10mg,0212000B0AAAAAA,15,11.659199999999998
163,F81222,Atorvastatin_Tab 40mg,0212000B0AAACAC,62,1.0416000000000056
164,F81222,Clopidogrel_Tab 75mg,0209000C0AAAAAA,27,8.817199999999996
165,F81222,Ferr Sulf_Tab 200mg,0901011P0AAACAC,4,-0.00840000000000024
166,F81222,Lansoprazole_Cap 30mg (E/C Gran),0103050L0AAAAAA,32,0.084800000000001
167,F81222,Paracet_Tab 500mg,0407010H0AAAMAM,112,9.472000000000016
168,F81222,Quetiapine_Tab 200mg,0402010ABAAADAD,5,-0.013999999999998458
169,F81222,Quetiapine_Tab 300mg,0402010ABAAAKAK,4,0.022399999999997533
170,F81640,Clopidogrel_Tab 75mg,0209000C0AAAAAA,8,0.03919999999999996
171,F81640,Lansoprazole_Cap 30mg (E/C Gran),0103050L0AAAAAA,25,0.07000000000000078
172,F81640,Paracet_Tab 500mg,0407010H0AAAMAM,12,0.0
173,F81640,Quetiapine_Tab 300mg,0402010ABAAAKAK,8,0.032199999999996454
174,F81645,Atorvastatin_Tab 10mg,0212000B0AAAAAA,8,0.016800000000000093
175,F81645,Atorvastatin_Tab 20mg,0212000B0AAABAB,2,0.002100000000000199
176,F81645,Clopidogrel_Tab 75mg,0209000C0AAAAAA,23,31.0329
177,F81645,Lansoprazole_Cap 30mg (E/C Gran),0103050L0AAAAAA,87,-0.22399999999998563
178,F81645,Paracet_Tab 500mg,0407010H0AAAMAM,6,0.025199999999999848
179,F81645,Quetiapine_Tab 200mg,0402010ABAAADAD,2,-0.0034999999999996145
180,F81645,Quetiapine_Tab 300mg,0402010ABAAAKAK,1,0.005599999999999383
181,F81648,Atorvastatin_Tab 10mg,0212000B0AAAAAA,8,0.016800000000000093
182,F81648,Lansoprazole_Cap 30mg (E/C Gran),0103050L0AAAAAA,4,0.011200000000000127
183,F81651,Atorvastatin_Tab 10mg,0212000B0AAAAAA,1,-0.005999999999999964
184,F81651,Clopidogrel_Tab 75mg,0209000C0AAAAAA,12,0.058799999999999936
185,F81651,Ferr Sulf_Tab 200mg,0901011P0AAACAC,8,-0.01680000000000048
186,F81651,Lansoprazole_Cap 30mg (E/C Gran),0103050L0AAAAAA,15,0.06440000000000073
187,F81651,Quetiapine_Tab 200mg,0402010ABAAADAD,2,-0.005599999999999383
188,F81651,Quetiapine_Tab 300mg,0402010ABAAAKAK,1,0.0027999999999996916
189,F81666,Atorvastatin_Tab 10mg,0212000B0AAAAAA,7,0.014700000000000081
190,F81666,Ferr Sulf_Tab 200mg,0901011P0AAACAC,4,0.011199999999999932
191,F81666,Lansoprazole_Cap 30mg (E/C Gran),0103050L0AAAAAA,87,-0.13159999999999172
192,F81666,Paracet_Tab 500mg,0407010H0AAAMAM,6,0.025199999999999848
193,F81707,Atorvastatin_Tab 20mg,0212000B0AAABAB,1,135.18959999999998
194,F81707,Atorvastatin_Tab 40mg,0212000B0AAACAC,27,22.302000000000003
195,F81707,Paracet_Tab 500mg,0407010H0AAAMAM,22,6.160000000000008
196,F81707,Prednisolone_Tab 5mg,0603020T0AAACAC,1,0.006499999999999961
197,F81707,Quetiapine_Tab 200mg,0402010ABAAADAD,5,-0.006999999999999229
198,F81711,Lansoprazole_Cap 30mg (E/C Gran),0103050L0AAAAAA,4,0.022400000000000253
199,F81711,Paracet_Tab 500mg,0407010H0AAAMAM,4,-1.4447999999999996
200,F81720,Atorvastatin_Tab 10mg,0212000B0AAAAAA,21,11.7012
201,F81720,Atorvastatin_Tab 20mg,0212000B0AAABAB,61,0.1708000000000049
202,F81720,Clopidogrel_Tab 75mg,0209000C0AAAAAA,7,0.11759999999999793
203,F81720,Lansoprazole_Cap 30mg (E/C Gran),0103050L0AAAAAA,2,0.0014000000000001234
204,F81720,Paracet_Tab 500mg,0407010H0AAAMAM,32,0.7167999999999957
205,F81729,Atorvastatin_Tab 10mg,0212000B0AAAAAA,1,0.004200000000000023
206,F81729,Paracet_Tab 500mg,0407010H0AAAMAM,8,-0.02159999999999987
207,F81729,Quetiapine_Tab 300mg,0402010ABAAAKAK,1,0.0006999999999999229
208,F81732,Atorvastatin_Tab 10mg,0212000B0AAAAAA,58,116.30289999999998
209,F81732,Atorvastatin_Tab 20mg,0212000B0AAABAB,25,135.234
210,F81732,Atorvastatin_Tab 40mg,0212000B0AAACAC,43,22.274000000000004
211,F81732,Clopidogrel_Tab 75mg,0209000C0AAAAAA,40,52.663099999999986
212,F81732,Ferr Sulf_Tab 200mg,0901011P0AAACAC,9,0.02589999999999977
213,F81732,Lansoprazole_Cap 30mg (E/C Gran),0103050L0AAAAAA,199,3.2230000000000043
214,F81732,Prednisolone_Tab 5mg,0603020T0AAACAC,1,0.004899999999999995
215,F81732,Quetiapine_Tab 200mg,0402010ABAAADAD,4,-0.005599999999999383
216,F81732,Quetiapine_Tab 300mg,0402010ABAAAKAK,4,0.0027999999999996916
217,F81737,Lansoprazole_Cap 30mg (E/C Gran),0103050L0AAAAAA,1,-0.002999999999999982
218,F81756,Clopidogrel_Tab 75mg,0209000C0AAAAAA,13,8.808799999999998
219,F81756,Ferr Sulf_Tab 200mg,0901011P0AAACAC,1,0.00839999999999995
220,F81756,Paracet_Tab 500mg,0407010H0AAAMAM,2,-0.011199999999999932
221,F81756,Quetiapine_Tab 300mg,0402010ABAAAKAK,1,0.0013999999999998458
222,Y00469,Atorvastatin_Tab 10mg,0212000B0AAAAAA,9,0.018900000000000104
223,Y00469,Atorvastatin_Tab 20mg,0212000B0AAABAB,31,90.0984
224,Y00469,Clopidogrel_Tab 75mg,0209000C0AAAAAA,186,44.08109999999999
225,Y00469,Ferr Sulf_Tab 200mg,0901011P0AAACAC,36,23.414799999999996
226,Y00469,Lansoprazole_Cap 30mg (E/C Gran),0103050L0AAAAAA,441,2.805599999999995
227,Y00469,Paracet_Tab 500mg,0407010H0AAAMAM,590,369.18119999999993
228,Y00469,Prednisolone_Tab 5mg,0603020T0AAACAC,11,0.05389999999999994
229,Y00469,Quetiapine_Tab 200mg,0402010ABAAADAD,13,-0.03639999999999599
230,Y00469,Quetiapine_Tab 300mg,0402010ABAAAKAK,6,0.006299999999999306
231,Y00758,Ferr Sulf_Tab 200mg,0901011P0AAACAC,1,0.002799999999999983
232,Y00758,Lansoprazole_Cap 30mg (E/C Gran),0103050L0AAAAAA,12,1.8732
233,Y00758,Paracet_Tab 500mg,0407010H0AAAMAM,44,-2.924799999999995
234,Y00758,Quetiapine_Tab 200mg,0402010ABAAADAD,5,-0.010499999999998844
235,Y00758,Quetiapine_Tab 300mg,0402010ABAAAKAK,1,257.184
236,Y03052,Atorvastatin_Tab 10mg,0212000B0AAAAAA,2,0.008400000000000046
237,Y03052,Ferr Sulf_Tab 200mg,0901011P0AAACAC,3,14.0952
238,Y03052,Lansoprazole_Cap 30mg (E/C Gran),0103050L0AAAAAA,92,3.6063999999999963
239,Y03052,Paracet_Tab 500mg,0407010H0AAAMAM,100,8.617600000000014
240,Y03052,Prednisolone_Tab 5mg,0603020T0AAACAC,1,0.004199999999999975
241,Y03052,Quetiapine_Tab 300mg,0402010ABAAAKAK,2,0.00879999999999903
242,Y05336,Atorvastatin_Tab 40mg,0212000B0AAACAC,1,-0.004199999999999995
243,Y05336,Clopidogrel_Tab 75mg,0209000C0AAAAAA,1,-0.0020999999999999977
244,Y05336,Ferr Sulf_Tab 200mg,0901011P0AAACAC,1,0.002799999999999983
245,Y05336,Lansoprazole_Cap 30mg (E/C Gran),0103050L0AAAAAA,2,0.011200000000000127
246,Y05336,Paracet_Tab 500mg,0407010H0AAAMAM,4,-0.015199999999999908
247,Y05336,Prednisolone_Tab 5mg,0603020T0AAACAC,1,0.003499999999999979
248,Y05902,Prednisolone_Tab 5mg,0603020T0AAACAC,1,0.006299999999999962
