,practice_code,bnf_description,bnf_code,items,excess_cost
382,L81031,Phenytoin_Sod Tab 100mg,0408010Q0AAAGAG,1,159.19679999999997
383,L81130,Phenytoin_Sod Tab 100mg,0408010Q0AAAGAG,1,119.39759999999998
783,L81079,Exemestane_Tab 25mg,0803041C0AAAAAA,2,75.624
766,L81012,Risperidone_Tab 6mg,040201030AAAFAF,2,58.4192
368,L81004,Mesalazine_Tab E/C 400mg,0105010B0AAAAAA,1,51.33599999999999
371,L81649,Mesalazine_Tab E/C 400mg,0105010B0AAAAAA,1,47.913599999999995
370,L81066,Mesalazine_Tab E/C 400mg,0105010B0AAAAAA,1,47.913599999999995
369,L81058,Mesalazine_Tab E/C 400mg,0105010B0AAAAAA,1,47.913599999999995
771,L81643,Mesalazine_Tab E/C 800mg,0105010B0AAASAS,1,36.89999999999999
772,L81103,Mesalazine_Tab E/C 800mg,0105010B0AAASAS,1,36.89999999999999
372,L81643,Mesalazine_Tab E/C 400mg,0105010B0AAAAAA,1,35.935199999999995
774,L81127,Mesalazine_Tab E/C 800mg,0105010B0AAASAS,1,34.43999999999999
773,L81130,Mesalazine_Tab E/C 800mg,0105010B0AAASAS,1,34.43999999999999
767,L81012,Risperidone_Tab 6mg,040201030AAAFAF,4,29.232
768,L81014,Risperidone_Tab 6mg,040201030AAAFAF,1,29.2096
769,L81051,Risperidone_Tab 6mg,040201030AAAFAF,1,29.2096
775,L81086,Mesalazine_Tab E/C 800mg,0105010B0AAASAS,3,25.829999999999995
373,L81643,Mesalazine_Tab E/C 400mg,0105010B0AAAAAA,1,25.667999999999996
377,L81044,Mesalazine_Tab E/C 400mg,0105010B0AAAAAA,1,23.956799999999998
374,L81130,Mesalazine_Tab E/C 400mg,0105010B0AAAAAA,2,23.956799999999998
375,L81063,Mesalazine_Tab E/C 400mg,0105010B0AAAAAA,1,23.956799999999998
376,L81643,Mesalazine_Tab E/C 400mg,0105010B0AAAAAA,1,23.956799999999998
812,L81019,Co-Codamol_Tab 8mg/500mg,0407010F0AAAAAA,1,21.7728
811,L81019,Co-Codamol_Tab 8mg/500mg,0407010F0AAAAAA,1,21.7728
378,L81643,Mesalazine_Tab E/C 400mg,0105010B0AAAAAA,10,20.006
770,L81082,Risperidone_Tab 6mg,040201030AAAFAF,2,14.616
1029,L81012,Pyridox HCl_Tab 50mg,0906024N0AAAIAI,1,9.576000000000002
390,L81050,Buprenorphine_Tab Subling 400mcg S/F,0410030A0AAACAC,3,7.9968
1030,L81036,Pyridox HCl_Tab 50mg,0906024N0AAAIAI,2,7.660800000000002
392,L81012,Buprenorphine_Tab Subling 400mcg S/F,0410030A0AAACAC,10,7.6160000000000005
393,L81067,Buprenorphine_Tab Subling 400mcg S/F,0410030A0AAACAC,5,7.6160000000000005
391,L81007,Buprenorphine_Tab Subling 400mcg S/F,0410030A0AAACAC,5,7.6160000000000005
814,L81022,Co-Codamol_Tab 8mg/500mg,0407010F0AAAAAA,6,7.44
813,L81022,Co-Codamol_Tab 8mg/500mg,0407010F0AAAAAA,6,7.44
394,L81670,Buprenorphine_Tab Subling 400mcg S/F,0410030A0AAACAC,6,6.8544
601,L81038,Amiodarone HCl_Tab 200mg,0203020D0AAABAB,9,6.300000000000006
602,L81118,Amiodarone HCl_Tab 200mg,0203020D0AAABAB,9,6.300000000000006
603,L81026,Amiodarone HCl_Tab 200mg,0203020D0AAABAB,9,6.300000000000006
1031,L81102,Pyridox HCl_Tab 50mg,0906024N0AAAIAI,1,5.745600000000001
776,L81130,Mesalazine_Tab E/C 800mg,0105010B0AAASAS,1,5.739999999999998
816,L81118,Co-Codamol_Tab 8mg/500mg,0407010F0AAAAAA,1,5.4432
815,L81118,Co-Codamol_Tab 8mg/500mg,0407010F0AAAAAA,1,5.4432
1,L81031,Clonazepam_Tab 500mcg,0408010F0AAABAB,2,5.06239999999999
0,L81125,Clonazepam_Tab 500mcg,0408010F0AAABAB,2,5.06239999999999
2,L81600,Clonazepam_Tab 500mcg,0408010F0AAABAB,7,4.98329999999999
401,L81037,Buprenorphine_Tab Subling 400mcg S/F,0410030A0AAACAC,4,4.5696
395,L81670,Buprenorphine_Tab Subling 400mcg S/F,0410030A0AAACAC,3,4.5696
400,L81033,Buprenorphine_Tab Subling 400mcg S/F,0410030A0AAACAC,6,4.5696
399,L81026,Buprenorphine_Tab Subling 400mcg S/F,0410030A0AAACAC,3,4.5696
398,L81015,Buprenorphine_Tab Subling 400mcg S/F,0410030A0AAACAC,3,4.5696
397,L81012,Buprenorphine_Tab Subling 400mcg S/F,0410030A0AAACAC,3,4.5696
396,L81632,Buprenorphine_Tab Subling 400mcg S/F,0410030A0AAACAC,3,4.5696
3,L81024,Clonazepam_Tab 500mcg,0408010F0AAABAB,2,4.519999999999991
4,L81079,Clonazepam_Tab 500mcg,0408010F0AAABAB,1,4.429599999999991
777,L81130,Mesalazine_Tab E/C 800mg,0105010B0AAASAS,1,4.309200000000001
605,L81009,Amiodarone HCl_Tab 200mg,0203020D0AAABAB,6,4.200000000000004
604,L81028,Amiodarone HCl_Tab 200mg,0203020D0AAABAB,6,4.200000000000004
606,L81103,Amiodarone HCl_Tab 200mg,0203020D0AAABAB,6,4.200000000000004
5,L81012,Clonazepam_Tab 500mcg,0408010F0AAABAB,13,4.113199999999992
607,L81079,Amiodarone HCl_Tab 200mg,0203020D0AAABAB,11,3.850000000000003
1032,L81055,Pyridox HCl_Tab 50mg,0906024N0AAAIAI,1,3.830400000000001
402,Y03519,Buprenorphine_Tab Subling 400mcg S/F,0410030A0AAACAC,2,3.8080000000000003
403,L81031,Buprenorphine_Tab Subling 400mcg S/F,0410030A0AAACAC,2,3.8080000000000003
404,L81120,Buprenorphine_Tab Subling 400mcg S/F,0410030A0AAACAC,1,3.8080000000000003
6,L81034,Clonazepam_Tab 500mcg,0408010F0AAABAB,3,3.796799999999992
8,L81023,Clonazepam_Tab 500mcg,0408010F0AAABAB,2,3.796799999999992
7,L81119,Clonazepam_Tab 500mcg,0408010F0AAABAB,3,3.796799999999992
609,L81034,Amiodarone HCl_Tab 200mg,0203020D0AAABAB,5,3.500000000000003
608,L81004,Amiodarone HCl_Tab 200mg,0203020D0AAABAB,5,3.500000000000003
611,L81062,Amiodarone HCl_Tab 200mg,0203020D0AAABAB,5,3.500000000000003
610,L81067,Amiodarone HCl_Tab 200mg,0203020D0AAABAB,5,3.500000000000003
613,L81042,Amiodarone HCl_Tab 200mg,0203020D0AAABAB,5,3.500000000000003
612,L81037,Amiodarone HCl_Tab 200mg,0203020D0AAABAB,5,3.500000000000003
9,L81016,Clonazepam_Tab 500mcg,0408010F0AAABAB,11,3.480399999999993
10,L81075,Clonazepam_Tab 500mcg,0408010F0AAABAB,11,3.480399999999993
411,L81007,Buprenorphine_Tab Subling 400mcg S/F,0410030A0AAACAC,3,3.4272
410,L81091,Buprenorphine_Tab Subling 400mcg S/F,0410030A0AAACAC,3,3.4272
409,L81012,Buprenorphine_Tab Subling 400mcg S/F,0410030A0AAACAC,3,3.4272
408,L81033,Buprenorphine_Tab Subling 400mcg S/F,0410030A0AAACAC,3,3.4272
407,L81054,Buprenorphine_Tab Subling 400mcg S/F,0410030A0AAACAC,3,3.4272
405,L81130,Buprenorphine_Tab Subling 400mcg S/F,0410030A0AAACAC,3,3.4272
406,L81017,Buprenorphine_Tab Subling 400mcg S/F,0410030A0AAACAC,3,3.4272
614,L81046,Amiodarone HCl_Tab 200mg,0203020D0AAABAB,40,3.388
18,L81038,Clonazepam_Tab 500mcg,0408010F0AAABAB,5,3.1639999999999935
17,L81009,Clonazepam_Tab 500mcg,0408010F0AAABAB,5,3.1639999999999935
16,L81119,Clonazepam_Tab 500mcg,0408010F0AAABAB,5,3.1639999999999935
11,L81131,Clonazepam_Tab 500mcg,0408010F0AAABAB,1,3.1639999999999935
12,L81016,Clonazepam_Tab 500mcg,0408010F0AAABAB,2,3.1639999999999935
15,L81632,Clonazepam_Tab 500mcg,0408010F0AAABAB,1,3.1639999999999935
14,L81024,Clonazepam_Tab 500mcg,0408010F0AAABAB,5,3.1639999999999935
13,L81091,Clonazepam_Tab 500mcg,0408010F0AAABAB,2,3.1639999999999935
615,L81033,Amiodarone HCl_Tab 200mg,0203020D0AAABAB,3,3.150000000000003
616,L81086,Amiodarone HCl_Tab 200mg,0203020D0AAABAB,9,3.150000000000003
413,L81007,Buprenorphine_Tab Subling 400mcg S/F,0410030A0AAACAC,4,3.0464
412,L81042,Buprenorphine_Tab Subling 400mcg S/F,0410030A0AAACAC,4,3.0464
415,L81051,Buprenorphine_Tab Subling 400mcg S/F,0410030A0AAACAC,1,3.0464
414,L81024,Buprenorphine_Tab Subling 400mcg S/F,0410030A0AAACAC,2,3.0464
416,L81063,Buprenorphine_Tab Subling 400mcg S/F,0410030A0AAACAC,2,3.0464
617,L81009,Amiodarone HCl_Tab 200mg,0203020D0AAABAB,35,2.9645
1033,L81034,Pyridox HCl_Tab 50mg,0906024N0AAAIAI,1,2.8728000000000007
21,L81086,Clonazepam_Tab 500mcg,0408010F0AAABAB,9,2.847599999999994
20,L81643,Clonazepam_Tab 500mcg,0408010F0AAABAB,3,2.847599999999994
19,L81026,Clonazepam_Tab 500mcg,0408010F0AAABAB,3,2.847599999999994
622,L81017,Amiodarone HCl_Tab 200mg,0203020D0AAABAB,4,2.8000000000000025
623,L81091,Amiodarone HCl_Tab 200mg,0203020D0AAABAB,4,2.8000000000000025
624,L81047,Amiodarone HCl_Tab 200mg,0203020D0AAABAB,4,2.8000000000000025
621,L81022,Amiodarone HCl_Tab 200mg,0203020D0AAABAB,4,2.8000000000000025
619,L81014,Amiodarone HCl_Tab 200mg,0203020D0AAABAB,8,2.8000000000000025
618,L81085,Amiodarone HCl_Tab 200mg,0203020D0AAABAB,4,2.8000000000000025
620,L81018,Amiodarone HCl_Tab 200mg,0203020D0AAABAB,8,2.8000000000000025
1034,L81066,Pyridox HCl_Tab 50mg,0906024N0AAAIAI,1,2.5650000000000004
33,L81051,Clonazepam_Tab 500mcg,0408010F0AAABAB,4,2.531199999999995
22,L81079,Clonazepam_Tab 500mcg,0408010F0AAABAB,4,2.531199999999995
23,L81021,Clonazepam_Tab 500mcg,0408010F0AAABAB,4,2.531199999999995
32,L81044,Clonazepam_Tab 500mcg,0408010F0AAABAB,16,2.531199999999995
25,Y02578,Clonazepam_Tab 500mcg,0408010F0AAABAB,1,2.531199999999995
26,L81648,Clonazepam_Tab 500mcg,0408010F0AAABAB,1,2.531199999999995
27,L81054,Clonazepam_Tab 500mcg,0408010F0AAABAB,2,2.531199999999995
28,L81124,Clonazepam_Tab 500mcg,0408010F0AAABAB,4,2.531199999999995
29,L81124,Clonazepam_Tab 500mcg,0408010F0AAABAB,2,2.531199999999995
30,L81632,Clonazepam_Tab 500mcg,0408010F0AAABAB,1,2.531199999999995
31,L81026,Clonazepam_Tab 500mcg,0408010F0AAABAB,1,2.531199999999995
24,L81022,Clonazepam_Tab 500mcg,0408010F0AAABAB,16,2.531199999999995
625,L81117,Amiodarone HCl_Tab 200mg,0203020D0AAABAB,7,2.450000000000002
34,L81044,Clonazepam_Tab 500mcg,0408010F0AAABAB,5,2.372999999999995
417,L81094,Buprenorphine_Tab Subling 400mcg S/F,0410030A0AAACAC,2,2.2848
418,L81118,Buprenorphine_Tab Subling 400mcg S/F,0410030A0AAACAC,2,2.2848
422,L81041,Buprenorphine_Tab Subling 400mcg S/F,0410030A0AAACAC,3,2.2848
424,L81062,Buprenorphine_Tab Subling 400mcg S/F,0410030A0AAACAC,2,2.2848
423,L81670,Buprenorphine_Tab Subling 400mcg S/F,0410030A0AAACAC,6,2.2848
419,L81083,Buprenorphine_Tab Subling 400mcg S/F,0410030A0AAACAC,2,2.2848
421,L81008,Buprenorphine_Tab Subling 400mcg S/F,0410030A0AAACAC,2,2.2848
420,L81062,Buprenorphine_Tab Subling 400mcg S/F,0410030A0AAACAC,3,2.2848
35,L81094,Clonazepam_Tab 500mcg,0408010F0AAABAB,2,2.2599999999999953
36,L81037,Clonazepam_Tab 500mcg,0408010F0AAABAB,2,2.2599999999999953
38,L81046,Clonazepam_Tab 500mcg,0408010F0AAABAB,2,2.2599999999999953
39,L81084,Clonazepam_Tab 500mcg,0408010F0AAABAB,1,2.2599999999999953
40,L81120,Clonazepam_Tab 500mcg,0408010F0AAABAB,2,2.2599999999999953
37,L81029,Clonazepam_Tab 500mcg,0408010F0AAABAB,2,2.2599999999999953
41,L81670,Clonazepam_Tab 500mcg,0408010F0AAABAB,7,2.2147999999999954
42,L81067,Clonazepam_Tab 500mcg,0408010F0AAABAB,7,2.2147999999999954
43,L81058,Clonazepam_Tab 500mcg,0408010F0AAABAB,7,2.2147999999999954
44,L81013,Clonazepam_Tab 500mcg,0408010F0AAABAB,7,2.2147999999999954
45,L81062,Clonazepam_Tab 500mcg,0408010F0AAABAB,7,2.2147999999999954
628,L81037,Amiodarone HCl_Tab 200mg,0203020D0AAABAB,6,2.100000000000002
626,L81029,Amiodarone HCl_Tab 200mg,0203020D0AAABAB,6,2.100000000000002
627,L81077,Amiodarone HCl_Tab 200mg,0203020D0AAABAB,3,2.100000000000002
632,L81036,Amiodarone HCl_Tab 200mg,0203020D0AAABAB,3,2.100000000000002
637,L81034,Amiodarone HCl_Tab 200mg,0203020D0AAABAB,6,2.100000000000002
635,L81079,Amiodarone HCl_Tab 200mg,0203020D0AAABAB,3,2.100000000000002
639,L81007,Amiodarone HCl_Tab 200mg,0203020D0AAABAB,3,2.100000000000002
638,L81649,Amiodarone HCl_Tab 200mg,0203020D0AAABAB,3,2.100000000000002
629,L81106,Amiodarone HCl_Tab 200mg,0203020D0AAABAB,2,2.100000000000002
631,L81024,Amiodarone HCl_Tab 200mg,0203020D0AAABAB,3,2.100000000000002
636,L81131,Amiodarone HCl_Tab 200mg,0203020D0AAABAB,3,2.100000000000002
630,L81130,Amiodarone HCl_Tab 200mg,0203020D0AAABAB,3,2.100000000000002
634,L81031,Amiodarone HCl_Tab 200mg,0203020D0AAABAB,3,2.100000000000002
633,L81649,Amiodarone HCl_Tab 200mg,0203020D0AAABAB,6,2.100000000000002
46,L81026,Clonazepam_Tab 500mcg,0408010F0AAABAB,1,2.0791999999999957
47,L81091,Clonazepam_Tab 500mcg,0408010F0AAABAB,1,2.0791999999999957
48,L81125,Clonazepam_Tab 500mcg,0408010F0AAABAB,1,2.033999999999996
425,L81075,Buprenorphine_Tab Subling 400mcg S/F,0410030A0AAACAC,2,1.9584000000000001
1038,L81131,Pyridox HCl_Tab 50mg,0906024N0AAAIAI,2,1.9152000000000005
1037,L81622,Pyridox HCl_Tab 50mg,0906024N0AAAIAI,2,1.9152000000000005
1036,L81090,Pyridox HCl_Tab 50mg,0906024N0AAAIAI,1,1.9152000000000005
1035,L81082,Pyridox HCl_Tab 50mg,0906024N0AAAIAI,1,1.9152000000000005
1039,L81102,Pyridox HCl_Tab 50mg,0906024N0AAAIAI,2,1.9152000000000005
1040,L81079,Pyridox HCl_Tab 50mg,0906024N0AAAIAI,1,1.9152000000000005
1041,L81081,Pyridox HCl_Tab 50mg,0906024N0AAAIAI,1,1.9152000000000005
426,L81120,Buprenorphine_Tab Subling 400mcg S/F,0410030A0AAACAC,1,1.9040000000000001
49,L81016,Clonazepam_Tab 500mcg,0408010F0AAABAB,3,1.898399999999996
63,L81031,Clonazepam_Tab 500mcg,0408010F0AAABAB,3,1.898399999999996
71,L81031,Clonazepam_Tab 500mcg,0408010F0AAABAB,2,1.898399999999996
70,L81007,Clonazepam_Tab 500mcg,0408010F0AAABAB,3,1.898399999999996
69,L81016,Clonazepam_Tab 500mcg,0408010F0AAABAB,4,1.898399999999996
68,L81009,Clonazepam_Tab 500mcg,0408010F0AAABAB,1,1.898399999999996
67,L81021,Clonazepam_Tab 500mcg,0408010F0AAABAB,6,1.898399999999996
66,L81053,Clonazepam_Tab 500mcg,0408010F0AAABAB,1,1.898399999999996
50,L81632,Clonazepam_Tab 500mcg,0408010F0AAABAB,1,1.898399999999996
64,L81015,Clonazepam_Tab 500mcg,0408010F0AAABAB,12,1.898399999999996
65,L81007,Clonazepam_Tab 500mcg,0408010F0AAABAB,6,1.898399999999996
62,L81643,Clonazepam_Tab 500mcg,0408010F0AAABAB,3,1.898399999999996
55,L81047,Clonazepam_Tab 500mcg,0408010F0AAABAB,6,1.898399999999996
51,L81046,Clonazepam_Tab 500mcg,0408010F0AAABAB,1,1.898399999999996
52,L81021,Clonazepam_Tab 500mcg,0408010F0AAABAB,1,1.898399999999996
53,L81643,Clonazepam_Tab 500mcg,0408010F0AAABAB,1,1.898399999999996
54,L81051,Clonazepam_Tab 500mcg,0408010F0AAABAB,12,1.898399999999996
61,L81094,Clonazepam_Tab 500mcg,0408010F0AAABAB,2,1.898399999999996
59,L81037,Clonazepam_Tab 500mcg,0408010F0AAABAB,3,1.898399999999996
56,L81040,Clonazepam_Tab 500mcg,0408010F0AAABAB,3,1.898399999999996
57,L81017,Clonazepam_Tab 500mcg,0408010F0AAABAB,6,1.898399999999996
58,L81118,Clonazepam_Tab 500mcg,0408010F0AAABAB,6,1.898399999999996
60,L81044,Clonazepam_Tab 500mcg,0408010F0AAABAB,8,1.898399999999996
427,L81007,Buprenorphine_Tab Subling 400mcg S/F,0410030A0AAACAC,2,1.7886000000000009
640,L81023,Amiodarone HCl_Tab 200mg,0203020D0AAABAB,21,1.7787
428,L81031,Buprenorphine_Tab Subling 400mcg S/F,0410030A0AAACAC,1,1.7680000000000002
641,L81085,Amiodarone HCl_Tab 200mg,0203020D0AAABAB,5,1.7500000000000016
818,L81102,Co-Codamol_Tab 8mg/500mg,0407010F0AAAAAA,9,1.709999999999999
817,L81102,Co-Codamol_Tab 8mg/500mg,0407010F0AAAAAA,9,1.709999999999999
642,L81062,Amiodarone HCl_Tab 200mg,0203020D0AAABAB,20,1.694
73,L81007,Clonazepam_Tab 500mcg,0408010F0AAABAB,7,1.6610999999999967
72,L81036,Clonazepam_Tab 500mcg,0408010F0AAABAB,7,1.6610999999999967
79,L81033,Clonazepam_Tab 500mcg,0408010F0AAABAB,5,1.5819999999999967
78,L81066,Clonazepam_Tab 500mcg,0408010F0AAABAB,5,1.5819999999999967
77,L81024,Clonazepam_Tab 500mcg,0408010F0AAABAB,5,1.5819999999999967
76,L81053,Clonazepam_Tab 500mcg,0408010F0AAABAB,4,1.5819999999999967
75,L81058,Clonazepam_Tab 500mcg,0408010F0AAABAB,4,1.5819999999999967
74,L81082,Clonazepam_Tab 500mcg,0408010F0AAABAB,5,1.5819999999999967
80,L81031,Clonazepam_Tab 500mcg,0408010F0AAABAB,5,1.5819999999999967
433,L81016,Buprenorphine_Tab Subling 400mcg S/F,0410030A0AAACAC,2,1.5232
429,L81055,Buprenorphine_Tab Subling 400mcg S/F,0410030A0AAACAC,2,1.5232
430,L81118,Buprenorphine_Tab Subling 400mcg S/F,0410030A0AAACAC,2,1.5232
431,L81041,Buprenorphine_Tab Subling 400mcg S/F,0410030A0AAACAC,1,1.5232
432,L81095,Buprenorphine_Tab Subling 400mcg S/F,0410030A0AAACAC,2,1.5232
434,L81042,Buprenorphine_Tab Subling 400mcg S/F,0410030A0AAACAC,1,1.5232
435,L81095,Buprenorphine_Tab Subling 400mcg S/F,0410030A0AAACAC,1,1.5232
442,L81037,Buprenorphine_Tab Subling 400mcg S/F,0410030A0AAACAC,1,1.5232
436,L81019,Buprenorphine_Tab Subling 400mcg S/F,0410030A0AAACAC,2,1.5232
447,L81037,Buprenorphine_Tab Subling 400mcg S/F,0410030A0AAACAC,2,1.5232
446,L81081,Buprenorphine_Tab Subling 400mcg S/F,0410030A0AAACAC,2,1.5232
445,L81094,Buprenorphine_Tab Subling 400mcg S/F,0410030A0AAACAC,1,1.5232
437,L81062,Buprenorphine_Tab Subling 400mcg S/F,0410030A0AAACAC,1,1.5232
438,L81041,Buprenorphine_Tab Subling 400mcg S/F,0410030A0AAACAC,4,1.5232
439,L81084,Buprenorphine_Tab Subling 400mcg S/F,0410030A0AAACAC,2,1.5232
444,L81018,Buprenorphine_Tab Subling 400mcg S/F,0410030A0AAACAC,2,1.5232
443,L81075,Buprenorphine_Tab Subling 400mcg S/F,0410030A0AAACAC,1,1.5232
440,L81067,Buprenorphine_Tab Subling 400mcg S/F,0410030A0AAACAC,2,1.5232
441,L81053,Buprenorphine_Tab Subling 400mcg S/F,0410030A0AAACAC,1,1.5232
643,L81015,Amiodarone HCl_Tab 200mg,0203020D0AAABAB,1,1.5000000000000013
1045,L81089,Pyridox HCl_Tab 50mg,0906024N0AAAIAI,1,1.4364000000000003
1046,L81031,Pyridox HCl_Tab 50mg,0906024N0AAAIAI,1,1.4364000000000003
1042,L81670,Pyridox HCl_Tab 50mg,0906024N0AAAIAI,4,1.4364000000000003
1043,L81062,Pyridox HCl_Tab 50mg,0906024N0AAAIAI,1,1.4364000000000003
1044,L81037,Pyridox HCl_Tab 50mg,0906024N0AAAIAI,3,1.4364000000000003
82,L81083,Clonazepam_Tab 500mcg,0408010F0AAABAB,3,1.423799999999997
81,L81083,Clonazepam_Tab 500mcg,0408010F0AAABAB,9,1.423799999999997
83,L81044,Clonazepam_Tab 500mcg,0408010F0AAABAB,18,1.423799999999997
449,L81038,Buprenorphine_Tab Subling 400mcg S/F,0410030A0AAACAC,1,1.4195999999999995
453,L81062,Buprenorphine_Tab Subling 400mcg S/F,0410030A0AAACAC,1,1.4195999999999995
452,L81091,Buprenorphine_Tab Subling 400mcg S/F,0410030A0AAACAC,1,1.4195999999999995
451,L81022,Buprenorphine_Tab Subling 400mcg S/F,0410030A0AAACAC,1,1.4195999999999995
450,L81026,Buprenorphine_Tab Subling 400mcg S/F,0410030A0AAACAC,1,1.4195999999999995
448,L81015,Buprenorphine_Tab Subling 400mcg S/F,0410030A0AAACAC,1,1.4195999999999995
455,Y01194,Buprenorphine_Tab Subling 400mcg S/F,0410030A0AAACAC,2,1.4092000000000007
454,L81038,Buprenorphine_Tab Subling 400mcg S/F,0410030A0AAACAC,2,1.4092000000000007
657,L81046,Amiodarone HCl_Tab 200mg,0203020D0AAABAB,2,1.4000000000000012
654,L81118,Amiodarone HCl_Tab 200mg,0203020D0AAABAB,1,1.4000000000000012
655,L81075,Amiodarone HCl_Tab 200mg,0203020D0AAABAB,2,1.4000000000000012
645,L81055,Amiodarone HCl_Tab 200mg,0203020D0AAABAB,2,1.4000000000000012
644,L81026,Amiodarone HCl_Tab 200mg,0203020D0AAABAB,4,1.4000000000000012
658,L81019,Amiodarone HCl_Tab 200mg,0203020D0AAABAB,2,1.4000000000000012
659,L81127,Amiodarone HCl_Tab 200mg,0203020D0AAABAB,2,1.4000000000000012
652,L81600,Amiodarone HCl_Tab 200mg,0203020D0AAABAB,2,1.4000000000000012
653,L81087,Amiodarone HCl_Tab 200mg,0203020D0AAABAB,2,1.4000000000000012
656,L81015,Amiodarone HCl_Tab 200mg,0203020D0AAABAB,2,1.4000000000000012
651,L81643,Amiodarone HCl_Tab 200mg,0203020D0AAABAB,2,1.4000000000000012
650,L81098,Amiodarone HCl_Tab 200mg,0203020D0AAABAB,2,1.4000000000000012
649,L81014,Amiodarone HCl_Tab 200mg,0203020D0AAABAB,2,1.4000000000000012
648,L81102,Amiodarone HCl_Tab 200mg,0203020D0AAABAB,2,1.4000000000000012
647,L81124,Amiodarone HCl_Tab 200mg,0203020D0AAABAB,2,1.4000000000000012
646,L81050,Amiodarone HCl_Tab 200mg,0203020D0AAABAB,4,1.4000000000000012
84,L81082,Clonazepam_Tab 500mcg,0408010F0AAABAB,1,1.3559999999999972
85,L81009,Clonazepam_Tab 500mcg,0408010F0AAABAB,2,1.3559999999999972
660,L81047,Amiodarone HCl_Tab 200mg,0203020D0AAABAB,16,1.3552
661,L81036,Amiodarone HCl_Tab 200mg,0203020D0AAABAB,16,1.3552
457,L81082,Buprenorphine_Tab Subling 400mcg S/F,0410030A0AAACAC,1,1.3008000000000006
456,L81042,Buprenorphine_Tab Subling 400mcg S/F,0410030A0AAACAC,1,1.3008000000000006
662,L81034,Amiodarone HCl_Tab 200mg,0203020D0AAABAB,15,1.2705
121,L81062,Clonazepam_Tab 500mcg,0408010F0AAABAB,1,1.2655999999999974
123,L81082,Clonazepam_Tab 500mcg,0408010F0AAABAB,2,1.2655999999999974
124,L81037,Clonazepam_Tab 500mcg,0408010F0AAABAB,1,1.2655999999999974
125,L81075,Clonazepam_Tab 500mcg,0408010F0AAABAB,2,1.2655999999999974
115,L81008,Clonazepam_Tab 500mcg,0408010F0AAABAB,8,1.2655999999999974
116,L81063,Clonazepam_Tab 500mcg,0408010F0AAABAB,1,1.2655999999999974
117,L81670,Clonazepam_Tab 500mcg,0408010F0AAABAB,2,1.2655999999999974
118,L81087,Clonazepam_Tab 500mcg,0408010F0AAABAB,2,1.2655999999999974
119,L81086,Clonazepam_Tab 500mcg,0408010F0AAABAB,16,1.2655999999999974
120,L81095,Clonazepam_Tab 500mcg,0408010F0AAABAB,2,1.2655999999999974
114,L81632,Clonazepam_Tab 500mcg,0408010F0AAABAB,1,1.2655999999999974
122,L81038,Clonazepam_Tab 500mcg,0408010F0AAABAB,1,1.2655999999999974
112,L81038,Clonazepam_Tab 500mcg,0408010F0AAABAB,4,1.2655999999999974
106,L81130,Clonazepam_Tab 500mcg,0408010F0AAABAB,1,1.2655999999999974
109,L81118,Clonazepam_Tab 500mcg,0408010F0AAABAB,1,1.2655999999999974
107,L81019,Clonazepam_Tab 500mcg,0408010F0AAABAB,4,1.2655999999999974
105,L81028,Clonazepam_Tab 500mcg,0408010F0AAABAB,1,1.2655999999999974
104,L81007,Clonazepam_Tab 500mcg,0408010F0AAABAB,1,1.2655999999999974
103,L81094,Clonazepam_Tab 500mcg,0408010F0AAABAB,2,1.2655999999999974
102,L81008,Clonazepam_Tab 500mcg,0408010F0AAABAB,2,1.2655999999999974
101,L81026,Clonazepam_Tab 500mcg,0408010F0AAABAB,4,1.2655999999999974
100,L81019,Clonazepam_Tab 500mcg,0408010F0AAABAB,2,1.2655999999999974
99,L81021,Clonazepam_Tab 500mcg,0408010F0AAABAB,8,1.2655999999999974
98,L81013,Clonazepam_Tab 500mcg,0408010F0AAABAB,2,1.2655999999999974
97,L81004,Clonazepam_Tab 500mcg,0408010F0AAABAB,1,1.2655999999999974
96,L81055,Clonazepam_Tab 500mcg,0408010F0AAABAB,1,1.2655999999999974
95,L81098,Clonazepam_Tab 500mcg,0408010F0AAABAB,2,1.2655999999999974
94,L81012,Clonazepam_Tab 500mcg,0408010F0AAABAB,8,1.2655999999999974
93,L81013,Clonazepam_Tab 500mcg,0408010F0AAABAB,1,1.2655999999999974
92,L81125,Clonazepam_Tab 500mcg,0408010F0AAABAB,2,1.2655999999999974
91,L81031,Clonazepam_Tab 500mcg,0408010F0AAABAB,1,1.2655999999999974
90,L81081,Clonazepam_Tab 500mcg,0408010F0AAABAB,4,1.2655999999999974
89,L81043,Clonazepam_Tab 500mcg,0408010F0AAABAB,1,1.2655999999999974
88,L81021,Clonazepam_Tab 500mcg,0408010F0AAABAB,1,1.2655999999999974
87,L81051,Clonazepam_Tab 500mcg,0408010F0AAABAB,1,1.2655999999999974
86,L81022,Clonazepam_Tab 500mcg,0408010F0AAABAB,1,1.2655999999999974
108,L81090,Clonazepam_Tab 500mcg,0408010F0AAABAB,1,1.2655999999999974
126,L81084,Clonazepam_Tab 500mcg,0408010F0AAABAB,1,1.2655999999999974
110,L81095,Clonazepam_Tab 500mcg,0408010F0AAABAB,1,1.2655999999999974
128,L81051,Clonazepam_Tab 500mcg,0408010F0AAABAB,4,1.2655999999999974
127,L81054,Clonazepam_Tab 500mcg,0408010F0AAABAB,4,1.2655999999999974
113,L81078,Clonazepam_Tab 500mcg,0408010F0AAABAB,2,1.2655999999999974
111,L81017,Clonazepam_Tab 500mcg,0408010F0AAABAB,1,1.2655999999999974
458,L81632,Buprenorphine_Tab Subling 400mcg S/F,0410030A0AAACAC,1,1.1968
129,L81042,Clonazepam_Tab 500mcg,0408010F0AAABAB,5,1.1864999999999974
465,L81036,Buprenorphine_Tab Subling 400mcg S/F,0410030A0AAACAC,1,1.1424
464,L81061,Buprenorphine_Tab Subling 400mcg S/F,0410030A0AAACAC,1,1.1424
463,L81022,Buprenorphine_Tab Subling 400mcg S/F,0410030A0AAACAC,3,1.1424
462,L81063,Buprenorphine_Tab Subling 400mcg S/F,0410030A0AAACAC,1,1.1424
461,L81042,Buprenorphine_Tab Subling 400mcg S/F,0410030A0AAACAC,1,1.1424
460,L81015,Buprenorphine_Tab Subling 400mcg S/F,0410030A0AAACAC,1,1.1424
459,L81062,Buprenorphine_Tab Subling 400mcg S/F,0410030A0AAACAC,3,1.1424
468,L81089,Buprenorphine_Tab Subling 400mcg S/F,0410030A0AAACAC,3,1.1424
466,L81022,Buprenorphine_Tab Subling 400mcg S/F,0410030A0AAACAC,1,1.1424
467,L81632,Buprenorphine_Tab Subling 400mcg S/F,0410030A0AAACAC,1,1.1424
130,L81078,Clonazepam_Tab 500mcg,0408010F0AAABAB,2,1.1399999999999966
131,L81016,Clonazepam_Tab 500mcg,0408010F0AAABAB,1,1.1299999999999977
132,L81085,Clonazepam_Tab 500mcg,0408010F0AAABAB,1,1.1299999999999977
133,L81021,Clonazepam_Tab 500mcg,0408010F0AAABAB,1,1.1299999999999977
134,L81040,Clonazepam_Tab 500mcg,0408010F0AAABAB,1,1.1299999999999977
135,L81053,Clonazepam_Tab 500mcg,0408010F0AAABAB,1,1.1299999999999977
136,L81034,Clonazepam_Tab 500mcg,0408010F0AAABAB,1,1.1299999999999977
137,L81058,Clonazepam_Tab 500mcg,0408010F0AAABAB,1,1.1299999999999977
138,L81004,Clonazepam_Tab 500mcg,0408010F0AAABAB,1,1.1299999999999977
139,L81112,Clonazepam_Tab 500mcg,0408010F0AAABAB,1,1.1299999999999977
140,L81033,Clonazepam_Tab 500mcg,0408010F0AAABAB,1,1.1299999999999977
141,L81062,Clonazepam_Tab 500mcg,0408010F0AAABAB,1,1.1299999999999977
142,L81670,Clonazepam_Tab 500mcg,0408010F0AAABAB,1,1.1299999999999977
143,L81018,Clonazepam_Tab 500mcg,0408010F0AAABAB,1,1.1299999999999977
144,L81054,Clonazepam_Tab 500mcg,0408010F0AAABAB,7,1.1073999999999977
145,L81079,Clonazepam_Tab 500mcg,0408010F0AAABAB,2,1.1073999999999977
663,L81117,Amiodarone HCl_Tab 200mg,0203020D0AAABAB,13,1.1011
469,L81026,Buprenorphine_Tab Subling 400mcg S/F,0410030A0AAACAC,2,1.0840000000000005
470,L81649,Buprenorphine_Tab Subling 400mcg S/F,0410030A0AAACAC,1,1.0569000000000006
471,L81062,Buprenorphine_Tab Subling 400mcg S/F,0410030A0AAACAC,1,1.0569000000000006
472,L81007,Buprenorphine_Tab Subling 400mcg S/F,0410030A0AAACAC,1,1.0569000000000006
675,L81055,Amiodarone HCl_Tab 200mg,0203020D0AAABAB,3,1.050000000000001
674,L81008,Amiodarone HCl_Tab 200mg,0203020D0AAABAB,1,1.050000000000001
673,L81103,Amiodarone HCl_Tab 200mg,0203020D0AAABAB,3,1.050000000000001
676,L81047,Amiodarone HCl_Tab 200mg,0203020D0AAABAB,3,1.050000000000001
671,L81075,Amiodarone HCl_Tab 200mg,0203020D0AAABAB,3,1.050000000000001
664,L81649,Amiodarone HCl_Tab 200mg,0203020D0AAABAB,1,1.050000000000001
665,L81051,Amiodarone HCl_Tab 200mg,0203020D0AAABAB,3,1.050000000000001
666,L81029,Amiodarone HCl_Tab 200mg,0203020D0AAABAB,1,1.050000000000001
667,Y04799,Amiodarone HCl_Tab 200mg,0203020D0AAABAB,1,1.050000000000001
668,L81118,Amiodarone HCl_Tab 200mg,0203020D0AAABAB,1,1.050000000000001
672,L81058,Amiodarone HCl_Tab 200mg,0203020D0AAABAB,3,1.050000000000001
669,L81019,Amiodarone HCl_Tab 200mg,0203020D0AAABAB,3,1.050000000000001
670,L81062,Amiodarone HCl_Tab 200mg,0203020D0AAABAB,1,1.050000000000001
146,L81014,Clonazepam_Tab 500mcg,0408010F0AAABAB,1,1.016999999999998
677,L81040,Amiodarone HCl_Tab 200mg,0203020D0AAABAB,12,1.0164
679,L81077,Amiodarone HCl_Tab 200mg,0203020D0AAABAB,12,1.0164
678,L81090,Amiodarone HCl_Tab 200mg,0203020D0AAABAB,12,1.0164
147,L81051,Clonazepam_Tab 500mcg,0408010F0AAABAB,2,0.994399999999998
475,L81089,Buprenorphine_Tab Subling 400mcg S/F,0410030A0AAACAC,1,0.9792000000000001
474,L81062,Buprenorphine_Tab Subling 400mcg S/F,0410030A0AAACAC,1,0.9792000000000001
473,L81649,Buprenorphine_Tab Subling 400mcg S/F,0410030A0AAACAC,1,0.9792000000000001
1056,L81018,Pyridox HCl_Tab 50mg,0906024N0AAAIAI,1,0.9576000000000002
1057,L81040,Pyridox HCl_Tab 50mg,0906024N0AAAIAI,1,0.9576000000000002
1059,L81125,Pyridox HCl_Tab 50mg,0906024N0AAAIAI,2,0.9576000000000002
1060,L81015,Pyridox HCl_Tab 50mg,0906024N0AAAIAI,1,0.9576000000000002
1054,L81037,Pyridox HCl_Tab 50mg,0906024N0AAAIAI,1,0.9576000000000002
1053,L81078,Pyridox HCl_Tab 50mg,0906024N0AAAIAI,8,0.9576000000000002
1055,L81124,Pyridox HCl_Tab 50mg,0906024N0AAAIAI,2,0.9576000000000002
1058,L81086,Pyridox HCl_Tab 50mg,0906024N0AAAIAI,2,0.9576000000000002
1052,L81058,Pyridox HCl_Tab 50mg,0906024N0AAAIAI,1,0.9576000000000002
1047,L81075,Pyridox HCl_Tab 50mg,0906024N0AAAIAI,1,0.9576000000000002
1048,L81124,Pyridox HCl_Tab 50mg,0906024N0AAAIAI,1,0.9576000000000002
1049,L81042,Pyridox HCl_Tab 50mg,0906024N0AAAIAI,2,0.9576000000000002
1050,L81118,Pyridox HCl_Tab 50mg,0906024N0AAAIAI,1,0.9576000000000002
1051,L81124,Pyridox HCl_Tab 50mg,0906024N0AAAIAI,8,0.9576000000000002
148,L81062,Clonazepam_Tab 500mcg,0408010F0AAABAB,2,0.949199999999998
149,L81051,Clonazepam_Tab 500mcg,0408010F0AAABAB,4,0.949199999999998
151,L81034,Clonazepam_Tab 500mcg,0408010F0AAABAB,3,0.949199999999998
167,L81040,Clonazepam_Tab 500mcg,0408010F0AAABAB,1,0.949199999999998
173,L81075,Clonazepam_Tab 500mcg,0408010F0AAABAB,1,0.949199999999998
172,L81022,Clonazepam_Tab 500mcg,0408010F0AAABAB,3,0.949199999999998
171,L81037,Clonazepam_Tab 500mcg,0408010F0AAABAB,1,0.949199999999998
170,L81037,Clonazepam_Tab 500mcg,0408010F0AAABAB,3,0.949199999999998
169,L81021,Clonazepam_Tab 500mcg,0408010F0AAABAB,1,0.949199999999998
166,L81029,Clonazepam_Tab 500mcg,0408010F0AAABAB,6,0.949199999999998
168,L81086,Clonazepam_Tab 500mcg,0408010F0AAABAB,1,0.949199999999998
150,L81125,Clonazepam_Tab 500mcg,0408010F0AAABAB,4,0.949199999999998
152,L81017,Clonazepam_Tab 500mcg,0408010F0AAABAB,1,0.949199999999998
153,L81062,Clonazepam_Tab 500mcg,0408010F0AAABAB,1,0.949199999999998
154,L81600,Clonazepam_Tab 500mcg,0408010F0AAABAB,6,0.949199999999998
155,L81091,Clonazepam_Tab 500mcg,0408010F0AAABAB,1,0.949199999999998
156,L81120,Clonazepam_Tab 500mcg,0408010F0AAABAB,4,0.949199999999998
157,L81063,Clonazepam_Tab 500mcg,0408010F0AAABAB,3,0.949199999999998
158,L81079,Clonazepam_Tab 500mcg,0408010F0AAABAB,4,0.949199999999998
159,L81023,Clonazepam_Tab 500mcg,0408010F0AAABAB,1,0.949199999999998
160,L81007,Clonazepam_Tab 500mcg,0408010F0AAABAB,1,0.949199999999998
161,L81106,Clonazepam_Tab 500mcg,0408010F0AAABAB,1,0.949199999999998
162,L81041,Clonazepam_Tab 500mcg,0408010F0AAABAB,1,0.949199999999998
163,L81043,Clonazepam_Tab 500mcg,0408010F0AAABAB,3,0.949199999999998
164,L81600,Clonazepam_Tab 500mcg,0408010F0AAABAB,1,0.949199999999998
165,L81642,Clonazepam_Tab 500mcg,0408010F0AAABAB,1,0.949199999999998
681,L81067,Amiodarone HCl_Tab 200mg,0203020D0AAABAB,11,0.9317
680,L81012,Amiodarone HCl_Tab 200mg,0203020D0AAABAB,11,0.9317
476,L81055,Buprenorphine_Tab Subling 400mcg S/F,0410030A0AAACAC,1,0.8943000000000004
477,L81095,Buprenorphine_Tab Subling 400mcg S/F,0410030A0AAACAC,1,0.8639999999999999
479,L81022,Buprenorphine_Tab Subling 400mcg S/F,0410030A0AAACAC,1,0.8189999999999997
478,L81013,Buprenorphine_Tab Subling 400mcg S/F,0410030A0AAACAC,1,0.8189999999999997
174,L81124,Clonazepam_Tab 500mcg,0408010F0AAABAB,4,0.8063999999999991
180,L81036,Clonazepam_Tab 500mcg,0408010F0AAABAB,5,0.7909999999999984
175,L81037,Clonazepam_Tab 500mcg,0408010F0AAABAB,5,0.7909999999999984
181,L81058,Clonazepam_Tab 500mcg,0408010F0AAABAB,5,0.7909999999999984
177,L81062,Clonazepam_Tab 500mcg,0408010F0AAABAB,5,0.7909999999999984
178,L81095,Clonazepam_Tab 500mcg,0408010F0AAABAB,5,0.7909999999999984
179,L81009,Clonazepam_Tab 500mcg,0408010F0AAABAB,5,0.7909999999999984
176,L81022,Clonazepam_Tab 500mcg,0408010F0AAABAB,10,0.7909999999999984
182,L81037,Clonazepam_Tab 500mcg,0408010F0AAABAB,4,0.7819999999999969
183,Y02578,Clonazepam_Tab 500mcg,0408010F0AAABAB,1,0.7683999999999984
682,L81102,Amiodarone HCl_Tab 200mg,0203020D0AAABAB,9,0.7623
480,L81042,Buprenorphine_Tab Subling 400mcg S/F,0410030A0AAACAC,2,0.7616
498,L81038,Buprenorphine_Tab Subling 400mcg S/F,0410030A0AAACAC,1,0.7616
497,L81082,Buprenorphine_Tab Subling 400mcg S/F,0410030A0AAACAC,1,0.7616
496,L81036,Buprenorphine_Tab Subling 400mcg S/F,0410030A0AAACAC,1,0.7616
495,L81037,Buprenorphine_Tab Subling 400mcg S/F,0410030A0AAACAC,2,0.7616
494,L81632,Buprenorphine_Tab Subling 400mcg S/F,0410030A0AAACAC,1,0.7616
493,L81007,Buprenorphine_Tab Subling 400mcg S/F,0410030A0AAACAC,2,0.7616
491,L81095,Buprenorphine_Tab Subling 400mcg S/F,0410030A0AAACAC,2,0.7616
486,L81018,Buprenorphine_Tab Subling 400mcg S/F,0410030A0AAACAC,2,0.7616
489,L81120,Buprenorphine_Tab Subling 400mcg S/F,0410030A0AAACAC,1,0.7616
482,L81063,Buprenorphine_Tab Subling 400mcg S/F,0410030A0AAACAC,1,0.7616
483,L81125,Buprenorphine_Tab Subling 400mcg S/F,0410030A0AAACAC,2,0.7616
490,L81053,Buprenorphine_Tab Subling 400mcg S/F,0410030A0AAACAC,1,0.7616
484,L81078,Buprenorphine_Tab Subling 400mcg S/F,0410030A0AAACAC,1,0.7616
492,L81632,Buprenorphine_Tab Subling 400mcg S/F,0410030A0AAACAC,2,0.7616
485,L81083,Buprenorphine_Tab Subling 400mcg S/F,0410030A0AAACAC,2,0.7616
481,L81022,Buprenorphine_Tab Subling 400mcg S/F,0410030A0AAACAC,1,0.7616
487,L81094,Buprenorphine_Tab Subling 400mcg S/F,0410030A0AAACAC,1,0.7616
488,Y02578,Buprenorphine_Tab Subling 400mcg S/F,0410030A0AAACAC,1,0.7616
683,L81098,Amiodarone HCl_Tab 200mg,0203020D0AAABAB,1,0.7500000000000007
185,L81014,Clonazepam_Tab 500mcg,0408010F0AAABAB,3,0.7118999999999985
184,L81007,Clonazepam_Tab 500mcg,0408010F0AAABAB,9,0.7118999999999985
499,L81022,Buprenorphine_Tab Subling 400mcg S/F,0410030A0AAACAC,1,0.7046000000000003
500,L81632,Buprenorphine_Tab Subling 400mcg S/F,0410030A0AAACAC,1,0.7046000000000003
501,L81007,Buprenorphine_Tab Subling 400mcg S/F,0410030A0AAACAC,1,0.7046000000000003
502,L81063,Buprenorphine_Tab Subling 400mcg S/F,0410030A0AAACAC,1,0.7046000000000003
691,L81632,Amiodarone HCl_Tab 200mg,0203020D0AAABAB,1,0.7000000000000006
690,L81053,Amiodarone HCl_Tab 200mg,0203020D0AAABAB,1,0.7000000000000006
693,L81089,Amiodarone HCl_Tab 200mg,0203020D0AAABAB,2,0.7000000000000006
711,L81040,Amiodarone HCl_Tab 200mg,0203020D0AAABAB,1,0.7000000000000006
710,L81009,Amiodarone HCl_Tab 200mg,0203020D0AAABAB,2,0.7000000000000006
709,L81089,Amiodarone HCl_Tab 200mg,0203020D0AAABAB,1,0.7000000000000006
708,L81008,Amiodarone HCl_Tab 200mg,0203020D0AAABAB,1,0.7000000000000006
707,L81112,Amiodarone HCl_Tab 200mg,0203020D0AAABAB,1,0.7000000000000006
706,L81042,Amiodarone HCl_Tab 200mg,0203020D0AAABAB,2,0.7000000000000006
705,L81078,Amiodarone HCl_Tab 200mg,0203020D0AAABAB,1,0.7000000000000006
694,L81669,Amiodarone HCl_Tab 200mg,0203020D0AAABAB,1,0.7000000000000006
695,L81013,Amiodarone HCl_Tab 200mg,0203020D0AAABAB,1,0.7000000000000006
696,L81041,Amiodarone HCl_Tab 200mg,0203020D0AAABAB,1,0.7000000000000006
704,L81094,Amiodarone HCl_Tab 200mg,0203020D0AAABAB,1,0.7000000000000006
703,L81018,Amiodarone HCl_Tab 200mg,0203020D0AAABAB,1,0.7000000000000006
702,L81081,Amiodarone HCl_Tab 200mg,0203020D0AAABAB,1,0.7000000000000006
701,L81008,Amiodarone HCl_Tab 200mg,0203020D0AAABAB,2,0.7000000000000006
700,L81086,Amiodarone HCl_Tab 200mg,0203020D0AAABAB,1,0.7000000000000006
699,L81642,Amiodarone HCl_Tab 200mg,0203020D0AAABAB,2,0.7000000000000006
697,L81021,Amiodarone HCl_Tab 200mg,0203020D0AAABAB,1,0.7000000000000006
698,L81033,Amiodarone HCl_Tab 200mg,0203020D0AAABAB,1,0.7000000000000006
684,L81043,Amiodarone HCl_Tab 200mg,0203020D0AAABAB,2,0.7000000000000006
685,L81051,Amiodarone HCl_Tab 200mg,0203020D0AAABAB,1,0.7000000000000006
692,L81058,Amiodarone HCl_Tab 200mg,0203020D0AAABAB,1,0.7000000000000006
687,L81063,Amiodarone HCl_Tab 200mg,0203020D0AAABAB,1,0.7000000000000006
688,L81017,Amiodarone HCl_Tab 200mg,0203020D0AAABAB,2,0.7000000000000006
689,L81091,Amiodarone HCl_Tab 200mg,0203020D0AAABAB,2,0.7000000000000006
686,L81044,Amiodarone HCl_Tab 200mg,0203020D0AAABAB,1,0.7000000000000006
186,L81046,Clonazepam_Tab 500mcg,0408010F0AAABAB,4,0.696
197,L81124,Clonazepam_Tab 500mcg,0408010F0AAABAB,1,0.6779999999999986
198,L81079,Clonazepam_Tab 500mcg,0408010F0AAABAB,1,0.6779999999999986
196,L81077,Clonazepam_Tab 500mcg,0408010F0AAABAB,1,0.6779999999999986
195,L81094,Clonazepam_Tab 500mcg,0408010F0AAABAB,1,0.6779999999999986
194,L81024,Clonazepam_Tab 500mcg,0408010F0AAABAB,1,0.6779999999999986
193,L81081,Clonazepam_Tab 500mcg,0408010F0AAABAB,1,0.6779999999999986
192,L81118,Clonazepam_Tab 500mcg,0408010F0AAABAB,1,0.6779999999999986
190,L81086,Clonazepam_Tab 500mcg,0408010F0AAABAB,1,0.6779999999999986
189,L81007,Clonazepam_Tab 500mcg,0408010F0AAABAB,2,0.6779999999999986
188,L81066,Clonazepam_Tab 500mcg,0408010F0AAABAB,2,0.6779999999999986
187,L81078,Clonazepam_Tab 500mcg,0408010F0AAABAB,1,0.6779999999999986
191,L81117,Clonazepam_Tab 500mcg,0408010F0AAABAB,1,0.6779999999999986
714,L81037,Amiodarone HCl_Tab 200mg,0203020D0AAABAB,8,0.6776
712,L81031,Amiodarone HCl_Tab 200mg,0203020D0AAABAB,8,0.6776
713,L81026,Amiodarone HCl_Tab 200mg,0203020D0AAABAB,8,0.6776
503,L81055,Buprenorphine_Tab Subling 400mcg S/F,0410030A0AAACAC,1,0.6576000000000002
505,L81012,Buprenorphine_Tab Subling 400mcg S/F,0410030A0AAACAC,1,0.6576000000000002
506,L81015,Buprenorphine_Tab Subling 400mcg S/F,0410030A0AAACAC,1,0.6576000000000002
507,L81022,Buprenorphine_Tab Subling 400mcg S/F,0410030A0AAACAC,1,0.6576000000000002
504,L81026,Buprenorphine_Tab Subling 400mcg S/F,0410030A0AAACAC,1,0.6576000000000002
199,L81021,Clonazepam_Tab 500mcg,0408010F0AAABAB,1,0.6553999999999987
247,L81089,Clonazepam_Tab 500mcg,0408010F0AAABAB,2,0.6327999999999987
248,L81083,Clonazepam_Tab 500mcg,0408010F0AAABAB,1,0.6327999999999987
249,L81102,Clonazepam_Tab 500mcg,0408010F0AAABAB,2,0.6327999999999987
250,L81012,Clonazepam_Tab 500mcg,0408010F0AAABAB,1,0.6327999999999987
251,L81075,Clonazepam_Tab 500mcg,0408010F0AAABAB,4,0.6327999999999987
252,L81053,Clonazepam_Tab 500mcg,0408010F0AAABAB,2,0.6327999999999987
230,L81063,Clonazepam_Tab 500mcg,0408010F0AAABAB,1,0.6327999999999987
246,L81089,Clonazepam_Tab 500mcg,0408010F0AAABAB,4,0.6327999999999987
212,L81067,Clonazepam_Tab 500mcg,0408010F0AAABAB,1,0.6327999999999987
221,L81112,Clonazepam_Tab 500mcg,0408010F0AAABAB,1,0.6327999999999987
200,L81098,Clonazepam_Tab 500mcg,0408010F0AAABAB,2,0.6327999999999987
220,L81082,Clonazepam_Tab 500mcg,0408010F0AAABAB,4,0.6327999999999987
219,L81043,Clonazepam_Tab 500mcg,0408010F0AAABAB,1,0.6327999999999987
218,L81106,Clonazepam_Tab 500mcg,0408010F0AAABAB,1,0.6327999999999987
217,L81028,Clonazepam_Tab 500mcg,0408010F0AAABAB,1,0.6327999999999987
216,L81017,Clonazepam_Tab 500mcg,0408010F0AAABAB,1,0.6327999999999987
215,L81014,Clonazepam_Tab 500mcg,0408010F0AAABAB,1,0.6327999999999987
214,L81022,Clonazepam_Tab 500mcg,0408010F0AAABAB,1,0.6327999999999987
213,L81091,Clonazepam_Tab 500mcg,0408010F0AAABAB,1,0.6327999999999987
211,L81046,Clonazepam_Tab 500mcg,0408010F0AAABAB,1,0.6327999999999987
245,L81087,Clonazepam_Tab 500mcg,0408010F0AAABAB,4,0.6327999999999987
210,L81062,Clonazepam_Tab 500mcg,0408010F0AAABAB,1,0.6327999999999987
209,L81014,Clonazepam_Tab 500mcg,0408010F0AAABAB,2,0.6327999999999987
208,L81091,Clonazepam_Tab 500mcg,0408010F0AAABAB,2,0.6327999999999987
207,L81026,Clonazepam_Tab 500mcg,0408010F0AAABAB,4,0.6327999999999987
206,L81055,Clonazepam_Tab 500mcg,0408010F0AAABAB,1,0.6327999999999987
205,L81084,Clonazepam_Tab 500mcg,0408010F0AAABAB,1,0.6327999999999987
204,L81034,Clonazepam_Tab 500mcg,0408010F0AAABAB,1,0.6327999999999987
203,L81044,Clonazepam_Tab 500mcg,0408010F0AAABAB,1,0.6327999999999987
202,L81084,Clonazepam_Tab 500mcg,0408010F0AAABAB,4,0.6327999999999987
201,L81077,Clonazepam_Tab 500mcg,0408010F0AAABAB,2,0.6327999999999987
222,L81033,Clonazepam_Tab 500mcg,0408010F0AAABAB,1,0.6327999999999987
223,L81066,Clonazepam_Tab 500mcg,0408010F0AAABAB,8,0.6327999999999987
224,L81033,Clonazepam_Tab 500mcg,0408010F0AAABAB,4,0.6327999999999987
236,L81017,Clonazepam_Tab 500mcg,0408010F0AAABAB,8,0.6327999999999987
244,L81050,Clonazepam_Tab 500mcg,0408010F0AAABAB,2,0.6327999999999987
243,L81067,Clonazepam_Tab 500mcg,0408010F0AAABAB,4,0.6327999999999987
242,L81670,Clonazepam_Tab 500mcg,0408010F0AAABAB,8,0.6327999999999987
241,L81077,Clonazepam_Tab 500mcg,0408010F0AAABAB,4,0.6327999999999987
240,L81078,Clonazepam_Tab 500mcg,0408010F0AAABAB,8,0.6327999999999987
239,L81077,Clonazepam_Tab 500mcg,0408010F0AAABAB,1,0.6327999999999987
225,L81037,Clonazepam_Tab 500mcg,0408010F0AAABAB,8,0.6327999999999987
237,L81086,Clonazepam_Tab 500mcg,0408010F0AAABAB,1,0.6327999999999987
238,L81102,Clonazepam_Tab 500mcg,0408010F0AAABAB,1,0.6327999999999987
235,L81118,Clonazepam_Tab 500mcg,0408010F0AAABAB,1,0.6327999999999987
234,L81034,Clonazepam_Tab 500mcg,0408010F0AAABAB,8,0.6327999999999987
233,L81046,Clonazepam_Tab 500mcg,0408010F0AAABAB,2,0.6327999999999987
232,L81053,Clonazepam_Tab 500mcg,0408010F0AAABAB,1,0.6327999999999987
231,L81084,Clonazepam_Tab 500mcg,0408010F0AAABAB,2,0.6327999999999987
229,L81043,Clonazepam_Tab 500mcg,0408010F0AAABAB,4,0.6327999999999987
228,L81098,Clonazepam_Tab 500mcg,0408010F0AAABAB,4,0.6327999999999987
227,L81085,Clonazepam_Tab 500mcg,0408010F0AAABAB,1,0.6327999999999987
226,L81078,Clonazepam_Tab 500mcg,0408010F0AAABAB,4,0.6327999999999987
511,L81038,Buprenorphine_Tab Subling 400mcg S/F,0410030A0AAACAC,1,0.5984
510,L81047,Buprenorphine_Tab Subling 400mcg S/F,0410030A0AAACAC,1,0.5984
509,L81018,Buprenorphine_Tab Subling 400mcg S/F,0410030A0AAACAC,1,0.5984
508,L81012,Buprenorphine_Tab Subling 400mcg S/F,0410030A0AAACAC,1,0.5984
716,L81022,Amiodarone HCl_Tab 200mg,0203020D0AAABAB,7,0.5929
715,L81079,Amiodarone HCl_Tab 200mg,0203020D0AAABAB,7,0.5929
513,L81012,Buprenorphine_Tab Subling 400mcg S/F,0410030A0AAACAC,1,0.5712
512,L81007,Buprenorphine_Tab Subling 400mcg S/F,0410030A0AAACAC,1,0.5712
515,L81033,Buprenorphine_Tab Subling 400mcg S/F,0410030A0AAACAC,1,0.5712
514,L81062,Buprenorphine_Tab Subling 400mcg S/F,0410030A0AAACAC,1,0.5712
255,L81083,Clonazepam_Tab 500mcg,0408010F0AAABAB,1,0.5699999999999983
256,L81007,Clonazepam_Tab 500mcg,0408010F0AAABAB,1,0.5699999999999983
254,L81013,Clonazepam_Tab 500mcg,0408010F0AAABAB,1,0.5699999999999983
253,L81103,Clonazepam_Tab 500mcg,0408010F0AAABAB,1,0.5699999999999983
516,L81089,Buprenorphine_Tab Subling 400mcg S/F,0410030A0AAACAC,1,0.5420000000000003
257,L81037,Clonazepam_Tab 500mcg,0408010F0AAABAB,25,0.5299999999999999
1061,L81051,Pyridox HCl_Tab 50mg,0906024N0AAAIAI,1,0.5130000000000001
258,L81026,Clonazepam_Tab 500mcg,0408010F0AAABAB,1,0.497199999999999
518,L81078,Buprenorphine_Tab Subling 400mcg S/F,0410030A0AAACAC,1,0.48420000000000013
517,L81015,Buprenorphine_Tab Subling 400mcg S/F,0410030A0AAACAC,1,0.48420000000000013
519,L81062,Buprenorphine_Tab Subling 400mcg S/F,0410030A0AAACAC,1,0.48420000000000013
1063,L81044,Pyridox HCl_Tab 50mg,0906024N0AAAIAI,1,0.4788000000000001
1067,L81062,Pyridox HCl_Tab 50mg,0906024N0AAAIAI,4,0.4788000000000001
1068,L81087,Pyridox HCl_Tab 50mg,0906024N0AAAIAI,4,0.4788000000000001
1064,Y02578,Pyridox HCl_Tab 50mg,0906024N0AAAIAI,2,0.4788000000000001
1069,L81021,Pyridox HCl_Tab 50mg,0906024N0AAAIAI,4,0.4788000000000001
1070,L81047,Pyridox HCl_Tab 50mg,0906024N0AAAIAI,1,0.4788000000000001
1066,L81085,Pyridox HCl_Tab 50mg,0906024N0AAAIAI,2,0.4788000000000001
1062,L81013,Pyridox HCl_Tab 50mg,0906024N0AAAIAI,4,0.4788000000000001
1065,L81012,Pyridox HCl_Tab 50mg,0906024N0AAAIAI,1,0.4788000000000001
259,Y02578,Clonazepam_Tab 500mcg,0408010F0AAABAB,2,0.474599999999999
261,L81058,Clonazepam_Tab 500mcg,0408010F0AAABAB,6,0.474599999999999
262,L81090,Clonazepam_Tab 500mcg,0408010F0AAABAB,1,0.474599999999999
263,L81075,Clonazepam_Tab 500mcg,0408010F0AAABAB,1,0.474599999999999
264,L81079,Clonazepam_Tab 500mcg,0408010F0AAABAB,1,0.474599999999999
265,L81632,Clonazepam_Tab 500mcg,0408010F0AAABAB,1,0.474599999999999
260,L81117,Clonazepam_Tab 500mcg,0408010F0AAABAB,3,0.474599999999999
266,L81091,Clonazepam_Tab 500mcg,0408010F0AAABAB,2,0.44399999999999995
267,L81082,Clonazepam_Tab 500mcg,0408010F0AAABAB,2,0.44399999999999995
520,L81037,Buprenorphine_Tab Subling 400mcg S/F,0410030A0AAACAC,1,0.4384000000000001
718,L81008,Amiodarone HCl_Tab 200mg,0203020D0AAABAB,5,0.4235
717,L81085,Amiodarone HCl_Tab 200mg,0203020D0AAABAB,5,0.4235
719,L81089,Amiodarone HCl_Tab 200mg,0203020D0AAABAB,5,0.4235
521,Y03519,Buprenorphine_Tab Subling 400mcg S/F,0410030A0AAACAC,1,0.40949999999999986
271,L81082,Clonazepam_Tab 500mcg,0408010F0AAABAB,1,0.3954999999999992
270,L81041,Clonazepam_Tab 500mcg,0408010F0AAABAB,5,0.3954999999999992
269,L81102,Clonazepam_Tab 500mcg,0408010F0AAABAB,5,0.3954999999999992
268,L81643,Clonazepam_Tab 500mcg,0408010F0AAABAB,5,0.3954999999999992
524,L81012,Buprenorphine_Tab Subling 400mcg S/F,0410030A0AAACAC,1,0.3808
527,L81053,Buprenorphine_Tab Subling 400mcg S/F,0410030A0AAACAC,1,0.3808
531,L81082,Buprenorphine_Tab Subling 400mcg S/F,0410030A0AAACAC,1,0.3808
530,L81036,Buprenorphine_Tab Subling 400mcg S/F,0410030A0AAACAC,1,0.3808
529,L81055,Buprenorphine_Tab Subling 400mcg S/F,0410030A0AAACAC,2,0.3808
528,L81120,Buprenorphine_Tab Subling 400mcg S/F,0410030A0AAACAC,1,0.3808
523,Y03519,Buprenorphine_Tab Subling 400mcg S/F,0410030A0AAACAC,1,0.3808
526,L81124,Buprenorphine_Tab Subling 400mcg S/F,0410030A0AAACAC,1,0.3808
525,L81130,Buprenorphine_Tab Subling 400mcg S/F,0410030A0AAACAC,1,0.3808
522,L81009,Buprenorphine_Tab Subling 400mcg S/F,0410030A0AAACAC,1,0.3808
1071,L81120,Pyridox HCl_Tab 50mg,0906024N0AAAIAI,3,0.3591000000000001
272,L81008,Clonazepam_Tab 500mcg,0408010F0AAABAB,2,0.3583999999999996
534,L81007,Buprenorphine_Tab Subling 400mcg S/F,0410030A0AAACAC,1,0.35230000000000017
535,L81632,Buprenorphine_Tab Subling 400mcg S/F,0410030A0AAACAC,1,0.35230000000000017
533,L81009,Buprenorphine_Tab Subling 400mcg S/F,0410030A0AAACAC,1,0.35230000000000017
532,L81120,Buprenorphine_Tab Subling 400mcg S/F,0410030A0AAACAC,1,0.35230000000000017
721,L81021,Amiodarone HCl_Tab 200mg,0203020D0AAABAB,1,0.3500000000000003
737,L81063,Amiodarone HCl_Tab 200mg,0203020D0AAABAB,1,0.3500000000000003
728,L81112,Amiodarone HCl_Tab 200mg,0203020D0AAABAB,1,0.3500000000000003
727,L81046,Amiodarone HCl_Tab 200mg,0203020D0AAABAB,1,0.3500000000000003
726,L81053,Amiodarone HCl_Tab 200mg,0203020D0AAABAB,1,0.3500000000000003
725,L81028,Amiodarone HCl_Tab 200mg,0203020D0AAABAB,1,0.3500000000000003
724,L81012,Amiodarone HCl_Tab 200mg,0203020D0AAABAB,1,0.3500000000000003
723,L81036,Amiodarone HCl_Tab 200mg,0203020D0AAABAB,1,0.3500000000000003
722,L81022,Amiodarone HCl_Tab 200mg,0203020D0AAABAB,1,0.3500000000000003
720,L81077,Amiodarone HCl_Tab 200mg,0203020D0AAABAB,1,0.3500000000000003
729,L81004,Amiodarone HCl_Tab 200mg,0203020D0AAABAB,1,0.3500000000000003
735,L81118,Amiodarone HCl_Tab 200mg,0203020D0AAABAB,1,0.3500000000000003
730,L81024,Amiodarone HCl_Tab 200mg,0203020D0AAABAB,1,0.3500000000000003
731,L81062,Amiodarone HCl_Tab 200mg,0203020D0AAABAB,1,0.3500000000000003
732,L81044,Amiodarone HCl_Tab 200mg,0203020D0AAABAB,1,0.3500000000000003
733,L81102,Amiodarone HCl_Tab 200mg,0203020D0AAABAB,1,0.3500000000000003
736,L81038,Amiodarone HCl_Tab 200mg,0203020D0AAABAB,1,0.3500000000000003
734,L81067,Amiodarone HCl_Tab 200mg,0203020D0AAABAB,1,0.3500000000000003
273,L81034,Clonazepam_Tab 500mcg,0408010F0AAABAB,8,0.33919999999999995
289,L81053,Clonazepam_Tab 500mcg,0408010F0AAABAB,1,0.3389999999999993
290,L81042,Clonazepam_Tab 500mcg,0408010F0AAABAB,1,0.3389999999999993
284,L81077,Clonazepam_Tab 500mcg,0408010F0AAABAB,1,0.3389999999999993
288,L81086,Clonazepam_Tab 500mcg,0408010F0AAABAB,1,0.3389999999999993
279,L81040,Clonazepam_Tab 500mcg,0408010F0AAABAB,1,0.3389999999999993
287,L81026,Clonazepam_Tab 500mcg,0408010F0AAABAB,1,0.3389999999999993
274,L81082,Clonazepam_Tab 500mcg,0408010F0AAABAB,1,0.3389999999999993
275,L81044,Clonazepam_Tab 500mcg,0408010F0AAABAB,1,0.3389999999999993
277,L81029,Clonazepam_Tab 500mcg,0408010F0AAABAB,1,0.3389999999999993
278,L81078,Clonazepam_Tab 500mcg,0408010F0AAABAB,1,0.3389999999999993
276,L81004,Clonazepam_Tab 500mcg,0408010F0AAABAB,1,0.3389999999999993
280,L81021,Clonazepam_Tab 500mcg,0408010F0AAABAB,1,0.3389999999999993
281,L81079,Clonazepam_Tab 500mcg,0408010F0AAABAB,1,0.3389999999999993
282,L81094,Clonazepam_Tab 500mcg,0408010F0AAABAB,1,0.3389999999999993
283,L81051,Clonazepam_Tab 500mcg,0408010F0AAABAB,1,0.3389999999999993
285,L81054,Clonazepam_Tab 500mcg,0408010F0AAABAB,1,0.3389999999999993
286,L81131,Clonazepam_Tab 500mcg,0408010F0AAABAB,1,0.3389999999999993
745,L81649,Amiodarone HCl_Tab 200mg,0203020D0AAABAB,4,0.3388
753,L81669,Amiodarone HCl_Tab 200mg,0203020D0AAABAB,4,0.3388
752,L81112,Amiodarone HCl_Tab 200mg,0203020D0AAABAB,4,0.3388
751,L81094,Amiodarone HCl_Tab 200mg,0203020D0AAABAB,4,0.3388
750,L81061,Amiodarone HCl_Tab 200mg,0203020D0AAABAB,4,0.3388
749,L81087,Amiodarone HCl_Tab 200mg,0203020D0AAABAB,4,0.3388
748,L81004,Amiodarone HCl_Tab 200mg,0203020D0AAABAB,4,0.3388
747,L81028,Amiodarone HCl_Tab 200mg,0203020D0AAABAB,4,0.3388
746,L81015,Amiodarone HCl_Tab 200mg,0203020D0AAABAB,4,0.3388
738,L81083,Amiodarone HCl_Tab 200mg,0203020D0AAABAB,4,0.3388
744,L81084,Amiodarone HCl_Tab 200mg,0203020D0AAABAB,4,0.3388
743,L81643,Amiodarone HCl_Tab 200mg,0203020D0AAABAB,4,0.3388
742,L81098,Amiodarone HCl_Tab 200mg,0203020D0AAABAB,4,0.3388
741,L81051,Amiodarone HCl_Tab 200mg,0203020D0AAABAB,4,0.3388
740,L81600,Amiodarone HCl_Tab 200mg,0203020D0AAABAB,4,0.3388
739,L81066,Amiodarone HCl_Tab 200mg,0203020D0AAABAB,4,0.3388
754,L81044,Amiodarone HCl_Tab 200mg,0203020D0AAABAB,4,0.3388
756,L81086,Amiodarone HCl_Tab 200mg,0203020D0AAABAB,4,0.3388
755,L81054,Amiodarone HCl_Tab 200mg,0203020D0AAABAB,4,0.3388
537,L81013,Buprenorphine_Tab Subling 400mcg S/F,0410030A0AAACAC,1,0.3228000000000001
536,L81120,Buprenorphine_Tab Subling 400mcg S/F,0410030A0AAACAC,1,0.3228000000000001
308,L81117,Clonazepam_Tab 500mcg,0408010F0AAABAB,4,0.31639999999999935
305,L81023,Clonazepam_Tab 500mcg,0408010F0AAABAB,1,0.31639999999999935
309,L81098,Clonazepam_Tab 500mcg,0408010F0AAABAB,4,0.31639999999999935
310,L81125,Clonazepam_Tab 500mcg,0408010F0AAABAB,1,0.31639999999999935
311,L81095,Clonazepam_Tab 500mcg,0408010F0AAABAB,1,0.31639999999999935
312,L81034,Clonazepam_Tab 500mcg,0408010F0AAABAB,2,0.31639999999999935
313,L81026,Clonazepam_Tab 500mcg,0408010F0AAABAB,4,0.31639999999999935
314,L81600,Clonazepam_Tab 500mcg,0408010F0AAABAB,4,0.31639999999999935
315,L81086,Clonazepam_Tab 500mcg,0408010F0AAABAB,2,0.31639999999999935
316,L81087,Clonazepam_Tab 500mcg,0408010F0AAABAB,4,0.31639999999999935
317,L81669,Clonazepam_Tab 500mcg,0408010F0AAABAB,1,0.31639999999999935
318,L81036,Clonazepam_Tab 500mcg,0408010F0AAABAB,1,0.31639999999999935
319,L81075,Clonazepam_Tab 500mcg,0408010F0AAABAB,4,0.31639999999999935
320,L81648,Clonazepam_Tab 500mcg,0408010F0AAABAB,1,0.31639999999999935
321,L81106,Clonazepam_Tab 500mcg,0408010F0AAABAB,1,0.31639999999999935
322,L81124,Clonazepam_Tab 500mcg,0408010F0AAABAB,1,0.31639999999999935
307,L81040,Clonazepam_Tab 500mcg,0408010F0AAABAB,1,0.31639999999999935
306,L81090,Clonazepam_Tab 500mcg,0408010F0AAABAB,1,0.31639999999999935
296,L81044,Clonazepam_Tab 500mcg,0408010F0AAABAB,1,0.31639999999999935
303,L81061,Clonazepam_Tab 500mcg,0408010F0AAABAB,1,0.31639999999999935
302,L81008,Clonazepam_Tab 500mcg,0408010F0AAABAB,4,0.31639999999999935
301,L81036,Clonazepam_Tab 500mcg,0408010F0AAABAB,4,0.31639999999999935
300,L81013,Clonazepam_Tab 500mcg,0408010F0AAABAB,4,0.31639999999999935
299,L81062,Clonazepam_Tab 500mcg,0408010F0AAABAB,4,0.31639999999999935
298,L81029,Clonazepam_Tab 500mcg,0408010F0AAABAB,1,0.31639999999999935
297,L81119,Clonazepam_Tab 500mcg,0408010F0AAABAB,1,0.31639999999999935
304,L81012,Clonazepam_Tab 500mcg,0408010F0AAABAB,4,0.31639999999999935
295,L81103,Clonazepam_Tab 500mcg,0408010F0AAABAB,1,0.31639999999999935
294,L81041,Clonazepam_Tab 500mcg,0408010F0AAABAB,1,0.31639999999999935
293,L81046,Clonazepam_Tab 500mcg,0408010F0AAABAB,4,0.31639999999999935
292,L81094,Clonazepam_Tab 500mcg,0408010F0AAABAB,4,0.31639999999999935
291,L81055,Clonazepam_Tab 500mcg,0408010F0AAABAB,1,0.31639999999999935
538,L81042,Buprenorphine_Tab Subling 400mcg S/F,0410030A0AAACAC,1,0.27599999999999986
323,L81061,Clonazepam_Tab 500mcg,0408010F0AAABAB,1,0.2735999999999992
324,L81081,Clonazepam_Tab 500mcg,0408010F0AAABAB,1,0.2735999999999992
1072,L81078,Pyridox HCl_Tab 50mg,0906024N0AAAIAI,4,0.2624000000000013
757,L81050,Amiodarone HCl_Tab 200mg,0203020D0AAABAB,3,0.2541
758,L81632,Amiodarone HCl_Tab 200mg,0203020D0AAABAB,3,0.2541
759,L81007,Amiodarone HCl_Tab 200mg,0203020D0AAABAB,3,0.2541
1073,L81037,Pyridox HCl_Tab 50mg,0906024N0AAAIAI,1,0.23940000000000006
330,L81015,Clonazepam_Tab 500mcg,0408010F0AAABAB,3,0.2372999999999995
331,L81031,Clonazepam_Tab 500mcg,0408010F0AAABAB,3,0.2372999999999995
326,L81094,Clonazepam_Tab 500mcg,0408010F0AAABAB,1,0.2372999999999995
329,L81038,Clonazepam_Tab 500mcg,0408010F0AAABAB,1,0.2372999999999995
325,L81014,Clonazepam_Tab 500mcg,0408010F0AAABAB,3,0.2372999999999995
327,L81670,Clonazepam_Tab 500mcg,0408010F0AAABAB,1,0.2372999999999995
328,L81054,Clonazepam_Tab 500mcg,0408010F0AAABAB,1,0.2372999999999995
333,L81081,Clonazepam_Tab 500mcg,0408010F0AAABAB,1,0.22199999999999998
334,L81058,Clonazepam_Tab 500mcg,0408010F0AAABAB,1,0.22199999999999998
332,L81043,Clonazepam_Tab 500mcg,0408010F0AAABAB,1,0.22199999999999998
335,L81643,Clonazepam_Tab 500mcg,0408010F0AAABAB,5,0.21199999999999997
336,L81054,Clonazepam_Tab 500mcg,0408010F0AAABAB,5,0.21199999999999997
337,L81086,Clonazepam_Tab 500mcg,0408010F0AAABAB,5,0.21199999999999997
338,L81016,Clonazepam_Tab 500mcg,0408010F0AAABAB,1,0.20159999999999978
542,L81670,Buprenorphine_Tab Subling 400mcg S/F,0410030A0AAACAC,1,0.1904
540,L81120,Buprenorphine_Tab Subling 400mcg S/F,0410030A0AAACAC,1,0.1904
541,L81017,Buprenorphine_Tab Subling 400mcg S/F,0410030A0AAACAC,1,0.1904
539,L81026,Buprenorphine_Tab Subling 400mcg S/F,0410030A0AAACAC,1,0.1904
543,L81009,Buprenorphine_Tab Subling 400mcg S/F,0410030A0AAACAC,1,0.1904
339,L81014,Clonazepam_Tab 500mcg,0408010F0AAABAB,5,0.18449999999999966
760,L81061,Amiodarone HCl_Tab 200mg,0203020D0AAABAB,1,0.17920000000000008
761,L81023,Amiodarone HCl_Tab 200mg,0203020D0AAABAB,1,0.17920000000000008
340,L81067,Clonazepam_Tab 500mcg,0408010F0AAABAB,1,0.1791999999999998
341,L81012,Clonazepam_Tab 500mcg,0408010F0AAABAB,1,0.174
342,L81632,Clonazepam_Tab 500mcg,0408010F0AAABAB,4,0.16959999999999997
343,L81124,Clonazepam_Tab 500mcg,0408010F0AAABAB,8,0.16959999999999997
344,L81042,Clonazepam_Tab 500mcg,0408010F0AAABAB,4,0.16959999999999997
544,L81013,Buprenorphine_Tab Subling 400mcg S/F,0410030A0AAACAC,1,0.16140000000000004
545,L81062,Buprenorphine_Tab Subling 400mcg S/F,0410030A0AAACAC,1,0.16140000000000004
345,L81007,Clonazepam_Tab 500mcg,0408010F0AAABAB,1,0.15819999999999967
347,L81021,Clonazepam_Tab 500mcg,0408010F0AAABAB,2,0.15819999999999967
348,L81079,Clonazepam_Tab 500mcg,0408010F0AAABAB,1,0.15819999999999967
349,L81023,Clonazepam_Tab 500mcg,0408010F0AAABAB,1,0.15819999999999967
350,L81038,Clonazepam_Tab 500mcg,0408010F0AAABAB,1,0.15819999999999967
346,L81094,Clonazepam_Tab 500mcg,0408010F0AAABAB,1,0.15819999999999967
351,L81124,Clonazepam_Tab 500mcg,0408010F0AAABAB,4,0.14759999999999973
352,L81632,Clonazepam_Tab 500mcg,0408010F0AAABAB,4,0.14759999999999973
1074,L81089,Pyridox HCl_Tab 50mg,0906024N0AAAIAI,1,0.1416000000000004
820,L81031,Co-Codamol_Tab 8mg/500mg,0407010F0AAAAAA,25,0.13999999999999915
819,L81031,Co-Codamol_Tab 8mg/500mg,0407010F0AAAAAA,25,0.13999999999999915
353,L81026,Clonazepam_Tab 500mcg,0408010F0AAABAB,1,0.1367999999999996
354,L81043,Clonazepam_Tab 500mcg,0408010F0AAABAB,1,0.1367999999999996
360,L81037,Clonazepam_Tab 500mcg,0408010F0AAABAB,1,0.11599999999999999
359,L81040,Clonazepam_Tab 500mcg,0408010F0AAABAB,1,0.11599999999999999
358,L81081,Clonazepam_Tab 500mcg,0408010F0AAABAB,1,0.11599999999999999
357,L81044,Clonazepam_Tab 500mcg,0408010F0AAABAB,1,0.11599999999999999
356,Y03662,Clonazepam_Tab 500mcg,0408010F0AAABAB,1,0.11599999999999999
355,L81094,Clonazepam_Tab 500mcg,0408010F0AAABAB,1,0.11599999999999999
547,L81062,Buprenorphine_Tab Subling 400mcg S/F,0410030A0AAACAC,1,0.10440000000000005
546,L81026,Buprenorphine_Tab Subling 400mcg S/F,0410030A0AAACAC,1,0.10440000000000005
361,L81062,Clonazepam_Tab 500mcg,0408010F0AAABAB,1,0.09439999999999982
821,L81015,Co-Codamol_Tab 8mg/500mg,0407010F0AAAAAA,16,0.08959999999999946
822,L81015,Co-Codamol_Tab 8mg/500mg,0407010F0AAAAAA,16,0.08959999999999946
548,L81007,Buprenorphine_Tab Subling 400mcg S/F,0410030A0AAACAC,1,0.08580000000000004
362,L81014,Clonazepam_Tab 500mcg,0408010F0AAABAB,2,0.08479999999999999
764,L81095,Amiodarone HCl_Tab 200mg,0203020D0AAABAB,1,0.0847
762,L81075,Amiodarone HCl_Tab 200mg,0203020D0AAABAB,1,0.0847
763,L81103,Amiodarone HCl_Tab 200mg,0203020D0AAABAB,1,0.0847
364,L81118,Clonazepam_Tab 500mcg,0408010F0AAABAB,1,0.07909999999999984
363,L81004,Clonazepam_Tab 500mcg,0408010F0AAABAB,1,0.07909999999999984
823,L81075,Co-Codamol_Tab 8mg/500mg,0407010F0AAAAAA,11,0.06159999999999963
824,L81075,Co-Codamol_Tab 8mg/500mg,0407010F0AAAAAA,11,0.06159999999999963
784,L81600,Exemestane_Tab 25mg,0803041C0AAAAAA,12,0.05879999999999819
549,L81062,Buprenorphine_Tab Subling 400mcg S/F,0410030A0AAACAC,1,0.05720000000000003
550,L81089,Buprenorphine_Tab Subling 400mcg S/F,0410030A0AAACAC,1,0.05720000000000003
830,L81026,Co-Codamol_Tab 8mg/500mg,0407010F0AAAAAA,10,0.05599999999999966
829,L81008,Co-Codamol_Tab 8mg/500mg,0407010F0AAAAAA,10,0.05599999999999966
828,L81026,Co-Codamol_Tab 8mg/500mg,0407010F0AAAAAA,10,0.05599999999999966
825,L81007,Co-Codamol_Tab 8mg/500mg,0407010F0AAAAAA,10,0.05599999999999966
826,L81007,Co-Codamol_Tab 8mg/500mg,0407010F0AAAAAA,10,0.05599999999999966
827,L81008,Co-Codamol_Tab 8mg/500mg,0407010F0AAAAAA,10,0.05599999999999966
832,L81079,Co-Codamol_Tab 8mg/500mg,0407010F0AAAAAA,9,0.050399999999999695
831,L81079,Co-Codamol_Tab 8mg/500mg,0407010F0AAAAAA,9,0.050399999999999695
384,L81031,Phenytoin_Sod Tab 100mg,0408010Q0AAAGAG,8,0.05039999999999445
786,L81007,Exemestane_Tab 25mg,0803041C0AAAAAA,10,0.04899999999999849
785,L81034,Exemestane_Tab 25mg,0803041C0AAAAAA,10,0.04899999999999849
836,L81058,Co-Codamol_Tab 8mg/500mg,0407010F0AAAAAA,8,0.04479999999999973
835,L81058,Co-Codamol_Tab 8mg/500mg,0407010F0AAAAAA,8,0.04479999999999973
834,L81087,Co-Codamol_Tab 8mg/500mg,0407010F0AAAAAA,8,0.04479999999999973
833,L81087,Co-Codamol_Tab 8mg/500mg,0407010F0AAAAAA,8,0.04479999999999973
787,L81051,Exemestane_Tab 25mg,0803041C0AAAAAA,9,0.04409999999999864
366,L81118,Clonazepam_Tab 500mcg,0408010F0AAABAB,1,0.04239999999999999
365,L81078,Clonazepam_Tab 500mcg,0408010F0AAABAB,1,0.04239999999999999
379,L81643,Mesalazine_Tab E/C 400mg,0105010B0AAAAAA,10,0.042000000000003146
837,L81098,Co-Codamol_Tab 8mg/500mg,0407010F0AAAAAA,2,0.03999999999999976
838,L81098,Co-Codamol_Tab 8mg/500mg,0407010F0AAAAAA,2,0.03999999999999976
789,L81004,Exemestane_Tab 25mg,0803041C0AAAAAA,8,0.03919999999999879
788,L81043,Exemestane_Tab 25mg,0803041C0AAAAAA,8,0.03919999999999879
367,L81086,Clonazepam_Tab 500mcg,0408010F0AAABAB,1,0.03689999999999993
839,L81007,Co-Codamol_Tab 8mg/500mg,0407010F0AAAAAA,7,0.03499999999999979
840,L81007,Co-Codamol_Tab 8mg/500mg,0407010F0AAAAAA,7,0.03499999999999979
790,L81058,Exemestane_Tab 25mg,0803041C0AAAAAA,7,0.03429999999999894
841,L81037,Co-Codamol_Tab 8mg/500mg,0407010F0AAAAAA,6,0.0335999999999998
842,L81131,Co-Codamol_Tab 8mg/500mg,0407010F0AAAAAA,12,0.0335999999999998
844,L81037,Co-Codamol_Tab 8mg/500mg,0407010F0AAAAAA,6,0.0335999999999998
843,L81131,Co-Codamol_Tab 8mg/500mg,0407010F0AAAAAA,12,0.0335999999999998
791,L81026,Exemestane_Tab 25mg,0803041C0AAAAAA,6,0.029399999999999094
551,L81007,Buprenorphine_Tab Subling 400mcg S/F,0410030A0AAACAC,1,0.028600000000000014
847,L81037,Co-Codamol_Tab 8mg/500mg,0407010F0AAAAAA,10,0.02799999999999983
848,L81016,Co-Codamol_Tab 8mg/500mg,0407010F0AAAAAA,5,0.02799999999999983
846,L81038,Co-Codamol_Tab 8mg/500mg,0407010F0AAAAAA,5,0.02799999999999983
849,L81038,Co-Codamol_Tab 8mg/500mg,0407010F0AAAAAA,5,0.02799999999999983
850,L81086,Co-Codamol_Tab 8mg/500mg,0407010F0AAAAAA,5,0.02799999999999983
845,L81086,Co-Codamol_Tab 8mg/500mg,0407010F0AAAAAA,5,0.02799999999999983
851,L81016,Co-Codamol_Tab 8mg/500mg,0407010F0AAAAAA,5,0.02799999999999983
852,L81037,Co-Codamol_Tab 8mg/500mg,0407010F0AAAAAA,10,0.02799999999999983
385,L81015,Phenytoin_Sod Tab 100mg,0408010Q0AAAGAG,4,0.025199999999997225
386,L81037,Phenytoin_Sod Tab 100mg,0408010Q0AAAGAG,4,0.025199999999997225
387,L81120,Phenytoin_Sod Tab 100mg,0408010Q0AAAGAG,4,0.025199999999997225
794,L81066,Exemestane_Tab 25mg,0803041C0AAAAAA,5,0.024499999999999245
792,L81079,Exemestane_Tab 25mg,0803041C0AAAAAA,5,0.024499999999999245
793,L81643,Exemestane_Tab 25mg,0803041C0AAAAAA,5,0.024499999999999245
865,L81091,Co-Codamol_Tab 8mg/500mg,0407010F0AAAAAA,4,0.022399999999999864
870,L81040,Co-Codamol_Tab 8mg/500mg,0407010F0AAAAAA,8,0.022399999999999864
869,L81015,Co-Codamol_Tab 8mg/500mg,0407010F0AAAAAA,8,0.022399999999999864
868,L81124,Co-Codamol_Tab 8mg/500mg,0407010F0AAAAAA,4,0.022399999999999864
867,L81062,Co-Codamol_Tab 8mg/500mg,0407010F0AAAAAA,4,0.022399999999999864
866,L81013,Co-Codamol_Tab 8mg/500mg,0407010F0AAAAAA,4,0.022399999999999864
862,L81053,Co-Codamol_Tab 8mg/500mg,0407010F0AAAAAA,4,0.022399999999999864
864,L81014,Co-Codamol_Tab 8mg/500mg,0407010F0AAAAAA,4,0.022399999999999864
855,L81053,Co-Codamol_Tab 8mg/500mg,0407010F0AAAAAA,4,0.022399999999999864
861,L81067,Co-Codamol_Tab 8mg/500mg,0407010F0AAAAAA,4,0.022399999999999864
853,L81014,Co-Codamol_Tab 8mg/500mg,0407010F0AAAAAA,4,0.022399999999999864
860,L81040,Co-Codamol_Tab 8mg/500mg,0407010F0AAAAAA,8,0.022399999999999864
859,L81062,Co-Codamol_Tab 8mg/500mg,0407010F0AAAAAA,4,0.022399999999999864
858,L81013,Co-Codamol_Tab 8mg/500mg,0407010F0AAAAAA,4,0.022399999999999864
857,L81067,Co-Codamol_Tab 8mg/500mg,0407010F0AAAAAA,4,0.022399999999999864
863,L81091,Co-Codamol_Tab 8mg/500mg,0407010F0AAAAAA,4,0.022399999999999864
854,L81015,Co-Codamol_Tab 8mg/500mg,0407010F0AAAAAA,8,0.022399999999999864
856,L81124,Co-Codamol_Tab 8mg/500mg,0407010F0AAAAAA,4,0.022399999999999864
765,Y03662,Amiodarone HCl_Tab 200mg,0203020D0AAABAB,1,0.02140000000000003
875,L81084,Co-Codamol_Tab 8mg/500mg,0407010F0AAAAAA,1,0.01999999999999988
876,L81023,Co-Codamol_Tab 8mg/500mg,0407010F0AAAAAA,4,0.01999999999999988
872,L81622,Co-Codamol_Tab 8mg/500mg,0407010F0AAAAAA,5,0.01999999999999988
877,L81004,Co-Codamol_Tab 8mg/500mg,0407010F0AAAAAA,1,0.01999999999999988
874,L81023,Co-Codamol_Tab 8mg/500mg,0407010F0AAAAAA,4,0.01999999999999988
871,L81026,Co-Codamol_Tab 8mg/500mg,0407010F0AAAAAA,4,0.01999999999999988
878,L81084,Co-Codamol_Tab 8mg/500mg,0407010F0AAAAAA,1,0.01999999999999988
880,L81026,Co-Codamol_Tab 8mg/500mg,0407010F0AAAAAA,4,0.01999999999999988
879,L81004,Co-Codamol_Tab 8mg/500mg,0407010F0AAAAAA,1,0.01999999999999988
873,L81622,Co-Codamol_Tab 8mg/500mg,0407010F0AAAAAA,5,0.01999999999999988
798,L81098,Exemestane_Tab 25mg,0803041C0AAAAAA,4,0.019599999999999396
802,L81023,Exemestane_Tab 25mg,0803041C0AAAAAA,4,0.019599999999999396
795,L81083,Exemestane_Tab 25mg,0803041C0AAAAAA,4,0.019599999999999396
796,L81131,Exemestane_Tab 25mg,0803041C0AAAAAA,4,0.019599999999999396
797,L81017,Exemestane_Tab 25mg,0803041C0AAAAAA,4,0.019599999999999396
799,L81062,Exemestane_Tab 25mg,0803041C0AAAAAA,4,0.019599999999999396
800,L81067,Exemestane_Tab 25mg,0803041C0AAAAAA,4,0.019599999999999396
801,L81036,Exemestane_Tab 25mg,0803041C0AAAAAA,4,0.019599999999999396
388,Y02578,Phenytoin_Sod Tab 100mg,0408010Q0AAAGAG,4,0.019599999999999396
803,L81117,Exemestane_Tab 25mg,0803041C0AAAAAA,4,0.019599999999999396
881,L81055,Co-Codamol_Tab 8mg/500mg,0407010F0AAAAAA,1,0.0167999999999999
884,L81055,Co-Codamol_Tab 8mg/500mg,0407010F0AAAAAA,1,0.0167999999999999
882,L81054,Co-Codamol_Tab 8mg/500mg,0407010F0AAAAAA,6,0.0167999999999999
883,L81054,Co-Codamol_Tab 8mg/500mg,0407010F0AAAAAA,6,0.0167999999999999
886,L81015,Co-Codamol_Tab 8mg/500mg,0407010F0AAAAAA,2,0.015999999999999903
885,L81015,Co-Codamol_Tab 8mg/500mg,0407010F0AAAAAA,2,0.015999999999999903
891,L81078,Co-Codamol_Tab 8mg/500mg,0407010F0AAAAAA,3,0.01499999999999991
892,L81008,Co-Codamol_Tab 8mg/500mg,0407010F0AAAAAA,3,0.01499999999999991
893,L81038,Co-Codamol_Tab 8mg/500mg,0407010F0AAAAAA,3,0.01499999999999991
894,L81008,Co-Codamol_Tab 8mg/500mg,0407010F0AAAAAA,3,0.01499999999999991
895,L81038,Co-Codamol_Tab 8mg/500mg,0407010F0AAAAAA,3,0.01499999999999991
890,L81021,Co-Codamol_Tab 8mg/500mg,0407010F0AAAAAA,3,0.01499999999999991
889,L81089,Co-Codamol_Tab 8mg/500mg,0407010F0AAAAAA,3,0.01499999999999991
888,L81078,Co-Codamol_Tab 8mg/500mg,0407010F0AAAAAA,3,0.01499999999999991
887,L81021,Co-Codamol_Tab 8mg/500mg,0407010F0AAAAAA,3,0.01499999999999991
896,L81089,Co-Codamol_Tab 8mg/500mg,0407010F0AAAAAA,3,0.01499999999999991
805,L81013,Exemestane_Tab 25mg,0803041C0AAAAAA,3,0.014699999999999547
804,L81009,Exemestane_Tab 25mg,0803041C0AAAAAA,3,0.014699999999999547
898,L81023,Co-Codamol_Tab 8mg/500mg,0407010F0AAAAAA,5,0.013999999999999915
897,L81023,Co-Codamol_Tab 8mg/500mg,0407010F0AAAAAA,5,0.013999999999999915
389,L81017,Phenytoin_Sod Tab 100mg,0408010Q0AAAGAG,1,0.011999999999998678
914,L81043,Co-Codamol_Tab 8mg/500mg,0407010F0AAAAAA,4,0.011199999999999932
908,L81084,Co-Codamol_Tab 8mg/500mg,0407010F0AAAAAA,1,0.011199999999999932
911,L81033,Co-Codamol_Tab 8mg/500mg,0407010F0AAAAAA,4,0.011199999999999932
910,L81009,Co-Codamol_Tab 8mg/500mg,0407010F0AAAAAA,4,0.011199999999999932
909,L81084,Co-Codamol_Tab 8mg/500mg,0407010F0AAAAAA,1,0.011199999999999932
906,L81008,Co-Codamol_Tab 8mg/500mg,0407010F0AAAAAA,4,0.011199999999999932
907,L81119,Co-Codamol_Tab 8mg/500mg,0407010F0AAAAAA,1,0.011199999999999932
899,L81119,Co-Codamol_Tab 8mg/500mg,0407010F0AAAAAA,1,0.011199999999999932
905,L81078,Co-Codamol_Tab 8mg/500mg,0407010F0AAAAAA,2,0.011199999999999932
904,L81078,Co-Codamol_Tab 8mg/500mg,0407010F0AAAAAA,2,0.011199999999999932
903,L81012,Co-Codamol_Tab 8mg/500mg,0407010F0AAAAAA,2,0.011199999999999932
901,L81008,Co-Codamol_Tab 8mg/500mg,0407010F0AAAAAA,4,0.011199999999999932
902,L81094,Co-Codamol_Tab 8mg/500mg,0407010F0AAAAAA,1,0.011199999999999932
900,L81094,Co-Codamol_Tab 8mg/500mg,0407010F0AAAAAA,1,0.011199999999999932
913,L81043,Co-Codamol_Tab 8mg/500mg,0407010F0AAAAAA,4,0.011199999999999932
915,L81012,Co-Codamol_Tab 8mg/500mg,0407010F0AAAAAA,2,0.011199999999999932
916,L81084,Co-Codamol_Tab 8mg/500mg,0407010F0AAAAAA,4,0.011199999999999932
917,L81033,Co-Codamol_Tab 8mg/500mg,0407010F0AAAAAA,4,0.011199999999999932
918,L81009,Co-Codamol_Tab 8mg/500mg,0407010F0AAAAAA,4,0.011199999999999932
912,L81084,Co-Codamol_Tab 8mg/500mg,0407010F0AAAAAA,4,0.011199999999999932
919,L81044,Co-Codamol_Tab 8mg/500mg,0407010F0AAAAAA,2,0.00999999999999994
920,L81643,Co-Codamol_Tab 8mg/500mg,0407010F0AAAAAA,2,0.00999999999999994
921,L81022,Co-Codamol_Tab 8mg/500mg,0407010F0AAAAAA,2,0.00999999999999994
922,L81044,Co-Codamol_Tab 8mg/500mg,0407010F0AAAAAA,2,0.00999999999999994
924,L81014,Co-Codamol_Tab 8mg/500mg,0407010F0AAAAAA,2,0.00999999999999994
925,L81014,Co-Codamol_Tab 8mg/500mg,0407010F0AAAAAA,2,0.00999999999999994
926,L81090,Co-Codamol_Tab 8mg/500mg,0407010F0AAAAAA,2,0.00999999999999994
927,L81090,Co-Codamol_Tab 8mg/500mg,0407010F0AAAAAA,2,0.00999999999999994
928,L81022,Co-Codamol_Tab 8mg/500mg,0407010F0AAAAAA,2,0.00999999999999994
923,L81643,Co-Codamol_Tab 8mg/500mg,0407010F0AAAAAA,2,0.00999999999999994
808,L81038,Exemestane_Tab 25mg,0803041C0AAAAAA,2,0.009799999999999698
807,L81095,Exemestane_Tab 25mg,0803041C0AAAAAA,2,0.009799999999999698
806,L81119,Exemestane_Tab 25mg,0803041C0AAAAAA,2,0.009799999999999698
778,L81130,Mesalazine_Tab E/C 800mg,0105010B0AAASAS,1,0.008999999999999009
931,L81078,Co-Codamol_Tab 8mg/500mg,0407010F0AAAAAA,1,0.00839999999999995
936,L81012,Co-Codamol_Tab 8mg/500mg,0407010F0AAAAAA,3,0.00839999999999995
934,L81044,Co-Codamol_Tab 8mg/500mg,0407010F0AAAAAA,1,0.00839999999999995
933,L81012,Co-Codamol_Tab 8mg/500mg,0407010F0AAAAAA,3,0.00839999999999995
932,L81051,Co-Codamol_Tab 8mg/500mg,0407010F0AAAAAA,3,0.00839999999999995
930,L81078,Co-Codamol_Tab 8mg/500mg,0407010F0AAAAAA,1,0.00839999999999995
929,L81051,Co-Codamol_Tab 8mg/500mg,0407010F0AAAAAA,3,0.00839999999999995
935,L81044,Co-Codamol_Tab 8mg/500mg,0407010F0AAAAAA,1,0.00839999999999995
937,L81037,Co-Codamol_Tab 8mg/500mg,0407010F0AAAAAA,1,0.007999999999999952
938,L81037,Co-Codamol_Tab 8mg/500mg,0407010F0AAAAAA,1,0.007999999999999952
939,L81054,Co-Codamol_Tab 8mg/500mg,0407010F0AAAAAA,1,0.005599999999999966
940,L81044,Co-Codamol_Tab 8mg/500mg,0407010F0AAAAAA,1,0.005599999999999966
941,L81084,Co-Codamol_Tab 8mg/500mg,0407010F0AAAAAA,1,0.005599999999999966
942,L81083,Co-Codamol_Tab 8mg/500mg,0407010F0AAAAAA,1,0.005599999999999966
943,L81061,Co-Codamol_Tab 8mg/500mg,0407010F0AAAAAA,1,0.005599999999999966
944,L81017,Co-Codamol_Tab 8mg/500mg,0407010F0AAAAAA,1,0.005599999999999966
945,L81083,Co-Codamol_Tab 8mg/500mg,0407010F0AAAAAA,1,0.005599999999999966
946,L81081,Co-Codamol_Tab 8mg/500mg,0407010F0AAAAAA,1,0.005599999999999966
948,L81081,Co-Codamol_Tab 8mg/500mg,0407010F0AAAAAA,1,0.005599999999999966
950,L81044,Co-Codamol_Tab 8mg/500mg,0407010F0AAAAAA,1,0.005599999999999966
958,L81087,Co-Codamol_Tab 8mg/500mg,0407010F0AAAAAA,2,0.005599999999999966
957,L81670,Co-Codamol_Tab 8mg/500mg,0407010F0AAAAAA,1,0.005599999999999966
949,L81087,Co-Codamol_Tab 8mg/500mg,0407010F0AAAAAA,2,0.005599999999999966
956,L81670,Co-Codamol_Tab 8mg/500mg,0407010F0AAAAAA,1,0.005599999999999966
955,L81009,Co-Codamol_Tab 8mg/500mg,0407010F0AAAAAA,1,0.005599999999999966
954,L81061,Co-Codamol_Tab 8mg/500mg,0407010F0AAAAAA,1,0.005599999999999966
953,L81017,Co-Codamol_Tab 8mg/500mg,0407010F0AAAAAA,1,0.005599999999999966
952,L81009,Co-Codamol_Tab 8mg/500mg,0407010F0AAAAAA,1,0.005599999999999966
951,L81054,Co-Codamol_Tab 8mg/500mg,0407010F0AAAAAA,1,0.005599999999999966
947,L81084,Co-Codamol_Tab 8mg/500mg,0407010F0AAAAAA,1,0.005599999999999966
555,L81026,Buprenorphine_Tab Subling 400mcg S/F,0410030A0AAACAC,1,0.005199999999999427
554,L81038,Buprenorphine_Tab Subling 400mcg S/F,0410030A0AAACAC,1,0.005199999999999427
556,L81022,Buprenorphine_Tab Subling 400mcg S/F,0410030A0AAACAC,1,0.005199999999999427
557,L81091,Buprenorphine_Tab Subling 400mcg S/F,0410030A0AAACAC,1,0.005199999999999427
553,L81062,Buprenorphine_Tab Subling 400mcg S/F,0410030A0AAACAC,1,0.005199999999999427
552,L81015,Buprenorphine_Tab Subling 400mcg S/F,0410030A0AAACAC,1,0.005199999999999427
981,L81016,Co-Codamol_Tab 8mg/500mg,0407010F0AAAAAA,1,0.00499999999999997
974,L81124,Co-Codamol_Tab 8mg/500mg,0407010F0AAAAAA,1,0.00499999999999997
975,L81050,Co-Codamol_Tab 8mg/500mg,0407010F0AAAAAA,1,0.00499999999999997
976,L81004,Co-Codamol_Tab 8mg/500mg,0407010F0AAAAAA,1,0.00499999999999997
977,L81669,Co-Codamol_Tab 8mg/500mg,0407010F0AAAAAA,1,0.00499999999999997
978,L81033,Co-Codamol_Tab 8mg/500mg,0407010F0AAAAAA,1,0.00499999999999997
979,L81649,Co-Codamol_Tab 8mg/500mg,0407010F0AAAAAA,1,0.00499999999999997
980,L81033,Co-Codamol_Tab 8mg/500mg,0407010F0AAAAAA,1,0.00499999999999997
982,L81124,Co-Codamol_Tab 8mg/500mg,0407010F0AAAAAA,1,0.00499999999999997
990,L81050,Co-Codamol_Tab 8mg/500mg,0407010F0AAAAAA,1,0.00499999999999997
983,L81031,Co-Codamol_Tab 8mg/500mg,0407010F0AAAAAA,1,0.00499999999999997
973,L81063,Co-Codamol_Tab 8mg/500mg,0407010F0AAAAAA,1,0.00499999999999997
985,L81079,Co-Codamol_Tab 8mg/500mg,0407010F0AAAAAA,1,0.00499999999999997
986,L81079,Co-Codamol_Tab 8mg/500mg,0407010F0AAAAAA,1,0.00499999999999997
987,L81004,Co-Codamol_Tab 8mg/500mg,0407010F0AAAAAA,1,0.00499999999999997
988,L81055,Co-Codamol_Tab 8mg/500mg,0407010F0AAAAAA,1,0.00499999999999997
989,L81649,Co-Codamol_Tab 8mg/500mg,0407010F0AAAAAA,1,0.00499999999999997
984,L81012,Co-Codamol_Tab 8mg/500mg,0407010F0AAAAAA,1,0.00499999999999997
971,L81028,Co-Codamol_Tab 8mg/500mg,0407010F0AAAAAA,1,0.00499999999999997
972,L81012,Co-Codamol_Tab 8mg/500mg,0407010F0AAAAAA,1,0.00499999999999997
963,L81037,Co-Codamol_Tab 8mg/500mg,0407010F0AAAAAA,1,0.00499999999999997
959,L81112,Co-Codamol_Tab 8mg/500mg,0407010F0AAAAAA,1,0.00499999999999997
960,L81669,Co-Codamol_Tab 8mg/500mg,0407010F0AAAAAA,1,0.00499999999999997
970,L81063,Co-Codamol_Tab 8mg/500mg,0407010F0AAAAAA,1,0.00499999999999997
962,L81031,Co-Codamol_Tab 8mg/500mg,0407010F0AAAAAA,1,0.00499999999999997
961,L81037,Co-Codamol_Tab 8mg/500mg,0407010F0AAAAAA,1,0.00499999999999997
965,L81055,Co-Codamol_Tab 8mg/500mg,0407010F0AAAAAA,1,0.00499999999999997
966,L81670,Co-Codamol_Tab 8mg/500mg,0407010F0AAAAAA,1,0.00499999999999997
967,L81016,Co-Codamol_Tab 8mg/500mg,0407010F0AAAAAA,1,0.00499999999999997
968,L81670,Co-Codamol_Tab 8mg/500mg,0407010F0AAAAAA,1,0.00499999999999997
969,L81112,Co-Codamol_Tab 8mg/500mg,0407010F0AAAAAA,1,0.00499999999999997
964,L81028,Co-Codamol_Tab 8mg/500mg,0407010F0AAAAAA,1,0.00499999999999997
809,L81044,Exemestane_Tab 25mg,0803041C0AAAAAA,1,0.004999999999999449
562,L81022,Buprenorphine_Tab Subling 400mcg S/F,0410030A0AAACAC,1,0.0048000000000001375
561,L81012,Buprenorphine_Tab Subling 400mcg S/F,0410030A0AAACAC,1,0.0048000000000001375
560,L81015,Buprenorphine_Tab Subling 400mcg S/F,0410030A0AAACAC,1,0.0048000000000001375
559,L81026,Buprenorphine_Tab Subling 400mcg S/F,0410030A0AAACAC,1,0.0048000000000001375
558,L81055,Buprenorphine_Tab Subling 400mcg S/F,0410030A0AAACAC,1,0.0048000000000001375
991,L81089,Co-Codamol_Tab 8mg/500mg,0407010F0AAAAAA,1,0.0048000000000000265
992,L81089,Co-Codamol_Tab 8mg/500mg,0407010F0AAAAAA,1,0.0048000000000000265
810,L81004,Exemestane_Tab 25mg,0803041C0AAAAAA,1,0.004399999999999515
779,L81130,Mesalazine_Tab E/C 800mg,0105010B0AAASAS,1,0.004200000000001869
563,L81007,Buprenorphine_Tab Subling 400mcg S/F,0410030A0AAACAC,1,0.004200000000000037
564,L81042,Buprenorphine_Tab Subling 400mcg S/F,0410030A0AAACAC,1,0.003999999999999837
565,L81037,Buprenorphine_Tab Subling 400mcg S/F,0410030A0AAACAC,1,0.0032000000000000917
566,L81022,Buprenorphine_Tab Subling 400mcg S/F,0410030A0AAACAC,1,0.0029999999999996696
567,L81013,Buprenorphine_Tab Subling 400mcg S/F,0410030A0AAACAC,1,0.0029999999999996696
569,L81089,Buprenorphine_Tab Subling 400mcg S/F,0410030A0AAACAC,1,0.0028000000000000247
568,L81062,Buprenorphine_Tab Subling 400mcg S/F,0410030A0AAACAC,1,0.0028000000000000247
993,L81083,Co-Codamol_Tab 8mg/500mg,0407010F0AAAAAA,1,0.002799999999999983
996,L81081,Co-Codamol_Tab 8mg/500mg,0407010F0AAAAAA,1,0.002799999999999983
995,L81083,Co-Codamol_Tab 8mg/500mg,0407010F0AAAAAA,1,0.002799999999999983
998,L81081,Co-Codamol_Tab 8mg/500mg,0407010F0AAAAAA,1,0.002799999999999983
997,L81124,Co-Codamol_Tab 8mg/500mg,0407010F0AAAAAA,1,0.002799999999999983
994,L81124,Co-Codamol_Tab 8mg/500mg,0407010F0AAAAAA,1,0.002799999999999983
1002,L81058,Co-Codamol_Tab 8mg/500mg,0407010F0AAAAAA,1,0.0023999999999999855
1001,L81669,Co-Codamol_Tab 8mg/500mg,0407010F0AAAAAA,1,0.0023999999999999855
1000,L81669,Co-Codamol_Tab 8mg/500mg,0407010F0AAAAAA,1,0.0023999999999999855
999,L81058,Co-Codamol_Tab 8mg/500mg,0407010F0AAAAAA,1,0.0023999999999999855
570,Y03519,Buprenorphine_Tab Subling 400mcg S/F,0410030A0AAACAC,1,0.0014999999999998348
571,L81007,Buprenorphine_Tab Subling 400mcg S/F,0410030A0AAACAC,1,0.0014000000000000123
574,L81632,Buprenorphine_Tab Subling 400mcg S/F,0410030A0AAACAC,1,-0.0012999999999998568
572,L81007,Buprenorphine_Tab Subling 400mcg S/F,0410030A0AAACAC,1,-0.0012999999999998568
575,L81120,Buprenorphine_Tab Subling 400mcg S/F,0410030A0AAACAC,1,-0.0012999999999998568
573,L81009,Buprenorphine_Tab Subling 400mcg S/F,0410030A0AAACAC,1,-0.0012999999999998568
577,L81013,Buprenorphine_Tab Subling 400mcg S/F,0410030A0AAACAC,1,-0.0017999999999999683
576,L81062,Buprenorphine_Tab Subling 400mcg S/F,0410030A0AAACAC,1,-0.0017999999999999683
578,L81089,Buprenorphine_Tab Subling 400mcg S/F,0410030A0AAACAC,1,-0.0019999999999997797
582,L81063,Buprenorphine_Tab Subling 400mcg S/F,0410030A0AAACAC,1,-0.0025999999999997137
581,L81632,Buprenorphine_Tab Subling 400mcg S/F,0410030A0AAACAC,1,-0.0025999999999997137
580,L81007,Buprenorphine_Tab Subling 400mcg S/F,0410030A0AAACAC,1,-0.0025999999999997137
579,L81022,Buprenorphine_Tab Subling 400mcg S/F,0410030A0AAACAC,1,-0.0025999999999997137
583,L81055,Buprenorphine_Tab Subling 400mcg S/F,0410030A0AAACAC,1,-0.0032999999999996366
585,L81120,Buprenorphine_Tab Subling 400mcg S/F,0410030A0AAACAC,1,-0.0035999999999999366
584,L81013,Buprenorphine_Tab Subling 400mcg S/F,0410030A0AAACAC,1,-0.0035999999999999366
1003,L81042,Co-Codamol_Tab 8mg/500mg,0407010F0AAAAAA,1,-0.0035999999999999782
1004,L81042,Co-Codamol_Tab 8mg/500mg,0407010F0AAAAAA,1,-0.0035999999999999782
587,L81649,Buprenorphine_Tab Subling 400mcg S/F,0410030A0AAACAC,1,-0.0038999999999995705
588,L81007,Buprenorphine_Tab Subling 400mcg S/F,0410030A0AAACAC,1,-0.0038999999999995705
586,L81062,Buprenorphine_Tab Subling 400mcg S/F,0410030A0AAACAC,1,-0.0038999999999995705
589,L81026,Buprenorphine_Tab Subling 400mcg S/F,0410030A0AAACAC,2,-0.0039999999999995595
1008,L81079,Co-Codamol_Tab 8mg/500mg,0407010F0AAAAAA,1,-0.004199999999999975
1007,L81079,Co-Codamol_Tab 8mg/500mg,0407010F0AAAAAA,1,-0.004199999999999975
1006,L81063,Co-Codamol_Tab 8mg/500mg,0407010F0AAAAAA,1,-0.004199999999999975
1005,L81063,Co-Codamol_Tab 8mg/500mg,0407010F0AAAAAA,1,-0.004199999999999975
591,L81062,Buprenorphine_Tab Subling 400mcg S/F,0410030A0AAACAC,1,-0.0043999999999999595
590,L81026,Buprenorphine_Tab Subling 400mcg S/F,0410030A0AAACAC,1,-0.0043999999999999595
593,L81042,Buprenorphine_Tab Subling 400mcg S/F,0410030A0AAACAC,1,-0.004799999999999471
592,L81082,Buprenorphine_Tab Subling 400mcg S/F,0410030A0AAACAC,1,-0.004799999999999471
594,L81038,Buprenorphine_Tab Subling 400mcg S/F,0410030A0AAACAC,2,-0.005199999999999427
595,Y01194,Buprenorphine_Tab Subling 400mcg S/F,0410030A0AAACAC,2,-0.005199999999999427
596,L81062,Buprenorphine_Tab Subling 400mcg S/F,0410030A0AAACAC,1,-0.005399999999999905
597,L81078,Buprenorphine_Tab Subling 400mcg S/F,0410030A0AAACAC,1,-0.005399999999999905
598,L81015,Buprenorphine_Tab Subling 400mcg S/F,0410030A0AAACAC,1,-0.005399999999999905
599,L81095,Buprenorphine_Tab Subling 400mcg S/F,0410030A0AAACAC,1,-0.006400000000000183
600,L81007,Buprenorphine_Tab Subling 400mcg S/F,0410030A0AAACAC,2,-0.006599999999999273
1010,L81086,Co-Codamol_Tab 8mg/500mg,0407010F0AAAAAA,2,-0.0071999999999999564
1009,L81086,Co-Codamol_Tab 8mg/500mg,0407010F0AAAAAA,2,-0.0071999999999999564
1012,L81042,Co-Codamol_Tab 8mg/500mg,0407010F0AAAAAA,2,-0.00839999999999995
1011,L81042,Co-Codamol_Tab 8mg/500mg,0407010F0AAAAAA,2,-0.00839999999999995
1013,L81131,Co-Codamol_Tab 8mg/500mg,0407010F0AAAAAA,3,-0.011999999999999927
1014,L81131,Co-Codamol_Tab 8mg/500mg,0407010F0AAAAAA,3,-0.011999999999999927
1015,L81042,Co-Codamol_Tab 8mg/500mg,0407010F0AAAAAA,3,-0.012599999999999924
1016,L81042,Co-Codamol_Tab 8mg/500mg,0407010F0AAAAAA,3,-0.012599999999999924
1017,L81054,Co-Codamol_Tab 8mg/500mg,0407010F0AAAAAA,4,-0.0167999999999999
1018,L81124,Co-Codamol_Tab 8mg/500mg,0407010F0AAAAAA,4,-0.0167999999999999
1019,L81040,Co-Codamol_Tab 8mg/500mg,0407010F0AAAAAA,4,-0.0167999999999999
1020,L81054,Co-Codamol_Tab 8mg/500mg,0407010F0AAAAAA,4,-0.0167999999999999
1021,L81041,Co-Codamol_Tab 8mg/500mg,0407010F0AAAAAA,4,-0.0167999999999999
1023,L81040,Co-Codamol_Tab 8mg/500mg,0407010F0AAAAAA,4,-0.0167999999999999
1024,L81124,Co-Codamol_Tab 8mg/500mg,0407010F0AAAAAA,4,-0.0167999999999999
1022,L81041,Co-Codamol_Tab 8mg/500mg,0407010F0AAAAAA,4,-0.0167999999999999
1025,L81037,Co-Codamol_Tab 8mg/500mg,0407010F0AAAAAA,5,-0.020999999999999873
1026,L81037,Co-Codamol_Tab 8mg/500mg,0407010F0AAAAAA,5,-0.020999999999999873
1027,L81038,Co-Codamol_Tab 8mg/500mg,0407010F0AAAAAA,8,-0.0335999999999998
1028,L81038,Co-Codamol_Tab 8mg/500mg,0407010F0AAAAAA,8,-0.0335999999999998
380,L81649,Mesalazine_Tab E/C 400mg,0105010B0AAAAAA,1,-17.112
780,L81130,Mesalazine_Tab E/C 800mg,0105010B0AAASAS,1,-18.441
381,L81034,Mesalazine_Tab E/C 400mg,0105010B0AAAAAA,1,-34.224
781,L81026,Mesalazine_Tab E/C 800mg,0105010B0AAASAS,1,-36.89999999999999
782,L81130,Mesalazine_Tab E/C 800mg,0105010B0AAASAS,1,-45.91999999999999
