,practice_code,bnf_description,bnf_code,items,excess_cost
0,E84002,Amiodarone HCl_Tab 200mg,0203020D0AAABAB,4,2.450000000000002
1,E84002,Amlodipine_Tab 5mg,0206020A0AAAAAA,2,0.008600000000000135
2,E84002,Clonazepam_Tab 500mcg,0408010F0AAABAB,7,6.825199999999987
3,E84002,Pyridox HCl_Tab 50mg,0906024N0AAAIAI,1,1.4364000000000003
4,E84003,Amiodarone HCl_Tab 200mg,0203020D0AAABAB,6,1.7388000000000012
5,E84003,Amlodipine_Tab 5mg,0206020A0AAAAAA,94,-0.17339999999999658
6,E84003,Clonazepam_Tab 500mcg,0408010F0AAABAB,5,2.1356999999999955
7,E84003,Mesalazine_Tab E/C 400mg,0105010B0AAAAAA,1,47.913599999999995
8,E84003,Pyridox HCl_Tab 50mg,0906024N0AAAIAI,5,0.22720000000000073
9,E84006,Amiodarone HCl_Tab 200mg,0203020D0AAABAB,13,3.127600000000002
10,E84006,Amlodipine_Tab 5mg,0206020A0AAAAAA,254,-0.47659999999999053
11,E84006,Clonazepam_Tab 500mcg,0408010F0AAABAB,23,9.932799999999979
12,E84006,Co-Careldopa_Tab 25mg/100mg,0409010N0AAABAB,9,0.04300000000000123
13,E84006,Glibenclamide_Tab 2.5mg,0601021H0AAAAAA,2,1.4000000000000012
14,E84006,Mesalazine_Tab E/C 400mg,0105010B0AAAAAA,3,42.75599999999999
15,E84006,Mesalazine_Tab E/C 800mg,0105010B0AAASAS,1,-36.89999999999999
16,E84006,Pyridox HCl_Tab 50mg,0906024N0AAAIAI,9,1.860400000000002
17,E84007,Amiodarone HCl_Tab 200mg,0203020D0AAABAB,9,1.2929000000000006
18,E84007,Amlodipine_Tab 5mg,0206020A0AAAAAA,91,-0.15619999999999665
19,E84007,Clonazepam_Tab 500mcg,0408010F0AAABAB,9,4.70729999999999
20,E84007,Pyridox HCl_Tab 50mg,0906024N0AAAIAI,3,1.5780000000000007
21,E84011,Amiodarone HCl_Tab 200mg,0203020D0AAABAB,5,1.4847000000000012
22,E84011,Amlodipine_Tab 5mg,0206020A0AAAAAA,22,-0.046199999999999186
23,E84011,Glibenclamide_Tab 2.5mg,0601021H0AAAAAA,1,2.8000000000000025
24,E84011,Pyridox HCl_Tab 50mg,0906024N0AAAIAI,1,0.4788000000000001
25,E84012,Amiodarone HCl_Tab 200mg,0203020D0AAABAB,6,2.0041000000000015
26,E84012,Amlodipine_Tab 5mg,0206020A0AAAAAA,69,-0.13719999999999744
27,E84012,Clonazepam_Tab 500mcg,0408010F0AAABAB,1,0.15819999999999967
28,E84012,Co-Careldopa_Tab 25mg/100mg,0409010N0AAABAB,4,0.00560000000000016
29,E84012,Mesalazine_Tab E/C 400mg,0105010B0AAAAAA,1,-34.224
30,E84013,Amiodarone HCl_Tab 200mg,0203020D0AAABAB,11,1.727600000000001
31,E84013,Amlodipine_Tab 5mg,0206020A0AAAAAA,109,-0.22119999999999596
32,E84013,Clonazepam_Tab 500mcg,0408010F0AAABAB,15,3.6385999999999923
33,E84013,Mesalazine_Tab E/C 800mg,0105010B0AAASAS,1,34.43999999999999
34,E84013,Pyridox HCl_Tab 50mg,0906024N0AAAIAI,1,0.1416000000000004
35,E84013,Topiramate_Tab 200mg,040801050AAACAC,1,2.489999999999999
36,E84015,Amiodarone HCl_Tab 200mg,0203020D0AAABAB,5,2.1084000000000014
37,E84015,Amlodipine_Tab 5mg,0206020A0AAAAAA,32,0.17920000000000202
38,E84015,Clonazepam_Tab 500mcg,0408010F0AAABAB,14,4.309099999999992
39,E84015,Co-Careldopa_Tab 25mg/100mg,0409010N0AAABAB,12,-0.01749999999999574
40,E84015,Pyridox HCl_Tab 50mg,0906024N0AAAIAI,2,0.17440000000000055
41,E84017,Amiodarone HCl_Tab 200mg,0203020D0AAABAB,2,0.4347000000000003
42,E84017,Amlodipine_Tab 5mg,0206020A0AAAAAA,72,-0.08149999999999699
43,E84017,Clonazepam_Tab 500mcg,0408010F0AAABAB,1,0.6327999999999987
44,E84017,Glibenclamide_Tab 2.5mg,0601021H0AAAAAA,3,5.600000000000005
45,E84020,Amiodarone HCl_Tab 200mg,0203020D0AAABAB,3,1.4000000000000012
46,E84020,Amlodipine_Tab 5mg,0206020A0AAAAAA,28,-0.058799999999998964
47,E84020,Clonazepam_Tab 500mcg,0408010F0AAABAB,9,3.5820999999999925
48,E84020,Mesalazine_Tab E/C 400mg,0105010B0AAAAAA,1,-51.33599999999999
49,E84020,Pyridox HCl_Tab 50mg,0906024N0AAAIAI,3,0.48960000000000203
50,E84020,Topiramate_Tab 200mg,040801050AAACAC,4,2.307200000000001
51,E84021,Amiodarone HCl_Tab 200mg,0203020D0AAABAB,10,2.0776000000000012
52,E84021,Amlodipine_Tab 5mg,0206020A0AAAAAA,113,-0.20649999999999571
53,E84021,Clonazepam_Tab 500mcg,0408010F0AAABAB,8,2.135799999999996
54,E84021,Glibenclamide_Tab 2.5mg,0601021H0AAAAAA,1,2.100000000000002
55,E84021,Mesalazine_Tab E/C 400mg,0105010B0AAAAAA,1,-15.971199999999998
56,E84021,Pyridox HCl_Tab 50mg,0906024N0AAAIAI,9,2.1306000000000016
57,E84021,Risperidone_Tab 6mg,040201030AAAFAF,1,4.1744
58,E84023,Amiodarone HCl_Tab 200mg,0203020D0AAABAB,1,1.4000000000000012
59,E84023,Amlodipine_Tab 5mg,0206020A0AAAAAA,67,35.725900000000024
60,E84023,Clonazepam_Tab 500mcg,0408010F0AAABAB,5,0.6327999999999987
61,E84023,Mesalazine_Tab E/C 400mg,0105010B0AAAAAA,1,47.913599999999995
62,E84025,Amiodarone HCl_Tab 200mg,0203020D0AAABAB,3,2.8000000000000025
63,E84025,Amlodipine_Tab 5mg,0206020A0AAAAAA,18,-0.03149999999999925
64,E84025,Clonazepam_Tab 500mcg,0408010F0AAABAB,4,2.8299999999999934
65,E84025,Glibenclamide_Tab 2.5mg,0601021H0AAAAAA,1,1.4000000000000012
66,E84025,Mesalazine_Tab E/C 800mg,0105010B0AAASAS,2,88.55999999999997
67,E84025,Pyridox HCl_Tab 50mg,0906024N0AAAIAI,1,1.4364000000000003
68,E84028,Amiodarone HCl_Tab 200mg,0203020D0AAABAB,13,2.0664000000000007
69,E84028,Amlodipine_Tab 5mg,0206020A0AAAAAA,76,-0.1595999999999972
70,E84028,Clonazepam_Tab 500mcg,0408010F0AAABAB,3,1.6045999999999967
71,E84028,Pyridox HCl_Tab 50mg,0906024N0AAAIAI,1,0.11970000000000003
72,E84030,Amiodarone HCl_Tab 200mg,0203020D0AAABAB,11,1.5470000000000006
73,E84030,Amlodipine_Tab 5mg,0206020A0AAAAAA,109,-0.22889999999999597
74,E84030,Clonazepam_Tab 500mcg,0408010F0AAABAB,4,3.0283999999999938
75,E84031,Amiodarone HCl_Tab 200mg,0203020D0AAABAB,6,0.5082
76,E84031,Amlodipine_Tab 5mg,0206020A0AAAAAA,143,-0.3002999999999947
77,E84031,Clonazepam_Tab 500mcg,0408010F0AAABAB,3,2.395599999999995
78,E84031,Co-Careldopa_Tab 25mg/100mg,0409010N0AAABAB,4,-0.011199999999998766
79,E84031,Pyridox HCl_Tab 50mg,0906024N0AAAIAI,6,0.48900000000000143
80,E84032,Amiodarone HCl_Tab 200mg,0203020D0AAABAB,3,0.2541
81,E84032,Amlodipine_Tab 5mg,0206020A0AAAAAA,53,-0.06509999999999788
82,E84032,Clonazepam_Tab 500mcg,0408010F0AAABAB,11,6.418399999999987
83,E84032,Mesalazine_Tab E/C 800mg,0105010B0AAASAS,1,-36.89999999999999
84,E84032,Pyridox HCl_Tab 50mg,0906024N0AAAIAI,7,1.0218000000000005
85,E84033,Amiodarone HCl_Tab 200mg,0203020D0AAABAB,5,0.4235
86,E84033,Amlodipine_Tab 5mg,0206020A0AAAAAA,27,-0.056699999999999
87,E84033,Clonazepam_Tab 500mcg,0408010F0AAABAB,8,1.6543999999999972
88,E84033,Co-Careldopa_Tab 25mg/100mg,0409010N0AAABAB,4,-0.013999999999998458
89,E84033,Pyridox HCl_Tab 50mg,0906024N0AAAIAI,4,0.2624000000000013
90,E84036,Amiodarone HCl_Tab 200mg,0203020D0AAABAB,12,2.3520000000000016
91,E84036,Amlodipine_Tab 5mg,0206020A0AAAAAA,43,-0.05179999999999828
92,E84036,Clonazepam_Tab 500mcg,0408010F0AAABAB,9,2.2147999999999954
93,E84036,Pyridox HCl_Tab 50mg,0906024N0AAAIAI,9,0.41360000000000197
94,E84042,Amiodarone HCl_Tab 200mg,0203020D0AAABAB,2,0.7000000000000006
95,E84042,Clonazepam_Tab 500mcg,0408010F0AAABAB,3,1.6045999999999967
96,E84048,Amiodarone HCl_Tab 200mg,0203020D0AAABAB,2,1.4000000000000012
97,E84048,Amlodipine_Tab 5mg,0206020A0AAAAAA,32,-0.06719999999999882
98,E84048,Clonazepam_Tab 500mcg,0408010F0AAABAB,5,2.2727999999999953
99,E84048,Pyridox HCl_Tab 50mg,0906024N0AAAIAI,7,0.43440000000000145
100,E84048,Topiramate_Tab 200mg,040801050AAACAC,1,2.3183999999999996
101,E84049,Amlodipine_Tab 5mg,0206020A0AAAAAA,77,-0.16169999999999715
102,E84049,Clonazepam_Tab 500mcg,0408010F0AAABAB,8,0.33919999999999995
103,E84049,Mesalazine_Tab E/C 400mg,0105010B0AAAAAA,1,23.956799999999998
104,E84049,Pyridox HCl_Tab 50mg,0906024N0AAAIAI,9,0.3128000000000011
105,E84049,Risperidone_Tab 6mg,040201030AAAFAF,1,58.4192
106,E84051,Amlodipine_Tab 5mg,0206020A0AAAAAA,42,-0.05739999999999834
107,E84051,Clonazepam_Tab 500mcg,0408010F0AAABAB,9,2.847599999999994
108,E84051,Pyridox HCl_Tab 50mg,0906024N0AAAIAI,5,0.22720000000000073
109,E84051,Topiramate_Tab 200mg,040801050AAACAC,1,4.979999999999998
110,E84063,Amlodipine_Tab 5mg,0206020A0AAAAAA,25,-0.052499999999999075
111,E84063,Glibenclamide_Tab 2.5mg,0601021H0AAAAAA,3,1.050000000000001
112,E84063,Mesalazine_Tab E/C 400mg,0105010B0AAAAAA,7,-53.877599999999994
113,E84063,Mesalazine_Tab E/C 800mg,0105010B0AAASAS,1,22.959999999999994
114,E84063,Pyridox HCl_Tab 50mg,0906024N0AAAIAI,1,2.8728000000000007
115,E84066,Amiodarone HCl_Tab 200mg,0203020D0AAABAB,5,1.388800000000001
116,E84066,Amlodipine_Tab 5mg,0206020A0AAAAAA,125,-0.13929999999999496
117,E84066,Clonazepam_Tab 500mcg,0408010F0AAABAB,13,3.1011999999999933
118,E84066,Co-Careldopa_Tab 25mg/100mg,0409010N0AAABAB,16,0.01120000000000343
119,E84066,Glibenclamide_Tab 2.5mg,0601021H0AAAAAA,1,2.8000000000000025
120,E84066,Mesalazine_Tab E/C 400mg,0105010B0AAAAAA,2,39.3576
121,E84066,Mesalazine_Tab E/C 800mg,0105010B0AAASAS,2,12.288
122,E84066,Pyridox HCl_Tab 50mg,0906024N0AAAIAI,5,3.9616000000000016
123,E84067,Amiodarone HCl_Tab 200mg,0203020D0AAABAB,1,0.7000000000000006
124,E84067,Amlodipine_Tab 5mg,0206020A0AAAAAA,68,-0.14279999999999748
125,E84067,Clonazepam_Tab 500mcg,0408010F0AAABAB,12,3.968799999999993
126,E84067,Co-Careldopa_Tab 25mg/100mg,0409010N0AAABAB,8,1.5543122344752192e-15
127,E84067,Glibenclamide_Tab 2.5mg,0601021H0AAAAAA,1,0.7000000000000006
128,E84067,Mesalazine_Tab E/C 400mg,0105010B0AAAAAA,1,-51.33599999999999
129,E84067,Pyridox HCl_Tab 50mg,0906024N0AAAIAI,4,1.240800000000001
130,E84074,Amiodarone HCl_Tab 200mg,0203020D0AAABAB,3,1.050000000000001
131,E84074,Amlodipine_Tab 5mg,0206020A0AAAAAA,75,-0.15749999999999723
132,E84074,Clonazepam_Tab 500mcg,0408010F0AAABAB,8,2.847599999999994
133,E84074,Glibenclamide_Tab 2.5mg,0601021H0AAAAAA,1,0.7000000000000006
134,E84074,Pyridox HCl_Tab 50mg,0906024N0AAAIAI,4,0.4904000000000015
135,E84074,Risperidone_Tab 6mg,040201030AAAFAF,1,29.2096
136,E84076,Amlodipine_Tab 5mg,0206020A0AAAAAA,77,-0.16169999999999715
137,E84076,Clonazepam_Tab 500mcg,0408010F0AAABAB,12,4.81379999999999
138,E84076,Mesalazine_Tab E/C 400mg,0105010B0AAAAAA,1,-38.501999999999995
139,E84076,Pyridox HCl_Tab 50mg,0906024N0AAAIAI,4,0.08560000000000034
140,E84077,Amlodipine_Tab 5mg,0206020A0AAAAAA,18,-0.037799999999999334
141,E84077,Clonazepam_Tab 500mcg,0408010F0AAABAB,2,1.423799999999997
142,E84078,Amiodarone HCl_Tab 200mg,0203020D0AAABAB,1,0.3500000000000003
143,E84078,Amlodipine_Tab 5mg,0206020A0AAAAAA,6,0.025900000000000353
144,E84078,Clonazepam_Tab 500mcg,0408010F0AAABAB,1,0.31639999999999935
145,E84080,Amlodipine_Tab 5mg,0206020A0AAAAAA,59,-0.09309999999999771
146,E84080,Clonazepam_Tab 500mcg,0408010F0AAABAB,7,5.695199999999988
147,E84080,Co-Careldopa_Tab 25mg/100mg,0409010N0AAABAB,1,79.25399999999999
148,E84080,Topiramate_Tab 200mg,040801050AAACAC,8,9.318399999999993
149,E84083,Amlodipine_Tab 5mg,0206020A0AAAAAA,45,-0.02479999999999799
150,E84083,Clonazepam_Tab 500mcg,0408010F0AAABAB,5,5.152799999999989
151,E84083,Pyridox HCl_Tab 50mg,0906024N0AAAIAI,1,0.1416000000000004
152,E84086,Amiodarone HCl_Tab 200mg,0203020D0AAABAB,2,0.7000000000000006
153,E84086,Amlodipine_Tab 5mg,0206020A0AAAAAA,24,-0.05039999999999911
154,E84086,Clonazepam_Tab 500mcg,0408010F0AAABAB,13,11.254799999999976
155,E84620,Amiodarone HCl_Tab 200mg,0203020D0AAABAB,8,0.6776
156,E84620,Amlodipine_Tab 5mg,0206020A0AAAAAA,44,-0.09239999999999837
157,E84620,Clonazepam_Tab 500mcg,0408010F0AAABAB,18,4.745999999999991
158,E84620,Co-Careldopa_Tab 25mg/100mg,0409010N0AAABAB,1,0.00280000000000008
159,E84620,Pyridox HCl_Tab 50mg,0906024N0AAAIAI,5,0.22720000000000073
160,E84620,Risperidone_Tab 6mg,040201030AAAFAF,8,58.464
161,E84624,Amlodipine_Tab 5mg,0206020A0AAAAAA,79,-0.16589999999999708
162,E84624,Clonazepam_Tab 500mcg,0408010F0AAABAB,5,0.9605999999999983
163,E84626,Amiodarone HCl_Tab 200mg,0203020D0AAABAB,5,0.4235
164,E84626,Amlodipine_Tab 5mg,0206020A0AAAAAA,55,-0.11549999999999797
165,E84626,Clonazepam_Tab 500mcg,0408010F0AAABAB,5,1.446399999999997
166,E84626,Co-Careldopa_Tab 25mg/100mg,0409010N0AAABAB,7,0.03920000000000112
167,E84626,Pyridox HCl_Tab 50mg,0906024N0AAAIAI,5,0.5002000000000002
168,E84635,Amiodarone HCl_Tab 200mg,0203020D0AAABAB,1,0.3500000000000003
169,E84635,Amlodipine_Tab 5mg,0206020A0AAAAAA,24,0.0035000000000010717
170,E84635,Clonazepam_Tab 500mcg,0408010F0AAABAB,5,0.7909999999999984
171,E84637,Amiodarone HCl_Tab 200mg,0203020D0AAABAB,5,0.6888000000000003
172,E84637,Amlodipine_Tab 5mg,0206020A0AAAAAA,39,-0.043399999999998426
173,E84638,Amlodipine_Tab 5mg,0206020A0AAAAAA,40,-0.08399999999999852
174,E84638,Co-Careldopa_Tab 25mg/100mg,0409010N0AAABAB,8,-0.025199999999997225
175,E84638,Pyridox HCl_Tab 50mg,0906024N0AAAIAI,6,0.3688000000000011
176,E84645,Amiodarone HCl_Tab 200mg,0203020D0AAABAB,5,0.6888000000000003
177,E84645,Amlodipine_Tab 5mg,0206020A0AAAAAA,38,-0.0797999999999986
178,E84645,Clonazepam_Tab 500mcg,0408010F0AAABAB,25,4.74599999999999
179,E84645,Co-Careldopa_Tab 25mg/100mg,0409010N0AAABAB,4,-0.027999999999996916
180,E84645,Glibenclamide_Tab 2.5mg,0601021H0AAAAAA,10,5.250000000000005
181,E84645,Mesalazine_Tab E/C 400mg,0105010B0AAAAAA,1,47.913599999999995
182,E84645,Pyridox HCl_Tab 50mg,0906024N0AAAIAI,1,0.1416000000000004
183,E84656,Clonazepam_Tab 500mcg,0408010F0AAABAB,3,1.1073999999999977
184,E84665,Amiodarone HCl_Tab 200mg,0203020D0AAABAB,5,1.0388000000000006
185,E84665,Amlodipine_Tab 5mg,0206020A0AAAAAA,88,-0.1458999999999965
186,E84665,Clonazepam_Tab 500mcg,0408010F0AAABAB,2,0.6327999999999987
187,E84665,Co-Careldopa_Tab 25mg/100mg,0409010N0AAABAB,8,0.03360000000000096
188,E84665,Glibenclamide_Tab 2.5mg,0601021H0AAAAAA,4,0.3695999999999997
189,E84665,Mesalazine_Tab E/C 400mg,0105010B0AAAAAA,2,17.111999999999995
190,E84665,Mesalazine_Tab E/C 800mg,0105010B0AAASAS,1,-36.89999999999999
191,E84665,Pyridox HCl_Tab 50mg,0906024N0AAAIAI,9,1.021700000000001
192,E84667,Amlodipine_Tab 5mg,0206020A0AAAAAA,8,-0.016799999999999704
193,E84667,Clonazepam_Tab 500mcg,0408010F0AAABAB,1,0.31639999999999935
194,E84669,Pyridox HCl_Tab 50mg,0906024N0AAAIAI,1,0.06560000000000032
195,E84674,Amiodarone HCl_Tab 200mg,0203020D0AAABAB,1,0.7000000000000006
196,E84674,Amlodipine_Tab 5mg,0206020A0AAAAAA,18,-0.037799999999999334
197,E84674,Clonazepam_Tab 500mcg,0408010F0AAABAB,8,4.79119999999999
198,E84678,Amlodipine_Tab 5mg,0206020A0AAAAAA,34,-0.07139999999999874
199,E84678,Clonazepam_Tab 500mcg,0408010F0AAABAB,3,2.5763999999999947
200,E84678,Co-Careldopa_Tab 25mg/100mg,0409010N0AAABAB,4,0.01680000000000048
201,E84678,Glibenclamide_Tab 2.5mg,0601021H0AAAAAA,1,2.8000000000000025
202,E84684,Amiodarone HCl_Tab 200mg,0203020D0AAABAB,4,0.3388
203,E84684,Amlodipine_Tab 5mg,0206020A0AAAAAA,31,-0.05739999999999883
204,E84684,Pyridox HCl_Tab 50mg,0906024N0AAAIAI,1,0.06560000000000032
205,E84685,Amiodarone HCl_Tab 200mg,0203020D0AAABAB,11,1.5470000000000006
206,E84685,Amlodipine_Tab 5mg,0206020A0AAAAAA,32,-0.06719999999999882
207,E84685,Clonazepam_Tab 500mcg,0408010F0AAABAB,12,2.3843999999999954
208,E84685,Co-Careldopa_Tab 25mg/100mg,0409010N0AAABAB,4,-0.011199999999998766
209,E84685,Mesalazine_Tab E/C 800mg,0105010B0AAASAS,1,11.479999999999997
210,E84685,Pyridox HCl_Tab 50mg,0906024N0AAAIAI,5,1.3720000000000017
211,E84685,Topiramate_Tab 200mg,040801050AAACAC,1,2.3183999999999996
212,E84699,Amlodipine_Tab 5mg,0206020A0AAAAAA,17,-0.03569999999999937
213,E84699,Clonazepam_Tab 500mcg,0408010F0AAABAB,2,0.6779999999999986
214,E84701,Amiodarone HCl_Tab 200mg,0203020D0AAABAB,5,0.6888000000000003
215,E84701,Amlodipine_Tab 5mg,0206020A0AAAAAA,13,-0.02729999999999952
216,E84701,Co-Careldopa_Tab 25mg/100mg,0409010N0AAABAB,17,-0.0013999999999957657
217,E84701,Pyridox HCl_Tab 50mg,0906024N0AAAIAI,1,0.4788000000000001
218,E84702,Amlodipine_Tab 5mg,0206020A0AAAAAA,21,-0.00229999999999915
219,E84702,Clonazepam_Tab 500mcg,0408010F0AAABAB,3,2.5763999999999947
220,E84702,Topiramate_Tab 200mg,040801050AAACAC,1,2.489999999999999
221,E84704,Amlodipine_Tab 5mg,0206020A0AAAAAA,12,-0.025199999999999556
222,E84705,Amlodipine_Tab 5mg,0206020A0AAAAAA,4,-0.008399999999999852
223,E84705,Co-Careldopa_Tab 25mg/100mg,0409010N0AAABAB,4,-0.011199999999998766
224,E84705,Pyridox HCl_Tab 50mg,0906024N0AAAIAI,1,1.9152000000000005
225,E84709,Amiodarone HCl_Tab 200mg,0203020D0AAABAB,4,1.4000000000000012
226,E84709,Amlodipine_Tab 5mg,0206020A0AAAAAA,4,-0.008399999999999852
227,E84709,Clonazepam_Tab 500mcg,0408010F0AAABAB,5,2.9153999999999938
228,E84709,Mesalazine_Tab E/C 400mg,0105010B0AAAAAA,1,47.913599999999995
229,E84709,Pyridox HCl_Tab 50mg,0906024N0AAAIAI,1,0.4788000000000001
230,Y00206,Amiodarone HCl_Tab 200mg,0203020D0AAABAB,3,0.8792000000000006
231,Y00206,Amlodipine_Tab 5mg,0206020A0AAAAAA,3,-0.006299999999999889
232,Y00206,Clonazepam_Tab 500mcg,0408010F0AAABAB,1,0.497199999999999
233,Y00206,Pyridox HCl_Tab 50mg,0906024N0AAAIAI,3,11.828800000000003
234,Y01090,Amiodarone HCl_Tab 200mg,0203020D0AAABAB,1,0.7000000000000006
235,Y01090,Amlodipine_Tab 5mg,0206020A0AAAAAA,14,-0.029399999999999482
236,Y01090,Clonazepam_Tab 500mcg,0408010F0AAABAB,4,0.8700999999999982
237,Y02692,Amlodipine_Tab 5mg,0206020A0AAAAAA,1,-0.002099999999999963
238,Y02692,Clonazepam_Tab 500mcg,0408010F0AAABAB,1,0.949199999999998
239,Y02692,Pyridox HCl_Tab 50mg,0906024N0AAAIAI,1,0.1416000000000004
240,Y05660,Amlodipine_Tab 5mg,0206020A0AAAAAA,2,0.0035000000000001003
