,practice_code,bnf_description,bnf_code,items,excess_cost
0,B86001,Atorvastatin_Tab 10mg,0212000B0AAAAAA,11,11.646600000000001
1,B86001,Atorvastatin_Tab 20mg,0212000B0AAABAB,48,47.84640000000001
2,B86001,Atorvastatin_Tab 80mg,0212000B0AAADAD,11,0.02310000000000066
3,B86001,Memantine HCl_Tab 20mg,0411000G0AAADAD,1,0.004899999999999995
4,B86001,Paracet_Tab 500mg,0407010H0AAAMAM,44,-0.14479999999999912
5,B86001,Prednisolone_Tab Solb 5mg,0603020T0AABHBH,2,-0.007199999999999207
6,B86001,Pregabalin_Cap 75mg,0408010AEAAACAC,7,0.02799999999999983
7,B86002,Atorvastatin_Tab 10mg,0212000B0AAAAAA,58,11.530400000000004
8,B86002,Atorvastatin_Tab 20mg,0212000B0AAABAB,188,22.635200000000026
9,B86002,Atorvastatin_Tab 80mg,0212000B0AAADAD,10,0.014000000000000401
10,B86002,Paracet_Tab 500mg,0407010H0AAAMAM,370,19.498000000000037
11,B86002,Prednisolone_Tab Solb 5mg,0603020T0AABHBH,2,-0.0011999999999998678
12,B86002,Pregabalin_Cap 75mg,0408010AEAAACAC,5,-0.0105000000000003
13,B86003,Atorvastatin_Tab 10mg,0212000B0AAAAAA,23,0.048300000000000266
14,B86003,Atorvastatin_Tab 20mg,0212000B0AAABAB,4,-0.002799999999999782
15,B86003,Atorvastatin_Tab 80mg,0212000B0AAADAD,101,0.21210000000000606
16,B86003,Losartan Pot_Tab 100mg,0205052N0AAADAD,15,0.08400000000000021
17,B86003,Memantine HCl_Tab 20mg,0411000G0AAADAD,31,0.1439999999999999
18,B86003,Paracet_Tab 500mg,0407010H0AAAMAM,30,0.0831999999999995
19,B86003,Prednisolone_Tab Solb 5mg,0603020T0AABHBH,2,-0.009599999999998943
20,B86003,Pregabalin_Cap 75mg,0408010AEAAACAC,44,0.10239999999999938
21,B86004,Atorvastatin_Tab 10mg,0212000B0AAAAAA,10,0.01290000000000014
22,B86004,Memantine HCl_Tab 20mg,0411000G0AAADAD,16,0.07839999999999991
23,B86004,Paracet_Tab 500mg,0407010H0AAAMAM,338,199.676
24,B86004,Prednisolone_Tab Solb 5mg,0603020T0AABHBH,3,239.77880000000005
25,B86004,Pregabalin_Cap 75mg,0408010AEAAACAC,3,0.012799999999999923
26,B86005,Atorvastatin_Tab 10mg,0212000B0AAAAAA,9,0.02520000000000014
27,B86005,Atorvastatin_Tab 20mg,0212000B0AAABAB,105,22.638000000000016
28,B86005,Atorvastatin_Tab 40mg,0212000B0AAACAC,59,0.4956000000000027
29,B86005,Paracet_Tab 500mg,0407010H0AAAMAM,2,0.011999999999999927
30,B86005,Prednisolone_Tab Solb 5mg,0603020T0AABHBH,1,-0.004799999999999471
31,B86006,Atorvastatin_Tab 10mg,0212000B0AAAAAA,62,23.1147
32,B86006,Atorvastatin_Tab 20mg,0212000B0AAABAB,138,0.38640000000001107
33,B86006,Atorvastatin_Tab 40mg,0212000B0AAACAC,54,1.2095999999999927
34,B86006,Atorvastatin_Tab 80mg,0212000B0AAADAD,2,0.00420000000000012
35,B86006,Memantine HCl_Tab 20mg,0411000G0AAADAD,6,0.029399999999999968
36,B86006,Paracet_Tab 500mg,0407010H0AAAMAM,736,104.23720000000012
37,B86006,Prednisolone_Tab Solb 5mg,0603020T0AABHBH,2,0.0032999999999996366
38,B86006,Pregabalin_Cap 75mg,0408010AEAAACAC,2,89.9136
39,B86007,Atorvastatin_Tab 10mg,0212000B0AAAAAA,42,0.08820000000000049
40,B86007,Atorvastatin_Tab 80mg,0212000B0AAADAD,77,0.17010000000000486
41,B86007,Losartan Pot_Tab 100mg,0205052N0AAADAD,17,0.09520000000000026
42,B86007,Memantine HCl_Tab 20mg,0411000G0AAADAD,38,64.0465
43,B86007,Paracet_Tab 500mg,0407010H0AAAMAM,760,162.2246000000001
44,B86007,Pregabalin_Cap 75mg,0408010AEAAACAC,6,0.0335999999999998
45,B86008,Atorvastatin_Tab 10mg,0212000B0AAAAAA,55,0.11760000000000065
46,B86008,Atorvastatin_Tab 80mg,0212000B0AAADAD,74,0.15540000000000445
47,B86008,Losartan Pot_Tab 100mg,0205052N0AAADAD,15,0.07540000000000033
48,B86008,Memantine HCl_Tab 20mg,0411000G0AAADAD,31,0.15189999999999984
49,B86008,Paracet_Tab 500mg,0407010H0AAAMAM,72,0.24279999999999852
50,B86008,Prednisolone_Tab Solb 5mg,0603020T0AABHBH,5,-0.02159999999999762
51,B86008,Pregabalin_Cap 75mg,0408010AEAAACAC,6,0.0335999999999998
52,B86008,Risperidone_Tab 6mg,040201030AAAFAF,1,29.2096
53,B86009,Atorvastatin_Tab 10mg,0212000B0AAAAAA,4,0.008400000000000046
54,B86009,Atorvastatin_Tab 80mg,0212000B0AAADAD,9,0.01890000000000054
55,B86009,Memantine HCl_Tab 20mg,0411000G0AAADAD,12,0.04909999999999997
56,B86009,Paracet_Tab 500mg,0407010H0AAAMAM,220,22.57180000000004
57,B86009,Pregabalin_Cap 75mg,0408010AEAAACAC,7,0.030799999999999814
58,B86010,Atorvastatin_Tab 10mg,0212000B0AAAAAA,18,0.03780000000000021
59,B86010,Atorvastatin_Tab 80mg,0212000B0AAADAD,25,0.052500000000001504
60,B86010,Losartan Pot_Tab 100mg,0205052N0AAADAD,3,0.016800000000000044
61,B86010,Memantine HCl_Tab 20mg,0411000G0AAADAD,4,0.01959999999999998
62,B86010,Paracet_Tab 500mg,0407010H0AAAMAM,56,-0.13159999999999922
63,B86010,Prednisolone_Tab Solb 5mg,0603020T0AABHBH,1,-0.0011999999999998678
64,B86010,Pregabalin_Cap 75mg,0408010AEAAACAC,11,0.06159999999999963
65,B86011,Atorvastatin_Tab 80mg,0212000B0AAADAD,9,0.01890000000000054
66,B86011,Memantine HCl_Tab 20mg,0411000G0AAADAD,4,0.01959999999999998
67,B86011,Paracet_Tab 500mg,0407010H0AAAMAM,30,-0.04679999999999972
68,B86011,Prednisolone_Tab Solb 5mg,0603020T0AABHBH,2,-0.009599999999998943
69,B86012,Atorvastatin_Tab 10mg,0212000B0AAAAAA,9,0.02000000000000013
70,B86012,Atorvastatin_Tab 20mg,0212000B0AAABAB,1,0.00440000000000005
71,B86012,Atorvastatin_Tab 40mg,0212000B0AAACAC,2,-0.0059999999999997555
72,B86012,Losartan Pot_Tab 100mg,0205052N0AAADAD,42,29.615100000000005
73,B86012,Memantine HCl_Tab 20mg,0411000G0AAADAD,12,127.78079999999999
74,B86012,Paracet_Tab 500mg,0407010H0AAAMAM,934,88.03480000000022
75,B86012,Prednisolone_Tab Solb 5mg,0603020T0AABHBH,8,71.922
76,B86013,Atorvastatin_Tab 10mg,0212000B0AAAAAA,28,0.058800000000000324
77,B86013,Atorvastatin_Tab 20mg,0212000B0AAABAB,404,1.7920000000000413
78,B86013,Atorvastatin_Tab 80mg,0212000B0AAADAD,89,2.0558999999999985
79,B86013,Losartan Pot_Tab 100mg,0205052N0AAADAD,77,213.79259999999996
80,B86013,Memantine HCl_Tab 20mg,0411000G0AAADAD,24,0.11759999999999987
81,B86013,Paracet_Tab 500mg,0407010H0AAAMAM,420,102.23800000000003
82,B86013,Prednisolone_Tab Solb 5mg,0603020T0AABHBH,7,-0.005099999999999438
83,B86013,Pregabalin_Cap 75mg,0408010AEAAACAC,3,0.02439999999999798
84,B86013,Risperidone_Tab 6mg,040201030AAAFAF,1,29.2096
85,B86014,Atorvastatin_Tab 10mg,0212000B0AAAAAA,12,0.02520000000000014
86,B86014,Atorvastatin_Tab 20mg,0212000B0AAABAB,135,90.2548
87,B86014,Atorvastatin_Tab 80mg,0212000B0AAADAD,85,49.68800000000002
88,B86014,Losartan Pot_Tab 100mg,0205052N0AAADAD,5,0.028000000000000073
89,B86014,Memantine HCl_Tab 20mg,0411000G0AAADAD,12,0.04699999999999997
90,B86014,Paracet_Tab 500mg,0407010H0AAAMAM,396,16.341600000000014
91,B86014,Prednisolone_Tab Solb 5mg,0603020T0AABHBH,3,-0.005399999999999405
92,B86015,Atorvastatin_Tab 10mg,0212000B0AAAAAA,36,0.06750000000000043
93,B86015,Atorvastatin_Tab 40mg,0212000B0AAACAC,1,0.006000000000000172
94,B86015,Atorvastatin_Tab 80mg,0212000B0AAADAD,195,0.39630000000001137
95,B86015,Losartan Pot_Tab 100mg,0205052N0AAADAD,40,0.2240000000000006
96,B86015,Memantine HCl_Tab 20mg,0411000G0AAADAD,39,0.1910999999999998
97,B86015,Paracet_Tab 500mg,0407010H0AAAMAM,806,74.85400000000013
98,B86015,Prednisolone_Tab Solb 5mg,0603020T0AABHBH,1,0.0035999999999996035
99,B86015,Pregabalin_Cap 75mg,0408010AEAAACAC,43,0.1035999999999982
100,B86015,Risperidone_Tab 6mg,040201030AAAFAF,5,36.54
101,B86016,Atorvastatin_Tab 10mg,0212000B0AAAAAA,40,0.08400000000000046
102,B86016,Atorvastatin_Tab 80mg,0212000B0AAADAD,80,3.7058000000000177
103,B86016,Losartan Pot_Tab 100mg,0205052N0AAADAD,35,26.936000000000003
104,B86016,Memantine HCl_Tab 20mg,0411000G0AAADAD,14,47.9808
105,B86016,Paracet_Tab 500mg,0407010H0AAAMAM,338,3.460400000000053
106,B86016,Pregabalin_Cap 75mg,0408010AEAAACAC,12,85.15079999999999
107,B86016,Risperidone_Tab 6mg,040201030AAAFAF,1,29.2096
108,B86017,Atorvastatin_Tab 10mg,0212000B0AAAAAA,27,0.05670000000000031
109,B86017,Atorvastatin_Tab 20mg,0212000B0AAABAB,49,0.5488000000000062
110,B86017,Atorvastatin_Tab 40mg,0212000B0AAACAC,35,-0.048999999999999946
111,B86017,Atorvastatin_Tab 80mg,0212000B0AAADAD,111,24.981600000000004
112,B86017,Losartan Pot_Tab 100mg,0205052N0AAADAD,23,0.12880000000000033
113,B86017,Memantine HCl_Tab 20mg,0411000G0AAADAD,18,0.0881999999999999
114,B86017,Paracet_Tab 500mg,0407010H0AAAMAM,548,193.72960000000006
115,B86017,Prednisolone_Tab Solb 5mg,0603020T0AABHBH,2,119.90449999999997
116,B86017,Pregabalin_Cap 75mg,0408010AEAAACAC,20,0.09239999999999944
117,B86018,Atorvastatin_Tab 10mg,0212000B0AAAAAA,50,0.10500000000000058
118,B86018,Atorvastatin_Tab 80mg,0212000B0AAADAD,91,0.1911000000000055
119,B86018,Losartan Pot_Tab 100mg,0205052N0AAADAD,16,0.08960000000000024
120,B86018,Memantine HCl_Tab 20mg,0411000G0AAADAD,15,0.07349999999999993
121,B86018,Paracet_Tab 500mg,0407010H0AAAMAM,22,0.05959999999999964
122,B86018,Prednisolone_Tab Solb 5mg,0603020T0AABHBH,2,-0.006199999999999317
123,B86018,Pregabalin_Cap 75mg,0408010AEAAACAC,17,0.06159999999999963
124,B86019,Atorvastatin_Tab 10mg,0212000B0AAAAAA,7,0.014700000000000081
125,B86019,Atorvastatin_Tab 80mg,0212000B0AAADAD,15,0.0315000000000009
126,B86019,Losartan Pot_Tab 100mg,0205052N0AAADAD,8,0.04480000000000012
127,B86019,Memantine HCl_Tab 20mg,0411000G0AAADAD,4,0.01959999999999998
128,B86019,Paracet_Tab 500mg,0407010H0AAAMAM,258,64.30280000000003
129,B86019,Prednisolone_Tab Solb 5mg,0603020T0AABHBH,3,-0.014399999999998414
130,B86020,Atorvastatin_Tab 10mg,0212000B0AAAAAA,33,0.06930000000000039
131,B86020,Atorvastatin_Tab 20mg,0212000B0AAABAB,12,67.6032
132,B86020,Atorvastatin_Tab 40mg,0212000B0AAACAC,44,44.5984
133,B86020,Atorvastatin_Tab 80mg,0212000B0AAADAD,34,0.07140000000000205
134,B86020,Losartan Pot_Tab 100mg,0205052N0AAADAD,46,0.6384000000000033
135,B86020,Memantine HCl_Tab 20mg,0411000G0AAADAD,30,255.7128
136,B86020,Paracet_Tab 500mg,0407010H0AAAMAM,502,45.817199999999964
137,B86020,Prednisolone_Tab Solb 5mg,0603020T0AABHBH,3,-0.005199999999999427
138,B86020,Pregabalin_Cap 75mg,0408010AEAAACAC,8,0.04479999999999973
139,B86022,Atorvastatin_Tab 10mg,0212000B0AAAAAA,59,23.2764
140,B86022,Atorvastatin_Tab 20mg,0212000B0AAABAB,412,157.9729000000001
141,B86022,Atorvastatin_Tab 40mg,0212000B0AAACAC,55,89.012
142,B86022,Atorvastatin_Tab 80mg,0212000B0AAADAD,53,0.11130000000000319
143,B86022,Losartan Pot_Tab 100mg,0205052N0AAADAD,52,59.06880000000001
144,B86022,Memantine HCl_Tab 20mg,0411000G0AAADAD,9,-0.3808
145,B86022,Paracet_Tab 500mg,0407010H0AAAMAM,580,45.97920000000007
146,B86022,Prednisolone_Tab Solb 5mg,0603020T0AABHBH,3,-0.01079999999999881
147,B86022,Pregabalin_Cap 75mg,0408010AEAAACAC,9,0.016799999999999607
148,B86022,Risperidone_Tab 6mg,040201030AAAFAF,1,58.4192
149,B86023,Atorvastatin_Tab 10mg,0212000B0AAAAAA,31,0.058200000000000376
150,B86023,Atorvastatin_Tab 80mg,0212000B0AAADAD,9,0.014700000000000421
151,B86023,Paracet_Tab 500mg,0407010H0AAAMAM,8,-0.26720000000000016
152,B86023,Pregabalin_Cap 75mg,0408010AEAAACAC,8,0.04479999999999973
153,B86024,Atorvastatin_Tab 10mg,0212000B0AAAAAA,32,0.06720000000000037
154,B86024,Atorvastatin_Tab 80mg,0212000B0AAADAD,133,0.27980000000000804
155,B86024,Losartan Pot_Tab 100mg,0205052N0AAADAD,42,0.23520000000000063
156,B86024,Memantine HCl_Tab 20mg,0411000G0AAADAD,23,0.11269999999999988
157,B86024,Paracet_Tab 500mg,0407010H0AAAMAM,60,0.203199999999999
158,B86024,Pregabalin_Cap 75mg,0408010AEAAACAC,18,0.03269999999999727
159,B86025,Atorvastatin_Tab 10mg,0212000B0AAAAAA,121,0.27050000000000046
160,B86025,Atorvastatin_Tab 20mg,0212000B0AAABAB,1,-0.0029999999999998778
161,B86025,Atorvastatin_Tab 40mg,0212000B0AAACAC,1,-0.0029999999999998778
162,B86025,Atorvastatin_Tab 80mg,0212000B0AAADAD,89,0.18690000000000534
163,B86025,Losartan Pot_Tab 100mg,0205052N0AAADAD,3,0.016800000000000044
164,B86025,Memantine HCl_Tab 20mg,0411000G0AAADAD,15,0.07349999999999993
165,B86025,Paracet_Tab 500mg,0407010H0AAAMAM,60,0.2107999999999987
166,B86025,Prednisolone_Tab Solb 5mg,0603020T0AABHBH,6,-0.027999999999996916
167,B86025,Pregabalin_Cap 75mg,0408010AEAAACAC,18,0.0706999999999995
168,B86028,Atorvastatin_Tab 10mg,0212000B0AAAAAA,17,0.0357000000000002
169,B86028,Atorvastatin_Tab 20mg,0212000B0AAABAB,1,0.006000000000000172
170,B86028,Atorvastatin_Tab 40mg,0212000B0AAACAC,27,47.023199999999996
171,B86028,Atorvastatin_Tab 80mg,0212000B0AAADAD,18,1.8122999999999994
172,B86028,Losartan Pot_Tab 100mg,0205052N0AAADAD,7,14.747599999999998
173,B86028,Memantine HCl_Tab 20mg,0411000G0AAADAD,12,0.058799999999999936
174,B86028,Paracet_Tab 500mg,0407010H0AAAMAM,136,22.30560000000001
175,B86028,Pregabalin_Cap 75mg,0408010AEAAACAC,1,0.011999999999998678
176,B86029,Atorvastatin_Tab 10mg,0212000B0AAAAAA,2,0.004200000000000023
177,B86029,Atorvastatin_Tab 20mg,0212000B0AAABAB,96,67.8944
178,B86029,Atorvastatin_Tab 80mg,0212000B0AAADAD,3,0.0063000000000001805
179,B86029,Paracet_Tab 500mg,0407010H0AAAMAM,178,8.280000000000026
180,B86030,Atorvastatin_Tab 10mg,0212000B0AAAAAA,43,0.09030000000000049
181,B86030,Atorvastatin_Tab 40mg,0212000B0AAACAC,1,0.006000000000000172
182,B86030,Atorvastatin_Tab 80mg,0212000B0AAADAD,28,0.058800000000001684
183,B86030,Losartan Pot_Tab 100mg,0205052N0AAADAD,11,0.06160000000000016
184,B86030,Memantine HCl_Tab 20mg,0411000G0AAADAD,37,0.1812999999999998
185,B86030,Paracet_Tab 500mg,0407010H0AAAMAM,312,-1.0695999999999934
186,B86030,Prednisolone_Tab Solb 5mg,0603020T0AABHBH,3,-0.008499999999999064
187,B86030,Pregabalin_Cap 75mg,0408010AEAAACAC,4,0.022399999999999864
188,B86031,Atorvastatin_Tab 10mg,0212000B0AAAAAA,13,0.02730000000000015
189,B86031,Atorvastatin_Tab 80mg,0212000B0AAADAD,36,1.8697000000000024
190,B86031,Losartan Pot_Tab 100mg,0205052N0AAADAD,11,0.06160000000000016
191,B86031,Memantine HCl_Tab 20mg,0411000G0AAADAD,6,0.029399999999999968
192,B86031,Paracet_Tab 500mg,0407010H0AAAMAM,82,3.3327999999999984
193,B86032,Atorvastatin_Tab 10mg,0212000B0AAAAAA,176,22.914500000000007
194,B86032,Atorvastatin_Tab 80mg,0212000B0AAADAD,76,0.15960000000000457
195,B86032,Losartan Pot_Tab 100mg,0205052N0AAADAD,44,0.24640000000000065
196,B86032,Memantine HCl_Tab 20mg,0411000G0AAADAD,81,0.3968999999999996
197,B86032,Paracet_Tab 500mg,0407010H0AAAMAM,424,164.0576000000001
198,B86032,Prednisolone_Tab Solb 5mg,0603020T0AABHBH,5,-0.0038999999999995705
199,B86032,Pregabalin_Cap 75mg,0408010AEAAACAC,6,0.018199999999999744
200,B86033,Atorvastatin_Tab 10mg,0212000B0AAAAAA,30,0.06300000000000035
201,B86033,Atorvastatin_Tab 40mg,0212000B0AAACAC,152,1.2654000000000072
202,B86033,Atorvastatin_Tab 80mg,0212000B0AAADAD,99,24.803100000000015
203,B86033,Losartan Pot_Tab 100mg,0205052N0AAADAD,6,0.03360000000000009
204,B86033,Memantine HCl_Tab 20mg,0411000G0AAADAD,43,127.9369
205,B86033,Paracet_Tab 500mg,0407010H0AAAMAM,474,27.00799999999998
206,B86033,Prednisolone_Tab Solb 5mg,0603020T0AABHBH,1,-0.0047999999999999154
207,B86033,Pregabalin_Cap 75mg,0408010AEAAACAC,19,0.08399999999999949
208,B86034,Atorvastatin_Tab 10mg,0212000B0AAAAAA,14,0.029400000000000162
209,B86034,Atorvastatin_Tab 80mg,0212000B0AAADAD,26,49.62930000000001
210,B86034,Losartan Pot_Tab 100mg,0205052N0AAADAD,10,0.05600000000000015
211,B86034,Memantine HCl_Tab 20mg,0411000G0AAADAD,5,0.024499999999999973
212,B86034,Paracet_Tab 500mg,0407010H0AAAMAM,206,-3.165999999999981
213,B86034,Prednisolone_Tab Solb 5mg,0603020T0AABHBH,1,0.0014999999999998348
214,B86034,Pregabalin_Cap 75mg,0408010AEAAACAC,3,0.0167999999999999
215,B86035,Atorvastatin_Tab 10mg,0212000B0AAAAAA,7,0.014700000000000081
216,B86035,Atorvastatin_Tab 80mg,0212000B0AAADAD,36,0.07560000000000217
217,B86035,Losartan Pot_Tab 100mg,0205052N0AAADAD,4,0.02240000000000006
218,B86035,Memantine HCl_Tab 20mg,0411000G0AAADAD,4,0.01959999999999998
219,B86035,Paracet_Tab 500mg,0407010H0AAAMAM,64,-0.2783999999999983
220,B86035,Pregabalin_Cap 75mg,0408010AEAAACAC,4,0.022399999999999864
221,B86036,Atorvastatin_Tab 10mg,0212000B0AAAAAA,39,23.150400000000012
222,B86036,Atorvastatin_Tab 20mg,0212000B0AAABAB,78,22.495200000000008
223,B86036,Atorvastatin_Tab 80mg,0212000B0AAADAD,2,0.00420000000000012
224,B86036,Memantine HCl_Tab 20mg,0411000G0AAADAD,11,63.91
225,B86036,Paracet_Tab 500mg,0407010H0AAAMAM,648,221.40000000000015
226,B86036,Prednisolone_Tab Solb 5mg,0603020T0AABHBH,1,0.004499999999999504
227,B86038,Atorvastatin_Tab 10mg,0212000B0AAAAAA,5,0.010500000000000058
228,B86038,Atorvastatin_Tab 20mg,0212000B0AAABAB,44,22.545600000000004
229,B86038,Paracet_Tab 500mg,0407010H0AAAMAM,8,-0.04479999999999973
230,B86038,Prednisolone_Tab Solb 5mg,0603020T0AABHBH,2,-0.007999999999999119
231,B86039,Atorvastatin_Tab 80mg,0212000B0AAADAD,16,0.03360000000000096
232,B86039,Losartan Pot_Tab 100mg,0205052N0AAADAD,16,0.08960000000000024
233,B86039,Memantine HCl_Tab 20mg,0411000G0AAADAD,1,0.004899999999999995
234,B86039,Paracet_Tab 500mg,0407010H0AAAMAM,18,0.07639999999999952
235,B86039,Pregabalin_Cap 75mg,0408010AEAAACAC,4,0.011199999999999932
236,B86041,Atorvastatin_Tab 10mg,0212000B0AAAAAA,22,0.04830000000000022
237,B86041,Atorvastatin_Tab 40mg,0212000B0AAACAC,2,0.002900000000000298
238,B86041,Atorvastatin_Tab 80mg,0212000B0AAADAD,29,0.060900000000001744
239,B86041,Losartan Pot_Tab 100mg,0205052N0AAADAD,17,0.09520000000000026
240,B86041,Memantine HCl_Tab 20mg,0411000G0AAADAD,10,0.048299999999999926
241,B86041,Paracet_Tab 500mg,0407010H0AAAMAM,178,7.907999999999996
242,B86041,Prednisolone_Tab Solb 5mg,0603020T0AABHBH,2,-0.008999999999999009
243,B86041,Pregabalin_Cap 75mg,0408010AEAAACAC,11,0.03849999999999955
244,B86042,Atorvastatin_Tab 10mg,0212000B0AAAAAA,5,0.010500000000000058
245,B86042,Atorvastatin_Tab 20mg,0212000B0AAABAB,308,67.88320000000003
246,B86042,Atorvastatin_Tab 80mg,0212000B0AAADAD,47,3.656799999999998
247,B86042,Losartan Pot_Tab 100mg,0205052N0AAADAD,20,0.1120000000000003
248,B86042,Memantine HCl_Tab 20mg,0411000G0AAADAD,24,63.935900000000004
249,B86042,Paracet_Tab 500mg,0407010H0AAAMAM,208,-0.09999999999999776
250,B86042,Prednisolone_Tab Solb 5mg,0603020T0AABHBH,3,-0.011199999999998766
251,B86042,Pregabalin_Cap 75mg,0408010AEAAACAC,4,0.022399999999999864
252,B86043,Atorvastatin_Tab 10mg,0212000B0AAAAAA,27,0.05670000000000031
253,B86043,Atorvastatin_Tab 20mg,0212000B0AAABAB,116,28.334600000000005
254,B86043,Atorvastatin_Tab 40mg,0212000B0AAACAC,37,0.5180000000000005
255,B86043,Atorvastatin_Tab 80mg,0212000B0AAADAD,129,-0.05249999999998517
256,B86043,Losartan Pot_Tab 100mg,0205052N0AAADAD,12,0.06720000000000018
257,B86043,Memantine HCl_Tab 20mg,0411000G0AAADAD,16,95.89439999999999
258,B86043,Paracet_Tab 500mg,0407010H0AAAMAM,468,64.59240000000005
259,B86043,Prednisolone_Tab Solb 5mg,0603020T0AABHBH,2,0.0
260,B86043,Pregabalin_Cap 75mg,0408010AEAAACAC,4,0.022399999999999864
261,B86044,Atorvastatin_Tab 10mg,0212000B0AAAAAA,4,0.008400000000000046
262,B86044,Atorvastatin_Tab 20mg,0212000B0AAABAB,2,0.012000000000000344
263,B86044,Atorvastatin_Tab 80mg,0212000B0AAADAD,13,0.027300000000000782
264,B86044,Memantine HCl_Tab 20mg,0411000G0AAADAD,2,0.00979999999999999
265,B86044,Paracet_Tab 500mg,0407010H0AAAMAM,486,8.800800000000098
266,B86044,Prednisolone_Tab Solb 5mg,0603020T0AABHBH,6,-0.0017999999999998018
267,B86044,Pregabalin_Cap 75mg,0408010AEAAACAC,4,0.022399999999999864
268,B86047,Memantine HCl_Tab 20mg,0411000G0AAADAD,4,0.01959999999999998
269,B86047,Paracet_Tab 500mg,0407010H0AAAMAM,56,5.648000000000015
270,B86047,Prednisolone_Tab Solb 5mg,0603020T0AABHBH,3,35.964
271,B86047,Pregabalin_Cap 75mg,0408010AEAAACAC,4,0.022399999999999864
272,B86048,Atorvastatin_Tab 10mg,0212000B0AAAAAA,43,0.09030000000000049
273,B86048,Atorvastatin_Tab 40mg,0212000B0AAACAC,132,22.268400000000003
274,B86048,Atorvastatin_Tab 80mg,0212000B0AAADAD,106,0.8368000000000076
275,B86048,Losartan Pot_Tab 100mg,0205052N0AAADAD,11,0.06160000000000016
276,B86048,Memantine HCl_Tab 20mg,0411000G0AAADAD,53,0.2596999999999997
277,B86048,Paracet_Tab 500mg,0407010H0AAAMAM,876,151.0096
278,B86048,Prednisolone_Tab Solb 5mg,0603020T0AABHBH,2,-0.0011999999999998678
279,B86048,Pregabalin_Cap 75mg,0408010AEAAACAC,12,0.0671999999999996
280,B86049,Atorvastatin_Tab 10mg,0212000B0AAAAAA,42,0.08820000000000049
281,B86049,Atorvastatin_Tab 80mg,0212000B0AAADAD,37,0.07770000000000223
282,B86049,Losartan Pot_Tab 100mg,0205052N0AAADAD,33,0.1848000000000005
283,B86049,Memantine HCl_Tab 20mg,0411000G0AAADAD,8,0.03919999999999996
284,B86049,Paracet_Tab 500mg,0407010H0AAAMAM,244,-0.862399999999995
285,B86049,Pregabalin_Cap 75mg,0408010AEAAACAC,16,0.04759999999999942
286,B86050,Atorvastatin_Tab 10mg,0212000B0AAAAAA,119,11.497500000000002
287,B86050,Atorvastatin_Tab 20mg,0212000B0AAABAB,403,22.45000000000002
288,B86050,Atorvastatin_Tab 40mg,0212000B0AAACAC,163,1.3692000000000075
289,B86050,Atorvastatin_Tab 80mg,0212000B0AAADAD,122,0.6167000000000177
290,B86050,Losartan Pot_Tab 100mg,0205052N0AAADAD,4,0.02240000000000006
291,B86050,Memantine HCl_Tab 20mg,0411000G0AAADAD,12,0.058799999999999936
292,B86050,Paracet_Tab 500mg,0407010H0AAAMAM,748,30.523999999999972
293,B86051,Atorvastatin_Tab 10mg,0212000B0AAAAAA,31,197.74319999999997
294,B86051,Atorvastatin_Tab 20mg,0212000B0AAABAB,66,45.09120000000001
295,B86051,Atorvastatin_Tab 80mg,0212000B0AAADAD,52,74.44640000000001
296,B86051,Memantine HCl_Tab 20mg,0411000G0AAADAD,6,0.029399999999999968
297,B86051,Paracet_Tab 500mg,0407010H0AAAMAM,54,22.814400000000024
298,B86051,Prednisolone_Tab Solb 5mg,0603020T0AABHBH,3,33.556
299,B86052,Atorvastatin_Tab 10mg,0212000B0AAAAAA,43,0.0928000000000005
300,B86052,Atorvastatin_Tab 20mg,0212000B0AAABAB,1,0.006000000000000172
301,B86052,Atorvastatin_Tab 80mg,0212000B0AAADAD,13,0.027300000000000782
302,B86052,Memantine HCl_Tab 20mg,0411000G0AAADAD,29,0.14209999999999984
303,B86052,Paracet_Tab 500mg,0407010H0AAAMAM,330,2.490800000000044
304,B86052,Prednisolone_Tab Solb 5mg,0603020T0AABHBH,5,0.0037999999999995815
305,B86054,Atorvastatin_Tab 10mg,0212000B0AAAAAA,13,0.02730000000000015
306,B86054,Atorvastatin_Tab 20mg,0212000B0AAABAB,278,112.84840000000003
307,B86054,Atorvastatin_Tab 80mg,0212000B0AAADAD,40,0.0840000000000024
308,B86054,Losartan Pot_Tab 100mg,0205052N0AAADAD,4,0.02240000000000006
309,B86054,Paracet_Tab 500mg,0407010H0AAAMAM,720,46.12880000000002
310,B86054,Prednisolone_Tab Solb 5mg,0603020T0AABHBH,3,0.0029999999999996696
311,B86054,Pregabalin_Cap 75mg,0408010AEAAACAC,12,0.04479999999999973
312,B86055,Atorvastatin_Tab 10mg,0212000B0AAAAAA,10,0.021000000000000116
313,B86055,Atorvastatin_Tab 40mg,0212000B0AAACAC,1,-0.0033999999999999794
314,B86055,Atorvastatin_Tab 80mg,0212000B0AAADAD,28,0.058800000000001684
315,B86055,Memantine HCl_Tab 20mg,0411000G0AAADAD,13,0.06369999999999992
316,B86055,Paracet_Tab 500mg,0407010H0AAAMAM,82,-0.44239999999999735
317,B86056,Atorvastatin_Tab 10mg,0212000B0AAAAAA,9,0.018900000000000104
318,B86056,Atorvastatin_Tab 20mg,0212000B0AAABAB,1,0.0055000000000001575
319,B86056,Atorvastatin_Tab 80mg,0212000B0AAADAD,48,2.419199999999999
320,B86056,Memantine HCl_Tab 20mg,0411000G0AAADAD,10,0.048999999999999946
321,B86056,Paracet_Tab 500mg,0407010H0AAAMAM,290,50.7952
322,B86056,Prednisolone_Tab Solb 5mg,0603020T0AABHBH,1,-0.0011999999999998678
323,B86057,Atorvastatin_Tab 10mg,0212000B0AAAAAA,54,11.6088
324,B86057,Atorvastatin_Tab 20mg,0212000B0AAABAB,727,67.98160000000003
325,B86057,Atorvastatin_Tab 80mg,0212000B0AAADAD,75,49.6545
326,B86057,Losartan Pot_Tab 100mg,0205052N0AAADAD,12,0.06720000000000018
327,B86057,Memantine HCl_Tab 20mg,0411000G0AAADAD,69,184.7713
328,B86057,Paracet_Tab 500mg,0407010H0AAAMAM,738,177.38840000000008
329,B86057,Prednisolone_Tab Solb 5mg,0603020T0AABHBH,4,-0.012199999999998656
330,B86057,Pregabalin_Cap 75mg,0408010AEAAACAC,8,0.022399999999999864
331,B86057,Risperidone_Tab 6mg,040201030AAAFAF,1,29.2096
332,B86058,Atorvastatin_Tab 10mg,0212000B0AAAAAA,17,0.380800000000001
333,B86058,Atorvastatin_Tab 20mg,0212000B0AAABAB,67,112.72240000000002
334,B86058,Atorvastatin_Tab 40mg,0212000B0AAACAC,34,44.553599999999996
335,B86058,Memantine HCl_Tab 20mg,0411000G0AAADAD,10,47.956999999999994
336,B86058,Paracet_Tab 500mg,0407010H0AAAMAM,160,55.027200000000036
337,B86059,Atorvastatin_Tab 10mg,0212000B0AAAAAA,55,0.11550000000000063
338,B86059,Atorvastatin_Tab 80mg,0212000B0AAADAD,117,0.24570000000000702
339,B86059,Losartan Pot_Tab 100mg,0205052N0AAADAD,16,0.08960000000000024
340,B86059,Memantine HCl_Tab 20mg,0411000G0AAADAD,13,0.06369999999999992
341,B86059,Paracet_Tab 500mg,0407010H0AAAMAM,320,-0.9055999999999935
342,B86059,Prednisolone_Tab Solb 5mg,0603020T0AABHBH,5,0.0035999999999996035
343,B86059,Pregabalin_Cap 75mg,0408010AEAAACAC,23,0.12039999999999781
344,B86060,Atorvastatin_Tab 10mg,0212000B0AAAAAA,22,0.08400000000000046
345,B86060,Atorvastatin_Tab 80mg,0212000B0AAADAD,60,24.996300000000012
346,B86060,Memantine HCl_Tab 20mg,0411000G0AAADAD,16,63.9268
347,B86060,Paracet_Tab 500mg,0407010H0AAAMAM,218,10.454000000000008
348,B86060,Prednisolone_Tab Solb 5mg,0603020T0AABHBH,3,-0.0035999999999996035
349,B86060,Pregabalin_Cap 75mg,0408010AEAAACAC,1,0.005999999999999339
350,B86061,Atorvastatin_Tab 10mg,0212000B0AAAAAA,13,0.02730000000000015
351,B86061,Atorvastatin_Tab 20mg,0212000B0AAABAB,85,90.20200000000001
352,B86061,Atorvastatin_Tab 40mg,0212000B0AAACAC,120,101.773
353,B86061,Atorvastatin_Tab 80mg,0212000B0AAADAD,73,49.7588
354,B86061,Losartan Pot_Tab 100mg,0205052N0AAADAD,4,0.02240000000000006
355,B86061,Paracet_Tab 500mg,0407010H0AAAMAM,128,50.66160000000002
356,B86061,Prednisolone_Tab Solb 5mg,0603020T0AABHBH,1,-0.0039999999999995595
357,B86061,Pregabalin_Cap 75mg,0408010AEAAACAC,9,28.4004
358,B86062,Atorvastatin_Tab 10mg,0212000B0AAAAAA,22,0.0351000000000003
359,B86062,Atorvastatin_Tab 20mg,0212000B0AAABAB,177,45.3436
360,B86062,Atorvastatin_Tab 40mg,0212000B0AAACAC,1,-0.0029999999999998778
361,B86062,Atorvastatin_Tab 80mg,0212000B0AAADAD,44,1.9404
362,B86062,Losartan Pot_Tab 100mg,0205052N0AAADAD,5,0.028700000000000093
363,B86062,Memantine HCl_Tab 20mg,0411000G0AAADAD,4,0.01959999999999998
364,B86062,Paracet_Tab 500mg,0407010H0AAAMAM,320,10.884000000000023
365,B86062,Prednisolone_Tab Solb 5mg,0603020T0AABHBH,1,-0.0035999999999996035
366,B86062,Pregabalin_Cap 75mg,0408010AEAAACAC,1,0.0029999999999996696
367,B86064,Atorvastatin_Tab 10mg,0212000B0AAAAAA,16,0.033600000000000185
368,B86064,Atorvastatin_Tab 40mg,0212000B0AAACAC,1,0.006000000000000172
369,B86064,Atorvastatin_Tab 80mg,0212000B0AAADAD,42,0.0801000000000023
370,B86064,Losartan Pot_Tab 100mg,0205052N0AAADAD,13,0.0728000000000002
371,B86064,Memantine HCl_Tab 20mg,0411000G0AAADAD,25,0.12249999999999986
372,B86064,Paracet_Tab 500mg,0407010H0AAAMAM,164,-0.5959999999999963
373,B86064,Prednisolone_Tab Solb 5mg,0603020T0AABHBH,2,-0.007999999999999119
374,B86064,Pregabalin_Cap 75mg,0408010AEAAACAC,7,0.03919999999999976
375,B86066,Atorvastatin_Tab 10mg,0212000B0AAAAAA,44,0.09240000000000051
376,B86066,Atorvastatin_Tab 40mg,0212000B0AAACAC,1,0.006000000000000172
377,B86066,Atorvastatin_Tab 80mg,0212000B0AAADAD,50,0.10500000000000301
378,B86066,Losartan Pot_Tab 100mg,0205052N0AAADAD,13,0.0728000000000002
379,B86066,Memantine HCl_Tab 20mg,0411000G0AAADAD,44,0.21249999999999983
380,B86066,Paracet_Tab 500mg,0407010H0AAAMAM,268,19.441999999999997
381,B86066,Prednisolone_Tab Solb 5mg,0603020T0AABHBH,1,-0.004799999999999471
382,B86066,Pregabalin_Cap 75mg,0408010AEAAACAC,2,85.09199999999998
383,B86067,Atorvastatin_Tab 10mg,0212000B0AAAAAA,10,0.021000000000000116
384,B86067,Atorvastatin_Tab 80mg,0212000B0AAADAD,95,0.19950000000000573
385,B86067,Losartan Pot_Tab 100mg,0205052N0AAADAD,17,0.09520000000000026
386,B86067,Memantine HCl_Tab 20mg,0411000G0AAADAD,36,0.1763999999999998
387,B86067,Paracet_Tab 500mg,0407010H0AAAMAM,328,-1.1535999999999933
388,B86068,Atorvastatin_Tab 10mg,0212000B0AAAAAA,8,0.016800000000000093
389,B86068,Atorvastatin_Tab 20mg,0212000B0AAABAB,1,0.0030000000000000165
390,B86068,Atorvastatin_Tab 80mg,0212000B0AAADAD,18,0.03780000000000108
391,B86068,Memantine HCl_Tab 20mg,0411000G0AAADAD,8,0.03919999999999996
392,B86068,Paracet_Tab 500mg,0407010H0AAAMAM,94,-0.1421999999999986
393,B86068,Prednisolone_Tab Solb 5mg,0603020T0AABHBH,1,-0.0035999999999996035
394,B86068,Pregabalin_Cap 75mg,0408010AEAAACAC,4,0.022399999999999864
395,B86069,Atorvastatin_Tab 10mg,0212000B0AAAAAA,33,0.06930000000000039
396,B86069,Atorvastatin_Tab 80mg,0212000B0AAADAD,34,0.07140000000000205
397,B86069,Losartan Pot_Tab 100mg,0205052N0AAADAD,23,0.12880000000000033
398,B86069,Memantine HCl_Tab 20mg,0411000G0AAADAD,4,0.01959999999999998
399,B86069,Paracet_Tab 500mg,0407010H0AAAMAM,104,-0.45759999999999723
400,B86069,Prednisolone_Tab Solb 5mg,0603020T0AABHBH,2,-0.009599999999998943
401,B86069,Pregabalin_Cap 75mg,0408010AEAAACAC,6,0.0167999999999999
402,B86070,Atorvastatin_Tab 10mg,0212000B0AAAAAA,7,0.014700000000000081
403,B86070,Atorvastatin_Tab 20mg,0212000B0AAABAB,250,22.40000000000001
404,B86070,Memantine HCl_Tab 20mg,0411000G0AAADAD,3,0.014699999999999984
405,B86070,Paracet_Tab 500mg,0407010H0AAAMAM,326,-6.707199999999974
406,B86070,Prednisolone_Tab Solb 5mg,0603020T0AABHBH,1,-0.0039999999999995595
407,B86071,Atorvastatin_Tab 10mg,0212000B0AAAAAA,47,34.718999999999994
408,B86071,Atorvastatin_Tab 20mg,0212000B0AAABAB,40,67.81020000000001
409,B86071,Atorvastatin_Tab 80mg,0212000B0AAADAD,37,6.321000000000009
410,B86071,Losartan Pot_Tab 100mg,0205052N0AAADAD,1,0.005600000000000015
411,B86071,Paracet_Tab 500mg,0407010H0AAAMAM,214,24.520800000000026
412,B86071,Prednisolone_Tab Solb 5mg,0603020T0AABHBH,3,-0.007599999999999163
413,B86071,Pregabalin_Cap 75mg,0408010AEAAACAC,4,0.031199999999998312
414,B86074,Atorvastatin_Tab 10mg,0212000B0AAAAAA,16,0.033600000000000185
415,B86074,Atorvastatin_Tab 20mg,0212000B0AAABAB,1,0.0020000000000000573
416,B86074,Atorvastatin_Tab 80mg,0212000B0AAADAD,39,0.08190000000000235
417,B86074,Memantine HCl_Tab 20mg,0411000G0AAADAD,13,0.06369999999999992
418,B86074,Paracet_Tab 500mg,0407010H0AAAMAM,100,9.840800000000012
419,B86074,Prednisolone_Tab Solb 5mg,0603020T0AABHBH,2,35.97
420,B86074,Pregabalin_Cap 75mg,0408010AEAAACAC,3,0.0167999999999999
421,B86075,Atorvastatin_Tab 10mg,0212000B0AAAAAA,118,11.568900000000006
422,B86075,Atorvastatin_Tab 20mg,0212000B0AAABAB,310,96.345
423,B86075,Atorvastatin_Tab 40mg,0212000B0AAACAC,89,0.49839999999999696
424,B86075,Atorvastatin_Tab 80mg,0212000B0AAADAD,27,0.045900000000001565
425,B86075,Losartan Pot_Tab 100mg,0205052N0AAADAD,8,0.04480000000000012
426,B86075,Memantine HCl_Tab 20mg,0411000G0AAADAD,13,0.06369999999999992
427,B86075,Paracet_Tab 500mg,0407010H0AAAMAM,644,24.530400000000046
428,B86075,Prednisolone_Tab Solb 5mg,0603020T0AABHBH,1,-0.0041999999999995374
429,B86075,Pregabalin_Cap 75mg,0408010AEAAACAC,1,0.005599999999999966
430,B86077,Atorvastatin_Tab 10mg,0212000B0AAAAAA,73,59.3348
431,B86077,Atorvastatin_Tab 80mg,0212000B0AAADAD,10,49.59780000000001
432,B86077,Memantine HCl_Tab 20mg,0411000G0AAADAD,8,63.9107
433,B86077,Paracet_Tab 500mg,0407010H0AAAMAM,20,-0.010399999999999937
434,B86081,Atorvastatin_Tab 10mg,0212000B0AAAAAA,4,0.008400000000000046
435,B86081,Atorvastatin_Tab 80mg,0212000B0AAADAD,78,0.16590000000000474
436,B86081,Losartan Pot_Tab 100mg,0205052N0AAADAD,12,0.06720000000000018
437,B86081,Memantine HCl_Tab 20mg,0411000G0AAADAD,14,0.06859999999999992
438,B86081,Paracet_Tab 500mg,0407010H0AAAMAM,288,-0.7897999999999952
439,B86081,Prednisolone_Tab Solb 5mg,0603020T0AABHBH,4,-0.006699999999999262
440,B86081,Pregabalin_Cap 75mg,0408010AEAAACAC,9,0.050399999999999695
441,B86086,Atorvastatin_Tab 10mg,0212000B0AAAAAA,13,0.02730000000000015
442,B86086,Atorvastatin_Tab 80mg,0212000B0AAADAD,13,0.027300000000000782
443,B86086,Losartan Pot_Tab 100mg,0205052N0AAADAD,7,0.0392000000000001
444,B86086,Memantine HCl_Tab 20mg,0411000G0AAADAD,19,0.0930999999999999
445,B86086,Paracet_Tab 500mg,0407010H0AAAMAM,26,0.08679999999999949
446,B86086,Prednisolone_Tab Solb 5mg,0603020T0AABHBH,1,0.004499999999999504
447,B86086,Pregabalin_Cap 75mg,0408010AEAAACAC,5,0.02799999999999983
448,B86089,Atorvastatin_Tab 10mg,0212000B0AAAAAA,26,11.6508
449,B86089,Memantine HCl_Tab 20mg,0411000G0AAADAD,4,0.01959999999999998
450,B86089,Paracet_Tab 500mg,0407010H0AAAMAM,264,30.012800000000077
451,B86089,Pregabalin_Cap 75mg,0408010AEAAACAC,7,85.0836
452,B86092,Atorvastatin_Tab 10mg,0212000B0AAAAAA,22,0.03860000000000027
453,B86092,Atorvastatin_Tab 40mg,0212000B0AAACAC,15,44.52
454,B86092,Atorvastatin_Tab 80mg,0212000B0AAADAD,42,0.08820000000000253
455,B86092,Losartan Pot_Tab 100mg,0205052N0AAADAD,17,0.09520000000000026
456,B86092,Memantine HCl_Tab 20mg,0411000G0AAADAD,4,0.01959999999999998
457,B86092,Paracet_Tab 500mg,0407010H0AAAMAM,270,24.029200000000035
458,B86092,Pregabalin_Cap 75mg,0408010AEAAACAC,4,0.022399999999999864
459,B86093,Atorvastatin_Tab 10mg,0212000B0AAAAAA,14,-0.011099999999999714
460,B86093,Atorvastatin_Tab 20mg,0212000B0AAABAB,5,0.03000000000000086
461,B86093,Atorvastatin_Tab 40mg,0212000B0AAACAC,23,22.305999999999997
462,B86093,Atorvastatin_Tab 80mg,0212000B0AAADAD,39,49.537800000000004
463,B86093,Losartan Pot_Tab 100mg,0205052N0AAADAD,1,0.006000000000000172
464,B86093,Memantine HCl_Tab 20mg,0411000G0AAADAD,21,79.95329999999998
465,B86093,Paracet_Tab 500mg,0407010H0AAAMAM,108,5.688000000000005
466,B86093,Risperidone_Tab 6mg,040201030AAAFAF,2,58.4192
467,B86094,Atorvastatin_Tab 10mg,0212000B0AAAAAA,7,0.014700000000000081
468,B86094,Atorvastatin_Tab 80mg,0212000B0AAADAD,12,0.025200000000000722
469,B86094,Losartan Pot_Tab 100mg,0205052N0AAADAD,1,0.005600000000000015
470,B86094,Memantine HCl_Tab 20mg,0411000G0AAADAD,10,0.048999999999999946
471,B86094,Paracet_Tab 500mg,0407010H0AAAMAM,216,8.935600000000024
472,B86094,Pregabalin_Cap 75mg,0408010AEAAACAC,7,170.17420000000004
473,B86095,Atorvastatin_Tab 80mg,0212000B0AAADAD,8,0.013800000000000395
474,B86095,Losartan Pot_Tab 100mg,0205052N0AAADAD,4,0.02240000000000006
475,B86095,Paracet_Tab 500mg,0407010H0AAAMAM,112,42.75119999999999
476,B86095,Prednisolone_Tab Solb 5mg,0603020T0AABHBH,1,0.0020999999999997687
477,B86096,Atorvastatin_Tab 40mg,0212000B0AAACAC,1,-0.004000000000000045
478,B86096,Atorvastatin_Tab 80mg,0212000B0AAADAD,2,0.00840000000000024
479,B86096,Memantine HCl_Tab 20mg,0411000G0AAADAD,15,63.92959999999999
480,B86096,Paracet_Tab 500mg,0407010H0AAAMAM,310,47.81920000000003
481,B86096,Risperidone_Tab 6mg,040201030AAAFAF,1,29.2096
482,B86100,Atorvastatin_Tab 10mg,0212000B0AAAAAA,48,0.10080000000000056
483,B86100,Atorvastatin_Tab 80mg,0212000B0AAADAD,39,0.08190000000000235
484,B86100,Losartan Pot_Tab 100mg,0205052N0AAADAD,38,0.4676000000000007
485,B86100,Memantine HCl_Tab 20mg,0411000G0AAADAD,6,63.89039999999999
486,B86100,Paracet_Tab 500mg,0407010H0AAAMAM,326,62.3708
487,B86100,Prednisolone_Tab Solb 5mg,0603020T0AABHBH,1,-0.0039999999999995595
488,B86100,Pregabalin_Cap 75mg,0408010AEAAACAC,8,0.025199999999999848
489,B86100,Risperidone_Tab 6mg,040201030AAAFAF,4,29.232
490,B86101,Atorvastatin_Tab 10mg,0212000B0AAAAAA,24,23.2869
491,B86101,Atorvastatin_Tab 80mg,0212000B0AAADAD,15,0.0315000000000009
492,B86101,Losartan Pot_Tab 100mg,0205052N0AAADAD,4,0.02240000000000006
493,B86101,Memantine HCl_Tab 20mg,0411000G0AAADAD,10,0.048999999999999946
494,B86101,Paracet_Tab 500mg,0407010H0AAAMAM,160,1.862399999999992
495,B86103,Atorvastatin_Tab 10mg,0212000B0AAAAAA,20,0.04200000000000023
496,B86103,Atorvastatin_Tab 80mg,0212000B0AAADAD,12,0.025200000000000722
497,B86103,Losartan Pot_Tab 100mg,0205052N0AAADAD,12,0.06720000000000018
498,B86103,Memantine HCl_Tab 20mg,0411000G0AAADAD,9,0.04409999999999995
499,B86103,Paracet_Tab 500mg,0407010H0AAAMAM,48,-0.09079999999999945
500,B86103,Prednisolone_Tab Solb 5mg,0603020T0AABHBH,1,0.0025999999999999357
501,B86104,Atorvastatin_Tab 10mg,0212000B0AAAAAA,34,23.3133
502,B86104,Atorvastatin_Tab 20mg,0212000B0AAABAB,34,0.19040000000000545
503,B86104,Atorvastatin_Tab 40mg,0212000B0AAACAC,64,0.4031999999999991
504,B86104,Atorvastatin_Tab 80mg,0212000B0AAADAD,50,1.897700000000004
505,B86104,Losartan Pot_Tab 100mg,0205052N0AAADAD,18,0.10080000000000026
506,B86104,Memantine HCl_Tab 20mg,0411000G0AAADAD,4,0.01959999999999998
507,B86104,Paracet_Tab 500mg,0407010H0AAAMAM,238,-2.7471999999999905
508,B86104,Prednisolone_Tab Solb 5mg,0603020T0AABHBH,1,-0.0023999999999997357
509,B86104,Pregabalin_Cap 75mg,0408010AEAAACAC,9,0.022799999999998655
510,B86104,Risperidone_Tab 6mg,040201030AAAFAF,1,29.2096
511,B86106,Atorvastatin_Tab 80mg,0212000B0AAADAD,3,0.0063000000000001805
512,B86106,Memantine HCl_Tab 20mg,0411000G0AAADAD,5,127.79199999999999
513,B86106,Paracet_Tab 500mg,0407010H0AAAMAM,42,5.879999999999994
514,B86106,Prednisolone_Tab Solb 5mg,0603020T0AABHBH,1,17.985
515,B86108,Atorvastatin_Tab 10mg,0212000B0AAAAAA,4,0.008400000000000046
516,B86108,Atorvastatin_Tab 80mg,0212000B0AAADAD,13,0.027300000000000782
517,B86108,Losartan Pot_Tab 100mg,0205052N0AAADAD,12,0.06720000000000018
518,B86108,Memantine HCl_Tab 20mg,0411000G0AAADAD,10,0.048999999999999946
519,B86108,Paracet_Tab 500mg,0407010H0AAAMAM,12,-0.0671999999999996
520,B86108,Prednisolone_Tab Solb 5mg,0603020T0AABHBH,1,-0.0047999999999999154
521,B86109,Atorvastatin_Tab 10mg,0212000B0AAAAAA,17,0.0357000000000002
522,B86109,Atorvastatin_Tab 20mg,0212000B0AAABAB,1,-0.0029999999999998778
523,B86109,Atorvastatin_Tab 40mg,0212000B0AAACAC,13,42.078399999999995
524,B86109,Atorvastatin_Tab 80mg,0212000B0AAADAD,36,0.07560000000000217
525,B86109,Losartan Pot_Tab 100mg,0205052N0AAADAD,12,0.06720000000000018
526,B86109,Memantine HCl_Tab 20mg,0411000G0AAADAD,9,0.04409999999999995
527,B86109,Paracet_Tab 500mg,0407010H0AAAMAM,32,0.11199999999999932
528,B86109,Pregabalin_Cap 75mg,0408010AEAAACAC,7,0.016099999999999684
529,B86109,Risperidone_Tab 6mg,040201030AAAFAF,4,58.4192
530,B86623,Atorvastatin_Tab 10mg,0212000B0AAAAAA,13,0.02730000000000015
531,B86623,Atorvastatin_Tab 80mg,0212000B0AAADAD,11,0.02310000000000066
532,B86623,Paracet_Tab 500mg,0407010H0AAAMAM,18,-0.10079999999999939
533,B86623,Pregabalin_Cap 75mg,0408010AEAAACAC,3,-0.0063000000000001805
534,B86625,Atorvastatin_Tab 10mg,0212000B0AAAAAA,1,0.004200000000000023
535,B86625,Atorvastatin_Tab 80mg,0212000B0AAADAD,4,0.00840000000000024
536,B86625,Losartan Pot_Tab 100mg,0205052N0AAADAD,2,0.01120000000000003
537,B86625,Memantine HCl_Tab 20mg,0411000G0AAADAD,2,63.9016
538,B86625,Paracet_Tab 500mg,0407010H0AAAMAM,22,-0.0999999999999994
539,B86625,Pregabalin_Cap 75mg,0408010AEAAACAC,4,0.011199999999999932
540,B86633,Atorvastatin_Tab 10mg,0212000B0AAAAAA,23,46.5612
541,B86633,Atorvastatin_Tab 20mg,0212000B0AAABAB,71,247.9176
542,B86633,Atorvastatin_Tab 40mg,0212000B0AAACAC,53,400.60720000000003
543,B86633,Atorvastatin_Tab 80mg,0212000B0AAADAD,22,24.7632
544,B86633,Losartan Pot_Tab 100mg,0205052N0AAADAD,4,29.456000000000003
545,B86633,Paracet_Tab 500mg,0407010H0AAAMAM,30,20.400000000000002
546,B86642,Atorvastatin_Tab 40mg,0212000B0AAACAC,1,-0.0029999999999998778
547,B86642,Atorvastatin_Tab 80mg,0212000B0AAADAD,28,1.8620000000000037
548,B86642,Losartan Pot_Tab 100mg,0205052N0AAADAD,10,0.05600000000000015
549,B86642,Memantine HCl_Tab 20mg,0411000G0AAADAD,4,0.01959999999999998
550,B86642,Paracet_Tab 500mg,0407010H0AAAMAM,50,3.048800000000005
551,B86642,Pregabalin_Cap 75mg,0408010AEAAACAC,1,0.005599999999999966
552,B86643,Atorvastatin_Tab 10mg,0212000B0AAAAAA,17,11.6732
553,B86643,Atorvastatin_Tab 40mg,0212000B0AAACAC,53,6.0844
554,B86643,Atorvastatin_Tab 80mg,0212000B0AAADAD,16,0.03360000000000096
555,B86643,Losartan Pot_Tab 100mg,0205052N0AAADAD,15,29.483999999999998
556,B86643,Paracet_Tab 500mg,0407010H0AAAMAM,184,-1.1019999999999932
557,B86643,Pregabalin_Cap 75mg,0408010AEAAACAC,4,-0.00840000000000024
558,B86648,Atorvastatin_Tab 10mg,0212000B0AAAAAA,8,0.02520000000000014
559,B86648,Atorvastatin_Tab 80mg,0212000B0AAADAD,24,0.050400000000001444
560,B86648,Losartan Pot_Tab 100mg,0205052N0AAADAD,12,0.06720000000000018
561,B86648,Memantine HCl_Tab 20mg,0411000G0AAADAD,2,0.00979999999999999
562,B86648,Paracet_Tab 500mg,0407010H0AAAMAM,10,0.011199999999999932
563,B86654,Atorvastatin_Tab 10mg,0212000B0AAAAAA,60,0.1260000000000007
564,B86654,Atorvastatin_Tab 80mg,0212000B0AAADAD,20,0.0420000000000012
565,B86654,Losartan Pot_Tab 100mg,0205052N0AAADAD,6,0.03360000000000009
566,B86654,Memantine HCl_Tab 20mg,0411000G0AAADAD,13,0.06369999999999992
567,B86654,Paracet_Tab 500mg,0407010H0AAAMAM,182,79.89520000000003
568,B86654,Pregabalin_Cap 75mg,0408010AEAAACAC,8,0.04479999999999973
569,B86655,Atorvastatin_Tab 80mg,0212000B0AAADAD,20,27.081599999999998
570,B86655,Paracet_Tab 500mg,0407010H0AAAMAM,24,0.022399999999999864
571,B86658,Atorvastatin_Tab 10mg,0212000B0AAAAAA,21,0.046200000000000255
572,B86658,Atorvastatin_Tab 80mg,0212000B0AAADAD,12,0.025200000000000722
573,B86658,Losartan Pot_Tab 100mg,0205052N0AAADAD,8,0.04480000000000012
574,B86658,Memantine HCl_Tab 20mg,0411000G0AAADAD,5,0.024499999999999973
575,B86658,Paracet_Tab 500mg,0407010H0AAAMAM,32,0.09519999999999942
576,B86666,Atorvastatin_Tab 10mg,0212000B0AAAAAA,7,0.014700000000000081
577,B86666,Atorvastatin_Tab 20mg,0212000B0AAABAB,183,2.6600000000000006
578,B86666,Atorvastatin_Tab 40mg,0212000B0AAACAC,212,18.774000000000004
579,B86666,Atorvastatin_Tab 80mg,0212000B0AAADAD,64,0.13440000000000385
580,B86666,Losartan Pot_Tab 100mg,0205052N0AAADAD,11,0.06160000000000016
581,B86666,Memantine HCl_Tab 20mg,0411000G0AAADAD,3,0.014699999999999984
582,B86666,Paracet_Tab 500mg,0407010H0AAAMAM,76,9.973200000000002
583,B86666,Prednisolone_Tab Solb 5mg,0603020T0AABHBH,3,-0.0019999999999997797
584,B86666,Pregabalin_Cap 75mg,0408010AEAAACAC,3,0.0167999999999999
585,B86667,Atorvastatin_Tab 10mg,0212000B0AAAAAA,18,23.234399999999997
586,B86667,Atorvastatin_Tab 20mg,0212000B0AAABAB,12,45.2256
587,B86667,Losartan Pot_Tab 100mg,0205052N0AAADAD,5,14.727999999999998
588,B86667,Paracet_Tab 500mg,0407010H0AAAMAM,62,45.002399999999994
589,B86667,Prednisolone_Tab Solb 5mg,0603020T0AABHBH,1,0.004499999999999504
590,B86669,Atorvastatin_Tab 20mg,0212000B0AAABAB,5,-0.0023999999999999577
591,B86669,Atorvastatin_Tab 40mg,0212000B0AAACAC,1,-0.002799999999999997
592,B86669,Atorvastatin_Tab 80mg,0212000B0AAADAD,6,0.014700000000000421
593,B86669,Paracet_Tab 500mg,0407010H0AAAMAM,42,-0.0983999999999994
594,B86669,Pregabalin_Cap 75mg,0408010AEAAACAC,1,0.002799999999999983
595,B86669,Risperidone_Tab 6mg,040201030AAAFAF,1,21.913500000000003
596,B86672,Atorvastatin_Tab 10mg,0212000B0AAAAAA,12,0.02520000000000014
597,B86672,Atorvastatin_Tab 40mg,0212000B0AAACAC,57,27.810300000000005
598,B86672,Atorvastatin_Tab 80mg,0212000B0AAADAD,26,0.054600000000001564
599,B86672,Losartan Pot_Tab 100mg,0205052N0AAADAD,27,18.5522
600,B86672,Memantine HCl_Tab 20mg,0411000G0AAADAD,9,63.92610000000001
601,B86672,Paracet_Tab 500mg,0407010H0AAAMAM,158,16.462400000000017
602,B86672,Pregabalin_Cap 75mg,0408010AEAAACAC,4,0.022399999999999864
603,B86673,Atorvastatin_Tab 10mg,0212000B0AAAAAA,11,0.02730000000000015
604,B86673,Atorvastatin_Tab 80mg,0212000B0AAADAD,39,24.797500000000003
605,B86673,Memantine HCl_Tab 20mg,0411000G0AAADAD,4,0.01959999999999998
606,B86673,Paracet_Tab 500mg,0407010H0AAAMAM,30,19.492800000000003
607,B86675,Atorvastatin_Tab 10mg,0212000B0AAAAAA,4,0.008400000000000046
608,B86675,Atorvastatin_Tab 20mg,0212000B0AAABAB,83,45.0856
609,B86675,Atorvastatin_Tab 80mg,0212000B0AAADAD,37,0.07770000000000223
610,B86675,Losartan Pot_Tab 100mg,0205052N0AAADAD,4,0.02240000000000006
611,B86675,Memantine HCl_Tab 20mg,0411000G0AAADAD,9,0.04409999999999995
612,B86675,Paracet_Tab 500mg,0407010H0AAAMAM,86,12.797600000000017
613,B86675,Prednisolone_Tab Solb 5mg,0603020T0AABHBH,2,-0.00879999999999903
614,B86675,Pregabalin_Cap 75mg,0408010AEAAACAC,8,0.04479999999999973
615,B86675,Risperidone_Tab 6mg,040201030AAAFAF,4,58.4192
616,B86678,Atorvastatin_Tab 10mg,0212000B0AAAAAA,21,0.046200000000000255
617,B86678,Atorvastatin_Tab 20mg,0212000B0AAABAB,2,0.2520000000000002
618,B86678,Atorvastatin_Tab 80mg,0212000B0AAADAD,8,0.01680000000000048
619,B86678,Losartan Pot_Tab 100mg,0205052N0AAADAD,3,14.7252
620,B86678,Memantine HCl_Tab 20mg,0411000G0AAADAD,16,0.07839999999999991
621,B86678,Paracet_Tab 500mg,0407010H0AAAMAM,116,78.02080000000007
622,B86682,Atorvastatin_Tab 10mg,0212000B0AAAAAA,31,11.631200000000002
623,B86682,Atorvastatin_Tab 20mg,0212000B0AAABAB,60,0.1680000000000048
624,B86682,Paracet_Tab 500mg,0407010H0AAAMAM,6,0.02319999999999986
625,B86682,Prednisolone_Tab Solb 5mg,0603020T0AABHBH,4,-0.004599999999999493
626,Y00025,Atorvastatin_Tab 10mg,0212000B0AAAAAA,16,0.0357000000000002
627,Y00025,Atorvastatin_Tab 80mg,0212000B0AAADAD,45,1.8445000000000062
628,Y00025,Paracet_Tab 500mg,0407010H0AAAMAM,310,515.7887999999999
629,Y00025,Pregabalin_Cap 75mg,0408010AEAAACAC,15,0.08399999999999949
630,Y00683,Atorvastatin_Tab 10mg,0212000B0AAAAAA,1,-0.002999999999999982
631,Y00683,Atorvastatin_Tab 20mg,0212000B0AAABAB,16,0.06720000000000037
632,Y00683,Atorvastatin_Tab 40mg,0212000B0AAACAC,12,44.4864
633,Y00683,Atorvastatin_Tab 80mg,0212000B0AAADAD,36,26.667900000000007
634,Y00683,Losartan Pot_Tab 100mg,0205052N0AAADAD,9,29.484
635,Y00683,Memantine HCl_Tab 20mg,0411000G0AAADAD,7,0.03429999999999996
636,Y00683,Paracet_Tab 500mg,0407010H0AAAMAM,24,-0.031999999999999806
637,Y00683,Pregabalin_Cap 75mg,0408010AEAAACAC,2,198.52840000000003
638,Y01231,Prednisolone_Tab Solb 5mg,0603020T0AABHBH,8,-0.010399999999998855
639,Y02002,Atorvastatin_Tab 10mg,0212000B0AAAAAA,10,0.021000000000000116
640,Y02002,Atorvastatin_Tab 80mg,0212000B0AAADAD,7,0.014700000000000421
641,Y02002,Memantine HCl_Tab 20mg,0411000G0AAADAD,3,0.014699999999999984
642,Y02002,Paracet_Tab 500mg,0407010H0AAAMAM,18,0.5108000000000008
643,Y02002,Pregabalin_Cap 75mg,0408010AEAAACAC,6,0.022399999999999864
644,Y02494,Atorvastatin_Tab 10mg,0212000B0AAAAAA,2,0.004200000000000023
645,Y02494,Atorvastatin_Tab 80mg,0212000B0AAADAD,9,0.01890000000000054
646,Y02494,Paracet_Tab 500mg,0407010H0AAAMAM,28,2.8991999999999996
647,Y02494,Prednisolone_Tab Solb 5mg,0603020T0AABHBH,9,-0.008199999999999097
648,Y04204,Prednisolone_Tab Solb 5mg,0603020T0AABHBH,1,-0.0035999999999996035
649,Y04205,Paracet_Tab 500mg,0407010H0AAAMAM,6,0.022399999999999864
650,Y05027,Prednisolone_Tab Solb 5mg,0603020T0AABHBH,3,0.004799999999999471
651,Y05863,Atorvastatin_Tab 80mg,0212000B0AAADAD,1,-0.0043999999999999595
652,Y05863,Paracet_Tab 500mg,0407010H0AAAMAM,2,0.005599999999999966
653,Y05863,Prednisolone_Tab Solb 5mg,0603020T0AABHBH,1,-0.0039999999999995595
654,Y05864,Prednisolone_Tab Solb 5mg,0603020T0AABHBH,1,-0.0035999999999996035
