,practice_code,bnf_description,bnf_code,items,excess_cost
0,C84030,Acetazolamide_Tab 250mg,1106000B0AAACAC,3,0.014000000000002344
1,C84030,Atorvastatin_Tab 80mg,0212000B0AAADAD,10,0.0210000000000006
2,C84030,Clonazepam_Tab 500mcg,0408010F0AAABAB,15,10.50499999999998
3,C84030,Mesalazine_Tab E/C 400mg,0105010B0AAAAAA,1,23.956799999999998
4,C84030,Mesalazine_Tab E/C 800mg,0105010B0AAASAS,3,68.87999999999998
5,C84030,Paracet_Tab 500mg,0407010H0AAAMAM,20,-0.02159999999999987
6,C84032,Acetazolamide_Tab 250mg,1106000B0AAACAC,2,44.46960000000001
7,C84032,Anastrozole_Tab 1mg,0803041B0AAAAAA,22,61.4768
8,C84032,Atorvastatin_Tab 80mg,0212000B0AAADAD,198,25.06700000000001
9,C84032,Betahistine HCl_Tab 16mg,0406000B0AAABAB,3,27.165599999999998
10,C84032,Clonazepam_Tab 500mcg,0408010F0AAABAB,37,18.26079999999996
11,C84032,Co-Codamol Eff_Tab 30mg/500mg,0407010F0AAAFAF,8,47.199999999999996
12,C84032,Paracet_Tab 500mg,0407010H0AAAMAM,1698,17.17200000000006
13,C84042,Clonazepam_Tab 500mcg,0408010F0AAABAB,9,4.926799999999989
14,C84042,Paracet_Tab 500mg,0407010H0AAAMAM,26,-0.14559999999999912
15,C84065,Anastrozole_Tab 1mg,0803041B0AAAAAA,6,0.02940000000000026
16,C84065,Atorvastatin_Tab 80mg,0212000B0AAADAD,32,0.06720000000000192
17,C84065,Clonazepam_Tab 500mcg,0408010F0AAABAB,8,1.3446999999999973
18,C84065,Co-Codamol Eff_Tab 30mg/500mg,0407010F0AAAFAF,2,-0.01120000000000032
19,C84065,Paracet_Tab 500mg,0407010H0AAAMAM,68,-2.3163999999999985
20,C84080,Anastrozole_Tab 1mg,0803041B0AAAAAA,4,0.019600000000000173
21,C84080,Atorvastatin_Tab 80mg,0212000B0AAADAD,1,-0.005000000000000143
22,C84080,Clonazepam_Tab 500mcg,0408010F0AAABAB,6,4.926799999999989
23,C84080,Mesalazine_Tab E/C 400mg,0105010B0AAAAAA,1,23.956799999999998
24,C84080,Paracet_Tab 500mg,0407010H0AAAMAM,30,-0.1343999999999992
25,C84080,Rosuvastatin Calc_Tab 10mg,0212000AAAAAAAA,1,-0.0010000000000000286
26,C84107,Clonazepam_Tab 500mcg,0408010F0AAABAB,10,5.446599999999989
27,C84107,Mesalazine_Tab E/C 800mg,0105010B0AAASAS,1,-36.89999999999999
28,C84107,Paracet_Tab 500mg,0407010H0AAAMAM,8,0.02479999999999985
29,C84112,Clonazepam_Tab 500mcg,0408010F0AAABAB,3,2.2147999999999954
30,C84112,Paracet_Tab 500mg,0407010H0AAAMAM,144,17.460000000000015
31,C84120,Clonazepam_Tab 500mcg,0408010F0AAABAB,17,13.446999999999973
32,C84120,Paracet_Tab 500mg,0407010H0AAAMAM,24,-0.08639999999999948
33,C84624,Clonazepam_Tab 500mcg,0408010F0AAABAB,6,2.2147999999999954
34,C84624,Paracet_Tab 500mg,0407010H0AAAMAM,252,-7.5439999999999525
35,C84705,Anastrozole_Tab 1mg,0803041B0AAAAAA,7,0.0343000000000003
36,C84705,Atorvastatin_Tab 80mg,0212000B0AAADAD,22,0.04620000000000132
37,C84705,Clonazepam_Tab 500mcg,0408010F0AAABAB,1,0.15819999999999967
38,C84705,Paracet_Tab 500mg,0407010H0AAAMAM,246,15.142400000000023
39,C84705,Rosuvastatin Calc_Tab 10mg,0212000AAAAAAAA,6,30.5088
40,Y03948,Atorvastatin_Tab 80mg,0212000B0AAADAD,1,0.00420000000000012
41,Y03948,Clonazepam_Tab 500mcg,0408010F0AAABAB,1,0.31639999999999935
42,Y03948,Paracet_Tab 500mg,0407010H0AAAMAM,2,-0.011199999999999932
