,practice_code,bnf_description,bnf_code,items,excess_cost
9,H81611,Levothyrox Sod_Tab 50mcg,0602010V0AABXBX,1,370.6700000000001
0,H81028,Atorvastatin_Tab 20mg,0212000B0AAABAB,94,270.5696
1,H81072,Atorvastatin_Tab 20mg,0212000B0AAABAB,100,270.47999999999996
182,H81017,Olanzapine_Tab 7.5mg,040201060AAABAB,2,107.29599999999999
45,H81028,Montelukast_Tab 10mg,0303020G0AAABAB,12,97.50720000000001
36,H81072,Atorvastatin_Tab 40mg,0212000B0AAACAC,61,89.15760000000002
172,H81051,Mesalazine_Tab E/C 800mg,0105010B0AAASAS,1,73.79999999999998
307,H81072,Memantine HCl_Tab 20mg,0411000G0AAADAD,20,63.896
316,H81103,Lamotrigine_Tab Disper 5mg S/F,0408010H0AAAPAP,1,60.54719999999998
46,H81028,Montelukast_Tab 10mg,0303020G0AAABAB,16,49.772800000000004
2,H81028,Atorvastatin_Tab 20mg,0212000B0AAABAB,115,45.08000000000002
37,H81028,Atorvastatin_Tab 40mg,0212000B0AAACAC,32,44.4864
175,H81017,Mesalazine_Tab E/C 800mg,0105010B0AAASAS,1,36.89999999999999
173,H81080,Mesalazine_Tab E/C 800mg,0105010B0AAASAS,1,36.89999999999999
176,H81011,Mesalazine_Tab E/C 800mg,0105010B0AAASAS,1,36.89999999999999
174,H81081,Mesalazine_Tab E/C 800mg,0105010B0AAASAS,1,36.89999999999999
47,H81072,Montelukast_Tab 10mg,0303020G0AAABAB,15,24.360000000000003
38,H81113,Atorvastatin_Tab 40mg,0212000B0AAACAC,207,22.604400000000005
3,H81072,Atorvastatin_Tab 20mg,0212000B0AAABAB,65,22.568
39,H81028,Atorvastatin_Tab 40mg,0212000B0AAACAC,90,22.427999999999994
186,H81068,Paracet_Tab 500mg,0407010H0AAAMAM,32,19.840000000000014
185,H81068,Paracet_Tab 500mg,0407010H0AAAMAM,32,19.840000000000014
177,H81091,Mesalazine_Tab E/C 800mg,0105010B0AAASAS,1,18.449999999999996
178,H81051,Mesalazine_Tab E/C 800mg,0105010B0AAASAS,1,11.479999999999997
187,H81068,Paracet_Tab 500mg,0407010H0AAAMAM,41,10.102400000000003
188,H81068,Paracet_Tab 500mg,0407010H0AAAMAM,41,10.102400000000003
189,H81068,Paracet_Tab 500mg,0407010H0AAAMAM,18,9.676800000000002
190,H81068,Paracet_Tab 500mg,0407010H0AAAMAM,18,9.676800000000002
52,H81113,Clonazepam_Tab 500mcg,0408010F0AAABAB,5,5.649999999999988
191,H81113,Paracet_Tab 500mg,0407010H0AAAMAM,95,4.750000000000004
192,H81113,Paracet_Tab 500mg,0407010H0AAAMAM,95,4.750000000000004
54,H81080,Clonazepam_Tab 500mcg,0408010F0AAABAB,3,3.796799999999992
58,H81051,Clonazepam_Tab 500mcg,0408010F0AAABAB,1,3.796799999999992
57,H81672,Clonazepam_Tab 500mcg,0408010F0AAABAB,6,3.796799999999992
53,H81133,Clonazepam_Tab 500mcg,0408010F0AAABAB,3,3.796799999999992
56,H81017,Clonazepam_Tab 500mcg,0408010F0AAABAB,2,3.796799999999992
55,H81011,Clonazepam_Tab 500mcg,0408010F0AAABAB,3,3.796799999999992
59,H81068,Clonazepam_Tab 500mcg,0408010F0AAABAB,3,3.389999999999993
60,H81078,Clonazepam_Tab 500mcg,0408010F0AAABAB,5,3.1639999999999935
61,H81133,Clonazepam_Tab 500mcg,0408010F0AAABAB,5,3.1639999999999935
62,H81068,Clonazepam_Tab 500mcg,0408010F0AAABAB,9,2.847599999999994
68,H81080,Clonazepam_Tab 500mcg,0408010F0AAABAB,8,2.531199999999995
66,H81081,Clonazepam_Tab 500mcg,0408010F0AAABAB,4,2.531199999999995
67,H81611,Clonazepam_Tab 500mcg,0408010F0AAABAB,1,2.531199999999995
64,H81078,Clonazepam_Tab 500mcg,0408010F0AAABAB,1,2.531199999999995
63,H81017,Clonazepam_Tab 500mcg,0408010F0AAABAB,4,2.531199999999995
65,H81133,Clonazepam_Tab 500mcg,0408010F0AAABAB,1,2.531199999999995
69,H81081,Clonazepam_Tab 500mcg,0408010F0AAABAB,2,2.2599999999999953
82,H81017,Clonazepam_Tab 500mcg,0408010F0AAABAB,2,1.898399999999996
76,H81071,Clonazepam_Tab 500mcg,0408010F0AAABAB,1,1.898399999999996
74,H81672,Clonazepam_Tab 500mcg,0408010F0AAABAB,6,1.898399999999996
73,H81072,Clonazepam_Tab 500mcg,0408010F0AAABAB,3,1.898399999999996
72,H81070,Clonazepam_Tab 500mcg,0408010F0AAABAB,3,1.898399999999996
71,H81068,Clonazepam_Tab 500mcg,0408010F0AAABAB,3,1.898399999999996
70,H81107,Clonazepam_Tab 500mcg,0408010F0AAABAB,1,1.898399999999996
77,H81126,Clonazepam_Tab 500mcg,0408010F0AAABAB,1,1.898399999999996
78,H81080,Clonazepam_Tab 500mcg,0408010F0AAABAB,1,1.898399999999996
79,H81128,Clonazepam_Tab 500mcg,0408010F0AAABAB,1,1.898399999999996
80,H81028,Clonazepam_Tab 500mcg,0408010F0AAABAB,3,1.898399999999996
81,H81109,Clonazepam_Tab 500mcg,0408010F0AAABAB,4,1.898399999999996
83,H81070,Clonazepam_Tab 500mcg,0408010F0AAABAB,1,1.898399999999996
84,H81611,Clonazepam_Tab 500mcg,0408010F0AAABAB,3,1.898399999999996
75,H81128,Clonazepam_Tab 500mcg,0408010F0AAABAB,3,1.898399999999996
85,H81672,Clonazepam_Tab 500mcg,0408010F0AAABAB,1,1.3559999999999972
86,H81644,Clonazepam_Tab 500mcg,0408010F0AAABAB,2,1.2655999999999974
87,H81081,Clonazepam_Tab 500mcg,0408010F0AAABAB,1,1.2655999999999974
88,H81071,Clonazepam_Tab 500mcg,0408010F0AAABAB,1,1.2655999999999974
89,H81078,Clonazepam_Tab 500mcg,0408010F0AAABAB,4,1.2655999999999974
90,H81644,Clonazepam_Tab 500mcg,0408010F0AAABAB,1,1.2655999999999974
91,H81618,Clonazepam_Tab 500mcg,0408010F0AAABAB,2,1.2655999999999974
92,H81128,Clonazepam_Tab 500mcg,0408010F0AAABAB,1,1.2655999999999974
94,H81656,Clonazepam_Tab 500mcg,0408010F0AAABAB,2,1.2655999999999974
95,H81133,Clonazepam_Tab 500mcg,0408010F0AAABAB,4,1.2655999999999974
96,H81618,Clonazepam_Tab 500mcg,0408010F0AAABAB,4,1.2655999999999974
97,H81672,Clonazepam_Tab 500mcg,0408010F0AAABAB,1,1.2655999999999974
98,H81071,Clonazepam_Tab 500mcg,0408010F0AAABAB,2,1.2655999999999974
93,H81086,Clonazepam_Tab 500mcg,0408010F0AAABAB,1,1.2655999999999974
99,H81038,Clonazepam_Tab 500mcg,0408010F0AAABAB,6,1.2095999999999987
100,H81099,Clonazepam_Tab 500mcg,0408010F0AAABAB,1,1.1299999999999977
101,H81017,Clonazepam_Tab 500mcg,0408010F0AAABAB,1,1.1299999999999977
102,H81133,Clonazepam_Tab 500mcg,0408010F0AAABAB,1,1.1299999999999977
103,H81086,Clonazepam_Tab 500mcg,0408010F0AAABAB,1,1.1299999999999977
104,H81128,Clonazepam_Tab 500mcg,0408010F0AAABAB,1,1.1299999999999977
105,H81078,Clonazepam_Tab 500mcg,0408010F0AAABAB,14,1.1073999999999977
119,H81070,Clonazepam_Tab 500mcg,0408010F0AAABAB,3,0.949199999999998
106,H81109,Clonazepam_Tab 500mcg,0408010F0AAABAB,1,0.949199999999998
118,H81133,Clonazepam_Tab 500mcg,0408010F0AAABAB,1,0.949199999999998
108,H81613,Clonazepam_Tab 500mcg,0408010F0AAABAB,3,0.949199999999998
109,H81074,Clonazepam_Tab 500mcg,0408010F0AAABAB,1,0.949199999999998
110,H81078,Clonazepam_Tab 500mcg,0408010F0AAABAB,1,0.949199999999998
111,H81016,Clonazepam_Tab 500mcg,0408010F0AAABAB,3,0.949199999999998
112,H81672,Clonazepam_Tab 500mcg,0408010F0AAABAB,1,0.949199999999998
113,H81099,Clonazepam_Tab 500mcg,0408010F0AAABAB,1,0.949199999999998
114,H81017,Clonazepam_Tab 500mcg,0408010F0AAABAB,3,0.949199999999998
107,H81016,Clonazepam_Tab 500mcg,0408010F0AAABAB,1,0.949199999999998
115,H81086,Clonazepam_Tab 500mcg,0408010F0AAABAB,3,0.949199999999998
120,H81128,Clonazepam_Tab 500mcg,0408010F0AAABAB,3,0.949199999999998
117,H81611,Clonazepam_Tab 500mcg,0408010F0AAABAB,1,0.949199999999998
116,H81072,Clonazepam_Tab 500mcg,0408010F0AAABAB,3,0.949199999999998
126,H81672,Clonazepam_Tab 500mcg,0408010F0AAABAB,1,0.6779999999999986
121,H81017,Clonazepam_Tab 500mcg,0408010F0AAABAB,1,0.6779999999999986
122,H81133,Clonazepam_Tab 500mcg,0408010F0AAABAB,1,0.6779999999999986
123,H81091,Clonazepam_Tab 500mcg,0408010F0AAABAB,2,0.6779999999999986
124,H81070,Clonazepam_Tab 500mcg,0408010F0AAABAB,1,0.6779999999999986
125,H81068,Clonazepam_Tab 500mcg,0408010F0AAABAB,1,0.6779999999999986
134,H81086,Clonazepam_Tab 500mcg,0408010F0AAABAB,1,0.6327999999999987
127,H81028,Clonazepam_Tab 500mcg,0408010F0AAABAB,2,0.6327999999999987
136,Y05273,Clonazepam_Tab 500mcg,0408010F0AAABAB,1,0.6327999999999987
128,H81080,Clonazepam_Tab 500mcg,0408010F0AAABAB,1,0.6327999999999987
129,H81051,Clonazepam_Tab 500mcg,0408010F0AAABAB,1,0.6327999999999987
130,H81099,Clonazepam_Tab 500mcg,0408010F0AAABAB,4,0.6327999999999987
131,H81011,Clonazepam_Tab 500mcg,0408010F0AAABAB,2,0.6327999999999987
132,H81016,Clonazepam_Tab 500mcg,0408010F0AAABAB,1,0.6327999999999987
133,H81038,Clonazepam_Tab 500mcg,0408010F0AAABAB,2,0.6327999999999987
137,H81099,Clonazepam_Tab 500mcg,0408010F0AAABAB,1,0.6327999999999987
135,H81017,Clonazepam_Tab 500mcg,0408010F0AAABAB,4,0.6327999999999987
138,H81103,Clonazepam_Tab 500mcg,0408010F0AAABAB,1,0.6327999999999987
139,H81051,Clonazepam_Tab 500mcg,0408010F0AAABAB,1,0.5699999999999983
140,H81068,Clonazepam_Tab 500mcg,0408010F0AAABAB,1,0.5699999999999983
141,H81086,Clonazepam_Tab 500mcg,0408010F0AAABAB,1,0.5536999999999989
142,H81611,Clonazepam_Tab 500mcg,0408010F0AAABAB,1,0.4983999999999995
144,H81672,Clonazepam_Tab 500mcg,0408010F0AAABAB,1,0.474599999999999
145,H81074,Clonazepam_Tab 500mcg,0408010F0AAABAB,1,0.474599999999999
143,H81071,Clonazepam_Tab 500mcg,0408010F0AAABAB,1,0.474599999999999
146,H81071,Clonazepam_Tab 500mcg,0408010F0AAABAB,5,0.3954999999999992
148,H81126,Clonazepam_Tab 500mcg,0408010F0AAABAB,1,0.3389999999999993
147,H81078,Clonazepam_Tab 500mcg,0408010F0AAABAB,1,0.3389999999999993
10,H81068,Levothyrox Sod_Tab 50mcg,0602010V0AABXBX,69,0.3380999999999996
155,H81103,Clonazepam_Tab 500mcg,0408010F0AAABAB,1,0.31639999999999935
154,H81068,Clonazepam_Tab 500mcg,0408010F0AAABAB,4,0.31639999999999935
153,H81067,Clonazepam_Tab 500mcg,0408010F0AAABAB,1,0.31639999999999935
152,H81133,Clonazepam_Tab 500mcg,0408010F0AAABAB,2,0.31639999999999935
156,H81672,Clonazepam_Tab 500mcg,0408010F0AAABAB,4,0.31639999999999935
150,H81672,Clonazepam_Tab 500mcg,0408010F0AAABAB,2,0.31639999999999935
149,H81128,Clonazepam_Tab 500mcg,0408010F0AAABAB,4,0.31639999999999935
157,H81611,Clonazepam_Tab 500mcg,0408010F0AAABAB,1,0.31639999999999935
158,H81099,Clonazepam_Tab 500mcg,0408010F0AAABAB,1,0.31639999999999935
160,H81081,Clonazepam_Tab 500mcg,0408010F0AAABAB,1,0.31639999999999935
151,H81074,Clonazepam_Tab 500mcg,0408010F0AAABAB,1,0.31639999999999935
159,H81113,Clonazepam_Tab 500mcg,0408010F0AAABAB,1,0.31639999999999935
161,H81028,Clonazepam_Tab 500mcg,0408010F0AAABAB,7,0.29679999999999995
11,H81078,Levothyrox Sod_Tab 50mcg,0602010V0AABXBX,57,0.2792999999999997
162,H81613,Clonazepam_Tab 500mcg,0408010F0AAABAB,2,0.2735999999999992
163,H81086,Clonazepam_Tab 500mcg,0408010F0AAABAB,3,0.2372999999999995
164,H81016,Clonazepam_Tab 500mcg,0408010F0AAABAB,2,0.23199999999999998
165,H81091,Clonazepam_Tab 500mcg,0408010F0AAABAB,1,0.20159999999999978
308,H81068,Memantine HCl_Tab 20mg,0411000G0AAADAD,41,0.20089999999999977
12,H81113,Levothyrox Sod_Tab 50mcg,0602010V0AABXBX,41,0.20089999999999977
13,H81109,Levothyrox Sod_Tab 50mcg,0602010V0AABXBX,37,0.1812999999999998
166,H81613,Clonazepam_Tab 500mcg,0408010F0AAABAB,4,0.16959999999999997
170,H81051,Clonazepam_Tab 500mcg,0408010F0AAABAB,1,0.15819999999999967
169,H81080,Clonazepam_Tab 500mcg,0408010F0AAABAB,2,0.15819999999999967
168,H81072,Clonazepam_Tab 500mcg,0408010F0AAABAB,1,0.15819999999999967
167,H81113,Clonazepam_Tab 500mcg,0408010F0AAABAB,2,0.15819999999999967
14,H81091,Levothyrox Sod_Tab 50mcg,0602010V0AABXBX,26,0.12739999999999985
15,H81672,Levothyrox Sod_Tab 50mcg,0602010V0AABXBX,21,0.10289999999999988
16,H81011,Levothyrox Sod_Tab 50mcg,0602010V0AABXBX,20,0.09799999999999989
171,H81068,Clonazepam_Tab 500mcg,0408010F0AAABAB,4,0.08479999999999999
17,H81133,Levothyrox Sod_Tab 50mcg,0602010V0AABXBX,15,0.07349999999999993
18,H81128,Levothyrox Sod_Tab 50mcg,0602010V0AABXBX,14,0.06859999999999992
21,H81086,Levothyrox Sod_Tab 50mcg,0602010V0AABXBX,12,0.058799999999999936
19,H81028,Levothyrox Sod_Tab 50mcg,0602010V0AABXBX,12,0.058799999999999936
20,H81099,Levothyrox Sod_Tab 50mcg,0602010V0AABXBX,12,0.058799999999999936
193,H81067,Paracet_Tab 500mg,0407010H0AAAMAM,7,0.041999999999999746
194,H81067,Paracet_Tab 500mg,0407010H0AAAMAM,7,0.041999999999999746
311,H81072,Memantine HCl_Tab 20mg,0411000G0AAADAD,8,0.03919999999999996
310,H81128,Memantine HCl_Tab 20mg,0411000G0AAADAD,8,0.03919999999999996
309,H81086,Memantine HCl_Tab 20mg,0411000G0AAADAD,8,0.03919999999999996
22,H81656,Levothyrox Sod_Tab 50mcg,0602010V0AABXBX,7,0.03429999999999996
23,H81067,Levothyrox Sod_Tab 50mcg,0602010V0AABXBX,7,0.03429999999999996
199,H81086,Paracet_Tab 500mg,0407010H0AAAMAM,8,0.0335999999999998
200,H81672,Paracet_Tab 500mg,0407010H0AAAMAM,12,0.0335999999999998
198,H81011,Paracet_Tab 500mg,0407010H0AAAMAM,8,0.0335999999999998
197,H81086,Paracet_Tab 500mg,0407010H0AAAMAM,8,0.0335999999999998
196,H81672,Paracet_Tab 500mg,0407010H0AAAMAM,12,0.0335999999999998
195,H81011,Paracet_Tab 500mg,0407010H0AAAMAM,8,0.0335999999999998
25,H81080,Levothyrox Sod_Tab 50mcg,0602010V0AABXBX,6,0.029399999999999968
24,H81072,Levothyrox Sod_Tab 50mcg,0602010V0AABXBX,6,0.029399999999999968
202,H81068,Paracet_Tab 500mg,0407010H0AAAMAM,7,0.029399999999999822
201,H81068,Paracet_Tab 500mg,0407010H0AAAMAM,7,0.029399999999999822
204,H81011,Paracet_Tab 500mg,0407010H0AAAMAM,5,0.02799999999999983
203,H81011,Paracet_Tab 500mg,0407010H0AAAMAM,5,0.02799999999999983
206,H81068,Paracet_Tab 500mg,0407010H0AAAMAM,10,0.02799999999999983
205,H81068,Paracet_Tab 500mg,0407010H0AAAMAM,10,0.02799999999999983
207,H81078,Paracet_Tab 500mg,0407010H0AAAMAM,8,0.022399999999999864
208,H81078,Paracet_Tab 500mg,0407010H0AAAMAM,8,0.022399999999999864
209,H81074,Paracet_Tab 500mg,0407010H0AAAMAM,5,0.020999999999999873
210,H81074,Paracet_Tab 500mg,0407010H0AAAMAM,5,0.020999999999999873
314,H81099,Memantine HCl_Tab 20mg,0411000G0AAADAD,4,0.01959999999999998
26,H81611,Levothyrox Sod_Tab 50mcg,0602010V0AABXBX,4,0.01959999999999998
312,H81038,Memantine HCl_Tab 20mg,0411000G0AAADAD,4,0.01959999999999998
313,H81078,Memantine HCl_Tab 20mg,0411000G0AAADAD,4,0.01959999999999998
213,H81091,Paracet_Tab 500mg,0407010H0AAAMAM,7,0.01959999999999988
214,H81091,Paracet_Tab 500mg,0407010H0AAAMAM,7,0.01959999999999988
211,H81028,Paracet_Tab 500mg,0407010H0AAAMAM,7,0.01959999999999988
212,H81028,Paracet_Tab 500mg,0407010H0AAAMAM,7,0.01959999999999988
4,H81017,Atorvastatin_Tab 20mg,0212000B0AAABAB,3,0.018000000000000516
224,H81133,Paracet_Tab 500mg,0407010H0AAAMAM,3,0.01799999999999989
223,H81078,Paracet_Tab 500mg,0407010H0AAAMAM,3,0.01799999999999989
222,H81071,Paracet_Tab 500mg,0407010H0AAAMAM,3,0.01799999999999989
221,H81081,Paracet_Tab 500mg,0407010H0AAAMAM,3,0.01799999999999989
220,H81081,Paracet_Tab 500mg,0407010H0AAAMAM,3,0.01799999999999989
219,H81071,Paracet_Tab 500mg,0407010H0AAAMAM,3,0.01799999999999989
218,H81133,Paracet_Tab 500mg,0407010H0AAAMAM,3,0.01799999999999989
217,H81074,Paracet_Tab 500mg,0407010H0AAAMAM,3,0.01799999999999989
216,H81078,Paracet_Tab 500mg,0407010H0AAAMAM,3,0.01799999999999989
215,H81074,Paracet_Tab 500mg,0407010H0AAAMAM,3,0.01799999999999989
229,H81078,Paracet_Tab 500mg,0407010H0AAAMAM,4,0.0167999999999999
230,H81109,Paracet_Tab 500mg,0407010H0AAAMAM,4,0.0167999999999999
225,H81028,Paracet_Tab 500mg,0407010H0AAAMAM,4,0.0167999999999999
228,H81109,Paracet_Tab 500mg,0407010H0AAAMAM,4,0.0167999999999999
226,H81028,Paracet_Tab 500mg,0407010H0AAAMAM,4,0.0167999999999999
227,H81078,Paracet_Tab 500mg,0407010H0AAAMAM,4,0.0167999999999999
27,H81078,Levothyrox Sod_Tab 50mcg,0602010V0AABXBX,4,0.0167999999999999
28,H81618,Levothyrox Sod_Tab 50mcg,0602010V0AABXBX,3,0.014699999999999984
183,H81133,Olanzapine_Tab 7.5mg,040201060AAABAB,3,0.014699999999999547
231,H81611,Paracet_Tab 500mg,0407010H0AAAMAM,5,0.013999999999999915
233,H81038,Paracet_Tab 500mg,0407010H0AAAMAM,5,0.013999999999999915
234,H81038,Paracet_Tab 500mg,0407010H0AAAMAM,5,0.013999999999999915
232,H81611,Paracet_Tab 500mg,0407010H0AAAMAM,5,0.013999999999999915
235,H81128,Paracet_Tab 500mg,0407010H0AAAMAM,3,0.012599999999999924
236,H81128,Paracet_Tab 500mg,0407010H0AAAMAM,3,0.012599999999999924
237,H81070,Paracet_Tab 500mg,0407010H0AAAMAM,2,0.011999999999999927
238,H81070,Paracet_Tab 500mg,0407010H0AAAMAM,2,0.011999999999999927
239,H81656,Paracet_Tab 500mg,0407010H0AAAMAM,4,0.011199999999999932
241,H81011,Paracet_Tab 500mg,0407010H0AAAMAM,4,0.011199999999999932
242,H81656,Paracet_Tab 500mg,0407010H0AAAMAM,4,0.011199999999999932
240,H81011,Paracet_Tab 500mg,0407010H0AAAMAM,4,0.011199999999999932
5,H81080,Atorvastatin_Tab 20mg,0212000B0AAABAB,2,0.010000000000000286
40,H81080,Atorvastatin_Tab 40mg,0212000B0AAACAC,2,0.00999999999999994
244,H81133,Paracet_Tab 500mg,0407010H0AAAMAM,3,0.008999999999999946
243,H81133,Paracet_Tab 500mg,0407010H0AAAMAM,3,0.008999999999999946
245,H81072,Paracet_Tab 500mg,0407010H0AAAMAM,3,0.00839999999999995
246,H81072,Paracet_Tab 500mg,0407010H0AAAMAM,3,0.00839999999999995
247,H81091,Paracet_Tab 500mg,0407010H0AAAMAM,5,0.006999999999999958
248,H81091,Paracet_Tab 500mg,0407010H0AAAMAM,5,0.006999999999999958
6,H81133,Atorvastatin_Tab 20mg,0212000B0AAABAB,1,0.006000000000000172
253,H81011,Paracet_Tab 500mg,0407010H0AAAMAM,1,0.005999999999999964
251,H81011,Paracet_Tab 500mg,0407010H0AAAMAM,1,0.005999999999999964
250,H81067,Paracet_Tab 500mg,0407010H0AAAMAM,2,0.005999999999999964
249,H81068,Paracet_Tab 500mg,0407010H0AAAMAM,1,0.005999999999999964
254,H81017,Paracet_Tab 500mg,0407010H0AAAMAM,2,0.005999999999999964
255,H81017,Paracet_Tab 500mg,0407010H0AAAMAM,1,0.005999999999999964
257,H81017,Paracet_Tab 500mg,0407010H0AAAMAM,2,0.005999999999999964
258,H81017,Paracet_Tab 500mg,0407010H0AAAMAM,1,0.005999999999999964
252,H81068,Paracet_Tab 500mg,0407010H0AAAMAM,1,0.005999999999999964
256,H81067,Paracet_Tab 500mg,0407010H0AAAMAM,2,0.005999999999999964
259,H81038,Paracet_Tab 500mg,0407010H0AAAMAM,4,0.005599999999999966
260,H81038,Paracet_Tab 500mg,0407010H0AAAMAM,4,0.005599999999999966
29,H81107,Levothyrox Sod_Tab 50mcg,0602010V0AABXBX,1,0.004899999999999995
30,H81070,Levothyrox Sod_Tab 50mcg,0602010V0AABXBX,1,0.004899999999999995
261,H81099,Paracet_Tab 500mg,0407010H0AAAMAM,1,0.004800000000000054
262,H81099,Paracet_Tab 500mg,0407010H0AAAMAM,1,0.004800000000000054
41,H81672,Atorvastatin_Tab 40mg,0212000B0AAACAC,1,0.004399999999999973
315,H81067,Memantine HCl_Tab 20mg,0411000G0AAADAD,1,0.003999999999999976
31,H81067,Levothyrox Sod_Tab 50mcg,0602010V0AABXBX,1,0.003499999999999996
268,H81080,Paracet_Tab 500mg,0407010H0AAAMAM,1,0.002999999999999982
267,H81080,Paracet_Tab 500mg,0407010H0AAAMAM,1,0.002999999999999982
265,H81078,Paracet_Tab 500mg,0407010H0AAAMAM,1,0.002999999999999982
264,H81613,Paracet_Tab 500mg,0407010H0AAAMAM,1,0.002999999999999982
263,H81613,Paracet_Tab 500mg,0407010H0AAAMAM,1,0.002999999999999982
266,H81078,Paracet_Tab 500mg,0407010H0AAAMAM,1,0.002999999999999982
32,H81113,Levothyrox Sod_Tab 50mcg,0602010V0AABXBX,1,0.002799999999999997
269,H81128,Paracet_Tab 500mg,0407010H0AAAMAM,1,0.002799999999999983
270,H81128,Paracet_Tab 500mg,0407010H0AAAMAM,1,0.002799999999999983
42,H81126,Atorvastatin_Tab 40mg,0212000B0AAACAC,1,-0.0007999999999999674
48,H81017,Montelukast_Tab 10mg,0303020G0AAABAB,1,-0.001199999999999951
33,H81656,Levothyrox Sod_Tab 50mcg,0602010V0AABXBX,1,-0.0012000000000000344
43,H81080,Atorvastatin_Tab 40mg,0212000B0AAACAC,1,-0.002399999999999902
49,H81091,Montelukast_Tab 10mg,0303020G0AAABAB,1,-0.0030000000000000027
34,H81068,Levothyrox Sod_Tab 50mcg,0602010V0AABXBX,1,-0.0030000000000000165
7,H81080,Atorvastatin_Tab 20mg,0212000B0AAABAB,1,-0.004499999999999817
8,H81080,Atorvastatin_Tab 20mg,0212000B0AAABAB,2,-0.004599999999999813
35,H81068,Levothyrox Sod_Tab 50mcg,0602010V0AABXBX,1,-0.0048000000000000265
184,H81067,Olanzapine_Tab 7.5mg,040201060AAABAB,1,-0.005399999999999405
274,H81074,Paracet_Tab 500mg,0407010H0AAAMAM,1,-0.005599999999999966
272,H81126,Paracet_Tab 500mg,0407010H0AAAMAM,1,-0.005599999999999966
271,H81126,Paracet_Tab 500mg,0407010H0AAAMAM,1,-0.005599999999999966
273,H81074,Paracet_Tab 500mg,0407010H0AAAMAM,1,-0.005599999999999966
50,H81613,Montelukast_Tab 10mg,0303020G0AAABAB,2,-0.006000000000000005
44,H81672,Atorvastatin_Tab 40mg,0212000B0AAACAC,2,-0.006799999999999959
275,H81644,Paracet_Tab 500mg,0407010H0AAAMAM,2,-0.011199999999999932
276,H81644,Paracet_Tab 500mg,0407010H0AAAMAM,2,-0.011199999999999932
277,H81081,Paracet_Tab 500mg,0407010H0AAAMAM,3,-0.0167999999999999
278,H81081,Paracet_Tab 500mg,0407010H0AAAMAM,3,-0.0167999999999999
51,H81613,Montelukast_Tab 10mg,0303020G0AAABAB,4,-0.017199999999999993
279,H81128,Paracet_Tab 500mg,0407010H0AAAMAM,4,-0.022399999999999864
280,H81038,Paracet_Tab 500mg,0407010H0AAAMAM,4,-0.022399999999999864
281,H81038,Paracet_Tab 500mg,0407010H0AAAMAM,4,-0.022399999999999864
282,H81128,Paracet_Tab 500mg,0407010H0AAAMAM,4,-0.022399999999999864
317,H81070,Lamotrigine_Tab Disper 5mg S/F,0408010H0AAAPAP,1,-0.0236000000000105
285,H81067,Paracet_Tab 500mg,0407010H0AAAMAM,5,-0.02799999999999983
283,H81099,Paracet_Tab 500mg,0407010H0AAAMAM,5,-0.02799999999999983
284,H81067,Paracet_Tab 500mg,0407010H0AAAMAM,5,-0.02799999999999983
286,H81099,Paracet_Tab 500mg,0407010H0AAAMAM,5,-0.02799999999999983
288,H81072,Paracet_Tab 500mg,0407010H0AAAMAM,6,-0.0335999999999998
287,H81072,Paracet_Tab 500mg,0407010H0AAAMAM,6,-0.0335999999999998
289,H81017,Paracet_Tab 500mg,0407010H0AAAMAM,7,-0.03919999999999976
290,H81017,Paracet_Tab 500mg,0407010H0AAAMAM,7,-0.03919999999999976
292,H81672,Paracet_Tab 500mg,0407010H0AAAMAM,12,-0.0671999999999996
291,H81672,Paracet_Tab 500mg,0407010H0AAAMAM,12,-0.0671999999999996
294,H81086,Paracet_Tab 500mg,0407010H0AAAMAM,12,-0.0671999999999996
293,H81086,Paracet_Tab 500mg,0407010H0AAAMAM,12,-0.0671999999999996
295,H81109,Paracet_Tab 500mg,0407010H0AAAMAM,18,-0.10079999999999939
296,H81109,Paracet_Tab 500mg,0407010H0AAAMAM,18,-0.10079999999999939
297,H81133,Paracet_Tab 500mg,0407010H0AAAMAM,21,-0.11759999999999929
298,H81133,Paracet_Tab 500mg,0407010H0AAAMAM,21,-0.11759999999999929
299,H81068,Paracet_Tab 500mg,0407010H0AAAMAM,22,-0.12319999999999925
300,H81068,Paracet_Tab 500mg,0407010H0AAAMAM,22,-0.12319999999999925
302,H81080,Paracet_Tab 500mg,0407010H0AAAMAM,24,-0.1343999999999992
301,H81080,Paracet_Tab 500mg,0407010H0AAAMAM,24,-0.1343999999999992
304,H81068,Paracet_Tab 500mg,0407010H0AAAMAM,97,-0.9699999999999941
303,H81068,Paracet_Tab 500mg,0407010H0AAAMAM,97,-0.9699999999999941
305,H81068,Paracet_Tab 500mg,0407010H0AAAMAM,7,-1.0583999999999998
306,H81068,Paracet_Tab 500mg,0407010H0AAAMAM,7,-1.0583999999999998
179,H81133,Mesalazine_Tab E/C 800mg,0105010B0AAASAS,1,-34.43999999999999
181,H81618,Mesalazine_Tab E/C 800mg,0105010B0AAASAS,1,-36.89999999999999
180,H81099,Mesalazine_Tab E/C 800mg,0105010B0AAASAS,1,-36.89999999999999
