,practice_code,bnf_description,bnf_code,items,excess_cost
0,B85002,Atorvastatin_Tab 20mg,0212000B0AAABAB,1,-0.0029999999999998778
1,B85002,Bisoprolol Fumar_Tab 5mg,0204000H0AAAAAA,26,5.157599999999999
2,B85002,Paracet_Tab 500mg,0407010H0AAAMAM,238,0.6631999999999958
3,B85002,Paracet_Tab Solb 500mg,0407010H0AAAQAQ,4,293.9200000000001
4,B85005,Bisoprolol Fumar_Tab 5mg,0204000H0AAAAAA,14,-0.0392000000000001
5,B85005,Paracet_Tab 500mg,0407010H0AAAMAM,72,-0.25759999999999844
6,B85005,Paracet_Tab Solb 500mg,0407010H0AAAQAQ,2,-0.011999999999998678
7,B85006,Aripiprazole_Tab 15mg,0402010ADAAABAB,4,0.016799999999999704
8,B85006,Bisoprolol Fumar_Tab 5mg,0204000H0AAAAAA,21,-0.03080000000000023
9,B85006,Paracet_Tab 500mg,0407010H0AAAMAM,888,89.96240000000012
10,B85006,Sildenafil_Tab 25mg,0704050Z0AAABAB,7,-0.01960000000000056
11,B85010,Bisoprolol Fumar_Tab 5mg,0204000H0AAAAAA,33,-0.09240000000000025
12,B85010,Paracet_Tab 500mg,0407010H0AAAMAM,42,0.1483999999999991
13,B85016,Aripiprazole_Tab 15mg,0402010ADAAABAB,4,-0.01120000000000032
14,B85016,Atorvastatin_Tab 20mg,0212000B0AAABAB,37,45.15540000000001
15,B85016,Bisoprolol Fumar_Tab 5mg,0204000H0AAAAAA,105,10.896199999999997
16,B85016,Montelukast_Tab 10mg,0303020G0AAABAB,18,2.016000000000002
17,B85016,Paracet_Tab 500mg,0407010H0AAAMAM,358,33.6472
18,B85022,Bisoprolol Fumar_Tab 5mg,0204000H0AAAAAA,51,-0.08680000000000052
19,B85022,Paracet_Tab 500mg,0407010H0AAAMAM,222,-0.8343999999999949
20,B85023,Aripiprazole_Tab 15mg,0402010ADAAABAB,5,-0.007000000000000395
21,B85023,Bisoprolol Fumar_Tab 5mg,0204000H0AAAAAA,19,0.030799999999999644
22,B85023,Paracet_Tab 500mg,0407010H0AAAMAM,22,0.09239999999999944
23,B85023,Paracet_Tab Solb 500mg,0407010H0AAAQAQ,4,-0.023999999999997357
24,B85024,Aripiprazole_Tab 15mg,0402010ADAAABAB,8,0.005599999999999383
25,B85024,Atorvastatin_Tab 20mg,0212000B0AAABAB,1,-0.0015999999999999348
26,B85024,Bisoprolol Fumar_Tab 5mg,0204000H0AAAAAA,93,36.523199999999996
27,B85024,Montelukast_Tab 10mg,0303020G0AAABAB,13,48.776
28,B85024,Paracet_Tab 500mg,0407010H0AAAMAM,738,463.0832000000002
29,B85026,Bisoprolol Fumar_Tab 5mg,0204000H0AAAAAA,11,-0.009800000000000135
30,B85026,Montelukast_Tab 10mg,0303020G0AAABAB,10,2.0159999999999996
31,B85026,Paracet_Tab 500mg,0407010H0AAAMAM,86,-0.29119999999999824
32,B85027,Bisoprolol Fumar_Tab 5mg,0204000H0AAAAAA,43,-0.12040000000000031
33,B85027,Paracet_Tab 500mg,0407010H0AAAMAM,8,0.022399999999999864
34,B85028,Aripiprazole_Tab 15mg,0402010ADAAABAB,4,-0.01120000000000032
35,B85028,Atorvastatin_Tab 20mg,0212000B0AAABAB,228,67.51080000000002
36,B85028,Bisoprolol Fumar_Tab 5mg,0204000H0AAAAAA,162,0.6173999999999943
37,B85028,Paracet_Tab 500mg,0407010H0AAAMAM,652,62.647200000000076
38,B85028,Paracet_Tab Solb 500mg,0407010H0AAAQAQ,2,-0.011999999999998678
39,B85028,Risperidone_Tab 6mg,040201030AAAFAF,5,58.441599999999994
40,B85031,Atorvastatin_Tab 20mg,0212000B0AAABAB,41,22.5295
41,B85031,Bisoprolol Fumar_Tab 5mg,0204000H0AAAAAA,65,25.9448
42,B85031,Paracet_Tab 500mg,0407010H0AAAMAM,254,34.00880000000003
43,B85032,Bisoprolol Fumar_Tab 5mg,0204000H0AAAAAA,28,16.806300000000004
44,B85032,Montelukast_Tab 10mg,0303020G0AAABAB,6,48.753600000000006
45,B85032,Paracet_Tab 500mg,0407010H0AAAMAM,332,35.870400000000004
46,B85032,Paracet_Tab Solb 500mg,0407010H0AAAQAQ,4,9.400000000000002
47,B85033,Aripiprazole_Tab 15mg,0402010ADAAABAB,2,-0.00560000000000016
48,B85033,Atorvastatin_Tab 20mg,0212000B0AAABAB,37,135.3016
49,B85033,Bisoprolol Fumar_Tab 5mg,0204000H0AAAAAA,46,7.354199999999998
50,B85033,Paracet_Tab 500mg,0407010H0AAAMAM,158,97.06880000000002
51,B85036,Aripiprazole_Tab 15mg,0402010ADAAABAB,4,-0.01120000000000032
52,B85036,Bisoprolol Fumar_Tab 5mg,0204000H0AAAAAA,40,-0.07000000000000041
53,B85036,Paracet_Tab 500mg,0407010H0AAAMAM,520,128.2192
54,B85037,Aripiprazole_Tab 15mg,0402010ADAAABAB,2,0.008399999999999852
55,B85037,Bisoprolol Fumar_Tab 5mg,0204000H0AAAAAA,47,1.4433999999999996
56,B85037,Paracet_Tab 500mg,0407010H0AAAMAM,138,20.598399999999998
57,B85042,Aripiprazole_Tab 15mg,0402010ADAAABAB,6,-0.00920000000000043
58,B85042,Bisoprolol Fumar_Tab 5mg,0204000H0AAAAAA,69,1.2963999999999967
59,B85042,Olanzapine_Tab 10mg,040201060AAACAC,1,0.0017999999999998018
60,B85042,Paracet_Tab 500mg,0407010H0AAAMAM,460,127.27200000000005
61,B85042,Risperidone_Tab 6mg,040201030AAAFAF,1,58.4192
62,B85044,Bisoprolol Fumar_Tab 5mg,0204000H0AAAAAA,44,2.9455999999999998
63,B85044,Paracet_Tab 500mg,0407010H0AAAMAM,16,-0.08959999999999946
64,B85048,Bisoprolol Fumar_Tab 5mg,0204000H0AAAAAA,32,2.4345999999999983
65,B85048,Montelukast_Tab 10mg,0303020G0AAABAB,3,48.753600000000006
66,B85048,Paracet_Tab 500mg,0407010H0AAAMAM,22,0.06999999999999958
67,B85051,Atorvastatin_Tab 20mg,0212000B0AAABAB,84,16.9115
68,B85051,Bisoprolol Fumar_Tab 5mg,0204000H0AAAAAA,45,-0.0980000000000004
69,B85051,Lamotrigine_Tab Disper 100mg S/F,0408010H0AAAWAW,8,259.1232
70,B85051,Paracet_Tab 500mg,0407010H0AAAMAM,274,-0.1020000000000012
71,B85054,Aripiprazole_Tab 15mg,0402010ADAAABAB,2,-0.00560000000000016
72,B85054,Atorvastatin_Tab 20mg,0212000B0AAABAB,59,45.264800000000015
73,B85054,Bisoprolol Fumar_Tab 5mg,0204000H0AAAAAA,41,1.374799999999997
74,B85054,Montelukast_Tab 10mg,0303020G0AAABAB,25,24.389300000000002
75,B85054,Paracet_Tab 500mg,0407010H0AAAMAM,34,0.08399999999999949
76,B85058,Aripiprazole_Tab 15mg,0402010ADAAABAB,3,0.012599999999999778
77,B85058,Paracet_Tab 500mg,0407010H0AAAMAM,30,-0.15119999999999909
78,B85058,Risperidone_Tab 6mg,040201030AAAFAF,1,58.4192
79,B85059,Bisoprolol Fumar_Tab 5mg,0204000H0AAAAAA,17,1.4447999999999988
80,B85059,Montelukast_Tab 10mg,0303020G0AAABAB,5,48.748000000000005
81,B85059,Paracet_Tab 500mg,0407010H0AAAMAM,226,25.61440000000004
82,B85060,Bisoprolol Fumar_Tab 5mg,0204000H0AAAAAA,24,-0.06720000000000018
83,B85060,Lamotrigine_Tab Disper 100mg S/F,0408010H0AAAWAW,4,0.016799999999999704
84,B85060,Paracet_Tab 500mg,0407010H0AAAMAM,22,0.041999999999999746
85,B85061,Aripiprazole_Tab 15mg,0402010ADAAABAB,8,-0.02240000000000064
86,B85061,Bisoprolol Fumar_Tab 5mg,0204000H0AAAAAA,55,-0.15400000000000041
87,B85061,Paracet_Tab 500mg,0407010H0AAAMAM,446,88.55360000000005
88,B85062,Bisoprolol Fumar_Tab 5mg,0204000H0AAAAAA,2,-0.005600000000000015
89,B85610,Bisoprolol Fumar_Tab 5mg,0204000H0AAAAAA,24,-0.03920000000000025
90,B85610,Paracet_Tab 500mg,0407010H0AAAMAM,106,-0.20159999999999878
91,B85611,Aripiprazole_Tab 15mg,0402010ADAAABAB,7,-0.01960000000000056
92,B85611,Bisoprolol Fumar_Tab 5mg,0204000H0AAAAAA,33,-0.09240000000000025
93,B85611,Paracet_Tab 500mg,0407010H0AAAMAM,88,0.3443999999999979
94,B85614,Aripiprazole_Tab 15mg,0402010ADAAABAB,4,-0.01120000000000032
95,B85614,Atorvastatin_Tab 20mg,0212000B0AAABAB,3,67.5864
96,B85614,Bisoprolol Fumar_Tab 5mg,0204000H0AAAAAA,125,1.273999999999997
97,B85614,Olanzapine_Tab 10mg,040201060AAACAC,1,289.40799999999996
98,B85614,Paracet_Tab 500mg,0407010H0AAAMAM,588,160.81240000000005
99,B85614,Paracet_Tab Solb 500mg,0407010H0AAAQAQ,2,-0.011999999999998678
100,B85623,Atorvastatin_Tab 20mg,0212000B0AAABAB,9,90.1152
101,B85623,Bisoprolol Fumar_Tab 5mg,0204000H0AAAAAA,4,-0.01120000000000003
102,B85623,Montelukast_Tab 10mg,0303020G0AAABAB,15,79.2519
103,B85623,Paracet_Tab 500mg,0407010H0AAAMAM,30,0.06159999999999963
104,B85634,Bisoprolol Fumar_Tab 5mg,0204000H0AAAAAA,8,4.6144
105,B85634,Paracet_Tab 500mg,0407010H0AAAMAM,106,1.9424000000000214
106,B85634,Risperidone_Tab 6mg,040201030AAAFAF,1,29.2096
107,B85636,Paracet_Tab 500mg,0407010H0AAAMAM,38,10.155200000000002
108,B85636,Sildenafil_Tab 25mg,0704050Z0AAABAB,1,426.0256
109,B85638,Aripiprazole_Tab 15mg,0402010ADAAABAB,6,-0.01680000000000048
110,B85638,Atorvastatin_Tab 20mg,0212000B0AAABAB,17,22.5624
111,B85638,Bisoprolol Fumar_Tab 5mg,0204000H0AAAAAA,33,0.033599999999999436
112,B85638,Paracet_Tab 500mg,0407010H0AAAMAM,164,-0.7503999999999955
113,B85641,Aripiprazole_Tab 15mg,0402010ADAAABAB,4,0.016799999999999704
114,B85641,Atorvastatin_Tab 20mg,0212000B0AAABAB,1,0.0034000000000000974
115,B85641,Bisoprolol Fumar_Tab 5mg,0204000H0AAAAAA,41,5.851999999999999
116,B85641,Paracet_Tab 500mg,0407010H0AAAMAM,208,67.94720000000005
117,B85641,Paracet_Tab Solb 500mg,0407010H0AAAQAQ,2,0.00800000000000023
118,B85659,Aripiprazole_Tab 15mg,0402010ADAAABAB,1,345.24
119,B85659,Atorvastatin_Tab 20mg,0212000B0AAABAB,5,22.539999999999996
120,B85659,Bisoprolol Fumar_Tab 5mg,0204000H0AAAAAA,1,-0.0028000000000000073
121,B85659,Paracet_Tab 500mg,0407010H0AAAMAM,26,-0.14559999999999912
122,B85660,Aripiprazole_Tab 15mg,0402010ADAAABAB,4,-0.01120000000000032
123,B85660,Bisoprolol Fumar_Tab 5mg,0204000H0AAAAAA,4,-0.01120000000000003
124,B85660,Paracet_Tab 500mg,0407010H0AAAMAM,8,-0.02159999999999987
125,Y01952,Atorvastatin_Tab 20mg,0212000B0AAABAB,1,-0.002799999999999997
126,Y01952,Bisoprolol Fumar_Tab 5mg,0204000H0AAAAAA,1,-0.0028000000000000073
127,Y01952,Montelukast_Tab 10mg,0303020G0AAABAB,1,-0.0014999999999999736
128,Y01952,Olanzapine_Tab 10mg,040201060AAACAC,1,0.002999999999999947
129,Y01952,Paracet_Tab 500mg,0407010H0AAAMAM,6,-0.02479999999999985
130,Y04266,Bisoprolol Fumar_Tab 5mg,0204000H0AAAAAA,37,18.502399999999998
131,Y04266,Montelukast_Tab 10mg,0303020G0AAABAB,5,48.748000000000005
132,Y04266,Paracet_Tab 500mg,0407010H0AAAMAM,84,-0.18879999999999886
133,Y04266,Risperidone_Tab 6mg,040201030AAAFAF,5,36.54
