,practice_code,bnf_description,bnf_code,items,excess_cost
0,B81036,Aripiprazole_Tab 15mg,0402010ADAAABAB,1,0.004199999999999926
1,B81036,Paracet_Tab 500mg,0407010H0AAAMAM,4,0.0007999999999999952
2,B81036,Sumatriptan_Tab 50mg,0407041T0AAAFAF,20,0.0
3,B82002,Aripiprazole_Tab 15mg,0402010ADAAABAB,1,0.004199999999999926
4,B82002,Atorvastatin_Tab 80mg,0212000B0AAADAD,4,0.00840000000000024
5,B82002,Paracet_Tab 500mg,0407010H0AAAMAM,8,0.0335999999999998
6,B82002,Simvastatin_Tab 40mg,0212000Y0AAADAD,4,0.00839999999999995
7,B82002,Sumatriptan_Tab 50mg,0407041T0AAAFAF,14,77.826
8,B82005,Atorvastatin_Tab 20mg,0212000B0AAABAB,841,89.30560000000004
9,B82005,Atorvastatin_Tab 40mg,0212000B0AAACAC,450,65.82240000000003
10,B82005,Atorvastatin_Tab 80mg,0212000B0AAADAD,376,176.62819999999996
11,B82005,Hydrocort_Tab 10mg,0603020J0AAADAD,3,-11.375899999999996
12,B82005,Memantine HCl_Tab 20mg,0411000G0AAADAD,55,63.997499999999995
13,B82005,Olanzapine_Tab 20mg,040201060AAAQAQ,20,68.74140000000001
14,B82005,Paracet_Tab 500mg,0407010H0AAAMAM,2292,431.8376000000004
15,B82005,Simvastatin_Tab 40mg,0212000Y0AAADAD,168,0.3527999999999979
16,B82005,Sumatriptan_Tab 50mg,0407041T0AAAFAF,60,1.9991999999999837
17,B82018,Paracet_Tab 500mg,0407010H0AAAMAM,4,19.315199999999997
18,B82018,Sumatriptan_Tab 50mg,0407041T0AAAFAF,12,0.0
19,B82021,Atorvastatin_Tab 20mg,0212000B0AAABAB,2,0.0008000000000000229
20,B82021,Atorvastatin_Tab 80mg,0212000B0AAADAD,23,0.048300000000001383
21,B82021,Hydrocort_Tab 10mg,0603020J0AAADAD,2,-0.022399999999997533
22,B82021,Memantine HCl_Tab 20mg,0411000G0AAADAD,6,0.029399999999999968
23,B82021,Paracet_Tab 500mg,0407010H0AAAMAM,54,-0.13719999999999916
24,B82021,Simvastatin_Tab 40mg,0212000Y0AAADAD,49,0.10289999999999938
25,B82021,Sumatriptan_Tab 50mg,0407041T0AAAFAF,8,0.0
26,B82026,Aripiprazole_Tab 15mg,0402010ADAAABAB,3,-0.00840000000000024
27,B82026,Atorvastatin_Tab 20mg,0212000B0AAABAB,832,24.519600000000086
28,B82026,Atorvastatin_Tab 80mg,0212000B0AAADAD,27,0.056700000000001624
29,B82026,Hydrocort_Tab 10mg,0603020J0AAADAD,2,-0.006699999999999262
30,B82026,Memantine HCl_Tab 20mg,0411000G0AAADAD,53,127.89630000000001
31,B82026,Olanzapine_Tab 20mg,040201060AAAQAQ,4,-0.011199999999998766
32,B82026,Paracet_Tab 500mg,0407010H0AAAMAM,420,21.04840000000013
33,B82026,Simvastatin_Tab 40mg,0212000Y0AAADAD,825,151.8965
34,B82026,Sumatriptan_Tab 50mg,0407041T0AAAFAF,64,64.07879999999996
35,B82031,Atorvastatin_Tab 80mg,0212000B0AAADAD,8,0.01680000000000048
36,B82031,Paracet_Tab 500mg,0407010H0AAAMAM,28,-0.01839999999999989
37,B82031,Simvastatin_Tab 40mg,0212000Y0AAADAD,4,0.00839999999999995
38,B82031,Sumatriptan_Tab 50mg,0407041T0AAAFAF,17,0.0
39,B82033,Atorvastatin_Tab 20mg,0212000B0AAABAB,1,0.0020000000000000573
40,B82033,Atorvastatin_Tab 80mg,0212000B0AAADAD,1,0.00210000000000006
41,B82033,Memantine HCl_Tab 20mg,0411000G0AAADAD,6,0.029399999999999968
42,B82033,Paracet_Tab 500mg,0407010H0AAAMAM,38,-0.053999999999999715
43,B82033,Simvastatin_Tab 40mg,0212000Y0AAADAD,18,0.03779999999999977
44,B82033,Sumatriptan_Tab 50mg,0407041T0AAAFAF,20,0.0
45,B82041,Atorvastatin_Tab 20mg,0212000B0AAABAB,1,0.004400000000000015
46,B82041,Atorvastatin_Tab 80mg,0212000B0AAADAD,8,0.01680000000000048
47,B82041,Memantine HCl_Tab 20mg,0411000G0AAADAD,4,0.01959999999999998
48,B82041,Olanzapine_Tab 20mg,040201060AAAQAQ,3,-0.008399999999999075
49,B82041,Paracet_Tab 500mg,0407010H0AAAMAM,36,-0.1343999999999992
50,B82041,Simvastatin_Tab 40mg,0212000Y0AAADAD,52,0.1343999999999992
51,B82041,Sumatriptan_Tab 50mg,0407041T0AAAFAF,28,0.0
52,B82047,Hydrocort_Tab 10mg,0603020J0AAADAD,2,159.984
53,B82047,Memantine HCl_Tab 20mg,0411000G0AAADAD,5,0.024499999999999973
54,B82047,Simvastatin_Tab 40mg,0212000Y0AAADAD,9,0.029399999999999822
55,B82047,Sumatriptan_Tab 50mg,0407041T0AAAFAF,7,0.0
56,B82064,Paracet_Tab 500mg,0407010H0AAAMAM,2,-0.011199999999999932
57,B82064,Sumatriptan_Tab 50mg,0407041T0AAAFAF,8,0.0
58,B82068,Atorvastatin_Tab 80mg,0212000B0AAADAD,8,0.01680000000000048
59,B82068,Memantine HCl_Tab 20mg,0411000G0AAADAD,4,0.01959999999999998
60,B82068,Olanzapine_Tab 20mg,040201060AAAQAQ,4,-0.011199999999998766
61,B82068,Paracet_Tab 500mg,0407010H0AAAMAM,72,-0.04679999999999973
62,B82068,Simvastatin_Tab 40mg,0212000Y0AAADAD,9,0.018899999999999886
63,B82068,Sumatriptan_Tab 50mg,0407041T0AAAFAF,10,0.0
64,B82071,Atorvastatin_Tab 40mg,0212000B0AAACAC,88,66.8976
65,B82071,Atorvastatin_Tab 80mg,0212000B0AAADAD,3,0.0063000000000001805
66,B82071,Memantine HCl_Tab 20mg,0411000G0AAADAD,8,0.03919999999999996
67,B82071,Paracet_Tab 500mg,0407010H0AAAMAM,156,19.633600000000026
68,B82071,Simvastatin_Tab 40mg,0212000Y0AAADAD,24,0.058799999999999644
69,B82071,Sumatriptan_Tab 50mg,0407041T0AAAFAF,9,0.0
70,B82073,Aripiprazole_Tab 15mg,0402010ADAAABAB,5,-0.014000000000000401
71,B82073,Atorvastatin_Tab 80mg,0212000B0AAADAD,41,0.08610000000000247
72,B82073,Hydrocort_Tab 10mg,0603020J0AAADAD,1,0.004499999999999504
73,B82073,Memantine HCl_Tab 20mg,0411000G0AAADAD,12,0.058799999999999936
74,B82073,Paracet_Tab 500mg,0407010H0AAAMAM,446,-16.32239999999998
75,B82073,Simvastatin_Tab 40mg,0212000Y0AAADAD,386,16.172099999999986
76,B82073,Sumatriptan_Tab 50mg,0407041T0AAAFAF,29,0.0
77,B82074,Atorvastatin_Tab 20mg,0212000B0AAABAB,215,22.87600000000003
78,B82074,Hydrocort_Tab 10mg,0603020J0AAADAD,1,-0.011199999999998766
79,B82074,Paracet_Tab 500mg,0407010H0AAAMAM,6,-0.0335999999999998
80,B82074,Simvastatin_Tab 40mg,0212000Y0AAADAD,2,0.00839999999999995
81,B82074,Sumatriptan_Tab 50mg,0407041T0AAAFAF,27,55.008
82,B82077,Atorvastatin_Tab 40mg,0212000B0AAACAC,1,0.006000000000000172
83,B82077,Atorvastatin_Tab 80mg,0212000B0AAADAD,47,24.740799999999997
84,B82077,Olanzapine_Tab 20mg,040201060AAAQAQ,3,-0.008399999999999075
85,B82077,Paracet_Tab 500mg,0407010H0AAAMAM,238,4.812800000000046
86,B82077,Simvastatin_Tab 40mg,0212000Y0AAADAD,6,0.012599999999999924
87,B82077,Sumatriptan_Tab 50mg,0407041T0AAAFAF,9,3.4491999999999985
88,B82079,Sumatriptan_Tab 50mg,0407041T0AAAFAF,3,0.0
89,B82080,Atorvastatin_Tab 80mg,0212000B0AAADAD,13,0.027300000000000782
90,B82080,Hydrocort_Tab 10mg,0603020J0AAADAD,1,0.004499999999999504
91,B82080,Paracet_Tab 500mg,0407010H0AAAMAM,56,-0.18479999999999888
92,B82080,Simvastatin_Tab 40mg,0212000Y0AAADAD,8,0.0167999999999999
93,B82080,Sumatriptan_Tab 50mg,0407041T0AAAFAF,35,0.0
94,B82081,Atorvastatin_Tab 80mg,0212000B0AAADAD,7,0.014700000000000421
95,B82081,Memantine HCl_Tab 20mg,0411000G0AAADAD,8,0.03919999999999996
96,B82081,Paracet_Tab 500mg,0407010H0AAAMAM,232,-0.47039999999999726
97,B82081,Simvastatin_Tab 40mg,0212000Y0AAADAD,16,0.0335999999999998
98,B82081,Sumatriptan_Tab 50mg,0407041T0AAAFAF,8,0.0
99,B82083,Aripiprazole_Tab 15mg,0402010ADAAABAB,12,172.61159999999998
100,B82083,Atorvastatin_Tab 20mg,0212000B0AAABAB,762,180.77620000000013
101,B82083,Atorvastatin_Tab 40mg,0212000B0AAACAC,1,0.006000000000000172
102,B82083,Atorvastatin_Tab 80mg,0212000B0AAADAD,14,0.01880000000000054
103,B82083,Memantine HCl_Tab 20mg,0411000G0AAADAD,20,241.808
104,B82083,Olanzapine_Tab 20mg,040201060AAAQAQ,12,137.55839999999998
105,B82083,Paracet_Tab 500mg,0407010H0AAAMAM,1436,193.65060000000022
106,B82083,Simvastatin_Tab 40mg,0212000Y0AAADAD,27,0.06339999999999961
107,B82083,Sumatriptan_Tab 50mg,0407041T0AAAFAF,70,0.0
108,B82097,Paracet_Tab 500mg,0407010H0AAAMAM,156,0.518800000000029
109,B82097,Sumatriptan_Tab 50mg,0407041T0AAAFAF,12,0.0
110,B82098,Atorvastatin_Tab 80mg,0212000B0AAADAD,7,0.014700000000000421
111,B82098,Memantine HCl_Tab 20mg,0411000G0AAADAD,3,0.014699999999999984
112,B82098,Olanzapine_Tab 20mg,040201060AAAQAQ,2,0.01120000000000032
113,B82098,Paracet_Tab 500mg,0407010H0AAAMAM,30,0.10999999999999932
114,B82098,Simvastatin_Tab 40mg,0212000Y0AAADAD,14,0.0335999999999998
115,B82098,Sumatriptan_Tab 50mg,0407041T0AAAFAF,19,0.0
116,B82100,Atorvastatin_Tab 20mg,0212000B0AAABAB,78,22.495200000000008
117,B82100,Memantine HCl_Tab 20mg,0411000G0AAADAD,4,191.6992
118,B82100,Olanzapine_Tab 20mg,040201060AAAQAQ,5,-0.013999999999998458
119,B82100,Paracet_Tab 500mg,0407010H0AAAMAM,300,-6.956799999999985
120,B82100,Simvastatin_Tab 40mg,0212000Y0AAADAD,17,0.03569999999999979
121,B82100,Sumatriptan_Tab 50mg,0407041T0AAAFAF,4,0.0
122,B82103,Sumatriptan_Tab 50mg,0407041T0AAAFAF,1,0.0
123,B82105,Atorvastatin_Tab 20mg,0212000B0AAABAB,254,315.7504
124,B82105,Atorvastatin_Tab 40mg,0212000B0AAACAC,212,89.03999999999999
125,B82105,Atorvastatin_Tab 80mg,0212000B0AAADAD,77,24.794000000000022
126,B82105,Paracet_Tab 500mg,0407010H0AAAMAM,380,18.555200000000013
127,B82105,Simvastatin_Tab 40mg,0212000Y0AAADAD,238,3.998399999999999
128,B82105,Sumatriptan_Tab 50mg,0407041T0AAAFAF,17,6.503999999999996
129,B82619,Paracet_Tab 500mg,0407010H0AAAMAM,56,-1.1199999999999932
