,practice_code,bnf_description,bnf_code,items,excess_cost
25,F81108,Atorvastatin_Tab 10mg,0212000B0AAAAAA,94,465.3376
270,F81031,Quetiapine_Tab 200mg,0402010ABAAADAD,2,311.8304
295,F81031,Prednisolone_Tab 5mg,0603020T0AAACAC,34,302.3076
365,Y00758,Quetiapine_Tab 300mg,0402010ABAAAKAK,1,257.184
271,F81031,Quetiapine_Tab 200mg,0402010ABAAADAD,1,233.87279999999998
0,F81080,Atorvastatin_Tab 20mg,0212000B0AAABAB,107,225.29920000000004
63,F81031,Atorvastatin_Tab 40mg,0212000B0AAACAC,118,200.8832
64,F81108,Atorvastatin_Tab 40mg,0212000B0AAACAC,145,177.82799999999997
1,F81031,Atorvastatin_Tab 20mg,0212000B0AAABAB,70,135.24
2,F81732,Atorvastatin_Tab 20mg,0212000B0AAABAB,23,135.24
3,F81707,Atorvastatin_Tab 20mg,0212000B0AAABAB,1,135.18959999999998
79,Y00469,Paracet_Tab 500mg,0407010H0AAAMAM,89,121.04
78,Y00469,Paracet_Tab 500mg,0407010H0AAAMAM,89,121.04
366,F81031,Quetiapine_Tab 300mg,0402010ABAAAKAK,3,120.01919999999998
65,F81104,Atorvastatin_Tab 40mg,0212000B0AAACAC,107,111.45120000000001
461,F81163,Lansoprazole_Cap 30mg (E/C Gran),0103050L0AAAAAA,5,90.272
4,F81108,Atorvastatin_Tab 20mg,0212000B0AAABAB,237,90.2496
5,Y00469,Atorvastatin_Tab 20mg,0212000B0AAABAB,31,90.0984
6,F81102,Atorvastatin_Tab 20mg,0212000B0AAABAB,60,90.04800000000002
66,F81031,Atorvastatin_Tab 40mg,0212000B0AAACAC,9,89.0064
408,F81108,Ferr Sulf_Tab 200mg,0901011P0AAACAC,7,84.4956
296,F81031,Prednisolone_Tab 5mg,0603020T0AAACAC,5,73.276
26,F81732,Atorvastatin_Tab 10mg,0212000B0AAAAAA,9,69.77879999999999
462,F81013,Lansoprazole_Cap 30mg (E/C Gran),0103050L0AAAAAA,8,67.6704
323,F81031,Clopidogrel_Tab 75mg,0209000C0AAAAAA,5,61.86
27,F81108,Atorvastatin_Tab 10mg,0212000B0AAAAAA,21,58.15319999999999
463,F81108,Lansoprazole_Cap 30mg (E/C Gran),0103050L0AAAAAA,266,56.60480000000007
324,F81108,Clopidogrel_Tab 75mg,0209000C0AAAAAA,63,52.567200000000014
325,F81732,Clopidogrel_Tab 75mg,0209000C0AAAAAA,17,52.55039999999999
7,F81023,Atorvastatin_Tab 20mg,0212000B0AAABAB,55,45.27600000000002
8,F81151,Atorvastatin_Tab 20mg,0212000B0AAABAB,161,45.080000000000005
9,F81163,Atorvastatin_Tab 20mg,0212000B0AAABAB,118,44.934400000000004
464,F81158,Lansoprazole_Cap 30mg (E/C Gran),0103050L0AAAAAA,43,44.788800000000016
67,F81036,Atorvastatin_Tab 40mg,0212000B0AAACAC,61,44.7496
68,F81150,Atorvastatin_Tab 40mg,0212000B0AAACAC,23,44.5648
409,F81080,Ferr Sulf_Tab 200mg,0901011P0AAACAC,5,42.251999999999995
326,F81085,Clopidogrel_Tab 75mg,0209000C0AAAAAA,42,35.04480000000001
28,F81168,Atorvastatin_Tab 10mg,0212000B0AAAAAA,3,34.901999999999994
80,Y00469,Paracet_Tab 500mg,0407010H0AAAMAM,64,32.9728
81,Y00469,Paracet_Tab 500mg,0407010H0AAAMAM,64,32.9728
410,F81108,Ferr Sulf_Tab 200mg,0901011P0AAACAC,1,31.689
327,F81645,Clopidogrel_Tab 75mg,0209000C0AAAAAA,2,30.930000000000003
411,F81045,Ferr Sulf_Tab 200mg,0901011P0AAACAC,8,28.201599999999996
412,F81108,Ferr Sulf_Tab 200mg,0901011P0AAACAC,3,28.1904
82,Y00469,Paracet_Tab 500mg,0407010H0AAAMAM,103,27.81000000000001
83,Y00469,Paracet_Tab 500mg,0407010H0AAAMAM,103,27.81000000000001
297,F81031,Prednisolone_Tab 5mg,0603020T0AAACAC,1,27.4764
328,F81108,Clopidogrel_Tab 75mg,0209000C0AAAAAA,31,26.3004
329,F81031,Clopidogrel_Tab 75mg,0209000C0AAAAAA,68,26.275199999999998
330,Y00469,Clopidogrel_Tab 75mg,0209000C0AAAAAA,103,26.24439999999999
465,F81158,Lansoprazole_Cap 30mg (E/C Gran),0103050L0AAAAAA,74,23.41360000000001
29,F81732,Atorvastatin_Tab 10mg,0212000B0AAAAAA,27,23.2848
30,F81168,Atorvastatin_Tab 10mg,0212000B0AAAAAA,23,23.2484
31,F81732,Atorvastatin_Tab 10mg,0212000B0AAAAAA,17,23.2288
32,F81041,Atorvastatin_Tab 10mg,0212000B0AAAAAA,35,23.226
33,F81085,Atorvastatin_Tab 10mg,0212000B0AAAAAA,88,23.161599999999996
10,F81025,Atorvastatin_Tab 20mg,0212000B0AAABAB,127,22.75840000000001
34,F81055,Atorvastatin_Tab 10mg,0212000B0AAAAAA,131,22.741600000000016
11,F81085,Atorvastatin_Tab 20mg,0212000B0AAABAB,67,22.6996
12,F81006,Atorvastatin_Tab 20mg,0212000B0AAABAB,45,22.680000000000003
69,F81707,Atorvastatin_Tab 40mg,0212000B0AAACAC,27,22.302000000000003
70,F81732,Atorvastatin_Tab 40mg,0212000B0AAACAC,43,22.274000000000004
71,F81108,Atorvastatin_Tab 40mg,0212000B0AAACAC,41,22.2712
413,Y00469,Ferr Sulf_Tab 200mg,0901011P0AAACAC,19,21.226799999999997
414,F81041,Ferr Sulf_Tab 200mg,0901011P0AAACAC,18,21.168
415,F81163,Ferr Sulf_Tab 200mg,0901011P0AAACAC,2,21.1344
298,F81031,Prednisolone_Tab 5mg,0603020T0AAACAC,3,19.62
84,F81186,Paracet_Tab 500mg,0407010H0AAAMAM,67,19.43
85,F81186,Paracet_Tab 500mg,0407010H0AAAMAM,67,19.43
331,Y00469,Clopidogrel_Tab 75mg,0209000C0AAAAAA,83,17.8367
299,F81031,Prednisolone_Tab 5mg,0603020T0AAACAC,1,17.6688
332,F81045,Clopidogrel_Tab 75mg,0209000C0AAAAAA,18,17.53919999999999
300,F81031,Prednisolone_Tab 5mg,0603020T0AAACAC,3,15.691199999999998
416,F81108,Ferr Sulf_Tab 200mg,0901011P0AAACAC,13,14.1232
418,F81150,Ferr Sulf_Tab 200mg,0901011P0AAACAC,3,14.0952
417,Y03052,Ferr Sulf_Tab 200mg,0901011P0AAACAC,3,14.0952
35,F81720,Atorvastatin_Tab 10mg,0212000B0AAAAAA,21,11.7012
36,F81222,Atorvastatin_Tab 10mg,0212000B0AAAAAA,3,11.633999999999999
37,F81150,Atorvastatin_Tab 10mg,0212000B0AAAAAA,46,11.592
87,F81102,Paracet_Tab 500mg,0407010H0AAAMAM,12,11.289600000000007
86,F81102,Paracet_Tab 500mg,0407010H0AAAMAM,12,11.289600000000007
466,F81150,Lansoprazole_Cap 30mg (E/C Gran),0103050L0AAAAAA,73,11.037600000000005
89,F81080,Paracet_Tab 500mg,0407010H0AAAMAM,38,10.640000000000015
88,F81080,Paracet_Tab 500mg,0407010H0AAAMAM,38,10.640000000000015
419,F81168,Ferr Sulf_Tab 200mg,0901011P0AAACAC,2,10.5588
90,F81102,Paracet_Tab 500mg,0407010H0AAAMAM,12,10.080000000000005
91,F81102,Paracet_Tab 500mg,0407010H0AAAMAM,12,10.080000000000005
92,F81060,Paracet_Tab 500mg,0407010H0AAAMAM,10,10.000000000000002
93,F81060,Paracet_Tab 500mg,0407010H0AAAMAM,10,10.000000000000002
301,F81031,Prednisolone_Tab 5mg,0603020T0AAACAC,2,9.81
302,F81031,Prednisolone_Tab 5mg,0603020T0AAACAC,7,9.1532
333,F81085,Clopidogrel_Tab 75mg,0209000C0AAAAAA,63,8.819999999999995
334,F81756,Clopidogrel_Tab 75mg,0209000C0AAAAAA,13,8.808799999999998
335,F81168,Clopidogrel_Tab 75mg,0209000C0AAAAAA,32,8.780799999999996
336,F81222,Clopidogrel_Tab 75mg,0209000C0AAAAAA,19,8.777999999999997
337,F81041,Clopidogrel_Tab 75mg,0209000C0AAAAAA,59,8.755599999999987
94,F81038,Paracet_Tab 500mg,0407010H0AAAMAM,15,8.7
95,F81038,Paracet_Tab 500mg,0407010H0AAAMAM,15,8.7
96,F81108,Paracet_Tab 500mg,0407010H0AAAMAM,104,5.200000000000005
97,F81108,Paracet_Tab 500mg,0407010H0AAAMAM,104,5.200000000000005
99,F81036,Paracet_Tab 500mg,0407010H0AAAMAM,102,5.100000000000005
98,F81036,Paracet_Tab 500mg,0407010H0AAAMAM,102,5.100000000000005
101,F81006,Paracet_Tab 500mg,0407010H0AAAMAM,3,5.04
100,F81006,Paracet_Tab 500mg,0407010H0AAAMAM,3,5.04
103,F81041,Paracet_Tab 500mg,0407010H0AAAMAM,121,4.840000000000012
102,F81041,Paracet_Tab 500mg,0407010H0AAAMAM,121,4.840000000000012
104,F81222,Paracet_Tab 500mg,0407010H0AAAMAM,34,4.760000000000007
105,F81222,Paracet_Tab 500mg,0407010H0AAAMAM,34,4.760000000000007
338,F81080,Clopidogrel_Tab 75mg,0209000C0AAAAAA,44,4.589200000000001
106,Y03052,Paracet_Tab 500mg,0407010H0AAAMAM,48,4.320000000000007
107,Y03052,Paracet_Tab 500mg,0407010H0AAAMAM,48,4.320000000000007
467,F81036,Lansoprazole_Cap 30mg (E/C Gran),0103050L0AAAAAA,185,4.144000000000047
468,F81732,Lansoprazole_Cap 30mg (E/C Gran),0103050L0AAAAAA,110,3.695999999999999
469,Y03052,Lansoprazole_Cap 30mg (E/C Gran),0103050L0AAAAAA,92,3.6063999999999963
109,F81707,Paracet_Tab 500mg,0407010H0AAAMAM,11,3.080000000000004
108,F81707,Paracet_Tab 500mg,0407010H0AAAMAM,11,3.080000000000004
110,Y00469,Paracet_Tab 500mg,0407010H0AAAMAM,21,2.7048
111,Y00469,Paracet_Tab 500mg,0407010H0AAAMAM,21,2.7048
470,F81031,Lansoprazole_Cap 30mg (E/C Gran),0103050L0AAAAAA,269,2.2596000000000123
420,Y00469,Ferr Sulf_Tab 200mg,0901011P0AAACAC,1,2.1599999999999993
471,F81168,Lansoprazole_Cap 30mg (E/C Gran),0103050L0AAAAAA,101,1.9795999999999978
472,F81060,Lansoprazole_Cap 30mg (E/C Gran),0103050L0AAAAAA,100,1.9599999999999977
473,F81045,Lansoprazole_Cap 30mg (E/C Gran),0103050L0AAAAAA,28,1.9208000000000007
474,Y00758,Lansoprazole_Cap 30mg (E/C Gran),0103050L0AAAAAA,12,1.8732
475,F81108,Lansoprazole_Cap 30mg (E/C Gran),0103050L0AAAAAA,103,1.7304000000000095
476,F81151,Lansoprazole_Cap 30mg (E/C Gran),0103050L0AAAAAA,153,1.7136000000000193
72,F81006,Atorvastatin_Tab 40mg,0212000B0AAACAC,74,1.6576000000000044
477,Y00469,Lansoprazole_Cap 30mg (E/C Gran),0103050L0AAAAAA,271,1.5175999999999907
112,F81029,Paracet_Tab 500mg,0407010H0AAAMAM,1,1.2656
113,F81029,Paracet_Tab 500mg,0407010H0AAAMAM,1,1.2656
478,Y00469,Lansoprazole_Cap 30mg (E/C Gran),0103050L0AAAAAA,160,1.2320000000000042
73,F81222,Atorvastatin_Tab 40mg,0212000B0AAACAC,62,1.0416000000000056
479,F81041,Lansoprazole_Cap 30mg (E/C Gran),0103050L0AAAAAA,174,0.9743999999999942
480,F81029,Lansoprazole_Cap 30mg (E/C Gran),0103050L0AAAAAA,2,0.888
481,F81080,Lansoprazole_Cap 30mg (E/C Gran),0103050L0AAAAAA,45,0.881999999999999
482,F81150,Lansoprazole_Cap 30mg (E/C Gran),0103050L0AAAAAA,143,0.8007999999999952
115,F81150,Paracet_Tab 500mg,0407010H0AAAMAM,4,0.6720000000000006
114,F81150,Paracet_Tab 500mg,0407010H0AAAMAM,4,0.6720000000000006
116,F81151,Paracet_Tab 500mg,0407010H0AAAMAM,22,0.6600000000000037
117,F81151,Paracet_Tab 500mg,0407010H0AAAMAM,22,0.6600000000000037
421,F81029,Ferr Sulf_Tab 200mg,0901011P0AAACAC,4,0.6047999999999987
483,F81055,Lansoprazole_Cap 30mg (E/C Gran),0103050L0AAAAAA,135,0.5670000000000032
119,F81055,Paracet_Tab 500mg,0407010H0AAAMAM,49,0.48999999999999705
118,F81055,Paracet_Tab 500mg,0407010H0AAAMAM,49,0.48999999999999705
339,F81055,Clopidogrel_Tab 75mg,0209000C0AAAAAA,81,0.3968999999999996
121,F81720,Paracet_Tab 500mg,0407010H0AAAMAM,16,0.35839999999999783
120,F81720,Paracet_Tab 500mg,0407010H0AAAMAM,16,0.35839999999999783
123,F81080,Paracet_Tab 500mg,0407010H0AAAMAM,35,0.34999999999999787
122,F81080,Paracet_Tab 500mg,0407010H0AAAMAM,35,0.34999999999999787
484,F81080,Lansoprazole_Cap 30mg (E/C Gran),0103050L0AAAAAA,114,0.3192000000000036
125,F81029,Paracet_Tab 500mg,0407010H0AAAMAM,1,0.31360000000000043
124,F81029,Paracet_Tab 500mg,0407010H0AAAMAM,1,0.31360000000000043
126,F81080,Paracet_Tab 500mg,0407010H0AAAMAM,14,0.3135999999999981
127,F81080,Paracet_Tab 500mg,0407010H0AAAMAM,14,0.3135999999999981
128,F81186,Paracet_Tab 500mg,0407010H0AAAMAM,11,0.27500000000000024
129,F81186,Paracet_Tab 500mg,0407010H0AAAMAM,11,0.27500000000000024
485,F81158,Lansoprazole_Cap 30mg (E/C Gran),0103050L0AAAAAA,89,0.2492000000000028
303,F81104,Prednisolone_Tab 5mg,0603020T0AAACAC,7,0.23519999999999994
486,F81168,Lansoprazole_Cap 30mg (E/C Gran),0103050L0AAAAAA,81,0.22680000000000256
487,F81102,Lansoprazole_Cap 30mg (E/C Gran),0103050L0AAAAAA,78,0.21840000000000248
340,F81168,Clopidogrel_Tab 75mg,0209000C0AAAAAA,38,0.1861999999999998
488,F81060,Lansoprazole_Cap 30mg (E/C Gran),0103050L0AAAAAA,64,0.17920000000000202
341,F81102,Clopidogrel_Tab 75mg,0209000C0AAAAAA,36,0.1763999999999998
13,F81720,Atorvastatin_Tab 20mg,0212000B0AAABAB,61,0.1708000000000049
342,F81060,Clopidogrel_Tab 75mg,0209000C0AAAAAA,33,0.16169999999999982
489,F81186,Lansoprazole_Cap 30mg (E/C Gran),0103050L0AAAAAA,56,0.15680000000000177
343,F81045,Clopidogrel_Tab 75mg,0209000C0AAAAAA,31,0.15189999999999984
344,F81158,Clopidogrel_Tab 75mg,0209000C0AAAAAA,31,0.15189999999999984
345,F81151,Clopidogrel_Tab 75mg,0209000C0AAAAAA,53,0.14839999999999395
14,F81151,Atorvastatin_Tab 20mg,0212000B0AAABAB,13,0.14560000000000417
304,F81186,Prednisolone_Tab 5mg,0603020T0AAACAC,14,0.12599999999999922
346,F81720,Clopidogrel_Tab 75mg,0209000C0AAAAAA,7,0.11759999999999793
347,F81732,Clopidogrel_Tab 75mg,0209000C0AAAAAA,23,0.11269999999999988
422,F81055,Ferr Sulf_Tab 200mg,0901011P0AAACAC,20,0.11199999999999932
348,F81006,Clopidogrel_Tab 75mg,0209000C0AAAAAA,38,0.10639999999999566
349,F81645,Clopidogrel_Tab 75mg,0209000C0AAAAAA,21,0.10289999999999988
490,F81732,Lansoprazole_Cap 30mg (E/C Gran),0103050L0AAAAAA,35,0.09800000000000111
491,F81025,Lansoprazole_Cap 30mg (E/C Gran),0103050L0AAAAAA,17,0.09520000000000108
492,F81222,Lansoprazole_Cap 30mg (E/C Gran),0103050L0AAAAAA,31,0.08680000000000099
74,F81038,Atorvastatin_Tab 40mg,0212000B0AAACAC,30,0.0840000000000024
494,F81168,Lansoprazole_Cap 30mg (E/C Gran),0103050L0AAAAAA,15,0.08400000000000095
493,F81060,Lansoprazole_Cap 30mg (E/C Gran),0103050L0AAAAAA,15,0.08400000000000095
350,F81186,Clopidogrel_Tab 75mg,0209000C0AAAAAA,17,0.0832999999999999
131,F81036,Paracet_Tab 500mg,0407010H0AAAMAM,2,0.07839999999999991
130,F81036,Paracet_Tab 500mg,0407010H0AAAMAM,2,0.07839999999999991
495,F81055,Lansoprazole_Cap 30mg (E/C Gran),0103050L0AAAAAA,13,0.07280000000000082
496,F81640,Lansoprazole_Cap 30mg (E/C Gran),0103050L0AAAAAA,25,0.07000000000000078
497,F81158,Lansoprazole_Cap 30mg (E/C Gran),0103050L0AAAAAA,12,0.06720000000000076
498,F81163,Lansoprazole_Cap 30mg (E/C Gran),0103050L0AAAAAA,24,0.06720000000000076
423,F81080,Ferr Sulf_Tab 200mg,0901011P0AAACAC,12,0.0671999999999996
351,F81060,Clopidogrel_Tab 75mg,0209000C0AAAAAA,24,0.06719999999999726
38,F81055,Atorvastatin_Tab 10mg,0212000B0AAAAAA,30,0.06300000000000035
500,F81080,Lansoprazole_Cap 30mg (E/C Gran),0103050L0AAAAAA,11,0.061600000000000696
499,F81645,Lansoprazole_Cap 30mg (E/C Gran),0103050L0AAAAAA,22,0.061600000000000696
39,F81102,Atorvastatin_Tab 10mg,0212000B0AAAAAA,28,0.058800000000000324
352,F81085,Clopidogrel_Tab 75mg,0209000C0AAAAAA,12,0.058799999999999936
353,F81651,Clopidogrel_Tab 75mg,0209000C0AAAAAA,12,0.058799999999999936
305,F81163,Prednisolone_Tab 5mg,0603020T0AAACAC,12,0.058799999999999936
502,F81666,Lansoprazole_Cap 30mg (E/C Gran),0103050L0AAAAAA,20,0.05600000000000063
501,Y00469,Lansoprazole_Cap 30mg (E/C Gran),0103050L0AAAAAA,10,0.05600000000000063
40,F81158,Atorvastatin_Tab 10mg,0212000B0AAAAAA,26,0.0546000000000003
306,Y00469,Prednisolone_Tab 5mg,0603020T0AAACAC,11,0.05389999999999994
503,F81651,Lansoprazole_Cap 30mg (E/C Gran),0103050L0AAAAAA,8,0.044800000000000506
504,F81102,Lansoprazole_Cap 30mg (E/C Gran),0103050L0AAAAAA,8,0.044800000000000506
505,F81151,Lansoprazole_Cap 30mg (E/C Gran),0103050L0AAAAAA,16,0.044800000000000506
424,Y00469,Ferr Sulf_Tab 200mg,0901011P0AAACAC,8,0.04479999999999973
41,F81080,Atorvastatin_Tab 10mg,0212000B0AAAAAA,20,0.04200000000000023
42,F81163,Atorvastatin_Tab 10mg,0212000B0AAAAAA,20,0.04200000000000023
506,F81645,Lansoprazole_Cap 30mg (E/C Gran),0103050L0AAAAAA,7,0.03920000000000044
507,F81038,Lansoprazole_Cap 30mg (E/C Gran),0103050L0AAAAAA,7,0.03920000000000044
308,F81158,Prednisolone_Tab 5mg,0603020T0AAACAC,8,0.03919999999999996
356,F81222,Clopidogrel_Tab 75mg,0209000C0AAAAAA,8,0.03919999999999996
307,F81080,Prednisolone_Tab 5mg,0603020T0AAACAC,8,0.03919999999999996
354,F81640,Clopidogrel_Tab 75mg,0209000C0AAAAAA,8,0.03919999999999996
355,F81036,Clopidogrel_Tab 75mg,0209000C0AAAAAA,8,0.03919999999999996
132,F81023,Paracet_Tab 500mg,0407010H0AAAMAM,2,0.03840000000000021
133,F81023,Paracet_Tab 500mg,0407010H0AAAMAM,2,0.03840000000000021
135,Y00469,Paracet_Tab 500mg,0407010H0AAAMAM,9,0.03779999999999977
134,Y00469,Paracet_Tab 500mg,0407010H0AAAMAM,9,0.03779999999999977
508,F81038,Lansoprazole_Cap 30mg (E/C Gran),0103050L0AAAAAA,13,0.03640000000000041
357,F81151,Clopidogrel_Tab 75mg,0209000C0AAAAAA,6,0.029399999999999968
510,F81150,Lansoprazole_Cap 30mg (E/C Gran),0103050L0AAAAAA,5,0.028000000000000316
509,F81108,Lansoprazole_Cap 30mg (E/C Gran),0103050L0AAAAAA,5,0.028000000000000316
426,F81168,Ferr Sulf_Tab 200mg,0901011P0AAACAC,5,0.02799999999999983
425,F81038,Ferr Sulf_Tab 200mg,0901011P0AAACAC,5,0.02799999999999983
427,F81013,Ferr Sulf_Tab 200mg,0901011P0AAACAC,3,0.0269999999999989
511,F81085,Lansoprazole_Cap 30mg (E/C Gran),0103050L0AAAAAA,9,0.025200000000000285
43,F81222,Atorvastatin_Tab 10mg,0212000B0AAAAAA,12,0.02520000000000014
136,Y00469,Paracet_Tab 500mg,0407010H0AAAMAM,9,0.025199999999999848
137,Y00469,Paracet_Tab 500mg,0407010H0AAAMAM,9,0.025199999999999848
367,F81031,Quetiapine_Tab 300mg,0402010ABAAAKAK,4,0.023999999999997357
512,F81711,Lansoprazole_Cap 30mg (E/C Gran),0103050L0AAAAAA,4,0.022400000000000253
513,F81023,Lansoprazole_Cap 30mg (E/C Gran),0103050L0AAAAAA,4,0.022400000000000253
429,F81158,Ferr Sulf_Tab 200mg,0901011P0AAACAC,4,0.022399999999999864
428,F81102,Ferr Sulf_Tab 200mg,0901011P0AAACAC,4,0.022399999999999864
138,F81080,Paracet_Tab 500mg,0407010H0AAAMAM,8,0.022399999999999864
139,F81080,Paracet_Tab 500mg,0407010H0AAAMAM,8,0.022399999999999864
368,F81222,Quetiapine_Tab 300mg,0402010ABAAAKAK,4,0.022399999999997533
140,F81158,Paracet_Tab 500mg,0407010H0AAAMAM,5,0.020999999999999873
141,F81163,Paracet_Tab 500mg,0407010H0AAAMAM,5,0.020999999999999873
142,F81158,Paracet_Tab 500mg,0407010H0AAAMAM,5,0.020999999999999873
143,F81163,Paracet_Tab 500mg,0407010H0AAAMAM,5,0.020999999999999873
514,F81651,Lansoprazole_Cap 30mg (E/C Gran),0103050L0AAAAAA,7,0.01960000000000022
358,F81038,Clopidogrel_Tab 75mg,0209000C0AAAAAA,4,0.01959999999999998
309,F81151,Prednisolone_Tab 5mg,0603020T0AAACAC,4,0.01959999999999998
144,F81055,Paracet_Tab 500mg,0407010H0AAAMAM,7,0.01959999999999988
145,F81055,Paracet_Tab 500mg,0407010H0AAAMAM,7,0.01959999999999988
430,F81732,Ferr Sulf_Tab 200mg,0901011P0AAACAC,7,0.01959999999999988
44,Y00469,Atorvastatin_Tab 10mg,0212000B0AAAAAA,9,0.018900000000000104
147,F81031,Paracet_Tab 500mg,0407010H0AAAMAM,3,0.01799999999999989
146,F81031,Paracet_Tab 500mg,0407010H0AAAMAM,3,0.01799999999999989
432,F81029,Ferr Sulf_Tab 200mg,0901011P0AAACAC,1,0.017999999999999267
433,F81108,Ferr Sulf_Tab 200mg,0901011P0AAACAC,1,0.017999999999999267
431,F81025,Ferr Sulf_Tab 200mg,0901011P0AAACAC,3,0.017999999999999267
45,F81645,Atorvastatin_Tab 10mg,0212000B0AAAAAA,8,0.016800000000000093
46,F81036,Atorvastatin_Tab 10mg,0212000B0AAAAAA,8,0.016800000000000093
47,F81648,Atorvastatin_Tab 10mg,0212000B0AAAAAA,8,0.016800000000000093
155,F81045,Paracet_Tab 500mg,0407010H0AAAMAM,4,0.0167999999999999
149,F81045,Paracet_Tab 500mg,0407010H0AAAMAM,4,0.0167999999999999
153,F81031,Paracet_Tab 500mg,0407010H0AAAMAM,4,0.0167999999999999
152,F81031,Paracet_Tab 500mg,0407010H0AAAMAM,4,0.0167999999999999
151,F81222,Paracet_Tab 500mg,0407010H0AAAMAM,4,0.0167999999999999
150,F81080,Paracet_Tab 500mg,0407010H0AAAMAM,4,0.0167999999999999
154,F81080,Paracet_Tab 500mg,0407010H0AAAMAM,4,0.0167999999999999
148,F81222,Paracet_Tab 500mg,0407010H0AAAMAM,4,0.0167999999999999
434,F81023,Ferr Sulf_Tab 200mg,0901011P0AAACAC,3,0.0167999999999999
369,F81060,Quetiapine_Tab 300mg,0402010ABAAAKAK,3,0.01679999999999815
48,F81666,Atorvastatin_Tab 10mg,0212000B0AAAAAA,7,0.014700000000000081
360,F81029,Clopidogrel_Tab 75mg,0209000C0AAAAAA,3,0.014699999999999984
359,F81108,Clopidogrel_Tab 75mg,0209000C0AAAAAA,3,0.014699999999999984
515,F81006,Lansoprazole_Cap 30mg (E/C Gran),0103050L0AAAAAA,5,0.014000000000000158
435,F81102,Ferr Sulf_Tab 200mg,0901011P0AAACAC,5,0.013999999999999915
49,F81045,Atorvastatin_Tab 10mg,0212000B0AAAAAA,6,0.01260000000000007
156,F81645,Paracet_Tab 500mg,0407010H0AAAMAM,3,0.012599999999999924
161,F81055,Paracet_Tab 500mg,0407010H0AAAMAM,3,0.012599999999999924
310,F81038,Prednisolone_Tab 5mg,0603020T0AAACAC,2,0.012599999999999924
157,F81055,Paracet_Tab 500mg,0407010H0AAAMAM,3,0.012599999999999924
160,F81666,Paracet_Tab 500mg,0407010H0AAAMAM,3,0.012599999999999924
159,F81645,Paracet_Tab 500mg,0407010H0AAAMAM,3,0.012599999999999924
158,F81666,Paracet_Tab 500mg,0407010H0AAAMAM,3,0.012599999999999924
162,F81085,Paracet_Tab 500mg,0407010H0AAAMAM,2,0.011999999999999927
163,F81085,Paracet_Tab 500mg,0407010H0AAAMAM,2,0.011999999999999927
164,F81222,Paracet_Tab 500mg,0407010H0AAAMAM,1,0.011999999999999927
165,F81006,Paracet_Tab 500mg,0407010H0AAAMAM,1,0.011999999999999927
166,F81222,Paracet_Tab 500mg,0407010H0AAAMAM,1,0.011999999999999927
167,F81006,Paracet_Tab 500mg,0407010H0AAAMAM,1,0.011999999999999927
439,F81036,Ferr Sulf_Tab 200mg,0901011P0AAACAC,1,0.011999999999999511
438,F81108,Ferr Sulf_Tab 200mg,0901011P0AAACAC,2,0.011999999999999511
436,F81025,Ferr Sulf_Tab 200mg,0901011P0AAACAC,1,0.011999999999999511
437,F81036,Ferr Sulf_Tab 200mg,0901011P0AAACAC,2,0.011999999999999511
372,F81640,Quetiapine_Tab 300mg,0402010ABAAAKAK,2,0.011999999999998678
371,F81151,Quetiapine_Tab 300mg,0402010ABAAAKAK,2,0.011999999999998678
370,F81060,Quetiapine_Tab 300mg,0402010ABAAAKAK,2,0.011999999999998678
521,F81036,Lansoprazole_Cap 30mg (E/C Gran),0103050L0AAAAAA,4,0.011200000000000127
520,Y05336,Lansoprazole_Cap 30mg (E/C Gran),0103050L0AAAAAA,2,0.011200000000000127
516,F81648,Lansoprazole_Cap 30mg (E/C Gran),0103050L0AAAAAA,4,0.011200000000000127
517,F81031,Lansoprazole_Cap 30mg (E/C Gran),0103050L0AAAAAA,4,0.011200000000000127
518,F81036,Lansoprazole_Cap 30mg (E/C Gran),0103050L0AAAAAA,2,0.011200000000000127
519,F81108,Lansoprazole_Cap 30mg (E/C Gran),0103050L0AAAAAA,4,0.011200000000000127
440,F81666,Ferr Sulf_Tab 200mg,0901011P0AAACAC,4,0.011199999999999932
168,F81102,Paracet_Tab 500mg,0407010H0AAAMAM,4,0.011199999999999932
169,F81102,Paracet_Tab 500mg,0407010H0AAAMAM,4,0.011199999999999932
170,F81640,Paracet_Tab 500mg,0407010H0AAAMAM,4,0.011199999999999932
171,F81640,Paracet_Tab 500mg,0407010H0AAAMAM,4,0.011199999999999932
442,F81055,Ferr Sulf_Tab 200mg,0901011P0AAACAC,4,0.011199999999999932
441,F81080,Ferr Sulf_Tab 200mg,0901011P0AAACAC,4,0.011199999999999932
50,F81732,Atorvastatin_Tab 10mg,0212000B0AAAAAA,5,0.010500000000000058
361,F81163,Clopidogrel_Tab 75mg,0209000C0AAAAAA,2,0.00979999999999999
443,F81029,Ferr Sulf_Tab 200mg,0901011P0AAACAC,1,0.008999999999999633
444,F81108,Ferr Sulf_Tab 200mg,0901011P0AAACAC,1,0.008999999999999633
373,F81640,Quetiapine_Tab 300mg,0402010ABAAAKAK,1,0.008999999999999009
522,F81029,Lansoprazole_Cap 30mg (E/C Gran),0103050L0AAAAAA,2,0.00840000000000024
53,F81085,Atorvastatin_Tab 10mg,0212000B0AAAAAA,4,0.008400000000000046
55,Y03052,Atorvastatin_Tab 10mg,0212000B0AAAAAA,2,0.008400000000000046
51,F81168,Atorvastatin_Tab 10mg,0212000B0AAAAAA,4,0.008400000000000046
52,F81060,Atorvastatin_Tab 10mg,0212000B0AAAAAA,4,0.008400000000000046
54,F81038,Atorvastatin_Tab 10mg,0212000B0AAAAAA,2,0.008400000000000046
172,F81222,Paracet_Tab 500mg,0407010H0AAAMAM,4,0.00839999999999995
445,F81732,Ferr Sulf_Tab 200mg,0901011P0AAACAC,1,0.00839999999999995
175,F81023,Paracet_Tab 500mg,0407010H0AAAMAM,3,0.00839999999999995
174,F81023,Paracet_Tab 500mg,0407010H0AAAMAM,3,0.00839999999999995
173,F81222,Paracet_Tab 500mg,0407010H0AAAMAM,4,0.00839999999999995
446,F81756,Ferr Sulf_Tab 200mg,0901011P0AAACAC,1,0.00839999999999995
374,F81060,Quetiapine_Tab 300mg,0402010ABAAAKAK,6,0.008399999999999075
311,F81085,Prednisolone_Tab 5mg,0603020T0AAACAC,1,0.007499999999999955
375,F81029,Quetiapine_Tab 300mg,0402010ABAAAKAK,5,0.006999999999999229
312,F81707,Prednisolone_Tab 5mg,0603020T0AAACAC,1,0.006499999999999961
56,F81029,Atorvastatin_Tab 10mg,0212000B0AAAAAA,3,0.006300000000000035
57,F81108,Atorvastatin_Tab 10mg,0212000B0AAAAAA,3,0.006300000000000035
315,Y05902,Prednisolone_Tab 5mg,0603020T0AAACAC,1,0.006299999999999962
314,F81080,Prednisolone_Tab 5mg,0603020T0AAACAC,1,0.006299999999999962
313,F81108,Prednisolone_Tab 5mg,0603020T0AAACAC,1,0.006299999999999962
362,F81102,Clopidogrel_Tab 75mg,0209000C0AAAAAA,1,0.006299999999999889
15,F81645,Atorvastatin_Tab 20mg,0212000B0AAABAB,1,0.006100000000000175
16,F81041,Atorvastatin_Tab 20mg,0212000B0AAABAB,1,0.006000000000000172
17,F81108,Atorvastatin_Tab 20mg,0212000B0AAABAB,1,0.006000000000000172
18,F81023,Atorvastatin_Tab 20mg,0212000B0AAABAB,1,0.006000000000000172
75,F81080,Atorvastatin_Tab 40mg,0212000B0AAACAC,1,0.006000000000000172
523,F81150,Lansoprazole_Cap 30mg (E/C Gran),0103050L0AAAAAA,2,0.006000000000000172
182,F81104,Paracet_Tab 500mg,0407010H0AAAMAM,1,0.005999999999999964
187,F81104,Paracet_Tab 500mg,0407010H0AAAMAM,1,0.005999999999999964
186,F81163,Paracet_Tab 500mg,0407010H0AAAMAM,1,0.005999999999999964
185,F81150,Paracet_Tab 500mg,0407010H0AAAMAM,1,0.005999999999999964
184,F81108,Paracet_Tab 500mg,0407010H0AAAMAM,1,0.005999999999999964
183,F81041,Paracet_Tab 500mg,0407010H0AAAMAM,2,0.005999999999999964
177,F81108,Paracet_Tab 500mg,0407010H0AAAMAM,1,0.005999999999999964
181,F81038,Paracet_Tab 500mg,0407010H0AAAMAM,1,0.005999999999999964
180,F81222,Paracet_Tab 500mg,0407010H0AAAMAM,1,0.005999999999999964
178,F81041,Paracet_Tab 500mg,0407010H0AAAMAM,1,0.005999999999999964
176,F81150,Paracet_Tab 500mg,0407010H0AAAMAM,1,0.005999999999999964
189,F81023,Paracet_Tab 500mg,0407010H0AAAMAM,1,0.005999999999999964
188,F81023,Paracet_Tab 500mg,0407010H0AAAMAM,1,0.005999999999999964
179,F81729,Paracet_Tab 500mg,0407010H0AAAMAM,1,0.005999999999999964
190,F81041,Paracet_Tab 500mg,0407010H0AAAMAM,2,0.005999999999999964
191,F81055,Paracet_Tab 500mg,0407010H0AAAMAM,1,0.005999999999999964
192,F81163,Paracet_Tab 500mg,0407010H0AAAMAM,1,0.005999999999999964
193,F81729,Paracet_Tab 500mg,0407010H0AAAMAM,1,0.005999999999999964
194,F81222,Paracet_Tab 500mg,0407010H0AAAMAM,1,0.005999999999999964
195,F81055,Paracet_Tab 500mg,0407010H0AAAMAM,1,0.005999999999999964
196,F81038,Paracet_Tab 500mg,0407010H0AAAMAM,1,0.005999999999999964
197,F81041,Paracet_Tab 500mg,0407010H0AAAMAM,1,0.005999999999999964
447,F81102,Ferr Sulf_Tab 200mg,0901011P0AAACAC,1,0.0059999999999997555
448,F81163,Ferr Sulf_Tab 200mg,0901011P0AAACAC,1,0.0059999999999997555
449,F81029,Ferr Sulf_Tab 200mg,0901011P0AAACAC,1,0.0059999999999997555
450,F81215,Ferr Sulf_Tab 200mg,0901011P0AAACAC,1,0.0059999999999997555
378,F81025,Quetiapine_Tab 300mg,0402010ABAAAKAK,1,0.005999999999999339
377,Y03052,Quetiapine_Tab 300mg,0402010ABAAAKAK,1,0.005999999999999339
376,F81006,Quetiapine_Tab 300mg,0402010ABAAAKAK,1,0.005999999999999339
379,F81104,Quetiapine_Tab 300mg,0402010ABAAAKAK,1,0.005999999999999339
524,F81732,Lansoprazole_Cap 30mg (E/C Gran),0103050L0AAAAAA,1,0.005800000000000166
525,F81186,Lansoprazole_Cap 30mg (E/C Gran),0103050L0AAAAAA,1,0.005600000000000063
529,F81006,Lansoprazole_Cap 30mg (E/C Gran),0103050L0AAAAAA,1,0.005600000000000063
526,F81041,Lansoprazole_Cap 30mg (E/C Gran),0103050L0AAAAAA,1,0.005600000000000063
528,F81031,Lansoprazole_Cap 30mg (E/C Gran),0103050L0AAAAAA,1,0.005600000000000063
527,F81732,Lansoprazole_Cap 30mg (E/C Gran),0103050L0AAAAAA,1,0.005600000000000063
386,F81640,Quetiapine_Tab 300mg,0402010ABAAAKAK,1,0.005599999999999383
385,F81645,Quetiapine_Tab 300mg,0402010ABAAAKAK,1,0.005599999999999383
383,F81640,Quetiapine_Tab 300mg,0402010ABAAAKAK,4,0.005599999999999383
382,F81150,Quetiapine_Tab 300mg,0402010ABAAAKAK,2,0.005599999999999383
381,F81108,Quetiapine_Tab 300mg,0402010ABAAAKAK,1,0.005599999999999383
384,F81029,Quetiapine_Tab 300mg,0402010ABAAAKAK,1,0.005599999999999383
380,F81060,Quetiapine_Tab 300mg,0402010ABAAAKAK,8,0.005599999999999383
316,F81038,Prednisolone_Tab 5mg,0603020T0AAACAC,1,0.00499999999999997
317,F81732,Prednisolone_Tab 5mg,0603020T0AAACAC,1,0.004899999999999995
363,F81006,Clopidogrel_Tab 75mg,0209000C0AAAAAA,1,0.004899999999999995
319,F81013,Prednisolone_Tab 5mg,0603020T0AAACAC,1,0.004899999999999995
318,F81025,Prednisolone_Tab 5mg,0603020T0AAACAC,1,0.004899999999999995
387,F81158,Quetiapine_Tab 300mg,0402010ABAAAKAK,7,0.00489999999999946
532,F81036,Lansoprazole_Cap 30mg (E/C Gran),0103050L0AAAAAA,1,0.00420000000000012
531,F81045,Lansoprazole_Cap 30mg (E/C Gran),0103050L0AAAAAA,1,0.00420000000000012
530,F81720,Lansoprazole_Cap 30mg (E/C Gran),0103050L0AAAAAA,1,0.00420000000000012
59,F81729,Atorvastatin_Tab 10mg,0212000B0AAAAAA,1,0.004200000000000023
58,F81085,Atorvastatin_Tab 10mg,0212000B0AAAAAA,1,0.004200000000000023
320,Y03052,Prednisolone_Tab 5mg,0603020T0AAACAC,1,0.004199999999999975
321,F81060,Prednisolone_Tab 5mg,0603020T0AAACAC,1,0.004199999999999975
391,F81102,Quetiapine_Tab 300mg,0402010ABAAAKAK,6,0.0041999999999995374
389,F81186,Quetiapine_Tab 300mg,0402010ABAAAKAK,1,0.0041999999999995374
388,F81151,Quetiapine_Tab 300mg,0402010ABAAAKAK,3,0.0041999999999995374
390,F81013,Quetiapine_Tab 300mg,0402010ABAAAKAK,3,0.0041999999999995374
533,F81104,Lansoprazole_Cap 30mg (E/C Gran),0103050L0AAAAAA,1,0.0035000000000001003
322,Y05336,Prednisolone_Tab 5mg,0603020T0AAACAC,1,0.003499999999999979
392,Y00469,Quetiapine_Tab 300mg,0402010ABAAAKAK,5,0.0034999999999996145
536,F81080,Lansoprazole_Cap 30mg (E/C Gran),0103050L0AAAAAA,1,0.003000000000000086
535,F81108,Lansoprazole_Cap 30mg (E/C Gran),0103050L0AAAAAA,1,0.003000000000000086
534,F81036,Lansoprazole_Cap 30mg (E/C Gran),0103050L0AAAAAA,1,0.003000000000000086
537,F81041,Lansoprazole_Cap 30mg (E/C Gran),0103050L0AAAAAA,1,0.003000000000000086
539,F81041,Lansoprazole_Cap 30mg (E/C Gran),0103050L0AAAAAA,1,0.0028000000000000316
538,F81029,Lansoprazole_Cap 30mg (E/C Gran),0103050L0AAAAAA,1,0.0028000000000000316
200,F81150,Paracet_Tab 500mg,0407010H0AAAMAM,1,0.002799999999999983
199,F81031,Paracet_Tab 500mg,0407010H0AAAMAM,1,0.002799999999999983
201,F81031,Paracet_Tab 500mg,0407010H0AAAMAM,1,0.002799999999999983
452,Y00758,Ferr Sulf_Tab 200mg,0901011P0AAACAC,1,0.002799999999999983
451,Y05336,Ferr Sulf_Tab 200mg,0901011P0AAACAC,1,0.002799999999999983
203,F81150,Paracet_Tab 500mg,0407010H0AAAMAM,1,0.002799999999999983
198,F81108,Paracet_Tab 500mg,0407010H0AAAMAM,1,0.002799999999999983
202,F81108,Paracet_Tab 500mg,0407010H0AAAMAM,1,0.002799999999999983
397,F81108,Quetiapine_Tab 300mg,0402010ABAAAKAK,1,0.0027999999999996916
393,F81006,Quetiapine_Tab 300mg,0402010ABAAAKAK,1,0.0027999999999996916
398,Y03052,Quetiapine_Tab 300mg,0402010ABAAAKAK,1,0.0027999999999996916
394,Y00469,Quetiapine_Tab 300mg,0402010ABAAAKAK,1,0.0027999999999996916
395,F81732,Quetiapine_Tab 300mg,0402010ABAAAKAK,4,0.0027999999999996916
396,F81168,Quetiapine_Tab 300mg,0402010ABAAAKAK,1,0.0027999999999996916
401,F81186,Quetiapine_Tab 300mg,0402010ABAAAKAK,4,0.0027999999999996916
400,F81651,Quetiapine_Tab 300mg,0402010ABAAAKAK,1,0.0027999999999996916
399,F81031,Quetiapine_Tab 300mg,0402010ABAAAKAK,1,0.0027999999999996916
76,F81041,Atorvastatin_Tab 40mg,0212000B0AAACAC,1,0.0026000000000000745
402,F81756,Quetiapine_Tab 300mg,0402010ABAAAKAK,1,0.0013999999999998458
403,F81023,Quetiapine_Tab 300mg,0402010ABAAAKAK,1,0.0013999999999998458
404,F81729,Quetiapine_Tab 300mg,0402010ABAAAKAK,1,0.0006999999999999229
272,F81645,Quetiapine_Tab 200mg,0402010ABAAADAD,1,-0.0006999999999999229
205,F81085,Paracet_Tab 500mg,0407010H0AAAMAM,1,-0.0011999999999999997
204,F81085,Paracet_Tab 500mg,0407010H0AAAMAM,1,-0.0011999999999999997
209,Y05336,Paracet_Tab 500mg,0407010H0AAAMAM,1,-0.001999999999999988
208,F81038,Paracet_Tab 500mg,0407010H0AAAMAM,1,-0.001999999999999988
207,F81038,Paracet_Tab 500mg,0407010H0AAAMAM,1,-0.001999999999999988
206,Y05336,Paracet_Tab 500mg,0407010H0AAAMAM,1,-0.001999999999999988
540,F81222,Lansoprazole_Cap 30mg (E/C Gran),0103050L0AAAAAA,1,-0.001999999999999988
541,F81038,Lansoprazole_Cap 30mg (E/C Gran),0103050L0AAAAAA,2,-0.001999999999999988
364,Y05336,Clopidogrel_Tab 75mg,0209000C0AAAAAA,1,-0.0020999999999999977
453,F81732,Ferr Sulf_Tab 200mg,0901011P0AAACAC,1,-0.00210000000000006
405,F81006,Quetiapine_Tab 300mg,0402010ABAAAKAK,1,-0.0025000000000002798
280,F81158,Quetiapine_Tab 200mg,0402010ABAAADAD,1,-0.0027999999999996916
275,F81645,Quetiapine_Tab 200mg,0402010ABAAADAD,1,-0.0027999999999996916
282,F81108,Quetiapine_Tab 200mg,0402010ABAAADAD,1,-0.0027999999999996916
279,F81038,Quetiapine_Tab 200mg,0402010ABAAADAD,1,-0.0027999999999996916
278,F81163,Quetiapine_Tab 200mg,0402010ABAAADAD,1,-0.0027999999999996916
277,F81055,Quetiapine_Tab 200mg,0402010ABAAADAD,1,-0.0027999999999996916
276,F81031,Quetiapine_Tab 200mg,0402010ABAAADAD,1,-0.0027999999999996916
274,F81168,Quetiapine_Tab 200mg,0402010ABAAADAD,1,-0.0027999999999996916
273,F81038,Quetiapine_Tab 200mg,0402010ABAAADAD,4,-0.0027999999999996916
281,F81041,Quetiapine_Tab 200mg,0402010ABAAADAD,1,-0.0027999999999996916
542,F81720,Lansoprazole_Cap 30mg (E/C Gran),0103050L0AAAAAA,1,-0.002799999999999997
19,F81060,Atorvastatin_Tab 20mg,0212000B0AAABAB,1,-0.002799999999999997
20,F81023,Atorvastatin_Tab 20mg,0212000B0AAABAB,1,-0.0029999999999998778
21,F81150,Atorvastatin_Tab 20mg,0212000B0AAABAB,1,-0.0029999999999998778
543,F81737,Lansoprazole_Cap 30mg (E/C Gran),0103050L0AAAAAA,1,-0.002999999999999982
60,F81025,Atorvastatin_Tab 10mg,0212000B0AAAAAA,1,-0.002999999999999982
544,F81055,Lansoprazole_Cap 30mg (E/C Gran),0103050L0AAAAAA,1,-0.002999999999999982
545,F81038,Lansoprazole_Cap 30mg (E/C Gran),0103050L0AAAAAA,1,-0.0031999999999998696
22,F81645,Atorvastatin_Tab 20mg,0212000B0AAABAB,1,-0.003999999999999976
77,Y05336,Atorvastatin_Tab 40mg,0212000B0AAACAC,1,-0.004199999999999995
211,F81038,Paracet_Tab 500mg,0407010H0AAAMAM,1,-0.004799999999999971
210,F81038,Paracet_Tab 500mg,0407010H0AAAMAM,1,-0.004799999999999971
61,F81108,Atorvastatin_Tab 10mg,0212000B0AAAAAA,1,-0.005099999999999969
283,F81732,Quetiapine_Tab 200mg,0402010ABAAADAD,4,-0.005599999999999383
285,F81150,Quetiapine_Tab 200mg,0402010ABAAADAD,2,-0.005599999999999383
286,F81651,Quetiapine_Tab 200mg,0402010ABAAADAD,2,-0.005599999999999383
284,F81158,Quetiapine_Tab 200mg,0402010ABAAADAD,4,-0.005599999999999383
219,F81031,Paracet_Tab 500mg,0407010H0AAAMAM,1,-0.005599999999999966
213,F81756,Paracet_Tab 500mg,0407010H0AAAMAM,1,-0.005599999999999966
214,F81711,Paracet_Tab 500mg,0407010H0AAAMAM,1,-0.005599999999999966
221,Y05336,Paracet_Tab 500mg,0407010H0AAAMAM,1,-0.005599999999999966
215,F81031,Paracet_Tab 500mg,0407010H0AAAMAM,1,-0.005599999999999966
212,Y05336,Paracet_Tab 500mg,0407010H0AAAMAM,1,-0.005599999999999966
216,F81085,Paracet_Tab 500mg,0407010H0AAAMAM,1,-0.005599999999999966
220,F81085,Paracet_Tab 500mg,0407010H0AAAMAM,1,-0.005599999999999966
217,F81711,Paracet_Tab 500mg,0407010H0AAAMAM,1,-0.005599999999999966
218,F81756,Paracet_Tab 500mg,0407010H0AAAMAM,1,-0.005599999999999966
23,F81732,Atorvastatin_Tab 20mg,0212000B0AAABAB,2,-0.0059999999999997555
24,F81029,Atorvastatin_Tab 20mg,0212000B0AAABAB,2,-0.0059999999999997555
62,F81651,Atorvastatin_Tab 10mg,0212000B0AAAAAA,1,-0.005999999999999964
287,F81707,Quetiapine_Tab 200mg,0402010ABAAADAD,5,-0.006999999999999229
288,F81006,Quetiapine_Tab 200mg,0402010ABAAADAD,3,-0.008399999999999075
290,F81151,Quetiapine_Tab 200mg,0402010ABAAADAD,2,-0.008399999999999075
289,F81186,Quetiapine_Tab 200mg,0402010ABAAADAD,6,-0.008399999999999075
454,F81060,Ferr Sulf_Tab 200mg,0901011P0AAACAC,4,-0.00840000000000024
455,F81080,Ferr Sulf_Tab 200mg,0901011P0AAACAC,4,-0.00840000000000024
456,F81158,Ferr Sulf_Tab 200mg,0901011P0AAACAC,4,-0.00840000000000024
457,F81222,Ferr Sulf_Tab 200mg,0901011P0AAACAC,4,-0.00840000000000024
291,Y00758,Quetiapine_Tab 200mg,0402010ABAAADAD,5,-0.010499999999998844
292,F81060,Quetiapine_Tab 200mg,0402010ABAAADAD,8,-0.011199999999998766
225,Y03052,Paracet_Tab 500mg,0407010H0AAAMAM,2,-0.011199999999999932
226,F81640,Paracet_Tab 500mg,0407010H0AAAMAM,2,-0.011199999999999932
222,F81150,Paracet_Tab 500mg,0407010H0AAAMAM,2,-0.011199999999999932
227,F81640,Paracet_Tab 500mg,0407010H0AAAMAM,2,-0.011199999999999932
228,F81108,Paracet_Tab 500mg,0407010H0AAAMAM,2,-0.011199999999999932
229,F81108,Paracet_Tab 500mg,0407010H0AAAMAM,2,-0.011199999999999932
224,Y03052,Paracet_Tab 500mg,0407010H0AAAMAM,2,-0.011199999999999932
223,F81150,Paracet_Tab 500mg,0407010H0AAAMAM,2,-0.011199999999999932
546,F81006,Lansoprazole_Cap 30mg (E/C Gran),0103050L0AAAAAA,4,-0.011199999999999988
406,F81006,Quetiapine_Tab 300mg,0402010ABAAAKAK,3,-0.01200000000000001
458,F81102,Ferr Sulf_Tab 200mg,0901011P0AAACAC,6,-0.012600000000000361
293,F81222,Quetiapine_Tab 200mg,0402010ABAAADAD,5,-0.013999999999998458
230,F81729,Paracet_Tab 500mg,0407010H0AAAMAM,3,-0.0167999999999999
231,F81729,Paracet_Tab 500mg,0407010H0AAAMAM,3,-0.0167999999999999
459,F81651,Ferr Sulf_Tab 200mg,0901011P0AAACAC,8,-0.01680000000000048
460,Y00469,Ferr Sulf_Tab 200mg,0901011P0AAACAC,8,-0.01680000000000048
232,Y00758,Paracet_Tab 500mg,0407010H0AAAMAM,4,-0.022399999999999864
233,F81151,Paracet_Tab 500mg,0407010H0AAAMAM,4,-0.022399999999999864
234,F81023,Paracet_Tab 500mg,0407010H0AAAMAM,4,-0.022399999999999864
235,F81151,Paracet_Tab 500mg,0407010H0AAAMAM,4,-0.022399999999999864
236,F81023,Paracet_Tab 500mg,0407010H0AAAMAM,4,-0.022399999999999864
237,Y00758,Paracet_Tab 500mg,0407010H0AAAMAM,4,-0.022399999999999864
238,F81038,Paracet_Tab 500mg,0407010H0AAAMAM,6,-0.0335999999999998
239,F81038,Paracet_Tab 500mg,0407010H0AAAMAM,6,-0.0335999999999998
294,Y00469,Quetiapine_Tab 200mg,0402010ABAAADAD,13,-0.03639999999999599
241,F81055,Paracet_Tab 500mg,0407010H0AAAMAM,8,-0.04479999999999973
240,F81055,Paracet_Tab 500mg,0407010H0AAAMAM,8,-0.04479999999999973
242,F81222,Paracet_Tab 500mg,0407010H0AAAMAM,12,-0.0671999999999996
243,F81222,Paracet_Tab 500mg,0407010H0AAAMAM,12,-0.0671999999999996
244,F81102,Paracet_Tab 500mg,0407010H0AAAMAM,14,-0.07839999999999953
245,F81102,Paracet_Tab 500mg,0407010H0AAAMAM,14,-0.07839999999999953
246,F81060,Paracet_Tab 500mg,0407010H0AAAMAM,16,-0.08959999999999946
247,F81060,Paracet_Tab 500mg,0407010H0AAAMAM,16,-0.08959999999999946
547,F81055,Lansoprazole_Cap 30mg (E/C Gran),0103050L0AAAAAA,61,-0.17079999999999304
248,F81158,Paracet_Tab 500mg,0407010H0AAAMAM,33,-0.18479999999999888
249,F81158,Paracet_Tab 500mg,0407010H0AAAMAM,33,-0.18479999999999888
548,F81666,Lansoprazole_Cap 30mg (E/C Gran),0103050L0AAAAAA,67,-0.18759999999999236
549,F81031,Lansoprazole_Cap 30mg (E/C Gran),0103050L0AAAAAA,51,-0.28559999999998836
550,F81645,Lansoprazole_Cap 30mg (E/C Gran),0103050L0AAAAAA,58,-0.32479999999998677
250,F81215,Paracet_Tab 500mg,0407010H0AAAMAM,44,-0.43999999999999734
251,F81215,Paracet_Tab 500mg,0407010H0AAAMAM,44,-0.43999999999999734
252,F81168,Paracet_Tab 500mg,0407010H0AAAMAM,4,-0.5039999999999999
253,F81168,Paracet_Tab 500mg,0407010H0AAAMAM,4,-0.5039999999999999
254,F81060,Paracet_Tab 500mg,0407010H0AAAMAM,27,-0.5399999999999967
255,F81060,Paracet_Tab 500mg,0407010H0AAAMAM,27,-0.5399999999999967
551,F81732,Lansoprazole_Cap 30mg (E/C Gran),0103050L0AAAAAA,52,-0.5823999999999965
552,F81085,Lansoprazole_Cap 30mg (E/C Gran),0103050L0AAAAAA,8,-0.6271999999999993
553,F81013,Lansoprazole_Cap 30mg (E/C Gran),0103050L0AAAAAA,19,-0.6383999999999888
554,F81036,Lansoprazole_Cap 30mg (E/C Gran),0103050L0AAAAAA,232,-0.6495999999999735
257,F81711,Paracet_Tab 500mg,0407010H0AAAMAM,1,-0.7167999999999999
256,F81711,Paracet_Tab 500mg,0407010H0AAAMAM,1,-0.7167999999999999
555,F81006,Lansoprazole_Cap 30mg (E/C Gran),0103050L0AAAAAA,68,-0.7615999999999954
556,F81055,Lansoprazole_Cap 30mg (E/C Gran),0103050L0AAAAAA,153,-0.8567999999999651
259,F81186,Paracet_Tab 500mg,0407010H0AAAMAM,5,-1.0079999999999998
258,F81186,Paracet_Tab 500mg,0407010H0AAAMAM,5,-1.0079999999999998
557,F81038,Lansoprazole_Cap 30mg (E/C Gran),0103050L0AAAAAA,183,-1.0247999999999582
261,F81168,Paracet_Tab 500mg,0407010H0AAAMAM,22,-1.0999999999999972
260,F81168,Paracet_Tab 500mg,0407010H0AAAMAM,22,-1.0999999999999972
558,F81085,Lansoprazole_Cap 30mg (E/C Gran),0103050L0AAAAAA,1,-1.1871999999999998
263,F81025,Paracet_Tab 500mg,0407010H0AAAMAM,4,-1.2800000000000007
262,F81025,Paracet_Tab 500mg,0407010H0AAAMAM,4,-1.2800000000000007
265,F81150,Paracet_Tab 500mg,0407010H0AAAMAM,16,-1.4335999999999975
264,F81150,Paracet_Tab 500mg,0407010H0AAAMAM,16,-1.4335999999999975
267,Y00758,Paracet_Tab 500mg,0407010H0AAAMAM,18,-1.4399999999999975
266,Y00758,Paracet_Tab 500mg,0407010H0AAAMAM,18,-1.4399999999999975
407,F81168,Quetiapine_Tab 300mg,0402010ABAAAKAK,1,-1.5240000000000005
559,F81085,Lansoprazole_Cap 30mg (E/C Gran),0103050L0AAAAAA,157,-3.077199999999997
268,F81023,Paracet_Tab 500mg,0407010H0AAAMAM,48,-3.225599999999999
269,F81023,Paracet_Tab 500mg,0407010H0AAAMAM,48,-3.225599999999999
560,F81085,Lansoprazole_Cap 30mg (E/C Gran),0103050L0AAAAAA,105,-4.115999999999995
