,practice_code,bnf_description,bnf_code,items,excess_cost
0,N84005,Amiodarone HCl_Tab 200mg,0203020D0AAABAB,5,1.7500000000000016
1,N84005,Clonazepam_Tab 500mcg,0408010F0AAABAB,14,7.0511999999999855
2,N84005,Co-Codamol_Cap 8mg/500mg,0407010F0AAABAB,2,0.17920000000000202
3,N84006,Amiodarone HCl_Tab 200mg,0203020D0AAABAB,5,1.7500000000000016
4,N84006,Clonazepam_Tab 500mcg,0408010F0AAABAB,3,1.423799999999997
5,N84006,Co-Codamol_Cap 8mg/500mg,0407010F0AAABAB,10,1.7024000000000192
6,N84006,Topiramate_Tab 200mg,040801050AAACAC,1,9.959999999999996
7,N84008,Amiodarone HCl_Tab 200mg,0203020D0AAABAB,2,1.050000000000001
8,N84008,Clonazepam_Tab 500mcg,0408010F0AAABAB,1,0.31639999999999935
9,N84008,Co-Codamol_Cap 8mg/500mg,0407010F0AAABAB,12,2.022400000000023
10,N84008,Pregabalin_Cap 25mg,0408010AEAAAAAA,6,0.00019999999999956164
11,N84012,Amiodarone HCl_Tab 200mg,0203020D0AAABAB,3,1.050000000000001
12,N84012,Bumetanide_Tab 1mg,0202020D0AAAEAE,1,0.0012000000000000344
13,N84012,Clonazepam_Tab 500mcg,0408010F0AAABAB,16,4.3561999999999905
14,N84012,Co-Codamol_Cap 8mg/500mg,0407010F0AAABAB,16,1.7280000000000193
15,N84012,Pregabalin_Cap 25mg,0408010AEAAAAAA,8,0.025199999999999556
16,N84012,Risperidone_Tab 6mg,040201030AAAFAF,1,29.2096
17,N84013,Amiodarone HCl_Tab 200mg,0203020D0AAABAB,1,0.3500000000000003
18,N84013,Clonazepam_Tab 500mcg,0408010F0AAABAB,13,2.553799999999995
19,N84013,Co-Codamol_Cap 8mg/500mg,0407010F0AAABAB,4,0.6400000000000072
20,N84013,Mesalazine_Tab E/C 400mg,0105010B0AAAAAA,2,71.87039999999999
21,N84014,Amiodarone HCl_Tab 200mg,0203020D0AAABAB,3,1.050000000000001
22,N84014,Clonazepam_Tab 500mcg,0408010F0AAABAB,2,1.5819999999999967
23,N84017,Amiodarone HCl_Tab 200mg,0203020D0AAABAB,18,3.116400000000002
24,N84017,Bumetanide_Tab 1mg,0202020D0AAAEAE,1,0.0030000000000000027
25,N84017,Clonazepam_Tab 500mcg,0408010F0AAABAB,16,5.875999999999989
26,N84017,Co-Codamol_Cap 8mg/500mg,0407010F0AAABAB,2,0.3200000000000036
27,N84018,Amiodarone HCl_Tab 200mg,0203020D0AAABAB,11,2.788800000000002
28,N84018,Clonazepam_Tab 500mcg,0408010F0AAABAB,6,3.502999999999993
29,N84018,Co-Codamol_Cap 8mg/500mg,0407010F0AAABAB,2,0.3200000000000036
30,N84018,Topiramate_Tab 200mg,040801050AAACAC,1,2.3183999999999996
31,N84021,Amiodarone HCl_Tab 200mg,0203020D0AAABAB,6,2.100000000000002
32,N84021,Bumetanide_Tab 1mg,0202020D0AAAEAE,6,24.272799999999997
33,N84021,Clonazepam_Tab 500mcg,0408010F0AAABAB,15,9.989199999999979
34,N84021,Co-Codamol_Cap 8mg/500mg,0407010F0AAABAB,6,1.2800000000000145
35,N84021,Ephed HCl_Tab 30mg,0301012F0AAABAB,3,17.539199999999973
36,N84021,Pregabalin_Cap 25mg,0408010AEAAAAAA,4,0.008399999999999852
37,N84024,Amiodarone HCl_Tab 200mg,0203020D0AAABAB,2,0.7000000000000006
38,N84024,Clonazepam_Tab 500mcg,0408010F0AAABAB,10,4.74599999999999
39,N84024,Topiramate_Tab 200mg,040801050AAACAC,1,2.3183999999999996
40,N84037,Clonazepam_Tab 500mcg,0408010F0AAABAB,6,3.3221999999999934
41,N84611,Amiodarone HCl_Tab 200mg,0203020D0AAABAB,2,0.7000000000000006
42,N84611,Clonazepam_Tab 500mcg,0408010F0AAABAB,9,4.022799999999991
43,N84611,Mesalazine_Tab E/C 800mg,0105010B0AAASAS,1,34.43999999999999
44,N84611,Topiramate_Tab 200mg,040801050AAACAC,1,3.4859999999999984
45,N84613,Amiodarone HCl_Tab 200mg,0203020D0AAABAB,2,0.7000000000000006
46,N84613,Clonazepam_Tab 500mcg,0408010F0AAABAB,7,3.4085999999999936
47,N84613,Co-Codamol_Cap 8mg/500mg,0407010F0AAABAB,2,0.3200000000000036
48,N84614,Clonazepam_Tab 500mcg,0408010F0AAABAB,3,3.796799999999992
49,N84614,Co-Codamol_Cap 8mg/500mg,0407010F0AAABAB,2,0.3200000000000036
50,N84617,Amiodarone HCl_Tab 200mg,0203020D0AAABAB,1,0.3500000000000003
51,N84617,Clonazepam_Tab 500mcg,0408010F0AAABAB,4,0.949199999999998
52,N84617,Co-Codamol_Cap 8mg/500mg,0407010F0AAABAB,2,0.3200000000000036
53,N84618,Clonazepam_Tab 500mcg,0408010F0AAABAB,5,2.2147999999999954
54,N84618,Co-Codamol_Cap 8mg/500mg,0407010F0AAABAB,2,0.6400000000000072
55,N84625,Amiodarone HCl_Tab 200mg,0203020D0AAABAB,1,0.3500000000000003
56,N84625,Clonazepam_Tab 500mcg,0408010F0AAABAB,2,3.2091999999999934
57,Y00822,Pregabalin_Cap 25mg,0408010AEAAAAAA,2,29.808799999999998
58,Y02610,Clonazepam_Tab 500mcg,0408010F0AAABAB,4,2.847599999999994
59,Y02610,Co-Codamol_Cap 8mg/500mg,0407010F0AAABAB,2,0.2048000000000023
60,Y02610,Risperidone_Tab 6mg,040201030AAAFAF,1,29.2096
61,Y02610,Topiramate_Tab 200mg,040801050AAACAC,2,7.469999999999997
