,practice_code,bnf_description,bnf_code,items,excess_cost
0,L81010,Atorvastatin_Tab 20mg,0212000B0AAABAB,192,203.30240000000003
1,L81010,Ferr Sulf_Tab 200mg,0901011P0AAACAC,2,0.014399999999999705
2,L81010,Lansoprazole_Cap 30mg (E/C Gran),0103050L0AAAAAA,9,0.03360000000000038
3,L81010,Paracet_Tab 500mg,0407010H0AAAMAM,148,74.13199999999999
4,L81010,Propranolol HCl_Tab 10mg,0204000R0AAAHAH,5,78.5792
5,L81020,Atorvastatin_Tab 40mg,0212000B0AAACAC,6,66.78
6,L81020,Ferr Sulf_Tab 200mg,0901011P0AAACAC,26,0.10799999999999893
7,L81020,Lansoprazole_Cap 30mg (E/C Gran),0103050L0AAAAAA,58,0.16520000000000185
8,L81020,Letrozole_Tab 2.5mg,0803041L0AAAAAA,6,0.02380000000000021
9,L81020,Memantine HCl_Tab 20mg,0411000G0AAADAD,4,0.01959999999999998
10,L81020,Paracet_Tab 500mg,0407010H0AAAMAM,198,9.845200000000009
11,L81020,Propranolol HCl_Tab 10mg,0204000R0AAAHAH,11,0.0
12,L81025,Atorvastatin_Tab 20mg,0212000B0AAABAB,84,0.4704000000000135
13,L81025,Atorvastatin_Tab 40mg,0212000B0AAACAC,199,22.288000000000018
14,L81025,Ferr Sulf_Tab 200mg,0901011P0AAACAC,56,7.1277
15,L81025,Lamotrigine_Tab Disper 100mg S/F,0408010H0AAAWAW,1,1.358
16,L81025,Lansoprazole_Cap 30mg (E/C Gran),0103050L0AAAAAA,88,-0.7209999999999922
17,L81025,Letrozole_Tab 2.5mg,0803041L0AAAAAA,1,0.004900000000000043
18,L81025,Memantine HCl_Tab 20mg,0411000G0AAADAD,16,0.07839999999999991
19,L81025,Paracet_Tab 500mg,0407010H0AAAMAM,658,10.661600000000039
20,L81025,Propranolol HCl_Tab 10mg,0204000R0AAAHAH,39,0.0
21,L81025,Quetiapine_Tab 300mg,0402010ABAAAKAK,9,0.008399999999999075
22,L81027,Lansoprazole_Cap 30mg (E/C Gran),0103050L0AAAAAA,19,0.0532000000000006
23,L81027,Memantine HCl_Tab 20mg,0411000G0AAADAD,8,0.03919999999999996
24,L81027,Paracet_Tab 500mg,0407010H0AAAMAM,174,-0.7195999999999956
25,L81027,Propranolol HCl_Tab 10mg,0204000R0AAAHAH,21,0.0
26,L81030,Atorvastatin_Tab 40mg,0212000B0AAACAC,196,88.90559999999999
27,L81030,Ferr Sulf_Tab 200mg,0901011P0AAACAC,16,0.04759999999999942
28,L81030,Lansoprazole_Cap 30mg (E/C Gran),0103050L0AAAAAA,33,0.10360000000000116
29,L81030,Letrozole_Tab 2.5mg,0803041L0AAAAAA,4,0.019600000000000173
30,L81030,Paracet_Tab 500mg,0407010H0AAAMAM,62,-0.22399999999999864
31,L81030,Propranolol HCl_Tab 10mg,0204000R0AAAHAH,5,0.0
32,L81030,Quetiapine_Tab 300mg,0402010ABAAAKAK,1,0.005999999999999339
33,L81039,Atorvastatin_Tab 20mg,0212000B0AAABAB,225,45.804700000000025
34,L81039,Atorvastatin_Tab 40mg,0212000B0AAACAC,112,44.6678
35,L81039,Ferr Sulf_Tab 200mg,0901011P0AAACAC,68,14.318399999999997
36,L81039,Lamotrigine_Tab Disper 100mg S/F,0408010H0AAAWAW,1,64.7808
37,L81039,Lansoprazole_Cap 30mg (E/C Gran),0103050L0AAAAAA,290,140.12009999999998
38,L81039,Letrozole_Tab 2.5mg,0803041L0AAAAAA,21,-0.20510000000000092
39,L81039,Memantine HCl_Tab 20mg,0411000G0AAADAD,40,127.8123
40,L81039,Paracet_Tab 500mg,0407010H0AAAMAM,960,80.4280000000001
41,L81039,Propranolol HCl_Tab 10mg,0204000R0AAAHAH,47,0.012000000000000344
42,L81039,Quetiapine_Tab 300mg,0402010ABAAAKAK,12,257.19450000000006
43,L81045,Atorvastatin_Tab 40mg,0212000B0AAACAC,31,66.7492
44,L81045,Ferr Sulf_Tab 200mg,0901011P0AAACAC,13,28.2128
45,L81045,Lansoprazole_Cap 30mg (E/C Gran),0103050L0AAAAAA,88,0.24150000000000285
46,L81045,Letrozole_Tab 2.5mg,0803041L0AAAAAA,27,-1.5022
47,L81045,Memantine HCl_Tab 20mg,0411000G0AAADAD,67,127.98310000000001
48,L81045,Paracet_Tab 500mg,0407010H0AAAMAM,780,94.75400000000008
49,L81045,Propranolol HCl_Tab 10mg,0204000R0AAAHAH,20,44.198100000000004
50,L81045,Quetiapine_Tab 300mg,0402010ABAAAKAK,6,0.008399999999999075
51,L81049,Ferr Sulf_Tab 200mg,0901011P0AAACAC,24,0.08119999999999951
52,L81049,Lamotrigine_Tab Disper 100mg S/F,0408010H0AAAWAW,1,259.1232
53,L81049,Lansoprazole_Cap 30mg (E/C Gran),0103050L0AAAAAA,62,3.847200000000002
54,L81049,Memantine HCl_Tab 20mg,0411000G0AAADAD,13,0.06369999999999992
55,L81049,Paracet_Tab 500mg,0407010H0AAAMAM,320,-0.8699999999999947
56,L81049,Propranolol HCl_Tab 10mg,0204000R0AAAHAH,16,0.0
57,L81049,Quetiapine_Tab 300mg,0402010ABAAAKAK,4,0.011599999999998722
58,L81059,Atorvastatin_Tab 20mg,0212000B0AAABAB,254,45.51680000000002
59,L81059,Ferr Sulf_Tab 200mg,0901011P0AAACAC,9,0.013999999999999624
60,L81059,Lansoprazole_Cap 30mg (E/C Gran),0103050L0AAAAAA,24,0.06720000000000076
61,L81059,Letrozole_Tab 2.5mg,0803041L0AAAAAA,6,0.02940000000000026
62,L81059,Memantine HCl_Tab 20mg,0411000G0AAADAD,15,0.07349999999999993
63,L81059,Paracet_Tab 500mg,0407010H0AAAMAM,50,-0.17919999999999892
64,L81059,Propranolol HCl_Tab 10mg,0204000R0AAAHAH,14,0.0
65,L81064,Ferr Sulf_Tab 200mg,0901011P0AAACAC,39,0.09379999999999841
66,L81064,Lamotrigine_Tab Disper 100mg S/F,0408010H0AAAWAW,4,0.016799999999999704
67,L81064,Lansoprazole_Cap 30mg (E/C Gran),0103050L0AAAAAA,65,0.21840000000000248
68,L81064,Letrozole_Tab 2.5mg,0803041L0AAAAAA,4,0.019600000000000173
69,L81064,Memantine HCl_Tab 20mg,0411000G0AAADAD,19,0.0930999999999999
70,L81064,Paracet_Tab 500mg,0407010H0AAAMAM,166,-0.2743999999999983
71,L81064,Propranolol HCl_Tab 10mg,0204000R0AAAHAH,17,0.0
72,L81064,Quetiapine_Tab 300mg,0402010ABAAAKAK,5,0.0108999999999988
73,L81065,Atorvastatin_Tab 20mg,0212000B0AAABAB,190,45.75200000000005
74,L81065,Ferr Sulf_Tab 200mg,0901011P0AAACAC,12,0.013999999999999624
75,L81065,Lansoprazole_Cap 30mg (E/C Gran),0103050L0AAAAAA,25,0.07560000000000086
76,L81065,Paracet_Tab 500mg,0407010H0AAAMAM,192,10.542799999999987
77,L81065,Propranolol HCl_Tab 10mg,0204000R0AAAHAH,41,0.0
78,L81068,Atorvastatin_Tab 20mg,0212000B0AAABAB,74,0.20720000000000593
79,L81068,Ferr Sulf_Tab 200mg,0901011P0AAACAC,38,0.09839999999999832
80,L81068,Lansoprazole_Cap 30mg (E/C Gran),0103050L0AAAAAA,94,0.28560000000000324
81,L81068,Memantine HCl_Tab 20mg,0411000G0AAADAD,29,0.14209999999999984
82,L81068,Paracet_Tab 500mg,0407010H0AAAMAM,498,38.510400000000004
83,L81068,Propranolol HCl_Tab 10mg,0204000R0AAAHAH,14,0.0
84,L81068,Quetiapine_Tab 300mg,0402010ABAAAKAK,2,0.005599999999999383
85,L81069,Atorvastatin_Tab 20mg,0212000B0AAABAB,97,45.08560000000001
86,L81069,Ferr Sulf_Tab 200mg,0901011P0AAACAC,48,14.214899999999995
87,L81069,Lansoprazole_Cap 30mg (E/C Gran),0103050L0AAAAAA,66,0.1876000000000021
88,L81069,Letrozole_Tab 2.5mg,0803041L0AAAAAA,8,0.039200000000000346
89,L81069,Memantine HCl_Tab 20mg,0411000G0AAADAD,8,0.03919999999999996
90,L81069,Paracet_Tab 500mg,0407010H0AAAMAM,280,-0.5547999999999967
91,L81069,Propranolol HCl_Tab 10mg,0204000R0AAAHAH,44,14.768400000000002
92,L81069,Quetiapine_Tab 300mg,0402010ABAAAKAK,1,0.0027999999999996916
93,L81070,Ferr Sulf_Tab 200mg,0901011P0AAACAC,17,77.504
94,L81070,Lansoprazole_Cap 30mg (E/C Gran),0103050L0AAAAAA,39,0.13440000000000152
95,L81070,Memantine HCl_Tab 20mg,0411000G0AAADAD,30,79.98899999999999
96,L81070,Paracet_Tab 500mg,0407010H0AAAMAM,444,152.93120000000008
97,L81070,Propranolol HCl_Tab 10mg,0204000R0AAAHAH,12,0.0
98,L81071,Atorvastatin_Tab 20mg,0212000B0AAABAB,5,0.2520000000000014
99,L81071,Ferr Sulf_Tab 200mg,0901011P0AAACAC,29,28.226799999999994
100,L81071,Lansoprazole_Cap 30mg (E/C Gran),0103050L0AAAAAA,95,0.26880000000000304
101,L81071,Letrozole_Tab 2.5mg,0803041L0AAAAAA,3,0.01470000000000013
102,L81071,Paracet_Tab 500mg,0407010H0AAAMAM,252,115.26440000000005
103,L81071,Propranolol HCl_Tab 10mg,0204000R0AAAHAH,12,0.0
104,L81072,Ferr Sulf_Tab 200mg,0901011P0AAACAC,18,0.07839999999999953
105,L81072,Lansoprazole_Cap 30mg (E/C Gran),0103050L0AAAAAA,66,0.19600000000000223
106,L81072,Letrozole_Tab 2.5mg,0803041L0AAAAAA,4,0.019600000000000173
107,L81072,Memantine HCl_Tab 20mg,0411000G0AAADAD,12,0.058799999999999936
108,L81072,Paracet_Tab 500mg,0407010H0AAAMAM,138,-0.44639999999999735
109,L81072,Propranolol HCl_Tab 10mg,0204000R0AAAHAH,13,-0.0024000000000000687
110,L81072,Quetiapine_Tab 300mg,0402010ABAAAKAK,4,0.0027999999999996916
111,L81073,Atorvastatin_Tab 20mg,0212000B0AAABAB,79,45.1248
112,L81073,Ferr Sulf_Tab 200mg,0901011P0AAACAC,14,0.04759999999999942
113,L81073,Lansoprazole_Cap 30mg (E/C Gran),0103050L0AAAAAA,96,0.29960000000000336
114,L81073,Letrozole_Tab 2.5mg,0803041L0AAAAAA,2,195.72
115,L81073,Memantine HCl_Tab 20mg,0411000G0AAADAD,12,127.8319
116,L81073,Paracet_Tab 500mg,0407010H0AAAMAM,356,123.49000000000001
117,L81073,Propranolol HCl_Tab 10mg,0204000R0AAAHAH,23,0.0
118,L81101,Ferr Sulf_Tab 200mg,0901011P0AAACAC,15,0.04759999999999971
119,L81101,Lansoprazole_Cap 30mg (E/C Gran),0103050L0AAAAAA,18,0.030800000000000785
120,L81101,Memantine HCl_Tab 20mg,0411000G0AAADAD,9,0.04409999999999995
121,L81101,Paracet_Tab 500mg,0407010H0AAAMAM,102,-0.2603999999999984
122,L81101,Propranolol HCl_Tab 10mg,0204000R0AAAHAH,10,0.0
123,L81101,Quetiapine_Tab 300mg,0402010ABAAAKAK,4,0.005599999999999383
124,L81122,Ferr Sulf_Tab 200mg,0901011P0AAACAC,4,-0.00840000000000024
125,L81122,Lansoprazole_Cap 30mg (E/C Gran),0103050L0AAAAAA,17,0.04760000000000054
126,L81122,Paracet_Tab 500mg,0407010H0AAAMAM,54,-0.20439999999999875
127,L81122,Propranolol HCl_Tab 10mg,0204000R0AAAHAH,11,0.0
128,L81123,Atorvastatin_Tab 40mg,0212000B0AAACAC,1,0.006000000000000172
129,L81123,Ferr Sulf_Tab 200mg,0901011P0AAACAC,17,0.07559999999999954
130,L81123,Lansoprazole_Cap 30mg (E/C Gran),0103050L0AAAAAA,98,3.838800000000009
131,L81123,Letrozole_Tab 2.5mg,0803041L0AAAAAA,8,0.039200000000000346
132,L81123,Memantine HCl_Tab 20mg,0411000G0AAADAD,16,0.07839999999999991
133,L81123,Paracet_Tab 500mg,0407010H0AAAMAM,56,0.17919999999999892
134,L81123,Propranolol HCl_Tab 10mg,0204000R0AAAHAH,7,0.0
135,L81123,Quetiapine_Tab 300mg,0402010ABAAAKAK,1,0.005599999999999383
136,L81132,Ferr Sulf_Tab 200mg,0901011P0AAACAC,14,0.020999999999999436
137,L81132,Lansoprazole_Cap 30mg (E/C Gran),0103050L0AAAAAA,13,0.03640000000000041
138,L81132,Paracet_Tab 500mg,0407010H0AAAMAM,76,-3.0399999999999814
139,L81132,Propranolol HCl_Tab 10mg,0204000R0AAAHAH,4,0.0
140,L81132,Quetiapine_Tab 300mg,0402010ABAAAKAK,2,0.00879999999999903
141,L81617,Propranolol HCl_Tab 10mg,0204000R0AAAHAH,2,0.0
142,L81637,Ferr Sulf_Tab 200mg,0901011P0AAACAC,5,0.013999999999999915
143,L81637,Lansoprazole_Cap 30mg (E/C Gran),0103050L0AAAAAA,27,0.08120000000000091
144,L81637,Paracet_Tab 500mg,0407010H0AAAMAM,82,-0.38919999999999766
145,L81637,Propranolol HCl_Tab 10mg,0204000R0AAAHAH,1,0.0
146,L81644,Ferr Sulf_Tab 200mg,0901011P0AAACAC,12,42.294
147,L81644,Lansoprazole_Cap 30mg (E/C Gran),0103050L0AAAAAA,99,0.2912000000000033
148,L81644,Memantine HCl_Tab 20mg,0411000G0AAADAD,2,0.00979999999999999
149,L81644,Paracet_Tab 500mg,0407010H0AAAMAM,398,57.76280000000004
150,L81644,Propranolol HCl_Tab 10mg,0204000R0AAAHAH,22,0.0
151,L81644,Quetiapine_Tab 300mg,0402010ABAAAKAK,4,0.0027999999999996916
152,L81655,Atorvastatin_Tab 40mg,0212000B0AAACAC,1,0.0020000000000000573
153,L81655,Ferr Sulf_Tab 200mg,0901011P0AAACAC,4,0.011199999999999932
154,L81655,Lamotrigine_Tab Disper 100mg S/F,0408010H0AAAWAW,1,-0.006000000000000172
155,L81655,Lansoprazole_Cap 30mg (E/C Gran),0103050L0AAAAAA,16,0.044800000000000506
156,L81655,Memantine HCl_Tab 20mg,0411000G0AAADAD,8,0.03919999999999996
157,L81655,Paracet_Tab 500mg,0407010H0AAAMAM,18,0.061999999999999625
158,L81655,Propranolol HCl_Tab 10mg,0204000R0AAAHAH,5,0.0
159,L81655,Quetiapine_Tab 300mg,0402010ABAAAKAK,2,0.005599999999999383
