,practice_code,bnf_description,bnf_code,items,excess_cost
0,B82017,Atorvastatin_Tab 20mg,0212000B0AAABAB,702,50.786399999999986
1,B82017,Isosorbide Mononit_Tab 10mg,0206010K0AAABAB,61,95.0656
2,B82017,Losartan Pot_Tab 25mg,0205052N0AAAAAA,73,62.097
3,B82017,Memantine HCl_Tab 20mg,0411000G0AAADAD,4,0.01959999999999998
4,B82017,Paracet_Tab 500mg,0407010H0AAAMAM,968,19.764000000000095
5,B82017,Pregabalin_Cap 100mg,0408010AEAAADAD,3,0.01470000000000013
6,B82017,Simvastatin_Tab 40mg,0212000Y0AAADAD,209,11.949000000000005
7,B82017,Sumatriptan_Tab 50mg,0407041T0AAAFAF,29,90.79920000000001
8,B82019,Sumatriptan_Tab 50mg,0407041T0AAAFAF,4,0.0
9,B82022,Atorvastatin_Tab 20mg,0212000B0AAABAB,150,45.360000000000014
10,B82022,Memantine HCl_Tab 20mg,0411000G0AAADAD,2,31.949400000000004
11,B82022,Pregabalin_Cap 100mg,0408010AEAAADAD,1,-0.0029999999999996696
12,B82022,Sumatriptan_Tab 50mg,0407041T0AAAFAF,9,0.0
13,B82023,Atorvastatin_Tab 20mg,0212000B0AAABAB,236,0.6608000000000189
14,B82023,Isosorbide Mononit_Tab 10mg,0206010K0AAABAB,6,23.8224
15,B82023,Losartan Pot_Tab 25mg,0205052N0AAAAAA,5,0.021000000000000116
16,B82023,Paracet_Tab 500mg,0407010H0AAAMAM,176,11.390400000000064
17,B82023,Pregabalin_Cap 100mg,0408010AEAAADAD,1,-0.0029999999999996696
18,B82023,Ropinirole HCl_Tab 250mcg,0409010H0AAAAAA,2,0.008399999999999075
19,B82023,Simvastatin_Tab 40mg,0212000Y0AAADAD,15,0.06299999999999961
20,B82023,Sumatriptan_Tab 50mg,0407041T0AAAFAF,7,0.0
21,B82029,Isosorbide Mononit_Tab 10mg,0206010K0AAABAB,6,0.025199999999999848
22,B82029,Letrozole_Tab 2.5mg,0803041L0AAAAAA,7,195.72560000000001
23,B82029,Losartan Pot_Tab 25mg,0205052N0AAAAAA,3,0.01260000000000007
24,B82029,Memantine HCl_Tab 20mg,0411000G0AAADAD,9,0.04409999999999995
25,B82029,Paracet_Tab 500mg,0407010H0AAAMAM,4,0.011199999999999932
26,B82029,Simvastatin_Tab 40mg,0212000Y0AAADAD,8,0.0167999999999999
27,B82029,Sumatriptan_Tab 50mg,0407041T0AAAFAF,3,0.0
28,B82034,Isosorbide Mononit_Tab 10mg,0206010K0AAABAB,1,-0.005999999999999964
29,B82034,Memantine HCl_Tab 20mg,0411000G0AAADAD,8,63.9072
30,B82034,Paracet_Tab 500mg,0407010H0AAAMAM,4,5.6224
31,B82034,Sumatriptan_Tab 50mg,0407041T0AAAFAF,20,0.0033999999999998476
32,B82035,Paracet_Tab 500mg,0407010H0AAAMAM,8,-0.04479999999999973
33,B82035,Sumatriptan_Tab 50mg,0407041T0AAAFAF,6,0.0
34,B82042,Isosorbide Mononit_Tab 10mg,0206010K0AAABAB,4,0.0167999999999999
35,B82042,Letrozole_Tab 2.5mg,0803041L0AAAAAA,4,0.019600000000000173
36,B82042,Losartan Pot_Tab 25mg,0205052N0AAAAAA,16,62.09279999999999
37,B82042,Paracet_Tab 500mg,0407010H0AAAMAM,16,-0.0335999999999998
38,B82042,Ropinirole HCl_Tab 250mcg,0409010H0AAAAAA,1,67.32000000000001
39,B82042,Simvastatin_Tab 40mg,0212000Y0AAADAD,155,90.8292
40,B82042,Sumatriptan_Tab 50mg,0407041T0AAAFAF,14,77.826
41,B82044,Losartan Pot_Tab 25mg,0205052N0AAAAAA,5,0.23800000000000002
42,B82044,Paracet_Tab 500mg,0407010H0AAAMAM,18,-3.918399999999999
43,B82044,Simvastatin_Tab 40mg,0212000Y0AAADAD,4,0.00839999999999995
44,B82044,Sumatriptan_Tab 50mg,0407041T0AAAFAF,15,0.0
45,B82045,Atorvastatin_Tab 20mg,0212000B0AAABAB,1,-0.004199999999999995
46,B82045,Isosorbide Mononit_Tab 10mg,0206010K0AAABAB,5,0.020999999999999873
47,B82045,Letrozole_Tab 2.5mg,0803041L0AAAAAA,5,0.024500000000000216
48,B82045,Losartan Pot_Tab 25mg,0205052N0AAAAAA,4,0.008400000000000046
49,B82045,Memantine HCl_Tab 20mg,0411000G0AAADAD,4,0.01959999999999998
50,B82045,Paracet_Tab 500mg,0407010H0AAAMAM,48,-0.20159999999999878
51,B82045,Simvastatin_Tab 40mg,0212000Y0AAADAD,18,0.03779999999999977
52,B82045,Sumatriptan_Tab 50mg,0407041T0AAAFAF,10,0.0
53,B82046,Letrozole_Tab 2.5mg,0803041L0AAAAAA,4,0.019600000000000173
54,B82046,Losartan Pot_Tab 25mg,0205052N0AAAAAA,4,0.008400000000000046
55,B82046,Memantine HCl_Tab 20mg,0411000G0AAADAD,8,0.03919999999999996
56,B82046,Paracet_Tab 500mg,0407010H0AAAMAM,24,-0.1343999999999992
57,B82046,Simvastatin_Tab 40mg,0212000Y0AAADAD,52,9.234399999999997
58,B82046,Sumatriptan_Tab 50mg,0407041T0AAAFAF,8,40.46719999999999
59,B82049,Isosorbide Mononit_Tab 10mg,0206010K0AAABAB,4,47.6224
60,B82049,Losartan Pot_Tab 25mg,0205052N0AAAAAA,17,30.94
61,B82049,Paracet_Tab 500mg,0407010H0AAAMAM,2,-0.011199999999999932
62,B82049,Simvastatin_Tab 40mg,0212000Y0AAADAD,138,30.912000000000013
63,B82049,Sumatriptan_Tab 50mg,0407041T0AAAFAF,15,38.916
64,B82050,Atorvastatin_Tab 20mg,0212000B0AAABAB,757,23.28140000000008
65,B82050,Losartan Pot_Tab 25mg,0205052N0AAAAAA,86,13.6458
66,B82050,Paracet_Tab 500mg,0407010H0AAAMAM,1020,66.49120000000003
67,B82050,Pregabalin_Cap 100mg,0408010AEAAADAD,1,170.7048
68,B82050,Sumatriptan_Tab 50mg,0407041T0AAAFAF,47,0.0
69,B82062,Isosorbide Mononit_Tab 10mg,0206010K0AAABAB,7,23.7944
70,B82062,Losartan Pot_Tab 25mg,0205052N0AAAAAA,4,0.37519999999999987
71,B82062,Paracet_Tab 500mg,0407010H0AAAMAM,14,0.045599999999999724
72,B82062,Ropinirole HCl_Tab 250mcg,0409010H0AAAAAA,2,134.64
73,B82062,Simvastatin_Tab 40mg,0212000Y0AAADAD,75,49.50959999999999
74,B82062,Sumatriptan_Tab 50mg,0407041T0AAAFAF,3,0.0
75,B82066,Atorvastatin_Tab 20mg,0212000B0AAABAB,1,-0.002799999999999997
76,B82066,Memantine HCl_Tab 20mg,0411000G0AAADAD,4,0.01959999999999998
77,B82066,Sumatriptan_Tab 50mg,0407041T0AAAFAF,22,0.0
78,B82072,Isosorbide Mononit_Tab 10mg,0206010K0AAABAB,4,0.0167999999999999
79,B82072,Letrozole_Tab 2.5mg,0803041L0AAAAAA,8,0.039200000000000346
80,B82072,Paracet_Tab 500mg,0407010H0AAAMAM,14,0.04079999999999975
81,B82072,Sumatriptan_Tab 50mg,0407041T0AAAFAF,5,0.0
82,B82075,Memantine HCl_Tab 20mg,0411000G0AAADAD,12,63.9072
83,B82075,Paracet_Tab 500mg,0407010H0AAAMAM,458,98.52159999999999
84,B82075,Sumatriptan_Tab 50mg,0407041T0AAAFAF,38,0.0
85,B82078,Atorvastatin_Tab 20mg,0212000B0AAABAB,415,203.35000000000002
86,B82078,Paracet_Tab 500mg,0407010H0AAAMAM,222,11.10000000000001
87,B82078,Sumatriptan_Tab 50mg,0407041T0AAAFAF,10,0.0
88,B82086,Memantine HCl_Tab 20mg,0411000G0AAADAD,16,0.07839999999999991
89,B82086,Paracet_Tab 500mg,0407010H0AAAMAM,4,0.0007999999999999952
90,B82086,Simvastatin_Tab 40mg,0212000Y0AAADAD,51,177.758
91,B82086,Sumatriptan_Tab 50mg,0407041T0AAAFAF,7,51.8826
92,B82101,Isosorbide Mononit_Tab 10mg,0206010K0AAABAB,1,-0.0022000000000000006
93,B82101,Losartan Pot_Tab 25mg,0205052N0AAAAAA,15,0.031500000000000174
94,B82101,Memantine HCl_Tab 20mg,0411000G0AAADAD,8,0.03919999999999996
95,B82101,Paracet_Tab 500mg,0407010H0AAAMAM,18,-0.07759999999999953
96,B82101,Simvastatin_Tab 40mg,0212000Y0AAADAD,16,0.0335999999999998
97,B82101,Sumatriptan_Tab 50mg,0407041T0AAAFAF,6,-0.0032000000000000917
98,B82104,Atorvastatin_Tab 20mg,0212000B0AAABAB,151,22.83120000000001
99,B82104,Memantine HCl_Tab 20mg,0411000G0AAADAD,3,0.014699999999999984
100,B82104,Paracet_Tab 500mg,0407010H0AAAMAM,72,6.260800000000016
101,B82104,Sumatriptan_Tab 50mg,0407041T0AAAFAF,7,0.0
102,B82622,Letrozole_Tab 2.5mg,0803041L0AAAAAA,4,0.019600000000000173
103,B82622,Paracet_Tab 500mg,0407010H0AAAMAM,50,-0.12319999999999925
104,B82622,Simvastatin_Tab 40mg,0212000Y0AAADAD,24,0.050399999999999695
105,B82622,Sumatriptan_Tab 50mg,0407041T0AAAFAF,1,3.4404000000000003
