,practice_code,bnf_description,bnf_code,items,excess_cost
140,M92016,Phenytoin_Sod Tab 100mg,0408010Q0AAAGAG,1,142.15999999999997
144,M92007,Risperidone_Tab 6mg,040201030AAAFAF,4,58.4192
150,M92012,Co-Codamol_Tab 8mg/500mg,0407010F0AAAAAA,2,36.9664
151,M92012,Co-Codamol_Tab 8mg/500mg,0407010F0AAAAAA,2,36.9664
147,M92039,Mesalazine_Tab E/C 800mg,0105010B0AAASAS,1,36.89999999999999
148,M92002,Mesalazine_Tab E/C 800mg,0105010B0AAASAS,1,36.89999999999999
145,M92627,Risperidone_Tab 6mg,040201030AAAFAF,1,29.2096
146,Y02735,Risperidone_Tab 6mg,040201030AAAFAF,1,28.531999999999996
313,M92026,Sod Bicarb_Cap 500mg,0902013S0AAACAC,1,26.8968
350,Y02757,Atorvastatin_Tab 20mg,0212000B0AAABAB,56,22.579200000000004
141,M92043,Phenytoin_Sod Tab 100mg,0408010Q0AAAGAG,4,19.899599999999996
149,M92612,Mesalazine_Tab E/C 800mg,0105010B0AAASAS,1,17.219999999999995
0,M92024,Clonazepam_Tab 500mcg,0408010F0AAABAB,6,7.593599999999984
246,M92640,Atorvastatin_Tab 60mg,0212000B0AAAPAP,2,6.652800000000013
247,M92006,Atorvastatin_Tab 60mg,0212000B0AAAPAP,3,6.652800000000013
1,M92008,Clonazepam_Tab 500mcg,0408010F0AAABAB,2,5.06239999999999
263,M92009,Amiodarone HCl_Tab 200mg,0203020D0AAABAB,13,4.550000000000004
248,M92024,Atorvastatin_Tab 60mg,0212000B0AAAPAP,2,4.435200000000009
249,M92607,Atorvastatin_Tab 60mg,0212000B0AAAPAP,2,4.435200000000009
2,M92012,Clonazepam_Tab 500mcg,0408010F0AAABAB,3,3.796799999999992
3,M92009,Clonazepam_Tab 500mcg,0408010F0AAABAB,6,3.796799999999992
4,M92008,Clonazepam_Tab 500mcg,0408010F0AAABAB,6,3.796799999999992
5,M92016,Clonazepam_Tab 500mcg,0408010F0AAABAB,3,3.389999999999993
6,M92004,Clonazepam_Tab 500mcg,0408010F0AAABAB,3,3.389999999999993
252,M92019,Atorvastatin_Tab 60mg,0212000B0AAAPAP,3,3.3264000000000067
251,M92003,Atorvastatin_Tab 60mg,0212000B0AAAPAP,3,3.3264000000000067
250,M92649,Atorvastatin_Tab 60mg,0212000B0AAAPAP,3,3.3264000000000067
7,M92654,Clonazepam_Tab 500mcg,0408010F0AAABAB,5,3.1639999999999935
8,M92043,Clonazepam_Tab 500mcg,0408010F0AAABAB,10,3.1639999999999935
326,M92008,Pyridox HCl_Tab 50mg,0906024N0AAAIAI,1,2.8728000000000007
325,M92044,Pyridox HCl_Tab 50mg,0906024N0AAAIAI,1,2.8728000000000007
9,M92654,Clonazepam_Tab 500mcg,0408010F0AAABAB,6,2.847599999999994
13,M92016,Clonazepam_Tab 500mcg,0408010F0AAABAB,4,2.531199999999995
11,M92008,Clonazepam_Tab 500mcg,0408010F0AAABAB,2,2.531199999999995
12,M92007,Clonazepam_Tab 500mcg,0408010F0AAABAB,2,2.531199999999995
10,M92612,Clonazepam_Tab 500mcg,0408010F0AAABAB,2,2.531199999999995
14,Y02735,Clonazepam_Tab 500mcg,0408010F0AAABAB,2,2.531199999999995
253,M92028,Atorvastatin_Tab 60mg,0212000B0AAAPAP,9,2.494800000000005
17,M92041,Clonazepam_Tab 500mcg,0408010F0AAABAB,2,2.2599999999999953
16,M92627,Clonazepam_Tab 500mcg,0408010F0AAABAB,2,2.2599999999999953
15,M92010,Clonazepam_Tab 500mcg,0408010F0AAABAB,1,2.2599999999999953
254,Y02757,Atorvastatin_Tab 60mg,0212000B0AAAPAP,2,2.2176000000000045
255,M92654,Atorvastatin_Tab 60mg,0212000B0AAAPAP,1,2.2176000000000045
18,M92002,Clonazepam_Tab 500mcg,0408010F0AAABAB,14,2.2147999999999954
153,M92012,Co-Codamol_Tab 8mg/500mg,0407010F0AAAAAA,2,2.1280000000000006
152,M92012,Co-Codamol_Tab 8mg/500mg,0407010F0AAAAAA,2,2.1280000000000006
265,M92008,Amiodarone HCl_Tab 200mg,0203020D0AAABAB,3,2.100000000000002
266,M92014,Amiodarone HCl_Tab 200mg,0203020D0AAABAB,3,2.100000000000002
264,M92026,Amiodarone HCl_Tab 200mg,0203020D0AAABAB,3,2.100000000000002
327,M92044,Pyridox HCl_Tab 50mg,0906024N0AAAIAI,1,1.9152000000000005
33,M92640,Clonazepam_Tab 500mcg,0408010F0AAABAB,1,1.898399999999996
29,M92006,Clonazepam_Tab 500mcg,0408010F0AAABAB,6,1.898399999999996
30,Y02757,Clonazepam_Tab 500mcg,0408010F0AAABAB,2,1.898399999999996
31,Y02735,Clonazepam_Tab 500mcg,0408010F0AAABAB,2,1.898399999999996
32,M92607,Clonazepam_Tab 500mcg,0408010F0AAABAB,2,1.898399999999996
26,M92006,Clonazepam_Tab 500mcg,0408010F0AAABAB,3,1.898399999999996
34,M92012,Clonazepam_Tab 500mcg,0408010F0AAABAB,3,1.898399999999996
28,M92007,Clonazepam_Tab 500mcg,0408010F0AAABAB,3,1.898399999999996
25,Y02736,Clonazepam_Tab 500mcg,0408010F0AAABAB,3,1.898399999999996
24,M92647,Clonazepam_Tab 500mcg,0408010F0AAABAB,3,1.898399999999996
23,M92011,Clonazepam_Tab 500mcg,0408010F0AAABAB,6,1.898399999999996
22,M92649,Clonazepam_Tab 500mcg,0408010F0AAABAB,2,1.898399999999996
21,M92011,Clonazepam_Tab 500mcg,0408010F0AAABAB,3,1.898399999999996
20,M92007,Clonazepam_Tab 500mcg,0408010F0AAABAB,1,1.898399999999996
19,M92016,Clonazepam_Tab 500mcg,0408010F0AAABAB,6,1.898399999999996
27,M92002,Clonazepam_Tab 500mcg,0408010F0AAABAB,2,1.898399999999996
267,M92019,Amiodarone HCl_Tab 200mg,0203020D0AAABAB,5,1.7500000000000016
35,M92008,Clonazepam_Tab 500mcg,0408010F0AAABAB,1,1.6949999999999965
256,M92647,Atorvastatin_Tab 60mg,0212000B0AAAPAP,6,1.6632000000000033
257,M92024,Atorvastatin_Tab 60mg,0212000B0AAAPAP,6,1.6632000000000033
36,M92013,Clonazepam_Tab 500mcg,0408010F0AAABAB,10,1.5819999999999967
37,Y02735,Clonazepam_Tab 500mcg,0408010F0AAABAB,1,1.5819999999999967
333,M92012,Pyridox HCl_Tab 50mg,0906024N0AAAIAI,1,1.4364000000000003
334,M92010,Pyridox HCl_Tab 50mg,0906024N0AAAIAI,1,1.4364000000000003
332,M92011,Pyridox HCl_Tab 50mg,0906024N0AAAIAI,1,1.4364000000000003
331,M92009,Pyridox HCl_Tab 50mg,0906024N0AAAIAI,1,1.4364000000000003
330,M92030,Pyridox HCl_Tab 50mg,0906024N0AAAIAI,1,1.4364000000000003
328,M92040,Pyridox HCl_Tab 50mg,0906024N0AAAIAI,4,1.4364000000000003
329,M92041,Pyridox HCl_Tab 50mg,0906024N0AAAIAI,1,1.4364000000000003
270,M92016,Amiodarone HCl_Tab 200mg,0203020D0AAABAB,2,1.4000000000000012
269,M92024,Amiodarone HCl_Tab 200mg,0203020D0AAABAB,2,1.4000000000000012
268,M92011,Amiodarone HCl_Tab 200mg,0203020D0AAABAB,2,1.4000000000000012
272,M92002,Amiodarone HCl_Tab 200mg,0203020D0AAABAB,2,1.4000000000000012
271,M92009,Amiodarone HCl_Tab 200mg,0203020D0AAABAB,2,1.4000000000000012
51,M92612,Clonazepam_Tab 500mcg,0408010F0AAABAB,2,1.2655999999999974
46,Y02735,Clonazepam_Tab 500mcg,0408010F0AAABAB,2,1.2655999999999974
38,M92030,Clonazepam_Tab 500mcg,0408010F0AAABAB,2,1.2655999999999974
39,M92007,Clonazepam_Tab 500mcg,0408010F0AAABAB,8,1.2655999999999974
40,M92043,Clonazepam_Tab 500mcg,0408010F0AAABAB,1,1.2655999999999974
41,M92011,Clonazepam_Tab 500mcg,0408010F0AAABAB,1,1.2655999999999974
42,M92010,Clonazepam_Tab 500mcg,0408010F0AAABAB,2,1.2655999999999974
43,M92029,Clonazepam_Tab 500mcg,0408010F0AAABAB,2,1.2655999999999974
44,M92044,Clonazepam_Tab 500mcg,0408010F0AAABAB,1,1.2655999999999974
45,M92044,Clonazepam_Tab 500mcg,0408010F0AAABAB,2,1.2655999999999974
52,M92015,Clonazepam_Tab 500mcg,0408010F0AAABAB,1,1.2655999999999974
50,M92019,Clonazepam_Tab 500mcg,0408010F0AAABAB,1,1.2655999999999974
49,M92009,Clonazepam_Tab 500mcg,0408010F0AAABAB,1,1.2655999999999974
48,M92039,Clonazepam_Tab 500mcg,0408010F0AAABAB,4,1.2655999999999974
47,M92024,Clonazepam_Tab 500mcg,0408010F0AAABAB,4,1.2655999999999974
55,M92028,Clonazepam_Tab 500mcg,0408010F0AAABAB,1,1.1299999999999977
53,M92001,Clonazepam_Tab 500mcg,0408010F0AAABAB,1,1.1299999999999977
54,Y02757,Clonazepam_Tab 500mcg,0408010F0AAABAB,1,1.1299999999999977
59,M92007,Clonazepam_Tab 500mcg,0408010F0AAABAB,1,1.1299999999999977
56,M92014,Clonazepam_Tab 500mcg,0408010F0AAABAB,1,1.1299999999999977
57,M92009,Clonazepam_Tab 500mcg,0408010F0AAABAB,1,1.1299999999999977
58,M92640,Clonazepam_Tab 500mcg,0408010F0AAABAB,1,1.1299999999999977
258,M92630,Atorvastatin_Tab 60mg,0212000B0AAAPAP,1,1.1088000000000022
260,M92024,Atorvastatin_Tab 60mg,0212000B0AAAPAP,1,1.1088000000000022
261,Y02735,Atorvastatin_Tab 60mg,0212000B0AAAPAP,1,1.1088000000000022
262,M92607,Atorvastatin_Tab 60mg,0212000B0AAAPAP,4,1.1088000000000022
259,M92007,Atorvastatin_Tab 60mg,0212000B0AAAPAP,4,1.1088000000000022
60,M92654,Clonazepam_Tab 500mcg,0408010F0AAABAB,7,1.1073999999999977
273,M92022,Amiodarone HCl_Tab 200mg,0203020D0AAABAB,13,1.1011
274,M92010,Amiodarone HCl_Tab 200mg,0203020D0AAABAB,1,1.050000000000001
275,M92026,Amiodarone HCl_Tab 200mg,0203020D0AAABAB,3,1.050000000000001
276,M92040,Amiodarone HCl_Tab 200mg,0203020D0AAABAB,3,1.050000000000001
277,M92654,Amiodarone HCl_Tab 200mg,0203020D0AAABAB,3,1.050000000000001
278,M92630,Amiodarone HCl_Tab 200mg,0203020D0AAABAB,3,1.050000000000001
62,M92012,Clonazepam_Tab 500mcg,0408010F0AAABAB,1,1.016999999999998
61,M92019,Clonazepam_Tab 500mcg,0408010F0AAABAB,1,1.016999999999998
335,M92016,Pyridox HCl_Tab 50mg,0906024N0AAAIAI,1,0.9576000000000002
336,M92002,Pyridox HCl_Tab 50mg,0906024N0AAAIAI,2,0.9576000000000002
337,M92010,Pyridox HCl_Tab 50mg,0906024N0AAAIAI,1,0.9576000000000002
72,Y02757,Clonazepam_Tab 500mcg,0408010F0AAABAB,6,0.949199999999998
73,M92004,Clonazepam_Tab 500mcg,0408010F0AAABAB,3,0.949199999999998
68,M92013,Clonazepam_Tab 500mcg,0408010F0AAABAB,1,0.949199999999998
67,M92028,Clonazepam_Tab 500mcg,0408010F0AAABAB,3,0.949199999999998
66,M92028,Clonazepam_Tab 500mcg,0408010F0AAABAB,4,0.949199999999998
65,M92013,Clonazepam_Tab 500mcg,0408010F0AAABAB,3,0.949199999999998
64,M92649,Clonazepam_Tab 500mcg,0408010F0AAABAB,2,0.949199999999998
63,M92040,Clonazepam_Tab 500mcg,0408010F0AAABAB,3,0.949199999999998
71,M92024,Clonazepam_Tab 500mcg,0408010F0AAABAB,1,0.949199999999998
70,M92009,Clonazepam_Tab 500mcg,0408010F0AAABAB,1,0.949199999999998
69,M92009,Clonazepam_Tab 500mcg,0408010F0AAABAB,3,0.949199999999998
279,M92043,Amiodarone HCl_Tab 200mg,0203020D0AAABAB,11,0.9317
74,M92028,Clonazepam_Tab 500mcg,0408010F0AAABAB,5,0.7909999999999984
75,Y02757,Clonazepam_Tab 500mcg,0408010F0AAABAB,1,0.7909999999999984
293,M92044,Amiodarone HCl_Tab 200mg,0203020D0AAABAB,1,0.7000000000000006
292,M92013,Amiodarone HCl_Tab 200mg,0203020D0AAABAB,2,0.7000000000000006
280,M92004,Amiodarone HCl_Tab 200mg,0203020D0AAABAB,1,0.7000000000000006
281,M92003,Amiodarone HCl_Tab 200mg,0203020D0AAABAB,2,0.7000000000000006
282,Y02757,Amiodarone HCl_Tab 200mg,0203020D0AAABAB,2,0.7000000000000006
284,M92029,Amiodarone HCl_Tab 200mg,0203020D0AAABAB,1,0.7000000000000006
283,Y02735,Amiodarone HCl_Tab 200mg,0203020D0AAABAB,2,0.7000000000000006
285,Y02636,Amiodarone HCl_Tab 200mg,0203020D0AAABAB,1,0.7000000000000006
286,M92041,Amiodarone HCl_Tab 200mg,0203020D0AAABAB,1,0.7000000000000006
287,M92039,Amiodarone HCl_Tab 200mg,0203020D0AAABAB,1,0.7000000000000006
288,M92630,Amiodarone HCl_Tab 200mg,0203020D0AAABAB,1,0.7000000000000006
289,M92028,Amiodarone HCl_Tab 200mg,0203020D0AAABAB,1,0.7000000000000006
290,M92609,Amiodarone HCl_Tab 200mg,0203020D0AAABAB,1,0.7000000000000006
291,M92612,Amiodarone HCl_Tab 200mg,0203020D0AAABAB,2,0.7000000000000006
80,Y03457,Clonazepam_Tab 500mcg,0408010F0AAABAB,2,0.6779999999999986
79,M92011,Clonazepam_Tab 500mcg,0408010F0AAABAB,1,0.6779999999999986
77,M92014,Clonazepam_Tab 500mcg,0408010F0AAABAB,2,0.6779999999999986
76,M92009,Clonazepam_Tab 500mcg,0408010F0AAABAB,1,0.6779999999999986
81,M92008,Clonazepam_Tab 500mcg,0408010F0AAABAB,1,0.6779999999999986
78,M92044,Clonazepam_Tab 500mcg,0408010F0AAABAB,1,0.6779999999999986
85,M92008,Clonazepam_Tab 500mcg,0408010F0AAABAB,2,0.6327999999999987
84,M92012,Clonazepam_Tab 500mcg,0408010F0AAABAB,2,0.6327999999999987
83,M92029,Clonazepam_Tab 500mcg,0408010F0AAABAB,2,0.6327999999999987
96,M92010,Clonazepam_Tab 500mcg,0408010F0AAABAB,2,0.6327999999999987
104,M92030,Clonazepam_Tab 500mcg,0408010F0AAABAB,2,0.6327999999999987
105,M92007,Clonazepam_Tab 500mcg,0408010F0AAABAB,2,0.6327999999999987
106,M92041,Clonazepam_Tab 500mcg,0408010F0AAABAB,1,0.6327999999999987
82,Y02736,Clonazepam_Tab 500mcg,0408010F0AAABAB,2,0.6327999999999987
103,M92010,Clonazepam_Tab 500mcg,0408010F0AAABAB,4,0.6327999999999987
102,Y02636,Clonazepam_Tab 500mcg,0408010F0AAABAB,2,0.6327999999999987
101,M92609,Clonazepam_Tab 500mcg,0408010F0AAABAB,1,0.6327999999999987
100,M92627,Clonazepam_Tab 500mcg,0408010F0AAABAB,4,0.6327999999999987
98,Y02757,Clonazepam_Tab 500mcg,0408010F0AAABAB,1,0.6327999999999987
97,M92649,Clonazepam_Tab 500mcg,0408010F0AAABAB,1,0.6327999999999987
99,M92629,Clonazepam_Tab 500mcg,0408010F0AAABAB,1,0.6327999999999987
95,M92004,Clonazepam_Tab 500mcg,0408010F0AAABAB,1,0.6327999999999987
89,M92612,Clonazepam_Tab 500mcg,0408010F0AAABAB,2,0.6327999999999987
86,M92013,Clonazepam_Tab 500mcg,0408010F0AAABAB,1,0.6327999999999987
93,M92024,Clonazepam_Tab 500mcg,0408010F0AAABAB,1,0.6327999999999987
92,M92043,Clonazepam_Tab 500mcg,0408010F0AAABAB,1,0.6327999999999987
87,M92040,Clonazepam_Tab 500mcg,0408010F0AAABAB,1,0.6327999999999987
91,M92002,Clonazepam_Tab 500mcg,0408010F0AAABAB,1,0.6327999999999987
90,M92026,Clonazepam_Tab 500mcg,0408010F0AAABAB,2,0.6327999999999987
88,M92019,Clonazepam_Tab 500mcg,0408010F0AAABAB,1,0.6327999999999987
94,M92609,Clonazepam_Tab 500mcg,0408010F0AAABAB,2,0.6327999999999987
338,M92011,Pyridox HCl_Tab 50mg,0906024N0AAAIAI,5,0.5985000000000001
294,M92607,Amiodarone HCl_Tab 200mg,0203020D0AAABAB,7,0.5929
108,M92016,Clonazepam_Tab 500mcg,0408010F0AAABAB,1,0.5699999999999983
107,M92647,Clonazepam_Tab 500mcg,0408010F0AAABAB,1,0.5699999999999983
109,M92044,Clonazepam_Tab 500mcg,0408010F0AAABAB,2,0.5599999999999994
110,M92028,Clonazepam_Tab 500mcg,0408010F0AAABAB,7,0.5536999999999989
295,M92002,Amiodarone HCl_Tab 200mg,0203020D0AAABAB,6,0.5082
339,Y02736,Pyridox HCl_Tab 50mg,0906024N0AAAIAI,1,0.4788000000000001
344,M92024,Pyridox HCl_Tab 50mg,0906024N0AAAIAI,1,0.4788000000000001
340,M92030,Pyridox HCl_Tab 50mg,0906024N0AAAIAI,1,0.4788000000000001
341,M92009,Pyridox HCl_Tab 50mg,0906024N0AAAIAI,1,0.4788000000000001
342,M92627,Pyridox HCl_Tab 50mg,0906024N0AAAIAI,1,0.4788000000000001
343,M92042,Pyridox HCl_Tab 50mg,0906024N0AAAIAI,1,0.4788000000000001
349,Y02735,Pyridox HCl_Tab 50mg,0906024N0AAAIAI,1,0.4788000000000001
345,M92607,Pyridox HCl_Tab 50mg,0906024N0AAAIAI,4,0.4788000000000001
346,M92654,Pyridox HCl_Tab 50mg,0906024N0AAAIAI,1,0.4788000000000001
347,M92019,Pyridox HCl_Tab 50mg,0906024N0AAAIAI,1,0.4788000000000001
348,M92043,Pyridox HCl_Tab 50mg,0906024N0AAAIAI,1,0.4788000000000001
112,M92008,Clonazepam_Tab 500mcg,0408010F0AAABAB,1,0.474599999999999
111,Y02735,Clonazepam_Tab 500mcg,0408010F0AAABAB,1,0.474599999999999
296,M92024,Amiodarone HCl_Tab 200mg,0203020D0AAABAB,5,0.4235
113,M92039,Clonazepam_Tab 500mcg,0408010F0AAABAB,5,0.3954999999999992
351,M92026,Atorvastatin_Tab 20mg,0212000B0AAABAB,66,0.3696000000000106
304,M92010,Amiodarone HCl_Tab 200mg,0203020D0AAABAB,1,0.3500000000000003
297,M92044,Amiodarone HCl_Tab 200mg,0203020D0AAABAB,1,0.3500000000000003
298,M92647,Amiodarone HCl_Tab 200mg,0203020D0AAABAB,1,0.3500000000000003
299,M92002,Amiodarone HCl_Tab 200mg,0203020D0AAABAB,1,0.3500000000000003
300,M92001,Amiodarone HCl_Tab 200mg,0203020D0AAABAB,1,0.3500000000000003
301,M92043,Amiodarone HCl_Tab 200mg,0203020D0AAABAB,1,0.3500000000000003
302,M92022,Amiodarone HCl_Tab 200mg,0203020D0AAABAB,1,0.3500000000000003
303,M92649,Amiodarone HCl_Tab 200mg,0203020D0AAABAB,1,0.3500000000000003
114,M92009,Clonazepam_Tab 500mcg,0408010F0AAABAB,1,0.3389999999999993
115,M92043,Clonazepam_Tab 500mcg,0408010F0AAABAB,1,0.3389999999999993
116,M92012,Clonazepam_Tab 500mcg,0408010F0AAABAB,1,0.3389999999999993
117,M92654,Clonazepam_Tab 500mcg,0408010F0AAABAB,1,0.3389999999999993
118,M92022,Clonazepam_Tab 500mcg,0408010F0AAABAB,1,0.3389999999999993
306,M92612,Amiodarone HCl_Tab 200mg,0203020D0AAABAB,4,0.3388
305,Y02757,Amiodarone HCl_Tab 200mg,0203020D0AAABAB,4,0.3388
307,M92014,Amiodarone HCl_Tab 200mg,0203020D0AAABAB,4,0.3388
308,M92008,Amiodarone HCl_Tab 200mg,0203020D0AAABAB,4,0.3388
309,M92609,Amiodarone HCl_Tab 200mg,0203020D0AAABAB,4,0.3388
310,M92007,Amiodarone HCl_Tab 200mg,0203020D0AAABAB,4,0.3388
311,M92010,Amiodarone HCl_Tab 200mg,0203020D0AAABAB,4,0.3388
125,M92019,Clonazepam_Tab 500mcg,0408010F0AAABAB,1,0.31639999999999935
124,M92041,Clonazepam_Tab 500mcg,0408010F0AAABAB,1,0.31639999999999935
119,M92630,Clonazepam_Tab 500mcg,0408010F0AAABAB,4,0.31639999999999935
120,M92026,Clonazepam_Tab 500mcg,0408010F0AAABAB,4,0.31639999999999935
121,Y02757,Clonazepam_Tab 500mcg,0408010F0AAABAB,4,0.31639999999999935
122,Y02735,Clonazepam_Tab 500mcg,0408010F0AAABAB,1,0.31639999999999935
123,M92016,Clonazepam_Tab 500mcg,0408010F0AAABAB,4,0.31639999999999935
128,M92607,Clonazepam_Tab 500mcg,0408010F0AAABAB,1,0.31639999999999935
132,M92029,Clonazepam_Tab 500mcg,0408010F0AAABAB,4,0.31639999999999935
126,M92011,Clonazepam_Tab 500mcg,0408010F0AAABAB,4,0.31639999999999935
127,M92630,Clonazepam_Tab 500mcg,0408010F0AAABAB,1,0.31639999999999935
129,M92010,Clonazepam_Tab 500mcg,0408010F0AAABAB,4,0.31639999999999935
130,M92002,Clonazepam_Tab 500mcg,0408010F0AAABAB,1,0.31639999999999935
131,M92022,Clonazepam_Tab 500mcg,0408010F0AAABAB,1,0.31639999999999935
134,M92629,Clonazepam_Tab 500mcg,0408010F0AAABAB,1,0.31639999999999935
133,M92003,Clonazepam_Tab 500mcg,0408010F0AAABAB,1,0.31639999999999935
312,M92654,Amiodarone HCl_Tab 200mg,0203020D0AAABAB,3,0.2541
135,M92654,Clonazepam_Tab 500mcg,0408010F0AAABAB,1,0.174
136,M92011,Clonazepam_Tab 500mcg,0408010F0AAABAB,4,0.16959999999999997
138,M92016,Clonazepam_Tab 500mcg,0408010F0AAABAB,1,0.15819999999999967
137,M92019,Clonazepam_Tab 500mcg,0408010F0AAABAB,1,0.15819999999999967
352,M92026,Atorvastatin_Tab 20mg,0212000B0AAABAB,22,0.12320000000000353
154,M92607,Co-Codamol_Tab 8mg/500mg,0407010F0AAAAAA,24,0.11999999999999927
155,M92607,Co-Codamol_Tab 8mg/500mg,0407010F0AAAAAA,24,0.11999999999999927
139,M92013,Clonazepam_Tab 500mcg,0408010F0AAABAB,1,0.07909999999999984
156,M92612,Co-Codamol_Tab 8mg/500mg,0407010F0AAAAAA,13,0.06499999999999961
157,M92612,Co-Codamol_Tab 8mg/500mg,0407010F0AAAAAA,13,0.06499999999999961
159,Y02735,Co-Codamol_Tab 8mg/500mg,0407010F0AAAAAA,6,0.0335999999999998
158,Y02735,Co-Codamol_Tab 8mg/500mg,0407010F0AAAAAA,6,0.0335999999999998
161,M92009,Co-Codamol_Tab 8mg/500mg,0407010F0AAAAAA,5,0.02799999999999983
160,M92009,Co-Codamol_Tab 8mg/500mg,0407010F0AAAAAA,5,0.02799999999999983
143,M92019,Phenytoin_Sod Tab 100mg,0408010Q0AAAGAG,4,0.025199999999997225
142,M92029,Phenytoin_Sod Tab 100mg,0408010Q0AAAGAG,4,0.025199999999997225
165,M92009,Co-Codamol_Tab 8mg/500mg,0407010F0AAAAAA,5,0.02499999999999985
164,M92028,Co-Codamol_Tab 8mg/500mg,0407010F0AAAAAA,5,0.02499999999999985
163,M92028,Co-Codamol_Tab 8mg/500mg,0407010F0AAAAAA,5,0.02499999999999985
162,M92009,Co-Codamol_Tab 8mg/500mg,0407010F0AAAAAA,5,0.02499999999999985
172,M92012,Co-Codamol_Tab 8mg/500mg,0407010F0AAAAAA,4,0.022399999999999864
171,M92029,Co-Codamol_Tab 8mg/500mg,0407010F0AAAAAA,4,0.022399999999999864
170,M92029,Co-Codamol_Tab 8mg/500mg,0407010F0AAAAAA,4,0.022399999999999864
169,M92011,Co-Codamol_Tab 8mg/500mg,0407010F0AAAAAA,2,0.022399999999999864
168,M92026,Co-Codamol_Tab 8mg/500mg,0407010F0AAAAAA,4,0.022399999999999864
167,M92011,Co-Codamol_Tab 8mg/500mg,0407010F0AAAAAA,2,0.022399999999999864
166,M92012,Co-Codamol_Tab 8mg/500mg,0407010F0AAAAAA,4,0.022399999999999864
173,M92026,Co-Codamol_Tab 8mg/500mg,0407010F0AAAAAA,4,0.022399999999999864
175,M92002,Co-Codamol_Tab 8mg/500mg,0407010F0AAAAAA,4,0.01999999999999988
174,M92002,Co-Codamol_Tab 8mg/500mg,0407010F0AAAAAA,4,0.01999999999999988
179,M92649,Co-Codamol_Tab 8mg/500mg,0407010F0AAAAAA,3,0.01499999999999991
176,M92649,Co-Codamol_Tab 8mg/500mg,0407010F0AAAAAA,3,0.01499999999999991
177,M92003,Co-Codamol_Tab 8mg/500mg,0407010F0AAAAAA,3,0.01499999999999991
178,M92024,Co-Codamol_Tab 8mg/500mg,0407010F0AAAAAA,3,0.01499999999999991
180,M92024,Co-Codamol_Tab 8mg/500mg,0407010F0AAAAAA,3,0.01499999999999991
181,M92003,Co-Codamol_Tab 8mg/500mg,0407010F0AAAAAA,3,0.01499999999999991
186,M92040,Co-Codamol_Tab 8mg/500mg,0407010F0AAAAAA,4,0.011199999999999932
189,M92019,Co-Codamol_Tab 8mg/500mg,0407010F0AAAAAA,2,0.011199999999999932
191,M92019,Co-Codamol_Tab 8mg/500mg,0407010F0AAAAAA,2,0.011199999999999932
182,M92039,Co-Codamol_Tab 8mg/500mg,0407010F0AAAAAA,2,0.011199999999999932
183,M92039,Co-Codamol_Tab 8mg/500mg,0407010F0AAAAAA,2,0.011199999999999932
184,M92629,Co-Codamol_Tab 8mg/500mg,0407010F0AAAAAA,1,0.011199999999999932
185,M92630,Co-Codamol_Tab 8mg/500mg,0407010F0AAAAAA,1,0.011199999999999932
190,M92040,Co-Codamol_Tab 8mg/500mg,0407010F0AAAAAA,4,0.011199999999999932
187,M92629,Co-Codamol_Tab 8mg/500mg,0407010F0AAAAAA,1,0.011199999999999932
188,M92630,Co-Codamol_Tab 8mg/500mg,0407010F0AAAAAA,1,0.011199999999999932
314,M92016,Sod Bicarb_Cap 500mg,0902013S0AAACAC,4,0.011199999999999544
315,M92024,Sod Bicarb_Cap 500mg,0902013S0AAACAC,4,0.011199999999999544
192,M92030,Co-Codamol_Tab 8mg/500mg,0407010F0AAAAAA,2,0.00999999999999994
193,M92030,Co-Codamol_Tab 8mg/500mg,0407010F0AAAAAA,2,0.00999999999999994
194,M92019,Co-Codamol_Tab 8mg/500mg,0407010F0AAAAAA,1,0.00839999999999995
195,M92039,Co-Codamol_Tab 8mg/500mg,0407010F0AAAAAA,1,0.00839999999999995
196,M92019,Co-Codamol_Tab 8mg/500mg,0407010F0AAAAAA,1,0.00839999999999995
197,M92039,Co-Codamol_Tab 8mg/500mg,0407010F0AAAAAA,1,0.00839999999999995
353,M92011,Atorvastatin_Tab 20mg,0212000B0AAABAB,1,0.007400000000000212
316,M92024,Sod Bicarb_Cap 500mg,0902013S0AAACAC,5,0.006999999999999715
355,M92007,Atorvastatin_Tab 20mg,0212000B0AAABAB,1,0.006000000000000172
354,M92011,Atorvastatin_Tab 20mg,0212000B0AAABAB,1,0.006000000000000172
208,M92010,Co-Codamol_Tab 8mg/500mg,0407010F0AAAAAA,1,0.005599999999999966
198,M92612,Co-Codamol_Tab 8mg/500mg,0407010F0AAAAAA,1,0.005599999999999966
199,M92607,Co-Codamol_Tab 8mg/500mg,0407010F0AAAAAA,1,0.005599999999999966
200,M92612,Co-Codamol_Tab 8mg/500mg,0407010F0AAAAAA,1,0.005599999999999966
201,M92008,Co-Codamol_Tab 8mg/500mg,0407010F0AAAAAA,1,0.005599999999999966
203,M92011,Co-Codamol_Tab 8mg/500mg,0407010F0AAAAAA,1,0.005599999999999966
204,M92630,Co-Codamol_Tab 8mg/500mg,0407010F0AAAAAA,1,0.005599999999999966
205,M92013,Co-Codamol_Tab 8mg/500mg,0407010F0AAAAAA,1,0.005599999999999966
206,M92607,Co-Codamol_Tab 8mg/500mg,0407010F0AAAAAA,1,0.005599999999999966
207,M92010,Co-Codamol_Tab 8mg/500mg,0407010F0AAAAAA,1,0.005599999999999966
202,M92013,Co-Codamol_Tab 8mg/500mg,0407010F0AAAAAA,1,0.005599999999999966
209,M92008,Co-Codamol_Tab 8mg/500mg,0407010F0AAAAAA,1,0.005599999999999966
211,M92630,Co-Codamol_Tab 8mg/500mg,0407010F0AAAAAA,1,0.005599999999999966
210,M92011,Co-Codamol_Tab 8mg/500mg,0407010F0AAAAAA,1,0.005599999999999966
317,M92015,Sod Bicarb_Cap 500mg,0902013S0AAACAC,4,0.005599999999999772
318,M92004,Sod Bicarb_Cap 500mg,0902013S0AAACAC,4,0.005599999999999772
319,M92607,Sod Bicarb_Cap 500mg,0902013S0AAACAC,4,0.005599999999999772
214,M92041,Co-Codamol_Tab 8mg/500mg,0407010F0AAAAAA,1,0.00499999999999997
218,Y02757,Co-Codamol_Tab 8mg/500mg,0407010F0AAAAAA,1,0.00499999999999997
227,M92654,Co-Codamol_Tab 8mg/500mg,0407010F0AAAAAA,1,0.00499999999999997
226,M92016,Co-Codamol_Tab 8mg/500mg,0407010F0AAAAAA,1,0.00499999999999997
225,M92013,Co-Codamol_Tab 8mg/500mg,0407010F0AAAAAA,1,0.00499999999999997
224,M92013,Co-Codamol_Tab 8mg/500mg,0407010F0AAAAAA,1,0.00499999999999997
222,Y02636,Co-Codamol_Tab 8mg/500mg,0407010F0AAAAAA,1,0.00499999999999997
217,M92012,Co-Codamol_Tab 8mg/500mg,0407010F0AAAAAA,1,0.00499999999999997
216,M92041,Co-Codamol_Tab 8mg/500mg,0407010F0AAAAAA,1,0.00499999999999997
215,M92012,Co-Codamol_Tab 8mg/500mg,0407010F0AAAAAA,1,0.00499999999999997
223,M92654,Co-Codamol_Tab 8mg/500mg,0407010F0AAAAAA,1,0.00499999999999997
219,M92042,Co-Codamol_Tab 8mg/500mg,0407010F0AAAAAA,1,0.00499999999999997
221,M92042,Co-Codamol_Tab 8mg/500mg,0407010F0AAAAAA,1,0.00499999999999997
213,M92016,Co-Codamol_Tab 8mg/500mg,0407010F0AAAAAA,1,0.00499999999999997
220,Y02757,Co-Codamol_Tab 8mg/500mg,0407010F0AAAAAA,1,0.00499999999999997
212,Y02636,Co-Codamol_Tab 8mg/500mg,0407010F0AAAAAA,1,0.00499999999999997
228,M92612,Co-Codamol_Tab 8mg/500mg,0407010F0AAAAAA,1,0.004799999999999971
229,M92612,Co-Codamol_Tab 8mg/500mg,0407010F0AAAAAA,1,0.004799999999999971
356,M92024,Atorvastatin_Tab 20mg,0212000B0AAABAB,1,0.00360000000000002
230,M92612,Co-Codamol_Tab 8mg/500mg,0407010F0AAAAAA,1,0.002799999999999983
231,M92612,Co-Codamol_Tab 8mg/500mg,0407010F0AAAAAA,1,0.002799999999999983
320,M92040,Sod Bicarb_Cap 500mg,0902013S0AAACAC,1,0.002799999999999886
321,M92009,Sod Bicarb_Cap 500mg,0902013S0AAACAC,1,-0.00210000000000006
232,M92040,Co-Codamol_Tab 8mg/500mg,0407010F0AAAAAA,4,-0.00839999999999995
233,M92040,Co-Codamol_Tab 8mg/500mg,0407010F0AAAAAA,4,-0.00839999999999995
322,M92607,Sod Bicarb_Cap 500mg,0902013S0AAACAC,4,-0.00840000000000024
236,M92040,Co-Codamol_Tab 8mg/500mg,0407010F0AAAAAA,4,-0.0167999999999999
237,M92607,Co-Codamol_Tab 8mg/500mg,0407010F0AAAAAA,4,-0.0167999999999999
234,M92607,Co-Codamol_Tab 8mg/500mg,0407010F0AAAAAA,4,-0.0167999999999999
235,M92040,Co-Codamol_Tab 8mg/500mg,0407010F0AAAAAA,4,-0.0167999999999999
324,M92004,Sod Bicarb_Cap 500mg,0902013S0AAACAC,1,-0.020000000000000573
323,M92630,Sod Bicarb_Cap 500mg,0902013S0AAACAC,1,-0.020000000000000573
357,M92042,Atorvastatin_Tab 20mg,0212000B0AAABAB,8,-0.03359999999999996
238,M92607,Co-Codamol_Tab 8mg/500mg,0407010F0AAAAAA,2,-0.03599999999999999
239,M92607,Co-Codamol_Tab 8mg/500mg,0407010F0AAAAAA,2,-0.03599999999999999
240,M92030,Co-Codamol_Tab 8mg/500mg,0407010F0AAAAAA,10,-0.041999999999999746
241,M92030,Co-Codamol_Tab 8mg/500mg,0407010F0AAAAAA,10,-0.041999999999999746
242,M92607,Co-Codamol_Tab 8mg/500mg,0407010F0AAAAAA,12,-0.07199999999999956
243,M92607,Co-Codamol_Tab 8mg/500mg,0407010F0AAAAAA,12,-0.07199999999999956
358,M92607,Atorvastatin_Tab 20mg,0212000B0AAABAB,31,-0.08679999999999646
244,M92607,Co-Codamol_Tab 8mg/500mg,0407010F0AAAAAA,60,-0.5999999999999963
245,M92607,Co-Codamol_Tab 8mg/500mg,0407010F0AAAAAA,60,-0.5999999999999963
