,practice_code,bnf_description,bnf_code,items,excess_cost
237,G82123,Risperidone_Tab 6mg,040201030AAAFAF,1,87.6288
271,G82051,Mesalazine_Tab E/C 800mg,0105010B0AAASAS,2,73.79999999999998
239,G82014,Paracet_Tab Solb 500mg,0407010H0AAAQAQ,2,36.74
240,G82014,Paracet_Tab Solb 500mg,0407010H0AAAQAQ,2,36.74
272,G82051,Mesalazine_Tab E/C 800mg,0105010B0AAASAS,1,34.43999999999999
276,G82226,Mesalazine_Tab E/C 800mg,0105010B0AAASAS,1,34.43999999999999
275,G82753,Mesalazine_Tab E/C 800mg,0105010B0AAASAS,1,34.43999999999999
273,G82161,Mesalazine_Tab E/C 800mg,0105010B0AAASAS,1,34.43999999999999
274,G82737,Mesalazine_Tab E/C 800mg,0105010B0AAASAS,1,34.43999999999999
238,G82014,Risperidone_Tab 6mg,040201030AAAFAF,1,29.2096
277,G82051,Mesalazine_Tab E/C 800mg,0105010B0AAASAS,3,25.829999999999995
278,G82123,Mesalazine_Tab E/C 800mg,0105010B0AAASAS,1,17.219999999999995
279,G82741,Mesalazine_Tab E/C 800mg,0105010B0AAASAS,1,17.219999999999995
280,G82161,Mesalazine_Tab E/C 800mg,0105010B0AAASAS,1,17.219999999999995
281,G82744,Mesalazine_Tab E/C 800mg,0105010B0AAASAS,1,17.219999999999995
282,G82077,Mesalazine_Tab E/C 800mg,0105010B0AAASAS,1,17.219999999999995
283,G82100,Mesalazine_Tab E/C 800mg,0105010B0AAASAS,1,17.219999999999995
257,G82108,Topiramate_Tab 200mg,040801050AAACAC,28,16.150400000000005
258,G82226,Topiramate_Tab 200mg,040801050AAACAC,1,9.295999999999996
294,G82133,Tetrabenazine_Tab 25mg,0409030C0AAAAAA,1,7.99679999999999
293,Y00198,Tetrabenazine_Tab 25mg,0409030C0AAAAAA,2,7.99679999999999
0,G82108,Clonazepam_Tab 500mcg,0408010F0AAABAB,25,7.909999999999984
259,G82198,Topiramate_Tab 200mg,040801050AAACAC,1,7.469999999999997
295,G82133,Tetrabenazine_Tab 25mg,0409030C0AAAAAA,1,6.9971999999999905
1,G82233,Clonazepam_Tab 500mcg,0408010F0AAABAB,6,6.779999999999986
401,G82077,Atorvastatin_Tab 60mg,0212000B0AAAPAP,6,6.652800000000013
359,G82711,Topiramate_Cap 50mg,040801050AAAWAW,2,6.419999999999993
298,G82133,Tetrabenazine_Tab 25mg,0409030C0AAAAAA,2,5.997599999999992
297,G82161,Tetrabenazine_Tab 25mg,0409030C0AAAAAA,1,5.997599999999992
296,G82203,Tetrabenazine_Tab 25mg,0409030C0AAAAAA,1,5.997599999999992
3,G82679,Clonazepam_Tab 500mcg,0408010F0AAABAB,3,5.695199999999988
2,G82233,Clonazepam_Tab 500mcg,0408010F0AAABAB,3,5.695199999999988
4,G82233,Clonazepam_Tab 500mcg,0408010F0AAABAB,8,5.423999999999989
360,G82077,Topiramate_Cap 50mg,040801050AAAWAW,2,5.135999999999994
5,G82014,Clonazepam_Tab 500mcg,0408010F0AAABAB,8,5.06239999999999
260,G82133,Topiramate_Tab 200mg,040801050AAACAC,1,4.979999999999998
261,G82161,Topiramate_Tab 200mg,040801050AAACAC,1,4.979999999999998
262,G82233,Topiramate_Tab 200mg,040801050AAACAC,1,4.979999999999998
6,G82014,Clonazepam_Tab 500mcg,0408010F0AAABAB,5,4.74599999999999
402,G82161,Atorvastatin_Tab 60mg,0212000B0AAAPAP,2,4.435200000000009
383,G82014,Pyridox HCl_Tab 50mg,0906024N0AAAIAI,3,4.309200000000001
299,Y02471,Tetrabenazine_Tab 25mg,0409030C0AAAAAA,1,3.998399999999995
362,G82753,Topiramate_Cap 50mg,040801050AAAWAW,3,3.8519999999999954
361,G82233,Topiramate_Cap 50mg,040801050AAAWAW,3,3.8519999999999954
384,G82154,Pyridox HCl_Tab 50mg,0906024N0AAAIAI,1,3.830400000000001
8,G82014,Clonazepam_Tab 500mcg,0408010F0AAABAB,2,3.796799999999992
7,Y00198,Clonazepam_Tab 500mcg,0408010F0AAABAB,2,3.796799999999992
305,G82077,Amiodarone HCl_Tab 200mg,0203020D0AAABAB,10,3.500000000000003
10,Y00198,Clonazepam_Tab 500mcg,0408010F0AAABAB,3,3.389999999999993
11,G82161,Clonazepam_Tab 500mcg,0408010F0AAABAB,2,3.389999999999993
12,G82704,Clonazepam_Tab 500mcg,0408010F0AAABAB,3,3.389999999999993
13,G82161,Clonazepam_Tab 500mcg,0408010F0AAABAB,5,3.389999999999993
14,G82180,Clonazepam_Tab 500mcg,0408010F0AAABAB,2,3.389999999999993
9,G82113,Clonazepam_Tab 500mcg,0408010F0AAABAB,5,3.389999999999993
403,G82123,Atorvastatin_Tab 60mg,0212000B0AAAPAP,3,3.3264000000000067
363,G82233,Topiramate_Cap 50mg,040801050AAAWAW,1,3.2099999999999964
16,G82161,Clonazepam_Tab 500mcg,0408010F0AAABAB,5,3.1639999999999935
15,G82113,Clonazepam_Tab 500mcg,0408010F0AAABAB,10,3.1639999999999935
300,G82100,Tetrabenazine_Tab 25mg,0409030C0AAAAAA,1,2.998799999999996
385,G82697,Pyridox HCl_Tab 50mg,0906024N0AAAIAI,2,2.8728000000000007
386,G82106,Pyridox HCl_Tab 50mg,0906024N0AAAIAI,2,2.8728000000000007
387,G82203,Pyridox HCl_Tab 50mg,0906024N0AAAIAI,1,2.8728000000000007
388,G82233,Pyridox HCl_Tab 50mg,0906024N0AAAIAI,3,2.8728000000000007
17,G82113,Clonazepam_Tab 500mcg,0408010F0AAABAB,3,2.847599999999994
18,G82095,Clonazepam_Tab 500mcg,0408010F0AAABAB,3,2.847599999999994
19,G82011,Clonazepam_Tab 500mcg,0408010F0AAABAB,9,2.847599999999994
20,G82051,Clonazepam_Tab 500mcg,0408010F0AAABAB,9,2.847599999999994
306,G82161,Amiodarone HCl_Tab 200mg,0203020D0AAABAB,4,2.8000000000000025
21,G82133,Clonazepam_Tab 500mcg,0408010F0AAABAB,4,2.7119999999999944
22,G82014,Clonazepam_Tab 500mcg,0408010F0AAABAB,4,2.7119999999999944
23,G82051,Clonazepam_Tab 500mcg,0408010F0AAABAB,2,2.7119999999999944
366,G82708,Topiramate_Cap 50mg,040801050AAAWAW,1,2.567999999999997
365,G82753,Topiramate_Cap 50mg,040801050AAAWAW,1,2.567999999999997
364,G82697,Topiramate_Cap 50mg,040801050AAAWAW,1,2.567999999999997
29,G82108,Clonazepam_Tab 500mcg,0408010F0AAABAB,2,2.531199999999995
28,Y02462,Clonazepam_Tab 500mcg,0408010F0AAABAB,2,2.531199999999995
27,G82161,Clonazepam_Tab 500mcg,0408010F0AAABAB,8,2.531199999999995
30,G82203,Clonazepam_Tab 500mcg,0408010F0AAABAB,4,2.531199999999995
31,G82727,Clonazepam_Tab 500mcg,0408010F0AAABAB,1,2.531199999999995
26,G82161,Clonazepam_Tab 500mcg,0408010F0AAABAB,2,2.531199999999995
32,G82820,Clonazepam_Tab 500mcg,0408010F0AAABAB,1,2.531199999999995
25,G82226,Clonazepam_Tab 500mcg,0408010F0AAABAB,1,2.531199999999995
24,G82077,Clonazepam_Tab 500mcg,0408010F0AAABAB,2,2.531199999999995
33,Y00198,Clonazepam_Tab 500mcg,0408010F0AAABAB,8,2.531199999999995
263,G82744,Topiramate_Tab 200mg,040801050AAACAC,1,2.489999999999999
264,G82631,Topiramate_Tab 200mg,040801050AAACAC,1,2.489999999999999
265,G82051,Topiramate_Tab 200mg,040801050AAACAC,1,2.489999999999999
266,G82233,Topiramate_Tab 200mg,040801050AAACAC,1,2.489999999999999
267,G82113,Topiramate_Tab 200mg,040801050AAACAC,1,2.489999999999999
268,G82095,Topiramate_Tab 200mg,040801050AAACAC,1,2.489999999999999
367,G82154,Topiramate_Cap 50mg,040801050AAAWAW,1,2.396799999999997
368,G82233,Topiramate_Cap 50mg,040801050AAAWAW,2,2.396799999999997
35,G82113,Clonazepam_Tab 500mcg,0408010F0AAABAB,15,2.372999999999995
34,G82113,Clonazepam_Tab 500mcg,0408010F0AAABAB,10,2.372999999999995
269,G82704,Topiramate_Tab 200mg,040801050AAACAC,1,2.3183999999999996
270,G82014,Topiramate_Tab 200mg,040801050AAACAC,1,2.3183999999999996
405,G82706,Atorvastatin_Tab 60mg,0212000B0AAAPAP,1,2.2176000000000045
404,G82753,Atorvastatin_Tab 60mg,0212000B0AAAPAP,2,2.2176000000000045
301,G82133,Tetrabenazine_Tab 25mg,0409030C0AAAAAA,1,2.135999999999998
307,G82095,Amiodarone HCl_Tab 200mg,0203020D0AAABAB,3,2.100000000000002
310,G82198,Amiodarone HCl_Tab 200mg,0203020D0AAABAB,2,2.100000000000002
309,G82198,Amiodarone HCl_Tab 200mg,0203020D0AAABAB,1,2.100000000000002
308,G82154,Amiodarone HCl_Tab 200mg,0203020D0AAABAB,3,2.100000000000002
36,G82100,Clonazepam_Tab 500mcg,0408010F0AAABAB,13,2.056599999999996
38,G82051,Clonazepam_Tab 500mcg,0408010F0AAABAB,1,2.033999999999996
40,G82631,Clonazepam_Tab 500mcg,0408010F0AAABAB,2,2.033999999999996
39,G82721,Clonazepam_Tab 500mcg,0408010F0AAABAB,1,2.033999999999996
37,G82775,Clonazepam_Tab 500mcg,0408010F0AAABAB,1,2.033999999999996
302,G82226,Tetrabenazine_Tab 25mg,0409030C0AAAAAA,1,1.9991999999999974
390,G82203,Pyridox HCl_Tab 50mg,0906024N0AAAIAI,1,1.9152000000000005
389,G82162,Pyridox HCl_Tab 50mg,0906024N0AAAIAI,2,1.9152000000000005
50,G82051,Clonazepam_Tab 500mcg,0408010F0AAABAB,3,1.898399999999996
52,Y00198,Clonazepam_Tab 500mcg,0408010F0AAABAB,2,1.898399999999996
53,G82775,Clonazepam_Tab 500mcg,0408010F0AAABAB,3,1.898399999999996
56,G82014,Clonazepam_Tab 500mcg,0408010F0AAABAB,12,1.898399999999996
51,G82095,Clonazepam_Tab 500mcg,0408010F0AAABAB,6,1.898399999999996
54,Y02462,Clonazepam_Tab 500mcg,0408010F0AAABAB,1,1.898399999999996
49,G82679,Clonazepam_Tab 500mcg,0408010F0AAABAB,2,1.898399999999996
55,G82162,Clonazepam_Tab 500mcg,0408010F0AAABAB,3,1.898399999999996
47,G82095,Clonazepam_Tab 500mcg,0408010F0AAABAB,3,1.898399999999996
46,G82162,Clonazepam_Tab 500mcg,0408010F0AAABAB,6,1.898399999999996
45,G82704,Clonazepam_Tab 500mcg,0408010F0AAABAB,2,1.898399999999996
41,G82161,Clonazepam_Tab 500mcg,0408010F0AAABAB,1,1.898399999999996
42,G82226,Clonazepam_Tab 500mcg,0408010F0AAABAB,3,1.898399999999996
43,G82123,Clonazepam_Tab 500mcg,0408010F0AAABAB,6,1.898399999999996
44,G82014,Clonazepam_Tab 500mcg,0408010F0AAABAB,6,1.898399999999996
48,G82226,Clonazepam_Tab 500mcg,0408010F0AAABAB,1,1.898399999999996
315,G82014,Amiodarone HCl_Tab 200mg,0203020D0AAABAB,5,1.7500000000000016
314,G82622,Amiodarone HCl_Tab 200mg,0203020D0AAABAB,5,1.7500000000000016
313,G82051,Amiodarone HCl_Tab 200mg,0203020D0AAABAB,5,1.7500000000000016
312,G82721,Amiodarone HCl_Tab 200mg,0203020D0AAABAB,5,1.7500000000000016
311,G82679,Amiodarone HCl_Tab 200mg,0203020D0AAABAB,5,1.7500000000000016
391,G82622,Pyridox HCl_Tab 50mg,0906024N0AAAIAI,1,1.7100000000000004
57,Y02471,Clonazepam_Tab 500mcg,0408010F0AAABAB,5,1.5819999999999967
58,G82113,Clonazepam_Tab 500mcg,0408010F0AAABAB,3,1.5389999999999953
59,G82129,Clonazepam_Tab 500mcg,0408010F0AAABAB,2,1.5047999999999955
392,G82233,Pyridox HCl_Tab 50mg,0906024N0AAAIAI,1,1.4364000000000003
393,G82139,Pyridox HCl_Tab 50mg,0906024N0AAAIAI,1,1.4364000000000003
60,G82129,Clonazepam_Tab 500mcg,0408010F0AAABAB,3,1.423799999999997
321,G82180,Amiodarone HCl_Tab 200mg,0203020D0AAABAB,2,1.4000000000000012
320,G82711,Amiodarone HCl_Tab 200mg,0203020D0AAABAB,2,1.4000000000000012
319,G82161,Amiodarone HCl_Tab 200mg,0203020D0AAABAB,4,1.4000000000000012
318,G82226,Amiodarone HCl_Tab 200mg,0203020D0AAABAB,2,1.4000000000000012
317,G82162,Amiodarone HCl_Tab 200mg,0203020D0AAABAB,4,1.4000000000000012
316,G82233,Amiodarone HCl_Tab 200mg,0203020D0AAABAB,4,1.4000000000000012
63,G82129,Clonazepam_Tab 500mcg,0408010F0AAABAB,1,1.3559999999999972
62,G82095,Clonazepam_Tab 500mcg,0408010F0AAABAB,2,1.3559999999999972
61,G82704,Clonazepam_Tab 500mcg,0408010F0AAABAB,2,1.3559999999999972
65,G82180,Clonazepam_Tab 500mcg,0408010F0AAABAB,1,1.3559999999999972
66,G82226,Clonazepam_Tab 500mcg,0408010F0AAABAB,2,1.3559999999999972
67,G82600,Clonazepam_Tab 500mcg,0408010F0AAABAB,1,1.3559999999999972
68,G82108,Clonazepam_Tab 500mcg,0408010F0AAABAB,1,1.3559999999999972
64,G82108,Clonazepam_Tab 500mcg,0408010F0AAABAB,2,1.3559999999999972
370,Y02462,Topiramate_Cap 50mg,040801050AAAWAW,1,1.2839999999999985
369,G82109,Topiramate_Cap 50mg,040801050AAAWAW,1,1.2839999999999985
373,G82123,Topiramate_Cap 50mg,040801050AAAWAW,1,1.2839999999999985
372,G82077,Topiramate_Cap 50mg,040801050AAAWAW,1,1.2839999999999985
371,G82600,Topiramate_Cap 50mg,040801050AAAWAW,1,1.2839999999999985
374,G82180,Topiramate_Cap 50mg,040801050AAAWAW,1,1.2839999999999985
82,G82706,Clonazepam_Tab 500mcg,0408010F0AAABAB,1,1.2655999999999974
76,G82753,Clonazepam_Tab 500mcg,0408010F0AAABAB,4,1.2655999999999974
80,G82123,Clonazepam_Tab 500mcg,0408010F0AAABAB,2,1.2655999999999974
79,G82631,Clonazepam_Tab 500mcg,0408010F0AAABAB,2,1.2655999999999974
78,G82123,Clonazepam_Tab 500mcg,0408010F0AAABAB,1,1.2655999999999974
77,G82653,Clonazepam_Tab 500mcg,0408010F0AAABAB,2,1.2655999999999974
74,G82744,Clonazepam_Tab 500mcg,0408010F0AAABAB,1,1.2655999999999974
75,G82711,Clonazepam_Tab 500mcg,0408010F0AAABAB,4,1.2655999999999974
73,G82753,Clonazepam_Tab 500mcg,0408010F0AAABAB,2,1.2655999999999974
72,G82014,Clonazepam_Tab 500mcg,0408010F0AAABAB,1,1.2655999999999974
71,G82679,Clonazepam_Tab 500mcg,0408010F0AAABAB,4,1.2655999999999974
70,G82721,Clonazepam_Tab 500mcg,0408010F0AAABAB,1,1.2655999999999974
69,G82139,Clonazepam_Tab 500mcg,0408010F0AAABAB,1,1.2655999999999974
81,G82679,Clonazepam_Tab 500mcg,0408010F0AAABAB,1,1.2655999999999974
88,G82820,Clonazepam_Tab 500mcg,0408010F0AAABAB,1,1.2655999999999974
83,G82108,Clonazepam_Tab 500mcg,0408010F0AAABAB,16,1.2655999999999974
85,G82753,Clonazepam_Tab 500mcg,0408010F0AAABAB,1,1.2655999999999974
86,G82737,Clonazepam_Tab 500mcg,0408010F0AAABAB,1,1.2655999999999974
87,G82741,Clonazepam_Tab 500mcg,0408010F0AAABAB,1,1.2655999999999974
89,G82744,Clonazepam_Tab 500mcg,0408010F0AAABAB,2,1.2655999999999974
90,G82635,Clonazepam_Tab 500mcg,0408010F0AAABAB,2,1.2655999999999974
91,Y02471,Clonazepam_Tab 500mcg,0408010F0AAABAB,2,1.2655999999999974
92,G82600,Clonazepam_Tab 500mcg,0408010F0AAABAB,2,1.2655999999999974
93,G82198,Clonazepam_Tab 500mcg,0408010F0AAABAB,1,1.2655999999999974
84,G82762,Clonazepam_Tab 500mcg,0408010F0AAABAB,2,1.2655999999999974
375,G82113,Topiramate_Cap 50mg,040801050AAAWAW,1,1.1983999999999986
376,G82123,Topiramate_Cap 50mg,040801050AAAWAW,1,1.1983999999999986
377,G82697,Topiramate_Cap 50mg,040801050AAAWAW,1,1.1983999999999986
378,G82708,Topiramate_Cap 50mg,040801050AAAWAW,4,1.1927999999999992
94,G82744,Clonazepam_Tab 500mcg,0408010F0AAABAB,5,1.1864999999999974
101,G82014,Clonazepam_Tab 500mcg,0408010F0AAABAB,1,1.1299999999999977
95,Y02471,Clonazepam_Tab 500mcg,0408010F0AAABAB,1,1.1299999999999977
100,G82113,Clonazepam_Tab 500mcg,0408010F0AAABAB,1,1.1299999999999977
99,G82106,Clonazepam_Tab 500mcg,0408010F0AAABAB,1,1.1299999999999977
97,G82133,Clonazepam_Tab 500mcg,0408010F0AAABAB,1,1.1299999999999977
96,G82706,Clonazepam_Tab 500mcg,0408010F0AAABAB,1,1.1299999999999977
98,G82697,Clonazepam_Tab 500mcg,0408010F0AAABAB,1,1.1299999999999977
406,G82198,Atorvastatin_Tab 60mg,0212000B0AAAPAP,1,1.1088000000000022
407,G82011,Atorvastatin_Tab 60mg,0212000B0AAAPAP,4,1.1088000000000022
303,G82051,Tetrabenazine_Tab 25mg,0409030C0AAAAAA,1,1.0739999999999983
304,G82133,Tetrabenazine_Tab 25mg,0409030C0AAAAAA,1,1.0739999999999983
322,G82719,Amiodarone HCl_Tab 200mg,0203020D0AAABAB,1,1.050000000000001
323,G82203,Amiodarone HCl_Tab 200mg,0203020D0AAABAB,3,1.050000000000001
324,G82113,Amiodarone HCl_Tab 200mg,0203020D0AAABAB,3,1.050000000000001
325,G82108,Amiodarone HCl_Tab 200mg,0203020D0AAABAB,3,1.050000000000001
394,G82095,Pyridox HCl_Tab 50mg,0906024N0AAAIAI,1,1.0260000000000002
102,Y02462,Clonazepam_Tab 500mcg,0408010F0AAABAB,1,1.016999999999998
103,G82161,Clonazepam_Tab 500mcg,0408010F0AAABAB,3,1.016999999999998
104,G82113,Clonazepam_Tab 500mcg,0408010F0AAABAB,3,1.016999999999998
326,G82706,Amiodarone HCl_Tab 200mg,0203020D0AAABAB,12,1.0164
396,G82679,Pyridox HCl_Tab 50mg,0906024N0AAAIAI,4,0.9576000000000002
395,G82014,Pyridox HCl_Tab 50mg,0906024N0AAAIAI,1,0.9576000000000002
115,G82744,Clonazepam_Tab 500mcg,0408010F0AAABAB,3,0.949199999999998
123,G82077,Clonazepam_Tab 500mcg,0408010F0AAABAB,3,0.949199999999998
122,G82133,Clonazepam_Tab 500mcg,0408010F0AAABAB,1,0.949199999999998
121,G82198,Clonazepam_Tab 500mcg,0408010F0AAABAB,2,0.949199999999998
120,G82233,Clonazepam_Tab 500mcg,0408010F0AAABAB,3,0.949199999999998
118,Y02471,Clonazepam_Tab 500mcg,0408010F0AAABAB,2,0.949199999999998
117,G82727,Clonazepam_Tab 500mcg,0408010F0AAABAB,1,0.949199999999998
116,G82775,Clonazepam_Tab 500mcg,0408010F0AAABAB,1,0.949199999999998
119,G82051,Clonazepam_Tab 500mcg,0408010F0AAABAB,1,0.949199999999998
114,G82129,Clonazepam_Tab 500mcg,0408010F0AAABAB,3,0.949199999999998
112,G82697,Clonazepam_Tab 500mcg,0408010F0AAABAB,1,0.949199999999998
107,G82744,Clonazepam_Tab 500mcg,0408010F0AAABAB,2,0.949199999999998
113,G82203,Clonazepam_Tab 500mcg,0408010F0AAABAB,4,0.949199999999998
105,G82161,Clonazepam_Tab 500mcg,0408010F0AAABAB,1,0.949199999999998
106,G82704,Clonazepam_Tab 500mcg,0408010F0AAABAB,3,0.949199999999998
111,G82753,Clonazepam_Tab 500mcg,0408010F0AAABAB,2,0.949199999999998
110,Y02462,Clonazepam_Tab 500mcg,0408010F0AAABAB,1,0.949199999999998
109,G82106,Clonazepam_Tab 500mcg,0408010F0AAABAB,1,0.949199999999998
108,G82180,Clonazepam_Tab 500mcg,0408010F0AAABAB,3,0.949199999999998
124,G82631,Clonazepam_Tab 500mcg,0408010F0AAABAB,11,0.8700999999999982
125,G82108,Clonazepam_Tab 500mcg,0408010F0AAABAB,20,0.8479999999999999
126,G82014,Clonazepam_Tab 500mcg,0408010F0AAABAB,1,0.8135999999999983
127,G82697,Clonazepam_Tab 500mcg,0408010F0AAABAB,5,0.7909999999999984
128,G82233,Clonazepam_Tab 500mcg,0408010F0AAABAB,5,0.7909999999999984
129,G82106,Clonazepam_Tab 500mcg,0408010F0AAABAB,5,0.7909999999999984
130,Y02462,Clonazepam_Tab 500mcg,0408010F0AAABAB,13,0.754
327,G82233,Amiodarone HCl_Tab 200mg,0203020D0AAABAB,1,0.7500000000000007
131,G82011,Clonazepam_Tab 500mcg,0408010F0AAABAB,3,0.7118999999999985
132,G82095,Clonazepam_Tab 500mcg,0408010F0AAABAB,3,0.7118999999999985
133,G82014,Clonazepam_Tab 500mcg,0408010F0AAABAB,3,0.7118999999999985
335,G82233,Amiodarone HCl_Tab 200mg,0203020D0AAABAB,1,0.7000000000000006
339,G82753,Amiodarone HCl_Tab 200mg,0203020D0AAABAB,1,0.7000000000000006
340,G82109,Amiodarone HCl_Tab 200mg,0203020D0AAABAB,1,0.7000000000000006
336,G82727,Amiodarone HCl_Tab 200mg,0203020D0AAABAB,2,0.7000000000000006
330,G82753,Amiodarone HCl_Tab 200mg,0203020D0AAABAB,2,0.7000000000000006
334,G82704,Amiodarone HCl_Tab 200mg,0203020D0AAABAB,2,0.7000000000000006
328,G82721,Amiodarone HCl_Tab 200mg,0203020D0AAABAB,1,0.7000000000000006
329,G82820,Amiodarone HCl_Tab 200mg,0203020D0AAABAB,2,0.7000000000000006
338,G82697,Amiodarone HCl_Tab 200mg,0203020D0AAABAB,1,0.7000000000000006
331,G82113,Amiodarone HCl_Tab 200mg,0203020D0AAABAB,1,0.7000000000000006
332,G82095,Amiodarone HCl_Tab 200mg,0203020D0AAABAB,2,0.7000000000000006
333,G82014,Amiodarone HCl_Tab 200mg,0203020D0AAABAB,1,0.7000000000000006
341,G82203,Amiodarone HCl_Tab 200mg,0203020D0AAABAB,1,0.7000000000000006
337,G82622,Amiodarone HCl_Tab 200mg,0203020D0AAABAB,1,0.7000000000000006
146,G82600,Clonazepam_Tab 500mcg,0408010F0AAABAB,1,0.6779999999999986
139,G82133,Clonazepam_Tab 500mcg,0408010F0AAABAB,2,0.6779999999999986
145,G82635,Clonazepam_Tab 500mcg,0408010F0AAABAB,1,0.6779999999999986
144,G82129,Clonazepam_Tab 500mcg,0408010F0AAABAB,2,0.6779999999999986
143,G82077,Clonazepam_Tab 500mcg,0408010F0AAABAB,2,0.6779999999999986
142,G82077,Clonazepam_Tab 500mcg,0408010F0AAABAB,1,0.6779999999999986
140,G82123,Clonazepam_Tab 500mcg,0408010F0AAABAB,1,0.6779999999999986
141,G82184,Clonazepam_Tab 500mcg,0408010F0AAABAB,1,0.6779999999999986
138,G82180,Clonazepam_Tab 500mcg,0408010F0AAABAB,1,0.6779999999999986
137,G82737,Clonazepam_Tab 500mcg,0408010F0AAABAB,2,0.6779999999999986
136,G82719,Clonazepam_Tab 500mcg,0408010F0AAABAB,1,0.6779999999999986
135,G82622,Clonazepam_Tab 500mcg,0408010F0AAABAB,1,0.6779999999999986
134,G82123,Clonazepam_Tab 500mcg,0408010F0AAABAB,2,0.6779999999999986
379,G82753,Topiramate_Cap 50mg,040801050AAAWAW,1,0.6419999999999992
165,G82154,Clonazepam_Tab 500mcg,0408010F0AAABAB,1,0.6327999999999987
148,G82123,Clonazepam_Tab 500mcg,0408010F0AAABAB,8,0.6327999999999987
149,G82727,Clonazepam_Tab 500mcg,0408010F0AAABAB,2,0.6327999999999987
150,G82233,Clonazepam_Tab 500mcg,0408010F0AAABAB,1,0.6327999999999987
151,G82706,Clonazepam_Tab 500mcg,0408010F0AAABAB,1,0.6327999999999987
152,G82184,Clonazepam_Tab 500mcg,0408010F0AAABAB,2,0.6327999999999987
153,G82763,Clonazepam_Tab 500mcg,0408010F0AAABAB,2,0.6327999999999987
162,G82198,Clonazepam_Tab 500mcg,0408010F0AAABAB,2,0.6327999999999987
164,G82133,Clonazepam_Tab 500mcg,0408010F0AAABAB,2,0.6327999999999987
163,G82622,Clonazepam_Tab 500mcg,0408010F0AAABAB,2,0.6327999999999987
154,G82184,Clonazepam_Tab 500mcg,0408010F0AAABAB,1,0.6327999999999987
161,G82721,Clonazepam_Tab 500mcg,0408010F0AAABAB,1,0.6327999999999987
160,G82708,Clonazepam_Tab 500mcg,0408010F0AAABAB,2,0.6327999999999987
159,Y00198,Clonazepam_Tab 500mcg,0408010F0AAABAB,1,0.6327999999999987
147,G82113,Clonazepam_Tab 500mcg,0408010F0AAABAB,1,0.6327999999999987
157,G82679,Clonazepam_Tab 500mcg,0408010F0AAABAB,1,0.6327999999999987
158,Y02462,Clonazepam_Tab 500mcg,0408010F0AAABAB,1,0.6327999999999987
170,G82727,Clonazepam_Tab 500mcg,0408010F0AAABAB,1,0.6327999999999987
166,G82109,Clonazepam_Tab 500mcg,0408010F0AAABAB,2,0.6327999999999987
167,G82763,Clonazepam_Tab 500mcg,0408010F0AAABAB,1,0.6327999999999987
168,G82708,Clonazepam_Tab 500mcg,0408010F0AAABAB,1,0.6327999999999987
169,Y00449,Clonazepam_Tab 500mcg,0408010F0AAABAB,2,0.6327999999999987
155,G82100,Clonazepam_Tab 500mcg,0408010F0AAABAB,8,0.6327999999999987
171,G82704,Clonazepam_Tab 500mcg,0408010F0AAABAB,1,0.6327999999999987
172,G82697,Clonazepam_Tab 500mcg,0408010F0AAABAB,1,0.6327999999999987
173,G82139,Clonazepam_Tab 500mcg,0408010F0AAABAB,1,0.6327999999999987
174,G82775,Clonazepam_Tab 500mcg,0408010F0AAABAB,2,0.6327999999999987
175,G82108,Clonazepam_Tab 500mcg,0408010F0AAABAB,1,0.6327999999999987
176,G82820,Clonazepam_Tab 500mcg,0408010F0AAABAB,1,0.6327999999999987
177,G82226,Clonazepam_Tab 500mcg,0408010F0AAABAB,2,0.6327999999999987
178,G82820,Clonazepam_Tab 500mcg,0408010F0AAABAB,2,0.6327999999999987
179,G82719,Clonazepam_Tab 500mcg,0408010F0AAABAB,1,0.6327999999999987
180,G82727,Clonazepam_Tab 500mcg,0408010F0AAABAB,4,0.6327999999999987
156,G82180,Clonazepam_Tab 500mcg,0408010F0AAABAB,1,0.6327999999999987
181,G82697,Clonazepam_Tab 500mcg,0408010F0AAABAB,3,0.6047999999999993
380,G82123,Topiramate_Cap 50mg,040801050AAAWAW,1,0.5963999999999996
182,Y02462,Clonazepam_Tab 500mcg,0408010F0AAABAB,14,0.5935999999999999
183,G82704,Clonazepam_Tab 500mcg,0408010F0AAABAB,1,0.5699999999999983
184,G82113,Clonazepam_Tab 500mcg,0408010F0AAABAB,7,0.5536999999999989
185,G82631,Clonazepam_Tab 500mcg,0408010F0AAABAB,1,0.5129999999999985
399,G82077,Pyridox HCl_Tab 50mg,0906024N0AAAIAI,1,0.4788000000000001
398,G82123,Pyridox HCl_Tab 50mg,0906024N0AAAIAI,1,0.4788000000000001
397,G82095,Pyridox HCl_Tab 50mg,0906024N0AAAIAI,1,0.4788000000000001
186,G82679,Clonazepam_Tab 500mcg,0408010F0AAABAB,1,0.474599999999999
189,G82095,Clonazepam_Tab 500mcg,0408010F0AAABAB,1,0.474599999999999
188,G82753,Clonazepam_Tab 500mcg,0408010F0AAABAB,3,0.474599999999999
187,G82180,Clonazepam_Tab 500mcg,0408010F0AAABAB,1,0.474599999999999
193,G82113,Clonazepam_Tab 500mcg,0408010F0AAABAB,1,0.474599999999999
190,G82711,Clonazepam_Tab 500mcg,0408010F0AAABAB,1,0.474599999999999
191,G82014,Clonazepam_Tab 500mcg,0408010F0AAABAB,6,0.474599999999999
192,G82631,Clonazepam_Tab 500mcg,0408010F0AAABAB,3,0.474599999999999
194,G82095,Clonazepam_Tab 500mcg,0408010F0AAABAB,4,0.46399999999999997
381,G82161,Topiramate_Cap 50mg,040801050AAAWAW,3,0.4620000000000004
195,G82161,Clonazepam_Tab 500mcg,0408010F0AAABAB,1,0.4367999999999995
342,G82129,Amiodarone HCl_Tab 200mg,0203020D0AAABAB,5,0.4235
196,G82711,Clonazepam_Tab 500mcg,0408010F0AAABAB,5,0.3954999999999992
343,G82100,Amiodarone HCl_Tab 200mg,0203020D0AAABAB,1,0.37200000000000066
355,G82719,Amiodarone HCl_Tab 200mg,0203020D0AAABAB,1,0.3500000000000003
354,Y02471,Amiodarone HCl_Tab 200mg,0203020D0AAABAB,1,0.3500000000000003
351,G82100,Amiodarone HCl_Tab 200mg,0203020D0AAABAB,1,0.3500000000000003
348,Y00198,Amiodarone HCl_Tab 200mg,0203020D0AAABAB,1,0.3500000000000003
347,G82775,Amiodarone HCl_Tab 200mg,0203020D0AAABAB,1,0.3500000000000003
346,G82653,Amiodarone HCl_Tab 200mg,0203020D0AAABAB,1,0.3500000000000003
345,G82180,Amiodarone HCl_Tab 200mg,0203020D0AAABAB,1,0.3500000000000003
344,G82706,Amiodarone HCl_Tab 200mg,0203020D0AAABAB,1,0.3500000000000003
352,G82762,Amiodarone HCl_Tab 200mg,0203020D0AAABAB,1,0.3500000000000003
353,G82133,Amiodarone HCl_Tab 200mg,0203020D0AAABAB,1,0.3500000000000003
349,G82011,Amiodarone HCl_Tab 200mg,0203020D0AAABAB,1,0.3500000000000003
350,G82635,Amiodarone HCl_Tab 200mg,0203020D0AAABAB,1,0.3500000000000003
198,G82203,Clonazepam_Tab 500mcg,0408010F0AAABAB,1,0.3389999999999993
199,G82600,Clonazepam_Tab 500mcg,0408010F0AAABAB,1,0.3389999999999993
206,G82095,Clonazepam_Tab 500mcg,0408010F0AAABAB,1,0.3389999999999993
200,G82721,Clonazepam_Tab 500mcg,0408010F0AAABAB,1,0.3389999999999993
201,G82014,Clonazepam_Tab 500mcg,0408010F0AAABAB,1,0.3389999999999993
202,Y02462,Clonazepam_Tab 500mcg,0408010F0AAABAB,1,0.3389999999999993
203,G82233,Clonazepam_Tab 500mcg,0408010F0AAABAB,1,0.3389999999999993
197,G82108,Clonazepam_Tab 500mcg,0408010F0AAABAB,1,0.3389999999999993
205,Y00198,Clonazepam_Tab 500mcg,0408010F0AAABAB,1,0.3389999999999993
204,G82704,Clonazepam_Tab 500mcg,0408010F0AAABAB,1,0.3389999999999993
356,G82113,Amiodarone HCl_Tab 200mg,0203020D0AAABAB,4,0.3388
357,G82014,Amiodarone HCl_Tab 200mg,0203020D0AAABAB,4,0.3388
214,G82762,Clonazepam_Tab 500mcg,0408010F0AAABAB,1,0.31639999999999935
217,G82100,Clonazepam_Tab 500mcg,0408010F0AAABAB,1,0.31639999999999935
216,G82095,Clonazepam_Tab 500mcg,0408010F0AAABAB,2,0.31639999999999935
215,G82600,Clonazepam_Tab 500mcg,0408010F0AAABAB,1,0.31639999999999935
212,G82109,Clonazepam_Tab 500mcg,0408010F0AAABAB,2,0.31639999999999935
213,Y02471,Clonazepam_Tab 500mcg,0408010F0AAABAB,4,0.31639999999999935
211,G82704,Clonazepam_Tab 500mcg,0408010F0AAABAB,4,0.31639999999999935
210,G82737,Clonazepam_Tab 500mcg,0408010F0AAABAB,1,0.31639999999999935
209,G82203,Clonazepam_Tab 500mcg,0408010F0AAABAB,1,0.31639999999999935
208,G82721,Clonazepam_Tab 500mcg,0408010F0AAABAB,1,0.31639999999999935
207,G82106,Clonazepam_Tab 500mcg,0408010F0AAABAB,1,0.31639999999999935
382,G82697,Topiramate_Cap 50mg,040801050AAAWAW,1,0.2981999999999998
218,G82744,Clonazepam_Tab 500mcg,0408010F0AAABAB,1,0.2735999999999992
358,G82679,Amiodarone HCl_Tab 200mg,0203020D0AAABAB,1,0.2646
400,G82631,Pyridox HCl_Tab 50mg,0906024N0AAAIAI,1,0.23940000000000006
219,G82133,Clonazepam_Tab 500mcg,0408010F0AAABAB,1,0.2372999999999995
220,G82704,Clonazepam_Tab 500mcg,0408010F0AAABAB,1,0.22199999999999998
221,G82139,Clonazepam_Tab 500mcg,0408010F0AAABAB,1,0.22199999999999998
222,G82226,Clonazepam_Tab 500mcg,0408010F0AAABAB,1,0.22199999999999998
223,G82203,Clonazepam_Tab 500mcg,0408010F0AAABAB,1,0.22199999999999998
224,G82161,Clonazepam_Tab 500mcg,0408010F0AAABAB,1,0.174
225,G82095,Clonazepam_Tab 500mcg,0408010F0AAABAB,1,0.174
226,G82108,Clonazepam_Tab 500mcg,0408010F0AAABAB,1,0.174
228,G82622,Clonazepam_Tab 500mcg,0408010F0AAABAB,1,0.15819999999999967
227,G82203,Clonazepam_Tab 500mcg,0408010F0AAABAB,1,0.15819999999999967
231,G82704,Clonazepam_Tab 500mcg,0408010F0AAABAB,1,0.15819999999999967
229,G82775,Clonazepam_Tab 500mcg,0408010F0AAABAB,1,0.15819999999999967
230,G82133,Clonazepam_Tab 500mcg,0408010F0AAABAB,1,0.15819999999999967
232,G82162,Clonazepam_Tab 500mcg,0408010F0AAABAB,1,0.15819999999999967
233,Y02471,Clonazepam_Tab 500mcg,0408010F0AAABAB,1,0.15819999999999967
235,G82744,Clonazepam_Tab 500mcg,0408010F0AAABAB,1,0.07909999999999984
234,G82180,Clonazepam_Tab 500mcg,0408010F0AAABAB,1,0.07909999999999984
236,Y02462,Clonazepam_Tab 500mcg,0408010F0AAABAB,1,0.06359999999999999
284,G82077,Mesalazine_Tab E/C 800mg,0105010B0AAASAS,1,0.008999999999999009
242,G82744,Paracet_Tab Solb 500mg,0407010H0AAAQAQ,1,-0.0023999999999999855
241,G82744,Paracet_Tab Solb 500mg,0407010H0AAAQAQ,1,-0.0023999999999999855
252,G82161,Paracet_Tab Solb 500mg,0407010H0AAAQAQ,1,-0.005999999999999339
249,G82109,Paracet_Tab Solb 500mg,0407010H0AAAQAQ,1,-0.005999999999999339
254,G82100,Paracet_Tab Solb 500mg,0407010H0AAAQAQ,1,-0.005999999999999339
253,G82123,Paracet_Tab Solb 500mg,0407010H0AAAQAQ,1,-0.005999999999999339
251,G82014,Paracet_Tab Solb 500mg,0407010H0AAAQAQ,1,-0.005999999999999339
250,G82051,Paracet_Tab Solb 500mg,0407010H0AAAQAQ,1,-0.005999999999999339
248,G82014,Paracet_Tab Solb 500mg,0407010H0AAAQAQ,1,-0.005999999999999339
247,G82161,Paracet_Tab Solb 500mg,0407010H0AAAQAQ,1,-0.005999999999999339
246,G82100,Paracet_Tab Solb 500mg,0407010H0AAAQAQ,1,-0.005999999999999339
245,G82123,Paracet_Tab Solb 500mg,0407010H0AAAQAQ,1,-0.005999999999999339
244,G82051,Paracet_Tab Solb 500mg,0407010H0AAAQAQ,1,-0.005999999999999339
243,G82109,Paracet_Tab Solb 500mg,0407010H0AAAQAQ,1,-0.005999999999999339
256,Y00198,Paracet_Tab Solb 500mg,0407010H0AAAQAQ,2,-0.011999999999998678
255,Y00198,Paracet_Tab Solb 500mg,0407010H0AAAQAQ,2,-0.011999999999998678
285,G82133,Mesalazine_Tab E/C 800mg,0105010B0AAASAS,1,-11.479999999999997
286,G82077,Mesalazine_Tab E/C 800mg,0105010B0AAASAS,1,-18.441
287,G82095,Mesalazine_Tab E/C 800mg,0105010B0AAASAS,1,-22.959999999999994
288,G82095,Mesalazine_Tab E/C 800mg,0105010B0AAASAS,1,-36.89999999999999
289,G82737,Mesalazine_Tab E/C 800mg,0105010B0AAASAS,1,-36.89999999999999
290,G82014,Mesalazine_Tab E/C 800mg,0105010B0AAASAS,2,-45.91999999999999
291,Y00198,Mesalazine_Tab E/C 800mg,0105010B0AAASAS,2,-73.79999999999998
292,G82820,Mesalazine_Tab E/C 800mg,0105010B0AAASAS,2,-73.79999999999998
