month,pct,four,total_QI,percent_four
2019-08-01,08K,8,8,1.0
2019-08-01,11J,4,4,1.0
2019-06-01,01T,4,4,1.0
2019-06-01,07W,4,4,1.0
2019-04-01,08N,16,16,1.0
2019-02-01,05F,4,4,1.0
2019-02-01,07L,4,4,1.0
2019-07-01,02D,4,4,1.0
2019-07-01,01V,4,4,1.0
2019-07-01,07K,12,12,1.0
2019-07-01,06N,4,4,1.0
2019-07-01,08H,16,16,1.0
2019-07-01,08K,4,4,1.0
2019-07-01,10L,8,8,1.0
2019-05-01,08H,4,4,1.0
2019-05-01,99H,4,4,1.0
2019-03-01,11E,4,4,1.0
2019-08-01,10L,4,4,1.0
2019-06-01,07V,4,4,1.0
2019-04-01,05F,8,8,1.0
2019-04-01,10C,4,4,1.0
2019-07-01,02Q,4,4,1.0
2019-07-01,15A,4,4,1.0
2019-07-01,11J,4,4,1.0
2019-05-01,01V,4,4,1.0
2019-03-01,05F,4,4,1.0
2019-03-01,07L,12,12,1.0
2019-03-01,08Y,6,6,1.0
2019-03-01,10C,4,4,1.0
2019-03-01,10J,4,4,1.0
2019-01-01,05L,4,4,1.0
2019-06-01,03A,4,4,1.0
2019-06-01,04M,8,8,1.0
2019-06-01,08H,12,12,1.0
2019-09-01,00L,4,4,1.0
2019-09-01,08V,4,4,1.0
2019-09-01,08X,4,4,1.0
2019-04-01,07K,8,8,1.0
2019-04-01,05Q,12,12,1.0
2019-04-01,08R,20,20,1.0
2019-04-01,08X,4,4,1.0
2019-02-01,08N,4,4,1.0
2019-07-01,07H,4,4,1.0
2019-07-01,99E,4,4,1.0
2019-07-01,09F,4,4,1.0
2019-03-01,08M,4,4,1.0
2019-03-01,07P,4,4,1.0
2019-03-01,99H,4,4,1.0
2019-01-01,09W,4,4,1.0
2019-05-01,04F,20,21,0.9523809523809523
2019-05-01,07T,16,17,0.9411764705882353
2019-09-01,08H,28,30,0.9333333333333333
2019-06-01,01R,12,13,0.9230769230769231
2019-07-01,03M,12,13,0.9230769230769231
2019-09-01,08M,44,48,0.9166666666666666
2019-06-01,06Y,40,44,0.9090909090909091
2019-04-01,00P,37,41,0.9024390243902439
2019-08-01,08E,16,18,0.8888888888888888
2019-06-01,08J,8,9,0.8888888888888888
2019-09-01,03A,8,9,0.8888888888888888
2019-04-01,09E,8,9,0.8888888888888888
2019-05-01,07M,8,9,0.8888888888888888
2019-08-01,08H,32,36,0.8888888888888888
2019-04-01,08F,8,9,0.8888888888888888
2019-02-01,05Y,8,9,0.8888888888888888
2019-02-01,11X,8,9,0.8888888888888888
2019-03-01,99A,8,9,0.8888888888888888
2019-08-01,08M,44,50,0.88
2019-03-01,15E,36,41,0.8780487804878049
2019-06-01,10C,14,16,0.875
2019-05-01,10J,20,23,0.8695652173913043
2019-01-01,04G,20,23,0.8695652173913043
2019-07-01,08M,20,23,0.8695652173913043
2019-07-01,08N,12,14,0.8571428571428571
2019-09-01,09A,36,42,0.8571428571428571
2019-07-01,08E,6,7,0.8571428571428571
2019-08-01,05F,12,14,0.8571428571428571
2019-09-01,09E,12,14,0.8571428571428571
2019-03-01,15N,17,20,0.85
2019-04-01,05A,32,38,0.8421052631578947
2019-03-01,02F,16,19,0.8421052631578947
2019-03-01,04F,10,12,0.8333333333333334
2019-06-01,08Q,4,5,0.8
2019-09-01,07H,4,5,0.8
2019-09-01,08E,8,10,0.8
2019-09-01,08J,4,5,0.8
2019-04-01,07Y,4,5,0.8
2019-02-01,05R,4,5,0.8
2019-02-01,06A,4,5,0.8
2019-02-01,11M,16,20,0.8
2019-03-01,05Q,4,5,0.8
2019-01-01,15E,4,5,0.8
2019-08-01,01T,8,10,0.8
2019-06-01,02G,20,25,0.8
2019-09-01,07W,24,30,0.8
2019-04-01,06W,4,5,0.8
2019-04-01,07L,8,10,0.8
2019-07-01,08J,4,5,0.8
2019-07-01,10C,4,5,0.8
2019-05-01,03Q,4,5,0.8
2019-03-01,05Y,8,10,0.8
2019-03-01,08A,4,5,0.8
2019-08-01,07K,4,5,0.8
2019-06-01,00X,12,15,0.8
2019-09-01,10E,4,5,0.8
2019-04-01,04D,4,5,0.8
2019-07-01,07V,4,5,0.8
2019-07-01,08Q,4,5,0.8
2019-05-01,99A,4,5,0.8
2019-07-01,05T,32,41,0.7804878048780488
2019-04-01,15E,28,36,0.7777777777777778
2019-09-01,08Y,16,21,0.7619047619047619
2019-05-01,99J,28,37,0.7567567567567568
2019-08-01,08Y,6,8,0.75
2019-08-01,08D,21,28,0.75
2019-06-01,06W,24,32,0.75
2019-06-01,08Y,6,8,0.75
2019-05-01,08M,12,16,0.75
2019-06-01,08M,12,16,0.75
2019-06-01,08E,6,8,0.75
2019-09-01,01J,24,32,0.75
2019-02-01,14L,12,16,0.75
2019-04-01,99J,20,27,0.7407407407407407
2019-09-01,10C,16,22,0.7272727272727273
2019-06-01,05J,8,11,0.7272727272727273
2019-04-01,06K,8,11,0.7272727272727273
2019-02-01,01A,8,11,0.7272727272727273
2019-02-01,05L,8,11,0.7272727272727273
2019-05-01,00X,8,11,0.7272727272727273
2019-08-01,08Q,8,11,0.7272727272727273
2019-05-01,00P,32,44,0.7272727272727273
2019-06-01,08R,12,17,0.7058823529411765
2019-08-01,99E,12,17,0.7058823529411765
2019-06-01,05T,12,17,0.7058823529411765
2019-05-01,04V,12,17,0.7058823529411765
2019-08-01,08A,16,23,0.6956521739130435
2019-05-01,08D,16,23,0.6956521739130435
2019-09-01,08D,33,48,0.6875
2019-03-01,14L,60,88,0.6818181818181818
2019-09-01,02P,4,6,0.6666666666666666
2019-04-01,12D,8,12,0.6666666666666666
2019-04-01,10J,4,6,0.6666666666666666
2019-07-01,00X,8,12,0.6666666666666666
2019-07-01,99D,4,6,0.6666666666666666
2019-05-01,07L,8,12,0.6666666666666666
2019-05-01,09A,8,12,0.6666666666666666
2019-03-01,05C,12,18,0.6666666666666666
2019-03-01,09W,4,6,0.6666666666666666
2019-01-01,14L,4,6,0.6666666666666666
2019-08-01,09F,4,6,0.6666666666666666
2019-06-01,08N,8,12,0.6666666666666666
2019-09-01,08A,8,12,0.6666666666666666
2019-04-01,99G,4,6,0.6666666666666666
2019-04-01,08M,4,6,0.6666666666666666
2019-04-01,09J,4,6,0.6666666666666666
2019-04-01,14Y,8,12,0.6666666666666666
2019-02-01,01Y,8,12,0.6666666666666666
2019-07-01,01K,8,12,0.6666666666666666
2019-05-01,09E,4,6,0.6666666666666666
2019-03-01,03R,16,24,0.6666666666666666
2019-01-01,00Q,4,6,0.6666666666666666
2019-01-01,03J,4,6,0.6666666666666666
2019-09-01,01V,8,12,0.6666666666666666
2019-09-01,05F,8,12,0.6666666666666666
2019-09-01,09L,4,6,0.6666666666666666
2019-07-01,01J,4,6,0.6666666666666666
2019-07-01,07L,8,12,0.6666666666666666
2019-07-01,08X,4,6,0.6666666666666666
2019-05-01,09D,10,15,0.6666666666666666
2019-01-01,03R,4,6,0.6666666666666666
2019-08-01,07P,34,52,0.6538461538461539
2019-08-01,11E,54,83,0.6506024096385542
2019-06-01,15E,20,31,0.6451612903225806
2019-09-01,01T,16,25,0.64
2019-06-01,01D,40,63,0.6349206349206349
2019-06-01,11X,88,139,0.6330935251798561
2019-05-01,05A,32,51,0.6274509803921569
2019-06-01,05A,45,72,0.625
2019-07-01,06W,20,32,0.625
2019-03-01,02H,20,32,0.625
2019-06-01,02F,68,109,0.6238532110091743
2019-04-01,15N,13,21,0.6190476190476191
2019-03-01,00P,13,21,0.6190476190476191
2019-06-01,00P,32,52,0.6153846153846154
2019-06-01,06K,16,26,0.6153846153846154
2019-06-01,10J,16,26,0.6153846153846154
2019-06-01,07X,8,13,0.6153846153846154
2019-05-01,09C,8,13,0.6153846153846154
2019-06-01,03F,19,31,0.6129032258064516
2019-04-01,05Y,28,46,0.6086956521739131
2019-09-01,07R,57,94,0.6063829787234043
2019-08-01,99A,20,33,0.6060606060606061
2019-08-01,07L,12,20,0.6
2019-07-01,99A,12,20,0.6
2019-06-01,07M,12,20,0.6
2019-03-01,01D,12,20,0.6
2019-09-01,06K,24,40,0.6
2019-04-01,01D,28,47,0.5957446808510638
2019-08-01,06V,16,27,0.5925925925925926
2019-08-01,05L,70,120,0.5833333333333334
2019-05-01,01D,28,48,0.5833333333333334
2019-09-01,05A,108,186,0.5806451612903226
2019-06-01,07L,12,21,0.5714285714285714
2019-09-01,06L,4,7,0.5714285714285714
2019-09-01,07T,4,7,0.5714285714285714
2019-04-01,08W,4,7,0.5714285714285714
2019-04-01,08Q,4,7,0.5714285714285714
2019-07-01,01T,4,7,0.5714285714285714
2019-07-01,08A,16,28,0.5714285714285714
2019-05-01,03F,4,7,0.5714285714285714
2019-05-01,15F,4,7,0.5714285714285714
2019-05-01,07Y,4,7,0.5714285714285714
2019-01-01,99F,4,7,0.5714285714285714
2019-06-01,01K,8,14,0.5714285714285714
2019-06-01,04Q,4,7,0.5714285714285714
2019-09-01,15A,4,7,0.5714285714285714
2019-04-01,04C,12,21,0.5714285714285714
2019-07-01,08C,4,7,0.5714285714285714
2019-05-01,02R,4,7,0.5714285714285714
2019-08-01,05R,36,63,0.5714285714285714
2019-06-01,04D,8,14,0.5714285714285714
2019-09-01,03M,4,7,0.5714285714285714
2019-09-01,99H,4,7,0.5714285714285714
2019-04-01,99A,4,7,0.5714285714285714
2019-04-01,05R,4,7,0.5714285714285714
2019-04-01,07M,4,7,0.5714285714285714
2019-02-01,12F,4,7,0.5714285714285714
2019-02-01,00Y,8,14,0.5714285714285714
2019-07-01,07Y,8,14,0.5714285714285714
2019-03-01,99J,4,7,0.5714285714285714
2019-04-01,14L,68,120,0.5666666666666667
2019-06-01,04N,13,23,0.5652173913043478
2019-08-01,15E,66,117,0.5641025641025641
2019-09-01,07X,22,39,0.5641025641025641
2019-08-01,06D,36,64,0.5625
2019-04-01,09W,20,36,0.5555555555555556
2019-09-01,01K,16,29,0.5517241379310345
2019-06-01,08W,12,22,0.5454545454545454
2019-08-01,06N,20,37,0.5405405405405406
2019-07-01,99G,20,37,0.5405405405405406
2019-05-01,02F,41,76,0.5394736842105263
2019-09-01,99G,32,60,0.5333333333333333
2019-07-01,05L,48,90,0.5333333333333333
2019-01-01,02M,8,15,0.5333333333333333
2019-06-01,00D,8,15,0.5333333333333333
2019-04-01,03N,8,15,0.5333333333333333
2019-08-01,07R,33,62,0.532258064516129
2019-06-01,14L,116,218,0.5321100917431193
2019-06-01,12D,18,34,0.5294117647058824
2019-09-01,99A,28,53,0.5283018867924528
2019-03-01,02A,28,53,0.5283018867924528
2019-07-01,03N,32,61,0.5245901639344263
2019-07-01,00D,12,23,0.5217391304347826
2019-06-01,99J,36,69,0.5217391304347826
2019-05-01,08R,12,23,0.5217391304347826
2019-05-01,15E,12,23,0.5217391304347826
2019-08-01,05C,80,154,0.5194805194805194
2019-07-01,08R,14,27,0.5185185185185185
2019-07-01,06D,17,33,0.5151515151515151
2019-09-01,06F,37,72,0.5138888888888888
2019-08-01,12D,24,47,0.5106382978723404
2019-07-01,05H,48,95,0.5052631578947369
2019-08-01,06K,20,40,0.5
2019-06-01,08A,4,8,0.5
2019-04-01,01Y,32,64,0.5
2019-07-01,15F,8,16,0.5
2019-07-01,06K,16,32,0.5
2019-07-01,10J,20,40,0.5
2019-05-01,02H,40,80,0.5
2019-03-01,05A,4,8,0.5
2019-03-01,04C,4,8,0.5
2019-06-01,05H,28,56,0.5
2019-06-01,06F,4,8,0.5
2019-09-01,11X,116,232,0.5
2019-02-01,05C,4,8,0.5
2019-05-01,00D,4,8,0.5
2019-05-01,08A,4,8,0.5
2019-03-01,06K,4,8,0.5
2019-01-01,00T,4,8,0.5
2019-09-01,02D,4,8,0.5
2019-04-01,10Q,23,46,0.5
2019-02-01,05A,4,8,0.5
2019-02-01,15C,4,8,0.5
2019-02-01,99M,4,8,0.5
2019-07-01,02F,60,120,0.5
2019-03-01,03N,4,8,0.5
2019-09-01,15E,92,185,0.4972972972972973
2019-05-01,14L,104,210,0.49523809523809526
2019-08-01,99J,102,206,0.49514563106796117
2019-04-01,15M,36,73,0.4931506849315068
2019-09-01,99K,24,49,0.4897959183673469
2019-08-01,02F,65,133,0.48872180451127817
2019-08-01,08R,20,41,0.4878048780487805
2019-02-01,04G,20,41,0.4878048780487805
2019-04-01,04G,64,132,0.48484848484848486
2019-08-01,15D,16,33,0.48484848484848486
2019-07-01,07P,13,27,0.48148148148148145
2019-09-01,14L,169,352,0.48011363636363635
2019-03-01,10R,12,25,0.48
2019-05-01,00M,12,25,0.48
2019-05-01,05C,24,50,0.48
2019-03-01,01A,24,50,0.48
2019-04-01,05L,12,25,0.48
2019-09-01,07M,32,67,0.47761194029850745
2019-09-01,02F,72,152,0.47368421052631576
2019-06-01,15N,44,93,0.4731182795698925
2019-08-01,05T,8,17,0.47058823529411764
2019-08-01,06T,16,34,0.47058823529411764
2019-09-01,08R,8,17,0.47058823529411764
2019-04-01,00M,8,17,0.47058823529411764
2019-07-01,09Y,8,17,0.47058823529411764
2019-03-01,00Y,24,51,0.47058823529411764
2019-03-01,15C,8,17,0.47058823529411764
2019-08-01,02E,8,17,0.47058823529411764
2019-03-01,01Y,24,51,0.47058823529411764
2019-07-01,06V,8,17,0.47058823529411764
2019-08-01,05A,60,129,0.46511627906976744
2019-08-01,05J,24,52,0.46153846153846156
2019-05-01,03N,12,26,0.46153846153846156
2019-05-01,03W,12,26,0.46153846153846156
2019-05-01,08F,12,26,0.46153846153846156
2019-05-01,14Y,12,26,0.46153846153846156
2019-09-01,08F,41,90,0.45555555555555555
2019-07-01,11X,56,123,0.45528455284552843
2019-09-01,02E,5,11,0.45454545454545453
2019-07-01,00M,24,53,0.4528301886792453
2019-08-01,06A,13,29,0.4482758620689655
2019-06-01,07Y,4,9,0.4444444444444444
2019-09-01,09C,4,9,0.4444444444444444
2019-07-01,01D,24,54,0.4444444444444444
2019-05-01,15N,20,45,0.4444444444444444
2019-08-01,02G,8,18,0.4444444444444444
2019-08-01,08W,12,27,0.4444444444444444
2019-09-01,05L,44,99,0.4444444444444444
2019-08-01,02Q,4,9,0.4444444444444444
2019-09-01,00X,12,27,0.4444444444444444
2019-09-01,07Q,16,36,0.4444444444444444
2019-04-01,05C,12,27,0.4444444444444444
2019-07-01,00P,24,54,0.4444444444444444
2019-07-01,06T,12,27,0.4444444444444444
2019-07-01,04V,20,45,0.4444444444444444
2019-05-01,09J,8,18,0.4444444444444444
2019-06-01,05L,14,32,0.4375
2019-09-01,11E,28,64,0.4375
2019-08-01,11X,96,220,0.43636363636363634
2019-08-01,00M,40,92,0.43478260869565216
2019-04-01,00Y,32,74,0.43243243243243246
2019-07-01,99K,16,37,0.43243243243243246
2019-09-01,07Y,16,37,0.43243243243243246
2019-05-01,05L,16,37,0.43243243243243246
2019-08-01,04F,12,28,0.42857142857142855
2019-09-01,00K,12,28,0.42857142857142855
2019-09-01,99E,12,28,0.42857142857142855
2019-07-01,07R,21,49,0.42857142857142855
2019-09-01,09X,24,56,0.42857142857142855
2019-08-01,05H,48,112,0.42857142857142855
2019-06-01,00M,12,28,0.42857142857142855
2019-07-01,14L,132,309,0.42718446601941745
2019-05-01,11X,32,75,0.4266666666666667
2019-06-01,02N,20,47,0.425531914893617
2019-07-01,01Y,60,141,0.425531914893617
2019-08-01,15N,160,379,0.42216358839050133
2019-09-01,01R,8,19,0.42105263157894735
2019-07-01,15E,24,57,0.42105263157894735
2019-08-01,00P,29,69,0.42028985507246375
2019-07-01,07X,5,12,0.4166666666666667
2019-07-01,08D,5,12,0.4166666666666667
2019-09-01,01G,32,78,0.41025641025641024
2019-09-01,15D,16,39,0.41025641025641024
2019-03-01,04G,36,88,0.4090909090909091
2019-06-01,10Q,44,108,0.4074074074074074
2019-07-01,01A,96,237,0.4050632911392405
2019-08-01,14L,137,341,0.40175953079178883
2019-08-01,00T,112,279,0.4014336917562724
2019-07-01,09H,4,10,0.4
2019-03-01,00T,16,40,0.4
2019-03-01,11X,12,30,0.4
2019-06-01,99G,4,10,0.4
2019-09-01,05C,48,120,0.4
2019-09-01,12D,16,40,0.4
2019-07-01,15D,4,10,0.4
2019-05-01,08W,4,10,0.4
2019-09-01,07P,16,40,0.4
2019-04-01,09Y,4,10,0.4
2019-07-01,00K,4,10,0.4
2019-07-01,05V,4,10,0.4
2019-05-01,01K,4,10,0.4
2019-09-01,03N,44,111,0.3963963963963964
2019-05-01,03E,32,81,0.3950617283950617
2019-09-01,06V,20,51,0.39215686274509803
2019-07-01,03F,20,51,0.39215686274509803
2019-08-01,06W,16,41,0.3902439024390244
2019-07-01,99J,48,123,0.3902439024390244
2019-07-01,00Y,56,144,0.3888888888888889
2019-08-01,03W,33,85,0.38823529411764707
2019-07-01,11A,52,134,0.3880597014925373
2019-04-01,03V,12,31,0.3870967741935484
2019-07-01,99M,36,93,0.3870967741935484
2019-05-01,05N,24,62,0.3870967741935484
2019-04-01,02H,20,52,0.38461538461538464
2019-06-01,14Y,8,21,0.38095238095238093
2019-09-01,08C,8,21,0.38095238095238093
2019-06-01,07Q,8,21,0.38095238095238093
2019-09-01,15C,136,360,0.37777777777777777
2019-08-01,03T,24,64,0.375
2019-03-01,12F,12,32,0.375
2019-03-01,01W,12,32,0.375
2019-08-01,03N,32,86,0.37209302325581395
2019-04-01,12F,20,54,0.37037037037037035
2019-09-01,00T,100,272,0.36764705882352944
2019-07-01,10X,48,131,0.366412213740458
2019-06-01,08D,4,11,0.36363636363636365
2019-07-01,99F,28,77,0.36363636363636365
2019-05-01,04N,4,11,0.36363636363636365
2019-08-01,99G,16,44,0.36363636363636365
2019-06-01,05R,8,22,0.36363636363636365
2019-09-01,05H,44,121,0.36363636363636365
2019-09-01,05R,24,66,0.36363636363636365
2019-09-01,09H,4,11,0.36363636363636365
2019-05-01,03V,16,44,0.36363636363636365
2019-09-01,00M,24,66,0.36363636363636365
2019-04-01,07P,4,11,0.36363636363636365
2019-07-01,08F,16,44,0.36363636363636365
2019-07-01,09J,4,11,0.36363636363636365
2019-05-01,02G,4,11,0.36363636363636365
2019-05-01,15D,4,11,0.36363636363636365
2019-03-01,06T,4,11,0.36363636363636365
2019-05-01,01A,54,150,0.36
2019-08-01,15C,111,309,0.3592233009708738
2019-09-01,06H,20,56,0.35714285714285715
2019-09-01,01D,36,101,0.3564356435643564
2019-09-01,04V,28,79,0.35443037974683544
2019-09-01,05T,12,34,0.35294117647058826
2019-06-01,00N,20,57,0.3508771929824561
2019-07-01,00T,68,194,0.35051546391752575
2019-09-01,99J,68,195,0.3487179487179487
2019-06-01,07P,8,23,0.34782608695652173
2019-07-01,06Y,8,23,0.34782608695652173
2019-04-01,05H,8,23,0.34782608695652173
2019-07-01,04N,8,23,0.34782608695652173
2019-06-01,11E,8,23,0.34782608695652173
2019-09-01,04Q,8,23,0.34782608695652173
2019-07-01,05C,28,81,0.345679012345679
2019-09-01,05N,40,116,0.3448275862068966
2019-09-01,06D,20,58,0.3448275862068966
2019-06-01,09G,40,117,0.3418803418803419
2019-05-01,01Y,28,82,0.34146341463414637
2019-07-01,00Q,28,82,0.34146341463414637
2019-06-01,00T,44,129,0.34108527131782945
2019-06-01,11M,76,223,0.34080717488789236
2019-08-01,10R,20,59,0.3389830508474576
2019-04-01,00T,20,59,0.3389830508474576
2019-05-01,15C,32,95,0.3368421052631579
2019-07-01,05A,36,107,0.3364485981308411
2019-06-01,06T,8,24,0.3333333333333333
2019-09-01,06Y,16,48,0.3333333333333333
2019-04-01,03J,16,48,0.3333333333333333
2019-07-01,02N,16,48,0.3333333333333333
2019-07-01,09D,4,12,0.3333333333333333
2019-05-01,05Y,12,36,0.3333333333333333
2019-08-01,07Y,8,24,0.3333333333333333
2019-02-01,07N,4,12,0.3333333333333333
2019-07-01,05J,8,24,0.3333333333333333
2019-08-01,08F,20,60,0.3333333333333333
2019-08-01,09J,4,12,0.3333333333333333
2019-08-01,11A,48,144,0.3333333333333333
2019-06-01,99A,4,12,0.3333333333333333
2019-06-01,10X,36,108,0.3333333333333333
2019-09-01,07J,4,12,0.3333333333333333
2019-05-01,99G,4,12,0.3333333333333333
2019-09-01,11A,64,193,0.3316062176165803
2019-08-01,14Y,32,97,0.32989690721649484
2019-08-01,02H,48,146,0.3287671232876712
2019-07-01,05R,20,61,0.32786885245901637
2019-04-01,11X,16,49,0.32653061224489793
2019-07-01,03W,16,49,0.32653061224489793
2019-06-01,01A,58,178,0.3258426966292135
2019-07-01,11M,85,263,0.3231939163498099
2019-06-01,01Y,28,87,0.3218390804597701
2019-06-01,00Y,36,112,0.32142857142857145
2019-07-01,05X,9,28,0.32142857142857145
2019-07-01,10Q,42,131,0.32061068702290074
2019-07-01,06F,8,25,0.32
2019-09-01,10Q,48,150,0.32
2019-07-01,11E,8,25,0.32
2019-05-01,04G,56,176,0.3181818181818182
2019-04-01,11M,32,101,0.31683168316831684
2019-09-01,04F,12,38,0.3157894736842105
2019-07-01,15N,64,203,0.31527093596059114
2019-06-01,00Q,16,51,0.3137254901960784
2019-09-01,05J,19,61,0.3114754098360656
2019-07-01,02Y,32,103,0.3106796116504854
2019-09-01,09P,4,13,0.3076923076923077
2019-02-01,02M,4,13,0.3076923076923077
2019-07-01,04D,4,13,0.3076923076923077
2019-08-01,09P,4,13,0.3076923076923077
2019-06-01,02H,24,78,0.3076923076923077
2019-06-01,04F,4,13,0.3076923076923077
2019-06-01,09X,8,26,0.3076923076923077
2019-04-01,10K,4,13,0.3076923076923077
2019-07-01,09X,16,52,0.3076923076923077
2019-05-01,11N,4,13,0.3076923076923077
2019-08-01,08N,4,13,0.3076923076923077
2019-09-01,00Q,28,91,0.3076923076923077
2019-05-01,12D,4,13,0.3076923076923077
2019-08-01,10Q,40,131,0.3053435114503817
2019-09-01,10X,56,187,0.2994652406417112
2019-08-01,04V,20,67,0.29850746268656714
2019-04-01,05W,8,27,0.2962962962962963
2019-05-01,00T,32,108,0.2962962962962963
2019-08-01,06Y,8,27,0.2962962962962963
2019-06-01,08F,8,27,0.2962962962962963
2019-09-01,10J,24,81,0.2962962962962963
2019-04-01,01W,24,81,0.2962962962962963
2019-04-01,15C,8,27,0.2962962962962963
2019-06-01,09W,28,95,0.29473684210526313
2019-06-01,15M,32,109,0.29357798165137616
2019-06-01,01G,12,41,0.2926829268292683
2019-09-01,06N,12,41,0.2926829268292683
2019-06-01,10R,12,41,0.2926829268292683
2019-08-01,99M,28,96,0.2916666666666667
2019-06-01,05Y,20,69,0.2898550724637681
2019-08-01,00D,8,28,0.2857142857142857
2019-08-01,04L,4,14,0.2857142857142857
2019-08-01,09H,4,14,0.2857142857142857
2019-08-01,99K,16,56,0.2857142857142857
2019-06-01,04V,4,14,0.2857142857142857
2019-06-01,05X,4,14,0.2857142857142857
2019-08-01,07N,18,63,0.2857142857142857
2019-08-01,99H,4,14,0.2857142857142857
2019-07-01,04Q,4,14,0.2857142857142857
2019-07-01,05Q,4,14,0.2857142857142857
2019-07-01,10D,16,56,0.2857142857142857
2019-06-01,99K,4,14,0.2857142857142857
2019-09-01,05D,4,14,0.2857142857142857
2019-09-01,09J,4,14,0.2857142857142857
2019-05-01,06T,4,14,0.2857142857142857
2019-05-01,06K,4,14,0.2857142857142857
2019-09-01,02H,48,169,0.28402366863905326
2019-04-01,00Q,12,43,0.27906976744186046
2019-08-01,07X,5,18,0.2777777777777778
2019-07-01,09W,40,144,0.2777777777777778
2019-07-01,15C,54,197,0.27411167512690354
2019-05-01,00N,20,73,0.273972602739726
2019-07-01,02H,32,117,0.27350427350427353
2019-05-01,03K,9,33,0.2727272727272727
2019-04-01,03E,9,33,0.2727272727272727
2019-05-01,11M,40,147,0.272108843537415
2019-05-01,12F,16,59,0.2711864406779661
2019-08-01,09W,52,192,0.2708333333333333
2019-08-01,01D,20,74,0.2702702702702703
2019-08-01,00Y,40,148,0.2702702702702703
2019-09-01,99M,28,104,0.2692307692307692
2019-08-01,01K,4,15,0.26666666666666666
2019-06-01,09D,4,15,0.26666666666666666
2019-09-01,01Y,40,150,0.26666666666666666
2019-09-01,08W,8,30,0.26666666666666666
2019-04-01,00N,8,30,0.26666666666666666
2019-04-01,02Y,4,15,0.26666666666666666
2019-02-01,01W,4,15,0.26666666666666666
2019-08-01,10C,4,15,0.26666666666666666
2019-09-01,02G,4,15,0.26666666666666666
2019-04-01,01A,20,75,0.26666666666666666
2019-04-01,09G,4,15,0.26666666666666666
2019-03-01,05H,4,15,0.26666666666666666
2019-08-01,05V,4,15,0.26666666666666666
2019-08-01,10J,16,60,0.26666666666666666
2019-06-01,03N,8,30,0.26666666666666666
2019-07-01,02X,8,30,0.26666666666666666
2019-09-01,00N,23,87,0.26436781609195403
2019-09-01,05Y,27,103,0.2621359223300971
2019-07-01,01G,12,46,0.2608695652173913
2019-09-01,00Y,36,139,0.2589928057553957
2019-09-01,02A,36,139,0.2589928057553957
2019-08-01,05Q,8,31,0.25806451612903225
2019-06-01,11A,12,47,0.2553191489361702
2019-07-01,05Y,16,63,0.25396825396825395
2019-08-01,10X,52,206,0.2524271844660194
2019-07-01,03T,8,32,0.25
2019-05-01,10K,4,16,0.25
2019-06-01,00J,12,48,0.25
2019-09-01,01C,12,48,0.25
2019-03-01,11M,12,48,0.25
2019-08-01,07M,4,16,0.25
2019-08-01,11M,76,306,0.24836601307189543
2019-05-01,15M,20,81,0.24691358024691357
2019-08-01,01Y,32,130,0.24615384615384617
2019-09-01,00D,12,49,0.24489795918367346
2019-05-01,10X,12,49,0.24489795918367346
2019-06-01,04G,40,164,0.24390243902439024
2019-08-01,02A,36,148,0.24324324324324326
2019-04-01,00V,16,66,0.24242424242424243
2019-09-01,00P,16,66,0.24242424242424243
2019-08-01,02Y,40,165,0.24242424242424243
2019-06-01,15C,42,175,0.24
2019-06-01,03E,16,67,0.23880597014925373
2019-04-01,02F,5,21,0.23809523809523808
2019-09-01,02R,4,17,0.23529411764705882
2019-02-01,00T,4,17,0.23529411764705882
2019-07-01,03E,20,85,0.23529411764705882
2019-05-01,04E,12,51,0.23529411764705882
2019-06-01,12F,16,68,0.23529411764705882
2019-09-01,02N,12,51,0.23529411764705882
2019-09-01,08L,4,17,0.23529411764705882
2019-05-01,10D,4,17,0.23529411764705882
2019-08-01,01A,56,238,0.23529411764705882
2019-07-01,12D,4,17,0.23529411764705882
2019-06-01,01W,32,138,0.2318840579710145
2019-07-01,11N,24,106,0.22641509433962265
2019-07-01,03J,16,71,0.22535211267605634
2019-08-01,11N,32,142,0.22535211267605634
2019-06-01,02Y,20,89,0.2247191011235955
2019-07-01,12F,20,89,0.2247191011235955
2019-08-01,08L,4,18,0.2222222222222222
2019-07-01,02G,4,18,0.2222222222222222
2019-05-01,99M,4,18,0.2222222222222222
2019-06-01,99N,4,18,0.2222222222222222
2019-09-01,05Q,4,18,0.2222222222222222
2019-05-01,09G,12,55,0.21818181818181817
2019-09-01,09W,44,202,0.21782178217821782
2019-07-01,01W,40,184,0.21739130434782608
2019-08-01,04N,8,37,0.21621621621621623
2019-08-01,99N,8,37,0.21621621621621623
2019-07-01,99N,8,37,0.21621621621621623
2019-09-01,11N,40,186,0.21505376344086022
2019-09-01,15N,76,357,0.21288515406162464
2019-09-01,14Y,28,132,0.21212121212121213
2019-09-01,02Y,36,170,0.21176470588235294
2019-04-01,00J,4,19,0.21052631578947367
2019-07-01,04H,4,19,0.21052631578947367
2019-05-01,07Q,4,19,0.21052631578947367
2019-08-01,00K,4,19,0.21052631578947367
2019-05-01,11A,8,38,0.21052631578947367
2019-06-01,00V,29,140,0.20714285714285716
2019-08-01,00Q,16,78,0.20512820512820512
2019-09-01,03R,48,236,0.2033898305084746
2019-08-01,04E,24,118,0.2033898305084746
2019-09-01,11M,65,322,0.20186335403726707
2019-08-01,01G,12,60,0.2
2019-08-01,04K,8,40,0.2
2019-06-01,03R,20,101,0.19801980198019803
2019-08-01,01W,40,204,0.19607843137254902
2019-08-01,02N,8,41,0.1951219512195122
2019-06-01,05C,12,62,0.1935483870967742
2019-07-01,05N,16,83,0.1927710843373494
2019-09-01,01A,52,271,0.1918819188191882
2019-08-01,01X,4,21,0.19047619047619047
2019-06-01,10K,4,21,0.19047619047619047
2019-01-01,00R,4,21,0.19047619047619047
2019-08-01,07G,8,42,0.19047619047619047
2019-05-01,02N,4,21,0.19047619047619047
2019-08-01,12F,16,85,0.18823529411764706
2019-06-01,11N,8,43,0.18604651162790697
2019-09-01,06W,8,43,0.18604651162790697
2019-09-01,10R,12,65,0.18461538461538463
2019-05-01,10Q,14,76,0.18421052631578946
2019-07-01,09G,32,174,0.1839080459770115
2019-04-01,05N,4,22,0.18181818181818182
2019-07-01,02A,20,110,0.18181818181818182
2019-03-01,15M,4,22,0.18181818181818182
2019-08-01,15M,38,211,0.18009478672985782
2019-08-01,09D,5,28,0.17857142857142858
2019-07-01,15M,28,157,0.17834394904458598
2019-05-01,02A,12,68,0.17647058823529413
2019-05-01,01W,16,91,0.17582417582417584
2019-08-01,99F,12,69,0.17391304347826086
2019-09-01,04E,24,138,0.17391304347826086
2019-04-01,07N,4,23,0.17391304347826086
2019-02-01,99F,4,23,0.17391304347826086
2019-07-01,03V,8,46,0.17391304347826086
2019-04-01,07G,4,23,0.17391304347826086
2019-07-01,08W,4,23,0.17391304347826086
2019-03-01,03J,4,23,0.17391304347826086
2019-07-01,10R,8,47,0.1702127659574468
2019-06-01,02A,16,96,0.16666666666666666
2019-09-01,04N,8,48,0.16666666666666666
2019-03-01,00V,4,24,0.16666666666666666
2019-07-01,04G,40,242,0.1652892561983471
2019-05-01,03J,8,49,0.16326530612244897
2019-09-01,04G,52,320,0.1625
2019-06-01,00C,9,56,0.16071428571428573
2019-09-01,07N,12,75,0.16
2019-04-01,02N,4,25,0.16
2019-05-01,09X,4,25,0.16
2019-08-01,09Y,4,25,0.16
2019-09-01,07L,4,25,0.16
2019-03-01,00C,4,25,0.16
2019-08-01,04D,4,25,0.16
2019-06-01,04E,8,51,0.1568627450980392
2019-09-01,03W,12,77,0.15584415584415584
2019-08-01,03R,28,180,0.15555555555555556
2019-09-01,03V,8,52,0.15384615384615385
2019-07-01,04E,12,78,0.15384615384615385
2019-03-01,00Q,4,26,0.15384615384615385
2019-09-01,09D,4,26,0.15384615384615385
2019-08-01,06F,5,33,0.15151515151515152
2019-06-01,03J,8,53,0.1509433962264151
2019-08-01,05Y,12,81,0.14814814814814814
2019-04-01,10R,4,27,0.14814814814814814
2019-09-01,01W,28,189,0.14814814814814814
2019-09-01,03E,16,109,0.14678899082568808
2019-09-01,10D,8,55,0.14545454545454545
2019-09-01,09G,44,304,0.14473684210526316
2019-07-01,00V,25,173,0.14450867052023122
2019-06-01,03W,4,28,0.14285714285714285
2019-03-01,99F,4,28,0.14285714285714285
2019-05-01,00R,16,113,0.1415929203539823
2019-08-01,03H,20,144,0.1388888888888889
2019-05-01,10R,4,29,0.13793103448275862
2019-08-01,04G,40,292,0.136986301369863
2019-05-01,09W,8,59,0.13559322033898305
2019-08-01,09G,32,238,0.13445378151260504
2019-09-01,03J,12,90,0.13333333333333333
2019-08-01,01E,8,60,0.13333333333333333
2019-05-01,05H,4,30,0.13333333333333333
2019-08-01,10K,4,30,0.13333333333333333
2019-05-01,07G,4,31,0.12903225806451613
2019-05-01,00Y,8,63,0.12698412698412698
2019-05-01,00V,12,95,0.12631578947368421
2019-09-01,15M,28,222,0.12612612612612611
2019-08-01,00V,25,199,0.12562814070351758
2019-09-01,00V,25,201,0.12437810945273632
2019-08-01,04C,16,130,0.12307692307692308
2019-09-01,03T,8,65,0.12307692307692308
2019-09-01,04C,20,164,0.12195121951219512
2019-05-01,01E,4,33,0.12121212121212122
2019-06-01,07G,4,33,0.12121212121212122
2019-04-01,00R,12,99,0.12121212121212122
2019-07-01,00R,20,166,0.12048192771084337
2019-06-01,99M,4,34,0.11764705882352941
2019-09-01,01X,4,34,0.11764705882352941
2019-08-01,07Q,4,34,0.11764705882352941
2019-06-01,02X,4,35,0.11428571428571428
2019-06-01,03V,4,36,0.1111111111111111
2019-05-01,99F,4,36,0.1111111111111111
2019-09-01,03F,12,109,0.11009174311926606
2019-07-01,00C,12,111,0.10810810810810811
2019-08-01,05N,8,76,0.10526315789473684
2019-09-01,99F,8,76,0.10526315789473684
2019-06-01,02M,12,114,0.10526315789473684
2019-08-01,03V,4,41,0.0975609756097561
2019-09-01,02X,4,41,0.0975609756097561
2019-06-01,00R,12,124,0.0967741935483871
2019-08-01,03K,16,167,0.09580838323353294
2019-04-01,02A,4,42,0.09523809523809523
2019-07-01,07G,4,43,0.09302325581395349
2019-05-01,04C,4,43,0.09302325581395349
2019-08-01,00C,12,130,0.09230769230769231
2019-08-01,09X,4,44,0.09090909090909091
2019-06-01,07N,4,45,0.08888888888888889
2019-09-01,07G,4,46,0.08695652173913043
2019-05-01,07N,4,47,0.0851063829787234
2019-09-01,01E,4,47,0.0851063829787234
2019-08-01,03F,8,96,0.08333333333333333
2019-05-01,00Q,4,48,0.08333333333333333
2019-04-01,02M,4,50,0.08
2019-09-01,99N,4,51,0.0784313725490196
2019-07-01,03K,8,102,0.0784313725490196
2019-06-01,05N,4,53,0.07547169811320754
2019-06-01,03K,4,56,0.07142857142857142
2019-05-01,03R,4,57,0.07017543859649122
2019-08-01,03E,8,114,0.07017543859649122
2019-09-01,00R,12,174,0.06896551724137931
2019-08-01,10D,4,60,0.06666666666666667
2019-07-01,07N,4,60,0.06666666666666667
2019-09-01,10V,8,127,0.06299212598425197
2019-09-01,08G,4,64,0.0625
2019-07-01,02M,8,132,0.06060606060606061
2019-03-01,00R,4,66,0.06060606060606061
2019-08-01,03J,4,66,0.06060606060606061
2019-05-01,03D,4,67,0.05970149253731343
2019-07-01,00N,4,68,0.058823529411764705
2019-09-01,05W,4,68,0.058823529411764705
2019-09-01,00C,8,138,0.057971014492753624
2019-05-01,10V,4,72,0.05555555555555555
2019-09-01,02M,8,147,0.05442176870748299
2019-06-01,10V,4,75,0.05333333333333334
2019-09-01,12F,4,81,0.04938271604938271
2019-09-01,00J,4,83,0.04819277108433735
2019-07-01,04C,4,83,0.04819277108433735
2019-07-01,03D,4,85,0.047058823529411764
2019-09-01,03K,8,209,0.03827751196172249
2019-07-01,03R,4,136,0.029411764705882353
2019-09-01,03H,4,142,0.028169014084507043
2019-08-01,00R,4,153,0.026143790849673203
2019-08-01,02M,4,176,0.022727272727272728
2019-08-01,01C,0,26,0.0
2019-08-01,00X,0,8,0.0
2019-08-01,01J,0,2,0.0
2019-08-01,03Q,0,1,0.0
2019-08-01,02X,0,40,0.0
2019-08-01,02W,0,2,0.0
2019-08-01,15F,0,4,0.0
2019-08-01,04M,0,14,0.0
2019-08-01,06H,0,17,0.0
2019-08-01,06Q,0,1,0.0
2019-08-01,06P,0,12,0.0
2019-08-01,04Y,0,2,0.0
2019-08-01,07T,0,4,0.0
2019-08-01,07W,0,7,0.0
2019-08-01,09A,0,3,0.0
2019-08-01,08X,0,1,0.0
2019-08-01,10V,0,103,0.0
2019-06-01,01J,0,1,0.0
2019-06-01,13T,0,2,0.0
2019-06-01,03D,0,76,0.0
2019-06-01,03H,0,47,0.0
2019-06-01,03Q,0,2,0.0
2019-06-01,04L,0,9,0.0
2019-06-01,06H,0,6,0.0
2019-06-01,07J,0,2,0.0
2019-06-01,06N,0,3,0.0
2019-06-01,06P,0,2,0.0
2019-06-01,04Y,0,1,0.0
2019-06-01,07R,0,1,0.0
2019-06-01,07T,0,1,0.0
2019-06-01,09L,0,1,0.0
2019-06-01,09Y,0,6,0.0
2019-09-01,13T,0,6,0.0
2019-09-01,03Q,0,2,0.0
2019-09-01,02Q,0,10,0.0
2019-09-01,03L,0,18,0.0
2019-09-01,02T,0,41,0.0
2019-09-01,04K,0,31,0.0
2019-09-01,04M,0,18,0.0
2019-09-01,99D,0,10,0.0
2019-09-01,05G,0,13,0.0
2019-09-01,05V,0,5,0.0
2019-09-01,08N,0,5,0.0
2019-09-01,08Q,0,2,0.0
2019-09-01,09F,0,5,0.0
2019-09-01,09Y,0,19,0.0
2019-09-01,10K,0,30,0.0
2019-04-01,01R,0,1,0.0
2019-04-01,00C,0,30,0.0
2019-04-01,00X,0,2,0.0
2019-04-01,01J,0,1,0.0
2019-04-01,03H,0,17,0.0
2019-04-01,03K,0,10,0.0
2019-04-01,04E,0,10,0.0
2019-04-01,06F,0,1,0.0
2019-04-01,04V,0,3,0.0
2019-04-01,05D,0,2,0.0
2019-04-01,05V,0,1,0.0
2019-04-01,08D,0,4,0.0
2019-04-01,08G,0,6,0.0
2019-04-01,99N,0,3,0.0
2019-04-01,11N,0,3,0.0
2019-04-01,09C,0,2,0.0
2019-04-01,99H,0,3,0.0
2019-04-01,99M,0,13,0.0
2018-12-01,00R,0,1,0.0
2019-02-01,00D,0,4,0.0
2019-02-01,00V,0,4,0.0
2019-02-01,01D,0,1,0.0
2019-02-01,02A,0,4,0.0
2019-02-01,02H,0,5,0.0
2019-02-01,00Q,0,10,0.0
2019-02-01,00R,0,37,0.0
2019-02-01,01E,0,1,0.0
2019-02-01,01K,0,1,0.0
2019-02-01,03E,0,2,0.0
2019-02-01,03H,0,5,0.0
2019-02-01,02N,0,4,0.0
2019-02-01,03J,0,9,0.0
2019-02-01,15E,0,3,0.0
2019-02-01,03T,0,1,0.0
2019-02-01,09W,0,2,0.0
2019-02-01,10V,0,3,0.0
2019-07-01,01C,0,25,0.0
2019-07-01,01R,0,2,0.0
2019-07-01,00J,0,50,0.0
2019-07-01,03L,0,23,0.0
2019-07-01,04L,0,9,0.0
2019-07-01,07J,0,3,0.0
2019-07-01,04F,0,8,0.0
2019-07-01,05D,0,8,0.0
2019-07-01,07M,0,20,0.0
2019-07-01,07W,0,1,0.0
2019-07-01,08G,0,31,0.0
2019-07-01,08Y,0,5,0.0
2019-07-01,09E,0,3,0.0
2019-07-01,10K,0,23,0.0
2019-07-01,10V,0,81,0.0
2019-05-01,01C,0,4,0.0
2019-05-01,00C,0,44,0.0
2019-05-01,00K,0,3,0.0
2019-05-01,01G,0,25,0.0
2019-05-01,01X,0,11,0.0
2019-05-01,13T,0,2,0.0
2019-05-01,02Y,0,24,0.0
2019-05-01,03M,0,3,0.0
2019-05-01,03L,0,5,0.0
2019-05-01,02T,0,21,0.0
2019-05-01,05F,0,2,0.0
2019-05-01,06A,0,2,0.0
2019-05-01,04K,0,1,0.0
2019-05-01,06W,0,2,0.0
2019-05-01,05D,0,3,0.0
2019-05-01,05Q,0,9,0.0
2019-05-01,07P,0,6,0.0
2019-05-01,08J,0,2,0.0
2019-05-01,08L,0,4,0.0
2019-05-01,09P,0,6,0.0
2019-05-01,10C,0,1,0.0
2019-03-01,01G,0,5,0.0
2019-03-01,00X,0,1,0.0
2019-03-01,01E,0,10,0.0
2019-03-01,01K,0,3,0.0
2019-03-01,02G,0,4,0.0
2019-03-01,03D,0,7,0.0
2019-03-01,03H,0,12,0.0
2019-03-01,02R,0,1,0.0
2019-03-01,02T,0,13,0.0
2019-03-01,04V,0,1,0.0
2019-03-01,08D,0,2,0.0
2019-03-01,08W,0,1,0.0
2019-03-01,07Q,0,6,0.0
2019-03-01,12D,0,7,0.0
2019-03-01,11N,0,2,0.0
2019-03-01,09G,0,7,0.0
2019-03-01,09Y,0,1,0.0
2019-03-01,10Q,0,14,0.0
2019-03-01,15D,0,2,0.0
2019-03-01,10K,0,3,0.0
2019-01-01,00C,0,3,0.0
2019-01-01,01W,0,2,0.0
2019-01-01,01A,0,1,0.0
2019-01-01,03T,0,2,0.0
2019-01-01,12D,0,4,0.0
2019-08-01,02D,0,1,0.0
2019-08-01,00J,0,69,0.0
2019-08-01,03D,0,110,0.0
2019-08-01,02T,0,36,0.0
2019-08-01,05D,0,7,0.0
2019-08-01,05W,0,56,0.0
2019-08-01,08G,0,61,0.0
2019-08-01,08J,0,2,0.0
2019-08-01,09C,0,5,0.0
2019-08-01,09L,0,1,0.0
2019-08-01,15A,0,3,0.0
2019-06-01,01C,0,14,0.0
2019-06-01,01X,0,17,0.0
2019-06-01,02R,0,3,0.0
2019-06-01,15F,0,6,0.0
2019-06-01,06D,0,8,0.0
2019-06-01,04H,0,14,0.0
2019-06-01,04K,0,9,0.0
2019-06-01,04C,0,56,0.0
2019-06-01,05G,0,10,0.0
2019-06-01,05Q,0,11,0.0
2019-06-01,05W,0,44,0.0
2019-06-01,08C,0,2,0.0
2019-06-01,08K,0,1,0.0
2019-06-01,09J,0,5,0.0
2019-06-01,09P,0,7,0.0
2019-06-01,99H,0,4,0.0
2019-06-01,15D,0,5,0.0
2019-09-01,03D,0,111,0.0
2019-09-01,06A,0,14,0.0
2019-09-01,04H,0,24,0.0
2019-09-01,04L,0,8,0.0
2019-09-01,06P,0,20,0.0
2019-09-01,04D,0,34,0.0
2019-09-01,08K,0,2,0.0
2019-09-01,10A,0,8,0.0
2019-09-01,10L,0,2,0.0
2019-04-01,00K,0,1,0.0
2019-04-01,01G,0,16,0.0
2019-04-01,01E,0,14,0.0
2019-04-01,02G,0,5,0.0
2019-04-01,02X,0,4,0.0
2019-04-01,03L,0,4,0.0
2019-04-01,02R,0,2,0.0
2019-04-01,02T,0,18,0.0
2019-04-01,15F,0,3,0.0
2019-04-01,06A,0,2,0.0
2019-04-01,04H,0,2,0.0
2019-04-01,06T,0,10,0.0
2019-04-01,03T,0,2,0.0
2019-04-01,03W,0,2,0.0
2019-04-01,08H,0,1,0.0
2019-04-01,08A,0,5,0.0
2019-04-01,09P,0,3,0.0
2019-04-01,09X,0,7,0.0
2019-04-01,10V,0,48,0.0
2019-04-01,10X,0,13,0.0
2019-04-01,11A,0,9,0.0
2018-12-01,00Q,0,1,0.0
2019-02-01,00C,0,5,0.0
2019-02-01,02G,0,1,0.0
2019-02-01,03R,0,5,0.0
2019-02-01,05H,0,1,0.0
2019-02-01,15M,0,3,0.0
2019-02-01,07G,0,3,0.0
2019-02-01,99G,0,5,0.0
2019-02-01,04D,0,1,0.0
2019-02-01,08M,0,1,0.0
2019-02-01,12D,0,5,0.0
2019-02-01,09E,0,1,0.0
2019-02-01,10A,0,1,0.0
2019-02-01,09G,0,1,0.0
2019-02-01,99H,0,1,0.0
2019-07-01,02E,0,2,0.0
2019-07-01,01E,0,49,0.0
2019-07-01,01X,0,18,0.0
2019-07-01,13T,0,1,0.0
2019-07-01,03Q,0,1,0.0
2019-07-01,02W,0,5,0.0
2019-07-01,05F,0,3,0.0
2019-07-01,04M,0,6,0.0
2019-07-01,06P,0,5,0.0
2019-07-01,05G,0,10,0.0
2019-07-01,09A,0,4,0.0
2019-07-01,07Q,0,12,0.0
2019-07-01,09C,0,3,0.0
2019-07-01,14Y,0,28,0.0
2019-05-01,02M,0,75,0.0
2019-05-01,01J,0,1,0.0
2019-05-01,05J,0,1,0.0
2019-05-01,05R,0,5,0.0
2019-05-01,06D,0,2,0.0
2019-05-01,04L,0,6,0.0
2019-05-01,06F,0,1,0.0
2019-05-01,04D,0,1,0.0
2019-05-01,05V,0,4,0.0
2019-05-01,05W,0,26,0.0
2019-05-01,99N,0,9,0.0
2019-05-01,10A,0,3,0.0
2019-05-01,11J,0,2,0.0
2019-03-01,00D,0,1,0.0
2019-03-01,00J,0,4,0.0
2019-03-01,02M,0,21,0.0
2019-03-01,01J,0,1,0.0
2019-03-01,01T,0,1,0.0
2019-03-01,03K,0,5,0.0
2019-03-01,02N,0,12,0.0
2019-03-01,07K,0,1,0.0
2019-03-01,07G,0,5,0.0
2019-03-01,99G,0,4,0.0
2019-03-01,03V,0,25,0.0
2019-03-01,03T,0,3,0.0
2019-03-01,04D,0,1,0.0
2019-03-01,99D,0,1,0.0
2019-03-01,05D,0,2,0.0
2019-03-01,05W,0,7,0.0
2019-03-01,07M,0,1,0.0
2019-03-01,07Y,0,3,0.0
2019-03-01,08L,0,1,0.0
2019-03-01,08Q,0,3,0.0
2019-03-01,10V,0,25,0.0
2019-01-01,00V,0,3,0.0
2019-01-01,02A,0,1,0.0
2019-01-01,05A,0,1,0.0
2019-01-01,07G,0,2,0.0
2019-01-01,03V,0,2,0.0
2019-01-01,11A,0,1,0.0
2019-08-01,01R,0,5,0.0
2019-08-01,01V,0,2,0.0
2019-08-01,00N,0,76,0.0
2019-08-01,13T,0,3,0.0
2019-08-01,02P,0,1,0.0
2019-08-01,03L,0,19,0.0
2019-08-01,02R,0,13,0.0
2019-08-01,04H,0,24,0.0
2019-08-01,06L,0,1,0.0
2019-08-01,07J,0,11,0.0
2019-08-01,04Q,0,12,0.0
2019-08-01,99D,0,8,0.0
2019-08-01,05G,0,10,0.0
2019-08-01,05X,0,22,0.0
2019-08-01,08C,0,2,0.0
2019-08-01,07V,0,4,0.0
2019-08-01,09E,0,4,0.0
2019-08-01,10A,0,4,0.0
2019-06-01,00K,0,8,0.0
2019-06-01,01E,0,34,0.0
2019-06-01,03M,0,5,0.0
2019-06-01,03L,0,16,0.0
2019-06-01,02T,0,29,0.0
2019-06-01,06A,0,10,0.0
2019-06-01,99E,0,2,0.0
2019-06-01,99F,0,32,0.0
2019-06-01,03T,0,13,0.0
2019-06-01,05D,0,6,0.0
2019-06-01,05V,0,5,0.0
2019-06-01,08G,0,6,0.0
2019-06-01,08L,0,10,0.0
2019-06-01,09C,0,4,0.0
2019-06-01,10A,0,1,0.0
2019-06-01,10D,0,34,0.0
2019-06-01,09H,0,7,0.0
2019-09-01,02W,0,7,0.0
2019-09-01,15F,0,9,0.0
2019-09-01,06T,0,25,0.0
2019-09-01,04Y,0,2,0.0
2019-09-01,05X,0,18,0.0
2019-04-01,01K,0,4,0.0
2019-04-01,13T,0,2,0.0
2019-04-01,03D,0,32,0.0
2019-04-01,03M,0,4,0.0
2019-04-01,03R,0,25,0.0
2019-04-01,04N,0,2,0.0
2019-04-01,99F,0,27,0.0
2019-04-01,04F,0,2,0.0
2019-04-01,05G,0,1,0.0
2019-04-01,07Q,0,7,0.0
2019-04-01,08L,0,2,0.0
2019-04-01,10A,0,5,0.0
2019-04-01,10D,0,6,0.0
2019-04-01,09H,0,1,0.0
2019-04-01,99K,0,1,0.0
2019-04-01,15D,0,2,0.0
2019-02-01,01J,0,1,0.0
2019-02-01,99A,0,2,0.0
2019-02-01,00N,0,2,0.0
2019-02-01,00P,0,2,0.0
2019-02-01,02T,0,2,0.0
2019-02-01,06T,0,2,0.0
2019-02-01,03V,0,10,0.0
2019-02-01,04C,0,1,0.0
2019-02-01,05N,0,5,0.0
2019-02-01,07M,0,1,0.0
2019-02-01,11E,0,1,0.0
2019-02-01,10Q,0,1,0.0
2019-02-01,10J,0,3,0.0
2019-07-01,03H,0,79,0.0
2019-07-01,02R,0,7,0.0
2019-07-01,02T,0,31,0.0
2019-07-01,06A,0,6,0.0
2019-07-01,04K,0,18,0.0
2019-07-01,06H,0,16,0.0
2019-07-01,05W,0,49,0.0
2019-07-01,07T,0,1,0.0
2019-07-01,08L,0,13,0.0
2019-07-01,10A,0,3,0.0
2019-07-01,09L,0,1,0.0
2019-07-01,09P,0,2,0.0
2019-07-01,99H,0,2,0.0
2019-05-01,01R,0,1,0.0
2019-05-01,00J,0,26,0.0
2019-05-01,03H,0,29,0.0
2019-05-01,02X,0,16,0.0
2019-05-01,05T,0,1,0.0
2019-05-01,04H,0,10,0.0
2019-05-01,06H,0,5,0.0
2019-05-01,07J,0,1,0.0
2019-05-01,03T,0,6,0.0
2019-05-01,05G,0,5,0.0
2019-05-01,05X,0,4,0.0
2019-05-01,07X,0,2,0.0
2019-05-01,08N,0,5,0.0
2019-05-01,08G,0,6,0.0
2019-05-01,08Q,0,3,0.0
2019-05-01,11E,0,6,0.0
2019-05-01,09H,0,4,0.0
2019-05-01,09Y,0,7,0.0
2019-05-01,99K,0,1,0.0
2019-03-01,00M,0,1,0.0
2019-03-01,00N,0,11,0.0
2019-03-01,02Y,0,1,0.0
2019-03-01,03E,0,4,0.0
2019-03-01,03L,0,3,0.0
2019-03-01,05R,0,1,0.0
2019-03-01,05L,0,9,0.0
2019-03-01,06A,0,2,0.0
2019-03-01,05N,0,6,0.0
2019-03-01,08H,0,1,0.0
2019-03-01,08G,0,4,0.0
2019-03-01,07N,0,6,0.0
2019-03-01,09C,0,3,0.0
2019-03-01,09E,0,1,0.0
2019-03-01,09J,0,1,0.0
2019-03-01,10A,0,2,0.0
2019-03-01,10D,0,5,0.0
2019-03-01,09P,0,2,0.0
2019-03-01,09X,0,3,0.0
2019-03-01,10X,0,8,0.0
2019-03-01,11A,0,3,0.0
2019-03-01,99M,0,8,0.0
2019-01-01,12F,0,12,0.0
2019-01-01,00Y,0,1,0.0
2019-01-01,01Y,0,1,0.0
2019-01-01,15N,0,1,0.0
