,practice_code,bnf_description,bnf_code,items,excess_cost
115,J82046,Mesalazine_Tab E/C 800mg,0105010B0AAASAS,2,36.90000000000001
116,J82069,Mesalazine_Tab E/C 800mg,0105010B0AAASAS,1,36.89999999999999
117,J82138,Mesalazine_Tab E/C 800mg,0105010B0AAASAS,1,34.43999999999999
168,J82144,Risperidone_Tab 6mg,040201030AAAFAF,1,29.2096
118,J82138,Mesalazine_Tab E/C 800mg,0105010B0AAASAS,1,22.959999999999994
119,J82058,Mesalazine_Tab E/C 800mg,0105010B0AAASAS,4,17.236800000000002
120,J82138,Mesalazine_Tab E/C 800mg,0105010B0AAASAS,1,17.219999999999995
173,J82094,Zolmitriptan_Tab 2.5mg,0407041Z0AAAAAA,5,16.92
171,J82144,Linezolid_Tab 600mg,0501070W0AAAAAA,1,16.267999999999986
169,J82144,Gemfibrozil_Tab 600mg,0212000Q0AAABAB,1,15.142399999999999
122,J82138,Mesalazine_Tab E/C 800mg,0105010B0AAASAS,1,11.479999999999997
121,J82069,Mesalazine_Tab E/C 800mg,0105010B0AAASAS,1,11.479999999999997
128,J82069,Topiramate_Tab 200mg,040801050AAACAC,4,9.959999999999996
0,J82069,Clonazepam_Tab 500mcg,0408010F0AAABAB,10,9.49199999999998
1,J82138,Clonazepam_Tab 500mcg,0408010F0AAABAB,3,8.542799999999982
170,J82157,Gemfibrozil_Tab 600mg,0212000Q0AAABAB,1,7.571199999999999
2,J82144,Clonazepam_Tab 500mcg,0408010F0AAABAB,11,6.960799999999986
4,J82094,Clonazepam_Tab 500mcg,0408010F0AAABAB,20,6.327999999999987
3,J82157,Clonazepam_Tab 500mcg,0408010F0AAABAB,10,6.327999999999987
172,J82094,Linezolid_Tab 600mg,0501070W0AAAAAA,1,5.809999999999995
5,J82069,Clonazepam_Tab 500mcg,0408010F0AAABAB,18,5.695199999999988
6,J82069,Clonazepam_Tab 500mcg,0408010F0AAABAB,5,5.649999999999988
140,J82144,Amiodarone HCl_Tab 200mg,0203020D0AAABAB,8,5.600000000000005
8,J82069,Clonazepam_Tab 500mcg,0408010F0AAABAB,8,5.06239999999999
7,J82069,Clonazepam_Tab 500mcg,0408010F0AAABAB,2,5.06239999999999
129,J82069,Topiramate_Tab 200mg,040801050AAACAC,1,4.979999999999998
130,J82069,Topiramate_Tab 200mg,040801050AAACAC,2,4.636799999999999
9,J82220,Clonazepam_Tab 500mcg,0408010F0AAABAB,4,4.519999999999991
10,J82094,Clonazepam_Tab 500mcg,0408010F0AAABAB,7,4.429599999999991
141,J82136,Amiodarone HCl_Tab 200mg,0203020D0AAABAB,6,4.200000000000004
175,J82144,Methocarbamol_Tab 750mg,1002020S0AAABAB,4,4.127999999999998
11,J82144,Clonazepam_Tab 500mcg,0408010F0AAABAB,13,4.113199999999992
12,J82069,Clonazepam_Tab 500mcg,0408010F0AAABAB,1,4.067999999999992
174,J82094,Zolmitriptan_Tab 2.5mg,0407041Z0AAAAAA,6,3.9924
15,J82046,Clonazepam_Tab 500mcg,0408010F0AAABAB,2,3.796799999999992
13,J82138,Clonazepam_Tab 500mcg,0408010F0AAABAB,6,3.796799999999992
16,J82138,Clonazepam_Tab 500mcg,0408010F0AAABAB,3,3.796799999999992
14,J82094,Clonazepam_Tab 500mcg,0408010F0AAABAB,1,3.796799999999992
17,J82069,Clonazepam_Tab 500mcg,0408010F0AAABAB,1,3.728999999999992
131,J82061,Topiramate_Tab 200mg,040801050AAACAC,1,3.4859999999999984
18,J82069,Clonazepam_Tab 500mcg,0408010F0AAABAB,1,3.389999999999993
19,J82069,Clonazepam_Tab 500mcg,0408010F0AAABAB,1,3.1639999999999935
20,J82136,Clonazepam_Tab 500mcg,0408010F0AAABAB,5,3.1639999999999935
21,J82157,Clonazepam_Tab 500mcg,0408010F0AAABAB,9,2.847599999999994
22,J82069,Clonazepam_Tab 500mcg,0408010F0AAABAB,6,2.847599999999994
24,J82157,Clonazepam_Tab 500mcg,0408010F0AAABAB,4,2.7119999999999944
23,J82144,Clonazepam_Tab 500mcg,0408010F0AAABAB,1,2.7119999999999944
25,J82144,Clonazepam_Tab 500mcg,0408010F0AAABAB,2,2.7119999999999944
176,J82069,Methocarbamol_Tab 750mg,1002020S0AAABAB,6,2.579999999999999
28,J82046,Clonazepam_Tab 500mcg,0408010F0AAABAB,1,2.531199999999995
31,J82144,Clonazepam_Tab 500mcg,0408010F0AAABAB,2,2.531199999999995
32,J82218,Clonazepam_Tab 500mcg,0408010F0AAABAB,2,2.531199999999995
29,J82061,Clonazepam_Tab 500mcg,0408010F0AAABAB,4,2.531199999999995
27,J82069,Clonazepam_Tab 500mcg,0408010F0AAABAB,2,2.531199999999995
26,J82136,Clonazepam_Tab 500mcg,0408010F0AAABAB,2,2.531199999999995
30,J82046,Clonazepam_Tab 500mcg,0408010F0AAABAB,4,2.531199999999995
137,J82218,Topiramate_Tab 200mg,040801050AAACAC,1,2.489999999999999
134,J82136,Topiramate_Tab 200mg,040801050AAACAC,1,2.489999999999999
136,J82094,Topiramate_Tab 200mg,040801050AAACAC,1,2.489999999999999
132,J82138,Topiramate_Tab 200mg,040801050AAACAC,1,2.489999999999999
135,J82220,Topiramate_Tab 200mg,040801050AAACAC,1,2.489999999999999
133,J82157,Topiramate_Tab 200mg,040801050AAACAC,1,2.489999999999999
142,J82094,Amiodarone HCl_Tab 200mg,0203020D0AAABAB,7,2.450000000000002
33,J82058,Clonazepam_Tab 500mcg,0408010F0AAABAB,6,2.372999999999995
138,J82218,Topiramate_Tab 200mg,040801050AAACAC,1,2.3183999999999996
139,J82094,Topiramate_Tab 200mg,040801050AAACAC,4,2.307200000000001
34,J82136,Clonazepam_Tab 500mcg,0408010F0AAABAB,4,2.279999999999993
38,J82136,Clonazepam_Tab 500mcg,0408010F0AAABAB,1,2.2599999999999953
39,J82069,Clonazepam_Tab 500mcg,0408010F0AAABAB,1,2.2599999999999953
37,J82144,Clonazepam_Tab 500mcg,0408010F0AAABAB,2,2.2599999999999953
36,J82094,Clonazepam_Tab 500mcg,0408010F0AAABAB,1,2.2599999999999953
35,J82094,Clonazepam_Tab 500mcg,0408010F0AAABAB,2,2.2599999999999953
143,J82069,Amiodarone HCl_Tab 200mg,0203020D0AAABAB,6,2.100000000000002
40,J82094,Clonazepam_Tab 500mcg,0408010F0AAABAB,1,2.033999999999996
177,J82136,Methocarbamol_Tab 750mg,1002020S0AAABAB,2,1.9263999999999992
201,J82069,Pyridox HCl_Tab 50mg,0906024N0AAAIAI,2,1.9152000000000005
199,J82094,Pyridox HCl_Tab 50mg,0906024N0AAAIAI,4,1.9152000000000005
200,J82069,Pyridox HCl_Tab 50mg,0906024N0AAAIAI,1,1.9152000000000005
41,J82079,Clonazepam_Tab 500mcg,0408010F0AAABAB,6,1.898399999999996
42,J82218,Clonazepam_Tab 500mcg,0408010F0AAABAB,3,1.898399999999996
43,J82157,Clonazepam_Tab 500mcg,0408010F0AAABAB,2,1.898399999999996
145,J82625,Amiodarone HCl_Tab 200mg,0203020D0AAABAB,5,1.7500000000000016
144,J82144,Amiodarone HCl_Tab 200mg,0203020D0AAABAB,5,1.7500000000000016
44,J82094,Clonazepam_Tab 500mcg,0408010F0AAABAB,3,1.7099999999999949
45,J82144,Clonazepam_Tab 500mcg,0408010F0AAABAB,21,1.6610999999999967
47,J82138,Clonazepam_Tab 500mcg,0408010F0AAABAB,5,1.5819999999999967
46,J82069,Clonazepam_Tab 500mcg,0408010F0AAABAB,2,1.5819999999999967
202,J82197,Pyridox HCl_Tab 50mg,0906024N0AAAIAI,1,1.4364000000000003
203,J82094,Pyridox HCl_Tab 50mg,0906024N0AAAIAI,1,1.4364000000000003
48,J82094,Clonazepam_Tab 500mcg,0408010F0AAABAB,18,1.423799999999997
146,J82138,Amiodarone HCl_Tab 200mg,0203020D0AAABAB,4,1.4000000000000012
147,J82157,Amiodarone HCl_Tab 200mg,0203020D0AAABAB,4,1.4000000000000012
148,J82079,Amiodarone HCl_Tab 200mg,0203020D0AAABAB,4,1.4000000000000012
50,J82079,Clonazepam_Tab 500mcg,0408010F0AAABAB,2,1.3559999999999972
49,J82144,Clonazepam_Tab 500mcg,0408010F0AAABAB,4,1.3559999999999972
52,J82069,Clonazepam_Tab 500mcg,0408010F0AAABAB,1,1.3559999999999972
51,J82069,Clonazepam_Tab 500mcg,0408010F0AAABAB,2,1.3559999999999972
178,J82061,Methocarbamol_Tab 750mg,1002020S0AAABAB,1,1.2899999999999996
56,J82069,Clonazepam_Tab 500mcg,0408010F0AAABAB,8,1.2655999999999974
53,J82138,Clonazepam_Tab 500mcg,0408010F0AAABAB,8,1.2655999999999974
54,J82197,Clonazepam_Tab 500mcg,0408010F0AAABAB,2,1.2655999999999974
55,J82157,Clonazepam_Tab 500mcg,0408010F0AAABAB,1,1.2655999999999974
57,J82069,Clonazepam_Tab 500mcg,0408010F0AAABAB,15,1.1864999999999974
58,J82138,Clonazepam_Tab 500mcg,0408010F0AAABAB,2,1.1399999999999966
59,J82157,Clonazepam_Tab 500mcg,0408010F0AAABAB,1,1.1299999999999977
60,J82058,Clonazepam_Tab 500mcg,0408010F0AAABAB,1,1.1299999999999977
61,J82639,Clonazepam_Tab 500mcg,0408010F0AAABAB,1,1.1299999999999977
151,J82069,Amiodarone HCl_Tab 200mg,0203020D0AAABAB,1,1.050000000000001
152,J82061,Amiodarone HCl_Tab 200mg,0203020D0AAABAB,3,1.050000000000001
149,J82218,Amiodarone HCl_Tab 200mg,0203020D0AAABAB,3,1.050000000000001
150,J82077,Amiodarone HCl_Tab 200mg,0203020D0AAABAB,3,1.050000000000001
153,J82046,Amiodarone HCl_Tab 200mg,0203020D0AAABAB,1,1.050000000000001
179,J82136,Methocarbamol_Tab 750mg,1002020S0AAABAB,1,1.0319999999999996
62,J82094,Clonazepam_Tab 500mcg,0408010F0AAABAB,8,0.9767999999999999
180,J82138,Methocarbamol_Tab 750mg,1002020S0AAABAB,1,0.9631999999999996
207,J82218,Pyridox HCl_Tab 50mg,0906024N0AAAIAI,1,0.9576000000000002
206,J82077,Pyridox HCl_Tab 50mg,0906024N0AAAIAI,1,0.9576000000000002
205,J82220,Pyridox HCl_Tab 50mg,0906024N0AAAIAI,1,0.9576000000000002
204,J82069,Pyridox HCl_Tab 50mg,0906024N0AAAIAI,2,0.9576000000000002
67,J82094,Clonazepam_Tab 500mcg,0408010F0AAABAB,4,0.949199999999998
70,J82058,Clonazepam_Tab 500mcg,0408010F0AAABAB,2,0.949199999999998
69,J82046,Clonazepam_Tab 500mcg,0408010F0AAABAB,4,0.949199999999998
68,J82077,Clonazepam_Tab 500mcg,0408010F0AAABAB,4,0.949199999999998
63,J82220,Clonazepam_Tab 500mcg,0408010F0AAABAB,1,0.949199999999998
66,J82138,Clonazepam_Tab 500mcg,0408010F0AAABAB,1,0.949199999999998
65,J82046,Clonazepam_Tab 500mcg,0408010F0AAABAB,6,0.949199999999998
64,J82079,Clonazepam_Tab 500mcg,0408010F0AAABAB,1,0.949199999999998
181,J82157,Methocarbamol_Tab 750mg,1002020S0AAABAB,1,0.8599999999999997
184,J82639,Methocarbamol_Tab 750mg,1002020S0AAABAB,2,0.8599999999999997
182,J82069,Methocarbamol_Tab 750mg,1002020S0AAABAB,1,0.8599999999999997
183,J82061,Methocarbamol_Tab 750mg,1002020S0AAABAB,1,0.8599999999999997
71,J82144,Clonazepam_Tab 500mcg,0408010F0AAABAB,18,0.7631999999999999
154,J82144,Amiodarone HCl_Tab 200mg,0203020D0AAABAB,1,0.7500000000000007
72,J82138,Clonazepam_Tab 500mcg,0408010F0AAABAB,3,0.7118999999999985
157,J82094,Amiodarone HCl_Tab 200mg,0203020D0AAABAB,1,0.7000000000000006
158,J82046,Amiodarone HCl_Tab 200mg,0203020D0AAABAB,2,0.7000000000000006
159,J82639,Amiodarone HCl_Tab 200mg,0203020D0AAABAB,2,0.7000000000000006
160,J82138,Amiodarone HCl_Tab 200mg,0203020D0AAABAB,1,0.7000000000000006
161,J82058,Amiodarone HCl_Tab 200mg,0203020D0AAABAB,1,0.7000000000000006
155,J82061,Amiodarone HCl_Tab 200mg,0203020D0AAABAB,1,0.7000000000000006
156,J82197,Amiodarone HCl_Tab 200mg,0203020D0AAABAB,2,0.7000000000000006
73,J82144,Clonazepam_Tab 500mcg,0408010F0AAABAB,1,0.6779999999999986
74,J82138,Clonazepam_Tab 500mcg,0408010F0AAABAB,1,0.6779999999999986
75,J82136,Clonazepam_Tab 500mcg,0408010F0AAABAB,1,0.6779999999999986
81,J82079,Clonazepam_Tab 500mcg,0408010F0AAABAB,1,0.6327999999999987
77,J82058,Clonazepam_Tab 500mcg,0408010F0AAABAB,1,0.6327999999999987
76,J82136,Clonazepam_Tab 500mcg,0408010F0AAABAB,2,0.6327999999999987
84,J82061,Clonazepam_Tab 500mcg,0408010F0AAABAB,2,0.6327999999999987
78,J82058,Clonazepam_Tab 500mcg,0408010F0AAABAB,8,0.6327999999999987
79,J82144,Clonazepam_Tab 500mcg,0408010F0AAABAB,4,0.6327999999999987
80,J82218,Clonazepam_Tab 500mcg,0408010F0AAABAB,4,0.6327999999999987
82,J82220,Clonazepam_Tab 500mcg,0408010F0AAABAB,4,0.6327999999999987
83,J82046,Clonazepam_Tab 500mcg,0408010F0AAABAB,2,0.6327999999999987
85,J82061,Clonazepam_Tab 500mcg,0408010F0AAABAB,4,0.6327999999999987
208,J82069,Pyridox HCl_Tab 50mg,0906024N0AAAIAI,29,0.6206000000000025
87,J82625,Clonazepam_Tab 500mcg,0408010F0AAABAB,1,0.5699999999999983
86,J82157,Clonazepam_Tab 500mcg,0408010F0AAABAB,1,0.5699999999999983
185,J82144,Methocarbamol_Tab 750mg,1002020S0AAABAB,1,0.5159999999999998
162,J82094,Amiodarone HCl_Tab 200mg,0203020D0AAABAB,6,0.5082
88,J82069,Clonazepam_Tab 500mcg,0408010F0AAABAB,4,0.48839999999999995
186,J82069,Methocarbamol_Tab 750mg,1002020S0AAABAB,1,0.4815999999999998
187,J82138,Methocarbamol_Tab 750mg,1002020S0AAABAB,1,0.4815999999999998
209,J82046,Pyridox HCl_Tab 50mg,0906024N0AAAIAI,1,0.4788000000000001
210,J82144,Pyridox HCl_Tab 50mg,0906024N0AAAIAI,4,0.4788000000000001
89,J82094,Clonazepam_Tab 500mcg,0408010F0AAABAB,1,0.474599999999999
91,J82197,Clonazepam_Tab 500mcg,0408010F0AAABAB,3,0.474599999999999
90,J82138,Clonazepam_Tab 500mcg,0408010F0AAABAB,6,0.474599999999999
93,J82144,Clonazepam_Tab 500mcg,0408010F0AAABAB,2,0.44399999999999995
92,J82220,Clonazepam_Tab 500mcg,0408010F0AAABAB,2,0.44399999999999995
188,J82077,Methocarbamol_Tab 750mg,1002020S0AAABAB,2,0.4400000000000015
191,J82157,Methocarbamol_Tab 750mg,1002020S0AAABAB,1,0.4299999999999998
190,J82144,Methocarbamol_Tab 750mg,1002020S0AAABAB,1,0.4299999999999998
189,J82220,Methocarbamol_Tab 750mg,1002020S0AAABAB,1,0.4299999999999998
94,J82061,Clonazepam_Tab 500mcg,0408010F0AAABAB,1,0.3954999999999992
192,J82138,Methocarbamol_Tab 750mg,1002020S0AAABAB,1,0.36960000000000126
194,J82077,Methocarbamol_Tab 750mg,1002020S0AAABAB,1,0.36960000000000126
193,J82094,Methocarbamol_Tab 750mg,1002020S0AAABAB,1,0.36960000000000126
195,J82058,Methocarbamol_Tab 750mg,1002020S0AAABAB,1,0.36960000000000126
95,J82144,Clonazepam_Tab 500mcg,0408010F0AAABAB,3,0.36629999999999996
211,J82138,Pyridox HCl_Tab 50mg,0906024N0AAAIAI,1,0.3591000000000001
164,J82136,Amiodarone HCl_Tab 200mg,0203020D0AAABAB,1,0.3500000000000003
163,J82058,Amiodarone HCl_Tab 200mg,0203020D0AAABAB,1,0.3500000000000003
99,J82094,Clonazepam_Tab 500mcg,0408010F0AAABAB,1,0.3389999999999993
97,J82218,Clonazepam_Tab 500mcg,0408010F0AAABAB,1,0.3389999999999993
98,J82061,Clonazepam_Tab 500mcg,0408010F0AAABAB,1,0.3389999999999993
96,J82069,Clonazepam_Tab 500mcg,0408010F0AAABAB,1,0.3389999999999993
165,J82138,Amiodarone HCl_Tab 200mg,0203020D0AAABAB,4,0.3388
100,J82077,Clonazepam_Tab 500mcg,0408010F0AAABAB,1,0.31639999999999935
101,J82218,Clonazepam_Tab 500mcg,0408010F0AAABAB,1,0.31639999999999935
103,J82625,Clonazepam_Tab 500mcg,0408010F0AAABAB,1,0.31639999999999935
104,J82220,Clonazepam_Tab 500mcg,0408010F0AAABAB,1,0.31639999999999935
102,J82639,Clonazepam_Tab 500mcg,0408010F0AAABAB,1,0.31639999999999935
105,J82218,Clonazepam_Tab 500mcg,0408010F0AAABAB,1,0.2735999999999992
106,J82077,Clonazepam_Tab 500mcg,0408010F0AAABAB,3,0.2372999999999995
107,J82144,Clonazepam_Tab 500mcg,0408010F0AAABAB,1,0.2372999999999995
196,J82138,Methocarbamol_Tab 750mg,1002020S0AAABAB,4,0.22960000000000114
108,J82046,Clonazepam_Tab 500mcg,0408010F0AAABAB,1,0.22199999999999998
197,J82077,Methocarbamol_Tab 750mg,1002020S0AAABAB,1,0.18480000000000063
212,Y00587,Pyridox HCl_Tab 50mg,0906024N0AAAIAI,1,0.17400000000000082
166,J82144,Amiodarone HCl_Tab 200mg,0203020D0AAABAB,2,0.1694
109,J82136,Clonazepam_Tab 500mcg,0408010F0AAABAB,1,0.15819999999999967
110,J82079,Clonazepam_Tab 500mcg,0408010F0AAABAB,1,0.15819999999999967
111,J82094,Clonazepam_Tab 500mcg,0408010F0AAABAB,1,0.15819999999999967
112,Y00587,Clonazepam_Tab 500mcg,0408010F0AAABAB,1,0.11599999999999999
167,J82069,Amiodarone HCl_Tab 200mg,0203020D0AAABAB,1,0.0847
198,J82138,Methocarbamol_Tab 750mg,1002020S0AAABAB,1,0.061500000000000304
113,J82157,Clonazepam_Tab 500mcg,0408010F0AAABAB,1,0.04239999999999999
114,J82144,Clonazepam_Tab 500mcg,0408010F0AAABAB,1,0.03689999999999993
123,J82058,Mesalazine_Tab E/C 800mg,0105010B0AAASAS,4,0.016800000000007476
124,J82094,Mesalazine_Tab E/C 800mg,0105010B0AAASAS,1,0.008999999999999009
125,J82094,Mesalazine_Tab E/C 800mg,0105010B0AAASAS,1,-18.441
126,J82046,Mesalazine_Tab E/C 800mg,0105010B0AAASAS,2,-36.89999999999997
127,J82144,Mesalazine_Tab E/C 800mg,0105010B0AAASAS,1,-36.89999999999999
