,practice_code,bnf_description,bnf_code,items,excess_cost
0,G85001,Amiodarone HCl_Tab 200mg,0203020D0AAABAB,4,0.3388
1,G85001,Clonazepam_Tab 500mcg,0408010F0AAABAB,7,2.9203999999999932
2,G85001,Phenytoin_Sod Tab 100mg,0408010Q0AAAGAG,8,0.04479999999999662
3,G85006,Clonazepam_Tab 500mcg,0408010F0AAABAB,15,2.8701999999999943
4,G85006,Mesalazine_Tab E/C 400mg,0105010B0AAAAAA,8,95.82719999999999
5,G85006,Topiramate_Cap 50mg,040801050AAAWAW,2,6.077599999999993
6,G85013,Amiodarone HCl_Tab 200mg,0203020D0AAABAB,10,1.3776000000000006
7,G85013,Buprenorphine_Tab Subling 400mcg S/F,0410030A0AAACAC,1,1.5232
8,G85013,Clonazepam_Tab 500mcg,0408010F0AAABAB,5,2.9635999999999942
9,G85013,Mesalazine_Tab E/C 400mg,0105010B0AAAAAA,2,58.18079999999999
10,G85013,Mesalazine_Tab E/C 800mg,0105010B0AAASAS,2,12.288
11,G85013,Phenytoin_Sod Tab 100mg,0408010Q0AAAGAG,4,0.025199999999997225
12,G85019,Amiodarone HCl_Tab 200mg,0203020D0AAABAB,4,0.3388
13,G85019,Clonazepam_Tab 500mcg,0408010F0AAABAB,5,1.898399999999996
14,G85029,Amiodarone HCl_Tab 200mg,0203020D0AAABAB,1,0.7000000000000006
15,G85029,Clonazepam_Tab 500mcg,0408010F0AAABAB,4,1.943599999999996
16,G85030,Amiodarone HCl_Tab 200mg,0203020D0AAABAB,4,0.3388
17,G85030,Clonazepam_Tab 500mcg,0408010F0AAABAB,6,1.3898999999999972
18,G85030,Mesalazine_Tab E/C 400mg,0105010B0AAAAAA,1,47.913599999999995
19,G85030,Mesalazine_Tab E/C 800mg,0105010B0AAASAS,5,36.90000000000004
20,G85030,Pyridox HCl_Tab 50mg,0906024N0AAAIAI,1,0.4788000000000001
21,G85031,Amiodarone HCl_Tab 200mg,0203020D0AAABAB,1,0.7000000000000006
22,G85031,Clonazepam_Tab 500mcg,0408010F0AAABAB,2,1.2655999999999974
23,G85034,Amiodarone HCl_Tab 200mg,0203020D0AAABAB,14,5.577600000000004
24,G85034,Buprenorphine_Tab Subling 400mcg S/F,0410030A0AAACAC,9,8.377600000000001
25,G85034,Clonazepam_Tab 500mcg,0408010F0AAABAB,46,17.162399999999963
26,G85034,Colecal_Cap 400u,0906040G0AABIBI,19,-0.007400000000001572
27,G85034,Mesalazine_Tab E/C 400mg,0105010B0AAAAAA,21,130.06799999999998
28,G85034,Phenytoin_Sod Tab 100mg,0408010Q0AAAGAG,4,0.025199999999997225
29,G85034,Pyridox HCl_Tab 50mg,0906024N0AAAIAI,8,5.745600000000001
30,G85034,Risperidone_Tab 6mg,040201030AAAFAF,13,116.90559999999999
31,G85040,Amiodarone HCl_Tab 200mg,0203020D0AAABAB,4,0.3388
32,G85040,Clonazepam_Tab 500mcg,0408010F0AAABAB,5,5.378799999999989
33,G85042,Amiodarone HCl_Tab 200mg,0203020D0AAABAB,5,1.0388000000000006
34,G85042,Clonazepam_Tab 500mcg,0408010F0AAABAB,23,6.327999999999987
35,G85042,Mesalazine_Tab E/C 400mg,0105010B0AAAAAA,3,76.97999999999999
36,G85050,Clonazepam_Tab 500mcg,0408010F0AAABAB,2,1.2881999999999973
37,G85050,Mesalazine_Tab E/C 400mg,0105010B0AAAAAA,1,34.224
38,G85051,Amiodarone HCl_Tab 200mg,0203020D0AAABAB,1,0.7000000000000006
39,G85051,Clonazepam_Tab 500mcg,0408010F0AAABAB,5,2.2599999999999953
40,G85051,Colecal_Cap 400u,0906040G0AABIBI,1,-0.006000000000000172
41,G85052,Buprenorphine_Tab Subling 400mcg S/F,0410030A0AAACAC,6,7.6160000000000005
42,G85052,Clonazepam_Tab 500mcg,0408010F0AAABAB,3,1.3107999999999973
43,G85082,Amiodarone HCl_Tab 200mg,0203020D0AAABAB,8,0.6776
44,G85082,Clonazepam_Tab 500mcg,0408010F0AAABAB,5,1.2655999999999974
45,G85084,Amiodarone HCl_Tab 200mg,0203020D0AAABAB,1,0.7000000000000006
46,G85084,Clonazepam_Tab 500mcg,0408010F0AAABAB,1,1.898399999999996
47,G85084,Topiramate_Cap 50mg,040801050AAAWAW,1,2.396799999999997
48,G85087,Amiodarone HCl_Tab 200mg,0203020D0AAABAB,1,0.7000000000000006
49,G85087,Clonazepam_Tab 500mcg,0408010F0AAABAB,4,0.31639999999999935
50,G85087,Mesalazine_Tab E/C 800mg,0105010B0AAASAS,11,67.48700000000001
51,G85087,Risperidone_Tab 6mg,040201030AAAFAF,4,29.232
52,G85091,Amiodarone HCl_Tab 200mg,0203020D0AAABAB,1,0.7000000000000006
53,G85091,Mesalazine_Tab E/C 400mg,0105010B0AAAAAA,4,31.942399999999996
54,G85091,Mesalazine_Tab E/C 800mg,0105010B0AAASAS,1,36.89999999999999
55,G85091,Pyridox HCl_Tab 50mg,0906024N0AAAIAI,4,0.2624000000000013
56,G85106,Clonazepam_Tab 500mcg,0408010F0AAABAB,1,0.6327999999999987
57,G85112,Clonazepam_Tab 500mcg,0408010F0AAABAB,4,3.6611999999999925
58,G85112,Mesalazine_Tab E/C 800mg,0105010B0AAASAS,1,-36.89999999999999
59,G85112,Pyridox HCl_Tab 50mg,0906024N0AAAIAI,1,1.9152000000000005
60,G85119,Clonazepam_Tab 500mcg,0408010F0AAABAB,10,2.5989999999999944
61,G85119,Colecal_Cap 400u,0906040G0AABIBI,1,153.03599999999997
62,G85119,Mesalazine_Tab E/C 400mg,0105010B0AAAAAA,1,11.978399999999999
63,G85119,Topiramate_Cap 50mg,040801050AAAWAW,4,2.3855999999999984
64,G85125,Amiodarone HCl_Tab 200mg,0203020D0AAABAB,6,1.388800000000001
65,G85125,Clonazepam_Tab 500mcg,0408010F0AAABAB,9,3.796799999999992
66,G85125,Colecal_Cap 400u,0906040G0AABIBI,4,-0.01120000000000032
67,G85132,Clonazepam_Tab 500mcg,0408010F0AAABAB,5,0.6327999999999987
68,G85134,Mesalazine_Tab E/C 400mg,0105010B0AAAAAA,1,23.956799999999998
69,G85138,Buprenorphine_Tab Subling 400mcg S/F,0410030A0AAACAC,1,3.0464
70,G85138,Clonazepam_Tab 500mcg,0408010F0AAABAB,11,4.474799999999991
71,G85138,Colecal_Cap 400u,0906040G0AABIBI,1,0.004199999999999926
72,G85623,Amiodarone HCl_Tab 200mg,0203020D0AAABAB,7,2.0888000000000018
73,G85623,Clonazepam_Tab 500mcg,0408010F0AAABAB,5,3.2457999999999934
74,G85623,Colecal_Cap 400u,0906040G0AABIBI,2,0.008399999999999852
75,G85623,Pyridox HCl_Tab 50mg,0906024N0AAAIAI,6,0.39360000000000195
76,G85632,Amiodarone HCl_Tab 200mg,0203020D0AAABAB,1,0.7000000000000006
77,G85632,Buprenorphine_Tab Subling 400mcg S/F,0410030A0AAACAC,1,1.1424
78,G85632,Clonazepam_Tab 500mcg,0408010F0AAABAB,1,0.31639999999999935
79,G85632,Pyridox HCl_Tab 50mg,0906024N0AAAIAI,4,1.4364000000000003
80,G85642,Clonazepam_Tab 500mcg,0408010F0AAABAB,9,3.5255999999999927
81,G85642,Pyridox HCl_Tab 50mg,0906024N0AAAIAI,8,5.745600000000001
82,G85644,Clonazepam_Tab 500mcg,0408010F0AAABAB,4,0.31639999999999935
83,G85644,Mesalazine_Tab E/C 400mg,0105010B0AAAAAA,4,34.176
84,G85651,Amiodarone HCl_Tab 200mg,0203020D0AAABAB,5,1.0388000000000006
85,G85651,Buprenorphine_Tab Subling 400mcg S/F,0410030A0AAACAC,4,5.331200000000001
86,G85651,Clonazepam_Tab 500mcg,0408010F0AAABAB,2,1.2655999999999974
87,G85651,Phenytoin_Sod Tab 100mg,0408010Q0AAAGAG,1,179.09639999999996
88,G85681,Clonazepam_Tab 500mcg,0408010F0AAABAB,8,1.574399999999998
89,G85681,Mesalazine_Tab E/C 400mg,0105010B0AAAAAA,1,-51.33599999999999
90,G85681,Mesalazine_Tab E/C 800mg,0105010B0AAASAS,1,36.89999999999999
91,G85685,Amiodarone HCl_Tab 200mg,0203020D0AAABAB,2,1.4000000000000012
92,G85685,Clonazepam_Tab 500mcg,0408010F0AAABAB,12,7.369399999999986
93,G85685,Mesalazine_Tab E/C 400mg,0105010B0AAAAAA,2,-58.75119999999999
94,G85685,Pyridox HCl_Tab 50mg,0906024N0AAAIAI,1,0.9576000000000002
95,G85685,Topiramate_Cap 50mg,040801050AAAWAW,1,7.703999999999991
96,G85705,Amiodarone HCl_Tab 200mg,0203020D0AAABAB,1,0.7000000000000006
97,G85715,Amiodarone HCl_Tab 200mg,0203020D0AAABAB,1,0.3500000000000003
98,G85715,Pyridox HCl_Tab 50mg,0906024N0AAAIAI,4,0.9576000000000002
99,G85721,Amiodarone HCl_Tab 200mg,0203020D0AAABAB,5,1.0388000000000006
100,G85721,Clonazepam_Tab 500mcg,0408010F0AAABAB,4,0.31639999999999935
101,G85721,Colecal_Cap 400u,0906040G0AABIBI,4,0.016799999999999704
102,G85721,Mesalazine_Tab E/C 400mg,0105010B0AAAAAA,4,15.971199999999998
103,G85721,Risperidone_Tab 6mg,040201030AAAFAF,1,29.2096
104,G85723,Clonazepam_Tab 500mcg,0408010F0AAABAB,1,0.31639999999999935
105,G85726,Amiodarone HCl_Tab 200mg,0203020D0AAABAB,1,0.7000000000000006
106,G85726,Clonazepam_Tab 500mcg,0408010F0AAABAB,15,2.7257999999999956
107,G85726,Mesalazine_Tab E/C 400mg,0105010B0AAAAAA,3,119.75999999999998
