,practice_code,bnf_description,bnf_code,items,excess_cost
282,F81046,Memantine HCl_Tab 20mg,0411000G0AAADAD,2,255.59520000000003
0,F81147,Pregabalin_Cap 50mg,0408010AEAAABAB,1,199.7632
250,F81128,Pregabalin_Cap 200mg,0408010AEAAAFAF,3,120.2544
214,F81176,Pregabalin_Cap 150mg,0408010AEAAAEAE,5,119.53200000000001
70,F81046,Phenytoin_Sod Tab 100mg,0408010Q0AAAGAG,1,119.39759999999998
71,F81176,Phenytoin_Sod Tab 100mg,0408010Q0AAAGAG,1,119.39759999999998
1,F81144,Pregabalin_Cap 50mg,0408010AEAAABAB,11,114.20639999999999
215,F81081,Pregabalin_Cap 150mg,0408010AEAAAEAE,6,113.0976
200,F81128,Pregabalin_Cap 300mg,0408010AEAAAGAG,6,112.22399999999999
72,F81622,Phenytoin_Sod Tab 100mg,0408010Q0AAAGAG,1,99.49799999999999
283,F81147,Memantine HCl_Tab 10mg,0411000G0AAAAAA,1,94.10520000000001
48,F81081,Atorvastatin_Tab 20mg,0212000B0AAABAB,98,90.27759999999999
49,F81144,Atorvastatin_Tab 20mg,0212000B0AAABAB,201,90.048
201,Y02177,Pregabalin_Cap 300mg,0408010AEAAAGAG,1,88.98119999999999
269,F81046,Aripiprazole_Tab 15mg,0402010ADAAABAB,2,86.31
270,F81081,Aripiprazole_Tab 15mg,0402010ADAAABAB,8,86.3072
271,F81097,Aripiprazole_Tab 15mg,0402010ADAAABAB,4,86.3072
2,F81086,Pregabalin_Cap 50mg,0408010AEAAABAB,5,85.638
251,F81081,Pregabalin_Cap 200mg,0408010AEAAAFAF,5,85.38600000000001
73,F81164,Phenytoin_Sod Tab 100mg,0408010Q0AAAGAG,2,79.60959999999999
50,F81144,Atorvastatin_Tab 20mg,0212000B0AAABAB,34,67.68720000000002
51,F81724,Atorvastatin_Tab 20mg,0212000B0AAABAB,1,67.59479999999999
52,F81081,Atorvastatin_Tab 20mg,0212000B0AAABAB,40,67.536
3,F81097,Pregabalin_Cap 50mg,0408010AEAAABAB,18,60.37920000000001
252,F81097,Pregabalin_Cap 200mg,0408010AEAAAFAF,4,60.13279999999999
202,Y02177,Pregabalin_Cap 300mg,0408010AEAAAGAG,7,59.309599999999996
4,F81164,Pregabalin_Cap 50mg,0408010AEAAABAB,7,57.11439999999999
6,F81656,Pregabalin_Cap 50mg,0408010AEAAABAB,4,57.0976
5,Y02707,Pregabalin_Cap 50mg,0408010AEAAABAB,4,57.0976
216,F81097,Pregabalin_Cap 150mg,0408010AEAAAEAE,13,56.565599999999996
284,Y02177,Memantine HCl_Tab 10mg,0411000G0AAAAAA,2,55.83200000000001
53,F81097,Atorvastatin_Tab 20mg,0212000B0AAABAB,186,45.83040000000001
54,F81046,Atorvastatin_Tab 20mg,0212000B0AAABAB,111,45.3768
55,F81081,Atorvastatin_Tab 20mg,0212000B0AAABAB,218,45.169600000000024
56,F81613,Atorvastatin_Tab 20mg,0212000B0AAABAB,76,45.11360000000002
285,F81046,Memantine HCl_Tab 10mg,0411000G0AAAAAA,2,31.3656
286,F81144,Memantine HCl_Tab 10mg,0411000G0AAAAAA,33,31.3236
203,Y02177,Pregabalin_Cap 300mg,0408010AEAAAGAG,1,29.660399999999996
7,F81147,Pregabalin_Cap 50mg,0408010AEAAABAB,5,28.532
75,F81046,Paracet_Tab 500mg,0407010H0AAAMAM,71,27.690000000000005
74,F81046,Paracet_Tab 500mg,0407010H0AAAMAM,71,27.690000000000005
76,F81164,Paracet_Tab 500mg,0407010H0AAAMAM,14,22.579200000000004
77,F81164,Paracet_Tab 500mg,0407010H0AAAMAM,14,22.579200000000004
58,F81159,Atorvastatin_Tab 20mg,0212000B0AAABAB,31,22.568
57,F81003,Atorvastatin_Tab 20mg,0212000B0AAABAB,31,22.568
59,F81209,Atorvastatin_Tab 20mg,0212000B0AAABAB,61,22.545600000000007
78,F81144,Paracet_Tab 500mg,0407010H0AAAMAM,119,17.850000000000016
79,F81144,Paracet_Tab 500mg,0407010H0AAAMAM,119,17.850000000000016
288,F81097,Memantine HCl_Tab 10mg,0411000G0AAAAAA,1,15.6842
287,Y02177,Memantine HCl_Tab 10mg,0411000G0AAAAAA,1,15.6842
80,F81164,Paracet_Tab 500mg,0407010H0AAAMAM,1,15.155999999999999
81,F81164,Paracet_Tab 500mg,0407010H0AAAMAM,1,15.155999999999999
83,F81144,Paracet_Tab 500mg,0407010H0AAAMAM,46,11.334400000000002
82,F81144,Paracet_Tab 500mg,0407010H0AAAMAM,46,11.334400000000002
84,F81097,Paracet_Tab 500mg,0407010H0AAAMAM,28,11.289599999999997
85,F81097,Paracet_Tab 500mg,0407010H0AAAMAM,28,11.289599999999997
87,F81128,Paracet_Tab 500mg,0407010H0AAAMAM,87,10.439999999999998
86,F81128,Paracet_Tab 500mg,0407010H0AAAMAM,87,10.439999999999998
88,F81209,Paracet_Tab 500mg,0407010H0AAAMAM,1,10.059999999999999
89,F81209,Paracet_Tab 500mg,0407010H0AAAMAM,1,10.059999999999999
90,F81046,Paracet_Tab 500mg,0407010H0AAAMAM,20,10.000000000000009
91,F81046,Paracet_Tab 500mg,0407010H0AAAMAM,20,10.000000000000009
93,F81209,Paracet_Tab 500mg,0407010H0AAAMAM,15,6.450000000000003
92,F81209,Paracet_Tab 500mg,0407010H0AAAMAM,15,6.450000000000003
95,F81164,Paracet_Tab 500mg,0407010H0AAAMAM,5,5.656000000000001
94,F81164,Paracet_Tab 500mg,0407010H0AAAMAM,5,5.656000000000001
96,Y02707,Paracet_Tab 500mg,0407010H0AAAMAM,39,4.290000000000001
97,Y02707,Paracet_Tab 500mg,0407010H0AAAMAM,39,4.290000000000001
98,F81744,Paracet_Tab 500mg,0407010H0AAAMAM,1,3.6959999999999997
99,F81744,Paracet_Tab 500mg,0407010H0AAAMAM,1,3.6959999999999997
100,F81164,Paracet_Tab 500mg,0407010H0AAAMAM,66,3.300000000000003
101,F81164,Paracet_Tab 500mg,0407010H0AAAMAM,66,3.300000000000003
103,F81656,Paracet_Tab 500mg,0407010H0AAAMAM,15,2.2500000000000018
102,F81656,Paracet_Tab 500mg,0407010H0AAAMAM,15,2.2500000000000018
104,F81696,Paracet_Tab 500mg,0407010H0AAAMAM,8,1.5200000000000018
105,F81696,Paracet_Tab 500mg,0407010H0AAAMAM,8,1.5200000000000018
106,F81003,Paracet_Tab 500mg,0407010H0AAAMAM,23,1.3799999999999997
107,F81003,Paracet_Tab 500mg,0407010H0AAAMAM,23,1.3799999999999997
109,F81046,Paracet_Tab 500mg,0407010H0AAAMAM,1,1.1600000000000001
108,F81046,Paracet_Tab 500mg,0407010H0AAAMAM,1,1.1600000000000001
110,F81684,Paracet_Tab 500mg,0407010H0AAAMAM,12,0.11999999999999927
111,F81684,Paracet_Tab 500mg,0407010H0AAAMAM,12,0.11999999999999927
60,F81656,Atorvastatin_Tab 20mg,0212000B0AAABAB,29,0.08120000000000233
9,F81112,Pregabalin_Cap 50mg,0408010AEAAABAB,14,0.07840000000000225
8,F81081,Pregabalin_Cap 50mg,0408010AEAAABAB,14,0.07840000000000225
217,F81128,Pregabalin_Cap 150mg,0408010AEAAAEAE,10,0.056000000000001604
10,Y02177,Pregabalin_Cap 50mg,0408010AEAAABAB,9,0.050400000000001444
289,F81144,Memantine HCl_Tab 10mg,0411000G0AAAAAA,12,0.050400000000001444
11,F81147,Pregabalin_Cap 50mg,0408010AEAAABAB,8,0.04480000000000128
112,F81046,Paracet_Tab 500mg,0407010H0AAAMAM,1,0.04479999999999995
113,F81046,Paracet_Tab 500mg,0407010H0AAAMAM,1,0.04479999999999995
218,F81613,Pregabalin_Cap 150mg,0408010AEAAAEAE,7,0.03920000000000112
12,F81092,Pregabalin_Cap 50mg,0408010AEAAABAB,7,0.03920000000000112
13,F81159,Pregabalin_Cap 50mg,0408010AEAAABAB,6,0.03360000000000096
14,F81097,Pregabalin_Cap 50mg,0408010AEAAABAB,8,0.03359999999999941
253,Y02707,Pregabalin_Cap 200mg,0408010AEAAAFAF,11,0.030799999999998745
290,F81164,Memantine HCl_Tab 10mg,0411000G0AAAAAA,7,0.029400000000000162
114,F81613,Paracet_Tab 500mg,0407010H0AAAMAM,7,0.029399999999999822
115,F81613,Paracet_Tab 500mg,0407010H0AAAMAM,7,0.029399999999999822
16,F81086,Pregabalin_Cap 50mg,0408010AEAAABAB,5,0.028000000000000802
219,F81164,Pregabalin_Cap 150mg,0408010AEAAAEAE,5,0.028000000000000802
15,F81128,Pregabalin_Cap 50mg,0408010AEAAABAB,5,0.028000000000000802
204,F81159,Pregabalin_Cap 300mg,0408010AEAAAGAG,5,0.02449999999999973
221,F81613,Pregabalin_Cap 150mg,0408010AEAAAEAE,8,0.02240000000000064
220,F81159,Pregabalin_Cap 150mg,0408010AEAAAEAE,8,0.02240000000000064
17,F81613,Pregabalin_Cap 50mg,0408010AEAAABAB,4,0.02240000000000064
291,F81097,Memantine HCl_Tab 10mg,0411000G0AAAAAA,5,0.0210000000000006
205,F81097,Pregabalin_Cap 300mg,0408010AEAAAGAG,5,0.020000000000000018
223,F81121,Pregabalin_Cap 150mg,0408010AEAAAEAE,7,0.01960000000000056
222,F81128,Pregabalin_Cap 150mg,0408010AEAAAEAE,7,0.01960000000000056
206,F81128,Pregabalin_Cap 300mg,0408010AEAAAGAG,4,0.019599999999999784
117,Y02707,Paracet_Tab 500mg,0407010H0AAAMAM,3,0.01799999999999989
118,F81081,Paracet_Tab 500mg,0407010H0AAAMAM,3,0.01799999999999989
119,F81613,Paracet_Tab 500mg,0407010H0AAAMAM,3,0.01799999999999989
116,F81613,Paracet_Tab 500mg,0407010H0AAAMAM,3,0.01799999999999989
120,Y02707,Paracet_Tab 500mg,0407010H0AAAMAM,3,0.01799999999999989
121,F81081,Paracet_Tab 500mg,0407010H0AAAMAM,3,0.01799999999999989
227,F81656,Pregabalin_Cap 150mg,0408010AEAAAEAE,4,0.01680000000000048
226,F81159,Pregabalin_Cap 150mg,0408010AEAAAEAE,3,0.01680000000000048
224,F81622,Pregabalin_Cap 150mg,0408010AEAAAEAE,3,0.01680000000000048
225,F81144,Pregabalin_Cap 150mg,0408010AEAAAEAE,3,0.01680000000000048
292,F81081,Memantine HCl_Tab 10mg,0411000G0AAAAAA,4,0.016800000000000093
18,F81112,Pregabalin_Cap 50mg,0408010AEAAABAB,4,0.016799999999999704
19,F81121,Pregabalin_Cap 50mg,0408010AEAAABAB,4,0.016799999999999704
20,F81649,Pregabalin_Cap 50mg,0408010AEAAABAB,4,0.016799999999999704
21,F81164,Pregabalin_Cap 50mg,0408010AEAAABAB,4,0.016799999999999704
207,F81164,Pregabalin_Cap 300mg,0408010AEAAAGAG,3,0.014699999999999838
228,F81164,Pregabalin_Cap 150mg,0408010AEAAAEAE,5,0.014000000000000401
229,F81086,Pregabalin_Cap 150mg,0408010AEAAAEAE,5,0.014000000000000401
230,F81144,Pregabalin_Cap 150mg,0408010AEAAAEAE,5,0.014000000000000401
22,F81200,Pregabalin_Cap 50mg,0408010AEAAABAB,1,0.014000000000000401
293,F81128,Memantine HCl_Tab 10mg,0411000G0AAAAAA,3,0.012600000000000361
294,F81147,Memantine HCl_Tab 10mg,0411000G0AAAAAA,3,0.012600000000000361
295,F81128,Memantine HCl_Tab 10mg,0411000G0AAAAAA,3,0.01260000000000007
123,F81147,Paracet_Tab 500mg,0407010H0AAAMAM,2,0.011999999999999927
122,F81622,Paracet_Tab 500mg,0407010H0AAAMAM,2,0.011999999999999927
126,F81121,Paracet_Tab 500mg,0407010H0AAAMAM,2,0.011999999999999927
124,F81086,Paracet_Tab 500mg,0407010H0AAAMAM,2,0.011999999999999927
125,F81622,Paracet_Tab 500mg,0407010H0AAAMAM,2,0.011999999999999927
131,F81622,Paracet_Tab 500mg,0407010H0AAAMAM,1,0.011999999999999927
129,F81086,Paracet_Tab 500mg,0407010H0AAAMAM,2,0.011999999999999927
128,F81622,Paracet_Tab 500mg,0407010H0AAAMAM,1,0.011999999999999927
127,F81147,Paracet_Tab 500mg,0407010H0AAAMAM,2,0.011999999999999927
130,F81121,Paracet_Tab 500mg,0407010H0AAAMAM,2,0.011999999999999927
26,F81696,Pregabalin_Cap 50mg,0408010AEAAABAB,2,0.01120000000000032
27,F81684,Pregabalin_Cap 50mg,0408010AEAAABAB,2,0.01120000000000032
233,F81097,Pregabalin_Cap 150mg,0408010AEAAAEAE,4,0.01120000000000032
25,F81046,Pregabalin_Cap 50mg,0408010AEAAABAB,2,0.01120000000000032
24,F81200,Pregabalin_Cap 50mg,0408010AEAAABAB,2,0.01120000000000032
23,F81622,Pregabalin_Cap 50mg,0408010AEAAABAB,2,0.01120000000000032
235,F81207,Pregabalin_Cap 150mg,0408010AEAAAEAE,2,0.01120000000000032
236,F81086,Pregabalin_Cap 150mg,0408010AEAAAEAE,2,0.01120000000000032
237,F81200,Pregabalin_Cap 150mg,0408010AEAAAEAE,2,0.01120000000000032
234,F81200,Pregabalin_Cap 150mg,0408010AEAAAEAE,4,0.01120000000000032
231,F81081,Pregabalin_Cap 150mg,0408010AEAAAEAE,2,0.01120000000000032
232,Y02707,Pregabalin_Cap 150mg,0408010AEAAAEAE,4,0.01120000000000032
238,F81207,Pregabalin_Cap 150mg,0408010AEAAAEAE,4,0.01120000000000032
133,F81164,Paracet_Tab 500mg,0407010H0AAAMAM,4,0.011199999999999932
132,F81164,Paracet_Tab 500mg,0407010H0AAAMAM,4,0.011199999999999932
255,F81207,Pregabalin_Cap 200mg,0408010AEAAAFAF,4,0.011199999999999544
254,F81649,Pregabalin_Cap 200mg,0408010AEAAAFAF,4,0.011199999999999544
239,F81147,Pregabalin_Cap 150mg,0408010AEAAAEAE,3,0.00840000000000024
296,F81164,Memantine HCl_Tab 10mg,0411000G0AAAAAA,2,0.00840000000000024
299,F81649,Memantine HCl_Tab 10mg,0411000G0AAAAAA,2,0.008400000000000046
298,Y02707,Memantine HCl_Tab 10mg,0411000G0AAAAAA,2,0.008400000000000046
297,F81147,Memantine HCl_Tab 10mg,0411000G0AAAAAA,2,0.008400000000000046
29,F81159,Pregabalin_Cap 50mg,0408010AEAAABAB,2,0.008399999999999852
28,F81207,Pregabalin_Cap 50mg,0408010AEAAABAB,2,0.008399999999999852
240,F81159,Pregabalin_Cap 150mg,0408010AEAAAEAE,5,0.0070000000000002005
61,F81097,Atorvastatin_Tab 20mg,0212000B0AAABAB,1,0.006000000000000172
62,F81046,Atorvastatin_Tab 20mg,0212000B0AAABAB,1,0.006000000000000172
63,F81613,Atorvastatin_Tab 20mg,0212000B0AAABAB,1,0.006000000000000172
64,F81724,Atorvastatin_Tab 20mg,0212000B0AAABAB,1,0.006000000000000172
137,F81209,Paracet_Tab 500mg,0407010H0AAAMAM,1,0.005999999999999964
136,F81092,Paracet_Tab 500mg,0407010H0AAAMAM,1,0.005999999999999964
150,F81649,Paracet_Tab 500mg,0407010H0AAAMAM,1,0.005999999999999964
151,F81209,Paracet_Tab 500mg,0407010H0AAAMAM,2,0.005999999999999964
153,F81696,Paracet_Tab 500mg,0407010H0AAAMAM,1,0.005999999999999964
145,F81209,Paracet_Tab 500mg,0407010H0AAAMAM,1,0.005999999999999964
146,F81003,Paracet_Tab 500mg,0407010H0AAAMAM,1,0.005999999999999964
147,F81092,Paracet_Tab 500mg,0407010H0AAAMAM,1,0.005999999999999964
148,F81176,Paracet_Tab 500mg,0407010H0AAAMAM,1,0.005999999999999964
142,F81097,Paracet_Tab 500mg,0407010H0AAAMAM,1,0.005999999999999964
141,F81003,Paracet_Tab 500mg,0407010H0AAAMAM,1,0.005999999999999964
140,F81209,Paracet_Tab 500mg,0407010H0AAAMAM,2,0.005999999999999964
149,F81696,Paracet_Tab 500mg,0407010H0AAAMAM,1,0.005999999999999964
135,F81200,Paracet_Tab 500mg,0407010H0AAAMAM,2,0.005999999999999964
143,F81097,Paracet_Tab 500mg,0407010H0AAAMAM,1,0.005999999999999964
152,F81176,Paracet_Tab 500mg,0407010H0AAAMAM,1,0.005999999999999964
144,F81649,Paracet_Tab 500mg,0407010H0AAAMAM,1,0.005999999999999964
134,F81200,Paracet_Tab 500mg,0407010H0AAAMAM,2,0.005999999999999964
139,F81112,Paracet_Tab 500mg,0407010H0AAAMAM,1,0.005999999999999964
138,F81112,Paracet_Tab 500mg,0407010H0AAAMAM,1,0.005999999999999964
30,F81207,Pregabalin_Cap 50mg,0408010AEAAABAB,1,0.00560000000000016
241,F81684,Pregabalin_Cap 150mg,0408010AEAAAEAE,2,0.00560000000000016
245,F81684,Pregabalin_Cap 150mg,0408010AEAAAEAE,1,0.00560000000000016
32,F81121,Pregabalin_Cap 50mg,0408010AEAAABAB,1,0.00560000000000016
33,Y03831,Pregabalin_Cap 50mg,0408010AEAAABAB,1,0.00560000000000016
31,F81003,Pregabalin_Cap 50mg,0408010AEAAABAB,1,0.00560000000000016
244,Y02707,Pregabalin_Cap 150mg,0408010AEAAAEAE,1,0.00560000000000016
243,F81097,Pregabalin_Cap 150mg,0408010AEAAAEAE,1,0.00560000000000016
242,F81147,Pregabalin_Cap 150mg,0408010AEAAAEAE,1,0.00560000000000016
256,F81159,Pregabalin_Cap 200mg,0408010AEAAAFAF,2,0.005599999999999772
304,F81003,Memantine HCl_Tab 10mg,0411000G0AAAAAA,1,0.00420000000000012
300,F81112,Memantine HCl_Tab 10mg,0411000G0AAAAAA,1,0.00420000000000012
301,F81656,Memantine HCl_Tab 10mg,0411000G0AAAAAA,1,0.00420000000000012
302,F81684,Memantine HCl_Tab 10mg,0411000G0AAAAAA,1,0.00420000000000012
303,F81159,Memantine HCl_Tab 10mg,0411000G0AAAAAA,1,0.00420000000000012
310,F81159,Memantine HCl_Tab 10mg,0411000G0AAAAAA,1,0.004200000000000023
307,F81209,Memantine HCl_Tab 10mg,0411000G0AAAAAA,1,0.004200000000000023
305,F81003,Memantine HCl_Tab 10mg,0411000G0AAAAAA,1,0.004200000000000023
306,F81112,Memantine HCl_Tab 10mg,0411000G0AAAAAA,1,0.004200000000000023
308,F81744,Memantine HCl_Tab 10mg,0411000G0AAAAAA,1,0.004200000000000023
309,F81144,Memantine HCl_Tab 10mg,0411000G0AAAAAA,1,0.004200000000000023
273,F81207,Aripiprazole_Tab 15mg,0402010ADAAABAB,1,0.004199999999999926
272,Y02177,Aripiprazole_Tab 15mg,0402010ADAAABAB,1,0.004199999999999926
159,F81086,Paracet_Tab 500mg,0407010H0AAAMAM,1,0.002999999999999982
157,F81121,Paracet_Tab 500mg,0407010H0AAAMAM,1,0.002999999999999982
161,F81086,Paracet_Tab 500mg,0407010H0AAAMAM,1,0.002999999999999982
163,F81649,Paracet_Tab 500mg,0407010H0AAAMAM,1,0.002999999999999982
154,F81649,Paracet_Tab 500mg,0407010H0AAAMAM,1,0.002999999999999982
155,F81144,Paracet_Tab 500mg,0407010H0AAAMAM,1,0.002999999999999982
156,F81159,Paracet_Tab 500mg,0407010H0AAAMAM,1,0.002999999999999982
162,F81121,Paracet_Tab 500mg,0407010H0AAAMAM,1,0.002999999999999982
158,F81159,Paracet_Tab 500mg,0407010H0AAAMAM,1,0.002999999999999982
160,F81144,Paracet_Tab 500mg,0407010H0AAAMAM,1,0.002999999999999982
164,F81688,Paracet_Tab 500mg,0407010H0AAAMAM,1,0.002799999999999983
168,F81159,Paracet_Tab 500mg,0407010H0AAAMAM,1,0.002799999999999983
165,F81688,Paracet_Tab 500mg,0407010H0AAAMAM,1,0.002799999999999983
166,F81081,Paracet_Tab 500mg,0407010H0AAAMAM,1,0.002799999999999983
169,F81081,Paracet_Tab 500mg,0407010H0AAAMAM,1,0.002799999999999983
167,F81159,Paracet_Tab 500mg,0407010H0AAAMAM,1,0.002799999999999983
257,F81613,Pregabalin_Cap 200mg,0408010AEAAAFAF,1,0.002799999999999886
246,F81003,Pregabalin_Cap 150mg,0408010AEAAAEAE,1,0.00140000000000004
170,F81147,Paracet_Tab 500mg,0407010H0AAAMAM,1,0.0013999999999999915
171,F81147,Paracet_Tab 500mg,0407010H0AAAMAM,1,0.0013999999999999915
65,Y02707,Atorvastatin_Tab 20mg,0212000B0AAABAB,1,-0.0007999999999999674
208,F81164,Pregabalin_Cap 300mg,0408010AEAAAGAG,1,-0.0014000000000000123
34,F81112,Pregabalin_Cap 50mg,0408010AEAAABAB,1,-0.002799999999999983
265,Y02177,Pregabalin_Cap 200mg,0408010AEAAAFAF,1,-0.00280000000000008
264,F81744,Pregabalin_Cap 200mg,0408010AEAAAFAF,1,-0.00280000000000008
263,F81684,Pregabalin_Cap 200mg,0408010AEAAAFAF,1,-0.00280000000000008
36,F81696,Pregabalin_Cap 50mg,0408010AEAAABAB,1,-0.00280000000000008
261,Y02707,Pregabalin_Cap 200mg,0408010AEAAAFAF,1,-0.00280000000000008
260,F81200,Pregabalin_Cap 200mg,0408010AEAAAFAF,1,-0.00280000000000008
259,F81649,Pregabalin_Cap 200mg,0408010AEAAAFAF,1,-0.00280000000000008
258,F81613,Pregabalin_Cap 200mg,0408010AEAAAFAF,1,-0.00280000000000008
38,Y02177,Pregabalin_Cap 50mg,0408010AEAAABAB,1,-0.00280000000000008
262,F81147,Pregabalin_Cap 200mg,0408010AEAAAFAF,1,-0.00280000000000008
37,F81164,Pregabalin_Cap 50mg,0408010AEAAABAB,1,-0.00280000000000008
35,F81046,Pregabalin_Cap 50mg,0408010AEAAABAB,1,-0.00280000000000008
68,F81649,Atorvastatin_Tab 20mg,0212000B0AAABAB,1,-0.0029999999999998778
67,Y02177,Atorvastatin_Tab 20mg,0212000B0AAABAB,1,-0.0029999999999998778
66,F81046,Atorvastatin_Tab 20mg,0212000B0AAABAB,1,-0.0029999999999998778
247,F81613,Pregabalin_Cap 150mg,0408010AEAAAEAE,1,-0.0041999999999995374
311,F81147,Memantine HCl_Tab 10mg,0411000G0AAAAAA,1,-0.004399999999999973
173,F81164,Paracet_Tab 500mg,0407010H0AAAMAM,1,-0.004799999999999999
172,F81164,Paracet_Tab 500mg,0407010H0AAAMAM,1,-0.004799999999999999
179,F81128,Paracet_Tab 500mg,0407010H0AAAMAM,1,-0.005599999999999966
175,F81046,Paracet_Tab 500mg,0407010H0AAAMAM,1,-0.005599999999999966
176,F81622,Paracet_Tab 500mg,0407010H0AAAMAM,1,-0.005599999999999966
177,F81046,Paracet_Tab 500mg,0407010H0AAAMAM,1,-0.005599999999999966
178,F81128,Paracet_Tab 500mg,0407010H0AAAMAM,1,-0.005599999999999966
174,F81622,Paracet_Tab 500mg,0407010H0AAAMAM,1,-0.005599999999999966
41,F81656,Pregabalin_Cap 50mg,0408010AEAAABAB,2,-0.00560000000000016
274,F81097,Aripiprazole_Tab 15mg,0402010ADAAABAB,2,-0.00560000000000016
39,F81128,Pregabalin_Cap 50mg,0408010AEAAABAB,2,-0.00560000000000016
40,F81121,Pregabalin_Cap 50mg,0408010AEAAABAB,2,-0.00560000000000016
266,F81159,Pregabalin_Cap 200mg,0408010AEAAAFAF,2,-0.00560000000000016
42,F81112,Pregabalin_Cap 50mg,0408010AEAAABAB,2,-0.00560000000000016
69,Y02707,Atorvastatin_Tab 20mg,0212000B0AAABAB,2,-0.0059999999999997555
267,F81688,Pregabalin_Cap 200mg,0408010AEAAAFAF,2,-0.00800000000000023
312,F81649,Memantine HCl_Tab 10mg,0411000G0AAAAAA,3,-0.00839999999999995
45,F81144,Pregabalin_Cap 50mg,0408010AEAAABAB,3,-0.00840000000000024
44,F81097,Pregabalin_Cap 50mg,0408010AEAAABAB,3,-0.00840000000000024
275,F81649,Aripiprazole_Tab 15mg,0402010ADAAABAB,3,-0.00840000000000024
276,F81207,Aripiprazole_Tab 15mg,0402010ADAAABAB,3,-0.00840000000000024
43,F81223,Pregabalin_Cap 50mg,0408010AEAAABAB,3,-0.00840000000000024
268,F81164,Pregabalin_Cap 200mg,0408010AEAAAFAF,3,-0.01050000000000001
180,F81159,Paracet_Tab 500mg,0407010H0AAAMAM,2,-0.011199999999999932
181,F81649,Paracet_Tab 500mg,0407010H0AAAMAM,2,-0.011199999999999932
182,F81649,Paracet_Tab 500mg,0407010H0AAAMAM,2,-0.011199999999999932
183,F81159,Paracet_Tab 500mg,0407010H0AAAMAM,2,-0.011199999999999932
46,F81613,Pregabalin_Cap 50mg,0408010AEAAABAB,4,-0.011199999999999932
313,F81613,Memantine HCl_Tab 10mg,0411000G0AAAAAA,4,-0.011199999999999932
314,F81121,Memantine HCl_Tab 10mg,0411000G0AAAAAA,4,-0.011199999999999932
315,F81144,Memantine HCl_Tab 10mg,0411000G0AAAAAA,4,-0.011199999999999932
278,F81147,Aripiprazole_Tab 15mg,0402010ADAAABAB,4,-0.01120000000000032
47,F81081,Pregabalin_Cap 50mg,0408010AEAAABAB,4,-0.01120000000000032
279,F81684,Aripiprazole_Tab 15mg,0402010ADAAABAB,4,-0.01120000000000032
277,F81656,Aripiprazole_Tab 15mg,0402010ADAAABAB,4,-0.01120000000000032
248,F81147,Pregabalin_Cap 150mg,0408010AEAAAEAE,3,-0.012599999999998612
209,F81147,Pregabalin_Cap 300mg,0408010AEAAAGAG,5,-0.014000000000000123
280,F81081,Aripiprazole_Tab 15mg,0402010ADAAABAB,5,-0.014000000000000401
187,F81223,Paracet_Tab 500mg,0407010H0AAAMAM,3,-0.0167999999999999
186,F81223,Paracet_Tab 500mg,0407010H0AAAMAM,3,-0.0167999999999999
185,Y02707,Paracet_Tab 500mg,0407010H0AAAMAM,3,-0.0167999999999999
184,Y02707,Paracet_Tab 500mg,0407010H0AAAMAM,3,-0.0167999999999999
210,F81097,Pregabalin_Cap 300mg,0408010AEAAAGAG,4,-0.016800000000000148
281,Y02177,Aripiprazole_Tab 15mg,0402010ADAAABAB,6,-0.01680000000000048
316,F81613,Memantine HCl_Tab 10mg,0411000G0AAAAAA,4,-0.017599999999999894
211,F81046,Pregabalin_Cap 300mg,0408010AEAAAGAG,28,-0.019600000000000173
188,F81164,Paracet_Tab 500mg,0407010H0AAAMAM,4,-0.022399999999999864
189,F81164,Paracet_Tab 500mg,0407010H0AAAMAM,4,-0.022399999999999864
317,F81128,Memantine HCl_Tab 10mg,0411000G0AAAAAA,2,-0.024000000000000687
190,F81097,Paracet_Tab 500mg,0407010H0AAAMAM,5,-0.02799999999999983
191,F81097,Paracet_Tab 500mg,0407010H0AAAMAM,5,-0.02799999999999983
212,F81147,Pregabalin_Cap 300mg,0408010AEAAAGAG,20,-0.028000000000000247
213,F81081,Pregabalin_Cap 300mg,0408010AEAAAGAG,27,-0.03780000000000033
249,F81046,Pregabalin_Cap 150mg,0408010AEAAAEAE,28,-0.07559999999999983
192,F81121,Paracet_Tab 500mg,0407010H0AAAMAM,14,-0.07839999999999953
193,F81121,Paracet_Tab 500mg,0407010H0AAAMAM,14,-0.07839999999999953
194,F81144,Paracet_Tab 500mg,0407010H0AAAMAM,15,-0.08399999999999949
195,F81144,Paracet_Tab 500mg,0407010H0AAAMAM,15,-0.08399999999999949
196,F81613,Paracet_Tab 500mg,0407010H0AAAMAM,16,-0.08959999999999946
197,F81613,Paracet_Tab 500mg,0407010H0AAAMAM,16,-0.08959999999999946
318,F81147,Memantine HCl_Tab 10mg,0411000G0AAAAAA,11,-0.3080000000000003
198,F81128,Paracet_Tab 500mg,0407010H0AAAMAM,35,-1.5679999999999905
199,F81128,Paracet_Tab 500mg,0407010H0AAAMAM,35,-1.5679999999999905
