,practice_code,bnf_description,bnf_code,items,excess_cost
0,A85001,Bumetanide_Tab 1mg,0202020D0AAAEAE,4,-0.008799999999999947
1,A85001,Clonazepam_Tab 500mcg,0408010F0AAABAB,5,3.2091999999999934
2,A85001,Nortriptyline_Tab 10mg,0403010V0AAADAD,3,0.003600000000001269
3,A85001,Paracet_Tab 500mg,0407010H0AAAMAM,284,-1.3775999999999915
4,A85002,Clonazepam_Tab 500mcg,0408010F0AAABAB,19,2.8613999999999953
5,A85002,Nortriptyline_Tab 10mg,0403010V0AAADAD,12,0.03360000000000096
6,A85002,Paracet_Tab 500mg,0407010H0AAAMAM,150,-0.5035999999999969
7,A85003,Bumetanide_Tab 1mg,0202020D0AAAEAE,6,0.02580000000000003
8,A85003,Clonazepam_Tab 500mcg,0408010F0AAABAB,21,6.248899999999987
9,A85003,Nortriptyline_Tab 10mg,0403010V0AAADAD,5,-0.025399999999998757
10,A85003,Paracet_Tab 500mg,0407010H0AAAMAM,248,-0.9075999999999945
11,A85004,Atorvastatin_Tab 40mg,0212000B0AAACAC,12,-0.03919999999999996
12,A85004,Bumetanide_Tab 1mg,0202020D0AAAEAE,8,0.02400000000000009
13,A85004,Clonazepam_Tab 500mcg,0408010F0AAABAB,20,9.85359999999998
14,A85004,Montelukast_Tab 10mg,0303020G0AAABAB,12,-0.0008000000000000229
15,A85004,Nortriptyline_Tab 10mg,0403010V0AAADAD,3,-0.008399999999999463
16,A85004,Paracet_Tab 500mg,0407010H0AAAMAM,188,0.6183999999999978
17,A85005,Atorvastatin_Tab 20mg,0212000B0AAABAB,1,0.0030000000000000165
18,A85005,Atorvastatin_Tab 40mg,0212000B0AAACAC,4,0.00020000000000018614
19,A85005,Clonazepam_Tab 500mcg,0408010F0AAABAB,22,8.783899999999981
20,A85005,Nortriptyline_Tab 10mg,0403010V0AAADAD,5,-0.013999999999998847
21,A85005,Paracet_Tab 500mg,0407010H0AAAMAM,762,-3.2511999999999803
22,A85005,Risperidone_Tab 6mg,040201030AAAFAF,3,21.924
23,A85006,Atorvastatin_Tab 20mg,0212000B0AAABAB,1,-0.0013999999999999985
24,A85006,Clonazepam_Tab 500mcg,0408010F0AAABAB,19,4.50869999999999
25,A85006,Nortriptyline_Tab 10mg,0403010V0AAADAD,4,0.01120000000000032
26,A85006,Paracet_Tab 500mg,0407010H0AAAMAM,486,-1.9151999999999885
27,A85007,Atorvastatin_Tab 20mg,0212000B0AAABAB,101,1.1312000000000324
28,A85007,Clonazepam_Tab 500mcg,0408010F0AAABAB,17,2.563799999999995
29,A85007,Nortriptyline_Tab 10mg,0403010V0AAADAD,1,-0.0029999999999996696
30,A85007,Paracet_Tab 500mg,0407010H0AAAMAM,304,-1.3303999999999918
31,A85008,Atorvastatin_Tab 20mg,0212000B0AAABAB,3,-0.0009999999999996817
32,A85008,Clonazepam_Tab 500mcg,0408010F0AAABAB,28,8.757599999999982
33,A85008,Nortriptyline_Tab 10mg,0403010V0AAADAD,15,-0.018399999999997974
34,A85008,Paracet_Tab 500mg,0407010H0AAAMAM,1160,-4.815199999999971
35,A85009,Atorvastatin_Tab 40mg,0212000B0AAACAC,2,0.004600000000000173
36,A85009,Clonazepam_Tab 500mcg,0408010F0AAABAB,16,5.8985999999999885
37,A85009,Paracet_Tab 500mg,0407010H0AAAMAM,292,-1.1359999999999932
38,A85010,Atorvastatin_Tab 20mg,0212000B0AAABAB,4,-0.0045999999999997675
39,A85010,Bumetanide_Tab 1mg,0202020D0AAAEAE,4,-0.011199999999999988
40,A85010,Clonazepam_Tab 500mcg,0408010F0AAABAB,27,9.61629999999998
41,A85010,Nortriptyline_Tab 10mg,0403010V0AAADAD,4,-0.02279999999999749
42,A85010,Paracet_Tab 500mg,0407010H0AAAMAM,314,-1.161999999999993
43,A85011,Atorvastatin_Tab 20mg,0212000B0AAABAB,4,-0.004599999999999618
44,A85011,Atorvastatin_Tab 40mg,0212000B0AAACAC,1,-0.0007999999999999674
45,A85011,Bumetanide_Tab 1mg,0202020D0AAAEAE,4,-0.008799999999999947
46,A85011,Clonazepam_Tab 500mcg,0408010F0AAABAB,18,3.875899999999992
47,A85011,Nortriptyline_Tab 10mg,0403010V0AAADAD,7,-0.005599999999999772
48,A85011,Paracet_Tab 500mg,0407010H0AAAMAM,778,-3.6835999999999776
49,A85012,Clonazepam_Tab 500mcg,0408010F0AAABAB,12,5.378799999999989
50,A85012,Nortriptyline_Tab 10mg,0403010V0AAADAD,4,-0.019799999999998985
51,A85012,Paracet_Tab 500mg,0407010H0AAAMAM,388,-2.107999999999987
52,A85013,Clonazepam_Tab 500mcg,0408010F0AAABAB,6,1.1073999999999977
53,A85013,Nortriptyline_Tab 10mg,0403010V0AAADAD,5,-0.0117999999999987
54,A85013,Paracet_Tab 500mg,0407010H0AAAMAM,18,-0.05279999999999968
55,A85014,Clonazepam_Tab 500mcg,0408010F0AAABAB,13,4.235299999999992
56,A85014,Paracet_Tab 500mg,0407010H0AAAMAM,298,-1.2567999999999924
57,A85016,Clonazepam_Tab 500mcg,0408010F0AAABAB,20,5.12759999999999
58,A85016,Nortriptyline_Tab 10mg,0403010V0AAADAD,15,-0.016599999999996173
59,A85016,Paracet_Tab 500mg,0407010H0AAAMAM,1254,6.478799999999961
60,A85017,Atorvastatin_Tab 20mg,0212000B0AAABAB,1,0.0020000000000000573
61,A85017,Clonazepam_Tab 500mcg,0408010F0AAABAB,8,1.2655999999999974
62,A85017,Nortriptyline_Tab 10mg,0403010V0AAADAD,5,-0.016999999999999682
63,A85017,Paracet_Tab 500mg,0407010H0AAAMAM,316,-1.3663999999999916
64,A85018,Clonazepam_Tab 500mcg,0408010F0AAABAB,5,0.474599999999999
65,A85018,Paracet_Tab 500mg,0407010H0AAAMAM,296,-1.1775999999999929
66,A85019,Bumetanide_Tab 1mg,0202020D0AAAEAE,1,-0.0031999999999998696
67,A85019,Clonazepam_Tab 500mcg,0408010F0AAABAB,11,4.904199999999991
68,A85019,Nortriptyline_Tab 10mg,0403010V0AAADAD,4,-0.01639999999999775
69,A85019,Paracet_Tab 500mg,0407010H0AAAMAM,70,0.28719999999999823
70,A85020,Atorvastatin_Tab 20mg,0212000B0AAABAB,7,0.0420000000000012
71,A85020,Clonazepam_Tab 500mcg,0408010F0AAABAB,17,4.587799999999991
72,A85020,Mesalazine_Tab E/C 400mg,0105010B0AAAAAA,2,-47.913599999999995
73,A85020,Paracet_Tab 500mg,0407010H0AAAMAM,90,0.3115999999999982
74,A85021,Atorvastatin_Tab 40mg,0212000B0AAACAC,1,-0.0013999999999999985
75,A85021,Clonazepam_Tab 500mcg,0408010F0AAABAB,4,0.6327999999999987
76,A85021,Mesalazine_Tab E/C 400mg,0105010B0AAAAAA,1,47.913599999999995
77,A85021,Paracet_Tab 500mg,0407010H0AAAMAM,46,-0.2559999999999985
78,A85021,Phenytoin_Sod Tab 100mg,0408010Q0AAAGAG,1,17.2928
79,A85023,Atorvastatin_Tab 20mg,0212000B0AAABAB,2,-0.002799999999999997
80,A85023,Clonazepam_Tab 500mcg,0408010F0AAABAB,12,1.7148999999999968
81,A85023,Nortriptyline_Tab 10mg,0403010V0AAADAD,4,-0.015599999999998282
82,A85023,Paracet_Tab 500mg,0407010H0AAAMAM,188,-0.797599999999995
83,A85024,Clonazepam_Tab 500mcg,0408010F0AAABAB,17,2.8475999999999946
84,A85024,Nortriptyline_Tab 10mg,0403010V0AAADAD,1,-0.0029999999999996696
85,A85024,Paracet_Tab 500mg,0407010H0AAAMAM,88,-0.328799999999998
86,A85026,Atorvastatin_Tab 20mg,0212000B0AAABAB,2,-0.0059999999999997555
87,A85026,Clonazepam_Tab 500mcg,0408010F0AAABAB,7,2.553799999999995
88,A85026,Paracet_Tab 500mg,0407010H0AAAMAM,196,-0.8455999999999949
89,A85609,Clonazepam_Tab 500mcg,0408010F0AAABAB,3,0.949199999999998
90,A85611,Clonazepam_Tab 500mcg,0408010F0AAABAB,5,1.943599999999996
91,A85611,Nortriptyline_Tab 10mg,0403010V0AAADAD,1,-0.005599999999999772
92,A85611,Paracet_Tab 500mg,0407010H0AAAMAM,508,-2.084799999999987
93,A85614,Atorvastatin_Tab 40mg,0212000B0AAACAC,2,-0.0015999999999999348
94,A85614,Clonazepam_Tab 500mcg,0408010F0AAABAB,4,1.7401999999999964
95,A85614,Nortriptyline_Tab 10mg,0403010V0AAADAD,1,-0.0029999999999996696
96,A85614,Paracet_Tab 500mg,0407010H0AAAMAM,122,-0.5695999999999966
97,A85616,Atorvastatin_Tab 20mg,0212000B0AAABAB,1,0.00540000000000003
98,A85616,Clonazepam_Tab 500mcg,0408010F0AAABAB,12,1.2608999999999981
99,A85616,Nortriptyline_Tab 10mg,0403010V0AAADAD,1,-0.008399999999999075
100,A85616,Paracet_Tab 500mg,0407010H0AAAMAM,190,-0.7867999999999953
101,A85617,Clonazepam_Tab 500mcg,0408010F0AAABAB,4,2.2147999999999954
102,A85617,Nortriptyline_Tab 10mg,0403010V0AAADAD,3,-0.025199999999997225
103,A85617,Paracet_Tab 500mg,0407010H0AAAMAM,98,-0.5423999999999968
104,A85620,Clonazepam_Tab 500mcg,0408010F0AAABAB,15,1.8691999999999966
105,A85620,Nortriptyline_Tab 10mg,0403010V0AAADAD,4,-0.014000000000000012
106,A85620,Paracet_Tab 500mg,0407010H0AAAMAM,122,-0.4395999999999973
107,A86003,Atorvastatin_Tab 20mg,0212000B0AAABAB,1,-0.0013999999999999985
108,A86003,Clonazepam_Tab 500mcg,0408010F0AAABAB,26,8.034299999999984
109,A86003,Nortriptyline_Tab 10mg,0403010V0AAADAD,2,-0.005999999999999339
110,A86003,Paracet_Tab 500mg,0407010H0AAAMAM,1306,-4.59439999999997
111,A86004,Atorvastatin_Tab 20mg,0212000B0AAABAB,234,136.1836
112,A86004,Atorvastatin_Tab 40mg,0212000B0AAACAC,205,22.274500000000007
113,A86004,Bumetanide_Tab 1mg,0202020D0AAAEAE,4,-0.7763999999999998
114,A86004,Clonazepam_Tab 500mcg,0408010F0AAABAB,14,6.418399999999988
115,A86004,Montelukast_Tab 10mg,0303020G0AAABAB,28,24.3474
116,A86004,Nortriptyline_Tab 10mg,0403010V0AAADAD,2,-0.011199999999999544
117,A86004,Paracet_Tab 500mg,0407010H0AAAMAM,1280,154.98440000000014
118,A86004,Phenytoin_Sod Tab 100mg,0408010Q0AAAGAG,1,99.49799999999999
119,A86004,Risperidone_Tab 6mg,040201030AAAFAF,3,87.6288
120,A86006,Atorvastatin_Tab 40mg,0212000B0AAACAC,4,89.0176
121,A86006,Clonazepam_Tab 500mcg,0408010F0AAABAB,8,0.6327999999999987
122,A86006,Nortriptyline_Tab 10mg,0403010V0AAADAD,8,-0.03219999999999956
123,A86006,Paracet_Tab 500mg,0407010H0AAAMAM,100,6.97360000000001
124,A86007,Clonazepam_Tab 500mcg,0408010F0AAABAB,1,0.6327999999999987
125,A86007,Paracet_Tab 500mg,0407010H0AAAMAM,50,-0.17639999999999895
126,A86008,Clonazepam_Tab 500mcg,0408010F0AAABAB,18,6.9607999999999866
127,A86008,Nortriptyline_Tab 10mg,0403010V0AAADAD,1,-0.008399999999999075
128,A86008,Paracet_Tab 500mg,0407010H0AAAMAM,406,-1.5343999999999907
129,A86010,Bumetanide_Tab 1mg,0202020D0AAAEAE,8,-0.022399999999999975
130,A86010,Clonazepam_Tab 500mcg,0408010F0AAABAB,23,4.135999999999992
131,A86010,Paracet_Tab 500mg,0407010H0AAAMAM,534,-3.898999999999976
132,A86011,Atorvastatin_Tab 20mg,0212000B0AAABAB,701,234.34040000000005
133,A86011,Atorvastatin_Tab 40mg,0212000B0AAACAC,424,112.18639999999999
134,A86011,Bumetanide_Tab 1mg,0202020D0AAAEAE,3,-0.00839999999999999
135,A86011,Clonazepam_Tab 500mcg,0408010F0AAABAB,22,7.152099999999987
136,A86011,Nortriptyline_Tab 10mg,0403010V0AAADAD,11,172.2056
137,A86011,Paracet_Tab 500mg,0407010H0AAAMAM,646,41.651600000000066
138,A86012,Atorvastatin_Tab 20mg,0212000B0AAABAB,424,22.50060000000007
139,A86012,Atorvastatin_Tab 40mg,0212000B0AAACAC,1,-0.0029999999999998778
140,A86012,Bumetanide_Tab 1mg,0202020D0AAAEAE,11,0.03540000000000065
141,A86012,Clonazepam_Tab 500mcg,0408010F0AAABAB,12,3.954999999999992
142,A86012,Nortriptyline_Tab 10mg,0403010V0AAADAD,1,-0.005599999999999772
143,A86012,Paracet_Tab 500mg,0407010H0AAAMAM,250,-0.5523999999999966
144,A86013,Clonazepam_Tab 500mcg,0408010F0AAABAB,8,3.2543999999999933
145,A86013,Mesalazine_Tab E/C 400mg,0105010B0AAAAAA,4,44.49119999999999
146,A86013,Paracet_Tab 500mg,0407010H0AAAMAM,518,-1.9951999999999879
147,A86015,Atorvastatin_Tab 20mg,0212000B0AAABAB,1,0.00540000000000003
148,A86015,Clonazepam_Tab 500mcg,0408010F0AAABAB,21,5.457899999999989
149,A86015,Nortriptyline_Tab 10mg,0403010V0AAADAD,1,-0.008399999999999075
150,A86015,Paracet_Tab 500mg,0407010H0AAAMAM,238,-1.4695999999999778
151,A86017,Bumetanide_Tab 1mg,0202020D0AAAEAE,1,0.0015000000000000083
152,A86017,Clonazepam_Tab 500mcg,0408010F0AAABAB,35,10.949799999999975
153,A86017,Mesalazine_Tab E/C 400mg,0105010B0AAAAAA,1,25.667999999999996
154,A86017,Nortriptyline_Tab 10mg,0403010V0AAADAD,3,0.00840000000000024
155,A86017,Paracet_Tab 500mg,0407010H0AAAMAM,570,-2.549199999999985
156,A86017,Risperidone_Tab 6mg,040201030AAAFAF,2,58.4192
157,A86018,Clonazepam_Tab 500mcg,0408010F0AAABAB,5,4.339199999999991
158,A86018,Montelukast_Tab 10mg,0303020G0AAABAB,9,48.73679999999999
159,A86018,Nortriptyline_Tab 10mg,0403010V0AAADAD,1,-0.005599999999999772
160,A86018,Paracet_Tab 500mg,0407010H0AAAMAM,766,75.88760000000012
161,A86020,Clonazepam_Tab 500mcg,0408010F0AAABAB,2,2.4181999999999952
162,A86020,Paracet_Tab 500mg,0407010H0AAAMAM,140,46.61520000000002
163,A86021,Atorvastatin_Tab 20mg,0212000B0AAABAB,2,-0.0059999999999997555
164,A86021,Clonazepam_Tab 500mcg,0408010F0AAABAB,3,1.5819999999999967
165,A86021,Nortriptyline_Tab 10mg,0403010V0AAADAD,4,-0.013599999999998447
166,A86021,Paracet_Tab 500mg,0407010H0AAAMAM,784,-3.8629999999999765
167,A86022,Clonazepam_Tab 500mcg,0408010F0AAABAB,19,4.63299999999999
168,A86022,Mesalazine_Tab E/C 400mg,0105010B0AAAAAA,1,23.956799999999998
169,A86022,Nortriptyline_Tab 10mg,0403010V0AAADAD,1,0.006000000000000172
170,A86022,Paracet_Tab 500mg,0407010H0AAAMAM,260,-1.0695999999999937
171,A86023,Atorvastatin_Tab 20mg,0212000B0AAABAB,230,39.634600000000006
172,A86023,Clonazepam_Tab 500mcg,0408010F0AAABAB,27,8.090799999999984
173,A86023,Nortriptyline_Tab 10mg,0403010V0AAADAD,2,-0.011199999999999544
174,A86023,Paracet_Tab 500mg,0407010H0AAAMAM,1056,400.8852000000001
175,A86023,Risperidone_Tab 6mg,040201030AAAFAF,4,51.1336
176,A86024,Clonazepam_Tab 500mcg,0408010F0AAABAB,7,2.4972999999999947
177,A86024,Nortriptyline_Tab 10mg,0403010V0AAADAD,1,0.006000000000000172
178,A86024,Paracet_Tab 500mg,0407010H0AAAMAM,64,0.2099999999999987
179,A86024,Risperidone_Tab 6mg,040201030AAAFAF,4,29.232
180,A86025,Atorvastatin_Tab 40mg,0212000B0AAACAC,1,0.004400000000000015
181,A86025,Bumetanide_Tab 1mg,0202020D0AAAEAE,4,-0.005599999999999994
182,A86025,Clonazepam_Tab 500mcg,0408010F0AAABAB,17,5.695199999999989
183,A86025,Nortriptyline_Tab 10mg,0403010V0AAADAD,2,-0.002399999999998903
184,A86025,Paracet_Tab 500mg,0407010H0AAAMAM,1030,-4.049999999999976
185,A86026,Bumetanide_Tab 1mg,0202020D0AAAEAE,18,124.4838
186,A86026,Clonazepam_Tab 500mcg,0408010F0AAABAB,10,5.875999999999988
187,A86026,Nortriptyline_Tab 10mg,0403010V0AAADAD,1,-0.0029999999999996696
188,A86026,Paracet_Tab 500mg,0407010H0AAAMAM,280,50.76080000000007
189,A86027,Nortriptyline_Tab 10mg,0403010V0AAADAD,2,-0.002399999999998903
190,A86027,Paracet_Tab 500mg,0407010H0AAAMAM,18,-0.10079999999999939
191,A86028,Clonazepam_Tab 500mcg,0408010F0AAABAB,6,2.2147999999999954
192,A86028,Mesalazine_Tab E/C 400mg,0105010B0AAAAAA,1,23.956799999999998
193,A86028,Nortriptyline_Tab 10mg,0403010V0AAADAD,3,-0.008999999999999009
194,A86028,Paracet_Tab 500mg,0407010H0AAAMAM,78,-0.27919999999999834
195,A86029,Atorvastatin_Tab 20mg,0212000B0AAABAB,25,-0.041999999999999954
196,A86029,Atorvastatin_Tab 40mg,0212000B0AAACAC,15,0.005800000000000152
197,A86029,Bumetanide_Tab 1mg,0202020D0AAAEAE,5,-0.008999999999999633
198,A86029,Clonazepam_Tab 500mcg,0408010F0AAABAB,46,5.804999999999991
199,A86029,Nortriptyline_Tab 10mg,0403010V0AAADAD,6,-0.02839999999999826
200,A86029,Paracet_Tab 500mg,0407010H0AAAMAM,272,0.6525999999999959
201,A86029,Phenytoin_Sod Tab 100mg,0408010Q0AAAGAG,4,0.025199999999997225
202,A86030,Atorvastatin_Tab 40mg,0212000B0AAACAC,438,2.2714999999999925
203,A86030,Bumetanide_Tab 1mg,0202020D0AAAEAE,3,-0.00839999999999999
204,A86030,Clonazepam_Tab 500mcg,0408010F0AAABAB,23,5.299699999999989
205,A86030,Nortriptyline_Tab 10mg,0403010V0AAADAD,34,-0.07739999999999125
206,A86030,Paracet_Tab 500mg,0407010H0AAAMAM,1364,268.1472000000003
207,A86031,Atorvastatin_Tab 20mg,0212000B0AAABAB,1,0.004000000000000115
208,A86031,Clonazepam_Tab 500mcg,0408010F0AAABAB,9,1.2655999999999974
209,A86031,Nortriptyline_Tab 10mg,0403010V0AAADAD,1,0.006000000000000172
210,A86031,Paracet_Tab 500mg,0407010H0AAAMAM,302,-0.9567999999999943
211,A86033,Clonazepam_Tab 500mcg,0408010F0AAABAB,7,1.2655999999999974
212,A86033,Nortriptyline_Tab 10mg,0403010V0AAADAD,1,-0.005599999999999772
213,A86033,Paracet_Tab 500mg,0407010H0AAAMAM,272,-1.0743999999999936
214,A86035,Atorvastatin_Tab 20mg,0212000B0AAABAB,21,22.520400000000002
215,A86035,Clonazepam_Tab 500mcg,0408010F0AAABAB,1,0.31639999999999935
216,A86035,Paracet_Tab 500mg,0407010H0AAAMAM,138,25.72960000000001
217,A86036,Clonazepam_Tab 500mcg,0408010F0AAABAB,21,9.243699999999981
218,A86036,Nortriptyline_Tab 10mg,0403010V0AAADAD,1,0.006000000000000172
219,A86036,Paracet_Tab 500mg,0407010H0AAAMAM,416,42.798400000000015
220,A86037,Atorvastatin_Tab 20mg,0212000B0AAABAB,438,298.8552
221,A86037,Atorvastatin_Tab 40mg,0212000B0AAACAC,265,44.4976
222,A86037,Clonazepam_Tab 500mcg,0408010F0AAABAB,8,2.1017999999999954
223,A86037,Montelukast_Tab 10mg,0303020G0AAABAB,18,73.13040000000001
224,A86037,Nortriptyline_Tab 10mg,0403010V0AAADAD,3,-0.01959999999999862
225,A86037,Paracet_Tab 500mg,0407010H0AAAMAM,906,75.64120000000008
226,A86038,Clonazepam_Tab 500mcg,0408010F0AAABAB,23,8.938299999999982
227,A86038,Nortriptyline_Tab 10mg,0403010V0AAADAD,7,-0.028199999999999226
228,A86038,Paracet_Tab 500mg,0407010H0AAAMAM,566,-3.456799999999979
229,A86040,Atorvastatin_Tab 40mg,0212000B0AAACAC,9,-0.003399999999999917
230,A86040,Clonazepam_Tab 500mcg,0408010F0AAABAB,2,0.971799999999998
231,A86040,Nortriptyline_Tab 10mg,0403010V0AAADAD,10,-0.023099999999998233
232,A86040,Paracet_Tab 500mg,0407010H0AAAMAM,78,0.22559999999999863
233,A86601,Atorvastatin_Tab 40mg,0212000B0AAACAC,1,0.0030000000000000165
234,A86601,Clonazepam_Tab 500mcg,0408010F0AAABAB,3,1.2655999999999974
235,A86601,Nortriptyline_Tab 10mg,0403010V0AAADAD,7,-0.02479999999999799
236,A86601,Paracet_Tab 500mg,0407010H0AAAMAM,406,-1.807199999999989
237,Y00184,Clonazepam_Tab 500mcg,0408010F0AAABAB,4,0.6327999999999987
238,Y00184,Montelukast_Tab 10mg,0303020G0AAABAB,2,48.753600000000006
239,Y00184,Nortriptyline_Tab 10mg,0403010V0AAADAD,2,-0.011199999999999544
240,Y00184,Paracet_Tab 500mg,0407010H0AAAMAM,338,3.0311999999999824
241,Y00656,Paracet_Tab 500mg,0407010H0AAAMAM,6,0.017599999999999894
242,Y02658,Bumetanide_Tab 1mg,0202020D0AAAEAE,4,-0.011199999999999988
243,Y02658,Clonazepam_Tab 500mcg,0408010F0AAABAB,2,3.796799999999992
244,Y02658,Nortriptyline_Tab 10mg,0403010V0AAADAD,1,0.006000000000000172
245,Y02658,Paracet_Tab 500mg,0407010H0AAAMAM,76,-0.2883999999999982
246,Y04106,Paracet_Tab 500mg,0407010H0AAAMAM,6,-0.0335999999999998
247,Y05507,Clonazepam_Tab 500mcg,0408010F0AAABAB,1,0.22199999999999998
248,Y05648,Paracet_Tab 500mg,0407010H0AAAMAM,4,-0.0051999999999999685
