,practice_code,bnf_description,bnf_code,items,excess_cost
0,H81047,Amiodarone HCl_Tab 200mg,0203020D0AAABAB,2,0.7000000000000006
1,H81047,Clonazepam_Tab 500mcg,0408010F0AAABAB,9,5.338599999999989
2,H81047,Diltiazem HCl_Tab 60mg M/R,0206020C0AAAAAA,1,0.24640000000000084
3,K81001,Amiodarone HCl_Tab 200mg,0203020D0AAABAB,8,5.250000000000004
4,K81001,Clonazepam_Tab 500mcg,0408010F0AAABAB,7,6.011599999999988
5,K81001,Methocarbamol_Tab 750mg,1002020S0AAABAB,7,0.6468000000000023
6,K81001,Pyridox HCl_Tab 50mg,0906024N0AAAIAI,2,1.9152000000000005
7,K81005,Amiodarone HCl_Tab 200mg,0203020D0AAABAB,1,0.7000000000000006
8,K81005,Clonazepam_Tab 500mcg,0408010F0AAABAB,2,1.446399999999997
9,K81005,Diltiazem HCl_Tab 60mg M/R,0206020C0AAAAAA,1,0.36960000000000126
10,K81005,Pyridox HCl_Tab 50mg,0906024N0AAAIAI,2,0.9576000000000002
11,K81006,Amiodarone HCl_Tab 200mg,0203020D0AAABAB,7,3.850000000000003
12,K81006,Clonazepam_Tab 500mcg,0408010F0AAABAB,10,10.798599999999976
13,K81006,Diltiazem HCl_Tab 60mg M/R,0206020C0AAAAAA,2,0.7504000000000013
14,K81006,Pyridox HCl_Tab 50mg,0906024N0AAAIAI,2,1.5780000000000007
15,K81006,Valsartan_Tab 40mg,0205052V0AAADAD,1,1.9180000000000001
16,K81010,Amiodarone HCl_Tab 200mg,0203020D0AAABAB,2,0.7000000000000006
17,K81010,Clonazepam_Tab 500mcg,0408010F0AAABAB,4,3.344799999999993
18,K81010,Diltiazem HCl_Tab 60mg M/R,0206020C0AAAAAA,1,0.24640000000000084
19,K81010,Methocarbamol_Tab 750mg,1002020S0AAABAB,1,0.4299999999999998
20,K81015,Amiodarone HCl_Tab 200mg,0203020D0AAABAB,8,0.6776
21,K81015,Clonazepam_Tab 500mcg,0408010F0AAABAB,1,0.31639999999999935
22,K81015,Diltiazem HCl_Tab 60mg M/R,0206020C0AAAAAA,1,0.1260000000000001
23,K81015,Mesalazine_Tab E/C 800mg,0105010B0AAASAS,10,21.567000000000014
24,K81015,Pyridox HCl_Tab 50mg,0906024N0AAAIAI,8,0.9576000000000002
25,K81018,Clonazepam_Tab 500mcg,0408010F0AAABAB,5,3.480399999999993
26,K81018,Diltiazem HCl_Tab 60mg M/R,0206020C0AAAAAA,2,0.7290000000000006
27,K81018,Pyridox HCl_Tab 50mg,0906024N0AAAIAI,5,3.351600000000001
28,K81019,Clonazepam_Tab 500mcg,0408010F0AAABAB,5,1.898399999999996
29,K81019,Diltiazem HCl_Tab 60mg M/R,0206020C0AAAAAA,1,0.1260000000000001
30,K81019,Pyridox HCl_Tab 50mg,0906024N0AAAIAI,5,2.3940000000000006
31,K81020,Amiodarone HCl_Tab 200mg,0203020D0AAABAB,4,2.450000000000002
32,K81020,Clonazepam_Tab 500mcg,0408010F0AAABAB,15,8.73489999999998
33,K81020,Diltiazem HCl_Tab 60mg M/R,0206020C0AAAAAA,1,0.1260000000000001
34,K81020,Gemfibrozil_Tab 600mg,0212000Q0AAABAB,1,15.142399999999999
35,K81020,Methocarbamol_Tab 750mg,1002020S0AAABAB,1,0.2407999999999999
36,K81020,Pyridox HCl_Tab 50mg,0906024N0AAAIAI,2,1.0992000000000006
37,K81021,Amiodarone HCl_Tab 200mg,0203020D0AAABAB,4,0.3388
38,K81021,Clonazepam_Tab 500mcg,0408010F0AAABAB,2,1.2655999999999974
39,K81021,Diltiazem HCl_Tab 60mg M/R,0206020C0AAAAAA,1,0.36960000000000126
40,K81021,Pyridox HCl_Tab 50mg,0906024N0AAAIAI,2,0.9576000000000002
41,K81023,Amiodarone HCl_Tab 200mg,0203020D0AAABAB,4,1.7584000000000009
42,K81023,Clonazepam_Tab 500mcg,0408010F0AAABAB,9,1.4775999999999974
43,K81023,Diltiazem HCl_Tab 60mg M/R,0206020C0AAAAAA,2,0.6300000000000006
44,K81023,Pyridox HCl_Tab 50mg,0906024N0AAAIAI,2,1.9152000000000005
45,K81024,Clonazepam_Tab 500mcg,0408010F0AAABAB,21,13.978199999999973
46,K81024,Diltiazem HCl_Tab 60mg M/R,0206020C0AAAAAA,9,1.629600000000004
47,K81024,Methocarbamol_Tab 750mg,1002020S0AAABAB,10,2.126800000000001
48,K81024,Pyridox HCl_Tab 50mg,0906024N0AAAIAI,6,2.4624000000000006
49,K81024,Valsartan_Tab 40mg,0205052V0AAADAD,1,7.672000000000001
50,K81028,Amiodarone HCl_Tab 200mg,0203020D0AAABAB,1,0.7000000000000006
51,K81028,Clonazepam_Tab 500mcg,0408010F0AAABAB,9,6.079399999999988
52,K81028,Pyridox HCl_Tab 50mg,0906024N0AAAIAI,1,0.9576000000000002
53,K81030,Amiodarone HCl_Tab 200mg,0203020D0AAABAB,10,3.500000000000003
54,K81030,Buprenorphine_Tab Subling 400mcg S/F,0410030A0AAACAC,1,3.0464
55,K81030,Clonazepam_Tab 500mcg,0408010F0AAABAB,7,2.531199999999995
56,K81030,Methocarbamol_Tab 750mg,1002020S0AAABAB,1,0.4299999999999998
57,K81030,Pyridox HCl_Tab 50mg,0906024N0AAAIAI,2,3.351600000000001
58,K81034,Amiodarone HCl_Tab 200mg,0203020D0AAABAB,4,1.219400000000001
59,K81034,Clonazepam_Tab 500mcg,0408010F0AAABAB,7,2.9090999999999934
60,K81034,Diltiazem HCl_Tab 60mg M/R,0206020C0AAAAAA,2,1.243200000000003
61,K81034,Pyridox HCl_Tab 50mg,0906024N0AAAIAI,1,0.9576000000000002
62,K81036,Amiodarone HCl_Tab 200mg,0203020D0AAABAB,1,0.7000000000000006
63,K81036,Clonazepam_Tab 500mcg,0408010F0AAABAB,10,5.141499999999989
64,K81036,Diltiazem HCl_Tab 60mg M/R,0206020C0AAAAAA,2,0.5280000000000018
65,K81039,Clonazepam_Tab 500mcg,0408010F0AAABAB,8,4.113199999999992
66,K81039,Diltiazem HCl_Tab 60mg M/R,0206020C0AAAAAA,2,0.4928000000000017
67,K81039,Methocarbamol_Tab 750mg,1002020S0AAABAB,26,8.279600000000007
68,K81039,Pyridox HCl_Tab 50mg,0906024N0AAAIAI,10,3.591000000000001
69,K81042,Amiodarone HCl_Tab 200mg,0203020D0AAABAB,4,1.9292000000000011
70,K81042,Clonazepam_Tab 500mcg,0408010F0AAABAB,7,1.5819999999999967
71,K81042,Diltiazem HCl_Tab 60mg M/R,0206020C0AAAAAA,2,0.6300000000000006
72,K81042,Methocarbamol_Tab 750mg,1002020S0AAABAB,2,1.7199999999999993
73,K81042,Pyridox HCl_Tab 50mg,0906024N0AAAIAI,1,1.9152000000000005
74,K81043,Amiodarone HCl_Tab 200mg,0203020D0AAABAB,2,0.7847000000000006
75,K81043,Clonazepam_Tab 500mcg,0408010F0AAABAB,18,7.813299999999983
76,K81043,Diltiazem HCl_Tab 60mg M/R,0206020C0AAAAAA,6,0.8876000000000017
77,K81043,Methocarbamol_Tab 750mg,1002020S0AAABAB,1,0.4299999999999998
78,K81043,Pyridox HCl_Tab 50mg,0906024N0AAAIAI,1,0.9576000000000002
79,K81046,Amiodarone HCl_Tab 200mg,0203020D0AAABAB,2,1.050000000000001
80,K81046,Clonazepam_Tab 500mcg,0408010F0AAABAB,6,5.5753999999999895
81,K81046,Mesalazine_Tab E/C 800mg,0105010B0AAASAS,1,22.959999999999994
82,K81059,Amiodarone HCl_Tab 200mg,0203020D0AAABAB,2,1.4000000000000012
83,K81059,Clonazepam_Tab 500mcg,0408010F0AAABAB,9,8.655799999999983
84,K81059,Diltiazem HCl_Tab 60mg M/R,0206020C0AAAAAA,1,0.24640000000000084
85,K81060,Amiodarone HCl_Tab 200mg,0203020D0AAABAB,1,0.7000000000000006
86,K81060,Clonazepam_Tab 500mcg,0408010F0AAABAB,5,3.5481999999999925
87,K81066,Amiodarone HCl_Tab 200mg,0203020D0AAABAB,1,0.3500000000000003
88,K81066,Clonazepam_Tab 500mcg,0408010F0AAABAB,17,5.7937999999999885
89,K81066,Diltiazem HCl_Tab 60mg M/R,0206020C0AAAAAA,4,1.1116000000000035
90,K81066,Pyridox HCl_Tab 50mg,0906024N0AAAIAI,1,0.4788000000000001
91,K81068,Clonazepam_Tab 500mcg,0408010F0AAABAB,7,6.411599999999988
92,K81068,Methocarbamol_Tab 750mg,1002020S0AAABAB,1,0.9631999999999996
93,K81074,Amiodarone HCl_Tab 200mg,0203020D0AAABAB,6,3.850000000000003
94,K81074,Clonazepam_Tab 500mcg,0408010F0AAABAB,1,0.31639999999999935
95,K81074,Diltiazem HCl_Tab 60mg M/R,0206020C0AAAAAA,2,0.6864000000000023
96,K81075,Amiodarone HCl_Tab 200mg,0203020D0AAABAB,8,1.2082000000000006
97,K81075,Clonazepam_Tab 500mcg,0408010F0AAABAB,23,13.39049999999997
98,K81075,Diltiazem HCl_Tab 60mg M/R,0206020C0AAAAAA,7,0.4788000000000032
99,K81075,Methocarbamol_Tab 750mg,1002020S0AAABAB,6,1.8214000000000004
100,K81075,Pyridox HCl_Tab 50mg,0906024N0AAAIAI,19,3.030400000000006
101,K81076,Amiodarone HCl_Tab 200mg,0203020D0AAABAB,4,2.450000000000002
102,K81076,Clonazepam_Tab 500mcg,0408010F0AAABAB,7,5.288399999999989
103,K81076,Diltiazem HCl_Tab 60mg M/R,0206020C0AAAAAA,1,0.5040000000000004
104,K81076,Pyridox HCl_Tab 50mg,0906024N0AAAIAI,3,2.9412000000000007
105,K81082,Amiodarone HCl_Tab 200mg,0203020D0AAABAB,1,0.7000000000000006
106,K81082,Clonazepam_Tab 500mcg,0408010F0AAABAB,15,5.559599999999988
107,K81082,Diltiazem HCl_Tab 60mg M/R,0206020C0AAAAAA,8,0.47040000000000415
108,K81082,Phenytoin_Sod Tab 100mg,0408010Q0AAAGAG,2,119.41439999999997
109,K81082,Pyridox HCl_Tab 50mg,0906024N0AAAIAI,17,6.224400000000001
110,K81082,Valsartan_Tab 40mg,0205052V0AAADAD,2,15.344000000000001
111,K81083,Amiodarone HCl_Tab 200mg,0203020D0AAABAB,1,0.37200000000000066
112,K81083,Clonazepam_Tab 500mcg,0408010F0AAABAB,17,9.65019999999998
113,K81083,Diltiazem HCl_Tab 60mg M/R,0206020C0AAAAAA,16,1.0150000000000043
114,K81084,Amiodarone HCl_Tab 200mg,0203020D0AAABAB,1,0.3500000000000003
115,K81084,Buprenorphine_Tab Subling 400mcg S/F,0410030A0AAACAC,3,1.9040000000000001
116,K81084,Clonazepam_Tab 500mcg,0408010F0AAABAB,10,5.480499999999989
117,K81084,Gemfibrozil_Tab 600mg,0212000Q0AAABAB,2,3.7967999999999984
118,K81084,Pyridox HCl_Tab 50mg,0906024N0AAAIAI,2,0.9576000000000002
119,K81085,Amiodarone HCl_Tab 200mg,0203020D0AAABAB,1,0.3500000000000003
120,K81085,Clonazepam_Tab 500mcg,0408010F0AAABAB,1,0.31639999999999935
121,K81085,Diltiazem HCl_Tab 60mg M/R,0206020C0AAAAAA,1,0.7920000000000027
122,K81085,Methocarbamol_Tab 750mg,1002020S0AAABAB,4,1.7199999999999993
123,K81085,Phenytoin_Sod Tab 100mg,0408010Q0AAAGAG,4,0.025199999999997225
124,K81085,Pyridox HCl_Tab 50mg,0906024N0AAAIAI,6,1.0432000000000006
125,K81086,Amiodarone HCl_Tab 200mg,0203020D0AAABAB,3,2.100000000000002
126,K81086,Clonazepam_Tab 500mcg,0408010F0AAABAB,7,2.768499999999994
127,K81086,Diltiazem HCl_Tab 60mg M/R,0206020C0AAAAAA,6,1.2208000000000054
128,K81086,Pyridox HCl_Tab 50mg,0906024N0AAAIAI,8,7.182000000000001
129,K81087,Amiodarone HCl_Tab 200mg,0203020D0AAABAB,7,2.8000000000000025
130,K81087,Clonazepam_Tab 500mcg,0408010F0AAABAB,3,1.898399999999996
131,K81087,Methocarbamol_Tab 750mg,1002020S0AAABAB,3,0.37820000000000126
132,K81089,Clonazepam_Tab 500mcg,0408010F0AAABAB,14,5.2205999999999895
133,K81094,Amiodarone HCl_Tab 200mg,0203020D0AAABAB,2,0.7000000000000006
134,K81097,Amiodarone HCl_Tab 200mg,0203020D0AAABAB,2,0.7000000000000006
135,K81097,Clonazepam_Tab 500mcg,0408010F0AAABAB,6,1.2655999999999974
136,K81607,Amiodarone HCl_Tab 200mg,0203020D0AAABAB,1,0.7000000000000006
137,K81607,Clonazepam_Tab 500mcg,0408010F0AAABAB,3,1.943599999999996
138,K81607,Diltiazem HCl_Tab 60mg M/R,0206020C0AAAAAA,4,0.23520000000000207
139,K81607,Pyridox HCl_Tab 50mg,0906024N0AAAIAI,1,0.9576000000000002
140,K81607,Valsartan_Tab 40mg,0205052V0AAADAD,8,3.8360000000000003
141,K81608,Clonazepam_Tab 500mcg,0408010F0AAABAB,2,5.152799999999989
142,K81608,Pyridox HCl_Tab 50mg,0906024N0AAAIAI,5,0.5985000000000001
143,K81610,Amiodarone HCl_Tab 200mg,0203020D0AAABAB,4,1.4000000000000012
144,K81610,Clonazepam_Tab 500mcg,0408010F0AAABAB,10,6.305399999999986
145,K81610,Diltiazem HCl_Tab 60mg M/R,0206020C0AAAAAA,6,1.3580000000000043
146,K81610,Methocarbamol_Tab 750mg,1002020S0AAABAB,1,0.4299999999999998
147,K81616,Clonazepam_Tab 500mcg,0408010F0AAABAB,3,2.5763999999999947
148,K81616,Methocarbamol_Tab 750mg,1002020S0AAABAB,1,0.4299999999999998
149,K81630,Amiodarone HCl_Tab 200mg,0203020D0AAABAB,5,1.7500000000000016
150,K81630,Clonazepam_Tab 500mcg,0408010F0AAABAB,22,10.938399999999978
151,K81630,Mesalazine_Tab E/C 800mg,0105010B0AAASAS,1,-17.219999999999995
152,K81630,Pyridox HCl_Tab 50mg,0906024N0AAAIAI,16,8.019900000000002
153,K81645,Amiodarone HCl_Tab 200mg,0203020D0AAABAB,1,0.3500000000000003
154,K81645,Clonazepam_Tab 500mcg,0408010F0AAABAB,8,2.6893999999999947
155,K81645,Diltiazem HCl_Tab 60mg M/R,0206020C0AAAAAA,1,0.24640000000000084
156,K81655,Amiodarone HCl_Tab 200mg,0203020D0AAABAB,1,0.7000000000000006
157,K81655,Clonazepam_Tab 500mcg,0408010F0AAABAB,6,4.293999999999992
158,K81655,Diltiazem HCl_Tab 60mg M/R,0206020C0AAAAAA,2,0.38440000000000063
159,K81655,Pyridox HCl_Tab 50mg,0906024N0AAAIAI,1,0.9576000000000002
160,K81656,Amiodarone HCl_Tab 200mg,0203020D0AAABAB,1,0.7000000000000006
161,K81656,Clonazepam_Tab 500mcg,0408010F0AAABAB,1,0.31639999999999935
162,K81657,Clonazepam_Tab 500mcg,0408010F0AAABAB,2,2.2599999999999953
163,K81657,Pyridox HCl_Tab 50mg,0906024N0AAAIAI,4,1.9152000000000005
164,Y00265,Amiodarone HCl_Tab 200mg,0203020D0AAABAB,1,0.0847
165,Y00265,Clonazepam_Tab 500mcg,0408010F0AAABAB,4,1.8355999999999957
166,Y00437,Clonazepam_Tab 500mcg,0408010F0AAABAB,7,6.508799999999987
167,Y00437,Diltiazem HCl_Tab 60mg M/R,0206020C0AAAAAA,2,0.7392000000000025
168,Y00437,Methocarbamol_Tab 750mg,1002020S0AAABAB,5,1.6696000000000024
169,Y00437,Pyridox HCl_Tab 50mg,0906024N0AAAIAI,5,2.3940000000000006
170,Y00751,Methocarbamol_Tab 750mg,1002020S0AAABAB,1,0.22000000000000075
171,Y01253,Buprenorphine_Tab Subling 400mcg S/F,0410030A0AAACAC,18,19.331400000000006
172,Y01662,Buprenorphine_Tab Subling 400mcg S/F,0410030A0AAACAC,3,2.8560000000000003
173,Y02937,Buprenorphine_Tab Subling 400mcg S/F,0410030A0AAACAC,23,11.1106
