,practice_code,bnf_description,bnf_code,items,excess_cost
0,D82003,Atorvastatin_Tab 10mg,0212000B0AAAAAA,168,116.63940000000001
1,D82003,Atorvastatin_Tab 20mg,0212000B0AAABAB,179,338.3556000000001
2,D82003,Ferr Sulf_Tab 200mg,0901011P0AAACAC,24,84.5352
3,D82003,Memantine HCl_Tab 10mg,0411000G0AAAAAA,35,156.842
4,D82003,Memantine HCl_Tab 20mg,0411000G0AAADAD,19,255.57279999999997
5,D82003,Paracet_Tab 500mg,0407010H0AAAMAM,230,20.86080000000004
6,D82003,Pregabalin_Cap 150mg,0408010AEAAAEAE,10,0.030800000000000882
7,D82003,Simvastatin_Tab 20mg,0212000Y0AAABAB,397,418.86129999999997
8,D82007,Aripiprazole_Tab 15mg,0402010ADAAABAB,9,258.9216
9,D82007,Atorvastatin_Tab 10mg,0212000B0AAAAAA,5,0.01260000000000007
10,D82007,Atorvastatin_Tab 20mg,0212000B0AAABAB,584,68.33680000000011
11,D82007,Ferr Sulf_Tab 200mg,0901011P0AAACAC,3,-0.0063000000000001805
12,D82007,Memantine HCl_Tab 10mg,0411000G0AAAAAA,13,62.7214
13,D82007,Memantine HCl_Tab 20mg,0411000G0AAADAD,44,63.9135
14,D82007,Paracet_Tab 500mg,0407010H0AAAMAM,480,36.64640000000012
15,D82007,Pregabalin_Cap 150mg,0408010AEAAAEAE,30,226.2726
16,D82007,Pregabalin_Cap 300mg,0408010AEAAAGAG,6,0.03319999999999956
17,D82007,Simvastatin_Tab 20mg,0212000Y0AAABAB,25,0.08680000000000022
18,D82019,Atorvastatin_Tab 10mg,0212000B0AAAAAA,14,0.029400000000000162
19,D82019,Atorvastatin_Tab 20mg,0212000B0AAABAB,1,0.0020000000000000573
20,D82019,Ferr Sulf_Tab 200mg,0901011P0AAACAC,13,77.50959999999999
21,D82019,Memantine HCl_Tab 10mg,0411000G0AAAAAA,6,0.004200000000000412
22,D82019,Memantine HCl_Tab 20mg,0411000G0AAADAD,1,0.004899999999999995
23,D82019,Paracet_Tab 500mg,0407010H0AAAMAM,472,62.741600000000005
24,D82019,Pregabalin_Cap 150mg,0408010AEAAAEAE,5,0.01960000000000056
25,D82019,Pregabalin_Cap 300mg,0408010AEAAAGAG,2,-0.0010000000000000286
26,D82019,Simvastatin_Tab 20mg,0212000Y0AAABAB,3,0.0039000000000000284
27,D82058,Atorvastatin_Tab 10mg,0212000B0AAAAAA,210,93.15930000000002
28,D82058,Atorvastatin_Tab 20mg,0212000B0AAABAB,505,22.62400000000006
29,D82058,Ferr Sulf_Tab 200mg,0901011P0AAACAC,35,21.235199999999985
30,D82058,Memantine HCl_Tab 10mg,0411000G0AAAAAA,53,31.303299999999997
31,D82058,Memantine HCl_Tab 20mg,0411000G0AAADAD,4,0.01959999999999998
32,D82058,Paracet_Tab 500mg,0407010H0AAAMAM,1142,119.68960000000015
33,D82058,Pregabalin_Cap 150mg,0408010AEAAAEAE,39,113.1032
34,D82058,Pregabalin_Cap 300mg,0408010AEAAAGAG,4,0.025199999999999556
35,D82058,Simvastatin_Tab 20mg,0212000Y0AAABAB,267,6.594000000000006
36,D82067,Aripiprazole_Tab 15mg,0402010ADAAABAB,1,0.004199999999999926
37,D82067,Atorvastatin_Tab 10mg,0212000B0AAAAAA,5,0.010500000000000058
38,D82067,Memantine HCl_Tab 10mg,0411000G0AAAAAA,2,0.008400000000000143
39,D82067,Paracet_Tab 500mg,0407010H0AAAMAM,24,0.0167999999999999
40,D82067,Pregabalin_Cap 150mg,0408010AEAAAEAE,11,0.03360000000000096
41,D82067,Pregabalin_Cap 300mg,0408010AEAAAGAG,14,-0.039200000000000346
42,D82600,Atorvastatin_Tab 10mg,0212000B0AAAAAA,2,0.008400000000000046
43,D82600,Ferr Sulf_Tab 200mg,0901011P0AAACAC,4,0.011199999999999932
44,D82600,Paracet_Tab 500mg,0407010H0AAAMAM,2,-0.011199999999999932
45,D82600,Simvastatin_Tab 20mg,0212000Y0AAABAB,3,0.01120000000000003
46,D82613,Aripiprazole_Tab 15mg,0402010ADAAABAB,1,86.31
47,D82613,Atorvastatin_Tab 10mg,0212000B0AAAAAA,39,23.150400000000012
48,D82613,Memantine HCl_Tab 10mg,0411000G0AAAAAA,8,-0.3015999999999998
49,D82613,Paracet_Tab 500mg,0407010H0AAAMAM,52,22.5008
50,D82613,Pregabalin_Cap 150mg,0408010AEAAAEAE,2,0.01120000000000032
51,D82613,Simvastatin_Tab 20mg,0212000Y0AAABAB,90,9.660700000000004
52,D83002,Aripiprazole_Tab 15mg,0402010ADAAABAB,5,0.02099999999999963
53,D83002,Atorvastatin_Tab 10mg,0212000B0AAAAAA,11,0.02520000000000014
54,D83002,Ferr Sulf_Tab 200mg,0901011P0AAACAC,2,0.009899999999999451
55,D83002,Paracet_Tab 500mg,0407010H0AAAMAM,4,0.0007999999999999952
56,D83002,Pregabalin_Cap 150mg,0408010AEAAAEAE,16,0.061600000000001764
57,D83002,Pregabalin_Cap 300mg,0408010AEAAAGAG,5,0.031499999999999445
58,D83002,Simvastatin_Tab 20mg,0212000Y0AAABAB,7,0.0392000000000001
59,D83009,Paracet_Tab 500mg,0407010H0AAAMAM,18,0.0015999999999999903
60,D83009,Pregabalin_Cap 150mg,0408010AEAAAEAE,8,0.030800000000000882
61,D83010,Atorvastatin_Tab 10mg,0212000B0AAAAAA,13,0.0472000000000003
62,D83010,Ferr Sulf_Tab 200mg,0901011P0AAACAC,8,0.0335999999999998
63,D83010,Paracet_Tab 500mg,0407010H0AAAMAM,14,0.055599999999999664
64,D83010,Pregabalin_Cap 150mg,0408010AEAAAEAE,5,0.028000000000000802
65,D83010,Pregabalin_Cap 300mg,0408010AEAAAGAG,1,0.004899999999999946
66,D83010,Simvastatin_Tab 20mg,0212000Y0AAABAB,9,0.025200000000000066
67,D83011,Atorvastatin_Tab 10mg,0212000B0AAAAAA,121,34.7837
68,D83011,Atorvastatin_Tab 20mg,0212000B0AAABAB,270,338.13220000000007
69,D83011,Memantine HCl_Tab 10mg,0411000G0AAAAAA,7,0.008400000000000435
70,D83011,Memantine HCl_Tab 20mg,0411000G0AAADAD,21,127.77240000000002
71,D83011,Paracet_Tab 500mg,0407010H0AAAMAM,264,9.986800000000027
72,D83011,Simvastatin_Tab 20mg,0212000Y0AAABAB,10,0.03360000000000009
73,D83016,Atorvastatin_Tab 10mg,0212000B0AAAAAA,1,0.004199999999999975
74,D83016,Memantine HCl_Tab 10mg,0411000G0AAAAAA,3,0.012600000000000361
75,D83016,Paracet_Tab 500mg,0407010H0AAAMAM,8,0.04799999999999971
76,D83016,Pregabalin_Cap 150mg,0408010AEAAAEAE,5,0.02240000000000064
77,D83016,Simvastatin_Tab 20mg,0212000Y0AAABAB,1,0.003499999999999979
78,D83022,Atorvastatin_Tab 10mg,0212000B0AAAAAA,85,34.748000000000005
79,D83022,Atorvastatin_Tab 20mg,0212000B0AAABAB,156,22.713600000000014
80,D83022,Paracet_Tab 500mg,0407010H0AAAMAM,80,42.86800000000001
81,D83022,Simvastatin_Tab 20mg,0212000Y0AAABAB,7,0.01960000000000005
82,D83023,Atorvastatin_Tab 20mg,0212000B0AAABAB,1,-0.0029999999999998778
83,D83023,Ferr Sulf_Tab 200mg,0901011P0AAACAC,5,14.09
84,D83023,Memantine HCl_Tab 10mg,0411000G0AAAAAA,3,0.012600000000000361
85,D83023,Memantine HCl_Tab 20mg,0411000G0AAADAD,1,0.0020999999999999977
86,D83023,Paracet_Tab 500mg,0407010H0AAAMAM,26,0.048799999999999705
87,D83023,Pregabalin_Cap 150mg,0408010AEAAAEAE,2,0.01120000000000032
88,D83023,Pregabalin_Cap 300mg,0408010AEAAAGAG,7,224.4272
89,D83023,Simvastatin_Tab 20mg,0212000Y0AAABAB,10,0.02940000000000004
90,D83030,Aripiprazole_Tab 15mg,0402010ADAAABAB,3,86.3184
91,D83030,Atorvastatin_Tab 10mg,0212000B0AAAAAA,38,11.571000000000003
92,D83030,Atorvastatin_Tab 20mg,0212000B0AAABAB,147,180.2752
93,D83030,Ferr Sulf_Tab 200mg,0901011P0AAACAC,7,21.144
94,D83030,Memantine HCl_Tab 10mg,0411000G0AAAAAA,4,31.3698
95,D83030,Paracet_Tab 500mg,0407010H0AAAMAM,76,1.4284000000000154
96,D83030,Pregabalin_Cap 150mg,0408010AEAAAEAE,17,113.14210000000001
97,D83030,Pregabalin_Cap 300mg,0408010AEAAAGAG,19,168.26670000000001
98,D83030,Simvastatin_Tab 20mg,0212000Y0AAABAB,13,0.04200000000000011
99,D83034,Aripiprazole_Tab 15mg,0402010ADAAABAB,2,0.008399999999999852
100,D83034,Atorvastatin_Tab 10mg,0212000B0AAAAAA,254,34.7166
101,D83034,Atorvastatin_Tab 20mg,0212000B0AAABAB,322,22.46700000000002
102,D83034,Ferr Sulf_Tab 200mg,0901011P0AAACAC,14,14.145599999999996
103,D83034,Memantine HCl_Tab 10mg,0411000G0AAAAAA,7,0.0014000000000003315
104,D83034,Memantine HCl_Tab 20mg,0411000G0AAADAD,19,127.82910000000001
105,D83034,Paracet_Tab 500mg,0407010H0AAAMAM,212,98.45220000000008
106,D83034,Pregabalin_Cap 150mg,0408010AEAAAEAE,2,0.00980000000000028
107,D83034,Pregabalin_Cap 300mg,0408010AEAAAGAG,30,-0.04200000000000037
108,D83034,Simvastatin_Tab 20mg,0212000Y0AAABAB,10,0.027300000000000053
109,D83035,Aripiprazole_Tab 15mg,0402010ADAAABAB,1,0.004199999999999926
110,D83035,Atorvastatin_Tab 10mg,0212000B0AAAAAA,11,0.01680000000000014
111,D83035,Memantine HCl_Tab 10mg,0411000G0AAAAAA,6,-0.0027999999999996916
112,D83035,Paracet_Tab 500mg,0407010H0AAAMAM,20,0.013600000000000584
113,D83035,Pregabalin_Cap 150mg,0408010AEAAAEAE,4,0.02240000000000064
114,D83035,Simvastatin_Tab 20mg,0212000Y0AAABAB,4,0.01120000000000003
115,D83047,Atorvastatin_Tab 10mg,0212000B0AAAAAA,4,0.008400000000000046
116,D83047,Atorvastatin_Tab 20mg,0212000B0AAABAB,1,-0.003999999999999976
117,D83047,Memantine HCl_Tab 10mg,0411000G0AAAAAA,3,0.007600000000000148
118,D83047,Paracet_Tab 500mg,0407010H0AAAMAM,16,0.0035999999999999782
119,D83047,Pregabalin_Cap 150mg,0408010AEAAAEAE,5,0.02380000000000068
120,D83047,Simvastatin_Tab 20mg,0212000Y0AAABAB,1,0.0017999999999999995
121,D83608,Atorvastatin_Tab 10mg,0212000B0AAAAAA,4,0.008400000000000046
122,D83608,Memantine HCl_Tab 10mg,0411000G0AAAAAA,1,0.00420000000000012
123,D83608,Paracet_Tab 500mg,0407010H0AAAMAM,38,-0.13919999999999916
124,D83608,Pregabalin_Cap 150mg,0408010AEAAAEAE,5,0.01680000000000048
125,D83608,Pregabalin_Cap 300mg,0408010AEAAAGAG,1,-0.0028000000000000247
126,D83608,Simvastatin_Tab 20mg,0212000Y0AAABAB,4,0.01120000000000003
127,Y00164,Aripiprazole_Tab 15mg,0402010ADAAABAB,11,-0.01580000000000059
128,Y00164,Atorvastatin_Tab 10mg,0212000B0AAAAAA,9,0.018900000000000104
129,Y00164,Ferr Sulf_Tab 200mg,0901011P0AAACAC,11,21.179199999999998
130,Y00164,Memantine HCl_Tab 10mg,0411000G0AAAAAA,1,0.00420000000000012
131,Y00164,Memantine HCl_Tab 20mg,0411000G0AAADAD,7,63.68039999999999
132,Y00164,Paracet_Tab 500mg,0407010H0AAAMAM,62,22.719199999999997
133,Y00164,Pregabalin_Cap 150mg,0408010AEAAAEAE,14,0.0420000000000012
134,Y00164,Pregabalin_Cap 300mg,0408010AEAAAGAG,25,-0.03500000000000031
135,Y00164,Simvastatin_Tab 20mg,0212000Y0AAABAB,13,0.027400000000000025
136,Y02082,Pregabalin_Cap 300mg,0408010AEAAAGAG,2,-0.005600000000000049
137,Y02082,Simvastatin_Tab 20mg,0212000Y0AAABAB,1,-0.0010000000000000113
