,practice_code,bnf_description,bnf_code,items,excess_cost
0,F81749,Memantine HCl_Tab 20mg,0411000G0AAADAD,12,191.688
337,F81062,Aripiprazole_Tab 5mg,0402010ADAAADAD,3,172.3764
44,F81152,Letrozole_Tab 2.5mg,0803041L0AAAAAA,7,142.37439999999998
359,F81725,Sevelamer_Tab 800mg,0905022S0AAABAB,1,128.25
2,F81216,Memantine HCl_Tab 20mg,0411000G0AAADAD,7,127.792
1,F81062,Memantine HCl_Tab 20mg,0411000G0AAADAD,5,127.792
27,F81120,Atorvastatin_Tab 20mg,0212000B0AAABAB,229,90.40920000000001
368,F81152,Lansoprazole_Cap 30mg (E/C Gran),0103050L0AAAAAA,5,90.272
28,F81062,Atorvastatin_Tab 20mg,0212000B0AAABAB,134,90.04800000000003
338,F81725,Aripiprazole_Tab 5mg,0402010ADAAADAD,1,86.1896
45,F81111,Letrozole_Tab 2.5mg,0803041L0AAAAAA,9,82.90799999999999
360,F81047,Sevelamer_Tab 800mg,0905022S0AAABAB,2,79.8
285,F81195,Ferr Sulf_Tab 200mg,0901011P0AAACAC,1,75.45
61,F81216,Montelukast_Tab 10mg,0303020G0AAABAB,10,73.136
62,F81027,Montelukast_Tab 10mg,0303020G0AAABAB,64,73.11359999999999
46,F81072,Letrozole_Tab 2.5mg,0803041L0AAAAAA,6,71.2992
47,F81049,Letrozole_Tab 2.5mg,0803041L0AAAAAA,31,70.74199999999999
29,F81049,Atorvastatin_Tab 20mg,0212000B0AAABAB,438,67.45200000000006
348,F81027,Atorvastatin_Tab 40mg,0212000B0AAACAC,509,66.98440000000004
349,F81749,Atorvastatin_Tab 40mg,0212000B0AAACAC,166,66.93120000000002
3,F81106,Memantine HCl_Tab 20mg,0411000G0AAADAD,3,63.898799999999994
4,F81120,Memantine HCl_Tab 20mg,0411000G0AAADAD,5,63.896
5,F81725,Memantine HCl_Tab 20mg,0411000G0AAADAD,10,63.895999999999994
286,F81136,Ferr Sulf_Tab 200mg,0901011P0AAACAC,6,63.4032
6,F81049,Memantine HCl_Tab 20mg,0411000G0AAADAD,10,57.00800000000001
63,F81181,Montelukast_Tab 10mg,0303020G0AAABAB,31,48.781600000000005
30,F81152,Atorvastatin_Tab 20mg,0212000B0AAABAB,146,45.785600000000066
31,F81749,Atorvastatin_Tab 20mg,0212000B0AAABAB,177,45.09960000000002
350,F81043,Atorvastatin_Tab 40mg,0212000B0AAACAC,247,44.95399999999999
369,F81043,Lansoprazole_Cap 30mg (E/C Gran),0103050L0AAAAAA,414,27.82079999999999
370,F81027,Lansoprazole_Cap 30mg (E/C Gran),0103050L0AAAAAA,267,26.91359999999999
64,F81043,Montelukast_Tab 10mg,0303020G0AAABAB,40,24.416000000000007
65,F81184,Montelukast_Tab 10mg,0303020G0AAABAB,7,24.382399999999997
66,F81047,Montelukast_Tab 10mg,0303020G0AAABAB,29,24.360000000000003
67,F81016,Montelukast_Tab 10mg,0303020G0AAABAB,15,24.360000000000003
68,F81004,Montelukast_Tab 10mg,0303020G0AAABAB,23,24.343200000000003
69,F81120,Montelukast_Tab 10mg,0303020G0AAABAB,41,24.337600000000005
70,F81749,Montelukast_Tab 10mg,0303020G0AAABAB,45,24.318000000000005
32,F81027,Atorvastatin_Tab 20mg,0212000B0AAABAB,306,23.13360000000001
33,F81106,Atorvastatin_Tab 20mg,0212000B0AAABAB,177,22.797600000000035
34,F81016,Atorvastatin_Tab 20mg,0212000B0AAABAB,52,22.568
351,F81047,Atorvastatin_Tab 40mg,0212000B0AAACAC,190,22.344000000000012
352,F81016,Atorvastatin_Tab 40mg,0212000B0AAACAC,48,22.310399999999994
353,F81725,Atorvastatin_Tab 40mg,0212000B0AAACAC,102,22.276800000000005
287,F81152,Ferr Sulf_Tab 200mg,0901011P0AAACAC,3,21.1428
288,F81047,Ferr Sulf_Tab 200mg,0901011P0AAACAC,2,21.1344
289,F81016,Ferr Sulf_Tab 200mg,0901011P0AAACAC,6,21.1176
290,F81181,Ferr Sulf_Tab 200mg,0901011P0AAACAC,6,21.1176
71,F81216,Paracet_Tab 500mg,0407010H0AAAMAM,6,20.16
72,F81216,Paracet_Tab 500mg,0407010H0AAAMAM,6,20.16
73,F81152,Paracet_Tab 500mg,0407010H0AAAMAM,90,17.100000000000023
74,F81152,Paracet_Tab 500mg,0407010H0AAAMAM,90,17.100000000000023
76,F81072,Paracet_Tab 500mg,0407010H0AAAMAM,51,15.299999999999995
75,F81072,Paracet_Tab 500mg,0407010H0AAAMAM,51,15.299999999999995
291,F81043,Ferr Sulf_Tab 200mg,0901011P0AAACAC,19,14.1512
292,F81136,Ferr Sulf_Tab 200mg,0901011P0AAACAC,7,14.111999999999998
293,F81136,Ferr Sulf_Tab 200mg,0901011P0AAACAC,13,14.086799999999997
77,F81136,Paracet_Tab 500mg,0407010H0AAAMAM,2,13.920000000000002
78,F81136,Paracet_Tab 500mg,0407010H0AAAMAM,2,13.920000000000002
80,F81181,Paracet_Tab 500mg,0407010H0AAAMAM,114,13.679999999999996
79,F81181,Paracet_Tab 500mg,0407010H0AAAMAM,114,13.679999999999996
81,F81749,Paracet_Tab 500mg,0407010H0AAAMAM,15,11.880000000000003
82,F81749,Paracet_Tab 500mg,0407010H0AAAMAM,15,11.880000000000003
84,F81152,Paracet_Tab 500mg,0407010H0AAAMAM,46,11.334400000000002
83,F81152,Paracet_Tab 500mg,0407010H0AAAMAM,46,11.334400000000002
371,F81181,Lansoprazole_Cap 30mg (E/C Gran),0103050L0AAAAAA,275,10.780000000000042
85,F81749,Paracet_Tab 500mg,0407010H0AAAMAM,22,10.12
86,F81749,Paracet_Tab 500mg,0407010H0AAAMAM,22,10.12
88,F81216,Paracet_Tab 500mg,0407010H0AAAMAM,19,10.069999999999999
87,F81216,Paracet_Tab 500mg,0407010H0AAAMAM,19,10.069999999999999
89,F81027,Paracet_Tab 500mg,0407010H0AAAMAM,119,9.520000000000024
90,F81027,Paracet_Tab 500mg,0407010H0AAAMAM,119,9.520000000000024
372,F81120,Lansoprazole_Cap 30mg (E/C Gran),0103050L0AAAAAA,52,7.2800000000000065
373,F81749,Lansoprazole_Cap 30mg (E/C Gran),0103050L0AAAAAA,76,7.235200000000001
374,F81049,Lansoprazole_Cap 30mg (E/C Gran),0103050L0AAAAAA,281,7.081200000000039
294,F81181,Ferr Sulf_Tab 200mg,0901011P0AAACAC,3,7.0476
92,F81725,Paracet_Tab 500mg,0407010H0AAAMAM,29,5.846399999999998
91,F81725,Paracet_Tab 500mg,0407010H0AAAMAM,29,5.846399999999998
93,F81043,Paracet_Tab 500mg,0407010H0AAAMAM,136,5.440000000000015
94,F81043,Paracet_Tab 500mg,0407010H0AAAMAM,136,5.440000000000015
96,F81016,Paracet_Tab 500mg,0407010H0AAAMAM,16,4.9600000000000035
95,F81016,Paracet_Tab 500mg,0407010H0AAAMAM,16,4.9600000000000035
98,F81136,Paracet_Tab 500mg,0407010H0AAAMAM,66,4.619999999999995
97,F81136,Paracet_Tab 500mg,0407010H0AAAMAM,66,4.619999999999995
100,F81043,Paracet_Tab 500mg,0407010H0AAAMAM,23,4.600000000000004
99,F81043,Paracet_Tab 500mg,0407010H0AAAMAM,23,4.600000000000004
375,F81106,Lansoprazole_Cap 30mg (E/C Gran),0103050L0AAAAAA,156,3.931200000000022
101,F81120,Paracet_Tab 500mg,0407010H0AAAMAM,35,3.150000000000003
102,F81120,Paracet_Tab 500mg,0407010H0AAAMAM,35,3.150000000000003
103,F81165,Paracet_Tab 500mg,0407010H0AAAMAM,6,3.0000000000000027
104,F81165,Paracet_Tab 500mg,0407010H0AAAMAM,6,3.0000000000000027
376,F81078,Lansoprazole_Cap 30mg (E/C Gran),0103050L0AAAAAA,83,2.7887999999999993
377,F81725,Lansoprazole_Cap 30mg (E/C Gran),0103050L0AAAAAA,121,2.710400000000007
378,F81106,Lansoprazole_Cap 30mg (E/C Gran),0103050L0AAAAAA,67,2.0167000000000024
379,F81749,Lansoprazole_Cap 30mg (E/C Gran),0103050L0AAAAAA,213,1.78920000000001
380,F81120,Lansoprazole_Cap 30mg (E/C Gran),0103050L0AAAAAA,319,1.786399999999989
381,F81619,Lansoprazole_Cap 30mg (E/C Gran),0103050L0AAAAAA,53,1.7807999999999995
382,F81016,Lansoprazole_Cap 30mg (E/C Gran),0103050L0AAAAAA,79,1.7696000000000047
383,F81152,Lansoprazole_Cap 30mg (E/C Gran),0103050L0AAAAAA,127,1.4223999999999914
354,F81049,Atorvastatin_Tab 40mg,0212000B0AAACAC,253,1.4167999999999914
106,F81047,Paracet_Tab 500mg,0407010H0AAAMAM,44,1.3200000000000074
105,F81047,Paracet_Tab 500mg,0407010H0AAAMAM,44,1.3200000000000074
107,F81106,Paracet_Tab 500mg,0407010H0AAAMAM,1,1.1600000000000001
108,F81106,Paracet_Tab 500mg,0407010H0AAAMAM,1,1.1600000000000001
109,F81749,Paracet_Tab 500mg,0407010H0AAAMAM,65,0.649999999999996
110,F81749,Paracet_Tab 500mg,0407010H0AAAMAM,65,0.649999999999996
384,F81181,Lansoprazole_Cap 30mg (E/C Gran),0103050L0AAAAAA,143,0.40040000000000453
111,F81027,Paracet_Tab 500mg,0407010H0AAAMAM,1,0.35069999999999996
112,F81027,Paracet_Tab 500mg,0407010H0AAAMAM,1,0.35069999999999996
35,F81136,Atorvastatin_Tab 20mg,0212000B0AAABAB,121,0.3388000000000097
387,F81056,Lansoprazole_Cap 30mg (E/C Gran),0103050L0AAAAAA,90,0.25200000000000283
386,F81118,Lansoprazole_Cap 30mg (E/C Gran),0103050L0AAAAAA,45,0.25200000000000283
385,F81048,Lansoprazole_Cap 30mg (E/C Gran),0103050L0AAAAAA,90,0.25200000000000283
388,F81062,Lansoprazole_Cap 30mg (E/C Gran),0103050L0AAAAAA,88,0.24640000000000278
113,F81749,Paracet_Tab 500mg,0407010H0AAAMAM,1,0.171
114,F81749,Paracet_Tab 500mg,0407010H0AAAMAM,1,0.171
36,F81049,Atorvastatin_Tab 20mg,0212000B0AAABAB,28,0.1568000000000045
389,F81118,Lansoprazole_Cap 30mg (E/C Gran),0103050L0AAAAAA,56,0.15680000000000177
391,F81131,Lansoprazole_Cap 30mg (E/C Gran),0103050L0AAAAAA,44,0.12320000000000139
390,F81043,Lansoprazole_Cap 30mg (E/C Gran),0103050L0AAAAAA,44,0.12320000000000139
115,F81136,Paracet_Tab 500mg,0407010H0AAAMAM,3,0.12000000000000136
116,F81136,Paracet_Tab 500mg,0407010H0AAAMAM,3,0.12000000000000136
117,F81181,Paracet_Tab 500mg,0407010H0AAAMAM,19,0.11399999999999931
118,F81181,Paracet_Tab 500mg,0407010H0AAAMAM,19,0.11399999999999931
295,F81048,Ferr Sulf_Tab 200mg,0901011P0AAACAC,20,0.11199999999999932
393,F81048,Lansoprazole_Cap 30mg (E/C Gran),0103050L0AAAAAA,19,0.1064000000000012
392,F81078,Lansoprazole_Cap 30mg (E/C Gran),0103050L0AAAAAA,38,0.1064000000000012
394,F81090,Lansoprazole_Cap 30mg (E/C Gran),0103050L0AAAAAA,35,0.09800000000000111
395,F81049,Lansoprazole_Cap 30mg (E/C Gran),0103050L0AAAAAA,34,0.09520000000000108
396,F81619,Lansoprazole_Cap 30mg (E/C Gran),0103050L0AAAAAA,33,0.09240000000000104
120,F81106,Paracet_Tab 500mg,0407010H0AAAMAM,15,0.08999999999999946
119,F81106,Paracet_Tab 500mg,0407010H0AAAMAM,15,0.08999999999999946
397,F81136,Lansoprazole_Cap 30mg (E/C Gran),0103050L0AAAAAA,31,0.08680000000000099
398,F81016,Lansoprazole_Cap 30mg (E/C Gran),0103050L0AAAAAA,30,0.08400000000000095
124,F81749,Paracet_Tab 500mg,0407010H0AAAMAM,13,0.07799999999999953
121,F81047,Paracet_Tab 500mg,0407010H0AAAMAM,13,0.07799999999999953
123,F81047,Paracet_Tab 500mg,0407010H0AAAMAM,13,0.07799999999999953
122,F81749,Paracet_Tab 500mg,0407010H0AAAMAM,13,0.07799999999999953
7,F81136,Memantine HCl_Tab 20mg,0411000G0AAADAD,14,0.06859999999999992
296,F81062,Ferr Sulf_Tab 200mg,0901011P0AAACAC,12,0.0671999999999996
125,F81619,Paracet_Tab 500mg,0407010H0AAAMAM,11,0.0659999999999996
126,F81619,Paracet_Tab 500mg,0407010H0AAAMAM,11,0.0659999999999996
400,F81169,Lansoprazole_Cap 30mg (E/C Gran),0103050L0AAAAAA,23,0.06440000000000073
399,F81111,Lansoprazole_Cap 30mg (E/C Gran),0103050L0AAAAAA,23,0.06440000000000073
8,F81048,Memantine HCl_Tab 20mg,0411000G0AAADAD,13,0.06369999999999992
401,F81181,Lansoprazole_Cap 30mg (E/C Gran),0103050L0AAAAAA,11,0.061600000000000696
9,F81062,Memantine HCl_Tab 20mg,0411000G0AAADAD,12,0.058799999999999936
402,F81090,Lansoprazole_Cap 30mg (E/C Gran),0103050L0AAAAAA,10,0.05600000000000063
403,F81120,Lansoprazole_Cap 30mg (E/C Gran),0103050L0AAAAAA,10,0.05600000000000063
10,F81165,Memantine HCl_Tab 20mg,0411000G0AAADAD,11,0.05389999999999994
404,F81120,Lansoprazole_Cap 30mg (E/C Gran),0103050L0AAAAAA,19,0.0532000000000006
407,F81619,Lansoprazole_Cap 30mg (E/C Gran),0103050L0AAAAAA,9,0.05040000000000057
408,F81053,Lansoprazole_Cap 30mg (E/C Gran),0103050L0AAAAAA,18,0.05040000000000057
409,F81047,Lansoprazole_Cap 30mg (E/C Gran),0103050L0AAAAAA,9,0.05040000000000057
406,F81009,Lansoprazole_Cap 30mg (E/C Gran),0103050L0AAAAAA,18,0.05040000000000057
405,F81216,Lansoprazole_Cap 30mg (E/C Gran),0103050L0AAAAAA,18,0.05040000000000057
410,F81043,Lansoprazole_Cap 30mg (E/C Gran),0103050L0AAAAAA,28,0.050400000000000084
12,F81131,Memantine HCl_Tab 20mg,0411000G0AAADAD,10,0.048999999999999946
11,F81043,Memantine HCl_Tab 20mg,0411000G0AAADAD,10,0.048999999999999946
128,F81131,Paracet_Tab 500mg,0407010H0AAAMAM,11,0.04619999999999972
127,F81131,Paracet_Tab 500mg,0407010H0AAAMAM,11,0.04619999999999972
297,F81016,Ferr Sulf_Tab 200mg,0901011P0AAACAC,8,0.04479999999999973
298,F81034,Ferr Sulf_Tab 200mg,0901011P0AAACAC,8,0.04479999999999973
14,F81049,Memantine HCl_Tab 20mg,0411000G0AAADAD,9,0.04409999999999995
13,F81118,Memantine HCl_Tab 20mg,0411000G0AAADAD,9,0.04409999999999995
48,F81131,Letrozole_Tab 2.5mg,0803041L0AAAAAA,8,0.039200000000000346
15,F81056,Memantine HCl_Tab 20mg,0411000G0AAADAD,8,0.03919999999999996
300,F81131,Ferr Sulf_Tab 200mg,0901011P0AAACAC,14,0.03919999999999976
299,F81049,Ferr Sulf_Tab 200mg,0901011P0AAACAC,14,0.03919999999999976
129,F81111,Paracet_Tab 500mg,0407010H0AAAMAM,9,0.03779999999999977
130,F81111,Paracet_Tab 500mg,0407010H0AAAMAM,9,0.03779999999999977
16,F81111,Memantine HCl_Tab 20mg,0411000G0AAADAD,7,0.03429999999999996
413,F81165,Lansoprazole_Cap 30mg (E/C Gran),0103050L0AAAAAA,12,0.03360000000000038
412,F81034,Lansoprazole_Cap 30mg (E/C Gran),0103050L0AAAAAA,12,0.03360000000000038
411,F81049,Lansoprazole_Cap 30mg (E/C Gran),0103050L0AAAAAA,6,0.03360000000000038
132,F81118,Paracet_Tab 500mg,0407010H0AAAMAM,8,0.0335999999999998
131,F81118,Paracet_Tab 500mg,0407010H0AAAMAM,8,0.0335999999999998
301,F81111,Ferr Sulf_Tab 200mg,0901011P0AAACAC,6,0.0335999999999998
138,F81016,Paracet_Tab 500mg,0407010H0AAAMAM,5,0.02999999999999982
140,F81016,Paracet_Tab 500mg,0407010H0AAAMAM,5,0.02999999999999982
139,F81027,Paracet_Tab 500mg,0407010H0AAAMAM,5,0.02999999999999982
135,F81056,Paracet_Tab 500mg,0407010H0AAAMAM,5,0.02999999999999982
137,F81056,Paracet_Tab 500mg,0407010H0AAAMAM,5,0.02999999999999982
136,F81027,Paracet_Tab 500mg,0407010H0AAAMAM,5,0.02999999999999982
134,F81195,Paracet_Tab 500mg,0407010H0AAAMAM,5,0.02999999999999982
133,F81195,Paracet_Tab 500mg,0407010H0AAAMAM,5,0.02999999999999982
141,F81136,Paracet_Tab 500mg,0407010H0AAAMAM,7,0.029399999999999822
142,F81136,Paracet_Tab 500mg,0407010H0AAAMAM,7,0.029399999999999822
414,F81053,Lansoprazole_Cap 30mg (E/C Gran),0103050L0AAAAAA,5,0.028000000000000316
303,F81619,Ferr Sulf_Tab 200mg,0901011P0AAACAC,5,0.02799999999999983
302,F81043,Ferr Sulf_Tab 200mg,0901011P0AAACAC,5,0.02799999999999983
304,F81120,Ferr Sulf_Tab 200mg,0901011P0AAACAC,5,0.02799999999999983
416,F81195,Lansoprazole_Cap 30mg (E/C Gran),0103050L0AAAAAA,9,0.025200000000000285
415,F81047,Lansoprazole_Cap 30mg (E/C Gran),0103050L0AAAAAA,9,0.025200000000000285
144,F81106,Paracet_Tab 500mg,0407010H0AAAMAM,9,0.025199999999999848
143,F81106,Paracet_Tab 500mg,0407010H0AAAMAM,9,0.025199999999999848
49,F81120,Letrozole_Tab 2.5mg,0803041L0AAAAAA,5,0.024500000000000216
50,F81181,Letrozole_Tab 2.5mg,0803041L0AAAAAA,5,0.024500000000000216
152,F81043,Paracet_Tab 500mg,0407010H0AAAMAM,4,0.023999999999999855
149,F81078,Paracet_Tab 500mg,0407010H0AAAMAM,4,0.023999999999999855
148,F81078,Paracet_Tab 500mg,0407010H0AAAMAM,4,0.023999999999999855
147,F81049,Paracet_Tab 500mg,0407010H0AAAMAM,4,0.023999999999999855
146,F81090,Paracet_Tab 500mg,0407010H0AAAMAM,4,0.023999999999999855
145,F81043,Paracet_Tab 500mg,0407010H0AAAMAM,4,0.023999999999999855
151,F81049,Paracet_Tab 500mg,0407010H0AAAMAM,4,0.023999999999999855
150,F81090,Paracet_Tab 500mg,0407010H0AAAMAM,4,0.023999999999999855
417,F81725,Lansoprazole_Cap 30mg (E/C Gran),0103050L0AAAAAA,8,0.022400000000000253
418,F81169,Lansoprazole_Cap 30mg (E/C Gran),0103050L0AAAAAA,4,0.022400000000000253
419,F81043,Lansoprazole_Cap 30mg (E/C Gran),0103050L0AAAAAA,4,0.022400000000000253
306,F81090,Ferr Sulf_Tab 200mg,0901011P0AAACAC,4,0.022399999999999864
305,F81056,Ferr Sulf_Tab 200mg,0901011P0AAACAC,4,0.022399999999999864
307,F81106,Ferr Sulf_Tab 200mg,0901011P0AAACAC,8,0.022399999999999864
153,F81619,Paracet_Tab 500mg,0407010H0AAAMAM,5,0.020999999999999873
154,F81619,Paracet_Tab 500mg,0407010H0AAAMAM,5,0.020999999999999873
339,F81216,Aripiprazole_Tab 5mg,0402010ADAAADAD,5,0.02099999999999963
52,F81048,Letrozole_Tab 2.5mg,0803041L0AAAAAA,4,0.019600000000000173
51,F81062,Letrozole_Tab 2.5mg,0803041L0AAAAAA,4,0.019600000000000173
54,F81136,Letrozole_Tab 2.5mg,0803041L0AAAAAA,4,0.019600000000000173
55,F81216,Letrozole_Tab 2.5mg,0803041L0AAAAAA,4,0.019600000000000173
53,F81043,Letrozole_Tab 2.5mg,0803041L0AAAAAA,4,0.019600000000000173
17,F81016,Memantine HCl_Tab 20mg,0411000G0AAADAD,4,0.01959999999999998
18,F81090,Memantine HCl_Tab 20mg,0411000G0AAADAD,4,0.01959999999999998
19,F81106,Memantine HCl_Tab 20mg,0411000G0AAADAD,4,0.01959999999999998
156,F81118,Paracet_Tab 500mg,0407010H0AAAMAM,7,0.01959999999999988
155,F81118,Paracet_Tab 500mg,0407010H0AAAMAM,7,0.01959999999999988
310,F81048,Ferr Sulf_Tab 200mg,0901011P0AAACAC,3,0.017999999999999267
309,F81749,Ferr Sulf_Tab 200mg,0901011P0AAACAC,3,0.017999999999999267
308,F81027,Ferr Sulf_Tab 200mg,0901011P0AAACAC,1,0.017999999999999267
420,F81749,Lansoprazole_Cap 30mg (E/C Gran),0103050L0AAAAAA,3,0.01680000000000019
421,F81111,Lansoprazole_Cap 30mg (E/C Gran),0103050L0AAAAAA,3,0.01680000000000019
422,F81027,Lansoprazole_Cap 30mg (E/C Gran),0103050L0AAAAAA,3,0.01680000000000019
423,F81152,Lansoprazole_Cap 30mg (E/C Gran),0103050L0AAAAAA,6,0.01680000000000019
424,F81216,Lansoprazole_Cap 30mg (E/C Gran),0103050L0AAAAAA,3,0.01680000000000019
158,F81016,Paracet_Tab 500mg,0407010H0AAAMAM,4,0.0167999999999999
164,F81169,Paracet_Tab 500mg,0407010H0AAAMAM,1,0.0167999999999999
311,F81195,Ferr Sulf_Tab 200mg,0901011P0AAACAC,2,0.0167999999999999
159,F81062,Paracet_Tab 500mg,0407010H0AAAMAM,4,0.0167999999999999
312,F81118,Ferr Sulf_Tab 200mg,0901011P0AAACAC,3,0.0167999999999999
163,F81062,Paracet_Tab 500mg,0407010H0AAAMAM,4,0.0167999999999999
162,F81016,Paracet_Tab 500mg,0407010H0AAAMAM,4,0.0167999999999999
157,F81169,Paracet_Tab 500mg,0407010H0AAAMAM,1,0.0167999999999999
161,F81048,Paracet_Tab 500mg,0407010H0AAAMAM,6,0.0167999999999999
160,F81048,Paracet_Tab 500mg,0407010H0AAAMAM,6,0.0167999999999999
20,F81078,Memantine HCl_Tab 20mg,0411000G0AAADAD,3,0.014699999999999984
21,F81169,Memantine HCl_Tab 20mg,0411000G0AAADAD,3,0.014699999999999984
165,F81009,Paracet_Tab 500mg,0407010H0AAAMAM,5,0.013999999999999915
166,F81009,Paracet_Tab 500mg,0407010H0AAAMAM,5,0.013999999999999915
167,F81169,Paracet_Tab 500mg,0407010H0AAAMAM,5,0.013999999999999915
168,F81106,Paracet_Tab 500mg,0407010H0AAAMAM,4,0.013999999999999915
169,F81169,Paracet_Tab 500mg,0407010H0AAAMAM,5,0.013999999999999915
170,F81106,Paracet_Tab 500mg,0407010H0AAAMAM,4,0.013999999999999915
313,F81118,Ferr Sulf_Tab 200mg,0901011P0AAACAC,5,0.013999999999999915
314,F81043,Ferr Sulf_Tab 200mg,0901011P0AAACAC,5,0.013999999999999915
173,F81725,Paracet_Tab 500mg,0407010H0AAAMAM,3,0.012599999999999924
171,F81725,Paracet_Tab 500mg,0407010H0AAAMAM,3,0.012599999999999924
172,F81072,Paracet_Tab 500mg,0407010H0AAAMAM,3,0.012599999999999924
174,F81072,Paracet_Tab 500mg,0407010H0AAAMAM,3,0.012599999999999924
425,F81078,Lansoprazole_Cap 30mg (E/C Gran),0103050L0AAAAAA,4,0.012000000000000344
426,F81043,Lansoprazole_Cap 30mg (E/C Gran),0103050L0AAAAAA,4,0.012000000000000344
184,F81181,Paracet_Tab 500mg,0407010H0AAAMAM,1,0.011999999999999927
178,F81181,Paracet_Tab 500mg,0407010H0AAAMAM,1,0.011999999999999927
183,F81072,Paracet_Tab 500mg,0407010H0AAAMAM,2,0.011999999999999927
175,F81184,Paracet_Tab 500mg,0407010H0AAAMAM,2,0.011999999999999927
176,F81131,Paracet_Tab 500mg,0407010H0AAAMAM,2,0.011999999999999927
177,F81053,Paracet_Tab 500mg,0407010H0AAAMAM,2,0.011999999999999927
179,F81131,Paracet_Tab 500mg,0407010H0AAAMAM,2,0.011999999999999927
180,F81184,Paracet_Tab 500mg,0407010H0AAAMAM,2,0.011999999999999927
181,F81072,Paracet_Tab 500mg,0407010H0AAAMAM,2,0.011999999999999927
182,F81053,Paracet_Tab 500mg,0407010H0AAAMAM,2,0.011999999999999927
318,F81078,Ferr Sulf_Tab 200mg,0901011P0AAACAC,1,0.011999999999999511
317,F81048,Ferr Sulf_Tab 200mg,0901011P0AAACAC,1,0.011999999999999511
316,F81749,Ferr Sulf_Tab 200mg,0901011P0AAACAC,1,0.011999999999999511
315,F81053,Ferr Sulf_Tab 200mg,0901011P0AAACAC,1,0.011999999999999511
427,F81152,Lansoprazole_Cap 30mg (E/C Gran),0103050L0AAAAAA,2,0.011600000000000332
428,F81027,Lansoprazole_Cap 30mg (E/C Gran),0103050L0AAAAAA,4,0.011200000000000127
429,F81078,Lansoprazole_Cap 30mg (E/C Gran),0103050L0AAAAAA,2,0.011200000000000127
430,F81004,Lansoprazole_Cap 30mg (E/C Gran),0103050L0AAAAAA,2,0.011200000000000127
186,F81136,Paracet_Tab 500mg,0407010H0AAAMAM,4,0.011199999999999932
321,F81195,Ferr Sulf_Tab 200mg,0901011P0AAACAC,2,0.011199999999999932
322,F81062,Ferr Sulf_Tab 200mg,0901011P0AAACAC,4,0.011199999999999932
185,F81136,Paracet_Tab 500mg,0407010H0AAAMAM,4,0.011199999999999932
319,F81111,Ferr Sulf_Tab 200mg,0901011P0AAACAC,4,0.011199999999999932
320,F81181,Ferr Sulf_Tab 200mg,0901011P0AAACAC,4,0.011199999999999932
23,F81216,Memantine HCl_Tab 20mg,0411000G0AAADAD,2,0.00979999999999999
22,F81725,Memantine HCl_Tab 20mg,0411000G0AAADAD,2,0.00979999999999999
431,F81048,Lansoprazole_Cap 30mg (E/C Gran),0103050L0AAAAAA,3,0.009000000000000258
323,F81195,Ferr Sulf_Tab 200mg,0901011P0AAACAC,1,0.008999999999999633
432,F81152,Lansoprazole_Cap 30mg (E/C Gran),0103050L0AAAAAA,2,0.00840000000000024
187,F81047,Paracet_Tab 500mg,0407010H0AAAMAM,3,0.00839999999999995
188,F81047,Paracet_Tab 500mg,0407010H0AAAMAM,3,0.00839999999999995
433,Y05100,Lansoprazole_Cap 30mg (E/C Gran),0103050L0AAAAAA,1,0.0070000000000002005
324,F81009,Ferr Sulf_Tab 200mg,0901011P0AAACAC,1,0.006599999999999731
40,F81072,Atorvastatin_Tab 20mg,0212000B0AAABAB,1,0.006000000000000172
39,F81047,Atorvastatin_Tab 20mg,0212000B0AAABAB,1,0.006000000000000172
38,F81078,Atorvastatin_Tab 20mg,0212000B0AAABAB,1,0.006000000000000172
37,F81152,Atorvastatin_Tab 20mg,0212000B0AAABAB,1,0.006000000000000172
191,F81004,Paracet_Tab 500mg,0407010H0AAAMAM,2,0.005999999999999964
193,F81009,Paracet_Tab 500mg,0407010H0AAAMAM,1,0.005999999999999964
192,F81181,Paracet_Tab 500mg,0407010H0AAAMAM,2,0.005999999999999964
190,F81169,Paracet_Tab 500mg,0407010H0AAAMAM,1,0.005999999999999964
189,F81004,Paracet_Tab 500mg,0407010H0AAAMAM,2,0.005999999999999964
195,F81118,Paracet_Tab 500mg,0407010H0AAAMAM,1,0.005999999999999964
194,F81136,Paracet_Tab 500mg,0407010H0AAAMAM,1,0.005999999999999964
203,F81118,Paracet_Tab 500mg,0407010H0AAAMAM,1,0.005999999999999964
196,F81009,Paracet_Tab 500mg,0407010H0AAAMAM,1,0.005999999999999964
197,F81169,Paracet_Tab 500mg,0407010H0AAAMAM,1,0.005999999999999964
198,F81152,Paracet_Tab 500mg,0407010H0AAAMAM,1,0.005999999999999964
199,F81181,Paracet_Tab 500mg,0407010H0AAAMAM,2,0.005999999999999964
200,F81725,Paracet_Tab 500mg,0407010H0AAAMAM,1,0.005999999999999964
201,F81152,Paracet_Tab 500mg,0407010H0AAAMAM,1,0.005999999999999964
202,F81725,Paracet_Tab 500mg,0407010H0AAAMAM,1,0.005999999999999964
204,F81136,Paracet_Tab 500mg,0407010H0AAAMAM,1,0.005999999999999964
325,F81106,Ferr Sulf_Tab 200mg,0901011P0AAACAC,1,0.0059999999999997555
437,F81725,Lansoprazole_Cap 30mg (E/C Gran),0103050L0AAAAAA,1,0.005600000000000063
435,Y02801,Lansoprazole_Cap 30mg (E/C Gran),0103050L0AAAAAA,1,0.005600000000000063
434,F81184,Lansoprazole_Cap 30mg (E/C Gran),0103050L0AAAAAA,1,0.005600000000000063
436,F81062,Lansoprazole_Cap 30mg (E/C Gran),0103050L0AAAAAA,1,0.005600000000000063
439,F81106,Lansoprazole_Cap 30mg (E/C Gran),0103050L0AAAAAA,1,0.005600000000000063
438,F81136,Lansoprazole_Cap 30mg (E/C Gran),0103050L0AAAAAA,1,0.005600000000000063
205,F81043,Paracet_Tab 500mg,0407010H0AAAMAM,2,0.005599999999999966
206,F81043,Paracet_Tab 500mg,0407010H0AAAMAM,2,0.005599999999999966
326,F81749,Ferr Sulf_Tab 200mg,0901011P0AAACAC,1,0.005599999999999966
327,F81056,Ferr Sulf_Tab 200mg,0901011P0AAACAC,1,0.004799999999999971
56,F81004,Letrozole_Tab 2.5mg,0803041L0AAAAAA,1,0.00420000000000012
207,F81749,Paracet_Tab 500mg,0407010H0AAAMAM,1,0.004199999999999975
208,F81749,Paracet_Tab 500mg,0407010H0AAAMAM,1,0.004199999999999975
341,F81043,Aripiprazole_Tab 5mg,0402010ADAAADAD,1,0.004199999999999926
340,F81049,Aripiprazole_Tab 5mg,0402010ADAAADAD,1,0.004199999999999926
209,F81136,Paracet_Tab 500mg,0407010H0AAAMAM,1,0.0040000000000000105
210,F81136,Paracet_Tab 500mg,0407010H0AAAMAM,1,0.0040000000000000105
440,F81015,Lansoprazole_Cap 30mg (E/C Gran),0103050L0AAAAAA,1,0.0040000000000000036
24,F81131,Memantine HCl_Tab 20mg,0411000G0AAADAD,1,0.003499999999999996
442,F81749,Lansoprazole_Cap 30mg (E/C Gran),0103050L0AAAAAA,1,0.003000000000000086
445,F81053,Lansoprazole_Cap 30mg (E/C Gran),0103050L0AAAAAA,1,0.003000000000000086
444,F81062,Lansoprazole_Cap 30mg (E/C Gran),0103050L0AAAAAA,1,0.003000000000000086
443,F81072,Lansoprazole_Cap 30mg (E/C Gran),0103050L0AAAAAA,1,0.003000000000000086
441,F81047,Lansoprazole_Cap 30mg (E/C Gran),0103050L0AAAAAA,1,0.003000000000000086
214,F81056,Paracet_Tab 500mg,0407010H0AAAMAM,1,0.002999999999999982
213,F81027,Paracet_Tab 500mg,0407010H0AAAMAM,1,0.002999999999999982
212,F81027,Paracet_Tab 500mg,0407010H0AAAMAM,1,0.002999999999999982
211,F81056,Paracet_Tab 500mg,0407010H0AAAMAM,1,0.002999999999999982
446,F81184,Lansoprazole_Cap 30mg (E/C Gran),0103050L0AAAAAA,1,0.0028000000000000316
220,F81062,Paracet_Tab 500mg,0407010H0AAAMAM,1,0.002799999999999983
216,F81749,Paracet_Tab 500mg,0407010H0AAAMAM,1,0.002799999999999983
215,F81184,Paracet_Tab 500mg,0407010H0AAAMAM,1,0.002799999999999983
222,F81015,Paracet_Tab 500mg,0407010H0AAAMAM,1,0.002799999999999983
221,F81015,Paracet_Tab 500mg,0407010H0AAAMAM,1,0.002799999999999983
217,F81749,Paracet_Tab 500mg,0407010H0AAAMAM,1,0.002799999999999983
218,F81184,Paracet_Tab 500mg,0407010H0AAAMAM,1,0.002799999999999983
219,F81062,Paracet_Tab 500mg,0407010H0AAAMAM,1,0.002799999999999983
447,F81725,Lansoprazole_Cap 30mg (E/C Gran),0103050L0AAAAAA,1,0.0024000000000000687
343,F81118,Aripiprazole_Tab 5mg,0402010ADAAADAD,1,0.0020999999999997687
342,F81047,Aripiprazole_Tab 5mg,0402010ADAAADAD,1,0.0020999999999997687
25,F81090,Memantine HCl_Tab 20mg,0411000G0AAADAD,1,0.0013999999999999985
223,F81725,Paracet_Tab 500mg,0407010H0AAAMAM,1,0.0013999999999999915
224,F81725,Paracet_Tab 500mg,0407010H0AAAMAM,1,0.0013999999999999915
26,F81169,Memantine HCl_Tab 20mg,0411000G0AAADAD,1,0.0006999999999999992
225,F81090,Paracet_Tab 500mg,0407010H0AAAMAM,1,-0.0011999999999999997
226,F81090,Paracet_Tab 500mg,0407010H0AAAMAM,1,-0.0011999999999999997
355,F81047,Atorvastatin_Tab 40mg,0212000B0AAACAC,1,-0.0014999999999999389
448,F81120,Lansoprazole_Cap 30mg (E/C Gran),0103050L0AAAAAA,1,-0.0020999999999999144
328,F81136,Ferr Sulf_Tab 200mg,0901011P0AAACAC,1,-0.00210000000000006
356,F81043,Atorvastatin_Tab 40mg,0212000B0AAACAC,1,-0.002700000000000015
344,F81165,Aripiprazole_Tab 5mg,0402010ADAAADAD,1,-0.00280000000000008
41,F81047,Atorvastatin_Tab 20mg,0212000B0AAABAB,1,-0.0029999999999998778
42,F81078,Atorvastatin_Tab 20mg,0212000B0AAABAB,1,-0.0029999999999998778
357,F81047,Atorvastatin_Tab 40mg,0212000B0AAACAC,1,-0.0029999999999998778
43,F81043,Atorvastatin_Tab 20mg,0212000B0AAABAB,1,-0.0033999999999999794
329,F81043,Ferr Sulf_Tab 200mg,0901011P0AAACAC,1,-0.0034000000000000974
449,F81043,Lansoprazole_Cap 30mg (E/C Gran),0103050L0AAAAAA,1,-0.0035999999999999782
230,F81181,Paracet_Tab 500mg,0407010H0AAAMAM,1,-0.003999999999999976
229,F81053,Paracet_Tab 500mg,0407010H0AAAMAM,1,-0.003999999999999976
227,F81053,Paracet_Tab 500mg,0407010H0AAAMAM,1,-0.003999999999999976
228,F81181,Paracet_Tab 500mg,0407010H0AAAMAM,1,-0.003999999999999976
57,F81131,Letrozole_Tab 2.5mg,0803041L0AAAAAA,1,-0.004400000000000126
450,F81090,Lansoprazole_Cap 30mg (E/C Gran),0103050L0AAAAAA,1,-0.004499999999999983
231,F81062,Paracet_Tab 500mg,0407010H0AAAMAM,1,-0.004799999999999971
232,F81062,Paracet_Tab 500mg,0407010H0AAAMAM,1,-0.004799999999999971
237,F81004,Paracet_Tab 500mg,0407010H0AAAMAM,1,-0.005599999999999966
236,F81009,Paracet_Tab 500mg,0407010H0AAAMAM,1,-0.005599999999999966
238,F81004,Paracet_Tab 500mg,0407010H0AAAMAM,1,-0.005599999999999966
235,F81216,Paracet_Tab 500mg,0407010H0AAAMAM,1,-0.005599999999999966
234,F81009,Paracet_Tab 500mg,0407010H0AAAMAM,1,-0.005599999999999966
233,F81216,Paracet_Tab 500mg,0407010H0AAAMAM,1,-0.005599999999999966
345,F81043,Aripiprazole_Tab 5mg,0402010ADAAADAD,2,-0.00560000000000016
358,F81749,Atorvastatin_Tab 40mg,0212000B0AAACAC,2,-0.0059999999999997555
239,F81053,Paracet_Tab 500mg,0407010H0AAAMAM,1,-0.007399999999999955
240,F81053,Paracet_Tab 500mg,0407010H0AAAMAM,1,-0.007399999999999955
244,F81049,Paracet_Tab 500mg,0407010H0AAAMAM,2,-0.007999999999999952
243,F81106,Paracet_Tab 500mg,0407010H0AAAMAM,2,-0.007999999999999952
242,F81049,Paracet_Tab 500mg,0407010H0AAAMAM,2,-0.007999999999999952
241,F81106,Paracet_Tab 500mg,0407010H0AAAMAM,2,-0.007999999999999952
331,F81120,Ferr Sulf_Tab 200mg,0901011P0AAACAC,4,-0.00840000000000024
330,F81034,Ferr Sulf_Tab 200mg,0901011P0AAACAC,4,-0.00840000000000024
335,F81048,Ferr Sulf_Tab 200mg,0901011P0AAACAC,4,-0.00840000000000024
334,F81043,Ferr Sulf_Tab 200mg,0901011P0AAACAC,4,-0.00840000000000024
333,F81062,Ferr Sulf_Tab 200mg,0901011P0AAACAC,4,-0.00840000000000024
332,F81016,Ferr Sulf_Tab 200mg,0901011P0AAACAC,4,-0.00840000000000024
361,F81106,Sevelamer_Tab 800mg,0905022S0AAABAB,1,-0.008400000000001406
362,F81048,Sevelamer_Tab 800mg,0905022S0AAABAB,1,-0.008400000000001406
245,F81027,Paracet_Tab 500mg,0407010H0AAAMAM,2,-0.011199999999999932
246,F81027,Paracet_Tab 500mg,0407010H0AAAMAM,2,-0.011199999999999932
346,F81118,Aripiprazole_Tab 5mg,0402010ADAAADAD,4,-0.01120000000000032
364,F81216,Sevelamer_Tab 800mg,0905022S0AAABAB,3,-0.01260000000000211
363,F81048,Sevelamer_Tab 800mg,0905022S0AAABAB,3,-0.01260000000000211
248,F81749,Paracet_Tab 500mg,0407010H0AAAMAM,3,-0.0167999999999999
247,F81749,Paracet_Tab 500mg,0407010H0AAAMAM,3,-0.0167999999999999
366,F81136,Sevelamer_Tab 800mg,0905022S0AAABAB,2,-0.016800000000002813
365,F81009,Sevelamer_Tab 800mg,0905022S0AAABAB,1,-0.016800000000002813
336,F81009,Ferr Sulf_Tab 200mg,0901011P0AAACAC,9,-0.01890000000000054
250,F81043,Paracet_Tab 500mg,0407010H0AAAMAM,4,-0.022399999999999864
249,F81043,Paracet_Tab 500mg,0407010H0AAAMAM,4,-0.022399999999999864
367,F81111,Sevelamer_Tab 800mg,0905022S0AAABAB,1,-0.02520000000000422
256,F81015,Paracet_Tab 500mg,0407010H0AAAMAM,5,-0.02799999999999983
254,F81111,Paracet_Tab 500mg,0407010H0AAAMAM,5,-0.02799999999999983
253,F81111,Paracet_Tab 500mg,0407010H0AAAMAM,5,-0.02799999999999983
252,F81131,Paracet_Tab 500mg,0407010H0AAAMAM,5,-0.02799999999999983
251,F81015,Paracet_Tab 500mg,0407010H0AAAMAM,5,-0.02799999999999983
255,F81131,Paracet_Tab 500mg,0407010H0AAAMAM,5,-0.02799999999999983
257,F81118,Paracet_Tab 500mg,0407010H0AAAMAM,6,-0.0335999999999998
258,F81118,Paracet_Tab 500mg,0407010H0AAAMAM,6,-0.0335999999999998
262,F81053,Paracet_Tab 500mg,0407010H0AAAMAM,7,-0.03919999999999976
260,F81053,Paracet_Tab 500mg,0407010H0AAAMAM,7,-0.03919999999999976
261,F81120,Paracet_Tab 500mg,0407010H0AAAMAM,7,-0.03919999999999976
259,F81120,Paracet_Tab 500mg,0407010H0AAAMAM,7,-0.03919999999999976
264,F81725,Paracet_Tab 500mg,0407010H0AAAMAM,8,-0.04479999999999973
263,F81725,Paracet_Tab 500mg,0407010H0AAAMAM,8,-0.04479999999999973
265,F81047,Paracet_Tab 500mg,0407010H0AAAMAM,9,-0.050399999999999695
266,F81047,Paracet_Tab 500mg,0407010H0AAAMAM,9,-0.050399999999999695
268,F81619,Paracet_Tab 500mg,0407010H0AAAMAM,10,-0.05599999999999966
267,F81619,Paracet_Tab 500mg,0407010H0AAAMAM,10,-0.05599999999999966
270,F81056,Paracet_Tab 500mg,0407010H0AAAMAM,11,-0.06159999999999963
269,F81056,Paracet_Tab 500mg,0407010H0AAAMAM,11,-0.06159999999999963
271,F81106,Paracet_Tab 500mg,0407010H0AAAMAM,12,-0.0671999999999996
272,F81106,Paracet_Tab 500mg,0407010H0AAAMAM,12,-0.0671999999999996
273,F81136,Paracet_Tab 500mg,0407010H0AAAMAM,17,-0.09519999999999942
274,F81136,Paracet_Tab 500mg,0407010H0AAAMAM,17,-0.09519999999999942
275,F81048,Paracet_Tab 500mg,0407010H0AAAMAM,19,-0.10639999999999936
276,F81048,Paracet_Tab 500mg,0407010H0AAAMAM,19,-0.10639999999999936
277,F81078,Paracet_Tab 500mg,0407010H0AAAMAM,20,-0.11199999999999932
278,F81078,Paracet_Tab 500mg,0407010H0AAAMAM,20,-0.11199999999999932
279,F81062,Paracet_Tab 500mg,0407010H0AAAMAM,23,-0.12879999999999922
280,F81062,Paracet_Tab 500mg,0407010H0AAAMAM,23,-0.12879999999999922
282,F81090,Paracet_Tab 500mg,0407010H0AAAMAM,26,-0.14559999999999912
281,F81090,Paracet_Tab 500mg,0407010H0AAAMAM,26,-0.14559999999999912
58,F81181,Letrozole_Tab 2.5mg,0803041L0AAAAAA,16,-0.2688000000000015
59,F81749,Letrozole_Tab 2.5mg,0803041L0AAAAAA,17,-0.2856000000000016
60,F81027,Letrozole_Tab 2.5mg,0803041L0AAAAAA,19,-0.5320000000000005
347,F81136,Aripiprazole_Tab 5mg,0402010ADAAADAD,1,-0.6804000000000004
284,F81072,Paracet_Tab 500mg,0407010H0AAAMAM,10,-2.5999999999999983
283,F81072,Paracet_Tab 500mg,0407010H0AAAMAM,10,-2.5999999999999983
