,practice_code,bnf_description,bnf_code,items,excess_cost
153,E84080,Co-Careldopa_Tab 25mg/100mg,0409010N0AAABAB,1,79.25399999999999
0,E84620,Risperidone_Tab 6mg,040201030AAAFAF,8,58.464
1,E84049,Risperidone_Tab 6mg,040201030AAAFAF,1,58.4192
200,E84025,Mesalazine_Tab E/C 800mg,0105010B0AAASAS,1,51.65999999999999
180,E84665,Mesalazine_Tab E/C 400mg,0105010B0AAAAAA,1,51.33599999999999
181,E84709,Mesalazine_Tab E/C 400mg,0105010B0AAAAAA,1,47.913599999999995
182,E84003,Mesalazine_Tab E/C 400mg,0105010B0AAAAAA,1,47.913599999999995
183,E84066,Mesalazine_Tab E/C 400mg,0105010B0AAAAAA,1,47.913599999999995
184,E84023,Mesalazine_Tab E/C 400mg,0105010B0AAAAAA,1,47.913599999999995
185,E84645,Mesalazine_Tab E/C 400mg,0105010B0AAAAAA,1,47.913599999999995
201,E84025,Mesalazine_Tab E/C 800mg,0105010B0AAASAS,1,36.89999999999999
346,E84023,Amlodipine_Tab 5mg,0206020A0AAAAAA,34,35.79520000000002
202,E84013,Mesalazine_Tab E/C 800mg,0105010B0AAASAS,1,34.43999999999999
2,E84074,Risperidone_Tab 6mg,040201030AAAFAF,1,29.2096
186,E84006,Mesalazine_Tab E/C 400mg,0105010B0AAAAAA,1,25.667999999999996
187,E84049,Mesalazine_Tab E/C 400mg,0105010B0AAAAAA,1,23.956799999999998
203,E84063,Mesalazine_Tab E/C 800mg,0105010B0AAASAS,1,22.959999999999994
188,E84006,Mesalazine_Tab E/C 400mg,0105010B0AAAAAA,1,17.099999999999998
204,E84066,Mesalazine_Tab E/C 800mg,0105010B0AAASAS,1,12.293999999999999
277,Y00206,Pyridox HCl_Tab 50mg,0906024N0AAAIAI,1,11.491200000000003
205,E84685,Mesalazine_Tab E/C 800mg,0105010B0AAASAS,1,11.479999999999997
445,E84080,Topiramate_Tab 200mg,040801050AAACAC,8,9.318399999999993
446,E84051,Topiramate_Tab 200mg,040801050AAACAC,1,4.979999999999998
4,E84083,Clonazepam_Tab 500mcg,0408010F0AAABAB,1,4.519999999999991
431,E84017,Glibenclamide_Tab 2.5mg,0601021H0AAAAAA,1,4.200000000000004
3,E84021,Risperidone_Tab 6mg,040201030AAAFAF,1,4.1744
5,E84086,Clonazepam_Tab 500mcg,0408010F0AAABAB,6,3.796799999999992
432,E84645,Glibenclamide_Tab 2.5mg,0601021H0AAAAAA,9,3.150000000000003
278,E84063,Pyridox HCl_Tab 50mg,0906024N0AAAIAI,1,2.8728000000000007
6,E84002,Clonazepam_Tab 500mcg,0408010F0AAABAB,1,2.847599999999994
433,E84678,Glibenclamide_Tab 2.5mg,0601021H0AAAAAA,1,2.8000000000000025
434,E84066,Glibenclamide_Tab 2.5mg,0601021H0AAAAAA,1,2.8000000000000025
435,E84011,Glibenclamide_Tab 2.5mg,0601021H0AAAAAA,1,2.8000000000000025
11,E84006,Clonazepam_Tab 500mcg,0408010F0AAABAB,2,2.531199999999995
10,E84620,Clonazepam_Tab 500mcg,0408010F0AAABAB,8,2.531199999999995
9,E84080,Clonazepam_Tab 500mcg,0408010F0AAABAB,4,2.531199999999995
8,E84015,Clonazepam_Tab 500mcg,0408010F0AAABAB,4,2.531199999999995
7,E84086,Clonazepam_Tab 500mcg,0408010F0AAABAB,1,2.531199999999995
447,E84702,Topiramate_Tab 200mg,040801050AAACAC,1,2.489999999999999
448,E84013,Topiramate_Tab 200mg,040801050AAACAC,1,2.489999999999999
449,E84048,Topiramate_Tab 200mg,040801050AAACAC,1,2.3183999999999996
450,E84685,Topiramate_Tab 200mg,040801050AAACAC,1,2.3183999999999996
451,E84020,Topiramate_Tab 200mg,040801050AAACAC,4,2.307200000000001
13,E84678,Clonazepam_Tab 500mcg,0408010F0AAABAB,2,2.2599999999999953
12,E84032,Clonazepam_Tab 500mcg,0408010F0AAABAB,1,2.2599999999999953
14,E84076,Clonazepam_Tab 500mcg,0408010F0AAABAB,2,2.2599999999999953
16,E84645,Clonazepam_Tab 500mcg,0408010F0AAABAB,7,2.2147999999999954
15,E84645,Clonazepam_Tab 500mcg,0408010F0AAABAB,14,2.2147999999999954
210,E84025,Amiodarone HCl_Tab 200mg,0203020D0AAABAB,2,2.100000000000002
437,E84645,Glibenclamide_Tab 2.5mg,0601021H0AAAAAA,1,2.100000000000002
436,E84021,Glibenclamide_Tab 2.5mg,0601021H0AAAAAA,1,2.100000000000002
280,E84066,Pyridox HCl_Tab 50mg,0906024N0AAAIAI,1,1.9152000000000005
279,E84705,Pyridox HCl_Tab 50mg,0906024N0AAAIAI,1,1.9152000000000005
281,E84066,Pyridox HCl_Tab 50mg,0906024N0AAAIAI,2,1.9152000000000005
282,E84021,Pyridox HCl_Tab 50mg,0906024N0AAAIAI,1,1.9152000000000005
19,E84074,Clonazepam_Tab 500mcg,0408010F0AAABAB,3,1.898399999999996
20,E84674,Clonazepam_Tab 500mcg,0408010F0AAABAB,1,1.898399999999996
21,E84032,Clonazepam_Tab 500mcg,0408010F0AAABAB,4,1.898399999999996
22,E84007,Clonazepam_Tab 500mcg,0408010F0AAABAB,2,1.898399999999996
18,E84080,Clonazepam_Tab 500mcg,0408010F0AAABAB,2,1.898399999999996
17,E84006,Clonazepam_Tab 500mcg,0408010F0AAABAB,1,1.898399999999996
23,E84067,Clonazepam_Tab 500mcg,0408010F0AAABAB,3,1.898399999999996
24,E84002,Clonazepam_Tab 500mcg,0408010F0AAABAB,1,1.5819999999999967
26,E84086,Clonazepam_Tab 500mcg,0408010F0AAABAB,1,1.5819999999999967
28,E84036,Clonazepam_Tab 500mcg,0408010F0AAABAB,5,1.5819999999999967
27,E84674,Clonazepam_Tab 500mcg,0408010F0AAABAB,5,1.5819999999999967
25,E84013,Clonazepam_Tab 500mcg,0408010F0AAABAB,5,1.5819999999999967
284,E84025,Pyridox HCl_Tab 50mg,0906024N0AAAIAI,1,1.4364000000000003
283,E84002,Pyridox HCl_Tab 50mg,0906024N0AAAIAI,1,1.4364000000000003
285,E84006,Pyridox HCl_Tab 50mg,0906024N0AAAIAI,1,1.4364000000000003
29,E84013,Clonazepam_Tab 500mcg,0408010F0AAABAB,9,1.423799999999997
439,E84025,Glibenclamide_Tab 2.5mg,0601021H0AAAAAA,1,1.4000000000000012
212,E84021,Amiodarone HCl_Tab 200mg,0203020D0AAABAB,2,1.4000000000000012
213,E84012,Amiodarone HCl_Tab 200mg,0203020D0AAABAB,2,1.4000000000000012
214,E84023,Amiodarone HCl_Tab 200mg,0203020D0AAABAB,1,1.4000000000000012
215,E84011,Amiodarone HCl_Tab 200mg,0203020D0AAABAB,4,1.4000000000000012
216,E84015,Amiodarone HCl_Tab 200mg,0203020D0AAABAB,2,1.4000000000000012
217,E84003,Amiodarone HCl_Tab 200mg,0203020D0AAABAB,2,1.4000000000000012
218,E84036,Amiodarone HCl_Tab 200mg,0203020D0AAABAB,4,1.4000000000000012
219,E84709,Amiodarone HCl_Tab 200mg,0203020D0AAABAB,4,1.4000000000000012
220,E84048,Amiodarone HCl_Tab 200mg,0203020D0AAABAB,2,1.4000000000000012
438,E84006,Glibenclamide_Tab 2.5mg,0601021H0AAAAAA,2,1.4000000000000012
440,E84017,Glibenclamide_Tab 2.5mg,0601021H0AAAAAA,2,1.4000000000000012
211,E84006,Amiodarone HCl_Tab 200mg,0203020D0AAABAB,2,1.4000000000000012
30,E84006,Clonazepam_Tab 500mcg,0408010F0AAABAB,2,1.3559999999999972
39,E84077,Clonazepam_Tab 500mcg,0408010F0AAABAB,1,1.2655999999999974
40,E84030,Clonazepam_Tab 500mcg,0408010F0AAABAB,1,1.2655999999999974
31,E84685,Clonazepam_Tab 500mcg,0408010F0AAABAB,4,1.2655999999999974
38,E84031,Clonazepam_Tab 500mcg,0408010F0AAABAB,2,1.2655999999999974
32,E84080,Clonazepam_Tab 500mcg,0408010F0AAABAB,1,1.2655999999999974
33,E84051,Clonazepam_Tab 500mcg,0408010F0AAABAB,1,1.2655999999999974
37,E84066,Clonazepam_Tab 500mcg,0408010F0AAABAB,8,1.2655999999999974
36,E84076,Clonazepam_Tab 500mcg,0408010F0AAABAB,4,1.2655999999999974
35,E84702,Clonazepam_Tab 500mcg,0408010F0AAABAB,1,1.2655999999999974
34,E84086,Clonazepam_Tab 500mcg,0408010F0AAABAB,1,1.2655999999999974
43,E84042,Clonazepam_Tab 500mcg,0408010F0AAABAB,2,1.2655999999999974
44,E84006,Clonazepam_Tab 500mcg,0408010F0AAABAB,2,1.2655999999999974
42,E84025,Clonazepam_Tab 500mcg,0408010F0AAABAB,1,1.2655999999999974
47,E84007,Clonazepam_Tab 500mcg,0408010F0AAABAB,2,1.2655999999999974
46,E84066,Clonazepam_Tab 500mcg,0408010F0AAABAB,4,1.2655999999999974
45,E84020,Clonazepam_Tab 500mcg,0408010F0AAABAB,1,1.2655999999999974
41,E84003,Clonazepam_Tab 500mcg,0408010F0AAABAB,1,1.2655999999999974
50,E84030,Clonazepam_Tab 500mcg,0408010F0AAABAB,1,1.1299999999999977
49,E84031,Clonazepam_Tab 500mcg,0408010F0AAABAB,1,1.1299999999999977
48,E84086,Clonazepam_Tab 500mcg,0408010F0AAABAB,1,1.1299999999999977
221,E84074,Amiodarone HCl_Tab 200mg,0203020D0AAABAB,3,1.050000000000001
222,E84066,Amiodarone HCl_Tab 200mg,0203020D0AAABAB,1,1.050000000000001
223,E84028,Amiodarone HCl_Tab 200mg,0203020D0AAABAB,1,1.050000000000001
224,E84006,Amiodarone HCl_Tab 200mg,0203020D0AAABAB,3,1.050000000000001
225,E84013,Amiodarone HCl_Tab 200mg,0203020D0AAABAB,3,1.050000000000001
441,E84063,Glibenclamide_Tab 2.5mg,0601021H0AAAAAA,3,1.050000000000001
226,E84002,Amiodarone HCl_Tab 200mg,0203020D0AAABAB,1,1.050000000000001
51,E84709,Clonazepam_Tab 500mcg,0408010F0AAABAB,1,1.016999999999998
227,E84028,Amiodarone HCl_Tab 200mg,0203020D0AAABAB,12,1.0164
288,E84007,Pyridox HCl_Tab 50mg,0906024N0AAAIAI,1,0.9576000000000002
287,E84067,Pyridox HCl_Tab 50mg,0906024N0AAAIAI,2,0.9576000000000002
286,E84032,Pyridox HCl_Tab 50mg,0906024N0AAAIAI,4,0.9576000000000002
289,E84685,Pyridox HCl_Tab 50mg,0906024N0AAAIAI,1,0.9576000000000002
60,E84709,Clonazepam_Tab 500mcg,0408010F0AAABAB,1,0.949199999999998
65,E84006,Clonazepam_Tab 500mcg,0408010F0AAABAB,4,0.949199999999998
64,E84067,Clonazepam_Tab 500mcg,0408010F0AAABAB,1,0.949199999999998
63,E84086,Clonazepam_Tab 500mcg,0408010F0AAABAB,3,0.949199999999998
62,Y02692,Clonazepam_Tab 500mcg,0408010F0AAABAB,1,0.949199999999998
61,E84032,Clonazepam_Tab 500mcg,0408010F0AAABAB,3,0.949199999999998
58,E84709,Clonazepam_Tab 500mcg,0408010F0AAABAB,3,0.949199999999998
59,E84620,Clonazepam_Tab 500mcg,0408010F0AAABAB,1,0.949199999999998
57,E84685,Clonazepam_Tab 500mcg,0408010F0AAABAB,4,0.949199999999998
56,E84028,Clonazepam_Tab 500mcg,0408010F0AAABAB,1,0.949199999999998
55,E84002,Clonazepam_Tab 500mcg,0408010F0AAABAB,1,0.949199999999998
54,E84020,Clonazepam_Tab 500mcg,0408010F0AAABAB,4,0.949199999999998
53,E84051,Clonazepam_Tab 500mcg,0408010F0AAABAB,4,0.949199999999998
52,E84048,Clonazepam_Tab 500mcg,0408010F0AAABAB,1,0.949199999999998
229,E84030,Amiodarone HCl_Tab 200mg,0203020D0AAABAB,10,0.847
228,E84685,Amiodarone HCl_Tab 200mg,0203020D0AAABAB,10,0.847
69,E84624,Clonazepam_Tab 500mcg,0408010F0AAABAB,1,0.7909999999999984
68,E84015,Clonazepam_Tab 500mcg,0408010F0AAABAB,5,0.7909999999999984
66,E84006,Clonazepam_Tab 500mcg,0408010F0AAABAB,5,0.7909999999999984
67,E84635,Clonazepam_Tab 500mcg,0408010F0AAABAB,5,0.7909999999999984
241,E84067,Amiodarone HCl_Tab 200mg,0203020D0AAABAB,1,0.7000000000000006
443,E84067,Glibenclamide_Tab 2.5mg,0601021H0AAAAAA,1,0.7000000000000006
230,E84030,Amiodarone HCl_Tab 200mg,0203020D0AAABAB,1,0.7000000000000006
231,E84086,Amiodarone HCl_Tab 200mg,0203020D0AAABAB,2,0.7000000000000006
232,E84025,Amiodarone HCl_Tab 200mg,0203020D0AAABAB,1,0.7000000000000006
233,E84665,Amiodarone HCl_Tab 200mg,0203020D0AAABAB,1,0.7000000000000006
234,Y01090,Amiodarone HCl_Tab 200mg,0203020D0AAABAB,1,0.7000000000000006
235,E84685,Amiodarone HCl_Tab 200mg,0203020D0AAABAB,1,0.7000000000000006
236,E84007,Amiodarone HCl_Tab 200mg,0203020D0AAABAB,2,0.7000000000000006
237,Y00206,Amiodarone HCl_Tab 200mg,0203020D0AAABAB,2,0.7000000000000006
238,E84002,Amiodarone HCl_Tab 200mg,0203020D0AAABAB,1,0.7000000000000006
239,E84020,Amiodarone HCl_Tab 200mg,0203020D0AAABAB,2,0.7000000000000006
240,E84020,Amiodarone HCl_Tab 200mg,0203020D0AAABAB,1,0.7000000000000006
242,E84042,Amiodarone HCl_Tab 200mg,0203020D0AAABAB,2,0.7000000000000006
243,E84002,Amiodarone HCl_Tab 200mg,0203020D0AAABAB,2,0.7000000000000006
244,E84674,Amiodarone HCl_Tab 200mg,0203020D0AAABAB,1,0.7000000000000006
442,E84074,Glibenclamide_Tab 2.5mg,0601021H0AAAAAA,1,0.7000000000000006
76,E84699,Clonazepam_Tab 500mcg,0408010F0AAABAB,2,0.6779999999999986
75,E84033,Clonazepam_Tab 500mcg,0408010F0AAABAB,1,0.6779999999999986
74,E84032,Clonazepam_Tab 500mcg,0408010F0AAABAB,2,0.6779999999999986
73,E84025,Clonazepam_Tab 500mcg,0408010F0AAABAB,1,0.6779999999999986
71,E84702,Clonazepam_Tab 500mcg,0408010F0AAABAB,1,0.6779999999999986
70,E84021,Clonazepam_Tab 500mcg,0408010F0AAABAB,1,0.6779999999999986
72,E84674,Clonazepam_Tab 500mcg,0408010F0AAABAB,1,0.6779999999999986
245,E84006,Amiodarone HCl_Tab 200mg,0203020D0AAABAB,8,0.6776
246,E84021,Amiodarone HCl_Tab 200mg,0203020D0AAABAB,8,0.6776
248,E84620,Amiodarone HCl_Tab 200mg,0203020D0AAABAB,8,0.6776
247,E84013,Amiodarone HCl_Tab 200mg,0203020D0AAABAB,8,0.6776
80,E84030,Clonazepam_Tab 500mcg,0408010F0AAABAB,2,0.6327999999999987
92,E84032,Clonazepam_Tab 500mcg,0408010F0AAABAB,1,0.6327999999999987
100,E84076,Clonazepam_Tab 500mcg,0408010F0AAABAB,1,0.6327999999999987
101,E84006,Clonazepam_Tab 500mcg,0408010F0AAABAB,2,0.6327999999999987
97,E84674,Clonazepam_Tab 500mcg,0408010F0AAABAB,1,0.6327999999999987
96,E84656,Clonazepam_Tab 500mcg,0408010F0AAABAB,1,0.6327999999999987
79,E84083,Clonazepam_Tab 500mcg,0408010F0AAABAB,4,0.6327999999999987
78,E84002,Clonazepam_Tab 500mcg,0408010F0AAABAB,1,0.6327999999999987
95,E84017,Clonazepam_Tab 500mcg,0408010F0AAABAB,1,0.6327999999999987
94,E84015,Clonazepam_Tab 500mcg,0408010F0AAABAB,2,0.6327999999999987
102,E84033,Clonazepam_Tab 500mcg,0408010F0AAABAB,2,0.6327999999999987
103,E84020,Clonazepam_Tab 500mcg,0408010F0AAABAB,1,0.6327999999999987
98,E84003,Clonazepam_Tab 500mcg,0408010F0AAABAB,1,0.6327999999999987
93,E84626,Clonazepam_Tab 500mcg,0408010F0AAABAB,1,0.6327999999999987
99,E84702,Clonazepam_Tab 500mcg,0408010F0AAABAB,1,0.6327999999999987
91,E84067,Clonazepam_Tab 500mcg,0408010F0AAABAB,4,0.6327999999999987
85,E84048,Clonazepam_Tab 500mcg,0408010F0AAABAB,1,0.6327999999999987
81,E84074,Clonazepam_Tab 500mcg,0408010F0AAABAB,4,0.6327999999999987
90,E84013,Clonazepam_Tab 500mcg,0408010F0AAABAB,1,0.6327999999999987
77,E84620,Clonazepam_Tab 500mcg,0408010F0AAABAB,1,0.6327999999999987
82,E84036,Clonazepam_Tab 500mcg,0408010F0AAABAB,4,0.6327999999999987
89,E84665,Clonazepam_Tab 500mcg,0408010F0AAABAB,2,0.6327999999999987
88,E84620,Clonazepam_Tab 500mcg,0408010F0AAABAB,8,0.6327999999999987
87,E84048,Clonazepam_Tab 500mcg,0408010F0AAABAB,2,0.6327999999999987
86,E84051,Clonazepam_Tab 500mcg,0408010F0AAABAB,4,0.6327999999999987
83,Y01090,Clonazepam_Tab 500mcg,0408010F0AAABAB,1,0.6327999999999987
84,E84021,Clonazepam_Tab 500mcg,0408010F0AAABAB,1,0.6327999999999987
249,E84007,Amiodarone HCl_Tab 200mg,0203020D0AAABAB,7,0.5929
106,E84007,Clonazepam_Tab 500mcg,0408010F0AAABAB,1,0.5699999999999983
104,E84066,Clonazepam_Tab 500mcg,0408010F0AAABAB,1,0.5699999999999983
105,E84025,Clonazepam_Tab 500mcg,0408010F0AAABAB,1,0.5699999999999983
251,E84031,Amiodarone HCl_Tab 200mg,0203020D0AAABAB,6,0.5082
250,E84036,Amiodarone HCl_Tab 200mg,0203020D0AAABAB,6,0.5082
107,Y00206,Clonazepam_Tab 500mcg,0408010F0AAABAB,1,0.497199999999999
108,E84067,Clonazepam_Tab 500mcg,0408010F0AAABAB,4,0.48839999999999995
295,E84007,Pyridox HCl_Tab 50mg,0906024N0AAAIAI,1,0.4788000000000001
294,E84701,Pyridox HCl_Tab 50mg,0906024N0AAAIAI,1,0.4788000000000001
291,E84011,Pyridox HCl_Tab 50mg,0906024N0AAAIAI,1,0.4788000000000001
293,E84626,Pyridox HCl_Tab 50mg,0906024N0AAAIAI,4,0.4788000000000001
290,E84709,Pyridox HCl_Tab 50mg,0906024N0AAAIAI,1,0.4788000000000001
292,E84665,Pyridox HCl_Tab 50mg,0906024N0AAAIAI,1,0.4788000000000001
109,E84626,Clonazepam_Tab 500mcg,0408010F0AAABAB,3,0.474599999999999
296,E84074,Pyridox HCl_Tab 50mg,0906024N0AAAIAI,3,0.4248000000000012
297,E84031,Pyridox HCl_Tab 50mg,0906024N0AAAIAI,3,0.4248000000000012
252,E84626,Amiodarone HCl_Tab 200mg,0203020D0AAABAB,5,0.4235
253,E84033,Amiodarone HCl_Tab 200mg,0203020D0AAABAB,5,0.4235
444,E84665,Glibenclamide_Tab 2.5mg,0601021H0AAAAAA,4,0.3695999999999997
254,E84015,Amiodarone HCl_Tab 200mg,0203020D0AAABAB,2,0.35840000000000016
262,E84637,Amiodarone HCl_Tab 200mg,0203020D0AAABAB,1,0.3500000000000003
261,E84645,Amiodarone HCl_Tab 200mg,0203020D0AAABAB,1,0.3500000000000003
260,E84012,Amiodarone HCl_Tab 200mg,0203020D0AAABAB,1,0.3500000000000003
259,E84701,Amiodarone HCl_Tab 200mg,0203020D0AAABAB,1,0.3500000000000003
255,E84015,Amiodarone HCl_Tab 200mg,0203020D0AAABAB,1,0.3500000000000003
258,E84078,Amiodarone HCl_Tab 200mg,0203020D0AAABAB,1,0.3500000000000003
257,E84635,Amiodarone HCl_Tab 200mg,0203020D0AAABAB,1,0.3500000000000003
256,E84017,Amiodarone HCl_Tab 200mg,0203020D0AAABAB,1,0.3500000000000003
298,E84020,Pyridox HCl_Tab 50mg,0906024N0AAAIAI,2,0.34800000000000164
110,E84049,Clonazepam_Tab 500mcg,0408010F0AAABAB,8,0.33919999999999995
111,E84076,Clonazepam_Tab 500mcg,0408010F0AAABAB,1,0.3389999999999993
113,E84006,Clonazepam_Tab 500mcg,0408010F0AAABAB,1,0.3389999999999993
112,E84020,Clonazepam_Tab 500mcg,0408010F0AAABAB,1,0.3389999999999993
114,E84007,Clonazepam_Tab 500mcg,0408010F0AAABAB,1,0.3389999999999993
115,E84002,Clonazepam_Tab 500mcg,0408010F0AAABAB,1,0.3389999999999993
119,E84042,Clonazepam_Tab 500mcg,0408010F0AAABAB,1,0.3389999999999993
118,E84021,Clonazepam_Tab 500mcg,0408010F0AAABAB,1,0.3389999999999993
117,E84626,Clonazepam_Tab 500mcg,0408010F0AAABAB,1,0.3389999999999993
116,E84028,Clonazepam_Tab 500mcg,0408010F0AAABAB,1,0.3389999999999993
264,E84003,Amiodarone HCl_Tab 200mg,0203020D0AAABAB,4,0.3388
269,E84066,Amiodarone HCl_Tab 200mg,0203020D0AAABAB,4,0.3388
268,E84637,Amiodarone HCl_Tab 200mg,0203020D0AAABAB,4,0.3388
267,E84701,Amiodarone HCl_Tab 200mg,0203020D0AAABAB,4,0.3388
266,E84684,Amiodarone HCl_Tab 200mg,0203020D0AAABAB,4,0.3388
265,E84665,Amiodarone HCl_Tab 200mg,0203020D0AAABAB,4,0.3388
263,E84645,Amiodarone HCl_Tab 200mg,0203020D0AAABAB,4,0.3388
299,E84036,Pyridox HCl_Tab 50mg,0906024N0AAAIAI,5,0.3280000000000016
127,E84007,Clonazepam_Tab 500mcg,0408010F0AAABAB,1,0.31639999999999935
122,E84020,Clonazepam_Tab 500mcg,0408010F0AAABAB,1,0.31639999999999935
126,E84025,Clonazepam_Tab 500mcg,0408010F0AAABAB,1,0.31639999999999935
125,E84021,Clonazepam_Tab 500mcg,0408010F0AAABAB,1,0.31639999999999935
124,E84023,Clonazepam_Tab 500mcg,0408010F0AAABAB,4,0.31639999999999935
129,E84678,Clonazepam_Tab 500mcg,0408010F0AAABAB,1,0.31639999999999935
128,E84028,Clonazepam_Tab 500mcg,0408010F0AAABAB,1,0.31639999999999935
131,E84023,Clonazepam_Tab 500mcg,0408010F0AAABAB,1,0.31639999999999935
120,E84667,Clonazepam_Tab 500mcg,0408010F0AAABAB,1,0.31639999999999935
130,E84645,Clonazepam_Tab 500mcg,0408010F0AAABAB,4,0.31639999999999935
134,E84076,Clonazepam_Tab 500mcg,0408010F0AAABAB,4,0.31639999999999935
121,E84656,Clonazepam_Tab 500mcg,0408010F0AAABAB,1,0.31639999999999935
132,E84078,Clonazepam_Tab 500mcg,0408010F0AAABAB,1,0.31639999999999935
133,E84002,Clonazepam_Tab 500mcg,0408010F0AAABAB,1,0.31639999999999935
123,E84074,Clonazepam_Tab 500mcg,0408010F0AAABAB,1,0.31639999999999935
303,E84685,Pyridox HCl_Tab 50mg,0906024N0AAAIAI,2,0.2832000000000008
302,E84048,Pyridox HCl_Tab 50mg,0906024N0AAAIAI,2,0.2832000000000008
301,E84638,Pyridox HCl_Tab 50mg,0906024N0AAAIAI,2,0.2832000000000008
300,E84067,Pyridox HCl_Tab 50mg,0906024N0AAAIAI,2,0.2832000000000008
304,Y00206,Pyridox HCl_Tab 50mg,0906024N0AAAIAI,1,0.27200000000000024
270,E84036,Amiodarone HCl_Tab 200mg,0203020D0AAABAB,1,0.2646
305,E84033,Pyridox HCl_Tab 50mg,0906024N0AAAIAI,4,0.2624000000000013
135,E84007,Clonazepam_Tab 500mcg,0408010F0AAABAB,1,0.25989999999999946
272,E84032,Amiodarone HCl_Tab 200mg,0203020D0AAABAB,3,0.2541
271,E84012,Amiodarone HCl_Tab 200mg,0203020D0AAABAB,3,0.2541
136,Y01090,Clonazepam_Tab 500mcg,0408010F0AAABAB,3,0.2372999999999995
137,E84003,Clonazepam_Tab 500mcg,0408010F0AAABAB,3,0.2372999999999995
138,E84015,Clonazepam_Tab 500mcg,0408010F0AAABAB,2,0.23199999999999998
306,E84665,Pyridox HCl_Tab 50mg,0906024N0AAAIAI,1,0.20639999999999992
307,E84006,Pyridox HCl_Tab 50mg,0906024N0AAAIAI,3,0.19680000000000097
347,E84015,Amlodipine_Tab 5mg,0206020A0AAAAAA,32,0.17920000000000202
273,E84036,Amiodarone HCl_Tab 200mg,0203020D0AAABAB,1,0.17920000000000008
274,Y00206,Amiodarone HCl_Tab 200mg,0203020D0AAABAB,1,0.17920000000000008
139,E84033,Clonazepam_Tab 500mcg,0408010F0AAABAB,1,0.174
308,E84049,Pyridox HCl_Tab 50mg,0906024N0AAAIAI,8,0.17120000000000068
144,E84033,Clonazepam_Tab 500mcg,0408010F0AAABAB,4,0.16959999999999997
143,E84006,Clonazepam_Tab 500mcg,0408010F0AAABAB,4,0.16959999999999997
142,E84624,Clonazepam_Tab 500mcg,0408010F0AAABAB,4,0.16959999999999997
141,E84685,Clonazepam_Tab 500mcg,0408010F0AAABAB,4,0.16959999999999997
140,E84021,Clonazepam_Tab 500mcg,0408010F0AAABAB,4,0.16959999999999997
145,E84077,Clonazepam_Tab 500mcg,0408010F0AAABAB,1,0.15819999999999967
148,E84656,Clonazepam_Tab 500mcg,0408010F0AAABAB,1,0.15819999999999967
147,E84002,Clonazepam_Tab 500mcg,0408010F0AAABAB,1,0.15819999999999967
146,E84012,Clonazepam_Tab 500mcg,0408010F0AAABAB,1,0.15819999999999967
309,E84021,Pyridox HCl_Tab 50mg,0906024N0AAAIAI,7,0.1498000000000006
313,E84013,Pyridox HCl_Tab 50mg,0906024N0AAAIAI,1,0.1416000000000004
314,E84020,Pyridox HCl_Tab 50mg,0906024N0AAAIAI,1,0.1416000000000004
312,E84083,Pyridox HCl_Tab 50mg,0906024N0AAAIAI,1,0.1416000000000004
311,E84645,Pyridox HCl_Tab 50mg,0906024N0AAAIAI,1,0.1416000000000004
310,E84051,Pyridox HCl_Tab 50mg,0906024N0AAAIAI,1,0.1416000000000004
315,Y02692,Pyridox HCl_Tab 50mg,0906024N0AAAIAI,1,0.1416000000000004
316,E84006,Pyridox HCl_Tab 50mg,0906024N0AAAIAI,1,0.1416000000000004
317,E84003,Pyridox HCl_Tab 50mg,0906024N0AAAIAI,1,0.1416000000000004
318,E84015,Pyridox HCl_Tab 50mg,0906024N0AAAIAI,1,0.1416000000000004
319,E84620,Pyridox HCl_Tab 50mg,0906024N0AAAIAI,1,0.1416000000000004
320,E84049,Pyridox HCl_Tab 50mg,0906024N0AAAIAI,1,0.1416000000000004
321,E84007,Pyridox HCl_Tab 50mg,0906024N0AAAIAI,1,0.1416000000000004
323,E84685,Pyridox HCl_Tab 50mg,0906024N0AAAIAI,2,0.13120000000000065
324,E84066,Pyridox HCl_Tab 50mg,0906024N0AAAIAI,2,0.13120000000000065
322,E84665,Pyridox HCl_Tab 50mg,0906024N0AAAIAI,2,0.13120000000000065
149,E84015,Clonazepam_Tab 500mcg,0408010F0AAABAB,1,0.12209999999999999
326,E84665,Pyridox HCl_Tab 50mg,0906024N0AAAIAI,1,0.11970000000000003
325,E84028,Pyridox HCl_Tab 50mg,0906024N0AAAIAI,1,0.11970000000000003
348,E84066,Amlodipine_Tab 5mg,0206020A0AAAAAA,16,0.08960000000000101
327,E84048,Pyridox HCl_Tab 50mg,0906024N0AAAIAI,4,0.08560000000000034
328,E84665,Pyridox HCl_Tab 50mg,0906024N0AAAIAI,4,0.08560000000000034
329,E84006,Pyridox HCl_Tab 50mg,0906024N0AAAIAI,4,0.08560000000000034
330,E84036,Pyridox HCl_Tab 50mg,0906024N0AAAIAI,4,0.08560000000000034
331,E84076,Pyridox HCl_Tab 50mg,0906024N0AAAIAI,4,0.08560000000000034
332,E84620,Pyridox HCl_Tab 50mg,0906024N0AAAIAI,4,0.08560000000000034
333,E84003,Pyridox HCl_Tab 50mg,0906024N0AAAIAI,4,0.08560000000000034
334,E84051,Pyridox HCl_Tab 50mg,0906024N0AAAIAI,4,0.08560000000000034
335,E84638,Pyridox HCl_Tab 50mg,0906024N0AAAIAI,4,0.08560000000000034
276,E84017,Amiodarone HCl_Tab 200mg,0203020D0AAABAB,1,0.0847
275,E84011,Amiodarone HCl_Tab 200mg,0203020D0AAABAB,1,0.0847
150,E84020,Clonazepam_Tab 500mcg,0408010F0AAABAB,1,0.07909999999999984
337,Y00206,Pyridox HCl_Tab 50mg,0906024N0AAAIAI,1,0.06560000000000032
341,E84048,Pyridox HCl_Tab 50mg,0906024N0AAAIAI,1,0.06560000000000032
340,E84669,Pyridox HCl_Tab 50mg,0906024N0AAAIAI,1,0.06560000000000032
339,E84074,Pyridox HCl_Tab 50mg,0906024N0AAAIAI,1,0.06560000000000032
338,E84684,Pyridox HCl_Tab 50mg,0906024N0AAAIAI,1,0.06560000000000032
336,E84021,Pyridox HCl_Tab 50mg,0906024N0AAAIAI,1,0.06560000000000032
343,E84031,Pyridox HCl_Tab 50mg,0906024N0AAAIAI,3,0.06420000000000026
342,E84032,Pyridox HCl_Tab 50mg,0906024N0AAAIAI,3,0.06420000000000026
152,E84007,Clonazepam_Tab 500mcg,0408010F0AAABAB,1,0.057999999999999996
151,E84048,Clonazepam_Tab 500mcg,0408010F0AAABAB,1,0.057999999999999996
349,E84083,Amlodipine_Tab 5mg,0206020A0AAAAAA,8,0.044800000000000506
350,E84017,Amlodipine_Tab 5mg,0206020A0AAAAAA,8,0.044800000000000506
154,E84626,Co-Careldopa_Tab 25mg/100mg,0409010N0AAABAB,7,0.03920000000000112
351,E84635,Amlodipine_Tab 5mg,0206020A0AAAAAA,7,0.03920000000000044
156,E84066,Co-Careldopa_Tab 25mg/100mg,0409010N0AAABAB,8,0.03360000000000096
155,E84665,Co-Careldopa_Tab 25mg/100mg,0409010N0AAABAB,8,0.03360000000000096
352,E84032,Amlodipine_Tab 5mg,0206020A0AAAAAA,6,0.03360000000000038
344,E84015,Pyridox HCl_Tab 50mg,0906024N0AAAIAI,1,0.03280000000000016
157,E84701,Co-Careldopa_Tab 25mg/100mg,0409010N0AAABAB,7,0.029400000000000842
158,E84006,Co-Careldopa_Tab 25mg/100mg,0409010N0AAABAB,5,0.028000000000000802
353,E84036,Amlodipine_Tab 5mg,0206020A0AAAAAA,5,0.028000000000000316
354,E84078,Amlodipine_Tab 5mg,0206020A0AAAAAA,5,0.028000000000000316
355,E84637,Amlodipine_Tab 5mg,0206020A0AAAAAA,5,0.028000000000000316
360,E84051,Amlodipine_Tab 5mg,0206020A0AAAAAA,4,0.022400000000000253
356,E84021,Amlodipine_Tab 5mg,0206020A0AAAAAA,4,0.022400000000000253
357,E84080,Amlodipine_Tab 5mg,0206020A0AAAAAA,4,0.022400000000000253
358,E84665,Amlodipine_Tab 5mg,0206020A0AAAAAA,4,0.022400000000000253
359,E84006,Amlodipine_Tab 5mg,0206020A0AAAAAA,4,0.022400000000000253
345,E84626,Pyridox HCl_Tab 50mg,0906024N0AAAIAI,1,0.021400000000000086
361,E84006,Amlodipine_Tab 5mg,0206020A0AAAAAA,4,0.01760000000000006
362,E84702,Amlodipine_Tab 5mg,0206020A0AAAAAA,4,0.01760000000000006
159,E84678,Co-Careldopa_Tab 25mg/100mg,0409010N0AAABAB,4,0.01680000000000048
160,E84015,Co-Careldopa_Tab 25mg/100mg,0409010N0AAABAB,4,0.01680000000000048
363,E84003,Amlodipine_Tab 5mg,0206020A0AAAAAA,4,0.015600000000000086
364,E84007,Amlodipine_Tab 5mg,0206020A0AAAAAA,3,0.013200000000000045
161,E84006,Co-Careldopa_Tab 25mg/100mg,0409010N0AAABAB,3,0.012600000000000361
189,E84063,Mesalazine_Tab E/C 400mg,0105010B0AAAAAA,3,0.012599999999998612
162,E84067,Co-Careldopa_Tab 25mg/100mg,0409010N0AAABAB,4,0.01120000000000032
365,E84007,Amlodipine_Tab 5mg,0206020A0AAAAAA,2,0.011200000000000127
368,E84665,Amlodipine_Tab 5mg,0206020A0AAAAAA,1,0.006000000000000172
367,E84083,Amlodipine_Tab 5mg,0206020A0AAAAAA,1,0.006000000000000172
366,E84702,Amlodipine_Tab 5mg,0206020A0AAAAAA,1,0.006000000000000172
369,E84017,Amlodipine_Tab 5mg,0206020A0AAAAAA,1,0.006000000000000172
163,E84012,Co-Careldopa_Tab 25mg/100mg,0409010N0AAABAB,4,0.00560000000000016
374,E84012,Amlodipine_Tab 5mg,0206020A0AAAAAA,1,0.005600000000000063
370,E84684,Amlodipine_Tab 5mg,0206020A0AAAAAA,1,0.005600000000000063
371,E84702,Amlodipine_Tab 5mg,0206020A0AAAAAA,1,0.005600000000000063
372,E84013,Amlodipine_Tab 5mg,0206020A0AAAAAA,1,0.005600000000000063
373,Y05660,Amlodipine_Tab 5mg,0206020A0AAAAAA,1,0.005600000000000063
375,E84002,Amlodipine_Tab 5mg,0206020A0AAAAAA,1,0.004400000000000015
377,E84025,Amlodipine_Tab 5mg,0206020A0AAAAAA,1,0.00420000000000012
376,E84002,Amlodipine_Tab 5mg,0206020A0AAAAAA,1,0.00420000000000012
164,E84620,Co-Careldopa_Tab 25mg/100mg,0409010N0AAABAB,1,0.00280000000000008
165,E84006,Co-Careldopa_Tab 25mg/100mg,0409010N0AAABAB,1,0.0024000000000000687
380,Y02692,Amlodipine_Tab 5mg,0206020A0AAAAAA,1,-0.002099999999999963
379,Y05660,Amlodipine_Tab 5mg,0206020A0AAAAAA,1,-0.002099999999999963
378,E84078,Amlodipine_Tab 5mg,0206020A0AAAAAA,1,-0.002099999999999963
166,E84015,Co-Careldopa_Tab 25mg/100mg,0409010N0AAABAB,1,-0.0027999999999996916
206,E84066,Mesalazine_Tab E/C 800mg,0105010B0AAASAS,1,-0.005999999999999339
381,Y00206,Amlodipine_Tab 5mg,0206020A0AAAAAA,3,-0.006299999999999889
383,E84709,Amlodipine_Tab 5mg,0206020A0AAAAAA,4,-0.008399999999999852
382,E84705,Amlodipine_Tab 5mg,0206020A0AAAAAA,4,-0.008399999999999852
171,E84685,Co-Careldopa_Tab 25mg/100mg,0409010N0AAABAB,4,-0.011199999999998766
170,E84031,Co-Careldopa_Tab 25mg/100mg,0409010N0AAABAB,4,-0.011199999999998766
167,E84638,Co-Careldopa_Tab 25mg/100mg,0409010N0AAABAB,4,-0.011199999999998766
168,E84705,Co-Careldopa_Tab 25mg/100mg,0409010N0AAABAB,4,-0.011199999999998766
169,E84067,Co-Careldopa_Tab 25mg/100mg,0409010N0AAABAB,4,-0.011199999999998766
190,E84006,Mesalazine_Tab E/C 400mg,0105010B0AAAAAA,1,-0.011999999999998678
172,E84701,Co-Careldopa_Tab 25mg/100mg,0409010N0AAABAB,4,-0.013999999999998458
175,E84015,Co-Careldopa_Tab 25mg/100mg,0409010N0AAABAB,2,-0.013999999999998458
174,E84033,Co-Careldopa_Tab 25mg/100mg,0409010N0AAABAB,4,-0.013999999999998458
173,E84638,Co-Careldopa_Tab 25mg/100mg,0409010N0AAABAB,4,-0.013999999999998458
176,E84701,Co-Careldopa_Tab 25mg/100mg,0409010N0AAABAB,6,-0.01679999999999815
384,E84667,Amlodipine_Tab 5mg,0206020A0AAAAAA,8,-0.016799999999999704
177,E84015,Co-Careldopa_Tab 25mg/100mg,0409010N0AAABAB,5,-0.017499999999998073
178,E84066,Co-Careldopa_Tab 25mg/100mg,0409010N0AAABAB,8,-0.022399999999997533
385,E84704,Amlodipine_Tab 5mg,0206020A0AAAAAA,12,-0.025199999999999556
386,E84701,Amlodipine_Tab 5mg,0206020A0AAAAAA,13,-0.02729999999999952
179,E84645,Co-Careldopa_Tab 25mg/100mg,0409010N0AAABAB,4,-0.027999999999996916
387,Y01090,Amlodipine_Tab 5mg,0206020A0AAAAAA,14,-0.029399999999999482
388,E84702,Amlodipine_Tab 5mg,0206020A0AAAAAA,15,-0.031499999999999445
389,E84025,Amlodipine_Tab 5mg,0206020A0AAAAAA,17,-0.03569999999999937
390,E84635,Amlodipine_Tab 5mg,0206020A0AAAAAA,17,-0.03569999999999937
391,E84699,Amlodipine_Tab 5mg,0206020A0AAAAAA,17,-0.03569999999999937
392,E84674,Amlodipine_Tab 5mg,0206020A0AAAAAA,18,-0.037799999999999334
393,E84077,Amlodipine_Tab 5mg,0206020A0AAAAAA,18,-0.037799999999999334
394,E84011,Amlodipine_Tab 5mg,0206020A0AAAAAA,22,-0.046199999999999186
395,E84086,Amlodipine_Tab 5mg,0206020A0AAAAAA,24,-0.05039999999999911
396,E84063,Amlodipine_Tab 5mg,0206020A0AAAAAA,25,-0.052499999999999075
397,E84033,Amlodipine_Tab 5mg,0206020A0AAAAAA,27,-0.056699999999999
398,E84020,Amlodipine_Tab 5mg,0206020A0AAAAAA,28,-0.058799999999998964
399,E84684,Amlodipine_Tab 5mg,0206020A0AAAAAA,30,-0.06299999999999889
401,E84048,Amlodipine_Tab 5mg,0206020A0AAAAAA,32,-0.06719999999999882
400,E84685,Amlodipine_Tab 5mg,0206020A0AAAAAA,32,-0.06719999999999882
402,E84023,Amlodipine_Tab 5mg,0206020A0AAAAAA,33,-0.06929999999999878
404,E84637,Amlodipine_Tab 5mg,0206020A0AAAAAA,34,-0.07139999999999874
403,E84678,Amlodipine_Tab 5mg,0206020A0AAAAAA,34,-0.07139999999999874
405,E84083,Amlodipine_Tab 5mg,0206020A0AAAAAA,36,-0.07559999999999867
406,E84645,Amlodipine_Tab 5mg,0206020A0AAAAAA,38,-0.0797999999999986
408,E84051,Amlodipine_Tab 5mg,0206020A0AAAAAA,38,-0.0797999999999986
407,E84036,Amlodipine_Tab 5mg,0206020A0AAAAAA,38,-0.0797999999999986
409,E84638,Amlodipine_Tab 5mg,0206020A0AAAAAA,40,-0.08399999999999852
410,E84620,Amlodipine_Tab 5mg,0206020A0AAAAAA,44,-0.09239999999999837
411,E84032,Amlodipine_Tab 5mg,0206020A0AAAAAA,47,-0.09869999999999826
412,E84080,Amlodipine_Tab 5mg,0206020A0AAAAAA,55,-0.11549999999999797
413,E84626,Amlodipine_Tab 5mg,0206020A0AAAAAA,55,-0.11549999999999797
414,E84017,Amlodipine_Tab 5mg,0206020A0AAAAAA,63,-0.13229999999999767
415,E84012,Amlodipine_Tab 5mg,0206020A0AAAAAA,68,-0.14279999999999748
416,E84067,Amlodipine_Tab 5mg,0206020A0AAAAAA,68,-0.14279999999999748
417,E84074,Amlodipine_Tab 5mg,0206020A0AAAAAA,75,-0.15749999999999723
418,E84028,Amlodipine_Tab 5mg,0206020A0AAAAAA,76,-0.1595999999999972
420,E84049,Amlodipine_Tab 5mg,0206020A0AAAAAA,77,-0.16169999999999715
419,E84076,Amlodipine_Tab 5mg,0206020A0AAAAAA,77,-0.16169999999999715
421,E84624,Amlodipine_Tab 5mg,0206020A0AAAAAA,79,-0.16589999999999708
422,E84665,Amlodipine_Tab 5mg,0206020A0AAAAAA,83,-0.17429999999999693
423,E84007,Amlodipine_Tab 5mg,0206020A0AAAAAA,86,-0.18059999999999682
424,E84003,Amlodipine_Tab 5mg,0206020A0AAAAAA,90,-0.18899999999999667
425,E84013,Amlodipine_Tab 5mg,0206020A0AAAAAA,108,-0.226799999999996
426,E84030,Amlodipine_Tab 5mg,0206020A0AAAAAA,109,-0.22889999999999597
427,E84021,Amlodipine_Tab 5mg,0206020A0AAAAAA,109,-0.22889999999999597
428,E84066,Amlodipine_Tab 5mg,0206020A0AAAAAA,109,-0.22889999999999597
429,E84031,Amlodipine_Tab 5mg,0206020A0AAAAAA,143,-0.3002999999999947
430,E84006,Amlodipine_Tab 5mg,0206020A0AAAAAA,246,-0.5165999999999908
191,E84066,Mesalazine_Tab E/C 400mg,0105010B0AAAAAA,1,-8.556
192,E84021,Mesalazine_Tab E/C 400mg,0105010B0AAAAAA,1,-15.971199999999998
193,E84063,Mesalazine_Tab E/C 400mg,0105010B0AAAAAA,3,-17.955
194,E84665,Mesalazine_Tab E/C 400mg,0105010B0AAAAAA,1,-34.224
195,E84012,Mesalazine_Tab E/C 400mg,0105010B0AAAAAA,1,-34.224
196,E84063,Mesalazine_Tab E/C 400mg,0105010B0AAAAAA,1,-35.935199999999995
209,E84006,Mesalazine_Tab E/C 800mg,0105010B0AAASAS,1,-36.89999999999999
208,E84665,Mesalazine_Tab E/C 800mg,0105010B0AAASAS,1,-36.89999999999999
207,E84032,Mesalazine_Tab E/C 800mg,0105010B0AAASAS,1,-36.89999999999999
197,E84076,Mesalazine_Tab E/C 400mg,0105010B0AAAAAA,1,-38.501999999999995
198,E84020,Mesalazine_Tab E/C 400mg,0105010B0AAAAAA,1,-51.33599999999999
199,E84067,Mesalazine_Tab E/C 400mg,0105010B0AAAAAA,1,-51.33599999999999
