,practice_code,bnf_description,bnf_code,items,excess_cost
0,M83092,Ropinirole HCl_Tab 500mcg,0409010H0AAAHAH,2,270.0992
122,M83052,Mesalazine_Tab E/C 400mg,0105010B0AAAAAA,1,47.913599999999995
123,M83049,Mesalazine_Tab E/C 400mg,0105010B0AAAAAA,1,47.913599999999995
124,M83057,Mesalazine_Tab E/C 400mg,0105010B0AAAAAA,1,47.913599999999995
79,M83050,Phenytoin_Sod Tab 100mg,0408010Q0AAAGAG,1,39.79919999999999
81,M83049,Mesalazine_Tab E/C 800mg,0105010B0AAASAS,1,36.89999999999999
82,M83049,Mesalazine_Tab E/C 800mg,0105010B0AAASAS,1,34.43999999999999
83,M83045,Mesalazine_Tab E/C 800mg,0105010B0AAASAS,1,17.219999999999995
142,M83044,Lamotrigine_Tab 50mg,0408010H0AAABAB,6,11.961600000000008
138,M83045,Tetrabenazine_Tab 25mg,0409030C0AAAAAA,2,5.997599999999992
87,M83069,Pyridox HCl_Tab 50mg,0906024N0AAAIAI,4,5.745600000000001
1,M83049,Clonazepam_Tab 500mcg,0408010F0AAABAB,2,5.06239999999999
139,M83092,Tetrabenazine_Tab 25mg,0409030C0AAAAAA,2,4.997999999999994
2,M83069,Clonazepam_Tab 500mcg,0408010F0AAABAB,15,4.74599999999999
130,M83036,Topiramate_Tab 200mg,040801050AAACAC,2,4.636799999999999
89,M83036,Pyridox HCl_Tab 50mg,0906024N0AAAIAI,3,4.309200000000001
88,M83022,Pyridox HCl_Tab 50mg,0906024N0AAAIAI,3,4.309200000000001
140,M83020,Tetrabenazine_Tab 25mg,0409030C0AAAAAA,1,3.998399999999995
3,M83049,Clonazepam_Tab 500mcg,0408010F0AAABAB,6,3.796799999999992
4,M83045,Clonazepam_Tab 500mcg,0408010F0AAABAB,4,3.796799999999992
5,M83044,Clonazepam_Tab 500mcg,0408010F0AAABAB,6,3.796799999999992
7,M83024,Clonazepam_Tab 500mcg,0408010F0AAABAB,5,3.1639999999999935
8,M83049,Clonazepam_Tab 500mcg,0408010F0AAABAB,8,3.1639999999999935
6,M83050,Clonazepam_Tab 500mcg,0408010F0AAABAB,5,3.1639999999999935
101,M83069,Amiodarone HCl_Tab 200mg,0203020D0AAABAB,9,3.150000000000003
91,M83052,Pyridox HCl_Tab 50mg,0906024N0AAAIAI,1,2.8728000000000007
90,M83036,Pyridox HCl_Tab 50mg,0906024N0AAAIAI,1,2.8728000000000007
92,M83070,Pyridox HCl_Tab 50mg,0906024N0AAAIAI,2,2.8728000000000007
102,M83052,Amiodarone HCl_Tab 200mg,0203020D0AAABAB,8,2.8000000000000025
9,M83069,Clonazepam_Tab 500mcg,0408010F0AAABAB,2,2.531199999999995
10,M83052,Clonazepam_Tab 500mcg,0408010F0AAABAB,4,2.531199999999995
11,M83009,Clonazepam_Tab 500mcg,0408010F0AAABAB,4,2.531199999999995
12,M83092,Clonazepam_Tab 500mcg,0408010F0AAABAB,1,2.531199999999995
13,M83020,Clonazepam_Tab 500mcg,0408010F0AAABAB,8,2.531199999999995
136,M83070,Topiramate_Tab 200mg,040801050AAACAC,1,2.489999999999999
135,M83052,Topiramate_Tab 200mg,040801050AAACAC,1,2.489999999999999
134,M83057,Topiramate_Tab 200mg,040801050AAACAC,1,2.489999999999999
133,M83044,Topiramate_Tab 200mg,040801050AAACAC,1,2.489999999999999
132,M83024,Topiramate_Tab 200mg,040801050AAACAC,1,2.489999999999999
131,M83069,Topiramate_Tab 200mg,040801050AAACAC,1,2.489999999999999
103,M83070,Amiodarone HCl_Tab 200mg,0203020D0AAABAB,7,2.450000000000002
16,M83052,Clonazepam_Tab 500mcg,0408010F0AAABAB,1,2.2599999999999953
17,M83049,Clonazepam_Tab 500mcg,0408010F0AAABAB,2,2.2599999999999953
14,M83044,Clonazepam_Tab 500mcg,0408010F0AAABAB,1,2.2599999999999953
15,M83045,Clonazepam_Tab 500mcg,0408010F0AAABAB,2,2.2599999999999953
105,M83020,Amiodarone HCl_Tab 200mg,0203020D0AAABAB,6,2.100000000000002
104,M83036,Amiodarone HCl_Tab 200mg,0203020D0AAABAB,3,2.100000000000002
141,M83049,Tetrabenazine_Tab 25mg,0409030C0AAAAAA,1,1.9991999999999974
25,M83092,Clonazepam_Tab 500mcg,0408010F0AAABAB,2,1.898399999999996
24,M83045,Clonazepam_Tab 500mcg,0408010F0AAABAB,1,1.898399999999996
23,M83057,Clonazepam_Tab 500mcg,0408010F0AAABAB,3,1.898399999999996
18,M83044,Clonazepam_Tab 500mcg,0408010F0AAABAB,2,1.898399999999996
19,M83050,Clonazepam_Tab 500mcg,0408010F0AAABAB,6,1.898399999999996
20,M83044,Clonazepam_Tab 500mcg,0408010F0AAABAB,6,1.898399999999996
21,M83022,Clonazepam_Tab 500mcg,0408010F0AAABAB,1,1.898399999999996
22,M83052,Clonazepam_Tab 500mcg,0408010F0AAABAB,2,1.898399999999996
106,M83022,Amiodarone HCl_Tab 200mg,0203020D0AAABAB,5,1.7500000000000016
107,M83009,Amiodarone HCl_Tab 200mg,0203020D0AAABAB,5,1.7500000000000016
26,M83044,Clonazepam_Tab 500mcg,0408010F0AAABAB,7,1.6610999999999967
27,M83092,Clonazepam_Tab 500mcg,0408010F0AAABAB,1,1.5819999999999967
28,M83057,Clonazepam_Tab 500mcg,0408010F0AAABAB,4,1.5819999999999967
94,M83044,Pyridox HCl_Tab 50mg,0906024N0AAAIAI,1,1.4364000000000003
93,M83052,Pyridox HCl_Tab 50mg,0906024N0AAAIAI,1,1.4364000000000003
110,M83045,Amiodarone HCl_Tab 200mg,0203020D0AAABAB,4,1.4000000000000012
109,M83020,Amiodarone HCl_Tab 200mg,0203020D0AAABAB,2,1.4000000000000012
108,M83050,Amiodarone HCl_Tab 200mg,0203020D0AAABAB,4,1.4000000000000012
111,M83049,Amiodarone HCl_Tab 200mg,0203020D0AAABAB,2,1.4000000000000012
29,M83092,Clonazepam_Tab 500mcg,0408010F0AAABAB,2,1.3559999999999972
30,M83022,Clonazepam_Tab 500mcg,0408010F0AAABAB,2,1.3559999999999972
34,M83024,Clonazepam_Tab 500mcg,0408010F0AAABAB,1,1.2655999999999974
35,M83022,Clonazepam_Tab 500mcg,0408010F0AAABAB,1,1.2655999999999974
33,M83052,Clonazepam_Tab 500mcg,0408010F0AAABAB,4,1.2655999999999974
37,M83070,Clonazepam_Tab 500mcg,0408010F0AAABAB,2,1.2655999999999974
38,M83052,Clonazepam_Tab 500mcg,0408010F0AAABAB,1,1.2655999999999974
39,M83045,Clonazepam_Tab 500mcg,0408010F0AAABAB,1,1.2655999999999974
40,M83069,Clonazepam_Tab 500mcg,0408010F0AAABAB,2,1.2655999999999974
32,M83009,Clonazepam_Tab 500mcg,0408010F0AAABAB,4,1.2655999999999974
31,M83036,Clonazepam_Tab 500mcg,0408010F0AAABAB,1,1.2655999999999974
36,M83022,Clonazepam_Tab 500mcg,0408010F0AAABAB,2,1.2655999999999974
41,M83009,Clonazepam_Tab 500mcg,0408010F0AAABAB,1,1.1299999999999977
42,M83036,Clonazepam_Tab 500mcg,0408010F0AAABAB,1,1.1299999999999977
112,M83044,Amiodarone HCl_Tab 200mg,0203020D0AAABAB,3,1.050000000000001
113,M83036,Amiodarone HCl_Tab 200mg,0203020D0AAABAB,1,1.050000000000001
114,M83057,Amiodarone HCl_Tab 200mg,0203020D0AAABAB,3,1.050000000000001
97,M83052,Pyridox HCl_Tab 50mg,0906024N0AAAIAI,1,0.9576000000000002
96,M83092,Pyridox HCl_Tab 50mg,0906024N0AAAIAI,1,0.9576000000000002
95,M83057,Pyridox HCl_Tab 50mg,0906024N0AAAIAI,2,0.9576000000000002
45,M83022,Clonazepam_Tab 500mcg,0408010F0AAABAB,1,0.949199999999998
46,M83049,Clonazepam_Tab 500mcg,0408010F0AAABAB,4,0.949199999999998
44,M83024,Clonazepam_Tab 500mcg,0408010F0AAABAB,1,0.949199999999998
43,M83009,Clonazepam_Tab 500mcg,0408010F0AAABAB,1,0.949199999999998
115,M83009,Amiodarone HCl_Tab 200mg,0203020D0AAABAB,10,0.847
47,M83052,Clonazepam_Tab 500mcg,0408010F0AAABAB,3,0.7118999999999985
137,M83057,Topiramate_Tab 200mg,040801050AAACAC,1,0.7071999999999995
118,M83044,Amiodarone HCl_Tab 200mg,0203020D0AAABAB,1,0.7000000000000006
116,M83057,Amiodarone HCl_Tab 200mg,0203020D0AAABAB,1,0.7000000000000006
117,M83024,Amiodarone HCl_Tab 200mg,0203020D0AAABAB,2,0.7000000000000006
49,M83069,Clonazepam_Tab 500mcg,0408010F0AAABAB,2,0.6779999999999986
48,M83036,Clonazepam_Tab 500mcg,0408010F0AAABAB,2,0.6779999999999986
50,M83020,Clonazepam_Tab 500mcg,0408010F0AAABAB,1,0.6327999999999987
52,M83045,Clonazepam_Tab 500mcg,0408010F0AAABAB,2,0.6327999999999987
53,M83009,Clonazepam_Tab 500mcg,0408010F0AAABAB,4,0.6327999999999987
51,M83036,Clonazepam_Tab 500mcg,0408010F0AAABAB,1,0.6327999999999987
54,M83069,Clonazepam_Tab 500mcg,0408010F0AAABAB,1,0.5699999999999983
55,M83044,Clonazepam_Tab 500mcg,0408010F0AAABAB,1,0.5699999999999983
100,M83020,Pyridox HCl_Tab 50mg,0906024N0AAAIAI,1,0.4788000000000001
99,M83022,Pyridox HCl_Tab 50mg,0906024N0AAAIAI,1,0.4788000000000001
98,M83044,Pyridox HCl_Tab 50mg,0906024N0AAAIAI,1,0.4788000000000001
56,M83050,Clonazepam_Tab 500mcg,0408010F0AAABAB,1,0.474599999999999
57,M83044,Clonazepam_Tab 500mcg,0408010F0AAABAB,1,0.474599999999999
58,M83070,Clonazepam_Tab 500mcg,0408010F0AAABAB,1,0.474599999999999
59,M83036,Clonazepam_Tab 500mcg,0408010F0AAABAB,1,0.41039999999999877
119,M83049,Amiodarone HCl_Tab 200mg,0203020D0AAABAB,1,0.3500000000000003
120,M83092,Amiodarone HCl_Tab 200mg,0203020D0AAABAB,1,0.3500000000000003
62,M83049,Clonazepam_Tab 500mcg,0408010F0AAABAB,1,0.3389999999999993
61,M83052,Clonazepam_Tab 500mcg,0408010F0AAABAB,1,0.3389999999999993
63,M83050,Clonazepam_Tab 500mcg,0408010F0AAABAB,1,0.3389999999999993
60,M83020,Clonazepam_Tab 500mcg,0408010F0AAABAB,1,0.3389999999999993
67,M83036,Clonazepam_Tab 500mcg,0408010F0AAABAB,1,0.31639999999999935
64,M83092,Clonazepam_Tab 500mcg,0408010F0AAABAB,1,0.31639999999999935
65,M83052,Clonazepam_Tab 500mcg,0408010F0AAABAB,2,0.31639999999999935
66,M83022,Clonazepam_Tab 500mcg,0408010F0AAABAB,1,0.31639999999999935
68,M83036,Clonazepam_Tab 500mcg,0408010F0AAABAB,2,0.31639999999999935
69,M83049,Clonazepam_Tab 500mcg,0408010F0AAABAB,1,0.31639999999999935
70,M83069,Clonazepam_Tab 500mcg,0408010F0AAABAB,2,0.31639999999999935
71,M83024,Clonazepam_Tab 500mcg,0408010F0AAABAB,1,0.31639999999999935
75,M83092,Clonazepam_Tab 500mcg,0408010F0AAABAB,1,0.15819999999999967
72,M83022,Clonazepam_Tab 500mcg,0408010F0AAABAB,1,0.15819999999999967
73,M83045,Clonazepam_Tab 500mcg,0408010F0AAABAB,1,0.15819999999999967
74,M83050,Clonazepam_Tab 500mcg,0408010F0AAABAB,1,0.15819999999999967
76,M83022,Clonazepam_Tab 500mcg,0408010F0AAABAB,1,0.1367999999999996
121,M83069,Amiodarone HCl_Tab 200mg,0203020D0AAABAB,1,0.0847
77,M83044,Clonazepam_Tab 500mcg,0408010F0AAABAB,1,0.07909999999999984
78,M83044,Clonazepam_Tab 500mcg,0408010F0AAABAB,1,0.057999999999999996
80,M83069,Phenytoin_Sod Tab 100mg,0408010Q0AAAGAG,1,0.011999999999998678
84,M83092,Mesalazine_Tab E/C 800mg,0105010B0AAASAS,1,0.008999999999999009
166,M83009,Lamotrigine_Tab 50mg,0408010H0AAABAB,1,0.0
170,M83057,Lamotrigine_Tab 50mg,0408010H0AAABAB,7,0.0
169,M83045,Lamotrigine_Tab 50mg,0408010H0AAABAB,2,0.0
168,M83020,Lamotrigine_Tab 50mg,0408010H0AAABAB,1,0.0
167,M83049,Lamotrigine_Tab 50mg,0408010H0AAABAB,6,0.0
172,M83092,Lamotrigine_Tab 50mg,0408010H0AAABAB,1,0.0
162,M83009,Lamotrigine_Tab 50mg,0408010H0AAABAB,2,0.0
163,M83070,Lamotrigine_Tab 50mg,0408010H0AAABAB,5,0.0
164,M83009,Lamotrigine_Tab 50mg,0408010H0AAABAB,3,0.0
165,M83020,Lamotrigine_Tab 50mg,0408010H0AAABAB,2,0.0
171,M83036,Lamotrigine_Tab 50mg,0408010H0AAABAB,1,0.0
150,M83022,Lamotrigine_Tab 50mg,0408010H0AAABAB,3,0.0
173,M83045,Lamotrigine_Tab 50mg,0408010H0AAABAB,5,0.0
174,M83009,Lamotrigine_Tab 50mg,0408010H0AAABAB,4,0.0
175,M83050,Lamotrigine_Tab 50mg,0408010H0AAABAB,1,0.0
176,M83009,Lamotrigine_Tab 50mg,0408010H0AAABAB,1,0.0
177,M83024,Lamotrigine_Tab 50mg,0408010H0AAABAB,1,0.0
160,M83044,Lamotrigine_Tab 50mg,0408010H0AAABAB,1,0.0
178,M83036,Lamotrigine_Tab 50mg,0408010H0AAABAB,3,0.0
179,M83052,Lamotrigine_Tab 50mg,0408010H0AAABAB,2,0.0
180,M83069,Lamotrigine_Tab 50mg,0408010H0AAABAB,4,0.0
181,M83044,Lamotrigine_Tab 50mg,0408010H0AAABAB,2,0.0
182,M83057,Lamotrigine_Tab 50mg,0408010H0AAABAB,1,0.0
161,M83049,Lamotrigine_Tab 50mg,0408010H0AAABAB,2,0.0
183,M83092,Lamotrigine_Tab 50mg,0408010H0AAABAB,2,0.0
159,M83036,Lamotrigine_Tab 50mg,0408010H0AAABAB,3,0.0
149,M83050,Lamotrigine_Tab 50mg,0408010H0AAABAB,3,0.0
143,M83022,Lamotrigine_Tab 50mg,0408010H0AAABAB,1,0.0
144,M83024,Lamotrigine_Tab 50mg,0408010H0AAABAB,2,0.0
145,M83020,Lamotrigine_Tab 50mg,0408010H0AAABAB,2,0.0
146,M83044,Lamotrigine_Tab 50mg,0408010H0AAABAB,6,0.0
147,M83009,Lamotrigine_Tab 50mg,0408010H0AAABAB,4,0.0
158,M83036,Lamotrigine_Tab 50mg,0408010H0AAABAB,2,0.0
148,M83069,Lamotrigine_Tab 50mg,0408010H0AAABAB,2,0.0
151,M83052,Lamotrigine_Tab 50mg,0408010H0AAABAB,11,0.0
152,M83036,Lamotrigine_Tab 50mg,0408010H0AAABAB,8,0.0
153,M83057,Lamotrigine_Tab 50mg,0408010H0AAABAB,1,0.0
154,M83052,Lamotrigine_Tab 50mg,0408010H0AAABAB,2,0.0
155,M83024,Lamotrigine_Tab 50mg,0408010H0AAABAB,4,0.0
156,M83069,Lamotrigine_Tab 50mg,0408010H0AAABAB,6,0.0
157,M83049,Lamotrigine_Tab 50mg,0408010H0AAABAB,8,0.0
126,M83052,Mesalazine_Tab E/C 400mg,0105010B0AAAAAA,1,-17.112
125,M83070,Mesalazine_Tab E/C 400mg,0105010B0AAAAAA,1,-17.112
85,M83092,Mesalazine_Tab E/C 800mg,0105010B0AAASAS,1,-18.441
127,M83052,Mesalazine_Tab E/C 400mg,0105010B0AAAAAA,1,-25.667999999999996
128,M83020,Mesalazine_Tab E/C 400mg,0105010B0AAAAAA,1,-26.523599999999995
129,M83057,Mesalazine_Tab E/C 400mg,0105010B0AAAAAA,1,-34.224
86,M83020,Mesalazine_Tab E/C 800mg,0105010B0AAASAS,1,-36.89999999999999
