,practice_code,bnf_description,bnf_code,items,excess_cost
172,B83019,Hydrocort_Tab 10mg,0603020J0AAADAD,1,223.11599999999999
173,B83019,Hydrocort_Tab 10mg,0603020J0AAADAD,1,208.2416
189,B83033,Lansoprazole_Cap 15mg (E/C Gran),0103050L0AAABAB,173,145.31999999999996
299,B83624,Nebivolol_Tab 2.5mg,0204000ABAAABAB,1,144.8664
227,B83006,Atorvastatin_Tab 40mg,0212000B0AAACAC,395,133.826
1,B82028,Paracet_Tab 500mg,0407010H0AAAMAM,74,100.64
0,B82028,Paracet_Tab 500mg,0407010H0AAAMAM,74,100.64
190,B83033,Lansoprazole_Cap 15mg (E/C Gran),0103050L0AAABAB,32,98.56
237,B83006,Pregabalin_Cap 100mg,0408010AEAAADAD,1,85.3524
238,B83008,Pregabalin_Cap 100mg,0408010AEAAADAD,4,85.344
308,B83624,Atorvastatin_Tab 80mg,0212000B0AAADAD,95,74.47999999999999
304,B83620,Memantine HCl_Tab 20mg,0411000G0AAADAD,2,63.9016
305,B83624,Memantine HCl_Tab 20mg,0411000G0AAADAD,6,63.89039999999999
2,B82020,Paracet_Tab 500mg,0407010H0AAAMAM,45,53.099999999999994
3,B82020,Paracet_Tab 500mg,0407010H0AAAMAM,45,53.099999999999994
240,B83023,Lansoprazole_Cap 30mg (E/C Gran),0103050L0AAAAAA,264,48.78720000000001
228,B83008,Atorvastatin_Tab 40mg,0212000B0AAACAC,100,47.039999999999985
191,B83033,Lansoprazole_Cap 15mg (E/C Gran),0103050L0AAABAB,22,40.28639999999999
4,B82020,Paracet_Tab 500mg,0407010H0AAAMAM,56,35.123200000000004
5,B82020,Paracet_Tab 500mg,0407010H0AAAMAM,56,35.123200000000004
7,B82028,Paracet_Tab 500mg,0407010H0AAAMAM,129,34.83000000000001
6,B82028,Paracet_Tab 500mg,0407010H0AAAMAM,129,34.83000000000001
8,B83006,Paracet_Tab 500mg,0407010H0AAAMAM,61,34.16000000000003
9,B83006,Paracet_Tab 500mg,0407010H0AAAMAM,61,34.16000000000003
11,B83624,Paracet_Tab 500mg,0407010H0AAAMAM,63,33.86880000000004
10,B83624,Paracet_Tab 500mg,0407010H0AAAMAM,63,33.86880000000004
13,B83006,Paracet_Tab 500mg,0407010H0AAAMAM,144,31.680000000000007
12,B83006,Paracet_Tab 500mg,0407010H0AAAMAM,144,31.680000000000007
192,B83033,Lansoprazole_Cap 15mg (E/C Gran),0103050L0AAABAB,126,28.929599999999983
309,B83006,Atorvastatin_Tab 80mg,0212000B0AAADAD,178,26.415199999999995
241,B83033,Lansoprazole_Cap 30mg (E/C Gran),0103050L0AAAAAA,195,26.20799999999999
310,B82020,Atorvastatin_Tab 80mg,0212000B0AAADAD,51,24.9186
325,B83008,Montelukast_Tab 10mg,0303020G0AAABAB,4,24.3992
326,B82053,Montelukast_Tab 10mg,0303020G0AAABAB,26,24.387999999999998
327,B83008,Montelukast_Tab 10mg,0303020G0AAABAB,32,24.371199999999995
193,B83602,Lansoprazole_Cap 15mg (E/C Gran),0103050L0AAABAB,34,24.37119999999999
328,B82028,Montelukast_Tab 10mg,0303020G0AAABAB,39,24.35160000000001
329,B83023,Montelukast_Tab 10mg,0303020G0AAABAB,42,24.343200000000003
242,B82020,Lansoprazole_Cap 30mg (E/C Gran),0103050L0AAAAAA,412,23.07200000000002
229,B83624,Atorvastatin_Tab 40mg,0212000B0AAACAC,315,22.932000000000045
14,B83019,Paracet_Tab 500mg,0407010H0AAAMAM,20,22.848000000000003
15,B83019,Paracet_Tab 500mg,0407010H0AAAMAM,20,22.848000000000003
243,B83624,Lansoprazole_Cap 30mg (E/C Gran),0103050L0AAAAAA,402,22.51200000000002
16,B82028,Paracet_Tab 500mg,0407010H0AAAMAM,30,22.176000000000005
17,B82028,Paracet_Tab 500mg,0407010H0AAAMAM,30,22.176000000000005
18,B83023,Paracet_Tab 500mg,0407010H0AAAMAM,106,20.140000000000025
19,B83023,Paracet_Tab 500mg,0407010H0AAAMAM,106,20.140000000000025
20,B82028,Paracet_Tab 500mg,0407010H0AAAMAM,3,18.144000000000002
21,B82028,Paracet_Tab 500mg,0407010H0AAAMAM,3,18.144000000000002
23,B83006,Paracet_Tab 500mg,0407010H0AAAMAM,37,17.76000000000002
22,B83006,Paracet_Tab 500mg,0407010H0AAAMAM,37,17.76000000000002
24,B82007,Paracet_Tab 500mg,0407010H0AAAMAM,111,14.429999999999989
25,B82007,Paracet_Tab 500mg,0407010H0AAAMAM,111,14.429999999999989
27,B83002,Paracet_Tab 500mg,0407010H0AAAMAM,2,12.096000000000002
26,B83002,Paracet_Tab 500mg,0407010H0AAAMAM,2,12.096000000000002
29,B83033,Paracet_Tab 500mg,0407010H0AAAMAM,53,11.660000000000004
28,B83033,Paracet_Tab 500mg,0407010H0AAAMAM,53,11.660000000000004
30,B83008,Paracet_Tab 500mg,0407010H0AAAMAM,39,11.356799999999993
31,B83008,Paracet_Tab 500mg,0407010H0AAAMAM,39,11.356799999999993
32,B82053,Paracet_Tab 500mg,0407010H0AAAMAM,23,11.334400000000002
33,B82053,Paracet_Tab 500mg,0407010H0AAAMAM,23,11.334400000000002
34,B83602,Paracet_Tab 500mg,0407010H0AAAMAM,11,11.3344
35,B83602,Paracet_Tab 500mg,0407010H0AAAMAM,11,11.3344
37,B82007,Paracet_Tab 500mg,0407010H0AAAMAM,21,11.289600000000013
36,B82007,Paracet_Tab 500mg,0407010H0AAAMAM,21,11.289600000000013
39,B82028,Paracet_Tab 500mg,0407010H0AAAMAM,9,11.289600000000002
38,B82028,Paracet_Tab 500mg,0407010H0AAAMAM,9,11.289600000000002
244,B83033,Lansoprazole_Cap 30mg (E/C Gran),0103050L0AAAAAA,229,10.900400000000001
41,B82020,Paracet_Tab 500mg,0407010H0AAAMAM,1,10.663599999999999
40,B82020,Paracet_Tab 500mg,0407010H0AAAMAM,1,10.663599999999999
43,B83033,Paracet_Tab 500mg,0407010H0AAAMAM,151,10.569999999999988
42,B83033,Paracet_Tab 500mg,0407010H0AAAMAM,151,10.569999999999988
45,B82020,Paracet_Tab 500mg,0407010H0AAAMAM,149,10.429999999999989
44,B82020,Paracet_Tab 500mg,0407010H0AAAMAM,149,10.429999999999989
47,B82007,Paracet_Tab 500mg,0407010H0AAAMAM,52,10.40000000000001
46,B82007,Paracet_Tab 500mg,0407010H0AAAMAM,52,10.40000000000001
48,B83624,Paracet_Tab 500mg,0407010H0AAAMAM,204,10.20000000000001
49,B83624,Paracet_Tab 500mg,0407010H0AAAMAM,204,10.20000000000001
50,B83019,Paracet_Tab 500mg,0407010H0AAAMAM,31,9.920000000000005
51,B83019,Paracet_Tab 500mg,0407010H0AAAMAM,31,9.920000000000005
53,B83008,Paracet_Tab 500mg,0407010H0AAAMAM,61,9.760000000000026
52,B83008,Paracet_Tab 500mg,0407010H0AAAMAM,61,9.760000000000026
54,B83033,Paracet_Tab 500mg,0407010H0AAAMAM,58,9.09439999999999
55,B83033,Paracet_Tab 500mg,0407010H0AAAMAM,58,9.09439999999999
56,B83019,Paracet_Tab 500mg,0407010H0AAAMAM,25,7.500000000000007
57,B83019,Paracet_Tab 500mg,0407010H0AAAMAM,25,7.500000000000007
58,B83023,Paracet_Tab 500mg,0407010H0AAAMAM,31,7.439999999999998
59,B83023,Paracet_Tab 500mg,0407010H0AAAMAM,31,7.439999999999998
60,B83008,Paracet_Tab 500mg,0407010H0AAAMAM,12,5.644800000000004
61,B83008,Paracet_Tab 500mg,0407010H0AAAMAM,12,5.644800000000004
62,B82028,Paracet_Tab 500mg,0407010H0AAAMAM,23,5.538400000000002
63,B82028,Paracet_Tab 500mg,0407010H0AAAMAM,23,5.538400000000002
245,B83033,Lansoprazole_Cap 30mg (E/C Gran),0103050L0AAAAAA,14,5.527200000000003
64,B83002,Paracet_Tab 500mg,0407010H0AAAMAM,22,5.06
65,B83002,Paracet_Tab 500mg,0407010H0AAAMAM,22,5.06
66,B83027,Paracet_Tab 500mg,0407010H0AAAMAM,93,4.650000000000004
67,B83027,Paracet_Tab 500mg,0407010H0AAAMAM,93,4.650000000000004
194,B83006,Lansoprazole_Cap 15mg (E/C Gran),0103050L0AAABAB,22,4.435199999999999
195,B83033,Lansoprazole_Cap 15mg (E/C Gran),0103050L0AAABAB,15,4.1579999999999995
246,B82028,Lansoprazole_Cap 30mg (E/C Gran),0103050L0AAAAAA,113,3.796800000000021
247,B82020,Lansoprazole_Cap 30mg (E/C Gran),0103050L0AAAAAA,36,3.6288000000000062
248,B83008,Lansoprazole_Cap 30mg (E/C Gran),0103050L0AAAAAA,92,3.6063999999999963
196,B83008,Lansoprazole_Cap 15mg (E/C Gran),0103050L0AAABAB,154,3.449599999999994
68,B83002,Paracet_Tab 500mg,0407010H0AAAMAM,15,3.360000000000003
69,B83002,Paracet_Tab 500mg,0407010H0AAAMAM,15,3.360000000000003
70,B82007,Paracet_Tab 500mg,0407010H0AAAMAM,6,2.9952000000000005
71,B82007,Paracet_Tab 500mg,0407010H0AAAMAM,6,2.9952000000000005
73,B83033,Paracet_Tab 500mg,0407010H0AAAMAM,6,2.8392000000000004
72,B83033,Paracet_Tab 500mg,0407010H0AAAMAM,6,2.8392000000000004
174,B83624,Hydrocort_Tab 10mg,0603020J0AAADAD,2,2.315999999999998
197,B83006,Lansoprazole_Cap 15mg (E/C Gran),0103050L0AAABAB,271,2.2763999999999864
230,B83023,Atorvastatin_Tab 40mg,0212000B0AAACAC,128,2.150400000000012
249,B82007,Lansoprazole_Cap 30mg (E/C Gran),0103050L0AAAAAA,299,1.67439999999999
75,B83021,Paracet_Tab 500mg,0407010H0AAAMAM,167,1.66999999999999
74,B83021,Paracet_Tab 500mg,0407010H0AAAMAM,167,1.66999999999999
77,B82028,Paracet_Tab 500mg,0407010H0AAAMAM,1,1.6096
76,B82028,Paracet_Tab 500mg,0407010H0AAAMAM,1,1.6096
250,B83008,Lansoprazole_Cap 30mg (E/C Gran),0103050L0AAAAAA,262,1.4671999999999912
79,B83023,Paracet_Tab 500mg,0407010H0AAAMAM,32,1.4336000000000162
78,B83023,Paracet_Tab 500mg,0407010H0AAAMAM,32,1.4336000000000162
81,B82020,Paracet_Tab 500mg,0407010H0AAAMAM,60,1.3440000000000034
80,B82020,Paracet_Tab 500mg,0407010H0AAAMAM,60,1.3440000000000034
198,B82020,Lansoprazole_Cap 15mg (E/C Gran),0103050L0AAABAB,214,1.1983999999999928
231,B82053,Atorvastatin_Tab 40mg,0212000B0AAACAC,105,1.1759999999999928
199,B83033,Lansoprazole_Cap 15mg (E/C Gran),0103050L0AAABAB,6,1.1508
232,B83023,Atorvastatin_Tab 40mg,0212000B0AAACAC,46,1.0303999999999938
83,B83008,Paracet_Tab 500mg,0407010H0AAAMAM,98,0.9799999999999941
82,B83008,Paracet_Tab 500mg,0407010H0AAAMAM,98,0.9799999999999941
233,B82007,Atorvastatin_Tab 40mg,0212000B0AAACAC,287,0.803600000000023
251,B83027,Lansoprazole_Cap 30mg (E/C Gran),0103050L0AAAAAA,139,0.3892000000000044
200,B83620,Lansoprazole_Cap 15mg (E/C Gran),0103050L0AAABAB,65,0.36399999999999777
252,B83624,Lansoprazole_Cap 30mg (E/C Gran),0103050L0AAAAAA,121,0.3388000000000038
253,B82020,Lansoprazole_Cap 30mg (E/C Gran),0103050L0AAAAAA,116,0.32480000000000364
201,B83624,Lansoprazole_Cap 15mg (E/C Gran),0103050L0AAABAB,19,0.31919999999999993
85,B82020,Paracet_Tab 500mg,0407010H0AAAMAM,2,0.22399999999999975
84,B82020,Paracet_Tab 500mg,0407010H0AAAMAM,2,0.22399999999999975
255,B82020,Lansoprazole_Cap 30mg (E/C Gran),0103050L0AAAAAA,30,0.1680000000000019
254,B82053,Lansoprazole_Cap 30mg (E/C Gran),0103050L0AAAAAA,60,0.1680000000000019
256,B83021,Lansoprazole_Cap 30mg (E/C Gran),0103050L0AAAAAA,59,0.16520000000000187
86,B83006,Paracet_Tab 500mg,0407010H0AAAMAM,1,0.15749999999999983
87,B83006,Paracet_Tab 500mg,0407010H0AAAMAM,1,0.15749999999999983
257,B83021,Lansoprazole_Cap 30mg (E/C Gran),0103050L0AAAAAA,25,0.14000000000000157
258,B83027,Lansoprazole_Cap 30mg (E/C Gran),0103050L0AAAAAA,24,0.13440000000000152
259,B82053,Lansoprazole_Cap 30mg (E/C Gran),0103050L0AAAAAA,22,0.12320000000000139
260,B82028,Lansoprazole_Cap 30mg (E/C Gran),0103050L0AAAAAA,42,0.11760000000000133
261,B83624,Lansoprazole_Cap 30mg (E/C Gran),0103050L0AAAAAA,21,0.11760000000000133
262,B83033,Lansoprazole_Cap 30mg (E/C Gran),0103050L0AAAAAA,40,0.11200000000000127
89,B83002,Paracet_Tab 500mg,0407010H0AAAMAM,1,0.10079999999999997
88,B83002,Paracet_Tab 500mg,0407010H0AAAMAM,1,0.10079999999999997
263,B83008,Lansoprazole_Cap 30mg (E/C Gran),0103050L0AAAAAA,32,0.08960000000000101
265,B83023,Lansoprazole_Cap 30mg (E/C Gran),0103050L0AAAAAA,14,0.07840000000000089
264,B83602,Lansoprazole_Cap 30mg (E/C Gran),0103050L0AAAAAA,14,0.07840000000000089
91,B82020,Paracet_Tab 500mg,0407010H0AAAMAM,7,0.07839999999999953
90,B82020,Paracet_Tab 500mg,0407010H0AAAMAM,7,0.07839999999999953
311,B83027,Atorvastatin_Tab 80mg,0212000B0AAADAD,35,0.0735000000000021
266,B83019,Lansoprazole_Cap 30mg (E/C Gran),0103050L0AAAAAA,26,0.07280000000000082
92,B83624,Paracet_Tab 500mg,0407010H0AAAMAM,17,0.07139999999999957
93,B83624,Paracet_Tab 500mg,0407010H0AAAMAM,17,0.07139999999999957
94,B83002,Paracet_Tab 500mg,0407010H0AAAMAM,3,0.06720000000000076
95,B83002,Paracet_Tab 500mg,0407010H0AAAMAM,3,0.06720000000000076
267,B83008,Lansoprazole_Cap 30mg (E/C Gran),0103050L0AAAAAA,11,0.061600000000000696
268,B83061,Lansoprazole_Cap 30mg (E/C Gran),0103050L0AAAAAA,21,0.058800000000000664
269,B83033,Lansoprazole_Cap 30mg (E/C Gran),0103050L0AAAAAA,30,0.05400000000000009
239,B82053,Pregabalin_Cap 100mg,0408010AEAAADAD,8,0.050400000000001444
96,B83624,Paracet_Tab 500mg,0407010H0AAAMAM,16,0.04479999999999973
97,B83624,Paracet_Tab 500mg,0407010H0AAAMAM,16,0.04479999999999973
312,B82028,Atorvastatin_Tab 80mg,0212000B0AAADAD,21,0.04410000000000126
270,B83620,Lansoprazole_Cap 30mg (E/C Gran),0103050L0AAAAAA,13,0.03640000000000041
99,B83027,Paracet_Tab 500mg,0407010H0AAAMAM,13,0.03639999999999978
98,B83027,Paracet_Tab 500mg,0407010H0AAAMAM,13,0.03639999999999978
271,B83033,Lansoprazole_Cap 30mg (E/C Gran),0103050L0AAAAAA,6,0.03360000000000038
100,B82020,Paracet_Tab 500mg,0407010H0AAAMAM,8,0.0335999999999998
101,B82020,Paracet_Tab 500mg,0407010H0AAAMAM,8,0.0335999999999998
272,B83006,Lansoprazole_Cap 30mg (E/C Gran),0103050L0AAAAAA,11,0.030800000000000348
313,B83061,Atorvastatin_Tab 80mg,0212000B0AAADAD,14,0.029400000000000842
274,B83019,Lansoprazole_Cap 30mg (E/C Gran),0103050L0AAAAAA,5,0.028000000000000316
273,B83023,Lansoprazole_Cap 30mg (E/C Gran),0103050L0AAAAAA,10,0.028000000000000316
314,B82053,Atorvastatin_Tab 80mg,0212000B0AAADAD,13,0.027300000000000782
202,B82020,Lansoprazole_Cap 15mg (E/C Gran),0103050L0AAABAB,6,0.025199999999999848
306,B82053,Memantine HCl_Tab 20mg,0411000G0AAADAD,5,0.024499999999999973
102,B83021,Paracet_Tab 500mg,0407010H0AAAMAM,4,0.023999999999999855
103,B83021,Paracet_Tab 500mg,0407010H0AAAMAM,4,0.023999999999999855
277,B83061,Lansoprazole_Cap 30mg (E/C Gran),0103050L0AAAAAA,4,0.022400000000000253
276,B83006,Lansoprazole_Cap 30mg (E/C Gran),0103050L0AAAAAA,4,0.022400000000000253
275,B82028,Lansoprazole_Cap 30mg (E/C Gran),0103050L0AAAAAA,4,0.022400000000000253
104,B82020,Paracet_Tab 500mg,0407010H0AAAMAM,8,0.022399999999999864
105,B82020,Paracet_Tab 500mg,0407010H0AAAMAM,8,0.022399999999999864
315,B83023,Atorvastatin_Tab 80mg,0212000B0AAADAD,10,0.0210000000000006
316,B83620,Atorvastatin_Tab 80mg,0212000B0AAADAD,10,0.0210000000000006
203,B83019,Lansoprazole_Cap 15mg (E/C Gran),0103050L0AAABAB,5,0.020999999999999873
307,B83624,Memantine HCl_Tab 20mg,0411000G0AAADAD,4,0.01959999999999998
109,B82028,Paracet_Tab 500mg,0407010H0AAAMAM,7,0.01959999999999988
108,B82028,Paracet_Tab 500mg,0407010H0AAAMAM,7,0.01959999999999988
107,B82053,Paracet_Tab 500mg,0407010H0AAAMAM,7,0.01959999999999988
106,B82053,Paracet_Tab 500mg,0407010H0AAAMAM,7,0.01959999999999988
317,B83624,Atorvastatin_Tab 80mg,0212000B0AAADAD,9,0.01890000000000054
278,B83002,Lansoprazole_Cap 30mg (E/C Gran),0103050L0AAAAAA,3,0.01680000000000019
113,B82053,Paracet_Tab 500mg,0407010H0AAAMAM,4,0.0167999999999999
110,B83006,Paracet_Tab 500mg,0407010H0AAAMAM,4,0.0167999999999999
114,B83019,Paracet_Tab 500mg,0407010H0AAAMAM,6,0.0167999999999999
115,B83019,Paracet_Tab 500mg,0407010H0AAAMAM,6,0.0167999999999999
111,B83006,Paracet_Tab 500mg,0407010H0AAAMAM,4,0.0167999999999999
112,B82053,Paracet_Tab 500mg,0407010H0AAAMAM,4,0.0167999999999999
204,B82007,Lansoprazole_Cap 15mg (E/C Gran),0103050L0AAABAB,4,0.0167999999999999
116,B83021,Paracet_Tab 500mg,0407010H0AAAMAM,5,0.013999999999999915
117,B83021,Paracet_Tab 500mg,0407010H0AAAMAM,5,0.013999999999999915
318,B83008,Atorvastatin_Tab 80mg,0212000B0AAADAD,6,0.012600000000000361
279,B83023,Lansoprazole_Cap 30mg (E/C Gran),0103050L0AAAAAA,3,0.012600000000000361
118,B82020,Paracet_Tab 500mg,0407010H0AAAMAM,9,0.012599999999999924
205,B83023,Lansoprazole_Cap 15mg (E/C Gran),0103050L0AAABAB,3,0.012599999999999924
119,B82020,Paracet_Tab 500mg,0407010H0AAAMAM,9,0.012599999999999924
300,B83624,Nebivolol_Tab 2.5mg,0204000ABAAABAB,3,0.012599999999998612
280,B83027,Lansoprazole_Cap 30mg (E/C Gran),0103050L0AAAAAA,4,0.012000000000000344
121,B82028,Paracet_Tab 500mg,0407010H0AAAMAM,2,0.011999999999999927
122,B83033,Paracet_Tab 500mg,0407010H0AAAMAM,2,0.011999999999999927
120,B83033,Paracet_Tab 500mg,0407010H0AAAMAM,2,0.011999999999999927
123,B82028,Paracet_Tab 500mg,0407010H0AAAMAM,2,0.011999999999999927
281,B83602,Lansoprazole_Cap 30mg (E/C Gran),0103050L0AAAAAA,4,0.011200000000000127
282,B82007,Lansoprazole_Cap 30mg (E/C Gran),0103050L0AAAAAA,2,0.011200000000000127
125,B83008,Paracet_Tab 500mg,0407010H0AAAMAM,4,0.011199999999999932
124,B83008,Paracet_Tab 500mg,0407010H0AAAMAM,4,0.011199999999999932
319,B83033,Atorvastatin_Tab 80mg,0212000B0AAADAD,5,0.0105000000000003
175,B83027,Hydrocort_Tab 10mg,0603020J0AAADAD,2,0.008999999999999009
320,B83019,Atorvastatin_Tab 80mg,0212000B0AAADAD,4,0.00840000000000024
321,B83006,Atorvastatin_Tab 80mg,0212000B0AAADAD,4,0.00840000000000024
283,B83006,Lansoprazole_Cap 30mg (E/C Gran),0103050L0AAAAAA,2,0.00840000000000024
284,B83602,Lansoprazole_Cap 30mg (E/C Gran),0103050L0AAAAAA,2,0.00840000000000024
127,B82053,Paracet_Tab 500mg,0407010H0AAAMAM,4,0.00839999999999995
208,B83624,Lansoprazole_Cap 15mg (E/C Gran),0103050L0AAABAB,2,0.00839999999999995
207,B83021,Lansoprazole_Cap 15mg (E/C Gran),0103050L0AAABAB,2,0.00839999999999995
206,B82028,Lansoprazole_Cap 15mg (E/C Gran),0103050L0AAABAB,2,0.00839999999999995
126,B82053,Paracet_Tab 500mg,0407010H0AAAMAM,4,0.00839999999999995
301,B82020,Nebivolol_Tab 2.5mg,0204000ABAAABAB,4,0.008399999999999075
285,B83019,Lansoprazole_Cap 30mg (E/C Gran),0103050L0AAAAAA,2,0.007200000000000012
286,B82028,Lansoprazole_Cap 30mg (E/C Gran),0103050L0AAAAAA,1,0.0070000000000002005
131,B83624,Paracet_Tab 500mg,0407010H0AAAMAM,5,0.006999999999999958
130,B83033,Paracet_Tab 500mg,0407010H0AAAMAM,5,0.006999999999999958
128,B83033,Paracet_Tab 500mg,0407010H0AAAMAM,5,0.006999999999999958
129,B83624,Paracet_Tab 500mg,0407010H0AAAMAM,5,0.006999999999999958
287,B83620,Lansoprazole_Cap 30mg (E/C Gran),0103050L0AAAAAA,2,0.006000000000000172
234,B83602,Atorvastatin_Tab 40mg,0212000B0AAACAC,1,0.006000000000000172
288,B83033,Lansoprazole_Cap 30mg (E/C Gran),0103050L0AAAAAA,2,0.006000000000000172
289,B83023,Lansoprazole_Cap 30mg (E/C Gran),0103050L0AAAAAA,2,0.006000000000000172
135,B83006,Paracet_Tab 500mg,0407010H0AAAMAM,1,0.005999999999999964
132,B83006,Paracet_Tab 500mg,0407010H0AAAMAM,1,0.005999999999999964
133,B82053,Paracet_Tab 500mg,0407010H0AAAMAM,1,0.005999999999999964
134,B82053,Paracet_Tab 500mg,0407010H0AAAMAM,1,0.005999999999999964
290,B83620,Lansoprazole_Cap 30mg (E/C Gran),0103050L0AAAAAA,1,0.005600000000000063
136,B83019,Paracet_Tab 500mg,0407010H0AAAMAM,4,0.005599999999999966
137,B83006,Paracet_Tab 500mg,0407010H0AAAMAM,2,0.005599999999999966
138,B83006,Paracet_Tab 500mg,0407010H0AAAMAM,2,0.005599999999999966
139,B83019,Paracet_Tab 500mg,0407010H0AAAMAM,4,0.005599999999999966
176,B83008,Hydrocort_Tab 10mg,0603020J0AAADAD,1,0.004499999999999504
177,B83006,Hydrocort_Tab 10mg,0603020J0AAADAD,1,0.004499999999999504
323,B83008,Atorvastatin_Tab 80mg,0212000B0AAADAD,1,0.00420000000000012
291,B82020,Lansoprazole_Cap 30mg (E/C Gran),0103050L0AAAAAA,1,0.00420000000000012
322,B82020,Atorvastatin_Tab 80mg,0212000B0AAADAD,1,0.00420000000000012
292,B83624,Lansoprazole_Cap 30mg (E/C Gran),0103050L0AAAAAA,1,0.00420000000000012
303,B83006,Nebivolol_Tab 2.5mg,0204000ABAAABAB,1,0.0041999999999995374
302,B82020,Nebivolol_Tab 2.5mg,0204000ABAAABAB,1,0.0041999999999995374
295,B83006,Lansoprazole_Cap 30mg (E/C Gran),0103050L0AAAAAA,1,0.003000000000000086
293,B83021,Lansoprazole_Cap 30mg (E/C Gran),0103050L0AAAAAA,1,0.003000000000000086
294,B83602,Lansoprazole_Cap 30mg (E/C Gran),0103050L0AAAAAA,1,0.003000000000000086
141,B82007,Paracet_Tab 500mg,0407010H0AAAMAM,1,0.002999999999999982
140,B82007,Paracet_Tab 500mg,0407010H0AAAMAM,1,0.002999999999999982
142,B83021,Paracet_Tab 500mg,0407010H0AAAMAM,1,0.002999999999999982
143,B83021,Paracet_Tab 500mg,0407010H0AAAMAM,1,0.002999999999999982
296,B83002,Lansoprazole_Cap 30mg (E/C Gran),0103050L0AAAAAA,1,0.0028000000000000316
209,B82028,Lansoprazole_Cap 15mg (E/C Gran),0103050L0AAABAB,1,0.0025999999999999843
235,B83061,Atorvastatin_Tab 40mg,0212000B0AAACAC,1,-0.0007999999999999674
297,B83624,Lansoprazole_Cap 30mg (E/C Gran),0103050L0AAAAAA,1,-0.000999999999999994
210,B83008,Lansoprazole_Cap 15mg (E/C Gran),0103050L0AAABAB,1,-0.001499999999999991
178,B83008,Hydrocort_Tab 10mg,0603020J0AAADAD,1,-0.0017999999999998018
298,B82020,Lansoprazole_Cap 30mg (E/C Gran),0103050L0AAAAAA,1,-0.001999999999999988
236,B83602,Atorvastatin_Tab 40mg,0212000B0AAACAC,1,-0.0029999999999998778
144,B83624,Paracet_Tab 500mg,0407010H0AAAMAM,1,-0.004799999999999971
145,B83624,Paracet_Tab 500mg,0407010H0AAAMAM,1,-0.004799999999999971
146,B83002,Paracet_Tab 500mg,0407010H0AAAMAM,1,-0.005599999999999966
147,B83002,Paracet_Tab 500mg,0407010H0AAAMAM,1,-0.005599999999999966
211,B82020,Lansoprazole_Cap 15mg (E/C Gran),0103050L0AAABAB,2,-0.005999999999999964
324,B82028,Atorvastatin_Tab 80mg,0212000B0AAADAD,1,-0.006000000000000172
212,B83023,Lansoprazole_Cap 15mg (E/C Gran),0103050L0AAABAB,2,-0.008800000000000002
179,B83027,Hydrocort_Tab 10mg,0603020J0AAADAD,1,-0.011199999999998766
180,B83033,Hydrocort_Tab 10mg,0603020J0AAADAD,1,-0.011199999999998766
149,B83021,Paracet_Tab 500mg,0407010H0AAAMAM,2,-0.011199999999999932
148,B83021,Paracet_Tab 500mg,0407010H0AAAMAM,2,-0.011199999999999932
181,B83006,Hydrocort_Tab 10mg,0603020J0AAADAD,1,-0.012599999999998612
182,B83021,Hydrocort_Tab 10mg,0603020J0AAADAD,1,-0.012599999999998612
184,B83027,Hydrocort_Tab 10mg,0603020J0AAADAD,1,-0.013999999999998458
183,B83033,Hydrocort_Tab 10mg,0603020J0AAADAD,1,-0.013999999999998458
213,B83023,Lansoprazole_Cap 15mg (E/C Gran),0103050L0AAABAB,5,-0.014000000000000037
214,B83620,Lansoprazole_Cap 15mg (E/C Gran),0103050L0AAABAB,6,-0.016800000000000044
215,B83008,Lansoprazole_Cap 15mg (E/C Gran),0103050L0AAABAB,7,-0.01960000000000005
185,B83008,Hydrocort_Tab 10mg,0603020J0AAADAD,1,-0.019999999999997797
186,B82007,Hydrocort_Tab 10mg,0603020J0AAADAD,2,-0.021999999999997577
187,B83006,Hydrocort_Tab 10mg,0603020J0AAADAD,2,-0.022399999999997533
151,B83620,Paracet_Tab 500mg,0407010H0AAAMAM,4,-0.022399999999999864
150,B83620,Paracet_Tab 500mg,0407010H0AAAMAM,4,-0.022399999999999864
216,B83006,Lansoprazole_Cap 15mg (E/C Gran),0103050L0AAABAB,8,-0.02240000000000006
218,B82028,Lansoprazole_Cap 15mg (E/C Gran),0103050L0AAABAB,9,-0.025200000000000066
217,B83002,Lansoprazole_Cap 15mg (E/C Gran),0103050L0AAABAB,9,-0.025200000000000066
153,B83006,Paracet_Tab 500mg,0407010H0AAAMAM,5,-0.02799999999999983
152,B83006,Paracet_Tab 500mg,0407010H0AAAMAM,5,-0.02799999999999983
219,B83021,Lansoprazole_Cap 15mg (E/C Gran),0103050L0AAABAB,11,-0.03080000000000008
220,B83019,Lansoprazole_Cap 15mg (E/C Gran),0103050L0AAABAB,12,-0.03360000000000009
221,B83033,Lansoprazole_Cap 15mg (E/C Gran),0103050L0AAABAB,8,-0.03520000000000001
154,B83008,Paracet_Tab 500mg,0407010H0AAAMAM,7,-0.03919999999999976
155,B83008,Paracet_Tab 500mg,0407010H0AAAMAM,7,-0.03919999999999976
157,B83023,Paracet_Tab 500mg,0407010H0AAAMAM,8,-0.04479999999999973
156,B83023,Paracet_Tab 500mg,0407010H0AAAMAM,8,-0.04479999999999973
222,B83061,Lansoprazole_Cap 15mg (E/C Gran),0103050L0AAABAB,20,-0.05600000000000015
223,B82053,Lansoprazole_Cap 15mg (E/C Gran),0103050L0AAABAB,22,-0.06160000000000016
159,B83033,Paracet_Tab 500mg,0407010H0AAAMAM,13,-0.07279999999999956
158,B83033,Paracet_Tab 500mg,0407010H0AAAMAM,13,-0.07279999999999956
224,B82020,Lansoprazole_Cap 15mg (E/C Gran),0103050L0AAABAB,46,-0.12880000000000033
161,B82053,Paracet_Tab 500mg,0407010H0AAAMAM,27,-0.15119999999999909
160,B82053,Paracet_Tab 500mg,0407010H0AAAMAM,27,-0.15119999999999909
225,B83027,Lansoprazole_Cap 15mg (E/C Gran),0103050L0AAABAB,56,-0.1568000000000004
163,B83027,Paracet_Tab 500mg,0407010H0AAAMAM,32,-0.17919999999999892
162,B83027,Paracet_Tab 500mg,0407010H0AAAMAM,32,-0.17919999999999892
164,B83033,Paracet_Tab 500mg,0407010H0AAAMAM,10,-0.19199999999999995
165,B83033,Paracet_Tab 500mg,0407010H0AAAMAM,10,-0.19199999999999995
226,B83624,Lansoprazole_Cap 15mg (E/C Gran),0103050L0AAABAB,97,-0.27160000000000073
166,B83624,Paracet_Tab 500mg,0407010H0AAAMAM,60,-0.33599999999999797
167,B83624,Paracet_Tab 500mg,0407010H0AAAMAM,60,-0.33599999999999797
168,B83033,Paracet_Tab 500mg,0407010H0AAAMAM,6,-0.6719999999999995
169,B83033,Paracet_Tab 500mg,0407010H0AAAMAM,6,-0.6719999999999995
171,B83033,Paracet_Tab 500mg,0407010H0AAAMAM,3,-2.519999999999999
170,B83033,Paracet_Tab 500mg,0407010H0AAAMAM,3,-2.519999999999999
188,B82020,Hydrocort_Tab 10mg,0603020J0AAADAD,7,-11.995199999999985
