,practice_code,bnf_description,bnf_code,items,excess_cost
0,Y04566,Clonazepam_Tab 500mcg,0408010F0AAABAB,1,0.15819999999999967
1,Y04566,Mirtazapine_Tab 30mg,0403040X0AAAAAA,8,0.022399999999999864
11,Y04566,Vit B Co Strong_Tab,0906027G0AAABAB,2,0.011199999999999544
3,Y04566,Omeprazole_Cap E/C 20mg,0103050P0AAAAAA,2,0.00979999999999999
12,Y04566,Clopidogrel_Tab 75mg,0209000C0AAAAAA,2,0.00979999999999999
13,Y04566,Olanzapine_Orodisper Tab 10mg,040201060AAAXAX,1,0.00979999999999892
14,Y04566,Amitriptyline HCl_Tab 10mg,0403010B0AAAGAG,1,0.005600000000000063
16,Y04566,Pregabalin_Cap 75mg,0408010AEAAACAC,1,0.005599999999999966
10,Y04566,Codeine Phos_Tab 30mg,0407020C0AAAEAE,1,0.005599999999999966
9,Y04566,Codeine Phos_Tab 30mg,0407020C0AAAEAE,1,0.005599999999999966
4,Y04881,Omeprazole_Cap E/C 20mg,0103050P0AAAAAA,1,0.004899999999999995
8,Y04566,Aspirin Disper_Tab 75mg,0209000A0AAABAB,1,0.002799999999999983
7,Y03250,Aspirin Disper_Tab 75mg,0209000A0AAABAB,1,0.002799999999999983
6,Y03250,Aspirin Disper_Tab 75mg,0209000A0AAABAB,1,0.002799999999999983
5,Y04566,Aspirin Disper_Tab 75mg,0209000A0AAABAB,1,0.002799999999999983
2,Y03251,Mirtazapine_Tab 30mg,0403040X0AAAAAA,1,0.002799999999999983
15,Y04566,Amitriptyline HCl_Tab 10mg,0403010B0AAAGAG,1,0.00210000000000006
17,Y03285,Pregabalin_Cap 75mg,0408010AEAAACAC,1,0.0015999999999999903
