,practice_code,bnf_description,bnf_code,items,excess_cost
0,J82054,Amiodarone HCl_Tab 200mg,0203020D0AAABAB,5,1.5792000000000013
1,J82054,Clonazepam_Tab 500mcg,0408010F0AAABAB,13,6.007399999999988
2,J82054,Pregabalin_Cap 50mg,0408010AEAAABAB,11,0.04480000000000128
3,K81002,Amiodarone HCl_Tab 200mg,0203020D0AAABAB,4,1.4000000000000012
4,K81002,Atorvastatin_Tab 80mg,0212000B0AAADAD,2,0.00840000000000024
5,K81002,Clonazepam_Tab 500mcg,0408010F0AAABAB,6,2.5537999999999945
6,K81002,Losartan Pot_Tab 100mg,0205052N0AAADAD,1,0.005600000000000015
7,K81002,Mesalazine_Tab E/C 800mg,0105010B0AAASAS,1,18.449999999999996
8,K81002,Pregabalin_Cap 50mg,0408010AEAAABAB,10,0.033600000000000185
9,K81003,Amiodarone HCl_Tab 200mg,0203020D0AAABAB,6,2.100000000000002
10,K81003,Clonazepam_Tab 500mcg,0408010F0AAABAB,15,5.5155999999999885
11,K81003,Pregabalin_Cap 50mg,0408010AEAAABAB,2,0.01120000000000032
12,K81004,Amiodarone HCl_Tab 200mg,0203020D0AAABAB,2,0.7000000000000006
13,K81004,Clonazepam_Tab 500mcg,0408010F0AAABAB,12,3.796799999999992
14,K81004,Phenytoin_Sod Tab 100mg,0408010Q0AAAGAG,1,29.849399999999996
15,K81004,Pregabalin_Cap 50mg,0408010AEAAABAB,6,0.01680000000000048
16,K81007,Amiodarone HCl_Tab 200mg,0203020D0AAABAB,1,0.3500000000000003
17,K81007,Atorvastatin_Tab 10mg,0212000B0AAAAAA,4,0.008400000000000046
18,K81007,Clonazepam_Tab 500mcg,0408010F0AAABAB,2,0.6327999999999987
19,K81007,Losartan Pot_Tab 100mg,0205052N0AAADAD,1,0.005600000000000015
20,K81007,Mesalazine_Tab E/C 800mg,0105010B0AAASAS,2,12.288
21,K81007,Pregabalin_Cap 50mg,0408010AEAAABAB,3,0.00840000000000024
22,K81012,Amiodarone HCl_Tab 200mg,0203020D0AAABAB,9,1.9928000000000017
23,K81012,Atorvastatin_Tab 10mg,0212000B0AAAAAA,4,0.008400000000000046
24,K81012,Atorvastatin_Tab 80mg,0212000B0AAADAD,16,0.03360000000000096
25,K81012,Clonazepam_Tab 500mcg,0408010F0AAABAB,22,7.830899999999983
26,K81012,Losartan Pot_Tab 100mg,0205052N0AAADAD,8,0.04480000000000012
27,K81012,Memantine HCl_Tab 20mg,0411000G0AAADAD,11,0.05389999999999994
28,K81012,Mesalazine_Tab E/C 800mg,0105010B0AAASAS,2,-18.432
29,K81012,Pregabalin_Cap 50mg,0408010AEAAABAB,15,0.07840000000000147
30,K81014,Amiodarone HCl_Tab 200mg,0203020D0AAABAB,14,4.538800000000004
31,K81014,Atorvastatin_Tab 10mg,0212000B0AAAAAA,13,0.02730000000000015
32,K81014,Clonazepam_Tab 500mcg,0408010F0AAABAB,16,6.192399999999987
33,K81014,Mesalazine_Tab E/C 800mg,0105010B0AAASAS,1,17.219999999999995
34,K81014,Pregabalin_Cap 50mg,0408010AEAAABAB,42,0.13819999999999882
35,K81017,Amiodarone HCl_Tab 200mg,0203020D0AAABAB,1,0.3500000000000003
36,K81017,Clonazepam_Tab 500mcg,0408010F0AAABAB,17,9.06259999999998
37,K81017,Memantine HCl_Tab 20mg,0411000G0AAADAD,1,0.0017000000000000487
38,K81017,Mesalazine_Tab E/C 400mg,0105010B0AAAAAA,1,8.556
39,K81017,Mesalazine_Tab E/C 800mg,0105010B0AAASAS,1,17.219999999999995
40,K81017,Pregabalin_Cap 50mg,0408010AEAAABAB,11,0.039200000000000346
41,K81022,Amiodarone HCl_Tab 200mg,0203020D0AAABAB,7,2.450000000000002
42,K81022,Atorvastatin_Tab 10mg,0212000B0AAAAAA,12,0.02520000000000014
43,K81022,Atorvastatin_Tab 80mg,0212000B0AAADAD,9,0.01890000000000054
44,K81022,Clonazepam_Tab 500mcg,0408010F0AAABAB,33,12.862599999999972
45,K81022,Losartan Pot_Tab 100mg,0205052N0AAADAD,8,0.04480000000000012
46,K81022,Memantine HCl_Tab 20mg,0411000G0AAADAD,20,0.09799999999999989
47,K81022,Mesalazine_Tab E/C 400mg,0105010B0AAAAAA,1,23.956799999999998
48,K81022,Mesalazine_Tab E/C 800mg,0105010B0AAASAS,2,71.33999999999997
49,K81022,Pregabalin_Cap 50mg,0408010AEAAABAB,29,0.11760000000000298
50,K81025,Amiodarone HCl_Tab 200mg,0203020D0AAABAB,8,3.1500000000000026
51,K81025,Atorvastatin_Tab 80mg,0212000B0AAADAD,1,-0.0039000000000001117
52,K81025,Clonazepam_Tab 500mcg,0408010F0AAABAB,6,3.1639999999999935
53,K81025,Mesalazine_Tab E/C 800mg,0105010B0AAASAS,2,-19.679999999999996
54,K81025,Pregabalin_Cap 50mg,0408010AEAAABAB,7,0.030800000000000882
55,K81026,Amiodarone HCl_Tab 200mg,0203020D0AAABAB,1,0.3500000000000003
56,K81026,Atorvastatin_Tab 10mg,0212000B0AAAAAA,11,0.023100000000000127
57,K81026,Clonazepam_Tab 500mcg,0408010F0AAABAB,4,3.1639999999999935
58,K81026,Pregabalin_Cap 50mg,0408010AEAAABAB,1,0.00560000000000016
59,K81027,Amiodarone HCl_Tab 200mg,0203020D0AAABAB,11,2.788800000000002
60,K81027,Atorvastatin_Tab 10mg,0212000B0AAAAAA,92,0.19320000000000107
61,K81027,Atorvastatin_Tab 80mg,0212000B0AAADAD,23,0.04320000000000124
62,K81027,Clonazepam_Tab 500mcg,0408010F0AAABAB,25,6.700899999999986
63,K81027,Losartan Pot_Tab 100mg,0205052N0AAADAD,89,0.4984000000000013
64,K81027,Memantine HCl_Tab 20mg,0411000G0AAADAD,16,0.07839999999999991
65,K81027,Pregabalin_Cap 50mg,0408010AEAAABAB,34,0.030800000000002145
66,K81040,Amiodarone HCl_Tab 200mg,0203020D0AAABAB,7,3.150000000000003
67,K81040,Clonazepam_Tab 500mcg,0408010F0AAABAB,7,7.141599999999986
68,K81040,Pregabalin_Cap 50mg,0408010AEAAABAB,12,0.058800000000001684
69,K81041,Amiodarone HCl_Tab 200mg,0203020D0AAABAB,3,1.4000000000000012
70,K81041,Clonazepam_Tab 500mcg,0408010F0AAABAB,6,2.2147999999999954
71,K81041,Pregabalin_Cap 50mg,0408010AEAAABAB,4,-0.00280000000000008
72,K81045,Amiodarone HCl_Tab 200mg,0203020D0AAABAB,4,2.100000000000002
73,K81045,Clonazepam_Tab 500mcg,0408010F0AAABAB,10,5.597599999999989
74,K81045,Pregabalin_Cap 50mg,0408010AEAAABAB,8,0.04480000000000128
75,K81047,Amiodarone HCl_Tab 200mg,0203020D0AAABAB,4,2.450000000000002
76,K81047,Clonazepam_Tab 500mcg,0408010F0AAABAB,13,9.785799999999979
77,K81047,Pregabalin_Cap 50mg,0408010AEAAABAB,6,0.03360000000000096
78,K81048,Amiodarone HCl_Tab 200mg,0203020D0AAABAB,1,0.3500000000000003
79,K81048,Atorvastatin_Tab 10mg,0212000B0AAAAAA,3,0.006300000000000035
80,K81048,Atorvastatin_Tab 80mg,0212000B0AAADAD,4,0.00840000000000024
81,K81048,Clonazepam_Tab 500mcg,0408010F0AAABAB,8,5.423999999999989
82,K81048,Losartan Pot_Tab 100mg,0205052N0AAADAD,1,-0.0029999999999998778
83,K81048,Memantine HCl_Tab 20mg,0411000G0AAADAD,5,0.024499999999999973
84,K81048,Mesalazine_Tab E/C 800mg,0105010B0AAASAS,1,17.219999999999995
85,K81048,Pregabalin_Cap 50mg,0408010AEAAABAB,16,-0.011199999999999932
86,K81050,Amiodarone HCl_Tab 200mg,0203020D0AAABAB,5,1.7500000000000016
87,K81050,Atorvastatin_Tab 10mg,0212000B0AAAAAA,22,0.046200000000000255
88,K81050,Atorvastatin_Tab 80mg,0212000B0AAADAD,6,0.012600000000000361
89,K81050,Clonazepam_Tab 500mcg,0408010F0AAABAB,10,3.062399999999994
90,K81050,Memantine HCl_Tab 20mg,0411000G0AAADAD,5,0.024499999999999973
91,K81050,Pregabalin_Cap 50mg,0408010AEAAABAB,3,0.01680000000000048
92,K81051,Amiodarone HCl_Tab 200mg,0203020D0AAABAB,2,0.7000000000000006
93,K81051,Atorvastatin_Tab 80mg,0212000B0AAADAD,1,74.42399999999999
94,K81051,Clonazepam_Tab 500mcg,0408010F0AAABAB,8,4.6103999999999905
95,K81051,Mesalazine_Tab E/C 400mg,0105010B0AAAAAA,1,-17.112
96,K81051,Pregabalin_Cap 50mg,0408010AEAAABAB,9,0.0420000000000012
97,K81052,Amiodarone HCl_Tab 200mg,0203020D0AAABAB,5,1.772000000000002
98,K81052,Atorvastatin_Tab 10mg,0212000B0AAAAAA,50,23.192400000000003
99,K81052,Clonazepam_Tab 500mcg,0408010F0AAABAB,1,0.31639999999999935
100,K81052,Losartan Pot_Tab 100mg,0205052N0AAADAD,31,58.95119999999999
101,K81052,Pregabalin_Cap 50mg,0408010AEAAABAB,4,114.15039999999999
102,K81055,Amiodarone HCl_Tab 200mg,0203020D0AAABAB,4,1.4000000000000012
103,K81055,Atorvastatin_Tab 10mg,0212000B0AAAAAA,4,0.008400000000000046
104,K81055,Clonazepam_Tab 500mcg,0408010F0AAABAB,7,5.310999999999989
105,K81055,Phenytoin_Sod Tab 100mg,0408010Q0AAAGAG,2,9.088799999999997
106,K81055,Pregabalin_Cap 50mg,0408010AEAAABAB,5,0.028000000000000802
107,K81056,Atorvastatin_Tab 10mg,0212000B0AAAAAA,1,-0.002999999999999982
108,K81056,Clonazepam_Tab 500mcg,0408010F0AAABAB,16,4.128999999999992
109,K81056,Mesalazine_Tab E/C 800mg,0105010B0AAASAS,2,12.288
110,K81056,Pregabalin_Cap 50mg,0408010AEAAABAB,7,0.016799999999999704
111,K81057,Amiodarone HCl_Tab 200mg,0203020D0AAABAB,1,0.3500000000000003
112,K81057,Atorvastatin_Tab 10mg,0212000B0AAAAAA,29,23.223200000000002
113,K81057,Clonazepam_Tab 500mcg,0408010F0AAABAB,9,6.011599999999988
114,K81057,Losartan Pot_Tab 100mg,0205052N0AAADAD,46,29.62400000000001
115,K81057,Memantine HCl_Tab 20mg,0411000G0AAADAD,4,127.8014
116,K81057,Pregabalin_Cap 50mg,0408010AEAAABAB,9,0.03360000000000096
117,K81062,Amiodarone HCl_Tab 200mg,0203020D0AAABAB,2,1.4000000000000012
118,K81062,Atorvastatin_Tab 10mg,0212000B0AAAAAA,3,-0.0017999999999999405
119,K81062,Clonazepam_Tab 500mcg,0408010F0AAABAB,15,10.599399999999978
120,K81062,Losartan Pot_Tab 100mg,0205052N0AAADAD,4,0.02240000000000006
121,K81062,Pregabalin_Cap 50mg,0408010AEAAABAB,4,0.014000000000000401
122,K81063,Amiodarone HCl_Tab 200mg,0203020D0AAABAB,7,2.6292000000000018
123,K81063,Clonazepam_Tab 500mcg,0408010F0AAABAB,12,6.395799999999987
124,K81063,Pregabalin_Cap 50mg,0408010AEAAABAB,15,0.06720000000000192
125,K81067,Atorvastatin_Tab 10mg,0212000B0AAAAAA,2,-0.0017999999999999405
126,K81067,Atorvastatin_Tab 80mg,0212000B0AAADAD,1,0.00420000000000012
127,K81067,Clonazepam_Tab 500mcg,0408010F0AAABAB,11,8.222399999999984
128,K81067,Pregabalin_Cap 50mg,0408010AEAAABAB,4,0.012600000000000167
129,K81069,Amiodarone HCl_Tab 200mg,0203020D0AAABAB,4,2.100000000000002
130,K81069,Atorvastatin_Tab 10mg,0212000B0AAAAAA,48,0.8064000000000044
131,K81069,Clonazepam_Tab 500mcg,0408010F0AAABAB,17,11.779599999999975
132,K81069,Losartan Pot_Tab 100mg,0205052N0AAADAD,4,0.02240000000000006
133,K81069,Pregabalin_Cap 50mg,0408010AEAAABAB,9,0.025200000000000722
134,K81070,Amiodarone HCl_Tab 200mg,0203020D0AAABAB,4,1.4000000000000012
135,K81070,Atorvastatin_Tab 10mg,0212000B0AAAAAA,11,-0.03089999999999979
136,K81070,Clonazepam_Tab 500mcg,0408010F0AAABAB,11,5.651199999999989
137,K81070,Memantine HCl_Tab 20mg,0411000G0AAADAD,4,0.01959999999999998
138,K81070,Pregabalin_Cap 50mg,0408010AEAAABAB,12,0.04200000000000159
139,K81073,Amiodarone HCl_Tab 200mg,0203020D0AAABAB,6,2.122000000000002
140,K81073,Atorvastatin_Tab 10mg,0212000B0AAAAAA,2,0.008400000000000046
141,K81073,Atorvastatin_Tab 80mg,0212000B0AAADAD,3,-0.012000000000000344
142,K81073,Clonazepam_Tab 500mcg,0408010F0AAABAB,6,6.671999999999986
143,K81073,Losartan Pot_Tab 100mg,0205052N0AAADAD,1,0.006000000000000172
144,K81073,Mesalazine_Tab E/C 800mg,0105010B0AAASAS,1,11.479999999999997
145,K81073,Phenytoin_Sod Tab 100mg,0408010Q0AAAGAG,2,12.118399999999996
146,K81073,Pregabalin_Cap 50mg,0408010AEAAABAB,18,0.07560000000000217
147,K81077,Amiodarone HCl_Tab 200mg,0203020D0AAABAB,8,2.8000000000000025
148,K81077,Clonazepam_Tab 500mcg,0408010F0AAABAB,14,8.339399999999983
149,K81077,Losartan Pot_Tab 100mg,0205052N0AAADAD,4,0.02240000000000006
150,K81077,Memantine HCl_Tab 20mg,0411000G0AAADAD,6,0.029399999999999968
151,K81077,Mesalazine_Tab E/C 400mg,0105010B0AAAAAA,2,47.913599999999995
152,K81077,Pregabalin_Cap 50mg,0408010AEAAABAB,13,0.03219999999999995
153,K81078,Amiodarone HCl_Tab 200mg,0203020D0AAABAB,7,4.304100000000004
154,K81078,Clonazepam_Tab 500mcg,0408010F0AAABAB,10,5.720799999999989
155,K81078,Mesalazine_Tab E/C 800mg,0105010B0AAASAS,1,-36.89999999999999
156,K81078,Pregabalin_Cap 50mg,0408010AEAAABAB,9,0.0420000000000012
157,K81080,Amiodarone HCl_Tab 200mg,0203020D0AAABAB,4,2.100000000000002
158,K81080,Clonazepam_Tab 500mcg,0408010F0AAABAB,6,3.1639999999999935
159,K81081,Atorvastatin_Tab 80mg,0212000B0AAADAD,1,0.00420000000000012
160,K81081,Clonazepam_Tab 500mcg,0408010F0AAABAB,1,0.31639999999999935
161,K81081,Pregabalin_Cap 50mg,0408010AEAAABAB,5,0.0238000000000001
162,K81092,Amiodarone HCl_Tab 200mg,0203020D0AAABAB,1,0.7000000000000006
163,K81092,Clonazepam_Tab 500mcg,0408010F0AAABAB,6,6.169799999999987
164,K81092,Pregabalin_Cap 50mg,0408010AEAAABAB,2,0.01120000000000032
165,K81100,Amiodarone HCl_Tab 200mg,0203020D0AAABAB,5,0.9541000000000006
166,K81100,Clonazepam_Tab 500mcg,0408010F0AAABAB,5,1.3107999999999973
167,K81100,Losartan Pot_Tab 100mg,0205052N0AAADAD,3,0.016800000000000044
168,K81100,Pregabalin_Cap 50mg,0408010AEAAABAB,1,0.00560000000000016
169,K81102,Amiodarone HCl_Tab 200mg,0203020D0AAABAB,3,1.050000000000001
170,K81102,Clonazepam_Tab 500mcg,0408010F0AAABAB,2,2.0791999999999957
171,K81102,Pregabalin_Cap 50mg,0408010AEAAABAB,4,0.014000000000000401
172,K81103,Amiodarone HCl_Tab 200mg,0203020D0AAABAB,2,0.7000000000000006
173,K81103,Atorvastatin_Tab 10mg,0212000B0AAAAAA,3,0.006300000000000035
174,K81103,Atorvastatin_Tab 80mg,0212000B0AAADAD,3,0.0063000000000001805
175,K81103,Clonazepam_Tab 500mcg,0408010F0AAABAB,5,3.344799999999993
176,K81103,Memantine HCl_Tab 20mg,0411000G0AAADAD,4,0.01959999999999998
177,K81103,Pregabalin_Cap 50mg,0408010AEAAABAB,6,0.00840000000000024
178,K81605,Amiodarone HCl_Tab 200mg,0203020D0AAABAB,5,0.6888000000000003
179,K81605,Atorvastatin_Tab 10mg,0212000B0AAAAAA,4,0.008400000000000046
180,K81605,Clonazepam_Tab 500mcg,0408010F0AAABAB,14,4.271399999999991
181,K81605,Mesalazine_Tab E/C 400mg,0105010B0AAAAAA,1,23.956799999999998
182,K81605,Mesalazine_Tab E/C 800mg,0105010B0AAASAS,8,68.81279999999995
183,K81605,Pregabalin_Cap 50mg,0408010AEAAABAB,18,0.050400000000001444
184,K81613,Clonazepam_Tab 500mcg,0408010F0AAABAB,3,0.7909999999999984
185,K81613,Losartan Pot_Tab 100mg,0205052N0AAADAD,7,29.4392
186,K81622,Amiodarone HCl_Tab 200mg,0203020D0AAABAB,3,1.4000000000000012
187,K81633,Amiodarone HCl_Tab 200mg,0203020D0AAABAB,5,1.354100000000001
188,K81633,Atorvastatin_Tab 10mg,0212000B0AAAAAA,8,0.016800000000000093
189,K81633,Clonazepam_Tab 500mcg,0408010F0AAABAB,8,4.022799999999991
190,K81633,Losartan Pot_Tab 100mg,0205052N0AAADAD,3,0.016800000000000044
191,K81633,Memantine HCl_Tab 20mg,0411000G0AAADAD,4,0.01959999999999998
192,K81633,Pregabalin_Cap 50mg,0408010AEAAABAB,6,0.03360000000000096
193,K81636,Amiodarone HCl_Tab 200mg,0203020D0AAABAB,4,0.3388
194,K81636,Atorvastatin_Tab 80mg,0212000B0AAADAD,4,0.00840000000000024
195,K81636,Clonazepam_Tab 500mcg,0408010F0AAABAB,2,1.016999999999998
196,K81636,Pregabalin_Cap 50mg,0408010AEAAABAB,1,0.00560000000000016
197,K81638,Amiodarone HCl_Tab 200mg,0203020D0AAABAB,1,0.3500000000000003
198,K81638,Clonazepam_Tab 500mcg,0408010F0AAABAB,5,3.480399999999993
199,K81638,Losartan Pot_Tab 100mg,0205052N0AAADAD,1,0.005600000000000015
200,K81638,Mesalazine_Tab E/C 400mg,0105010B0AAAAAA,1,12.833999999999998
201,K81638,Mesalazine_Tab E/C 800mg,0105010B0AAASAS,1,36.89999999999999
202,K81638,Pregabalin_Cap 50mg,0408010AEAAABAB,4,0.02240000000000064
203,K81640,Amiodarone HCl_Tab 200mg,0203020D0AAABAB,1,0.3500000000000003
204,K81640,Clonazepam_Tab 500mcg,0408010F0AAABAB,2,0.6327999999999987
205,K81644,Amiodarone HCl_Tab 200mg,0203020D0AAABAB,3,1.050000000000001
206,K81644,Atorvastatin_Tab 10mg,0212000B0AAAAAA,11,0.015000000000000152
207,K81644,Clonazepam_Tab 500mcg,0408010F0AAABAB,8,3.9127999999999923
208,K81644,Losartan Pot_Tab 100mg,0205052N0AAADAD,9,0.05040000000000013
209,K81644,Memantine HCl_Tab 20mg,0411000G0AAADAD,8,0.03919999999999996
210,K81644,Pregabalin_Cap 50mg,0408010AEAAABAB,4,-0.00280000000000008
211,K81651,Amiodarone HCl_Tab 200mg,0203020D0AAABAB,7,1.388800000000001
212,K81651,Atorvastatin_Tab 10mg,0212000B0AAAAAA,28,0.058800000000000324
213,K81651,Atorvastatin_Tab 80mg,0212000B0AAADAD,4,0.00840000000000024
214,K81651,Clonazepam_Tab 500mcg,0408010F0AAABAB,10,4.113199999999992
215,K81651,Losartan Pot_Tab 100mg,0205052N0AAADAD,4,0.02240000000000006
216,K81651,Mesalazine_Tab E/C 800mg,0105010B0AAASAS,1,-36.89999999999999
217,K81651,Pregabalin_Cap 50mg,0408010AEAAABAB,14,0.030800000000000494
218,Y02476,Amiodarone HCl_Tab 200mg,0203020D0AAABAB,3,1.4000000000000012
219,Y02476,Clonazepam_Tab 500mcg,0408010F0AAABAB,2,0.949199999999998
220,Y02476,Pregabalin_Cap 50mg,0408010AEAAABAB,6,0.005599999999999772
