,practice_code,bnf_description,bnf_code,items,excess_cost
0,J82005,Amiodarone HCl_Tab 200mg,0203020D0AAABAB,2,0.7000000000000006
1,J82005,Clonazepam_Tab 500mcg,0408010F0AAABAB,2,2.5763999999999947
2,J82005,Paracet_Tab 500mg,0407010H0AAAMAM,44,0.016800000000000564
3,J82009,Clonazepam_Tab 500mcg,0408010F0AAABAB,10,7.8243999999999865
4,J82009,Escitalopram_Tab 20mg,0403030X0AAABAB,5,134.288
5,J82009,Hydrocort_Tab 10mg,0603020J0AAADAD,4,111.52959999999999
6,J82009,Omeprazole_Tab E/C 20mg,0103050P0AABDBD,6,43.848
7,J82009,Paracet_Tab 500mg,0407010H0AAAMAM,222,54.61360000000002
8,J82010,Amiodarone HCl_Tab 200mg,0203020D0AAABAB,7,3.150000000000003
9,J82010,Clonazepam_Tab 500mcg,0408010F0AAABAB,20,11.548599999999976
10,J82010,Mesalazine_Tab E/C 400mg,0105010B0AAAAAA,1,23.956799999999998
11,J82010,Paracet_Tab 500mg,0407010H0AAAMAM,12,-0.0671999999999996
12,J82021,Amiodarone HCl_Tab 200mg,0203020D0AAABAB,4,2.450000000000002
13,J82021,Clonazepam_Tab 500mcg,0408010F0AAABAB,23,9.57109999999998
14,J82021,Paracet_Tab 500mg,0407010H0AAAMAM,12,-0.04759999999999971
15,J82041,Amiodarone HCl_Tab 200mg,0203020D0AAABAB,5,1.7500000000000016
16,J82041,Clonazepam_Tab 500mcg,0408010F0AAABAB,5,4.474799999999991
17,J82041,Hydrocort_Tab 10mg,0603020J0AAADAD,1,-0.011199999999998766
18,J82041,Mesalazine_Tab E/C 400mg,0105010B0AAAAAA,1,8.556
19,J82041,Paracet_Tab 500mg,0407010H0AAAMAM,2,-0.011199999999999932
20,J82042,Amiodarone HCl_Tab 200mg,0203020D0AAABAB,9,3.150000000000003
21,J82042,Anastrozole_Tab 1mg,0803041B0AAAAAA,1,0.004900000000000043
22,J82042,Clonazepam_Tab 500mcg,0408010F0AAABAB,12,8.61059999999998
23,J82042,Mesalazine_Tab E/C 400mg,0105010B0AAAAAA,3,-31.657199999999996
24,J82042,Paracet_Tab 500mg,0407010H0AAAMAM,2,0.011999999999999927
25,J82098,Amiodarone HCl_Tab 200mg,0203020D0AAABAB,10,5.600000000000005
26,J82098,Clonazepam_Tab 500mcg,0408010F0AAABAB,45,35.702799999999925
27,J82098,Mesalazine_Tab E/C 400mg,0105010B0AAAAAA,2,55.89919999999999
28,J82098,Paracet_Tab 500mg,0407010H0AAAMAM,20,-0.05239999999999968
29,J82119,Amiodarone HCl_Tab 200mg,0203020D0AAABAB,6,1.8988000000000018
30,J82119,Clonazepam_Tab 500mcg,0408010F0AAABAB,15,9.175599999999982
31,J82119,Mesalazine_Tab E/C 400mg,0105010B0AAAAAA,2,68.448
32,J82119,Paracet_Tab 500mg,0407010H0AAAMAM,10,-0.03119999999999981
33,J82119,Risedronate Sod_Tab 35mg,0606020R0AAADAD,8,68.48
34,J82134,Amiodarone HCl_Tab 200mg,0203020D0AAABAB,11,4.188800000000003
35,J82134,Anastrozole_Tab 1mg,0803041B0AAAAAA,1,0.004799999999999471
36,J82134,Clonazepam_Tab 500mcg,0408010F0AAABAB,68,30.383299999999938
37,J82134,Hydrocort_Tab 10mg,0603020J0AAADAD,3,-0.0335999999999963
38,J82134,Mesalazine_Tab E/C 400mg,0105010B0AAAAAA,1,31.942399999999996
39,J82134,Paracet_Tab 500mg,0407010H0AAAMAM,188,-0.7283999999999957
40,J82134,Risperidone_Tab 6mg,040201030AAAFAF,1,29.2096
41,J82147,Amiodarone HCl_Tab 200mg,0203020D0AAABAB,3,1.4000000000000012
42,J82147,Clonazepam_Tab 500mcg,0408010F0AAABAB,2,2.937999999999994
43,J82147,Mesalazine_Tab E/C 400mg,0105010B0AAAAAA,1,51.33599999999999
44,J82147,Paracet_Tab 500mg,0407010H0AAAMAM,2,-0.009599999999999942
45,J82163,Amiodarone HCl_Tab 200mg,0203020D0AAABAB,4,1.7500000000000016
46,J82163,Anastrozole_Tab 1mg,0803041B0AAAAAA,5,0.024500000000000216
47,J82163,Clonazepam_Tab 500mcg,0408010F0AAABAB,21,4.904199999999991
48,J82163,Paracet_Tab 500mg,0407010H0AAAMAM,70,-0.24079999999999854
49,J82164,Amiodarone HCl_Tab 200mg,0203020D0AAABAB,7,2.450000000000002
50,J82164,Clonazepam_Tab 500mcg,0408010F0AAABAB,22,15.729599999999968
51,J82164,Paracet_Tab 500mg,0407010H0AAAMAM,54,-0.10879999999999934
52,J82184,Amiodarone HCl_Tab 200mg,0203020D0AAABAB,2,0.7000000000000006
53,J82184,Clonazepam_Tab 500mcg,0408010F0AAABAB,2,0.949199999999998
54,J82184,Paracet_Tab 500mg,0407010H0AAAMAM,2,-0.011199999999999932
55,J82196,Amiodarone HCl_Tab 200mg,0203020D0AAABAB,1,0.3500000000000003
56,J82196,Clonazepam_Tab 500mcg,0408010F0AAABAB,21,9.29989999999998
57,J82196,Mesalazine_Tab E/C 400mg,0105010B0AAAAAA,3,-17.682399999999998
58,J82196,Paracet_Tab 500mg,0407010H0AAAMAM,20,-0.07799999999999953
59,J82201,Amiodarone HCl_Tab 200mg,0203020D0AAABAB,4,2.450000000000002
60,J82201,Clonazepam_Tab 500mcg,0408010F0AAABAB,6,3.344799999999993
61,J82201,Paracet_Tab 500mg,0407010H0AAAMAM,16,0.009199999999999944
62,J82210,Amiodarone HCl_Tab 200mg,0203020D0AAABAB,4,2.100000000000002
63,J82210,Anastrozole_Tab 1mg,0803041B0AAAAAA,5,123.004
64,J82210,Clonazepam_Tab 500mcg,0408010F0AAABAB,11,4.74599999999999
65,J82210,Mesalazine_Tab E/C 400mg,0105010B0AAAAAA,3,33.0592
66,J82210,Paracet_Tab 500mg,0407010H0AAAMAM,20,0.05919999999999964
67,J82633,Amiodarone HCl_Tab 200mg,0203020D0AAABAB,2,1.050000000000001
68,J82633,Clonazepam_Tab 500mcg,0408010F0AAABAB,7,3.322199999999993
69,J82633,Mesalazine_Tab E/C 400mg,0105010B0AAAAAA,5,47.9136
70,J82633,Paracet_Tab 500mg,0407010H0AAAMAM,10,0.013599999999999918
71,J82633,Risperidone_Tab 6mg,040201030AAAFAF,2,58.4192
72,J82640,Amiodarone HCl_Tab 200mg,0203020D0AAABAB,3,0.954000000000001
73,J82640,Clonazepam_Tab 500mcg,0408010F0AAABAB,6,2.151999999999995
74,J82640,Paracet_Tab 500mg,0407010H0AAAMAM,42,-0.15679999999999905
75,J82646,Amiodarone HCl_Tab 200mg,0203020D0AAABAB,2,1.7500000000000016
76,J82646,Clonazepam_Tab 500mcg,0408010F0AAABAB,9,8.633199999999981
77,J82646,Paracet_Tab 500mg,0407010H0AAAMAM,4,0.023999999999999855
78,Y01281,Clonazepam_Tab 500mcg,0408010F0AAABAB,1,0.3389999999999993
79,Y01281,Hydrocort_Tab 10mg,0603020J0AAADAD,1,-0.011199999999998766
