,practice_code,bnf_description,bnf_code,items,excess_cost
0,D81047,Atorvastatin_Tab 10mg,0212000B0AAAAAA,13,0.02730000000000015
1,D81047,Atorvastatin_Tab 20mg,0212000B0AAABAB,5,0.016800000000000093
2,D81047,Paracet_Tab 500mg,0407010H0AAAMAM,24,-0.1343999999999992
3,D81047,Propranolol HCl_Tab 10mg,0204000R0AAAHAH,12,0.0
4,D81047,Quetiapine_Tab 25mg,0402010ABAAABAB,1,0.00840000000000024
5,E82002,Atorvastatin_Tab 10mg,0212000B0AAAAAA,35,0.08190000000000044
6,E82002,Atorvastatin_Tab 20mg,0212000B0AAABAB,25,-0.041999999999999954
7,E82002,Betahistine HCl_Tab 16mg,0406000B0AAABAB,1,-0.005000000000000143
8,E82002,Paracet_Tab 500mg,0407010H0AAAMAM,22,0.06399999999999961
9,E82002,Propranolol HCl_Tab 10mg,0204000R0AAAHAH,19,0.0
10,E82002,Quetiapine_Tab 25mg,0402010ABAAABAB,8,0.05039999999999911
11,E82005,Atorvastatin_Tab 10mg,0212000B0AAAAAA,339,92.7185
12,E82005,Atorvastatin_Tab 20mg,0212000B0AAABAB,788,24.270400000000084
13,E82005,Atorvastatin_Tab 40mg,0212000B0AAACAC,93,44.788800000000016
14,E82005,Betahistine HCl_Tab 16mg,0406000B0AAABAB,1,0.0029999999999998778
15,E82005,Memantine HCl_Tab 20mg,0411000G0AAADAD,61,111.94470000000001
16,E82005,Montelukast_Tab 10mg,0303020G0AAABAB,134,97.552
17,E82005,Paracet_Tab 500mg,0407010H0AAAMAM,606,25.42440000000007
18,E82005,Prednisolone_Tab Solb 5mg,0603020T0AABHBH,6,-0.00989999999999891
19,E82005,Propranolol HCl_Tab 10mg,0204000R0AAAHAH,88,57.789300000000004
20,E82005,Quetiapine_Tab 25mg,0402010ABAAABAB,15,92.996
21,E82006,Atorvastatin_Tab 10mg,0212000B0AAAAAA,165,23.100000000000005
22,E82006,Betahistine HCl_Tab 16mg,0406000B0AAABAB,27,31.8283
23,E82006,Paracet_Tab 500mg,0407010H0AAAMAM,4,0.023999999999999855
24,E82006,Prednisolone_Tab Solb 5mg,0603020T0AABHBH,3,-0.0021999999999997577
25,E82006,Propranolol HCl_Tab 10mg,0204000R0AAAHAH,10,0.0
26,E82006,Quetiapine_Tab 25mg,0402010ABAAABAB,3,0.016799999999999315
27,E82007,Atorvastatin_Tab 10mg,0212000B0AAAAAA,35,0.16799999999999918
28,E82007,Atorvastatin_Tab 20mg,0212000B0AAABAB,1,0.004400000000000015
29,E82007,Atorvastatin_Tab 40mg,0212000B0AAACAC,18,22.239
30,E82007,Memantine HCl_Tab 20mg,0411000G0AAADAD,8,0.03919999999999996
31,E82007,Paracet_Tab 500mg,0407010H0AAAMAM,142,3.430400000000018
32,E82007,Prednisolone_Tab Solb 5mg,0603020T0AABHBH,4,-0.005999999999999339
33,E82007,Propranolol HCl_Tab 10mg,0204000R0AAAHAH,15,0.0
34,E82007,Quetiapine_Tab 25mg,0402010ABAAABAB,4,0.022399999999999087
35,E82008,Atorvastatin_Tab 10mg,0212000B0AAAAAA,11,0.02730000000000015
36,E82008,Atorvastatin_Tab 20mg,0212000B0AAABAB,367,90.32240000000003
37,E82008,Betahistine HCl_Tab 16mg,0406000B0AAABAB,15,17.009999999999998
38,E82008,Memantine HCl_Tab 20mg,0411000G0AAADAD,8,0.03919999999999996
39,E82008,Paracet_Tab 500mg,0407010H0AAAMAM,330,21.060800000000008
40,E82008,Prednisolone_Tab Solb 5mg,0603020T0AABHBH,1,-0.0035999999999996035
41,E82008,Propranolol HCl_Tab 10mg,0204000R0AAAHAH,28,15.635199999999998
42,E82008,Quetiapine_Tab 25mg,0402010ABAAABAB,30,15.1278
43,E82018,Atorvastatin_Tab 10mg,0212000B0AAAAAA,36,0.07560000000000042
44,E82018,Paracet_Tab 500mg,0407010H0AAAMAM,102,-0.2463999999999985
45,E82018,Prednisolone_Tab Solb 5mg,0603020T0AABHBH,5,201.42319999999998
46,E82018,Propranolol HCl_Tab 10mg,0204000R0AAAHAH,29,58.9344
47,E82018,Quetiapine_Tab 25mg,0402010ABAAABAB,9,-0.7100000000000004
48,E82019,Atorvastatin_Tab 10mg,0212000B0AAAAAA,56,0.11760000000000065
49,E82019,Atorvastatin_Tab 20mg,0212000B0AAABAB,406,22.62280000000002
50,E82019,Montelukast_Tab 10mg,0303020G0AAABAB,31,48.781600000000005
51,E82019,Paracet_Tab 500mg,0407010H0AAAMAM,112,29.267599999999998
52,E82019,Prednisolone_Tab Solb 5mg,0603020T0AABHBH,1,0.004499999999999504
53,E82019,Propranolol HCl_Tab 10mg,0204000R0AAAHAH,42,0.0
54,E82019,Quetiapine_Tab 25mg,0402010ABAAABAB,21,-0.0028000000000008574
55,E82021,Atorvastatin_Tab 10mg,0212000B0AAAAAA,2,0.008400000000000046
56,E82021,Atorvastatin_Tab 40mg,0212000B0AAACAC,1,-0.002700000000000015
57,E82021,Paracet_Tab 500mg,0407010H0AAAMAM,10,-0.038799999999999765
58,E82021,Propranolol HCl_Tab 10mg,0204000R0AAAHAH,5,0.0
59,E82021,Quetiapine_Tab 25mg,0402010ABAAABAB,2,0.011199999999999544
60,E82023,Atorvastatin_Tab 10mg,0212000B0AAAAAA,3,-0.008799999999999898
61,E82023,Memantine HCl_Tab 20mg,0411000G0AAADAD,2,0.00979999999999999
62,E82023,Paracet_Tab 500mg,0407010H0AAAMAM,68,-0.11359999999999931
63,E82023,Prednisolone_Tab Solb 5mg,0603020T0AABHBH,1,0.0020999999999997687
64,E82023,Propranolol HCl_Tab 10mg,0204000R0AAAHAH,10,0.0
65,E82023,Quetiapine_Tab 25mg,0402010ABAAABAB,5,-0.005600000000000549
66,E82024,Atorvastatin_Tab 10mg,0212000B0AAAAAA,22,0.046200000000000255
67,E82024,Atorvastatin_Tab 20mg,0212000B0AAABAB,343,67.96300000000001
68,E82024,Atorvastatin_Tab 40mg,0212000B0AAACAC,182,22.422400000000007
69,E82024,Betahistine HCl_Tab 16mg,0406000B0AAABAB,8,-0.940799999999999
70,E82024,Paracet_Tab 500mg,0407010H0AAAMAM,310,52.263600000000025
71,E82024,Prednisolone_Tab Solb 5mg,0603020T0AABHBH,3,17.9774
72,E82024,Propranolol HCl_Tab 10mg,0204000R0AAAHAH,25,0.0
73,E82024,Quetiapine_Tab 25mg,0402010ABAAABAB,10,0.0031999999999990925
74,E82035,Atorvastatin_Tab 10mg,0212000B0AAAAAA,161,69.8656
75,E82035,Atorvastatin_Tab 40mg,0212000B0AAACAC,1,-0.004000000000000045
76,E82035,Betahistine HCl_Tab 16mg,0406000B0AAABAB,1,0.0029999999999998778
77,E82035,Memantine HCl_Tab 20mg,0411000G0AAADAD,12,0.058799999999999936
78,E82035,Montelukast_Tab 10mg,0303020G0AAABAB,48,97.44000000000001
79,E82035,Paracet_Tab 500mg,0407010H0AAAMAM,378,115.77039999999995
80,E82035,Prednisolone_Tab Solb 5mg,0603020T0AABHBH,1,-0.004799999999999471
81,E82035,Propranolol HCl_Tab 10mg,0204000R0AAAHAH,30,0.0
82,E82035,Quetiapine_Tab 25mg,0402010ABAAABAB,3,0.008399999999999463
83,E82038,Atorvastatin_Tab 10mg,0212000B0AAAAAA,8,0.016800000000000093
84,E82038,Atorvastatin_Tab 20mg,0212000B0AAABAB,138,45.59520000000002
85,E82038,Betahistine HCl_Tab 16mg,0406000B0AAABAB,4,14.050799999999999
86,E82038,Montelukast_Tab 10mg,0303020G0AAABAB,5,0.9940000000000003
87,E82038,Paracet_Tab 500mg,0407010H0AAAMAM,46,15.528000000000002
88,E82038,Prednisolone_Tab Solb 5mg,0603020T0AABHBH,1,-0.004799999999999471
89,E82038,Propranolol HCl_Tab 10mg,0204000R0AAAHAH,12,0.0
90,E82040,Atorvastatin_Tab 10mg,0212000B0AAAAAA,148,11.685100000000007
91,E82040,Atorvastatin_Tab 40mg,0212000B0AAACAC,1,-0.0029999999999998778
92,E82040,Memantine HCl_Tab 20mg,0411000G0AAADAD,2,63.9016
93,E82040,Paracet_Tab 500mg,0407010H0AAAMAM,836,131.18640000000008
94,E82040,Prednisolone_Tab Solb 5mg,0603020T0AABHBH,1,0.0035999999999996035
95,E82040,Propranolol HCl_Tab 10mg,0204000R0AAAHAH,48,0.006000000000000172
96,E82040,Quetiapine_Tab 25mg,0402010ABAAABAB,38,-0.03640000000000376
97,E82041,Atorvastatin_Tab 10mg,0212000B0AAAAAA,10,23.2519
98,E82041,Atorvastatin_Tab 20mg,0212000B0AAABAB,146,22.48400000000002
99,E82041,Paracet_Tab 500mg,0407010H0AAAMAM,110,-2.961599999999982
100,E82041,Prednisolone_Tab Solb 5mg,0603020T0AABHBH,1,0.0035999999999996035
101,E82041,Propranolol HCl_Tab 10mg,0204000R0AAAHAH,42,-0.003000000000000086
102,E82041,Quetiapine_Tab 25mg,0402010ABAAABAB,7,-0.01960000000000095
103,E82042,Atorvastatin_Tab 10mg,0212000B0AAAAAA,18,0.04200000000000023
104,E82042,Atorvastatin_Tab 20mg,0212000B0AAABAB,1,-0.0029999999999998778
105,E82042,Montelukast_Tab 10mg,0303020G0AAABAB,31,25.345599999999997
106,E82042,Paracet_Tab 500mg,0407010H0AAAMAM,6,0.2807999999999996
107,E82042,Prednisolone_Tab Solb 5mg,0603020T0AABHBH,1,-0.0041999999999995374
108,E82042,Propranolol HCl_Tab 10mg,0204000R0AAAHAH,30,0.0
109,E82042,Quetiapine_Tab 25mg,0402010ABAAABAB,8,0.016799999999998927
110,E82044,Atorvastatin_Tab 10mg,0212000B0AAAAAA,46,23.2652
111,E82044,Atorvastatin_Tab 40mg,0212000B0AAACAC,96,44.69399999999999
112,E82044,Betahistine HCl_Tab 16mg,0406000B0AAABAB,11,26.7036
113,E82044,Memantine HCl_Tab 20mg,0411000G0AAADAD,12,63.9352
114,E82044,Montelukast_Tab 10mg,0303020G0AAABAB,23,21.7028
115,E82044,Paracet_Tab 500mg,0407010H0AAAMAM,284,5.161200000000001
116,E82044,Prednisolone_Tab Solb 5mg,0603020T0AABHBH,1,-0.0047999999999999154
117,E82044,Propranolol HCl_Tab 10mg,0204000R0AAAHAH,26,31.5286
118,E82044,Quetiapine_Tab 25mg,0402010ABAAABAB,1,0.00840000000000024
119,E82053,Paracet_Tab 500mg,0407010H0AAAMAM,2,0.011999999999999927
120,E82053,Prednisolone_Tab Solb 5mg,0603020T0AABHBH,1,-0.0023999999999997357
121,E82053,Propranolol HCl_Tab 10mg,0204000R0AAAHAH,17,0.0
122,E82056,Atorvastatin_Tab 10mg,0212000B0AAAAAA,1,0.004200000000000023
123,E82056,Montelukast_Tab 10mg,0303020G0AAABAB,1,-0.002999999999999947
124,E82056,Paracet_Tab 500mg,0407010H0AAAMAM,144,5.760000000000015
125,E82056,Prednisolone_Tab Solb 5mg,0603020T0AABHBH,2,-0.00729999999999964
126,E82056,Propranolol HCl_Tab 10mg,0204000R0AAAHAH,6,8.332799999999999
127,E82056,Quetiapine_Tab 25mg,0402010ABAAABAB,1,0.005599999999999772
128,E82057,Paracet_Tab 500mg,0407010H0AAAMAM,10,-2.1560000000000015
129,E82057,Prednisolone_Tab Solb 5mg,0603020T0AABHBH,1,-0.0011999999999998678
130,E82057,Propranolol HCl_Tab 10mg,0204000R0AAAHAH,8,26.748
131,E82058,Atorvastatin_Tab 10mg,0212000B0AAAAAA,4,0.008400000000000046
132,E82058,Atorvastatin_Tab 20mg,0212000B0AAABAB,172,22.63520000000001
133,E82058,Memantine HCl_Tab 20mg,0411000G0AAADAD,8,0.03919999999999996
134,E82058,Paracet_Tab 500mg,0407010H0AAAMAM,144,40.34799999999999
135,E82058,Propranolol HCl_Tab 10mg,0204000R0AAAHAH,9,0.0
136,E82058,Quetiapine_Tab 25mg,0402010ABAAABAB,2,0.011199999999999544
137,E82061,Atorvastatin_Tab 10mg,0212000B0AAAAAA,166,11.450599999999993
138,E82061,Atorvastatin_Tab 20mg,0212000B0AAABAB,278,158.01520000000005
139,E82061,Atorvastatin_Tab 40mg,0212000B0AAACAC,192,22.579200000000014
140,E82061,Betahistine HCl_Tab 16mg,0406000B0AAABAB,9,18.196
141,E82061,Montelukast_Tab 10mg,0303020G0AAABAB,28,24.382399999999997
142,E82061,Paracet_Tab 500mg,0407010H0AAAMAM,80,-0.2019999999999988
143,E82061,Propranolol HCl_Tab 10mg,0204000R0AAAHAH,25,-0.003000000000000086
144,E82061,Quetiapine_Tab 25mg,0402010ABAAABAB,4,91.89039999999999
145,E82062,Atorvastatin_Tab 10mg,0212000B0AAAAAA,18,0.03780000000000021
146,E82062,Atorvastatin_Tab 20mg,0212000B0AAABAB,2,-0.004399999999999876
147,E82062,Betahistine HCl_Tab 16mg,0406000B0AAABAB,2,-0.012000000000000344
148,E82062,Memantine HCl_Tab 20mg,0411000G0AAADAD,4,0.01959999999999998
149,E82062,Paracet_Tab 500mg,0407010H0AAAMAM,110,-0.12159999999999926
150,E82062,Prednisolone_Tab Solb 5mg,0603020T0AABHBH,3,-0.01379999999999848
151,E82062,Propranolol HCl_Tab 10mg,0204000R0AAAHAH,47,0.0
152,E82062,Quetiapine_Tab 25mg,0402010ABAAABAB,8,0.019599999999999396
153,E82063,Atorvastatin_Tab 10mg,0212000B0AAAAAA,17,0.0357000000000002
154,E82063,Betahistine HCl_Tab 16mg,0406000B0AAABAB,34,10.252199999999998
155,E82063,Paracet_Tab 500mg,0407010H0AAAMAM,142,9.597600000000007
156,E82063,Prednisolone_Tab Solb 5mg,0603020T0AABHBH,1,0.0035999999999996035
157,E82063,Propranolol HCl_Tab 10mg,0204000R0AAAHAH,10,0.0
158,E82063,Quetiapine_Tab 25mg,0402010ABAAABAB,3,0.022400000000000253
159,E82067,Atorvastatin_Tab 10mg,0212000B0AAAAAA,118,11.6795
160,E82067,Atorvastatin_Tab 40mg,0212000B0AAACAC,63,5.556600000000003
161,E82067,Memantine HCl_Tab 20mg,0411000G0AAADAD,9,63.9156
162,E82067,Paracet_Tab 500mg,0407010H0AAAMAM,114,42.45400000000002
163,E82067,Propranolol HCl_Tab 10mg,0204000R0AAAHAH,34,0.0
164,E82074,Atorvastatin_Tab 10mg,0212000B0AAAAAA,310,57.94950000000002
165,E82074,Atorvastatin_Tab 20mg,0212000B0AAABAB,531,68.2700000000001
166,E82074,Atorvastatin_Tab 40mg,0212000B0AAACAC,285,0.7980000000000229
167,E82074,Betahistine HCl_Tab 16mg,0406000B0AAABAB,1,5.9248
168,E82074,Memantine HCl_Tab 20mg,0411000G0AAADAD,11,63.937999999999995
169,E82074,Paracet_Tab 500mg,0407010H0AAAMAM,358,31.547200000000007
170,E82074,Prednisolone_Tab Solb 5mg,0603020T0AABHBH,2,299.75449999999995
171,E82074,Propranolol HCl_Tab 10mg,0204000R0AAAHAH,44,0.004000000000000115
172,E82074,Quetiapine_Tab 25mg,0402010ABAAABAB,3,0.016799999999999315
173,E82075,Atorvastatin_Tab 10mg,0212000B0AAAAAA,23,0.048300000000000266
174,E82075,Atorvastatin_Tab 20mg,0212000B0AAABAB,246,45.46080000000006
175,E82075,Memantine HCl_Tab 20mg,0411000G0AAADAD,1,-0.001199999999999951
176,E82075,Montelukast_Tab 10mg,0303020G0AAABAB,12,48.753600000000006
177,E82075,Paracet_Tab 500mg,0407010H0AAAMAM,340,29.464800000000015
178,E82075,Prednisolone_Tab Solb 5mg,0603020T0AABHBH,5,0.021000000000001573
179,E82075,Propranolol HCl_Tab 10mg,0204000R0AAAHAH,24,74.92799999999998
180,E82075,Quetiapine_Tab 25mg,0402010ABAAABAB,7,0.016800000000000093
181,E82079,Atorvastatin_Tab 10mg,0212000B0AAAAAA,64,0.13440000000000074
182,E82079,Memantine HCl_Tab 20mg,0411000G0AAADAD,4,0.01959999999999998
183,E82079,Paracet_Tab 500mg,0407010H0AAAMAM,166,56.301600000000036
184,E82079,Prednisolone_Tab Solb 5mg,0603020T0AABHBH,2,-0.0008999999999999009
185,E82079,Propranolol HCl_Tab 10mg,0204000R0AAAHAH,27,0.0
186,E82079,Quetiapine_Tab 25mg,0402010ABAAABAB,18,-0.04480000000000128
187,E82080,Atorvastatin_Tab 10mg,0212000B0AAAAAA,19,0.03990000000000022
188,E82080,Atorvastatin_Tab 20mg,0212000B0AAABAB,141,22.732999999999997
189,E82080,Atorvastatin_Tab 40mg,0212000B0AAACAC,178,22.69330000000001
190,E82080,Memantine HCl_Tab 20mg,0411000G0AAADAD,14,0.06859999999999992
191,E82080,Paracet_Tab 500mg,0407010H0AAAMAM,128,22.02519999999999
192,E82080,Prednisolone_Tab Solb 5mg,0603020T0AABHBH,4,-0.004500000000000393
193,E82080,Propranolol HCl_Tab 10mg,0204000R0AAAHAH,23,16.687999999999995
194,E82080,Quetiapine_Tab 25mg,0402010ABAAABAB,14,-0.028000000000000802
195,E82081,Atorvastatin_Tab 10mg,0212000B0AAAAAA,15,0.031500000000000174
196,E82081,Memantine HCl_Tab 20mg,0411000G0AAADAD,8,0.03919999999999996
197,E82081,Paracet_Tab 500mg,0407010H0AAAMAM,38,-0.09439999999999943
198,E82081,Prednisolone_Tab Solb 5mg,0603020T0AABHBH,3,0.008999999999999009
199,E82081,Propranolol HCl_Tab 10mg,0204000R0AAAHAH,23,0.0
200,E82081,Quetiapine_Tab 25mg,0402010ABAAABAB,1,0.00840000000000024
201,E82082,Atorvastatin_Tab 10mg,0212000B0AAAAAA,145,69.77879999999999
202,E82082,Atorvastatin_Tab 20mg,0212000B0AAABAB,378,1374.265
203,E82082,Atorvastatin_Tab 40mg,0212000B0AAACAC,304,45.75180000000001
204,E82082,Betahistine HCl_Tab 16mg,0406000B0AAABAB,1,-0.020000000000000573
205,E82082,Memantine HCl_Tab 20mg,0411000G0AAADAD,14,63.896
206,E82082,Paracet_Tab 500mg,0407010H0AAAMAM,430,15.503199999999993
207,E82082,Prednisolone_Tab Solb 5mg,0603020T0AABHBH,5,-0.0024999999999997247
208,E82082,Propranolol HCl_Tab 10mg,0204000R0AAAHAH,34,51.752399999999994
209,E82082,Quetiapine_Tab 25mg,0402010ABAAABAB,8,0.0293999999999989
210,E82086,Atorvastatin_Tab 10mg,0212000B0AAAAAA,170,11.529000000000005
211,E82086,Atorvastatin_Tab 20mg,0212000B0AAABAB,363,112.82040000000006
212,E82086,Atorvastatin_Tab 40mg,0212000B0AAACAC,1,-0.0029999999999998778
213,E82086,Betahistine HCl_Tab 16mg,0406000B0AAABAB,11,-2.7720000000000025
214,E82086,Memantine HCl_Tab 20mg,0411000G0AAADAD,17,0.0832999999999999
215,E82086,Montelukast_Tab 10mg,0303020G0AAABAB,49,24.421600000000005
216,E82086,Paracet_Tab 500mg,0407010H0AAAMAM,98,10.903199999999988
217,E82086,Prednisolone_Tab Solb 5mg,0603020T0AABHBH,1,-0.0035999999999996035
218,E82086,Propranolol HCl_Tab 10mg,0204000R0AAAHAH,38,0.0
219,E82088,Atorvastatin_Tab 10mg,0212000B0AAAAAA,58,23.2932
220,E82088,Atorvastatin_Tab 40mg,0212000B0AAACAC,69,0.5796000000000032
221,E82088,Paracet_Tab 500mg,0407010H0AAAMAM,18,-0.10079999999999939
222,E82088,Prednisolone_Tab Solb 5mg,0603020T0AABHBH,3,0.006599999999999273
223,E82088,Propranolol HCl_Tab 10mg,0204000R0AAAHAH,11,12.499199999999998
224,E82088,Quetiapine_Tab 25mg,0402010ABAAABAB,3,45.939600000000006
225,E82089,Atorvastatin_Tab 10mg,0212000B0AAAAAA,32,0.06720000000000037
226,E82089,Memantine HCl_Tab 20mg,0411000G0AAADAD,19,0.0930999999999999
227,E82089,Montelukast_Tab 10mg,0303020G0AAABAB,28,24.382399999999997
228,E82089,Paracet_Tab 500mg,0407010H0AAAMAM,28,12.731200000000001
229,E82089,Prednisolone_Tab Solb 5mg,0603020T0AABHBH,5,-0.015599999999999614
230,E82089,Propranolol HCl_Tab 10mg,0204000R0AAAHAH,47,0.0
231,E82089,Quetiapine_Tab 25mg,0402010ABAAABAB,5,-3.885780586188048e-16
232,E82090,Atorvastatin_Tab 10mg,0212000B0AAAAAA,4,0.008400000000000046
233,E82090,Atorvastatin_Tab 20mg,0212000B0AAABAB,251,225.32160000000002
234,E82090,Memantine HCl_Tab 20mg,0411000G0AAADAD,4,0.01959999999999998
235,E82090,Paracet_Tab 500mg,0407010H0AAAMAM,330,13.104400000000007
236,E82090,Prednisolone_Tab Solb 5mg,0603020T0AABHBH,3,0.011699999999998711
237,E82090,Propranolol HCl_Tab 10mg,0204000R0AAAHAH,18,0.0
238,E82090,Quetiapine_Tab 25mg,0402010ABAAABAB,8,-0.008000000000000451
239,E82092,Atorvastatin_Tab 10mg,0212000B0AAAAAA,16,0.033600000000000185
240,E82092,Atorvastatin_Tab 20mg,0212000B0AAABAB,270,45.36000000000004
241,E82092,Atorvastatin_Tab 40mg,0212000B0AAACAC,317,22.121800000000018
242,E82092,Betahistine HCl_Tab 16mg,0406000B0AAABAB,19,135.7272
243,E82092,Montelukast_Tab 10mg,0303020G0AAABAB,88,121.96799999999999
244,E82092,Paracet_Tab 500mg,0407010H0AAAMAM,96,5.616000000000002
245,E82092,Prednisolone_Tab Solb 5mg,0603020T0AABHBH,7,-0.012099999999998667
246,E82092,Propranolol HCl_Tab 10mg,0204000R0AAAHAH,25,0.0
247,E82092,Quetiapine_Tab 25mg,0402010ABAAABAB,4,0.022399999999999087
248,E82093,Atorvastatin_Tab 10mg,0212000B0AAAAAA,150,106.8508
249,E82093,Atorvastatin_Tab 20mg,0212000B0AAABAB,432,45.96480000000006
250,E82093,Atorvastatin_Tab 40mg,0212000B0AAACAC,1,-0.0029999999999998778
251,E82093,Memantine HCl_Tab 20mg,0411000G0AAADAD,28,63.943599999999996
252,E82093,Paracet_Tab 500mg,0407010H0AAAMAM,392,60.57200000000009
253,E82093,Prednisolone_Tab Solb 5mg,0603020T0AABHBH,1,-0.0023999999999997357
254,E82093,Propranolol HCl_Tab 10mg,0204000R0AAAHAH,44,-0.003000000000000086
255,E82093,Quetiapine_Tab 25mg,0402010ABAAABAB,4,-0.01680000000000048
256,E82099,Atorvastatin_Tab 20mg,0212000B0AAABAB,282,45.463499999999996
257,E82099,Atorvastatin_Tab 40mg,0212000B0AAACAC,191,0.5348000000000153
258,E82099,Betahistine HCl_Tab 16mg,0406000B0AAABAB,7,-2.7636000000000016
259,E82099,Memantine HCl_Tab 20mg,0411000G0AAADAD,17,63.879200000000004
260,E82099,Paracet_Tab 500mg,0407010H0AAAMAM,8,0.022399999999999864
261,E82099,Propranolol HCl_Tab 10mg,0204000R0AAAHAH,61,0.013000000000000372
262,E82099,Quetiapine_Tab 25mg,0402010ABAAABAB,4,0.019600000000000173
263,E82100,Atorvastatin_Tab 10mg,0212000B0AAAAAA,136,114.5002
264,E82100,Atorvastatin_Tab 20mg,0212000B0AAABAB,461,203.9464
265,E82100,Atorvastatin_Tab 40mg,0212000B0AAACAC,320,89.60000000000002
266,E82100,Betahistine HCl_Tab 16mg,0406000B0AAABAB,13,82.4208
267,E82100,Memantine HCl_Tab 20mg,0411000G0AAADAD,1,56.99960000000001
268,E82100,Paracet_Tab 500mg,0407010H0AAAMAM,18,0.03639999999999978
269,E82100,Prednisolone_Tab Solb 5mg,0603020T0AABHBH,4,29.980800000000002
270,E82100,Propranolol HCl_Tab 10mg,0204000R0AAAHAH,17,0.0
271,E82100,Quetiapine_Tab 25mg,0402010ABAAABAB,17,30.688
272,E82102,Atorvastatin_Tab 10mg,0212000B0AAAAAA,99,11.591300000000004
273,E82102,Betahistine HCl_Tab 16mg,0406000B0AAABAB,6,-1.2264000000000004
274,E82102,Memantine HCl_Tab 20mg,0411000G0AAADAD,1,0.004899999999999995
275,E82102,Paracet_Tab 500mg,0407010H0AAAMAM,64,32.23360000000003
276,E82102,Prednisolone_Tab Solb 5mg,0603020T0AABHBH,2,-0.0011999999999998678
277,E82102,Propranolol HCl_Tab 10mg,0204000R0AAAHAH,10,0.0
278,E82102,Quetiapine_Tab 25mg,0402010ABAAABAB,7,0.03079999999999855
279,E82104,Atorvastatin_Tab 10mg,0212000B0AAAAAA,22,0.046200000000000255
280,E82104,Atorvastatin_Tab 40mg,0212000B0AAACAC,89,0.49679999999999713
281,E82104,Memantine HCl_Tab 20mg,0411000G0AAADAD,4,0.01959999999999998
282,E82104,Paracet_Tab 500mg,0407010H0AAAMAM,12,-0.04599999999999972
283,E82104,Propranolol HCl_Tab 10mg,0204000R0AAAHAH,15,0.0
284,E82109,Atorvastatin_Tab 10mg,0212000B0AAAAAA,15,11.676
285,E82109,Atorvastatin_Tab 20mg,0212000B0AAABAB,1,-0.0029999999999998778
286,E82109,Betahistine HCl_Tab 16mg,0406000B0AAABAB,9,-0.9071999999999998
287,E82109,Memantine HCl_Tab 20mg,0411000G0AAADAD,8,0.03919999999999996
288,E82109,Paracet_Tab 500mg,0407010H0AAAMAM,16,-0.0335999999999998
289,E82109,Prednisolone_Tab Solb 5mg,0603020T0AABHBH,2,-0.004999999999999449
290,E82109,Propranolol HCl_Tab 10mg,0204000R0AAAHAH,7,0.0
291,E82109,Quetiapine_Tab 25mg,0402010ABAAABAB,3,0.016799999999999315
292,E82111,Atorvastatin_Tab 10mg,0212000B0AAAAAA,94,58.16580000000001
293,E82111,Atorvastatin_Tab 20mg,0212000B0AAABAB,16,22.5232
294,E82111,Atorvastatin_Tab 40mg,0212000B0AAACAC,1,0.00180000000000001
295,E82111,Memantine HCl_Tab 20mg,0411000G0AAADAD,8,0.03919999999999996
296,E82111,Paracet_Tab 500mg,0407010H0AAAMAM,44,20.017600000000005
297,E82111,Propranolol HCl_Tab 10mg,0204000R0AAAHAH,15,0.0
298,E82111,Quetiapine_Tab 25mg,0402010ABAAABAB,4,32.8312
299,E82115,Atorvastatin_Tab 10mg,0212000B0AAAAAA,32,0.06720000000000037
300,E82115,Paracet_Tab 500mg,0407010H0AAAMAM,42,-0.1163999999999993
301,E82115,Prednisolone_Tab Solb 5mg,0603020T0AABHBH,6,-0.00019999999999997797
302,E82115,Propranolol HCl_Tab 10mg,0204000R0AAAHAH,30,0.0
303,E82115,Quetiapine_Tab 25mg,0402010ABAAABAB,5,0.030799999999999328
304,E82121,Atorvastatin_Tab 10mg,0212000B0AAAAAA,4,0.008400000000000046
305,E82121,Paracet_Tab 500mg,0407010H0AAAMAM,16,-0.022399999999999864
306,E82121,Propranolol HCl_Tab 10mg,0204000R0AAAHAH,15,0.0
307,E82123,Atorvastatin_Tab 10mg,0212000B0AAAAAA,180,34.7879
308,E82123,Atorvastatin_Tab 20mg,0212000B0AAABAB,214,180.10980000000004
309,E82123,Atorvastatin_Tab 40mg,0212000B0AAACAC,153,22.276800000000012
310,E82123,Betahistine HCl_Tab 16mg,0406000B0AAABAB,3,3.0124
311,E82123,Paracet_Tab 500mg,0407010H0AAAMAM,40,0.13839999999999916
312,E82123,Propranolol HCl_Tab 10mg,0204000R0AAAHAH,25,16.665599999999998
313,E82123,Quetiapine_Tab 25mg,0402010ABAAABAB,7,45.941
314,E82126,Prednisolone_Tab Solb 5mg,0603020T0AABHBH,3,71.9348
315,E82126,Propranolol HCl_Tab 10mg,0204000R0AAAHAH,4,0.0
316,E82130,Atorvastatin_Tab 10mg,0212000B0AAAAAA,4,0.008400000000000046
317,E82130,Atorvastatin_Tab 20mg,0212000B0AAABAB,81,22.680000000000003
318,E82130,Paracet_Tab 500mg,0407010H0AAAMAM,104,9.62240000000001
319,E82130,Propranolol HCl_Tab 10mg,0204000R0AAAHAH,25,0.006000000000000172
320,E82133,Atorvastatin_Tab 10mg,0212000B0AAAAAA,9,0.021000000000000116
321,E82133,Atorvastatin_Tab 20mg,0212000B0AAABAB,1,0.006000000000000172
322,E82133,Betahistine HCl_Tab 16mg,0406000B0AAABAB,8,44.956799999999994
323,E82133,Paracet_Tab 500mg,0407010H0AAAMAM,20,-0.02799999999999983
324,E82133,Prednisolone_Tab Solb 5mg,0603020T0AABHBH,6,-0.01859999999999795
325,E82133,Propranolol HCl_Tab 10mg,0204000R0AAAHAH,7,0.0
326,E82620,Paracet_Tab 500mg,0407010H0AAAMAM,14,0.012000000000000122
327,E82626,Prednisolone_Tab Solb 5mg,0603020T0AABHBH,1,-0.004799999999999471
328,E82626,Propranolol HCl_Tab 10mg,0204000R0AAAHAH,7,0.0
329,E82638,Atorvastatin_Tab 10mg,0212000B0AAAAAA,16,0.012400000000000216
330,E82638,Propranolol HCl_Tab 10mg,0204000R0AAAHAH,12,0.0
331,E82638,Quetiapine_Tab 25mg,0402010ABAAABAB,1,0.014000000000000401
332,E82641,Atorvastatin_Tab 20mg,0212000B0AAABAB,96,45.15840000000001
333,E82641,Memantine HCl_Tab 20mg,0411000G0AAADAD,5,0.01660000000000003
334,E82641,Paracet_Tab 500mg,0407010H0AAAMAM,34,10.199999999999998
335,E82641,Prednisolone_Tab Solb 5mg,0603020T0AABHBH,2,-0.007199999999999207
336,E82641,Propranolol HCl_Tab 10mg,0204000R0AAAHAH,15,0.006000000000000172
337,E82641,Quetiapine_Tab 25mg,0402010ABAAABAB,1,15.315999999999999
338,E82654,Atorvastatin_Tab 10mg,0212000B0AAAAAA,4,0.008400000000000046
339,E82654,Paracet_Tab 500mg,0407010H0AAAMAM,10,0.032399999999999804
340,E82654,Prednisolone_Tab Solb 5mg,0603020T0AABHBH,2,-0.004799999999999471
341,E82654,Propranolol HCl_Tab 10mg,0204000R0AAAHAH,13,0.0
342,E82661,Paracet_Tab 500mg,0407010H0AAAMAM,4,0.0007999999999999952
343,E82661,Prednisolone_Tab Solb 5mg,0603020T0AABHBH,4,-0.008399999999999075
344,E82661,Propranolol HCl_Tab 10mg,0204000R0AAAHAH,35,0.0
345,E82661,Quetiapine_Tab 25mg,0402010ABAAABAB,5,-0.00280000000000008
346,Y01061,Atorvastatin_Tab 10mg,0212000B0AAAAAA,1,0.0030000000000000165
347,Y01061,Betahistine HCl_Tab 16mg,0406000B0AAABAB,2,-0.003000000000000294
348,Y01061,Paracet_Tab 500mg,0407010H0AAAMAM,4,0.011999999999999927
349,Y01061,Prednisolone_Tab Solb 5mg,0603020T0AABHBH,6,-0.021599999999998065
350,Y01924,Prednisolone_Tab Solb 5mg,0603020T0AABHBH,1,-0.0027999999999996916
351,Y02639,Atorvastatin_Tab 20mg,0212000B0AAABAB,1,-0.0029999999999998778
352,Y02639,Memantine HCl_Tab 20mg,0411000G0AAADAD,10,0.048999999999999946
353,Y02639,Prednisolone_Tab Solb 5mg,0603020T0AABHBH,7,-0.009499999999998954
354,Y02639,Propranolol HCl_Tab 10mg,0204000R0AAAHAH,22,0.0
355,Y02639,Quetiapine_Tab 25mg,0402010ABAAABAB,10,0.014000000000000012
356,Y03580,Paracet_Tab 500mg,0407010H0AAAMAM,4,0.01799999999999989
357,Y03580,Propranolol HCl_Tab 10mg,0204000R0AAAHAH,1,0.0
