,practice_code,bnf_description,bnf_code,items,excess_cost
614,A86037,Atorvastatin_Tab 20mg,0212000B0AAABAB,203,202.91880000000006
945,A86011,Nortriptyline_Tab 10mg,0403010V0AAADAD,2,172.2
615,A86011,Atorvastatin_Tab 20mg,0212000B0AAABAB,346,113.34960000000002
1038,A86026,Bumetanide_Tab 1mg,0202020D0AAAEAE,14,106.281
1068,A86004,Phenytoin_Sod Tab 100mg,0408010Q0AAAGAG,1,99.49799999999999
616,A86004,Atorvastatin_Tab 20mg,0212000B0AAABAB,197,91.01400000000001
617,A86011,Atorvastatin_Tab 20mg,0212000B0AAABAB,99,90.36720000000001
618,A86037,Atorvastatin_Tab 20mg,0212000B0AAABAB,41,90.2328
654,A86006,Atorvastatin_Tab 40mg,0212000B0AAACAC,4,89.0176
681,A86004,Risperidone_Tab 6mg,040201030AAAFAF,3,87.6288
938,A86037,Montelukast_Tab 10mg,0303020G0AAABAB,18,73.13040000000001
655,A86011,Atorvastatin_Tab 40mg,0212000B0AAACAC,334,67.33439999999999
682,A86017,Risperidone_Tab 6mg,040201030AAAFAF,2,58.4192
1,A86030,Paracet_Tab 500mg,0407010H0AAAMAM,41,55.10400000000002
0,A86030,Paracet_Tab 500mg,0407010H0AAAMAM,41,55.10400000000002
939,Y00184,Montelukast_Tab 10mg,0303020G0AAABAB,2,48.753600000000006
940,A86018,Montelukast_Tab 10mg,0303020G0AAABAB,9,48.73679999999999
1059,A85021,Mesalazine_Tab E/C 400mg,0105010B0AAAAAA,1,47.913599999999995
2,A86023,Paracet_Tab 500mg,0407010H0AAAMAM,161,46.69
3,A86023,Paracet_Tab 500mg,0407010H0AAAMAM,161,46.69
5,A86004,Paracet_Tab 500mg,0407010H0AAAMAM,202,45.24800000000004
4,A86004,Paracet_Tab 500mg,0407010H0AAAMAM,202,45.24800000000004
619,A86004,Atorvastatin_Tab 20mg,0212000B0AAABAB,37,45.1696
656,A86011,Atorvastatin_Tab 40mg,0212000B0AAACAC,89,44.85600000000001
6,A86023,Paracet_Tab 500mg,0407010H0AAAMAM,173,35.84560000000002
7,A86023,Paracet_Tab 500mg,0407010H0AAAMAM,173,35.84560000000002
8,A86023,Paracet_Tab 500mg,0407010H0AAAMAM,52,34.32000000000001
9,A86023,Paracet_Tab 500mg,0407010H0AAAMAM,52,34.32000000000001
10,A86023,Paracet_Tab 500mg,0407010H0AAAMAM,65,33.488
11,A86023,Paracet_Tab 500mg,0407010H0AAAMAM,65,33.488
683,A86024,Risperidone_Tab 6mg,040201030AAAFAF,4,29.232
684,A86023,Risperidone_Tab 6mg,040201030AAAFAF,1,29.2096
13,A86030,Paracet_Tab 500mg,0407010H0AAAMAM,128,27.955200000000005
12,A86030,Paracet_Tab 500mg,0407010H0AAAMAM,128,27.955200000000005
15,A86030,Paracet_Tab 500mg,0407010H0AAAMAM,332,26.56000000000007
14,A86030,Paracet_Tab 500mg,0407010H0AAAMAM,332,26.56000000000007
1060,A86017,Mesalazine_Tab E/C 400mg,0105010B0AAAAAA,1,25.667999999999996
1061,A86013,Mesalazine_Tab E/C 400mg,0105010B0AAAAAA,1,25.667999999999996
17,A86037,Paracet_Tab 500mg,0407010H0AAAMAM,221,24.752000000000024
16,A86037,Paracet_Tab 500mg,0407010H0AAAMAM,221,24.752000000000024
941,A86004,Montelukast_Tab 10mg,0303020G0AAABAB,27,24.3432
1063,A86022,Mesalazine_Tab E/C 400mg,0105010B0AAAAAA,1,23.956799999999998
1062,A86013,Mesalazine_Tab E/C 400mg,0105010B0AAAAAA,1,23.956799999999998
1064,A86028,Mesalazine_Tab E/C 400mg,0105010B0AAAAAA,1,23.956799999999998
620,A86023,Atorvastatin_Tab 20mg,0212000B0AAABAB,104,22.713600000000003
621,A86011,Atorvastatin_Tab 20mg,0212000B0AAABAB,254,22.580600000000004
622,A86035,Atorvastatin_Tab 20mg,0212000B0AAABAB,21,22.520400000000002
623,A86012,Atorvastatin_Tab 20mg,0212000B0AAABAB,423,22.50360000000007
18,A86030,Paracet_Tab 500mg,0407010H0AAAMAM,41,22.50080000000001
19,A86030,Paracet_Tab 500mg,0407010H0AAAMAM,41,22.50080000000001
657,A86004,Atorvastatin_Tab 40mg,0212000B0AAACAC,204,22.276800000000005
658,A86037,Atorvastatin_Tab 40mg,0212000B0AAACAC,97,22.271199999999997
659,A86037,Atorvastatin_Tab 40mg,0212000B0AAACAC,168,22.2264
686,A86023,Risperidone_Tab 6mg,040201030AAAFAF,3,21.924
685,A85005,Risperidone_Tab 6mg,040201030AAAFAF,3,21.924
1039,A86026,Bumetanide_Tab 1mg,0202020D0AAAEAE,4,18.202800000000003
1069,A85021,Phenytoin_Sod Tab 100mg,0408010Q0AAAGAG,1,17.2928
624,A86023,Atorvastatin_Tab 20mg,0212000B0AAABAB,124,16.926000000000002
20,A86036,Paracet_Tab 500mg,0407010H0AAAMAM,126,16.2288
21,A86036,Paracet_Tab 500mg,0407010H0AAAMAM,126,16.2288
23,A86023,Paracet_Tab 500mg,0407010H0AAAMAM,2,15.120000000000003
22,A86023,Paracet_Tab 500mg,0407010H0AAAMAM,2,15.120000000000003
24,A86004,Paracet_Tab 500mg,0407010H0AAAMAM,213,14.909999999999984
25,A86004,Paracet_Tab 500mg,0407010H0AAAMAM,213,14.909999999999984
27,A86037,Paracet_Tab 500mg,0407010H0AAAMAM,132,14.520000000000003
26,A86037,Paracet_Tab 500mg,0407010H0AAAMAM,132,14.520000000000003
28,A86026,Paracet_Tab 500mg,0407010H0AAAMAM,80,14.336000000000038
29,A86026,Paracet_Tab 500mg,0407010H0AAAMAM,80,14.336000000000038
1065,A86013,Mesalazine_Tab E/C 400mg,0105010B0AAAAAA,1,11.978399999999999
30,A86018,Paracet_Tab 500mg,0407010H0AAAMAM,115,11.591999999999997
31,A86018,Paracet_Tab 500mg,0407010H0AAAMAM,115,11.591999999999997
32,A86011,Paracet_Tab 500mg,0407010H0AAAMAM,142,11.36000000000003
33,A86011,Paracet_Tab 500mg,0407010H0AAAMAM,142,11.36000000000003
35,A86018,Paracet_Tab 500mg,0407010H0AAAMAM,36,11.289600000000016
34,A86018,Paracet_Tab 500mg,0407010H0AAAMAM,36,11.289600000000016
37,A86026,Paracet_Tab 500mg,0407010H0AAAMAM,58,11.0432
36,A86026,Paracet_Tab 500mg,0407010H0AAAMAM,58,11.0432
38,A86018,Paracet_Tab 500mg,0407010H0AAAMAM,63,10.080000000000027
39,A86018,Paracet_Tab 500mg,0407010H0AAAMAM,63,10.080000000000027
41,A86020,Paracet_Tab 500mg,0407010H0AAAMAM,10,10.000000000000002
40,A86020,Paracet_Tab 500mg,0407010H0AAAMAM,10,10.000000000000002
43,A86035,Paracet_Tab 500mg,0407010H0AAAMAM,58,9.860000000000001
42,A86035,Paracet_Tab 500mg,0407010H0AAAMAM,58,9.860000000000001
44,A86011,Paracet_Tab 500mg,0407010H0AAAMAM,84,9.408000000000008
45,A86011,Paracet_Tab 500mg,0407010H0AAAMAM,84,9.408000000000008
47,A86004,Paracet_Tab 500mg,0407010H0AAAMAM,113,9.040000000000024
46,A86004,Paracet_Tab 500mg,0407010H0AAAMAM,113,9.040000000000024
49,A86023,Paracet_Tab 500mg,0407010H0AAAMAM,38,8.618400000000003
48,A86023,Paracet_Tab 500mg,0407010H0AAAMAM,38,8.618400000000003
50,A86023,Paracet_Tab 500mg,0407010H0AAAMAM,26,8.517600000000002
51,A86023,Paracet_Tab 500mg,0407010H0AAAMAM,26,8.517600000000002
52,A86020,Paracet_Tab 500mg,0407010H0AAAMAM,4,8.4672
53,A86020,Paracet_Tab 500mg,0407010H0AAAMAM,4,8.4672
625,A86011,Atorvastatin_Tab 20mg,0212000B0AAABAB,1,8.046
55,A86023,Paracet_Tab 500mg,0407010H0AAAMAM,4,7.5600000000000005
54,A86023,Paracet_Tab 500mg,0407010H0AAAMAM,4,7.5600000000000005
57,A86023,Paracet_Tab 500mg,0407010H0AAAMAM,1,6.036
56,A86023,Paracet_Tab 500mg,0407010H0AAAMAM,1,6.036
58,A86004,Paracet_Tab 500mg,0407010H0AAAMAM,30,5.712000000000001
59,A86004,Paracet_Tab 500mg,0407010H0AAAMAM,30,5.712000000000001
626,A86037,Atorvastatin_Tab 20mg,0212000B0AAABAB,194,5.703600000000003
60,A86036,Paracet_Tab 500mg,0407010H0AAAMAM,64,5.120000000000013
61,A86036,Paracet_Tab 500mg,0407010H0AAAMAM,64,5.120000000000013
62,A86020,Paracet_Tab 500mg,0407010H0AAAMAM,20,5.000000000000004
63,A86020,Paracet_Tab 500mg,0407010H0AAAMAM,20,5.000000000000004
64,A86018,Paracet_Tab 500mg,0407010H0AAAMAM,121,4.840000000000012
65,A86018,Paracet_Tab 500mg,0407010H0AAAMAM,121,4.840000000000012
67,A86023,Paracet_Tab 500mg,0407010H0AAAMAM,3,4.2336
66,A86023,Paracet_Tab 500mg,0407010H0AAAMAM,3,4.2336
687,A86017,Clonazepam_Tab 500mcg,0408010F0AAABAB,4,3.796799999999992
688,Y02658,Clonazepam_Tab 500mcg,0408010F0AAABAB,2,3.796799999999992
68,A86006,Paracet_Tab 500mg,0407010H0AAAMAM,1,3.2192
69,A86006,Paracet_Tab 500mg,0407010H0AAAMAM,1,3.2192
690,A86025,Clonazepam_Tab 500mcg,0408010F0AAABAB,10,3.1639999999999935
689,A86023,Clonazepam_Tab 500mcg,0408010F0AAABAB,5,3.1639999999999935
691,A85014,Clonazepam_Tab 500mcg,0408010F0AAABAB,5,3.1639999999999935
71,A86035,Paracet_Tab 500mg,0407010H0AAAMAM,5,3.0300000000000002
70,A86035,Paracet_Tab 500mg,0407010H0AAAMAM,5,3.0300000000000002
692,A86038,Clonazepam_Tab 500mcg,0408010F0AAABAB,3,2.847599999999994
693,A86026,Clonazepam_Tab 500mcg,0408010F0AAABAB,2,2.7119999999999944
694,A85010,Clonazepam_Tab 500mcg,0408010F0AAABAB,17,2.6893999999999947
695,A86011,Clonazepam_Tab 500mcg,0408010F0AAABAB,2,2.631999999999996
73,A85016,Paracet_Tab 500mg,0407010H0AAAMAM,469,2.6263999999999843
72,A85016,Paracet_Tab 500mg,0407010H0AAAMAM,469,2.6263999999999843
704,A85004,Clonazepam_Tab 500mcg,0408010F0AAABAB,1,2.531199999999995
696,A86018,Clonazepam_Tab 500mcg,0408010F0AAABAB,1,2.531199999999995
697,A86030,Clonazepam_Tab 500mcg,0408010F0AAABAB,8,2.531199999999995
698,A85010,Clonazepam_Tab 500mcg,0408010F0AAABAB,1,2.531199999999995
699,A86003,Clonazepam_Tab 500mcg,0408010F0AAABAB,4,2.531199999999995
700,A86008,Clonazepam_Tab 500mcg,0408010F0AAABAB,4,2.531199999999995
701,A86011,Clonazepam_Tab 500mcg,0408010F0AAABAB,8,2.531199999999995
702,A85012,Clonazepam_Tab 500mcg,0408010F0AAABAB,2,2.531199999999995
703,A85016,Clonazepam_Tab 500mcg,0408010F0AAABAB,4,2.531199999999995
74,A86004,Paracet_Tab 500mg,0407010H0AAAMAM,64,2.5087999999999973
75,A86004,Paracet_Tab 500mg,0407010H0AAAMAM,64,2.5087999999999973
705,A85006,Clonazepam_Tab 500mcg,0408010F0AAABAB,5,2.372999999999995
707,A85001,Clonazepam_Tab 500mcg,0408010F0AAABAB,2,2.2599999999999953
708,A85008,Clonazepam_Tab 500mcg,0408010F0AAABAB,1,2.2599999999999953
706,A86020,Clonazepam_Tab 500mcg,0408010F0AAABAB,1,2.2599999999999953
709,A86017,Clonazepam_Tab 500mcg,0408010F0AAABAB,7,2.2147999999999954
710,A85004,Clonazepam_Tab 500mcg,0408010F0AAABAB,7,2.2147999999999954
711,A86004,Clonazepam_Tab 500mcg,0408010F0AAABAB,1,2.2147999999999954
712,A86022,Clonazepam_Tab 500mcg,0408010F0AAABAB,7,2.2147999999999954
713,A86023,Clonazepam_Tab 500mcg,0408010F0AAABAB,7,2.2147999999999954
76,A86030,Paracet_Tab 500mg,0407010H0AAAMAM,51,2.040000000000023
77,A86030,Paracet_Tab 500mg,0407010H0AAAMAM,51,2.040000000000023
714,A86038,Clonazepam_Tab 500mcg,0408010F0AAABAB,5,1.977499999999996
79,Y00184,Paracet_Tab 500mg,0407010H0AAAMAM,85,1.9039999999999884
78,Y00184,Paracet_Tab 500mg,0407010H0AAAMAM,85,1.9039999999999884
726,A85019,Clonazepam_Tab 500mcg,0408010F0AAABAB,2,1.898399999999996
727,A86004,Clonazepam_Tab 500mcg,0408010F0AAABAB,6,1.898399999999996
728,A86038,Clonazepam_Tab 500mcg,0408010F0AAABAB,3,1.898399999999996
729,A85005,Clonazepam_Tab 500mcg,0408010F0AAABAB,1,1.898399999999996
724,A85020,Clonazepam_Tab 500mcg,0408010F0AAABAB,3,1.898399999999996
725,A86017,Clonazepam_Tab 500mcg,0408010F0AAABAB,1,1.898399999999996
715,A86015,Clonazepam_Tab 500mcg,0408010F0AAABAB,4,1.898399999999996
723,A85026,Clonazepam_Tab 500mcg,0408010F0AAABAB,2,1.898399999999996
722,A86012,Clonazepam_Tab 500mcg,0408010F0AAABAB,4,1.898399999999996
721,A85009,Clonazepam_Tab 500mcg,0408010F0AAABAB,1,1.898399999999996
720,A85003,Clonazepam_Tab 500mcg,0408010F0AAABAB,6,1.898399999999996
719,A86010,Clonazepam_Tab 500mcg,0408010F0AAABAB,2,1.898399999999996
718,A85004,Clonazepam_Tab 500mcg,0408010F0AAABAB,1,1.898399999999996
716,A86008,Clonazepam_Tab 500mcg,0408010F0AAABAB,1,1.898399999999996
717,A85012,Clonazepam_Tab 500mcg,0408010F0AAABAB,2,1.898399999999996
730,A86029,Clonazepam_Tab 500mcg,0408010F0AAABAB,11,1.7401999999999964
731,A86028,Clonazepam_Tab 500mcg,0408010F0AAABAB,5,1.5819999999999967
732,A86036,Clonazepam_Tab 500mcg,0408010F0AAABAB,4,1.5819999999999967
733,A85020,Clonazepam_Tab 500mcg,0408010F0AAABAB,5,1.5819999999999967
734,A85002,Clonazepam_Tab 500mcg,0408010F0AAABAB,9,1.423799999999997
735,A85009,Clonazepam_Tab 500mcg,0408010F0AAABAB,9,1.423799999999997
736,A86013,Clonazepam_Tab 500mcg,0408010F0AAABAB,1,1.3559999999999972
737,A86004,Clonazepam_Tab 500mcg,0408010F0AAABAB,1,1.3559999999999972
660,A86030,Atorvastatin_Tab 40mg,0212000B0AAACAC,259,1.2690999999999986
741,A85008,Clonazepam_Tab 500mcg,0408010F0AAABAB,1,1.2655999999999974
753,A85017,Clonazepam_Tab 500mcg,0408010F0AAABAB,8,1.2655999999999974
738,A86012,Clonazepam_Tab 500mcg,0408010F0AAABAB,2,1.2655999999999974
739,A85008,Clonazepam_Tab 500mcg,0408010F0AAABAB,2,1.2655999999999974
761,A85005,Clonazepam_Tab 500mcg,0408010F0AAABAB,2,1.2655999999999974
760,A85010,Clonazepam_Tab 500mcg,0408010F0AAABAB,2,1.2655999999999974
759,A86003,Clonazepam_Tab 500mcg,0408010F0AAABAB,1,1.2655999999999974
758,A85019,Clonazepam_Tab 500mcg,0408010F0AAABAB,2,1.2655999999999974
757,A86015,Clonazepam_Tab 500mcg,0408010F0AAABAB,1,1.2655999999999974
756,A85004,Clonazepam_Tab 500mcg,0408010F0AAABAB,8,1.2655999999999974
755,A85617,Clonazepam_Tab 500mcg,0408010F0AAABAB,1,1.2655999999999974
742,A85009,Clonazepam_Tab 500mcg,0408010F0AAABAB,4,1.2655999999999974
754,A86008,Clonazepam_Tab 500mcg,0408010F0AAABAB,8,1.2655999999999974
752,A86025,Clonazepam_Tab 500mcg,0408010F0AAABAB,2,1.2655999999999974
751,A85008,Clonazepam_Tab 500mcg,0408010F0AAABAB,4,1.2655999999999974
750,A85011,Clonazepam_Tab 500mcg,0408010F0AAABAB,1,1.2655999999999974
749,A86036,Clonazepam_Tab 500mcg,0408010F0AAABAB,1,1.2655999999999974
748,A86026,Clonazepam_Tab 500mcg,0408010F0AAABAB,1,1.2655999999999974
747,A85003,Clonazepam_Tab 500mcg,0408010F0AAABAB,1,1.2655999999999974
746,A85024,Clonazepam_Tab 500mcg,0408010F0AAABAB,2,1.2655999999999974
740,A85005,Clonazepam_Tab 500mcg,0408010F0AAABAB,4,1.2655999999999974
744,A86038,Clonazepam_Tab 500mcg,0408010F0AAABAB,4,1.2655999999999974
743,A86030,Clonazepam_Tab 500mcg,0408010F0AAABAB,1,1.2655999999999974
745,A85004,Clonazepam_Tab 500mcg,0408010F0AAABAB,2,1.2655999999999974
81,A86006,Paracet_Tab 500mg,0407010H0AAAMAM,1,1.2516
80,A86006,Paracet_Tab 500mg,0407010H0AAAMAM,1,1.2516
762,A86003,Clonazepam_Tab 500mcg,0408010F0AAABAB,5,1.1864999999999974
763,A85003,Clonazepam_Tab 500mcg,0408010F0AAABAB,5,1.1864999999999974
627,A85007,Atorvastatin_Tab 20mg,0212000B0AAABAB,101,1.1312000000000324
768,A86022,Clonazepam_Tab 500mcg,0408010F0AAABAB,1,1.1299999999999977
767,A85005,Clonazepam_Tab 500mcg,0408010F0AAABAB,1,1.1299999999999977
765,A85010,Clonazepam_Tab 500mcg,0408010F0AAABAB,1,1.1299999999999977
764,A86023,Clonazepam_Tab 500mcg,0408010F0AAABAB,1,1.1299999999999977
766,A86036,Clonazepam_Tab 500mcg,0408010F0AAABAB,1,1.1299999999999977
770,A85008,Clonazepam_Tab 500mcg,0408010F0AAABAB,14,1.1073999999999977
769,A86017,Clonazepam_Tab 500mcg,0408010F0AAABAB,7,1.1073999999999977
771,A85011,Clonazepam_Tab 500mcg,0408010F0AAABAB,13,1.028299999999998
772,A86036,Clonazepam_Tab 500mcg,0408010F0AAABAB,1,1.016999999999998
661,A86030,Atorvastatin_Tab 40mg,0212000B0AAACAC,179,1.002399999999994
775,A85010,Clonazepam_Tab 500mcg,0408010F0AAABAB,1,0.949199999999998
790,A85005,Clonazepam_Tab 500mcg,0408010F0AAABAB,4,0.949199999999998
773,A85001,Clonazepam_Tab 500mcg,0408010F0AAABAB,3,0.949199999999998
776,A86008,Clonazepam_Tab 500mcg,0408010F0AAABAB,1,0.949199999999998
796,A85019,Clonazepam_Tab 500mcg,0408010F0AAABAB,4,0.949199999999998
795,A86021,Clonazepam_Tab 500mcg,0408010F0AAABAB,1,0.949199999999998
794,A86013,Clonazepam_Tab 500mcg,0408010F0AAABAB,3,0.949199999999998
774,A86036,Clonazepam_Tab 500mcg,0408010F0AAABAB,4,0.949199999999998
792,A86024,Clonazepam_Tab 500mcg,0408010F0AAABAB,1,0.949199999999998
791,A86036,Clonazepam_Tab 500mcg,0408010F0AAABAB,1,0.949199999999998
797,A86011,Clonazepam_Tab 500mcg,0408010F0AAABAB,1,0.949199999999998
789,A86004,Clonazepam_Tab 500mcg,0408010F0AAABAB,6,0.949199999999998
788,A85008,Clonazepam_Tab 500mcg,0408010F0AAABAB,1,0.949199999999998
777,A85617,Clonazepam_Tab 500mcg,0408010F0AAABAB,3,0.949199999999998
778,A86015,Clonazepam_Tab 500mcg,0408010F0AAABAB,6,0.949199999999998
779,A85003,Clonazepam_Tab 500mcg,0408010F0AAABAB,1,0.949199999999998
780,A85005,Clonazepam_Tab 500mcg,0408010F0AAABAB,1,0.949199999999998
781,A86029,Clonazepam_Tab 500mcg,0408010F0AAABAB,1,0.949199999999998
782,A86033,Clonazepam_Tab 500mcg,0408010F0AAABAB,3,0.949199999999998
793,A85016,Clonazepam_Tab 500mcg,0408010F0AAABAB,1,0.949199999999998
787,A86013,Clonazepam_Tab 500mcg,0408010F0AAABAB,4,0.949199999999998
786,A85011,Clonazepam_Tab 500mcg,0408010F0AAABAB,3,0.949199999999998
785,A86029,Clonazepam_Tab 500mcg,0408010F0AAABAB,2,0.949199999999998
784,A86025,Clonazepam_Tab 500mcg,0408010F0AAABAB,1,0.949199999999998
783,A86023,Clonazepam_Tab 500mcg,0408010F0AAABAB,6,0.949199999999998
798,A85006,Clonazepam_Tab 500mcg,0408010F0AAABAB,11,0.8700999999999982
800,A86017,Clonazepam_Tab 500mcg,0408010F0AAABAB,10,0.7909999999999984
801,A85007,Clonazepam_Tab 500mcg,0408010F0AAABAB,5,0.7909999999999984
805,A85020,Clonazepam_Tab 500mcg,0408010F0AAABAB,5,0.7909999999999984
806,A86030,Clonazepam_Tab 500mcg,0408010F0AAABAB,5,0.7909999999999984
799,A86037,Clonazepam_Tab 500mcg,0408010F0AAABAB,5,0.7909999999999984
804,A85024,Clonazepam_Tab 500mcg,0408010F0AAABAB,5,0.7909999999999984
803,A85013,Clonazepam_Tab 500mcg,0408010F0AAABAB,5,0.7909999999999984
802,A85024,Clonazepam_Tab 500mcg,0408010F0AAABAB,10,0.7909999999999984
82,A86015,Paracet_Tab 500mg,0407010H0AAAMAM,39,0.7800000000000088
83,A86015,Paracet_Tab 500mg,0407010H0AAAMAM,39,0.7800000000000088
807,A86029,Clonazepam_Tab 500mcg,0408010F0AAABAB,17,0.7207999999999999
808,A86030,Clonazepam_Tab 500mcg,0408010F0AAABAB,9,0.7118999999999985
809,A86015,Clonazepam_Tab 500mcg,0408010F0AAABAB,9,0.7118999999999985
812,A85004,Clonazepam_Tab 500mcg,0408010F0AAABAB,1,0.6779999999999986
811,A86003,Clonazepam_Tab 500mcg,0408010F0AAABAB,1,0.6779999999999986
810,A85611,Clonazepam_Tab 500mcg,0408010F0AAABAB,1,0.6779999999999986
816,A86037,Clonazepam_Tab 500mcg,0408010F0AAABAB,2,0.6779999999999986
815,A85009,Clonazepam_Tab 500mcg,0408010F0AAABAB,1,0.6779999999999986
814,A86024,Clonazepam_Tab 500mcg,0408010F0AAABAB,1,0.6779999999999986
813,A86018,Clonazepam_Tab 500mcg,0408010F0AAABAB,1,0.6779999999999986
857,A86007,Clonazepam_Tab 500mcg,0408010F0AAABAB,1,0.6327999999999987
853,A85007,Clonazepam_Tab 500mcg,0408010F0AAABAB,2,0.6327999999999987
864,A86036,Clonazepam_Tab 500mcg,0408010F0AAABAB,2,0.6327999999999987
854,A85019,Clonazepam_Tab 500mcg,0408010F0AAABAB,2,0.6327999999999987
855,A85002,Clonazepam_Tab 500mcg,0408010F0AAABAB,2,0.6327999999999987
856,A85609,Clonazepam_Tab 500mcg,0408010F0AAABAB,1,0.6327999999999987
837,Y00184,Clonazepam_Tab 500mcg,0408010F0AAABAB,4,0.6327999999999987
858,A86021,Clonazepam_Tab 500mcg,0408010F0AAABAB,2,0.6327999999999987
859,A86018,Clonazepam_Tab 500mcg,0408010F0AAABAB,1,0.6327999999999987
851,A86011,Clonazepam_Tab 500mcg,0408010F0AAABAB,4,0.6327999999999987
860,A86031,Clonazepam_Tab 500mcg,0408010F0AAABAB,8,0.6327999999999987
861,A85614,Clonazepam_Tab 500mcg,0408010F0AAABAB,1,0.6327999999999987
862,A86037,Clonazepam_Tab 500mcg,0408010F0AAABAB,1,0.6327999999999987
852,A86026,Clonazepam_Tab 500mcg,0408010F0AAABAB,1,0.6327999999999987
849,A86003,Clonazepam_Tab 500mcg,0408010F0AAABAB,8,0.6327999999999987
850,A86040,Clonazepam_Tab 500mcg,0408010F0AAABAB,1,0.6327999999999987
836,A86031,Clonazepam_Tab 500mcg,0408010F0AAABAB,1,0.6327999999999987
848,A85003,Clonazepam_Tab 500mcg,0408010F0AAABAB,4,0.6327999999999987
847,A85016,Clonazepam_Tab 500mcg,0408010F0AAABAB,4,0.6327999999999987
846,A86601,Clonazepam_Tab 500mcg,0408010F0AAABAB,2,0.6327999999999987
845,A86015,Clonazepam_Tab 500mcg,0408010F0AAABAB,1,0.6327999999999987
844,A85006,Clonazepam_Tab 500mcg,0408010F0AAABAB,1,0.6327999999999987
843,A86010,Clonazepam_Tab 500mcg,0408010F0AAABAB,1,0.6327999999999987
842,A85611,Clonazepam_Tab 500mcg,0408010F0AAABAB,1,0.6327999999999987
841,A86601,Clonazepam_Tab 500mcg,0408010F0AAABAB,1,0.6327999999999987
840,A86036,Clonazepam_Tab 500mcg,0408010F0AAABAB,1,0.6327999999999987
839,A86022,Clonazepam_Tab 500mcg,0408010F0AAABAB,8,0.6327999999999987
838,A86010,Clonazepam_Tab 500mcg,0408010F0AAABAB,8,0.6327999999999987
835,A86003,Clonazepam_Tab 500mcg,0408010F0AAABAB,2,0.6327999999999987
863,A86024,Clonazepam_Tab 500mcg,0408010F0AAABAB,4,0.6327999999999987
834,A86038,Clonazepam_Tab 500mcg,0408010F0AAABAB,4,0.6327999999999987
819,A85023,Clonazepam_Tab 500mcg,0408010F0AAABAB,1,0.6327999999999987
828,A85006,Clonazepam_Tab 500mcg,0408010F0AAABAB,2,0.6327999999999987
817,A86023,Clonazepam_Tab 500mcg,0408010F0AAABAB,8,0.6327999999999987
818,A86028,Clonazepam_Tab 500mcg,0408010F0AAABAB,1,0.6327999999999987
821,A86026,Clonazepam_Tab 500mcg,0408010F0AAABAB,4,0.6327999999999987
833,A85011,Clonazepam_Tab 500mcg,0408010F0AAABAB,1,0.6327999999999987
820,A86006,Clonazepam_Tab 500mcg,0408010F0AAABAB,8,0.6327999999999987
832,A85016,Clonazepam_Tab 500mcg,0408010F0AAABAB,2,0.6327999999999987
830,A86017,Clonazepam_Tab 500mcg,0408010F0AAABAB,1,0.6327999999999987
829,A85012,Clonazepam_Tab 500mcg,0408010F0AAABAB,4,0.6327999999999987
831,A85009,Clonazepam_Tab 500mcg,0408010F0AAABAB,1,0.6327999999999987
827,A86026,Clonazepam_Tab 500mcg,0408010F0AAABAB,2,0.6327999999999987
826,A85620,Clonazepam_Tab 500mcg,0408010F0AAABAB,4,0.6327999999999987
825,A86003,Clonazepam_Tab 500mcg,0408010F0AAABAB,4,0.6327999999999987
824,A85007,Clonazepam_Tab 500mcg,0408010F0AAABAB,1,0.6327999999999987
823,A85021,Clonazepam_Tab 500mcg,0408010F0AAABAB,4,0.6327999999999987
822,A86010,Clonazepam_Tab 500mcg,0408010F0AAABAB,4,0.6327999999999987
865,A86036,Clonazepam_Tab 500mcg,0408010F0AAABAB,5,0.6104999999999999
866,A85616,Clonazepam_Tab 500mcg,0408010F0AAABAB,7,0.5536999999999989
867,A85620,Clonazepam_Tab 500mcg,0408010F0AAABAB,7,0.5536999999999989
868,A85005,Clonazepam_Tab 500mcg,0408010F0AAABAB,1,0.5375999999999994
869,A85616,Clonazepam_Tab 500mcg,0408010F0AAABAB,1,0.5375999999999994
870,A85002,Clonazepam_Tab 500mcg,0408010F0AAABAB,4,0.48839999999999995
872,A86029,Clonazepam_Tab 500mcg,0408010F0AAABAB,6,0.474599999999999
873,A86003,Clonazepam_Tab 500mcg,0408010F0AAABAB,1,0.474599999999999
874,A85008,Clonazepam_Tab 500mcg,0408010F0AAABAB,1,0.474599999999999
875,A85010,Clonazepam_Tab 500mcg,0408010F0AAABAB,1,0.474599999999999
871,A86036,Clonazepam_Tab 500mcg,0408010F0AAABAB,1,0.474599999999999
876,A85614,Clonazepam_Tab 500mcg,0408010F0AAABAB,1,0.45199999999999907
877,A85016,Clonazepam_Tab 500mcg,0408010F0AAABAB,9,0.38159999999999994
878,A86029,Clonazepam_Tab 500mcg,0408010F0AAABAB,4,0.37759999999999927
879,A85620,Clonazepam_Tab 500mcg,0408010F0AAABAB,3,0.36629999999999996
84,A85016,Paracet_Tab 500mg,0407010H0AAAMAM,87,0.3653999999999978
85,A85016,Paracet_Tab 500mg,0407010H0AAAMAM,87,0.3653999999999978
880,A86010,Clonazepam_Tab 500mcg,0408010F0AAABAB,8,0.33919999999999995
881,A85005,Clonazepam_Tab 500mcg,0408010F0AAABAB,1,0.3389999999999993
882,A86018,Clonazepam_Tab 500mcg,0408010F0AAABAB,1,0.3389999999999993
884,A86040,Clonazepam_Tab 500mcg,0408010F0AAABAB,1,0.3389999999999993
885,A86029,Clonazepam_Tab 500mcg,0408010F0AAABAB,1,0.3389999999999993
886,A85614,Clonazepam_Tab 500mcg,0408010F0AAABAB,1,0.3389999999999993
887,A86022,Clonazepam_Tab 500mcg,0408010F0AAABAB,1,0.3389999999999993
888,A85026,Clonazepam_Tab 500mcg,0408010F0AAABAB,1,0.3389999999999993
889,A85010,Clonazepam_Tab 500mcg,0408010F0AAABAB,1,0.3389999999999993
883,A86017,Clonazepam_Tab 500mcg,0408010F0AAABAB,1,0.3389999999999993
909,A86038,Clonazepam_Tab 500mcg,0408010F0AAABAB,4,0.31639999999999935
905,A85018,Clonazepam_Tab 500mcg,0408010F0AAABAB,4,0.31639999999999935
906,A85614,Clonazepam_Tab 500mcg,0408010F0AAABAB,1,0.31639999999999935
907,A85023,Clonazepam_Tab 500mcg,0408010F0AAABAB,2,0.31639999999999935
908,A85014,Clonazepam_Tab 500mcg,0408010F0AAABAB,4,0.31639999999999935
913,A86008,Clonazepam_Tab 500mcg,0408010F0AAABAB,4,0.31639999999999935
910,A85023,Clonazepam_Tab 500mcg,0408010F0AAABAB,1,0.31639999999999935
911,A85014,Clonazepam_Tab 500mcg,0408010F0AAABAB,2,0.31639999999999935
912,A85620,Clonazepam_Tab 500mcg,0408010F0AAABAB,1,0.31639999999999935
903,A85002,Clonazepam_Tab 500mcg,0408010F0AAABAB,4,0.31639999999999935
914,A85609,Clonazepam_Tab 500mcg,0408010F0AAABAB,2,0.31639999999999935
915,A85026,Clonazepam_Tab 500mcg,0408010F0AAABAB,4,0.31639999999999935
904,A86012,Clonazepam_Tab 500mcg,0408010F0AAABAB,4,0.31639999999999935
899,A86022,Clonazepam_Tab 500mcg,0408010F0AAABAB,2,0.31639999999999935
902,A86033,Clonazepam_Tab 500mcg,0408010F0AAABAB,4,0.31639999999999935
901,A85611,Clonazepam_Tab 500mcg,0408010F0AAABAB,2,0.31639999999999935
900,A85007,Clonazepam_Tab 500mcg,0408010F0AAABAB,4,0.31639999999999935
898,A85012,Clonazepam_Tab 500mcg,0408010F0AAABAB,4,0.31639999999999935
897,A85013,Clonazepam_Tab 500mcg,0408010F0AAABAB,1,0.31639999999999935
896,A85014,Clonazepam_Tab 500mcg,0408010F0AAABAB,1,0.31639999999999935
895,A86025,Clonazepam_Tab 500mcg,0408010F0AAABAB,4,0.31639999999999935
894,A86035,Clonazepam_Tab 500mcg,0408010F0AAABAB,1,0.31639999999999935
893,A86012,Clonazepam_Tab 500mcg,0408010F0AAABAB,1,0.31639999999999935
892,A85611,Clonazepam_Tab 500mcg,0408010F0AAABAB,1,0.31639999999999935
891,A85003,Clonazepam_Tab 500mcg,0408010F0AAABAB,4,0.31639999999999935
890,A85020,Clonazepam_Tab 500mcg,0408010F0AAABAB,4,0.31639999999999935
916,A86029,Clonazepam_Tab 500mcg,0408010F0AAABAB,4,0.25439999999999996
86,A86003,Paracet_Tab 500mg,0407010H0AAAMAM,85,0.23799999999999855
87,A86003,Paracet_Tab 500mg,0407010H0AAAMAM,85,0.23799999999999855
917,A86011,Clonazepam_Tab 500mcg,0408010F0AAABAB,3,0.2372999999999995
919,A85010,Clonazepam_Tab 500mcg,0408010F0AAABAB,3,0.2372999999999995
918,A85023,Clonazepam_Tab 500mcg,0408010F0AAABAB,3,0.2372999999999995
920,A86024,Clonazepam_Tab 500mcg,0408010F0AAABAB,1,0.2372999999999995
921,Y05507,Clonazepam_Tab 500mcg,0408010F0AAABAB,1,0.22199999999999998
923,A85023,Clonazepam_Tab 500mcg,0408010F0AAABAB,5,0.21199999999999997
922,A85005,Clonazepam_Tab 500mcg,0408010F0AAABAB,5,0.21199999999999997
88,A86029,Paracet_Tab 500mg,0407010H0AAAMAM,64,0.17919999999999892
89,A86029,Paracet_Tab 500mg,0407010H0AAAMAM,64,0.17919999999999892
90,A85008,Paracet_Tab 500mg,0407010H0AAAMAM,41,0.17219999999999897
91,A85008,Paracet_Tab 500mg,0407010H0AAAMAM,41,0.17219999999999897
924,A86017,Clonazepam_Tab 500mcg,0408010F0AAABAB,4,0.16959999999999997
925,A85616,Clonazepam_Tab 500mcg,0408010F0AAABAB,4,0.16959999999999997
927,A85007,Clonazepam_Tab 500mcg,0408010F0AAABAB,4,0.16959999999999997
928,A86011,Clonazepam_Tab 500mcg,0408010F0AAABAB,4,0.16959999999999997
926,A85008,Clonazepam_Tab 500mcg,0408010F0AAABAB,4,0.16959999999999997
92,A85016,Paracet_Tab 500mg,0407010H0AAAMAM,59,0.16519999999999901
93,A85016,Paracet_Tab 500mg,0407010H0AAAMAM,59,0.16519999999999901
934,A85018,Clonazepam_Tab 500mcg,0408010F0AAABAB,1,0.15819999999999967
931,A86018,Clonazepam_Tab 500mcg,0408010F0AAABAB,1,0.15819999999999967
933,A85005,Clonazepam_Tab 500mcg,0408010F0AAABAB,1,0.15819999999999967
932,A86012,Clonazepam_Tab 500mcg,0408010F0AAABAB,1,0.15819999999999967
929,A85019,Clonazepam_Tab 500mcg,0408010F0AAABAB,1,0.15819999999999967
930,A86020,Clonazepam_Tab 500mcg,0408010F0AAABAB,1,0.15819999999999967
94,A86003,Paracet_Tab 500mg,0407010H0AAAMAM,36,0.15119999999999909
95,A86003,Paracet_Tab 500mg,0407010H0AAAMAM,36,0.15119999999999909
96,A86025,Paracet_Tab 500mg,0407010H0AAAMAM,36,0.15119999999999909
97,A86025,Paracet_Tab 500mg,0407010H0AAAMAM,36,0.15119999999999909
98,A85004,Paracet_Tab 500mg,0407010H0AAAMAM,26,0.14559999999999984
99,A85004,Paracet_Tab 500mg,0407010H0AAAMAM,26,0.14559999999999984
100,A85006,Paracet_Tab 500mg,0407010H0AAAMAM,30,0.12599999999999922
101,A85006,Paracet_Tab 500mg,0407010H0AAAMAM,30,0.12599999999999922
103,A86030,Paracet_Tab 500mg,0407010H0AAAMAM,44,0.12319999999999925
102,A86030,Paracet_Tab 500mg,0407010H0AAAMAM,44,0.12319999999999925
935,A85014,Clonazepam_Tab 500mcg,0408010F0AAABAB,1,0.12209999999999999
104,A86030,Paracet_Tab 500mg,0407010H0AAAMAM,29,0.12179999999999927
106,A86010,Paracet_Tab 500mg,0407010H0AAAMAM,29,0.12179999999999927
107,A86030,Paracet_Tab 500mg,0407010H0AAAMAM,29,0.12179999999999927
105,A86010,Paracet_Tab 500mg,0407010H0AAAMAM,29,0.12179999999999927
108,A85008,Paracet_Tab 500mg,0407010H0AAAMAM,42,0.11759999999999929
109,A85008,Paracet_Tab 500mg,0407010H0AAAMAM,42,0.11759999999999929
111,A86025,Paracet_Tab 500mg,0407010H0AAAMAM,41,0.1147999999999993
110,A86025,Paracet_Tab 500mg,0407010H0AAAMAM,41,0.1147999999999993
112,A86031,Paracet_Tab 500mg,0407010H0AAAMAM,26,0.10919999999999934
113,A86031,Paracet_Tab 500mg,0407010H0AAAMAM,26,0.10919999999999934
114,A86011,Paracet_Tab 500mg,0407010H0AAAMAM,37,0.10359999999999937
115,A86011,Paracet_Tab 500mg,0407010H0AAAMAM,37,0.10359999999999937
119,A86029,Paracet_Tab 500mg,0407010H0AAAMAM,24,0.10079999999999939
118,A86029,Paracet_Tab 500mg,0407010H0AAAMAM,24,0.10079999999999939
117,A85004,Paracet_Tab 500mg,0407010H0AAAMAM,36,0.10079999999999939
116,A85004,Paracet_Tab 500mg,0407010H0AAAMAM,36,0.10079999999999939
120,A85005,Paracet_Tab 500mg,0407010H0AAAMAM,31,0.08679999999999947
121,A85005,Paracet_Tab 500mg,0407010H0AAAMAM,31,0.08679999999999947
123,A85005,Paracet_Tab 500mg,0407010H0AAAMAM,20,0.08399999999999949
122,A85005,Paracet_Tab 500mg,0407010H0AAAMAM,20,0.08399999999999949
124,A86013,Paracet_Tab 500mg,0407010H0AAAMAM,29,0.08119999999999951
125,A86013,Paracet_Tab 500mg,0407010H0AAAMAM,29,0.08119999999999951
936,A85005,Clonazepam_Tab 500mcg,0408010F0AAABAB,1,0.07909999999999984
126,A86012,Paracet_Tab 500mg,0407010H0AAAMAM,13,0.07799999999999953
127,A86012,Paracet_Tab 500mg,0407010H0AAAMAM,13,0.07799999999999953
133,A85011,Paracet_Tab 500mg,0407010H0AAAMAM,27,0.07559999999999954
135,A85017,Paracet_Tab 500mg,0407010H0AAAMAM,18,0.07559999999999954
134,A85017,Paracet_Tab 500mg,0407010H0AAAMAM,18,0.07559999999999954
131,A86012,Paracet_Tab 500mg,0407010H0AAAMAM,18,0.07559999999999954
132,A85011,Paracet_Tab 500mg,0407010H0AAAMAM,27,0.07559999999999954
129,A86012,Paracet_Tab 500mg,0407010H0AAAMAM,18,0.07559999999999954
130,A86037,Paracet_Tab 500mg,0407010H0AAAMAM,18,0.07559999999999954
128,A86037,Paracet_Tab 500mg,0407010H0AAAMAM,18,0.07559999999999954
136,A86010,Paracet_Tab 500mg,0407010H0AAAMAM,26,0.07279999999999956
137,A86010,Paracet_Tab 500mg,0407010H0AAAMAM,26,0.07279999999999956
138,A86025,Paracet_Tab 500mg,0407010H0AAAMAM,12,0.07199999999999956
139,A86025,Paracet_Tab 500mg,0407010H0AAAMAM,12,0.07199999999999956
140,A85004,Paracet_Tab 500mg,0407010H0AAAMAM,17,0.07139999999999957
141,A85004,Paracet_Tab 500mg,0407010H0AAAMAM,17,0.07139999999999957
146,A85010,Paracet_Tab 500mg,0407010H0AAAMAM,25,0.06999999999999958
147,A86038,Paracet_Tab 500mg,0407010H0AAAMAM,25,0.06999999999999958
142,A86038,Paracet_Tab 500mg,0407010H0AAAMAM,25,0.06999999999999958
145,A85009,Paracet_Tab 500mg,0407010H0AAAMAM,25,0.06999999999999958
144,A85010,Paracet_Tab 500mg,0407010H0AAAMAM,25,0.06999999999999958
143,A85009,Paracet_Tab 500mg,0407010H0AAAMAM,25,0.06999999999999958
151,A86011,Paracet_Tab 500mg,0407010H0AAAMAM,16,0.0671999999999996
152,A85020,Paracet_Tab 500mg,0407010H0AAAMAM,24,0.0671999999999996
153,A86011,Paracet_Tab 500mg,0407010H0AAAMAM,16,0.0671999999999996
150,A86008,Paracet_Tab 500mg,0407010H0AAAMAM,16,0.0671999999999996
148,A85020,Paracet_Tab 500mg,0407010H0AAAMAM,24,0.0671999999999996
149,A86008,Paracet_Tab 500mg,0407010H0AAAMAM,16,0.0671999999999996
154,A86022,Paracet_Tab 500mg,0407010H0AAAMAM,23,0.06439999999999961
155,A86022,Paracet_Tab 500mg,0407010H0AAAMAM,23,0.06439999999999961
156,A86003,Paracet_Tab 500mg,0407010H0AAAMAM,16,0.06400000000000006
157,A86003,Paracet_Tab 500mg,0407010H0AAAMAM,16,0.06400000000000006
161,A86024,Paracet_Tab 500mg,0407010H0AAAMAM,15,0.06299999999999961
163,A86018,Paracet_Tab 500mg,0407010H0AAAMAM,15,0.06299999999999961
162,A86018,Paracet_Tab 500mg,0407010H0AAAMAM,15,0.06299999999999961
160,A86024,Paracet_Tab 500mg,0407010H0AAAMAM,15,0.06299999999999961
159,A86017,Paracet_Tab 500mg,0407010H0AAAMAM,15,0.06299999999999961
158,A86017,Paracet_Tab 500mg,0407010H0AAAMAM,15,0.06299999999999961
164,A86040,Paracet_Tab 500mg,0407010H0AAAMAM,22,0.06159999999999963
165,A86040,Paracet_Tab 500mg,0407010H0AAAMAM,22,0.06159999999999963
166,A86033,Paracet_Tab 500mg,0407010H0AAAMAM,22,0.06159999999999963
167,A86008,Paracet_Tab 500mg,0407010H0AAAMAM,22,0.06159999999999963
168,A86033,Paracet_Tab 500mg,0407010H0AAAMAM,22,0.06159999999999963
169,A86008,Paracet_Tab 500mg,0407010H0AAAMAM,22,0.06159999999999963
170,A85016,Paracet_Tab 500mg,0407010H0AAAMAM,5,0.05999999999999964
171,A85016,Paracet_Tab 500mg,0407010H0AAAMAM,5,0.05999999999999964
172,A86037,Paracet_Tab 500mg,0407010H0AAAMAM,21,0.058799999999999644
173,A85611,Paracet_Tab 500mg,0407010H0AAAMAM,21,0.058799999999999644
175,A86037,Paracet_Tab 500mg,0407010H0AAAMAM,21,0.058799999999999644
174,A85611,Paracet_Tab 500mg,0407010H0AAAMAM,21,0.058799999999999644
179,A85020,Paracet_Tab 500mg,0407010H0AAAMAM,9,0.05399999999999967
176,A85019,Paracet_Tab 500mg,0407010H0AAAMAM,9,0.05399999999999967
178,A85019,Paracet_Tab 500mg,0407010H0AAAMAM,9,0.05399999999999967
177,A85020,Paracet_Tab 500mg,0407010H0AAAMAM,9,0.05399999999999967
188,A85611,Paracet_Tab 500mg,0407010H0AAAMAM,12,0.050399999999999695
193,A85019,Paracet_Tab 500mg,0407010H0AAAMAM,12,0.050399999999999695
192,A86601,Paracet_Tab 500mg,0407010H0AAAMAM,18,0.050399999999999695
191,A86040,Paracet_Tab 500mg,0407010H0AAAMAM,12,0.050399999999999695
190,A86038,Paracet_Tab 500mg,0407010H0AAAMAM,12,0.050399999999999695
189,A86601,Paracet_Tab 500mg,0407010H0AAAMAM,18,0.050399999999999695
180,A86006,Paracet_Tab 500mg,0407010H0AAAMAM,18,0.050399999999999695
187,A86006,Paracet_Tab 500mg,0407010H0AAAMAM,18,0.050399999999999695
181,A86038,Paracet_Tab 500mg,0407010H0AAAMAM,12,0.050399999999999695
185,A85611,Paracet_Tab 500mg,0407010H0AAAMAM,12,0.050399999999999695
184,A85007,Paracet_Tab 500mg,0407010H0AAAMAM,18,0.050399999999999695
183,A86040,Paracet_Tab 500mg,0407010H0AAAMAM,12,0.050399999999999695
182,A85019,Paracet_Tab 500mg,0407010H0AAAMAM,12,0.050399999999999695
186,A85007,Paracet_Tab 500mg,0407010H0AAAMAM,18,0.050399999999999695
197,A86018,Paracet_Tab 500mg,0407010H0AAAMAM,17,0.04759999999999971
196,A85014,Paracet_Tab 500mg,0407010H0AAAMAM,17,0.04759999999999971
195,A86018,Paracet_Tab 500mg,0407010H0AAAMAM,17,0.04759999999999971
194,A85014,Paracet_Tab 500mg,0407010H0AAAMAM,17,0.04759999999999971
628,A85020,Atorvastatin_Tab 20mg,0212000B0AAABAB,7,0.0420000000000012
198,A86013,Paracet_Tab 500mg,0407010H0AAAMAM,10,0.041999999999999746
201,A86013,Paracet_Tab 500mg,0407010H0AAAMAM,10,0.041999999999999746
200,A86011,Paracet_Tab 500mg,0407010H0AAAMAM,7,0.041999999999999746
199,A86011,Paracet_Tab 500mg,0407010H0AAAMAM,7,0.041999999999999746
202,A85003,Paracet_Tab 500mg,0407010H0AAAMAM,14,0.03919999999999976
203,A85003,Paracet_Tab 500mg,0407010H0AAAMAM,14,0.03919999999999976
204,A85019,Paracet_Tab 500mg,0407010H0AAAMAM,14,0.03919999999999976
205,A85019,Paracet_Tab 500mg,0407010H0AAAMAM,14,0.03919999999999976
206,A85020,Paracet_Tab 500mg,0407010H0AAAMAM,9,0.03779999999999977
207,A85020,Paracet_Tab 500mg,0407010H0AAAMAM,9,0.03779999999999977
208,A85010,Paracet_Tab 500mg,0407010H0AAAMAM,9,0.03779999999999977
209,A85010,Paracet_Tab 500mg,0407010H0AAAMAM,9,0.03779999999999977
210,A85620,Paracet_Tab 500mg,0407010H0AAAMAM,9,0.03779999999999977
211,A85620,Paracet_Tab 500mg,0407010H0AAAMAM,9,0.03779999999999977
215,A86024,Paracet_Tab 500mg,0407010H0AAAMAM,13,0.03639999999999978
214,A85006,Paracet_Tab 500mg,0407010H0AAAMAM,13,0.03639999999999978
212,A85006,Paracet_Tab 500mg,0407010H0AAAMAM,13,0.03639999999999978
213,A86024,Paracet_Tab 500mg,0407010H0AAAMAM,13,0.03639999999999978
221,A86003,Paracet_Tab 500mg,0407010H0AAAMAM,6,0.03599999999999978
216,A86017,Paracet_Tab 500mg,0407010H0AAAMAM,6,0.03599999999999978
218,A86003,Paracet_Tab 500mg,0407010H0AAAMAM,6,0.03599999999999978
220,A86017,Paracet_Tab 500mg,0407010H0AAAMAM,6,0.03599999999999978
219,A86029,Paracet_Tab 500mg,0407010H0AAAMAM,6,0.03599999999999978
217,A86029,Paracet_Tab 500mg,0407010H0AAAMAM,6,0.03599999999999978
662,A86029,Atorvastatin_Tab 40mg,0212000B0AAACAC,8,0.03520000000000012
946,A85002,Nortriptyline_Tab 10mg,0403010V0AAADAD,12,0.03360000000000096
227,A85002,Paracet_Tab 500mg,0407010H0AAAMAM,12,0.0335999999999998
222,A86021,Paracet_Tab 500mg,0407010H0AAAMAM,8,0.0335999999999998
226,A86031,Paracet_Tab 500mg,0407010H0AAAMAM,12,0.0335999999999998
225,A85002,Paracet_Tab 500mg,0407010H0AAAMAM,12,0.0335999999999998
224,A86031,Paracet_Tab 500mg,0407010H0AAAMAM,12,0.0335999999999998
223,A86021,Paracet_Tab 500mg,0407010H0AAAMAM,8,0.0335999999999998
228,A86021,Paracet_Tab 500mg,0407010H0AAAMAM,11,0.030799999999999814
230,A86015,Paracet_Tab 500mg,0407010H0AAAMAM,11,0.030799999999999814
231,A86015,Paracet_Tab 500mg,0407010H0AAAMAM,11,0.030799999999999814
229,A86021,Paracet_Tab 500mg,0407010H0AAAMAM,11,0.030799999999999814
237,A85611,Paracet_Tab 500mg,0407010H0AAAMAM,5,0.02999999999999982
239,A86004,Paracet_Tab 500mg,0407010H0AAAMAM,5,0.02999999999999982
238,A85611,Paracet_Tab 500mg,0407010H0AAAMAM,5,0.02999999999999982
236,A85018,Paracet_Tab 500mg,0407010H0AAAMAM,5,0.02999999999999982
233,A86013,Paracet_Tab 500mg,0407010H0AAAMAM,5,0.02999999999999982
232,A86013,Paracet_Tab 500mg,0407010H0AAAMAM,5,0.02999999999999982
234,A85018,Paracet_Tab 500mg,0407010H0AAAMAM,5,0.02999999999999982
235,A86004,Paracet_Tab 500mg,0407010H0AAAMAM,5,0.02999999999999982
242,A86004,Paracet_Tab 500mg,0407010H0AAAMAM,7,0.029399999999999822
243,A85011,Paracet_Tab 500mg,0407010H0AAAMAM,7,0.029399999999999822
241,A86004,Paracet_Tab 500mg,0407010H0AAAMAM,7,0.029399999999999822
240,A85011,Paracet_Tab 500mg,0407010H0AAAMAM,7,0.029399999999999822
244,A86029,Paracet_Tab 500mg,0407010H0AAAMAM,5,0.02799999999999997
245,A86029,Paracet_Tab 500mg,0407010H0AAAMAM,5,0.02799999999999997
247,A85018,Paracet_Tab 500mg,0407010H0AAAMAM,10,0.02799999999999983
246,A85018,Paracet_Tab 500mg,0407010H0AAAMAM,10,0.02799999999999983
1040,A85003,Bumetanide_Tab 1mg,0202020D0AAAEAE,6,0.02580000000000003
248,A86601,Paracet_Tab 500mg,0407010H0AAAMAM,6,0.025199999999999848
249,A85002,Paracet_Tab 500mg,0407010H0AAAMAM,6,0.025199999999999848
250,A86601,Paracet_Tab 500mg,0407010H0AAAMAM,6,0.025199999999999848
251,A85002,Paracet_Tab 500mg,0407010H0AAAMAM,6,0.025199999999999848
1070,A86029,Phenytoin_Sod Tab 100mg,0408010Q0AAAGAG,4,0.025199999999997225
948,A86030,Nortriptyline_Tab 10mg,0403010V0AAADAD,4,0.024000000000000687
947,A85016,Nortriptyline_Tab 10mg,0403010V0AAADAD,4,0.024000000000000687
256,A85023,Paracet_Tab 500mg,0407010H0AAAMAM,4,0.023999999999999855
258,A85003,Paracet_Tab 500mg,0407010H0AAAMAM,4,0.023999999999999855
257,A86038,Paracet_Tab 500mg,0407010H0AAAMAM,4,0.023999999999999855
259,A85005,Paracet_Tab 500mg,0407010H0AAAMAM,4,0.023999999999999855
255,A85005,Paracet_Tab 500mg,0407010H0AAAMAM,4,0.023999999999999855
254,A85003,Paracet_Tab 500mg,0407010H0AAAMAM,4,0.023999999999999855
253,A85023,Paracet_Tab 500mg,0407010H0AAAMAM,4,0.023999999999999855
252,A86038,Paracet_Tab 500mg,0407010H0AAAMAM,4,0.023999999999999855
268,A86028,Paracet_Tab 500mg,0407010H0AAAMAM,8,0.022399999999999864
264,A85001,Paracet_Tab 500mg,0407010H0AAAMAM,8,0.022399999999999864
265,A85001,Paracet_Tab 500mg,0407010H0AAAMAM,8,0.022399999999999864
263,A86036,Paracet_Tab 500mg,0407010H0AAAMAM,8,0.022399999999999864
262,A86028,Paracet_Tab 500mg,0407010H0AAAMAM,8,0.022399999999999864
261,A86017,Paracet_Tab 500mg,0407010H0AAAMAM,8,0.022399999999999864
266,A85024,Paracet_Tab 500mg,0407010H0AAAMAM,8,0.022399999999999864
267,A86036,Paracet_Tab 500mg,0407010H0AAAMAM,8,0.022399999999999864
269,A86017,Paracet_Tab 500mg,0407010H0AAAMAM,8,0.022399999999999864
260,A85024,Paracet_Tab 500mg,0407010H0AAAMAM,8,0.022399999999999864
937,A85007,Clonazepam_Tab 500mcg,0408010F0AAABAB,1,0.021199999999999997
273,A85026,Paracet_Tab 500mg,0407010H0AAAMAM,5,0.020999999999999873
272,A85616,Paracet_Tab 500mg,0407010H0AAAMAM,5,0.020999999999999873
271,A85026,Paracet_Tab 500mg,0407010H0AAAMAM,5,0.020999999999999873
270,A86036,Paracet_Tab 500mg,0407010H0AAAMAM,5,0.020999999999999873
274,A85616,Paracet_Tab 500mg,0407010H0AAAMAM,5,0.020999999999999873
275,A86036,Paracet_Tab 500mg,0407010H0AAAMAM,5,0.020999999999999873
1041,A86012,Bumetanide_Tab 1mg,0202020D0AAAEAE,6,0.020400000000000584
949,A86011,Nortriptyline_Tab 10mg,0403010V0AAADAD,7,0.01960000000000056
276,A85023,Paracet_Tab 500mg,0407010H0AAAMAM,7,0.01959999999999988
277,Y00184,Paracet_Tab 500mg,0407010H0AAAMAM,7,0.01959999999999988
278,Y00184,Paracet_Tab 500mg,0407010H0AAAMAM,7,0.01959999999999988
279,A86018,Paracet_Tab 500mg,0407010H0AAAMAM,14,0.01959999999999988
280,A85023,Paracet_Tab 500mg,0407010H0AAAMAM,7,0.01959999999999988
281,A86018,Paracet_Tab 500mg,0407010H0AAAMAM,14,0.01959999999999988
282,A85616,Paracet_Tab 500mg,0407010H0AAAMAM,7,0.01959999999999988
283,A85616,Paracet_Tab 500mg,0407010H0AAAMAM,7,0.01959999999999988
284,A86003,Paracet_Tab 500mg,0407010H0AAAMAM,4,0.019200000000000217
285,A86003,Paracet_Tab 500mg,0407010H0AAAMAM,4,0.019200000000000217
287,A85013,Paracet_Tab 500mg,0407010H0AAAMAM,1,0.01839999999999989
286,A85013,Paracet_Tab 500mg,0407010H0AAAMAM,1,0.01839999999999989
289,A86010,Paracet_Tab 500mg,0407010H0AAAMAM,13,0.01819999999999989
288,A86010,Paracet_Tab 500mg,0407010H0AAAMAM,13,0.01819999999999989
294,A86021,Paracet_Tab 500mg,0407010H0AAAMAM,3,0.01799999999999989
295,A86021,Paracet_Tab 500mg,0407010H0AAAMAM,3,0.01799999999999989
292,A85008,Paracet_Tab 500mg,0407010H0AAAMAM,3,0.01799999999999989
293,A85004,Paracet_Tab 500mg,0407010H0AAAMAM,3,0.01799999999999989
291,A85004,Paracet_Tab 500mg,0407010H0AAAMAM,3,0.01799999999999989
290,A85008,Paracet_Tab 500mg,0407010H0AAAMAM,3,0.01799999999999989
663,A86040,Atorvastatin_Tab 40mg,0212000B0AAACAC,4,0.01760000000000006
296,A86012,Paracet_Tab 500mg,0407010H0AAAMAM,6,0.0167999999999999
297,A85003,Paracet_Tab 500mg,0407010H0AAAMAM,4,0.0167999999999999
298,A85001,Paracet_Tab 500mg,0407010H0AAAMAM,4,0.0167999999999999
299,A86012,Paracet_Tab 500mg,0407010H0AAAMAM,6,0.0167999999999999
300,A85001,Paracet_Tab 500mg,0407010H0AAAMAM,4,0.0167999999999999
301,A85018,Paracet_Tab 500mg,0407010H0AAAMAM,4,0.0167999999999999
302,A85614,Paracet_Tab 500mg,0407010H0AAAMAM,4,0.0167999999999999
303,A86037,Paracet_Tab 500mg,0407010H0AAAMAM,1,0.0167999999999999
304,A85018,Paracet_Tab 500mg,0407010H0AAAMAM,4,0.0167999999999999
305,A85014,Paracet_Tab 500mg,0407010H0AAAMAM,4,0.0167999999999999
306,A85003,Paracet_Tab 500mg,0407010H0AAAMAM,4,0.0167999999999999
307,A85614,Paracet_Tab 500mg,0407010H0AAAMAM,4,0.0167999999999999
308,A85014,Paracet_Tab 500mg,0407010H0AAAMAM,4,0.0167999999999999
309,A86037,Paracet_Tab 500mg,0407010H0AAAMAM,1,0.0167999999999999
1042,A85004,Bumetanide_Tab 1mg,0202020D0AAAEAE,5,0.015000000000000083
311,A86020,Paracet_Tab 500mg,0407010H0AAAMAM,5,0.013999999999999915
312,A85026,Paracet_Tab 500mg,0407010H0AAAMAM,5,0.013999999999999915
313,A85026,Paracet_Tab 500mg,0407010H0AAAMAM,5,0.013999999999999915
310,A86020,Paracet_Tab 500mg,0407010H0AAAMAM,5,0.013999999999999915
316,A85009,Paracet_Tab 500mg,0407010H0AAAMAM,3,0.012599999999999924
317,A85009,Paracet_Tab 500mg,0407010H0AAAMAM,3,0.012599999999999924
315,A86029,Paracet_Tab 500mg,0407010H0AAAMAM,9,0.012599999999999924
314,A86029,Paracet_Tab 500mg,0407010H0AAAMAM,9,0.012599999999999924
950,A85001,Nortriptyline_Tab 10mg,0403010V0AAADAD,2,0.012000000000000344
1043,A86012,Bumetanide_Tab 1mg,0202020D0AAAEAE,4,0.012000000000000066
329,Y00184,Paracet_Tab 500mg,0407010H0AAAMAM,2,0.011999999999999927
337,A86018,Paracet_Tab 500mg,0407010H0AAAMAM,2,0.011999999999999927
336,A85614,Paracet_Tab 500mg,0407010H0AAAMAM,1,0.011999999999999927
335,A86018,Paracet_Tab 500mg,0407010H0AAAMAM,2,0.011999999999999927
334,A85007,Paracet_Tab 500mg,0407010H0AAAMAM,2,0.011999999999999927
333,A86030,Paracet_Tab 500mg,0407010H0AAAMAM,2,0.011999999999999927
332,A85014,Paracet_Tab 500mg,0407010H0AAAMAM,2,0.011999999999999927
331,A85614,Paracet_Tab 500mg,0407010H0AAAMAM,1,0.011999999999999927
330,A85016,Paracet_Tab 500mg,0407010H0AAAMAM,2,0.011999999999999927
321,A85014,Paracet_Tab 500mg,0407010H0AAAMAM,2,0.011999999999999927
318,A85012,Paracet_Tab 500mg,0407010H0AAAMAM,2,0.011999999999999927
322,A86023,Paracet_Tab 500mg,0407010H0AAAMAM,2,0.011999999999999927
328,A86601,Paracet_Tab 500mg,0407010H0AAAMAM,2,0.011999999999999927
327,A86601,Paracet_Tab 500mg,0407010H0AAAMAM,2,0.011999999999999927
325,A86023,Paracet_Tab 500mg,0407010H0AAAMAM,2,0.011999999999999927
324,A85012,Paracet_Tab 500mg,0407010H0AAAMAM,2,0.011999999999999927
320,A85007,Paracet_Tab 500mg,0407010H0AAAMAM,2,0.011999999999999927
323,A86030,Paracet_Tab 500mg,0407010H0AAAMAM,2,0.011999999999999927
319,A85016,Paracet_Tab 500mg,0407010H0AAAMAM,2,0.011999999999999927
326,Y00184,Paracet_Tab 500mg,0407010H0AAAMAM,2,0.011999999999999927
952,A85008,Nortriptyline_Tab 10mg,0403010V0AAADAD,4,0.01120000000000032
951,A85006,Nortriptyline_Tab 10mg,0403010V0AAADAD,4,0.01120000000000032
339,A85023,Paracet_Tab 500mg,0407010H0AAAMAM,2,0.011199999999999988
942,A85004,Montelukast_Tab 10mg,0303020G0AAABAB,8,0.011199999999999988
338,A85023,Paracet_Tab 500mg,0407010H0AAAMAM,2,0.011199999999999988
340,A86004,Paracet_Tab 500mg,0407010H0AAAMAM,4,0.011199999999999932
341,A86004,Paracet_Tab 500mg,0407010H0AAAMAM,4,0.011199999999999932
342,A85620,Paracet_Tab 500mg,0407010H0AAAMAM,4,0.011199999999999932
343,Y02658,Paracet_Tab 500mg,0407010H0AAAMAM,4,0.011199999999999932
345,Y02658,Paracet_Tab 500mg,0407010H0AAAMAM,4,0.011199999999999932
344,A85620,Paracet_Tab 500mg,0407010H0AAAMAM,4,0.011199999999999932
349,A86010,Paracet_Tab 500mg,0407010H0AAAMAM,5,0.010499999999999936
348,A86029,Paracet_Tab 500mg,0407010H0AAAMAM,5,0.010499999999999936
347,A86010,Paracet_Tab 500mg,0407010H0AAAMAM,5,0.010499999999999936
346,A86029,Paracet_Tab 500mg,0407010H0AAAMAM,5,0.010499999999999936
953,A85016,Nortriptyline_Tab 10mg,0403010V0AAADAD,2,0.010000000000000286
1044,A85004,Bumetanide_Tab 1mg,0202020D0AAAEAE,3,0.009000000000000008
954,A85011,Nortriptyline_Tab 10mg,0403010V0AAADAD,3,0.00840000000000024
955,A86017,Nortriptyline_Tab 10mg,0403010V0AAADAD,3,0.00840000000000024
352,A85008,Paracet_Tab 500mg,0407010H0AAAMAM,4,0.00839999999999995
350,A85616,Paracet_Tab 500mg,0407010H0AAAMAM,4,0.00839999999999995
353,A85017,Paracet_Tab 500mg,0407010H0AAAMAM,3,0.00839999999999995
354,A85616,Paracet_Tab 500mg,0407010H0AAAMAM,4,0.00839999999999995
355,A85017,Paracet_Tab 500mg,0407010H0AAAMAM,3,0.00839999999999995
356,A85018,Paracet_Tab 500mg,0407010H0AAAMAM,4,0.00839999999999995
357,A85018,Paracet_Tab 500mg,0407010H0AAAMAM,4,0.00839999999999995
351,A85008,Paracet_Tab 500mg,0407010H0AAAMAM,4,0.00839999999999995
358,A86029,Paracet_Tab 500mg,0407010H0AAAMAM,3,0.0071999999999999564
359,A86029,Paracet_Tab 500mg,0407010H0AAAMAM,3,0.0071999999999999564
365,A86021,Paracet_Tab 500mg,0407010H0AAAMAM,5,0.006999999999999958
360,A86037,Paracet_Tab 500mg,0407010H0AAAMAM,5,0.006999999999999958
361,A85026,Paracet_Tab 500mg,0407010H0AAAMAM,5,0.006999999999999958
362,A85026,Paracet_Tab 500mg,0407010H0AAAMAM,5,0.006999999999999958
363,Y02658,Paracet_Tab 500mg,0407010H0AAAMAM,5,0.006999999999999958
364,A86036,Paracet_Tab 500mg,0407010H0AAAMAM,5,0.006999999999999958
366,A85004,Paracet_Tab 500mg,0407010H0AAAMAM,5,0.006999999999999958
367,A86037,Paracet_Tab 500mg,0407010H0AAAMAM,5,0.006999999999999958
368,A86036,Paracet_Tab 500mg,0407010H0AAAMAM,5,0.006999999999999958
369,A86021,Paracet_Tab 500mg,0407010H0AAAMAM,5,0.006999999999999958
370,A85004,Paracet_Tab 500mg,0407010H0AAAMAM,5,0.006999999999999958
371,Y02658,Paracet_Tab 500mg,0407010H0AAAMAM,5,0.006999999999999958
372,A86021,Paracet_Tab 500mg,0407010H0AAAMAM,3,0.006299999999999962
373,A86021,Paracet_Tab 500mg,0407010H0AAAMAM,3,0.006299999999999962
629,A85008,Atorvastatin_Tab 20mg,0212000B0AAABAB,1,0.006000000000000172
963,Y02658,Nortriptyline_Tab 10mg,0403010V0AAADAD,1,0.006000000000000172
962,A86027,Nortriptyline_Tab 10mg,0403010V0AAADAD,1,0.006000000000000172
959,A85019,Nortriptyline_Tab 10mg,0403010V0AAADAD,1,0.006000000000000172
956,A86025,Nortriptyline_Tab 10mg,0403010V0AAADAD,1,0.006000000000000172
965,A86021,Nortriptyline_Tab 10mg,0403010V0AAADAD,1,0.006000000000000172
958,A86024,Nortriptyline_Tab 10mg,0403010V0AAADAD,1,0.006000000000000172
957,A86036,Nortriptyline_Tab 10mg,0403010V0AAADAD,1,0.006000000000000172
964,A86022,Nortriptyline_Tab 10mg,0403010V0AAADAD,1,0.006000000000000172
961,A86601,Nortriptyline_Tab 10mg,0403010V0AAADAD,1,0.006000000000000172
664,A85009,Atorvastatin_Tab 40mg,0212000B0AAACAC,1,0.006000000000000172
960,A86031,Nortriptyline_Tab 10mg,0403010V0AAADAD,1,0.006000000000000172
377,A86026,Paracet_Tab 500mg,0407010H0AAAMAM,1,0.005999999999999964
378,A85024,Paracet_Tab 500mg,0407010H0AAAMAM,1,0.005999999999999964
376,A85024,Paracet_Tab 500mg,0407010H0AAAMAM,1,0.005999999999999964
375,A86026,Paracet_Tab 500mg,0407010H0AAAMAM,1,0.005999999999999964
374,A86033,Paracet_Tab 500mg,0407010H0AAAMAM,1,0.005999999999999964
379,A86031,Paracet_Tab 500mg,0407010H0AAAMAM,1,0.005999999999999964
380,A86028,Paracet_Tab 500mg,0407010H0AAAMAM,1,0.005999999999999964
381,Y00656,Paracet_Tab 500mg,0407010H0AAAMAM,2,0.005999999999999964
382,Y00656,Paracet_Tab 500mg,0407010H0AAAMAM,2,0.005999999999999964
385,A85011,Paracet_Tab 500mg,0407010H0AAAMAM,1,0.005999999999999964
386,A86033,Paracet_Tab 500mg,0407010H0AAAMAM,1,0.005999999999999964
384,A86028,Paracet_Tab 500mg,0407010H0AAAMAM,1,0.005999999999999964
387,A85011,Paracet_Tab 500mg,0407010H0AAAMAM,1,0.005999999999999964
383,A86031,Paracet_Tab 500mg,0407010H0AAAMAM,1,0.005999999999999964
967,A86040,Nortriptyline_Tab 10mg,0403010V0AAADAD,2,0.00560000000000016
966,A86030,Nortriptyline_Tab 10mg,0403010V0AAADAD,2,0.00560000000000016
405,A86024,Paracet_Tab 500mg,0407010H0AAAMAM,4,0.005599999999999966
408,A85011,Paracet_Tab 500mg,0407010H0AAAMAM,4,0.005599999999999966
407,A86017,Paracet_Tab 500mg,0407010H0AAAMAM,4,0.005599999999999966
401,A86006,Paracet_Tab 500mg,0407010H0AAAMAM,4,0.005599999999999966
402,A86008,Paracet_Tab 500mg,0407010H0AAAMAM,4,0.005599999999999966
403,A86008,Paracet_Tab 500mg,0407010H0AAAMAM,4,0.005599999999999966
404,A86013,Paracet_Tab 500mg,0407010H0AAAMAM,4,0.005599999999999966
406,A85611,Paracet_Tab 500mg,0407010H0AAAMAM,4,0.005599999999999966
399,A86007,Paracet_Tab 500mg,0407010H0AAAMAM,4,0.005599999999999966
413,A86012,Paracet_Tab 500mg,0407010H0AAAMAM,4,0.005599999999999966
409,A85018,Paracet_Tab 500mg,0407010H0AAAMAM,4,0.005599999999999966
410,A85011,Paracet_Tab 500mg,0407010H0AAAMAM,4,0.005599999999999966
411,A86038,Paracet_Tab 500mg,0407010H0AAAMAM,4,0.005599999999999966
412,A85016,Paracet_Tab 500mg,0407010H0AAAMAM,4,0.005599999999999966
419,A86017,Paracet_Tab 500mg,0407010H0AAAMAM,4,0.005599999999999966
418,A86006,Paracet_Tab 500mg,0407010H0AAAMAM,4,0.005599999999999966
417,A86033,Paracet_Tab 500mg,0407010H0AAAMAM,4,0.005599999999999966
416,A86040,Paracet_Tab 500mg,0407010H0AAAMAM,4,0.005599999999999966
415,A86038,Paracet_Tab 500mg,0407010H0AAAMAM,4,0.005599999999999966
414,A86040,Paracet_Tab 500mg,0407010H0AAAMAM,4,0.005599999999999966
400,A85003,Paracet_Tab 500mg,0407010H0AAAMAM,4,0.005599999999999966
395,A86012,Paracet_Tab 500mg,0407010H0AAAMAM,4,0.005599999999999966
398,A86024,Paracet_Tab 500mg,0407010H0AAAMAM,4,0.005599999999999966
397,A86013,Paracet_Tab 500mg,0407010H0AAAMAM,4,0.005599999999999966
396,A86003,Paracet_Tab 500mg,0407010H0AAAMAM,4,0.005599999999999966
394,A86003,Paracet_Tab 500mg,0407010H0AAAMAM,4,0.005599999999999966
393,A85018,Paracet_Tab 500mg,0407010H0AAAMAM,4,0.005599999999999966
392,A86007,Paracet_Tab 500mg,0407010H0AAAMAM,4,0.005599999999999966
391,A85003,Paracet_Tab 500mg,0407010H0AAAMAM,4,0.005599999999999966
390,A85611,Paracet_Tab 500mg,0407010H0AAAMAM,4,0.005599999999999966
389,A86033,Paracet_Tab 500mg,0407010H0AAAMAM,4,0.005599999999999966
388,A85016,Paracet_Tab 500mg,0407010H0AAAMAM,4,0.005599999999999966
630,A86015,Atorvastatin_Tab 20mg,0212000B0AAABAB,1,0.00540000000000003
631,A85616,Atorvastatin_Tab 20mg,0212000B0AAABAB,1,0.00540000000000003
665,A85005,Atorvastatin_Tab 40mg,0212000B0AAACAC,2,0.005200000000000149
420,A85016,Paracet_Tab 500mg,0407010H0AAAMAM,1,0.004800000000000054
421,A85016,Paracet_Tab 500mg,0407010H0AAAMAM,1,0.004800000000000054
632,A85011,Atorvastatin_Tab 20mg,0212000B0AAABAB,1,0.004400000000000015
666,A86025,Atorvastatin_Tab 40mg,0212000B0AAACAC,1,0.004400000000000015
943,A86004,Montelukast_Tab 10mg,0303020G0AAABAB,1,0.004199999999999995
423,A86007,Paracet_Tab 500mg,0407010H0AAAMAM,2,0.004199999999999975
427,A86011,Paracet_Tab 500mg,0407010H0AAAMAM,3,0.004199999999999975
426,A86011,Paracet_Tab 500mg,0407010H0AAAMAM,3,0.004199999999999975
425,A86007,Paracet_Tab 500mg,0407010H0AAAMAM,2,0.004199999999999975
424,A86025,Paracet_Tab 500mg,0407010H0AAAMAM,3,0.004199999999999975
422,A86025,Paracet_Tab 500mg,0407010H0AAAMAM,3,0.004199999999999975
633,A86031,Atorvastatin_Tab 20mg,0212000B0AAABAB,1,0.004000000000000115
428,A85008,Paracet_Tab 500mg,0407010H0AAAMAM,1,0.0040000000000000105
429,A86017,Paracet_Tab 500mg,0407010H0AAAMAM,1,0.0040000000000000105
430,A86017,Paracet_Tab 500mg,0407010H0AAAMAM,1,0.0040000000000000105
431,A85008,Paracet_Tab 500mg,0407010H0AAAMAM,1,0.0040000000000000105
433,A85020,Paracet_Tab 500mg,0407010H0AAAMAM,1,0.003800000000000043
432,A85020,Paracet_Tab 500mg,0407010H0AAAMAM,1,0.003800000000000043
667,A86601,Atorvastatin_Tab 40mg,0212000B0AAACAC,1,0.0030000000000000165
634,A85005,Atorvastatin_Tab 20mg,0212000B0AAABAB,1,0.0030000000000000165
1045,A86012,Bumetanide_Tab 1mg,0202020D0AAAEAE,1,0.0030000000000000027
437,A86012,Paracet_Tab 500mg,0407010H0AAAMAM,1,0.002999999999999982
434,Y05648,Paracet_Tab 500mg,0407010H0AAAMAM,1,0.002999999999999982
435,A85002,Paracet_Tab 500mg,0407010H0AAAMAM,1,0.002999999999999982
436,A85003,Paracet_Tab 500mg,0407010H0AAAMAM,1,0.002999999999999982
438,Y05648,Paracet_Tab 500mg,0407010H0AAAMAM,1,0.002999999999999982
439,A85003,Paracet_Tab 500mg,0407010H0AAAMAM,1,0.002999999999999982
440,A86012,Paracet_Tab 500mg,0407010H0AAAMAM,1,0.002999999999999982
441,A85007,Paracet_Tab 500mg,0407010H0AAAMAM,1,0.002999999999999982
442,A85007,Paracet_Tab 500mg,0407010H0AAAMAM,1,0.002999999999999982
443,A85002,Paracet_Tab 500mg,0407010H0AAAMAM,1,0.002999999999999982
968,A85013,Nortriptyline_Tab 10mg,0403010V0AAADAD,1,0.00280000000000008
969,A85004,Nortriptyline_Tab 10mg,0403010V0AAADAD,1,0.00280000000000008
445,A86004,Paracet_Tab 500mg,0407010H0AAAMAM,2,0.002799999999999983
444,Y00656,Paracet_Tab 500mg,0407010H0AAAMAM,1,0.002799999999999983
446,A86007,Paracet_Tab 500mg,0407010H0AAAMAM,1,0.002799999999999983
455,A85012,Paracet_Tab 500mg,0407010H0AAAMAM,1,0.002799999999999983
454,A86013,Paracet_Tab 500mg,0407010H0AAAMAM,4,0.002799999999999983
453,A85012,Paracet_Tab 500mg,0407010H0AAAMAM,1,0.002799999999999983
452,Y00656,Paracet_Tab 500mg,0407010H0AAAMAM,1,0.002799999999999983
451,A86013,Paracet_Tab 500mg,0407010H0AAAMAM,4,0.002799999999999983
447,A86004,Paracet_Tab 500mg,0407010H0AAAMAM,2,0.002799999999999983
449,A86007,Paracet_Tab 500mg,0407010H0AAAMAM,1,0.002799999999999983
448,A86035,Paracet_Tab 500mg,0407010H0AAAMAM,1,0.002799999999999983
450,A86035,Paracet_Tab 500mg,0407010H0AAAMAM,1,0.002799999999999983
457,A86030,Paracet_Tab 500mg,0407010H0AAAMAM,1,0.002400000000000027
456,A86030,Paracet_Tab 500mg,0407010H0AAAMAM,1,0.002400000000000027
636,A85010,Atorvastatin_Tab 20mg,0212000B0AAABAB,1,0.0020000000000000573
635,A85017,Atorvastatin_Tab 20mg,0212000B0AAABAB,1,0.0020000000000000573
1046,A86017,Bumetanide_Tab 1mg,0202020D0AAAEAE,1,0.0015000000000000083
458,A85008,Paracet_Tab 500mg,0407010H0AAAMAM,1,0.0013999999999999915
459,A85009,Paracet_Tab 500mg,0407010H0AAAMAM,1,0.0013999999999999915
460,A86023,Paracet_Tab 500mg,0407010H0AAAMAM,1,0.0013999999999999915
462,A85009,Paracet_Tab 500mg,0407010H0AAAMAM,1,0.0013999999999999915
463,A85008,Paracet_Tab 500mg,0407010H0AAAMAM,1,0.0013999999999999915
461,A86023,Paracet_Tab 500mg,0407010H0AAAMAM,1,0.0013999999999999915
637,A85010,Atorvastatin_Tab 20mg,0212000B0AAABAB,1,-0.0007999999999999674
669,A85005,Atorvastatin_Tab 40mg,0212000B0AAACAC,1,-0.0007999999999999674
668,A85011,Atorvastatin_Tab 40mg,0212000B0AAACAC,1,-0.0007999999999999674
639,A86003,Atorvastatin_Tab 20mg,0212000B0AAABAB,1,-0.0013999999999999985
638,A85006,Atorvastatin_Tab 20mg,0212000B0AAABAB,1,-0.0013999999999999985
671,A85021,Atorvastatin_Tab 40mg,0212000B0AAACAC,1,-0.0013999999999999985
670,A85009,Atorvastatin_Tab 40mg,0212000B0AAACAC,1,-0.0013999999999999985
672,A85614,Atorvastatin_Tab 40mg,0212000B0AAACAC,2,-0.0015999999999999348
467,A85008,Paracet_Tab 500mg,0407010H0AAAMAM,1,-0.001999999999999988
464,A85005,Paracet_Tab 500mg,0407010H0AAAMAM,1,-0.001999999999999988
466,A85005,Paracet_Tab 500mg,0407010H0AAAMAM,1,-0.001999999999999988
465,A85008,Paracet_Tab 500mg,0407010H0AAAMAM,1,-0.001999999999999988
468,A85020,Paracet_Tab 500mg,0407010H0AAAMAM,1,-0.0021999999999999867
469,A85020,Paracet_Tab 500mg,0407010H0AAAMAM,1,-0.0021999999999999867
640,A86023,Atorvastatin_Tab 20mg,0212000B0AAABAB,1,-0.0022999999999999063
673,A86004,Atorvastatin_Tab 40mg,0212000B0AAACAC,1,-0.0022999999999999063
470,A85009,Paracet_Tab 500mg,0407010H0AAAMAM,1,-0.0023999999999999994
471,A85009,Paracet_Tab 500mg,0407010H0AAAMAM,1,-0.0023999999999999994
473,A85007,Paracet_Tab 500mg,0407010H0AAAMAM,1,-0.0025999999999999843
472,A85007,Paracet_Tab 500mg,0407010H0AAAMAM,1,-0.0025999999999999843
641,A85010,Atorvastatin_Tab 20mg,0212000B0AAABAB,1,-0.0026999999999999837
642,A86023,Atorvastatin_Tab 20mg,0212000B0AAABAB,1,-0.0026999999999999837
643,A85023,Atorvastatin_Tab 20mg,0212000B0AAABAB,2,-0.002799999999999997
972,A85614,Nortriptyline_Tab 10mg,0403010V0AAADAD,1,-0.0029999999999996696
979,A86038,Nortriptyline_Tab 10mg,0403010V0AAADAD,1,-0.0029999999999996696
970,A85016,Nortriptyline_Tab 10mg,0403010V0AAADAD,1,-0.0029999999999996696
977,A85017,Nortriptyline_Tab 10mg,0403010V0AAADAD,1,-0.0029999999999996696
978,A85008,Nortriptyline_Tab 10mg,0403010V0AAADAD,1,-0.0029999999999996696
975,A85007,Nortriptyline_Tab 10mg,0403010V0AAADAD,1,-0.0029999999999996696
971,A85003,Nortriptyline_Tab 10mg,0403010V0AAADAD,1,-0.0029999999999996696
973,A86026,Nortriptyline_Tab 10mg,0403010V0AAADAD,1,-0.0029999999999996696
980,A85024,Nortriptyline_Tab 10mg,0403010V0AAADAD,1,-0.0029999999999996696
974,A85023,Nortriptyline_Tab 10mg,0403010V0AAADAD,1,-0.0029999999999996696
976,A85012,Nortriptyline_Tab 10mg,0403010V0AAADAD,1,-0.0029999999999996696
645,A86011,Atorvastatin_Tab 20mg,0212000B0AAABAB,1,-0.0029999999999998778
674,A86012,Atorvastatin_Tab 40mg,0212000B0AAACAC,1,-0.0029999999999998778
646,A86012,Atorvastatin_Tab 20mg,0212000B0AAABAB,1,-0.0029999999999998778
644,A85008,Atorvastatin_Tab 20mg,0212000B0AAABAB,1,-0.0029999999999998778
647,A85010,Atorvastatin_Tab 20mg,0212000B0AAABAB,1,-0.0030999999999998737
1047,A85019,Bumetanide_Tab 1mg,0202020D0AAAEAE,1,-0.0031999999999998696
1048,A86004,Bumetanide_Tab 1mg,0202020D0AAAEAE,2,-0.0035999999999998533
648,A85008,Atorvastatin_Tab 20mg,0212000B0AAABAB,1,-0.003999999999999976
481,A86025,Paracet_Tab 500mg,0407010H0AAAMAM,1,-0.003999999999999976
480,A86037,Paracet_Tab 500mg,0407010H0AAAMAM,1,-0.003999999999999976
478,A85005,Paracet_Tab 500mg,0407010H0AAAMAM,1,-0.003999999999999976
477,A86037,Paracet_Tab 500mg,0407010H0AAAMAM,1,-0.003999999999999976
476,A85005,Paracet_Tab 500mg,0407010H0AAAMAM,1,-0.003999999999999976
475,A86025,Paracet_Tab 500mg,0407010H0AAAMAM,1,-0.003999999999999976
474,A85011,Paracet_Tab 500mg,0407010H0AAAMAM,1,-0.003999999999999976
479,A85011,Paracet_Tab 500mg,0407010H0AAAMAM,1,-0.003999999999999976
675,A86011,Atorvastatin_Tab 40mg,0212000B0AAACAC,1,-0.004000000000000045
676,A85005,Atorvastatin_Tab 40mg,0212000B0AAACAC,1,-0.004199999999999995
486,A85003,Paracet_Tab 500mg,0407010H0AAAMAM,1,-0.004799999999999971
490,A85012,Paracet_Tab 500mg,0407010H0AAAMAM,1,-0.004799999999999971
484,A86026,Paracet_Tab 500mg,0407010H0AAAMAM,1,-0.004799999999999971
482,A85020,Paracet_Tab 500mg,0407010H0AAAMAM,1,-0.004799999999999971
493,A85014,Paracet_Tab 500mg,0407010H0AAAMAM,1,-0.004799999999999971
492,A85003,Paracet_Tab 500mg,0407010H0AAAMAM,1,-0.004799999999999971
491,A86040,Paracet_Tab 500mg,0407010H0AAAMAM,1,-0.004799999999999971
483,A85020,Paracet_Tab 500mg,0407010H0AAAMAM,1,-0.004799999999999971
489,A86040,Paracet_Tab 500mg,0407010H0AAAMAM,1,-0.004799999999999971
488,A86026,Paracet_Tab 500mg,0407010H0AAAMAM,1,-0.004799999999999971
487,A85012,Paracet_Tab 500mg,0407010H0AAAMAM,1,-0.004799999999999971
485,A85014,Paracet_Tab 500mg,0407010H0AAAMAM,1,-0.004799999999999971
495,A85021,Paracet_Tab 500mg,0407010H0AAAMAM,1,-0.004799999999999999
494,A85021,Paracet_Tab 500mg,0407010H0AAAMAM,1,-0.004799999999999999
986,A86011,Nortriptyline_Tab 10mg,0403010V0AAADAD,1,-0.005599999999999772
981,A86012,Nortriptyline_Tab 10mg,0403010V0AAADAD,1,-0.005599999999999772
982,A85611,Nortriptyline_Tab 10mg,0403010V0AAADAD,1,-0.005599999999999772
984,A86029,Nortriptyline_Tab 10mg,0403010V0AAADAD,1,-0.005599999999999772
983,A86018,Nortriptyline_Tab 10mg,0403010V0AAADAD,1,-0.005599999999999772
985,A85005,Nortriptyline_Tab 10mg,0403010V0AAADAD,1,-0.005599999999999772
987,A85013,Nortriptyline_Tab 10mg,0403010V0AAADAD,1,-0.005599999999999772
988,A85019,Nortriptyline_Tab 10mg,0403010V0AAADAD,1,-0.005599999999999772
989,A86033,Nortriptyline_Tab 10mg,0403010V0AAADAD,1,-0.005599999999999772
496,Y05648,Paracet_Tab 500mg,0407010H0AAAMAM,1,-0.005599999999999966
497,Y05648,Paracet_Tab 500mg,0407010H0AAAMAM,1,-0.005599999999999966
1049,A86025,Bumetanide_Tab 1mg,0202020D0AAAEAE,4,-0.005599999999999994
990,A85010,Nortriptyline_Tab 10mg,0403010V0AAADAD,2,-0.005999999999999339
991,A86003,Nortriptyline_Tab 10mg,0403010V0AAADAD,2,-0.005999999999999339
649,A85026,Atorvastatin_Tab 20mg,0212000B0AAABAB,2,-0.0059999999999997555
650,A86021,Atorvastatin_Tab 20mg,0212000B0AAABAB,2,-0.0059999999999997555
992,A86040,Nortriptyline_Tab 10mg,0403010V0AAADAD,3,-0.006299999999999306
501,A85617,Paracet_Tab 500mg,0407010H0AAAMAM,2,-0.007999999999999952
499,A85617,Paracet_Tab 500mg,0407010H0AAAMAM,2,-0.007999999999999952
500,A85024,Paracet_Tab 500mg,0407010H0AAAMAM,2,-0.007999999999999952
498,A85024,Paracet_Tab 500mg,0407010H0AAAMAM,2,-0.007999999999999952
993,A86027,Nortriptyline_Tab 10mg,0403010V0AAADAD,1,-0.008399999999999075
1005,A86011,Nortriptyline_Tab 10mg,0403010V0AAADAD,1,-0.008399999999999075
1004,A85005,Nortriptyline_Tab 10mg,0403010V0AAADAD,4,-0.008399999999999075
1003,A85016,Nortriptyline_Tab 10mg,0403010V0AAADAD,1,-0.008399999999999075
1002,A85616,Nortriptyline_Tab 10mg,0403010V0AAADAD,1,-0.008399999999999075
1001,A85001,Nortriptyline_Tab 10mg,0403010V0AAADAD,1,-0.008399999999999075
1000,A86008,Nortriptyline_Tab 10mg,0403010V0AAADAD,1,-0.008399999999999075
999,A86029,Nortriptyline_Tab 10mg,0403010V0AAADAD,1,-0.008399999999999075
998,A86015,Nortriptyline_Tab 10mg,0403010V0AAADAD,1,-0.008399999999999075
997,A86030,Nortriptyline_Tab 10mg,0403010V0AAADAD,1,-0.008399999999999075
996,A86025,Nortriptyline_Tab 10mg,0403010V0AAADAD,1,-0.008399999999999075
995,A86021,Nortriptyline_Tab 10mg,0403010V0AAADAD,1,-0.008399999999999075
994,A86040,Nortriptyline_Tab 10mg,0403010V0AAADAD,1,-0.008399999999999075
1006,A86037,Nortriptyline_Tab 10mg,0403010V0AAADAD,1,-0.008399999999999075
1051,A86030,Bumetanide_Tab 1mg,0202020D0AAAEAE,3,-0.00839999999999999
1050,A86011,Bumetanide_Tab 1mg,0202020D0AAAEAE,3,-0.00839999999999999
1053,A85011,Bumetanide_Tab 1mg,0202020D0AAAEAE,4,-0.008799999999999947
1052,A85001,Bumetanide_Tab 1mg,0202020D0AAAEAE,4,-0.008799999999999947
1008,A85013,Nortriptyline_Tab 10mg,0403010V0AAADAD,3,-0.008999999999999009
1007,A86028,Nortriptyline_Tab 10mg,0403010V0AAADAD,3,-0.008999999999999009
1054,A86029,Bumetanide_Tab 1mg,0202020D0AAAEAE,5,-0.008999999999999633
651,A85011,Atorvastatin_Tab 20mg,0212000B0AAABAB,3,-0.008999999999999633
1009,A85004,Nortriptyline_Tab 10mg,0403010V0AAADAD,2,-0.011199999999999544
1010,A86023,Nortriptyline_Tab 10mg,0403010V0AAADAD,2,-0.011199999999999544
1011,A86004,Nortriptyline_Tab 10mg,0403010V0AAADAD,2,-0.011199999999999544
1012,A86006,Nortriptyline_Tab 10mg,0403010V0AAADAD,2,-0.011199999999999544
1014,A86037,Nortriptyline_Tab 10mg,0403010V0AAADAD,2,-0.011199999999999544
1015,A86021,Nortriptyline_Tab 10mg,0403010V0AAADAD,2,-0.011199999999999544
1016,Y00184,Nortriptyline_Tab 10mg,0403010V0AAADAD,2,-0.011199999999999544
1013,A86038,Nortriptyline_Tab 10mg,0403010V0AAADAD,2,-0.011199999999999544
1055,A85010,Bumetanide_Tab 1mg,0202020D0AAAEAE,4,-0.011199999999999988
1056,Y02658,Bumetanide_Tab 1mg,0202020D0AAAEAE,4,-0.011199999999999988
944,A85004,Montelukast_Tab 10mg,0303020G0AAABAB,4,-0.01200000000000001
1017,A85008,Nortriptyline_Tab 10mg,0403010V0AAADAD,6,-0.012599999999998612
1018,A85023,Nortriptyline_Tab 10mg,0403010V0AAADAD,3,-0.012599999999998612
652,A86029,Atorvastatin_Tab 20mg,0212000B0AAABAB,5,-0.013999999999999985
1020,A86030,Nortriptyline_Tab 10mg,0403010V0AAADAD,4,-0.014000000000000012
1026,A85620,Nortriptyline_Tab 10mg,0403010V0AAADAD,4,-0.014000000000000012
1025,A85008,Nortriptyline_Tab 10mg,0403010V0AAADAD,4,-0.014000000000000012
1024,A85011,Nortriptyline_Tab 10mg,0403010V0AAADAD,4,-0.014000000000000012
1022,A86040,Nortriptyline_Tab 10mg,0403010V0AAADAD,4,-0.014000000000000012
1021,A86038,Nortriptyline_Tab 10mg,0403010V0AAADAD,4,-0.014000000000000012
1023,A85017,Nortriptyline_Tab 10mg,0403010V0AAADAD,4,-0.014000000000000012
1019,A86601,Nortriptyline_Tab 10mg,0403010V0AAADAD,4,-0.014000000000000012
1027,A86029,Nortriptyline_Tab 10mg,0403010V0AAADAD,4,-0.014399999999999413
1030,A85019,Nortriptyline_Tab 10mg,0403010V0AAADAD,2,-0.01679999999999815
1028,A85010,Nortriptyline_Tab 10mg,0403010V0AAADAD,2,-0.01679999999999815
1029,A86601,Nortriptyline_Tab 10mg,0403010V0AAADAD,2,-0.01679999999999815
1031,A85012,Nortriptyline_Tab 10mg,0403010V0AAADAD,3,-0.016799999999999315
503,Y04106,Paracet_Tab 500mg,0407010H0AAAMAM,3,-0.0167999999999999
502,Y04106,Paracet_Tab 500mg,0407010H0AAAMAM,3,-0.0167999999999999
677,A85004,Atorvastatin_Tab 40mg,0212000B0AAACAC,4,-0.01679999999999998
505,A86011,Paracet_Tab 500mg,0407010H0AAAMAM,5,-0.01999999999999988
504,A86011,Paracet_Tab 500mg,0407010H0AAAMAM,5,-0.01999999999999988
678,A86040,Atorvastatin_Tab 40mg,0212000B0AAACAC,5,-0.020999999999999977
1032,A86006,Nortriptyline_Tab 10mg,0403010V0AAADAD,6,-0.02100000000000002
1033,A85003,Nortriptyline_Tab 10mg,0403010V0AAADAD,4,-0.022399999999999087
1057,A86010,Bumetanide_Tab 1mg,0202020D0AAAEAE,8,-0.022399999999999975
679,A85004,Atorvastatin_Tab 40mg,0212000B0AAACAC,8,-0.022399999999999975
506,A86012,Paracet_Tab 500mg,0407010H0AAAMAM,6,-0.023999999999999855
507,A86012,Paracet_Tab 500mg,0407010H0AAAMAM,6,-0.023999999999999855
1034,A85617,Nortriptyline_Tab 10mg,0403010V0AAADAD,3,-0.025199999999997225
508,A86035,Paracet_Tab 500mg,0407010H0AAAMAM,5,-0.02799999999999983
509,A86035,Paracet_Tab 500mg,0407010H0AAAMAM,5,-0.02799999999999983
653,A86029,Atorvastatin_Tab 20mg,0212000B0AAABAB,20,-0.02799999999999997
680,A86029,Atorvastatin_Tab 40mg,0212000B0AAACAC,7,-0.029399999999999968
1035,A86030,Nortriptyline_Tab 10mg,0403010V0AAADAD,6,-0.03359999999999863
510,A85004,Paracet_Tab 500mg,0407010H0AAAMAM,7,-0.0335999999999998
511,A85004,Paracet_Tab 500mg,0407010H0AAAMAM,7,-0.0335999999999998
1036,A85016,Nortriptyline_Tab 10mg,0403010V0AAADAD,7,-0.0391999999999984
512,A85013,Paracet_Tab 500mg,0407010H0AAAMAM,8,-0.04479999999999973
513,A85013,Paracet_Tab 500mg,0407010H0AAAMAM,8,-0.04479999999999973
514,A86029,Paracet_Tab 500mg,0407010H0AAAMAM,20,-0.04799999999999999
515,A86029,Paracet_Tab 500mg,0407010H0AAAMAM,20,-0.04799999999999999
517,A86027,Paracet_Tab 500mg,0407010H0AAAMAM,9,-0.050399999999999695
516,A86027,Paracet_Tab 500mg,0407010H0AAAMAM,9,-0.050399999999999695
1037,A86030,Nortriptyline_Tab 10mg,0403010V0AAADAD,17,-0.05099999999999438
519,A86007,Paracet_Tab 500mg,0407010H0AAAMAM,18,-0.10079999999999939
518,A86007,Paracet_Tab 500mg,0407010H0AAAMAM,18,-0.10079999999999939
521,A85021,Paracet_Tab 500mg,0407010H0AAAMAM,22,-0.12319999999999925
520,A85021,Paracet_Tab 500mg,0407010H0AAAMAM,22,-0.12319999999999925
523,A86011,Paracet_Tab 500mg,0407010H0AAAMAM,29,-0.13919999999999996
522,A86011,Paracet_Tab 500mg,0407010H0AAAMAM,29,-0.13919999999999996
524,Y02658,Paracet_Tab 500mg,0407010H0AAAMAM,29,-0.16239999999999902
525,Y02658,Paracet_Tab 500mg,0407010H0AAAMAM,29,-0.16239999999999902
526,A86028,Paracet_Tab 500mg,0407010H0AAAMAM,30,-0.16799999999999898
527,A86028,Paracet_Tab 500mg,0407010H0AAAMAM,30,-0.16799999999999898
528,A86020,Paracet_Tab 500mg,0407010H0AAAMAM,31,-0.17359999999999895
529,A86020,Paracet_Tab 500mg,0407010H0AAAMAM,31,-0.17359999999999895
531,A85024,Paracet_Tab 500mg,0407010H0AAAMAM,33,-0.18479999999999888
530,A85024,Paracet_Tab 500mg,0407010H0AAAMAM,33,-0.18479999999999888
533,A85617,Paracet_Tab 500mg,0407010H0AAAMAM,47,-0.26319999999999844
532,A85617,Paracet_Tab 500mg,0407010H0AAAMAM,47,-0.26319999999999844
535,A85620,Paracet_Tab 500mg,0407010H0AAAMAM,48,-0.2687999999999984
534,A85620,Paracet_Tab 500mg,0407010H0AAAMAM,48,-0.2687999999999984
536,A85002,Paracet_Tab 500mg,0407010H0AAAMAM,56,-0.3135999999999981
537,A85614,Paracet_Tab 500mg,0407010H0AAAMAM,56,-0.3135999999999981
538,A85002,Paracet_Tab 500mg,0407010H0AAAMAM,56,-0.3135999999999981
539,A85614,Paracet_Tab 500mg,0407010H0AAAMAM,56,-0.3135999999999981
540,A86030,Paracet_Tab 500mg,0407010H0AAAMAM,13,-0.3457999999999998
541,A86030,Paracet_Tab 500mg,0407010H0AAAMAM,13,-0.3457999999999998
543,Y00184,Paracet_Tab 500mg,0407010H0AAAMAM,75,-0.4199999999999975
542,Y00184,Paracet_Tab 500mg,0407010H0AAAMAM,75,-0.4199999999999975
544,A86012,Paracet_Tab 500mg,0407010H0AAAMAM,77,-0.43119999999999736
545,A86012,Paracet_Tab 500mg,0407010H0AAAMAM,77,-0.43119999999999736
546,A85616,Paracet_Tab 500mg,0407010H0AAAMAM,79,-0.44239999999999735
547,A85616,Paracet_Tab 500mg,0407010H0AAAMAM,79,-0.44239999999999735
548,A85023,Paracet_Tab 500mg,0407010H0AAAMAM,81,-0.4535999999999972
549,A85023,Paracet_Tab 500mg,0407010H0AAAMAM,81,-0.4535999999999972
550,A85026,Paracet_Tab 500mg,0407010H0AAAMAM,83,-0.4647999999999972
551,A85026,Paracet_Tab 500mg,0407010H0AAAMAM,83,-0.4647999999999972
553,A85003,Paracet_Tab 500mg,0407010H0AAAMAM,96,-0.5375999999999967
552,A85003,Paracet_Tab 500mg,0407010H0AAAMAM,96,-0.5375999999999967
554,A86022,Paracet_Tab 500mg,0407010H0AAAMAM,107,-0.5991999999999964
555,A86022,Paracet_Tab 500mg,0407010H0AAAMAM,107,-0.5991999999999964
556,A86033,Paracet_Tab 500mg,0407010H0AAAMAM,109,-0.6103999999999963
557,A86033,Paracet_Tab 500mg,0407010H0AAAMAM,109,-0.6103999999999963
558,A86031,Paracet_Tab 500mg,0407010H0AAAMAM,112,-0.6271999999999962
559,A86031,Paracet_Tab 500mg,0407010H0AAAMAM,112,-0.6271999999999962
560,A86038,Paracet_Tab 500mg,0407010H0AAAMAM,114,-0.6383999999999961
561,A86038,Paracet_Tab 500mg,0407010H0AAAMAM,114,-0.6383999999999961
562,A85009,Paracet_Tab 500mg,0407010H0AAAMAM,116,-0.6495999999999961
563,A85009,Paracet_Tab 500mg,0407010H0AAAMAM,116,-0.6495999999999961
564,A85018,Paracet_Tab 500mg,0407010H0AAAMAM,121,-0.6775999999999959
565,A85018,Paracet_Tab 500mg,0407010H0AAAMAM,121,-0.6775999999999959
566,A85010,Paracet_Tab 500mg,0407010H0AAAMAM,123,-0.6887999999999959
567,A85010,Paracet_Tab 500mg,0407010H0AAAMAM,123,-0.6887999999999959
569,A85014,Paracet_Tab 500mg,0407010H0AAAMAM,125,-0.6999999999999957
568,A85014,Paracet_Tab 500mg,0407010H0AAAMAM,125,-0.6999999999999957
570,A86037,Paracet_Tab 500mg,0407010H0AAAMAM,9,-0.7055999999999992
571,A86037,Paracet_Tab 500mg,0407010H0AAAMAM,9,-0.7055999999999992
573,A85001,Paracet_Tab 500mg,0407010H0AAAMAM,130,-0.7279999999999955
574,A85001,Paracet_Tab 500mg,0407010H0AAAMAM,130,-0.7279999999999955
575,A85007,Paracet_Tab 500mg,0407010H0AAAMAM,130,-0.7279999999999955
572,A85007,Paracet_Tab 500mg,0407010H0AAAMAM,130,-0.7279999999999955
577,A85017,Paracet_Tab 500mg,0407010H0AAAMAM,137,-0.7671999999999953
576,A85017,Paracet_Tab 500mg,0407010H0AAAMAM,137,-0.7671999999999953
1058,A86004,Bumetanide_Tab 1mg,0202020D0AAAEAE,2,-0.7727999999999999
579,A86037,Paracet_Tab 500mg,0407010H0AAAMAM,45,-0.8999999999999946
578,A86037,Paracet_Tab 500mg,0407010H0AAAMAM,45,-0.8999999999999946
581,A86008,Paracet_Tab 500mg,0407010H0AAAMAM,161,-0.9015999999999945
580,A86008,Paracet_Tab 500mg,0407010H0AAAMAM,161,-0.9015999999999945
583,A86601,Paracet_Tab 500mg,0407010H0AAAMAM,177,-0.991199999999994
582,A86601,Paracet_Tab 500mg,0407010H0AAAMAM,177,-0.991199999999994
585,A86006,Paracet_Tab 500mg,0407010H0AAAMAM,26,-1.0399999999999938
584,A86006,Paracet_Tab 500mg,0407010H0AAAMAM,26,-1.0399999999999938
587,A85012,Paracet_Tab 500mg,0407010H0AAAMAM,190,-1.0639999999999936
586,A85012,Paracet_Tab 500mg,0407010H0AAAMAM,190,-1.0639999999999936
589,A85006,Paracet_Tab 500mg,0407010H0AAAMAM,200,-1.1199999999999932
588,A85006,Paracet_Tab 500mg,0407010H0AAAMAM,200,-1.1199999999999932
590,A86013,Paracet_Tab 500mg,0407010H0AAAMAM,207,-1.159199999999993
591,A86013,Paracet_Tab 500mg,0407010H0AAAMAM,207,-1.159199999999993
592,A85611,Paracet_Tab 500mg,0407010H0AAAMAM,212,-1.1871999999999927
593,A85611,Paracet_Tab 500mg,0407010H0AAAMAM,212,-1.1871999999999927
594,A86038,Paracet_Tab 500mg,0407010H0AAAMAM,124,-1.2399999999999924
595,A86038,Paracet_Tab 500mg,0407010H0AAAMAM,124,-1.2399999999999924
597,A86017,Paracet_Tab 500mg,0407010H0AAAMAM,251,-1.4055999999999915
596,A86017,Paracet_Tab 500mg,0407010H0AAAMAM,251,-1.4055999999999915
599,A86015,Paracet_Tab 500mg,0407010H0AAAMAM,69,-1.5455999999999974
598,A86015,Paracet_Tab 500mg,0407010H0AAAMAM,69,-1.5455999999999974
601,A85005,Paracet_Tab 500mg,0407010H0AAAMAM,324,-1.814399999999989
600,A85005,Paracet_Tab 500mg,0407010H0AAAMAM,324,-1.814399999999989
602,A85011,Paracet_Tab 500mg,0407010H0AAAMAM,349,-1.9543999999999881
603,A85011,Paracet_Tab 500mg,0407010H0AAAMAM,349,-1.9543999999999881
604,A86021,Paracet_Tab 500mg,0407010H0AAAMAM,362,-2.0271999999999877
605,A86021,Paracet_Tab 500mg,0407010H0AAAMAM,362,-2.0271999999999877
606,A86010,Paracet_Tab 500mg,0407010H0AAAMAM,194,-2.1727999999999867
607,A86010,Paracet_Tab 500mg,0407010H0AAAMAM,194,-2.1727999999999867
608,A86025,Paracet_Tab 500mg,0407010H0AAAMAM,422,-2.3631999999999858
609,A86025,Paracet_Tab 500mg,0407010H0AAAMAM,422,-2.3631999999999858
610,A85008,Paracet_Tab 500mg,0407010H0AAAMAM,487,-2.7271999999999834
611,A85008,Paracet_Tab 500mg,0407010H0AAAMAM,487,-2.7271999999999834
612,A86003,Paracet_Tab 500mg,0407010H0AAAMAM,502,-2.811199999999983
613,A86003,Paracet_Tab 500mg,0407010H0AAAMAM,502,-2.811199999999983
1066,A86013,Mesalazine_Tab E/C 400mg,0105010B0AAAAAA,1,-17.112
1067,A85020,Mesalazine_Tab E/C 400mg,0105010B0AAAAAA,2,-47.913599999999995
