,practice_code,bnf_description,bnf_code,items,excess_cost
0,A82003,Amiodarone HCl_Tab 200mg,0203020D0AAABAB,5,2.100000000000002
1,A82003,Clonazepam_Tab 500mcg,0408010F0AAABAB,17,4.9697999999999904
2,A82003,Lamotrigine_Tab 200mg,0408010H0AAA1A1,3,0.0
3,A82003,Mesalazine_Tab E/C 800mg,0105010B0AAASAS,1,11.479999999999997
4,A82003,Propranolol HCl_Tab 10mg,0204000R0AAAHAH,24,0.0
5,A82003,Pyridox HCl_Tab 50mg,0906024N0AAAIAI,1,0.4788000000000001
6,A82005,Amiodarone HCl_Tab 200mg,0203020D0AAABAB,2,0.7000000000000006
7,A82005,Clonazepam_Tab 500mcg,0408010F0AAABAB,8,3.954999999999992
8,A82005,Lamotrigine_Tab 200mg,0408010H0AAA1A1,5,0.0
9,A82005,Mesalazine_Tab E/C 400mg,0105010B0AAAAAA,1,47.913599999999995
10,A82005,Propranolol HCl_Tab 10mg,0204000R0AAAHAH,27,0.0
11,A82007,Amiodarone HCl_Tab 200mg,0203020D0AAABAB,3,1.050000000000001
12,A82007,Clonazepam_Tab 500mcg,0408010F0AAABAB,48,16.55309999999997
13,A82007,Lamotrigine_Tab 200mg,0408010H0AAA1A1,6,0.0
14,A82007,Mesalazine_Tab E/C 400mg,0105010B0AAAAAA,2,31.942399999999996
15,A82007,Mesalazine_Tab E/C 800mg,0105010B0AAASAS,3,16.007999999999992
16,A82007,Propranolol HCl_Tab 10mg,0204000R0AAAHAH,44,0.0
17,A82007,Pyridox HCl_Tab 50mg,0906024N0AAAIAI,3,4.309200000000001
18,A82007,Tetrabenazine_Tab 25mg,0409030C0AAAAAA,1,1.9991999999999974
19,A82008,Amiodarone HCl_Tab 200mg,0203020D0AAABAB,3,1.050000000000001
20,A82008,Clonazepam_Tab 500mcg,0408010F0AAABAB,21,10.734999999999976
21,A82008,Lamotrigine_Tab 200mg,0408010H0AAA1A1,3,0.011199999999998766
22,A82008,Mesalazine_Tab E/C 400mg,0105010B0AAAAAA,6,167.69759999999997
23,A82008,Propranolol HCl_Tab 10mg,0204000R0AAAHAH,66,0.0
24,A82008,Pyridox HCl_Tab 50mg,0906024N0AAAIAI,1,0.4788000000000001
25,A82009,Amiodarone HCl_Tab 200mg,0203020D0AAABAB,8,2.629200000000002
26,A82009,Clonazepam_Tab 500mcg,0408010F0AAABAB,20,9.49199999999998
27,A82009,Lamotrigine_Tab 200mg,0408010H0AAA1A1,8,0.0
28,A82009,Mesalazine_Tab E/C 400mg,0105010B0AAAAAA,10,170.19239999999996
29,A82009,Mesalazine_Tab E/C 800mg,0105010B0AAASAS,1,17.219999999999995
30,A82009,Propranolol HCl_Tab 10mg,0204000R0AAAHAH,36,0.0020000000000000573
31,A82009,Pyridox HCl_Tab 50mg,0906024N0AAAIAI,1,0.4788000000000001
32,A82009,Topiramate_Tab 200mg,040801050AAACAC,2,4.636799999999999
33,A82010,Amiodarone HCl_Tab 200mg,0203020D0AAABAB,1,0.13750000000000012
34,A82010,Clonazepam_Tab 500mcg,0408010F0AAABAB,12,4.429599999999991
35,A82010,Lamotrigine_Tab 200mg,0408010H0AAA1A1,5,0.022399999999997533
36,A82010,Mesalazine_Tab E/C 400mg,0105010B0AAAAAA,1,23.956799999999998
37,A82010,Mesalazine_Tab E/C 800mg,0105010B0AAASAS,2,-5.739999999999998
38,A82010,Propranolol HCl_Tab 10mg,0204000R0AAAHAH,27,0.0
39,A82010,Tetrabenazine_Tab 25mg,0409030C0AAAAAA,2,17.992799999999978
40,A82025,Amiodarone HCl_Tab 200mg,0203020D0AAABAB,3,1.050000000000001
41,A82025,Clonazepam_Tab 500mcg,0408010F0AAABAB,20,7.457999999999984
42,A82025,Lamotrigine_Tab 200mg,0408010H0AAA1A1,8,0.0
43,A82025,Mesalazine_Tab E/C 400mg,0105010B0AAAAAA,1,-17.112
44,A82025,Propranolol HCl_Tab 10mg,0204000R0AAAHAH,31,0.0
45,A82025,Pyridox HCl_Tab 50mg,0906024N0AAAIAI,2,2.8728000000000007
46,A82026,Amiodarone HCl_Tab 200mg,0203020D0AAABAB,5,1.7500000000000016
47,A82026,Clonazepam_Tab 500mcg,0408010F0AAABAB,16,8.000399999999983
48,A82026,Lamotrigine_Tab 200mg,0408010H0AAA1A1,14,0.0
49,A82026,Mesalazine_Tab E/C 400mg,0105010B0AAAAAA,2,-3.992799999999999
50,A82026,Propranolol HCl_Tab 10mg,0204000R0AAAHAH,39,0.0
51,A82026,Tetrabenazine_Tab 25mg,0409030C0AAAAAA,1,1.499399999999998
52,A82027,Amiodarone HCl_Tab 200mg,0203020D0AAABAB,7,2.8000000000000025
53,A82027,Clonazepam_Tab 500mcg,0408010F0AAABAB,8,3.819399999999992
54,A82027,Gemfibrozil_Tab 600mg,0212000Q0AAABAB,1,7.571199999999999
55,A82027,Lamotrigine_Tab 200mg,0408010H0AAA1A1,10,0.0
56,A82027,Propranolol HCl_Tab 10mg,0204000R0AAAHAH,35,0.0
57,A82027,Tetrabenazine_Tab 25mg,0409030C0AAAAAA,2,3.4985999999999953
58,A82027,Topiramate_Tab 200mg,040801050AAACAC,3,6.955199999999999
59,A82030,Amiodarone HCl_Tab 200mg,0203020D0AAABAB,5,1.7500000000000016
60,A82030,Clonazepam_Tab 500mcg,0408010F0AAABAB,5,3.3673999999999933
61,A82030,Lamotrigine_Tab 200mg,0408010H0AAA1A1,6,0.022399999999997533
62,A82030,Propranolol HCl_Tab 10mg,0204000R0AAAHAH,13,-0.004000000000000115
63,A82033,Amiodarone HCl_Tab 200mg,0203020D0AAABAB,4,2.362500000000002
64,A82033,Clonazepam_Tab 500mcg,0408010F0AAABAB,25,7.774399999999983
65,A82033,Lamotrigine_Tab 200mg,0408010H0AAA1A1,5,0.0
66,A82033,Mesalazine_Tab E/C 400mg,0105010B0AAAAAA,15,15.434400000000004
67,A82033,Mesalazine_Tab E/C 800mg,0105010B0AAASAS,2,-56.579999999999984
68,A82033,Propranolol HCl_Tab 10mg,0204000R0AAAHAH,33,0.006000000000000172
69,A82033,Tetrabenazine_Tab 25mg,0409030C0AAAAAA,3,5.997599999999992
70,A82034,Amiodarone HCl_Tab 200mg,0203020D0AAABAB,3,1.050000000000001
71,A82034,Clonazepam_Tab 500mcg,0408010F0AAABAB,9,6.508799999999987
72,A82034,Lamotrigine_Tab 200mg,0408010H0AAA1A1,3,0.0
73,A82034,Mesalazine_Tab E/C 400mg,0105010B0AAAAAA,1,-23.956799999999998
74,A82034,Propranolol HCl_Tab 10mg,0204000R0AAAHAH,19,8.332799999999995
75,A82034,Pyridox HCl_Tab 50mg,0906024N0AAAIAI,1,3.830400000000001
76,A82039,Amiodarone HCl_Tab 200mg,0203020D0AAABAB,3,1.050000000000001
77,A82039,Clonazepam_Tab 500mcg,0408010F0AAABAB,6,9.265999999999982
78,A82039,Lamotrigine_Tab 200mg,0408010H0AAA1A1,4,0.008399999999999075
79,A82039,Mesalazine_Tab E/C 400mg,0105010B0AAAAAA,4,7.415199999999999
80,A82039,Mesalazine_Tab E/C 800mg,0105010B0AAASAS,4,35.68799999999999
81,A82039,Propranolol HCl_Tab 10mg,0204000R0AAAHAH,27,-0.0027000000000000773
82,A82046,Amiodarone HCl_Tab 200mg,0203020D0AAABAB,7,2.450000000000002
83,A82046,Clonazepam_Tab 500mcg,0408010F0AAABAB,3,3.1639999999999935
84,A82046,Lamotrigine_Tab 200mg,0408010H0AAA1A1,2,0.0
85,A82046,Mesalazine_Tab E/C 400mg,0105010B0AAAAAA,2,39.928
86,A82046,Propranolol HCl_Tab 10mg,0204000R0AAAHAH,8,0.0
87,A82053,Amiodarone HCl_Tab 200mg,0203020D0AAABAB,6,2.100000000000002
88,A82053,Clonazepam_Tab 500mcg,0408010F0AAABAB,7,3.977599999999992
89,A82053,Lamotrigine_Tab 200mg,0408010H0AAA1A1,4,0.0
90,A82053,Mesalazine_Tab E/C 800mg,0105010B0AAASAS,2,34.43999999999999
91,A82053,Propranolol HCl_Tab 10mg,0204000R0AAAHAH,17,0.0
92,A82062,Amiodarone HCl_Tab 200mg,0203020D0AAABAB,2,1.050000000000001
93,A82062,Clonazepam_Tab 500mcg,0408010F0AAABAB,9,2.6102999999999947
94,A82062,Lamotrigine_Tab 200mg,0408010H0AAA1A1,2,0.0
95,A82062,Mesalazine_Tab E/C 800mg,0105010B0AAASAS,6,22.116
96,A82062,Propranolol HCl_Tab 10mg,0204000R0AAAHAH,16,0.0
97,A82065,Clonazepam_Tab 500mcg,0408010F0AAABAB,4,2.2373999999999956
98,A82065,Lamotrigine_Tab 200mg,0408010H0AAA1A1,2,0.0
99,A82065,Propranolol HCl_Tab 10mg,0204000R0AAAHAH,9,-0.008000000000000104
100,A82068,Amiodarone HCl_Tab 200mg,0203020D0AAABAB,1,0.3500000000000003
101,A82068,Clonazepam_Tab 500mcg,0408010F0AAABAB,5,4.293999999999992
102,A82068,Lamotrigine_Tab 200mg,0408010H0AAA1A1,5,57.0248
103,A82068,Propranolol HCl_Tab 10mg,0204000R0AAAHAH,8,0.0
104,A82070,Amiodarone HCl_Tab 200mg,0203020D0AAABAB,4,1.4000000000000012
105,A82070,Clonazepam_Tab 500mcg,0408010F0AAABAB,1,0.31639999999999935
106,A82070,Lamotrigine_Tab 200mg,0408010H0AAA1A1,1,0.0
107,A82070,Mesalazine_Tab E/C 400mg,0105010B0AAAAAA,2,43.92079999999999
108,A82070,Propranolol HCl_Tab 10mg,0204000R0AAAHAH,16,0.0
109,A82071,Amiodarone HCl_Tab 200mg,0203020D0AAABAB,7,2.450000000000002
110,A82071,Clonazepam_Tab 500mcg,0408010F0AAABAB,6,1.423799999999997
111,A82071,Lamotrigine_Tab 200mg,0408010H0AAA1A1,2,0.0
112,A82071,Mesalazine_Tab E/C 400mg,0105010B0AAAAAA,6,58.13279999999999
113,A82071,Propranolol HCl_Tab 10mg,0204000R0AAAHAH,24,0.0
114,A82071,Tetrabenazine_Tab 25mg,0409030C0AAAAAA,1,1.9991999999999974
115,A82071,Topiramate_Tab 200mg,040801050AAACAC,2,4.636799999999999
116,A82072,Amiodarone HCl_Tab 200mg,0203020D0AAABAB,3,1.050000000000001
117,A82072,Clonazepam_Tab 500mcg,0408010F0AAABAB,24,8.859199999999982
118,A82072,Lamotrigine_Tab 200mg,0408010H0AAA1A1,7,0.011199999999998766
119,A82072,Mesalazine_Tab E/C 400mg,0105010B0AAAAAA,3,31.9424
120,A82072,Propranolol HCl_Tab 10mg,0204000R0AAAHAH,16,0.0
121,A82072,Pyridox HCl_Tab 50mg,0906024N0AAAIAI,1,0.4788000000000001
122,A82077,Amiodarone HCl_Tab 200mg,0203020D0AAABAB,1,0.3500000000000003
123,A82077,Clonazepam_Tab 500mcg,0408010F0AAABAB,11,3.5255999999999927
124,A82077,Lamotrigine_Tab 200mg,0408010H0AAA1A1,4,0.0
125,A82077,Propranolol HCl_Tab 10mg,0204000R0AAAHAH,31,0.0
126,A82077,Pyridox HCl_Tab 50mg,0906024N0AAAIAI,8,13.030200000000002
127,A82077,Tetrabenazine_Tab 25mg,0409030C0AAAAAA,1,0.9995999999999987
128,A82608,Clonazepam_Tab 500mcg,0408010F0AAABAB,2,0.949199999999998
129,A82608,Propranolol HCl_Tab 10mg,0204000R0AAAHAH,5,0.0
130,A82608,Pyridox HCl_Tab 50mg,0906024N0AAAIAI,1,0.4788000000000001
131,A82613,Clonazepam_Tab 500mcg,0408010F0AAABAB,1,0.15819999999999967
132,A82613,Propranolol HCl_Tab 10mg,0204000R0AAAHAH,4,0.0
133,A82621,Amiodarone HCl_Tab 200mg,0203020D0AAABAB,2,1.050000000000001
134,A82621,Lamotrigine_Tab 200mg,0408010H0AAA1A1,2,0.0
135,A82621,Propranolol HCl_Tab 10mg,0204000R0AAAHAH,8,65.0048
136,A82621,Tetrabenazine_Tab 25mg,0409030C0AAAAAA,2,2.498999999999997
137,A82629,Clonazepam_Tab 500mcg,0408010F0AAABAB,13,5.164099999999989
138,A82629,Lamotrigine_Tab 200mg,0408010H0AAA1A1,7,0.03919999999999568
139,A82629,Mesalazine_Tab E/C 400mg,0105010B0AAAAAA,1,11.978399999999999
140,A82629,Propranolol HCl_Tab 10mg,0204000R0AAAHAH,17,0.0
141,A82647,Amiodarone HCl_Tab 200mg,0203020D0AAABAB,1,0.3500000000000003
142,A82647,Clonazepam_Tab 500mcg,0408010F0AAABAB,1,0.6327999999999987
143,A82647,Lamotrigine_Tab 200mg,0408010H0AAA1A1,2,0.0
144,A82647,Mesalazine_Tab E/C 400mg,0105010B0AAAAAA,1,11.978399999999999
145,A82647,Propranolol HCl_Tab 10mg,0204000R0AAAHAH,9,0.0
146,A82647,Pyridox HCl_Tab 50mg,0906024N0AAAIAI,1,0.4788000000000001
147,A82650,Amiodarone HCl_Tab 200mg,0203020D0AAABAB,1,0.3500000000000003
148,A82650,Clonazepam_Tab 500mcg,0408010F0AAABAB,2,0.6327999999999987
149,A82650,Lamotrigine_Tab 200mg,0408010H0AAA1A1,1,0.0
150,A82650,Propranolol HCl_Tab 10mg,0204000R0AAAHAH,11,0.0
151,A82651,Clonazepam_Tab 500mcg,0408010F0AAABAB,5,1.5191999999999963
152,A82651,Lamotrigine_Tab 200mg,0408010H0AAA1A1,2,0.0
153,A82651,Propranolol HCl_Tab 10mg,0204000R0AAAHAH,3,0.0
154,A82651,Pyridox HCl_Tab 50mg,0906024N0AAAIAI,1,0.4788000000000001
155,B82061,Amiodarone HCl_Tab 200mg,0203020D0AAABAB,9,1.8235000000000012
156,B82061,Clonazepam_Tab 500mcg,0408010F0AAABAB,6,5.141499999999989
157,B82061,Lamotrigine_Tab 200mg,0408010H0AAA1A1,1,0.0
158,B82061,Propranolol HCl_Tab 10mg,0204000R0AAAHAH,18,0.0
159,B82061,Tetrabenazine_Tab 25mg,0409030C0AAAAAA,1,0.9995999999999987
160,B82061,Topiramate_Tab 200mg,040801050AAACAC,1,2.3183999999999996
161,P81002,Amiodarone HCl_Tab 200mg,0203020D0AAABAB,13,5.250000000000004
162,P81002,Clonazepam_Tab 500mcg,0408010F0AAABAB,50,25.373899999999942
163,P81002,Gemfibrozil_Tab 600mg,0212000Q0AAABAB,2,3.7967999999999984
164,P81002,Lamotrigine_Tab 200mg,0408010H0AAA1A1,16,0.022399999999997533
165,P81002,Mesalazine_Tab E/C 400mg,0105010B0AAAAAA,1,51.33599999999999
166,P81002,Mesalazine_Tab E/C 800mg,0105010B0AAASAS,1,34.43999999999999
167,P81002,Propranolol HCl_Tab 10mg,0204000R0AAAHAH,132,0.0
168,P81002,Pyridox HCl_Tab 50mg,0906024N0AAAIAI,9,3.112200000000001
169,P81002,Tetrabenazine_Tab 25mg,0409030C0AAAAAA,1,1.9991999999999974
170,P81002,Topiramate_Tab 200mg,040801050AAACAC,2,3.654799999999998
171,P81013,Amiodarone HCl_Tab 200mg,0203020D0AAABAB,4,1.7500000000000016
172,P81013,Clonazepam_Tab 500mcg,0408010F0AAABAB,16,9.830999999999978
173,P81013,Gemfibrozil_Tab 600mg,0212000Q0AAABAB,2,15.683199999999998
174,P81013,Lamotrigine_Tab 200mg,0408010H0AAA1A1,9,0.0
175,P81013,Propranolol HCl_Tab 10mg,0204000R0AAAHAH,75,0.0
176,P81029,Amiodarone HCl_Tab 200mg,0203020D0AAABAB,13,3.866800000000003
177,P81029,Clonazepam_Tab 500mcg,0408010F0AAABAB,26,13.013599999999974
178,P81029,Gemfibrozil_Tab 600mg,0212000Q0AAABAB,1,7.571199999999999
179,P81029,Lamotrigine_Tab 200mg,0408010H0AAA1A1,9,0.03639999999999599
180,P81029,Mesalazine_Tab E/C 400mg,0105010B0AAAAAA,3,-77.00399999999999
181,P81029,Propranolol HCl_Tab 10mg,0204000R0AAAHAH,57,0.0
182,P81029,Topiramate_Tab 200mg,040801050AAACAC,1,2.489999999999999
183,P81113,Amiodarone HCl_Tab 200mg,0203020D0AAABAB,1,0.3500000000000003
184,P81113,Clonazepam_Tab 500mcg,0408010F0AAABAB,8,3.954999999999992
185,P81113,Propranolol HCl_Tab 10mg,0204000R0AAAHAH,14,0.0
186,Y01008,Amiodarone HCl_Tab 200mg,0203020D0AAABAB,17,6.212500000000006
187,Y01008,Clonazepam_Tab 500mcg,0408010F0AAABAB,57,26.64539999999994
188,Y01008,Gemfibrozil_Tab 600mg,0212000Q0AAABAB,4,30.284799999999997
189,Y01008,Lamotrigine_Tab 200mg,0408010H0AAA1A1,35,0.056799999999993744
190,Y01008,Mesalazine_Tab E/C 400mg,0105010B0AAAAAA,3,-31.931199999999997
191,Y01008,Mesalazine_Tab E/C 800mg,0105010B0AAASAS,1,-22.959999999999994
192,Y01008,Propranolol HCl_Tab 10mg,0204000R0AAAHAH,197,0.002200000000000063
193,Y01008,Pyridox HCl_Tab 50mg,0906024N0AAAIAI,8,3.614000000000002
194,Y01008,Tetrabenazine_Tab 25mg,0409030C0AAAAAA,4,8.49659999999999
195,Y01008,Topiramate_Tab 200mg,040801050AAACAC,3,7.126799999999998
196,Y03017,Propranolol HCl_Tab 10mg,0204000R0AAAHAH,1,0.0
