,practice_code,bnf_description,bnf_code,items,excess_cost
554,M88004,Aripiprazole_Tab 10mg,0402010ADAAAAAA,2,523.3872
0,M88041,Atorvastatin_Tab 40mg,0212000B0AAACAC,80,400.51200000000006
1,M88010,Atorvastatin_Tab 40mg,0212000B0AAACAC,156,356.42879999999997
32,M88004,Atorvastatin_Tab 20mg,0212000B0AAABAB,958,270.92240000000015
684,M88035,Pregabalin_Cap 75mg,0408010AEAAACAC,2,226.88960000000003
711,M88626,Paracet_Tab Solb 500mg,0407010H0AAAQAQ,2,193.93439999999998
712,M88626,Paracet_Tab Solb 500mg,0407010H0AAAQAQ,2,193.93439999999998
556,M88035,Aripiprazole_Tab 10mg,0402010ADAAAAAA,1,174.4624
555,M88612,Aripiprazole_Tab 10mg,0402010ADAAAAAA,4,174.4624
813,M88619,Atorvastatin_Tab 80mg,0212000B0AAADAD,28,148.80320000000003
33,M88014,Atorvastatin_Tab 20mg,0212000B0AAABAB,88,135.52
2,M88619,Atorvastatin_Tab 40mg,0212000B0AAACAC,68,133.6608
574,M88626,Quetiapine_Tab 25mg,0402010ABAAABAB,1,131.25599999999997
575,M88036,Quetiapine_Tab 25mg,0402010ABAAABAB,2,122.50559999999999
685,M88004,Pregabalin_Cap 75mg,0408010AEAAACAC,34,116.71519999999998
686,M88612,Pregabalin_Cap 75mg,0408010AEAAACAC,5,113.456
687,M88627,Pregabalin_Cap 75mg,0408010AEAAACAC,1,113.44480000000001
3,M88619,Atorvastatin_Tab 40mg,0212000B0AAACAC,101,111.4232
74,M88004,Paracet_Tab 500mg,0407010H0AAAMAM,319,102.08000000000004
75,M88004,Paracet_Tab 500mg,0407010H0AAAMAM,319,102.08000000000004
814,M88619,Atorvastatin_Tab 80mg,0212000B0AAADAD,41,99.1872
576,M88035,Quetiapine_Tab 25mg,0402010ABAAABAB,1,91.8792
577,M88042,Quetiapine_Tab 25mg,0402010ABAAABAB,2,91.8792
34,M88008,Atorvastatin_Tab 20mg,0212000B0AAABAB,98,90.00320000000002
4,M88041,Atorvastatin_Tab 40mg,0212000B0AAACAC,1,89.0064
557,M87013,Aripiprazole_Tab 10mg,0402010ADAAAAAA,4,87.2368
558,M88010,Aripiprazole_Tab 10mg,0402010ADAAAAAA,5,87.234
860,M88043,Clopidogrel_Tab 75mg,0209000C0AAAAAA,1,86.61240000000001
76,M88004,Paracet_Tab 500mg,0407010H0AAAMAM,260,75.71199999999995
77,M88004,Paracet_Tab 500mg,0407010H0AAAMAM,260,75.71199999999995
815,M88640,Atorvastatin_Tab 80mg,0212000B0AAADAD,2,74.424
35,M88618,Atorvastatin_Tab 20mg,0212000B0AAABAB,1,68.3995
36,M88619,Atorvastatin_Tab 20mg,0212000B0AAABAB,62,67.70400000000001
37,M88014,Atorvastatin_Tab 20mg,0212000B0AAABAB,10,67.62
5,M88026,Atorvastatin_Tab 40mg,0212000B0AAACAC,41,66.8136
578,M88015,Quetiapine_Tab 25mg,0402010ABAAABAB,1,65.62799999999999
79,M88643,Paracet_Tab 500mg,0407010H0AAAMAM,157,64.36999999999999
78,M88643,Paracet_Tab 500mg,0407010H0AAAMAM,157,64.36999999999999
927,M88616,Ferr Sulf_Tab 200mg,0901011P0AAACAC,40,63.16799999999999
80,M88004,Paracet_Tab 500mg,0407010H0AAAMAM,616,61.60000000000005
81,M88004,Paracet_Tab 500mg,0407010H0AAAMAM,616,61.60000000000005
861,M88619,Clopidogrel_Tab 75mg,0209000C0AAAAAA,57,61.28639999999999
579,M88041,Quetiapine_Tab 25mg,0402010ABAAABAB,4,61.241600000000005
688,M88627,Pregabalin_Cap 75mg,0408010AEAAACAC,4,56.7392
816,M88042,Atorvastatin_Tab 80mg,0212000B0AAADAD,6,49.6272
817,M88041,Atorvastatin_Tab 80mg,0212000B0AAADAD,14,49.627199999999995
580,M88628,Quetiapine_Tab 25mg,0402010ABAAABAB,1,45.9396
38,M88018,Atorvastatin_Tab 20mg,0212000B0AAABAB,254,45.51680000000002
39,M88018,Atorvastatin_Tab 20mg,0212000B0AAABAB,169,45.427199999999985
40,M88043,Atorvastatin_Tab 20mg,0212000B0AAABAB,100,45.360000000000014
6,M88616,Atorvastatin_Tab 40mg,0212000B0AAACAC,151,45.2396
41,M88004,Atorvastatin_Tab 20mg,0212000B0AAABAB,252,45.15840000000002
44,M88015,Atorvastatin_Tab 20mg,0212000B0AAABAB,24,45.15840000000001
43,M88639,Atorvastatin_Tab 20mg,0212000B0AAABAB,84,45.15840000000001
42,M88616,Atorvastatin_Tab 20mg,0212000B0AAABAB,42,45.15840000000001
45,M88628,Atorvastatin_Tab 20mg,0212000B0AAABAB,29,45.147200000000005
46,M88616,Atorvastatin_Tab 20mg,0212000B0AAABAB,260,45.13600000000003
47,Y02704,Atorvastatin_Tab 20mg,0212000B0AAABAB,20,45.136
48,M88024,Atorvastatin_Tab 20mg,0212000B0AAABAB,76,45.113600000000005
49,Y02701,Atorvastatin_Tab 20mg,0212000B0AAABAB,30,45.108
50,M88612,Atorvastatin_Tab 20mg,0212000B0AAABAB,21,45.0996
51,M88042,Atorvastatin_Tab 20mg,0212000B0AAABAB,23,45.080000000000005
52,M88640,Atorvastatin_Tab 20mg,0212000B0AAABAB,54,45.05760000000001
53,Y02701,Atorvastatin_Tab 20mg,0212000B0AAABAB,18,45.0576
54,M88627,Atorvastatin_Tab 20mg,0212000B0AAABAB,80,45.024
55,M88013,Atorvastatin_Tab 20mg,0212000B0AAABAB,223,44.95680000000007
7,M88612,Atorvastatin_Tab 40mg,0212000B0AAACAC,31,44.615200000000016
8,M88042,Atorvastatin_Tab 40mg,0212000B0AAACAC,19,44.5816
9,M88616,Atorvastatin_Tab 40mg,0212000B0AAACAC,40,44.576
10,M88035,Atorvastatin_Tab 40mg,0212000B0AAACAC,20,44.57599999999999
11,M88010,Atorvastatin_Tab 40mg,0212000B0AAACAC,102,44.55360000000001
12,M88038,Atorvastatin_Tab 40mg,0212000B0AAACAC,39,44.5536
13,M88042,Atorvastatin_Tab 40mg,0212000B0AAACAC,39,44.553599999999996
14,M88043,Atorvastatin_Tab 40mg,0212000B0AAACAC,50,44.519999999999996
15,M88627,Atorvastatin_Tab 40mg,0212000B0AAACAC,9,44.50320000000001
82,M88004,Paracet_Tab 500mg,0407010H0AAAMAM,32,43.008
83,M88004,Paracet_Tab 500mg,0407010H0AAAMAM,32,43.008
928,M88014,Ferr Sulf_Tab 200mg,0901011P0AAACAC,4,42.26879999999999
929,M88014,Ferr Sulf_Tab 200mg,0901011P0AAACAC,5,42.251999999999995
930,M88004,Ferr Sulf_Tab 200mg,0901011P0AAACAC,65,42.224
85,M88018,Paracet_Tab 500mg,0407010H0AAAMAM,296,35.51999999999999
84,M88018,Paracet_Tab 500mg,0407010H0AAAMAM,296,35.51999999999999
931,M88004,Ferr Sulf_Tab 200mg,0901011P0AAACAC,59,35.352799999999995
862,M88619,Clopidogrel_Tab 75mg,0209000C0AAAAAA,24,35.07839999999999
581,M88630,Quetiapine_Tab 25mg,0402010ABAAABAB,3,32.823
582,M88015,Quetiapine_Tab 25mg,0402010ABAAABAB,1,32.81399999999999
863,M88628,Clopidogrel_Tab 75mg,0209000C0AAAAAA,2,30.930000000000003
864,M88015,Clopidogrel_Tab 75mg,0209000C0AAAAAA,3,30.923999999999996
583,M88643,Quetiapine_Tab 25mg,0402010ABAAABAB,2,30.620800000000003
585,M88616,Quetiapine_Tab 25mg,0402010ABAAABAB,4,30.620799999999996
584,M88042,Quetiapine_Tab 25mg,0402010ABAAABAB,1,30.620799999999996
818,M88616,Atorvastatin_Tab 80mg,0212000B0AAADAD,77,30.183999999999997
932,M88628,Ferr Sulf_Tab 200mg,0901011P0AAACAC,1,30.18
714,M88004,Paracet_Tab Solb 500mg,0407010H0AAAQAQ,12,29.568000000000026
713,M88004,Paracet_Tab Solb 500mg,0407010H0AAAQAQ,12,29.568000000000026
933,M88628,Ferr Sulf_Tab 200mg,0901011P0AAACAC,2,28.179199999999998
934,M88043,Ferr Sulf_Tab 200mg,0901011P0AAACAC,1,28.168
819,M88042,Atorvastatin_Tab 80mg,0212000B0AAADAD,27,26.611200000000007
865,M88618,Clopidogrel_Tab 75mg,0209000C0AAAAAA,3,26.258400000000005
866,M88004,Clopidogrel_Tab 75mg,0209000C0AAAAAA,359,26.13519999999998
87,M88018,Paracet_Tab 500mg,0407010H0AAAMAM,77,25.87200000000002
86,M88018,Paracet_Tab 500mg,0407010H0AAAMAM,77,25.87200000000002
820,M88004,Atorvastatin_Tab 80mg,0212000B0AAADAD,212,24.931200000000054
821,M88041,Atorvastatin_Tab 80mg,0212000B0AAADAD,14,24.813599999999997
822,M88630,Atorvastatin_Tab 80mg,0212000B0AAADAD,25,24.78
89,M88619,Paracet_Tab 500mg,0407010H0AAAMAM,103,23.69
88,M88619,Paracet_Tab 500mg,0407010H0AAAMAM,103,23.69
56,M88021,Atorvastatin_Tab 20mg,0212000B0AAABAB,55,22.63800000000001
57,M88026,Atorvastatin_Tab 20mg,0212000B0AAABAB,72,22.579200000000004
58,M88014,Atorvastatin_Tab 20mg,0212000B0AAABAB,29,22.573600000000003
59,M88008,Atorvastatin_Tab 20mg,0212000B0AAABAB,65,22.568
60,M88643,Atorvastatin_Tab 20mg,0212000B0AAABAB,122,22.545600000000007
16,M88038,Atorvastatin_Tab 40mg,0212000B0AAACAC,187,22.51479999999999
17,M88023,Atorvastatin_Tab 40mg,0212000B0AAACAC,108,22.37760000000001
18,M88627,Atorvastatin_Tab 40mg,0212000B0AAACAC,44,22.2992
19,M88610,Atorvastatin_Tab 40mg,0212000B0AAACAC,20,22.287999999999997
20,M88618,Atorvastatin_Tab 40mg,0212000B0AAACAC,26,22.276800000000005
21,M88015,Atorvastatin_Tab 40mg,0212000B0AAACAC,82,22.2712
715,M88630,Paracet_Tab Solb 500mg,0407010H0AAAQAQ,1,22.044000000000004
716,M88630,Paracet_Tab Solb 500mg,0407010H0AAAQAQ,1,22.044000000000004
935,M88004,Ferr Sulf_Tab 200mg,0901011P0AAACAC,102,21.41999999999996
936,M88018,Ferr Sulf_Tab 200mg,0901011P0AAACAC,29,21.193199999999997
937,M88610,Ferr Sulf_Tab 200mg,0901011P0AAACAC,7,21.168
938,M87013,Ferr Sulf_Tab 200mg,0901011P0AAACAC,21,21.167999999999996
939,M88623,Ferr Sulf_Tab 200mg,0901011P0AAACAC,5,21.125999999999998
90,M88612,Paracet_Tab 500mg,0407010H0AAAMAM,40,20.000000000000004
91,M88612,Paracet_Tab 500mg,0407010H0AAAMAM,40,20.000000000000004
92,M88616,Paracet_Tab 500mg,0407010H0AAAMAM,204,18.36000000000003
93,M88616,Paracet_Tab 500mg,0407010H0AAAMAM,204,18.36000000000003
95,M88004,Paracet_Tab 500mg,0407010H0AAAMAM,12,18.000000000000004
94,M88004,Paracet_Tab 500mg,0407010H0AAAMAM,12,18.000000000000004
867,M88612,Clopidogrel_Tab 75mg,0209000C0AAAAAA,29,17.5392
868,M88022,Clopidogrel_Tab 75mg,0209000C0AAAAAA,12,17.539199999999994
869,M88628,Clopidogrel_Tab 75mg,0209000C0AAAAAA,21,17.5224
870,M88010,Clopidogrel_Tab 75mg,0209000C0AAAAAA,34,17.5168
871,M88041,Clopidogrel_Tab 75mg,0209000C0AAAAAA,8,17.5168
872,M88043,Clopidogrel_Tab 75mg,0209000C0AAAAAA,17,17.516799999999993
873,M88643,Clopidogrel_Tab 75mg,0209000C0AAAAAA,46,17.516799999999993
874,M88004,Clopidogrel_Tab 75mg,0209000C0AAAAAA,61,17.4216
96,M88008,Paracet_Tab 500mg,0407010H0AAAMAM,104,15.600000000000014
97,M88008,Paracet_Tab 500mg,0407010H0AAAMAM,104,15.600000000000014
586,M88627,Quetiapine_Tab 25mg,0402010ABAAABAB,1,15.315999999999999
940,M88616,Ferr Sulf_Tab 200mg,0901011P0AAACAC,13,14.1232
941,M88018,Ferr Sulf_Tab 200mg,0901011P0AAACAC,36,14.111999999999998
942,M88640,Ferr Sulf_Tab 200mg,0901011P0AAACAC,4,14.089599999999997
943,M88026,Ferr Sulf_Tab 200mg,0901011P0AAACAC,4,14.089599999999997
944,M88014,Ferr Sulf_Tab 200mg,0901011P0AAACAC,1,14.084
99,M88024,Paracet_Tab 500mg,0407010H0AAAMAM,56,12.879999999999999
98,M88024,Paracet_Tab 500mg,0407010H0AAAMAM,56,12.879999999999999
100,M88619,Paracet_Tab 500mg,0407010H0AAAMAM,24,11.289600000000007
101,M88619,Paracet_Tab 500mg,0407010H0AAAMAM,24,11.289600000000007
103,M88014,Paracet_Tab 500mg,0407010H0AAAMAM,71,9.940000000000014
102,M88014,Paracet_Tab 500mg,0407010H0AAAMAM,71,9.940000000000014
104,Y02701,Paracet_Tab 500mg,0407010H0AAAMAM,22,9.856000000000009
105,Y02701,Paracet_Tab 500mg,0407010H0AAAMAM,22,9.856000000000009
106,M88633,Paracet_Tab 500mg,0407010H0AAAMAM,96,9.600000000000009
107,M88633,Paracet_Tab 500mg,0407010H0AAAMAM,96,9.600000000000009
718,M88010,Paracet_Tab Solb 500mg,0407010H0AAAQAQ,1,9.42
717,M88010,Paracet_Tab Solb 500mg,0407010H0AAAQAQ,1,9.42
719,M88010,Paracet_Tab Solb 500mg,0407010H0AAAQAQ,10,9.400000000000006
720,M88010,Paracet_Tab Solb 500mg,0407010H0AAAQAQ,10,9.400000000000006
721,M88013,Paracet_Tab Solb 500mg,0407010H0AAAQAQ,17,9.350000000000009
722,M88013,Paracet_Tab Solb 500mg,0407010H0AAAQAQ,17,9.350000000000009
110,M88619,Paracet_Tab 500mg,0407010H0AAAMAM,45,9.000000000000007
109,M88619,Paracet_Tab 500mg,0407010H0AAAMAM,45,9.000000000000007
108,M88643,Paracet_Tab 500mg,0407010H0AAAMAM,18,9.000000000000007
111,M88643,Paracet_Tab 500mg,0407010H0AAAMAM,18,9.000000000000007
875,M88010,Clopidogrel_Tab 75mg,0209000C0AAAAAA,62,8.8536
876,M88013,Clopidogrel_Tab 75mg,0209000C0AAAAAA,70,8.819999999999995
877,M88038,Clopidogrel_Tab 75mg,0209000C0AAAAAA,131,8.803199999999997
878,Y02704,Clopidogrel_Tab 75mg,0209000C0AAAAAA,19,8.777999999999997
879,M88626,Clopidogrel_Tab 75mg,0209000C0AAAAAA,12,8.769599999999997
880,M88639,Clopidogrel_Tab 75mg,0209000C0AAAAAA,18,8.769599999999995
881,Y02701,Clopidogrel_Tab 75mg,0209000C0AAAAAA,21,8.761200000000002
882,M88610,Clopidogrel_Tab 75mg,0209000C0AAAAAA,7,8.761199999999999
883,M88023,Clopidogrel_Tab 75mg,0209000C0AAAAAA,46,8.7584
884,M88616,Clopidogrel_Tab 75mg,0209000C0AAAAAA,68,8.7584
885,M88024,Clopidogrel_Tab 75mg,0209000C0AAAAAA,30,8.735999999999999
886,M88014,Clopidogrel_Tab 75mg,0209000C0AAAAAA,16,8.735999999999999
887,M88001,Clopidogrel_Tab 75mg,0209000C0AAAAAA,76,8.724799999999998
888,M87013,Clopidogrel_Tab 75mg,0209000C0AAAAAA,76,8.724799999999998
946,M88003,Ferr Sulf_Tab 200mg,0901011P0AAACAC,14,7.055999999999998
945,M87013,Ferr Sulf_Tab 200mg,0901011P0AAACAC,14,7.055999999999998
112,M88018,Paracet_Tab 500mg,0407010H0AAAMAM,74,5.920000000000016
113,M88018,Paracet_Tab 500mg,0407010H0AAAMAM,74,5.920000000000016
115,M88013,Paracet_Tab 500mg,0407010H0AAAMAM,26,5.824000000000005
114,M88013,Paracet_Tab 500mg,0407010H0AAAMAM,26,5.824000000000005
117,M88004,Paracet_Tab 500mg,0407010H0AAAMAM,1,5.800000000000001
116,M88004,Paracet_Tab 500mg,0407010H0AAAMAM,1,5.800000000000001
119,M88003,Paracet_Tab 500mg,0407010H0AAAMAM,28,5.644799999999998
118,M88003,Paracet_Tab 500mg,0407010H0AAAMAM,28,5.644799999999998
823,M88001,Atorvastatin_Tab 80mg,0212000B0AAADAD,61,5.4656000000000144
121,M88042,Paracet_Tab 500mg,0407010H0AAAMAM,53,5.300000000000004
120,M88042,Paracet_Tab 500mg,0407010H0AAAMAM,53,5.300000000000004
724,M88004,Paracet_Tab Solb 500mg,0407010H0AAAQAQ,4,5.241600000000001
723,M88004,Paracet_Tab Solb 500mg,0407010H0AAAQAQ,4,5.241600000000001
122,Y02704,Paracet_Tab 500mg,0407010H0AAAMAM,11,5.06
123,Y02704,Paracet_Tab 500mg,0407010H0AAAMAM,11,5.06
124,M88023,Paracet_Tab 500mg,0407010H0AAAMAM,36,5.040000000000007
125,M88023,Paracet_Tab 500mg,0407010H0AAAMAM,36,5.040000000000007
127,M88629,Paracet_Tab 500mg,0407010H0AAAMAM,14,5.039999999999998
126,M88629,Paracet_Tab 500mg,0407010H0AAAMAM,14,5.039999999999998
129,M88038,Paracet_Tab 500mg,0407010H0AAAMAM,239,4.780000000000054
128,M88038,Paracet_Tab 500mg,0407010H0AAAMAM,239,4.780000000000054
726,M88018,Paracet_Tab Solb 500mg,0407010H0AAAQAQ,8,4.720000000000002
725,M88018,Paracet_Tab Solb 500mg,0407010H0AAAQAQ,8,4.720000000000002
728,M88022,Paracet_Tab Solb 500mg,0407010H0AAAQAQ,3,4.710000000000002
727,M88022,Paracet_Tab Solb 500mg,0407010H0AAAQAQ,3,4.710000000000002
729,M88643,Paracet_Tab Solb 500mg,0407010H0AAAQAQ,7,4.690000000000008
730,M88643,Paracet_Tab Solb 500mg,0407010H0AAAQAQ,7,4.690000000000008
130,M88021,Paracet_Tab 500mg,0407010H0AAAMAM,117,4.680000000000012
131,M88021,Paracet_Tab 500mg,0407010H0AAAMAM,117,4.680000000000012
132,M88633,Paracet_Tab 500mg,0407010H0AAAMAM,33,4.619999999999995
133,M88633,Paracet_Tab 500mg,0407010H0AAAMAM,33,4.619999999999995
134,M88010,Paracet_Tab 500mg,0407010H0AAAMAM,111,4.440000000000012
135,M88010,Paracet_Tab 500mg,0407010H0AAAMAM,111,4.440000000000012
824,M88015,Atorvastatin_Tab 80mg,0212000B0AAADAD,48,3.6288000000000107
825,M88003,Atorvastatin_Tab 80mg,0212000B0AAADAD,57,3.511200000000012
136,M88630,Paracet_Tab 500mg,0407010H0AAAMAM,112,3.3600000000000185
137,M88630,Paracet_Tab 500mg,0407010H0AAAMAM,112,3.3600000000000185
138,M87013,Paracet_Tab 500mg,0407010H0AAAMAM,152,3.0400000000000342
139,M87013,Paracet_Tab 500mg,0407010H0AAAMAM,152,3.0400000000000342
140,M88004,Paracet_Tab 500mg,0407010H0AAAMAM,1,3.0160000000000005
141,M88004,Paracet_Tab 500mg,0407010H0AAAMAM,1,3.0160000000000005
732,M85178,Paracet_Tab Solb 500mg,0407010H0AAAQAQ,5,3.0030000000000014
731,M85178,Paracet_Tab Solb 500mg,0407010H0AAAQAQ,5,3.0030000000000014
142,M88018,Paracet_Tab 500mg,0407010H0AAAMAM,11,2.838000000000001
143,M88018,Paracet_Tab 500mg,0407010H0AAAMAM,11,2.838000000000001
144,M88616,Paracet_Tab 500mg,0407010H0AAAMAM,40,2.688000000000015
145,M88616,Paracet_Tab 500mg,0407010H0AAAMAM,40,2.688000000000015
147,M88018,Paracet_Tab 500mg,0407010H0AAAMAM,21,2.5872000000000006
146,M88018,Paracet_Tab 500mg,0407010H0AAAMAM,21,2.5872000000000006
149,M88013,Paracet_Tab 500mg,0407010H0AAAMAM,244,2.4399999999999853
148,M88013,Paracet_Tab 500mg,0407010H0AAAMAM,244,2.4399999999999853
151,M88013,Paracet_Tab 500mg,0407010H0AAAMAM,53,2.3744000000000267
150,M88013,Paracet_Tab 500mg,0407010H0AAAMAM,53,2.3744000000000267
152,M88022,Paracet_Tab 500mg,0407010H0AAAMAM,8,2.32
153,M88022,Paracet_Tab 500mg,0407010H0AAAMAM,8,2.32
154,M88026,Paracet_Tab 500mg,0407010H0AAAMAM,46,2.300000000000002
155,M88026,Paracet_Tab 500mg,0407010H0AAAMAM,46,2.300000000000002
156,M88626,Paracet_Tab 500mg,0407010H0AAAMAM,31,2.1699999999999977
157,M88626,Paracet_Tab 500mg,0407010H0AAAMAM,31,2.1699999999999977
158,M88633,Paracet_Tab 500mg,0407010H0AAAMAM,18,2.016000000000002
159,M88633,Paracet_Tab 500mg,0407010H0AAAMAM,18,2.016000000000002
161,M88004,Paracet_Tab 500mg,0407010H0AAAMAM,17,1.6319999999999997
160,M88004,Paracet_Tab 500mg,0407010H0AAAMAM,17,1.6319999999999997
162,M88018,Paracet_Tab 500mg,0407010H0AAAMAM,6,1.3104000000000002
163,M88018,Paracet_Tab 500mg,0407010H0AAAMAM,6,1.3104000000000002
826,M88001,Atorvastatin_Tab 80mg,0212000B0AAADAD,1,1.0432000000000001
889,M85069,Clopidogrel_Tab 75mg,0209000C0AAAAAA,183,0.896699999999999
733,M88630,Paracet_Tab Solb 500mg,0407010H0AAAQAQ,1,0.7900000000000005
734,M88630,Paracet_Tab Solb 500mg,0407010H0AAAQAQ,1,0.7900000000000005
164,M88001,Paracet_Tab 500mg,0407010H0AAAMAM,30,0.6719999999999959
165,M88001,Paracet_Tab 500mg,0407010H0AAAMAM,30,0.6719999999999959
947,M88619,Ferr Sulf_Tab 200mg,0901011P0AAACAC,5,0.643999999999999
166,M88643,Paracet_Tab 500mg,0407010H0AAAMAM,1,0.6272000000000009
167,M88643,Paracet_Tab 500mg,0407010H0AAAMAM,1,0.6272000000000009
168,M88018,Paracet_Tab 500mg,0407010H0AAAMAM,1,0.5544
169,M88018,Paracet_Tab 500mg,0407010H0AAAMAM,1,0.5544
22,M88041,Atorvastatin_Tab 40mg,0212000B0AAACAC,31,0.5208000000000028
890,M85019,Clopidogrel_Tab 75mg,0209000C0AAAAAA,106,0.5193999999999994
736,M88023,Paracet_Tab Solb 500mg,0407010H0AAAQAQ,1,0.47400000000000025
735,M88023,Paracet_Tab Solb 500mg,0407010H0AAAQAQ,1,0.47400000000000025
171,M88038,Paracet_Tab 500mg,0407010H0AAAMAM,39,0.43679999999999736
170,M88038,Paracet_Tab 500mg,0407010H0AAAMAM,39,0.43679999999999736
61,M88612,Atorvastatin_Tab 20mg,0212000B0AAABAB,24,0.4032000000000022
891,M85020,Clopidogrel_Tab 75mg,0209000C0AAAAAA,44,0.21559999999999976
892,M88001,Clopidogrel_Tab 75mg,0209000C0AAAAAA,29,0.20300000000000018
172,M88616,Paracet_Tab 500mg,0407010H0AAAMAM,18,0.20159999999999878
173,M88616,Paracet_Tab 500mg,0407010H0AAAMAM,18,0.20159999999999878
893,M85082,Clopidogrel_Tab 75mg,0209000C0AAAAAA,40,0.19599999999999979
894,M87013,Clopidogrel_Tab 75mg,0209000C0AAAAAA,1,0.18480000000000005
174,M88019,Paracet_Tab 500mg,0407010H0AAAMAM,30,0.1799999999999989
175,M88019,Paracet_Tab 500mg,0407010H0AAAMAM,30,0.1799999999999989
827,M85069,Atorvastatin_Tab 80mg,0212000B0AAADAD,84,0.17640000000000505
176,M85019,Paracet_Tab 500mg,0407010H0AAAMAM,28,0.16799999999999898
177,M85019,Paracet_Tab 500mg,0407010H0AAAMAM,28,0.16799999999999898
179,M88024,Paracet_Tab 500mg,0407010H0AAAMAM,8,0.15999999999999903
178,M88024,Paracet_Tab 500mg,0407010H0AAAMAM,8,0.15999999999999903
895,M85797,Clopidogrel_Tab 75mg,0209000C0AAAAAA,32,0.15679999999999983
896,M85178,Clopidogrel_Tab 75mg,0209000C0AAAAAA,32,0.15679999999999983
897,M88043,Clopidogrel_Tab 75mg,0209000C0AAAAAA,31,0.15189999999999984
180,M88018,Paracet_Tab 500mg,0407010H0AAAMAM,9,0.15119999999999909
181,M88018,Paracet_Tab 500mg,0407010H0AAAMAM,9,0.15119999999999909
828,M85019,Atorvastatin_Tab 80mg,0212000B0AAADAD,66,0.13860000000000397
182,M88004,Paracet_Tab 500mg,0407010H0AAAMAM,21,0.12599999999999922
183,M88004,Paracet_Tab 500mg,0407010H0AAAMAM,21,0.12599999999999922
949,M85178,Ferr Sulf_Tab 200mg,0901011P0AAACAC,20,0.11199999999999932
948,M85069,Ferr Sulf_Tab 200mg,0901011P0AAACAC,20,0.11199999999999932
898,M85145,Clopidogrel_Tab 75mg,0209000C0AAAAAA,21,0.10289999999999988
184,M88633,Paracet_Tab 500mg,0407010H0AAAMAM,17,0.10199999999999938
185,M88633,Paracet_Tab 500mg,0407010H0AAAMAM,17,0.10199999999999938
829,M88001,Atorvastatin_Tab 80mg,0212000B0AAADAD,46,0.09660000000000277
188,M88002,Paracet_Tab 500mg,0407010H0AAAMAM,16,0.09599999999999942
189,M88002,Paracet_Tab 500mg,0407010H0AAAMAM,16,0.09599999999999942
186,M88001,Paracet_Tab 500mg,0407010H0AAAMAM,16,0.09599999999999942
187,M88001,Paracet_Tab 500mg,0407010H0AAAMAM,16,0.09599999999999942
950,M88626,Ferr Sulf_Tab 200mg,0901011P0AAACAC,8,0.09599999999999609
587,M88004,Quetiapine_Tab 25mg,0402010ABAAABAB,17,0.09519999999999612
588,M85178,Quetiapine_Tab 25mg,0402010ABAAABAB,17,0.09519999999999612
190,M85020,Paracet_Tab 500mg,0407010H0AAAMAM,15,0.08999999999999946
191,M85020,Paracet_Tab 500mg,0407010H0AAAMAM,15,0.08999999999999946
951,M88645,Ferr Sulf_Tab 200mg,0901011P0AAACAC,15,0.08999999999999633
192,M88612,Paracet_Tab 500mg,0407010H0AAAMAM,1,0.0895999999999999
193,M88612,Paracet_Tab 500mg,0407010H0AAAMAM,1,0.0895999999999999
952,M85020,Ferr Sulf_Tab 200mg,0901011P0AAACAC,16,0.08959999999999946
830,M85020,Atorvastatin_Tab 80mg,0212000B0AAADAD,40,0.0840000000000024
194,M88643,Paracet_Tab 500mg,0407010H0AAAMAM,2,0.08399999999999991
195,M88643,Paracet_Tab 500mg,0407010H0AAAMAM,2,0.08399999999999991
899,M88004,Clopidogrel_Tab 75mg,0209000C0AAAAAA,16,0.07839999999999991
953,M88646,Ferr Sulf_Tab 200mg,0901011P0AAACAC,14,0.07839999999999953
196,M88015,Paracet_Tab 500mg,0407010H0AAAMAM,13,0.07799999999999953
197,M88015,Paracet_Tab 500mg,0407010H0AAAMAM,13,0.07799999999999953
954,M88009,Ferr Sulf_Tab 200mg,0901011P0AAACAC,13,0.07279999999999956
198,M85124,Paracet_Tab 500mg,0407010H0AAAMAM,12,0.07199999999999956
199,M85124,Paracet_Tab 500mg,0407010H0AAAMAM,12,0.07199999999999956
900,M85663,Clopidogrel_Tab 75mg,0209000C0AAAAAA,14,0.06859999999999992
955,M88043,Ferr Sulf_Tab 200mg,0901011P0AAACAC,12,0.0671999999999996
956,M88626,Ferr Sulf_Tab 200mg,0901011P0AAACAC,11,0.06599999999999731
901,M85697,Clopidogrel_Tab 75mg,0209000C0AAAAAA,13,0.06369999999999992
957,M88626,Ferr Sulf_Tab 200mg,0901011P0AAACAC,7,0.06299999999999743
958,M88004,Ferr Sulf_Tab 200mg,0901011P0AAACAC,11,0.06159999999999963
200,M88623,Paracet_Tab 500mg,0407010H0AAAMAM,6,0.05999999999999964
201,M88623,Paracet_Tab 500mg,0407010H0AAAMAM,6,0.05999999999999964
589,M88004,Quetiapine_Tab 25mg,0402010ABAAABAB,7,0.058800000000001684
831,M85082,Atorvastatin_Tab 80mg,0212000B0AAADAD,28,0.058800000000001684
902,M88647,Clopidogrel_Tab 75mg,0209000C0AAAAAA,12,0.058799999999999936
202,M85069,Paracet_Tab 500mg,0407010H0AAAMAM,14,0.058799999999999644
203,M85069,Paracet_Tab 500mg,0407010H0AAAMAM,14,0.058799999999999644
204,Y00412,Paracet_Tab 500mg,0407010H0AAAMAM,9,0.05399999999999967
205,Y00412,Paracet_Tab 500mg,0407010H0AAAMAM,9,0.05399999999999967
559,M88001,Aripiprazole_Tab 10mg,0402010ADAAAAAA,9,0.050400000000001444
206,M85019,Paracet_Tab 500mg,0407010H0AAAMAM,12,0.050399999999999695
207,M85019,Paracet_Tab 500mg,0407010H0AAAMAM,12,0.050399999999999695
590,M85020,Quetiapine_Tab 25mg,0402010ABAAABAB,9,0.050399999999997946
208,M88620,Paracet_Tab 500mg,0407010H0AAAMAM,8,0.04799999999999971
211,M88628,Paracet_Tab 500mg,0407010H0AAAMAM,8,0.04799999999999971
210,M88620,Paracet_Tab 500mg,0407010H0AAAMAM,8,0.04799999999999971
209,M88628,Paracet_Tab 500mg,0407010H0AAAMAM,8,0.04799999999999971
212,M85069,Paracet_Tab 500mg,0407010H0AAAMAM,16,0.04479999999999973
213,M85069,Paracet_Tab 500mg,0407010H0AAAMAM,16,0.04479999999999973
961,M85145,Ferr Sulf_Tab 200mg,0901011P0AAACAC,8,0.04479999999999973
960,M85797,Ferr Sulf_Tab 200mg,0901011P0AAACAC,8,0.04479999999999973
959,M85019,Ferr Sulf_Tab 200mg,0901011P0AAACAC,8,0.04479999999999973
903,M85176,Clopidogrel_Tab 75mg,0209000C0AAAAAA,9,0.04409999999999995
219,M88007,Paracet_Tab 500mg,0407010H0AAAMAM,7,0.041999999999999746
221,M87013,Paracet_Tab 500mg,0407010H0AAAMAM,7,0.041999999999999746
220,M87013,Paracet_Tab 500mg,0407010H0AAAMAM,7,0.041999999999999746
218,M88007,Paracet_Tab 500mg,0407010H0AAAMAM,7,0.041999999999999746
217,M85715,Paracet_Tab 500mg,0407010H0AAAMAM,7,0.041999999999999746
216,M88022,Paracet_Tab 500mg,0407010H0AAAMAM,7,0.041999999999999746
215,M88022,Paracet_Tab 500mg,0407010H0AAAMAM,7,0.041999999999999746
214,M85715,Paracet_Tab 500mg,0407010H0AAAMAM,7,0.041999999999999746
962,M85178,Ferr Sulf_Tab 200mg,0901011P0AAACAC,7,0.04199999999999829
904,M88015,Clopidogrel_Tab 75mg,0209000C0AAAAAA,8,0.03919999999999996
906,M88646,Clopidogrel_Tab 75mg,0209000C0AAAAAA,8,0.03919999999999996
905,M88612,Clopidogrel_Tab 75mg,0209000C0AAAAAA,8,0.03919999999999996
689,M88018,Pregabalin_Cap 75mg,0408010AEAAACAC,7,0.03919999999999976
224,M88036,Paracet_Tab 500mg,0407010H0AAAMAM,6,0.03599999999999978
231,M85176,Paracet_Tab 500mg,0407010H0AAAMAM,6,0.03599999999999978
222,M85176,Paracet_Tab 500mg,0407010H0AAAMAM,6,0.03599999999999978
223,M88627,Paracet_Tab 500mg,0407010H0AAAMAM,6,0.03599999999999978
225,M85002,Paracet_Tab 500mg,0407010H0AAAMAM,6,0.03599999999999978
226,M85002,Paracet_Tab 500mg,0407010H0AAAMAM,6,0.03599999999999978
227,M85069,Paracet_Tab 500mg,0407010H0AAAMAM,6,0.03599999999999978
228,M88627,Paracet_Tab 500mg,0407010H0AAAMAM,6,0.03599999999999978
229,M88036,Paracet_Tab 500mg,0407010H0AAAMAM,6,0.03599999999999978
230,M85069,Paracet_Tab 500mg,0407010H0AAAMAM,6,0.03599999999999978
963,M88645,Ferr Sulf_Tab 200mg,0901011P0AAACAC,3,0.03599999999999853
965,M85082,Ferr Sulf_Tab 200mg,0901011P0AAACAC,6,0.03599999999999853
966,M88610,Ferr Sulf_Tab 200mg,0901011P0AAACAC,2,0.03599999999999853
964,M88015,Ferr Sulf_Tab 200mg,0901011P0AAACAC,6,0.03599999999999853
591,M85797,Quetiapine_Tab 25mg,0402010ABAAABAB,4,0.03360000000000096
832,M85145,Atorvastatin_Tab 80mg,0212000B0AAADAD,16,0.03360000000000096
691,M85178,Pregabalin_Cap 75mg,0408010AEAAACAC,6,0.0335999999999998
690,M85069,Pregabalin_Cap 75mg,0408010AEAAACAC,6,0.0335999999999998
593,M88001,Quetiapine_Tab 25mg,0402010ABAAABAB,6,0.03359999999999863
592,M85002,Quetiapine_Tab 25mg,0402010ABAAABAB,6,0.03359999999999863
62,M88626,Atorvastatin_Tab 20mg,0212000B0AAABAB,5,0.03000000000000086
233,M88042,Paracet_Tab 500mg,0407010H0AAAMAM,5,0.02999999999999982
232,M88040,Paracet_Tab 500mg,0407010H0AAAMAM,5,0.02999999999999982
237,M88042,Paracet_Tab 500mg,0407010H0AAAMAM,5,0.02999999999999982
236,M88040,Paracet_Tab 500mg,0407010H0AAAMAM,5,0.02999999999999982
235,M88038,Paracet_Tab 500mg,0407010H0AAAMAM,5,0.02999999999999982
234,M88038,Paracet_Tab 500mg,0407010H0AAAMAM,5,0.02999999999999982
833,M85176,Atorvastatin_Tab 80mg,0212000B0AAADAD,7,0.029400000000000842
238,Y01057,Paracet_Tab 500mg,0407010H0AAAMAM,7,0.029399999999999822
241,M85178,Paracet_Tab 500mg,0407010H0AAAMAM,7,0.029399999999999822
239,M85178,Paracet_Tab 500mg,0407010H0AAAMAM,7,0.029399999999999822
240,Y01057,Paracet_Tab 500mg,0407010H0AAAMAM,7,0.029399999999999822
594,M88004,Quetiapine_Tab 25mg,0402010ABAAABAB,2,0.028000000000000802
245,M85019,Paracet_Tab 500mg,0407010H0AAAMAM,10,0.02799999999999983
243,M85145,Paracet_Tab 500mg,0407010H0AAAMAM,10,0.02799999999999983
242,M85019,Paracet_Tab 500mg,0407010H0AAAMAM,10,0.02799999999999983
244,M85145,Paracet_Tab 500mg,0407010H0AAAMAM,10,0.02799999999999983
596,M88038,Quetiapine_Tab 25mg,0402010ABAAABAB,5,0.02799999999999886
595,M85124,Quetiapine_Tab 25mg,0402010ABAAABAB,5,0.02799999999999886
246,M88022,Paracet_Tab 500mg,0407010H0AAAMAM,4,0.02560000000000029
247,M88022,Paracet_Tab 500mg,0407010H0AAAMAM,4,0.02560000000000029
597,M88616,Quetiapine_Tab 25mg,0402010ABAAABAB,3,0.025200000000000722
598,M88007,Quetiapine_Tab 25mg,0402010ABAAABAB,6,0.025200000000000722
600,M85002,Quetiapine_Tab 25mg,0402010ABAAABAB,3,0.025200000000000722
601,M88013,Quetiapine_Tab 25mg,0402010ABAAABAB,3,0.025200000000000722
602,M88009,Quetiapine_Tab 25mg,0402010ABAAABAB,3,0.025200000000000722
603,M85757,Quetiapine_Tab 25mg,0402010ABAAABAB,3,0.025200000000000722
599,M88001,Quetiapine_Tab 25mg,0402010ABAAABAB,6,0.025200000000000722
967,M88043,Ferr Sulf_Tab 200mg,0901011P0AAACAC,9,0.025199999999999848
254,M88010,Paracet_Tab 500mg,0407010H0AAAMAM,4,0.023999999999999855
248,M88010,Paracet_Tab 500mg,0407010H0AAAMAM,4,0.023999999999999855
249,M88647,Paracet_Tab 500mg,0407010H0AAAMAM,4,0.023999999999999855
250,M88630,Paracet_Tab 500mg,0407010H0AAAMAM,4,0.023999999999999855
251,M88630,Paracet_Tab 500mg,0407010H0AAAMAM,4,0.023999999999999855
252,M88041,Paracet_Tab 500mg,0407010H0AAAMAM,4,0.023999999999999855
253,M88041,Paracet_Tab 500mg,0407010H0AAAMAM,4,0.023999999999999855
255,M88647,Paracet_Tab 500mg,0407010H0AAAMAM,4,0.023999999999999855
969,M88616,Ferr Sulf_Tab 200mg,0901011P0AAACAC,2,0.023999999999999022
968,M88610,Ferr Sulf_Tab 200mg,0901011P0AAACAC,2,0.023999999999999022
834,M88647,Atorvastatin_Tab 80mg,0212000B0AAADAD,11,0.02310000000000066
560,M88038,Aripiprazole_Tab 10mg,0402010ADAAAAAA,4,0.02240000000000064
697,M85797,Pregabalin_Cap 75mg,0408010AEAAACAC,4,0.022399999999999864
970,M88612,Ferr Sulf_Tab 200mg,0901011P0AAACAC,8,0.022399999999999864
971,M85019,Ferr Sulf_Tab 200mg,0901011P0AAACAC,8,0.022399999999999864
972,M88647,Ferr Sulf_Tab 200mg,0901011P0AAACAC,4,0.022399999999999864
973,M85082,Ferr Sulf_Tab 200mg,0901011P0AAACAC,4,0.022399999999999864
700,M88004,Pregabalin_Cap 75mg,0408010AEAAACAC,4,0.022399999999999864
699,M88038,Pregabalin_Cap 75mg,0408010AEAAACAC,4,0.022399999999999864
698,M88022,Pregabalin_Cap 75mg,0408010AEAAACAC,4,0.022399999999999864
693,M85663,Pregabalin_Cap 75mg,0408010AEAAACAC,4,0.022399999999999864
696,M85124,Pregabalin_Cap 75mg,0408010AEAAACAC,4,0.022399999999999864
695,M85082,Pregabalin_Cap 75mg,0408010AEAAACAC,4,0.022399999999999864
694,M85145,Pregabalin_Cap 75mg,0408010AEAAACAC,4,0.022399999999999864
692,M88015,Pregabalin_Cap 75mg,0408010AEAAACAC,4,0.022399999999999864
606,M88009,Quetiapine_Tab 25mg,0402010ABAAABAB,4,0.022399999999999087
605,M88022,Quetiapine_Tab 25mg,0402010ABAAABAB,4,0.022399999999999087
604,M88042,Quetiapine_Tab 25mg,0402010ABAAABAB,4,0.022399999999999087
835,M88004,Atorvastatin_Tab 80mg,0212000B0AAADAD,5,0.0210000000000006
256,M88001,Paracet_Tab 500mg,0407010H0AAAMAM,7,0.020999999999999873
257,M88001,Paracet_Tab 500mg,0407010H0AAAMAM,7,0.020999999999999873
907,M88018,Clopidogrel_Tab 75mg,0209000C0AAAAAA,4,0.01959999999999998
270,M85721,Paracet_Tab 500mg,0407010H0AAAMAM,3,0.01799999999999989
264,M88008,Paracet_Tab 500mg,0407010H0AAAMAM,3,0.01799999999999989
273,M88009,Paracet_Tab 500mg,0407010H0AAAMAM,3,0.01799999999999989
271,Y00471,Paracet_Tab 500mg,0407010H0AAAMAM,3,0.01799999999999989
269,M88009,Paracet_Tab 500mg,0407010H0AAAMAM,3,0.01799999999999989
268,M88023,Paracet_Tab 500mg,0407010H0AAAMAM,3,0.01799999999999989
267,M85797,Paracet_Tab 500mg,0407010H0AAAMAM,3,0.01799999999999989
266,M85164,Paracet_Tab 500mg,0407010H0AAAMAM,3,0.01799999999999989
265,M88013,Paracet_Tab 500mg,0407010H0AAAMAM,3,0.01799999999999989
263,M88023,Paracet_Tab 500mg,0407010H0AAAMAM,3,0.01799999999999989
262,M88013,Paracet_Tab 500mg,0407010H0AAAMAM,3,0.01799999999999989
261,M85721,Paracet_Tab 500mg,0407010H0AAAMAM,3,0.01799999999999989
260,M85164,Paracet_Tab 500mg,0407010H0AAAMAM,3,0.01799999999999989
259,Y00471,Paracet_Tab 500mg,0407010H0AAAMAM,3,0.01799999999999989
258,M85797,Paracet_Tab 500mg,0407010H0AAAMAM,3,0.01799999999999989
272,M88008,Paracet_Tab 500mg,0407010H0AAAMAM,3,0.01799999999999989
977,M88626,Ferr Sulf_Tab 200mg,0901011P0AAACAC,1,0.017999999999999267
978,M85098,Ferr Sulf_Tab 200mg,0901011P0AAACAC,1,0.017999999999999267
979,M88004,Ferr Sulf_Tab 200mg,0901011P0AAACAC,2,0.017999999999999267
976,M85069,Ferr Sulf_Tab 200mg,0901011P0AAACAC,1,0.017999999999999267
975,M85178,Ferr Sulf_Tab 200mg,0901011P0AAACAC,2,0.017999999999999267
974,M88645,Ferr Sulf_Tab 200mg,0901011P0AAACAC,1,0.017999999999999267
980,M88633,Ferr Sulf_Tab 200mg,0901011P0AAACAC,2,0.017999999999999267
701,M85098,Pregabalin_Cap 75mg,0408010AEAAACAC,1,0.017999999999998018
607,M85009,Quetiapine_Tab 25mg,0402010ABAAABAB,2,0.01680000000000048
608,M85634,Quetiapine_Tab 25mg,0402010ABAAABAB,2,0.01680000000000048
609,M88645,Quetiapine_Tab 25mg,0402010ABAAABAB,2,0.01680000000000048
610,M85178,Quetiapine_Tab 25mg,0402010ABAAABAB,2,0.01680000000000048
836,M88646,Atorvastatin_Tab 80mg,0212000B0AAADAD,8,0.01680000000000048
838,M85178,Atorvastatin_Tab 80mg,0212000B0AAADAD,8,0.01680000000000048
837,M88612,Atorvastatin_Tab 80mg,0212000B0AAADAD,8,0.01680000000000048
279,M88013,Paracet_Tab 500mg,0407010H0AAAMAM,3,0.0167999999999999
275,M88001,Paracet_Tab 500mg,0407010H0AAAMAM,4,0.0167999999999999
276,M88024,Paracet_Tab 500mg,0407010H0AAAMAM,1,0.0167999999999999
277,M88024,Paracet_Tab 500mg,0407010H0AAAMAM,1,0.0167999999999999
278,M88013,Paracet_Tab 500mg,0407010H0AAAMAM,3,0.0167999999999999
981,M85124,Ferr Sulf_Tab 200mg,0901011P0AAACAC,2,0.0167999999999999
982,M85176,Ferr Sulf_Tab 200mg,0901011P0AAACAC,2,0.0167999999999999
983,M88004,Ferr Sulf_Tab 200mg,0901011P0AAACAC,6,0.0167999999999999
274,M88001,Paracet_Tab 500mg,0407010H0AAAMAM,4,0.0167999999999999
613,M88030,Quetiapine_Tab 25mg,0402010ABAAABAB,3,0.016799999999999315
612,M88007,Quetiapine_Tab 25mg,0402010ABAAABAB,3,0.016799999999999315
611,M85009,Quetiapine_Tab 25mg,0402010ABAAABAB,3,0.016799999999999315
283,M85019,Paracet_Tab 500mg,0407010H0AAAMAM,5,0.01499999999999991
282,M85019,Paracet_Tab 500mg,0407010H0AAAMAM,5,0.01499999999999991
281,M88646,Paracet_Tab 500mg,0407010H0AAAMAM,5,0.01499999999999991
280,M88646,Paracet_Tab 500mg,0407010H0AAAMAM,5,0.01499999999999991
839,M88038,Atorvastatin_Tab 80mg,0212000B0AAADAD,7,0.014700000000000421
908,M87013,Clopidogrel_Tab 75mg,0209000C0AAAAAA,3,0.014699999999999984
909,M85778,Clopidogrel_Tab 75mg,0209000C0AAAAAA,3,0.014699999999999984
614,M88630,Quetiapine_Tab 25mg,0402010ABAAABAB,1,0.014000000000000401
618,M88015,Quetiapine_Tab 25mg,0402010ABAAABAB,1,0.014000000000000401
617,M88619,Quetiapine_Tab 25mg,0402010ABAAABAB,1,0.014000000000000401
616,M88038,Quetiapine_Tab 25mg,0402010ABAAABAB,1,0.014000000000000401
615,M88007,Quetiapine_Tab 25mg,0402010ABAAABAB,1,0.014000000000000401
284,M88038,Paracet_Tab 500mg,0407010H0AAAMAM,5,0.013999999999999915
285,M88038,Paracet_Tab 500mg,0407010H0AAAMAM,5,0.013999999999999915
840,M85002,Atorvastatin_Tab 80mg,0212000B0AAADAD,3,0.012600000000000361
290,M88616,Paracet_Tab 500mg,0407010H0AAAMAM,2,0.011999999999999927
303,M85009,Paracet_Tab 500mg,0407010H0AAAMAM,2,0.011999999999999927
286,M88600,Paracet_Tab 500mg,0407010H0AAAMAM,2,0.011999999999999927
287,Y02701,Paracet_Tab 500mg,0407010H0AAAMAM,2,0.011999999999999927
288,M88038,Paracet_Tab 500mg,0407010H0AAAMAM,4,0.011999999999999927
311,Y02701,Paracet_Tab 500mg,0407010H0AAAMAM,2,0.011999999999999927
291,M85145,Paracet_Tab 500mg,0407010H0AAAMAM,2,0.011999999999999927
309,M85098,Paracet_Tab 500mg,0407010H0AAAMAM,2,0.011999999999999927
308,M88616,Paracet_Tab 500mg,0407010H0AAAMAM,2,0.011999999999999927
307,M88026,Paracet_Tab 500mg,0407010H0AAAMAM,2,0.011999999999999927
306,M85611,Paracet_Tab 500mg,0407010H0AAAMAM,2,0.011999999999999927
305,M88625,Paracet_Tab 500mg,0407010H0AAAMAM,2,0.011999999999999927
304,M88003,Paracet_Tab 500mg,0407010H0AAAMAM,2,0.011999999999999927
310,M85145,Paracet_Tab 500mg,0407010H0AAAMAM,2,0.011999999999999927
302,Y02961,Paracet_Tab 500mg,0407010H0AAAMAM,2,0.011999999999999927
295,M88003,Paracet_Tab 500mg,0407010H0AAAMAM,2,0.011999999999999927
289,M88618,Paracet_Tab 500mg,0407010H0AAAMAM,2,0.011999999999999927
292,Y02961,Paracet_Tab 500mg,0407010H0AAAMAM,2,0.011999999999999927
293,M85098,Paracet_Tab 500mg,0407010H0AAAMAM,2,0.011999999999999927
294,M88625,Paracet_Tab 500mg,0407010H0AAAMAM,2,0.011999999999999927
301,M85009,Paracet_Tab 500mg,0407010H0AAAMAM,2,0.011999999999999927
296,M88618,Paracet_Tab 500mg,0407010H0AAAMAM,2,0.011999999999999927
297,M85611,Paracet_Tab 500mg,0407010H0AAAMAM,2,0.011999999999999927
298,M88600,Paracet_Tab 500mg,0407010H0AAAMAM,2,0.011999999999999927
299,M88026,Paracet_Tab 500mg,0407010H0AAAMAM,2,0.011999999999999927
300,M88038,Paracet_Tab 500mg,0407010H0AAAMAM,4,0.011999999999999927
989,M88610,Ferr Sulf_Tab 200mg,0901011P0AAACAC,2,0.011999999999999511
990,M85721,Ferr Sulf_Tab 200mg,0901011P0AAACAC,2,0.011999999999999511
994,M88629,Ferr Sulf_Tab 200mg,0901011P0AAACAC,1,0.011999999999999511
993,M87013,Ferr Sulf_Tab 200mg,0901011P0AAACAC,1,0.011999999999999511
992,M85019,Ferr Sulf_Tab 200mg,0901011P0AAACAC,2,0.011999999999999511
991,M88018,Ferr Sulf_Tab 200mg,0901011P0AAACAC,1,0.011999999999999511
985,M85145,Ferr Sulf_Tab 200mg,0901011P0AAACAC,2,0.011999999999999511
988,M88040,Ferr Sulf_Tab 200mg,0901011P0AAACAC,2,0.011999999999999511
987,M88619,Ferr Sulf_Tab 200mg,0901011P0AAACAC,1,0.011999999999999511
986,M85176,Ferr Sulf_Tab 200mg,0901011P0AAACAC,1,0.011999999999999511
984,M85715,Ferr Sulf_Tab 200mg,0901011P0AAACAC,1,0.011999999999999511
702,M85124,Pregabalin_Cap 75mg,0408010AEAAACAC,1,0.011999999999998678
562,M85019,Aripiprazole_Tab 10mg,0402010ADAAAAAA,2,0.01120000000000032
561,M85009,Aripiprazole_Tab 10mg,0402010ADAAAAAA,2,0.01120000000000032
995,M85697,Ferr Sulf_Tab 200mg,0901011P0AAACAC,2,0.011199999999999932
996,M88009,Ferr Sulf_Tab 200mg,0901011P0AAACAC,4,0.011199999999999932
703,M88001,Pregabalin_Cap 75mg,0408010AEAAACAC,4,0.011199999999999932
997,M85797,Ferr Sulf_Tab 200mg,0901011P0AAACAC,4,0.011199999999999932
315,M88040,Paracet_Tab 500mg,0407010H0AAAMAM,2,0.011199999999999932
998,M85020,Ferr Sulf_Tab 200mg,0901011P0AAACAC,4,0.011199999999999932
314,M88040,Paracet_Tab 500mg,0407010H0AAAMAM,2,0.011199999999999932
313,M88001,Paracet_Tab 500mg,0407010H0AAAMAM,4,0.011199999999999932
312,M88001,Paracet_Tab 500mg,0407010H0AAAMAM,4,0.011199999999999932
619,M88015,Quetiapine_Tab 25mg,0402010ABAAABAB,2,0.011199999999999544
620,M87013,Quetiapine_Tab 25mg,0402010ABAAABAB,2,0.011199999999999544
621,M88002,Quetiapine_Tab 25mg,0402010ABAAABAB,2,0.011199999999999544
622,M85019,Quetiapine_Tab 25mg,0402010ABAAABAB,2,0.011199999999999544
623,M85064,Quetiapine_Tab 25mg,0402010ABAAABAB,2,0.011199999999999544
625,M88008,Quetiapine_Tab 25mg,0402010ABAAABAB,2,0.011199999999999544
624,M85634,Quetiapine_Tab 25mg,0402010ABAAABAB,2,0.011199999999999544
626,M85715,Quetiapine_Tab 25mg,0402010ABAAABAB,2,0.011199999999999544
627,M88018,Quetiapine_Tab 25mg,0402010ABAAABAB,2,0.011199999999999544
628,M88645,Quetiapine_Tab 25mg,0402010ABAAABAB,2,0.011199999999999544
629,M88013,Quetiapine_Tab 25mg,0402010ABAAABAB,2,0.011199999999999544
843,M88009,Atorvastatin_Tab 80mg,0212000B0AAADAD,5,0.0105000000000003
841,M88004,Atorvastatin_Tab 80mg,0212000B0AAADAD,5,0.0105000000000003
842,M88043,Atorvastatin_Tab 80mg,0212000B0AAADAD,5,0.0105000000000003
844,M85634,Atorvastatin_Tab 80mg,0212000B0AAADAD,5,0.0105000000000003
910,M85009,Clopidogrel_Tab 75mg,0209000C0AAAAAA,2,0.00979999999999999
316,M88612,Paracet_Tab 500mg,0407010H0AAAMAM,7,0.00979999999999994
317,M88612,Paracet_Tab 500mg,0407010H0AAAMAM,7,0.00979999999999994
631,M88021,Quetiapine_Tab 25mg,0402010ABAAABAB,6,0.009599999999999609
630,M88021,Quetiapine_Tab 25mg,0402010ABAAABAB,4,0.009599999999999609
704,M85124,Pregabalin_Cap 75mg,0408010AEAAACAC,1,0.009299999999998976
325,M85715,Paracet_Tab 500mg,0407010H0AAAMAM,3,0.008999999999999946
326,M85178,Paracet_Tab 500mg,0407010H0AAAMAM,3,0.008999999999999946
320,M88004,Paracet_Tab 500mg,0407010H0AAAMAM,3,0.008999999999999946
321,M85715,Paracet_Tab 500mg,0407010H0AAAMAM,3,0.008999999999999946
322,M85178,Paracet_Tab 500mg,0407010H0AAAMAM,3,0.008999999999999946
323,M85124,Paracet_Tab 500mg,0407010H0AAAMAM,3,0.008999999999999946
324,M88004,Paracet_Tab 500mg,0407010H0AAAMAM,3,0.008999999999999946
319,M85124,Paracet_Tab 500mg,0407010H0AAAMAM,3,0.008999999999999946
327,M88635,Paracet_Tab 500mg,0407010H0AAAMAM,3,0.008999999999999946
318,M88635,Paracet_Tab 500mg,0407010H0AAAMAM,3,0.008999999999999946
1001,Y02961,Ferr Sulf_Tab 200mg,0901011P0AAACAC,1,0.008999999999999633
999,M85002,Ferr Sulf_Tab 200mg,0901011P0AAACAC,1,0.008999999999999633
1002,M85019,Ferr Sulf_Tab 200mg,0901011P0AAACAC,1,0.008999999999999633
1000,M88003,Ferr Sulf_Tab 200mg,0901011P0AAACAC,1,0.008999999999999633
1003,M88647,Ferr Sulf_Tab 200mg,0901011P0AAACAC,1,0.008999999999999633
705,M88043,Pregabalin_Cap 75mg,0408010AEAAACAC,1,0.008999999999999009
563,M88001,Aripiprazole_Tab 10mg,0402010ADAAAAAA,4,0.008400000000001406
632,M88007,Quetiapine_Tab 25mg,0402010ABAAABAB,1,0.00840000000000024
637,M87013,Quetiapine_Tab 25mg,0402010ABAAABAB,1,0.00840000000000024
638,M85721,Quetiapine_Tab 25mg,0402010ABAAABAB,1,0.00840000000000024
635,M88040,Quetiapine_Tab 25mg,0402010ABAAABAB,1,0.00840000000000024
636,M85019,Quetiapine_Tab 25mg,0402010ABAAABAB,1,0.00840000000000024
640,M88038,Quetiapine_Tab 25mg,0402010ABAAABAB,1,0.00840000000000024
639,M85020,Quetiapine_Tab 25mg,0402010ABAAABAB,1,0.00840000000000024
641,M85778,Quetiapine_Tab 25mg,0402010ABAAABAB,1,0.00840000000000024
633,Y00412,Quetiapine_Tab 25mg,0402010ABAAABAB,1,0.00840000000000024
634,M85082,Quetiapine_Tab 25mg,0402010ABAAABAB,1,0.00840000000000024
848,M88018,Atorvastatin_Tab 80mg,0212000B0AAADAD,2,0.00840000000000024
845,M88026,Atorvastatin_Tab 80mg,0212000B0AAADAD,4,0.00840000000000024
847,M88007,Atorvastatin_Tab 80mg,0212000B0AAADAD,4,0.00840000000000024
846,M88620,Atorvastatin_Tab 80mg,0212000B0AAADAD,2,0.00840000000000024
849,M88626,Atorvastatin_Tab 80mg,0212000B0AAADAD,4,0.00840000000000024
1005,M88022,Ferr Sulf_Tab 200mg,0901011P0AAACAC,1,0.00839999999999995
1006,M88026,Ferr Sulf_Tab 200mg,0901011P0AAACAC,1,0.00839999999999995
1004,M85002,Ferr Sulf_Tab 200mg,0901011P0AAACAC,1,0.00839999999999995
911,M87013,Clopidogrel_Tab 75mg,0209000C0AAAAAA,1,0.006999999999999958
642,Y01057,Quetiapine_Tab 25mg,0402010ABAAABAB,2,0.006800000000000195
738,M88618,Paracet_Tab Solb 500mg,0407010H0AAAQAQ,1,0.006400000000000183
737,M88618,Paracet_Tab Solb 500mg,0407010H0AAAQAQ,1,0.006400000000000183
850,Y00471,Atorvastatin_Tab 80mg,0212000B0AAADAD,3,0.0063000000000001805
912,M88035,Clopidogrel_Tab 75mg,0209000C0AAAAAA,1,0.006299999999999889
23,M88630,Atorvastatin_Tab 40mg,0212000B0AAACAC,1,0.006100000000000175
740,M88009,Paracet_Tab Solb 500mg,0407010H0AAAQAQ,1,0.006000000000000172
739,M88009,Paracet_Tab Solb 500mg,0407010H0AAAQAQ,1,0.006000000000000172
63,M88619,Atorvastatin_Tab 20mg,0212000B0AAABAB,1,0.006000000000000172
24,M88015,Atorvastatin_Tab 40mg,0212000B0AAACAC,1,0.006000000000000172
25,M88043,Atorvastatin_Tab 40mg,0212000B0AAACAC,1,0.006000000000000172
26,M85178,Atorvastatin_Tab 40mg,0212000B0AAACAC,1,0.006000000000000172
64,M85176,Atorvastatin_Tab 20mg,0212000B0AAABAB,1,0.006000000000000172
27,M88610,Atorvastatin_Tab 40mg,0212000B0AAACAC,1,0.006000000000000172
353,M88619,Paracet_Tab 500mg,0407010H0AAAMAM,1,0.005999999999999964
352,M85801,Paracet_Tab 500mg,0407010H0AAAMAM,1,0.005999999999999964
351,M85002,Paracet_Tab 500mg,0407010H0AAAMAM,2,0.005999999999999964
350,M88015,Paracet_Tab 500mg,0407010H0AAAMAM,2,0.005999999999999964
349,M85064,Paracet_Tab 500mg,0407010H0AAAMAM,1,0.005999999999999964
354,M85721,Paracet_Tab 500mg,0407010H0AAAMAM,2,0.005999999999999964
341,M85176,Paracet_Tab 500mg,0407010H0AAAMAM,2,0.005999999999999964
348,M88637,Paracet_Tab 500mg,0407010H0AAAMAM,2,0.005999999999999964
347,M88007,Paracet_Tab 500mg,0407010H0AAAMAM,2,0.005999999999999964
346,M85176,Paracet_Tab 500mg,0407010H0AAAMAM,2,0.005999999999999964
345,M88629,Paracet_Tab 500mg,0407010H0AAAMAM,1,0.005999999999999964
344,M85002,Paracet_Tab 500mg,0407010H0AAAMAM,2,0.005999999999999964
343,M88645,Paracet_Tab 500mg,0407010H0AAAMAM,1,0.005999999999999964
342,M88007,Paracet_Tab 500mg,0407010H0AAAMAM,2,0.005999999999999964
357,M88629,Paracet_Tab 500mg,0407010H0AAAMAM,1,0.005999999999999964
340,M88610,Paracet_Tab 500mg,0407010H0AAAMAM,1,0.005999999999999964
334,M85082,Paracet_Tab 500mg,0407010H0AAAMAM,1,0.005999999999999964
355,M85721,Paracet_Tab 500mg,0407010H0AAAMAM,2,0.005999999999999964
364,M88035,Paracet_Tab 500mg,0407010H0AAAMAM,1,0.005999999999999964
358,M85064,Paracet_Tab 500mg,0407010H0AAAMAM,1,0.005999999999999964
360,M88645,Paracet_Tab 500mg,0407010H0AAAMAM,1,0.005999999999999964
361,Y03392,Paracet_Tab 500mg,0407010H0AAAMAM,1,0.005999999999999964
362,M88619,Paracet_Tab 500mg,0407010H0AAAMAM,1,0.005999999999999964
363,M88003,Paracet_Tab 500mg,0407010H0AAAMAM,2,0.005999999999999964
365,M88003,Paracet_Tab 500mg,0407010H0AAAMAM,2,0.005999999999999964
328,M88035,Paracet_Tab 500mg,0407010H0AAAMAM,1,0.005999999999999964
329,M85082,Paracet_Tab 500mg,0407010H0AAAMAM,1,0.005999999999999964
330,M88014,Paracet_Tab 500mg,0407010H0AAAMAM,1,0.005999999999999964
331,M88635,Paracet_Tab 500mg,0407010H0AAAMAM,1,0.005999999999999964
332,M88014,Paracet_Tab 500mg,0407010H0AAAMAM,1,0.005999999999999964
333,M88637,Paracet_Tab 500mg,0407010H0AAAMAM,2,0.005999999999999964
359,M88015,Paracet_Tab 500mg,0407010H0AAAMAM,2,0.005999999999999964
335,Y03392,Paracet_Tab 500mg,0407010H0AAAMAM,1,0.005999999999999964
339,M88635,Paracet_Tab 500mg,0407010H0AAAMAM,1,0.005999999999999964
338,M88610,Paracet_Tab 500mg,0407010H0AAAMAM,1,0.005999999999999964
337,M85801,Paracet_Tab 500mg,0407010H0AAAMAM,1,0.005999999999999964
336,M88021,Paracet_Tab 500mg,0407010H0AAAMAM,1,0.005999999999999964
356,M88021,Paracet_Tab 500mg,0407010H0AAAMAM,1,0.005999999999999964
1018,M88013,Ferr Sulf_Tab 200mg,0901011P0AAACAC,1,0.0059999999999997555
1017,M88628,Ferr Sulf_Tab 200mg,0901011P0AAACAC,1,0.0059999999999997555
1007,M88014,Ferr Sulf_Tab 200mg,0901011P0AAACAC,1,0.0059999999999997555
1015,M88625,Ferr Sulf_Tab 200mg,0901011P0AAACAC,1,0.0059999999999997555
1012,M85176,Ferr Sulf_Tab 200mg,0901011P0AAACAC,1,0.0059999999999997555
1011,M85098,Ferr Sulf_Tab 200mg,0901011P0AAACAC,1,0.0059999999999997555
1010,M88002,Ferr Sulf_Tab 200mg,0901011P0AAACAC,1,0.0059999999999997555
1009,M85715,Ferr Sulf_Tab 200mg,0901011P0AAACAC,1,0.0059999999999997555
1008,M85002,Ferr Sulf_Tab 200mg,0901011P0AAACAC,1,0.0059999999999997555
1016,M85663,Ferr Sulf_Tab 200mg,0901011P0AAACAC,1,0.0059999999999997555
1014,M88019,Ferr Sulf_Tab 200mg,0901011P0AAACAC,1,0.0059999999999997555
1013,M85020,Ferr Sulf_Tab 200mg,0901011P0AAACAC,1,0.0059999999999997555
706,M88626,Pregabalin_Cap 75mg,0408010AEAAACAC,1,0.005999999999999339
565,M85663,Aripiprazole_Tab 10mg,0402010ADAAAAAA,1,0.00560000000000016
564,M85069,Aripiprazole_Tab 10mg,0402010ADAAAAAA,1,0.00560000000000016
1020,M85176,Ferr Sulf_Tab 200mg,0901011P0AAACAC,1,0.005599999999999966
1019,M85611,Ferr Sulf_Tab 200mg,0901011P0AAACAC,1,0.005599999999999966
367,M88016,Paracet_Tab 500mg,0407010H0AAAMAM,1,0.005599999999999966
366,M85082,Paracet_Tab 500mg,0407010H0AAAMAM,2,0.005599999999999966
707,M88003,Pregabalin_Cap 75mg,0408010AEAAACAC,1,0.005599999999999966
708,Y03166,Pregabalin_Cap 75mg,0408010AEAAACAC,1,0.005599999999999966
709,M88023,Pregabalin_Cap 75mg,0408010AEAAACAC,1,0.005599999999999966
371,M88016,Paracet_Tab 500mg,0407010H0AAAMAM,1,0.005599999999999966
370,M88022,Paracet_Tab 500mg,0407010H0AAAMAM,2,0.005599999999999966
369,M85082,Paracet_Tab 500mg,0407010H0AAAMAM,2,0.005599999999999966
368,M88022,Paracet_Tab 500mg,0407010H0AAAMAM,2,0.005599999999999966
644,M88616,Quetiapine_Tab 25mg,0402010ABAAABAB,1,0.005599999999999772
643,M88647,Quetiapine_Tab 25mg,0402010ABAAABAB,1,0.005599999999999772
645,M85145,Quetiapine_Tab 25mg,0402010ABAAABAB,1,0.005599999999999772
646,M88646,Quetiapine_Tab 25mg,0402010ABAAABAB,1,0.005599999999999772
647,M85611,Quetiapine_Tab 25mg,0402010ABAAABAB,1,0.005599999999999772
648,M85797,Quetiapine_Tab 25mg,0402010ABAAABAB,1,0.005599999999999772
65,M88004,Atorvastatin_Tab 20mg,0212000B0AAABAB,1,0.005400000000000155
372,M88610,Paracet_Tab 500mg,0407010H0AAAMAM,1,0.005099999999999969
373,M88610,Paracet_Tab 500mg,0407010H0AAAMAM,1,0.005099999999999969
913,M88036,Clopidogrel_Tab 75mg,0209000C0AAAAAA,1,0.004899999999999995
914,M85064,Clopidogrel_Tab 75mg,0209000C0AAAAAA,1,0.004899999999999995
915,Y02704,Clopidogrel_Tab 75mg,0209000C0AAAAAA,1,0.004899999999999995
916,M88643,Clopidogrel_Tab 75mg,0209000C0AAAAAA,1,0.004899999999999995
918,M88035,Clopidogrel_Tab 75mg,0209000C0AAAAAA,1,0.004899999999999995
917,M88645,Clopidogrel_Tab 75mg,0209000C0AAAAAA,1,0.004899999999999995
374,M88022,Paracet_Tab 500mg,0407010H0AAAMAM,1,0.004800000000000054
375,M85020,Paracet_Tab 500mg,0407010H0AAAMAM,1,0.004800000000000054
376,M85020,Paracet_Tab 500mg,0407010H0AAAMAM,1,0.004800000000000054
377,M88022,Paracet_Tab 500mg,0407010H0AAAMAM,1,0.004800000000000054
378,M88023,Paracet_Tab 500mg,0407010H0AAAMAM,1,0.004800000000000054
379,M88023,Paracet_Tab 500mg,0407010H0AAAMAM,1,0.004800000000000054
649,M85002,Quetiapine_Tab 25mg,0402010ABAAABAB,1,0.004799999999999804
853,M88030,Atorvastatin_Tab 80mg,0212000B0AAADAD,1,0.00420000000000012
852,M88647,Atorvastatin_Tab 80mg,0212000B0AAADAD,1,0.00420000000000012
742,M85715,Paracet_Tab Solb 500mg,0407010H0AAAQAQ,1,0.00420000000000012
741,M85715,Paracet_Tab Solb 500mg,0407010H0AAAQAQ,1,0.00420000000000012
851,M88639,Atorvastatin_Tab 80mg,0212000B0AAADAD,1,0.00420000000000012
650,M85124,Quetiapine_Tab 25mg,0402010ABAAABAB,1,0.00420000000000012
383,M88043,Paracet_Tab 500mg,0407010H0AAAMAM,1,0.004199999999999975
382,M85002,Paracet_Tab 500mg,0407010H0AAAMAM,1,0.004199999999999975
381,M88043,Paracet_Tab 500mg,0407010H0AAAMAM,1,0.004199999999999975
380,M85002,Paracet_Tab 500mg,0407010H0AAAMAM,1,0.004199999999999975
743,M85124,Paracet_Tab Solb 500mg,0407010H0AAAQAQ,2,0.004000000000000115
744,M85124,Paracet_Tab Solb 500mg,0407010H0AAAQAQ,2,0.004000000000000115
745,M88015,Paracet_Tab Solb 500mg,0407010H0AAAQAQ,1,0.004000000000000115
748,M88015,Paracet_Tab Solb 500mg,0407010H0AAAQAQ,1,0.004000000000000115
746,M85020,Paracet_Tab Solb 500mg,0407010H0AAAQAQ,1,0.004000000000000115
747,M85020,Paracet_Tab Solb 500mg,0407010H0AAAQAQ,1,0.004000000000000115
387,Y00492,Paracet_Tab 500mg,0407010H0AAAMAM,1,0.0040000000000000105
386,Y00492,Paracet_Tab 500mg,0407010H0AAAMAM,1,0.0040000000000000105
384,M88014,Paracet_Tab 500mg,0407010H0AAAMAM,1,0.0040000000000000105
385,M88014,Paracet_Tab 500mg,0407010H0AAAMAM,1,0.0040000000000000105
919,M88002,Clopidogrel_Tab 75mg,0209000C0AAAAAA,1,0.003899999999999841
28,M88635,Atorvastatin_Tab 40mg,0212000B0AAACAC,1,0.0030000000000000165
404,M85064,Paracet_Tab 500mg,0407010H0AAAMAM,1,0.002999999999999982
396,M88036,Paracet_Tab 500mg,0407010H0AAAMAM,1,0.002999999999999982
388,M88640,Paracet_Tab 500mg,0407010H0AAAMAM,1,0.002999999999999982
389,M88002,Paracet_Tab 500mg,0407010H0AAAMAM,1,0.002999999999999982
411,M88610,Paracet_Tab 500mg,0407010H0AAAMAM,1,0.002999999999999982
392,M85020,Paracet_Tab 500mg,0407010H0AAAMAM,1,0.002999999999999982
393,Y00471,Paracet_Tab 500mg,0407010H0AAAMAM,1,0.002999999999999982
394,M85064,Paracet_Tab 500mg,0407010H0AAAMAM,1,0.002999999999999982
395,M88002,Paracet_Tab 500mg,0407010H0AAAMAM,1,0.002999999999999982
399,M88645,Paracet_Tab 500mg,0407010H0AAAMAM,1,0.002999999999999982
397,M88040,Paracet_Tab 500mg,0407010H0AAAMAM,1,0.002999999999999982
398,M88036,Paracet_Tab 500mg,0407010H0AAAMAM,1,0.002999999999999982
403,M88026,Paracet_Tab 500mg,0407010H0AAAMAM,1,0.002999999999999982
400,M85020,Paracet_Tab 500mg,0407010H0AAAMAM,1,0.002999999999999982
410,M88610,Paracet_Tab 500mg,0407010H0AAAMAM,1,0.002999999999999982
409,M88016,Paracet_Tab 500mg,0407010H0AAAMAM,1,0.002999999999999982
407,M88040,Paracet_Tab 500mg,0407010H0AAAMAM,1,0.002999999999999982
406,M88016,Paracet_Tab 500mg,0407010H0AAAMAM,1,0.002999999999999982
401,M85082,Paracet_Tab 500mg,0407010H0AAAMAM,1,0.002999999999999982
402,M88640,Paracet_Tab 500mg,0407010H0AAAMAM,1,0.002999999999999982
405,M88026,Paracet_Tab 500mg,0407010H0AAAMAM,1,0.002999999999999982
408,M85082,Paracet_Tab 500mg,0407010H0AAAMAM,1,0.002999999999999982
391,M88645,Paracet_Tab 500mg,0407010H0AAAMAM,1,0.002999999999999982
390,Y00471,Paracet_Tab 500mg,0407010H0AAAMAM,1,0.002999999999999982
920,Y02961,Clopidogrel_Tab 75mg,0209000C0AAAAAA,1,0.002999999999999947
1023,M85020,Ferr Sulf_Tab 200mg,0901011P0AAACAC,1,0.0029999999999998778
1021,M88626,Ferr Sulf_Tab 200mg,0901011P0AAACAC,1,0.0029999999999998778
1022,Y02961,Ferr Sulf_Tab 200mg,0901011P0AAACAC,1,0.0029999999999998778
412,M88040,Paracet_Tab 500mg,0407010H0AAAMAM,1,0.002799999999999983
413,M88018,Paracet_Tab 500mg,0407010H0AAAMAM,1,0.002799999999999983
414,M88001,Paracet_Tab 500mg,0407010H0AAAMAM,2,0.002799999999999983
415,M85715,Paracet_Tab 500mg,0407010H0AAAMAM,1,0.002799999999999983
416,M88004,Paracet_Tab 500mg,0407010H0AAAMAM,1,0.002799999999999983
417,M85178,Paracet_Tab 500mg,0407010H0AAAMAM,1,0.002799999999999983
418,M88616,Paracet_Tab 500mg,0407010H0AAAMAM,1,0.002799999999999983
419,M85715,Paracet_Tab 500mg,0407010H0AAAMAM,1,0.002799999999999983
420,M88643,Paracet_Tab 500mg,0407010H0AAAMAM,1,0.002799999999999983
421,M88001,Paracet_Tab 500mg,0407010H0AAAMAM,2,0.002799999999999983
422,M88616,Paracet_Tab 500mg,0407010H0AAAMAM,1,0.002799999999999983
428,M88018,Paracet_Tab 500mg,0407010H0AAAMAM,1,0.002799999999999983
423,M88007,Paracet_Tab 500mg,0407010H0AAAMAM,1,0.002799999999999983
424,M85020,Paracet_Tab 500mg,0407010H0AAAMAM,4,0.002799999999999983
429,M88040,Paracet_Tab 500mg,0407010H0AAAMAM,1,0.002799999999999983
430,M85178,Paracet_Tab 500mg,0407010H0AAAMAM,1,0.002799999999999983
431,M88004,Paracet_Tab 500mg,0407010H0AAAMAM,1,0.002799999999999983
427,M85020,Paracet_Tab 500mg,0407010H0AAAMAM,4,0.002799999999999983
426,M88643,Paracet_Tab 500mg,0407010H0AAAMAM,1,0.002799999999999983
425,M88007,Paracet_Tab 500mg,0407010H0AAAMAM,1,0.002799999999999983
854,M88002,Atorvastatin_Tab 80mg,0212000B0AAADAD,1,0.00210000000000006
749,M88646,Paracet_Tab Solb 500mg,0407010H0AAAQAQ,1,0.0020000000000000573
750,M88646,Paracet_Tab Solb 500mg,0407010H0AAAQAQ,1,0.0020000000000000573
710,M85019,Pregabalin_Cap 75mg,0408010AEAAACAC,1,0.0015999999999999903
434,M85178,Paracet_Tab 500mg,0407010H0AAAMAM,1,0.0013999999999999915
433,M85178,Paracet_Tab 500mg,0407010H0AAAMAM,1,0.0013999999999999915
432,M85064,Paracet_Tab 500mg,0407010H0AAAMAM,1,0.0013999999999999915
435,M85064,Paracet_Tab 500mg,0407010H0AAAMAM,1,0.0013999999999999915
66,M88023,Atorvastatin_Tab 20mg,0212000B0AAABAB,1,0.0013000000000000372
922,M88018,Clopidogrel_Tab 75mg,0209000C0AAAAAA,1,0.001199999999999951
921,M88004,Clopidogrel_Tab 75mg,0209000C0AAAAAA,1,0.001199999999999951
1024,M85019,Ferr Sulf_Tab 200mg,0901011P0AAACAC,1,0.0003999999999999976
437,M88647,Paracet_Tab 500mg,0407010H0AAAMAM,1,-0.0011999999999999997
436,M88647,Paracet_Tab 500mg,0407010H0AAAMAM,1,-0.0011999999999999997
653,M85124,Quetiapine_Tab 25mg,0402010ABAAABAB,1,-0.00140000000000004
652,Y00471,Quetiapine_Tab 25mg,0402010ABAAABAB,1,-0.00140000000000004
651,M85002,Quetiapine_Tab 25mg,0402010ABAAABAB,1,-0.00140000000000004
923,M88043,Clopidogrel_Tab 75mg,0209000C0AAAAAA,1,-0.0017000000000000487
654,Y02961,Quetiapine_Tab 25mg,0402010ABAAABAB,1,-0.00180000000000001
438,M88009,Paracet_Tab 500mg,0407010H0AAAMAM,1,-0.001999999999999988
439,M88009,Paracet_Tab 500mg,0407010H0AAAMAM,1,-0.001999999999999988
566,M85178,Aripiprazole_Tab 10mg,0402010ADAAAAAA,1,-0.002099999999999963
924,Y02704,Clopidogrel_Tab 75mg,0209000C0AAAAAA,1,-0.0020999999999999977
1025,M88002,Ferr Sulf_Tab 200mg,0901011P0AAACAC,1,-0.00210000000000006
655,M88040,Quetiapine_Tab 25mg,0402010ABAAABAB,1,-0.00280000000000008
656,M88042,Quetiapine_Tab 25mg,0402010ABAAABAB,1,-0.00280000000000008
658,M88013,Quetiapine_Tab 25mg,0402010ABAAABAB,1,-0.00280000000000008
657,M85757,Quetiapine_Tab 25mg,0402010ABAAABAB,1,-0.00280000000000008
752,M88007,Paracet_Tab Solb 500mg,0407010H0AAAQAQ,1,-0.0029999999999996696
756,M85124,Paracet_Tab Solb 500mg,0407010H0AAAQAQ,1,-0.0029999999999996696
755,Y00471,Paracet_Tab Solb 500mg,0407010H0AAAQAQ,1,-0.0029999999999996696
751,M85124,Paracet_Tab Solb 500mg,0407010H0AAAQAQ,1,-0.0029999999999996696
754,M88007,Paracet_Tab Solb 500mg,0407010H0AAAQAQ,1,-0.0029999999999996696
753,Y00471,Paracet_Tab Solb 500mg,0407010H0AAAQAQ,1,-0.0029999999999996696
69,M87013,Atorvastatin_Tab 20mg,0212000B0AAABAB,1,-0.0029999999999998778
70,M88009,Atorvastatin_Tab 20mg,0212000B0AAABAB,1,-0.0029999999999998778
67,Y00412,Atorvastatin_Tab 20mg,0212000B0AAABAB,1,-0.0029999999999998778
68,M88645,Atorvastatin_Tab 20mg,0212000B0AAABAB,1,-0.0029999999999998778
855,M88626,Atorvastatin_Tab 80mg,0212000B0AAADAD,1,-0.003000000000000086
29,M87013,Atorvastatin_Tab 40mg,0212000B0AAACAC,1,-0.0030999999999998737
758,Y03331,Paracet_Tab Solb 500mg,0407010H0AAAQAQ,1,-0.0031999999999996476
757,Y03331,Paracet_Tab Solb 500mg,0407010H0AAAQAQ,1,-0.0031999999999996476
762,M87013,Paracet_Tab Solb 500mg,0407010H0AAAQAQ,1,-0.0031999999999996476
759,M88001,Paracet_Tab Solb 500mg,0407010H0AAAQAQ,1,-0.0031999999999996476
760,M87013,Paracet_Tab Solb 500mg,0407010H0AAAQAQ,1,-0.0031999999999996476
761,M88001,Paracet_Tab Solb 500mg,0407010H0AAAQAQ,1,-0.0031999999999996476
763,M85082,Paracet_Tab Solb 500mg,0407010H0AAAQAQ,1,-0.0031999999999996476
764,M85082,Paracet_Tab Solb 500mg,0407010H0AAAQAQ,1,-0.0031999999999996476
856,Y02704,Atorvastatin_Tab 80mg,0212000B0AAADAD,1,-0.0032999999999999696
925,M88627,Clopidogrel_Tab 75mg,0209000C0AAAAAA,1,-0.003499999999999996
659,M88007,Quetiapine_Tab 25mg,0402010ABAAABAB,1,-0.00360000000000002
567,M85069,Aripiprazole_Tab 10mg,0402010ADAAAAAA,2,-0.0039999999999995595
440,M88018,Paracet_Tab 500mg,0407010H0AAAMAM,1,-0.003999999999999976
450,Y02961,Paracet_Tab 500mg,0407010H0AAAMAM,1,-0.003999999999999976
446,M85124,Paracet_Tab 500mg,0407010H0AAAMAM,1,-0.003999999999999976
451,M85634,Paracet_Tab 500mg,0407010H0AAAMAM,1,-0.003999999999999976
457,Y02961,Paracet_Tab 500mg,0407010H0AAAMAM,1,-0.003999999999999976
449,M88647,Paracet_Tab 500mg,0407010H0AAAMAM,1,-0.003999999999999976
454,M85634,Paracet_Tab 500mg,0407010H0AAAMAM,1,-0.003999999999999976
448,M88036,Paracet_Tab 500mg,0407010H0AAAMAM,1,-0.003999999999999976
447,M88009,Paracet_Tab 500mg,0407010H0AAAMAM,1,-0.003999999999999976
456,M88018,Paracet_Tab 500mg,0407010H0AAAMAM,1,-0.003999999999999976
453,M88036,Paracet_Tab 500mg,0407010H0AAAMAM,1,-0.003999999999999976
455,M88009,Paracet_Tab 500mg,0407010H0AAAMAM,1,-0.003999999999999976
445,M88616,Paracet_Tab 500mg,0407010H0AAAMAM,1,-0.003999999999999976
444,M85020,Paracet_Tab 500mg,0407010H0AAAMAM,1,-0.003999999999999976
443,M85020,Paracet_Tab 500mg,0407010H0AAAMAM,1,-0.003999999999999976
442,M88616,Paracet_Tab 500mg,0407010H0AAAMAM,1,-0.003999999999999976
441,M88647,Paracet_Tab 500mg,0407010H0AAAMAM,1,-0.003999999999999976
452,M85124,Paracet_Tab 500mg,0407010H0AAAMAM,1,-0.003999999999999976
30,M88627,Atorvastatin_Tab 40mg,0212000B0AAACAC,1,-0.004000000000000045
569,M88612,Aripiprazole_Tab 10mg,0402010ADAAAAAA,2,-0.004199999999999926
568,M88639,Aripiprazole_Tab 10mg,0402010ADAAAAAA,2,-0.004199999999999926
662,M85178,Quetiapine_Tab 25mg,0402010ABAAABAB,1,-0.00420000000000012
661,M88018,Quetiapine_Tab 25mg,0402010ABAAABAB,1,-0.00420000000000012
660,M88627,Quetiapine_Tab 25mg,0402010ABAAABAB,1,-0.00420000000000012
663,M88612,Quetiapine_Tab 25mg,0402010ABAAABAB,1,-0.004599999999999993
458,M85002,Paracet_Tab 500mg,0407010H0AAAMAM,1,-0.004799999999999971
459,M85002,Paracet_Tab 500mg,0407010H0AAAMAM,1,-0.004799999999999971
486,M88639,Paracet_Tab 500mg,0407010H0AAAMAM,1,-0.005599999999999966
487,M88640,Paracet_Tab 500mg,0407010H0AAAMAM,1,-0.005599999999999966
481,M85064,Paracet_Tab 500mg,0407010H0AAAMAM,1,-0.005599999999999966
462,M88616,Paracet_Tab 500mg,0407010H0AAAMAM,1,-0.005599999999999966
460,M85715,Paracet_Tab 500mg,0407010H0AAAMAM,1,-0.005599999999999966
469,M85176,Paracet_Tab 500mg,0407010H0AAAMAM,1,-0.005599999999999966
479,M88616,Paracet_Tab 500mg,0407010H0AAAMAM,1,-0.005599999999999966
478,M85064,Paracet_Tab 500mg,0407010H0AAAMAM,1,-0.005599999999999966
477,M88021,Paracet_Tab 500mg,0407010H0AAAMAM,1,-0.005599999999999966
476,M88003,Paracet_Tab 500mg,0407010H0AAAMAM,1,-0.005599999999999966
475,M88035,Paracet_Tab 500mg,0407010H0AAAMAM,1,-0.005599999999999966
474,M88640,Paracet_Tab 500mg,0407010H0AAAMAM,1,-0.005599999999999966
473,M88021,Paracet_Tab 500mg,0407010H0AAAMAM,1,-0.005599999999999966
472,M85715,Paracet_Tab 500mg,0407010H0AAAMAM,1,-0.005599999999999966
471,M88003,Paracet_Tab 500mg,0407010H0AAAMAM,1,-0.005599999999999966
470,M88639,Paracet_Tab 500mg,0407010H0AAAMAM,1,-0.005599999999999966
468,Y01057,Paracet_Tab 500mg,0407010H0AAAMAM,1,-0.005599999999999966
461,M85176,Paracet_Tab 500mg,0407010H0AAAMAM,1,-0.005599999999999966
467,M88035,Paracet_Tab 500mg,0407010H0AAAMAM,1,-0.005599999999999966
482,M88014,Paracet_Tab 500mg,0407010H0AAAMAM,1,-0.005599999999999966
483,M88626,Paracet_Tab 500mg,0407010H0AAAMAM,1,-0.005599999999999966
484,M88007,Paracet_Tab 500mg,0407010H0AAAMAM,1,-0.005599999999999966
485,Y02704,Paracet_Tab 500mg,0407010H0AAAMAM,1,-0.005599999999999966
466,Y02704,Paracet_Tab 500mg,0407010H0AAAMAM,1,-0.005599999999999966
464,Y01057,Paracet_Tab 500mg,0407010H0AAAMAM,1,-0.005599999999999966
463,M88007,Paracet_Tab 500mg,0407010H0AAAMAM,1,-0.005599999999999966
480,M88014,Paracet_Tab 500mg,0407010H0AAAMAM,1,-0.005599999999999966
465,M88626,Paracet_Tab 500mg,0407010H0AAAMAM,1,-0.005599999999999966
664,M85697,Quetiapine_Tab 25mg,0402010ABAAABAB,4,-0.00560000000000016
769,M85663,Paracet_Tab Solb 500mg,0407010H0AAAQAQ,1,-0.005999999999999339
779,M85098,Paracet_Tab Solb 500mg,0407010H0AAAQAQ,2,-0.005999999999999339
790,M88019,Paracet_Tab Solb 500mg,0407010H0AAAQAQ,1,-0.005999999999999339
787,M85098,Paracet_Tab Solb 500mg,0407010H0AAAQAQ,2,-0.005999999999999339
786,M88620,Paracet_Tab Solb 500mg,0407010H0AAAQAQ,1,-0.005999999999999339
785,M85715,Paracet_Tab Solb 500mg,0407010H0AAAQAQ,1,-0.005999999999999339
784,M88001,Paracet_Tab Solb 500mg,0407010H0AAAQAQ,1,-0.005999999999999339
783,Y00412,Paracet_Tab Solb 500mg,0407010H0AAAQAQ,1,-0.005999999999999339
782,M85064,Paracet_Tab Solb 500mg,0407010H0AAAQAQ,1,-0.005999999999999339
781,M88001,Paracet_Tab Solb 500mg,0407010H0AAAQAQ,1,-0.005999999999999339
780,M88610,Paracet_Tab Solb 500mg,0407010H0AAAQAQ,1,-0.005999999999999339
778,M88019,Paracet_Tab Solb 500mg,0407010H0AAAQAQ,1,-0.005999999999999339
777,M85009,Paracet_Tab Solb 500mg,0407010H0AAAQAQ,1,-0.005999999999999339
776,M85715,Paracet_Tab Solb 500mg,0407010H0AAAQAQ,1,-0.005999999999999339
775,M85611,Paracet_Tab Solb 500mg,0407010H0AAAQAQ,1,-0.005999999999999339
774,M85611,Paracet_Tab Solb 500mg,0407010H0AAAQAQ,1,-0.005999999999999339
773,M88610,Paracet_Tab Solb 500mg,0407010H0AAAQAQ,1,-0.005999999999999339
772,M85009,Paracet_Tab Solb 500mg,0407010H0AAAQAQ,1,-0.005999999999999339
771,M87013,Paracet_Tab Solb 500mg,0407010H0AAAQAQ,1,-0.005999999999999339
770,M88620,Paracet_Tab Solb 500mg,0407010H0AAAQAQ,1,-0.005999999999999339
768,M85019,Paracet_Tab Solb 500mg,0407010H0AAAQAQ,1,-0.005999999999999339
767,M87013,Paracet_Tab Solb 500mg,0407010H0AAAQAQ,1,-0.005999999999999339
766,M85663,Paracet_Tab Solb 500mg,0407010H0AAAQAQ,1,-0.005999999999999339
765,Y00412,Paracet_Tab Solb 500mg,0407010H0AAAQAQ,1,-0.005999999999999339
788,M85064,Paracet_Tab Solb 500mg,0407010H0AAAQAQ,1,-0.005999999999999339
789,M85019,Paracet_Tab Solb 500mg,0407010H0AAAQAQ,1,-0.005999999999999339
72,M85020,Atorvastatin_Tab 20mg,0212000B0AAABAB,2,-0.0059999999999997555
31,M88626,Atorvastatin_Tab 40mg,0212000B0AAACAC,2,-0.0059999999999997555
71,M88022,Atorvastatin_Tab 20mg,0212000B0AAABAB,2,-0.0059999999999997555
857,M88619,Atorvastatin_Tab 80mg,0212000B0AAADAD,1,-0.006000000000000172
1026,M85178,Ferr Sulf_Tab 200mg,0901011P0AAACAC,3,-0.0063000000000001805
1027,M88626,Ferr Sulf_Tab 200mg,0901011P0AAACAC,3,-0.0063000000000001805
489,Y03392,Paracet_Tab 500mg,0407010H0AAAMAM,2,-0.007999999999999952
488,Y03392,Paracet_Tab 500mg,0407010H0AAAMAM,2,-0.007999999999999952
570,M85019,Aripiprazole_Tab 10mg,0402010ADAAAAAA,4,-0.008399999999999852
571,M85797,Aripiprazole_Tab 10mg,0402010ADAAAAAA,4,-0.008399999999999852
1028,M88009,Ferr Sulf_Tab 200mg,0901011P0AAACAC,4,-0.00840000000000024
665,Y02704,Quetiapine_Tab 25mg,0402010ABAAABAB,3,-0.00840000000000024
666,M85663,Quetiapine_Tab 25mg,0402010ABAAABAB,3,-0.00840000000000024
667,M85778,Quetiapine_Tab 25mg,0402010ABAAABAB,3,-0.00840000000000024
668,M85178,Quetiapine_Tab 25mg,0402010ABAAABAB,6,-0.00840000000000024
669,M88639,Quetiapine_Tab 25mg,0402010ABAAABAB,3,-0.00840000000000024
73,M88626,Atorvastatin_Tab 20mg,0212000B0AAABAB,3,-0.008999999999999633
572,M88043,Aripiprazole_Tab 10mg,0402010ADAAAAAA,5,-0.010499999999999815
1029,M88004,Ferr Sulf_Tab 200mg,0901011P0AAACAC,5,-0.0105000000000003
497,M85768,Paracet_Tab 500mg,0407010H0AAAMAM,2,-0.011199999999999932
494,Y02961,Paracet_Tab 500mg,0407010H0AAAMAM,2,-0.011199999999999932
490,M85768,Paracet_Tab 500mg,0407010H0AAAMAM,2,-0.011199999999999932
496,M85009,Paracet_Tab 500mg,0407010H0AAAMAM,2,-0.011199999999999932
493,M88630,Paracet_Tab 500mg,0407010H0AAAMAM,2,-0.011199999999999932
495,M85009,Paracet_Tab 500mg,0407010H0AAAMAM,2,-0.011199999999999932
491,Y02961,Paracet_Tab 500mg,0407010H0AAAMAM,2,-0.011199999999999932
492,M88630,Paracet_Tab 500mg,0407010H0AAAMAM,2,-0.011199999999999932
672,M85145,Quetiapine_Tab 25mg,0402010ABAAABAB,4,-0.01120000000000032
671,Y02701,Quetiapine_Tab 25mg,0402010ABAAABAB,4,-0.01120000000000032
670,M85002,Quetiapine_Tab 25mg,0402010ABAAABAB,4,-0.01120000000000032
673,M88038,Quetiapine_Tab 25mg,0402010ABAAABAB,4,-0.01120000000000032
793,M88628,Paracet_Tab Solb 500mg,0407010H0AAAQAQ,2,-0.011999999999998678
794,M88040,Paracet_Tab Solb 500mg,0407010H0AAAQAQ,2,-0.011999999999998678
795,M88010,Paracet_Tab Solb 500mg,0407010H0AAAQAQ,2,-0.011999999999998678
796,M88010,Paracet_Tab Solb 500mg,0407010H0AAAQAQ,2,-0.011999999999998678
792,M85082,Paracet_Tab Solb 500mg,0407010H0AAAQAQ,2,-0.011999999999998678
791,M85082,Paracet_Tab Solb 500mg,0407010H0AAAQAQ,2,-0.011999999999998678
797,M88002,Paracet_Tab Solb 500mg,0407010H0AAAQAQ,2,-0.011999999999998678
798,M88002,Paracet_Tab Solb 500mg,0407010H0AAAQAQ,2,-0.011999999999998678
799,M88628,Paracet_Tab Solb 500mg,0407010H0AAAQAQ,2,-0.011999999999998678
800,M88004,Paracet_Tab Solb 500mg,0407010H0AAAQAQ,2,-0.011999999999998678
801,M88040,Paracet_Tab Solb 500mg,0407010H0AAAQAQ,2,-0.011999999999998678
802,M85676,Paracet_Tab Solb 500mg,0407010H0AAAQAQ,2,-0.011999999999998678
803,M85676,Paracet_Tab Solb 500mg,0407010H0AAAQAQ,2,-0.011999999999998678
804,M88004,Paracet_Tab Solb 500mg,0407010H0AAAQAQ,2,-0.011999999999998678
498,M85178,Paracet_Tab 500mg,0407010H0AAAMAM,2,-0.011999999999999927
499,M85178,Paracet_Tab 500mg,0407010H0AAAMAM,2,-0.011999999999999927
674,M85124,Quetiapine_Tab 25mg,0402010ABAAABAB,3,-0.012600000000000361
676,Y01057,Quetiapine_Tab 25mg,0402010ABAAABAB,5,-0.014000000000000401
675,M85020,Quetiapine_Tab 25mg,0402010ABAAABAB,5,-0.014000000000000401
573,M85069,Aripiprazole_Tab 10mg,0402010ADAAAAAA,8,-0.016799999999999704
500,M87013,Paracet_Tab 500mg,0407010H0AAAMAM,3,-0.0167999999999999
501,M87013,Paracet_Tab 500mg,0407010H0AAAMAM,3,-0.0167999999999999
677,M88038,Quetiapine_Tab 25mg,0402010ABAAABAB,4,-0.01680000000000048
1030,M88647,Ferr Sulf_Tab 200mg,0901011P0AAACAC,8,-0.01680000000000048
806,M85178,Paracet_Tab Solb 500mg,0407010H0AAAQAQ,3,-0.017999999999998018
805,M85178,Paracet_Tab Solb 500mg,0407010H0AAAQAQ,3,-0.017999999999998018
679,M88018,Quetiapine_Tab 25mg,0402010ABAAABAB,7,-0.01960000000000056
678,M85178,Quetiapine_Tab 25mg,0402010ABAAABAB,7,-0.01960000000000056
1032,M85020,Ferr Sulf_Tab 200mg,0901011P0AAACAC,10,-0.0210000000000006
1031,M85145,Ferr Sulf_Tab 200mg,0901011P0AAACAC,10,-0.0210000000000006
507,M88043,Paracet_Tab 500mg,0407010H0AAAMAM,4,-0.022399999999999864
506,M88036,Paracet_Tab 500mg,0407010H0AAAMAM,4,-0.022399999999999864
504,M85124,Paracet_Tab 500mg,0407010H0AAAMAM,4,-0.022399999999999864
503,M88043,Paracet_Tab 500mg,0407010H0AAAMAM,4,-0.022399999999999864
502,M88036,Paracet_Tab 500mg,0407010H0AAAMAM,4,-0.022399999999999864
505,M85124,Paracet_Tab 500mg,0407010H0AAAMAM,4,-0.022399999999999864
1033,M85663,Ferr Sulf_Tab 200mg,0901011P0AAACAC,11,-0.02310000000000066
807,M85164,Paracet_Tab Solb 500mg,0407010H0AAAQAQ,4,-0.023999999999997357
810,M85124,Paracet_Tab Solb 500mg,0407010H0AAAQAQ,4,-0.023999999999997357
808,M85721,Paracet_Tab Solb 500mg,0407010H0AAAQAQ,4,-0.023999999999997357
811,M85721,Paracet_Tab Solb 500mg,0407010H0AAAQAQ,4,-0.023999999999997357
812,M85124,Paracet_Tab Solb 500mg,0407010H0AAAQAQ,4,-0.023999999999997357
809,M85164,Paracet_Tab Solb 500mg,0407010H0AAAQAQ,4,-0.023999999999997357
681,M88009,Quetiapine_Tab 25mg,0402010ABAAABAB,9,-0.025200000000000722
680,M88004,Quetiapine_Tab 25mg,0402010ABAAABAB,9,-0.025200000000000722
1035,M85019,Ferr Sulf_Tab 200mg,0901011P0AAACAC,12,-0.025200000000000722
1034,M88001,Ferr Sulf_Tab 200mg,0901011P0AAACAC,12,-0.025200000000000722
511,M88637,Paracet_Tab 500mg,0407010H0AAAMAM,5,-0.02799999999999983
510,M88647,Paracet_Tab 500mg,0407010H0AAAMAM,5,-0.02799999999999983
509,M88637,Paracet_Tab 500mg,0407010H0AAAMAM,5,-0.02799999999999983
508,M88647,Paracet_Tab 500mg,0407010H0AAAMAM,5,-0.02799999999999983
682,Y01057,Quetiapine_Tab 25mg,0402010ABAAABAB,5,-0.028000000000000802
512,M88009,Paracet_Tab 500mg,0407010H0AAAMAM,6,-0.0335999999999998
513,M88009,Paracet_Tab 500mg,0407010H0AAAMAM,6,-0.0335999999999998
858,M85064,Atorvastatin_Tab 80mg,0212000B0AAADAD,12,-0.03360000000000096
1036,M85069,Ferr Sulf_Tab 200mg,0901011P0AAACAC,16,-0.03360000000000096
515,Y02704,Paracet_Tab 500mg,0407010H0AAAMAM,3,-0.03599999999999978
514,Y02704,Paracet_Tab 500mg,0407010H0AAAMAM,3,-0.03599999999999978
517,M85020,Paracet_Tab 500mg,0407010H0AAAMAM,7,-0.03919999999999976
516,M85020,Paracet_Tab 500mg,0407010H0AAAMAM,7,-0.03919999999999976
519,M85721,Paracet_Tab 500mg,0407010H0AAAMAM,8,-0.04479999999999973
518,M85721,Paracet_Tab 500mg,0407010H0AAAMAM,8,-0.04479999999999973
521,M88015,Paracet_Tab 500mg,0407010H0AAAMAM,9,-0.050399999999999695
520,M88015,Paracet_Tab 500mg,0407010H0AAAMAM,9,-0.050399999999999695
1037,M85020,Ferr Sulf_Tab 200mg,0901011P0AAACAC,8,-0.08000000000000229
926,M85634,Clopidogrel_Tab 75mg,0209000C0AAAAAA,15,-0.0840000000000024
522,M85178,Paracet_Tab 500mg,0407010H0AAAMAM,17,-0.09519999999999942
523,M85178,Paracet_Tab 500mg,0407010H0AAAMAM,17,-0.09519999999999942
524,M85797,Paracet_Tab 500mg,0407010H0AAAMAM,19,-0.10639999999999936
525,M85797,Paracet_Tab 500mg,0407010H0AAAMAM,19,-0.10639999999999936
526,M85145,Paracet_Tab 500mg,0407010H0AAAMAM,24,-0.1343999999999992
527,M85145,Paracet_Tab 500mg,0407010H0AAAMAM,24,-0.1343999999999992
528,M88038,Paracet_Tab 500mg,0407010H0AAAMAM,27,-0.15119999999999909
529,M88038,Paracet_Tab 500mg,0407010H0AAAMAM,27,-0.15119999999999909
530,M85663,Paracet_Tab 500mg,0407010H0AAAMAM,31,-0.17359999999999895
531,M85663,Paracet_Tab 500mg,0407010H0AAAMAM,31,-0.17359999999999895
859,M88018,Atorvastatin_Tab 80mg,0212000B0AAADAD,70,-0.19600000000000561
532,M85019,Paracet_Tab 500mg,0407010H0AAAMAM,36,-0.20159999999999878
533,M85019,Paracet_Tab 500mg,0407010H0AAAMAM,36,-0.20159999999999878
534,M88001,Paracet_Tab 500mg,0407010H0AAAMAM,40,-0.22399999999999864
535,M88001,Paracet_Tab 500mg,0407010H0AAAMAM,40,-0.22399999999999864
537,M85069,Paracet_Tab 500mg,0407010H0AAAMAM,64,-0.35839999999999783
536,M85069,Paracet_Tab 500mg,0407010H0AAAMAM,64,-0.35839999999999783
538,M88610,Paracet_Tab 500mg,0407010H0AAAMAM,33,-0.659999999999996
539,M88610,Paracet_Tab 500mg,0407010H0AAAMAM,33,-0.659999999999996
540,M88645,Paracet_Tab 500mg,0407010H0AAAMAM,42,-0.839999999999995
541,M88645,Paracet_Tab 500mg,0407010H0AAAMAM,42,-0.839999999999995
542,M88616,Paracet_Tab 500mg,0407010H0AAAMAM,43,-0.8599999999999948
543,M88616,Paracet_Tab 500mg,0407010H0AAAMAM,43,-0.8599999999999948
544,M88643,Paracet_Tab 500mg,0407010H0AAAMAM,14,-0.9407999999999997
545,M88643,Paracet_Tab 500mg,0407010H0AAAMAM,14,-0.9407999999999997
546,M88645,Paracet_Tab 500mg,0407010H0AAAMAM,30,-1.3439999999999919
547,M88645,Paracet_Tab 500mg,0407010H0AAAMAM,30,-1.3439999999999919
548,M88001,Paracet_Tab 500mg,0407010H0AAAMAM,38,-1.5199999999999907
549,M88001,Paracet_Tab 500mg,0407010H0AAAMAM,38,-1.5199999999999907
550,M88633,Paracet_Tab 500mg,0407010H0AAAMAM,1,-1.8815999999999997
551,M88633,Paracet_Tab 500mg,0407010H0AAAMAM,1,-1.8815999999999997
683,M88001,Quetiapine_Tab 25mg,0402010ABAAABAB,1,-1.9487999999999999
552,M88010,Paracet_Tab 500mg,0407010H0AAAMAM,33,-1.9799999999999995
553,M88010,Paracet_Tab 500mg,0407010H0AAAMAM,33,-1.9799999999999995
