,practice_code,bnf_description,bnf_code,items,excess_cost
0,M84062,Simvastatin_Tab 40mg,0212000Y0AAADAD,103,198.1308
39,M84062,Sumatriptan_Tab 50mg,0407041T0AAAFAF,12,90.792
294,M84062,Losartan Pot_Tab 25mg,0205052N0AAAAAA,23,63.56280000000001
319,M84062,Olmesartan Medoxomil_Tab 10mg,0205052B0AAAAAA,10,54.292
40,M84062,Sumatriptan_Tab 50mg,0407041T0AAAFAF,5,51.882000000000005
420,M84062,Citalopram Hydrob_Tab 20mg,0403030D0AAAAAA,57,30.4836
318,M84010,Risperidone_Tab 6mg,040201030AAAFAF,1,29.2096
317,M84017,Risperidone_Tab 6mg,040201030AAAFAF,1,29.2096
328,M84062,Lamotrigine_Tab 100mg,0408010H0AAAAAA,2,21.313599999999997
325,M84062,Zolmitriptan_Tab 2.5mg,0407041Z0AAAAAA,8,19.95360000000001
326,M84062,Zolmitriptan_Tab 2.5mg,0407041Z0AAAAAA,1,16.92
329,M84069,Lamotrigine_Tab 100mg,0408010H0AAAAAA,2,11.827199999999998
330,M84062,Lamotrigine_Tab 100mg,0408010H0AAAAAA,1,10.665199999999999
1,M84062,Simvastatin_Tab 40mg,0212000Y0AAADAD,3,8.2488
327,M84062,Zolmitriptan_Tab 2.5mg,0407041Z0AAAAAA,1,7.98
245,M84036,Amiodarone HCl_Tab 200mg,0203020D0AAABAB,17,5.9500000000000055
246,M84028,Amiodarone HCl_Tab 200mg,0203020D0AAABAB,16,5.600000000000005
127,M84017,Clonazepam_Tab 500mcg,0408010F0AAABAB,4,5.06239999999999
247,M84043,Amiodarone HCl_Tab 200mg,0203020D0AAABAB,14,4.900000000000004
128,M84064,Clonazepam_Tab 500mcg,0408010F0AAABAB,3,3.796799999999992
130,M84028,Clonazepam_Tab 500mcg,0408010F0AAABAB,5,3.1639999999999935
131,M84036,Clonazepam_Tab 500mcg,0408010F0AAABAB,10,3.1639999999999935
129,M84036,Clonazepam_Tab 500mcg,0408010F0AAABAB,5,3.1639999999999935
132,M84015,Clonazepam_Tab 500mcg,0408010F0AAABAB,3,2.847599999999994
133,M84029,Clonazepam_Tab 500mcg,0408010F0AAABAB,3,2.847599999999994
249,M84025,Amiodarone HCl_Tab 200mg,0203020D0AAABAB,8,2.8000000000000025
248,M84021,Amiodarone HCl_Tab 200mg,0203020D0AAABAB,8,2.8000000000000025
135,M84017,Clonazepam_Tab 500mcg,0408010F0AAABAB,2,2.7119999999999944
134,M84025,Clonazepam_Tab 500mcg,0408010F0AAABAB,2,2.7119999999999944
138,M84028,Clonazepam_Tab 500mcg,0408010F0AAABAB,8,2.531199999999995
139,M84030,Clonazepam_Tab 500mcg,0408010F0AAABAB,8,2.531199999999995
137,M84030,Clonazepam_Tab 500mcg,0408010F0AAABAB,4,2.531199999999995
136,M84029,Clonazepam_Tab 500mcg,0408010F0AAABAB,4,2.531199999999995
251,M84018,Amiodarone HCl_Tab 200mg,0203020D0AAABAB,7,2.450000000000002
250,M84040,Amiodarone HCl_Tab 200mg,0203020D0AAABAB,7,2.450000000000002
252,M84015,Amiodarone HCl_Tab 200mg,0203020D0AAABAB,7,2.450000000000002
140,M84009,Clonazepam_Tab 500mcg,0408010F0AAABAB,2,2.2599999999999953
142,M84015,Clonazepam_Tab 500mcg,0408010F0AAABAB,2,2.2599999999999953
141,M84030,Clonazepam_Tab 500mcg,0408010F0AAABAB,2,2.2599999999999953
253,M84062,Amiodarone HCl_Tab 200mg,0203020D0AAABAB,6,2.100000000000002
254,M84044,Amiodarone HCl_Tab 200mg,0203020D0AAABAB,6,2.100000000000002
143,M84060,Clonazepam_Tab 500mcg,0408010F0AAABAB,1,2.033999999999996
149,M84029,Clonazepam_Tab 500mcg,0408010F0AAABAB,6,1.898399999999996
148,M84013,Clonazepam_Tab 500mcg,0408010F0AAABAB,3,1.898399999999996
147,M84015,Clonazepam_Tab 500mcg,0408010F0AAABAB,6,1.898399999999996
146,M84036,Clonazepam_Tab 500mcg,0408010F0AAABAB,2,1.898399999999996
145,M84017,Clonazepam_Tab 500mcg,0408010F0AAABAB,2,1.898399999999996
144,M84026,Clonazepam_Tab 500mcg,0408010F0AAABAB,3,1.898399999999996
255,M84030,Amiodarone HCl_Tab 200mg,0203020D0AAABAB,5,1.7500000000000016
258,M84010,Amiodarone HCl_Tab 200mg,0203020D0AAABAB,2,1.4000000000000012
256,M84060,Amiodarone HCl_Tab 200mg,0203020D0AAABAB,4,1.4000000000000012
257,M84620,Amiodarone HCl_Tab 200mg,0203020D0AAABAB,4,1.4000000000000012
259,M84032,Amiodarone HCl_Tab 200mg,0203020D0AAABAB,2,1.4000000000000012
260,M84028,Amiodarone HCl_Tab 200mg,0203020D0AAABAB,2,1.4000000000000012
261,M84017,Amiodarone HCl_Tab 200mg,0203020D0AAABAB,4,1.4000000000000012
262,M84629,Amiodarone HCl_Tab 200mg,0203020D0AAABAB,4,1.4000000000000012
263,M84063,Amiodarone HCl_Tab 200mg,0203020D0AAABAB,2,1.4000000000000012
264,M84070,Amiodarone HCl_Tab 200mg,0203020D0AAABAB,2,1.4000000000000012
151,M84026,Clonazepam_Tab 500mcg,0408010F0AAABAB,1,1.3559999999999972
150,M84025,Clonazepam_Tab 500mcg,0408010F0AAABAB,2,1.3559999999999972
160,M84018,Clonazepam_Tab 500mcg,0408010F0AAABAB,4,1.2655999999999974
161,M84029,Clonazepam_Tab 500mcg,0408010F0AAABAB,1,1.2655999999999974
162,M84036,Clonazepam_Tab 500mcg,0408010F0AAABAB,1,1.2655999999999974
163,M84032,Clonazepam_Tab 500mcg,0408010F0AAABAB,4,1.2655999999999974
166,M84617,Clonazepam_Tab 500mcg,0408010F0AAABAB,1,1.2655999999999974
165,M84069,Clonazepam_Tab 500mcg,0408010F0AAABAB,2,1.2655999999999974
153,M84014,Clonazepam_Tab 500mcg,0408010F0AAABAB,2,1.2655999999999974
167,M84032,Clonazepam_Tab 500mcg,0408010F0AAABAB,2,1.2655999999999974
168,M84015,Clonazepam_Tab 500mcg,0408010F0AAABAB,2,1.2655999999999974
169,M84617,Clonazepam_Tab 500mcg,0408010F0AAABAB,4,1.2655999999999974
152,M84043,Clonazepam_Tab 500mcg,0408010F0AAABAB,4,1.2655999999999974
164,M84025,Clonazepam_Tab 500mcg,0408010F0AAABAB,2,1.2655999999999974
154,M84002,Clonazepam_Tab 500mcg,0408010F0AAABAB,2,1.2655999999999974
155,M84040,Clonazepam_Tab 500mcg,0408010F0AAABAB,1,1.2655999999999974
156,M84021,Clonazepam_Tab 500mcg,0408010F0AAABAB,2,1.2655999999999974
157,M84070,Clonazepam_Tab 500mcg,0408010F0AAABAB,1,1.2655999999999974
159,M84064,Clonazepam_Tab 500mcg,0408010F0AAABAB,2,1.2655999999999974
158,M84010,Clonazepam_Tab 500mcg,0408010F0AAABAB,1,1.2655999999999974
170,M84025,Clonazepam_Tab 500mcg,0408010F0AAABAB,5,1.1864999999999974
265,M84036,Amiodarone HCl_Tab 200mg,0203020D0AAABAB,14,1.1858
173,M84629,Clonazepam_Tab 500mcg,0408010F0AAABAB,1,1.1299999999999977
172,M84063,Clonazepam_Tab 500mcg,0408010F0AAABAB,1,1.1299999999999977
171,M84070,Clonazepam_Tab 500mcg,0408010F0AAABAB,1,1.1299999999999977
271,M84029,Amiodarone HCl_Tab 200mg,0203020D0AAABAB,3,1.050000000000001
269,M84026,Amiodarone HCl_Tab 200mg,0203020D0AAABAB,3,1.050000000000001
270,M84047,Amiodarone HCl_Tab 200mg,0203020D0AAABAB,3,1.050000000000001
266,M84014,Amiodarone HCl_Tab 200mg,0203020D0AAABAB,3,1.050000000000001
267,M84617,Amiodarone HCl_Tab 200mg,0203020D0AAABAB,3,1.050000000000001
268,M84010,Amiodarone HCl_Tab 200mg,0203020D0AAABAB,3,1.050000000000001
2,M84062,Simvastatin_Tab 40mg,0212000Y0AAADAD,5,1.0430000000000001
174,M84036,Clonazepam_Tab 500mcg,0408010F0AAABAB,1,1.016999999999998
175,M84036,Clonazepam_Tab 500mcg,0408010F0AAABAB,3,1.016999999999998
190,M84010,Clonazepam_Tab 500mcg,0408010F0AAABAB,1,0.949199999999998
189,M84059,Clonazepam_Tab 500mcg,0408010F0AAABAB,4,0.949199999999998
188,M84028,Clonazepam_Tab 500mcg,0408010F0AAABAB,2,0.949199999999998
187,M84025,Clonazepam_Tab 500mcg,0408010F0AAABAB,2,0.949199999999998
186,M84025,Clonazepam_Tab 500mcg,0408010F0AAABAB,3,0.949199999999998
185,M84028,Clonazepam_Tab 500mcg,0408010F0AAABAB,1,0.949199999999998
192,M84032,Clonazepam_Tab 500mcg,0408010F0AAABAB,6,0.949199999999998
182,M84014,Clonazepam_Tab 500mcg,0408010F0AAABAB,3,0.949199999999998
181,M84026,Clonazepam_Tab 500mcg,0408010F0AAABAB,3,0.949199999999998
180,M84629,Clonazepam_Tab 500mcg,0408010F0AAABAB,3,0.949199999999998
179,M84044,Clonazepam_Tab 500mcg,0408010F0AAABAB,1,0.949199999999998
178,M84018,Clonazepam_Tab 500mcg,0408010F0AAABAB,4,0.949199999999998
177,M84021,Clonazepam_Tab 500mcg,0408010F0AAABAB,3,0.949199999999998
176,M84063,Clonazepam_Tab 500mcg,0408010F0AAABAB,4,0.949199999999998
191,M84043,Clonazepam_Tab 500mcg,0408010F0AAABAB,1,0.949199999999998
183,M84040,Clonazepam_Tab 500mcg,0408010F0AAABAB,1,0.949199999999998
184,M84025,Clonazepam_Tab 500mcg,0408010F0AAABAB,6,0.949199999999998
193,M84049,Clonazepam_Tab 500mcg,0408010F0AAABAB,1,0.7909999999999984
194,M84036,Clonazepam_Tab 500mcg,0408010F0AAABAB,9,0.7118999999999985
274,M84024,Amiodarone HCl_Tab 200mg,0203020D0AAABAB,1,0.7000000000000006
279,M84029,Amiodarone HCl_Tab 200mg,0203020D0AAABAB,1,0.7000000000000006
278,M84064,Amiodarone HCl_Tab 200mg,0203020D0AAABAB,1,0.7000000000000006
277,M84049,Amiodarone HCl_Tab 200mg,0203020D0AAABAB,1,0.7000000000000006
276,M84040,Amiodarone HCl_Tab 200mg,0203020D0AAABAB,1,0.7000000000000006
272,M84059,Amiodarone HCl_Tab 200mg,0203020D0AAABAB,2,0.7000000000000006
275,M84049,Amiodarone HCl_Tab 200mg,0203020D0AAABAB,2,0.7000000000000006
273,M84015,Amiodarone HCl_Tab 200mg,0203020D0AAABAB,1,0.7000000000000006
195,M84010,Clonazepam_Tab 500mcg,0408010F0AAABAB,1,0.6779999999999986
200,M84018,Clonazepam_Tab 500mcg,0408010F0AAABAB,1,0.6779999999999986
196,M84030,Clonazepam_Tab 500mcg,0408010F0AAABAB,2,0.6779999999999986
197,M84036,Clonazepam_Tab 500mcg,0408010F0AAABAB,1,0.6779999999999986
198,M84049,Clonazepam_Tab 500mcg,0408010F0AAABAB,1,0.6779999999999986
199,M84030,Clonazepam_Tab 500mcg,0408010F0AAABAB,1,0.6779999999999986
280,M84018,Amiodarone HCl_Tab 200mg,0203020D0AAABAB,8,0.6776
281,M84025,Amiodarone HCl_Tab 200mg,0203020D0AAABAB,8,0.6776
202,M84617,Clonazepam_Tab 500mcg,0408010F0AAABAB,1,0.6327999999999987
203,M84062,Clonazepam_Tab 500mcg,0408010F0AAABAB,1,0.6327999999999987
211,M84070,Clonazepam_Tab 500mcg,0408010F0AAABAB,1,0.6327999999999987
201,M84030,Clonazepam_Tab 500mcg,0408010F0AAABAB,4,0.6327999999999987
204,M84063,Clonazepam_Tab 500mcg,0408010F0AAABAB,1,0.6327999999999987
205,M84013,Clonazepam_Tab 500mcg,0408010F0AAABAB,2,0.6327999999999987
206,M84049,Clonazepam_Tab 500mcg,0408010F0AAABAB,2,0.6327999999999987
207,M84044,Clonazepam_Tab 500mcg,0408010F0AAABAB,4,0.6327999999999987
208,M84049,Clonazepam_Tab 500mcg,0408010F0AAABAB,1,0.6327999999999987
209,M84025,Clonazepam_Tab 500mcg,0408010F0AAABAB,8,0.6327999999999987
210,M84040,Clonazepam_Tab 500mcg,0408010F0AAABAB,2,0.6327999999999987
283,M84028,Amiodarone HCl_Tab 200mg,0203020D0AAABAB,7,0.5929
282,M84021,Amiodarone HCl_Tab 200mg,0203020D0AAABAB,7,0.5929
214,M84014,Clonazepam_Tab 500mcg,0408010F0AAABAB,1,0.5699999999999983
213,M84015,Clonazepam_Tab 500mcg,0408010F0AAABAB,1,0.5699999999999983
212,M84044,Clonazepam_Tab 500mcg,0408010F0AAABAB,1,0.5699999999999983
215,M84025,Clonazepam_Tab 500mcg,0408010F0AAABAB,1,0.5129999999999985
295,M84010,Losartan Pot_Tab 25mg,0205052N0AAAAAA,29,0.4872000000000027
216,M84026,Clonazepam_Tab 500mcg,0408010F0AAABAB,1,0.474599999999999
217,M84015,Clonazepam_Tab 500mcg,0408010F0AAABAB,3,0.474599999999999
284,M84024,Amiodarone HCl_Tab 200mg,0203020D0AAABAB,5,0.4235
218,M84015,Clonazepam_Tab 500mcg,0408010F0AAABAB,1,0.3583999999999996
285,M84069,Amiodarone HCl_Tab 200mg,0203020D0AAABAB,1,0.3500000000000003
286,M84070,Amiodarone HCl_Tab 200mg,0203020D0AAABAB,1,0.3500000000000003
287,M84063,Amiodarone HCl_Tab 200mg,0203020D0AAABAB,1,0.3500000000000003
288,M84013,Amiodarone HCl_Tab 200mg,0203020D0AAABAB,1,0.3500000000000003
289,M84009,Amiodarone HCl_Tab 200mg,0203020D0AAABAB,1,0.3500000000000003
290,M84064,Amiodarone HCl_Tab 200mg,0203020D0AAABAB,1,0.3500000000000003
219,M84028,Clonazepam_Tab 500mcg,0408010F0AAABAB,1,0.3389999999999993
220,M84043,Clonazepam_Tab 500mcg,0408010F0AAABAB,1,0.3389999999999993
221,M84049,Clonazepam_Tab 500mcg,0408010F0AAABAB,1,0.3389999999999993
292,M84063,Amiodarone HCl_Tab 200mg,0203020D0AAABAB,4,0.3388
291,M84032,Amiodarone HCl_Tab 200mg,0203020D0AAABAB,4,0.3388
227,M84029,Clonazepam_Tab 500mcg,0408010F0AAABAB,2,0.31639999999999935
229,M84021,Clonazepam_Tab 500mcg,0408010F0AAABAB,2,0.31639999999999935
222,M84069,Clonazepam_Tab 500mcg,0408010F0AAABAB,1,0.31639999999999935
223,M84069,Clonazepam_Tab 500mcg,0408010F0AAABAB,2,0.31639999999999935
224,M84060,Clonazepam_Tab 500mcg,0408010F0AAABAB,1,0.31639999999999935
225,M84024,Clonazepam_Tab 500mcg,0408010F0AAABAB,2,0.31639999999999935
226,M84070,Clonazepam_Tab 500mcg,0408010F0AAABAB,1,0.31639999999999935
228,M84030,Clonazepam_Tab 500mcg,0408010F0AAABAB,4,0.31639999999999935
231,M84017,Clonazepam_Tab 500mcg,0408010F0AAABAB,1,0.31639999999999935
230,M84063,Clonazepam_Tab 500mcg,0408010F0AAABAB,1,0.31639999999999935
232,M84062,Clonazepam_Tab 500mcg,0408010F0AAABAB,1,0.31639999999999935
233,M84028,Clonazepam_Tab 500mcg,0408010F0AAABAB,2,0.2735999999999992
3,M84018,Simvastatin_Tab 40mg,0212000Y0AAADAD,101,0.2120999999999987
293,M84026,Amiodarone HCl_Tab 200mg,0203020D0AAABAB,1,0.17920000000000008
4,M84025,Simvastatin_Tab 40mg,0212000Y0AAADAD,85,0.1784999999999989
234,M84018,Clonazepam_Tab 500mcg,0408010F0AAABAB,1,0.174
235,M84043,Clonazepam_Tab 500mcg,0408010F0AAABAB,1,0.174
243,M84036,Clonazepam_Tab 500mcg,0408010F0AAABAB,1,0.15819999999999967
236,M84026,Clonazepam_Tab 500mcg,0408010F0AAABAB,1,0.15819999999999967
238,M84629,Clonazepam_Tab 500mcg,0408010F0AAABAB,1,0.15819999999999967
239,M84063,Clonazepam_Tab 500mcg,0408010F0AAABAB,1,0.15819999999999967
240,M84043,Clonazepam_Tab 500mcg,0408010F0AAABAB,2,0.15819999999999967
241,M84617,Clonazepam_Tab 500mcg,0408010F0AAABAB,1,0.15819999999999967
242,M84009,Clonazepam_Tab 500mcg,0408010F0AAABAB,1,0.15819999999999967
237,M84014,Clonazepam_Tab 500mcg,0408010F0AAABAB,1,0.15819999999999967
5,M84043,Simvastatin_Tab 40mg,0212000Y0AAADAD,73,0.15329999999999908
421,M84018,Citalopram Hydrob_Tab 20mg,0403030D0AAAAAA,46,0.12880000000000147
6,M84032,Simvastatin_Tab 40mg,0212000Y0AAADAD,60,0.12599999999999922
7,M84036,Simvastatin_Tab 40mg,0212000Y0AAADAD,57,0.11969999999999928
422,M84025,Citalopram Hydrob_Tab 20mg,0403030D0AAAAAA,38,0.1064000000000012
331,M84043,Lamotrigine_Tab 100mg,0408010H0AAAAAA,30,0.09599999999999942
423,M84032,Citalopram Hydrob_Tab 20mg,0403030D0AAAAAA,31,0.08680000000000099
8,M84066,Simvastatin_Tab 40mg,0212000Y0AAADAD,41,0.08609999999999948
424,M84043,Citalopram Hydrob_Tab 20mg,0403030D0AAAAAA,29,0.08120000000000091
9,M84024,Simvastatin_Tab 40mg,0212000Y0AAADAD,37,0.07769999999999953
10,M84009,Simvastatin_Tab 40mg,0212000Y0AAADAD,31,0.0650999999999996
425,M84047,Citalopram Hydrob_Tab 20mg,0403030D0AAAAAA,22,0.061600000000000696
11,M84063,Simvastatin_Tab 40mg,0212000Y0AAADAD,27,0.05669999999999965
426,M84036,Citalopram Hydrob_Tab 20mg,0403030D0AAAAAA,20,0.05600000000000063
12,M84044,Simvastatin_Tab 40mg,0212000Y0AAADAD,24,0.050399999999999695
14,M84021,Simvastatin_Tab 40mg,0212000Y0AAADAD,20,0.041999999999999746
13,M84028,Simvastatin_Tab 40mg,0212000Y0AAADAD,20,0.041999999999999746
332,M84043,Lamotrigine_Tab 100mg,0408010H0AAAAAA,7,0.03919999999999568
296,M84025,Losartan Pot_Tab 25mg,0205052N0AAAAAA,17,0.0357000000000002
427,M84021,Citalopram Hydrob_Tab 20mg,0403030D0AAAAAA,12,0.03360000000000038
297,M84026,Losartan Pot_Tab 25mg,0205052N0AAAAAA,8,0.033600000000000185
15,M84617,Simvastatin_Tab 40mg,0212000Y0AAADAD,8,0.0335999999999998
16,M84032,Simvastatin_Tab 40mg,0212000Y0AAADAD,8,0.0335999999999998
298,M84043,Losartan Pot_Tab 25mg,0205052N0AAAAAA,15,0.031500000000000174
17,M84047,Simvastatin_Tab 40mg,0212000Y0AAADAD,15,0.031499999999999806
428,M84009,Citalopram Hydrob_Tab 20mg,0403030D0AAAAAA,11,0.030800000000000348
299,M84030,Losartan Pot_Tab 25mg,0205052N0AAAAAA,14,0.029400000000000162
333,M84026,Lamotrigine_Tab 100mg,0408010H0AAAAAA,5,0.027999999999996916
334,M84028,Lamotrigine_Tab 100mg,0408010H0AAAAAA,5,0.027999999999996916
18,M84069,Simvastatin_Tab 40mg,0212000Y0AAADAD,13,0.027299999999999835
429,M84066,Citalopram Hydrob_Tab 20mg,0403030D0AAAAAA,9,0.025200000000000285
20,M84025,Simvastatin_Tab 40mg,0212000Y0AAADAD,6,0.025199999999999848
19,M84030,Simvastatin_Tab 40mg,0212000Y0AAADAD,12,0.025199999999999848
434,M84010,Citalopram Hydrob_Tab 20mg,0403030D0AAAAAA,8,0.022400000000000253
430,M84028,Citalopram Hydrob_Tab 20mg,0403030D0AAAAAA,4,0.022400000000000253
431,M84030,Citalopram Hydrob_Tab 20mg,0403030D0AAAAAA,8,0.022400000000000253
432,M84018,Citalopram Hydrob_Tab 20mg,0403030D0AAAAAA,4,0.022400000000000253
433,M84024,Citalopram Hydrob_Tab 20mg,0403030D0AAAAAA,8,0.022400000000000253
435,M84063,Citalopram Hydrob_Tab 20mg,0403030D0AAAAAA,8,0.022400000000000253
320,M84063,Olmesartan Medoxomil_Tab 10mg,0205052B0AAAAAA,4,0.022399999999999864
335,M84069,Lamotrigine_Tab 100mg,0408010H0AAAAAA,4,0.022399999999997533
336,M84032,Lamotrigine_Tab 100mg,0408010H0AAAAAA,4,0.022399999999997533
337,M84015,Lamotrigine_Tab 100mg,0408010H0AAAAAA,4,0.022399999999997533
244,M84018,Clonazepam_Tab 500mcg,0408010F0AAABAB,1,0.021199999999999997
436,M84028,Citalopram Hydrob_Tab 20mg,0403030D0AAAAAA,7,0.01960000000000022
437,M84070,Citalopram Hydrob_Tab 20mg,0403030D0AAAAAA,6,0.01680000000000019
438,M84060,Citalopram Hydrob_Tab 20mg,0403030D0AAAAAA,3,0.01680000000000019
439,M84069,Citalopram Hydrob_Tab 20mg,0403030D0AAAAAA,6,0.01680000000000019
440,M84015,Citalopram Hydrob_Tab 20mg,0403030D0AAAAAA,3,0.01680000000000019
301,M84036,Losartan Pot_Tab 25mg,0205052N0AAAAAA,4,0.016800000000000093
300,M84047,Losartan Pot_Tab 25mg,0205052N0AAAAAA,4,0.016800000000000093
23,M84040,Simvastatin_Tab 40mg,0212000Y0AAADAD,8,0.0167999999999999
441,M84010,Citalopram Hydrob_Tab 20mg,0403030D0AAAAAA,2,0.0167999999999999
21,M84059,Simvastatin_Tab 40mg,0212000Y0AAADAD,8,0.0167999999999999
22,M84015,Simvastatin_Tab 40mg,0212000Y0AAADAD,4,0.0167999999999999
339,M84629,Lamotrigine_Tab 100mg,0408010H0AAAAAA,3,0.01679999999999815
338,M84010,Lamotrigine_Tab 100mg,0408010H0AAAAAA,3,0.01679999999999815
340,M84049,Lamotrigine_Tab 100mg,0408010H0AAAAAA,3,0.01679999999999815
24,M84015,Simvastatin_Tab 40mg,0212000Y0AAADAD,7,0.014699999999999911
443,M84017,Citalopram Hydrob_Tab 20mg,0403030D0AAAAAA,5,0.014000000000000158
442,M84015,Citalopram Hydrob_Tab 20mg,0403030D0AAAAAA,5,0.014000000000000158
321,M84036,Olmesartan Medoxomil_Tab 10mg,0205052B0AAAAAA,5,0.013999999999999915
302,M84024,Losartan Pot_Tab 25mg,0205052N0AAAAAA,6,0.01260000000000007
303,M84066,Losartan Pot_Tab 25mg,0205052N0AAAAAA,6,0.01260000000000007
25,M84059,Simvastatin_Tab 40mg,0212000Y0AAADAD,3,0.012599999999999924
447,M84002,Citalopram Hydrob_Tab 20mg,0403030D0AAAAAA,2,0.011200000000000127
446,M84044,Citalopram Hydrob_Tab 20mg,0403030D0AAAAAA,4,0.011200000000000127
445,M84049,Citalopram Hydrob_Tab 20mg,0403030D0AAAAAA,2,0.011200000000000127
444,M84044,Citalopram Hydrob_Tab 20mg,0403030D0AAAAAA,2,0.011200000000000127
322,M84024,Olmesartan Medoxomil_Tab 10mg,0205052B0AAAAAA,4,0.011199999999999932
323,M84018,Olmesartan Medoxomil_Tab 10mg,0205052B0AAAAAA,4,0.011199999999999932
341,M84014,Lamotrigine_Tab 100mg,0408010H0AAAAAA,2,0.011199999999998766
343,M84015,Lamotrigine_Tab 100mg,0408010H0AAAAAA,4,0.011199999999998766
342,M84018,Lamotrigine_Tab 100mg,0408010H0AAAAAA,4,0.011199999999998766
345,M84060,Lamotrigine_Tab 100mg,0408010H0AAAAAA,2,0.011199999999998766
346,M84024,Lamotrigine_Tab 100mg,0408010H0AAAAAA,2,0.011199999999998766
347,M84009,Lamotrigine_Tab 100mg,0408010H0AAAAAA,2,0.011199999999998766
348,M84021,Lamotrigine_Tab 100mg,0408010H0AAAAAA,2,0.011199999999998766
344,M84030,Lamotrigine_Tab 100mg,0408010H0AAAAAA,2,0.011199999999998766
26,M84049,Simvastatin_Tab 40mg,0212000Y0AAADAD,5,0.010499999999999936
448,M84040,Citalopram Hydrob_Tab 20mg,0403030D0AAAAAA,3,0.008400000000000095
449,M84062,Citalopram Hydrob_Tab 20mg,0403030D0AAAAAA,3,0.008400000000000095
450,M84064,Citalopram Hydrob_Tab 20mg,0403030D0AAAAAA,3,0.008400000000000095
305,M84036,Losartan Pot_Tab 25mg,0205052N0AAAAAA,4,0.008400000000000046
304,M84021,Losartan Pot_Tab 25mg,0205052N0AAAAAA,4,0.008400000000000046
306,M84018,Losartan Pot_Tab 25mg,0205052N0AAAAAA,4,0.008400000000000046
307,M84059,Losartan Pot_Tab 25mg,0205052N0AAAAAA,4,0.008400000000000046
308,M84032,Losartan Pot_Tab 25mg,0205052N0AAAAAA,4,0.008400000000000046
29,M84620,Simvastatin_Tab 40mg,0212000Y0AAADAD,4,0.00839999999999995
451,M84025,Citalopram Hydrob_Tab 20mg,0403030D0AAAAAA,1,0.00839999999999995
456,M84032,Citalopram Hydrob_Tab 20mg,0403030D0AAAAAA,1,0.00839999999999995
452,M84028,Citalopram Hydrob_Tab 20mg,0403030D0AAAAAA,1,0.00839999999999995
453,M84060,Citalopram Hydrob_Tab 20mg,0403030D0AAAAAA,1,0.00839999999999995
27,M84010,Simvastatin_Tab 40mg,0212000Y0AAADAD,4,0.00839999999999995
28,M84014,Simvastatin_Tab 40mg,0212000Y0AAADAD,4,0.00839999999999995
454,M84069,Citalopram Hydrob_Tab 20mg,0403030D0AAAAAA,1,0.00839999999999995
455,M84036,Citalopram Hydrob_Tab 20mg,0403030D0AAAAAA,1,0.00839999999999995
355,M84014,Lamotrigine_Tab 100mg,0408010H0AAAAAA,1,0.008399999999999075
354,M84062,Lamotrigine_Tab 100mg,0408010H0AAAAAA,1,0.008399999999999075
353,M84060,Lamotrigine_Tab 100mg,0408010H0AAAAAA,1,0.008399999999999075
352,M84017,Lamotrigine_Tab 100mg,0408010H0AAAAAA,1,0.008399999999999075
351,M84040,Lamotrigine_Tab 100mg,0408010H0AAAAAA,1,0.008399999999999075
350,M84021,Lamotrigine_Tab 100mg,0408010H0AAAAAA,1,0.008399999999999075
349,M84029,Lamotrigine_Tab 100mg,0408010H0AAAAAA,1,0.008399999999999075
30,M84026,Simvastatin_Tab 40mg,0212000Y0AAADAD,3,0.006299999999999962
457,M84049,Citalopram Hydrob_Tab 20mg,0403030D0AAAAAA,2,0.006000000000000172
458,M84070,Citalopram Hydrob_Tab 20mg,0403030D0AAAAAA,1,0.005600000000000063
459,M84014,Citalopram Hydrob_Tab 20mg,0403030D0AAAAAA,1,0.005600000000000063
460,M84010,Citalopram Hydrob_Tab 20mg,0403030D0AAAAAA,1,0.005600000000000063
357,M84066,Lamotrigine_Tab 100mg,0408010H0AAAAAA,1,0.005599999999999383
358,M84064,Lamotrigine_Tab 100mg,0408010H0AAAAAA,1,0.005599999999999383
356,M84044,Lamotrigine_Tab 100mg,0408010H0AAAAAA,1,0.005599999999999383
31,M84013,Simvastatin_Tab 40mg,0212000Y0AAADAD,1,0.0045000000000000075
311,M84629,Losartan Pot_Tab 25mg,0205052N0AAAAAA,1,0.004200000000000023
310,M84030,Losartan Pot_Tab 25mg,0205052N0AAAAAA,1,0.004200000000000023
309,M84015,Losartan Pot_Tab 25mg,0205052N0AAAAAA,1,0.004200000000000023
312,M84059,Losartan Pot_Tab 25mg,0205052N0AAAAAA,1,0.004199999999999975
32,M84043,Simvastatin_Tab 40mg,0212000Y0AAADAD,1,0.004199999999999975
462,M84021,Citalopram Hydrob_Tab 20mg,0403030D0AAAAAA,1,0.004000000000000045
461,M84060,Citalopram Hydrob_Tab 20mg,0403030D0AAAAAA,1,0.004000000000000045
463,M84062,Citalopram Hydrob_Tab 20mg,0403030D0AAAAAA,1,0.0032000000000000917
464,M84014,Citalopram Hydrob_Tab 20mg,0403030D0AAAAAA,1,0.003200000000000036
42,M84017,Sumatriptan_Tab 50mg,0407041T0AAAFAF,1,0.0031999999999996476
43,M84029,Sumatriptan_Tab 50mg,0407041T0AAAFAF,1,0.0031999999999996476
41,M84021,Sumatriptan_Tab 50mg,0407041T0AAAFAF,1,0.0031999999999996476
324,M84021,Olmesartan Medoxomil_Tab 10mg,0205052B0AAAAAA,1,0.003000000000000086
33,M84043,Simvastatin_Tab 40mg,0212000Y0AAADAD,1,0.003000000000000034
466,M84026,Citalopram Hydrob_Tab 20mg,0403030D0AAAAAA,1,0.0028000000000000316
465,M84049,Citalopram Hydrob_Tab 20mg,0403030D0AAAAAA,1,0.0028000000000000316
359,M84024,Lamotrigine_Tab 100mg,0408010H0AAAAAA,1,0.0027999999999996916
34,M84063,Simvastatin_Tab 40mg,0212000Y0AAADAD,1,0.002499999999999985
314,M84044,Losartan Pot_Tab 25mg,0205052N0AAAAAA,1,0.0021000000000000116
313,M84014,Losartan Pot_Tab 25mg,0205052N0AAAAAA,1,0.0021000000000000116
35,M84002,Simvastatin_Tab 40mg,0212000Y0AAADAD,1,0.0020999999999999873
467,M84021,Citalopram Hydrob_Tab 20mg,0403030D0AAAAAA,1,0.001600000000000018
468,M84025,Citalopram Hydrob_Tab 20mg,0403030D0AAAAAA,1,0.001600000000000018
469,M84024,Citalopram Hydrob_Tab 20mg,0403030D0AAAAAA,1,0.000800000000000009
412,M84629,Lamotrigine_Tab 100mg,0408010H0AAAAAA,1,0.0
413,M84028,Lamotrigine_Tab 100mg,0408010H0AAAAAA,1,0.0
414,M84032,Lamotrigine_Tab 100mg,0408010H0AAAAAA,4,0.0
415,M84069,Lamotrigine_Tab 100mg,0408010H0AAAAAA,1,0.0
121,M84049,Sumatriptan_Tab 50mg,0407041T0AAAFAF,6,0.0
119,M84028,Sumatriptan_Tab 50mg,0407041T0AAAFAF,1,0.0
120,M84002,Sumatriptan_Tab 50mg,0407041T0AAAFAF,2,0.0
410,M84013,Lamotrigine_Tab 100mg,0408010H0AAAAAA,4,0.0
122,M84040,Sumatriptan_Tab 50mg,0407041T0AAAFAF,5,0.0
123,M84064,Sumatriptan_Tab 50mg,0407041T0AAAFAF,1,0.0
73,M84021,Sumatriptan_Tab 50mg,0407041T0AAAFAF,24,0.0
74,M84018,Sumatriptan_Tab 50mg,0407041T0AAAFAF,6,0.0
411,M84025,Lamotrigine_Tab 100mg,0408010H0AAAAAA,2,0.0
408,M84002,Lamotrigine_Tab 100mg,0408010H0AAAAAA,2,0.0
409,M84014,Lamotrigine_Tab 100mg,0408010H0AAAAAA,5,0.0
76,M84040,Sumatriptan_Tab 50mg,0407041T0AAAFAF,8,0.0
393,M84040,Lamotrigine_Tab 100mg,0408010H0AAAAAA,2,0.0
394,M84064,Lamotrigine_Tab 100mg,0408010H0AAAAAA,3,0.0
395,M84049,Lamotrigine_Tab 100mg,0408010H0AAAAAA,2,0.0
396,M84018,Lamotrigine_Tab 100mg,0408010H0AAAAAA,2,0.0
397,M84043,Lamotrigine_Tab 100mg,0408010H0AAAAAA,7,0.0
398,M84028,Lamotrigine_Tab 100mg,0408010H0AAAAAA,5,0.0
399,M84066,Lamotrigine_Tab 100mg,0408010H0AAAAAA,2,0.0
400,M84030,Lamotrigine_Tab 100mg,0408010H0AAAAAA,6,0.0
401,M84002,Lamotrigine_Tab 100mg,0408010H0AAAAAA,1,0.0
402,M84026,Lamotrigine_Tab 100mg,0408010H0AAAAAA,6,0.0
403,M84032,Lamotrigine_Tab 100mg,0408010H0AAAAAA,1,0.0
404,M84029,Lamotrigine_Tab 100mg,0408010H0AAAAAA,2,0.0
405,M84070,Lamotrigine_Tab 100mg,0408010H0AAAAAA,1,0.0
406,M84015,Lamotrigine_Tab 100mg,0408010H0AAAAAA,1,0.0
407,M84040,Lamotrigine_Tab 100mg,0408010H0AAAAAA,3,0.0
75,M84026,Sumatriptan_Tab 50mg,0407041T0AAAFAF,8,0.0
78,M84030,Sumatriptan_Tab 50mg,0407041T0AAAFAF,5,0.0
77,M84002,Sumatriptan_Tab 50mg,0407041T0AAAFAF,6,0.0
391,M84047,Lamotrigine_Tab 100mg,0408010H0AAAAAA,1,0.0
97,M84044,Sumatriptan_Tab 50mg,0407041T0AAAFAF,8,0.0
98,M84002,Sumatriptan_Tab 50mg,0407041T0AAAFAF,5,0.0
99,M84030,Sumatriptan_Tab 50mg,0407041T0AAAFAF,1,0.0
100,M84029,Sumatriptan_Tab 50mg,0407041T0AAAFAF,1,0.0
101,M84063,Sumatriptan_Tab 50mg,0407041T0AAAFAF,12,0.0
102,M84064,Sumatriptan_Tab 50mg,0407041T0AAAFAF,3,0.0
103,M84629,Sumatriptan_Tab 50mg,0407041T0AAAFAF,7,0.0
104,M84060,Sumatriptan_Tab 50mg,0407041T0AAAFAF,7,0.0
105,M84024,Sumatriptan_Tab 50mg,0407041T0AAAFAF,1,0.0
106,M84025,Sumatriptan_Tab 50mg,0407041T0AAAFAF,1,0.0
107,M84629,Sumatriptan_Tab 50mg,0407041T0AAAFAF,2,0.0
108,M84015,Sumatriptan_Tab 50mg,0407041T0AAAFAF,7,0.0
109,M84021,Sumatriptan_Tab 50mg,0407041T0AAAFAF,1,0.0
110,M84014,Sumatriptan_Tab 50mg,0407041T0AAAFAF,2,0.0
111,M84017,Sumatriptan_Tab 50mg,0407041T0AAAFAF,3,0.0
96,M84024,Sumatriptan_Tab 50mg,0407041T0AAAFAF,2,0.0
95,M84025,Sumatriptan_Tab 50mg,0407041T0AAAFAF,20,0.0
94,M84032,Sumatriptan_Tab 50mg,0407041T0AAAFAF,2,0.0
85,M84013,Sumatriptan_Tab 50mg,0407041T0AAAFAF,9,0.0
79,M84025,Sumatriptan_Tab 50mg,0407041T0AAAFAF,9,0.0
80,M84030,Sumatriptan_Tab 50mg,0407041T0AAAFAF,13,0.0
81,M84063,Sumatriptan_Tab 50mg,0407041T0AAAFAF,4,0.0
82,M84036,Sumatriptan_Tab 50mg,0407041T0AAAFAF,9,0.0
83,M84024,Sumatriptan_Tab 50mg,0407041T0AAAFAF,3,0.0
84,M84044,Sumatriptan_Tab 50mg,0407041T0AAAFAF,6,0.0
86,M84036,Sumatriptan_Tab 50mg,0407041T0AAAFAF,2,0.0
93,M84064,Sumatriptan_Tab 50mg,0407041T0AAAFAF,2,0.0
87,M84018,Sumatriptan_Tab 50mg,0407041T0AAAFAF,18,0.0
88,M84014,Sumatriptan_Tab 50mg,0407041T0AAAFAF,8,0.0
89,M84015,Sumatriptan_Tab 50mg,0407041T0AAAFAF,2,0.0
90,M84070,Sumatriptan_Tab 50mg,0407041T0AAAFAF,5,0.0
91,M84026,Sumatriptan_Tab 50mg,0407041T0AAAFAF,3,0.0
92,M84066,Sumatriptan_Tab 50mg,0407041T0AAAFAF,1,0.0
392,M84036,Lamotrigine_Tab 100mg,0408010H0AAAAAA,1,0.0
390,M84026,Lamotrigine_Tab 100mg,0408010H0AAAAAA,1,0.0
68,M84032,Sumatriptan_Tab 50mg,0407041T0AAAFAF,5,0.0
61,M84036,Sumatriptan_Tab 50mg,0407041T0AAAFAF,12,0.0
55,M84014,Sumatriptan_Tab 50mg,0407041T0AAAFAF,1,0.0
56,M84010,Sumatriptan_Tab 50mg,0407041T0AAAFAF,2,0.0
57,M84617,Sumatriptan_Tab 50mg,0407041T0AAAFAF,1,0.0
58,M84047,Sumatriptan_Tab 50mg,0407041T0AAAFAF,3,0.0
59,M84021,Sumatriptan_Tab 50mg,0407041T0AAAFAF,18,0.0
60,M84017,Sumatriptan_Tab 50mg,0407041T0AAAFAF,11,0.0
62,M84047,Sumatriptan_Tab 50mg,0407041T0AAAFAF,7,0.0
70,M84009,Sumatriptan_Tab 50mg,0407041T0AAAFAF,1,0.0
63,M84060,Sumatriptan_Tab 50mg,0407041T0AAAFAF,1,0.0
64,M84024,Sumatriptan_Tab 50mg,0407041T0AAAFAF,1,0.0
65,M84043,Sumatriptan_Tab 50mg,0407041T0AAAFAF,13,0.0
66,M84066,Sumatriptan_Tab 50mg,0407041T0AAAFAF,3,0.0
67,M84014,Sumatriptan_Tab 50mg,0407041T0AAAFAF,12,0.0
389,M84617,Lamotrigine_Tab 100mg,0408010H0AAAAAA,1,0.0
54,M84029,Sumatriptan_Tab 50mg,0407041T0AAAFAF,5,0.0
53,M84620,Sumatriptan_Tab 50mg,0407041T0AAAFAF,1,0.0
52,M84028,Sumatriptan_Tab 50mg,0407041T0AAAFAF,15,0.0
51,M84028,Sumatriptan_Tab 50mg,0407041T0AAAFAF,1,0.0
50,M84070,Sumatriptan_Tab 50mg,0407041T0AAAFAF,1,0.0
49,M84036,Sumatriptan_Tab 50mg,0407041T0AAAFAF,1,0.0
48,M84617,Sumatriptan_Tab 50mg,0407041T0AAAFAF,5,0.0
47,M84070,Sumatriptan_Tab 50mg,0407041T0AAAFAF,9,0.0
112,M84013,Sumatriptan_Tab 50mg,0407041T0AAAFAF,8,0.0
118,M84069,Sumatriptan_Tab 50mg,0407041T0AAAFAF,7,0.0
117,M84059,Sumatriptan_Tab 50mg,0407041T0AAAFAF,1,0.0
116,M84060,Sumatriptan_Tab 50mg,0407041T0AAAFAF,3,0.0
115,M84009,Sumatriptan_Tab 50mg,0407041T0AAAFAF,3,0.0
114,M84013,Sumatriptan_Tab 50mg,0407041T0AAAFAF,2,0.0
46,M84069,Sumatriptan_Tab 50mg,0407041T0AAAFAF,7,0.0
45,M84029,Sumatriptan_Tab 50mg,0407041T0AAAFAF,3,0.0
44,M84049,Sumatriptan_Tab 50mg,0407041T0AAAFAF,3,0.0
69,M84028,Sumatriptan_Tab 50mg,0407041T0AAAFAF,20,0.0
113,M84015,Sumatriptan_Tab 50mg,0407041T0AAAFAF,3,0.0
71,M84010,Sumatriptan_Tab 50mg,0407041T0AAAFAF,5,0.0
373,M84060,Lamotrigine_Tab 100mg,0408010H0AAAAAA,3,0.0
388,M84060,Lamotrigine_Tab 100mg,0408010H0AAAAAA,1,0.0
387,M84617,Lamotrigine_Tab 100mg,0408010H0AAAAAA,3,0.0
386,M84024,Lamotrigine_Tab 100mg,0408010H0AAAAAA,1,0.0
385,M84044,Lamotrigine_Tab 100mg,0408010H0AAAAAA,6,0.0
384,M84063,Lamotrigine_Tab 100mg,0408010H0AAAAAA,6,0.0
383,M84024,Lamotrigine_Tab 100mg,0408010H0AAAAAA,3,0.0
382,M84017,Lamotrigine_Tab 100mg,0408010H0AAAAAA,6,0.0
381,M84063,Lamotrigine_Tab 100mg,0408010H0AAAAAA,3,0.0
380,M84029,Lamotrigine_Tab 100mg,0408010H0AAAAAA,7,0.0
379,M84009,Lamotrigine_Tab 100mg,0408010H0AAAAAA,1,0.0
378,M84015,Lamotrigine_Tab 100mg,0408010H0AAAAAA,12,0.0
377,M84629,Lamotrigine_Tab 100mg,0408010H0AAAAAA,4,0.0
376,M84049,Lamotrigine_Tab 100mg,0408010H0AAAAAA,1,0.0
374,M84064,Lamotrigine_Tab 100mg,0408010H0AAAAAA,1,0.0
375,M84036,Lamotrigine_Tab 100mg,0408010H0AAAAAA,8,0.0
372,M84028,Lamotrigine_Tab 100mg,0408010H0AAAAAA,1,0.0
365,M84010,Lamotrigine_Tab 100mg,0408010H0AAAAAA,6,0.0
72,M84043,Sumatriptan_Tab 50mg,0407041T0AAAFAF,9,0.0
360,M84059,Lamotrigine_Tab 100mg,0408010H0AAAAAA,1,0.0
361,M84002,Lamotrigine_Tab 100mg,0408010H0AAAAAA,1,0.0
362,M84617,Lamotrigine_Tab 100mg,0408010H0AAAAAA,2,0.0
363,M84047,Lamotrigine_Tab 100mg,0408010H0AAAAAA,2,0.0
371,M84025,Lamotrigine_Tab 100mg,0408010H0AAAAAA,3,0.0
364,M84021,Lamotrigine_Tab 100mg,0408010H0AAAAAA,11,0.0
366,M84021,Lamotrigine_Tab 100mg,0408010H0AAAAAA,1,0.0
367,M84032,Lamotrigine_Tab 100mg,0408010H0AAAAAA,2,0.0
368,M84070,Lamotrigine_Tab 100mg,0408010H0AAAAAA,2,0.0
369,M84002,Lamotrigine_Tab 100mg,0408010H0AAAAAA,1,0.0
370,M84017,Lamotrigine_Tab 100mg,0408010H0AAAAAA,6,0.0
470,M84029,Citalopram Hydrob_Tab 20mg,0403030D0AAAAAA,1,-0.0019999999999999185
471,M84066,Citalopram Hydrob_Tab 20mg,0403030D0AAAAAA,1,-0.0020999999999999144
472,M84028,Citalopram Hydrob_Tab 20mg,0403030D0AAAAAA,1,-0.0020999999999999144
36,M84030,Simvastatin_Tab 40mg,0212000Y0AAADAD,1,-0.0020999999999999873
124,M84028,Sumatriptan_Tab 50mg,0407041T0AAAFAF,1,-0.0027999999999996916
125,M84617,Sumatriptan_Tab 50mg,0407041T0AAAFAF,1,-0.0028000000000004688
38,M84629,Simvastatin_Tab 40mg,0212000Y0AAADAD,1,-0.002999999999999982
37,M84049,Simvastatin_Tab 40mg,0212000Y0AAADAD,1,-0.002999999999999982
473,M84036,Citalopram Hydrob_Tab 20mg,0403030D0AAAAAA,2,-0.004199999999999829
126,M84025,Sumatriptan_Tab 50mg,0407041T0AAAFAF,2,-0.0056000000000009376
315,M84043,Losartan Pot_Tab 25mg,0205052N0AAAAAA,2,-0.005999999999999964
416,M84018,Lamotrigine_Tab 100mg,0408010H0AAAAAA,3,-0.009000000000004005
417,M84026,Lamotrigine_Tab 100mg,0408010H0AAAAAA,3,-0.01050000000000001
418,M84066,Lamotrigine_Tab 100mg,0408010H0AAAAAA,4,-0.014000000000000012
316,M84047,Losartan Pot_Tab 25mg,0205052N0AAAAAA,4,-0.0167999999999999
419,M84025,Lamotrigine_Tab 100mg,0408010H0AAAAAA,4,-0.016800000000007476
