,practice_code,bnf_description,bnf_code,items,excess_cost
0,A82008,Mesalazine_Tab E/C 400mg,0105010B0AAAAAA,5,119.78399999999998
1,A82009,Mesalazine_Tab E/C 400mg,0105010B0AAAAAA,2,95.82719999999999
426,A82068,Lamotrigine_Tab 200mg,0408010H0AAA1A1,1,57.008
2,P81002,Mesalazine_Tab E/C 400mg,0105010B0AAAAAA,1,51.33599999999999
3,A82009,Mesalazine_Tab E/C 400mg,0105010B0AAAAAA,3,51.3
4,A82072,Mesalazine_Tab E/C 400mg,0105010B0AAAAAA,2,47.913599999999995
5,A82008,Mesalazine_Tab E/C 400mg,0105010B0AAAAAA,1,47.913599999999995
6,A82005,Mesalazine_Tab E/C 400mg,0105010B0AAAAAA,1,47.913599999999995
190,A82039,Mesalazine_Tab E/C 800mg,0105010B0AAASAS,1,36.89999999999999
7,A82009,Mesalazine_Tab E/C 400mg,0105010B0AAAAAA,1,35.935199999999995
8,A82070,Mesalazine_Tab E/C 400mg,0105010B0AAAAAA,1,35.935199999999995
192,A82007,Mesalazine_Tab E/C 800mg,0105010B0AAASAS,1,34.43999999999999
193,A82062,Mesalazine_Tab E/C 800mg,0105010B0AAASAS,1,34.43999999999999
194,P81002,Mesalazine_Tab E/C 800mg,0105010B0AAASAS,1,34.43999999999999
191,A82053,Mesalazine_Tab E/C 800mg,0105010B0AAASAS,2,34.43999999999999
9,A82071,Mesalazine_Tab E/C 400mg,0105010B0AAAAAA,2,34.199999999999996
419,Y01008,Gemfibrozil_Tab 600mg,0212000Q0AAABAB,4,30.284799999999997
11,A82039,Mesalazine_Tab E/C 400mg,0105010B0AAAAAA,1,25.667999999999996
10,A82033,Mesalazine_Tab E/C 400mg,0105010B0AAAAAA,1,25.667999999999996
195,A82062,Mesalazine_Tab E/C 800mg,0105010B0AAASAS,2,24.587999999999997
12,A82033,Mesalazine_Tab E/C 400mg,0105010B0AAAAAA,2,23.9568
14,A82010,Mesalazine_Tab E/C 400mg,0105010B0AAAAAA,1,23.956799999999998
16,A82007,Mesalazine_Tab E/C 400mg,0105010B0AAAAAA,1,23.956799999999998
13,A82046,Mesalazine_Tab E/C 400mg,0105010B0AAAAAA,1,23.956799999999998
15,A82071,Mesalazine_Tab E/C 400mg,0105010B0AAAAAA,2,23.956799999999998
210,A82621,Propranolol HCl_Tab 10mg,0204000R0AAAHAH,1,20.804000000000002
211,A82621,Propranolol HCl_Tab 10mg,0204000R0AAAHAH,1,19.6448
534,A82010,Tetrabenazine_Tab 25mg,0409030C0AAAAAA,2,17.992799999999978
199,A82010,Mesalazine_Tab E/C 800mg,0105010B0AAASAS,1,17.219999999999995
198,A82033,Mesalazine_Tab E/C 800mg,0105010B0AAASAS,1,17.219999999999995
197,A82009,Mesalazine_Tab E/C 800mg,0105010B0AAASAS,1,17.219999999999995
196,A82039,Mesalazine_Tab E/C 800mg,0105010B0AAASAS,1,17.219999999999995
19,A82039,Mesalazine_Tab E/C 400mg,0105010B0AAAAAA,2,15.971199999999998
18,A82033,Mesalazine_Tab E/C 400mg,0105010B0AAAAAA,1,15.971199999999998
17,A82046,Mesalazine_Tab E/C 400mg,0105010B0AAAAAA,1,15.971199999999998
212,A82621,Propranolol HCl_Tab 10mg,0204000R0AAAHAH,1,14.7336
22,A82026,Mesalazine_Tab E/C 400mg,0105010B0AAAAAA,1,11.978399999999999
21,A82647,Mesalazine_Tab E/C 400mg,0105010B0AAAAAA,1,11.978399999999999
20,A82629,Mesalazine_Tab E/C 400mg,0105010B0AAAAAA,1,11.978399999999999
200,A82003,Mesalazine_Tab E/C 800mg,0105010B0AAASAS,1,11.479999999999997
213,A82621,Propranolol HCl_Tab 10mg,0204000R0AAAHAH,4,9.822399999999998
214,A82034,Propranolol HCl_Tab 10mg,0204000R0AAAHAH,8,8.332799999999995
43,Y01008,Clonazepam_Tab 500mcg,0408010F0AAABAB,13,8.226399999999984
420,P81013,Gemfibrozil_Tab 600mg,0212000Q0AAABAB,1,8.111999999999998
23,A82033,Mesalazine_Tab E/C 400mg,0105010B0AAAAAA,4,8.0024
24,A82070,Mesalazine_Tab E/C 400mg,0105010B0AAAAAA,1,7.985599999999999
25,A82007,Mesalazine_Tab E/C 400mg,0105010B0AAAAAA,1,7.985599999999999
44,Y01008,Clonazepam_Tab 500mcg,0408010F0AAABAB,25,7.909999999999984
45,P81029,Clonazepam_Tab 500mcg,0408010F0AAABAB,12,7.593599999999984
421,P81013,Gemfibrozil_Tab 600mg,0212000Q0AAABAB,1,7.571199999999999
422,A82027,Gemfibrozil_Tab 600mg,0212000Q0AAABAB,1,7.571199999999999
423,P81029,Gemfibrozil_Tab 600mg,0212000Q0AAABAB,1,7.571199999999999
572,A82027,Topiramate_Tab 200mg,040801050AAACAC,3,6.955199999999999
550,A82077,Pyridox HCl_Tab 50mg,0906024N0AAAIAI,3,5.745600000000001
47,P81002,Clonazepam_Tab 500mcg,0408010F0AAABAB,3,5.695199999999988
46,A82072,Clonazepam_Tab 500mcg,0408010F0AAABAB,9,5.695199999999988
492,Y01008,Amiodarone HCl_Tab 200mg,0203020D0AAABAB,16,5.600000000000005
48,A82026,Clonazepam_Tab 500mcg,0408010F0AAABAB,8,5.06239999999999
535,Y01008,Tetrabenazine_Tab 25mg,0409030C0AAAAAA,1,4.997999999999994
573,A82009,Topiramate_Tab 200mg,040801050AAACAC,2,4.636799999999999
574,A82071,Topiramate_Tab 200mg,040801050AAACAC,2,4.636799999999999
575,Y01008,Topiramate_Tab 200mg,040801050AAACAC,2,4.636799999999999
49,A82007,Clonazepam_Tab 500mcg,0408010F0AAABAB,25,3.954999999999992
493,P81002,Amiodarone HCl_Tab 200mg,0203020D0AAABAB,11,3.850000000000003
551,A82034,Pyridox HCl_Tab 50mg,0906024N0AAAIAI,1,3.830400000000001
51,B82061,Clonazepam_Tab 500mcg,0408010F0AAABAB,3,3.796799999999992
50,Y01008,Clonazepam_Tab 500mcg,0408010F0AAABAB,2,3.796799999999992
52,P81013,Clonazepam_Tab 500mcg,0408010F0AAABAB,3,3.796799999999992
53,A82039,Clonazepam_Tab 500mcg,0408010F0AAABAB,1,3.796799999999992
424,P81002,Gemfibrozil_Tab 600mg,0212000Q0AAABAB,1,3.791199999999999
54,P81002,Clonazepam_Tab 500mcg,0408010F0AAABAB,1,3.389999999999993
57,P81002,Clonazepam_Tab 500mcg,0408010F0AAABAB,10,3.1639999999999935
55,P81013,Clonazepam_Tab 500mcg,0408010F0AAABAB,10,3.1639999999999935
56,A82025,Clonazepam_Tab 500mcg,0408010F0AAABAB,5,3.1639999999999935
58,A82007,Clonazepam_Tab 500mcg,0408010F0AAABAB,5,3.1639999999999935
59,P81002,Clonazepam_Tab 500mcg,0408010F0AAABAB,5,3.1639999999999935
60,A82005,Clonazepam_Tab 500mcg,0408010F0AAABAB,5,3.1639999999999935
494,P81029,Amiodarone HCl_Tab 200mg,0203020D0AAABAB,9,3.150000000000003
537,A82033,Tetrabenazine_Tab 25mg,0409030C0AAAAAA,2,2.998799999999996
536,A82033,Tetrabenazine_Tab 25mg,0409030C0AAAAAA,1,2.998799999999996
552,A82007,Pyridox HCl_Tab 50mg,0906024N0AAAIAI,1,2.8728000000000007
553,Y01008,Pyridox HCl_Tab 50mg,0906024N0AAAIAI,3,2.8728000000000007
554,A82025,Pyridox HCl_Tab 50mg,0906024N0AAAIAI,2,2.8728000000000007
555,A82077,Pyridox HCl_Tab 50mg,0906024N0AAAIAI,1,2.8728000000000007
556,A82077,Pyridox HCl_Tab 50mg,0906024N0AAAIAI,3,2.8728000000000007
61,A82007,Clonazepam_Tab 500mcg,0408010F0AAABAB,3,2.847599999999994
62,A82009,Clonazepam_Tab 500mcg,0408010F0AAABAB,3,2.847599999999994
63,A82007,Clonazepam_Tab 500mcg,0408010F0AAABAB,2,2.531199999999995
64,A82008,Clonazepam_Tab 500mcg,0408010F0AAABAB,4,2.531199999999995
69,A82046,Clonazepam_Tab 500mcg,0408010F0AAABAB,1,2.531199999999995
68,A82008,Clonazepam_Tab 500mcg,0408010F0AAABAB,2,2.531199999999995
67,Y01008,Clonazepam_Tab 500mcg,0408010F0AAABAB,2,2.531199999999995
66,A82003,Clonazepam_Tab 500mcg,0408010F0AAABAB,4,2.531199999999995
65,A82039,Clonazepam_Tab 500mcg,0408010F0AAABAB,1,2.531199999999995
578,Y01008,Topiramate_Tab 200mg,040801050AAACAC,1,2.489999999999999
576,P81002,Topiramate_Tab 200mg,040801050AAACAC,1,2.489999999999999
577,P81029,Topiramate_Tab 200mg,040801050AAACAC,1,2.489999999999999
495,A82071,Amiodarone HCl_Tab 200mg,0203020D0AAABAB,7,2.450000000000002
497,A82046,Amiodarone HCl_Tab 200mg,0203020D0AAABAB,7,2.450000000000002
496,A82009,Amiodarone HCl_Tab 200mg,0203020D0AAABAB,7,2.450000000000002
579,B82061,Topiramate_Tab 200mg,040801050AAACAC,1,2.3183999999999996
70,A82077,Clonazepam_Tab 500mcg,0408010F0AAABAB,5,2.2599999999999953
71,A82008,Clonazepam_Tab 500mcg,0408010F0AAABAB,7,2.2147999999999954
498,A82053,Amiodarone HCl_Tab 200mg,0203020D0AAABAB,6,2.100000000000002
499,A82027,Amiodarone HCl_Tab 200mg,0203020D0AAABAB,6,2.100000000000002
72,P81029,Clonazepam_Tab 500mcg,0408010F0AAABAB,3,2.033999999999996
542,A82007,Tetrabenazine_Tab 25mg,0409030C0AAAAAA,1,1.9991999999999974
538,P81002,Tetrabenazine_Tab 25mg,0409030C0AAAAAA,1,1.9991999999999974
539,A82071,Tetrabenazine_Tab 25mg,0409030C0AAAAAA,1,1.9991999999999974
540,Y01008,Tetrabenazine_Tab 25mg,0409030C0AAAAAA,2,1.9991999999999974
541,A82027,Tetrabenazine_Tab 25mg,0409030C0AAAAAA,1,1.9991999999999974
83,A82033,Clonazepam_Tab 500mcg,0408010F0AAABAB,6,1.898399999999996
75,P81002,Clonazepam_Tab 500mcg,0408010F0AAABAB,12,1.898399999999996
79,A82009,Clonazepam_Tab 500mcg,0408010F0AAABAB,3,1.898399999999996
82,P81113,Clonazepam_Tab 500mcg,0408010F0AAABAB,1,1.898399999999996
84,A82068,Clonazepam_Tab 500mcg,0408010F0AAABAB,3,1.898399999999996
81,P81002,Clonazepam_Tab 500mcg,0408010F0AAABAB,2,1.898399999999996
87,A82034,Clonazepam_Tab 500mcg,0408010F0AAABAB,2,1.898399999999996
86,A82009,Clonazepam_Tab 500mcg,0408010F0AAABAB,8,1.898399999999996
85,A82025,Clonazepam_Tab 500mcg,0408010F0AAABAB,6,1.898399999999996
73,P81013,Clonazepam_Tab 500mcg,0408010F0AAABAB,1,1.898399999999996
74,A82007,Clonazepam_Tab 500mcg,0408010F0AAABAB,6,1.898399999999996
80,A82033,Clonazepam_Tab 500mcg,0408010F0AAABAB,3,1.898399999999996
76,A82010,Clonazepam_Tab 500mcg,0408010F0AAABAB,2,1.898399999999996
77,A82010,Clonazepam_Tab 500mcg,0408010F0AAABAB,6,1.898399999999996
78,A82062,Clonazepam_Tab 500mcg,0408010F0AAABAB,6,1.898399999999996
500,A82026,Amiodarone HCl_Tab 200mg,0203020D0AAABAB,5,1.7500000000000016
501,A82030,Amiodarone HCl_Tab 200mg,0203020D0AAABAB,5,1.7500000000000016
557,P81002,Pyridox HCl_Tab 50mg,0906024N0AAAIAI,7,1.6758000000000004
92,A82072,Clonazepam_Tab 500mcg,0408010F0AAABAB,5,1.5819999999999967
91,A82072,Clonazepam_Tab 500mcg,0408010F0AAABAB,10,1.5819999999999967
90,A82053,Clonazepam_Tab 500mcg,0408010F0AAABAB,5,1.5819999999999967
89,P81029,Clonazepam_Tab 500mcg,0408010F0AAABAB,5,1.5819999999999967
88,A82009,Clonazepam_Tab 500mcg,0408010F0AAABAB,5,1.5819999999999967
558,A82077,Pyridox HCl_Tab 50mg,0906024N0AAAIAI,1,1.5390000000000004
543,A82621,Tetrabenazine_Tab 25mg,0409030C0AAAAAA,1,1.499399999999998
544,A82027,Tetrabenazine_Tab 25mg,0409030C0AAAAAA,1,1.499399999999998
545,Y01008,Tetrabenazine_Tab 25mg,0409030C0AAAAAA,1,1.499399999999998
546,A82026,Tetrabenazine_Tab 25mg,0409030C0AAAAAA,1,1.499399999999998
95,A82008,Clonazepam_Tab 500mcg,0408010F0AAABAB,3,1.423799999999997
94,A82007,Clonazepam_Tab 500mcg,0408010F0AAABAB,3,1.423799999999997
93,P81002,Clonazepam_Tab 500mcg,0408010F0AAABAB,3,1.423799999999997
502,A82003,Amiodarone HCl_Tab 200mg,0203020D0AAABAB,4,1.4000000000000012
503,P81002,Amiodarone HCl_Tab 200mg,0203020D0AAABAB,2,1.4000000000000012
505,A82070,Amiodarone HCl_Tab 200mg,0203020D0AAABAB,4,1.4000000000000012
504,B82061,Amiodarone HCl_Tab 200mg,0203020D0AAABAB,4,1.4000000000000012
97,A82026,Clonazepam_Tab 500mcg,0408010F0AAABAB,2,1.3559999999999972
96,A82039,Clonazepam_Tab 500mcg,0408010F0AAABAB,1,1.3559999999999972
98,A82629,Clonazepam_Tab 500mcg,0408010F0AAABAB,1,1.3107999999999973
113,A82026,Clonazepam_Tab 500mcg,0408010F0AAABAB,4,1.2655999999999974
99,B82061,Clonazepam_Tab 500mcg,0408010F0AAABAB,2,1.2655999999999974
111,A82053,Clonazepam_Tab 500mcg,0408010F0AAABAB,1,1.2655999999999974
110,P81113,Clonazepam_Tab 500mcg,0408010F0AAABAB,2,1.2655999999999974
109,A82027,Clonazepam_Tab 500mcg,0408010F0AAABAB,2,1.2655999999999974
108,P81002,Clonazepam_Tab 500mcg,0408010F0AAABAB,1,1.2655999999999974
107,P81029,Clonazepam_Tab 500mcg,0408010F0AAABAB,1,1.2655999999999974
106,A82039,Clonazepam_Tab 500mcg,0408010F0AAABAB,2,1.2655999999999974
105,A82027,Clonazepam_Tab 500mcg,0408010F0AAABAB,4,1.2655999999999974
104,A82034,Clonazepam_Tab 500mcg,0408010F0AAABAB,2,1.2655999999999974
103,A82025,Clonazepam_Tab 500mcg,0408010F0AAABAB,8,1.2655999999999974
102,A82033,Clonazepam_Tab 500mcg,0408010F0AAABAB,1,1.2655999999999974
101,A82068,Clonazepam_Tab 500mcg,0408010F0AAABAB,1,1.2655999999999974
100,A82009,Clonazepam_Tab 500mcg,0408010F0AAABAB,1,1.2655999999999974
112,A82034,Clonazepam_Tab 500mcg,0408010F0AAABAB,1,1.2655999999999974
115,A82629,Clonazepam_Tab 500mcg,0408010F0AAABAB,5,1.1864999999999974
114,P81002,Clonazepam_Tab 500mcg,0408010F0AAABAB,5,1.1864999999999974
580,P81002,Topiramate_Tab 200mg,040801050AAACAC,1,1.1647999999999992
119,A82027,Clonazepam_Tab 500mcg,0408010F0AAABAB,1,1.1299999999999977
124,A82053,Clonazepam_Tab 500mcg,0408010F0AAABAB,1,1.1299999999999977
118,P81002,Clonazepam_Tab 500mcg,0408010F0AAABAB,1,1.1299999999999977
117,A82033,Clonazepam_Tab 500mcg,0408010F0AAABAB,1,1.1299999999999977
116,A82068,Clonazepam_Tab 500mcg,0408010F0AAABAB,1,1.1299999999999977
120,A82030,Clonazepam_Tab 500mcg,0408010F0AAABAB,1,1.1299999999999977
121,A82025,Clonazepam_Tab 500mcg,0408010F0AAABAB,1,1.1299999999999977
122,A82034,Clonazepam_Tab 500mcg,0408010F0AAABAB,1,1.1299999999999977
123,A82065,Clonazepam_Tab 500mcg,0408010F0AAABAB,1,1.1299999999999977
125,Y01008,Clonazepam_Tab 500mcg,0408010F0AAABAB,7,1.1073999999999977
506,A82008,Amiodarone HCl_Tab 200mg,0203020D0AAABAB,3,1.050000000000001
507,A82034,Amiodarone HCl_Tab 200mg,0203020D0AAABAB,3,1.050000000000001
508,A82007,Amiodarone HCl_Tab 200mg,0203020D0AAABAB,3,1.050000000000001
509,A82072,Amiodarone HCl_Tab 200mg,0203020D0AAABAB,3,1.050000000000001
510,A82025,Amiodarone HCl_Tab 200mg,0203020D0AAABAB,3,1.050000000000001
511,A82039,Amiodarone HCl_Tab 200mg,0203020D0AAABAB,3,1.050000000000001
512,P81013,Amiodarone HCl_Tab 200mg,0203020D0AAABAB,3,1.050000000000001
549,A82077,Tetrabenazine_Tab 25mg,0409030C0AAAAAA,1,0.9995999999999987
548,B82061,Tetrabenazine_Tab 25mg,0409030C0AAAAAA,1,0.9995999999999987
547,A82621,Tetrabenazine_Tab 25mg,0409030C0AAAAAA,1,0.9995999999999987
513,A82033,Amiodarone HCl_Tab 200mg,0203020D0AAABAB,1,0.9625000000000008
559,A82007,Pyridox HCl_Tab 50mg,0906024N0AAAIAI,1,0.9576000000000002
560,P81002,Pyridox HCl_Tab 50mg,0906024N0AAAIAI,1,0.9576000000000002
131,A82033,Clonazepam_Tab 500mcg,0408010F0AAABAB,12,0.949199999999998
129,A82034,Clonazepam_Tab 500mcg,0408010F0AAABAB,3,0.949199999999998
126,A82651,Clonazepam_Tab 500mcg,0408010F0AAABAB,4,0.949199999999998
130,Y01008,Clonazepam_Tab 500mcg,0408010F0AAABAB,1,0.949199999999998
127,A82071,Clonazepam_Tab 500mcg,0408010F0AAABAB,3,0.949199999999998
128,A82030,Clonazepam_Tab 500mcg,0408010F0AAABAB,1,0.949199999999998
133,A82008,Clonazepam_Tab 500mcg,0408010F0AAABAB,1,0.949199999999998
132,A82629,Clonazepam_Tab 500mcg,0408010F0AAABAB,1,0.949199999999998
134,Y01008,Clonazepam_Tab 500mcg,0408010F0AAABAB,1,0.7909999999999984
514,P81029,Amiodarone HCl_Tab 200mg,0203020D0AAABAB,4,0.7168000000000003
136,A82007,Clonazepam_Tab 500mcg,0408010F0AAABAB,3,0.7118999999999985
135,A82062,Clonazepam_Tab 500mcg,0408010F0AAABAB,3,0.7118999999999985
517,A82005,Amiodarone HCl_Tab 200mg,0203020D0AAABAB,2,0.7000000000000006
515,A82003,Amiodarone HCl_Tab 200mg,0203020D0AAABAB,1,0.7000000000000006
516,A82062,Amiodarone HCl_Tab 200mg,0203020D0AAABAB,1,0.7000000000000006
522,A82033,Amiodarone HCl_Tab 200mg,0203020D0AAABAB,1,0.7000000000000006
521,A82033,Amiodarone HCl_Tab 200mg,0203020D0AAABAB,2,0.7000000000000006
520,A82621,Amiodarone HCl_Tab 200mg,0203020D0AAABAB,1,0.7000000000000006
519,A82027,Amiodarone HCl_Tab 200mg,0203020D0AAABAB,1,0.7000000000000006
518,P81013,Amiodarone HCl_Tab 200mg,0203020D0AAABAB,1,0.7000000000000006
138,A82003,Clonazepam_Tab 500mcg,0408010F0AAABAB,1,0.6779999999999986
137,Y01008,Clonazepam_Tab 500mcg,0408010F0AAABAB,1,0.6779999999999986
145,A82005,Clonazepam_Tab 500mcg,0408010F0AAABAB,2,0.6327999999999987
140,A82030,Clonazepam_Tab 500mcg,0408010F0AAABAB,1,0.6327999999999987
141,A82650,Clonazepam_Tab 500mcg,0408010F0AAABAB,2,0.6327999999999987
142,A82010,Clonazepam_Tab 500mcg,0408010F0AAABAB,4,0.6327999999999987
150,A82003,Clonazepam_Tab 500mcg,0408010F0AAABAB,2,0.6327999999999987
143,A82077,Clonazepam_Tab 500mcg,0408010F0AAABAB,2,0.6327999999999987
144,A82629,Clonazepam_Tab 500mcg,0408010F0AAABAB,1,0.6327999999999987
146,A82046,Clonazepam_Tab 500mcg,0408010F0AAABAB,2,0.6327999999999987
147,P81013,Clonazepam_Tab 500mcg,0408010F0AAABAB,1,0.6327999999999987
148,A82077,Clonazepam_Tab 500mcg,0408010F0AAABAB,4,0.6327999999999987
151,A82065,Clonazepam_Tab 500mcg,0408010F0AAABAB,1,0.6327999999999987
152,A82647,Clonazepam_Tab 500mcg,0408010F0AAABAB,1,0.6327999999999987
149,A82608,Clonazepam_Tab 500mcg,0408010F0AAABAB,1,0.6327999999999987
139,A82629,Clonazepam_Tab 500mcg,0408010F0AAABAB,4,0.6327999999999987
523,Y01008,Amiodarone HCl_Tab 200mg,0203020D0AAABAB,1,0.6125000000000005
153,A82651,Clonazepam_Tab 500mcg,0408010F0AAABAB,1,0.5699999999999983
566,A82008,Pyridox HCl_Tab 50mg,0906024N0AAAIAI,1,0.4788000000000001
561,A82007,Pyridox HCl_Tab 50mg,0906024N0AAAIAI,1,0.4788000000000001
567,A82647,Pyridox HCl_Tab 50mg,0906024N0AAAIAI,1,0.4788000000000001
568,A82651,Pyridox HCl_Tab 50mg,0906024N0AAAIAI,1,0.4788000000000001
569,A82003,Pyridox HCl_Tab 50mg,0906024N0AAAIAI,1,0.4788000000000001
570,A82072,Pyridox HCl_Tab 50mg,0906024N0AAAIAI,1,0.4788000000000001
565,P81002,Pyridox HCl_Tab 50mg,0906024N0AAAIAI,1,0.4788000000000001
564,Y01008,Pyridox HCl_Tab 50mg,0906024N0AAAIAI,1,0.4788000000000001
563,A82009,Pyridox HCl_Tab 50mg,0906024N0AAAIAI,1,0.4788000000000001
562,A82608,Pyridox HCl_Tab 50mg,0906024N0AAAIAI,1,0.4788000000000001
155,A82033,Clonazepam_Tab 500mcg,0408010F0AAABAB,1,0.474599999999999
156,A82008,Clonazepam_Tab 500mcg,0408010F0AAABAB,2,0.474599999999999
157,A82071,Clonazepam_Tab 500mcg,0408010F0AAABAB,3,0.474599999999999
154,A82003,Clonazepam_Tab 500mcg,0408010F0AAABAB,1,0.474599999999999
159,A82629,Clonazepam_Tab 500mcg,0408010F0AAABAB,1,0.45199999999999907
160,A82008,Clonazepam_Tab 500mcg,0408010F0AAABAB,1,0.45199999999999907
158,P81002,Clonazepam_Tab 500mcg,0408010F0AAABAB,1,0.45199999999999907
524,B82061,Amiodarone HCl_Tab 200mg,0203020D0AAABAB,5,0.4235
161,A82003,Clonazepam_Tab 500mcg,0408010F0AAABAB,4,0.37759999999999927
531,P81113,Amiodarone HCl_Tab 200mg,0203020D0AAABAB,1,0.3500000000000003
530,A82647,Amiodarone HCl_Tab 200mg,0203020D0AAABAB,1,0.3500000000000003
529,A82062,Amiodarone HCl_Tab 200mg,0203020D0AAABAB,1,0.3500000000000003
528,A82621,Amiodarone HCl_Tab 200mg,0203020D0AAABAB,1,0.3500000000000003
526,A82650,Amiodarone HCl_Tab 200mg,0203020D0AAABAB,1,0.3500000000000003
525,A82077,Amiodarone HCl_Tab 200mg,0203020D0AAABAB,1,0.3500000000000003
527,A82068,Amiodarone HCl_Tab 200mg,0203020D0AAABAB,1,0.3500000000000003
164,P81013,Clonazepam_Tab 500mcg,0408010F0AAABAB,1,0.3389999999999993
163,A82030,Clonazepam_Tab 500mcg,0408010F0AAABAB,1,0.3389999999999993
162,Y01008,Clonazepam_Tab 500mcg,0408010F0AAABAB,1,0.3389999999999993
168,A82030,Clonazepam_Tab 500mcg,0408010F0AAABAB,1,0.31639999999999935
167,A82065,Clonazepam_Tab 500mcg,0408010F0AAABAB,1,0.31639999999999935
170,A82026,Clonazepam_Tab 500mcg,0408010F0AAABAB,2,0.31639999999999935
171,Y01008,Clonazepam_Tab 500mcg,0408010F0AAABAB,4,0.31639999999999935
172,P81002,Clonazepam_Tab 500mcg,0408010F0AAABAB,4,0.31639999999999935
173,A82039,Clonazepam_Tab 500mcg,0408010F0AAABAB,1,0.31639999999999935
174,A82608,Clonazepam_Tab 500mcg,0408010F0AAABAB,1,0.31639999999999935
175,P81113,Clonazepam_Tab 500mcg,0408010F0AAABAB,2,0.31639999999999935
165,A82070,Clonazepam_Tab 500mcg,0408010F0AAABAB,1,0.31639999999999935
166,P81029,Clonazepam_Tab 500mcg,0408010F0AAABAB,4,0.31639999999999935
169,P81113,Clonazepam_Tab 500mcg,0408010F0AAABAB,1,0.31639999999999935
176,P81002,Clonazepam_Tab 500mcg,0408010F0AAABAB,1,0.2735999999999992
571,Y01008,Pyridox HCl_Tab 50mg,0906024N0AAAIAI,4,0.2624000000000013
177,A82003,Clonazepam_Tab 500mcg,0408010F0AAABAB,4,0.25439999999999996
178,P81029,Clonazepam_Tab 500mcg,0408010F0AAABAB,1,0.22199999999999998
532,A82009,Amiodarone HCl_Tab 200mg,0203020D0AAABAB,1,0.17920000000000008
180,A82027,Clonazepam_Tab 500mcg,0408010F0AAABAB,1,0.15819999999999967
179,A82065,Clonazepam_Tab 500mcg,0408010F0AAABAB,1,0.15819999999999967
185,A82033,Clonazepam_Tab 500mcg,0408010F0AAABAB,1,0.15819999999999967
184,P81113,Clonazepam_Tab 500mcg,0408010F0AAABAB,2,0.15819999999999967
183,A82613,Clonazepam_Tab 500mcg,0408010F0AAABAB,1,0.15819999999999967
182,A82005,Clonazepam_Tab 500mcg,0408010F0AAABAB,1,0.15819999999999967
181,A82008,Clonazepam_Tab 500mcg,0408010F0AAABAB,1,0.15819999999999967
533,A82010,Amiodarone HCl_Tab 200mg,0203020D0AAABAB,1,0.13750000000000012
186,P81002,Clonazepam_Tab 500mcg,0408010F0AAABAB,1,0.11599999999999999
187,B82061,Clonazepam_Tab 500mcg,0408010F0AAABAB,1,0.07909999999999984
427,A82629,Lamotrigine_Tab 200mg,0408010H0AAA1A1,7,0.03919999999999568
428,Y01008,Lamotrigine_Tab 200mg,0408010H0AAA1A1,6,0.0335999999999963
429,A82030,Lamotrigine_Tab 200mg,0408010H0AAA1A1,4,0.022399999999997533
430,P81002,Lamotrigine_Tab 200mg,0408010H0AAA1A1,4,0.022399999999997533
431,P81029,Lamotrigine_Tab 200mg,0408010H0AAA1A1,4,0.022399999999997533
432,A82010,Lamotrigine_Tab 200mg,0408010H0AAA1A1,4,0.022399999999997533
189,A82007,Clonazepam_Tab 500mcg,0408010F0AAABAB,1,0.021199999999999997
188,A82003,Clonazepam_Tab 500mcg,0408010F0AAABAB,1,0.021199999999999997
26,A82033,Mesalazine_Tab E/C 400mg,0105010B0AAAAAA,4,0.01680000000000126
433,A82068,Lamotrigine_Tab 200mg,0408010H0AAA1A1,3,0.01679999999999815
434,P81029,Lamotrigine_Tab 200mg,0408010H0AAA1A1,5,0.013999999999998458
435,Y01008,Lamotrigine_Tab 200mg,0408010H0AAA1A1,2,0.011999999999998678
436,Y01008,Lamotrigine_Tab 200mg,0408010H0AAA1A1,4,0.011199999999998766
437,A82072,Lamotrigine_Tab 200mg,0408010H0AAA1A1,4,0.011199999999998766
438,A82008,Lamotrigine_Tab 200mg,0408010H0AAA1A1,2,0.011199999999998766
202,A82039,Mesalazine_Tab E/C 800mg,0105010B0AAASAS,1,0.008999999999999009
201,A82007,Mesalazine_Tab E/C 800mg,0105010B0AAASAS,1,0.008999999999999009
439,A82039,Lamotrigine_Tab 200mg,0408010H0AAA1A1,3,0.008399999999999075
215,A82033,Propranolol HCl_Tab 10mg,0204000R0AAAHAH,1,0.006000000000000172
425,P81002,Gemfibrozil_Tab 600mg,0212000Q0AAABAB,1,0.005599999999999383
27,Y01008,Mesalazine_Tab E/C 400mg,0105010B0AAAAAA,1,0.005599999999999383
216,Y01008,Propranolol HCl_Tab 10mg,0204000R0AAAHAH,1,0.004600000000000132
217,A82009,Propranolol HCl_Tab 10mg,0204000R0AAAHAH,1,0.0020000000000000573
412,A82072,Propranolol HCl_Tab 10mg,0204000R0AAAHAH,2,0.0
413,Y01008,Propranolol HCl_Tab 10mg,0204000R0AAAHAH,10,0.0
399,A82033,Propranolol HCl_Tab 10mg,0204000R0AAAHAH,11,0.0
411,A82025,Propranolol HCl_Tab 10mg,0204000R0AAAHAH,8,0.0
398,A82072,Propranolol HCl_Tab 10mg,0204000R0AAAHAH,3,0.0
388,A82065,Propranolol HCl_Tab 10mg,0204000R0AAAHAH,5,0.0
389,A82007,Propranolol HCl_Tab 10mg,0204000R0AAAHAH,4,0.0
390,A82077,Propranolol HCl_Tab 10mg,0204000R0AAAHAH,4,0.0
391,Y01008,Propranolol HCl_Tab 10mg,0204000R0AAAHAH,2,0.0
392,A82070,Propranolol HCl_Tab 10mg,0204000R0AAAHAH,2,0.0
393,P81002,Propranolol HCl_Tab 10mg,0204000R0AAAHAH,41,0.0
394,A82034,Propranolol HCl_Tab 10mg,0204000R0AAAHAH,1,0.0
395,A82003,Propranolol HCl_Tab 10mg,0204000R0AAAHAH,1,0.0
396,A82068,Propranolol HCl_Tab 10mg,0204000R0AAAHAH,3,0.0
397,P81002,Propranolol HCl_Tab 10mg,0204000R0AAAHAH,15,0.0
441,A82010,Lamotrigine_Tab 200mg,0408010H0AAA1A1,1,0.0
410,A82025,Propranolol HCl_Tab 10mg,0204000R0AAAHAH,6,0.0
400,A82053,Propranolol HCl_Tab 10mg,0204000R0AAAHAH,1,0.0
401,A82077,Propranolol HCl_Tab 10mg,0204000R0AAAHAH,3,0.0
402,A82068,Propranolol HCl_Tab 10mg,0204000R0AAAHAH,1,0.0
403,A82072,Propranolol HCl_Tab 10mg,0204000R0AAAHAH,6,0.0
404,A82077,Propranolol HCl_Tab 10mg,0204000R0AAAHAH,3,0.0
405,P81029,Propranolol HCl_Tab 10mg,0204000R0AAAHAH,10,0.0
406,Y01008,Propranolol HCl_Tab 10mg,0204000R0AAAHAH,2,0.0
407,P81013,Propranolol HCl_Tab 10mg,0204000R0AAAHAH,6,0.0
408,A82077,Propranolol HCl_Tab 10mg,0204000R0AAAHAH,12,0.0
409,P81113,Propranolol HCl_Tab 10mg,0204000R0AAAHAH,3,0.0
440,A82072,Lamotrigine_Tab 200mg,0408010H0AAA1A1,1,0.0
454,A82077,Lamotrigine_Tab 200mg,0408010H0AAA1A1,3,0.0
442,P81002,Lamotrigine_Tab 200mg,0408010H0AAA1A1,1,0.0
481,A82026,Lamotrigine_Tab 200mg,0408010H0AAA1A1,5,0.0
471,A82025,Lamotrigine_Tab 200mg,0408010H0AAA1A1,3,0.0
472,A82621,Lamotrigine_Tab 200mg,0408010H0AAA1A1,2,0.0
473,A82005,Lamotrigine_Tab 200mg,0408010H0AAA1A1,2,0.0
474,A82647,Lamotrigine_Tab 200mg,0408010H0AAA1A1,1,0.0
475,P81013,Lamotrigine_Tab 200mg,0408010H0AAA1A1,1,0.0
476,A82046,Lamotrigine_Tab 200mg,0408010H0AAA1A1,1,0.0
477,A82077,Lamotrigine_Tab 200mg,0408010H0AAA1A1,1,0.0
478,A82025,Lamotrigine_Tab 200mg,0408010H0AAA1A1,4,0.0
479,P81002,Lamotrigine_Tab 200mg,0408010H0AAA1A1,1,0.0
480,Y01008,Lamotrigine_Tab 200mg,0408010H0AAA1A1,5,0.0
482,B82061,Lamotrigine_Tab 200mg,0408010H0AAA1A1,1,0.0
469,A82005,Lamotrigine_Tab 200mg,0408010H0AAA1A1,3,0.0
483,A82034,Lamotrigine_Tab 200mg,0408010H0AAA1A1,2,0.0
484,P81013,Lamotrigine_Tab 200mg,0408010H0AAA1A1,3,0.0
485,A82027,Lamotrigine_Tab 200mg,0408010H0AAA1A1,3,0.0
486,A82030,Lamotrigine_Tab 200mg,0408010H0AAA1A1,2,0.0
487,P81002,Lamotrigine_Tab 200mg,0408010H0AAA1A1,10,0.0
488,Y01008,Lamotrigine_Tab 200mg,0408010H0AAA1A1,16,0.0
489,A82034,Lamotrigine_Tab 200mg,0408010H0AAA1A1,1,0.0
490,A82071,Lamotrigine_Tab 200mg,0408010H0AAA1A1,2,0.0
491,A82039,Lamotrigine_Tab 200mg,0408010H0AAA1A1,1,0.0
386,A82008,Propranolol HCl_Tab 10mg,0204000R0AAAHAH,12,0.0
470,A82065,Lamotrigine_Tab 200mg,0408010H0AAA1A1,2,0.0
468,Y01008,Lamotrigine_Tab 200mg,0408010H0AAA1A1,2,0.0
443,A82647,Lamotrigine_Tab 200mg,0408010H0AAA1A1,1,0.0
455,A82651,Lamotrigine_Tab 200mg,0408010H0AAA1A1,2,0.0
444,A82033,Lamotrigine_Tab 200mg,0408010H0AAA1A1,3,0.0
445,A82070,Lamotrigine_Tab 200mg,0408010H0AAA1A1,1,0.0
446,A82009,Lamotrigine_Tab 200mg,0408010H0AAA1A1,1,0.0
447,A82068,Lamotrigine_Tab 200mg,0408010H0AAA1A1,1,0.0
448,A82007,Lamotrigine_Tab 200mg,0408010H0AAA1A1,1,0.0
449,A82053,Lamotrigine_Tab 200mg,0408010H0AAA1A1,2,0.0
450,A82650,Lamotrigine_Tab 200mg,0408010H0AAA1A1,1,0.0
451,A82062,Lamotrigine_Tab 200mg,0408010H0AAA1A1,2,0.0
452,P81013,Lamotrigine_Tab 200mg,0408010H0AAA1A1,1,0.0
453,A82003,Lamotrigine_Tab 200mg,0408010H0AAA1A1,2,0.0
456,P81013,Lamotrigine_Tab 200mg,0408010H0AAA1A1,4,0.0
467,A82033,Lamotrigine_Tab 200mg,0408010H0AAA1A1,2,0.0
457,A82025,Lamotrigine_Tab 200mg,0408010H0AAA1A1,1,0.0
458,A82026,Lamotrigine_Tab 200mg,0408010H0AAA1A1,9,0.0
459,A82003,Lamotrigine_Tab 200mg,0408010H0AAA1A1,1,0.0
460,A82027,Lamotrigine_Tab 200mg,0408010H0AAA1A1,7,0.0
461,A82072,Lamotrigine_Tab 200mg,0408010H0AAA1A1,2,0.0
462,A82009,Lamotrigine_Tab 200mg,0408010H0AAA1A1,7,0.0
463,A82008,Lamotrigine_Tab 200mg,0408010H0AAA1A1,1,0.0
464,A82046,Lamotrigine_Tab 200mg,0408010H0AAA1A1,1,0.0
465,A82007,Lamotrigine_Tab 200mg,0408010H0AAA1A1,5,0.0
466,A82053,Lamotrigine_Tab 200mg,0408010H0AAA1A1,2,0.0
387,A82053,Propranolol HCl_Tab 10mg,0204000R0AAAHAH,1,0.0
374,P81013,Propranolol HCl_Tab 10mg,0204000R0AAAHAH,19,0.0
385,A82027,Propranolol HCl_Tab 10mg,0204000R0AAAHAH,5,0.0
270,A82046,Propranolol HCl_Tab 10mg,0204000R0AAAHAH,2,0.0
278,A82629,Propranolol HCl_Tab 10mg,0204000R0AAAHAH,2,0.0
277,A82005,Propranolol HCl_Tab 10mg,0204000R0AAAHAH,4,0.0
276,A82062,Propranolol HCl_Tab 10mg,0204000R0AAAHAH,6,0.0
275,A82026,Propranolol HCl_Tab 10mg,0204000R0AAAHAH,6,0.0
274,A82070,Propranolol HCl_Tab 10mg,0204000R0AAAHAH,2,0.0
273,P81013,Propranolol HCl_Tab 10mg,0204000R0AAAHAH,14,0.0
272,A82027,Propranolol HCl_Tab 10mg,0204000R0AAAHAH,3,0.0
271,A82025,Propranolol HCl_Tab 10mg,0204000R0AAAHAH,4,0.0
269,A82608,Propranolol HCl_Tab 10mg,0204000R0AAAHAH,1,0.0
280,P81002,Propranolol HCl_Tab 10mg,0204000R0AAAHAH,36,0.0
268,A82003,Propranolol HCl_Tab 10mg,0204000R0AAAHAH,8,0.0
267,A82026,Propranolol HCl_Tab 10mg,0204000R0AAAHAH,15,0.0
266,A82009,Propranolol HCl_Tab 10mg,0204000R0AAAHAH,8,0.0
265,A82070,Propranolol HCl_Tab 10mg,0204000R0AAAHAH,8,0.0
264,A82007,Propranolol HCl_Tab 10mg,0204000R0AAAHAH,4,0.0
263,P81013,Propranolol HCl_Tab 10mg,0204000R0AAAHAH,1,0.0
262,A82025,Propranolol HCl_Tab 10mg,0204000R0AAAHAH,1,0.0
261,A82030,Propranolol HCl_Tab 10mg,0204000R0AAAHAH,6,0.0
279,A82039,Propranolol HCl_Tab 10mg,0204000R0AAAHAH,5,0.0
281,A82026,Propranolol HCl_Tab 10mg,0204000R0AAAHAH,7,0.0
303,A82651,Propranolol HCl_Tab 10mg,0204000R0AAAHAH,1,0.0
293,P81002,Propranolol HCl_Tab 10mg,0204000R0AAAHAH,1,0.0
301,P81029,Propranolol HCl_Tab 10mg,0204000R0AAAHAH,4,0.0
300,A82008,Propranolol HCl_Tab 10mg,0204000R0AAAHAH,20,0.0
299,P81013,Propranolol HCl_Tab 10mg,0204000R0AAAHAH,8,0.0
298,P81029,Propranolol HCl_Tab 10mg,0204000R0AAAHAH,1,0.0
297,A82039,Propranolol HCl_Tab 10mg,0204000R0AAAHAH,9,0.0
296,A82003,Propranolol HCl_Tab 10mg,0204000R0AAAHAH,1,0.0
295,P81013,Propranolol HCl_Tab 10mg,0204000R0AAAHAH,11,0.0
294,A82003,Propranolol HCl_Tab 10mg,0204000R0AAAHAH,1,0.0
384,A82065,Propranolol HCl_Tab 10mg,0204000R0AAAHAH,1,0.0
282,B82061,Propranolol HCl_Tab 10mg,0204000R0AAAHAH,3,0.0
291,A82072,Propranolol HCl_Tab 10mg,0204000R0AAAHAH,2,0.0
289,A82008,Propranolol HCl_Tab 10mg,0204000R0AAAHAH,2,0.0
288,A82003,Propranolol HCl_Tab 10mg,0204000R0AAAHAH,7,0.0
287,P81002,Propranolol HCl_Tab 10mg,0204000R0AAAHAH,21,0.0
286,Y01008,Propranolol HCl_Tab 10mg,0204000R0AAAHAH,1,0.0
285,A82008,Propranolol HCl_Tab 10mg,0204000R0AAAHAH,2,0.0
284,A82033,Propranolol HCl_Tab 10mg,0204000R0AAAHAH,1,0.0
283,A82026,Propranolol HCl_Tab 10mg,0204000R0AAAHAH,3,0.0
260,P81002,Propranolol HCl_Tab 10mg,0204000R0AAAHAH,3,0.0
259,Y01008,Propranolol HCl_Tab 10mg,0204000R0AAAHAH,9,0.0
258,A82629,Propranolol HCl_Tab 10mg,0204000R0AAAHAH,1,0.0
227,A82030,Propranolol HCl_Tab 10mg,0204000R0AAAHAH,3,0.0
235,A82008,Propranolol HCl_Tab 10mg,0204000R0AAAHAH,1,0.0
234,A82071,Propranolol HCl_Tab 10mg,0204000R0AAAHAH,3,0.0
233,P81113,Propranolol HCl_Tab 10mg,0204000R0AAAHAH,5,0.0
232,P81002,Propranolol HCl_Tab 10mg,0204000R0AAAHAH,1,0.0
231,A82070,Propranolol HCl_Tab 10mg,0204000R0AAAHAH,4,0.0
230,A82046,Propranolol HCl_Tab 10mg,0204000R0AAAHAH,3,0.0
229,A82008,Propranolol HCl_Tab 10mg,0204000R0AAAHAH,20,0.0
228,A82647,Propranolol HCl_Tab 10mg,0204000R0AAAHAH,6,0.0
226,A82005,Propranolol HCl_Tab 10mg,0204000R0AAAHAH,1,0.0
257,A82072,Propranolol HCl_Tab 10mg,0204000R0AAAHAH,1,0.0
225,A82008,Propranolol HCl_Tab 10mg,0204000R0AAAHAH,9,0.0
224,A82007,Propranolol HCl_Tab 10mg,0204000R0AAAHAH,1,0.0
223,A82033,Propranolol HCl_Tab 10mg,0204000R0AAAHAH,7,0.0
222,A82065,Propranolol HCl_Tab 10mg,0204000R0AAAHAH,1,0.0
221,B82061,Propranolol HCl_Tab 10mg,0204000R0AAAHAH,6,0.0
220,A82027,Propranolol HCl_Tab 10mg,0204000R0AAAHAH,2,0.0
219,A82629,Propranolol HCl_Tab 10mg,0204000R0AAAHAH,2,0.0
218,A82039,Propranolol HCl_Tab 10mg,0204000R0AAAHAH,6,0.0
236,A82026,Propranolol HCl_Tab 10mg,0204000R0AAAHAH,4,0.0
237,A82053,Propranolol HCl_Tab 10mg,0204000R0AAAHAH,3,0.0
238,Y01008,Propranolol HCl_Tab 10mg,0204000R0AAAHAH,43,0.0
239,A82062,Propranolol HCl_Tab 10mg,0204000R0AAAHAH,3,0.0
256,Y01008,Propranolol HCl_Tab 10mg,0204000R0AAAHAH,38,0.0
255,A82007,Propranolol HCl_Tab 10mg,0204000R0AAAHAH,2,0.0
254,A82650,Propranolol HCl_Tab 10mg,0204000R0AAAHAH,1,0.0
253,A82629,Propranolol HCl_Tab 10mg,0204000R0AAAHAH,5,0.0
252,A82027,Propranolol HCl_Tab 10mg,0204000R0AAAHAH,10,0.0
251,A82068,Propranolol HCl_Tab 10mg,0204000R0AAAHAH,2,0.0
250,A82034,Propranolol HCl_Tab 10mg,0204000R0AAAHAH,3,0.0
249,A82010,Propranolol HCl_Tab 10mg,0204000R0AAAHAH,2,0.0
248,A82650,Propranolol HCl_Tab 10mg,0204000R0AAAHAH,4,0.0
247,Y01008,Propranolol HCl_Tab 10mg,0204000R0AAAHAH,24,0.0
246,A82053,Propranolol HCl_Tab 10mg,0204000R0AAAHAH,1,0.0
245,A82033,Propranolol HCl_Tab 10mg,0204000R0AAAHAH,9,0.0
244,A82009,Propranolol HCl_Tab 10mg,0204000R0AAAHAH,16,0.0
243,A82007,Propranolol HCl_Tab 10mg,0204000R0AAAHAH,2,0.0
242,A82053,Propranolol HCl_Tab 10mg,0204000R0AAAHAH,9,0.0
241,A82009,Propranolol HCl_Tab 10mg,0204000R0AAAHAH,5,0.0
240,A82027,Propranolol HCl_Tab 10mg,0204000R0AAAHAH,8,0.0
302,Y03017,Propranolol HCl_Tab 10mg,0204000R0AAAHAH,1,0.0
292,P81002,Propranolol HCl_Tab 10mg,0204000R0AAAHAH,5,0.0
304,Y01008,Propranolol HCl_Tab 10mg,0204000R0AAAHAH,2,0.0
344,A82010,Propranolol HCl_Tab 10mg,0204000R0AAAHAH,4,0.0
362,P81113,Propranolol HCl_Tab 10mg,0204000R0AAAHAH,4,0.0
361,A82010,Propranolol HCl_Tab 10mg,0204000R0AAAHAH,11,0.0
360,A82629,Propranolol HCl_Tab 10mg,0204000R0AAAHAH,1,0.0
359,A82608,Propranolol HCl_Tab 10mg,0204000R0AAAHAH,1,0.0
358,A82010,Propranolol HCl_Tab 10mg,0204000R0AAAHAH,7,0.0
305,A82025,Propranolol HCl_Tab 10mg,0204000R0AAAHAH,1,0.0
356,A82003,Propranolol HCl_Tab 10mg,0204000R0AAAHAH,4,0.0
355,A82071,Propranolol HCl_Tab 10mg,0204000R0AAAHAH,1,0.0
354,A82629,Propranolol HCl_Tab 10mg,0204000R0AAAHAH,6,0.0
353,A82651,Propranolol HCl_Tab 10mg,0204000R0AAAHAH,1,0.0
352,A82068,Propranolol HCl_Tab 10mg,0204000R0AAAHAH,1,0.0
351,A82009,Propranolol HCl_Tab 10mg,0204000R0AAAHAH,1,0.0
350,P81029,Propranolol HCl_Tab 10mg,0204000R0AAAHAH,4,0.0
349,A82030,Propranolol HCl_Tab 10mg,0204000R0AAAHAH,1,0.0
348,P81113,Propranolol HCl_Tab 10mg,0204000R0AAAHAH,1,0.0
347,A82651,Propranolol HCl_Tab 10mg,0204000R0AAAHAH,1,0.0
346,A82005,Propranolol HCl_Tab 10mg,0204000R0AAAHAH,3,0.0
363,A82046,Propranolol HCl_Tab 10mg,0204000R0AAAHAH,3,0.0
364,A82071,Propranolol HCl_Tab 10mg,0204000R0AAAHAH,1,0.0
365,P81013,Propranolol HCl_Tab 10mg,0204000R0AAAHAH,1,0.0
376,P81013,Propranolol HCl_Tab 10mg,0204000R0AAAHAH,1,0.0
383,P81029,Propranolol HCl_Tab 10mg,0204000R0AAAHAH,6,0.0
382,A82027,Propranolol HCl_Tab 10mg,0204000R0AAAHAH,6,0.0
381,A82608,Propranolol HCl_Tab 10mg,0204000R0AAAHAH,1,0.0
380,P81029,Propranolol HCl_Tab 10mg,0204000R0AAAHAH,16,0.0
379,A82027,Propranolol HCl_Tab 10mg,0204000R0AAAHAH,1,0.0
378,A82621,Propranolol HCl_Tab 10mg,0204000R0AAAHAH,1,0.0
377,A82003,Propranolol HCl_Tab 10mg,0204000R0AAAHAH,2,0.0
375,A82005,Propranolol HCl_Tab 10mg,0204000R0AAAHAH,14,0.0
366,A82034,Propranolol HCl_Tab 10mg,0204000R0AAAHAH,7,0.0
373,A82007,Propranolol HCl_Tab 10mg,0204000R0AAAHAH,9,0.0
372,A82039,Propranolol HCl_Tab 10mg,0204000R0AAAHAH,3,0.0
371,A82039,Propranolol HCl_Tab 10mg,0204000R0AAAHAH,2,0.0
370,A82647,Propranolol HCl_Tab 10mg,0204000R0AAAHAH,1,0.0
369,A82007,Propranolol HCl_Tab 10mg,0204000R0AAAHAH,20,0.0
368,A82068,Propranolol HCl_Tab 10mg,0204000R0AAAHAH,1,0.0
367,A82009,Propranolol HCl_Tab 10mg,0204000R0AAAHAH,5,0.0
345,Y01008,Propranolol HCl_Tab 10mg,0204000R0AAAHAH,1,0.0
357,A82647,Propranolol HCl_Tab 10mg,0204000R0AAAHAH,2,0.0
343,P81029,Propranolol HCl_Tab 10mg,0204000R0AAAHAH,15,0.0
326,A82072,Propranolol HCl_Tab 10mg,0204000R0AAAHAH,1,0.0
324,A82071,Propranolol HCl_Tab 10mg,0204000R0AAAHAH,5,0.0
323,A82608,Propranolol HCl_Tab 10mg,0204000R0AAAHAH,2,0.0
322,A82030,Propranolol HCl_Tab 10mg,0204000R0AAAHAH,2,0.0
321,A82033,Propranolol HCl_Tab 10mg,0204000R0AAAHAH,1,0.0
320,B82061,Propranolol HCl_Tab 10mg,0204000R0AAAHAH,8,0.0
319,A82026,Propranolol HCl_Tab 10mg,0204000R0AAAHAH,4,0.0
318,P81013,Propranolol HCl_Tab 10mg,0204000R0AAAHAH,6,0.0
317,Y01008,Propranolol HCl_Tab 10mg,0204000R0AAAHAH,61,0.0
316,P81002,Propranolol HCl_Tab 10mg,0204000R0AAAHAH,6,0.0
342,A82062,Propranolol HCl_Tab 10mg,0204000R0AAAHAH,1,0.0
314,A82650,Propranolol HCl_Tab 10mg,0204000R0AAAHAH,4,0.0
313,P81002,Propranolol HCl_Tab 10mg,0204000R0AAAHAH,1,0.0
312,A82025,Propranolol HCl_Tab 10mg,0204000R0AAAHAH,5,0.0
311,A82071,Propranolol HCl_Tab 10mg,0204000R0AAAHAH,8,0.0
310,P81029,Propranolol HCl_Tab 10mg,0204000R0AAAHAH,1,0.0
309,A82033,Propranolol HCl_Tab 10mg,0204000R0AAAHAH,2,0.0
308,A82072,Propranolol HCl_Tab 10mg,0204000R0AAAHAH,1,0.0
307,A82071,Propranolol HCl_Tab 10mg,0204000R0AAAHAH,6,0.0
306,A82033,Propranolol HCl_Tab 10mg,0204000R0AAAHAH,1,0.0
325,Y01008,Propranolol HCl_Tab 10mg,0204000R0AAAHAH,1,0.0
315,A82062,Propranolol HCl_Tab 10mg,0204000R0AAAHAH,4,0.0
327,Y01008,Propranolol HCl_Tab 10mg,0204000R0AAAHAH,1,0.0
333,A82613,Propranolol HCl_Tab 10mg,0204000R0AAAHAH,4,0.0
341,A82039,Propranolol HCl_Tab 10mg,0204000R0AAAHAH,1,0.0
340,A82010,Propranolol HCl_Tab 10mg,0204000R0AAAHAH,3,0.0
339,A82007,Propranolol HCl_Tab 10mg,0204000R0AAAHAH,2,0.0
338,A82025,Propranolol HCl_Tab 10mg,0204000R0AAAHAH,1,0.0
337,B82061,Propranolol HCl_Tab 10mg,0204000R0AAAHAH,1,0.0
336,A82005,Propranolol HCl_Tab 10mg,0204000R0AAAHAH,5,0.0
335,A82062,Propranolol HCl_Tab 10mg,0204000R0AAAHAH,2,0.0
328,A82025,Propranolol HCl_Tab 10mg,0204000R0AAAHAH,5,0.0
334,P81113,Propranolol HCl_Tab 10mg,0204000R0AAAHAH,1,0.0
332,A82077,Propranolol HCl_Tab 10mg,0204000R0AAAHAH,9,0.0
331,A82650,Propranolol HCl_Tab 10mg,0204000R0AAAHAH,2,0.0
329,P81002,Propranolol HCl_Tab 10mg,0204000R0AAAHAH,2,0.0
330,A82053,Propranolol HCl_Tab 10mg,0204000R0AAAHAH,2,0.0
290,P81013,Propranolol HCl_Tab 10mg,0204000R0AAAHAH,8,0.0
414,Y01008,Propranolol HCl_Tab 10mg,0204000R0AAAHAH,1,-0.0024000000000000687
415,A82039,Propranolol HCl_Tab 10mg,0204000R0AAAHAH,1,-0.0027000000000000773
416,A82065,Propranolol HCl_Tab 10mg,0204000R0AAAHAH,1,-0.003800000000000109
417,A82030,Propranolol HCl_Tab 10mg,0204000R0AAAHAH,1,-0.004000000000000115
418,A82065,Propranolol HCl_Tab 10mg,0204000R0AAAHAH,1,-0.004199999999999995
203,A82062,Mesalazine_Tab E/C 800mg,0105010B0AAASAS,2,-0.011999999999998678
28,A82071,Mesalazine_Tab E/C 400mg,0105010B0AAAAAA,2,-0.023999999999997357
29,A82009,Mesalazine_Tab E/C 400mg,0105010B0AAAAAA,3,-0.035999999999996035
30,Y01008,Mesalazine_Tab E/C 400mg,0105010B0AAAAAA,1,-7.9799999999999995
31,A82009,Mesalazine_Tab E/C 400mg,0105010B0AAAAAA,1,-12.833999999999998
32,A82026,Mesalazine_Tab E/C 400mg,0105010B0AAAAAA,1,-15.971199999999998
33,A82072,Mesalazine_Tab E/C 400mg,0105010B0AAAAAA,1,-15.971199999999998
35,A82025,Mesalazine_Tab E/C 400mg,0105010B0AAAAAA,1,-17.112
34,P81029,Mesalazine_Tab E/C 400mg,0105010B0AAAAAA,1,-17.112
205,A82007,Mesalazine_Tab E/C 800mg,0105010B0AAASAS,1,-18.441
204,A82039,Mesalazine_Tab E/C 800mg,0105010B0AAASAS,1,-18.441
206,A82010,Mesalazine_Tab E/C 800mg,0105010B0AAASAS,1,-22.959999999999994
207,Y01008,Mesalazine_Tab E/C 800mg,0105010B0AAASAS,1,-22.959999999999994
36,A82033,Mesalazine_Tab E/C 400mg,0105010B0AAAAAA,2,-23.95679999999999
38,A82034,Mesalazine_Tab E/C 400mg,0105010B0AAAAAA,1,-23.956799999999998
37,Y01008,Mesalazine_Tab E/C 400mg,0105010B0AAAAAA,1,-23.956799999999998
39,P81029,Mesalazine_Tab E/C 400mg,0105010B0AAAAAA,1,-25.667999999999996
41,P81029,Mesalazine_Tab E/C 400mg,0105010B0AAAAAA,1,-34.224
42,A82033,Mesalazine_Tab E/C 400mg,0105010B0AAAAAA,1,-34.224
40,A82039,Mesalazine_Tab E/C 400mg,0105010B0AAAAAA,1,-34.224
208,A82062,Mesalazine_Tab E/C 800mg,0105010B0AAASAS,1,-36.89999999999999
209,A82033,Mesalazine_Tab E/C 800mg,0105010B0AAASAS,1,-73.79999999999998
