,practice_code,bnf_description,bnf_code,items,excess_cost
787,B81008,Riluzole_Tab 50mg,0409030R0AAAAAA,2,303.27360000000004
431,B81048,Olanzapine_Tab 10mg,040201060AAACAC,6,289.3968
0,B81018,Atorvastatin_Tab 20mg,0212000B0AAABAB,316,225.62400000000002
808,B81011,Gabapentin_Tab 600mg,0408010G0AAAJAJ,2,166.18560000000002
1,B81675,Atorvastatin_Tab 20mg,0212000B0AAABAB,363,158.55840000000003
2,B81049,Atorvastatin_Tab 20mg,0212000B0AAABAB,87,135.44160000000002
29,B81616,Memantine HCl_Tab 20mg,0411000G0AAADAD,1,127.79760000000002
30,B81085,Memantine HCl_Tab 20mg,0411000G0AAADAD,5,127.79199999999999
3,B81017,Atorvastatin_Tab 20mg,0212000B0AAABAB,498,112.94640000000004
31,B81675,Memantine HCl_Tab 20mg,0411000G0AAADAD,7,111.82290000000002
4,B81020,Atorvastatin_Tab 20mg,0212000B0AAABAB,315,89.96400000000001
809,B81017,Gabapentin_Tab 600mg,0408010G0AAAJAJ,2,85.728
846,B81020,Ferr Sulf_Tab 200mg,0901011P0AAACAC,27,84.59639999999999
727,B81021,Paracet_Tab Solb 500mg,0407010H0AAAQAQ,2,73.48
728,B81021,Paracet_Tab Solb 500mg,0407010H0AAAQAQ,2,73.48
432,B81049,Olanzapine_Tab 10mg,040201060AAACAC,6,72.3576
5,B81008,Atorvastatin_Tab 20mg,0212000B0AAABAB,636,67.67040000000009
6,B81049,Atorvastatin_Tab 20mg,0212000B0AAABAB,2,67.6032
7,B81018,Atorvastatin_Tab 20mg,0212000B0AAABAB,4,67.6032
32,B81018,Memantine HCl_Tab 20mg,0411000G0AAADAD,8,63.9072
33,B81097,Memantine HCl_Tab 20mg,0411000G0AAADAD,3,63.898799999999994
34,B81675,Memantine HCl_Tab 20mg,0411000G0AAADAD,4,63.896
35,B81021,Memantine HCl_Tab 20mg,0411000G0AAADAD,4,63.896
37,B81020,Memantine HCl_Tab 20mg,0411000G0AAADAD,7,63.895999999999994
36,B81017,Memantine HCl_Tab 20mg,0411000G0AAADAD,7,63.895999999999994
730,B81008,Paracet_Tab Solb 500mg,0407010H0AAAQAQ,1,55.11000000000001
729,B81008,Paracet_Tab Solb 500mg,0407010H0AAAQAQ,1,55.11000000000001
8,B81049,Atorvastatin_Tab 20mg,0212000B0AAABAB,1,54.7128
9,B81049,Atorvastatin_Tab 20mg,0212000B0AAABAB,64,45.1584
10,B81017,Atorvastatin_Tab 20mg,0212000B0AAABAB,27,45.0576
847,B81066,Ferr Sulf_Tab 200mg,0901011P0AAACAC,38,42.453599999999994
848,B81008,Ferr Sulf_Tab 200mg,0901011P0AAACAC,63,42.336
61,B81018,Paracet_Tab 500mg,0407010H0AAAMAM,16,40.32
62,B81018,Paracet_Tab 500mg,0407010H0AAAMAM,16,40.32
64,B81053,Paracet_Tab 500mg,0407010H0AAAMAM,54,39.91680000000001
63,B81053,Paracet_Tab 500mg,0407010H0AAAMAM,54,39.91680000000001
789,B81119,Mesalazine_Tab E/C 800mg,0105010B0AAASAS,1,36.89999999999999
788,B81049,Mesalazine_Tab E/C 800mg,0105010B0AAASAS,1,36.89999999999999
38,B81020,Memantine HCl_Tab 20mg,0411000G0AAADAD,1,36.512
433,B81049,Olanzapine_Tab 10mg,040201060AAACAC,2,36.1816
790,B81112,Mesalazine_Tab E/C 800mg,0105010B0AAASAS,2,34.43999999999999
39,B81688,Memantine HCl_Tab 20mg,0411000G0AAADAD,6,31.970399999999998
792,B81018,Mesalazine_Tab E/C 800mg,0105010B0AAASAS,1,22.959999999999994
791,B81038,Mesalazine_Tab E/C 800mg,0105010B0AAASAS,2,22.959999999999994
793,B81112,Mesalazine_Tab E/C 800mg,0105010B0AAASAS,1,22.959999999999994
11,B81032,Atorvastatin_Tab 20mg,0212000B0AAABAB,69,22.604400000000005
12,Y02747,Atorvastatin_Tab 20mg,0212000B0AAABAB,278,22.5736
13,B81675,Atorvastatin_Tab 20mg,0212000B0AAABAB,66,22.545599999999997
849,B81058,Ferr Sulf_Tab 200mg,0901011P0AAACAC,12,21.168
850,B81085,Ferr Sulf_Tab 200mg,0901011P0AAACAC,10,21.167999999999996
66,B81053,Paracet_Tab 500mg,0407010H0AAAMAM,206,20.60000000000002
65,B81053,Paracet_Tab 500mg,0407010H0AAAMAM,206,20.60000000000002
794,B81027,Mesalazine_Tab E/C 800mg,0105010B0AAASAS,1,18.449999999999996
795,B81631,Mesalazine_Tab E/C 800mg,0105010B0AAASAS,1,18.449999999999996
797,B81631,Mesalazine_Tab E/C 800mg,0105010B0AAASAS,1,17.219999999999995
796,B81119,Mesalazine_Tab E/C 800mg,0105010B0AAASAS,1,17.219999999999995
731,B81675,Paracet_Tab Solb 500mg,0407010H0AAAQAQ,1,15.9712
732,B81675,Paracet_Tab Solb 500mg,0407010H0AAAQAQ,1,15.9712
810,B81018,Gabapentin_Tab 600mg,0408010G0AAAJAJ,6,15.0192
851,B81049,Ferr Sulf_Tab 200mg,0901011P0AAACAC,4,14.089599999999997
852,B81008,Ferr Sulf_Tab 200mg,0901011P0AAACAC,9,14.0868
68,B81080,Paracet_Tab 500mg,0407010H0AAAMAM,14,12.902399999999997
67,B81080,Paracet_Tab 500mg,0407010H0AAAMAM,14,12.902399999999997
798,B81112,Mesalazine_Tab E/C 800mg,0105010B0AAASAS,1,12.293999999999999
799,B81119,Mesalazine_Tab E/C 800mg,0105010B0AAASAS,1,12.293999999999999
70,B81008,Paracet_Tab 500mg,0407010H0AAAMAM,135,12.096000000000032
69,B81008,Paracet_Tab 500mg,0407010H0AAAMAM,135,12.096000000000032
71,B81048,Paracet_Tab 500mg,0407010H0AAAMAM,86,12.039999999999987
72,B81048,Paracet_Tab 500mg,0407010H0AAAMAM,86,12.039999999999987
802,B81040,Mesalazine_Tab E/C 800mg,0105010B0AAASAS,1,11.479999999999997
801,Y02747,Mesalazine_Tab E/C 800mg,0105010B0AAASAS,1,11.479999999999997
800,B81631,Mesalazine_Tab E/C 800mg,0105010B0AAASAS,1,11.479999999999997
803,B81056,Mesalazine_Tab E/C 800mg,0105010B0AAASAS,1,11.479999999999997
74,B81049,Paracet_Tab 500mg,0407010H0AAAMAM,39,11.356799999999993
73,B81049,Paracet_Tab 500mg,0407010H0AAAMAM,39,11.356799999999993
75,B81675,Paracet_Tab 500mg,0407010H0AAAMAM,93,11.159999999999997
76,B81675,Paracet_Tab 500mg,0407010H0AAAMAM,93,11.159999999999997
77,B81058,Paracet_Tab 500mg,0407010H0AAAMAM,134,10.720000000000027
78,B81058,Paracet_Tab 500mg,0407010H0AAAMAM,134,10.720000000000027
79,B81002,Paracet_Tab 500mg,0407010H0AAAMAM,66,10.560000000000027
80,B81002,Paracet_Tab 500mg,0407010H0AAAMAM,66,10.560000000000027
733,B81047,Paracet_Tab Solb 500mg,0407010H0AAAQAQ,1,10.5504
734,B81047,Paracet_Tab Solb 500mg,0407010H0AAAQAQ,1,10.5504
82,B81032,Paracet_Tab 500mg,0407010H0AAAMAM,12,10.080000000000002
81,B81032,Paracet_Tab 500mg,0407010H0AAAMAM,12,10.080000000000002
84,B81035,Paracet_Tab 500mg,0407010H0AAAMAM,14,10.079999999999997
83,B81035,Paracet_Tab 500mg,0407010H0AAAMAM,14,10.079999999999997
86,B81095,Paracet_Tab 500mg,0407010H0AAAMAM,67,10.05000000000001
85,B81095,Paracet_Tab 500mg,0407010H0AAAMAM,67,10.05000000000001
87,B81035,Paracet_Tab 500mg,0407010H0AAAMAM,110,9.900000000000016
88,B81035,Paracet_Tab 500mg,0407010H0AAAMAM,110,9.900000000000016
89,B81049,Paracet_Tab 500mg,0407010H0AAAMAM,60,9.600000000000025
90,B81049,Paracet_Tab 500mg,0407010H0AAAMAM,60,9.600000000000025
91,B81008,Paracet_Tab 500mg,0407010H0AAAMAM,456,9.120000000000102
92,B81008,Paracet_Tab 500mg,0407010H0AAAMAM,456,9.120000000000102
94,B81046,Paracet_Tab 500mg,0407010H0AAAMAM,109,8.720000000000024
93,B81046,Paracet_Tab 500mg,0407010H0AAAMAM,109,8.720000000000024
95,B81011,Paracet_Tab 500mg,0407010H0AAAMAM,53,8.480000000000022
96,B81011,Paracet_Tab 500mg,0407010H0AAAMAM,53,8.480000000000022
736,B81056,Paracet_Tab Solb 500mg,0407010H0AAAQAQ,4,8.440000000000003
735,B81056,Paracet_Tab Solb 500mg,0407010H0AAAQAQ,4,8.440000000000003
738,Y02344,Paracet_Tab Solb 500mg,0407010H0AAAQAQ,5,7.896000000000001
737,Y02344,Paracet_Tab Solb 500mg,0407010H0AAAQAQ,5,7.896000000000001
440,B81008,Clonazepam_Tab 500mcg,0408010F0AAABAB,24,7.593599999999984
441,B81008,Clonazepam_Tab 500mcg,0408010F0AAABAB,12,7.593599999999984
442,B81040,Clonazepam_Tab 500mcg,0408010F0AAABAB,9,7.055999999999978
97,B81011,Paracet_Tab 500mg,0407010H0AAAMAM,171,6.840000000000018
98,B81011,Paracet_Tab 500mg,0407010H0AAAMAM,171,6.840000000000018
100,B81021,Paracet_Tab 500mg,0407010H0AAAMAM,85,6.800000000000018
99,B81021,Paracet_Tab 500mg,0407010H0AAAMAM,85,6.800000000000018
101,B81017,Paracet_Tab 500mg,0407010H0AAAMAM,128,6.400000000000006
102,B81017,Paracet_Tab 500mg,0407010H0AAAMAM,128,6.400000000000006
739,B81008,Paracet_Tab Solb 500mg,0407010H0AAAQAQ,35,6.3000000000000345
740,B81008,Paracet_Tab Solb 500mg,0407010H0AAAQAQ,35,6.3000000000000345
444,B81053,Clonazepam_Tab 500mcg,0408010F0AAABAB,9,5.695199999999988
443,B81027,Clonazepam_Tab 500mcg,0408010F0AAABAB,9,5.695199999999988
103,B81049,Paracet_Tab 500mg,0407010H0AAAMAM,141,5.640000000000015
104,B81049,Paracet_Tab 500mg,0407010H0AAAMAM,141,5.640000000000015
106,B81008,Paracet_Tab 500mg,0407010H0AAAMAM,25,5.600000000000005
105,B81008,Paracet_Tab 500mg,0407010H0AAAMAM,25,5.600000000000005
108,B81052,Paracet_Tab 500mg,0407010H0AAAMAM,48,5.280000000000001
107,B81052,Paracet_Tab 500mg,0407010H0AAAMAM,48,5.280000000000001
110,Y02344,Paracet_Tab 500mg,0407010H0AAAMAM,51,5.100000000000005
109,Y02344,Paracet_Tab 500mg,0407010H0AAAMAM,51,5.100000000000005
445,B81021,Clonazepam_Tab 500mcg,0408010F0AAABAB,8,5.06239999999999
111,B81018,Paracet_Tab 500mg,0407010H0AAAMAM,126,5.040000000000013
112,B81018,Paracet_Tab 500mg,0407010H0AAAMAM,126,5.040000000000013
113,B81021,Paracet_Tab 500mg,0407010H0AAAMAM,5,4.928000000000001
114,B81021,Paracet_Tab 500mg,0407010H0AAAMAM,5,4.928000000000001
116,Y02747,Paracet_Tab 500mg,0407010H0AAAMAM,95,4.750000000000004
115,Y02747,Paracet_Tab 500mg,0407010H0AAAMAM,95,4.750000000000004
446,B81112,Clonazepam_Tab 500mcg,0408010F0AAABAB,15,4.74599999999999
117,B81085,Paracet_Tab 500mg,0407010H0AAAMAM,79,4.739999999999998
118,B81085,Paracet_Tab 500mg,0407010H0AAAMAM,79,4.739999999999998
742,B81049,Paracet_Tab Solb 500mg,0407010H0AAAQAQ,9,4.6800000000000095
741,B81049,Paracet_Tab Solb 500mg,0407010H0AAAQAQ,9,4.6800000000000095
447,B81048,Clonazepam_Tab 500mcg,0408010F0AAABAB,4,4.519999999999991
448,B81056,Clonazepam_Tab 500mcg,0408010F0AAABAB,12,4.468799999999993
449,B81046,Clonazepam_Tab 500mcg,0408010F0AAABAB,7,4.429599999999991
450,B81053,Clonazepam_Tab 500mcg,0408010F0AAABAB,14,4.429599999999991
119,B81040,Paracet_Tab 500mg,0407010H0AAAMAM,86,4.334399999999999
120,B81040,Paracet_Tab 500mg,0407010H0AAAMAM,86,4.334399999999999
451,Y02747,Clonazepam_Tab 500mcg,0408010F0AAABAB,11,4.157999999999987
452,Y02747,Clonazepam_Tab 500mcg,0408010F0AAABAB,4,3.8975999999999935
453,B81021,Clonazepam_Tab 500mcg,0408010F0AAABAB,8,3.796799999999992
455,B81018,Clonazepam_Tab 500mcg,0408010F0AAABAB,3,3.796799999999992
456,B81008,Clonazepam_Tab 500mcg,0408010F0AAABAB,4,3.796799999999992
457,B81040,Clonazepam_Tab 500mcg,0408010F0AAABAB,12,3.796799999999992
454,B81119,Clonazepam_Tab 500mcg,0408010F0AAABAB,2,3.796799999999992
458,B81048,Clonazepam_Tab 500mcg,0408010F0AAABAB,2,3.6159999999999926
459,B81027,Clonazepam_Tab 500mcg,0408010F0AAABAB,11,3.480399999999993
121,B81054,Paracet_Tab 500mg,0407010H0AAAMAM,19,3.4048000000000087
122,B81054,Paracet_Tab 500mg,0407010H0AAAMAM,19,3.4048000000000087
461,B81056,Clonazepam_Tab 500mcg,0408010F0AAABAB,5,3.389999999999993
460,B81008,Clonazepam_Tab 500mcg,0408010F0AAABAB,3,3.389999999999993
462,B81008,Clonazepam_Tab 500mcg,0408010F0AAABAB,5,3.389999999999993
463,B81054,Clonazepam_Tab 500mcg,0408010F0AAABAB,3,3.389999999999993
123,B81085,Paracet_Tab 500mg,0407010H0AAAMAM,42,3.3600000000000088
124,B81085,Paracet_Tab 500mg,0407010H0AAAMAM,42,3.3600000000000088
125,B81011,Paracet_Tab 500mg,0407010H0AAAMAM,5,3.2960000000000003
126,B81011,Paracet_Tab 500mg,0407010H0AAAMAM,5,3.2960000000000003
464,B81675,Clonazepam_Tab 500mcg,0408010F0AAABAB,6,3.2591999999999954
465,B81017,Clonazepam_Tab 500mcg,0408010F0AAABAB,5,3.1639999999999935
128,B81048,Paracet_Tab 500mg,0407010H0AAAMAM,47,3.158400000000017
127,B81048,Paracet_Tab 500mg,0407010H0AAAMAM,47,3.158400000000017
466,B81008,Clonazepam_Tab 500mcg,0408010F0AAABAB,9,3.050999999999994
467,B81052,Clonazepam_Tab 500mcg,0408010F0AAABAB,5,2.939999999999995
473,Y02344,Clonazepam_Tab 500mcg,0408010F0AAABAB,3,2.847599999999994
472,B81053,Clonazepam_Tab 500mcg,0408010F0AAABAB,3,2.847599999999994
468,B81040,Clonazepam_Tab 500mcg,0408010F0AAABAB,3,2.847599999999994
469,B81112,Clonazepam_Tab 500mcg,0408010F0AAABAB,3,2.847599999999994
470,B81056,Clonazepam_Tab 500mcg,0408010F0AAABAB,3,2.847599999999994
471,B81119,Clonazepam_Tab 500mcg,0408010F0AAABAB,9,2.847599999999994
130,B81675,Paracet_Tab 500mg,0407010H0AAAMAM,11,2.5872000000000015
129,B81675,Paracet_Tab 500mg,0407010H0AAAMAM,11,2.5872000000000015
474,B81048,Clonazepam_Tab 500mcg,0408010F0AAABAB,8,2.531199999999995
476,B81047,Clonazepam_Tab 500mcg,0408010F0AAABAB,2,2.531199999999995
477,B81011,Clonazepam_Tab 500mcg,0408010F0AAABAB,4,2.531199999999995
478,B81027,Clonazepam_Tab 500mcg,0408010F0AAABAB,1,2.531199999999995
479,B81112,Clonazepam_Tab 500mcg,0408010F0AAABAB,1,2.531199999999995
480,B81053,Clonazepam_Tab 500mcg,0408010F0AAABAB,16,2.531199999999995
481,B81054,Clonazepam_Tab 500mcg,0408010F0AAABAB,2,2.531199999999995
482,B81074,Clonazepam_Tab 500mcg,0408010F0AAABAB,8,2.531199999999995
475,B81048,Clonazepam_Tab 500mcg,0408010F0AAABAB,2,2.531199999999995
131,B81011,Paracet_Tab 500mg,0407010H0AAAMAM,6,2.5200000000000005
132,B81011,Paracet_Tab 500mg,0407010H0AAAMAM,6,2.5200000000000005
133,Y02747,Paracet_Tab 500mg,0407010H0AAAMAM,1,2.52
134,Y02747,Paracet_Tab 500mg,0407010H0AAAMAM,1,2.52
483,B81017,Clonazepam_Tab 500mcg,0408010F0AAABAB,10,2.372999999999995
484,B81049,Clonazepam_Tab 500mcg,0408010F0AAABAB,10,2.372999999999995
485,B81054,Clonazepam_Tab 500mcg,0408010F0AAABAB,5,2.372999999999995
486,B81008,Clonazepam_Tab 500mcg,0408010F0AAABAB,15,2.372999999999995
489,B81040,Clonazepam_Tab 500mcg,0408010F0AAABAB,2,2.2599999999999953
487,B81058,Clonazepam_Tab 500mcg,0408010F0AAABAB,2,2.2599999999999953
488,B81027,Clonazepam_Tab 500mcg,0408010F0AAABAB,1,2.2599999999999953
495,B81008,Clonazepam_Tab 500mcg,0408010F0AAABAB,1,2.2147999999999954
494,B81032,Clonazepam_Tab 500mcg,0408010F0AAABAB,7,2.2147999999999954
493,B81008,Clonazepam_Tab 500mcg,0408010F0AAABAB,4,2.2147999999999954
491,B81008,Clonazepam_Tab 500mcg,0408010F0AAABAB,28,2.2147999999999954
490,B81058,Clonazepam_Tab 500mcg,0408010F0AAABAB,7,2.2147999999999954
492,B81017,Clonazepam_Tab 500mcg,0408010F0AAABAB,7,2.2147999999999954
136,B81021,Paracet_Tab 500mg,0407010H0AAAMAM,7,2.2050000000000014
135,B81021,Paracet_Tab 500mg,0407010H0AAAMAM,7,2.2050000000000014
496,B81675,Clonazepam_Tab 500mcg,0408010F0AAABAB,6,2.1503999999999976
497,B81046,Clonazepam_Tab 500mcg,0408010F0AAABAB,9,2.1356999999999955
501,B81048,Clonazepam_Tab 500mcg,0408010F0AAABAB,6,2.033999999999996
498,B81054,Clonazepam_Tab 500mcg,0408010F0AAABAB,2,2.033999999999996
499,B81056,Clonazepam_Tab 500mcg,0408010F0AAABAB,1,2.033999999999996
500,B81020,Clonazepam_Tab 500mcg,0408010F0AAABAB,3,2.033999999999996
502,B81054,Clonazepam_Tab 500mcg,0408010F0AAABAB,3,2.033999999999996
503,B81048,Clonazepam_Tab 500mcg,0408010F0AAABAB,1,2.033999999999996
504,B81053,Clonazepam_Tab 500mcg,0408010F0AAABAB,3,2.033999999999996
505,B81056,Clonazepam_Tab 500mcg,0408010F0AAABAB,6,2.033999999999996
518,B81049,Clonazepam_Tab 500mcg,0408010F0AAABAB,12,1.898399999999996
515,B81085,Clonazepam_Tab 500mcg,0408010F0AAABAB,2,1.898399999999996
516,B81008,Clonazepam_Tab 500mcg,0408010F0AAABAB,1,1.898399999999996
517,B81020,Clonazepam_Tab 500mcg,0408010F0AAABAB,8,1.898399999999996
520,B81020,Clonazepam_Tab 500mcg,0408010F0AAABAB,2,1.898399999999996
519,B81053,Clonazepam_Tab 500mcg,0408010F0AAABAB,4,1.898399999999996
522,B81112,Clonazepam_Tab 500mcg,0408010F0AAABAB,3,1.898399999999996
513,B81027,Clonazepam_Tab 500mcg,0408010F0AAABAB,2,1.898399999999996
521,B81119,Clonazepam_Tab 500mcg,0408010F0AAABAB,2,1.898399999999996
514,B81056,Clonazepam_Tab 500mcg,0408010F0AAABAB,1,1.898399999999996
510,B81058,Clonazepam_Tab 500mcg,0408010F0AAABAB,2,1.898399999999996
512,Y02344,Clonazepam_Tab 500mcg,0408010F0AAABAB,1,1.898399999999996
511,B81058,Clonazepam_Tab 500mcg,0408010F0AAABAB,3,1.898399999999996
509,Y02747,Clonazepam_Tab 500mcg,0408010F0AAABAB,1,1.898399999999996
508,B81074,Clonazepam_Tab 500mcg,0408010F0AAABAB,1,1.898399999999996
507,B81075,Clonazepam_Tab 500mcg,0408010F0AAABAB,3,1.898399999999996
506,B81027,Clonazepam_Tab 500mcg,0408010F0AAABAB,12,1.898399999999996
523,B81119,Clonazepam_Tab 500mcg,0408010F0AAABAB,11,1.7401999999999964
524,B81017,Clonazepam_Tab 500mcg,0408010F0AAABAB,5,1.6949999999999965
525,Y02344,Clonazepam_Tab 500mcg,0408010F0AAABAB,1,1.6949999999999965
137,B81020,Paracet_Tab 500mg,0407010H0AAAMAM,4,1.6128
138,B81020,Paracet_Tab 500mg,0407010H0AAAMAM,4,1.6128
530,B81675,Clonazepam_Tab 500mcg,0408010F0AAABAB,10,1.5819999999999967
527,B81058,Clonazepam_Tab 500mcg,0408010F0AAABAB,1,1.5819999999999967
528,B81020,Clonazepam_Tab 500mcg,0408010F0AAABAB,1,1.5819999999999967
529,B81046,Clonazepam_Tab 500mcg,0408010F0AAABAB,5,1.5819999999999967
526,B81038,Clonazepam_Tab 500mcg,0408010F0AAABAB,5,1.5819999999999967
531,B81018,Clonazepam_Tab 500mcg,0408010F0AAABAB,6,1.579199999999994
532,B81688,Clonazepam_Tab 500mcg,0408010F0AAABAB,4,1.4615999999999976
533,B81002,Clonazepam_Tab 500mcg,0408010F0AAABAB,9,1.423799999999997
534,B81008,Clonazepam_Tab 500mcg,0408010F0AAABAB,6,1.423799999999997
535,B81054,Clonazepam_Tab 500mcg,0408010F0AAABAB,9,1.423799999999997
536,B81017,Clonazepam_Tab 500mcg,0408010F0AAABAB,9,1.423799999999997
537,B81027,Clonazepam_Tab 500mcg,0408010F0AAABAB,32,1.3567999999999998
540,B81095,Clonazepam_Tab 500mcg,0408010F0AAABAB,1,1.3559999999999972
543,B81008,Clonazepam_Tab 500mcg,0408010F0AAABAB,1,1.3559999999999972
542,Y02747,Clonazepam_Tab 500mcg,0408010F0AAABAB,2,1.3559999999999972
541,B81058,Clonazepam_Tab 500mcg,0408010F0AAABAB,1,1.3559999999999972
539,B81052,Clonazepam_Tab 500mcg,0408010F0AAABAB,2,1.3559999999999972
538,B81017,Clonazepam_Tab 500mcg,0408010F0AAABAB,1,1.3559999999999972
554,B81020,Clonazepam_Tab 500mcg,0408010F0AAABAB,1,1.2655999999999974
565,B81038,Clonazepam_Tab 500mcg,0408010F0AAABAB,2,1.2655999999999974
564,B81112,Clonazepam_Tab 500mcg,0408010F0AAABAB,1,1.2655999999999974
563,B81616,Clonazepam_Tab 500mcg,0408010F0AAABAB,1,1.2655999999999974
562,B81021,Clonazepam_Tab 500mcg,0408010F0AAABAB,4,1.2655999999999974
561,B81011,Clonazepam_Tab 500mcg,0408010F0AAABAB,1,1.2655999999999974
560,B81675,Clonazepam_Tab 500mcg,0408010F0AAABAB,2,1.2655999999999974
559,B81027,Clonazepam_Tab 500mcg,0408010F0AAABAB,1,1.2655999999999974
558,B81011,Clonazepam_Tab 500mcg,0408010F0AAABAB,4,1.2655999999999974
557,B81008,Clonazepam_Tab 500mcg,0408010F0AAABAB,1,1.2655999999999974
555,Y02344,Clonazepam_Tab 500mcg,0408010F0AAABAB,2,1.2655999999999974
556,B81017,Clonazepam_Tab 500mcg,0408010F0AAABAB,1,1.2655999999999974
553,B81058,Clonazepam_Tab 500mcg,0408010F0AAABAB,1,1.2655999999999974
552,B81054,Clonazepam_Tab 500mcg,0408010F0AAABAB,2,1.2655999999999974
551,B81018,Clonazepam_Tab 500mcg,0408010F0AAABAB,2,1.2655999999999974
550,B81119,Clonazepam_Tab 500mcg,0408010F0AAABAB,1,1.2655999999999974
549,B81047,Clonazepam_Tab 500mcg,0408010F0AAABAB,4,1.2655999999999974
548,B81054,Clonazepam_Tab 500mcg,0408010F0AAABAB,4,1.2655999999999974
547,B81049,Clonazepam_Tab 500mcg,0408010F0AAABAB,1,1.2655999999999974
546,B81038,Clonazepam_Tab 500mcg,0408010F0AAABAB,1,1.2655999999999974
545,B81112,Clonazepam_Tab 500mcg,0408010F0AAABAB,8,1.2655999999999974
544,Y02747,Clonazepam_Tab 500mcg,0408010F0AAABAB,1,1.2655999999999974
566,B81675,Clonazepam_Tab 500mcg,0408010F0AAABAB,2,1.1399999999999966
571,B81080,Clonazepam_Tab 500mcg,0408010F0AAABAB,1,1.1299999999999977
574,B81047,Clonazepam_Tab 500mcg,0408010F0AAABAB,1,1.1299999999999977
573,B81011,Clonazepam_Tab 500mcg,0408010F0AAABAB,1,1.1299999999999977
572,B81046,Clonazepam_Tab 500mcg,0408010F0AAABAB,1,1.1299999999999977
569,B81052,Clonazepam_Tab 500mcg,0408010F0AAABAB,1,1.1299999999999977
570,B81095,Clonazepam_Tab 500mcg,0408010F0AAABAB,1,1.1299999999999977
568,B81032,Clonazepam_Tab 500mcg,0408010F0AAABAB,1,1.1299999999999977
567,B81066,Clonazepam_Tab 500mcg,0408010F0AAABAB,1,1.1299999999999977
575,B81074,Clonazepam_Tab 500mcg,0408010F0AAABAB,14,1.1073999999999977
576,B81056,Clonazepam_Tab 500mcg,0408010F0AAABAB,7,1.1073999999999977
577,B81046,Clonazepam_Tab 500mcg,0408010F0AAABAB,7,1.1073999999999977
578,B81112,Clonazepam_Tab 500mcg,0408010F0AAABAB,1,1.016999999999998
579,B81002,Clonazepam_Tab 500mcg,0408010F0AAABAB,1,1.016999999999998
580,B81046,Clonazepam_Tab 500mcg,0408010F0AAABAB,1,1.016999999999998
581,B81048,Clonazepam_Tab 500mcg,0408010F0AAABAB,1,1.016999999999998
584,B81616,Clonazepam_Tab 500mcg,0408010F0AAABAB,1,0.949199999999998
582,B81011,Clonazepam_Tab 500mcg,0408010F0AAABAB,1,0.949199999999998
583,B81017,Clonazepam_Tab 500mcg,0408010F0AAABAB,1,0.949199999999998
585,B81035,Clonazepam_Tab 500mcg,0408010F0AAABAB,3,0.949199999999998
591,B81040,Clonazepam_Tab 500mcg,0408010F0AAABAB,12,0.949199999999998
597,Y02747,Clonazepam_Tab 500mcg,0408010F0AAABAB,1,0.949199999999998
596,B81032,Clonazepam_Tab 500mcg,0408010F0AAABAB,6,0.949199999999998
595,B81049,Clonazepam_Tab 500mcg,0408010F0AAABAB,3,0.949199999999998
593,B81035,Clonazepam_Tab 500mcg,0408010F0AAABAB,1,0.949199999999998
592,B81075,Clonazepam_Tab 500mcg,0408010F0AAABAB,4,0.949199999999998
594,B81645,Clonazepam_Tab 500mcg,0408010F0AAABAB,3,0.949199999999998
590,B81688,Clonazepam_Tab 500mcg,0408010F0AAABAB,1,0.949199999999998
589,B81048,Clonazepam_Tab 500mcg,0408010F0AAABAB,1,0.949199999999998
588,B81017,Clonazepam_Tab 500mcg,0408010F0AAABAB,12,0.949199999999998
587,B81688,Clonazepam_Tab 500mcg,0408010F0AAABAB,6,0.949199999999998
586,B81021,Clonazepam_Tab 500mcg,0408010F0AAABAB,1,0.949199999999998
598,B81675,Clonazepam_Tab 500mcg,0408010F0AAABAB,8,0.9279999999999999
14,B81645,Atorvastatin_Tab 20mg,0212000B0AAABAB,327,0.9156000000000262
599,B81040,Clonazepam_Tab 500mcg,0408010F0AAABAB,1,0.9039999999999981
600,B81047,Clonazepam_Tab 500mcg,0408010F0AAABAB,11,0.8700999999999982
604,B81040,Clonazepam_Tab 500mcg,0408010F0AAABAB,1,0.7909999999999984
606,B81053,Clonazepam_Tab 500mcg,0408010F0AAABAB,1,0.7909999999999984
605,B81011,Clonazepam_Tab 500mcg,0408010F0AAABAB,10,0.7909999999999984
601,B81616,Clonazepam_Tab 500mcg,0408010F0AAABAB,5,0.7909999999999984
603,B81020,Clonazepam_Tab 500mcg,0408010F0AAABAB,1,0.7909999999999984
602,B81008,Clonazepam_Tab 500mcg,0408010F0AAABAB,1,0.7909999999999984
607,B81616,Clonazepam_Tab 500mcg,0408010F0AAABAB,1,0.7475999999999993
608,B81049,Clonazepam_Tab 500mcg,0408010F0AAABAB,1,0.7167999999999992
609,B81058,Clonazepam_Tab 500mcg,0408010F0AAABAB,9,0.7118999999999985
610,B81018,Clonazepam_Tab 500mcg,0408010F0AAABAB,3,0.7118999999999985
611,B81104,Clonazepam_Tab 500mcg,0408010F0AAABAB,3,0.7118999999999985
618,B81675,Clonazepam_Tab 500mcg,0408010F0AAABAB,1,0.6779999999999986
624,B81066,Clonazepam_Tab 500mcg,0408010F0AAABAB,1,0.6779999999999986
623,B81616,Clonazepam_Tab 500mcg,0408010F0AAABAB,2,0.6779999999999986
622,B81046,Clonazepam_Tab 500mcg,0408010F0AAABAB,1,0.6779999999999986
620,B81616,Clonazepam_Tab 500mcg,0408010F0AAABAB,1,0.6779999999999986
619,B81035,Clonazepam_Tab 500mcg,0408010F0AAABAB,1,0.6779999999999986
621,B81645,Clonazepam_Tab 500mcg,0408010F0AAABAB,1,0.6779999999999986
617,B81046,Clonazepam_Tab 500mcg,0408010F0AAABAB,2,0.6779999999999986
615,B81017,Clonazepam_Tab 500mcg,0408010F0AAABAB,1,0.6779999999999986
614,B81054,Clonazepam_Tab 500mcg,0408010F0AAABAB,2,0.6779999999999986
613,B81027,Clonazepam_Tab 500mcg,0408010F0AAABAB,2,0.6779999999999986
612,B81635,Clonazepam_Tab 500mcg,0408010F0AAABAB,1,0.6779999999999986
616,B81038,Clonazepam_Tab 500mcg,0408010F0AAABAB,2,0.6779999999999986
633,B81075,Clonazepam_Tab 500mcg,0408010F0AAABAB,2,0.6327999999999987
641,B81049,Clonazepam_Tab 500mcg,0408010F0AAABAB,1,0.6327999999999987
640,B81119,Clonazepam_Tab 500mcg,0408010F0AAABAB,1,0.6327999999999987
639,B81048,Clonazepam_Tab 500mcg,0408010F0AAABAB,1,0.6327999999999987
637,B81018,Clonazepam_Tab 500mcg,0408010F0AAABAB,4,0.6327999999999987
636,B81074,Clonazepam_Tab 500mcg,0408010F0AAABAB,1,0.6327999999999987
635,Y02344,Clonazepam_Tab 500mcg,0408010F0AAABAB,2,0.6327999999999987
634,B81688,Clonazepam_Tab 500mcg,0408010F0AAABAB,2,0.6327999999999987
638,B81085,Clonazepam_Tab 500mcg,0408010F0AAABAB,1,0.6327999999999987
632,B81066,Clonazepam_Tab 500mcg,0408010F0AAABAB,1,0.6327999999999987
630,B81020,Clonazepam_Tab 500mcg,0408010F0AAABAB,2,0.6327999999999987
629,B81631,Clonazepam_Tab 500mcg,0408010F0AAABAB,1,0.6327999999999987
628,B81035,Clonazepam_Tab 500mcg,0408010F0AAABAB,1,0.6327999999999987
627,B81032,Clonazepam_Tab 500mcg,0408010F0AAABAB,1,0.6327999999999987
626,B81097,Clonazepam_Tab 500mcg,0408010F0AAABAB,1,0.6327999999999987
625,B81002,Clonazepam_Tab 500mcg,0408010F0AAABAB,2,0.6327999999999987
631,B81047,Clonazepam_Tab 500mcg,0408010F0AAABAB,1,0.6327999999999987
644,B81017,Clonazepam_Tab 500mcg,0408010F0AAABAB,1,0.5699999999999983
642,B81021,Clonazepam_Tab 500mcg,0408010F0AAABAB,1,0.5699999999999983
643,B81056,Clonazepam_Tab 500mcg,0408010F0AAABAB,1,0.5699999999999983
645,B81112,Clonazepam_Tab 500mcg,0408010F0AAABAB,7,0.5536999999999989
646,B81008,Clonazepam_Tab 500mcg,0408010F0AAABAB,1,0.5375999999999994
15,B81047,Atorvastatin_Tab 20mg,0212000B0AAABAB,94,0.5264000000000151
647,B81048,Clonazepam_Tab 500mcg,0408010F0AAABAB,1,0.5129999999999985
648,B81119,Clonazepam_Tab 500mcg,0408010F0AAABAB,1,0.5129999999999985
649,B81008,Clonazepam_Tab 500mcg,0408010F0AAABAB,1,0.5129999999999985
650,B81048,Clonazepam_Tab 500mcg,0408010F0AAABAB,1,0.4983999999999995
651,B81040,Clonazepam_Tab 500mcg,0408010F0AAABAB,4,0.48839999999999995
658,B81035,Clonazepam_Tab 500mcg,0408010F0AAABAB,3,0.474599999999999
662,B81038,Clonazepam_Tab 500mcg,0408010F0AAABAB,1,0.474599999999999
661,B81011,Clonazepam_Tab 500mcg,0408010F0AAABAB,3,0.474599999999999
660,B81008,Clonazepam_Tab 500mcg,0408010F0AAABAB,1,0.474599999999999
659,B81049,Clonazepam_Tab 500mcg,0408010F0AAABAB,1,0.474599999999999
656,B81631,Clonazepam_Tab 500mcg,0408010F0AAABAB,1,0.474599999999999
657,B81056,Clonazepam_Tab 500mcg,0408010F0AAABAB,6,0.474599999999999
652,Y02747,Clonazepam_Tab 500mcg,0408010F0AAABAB,1,0.474599999999999
655,B81040,Clonazepam_Tab 500mcg,0408010F0AAABAB,1,0.474599999999999
654,B81027,Clonazepam_Tab 500mcg,0408010F0AAABAB,6,0.474599999999999
653,B81027,Clonazepam_Tab 500mcg,0408010F0AAABAB,1,0.474599999999999
663,B81054,Clonazepam_Tab 500mcg,0408010F0AAABAB,1,0.45199999999999907
664,B81056,Clonazepam_Tab 500mcg,0408010F0AAABAB,1,0.45199999999999907
665,B81049,Clonazepam_Tab 500mcg,0408010F0AAABAB,1,0.45199999999999907
666,B81053,Clonazepam_Tab 500mcg,0408010F0AAABAB,1,0.4331999999999987
668,B81020,Clonazepam_Tab 500mcg,0408010F0AAABAB,5,0.3954999999999992
667,Y02344,Clonazepam_Tab 500mcg,0408010F0AAABAB,5,0.3954999999999992
139,Y02747,Paracet_Tab 500mg,0407010H0AAAMAM,6,0.3600000000000003
140,Y02747,Paracet_Tab 500mg,0407010H0AAAMAM,6,0.3600000000000003
669,B81035,Clonazepam_Tab 500mcg,0408010F0AAABAB,2,0.348
670,B81054,Clonazepam_Tab 500mcg,0408010F0AAABAB,2,0.348
671,B81008,Clonazepam_Tab 500mcg,0408010F0AAABAB,2,0.348
679,B81080,Clonazepam_Tab 500mcg,0408010F0AAABAB,1,0.3389999999999993
682,B81112,Clonazepam_Tab 500mcg,0408010F0AAABAB,1,0.3389999999999993
681,B81053,Clonazepam_Tab 500mcg,0408010F0AAABAB,1,0.3389999999999993
680,B81020,Clonazepam_Tab 500mcg,0408010F0AAABAB,1,0.3389999999999993
674,B81675,Clonazepam_Tab 500mcg,0408010F0AAABAB,1,0.3389999999999993
678,Y02747,Clonazepam_Tab 500mcg,0408010F0AAABAB,1,0.3389999999999993
677,B81645,Clonazepam_Tab 500mcg,0408010F0AAABAB,1,0.3389999999999993
676,B81066,Clonazepam_Tab 500mcg,0408010F0AAABAB,1,0.3389999999999993
675,B81021,Clonazepam_Tab 500mcg,0408010F0AAABAB,1,0.3389999999999993
673,B81018,Clonazepam_Tab 500mcg,0408010F0AAABAB,1,0.3389999999999993
672,Y02344,Clonazepam_Tab 500mcg,0408010F0AAABAB,1,0.3389999999999993
683,B81058,Clonazepam_Tab 500mcg,0408010F0AAABAB,2,0.33599999999999963
16,B81047,Atorvastatin_Tab 20mg,0212000B0AAABAB,116,0.3248000000000093
691,B81075,Clonazepam_Tab 500mcg,0408010F0AAABAB,4,0.31639999999999935
693,B81645,Clonazepam_Tab 500mcg,0408010F0AAABAB,2,0.31639999999999935
692,B81035,Clonazepam_Tab 500mcg,0408010F0AAABAB,4,0.31639999999999935
694,B81085,Clonazepam_Tab 500mcg,0408010F0AAABAB,1,0.31639999999999935
690,B81119,Clonazepam_Tab 500mcg,0408010F0AAABAB,4,0.31639999999999935
687,B81635,Clonazepam_Tab 500mcg,0408010F0AAABAB,1,0.31639999999999935
689,B81049,Clonazepam_Tab 500mcg,0408010F0AAABAB,4,0.31639999999999935
685,B81104,Clonazepam_Tab 500mcg,0408010F0AAABAB,4,0.31639999999999935
684,B81095,Clonazepam_Tab 500mcg,0408010F0AAABAB,1,0.31639999999999935
686,B81104,Clonazepam_Tab 500mcg,0408010F0AAABAB,1,0.31639999999999935
688,B81018,Clonazepam_Tab 500mcg,0408010F0AAABAB,4,0.31639999999999935
142,B81035,Paracet_Tab 500mg,0407010H0AAAMAM,10,0.29999999999999993
141,B81035,Paracet_Tab 500mg,0407010H0AAAMAM,10,0.29999999999999993
143,B81018,Paracet_Tab 500mg,0407010H0AAAMAM,24,0.28800000000000325
144,B81018,Paracet_Tab 500mg,0407010H0AAAMAM,24,0.28800000000000325
697,B81053,Clonazepam_Tab 500mcg,0408010F0AAABAB,1,0.2372999999999995
696,B81635,Clonazepam_Tab 500mcg,0408010F0AAABAB,3,0.2372999999999995
695,B81058,Clonazepam_Tab 500mcg,0408010F0AAABAB,1,0.2372999999999995
698,Y02747,Clonazepam_Tab 500mcg,0408010F0AAABAB,2,0.23199999999999998
699,B81053,Clonazepam_Tab 500mcg,0408010F0AAABAB,2,0.23199999999999998
700,B81048,Clonazepam_Tab 500mcg,0408010F0AAABAB,2,0.23199999999999998
702,B81119,Clonazepam_Tab 500mcg,0408010F0AAABAB,1,0.22199999999999998
703,B81038,Clonazepam_Tab 500mcg,0408010F0AAABAB,1,0.22199999999999998
701,B81048,Clonazepam_Tab 500mcg,0408010F0AAABAB,1,0.22199999999999998
146,B81018,Paracet_Tab 500mg,0407010H0AAAMAM,4,0.180000000000001
145,B81018,Paracet_Tab 500mg,0407010H0AAAMAM,4,0.180000000000001
704,B81027,Clonazepam_Tab 500mcg,0408010F0AAABAB,1,0.174
705,B81048,Clonazepam_Tab 500mcg,0408010F0AAABAB,1,0.174
706,B81095,Clonazepam_Tab 500mcg,0408010F0AAABAB,1,0.174
707,Y02747,Clonazepam_Tab 500mcg,0408010F0AAABAB,1,0.174
708,B81002,Clonazepam_Tab 500mcg,0408010F0AAABAB,4,0.16959999999999997
17,B81616,Atorvastatin_Tab 20mg,0212000B0AAABAB,3,0.16800000000000015
147,B81018,Paracet_Tab 500mg,0407010H0AAAMAM,1,0.16079999999999994
148,B81018,Paracet_Tab 500mg,0407010H0AAAMAM,1,0.16079999999999994
709,B81040,Clonazepam_Tab 500mcg,0408010F0AAABAB,1,0.15819999999999967
713,Y02747,Clonazepam_Tab 500mcg,0408010F0AAABAB,1,0.15819999999999967
714,B81038,Clonazepam_Tab 500mcg,0408010F0AAABAB,1,0.15819999999999967
711,B81020,Clonazepam_Tab 500mcg,0408010F0AAABAB,1,0.15819999999999967
712,B81038,Clonazepam_Tab 500mcg,0408010F0AAABAB,2,0.15819999999999967
715,B81002,Clonazepam_Tab 500mcg,0408010F0AAABAB,2,0.15819999999999967
710,B81021,Clonazepam_Tab 500mcg,0408010F0AAABAB,1,0.15819999999999967
716,B81020,Clonazepam_Tab 500mcg,0408010F0AAABAB,4,0.14759999999999973
150,B81058,Paracet_Tab 500mg,0407010H0AAAMAM,3,0.14400000000000163
149,B81058,Paracet_Tab 500mg,0407010H0AAAMAM,3,0.14400000000000163
717,B81008,Clonazepam_Tab 500mcg,0408010F0AAABAB,1,0.14239999999999986
151,B81040,Paracet_Tab 500mg,0407010H0AAAMAM,11,0.14079999999999915
152,B81040,Paracet_Tab 500mg,0407010H0AAAMAM,11,0.14079999999999915
718,Y00023,Clonazepam_Tab 500mcg,0408010F0AAABAB,2,0.12719999999999998
719,B81027,Clonazepam_Tab 500mcg,0408010F0AAABAB,1,0.12209999999999999
720,B81075,Clonazepam_Tab 500mcg,0408010F0AAABAB,1,0.11599999999999999
722,B81027,Clonazepam_Tab 500mcg,0408010F0AAABAB,1,0.11599999999999999
721,B81011,Clonazepam_Tab 500mcg,0408010F0AAABAB,1,0.11599999999999999
154,B81046,Paracet_Tab 500mg,0407010H0AAAMAM,19,0.11399999999999931
153,B81046,Paracet_Tab 500mg,0407010H0AAAMAM,19,0.11399999999999931
40,B81056,Memantine HCl_Tab 20mg,0411000G0AAADAD,22,0.10779999999999988
156,B81018,Paracet_Tab 500mg,0407010H0AAAMAM,4,0.10079999999999997
155,B81018,Paracet_Tab 500mg,0407010H0AAAMAM,4,0.10079999999999997
41,B81018,Memantine HCl_Tab 20mg,0411000G0AAADAD,19,0.0930999999999999
158,B81020,Paracet_Tab 500mg,0407010H0AAAMAM,15,0.08999999999999946
157,B81020,Paracet_Tab 500mg,0407010H0AAAMAM,15,0.08999999999999946
159,B81020,Paracet_Tab 500mg,0407010H0AAAMAM,4,0.08960000000000101
160,B81020,Paracet_Tab 500mg,0407010H0AAAMAM,4,0.08960000000000101
853,B81040,Ferr Sulf_Tab 200mg,0901011P0AAACAC,16,0.08959999999999946
854,B81008,Ferr Sulf_Tab 200mg,0901011P0AAACAC,16,0.08959999999999946
723,B81085,Clonazepam_Tab 500mcg,0408010F0AAABAB,2,0.08479999999999999
855,B81053,Ferr Sulf_Tab 200mg,0901011P0AAACAC,15,0.08399999999999949
42,B81011,Memantine HCl_Tab 20mg,0411000G0AAADAD,17,0.0832999999999999
724,B81053,Clonazepam_Tab 500mcg,0408010F0AAABAB,1,0.07909999999999984
161,B81054,Paracet_Tab 500mg,0407010H0AAAMAM,12,0.07199999999999956
162,B81054,Paracet_Tab 500mg,0407010H0AAAMAM,12,0.07199999999999956
163,Y02747,Paracet_Tab 500mg,0407010H0AAAMAM,1,0.06719999999999993
164,Y02747,Paracet_Tab 500mg,0407010H0AAAMAM,1,0.06719999999999993
811,B81011,Gabapentin_Tab 600mg,0408010G0AAAJAJ,16,0.06719999999999726
166,B81027,Paracet_Tab 500mg,0407010H0AAAMAM,11,0.0659999999999996
165,B81027,Paracet_Tab 500mg,0407010H0AAAMAM,11,0.0659999999999996
725,B81032,Clonazepam_Tab 500mcg,0408010F0AAABAB,1,0.06359999999999999
170,B81056,Paracet_Tab 500mg,0407010H0AAAMAM,10,0.05999999999999964
169,B81112,Paracet_Tab 500mg,0407010H0AAAMAM,10,0.05999999999999964
167,B81112,Paracet_Tab 500mg,0407010H0AAAMAM,10,0.05999999999999964
168,B81056,Paracet_Tab 500mg,0407010H0AAAMAM,10,0.05999999999999964
43,B81049,Memantine HCl_Tab 20mg,0411000G0AAADAD,12,0.058799999999999936
812,B81032,Gabapentin_Tab 600mg,0408010G0AAAJAJ,14,0.058799999999997604
813,B81017,Gabapentin_Tab 600mg,0408010G0AAAJAJ,13,0.054599999999997775
171,B81008,Paracet_Tab 500mg,0407010H0AAAMAM,9,0.05399999999999967
172,B81119,Paracet_Tab 500mg,0407010H0AAAMAM,9,0.05399999999999967
174,B81008,Paracet_Tab 500mg,0407010H0AAAMAM,9,0.05399999999999967
173,B81119,Paracet_Tab 500mg,0407010H0AAAMAM,9,0.05399999999999967
814,B81008,Gabapentin_Tab 600mg,0408010G0AAAJAJ,12,0.050399999999997946
44,B81027,Memantine HCl_Tab 20mg,0411000G0AAADAD,10,0.048999999999999946
815,B81048,Gabapentin_Tab 600mg,0408010G0AAAJAJ,11,0.04619999999999812
859,B81080,Ferr Sulf_Tab 200mg,0901011P0AAACAC,8,0.04479999999999973
858,B81038,Ferr Sulf_Tab 200mg,0901011P0AAACAC,8,0.04479999999999973
857,B81017,Ferr Sulf_Tab 200mg,0901011P0AAACAC,8,0.04479999999999973
856,B81027,Ferr Sulf_Tab 200mg,0901011P0AAACAC,8,0.04479999999999973
45,B81008,Memantine HCl_Tab 20mg,0411000G0AAADAD,9,0.04409999999999995
178,B81112,Paracet_Tab 500mg,0407010H0AAAMAM,10,0.041999999999999746
177,B81049,Paracet_Tab 500mg,0407010H0AAAMAM,7,0.041999999999999746
176,B81112,Paracet_Tab 500mg,0407010H0AAAMAM,10,0.041999999999999746
175,B81049,Paracet_Tab 500mg,0407010H0AAAMAM,7,0.041999999999999746
46,B81085,Memantine HCl_Tab 20mg,0411000G0AAADAD,8,0.03919999999999996
860,B81040,Ferr Sulf_Tab 200mg,0901011P0AAACAC,14,0.03919999999999976
180,B81054,Paracet_Tab 500mg,0407010H0AAAMAM,9,0.03779999999999977
179,B81054,Paracet_Tab 500mg,0407010H0AAAMAM,9,0.03779999999999977
726,B81119,Clonazepam_Tab 500mcg,0408010F0AAABAB,1,0.03689999999999993
182,B81058,Paracet_Tab 500mg,0407010H0AAAMAM,6,0.03599999999999978
181,B81058,Paracet_Tab 500mg,0407010H0AAAMAM,6,0.03599999999999978
862,B81048,Ferr Sulf_Tab 200mg,0901011P0AAACAC,6,0.0335999999999998
861,B81002,Ferr Sulf_Tab 200mg,0901011P0AAACAC,6,0.0335999999999998
816,B81054,Gabapentin_Tab 600mg,0408010G0AAAJAJ,8,0.03359999999999863
183,B81017,Paracet_Tab 500mg,0407010H0AAAMAM,11,0.0329999999999998
184,B81017,Paracet_Tab 500mg,0407010H0AAAMAM,11,0.0329999999999998
186,B81053,Paracet_Tab 500mg,0407010H0AAAMAM,5,0.02999999999999982
185,B81053,Paracet_Tab 500mg,0407010H0AAAMAM,5,0.02999999999999982
47,Y02747,Memantine HCl_Tab 20mg,0411000G0AAADAD,6,0.029399999999999968
190,B81085,Paracet_Tab 500mg,0407010H0AAAMAM,10,0.02799999999999983
188,B81085,Paracet_Tab 500mg,0407010H0AAAMAM,10,0.02799999999999983
189,B81021,Paracet_Tab 500mg,0407010H0AAAMAM,10,0.02799999999999983
187,B81021,Paracet_Tab 500mg,0407010H0AAAMAM,10,0.02799999999999983
194,B81056,Paracet_Tab 500mg,0407010H0AAAMAM,6,0.025199999999999848
193,B81046,Paracet_Tab 500mg,0407010H0AAAMAM,9,0.025199999999999848
191,B81056,Paracet_Tab 500mg,0407010H0AAAMAM,6,0.025199999999999848
192,B81046,Paracet_Tab 500mg,0407010H0AAAMAM,9,0.025199999999999848
49,B81054,Memantine HCl_Tab 20mg,0411000G0AAADAD,5,0.024499999999999973
48,B81040,Memantine HCl_Tab 20mg,0411000G0AAADAD,5,0.024499999999999973
196,B81048,Paracet_Tab 500mg,0407010H0AAAMAM,4,0.023999999999999855
197,B81048,Paracet_Tab 500mg,0407010H0AAAMAM,4,0.023999999999999855
198,B81066,Paracet_Tab 500mg,0407010H0AAAMAM,4,0.023999999999999855
195,B81066,Paracet_Tab 500mg,0407010H0AAAMAM,4,0.023999999999999855
199,B81011,Paracet_Tab 500mg,0407010H0AAAMAM,8,0.022399999999999864
200,B81053,Paracet_Tab 500mg,0407010H0AAAMAM,8,0.022399999999999864
201,B81011,Paracet_Tab 500mg,0407010H0AAAMAM,8,0.022399999999999864
202,B81002,Paracet_Tab 500mg,0407010H0AAAMAM,8,0.022399999999999864
204,B81002,Paracet_Tab 500mg,0407010H0AAAMAM,8,0.022399999999999864
203,B81053,Paracet_Tab 500mg,0407010H0AAAMAM,8,0.022399999999999864
864,B81046,Ferr Sulf_Tab 200mg,0901011P0AAACAC,4,0.022399999999999864
865,B81635,Ferr Sulf_Tab 200mg,0901011P0AAACAC,4,0.022399999999999864
866,B81058,Ferr Sulf_Tab 200mg,0901011P0AAACAC,4,0.022399999999999864
867,B81018,Ferr Sulf_Tab 200mg,0901011P0AAACAC,4,0.022399999999999864
863,B81056,Ferr Sulf_Tab 200mg,0901011P0AAACAC,4,0.022399999999999864
817,B81056,Gabapentin_Tab 600mg,0408010G0AAAJAJ,5,0.021000000000000116
211,B81058,Paracet_Tab 500mg,0407010H0AAAMAM,5,0.020999999999999873
205,B81053,Paracet_Tab 500mg,0407010H0AAAMAM,5,0.020999999999999873
207,B81053,Paracet_Tab 500mg,0407010H0AAAMAM,5,0.020999999999999873
208,B81688,Paracet_Tab 500mg,0407010H0AAAMAM,5,0.020999999999999873
209,B81032,Paracet_Tab 500mg,0407010H0AAAMAM,5,0.020999999999999873
210,B81032,Paracet_Tab 500mg,0407010H0AAAMAM,5,0.020999999999999873
212,B81688,Paracet_Tab 500mg,0407010H0AAAMAM,5,0.020999999999999873
206,B81058,Paracet_Tab 500mg,0407010H0AAAMAM,5,0.020999999999999873
818,B81688,Gabapentin_Tab 600mg,0408010G0AAAJAJ,5,0.020999999999999144
53,B81053,Memantine HCl_Tab 20mg,0411000G0AAADAD,4,0.01959999999999998
52,B81048,Memantine HCl_Tab 20mg,0411000G0AAADAD,4,0.01959999999999998
55,B81075,Memantine HCl_Tab 20mg,0411000G0AAADAD,4,0.01959999999999998
51,B81020,Memantine HCl_Tab 20mg,0411000G0AAADAD,4,0.01959999999999998
50,B81616,Memantine HCl_Tab 20mg,0411000G0AAADAD,4,0.01959999999999998
56,B81052,Memantine HCl_Tab 20mg,0411000G0AAADAD,4,0.01959999999999998
54,B81046,Memantine HCl_Tab 20mg,0411000G0AAADAD,4,0.01959999999999998
213,B81038,Paracet_Tab 500mg,0407010H0AAAMAM,7,0.01959999999999988
215,B81027,Paracet_Tab 500mg,0407010H0AAAMAM,7,0.01959999999999988
216,B81038,Paracet_Tab 500mg,0407010H0AAAMAM,7,0.01959999999999988
217,B81027,Paracet_Tab 500mg,0407010H0AAAMAM,7,0.01959999999999988
218,B81017,Paracet_Tab 500mg,0407010H0AAAMAM,7,0.01959999999999988
214,B81017,Paracet_Tab 500mg,0407010H0AAAMAM,7,0.01959999999999988
225,Y02344,Paracet_Tab 500mg,0407010H0AAAMAM,3,0.01799999999999989
219,B81027,Paracet_Tab 500mg,0407010H0AAAMAM,6,0.01799999999999989
226,B81035,Paracet_Tab 500mg,0407010H0AAAMAM,3,0.01799999999999989
224,B81119,Paracet_Tab 500mg,0407010H0AAAMAM,6,0.01799999999999989
223,B81119,Paracet_Tab 500mg,0407010H0AAAMAM,6,0.01799999999999989
221,Y02344,Paracet_Tab 500mg,0407010H0AAAMAM,3,0.01799999999999989
220,B81035,Paracet_Tab 500mg,0407010H0AAAMAM,3,0.01799999999999989
222,B81027,Paracet_Tab 500mg,0407010H0AAAMAM,6,0.01799999999999989
868,B81054,Ferr Sulf_Tab 200mg,0901011P0AAACAC,2,0.017999999999999267
744,B81008,Paracet_Tab Solb 500mg,0407010H0AAAQAQ,4,0.01680000000000048
743,B81008,Paracet_Tab Solb 500mg,0407010H0AAAQAQ,4,0.01680000000000048
234,B81027,Paracet_Tab 500mg,0407010H0AAAMAM,4,0.0167999999999999
233,B81011,Paracet_Tab 500mg,0407010H0AAAMAM,4,0.0167999999999999
232,B81047,Paracet_Tab 500mg,0407010H0AAAMAM,4,0.0167999999999999
869,B81053,Ferr Sulf_Tab 200mg,0901011P0AAACAC,6,0.0167999999999999
231,B81008,Paracet_Tab 500mg,0407010H0AAAMAM,4,0.0167999999999999
230,B81011,Paracet_Tab 500mg,0407010H0AAAMAM,4,0.0167999999999999
229,B81047,Paracet_Tab 500mg,0407010H0AAAMAM,4,0.0167999999999999
228,B81027,Paracet_Tab 500mg,0407010H0AAAMAM,4,0.0167999999999999
227,B81008,Paracet_Tab 500mg,0407010H0AAAMAM,4,0.0167999999999999
823,Y02344,Gabapentin_Tab 600mg,0408010G0AAAJAJ,4,0.016799999999999315
822,B81066,Gabapentin_Tab 600mg,0408010G0AAAJAJ,4,0.016799999999999315
821,B81046,Gabapentin_Tab 600mg,0408010G0AAAJAJ,4,0.016799999999999315
820,B81038,Gabapentin_Tab 600mg,0408010G0AAAJAJ,4,0.016799999999999315
819,B81675,Gabapentin_Tab 600mg,0408010G0AAAJAJ,4,0.016799999999999315
870,B81027,Ferr Sulf_Tab 200mg,0901011P0AAACAC,1,0.014999999999999389
58,B81035,Memantine HCl_Tab 20mg,0411000G0AAADAD,3,0.014699999999999984
57,B81112,Memantine HCl_Tab 20mg,0411000G0AAADAD,3,0.014699999999999984
240,B81119,Paracet_Tab 500mg,0407010H0AAAMAM,5,0.013999999999999915
235,B81058,Paracet_Tab 500mg,0407010H0AAAMAM,5,0.013999999999999915
236,B81112,Paracet_Tab 500mg,0407010H0AAAMAM,5,0.013999999999999915
237,B81119,Paracet_Tab 500mg,0407010H0AAAMAM,5,0.013999999999999915
238,B81112,Paracet_Tab 500mg,0407010H0AAAMAM,5,0.013999999999999915
239,B81058,Paracet_Tab 500mg,0407010H0AAAMAM,5,0.013999999999999915
241,B81040,Paracet_Tab 500mg,0407010H0AAAMAM,3,0.012599999999999924
242,B81040,Paracet_Tab 500mg,0407010H0AAAMAM,3,0.012599999999999924
825,B81020,Gabapentin_Tab 600mg,0408010G0AAAJAJ,3,0.012599999999999487
824,B81040,Gabapentin_Tab 600mg,0408010G0AAAJAJ,3,0.012599999999999487
248,B81040,Paracet_Tab 500mg,0407010H0AAAMAM,2,0.011999999999999927
252,B81616,Paracet_Tab 500mg,0407010H0AAAMAM,2,0.011999999999999927
251,B81047,Paracet_Tab 500mg,0407010H0AAAMAM,2,0.011999999999999927
250,B81046,Paracet_Tab 500mg,0407010H0AAAMAM,4,0.011999999999999927
249,B81675,Paracet_Tab 500mg,0407010H0AAAMAM,2,0.011999999999999927
254,B81046,Paracet_Tab 500mg,0407010H0AAAMAM,4,0.011999999999999927
247,B81616,Paracet_Tab 500mg,0407010H0AAAMAM,2,0.011999999999999927
246,B81040,Paracet_Tab 500mg,0407010H0AAAMAM,2,0.011999999999999927
245,B81675,Paracet_Tab 500mg,0407010H0AAAMAM,2,0.011999999999999927
243,B81645,Paracet_Tab 500mg,0407010H0AAAMAM,2,0.011999999999999927
253,B81047,Paracet_Tab 500mg,0407010H0AAAMAM,2,0.011999999999999927
244,B81645,Paracet_Tab 500mg,0407010H0AAAMAM,2,0.011999999999999927
872,B81054,Ferr Sulf_Tab 200mg,0901011P0AAACAC,2,0.011999999999999511
873,B81002,Ferr Sulf_Tab 200mg,0901011P0AAACAC,1,0.011999999999999511
871,B81074,Ferr Sulf_Tab 200mg,0901011P0AAACAC,1,0.011999999999999511
258,B81018,Paracet_Tab 500mg,0407010H0AAAMAM,4,0.011199999999999932
874,B81035,Ferr Sulf_Tab 200mg,0901011P0AAACAC,4,0.011199999999999932
875,B81038,Ferr Sulf_Tab 200mg,0901011P0AAACAC,4,0.011199999999999932
876,B81011,Ferr Sulf_Tab 200mg,0901011P0AAACAC,2,0.011199999999999932
877,B81017,Ferr Sulf_Tab 200mg,0901011P0AAACAC,4,0.011199999999999932
256,B81066,Paracet_Tab 500mg,0407010H0AAAMAM,4,0.011199999999999932
257,B81074,Paracet_Tab 500mg,0407010H0AAAMAM,4,0.011199999999999932
255,B81080,Paracet_Tab 500mg,0407010H0AAAMAM,4,0.011199999999999932
259,B81018,Paracet_Tab 500mg,0407010H0AAAMAM,4,0.011199999999999932
260,B81066,Paracet_Tab 500mg,0407010H0AAAMAM,4,0.011199999999999932
261,B81047,Paracet_Tab 500mg,0407010H0AAAMAM,4,0.011199999999999932
262,B81054,Paracet_Tab 500mg,0407010H0AAAMAM,4,0.011199999999999932
263,B81047,Paracet_Tab 500mg,0407010H0AAAMAM,4,0.011199999999999932
264,B81074,Paracet_Tab 500mg,0407010H0AAAMAM,4,0.011199999999999932
265,B81054,Paracet_Tab 500mg,0407010H0AAAMAM,4,0.011199999999999932
266,B81080,Paracet_Tab 500mg,0407010H0AAAMAM,4,0.011199999999999932
267,B81056,Paracet_Tab 500mg,0407010H0AAAMAM,3,0.008999999999999946
268,B81056,Paracet_Tab 500mg,0407010H0AAAMAM,3,0.008999999999999946
879,B81027,Ferr Sulf_Tab 200mg,0901011P0AAACAC,1,0.008999999999999633
878,B81048,Ferr Sulf_Tab 200mg,0901011P0AAACAC,1,0.008999999999999633
804,B81074,Mesalazine_Tab E/C 800mg,0105010B0AAASAS,1,0.008999999999999009
282,B81049,Paracet_Tab 500mg,0407010H0AAAMAM,2,0.00839999999999995
881,B81011,Ferr Sulf_Tab 200mg,0901011P0AAACAC,3,0.00839999999999995
880,B81046,Ferr Sulf_Tab 200mg,0901011P0AAACAC,3,0.00839999999999995
276,B81008,Paracet_Tab 500mg,0407010H0AAAMAM,4,0.00839999999999995
281,B81046,Paracet_Tab 500mg,0407010H0AAAMAM,2,0.00839999999999995
280,B81040,Paracet_Tab 500mg,0407010H0AAAMAM,3,0.00839999999999995
279,B81017,Paracet_Tab 500mg,0407010H0AAAMAM,2,0.00839999999999995
278,B81032,Paracet_Tab 500mg,0407010H0AAAMAM,3,0.00839999999999995
277,Y02344,Paracet_Tab 500mg,0407010H0AAAMAM,3,0.00839999999999995
275,B81008,Paracet_Tab 500mg,0407010H0AAAMAM,4,0.00839999999999995
274,B81040,Paracet_Tab 500mg,0407010H0AAAMAM,3,0.00839999999999995
273,B81046,Paracet_Tab 500mg,0407010H0AAAMAM,2,0.00839999999999995
272,Y02344,Paracet_Tab 500mg,0407010H0AAAMAM,3,0.00839999999999995
271,B81049,Paracet_Tab 500mg,0407010H0AAAMAM,2,0.00839999999999995
270,B81032,Paracet_Tab 500mg,0407010H0AAAMAM,3,0.00839999999999995
269,B81017,Paracet_Tab 500mg,0407010H0AAAMAM,2,0.00839999999999995
882,B81048,Ferr Sulf_Tab 200mg,0901011P0AAACAC,3,0.00839999999999995
283,B81011,Paracet_Tab 500mg,0407010H0AAAMAM,5,0.006999999999999958
284,B81011,Paracet_Tab 500mg,0407010H0AAAMAM,5,0.006999999999999958
18,B81054,Atorvastatin_Tab 20mg,0212000B0AAABAB,1,0.006000000000000172
298,B81021,Paracet_Tab 500mg,0407010H0AAAMAM,1,0.005999999999999964
299,B81021,Paracet_Tab 500mg,0407010H0AAAMAM,1,0.005999999999999964
285,B81688,Paracet_Tab 500mg,0407010H0AAAMAM,1,0.005999999999999964
286,B81635,Paracet_Tab 500mg,0407010H0AAAMAM,1,0.005999999999999964
287,B81038,Paracet_Tab 500mg,0407010H0AAAMAM,1,0.005999999999999964
288,B81635,Paracet_Tab 500mg,0407010H0AAAMAM,1,0.005999999999999964
289,B81631,Paracet_Tab 500mg,0407010H0AAAMAM,1,0.005999999999999964
291,B81038,Paracet_Tab 500mg,0407010H0AAAMAM,1,0.005999999999999964
292,B81075,Paracet_Tab 500mg,0407010H0AAAMAM,1,0.005999999999999964
293,B81631,Paracet_Tab 500mg,0407010H0AAAMAM,1,0.005999999999999964
294,B81017,Paracet_Tab 500mg,0407010H0AAAMAM,1,0.005999999999999964
295,B81075,Paracet_Tab 500mg,0407010H0AAAMAM,1,0.005999999999999964
296,B81017,Paracet_Tab 500mg,0407010H0AAAMAM,1,0.005999999999999964
297,B81688,Paracet_Tab 500mg,0407010H0AAAMAM,1,0.005999999999999964
300,B81002,Paracet_Tab 500mg,0407010H0AAAMAM,1,0.005999999999999964
290,B81002,Paracet_Tab 500mg,0407010H0AAAMAM,1,0.005999999999999964
883,B81048,Ferr Sulf_Tab 200mg,0901011P0AAACAC,1,0.0059999999999997555
884,B81017,Ferr Sulf_Tab 200mg,0901011P0AAACAC,1,0.0059999999999997555
885,B81038,Ferr Sulf_Tab 200mg,0901011P0AAACAC,1,0.0059999999999997555
886,B81027,Ferr Sulf_Tab 200mg,0901011P0AAACAC,1,0.0059999999999997555
887,B81047,Ferr Sulf_Tab 200mg,0901011P0AAACAC,1,0.0059999999999997555
434,B81048,Olanzapine_Tab 10mg,040201060AAACAC,1,0.005999999999999339
304,B81052,Paracet_Tab 500mg,0407010H0AAAMAM,2,0.005599999999999966
303,B81645,Paracet_Tab 500mg,0407010H0AAAMAM,2,0.005599999999999966
302,B81052,Paracet_Tab 500mg,0407010H0AAAMAM,2,0.005599999999999966
301,B81645,Paracet_Tab 500mg,0407010H0AAAMAM,2,0.005599999999999966
59,B81017,Memantine HCl_Tab 20mg,0411000G0AAADAD,1,0.004899999999999995
435,Y00023,Olanzapine_Tab 10mg,040201060AAACAC,1,0.0043999999999999595
826,B81075,Gabapentin_Tab 600mg,0408010G0AAAJAJ,1,0.004199999999999829
746,B81054,Paracet_Tab Solb 500mg,0407010H0AAAQAQ,1,0.004000000000000115
745,B81054,Paracet_Tab Solb 500mg,0407010H0AAAQAQ,1,0.004000000000000115
305,B81048,Paracet_Tab 500mg,0407010H0AAAMAM,1,0.0040000000000000105
306,B81048,Paracet_Tab 500mg,0407010H0AAAMAM,1,0.0040000000000000105
19,B81040,Atorvastatin_Tab 20mg,0212000B0AAABAB,1,0.003800000000000109
312,B81032,Paracet_Tab 500mg,0407010H0AAAMAM,1,0.002999999999999982
307,B81047,Paracet_Tab 500mg,0407010H0AAAMAM,1,0.002999999999999982
309,B81032,Paracet_Tab 500mg,0407010H0AAAMAM,1,0.002999999999999982
310,B81047,Paracet_Tab 500mg,0407010H0AAAMAM,1,0.002999999999999982
311,B81035,Paracet_Tab 500mg,0407010H0AAAMAM,1,0.002999999999999982
308,B81035,Paracet_Tab 500mg,0407010H0AAAMAM,1,0.002999999999999982
313,B81048,Paracet_Tab 500mg,0407010H0AAAMAM,1,0.002799999999999983
320,B81008,Paracet_Tab 500mg,0407010H0AAAMAM,1,0.002799999999999983
319,Y04395,Paracet_Tab 500mg,0407010H0AAAMAM,1,0.002799999999999983
314,B81008,Paracet_Tab 500mg,0407010H0AAAMAM,1,0.002799999999999983
315,B81616,Paracet_Tab 500mg,0407010H0AAAMAM,1,0.002799999999999983
318,B81048,Paracet_Tab 500mg,0407010H0AAAMAM,1,0.002799999999999983
317,B81616,Paracet_Tab 500mg,0407010H0AAAMAM,1,0.002799999999999983
888,B81056,Ferr Sulf_Tab 200mg,0901011P0AAACAC,1,0.002799999999999983
316,Y04395,Paracet_Tab 500mg,0407010H0AAAMAM,1,0.002799999999999983
321,Y00023,Paracet_Tab 500mg,0407010H0AAAMAM,1,0.002400000000000027
322,Y00023,Paracet_Tab 500mg,0407010H0AAAMAM,1,0.002400000000000027
889,Y00023,Ferr Sulf_Tab 200mg,0901011P0AAACAC,1,0.0023999999999999855
323,Y00023,Paracet_Tab 500mg,0407010H0AAAMAM,1,0.0013999999999999915
324,Y00023,Paracet_Tab 500mg,0407010H0AAAMAM,1,0.0013999999999999915
326,B81046,Paracet_Tab 500mg,0407010H0AAAMAM,1,0.0006999999999999958
325,B81046,Paracet_Tab 500mg,0407010H0AAAMAM,1,0.0006999999999999958
20,B81053,Atorvastatin_Tab 20mg,0212000B0AAABAB,1,-0.0013999999999999985
436,B81002,Olanzapine_Tab 10mg,040201060AAACAC,1,-0.0014000000000000123
328,B81047,Paracet_Tab 500mg,0407010H0AAAMAM,1,-0.001999999999999988
327,B81047,Paracet_Tab 500mg,0407010H0AAAMAM,1,-0.001999999999999988
890,B81056,Ferr Sulf_Tab 200mg,0901011P0AAACAC,1,-0.00210000000000006
827,B81631,Gabapentin_Tab 600mg,0408010G0AAAJAJ,1,-0.00280000000000008
747,B81058,Paracet_Tab Solb 500mg,0407010H0AAAQAQ,1,-0.0029999999999996696
748,B81058,Paracet_Tab Solb 500mg,0407010H0AAAQAQ,1,-0.0029999999999996696
23,B81056,Atorvastatin_Tab 20mg,0212000B0AAABAB,1,-0.0029999999999998778
22,B81035,Atorvastatin_Tab 20mg,0212000B0AAABAB,1,-0.0029999999999998778
24,B81018,Atorvastatin_Tab 20mg,0212000B0AAABAB,1,-0.0029999999999998778
25,B81008,Atorvastatin_Tab 20mg,0212000B0AAABAB,1,-0.0029999999999998778
21,B81011,Atorvastatin_Tab 20mg,0212000B0AAABAB,1,-0.0029999999999998778
828,B81008,Gabapentin_Tab 600mg,0408010G0AAAJAJ,1,-0.003000000000000086
751,B81053,Paracet_Tab Solb 500mg,0407010H0AAAQAQ,1,-0.0031999999999996476
752,B81053,Paracet_Tab Solb 500mg,0407010H0AAAQAQ,1,-0.0031999999999996476
750,B81017,Paracet_Tab Solb 500mg,0407010H0AAAQAQ,1,-0.0031999999999996476
749,B81017,Paracet_Tab Solb 500mg,0407010H0AAAQAQ,1,-0.0031999999999996476
26,B81008,Atorvastatin_Tab 20mg,0212000B0AAABAB,1,-0.003999999999999976
329,B81054,Paracet_Tab 500mg,0407010H0AAAMAM,2,-0.003999999999999976
330,B81056,Paracet_Tab 500mg,0407010H0AAAMAM,1,-0.003999999999999976
331,B81047,Paracet_Tab 500mg,0407010H0AAAMAM,1,-0.003999999999999976
332,B81047,Paracet_Tab 500mg,0407010H0AAAMAM,1,-0.003999999999999976
333,B81054,Paracet_Tab 500mg,0407010H0AAAMAM,2,-0.003999999999999976
334,B81056,Paracet_Tab 500mg,0407010H0AAAMAM,1,-0.003999999999999976
829,B81112,Gabapentin_Tab 600mg,0408010G0AAAJAJ,1,-0.00420000000000012
60,B81008,Memantine HCl_Tab 20mg,0411000G0AAADAD,1,-0.004799999999999971
336,B81635,Paracet_Tab 500mg,0407010H0AAAMAM,1,-0.005599999999999966
335,B81020,Paracet_Tab 500mg,0407010H0AAAMAM,1,-0.005599999999999966
340,B81085,Paracet_Tab 500mg,0407010H0AAAMAM,1,-0.005599999999999966
339,B81020,Paracet_Tab 500mg,0407010H0AAAMAM,1,-0.005599999999999966
338,B81085,Paracet_Tab 500mg,0407010H0AAAMAM,1,-0.005599999999999966
337,B81635,Paracet_Tab 500mg,0407010H0AAAMAM,1,-0.005599999999999966
833,B81040,Gabapentin_Tab 600mg,0408010G0AAAJAJ,1,-0.00560000000000016
834,B81056,Gabapentin_Tab 600mg,0408010G0AAAJAJ,1,-0.00560000000000016
832,B81002,Gabapentin_Tab 600mg,0408010G0AAAJAJ,4,-0.00560000000000016
831,B81056,Gabapentin_Tab 600mg,0408010G0AAAJAJ,4,-0.00560000000000016
830,B81058,Gabapentin_Tab 600mg,0408010G0AAAJAJ,1,-0.00560000000000016
755,B81688,Paracet_Tab Solb 500mg,0407010H0AAAQAQ,1,-0.005999999999999339
760,Y02344,Paracet_Tab Solb 500mg,0407010H0AAAQAQ,1,-0.005999999999999339
770,B81631,Paracet_Tab Solb 500mg,0407010H0AAAQAQ,1,-0.005999999999999339
769,B81021,Paracet_Tab Solb 500mg,0407010H0AAAQAQ,1,-0.005999999999999339
768,B81021,Paracet_Tab Solb 500mg,0407010H0AAAQAQ,1,-0.005999999999999339
767,B81017,Paracet_Tab Solb 500mg,0407010H0AAAQAQ,1,-0.005999999999999339
766,B81066,Paracet_Tab Solb 500mg,0407010H0AAAQAQ,1,-0.005999999999999339
765,B81631,Paracet_Tab Solb 500mg,0407010H0AAAQAQ,1,-0.005999999999999339
764,Y02344,Paracet_Tab Solb 500mg,0407010H0AAAQAQ,1,-0.005999999999999339
762,B81040,Paracet_Tab Solb 500mg,0407010H0AAAQAQ,1,-0.005999999999999339
761,B81040,Paracet_Tab Solb 500mg,0407010H0AAAQAQ,1,-0.005999999999999339
763,B81095,Paracet_Tab Solb 500mg,0407010H0AAAQAQ,1,-0.005999999999999339
759,Y02747,Paracet_Tab Solb 500mg,0407010H0AAAQAQ,1,-0.005999999999999339
758,B81017,Paracet_Tab Solb 500mg,0407010H0AAAQAQ,1,-0.005999999999999339
757,B81066,Paracet_Tab Solb 500mg,0407010H0AAAQAQ,1,-0.005999999999999339
756,B81688,Paracet_Tab Solb 500mg,0407010H0AAAQAQ,1,-0.005999999999999339
806,B81112,Mesalazine_Tab E/C 800mg,0105010B0AAASAS,1,-0.005999999999999339
754,B81095,Paracet_Tab Solb 500mg,0407010H0AAAQAQ,1,-0.005999999999999339
753,Y02747,Paracet_Tab Solb 500mg,0407010H0AAAQAQ,1,-0.005999999999999339
805,B81119,Mesalazine_Tab E/C 800mg,0105010B0AAASAS,1,-0.005999999999999339
27,B81017,Atorvastatin_Tab 20mg,0212000B0AAABAB,2,-0.0059999999999997555
835,B81631,Gabapentin_Tab 600mg,0408010G0AAAJAJ,2,-0.006000000000000172
772,B81049,Paracet_Tab Solb 500mg,0407010H0AAAQAQ,2,-0.006399999999999295
771,B81049,Paracet_Tab Solb 500mg,0407010H0AAAQAQ,2,-0.006399999999999295
342,B81074,Paracet_Tab 500mg,0407010H0AAAMAM,2,-0.007999999999999952
341,B81074,Paracet_Tab 500mg,0407010H0AAAMAM,2,-0.007999999999999952
892,B81645,Ferr Sulf_Tab 200mg,0901011P0AAACAC,4,-0.00840000000000024
891,B81058,Ferr Sulf_Tab 200mg,0901011P0AAACAC,4,-0.00840000000000024
343,Y04419,Paracet_Tab 500mg,0407010H0AAAMAM,2,-0.011199999999999932
344,Y04419,Paracet_Tab 500mg,0407010H0AAAMAM,2,-0.011199999999999932
838,B81008,Gabapentin_Tab 600mg,0408010G0AAAJAJ,2,-0.01120000000000032
837,B81631,Gabapentin_Tab 600mg,0408010G0AAAJAJ,2,-0.01120000000000032
836,Y02344,Gabapentin_Tab 600mg,0408010G0AAAJAJ,2,-0.01120000000000032
782,B81112,Paracet_Tab Solb 500mg,0407010H0AAAQAQ,2,-0.011999999999998678
780,B81053,Paracet_Tab Solb 500mg,0407010H0AAAQAQ,2,-0.011999999999998678
781,B81008,Paracet_Tab Solb 500mg,0407010H0AAAQAQ,2,-0.011999999999998678
779,B81018,Paracet_Tab Solb 500mg,0407010H0AAAQAQ,2,-0.011999999999998678
778,B81112,Paracet_Tab Solb 500mg,0407010H0AAAQAQ,2,-0.011999999999998678
777,B81018,Paracet_Tab Solb 500mg,0407010H0AAAQAQ,2,-0.011999999999998678
776,B81008,Paracet_Tab Solb 500mg,0407010H0AAAQAQ,2,-0.011999999999998678
775,B81046,Paracet_Tab Solb 500mg,0407010H0AAAQAQ,2,-0.011999999999998678
774,B81046,Paracet_Tab Solb 500mg,0407010H0AAAQAQ,2,-0.011999999999998678
773,B81053,Paracet_Tab Solb 500mg,0407010H0AAAQAQ,2,-0.011999999999998678
346,B81616,Paracet_Tab 500mg,0407010H0AAAMAM,3,-0.011999999999999927
345,B81616,Paracet_Tab 500mg,0407010H0AAAMAM,3,-0.011999999999999927
893,B81017,Ferr Sulf_Tab 200mg,0901011P0AAACAC,6,-0.012600000000000361
348,B81018,Paracet_Tab 500mg,0407010H0AAAMAM,4,-0.01319999999999992
347,B81018,Paracet_Tab 500mg,0407010H0AAAMAM,4,-0.01319999999999992
839,B81053,Gabapentin_Tab 600mg,0408010G0AAAJAJ,5,-0.014000000000000401
894,B81018,Ferr Sulf_Tab 200mg,0901011P0AAACAC,7,-0.014700000000000421
895,B81052,Ferr Sulf_Tab 200mg,0901011P0AAACAC,7,-0.014700000000000421
352,B81616,Paracet_Tab 500mg,0407010H0AAAMAM,3,-0.0167999999999999
351,B81032,Paracet_Tab 500mg,0407010H0AAAMAM,3,-0.0167999999999999
350,B81032,Paracet_Tab 500mg,0407010H0AAAMAM,3,-0.0167999999999999
349,B81616,Paracet_Tab 500mg,0407010H0AAAMAM,3,-0.0167999999999999
840,B81675,Gabapentin_Tab 600mg,0408010G0AAAJAJ,4,-0.01680000000000048
841,B81017,Gabapentin_Tab 600mg,0408010G0AAAJAJ,4,-0.01680000000000048
896,B81011,Ferr Sulf_Tab 200mg,0901011P0AAACAC,8,-0.01680000000000048
784,B81054,Paracet_Tab Solb 500mg,0407010H0AAAQAQ,3,-0.017999999999998018
783,B81054,Paracet_Tab Solb 500mg,0407010H0AAAQAQ,3,-0.017999999999998018
28,B81020,Atorvastatin_Tab 20mg,0212000B0AAABAB,7,-0.020999999999999144
842,B81011,Gabapentin_Tab 600mg,0408010G0AAAJAJ,5,-0.0210000000000006
843,B81021,Gabapentin_Tab 600mg,0408010G0AAAJAJ,5,-0.0210000000000006
897,B81040,Ferr Sulf_Tab 200mg,0901011P0AAACAC,10,-0.0210000000000006
353,B81097,Paracet_Tab 500mg,0407010H0AAAMAM,4,-0.022399999999999864
354,B81097,Paracet_Tab 500mg,0407010H0AAAMAM,4,-0.022399999999999864
898,B81675,Ferr Sulf_Tab 200mg,0901011P0AAACAC,11,-0.02310000000000066
437,B81008,Olanzapine_Tab 10mg,040201060AAACAC,6,-0.025200000000000222
438,B81017,Olanzapine_Tab 10mg,040201060AAACAC,18,-0.025200000000000222
899,B81616,Ferr Sulf_Tab 200mg,0901011P0AAACAC,12,-0.025200000000000722
900,B81027,Ferr Sulf_Tab 200mg,0901011P0AAACAC,12,-0.025200000000000722
844,Y02344,Gabapentin_Tab 600mg,0408010G0AAAJAJ,6,-0.025200000000000722
901,B81038,Ferr Sulf_Tab 200mg,0901011P0AAACAC,13,-0.027300000000000782
902,B81074,Ferr Sulf_Tab 200mg,0901011P0AAACAC,13,-0.027300000000000782
355,B81688,Paracet_Tab 500mg,0407010H0AAAMAM,5,-0.02799999999999983
356,B81688,Paracet_Tab 500mg,0407010H0AAAMAM,5,-0.02799999999999983
786,B81027,Paracet_Tab Solb 500mg,0407010H0AAAQAQ,5,-0.029999999999996696
785,B81027,Paracet_Tab Solb 500mg,0407010H0AAAQAQ,5,-0.029999999999996696
903,B81046,Ferr Sulf_Tab 200mg,0901011P0AAACAC,16,-0.03360000000000096
439,B81054,Olanzapine_Tab 10mg,040201060AAACAC,9,-0.03780000000000033
357,B81119,Paracet_Tab 500mg,0407010H0AAAMAM,7,-0.03919999999999976
358,B81119,Paracet_Tab 500mg,0407010H0AAAMAM,7,-0.03919999999999976
904,B81066,Ferr Sulf_Tab 200mg,0901011P0AAACAC,20,-0.0420000000000012
845,B81032,Gabapentin_Tab 600mg,0408010G0AAAJAJ,10,-0.0420000000000012
359,B81047,Paracet_Tab 500mg,0407010H0AAAMAM,9,-0.050399999999999695
360,B81047,Paracet_Tab 500mg,0407010H0AAAMAM,9,-0.050399999999999695
905,B81008,Ferr Sulf_Tab 200mg,0901011P0AAACAC,24,-0.050400000000001444
906,B81054,Ferr Sulf_Tab 200mg,0901011P0AAACAC,25,-0.052500000000001504
907,B81048,Ferr Sulf_Tab 200mg,0901011P0AAACAC,26,-0.054600000000001564
363,B81066,Paracet_Tab 500mg,0407010H0AAAMAM,10,-0.05599999999999966
364,B81095,Paracet_Tab 500mg,0407010H0AAAMAM,10,-0.05599999999999966
365,B81095,Paracet_Tab 500mg,0407010H0AAAMAM,10,-0.05599999999999966
362,B81645,Paracet_Tab 500mg,0407010H0AAAMAM,10,-0.05599999999999966
361,B81645,Paracet_Tab 500mg,0407010H0AAAMAM,10,-0.05599999999999966
366,B81066,Paracet_Tab 500mg,0407010H0AAAMAM,10,-0.05599999999999966
367,B81021,Paracet_Tab 500mg,0407010H0AAAMAM,11,-0.06159999999999963
368,Y02344,Paracet_Tab 500mg,0407010H0AAAMAM,11,-0.06159999999999963
369,B81052,Paracet_Tab 500mg,0407010H0AAAMAM,11,-0.06159999999999963
370,Y02344,Paracet_Tab 500mg,0407010H0AAAMAM,11,-0.06159999999999963
371,B81021,Paracet_Tab 500mg,0407010H0AAAMAM,11,-0.06159999999999963
372,B81052,Paracet_Tab 500mg,0407010H0AAAMAM,11,-0.06159999999999963
908,B81053,Ferr Sulf_Tab 200mg,0901011P0AAACAC,31,-0.06510000000000186
373,Y02747,Paracet_Tab 500mg,0407010H0AAAMAM,14,-0.07839999999999953
374,Y02747,Paracet_Tab 500mg,0407010H0AAAMAM,14,-0.07839999999999953
376,B81002,Paracet_Tab 500mg,0407010H0AAAMAM,18,-0.10079999999999939
375,B81002,Paracet_Tab 500mg,0407010H0AAAMAM,18,-0.10079999999999939
378,B81074,Paracet_Tab 500mg,0407010H0AAAMAM,19,-0.10639999999999936
377,B81074,Paracet_Tab 500mg,0407010H0AAAMAM,19,-0.10639999999999936
382,B81049,Paracet_Tab 500mg,0407010H0AAAMAM,21,-0.11759999999999929
381,B81049,Paracet_Tab 500mg,0407010H0AAAMAM,21,-0.11759999999999929
380,B81035,Paracet_Tab 500mg,0407010H0AAAMAM,21,-0.11759999999999929
379,B81035,Paracet_Tab 500mg,0407010H0AAAMAM,21,-0.11759999999999929
383,B81048,Paracet_Tab 500mg,0407010H0AAAMAM,25,-0.13999999999999915
384,B81048,Paracet_Tab 500mg,0407010H0AAAMAM,25,-0.13999999999999915
385,B81017,Paracet_Tab 500mg,0407010H0AAAMAM,30,-0.14399999999999996
386,B81017,Paracet_Tab 500mg,0407010H0AAAMAM,30,-0.14399999999999996
387,B81058,Paracet_Tab 500mg,0407010H0AAAMAM,46,-0.25759999999999844
388,B81058,Paracet_Tab 500mg,0407010H0AAAMAM,46,-0.25759999999999844
389,B81018,Paracet_Tab 500mg,0407010H0AAAMAM,48,-0.2687999999999984
390,B81018,Paracet_Tab 500mg,0407010H0AAAMAM,48,-0.2687999999999984
391,B81053,Paracet_Tab 500mg,0407010H0AAAMAM,49,-0.2743999999999983
392,B81053,Paracet_Tab 500mg,0407010H0AAAMAM,49,-0.2743999999999983
393,B81054,Paracet_Tab 500mg,0407010H0AAAMAM,50,-0.2799999999999983
394,B81054,Paracet_Tab 500mg,0407010H0AAAMAM,50,-0.2799999999999983
395,B81011,Paracet_Tab 500mg,0407010H0AAAMAM,52,-0.29119999999999824
396,B81011,Paracet_Tab 500mg,0407010H0AAAMAM,52,-0.29119999999999824
400,B81046,Paracet_Tab 500mg,0407010H0AAAMAM,53,-0.2967999999999982
399,B81675,Paracet_Tab 500mg,0407010H0AAAMAM,53,-0.2967999999999982
397,B81046,Paracet_Tab 500mg,0407010H0AAAMAM,53,-0.2967999999999982
398,B81675,Paracet_Tab 500mg,0407010H0AAAMAM,53,-0.2967999999999982
401,B81027,Paracet_Tab 500mg,0407010H0AAAMAM,56,-0.3135999999999981
402,B81027,Paracet_Tab 500mg,0407010H0AAAMAM,56,-0.3135999999999981
404,B81017,Paracet_Tab 500mg,0407010H0AAAMAM,60,-0.33599999999999797
403,B81017,Paracet_Tab 500mg,0407010H0AAAMAM,60,-0.33599999999999797
405,B81038,Paracet_Tab 500mg,0407010H0AAAMAM,76,-0.4255999999999974
406,B81038,Paracet_Tab 500mg,0407010H0AAAMAM,76,-0.4255999999999974
407,B81058,Paracet_Tab 500mg,0407010H0AAAMAM,4,-0.7168000000000003
408,B81058,Paracet_Tab 500mg,0407010H0AAAMAM,4,-0.7168000000000003
409,B81047,Paracet_Tab 500mg,0407010H0AAAMAM,86,-0.8599999999999948
410,B81047,Paracet_Tab 500mg,0407010H0AAAMAM,86,-0.8599999999999948
411,B81074,Paracet_Tab 500mg,0407010H0AAAMAM,97,-0.9699999999999941
412,B81074,Paracet_Tab 500mg,0407010H0AAAMAM,97,-0.9699999999999941
413,B81054,Paracet_Tab 500mg,0407010H0AAAMAM,100,-0.999999999999994
414,B81054,Paracet_Tab 500mg,0407010H0AAAMAM,100,-0.999999999999994
415,B81056,Paracet_Tab 500mg,0407010H0AAAMAM,4,-1.0752000000000006
416,B81056,Paracet_Tab 500mg,0407010H0AAAMAM,4,-1.0752000000000006
418,B81046,Paracet_Tab 500mg,0407010H0AAAMAM,49,-1.0975999999999932
417,B81046,Paracet_Tab 500mg,0407010H0AAAMAM,49,-1.0975999999999932
420,B81048,Paracet_Tab 500mg,0407010H0AAAMAM,129,-1.2899999999999923
419,B81048,Paracet_Tab 500mg,0407010H0AAAMAM,129,-1.2899999999999923
422,B81056,Paracet_Tab 500mg,0407010H0AAAMAM,22,-1.4783999999999997
421,B81056,Paracet_Tab 500mg,0407010H0AAAMAM,22,-1.4783999999999997
423,B81056,Paracet_Tab 500mg,0407010H0AAAMAM,10,-1.6799999999999982
424,B81056,Paracet_Tab 500mg,0407010H0AAAMAM,10,-1.6799999999999982
425,B81056,Paracet_Tab 500mg,0407010H0AAAMAM,33,-2.2175999999999996
426,B81056,Paracet_Tab 500mg,0407010H0AAAMAM,33,-2.2175999999999996
427,B81056,Paracet_Tab 500mg,0407010H0AAAMAM,35,-4.899999999999995
428,B81056,Paracet_Tab 500mg,0407010H0AAAMAM,35,-4.899999999999995
429,B81056,Paracet_Tab 500mg,0407010H0AAAMAM,131,-10.479999999999983
430,B81056,Paracet_Tab 500mg,0407010H0AAAMAM,131,-10.479999999999983
807,B81074,Mesalazine_Tab E/C 800mg,0105010B0AAASAS,1,-18.441
