,practice_code,bnf_description,bnf_code,items,excess_cost
0,M82046,Levetiracetam_Tab 500mg,0408010A0AAABAB,1,177.12
168,M82051,Risperidone_Tab 6mg,040201030AAAFAF,1,62.59799999999999
169,M82014,Risperidone_Tab 6mg,040201030AAAFAF,1,58.4192
179,M82025,Sumatriptan_Tab 100mg,0407041T0AAACAC,14,54.280800000000006
170,M82014,Mesalazine_Tab E/C 800mg,0105010B0AAASAS,1,36.89999999999999
172,M82019,Mesalazine_Tab E/C 800mg,0105010B0AAASAS,1,34.43999999999999
171,M82014,Mesalazine_Tab E/C 800mg,0105010B0AAASAS,1,34.43999999999999
245,M82010,Linezolid_Tab 600mg,0501070W0AAAAAA,1,32.53599999999997
246,M82604,Losartan Pot_Tab 25mg,0205052N0AAAAAA,4,30.9344
237,M82035,Topiramate_Tab 200mg,040801050AAACAC,1,24.899999999999988
173,M82017,Mesalazine_Tab E/C 800mg,0105010B0AAASAS,2,24.587999999999997
174,M82035,Mesalazine_Tab E/C 800mg,0105010B0AAASAS,1,17.219999999999995
272,M82010,Gemfibrozil_Tab 600mg,0212000Q0AAABAB,1,15.142399999999999
273,M82033,Gemfibrozil_Tab 600mg,0212000Q0AAABAB,1,15.142399999999999
238,M82030,Topiramate_Tab 200mg,040801050AAACAC,3,7.469999999999997
31,M82021,Clonazepam_Tab 500mcg,0408010F0AAABAB,2,6.779999999999986
175,M82043,Mesalazine_Tab E/C 800mg,0105010B0AAASAS,1,5.739999999999998
32,M82025,Clonazepam_Tab 500mcg,0408010F0AAABAB,16,5.06239999999999
239,M82006,Topiramate_Tab 200mg,040801050AAACAC,1,4.647999999999998
35,M82035,Clonazepam_Tab 500mcg,0408010F0AAABAB,2,4.519999999999991
34,M82016,Clonazepam_Tab 500mcg,0408010F0AAABAB,1,4.519999999999991
33,M82018,Clonazepam_Tab 500mcg,0408010F0AAABAB,2,4.519999999999991
180,M82004,Amiodarone HCl_Tab 200mg,0203020D0AAABAB,6,4.200000000000004
36,M82014,Clonazepam_Tab 500mcg,0408010F0AAABAB,2,3.796799999999992
37,M82010,Clonazepam_Tab 500mcg,0408010F0AAABAB,3,3.389999999999993
38,M82002,Clonazepam_Tab 500mcg,0408010F0AAABAB,1,3.389999999999993
39,M82022,Clonazepam_Tab 500mcg,0408010F0AAABAB,5,3.1639999999999935
181,M82018,Amiodarone HCl_Tab 200mg,0203020D0AAABAB,9,3.150000000000003
182,M82006,Amiodarone HCl_Tab 200mg,0203020D0AAABAB,4,2.8000000000000025
183,M82032,Amiodarone HCl_Tab 200mg,0203020D0AAABAB,4,2.8000000000000025
40,M82031,Clonazepam_Tab 500mcg,0408010F0AAABAB,2,2.531199999999995
41,M82010,Clonazepam_Tab 500mcg,0408010F0AAABAB,1,2.531199999999995
240,M82008,Topiramate_Tab 200mg,040801050AAACAC,1,2.489999999999999
241,M82043,Topiramate_Tab 200mg,040801050AAACAC,1,2.489999999999999
42,M82030,Clonazepam_Tab 500mcg,0408010F0AAABAB,5,2.372999999999995
242,M82016,Topiramate_Tab 200mg,040801050AAACAC,1,2.3183999999999996
243,M82051,Topiramate_Tab 200mg,040801050AAACAC,1,2.3183999999999996
244,M82005,Topiramate_Tab 200mg,040801050AAACAC,4,2.307200000000001
43,M82032,Clonazepam_Tab 500mcg,0408010F0AAABAB,2,2.2599999999999953
44,M82021,Clonazepam_Tab 500mcg,0408010F0AAABAB,2,2.2599999999999953
184,M82010,Amiodarone HCl_Tab 200mg,0203020D0AAABAB,3,2.100000000000002
45,M82620,Clonazepam_Tab 500mcg,0408010F0AAABAB,1,1.920999999999996
50,M82026,Clonazepam_Tab 500mcg,0408010F0AAABAB,3,1.898399999999996
51,M82032,Clonazepam_Tab 500mcg,0408010F0AAABAB,3,1.898399999999996
58,M82033,Clonazepam_Tab 500mcg,0408010F0AAABAB,3,1.898399999999996
57,M82004,Clonazepam_Tab 500mcg,0408010F0AAABAB,3,1.898399999999996
56,M82041,Clonazepam_Tab 500mcg,0408010F0AAABAB,2,1.898399999999996
55,M82051,Clonazepam_Tab 500mcg,0408010F0AAABAB,3,1.898399999999996
54,M82026,Clonazepam_Tab 500mcg,0408010F0AAABAB,6,1.898399999999996
53,M82032,Clonazepam_Tab 500mcg,0408010F0AAABAB,6,1.898399999999996
52,M82025,Clonazepam_Tab 500mcg,0408010F0AAABAB,1,1.898399999999996
59,M82041,Clonazepam_Tab 500mcg,0408010F0AAABAB,3,1.898399999999996
49,M82035,Clonazepam_Tab 500mcg,0408010F0AAABAB,3,1.898399999999996
48,Y02495,Clonazepam_Tab 500mcg,0408010F0AAABAB,1,1.898399999999996
47,M82060,Clonazepam_Tab 500mcg,0408010F0AAABAB,2,1.898399999999996
46,M82005,Clonazepam_Tab 500mcg,0408010F0AAABAB,1,1.898399999999996
185,M82046,Amiodarone HCl_Tab 200mg,0203020D0AAABAB,5,1.7500000000000016
186,M82026,Amiodarone HCl_Tab 200mg,0203020D0AAABAB,5,1.7500000000000016
187,M82019,Amiodarone HCl_Tab 200mg,0203020D0AAABAB,5,1.7500000000000016
60,M82018,Clonazepam_Tab 500mcg,0408010F0AAABAB,5,1.5819999999999967
61,M82023,Clonazepam_Tab 500mcg,0408010F0AAABAB,1,1.5819999999999967
191,M82014,Amiodarone HCl_Tab 200mg,0203020D0AAABAB,2,1.4000000000000012
189,M82047,Amiodarone HCl_Tab 200mg,0203020D0AAABAB,2,1.4000000000000012
190,M82038,Amiodarone HCl_Tab 200mg,0203020D0AAABAB,2,1.4000000000000012
188,M82021,Amiodarone HCl_Tab 200mg,0203020D0AAABAB,2,1.4000000000000012
63,M82025,Clonazepam_Tab 500mcg,0408010F0AAABAB,2,1.3559999999999972
64,M82025,Clonazepam_Tab 500mcg,0408010F0AAABAB,1,1.3559999999999972
65,M82034,Clonazepam_Tab 500mcg,0408010F0AAABAB,1,1.3559999999999972
62,M82033,Clonazepam_Tab 500mcg,0408010F0AAABAB,1,1.3559999999999972
80,M82021,Clonazepam_Tab 500mcg,0408010F0AAABAB,2,1.2655999999999974
79,M82060,Clonazepam_Tab 500mcg,0408010F0AAABAB,2,1.2655999999999974
78,M82002,Clonazepam_Tab 500mcg,0408010F0AAABAB,2,1.2655999999999974
77,M82032,Clonazepam_Tab 500mcg,0408010F0AAABAB,1,1.2655999999999974
76,M82018,Clonazepam_Tab 500mcg,0408010F0AAABAB,2,1.2655999999999974
75,M82023,Clonazepam_Tab 500mcg,0408010F0AAABAB,2,1.2655999999999974
74,M82014,Clonazepam_Tab 500mcg,0408010F0AAABAB,4,1.2655999999999974
73,M82030,Clonazepam_Tab 500mcg,0408010F0AAABAB,2,1.2655999999999974
71,M82023,Clonazepam_Tab 500mcg,0408010F0AAABAB,1,1.2655999999999974
70,M82010,Clonazepam_Tab 500mcg,0408010F0AAABAB,4,1.2655999999999974
69,M82016,Clonazepam_Tab 500mcg,0408010F0AAABAB,2,1.2655999999999974
68,M82004,Clonazepam_Tab 500mcg,0408010F0AAABAB,1,1.2655999999999974
67,M82047,Clonazepam_Tab 500mcg,0408010F0AAABAB,1,1.2655999999999974
66,M82034,Clonazepam_Tab 500mcg,0408010F0AAABAB,1,1.2655999999999974
72,M82030,Clonazepam_Tab 500mcg,0408010F0AAABAB,1,1.2655999999999974
81,M82032,Clonazepam_Tab 500mcg,0408010F0AAABAB,5,1.1864999999999974
82,M82025,Clonazepam_Tab 500mcg,0408010F0AAABAB,3,1.1864999999999974
83,M82032,Clonazepam_Tab 500mcg,0408010F0AAABAB,2,1.1399999999999966
90,M82011,Clonazepam_Tab 500mcg,0408010F0AAABAB,1,1.1299999999999977
91,M82002,Clonazepam_Tab 500mcg,0408010F0AAABAB,1,1.1299999999999977
84,M82043,Clonazepam_Tab 500mcg,0408010F0AAABAB,1,1.1299999999999977
89,M82031,Clonazepam_Tab 500mcg,0408010F0AAABAB,1,1.1299999999999977
88,M82006,Clonazepam_Tab 500mcg,0408010F0AAABAB,1,1.1299999999999977
87,M82030,Clonazepam_Tab 500mcg,0408010F0AAABAB,1,1.1299999999999977
86,M82023,Clonazepam_Tab 500mcg,0408010F0AAABAB,1,1.1299999999999977
85,M82025,Clonazepam_Tab 500mcg,0408010F0AAABAB,1,1.1299999999999977
201,M82041,Amiodarone HCl_Tab 200mg,0203020D0AAABAB,3,1.050000000000001
200,M82004,Amiodarone HCl_Tab 200mg,0203020D0AAABAB,3,1.050000000000001
199,M82044,Amiodarone HCl_Tab 200mg,0203020D0AAABAB,3,1.050000000000001
198,M82022,Amiodarone HCl_Tab 200mg,0203020D0AAABAB,3,1.050000000000001
196,M82014,Amiodarone HCl_Tab 200mg,0203020D0AAABAB,1,1.050000000000001
197,M82021,Amiodarone HCl_Tab 200mg,0203020D0AAABAB,3,1.050000000000001
202,M82035,Amiodarone HCl_Tab 200mg,0203020D0AAABAB,3,1.050000000000001
195,M82017,Amiodarone HCl_Tab 200mg,0203020D0AAABAB,1,1.050000000000001
194,M82006,Amiodarone HCl_Tab 200mg,0203020D0AAABAB,3,1.050000000000001
193,M82025,Amiodarone HCl_Tab 200mg,0203020D0AAABAB,3,1.050000000000001
192,M82002,Amiodarone HCl_Tab 200mg,0203020D0AAABAB,1,1.050000000000001
92,M82018,Clonazepam_Tab 500mcg,0408010F0AAABAB,1,1.016999999999998
108,M82601,Clonazepam_Tab 500mcg,0408010F0AAABAB,4,0.949199999999998
99,M82035,Clonazepam_Tab 500mcg,0408010F0AAABAB,3,0.949199999999998
103,M82010,Clonazepam_Tab 500mcg,0408010F0AAABAB,1,0.949199999999998
98,M82025,Clonazepam_Tab 500mcg,0408010F0AAABAB,1,0.949199999999998
107,M82025,Clonazepam_Tab 500mcg,0408010F0AAABAB,2,0.949199999999998
106,M82046,Clonazepam_Tab 500mcg,0408010F0AAABAB,1,0.949199999999998
105,M82043,Clonazepam_Tab 500mcg,0408010F0AAABAB,1,0.949199999999998
104,M82030,Clonazepam_Tab 500mcg,0408010F0AAABAB,1,0.949199999999998
102,M82006,Clonazepam_Tab 500mcg,0408010F0AAABAB,3,0.949199999999998
101,M82026,Clonazepam_Tab 500mcg,0408010F0AAABAB,1,0.949199999999998
100,M82047,Clonazepam_Tab 500mcg,0408010F0AAABAB,1,0.949199999999998
93,M82038,Clonazepam_Tab 500mcg,0408010F0AAABAB,1,0.949199999999998
94,M82004,Clonazepam_Tab 500mcg,0408010F0AAABAB,3,0.949199999999998
95,M82002,Clonazepam_Tab 500mcg,0408010F0AAABAB,1,0.949199999999998
96,M82018,Clonazepam_Tab 500mcg,0408010F0AAABAB,1,0.949199999999998
97,M82048,Clonazepam_Tab 500mcg,0408010F0AAABAB,1,0.949199999999998
203,M82004,Amiodarone HCl_Tab 200mg,0203020D0AAABAB,10,0.847
109,M82022,Clonazepam_Tab 500mcg,0408010F0AAABAB,5,0.7909999999999984
206,M82030,Amiodarone HCl_Tab 200mg,0203020D0AAABAB,2,0.7000000000000006
207,M82033,Amiodarone HCl_Tab 200mg,0203020D0AAABAB,1,0.7000000000000006
215,M82040,Amiodarone HCl_Tab 200mg,0203020D0AAABAB,1,0.7000000000000006
214,M82051,Amiodarone HCl_Tab 200mg,0203020D0AAABAB,1,0.7000000000000006
213,M82060,Amiodarone HCl_Tab 200mg,0203020D0AAABAB,2,0.7000000000000006
212,M82017,Amiodarone HCl_Tab 200mg,0203020D0AAABAB,2,0.7000000000000006
211,M82041,Amiodarone HCl_Tab 200mg,0203020D0AAABAB,1,0.7000000000000006
210,M82020,Amiodarone HCl_Tab 200mg,0203020D0AAABAB,2,0.7000000000000006
209,M82002,Amiodarone HCl_Tab 200mg,0203020D0AAABAB,2,0.7000000000000006
208,M82043,Amiodarone HCl_Tab 200mg,0203020D0AAABAB,2,0.7000000000000006
216,M82023,Amiodarone HCl_Tab 200mg,0203020D0AAABAB,2,0.7000000000000006
205,M82008,Amiodarone HCl_Tab 200mg,0203020D0AAABAB,1,0.7000000000000006
204,M82005,Amiodarone HCl_Tab 200mg,0203020D0AAABAB,2,0.7000000000000006
117,M82040,Clonazepam_Tab 500mcg,0408010F0AAABAB,1,0.6779999999999986
111,M82038,Clonazepam_Tab 500mcg,0408010F0AAABAB,1,0.6779999999999986
112,M82002,Clonazepam_Tab 500mcg,0408010F0AAABAB,1,0.6779999999999986
113,M82016,Clonazepam_Tab 500mcg,0408010F0AAABAB,1,0.6779999999999986
114,M82038,Clonazepam_Tab 500mcg,0408010F0AAABAB,2,0.6779999999999986
115,M82620,Clonazepam_Tab 500mcg,0408010F0AAABAB,1,0.6779999999999986
110,M82026,Clonazepam_Tab 500mcg,0408010F0AAABAB,1,0.6779999999999986
116,M82032,Clonazepam_Tab 500mcg,0408010F0AAABAB,2,0.6779999999999986
118,M82032,Clonazepam_Tab 500mcg,0408010F0AAABAB,1,0.6779999999999986
217,M82022,Amiodarone HCl_Tab 200mg,0203020D0AAABAB,8,0.6776
128,M82038,Clonazepam_Tab 500mcg,0408010F0AAABAB,1,0.6327999999999987
132,M82019,Clonazepam_Tab 500mcg,0408010F0AAABAB,1,0.6327999999999987
119,M82044,Clonazepam_Tab 500mcg,0408010F0AAABAB,2,0.6327999999999987
120,M82058,Clonazepam_Tab 500mcg,0408010F0AAABAB,1,0.6327999999999987
121,M82019,Clonazepam_Tab 500mcg,0408010F0AAABAB,4,0.6327999999999987
122,M82006,Clonazepam_Tab 500mcg,0408010F0AAABAB,1,0.6327999999999987
123,M82017,Clonazepam_Tab 500mcg,0408010F0AAABAB,1,0.6327999999999987
124,M82048,Clonazepam_Tab 500mcg,0408010F0AAABAB,2,0.6327999999999987
125,M82025,Clonazepam_Tab 500mcg,0408010F0AAABAB,1,0.6327999999999987
126,M82031,Clonazepam_Tab 500mcg,0408010F0AAABAB,2,0.6327999999999987
127,M82002,Clonazepam_Tab 500mcg,0408010F0AAABAB,4,0.6327999999999987
129,M82014,Clonazepam_Tab 500mcg,0408010F0AAABAB,1,0.6327999999999987
130,M82010,Clonazepam_Tab 500mcg,0408010F0AAABAB,1,0.6327999999999987
131,M82041,Clonazepam_Tab 500mcg,0408010F0AAABAB,2,0.6327999999999987
137,M82005,Clonazepam_Tab 500mcg,0408010F0AAABAB,1,0.6327999999999987
133,M82008,Clonazepam_Tab 500mcg,0408010F0AAABAB,1,0.6327999999999987
139,M82017,Clonazepam_Tab 500mcg,0408010F0AAABAB,4,0.6327999999999987
135,M82047,Clonazepam_Tab 500mcg,0408010F0AAABAB,1,0.6327999999999987
134,M82044,Clonazepam_Tab 500mcg,0408010F0AAABAB,1,0.6327999999999987
136,M82013,Clonazepam_Tab 500mcg,0408010F0AAABAB,1,0.6327999999999987
138,M82022,Clonazepam_Tab 500mcg,0408010F0AAABAB,2,0.6327999999999987
140,M82025,Clonazepam_Tab 500mcg,0408010F0AAABAB,1,0.5197999999999989
218,M82018,Amiodarone HCl_Tab 200mg,0203020D0AAABAB,6,0.5082
219,M82051,Amiodarone HCl_Tab 200mg,0203020D0AAABAB,6,0.5082
141,M82030,Clonazepam_Tab 500mcg,0408010F0AAABAB,3,0.474599999999999
142,M82032,Clonazepam_Tab 500mcg,0408010F0AAABAB,3,0.474599999999999
143,M82040,Clonazepam_Tab 500mcg,0408010F0AAABAB,1,0.474599999999999
221,M82030,Amiodarone HCl_Tab 200mg,0203020D0AAABAB,5,0.4235
220,M82026,Amiodarone HCl_Tab 200mg,0203020D0AAABAB,5,0.4235
222,M82010,Amiodarone HCl_Tab 200mg,0203020D0AAABAB,1,0.3500000000000003
223,M82016,Amiodarone HCl_Tab 200mg,0203020D0AAABAB,1,0.3500000000000003
224,M82011,Amiodarone HCl_Tab 200mg,0203020D0AAABAB,1,0.3500000000000003
225,M82047,Amiodarone HCl_Tab 200mg,0203020D0AAABAB,1,0.3500000000000003
226,M82008,Amiodarone HCl_Tab 200mg,0203020D0AAABAB,1,0.3500000000000003
227,M82013,Amiodarone HCl_Tab 200mg,0203020D0AAABAB,1,0.3500000000000003
228,M82032,Amiodarone HCl_Tab 200mg,0203020D0AAABAB,1,0.3500000000000003
229,M82620,Amiodarone HCl_Tab 200mg,0203020D0AAABAB,1,0.3500000000000003
144,M82032,Clonazepam_Tab 500mcg,0408010F0AAABAB,2,0.348
145,M82017,Clonazepam_Tab 500mcg,0408010F0AAABAB,1,0.3389999999999993
146,M82024,Clonazepam_Tab 500mcg,0408010F0AAABAB,1,0.3389999999999993
147,M82025,Clonazepam_Tab 500mcg,0408010F0AAABAB,1,0.3389999999999993
148,M82019,Clonazepam_Tab 500mcg,0408010F0AAABAB,1,0.3389999999999993
149,M82058,Clonazepam_Tab 500mcg,0408010F0AAABAB,1,0.3389999999999993
230,M82032,Amiodarone HCl_Tab 200mg,0203020D0AAABAB,4,0.3388
155,M82044,Clonazepam_Tab 500mcg,0408010F0AAABAB,2,0.31639999999999935
159,M82019,Clonazepam_Tab 500mcg,0408010F0AAABAB,1,0.31639999999999935
158,M82030,Clonazepam_Tab 500mcg,0408010F0AAABAB,4,0.31639999999999935
157,M82604,Clonazepam_Tab 500mcg,0408010F0AAABAB,1,0.31639999999999935
156,M82002,Clonazepam_Tab 500mcg,0408010F0AAABAB,1,0.31639999999999935
152,M82038,Clonazepam_Tab 500mcg,0408010F0AAABAB,1,0.31639999999999935
154,M82011,Clonazepam_Tab 500mcg,0408010F0AAABAB,1,0.31639999999999935
153,M82043,Clonazepam_Tab 500mcg,0408010F0AAABAB,1,0.31639999999999935
161,M82030,Clonazepam_Tab 500mcg,0408010F0AAABAB,1,0.31639999999999935
150,M82032,Clonazepam_Tab 500mcg,0408010F0AAABAB,4,0.31639999999999935
160,M82022,Clonazepam_Tab 500mcg,0408010F0AAABAB,4,0.31639999999999935
151,M82040,Clonazepam_Tab 500mcg,0408010F0AAABAB,1,0.31639999999999935
162,M82017,Clonazepam_Tab 500mcg,0408010F0AAABAB,1,0.31639999999999935
163,M82043,Clonazepam_Tab 500mcg,0408010F0AAABAB,1,0.2372999999999995
231,M82044,Amiodarone HCl_Tab 200mg,0203020D0AAABAB,1,0.17920000000000008
232,M82060,Amiodarone HCl_Tab 200mg,0203020D0AAABAB,4,0.16800000000000015
164,M82016,Clonazepam_Tab 500mcg,0408010F0AAABAB,1,0.15819999999999967
165,M82025,Clonazepam_Tab 500mcg,0408010F0AAABAB,1,0.15819999999999967
166,M82046,Clonazepam_Tab 500mcg,0408010F0AAABAB,1,0.15819999999999967
233,M82025,Amiodarone HCl_Tab 200mg,0203020D0AAABAB,1,0.14880000000000027
167,Y00911,Clonazepam_Tab 500mcg,0408010F0AAABAB,1,0.1367999999999996
235,M82025,Amiodarone HCl_Tab 200mg,0203020D0AAABAB,1,0.0847
234,M82620,Amiodarone HCl_Tab 200mg,0203020D0AAABAB,1,0.0847
247,M82017,Losartan Pot_Tab 25mg,0205052N0AAAAAA,17,0.0357000000000002
248,M82018,Losartan Pot_Tab 25mg,0205052N0AAAAAA,14,0.029400000000000162
249,M82060,Losartan Pot_Tab 25mg,0205052N0AAAAAA,12,0.02520000000000014
250,M82030,Losartan Pot_Tab 25mg,0205052N0AAAAAA,11,0.023100000000000127
251,M82004,Losartan Pot_Tab 25mg,0205052N0AAAAAA,10,0.021000000000000116
252,M82025,Losartan Pot_Tab 25mg,0205052N0AAAAAA,8,0.016800000000000093
253,M82038,Losartan Pot_Tab 25mg,0205052N0AAAAAA,8,0.016800000000000093
1,M82017,Levetiracetam_Tab 500mg,0408010A0AAABAB,4,0.014000000000002344
255,M82006,Losartan Pot_Tab 25mg,0205052N0AAAAAA,3,0.01260000000000007
254,M82022,Losartan Pot_Tab 25mg,0205052N0AAAAAA,6,0.01260000000000007
236,M82004,Amiodarone HCl_Tab 200mg,0203020D0AAABAB,1,0.010700000000000015
256,M82020,Losartan Pot_Tab 25mg,0205052N0AAAAAA,5,0.010500000000000058
257,M82010,Losartan Pot_Tab 25mg,0205052N0AAAAAA,4,0.008400000000000046
258,M82022,Losartan Pot_Tab 25mg,0205052N0AAAAAA,2,0.008400000000000046
260,M82601,Losartan Pot_Tab 25mg,0205052N0AAAAAA,4,0.008400000000000046
259,M82046,Losartan Pot_Tab 25mg,0205052N0AAAAAA,4,0.008400000000000046
262,M82604,Losartan Pot_Tab 25mg,0205052N0AAAAAA,3,0.006300000000000035
261,M82032,Losartan Pot_Tab 25mg,0205052N0AAAAAA,3,0.006300000000000035
2,M82018,Levetiracetam_Tab 500mg,0408010A0AAABAB,1,0.006000000000000172
4,M82044,Levetiracetam_Tab 500mg,0408010A0AAABAB,2,0.0056000000000009376
3,M82043,Levetiracetam_Tab 500mg,0408010A0AAABAB,2,0.0056000000000009376
264,M82043,Losartan Pot_Tab 25mg,0205052N0AAAAAA,1,0.004200000000000023
263,M82010,Losartan Pot_Tab 25mg,0205052N0AAAAAA,1,0.004200000000000023
265,M82033,Losartan Pot_Tab 25mg,0205052N0AAAAAA,1,0.004199999999999975
266,Y00911,Losartan Pot_Tab 25mg,0205052N0AAAAAA,1,0.0030000000000000165
6,M82025,Levetiracetam_Tab 500mg,0408010A0AAABAB,1,0.0028000000000004688
5,M82002,Levetiracetam_Tab 500mg,0408010A0AAABAB,1,0.0028000000000004688
268,M82008,Losartan Pot_Tab 25mg,0205052N0AAAAAA,1,0.0021000000000000116
267,M82021,Losartan Pot_Tab 25mg,0205052N0AAAAAA,1,0.0021000000000000116
7,M82010,Levetiracetam_Tab 500mg,0408010A0AAABAB,1,-0.00280000000000008
8,M82047,Levetiracetam_Tab 500mg,0408010A0AAABAB,1,-0.00280000000000008
9,M82016,Levetiracetam_Tab 500mg,0408010A0AAABAB,1,-0.0030000000000000027
269,M82025,Losartan Pot_Tab 25mg,0205052N0AAAAAA,1,-0.0031999999999999806
270,M82026,Losartan Pot_Tab 25mg,0205052N0AAAAAA,1,-0.004199999999999975
19,M82033,Levetiracetam_Tab 500mg,0408010A0AAABAB,1,-0.005599999999999383
18,M82008,Levetiracetam_Tab 500mg,0408010A0AAABAB,1,-0.005599999999999383
10,M82002,Levetiracetam_Tab 500mg,0408010A0AAABAB,1,-0.005599999999999383
11,M82024,Levetiracetam_Tab 500mg,0408010A0AAABAB,1,-0.005599999999999383
12,M82034,Levetiracetam_Tab 500mg,0408010A0AAABAB,1,-0.005599999999999383
13,M82021,Levetiracetam_Tab 500mg,0408010A0AAABAB,1,-0.005599999999999383
15,M82006,Levetiracetam_Tab 500mg,0408010A0AAABAB,1,-0.005599999999999383
14,M82035,Levetiracetam_Tab 500mg,0408010A0AAABAB,1,-0.005599999999999383
17,M82010,Levetiracetam_Tab 500mg,0408010A0AAABAB,1,-0.005599999999999383
16,M82026,Levetiracetam_Tab 500mg,0408010A0AAABAB,1,-0.005599999999999383
271,M82030,Losartan Pot_Tab 25mg,0205052N0AAAAAA,5,-0.007999999999999952
21,M82032,Levetiracetam_Tab 500mg,0408010A0AAABAB,3,-0.00840000000000024
20,M82025,Levetiracetam_Tab 500mg,0408010A0AAABAB,3,-0.00840000000000024
22,M82046,Levetiracetam_Tab 500mg,0408010A0AAABAB,4,-0.01120000000000032
23,M82019,Levetiracetam_Tab 500mg,0408010A0AAABAB,4,-0.01120000000000032
176,M82017,Mesalazine_Tab E/C 800mg,0105010B0AAASAS,2,-0.011999999999998678
25,M82031,Levetiracetam_Tab 500mg,0408010A0AAABAB,3,-0.01679999999999815
24,M82016,Levetiracetam_Tab 500mg,0408010A0AAABAB,3,-0.01679999999999815
27,M82044,Levetiracetam_Tab 500mg,0408010A0AAABAB,4,-0.022399999999997533
26,M82025,Levetiracetam_Tab 500mg,0408010A0AAABAB,4,-0.022399999999997533
28,M82022,Levetiracetam_Tab 500mg,0408010A0AAABAB,4,-0.022399999999997533
29,M82060,Levetiracetam_Tab 500mg,0408010A0AAABAB,10,-0.028000000000000802
30,M82022,Levetiracetam_Tab 500mg,0408010A0AAABAB,15,-0.0420000000000012
177,M82022,Mesalazine_Tab E/C 800mg,0105010B0AAASAS,2,-22.959999999999994
178,M82019,Mesalazine_Tab E/C 800mg,0105010B0AAASAS,1,-36.89999999999999
