,practice_code,bnf_description,bnf_code,items,excess_cost
0,H82017,Letrozole_Tab 2.5mg,0803041L0AAAAAA,4,213.89759999999998
1,H82057,Letrozole_Tab 2.5mg,0803041L0AAAAAA,10,195.72000000000003
16,H82044,Aripiprazole_Tab 5mg,0402010ADAAADAD,2,172.3792
27,H82028,Amlodipine_Tab 5mg,0206020A0AAAAAA,94,160.55200000000002
5,H82005,Atorvastatin_Tab 20mg,0212000B0AAABAB,108,135.47520000000003
171,H82005,Memantine HCl_Tab 20mg,0411000G0AAADAD,2,127.8032
297,H82036,Losartan Pot_Tab 50mg,0205052N0AAABAB,2,95.58080000000001
307,H82028,Atorvastatin_Tab 40mg,0212000B0AAACAC,63,89.25839999999998
17,H82005,Aripiprazole_Tab 5mg,0402010ADAAADAD,1,86.1896
315,H82008,Phenytoin_Sod Tab 100mg,0408010Q0AAAGAG,1,79.59839999999998
6,H82017,Atorvastatin_Tab 20mg,0212000B0AAABAB,112,67.7376
172,H82005,Memantine HCl_Tab 20mg,0411000G0AAADAD,10,63.895999999999994
7,H82092,Atorvastatin_Tab 20mg,0212000B0AAABAB,90,45.36000000000001
308,H82028,Atorvastatin_Tab 40mg,0212000B0AAACAC,19,44.5284
18,H82017,Aripiprazole_Tab 5mg,0402010ADAAADAD,2,43.0976
298,H82005,Losartan Pot_Tab 50mg,0205052N0AAABAB,27,42.6384
316,H82044,Phenytoin_Sod Tab 100mg,0408010Q0AAAGAG,2,42.1008
28,H82028,Amlodipine_Tab 5mg,0206020A0AAAAAA,15,26.712000000000003
65,H82008,Paracet_Tab 500mg,0407010H0AAAMAM,16,25.804800000000007
66,H82008,Paracet_Tab 500mg,0407010H0AAAMAM,16,25.804800000000007
8,H82057,Atorvastatin_Tab 20mg,0212000B0AAABAB,210,22.932000000000006
9,H82028,Atorvastatin_Tab 20mg,0212000B0AAABAB,24,22.579200000000004
10,H82005,Atorvastatin_Tab 20mg,0212000B0AAABAB,20,22.568
67,H82008,Paracet_Tab 500mg,0407010H0AAAMAM,22,20.24
68,H82008,Paracet_Tab 500mg,0407010H0AAAMAM,22,20.24
69,H82005,Paracet_Tab 500mg,0407010H0AAAMAM,1,20.119999999999997
70,H82005,Paracet_Tab 500mg,0407010H0AAAMAM,1,20.119999999999997
29,H82028,Amlodipine_Tab 5mg,0206020A0AAAAAA,45,17.892000000000007
299,H82615,Losartan Pot_Tab 50mg,0205052N0AAABAB,54,11.9448
178,H82017,Clonazepam_Tab 500mcg,0408010F0AAABAB,16,10.12479999999998
71,H82089,Paracet_Tab 500mg,0407010H0AAAMAM,6,10.080000000000002
72,H82089,Paracet_Tab 500mg,0407010H0AAAMAM,6,10.080000000000002
30,H82017,Amlodipine_Tab 5mg,0206020A0AAAAAA,157,9.23159999999999
73,H82035,Paracet_Tab 500mg,0407010H0AAAMAM,85,5.099999999999999
74,H82035,Paracet_Tab 500mg,0407010H0AAAMAM,85,5.099999999999999
179,H82056,Clonazepam_Tab 500mcg,0408010F0AAABAB,4,5.06239999999999
75,H82005,Paracet_Tab 500mg,0407010H0AAAMAM,25,5.000000000000004
76,H82005,Paracet_Tab 500mg,0407010H0AAAMAM,25,5.000000000000004
77,H82008,Paracet_Tab 500mg,0407010H0AAAMAM,71,4.969999999999994
78,H82008,Paracet_Tab 500mg,0407010H0AAAMAM,71,4.969999999999994
79,H82028,Paracet_Tab 500mg,0407010H0AAAMAM,44,4.840000000000002
80,H82028,Paracet_Tab 500mg,0407010H0AAAMAM,44,4.840000000000002
81,H82036,Paracet_Tab 500mg,0407010H0AAAMAM,48,4.800000000000004
82,H82036,Paracet_Tab 500mg,0407010H0AAAMAM,48,4.800000000000004
84,H82008,Paracet_Tab 500mg,0407010H0AAAMAM,3,3.880800000000001
83,H82008,Paracet_Tab 500mg,0407010H0AAAMAM,3,3.880800000000001
180,H82003,Clonazepam_Tab 500mcg,0408010F0AAABAB,3,3.796799999999992
181,H82084,Clonazepam_Tab 500mcg,0408010F0AAABAB,6,3.796799999999992
184,H82072,Clonazepam_Tab 500mcg,0408010F0AAABAB,1,3.389999999999993
182,H82028,Clonazepam_Tab 500mcg,0408010F0AAABAB,3,3.389999999999993
183,H82017,Clonazepam_Tab 500mcg,0408010F0AAABAB,3,3.389999999999993
185,H82056,Clonazepam_Tab 500mcg,0408010F0AAABAB,5,3.1639999999999935
186,H82017,Clonazepam_Tab 500mcg,0408010F0AAABAB,3,3.050999999999994
187,H82640,Clonazepam_Tab 500mcg,0408010F0AAABAB,4,2.7119999999999944
193,H82063,Clonazepam_Tab 500mcg,0408010F0AAABAB,4,2.531199999999995
192,H82017,Clonazepam_Tab 500mcg,0408010F0AAABAB,2,2.531199999999995
191,H82008,Clonazepam_Tab 500mcg,0408010F0AAABAB,2,2.531199999999995
188,H82621,Clonazepam_Tab 500mcg,0408010F0AAABAB,2,2.531199999999995
189,H82028,Clonazepam_Tab 500mcg,0408010F0AAABAB,4,2.531199999999995
190,H82092,Clonazepam_Tab 500mcg,0408010F0AAABAB,2,2.531199999999995
196,H82010,Clonazepam_Tab 500mcg,0408010F0AAABAB,2,2.2599999999999953
194,H82084,Clonazepam_Tab 500mcg,0408010F0AAABAB,1,2.2599999999999953
197,H82640,Clonazepam_Tab 500mcg,0408010F0AAABAB,1,2.2599999999999953
195,H82003,Clonazepam_Tab 500mcg,0408010F0AAABAB,2,2.2599999999999953
198,H82056,Clonazepam_Tab 500mcg,0408010F0AAABAB,7,2.2147999999999954
199,H82008,Clonazepam_Tab 500mcg,0408010F0AAABAB,7,2.2147999999999954
200,H82028,Clonazepam_Tab 500mcg,0408010F0AAABAB,1,2.033999999999996
201,H82005,Clonazepam_Tab 500mcg,0408010F0AAABAB,1,1.993599999999998
205,H82615,Clonazepam_Tab 500mcg,0408010F0AAABAB,1,1.898399999999996
208,H82621,Clonazepam_Tab 500mcg,0408010F0AAABAB,1,1.898399999999996
207,H82057,Clonazepam_Tab 500mcg,0408010F0AAABAB,3,1.898399999999996
206,H82017,Clonazepam_Tab 500mcg,0408010F0AAABAB,2,1.898399999999996
209,H82057,Clonazepam_Tab 500mcg,0408010F0AAABAB,1,1.898399999999996
204,H82008,Clonazepam_Tab 500mcg,0408010F0AAABAB,1,1.898399999999996
203,H82008,Clonazepam_Tab 500mcg,0408010F0AAABAB,3,1.898399999999996
202,H82072,Clonazepam_Tab 500mcg,0408010F0AAABAB,2,1.898399999999996
210,H82057,Clonazepam_Tab 500mcg,0408010F0AAABAB,5,1.5819999999999967
211,H82089,Clonazepam_Tab 500mcg,0408010F0AAABAB,1,1.5819999999999967
212,H82092,Clonazepam_Tab 500mcg,0408010F0AAABAB,5,1.5819999999999967
218,H82035,Clonazepam_Tab 500mcg,0408010F0AAABAB,1,1.2655999999999974
224,H82004,Clonazepam_Tab 500mcg,0408010F0AAABAB,2,1.2655999999999974
223,H82010,Clonazepam_Tab 500mcg,0408010F0AAABAB,1,1.2655999999999974
222,H82072,Clonazepam_Tab 500mcg,0408010F0AAABAB,4,1.2655999999999974
221,H82017,Clonazepam_Tab 500mcg,0408010F0AAABAB,8,1.2655999999999974
220,H82005,Clonazepam_Tab 500mcg,0408010F0AAABAB,1,1.2655999999999974
219,H82040,Clonazepam_Tab 500mcg,0408010F0AAABAB,2,1.2655999999999974
216,H82621,Clonazepam_Tab 500mcg,0408010F0AAABAB,2,1.2655999999999974
217,H82035,Clonazepam_Tab 500mcg,0408010F0AAABAB,2,1.2655999999999974
215,H82100,Clonazepam_Tab 500mcg,0408010F0AAABAB,4,1.2655999999999974
214,H82072,Clonazepam_Tab 500mcg,0408010F0AAABAB,1,1.2655999999999974
213,H82010,Clonazepam_Tab 500mcg,0408010F0AAABAB,4,1.2655999999999974
225,H82028,Clonazepam_Tab 500mcg,0408010F0AAABAB,5,1.1864999999999974
229,H82072,Clonazepam_Tab 500mcg,0408010F0AAABAB,1,1.1299999999999977
230,H82640,Clonazepam_Tab 500mcg,0408010F0AAABAB,1,1.1299999999999977
226,H82027,Clonazepam_Tab 500mcg,0408010F0AAABAB,1,1.1299999999999977
227,H82005,Clonazepam_Tab 500mcg,0408010F0AAABAB,1,1.1299999999999977
228,H82621,Clonazepam_Tab 500mcg,0408010F0AAABAB,1,1.1299999999999977
231,H82092,Clonazepam_Tab 500mcg,0408010F0AAABAB,1,1.1073999999999977
232,H82028,Clonazepam_Tab 500mcg,0408010F0AAABAB,1,1.016999999999998
233,H82036,Clonazepam_Tab 500mcg,0408010F0AAABAB,1,1.016999999999998
238,H82044,Clonazepam_Tab 500mcg,0408010F0AAABAB,3,0.949199999999998
242,H82063,Clonazepam_Tab 500mcg,0408010F0AAABAB,1,0.949199999999998
240,H82063,Clonazepam_Tab 500mcg,0408010F0AAABAB,3,0.949199999999998
241,H82017,Clonazepam_Tab 500mcg,0408010F0AAABAB,3,0.949199999999998
236,H82092,Clonazepam_Tab 500mcg,0408010F0AAABAB,1,0.949199999999998
243,H82057,Clonazepam_Tab 500mcg,0408010F0AAABAB,1,0.949199999999998
244,H82003,Clonazepam_Tab 500mcg,0408010F0AAABAB,1,0.949199999999998
237,H82640,Clonazepam_Tab 500mcg,0408010F0AAABAB,3,0.949199999999998
239,H82003,Clonazepam_Tab 500mcg,0408010F0AAABAB,3,0.949199999999998
235,H82084,Clonazepam_Tab 500mcg,0408010F0AAABAB,3,0.949199999999998
234,H82028,Clonazepam_Tab 500mcg,0408010F0AAABAB,1,0.949199999999998
86,H82017,Paracet_Tab 500mg,0407010H0AAAMAM,44,0.8799999999999947
85,H82017,Paracet_Tab 500mg,0407010H0AAAMAM,44,0.8799999999999947
88,H82017,Paracet_Tab 500mg,0407010H0AAAMAM,37,0.828799999999995
87,H82017,Paracet_Tab 500mg,0407010H0AAAMAM,37,0.828799999999995
245,H82089,Clonazepam_Tab 500mcg,0408010F0AAABAB,1,0.7909999999999984
246,H82621,Clonazepam_Tab 500mcg,0408010F0AAABAB,5,0.7909999999999984
247,H82017,Clonazepam_Tab 500mcg,0408010F0AAABAB,3,0.7118999999999985
254,H82036,Clonazepam_Tab 500mcg,0408010F0AAABAB,1,0.6779999999999986
253,H82615,Clonazepam_Tab 500mcg,0408010F0AAABAB,1,0.6779999999999986
252,H82017,Clonazepam_Tab 500mcg,0408010F0AAABAB,1,0.6779999999999986
251,H82092,Clonazepam_Tab 500mcg,0408010F0AAABAB,2,0.6779999999999986
250,H82072,Clonazepam_Tab 500mcg,0408010F0AAABAB,1,0.6779999999999986
249,H82028,Clonazepam_Tab 500mcg,0408010F0AAABAB,1,0.6779999999999986
248,H82004,Clonazepam_Tab 500mcg,0408010F0AAABAB,2,0.6779999999999986
265,H82615,Clonazepam_Tab 500mcg,0408010F0AAABAB,1,0.6327999999999987
264,H82044,Clonazepam_Tab 500mcg,0408010F0AAABAB,1,0.6327999999999987
255,H82072,Clonazepam_Tab 500mcg,0408010F0AAABAB,1,0.6327999999999987
260,H82036,Clonazepam_Tab 500mcg,0408010F0AAABAB,2,0.6327999999999987
263,H82036,Clonazepam_Tab 500mcg,0408010F0AAABAB,1,0.6327999999999987
262,H82092,Clonazepam_Tab 500mcg,0408010F0AAABAB,1,0.6327999999999987
261,H82057,Clonazepam_Tab 500mcg,0408010F0AAABAB,4,0.6327999999999987
256,H82089,Clonazepam_Tab 500mcg,0408010F0AAABAB,1,0.6327999999999987
259,H82035,Clonazepam_Tab 500mcg,0408010F0AAABAB,2,0.6327999999999987
258,H82089,Clonazepam_Tab 500mcg,0408010F0AAABAB,2,0.6327999999999987
257,H82040,Clonazepam_Tab 500mcg,0408010F0AAABAB,2,0.6327999999999987
300,H82057,Losartan Pot_Tab 50mg,0205052N0AAABAB,51,0.5711999999999966
266,H82036,Clonazepam_Tab 500mcg,0408010F0AAABAB,1,0.5699999999999983
267,H82063,Clonazepam_Tab 500mcg,0408010F0AAABAB,3,0.474599999999999
268,H82017,Clonazepam_Tab 500mcg,0408010F0AAABAB,1,0.474599999999999
269,H82003,Clonazepam_Tab 500mcg,0408010F0AAABAB,1,0.474599999999999
270,H82640,Clonazepam_Tab 500mcg,0408010F0AAABAB,1,0.474599999999999
271,H82092,Clonazepam_Tab 500mcg,0408010F0AAABAB,1,0.3954999999999992
276,H82017,Clonazepam_Tab 500mcg,0408010F0AAABAB,1,0.3389999999999993
272,H82621,Clonazepam_Tab 500mcg,0408010F0AAABAB,1,0.3389999999999993
273,H82028,Clonazepam_Tab 500mcg,0408010F0AAABAB,1,0.3389999999999993
274,H82056,Clonazepam_Tab 500mcg,0408010F0AAABAB,1,0.3389999999999993
275,H82035,Clonazepam_Tab 500mcg,0408010F0AAABAB,1,0.3389999999999993
280,H82084,Clonazepam_Tab 500mcg,0408010F0AAABAB,2,0.31639999999999935
277,H82005,Clonazepam_Tab 500mcg,0408010F0AAABAB,1,0.31639999999999935
278,H82621,Clonazepam_Tab 500mcg,0408010F0AAABAB,1,0.31639999999999935
279,H82615,Clonazepam_Tab 500mcg,0408010F0AAABAB,2,0.31639999999999935
90,H82057,Paracet_Tab 500mg,0407010H0AAAMAM,3,0.28800000000000076
89,H82057,Paracet_Tab 500mg,0407010H0AAAMAM,3,0.28800000000000076
281,H82063,Clonazepam_Tab 500mcg,0408010F0AAABAB,3,0.2372999999999995
283,H82084,Clonazepam_Tab 500mcg,0408010F0AAABAB,1,0.22199999999999998
282,H82621,Clonazepam_Tab 500mcg,0408010F0AAABAB,1,0.22199999999999998
284,H82017,Clonazepam_Tab 500mcg,0408010F0AAABAB,5,0.21199999999999997
285,H82017,Clonazepam_Tab 500mcg,0408010F0AAABAB,2,0.18879999999999963
286,H82057,Clonazepam_Tab 500mcg,0408010F0AAABAB,1,0.174
290,H82005,Clonazepam_Tab 500mcg,0408010F0AAABAB,1,0.15819999999999967
292,H82028,Clonazepam_Tab 500mcg,0408010F0AAABAB,1,0.15819999999999967
289,H82003,Clonazepam_Tab 500mcg,0408010F0AAABAB,1,0.15819999999999967
291,H82008,Clonazepam_Tab 500mcg,0408010F0AAABAB,1,0.15819999999999967
288,H82035,Clonazepam_Tab 500mcg,0408010F0AAABAB,1,0.15819999999999967
287,H82040,Clonazepam_Tab 500mcg,0408010F0AAABAB,1,0.15819999999999967
301,H82057,Losartan Pot_Tab 50mg,0205052N0AAABAB,54,0.15119999999999909
293,H82017,Clonazepam_Tab 500mcg,0408010F0AAABAB,1,0.11599999999999999
294,H82044,Clonazepam_Tab 500mcg,0408010F0AAABAB,1,0.09439999999999982
295,H82035,Clonazepam_Tab 500mcg,0408010F0AAABAB,1,0.07909999999999984
296,H82089,Clonazepam_Tab 500mcg,0408010F0AAABAB,1,0.06359999999999999
91,H82057,Paracet_Tab 500mg,0407010H0AAAMAM,4,0.04479999999999973
92,H82057,Paracet_Tab 500mg,0407010H0AAAMAM,4,0.04479999999999973
2,H82057,Letrozole_Tab 2.5mg,0803041L0AAAAAA,9,0.04410000000000039
31,H82063,Amlodipine_Tab 5mg,0206020A0AAAAAA,7,0.03920000000000044
94,H82010,Paracet_Tab 500mg,0407010H0AAAMAM,6,0.03599999999999978
93,H82010,Paracet_Tab 500mg,0407010H0AAAMAM,6,0.03599999999999978
173,H82057,Memantine HCl_Tab 20mg,0411000G0AAADAD,7,0.03429999999999996
174,H82615,Memantine HCl_Tab 20mg,0411000G0AAADAD,5,0.024499999999999973
32,H82017,Amlodipine_Tab 5mg,0206020A0AAAAAA,4,0.022400000000000253
95,H82010,Paracet_Tab 500mg,0407010H0AAAMAM,5,0.020999999999999873
96,H82010,Paracet_Tab 500mg,0407010H0AAAMAM,5,0.020999999999999873
3,H82017,Letrozole_Tab 2.5mg,0803041L0AAAAAA,4,0.019600000000000173
175,H82063,Memantine HCl_Tab 20mg,0411000G0AAADAD,4,0.01959999999999998
97,H82084,Paracet_Tab 500mg,0407010H0AAAMAM,3,0.01799999999999989
98,H82084,Paracet_Tab 500mg,0407010H0AAAMAM,3,0.01799999999999989
33,H82084,Amlodipine_Tab 5mg,0206020A0AAAAAA,3,0.01680000000000019
102,H82621,Paracet_Tab 500mg,0407010H0AAAMAM,4,0.0167999999999999
101,H82621,Paracet_Tab 500mg,0407010H0AAAMAM,4,0.0167999999999999
99,H82035,Paracet_Tab 500mg,0407010H0AAAMAM,4,0.0167999999999999
100,H82017,Paracet_Tab 500mg,0407010H0AAAMAM,4,0.0167999999999999
103,H82017,Paracet_Tab 500mg,0407010H0AAAMAM,4,0.0167999999999999
104,H82035,Paracet_Tab 500mg,0407010H0AAAMAM,4,0.0167999999999999
106,H82008,Paracet_Tab 500mg,0407010H0AAAMAM,5,0.013999999999999915
105,H82008,Paracet_Tab 500mg,0407010H0AAAMAM,5,0.013999999999999915
34,H82017,Amlodipine_Tab 5mg,0206020A0AAAAAA,1,0.012600000000000361
35,H82017,Amlodipine_Tab 5mg,0206020A0AAAAAA,3,0.012600000000000361
309,H82028,Atorvastatin_Tab 40mg,0212000B0AAACAC,2,0.012000000000000344
108,H82017,Paracet_Tab 500mg,0407010H0AAAMAM,2,0.011999999999999927
107,H82017,Paracet_Tab 500mg,0407010H0AAAMAM,2,0.011999999999999927
317,H82040,Phenytoin_Sod Tab 100mg,0408010Q0AAAGAG,1,0.011999999999998678
37,H82057,Amlodipine_Tab 5mg,0206020A0AAAAAA,2,0.011200000000000127
36,H82010,Amlodipine_Tab 5mg,0206020A0AAAAAA,2,0.011200000000000127
110,H82017,Paracet_Tab 500mg,0407010H0AAAMAM,4,0.011199999999999932
111,H82040,Paracet_Tab 500mg,0407010H0AAAMAM,4,0.011199999999999932
112,H82017,Paracet_Tab 500mg,0407010H0AAAMAM,4,0.011199999999999932
109,H82040,Paracet_Tab 500mg,0407010H0AAAMAM,4,0.011199999999999932
19,H82017,Aripiprazole_Tab 5mg,0402010ADAAADAD,2,0.008399999999999075
38,H82010,Amlodipine_Tab 5mg,0206020A0AAAAAA,1,0.006400000000000183
11,H82028,Atorvastatin_Tab 20mg,0212000B0AAABAB,1,0.006000000000000172
39,H82017,Amlodipine_Tab 5mg,0206020A0AAAAAA,1,0.006000000000000172
123,H82640,Paracet_Tab 500mg,0407010H0AAAMAM,2,0.005999999999999964
124,H82044,Paracet_Tab 500mg,0407010H0AAAMAM,2,0.005999999999999964
113,H82056,Paracet_Tab 500mg,0407010H0AAAMAM,1,0.005999999999999964
122,H82035,Paracet_Tab 500mg,0407010H0AAAMAM,1,0.005999999999999964
120,H82040,Paracet_Tab 500mg,0407010H0AAAMAM,1,0.005999999999999964
119,H82044,Paracet_Tab 500mg,0407010H0AAAMAM,1,0.005999999999999964
118,H82044,Paracet_Tab 500mg,0407010H0AAAMAM,1,0.005999999999999964
117,H82640,Paracet_Tab 500mg,0407010H0AAAMAM,2,0.005999999999999964
116,H82040,Paracet_Tab 500mg,0407010H0AAAMAM,1,0.005999999999999964
115,H82035,Paracet_Tab 500mg,0407010H0AAAMAM,1,0.005999999999999964
121,H82044,Paracet_Tab 500mg,0407010H0AAAMAM,2,0.005999999999999964
114,H82056,Paracet_Tab 500mg,0407010H0AAAMAM,1,0.005999999999999964
41,H82004,Amlodipine_Tab 5mg,0206020A0AAAAAA,1,0.005600000000000063
40,H82035,Amlodipine_Tab 5mg,0206020A0AAAAAA,1,0.005600000000000063
42,H82028,Amlodipine_Tab 5mg,0206020A0AAAAAA,1,0.005600000000000063
43,H82036,Amlodipine_Tab 5mg,0206020A0AAAAAA,1,0.005600000000000063
44,H82092,Amlodipine_Tab 5mg,0206020A0AAAAAA,1,0.005600000000000063
310,H82615,Atorvastatin_Tab 40mg,0212000B0AAACAC,1,0.004399999999999973
46,H82084,Amlodipine_Tab 5mg,0206020A0AAAAAA,1,0.00420000000000012
45,H82008,Amlodipine_Tab 5mg,0206020A0AAAAAA,1,0.00420000000000012
125,H82008,Paracet_Tab 500mg,0407010H0AAAMAM,3,0.004199999999999975
126,H82004,Paracet_Tab 500mg,0407010H0AAAMAM,1,0.004199999999999975
127,H82008,Paracet_Tab 500mg,0407010H0AAAMAM,3,0.004199999999999975
128,H82004,Paracet_Tab 500mg,0407010H0AAAMAM,1,0.004199999999999975
20,H82057,Aripiprazole_Tab 5mg,0402010ADAAADAD,1,0.004199999999999926
21,H82010,Aripiprazole_Tab 5mg,0402010ADAAADAD,1,0.004199999999999926
22,H82044,Aripiprazole_Tab 5mg,0402010ADAAADAD,1,0.0041999999999995374
130,H82017,Paracet_Tab 500mg,0407010H0AAAMAM,1,0.0040000000000000105
129,H82017,Paracet_Tab 500mg,0407010H0AAAMAM,1,0.0040000000000000105
12,H82084,Atorvastatin_Tab 20mg,0212000B0AAABAB,1,0.003800000000000109
311,H82084,Atorvastatin_Tab 40mg,0212000B0AAACAC,1,0.003799999999999977
176,H82010,Memantine HCl_Tab 20mg,0411000G0AAADAD,1,0.0035000000000001003
47,H82035,Amlodipine_Tab 5mg,0206020A0AAAAAA,1,0.0033000000000000113
48,H82036,Amlodipine_Tab 5mg,0206020A0AAAAAA,1,0.0033000000000000113
49,H82028,Amlodipine_Tab 5mg,0206020A0AAAAAA,1,0.003000000000000086
13,H82017,Atorvastatin_Tab 20mg,0212000B0AAABAB,1,0.0030000000000000165
312,H82044,Atorvastatin_Tab 40mg,0212000B0AAACAC,1,0.0030000000000000165
131,H82017,Paracet_Tab 500mg,0407010H0AAAMAM,1,0.002999999999999982
132,H82035,Paracet_Tab 500mg,0407010H0AAAMAM,1,0.002999999999999982
133,H82017,Paracet_Tab 500mg,0407010H0AAAMAM,1,0.002999999999999982
134,H82035,Paracet_Tab 500mg,0407010H0AAAMAM,1,0.002999999999999982
135,H82035,Paracet_Tab 500mg,0407010H0AAAMAM,1,0.002799999999999983
136,H82035,Paracet_Tab 500mg,0407010H0AAAMAM,1,0.002799999999999983
302,H82084,Losartan Pot_Tab 50mg,0205052N0AAABAB,1,0.0018999999999999885
51,H82005,Amlodipine_Tab 5mg,0206020A0AAAAAA,1,0.0010000000000000286
50,H82035,Amlodipine_Tab 5mg,0206020A0AAAAAA,1,0.0010000000000000286
53,H82028,Amlodipine_Tab 5mg,0206020A0AAAAAA,1,-0.0015999999999999903
52,H82017,Amlodipine_Tab 5mg,0206020A0AAAAAA,1,-0.0015999999999999903
177,H82615,Memantine HCl_Tab 20mg,0411000G0AAADAD,1,-0.0021999999999999867
313,H82004,Atorvastatin_Tab 40mg,0212000B0AAACAC,1,-0.002799999999999997
54,H82040,Amlodipine_Tab 5mg,0206020A0AAAAAA,1,-0.0033999999999998615
137,H82017,Paracet_Tab 500mg,0407010H0AAAMAM,1,-0.003999999999999976
14,H82044,Atorvastatin_Tab 20mg,0212000B0AAABAB,1,-0.003999999999999976
138,H82017,Paracet_Tab 500mg,0407010H0AAAMAM,1,-0.003999999999999976
139,H82008,Paracet_Tab 500mg,0407010H0AAAMAM,1,-0.004799999999999971
140,H82008,Paracet_Tab 500mg,0407010H0AAAMAM,1,-0.004799999999999971
55,H82040,Amlodipine_Tab 5mg,0206020A0AAAAAA,1,-0.004799999999999971
141,H82089,Paracet_Tab 500mg,0407010H0AAAMAM,1,-0.005599999999999966
148,H82100,Paracet_Tab 500mg,0407010H0AAAMAM,1,-0.005599999999999966
147,H82003,Paracet_Tab 500mg,0407010H0AAAMAM,1,-0.005599999999999966
146,H82100,Paracet_Tab 500mg,0407010H0AAAMAM,1,-0.005599999999999966
145,H82036,Paracet_Tab 500mg,0407010H0AAAMAM,1,-0.005599999999999966
144,H82036,Paracet_Tab 500mg,0407010H0AAAMAM,1,-0.005599999999999966
143,H82089,Paracet_Tab 500mg,0407010H0AAAMAM,1,-0.005599999999999966
142,H82003,Paracet_Tab 500mg,0407010H0AAAMAM,1,-0.005599999999999966
23,H82003,Aripiprazole_Tab 5mg,0402010ADAAADAD,2,-0.00560000000000016
24,H82028,Aripiprazole_Tab 5mg,0402010ADAAADAD,2,-0.00560000000000016
56,H82035,Amlodipine_Tab 5mg,0206020A0AAAAAA,4,-0.008399999999999852
57,H82027,Amlodipine_Tab 5mg,0206020A0AAAAAA,4,-0.008399999999999852
25,H82072,Aripiprazole_Tab 5mg,0402010ADAAADAD,3,-0.00840000000000024
303,H82028,Losartan Pot_Tab 50mg,0205052N0AAABAB,1,-0.008999999999999946
149,H82028,Paracet_Tab 500mg,0407010H0AAAMAM,2,-0.011199999999999932
150,H82621,Paracet_Tab 500mg,0407010H0AAAMAM,2,-0.011199999999999932
151,H82044,Paracet_Tab 500mg,0407010H0AAAMAM,2,-0.011199999999999932
152,H82621,Paracet_Tab 500mg,0407010H0AAAMAM,2,-0.011199999999999932
153,H82028,Paracet_Tab 500mg,0407010H0AAAMAM,2,-0.011199999999999932
154,H82044,Paracet_Tab 500mg,0407010H0AAAMAM,2,-0.011199999999999932
304,H82017,Losartan Pot_Tab 50mg,0205052N0AAABAB,4,-0.01120000000000003
305,H82057,Losartan Pot_Tab 50mg,0205052N0AAABAB,4,-0.01120000000000003
306,H82063,Losartan Pot_Tab 50mg,0205052N0AAABAB,4,-0.01120000000000003
58,H82003,Amlodipine_Tab 5mg,0206020A0AAAAAA,6,-0.012599999999999778
155,H82056,Paracet_Tab 500mg,0407010H0AAAMAM,3,-0.0167999999999999
156,H82056,Paracet_Tab 500mg,0407010H0AAAMAM,3,-0.0167999999999999
59,H82008,Amlodipine_Tab 5mg,0206020A0AAAAAA,9,-0.018899999999999667
159,H82640,Paracet_Tab 500mg,0407010H0AAAMAM,4,-0.022399999999999864
157,H82640,Paracet_Tab 500mg,0407010H0AAAMAM,4,-0.022399999999999864
160,H82084,Paracet_Tab 500mg,0407010H0AAAMAM,4,-0.022399999999999864
158,H82084,Paracet_Tab 500mg,0407010H0AAAMAM,4,-0.022399999999999864
26,H82017,Aripiprazole_Tab 5mg,0402010ADAAADAD,8,-0.02240000000000064
60,H82063,Amlodipine_Tab 5mg,0206020A0AAAAAA,14,-0.029399999999999482
162,H82063,Paracet_Tab 500mg,0407010H0AAAMAM,7,-0.03919999999999976
161,H82063,Paracet_Tab 500mg,0407010H0AAAMAM,7,-0.03919999999999976
61,H82057,Amlodipine_Tab 5mg,0206020A0AAAAAA,19,-0.0398999999999993
62,H82017,Amlodipine_Tab 5mg,0206020A0AAAAAA,20,-0.04199999999999926
165,H82615,Paracet_Tab 500mg,0407010H0AAAMAM,10,-0.05599999999999966
163,H82027,Paracet_Tab 500mg,0407010H0AAAMAM,10,-0.05599999999999966
164,H82027,Paracet_Tab 500mg,0407010H0AAAMAM,10,-0.05599999999999966
166,H82615,Paracet_Tab 500mg,0407010H0AAAMAM,10,-0.05599999999999966
15,H82057,Atorvastatin_Tab 20mg,0212000B0AAABAB,2,-0.05999999999999964
63,H82040,Amlodipine_Tab 5mg,0206020A0AAAAAA,29,-0.06089999999999893
167,H82017,Paracet_Tab 500mg,0407010H0AAAMAM,14,-0.07839999999999953
168,H82017,Paracet_Tab 500mg,0407010H0AAAMAM,14,-0.07839999999999953
4,H82084,Letrozole_Tab 2.5mg,0803041L0AAAAAA,4,-0.08959999999999946
314,H82057,Atorvastatin_Tab 40mg,0212000B0AAACAC,2,-0.08960000000000101
169,H82057,Paracet_Tab 500mg,0407010H0AAAMAM,23,-0.12879999999999922
170,H82057,Paracet_Tab 500mg,0407010H0AAAMAM,23,-0.12879999999999922
64,H82092,Amlodipine_Tab 5mg,0206020A0AAAAAA,1,-0.41579999999999995
