,practice_code,bnf_description,bnf_code,items,excess_cost
0,H81002,Amiodarone HCl_Tab 200mg,0203020D0AAABAB,8,3.1500000000000026
1,H81002,Clonazepam_Tab 500mcg,0408010F0AAABAB,9,7.028599999999986
2,H81002,Methocarbamol_Tab 750mg,1002020S0AAABAB,1,0.36960000000000126
3,H81002,Propranolol HCl_Tab 10mg,0204000R0AAAHAH,10,0.0
4,H81002,Pyridox HCl_Tab 50mg,0906024N0AAAIAI,1,0.9576000000000002
5,H81003,Amiodarone HCl_Tab 200mg,0203020D0AAABAB,1,1.050000000000001
6,H81003,Clonazepam_Tab 500mcg,0408010F0AAABAB,30,12.429999999999973
7,H81003,Mesalazine_Tab E/C 800mg,0105010B0AAASAS,2,19.679999999999996
8,H81003,Methocarbamol_Tab 750mg,1002020S0AAABAB,1,0.36960000000000126
9,H81003,Propranolol HCl_Tab 10mg,0204000R0AAAHAH,21,0.006000000000000172
10,H81003,Pyridox HCl_Tab 50mg,0906024N0AAAIAI,1,1.0260000000000002
11,H81004,Amiodarone HCl_Tab 200mg,0203020D0AAABAB,3,1.7500000000000016
12,H81004,Clonazepam_Tab 500mcg,0408010F0AAABAB,67,12.247199999999973
13,H81004,Propranolol HCl_Tab 10mg,0204000R0AAAHAH,20,0.006000000000000172
14,H81004,Pyridox HCl_Tab 50mg,0906024N0AAAIAI,2,7.182000000000002
15,H81007,Amiodarone HCl_Tab 200mg,0203020D0AAABAB,3,1.4000000000000012
16,H81007,Clonazepam_Tab 500mcg,0408010F0AAABAB,13,4.366799999999991
17,H81007,Mesalazine_Tab E/C 800mg,0105010B0AAASAS,3,33.227999999999994
18,H81007,Propranolol HCl_Tab 10mg,0204000R0AAAHAH,17,0.0
19,H81009,Amiodarone HCl_Tab 200mg,0203020D0AAABAB,8,0.6776
20,H81009,Clonazepam_Tab 500mcg,0408010F0AAABAB,15,11.390399999999977
21,H81009,Propranolol HCl_Tab 10mg,0204000R0AAAHAH,30,0.0
22,H81015,Amiodarone HCl_Tab 200mg,0203020D0AAABAB,5,3.150000000000003
23,H81015,Clonazepam_Tab 500mcg,0408010F0AAABAB,8,4.745999999999991
24,H81015,Propranolol HCl_Tab 10mg,0204000R0AAAHAH,16,0.0
25,H81015,Pyridox HCl_Tab 50mg,0906024N0AAAIAI,2,2.3940000000000006
26,H81015,Topiramate_Cap 50mg,040801050AAAWAW,1,1.2839999999999985
27,H81019,Clonazepam_Tab 500mcg,0408010F0AAABAB,2,1.898399999999996
28,H81019,Propranolol HCl_Tab 10mg,0204000R0AAAHAH,17,0.0043999999999999595
29,H81019,Risperidone_Tab 6mg,040201030AAAFAF,1,58.4192
30,H81020,Amiodarone HCl_Tab 200mg,0203020D0AAABAB,1,0.7000000000000006
31,H81020,Clonazepam_Tab 500mcg,0408010F0AAABAB,25,19.14239999999996
32,H81020,Propranolol HCl_Tab 10mg,0204000R0AAAHAH,20,0.0
33,H81020,Pyridox HCl_Tab 50mg,0906024N0AAAIAI,6,2.3940000000000006
34,H81024,Amiodarone HCl_Tab 200mg,0203020D0AAABAB,2,1.050000000000001
35,H81024,Clonazepam_Tab 500mcg,0408010F0AAABAB,18,10.124799999999981
36,H81024,Propranolol HCl_Tab 10mg,0204000R0AAAHAH,16,0.01600000000000046
37,H81024,Topiramate_Tab 200mg,040801050AAACAC,3,7.298399999999997
38,H81025,Amiodarone HCl_Tab 200mg,0203020D0AAABAB,7,3.850000000000003
39,H81025,Clonazepam_Tab 500mcg,0408010F0AAABAB,9,4.429599999999991
40,H81025,Propranolol HCl_Tab 10mg,0204000R0AAAHAH,35,0.012000000000000344
41,H81025,Pyridox HCl_Tab 50mg,0906024N0AAAIAI,1,1.4364000000000003
42,H81032,Amiodarone HCl_Tab 200mg,0203020D0AAABAB,4,1.4000000000000012
43,H81032,Clonazepam_Tab 500mcg,0408010F0AAABAB,16,10.847999999999978
44,H81032,Propranolol HCl_Tab 10mg,0204000R0AAAHAH,40,0.004000000000000115
45,H81032,Pyridox HCl_Tab 50mg,0906024N0AAAIAI,1,0.4788000000000001
46,H81032,Topiramate_Tab 200mg,040801050AAACAC,1,2.489999999999999
47,H81033,Amiodarone HCl_Tab 200mg,0203020D0AAABAB,2,0.7000000000000006
48,H81033,Clonazepam_Tab 500mcg,0408010F0AAABAB,32,30.379399999999933
49,H81033,Methocarbamol_Tab 750mg,1002020S0AAABAB,1,0.4299999999999998
50,H81033,Olanzapine_Tab 10mg,040201060AAACAC,1,217.05599999999998
51,H81033,Propranolol HCl_Tab 10mg,0204000R0AAAHAH,50,0.0
52,H81033,Risperidone_Tab 6mg,040201030AAAFAF,1,29.2096
53,H81033,Topiramate_Cap 50mg,040801050AAAWAW,3,3.6120000000000125
54,H81033,Topiramate_Tab 200mg,040801050AAACAC,1,1.1647999999999992
55,H81034,Amiodarone HCl_Tab 200mg,0203020D0AAABAB,2,0.7000000000000006
56,H81034,Clonazepam_Tab 500mcg,0408010F0AAABAB,7,2.2147999999999954
57,H81034,Mesalazine_Tab E/C 800mg,0105010B0AAASAS,1,-36.89999999999999
58,H81034,Propranolol HCl_Tab 10mg,0204000R0AAAHAH,5,0.0
59,H81034,Topiramate_Cap 50mg,040801050AAAWAW,1,3.8519999999999954
60,H81036,Amiodarone HCl_Tab 200mg,0203020D0AAABAB,3,1.4000000000000012
61,H81036,Clonazepam_Tab 500mcg,0408010F0AAABAB,16,9.67279999999998
62,H81036,Methocarbamol_Tab 750mg,1002020S0AAABAB,1,0.9631999999999996
63,H81036,Propranolol HCl_Tab 10mg,0204000R0AAAHAH,30,0.0
64,H81036,Pyridox HCl_Tab 50mg,0906024N0AAAIAI,2,2.3940000000000006
65,H81036,Topiramate_Cap 50mg,040801050AAAWAW,1,5.135999999999994
66,H81041,Amiodarone HCl_Tab 200mg,0203020D0AAABAB,1,0.7000000000000006
67,H81041,Clonazepam_Tab 500mcg,0408010F0AAABAB,7,5.40139999999999
68,H81041,Methocarbamol_Tab 750mg,1002020S0AAABAB,1,0.4299999999999998
69,H81041,Propranolol HCl_Tab 10mg,0204000R0AAAHAH,13,0.006000000000000172
70,H81042,Amiodarone HCl_Tab 200mg,0203020D0AAABAB,4,1.7500000000000016
71,H81042,Clonazepam_Tab 500mcg,0408010F0AAABAB,18,9.99419999999998
72,H81042,Mesalazine_Tab E/C 800mg,0105010B0AAASAS,1,-45.91999999999999
73,H81042,Methocarbamol_Tab 750mg,1002020S0AAABAB,1,0.36960000000000126
74,H81042,Propranolol HCl_Tab 10mg,0204000R0AAAHAH,55,0.017600000000000504
75,H81042,Risperidone_Tab 6mg,040201030AAAFAF,1,29.2096
76,H81042,Topiramate_Cap 50mg,040801050AAAWAW,1,2.567999999999997
77,H81050,Amiodarone HCl_Tab 200mg,0203020D0AAABAB,1,0.7000000000000006
78,H81050,Clonazepam_Tab 500mcg,0408010F0AAABAB,11,9.830999999999982
79,H81050,Propranolol HCl_Tab 10mg,0204000R0AAAHAH,14,0.0
80,H81050,Topiramate_Cap 50mg,040801050AAAWAW,1,1.2839999999999985
81,H81050,Topiramate_Tab 200mg,040801050AAACAC,1,4.979999999999998
82,H81057,Amiodarone HCl_Tab 200mg,0203020D0AAABAB,2,1.050000000000001
83,H81057,Clonazepam_Tab 500mcg,0408010F0AAABAB,6,2.7119999999999944
84,H81057,Propranolol HCl_Tab 10mg,0204000R0AAAHAH,6,0.0
85,H81057,Pyridox HCl_Tab 50mg,0906024N0AAAIAI,4,0.08560000000000034
86,H81057,Topiramate_Cap 50mg,040801050AAAWAW,2,3.8519999999999954
87,H81061,Amiodarone HCl_Tab 200mg,0203020D0AAABAB,6,2.8000000000000025
88,H81061,Clonazepam_Tab 500mcg,0408010F0AAABAB,9,8.384599999999983
89,H81061,Propranolol HCl_Tab 10mg,0204000R0AAAHAH,20,44.52
90,H81065,Amiodarone HCl_Tab 200mg,0203020D0AAABAB,2,1.4000000000000012
91,H81065,Clonazepam_Tab 500mcg,0408010F0AAABAB,10,3.977599999999992
92,H81065,Methocarbamol_Tab 750mg,1002020S0AAABAB,6,1.3440000000000012
93,H81065,Propranolol HCl_Tab 10mg,0204000R0AAAHAH,4,0.0
94,H81066,Amiodarone HCl_Tab 200mg,0203020D0AAABAB,1,0.7000000000000006
95,H81066,Clonazepam_Tab 500mcg,0408010F0AAABAB,21,5.4904999999999875
96,H81066,Methocarbamol_Tab 750mg,1002020S0AAABAB,42,7.696100000000011
97,H81066,Propranolol HCl_Tab 10mg,0204000R0AAAHAH,42,-0.006000000000000172
98,H81073,Amiodarone HCl_Tab 200mg,0203020D0AAABAB,8,2.619400000000002
99,H81073,Clonazepam_Tab 500mcg,0408010F0AAABAB,15,4.982899999999989
100,H81073,Mesalazine_Tab E/C 800mg,0105010B0AAASAS,2,64.77999999999999
101,H81073,Propranolol HCl_Tab 10mg,0204000R0AAAHAH,17,0.0
102,H81079,Clonazepam_Tab 500mcg,0408010F0AAABAB,2,0.6327999999999987
103,H81079,Methocarbamol_Tab 750mg,1002020S0AAABAB,10,2.4690000000000025
104,H81079,Propranolol HCl_Tab 10mg,0204000R0AAAHAH,13,0.0
105,H81087,Amiodarone HCl_Tab 200mg,0203020D0AAABAB,5,2.450000000000002
106,H81087,Clonazepam_Tab 500mcg,0408010F0AAABAB,11,5.423999999999989
107,H81087,Propranolol HCl_Tab 10mg,0204000R0AAAHAH,7,0.0
108,H81087,Pyridox HCl_Tab 50mg,0906024N0AAAIAI,1,0.1416000000000004
109,H81087,Risperidone_Tab 6mg,040201030AAAFAF,1,29.2096
110,H81087,Topiramate_Cap 50mg,040801050AAAWAW,2,2.567999999999997
111,H81094,Amiodarone HCl_Tab 200mg,0203020D0AAABAB,3,1.050000000000001
112,H81094,Clonazepam_Tab 500mcg,0408010F0AAABAB,12,5.26579999999999
113,H81094,Propranolol HCl_Tab 10mg,0204000R0AAAHAH,16,0.0
114,H81094,Topiramate_Tab 200mg,040801050AAACAC,1,4.647999999999998
115,H81095,Amiodarone HCl_Tab 200mg,0203020D0AAABAB,3,0.2541
116,H81095,Clonazepam_Tab 500mcg,0408010F0AAABAB,7,4.655599999999991
117,H81095,Propranolol HCl_Tab 10mg,0204000R0AAAHAH,1,0.0
118,H81104,Clonazepam_Tab 500mcg,0408010F0AAABAB,2,1.6723999999999966
119,H81104,Propranolol HCl_Tab 10mg,0204000R0AAAHAH,11,0.0
120,H81104,Pyridox HCl_Tab 50mg,0906024N0AAAIAI,2,3.898800000000001
121,H81104,Risperidone_Tab 6mg,040201030AAAFAF,10,94.9816
122,H81104,Topiramate_Tab 200mg,040801050AAACAC,1,2.489999999999999
123,H81111,Amiodarone HCl_Tab 200mg,0203020D0AAABAB,1,0.3500000000000003
124,H81111,Clonazepam_Tab 500mcg,0408010F0AAABAB,3,1.423799999999997
125,H81111,Propranolol HCl_Tab 10mg,0204000R0AAAHAH,6,0.0
126,H81122,Amiodarone HCl_Tab 200mg,0203020D0AAABAB,3,0.2541
127,H81122,Clonazepam_Tab 500mcg,0408010F0AAABAB,2,1.6723999999999966
128,H81122,Propranolol HCl_Tab 10mg,0204000R0AAAHAH,12,0.0
129,H81122,Pyridox HCl_Tab 50mg,0906024N0AAAIAI,1,1.4364000000000003
130,H81122,Topiramate_Tab 200mg,040801050AAACAC,1,7.469999999999997
131,H81123,Clonazepam_Tab 500mcg,0408010F0AAABAB,1,0.6779999999999986
132,H81123,Propranolol HCl_Tab 10mg,0204000R0AAAHAH,18,0.0
133,H81129,Amiodarone HCl_Tab 200mg,0203020D0AAABAB,4,1.4000000000000012
134,H81129,Clonazepam_Tab 500mcg,0408010F0AAABAB,1,2.033999999999996
135,H81129,Propranolol HCl_Tab 10mg,0204000R0AAAHAH,9,0.0
136,H81131,Clonazepam_Tab 500mcg,0408010F0AAABAB,1,0.5699999999999983
137,H81131,Methocarbamol_Tab 750mg,1002020S0AAABAB,1,0.4299999999999998
138,H81131,Propranolol HCl_Tab 10mg,0204000R0AAAHAH,10,0.0
139,H81131,Topiramate_Cap 50mg,040801050AAAWAW,4,1.1927999999999992
140,H81134,Amiodarone HCl_Tab 200mg,0203020D0AAABAB,4,2.8000000000000025
141,H81134,Clonazepam_Tab 500mcg,0408010F0AAABAB,14,8.904399999999981
142,H81134,Methocarbamol_Tab 750mg,1002020S0AAABAB,18,11.310800000000002
143,H81134,Propranolol HCl_Tab 10mg,0204000R0AAAHAH,21,0.0
144,H81134,Pyridox HCl_Tab 50mg,0906024N0AAAIAI,1,0.1416000000000004
145,H81134,Risperidone_Tab 6mg,040201030AAAFAF,1,58.4192
146,H81134,Topiramate_Tab 200mg,040801050AAACAC,1,7.469999999999997
147,H81632,Amiodarone HCl_Tab 200mg,0203020D0AAABAB,3,2.100000000000002
148,H81632,Clonazepam_Tab 500mcg,0408010F0AAABAB,2,2.6215999999999946
149,H81632,Propranolol HCl_Tab 10mg,0204000R0AAAHAH,1,0.0
150,H81641,Clonazepam_Tab 500mcg,0408010F0AAABAB,5,1.5819999999999967
151,H81642,Amiodarone HCl_Tab 200mg,0203020D0AAABAB,6,2.1938000000000017
152,H81642,Clonazepam_Tab 500mcg,0408010F0AAABAB,7,6.418399999999988
153,H81642,Propranolol HCl_Tab 10mg,0204000R0AAAHAH,3,0.0
154,H81643,Clonazepam_Tab 500mcg,0408010F0AAABAB,1,1.3559999999999972
155,H81643,Propranolol HCl_Tab 10mg,0204000R0AAAHAH,1,0.0
156,H81658,Amiodarone HCl_Tab 200mg,0203020D0AAABAB,1,0.7000000000000006
157,H81658,Clonazepam_Tab 500mcg,0408010F0AAABAB,10,4.67819999999999
158,H81658,Propranolol HCl_Tab 10mg,0204000R0AAAHAH,13,-0.004000000000000115
159,H81658,Risperidone_Tab 6mg,040201030AAAFAF,2,87.6288
160,H81658,Topiramate_Cap 50mg,040801050AAAWAW,1,2.567999999999997
161,H81663,Amiodarone HCl_Tab 200mg,0203020D0AAABAB,2,0.7000000000000006
162,H81663,Clonazepam_Tab 500mcg,0408010F0AAABAB,1,0.949199999999998
163,H81663,Propranolol HCl_Tab 10mg,0204000R0AAAHAH,3,0.0
164,H81664,Propranolol HCl_Tab 10mg,0204000R0AAAHAH,5,0.0
165,Y01660,Amiodarone HCl_Tab 200mg,0203020D0AAABAB,1,0.05280000000000007
166,Y01660,Clonazepam_Tab 500mcg,0408010F0AAABAB,1,0.04239999999999999
167,Y01660,Propranolol HCl_Tab 10mg,0204000R0AAAHAH,4,-0.004000000000000115
