,practice_code,bnf_description,bnf_code,items,excess_cost
0,E85700,Atorvastatin_Tab 20mg,0212000B0AAABAB,70,540.96
1,E85045,Atorvastatin_Tab 20mg,0212000B0AAABAB,64,270.4128
37,E85045,Atorvastatin_Tab 40mg,0212000B0AAACAC,34,200.20559999999998
2,E85007,Atorvastatin_Tab 20mg,0212000B0AAABAB,63,180.28080000000003
202,E85115,Memantine HCl_Tab 20mg,0411000G0AAADAD,1,113.99920000000002
224,E85744,Pregabalin_Cap 75mg,0408010AEAAACAC,3,113.4672
38,E85035,Atorvastatin_Tab 40mg,0212000B0AAACAC,74,111.2664
127,E85115,Clopidogrel_Tab 75mg,0209000C0AAAAAA,12,92.87040000000002
3,E85035,Atorvastatin_Tab 20mg,0212000B0AAABAB,78,90.1992
4,Y02671,Atorvastatin_Tab 20mg,0212000B0AAABAB,87,90.13200000000002
225,E85007,Pregabalin_Cap 75mg,0408010AEAAACAC,4,85.0752
313,E85045,Losartan Pot_Tab 50mg,0205052N0AAABAB,12,71.6688
60,E85744,Atorvastatin_Tab 10mg,0212000B0AAAAAA,28,69.77600000000001
5,E85707,Atorvastatin_Tab 20mg,0212000B0AAABAB,36,67.73760000000001
7,E85700,Atorvastatin_Tab 20mg,0212000B0AAABAB,12,67.63680000000001
6,E85035,Atorvastatin_Tab 20mg,0212000B0AAABAB,12,67.63680000000001
8,E85001,Atorvastatin_Tab 20mg,0212000B0AAABAB,13,67.59479999999999
39,E85035,Atorvastatin_Tab 40mg,0212000B0AAACAC,8,66.7968
40,Y02671,Atorvastatin_Tab 40mg,0212000B0AAACAC,10,66.77999999999999
203,E85744,Memantine HCl_Tab 20mg,0411000G0AAADAD,10,63.931
204,E85699,Memantine HCl_Tab 20mg,0411000G0AAADAD,16,63.8848
128,E85681,Clopidogrel_Tab 75mg,0209000C0AAAAAA,1,61.86600000000001
283,E85035,Eplerenone_Tab 25mg,0202030X0AAAAAA,2,60.5136
284,E85126,Eplerenone_Tab 25mg,0202030X0AAAAAA,2,60.5136
193,E85001,Risperidone_Tab 6mg,040201030AAAFAF,2,58.4192
192,E85625,Risperidone_Tab 6mg,040201030AAAFAF,2,58.4192
205,E85056,Memantine HCl_Tab 20mg,0411000G0AAADAD,1,56.99960000000001
226,E85744,Pregabalin_Cap 75mg,0408010AEAAACAC,3,56.7336
271,Y02671,Amlodipine_Tab 10mg,0206020A0AAABAB,54,53.22239999999999
129,E85696,Clopidogrel_Tab 75mg,0209000C0AAAAAA,17,52.55039999999999
130,E85713,Clopidogrel_Tab 75mg,0209000C0AAAAAA,3,52.491600000000005
9,E85115,Atorvastatin_Tab 20mg,0212000B0AAABAB,75,47.88
314,E85001,Losartan Pot_Tab 50mg,0205052N0AAABAB,1,47.790400000000005
10,E85708,Atorvastatin_Tab 20mg,0212000B0AAABAB,68,45.315200000000004
11,E85007,Atorvastatin_Tab 20mg,0212000B0AAABAB,40,45.136
12,E85062,Atorvastatin_Tab 20mg,0212000B0AAABAB,44,45.09120000000001
41,E85708,Atorvastatin_Tab 40mg,0212000B0AAACAC,37,44.547999999999995
42,E85718,Atorvastatin_Tab 40mg,0212000B0AAACAC,3,44.50320000000001
43,E85045,Atorvastatin_Tab 40mg,0212000B0AAACAC,49,44.487100000000005
44,E85708,Atorvastatin_Tab 40mg,0212000B0AAACAC,34,44.482200000000006
45,E85699,Atorvastatin_Tab 40mg,0212000B0AAACAC,22,44.4752
13,E85007,Atorvastatin_Tab 20mg,0212000B0AAABAB,95,39.43450000000001
272,E85045,Amlodipine_Tab 10mg,0206020A0AAABAB,37,35.5089
273,E85605,Amlodipine_Tab 10mg,0206020A0AAABAB,49,35.397600000000004
131,E85734,Clopidogrel_Tab 75mg,0209000C0AAAAAA,19,35.0056
61,E85035,Atorvastatin_Tab 10mg,0212000B0AAAAAA,15,34.902
62,E85699,Atorvastatin_Tab 10mg,0212000B0AAAAAA,6,34.8768
63,E85045,Atorvastatin_Tab 10mg,0212000B0AAAAAA,9,34.8516
64,Y02671,Atorvastatin_Tab 10mg,0212000B0AAAAAA,17,34.843199999999996
65,E85015,Atorvastatin_Tab 10mg,0212000B0AAAAAA,16,34.809599999999996
285,E85062,Eplerenone_Tab 25mg,0202030X0AAAAAA,2,32.396
132,E85007,Clopidogrel_Tab 75mg,0209000C0AAAAAA,1,30.930000000000003
286,E85015,Eplerenone_Tab 25mg,0202030X0AAAAAA,4,30.262400000000007
287,E85114,Eplerenone_Tab 25mg,0202030X0AAAAAA,1,30.2596
196,E85007,Risperidone_Tab 6mg,040201030AAAFAF,4,29.232
197,E85001,Risperidone_Tab 6mg,040201030AAAFAF,4,29.232
198,E85058,Risperidone_Tab 6mg,040201030AAAFAF,4,29.232
194,E85052,Risperidone_Tab 6mg,040201030AAAFAF,4,29.232
195,E85744,Risperidone_Tab 6mg,040201030AAAFAF,4,29.232
201,E85699,Risperidone_Tab 6mg,040201030AAAFAF,2,29.2096
200,E85071,Risperidone_Tab 6mg,040201030AAAFAF,1,29.2096
199,E85056,Risperidone_Tab 6mg,040201030AAAFAF,1,29.2096
227,E85004,Pregabalin_Cap 75mg,0408010AEAAACAC,1,28.361200000000004
14,E85035,Atorvastatin_Tab 20mg,0212000B0AAABAB,25,28.1575
274,E85625,Amlodipine_Tab 10mg,0206020A0AAABAB,9,26.6112
275,E85045,Amlodipine_Tab 10mg,0206020A0AAABAB,33,26.611199999999993
315,E85699,Losartan Pot_Tab 50mg,0205052N0AAABAB,31,23.87
66,E85071,Atorvastatin_Tab 10mg,0212000B0AAAAAA,4,23.2736
67,E85699,Atorvastatin_Tab 10mg,0212000B0AAAAAA,15,23.268
68,E85713,Atorvastatin_Tab 10mg,0212000B0AAAAAA,8,23.251199999999997
69,E85697,Atorvastatin_Tab 10mg,0212000B0AAAAAA,10,23.240000000000002
70,E85001,Atorvastatin_Tab 10mg,0212000B0AAAAAA,11,23.223200000000002
71,E85605,Atorvastatin_Tab 10mg,0212000B0AAAAAA,19,23.1952
72,E85058,Atorvastatin_Tab 10mg,0212000B0AAAAAA,43,23.116800000000012
15,E85699,Atorvastatin_Tab 20mg,0212000B0AAABAB,121,22.699600000000014
16,E85744,Atorvastatin_Tab 20mg,0212000B0AAABAB,42,22.579200000000004
17,E85681,Atorvastatin_Tab 20mg,0212000B0AAABAB,12,22.545600000000004
18,E85059,Atorvastatin_Tab 20mg,0212000B0AAABAB,122,22.5456
19,E85045,Atorvastatin_Tab 20mg,0212000B0AAABAB,34,22.5386
20,E85700,Atorvastatin_Tab 20mg,0212000B0AAABAB,30,22.532999999999998
21,E85700,Atorvastatin_Tab 20mg,0212000B0AAABAB,1,22.531599999999997
22,E85052,Atorvastatin_Tab 20mg,0212000B0AAABAB,96,22.512
46,E85699,Atorvastatin_Tab 40mg,0212000B0AAACAC,110,22.484
47,E85708,Atorvastatin_Tab 40mg,0212000B0AAACAC,20,22.287999999999997
48,E85015,Atorvastatin_Tab 40mg,0212000B0AAACAC,51,22.276800000000005
49,E85699,Atorvastatin_Tab 40mg,0212000B0AAACAC,50,22.259999999999998
73,E85115,Atorvastatin_Tab 10mg,0212000B0AAAAAA,18,21.9744
276,E85056,Amlodipine_Tab 10mg,0206020A0AAABAB,32,17.7632
277,E85056,Amlodipine_Tab 10mg,0206020A0AAABAB,7,17.7576
278,E85052,Amlodipine_Tab 10mg,0206020A0AAABAB,40,17.695999999999994
279,E85697,Amlodipine_Tab 10mg,0206020A0AAABAB,39,17.69039999999999
133,E85024,Clopidogrel_Tab 75mg,0209000C0AAAAAA,32,17.56159999999999
134,E85035,Clopidogrel_Tab 75mg,0209000C0AAAAAA,37,17.50839999999999
135,E85045,Clopidogrel_Tab 75mg,0209000C0AAAAAA,5,17.499999999999996
136,E85681,Clopidogrel_Tab 75mg,0209000C0AAAAAA,26,17.472000000000005
137,Y02671,Clopidogrel_Tab 75mg,0209000C0AAAAAA,15,17.471999999999994
316,E85713,Losartan Pot_Tab 50mg,0205052N0AAABAB,13,11.939200000000003
317,E85718,Losartan Pot_Tab 50mg,0205052N0AAABAB,7,11.936400000000003
74,E85115,Atorvastatin_Tab 10mg,0212000B0AAAAAA,28,11.7012
75,E85700,Atorvastatin_Tab 10mg,0212000B0AAAAAA,8,11.6592
76,E85015,Atorvastatin_Tab 10mg,0212000B0AAAAAA,33,11.6424
77,E85699,Atorvastatin_Tab 10mg,0212000B0AAAAAA,56,11.603200000000006
78,E85744,Atorvastatin_Tab 10mg,0212000B0AAAAAA,20,11.592000000000002
318,E85035,Losartan Pot_Tab 50mg,0205052N0AAABAB,37,10.6708
319,E85739,Losartan Pot_Tab 50mg,0205052N0AAABAB,29,10.596600000000002
320,E85035,Losartan Pot_Tab 50mg,0205052N0AAABAB,10,9.66
50,E85045,Atorvastatin_Tab 40mg,0212000B0AAACAC,1,9.5328
138,E85744,Clopidogrel_Tab 75mg,0209000C0AAAAAA,90,9.197999999999997
280,E85739,Amlodipine_Tab 10mg,0206020A0AAABAB,68,8.901200000000001
281,E85713,Amlodipine_Tab 10mg,0206020A0AAABAB,36,8.870400000000002
139,E85045,Clopidogrel_Tab 75mg,0209000C0AAAAAA,21,8.82
282,Y02672,Amlodipine_Tab 10mg,0206020A0AAABAB,63,8.819999999999995
140,E85015,Clopidogrel_Tab 75mg,0209000C0AAAAAA,27,8.769599999999999
321,Y02671,Losartan Pot_Tab 50mg,0205052N0AAABAB,5,2.828
322,E85015,Losartan Pot_Tab 50mg,0205052N0AAABAB,20,2.7859999999999996
141,E85746,Clopidogrel_Tab 75mg,0209000C0AAAAAA,20,2.2820000000000005
142,E85004,Clopidogrel_Tab 75mg,0209000C0AAAAAA,134,0.6565999999999993
143,E85040,Clopidogrel_Tab 75mg,0209000C0AAAAAA,131,0.6418999999999992
23,E85739,Atorvastatin_Tab 20mg,0212000B0AAABAB,97,0.5432000000000156
51,E85056,Atorvastatin_Tab 40mg,0212000B0AAACAC,59,0.4956000000000027
144,E85605,Clopidogrel_Tab 75mg,0209000C0AAAAAA,98,0.48019999999999946
145,E85681,Clopidogrel_Tab 75mg,0209000C0AAAAAA,96,0.4703999999999995
146,E85059,Clopidogrel_Tab 75mg,0209000C0AAAAAA,95,0.46549999999999947
148,E85750,Clopidogrel_Tab 75mg,0209000C0AAAAAA,87,0.4262999999999995
147,E85114,Clopidogrel_Tab 75mg,0209000C0AAAAAA,87,0.4262999999999995
149,E85707,Clopidogrel_Tab 75mg,0209000C0AAAAAA,76,0.4255999999999974
150,E85024,Clopidogrel_Tab 75mg,0209000C0AAAAAA,84,0.4115999999999995
151,E85058,Clopidogrel_Tab 75mg,0209000C0AAAAAA,83,0.40669999999999956
152,E85716,Clopidogrel_Tab 75mg,0209000C0AAAAAA,78,0.3821999999999996
153,E85052,Clopidogrel_Tab 75mg,0209000C0AAAAAA,76,0.3723999999999996
154,E85007,Clopidogrel_Tab 75mg,0209000C0AAAAAA,53,0.37100000000000033
155,E85015,Clopidogrel_Tab 75mg,0209000C0AAAAAA,72,0.3527999999999996
156,E85739,Clopidogrel_Tab 75mg,0209000C0AAAAAA,71,0.3478999999999996
157,E85126,Clopidogrel_Tab 75mg,0209000C0AAAAAA,71,0.3478999999999996
158,E85001,Clopidogrel_Tab 75mg,0209000C0AAAAAA,64,0.31359999999999966
159,E85600,Clopidogrel_Tab 75mg,0209000C0AAAAAA,60,0.2939999999999997
160,Y02671,Clopidogrel_Tab 75mg,0209000C0AAAAAA,60,0.2939999999999997
161,E85035,Clopidogrel_Tab 75mg,0209000C0AAAAAA,58,0.2841999999999997
162,E85056,Clopidogrel_Tab 75mg,0209000C0AAAAAA,56,0.2743999999999997
163,E85708,Clopidogrel_Tab 75mg,0209000C0AAAAAA,55,0.2694999999999997
164,E85699,Clopidogrel_Tab 75mg,0209000C0AAAAAA,55,0.2694999999999997
165,E85113,Clopidogrel_Tab 75mg,0209000C0AAAAAA,51,0.24989999999999973
166,E85060,Clopidogrel_Tab 75mg,0209000C0AAAAAA,51,0.24989999999999973
167,E85115,Clopidogrel_Tab 75mg,0209000C0AAAAAA,48,0.23519999999999974
168,E85696,Clopidogrel_Tab 75mg,0209000C0AAAAAA,48,0.23519999999999974
169,Y02672,Clopidogrel_Tab 75mg,0209000C0AAAAAA,46,0.22539999999999977
170,E85736,Clopidogrel_Tab 75mg,0209000C0AAAAAA,43,0.21069999999999978
171,E85692,Clopidogrel_Tab 75mg,0209000C0AAAAAA,41,0.20089999999999977
172,E85713,Clopidogrel_Tab 75mg,0209000C0AAAAAA,40,0.19599999999999979
173,E85697,Clopidogrel_Tab 75mg,0209000C0AAAAAA,39,0.1910999999999998
24,E85692,Atorvastatin_Tab 20mg,0212000B0AAABAB,68,0.19040000000000545
174,E85693,Clopidogrel_Tab 75mg,0209000C0AAAAAA,37,0.1812999999999998
323,Y02672,Losartan Pot_Tab 50mg,0205052N0AAABAB,31,0.17359999999999895
206,E85004,Memantine HCl_Tab 20mg,0411000G0AAADAD,35,0.17149999999999982
25,E85115,Atorvastatin_Tab 20mg,0212000B0AAABAB,48,0.16800000000000015
79,E85058,Atorvastatin_Tab 10mg,0212000B0AAAAAA,75,0.15750000000000086
175,E85030,Clopidogrel_Tab 75mg,0209000C0AAAAAA,31,0.15189999999999984
176,E85735,Clopidogrel_Tab 75mg,0209000C0AAAAAA,29,0.14209999999999984
228,E85744,Pregabalin_Cap 75mg,0408010AEAAACAC,23,0.12879999999999922
80,E85744,Atorvastatin_Tab 10mg,0212000B0AAAAAA,53,0.11130000000000062
177,E85658,Clopidogrel_Tab 75mg,0209000C0AAAAAA,22,0.10779999999999988
26,E85062,Atorvastatin_Tab 20mg,0212000B0AAABAB,37,0.10360000000000297
81,E85071,Atorvastatin_Tab 10mg,0212000B0AAAAAA,15,0.08400000000000095
229,E85605,Pregabalin_Cap 75mg,0408010AEAAACAC,15,0.08399999999999949
207,E85736,Memantine HCl_Tab 20mg,0411000G0AAADAD,17,0.0832999999999999
178,E85718,Clopidogrel_Tab 75mg,0209000C0AAAAAA,9,0.07559999999999867
179,E85113,Clopidogrel_Tab 75mg,0209000C0AAAAAA,9,0.07559999999999867
82,E85696,Atorvastatin_Tab 10mg,0212000B0AAAAAA,35,0.0735000000000004
180,E85071,Clopidogrel_Tab 75mg,0209000C0AAAAAA,15,0.07349999999999993
230,E85004,Pregabalin_Cap 75mg,0408010AEAAACAC,13,0.07279999999999956
83,E85040,Atorvastatin_Tab 10mg,0212000B0AAAAAA,34,0.0714000000000004
232,E85040,Pregabalin_Cap 75mg,0408010AEAAACAC,12,0.0671999999999996
231,E85736,Pregabalin_Cap 75mg,0408010AEAAACAC,12,0.0671999999999996
84,E85004,Atorvastatin_Tab 10mg,0212000B0AAAAAA,29,0.060900000000000336
85,E85739,Atorvastatin_Tab 10mg,0212000B0AAAAAA,28,0.058800000000000324
209,E85750,Memantine HCl_Tab 20mg,0411000G0AAADAD,12,0.058799999999999936
208,E85071,Memantine HCl_Tab 20mg,0411000G0AAADAD,12,0.058799999999999936
233,E85699,Pregabalin_Cap 75mg,0408010AEAAACAC,10,0.05599999999999966
86,E85699,Atorvastatin_Tab 10mg,0212000B0AAAAAA,26,0.0546000000000003
181,E85700,Clopidogrel_Tab 75mg,0209000C0AAAAAA,11,0.05389999999999994
87,E85015,Atorvastatin_Tab 10mg,0212000B0AAAAAA,24,0.05040000000000028
234,E85713,Pregabalin_Cap 75mg,0408010AEAAACAC,9,0.050399999999999695
235,E85681,Pregabalin_Cap 75mg,0408010AEAAACAC,9,0.050399999999999695
236,E85693,Pregabalin_Cap 75mg,0408010AEAAACAC,9,0.050399999999999695
182,E85734,Clopidogrel_Tab 75mg,0209000C0AAAAAA,10,0.048999999999999946
88,E85697,Atorvastatin_Tab 10mg,0212000B0AAAAAA,22,0.046200000000000255
239,E85739,Pregabalin_Cap 75mg,0408010AEAAACAC,8,0.04479999999999973
238,E85052,Pregabalin_Cap 75mg,0408010AEAAACAC,8,0.04479999999999973
240,Y02671,Pregabalin_Cap 75mg,0408010AEAAACAC,8,0.04479999999999973
241,E85750,Pregabalin_Cap 75mg,0408010AEAAACAC,8,0.04479999999999973
237,E85007,Pregabalin_Cap 75mg,0408010AEAAACAC,8,0.04479999999999973
90,E85126,Atorvastatin_Tab 10mg,0212000B0AAAAAA,20,0.04200000000000023
89,E85681,Atorvastatin_Tab 10mg,0212000B0AAAAAA,20,0.04200000000000023
91,E85114,Atorvastatin_Tab 10mg,0212000B0AAAAAA,19,0.03990000000000022
183,E85018,Clopidogrel_Tab 75mg,0209000C0AAAAAA,8,0.03919999999999996
210,E85030,Memantine HCl_Tab 20mg,0411000G0AAADAD,8,0.03919999999999996
92,E85600,Atorvastatin_Tab 10mg,0212000B0AAAAAA,18,0.03780000000000021
93,E85605,Atorvastatin_Tab 10mg,0212000B0AAAAAA,18,0.03780000000000021
52,E85115,Atorvastatin_Tab 40mg,0212000B0AAACAC,48,0.03360000000000096
97,E85059,Atorvastatin_Tab 10mg,0212000B0AAAAAA,16,0.033600000000000185
96,E85035,Atorvastatin_Tab 10mg,0212000B0AAAAAA,16,0.033600000000000185
95,E85735,Atorvastatin_Tab 10mg,0212000B0AAAAAA,16,0.033600000000000185
94,E85750,Atorvastatin_Tab 10mg,0212000B0AAAAAA,16,0.033600000000000185
244,E85600,Pregabalin_Cap 75mg,0408010AEAAACAC,6,0.0335999999999998
243,E85062,Pregabalin_Cap 75mg,0408010AEAAACAC,6,0.0335999999999998
242,E85060,Pregabalin_Cap 75mg,0408010AEAAACAC,6,0.0335999999999998
245,E85030,Pregabalin_Cap 75mg,0408010AEAAACAC,5,0.02799999999999983
99,E85007,Atorvastatin_Tab 10mg,0212000B0AAAAAA,13,0.02730000000000015
98,E85658,Atorvastatin_Tab 10mg,0212000B0AAAAAA,13,0.02730000000000015
102,E85001,Atorvastatin_Tab 10mg,0212000B0AAAAAA,12,0.02520000000000014
101,E85052,Atorvastatin_Tab 10mg,0212000B0AAAAAA,12,0.02520000000000014
100,E85713,Atorvastatin_Tab 10mg,0212000B0AAAAAA,12,0.02520000000000014
184,E85060,Clopidogrel_Tab 75mg,0209000C0AAAAAA,9,0.025199999999998973
211,E85015,Memantine HCl_Tab 20mg,0411000G0AAADAD,5,0.024499999999999973
185,E85625,Clopidogrel_Tab 75mg,0209000C0AAAAAA,5,0.024499999999999973
212,E85693,Memantine HCl_Tab 20mg,0411000G0AAADAD,5,0.024499999999999973
104,E85060,Atorvastatin_Tab 10mg,0212000B0AAAAAA,11,0.023100000000000127
103,E85716,Atorvastatin_Tab 10mg,0212000B0AAAAAA,11,0.023100000000000127
246,Y02672,Pregabalin_Cap 75mg,0408010AEAAACAC,4,0.022399999999999864
250,E85058,Pregabalin_Cap 75mg,0408010AEAAACAC,4,0.022399999999999864
247,E85697,Pregabalin_Cap 75mg,0408010AEAAACAC,4,0.022399999999999864
248,E85126,Pregabalin_Cap 75mg,0408010AEAAACAC,8,0.022399999999999864
249,E85708,Pregabalin_Cap 75mg,0408010AEAAACAC,4,0.022399999999999864
251,E85001,Pregabalin_Cap 75mg,0408010AEAAACAC,4,0.022399999999999864
252,E85056,Pregabalin_Cap 75mg,0408010AEAAACAC,4,0.022399999999999864
253,E85015,Pregabalin_Cap 75mg,0408010AEAAACAC,4,0.022399999999999864
254,E85126,Pregabalin_Cap 75mg,0408010AEAAACAC,4,0.022399999999999864
105,E85708,Atorvastatin_Tab 10mg,0212000B0AAAAAA,10,0.021000000000000116
217,E85060,Memantine HCl_Tab 20mg,0411000G0AAADAD,4,0.01959999999999998
220,E85052,Memantine HCl_Tab 20mg,0411000G0AAADAD,4,0.01959999999999998
219,E85113,Memantine HCl_Tab 20mg,0411000G0AAADAD,4,0.01959999999999998
218,E85605,Memantine HCl_Tab 20mg,0411000G0AAADAD,4,0.01959999999999998
216,E85040,Memantine HCl_Tab 20mg,0411000G0AAADAD,4,0.01959999999999998
215,E85739,Memantine HCl_Tab 20mg,0411000G0AAADAD,4,0.01959999999999998
214,E85058,Memantine HCl_Tab 20mg,0411000G0AAADAD,4,0.01959999999999998
213,E85001,Memantine HCl_Tab 20mg,0411000G0AAADAD,4,0.01959999999999998
106,E85625,Atorvastatin_Tab 10mg,0212000B0AAAAAA,9,0.018900000000000104
325,Y02671,Losartan Pot_Tab 50mg,0205052N0AAABAB,4,0.016800000000000093
107,E85018,Atorvastatin_Tab 10mg,0212000B0AAAAAA,8,0.016800000000000093
108,E85071,Atorvastatin_Tab 10mg,0212000B0AAAAAA,8,0.016800000000000093
324,E85750,Losartan Pot_Tab 50mg,0205052N0AAABAB,4,0.016800000000000093
326,E85114,Losartan Pot_Tab 50mg,0205052N0AAABAB,4,0.016800000000000093
327,E85058,Losartan Pot_Tab 50mg,0205052N0AAABAB,4,0.016800000000000093
328,E85059,Losartan Pot_Tab 50mg,0205052N0AAABAB,4,0.016800000000000093
329,E85696,Losartan Pot_Tab 50mg,0205052N0AAABAB,4,0.016800000000000093
109,E85056,Atorvastatin_Tab 10mg,0212000B0AAAAAA,8,0.016800000000000093
110,E85692,Atorvastatin_Tab 10mg,0212000B0AAAAAA,7,0.014700000000000081
221,E85708,Memantine HCl_Tab 20mg,0411000G0AAADAD,3,0.014699999999999984
222,E85700,Memantine HCl_Tab 20mg,0411000G0AAADAD,3,0.014699999999999984
255,E85040,Pregabalin_Cap 75mg,0408010AEAAACAC,5,0.013999999999999915
256,E85015,Pregabalin_Cap 75mg,0408010AEAAACAC,5,0.013999999999999915
111,E85693,Atorvastatin_Tab 10mg,0212000B0AAAAAA,6,0.01260000000000007
112,Y02671,Atorvastatin_Tab 10mg,0212000B0AAAAAA,6,0.01260000000000007
53,Y02671,Atorvastatin_Tab 40mg,0212000B0AAACAC,2,0.012000000000000344
260,Y02671,Pregabalin_Cap 75mg,0408010AEAAACAC,4,0.011199999999999932
257,E85062,Pregabalin_Cap 75mg,0408010AEAAACAC,4,0.011199999999999932
258,E85007,Pregabalin_Cap 75mg,0408010AEAAACAC,4,0.011199999999999932
259,E85600,Pregabalin_Cap 75mg,0408010AEAAACAC,4,0.011199999999999932
113,Y02672,Atorvastatin_Tab 10mg,0212000B0AAAAAA,5,0.010500000000000058
114,E85707,Atorvastatin_Tab 10mg,0212000B0AAAAAA,5,0.010500000000000058
186,E85683,Clopidogrel_Tab 75mg,0209000C0AAAAAA,2,0.00979999999999999
115,E85736,Atorvastatin_Tab 10mg,0212000B0AAAAAA,4,0.008400000000000046
116,E85683,Atorvastatin_Tab 10mg,0212000B0AAAAAA,4,0.008400000000000046
117,E85113,Atorvastatin_Tab 10mg,0212000B0AAAAAA,4,0.008400000000000046
261,E85030,Pregabalin_Cap 75mg,0408010AEAAACAC,3,0.00839999999999995
332,E85060,Losartan Pot_Tab 50mg,0205052N0AAABAB,4,0.00839999999999995
331,E85716,Losartan Pot_Tab 50mg,0205052N0AAABAB,4,0.00839999999999995
330,E85696,Losartan Pot_Tab 50mg,0205052N0AAABAB,4,0.00839999999999995
262,E85056,Pregabalin_Cap 75mg,0408010AEAAACAC,3,0.00839999999999995
263,E85605,Pregabalin_Cap 75mg,0408010AEAAACAC,1,0.008399999999999658
118,E85030,Atorvastatin_Tab 10mg,0212000B0AAAAAA,3,0.006300000000000035
27,E85114,Atorvastatin_Tab 20mg,0212000B0AAABAB,1,0.006000000000000172
54,E85060,Atorvastatin_Tab 40mg,0212000B0AAACAC,1,0.006000000000000172
55,E85126,Atorvastatin_Tab 40mg,0212000B0AAACAC,1,0.006000000000000172
56,E85113,Atorvastatin_Tab 40mg,0212000B0AAACAC,1,0.006000000000000172
264,E85750,Pregabalin_Cap 75mg,0408010AEAAACAC,2,0.005599999999999966
28,E85126,Atorvastatin_Tab 20mg,0212000B0AAABAB,1,0.005000000000000143
223,E85056,Memantine HCl_Tab 20mg,0411000G0AAADAD,1,0.004899999999999995
29,E85681,Atorvastatin_Tab 20mg,0212000B0AAABAB,1,0.00440000000000005
30,E85735,Atorvastatin_Tab 20mg,0212000B0AAABAB,1,0.004400000000000015
120,E85024,Atorvastatin_Tab 10mg,0212000B0AAAAAA,1,0.004200000000000023
119,E85600,Atorvastatin_Tab 10mg,0212000B0AAAAAA,1,0.004200000000000023
121,E85625,Atorvastatin_Tab 10mg,0212000B0AAAAAA,1,0.004199999999999975
288,E85716,Eplerenone_Tab 25mg,0202030X0AAAAAA,1,0.004000000000000115
265,E85744,Pregabalin_Cap 75mg,0408010AEAAACAC,1,0.0023999999999999855
122,E85024,Atorvastatin_Tab 10mg,0212000B0AAAAAA,1,0.0021000000000000116
57,E85699,Atorvastatin_Tab 40mg,0212000B0AAACAC,1,0.0020000000000000573
289,E85035,Eplerenone_Tab 25mg,0202030X0AAAAAA,1,0.0015000000000006675
290,E85001,Eplerenone_Tab 25mg,0202030X0AAAAAA,1,0.0014000000000000123
187,E85040,Clopidogrel_Tab 75mg,0209000C0AAAAAA,1,-0.0020999999999999977
188,E85746,Clopidogrel_Tab 75mg,0209000C0AAAAAA,1,-0.0020999999999999977
31,E85004,Atorvastatin_Tab 20mg,0212000B0AAABAB,1,-0.002399999999999902
32,E85713,Atorvastatin_Tab 20mg,0212000B0AAABAB,1,-0.002399999999999902
35,E85035,Atorvastatin_Tab 20mg,0212000B0AAABAB,1,-0.0029999999999998778
34,E85744,Atorvastatin_Tab 20mg,0212000B0AAABAB,1,-0.0029999999999998778
33,E85056,Atorvastatin_Tab 20mg,0212000B0AAABAB,1,-0.0029999999999998778
123,E85071,Atorvastatin_Tab 10mg,0212000B0AAAAAA,1,-0.002999999999999982
189,E85697,Clopidogrel_Tab 75mg,0209000C0AAAAAA,1,-0.0035000000000001003
291,E85699,Eplerenone_Tab 25mg,0202030X0AAAAAA,1,-0.0035999999999996035
124,E85750,Atorvastatin_Tab 10mg,0212000B0AAAAAA,1,-0.003999999999999976
266,E85040,Pregabalin_Cap 75mg,0408010AEAAACAC,2,-0.00420000000000012
36,E85713,Atorvastatin_Tab 20mg,0212000B0AAABAB,1,-0.004499999999999817
125,E85699,Atorvastatin_Tab 10mg,0212000B0AAAAAA,1,-0.004799999999999971
58,E85056,Atorvastatin_Tab 40mg,0212000B0AAACAC,2,-0.0059999999999997555
333,E85040,Losartan Pot_Tab 50mg,0205052N0AAABAB,1,-0.005999999999999964
267,E85001,Pregabalin_Cap 75mg,0408010AEAAACAC,3,-0.0063000000000001805
268,E85681,Pregabalin_Cap 75mg,0408010AEAAACAC,4,-0.00840000000000024
269,E85062,Pregabalin_Cap 75mg,0408010AEAAACAC,4,-0.00840000000000024
334,Y02671,Losartan Pot_Tab 50mg,0205052N0AAABAB,1,-0.008999999999999946
126,Y02671,Atorvastatin_Tab 10mg,0212000B0AAAAAA,1,-0.008999999999999946
270,E85735,Pregabalin_Cap 75mg,0408010AEAAACAC,5,-0.0105000000000003
341,E85113,Losartan Pot_Tab 50mg,0205052N0AAABAB,4,-0.01120000000000003
335,E85115,Losartan Pot_Tab 50mg,0205052N0AAABAB,4,-0.01120000000000003
339,E85658,Losartan Pot_Tab 50mg,0205052N0AAABAB,4,-0.01120000000000003
338,E85700,Losartan Pot_Tab 50mg,0205052N0AAABAB,4,-0.01120000000000003
337,E85734,Losartan Pot_Tab 50mg,0205052N0AAABAB,4,-0.01120000000000003
336,E85024,Losartan Pot_Tab 50mg,0205052N0AAABAB,4,-0.01120000000000003
340,Y02672,Losartan Pot_Tab 50mg,0205052N0AAABAB,4,-0.01120000000000003
342,E85692,Losartan Pot_Tab 50mg,0205052N0AAABAB,5,-0.014000000000000037
343,E85030,Losartan Pot_Tab 50mg,0205052N0AAABAB,6,-0.016800000000000044
292,E85052,Eplerenone_Tab 25mg,0202030X0AAAAAA,4,-0.01759999999999806
294,E85056,Eplerenone_Tab 25mg,0202030X0AAAAAA,4,-0.017599999999999838
293,E85744,Eplerenone_Tab 25mg,0202030X0AAAAAA,4,-0.017599999999999838
295,E85681,Eplerenone_Tab 25mg,0202030X0AAAAAA,4,-0.017599999999999838
296,E85716,Eplerenone_Tab 25mg,0202030X0AAAAAA,4,-0.017599999999999838
297,E85734,Eplerenone_Tab 25mg,0202030X0AAAAAA,4,-0.017599999999999838
298,E85058,Eplerenone_Tab 25mg,0202030X0AAAAAA,4,-0.017599999999999838
299,E85024,Eplerenone_Tab 25mg,0202030X0AAAAAA,4,-0.017599999999999838
190,E85744,Clopidogrel_Tab 75mg,0209000C0AAAAAA,9,-0.01889999999999998
344,E85736,Losartan Pot_Tab 50mg,0205052N0AAABAB,7,-0.01960000000000005
347,E85750,Losartan Pot_Tab 50mg,0205052N0AAABAB,8,-0.02240000000000006
346,E85060,Losartan Pot_Tab 50mg,0205052N0AAABAB,8,-0.02240000000000006
345,E85696,Losartan Pot_Tab 50mg,0205052N0AAABAB,8,-0.02240000000000006
301,E85713,Eplerenone_Tab 25mg,0202030X0AAAAAA,6,-0.026399999999999757
300,E85735,Eplerenone_Tab 25mg,0202030X0AAAAAA,6,-0.026399999999999757
348,E85625,Losartan Pot_Tab 50mg,0205052N0AAABAB,10,-0.028000000000000073
302,E85035,Eplerenone_Tab 25mg,0202030X0AAAAAA,7,-0.030799999999999716
349,E85018,Losartan Pot_Tab 50mg,0205052N0AAABAB,12,-0.03360000000000009
350,E85062,Losartan Pot_Tab 50mg,0205052N0AAABAB,12,-0.03360000000000009
303,E85716,Eplerenone_Tab 25mg,0202030X0AAAAAA,8,-0.03519999999999612
305,E85071,Eplerenone_Tab 25mg,0202030X0AAAAAA,8,-0.035199999999999676
306,E85114,Eplerenone_Tab 25mg,0202030X0AAAAAA,8,-0.035199999999999676
307,E85750,Eplerenone_Tab 25mg,0202030X0AAAAAA,8,-0.035199999999999676
304,E85004,Eplerenone_Tab 25mg,0202030X0AAAAAA,8,-0.035199999999999676
351,E85708,Losartan Pot_Tab 50mg,0205052N0AAABAB,13,-0.0364000000000001
59,E85744,Atorvastatin_Tab 40mg,0212000B0AAACAC,9,-0.03779999999999996
352,E85683,Losartan Pot_Tab 50mg,0205052N0AAABAB,14,-0.0392000000000001
353,E85707,Losartan Pot_Tab 50mg,0205052N0AAABAB,14,-0.0392000000000001
354,E85605,Losartan Pot_Tab 50mg,0205052N0AAABAB,14,-0.0392000000000001
308,E85015,Eplerenone_Tab 25mg,0202030X0AAAAAA,9,-0.039599999999999635
309,E85736,Eplerenone_Tab 25mg,0202030X0AAAAAA,10,-0.043999999999999595
355,E85045,Losartan Pot_Tab 50mg,0205052N0AAABAB,16,-0.04480000000000012
358,E85059,Losartan Pot_Tab 50mg,0205052N0AAABAB,16,-0.04480000000000012
357,E85007,Losartan Pot_Tab 50mg,0205052N0AAABAB,16,-0.04480000000000012
356,E85001,Losartan Pot_Tab 50mg,0205052N0AAABAB,16,-0.04480000000000012
359,Y02671,Losartan Pot_Tab 50mg,0205052N0AAABAB,16,-0.04480000000000012
360,E85126,Losartan Pot_Tab 50mg,0205052N0AAABAB,17,-0.04760000000000013
361,E85744,Losartan Pot_Tab 50mg,0205052N0AAABAB,17,-0.04760000000000013
310,E85605,Eplerenone_Tab 25mg,0202030X0AAAAAA,12,-0.052799999999999514
362,E85681,Losartan Pot_Tab 50mg,0205052N0AAABAB,20,-0.05600000000000015
191,E85062,Clopidogrel_Tab 75mg,0209000C0AAAAAA,27,-0.05670000000000031
311,E85045,Eplerenone_Tab 25mg,0202030X0AAAAAA,13,-0.057199999999999473
363,E85056,Losartan Pot_Tab 50mg,0205052N0AAABAB,22,-0.06160000000000016
364,E85699,Losartan Pot_Tab 50mg,0205052N0AAABAB,23,-0.06440000000000017
312,E85059,Eplerenone_Tab 25mg,0202030X0AAAAAA,15,-0.06599999999999939
365,E85035,Losartan Pot_Tab 50mg,0205052N0AAABAB,24,-0.06720000000000018
366,E85693,Losartan Pot_Tab 50mg,0205052N0AAABAB,24,-0.06720000000000018
367,E85716,Losartan Pot_Tab 50mg,0205052N0AAABAB,28,-0.0784000000000002
368,E85004,Losartan Pot_Tab 50mg,0205052N0AAABAB,28,-0.0784000000000002
369,E85114,Losartan Pot_Tab 50mg,0205052N0AAABAB,28,-0.0784000000000002
370,E85058,Losartan Pot_Tab 50mg,0205052N0AAABAB,29,-0.08120000000000022
371,E85040,Losartan Pot_Tab 50mg,0205052N0AAABAB,35,-0.09800000000000025
372,E85052,Losartan Pot_Tab 50mg,0205052N0AAABAB,55,-0.15400000000000041
