,practice_code,bnf_description,bnf_code,items,excess_cost
190,H81033,Olanzapine_Tab 10mg,040201060AAACAC,1,217.05599999999998
467,H81073,Mesalazine_Tab E/C 800mg,0105010B0AAASAS,1,110.69999999999997
0,H81104,Risperidone_Tab 6mg,040201030AAAFAF,9,65.772
2,H81134,Risperidone_Tab 6mg,040201030AAAFAF,1,58.4192
3,H81019,Risperidone_Tab 6mg,040201030AAAFAF,1,58.4192
1,H81658,Risperidone_Tab 6mg,040201030AAAFAF,1,58.4192
468,H81007,Mesalazine_Tab E/C 800mg,0105010B0AAASAS,1,51.65999999999999
241,H81061,Propranolol HCl_Tab 10mg,0204000R0AAAHAH,1,44.52
469,H81003,Mesalazine_Tab E/C 800mg,0105010B0AAASAS,1,36.89999999999999
4,H81104,Risperidone_Tab 6mg,040201030AAAFAF,1,29.2096
5,H81042,Risperidone_Tab 6mg,040201030AAAFAF,1,29.2096
6,H81087,Risperidone_Tab 6mg,040201030AAAFAF,1,29.2096
7,H81033,Risperidone_Tab 6mg,040201030AAAFAF,1,29.2096
8,H81658,Risperidone_Tab 6mg,040201030AAAFAF,1,29.2096
9,H81020,Clonazepam_Tab 500mcg,0408010F0AAABAB,2,7.593599999999984
458,H81134,Topiramate_Tab 200mg,040801050AAACAC,1,7.469999999999997
459,H81122,Topiramate_Tab 200mg,040801050AAACAC,1,7.469999999999997
10,H81033,Clonazepam_Tab 500mcg,0408010F0AAABAB,11,6.960799999999986
519,H81004,Pyridox HCl_Tab 50mg,0906024N0AAAIAI,1,5.745600000000001
11,H81024,Clonazepam_Tab 500mcg,0408010F0AAABAB,9,5.695199999999988
12,H81033,Clonazepam_Tab 500mcg,0408010F0AAABAB,3,5.695199999999988
476,H81036,Topiramate_Cap 50mg,040801050AAAWAW,1,5.135999999999994
461,H81050,Topiramate_Tab 200mg,040801050AAACAC,1,4.979999999999998
460,H81024,Topiramate_Tab 200mg,040801050AAACAC,2,4.979999999999998
462,H81094,Topiramate_Tab 200mg,040801050AAACAC,1,4.647999999999998
13,H81033,Clonazepam_Tab 500mcg,0408010F0AAABAB,2,4.519999999999991
14,H81004,Clonazepam_Tab 500mcg,0408010F0AAABAB,7,4.429599999999991
487,H81066,Methocarbamol_Tab 750mg,1002020S0AAABAB,9,3.8699999999999983
477,H81034,Topiramate_Cap 50mg,040801050AAAWAW,1,3.8519999999999954
15,H81033,Clonazepam_Tab 500mcg,0408010F0AAABAB,3,3.796799999999992
478,H81033,Topiramate_Cap 50mg,040801050AAAWAW,3,3.6120000000000125
488,H81134,Methocarbamol_Tab 750mg,1002020S0AAABAB,2,3.4399999999999986
16,H81002,Clonazepam_Tab 500mcg,0408010F0AAABAB,3,3.389999999999993
18,H81041,Clonazepam_Tab 500mcg,0408010F0AAABAB,1,3.1639999999999935
21,H81036,Clonazepam_Tab 500mcg,0408010F0AAABAB,5,3.1639999999999935
20,H81061,Clonazepam_Tab 500mcg,0408010F0AAABAB,1,3.1639999999999935
19,H81020,Clonazepam_Tab 500mcg,0408010F0AAABAB,1,3.1639999999999935
17,H81042,Clonazepam_Tab 500mcg,0408010F0AAABAB,5,3.1639999999999935
22,H81033,Clonazepam_Tab 500mcg,0408010F0AAABAB,1,3.0283999999999938
23,H81032,Clonazepam_Tab 500mcg,0408010F0AAABAB,1,2.937999999999994
520,H81104,Pyridox HCl_Tab 50mg,0906024N0AAAIAI,1,2.8728000000000007
26,H81003,Clonazepam_Tab 500mcg,0408010F0AAABAB,9,2.847599999999994
25,H81036,Clonazepam_Tab 500mcg,0408010F0AAABAB,1,2.847599999999994
24,H81050,Clonazepam_Tab 500mcg,0408010F0AAABAB,3,2.847599999999994
191,H81134,Amiodarone HCl_Tab 200mg,0203020D0AAABAB,4,2.8000000000000025
192,H81015,Amiodarone HCl_Tab 200mg,0203020D0AAABAB,4,2.8000000000000025
479,H81057,Topiramate_Cap 50mg,040801050AAAWAW,1,2.567999999999997
482,H81087,Topiramate_Cap 50mg,040801050AAAWAW,2,2.567999999999997
480,H81042,Topiramate_Cap 50mg,040801050AAAWAW,1,2.567999999999997
481,H81658,Topiramate_Cap 50mg,040801050AAAWAW,1,2.567999999999997
27,H81024,Clonazepam_Tab 500mcg,0408010F0AAABAB,2,2.531199999999995
28,H81004,Clonazepam_Tab 500mcg,0408010F0AAABAB,8,2.531199999999995
29,H81050,Clonazepam_Tab 500mcg,0408010F0AAABAB,2,2.531199999999995
30,H81061,Clonazepam_Tab 500mcg,0408010F0AAABAB,2,2.531199999999995
463,H81032,Topiramate_Tab 200mg,040801050AAACAC,1,2.489999999999999
464,H81104,Topiramate_Tab 200mg,040801050AAACAC,1,2.489999999999999
193,H81002,Amiodarone HCl_Tab 200mg,0203020D0AAABAB,7,2.450000000000002
31,H81094,Clonazepam_Tab 500mcg,0408010F0AAABAB,6,2.372999999999995
465,H81024,Topiramate_Tab 200mg,040801050AAACAC,1,2.3183999999999996
37,H81134,Clonazepam_Tab 500mcg,0408010F0AAABAB,2,2.2599999999999953
36,H81642,Clonazepam_Tab 500mcg,0408010F0AAABAB,2,2.2599999999999953
35,H81009,Clonazepam_Tab 500mcg,0408010F0AAABAB,2,2.2599999999999953
34,H81009,Clonazepam_Tab 500mcg,0408010F0AAABAB,1,2.2599999999999953
33,H81042,Clonazepam_Tab 500mcg,0408010F0AAABAB,2,2.2599999999999953
32,H81087,Clonazepam_Tab 500mcg,0408010F0AAABAB,2,2.2599999999999953
38,H81036,Clonazepam_Tab 500mcg,0408010F0AAABAB,7,2.2147999999999954
489,H81134,Methocarbamol_Tab 750mg,1002020S0AAABAB,5,2.149999999999999
194,H81632,Amiodarone HCl_Tab 200mg,0203020D0AAABAB,3,2.100000000000002
39,H81129,Clonazepam_Tab 500mcg,0408010F0AAABAB,1,2.033999999999996
40,H81020,Clonazepam_Tab 500mcg,0408010F0AAABAB,2,2.033999999999996
490,H81134,Methocarbamol_Tab 750mg,1002020S0AAABAB,1,1.9263999999999992
522,H81015,Pyridox HCl_Tab 50mg,0906024N0AAAIAI,1,1.9152000000000005
521,H81036,Pyridox HCl_Tab 50mg,0906024N0AAAIAI,1,1.9152000000000005
53,H81009,Clonazepam_Tab 500mcg,0408010F0AAABAB,4,1.898399999999996
52,H81007,Clonazepam_Tab 500mcg,0408010F0AAABAB,6,1.898399999999996
54,H81073,Clonazepam_Tab 500mcg,0408010F0AAABAB,2,1.898399999999996
55,H81020,Clonazepam_Tab 500mcg,0408010F0AAABAB,1,1.898399999999996
50,H81015,Clonazepam_Tab 500mcg,0408010F0AAABAB,3,1.898399999999996
49,H81025,Clonazepam_Tab 500mcg,0408010F0AAABAB,6,1.898399999999996
48,H81032,Clonazepam_Tab 500mcg,0408010F0AAABAB,3,1.898399999999996
47,H81015,Clonazepam_Tab 500mcg,0408010F0AAABAB,1,1.898399999999996
46,H81042,Clonazepam_Tab 500mcg,0408010F0AAABAB,2,1.898399999999996
45,H81066,Clonazepam_Tab 500mcg,0408010F0AAABAB,3,1.898399999999996
44,H81003,Clonazepam_Tab 500mcg,0408010F0AAABAB,1,1.898399999999996
43,H81009,Clonazepam_Tab 500mcg,0408010F0AAABAB,1,1.898399999999996
42,H81032,Clonazepam_Tab 500mcg,0408010F0AAABAB,1,1.898399999999996
41,H81134,Clonazepam_Tab 500mcg,0408010F0AAABAB,3,1.898399999999996
51,H81033,Clonazepam_Tab 500mcg,0408010F0AAABAB,2,1.898399999999996
195,H81073,Amiodarone HCl_Tab 200mg,0203020D0AAABAB,5,1.7500000000000016
491,H81066,Methocarbamol_Tab 750mg,1002020S0AAABAB,12,1.5840000000000054
62,H81066,Clonazepam_Tab 500mcg,0408010F0AAABAB,5,1.5819999999999967
56,H81032,Clonazepam_Tab 500mcg,0408010F0AAABAB,5,1.5819999999999967
57,H81134,Clonazepam_Tab 500mcg,0408010F0AAABAB,5,1.5819999999999967
58,H81024,Clonazepam_Tab 500mcg,0408010F0AAABAB,5,1.5819999999999967
59,H81087,Clonazepam_Tab 500mcg,0408010F0AAABAB,5,1.5819999999999967
60,H81057,Clonazepam_Tab 500mcg,0408010F0AAABAB,5,1.5819999999999967
61,H81050,Clonazepam_Tab 500mcg,0408010F0AAABAB,1,1.5819999999999967
525,H81025,Pyridox HCl_Tab 50mg,0906024N0AAAIAI,1,1.4364000000000003
524,H81004,Pyridox HCl_Tab 50mg,0906024N0AAAIAI,1,1.4364000000000003
523,H81122,Pyridox HCl_Tab 50mg,0906024N0AAAIAI,1,1.4364000000000003
197,H81004,Amiodarone HCl_Tab 200mg,0203020D0AAABAB,2,1.4000000000000012
203,H81087,Amiodarone HCl_Tab 200mg,0203020D0AAABAB,2,1.4000000000000012
204,H81129,Amiodarone HCl_Tab 200mg,0203020D0AAABAB,4,1.4000000000000012
200,H81061,Amiodarone HCl_Tab 200mg,0203020D0AAABAB,2,1.4000000000000012
199,H81061,Amiodarone HCl_Tab 200mg,0203020D0AAABAB,4,1.4000000000000012
198,H81025,Amiodarone HCl_Tab 200mg,0203020D0AAABAB,2,1.4000000000000012
196,H81032,Amiodarone HCl_Tab 200mg,0203020D0AAABAB,4,1.4000000000000012
202,H81065,Amiodarone HCl_Tab 200mg,0203020D0AAABAB,2,1.4000000000000012
201,H81025,Amiodarone HCl_Tab 200mg,0203020D0AAABAB,4,1.4000000000000012
63,H81134,Clonazepam_Tab 500mcg,0408010F0AAABAB,1,1.3785999999999972
64,H81004,Clonazepam_Tab 500mcg,0408010F0AAABAB,37,1.3652999999999975
69,H81658,Clonazepam_Tab 500mcg,0408010F0AAABAB,2,1.3559999999999972
67,H81122,Clonazepam_Tab 500mcg,0408010F0AAABAB,1,1.3559999999999972
66,H81104,Clonazepam_Tab 500mcg,0408010F0AAABAB,1,1.3559999999999972
65,H81632,Clonazepam_Tab 500mcg,0408010F0AAABAB,1,1.3559999999999972
68,H81643,Clonazepam_Tab 500mcg,0408010F0AAABAB,1,1.3559999999999972
492,H81079,Methocarbamol_Tab 750mg,1002020S0AAABAB,3,1.2899999999999996
485,H81057,Topiramate_Cap 50mg,040801050AAAWAW,1,1.2839999999999985
484,H81050,Topiramate_Cap 50mg,040801050AAAWAW,1,1.2839999999999985
483,H81015,Topiramate_Cap 50mg,040801050AAAWAW,1,1.2839999999999985
89,H81002,Clonazepam_Tab 500mcg,0408010F0AAABAB,1,1.2655999999999974
88,H81061,Clonazepam_Tab 500mcg,0408010F0AAABAB,2,1.2655999999999974
83,H81642,Clonazepam_Tab 500mcg,0408010F0AAABAB,2,1.2655999999999974
85,H81095,Clonazepam_Tab 500mcg,0408010F0AAABAB,2,1.2655999999999974
86,H81032,Clonazepam_Tab 500mcg,0408010F0AAABAB,1,1.2655999999999974
87,H81025,Clonazepam_Tab 500mcg,0408010F0AAABAB,1,1.2655999999999974
82,H81094,Clonazepam_Tab 500mcg,0408010F0AAABAB,2,1.2655999999999974
90,H81065,Clonazepam_Tab 500mcg,0408010F0AAABAB,1,1.2655999999999974
91,H81632,Clonazepam_Tab 500mcg,0408010F0AAABAB,1,1.2655999999999974
92,H81025,Clonazepam_Tab 500mcg,0408010F0AAABAB,2,1.2655999999999974
93,H81095,Clonazepam_Tab 500mcg,0408010F0AAABAB,1,1.2655999999999974
94,H81642,Clonazepam_Tab 500mcg,0408010F0AAABAB,1,1.2655999999999974
81,H81020,Clonazepam_Tab 500mcg,0408010F0AAABAB,4,1.2655999999999974
80,H81019,Clonazepam_Tab 500mcg,0408010F0AAABAB,1,1.2655999999999974
79,H81034,Clonazepam_Tab 500mcg,0408010F0AAABAB,4,1.2655999999999974
78,H81111,Clonazepam_Tab 500mcg,0408010F0AAABAB,2,1.2655999999999974
77,H81003,Clonazepam_Tab 500mcg,0408010F0AAABAB,2,1.2655999999999974
76,H81087,Clonazepam_Tab 500mcg,0408010F0AAABAB,2,1.2655999999999974
75,H81658,Clonazepam_Tab 500mcg,0408010F0AAABAB,1,1.2655999999999974
74,H81009,Clonazepam_Tab 500mcg,0408010F0AAABAB,2,1.2655999999999974
73,H81003,Clonazepam_Tab 500mcg,0408010F0AAABAB,1,1.2655999999999974
72,H81033,Clonazepam_Tab 500mcg,0408010F0AAABAB,4,1.2655999999999974
71,H81073,Clonazepam_Tab 500mcg,0408010F0AAABAB,4,1.2655999999999974
70,H81041,Clonazepam_Tab 500mcg,0408010F0AAABAB,2,1.2655999999999974
84,H81065,Clonazepam_Tab 500mcg,0408010F0AAABAB,4,1.2655999999999974
486,H81131,Topiramate_Cap 50mg,040801050AAAWAW,4,1.1927999999999992
466,H81033,Topiramate_Tab 200mg,040801050AAACAC,1,1.1647999999999992
95,H81066,Clonazepam_Tab 500mcg,0408010F0AAABAB,2,1.1399999999999966
96,H81057,Clonazepam_Tab 500mcg,0408010F0AAABAB,1,1.1299999999999977
97,H81036,Clonazepam_Tab 500mcg,0408010F0AAABAB,1,1.1299999999999977
98,H81095,Clonazepam_Tab 500mcg,0408010F0AAABAB,1,1.1299999999999977
99,H81033,Clonazepam_Tab 500mcg,0408010F0AAABAB,1,1.1299999999999977
100,H81050,Clonazepam_Tab 500mcg,0408010F0AAABAB,1,1.1299999999999977
101,H81003,Clonazepam_Tab 500mcg,0408010F0AAABAB,1,1.1299999999999977
493,H81134,Methocarbamol_Tab 750mg,1002020S0AAABAB,1,1.0835999999999997
206,H81087,Amiodarone HCl_Tab 200mg,0203020D0AAABAB,3,1.050000000000001
210,H81094,Amiodarone HCl_Tab 200mg,0203020D0AAABAB,3,1.050000000000001
209,H81003,Amiodarone HCl_Tab 200mg,0203020D0AAABAB,1,1.050000000000001
208,H81025,Amiodarone HCl_Tab 200mg,0203020D0AAABAB,1,1.050000000000001
207,H81642,Amiodarone HCl_Tab 200mg,0203020D0AAABAB,3,1.050000000000001
205,H81042,Amiodarone HCl_Tab 200mg,0203020D0AAABAB,3,1.050000000000001
527,H81104,Pyridox HCl_Tab 50mg,0906024N0AAAIAI,1,1.0260000000000002
526,H81003,Pyridox HCl_Tab 50mg,0906024N0AAAIAI,1,1.0260000000000002
494,H81036,Methocarbamol_Tab 750mg,1002020S0AAABAB,1,0.9631999999999996
528,H81002,Pyridox HCl_Tab 50mg,0906024N0AAAIAI,1,0.9576000000000002
529,H81020,Pyridox HCl_Tab 50mg,0906024N0AAAIAI,4,0.9576000000000002
530,H81020,Pyridox HCl_Tab 50mg,0906024N0AAAIAI,1,0.9576000000000002
116,H81003,Clonazepam_Tab 500mcg,0408010F0AAABAB,4,0.949199999999998
109,H81032,Clonazepam_Tab 500mcg,0408010F0AAABAB,1,0.949199999999998
115,H81020,Clonazepam_Tab 500mcg,0408010F0AAABAB,1,0.949199999999998
112,H81641,Clonazepam_Tab 500mcg,0408010F0AAABAB,1,0.949199999999998
111,H81003,Clonazepam_Tab 500mcg,0408010F0AAABAB,1,0.949199999999998
113,H81658,Clonazepam_Tab 500mcg,0408010F0AAABAB,3,0.949199999999998
110,H81642,Clonazepam_Tab 500mcg,0408010F0AAABAB,1,0.949199999999998
114,H81061,Clonazepam_Tab 500mcg,0408010F0AAABAB,1,0.949199999999998
108,H81002,Clonazepam_Tab 500mcg,0408010F0AAABAB,1,0.949199999999998
105,H81134,Clonazepam_Tab 500mcg,0408010F0AAABAB,1,0.949199999999998
102,H81094,Clonazepam_Tab 500mcg,0408010F0AAABAB,3,0.949199999999998
103,H81007,Clonazepam_Tab 500mcg,0408010F0AAABAB,1,0.949199999999998
104,H81663,Clonazepam_Tab 500mcg,0408010F0AAABAB,1,0.949199999999998
107,H81004,Clonazepam_Tab 500mcg,0408010F0AAABAB,1,0.949199999999998
106,H81004,Clonazepam_Tab 500mcg,0408010F0AAABAB,4,0.949199999999998
117,H81020,Clonazepam_Tab 500mcg,0408010F0AAABAB,2,0.9039999999999981
118,H81066,Clonazepam_Tab 500mcg,0408010F0AAABAB,11,0.8700999999999982
495,H81134,Methocarbamol_Tab 750mg,1002020S0AAABAB,1,0.8599999999999997
496,H81079,Methocarbamol_Tab 750mg,1002020S0AAABAB,6,0.7920000000000027
119,H81073,Clonazepam_Tab 500mcg,0408010F0AAABAB,5,0.7909999999999984
120,H81003,Clonazepam_Tab 500mcg,0408010F0AAABAB,5,0.7909999999999984
121,H81042,Clonazepam_Tab 500mcg,0408010F0AAABAB,5,0.7909999999999984
497,H81065,Methocarbamol_Tab 750mg,1002020S0AAABAB,3,0.7223999999999997
222,H81007,Amiodarone HCl_Tab 200mg,0203020D0AAABAB,1,0.7000000000000006
227,H81036,Amiodarone HCl_Tab 200mg,0203020D0AAABAB,2,0.7000000000000006
226,H81033,Amiodarone HCl_Tab 200mg,0203020D0AAABAB,2,0.7000000000000006
225,H81041,Amiodarone HCl_Tab 200mg,0203020D0AAABAB,1,0.7000000000000006
224,H81036,Amiodarone HCl_Tab 200mg,0203020D0AAABAB,1,0.7000000000000006
223,H81020,Amiodarone HCl_Tab 200mg,0203020D0AAABAB,1,0.7000000000000006
211,H81642,Amiodarone HCl_Tab 200mg,0203020D0AAABAB,1,0.7000000000000006
212,H81002,Amiodarone HCl_Tab 200mg,0203020D0AAABAB,1,0.7000000000000006
213,H81057,Amiodarone HCl_Tab 200mg,0203020D0AAABAB,1,0.7000000000000006
214,H81042,Amiodarone HCl_Tab 200mg,0203020D0AAABAB,1,0.7000000000000006
215,H81066,Amiodarone HCl_Tab 200mg,0203020D0AAABAB,1,0.7000000000000006
216,H81050,Amiodarone HCl_Tab 200mg,0203020D0AAABAB,1,0.7000000000000006
217,H81024,Amiodarone HCl_Tab 200mg,0203020D0AAABAB,1,0.7000000000000006
228,H81073,Amiodarone HCl_Tab 200mg,0203020D0AAABAB,1,0.7000000000000006
219,H81658,Amiodarone HCl_Tab 200mg,0203020D0AAABAB,1,0.7000000000000006
220,H81663,Amiodarone HCl_Tab 200mg,0203020D0AAABAB,2,0.7000000000000006
221,H81007,Amiodarone HCl_Tab 200mg,0203020D0AAABAB,2,0.7000000000000006
218,H81034,Amiodarone HCl_Tab 200mg,0203020D0AAABAB,2,0.7000000000000006
132,H81033,Clonazepam_Tab 500mcg,0408010F0AAABAB,2,0.6779999999999986
131,H81642,Clonazepam_Tab 500mcg,0408010F0AAABAB,1,0.6779999999999986
133,H81095,Clonazepam_Tab 500mcg,0408010F0AAABAB,1,0.6779999999999986
123,H81003,Clonazepam_Tab 500mcg,0408010F0AAABAB,1,0.6779999999999986
124,H81123,Clonazepam_Tab 500mcg,0408010F0AAABAB,1,0.6779999999999986
125,H81094,Clonazepam_Tab 500mcg,0408010F0AAABAB,1,0.6779999999999986
126,H81009,Clonazepam_Tab 500mcg,0408010F0AAABAB,1,0.6779999999999986
127,H81134,Clonazepam_Tab 500mcg,0408010F0AAABAB,1,0.6779999999999986
128,H81033,Clonazepam_Tab 500mcg,0408010F0AAABAB,1,0.6779999999999986
129,H81020,Clonazepam_Tab 500mcg,0408010F0AAABAB,1,0.6779999999999986
130,H81004,Clonazepam_Tab 500mcg,0408010F0AAABAB,1,0.6779999999999986
122,H81042,Clonazepam_Tab 500mcg,0408010F0AAABAB,1,0.6779999999999986
229,H81009,Amiodarone HCl_Tab 200mg,0203020D0AAABAB,8,0.6776
143,H81065,Clonazepam_Tab 500mcg,0408010F0AAABAB,1,0.6327999999999987
142,H81002,Clonazepam_Tab 500mcg,0408010F0AAABAB,1,0.6327999999999987
144,H81050,Clonazepam_Tab 500mcg,0408010F0AAABAB,2,0.6327999999999987
141,H81658,Clonazepam_Tab 500mcg,0408010F0AAABAB,1,0.6327999999999987
140,H81042,Clonazepam_Tab 500mcg,0408010F0AAABAB,2,0.6327999999999987
139,H81034,Clonazepam_Tab 500mcg,0408010F0AAABAB,1,0.6327999999999987
147,H81007,Clonazepam_Tab 500mcg,0408010F0AAABAB,1,0.6327999999999987
148,H81641,Clonazepam_Tab 500mcg,0408010F0AAABAB,4,0.6327999999999987
138,H81073,Clonazepam_Tab 500mcg,0408010F0AAABAB,1,0.6327999999999987
134,H81004,Clonazepam_Tab 500mcg,0408010F0AAABAB,4,0.6327999999999987
137,H81009,Clonazepam_Tab 500mcg,0408010F0AAABAB,2,0.6327999999999987
136,H81079,Clonazepam_Tab 500mcg,0408010F0AAABAB,2,0.6327999999999987
135,H81002,Clonazepam_Tab 500mcg,0408010F0AAABAB,2,0.6327999999999987
146,H81050,Clonazepam_Tab 500mcg,0408010F0AAABAB,1,0.6327999999999987
145,H81019,Clonazepam_Tab 500mcg,0408010F0AAABAB,1,0.6327999999999987
498,H81066,Methocarbamol_Tab 750mg,1002020S0AAABAB,5,0.6300000000000006
149,H81131,Clonazepam_Tab 500mcg,0408010F0AAABAB,1,0.5699999999999983
150,H81007,Clonazepam_Tab 500mcg,0408010F0AAABAB,1,0.5699999999999983
151,H81042,Clonazepam_Tab 500mcg,0408010F0AAABAB,1,0.5699999999999983
152,H81033,Clonazepam_Tab 500mcg,0408010F0AAABAB,1,0.5699999999999983
499,H81066,Methocarbamol_Tab 750mg,1002020S0AAABAB,9,0.5535000000000028
500,H81134,Methocarbamol_Tab 750mg,1002020S0AAABAB,2,0.5040000000000011
501,H81134,Methocarbamol_Tab 750mg,1002020S0AAABAB,2,0.4815999999999998
533,H81015,Pyridox HCl_Tab 50mg,0906024N0AAAIAI,1,0.4788000000000001
532,H81032,Pyridox HCl_Tab 50mg,0906024N0AAAIAI,1,0.4788000000000001
531,H81036,Pyridox HCl_Tab 50mg,0906024N0AAAIAI,1,0.4788000000000001
534,H81020,Pyridox HCl_Tab 50mg,0906024N0AAAIAI,1,0.4788000000000001
155,H81658,Clonazepam_Tab 500mcg,0408010F0AAABAB,3,0.474599999999999
157,H81065,Clonazepam_Tab 500mcg,0408010F0AAABAB,3,0.474599999999999
153,H81015,Clonazepam_Tab 500mcg,0408010F0AAABAB,2,0.474599999999999
154,H81061,Clonazepam_Tab 500mcg,0408010F0AAABAB,3,0.474599999999999
156,H81050,Clonazepam_Tab 500mcg,0408010F0AAABAB,1,0.474599999999999
502,H81066,Methocarbamol_Tab 750mg,1002020S0AAABAB,2,0.4400000000000015
503,H81033,Methocarbamol_Tab 750mg,1002020S0AAABAB,1,0.4299999999999998
504,H81131,Methocarbamol_Tab 750mg,1002020S0AAABAB,1,0.4299999999999998
505,H81041,Methocarbamol_Tab 750mg,1002020S0AAABAB,1,0.4299999999999998
158,H81004,Clonazepam_Tab 500mcg,0408010F0AAABAB,1,0.3954999999999992
506,H81079,Methocarbamol_Tab 750mg,1002020S0AAABAB,1,0.38699999999999984
511,H81134,Methocarbamol_Tab 750mg,1002020S0AAABAB,1,0.36960000000000126
508,H81002,Methocarbamol_Tab 750mg,1002020S0AAABAB,1,0.36960000000000126
509,H81042,Methocarbamol_Tab 750mg,1002020S0AAABAB,1,0.36960000000000126
510,H81065,Methocarbamol_Tab 750mg,1002020S0AAABAB,1,0.36960000000000126
507,H81134,Methocarbamol_Tab 750mg,1002020S0AAABAB,2,0.36960000000000126
512,H81003,Methocarbamol_Tab 750mg,1002020S0AAABAB,1,0.36960000000000126
232,H81015,Amiodarone HCl_Tab 200mg,0203020D0AAABAB,1,0.3500000000000003
230,H81024,Amiodarone HCl_Tab 200mg,0203020D0AAABAB,1,0.3500000000000003
234,H81004,Amiodarone HCl_Tab 200mg,0203020D0AAABAB,1,0.3500000000000003
233,H81111,Amiodarone HCl_Tab 200mg,0203020D0AAABAB,1,0.3500000000000003
231,H81057,Amiodarone HCl_Tab 200mg,0203020D0AAABAB,1,0.3500000000000003
159,H81020,Clonazepam_Tab 500mcg,0408010F0AAABAB,8,0.33919999999999995
160,H81065,Clonazepam_Tab 500mcg,0408010F0AAABAB,1,0.3389999999999993
161,H81009,Clonazepam_Tab 500mcg,0408010F0AAABAB,1,0.3389999999999993
162,H81041,Clonazepam_Tab 500mcg,0408010F0AAABAB,1,0.3389999999999993
163,H81003,Clonazepam_Tab 500mcg,0408010F0AAABAB,1,0.3389999999999993
172,H81036,Clonazepam_Tab 500mcg,0408010F0AAABAB,2,0.31639999999999935
166,H81104,Clonazepam_Tab 500mcg,0408010F0AAABAB,1,0.31639999999999935
171,H81041,Clonazepam_Tab 500mcg,0408010F0AAABAB,2,0.31639999999999935
175,H81003,Clonazepam_Tab 500mcg,0408010F0AAABAB,4,0.31639999999999935
174,H81122,Clonazepam_Tab 500mcg,0408010F0AAABAB,1,0.31639999999999935
173,H81015,Clonazepam_Tab 500mcg,0408010F0AAABAB,1,0.31639999999999935
170,H81004,Clonazepam_Tab 500mcg,0408010F0AAABAB,4,0.31639999999999935
169,H81041,Clonazepam_Tab 500mcg,0408010F0AAABAB,1,0.31639999999999935
176,H81087,Clonazepam_Tab 500mcg,0408010F0AAABAB,2,0.31639999999999935
177,H81007,Clonazepam_Tab 500mcg,0408010F0AAABAB,4,0.31639999999999935
164,H81034,Clonazepam_Tab 500mcg,0408010F0AAABAB,2,0.31639999999999935
165,H81095,Clonazepam_Tab 500mcg,0408010F0AAABAB,2,0.31639999999999935
167,H81032,Clonazepam_Tab 500mcg,0408010F0AAABAB,4,0.31639999999999935
168,H81024,Clonazepam_Tab 500mcg,0408010F0AAABAB,2,0.31639999999999935
178,H81073,Clonazepam_Tab 500mcg,0408010F0AAABAB,1,0.2735999999999992
235,H81642,Amiodarone HCl_Tab 200mg,0203020D0AAABAB,1,0.2646
236,H81122,Amiodarone HCl_Tab 200mg,0203020D0AAABAB,3,0.2541
237,H81095,Amiodarone HCl_Tab 200mg,0203020D0AAABAB,3,0.2541
513,H81065,Methocarbamol_Tab 750mg,1002020S0AAABAB,2,0.2520000000000002
514,H81066,Methocarbamol_Tab 750mg,1002020S0AAABAB,1,0.2407999999999999
515,H81066,Methocarbamol_Tab 750mg,1002020S0AAABAB,2,0.18480000000000063
238,H81642,Amiodarone HCl_Tab 200mg,0203020D0AAABAB,1,0.17920000000000008
239,H81073,Amiodarone HCl_Tab 200mg,0203020D0AAABAB,2,0.1694
179,H81020,Clonazepam_Tab 500mcg,0408010F0AAABAB,1,0.15819999999999967
180,H81015,Clonazepam_Tab 500mcg,0408010F0AAABAB,1,0.15819999999999967
181,H81020,Clonazepam_Tab 500mcg,0408010F0AAABAB,2,0.15819999999999967
182,H81111,Clonazepam_Tab 500mcg,0408010F0AAABAB,1,0.15819999999999967
183,H81033,Clonazepam_Tab 500mcg,0408010F0AAABAB,1,0.15819999999999967
185,H81002,Clonazepam_Tab 500mcg,0408010F0AAABAB,1,0.15819999999999967
186,H81134,Clonazepam_Tab 500mcg,0408010F0AAABAB,1,0.15819999999999967
184,H81009,Clonazepam_Tab 500mcg,0408010F0AAABAB,1,0.15819999999999967
536,H81087,Pyridox HCl_Tab 50mg,0906024N0AAAIAI,1,0.1416000000000004
535,H81134,Pyridox HCl_Tab 50mg,0906024N0AAAIAI,1,0.1416000000000004
516,H81134,Methocarbamol_Tab 750mg,1002020S0AAABAB,1,0.1260000000000001
517,H81066,Methocarbamol_Tab 750mg,1002020S0AAABAB,1,0.10500000000000023
518,H81066,Methocarbamol_Tab 750mg,1002020S0AAABAB,1,0.0880000000000003
537,H81057,Pyridox HCl_Tab 50mg,0906024N0AAAIAI,4,0.08560000000000034
187,H81073,Clonazepam_Tab 500mcg,0408010F0AAABAB,1,0.07909999999999984
240,Y01660,Amiodarone HCl_Tab 200mg,0203020D0AAABAB,1,0.05280000000000007
188,Y01660,Clonazepam_Tab 500mcg,0408010F0AAABAB,1,0.04239999999999999
189,H81073,Clonazepam_Tab 500mcg,0408010F0AAABAB,1,0.04239999999999999
242,H81025,Propranolol HCl_Tab 10mg,0204000R0AAAHAH,2,0.012000000000000344
243,H81024,Propranolol HCl_Tab 10mg,0204000R0AAAHAH,2,0.012000000000000344
244,H81042,Propranolol HCl_Tab 10mg,0204000R0AAAHAH,1,0.011600000000000332
470,H81007,Mesalazine_Tab E/C 800mg,0105010B0AAASAS,1,0.008999999999999009
246,H81004,Propranolol HCl_Tab 10mg,0204000R0AAAHAH,1,0.006000000000000172
247,H81042,Propranolol HCl_Tab 10mg,0204000R0AAAHAH,1,0.006000000000000172
248,H81003,Propranolol HCl_Tab 10mg,0204000R0AAAHAH,1,0.006000000000000172
245,H81041,Propranolol HCl_Tab 10mg,0204000R0AAAHAH,1,0.006000000000000172
249,H81019,Propranolol HCl_Tab 10mg,0204000R0AAAHAH,1,0.0043999999999999595
250,H81032,Propranolol HCl_Tab 10mg,0204000R0AAAHAH,2,0.004000000000000115
251,H81024,Propranolol HCl_Tab 10mg,0204000R0AAAHAH,1,0.004000000000000115
310,H81015,Propranolol HCl_Tab 10mg,0204000R0AAAHAH,4,0.0
447,H81073,Propranolol HCl_Tab 10mg,0204000R0AAAHAH,2,0.0
448,H81019,Propranolol HCl_Tab 10mg,0204000R0AAAHAH,1,0.0
449,H81066,Propranolol HCl_Tab 10mg,0204000R0AAAHAH,11,0.0
450,H81134,Propranolol HCl_Tab 10mg,0204000R0AAAHAH,4,0.0
451,H81065,Propranolol HCl_Tab 10mg,0204000R0AAAHAH,1,0.0
452,H81042,Propranolol HCl_Tab 10mg,0204000R0AAAHAH,25,0.0
453,H81015,Propranolol HCl_Tab 10mg,0204000R0AAAHAH,3,0.0
454,H81036,Propranolol HCl_Tab 10mg,0204000R0AAAHAH,8,0.0
311,H81066,Propranolol HCl_Tab 10mg,0204000R0AAAHAH,3,0.0
302,H81079,Propranolol HCl_Tab 10mg,0204000R0AAAHAH,1,0.0
309,H81032,Propranolol HCl_Tab 10mg,0204000R0AAAHAH,6,0.0
308,H81015,Propranolol HCl_Tab 10mg,0204000R0AAAHAH,1,0.0
307,H81129,Propranolol HCl_Tab 10mg,0204000R0AAAHAH,5,0.0
306,H81087,Propranolol HCl_Tab 10mg,0204000R0AAAHAH,1,0.0
305,H81079,Propranolol HCl_Tab 10mg,0204000R0AAAHAH,2,0.0
304,H81033,Propranolol HCl_Tab 10mg,0204000R0AAAHAH,4,0.0
303,H81036,Propranolol HCl_Tab 10mg,0204000R0AAAHAH,2,0.0
445,H81034,Propranolol HCl_Tab 10mg,0204000R0AAAHAH,1,0.0
301,H81129,Propranolol HCl_Tab 10mg,0204000R0AAAHAH,1,0.0
300,H81015,Propranolol HCl_Tab 10mg,0204000R0AAAHAH,2,0.0
446,H81050,Propranolol HCl_Tab 10mg,0204000R0AAAHAH,2,0.0
312,H81129,Propranolol HCl_Tab 10mg,0204000R0AAAHAH,2,0.0
444,H81066,Propranolol HCl_Tab 10mg,0204000R0AAAHAH,1,0.0
432,H81073,Propranolol HCl_Tab 10mg,0204000R0AAAHAH,2,0.0
423,H81095,Propranolol HCl_Tab 10mg,0204000R0AAAHAH,1,0.0
424,H81015,Propranolol HCl_Tab 10mg,0204000R0AAAHAH,1,0.0
313,H81042,Propranolol HCl_Tab 10mg,0204000R0AAAHAH,4,0.0
426,H81004,Propranolol HCl_Tab 10mg,0204000R0AAAHAH,1,0.0
427,H81009,Propranolol HCl_Tab 10mg,0204000R0AAAHAH,8,0.0
428,H81658,Propranolol HCl_Tab 10mg,0204000R0AAAHAH,3,0.0
429,H81134,Propranolol HCl_Tab 10mg,0204000R0AAAHAH,1,0.0
430,H81131,Propranolol HCl_Tab 10mg,0204000R0AAAHAH,4,0.0
431,H81036,Propranolol HCl_Tab 10mg,0204000R0AAAHAH,2,0.0
433,H81664,Propranolol HCl_Tab 10mg,0204000R0AAAHAH,2,0.0
443,H81004,Propranolol HCl_Tab 10mg,0204000R0AAAHAH,4,0.0
434,H81009,Propranolol HCl_Tab 10mg,0204000R0AAAHAH,5,0.0
435,H81033,Propranolol HCl_Tab 10mg,0204000R0AAAHAH,14,0.0
436,H81131,Propranolol HCl_Tab 10mg,0204000R0AAAHAH,1,0.0
299,H81061,Propranolol HCl_Tab 10mg,0204000R0AAAHAH,2,0.0
438,H81033,Propranolol HCl_Tab 10mg,0204000R0AAAHAH,3,0.0
439,H81642,Propranolol HCl_Tab 10mg,0204000R0AAAHAH,2,0.0
440,H81024,Propranolol HCl_Tab 10mg,0204000R0AAAHAH,4,0.0
441,H81122,Propranolol HCl_Tab 10mg,0204000R0AAAHAH,4,0.0
442,H81134,Propranolol HCl_Tab 10mg,0204000R0AAAHAH,4,0.0
437,H81009,Propranolol HCl_Tab 10mg,0204000R0AAAHAH,1,0.0
291,H81131,Propranolol HCl_Tab 10mg,0204000R0AAAHAH,2,0.0
298,H81002,Propranolol HCl_Tab 10mg,0204000R0AAAHAH,2,0.0
262,H81041,Propranolol HCl_Tab 10mg,0204000R0AAAHAH,4,0.0
272,H81025,Propranolol HCl_Tab 10mg,0204000R0AAAHAH,2,0.0
271,H81087,Propranolol HCl_Tab 10mg,0204000R0AAAHAH,1,0.0
270,H81034,Propranolol HCl_Tab 10mg,0204000R0AAAHAH,1,0.0
268,H81004,Propranolol HCl_Tab 10mg,0204000R0AAAHAH,9,0.0
267,H81034,Propranolol HCl_Tab 10mg,0204000R0AAAHAH,3,0.0
266,H81094,Propranolol HCl_Tab 10mg,0204000R0AAAHAH,1,0.0
265,H81664,Propranolol HCl_Tab 10mg,0204000R0AAAHAH,1,0.0
264,H81004,Propranolol HCl_Tab 10mg,0204000R0AAAHAH,2,0.0
263,H81020,Propranolol HCl_Tab 10mg,0204000R0AAAHAH,1,0.0
261,H81079,Propranolol HCl_Tab 10mg,0204000R0AAAHAH,1,0.0
274,H81643,Propranolol HCl_Tab 10mg,0204000R0AAAHAH,1,0.0
260,H81033,Propranolol HCl_Tab 10mg,0204000R0AAAHAH,1,0.0
259,H81123,Propranolol HCl_Tab 10mg,0204000R0AAAHAH,4,0.0
258,H81020,Propranolol HCl_Tab 10mg,0204000R0AAAHAH,2,0.0
257,H81079,Propranolol HCl_Tab 10mg,0204000R0AAAHAH,1,0.0
256,H81036,Propranolol HCl_Tab 10mg,0204000R0AAAHAH,11,0.0
255,H81104,Propranolol HCl_Tab 10mg,0204000R0AAAHAH,2,0.0
254,H81122,Propranolol HCl_Tab 10mg,0204000R0AAAHAH,1,0.0
253,H81057,Propranolol HCl_Tab 10mg,0204000R0AAAHAH,2,0.0
252,H81104,Propranolol HCl_Tab 10mg,0204000R0AAAHAH,2,0.0
273,H81104,Propranolol HCl_Tab 10mg,0204000R0AAAHAH,1,0.0
275,H81111,Propranolol HCl_Tab 10mg,0204000R0AAAHAH,4,0.0
297,H81033,Propranolol HCl_Tab 10mg,0204000R0AAAHAH,5,0.0
287,H81002,Propranolol HCl_Tab 10mg,0204000R0AAAHAH,2,0.0
296,H81041,Propranolol HCl_Tab 10mg,0204000R0AAAHAH,2,0.0
295,H81658,Propranolol HCl_Tab 10mg,0204000R0AAAHAH,2,0.0
294,H81057,Propranolol HCl_Tab 10mg,0204000R0AAAHAH,1,0.0
293,H81032,Propranolol HCl_Tab 10mg,0204000R0AAAHAH,5,0.0
292,H81066,Propranolol HCl_Tab 10mg,0204000R0AAAHAH,17,0.0
421,H81073,Propranolol HCl_Tab 10mg,0204000R0AAAHAH,1,0.0
290,H81033,Propranolol HCl_Tab 10mg,0204000R0AAAHAH,4,0.0
289,H81042,Propranolol HCl_Tab 10mg,0204000R0AAAHAH,1,0.0
288,H81032,Propranolol HCl_Tab 10mg,0204000R0AAAHAH,1,0.0
286,H81042,Propranolol HCl_Tab 10mg,0204000R0AAAHAH,1,0.0
276,H81134,Propranolol HCl_Tab 10mg,0204000R0AAAHAH,7,0.0
285,H81094,Propranolol HCl_Tab 10mg,0204000R0AAAHAH,4,0.0
284,H81003,Propranolol HCl_Tab 10mg,0204000R0AAAHAH,2,0.0
283,H81134,Propranolol HCl_Tab 10mg,0204000R0AAAHAH,1,0.0
282,H81024,Propranolol HCl_Tab 10mg,0204000R0AAAHAH,1,0.0
281,H81122,Propranolol HCl_Tab 10mg,0204000R0AAAHAH,2,0.0
280,H81066,Propranolol HCl_Tab 10mg,0204000R0AAAHAH,5,0.0
279,H81032,Propranolol HCl_Tab 10mg,0204000R0AAAHAH,9,0.0
278,H81050,Propranolol HCl_Tab 10mg,0204000R0AAAHAH,1,0.0
277,H81061,Propranolol HCl_Tab 10mg,0204000R0AAAHAH,2,0.0
422,H81024,Propranolol HCl_Tab 10mg,0204000R0AAAHAH,3,0.0
425,H81065,Propranolol HCl_Tab 10mg,0204000R0AAAHAH,1,0.0
420,H81642,Propranolol HCl_Tab 10mg,0204000R0AAAHAH,1,0.0
355,H81009,Propranolol HCl_Tab 10mg,0204000R0AAAHAH,8,0.0
343,H81033,Propranolol HCl_Tab 10mg,0204000R0AAAHAH,9,0.0
344,H81041,Propranolol HCl_Tab 10mg,0204000R0AAAHAH,2,0.0
345,H81131,Propranolol HCl_Tab 10mg,0204000R0AAAHAH,2,0.0
346,H81033,Propranolol HCl_Tab 10mg,0204000R0AAAHAH,9,0.0
347,H81007,Propranolol HCl_Tab 10mg,0204000R0AAAHAH,9,0.0
348,H81007,Propranolol HCl_Tab 10mg,0204000R0AAAHAH,1,0.0
349,H81663,Propranolol HCl_Tab 10mg,0204000R0AAAHAH,1,0.0
350,H81002,Propranolol HCl_Tab 10mg,0204000R0AAAHAH,6,0.0
351,H81065,Propranolol HCl_Tab 10mg,0204000R0AAAHAH,1,0.0
352,H81658,Propranolol HCl_Tab 10mg,0204000R0AAAHAH,1,0.0
353,H81663,Propranolol HCl_Tab 10mg,0204000R0AAAHAH,1,0.0
354,H81042,Propranolol HCl_Tab 10mg,0204000R0AAAHAH,3,0.0
356,H81073,Propranolol HCl_Tab 10mg,0204000R0AAAHAH,1,0.0
419,H81025,Propranolol HCl_Tab 10mg,0204000R0AAAHAH,4,0.0
357,H81020,Propranolol HCl_Tab 10mg,0204000R0AAAHAH,2,0.0
358,H81658,Propranolol HCl_Tab 10mg,0204000R0AAAHAH,1,0.0
359,H81079,Propranolol HCl_Tab 10mg,0204000R0AAAHAH,3,0.0
360,H81122,Propranolol HCl_Tab 10mg,0204000R0AAAHAH,3,0.0
361,H81036,Propranolol HCl_Tab 10mg,0204000R0AAAHAH,3,0.0
362,H81025,Propranolol HCl_Tab 10mg,0204000R0AAAHAH,1,0.0
363,H81079,Propranolol HCl_Tab 10mg,0204000R0AAAHAH,3,0.0
364,H81050,Propranolol HCl_Tab 10mg,0204000R0AAAHAH,4,0.0
365,H81024,Propranolol HCl_Tab 10mg,0204000R0AAAHAH,4,0.0
366,H81104,Propranolol HCl_Tab 10mg,0204000R0AAAHAH,3,0.0
367,H81009,Propranolol HCl_Tab 10mg,0204000R0AAAHAH,4,0.0
368,H81061,Propranolol HCl_Tab 10mg,0204000R0AAAHAH,3,0.0
342,H81007,Propranolol HCl_Tab 10mg,0204000R0AAAHAH,1,0.0
341,H81025,Propranolol HCl_Tab 10mg,0204000R0AAAHAH,15,0.0
340,H81025,Propranolol HCl_Tab 10mg,0204000R0AAAHAH,2,0.0
339,H81007,Propranolol HCl_Tab 10mg,0204000R0AAAHAH,1,0.0
314,H81015,Propranolol HCl_Tab 10mg,0204000R0AAAHAH,1,0.0
315,H81003,Propranolol HCl_Tab 10mg,0204000R0AAAHAH,8,0.0
316,H81123,Propranolol HCl_Tab 10mg,0204000R0AAAHAH,4,0.0
317,H81104,Propranolol HCl_Tab 10mg,0204000R0AAAHAH,2,0.0
318,H81663,Propranolol HCl_Tab 10mg,0204000R0AAAHAH,1,0.0
319,H81015,Propranolol HCl_Tab 10mg,0204000R0AAAHAH,4,0.0
320,H81134,Propranolol HCl_Tab 10mg,0204000R0AAAHAH,2,0.0
321,H81104,Propranolol HCl_Tab 10mg,0204000R0AAAHAH,1,0.0
322,H81032,Propranolol HCl_Tab 10mg,0204000R0AAAHAH,3,0.0
323,H81032,Propranolol HCl_Tab 10mg,0204000R0AAAHAH,11,0.0
324,H81009,Propranolol HCl_Tab 10mg,0204000R0AAAHAH,3,0.0
325,H81009,Propranolol HCl_Tab 10mg,0204000R0AAAHAH,1,0.0
326,H81094,Propranolol HCl_Tab 10mg,0204000R0AAAHAH,4,0.0
327,H81004,Propranolol HCl_Tab 10mg,0204000R0AAAHAH,3,0.0
328,H81019,Propranolol HCl_Tab 10mg,0204000R0AAAHAH,2,0.0
329,H81094,Propranolol HCl_Tab 10mg,0204000R0AAAHAH,4,0.0
330,H81123,Propranolol HCl_Tab 10mg,0204000R0AAAHAH,3,0.0
331,H81042,Propranolol HCl_Tab 10mg,0204000R0AAAHAH,2,0.0
332,H81658,Propranolol HCl_Tab 10mg,0204000R0AAAHAH,1,0.0
333,H81123,Propranolol HCl_Tab 10mg,0204000R0AAAHAH,2,0.0
334,H81041,Propranolol HCl_Tab 10mg,0204000R0AAAHAH,3,0.0
335,H81036,Propranolol HCl_Tab 10mg,0204000R0AAAHAH,4,0.0
336,H81129,Propranolol HCl_Tab 10mg,0204000R0AAAHAH,1,0.0
337,Y01660,Propranolol HCl_Tab 10mg,0204000R0AAAHAH,3,0.0
338,H81020,Propranolol HCl_Tab 10mg,0204000R0AAAHAH,1,0.0
369,H81073,Propranolol HCl_Tab 10mg,0204000R0AAAHAH,5,0.0
370,H81020,Propranolol HCl_Tab 10mg,0204000R0AAAHAH,3,0.0
371,H81066,Propranolol HCl_Tab 10mg,0204000R0AAAHAH,2,0.0
392,H81042,Propranolol HCl_Tab 10mg,0204000R0AAAHAH,5,0.0
394,H81632,Propranolol HCl_Tab 10mg,0204000R0AAAHAH,1,0.0
395,H81061,Propranolol HCl_Tab 10mg,0204000R0AAAHAH,8,0.0
396,H81019,Propranolol HCl_Tab 10mg,0204000R0AAAHAH,1,0.0
397,H81079,Propranolol HCl_Tab 10mg,0204000R0AAAHAH,2,0.0
398,H81065,Propranolol HCl_Tab 10mg,0204000R0AAAHAH,1,0.0
399,H81003,Propranolol HCl_Tab 10mg,0204000R0AAAHAH,4,0.0
400,H81087,Propranolol HCl_Tab 10mg,0204000R0AAAHAH,3,0.0
401,H81111,Propranolol HCl_Tab 10mg,0204000R0AAAHAH,1,0.0
402,H81073,Propranolol HCl_Tab 10mg,0204000R0AAAHAH,5,0.0
403,H81658,Propranolol HCl_Tab 10mg,0204000R0AAAHAH,1,0.0
404,H81123,Propranolol HCl_Tab 10mg,0204000R0AAAHAH,5,0.0
405,H81003,Propranolol HCl_Tab 10mg,0204000R0AAAHAH,2,0.0
406,H81024,Propranolol HCl_Tab 10mg,0204000R0AAAHAH,1,0.0
407,H81134,Propranolol HCl_Tab 10mg,0204000R0AAAHAH,2,0.0
408,H81041,Propranolol HCl_Tab 10mg,0204000R0AAAHAH,1,0.0
409,H81032,Propranolol HCl_Tab 10mg,0204000R0AAAHAH,3,0.0
410,H81050,Propranolol HCl_Tab 10mg,0204000R0AAAHAH,1,0.0
411,H81658,Propranolol HCl_Tab 10mg,0204000R0AAAHAH,1,0.0
412,H81131,Propranolol HCl_Tab 10mg,0204000R0AAAHAH,1,0.0
413,H81033,Propranolol HCl_Tab 10mg,0204000R0AAAHAH,1,0.0
414,H81020,Propranolol HCl_Tab 10mg,0204000R0AAAHAH,1,0.0
415,H81020,Propranolol HCl_Tab 10mg,0204000R0AAAHAH,4,0.0
416,H81066,Propranolol HCl_Tab 10mg,0204000R0AAAHAH,1,0.0
417,H81025,Propranolol HCl_Tab 10mg,0204000R0AAAHAH,2,0.0
418,H81019,Propranolol HCl_Tab 10mg,0204000R0AAAHAH,1,0.0
393,H81087,Propranolol HCl_Tab 10mg,0204000R0AAAHAH,1,0.0
391,H81111,Propranolol HCl_Tab 10mg,0204000R0AAAHAH,1,0.0
372,H81094,Propranolol HCl_Tab 10mg,0204000R0AAAHAH,2,0.0
382,H81020,Propranolol HCl_Tab 10mg,0204000R0AAAHAH,1,0.0
373,H81019,Propranolol HCl_Tab 10mg,0204000R0AAAHAH,7,0.0
374,H81050,Propranolol HCl_Tab 10mg,0204000R0AAAHAH,4,0.0
375,H81050,Propranolol HCl_Tab 10mg,0204000R0AAAHAH,2,0.0
376,H81007,Propranolol HCl_Tab 10mg,0204000R0AAAHAH,5,0.0
377,H81042,Propranolol HCl_Tab 10mg,0204000R0AAAHAH,12,0.0
378,H81664,Propranolol HCl_Tab 10mg,0204000R0AAAHAH,2,0.0
379,H81003,Propranolol HCl_Tab 10mg,0204000R0AAAHAH,1,0.0
390,H81094,Propranolol HCl_Tab 10mg,0204000R0AAAHAH,1,0.0
381,H81025,Propranolol HCl_Tab 10mg,0204000R0AAAHAH,7,0.0
380,H81658,Propranolol HCl_Tab 10mg,0204000R0AAAHAH,2,0.0
383,H81057,Propranolol HCl_Tab 10mg,0204000R0AAAHAH,3,0.0
384,H81020,Propranolol HCl_Tab 10mg,0204000R0AAAHAH,5,0.0
385,H81122,Propranolol HCl_Tab 10mg,0204000R0AAAHAH,2,0.0
386,H81003,Propranolol HCl_Tab 10mg,0204000R0AAAHAH,3,0.0
387,H81073,Propranolol HCl_Tab 10mg,0204000R0AAAHAH,1,0.0
388,H81019,Propranolol HCl_Tab 10mg,0204000R0AAAHAH,4,0.0
389,H81061,Propranolol HCl_Tab 10mg,0204000R0AAAHAH,4,0.0
269,H81087,Propranolol HCl_Tab 10mg,0204000R0AAAHAH,1,0.0
456,Y01660,Propranolol HCl_Tab 10mg,0204000R0AAAHAH,1,-0.004000000000000115
455,H81658,Propranolol HCl_Tab 10mg,0204000R0AAAHAH,1,-0.004000000000000115
457,H81066,Propranolol HCl_Tab 10mg,0204000R0AAAHAH,2,-0.006000000000000172
471,H81003,Mesalazine_Tab E/C 800mg,0105010B0AAASAS,1,-17.219999999999995
472,H81007,Mesalazine_Tab E/C 800mg,0105010B0AAASAS,1,-18.441
473,H81034,Mesalazine_Tab E/C 800mg,0105010B0AAASAS,1,-36.89999999999999
474,H81073,Mesalazine_Tab E/C 800mg,0105010B0AAASAS,1,-45.91999999999999
475,H81042,Mesalazine_Tab E/C 800mg,0105010B0AAASAS,1,-45.91999999999999
