,practice_code,bnf_description,bnf_code,items,excess_cost
0,F85007,Amiodarone HCl_Tab 200mg,0203020D0AAABAB,8,0.6776
1,F85007,Clonazepam_Tab 500mcg,0408010F0AAABAB,15,9.018599999999982
2,F85007,Levothyrox Sod_Tab 25mcg,0602010V0AABWBW,20,0.0420000000000012
3,F85007,Mesalazine_Tab E/C 400mg,0105010B0AAAAAA,1,-23.956799999999998
4,F85007,Ropinirole HCl_Tab 5mg,0409010H0AAADAD,1,15.48960000000001
5,F85008,Amiodarone HCl_Tab 200mg,0203020D0AAABAB,4,0.3388
6,F85008,Clonazepam_Tab 500mcg,0408010F0AAABAB,10,4.0115999999999925
7,F85008,Levothyrox Sod_Tab 25mcg,0602010V0AABWBW,57,0.11570000000000331
8,F85008,Pyridox HCl_Tab 50mg,0906024N0AAAIAI,5,5.538800000000002
9,F85013,Amiodarone HCl_Tab 200mg,0203020D0AAABAB,7,1.2082000000000006
10,F85013,Amlodipine_Tab 10mg,0206020A0AAABAB,39,26.535599999999988
11,F85013,Clonazepam_Tab 500mcg,0408010F0AAABAB,13,3.2317999999999936
12,F85013,Levothyrox Sod_Tab 25mcg,0602010V0AABWBW,27,0.05070000000000145
13,F85013,Topiramate_Tab 200mg,040801050AAACAC,3,1.7304000000000006
14,F85014,Amiodarone HCl_Tab 200mg,0203020D0AAABAB,1,0.7000000000000006
15,F85014,Clonazepam_Tab 500mcg,0408010F0AAABAB,9,7.130399999999986
16,F85014,Levothyrox Sod_Tab 25mcg,0602010V0AABWBW,85,0.14620000000000485
17,F85014,Mesalazine_Tab E/C 400mg,0105010B0AAAAAA,1,35.935199999999995
18,F85014,Tetrabenazine_Tab 25mg,0409030C0AAAAAA,10,21.99119999999997
19,F85017,Amiodarone HCl_Tab 200mg,0203020D0AAABAB,2,1.4000000000000012
20,F85017,Levothyrox Sod_Tab 25mcg,0602010V0AABWBW,9,0.020100000000000576
21,F85017,Tetrabenazine_Tab 25mg,0409030C0AAAAAA,1,0.13839999999999986
22,F85019,Amiodarone HCl_Tab 200mg,0203020D0AAABAB,1,0.7000000000000006
23,F85019,Clonazepam_Tab 500mcg,0408010F0AAABAB,5,3.0203999999999946
24,F85019,Levothyrox Sod_Tab 25mcg,0602010V0AABWBW,36,0.07560000000000217
25,F85019,Pyridox HCl_Tab 50mg,0906024N0AAAIAI,1,0.4788000000000001
26,F85019,Topiramate_Tab 200mg,040801050AAACAC,4,1.1536000000000004
27,F85028,Amiodarone HCl_Tab 200mg,0203020D0AAABAB,4,0.3388
28,F85028,Clonazepam_Tab 500mcg,0408010F0AAABAB,2,0.971799999999998
29,F85028,Levothyrox Sod_Tab 25mcg,0602010V0AABWBW,15,0.014700000000000421
30,F85030,Amiodarone HCl_Tab 200mg,0203020D0AAABAB,1,0.7000000000000006
31,F85030,Clonazepam_Tab 500mcg,0408010F0AAABAB,6,3.6385999999999923
32,F85030,Levothyrox Sod_Tab 25mcg,0602010V0AABWBW,57,0.0368000000000033
33,F85030,Mesalazine_Tab E/C 400mg,0105010B0AAAAAA,1,23.956799999999998
34,F85030,Topiramate_Tab 200mg,040801050AAACAC,5,6.955199999999999
35,F85031,Amiodarone HCl_Tab 200mg,0203020D0AAABAB,9,1.3776000000000006
36,F85031,Clonazepam_Tab 500mcg,0408010F0AAABAB,9,1.898399999999996
37,F85031,Levothyrox Sod_Tab 25mcg,0602010V0AABWBW,32,0.06720000000000192
38,F85031,Pyridox HCl_Tab 50mg,0906024N0AAAIAI,1,0.23940000000000006
39,F85034,Amiodarone HCl_Tab 200mg,0203020D0AAABAB,3,1.4000000000000012
40,F85034,Clonazepam_Tab 500mcg,0408010F0AAABAB,1,0.6327999999999987
41,F85034,Levothyrox Sod_Tab 25mcg,0602010V0AABWBW,9,0.029400000000000842
42,F85034,Mesalazine_Tab E/C 400mg,0105010B0AAAAAA,4,-44.44799999999999
43,F85045,Clonazepam_Tab 500mcg,0408010F0AAABAB,1,0.6779999999999986
44,F85045,Levothyrox Sod_Tab 25mcg,0602010V0AABWBW,8,0.01680000000000048
45,F85045,Mesalazine_Tab E/C 400mg,0105010B0AAAAAA,1,-17.112
46,F85046,Amiodarone HCl_Tab 200mg,0203020D0AAABAB,19,2.4052000000000007
47,F85046,Clonazepam_Tab 500mcg,0408010F0AAABAB,2,1.2655999999999974
48,F85046,Levothyrox Sod_Tab 25mcg,0602010V0AABWBW,20,0.0420000000000012
49,F85046,Ropinirole HCl_Tab 5mg,0409010H0AAADAD,1,15.48960000000001
50,F85052,Pyridox HCl_Tab 50mg,0906024N0AAAIAI,1,0.7739999999999997
51,F85060,Amiodarone HCl_Tab 200mg,0203020D0AAABAB,4,0.3388
52,F85060,Levothyrox Sod_Tab 25mcg,0602010V0AABWBW,20,0.0420000000000012
53,F85060,Mesalazine_Tab E/C 400mg,0105010B0AAAAAA,1,23.956799999999998
54,F85060,Pyridox HCl_Tab 50mg,0906024N0AAAIAI,1,0.1416000000000004
55,F85061,Levothyrox Sod_Tab 25mcg,0602010V0AABWBW,20,0.0420000000000012
56,F85063,Amiodarone HCl_Tab 200mg,0203020D0AAABAB,9,1.2929000000000006
57,F85063,Clonazepam_Tab 500mcg,0408010F0AAABAB,17,4.73779999999999
58,F85063,Levothyrox Sod_Tab 25mcg,0602010V0AABWBW,63,0.04640000000000183
59,F85063,Mesalazine_Tab E/C 400mg,0105010B0AAAAAA,1,31.942399999999996
60,F85063,Pyridox HCl_Tab 50mg,0906024N0AAAIAI,1,0.4788000000000001
61,F85063,Tetrabenazine_Tab 25mg,0409030C0AAAAAA,4,0.9995999999999987
62,F85064,Amiodarone HCl_Tab 200mg,0203020D0AAABAB,1,0.7000000000000006
63,F85064,Clonazepam_Tab 500mcg,0408010F0AAABAB,1,0.3389999999999993
64,F85064,Levothyrox Sod_Tab 25mcg,0602010V0AABWBW,26,0.054600000000001564
65,F85065,Clonazepam_Tab 500mcg,0408010F0AAABAB,3,1.5819999999999967
66,F85065,Levothyrox Sod_Tab 25mcg,0602010V0AABWBW,12,0.00840000000000024
67,F85065,Topiramate_Tab 200mg,040801050AAACAC,1,2.489999999999999
68,F85066,Clonazepam_Tab 500mcg,0408010F0AAABAB,6,3.796799999999992
69,F85066,Levothyrox Sod_Tab 25mcg,0602010V0AABWBW,80,0.07600000000000479
70,F85066,Pyridox HCl_Tab 50mg,0906024N0AAAIAI,1,1.4364000000000003
71,F85066,Tetrabenazine_Tab 25mg,0409030C0AAAAAA,1,2.998799999999996
72,F85067,Clonazepam_Tab 500mcg,0408010F0AAABAB,3,1.7175999999999965
73,F85067,Levothyrox Sod_Tab 25mcg,0602010V0AABWBW,4,0.00840000000000024
74,F85067,Mesalazine_Tab E/C 400mg,0105010B0AAAAAA,3,15.982399999999995
75,F85069,Amiodarone HCl_Tab 200mg,0203020D0AAABAB,1,0.7000000000000006
76,F85069,Clonazepam_Tab 500mcg,0408010F0AAABAB,1,0.6779999999999986
77,F85069,Levothyrox Sod_Tab 25mcg,0602010V0AABWBW,32,-0.0063999999999983515
78,F85069,Pyridox HCl_Tab 50mg,0906024N0AAAIAI,1,0.9576000000000002
79,F85069,Risperidone_Tab 6mg,040201030AAAFAF,2,58.4192
80,F85069,Topiramate_Tab 200mg,040801050AAACAC,2,9.959999999999996
81,F85071,Amiodarone HCl_Tab 200mg,0203020D0AAABAB,3,1.050000000000001
82,F85071,Clonazepam_Tab 500mcg,0408010F0AAABAB,4,0.6327999999999987
83,F85071,Levothyrox Sod_Tab 25mcg,0602010V0AABWBW,5,0.01080000000000031
84,F85071,Pyridox HCl_Tab 50mg,0906024N0AAAIAI,1,0.4788000000000001
85,F85615,Amiodarone HCl_Tab 200mg,0203020D0AAABAB,1,0.3500000000000003
86,F85615,Clonazepam_Tab 500mcg,0408010F0AAABAB,5,3.796799999999992
87,F85615,Levothyrox Sod_Tab 25mcg,0602010V0AABWBW,8,0.01680000000000048
88,F85623,Levothyrox Sod_Tab 25mcg,0602010V0AABWBW,25,0.052500000000001504
89,F85623,Topiramate_Tab 200mg,040801050AAACAC,2,4.979999999999998
90,F85628,Amiodarone HCl_Tab 200mg,0203020D0AAABAB,4,0.3388
91,F85628,Clonazepam_Tab 500mcg,0408010F0AAABAB,2,1.2655999999999974
92,F85628,Levothyrox Sod_Tab 25mcg,0602010V0AABWBW,1,0.00210000000000006
93,F85628,Mesalazine_Tab E/C 400mg,0105010B0AAAAAA,2,6.844799999999999
94,F85640,Amiodarone HCl_Tab 200mg,0203020D0AAABAB,10,2.777600000000002
95,F85640,Clonazepam_Tab 500mcg,0408010F0AAABAB,2,1.5819999999999967
96,F85640,Levothyrox Sod_Tab 25mcg,0602010V0AABWBW,14,-0.017099999999999366
97,F85640,Mesalazine_Tab E/C 400mg,0105010B0AAAAAA,1,47.913599999999995
98,F85645,Clonazepam_Tab 500mcg,0408010F0AAABAB,3,3.6385999999999923
99,F85645,Levothyrox Sod_Tab 25mcg,0602010V0AABWBW,8,0.01680000000000048
100,F85645,Mesalazine_Tab E/C 400mg,0105010B0AAAAAA,1,34.224
101,F85669,Clonazepam_Tab 500mcg,0408010F0AAABAB,8,1.2655999999999974
102,F85669,Levothyrox Sod_Tab 25mcg,0602010V0AABWBW,22,0.048300000000001383
103,F85669,Mesalazine_Tab E/C 400mg,0105010B0AAAAAA,18,201.9888
104,F85675,Amiodarone HCl_Tab 200mg,0203020D0AAABAB,5,0.6888000000000003
105,F85675,Clonazepam_Tab 500mcg,0408010F0AAABAB,2,1.6497999999999966
106,F85675,Levothyrox Sod_Tab 25mcg,0602010V0AABWBW,42,0.08820000000000253
107,F85675,Mesalazine_Tab E/C 400mg,0105010B0AAAAAA,1,-12.833999999999998
108,F85675,Pyridox HCl_Tab 50mg,0906024N0AAAIAI,2,0.9576000000000002
109,F85675,Tetrabenazine_Tab 25mg,0409030C0AAAAAA,1,0.9995999999999987
110,F85688,Amiodarone HCl_Tab 200mg,0203020D0AAABAB,2,1.4000000000000012
111,F85688,Clonazepam_Tab 500mcg,0408010F0AAABAB,3,2.734599999999994
112,F85688,Levothyrox Sod_Tab 25mcg,0602010V0AABWBW,14,0.029400000000000842
113,F85688,Mesalazine_Tab E/C 400mg,0105010B0AAAAAA,1,23.956799999999998
114,F85697,Clonazepam_Tab 500mcg,0408010F0AAABAB,8,1.2655999999999974
115,F85697,Levothyrox Sod_Tab 25mcg,0602010V0AABWBW,4,-0.00840000000000024
116,F85697,Pyridox HCl_Tab 50mg,0906024N0AAAIAI,2,7.660800000000002
117,F85697,Tetrabenazine_Tab 25mg,0409030C0AAAAAA,4,1.9991999999999974
118,F85705,Clonazepam_Tab 500mcg,0408010F0AAABAB,14,3.850599999999992
119,F85705,Levothyrox Sod_Tab 25mcg,0602010V0AABWBW,52,0.10920000000000313
120,F85705,Mesalazine_Tab E/C 400mg,0105010B0AAAAAA,1,-12.833999999999998
121,Y01655,Clonazepam_Tab 500mcg,0408010F0AAABAB,2,1.1073999999999977
122,Y01655,Levothyrox Sod_Tab 25mcg,0602010V0AABWBW,26,0.03640000000000165
123,Y01655,Mesalazine_Tab E/C 400mg,0105010B0AAAAAA,1,47.913599999999995
124,Y02117,Amiodarone HCl_Tab 200mg,0203020D0AAABAB,1,1.050000000000001
125,Y02117,Clonazepam_Tab 500mcg,0408010F0AAABAB,1,1.2655999999999974
126,Y02117,Levothyrox Sod_Tab 25mcg,0602010V0AABWBW,1,-0.003000000000000086
127,Y02117,Mesalazine_Tab E/C 400mg,0105010B0AAAAAA,1,51.33599999999999
128,Y02117,Tetrabenazine_Tab 25mg,0409030C0AAAAAA,1,0.49979999999999936
129,Y03035,Amiodarone HCl_Tab 200mg,0203020D0AAABAB,9,1.3776000000000006
130,Y03035,Clonazepam_Tab 500mcg,0408010F0AAABAB,22,4.339199999999991
131,Y03035,Levothyrox Sod_Tab 25mcg,0602010V0AABWBW,116,0.22270000000000653
132,Y03035,Pyridox HCl_Tab 50mg,0906024N0AAAIAI,1,0.9576000000000002
133,Y03035,Risperidone_Tab 6mg,040201030AAAFAF,8,58.464
134,Y03135,Amiodarone HCl_Tab 200mg,0203020D0AAABAB,21,2.3940000000000006
135,Y03135,Clonazepam_Tab 500mcg,0408010F0AAABAB,13,3.480399999999993
136,Y03135,Levothyrox Sod_Tab 25mcg,0602010V0AABWBW,21,158.491
137,Y03135,Pyridox HCl_Tab 50mg,0906024N0AAAIAI,9,4.309200000000001
138,Y05330,Clonazepam_Tab 500mcg,0408010F0AAABAB,1,0.15819999999999967
