,practice_code,bnf_description,bnf_code,items,excess_cost
155,B82016,Azithromycin_Tab 250mg,0501050A0AAAGAG,3,206.88479999999998
178,B82091,Phenytoin_Sod Tab 100mg,0408010Q0AAAGAG,3,142.14
146,B82059,Atorvastatin_Tab 20mg,0212000B0AAABAB,138,135.24
147,B82060,Atorvastatin_Tab 20mg,0212000B0AAABAB,309,90.84600000000002
148,B82013,Atorvastatin_Tab 20mg,0212000B0AAABAB,34,90.2496
241,B82060,Aripiprazole_Tab 5mg,0402010ADAAADAD,4,86.184
257,B82014,Quetiapine_Tab 200mg,0402010ABAAADAD,1,77.9632
1,B82013,Paracet_Tab 500mg,0407010H0AAAMAM,75,72.24000000000002
0,B82013,Paracet_Tab 500mg,0407010H0AAAMAM,75,72.24000000000002
168,B82032,Memantine HCl_Tab 20mg,0411000G0AAADAD,20,63.896
167,B82014,Memantine HCl_Tab 20mg,0411000G0AAADAD,20,63.896
169,B82060,Memantine HCl_Tab 20mg,0411000G0AAADAD,22,63.87920000000001
197,B82032,Sumatriptan_Tab 50mg,0407041T0AAAFAF,5,55.001999999999995
265,B82059,Montelukast_Tab 10mg,0303020G0AAABAB,10,48.77599999999999
179,B82091,Atorvastatin_Tab 10mg,0212000B0AAAAAA,16,46.502399999999994
149,B82014,Atorvastatin_Tab 20mg,0212000B0AAABAB,57,45.326400000000014
150,B82059,Atorvastatin_Tab 20mg,0212000B0AAABAB,218,45.169600000000024
3,B82059,Paracet_Tab 500mg,0407010H0AAAMAM,112,30.240000000000013
2,B82059,Paracet_Tab 500mg,0407010H0AAAMAM,112,30.240000000000013
5,B82060,Paracet_Tab 500mg,0407010H0AAAMAM,77,27.71999999999999
4,B82060,Paracet_Tab 500mg,0407010H0AAAMAM,77,27.71999999999999
198,B82032,Sumatriptan_Tab 50mg,0407041T0AAAFAF,10,27.504
156,B82014,Azithromycin_Tab 250mg,0501050A0AAAGAG,1,25.86
266,B82013,Montelukast_Tab 10mg,0303020G0AAABAB,47,24.345999999999993
151,B82069,Atorvastatin_Tab 20mg,0212000B0AAABAB,314,23.73840000000001
180,B82059,Atorvastatin_Tab 10mg,0212000B0AAAAAA,34,23.228800000000003
181,B82027,Atorvastatin_Tab 10mg,0212000B0AAAAAA,70,23.12800000000001
152,B82012,Atorvastatin_Tab 20mg,0212000B0AAABAB,370,22.792000000000005
153,B82014,Atorvastatin_Tab 20mg,0212000B0AAABAB,91,22.677200000000013
154,B82032,Atorvastatin_Tab 20mg,0212000B0AAABAB,426,22.66320000000007
7,B82014,Paracet_Tab 500mg,0407010H0AAAMAM,33,19.958400000000008
6,B82014,Paracet_Tab 500mg,0407010H0AAAMAM,33,19.958400000000008
9,B82059,Paracet_Tab 500mg,0407010H0AAAMAM,82,19.679999999999996
8,B82059,Paracet_Tab 500mg,0407010H0AAAMAM,82,19.679999999999996
11,B82069,Paracet_Tab 500mg,0407010H0AAAMAM,100,15.000000000000014
10,B82069,Paracet_Tab 500mg,0407010H0AAAMAM,100,15.000000000000014
12,B82060,Paracet_Tab 500mg,0407010H0AAAMAM,148,14.800000000000013
13,B82060,Paracet_Tab 500mg,0407010H0AAAMAM,148,14.800000000000013
15,B82060,Paracet_Tab 500mg,0407010H0AAAMAM,101,11.31200000000001
14,B82060,Paracet_Tab 500mg,0407010H0AAAMAM,101,11.31200000000001
16,B82069,Paracet_Tab 500mg,0407010H0AAAMAM,21,11.289600000000013
17,B82069,Paracet_Tab 500mg,0407010H0AAAMAM,21,11.289600000000013
18,B82059,Paracet_Tab 500mg,0407010H0AAAMAM,10,11.200000000000003
19,B82059,Paracet_Tab 500mg,0407010H0AAAMAM,10,11.200000000000003
20,B82091,Paracet_Tab 500mg,0407010H0AAAMAM,49,10.290000000000006
21,B82091,Paracet_Tab 500mg,0407010H0AAAMAM,49,10.290000000000006
22,B82016,Paracet_Tab 500mg,0407010H0AAAMAM,39,10.139999999999993
23,B82016,Paracet_Tab 500mg,0407010H0AAAMAM,39,10.139999999999993
25,B82069,Paracet_Tab 500mg,0407010H0AAAMAM,23,10.120000000000003
24,B82069,Paracet_Tab 500mg,0407010H0AAAMAM,23,10.120000000000003
26,B82027,Paracet_Tab 500mg,0407010H0AAAMAM,56,8.960000000000024
27,B82027,Paracet_Tab 500mg,0407010H0AAAMAM,56,8.960000000000024
28,B82091,Paracet_Tab 500mg,0407010H0AAAMAM,20,8.800000000000002
29,B82091,Paracet_Tab 500mg,0407010H0AAAMAM,20,8.800000000000002
199,B82067,Sumatriptan_Tab 50mg,0407041T0AAAFAF,15,6.506999999999993
30,B82069,Paracet_Tab 500mg,0407010H0AAAMAM,1,6.4384
31,B82069,Paracet_Tab 500mg,0407010H0AAAMAM,1,6.4384
33,B82069,Paracet_Tab 500mg,0407010H0AAAMAM,2,6.024
32,B82069,Paracet_Tab 500mg,0407010H0AAAMAM,2,6.024
34,B82060,Paracet_Tab 500mg,0407010H0AAAMAM,9,5.644800000000001
35,B82060,Paracet_Tab 500mg,0407010H0AAAMAM,9,5.644800000000001
36,B82032,Paracet_Tab 500mg,0407010H0AAAMAM,155,4.650000000000025
37,B82032,Paracet_Tab 500mg,0407010H0AAAMAM,155,4.650000000000025
38,B82016,Paracet_Tab 500mg,0407010H0AAAMAM,45,4.5000000000000036
39,B82016,Paracet_Tab 500mg,0407010H0AAAMAM,45,4.5000000000000036
41,B82012,Paracet_Tab 500mg,0407010H0AAAMAM,95,3.80000000000001
40,B82012,Paracet_Tab 500mg,0407010H0AAAMAM,95,3.80000000000001
42,B82027,Paracet_Tab 500mg,0407010H0AAAMAM,2,3.2256000000000005
43,B82027,Paracet_Tab 500mg,0407010H0AAAMAM,2,3.2256000000000005
45,B82016,Paracet_Tab 500mg,0407010H0AAAMAM,10,3.192
44,B82016,Paracet_Tab 500mg,0407010H0AAAMAM,10,3.192
46,B82014,Paracet_Tab 500mg,0407010H0AAAMAM,55,2.200000000000006
47,B82014,Paracet_Tab 500mg,0407010H0AAAMAM,55,2.200000000000006
48,B82032,Paracet_Tab 500mg,0407010H0AAAMAM,100,1.999999999999988
49,B82032,Paracet_Tab 500mg,0407010H0AAAMAM,100,1.999999999999988
50,B82014,Paracet_Tab 500mg,0407010H0AAAMAM,1,0.14399999999999996
51,B82014,Paracet_Tab 500mg,0407010H0AAAMAM,1,0.14399999999999996
52,B82036,Paracet_Tab 500mg,0407010H0AAAMAM,16,0.09599999999999942
53,B82036,Paracet_Tab 500mg,0407010H0AAAMAM,16,0.09599999999999942
54,B82060,Paracet_Tab 500mg,0407010H0AAAMAM,11,0.0659999999999996
55,B82060,Paracet_Tab 500mg,0407010H0AAAMAM,11,0.0659999999999996
170,B82004,Memantine HCl_Tab 20mg,0411000G0AAADAD,9,0.04409999999999995
182,B82030,Atorvastatin_Tab 10mg,0212000B0AAAAAA,20,0.04200000000000023
56,B82067,Paracet_Tab 500mg,0407010H0AAAMAM,6,0.03599999999999978
57,B82067,Paracet_Tab 500mg,0407010H0AAAMAM,6,0.03599999999999978
171,B82012,Memantine HCl_Tab 20mg,0411000G0AAADAD,5,0.024499999999999973
58,B82014,Paracet_Tab 500mg,0407010H0AAAMAM,4,0.023999999999999855
59,B82014,Paracet_Tab 500mg,0407010H0AAAMAM,4,0.023999999999999855
60,B82057,Paracet_Tab 500mg,0407010H0AAAMAM,8,0.022399999999999864
61,B82057,Paracet_Tab 500mg,0407010H0AAAMAM,8,0.022399999999999864
172,B82059,Memantine HCl_Tab 20mg,0411000G0AAADAD,4,0.01959999999999998
64,B82012,Paracet_Tab 500mg,0407010H0AAAMAM,7,0.01959999999999988
63,B82030,Paracet_Tab 500mg,0407010H0AAAMAM,7,0.01959999999999988
65,B82012,Paracet_Tab 500mg,0407010H0AAAMAM,7,0.01959999999999988
62,B82030,Paracet_Tab 500mg,0407010H0AAAMAM,7,0.01959999999999988
66,B82057,Paracet_Tab 500mg,0407010H0AAAMAM,3,0.01799999999999989
67,B82069,Paracet_Tab 500mg,0407010H0AAAMAM,3,0.01799999999999989
68,B82016,Paracet_Tab 500mg,0407010H0AAAMAM,3,0.01799999999999989
69,B82016,Paracet_Tab 500mg,0407010H0AAAMAM,3,0.01799999999999989
70,B82069,Paracet_Tab 500mg,0407010H0AAAMAM,3,0.01799999999999989
71,B82057,Paracet_Tab 500mg,0407010H0AAAMAM,3,0.01799999999999989
183,B82012,Atorvastatin_Tab 10mg,0212000B0AAAAAA,8,0.016800000000000093
74,B82013,Paracet_Tab 500mg,0407010H0AAAMAM,1,0.0167999999999999
72,B82027,Paracet_Tab 500mg,0407010H0AAAMAM,4,0.0167999999999999
75,B82012,Paracet_Tab 500mg,0407010H0AAAMAM,4,0.0167999999999999
76,B82013,Paracet_Tab 500mg,0407010H0AAAMAM,1,0.0167999999999999
77,B82027,Paracet_Tab 500mg,0407010H0AAAMAM,4,0.0167999999999999
73,B82012,Paracet_Tab 500mg,0407010H0AAAMAM,4,0.0167999999999999
173,B82060,Memantine HCl_Tab 20mg,0411000G0AAADAD,3,0.014699999999999984
174,B82057,Memantine HCl_Tab 20mg,0411000G0AAADAD,3,0.014699999999999984
79,B82004,Paracet_Tab 500mg,0407010H0AAAMAM,3,0.012599999999999924
78,B82004,Paracet_Tab 500mg,0407010H0AAAMAM,3,0.012599999999999924
84,B82010,Paracet_Tab 500mg,0407010H0AAAMAM,2,0.011999999999999927
83,B82008,Paracet_Tab 500mg,0407010H0AAAMAM,2,0.011999999999999927
85,B82027,Paracet_Tab 500mg,0407010H0AAAMAM,2,0.011999999999999927
81,B82027,Paracet_Tab 500mg,0407010H0AAAMAM,2,0.011999999999999927
80,B82010,Paracet_Tab 500mg,0407010H0AAAMAM,2,0.011999999999999927
82,B82008,Paracet_Tab 500mg,0407010H0AAAMAM,2,0.011999999999999927
89,B82013,Paracet_Tab 500mg,0407010H0AAAMAM,4,0.011199999999999932
86,B82027,Paracet_Tab 500mg,0407010H0AAAMAM,4,0.011199999999999932
87,B82013,Paracet_Tab 500mg,0407010H0AAAMAM,4,0.011199999999999932
88,B82027,Paracet_Tab 500mg,0407010H0AAAMAM,4,0.011199999999999932
184,B82027,Atorvastatin_Tab 10mg,0212000B0AAAAAA,5,0.010500000000000058
242,B82016,Aripiprazole_Tab 5mg,0402010ADAAADAD,5,0.010499999999998844
157,B82030,Azithromycin_Tab 250mg,0501050A0AAAGAG,4,0.009600000000000275
91,B82014,Paracet_Tab 500mg,0407010H0AAAMAM,1,0.009199999999999944
90,B82014,Paracet_Tab 500mg,0407010H0AAAMAM,1,0.009199999999999944
185,B82036,Atorvastatin_Tab 10mg,0212000B0AAAAAA,2,0.008400000000000046
186,B82059,Atorvastatin_Tab 10mg,0212000B0AAAAAA,4,0.008400000000000046
187,B82027,Atorvastatin_Tab 10mg,0212000B0AAAAAA,2,0.008400000000000046
92,B82014,Paracet_Tab 500mg,0407010H0AAAMAM,3,0.00839999999999995
93,B82014,Paracet_Tab 500mg,0407010H0AAAMAM,3,0.00839999999999995
188,B82069,Atorvastatin_Tab 10mg,0212000B0AAAAAA,3,0.006300000000000035
94,B82032,Paracet_Tab 500mg,0407010H0AAAMAM,1,0.005999999999999964
96,B82091,Paracet_Tab 500mg,0407010H0AAAMAM,1,0.005999999999999964
97,B82012,Paracet_Tab 500mg,0407010H0AAAMAM,1,0.005999999999999964
98,B82091,Paracet_Tab 500mg,0407010H0AAAMAM,1,0.005999999999999964
99,B82032,Paracet_Tab 500mg,0407010H0AAAMAM,1,0.005999999999999964
95,B82012,Paracet_Tab 500mg,0407010H0AAAMAM,1,0.005999999999999964
103,B82059,Paracet_Tab 500mg,0407010H0AAAMAM,4,0.005599999999999966
100,B82059,Paracet_Tab 500mg,0407010H0AAAMAM,4,0.005599999999999966
101,B82008,Paracet_Tab 500mg,0407010H0AAAMAM,2,0.005599999999999966
102,B82008,Paracet_Tab 500mg,0407010H0AAAMAM,2,0.005599999999999966
158,B82010,Azithromycin_Tab 250mg,0501050A0AAAGAG,1,0.0054000000000004045
160,B82036,Azithromycin_Tab 250mg,0501050A0AAAGAG,1,0.0048000000000001375
159,B82008,Azithromycin_Tab 250mg,0501050A0AAAGAG,1,0.0048000000000001375
189,B82057,Atorvastatin_Tab 10mg,0212000B0AAAAAA,1,0.0046
192,B82014,Atorvastatin_Tab 10mg,0212000B0AAAAAA,1,0.004200000000000023
191,B82004,Atorvastatin_Tab 10mg,0212000B0AAAAAA,2,0.004200000000000023
190,B82013,Atorvastatin_Tab 10mg,0212000B0AAAAAA,1,0.004200000000000023
250,B82013,Aripiprazole_Tab 5mg,0402010ADAAADAD,1,0.004199999999999926
249,B82014,Aripiprazole_Tab 5mg,0402010ADAAADAD,1,0.004199999999999926
248,B82067,Aripiprazole_Tab 5mg,0402010ADAAADAD,1,0.004199999999999926
247,B82010,Aripiprazole_Tab 5mg,0402010ADAAADAD,1,0.004199999999999926
246,B82036,Aripiprazole_Tab 5mg,0402010ADAAADAD,1,0.004199999999999926
245,B82030,Aripiprazole_Tab 5mg,0402010ADAAADAD,1,0.004199999999999926
244,B82069,Aripiprazole_Tab 5mg,0402010ADAAADAD,1,0.004199999999999926
243,B82027,Aripiprazole_Tab 5mg,0402010ADAAADAD,1,0.004199999999999926
251,B82032,Aripiprazole_Tab 5mg,0402010ADAAADAD,1,0.0041999999999995374
252,B82091,Aripiprazole_Tab 5mg,0402010ADAAADAD,1,0.0041999999999995374
254,B82010,Aripiprazole_Tab 5mg,0402010ADAAADAD,1,0.0041999999999995374
253,B82027,Aripiprazole_Tab 5mg,0402010ADAAADAD,1,0.0041999999999995374
105,B82091,Paracet_Tab 500mg,0407010H0AAAMAM,1,0.002999999999999982
104,B82091,Paracet_Tab 500mg,0407010H0AAAMAM,1,0.002999999999999982
161,B82060,Azithromycin_Tab 250mg,0501050A0AAAGAG,1,0.0029999999999996696
162,B82008,Azithromycin_Tab 250mg,0501050A0AAAGAG,1,0.00280000000000008
106,B82067,Paracet_Tab 500mg,0407010H0AAAMAM,1,0.002799999999999983
107,B82067,Paracet_Tab 500mg,0407010H0AAAMAM,1,0.002799999999999983
193,B82060,Atorvastatin_Tab 10mg,0212000B0AAAAAA,1,0.0018000000000000203
175,B82032,Memantine HCl_Tab 20mg,0411000G0AAADAD,1,0.0006999999999999992
209,B82004,Sumatriptan_Tab 50mg,0407041T0AAAFAF,6,0.0
221,B82010,Sumatriptan_Tab 50mg,0407041T0AAAFAF,5,0.0
220,B82013,Sumatriptan_Tab 50mg,0407041T0AAAFAF,22,0.0
219,B82030,Sumatriptan_Tab 50mg,0407041T0AAAFAF,9,0.0
218,B82091,Sumatriptan_Tab 50mg,0407041T0AAAFAF,3,0.0
217,B82067,Sumatriptan_Tab 50mg,0407041T0AAAFAF,1,0.0
216,B82027,Sumatriptan_Tab 50mg,0407041T0AAAFAF,10,0.0
208,B82014,Sumatriptan_Tab 50mg,0407041T0AAAFAF,7,0.0
214,B82016,Sumatriptan_Tab 50mg,0407041T0AAAFAF,3,0.0
222,B82012,Sumatriptan_Tab 50mg,0407041T0AAAFAF,10,0.0
213,B82016,Sumatriptan_Tab 50mg,0407041T0AAAFAF,1,0.0
212,B82030,Sumatriptan_Tab 50mg,0407041T0AAAFAF,3,0.0
211,B82036,Sumatriptan_Tab 50mg,0407041T0AAAFAF,14,0.0
207,B82069,Sumatriptan_Tab 50mg,0407041T0AAAFAF,5,0.0
210,B82091,Sumatriptan_Tab 50mg,0407041T0AAAFAF,1,0.0
215,B82036,Sumatriptan_Tab 50mg,0407041T0AAAFAF,8,0.0
224,B82091,Sumatriptan_Tab 50mg,0407041T0AAAFAF,1,0.0
223,B82008,Sumatriptan_Tab 50mg,0407041T0AAAFAF,3,0.0
225,B82060,Sumatriptan_Tab 50mg,0407041T0AAAFAF,12,0.0
240,B82060,Sumatriptan_Tab 50mg,0407041T0AAAFAF,13,0.0
239,B82014,Sumatriptan_Tab 50mg,0407041T0AAAFAF,1,0.0
238,B82060,Sumatriptan_Tab 50mg,0407041T0AAAFAF,3,0.0
237,B82014,Sumatriptan_Tab 50mg,0407041T0AAAFAF,5,0.0
236,B82091,Sumatriptan_Tab 50mg,0407041T0AAAFAF,1,0.0
235,B82032,Sumatriptan_Tab 50mg,0407041T0AAAFAF,1,0.0
234,B82010,Sumatriptan_Tab 50mg,0407041T0AAAFAF,6,0.0
233,B82069,Sumatriptan_Tab 50mg,0407041T0AAAFAF,6,0.0
232,B82013,Sumatriptan_Tab 50mg,0407041T0AAAFAF,16,0.0
231,B82004,Sumatriptan_Tab 50mg,0407041T0AAAFAF,11,0.0
230,B82027,Sumatriptan_Tab 50mg,0407041T0AAAFAF,12,0.0
229,B82012,Sumatriptan_Tab 50mg,0407041T0AAAFAF,3,0.0
228,B82057,Sumatriptan_Tab 50mg,0407041T0AAAFAF,3,0.0
205,B82059,Sumatriptan_Tab 50mg,0407041T0AAAFAF,8,0.0
226,B82012,Sumatriptan_Tab 50mg,0407041T0AAAFAF,12,0.0
227,B82059,Sumatriptan_Tab 50mg,0407041T0AAAFAF,5,0.0
206,B82067,Sumatriptan_Tab 50mg,0407041T0AAAFAF,1,0.0
204,B82091,Sumatriptan_Tab 50mg,0407041T0AAAFAF,5,0.0
203,B82008,Sumatriptan_Tab 50mg,0407041T0AAAFAF,11,0.0
202,B82057,Sumatriptan_Tab 50mg,0407041T0AAAFAF,15,0.0
201,B82027,Sumatriptan_Tab 50mg,0407041T0AAAFAF,1,0.0
200,B82060,Sumatriptan_Tab 50mg,0407041T0AAAFAF,3,0.0
108,B82060,Paracet_Tab 500mg,0407010H0AAAMAM,1,-0.001999999999999988
109,B82060,Paracet_Tab 500mg,0407010H0AAAMAM,1,-0.001999999999999988
163,B82032,Azithromycin_Tab 250mg,0501050A0AAAGAG,1,-0.0024999999999997247
164,B82027,Azithromycin_Tab 250mg,0501050A0AAAGAG,1,-0.0024999999999997247
165,B82059,Azithromycin_Tab 250mg,0501050A0AAAGAG,1,-0.0024999999999997247
258,B82060,Quetiapine_Tab 200mg,0402010ABAAADAD,4,-0.0027999999999996916
259,B82016,Quetiapine_Tab 200mg,0402010ABAAADAD,1,-0.0027999999999996916
260,B82010,Quetiapine_Tab 200mg,0402010ABAAADAD,1,-0.0027999999999996916
194,B82010,Atorvastatin_Tab 10mg,0212000B0AAAAAA,1,-0.002999999999999982
195,B82060,Atorvastatin_Tab 10mg,0212000B0AAAAAA,1,-0.002999999999999982
196,B82059,Atorvastatin_Tab 10mg,0212000B0AAAAAA,1,-0.0031999999999999806
176,B82060,Memantine HCl_Tab 20mg,0411000G0AAADAD,1,-0.0035999999999999782
177,B82012,Memantine HCl_Tab 20mg,0411000G0AAADAD,1,-0.004399999999999973
255,B82004,Aripiprazole_Tab 5mg,0402010ADAAADAD,1,-0.004400000000000126
261,B82057,Quetiapine_Tab 200mg,0402010ABAAADAD,4,-0.005599999999999383
256,B82012,Aripiprazole_Tab 5mg,0402010ADAAADAD,4,-0.006400000000000183
166,B82012,Azithromycin_Tab 250mg,0501050A0AAAGAG,3,-0.007499999999999174
110,B82036,Paracet_Tab 500mg,0407010H0AAAMAM,2,-0.007999999999999952
111,B82036,Paracet_Tab 500mg,0407010H0AAAMAM,2,-0.007999999999999952
262,B82027,Quetiapine_Tab 200mg,0402010ABAAADAD,8,-0.011199999999998766
114,B82036,Paracet_Tab 500mg,0407010H0AAAMAM,2,-0.011199999999999932
117,B82067,Paracet_Tab 500mg,0407010H0AAAMAM,2,-0.011199999999999932
116,B82036,Paracet_Tab 500mg,0407010H0AAAMAM,2,-0.011199999999999932
113,B82067,Paracet_Tab 500mg,0407010H0AAAMAM,2,-0.011199999999999932
115,B82032,Paracet_Tab 500mg,0407010H0AAAMAM,2,-0.011199999999999932
112,B82032,Paracet_Tab 500mg,0407010H0AAAMAM,2,-0.011199999999999932
263,B82013,Quetiapine_Tab 200mg,0402010ABAAADAD,9,-0.012599999999998612
264,B82059,Quetiapine_Tab 200mg,0402010ABAAADAD,11,-0.015399999999998304
119,B82004,Paracet_Tab 500mg,0407010H0AAAMAM,3,-0.0167999999999999
118,B82004,Paracet_Tab 500mg,0407010H0AAAMAM,3,-0.0167999999999999
120,B82008,Paracet_Tab 500mg,0407010H0AAAMAM,4,-0.022399999999999864
121,B82008,Paracet_Tab 500mg,0407010H0AAAMAM,4,-0.022399999999999864
123,B82069,Paracet_Tab 500mg,0407010H0AAAMAM,5,-0.02799999999999983
122,B82069,Paracet_Tab 500mg,0407010H0AAAMAM,5,-0.02799999999999983
125,B82060,Paracet_Tab 500mg,0407010H0AAAMAM,8,-0.04479999999999973
124,B82060,Paracet_Tab 500mg,0407010H0AAAMAM,8,-0.04479999999999973
129,B82057,Paracet_Tab 500mg,0407010H0AAAMAM,9,-0.050399999999999695
128,B82057,Paracet_Tab 500mg,0407010H0AAAMAM,9,-0.050399999999999695
127,B82030,Paracet_Tab 500mg,0407010H0AAAMAM,9,-0.050399999999999695
126,B82030,Paracet_Tab 500mg,0407010H0AAAMAM,9,-0.050399999999999695
131,B82013,Paracet_Tab 500mg,0407010H0AAAMAM,14,-0.07839999999999953
130,B82013,Paracet_Tab 500mg,0407010H0AAAMAM,14,-0.07839999999999953
133,B82012,Paracet_Tab 500mg,0407010H0AAAMAM,28,-0.15679999999999905
132,B82012,Paracet_Tab 500mg,0407010H0AAAMAM,28,-0.15679999999999905
135,B82013,Paracet_Tab 500mg,0407010H0AAAMAM,11,-0.6159999999999984
134,B82013,Paracet_Tab 500mg,0407010H0AAAMAM,11,-0.6159999999999984
137,B82012,Paracet_Tab 500mg,0407010H0AAAMAM,30,-1.1999999999999926
136,B82012,Paracet_Tab 500mg,0407010H0AAAMAM,30,-1.1999999999999926
139,B82091,Paracet_Tab 500mg,0407010H0AAAMAM,9,-1.4111999999999985
138,B82091,Paracet_Tab 500mg,0407010H0AAAMAM,9,-1.4111999999999985
141,B82012,Paracet_Tab 500mg,0407010H0AAAMAM,1,-1.5359999999999998
140,B82012,Paracet_Tab 500mg,0407010H0AAAMAM,1,-1.5359999999999998
143,B82060,Paracet_Tab 500mg,0407010H0AAAMAM,3,-1.8899999999999995
142,B82060,Paracet_Tab 500mg,0407010H0AAAMAM,3,-1.8899999999999995
144,B82013,Paracet_Tab 500mg,0407010H0AAAMAM,61,-2.4399999999999853
145,B82013,Paracet_Tab 500mg,0407010H0AAAMAM,61,-2.4399999999999853
