,practice_code,bnf_description,bnf_code,items,excess_cost
248,B81068,Memantine HCl_Tab 20mg,0411000G0AAADAD,29,191.7132
249,B81013,Memantine HCl_Tab 20mg,0411000G0AAADAD,2,127.8032
597,B81068,Acetazolamide_Tab 250mg,1106000B0AAACAC,5,118.55200000000002
499,B81088,Atorvastatin_Tab 10mg,0212000B0AAAAAA,236,81.27839999999999
485,B81666,Mesalazine_Tab E/C 800mg,0105010B0AAASAS,1,73.79999999999998
591,B81101,Montelukast_Tab 10mg,0303020G0AAABAB,73,73.17520000000002
228,B81068,Atorvastatin_Tab 20mg,0212000B0AAABAB,763,68.36480000000003
229,B81101,Atorvastatin_Tab 20mg,0212000B0AAABAB,411,67.89720000000003
230,B81653,Atorvastatin_Tab 20mg,0212000B0AAABAB,77,67.69839999999999
231,B81014,Atorvastatin_Tab 20mg,0212000B0AAABAB,354,67.4016
250,B81042,Memantine HCl_Tab 20mg,0411000G0AAADAD,13,63.882000000000005
535,B81013,Ferr Sulf_Tab 200mg,0901011P0AAACAC,19,63.36119999999999
558,B81100,Atorvastatin_Tab 80mg,0212000B0AAADAD,7,49.627199999999995
500,Y02656,Atorvastatin_Tab 10mg,0212000B0AAAAAA,49,47.1968
232,B81068,Atorvastatin_Tab 20mg,0212000B0AAABAB,55,45.27600000000002
233,B81060,Atorvastatin_Tab 20mg,0212000B0AAABAB,298,45.057600000000015
234,B81013,Atorvastatin_Tab 20mg,0212000B0AAABAB,49,45.00160000000001
536,B81088,Ferr Sulf_Tab 200mg,0901011P0AAACAC,5,42.251999999999995
486,B81062,Mesalazine_Tab E/C 800mg,0105010B0AAASAS,1,36.89999999999999
1,B81042,Paracet_Tab 500mg,0407010H0AAAMAM,183,34.770000000000046
0,B81042,Paracet_Tab 500mg,0407010H0AAAMAM,183,34.770000000000046
487,B81006,Mesalazine_Tab E/C 800mg,0105010B0AAASAS,1,34.43999999999999
488,B81051,Mesalazine_Tab E/C 800mg,0105010B0AAASAS,1,34.43999999999999
2,B81025,Paracet_Tab 500mg,0407010H0AAAMAM,340,34.00000000000003
3,B81025,Paracet_Tab 500mg,0407010H0AAAMAM,340,34.00000000000003
4,B81013,Paracet_Tab 500mg,0407010H0AAAMAM,2,30.18
5,B81013,Paracet_Tab 500mg,0407010H0AAAMAM,2,30.18
6,B81069,Paracet_Tab 500mg,0407010H0AAAMAM,162,29.16000000000005
7,B81069,Paracet_Tab 500mg,0407010H0AAAMAM,162,29.16000000000005
537,B81025,Ferr Sulf_Tab 200mg,0901011P0AAACAC,12,28.1568
8,B81025,Paracet_Tab 500mg,0407010H0AAAMAM,125,27.500000000000007
9,B81025,Paracet_Tab 500mg,0407010H0AAAMAM,125,27.500000000000007
559,B81100,Atorvastatin_Tab 80mg,0212000B0AAADAD,17,24.799600000000005
560,B81653,Atorvastatin_Tab 80mg,0212000B0AAADAD,24,24.79680000000001
561,B81009,Atorvastatin_Tab 80mg,0212000B0AAADAD,68,24.751999999999995
562,B81088,Atorvastatin_Tab 80mg,0212000B0AAADAD,51,24.704400000000014
592,B81100,Montelukast_Tab 10mg,0303020G0AAABAB,7,24.382399999999997
593,B81068,Montelukast_Tab 10mg,0303020G0AAABAB,41,24.337600000000005
501,B81068,Atorvastatin_Tab 10mg,0212000B0AAAAAA,12,23.2512
502,B81068,Atorvastatin_Tab 10mg,0212000B0AAAAAA,282,22.8984
235,B81042,Atorvastatin_Tab 20mg,0212000B0AAABAB,233,22.83400000000002
236,B81088,Atorvastatin_Tab 20mg,0212000B0AAABAB,202,22.62400000000002
237,B81041,Atorvastatin_Tab 20mg,0212000B0AAABAB,212,22.556800000000027
538,B81061,Ferr Sulf_Tab 200mg,0901011P0AAACAC,17,21.134399999999992
11,B81101,Paracet_Tab 500mg,0407010H0AAAMAM,61,20.740000000000002
10,B81101,Paracet_Tab 500mg,0407010H0AAAMAM,61,20.740000000000002
13,B81025,Paracet_Tab 500mg,0407010H0AAAMAM,82,20.204800000000006
12,B81025,Paracet_Tab 500mg,0407010H0AAAMAM,82,20.204800000000006
15,B81042,Paracet_Tab 500mg,0407010H0AAAMAM,31,19.84000000000001
14,B81042,Paracet_Tab 500mg,0407010H0AAAMAM,31,19.84000000000001
16,B81014,Paracet_Tab 500mg,0407010H0AAAMAM,127,19.05000000000002
17,B81014,Paracet_Tab 500mg,0407010H0AAAMAM,127,19.05000000000002
490,B81037,Mesalazine_Tab E/C 800mg,0105010B0AAASAS,1,18.449999999999996
489,B81092,Mesalazine_Tab E/C 800mg,0105010B0AAASAS,1,18.449999999999996
492,B81051,Mesalazine_Tab E/C 800mg,0105010B0AAASAS,1,17.219999999999995
493,B81092,Mesalazine_Tab E/C 800mg,0105010B0AAASAS,1,17.219999999999995
491,B81042,Mesalazine_Tab E/C 800mg,0105010B0AAASAS,1,17.219999999999995
19,B81101,Paracet_Tab 500mg,0407010H0AAAMAM,205,14.349999999999984
18,B81101,Paracet_Tab 500mg,0407010H0AAAMAM,205,14.349999999999984
539,B81068,Ferr Sulf_Tab 200mg,0901011P0AAACAC,2,14.084
503,B81060,Atorvastatin_Tab 10mg,0212000B0AAAAAA,68,11.614400000000002
504,B81101,Atorvastatin_Tab 10mg,0212000B0AAAAAA,143,11.6116
494,B81092,Mesalazine_Tab E/C 800mg,0105010B0AAASAS,1,11.479999999999997
21,B81060,Paracet_Tab 500mg,0407010H0AAAMAM,23,11.334400000000002
20,B81060,Paracet_Tab 500mg,0407010H0AAAMAM,23,11.334400000000002
22,B81069,Paracet_Tab 500mg,0407010H0AAAMAM,100,11.20000000000001
23,B81069,Paracet_Tab 500mg,0407010H0AAAMAM,100,11.20000000000001
25,B81014,Paracet_Tab 500mg,0407010H0AAAMAM,33,11.08800000000001
24,B81014,Paracet_Tab 500mg,0407010H0AAAMAM,33,11.08800000000001
27,B81061,Paracet_Tab 500mg,0407010H0AAAMAM,267,10.680000000000028
26,B81061,Paracet_Tab 500mg,0407010H0AAAMAM,267,10.680000000000028
29,B81061,Paracet_Tab 500mg,0407010H0AAAMAM,64,10.240000000000027
28,B81061,Paracet_Tab 500mg,0407010H0AAAMAM,64,10.240000000000027
30,B81014,Paracet_Tab 500mg,0407010H0AAAMAM,34,10.20000000000001
31,B81014,Paracet_Tab 500mg,0407010H0AAAMAM,34,10.20000000000001
32,B81068,Paracet_Tab 500mg,0407010H0AAAMAM,335,10.050000000000056
33,B81068,Paracet_Tab 500mg,0407010H0AAAMAM,335,10.050000000000056
35,B81653,Paracet_Tab 500mg,0407010H0AAAMAM,26,9.880000000000013
34,B81653,Paracet_Tab 500mg,0407010H0AAAMAM,26,9.880000000000013
37,B81013,Paracet_Tab 500mg,0407010H0AAAMAM,44,9.680000000000003
36,B81013,Paracet_Tab 500mg,0407010H0AAAMAM,44,9.680000000000003
39,B81068,Paracet_Tab 500mg,0407010H0AAAMAM,84,9.408000000000008
38,B81068,Paracet_Tab 500mg,0407010H0AAAMAM,84,9.408000000000008
40,B81014,Paracet_Tab 500mg,0407010H0AAAMAM,15,9.072000000000003
41,B81014,Paracet_Tab 500mg,0407010H0AAAMAM,15,9.072000000000003
260,B81004,Clonazepam_Tab 500mcg,0408010F0AAABAB,21,6.644399999999987
261,B81068,Clonazepam_Tab 500mcg,0408010F0AAABAB,13,6.1515999999999895
42,B81069,Paracet_Tab 500mg,0407010H0AAAMAM,292,5.840000000000066
43,B81069,Paracet_Tab 500mg,0407010H0AAAMAM,292,5.840000000000066
263,B81006,Clonazepam_Tab 500mcg,0408010F0AAABAB,3,5.695199999999988
262,B81004,Clonazepam_Tab 500mcg,0408010F0AAABAB,9,5.695199999999988
264,B81037,Clonazepam_Tab 500mcg,0408010F0AAABAB,16,5.06239999999999
265,B81068,Clonazepam_Tab 500mcg,0408010F0AAABAB,8,5.06239999999999
266,B81014,Clonazepam_Tab 500mcg,0408010F0AAABAB,8,5.06239999999999
45,B81100,Paracet_Tab 500mg,0407010H0AAAMAM,49,4.900000000000004
44,B81100,Paracet_Tab 500mg,0407010H0AAAMAM,49,4.900000000000004
267,B81101,Clonazepam_Tab 500mcg,0408010F0AAABAB,5,4.74599999999999
47,B81060,Paracet_Tab 500mg,0407010H0AAAMAM,155,4.650000000000025
46,B81060,Paracet_Tab 500mg,0407010H0AAAMAM,155,4.650000000000025
269,B81082,Clonazepam_Tab 500mcg,0408010F0AAABAB,1,4.519999999999991
268,B81051,Clonazepam_Tab 500mcg,0408010F0AAABAB,4,4.519999999999991
49,B81602,Paracet_Tab 500mg,0407010H0AAAMAM,43,4.300000000000004
48,B81602,Paracet_Tab 500mg,0407010H0AAAMAM,43,4.300000000000004
270,B81025,Clonazepam_Tab 500mcg,0408010F0AAABAB,13,4.113199999999992
271,B81051,Clonazepam_Tab 500mcg,0408010F0AAABAB,13,4.113199999999992
278,B81619,Clonazepam_Tab 500mcg,0408010F0AAABAB,2,3.796799999999992
277,B81061,Clonazepam_Tab 500mcg,0408010F0AAABAB,4,3.796799999999992
276,B81069,Clonazepam_Tab 500mcg,0408010F0AAABAB,6,3.796799999999992
275,B81088,Clonazepam_Tab 500mcg,0408010F0AAABAB,2,3.796799999999992
274,B81050,Clonazepam_Tab 500mcg,0408010F0AAABAB,6,3.796799999999992
273,B81061,Clonazepam_Tab 500mcg,0408010F0AAABAB,6,3.796799999999992
272,B81037,Clonazepam_Tab 500mcg,0408010F0AAABAB,6,3.796799999999992
281,B81062,Clonazepam_Tab 500mcg,0408010F0AAABAB,2,3.389999999999993
280,B81037,Clonazepam_Tab 500mcg,0408010F0AAABAB,3,3.389999999999993
279,B81050,Clonazepam_Tab 500mcg,0408010F0AAABAB,3,3.389999999999993
282,B81009,Clonazepam_Tab 500mcg,0408010F0AAABAB,8,3.2031999999999954
285,B81101,Clonazepam_Tab 500mcg,0408010F0AAABAB,5,3.1639999999999935
283,B81069,Clonazepam_Tab 500mcg,0408010F0AAABAB,2,3.1639999999999935
284,B81088,Clonazepam_Tab 500mcg,0408010F0AAABAB,5,3.1639999999999935
286,B81062,Clonazepam_Tab 500mcg,0408010F0AAABAB,5,3.1639999999999935
287,B81034,Clonazepam_Tab 500mcg,0408010F0AAABAB,5,3.1639999999999935
288,B81062,Clonazepam_Tab 500mcg,0408010F0AAABAB,10,3.1639999999999935
289,B81061,Clonazepam_Tab 500mcg,0408010F0AAABAB,1,2.847599999999994
290,B81014,Clonazepam_Tab 500mcg,0408010F0AAABAB,3,2.847599999999994
291,B81050,Clonazepam_Tab 500mcg,0408010F0AAABAB,9,2.847599999999994
292,B81004,Clonazepam_Tab 500mcg,0408010F0AAABAB,3,2.847599999999994
293,B81014,Clonazepam_Tab 500mcg,0408010F0AAABAB,9,2.847599999999994
294,B81060,Clonazepam_Tab 500mcg,0408010F0AAABAB,9,2.847599999999994
295,B81070,Clonazepam_Tab 500mcg,0408010F0AAABAB,2,2.807999999999997
296,B81014,Clonazepam_Tab 500mcg,0408010F0AAABAB,4,2.7119999999999944
297,B81082,Clonazepam_Tab 500mcg,0408010F0AAABAB,2,2.531199999999995
298,B81024,Clonazepam_Tab 500mcg,0408010F0AAABAB,4,2.531199999999995
299,B81024,Clonazepam_Tab 500mcg,0408010F0AAABAB,2,2.531199999999995
300,B81619,Clonazepam_Tab 500mcg,0408010F0AAABAB,8,2.531199999999995
301,B81037,Clonazepam_Tab 500mcg,0408010F0AAABAB,2,2.531199999999995
302,B81013,Clonazepam_Tab 500mcg,0408010F0AAABAB,2,2.531199999999995
303,B81051,Clonazepam_Tab 500mcg,0408010F0AAABAB,4,2.531199999999995
304,B81101,Clonazepam_Tab 500mcg,0408010F0AAABAB,2,2.531199999999995
306,B81024,Clonazepam_Tab 500mcg,0408010F0AAABAB,2,2.2599999999999953
307,B81069,Clonazepam_Tab 500mcg,0408010F0AAABAB,2,2.2599999999999953
305,B81042,Clonazepam_Tab 500mcg,0408010F0AAABAB,2,2.2599999999999953
309,B81024,Clonazepam_Tab 500mcg,0408010F0AAABAB,7,2.2147999999999954
308,B81101,Clonazepam_Tab 500mcg,0408010F0AAABAB,7,2.2147999999999954
310,B81101,Clonazepam_Tab 500mcg,0408010F0AAABAB,3,2.033999999999996
311,B81082,Clonazepam_Tab 500mcg,0408010F0AAABAB,1,2.033999999999996
312,B81004,Clonazepam_Tab 500mcg,0408010F0AAABAB,3,2.033999999999996
313,B81029,Clonazepam_Tab 500mcg,0408010F0AAABAB,5,1.977499999999996
320,B81100,Clonazepam_Tab 500mcg,0408010F0AAABAB,4,1.898399999999996
324,B81024,Clonazepam_Tab 500mcg,0408010F0AAABAB,1,1.898399999999996
323,B81006,Clonazepam_Tab 500mcg,0408010F0AAABAB,3,1.898399999999996
322,B81042,Clonazepam_Tab 500mcg,0408010F0AAABAB,6,1.898399999999996
321,B81025,Clonazepam_Tab 500mcg,0408010F0AAABAB,3,1.898399999999996
317,B81068,Clonazepam_Tab 500mcg,0408010F0AAABAB,2,1.898399999999996
319,B81041,Clonazepam_Tab 500mcg,0408010F0AAABAB,3,1.898399999999996
318,B81009,Clonazepam_Tab 500mcg,0408010F0AAABAB,3,1.898399999999996
315,B81029,Clonazepam_Tab 500mcg,0408010F0AAABAB,1,1.898399999999996
314,B81061,Clonazepam_Tab 500mcg,0408010F0AAABAB,6,1.898399999999996
325,B81041,Clonazepam_Tab 500mcg,0408010F0AAABAB,2,1.898399999999996
316,Y02656,Clonazepam_Tab 500mcg,0408010F0AAABAB,1,1.898399999999996
563,B81602,Atorvastatin_Tab 80mg,0212000B0AAADAD,28,1.8032000000000081
326,B81025,Clonazepam_Tab 500mcg,0408010F0AAABAB,5,1.6949999999999965
50,B81101,Paracet_Tab 500mg,0407010H0AAAMAM,5,1.616
51,B81101,Paracet_Tab 500mg,0407010H0AAAMAM,5,1.616
327,B81060,Clonazepam_Tab 500mcg,0408010F0AAABAB,1,1.5819999999999967
328,B81006,Clonazepam_Tab 500mcg,0408010F0AAABAB,5,1.5819999999999967
329,B81100,Clonazepam_Tab 500mcg,0408010F0AAABAB,5,1.5819999999999967
330,B81069,Clonazepam_Tab 500mcg,0408010F0AAABAB,5,1.5819999999999967
336,B81062,Clonazepam_Tab 500mcg,0408010F0AAABAB,2,1.3559999999999972
340,B81041,Clonazepam_Tab 500mcg,0408010F0AAABAB,4,1.3559999999999972
339,B81101,Clonazepam_Tab 500mcg,0408010F0AAABAB,4,1.3559999999999972
338,B81037,Clonazepam_Tab 500mcg,0408010F0AAABAB,1,1.3559999999999972
337,B81034,Clonazepam_Tab 500mcg,0408010F0AAABAB,2,1.3559999999999972
335,B81653,Clonazepam_Tab 500mcg,0408010F0AAABAB,2,1.3559999999999972
334,B81101,Clonazepam_Tab 500mcg,0408010F0AAABAB,1,1.3559999999999972
332,B81042,Clonazepam_Tab 500mcg,0408010F0AAABAB,2,1.3559999999999972
331,B81069,Clonazepam_Tab 500mcg,0408010F0AAABAB,2,1.3559999999999972
333,B81050,Clonazepam_Tab 500mcg,0408010F0AAABAB,1,1.3559999999999972
347,B81025,Clonazepam_Tab 500mcg,0408010F0AAABAB,1,1.2655999999999974
344,Y02656,Clonazepam_Tab 500mcg,0408010F0AAABAB,2,1.2655999999999974
346,B81061,Clonazepam_Tab 500mcg,0408010F0AAABAB,1,1.2655999999999974
345,B81029,Clonazepam_Tab 500mcg,0408010F0AAABAB,2,1.2655999999999974
343,B81619,Clonazepam_Tab 500mcg,0408010F0AAABAB,2,1.2655999999999974
342,B81092,Clonazepam_Tab 500mcg,0408010F0AAABAB,2,1.2655999999999974
341,B81013,Clonazepam_Tab 500mcg,0408010F0AAABAB,4,1.2655999999999974
349,B81100,Clonazepam_Tab 500mcg,0408010F0AAABAB,1,1.2655999999999974
348,B81051,Clonazepam_Tab 500mcg,0408010F0AAABAB,1,1.2655999999999974
352,B81070,Clonazepam_Tab 500mcg,0408010F0AAABAB,2,1.2655999999999974
350,B81042,Clonazepam_Tab 500mcg,0408010F0AAABAB,2,1.2655999999999974
351,B81034,Clonazepam_Tab 500mcg,0408010F0AAABAB,4,1.2655999999999974
353,B81060,Clonazepam_Tab 500mcg,0408010F0AAABAB,2,1.2655999999999974
354,B81602,Clonazepam_Tab 500mcg,0408010F0AAABAB,2,1.2655999999999974
355,B81602,Clonazepam_Tab 500mcg,0408010F0AAABAB,1,1.2655999999999974
356,B81006,Clonazepam_Tab 500mcg,0408010F0AAABAB,1,1.2655999999999974
357,B81034,Clonazepam_Tab 500mcg,0408010F0AAABAB,1,1.2655999999999974
358,B81062,Clonazepam_Tab 500mcg,0408010F0AAABAB,1,1.2655999999999974
359,B81658,Clonazepam_Tab 500mcg,0408010F0AAABAB,8,1.2655999999999974
360,B81619,Clonazepam_Tab 500mcg,0408010F0AAABAB,5,1.1864999999999974
364,B81082,Clonazepam_Tab 500mcg,0408010F0AAABAB,1,1.1299999999999977
367,B81100,Clonazepam_Tab 500mcg,0408010F0AAABAB,1,1.1299999999999977
366,Y02656,Clonazepam_Tab 500mcg,0408010F0AAABAB,1,1.1299999999999977
365,B81029,Clonazepam_Tab 500mcg,0408010F0AAABAB,1,1.1299999999999977
368,B81034,Clonazepam_Tab 500mcg,0408010F0AAABAB,1,1.1299999999999977
363,B81061,Clonazepam_Tab 500mcg,0408010F0AAABAB,1,1.1299999999999977
361,B81025,Clonazepam_Tab 500mcg,0408010F0AAABAB,1,1.1299999999999977
362,B81092,Clonazepam_Tab 500mcg,0408010F0AAABAB,1,1.1299999999999977
370,B81034,Clonazepam_Tab 500mcg,0408010F0AAABAB,7,1.1073999999999977
369,Y02656,Clonazepam_Tab 500mcg,0408010F0AAABAB,7,1.1073999999999977
52,B81009,Paracet_Tab 500mg,0407010H0AAAMAM,105,1.0499999999999936
53,B81009,Paracet_Tab 500mg,0407010H0AAAMAM,105,1.0499999999999936
371,B81029,Clonazepam_Tab 500mcg,0408010F0AAABAB,1,1.016999999999998
372,B81042,Clonazepam_Tab 500mcg,0408010F0AAABAB,3,1.016999999999998
373,B81034,Clonazepam_Tab 500mcg,0408010F0AAABAB,3,1.016999999999998
594,B81041,Montelukast_Tab 10mg,0303020G0AAABAB,25,0.9799999999999989
382,B81092,Clonazepam_Tab 500mcg,0408010F0AAABAB,3,0.949199999999998
386,B81009,Clonazepam_Tab 500mcg,0408010F0AAABAB,1,0.949199999999998
387,B81050,Clonazepam_Tab 500mcg,0408010F0AAABAB,1,0.949199999999998
385,B81010,Clonazepam_Tab 500mcg,0408010F0AAABAB,1,0.949199999999998
384,B81088,Clonazepam_Tab 500mcg,0408010F0AAABAB,3,0.949199999999998
383,B81029,Clonazepam_Tab 500mcg,0408010F0AAABAB,3,0.949199999999998
378,B81037,Clonazepam_Tab 500mcg,0408010F0AAABAB,1,0.949199999999998
381,B81042,Clonazepam_Tab 500mcg,0408010F0AAABAB,1,0.949199999999998
380,B81069,Clonazepam_Tab 500mcg,0408010F0AAABAB,2,0.949199999999998
379,B81006,Clonazepam_Tab 500mcg,0408010F0AAABAB,1,0.949199999999998
377,B81060,Clonazepam_Tab 500mcg,0408010F0AAABAB,1,0.949199999999998
374,B81069,Clonazepam_Tab 500mcg,0408010F0AAABAB,1,0.949199999999998
375,Y02656,Clonazepam_Tab 500mcg,0408010F0AAABAB,3,0.949199999999998
376,B81061,Clonazepam_Tab 500mcg,0408010F0AAABAB,2,0.949199999999998
389,B81050,Clonazepam_Tab 500mcg,0408010F0AAABAB,1,0.7909999999999984
388,B81050,Clonazepam_Tab 500mcg,0408010F0AAABAB,5,0.7909999999999984
399,B81061,Clonazepam_Tab 500mcg,0408010F0AAABAB,2,0.6779999999999986
405,B81050,Clonazepam_Tab 500mcg,0408010F0AAABAB,1,0.6779999999999986
404,B81004,Clonazepam_Tab 500mcg,0408010F0AAABAB,2,0.6779999999999986
403,B81037,Clonazepam_Tab 500mcg,0408010F0AAABAB,1,0.6779999999999986
402,B81051,Clonazepam_Tab 500mcg,0408010F0AAABAB,2,0.6779999999999986
401,B81041,Clonazepam_Tab 500mcg,0408010F0AAABAB,1,0.6779999999999986
400,B81029,Clonazepam_Tab 500mcg,0408010F0AAABAB,1,0.6779999999999986
390,B81658,Clonazepam_Tab 500mcg,0408010F0AAABAB,2,0.6779999999999986
398,B81010,Clonazepam_Tab 500mcg,0408010F0AAABAB,1,0.6779999999999986
396,B81666,Clonazepam_Tab 500mcg,0408010F0AAABAB,1,0.6779999999999986
395,B81082,Clonazepam_Tab 500mcg,0408010F0AAABAB,1,0.6779999999999986
394,B81100,Clonazepam_Tab 500mcg,0408010F0AAABAB,2,0.6779999999999986
393,B81069,Clonazepam_Tab 500mcg,0408010F0AAABAB,2,0.6779999999999986
392,B81006,Clonazepam_Tab 500mcg,0408010F0AAABAB,2,0.6779999999999986
397,B81014,Clonazepam_Tab 500mcg,0408010F0AAABAB,2,0.6779999999999986
391,B81088,Clonazepam_Tab 500mcg,0408010F0AAABAB,1,0.6779999999999986
411,B81041,Clonazepam_Tab 500mcg,0408010F0AAABAB,2,0.6327999999999987
416,B81666,Clonazepam_Tab 500mcg,0408010F0AAABAB,1,0.6327999999999987
415,B81658,Clonazepam_Tab 500mcg,0408010F0AAABAB,2,0.6327999999999987
414,B81100,Clonazepam_Tab 500mcg,0408010F0AAABAB,1,0.6327999999999987
413,B81101,Clonazepam_Tab 500mcg,0408010F0AAABAB,8,0.6327999999999987
412,B81034,Clonazepam_Tab 500mcg,0408010F0AAABAB,8,0.6327999999999987
409,B81010,Clonazepam_Tab 500mcg,0408010F0AAABAB,2,0.6327999999999987
408,B81069,Clonazepam_Tab 500mcg,0408010F0AAABAB,4,0.6327999999999987
407,B81010,Clonazepam_Tab 500mcg,0408010F0AAABAB,1,0.6327999999999987
406,B81013,Clonazepam_Tab 500mcg,0408010F0AAABAB,1,0.6327999999999987
410,B81024,Clonazepam_Tab 500mcg,0408010F0AAABAB,4,0.6327999999999987
417,B81070,Clonazepam_Tab 500mcg,0408010F0AAABAB,4,0.6271999999999993
418,B81024,Clonazepam_Tab 500mcg,0408010F0AAABAB,1,0.5988999999999988
422,B81051,Clonazepam_Tab 500mcg,0408010F0AAABAB,1,0.5699999999999983
425,B81006,Clonazepam_Tab 500mcg,0408010F0AAABAB,1,0.5699999999999983
423,B81070,Clonazepam_Tab 500mcg,0408010F0AAABAB,1,0.5699999999999983
424,B81101,Clonazepam_Tab 500mcg,0408010F0AAABAB,1,0.5699999999999983
421,B81025,Clonazepam_Tab 500mcg,0408010F0AAABAB,1,0.5699999999999983
420,B81082,Clonazepam_Tab 500mcg,0408010F0AAABAB,1,0.5699999999999983
419,B81013,Clonazepam_Tab 500mcg,0408010F0AAABAB,1,0.5699999999999983
426,B81024,Clonazepam_Tab 500mcg,0408010F0AAABAB,4,0.48839999999999995
428,B81061,Clonazepam_Tab 500mcg,0408010F0AAABAB,6,0.474599999999999
429,B81034,Clonazepam_Tab 500mcg,0408010F0AAABAB,1,0.474599999999999
430,B81037,Clonazepam_Tab 500mcg,0408010F0AAABAB,3,0.474599999999999
431,B81010,Clonazepam_Tab 500mcg,0408010F0AAABAB,1,0.474599999999999
432,B81042,Clonazepam_Tab 500mcg,0408010F0AAABAB,1,0.474599999999999
433,B81050,Clonazepam_Tab 500mcg,0408010F0AAABAB,1,0.474599999999999
434,B81037,Clonazepam_Tab 500mcg,0408010F0AAABAB,1,0.474599999999999
435,B81013,Clonazepam_Tab 500mcg,0408010F0AAABAB,1,0.474599999999999
437,B81068,Clonazepam_Tab 500mcg,0408010F0AAABAB,1,0.474599999999999
427,B81101,Clonazepam_Tab 500mcg,0408010F0AAABAB,1,0.474599999999999
436,B81024,Clonazepam_Tab 500mcg,0408010F0AAABAB,1,0.474599999999999
54,B81042,Paracet_Tab 500mg,0407010H0AAAMAM,2,0.47040000000000004
55,B81042,Paracet_Tab 500mg,0407010H0AAAMAM,2,0.47040000000000004
438,B81101,Clonazepam_Tab 500mcg,0408010F0AAABAB,1,0.35599999999999965
439,B81062,Clonazepam_Tab 500mcg,0408010F0AAABAB,2,0.348
447,B81653,Clonazepam_Tab 500mcg,0408010F0AAABAB,1,0.3389999999999993
442,B81060,Clonazepam_Tab 500mcg,0408010F0AAABAB,1,0.3389999999999993
440,B81062,Clonazepam_Tab 500mcg,0408010F0AAABAB,1,0.3389999999999993
441,B81082,Clonazepam_Tab 500mcg,0408010F0AAABAB,1,0.3389999999999993
446,B81037,Clonazepam_Tab 500mcg,0408010F0AAABAB,1,0.3389999999999993
444,B81029,Clonazepam_Tab 500mcg,0408010F0AAABAB,1,0.3389999999999993
443,B81602,Clonazepam_Tab 500mcg,0408010F0AAABAB,1,0.3389999999999993
445,B81013,Clonazepam_Tab 500mcg,0408010F0AAABAB,1,0.3389999999999993
448,B81013,Clonazepam_Tab 500mcg,0408010F0AAABAB,1,0.3334999999999987
449,B81602,Clonazepam_Tab 500mcg,0408010F0AAABAB,1,0.31639999999999935
458,B81602,Clonazepam_Tab 500mcg,0408010F0AAABAB,2,0.31639999999999935
463,B81014,Clonazepam_Tab 500mcg,0408010F0AAABAB,2,0.31639999999999935
462,B81088,Clonazepam_Tab 500mcg,0408010F0AAABAB,2,0.31639999999999935
461,B81042,Clonazepam_Tab 500mcg,0408010F0AAABAB,4,0.31639999999999935
460,B81060,Clonazepam_Tab 500mcg,0408010F0AAABAB,2,0.31639999999999935
459,B81025,Clonazepam_Tab 500mcg,0408010F0AAABAB,2,0.31639999999999935
457,B81068,Clonazepam_Tab 500mcg,0408010F0AAABAB,2,0.31639999999999935
450,B81010,Clonazepam_Tab 500mcg,0408010F0AAABAB,2,0.31639999999999935
455,B81069,Clonazepam_Tab 500mcg,0408010F0AAABAB,4,0.31639999999999935
454,B81602,Clonazepam_Tab 500mcg,0408010F0AAABAB,4,0.31639999999999935
453,B81009,Clonazepam_Tab 500mcg,0408010F0AAABAB,2,0.31639999999999935
452,B81061,Clonazepam_Tab 500mcg,0408010F0AAABAB,2,0.31639999999999935
451,B81004,Clonazepam_Tab 500mcg,0408010F0AAABAB,2,0.31639999999999935
456,B81101,Clonazepam_Tab 500mcg,0408010F0AAABAB,2,0.31639999999999935
464,B81653,Clonazepam_Tab 500mcg,0408010F0AAABAB,2,0.31359999999999966
465,B81061,Clonazepam_Tab 500mcg,0408010F0AAABAB,1,0.2799999999999997
466,B81010,Clonazepam_Tab 500mcg,0408010F0AAABAB,6,0.25439999999999996
467,B81014,Clonazepam_Tab 500mcg,0408010F0AAABAB,1,0.2372999999999995
468,B81082,Clonazepam_Tab 500mcg,0408010F0AAABAB,1,0.22199999999999998
469,B81101,Clonazepam_Tab 500mcg,0408010F0AAABAB,1,0.22199999999999998
470,B81051,Clonazepam_Tab 500mcg,0408010F0AAABAB,1,0.22199999999999998
471,B81061,Clonazepam_Tab 500mcg,0408010F0AAABAB,5,0.21199999999999997
472,B81070,Clonazepam_Tab 500mcg,0408010F0AAABAB,1,0.174
476,B81051,Clonazepam_Tab 500mcg,0408010F0AAABAB,1,0.15819999999999967
475,B81029,Clonazepam_Tab 500mcg,0408010F0AAABAB,1,0.15819999999999967
477,B81100,Clonazepam_Tab 500mcg,0408010F0AAABAB,1,0.15819999999999967
474,B81006,Clonazepam_Tab 500mcg,0408010F0AAABAB,1,0.15819999999999967
473,B81062,Clonazepam_Tab 500mcg,0408010F0AAABAB,1,0.15819999999999967
505,B81042,Atorvastatin_Tab 10mg,0212000B0AAAAAA,63,0.13230000000000072
478,B81050,Clonazepam_Tab 500mcg,0408010F0AAABAB,1,0.11599999999999999
479,B81062,Clonazepam_Tab 500mcg,0408010F0AAABAB,1,0.11599999999999999
480,B81014,Clonazepam_Tab 500mcg,0408010F0AAABAB,1,0.11599999999999999
481,B81088,Clonazepam_Tab 500mcg,0408010F0AAABAB,1,0.11599999999999999
482,B81009,Clonazepam_Tab 500mcg,0408010F0AAABAB,1,0.10079999999999989
540,B81037,Ferr Sulf_Tab 200mg,0901011P0AAACAC,18,0.10079999999999939
506,B81061,Atorvastatin_Tab 10mg,0212000B0AAAAAA,39,0.08190000000000044
483,B81619,Clonazepam_Tab 500mcg,0408010F0AAABAB,1,0.07909999999999984
56,B81101,Paracet_Tab 500mg,0407010H0AAAMAM,12,0.07199999999999956
57,B81101,Paracet_Tab 500mg,0407010H0AAAMAM,12,0.07199999999999956
564,B81061,Atorvastatin_Tab 80mg,0212000B0AAADAD,33,0.06930000000000199
565,B81010,Atorvastatin_Tab 80mg,0212000B0AAADAD,30,0.0630000000000018
566,B81042,Atorvastatin_Tab 80mg,0212000B0AAADAD,28,0.058800000000001684
484,B81061,Clonazepam_Tab 500mcg,0408010F0AAABAB,1,0.057999999999999996
59,B81061,Paracet_Tab 500mg,0407010H0AAAMAM,20,0.05599999999999966
58,B81061,Paracet_Tab 500mg,0407010H0AAAMAM,20,0.05599999999999966
507,B81010,Atorvastatin_Tab 10mg,0212000B0AAAAAA,25,0.05250000000000029
60,B81070,Paracet_Tab 500mg,0407010H0AAAMAM,8,0.04799999999999971
61,B81070,Paracet_Tab 500mg,0407010H0AAAMAM,8,0.04799999999999971
64,B81602,Paracet_Tab 500mg,0407010H0AAAMAM,1,0.04479999999999995
62,B81061,Paracet_Tab 500mg,0407010H0AAAMAM,1,0.04479999999999995
63,B81061,Paracet_Tab 500mg,0407010H0AAAMAM,1,0.04479999999999995
65,B81602,Paracet_Tab 500mg,0407010H0AAAMAM,1,0.04479999999999995
541,B81061,Ferr Sulf_Tab 200mg,0901011P0AAACAC,8,0.04479999999999973
542,B81042,Ferr Sulf_Tab 200mg,0901011P0AAACAC,8,0.04479999999999973
567,B81024,Atorvastatin_Tab 80mg,0212000B0AAADAD,21,0.04410000000000126
251,B81061,Memantine HCl_Tab 20mg,0411000G0AAADAD,9,0.04409999999999995
568,B81034,Atorvastatin_Tab 80mg,0212000B0AAADAD,20,0.0420000000000012
66,B81010,Paracet_Tab 500mg,0407010H0AAAMAM,7,0.041999999999999746
67,B81010,Paracet_Tab 500mg,0407010H0AAAMAM,7,0.041999999999999746
543,B81619,Ferr Sulf_Tab 200mg,0901011P0AAACAC,14,0.03919999999999976
69,B81051,Paracet_Tab 500mg,0407010H0AAAMAM,9,0.03779999999999977
68,B81051,Paracet_Tab 500mg,0407010H0AAAMAM,9,0.03779999999999977
71,B81068,Paracet_Tab 500mg,0407010H0AAAMAM,6,0.03599999999999978
70,B81068,Paracet_Tab 500mg,0407010H0AAAMAM,6,0.03599999999999978
569,B81051,Atorvastatin_Tab 80mg,0212000B0AAADAD,17,0.03570000000000102
508,B81051,Atorvastatin_Tab 10mg,0212000B0AAAAAA,16,0.033600000000000185
73,B81034,Paracet_Tab 500mg,0407010H0AAAMAM,8,0.0335999999999998
72,B81034,Paracet_Tab 500mg,0407010H0AAAMAM,8,0.0335999999999998
74,B81050,Paracet_Tab 500mg,0407010H0AAAMAM,5,0.02999999999999982
75,B81050,Paracet_Tab 500mg,0407010H0AAAMAM,5,0.02999999999999982
598,B81025,Acetazolamide_Tab 250mg,1106000B0AAACAC,5,0.028000000000004688
570,B81041,Atorvastatin_Tab 80mg,0212000B0AAADAD,13,0.027300000000000782
571,B81062,Atorvastatin_Tab 80mg,0212000B0AAADAD,12,0.025200000000000722
510,B81062,Atorvastatin_Tab 10mg,0212000B0AAAAAA,12,0.02520000000000014
509,B81619,Atorvastatin_Tab 10mg,0212000B0AAAAAA,12,0.02520000000000014
76,B81037,Paracet_Tab 500mg,0407010H0AAAMAM,6,0.025199999999999848
77,B81037,Paracet_Tab 500mg,0407010H0AAAMAM,6,0.025199999999999848
252,B81060,Memantine HCl_Tab 20mg,0411000G0AAADAD,5,0.024499999999999973
253,B81062,Memantine HCl_Tab 20mg,0411000G0AAADAD,5,0.024499999999999973
254,B81100,Memantine HCl_Tab 20mg,0411000G0AAADAD,5,0.024499999999999973
79,B81069,Paracet_Tab 500mg,0407010H0AAAMAM,4,0.023999999999999855
78,B81069,Paracet_Tab 500mg,0407010H0AAAMAM,4,0.023999999999999855
544,B81061,Ferr Sulf_Tab 200mg,0901011P0AAACAC,8,0.022399999999999864
545,B81051,Ferr Sulf_Tab 200mg,0901011P0AAACAC,4,0.022399999999999864
256,B81619,Memantine HCl_Tab 20mg,0411000G0AAADAD,4,0.01959999999999998
257,B81029,Memantine HCl_Tab 20mg,0411000G0AAADAD,4,0.01959999999999998
255,B81042,Memantine HCl_Tab 20mg,0411000G0AAADAD,4,0.01959999999999998
572,B81037,Atorvastatin_Tab 80mg,0212000B0AAADAD,9,0.01890000000000054
573,B81619,Atorvastatin_Tab 80mg,0212000B0AAADAD,9,0.01890000000000054
512,B81100,Atorvastatin_Tab 10mg,0212000B0AAAAAA,9,0.018900000000000104
511,B81658,Atorvastatin_Tab 10mg,0212000B0AAAAAA,9,0.018900000000000104
80,B81025,Paracet_Tab 500mg,0407010H0AAAMAM,3,0.01799999999999989
81,B81025,Paracet_Tab 500mg,0407010H0AAAMAM,3,0.01799999999999989
82,B81060,Paracet_Tab 500mg,0407010H0AAAMAM,3,0.01799999999999989
83,B81060,Paracet_Tab 500mg,0407010H0AAAMAM,3,0.01799999999999989
546,B81101,Ferr Sulf_Tab 200mg,0901011P0AAACAC,1,0.017999999999999267
599,B81037,Acetazolamide_Tab 250mg,1106000B0AAACAC,3,0.016800000000002813
513,B81009,Atorvastatin_Tab 10mg,0212000B0AAAAAA,8,0.016800000000000093
547,B81037,Ferr Sulf_Tab 200mg,0901011P0AAACAC,6,0.0167999999999999
84,B81602,Paracet_Tab 500mg,0407010H0AAAMAM,4,0.0167999999999999
548,B81068,Ferr Sulf_Tab 200mg,0901011P0AAACAC,2,0.0167999999999999
86,B81034,Paracet_Tab 500mg,0407010H0AAAMAM,6,0.0167999999999999
85,B81034,Paracet_Tab 500mg,0407010H0AAAMAM,6,0.0167999999999999
87,B81602,Paracet_Tab 500mg,0407010H0AAAMAM,4,0.0167999999999999
88,B81041,Paracet_Tab 500mg,0407010H0AAAMAM,5,0.01499999999999991
89,B81041,Paracet_Tab 500mg,0407010H0AAAMAM,5,0.01499999999999991
258,B81101,Memantine HCl_Tab 20mg,0411000G0AAADAD,3,0.014699999999999984
90,B81041,Paracet_Tab 500mg,0407010H0AAAMAM,5,0.013999999999999915
91,B81010,Paracet_Tab 500mg,0407010H0AAAMAM,5,0.013999999999999915
93,B81010,Paracet_Tab 500mg,0407010H0AAAMAM,5,0.013999999999999915
94,B81062,Paracet_Tab 500mg,0407010H0AAAMAM,5,0.013999999999999915
95,B81062,Paracet_Tab 500mg,0407010H0AAAMAM,5,0.013999999999999915
92,B81041,Paracet_Tab 500mg,0407010H0AAAMAM,5,0.013999999999999915
574,B81060,Atorvastatin_Tab 80mg,0212000B0AAADAD,6,0.012600000000000361
514,B81034,Atorvastatin_Tab 10mg,0212000B0AAAAAA,6,0.01260000000000007
101,B81006,Paracet_Tab 500mg,0407010H0AAAMAM,2,0.011999999999999927
99,B81006,Paracet_Tab 500mg,0407010H0AAAMAM,2,0.011999999999999927
98,Y02656,Paracet_Tab 500mg,0407010H0AAAMAM,2,0.011999999999999927
97,B81042,Paracet_Tab 500mg,0407010H0AAAMAM,2,0.011999999999999927
96,Y02656,Paracet_Tab 500mg,0407010H0AAAMAM,2,0.011999999999999927
102,B81037,Paracet_Tab 500mg,0407010H0AAAMAM,2,0.011999999999999927
103,B81062,Paracet_Tab 500mg,0407010H0AAAMAM,2,0.011999999999999927
104,B81037,Paracet_Tab 500mg,0407010H0AAAMAM,2,0.011999999999999927
105,B81062,Paracet_Tab 500mg,0407010H0AAAMAM,2,0.011999999999999927
100,B81042,Paracet_Tab 500mg,0407010H0AAAMAM,2,0.011999999999999927
602,B81101,Acetazolamide_Tab 250mg,1106000B0AAACAC,2,0.011200000000001875
601,B81010,Acetazolamide_Tab 250mg,1106000B0AAACAC,2,0.011200000000001875
600,B81068,Acetazolamide_Tab 250mg,1106000B0AAACAC,2,0.011200000000001875
107,B81658,Paracet_Tab 500mg,0407010H0AAAMAM,4,0.011199999999999932
108,B81658,Paracet_Tab 500mg,0407010H0AAAMAM,4,0.011199999999999932
109,B81009,Paracet_Tab 500mg,0407010H0AAAMAM,4,0.011199999999999932
106,B81009,Paracet_Tab 500mg,0407010H0AAAMAM,4,0.011199999999999932
238,B81009,Atorvastatin_Tab 20mg,0212000B0AAABAB,2,0.01080000000000006
515,B81050,Atorvastatin_Tab 10mg,0212000B0AAAAAA,5,0.010500000000000058
516,B81029,Atorvastatin_Tab 10mg,0212000B0AAAAAA,5,0.010500000000000058
110,B81009,Paracet_Tab 500mg,0407010H0AAAMAM,3,0.008999999999999946
111,B81009,Paracet_Tab 500mg,0407010H0AAAMAM,3,0.008999999999999946
549,Y00540,Ferr Sulf_Tab 200mg,0901011P0AAACAC,1,0.008999999999999633
550,B81061,Ferr Sulf_Tab 200mg,0901011P0AAACAC,1,0.008999999999999633
496,B81004,Mesalazine_Tab E/C 800mg,0105010B0AAASAS,1,0.008999999999999009
495,B81051,Mesalazine_Tab E/C 800mg,0105010B0AAASAS,1,0.008999999999999009
578,B81013,Atorvastatin_Tab 80mg,0212000B0AAADAD,4,0.00840000000000024
579,B81653,Atorvastatin_Tab 80mg,0212000B0AAADAD,4,0.00840000000000024
580,B81006,Atorvastatin_Tab 80mg,0212000B0AAADAD,4,0.00840000000000024
577,B81010,Atorvastatin_Tab 80mg,0212000B0AAADAD,2,0.00840000000000024
576,B81050,Atorvastatin_Tab 80mg,0212000B0AAADAD,4,0.00840000000000024
575,B81041,Atorvastatin_Tab 80mg,0212000B0AAADAD,2,0.00840000000000024
518,B81014,Atorvastatin_Tab 10mg,0212000B0AAAAAA,4,0.008400000000000046
519,B81024,Atorvastatin_Tab 10mg,0212000B0AAAAAA,4,0.008400000000000046
517,B81069,Atorvastatin_Tab 10mg,0212000B0AAAAAA,4,0.008400000000000046
581,B81100,Atorvastatin_Tab 80mg,0212000B0AAADAD,3,0.0063000000000001805
521,B81041,Atorvastatin_Tab 10mg,0212000B0AAAAAA,3,0.006300000000000035
520,B81060,Atorvastatin_Tab 10mg,0212000B0AAAAAA,3,0.006300000000000035
239,B81024,Atorvastatin_Tab 20mg,0212000B0AAABAB,1,0.006000000000000172
123,B81092,Paracet_Tab 500mg,0407010H0AAAMAM,1,0.005999999999999964
127,B81051,Paracet_Tab 500mg,0407010H0AAAMAM,1,0.005999999999999964
126,B81034,Paracet_Tab 500mg,0407010H0AAAMAM,1,0.005999999999999964
125,B81602,Paracet_Tab 500mg,0407010H0AAAMAM,1,0.005999999999999964
124,B81092,Paracet_Tab 500mg,0407010H0AAAMAM,1,0.005999999999999964
120,B81602,Paracet_Tab 500mg,0407010H0AAAMAM,1,0.005999999999999964
122,B81658,Paracet_Tab 500mg,0407010H0AAAMAM,1,0.005999999999999964
121,B81034,Paracet_Tab 500mg,0407010H0AAAMAM,1,0.005999999999999964
119,B81004,Paracet_Tab 500mg,0407010H0AAAMAM,1,0.005999999999999964
117,B81004,Paracet_Tab 500mg,0407010H0AAAMAM,1,0.005999999999999964
116,B81092,Paracet_Tab 500mg,0407010H0AAAMAM,2,0.005999999999999964
115,B81658,Paracet_Tab 500mg,0407010H0AAAMAM,1,0.005999999999999964
114,B81051,Paracet_Tab 500mg,0407010H0AAAMAM,1,0.005999999999999964
113,B81088,Paracet_Tab 500mg,0407010H0AAAMAM,1,0.005999999999999964
112,B81088,Paracet_Tab 500mg,0407010H0AAAMAM,1,0.005999999999999964
118,B81092,Paracet_Tab 500mg,0407010H0AAAMAM,2,0.005999999999999964
603,B81061,Acetazolamide_Tab 250mg,1106000B0AAACAC,1,0.0056000000000009376
604,B81006,Acetazolamide_Tab 250mg,1106000B0AAACAC,1,0.0056000000000009376
605,B81014,Acetazolamide_Tab 250mg,1106000B0AAACAC,1,0.0056000000000009376
606,Y02656,Acetazolamide_Tab 250mg,1106000B0AAACAC,1,0.0056000000000009376
129,B81042,Paracet_Tab 500mg,0407010H0AAAMAM,1,0.005599999999999994
128,B81042,Paracet_Tab 500mg,0407010H0AAAMAM,1,0.005599999999999994
131,B81051,Paracet_Tab 500mg,0407010H0AAAMAM,2,0.005599999999999966
130,B81051,Paracet_Tab 500mg,0407010H0AAAMAM,2,0.005599999999999966
133,B81069,Paracet_Tab 500mg,0407010H0AAAMAM,2,0.005599999999999966
132,B81069,Paracet_Tab 500mg,0407010H0AAAMAM,2,0.005599999999999966
240,B81006,Atorvastatin_Tab 20mg,0212000B0AAABAB,1,0.004700000000000135
582,B81024,Atorvastatin_Tab 80mg,0212000B0AAADAD,1,0.00420000000000012
583,B81061,Atorvastatin_Tab 80mg,0212000B0AAADAD,1,0.00420000000000012
524,B81006,Atorvastatin_Tab 10mg,0212000B0AAAAAA,2,0.004200000000000023
526,B81101,Atorvastatin_Tab 10mg,0212000B0AAAAAA,2,0.004200000000000023
522,B81101,Atorvastatin_Tab 10mg,0212000B0AAAAAA,1,0.004200000000000023
525,B81061,Atorvastatin_Tab 10mg,0212000B0AAAAAA,1,0.004200000000000023
523,B81034,Atorvastatin_Tab 10mg,0212000B0AAAAAA,1,0.004200000000000023
259,B81006,Memantine HCl_Tab 20mg,0411000G0AAADAD,1,0.004199999999999975
136,B81092,Paracet_Tab 500mg,0407010H0AAAMAM,1,0.0040000000000000105
137,B81092,Paracet_Tab 500mg,0407010H0AAAMAM,1,0.0040000000000000105
135,B81068,Paracet_Tab 500mg,0407010H0AAAMAM,1,0.0040000000000000105
134,B81068,Paracet_Tab 500mg,0407010H0AAAMAM,1,0.0040000000000000105
595,B81013,Montelukast_Tab 10mg,0303020G0AAABAB,1,0.0034000000000000974
527,B81009,Atorvastatin_Tab 10mg,0212000B0AAAAAA,1,0.003200000000000036
528,B81010,Atorvastatin_Tab 10mg,0212000B0AAAAAA,1,0.0030999999999999812
585,B81658,Atorvastatin_Tab 80mg,0212000B0AAADAD,1,0.003000000000000086
584,B81009,Atorvastatin_Tab 80mg,0212000B0AAADAD,1,0.003000000000000086
242,B81037,Atorvastatin_Tab 20mg,0212000B0AAABAB,1,0.0030000000000000165
241,B81009,Atorvastatin_Tab 20mg,0212000B0AAABAB,1,0.0030000000000000165
141,B81060,Paracet_Tab 500mg,0407010H0AAAMAM,1,0.002999999999999982
142,B81029,Paracet_Tab 500mg,0407010H0AAAMAM,1,0.002999999999999982
138,B81068,Paracet_Tab 500mg,0407010H0AAAMAM,1,0.002999999999999982
149,B81029,Paracet_Tab 500mg,0407010H0AAAMAM,1,0.002999999999999982
147,B81014,Paracet_Tab 500mg,0407010H0AAAMAM,1,0.002999999999999982
146,B81014,Paracet_Tab 500mg,0407010H0AAAMAM,1,0.002999999999999982
140,B81060,Paracet_Tab 500mg,0407010H0AAAMAM,1,0.002999999999999982
139,B81037,Paracet_Tab 500mg,0407010H0AAAMAM,1,0.002999999999999982
148,B81025,Paracet_Tab 500mg,0407010H0AAAMAM,1,0.002999999999999982
144,B81037,Paracet_Tab 500mg,0407010H0AAAMAM,1,0.002999999999999982
143,B81025,Paracet_Tab 500mg,0407010H0AAAMAM,1,0.002999999999999982
145,B81068,Paracet_Tab 500mg,0407010H0AAAMAM,1,0.002999999999999982
607,B81042,Acetazolamide_Tab 250mg,1106000B0AAACAC,1,0.0028000000000004688
608,B81050,Acetazolamide_Tab 250mg,1106000B0AAACAC,1,0.0028000000000004688
152,B81068,Paracet_Tab 500mg,0407010H0AAAMAM,1,0.002799999999999983
150,B81013,Paracet_Tab 500mg,0407010H0AAAMAM,1,0.002799999999999983
151,B81037,Paracet_Tab 500mg,0407010H0AAAMAM,1,0.002799999999999983
153,B81037,Paracet_Tab 500mg,0407010H0AAAMAM,1,0.002799999999999983
154,B81013,Paracet_Tab 500mg,0407010H0AAAMAM,1,0.002799999999999983
155,B81068,Paracet_Tab 500mg,0407010H0AAAMAM,1,0.002799999999999983
596,B81013,Montelukast_Tab 10mg,0303020G0AAABAB,1,0.0025000000000000716
156,B81029,Paracet_Tab 500mg,0407010H0AAAMAM,1,0.002400000000000027
157,B81069,Paracet_Tab 500mg,0407010H0AAAMAM,1,0.002400000000000027
158,B81029,Paracet_Tab 500mg,0407010H0AAAMAM,1,0.002400000000000027
159,B81069,Paracet_Tab 500mg,0407010H0AAAMAM,1,0.002400000000000027
586,B81068,Atorvastatin_Tab 80mg,0212000B0AAADAD,1,0.00210000000000006
243,B81009,Atorvastatin_Tab 20mg,0212000B0AAABAB,1,0.0020000000000000573
551,B81037,Ferr Sulf_Tab 200mg,0901011P0AAACAC,1,0.001999999999999988
161,B81041,Paracet_Tab 500mg,0407010H0AAAMAM,1,0.0006999999999999958
160,B81041,Paracet_Tab 500mg,0407010H0AAAMAM,1,0.0006999999999999958
244,B81014,Atorvastatin_Tab 20mg,0212000B0AAABAB,1,-0.0007999999999999674
163,B81029,Paracet_Tab 500mg,0407010H0AAAMAM,1,-0.0011999999999999997
162,B81029,Paracet_Tab 500mg,0407010H0AAAMAM,1,-0.0011999999999999997
245,B81010,Atorvastatin_Tab 20mg,0212000B0AAABAB,1,-0.0014999999999999389
529,B81014,Atorvastatin_Tab 10mg,0212000B0AAAAAA,1,-0.001499999999999991
165,B81025,Paracet_Tab 500mg,0407010H0AAAMAM,1,-0.001999999999999988
164,B81025,Paracet_Tab 500mg,0407010H0AAAMAM,1,-0.001999999999999988
552,B81004,Ferr Sulf_Tab 200mg,0901011P0AAACAC,1,-0.00210000000000006
587,Y00528,Atorvastatin_Tab 80mg,0212000B0AAADAD,1,-0.0021999999999999797
246,B81006,Atorvastatin_Tab 20mg,0212000B0AAABAB,1,-0.0022999999999999063
247,B81051,Atorvastatin_Tab 20mg,0212000B0AAABAB,1,-0.0029999999999998778
531,B81082,Atorvastatin_Tab 10mg,0212000B0AAAAAA,1,-0.0031999999999999806
530,B81013,Atorvastatin_Tab 10mg,0212000B0AAAAAA,1,-0.0031999999999999806
588,B81014,Atorvastatin_Tab 80mg,0212000B0AAADAD,1,-0.0035999999999999366
168,B81004,Paracet_Tab 500mg,0407010H0AAAMAM,1,-0.003999999999999976
169,B81004,Paracet_Tab 500mg,0407010H0AAAMAM,1,-0.003999999999999976
532,B81009,Atorvastatin_Tab 10mg,0212000B0AAAAAA,1,-0.003999999999999976
166,B81004,Paracet_Tab 500mg,0407010H0AAAMAM,2,-0.003999999999999976
167,B81004,Paracet_Tab 500mg,0407010H0AAAMAM,2,-0.003999999999999976
533,B81006,Atorvastatin_Tab 10mg,0212000B0AAAAAA,1,-0.004199999999999975
589,B81061,Atorvastatin_Tab 80mg,0212000B0AAADAD,1,-0.0043999999999999595
590,B81010,Atorvastatin_Tab 80mg,0212000B0AAADAD,1,-0.0043999999999999595
609,B81061,Acetazolamide_Tab 250mg,1106000B0AAACAC,2,-0.004799999999999471
175,B81101,Paracet_Tab 500mg,0407010H0AAAMAM,1,-0.005599999999999966
170,B81006,Paracet_Tab 500mg,0407010H0AAAMAM,1,-0.005599999999999966
171,B81070,Paracet_Tab 500mg,0407010H0AAAMAM,1,-0.005599999999999966
172,B81006,Paracet_Tab 500mg,0407010H0AAAMAM,1,-0.005599999999999966
173,B81070,Paracet_Tab 500mg,0407010H0AAAMAM,1,-0.005599999999999966
174,B81101,Paracet_Tab 500mg,0407010H0AAAMAM,1,-0.005599999999999966
610,B81034,Acetazolamide_Tab 250mg,1106000B0AAACAC,1,-0.005999999999999339
553,B81061,Ferr Sulf_Tab 200mg,0901011P0AAACAC,3,-0.0063000000000001805
176,B81062,Paracet_Tab 500mg,0407010H0AAAMAM,2,-0.007999999999999952
177,B81062,Paracet_Tab 500mg,0407010H0AAAMAM,2,-0.007999999999999952
554,B81024,Ferr Sulf_Tab 200mg,0901011P0AAACAC,4,-0.00840000000000024
555,B81619,Ferr Sulf_Tab 200mg,0901011P0AAACAC,4,-0.00840000000000024
534,B81029,Atorvastatin_Tab 10mg,0212000B0AAAAAA,3,-0.008999999999999946
179,B81101,Paracet_Tab 500mg,0407010H0AAAMAM,2,-0.009599999999999942
178,B81101,Paracet_Tab 500mg,0407010H0AAAMAM,2,-0.009599999999999942
556,B81068,Ferr Sulf_Tab 200mg,0901011P0AAACAC,5,-0.0105000000000003
181,B81653,Paracet_Tab 500mg,0407010H0AAAMAM,2,-0.011199999999999932
180,B81653,Paracet_Tab 500mg,0407010H0AAAMAM,2,-0.011199999999999932
182,B81100,Paracet_Tab 500mg,0407010H0AAAMAM,3,-0.0167999999999999
183,B81100,Paracet_Tab 500mg,0407010H0AAAMAM,3,-0.0167999999999999
184,B81041,Paracet_Tab 500mg,0407010H0AAAMAM,4,-0.022399999999999864
185,B81041,Paracet_Tab 500mg,0407010H0AAAMAM,4,-0.022399999999999864
186,B81619,Paracet_Tab 500mg,0407010H0AAAMAM,4,-0.022399999999999864
187,B81619,Paracet_Tab 500mg,0407010H0AAAMAM,4,-0.022399999999999864
557,B81051,Ferr Sulf_Tab 200mg,0901011P0AAACAC,13,-0.027300000000000782
188,B81062,Paracet_Tab 500mg,0407010H0AAAMAM,5,-0.02799999999999983
189,B81062,Paracet_Tab 500mg,0407010H0AAAMAM,5,-0.02799999999999983
194,B81060,Paracet_Tab 500mg,0407010H0AAAMAM,6,-0.0335999999999998
197,B81025,Paracet_Tab 500mg,0407010H0AAAMAM,6,-0.0335999999999998
196,B81060,Paracet_Tab 500mg,0407010H0AAAMAM,6,-0.0335999999999998
195,B81025,Paracet_Tab 500mg,0407010H0AAAMAM,6,-0.0335999999999998
193,Y02656,Paracet_Tab 500mg,0407010H0AAAMAM,6,-0.0335999999999998
192,Y02656,Paracet_Tab 500mg,0407010H0AAAMAM,6,-0.0335999999999998
191,B81014,Paracet_Tab 500mg,0407010H0AAAMAM,6,-0.0335999999999998
190,B81014,Paracet_Tab 500mg,0407010H0AAAMAM,6,-0.0335999999999998
198,B81069,Paracet_Tab 500mg,0407010H0AAAMAM,7,-0.03919999999999976
199,B81069,Paracet_Tab 500mg,0407010H0AAAMAM,7,-0.03919999999999976
200,B81037,Paracet_Tab 500mg,0407010H0AAAMAM,8,-0.04479999999999973
201,B81037,Paracet_Tab 500mg,0407010H0AAAMAM,8,-0.04479999999999973
202,B81068,Paracet_Tab 500mg,0407010H0AAAMAM,9,-0.050399999999999695
203,B81068,Paracet_Tab 500mg,0407010H0AAAMAM,9,-0.050399999999999695
204,B81034,Paracet_Tab 500mg,0407010H0AAAMAM,10,-0.05599999999999966
205,B81034,Paracet_Tab 500mg,0407010H0AAAMAM,10,-0.05599999999999966
206,B81004,Paracet_Tab 500mg,0407010H0AAAMAM,12,-0.0671999999999996
207,B81004,Paracet_Tab 500mg,0407010H0AAAMAM,12,-0.0671999999999996
208,B81658,Paracet_Tab 500mg,0407010H0AAAMAM,17,-0.09519999999999942
209,B81658,Paracet_Tab 500mg,0407010H0AAAMAM,17,-0.09519999999999942
211,B81042,Paracet_Tab 500mg,0407010H0AAAMAM,21,-0.11759999999999929
210,B81042,Paracet_Tab 500mg,0407010H0AAAMAM,21,-0.11759999999999929
213,B81010,Paracet_Tab 500mg,0407010H0AAAMAM,24,-0.1343999999999992
212,B81010,Paracet_Tab 500mg,0407010H0AAAMAM,24,-0.1343999999999992
214,B81051,Paracet_Tab 500mg,0407010H0AAAMAM,28,-0.15679999999999905
215,B81051,Paracet_Tab 500mg,0407010H0AAAMAM,28,-0.15679999999999905
217,B81024,Paracet_Tab 500mg,0407010H0AAAMAM,33,-0.18479999999999888
216,B81024,Paracet_Tab 500mg,0407010H0AAAMAM,33,-0.18479999999999888
219,B81061,Paracet_Tab 500mg,0407010H0AAAMAM,37,-0.20719999999999875
218,B81061,Paracet_Tab 500mg,0407010H0AAAMAM,37,-0.20719999999999875
221,B81010,Paracet_Tab 500mg,0407010H0AAAMAM,94,-0.9399999999999943
220,B81010,Paracet_Tab 500mg,0407010H0AAAMAM,94,-0.9399999999999943
223,B81041,Paracet_Tab 500mg,0407010H0AAAMAM,121,-1.2099999999999926
222,B81041,Paracet_Tab 500mg,0407010H0AAAMAM,121,-1.2099999999999926
224,B81042,Paracet_Tab 500mg,0407010H0AAAMAM,19,-1.2767999999999997
225,B81042,Paracet_Tab 500mg,0407010H0AAAMAM,19,-1.2767999999999997
226,B81602,Paracet_Tab 500mg,0407010H0AAAMAM,8,-1.4335999999999975
227,B81602,Paracet_Tab 500mg,0407010H0AAAMAM,8,-1.4335999999999975
498,B81004,Mesalazine_Tab E/C 800mg,0105010B0AAASAS,1,-18.441
497,B81051,Mesalazine_Tab E/C 800mg,0105010B0AAASAS,1,-18.441
