,practice_code,bnf_description,bnf_code,items,excess_cost
116,J82009,Escitalopram_Tab 20mg,0403030X0AAABAB,5,134.288
117,J82210,Anastrozole_Tab 1mg,0803041B0AAAAAA,5,123.004
121,J82009,Hydrocort_Tab 10mg,0603020J0AAADAD,2,111.55199999999999
128,J82119,Risedronate Sod_Tab 35mg,0606020R0AAADAD,8,68.48
0,J82119,Mesalazine_Tab E/C 400mg,0105010B0AAAAAA,2,68.448
126,J82633,Risperidone_Tab 6mg,040201030AAAFAF,2,58.4192
1,J82147,Mesalazine_Tab E/C 400mg,0105010B0AAAAAA,1,51.33599999999999
2,J82633,Mesalazine_Tab E/C 400mg,0105010B0AAAAAA,1,47.913599999999995
227,J82009,Omeprazole_Tab E/C 20mg,0103050P0AABDBD,6,43.848
4,J82098,Mesalazine_Tab E/C 400mg,0105010B0AAAAAA,1,31.942399999999996
3,J82134,Mesalazine_Tab E/C 400mg,0105010B0AAAAAA,1,31.942399999999996
127,J82134,Risperidone_Tab 6mg,040201030AAAFAF,1,29.2096
5,J82633,Mesalazine_Tab E/C 400mg,0105010B0AAAAAA,2,25.668
6,J82098,Mesalazine_Tab E/C 400mg,0105010B0AAAAAA,1,23.956799999999998
7,J82010,Mesalazine_Tab E/C 400mg,0105010B0AAAAAA,1,23.956799999999998
8,J82042,Mesalazine_Tab E/C 400mg,0105010B0AAAAAA,1,23.956799999999998
9,J82210,Mesalazine_Tab E/C 400mg,0105010B0AAAAAA,1,17.099999999999998
10,J82210,Mesalazine_Tab E/C 400mg,0105010B0AAAAAA,1,15.971199999999998
129,J82009,Paracet_Tab 500mg,0407010H0AAAMAM,47,11.580800000000004
130,J82009,Paracet_Tab 500mg,0407010H0AAAMAM,47,11.580800000000004
131,J82009,Paracet_Tab 500mg,0407010H0AAAMAM,56,10.080000000000016
132,J82009,Paracet_Tab 500mg,0407010H0AAAMAM,56,10.080000000000016
11,J82041,Mesalazine_Tab E/C 400mg,0105010B0AAAAAA,1,8.556
18,J82098,Clonazepam_Tab 500mcg,0408010F0AAABAB,13,8.226399999999984
12,J82196,Mesalazine_Tab E/C 400mg,0105010B0AAAAAA,2,7.985599999999999
20,J82098,Clonazepam_Tab 500mcg,0408010F0AAABAB,3,5.695199999999988
21,J82134,Clonazepam_Tab 500mcg,0408010F0AAABAB,9,5.695199999999988
19,J82134,Clonazepam_Tab 500mcg,0408010F0AAABAB,3,5.695199999999988
134,J82009,Paracet_Tab 500mg,0407010H0AAAMAM,4,5.656000000000001
133,J82009,Paracet_Tab 500mg,0407010H0AAAMAM,4,5.656000000000001
22,J82098,Clonazepam_Tab 500mcg,0408010F0AAABAB,5,5.649999999999988
24,J82134,Clonazepam_Tab 500mcg,0408010F0AAABAB,2,5.06239999999999
23,J82021,Clonazepam_Tab 500mcg,0408010F0AAABAB,8,5.06239999999999
25,J82098,Clonazepam_Tab 500mcg,0408010F0AAABAB,5,4.74599999999999
27,J82164,Clonazepam_Tab 500mcg,0408010F0AAABAB,1,4.519999999999991
26,J82646,Clonazepam_Tab 500mcg,0408010F0AAABAB,2,4.519999999999991
28,J82021,Clonazepam_Tab 500mcg,0408010F0AAABAB,14,4.429599999999991
29,J82164,Clonazepam_Tab 500mcg,0408010F0AAABAB,6,3.796799999999992
30,J82010,Clonazepam_Tab 500mcg,0408010F0AAABAB,3,3.796799999999992
31,J82134,Clonazepam_Tab 500mcg,0408010F0AAABAB,3,3.796799999999992
33,J82119,Clonazepam_Tab 500mcg,0408010F0AAABAB,4,3.796799999999992
34,J82010,Clonazepam_Tab 500mcg,0408010F0AAABAB,6,3.796799999999992
32,J82098,Clonazepam_Tab 500mcg,0408010F0AAABAB,3,3.796799999999992
35,J82009,Clonazepam_Tab 500mcg,0408010F0AAABAB,3,3.2591999999999954
228,J82042,Amiodarone HCl_Tab 200mg,0203020D0AAABAB,9,3.150000000000003
37,J82098,Clonazepam_Tab 500mcg,0408010F0AAABAB,6,2.847599999999994
36,J82042,Clonazepam_Tab 500mcg,0408010F0AAABAB,2,2.847599999999994
229,J82134,Amiodarone HCl_Tab 200mg,0203020D0AAABAB,4,2.8000000000000025
38,J82196,Clonazepam_Tab 500mcg,0408010F0AAABAB,4,2.531199999999995
230,J82164,Amiodarone HCl_Tab 200mg,0203020D0AAABAB,7,2.450000000000002
39,J82134,Clonazepam_Tab 500mcg,0408010F0AAABAB,5,2.372999999999995
43,J82042,Clonazepam_Tab 500mcg,0408010F0AAABAB,2,2.2599999999999953
42,J82196,Clonazepam_Tab 500mcg,0408010F0AAABAB,1,2.2599999999999953
40,J82041,Clonazepam_Tab 500mcg,0408010F0AAABAB,1,2.2599999999999953
44,J82147,Clonazepam_Tab 500mcg,0408010F0AAABAB,1,2.2599999999999953
41,J82005,Clonazepam_Tab 500mcg,0408010F0AAABAB,1,2.2599999999999953
46,J82119,Clonazepam_Tab 500mcg,0408010F0AAABAB,7,2.2147999999999954
45,J82164,Clonazepam_Tab 500mcg,0408010F0AAABAB,7,2.2147999999999954
232,J82021,Amiodarone HCl_Tab 200mg,0203020D0AAABAB,3,2.100000000000002
234,J82201,Amiodarone HCl_Tab 200mg,0203020D0AAABAB,3,2.100000000000002
231,J82098,Amiodarone HCl_Tab 200mg,0203020D0AAABAB,2,2.100000000000002
233,J82098,Amiodarone HCl_Tab 200mg,0203020D0AAABAB,6,2.100000000000002
47,J82164,Clonazepam_Tab 500mcg,0408010F0AAABAB,1,2.033999999999996
48,J82164,Clonazepam_Tab 500mcg,0408010F0AAABAB,1,1.898399999999996
52,J82010,Clonazepam_Tab 500mcg,0408010F0AAABAB,2,1.898399999999996
51,J82098,Clonazepam_Tab 500mcg,0408010F0AAABAB,6,1.898399999999996
50,J82163,Clonazepam_Tab 500mcg,0408010F0AAABAB,6,1.898399999999996
49,J82210,Clonazepam_Tab 500mcg,0408010F0AAABAB,4,1.898399999999996
237,J82010,Amiodarone HCl_Tab 200mg,0203020D0AAABAB,5,1.7500000000000016
236,J82119,Amiodarone HCl_Tab 200mg,0203020D0AAABAB,5,1.7500000000000016
235,J82041,Amiodarone HCl_Tab 200mg,0203020D0AAABAB,5,1.7500000000000016
55,J82134,Clonazepam_Tab 500mcg,0408010F0AAABAB,1,1.5819999999999967
57,J82640,Clonazepam_Tab 500mcg,0408010F0AAABAB,5,1.5819999999999967
56,J82210,Clonazepam_Tab 500mcg,0408010F0AAABAB,5,1.5819999999999967
54,J82119,Clonazepam_Tab 500mcg,0408010F0AAABAB,1,1.5819999999999967
53,J82196,Clonazepam_Tab 500mcg,0408010F0AAABAB,5,1.5819999999999967
58,J82163,Clonazepam_Tab 500mcg,0408010F0AAABAB,9,1.423799999999997
239,J82010,Amiodarone HCl_Tab 200mg,0203020D0AAABAB,2,1.4000000000000012
238,J82210,Amiodarone HCl_Tab 200mg,0203020D0AAABAB,2,1.4000000000000012
240,J82098,Amiodarone HCl_Tab 200mg,0203020D0AAABAB,2,1.4000000000000012
59,J82009,Clonazepam_Tab 500mcg,0408010F0AAABAB,2,1.3559999999999972
60,J82098,Clonazepam_Tab 500mcg,0408010F0AAABAB,1,1.3559999999999972
68,J82196,Clonazepam_Tab 500mcg,0408010F0AAABAB,1,1.2655999999999974
64,J82646,Clonazepam_Tab 500mcg,0408010F0AAABAB,1,1.2655999999999974
61,J82201,Clonazepam_Tab 500mcg,0408010F0AAABAB,2,1.2655999999999974
62,J82210,Clonazepam_Tab 500mcg,0408010F0AAABAB,2,1.2655999999999974
72,J82633,Clonazepam_Tab 500mcg,0408010F0AAABAB,1,1.2655999999999974
71,J82646,Clonazepam_Tab 500mcg,0408010F0AAABAB,4,1.2655999999999974
70,J82041,Clonazepam_Tab 500mcg,0408010F0AAABAB,1,1.2655999999999974
69,J82163,Clonazepam_Tab 500mcg,0408010F0AAABAB,2,1.2655999999999974
63,J82009,Clonazepam_Tab 500mcg,0408010F0AAABAB,1,1.2655999999999974
67,J82010,Clonazepam_Tab 500mcg,0408010F0AAABAB,4,1.2655999999999974
66,J82119,Clonazepam_Tab 500mcg,0408010F0AAABAB,1,1.2655999999999974
65,J82134,Clonazepam_Tab 500mcg,0408010F0AAABAB,4,1.2655999999999974
73,J82196,Clonazepam_Tab 500mcg,0408010F0AAABAB,5,1.1864999999999974
75,J82201,Clonazepam_Tab 500mcg,0408010F0AAABAB,1,1.1299999999999977
74,J82134,Clonazepam_Tab 500mcg,0408010F0AAABAB,1,1.1299999999999977
242,J82163,Amiodarone HCl_Tab 200mg,0203020D0AAABAB,3,1.050000000000001
243,J82646,Amiodarone HCl_Tab 200mg,0203020D0AAABAB,1,1.050000000000001
241,J82134,Amiodarone HCl_Tab 200mg,0203020D0AAABAB,3,1.050000000000001
76,J82134,Clonazepam_Tab 500mcg,0408010F0AAABAB,28,1.0331999999999981
82,J82042,Clonazepam_Tab 500mcg,0408010F0AAABAB,1,0.949199999999998
77,J82201,Clonazepam_Tab 500mcg,0408010F0AAABAB,3,0.949199999999998
83,J82009,Clonazepam_Tab 500mcg,0408010F0AAABAB,1,0.949199999999998
78,J82646,Clonazepam_Tab 500mcg,0408010F0AAABAB,1,0.949199999999998
81,J82041,Clonazepam_Tab 500mcg,0408010F0AAABAB,3,0.949199999999998
80,J82134,Clonazepam_Tab 500mcg,0408010F0AAABAB,1,0.949199999999998
79,J82042,Clonazepam_Tab 500mcg,0408010F0AAABAB,3,0.949199999999998
85,J82010,Clonazepam_Tab 500mcg,0408010F0AAABAB,5,0.7909999999999984
84,J82164,Clonazepam_Tab 500mcg,0408010F0AAABAB,5,0.7909999999999984
248,J82646,Amiodarone HCl_Tab 200mg,0203020D0AAABAB,1,0.7000000000000006
250,J82210,Amiodarone HCl_Tab 200mg,0203020D0AAABAB,2,0.7000000000000006
249,J82147,Amiodarone HCl_Tab 200mg,0203020D0AAABAB,1,0.7000000000000006
245,J82005,Amiodarone HCl_Tab 200mg,0203020D0AAABAB,2,0.7000000000000006
247,J82163,Amiodarone HCl_Tab 200mg,0203020D0AAABAB,1,0.7000000000000006
246,J82184,Amiodarone HCl_Tab 200mg,0203020D0AAABAB,2,0.7000000000000006
252,J82147,Amiodarone HCl_Tab 200mg,0203020D0AAABAB,2,0.7000000000000006
244,J82633,Amiodarone HCl_Tab 200mg,0203020D0AAABAB,1,0.7000000000000006
251,J82640,Amiodarone HCl_Tab 200mg,0203020D0AAABAB,2,0.7000000000000006
86,J82098,Clonazepam_Tab 500mcg,0408010F0AAABAB,1,0.6943999999999992
87,J82009,Clonazepam_Tab 500mcg,0408010F0AAABAB,2,0.6779999999999986
88,J82147,Clonazepam_Tab 500mcg,0408010F0AAABAB,1,0.6779999999999986
89,J82134,Clonazepam_Tab 500mcg,0408010F0AAABAB,1,0.6779999999999986
90,J82633,Clonazepam_Tab 500mcg,0408010F0AAABAB,1,0.6327999999999987
91,J82646,Clonazepam_Tab 500mcg,0408010F0AAABAB,1,0.6327999999999987
92,J82633,Clonazepam_Tab 500mcg,0408010F0AAABAB,2,0.6327999999999987
93,J82042,Clonazepam_Tab 500mcg,0408010F0AAABAB,1,0.6327999999999987
94,J82134,Clonazepam_Tab 500mcg,0408010F0AAABAB,4,0.6327999999999987
95,J82184,Clonazepam_Tab 500mcg,0408010F0AAABAB,1,0.6327999999999987
96,J82098,Clonazepam_Tab 500mcg,0408010F0AAABAB,1,0.5699999999999983
97,J82640,Clonazepam_Tab 500mcg,0408010F0AAABAB,1,0.5699999999999983
99,J82042,Clonazepam_Tab 500mcg,0408010F0AAABAB,1,0.474599999999999
98,J82164,Clonazepam_Tab 500mcg,0408010F0AAABAB,1,0.474599999999999
100,J82633,Clonazepam_Tab 500mcg,0408010F0AAABAB,1,0.474599999999999
101,J82134,Clonazepam_Tab 500mcg,0408010F0AAABAB,5,0.3954999999999992
253,J82633,Amiodarone HCl_Tab 200mg,0203020D0AAABAB,1,0.3500000000000003
254,J82021,Amiodarone HCl_Tab 200mg,0203020D0AAABAB,1,0.3500000000000003
256,J82196,Amiodarone HCl_Tab 200mg,0203020D0AAABAB,1,0.3500000000000003
255,J82201,Amiodarone HCl_Tab 200mg,0203020D0AAABAB,1,0.3500000000000003
102,Y01281,Clonazepam_Tab 500mcg,0408010F0AAABAB,1,0.3389999999999993
103,J82042,Clonazepam_Tab 500mcg,0408010F0AAABAB,1,0.3389999999999993
257,J82134,Amiodarone HCl_Tab 200mg,0203020D0AAABAB,4,0.3388
104,J82184,Clonazepam_Tab 500mcg,0408010F0AAABAB,1,0.31639999999999935
105,J82196,Clonazepam_Tab 500mcg,0408010F0AAABAB,4,0.31639999999999935
106,J82009,Clonazepam_Tab 500mcg,0408010F0AAABAB,1,0.31639999999999935
107,J82119,Clonazepam_Tab 500mcg,0408010F0AAABAB,2,0.31639999999999935
108,J82163,Clonazepam_Tab 500mcg,0408010F0AAABAB,4,0.31639999999999935
109,J82633,Clonazepam_Tab 500mcg,0408010F0AAABAB,2,0.31639999999999935
110,J82005,Clonazepam_Tab 500mcg,0408010F0AAABAB,1,0.31639999999999935
258,J82640,Amiodarone HCl_Tab 200mg,0203020D0AAABAB,1,0.25400000000000034
111,J82098,Clonazepam_Tab 500mcg,0408010F0AAABAB,1,0.22199999999999998
112,J82196,Clonazepam_Tab 500mcg,0408010F0AAABAB,1,0.15819999999999967
113,J82042,Clonazepam_Tab 500mcg,0408010F0AAABAB,1,0.15819999999999967
259,J82119,Amiodarone HCl_Tab 200mg,0203020D0AAABAB,1,0.14880000000000027
114,J82134,Clonazepam_Tab 500mcg,0408010F0AAABAB,1,0.09439999999999982
115,J82021,Clonazepam_Tab 500mcg,0408010F0AAABAB,1,0.07909999999999984
135,J82005,Paracet_Tab 500mg,0407010H0AAAMAM,12,0.052800000000000014
136,J82005,Paracet_Tab 500mg,0407010H0AAAMAM,12,0.052800000000000014
137,J82134,Paracet_Tab 500mg,0407010H0AAAMAM,13,0.03639999999999978
138,J82134,Paracet_Tab 500mg,0407010H0AAAMAM,13,0.03639999999999978
140,J82163,Paracet_Tab 500mg,0407010H0AAAMAM,9,0.025199999999999848
139,J82163,Paracet_Tab 500mg,0407010H0AAAMAM,9,0.025199999999999848
118,J82163,Anastrozole_Tab 1mg,0803041B0AAAAAA,5,0.024500000000000216
141,J82210,Paracet_Tab 500mg,0407010H0AAAMAM,4,0.023999999999999855
142,J82210,Paracet_Tab 500mg,0407010H0AAAMAM,4,0.023999999999999855
143,J82164,Paracet_Tab 500mg,0407010H0AAAMAM,8,0.022399999999999864
144,J82164,Paracet_Tab 500mg,0407010H0AAAMAM,8,0.022399999999999864
145,J82633,Paracet_Tab 500mg,0407010H0AAAMAM,3,0.01799999999999989
146,J82633,Paracet_Tab 500mg,0407010H0AAAMAM,3,0.01799999999999989
147,J82210,Paracet_Tab 500mg,0407010H0AAAMAM,4,0.0167999999999999
148,J82640,Paracet_Tab 500mg,0407010H0AAAMAM,4,0.0167999999999999
149,J82640,Paracet_Tab 500mg,0407010H0AAAMAM,4,0.0167999999999999
150,J82201,Paracet_Tab 500mg,0407010H0AAAMAM,4,0.0167999999999999
151,J82201,Paracet_Tab 500mg,0407010H0AAAMAM,4,0.0167999999999999
152,J82210,Paracet_Tab 500mg,0407010H0AAAMAM,4,0.0167999999999999
153,J82646,Paracet_Tab 500mg,0407010H0AAAMAM,2,0.011999999999999927
154,J82646,Paracet_Tab 500mg,0407010H0AAAMAM,2,0.011999999999999927
156,J82134,Paracet_Tab 500mg,0407010H0AAAMAM,4,0.00839999999999995
155,J82134,Paracet_Tab 500mg,0407010H0AAAMAM,4,0.00839999999999995
165,J82119,Paracet_Tab 500mg,0407010H0AAAMAM,1,0.005999999999999964
157,J82009,Paracet_Tab 500mg,0407010H0AAAMAM,1,0.005999999999999964
158,J82005,Paracet_Tab 500mg,0407010H0AAAMAM,1,0.005999999999999964
159,J82098,Paracet_Tab 500mg,0407010H0AAAMAM,1,0.005999999999999964
160,J82009,Paracet_Tab 500mg,0407010H0AAAMAM,1,0.005999999999999964
161,J82134,Paracet_Tab 500mg,0407010H0AAAMAM,1,0.005999999999999964
162,J82005,Paracet_Tab 500mg,0407010H0AAAMAM,1,0.005999999999999964
163,J82134,Paracet_Tab 500mg,0407010H0AAAMAM,1,0.005999999999999964
164,J82042,Paracet_Tab 500mg,0407010H0AAAMAM,1,0.005999999999999964
166,J82042,Paracet_Tab 500mg,0407010H0AAAMAM,1,0.005999999999999964
167,J82098,Paracet_Tab 500mg,0407010H0AAAMAM,1,0.005999999999999964
168,J82119,Paracet_Tab 500mg,0407010H0AAAMAM,1,0.005999999999999964
119,J82042,Anastrozole_Tab 1mg,0803041B0AAAAAA,1,0.004900000000000043
120,J82134,Anastrozole_Tab 1mg,0803041B0AAAAAA,1,0.004799999999999471
169,J82201,Paracet_Tab 500mg,0407010H0AAAMAM,1,0.004599999999999972
170,J82201,Paracet_Tab 500mg,0407010H0AAAMAM,1,0.004599999999999972
171,J82164,Paracet_Tab 500mg,0407010H0AAAMAM,3,0.004199999999999975
176,J82021,Paracet_Tab 500mg,0407010H0AAAMAM,1,0.004199999999999975
175,J82098,Paracet_Tab 500mg,0407010H0AAAMAM,1,0.004199999999999975
174,J82164,Paracet_Tab 500mg,0407010H0AAAMAM,3,0.004199999999999975
173,J82021,Paracet_Tab 500mg,0407010H0AAAMAM,1,0.004199999999999975
172,J82098,Paracet_Tab 500mg,0407010H0AAAMAM,1,0.004199999999999975
178,J82134,Paracet_Tab 500mg,0407010H0AAAMAM,1,0.002999999999999982
177,J82196,Paracet_Tab 500mg,0407010H0AAAMAM,1,0.002999999999999982
179,J82196,Paracet_Tab 500mg,0407010H0AAAMAM,1,0.002999999999999982
180,J82164,Paracet_Tab 500mg,0407010H0AAAMAM,1,0.002999999999999982
181,J82134,Paracet_Tab 500mg,0407010H0AAAMAM,1,0.002999999999999982
182,J82164,Paracet_Tab 500mg,0407010H0AAAMAM,1,0.002999999999999982
185,J82196,Paracet_Tab 500mg,0407010H0AAAMAM,1,0.002799999999999983
183,J82196,Paracet_Tab 500mg,0407010H0AAAMAM,1,0.002799999999999983
186,J82098,Paracet_Tab 500mg,0407010H0AAAMAM,1,0.002799999999999983
184,J82098,Paracet_Tab 500mg,0407010H0AAAMAM,1,0.002799999999999983
187,J82134,Paracet_Tab 500mg,0407010H0AAAMAM,1,-0.003599999999999999
188,J82134,Paracet_Tab 500mg,0407010H0AAAMAM,1,-0.003599999999999999
189,J82009,Paracet_Tab 500mg,0407010H0AAAMAM,1,-0.004799999999999971
190,J82009,Paracet_Tab 500mg,0407010H0AAAMAM,1,-0.004799999999999971
191,J82147,Paracet_Tab 500mg,0407010H0AAAMAM,1,-0.004799999999999971
192,J82119,Paracet_Tab 500mg,0407010H0AAAMAM,1,-0.004799999999999971
193,J82119,Paracet_Tab 500mg,0407010H0AAAMAM,1,-0.004799999999999971
194,J82147,Paracet_Tab 500mg,0407010H0AAAMAM,1,-0.004799999999999971
196,J82041,Paracet_Tab 500mg,0407010H0AAAMAM,1,-0.005599999999999966
197,J82184,Paracet_Tab 500mg,0407010H0AAAMAM,1,-0.005599999999999966
198,J82041,Paracet_Tab 500mg,0407010H0AAAMAM,1,-0.005599999999999966
195,J82184,Paracet_Tab 500mg,0407010H0AAAMAM,1,-0.005599999999999966
123,Y01281,Hydrocort_Tab 10mg,0603020J0AAADAD,1,-0.011199999999998766
122,J82041,Hydrocort_Tab 10mg,0603020J0AAADAD,1,-0.011199999999998766
203,J82210,Paracet_Tab 500mg,0407010H0AAAMAM,2,-0.011199999999999932
202,J82009,Paracet_Tab 500mg,0407010H0AAAMAM,2,-0.011199999999999932
199,J82633,Paracet_Tab 500mg,0407010H0AAAMAM,2,-0.011199999999999932
200,J82009,Paracet_Tab 500mg,0407010H0AAAMAM,2,-0.011199999999999932
201,J82210,Paracet_Tab 500mg,0407010H0AAAMAM,2,-0.011199999999999932
204,J82633,Paracet_Tab 500mg,0407010H0AAAMAM,2,-0.011199999999999932
13,J82210,Mesalazine_Tab E/C 400mg,0105010B0AAAAAA,1,-0.011999999999998678
207,J82119,Paracet_Tab 500mg,0407010H0AAAMAM,3,-0.0167999999999999
208,J82119,Paracet_Tab 500mg,0407010H0AAAMAM,3,-0.0167999999999999
206,J82201,Paracet_Tab 500mg,0407010H0AAAMAM,3,-0.0167999999999999
205,J82201,Paracet_Tab 500mg,0407010H0AAAMAM,3,-0.0167999999999999
124,J82009,Hydrocort_Tab 10mg,0603020J0AAADAD,2,-0.022399999999997533
209,J82021,Paracet_Tab 500mg,0407010H0AAAMAM,5,-0.02799999999999983
210,J82021,Paracet_Tab 500mg,0407010H0AAAMAM,5,-0.02799999999999983
125,J82134,Hydrocort_Tab 10mg,0603020J0AAADAD,3,-0.0335999999999963
211,J82010,Paracet_Tab 500mg,0407010H0AAAMAM,6,-0.0335999999999998
212,J82010,Paracet_Tab 500mg,0407010H0AAAMAM,6,-0.0335999999999998
214,J82098,Paracet_Tab 500mg,0407010H0AAAMAM,7,-0.03919999999999976
213,J82098,Paracet_Tab 500mg,0407010H0AAAMAM,7,-0.03919999999999976
215,J82196,Paracet_Tab 500mg,0407010H0AAAMAM,8,-0.04479999999999973
216,J82196,Paracet_Tab 500mg,0407010H0AAAMAM,8,-0.04479999999999973
217,J82005,Paracet_Tab 500mg,0407010H0AAAMAM,9,-0.050399999999999695
218,J82005,Paracet_Tab 500mg,0407010H0AAAMAM,9,-0.050399999999999695
219,J82164,Paracet_Tab 500mg,0407010H0AAAMAM,15,-0.08399999999999949
220,J82164,Paracet_Tab 500mg,0407010H0AAAMAM,15,-0.08399999999999949
221,J82640,Paracet_Tab 500mg,0407010H0AAAMAM,17,-0.09519999999999942
222,J82640,Paracet_Tab 500mg,0407010H0AAAMAM,17,-0.09519999999999942
223,J82163,Paracet_Tab 500mg,0407010H0AAAMAM,26,-0.14559999999999912
224,J82163,Paracet_Tab 500mg,0407010H0AAAMAM,26,-0.14559999999999912
226,J82134,Paracet_Tab 500mg,0407010H0AAAMAM,74,-0.4143999999999975
225,J82134,Paracet_Tab 500mg,0407010H0AAAMAM,74,-0.4143999999999975
14,J82042,Mesalazine_Tab E/C 400mg,0105010B0AAAAAA,1,-17.112
15,J82633,Mesalazine_Tab E/C 400mg,0105010B0AAAAAA,2,-25.667999999999992
16,J82196,Mesalazine_Tab E/C 400mg,0105010B0AAAAAA,1,-25.667999999999996
17,J82042,Mesalazine_Tab E/C 400mg,0105010B0AAAAAA,1,-38.501999999999995
