,practice_code,bnf_description,bnf_code,items,excess_cost
0,F83003,Amiodarone HCl_Tab 200mg,0203020D0AAABAB,2,1.7500000000000016
1,F83003,Carbimazole_Tab 5mg,0602020D0AAAAAA,2,0.009999999999998899
2,F83003,Clonazepam_Tab 500mcg,0408010F0AAABAB,2,1.6271999999999966
3,F83003,Pyridox HCl_Tab 50mg,0906024N0AAAIAI,1,1.4364000000000003
4,F83005,Clonazepam_Tab 500mcg,0408010F0AAABAB,4,1.898399999999996
5,F83005,Co-Codamol_Cap 8mg/500mg,0407010F0AAABAB,2,0.10240000000000116
6,F83006,Amiodarone HCl_Tab 200mg,0203020D0AAABAB,2,1.4000000000000012
7,F83006,Carbimazole_Tab 5mg,0602020D0AAAAAA,1,-0.0027999999999996916
8,F83006,Clonazepam_Tab 500mcg,0408010F0AAABAB,4,1.1299999999999977
9,F83006,Co-Codamol_Cap 8mg/500mg,0407010F0AAABAB,22,2.7940000000000307
10,F83006,Diltiazem HCl_Tab 60mg M/R,0206020C0AAAAAA,2,0.6160000000000021
11,F83011,Carbimazole_Tab 5mg,0602020D0AAAAAA,2,-0.011199999999998766
12,F83011,Clonazepam_Tab 500mcg,0408010F0AAABAB,3,2.2147999999999954
13,F83011,Co-Codamol_Cap 8mg/500mg,0407010F0AAABAB,4,0.6400000000000072
14,F83011,Diltiazem HCl_Tab 60mg M/R,0206020C0AAAAAA,2,0.7504000000000013
15,F83011,Pyridox HCl_Tab 50mg,0906024N0AAAIAI,1,0.23940000000000006
16,F83017,Amiodarone HCl_Tab 200mg,0203020D0AAABAB,4,1.7500000000000016
17,F83017,Amisulpride_Tab 400mg,0402010A0AAAEAE,3,1.2676000000000063
18,F83017,Carbimazole_Tab 5mg,0602020D0AAAAAA,2,0.00320000000000098
19,F83017,Clonazepam_Tab 500mcg,0408010F0AAABAB,18,11.842399999999975
20,F83017,Co-Codamol_Cap 8mg/500mg,0407010F0AAABAB,4,1.0752000000000121
21,F83017,Diltiazem HCl_Tab 60mg M/R,0206020C0AAAAAA,3,1.4080000000000048
22,F83017,Mesalazine_Tab E/C 400mg,0105010B0AAAAAA,1,23.956799999999998
23,F83017,Pyridox HCl_Tab 50mg,0906024N0AAAIAI,3,4.788
24,F83018,Amiodarone HCl_Tab 200mg,0203020D0AAABAB,2,1.050000000000001
25,F83018,Amisulpride_Tab 400mg,0402010A0AAAEAE,3,1.4852000000000083
26,F83018,Clonazepam_Tab 500mcg,0408010F0AAABAB,3,1.943599999999996
27,F83018,Co-Codamol_Cap 8mg/500mg,0407010F0AAABAB,2,0.7168000000000081
28,F83018,Diltiazem HCl_Tab 60mg M/R,0206020C0AAAAAA,3,0.9968000000000021
29,F83018,Mesalazine_Tab E/C 400mg,0105010B0AAAAAA,1,23.956799999999998
30,F83018,Risperidone_Tab 6mg,040201030AAAFAF,1,29.2096
31,F83019,Amiodarone HCl_Tab 200mg,0203020D0AAABAB,1,0.7000000000000006
32,F83019,Carbimazole_Tab 5mg,0602020D0AAAAAA,2,-0.008399999999999075
33,F83019,Clonazepam_Tab 500mcg,0408010F0AAABAB,17,5.186699999999989
34,F83020,Amiodarone HCl_Tab 200mg,0203020D0AAABAB,8,3.1388000000000025
35,F83020,Clonazepam_Tab 500mcg,0408010F0AAABAB,3,1.2881999999999973
36,F83020,Diltiazem HCl_Tab 60mg M/R,0206020C0AAAAAA,1,0.24640000000000084
37,F83022,Amiodarone HCl_Tab 200mg,0203020D0AAABAB,1,0.7000000000000006
38,F83022,Amisulpride_Tab 400mg,0402010A0AAAEAE,4,0.263199999999999
39,F83022,Carbimazole_Tab 5mg,0602020D0AAAAAA,3,35.8176
40,F83022,Clonazepam_Tab 500mcg,0408010F0AAABAB,6,4.158399999999991
41,F83022,Co-Codamol_Cap 8mg/500mg,0407010F0AAABAB,2,0.35840000000000405
42,F83022,Diltiazem HCl_Tab 60mg M/R,0206020C0AAAAAA,1,0.24640000000000084
43,F83022,Pyridox HCl_Tab 50mg,0906024N0AAAIAI,1,0.23940000000000006
44,F83022,Risperidone_Tab 6mg,040201030AAAFAF,1,29.2096
45,F83023,Amiodarone HCl_Tab 200mg,0203020D0AAABAB,3,1.7500000000000016
46,F83023,Amisulpride_Tab 400mg,0402010A0AAAEAE,3,1.0036000000000054
47,F83023,Carbimazole_Tab 5mg,0602020D0AAAAAA,3,-0.013999999999998458
48,F83023,Clonazepam_Tab 500mcg,0408010F0AAABAB,16,7.971499999999982
49,F83023,Co-Codamol_Cap 8mg/500mg,0407010F0AAABAB,6,0.9600000000000108
50,F83023,Diltiazem HCl_Tab 60mg M/R,0206020C0AAAAAA,4,2.486400000000006
51,F83023,Pyridox HCl_Tab 50mg,0906024N0AAAIAI,3,3.351600000000001
52,F83023,Risperidone_Tab 6mg,040201030AAAFAF,4,146.048
53,F83025,Amiodarone HCl_Tab 200mg,0203020D0AAABAB,1,0.3500000000000003
54,F83025,Amisulpride_Tab 400mg,0402010A0AAAEAE,3,1.0036000000000054
55,F83025,Carbimazole_Tab 5mg,0602020D0AAAAAA,2,-0.005599999999999383
56,F83025,Clonazepam_Tab 500mcg,0408010F0AAABAB,2,2.531199999999995
57,F83025,Co-Codamol_Cap 8mg/500mg,0407010F0AAABAB,8,1.2800000000000145
58,F83025,Diltiazem HCl_Tab 60mg M/R,0206020C0AAAAAA,3,1.0032000000000034
59,F83025,Pyridox HCl_Tab 50mg,0906024N0AAAIAI,2,1.4364000000000003
60,F83025,Risperidone_Tab 6mg,040201030AAAFAF,1,14.6048
61,F83042,Amiodarone HCl_Tab 200mg,0203020D0AAABAB,1,0.3500000000000003
62,F83042,Carbimazole_Tab 5mg,0602020D0AAAAAA,2,-0.011199999999998766
63,F83042,Diltiazem HCl_Tab 60mg M/R,0206020C0AAAAAA,2,1.478400000000005
64,F83042,Risperidone_Tab 6mg,040201030AAAFAF,1,116.8384
65,F83044,Carbimazole_Tab 5mg,0602020D0AAAAAA,1,0.008999999999999009
66,F83044,Clonazepam_Tab 500mcg,0408010F0AAABAB,1,0.6327999999999987
67,F83048,Amisulpride_Tab 400mg,0402010A0AAAEAE,8,0.7448000000000019
68,F83048,Carbimazole_Tab 5mg,0602020D0AAAAAA,1,-0.005599999999999383
69,F83048,Clonazepam_Tab 500mcg,0408010F0AAABAB,8,2.2147999999999954
70,F83048,Co-Codamol_Cap 8mg/500mg,0407010F0AAABAB,10,0.9856000000000111
71,F83048,Diltiazem HCl_Tab 60mg M/R,0206020C0AAAAAA,4,0.23520000000000207
72,F83050,Amisulpride_Tab 400mg,0402010A0AAAEAE,1,0.2640000000000009
73,F83050,Clonazepam_Tab 500mcg,0408010F0AAABAB,9,1.4691999999999976
74,F83050,Co-Codamol_Cap 8mg/500mg,0407010F0AAABAB,4,0.6400000000000072
75,F83050,Mesalazine_Tab E/C 400mg,0105010B0AAAAAA,1,38.501999999999995
76,F83052,Amiodarone HCl_Tab 200mg,0203020D0AAABAB,4,0.3388
77,F83052,Carbimazole_Tab 5mg,0602020D0AAAAAA,5,0.002000000000001112
78,F83052,Clonazepam_Tab 500mcg,0408010F0AAABAB,1,0.6779999999999986
79,F83052,Diltiazem HCl_Tab 60mg M/R,0206020C0AAAAAA,14,1.506400000000009
80,F83055,Amisulpride_Tab 400mg,0402010A0AAAEAE,3,1.2848000000000064
81,F83055,Carbimazole_Tab 5mg,0602020D0AAAAAA,7,-0.022399999999997533
82,F83055,Clonazepam_Tab 500mcg,0408010F0AAABAB,7,4.79119999999999
83,F83055,Co-Codamol_Cap 8mg/500mg,0407010F0AAABAB,4,0.4900000000000043
84,F83055,Diltiazem HCl_Tab 60mg M/R,0206020C0AAAAAA,2,0.7392000000000025
85,F83057,Amiodarone HCl_Tab 200mg,0203020D0AAABAB,5,0.6888000000000003
86,F83057,Carbimazole_Tab 5mg,0602020D0AAAAAA,1,-0.0027999999999996916
87,F83057,Clonazepam_Tab 500mcg,0408010F0AAABAB,4,2.2599999999999953
88,F83057,Co-Codamol_Cap 8mg/500mg,0407010F0AAABAB,2,0.3200000000000036
89,F83057,Diltiazem HCl_Tab 60mg M/R,0206020C0AAAAAA,1,0.24640000000000084
90,F83058,Amisulpride_Tab 400mg,0402010A0AAAEAE,1,0.5220000000000025
91,F83058,Carbimazole_Tab 5mg,0602020D0AAAAAA,3,-0.01679999999999815
92,F83058,Clonazepam_Tab 500mcg,0408010F0AAABAB,3,0.971799999999998
93,F83058,Mesalazine_Tab E/C 400mg,0105010B0AAAAAA,1,-25.667999999999996
94,F83059,Amiodarone HCl_Tab 200mg,0203020D0AAABAB,4,2.8000000000000025
95,F83059,Amisulpride_Tab 400mg,0402010A0AAAEAE,3,1.3080000000000058
96,F83059,Carbimazole_Tab 5mg,0602020D0AAAAAA,2,-0.011199999999998766
97,F83059,Clonazepam_Tab 500mcg,0408010F0AAABAB,12,7.8195999999999835
98,F83059,Co-Codamol_Cap 8mg/500mg,0407010F0AAABAB,8,0.4772000000000042
99,F83059,Diltiazem HCl_Tab 60mg M/R,0206020C0AAAAAA,4,1.5136000000000052
100,F83061,Amisulpride_Tab 400mg,0402010A0AAAEAE,1,0.5220000000000025
101,F83061,Carbimazole_Tab 5mg,0602020D0AAAAAA,2,-0.005599999999999383
102,F83061,Clonazepam_Tab 500mcg,0408010F0AAABAB,1,0.31639999999999935
103,F83061,Co-Codamol_Cap 8mg/500mg,0407010F0AAABAB,2,0.10240000000000116
104,F83061,Diltiazem HCl_Tab 60mg M/R,0206020C0AAAAAA,1,0.24640000000000084
105,F83061,Risperidone_Tab 6mg,040201030AAAFAF,1,29.2096
106,F83615,Clonazepam_Tab 500mcg,0408010F0AAABAB,2,0.7909999999999984
107,F83615,Diltiazem HCl_Tab 60mg M/R,0206020C0AAAAAA,1,0.36960000000000126
108,F83615,Mesalazine_Tab E/C 400mg,0105010B0AAAAAA,10,9.021600000000001
109,F83615,Ropinirole HCl_Tab 5mg,0409010H0AAADAD,1,15.48960000000001
110,F83623,Amiodarone HCl_Tab 200mg,0203020D0AAABAB,2,1.7500000000000016
111,F83623,Amisulpride_Tab 400mg,0402010A0AAAEAE,1,0.5220000000000025
112,F83623,Carbimazole_Tab 5mg,0602020D0AAAAAA,2,0.006199999999999317
113,F83623,Clonazepam_Tab 500mcg,0408010F0AAABAB,3,1.966199999999996
114,F83623,Co-Codamol_Cap 8mg/500mg,0407010F0AAABAB,2,0.2048000000000023
115,F83623,Diltiazem HCl_Tab 60mg M/R,0206020C0AAAAAA,1,0.7920000000000027
116,F83623,Mesalazine_Tab E/C 400mg,0105010B0AAAAAA,1,15.971199999999998
117,F83632,Amiodarone HCl_Tab 200mg,0203020D0AAABAB,2,1.050000000000001
118,F83632,Amisulpride_Tab 400mg,0402010A0AAAEAE,1,0.5220000000000025
119,F83632,Carbimazole_Tab 5mg,0602020D0AAAAAA,2,-0.005599999999999383
120,F83632,Clonazepam_Tab 500mcg,0408010F0AAABAB,3,1.898399999999996
121,F83632,Co-Codamol_Cap 8mg/500mg,0407010F0AAABAB,4,0.4900000000000043
122,F83632,Diltiazem HCl_Tab 60mg M/R,0206020C0AAAAAA,3,0.37800000000000034
123,F83632,Mesalazine_Tab E/C 400mg,0105010B0AAAAAA,6,43.9376
124,F83632,Pyridox HCl_Tab 50mg,0906024N0AAAIAI,1,0.23940000000000006
125,F83633,Amisulpride_Tab 400mg,0402010A0AAAEAE,1,0.5220000000000025
126,F83633,Clonazepam_Tab 500mcg,0408010F0AAABAB,3,1.2655999999999974
127,F83635,Amiodarone HCl_Tab 200mg,0203020D0AAABAB,1,0.3500000000000003
128,F83635,Clonazepam_Tab 500mcg,0408010F0AAABAB,3,0.949199999999998
129,F83635,Co-Codamol_Cap 8mg/500mg,0407010F0AAABAB,6,0.554000000000005
130,F83658,Amiodarone HCl_Tab 200mg,0203020D0AAABAB,1,1.050000000000001
131,F83658,Amisulpride_Tab 400mg,0402010A0AAAEAE,1,0.5220000000000025
132,F83658,Carbimazole_Tab 5mg,0602020D0AAAAAA,3,-0.013999999999998458
133,F83658,Clonazepam_Tab 500mcg,0408010F0AAABAB,1,1.3559999999999972
134,F83658,Co-Codamol_Cap 8mg/500mg,0407010F0AAABAB,4,0.49920000000000564
135,F83658,Diltiazem HCl_Tab 60mg M/R,0206020C0AAAAAA,2,0.37240000000000095
136,F83658,Mesalazine_Tab E/C 400mg,0105010B0AAAAAA,4,-1.711199999999998
137,F83665,Amiodarone HCl_Tab 200mg,0203020D0AAABAB,1,0.7000000000000006
138,F83665,Carbimazole_Tab 5mg,0602020D0AAAAAA,4,-0.01679999999999815
139,F83665,Clonazepam_Tab 500mcg,0408010F0AAABAB,2,0.474599999999999
140,F83665,Co-Codamol_Cap 8mg/500mg,0407010F0AAABAB,2,0.3200000000000036
141,F83665,Diltiazem HCl_Tab 60mg M/R,0206020C0AAAAAA,3,1.1200000000000025
142,F83672,Clonazepam_Tab 500mcg,0408010F0AAABAB,2,0.971799999999998
143,F83672,Mesalazine_Tab E/C 400mg,0105010B0AAAAAA,2,71.87039999999999
144,F83677,Clonazepam_Tab 500mcg,0408010F0AAABAB,1,0.31639999999999935
145,F83682,Amiodarone HCl_Tab 200mg,0203020D0AAABAB,1,0.3500000000000003
146,F83682,Clonazepam_Tab 500mcg,0408010F0AAABAB,1,0.3389999999999993
147,F83682,Co-Codamol_Cap 8mg/500mg,0407010F0AAABAB,2,0.38400000000000434
148,F83682,Mesalazine_Tab E/C 400mg,0105010B0AAAAAA,2,23.1012
149,F83683,Amisulpride_Tab 400mg,0402010A0AAAEAE,1,0.5220000000000025
150,F83683,Clonazepam_Tab 500mcg,0408010F0AAABAB,2,0.6327999999999987
151,Y02674,Amisulpride_Tab 400mg,0402010A0AAAEAE,1,0.5220000000000025
152,Y02674,Clonazepam_Tab 500mcg,0408010F0AAABAB,4,1.5819999999999967
153,Y02674,Risperidone_Tab 6mg,040201030AAAFAF,6,43.848
154,Y03103,Co-Codamol_Cap 8mg/500mg,0407010F0AAABAB,2,0.3200000000000036
