,practice_code,bnf_description,bnf_code,items,excess_cost
262,B84008,Atorvastatin_Tab 20mg,0212000B0AAABAB,342,1082.0880000000002
306,B84010,Hydrocort_Tab 10mg,0603020J0AAADAD,1,223.11599999999999
319,B84618,Pregabalin_Cap 200mg,0408010AEAAAFAF,7,149.38139999999999
333,B84005,Memantine HCl_Tab 20mg,0411000G0AAADAD,21,143.83950000000002
349,B84005,Pregabalin_Cap 50mg,0408010AEAAABAB,6,114.1728
279,B84612,Pregabalin_Cap 25mg,0408010AEAAAAAA,1,112.79520000000001
280,B84016,Pregabalin_Cap 25mg,0408010AEAAAAAA,2,112.78399999999999
281,B84007,Pregabalin_Cap 25mg,0408010AEAAAAAA,4,112.76160000000002
0,B84010,Paracet_Tab 500mg,0407010H0AAAMAM,117,91.26000000000002
1,B84010,Paracet_Tab 500mg,0407010H0AAAMAM,117,91.26000000000002
2,B84010,Paracet_Tab 500mg,0407010H0AAAMAM,45,71.10000000000001
3,B84010,Paracet_Tab 500mg,0407010H0AAAMAM,45,71.10000000000001
334,B84618,Memantine HCl_Tab 20mg,0411000G0AAADAD,1,63.89880000000001
405,Y02572,Atorvastatin_Tab 10mg,0212000B0AAAAAA,32,58.15040000000001
350,B84613,Pregabalin_Cap 50mg,0408010AEAAABAB,5,57.06399999999999
320,B84005,Pregabalin_Cap 200mg,0408010AEAAAFAF,12,56.952000000000005
321,B84005,Pregabalin_Cap 200mg,0408010AEAAAFAF,2,56.9184
5,B84008,Paracet_Tab 500mg,0407010H0AAAMAM,31,54.857600000000005
4,B84008,Paracet_Tab 500mg,0407010H0AAAMAM,31,54.857600000000005
7,B84008,Paracet_Tab 500mg,0407010H0AAAMAM,154,52.60640000000001
6,B84008,Paracet_Tab 500mg,0407010H0AAAMAM,154,52.60640000000001
9,B84007,Paracet_Tab 500mg,0407010H0AAAMAM,57,50.16000000000001
8,B84007,Paracet_Tab 500mg,0407010H0AAAMAM,57,50.16000000000001
307,B84007,Hydrocort_Tab 10mg,0603020J0AAADAD,1,47.37
501,B84001,Lansoprazole_Cap 30mg (E/C Gran),0103050L0AAAAAA,51,46.838400000000014
263,B84010,Atorvastatin_Tab 20mg,0212000B0AAABAB,192,45.15840000000003
264,B84008,Atorvastatin_Tab 20mg,0212000B0AAABAB,24,45.09120000000001
265,B84014,Atorvastatin_Tab 20mg,0212000B0AAABAB,14,45.080000000000005
10,B84009,Paracet_Tab 500mg,0407010H0AAAMAM,104,40.56000000000001
11,B84009,Paracet_Tab 500mg,0407010H0AAAMAM,104,40.56000000000001
13,B84012,Paracet_Tab 500mg,0407010H0AAAMAM,65,40.300000000000026
12,B84012,Paracet_Tab 500mg,0407010H0AAAMAM,65,40.300000000000026
15,B84009,Paracet_Tab 500mg,0407010H0AAAMAM,61,40.26000000000001
14,B84009,Paracet_Tab 500mg,0407010H0AAAMAM,61,40.26000000000001
17,B84618,Paracet_Tab 500mg,0407010H0AAAMAM,17,38.08
16,B84618,Paracet_Tab 500mg,0407010H0AAAMAM,17,38.08
19,B84012,Paracet_Tab 500mg,0407010H0AAAMAM,60,34.944000000000024
18,B84012,Paracet_Tab 500mg,0407010H0AAAMAM,60,34.944000000000024
21,B84008,Paracet_Tab 500mg,0407010H0AAAMAM,75,34.5
20,B84008,Paracet_Tab 500mg,0407010H0AAAMAM,75,34.5
22,B84010,Paracet_Tab 500mg,0407010H0AAAMAM,40,34.04800000000001
23,B84010,Paracet_Tab 500mg,0407010H0AAAMAM,40,34.04800000000001
25,B84009,Paracet_Tab 500mg,0407010H0AAAMAM,84,30.57600000000001
24,B84009,Paracet_Tab 500mg,0407010H0AAAMAM,84,30.57600000000001
26,B84008,Paracet_Tab 500mg,0407010H0AAAMAM,116,30.160000000000018
27,B84008,Paracet_Tab 500mg,0407010H0AAAMAM,116,30.160000000000018
29,B84005,Paracet_Tab 500mg,0407010H0AAAMAM,35,30.100000000000012
28,B84005,Paracet_Tab 500mg,0407010H0AAAMAM,35,30.100000000000012
31,B84007,Paracet_Tab 500mg,0407010H0AAAMAM,48,28.799999999999994
30,B84007,Paracet_Tab 500mg,0407010H0AAAMAM,48,28.799999999999994
502,B84005,Lansoprazole_Cap 30mg (E/C Gran),0103050L0AAAAAA,196,25.6564
33,B84010,Paracet_Tab 500mg,0407010H0AAAMAM,37,25.278399999999998
32,B84010,Paracet_Tab 500mg,0407010H0AAAMAM,37,25.278399999999998
35,B84612,Paracet_Tab 500mg,0407010H0AAAMAM,46,24.379999999999995
34,B84612,Paracet_Tab 500mg,0407010H0AAAMAM,46,24.379999999999995
406,B84004,Atorvastatin_Tab 10mg,0212000B0AAAAAA,67,23.262400000000003
407,Y03112,Atorvastatin_Tab 10mg,0212000B0AAAAAA,13,23.259600000000006
408,B84001,Atorvastatin_Tab 10mg,0212000B0AAAAAA,35,23.226
409,B84010,Atorvastatin_Tab 10mg,0212000B0AAAAAA,45,23.184
266,B84009,Atorvastatin_Tab 20mg,0212000B0AAABAB,189,22.755600000000026
267,B84001,Atorvastatin_Tab 20mg,0212000B0AAABAB,99,22.730400000000017
268,B84610,Atorvastatin_Tab 20mg,0212000B0AAABAB,87,22.654800000000005
269,B84618,Atorvastatin_Tab 20mg,0212000B0AAABAB,101,22.624
270,B84004,Atorvastatin_Tab 20mg,0212000B0AAABAB,252,22.57920000000001
37,B84007,Paracet_Tab 500mg,0407010H0AAAMAM,7,22.5792
36,B84007,Paracet_Tab 500mg,0407010H0AAAMAM,7,22.5792
271,B84012,Atorvastatin_Tab 20mg,0212000B0AAABAB,155,22.568000000000016
272,Y02572,Atorvastatin_Tab 20mg,0212000B0AAABAB,79,22.5624
273,B84612,Atorvastatin_Tab 20mg,0212000B0AAABAB,161,22.54000000000002
38,Y02572,Paracet_Tab 500mg,0407010H0AAAMAM,34,22.440000000000005
39,Y02572,Paracet_Tab 500mg,0407010H0AAAMAM,34,22.440000000000005
503,B84001,Lansoprazole_Cap 30mg (E/C Gran),0103050L0AAAAAA,129,22.394400000000015
40,B84618,Paracet_Tab 500mg,0407010H0AAAMAM,27,21.168
41,B84618,Paracet_Tab 500mg,0407010H0AAAMAM,27,21.168
43,B84005,Paracet_Tab 500mg,0407010H0AAAMAM,103,20.60000000000002
42,B84005,Paracet_Tab 500mg,0407010H0AAAMAM,103,20.60000000000002
45,B84002,Paracet_Tab 500mg,0407010H0AAAMAM,18,20.160000000000004
44,B84002,Paracet_Tab 500mg,0407010H0AAAMAM,18,20.160000000000004
504,B84612,Lansoprazole_Cap 30mg (E/C Gran),0103050L0AAAAAA,36,18.345600000000008
436,B84012,Bisoprolol Fumar_Tab 5mg,0204000H0AAAAAA,86,18.300799999999988
437,B84005,Bisoprolol Fumar_Tab 5mg,0204000H0AAAAAA,33,16.2624
46,B84618,Paracet_Tab 500mg,0407010H0AAAMAM,73,16.060000000000006
47,B84618,Paracet_Tab 500mg,0407010H0AAAMAM,73,16.060000000000006
438,B84008,Bisoprolol Fumar_Tab 5mg,0204000H0AAAAAA,54,16.027199999999997
48,B84021,Paracet_Tab 500mg,0407010H0AAAMAM,132,15.839999999999996
49,B84021,Paracet_Tab 500mg,0407010H0AAAMAM,132,15.839999999999996
50,B84004,Paracet_Tab 500mg,0407010H0AAAMAM,1,15.09
51,B84004,Paracet_Tab 500mg,0407010H0AAAMAM,1,15.09
53,B84005,Paracet_Tab 500mg,0407010H0AAAMAM,29,12.342400000000016
52,B84005,Paracet_Tab 500mg,0407010H0AAAMAM,29,12.342400000000016
439,B84009,Bisoprolol Fumar_Tab 5mg,0204000H0AAAAAA,21,11.759999999999998
410,B84613,Atorvastatin_Tab 10mg,0212000B0AAAAAA,19,11.5976
54,B84009,Paracet_Tab 500mg,0407010H0AAAMAM,34,11.42400000000001
55,B84009,Paracet_Tab 500mg,0407010H0AAAMAM,34,11.42400000000001
56,Y03112,Paracet_Tab 500mg,0407010H0AAAMAM,14,11.289599999999997
57,Y03112,Paracet_Tab 500mg,0407010H0AAAMAM,14,11.289599999999997
58,B84014,Paracet_Tab 500mg,0407010H0AAAMAM,20,11.20000000000001
59,B84014,Paracet_Tab 500mg,0407010H0AAAMAM,20,11.20000000000001
60,B84618,Paracet_Tab 500mg,0407010H0AAAMAM,62,11.110400000000006
61,B84618,Paracet_Tab 500mg,0407010H0AAAMAM,62,11.110400000000006
440,B84612,Bisoprolol Fumar_Tab 5mg,0204000H0AAAAAA,51,10.995599999999998
63,B84021,Paracet_Tab 500mg,0407010H0AAAMAM,84,10.8192
62,B84021,Paracet_Tab 500mg,0407010H0AAAMAM,84,10.8192
505,B84008,Lansoprazole_Cap 30mg (E/C Gran),0103050L0AAAAAA,190,10.64000000000001
64,B84005,Paracet_Tab 500mg,0407010H0AAAMAM,5,10.584
65,B84005,Paracet_Tab 500mg,0407010H0AAAMAM,5,10.584
67,B84618,Paracet_Tab 500mg,0407010H0AAAMAM,37,10.360000000000014
66,B84618,Paracet_Tab 500mg,0407010H0AAAMAM,37,10.360000000000014
69,B84019,Paracet_Tab 500mg,0407010H0AAAMAM,43,10.319999999999997
68,B84019,Paracet_Tab 500mg,0407010H0AAAMAM,43,10.319999999999997
71,B84612,Paracet_Tab 500mg,0407010H0AAAMAM,2,10.080000000000002
70,B84612,Paracet_Tab 500mg,0407010H0AAAMAM,2,10.080000000000002
73,B84010,Paracet_Tab 500mg,0407010H0AAAMAM,14,9.9176
72,B84010,Paracet_Tab 500mg,0407010H0AAAMAM,14,9.9176
441,B84019,Bisoprolol Fumar_Tab 5mg,0204000H0AAAAAA,28,8.780800000000001
75,B84004,Paracet_Tab 500mg,0407010H0AAAMAM,73,8.759999999999998
74,B84004,Paracet_Tab 500mg,0407010H0AAAMAM,73,8.759999999999998
442,B84016,Bisoprolol Fumar_Tab 5mg,0204000H0AAAAAA,34,8.7584
77,B84021,Paracet_Tab 500mg,0407010H0AAAMAM,70,8.399999999999999
76,B84021,Paracet_Tab 500mg,0407010H0AAAMAM,70,8.399999999999999
79,B84010,Paracet_Tab 500mg,0407010H0AAAMAM,1,7.545
78,B84010,Paracet_Tab 500mg,0407010H0AAAMAM,1,7.545
506,B84615,Lansoprazole_Cap 30mg (E/C Gran),0103050L0AAAAAA,29,7.308000000000007
443,B84009,Bisoprolol Fumar_Tab 5mg,0204000H0AAAAAA,53,7.271599999999998
81,B84019,Paracet_Tab 500mg,0407010H0AAAMAM,10,5.712000000000001
80,B84019,Paracet_Tab 500mg,0407010H0AAAMAM,10,5.712000000000001
83,B84010,Paracet_Tab 500mg,0407010H0AAAMAM,2,5.644800000000001
82,B84010,Paracet_Tab 500mg,0407010H0AAAMAM,2,5.644800000000001
84,B84613,Paracet_Tab 500mg,0407010H0AAAMAM,139,5.560000000000015
85,B84613,Paracet_Tab 500mg,0407010H0AAAMAM,139,5.560000000000015
507,B84615,Lansoprazole_Cap 30mg (E/C Gran),0103050L0AAAAAA,62,5.555200000000003
444,B84613,Bisoprolol Fumar_Tab 5mg,0204000H0AAAAAA,44,5.174399999999999
86,B84014,Paracet_Tab 500mg,0407010H0AAAMAM,72,5.039999999999995
87,B84014,Paracet_Tab 500mg,0407010H0AAAMAM,72,5.039999999999995
89,B84618,Paracet_Tab 500mg,0407010H0AAAMAM,2,4.768
88,B84618,Paracet_Tab 500mg,0407010H0AAAMAM,2,4.768
508,B84010,Lansoprazole_Cap 30mg (E/C Gran),0103050L0AAAAAA,180,4.536000000000025
445,B84007,Bisoprolol Fumar_Tab 5mg,0204000H0AAAAAA,12,4.435199999999997
446,B84021,Bisoprolol Fumar_Tab 5mg,0204000H0AAAAAA,28,4.390399999999995
91,B84002,Paracet_Tab 500mg,0407010H0AAAMAM,107,4.280000000000011
90,B84002,Paracet_Tab 500mg,0407010H0AAAMAM,107,4.280000000000011
93,B84615,Paracet_Tab 500mg,0407010H0AAAMAM,35,3.850000000000001
92,B84615,Paracet_Tab 500mg,0407010H0AAAMAM,35,3.850000000000001
447,B84008,Bisoprolol Fumar_Tab 5mg,0204000H0AAAAAA,83,3.7764999999999995
448,B84019,Bisoprolol Fumar_Tab 5mg,0204000H0AAAAAA,32,3.6735999999999995
95,B84019,Paracet_Tab 500mg,0407010H0AAAMAM,121,3.63000000000002
94,B84019,Paracet_Tab 500mg,0407010H0AAAMAM,121,3.63000000000002
97,B84618,Paracet_Tab 500mg,0407010H0AAAMAM,2,3.2256000000000005
96,B84618,Paracet_Tab 500mg,0407010H0AAAMAM,2,3.2256000000000005
449,B84615,Bisoprolol Fumar_Tab 5mg,0204000H0AAAAAA,8,2.9568000000000008
450,B84021,Bisoprolol Fumar_Tab 5mg,0204000H0AAAAAA,4,2.9568000000000008
451,B84008,Bisoprolol Fumar_Tab 5mg,0204000H0AAAAAA,6,2.9567999999999985
98,B84002,Paracet_Tab 500mg,0407010H0AAAMAM,12,2.918400000000001
99,B84002,Paracet_Tab 500mg,0407010H0AAAMAM,12,2.918400000000001
452,B84007,Bisoprolol Fumar_Tab 5mg,0204000H0AAAAAA,19,2.8727999999999976
101,B84612,Paracet_Tab 500mg,0407010H0AAAMAM,2,2.8112
100,B84612,Paracet_Tab 500mg,0407010H0AAAMAM,2,2.8112
102,B84010,Paracet_Tab 500mg,0407010H0AAAMAM,1,2.52
104,B84004,Paracet_Tab 500mg,0407010H0AAAMAM,1,2.52
103,B84010,Paracet_Tab 500mg,0407010H0AAAMAM,1,2.52
105,B84004,Paracet_Tab 500mg,0407010H0AAAMAM,1,2.52
509,B84618,Lansoprazole_Cap 30mg (E/C Gran),0103050L0AAAAAA,231,2.425500000000002
453,B84016,Bisoprolol Fumar_Tab 5mg,0204000H0AAAAAA,34,2.3799999999999994
454,B84618,Bisoprolol Fumar_Tab 5mg,0204000H0AAAAAA,33,2.3099999999999987
456,B84009,Bisoprolol Fumar_Tab 5mg,0204000H0AAAAAA,1,2.2176
455,B84016,Bisoprolol Fumar_Tab 5mg,0204000H0AAAAAA,1,2.2176
308,B84010,Hydrocort_Tab 10mg,0603020J0AAADAD,1,2.161599999999998
510,B84612,Lansoprazole_Cap 30mg (E/C Gran),0103050L0AAAAAA,169,1.8928000000000214
511,B84005,Lansoprazole_Cap 30mg (E/C Gran),0103050L0AAAAAA,75,1.8900000000000103
457,B84021,Bisoprolol Fumar_Tab 5mg,0204000H0AAAAAA,41,1.6072000000000002
512,B84618,Lansoprazole_Cap 30mg (E/C Gran),0103050L0AAAAAA,190,1.5960000000000087
458,B84612,Bisoprolol Fumar_Tab 5mg,0204000H0AAAAAA,12,1.5287999999999995
106,B84005,Paracet_Tab 500mg,0407010H0AAAMAM,67,1.500800000000004
107,B84005,Paracet_Tab 500mg,0407010H0AAAMAM,67,1.500800000000004
459,B84623,Bisoprolol Fumar_Tab 5mg,0204000H0AAAAAA,8,1.4952
460,B84021,Bisoprolol Fumar_Tab 5mg,0204000H0AAAAAA,23,1.4812
461,Y03112,Bisoprolol Fumar_Tab 5mg,0204000H0AAAAAA,8,1.4783999999999988
462,B84623,Bisoprolol Fumar_Tab 5mg,0204000H0AAAAAA,9,1.4615999999999998
463,B84012,Bisoprolol Fumar_Tab 5mg,0204000H0AAAAAA,5,1.456
464,B84618,Bisoprolol Fumar_Tab 5mg,0204000H0AAAAAA,13,1.4559999999999989
465,B84613,Bisoprolol Fumar_Tab 5mg,0204000H0AAAAAA,15,1.4280000000000002
513,B84008,Lansoprazole_Cap 30mg (E/C Gran),0103050L0AAAAAA,314,0.87920000000001
274,B84007,Atorvastatin_Tab 20mg,0212000B0AAABAB,100,0.8400000000000241
466,B84012,Bisoprolol Fumar_Tab 5mg,0204000H0AAAAAA,5,0.7454999999999999
467,B84623,Bisoprolol Fumar_Tab 5mg,0204000H0AAAAAA,11,0.7391999999999999
468,B84001,Bisoprolol Fumar_Tab 5mg,0204000H0AAAAAA,9,0.7370999999999996
469,B84005,Bisoprolol Fumar_Tab 5mg,0204000H0AAAAAA,20,0.7279999999999995
470,Y03112,Bisoprolol Fumar_Tab 5mg,0204000H0AAAAAA,14,0.7055999999999998
471,B84016,Bisoprolol Fumar_Tab 5mg,0204000H0AAAAAA,18,0.7055999999999992
473,B84009,Bisoprolol Fumar_Tab 5mg,0204000H0AAAAAA,26,0.6915999999999995
472,B84002,Bisoprolol Fumar_Tab 5mg,0204000H0AAAAAA,19,0.6915999999999995
474,B84612,Bisoprolol Fumar_Tab 5mg,0204000H0AAAAAA,28,0.6859999999999999
475,B84007,Bisoprolol Fumar_Tab 5mg,0204000H0AAAAAA,33,0.6698999999999999
476,B84019,Bisoprolol Fumar_Tab 5mg,0204000H0AAAAAA,6,0.5543999999999999
514,B84004,Lansoprazole_Cap 30mg (E/C Gran),0103050L0AAAAAA,174,0.4872000000000055
515,B84004,Lansoprazole_Cap 30mg (E/C Gran),0103050L0AAAAAA,75,0.42000000000000476
108,B84610,Paracet_Tab 500mg,0407010H0AAAMAM,40,0.3999999999999976
109,B84610,Paracet_Tab 500mg,0407010H0AAAMAM,40,0.3999999999999976
516,B84011,Lansoprazole_Cap 30mg (E/C Gran),0103050L0AAAAAA,122,0.34160000000000385
517,B84008,Lansoprazole_Cap 30mg (E/C Gran),0103050L0AAAAAA,60,0.3360000000000038
275,B84613,Atorvastatin_Tab 20mg,0212000B0AAABAB,119,0.33320000000000954
518,B84021,Lansoprazole_Cap 30mg (E/C Gran),0103050L0AAAAAA,118,0.33040000000000375
519,B84009,Lansoprazole_Cap 30mg (E/C Gran),0103050L0AAAAAA,115,0.3220000000000036
520,B84013,Lansoprazole_Cap 30mg (E/C Gran),0103050L0AAAAAA,104,0.2912000000000033
521,B84007,Lansoprazole_Cap 30mg (E/C Gran),0103050L0AAAAAA,101,0.2828000000000032
522,B84021,Lansoprazole_Cap 30mg (E/C Gran),0103050L0AAAAAA,50,0.28000000000000314
523,B84016,Lansoprazole_Cap 30mg (E/C Gran),0103050L0AAAAAA,95,0.266000000000003
524,B84612,Lansoprazole_Cap 30mg (E/C Gran),0103050L0AAAAAA,91,0.25480000000000286
525,B84003,Lansoprazole_Cap 30mg (E/C Gran),0103050L0AAAAAA,79,0.2212000000000025
526,B84618,Lansoprazole_Cap 30mg (E/C Gran),0103050L0AAAAAA,36,0.20160000000000228
527,B84013,Lansoprazole_Cap 30mg (E/C Gran),0103050L0AAAAAA,35,0.19600000000000223
528,B84003,Lansoprazole_Cap 30mg (E/C Gran),0103050L0AAAAAA,33,0.18480000000000207
276,B84618,Atorvastatin_Tab 20mg,0212000B0AAABAB,32,0.17920000000000513
411,B84008,Atorvastatin_Tab 10mg,0212000B0AAAAAA,74,0.15540000000000087
529,B84010,Lansoprazole_Cap 30mg (E/C Gran),0103050L0AAAAAA,53,0.14840000000000167
530,B84009,Lansoprazole_Cap 30mg (E/C Gran),0103050L0AAAAAA,26,0.14560000000000164
111,Y03112,Paracet_Tab 500mg,0407010H0AAAMAM,1,0.14399999999999996
110,Y03112,Paracet_Tab 500mg,0407010H0AAAMAM,1,0.14399999999999996
531,B84011,Lansoprazole_Cap 30mg (E/C Gran),0103050L0AAAAAA,25,0.14000000000000157
532,B84007,Lansoprazole_Cap 30mg (E/C Gran),0103050L0AAAAAA,24,0.13440000000000152
533,B84610,Lansoprazole_Cap 30mg (E/C Gran),0103050L0AAAAAA,45,0.12600000000000142
351,B84006,Pregabalin_Cap 50mg,0408010AEAAABAB,22,0.12320000000000353
534,B84005,Lansoprazole_Cap 30mg (E/C Gran),0103050L0AAAAAA,22,0.12320000000000139
113,B84012,Paracet_Tab 500mg,0407010H0AAAMAM,7,0.10499999999999937
112,B84012,Paracet_Tab 500mg,0407010H0AAAMAM,7,0.10499999999999937
535,B84012,Lansoprazole_Cap 30mg (E/C Gran),0103050L0AAAAAA,34,0.09520000000000108
537,B84613,Lansoprazole_Cap 30mg (E/C Gran),0103050L0AAAAAA,30,0.08400000000000095
536,Y03112,Lansoprazole_Cap 30mg (E/C Gran),0103050L0AAAAAA,30,0.08400000000000095
412,B84011,Atorvastatin_Tab 10mg,0212000B0AAAAAA,40,0.08400000000000046
282,B84005,Pregabalin_Cap 25mg,0408010AEAAAAAA,19,0.0797999999999986
277,B84007,Atorvastatin_Tab 20mg,0212000B0AAABAB,56,0.07840000000000225
538,B84010,Lansoprazole_Cap 30mg (E/C Gran),0103050L0AAAAAA,14,0.07840000000000089
539,B84001,Lansoprazole_Cap 30mg (E/C Gran),0103050L0AAAAAA,27,0.07560000000000086
352,B84019,Pregabalin_Cap 50mg,0408010AEAAABAB,13,0.07280000000000209
114,B84021,Paracet_Tab 500mg,0407010H0AAAMAM,17,0.07139999999999957
115,B84021,Paracet_Tab 500mg,0407010H0AAAMAM,17,0.07139999999999957
353,B84016,Pregabalin_Cap 50mg,0408010AEAAABAB,17,0.07139999999999874
540,Y02572,Lansoprazole_Cap 30mg (E/C Gran),0103050L0AAAAAA,25,0.07000000000000078
354,B84012,Pregabalin_Cap 50mg,0408010AEAAABAB,12,0.06720000000000192
413,B84013,Atorvastatin_Tab 10mg,0212000B0AAAAAA,32,0.06720000000000037
477,B84008,Bisoprolol Fumar_Tab 5mg,0204000H0AAAAAA,16,0.0671999999999996
283,B84618,Pregabalin_Cap 25mg,0408010AEAAAAAA,16,0.06719999999999882
335,B84004,Memantine HCl_Tab 20mg,0411000G0AAADAD,13,0.06369999999999992
414,B84004,Atorvastatin_Tab 10mg,0212000B0AAAAAA,30,0.06300000000000035
541,Y03112,Lansoprazole_Cap 30mg (E/C Gran),0103050L0AAAAAA,11,0.061600000000000696
542,B84016,Lansoprazole_Cap 30mg (E/C Gran),0103050L0AAAAAA,11,0.061600000000000696
416,B84007,Atorvastatin_Tab 10mg,0212000B0AAAAAA,28,0.058800000000000324
415,B84009,Atorvastatin_Tab 10mg,0212000B0AAAAAA,28,0.058800000000000324
116,B84008,Paracet_Tab 500mg,0407010H0AAAMAM,20,0.05599999999999966
117,B84008,Paracet_Tab 500mg,0407010H0AAAMAM,20,0.05599999999999966
119,B84003,Paracet_Tab 500mg,0407010H0AAAMAM,20,0.05599999999999966
118,B84003,Paracet_Tab 500mg,0407010H0AAAMAM,20,0.05599999999999966
336,B84021,Memantine HCl_Tab 20mg,0411000G0AAADAD,11,0.05389999999999994
417,B84005,Atorvastatin_Tab 10mg,0212000B0AAAAAA,24,0.05040000000000028
478,B84011,Bisoprolol Fumar_Tab 5mg,0204000H0AAAAAA,12,0.050399999999999695
337,B84009,Memantine HCl_Tab 20mg,0411000G0AAADAD,10,0.048999999999999946
338,B84011,Memantine HCl_Tab 20mg,0411000G0AAADAD,10,0.048999999999999946
121,B84004,Paracet_Tab 500mg,0407010H0AAAMAM,11,0.04619999999999972
120,B84004,Paracet_Tab 500mg,0407010H0AAAMAM,11,0.04619999999999972
543,B84011,Lansoprazole_Cap 30mg (E/C Gran),0103050L0AAAAAA,25,0.045000000000000075
358,B84009,Pregabalin_Cap 50mg,0408010AEAAABAB,8,0.04480000000000128
357,B84613,Pregabalin_Cap 50mg,0408010AEAAABAB,8,0.04480000000000128
355,B84001,Pregabalin_Cap 50mg,0408010AEAAABAB,8,0.04480000000000128
356,B84005,Pregabalin_Cap 50mg,0408010AEAAABAB,8,0.04480000000000128
123,B84613,Paracet_Tab 500mg,0407010H0AAAMAM,7,0.041999999999999746
122,B84613,Paracet_Tab 500mg,0407010H0AAAMAM,7,0.041999999999999746
359,B84008,Pregabalin_Cap 50mg,0408010AEAAABAB,10,0.04199999999999926
284,B84011,Pregabalin_Cap 25mg,0408010AEAAAAAA,10,0.04199999999999926
545,B84001,Lansoprazole_Cap 30mg (E/C Gran),0103050L0AAAAAA,7,0.03920000000000044
544,B84019,Lansoprazole_Cap 30mg (E/C Gran),0103050L0AAAAAA,14,0.03920000000000044
339,B84013,Memantine HCl_Tab 20mg,0411000G0AAADAD,8,0.03919999999999996
340,B84019,Memantine HCl_Tab 20mg,0411000G0AAADAD,8,0.03919999999999996
360,B84618,Pregabalin_Cap 50mg,0408010AEAAABAB,9,0.037799999999999334
127,B84005,Paracet_Tab 500mg,0407010H0AAAMAM,13,0.03639999999999978
125,B84011,Paracet_Tab 500mg,0407010H0AAAMAM,13,0.03639999999999978
124,B84005,Paracet_Tab 500mg,0407010H0AAAMAM,13,0.03639999999999978
126,B84011,Paracet_Tab 500mg,0407010H0AAAMAM,13,0.03639999999999978
322,B84004,Pregabalin_Cap 200mg,0408010AEAAAFAF,13,0.03639999999999852
129,B84005,Paracet_Tab 500mg,0407010H0AAAMAM,6,0.03599999999999978
128,B84005,Paracet_Tab 500mg,0407010H0AAAMAM,6,0.03599999999999978
419,B84618,Atorvastatin_Tab 10mg,0212000B0AAAAAA,17,0.0357000000000002
418,B84610,Atorvastatin_Tab 10mg,0212000B0AAAAAA,17,0.0357000000000002
362,B84010,Pregabalin_Cap 50mg,0408010AEAAABAB,6,0.03360000000000096
361,Y02572,Pregabalin_Cap 50mg,0408010AEAAABAB,6,0.03360000000000096
363,B84004,Pregabalin_Cap 50mg,0408010AEAAABAB,6,0.03360000000000096
546,B84610,Lansoprazole_Cap 30mg (E/C Gran),0103050L0AAAAAA,6,0.03360000000000038
547,B84612,Lansoprazole_Cap 30mg (E/C Gran),0103050L0AAAAAA,6,0.03360000000000038
421,B84021,Atorvastatin_Tab 10mg,0212000B0AAAAAA,16,0.033600000000000185
420,B84016,Atorvastatin_Tab 10mg,0212000B0AAAAAA,16,0.033600000000000185
479,B84021,Bisoprolol Fumar_Tab 5mg,0204000H0AAAAAA,8,0.0335999999999998
137,B84021,Paracet_Tab 500mg,0407010H0AAAMAM,12,0.0335999999999998
136,B84012,Paracet_Tab 500mg,0407010H0AAAMAM,12,0.0335999999999998
133,B84019,Paracet_Tab 500mg,0407010H0AAAMAM,8,0.0335999999999998
135,B84021,Paracet_Tab 500mg,0407010H0AAAMAM,12,0.0335999999999998
134,B84019,Paracet_Tab 500mg,0407010H0AAAMAM,8,0.0335999999999998
132,B84008,Paracet_Tab 500mg,0407010H0AAAMAM,8,0.0335999999999998
130,B84012,Paracet_Tab 500mg,0407010H0AAAMAM,12,0.0335999999999998
131,B84008,Paracet_Tab 500mg,0407010H0AAAMAM,8,0.0335999999999998
364,B84007,Pregabalin_Cap 50mg,0408010AEAAABAB,8,0.03359999999999941
365,B84005,Pregabalin_Cap 50mg,0408010AEAAABAB,8,0.03359999999999941
285,B84021,Pregabalin_Cap 25mg,0408010AEAAAAAA,8,0.03359999999999941
422,B84010,Atorvastatin_Tab 10mg,0212000B0AAAAAA,15,0.031500000000000174
548,B84623,Lansoprazole_Cap 30mg (E/C Gran),0103050L0AAAAAA,11,0.030800000000000348
138,B84014,Paracet_Tab 500mg,0407010H0AAAMAM,1,0.029999999999999992
139,B84014,Paracet_Tab 500mg,0407010H0AAAMAM,1,0.029999999999999992
141,B84612,Paracet_Tab 500mg,0407010H0AAAMAM,5,0.02999999999999982
140,B84612,Paracet_Tab 500mg,0407010H0AAAMAM,5,0.02999999999999982
341,B84613,Memantine HCl_Tab 20mg,0411000G0AAADAD,6,0.029399999999999968
480,B84013,Bisoprolol Fumar_Tab 5mg,0204000H0AAAAAA,7,0.029399999999999822
286,B84008,Pregabalin_Cap 25mg,0408010AEAAAAAA,7,0.029399999999999482
366,B84618,Pregabalin_Cap 50mg,0408010AEAAABAB,5,0.028000000000000802
550,B84006,Lansoprazole_Cap 30mg (E/C Gran),0103050L0AAAAAA,5,0.028000000000000316
549,B84613,Lansoprazole_Cap 30mg (E/C Gran),0103050L0AAAAAA,5,0.028000000000000316
142,B84014,Paracet_Tab 500mg,0407010H0AAAMAM,10,0.02799999999999983
143,B84014,Paracet_Tab 500mg,0407010H0AAAMAM,10,0.02799999999999983
323,B84618,Pregabalin_Cap 200mg,0408010AEAAAFAF,10,0.02799999999999886
423,B84003,Atorvastatin_Tab 10mg,0212000B0AAAAAA,13,0.02730000000000015
144,B84016,Paracet_Tab 500mg,0407010H0AAAMAM,9,0.025199999999999848
145,B84016,Paracet_Tab 500mg,0407010H0AAAMAM,9,0.025199999999999848
288,B84013,Pregabalin_Cap 25mg,0408010AEAAAAAA,12,0.025199999999999556
367,B84021,Pregabalin_Cap 50mg,0408010AEAAABAB,6,0.025199999999999556
287,B84004,Pregabalin_Cap 25mg,0408010AEAAAAAA,6,0.025199999999999556
342,B84618,Memantine HCl_Tab 20mg,0411000G0AAADAD,5,0.024499999999999973
424,B84613,Atorvastatin_Tab 10mg,0212000B0AAAAAA,11,0.023100000000000127
369,B84008,Pregabalin_Cap 50mg,0408010AEAAABAB,4,0.02240000000000064
370,B84013,Pregabalin_Cap 50mg,0408010AEAAABAB,4,0.02240000000000064
371,B84002,Pregabalin_Cap 50mg,0408010AEAAABAB,4,0.02240000000000064
368,B84011,Pregabalin_Cap 50mg,0408010AEAAABAB,4,0.02240000000000064
553,B84623,Lansoprazole_Cap 30mg (E/C Gran),0103050L0AAAAAA,4,0.022400000000000253
551,B84006,Lansoprazole_Cap 30mg (E/C Gran),0103050L0AAAAAA,8,0.022400000000000253
552,B84012,Lansoprazole_Cap 30mg (E/C Gran),0103050L0AAAAAA,4,0.022400000000000253
482,B84006,Bisoprolol Fumar_Tab 5mg,0204000H0AAAAAA,5,0.020999999999999873
481,B84004,Bisoprolol Fumar_Tab 5mg,0204000H0AAAAAA,5,0.020999999999999873
372,B84003,Pregabalin_Cap 50mg,0408010AEAAABAB,5,0.02099999999999963
373,B84011,Pregabalin_Cap 50mg,0408010AEAAABAB,5,0.02099999999999963
289,B84013,Pregabalin_Cap 25mg,0408010AEAAAAAA,5,0.02099999999999963
343,B84016,Memantine HCl_Tab 20mg,0411000G0AAADAD,4,0.01959999999999998
345,B84007,Memantine HCl_Tab 20mg,0411000G0AAADAD,4,0.01959999999999998
344,B84003,Memantine HCl_Tab 20mg,0411000G0AAADAD,4,0.01959999999999998
346,B84001,Memantine HCl_Tab 20mg,0411000G0AAADAD,4,0.01959999999999998
425,B84019,Atorvastatin_Tab 10mg,0212000B0AAAAAA,9,0.018900000000000104
150,B84618,Paracet_Tab 500mg,0407010H0AAAMAM,3,0.01799999999999989
153,B84006,Paracet_Tab 500mg,0407010H0AAAMAM,3,0.01799999999999989
148,B84618,Paracet_Tab 500mg,0407010H0AAAMAM,3,0.01799999999999989
149,B84012,Paracet_Tab 500mg,0407010H0AAAMAM,3,0.01799999999999989
151,B84006,Paracet_Tab 500mg,0407010H0AAAMAM,3,0.01799999999999989
152,B84012,Paracet_Tab 500mg,0407010H0AAAMAM,3,0.01799999999999989
146,B84004,Paracet_Tab 500mg,0407010H0AAAMAM,3,0.01799999999999989
147,B84004,Paracet_Tab 500mg,0407010H0AAAMAM,3,0.01799999999999989
376,B84016,Pregabalin_Cap 50mg,0408010AEAAABAB,3,0.01680000000000048
375,B84014,Pregabalin_Cap 50mg,0408010AEAAABAB,3,0.01680000000000048
374,B84003,Pregabalin_Cap 50mg,0408010AEAAABAB,3,0.01680000000000048
426,Y02572,Atorvastatin_Tab 10mg,0212000B0AAAAAA,8,0.016800000000000093
159,B84613,Paracet_Tab 500mg,0407010H0AAAMAM,4,0.0167999999999999
160,B84613,Paracet_Tab 500mg,0407010H0AAAMAM,4,0.0167999999999999
161,B84003,Paracet_Tab 500mg,0407010H0AAAMAM,4,0.0167999999999999
155,B84013,Paracet_Tab 500mg,0407010H0AAAMAM,4,0.0167999999999999
158,B84009,Paracet_Tab 500mg,0407010H0AAAMAM,8,0.0167999999999999
162,B84007,Paracet_Tab 500mg,0407010H0AAAMAM,4,0.0167999999999999
163,B84011,Paracet_Tab 500mg,0407010H0AAAMAM,4,0.0167999999999999
483,B84005,Bisoprolol Fumar_Tab 5mg,0204000H0AAAAAA,4,0.0167999999999999
157,B84013,Paracet_Tab 500mg,0407010H0AAAMAM,4,0.0167999999999999
154,B84007,Paracet_Tab 500mg,0407010H0AAAMAM,4,0.0167999999999999
156,B84009,Paracet_Tab 500mg,0407010H0AAAMAM,8,0.0167999999999999
164,B84011,Paracet_Tab 500mg,0407010H0AAAMAM,4,0.0167999999999999
165,B84003,Paracet_Tab 500mg,0407010H0AAAMAM,4,0.0167999999999999
484,B84613,Bisoprolol Fumar_Tab 5mg,0204000H0AAAAAA,4,0.0167999999999999
485,B84016,Bisoprolol Fumar_Tab 5mg,0204000H0AAAAAA,4,0.0167999999999999
378,B84010,Pregabalin_Cap 50mg,0408010AEAAABAB,4,0.016799999999999704
291,B84612,Pregabalin_Cap 25mg,0408010AEAAAAAA,4,0.016799999999999704
290,B84010,Pregabalin_Cap 25mg,0408010AEAAAAAA,4,0.016799999999999704
377,B84013,Pregabalin_Cap 50mg,0408010AEAAABAB,4,0.016799999999999704
167,B84004,Paracet_Tab 500mg,0407010H0AAAMAM,11,0.015399999999999907
166,B84004,Paracet_Tab 500mg,0407010H0AAAMAM,11,0.015399999999999907
324,B84010,Pregabalin_Cap 200mg,0408010AEAAAFAF,5,0.01399999999999943
292,B84007,Pregabalin_Cap 25mg,0408010AEAAAAAA,3,0.012599999999999778
379,B84004,Pregabalin_Cap 50mg,0408010AEAAABAB,3,0.012599999999999778
171,B84002,Paracet_Tab 500mg,0407010H0AAAMAM,2,0.011999999999999927
170,B84002,Paracet_Tab 500mg,0407010H0AAAMAM,2,0.011999999999999927
169,B84001,Paracet_Tab 500mg,0407010H0AAAMAM,2,0.011999999999999927
168,B84001,Paracet_Tab 500mg,0407010H0AAAMAM,2,0.011999999999999927
380,Y03112,Pregabalin_Cap 50mg,0408010AEAAABAB,2,0.01120000000000032
381,B84623,Pregabalin_Cap 50mg,0408010AEAAABAB,2,0.01120000000000032
382,B84612,Pregabalin_Cap 50mg,0408010AEAAABAB,2,0.01120000000000032
555,B84019,Lansoprazole_Cap 30mg (E/C Gran),0103050L0AAAAAA,2,0.011200000000000127
554,B84014,Lansoprazole_Cap 30mg (E/C Gran),0103050L0AAAAAA,2,0.011200000000000127
325,B84610,Pregabalin_Cap 200mg,0408010AEAAAFAF,4,0.011199999999999544
428,B84612,Atorvastatin_Tab 10mg,0212000B0AAAAAA,4,0.008400000000000046
427,B84001,Atorvastatin_Tab 10mg,0212000B0AAAAAA,4,0.008400000000000046
429,B84014,Atorvastatin_Tab 10mg,0212000B0AAAAAA,4,0.008400000000000046
430,B84019,Atorvastatin_Tab 10mg,0212000B0AAAAAA,2,0.008400000000000046
431,Y03112,Atorvastatin_Tab 10mg,0212000B0AAAAAA,4,0.008400000000000046
486,B84009,Bisoprolol Fumar_Tab 5mg,0204000H0AAAAAA,2,0.00839999999999995
178,B84612,Paracet_Tab 500mg,0407010H0AAAMAM,4,0.00839999999999995
172,B84004,Paracet_Tab 500mg,0407010H0AAAMAM,3,0.00839999999999995
175,B84019,Paracet_Tab 500mg,0407010H0AAAMAM,3,0.00839999999999995
177,B84008,Paracet_Tab 500mg,0407010H0AAAMAM,4,0.00839999999999995
176,B84612,Paracet_Tab 500mg,0407010H0AAAMAM,4,0.00839999999999995
174,B84019,Paracet_Tab 500mg,0407010H0AAAMAM,3,0.00839999999999995
173,B84008,Paracet_Tab 500mg,0407010H0AAAMAM,4,0.00839999999999995
179,B84004,Paracet_Tab 500mg,0407010H0AAAMAM,3,0.00839999999999995
294,B84008,Pregabalin_Cap 25mg,0408010AEAAAAAA,4,0.008399999999999852
295,B84004,Pregabalin_Cap 25mg,0408010AEAAAAAA,4,0.008399999999999852
293,B84021,Pregabalin_Cap 25mg,0408010AEAAAAAA,4,0.008399999999999852
296,B84613,Pregabalin_Cap 25mg,0408010AEAAAAAA,4,0.008399999999999852
383,B84610,Pregabalin_Cap 50mg,0408010AEAAABAB,2,0.008399999999999852
556,B84016,Lansoprazole_Cap 30mg (E/C Gran),0103050L0AAAAAA,1,0.0070000000000002005
180,B84013,Paracet_Tab 500mg,0407010H0AAAMAM,1,0.005999999999999964
182,B84014,Paracet_Tab 500mg,0407010H0AAAMAM,1,0.005999999999999964
181,B84014,Paracet_Tab 500mg,0407010H0AAAMAM,1,0.005999999999999964
187,B84010,Paracet_Tab 500mg,0407010H0AAAMAM,1,0.005999999999999964
186,B84010,Paracet_Tab 500mg,0407010H0AAAMAM,1,0.005999999999999964
183,B84013,Paracet_Tab 500mg,0407010H0AAAMAM,1,0.005999999999999964
185,B84021,Paracet_Tab 500mg,0407010H0AAAMAM,1,0.005999999999999964
184,B84021,Paracet_Tab 500mg,0407010H0AAAMAM,1,0.005999999999999964
385,B84021,Pregabalin_Cap 50mg,0408010AEAAABAB,1,0.00560000000000016
386,B84007,Pregabalin_Cap 50mg,0408010AEAAABAB,1,0.00560000000000016
384,B84615,Pregabalin_Cap 50mg,0408010AEAAABAB,1,0.00560000000000016
557,B84615,Lansoprazole_Cap 30mg (E/C Gran),0103050L0AAAAAA,1,0.005600000000000063
559,Y03418,Lansoprazole_Cap 30mg (E/C Gran),0103050L0AAAAAA,1,0.005600000000000063
558,Y02572,Lansoprazole_Cap 30mg (E/C Gran),0103050L0AAAAAA,1,0.005600000000000063
188,B84618,Paracet_Tab 500mg,0407010H0AAAMAM,4,0.005599999999999966
191,B84005,Paracet_Tab 500mg,0407010H0AAAMAM,4,0.005599999999999966
190,B84618,Paracet_Tab 500mg,0407010H0AAAMAM,4,0.005599999999999966
189,B84005,Paracet_Tab 500mg,0407010H0AAAMAM,4,0.005599999999999966
326,B84008,Pregabalin_Cap 200mg,0408010AEAAAFAF,2,0.005599999999999772
347,B84008,Memantine HCl_Tab 20mg,0411000G0AAADAD,1,0.004899999999999995
192,Y03112,Paracet_Tab 500mg,0407010H0AAAMAM,1,0.004800000000000054
193,Y03112,Paracet_Tab 500mg,0407010H0AAAMAM,1,0.004800000000000054
309,B84004,Hydrocort_Tab 10mg,0603020J0AAADAD,1,0.004499999999999504
278,B84021,Atorvastatin_Tab 20mg,0212000B0AAABAB,1,0.00440000000000005
560,B84014,Lansoprazole_Cap 30mg (E/C Gran),0103050L0AAAAAA,1,0.00420000000000012
432,B84008,Atorvastatin_Tab 10mg,0212000B0AAAAAA,1,0.004200000000000023
433,B84001,Atorvastatin_Tab 10mg,0212000B0AAAAAA,1,0.004200000000000023
434,B84618,Atorvastatin_Tab 10mg,0212000B0AAAAAA,1,0.004200000000000023
487,B84007,Bisoprolol Fumar_Tab 5mg,0204000H0AAAAAA,1,0.004199999999999975
435,B84006,Atorvastatin_Tab 10mg,0212000B0AAAAAA,1,0.004199999999999975
387,B84009,Pregabalin_Cap 50mg,0408010AEAAABAB,1,0.004199999999999926
297,B84610,Pregabalin_Cap 25mg,0408010AEAAAAAA,2,0.004199999999999926
327,B84610,Pregabalin_Cap 200mg,0408010AEAAAFAF,1,0.003799999999999998
562,B84014,Lansoprazole_Cap 30mg (E/C Gran),0103050L0AAAAAA,1,0.003000000000000086
561,B84009,Lansoprazole_Cap 30mg (E/C Gran),0103050L0AAAAAA,1,0.003000000000000086
328,B84011,Pregabalin_Cap 200mg,0408010AEAAAFAF,1,0.0030000000000000027
197,B84013,Paracet_Tab 500mg,0407010H0AAAMAM,1,0.002999999999999982
195,B84013,Paracet_Tab 500mg,0407010H0AAAMAM,1,0.002999999999999982
194,B84009,Paracet_Tab 500mg,0407010H0AAAMAM,1,0.002999999999999982
196,B84009,Paracet_Tab 500mg,0407010H0AAAMAM,1,0.002999999999999982
563,B84017,Lansoprazole_Cap 30mg (E/C Gran),0103050L0AAAAAA,1,0.0028000000000000316
198,B84013,Paracet_Tab 500mg,0407010H0AAAMAM,1,0.002799999999999983
199,B84007,Paracet_Tab 500mg,0407010H0AAAMAM,1,0.002799999999999983
200,B84013,Paracet_Tab 500mg,0407010H0AAAMAM,1,0.002799999999999983
201,B84007,Paracet_Tab 500mg,0407010H0AAAMAM,1,0.002799999999999983
298,B84003,Pregabalin_Cap 25mg,0408010AEAAAAAA,1,0.002200000000000063
299,B84005,Pregabalin_Cap 25mg,0408010AEAAAAAA,1,0.002099999999999963
564,B84019,Lansoprazole_Cap 30mg (E/C Gran),0103050L0AAAAAA,1,0.0018000000000000516
565,B84008,Lansoprazole_Cap 30mg (E/C Gran),0103050L0AAAAAA,1,0.0018000000000000516
566,B84016,Lansoprazole_Cap 30mg (E/C Gran),0103050L0AAAAAA,1,-0.001999999999999988
488,B84011,Bisoprolol Fumar_Tab 5mg,0204000H0AAAAAA,1,-0.0024000000000000063
388,B84002,Pregabalin_Cap 50mg,0408010AEAAABAB,1,-0.002799999999999983
489,Y02572,Bisoprolol Fumar_Tab 5mg,0204000H0AAAAAA,1,-0.0028000000000000073
329,B84001,Pregabalin_Cap 200mg,0408010AEAAAFAF,1,-0.00280000000000008
330,B84019,Pregabalin_Cap 200mg,0408010AEAAAFAF,1,-0.00280000000000008
389,B84012,Pregabalin_Cap 50mg,0408010AEAAABAB,1,-0.00280000000000008
390,B84610,Pregabalin_Cap 50mg,0408010AEAAABAB,1,-0.0032999999999999974
203,B84012,Paracet_Tab 500mg,0407010H0AAAMAM,1,-0.003999999999999976
202,B84012,Paracet_Tab 500mg,0407010H0AAAMAM,1,-0.003999999999999976
300,B84006,Pregabalin_Cap 25mg,0408010AEAAAAAA,1,-0.004799999999999971
348,B84003,Memantine HCl_Tab 20mg,0411000G0AAADAD,1,-0.004799999999999971
301,B84006,Pregabalin_Cap 25mg,0408010AEAAAAAA,1,-0.005000000000000143
204,B84002,Paracet_Tab 500mg,0407010H0AAAMAM,1,-0.005599999999999966
391,B84610,Pregabalin_Cap 50mg,0408010AEAAABAB,2,-0.005599999999999966
205,B84002,Paracet_Tab 500mg,0407010H0AAAMAM,1,-0.005599999999999966
490,B84006,Bisoprolol Fumar_Tab 5mg,0204000H0AAAAAA,2,-0.005600000000000015
491,Y03112,Bisoprolol Fumar_Tab 5mg,0204000H0AAAAAA,2,-0.005600000000000015
392,B84011,Pregabalin_Cap 50mg,0408010AEAAABAB,2,-0.00560000000000016
393,B84019,Pregabalin_Cap 50mg,0408010AEAAABAB,2,-0.00560000000000016
331,B84613,Pregabalin_Cap 200mg,0408010AEAAAFAF,2,-0.00560000000000016
394,B84001,Pregabalin_Cap 50mg,0408010AEAAABAB,3,-0.00840000000000024
395,B84004,Pregabalin_Cap 50mg,0408010AEAAABAB,3,-0.00840000000000024
396,B84008,Pregabalin_Cap 50mg,0408010AEAAABAB,3,-0.00840000000000024
310,B84005,Hydrocort_Tab 10mg,0603020J0AAADAD,4,-0.00879999999999903
311,B84007,Hydrocort_Tab 10mg,0603020J0AAADAD,5,-0.008999999999999009
207,B84021,Paracet_Tab 500mg,0407010H0AAAMAM,5,-0.00999999999999994
206,B84021,Paracet_Tab 500mg,0407010H0AAAMAM,5,-0.00999999999999994
312,B84004,Hydrocort_Tab 10mg,0603020J0AAADAD,1,-0.011199999999998766
315,B84005,Hydrocort_Tab 10mg,0603020J0AAADAD,1,-0.011199999999998766
314,B84011,Hydrocort_Tab 10mg,0603020J0AAADAD,1,-0.011199999999998766
313,B84007,Hydrocort_Tab 10mg,0603020J0AAADAD,1,-0.011199999999998766
316,B84013,Hydrocort_Tab 10mg,0603020J0AAADAD,1,-0.011199999999998766
317,B84016,Hydrocort_Tab 10mg,0603020J0AAADAD,1,-0.011199999999998766
399,B84021,Pregabalin_Cap 50mg,0408010AEAAABAB,4,-0.011199999999999932
398,B84003,Pregabalin_Cap 50mg,0408010AEAAABAB,4,-0.011199999999999932
397,B84005,Pregabalin_Cap 50mg,0408010AEAAABAB,4,-0.011199999999999932
567,B84009,Lansoprazole_Cap 30mg (E/C Gran),0103050L0AAAAAA,4,-0.011199999999999988
492,B84610,Bisoprolol Fumar_Tab 5mg,0204000H0AAAAAA,4,-0.01120000000000003
493,B84010,Bisoprolol Fumar_Tab 5mg,0204000H0AAAAAA,4,-0.01120000000000003
400,B84003,Pregabalin_Cap 50mg,0408010AEAAABAB,4,-0.01120000000000032
401,B84004,Pregabalin_Cap 50mg,0408010AEAAABAB,5,-0.013999999999999915
404,B84006,Pregabalin_Cap 50mg,0408010AEAAABAB,5,-0.014000000000000401
403,B84005,Pregabalin_Cap 50mg,0408010AEAAABAB,5,-0.014000000000000401
402,B84009,Pregabalin_Cap 50mg,0408010AEAAABAB,5,-0.014000000000000401
209,B84001,Paracet_Tab 500mg,0407010H0AAAMAM,3,-0.0167999999999999
208,B84001,Paracet_Tab 500mg,0407010H0AAAMAM,3,-0.0167999999999999
302,B84016,Pregabalin_Cap 25mg,0408010AEAAAAAA,4,-0.01680000000000048
210,B84010,Paracet_Tab 500mg,0407010H0AAAMAM,4,-0.019199999999999995
211,B84010,Paracet_Tab 500mg,0407010H0AAAMAM,4,-0.019199999999999995
494,B84613,Bisoprolol Fumar_Tab 5mg,0204000H0AAAAAA,7,-0.01960000000000005
318,B84011,Hydrocort_Tab 10mg,0603020J0AAADAD,1,-0.019999999999997797
332,B84006,Pregabalin_Cap 200mg,0408010AEAAAFAF,6,-0.02100000000000002
303,B84618,Pregabalin_Cap 25mg,0408010AEAAAAAA,5,-0.0210000000000006
213,B84610,Paracet_Tab 500mg,0407010H0AAAMAM,5,-0.02799999999999983
212,B84610,Paracet_Tab 500mg,0407010H0AAAMAM,5,-0.02799999999999983
304,B84004,Pregabalin_Cap 25mg,0408010AEAAAAAA,7,-0.029400000000000842
305,B84003,Pregabalin_Cap 25mg,0408010AEAAAAAA,8,-0.03360000000000096
214,Y03112,Paracet_Tab 500mg,0407010H0AAAMAM,7,-0.03919999999999976
215,Y03112,Paracet_Tab 500mg,0407010H0AAAMAM,7,-0.03919999999999976
216,B84006,Paracet_Tab 500mg,0407010H0AAAMAM,9,-0.050399999999999695
217,B84006,Paracet_Tab 500mg,0407010H0AAAMAM,9,-0.050399999999999695
495,B84011,Bisoprolol Fumar_Tab 5mg,0204000H0AAAAAA,19,-0.053200000000000136
218,B84623,Paracet_Tab 500mg,0407010H0AAAMAM,10,-0.05599999999999966
219,B84623,Paracet_Tab 500mg,0407010H0AAAMAM,10,-0.05599999999999966
496,B84003,Bisoprolol Fumar_Tab 5mg,0204000H0AAAAAA,20,-0.05600000000000015
221,B84011,Paracet_Tab 500mg,0407010H0AAAMAM,25,-0.059999999999999984
220,B84011,Paracet_Tab 500mg,0407010H0AAAMAM,25,-0.059999999999999984
223,B84613,Paracet_Tab 500mg,0407010H0AAAMAM,17,-0.09519999999999942
222,B84613,Paracet_Tab 500mg,0407010H0AAAMAM,17,-0.09519999999999942
497,B84004,Bisoprolol Fumar_Tab 5mg,0204000H0AAAAAA,38,-0.10640000000000027
225,B84011,Paracet_Tab 500mg,0407010H0AAAMAM,20,-0.11199999999999932
224,B84011,Paracet_Tab 500mg,0407010H0AAAMAM,20,-0.11199999999999932
498,B84013,Bisoprolol Fumar_Tab 5mg,0204000H0AAAAAA,46,-0.12880000000000033
499,B84005,Bisoprolol Fumar_Tab 5mg,0204000H0AAAAAA,47,-0.13160000000000036
500,B84618,Bisoprolol Fumar_Tab 5mg,0204000H0AAAAAA,49,-0.13720000000000035
568,B84610,Lansoprazole_Cap 30mg (E/C Gran),0103050L0AAAAAA,68,-0.19039999999999224
226,B84019,Paracet_Tab 500mg,0407010H0AAAMAM,5,-0.2699999999999999
227,B84019,Paracet_Tab 500mg,0407010H0AAAMAM,5,-0.2699999999999999
228,B84007,Paracet_Tab 500mg,0407010H0AAAMAM,51,-0.2855999999999983
229,B84007,Paracet_Tab 500mg,0407010H0AAAMAM,51,-0.2855999999999983
230,B84003,Paracet_Tab 500mg,0407010H0AAAMAM,55,-0.30799999999999816
231,B84003,Paracet_Tab 500mg,0407010H0AAAMAM,55,-0.30799999999999816
569,B84618,Lansoprazole_Cap 30mg (E/C Gran),0103050L0AAAAAA,69,-0.38639999999998426
232,B84623,Paracet_Tab 500mg,0407010H0AAAMAM,54,-0.5399999999999967
233,B84623,Paracet_Tab 500mg,0407010H0AAAMAM,54,-0.5399999999999967
234,B84004,Paracet_Tab 500mg,0407010H0AAAMAM,118,-0.6607999999999961
235,B84004,Paracet_Tab 500mg,0407010H0AAAMAM,118,-0.6607999999999961
236,B84016,Paracet_Tab 500mg,0407010H0AAAMAM,1,-0.7049999999999998
237,B84016,Paracet_Tab 500mg,0407010H0AAAMAM,1,-0.7049999999999998
238,B84016,Paracet_Tab 500mg,0407010H0AAAMAM,3,-1.0583999999999998
239,B84016,Paracet_Tab 500mg,0407010H0AAAMAM,3,-1.0583999999999998
240,B84615,Paracet_Tab 500mg,0407010H0AAAMAM,16,-1.4335999999999975
241,B84615,Paracet_Tab 500mg,0407010H0AAAMAM,16,-1.4335999999999975
242,B84016,Paracet_Tab 500mg,0407010H0AAAMAM,2,-1.5359999999999998
243,B84016,Paracet_Tab 500mg,0407010H0AAAMAM,2,-1.5359999999999998
245,B84613,Paracet_Tab 500mg,0407010H0AAAMAM,86,-1.7199999999999895
244,B84613,Paracet_Tab 500mg,0407010H0AAAMAM,86,-1.7199999999999895
246,B84016,Paracet_Tab 500mg,0407010H0AAAMAM,13,-1.8017999999999996
247,B84016,Paracet_Tab 500mg,0407010H0AAAMAM,13,-1.8017999999999996
248,B84016,Paracet_Tab 500mg,0407010H0AAAMAM,1,-1.92
249,B84016,Paracet_Tab 500mg,0407010H0AAAMAM,1,-1.92
250,B84618,Paracet_Tab 500mg,0407010H0AAAMAM,2,-2.5599999999999996
253,B84618,Paracet_Tab 500mg,0407010H0AAAMAM,2,-2.5599999999999996
252,B84623,Paracet_Tab 500mg,0407010H0AAAMAM,1,-2.5599999999999996
251,B84623,Paracet_Tab 500mg,0407010H0AAAMAM,1,-2.5599999999999996
255,B84016,Paracet_Tab 500mg,0407010H0AAAMAM,90,-5.5439999999999925
254,B84016,Paracet_Tab 500mg,0407010H0AAAMAM,90,-5.5439999999999925
257,B84016,Paracet_Tab 500mg,0407010H0AAAMAM,30,-6.047999999999998
256,B84016,Paracet_Tab 500mg,0407010H0AAAMAM,30,-6.047999999999998
259,B84016,Paracet_Tab 500mg,0407010H0AAAMAM,89,-8.009999999999998
258,B84016,Paracet_Tab 500mg,0407010H0AAAMAM,89,-8.009999999999998
261,B84016,Paracet_Tab 500mg,0407010H0AAAMAM,65,-36.399999999999984
260,B84016,Paracet_Tab 500mg,0407010H0AAAMAM,65,-36.399999999999984
