,practice_code,bnf_description,bnf_code,items,excess_cost
0,P85001,Clonazepam_Tab 500mcg,0408010F0AAABAB,3,1.5819999999999967
1,P85001,Co-Codamol_Cap 8mg/500mg,0407010F0AAABAB,2,0.3200000000000036
2,P85001,Methocarbamol_Tab 750mg,1002020S0AAABAB,7,2.186400000000002
3,P85001,Topiramate_Tab 200mg,040801050AAACAC,1,3.4859999999999984
4,P85002,Amiodarone HCl_Tab 200mg,0203020D0AAABAB,1,1.050000000000001
5,P85002,Clonazepam_Tab 500mcg,0408010F0AAABAB,22,6.507199999999987
6,P85002,Methocarbamol_Tab 750mg,1002020S0AAABAB,13,4.929400000000008
7,P85002,Pyridox HCl_Tab 50mg,0906024N0AAAIAI,1,0.9576000000000002
8,P85003,Amiodarone HCl_Tab 200mg,0203020D0AAABAB,1,0.3500000000000003
9,P85004,Clonazepam_Tab 500mcg,0408010F0AAABAB,3,1.2655999999999974
10,P85004,Co-Codamol_Cap 8mg/500mg,0407010F0AAABAB,4,0.6400000000000072
11,P85004,Methocarbamol_Tab 750mg,1002020S0AAABAB,1,0.4299999999999998
12,P85004,Topiramate_Tab 200mg,040801050AAACAC,1,2.489999999999999
13,P85005,Amiodarone HCl_Tab 200mg,0203020D0AAABAB,2,0.7000000000000006
14,P85005,Clonazepam_Tab 500mcg,0408010F0AAABAB,5,5.2205999999999895
15,P85005,Mesalazine_Tab E/C 400mg,0105010B0AAAAAA,1,-12.833999999999998
16,P85005,Methocarbamol_Tab 750mg,1002020S0AAABAB,7,4.1708
17,P85005,Pyridox HCl_Tab 50mg,0906024N0AAAIAI,1,0.9576000000000002
18,P85005,Topiramate_Tab 200mg,040801050AAACAC,1,2.3183999999999996
19,P85006,Amiodarone HCl_Tab 200mg,0203020D0AAABAB,1,0.3500000000000003
20,P85006,Clonazepam_Tab 500mcg,0408010F0AAABAB,11,5.695199999999988
21,P85006,Methocarbamol_Tab 750mg,1002020S0AAABAB,2,0.7996000000000011
22,P85006,Pyridox HCl_Tab 50mg,0906024N0AAAIAI,1,0.4788000000000001
23,P85006,Topiramate_Tab 200mg,040801050AAACAC,1,2.3183999999999996
24,P85007,Amiodarone HCl_Tab 200mg,0203020D0AAABAB,2,0.7000000000000006
25,P85007,Clonazepam_Tab 500mcg,0408010F0AAABAB,6,5.491799999999989
26,P85007,Co-Codamol_Cap 8mg/500mg,0407010F0AAABAB,2,0.3200000000000036
27,P85008,Amiodarone HCl_Tab 200mg,0203020D0AAABAB,1,0.3500000000000003
28,P85008,Clonazepam_Tab 500mcg,0408010F0AAABAB,27,15.040299999999972
29,P85008,Co-Codamol_Cap 8mg/500mg,0407010F0AAABAB,10,2.1760000000000246
30,P85008,Mesalazine_Tab E/C 400mg,0105010B0AAAAAA,1,-31.942399999999996
31,P85008,Mesalazine_Tab E/C 800mg,0105010B0AAASAS,1,17.219999999999995
32,P85008,Methocarbamol_Tab 750mg,1002020S0AAABAB,2,0.4956000000000014
33,P85008,Tetrabenazine_Tab 25mg,0409030C0AAAAAA,1,1.499399999999998
34,P85008,Topiramate_Tab 200mg,040801050AAACAC,2,4.979999999999998
35,P85010,Amiodarone HCl_Tab 200mg,0203020D0AAABAB,1,0.3500000000000003
36,P85010,Clonazepam_Tab 500mcg,0408010F0AAABAB,13,6.926899999999986
37,P85010,Co-Codamol_Cap 8mg/500mg,0407010F0AAABAB,4,0.5284000000000048
38,P85010,Methocarbamol_Tab 750mg,1002020S0AAABAB,8,5.435199999999997
39,P85011,Clonazepam_Tab 500mcg,0408010F0AAABAB,15,7.480599999999985
40,P85011,Co-Codamol_Cap 8mg/500mg,0407010F0AAABAB,6,1.2928000000000146
41,P85011,Mesalazine_Tab E/C 800mg,0105010B0AAASAS,2,11.479999999999997
42,P85011,Methocarbamol_Tab 750mg,1002020S0AAABAB,3,1.2469999999999994
43,P85012,Amiodarone HCl_Tab 200mg,0203020D0AAABAB,5,1.7500000000000016
44,P85012,Clonazepam_Tab 500mcg,0408010F0AAABAB,8,3.480399999999993
45,P85012,Mesalazine_Tab E/C 800mg,0105010B0AAASAS,1,11.479999999999997
46,P85012,Methocarbamol_Tab 750mg,1002020S0AAABAB,3,1.3415999999999995
47,P85012,Pyridox HCl_Tab 50mg,0906024N0AAAIAI,2,0.9790000000000003
48,P85013,Amiodarone HCl_Tab 200mg,0203020D0AAABAB,6,2.8000000000000025
49,P85013,Clonazepam_Tab 500mcg,0408010F0AAABAB,18,9.356399999999981
50,P85013,Co-Codamol_Cap 8mg/500mg,0407010F0AAABAB,6,1.3568000000000153
51,P85013,Mesalazine_Tab E/C 400mg,0105010B0AAAAAA,1,23.956799999999998
52,P85013,Methocarbamol_Tab 750mg,1002020S0AAABAB,25,11.512499999999998
53,P85013,Pyridox HCl_Tab 50mg,0906024N0AAAIAI,1,0.4788000000000001
54,P85014,Amiodarone HCl_Tab 200mg,0203020D0AAABAB,2,0.7000000000000006
55,P85014,Clonazepam_Tab 500mcg,0408010F0AAABAB,7,6.6669999999999865
56,P85014,Co-Codamol_Cap 8mg/500mg,0407010F0AAABAB,2,0.35840000000000405
57,P85014,Mesalazine_Tab E/C 800mg,0105010B0AAASAS,2,34.43999999999999
58,P85014,Methocarbamol_Tab 750mg,1002020S0AAABAB,1,0.2407999999999999
59,P85014,Pyridox HCl_Tab 50mg,0906024N0AAAIAI,1,0.9576000000000002
60,P85015,Amiodarone HCl_Tab 200mg,0203020D0AAABAB,2,0.7000000000000006
61,P85015,Clonazepam_Tab 500mcg,0408010F0AAABAB,3,3.0283999999999933
62,P85015,Co-Codamol_Cap 8mg/500mg,0407010F0AAABAB,10,1.9200000000000217
63,P85015,Methocarbamol_Tab 750mg,1002020S0AAABAB,6,2.111600000000003
64,P85015,Pyridox HCl_Tab 50mg,0906024N0AAAIAI,1,1.4364000000000003
65,P85015,Topiramate_Tab 200mg,040801050AAACAC,1,2.3183999999999996
66,P85016,Amiodarone HCl_Tab 200mg,0203020D0AAABAB,2,0.7000000000000006
67,P85016,Clonazepam_Tab 500mcg,0408010F0AAABAB,9,6.644399999999987
68,P85016,Co-Codamol_Cap 8mg/500mg,0407010F0AAABAB,10,2.380800000000027
69,P85016,Mesalazine_Tab E/C 400mg,0105010B0AAAAAA,1,34.224
70,P85016,Mesalazine_Tab E/C 800mg,0105010B0AAASAS,1,-34.43999999999999
71,P85016,Tetrabenazine_Tab 25mg,0409030C0AAAAAA,2,2.998799999999996
72,P85017,Amiodarone HCl_Tab 200mg,0203020D0AAABAB,3,1.7500000000000016
73,P85017,Clonazepam_Tab 500mcg,0408010F0AAABAB,27,13.367899999999972
74,P85017,Co-Codamol_Cap 8mg/500mg,0407010F0AAABAB,10,2.240000000000025
75,P85017,Mesalazine_Tab E/C 400mg,0105010B0AAAAAA,14,87.77440000000004
76,P85017,Mesalazine_Tab E/C 800mg,0105010B0AAASAS,1,17.219999999999995
77,P85017,Methocarbamol_Tab 750mg,1002020S0AAABAB,3,1.229600000000001
78,P85018,Amiodarone HCl_Tab 200mg,0203020D0AAABAB,1,0.3500000000000003
79,P85018,Clonazepam_Tab 500mcg,0408010F0AAABAB,10,4.158399999999991
80,P85019,Clonazepam_Tab 500mcg,0408010F0AAABAB,6,1.1073999999999977
81,P85019,Co-Codamol_Cap 8mg/500mg,0407010F0AAABAB,2,0.3200000000000036
82,P85019,Methocarbamol_Tab 750mg,1002020S0AAABAB,4,1.4100000000000021
83,P85020,Amiodarone HCl_Tab 200mg,0203020D0AAABAB,2,0.7000000000000006
84,P85020,Clonazepam_Tab 500mcg,0408010F0AAABAB,11,5.487599999999989
85,P85020,Co-Codamol_Cap 8mg/500mg,0407010F0AAABAB,4,0.9600000000000108
86,P85020,Methocarbamol_Tab 750mg,1002020S0AAABAB,1,0.9631999999999996
87,P85020,Pyridox HCl_Tab 50mg,0906024N0AAAIAI,1,0.4788000000000001
88,P85021,Amiodarone HCl_Tab 200mg,0203020D0AAABAB,1,0.3500000000000003
89,P85021,Clonazepam_Tab 500mcg,0408010F0AAABAB,15,5.299699999999989
90,P85021,Co-Codamol_Cap 8mg/500mg,0407010F0AAABAB,2,0.35840000000000405
91,P85021,Topiramate_Tab 200mg,040801050AAACAC,1,4.647999999999998
92,P85022,Amiodarone HCl_Tab 200mg,0203020D0AAABAB,4,1.4000000000000012
93,P85022,Clonazepam_Tab 500mcg,0408010F0AAABAB,16,6.689599999999986
94,P85022,Co-Codamol_Cap 8mg/500mg,0407010F0AAABAB,2,0.19200000000000217
95,P85022,Topiramate_Tab 200mg,040801050AAACAC,1,2.489999999999999
96,P85026,Clonazepam_Tab 500mcg,0408010F0AAABAB,3,1.5819999999999967
97,P85026,Topiramate_Tab 200mg,040801050AAACAC,1,4.979999999999998
98,P85028,Amiodarone HCl_Tab 200mg,0203020D0AAABAB,2,0.7000000000000006
99,P85028,Clonazepam_Tab 500mcg,0408010F0AAABAB,2,0.949199999999998
100,P85028,Methocarbamol_Tab 750mg,1002020S0AAABAB,1,0.8599999999999997
101,P85028,Pyridox HCl_Tab 50mg,0906024N0AAAIAI,5,7.660800000000002
102,P85028,Topiramate_Tab 200mg,040801050AAACAC,1,2.489999999999999
103,P85601,Amiodarone HCl_Tab 200mg,0203020D0AAABAB,1,0.3500000000000003
104,P85601,Co-Codamol_Cap 8mg/500mg,0407010F0AAABAB,2,0.5376000000000061
105,P85601,Mesalazine_Tab E/C 800mg,0105010B0AAASAS,1,34.43999999999999
106,P85601,Methocarbamol_Tab 750mg,1002020S0AAABAB,1,0.4299999999999998
107,P85602,Clonazepam_Tab 500mcg,0408010F0AAABAB,2,0.6327999999999987
108,P85602,Mesalazine_Tab E/C 400mg,0105010B0AAAAAA,2,-51.33599999999999
109,P85602,Mesalazine_Tab E/C 800mg,0105010B0AAASAS,2,-18.432
110,P85602,Methocarbamol_Tab 750mg,1002020S0AAABAB,2,0.7996000000000011
111,P85605,Clonazepam_Tab 500mcg,0408010F0AAABAB,10,3.954999999999992
112,P85606,Clonazepam_Tab 500mcg,0408010F0AAABAB,5,2.847599999999994
113,P85606,Methocarbamol_Tab 750mg,1002020S0AAABAB,5,1.1092000000000017
114,P85607,Amiodarone HCl_Tab 200mg,0203020D0AAABAB,1,0.3500000000000003
115,P85607,Clonazepam_Tab 500mcg,0408010F0AAABAB,1,0.31639999999999935
116,P85607,Methocarbamol_Tab 750mg,1002020S0AAABAB,2,0.3332000000000002
117,P85608,Clonazepam_Tab 500mcg,0408010F0AAABAB,9,3.495999999999993
118,P85608,Methocarbamol_Tab 750mg,1002020S0AAABAB,5,2.149999999999999
119,P85608,Pyridox HCl_Tab 50mg,0906024N0AAAIAI,1,4.788000000000001
120,P85608,Topiramate_Tab 200mg,040801050AAACAC,1,4.647999999999998
121,P85610,Amiodarone HCl_Tab 200mg,0203020D0AAABAB,1,0.3500000000000003
122,P85610,Clonazepam_Tab 500mcg,0408010F0AAABAB,2,1.5819999999999967
123,P85610,Methocarbamol_Tab 750mg,1002020S0AAABAB,2,1.143600000000001
124,P85610,Pyridox HCl_Tab 50mg,0906024N0AAAIAI,6,1.9152000000000005
125,P85613,Clonazepam_Tab 500mcg,0408010F0AAABAB,3,1.898399999999996
126,P85613,Pyridox HCl_Tab 50mg,0906024N0AAAIAI,2,0.9576000000000002
127,P85614,Clonazepam_Tab 500mcg,0408010F0AAABAB,8,7.876099999999983
128,P85614,Methocarbamol_Tab 750mg,1002020S0AAABAB,3,0.6118000000000021
129,P85614,Tetrabenazine_Tab 25mg,0409030C0AAAAAA,1,1.9991999999999974
130,P85615,Amiodarone HCl_Tab 200mg,0203020D0AAABAB,2,0.7000000000000006
131,P85615,Clonazepam_Tab 500mcg,0408010F0AAABAB,6,3.3221999999999934
132,P85615,Methocarbamol_Tab 750mg,1002020S0AAABAB,4,2.7776000000000005
133,P85615,Pyridox HCl_Tab 50mg,0906024N0AAAIAI,2,0.9576000000000002
134,P85615,Risperidone_Tab 6mg,040201030AAAFAF,1,29.2096
135,P85615,Tetrabenazine_Tab 25mg,0409030C0AAAAAA,1,2.998799999999996
136,P85620,Amiodarone HCl_Tab 200mg,0203020D0AAABAB,1,0.3500000000000003
137,P85620,Clonazepam_Tab 500mcg,0408010F0AAABAB,1,0.6327999999999987
138,P85621,Clonazepam_Tab 500mcg,0408010F0AAABAB,5,0.949199999999998
139,P85622,Amiodarone HCl_Tab 200mg,0203020D0AAABAB,2,1.4000000000000012
140,P85622,Clonazepam_Tab 500mcg,0408010F0AAABAB,2,1.6271999999999966
141,P85622,Co-Codamol_Cap 8mg/500mg,0407010F0AAABAB,2,0.3200000000000036
142,P85622,Methocarbamol_Tab 750mg,1002020S0AAABAB,2,1.2039999999999995
143,P89006,Amiodarone HCl_Tab 200mg,0203020D0AAABAB,3,1.050000000000001
144,P89006,Clonazepam_Tab 500mcg,0408010F0AAABAB,9,5.921199999999987
145,P89006,Co-Codamol_Cap 8mg/500mg,0407010F0AAABAB,4,0.6400000000000072
146,P89006,Mesalazine_Tab E/C 800mg,0105010B0AAASAS,2,-18.432
147,P89006,Methocarbamol_Tab 750mg,1002020S0AAABAB,6,2.4019999999999997
148,Y00945,Clonazepam_Tab 500mcg,0408010F0AAABAB,1,0.11599999999999999
149,Y01124,Amiodarone HCl_Tab 200mg,0203020D0AAABAB,3,1.050000000000001
150,Y01124,Clonazepam_Tab 500mcg,0408010F0AAABAB,7,5.06239999999999
151,Y01124,Methocarbamol_Tab 750mg,1002020S0AAABAB,2,0.6075999999999999
152,Y01124,Topiramate_Tab 200mg,040801050AAACAC,1,2.489999999999999
153,Y02753,Amiodarone HCl_Tab 200mg,0203020D0AAABAB,1,0.3500000000000003
154,Y02753,Clonazepam_Tab 500mcg,0408010F0AAABAB,12,4.090599999999991
155,Y02753,Co-Codamol_Cap 8mg/500mg,0407010F0AAABAB,2,0.7168000000000081
156,Y02753,Tetrabenazine_Tab 25mg,0409030C0AAAAAA,1,3.998399999999995
157,Y02753,Topiramate_Tab 200mg,040801050AAACAC,1,2.489999999999999
158,Y02827,Amiodarone HCl_Tab 200mg,0203020D0AAABAB,2,0.7000000000000006
159,Y02827,Clonazepam_Tab 500mcg,0408010F0AAABAB,4,1.5819999999999967
160,Y02875,Clonazepam_Tab 500mcg,0408010F0AAABAB,4,4.74599999999999
161,Y02875,Methocarbamol_Tab 750mg,1002020S0AAABAB,1,0.36960000000000126
162,Y02875,Pyridox HCl_Tab 50mg,0906024N0AAAIAI,1,2.8728000000000007
163,Y02875,Topiramate_Tab 200mg,040801050AAACAC,1,2.489999999999999
164,Y02933,Amiodarone HCl_Tab 200mg,0203020D0AAABAB,1,0.3500000000000003
165,Y02933,Clonazepam_Tab 500mcg,0408010F0AAABAB,3,2.2147999999999954
166,Y02933,Co-Codamol_Cap 8mg/500mg,0407010F0AAABAB,4,1.0752000000000121
167,Y02933,Tetrabenazine_Tab 25mg,0409030C0AAAAAA,5,2.5527999999999986
168,Y03204,Clonazepam_Tab 500mcg,0408010F0AAABAB,1,0.15819999999999967
