,practice_code,bnf_description,bnf_code,items,excess_cost
290,L81049,Lamotrigine_Tab Disper 100mg S/F,0408010H0AAAWAW,1,259.1232
304,L81039,Quetiapine_Tab 300mg,0402010ABAAAKAK,1,257.184
397,L81073,Letrozole_Tab 2.5mg,0803041L0AAAAAA,2,195.72
277,L81010,Atorvastatin_Tab 20mg,0212000B0AAABAB,169,180.76240000000004
256,L81045,Memantine HCl_Tab 20mg,0411000G0AAADAD,28,127.792
257,L81039,Memantine HCl_Tab 20mg,0411000G0AAADAD,31,127.7696
413,L81039,Lansoprazole_Cap 30mg (E/C Gran),0103050L0AAAAAA,53,90.2272
295,L81030,Atorvastatin_Tab 40mg,0212000B0AAACAC,196,88.90559999999999
258,L81070,Memantine HCl_Tab 20mg,0411000G0AAADAD,30,79.98899999999999
464,L81010,Propranolol HCl_Tab 10mg,0204000R0AAAHAH,1,78.5792
296,L81020,Atorvastatin_Tab 40mg,0212000B0AAACAC,6,66.78
297,L81045,Atorvastatin_Tab 40mg,0212000B0AAACAC,31,66.7492
291,L81039,Lamotrigine_Tab Disper 100mg S/F,0408010H0AAAWAW,1,64.7808
259,L81073,Memantine HCl_Tab 20mg,0411000G0AAADAD,11,63.933099999999996
260,L81073,Memantine HCl_Tab 20mg,0411000G0AAADAD,1,63.89880000000001
414,L81039,Lansoprazole_Cap 30mg (E/C Gran),0103050L0AAAAAA,74,46.62
278,L81039,Atorvastatin_Tab 20mg,0212000B0AAABAB,221,45.791200000000025
279,L81065,Atorvastatin_Tab 20mg,0212000B0AAABAB,190,45.75200000000005
280,L81059,Atorvastatin_Tab 20mg,0212000B0AAABAB,254,45.51680000000002
281,L81073,Atorvastatin_Tab 20mg,0212000B0AAABAB,79,45.1248
282,L81069,Atorvastatin_Tab 20mg,0212000B0AAABAB,97,45.08560000000001
298,L81039,Atorvastatin_Tab 40mg,0212000B0AAACAC,110,44.66
465,L81045,Propranolol HCl_Tab 10mg,0204000R0AAAHAH,4,44.2008
328,L81070,Ferr Sulf_Tab 200mg,0901011P0AAACAC,1,42.252
327,L81644,Ferr Sulf_Tab 200mg,0901011P0AAACAC,1,42.252
1,L81073,Paracet_Tab 500mg,0407010H0AAAMAM,75,40.500000000000014
0,L81073,Paracet_Tab 500mg,0407010H0AAAMAM,75,40.500000000000014
2,L81070,Paracet_Tab 500mg,0407010H0AAAMAM,40,40.00000000000001
3,L81070,Paracet_Tab 500mg,0407010H0AAAMAM,40,40.00000000000001
4,L81071,Paracet_Tab 500mg,0407010H0AAAMAM,55,35.20000000000002
5,L81071,Paracet_Tab 500mg,0407010H0AAAMAM,55,35.20000000000002
329,L81071,Ferr Sulf_Tab 200mg,0901011P0AAACAC,2,28.179199999999998
330,L81045,Ferr Sulf_Tab 200mg,0901011P0AAACAC,1,28.168
6,L81071,Paracet_Tab 500mg,0407010H0AAAMAM,9,22.579200000000004
7,L81071,Paracet_Tab 500mg,0407010H0AAAMAM,9,22.579200000000004
283,L81010,Atorvastatin_Tab 20mg,0212000B0AAABAB,23,22.540000000000003
299,L81025,Atorvastatin_Tab 40mg,0212000B0AAACAC,199,22.288000000000018
9,L81045,Paracet_Tab 500mg,0407010H0AAAMAM,129,21.930000000000003
8,L81045,Paracet_Tab 500mg,0407010H0AAAMAM,129,21.930000000000003
331,L81070,Ferr Sulf_Tab 200mg,0901011P0AAACAC,4,21.1176
11,L81644,Paracet_Tab 500mg,0407010H0AAAMAM,26,20.280000000000005
10,L81644,Paracet_Tab 500mg,0407010H0AAAMAM,26,20.280000000000005
12,L81010,Paracet_Tab 500mg,0407010H0AAAMAM,1,20.119999999999997
13,L81010,Paracet_Tab 500mg,0407010H0AAAMAM,1,20.119999999999997
14,L81068,Paracet_Tab 500mg,0407010H0AAAMAM,68,19.4208
15,L81068,Paracet_Tab 500mg,0407010H0AAAMAM,68,19.4208
16,L81039,Paracet_Tab 500mg,0407010H0AAAMAM,2,15.09
17,L81039,Paracet_Tab 500mg,0407010H0AAAMAM,2,15.09
466,L81069,Propranolol HCl_Tab 10mg,0204000R0AAAHAH,6,14.767200000000003
332,L81070,Ferr Sulf_Tab 200mg,0901011P0AAACAC,8,14.123199999999999
333,L81039,Ferr Sulf_Tab 200mg,0901011P0AAACAC,11,14.106399999999997
334,L81069,Ferr Sulf_Tab 200mg,0901011P0AAACAC,4,14.089599999999997
19,L81070,Paracet_Tab 500mg,0407010H0AAAMAM,93,14.061600000000006
18,L81070,Paracet_Tab 500mg,0407010H0AAAMAM,93,14.061600000000006
21,L81070,Paracet_Tab 500mg,0407010H0AAAMAM,1,12.096
20,L81070,Paracet_Tab 500mg,0407010H0AAAMAM,1,12.096
22,L81025,Paracet_Tab 500mg,0407010H0AAAMAM,46,11.334400000000002
23,L81025,Paracet_Tab 500mg,0407010H0AAAMAM,46,11.334400000000002
24,L81010,Paracet_Tab 500mg,0407010H0AAAMAM,11,11.3344
25,L81010,Paracet_Tab 500mg,0407010H0AAAMAM,11,11.3344
26,L81073,Paracet_Tab 500mg,0407010H0AAAMAM,62,11.110400000000006
27,L81073,Paracet_Tab 500mg,0407010H0AAAMAM,62,11.110400000000006
29,L81039,Paracet_Tab 500mg,0407010H0AAAMAM,33,11.08800000000001
28,L81039,Paracet_Tab 500mg,0407010H0AAAMAM,33,11.08800000000001
30,L81039,Paracet_Tab 500mg,0407010H0AAAMAM,190,10.64000000000001
31,L81039,Paracet_Tab 500mg,0407010H0AAAMAM,190,10.64000000000001
32,L81070,Paracet_Tab 500mg,0407010H0AAAMAM,51,10.20000000000001
33,L81070,Paracet_Tab 500mg,0407010H0AAAMAM,51,10.20000000000001
34,L81073,Paracet_Tab 500mg,0407010H0AAAMAM,18,10.080000000000002
35,L81073,Paracet_Tab 500mg,0407010H0AAAMAM,18,10.080000000000002
36,L81045,Paracet_Tab 500mg,0407010H0AAAMAM,1,9.054
37,L81045,Paracet_Tab 500mg,0407010H0AAAMAM,1,9.054
38,L81045,Paracet_Tab 500mg,0407010H0AAAMAM,132,8.870399999999998
39,L81045,Paracet_Tab 500mg,0407010H0AAAMAM,132,8.870399999999998
40,L81045,Paracet_Tab 500mg,0407010H0AAAMAM,13,8.5176
41,L81045,Paracet_Tab 500mg,0407010H0AAAMAM,13,8.5176
42,L81045,Paracet_Tab 500mg,0407010H0AAAMAM,30,7.7999999999999945
43,L81045,Paracet_Tab 500mg,0407010H0AAAMAM,30,7.7999999999999945
335,L81025,Ferr Sulf_Tab 200mg,0901011P0AAACAC,6,7.0392
45,L81644,Paracet_Tab 500mg,0407010H0AAAMAM,3,5.6448
44,L81644,Paracet_Tab 500mg,0407010H0AAAMAM,3,5.6448
46,L81065,Paracet_Tab 500mg,0407010H0AAAMAM,76,5.319999999999994
47,L81065,Paracet_Tab 500mg,0407010H0AAAMAM,76,5.319999999999994
48,L81010,Paracet_Tab 500mg,0407010H0AAAMAM,59,5.3100000000000085
49,L81010,Paracet_Tab 500mg,0407010H0AAAMAM,59,5.3100000000000085
51,L81020,Paracet_Tab 500mg,0407010H0AAAMAM,32,5.120000000000003
50,L81020,Paracet_Tab 500mg,0407010H0AAAMAM,32,5.120000000000003
52,L81644,Paracet_Tab 500mg,0407010H0AAAMAM,57,4.788000000000004
53,L81644,Paracet_Tab 500mg,0407010H0AAAMAM,57,4.788000000000004
55,L81039,Paracet_Tab 500mg,0407010H0AAAMAM,144,4.320000000000023
54,L81039,Paracet_Tab 500mg,0407010H0AAAMAM,144,4.320000000000023
415,L81049,Lansoprazole_Cap 30mg (E/C Gran),0103050L0AAAAAA,17,3.7128000000000005
416,L81123,Lansoprazole_Cap 30mg (E/C Gran),0103050L0AAAAAA,36,3.6288000000000062
56,L81068,Paracet_Tab 500mg,0407010H0AAAMAM,2,3.552
57,L81068,Paracet_Tab 500mg,0407010H0AAAMAM,2,3.552
417,L81039,Lansoprazole_Cap 30mg (E/C Gran),0103050L0AAAAAA,147,3.1899000000000055
292,L81025,Lamotrigine_Tab Disper 100mg S/F,0408010H0AAAWAW,1,1.358
284,L81025,Atorvastatin_Tab 20mg,0212000B0AAABAB,84,0.4704000000000135
59,L81068,Paracet_Tab 500mg,0407010H0AAAMAM,22,0.43999999999999734
58,L81068,Paracet_Tab 500mg,0407010H0AAAMAM,22,0.43999999999999734
60,L81010,Paracet_Tab 500mg,0407010H0AAAMAM,2,0.3071999999999999
61,L81010,Paracet_Tab 500mg,0407010H0AAAMAM,2,0.3071999999999999
418,L81644,Lansoprazole_Cap 30mg (E/C Gran),0103050L0AAAAAA,94,0.263200000000003
419,L81071,Lansoprazole_Cap 30mg (E/C Gran),0103050L0AAAAAA,94,0.263200000000003
285,L81071,Atorvastatin_Tab 20mg,0212000B0AAABAB,5,0.2520000000000014
420,L81045,Lansoprazole_Cap 30mg (E/C Gran),0103050L0AAAAAA,87,0.24360000000000276
421,L81068,Lansoprazole_Cap 30mg (E/C Gran),0103050L0AAAAAA,86,0.24080000000000273
422,L81073,Lansoprazole_Cap 30mg (E/C Gran),0103050L0AAAAAA,85,0.23800000000000268
286,L81068,Atorvastatin_Tab 20mg,0212000B0AAABAB,74,0.20720000000000593
261,L81045,Memantine HCl_Tab 20mg,0411000G0AAADAD,39,0.1910999999999998
336,L81039,Ferr Sulf_Tab 200mg,0901011P0AAACAC,33,0.18479999999999888
423,L81069,Lansoprazole_Cap 30mg (E/C Gran),0103050L0AAAAAA,65,0.18200000000000205
424,L81072,Lansoprazole_Cap 30mg (E/C Gran),0103050L0AAAAAA,62,0.17360000000000197
425,L81025,Lansoprazole_Cap 30mg (E/C Gran),0103050L0AAAAAA,61,0.17080000000000192
426,L81020,Lansoprazole_Cap 30mg (E/C Gran),0103050L0AAAAAA,57,0.1596000000000018
427,L81064,Lansoprazole_Cap 30mg (E/C Gran),0103050L0AAAAAA,52,0.14560000000000164
63,L81045,Paracet_Tab 500mg,0407010H0AAAMAM,2,0.1440000000000008
62,L81045,Paracet_Tab 500mg,0407010H0AAAMAM,2,0.1440000000000008
262,L81068,Memantine HCl_Tab 20mg,0411000G0AAADAD,29,0.14209999999999984
428,L81123,Lansoprazole_Cap 30mg (E/C Gran),0103050L0AAAAAA,49,0.13720000000000154
429,L81049,Lansoprazole_Cap 30mg (E/C Gran),0103050L0AAAAAA,42,0.11760000000000133
337,L81064,Ferr Sulf_Tab 200mg,0901011P0AAACAC,19,0.10639999999999936
64,L81069,Paracet_Tab 500mg,0407010H0AAAMAM,37,0.10359999999999937
65,L81039,Paracet_Tab 500mg,0407010H0AAAMAM,37,0.10359999999999937
66,L81069,Paracet_Tab 500mg,0407010H0AAAMAM,37,0.10359999999999937
67,L81039,Paracet_Tab 500mg,0407010H0AAAMAM,37,0.10359999999999937
263,L81064,Memantine HCl_Tab 20mg,0411000G0AAADAD,19,0.0930999999999999
338,L81069,Ferr Sulf_Tab 200mg,0901011P0AAACAC,16,0.08959999999999946
431,L81039,Lansoprazole_Cap 30mg (E/C Gran),0103050L0AAAAAA,15,0.08400000000000095
430,L81070,Lansoprazole_Cap 30mg (E/C Gran),0103050L0AAAAAA,30,0.08400000000000095
71,L81068,Paracet_Tab 500mg,0407010H0AAAMAM,30,0.08399999999999949
68,L81049,Paracet_Tab 500mg,0407010H0AAAMAM,20,0.08399999999999949
69,L81049,Paracet_Tab 500mg,0407010H0AAAMAM,20,0.08399999999999949
70,L81068,Paracet_Tab 500mg,0407010H0AAAMAM,30,0.08399999999999949
432,L81030,Lansoprazole_Cap 30mg (E/C Gran),0103050L0AAAAAA,29,0.08120000000000091
265,L81025,Memantine HCl_Tab 20mg,0411000G0AAADAD,16,0.07839999999999991
264,L81123,Memantine HCl_Tab 20mg,0411000G0AAADAD,16,0.07839999999999991
266,L81059,Memantine HCl_Tab 20mg,0411000G0AAADAD,15,0.07349999999999993
434,L81064,Lansoprazole_Cap 30mg (E/C Gran),0103050L0AAAAAA,13,0.07280000000000082
433,L81123,Lansoprazole_Cap 30mg (E/C Gran),0103050L0AAAAAA,13,0.07280000000000082
73,L81039,Paracet_Tab 500mg,0407010H0AAAMAM,2,0.0720000000000004
72,L81039,Paracet_Tab 500mg,0407010H0AAAMAM,2,0.0720000000000004
435,L81637,Lansoprazole_Cap 30mg (E/C Gran),0103050L0AAAAAA,25,0.07000000000000078
398,L81045,Letrozole_Tab 2.5mg,0803041L0AAAAAA,14,0.0686000000000006
436,L81059,Lansoprazole_Cap 30mg (E/C Gran),0103050L0AAAAAA,24,0.06720000000000076
74,L81071,Paracet_Tab 500mg,0407010H0AAAMAM,1,0.06719999999999993
75,L81071,Paracet_Tab 500mg,0407010H0AAAMAM,1,0.06719999999999993
339,L81020,Ferr Sulf_Tab 200mg,0901011P0AAACAC,12,0.0671999999999996
437,L81065,Lansoprazole_Cap 30mg (E/C Gran),0103050L0AAAAAA,23,0.06440000000000073
76,L81070,Paracet_Tab 500mg,0407010H0AAAMAM,23,0.06439999999999961
77,L81070,Paracet_Tab 500mg,0407010H0AAAMAM,23,0.06439999999999961
399,L81039,Letrozole_Tab 2.5mg,0803041L0AAAAAA,13,0.06370000000000056
267,L81049,Memantine HCl_Tab 20mg,0411000G0AAADAD,13,0.06369999999999992
438,L81073,Lansoprazole_Cap 30mg (E/C Gran),0103050L0AAAAAA,11,0.061600000000000696
341,L81071,Ferr Sulf_Tab 200mg,0901011P0AAACAC,11,0.06159999999999963
340,L81068,Ferr Sulf_Tab 200mg,0901011P0AAACAC,11,0.06159999999999963
268,L81072,Memantine HCl_Tab 20mg,0411000G0AAADAD,12,0.058799999999999936
79,L81025,Paracet_Tab 500mg,0407010H0AAAMAM,14,0.058799999999999644
78,L81025,Paracet_Tab 500mg,0407010H0AAAMAM,14,0.058799999999999644
83,L81644,Paracet_Tab 500mg,0407010H0AAAMAM,20,0.05599999999999966
81,L81644,Paracet_Tab 500mg,0407010H0AAAMAM,20,0.05599999999999966
80,L81123,Paracet_Tab 500mg,0407010H0AAAMAM,20,0.05599999999999966
345,L81049,Ferr Sulf_Tab 200mg,0901011P0AAACAC,20,0.05599999999999966
344,L81123,Ferr Sulf_Tab 200mg,0901011P0AAACAC,10,0.05599999999999966
343,L81073,Ferr Sulf_Tab 200mg,0901011P0AAACAC,10,0.05599999999999966
342,L81072,Ferr Sulf_Tab 200mg,0901011P0AAACAC,10,0.05599999999999966
82,L81123,Paracet_Tab 500mg,0407010H0AAAMAM,20,0.05599999999999966
84,L81644,Paracet_Tab 500mg,0407010H0AAAMAM,13,0.05459999999999967
85,L81069,Paracet_Tab 500mg,0407010H0AAAMAM,13,0.05459999999999967
86,L81644,Paracet_Tab 500mg,0407010H0AAAMAM,13,0.05459999999999967
87,L81069,Paracet_Tab 500mg,0407010H0AAAMAM,13,0.05459999999999967
439,L81027,Lansoprazole_Cap 30mg (E/C Gran),0103050L0AAAAAA,19,0.0532000000000006
440,L81070,Lansoprazole_Cap 30mg (E/C Gran),0103050L0AAAAAA,9,0.05040000000000057
441,L81122,Lansoprazole_Cap 30mg (E/C Gran),0103050L0AAAAAA,17,0.04760000000000054
89,L81064,Paracet_Tab 500mg,0407010H0AAAMAM,17,0.04759999999999971
88,L81064,Paracet_Tab 500mg,0407010H0AAAMAM,17,0.04759999999999971
90,L81064,Paracet_Tab 500mg,0407010H0AAAMAM,11,0.04619999999999972
91,L81064,Paracet_Tab 500mg,0407010H0AAAMAM,11,0.04619999999999972
442,L81068,Lansoprazole_Cap 30mg (E/C Gran),0103050L0AAAAAA,8,0.044800000000000506
443,L81655,Lansoprazole_Cap 30mg (E/C Gran),0103050L0AAAAAA,16,0.044800000000000506
346,L81030,Ferr Sulf_Tab 200mg,0901011P0AAACAC,8,0.04479999999999973
269,L81101,Memantine HCl_Tab 20mg,0411000G0AAADAD,9,0.04409999999999995
92,L81049,Paracet_Tab 500mg,0407010H0AAAMAM,15,0.041999999999999746
93,L81049,Paracet_Tab 500mg,0407010H0AAAMAM,15,0.041999999999999746
347,L81039,Ferr Sulf_Tab 200mg,0901011P0AAACAC,15,0.041999999999999746
348,L81025,Ferr Sulf_Tab 200mg,0901011P0AAACAC,33,0.03959999999999976
444,L81101,Lansoprazole_Cap 30mg (E/C Gran),0103050L0AAAAAA,14,0.03920000000000044
400,L81069,Letrozole_Tab 2.5mg,0803041L0AAAAAA,8,0.039200000000000346
401,L81123,Letrozole_Tab 2.5mg,0803041L0AAAAAA,8,0.039200000000000346
270,L81655,Memantine HCl_Tab 20mg,0411000G0AAADAD,8,0.03919999999999996
271,L81039,Memantine HCl_Tab 20mg,0411000G0AAADAD,8,0.03919999999999996
273,L81027,Memantine HCl_Tab 20mg,0411000G0AAADAD,8,0.03919999999999996
272,L81069,Memantine HCl_Tab 20mg,0411000G0AAADAD,8,0.03919999999999996
349,L81069,Ferr Sulf_Tab 200mg,0901011P0AAACAC,14,0.03919999999999976
95,L81073,Paracet_Tab 500mg,0407010H0AAAMAM,14,0.03919999999999976
94,L81073,Paracet_Tab 500mg,0407010H0AAAMAM,14,0.03919999999999976
445,L81132,Lansoprazole_Cap 30mg (E/C Gran),0103050L0AAAAAA,13,0.03640000000000041
350,L81101,Ferr Sulf_Tab 200mg,0901011P0AAACAC,13,0.03639999999999978
102,L81072,Paracet_Tab 500mg,0407010H0AAAMAM,12,0.0335999999999998
103,L81123,Paracet_Tab 500mg,0407010H0AAAMAM,8,0.0335999999999998
100,L81025,Paracet_Tab 500mg,0407010H0AAAMAM,12,0.0335999999999998
101,L81072,Paracet_Tab 500mg,0407010H0AAAMAM,12,0.0335999999999998
99,L81068,Paracet_Tab 500mg,0407010H0AAAMAM,8,0.0335999999999998
97,L81068,Paracet_Tab 500mg,0407010H0AAAMAM,8,0.0335999999999998
96,L81025,Paracet_Tab 500mg,0407010H0AAAMAM,12,0.0335999999999998
98,L81123,Paracet_Tab 500mg,0407010H0AAAMAM,8,0.0335999999999998
351,L81068,Ferr Sulf_Tab 200mg,0901011P0AAACAC,11,0.030799999999999814
402,L81059,Letrozole_Tab 2.5mg,0803041L0AAAAAA,6,0.02940000000000026
104,L81027,Paracet_Tab 500mg,0407010H0AAAMAM,7,0.029399999999999822
105,L81027,Paracet_Tab 500mg,0407010H0AAAMAM,7,0.029399999999999822
447,L81025,Lansoprazole_Cap 30mg (E/C Gran),0103050L0AAAAAA,5,0.028000000000000316
446,L81644,Lansoprazole_Cap 30mg (E/C Gran),0103050L0AAAAAA,5,0.028000000000000316
352,L81025,Ferr Sulf_Tab 200mg,0901011P0AAACAC,5,0.02799999999999983
353,L81068,Ferr Sulf_Tab 200mg,0901011P0AAACAC,3,0.025199999999999848
107,L81070,Paracet_Tab 500mg,0407010H0AAAMAM,4,0.023999999999999855
106,L81070,Paracet_Tab 500mg,0407010H0AAAMAM,4,0.023999999999999855
109,L81020,Paracet_Tab 500mg,0407010H0AAAMAM,17,0.023799999999999856
108,L81020,Paracet_Tab 500mg,0407010H0AAAMAM,17,0.023799999999999856
449,L81030,Lansoprazole_Cap 30mg (E/C Gran),0103050L0AAAAAA,4,0.022400000000000253
448,L81072,Lansoprazole_Cap 30mg (E/C Gran),0103050L0AAAAAA,4,0.022400000000000253
359,L81072,Ferr Sulf_Tab 200mg,0901011P0AAACAC,8,0.022399999999999864
358,L81020,Ferr Sulf_Tab 200mg,0901011P0AAACAC,8,0.022399999999999864
360,L81045,Ferr Sulf_Tab 200mg,0901011P0AAACAC,4,0.022399999999999864
356,L81045,Ferr Sulf_Tab 200mg,0901011P0AAACAC,8,0.022399999999999864
355,L81644,Ferr Sulf_Tab 200mg,0901011P0AAACAC,4,0.022399999999999864
354,L81025,Ferr Sulf_Tab 200mg,0901011P0AAACAC,8,0.022399999999999864
357,L81065,Ferr Sulf_Tab 200mg,0901011P0AAACAC,8,0.022399999999999864
111,L81071,Paracet_Tab 500mg,0407010H0AAAMAM,8,0.022399999999999864
110,L81071,Paracet_Tab 500mg,0407010H0AAAMAM,8,0.022399999999999864
112,L81045,Paracet_Tab 500mg,0407010H0AAAMAM,8,0.022399999999999864
113,L81045,Paracet_Tab 500mg,0407010H0AAAMAM,8,0.022399999999999864
114,L81122,Paracet_Tab 500mg,0407010H0AAAMAM,5,0.020999999999999873
115,L81122,Paracet_Tab 500mg,0407010H0AAAMAM,5,0.020999999999999873
403,L81072,Letrozole_Tab 2.5mg,0803041L0AAAAAA,4,0.019600000000000173
406,L81030,Letrozole_Tab 2.5mg,0803041L0AAAAAA,4,0.019600000000000173
404,L81020,Letrozole_Tab 2.5mg,0803041L0AAAAAA,4,0.019600000000000173
405,L81064,Letrozole_Tab 2.5mg,0803041L0AAAAAA,4,0.019600000000000173
274,L81020,Memantine HCl_Tab 20mg,0411000G0AAADAD,4,0.01959999999999998
116,L81020,Paracet_Tab 500mg,0407010H0AAAMAM,7,0.01959999999999988
119,L81027,Paracet_Tab 500mg,0407010H0AAAMAM,7,0.01959999999999988
362,L81644,Ferr Sulf_Tab 200mg,0901011P0AAACAC,7,0.01959999999999988
118,L81020,Paracet_Tab 500mg,0407010H0AAAMAM,7,0.01959999999999988
117,L81027,Paracet_Tab 500mg,0407010H0AAAMAM,7,0.01959999999999988
361,L81123,Ferr Sulf_Tab 200mg,0901011P0AAACAC,7,0.01959999999999988
121,L81039,Paracet_Tab 500mg,0407010H0AAAMAM,3,0.01799999999999989
120,L81039,Paracet_Tab 500mg,0407010H0AAAMAM,3,0.01799999999999989
450,L81010,Lansoprazole_Cap 30mg (E/C Gran),0103050L0AAAAAA,6,0.01680000000000019
452,L81049,Lansoprazole_Cap 30mg (E/C Gran),0103050L0AAAAAA,3,0.01680000000000019
451,L81010,Lansoprazole_Cap 30mg (E/C Gran),0103050L0AAAAAA,3,0.01680000000000019
365,L81132,Ferr Sulf_Tab 200mg,0901011P0AAACAC,6,0.0167999999999999
124,L81059,Paracet_Tab 500mg,0407010H0AAAMAM,6,0.0167999999999999
123,L81072,Paracet_Tab 500mg,0407010H0AAAMAM,4,0.0167999999999999
122,L81072,Paracet_Tab 500mg,0407010H0AAAMAM,4,0.0167999999999999
125,L81655,Paracet_Tab 500mg,0407010H0AAAMAM,4,0.0167999999999999
363,L81049,Ferr Sulf_Tab 200mg,0901011P0AAACAC,3,0.0167999999999999
366,L81064,Ferr Sulf_Tab 200mg,0901011P0AAACAC,6,0.0167999999999999
367,L81059,Ferr Sulf_Tab 200mg,0901011P0AAACAC,3,0.0167999999999999
364,L81132,Ferr Sulf_Tab 200mg,0901011P0AAACAC,2,0.0167999999999999
126,L81655,Paracet_Tab 500mg,0407010H0AAAMAM,4,0.0167999999999999
127,L81059,Paracet_Tab 500mg,0407010H0AAAMAM,6,0.0167999999999999
293,L81064,Lamotrigine_Tab Disper 100mg S/F,0408010H0AAAWAW,4,0.016799999999999704
128,L81064,Paracet_Tab 500mg,0407010H0AAAMAM,11,0.015399999999999907
129,L81064,Paracet_Tab 500mg,0407010H0AAAMAM,11,0.015399999999999907
130,L81049,Paracet_Tab 500mg,0407010H0AAAMAM,11,0.015399999999999907
131,L81049,Paracet_Tab 500mg,0407010H0AAAMAM,11,0.015399999999999907
407,L81071,Letrozole_Tab 2.5mg,0803041L0AAAAAA,3,0.01470000000000013
135,L81039,Paracet_Tab 500mg,0407010H0AAAMAM,10,0.013999999999999915
368,L81637,Ferr Sulf_Tab 200mg,0901011P0AAACAC,5,0.013999999999999915
132,L81101,Paracet_Tab 500mg,0407010H0AAAMAM,5,0.013999999999999915
133,L81039,Paracet_Tab 500mg,0407010H0AAAMAM,10,0.013999999999999915
134,L81101,Paracet_Tab 500mg,0407010H0AAAMAM,5,0.013999999999999915
136,L81071,Paracet_Tab 500mg,0407010H0AAAMAM,3,0.012599999999999924
137,L81071,Paracet_Tab 500mg,0407010H0AAAMAM,3,0.012599999999999924
287,L81039,Atorvastatin_Tab 20mg,0212000B0AAABAB,2,0.012000000000000344
467,L81039,Propranolol HCl_Tab 10mg,0204000R0AAAHAH,2,0.012000000000000344
138,L81072,Paracet_Tab 500mg,0407010H0AAAMAM,2,0.011999999999999927
139,L81072,Paracet_Tab 500mg,0407010H0AAAMAM,2,0.011999999999999927
369,L81020,Ferr Sulf_Tab 200mg,0901011P0AAACAC,2,0.011999999999999511
454,L81065,Lansoprazole_Cap 30mg (E/C Gran),0103050L0AAAAAA,2,0.011200000000000127
453,L81637,Lansoprazole_Cap 30mg (E/C Gran),0103050L0AAAAAA,2,0.011200000000000127
151,L81030,Paracet_Tab 500mg,0407010H0AAAMAM,4,0.011199999999999932
152,L81025,Paracet_Tab 500mg,0407010H0AAAMAM,8,0.011199999999999932
146,L81655,Paracet_Tab 500mg,0407010H0AAAMAM,4,0.011199999999999932
144,L81030,Paracet_Tab 500mg,0407010H0AAAMAM,4,0.011199999999999932
150,L81025,Paracet_Tab 500mg,0407010H0AAAMAM,8,0.011199999999999932
149,L81069,Paracet_Tab 500mg,0407010H0AAAMAM,8,0.011199999999999932
148,L81070,Paracet_Tab 500mg,0407010H0AAAMAM,8,0.011199999999999932
147,L81068,Paracet_Tab 500mg,0407010H0AAAMAM,8,0.011199999999999932
153,L81070,Paracet_Tab 500mg,0407010H0AAAMAM,8,0.011199999999999932
140,L81069,Paracet_Tab 500mg,0407010H0AAAMAM,8,0.011199999999999932
374,L81101,Ferr Sulf_Tab 200mg,0901011P0AAACAC,2,0.011199999999999932
143,L81655,Paracet_Tab 500mg,0407010H0AAAMAM,4,0.011199999999999932
142,L81101,Paracet_Tab 500mg,0407010H0AAAMAM,8,0.011199999999999932
141,L81068,Paracet_Tab 500mg,0407010H0AAAMAM,8,0.011199999999999932
373,L81071,Ferr Sulf_Tab 200mg,0901011P0AAACAC,4,0.011199999999999932
372,L81655,Ferr Sulf_Tab 200mg,0901011P0AAACAC,4,0.011199999999999932
371,L81070,Ferr Sulf_Tab 200mg,0901011P0AAACAC,4,0.011199999999999932
370,L81030,Ferr Sulf_Tab 200mg,0901011P0AAACAC,4,0.011199999999999932
145,L81101,Paracet_Tab 500mg,0407010H0AAAMAM,8,0.011199999999999932
275,L81644,Memantine HCl_Tab 20mg,0411000G0AAADAD,2,0.00979999999999999
375,L81069,Ferr Sulf_Tab 200mg,0901011P0AAACAC,1,0.008999999999999633
159,L81101,Paracet_Tab 500mg,0407010H0AAAMAM,2,0.00839999999999995
154,L81101,Paracet_Tab 500mg,0407010H0AAAMAM,2,0.00839999999999995
155,L81073,Paracet_Tab 500mg,0407010H0AAAMAM,4,0.00839999999999995
156,L81071,Paracet_Tab 500mg,0407010H0AAAMAM,4,0.00839999999999995
157,L81070,Paracet_Tab 500mg,0407010H0AAAMAM,2,0.00839999999999995
158,L81065,Paracet_Tab 500mg,0407010H0AAAMAM,6,0.00839999999999995
160,L81073,Paracet_Tab 500mg,0407010H0AAAMAM,4,0.00839999999999995
161,L81039,Paracet_Tab 500mg,0407010H0AAAMAM,2,0.00839999999999995
162,L81070,Paracet_Tab 500mg,0407010H0AAAMAM,2,0.00839999999999995
163,L81065,Paracet_Tab 500mg,0407010H0AAAMAM,6,0.00839999999999995
164,L81071,Paracet_Tab 500mg,0407010H0AAAMAM,4,0.00839999999999995
165,L81039,Paracet_Tab 500mg,0407010H0AAAMAM,2,0.00839999999999995
377,L81049,Ferr Sulf_Tab 200mg,0901011P0AAACAC,1,0.00839999999999995
376,L81010,Ferr Sulf_Tab 200mg,0901011P0AAACAC,1,0.00839999999999995
171,L81045,Paracet_Tab 500mg,0407010H0AAAMAM,5,0.006999999999999958
170,L81637,Paracet_Tab 500mg,0407010H0AAAMAM,5,0.006999999999999958
168,L81045,Paracet_Tab 500mg,0407010H0AAAMAM,5,0.006999999999999958
169,L81073,Paracet_Tab 500mg,0407010H0AAAMAM,5,0.006999999999999958
166,L81073,Paracet_Tab 500mg,0407010H0AAAMAM,5,0.006999999999999958
167,L81637,Paracet_Tab 500mg,0407010H0AAAMAM,5,0.006999999999999958
379,L81020,Ferr Sulf_Tab 200mg,0901011P0AAACAC,4,0.006399999999999961
378,L81069,Ferr Sulf_Tab 200mg,0901011P0AAACAC,4,0.006399999999999961
300,L81039,Atorvastatin_Tab 40mg,0212000B0AAACAC,1,0.006000000000000172
301,L81123,Atorvastatin_Tab 40mg,0212000B0AAACAC,1,0.006000000000000172
177,L81065,Paracet_Tab 500mg,0407010H0AAAMAM,1,0.005999999999999964
178,L81068,Paracet_Tab 500mg,0407010H0AAAMAM,1,0.005999999999999964
176,L81045,Paracet_Tab 500mg,0407010H0AAAMAM,1,0.005999999999999964
180,L81045,Paracet_Tab 500mg,0407010H0AAAMAM,1,0.005999999999999964
181,L81065,Paracet_Tab 500mg,0407010H0AAAMAM,1,0.005999999999999964
175,L81049,Paracet_Tab 500mg,0407010H0AAAMAM,1,0.005999999999999964
174,L81069,Paracet_Tab 500mg,0407010H0AAAMAM,1,0.005999999999999964
173,L81049,Paracet_Tab 500mg,0407010H0AAAMAM,1,0.005999999999999964
172,L81068,Paracet_Tab 500mg,0407010H0AAAMAM,1,0.005999999999999964
179,L81069,Paracet_Tab 500mg,0407010H0AAAMAM,1,0.005999999999999964
380,L81010,Ferr Sulf_Tab 200mg,0901011P0AAACAC,1,0.0059999999999997555
381,L81068,Ferr Sulf_Tab 200mg,0901011P0AAACAC,1,0.0059999999999997555
305,L81030,Quetiapine_Tab 300mg,0402010ABAAAKAK,1,0.005999999999999339
306,L81049,Quetiapine_Tab 300mg,0402010ABAAAKAK,1,0.005999999999999339
308,L81132,Quetiapine_Tab 300mg,0402010ABAAAKAK,1,0.005999999999999339
307,L81064,Quetiapine_Tab 300mg,0402010ABAAAKAK,1,0.005999999999999339
457,L81071,Lansoprazole_Cap 30mg (E/C Gran),0103050L0AAAAAA,1,0.005600000000000063
456,L81020,Lansoprazole_Cap 30mg (E/C Gran),0103050L0AAAAAA,1,0.005600000000000063
455,L81069,Lansoprazole_Cap 30mg (E/C Gran),0103050L0AAAAAA,1,0.005600000000000063
183,L81030,Paracet_Tab 500mg,0407010H0AAAMAM,4,0.005599999999999966
184,L81049,Paracet_Tab 500mg,0407010H0AAAMAM,8,0.005599999999999966
185,L81030,Paracet_Tab 500mg,0407010H0AAAMAM,4,0.005599999999999966
382,L81059,Ferr Sulf_Tab 200mg,0901011P0AAACAC,2,0.005599999999999966
182,L81049,Paracet_Tab 500mg,0407010H0AAAMAM,8,0.005599999999999966
315,L81655,Quetiapine_Tab 300mg,0402010ABAAAKAK,2,0.005599999999999383
314,L81025,Quetiapine_Tab 300mg,0402010ABAAAKAK,8,0.005599999999999383
313,L81039,Quetiapine_Tab 300mg,0402010ABAAAKAK,4,0.005599999999999383
312,L81101,Quetiapine_Tab 300mg,0402010ABAAAKAK,4,0.005599999999999383
311,L81123,Quetiapine_Tab 300mg,0402010ABAAAKAK,1,0.005599999999999383
310,L81068,Quetiapine_Tab 300mg,0402010ABAAAKAK,2,0.005599999999999383
309,L81045,Quetiapine_Tab 300mg,0402010ABAAAKAK,2,0.005599999999999383
408,L81025,Letrozole_Tab 2.5mg,0803041L0AAAAAA,1,0.004900000000000043
316,L81039,Quetiapine_Tab 300mg,0402010ABAAAKAK,7,0.00489999999999946
383,L81025,Ferr Sulf_Tab 200mg,0901011P0AAACAC,1,0.004799999999999971
458,L81025,Lansoprazole_Cap 30mg (E/C Gran),0103050L0AAAAAA,1,0.00420000000000012
409,L81020,Letrozole_Tab 2.5mg,0803041L0AAAAAA,2,0.004200000000000037
187,L81065,Paracet_Tab 500mg,0407010H0AAAMAM,1,0.004199999999999975
186,L81065,Paracet_Tab 500mg,0407010H0AAAMAM,1,0.004199999999999975
188,L81101,Paracet_Tab 500mg,0407010H0AAAMAM,6,0.004199999999999975
189,L81101,Paracet_Tab 500mg,0407010H0AAAMAM,6,0.004199999999999975
317,L81064,Quetiapine_Tab 300mg,0402010ABAAAKAK,3,0.0041999999999995374
468,L81069,Propranolol HCl_Tab 10mg,0204000R0AAAHAH,1,0.004000000000000115
276,L81039,Memantine HCl_Tab 20mg,0411000G0AAADAD,1,0.003499999999999996
288,L81039,Atorvastatin_Tab 20mg,0212000B0AAABAB,1,0.0030000000000000165
190,L81655,Paracet_Tab 500mg,0407010H0AAAMAM,1,0.002999999999999982
191,L81655,Paracet_Tab 500mg,0407010H0AAAMAM,1,0.002999999999999982
318,L81049,Quetiapine_Tab 300mg,0402010ABAAAKAK,1,0.0027999999999996916
319,L81045,Quetiapine_Tab 300mg,0402010ABAAAKAK,4,0.0027999999999996916
320,L81644,Quetiapine_Tab 300mg,0402010ABAAAKAK,4,0.0027999999999996916
321,L81072,Quetiapine_Tab 300mg,0402010ABAAAKAK,4,0.0027999999999996916
322,L81025,Quetiapine_Tab 300mg,0402010ABAAAKAK,1,0.0027999999999996916
323,L81069,Quetiapine_Tab 300mg,0402010ABAAAKAK,1,0.0027999999999996916
324,L81049,Quetiapine_Tab 300mg,0402010ABAAAKAK,2,0.0027999999999996916
325,L81132,Quetiapine_Tab 300mg,0402010ABAAAKAK,1,0.0027999999999996916
302,L81655,Atorvastatin_Tab 40mg,0212000B0AAACAC,1,0.0020000000000000573
384,L81039,Ferr Sulf_Tab 200mg,0901011P0AAACAC,1,0.001999999999999988
303,L81039,Atorvastatin_Tab 40mg,0212000B0AAACAC,1,0.00180000000000001
326,L81064,Quetiapine_Tab 300mg,0402010ABAAAKAK,1,0.0006999999999999229
515,L81027,Propranolol HCl_Tab 10mg,0204000R0AAAHAH,1,0.0
531,L81025,Propranolol HCl_Tab 10mg,0204000R0AAAHAH,1,0.0
500,L81064,Propranolol HCl_Tab 10mg,0204000R0AAAHAH,4,0.0
499,L81039,Propranolol HCl_Tab 10mg,0204000R0AAAHAH,1,0.0
498,L81122,Propranolol HCl_Tab 10mg,0204000R0AAAHAH,1,0.0
497,L81065,Propranolol HCl_Tab 10mg,0204000R0AAAHAH,9,0.0
526,L81644,Propranolol HCl_Tab 10mg,0204000R0AAAHAH,2,0.0
527,L81020,Propranolol HCl_Tab 10mg,0204000R0AAAHAH,3,0.0
528,L81071,Propranolol HCl_Tab 10mg,0204000R0AAAHAH,1,0.0
529,L81064,Propranolol HCl_Tab 10mg,0204000R0AAAHAH,2,0.0
530,L81039,Propranolol HCl_Tab 10mg,0204000R0AAAHAH,1,0.0
532,L81122,Propranolol HCl_Tab 10mg,0204000R0AAAHAH,4,0.0
502,L81059,Propranolol HCl_Tab 10mg,0204000R0AAAHAH,1,0.0
533,L81123,Propranolol HCl_Tab 10mg,0204000R0AAAHAH,1,0.0
534,L81069,Propranolol HCl_Tab 10mg,0204000R0AAAHAH,9,0.0
535,L81072,Propranolol HCl_Tab 10mg,0204000R0AAAHAH,3,0.0
536,L81025,Propranolol HCl_Tab 10mg,0204000R0AAAHAH,1,0.0
537,L81644,Propranolol HCl_Tab 10mg,0204000R0AAAHAH,6,0.0
538,L81069,Propranolol HCl_Tab 10mg,0204000R0AAAHAH,10,0.0
539,L81072,Propranolol HCl_Tab 10mg,0204000R0AAAHAH,3,0.0
540,L81039,Propranolol HCl_Tab 10mg,0204000R0AAAHAH,5,0.0
541,L81045,Propranolol HCl_Tab 10mg,0204000R0AAAHAH,3,0.0
501,L81020,Propranolol HCl_Tab 10mg,0204000R0AAAHAH,1,0.0
503,L81020,Propranolol HCl_Tab 10mg,0204000R0AAAHAH,1,0.0
543,L81045,Propranolol HCl_Tab 10mg,0204000R0AAAHAH,2,0.0
510,L81020,Propranolol HCl_Tab 10mg,0204000R0AAAHAH,1,0.0
514,L81070,Propranolol HCl_Tab 10mg,0204000R0AAAHAH,3,0.0
516,L81059,Propranolol HCl_Tab 10mg,0204000R0AAAHAH,3,0.0
517,L81065,Propranolol HCl_Tab 10mg,0204000R0AAAHAH,2,0.0
518,L81027,Propranolol HCl_Tab 10mg,0204000R0AAAHAH,9,0.0
519,L81027,Propranolol HCl_Tab 10mg,0204000R0AAAHAH,1,0.0
520,L81064,Propranolol HCl_Tab 10mg,0204000R0AAAHAH,1,0.0
513,L81045,Propranolol HCl_Tab 10mg,0204000R0AAAHAH,2,0.0
512,L81122,Propranolol HCl_Tab 10mg,0204000R0AAAHAH,1,0.0
511,L81644,Propranolol HCl_Tab 10mg,0204000R0AAAHAH,9,0.0
509,L81073,Propranolol HCl_Tab 10mg,0204000R0AAAHAH,4,0.0
504,L81123,Propranolol HCl_Tab 10mg,0204000R0AAAHAH,1,0.0
521,L81070,Propranolol HCl_Tab 10mg,0204000R0AAAHAH,1,0.0
522,L81071,Propranolol HCl_Tab 10mg,0204000R0AAAHAH,1,0.0
523,L81030,Propranolol HCl_Tab 10mg,0204000R0AAAHAH,1,0.0
524,L81049,Propranolol HCl_Tab 10mg,0204000R0AAAHAH,2,0.0
525,L81068,Propranolol HCl_Tab 10mg,0204000R0AAAHAH,4,0.0
508,L81030,Propranolol HCl_Tab 10mg,0204000R0AAAHAH,1,0.0
507,L81059,Propranolol HCl_Tab 10mg,0204000R0AAAHAH,2,0.0
506,L81070,Propranolol HCl_Tab 10mg,0204000R0AAAHAH,3,0.0
505,L81059,Propranolol HCl_Tab 10mg,0204000R0AAAHAH,1,0.0
542,L81039,Propranolol HCl_Tab 10mg,0204000R0AAAHAH,8,0.0
558,L81027,Propranolol HCl_Tab 10mg,0204000R0AAAHAH,2,0.0
544,L81637,Propranolol HCl_Tab 10mg,0204000R0AAAHAH,1,0.0
545,L81072,Propranolol HCl_Tab 10mg,0204000R0AAAHAH,2,0.0
578,L81132,Propranolol HCl_Tab 10mg,0204000R0AAAHAH,1,0.0
579,L81065,Propranolol HCl_Tab 10mg,0204000R0AAAHAH,4,0.0
580,L81065,Propranolol HCl_Tab 10mg,0204000R0AAAHAH,8,0.0
581,L81072,Propranolol HCl_Tab 10mg,0204000R0AAAHAH,4,0.0
582,L81132,Propranolol HCl_Tab 10mg,0204000R0AAAHAH,1,0.0
583,L81068,Propranolol HCl_Tab 10mg,0204000R0AAAHAH,2,0.0
584,L81027,Propranolol HCl_Tab 10mg,0204000R0AAAHAH,2,0.0
585,L81132,Propranolol HCl_Tab 10mg,0204000R0AAAHAH,1,0.0
586,L81655,Propranolol HCl_Tab 10mg,0204000R0AAAHAH,1,0.0
587,L81049,Propranolol HCl_Tab 10mg,0204000R0AAAHAH,1,0.0
588,L81644,Propranolol HCl_Tab 10mg,0204000R0AAAHAH,2,0.0
589,L81010,Propranolol HCl_Tab 10mg,0204000R0AAAHAH,2,0.0
590,L81025,Propranolol HCl_Tab 10mg,0204000R0AAAHAH,1,0.0
591,L81027,Propranolol HCl_Tab 10mg,0204000R0AAAHAH,1,0.0
592,L81027,Propranolol HCl_Tab 10mg,0204000R0AAAHAH,2,0.0
593,L81039,Propranolol HCl_Tab 10mg,0204000R0AAAHAH,6,0.0
594,L81071,Propranolol HCl_Tab 10mg,0204000R0AAAHAH,3,0.0
595,L81101,Propranolol HCl_Tab 10mg,0204000R0AAAHAH,2,0.0
596,L81025,Propranolol HCl_Tab 10mg,0204000R0AAAHAH,8,0.0
597,L81045,Propranolol HCl_Tab 10mg,0204000R0AAAHAH,1,0.0
598,L81030,Propranolol HCl_Tab 10mg,0204000R0AAAHAH,2,0.0
599,L81069,Propranolol HCl_Tab 10mg,0204000R0AAAHAH,3,0.0
600,L81049,Propranolol HCl_Tab 10mg,0204000R0AAAHAH,4,0.0
601,L81027,Propranolol HCl_Tab 10mg,0204000R0AAAHAH,2,0.0
602,L81027,Propranolol HCl_Tab 10mg,0204000R0AAAHAH,1,0.0
603,L81073,Propranolol HCl_Tab 10mg,0204000R0AAAHAH,4,0.0
604,L81065,Propranolol HCl_Tab 10mg,0204000R0AAAHAH,2,0.0
605,L81073,Propranolol HCl_Tab 10mg,0204000R0AAAHAH,9,0.0
606,L81122,Propranolol HCl_Tab 10mg,0204000R0AAAHAH,1,0.0
577,L81070,Propranolol HCl_Tab 10mg,0204000R0AAAHAH,1,0.0
576,L81123,Propranolol HCl_Tab 10mg,0204000R0AAAHAH,1,0.0
575,L81101,Propranolol HCl_Tab 10mg,0204000R0AAAHAH,1,0.0
559,L81068,Propranolol HCl_Tab 10mg,0204000R0AAAHAH,1,0.0
546,L81049,Propranolol HCl_Tab 10mg,0204000R0AAAHAH,2,0.0
547,L81045,Propranolol HCl_Tab 10mg,0204000R0AAAHAH,3,0.0
548,L81617,Propranolol HCl_Tab 10mg,0204000R0AAAHAH,1,0.0
549,L81049,Propranolol HCl_Tab 10mg,0204000R0AAAHAH,5,0.0
550,L81073,Propranolol HCl_Tab 10mg,0204000R0AAAHAH,3,0.0
551,L81644,Propranolol HCl_Tab 10mg,0204000R0AAAHAH,1,0.0
552,L81655,Propranolol HCl_Tab 10mg,0204000R0AAAHAH,1,0.0
553,L81122,Propranolol HCl_Tab 10mg,0204000R0AAAHAH,3,0.0
554,L81123,Propranolol HCl_Tab 10mg,0204000R0AAAHAH,1,0.0
555,L81020,Propranolol HCl_Tab 10mg,0204000R0AAAHAH,5,0.0
556,L81025,Propranolol HCl_Tab 10mg,0204000R0AAAHAH,5,0.0
557,L81073,Propranolol HCl_Tab 10mg,0204000R0AAAHAH,1,0.0
495,L81123,Propranolol HCl_Tab 10mg,0204000R0AAAHAH,3,0.0
560,L81071,Propranolol HCl_Tab 10mg,0204000R0AAAHAH,2,0.0
574,L81025,Propranolol HCl_Tab 10mg,0204000R0AAAHAH,1,0.0
561,L81045,Propranolol HCl_Tab 10mg,0204000R0AAAHAH,1,0.0
562,L81025,Propranolol HCl_Tab 10mg,0204000R0AAAHAH,4,0.0
563,L81068,Propranolol HCl_Tab 10mg,0204000R0AAAHAH,1,0.0
564,L81068,Propranolol HCl_Tab 10mg,0204000R0AAAHAH,3,0.0
565,L81069,Propranolol HCl_Tab 10mg,0204000R0AAAHAH,6,0.0
566,L81071,Propranolol HCl_Tab 10mg,0204000R0AAAHAH,1,0.0
567,L81069,Propranolol HCl_Tab 10mg,0204000R0AAAHAH,1,0.0
568,L81045,Propranolol HCl_Tab 10mg,0204000R0AAAHAH,2,0.0
569,L81030,Propranolol HCl_Tab 10mg,0204000R0AAAHAH,1,0.0
570,L81122,Propranolol HCl_Tab 10mg,0204000R0AAAHAH,1,0.0
571,L81069,Propranolol HCl_Tab 10mg,0204000R0AAAHAH,3,0.0
572,L81025,Propranolol HCl_Tab 10mg,0204000R0AAAHAH,13,0.0
573,L81065,Propranolol HCl_Tab 10mg,0204000R0AAAHAH,16,0.0
496,L81071,Propranolol HCl_Tab 10mg,0204000R0AAAHAH,4,0.0
474,L81101,Propranolol HCl_Tab 10mg,0204000R0AAAHAH,1,0.0
494,L81064,Propranolol HCl_Tab 10mg,0204000R0AAAHAH,1,0.0
481,L81070,Propranolol HCl_Tab 10mg,0204000R0AAAHAH,4,0.0
469,L81049,Propranolol HCl_Tab 10mg,0204000R0AAAHAH,1,0.0
470,L81010,Propranolol HCl_Tab 10mg,0204000R0AAAHAH,1,0.0
471,L81064,Propranolol HCl_Tab 10mg,0204000R0AAAHAH,3,0.0
472,L81059,Propranolol HCl_Tab 10mg,0204000R0AAAHAH,7,0.0
473,L81025,Propranolol HCl_Tab 10mg,0204000R0AAAHAH,5,0.0
475,L81039,Propranolol HCl_Tab 10mg,0204000R0AAAHAH,11,0.0
476,L81068,Propranolol HCl_Tab 10mg,0204000R0AAAHAH,1,0.0
477,L81010,Propranolol HCl_Tab 10mg,0204000R0AAAHAH,1,0.0
478,L81101,Propranolol HCl_Tab 10mg,0204000R0AAAHAH,6,0.0
493,L81039,Propranolol HCl_Tab 10mg,0204000R0AAAHAH,6,0.0
480,L81069,Propranolol HCl_Tab 10mg,0204000R0AAAHAH,4,0.0
479,L81039,Propranolol HCl_Tab 10mg,0204000R0AAAHAH,1,0.0
482,L81655,Propranolol HCl_Tab 10mg,0204000R0AAAHAH,3,0.0
483,L81132,Propranolol HCl_Tab 10mg,0204000R0AAAHAH,1,0.0
484,L81073,Propranolol HCl_Tab 10mg,0204000R0AAAHAH,1,0.0
485,L81064,Propranolol HCl_Tab 10mg,0204000R0AAAHAH,6,0.0
486,L81039,Propranolol HCl_Tab 10mg,0204000R0AAAHAH,6,0.0
487,L81073,Propranolol HCl_Tab 10mg,0204000R0AAAHAH,1,0.0
488,L81045,Propranolol HCl_Tab 10mg,0204000R0AAAHAH,1,0.0
489,L81644,Propranolol HCl_Tab 10mg,0204000R0AAAHAH,2,0.0
490,L81068,Propranolol HCl_Tab 10mg,0204000R0AAAHAH,2,0.0
491,L81617,Propranolol HCl_Tab 10mg,0204000R0AAAHAH,1,0.0
492,L81049,Propranolol HCl_Tab 10mg,0204000R0AAAHAH,1,0.0
459,L81039,Lansoprazole_Cap 30mg (E/C Gran),0103050L0AAAAAA,1,-0.000999999999999994
289,L81039,Atorvastatin_Tab 20mg,0212000B0AAABAB,1,-0.0014999999999999389
460,L81045,Lansoprazole_Cap 30mg (E/C Gran),0103050L0AAAAAA,1,-0.0020999999999999144
607,L81072,Propranolol HCl_Tab 10mg,0204000R0AAAHAH,1,-0.0024000000000000687
608,L81045,Propranolol HCl_Tab 10mg,0204000R0AAAHAH,1,-0.0027000000000000773
609,L81069,Propranolol HCl_Tab 10mg,0204000R0AAAHAH,1,-0.002799999999999997
193,L81069,Paracet_Tab 500mg,0407010H0AAAMAM,1,-0.004799999999999999
192,L81069,Paracet_Tab 500mg,0407010H0AAAMAM,1,-0.004799999999999999
194,L81010,Paracet_Tab 500mg,0407010H0AAAMAM,1,-0.005599999999999966
195,L81010,Paracet_Tab 500mg,0407010H0AAAMAM,1,-0.005599999999999966
294,L81655,Lamotrigine_Tab Disper 100mg S/F,0408010H0AAAWAW,1,-0.006000000000000172
385,L81025,Ferr Sulf_Tab 200mg,0901011P0AAACAC,3,-0.0063000000000001805
461,L81101,Lansoprazole_Cap 30mg (E/C Gran),0103050L0AAAAAA,4,-0.008399999999999658
390,L81122,Ferr Sulf_Tab 200mg,0901011P0AAACAC,4,-0.00840000000000024
389,L81030,Ferr Sulf_Tab 200mg,0901011P0AAACAC,4,-0.00840000000000024
386,L81059,Ferr Sulf_Tab 200mg,0901011P0AAACAC,4,-0.00840000000000024
387,L81065,Ferr Sulf_Tab 200mg,0901011P0AAACAC,4,-0.00840000000000024
388,L81073,Ferr Sulf_Tab 200mg,0901011P0AAACAC,4,-0.00840000000000024
196,L81045,Paracet_Tab 500mg,0407010H0AAAMAM,8,-0.008799999999999947
197,L81045,Paracet_Tab 500mg,0407010H0AAAMAM,8,-0.008799999999999947
391,L81132,Ferr Sulf_Tab 200mg,0901011P0AAACAC,6,-0.012600000000000361
392,L81039,Ferr Sulf_Tab 200mg,0901011P0AAACAC,8,-0.01680000000000048
393,L81069,Ferr Sulf_Tab 200mg,0901011P0AAACAC,9,-0.01890000000000054
199,L81644,Paracet_Tab 500mg,0407010H0AAAMAM,5,-0.023999999999999855
198,L81644,Paracet_Tab 500mg,0407010H0AAAMAM,5,-0.023999999999999855
394,L81068,Ferr Sulf_Tab 200mg,0901011P0AAACAC,12,-0.025200000000000722
395,L81071,Ferr Sulf_Tab 200mg,0901011P0AAACAC,12,-0.025200000000000722
396,L81064,Ferr Sulf_Tab 200mg,0901011P0AAACAC,14,-0.029400000000000842
200,L81065,Paracet_Tab 500mg,0407010H0AAAMAM,12,-0.0671999999999996
201,L81065,Paracet_Tab 500mg,0407010H0AAAMAM,12,-0.0671999999999996
202,L81059,Paracet_Tab 500mg,0407010H0AAAMAM,19,-0.10639999999999936
203,L81059,Paracet_Tab 500mg,0407010H0AAAMAM,19,-0.10639999999999936
204,L81122,Paracet_Tab 500mg,0407010H0AAAMAM,22,-0.12319999999999925
205,L81122,Paracet_Tab 500mg,0407010H0AAAMAM,22,-0.12319999999999925
207,L81644,Paracet_Tab 500mg,0407010H0AAAMAM,35,-0.12599999999999997
206,L81644,Paracet_Tab 500mg,0407010H0AAAMAM,35,-0.12599999999999997
209,L81030,Paracet_Tab 500mg,0407010H0AAAMAM,23,-0.12879999999999922
208,L81030,Paracet_Tab 500mg,0407010H0AAAMAM,23,-0.12879999999999922
211,L81045,Paracet_Tab 500mg,0407010H0AAAMAM,2,-0.13199999999999995
210,L81045,Paracet_Tab 500mg,0407010H0AAAMAM,2,-0.13199999999999995
213,L81101,Paracet_Tab 500mg,0407010H0AAAMAM,30,-0.16799999999999898
212,L81101,Paracet_Tab 500mg,0407010H0AAAMAM,30,-0.16799999999999898
214,L81637,Paracet_Tab 500mg,0407010H0AAAMAM,36,-0.20159999999999878
215,L81637,Paracet_Tab 500mg,0407010H0AAAMAM,36,-0.20159999999999878
216,L81020,Paracet_Tab 500mg,0407010H0AAAMAM,43,-0.24079999999999854
217,L81020,Paracet_Tab 500mg,0407010H0AAAMAM,43,-0.24079999999999854
219,L81064,Paracet_Tab 500mg,0407010H0AAAMAM,44,-0.2463999999999985
218,L81064,Paracet_Tab 500mg,0407010H0AAAMAM,44,-0.2463999999999985
220,L81071,Paracet_Tab 500mg,0407010H0AAAMAM,46,-0.25759999999999844
221,L81071,Paracet_Tab 500mg,0407010H0AAAMAM,46,-0.25759999999999844
410,L81039,Letrozole_Tab 2.5mg,0803041L0AAAAAA,8,-0.2688000000000015
222,L81072,Paracet_Tab 500mg,0407010H0AAAMAM,51,-0.2855999999999983
223,L81072,Paracet_Tab 500mg,0407010H0AAAMAM,51,-0.2855999999999983
462,L81025,Lansoprazole_Cap 30mg (E/C Gran),0103050L0AAAAAA,19,-0.3191999999999944
225,L81027,Paracet_Tab 500mg,0407010H0AAAMAM,73,-0.4087999999999975
224,L81027,Paracet_Tab 500mg,0407010H0AAAMAM,73,-0.4087999999999975
227,L81069,Paracet_Tab 500mg,0407010H0AAAMAM,80,-0.4479999999999973
226,L81069,Paracet_Tab 500mg,0407010H0AAAMAM,80,-0.4479999999999973
229,L81068,Paracet_Tab 500mg,0407010H0AAAMAM,6,-0.4703999999999995
228,L81068,Paracet_Tab 500mg,0407010H0AAAMAM,6,-0.4703999999999995
411,L81045,Letrozole_Tab 2.5mg,0803041L0AAAAAA,7,-0.5291999999999988
230,L81049,Paracet_Tab 500mg,0407010H0AAAMAM,105,-0.5879999999999964
231,L81049,Paracet_Tab 500mg,0407010H0AAAMAM,105,-0.5879999999999964
463,L81025,Lansoprazole_Cap 30mg (E/C Gran),0103050L0AAAAAA,2,-0.6048000000000002
232,L81025,Paracet_Tab 500mg,0407010H0AAAMAM,122,-0.6831999999999958
233,L81025,Paracet_Tab 500mg,0407010H0AAAMAM,122,-0.6831999999999958
234,L81068,Paracet_Tab 500mg,0407010H0AAAMAM,91,-0.9099999999999945
235,L81068,Paracet_Tab 500mg,0407010H0AAAMAM,91,-0.9099999999999945
237,L81045,Paracet_Tab 500mg,0407010H0AAAMAM,2,-0.96
236,L81045,Paracet_Tab 500mg,0407010H0AAAMAM,2,-0.96
412,L81045,Letrozole_Tab 2.5mg,0803041L0AAAAAA,6,-1.0416000000000019
238,L81045,Paracet_Tab 500mg,0407010H0AAAMAM,2,-1.0752
239,L81045,Paracet_Tab 500mg,0407010H0AAAMAM,2,-1.0752
240,L81039,Paracet_Tab 500mg,0407010H0AAAMAM,57,-1.139999999999993
241,L81039,Paracet_Tab 500mg,0407010H0AAAMAM,57,-1.139999999999993
243,L81132,Paracet_Tab 500mg,0407010H0AAAMAM,38,-1.5199999999999907
242,L81132,Paracet_Tab 500mg,0407010H0AAAMAM,38,-1.5199999999999907
245,L81644,Paracet_Tab 500mg,0407010H0AAAMAM,40,-1.7919999999999892
244,L81644,Paracet_Tab 500mg,0407010H0AAAMAM,40,-1.7919999999999892
246,L81025,Paracet_Tab 500mg,0407010H0AAAMAM,120,-2.3999999999999853
247,L81025,Paracet_Tab 500mg,0407010H0AAAMAM,120,-2.3999999999999853
249,L81045,Paracet_Tab 500mg,0407010H0AAAMAM,19,-2.766399999999998
248,L81045,Paracet_Tab 500mg,0407010H0AAAMAM,19,-2.766399999999998
250,L81068,Paracet_Tab 500mg,0407010H0AAAMAM,13,-2.9119999999999977
251,L81068,Paracet_Tab 500mg,0407010H0AAAMAM,13,-2.9119999999999977
252,L81025,Paracet_Tab 500mg,0407010H0AAAMAM,7,-3.023999999999999
253,L81025,Paracet_Tab 500mg,0407010H0AAAMAM,7,-3.023999999999999
254,L81045,Paracet_Tab 500mg,0407010H0AAAMAM,36,-4.031999999999989
255,L81045,Paracet_Tab 500mg,0407010H0AAAMAM,36,-4.031999999999989
