,practice_code,bnf_description,bnf_code,items,excess_cost
0,C86001,Atorvastatin_Tab 10mg,0212000B0AAAAAA,4,0.010500000000000058
1,C86001,Atorvastatin_Tab 20mg,0212000B0AAABAB,749,23.040400000000076
2,C86001,Atorvastatin_Tab 40mg,0212000B0AAACAC,323,0.9044000000000258
3,C86001,Betahistine HCl_Tab 16mg,0406000B0AAABAB,3,8.895600000000002
4,C86001,Memantine HCl_Tab 20mg,0411000G0AAADAD,10,0.048999999999999946
5,C86001,Paracet_Tab 500mg,0407010H0AAAMAM,1500,-33.41079999999995
6,C86001,Prednisolone_Tab Solb 5mg,0603020T0AABHBH,3,-0.005999999999999339
7,C86001,Pregabalin_Cap 150mg,0408010AEAAAEAE,6,0.030800000000000882
8,C86002,Atorvastatin_Tab 10mg,0212000B0AAAAAA,6,0.01260000000000007
9,C86002,Paracet_Tab 500mg,0407010H0AAAMAM,56,0.12919999999999923
10,C86002,Prednisolone_Tab Solb 5mg,0603020T0AABHBH,2,-0.007999999999999119
11,C86002,Pregabalin_Cap 150mg,0408010AEAAAEAE,10,0.04480000000000128
12,C86003,Atorvastatin_Tab 10mg,0212000B0AAAAAA,1,0.004200000000000023
13,C86003,Atorvastatin_Tab 20mg,0212000B0AAABAB,1,-0.0029999999999998778
14,C86003,Paracet_Tab 500mg,0407010H0AAAMAM,456,51.43760000000009
15,C86003,Prednisolone_Tab Solb 5mg,0603020T0AABHBH,2,-0.007199999999999207
16,C86003,Pregabalin_Cap 150mg,0408010AEAAAEAE,2,0.01120000000000032
17,C86005,Atorvastatin_Tab 10mg,0212000B0AAAAAA,14,0.029400000000000162
18,C86005,Nefopam HCl_Tab 30mg,0407010P0AAABAB,2,0.008399999999999075
19,C86005,Paracet_Tab 500mg,0407010H0AAAMAM,8,0.04799999999999971
20,C86005,Prednisolone_Tab Solb 5mg,0603020T0AABHBH,1,0.0035999999999996035
21,C86005,Pregabalin_Cap 150mg,0408010AEAAAEAE,3,-0.0027999999999989145
22,C86006,Atorvastatin_Tab 20mg,0212000B0AAABAB,1,0.0013000000000000372
23,C86006,Nefopam HCl_Tab 30mg,0407010P0AAABAB,2,0.008999999999999009
24,C86006,Paracet_Tab 500mg,0407010H0AAAMAM,6,-0.0335999999999998
25,C86006,Prednisolone_Tab Solb 5mg,0603020T0AABHBH,2,-0.0009999999999998899
26,C86006,Pregabalin_Cap 150mg,0408010AEAAAEAE,13,0.050400000000001444
27,C86007,Atorvastatin_Tab 10mg,0212000B0AAAAAA,305,92.41260000000001
28,C86007,Atorvastatin_Tab 20mg,0212000B0AAABAB,451,90.92160000000007
29,C86007,Betahistine HCl_Tab 16mg,0406000B0AAABAB,11,20.946800000000003
30,C86007,Memantine HCl_Tab 20mg,0411000G0AAADAD,10,191.688
31,C86007,Nefopam HCl_Tab 30mg,0407010P0AAABAB,27,54.52649999999997
32,C86007,Paracet_Tab 500mg,0407010H0AAAMAM,346,22.136600000000055
33,C86007,Prednisolone_Tab Solb 5mg,0603020T0AABHBH,2,-0.007199999999999207
34,C86007,Pregabalin_Cap 150mg,0408010AEAAAEAE,3,0.01680000000000048
35,C86009,Atorvastatin_Tab 10mg,0212000B0AAAAAA,9,0.018900000000000104
36,C86009,Atorvastatin_Tab 20mg,0212000B0AAABAB,389,22.87320000000005
37,C86009,Atorvastatin_Tab 40mg,0212000B0AAACAC,185,44.548000000000016
38,C86009,Memantine HCl_Tab 20mg,0411000G0AAADAD,4,56.9968
39,C86009,Paracet_Tab 500mg,0407010H0AAAMAM,284,30.02639999999998
40,C86011,Atorvastatin_Tab 10mg,0212000B0AAAAAA,205,127.72200000000002
41,C86011,Atorvastatin_Tab 20mg,0212000B0AAABAB,639,429.221
42,C86011,Atorvastatin_Tab 40mg,0212000B0AAACAC,149,44.76120000000002
43,C86011,Paracet_Tab 500mg,0407010H0AAAMAM,718,239.77680000000015
44,C86011,Prednisolone_Tab Solb 5mg,0603020T0AABHBH,6,0.004499999999999504
45,C86011,Pregabalin_Cap 150mg,0408010AEAAAEAE,6,0.02240000000000064
46,C86012,Atorvastatin_Tab 20mg,0212000B0AAABAB,1,-0.0022999999999999063
47,C86012,Betahistine HCl_Tab 16mg,0406000B0AAABAB,9,32.73759999999999
48,C86012,Nefopam HCl_Tab 30mg,0407010P0AAABAB,1,0.0041999999999995374
49,C86012,Paracet_Tab 500mg,0407010H0AAAMAM,12,0.08399999999999949
50,C86012,Pregabalin_Cap 150mg,0408010AEAAAEAE,1,0.00560000000000016
51,C86013,Atorvastatin_Tab 10mg,0212000B0AAAAAA,309,11.630500000000016
52,C86013,Atorvastatin_Tab 20mg,0212000B0AAABAB,229,135.548
53,C86013,Atorvastatin_Tab 40mg,0212000B0AAACAC,151,0.4228000000000121
54,C86013,Nefopam HCl_Tab 30mg,0407010P0AAABAB,1,0.004499999999999504
55,C86013,Paracet_Tab 500mg,0407010H0AAAMAM,706,19.142200000000106
56,C86013,Prednisolone_Tab Solb 5mg,0603020T0AABHBH,1,-0.0039999999999995595
57,C86015,Atorvastatin_Tab 10mg,0212000B0AAAAAA,6,0.01260000000000007
58,C86015,Betahistine HCl_Tab 16mg,0406000B0AAABAB,1,-0.006000000000000172
59,C86015,Paracet_Tab 500mg,0407010H0AAAMAM,20,0.07359999999999955
60,C86015,Prednisolone_Tab Solb 5mg,0603020T0AABHBH,1,-0.0035999999999996035
61,C86015,Pregabalin_Cap 150mg,0408010AEAAAEAE,1,0.00560000000000016
62,C86016,Atorvastatin_Tab 10mg,0212000B0AAAAAA,5,0.0054000000000000645
63,C86016,Atorvastatin_Tab 20mg,0212000B0AAABAB,339,383.4768
64,C86016,Paracet_Tab 500mg,0407010H0AAAMAM,546,6.958399999999957
65,C86016,Prednisolone_Tab Solb 5mg,0603020T0AABHBH,2,-0.009599999999999387
66,C86016,Pregabalin_Cap 150mg,0408010AEAAAEAE,2,0.01120000000000032
67,C86017,Atorvastatin_Tab 20mg,0212000B0AAABAB,370,68.37600000000002
68,C86017,Betahistine HCl_Tab 16mg,0406000B0AAABAB,1,0.0029999999999998778
69,C86017,Paracet_Tab 500mg,0407010H0AAAMAM,402,17.605200000000064
70,C86017,Prednisolone_Tab Solb 5mg,0603020T0AABHBH,1,0.0025999999999999357
71,C86017,Pregabalin_Cap 150mg,0408010AEAAAEAE,3,0.008000000000000451
72,C86018,Paracet_Tab 500mg,0407010H0AAAMAM,12,0.07199999999999956
73,C86018,Prednisolone_Tab Solb 5mg,0603020T0AABHBH,1,-0.0041999999999995374
74,C86018,Pregabalin_Cap 150mg,0408010AEAAAEAE,5,0.0070000000000002005
75,C86019,Atorvastatin_Tab 10mg,0212000B0AAAAAA,2,0.008400000000000046
76,C86019,Atorvastatin_Tab 40mg,0212000B0AAACAC,1,0.004400000000000015
77,C86019,Nefopam HCl_Tab 30mg,0407010P0AAABAB,4,0.01679999999999815
78,C86019,Paracet_Tab 500mg,0407010H0AAAMAM,30,-0.16799999999999898
79,C86019,Prednisolone_Tab Solb 5mg,0603020T0AABHBH,1,0.004499999999999504
80,C86019,Pregabalin_Cap 150mg,0408010AEAAAEAE,7,0.020100000000000756
81,C86020,Atorvastatin_Tab 20mg,0212000B0AAABAB,2,-0.002799999999999997
82,C86020,Atorvastatin_Tab 40mg,0212000B0AAACAC,2,0.0010000000000002368
83,C86020,Paracet_Tab 500mg,0407010H0AAAMAM,22,-0.0663999999999996
84,C86020,Prednisolone_Tab Solb 5mg,0603020T0AABHBH,3,0.0029999999999996696
85,C86020,Pregabalin_Cap 150mg,0408010AEAAAEAE,3,0.01680000000000048
86,C86021,Atorvastatin_Tab 10mg,0212000B0AAAAAA,147,11.5248
87,C86021,Atorvastatin_Tab 20mg,0212000B0AAABAB,302,45.66240000000002
88,C86021,Nefopam HCl_Tab 30mg,0407010P0AAABAB,4,203.28
89,C86021,Paracet_Tab 500mg,0407010H0AAAMAM,442,35.08160000000007
90,C86021,Prednisolone_Tab Solb 5mg,0603020T0AABHBH,1,-0.0033999999999996255
91,C86022,Atorvastatin_Tab 20mg,0212000B0AAABAB,2,0.004600000000000132
92,C86022,Paracet_Tab 500mg,0407010H0AAAMAM,6,0.03519999999999979
93,C86022,Prednisolone_Tab Solb 5mg,0603020T0AABHBH,1,-0.004799999999999471
94,C86022,Pregabalin_Cap 150mg,0408010AEAAAEAE,26,-0.014399999999999025
95,C86023,Paracet_Tab 500mg,0407010H0AAAMAM,8,0.0015999999999999903
96,C86023,Prednisolone_Tab Solb 5mg,0603020T0AABHBH,2,0.0004999999999999449
97,C86023,Pregabalin_Cap 150mg,0408010AEAAAEAE,2,0.0016000000000003234
98,C86024,Paracet_Tab 500mg,0407010H0AAAMAM,70,0.4019999999999975
99,C86024,Prednisolone_Tab Solb 5mg,0603020T0AABHBH,2,0.0010999999999998789
100,C86024,Pregabalin_Cap 150mg,0408010AEAAAEAE,2,0.01120000000000032
101,C86025,Atorvastatin_Tab 10mg,0212000B0AAAAAA,1,0.004200000000000023
102,C86025,Nefopam HCl_Tab 30mg,0407010P0AAABAB,4,0.01679999999999815
103,C86025,Paracet_Tab 500mg,0407010H0AAAMAM,290,32.836000000000006
104,C86025,Pregabalin_Cap 150mg,0408010AEAAAEAE,3,0.01680000000000048
105,C86026,Atorvastatin_Tab 10mg,0212000B0AAAAAA,5,0.010500000000000058
106,C86026,Betahistine HCl_Tab 16mg,0406000B0AAABAB,1,0.0029999999999998778
107,C86026,Memantine HCl_Tab 20mg,0411000G0AAADAD,4,0.01959999999999998
108,C86026,Paracet_Tab 500mg,0407010H0AAAMAM,26,0.1299999999999992
109,C86029,Atorvastatin_Tab 10mg,0212000B0AAAAAA,4,0.008400000000000046
110,C86029,Atorvastatin_Tab 20mg,0212000B0AAABAB,105,1.1760000000000337
111,C86029,Nefopam HCl_Tab 30mg,0407010P0AAABAB,1,0.0041999999999995374
112,C86029,Paracet_Tab 500mg,0407010H0AAAMAM,476,50.81120000000008
113,C86029,Prednisolone_Tab Solb 5mg,0603020T0AABHBH,14,-0.023499999999997412
114,C86029,Pregabalin_Cap 150mg,0408010AEAAAEAE,25,56.588
115,C86032,Atorvastatin_Tab 10mg,0212000B0AAAAAA,17,0.030400000000000205
116,C86032,Memantine HCl_Tab 20mg,0411000G0AAADAD,4,0.01959999999999998
117,C86032,Paracet_Tab 500mg,0407010H0AAAMAM,34,-0.05119999999999969
118,C86032,Prednisolone_Tab Solb 5mg,0603020T0AABHBH,4,-0.011999999999998678
119,C86032,Pregabalin_Cap 150mg,0408010AEAAAEAE,1,0.00560000000000016
120,C86033,Atorvastatin_Tab 10mg,0212000B0AAAAAA,3,0.006300000000000035
121,C86033,Atorvastatin_Tab 40mg,0212000B0AAACAC,1,-0.003799999999999845
122,C86033,Betahistine HCl_Tab 16mg,0406000B0AAABAB,1,0.0029999999999998778
123,C86033,Memantine HCl_Tab 20mg,0411000G0AAADAD,4,0.01959999999999998
124,C86033,Paracet_Tab 500mg,0407010H0AAAMAM,20,0.09759999999999941
125,C86033,Pregabalin_Cap 150mg,0408010AEAAAEAE,1,-0.0041999999999995374
126,C86034,Atorvastatin_Tab 10mg,0212000B0AAAAAA,6,0.016800000000000093
127,C86034,Memantine HCl_Tab 20mg,0411000G0AAADAD,10,0.048999999999999946
128,C86034,Nefopam HCl_Tab 30mg,0407010P0AAABAB,8,0.0335999999999963
129,C86034,Paracet_Tab 500mg,0407010H0AAAMAM,46,0.07159999999999955
130,C86034,Prednisolone_Tab Solb 5mg,0603020T0AABHBH,5,-0.01759999999999806
131,C86034,Pregabalin_Cap 150mg,0408010AEAAAEAE,7,0.01960000000000056
132,C86037,Atorvastatin_Tab 10mg,0212000B0AAAAAA,1,-0.002999999999999982
133,C86037,Betahistine HCl_Tab 16mg,0406000B0AAABAB,13,62.35320000000001
134,C86037,Memantine HCl_Tab 20mg,0411000G0AAADAD,5,127.79199999999999
135,C86037,Paracet_Tab 500mg,0407010H0AAAMAM,526,34.804400000000086
136,C86037,Prednisolone_Tab Solb 5mg,0603020T0AABHBH,12,-0.04319999999999524
137,C86037,Pregabalin_Cap 150mg,0408010AEAAAEAE,31,287.62719999999996
138,C86038,Atorvastatin_Tab 10mg,0212000B0AAAAAA,3,0.006300000000000035
139,C86038,Atorvastatin_Tab 20mg,0212000B0AAABAB,2,0.012000000000000344
140,C86038,Nefopam HCl_Tab 30mg,0407010P0AAABAB,1,0.004499999999999504
141,C86038,Paracet_Tab 500mg,0407010H0AAAMAM,38,0.17279999999999895
142,C86038,Prednisolone_Tab Solb 5mg,0603020T0AABHBH,5,0.0039999999999995595
143,C86038,Pregabalin_Cap 150mg,0408010AEAAAEAE,2,0.01120000000000032
144,C86605,Atorvastatin_Tab 10mg,0212000B0AAAAAA,3,0.008300000000000023
145,C86605,Atorvastatin_Tab 20mg,0212000B0AAABAB,4,0.00800000000000023
146,C86605,Atorvastatin_Tab 40mg,0212000B0AAACAC,5,0.004000000000000184
147,C86605,Betahistine HCl_Tab 16mg,0406000B0AAABAB,1,-0.016900000000000484
148,C86605,Memantine HCl_Tab 20mg,0411000G0AAADAD,1,63.89880000000001
149,C86605,Paracet_Tab 500mg,0407010H0AAAMAM,40,0.1443999999999991
150,C86606,Atorvastatin_Tab 10mg,0212000B0AAAAAA,14,11.642400000000002
151,C86606,Atorvastatin_Tab 20mg,0212000B0AAABAB,235,23.03000000000002
152,C86606,Paracet_Tab 500mg,0407010H0AAAMAM,88,-1.2399999999999927
153,C86606,Prednisolone_Tab Solb 5mg,0603020T0AABHBH,2,0.00020000000000075513
154,C86609,Atorvastatin_Tab 10mg,0212000B0AAAAAA,4,0.008400000000000046
155,C86609,Betahistine HCl_Tab 16mg,0406000B0AAABAB,15,35.574
156,C86609,Paracet_Tab 500mg,0407010H0AAAMAM,10,0.05999999999999964
157,C86609,Prednisolone_Tab Solb 5mg,0603020T0AABHBH,3,215.81939999999997
158,C86609,Pregabalin_Cap 150mg,0408010AEAAAEAE,2,0.01120000000000032
159,C86611,Atorvastatin_Tab 10mg,0212000B0AAAAAA,1,0.004200000000000023
160,C86611,Atorvastatin_Tab 40mg,0212000B0AAACAC,102,22.276800000000005
161,C86611,Paracet_Tab 500mg,0407010H0AAAMAM,240,33.7536
162,C86611,Prednisolone_Tab Solb 5mg,0603020T0AABHBH,2,-0.006499999999999284
163,C86611,Pregabalin_Cap 150mg,0408010AEAAAEAE,3,0.01680000000000048
164,C86611,Tadalafil_Tab 10mg,0704050R0AAAAAA,2,0.010000000000001119
165,C86613,Memantine HCl_Tab 20mg,0411000G0AAADAD,6,0.02659999999999997
166,C86613,Paracet_Tab 500mg,0407010H0AAAMAM,30,0.08719999999999947
167,C86613,Pregabalin_Cap 150mg,0408010AEAAAEAE,2,0.01120000000000032
168,C86614,Paracet_Tab 500mg,0407010H0AAAMAM,612,104.376
169,C86614,Prednisolone_Tab Solb 5mg,0603020T0AABHBH,1,-0.004799999999999471
170,C86616,Atorvastatin_Tab 20mg,0212000B0AAABAB,3,0.010000000000000286
171,C86616,Betahistine HCl_Tab 16mg,0406000B0AAABAB,1,8.8956
172,C86616,Paracet_Tab 500mg,0407010H0AAAMAM,16,0.09599999999999942
173,C86616,Prednisolone_Tab Solb 5mg,0603020T0AABHBH,1,0.004499999999999504
174,C86616,Pregabalin_Cap 150mg,0408010AEAAAEAE,2,0.01120000000000032
175,C86621,Atorvastatin_Tab 10mg,0212000B0AAAAAA,18,0.03780000000000021
176,C86621,Paracet_Tab 500mg,0407010H0AAAMAM,50,0.08399999999999952
177,C86621,Prednisolone_Tab Solb 5mg,0603020T0AABHBH,2,-0.008399999999999075
178,C86621,Pregabalin_Cap 150mg,0408010AEAAAEAE,6,0.02240000000000064
179,C86623,Atorvastatin_Tab 10mg,0212000B0AAAAAA,26,11.575200000000002
180,C86623,Nefopam HCl_Tab 30mg,0407010P0AAABAB,1,0.004499999999999504
181,C86623,Paracet_Tab 500mg,0407010H0AAAMAM,98,29.473600000000005
182,C86623,Prednisolone_Tab Solb 5mg,0603020T0AABHBH,1,0.0029999999999996696
183,C86625,Paracet_Tab 500mg,0407010H0AAAMAM,62,42.69279999999999
184,C86625,Pregabalin_Cap 150mg,0408010AEAAAEAE,1,0.00560000000000016
185,C86626,Paracet_Tab 500mg,0407010H0AAAMAM,6,0.03599999999999978
186,Y00384,Paracet_Tab 500mg,0407010H0AAAMAM,20,-0.055599999999999664
187,Y04018,Pregabalin_Cap 150mg,0408010AEAAAEAE,1,0.00560000000000016
188,Y05141,Atorvastatin_Tab 20mg,0212000B0AAABAB,1,-0.002799999999999997
189,Y05141,Atorvastatin_Tab 40mg,0212000B0AAACAC,1,0.0030000000000000165
190,Y05141,Betahistine HCl_Tab 16mg,0406000B0AAABAB,1,0.0029999999999998778
191,Y05141,Prednisolone_Tab Solb 5mg,0603020T0AABHBH,12,-0.04079999999999595
192,Y05141,Pregabalin_Cap 150mg,0408010AEAAAEAE,2,0.0064000000000001
193,Y05142,Paracet_Tab 500mg,0407010H0AAAMAM,2,-0.011199999999999932
194,Y05142,Prednisolone_Tab Solb 5mg,0603020T0AABHBH,2,-0.007299999999999196
195,Y05167,Atorvastatin_Tab 10mg,0212000B0AAAAAA,60,47.8863
196,Y05167,Atorvastatin_Tab 20mg,0212000B0AAABAB,222,315.77279999999996
197,Y05167,Atorvastatin_Tab 40mg,0212000B0AAACAC,80,66.752
198,Y05167,Paracet_Tab 500mg,0407010H0AAAMAM,158,-5.3519999999999985
199,Y05167,Prednisolone_Tab Solb 5mg,0603020T0AABHBH,4,-0.0017999999999998018
200,Y05167,Pregabalin_Cap 150mg,0408010AEAAAEAE,13,0.0420000000000012
201,Y05167,Tadalafil_Tab 10mg,0704050R0AAAAAA,1,186.33999999999997
