,practice_code,bnf_description,bnf_code,items,excess_cost
0,G81002,Amiodarone HCl_Tab 200mg,0203020D0AAABAB,12,4.200000000000004
1,G81002,Clonazepam_Tab 500mcg,0408010F0AAABAB,21,6.609999999999984
2,G81002,Gabapentin_Cap 300mg,0408010G0AAABAB,16,-0.0048999999999981975
3,G81002,Lamotrigine_Tab 100mg,0408010H0AAAAAA,9,0.01679999999999815
4,G81002,Pyridox HCl_Tab 50mg,0906024N0AAAIAI,2,1.9152000000000005
5,G81003,Amiodarone HCl_Tab 200mg,0203020D0AAABAB,23,6.266400000000004
6,G81003,Clonazepam_Tab 500mcg,0408010F0AAABAB,24,13.510499999999974
7,G81003,Gabapentin_Cap 300mg,0408010G0AAABAB,59,0.11500000000000588
8,G81003,Hydrocort_Tab 10mg,0603020J0AAADAD,7,-0.03339999999999632
9,G81003,Lamotrigine_Tab 100mg,0408010H0AAAAAA,9,0.022399999999997533
10,G81003,Methocarbamol_Tab 750mg,1002020S0AAABAB,4,0.9631999999999996
11,G81003,Pyridox HCl_Tab 50mg,0906024N0AAAIAI,6,3.231900000000001
12,G81004,Amiodarone HCl_Tab 200mg,0203020D0AAABAB,14,6.300000000000006
13,G81004,Clonazepam_Tab 500mcg,0408010F0AAABAB,11,5.3787999999999885
14,G81004,Gabapentin_Cap 300mg,0408010G0AAABAB,15,0.03120000000000167
15,G81004,Lamotrigine_Tab 100mg,0408010H0AAAAAA,12,0.005599999999999383
16,G81004,Methocarbamol_Tab 750mg,1002020S0AAABAB,3,2.089600000000001
17,G81008,Amiodarone HCl_Tab 200mg,0203020D0AAABAB,21,8.050000000000008
18,G81008,Clonazepam_Tab 500mcg,0408010F0AAABAB,13,5.299699999999989
19,G81008,Gabapentin_Cap 300mg,0408010G0AAABAB,17,-0.015399999999997721
20,G81008,Hydrocort_Tab 10mg,0603020J0AAADAD,1,-0.007999999999999119
21,G81008,Lamotrigine_Tab 100mg,0408010H0AAAAAA,23,0.002099999999997826
22,G81008,Methocarbamol_Tab 750mg,1002020S0AAABAB,27,7.118800000000007
23,G81008,Phenytoin_Sod Tab 100mg,0408010Q0AAAGAG,1,59.69879999999999
24,G81008,Pyridox HCl_Tab 50mg,0906024N0AAAIAI,2,4.309200000000001
25,G81012,Amiodarone HCl_Tab 200mg,0203020D0AAABAB,17,5.323500000000004
26,G81012,Clonazepam_Tab 500mcg,0408010F0AAABAB,8,7.955199999999983
27,G81012,Gabapentin_Cap 300mg,0408010G0AAABAB,15,0.03780000000000181
28,G81012,Gemfibrozil_Tab 600mg,0212000Q0AAABAB,1,7.571199999999999
29,G81012,Lamotrigine_Tab 100mg,0408010H0AAAAAA,8,0.01959999999999784
30,G81012,Mesalazine_Tab E/C 800mg,0105010B0AAASAS,1,17.219999999999995
31,G81012,Pyridox HCl_Tab 50mg,0906024N0AAAIAI,1,0.9576000000000002
32,G81017,Amiodarone HCl_Tab 200mg,0203020D0AAABAB,7,3.500000000000003
33,G81017,Clonazepam_Tab 500mcg,0408010F0AAABAB,11,9.311199999999978
34,G81017,Gabapentin_Cap 300mg,0408010G0AAABAB,9,0.01580000000000123
35,G81017,Hydrocort_Tab 10mg,0603020J0AAADAD,1,-0.013999999999998458
36,G81017,Lamotrigine_Tab 100mg,0408010H0AAAAAA,8,42.632799999999996
37,G81017,Methocarbamol_Tab 750mg,1002020S0AAABAB,2,1.7199999999999993
38,G81022,Amiodarone HCl_Tab 200mg,0203020D0AAABAB,18,6.300000000000006
39,G81022,Clonazepam_Tab 500mcg,0408010F0AAABAB,9,4.135799999999992
40,G81022,Gabapentin_Cap 300mg,0408010G0AAABAB,63,0.08800000000000718
41,G81022,Hydrocort_Tab 10mg,0603020J0AAADAD,1,0.004499999999999504
42,G81022,Lamotrigine_Tab 100mg,0408010H0AAAAAA,11,0.038799999999992396
43,G81022,Mesalazine_Tab E/C 800mg,0105010B0AAASAS,2,51.65999999999998
44,G81022,Methocarbamol_Tab 750mg,1002020S0AAABAB,43,11.450000000000014
45,G81022,Pyridox HCl_Tab 50mg,0906024N0AAAIAI,4,3.830400000000001
46,G81027,Amiodarone HCl_Tab 200mg,0203020D0AAABAB,12,6.129200000000005
47,G81027,Clonazepam_Tab 500mcg,0408010F0AAABAB,12,8.294199999999982
48,G81027,Gabapentin_Cap 300mg,0408010G0AAABAB,13,0.03360000000000135
49,G81027,Lamotrigine_Tab 100mg,0408010H0AAAAAA,1,0.0
50,G81027,Methocarbamol_Tab 750mg,1002020S0AAABAB,2,0.21840000000000043
51,G81027,Pyridox HCl_Tab 50mg,0906024N0AAAIAI,1,1.4364000000000003
52,G81029,Amiodarone HCl_Tab 200mg,0203020D0AAABAB,11,7.4000000000000075
53,G81029,Clonazepam_Tab 500mcg,0408010F0AAABAB,22,11.105899999999975
54,G81029,Gabapentin_Cap 300mg,0408010G0AAABAB,43,0.012200000000005068
55,G81029,Gemfibrozil_Tab 600mg,0212000Q0AAABAB,1,15.142399999999999
56,G81029,Hydrocort_Tab 10mg,0603020J0AAADAD,1,-0.011199999999998766
57,G81029,Lamotrigine_Tab 100mg,0408010H0AAAAAA,18,0.008199999999992769
58,G81029,Pyridox HCl_Tab 50mg,0906024N0AAAIAI,1,3.420000000000001
59,G81032,Amiodarone HCl_Tab 200mg,0203020D0AAABAB,3,1.4000000000000012
60,G81032,Clonazepam_Tab 500mcg,0408010F0AAABAB,19,15.07419999999997
61,G81032,Gabapentin_Cap 300mg,0408010G0AAABAB,11,0.01760000000000128
62,G81032,Hydrocort_Tab 10mg,0603020J0AAADAD,1,-0.011199999999998766
63,G81032,Lamotrigine_Tab 100mg,0408010H0AAAAAA,10,0.008399999999999075
64,G81032,Methocarbamol_Tab 750mg,1002020S0AAABAB,1,0.4815999999999998
65,G81032,Pyridox HCl_Tab 50mg,0906024N0AAAIAI,2,1.9152000000000005
66,G81049,Amiodarone HCl_Tab 200mg,0203020D0AAABAB,12,5.250000000000005
67,G81049,Clonazepam_Tab 500mcg,0408010F0AAABAB,8,3.796799999999992
68,G81049,Gabapentin_Cap 300mg,0408010G0AAABAB,6,0.0175000000000005
69,G81049,Gemfibrozil_Tab 600mg,0212000Q0AAABAB,1,15.142399999999999
70,G81049,Lamotrigine_Tab 100mg,0408010H0AAAAAA,11,0.011199999999998766
71,G81049,Pyridox HCl_Tab 50mg,0906024N0AAAIAI,2,7.182000000000002
72,G81050,Amiodarone HCl_Tab 200mg,0203020D0AAABAB,16,4.888800000000004
73,G81050,Clonazepam_Tab 500mcg,0408010F0AAABAB,22,6.8979999999999855
74,G81050,Gabapentin_Cap 300mg,0408010G0AAABAB,30,0.04670000000000289
75,G81050,Lamotrigine_Tab 100mg,0408010H0AAAAAA,16,0.044799999999995066
76,G81050,Mesalazine_Tab E/C 800mg,0105010B0AAASAS,1,-22.959999999999994
77,G81050,Methocarbamol_Tab 750mg,1002020S0AAABAB,1,0.4299999999999998
78,G81056,Amiodarone HCl_Tab 200mg,0203020D0AAABAB,7,3.150000000000003
79,G81056,Clonazepam_Tab 500mcg,0408010F0AAABAB,26,15.899099999999967
80,G81056,Gabapentin_Cap 300mg,0408010G0AAABAB,4,-0.022399999999999087
81,G81056,Hydrocort_Tab 10mg,0603020J0AAADAD,1,-0.011199999999998766
82,G81056,Lamotrigine_Tab 100mg,0408010H0AAAAAA,15,0.030799999999996608
83,G81056,Methocarbamol_Tab 750mg,1002020S0AAABAB,3,0.3168000000000011
84,G81059,Amiodarone HCl_Tab 200mg,0203020D0AAABAB,12,7.350000000000007
85,G81059,Clonazepam_Tab 500mcg,0408010F0AAABAB,16,10.584099999999978
86,G81059,Gabapentin_Cap 300mg,0408010G0AAABAB,6,-0.005599999999999383
87,G81059,Hydrocort_Tab 10mg,0603020J0AAADAD,1,-0.011199999999998766
88,G81059,Lamotrigine_Tab 100mg,0408010H0AAAAAA,8,-0.00840000000000063
89,G81098,Amiodarone HCl_Tab 200mg,0203020D0AAABAB,10,3.838800000000003
90,G81098,Clonazepam_Tab 500mcg,0408010F0AAABAB,36,12.664199999999978
91,G81098,Gabapentin_Cap 300mg,0408010G0AAABAB,25,0.053000000000002295
92,G81098,Hydrocort_Tab 10mg,0603020J0AAADAD,9,-0.017999999999998018
93,G81098,Lamotrigine_Tab 100mg,0408010H0AAAAAA,11,0.025199999999997225
94,G81098,Methocarbamol_Tab 750mg,1002020S0AAABAB,2,1.7371999999999992
95,G81099,Amiodarone HCl_Tab 200mg,0203020D0AAABAB,10,3.8500000000000036
96,G81099,Clonazepam_Tab 500mcg,0408010F0AAABAB,25,14.882599999999968
97,G81099,Gabapentin_Cap 300mg,0408010G0AAABAB,11,0.024900000000000713
98,G81099,Lamotrigine_Tab 100mg,0408010H0AAAAAA,8,0.008399999999999075
99,G81099,Phenytoin_Sod Tab 100mg,0408010Q0AAAGAG,4,0.025199999999997225
100,G81104,Amiodarone HCl_Tab 200mg,0203020D0AAABAB,8,1.7388000000000012
101,G81104,Clonazepam_Tab 500mcg,0408010F0AAABAB,12,10.079599999999978
102,G81104,Gabapentin_Cap 300mg,0408010G0AAABAB,31,0.03930000000000304
103,G81104,Hydrocort_Tab 10mg,0603020J0AAADAD,3,55.772999999999996
104,G81104,Lamotrigine_Tab 100mg,0408010H0AAAAAA,11,0.00539999999999774
105,G81104,Methocarbamol_Tab 750mg,1002020S0AAABAB,2,1.2899999999999996
106,G81104,Pyridox HCl_Tab 50mg,0906024N0AAAIAI,4,2.3940000000000006
107,G81634,Amiodarone HCl_Tab 200mg,0203020D0AAABAB,4,2.100000000000002
108,G81634,Clonazepam_Tab 500mcg,0408010F0AAABAB,1,0.2372999999999995
109,G81634,Gabapentin_Cap 300mg,0408010G0AAABAB,4,0.00840000000000024
110,G81634,Hydrocort_Tab 10mg,0603020J0AAADAD,1,-0.019999999999997797
111,G81634,Lamotrigine_Tab 100mg,0408010H0AAAAAA,6,0.022399999999997533
112,G81696,Clonazepam_Tab 500mcg,0408010F0AAABAB,1,0.31639999999999935
113,G81696,Gabapentin_Cap 300mg,0408010G0AAABAB,1,30.9456
114,Y00080,Amiodarone HCl_Tab 200mg,0203020D0AAABAB,5,3.150000000000003
115,Y00080,Clonazepam_Tab 500mcg,0408010F0AAABAB,5,2.1356999999999955
116,Y00080,Gabapentin_Cap 300mg,0408010G0AAABAB,3,0.00460000000000052
117,Y00080,Lamotrigine_Tab 100mg,0408010H0AAAAAA,11,0.022399999999997533
118,Y02816,Amiodarone HCl_Tab 200mg,0203020D0AAABAB,2,1.4000000000000012
119,Y02816,Clonazepam_Tab 500mcg,0408010F0AAABAB,12,3.2799999999999936
120,Y02816,Lamotrigine_Tab 100mg,0408010H0AAAAAA,6,0.022399999999997533
121,Y02816,Methocarbamol_Tab 750mg,1002020S0AAABAB,1,0.22000000000000075
