,practice_code,bnf_description,bnf_code,items,excess_cost
0,B82001,Paracet_Tab 500mg,0407010H0AAAMAM,6,20.1488
1,B82001,Prednisolone_Tab Solb 5mg,0603020T0AABHBH,1,-0.004799999999999471
2,B82011,Amlodipine_Tab 5mg,0206020A0AAAAAA,33,-0.0461999999999987
3,B82011,Memantine HCl_Tab 20mg,0411000G0AAADAD,12,0.058799999999999936
4,B82011,Paracet_Tab 500mg,0407010H0AAAMAM,228,19.564000000000036
5,B82011,Prednisolone_Tab Solb 5mg,0603020T0AABHBH,1,10.7865
6,B82011,Pregabalin_Cap 150mg,0408010AEAAAEAE,6,0.02240000000000064
7,B82024,Amlodipine_Tab 5mg,0206020A0AAAAAA,1,-0.002099999999999963
8,B82024,Paracet_Tab 500mg,0407010H0AAAMAM,8,-0.004399999999999973
9,B82024,Prednisolone_Tab Solb 5mg,0603020T0AABHBH,7,-0.029199999999996784
10,B82024,Pregabalin_Cap 150mg,0408010AEAAAEAE,3,0.01680000000000048
11,B82025,Amlodipine_Tab 5mg,0206020A0AAAAAA,92,-0.1860999999999965
12,B82025,Memantine HCl_Tab 20mg,0411000G0AAADAD,24,0.11759999999999987
13,B82025,Nortriptyline_Tab 25mg,0403010V0AAAEAE,1,0.003000000000000086
14,B82025,Paracet_Tab 500mg,0407010H0AAAMAM,180,5.949200000000003
15,B82025,Prednisolone_Tab Solb 5mg,0603020T0AABHBH,3,-0.009199999999998987
16,B82025,Pregabalin_Cap 150mg,0408010AEAAAEAE,13,0.056000000000001604
17,B82037,Amlodipine_Tab 5mg,0206020A0AAAAAA,442,431.83719999999994
18,B82037,Atorvastatin_Tab 20mg,0212000B0AAABAB,1,0.0030000000000000165
19,B82037,Paracet_Tab 500mg,0407010H0AAAMAM,630,102.89280000000012
20,B82037,Prednisolone_Tab Solb 5mg,0603020T0AABHBH,1,0.0035999999999996035
21,B82037,Pregabalin_Cap 150mg,0408010AEAAAEAE,7,0.03360000000000096
22,B82038,Amlodipine_Tab 5mg,0206020A0AAAAAA,113,-0.22189999999999577
23,B82038,Anastrozole_Tab 1mg,0803041B0AAAAAA,11,123.02919999999999
24,B82038,Atorvastatin_Tab 20mg,0212000B0AAABAB,649,159.93300000000008
25,B82038,Hydrocort_Tab 10mg,0603020J0AAADAD,10,156.67559999999992
26,B82038,Memantine HCl_Tab 20mg,0411000G0AAADAD,54,63.924
27,B82038,Paracet_Tab 500mg,0407010H0AAAMAM,1002,377.4136000000001
28,B82038,Prednisolone_Tab Solb 5mg,0603020T0AABHBH,8,-0.024799999999997713
29,B82038,Pregabalin_Cap 150mg,0408010AEAAAEAE,20,113.1228
30,B82054,Amlodipine_Tab 5mg,0206020A0AAAAAA,530,27.501800000000028
31,B82054,Atorvastatin_Tab 20mg,0212000B0AAABAB,264,22.91520000000004
32,B82054,Hydrocort_Tab 10mg,0603020J0AAADAD,1,0.0048000000000003595
33,B82054,Memantine HCl_Tab 20mg,0411000G0AAADAD,27,0.1289999999999999
34,B82054,Nortriptyline_Tab 25mg,0403010V0AAAEAE,1,-0.006000000000000172
35,B82054,Paracet_Tab 500mg,0407010H0AAAMAM,380,21.527999999999995
36,B82054,Pramipexole_Tab 2.62mg M/R,0409010W0AAAKAK,1,98.34900000000002
37,B82054,Prednisolone_Tab Solb 5mg,0603020T0AABHBH,6,71.9336
38,B82063,Amlodipine_Tab 5mg,0206020A0AAAAAA,36,-0.07559999999999867
39,B82063,Hydrocort_Tab 10mg,0603020J0AAADAD,4,-0.00879999999999903
40,B82063,Memantine HCl_Tab 20mg,0411000G0AAADAD,29,0.14209999999999984
41,B82063,Paracet_Tab 500mg,0407010H0AAAMAM,50,-0.8703999999999983
42,B82063,Prednisolone_Tab Solb 5mg,0603020T0AABHBH,2,-0.008799999999999475
43,B82063,Pregabalin_Cap 150mg,0408010AEAAAEAE,6,0.02240000000000064
44,B82088,Amlodipine_Tab 5mg,0206020A0AAAAAA,303,71.38640000000004
45,B82088,Atorvastatin_Tab 20mg,0212000B0AAABAB,378,112.95520000000002
46,B82088,Paracet_Tab 500mg,0407010H0AAAMAM,220,26.309599999999993
47,B82088,Prednisolone_Tab Solb 5mg,0603020T0AABHBH,1,14.385599999999998
48,B82088,Pregabalin_Cap 150mg,0408010AEAAAEAE,4,0.02240000000000064
49,B82092,Amlodipine_Tab 5mg,0206020A0AAAAAA,20,-0.026599999999999208
50,B82092,Paracet_Tab 500mg,0407010H0AAAMAM,20,-0.11199999999999932
51,B82092,Prednisolone_Tab Solb 5mg,0603020T0AABHBH,2,0.0041999999999995374
52,B82092,Pregabalin_Cap 150mg,0408010AEAAAEAE,4,0.01120000000000032
53,B82106,Amlodipine_Tab 5mg,0206020A0AAAAAA,13,-0.02729999999999952
54,B82106,Memantine HCl_Tab 20mg,0411000G0AAADAD,8,63.9072
55,B82106,Paracet_Tab 500mg,0407010H0AAAMAM,104,9.99160000000001
56,B82609,Amlodipine_Tab 5mg,0206020A0AAAAAA,23,-0.017499999999999044
57,B82609,Nortriptyline_Tab 25mg,0403010V0AAAEAE,1,0.003000000000000086
58,B82609,Paracet_Tab 500mg,0407010H0AAAMAM,24,0.010399999999999937
59,B82609,Pregabalin_Cap 150mg,0408010AEAAAEAE,1,0.00560000000000016
60,B82611,Prednisolone_Tab Solb 5mg,0603020T0AABHBH,1,-0.004799999999999471
61,B82628,Atorvastatin_Tab 20mg,0212000B0AAABAB,153,67.6872
62,B82628,Paracet_Tab 500mg,0407010H0AAAMAM,258,47.896800000000056
63,B82628,Pregabalin_Cap 150mg,0408010AEAAAEAE,3,0.001400000000000623
64,Y02669,Amlodipine_Tab 5mg,0206020A0AAAAAA,5,-0.010499999999999815
65,Y02669,Atorvastatin_Tab 20mg,0212000B0AAABAB,15,45.108
66,Y02669,Nortriptyline_Tab 25mg,0403010V0AAAEAE,1,115.1024
67,Y02669,Paracet_Tab 500mg,0407010H0AAAMAM,10,0.04079999999999975
68,Y02669,Pregabalin_Cap 150mg,0408010AEAAAEAE,7,0.02240000000000064
69,Y04954,Prednisolone_Tab Solb 5mg,0603020T0AABHBH,2,0.0008999999999999009
