,practice_code,bnf_description,bnf_code,items,excess_cost
0,L85001,Amiodarone HCl_Tab 200mg,0203020D0AAABAB,4,2.100000000000002
1,L85001,Clonazepam_Tab 500mcg,0408010F0AAABAB,16,14.23799999999997
2,L85001,Lamotrigine_Tab 100mg,0408010H0AAAAAA,20,0.013999999999998458
3,L85001,Propranolol HCl_Tab 10mg,0204000R0AAAHAH,33,0.006000000000000172
4,L85001,Sumatriptan_Tab 50mg,0407041T0AAAFAF,25,0.0
5,L85002,Amiodarone HCl_Tab 200mg,0203020D0AAABAB,2,1.050000000000001
6,L85002,Clonazepam_Tab 500mcg,0408010F0AAABAB,8,6.056799999999987
7,L85002,Lamotrigine_Tab 100mg,0408010H0AAAAAA,12,0.01959999999999784
8,L85002,Methocarbamol_Tab 750mg,1002020S0AAABAB,1,0.2407999999999999
9,L85002,Paracet_Tab Solb 500mg,0407010H0AAAQAQ,2,-0.011999999999998678
10,L85002,Propranolol HCl_Tab 10mg,0204000R0AAAHAH,8,0.0
11,L85002,Sumatriptan_Tab 50mg,0407041T0AAAFAF,14,-0.0024999999999997247
12,L85003,Amiodarone HCl_Tab 200mg,0203020D0AAABAB,1,0.3500000000000003
13,L85003,Clonazepam_Tab 500mcg,0408010F0AAABAB,5,3.1639999999999935
14,L85003,Lamotrigine_Tab 100mg,0408010H0AAAAAA,3,0.011199999999998766
15,L85003,Propranolol HCl_Tab 10mg,0204000R0AAAHAH,6,0.0
16,L85003,Sumatriptan_Tab 50mg,0407041T0AAAFAF,5,0.0
17,L85004,Amiodarone HCl_Tab 200mg,0203020D0AAABAB,3,1.050000000000001
18,L85004,Clonazepam_Tab 500mcg,0408010F0AAABAB,10,4.7685999999999895
19,L85004,Lamotrigine_Tab 100mg,0408010H0AAAAAA,17,0.01679999999999815
20,L85004,Methocarbamol_Tab 750mg,1002020S0AAABAB,4,1.6596000000000009
21,L85004,Pregabalin_Cap 100mg,0408010AEAAADAD,4,0.025200000000000722
22,L85004,Propranolol HCl_Tab 10mg,0204000R0AAAHAH,24,0.0
23,L85004,Sumatriptan_Tab 50mg,0407041T0AAAFAF,16,0.0
24,L85006,Amiodarone HCl_Tab 200mg,0203020D0AAABAB,6,2.100000000000002
25,L85006,Clonazepam_Tab 500mcg,0408010F0AAABAB,13,7.6613999999999844
26,L85006,Lamotrigine_Tab 100mg,0408010H0AAAAAA,14,0.022399999999997533
27,L85006,Methocarbamol_Tab 750mg,1002020S0AAABAB,3,2.889599999999999
28,L85006,Propranolol HCl_Tab 10mg,0204000R0AAAHAH,26,0.0
29,L85006,Sumatriptan_Tab 50mg,0407041T0AAAFAF,25,-0.00300000000000078
30,L85007,Amiodarone HCl_Tab 200mg,0203020D0AAABAB,5,1.7500000000000016
31,L85007,Clonazepam_Tab 500mcg,0408010F0AAABAB,26,16.543199999999963
32,L85007,Lamotrigine_Tab 100mg,0408010H0AAAAAA,11,0.011199999999998766
33,L85007,Methocarbamol_Tab 750mg,1002020S0AAABAB,3,1.3415999999999995
34,L85007,Propranolol HCl_Tab 10mg,0204000R0AAAHAH,26,0.0
35,L85007,Sumatriptan_Tab 50mg,0407041T0AAAFAF,24,-0.00300000000000078
36,L85008,Amiodarone HCl_Tab 200mg,0203020D0AAABAB,6,1.8347000000000016
37,L85008,Clonazepam_Tab 500mcg,0408010F0AAABAB,22,9.925399999999978
38,L85008,Lamotrigine_Tab 100mg,0408010H0AAAAAA,34,0.05039999999999445
39,L85008,Methocarbamol_Tab 750mg,1002020S0AAABAB,2,0.7392000000000025
40,L85008,Paracet_Tab Solb 500mg,0407010H0AAAQAQ,2,-0.011999999999998678
41,L85008,Pregabalin_Cap 100mg,0408010AEAAADAD,14,0.06210000000000103
42,L85008,Propranolol HCl_Tab 10mg,0204000R0AAAHAH,26,0.006000000000000172
43,L85008,Sumatriptan_Tab 50mg,0407041T0AAAFAF,62,-0.0027999999999996916
44,L85009,Amiodarone HCl_Tab 200mg,0203020D0AAABAB,11,5.250000000000004
45,L85009,Clonazepam_Tab 500mcg,0408010F0AAABAB,7,3.977599999999992
46,L85009,Lamotrigine_Tab 100mg,0408010H0AAAAAA,14,0.005599999999999383
47,L85009,Phenytoin_Sod Tab 100mg,0408010Q0AAAGAG,1,159.19679999999997
48,L85009,Propranolol HCl_Tab 10mg,0204000R0AAAHAH,32,0.0
49,L85009,Sumatriptan_Tab 50mg,0407041T0AAAFAF,16,0.0
50,L85010,Amiodarone HCl_Tab 200mg,0203020D0AAABAB,11,3.763900000000003
51,L85010,Clonazepam_Tab 500mcg,0408010F0AAABAB,21,12.035999999999975
52,L85010,Lamotrigine_Tab 100mg,0408010H0AAAAAA,11,0.005599999999999383
53,L85010,Methocarbamol_Tab 750mg,1002020S0AAABAB,5,1.819200000000003
54,L85010,Paracet_Tab Solb 500mg,0407010H0AAAQAQ,10,73.476
55,L85010,Propranolol HCl_Tab 10mg,0204000R0AAAHAH,15,0.0
56,L85010,Sumatriptan_Tab 50mg,0407041T0AAAFAF,13,0.0
57,L85011,Lamotrigine_Tab 100mg,0408010H0AAAAAA,6,0.005599999999999383
58,L85011,Methocarbamol_Tab 750mg,1002020S0AAABAB,2,0.7996000000000011
59,L85011,Propranolol HCl_Tab 10mg,0204000R0AAAHAH,11,0.0
60,L85011,Sumatriptan_Tab 50mg,0407041T0AAAFAF,15,0.0
61,L85012,Amiodarone HCl_Tab 200mg,0203020D0AAABAB,6,3.150000000000003
62,L85012,Clonazepam_Tab 500mcg,0408010F0AAABAB,8,4.65859999999999
63,L85012,Lamotrigine_Tab 100mg,0408010H0AAAAAA,14,0.0
64,L85012,Propranolol HCl_Tab 10mg,0204000R0AAAHAH,27,0.0
65,L85012,Sumatriptan_Tab 50mg,0407041T0AAAFAF,17,0.0
66,L85013,Clonazepam_Tab 500mcg,0408010F0AAABAB,3,3.728999999999992
67,L85013,Lamotrigine_Tab 100mg,0408010H0AAAAAA,2,0.0
68,L85013,Paracet_Tab Solb 500mg,0407010H0AAAQAQ,2,-0.011999999999998678
69,L85013,Propranolol HCl_Tab 10mg,0204000R0AAAHAH,14,0.0
70,L85013,Sumatriptan_Tab 50mg,0407041T0AAAFAF,9,0.0
71,L85014,Amiodarone HCl_Tab 200mg,0203020D0AAABAB,4,1.7500000000000016
72,L85014,Clonazepam_Tab 500mcg,0408010F0AAABAB,33,19.485499999999963
73,L85014,Lamotrigine_Tab 100mg,0408010H0AAAAAA,30,0.027999999999996916
74,L85014,Methocarbamol_Tab 750mg,1002020S0AAABAB,3,2.8379999999999987
75,L85014,Paracet_Tab Solb 500mg,0407010H0AAAQAQ,4,-0.023999999999997357
76,L85014,Propranolol HCl_Tab 10mg,0204000R0AAAHAH,32,0.0
77,L85014,Risperidone_Tab 6mg,040201030AAAFAF,1,29.2096
78,L85014,Sumatriptan_Tab 50mg,0407041T0AAAFAF,12,0.0
79,L85015,Amiodarone HCl_Tab 200mg,0203020D0AAABAB,2,1.050000000000001
80,L85015,Clonazepam_Tab 500mcg,0408010F0AAABAB,17,11.616399999999977
81,L85015,Lamotrigine_Tab 100mg,0408010H0AAAAAA,15,0.005599999999999383
82,L85015,Methocarbamol_Tab 750mg,1002020S0AAABAB,19,7.3504000000000005
83,L85015,Propranolol HCl_Tab 10mg,0204000R0AAAHAH,11,0.0
84,L85015,Sumatriptan_Tab 50mg,0407041T0AAAFAF,16,0.0
85,L85016,Amiodarone HCl_Tab 200mg,0203020D0AAABAB,7,2.450000000000002
86,L85016,Clonazepam_Tab 500mcg,0408010F0AAABAB,19,9.773599999999979
87,L85016,Lamotrigine_Tab 100mg,0408010H0AAAAAA,33,0.030799999999996608
88,L85016,Methocarbamol_Tab 750mg,1002020S0AAABAB,8,2.2752000000000008
89,L85016,Propranolol HCl_Tab 10mg,0204000R0AAAHAH,35,0.021999999999999797
90,L85016,Sumatriptan_Tab 50mg,0407041T0AAAFAF,36,0.0
91,L85017,Amiodarone HCl_Tab 200mg,0203020D0AAABAB,3,1.050000000000001
92,L85017,Clonazepam_Tab 500mcg,0408010F0AAABAB,15,7.141599999999986
93,L85017,Lamotrigine_Tab 100mg,0408010H0AAAAAA,16,0.022399999999997533
94,L85017,Methocarbamol_Tab 750mg,1002020S0AAABAB,8,4.118800000000001
95,L85017,Propranolol HCl_Tab 10mg,0204000R0AAAHAH,18,0.012000000000000344
96,L85017,Sumatriptan_Tab 50mg,0407041T0AAAFAF,14,0.0
97,L85018,Amiodarone HCl_Tab 200mg,0203020D0AAABAB,4,1.4000000000000012
98,L85018,Clonazepam_Tab 500mcg,0408010F0AAABAB,6,2.5763999999999947
99,L85018,Lamotrigine_Tab 100mg,0408010H0AAAAAA,3,0.005599999999999383
100,L85018,Paracet_Tab Solb 500mg,0407010H0AAAQAQ,2,-0.011999999999998678
101,L85018,Pregabalin_Cap 100mg,0408010AEAAADAD,4,0.025200000000000722
102,L85018,Propranolol HCl_Tab 10mg,0204000R0AAAHAH,4,0.0
103,L85018,Sumatriptan_Tab 50mg,0407041T0AAAFAF,6,0.0
104,L85019,Amiodarone HCl_Tab 200mg,0203020D0AAABAB,2,0.7000000000000006
105,L85019,Clonazepam_Tab 500mcg,0408010F0AAABAB,2,1.171199999999998
106,L85019,Lamotrigine_Tab 100mg,0408010H0AAAAAA,6,0.011199999999998766
107,L85019,Methocarbamol_Tab 750mg,1002020S0AAABAB,10,4.669599999999999
108,L85019,Paracet_Tab Solb 500mg,0407010H0AAAQAQ,4,-0.023999999999997357
109,L85019,Propranolol HCl_Tab 10mg,0204000R0AAAHAH,16,0.0
110,L85019,Sumatriptan_Tab 50mg,0407041T0AAAFAF,13,0.0
111,L85020,Amiodarone HCl_Tab 200mg,0203020D0AAABAB,3,1.4000000000000012
112,L85020,Clonazepam_Tab 500mcg,0408010F0AAABAB,10,6.158499999999987
113,L85020,Lamotrigine_Tab 100mg,0408010H0AAAAAA,14,0.05039999999999445
114,L85020,Methocarbamol_Tab 750mg,1002020S0AAABAB,1,0.9631999999999996
115,L85020,Pregabalin_Cap 100mg,0408010AEAAADAD,3,0.01470000000000013
116,L85020,Propranolol HCl_Tab 10mg,0204000R0AAAHAH,17,0.0
117,L85020,Sumatriptan_Tab 50mg,0407041T0AAAFAF,15,-0.0032000000000000917
118,L85021,Amiodarone HCl_Tab 200mg,0203020D0AAABAB,6,3.3292000000000033
119,L85021,Clonazepam_Tab 500mcg,0408010F0AAABAB,9,6.214999999999987
120,L85021,Lamotrigine_Tab 100mg,0408010H0AAAAAA,16,0.002399999999996405
121,L85021,Propranolol HCl_Tab 10mg,0204000R0AAAHAH,15,0.0
122,L85021,Sumatriptan_Tab 50mg,0407041T0AAAFAF,26,0.0
123,L85022,Amiodarone HCl_Tab 200mg,0203020D0AAABAB,4,1.7500000000000016
124,L85022,Clonazepam_Tab 500mcg,0408010F0AAABAB,10,4.073999999999992
125,L85022,Lamotrigine_Tab 100mg,0408010H0AAAAAA,19,0.030799999999996608
126,L85022,Methocarbamol_Tab 750mg,1002020S0AAABAB,35,12.9976
127,L85022,Pregabalin_Cap 100mg,0408010AEAAADAD,4,0.019600000000000173
128,L85022,Propranolol HCl_Tab 10mg,0204000R0AAAHAH,35,0.012000000000000344
129,L85022,Sumatriptan_Tab 50mg,0407041T0AAAFAF,13,0.0
130,L85023,Clonazepam_Tab 500mcg,0408010F0AAABAB,23,11.648999999999974
131,L85023,Lamotrigine_Tab 100mg,0408010H0AAAAAA,27,0.022399999999997533
132,L85023,Paracet_Tab Solb 500mg,0407010H0AAAQAQ,2,-0.011999999999998678
133,L85023,Phenytoin_Sod Tab 100mg,0408010Q0AAAGAG,1,0.011999999999998678
134,L85023,Pregabalin_Cap 100mg,0408010AEAAADAD,1,-0.0015999999999999348
135,L85023,Propranolol HCl_Tab 10mg,0204000R0AAAHAH,33,0.0
136,L85023,Sumatriptan_Tab 50mg,0407041T0AAAFAF,22,0.0
137,L85024,Amiodarone HCl_Tab 200mg,0203020D0AAABAB,1,0.7000000000000006
138,L85024,Clonazepam_Tab 500mcg,0408010F0AAABAB,7,4.497399999999991
139,L85024,Lamotrigine_Tab 100mg,0408010H0AAAAAA,11,0.01679999999999815
140,L85024,Methocarbamol_Tab 750mg,1002020S0AAABAB,3,1.2899999999999996
141,L85024,Paracet_Tab Solb 500mg,0407010H0AAAQAQ,2,-0.005999999999999339
142,L85024,Propranolol HCl_Tab 10mg,0204000R0AAAHAH,7,-0.0008000000000000229
143,L85024,Sumatriptan_Tab 50mg,0407041T0AAAFAF,24,13.761599999999982
144,L85025,Amiodarone HCl_Tab 200mg,0203020D0AAABAB,2,0.7000000000000006
145,L85025,Clonazepam_Tab 500mcg,0408010F0AAABAB,10,5.189999999999991
146,L85025,Lamotrigine_Tab 100mg,0408010H0AAAAAA,24,0.0335999999999963
147,L85025,Methocarbamol_Tab 750mg,1002020S0AAABAB,1,0.4299999999999998
148,L85025,Propranolol HCl_Tab 10mg,0204000R0AAAHAH,9,0.0
149,L85025,Sumatriptan_Tab 50mg,0407041T0AAAFAF,12,0.0031999999999996476
150,L85026,Amiodarone HCl_Tab 200mg,0203020D0AAABAB,4,1.4000000000000012
151,L85026,Clonazepam_Tab 500mcg,0408010F0AAABAB,3,2.6667999999999945
152,L85026,Lamotrigine_Tab 100mg,0408010H0AAAAAA,2,0.0
153,L85026,Methocarbamol_Tab 750mg,1002020S0AAABAB,7,1.3996000000000028
154,L85026,Propranolol HCl_Tab 10mg,0204000R0AAAHAH,6,0.0
155,L85026,Sumatriptan_Tab 50mg,0407041T0AAAFAF,8,0.0
156,L85027,Amiodarone HCl_Tab 200mg,0203020D0AAABAB,4,2.100000000000002
157,L85027,Clonazepam_Tab 500mcg,0408010F0AAABAB,12,9.303199999999983
158,L85027,Lamotrigine_Tab 100mg,0408010H0AAAAAA,7,0.025199999999997225
159,L85027,Methocarbamol_Tab 750mg,1002020S0AAABAB,1,0.4299999999999998
160,L85027,Propranolol HCl_Tab 10mg,0204000R0AAAHAH,16,0.0
161,L85027,Sumatriptan_Tab 50mg,0407041T0AAAFAF,20,0.0
162,L85028,Clonazepam_Tab 500mcg,0408010F0AAABAB,10,6.802599999999987
163,L85028,Lamotrigine_Tab 100mg,0408010H0AAAAAA,5,0.011199999999998766
164,L85028,Methocarbamol_Tab 750mg,1002020S0AAABAB,2,1.8231999999999993
165,L85028,Propranolol HCl_Tab 10mg,0204000R0AAAHAH,12,0.0
166,L85028,Sumatriptan_Tab 50mg,0407041T0AAAFAF,7,0.0
167,L85029,Amiodarone HCl_Tab 200mg,0203020D0AAABAB,2,0.7000000000000006
168,L85029,Clonazepam_Tab 500mcg,0408010F0AAABAB,14,6.355799999999988
169,L85029,Lamotrigine_Tab 100mg,0408010H0AAAAAA,18,0.005599999999999383
170,L85029,Paracet_Tab Solb 500mg,0407010H0AAAQAQ,2,-0.011999999999998678
171,L85029,Pregabalin_Cap 100mg,0408010AEAAADAD,5,0.0315000000000009
172,L85029,Propranolol HCl_Tab 10mg,0204000R0AAAHAH,40,0.0
173,L85029,Sumatriptan_Tab 50mg,0407041T0AAAFAF,15,0.0
174,L85030,Amiodarone HCl_Tab 200mg,0203020D0AAABAB,6,2.450000000000002
175,L85030,Clonazepam_Tab 500mcg,0408010F0AAABAB,9,3.924399999999993
176,L85030,Lamotrigine_Tab 100mg,0408010H0AAAAAA,20,0.022399999999997533
177,L85030,Propranolol HCl_Tab 10mg,0204000R0AAAHAH,11,0.0
178,L85030,Sumatriptan_Tab 50mg,0407041T0AAAFAF,16,0.0
179,L85031,Amiodarone HCl_Tab 200mg,0203020D0AAABAB,1,0.3500000000000003
180,L85031,Clonazepam_Tab 500mcg,0408010F0AAABAB,6,3.0283999999999938
181,L85031,Lamotrigine_Tab 100mg,0408010H0AAAAAA,7,0.0
182,L85031,Methocarbamol_Tab 750mg,1002020S0AAABAB,1,0.4299999999999998
183,L85031,Propranolol HCl_Tab 10mg,0204000R0AAAHAH,9,0.0
184,L85031,Sumatriptan_Tab 50mg,0407041T0AAAFAF,8,0.0
185,L85032,Amiodarone HCl_Tab 200mg,0203020D0AAABAB,3,1.050000000000001
186,L85032,Clonazepam_Tab 500mcg,0408010F0AAABAB,3,0.5061999999999997
187,L85032,Lamotrigine_Tab 100mg,0408010H0AAAAAA,6,0.0
188,L85032,Methocarbamol_Tab 750mg,1002020S0AAABAB,2,1.1832000000000003
189,L85032,Propranolol HCl_Tab 10mg,0204000R0AAAHAH,7,0.0
190,L85032,Risperidone_Tab 6mg,040201030AAAFAF,1,29.2096
191,L85032,Sumatriptan_Tab 50mg,0407041T0AAAFAF,13,0.0
192,L85033,Amiodarone HCl_Tab 200mg,0203020D0AAABAB,5,1.7500000000000016
193,L85033,Clonazepam_Tab 500mcg,0408010F0AAABAB,25,11.277399999999977
194,L85033,Lamotrigine_Tab 100mg,0408010H0AAAAAA,13,21.302399999999967
195,L85033,Methocarbamol_Tab 750mg,1002020S0AAABAB,1,0.4299999999999998
196,L85033,Propranolol HCl_Tab 10mg,0204000R0AAAHAH,28,29.500800000000005
197,L85033,Sumatriptan_Tab 50mg,0407041T0AAAFAF,18,0.0
198,L85034,Amiodarone HCl_Tab 200mg,0203020D0AAABAB,1,0.3500000000000003
199,L85034,Clonazepam_Tab 500mcg,0408010F0AAABAB,6,4.4521999999999915
200,L85034,Lamotrigine_Tab 100mg,0408010H0AAAAAA,22,0.013999999999996904
201,L85034,Propranolol HCl_Tab 10mg,0204000R0AAAHAH,14,0.0
202,L85034,Risperidone_Tab 6mg,040201030AAAFAF,1,29.2096
203,L85034,Sumatriptan_Tab 50mg,0407041T0AAAFAF,8,0.0
204,L85035,Amiodarone HCl_Tab 200mg,0203020D0AAABAB,10,4.200000000000004
205,L85035,Clonazepam_Tab 500mcg,0408010F0AAABAB,10,7.706599999999985
206,L85035,Lamotrigine_Tab 100mg,0408010H0AAAAAA,22,0.022399999999997533
207,L85035,Paracet_Tab Solb 500mg,0407010H0AAAQAQ,4,-0.023999999999997357
208,L85035,Propranolol HCl_Tab 10mg,0204000R0AAAHAH,30,0.0
209,L85035,Sumatriptan_Tab 50mg,0407041T0AAAFAF,14,0.0
210,L85036,Amiodarone HCl_Tab 200mg,0203020D0AAABAB,3,1.050000000000001
211,L85036,Clonazepam_Tab 500mcg,0408010F0AAABAB,4,1.2881999999999973
212,L85036,Lamotrigine_Tab 100mg,0408010H0AAAAAA,2,0.005599999999999383
213,L85036,Propranolol HCl_Tab 10mg,0204000R0AAAHAH,4,0.0
214,L85036,Sumatriptan_Tab 50mg,0407041T0AAAFAF,3,0.0
215,L85037,Amiodarone HCl_Tab 200mg,0203020D0AAABAB,2,0.7000000000000006
216,L85037,Clonazepam_Tab 500mcg,0408010F0AAABAB,6,1.5819999999999967
217,L85037,Lamotrigine_Tab 100mg,0408010H0AAAAAA,3,21.4396
218,L85037,Pregabalin_Cap 100mg,0408010AEAAADAD,9,682.8303999999999
219,L85037,Sumatriptan_Tab 50mg,0407041T0AAAFAF,7,55.0008
220,L85038,Amiodarone HCl_Tab 200mg,0203020D0AAABAB,3,1.050000000000001
221,L85038,Clonazepam_Tab 500mcg,0408010F0AAABAB,4,4.158399999999991
222,L85038,Lamotrigine_Tab 100mg,0408010H0AAAAAA,11,0.011199999999998766
223,L85038,Methocarbamol_Tab 750mg,1002020S0AAABAB,2,1.1179999999999994
224,L85038,Paracet_Tab Solb 500mg,0407010H0AAAQAQ,6,-0.035999999999996035
225,L85038,Propranolol HCl_Tab 10mg,0204000R0AAAHAH,12,0.0
226,L85038,Sumatriptan_Tab 50mg,0407041T0AAAFAF,11,0.0039999999999995595
227,L85039,Amiodarone HCl_Tab 200mg,0203020D0AAABAB,4,1.4000000000000012
228,L85039,Clonazepam_Tab 500mcg,0408010F0AAABAB,12,6.9833999999999845
229,L85039,Lamotrigine_Tab 100mg,0408010H0AAAAAA,12,-0.003500000000000003
230,L85039,Methocarbamol_Tab 750mg,1002020S0AAABAB,1,0.22000000000000075
231,L85039,Propranolol HCl_Tab 10mg,0204000R0AAAHAH,17,0.0
232,L85039,Sumatriptan_Tab 50mg,0407041T0AAAFAF,26,0.0
233,L85040,Amiodarone HCl_Tab 200mg,0203020D0AAABAB,2,0.7000000000000006
234,L85040,Clonazepam_Tab 500mcg,0408010F0AAABAB,19,5.378799999999989
235,L85040,Lamotrigine_Tab 100mg,0408010H0AAAAAA,7,0.0
236,L85040,Propranolol HCl_Tab 10mg,0204000R0AAAHAH,1,0.0
237,L85040,Sumatriptan_Tab 50mg,0407041T0AAAFAF,10,0.0
238,L85041,Amiodarone HCl_Tab 200mg,0203020D0AAABAB,3,1.7500000000000016
239,L85041,Clonazepam_Tab 500mcg,0408010F0AAABAB,11,7.683999999999983
240,L85041,Lamotrigine_Tab 100mg,0408010H0AAAAAA,8,0.005599999999999383
241,L85041,Propranolol HCl_Tab 10mg,0204000R0AAAHAH,10,0.0
242,L85041,Sumatriptan_Tab 50mg,0407041T0AAAFAF,12,0.0
243,L85042,Amiodarone HCl_Tab 200mg,0203020D0AAABAB,3,1.050000000000001
244,L85042,Clonazepam_Tab 500mcg,0408010F0AAABAB,18,9.751899999999978
245,L85042,Lamotrigine_Tab 100mg,0408010H0AAAAAA,27,-0.0021000000000024888
246,L85042,Propranolol HCl_Tab 10mg,0204000R0AAAHAH,18,0.0
247,L85042,Sumatriptan_Tab 50mg,0407041T0AAAFAF,32,0.0
248,L85043,Amiodarone HCl_Tab 200mg,0203020D0AAABAB,2,1.4000000000000012
249,L85043,Clonazepam_Tab 500mcg,0408010F0AAABAB,5,3.3859999999999935
250,L85043,Lamotrigine_Tab 100mg,0408010H0AAAAAA,8,0.0
251,L85043,Methocarbamol_Tab 750mg,1002020S0AAABAB,1,0.36960000000000126
252,L85043,Propranolol HCl_Tab 10mg,0204000R0AAAHAH,6,0.0
253,L85043,Sumatriptan_Tab 50mg,0407041T0AAAFAF,19,-0.00300000000000078
254,L85044,Amiodarone HCl_Tab 200mg,0203020D0AAABAB,2,0.7000000000000006
255,L85044,Clonazepam_Tab 500mcg,0408010F0AAABAB,3,1.0508999999999977
256,L85044,Lamotrigine_Tab 100mg,0408010H0AAAAAA,5,0.01679999999999815
257,L85044,Pregabalin_Cap 100mg,0408010AEAAADAD,1,0.006000000000000172
258,L85044,Sumatriptan_Tab 50mg,0407041T0AAAFAF,9,0.0
259,L85046,Amiodarone HCl_Tab 200mg,0203020D0AAABAB,6,2.100000000000002
260,L85046,Clonazepam_Tab 500mcg,0408010F0AAABAB,2,1.9619999999999962
261,L85046,Lamotrigine_Tab 100mg,0408010H0AAAAAA,5,0.01959999999999784
262,L85046,Methocarbamol_Tab 750mg,1002020S0AAABAB,1,0.4299999999999998
263,L85046,Propranolol HCl_Tab 10mg,0204000R0AAAHAH,7,0.0
264,L85046,Sumatriptan_Tab 50mg,0407041T0AAAFAF,10,0.0
265,L85047,Clonazepam_Tab 500mcg,0408010F0AAABAB,11,4.65559999999999
266,L85047,Lamotrigine_Tab 100mg,0408010H0AAAAAA,9,0.005599999999999383
267,L85047,Methocarbamol_Tab 750mg,1002020S0AAABAB,13,5.470300000000004
268,L85047,Propranolol HCl_Tab 10mg,0204000R0AAAHAH,15,0.0
269,L85047,Sumatriptan_Tab 50mg,0407041T0AAAFAF,8,0.0
270,L85048,Amiodarone HCl_Tab 200mg,0203020D0AAABAB,3,1.4000000000000012
271,L85048,Clonazepam_Tab 500mcg,0408010F0AAABAB,8,4.542599999999991
272,L85048,Lamotrigine_Tab 100mg,0408010H0AAAAAA,8,0.005599999999999383
273,L85048,Methocarbamol_Tab 750mg,1002020S0AAABAB,16,5.448799999999999
274,L85048,Phenytoin_Sod Tab 100mg,0408010Q0AAAGAG,4,0.019599999999999396
275,L85048,Propranolol HCl_Tab 10mg,0204000R0AAAHAH,10,0.0
276,L85048,Sumatriptan_Tab 50mg,0407041T0AAAFAF,6,0.0
277,L85050,Amiodarone HCl_Tab 200mg,0203020D0AAABAB,4,1.7500000000000016
278,L85050,Clonazepam_Tab 500mcg,0408010F0AAABAB,5,2.531199999999995
279,L85050,Lamotrigine_Tab 100mg,0408010H0AAAAAA,6,0.0
280,L85050,Propranolol HCl_Tab 10mg,0204000R0AAAHAH,11,0.0
281,L85050,Sumatriptan_Tab 50mg,0407041T0AAAFAF,9,0.0
282,L85051,Amiodarone HCl_Tab 200mg,0203020D0AAABAB,2,1.4000000000000012
283,L85051,Clonazepam_Tab 500mcg,0408010F0AAABAB,4,2.847599999999994
284,L85051,Lamotrigine_Tab 100mg,0408010H0AAAAAA,4,0.005599999999999383
285,L85051,Paracet_Tab Solb 500mg,0407010H0AAAQAQ,2,-0.011999999999998678
286,L85051,Pregabalin_Cap 100mg,0408010AEAAADAD,1,0.006000000000000172
287,L85051,Propranolol HCl_Tab 10mg,0204000R0AAAHAH,13,0.0
288,L85051,Sumatriptan_Tab 50mg,0407041T0AAAFAF,10,0.0
289,L85052,Amiodarone HCl_Tab 200mg,0203020D0AAABAB,3,1.7500000000000016
290,L85052,Clonazepam_Tab 500mcg,0408010F0AAABAB,10,6.6669999999999865
291,L85052,Lamotrigine_Tab 100mg,0408010H0AAAAAA,18,0.0027999999999981373
292,L85052,Methocarbamol_Tab 750mg,1002020S0AAABAB,1,1.0319999999999996
293,L85052,Propranolol HCl_Tab 10mg,0204000R0AAAHAH,9,0.0
294,L85052,Sumatriptan_Tab 50mg,0407041T0AAAFAF,7,0.0
295,L85053,Clonazepam_Tab 500mcg,0408010F0AAABAB,5,2.847599999999994
296,L85053,Lamotrigine_Tab 100mg,0408010H0AAAAAA,10,0.01959999999999784
297,L85053,Propranolol HCl_Tab 10mg,0204000R0AAAHAH,6,0.0
298,L85053,Sumatriptan_Tab 50mg,0407041T0AAAFAF,8,0.0
299,L85054,Amiodarone HCl_Tab 200mg,0203020D0AAABAB,2,0.7000000000000006
300,L85054,Clonazepam_Tab 500mcg,0408010F0AAABAB,9,6.0359999999999925
301,L85054,Lamotrigine_Tab 100mg,0408010H0AAAAAA,12,56.28839999999999
302,L85054,Methocarbamol_Tab 750mg,1002020S0AAABAB,1,0.8599999999999997
303,L85054,Paracet_Tab Solb 500mg,0407010H0AAAQAQ,2,-0.011999999999998678
304,L85054,Phenytoin_Sod Tab 100mg,0408010Q0AAAGAG,2,19.902399999999997
305,L85054,Pregabalin_Cap 100mg,0408010AEAAADAD,2,56.9072
306,L85054,Propranolol HCl_Tab 10mg,0204000R0AAAHAH,25,112.74
307,L85054,Sumatriptan_Tab 50mg,0407041T0AAAFAF,20,16.25999999999999
308,L85055,Amiodarone HCl_Tab 200mg,0203020D0AAABAB,7,2.450000000000002
309,L85055,Clonazepam_Tab 500mcg,0408010F0AAABAB,4,1.7727999999999953
310,L85055,Lamotrigine_Tab 100mg,0408010H0AAAAAA,10,0.005599999999999383
311,L85055,Methocarbamol_Tab 750mg,1002020S0AAABAB,5,2.089600000000001
312,L85055,Pregabalin_Cap 100mg,0408010AEAAADAD,4,0.025200000000000722
313,L85055,Propranolol HCl_Tab 10mg,0204000R0AAAHAH,18,0.0
314,L85055,Sumatriptan_Tab 50mg,0407041T0AAAFAF,22,0.0
315,L85056,Amiodarone HCl_Tab 200mg,0203020D0AAABAB,6,2.100000000000002
316,L85056,Clonazepam_Tab 500mcg,0408010F0AAABAB,9,2.452099999999995
317,L85056,Lamotrigine_Tab 100mg,0408010H0AAAAAA,8,0.01679999999999815
318,L85056,Methocarbamol_Tab 750mg,1002020S0AAABAB,1,0.8599999999999997
319,L85056,Pregabalin_Cap 100mg,0408010AEAAADAD,2,0.012600000000000361
320,L85056,Propranolol HCl_Tab 10mg,0204000R0AAAHAH,4,0.0
321,L85056,Sumatriptan_Tab 50mg,0407041T0AAAFAF,14,0.0
322,L85061,Amiodarone HCl_Tab 200mg,0203020D0AAABAB,3,1.050000000000001
323,L85061,Clonazepam_Tab 500mcg,0408010F0AAABAB,2,0.7909999999999984
324,L85061,Lamotrigine_Tab 100mg,0408010H0AAAAAA,7,0.003499999999998449
325,L85061,Methocarbamol_Tab 750mg,1002020S0AAABAB,6,3.3796
326,L85061,Propranolol HCl_Tab 10mg,0204000R0AAAHAH,12,0.0
327,L85061,Sumatriptan_Tab 50mg,0407041T0AAAFAF,4,0.0
328,L85062,Amiodarone HCl_Tab 200mg,0203020D0AAABAB,3,1.050000000000001
329,L85062,Clonazepam_Tab 500mcg,0408010F0AAABAB,6,2.9843999999999937
330,L85062,Lamotrigine_Tab 100mg,0408010H0AAAAAA,5,0.008399999999999075
331,L85062,Methocarbamol_Tab 750mg,1002020S0AAABAB,2,1.4447999999999994
332,L85062,Paracet_Tab Solb 500mg,0407010H0AAAQAQ,4,-0.023999999999997357
333,L85062,Propranolol HCl_Tab 10mg,0204000R0AAAHAH,7,0.0
334,L85062,Sumatriptan_Tab 50mg,0407041T0AAAFAF,7,0.0
335,L85064,Amiodarone HCl_Tab 200mg,0203020D0AAABAB,2,0.7000000000000006
336,L85064,Clonazepam_Tab 500mcg,0408010F0AAABAB,16,4.429599999999992
337,L85064,Lamotrigine_Tab 100mg,0408010H0AAAAAA,28,0.0103999999999968
338,L85064,Methocarbamol_Tab 750mg,1002020S0AAABAB,10,3.718000000000001
339,L85064,Pregabalin_Cap 100mg,0408010AEAAADAD,3,0.01890000000000054
340,L85064,Propranolol HCl_Tab 10mg,0204000R0AAAHAH,29,-0.022600000000000814
341,L85064,Sumatriptan_Tab 50mg,0407041T0AAAFAF,14,0.0
342,L85065,Amiodarone HCl_Tab 200mg,0203020D0AAABAB,9,3.150000000000003
343,L85065,Clonazepam_Tab 500mcg,0408010F0AAABAB,7,4.067999999999992
344,L85065,Lamotrigine_Tab 100mg,0408010H0AAAAAA,5,0.005599999999999383
345,L85065,Propranolol HCl_Tab 10mg,0204000R0AAAHAH,10,0.0
346,L85065,Sumatriptan_Tab 50mg,0407041T0AAAFAF,15,0.0
347,L85066,Amiodarone HCl_Tab 200mg,0203020D0AAABAB,2,1.4000000000000012
348,L85066,Clonazepam_Tab 500mcg,0408010F0AAABAB,4,2.4211999999999954
349,L85066,Lamotrigine_Tab 100mg,0408010H0AAAAAA,7,0.0
350,L85066,Methocarbamol_Tab 750mg,1002020S0AAABAB,1,0.25200000000000056
351,L85066,Propranolol HCl_Tab 10mg,0204000R0AAAHAH,12,0.0
352,L85066,Sumatriptan_Tab 50mg,0407041T0AAAFAF,5,0.0
353,L85601,Amiodarone HCl_Tab 200mg,0203020D0AAABAB,2,0.7000000000000006
354,L85601,Clonazepam_Tab 500mcg,0408010F0AAABAB,1,1.898399999999996
355,L85601,Lamotrigine_Tab 100mg,0408010H0AAAAAA,4,0.0
356,L85601,Propranolol HCl_Tab 10mg,0204000R0AAAHAH,12,0.0
357,L85601,Sumatriptan_Tab 50mg,0407041T0AAAFAF,4,0.0
358,L85607,Lamotrigine_Tab 100mg,0408010H0AAAAAA,2,0.005599999999999383
359,L85607,Propranolol HCl_Tab 10mg,0204000R0AAAHAH,10,0.0
360,L85607,Sumatriptan_Tab 50mg,0407041T0AAAFAF,3,0.0
361,L85609,Clonazepam_Tab 500mcg,0408010F0AAABAB,3,1.2655999999999974
362,L85609,Lamotrigine_Tab 100mg,0408010H0AAAAAA,5,0.01959999999999784
363,L85609,Propranolol HCl_Tab 10mg,0204000R0AAAHAH,1,0.0
364,L85609,Sumatriptan_Tab 50mg,0407041T0AAAFAF,7,0.0
365,L85611,Amiodarone HCl_Tab 200mg,0203020D0AAABAB,1,0.3500000000000003
366,L85611,Clonazepam_Tab 500mcg,0408010F0AAABAB,1,0.6327999999999987
367,L85611,Lamotrigine_Tab 100mg,0408010H0AAAAAA,4,0.005599999999999383
368,L85611,Propranolol HCl_Tab 10mg,0204000R0AAAHAH,3,0.0
369,L85611,Sumatriptan_Tab 50mg,0407041T0AAAFAF,3,0.0
370,L85612,Amiodarone HCl_Tab 200mg,0203020D0AAABAB,2,0.7000000000000006
371,L85612,Lamotrigine_Tab 100mg,0408010H0AAAAAA,3,0.0027999999999996916
372,L85612,Paracet_Tab Solb 500mg,0407010H0AAAQAQ,2,-0.011999999999998678
373,L85612,Propranolol HCl_Tab 10mg,0204000R0AAAHAH,9,0.0
374,L85612,Sumatriptan_Tab 50mg,0407041T0AAAFAF,7,0.0
375,L85619,Clonazepam_Tab 500mcg,0408010F0AAABAB,6,3.796799999999992
376,L85619,Lamotrigine_Tab 100mg,0408010H0AAAAAA,10,0.01959999999999784
377,L85619,Methocarbamol_Tab 750mg,1002020S0AAABAB,9,1.7688000000000061
378,L85619,Propranolol HCl_Tab 10mg,0204000R0AAAHAH,19,0.0
379,L85619,Sumatriptan_Tab 50mg,0407041T0AAAFAF,16,0.0
380,L85624,Clonazepam_Tab 500mcg,0408010F0AAABAB,1,0.31639999999999935
381,L85624,Lamotrigine_Tab 100mg,0408010H0AAAAAA,4,0.005599999999999383
382,L85624,Propranolol HCl_Tab 10mg,0204000R0AAAHAH,1,0.0
383,L85624,Sumatriptan_Tab 50mg,0407041T0AAAFAF,12,0.0
384,Y01163,Clonazepam_Tab 500mcg,0408010F0AAABAB,3,1.6271999999999966
385,Y01163,Lamotrigine_Tab 100mg,0408010H0AAAAAA,3,0.008399999999999075
386,Y01163,Propranolol HCl_Tab 10mg,0204000R0AAAHAH,5,0.0
387,Y01163,Sumatriptan_Tab 50mg,0407041T0AAAFAF,7,0.0
388,Y02389,Sumatriptan_Tab 50mg,0407041T0AAAFAF,1,0.0
