,practice_code,bnf_description,bnf_code,items,excess_cost
0,F82001,Atorvastatin_Tab 10mg,0212000B0AAAAAA,2,0.004200000000000023
1,F82001,Clonazepam_Tab 500mcg,0408010F0AAABAB,11,5.695199999999989
2,F82001,Hydroxychlor Sulf_Tab 200mg,1001030C0AAAAAA,3,0.01680000000000048
3,F82001,Memantine HCl_Tab 10mg,0411000G0AAAAAA,8,-0.022399999999999864
4,F82001,Pyridox HCl_Tab 50mg,0906024N0AAAIAI,2,0.9576000000000002
5,F82003,Atorvastatin_Tab 10mg,0212000B0AAAAAA,23,0.048300000000000266
6,F82003,Clonazepam_Tab 500mcg,0408010F0AAABAB,11,3.344799999999993
7,F82003,Hydroxychlor Sulf_Tab 200mg,1001030C0AAAAAA,6,0.019600000000000173
8,F82003,Losartan Pot_Tab 100mg,0205052N0AAADAD,8,0.04480000000000012
9,F82003,Pyridox HCl_Tab 50mg,0906024N0AAAIAI,2,0.9576000000000002
10,F82003,Risperidone_Tab 6mg,040201030AAAFAF,1,29.2096
11,F82005,Atorvastatin_Tab 10mg,0212000B0AAAAAA,12,0.02730000000000015
12,F82005,Clonazepam_Tab 500mcg,0408010F0AAABAB,5,4.6183999999999905
13,F82005,Losartan Pot_Tab 100mg,0205052N0AAADAD,21,0.11760000000000032
14,F82005,Phenytoin_Sod Tab 100mg,0408010Q0AAAGAG,5,0.03149999999999653
15,F82012,Atorvastatin_Tab 10mg,0212000B0AAAAAA,56,0.11760000000000065
16,F82012,Clonazepam_Tab 500mcg,0408010F0AAABAB,4,0.31639999999999935
17,F82012,Hydroxychlor Sulf_Tab 200mg,1001030C0AAAAAA,9,-0.030799999999999328
18,F82012,Phenytoin_Sod Tab 100mg,0408010Q0AAAGAG,12,0.07559999999999167
19,F82015,Atorvastatin_Tab 10mg,0212000B0AAAAAA,36,0.07560000000000042
20,F82015,Clonazepam_Tab 500mcg,0408010F0AAABAB,1,1.2655999999999974
21,F82015,Hydroxychlor Sulf_Tab 200mg,1001030C0AAAAAA,4,0.014000000000000304
22,F82015,Memantine HCl_Tab 10mg,0411000G0AAAAAA,6,-0.0027999999999996916
23,F82015,Pyridox HCl_Tab 50mg,0906024N0AAAIAI,1,0.4788000000000001
24,F82017,Atorvastatin_Tab 10mg,0212000B0AAAAAA,43,0.09030000000000049
25,F82017,Clonazepam_Tab 500mcg,0408010F0AAABAB,7,2.056599999999996
26,F82017,Hydroxychlor Sulf_Tab 200mg,1001030C0AAAAAA,16,0.06720000000000154
27,F82017,Losartan Pot_Tab 100mg,0205052N0AAADAD,4,0.02240000000000006
28,F82017,Mesalazine_Tab E/C 800mg,0105010B0AAASAS,1,11.479999999999997
29,F82017,Risperidone_Tab 6mg,040201030AAAFAF,4,29.232
30,F82018,Atorvastatin_Tab 10mg,0212000B0AAAAAA,56,0.11760000000000065
31,F82018,Clonazepam_Tab 500mcg,0408010F0AAABAB,5,4.610399999999991
32,F82018,Dihydrocodeine Tart_Tab 30mg,0407020G0AAACAC,2,0.012000000000000344
33,F82018,Hydroxychlor Sulf_Tab 200mg,1001030C0AAAAAA,12,0.01680000000000087
34,F82018,Losartan Pot_Tab 100mg,0205052N0AAADAD,21,0.11760000000000032
35,F82018,Memantine HCl_Tab 10mg,0411000G0AAAAAA,8,0.033600000000000185
36,F82018,Pyridox HCl_Tab 50mg,0906024N0AAAIAI,7,3.351600000000001
37,F82025,Atorvastatin_Tab 10mg,0212000B0AAAAAA,12,0.02520000000000014
38,F82025,Clonazepam_Tab 500mcg,0408010F0AAABAB,6,2.734599999999994
39,F82025,Hydroxychlor Sulf_Tab 200mg,1001030C0AAAAAA,18,-0.00979999999999931
40,F82025,Losartan Pot_Tab 100mg,0205052N0AAADAD,48,0.2688000000000007
41,F82025,Memantine HCl_Tab 10mg,0411000G0AAAAAA,4,0.016800000000000093
42,F82025,Phenytoin_Sod Tab 100mg,0408010Q0AAAGAG,1,284.28
43,F82025,Pyridox HCl_Tab 50mg,0906024N0AAAIAI,1,0.4788000000000001
44,F82027,Atorvastatin_Tab 10mg,0212000B0AAAAAA,9,0.018900000000000104
45,F82027,Losartan Pot_Tab 100mg,0205052N0AAADAD,4,0.02240000000000006
46,F82027,Phenytoin_Sod Tab 100mg,0408010Q0AAAGAG,1,59.69879999999999
47,F82034,Clonazepam_Tab 500mcg,0408010F0AAABAB,1,0.31639999999999935
48,F82034,Losartan Pot_Tab 100mg,0205052N0AAADAD,4,0.02240000000000006
49,F82034,Pyridox HCl_Tab 50mg,0906024N0AAAIAI,6,2.656400000000002
50,F82038,Atorvastatin_Tab 10mg,0212000B0AAAAAA,31,0.04980000000000038
51,F82038,Clonazepam_Tab 500mcg,0408010F0AAABAB,2,3.0283999999999938
52,F82038,Hydroxychlor Sulf_Tab 200mg,1001030C0AAAAAA,9,0.03920000000000112
53,F82038,Memantine HCl_Tab 10mg,0411000G0AAAAAA,1,0.004200000000000023
54,F82038,Mesalazine_Tab E/C 800mg,0105010B0AAASAS,2,-18.432
55,F82040,Clonazepam_Tab 500mcg,0408010F0AAABAB,13,7.909999999999984
56,F82040,Dihydrocodeine Tart_Tab 30mg,0407020G0AAACAC,2,-0.0059999999999997555
57,F82040,Hydroxychlor Sulf_Tab 200mg,1001030C0AAAAAA,1,0.00560000000000016
58,F82040,Losartan Pot_Tab 100mg,0205052N0AAADAD,19,0.10640000000000027
59,F82040,Pyridox HCl_Tab 50mg,0906024N0AAAIAI,2,0.7182000000000002
60,F82042,Atorvastatin_Tab 10mg,0212000B0AAAAAA,12,0.014100000000000182
61,F82042,Clonazepam_Tab 500mcg,0408010F0AAABAB,15,4.90419999999999
62,F82042,Dihydrocodeine Tart_Tab 30mg,0407020G0AAACAC,4,0.006000000000000588
63,F82042,Hydroxychlor Sulf_Tab 200mg,1001030C0AAAAAA,18,0.03080000000000127
64,F82042,Losartan Pot_Tab 100mg,0205052N0AAADAD,17,0.09520000000000026
65,F82042,Phenytoin_Sod Tab 100mg,0408010Q0AAAGAG,8,0.03919999999999879
66,F82042,Pyridox HCl_Tab 50mg,0906024N0AAAIAI,1,0.9576000000000002
67,F82051,Atorvastatin_Tab 10mg,0212000B0AAAAAA,16,0.033600000000000185
68,F82051,Clonazepam_Tab 500mcg,0408010F0AAABAB,6,4.80249999999999
69,F82051,Hydroxychlor Sulf_Tab 200mg,1001030C0AAAAAA,3,81.0984
70,F82051,Losartan Pot_Tab 100mg,0205052N0AAADAD,12,0.06720000000000018
71,F82051,Memantine HCl_Tab 10mg,0411000G0AAAAAA,4,-0.011199999999999932
72,F82051,Risperidone_Tab 6mg,040201030AAAFAF,5,60.525000000000006
73,F82604,Atorvastatin_Tab 10mg,0212000B0AAAAAA,11,0.023100000000000127
74,F82604,Clonazepam_Tab 500mcg,0408010F0AAABAB,8,2.531199999999995
75,F82604,Hydroxychlor Sulf_Tab 200mg,1001030C0AAAAAA,6,0.030800000000000882
76,F82604,Losartan Pot_Tab 100mg,0205052N0AAADAD,8,0.04480000000000012
77,F82604,Pyridox HCl_Tab 50mg,0906024N0AAAIAI,2,1.4364000000000003
78,F82612,Atorvastatin_Tab 10mg,0212000B0AAAAAA,33,0.06930000000000039
79,F82612,Clonazepam_Tab 500mcg,0408010F0AAABAB,5,1.2655999999999974
80,F82612,Losartan Pot_Tab 100mg,0205052N0AAADAD,4,0.02240000000000006
81,F82612,Mesalazine_Tab E/C 800mg,0105010B0AAASAS,1,22.959999999999994
82,F82621,Atorvastatin_Tab 10mg,0212000B0AAAAAA,8,0.016800000000000093
83,F82621,Clonazepam_Tab 500mcg,0408010F0AAABAB,2,1.8079999999999963
84,F82621,Memantine HCl_Tab 10mg,0411000G0AAAAAA,4,-0.011199999999999932
85,F82625,Atorvastatin_Tab 10mg,0212000B0AAAAAA,10,0.01200000000000017
86,F82625,Clonazepam_Tab 500mcg,0408010F0AAABAB,1,1.1299999999999977
87,F82625,Dihydrocodeine Tart_Tab 30mg,0407020G0AAACAC,8,-0.03919999999999996
88,F82625,Hydroxychlor Sulf_Tab 200mg,1001030C0AAAAAA,3,0.01680000000000048
89,F82625,Losartan Pot_Tab 100mg,0205052N0AAADAD,14,0.0784000000000002
90,F82634,Atorvastatin_Tab 10mg,0212000B0AAAAAA,4,0.008400000000000046
91,F82634,Clonazepam_Tab 500mcg,0408010F0AAABAB,9,3.7146999999999952
92,F82634,Hydroxychlor Sulf_Tab 200mg,1001030C0AAAAAA,3,0.014000000000000401
93,F82634,Losartan Pot_Tab 100mg,0205052N0AAADAD,9,0.05040000000000013
94,F82634,Memantine HCl_Tab 10mg,0411000G0AAAAAA,4,-0.011199999999999932
95,F82642,Atorvastatin_Tab 10mg,0212000B0AAAAAA,43,0.09030000000000049
96,F82642,Clonazepam_Tab 500mcg,0408010F0AAABAB,7,4.1922999999999915
97,F82642,Dihydrocodeine Tart_Tab 30mg,0407020G0AAACAC,6,-0.017999999999999267
98,F82642,Hydroxychlor Sulf_Tab 200mg,1001030C0AAAAAA,8,-0.03359999999999941
99,F82642,Losartan Pot_Tab 100mg,0205052N0AAADAD,11,0.06160000000000016
100,F82642,Memantine HCl_Tab 10mg,0411000G0AAAAAA,4,0.016800000000000093
101,F82642,Pyridox HCl_Tab 50mg,0906024N0AAAIAI,1,0.23940000000000006
102,F82647,Atorvastatin_Tab 10mg,0212000B0AAAAAA,16,0.033600000000000185
103,F82647,Clonazepam_Tab 500mcg,0408010F0AAABAB,1,0.31639999999999935
104,F82647,Hydroxychlor Sulf_Tab 200mg,1001030C0AAAAAA,5,0.013999999999999915
105,F82647,Losartan Pot_Tab 100mg,0205052N0AAADAD,4,0.02240000000000006
106,F82647,Pyridox HCl_Tab 50mg,0906024N0AAAIAI,8,6.965600000000003
107,F82650,Atorvastatin_Tab 10mg,0212000B0AAAAAA,63,0.13230000000000072
108,F82650,Clonazepam_Tab 500mcg,0408010F0AAABAB,15,3.796799999999992
109,F82650,Dihydrocodeine Tart_Tab 30mg,0407020G0AAACAC,10,0.06300000000000035
110,F82650,Hydroxychlor Sulf_Tab 200mg,1001030C0AAAAAA,8,-0.002799999999999303
111,F82650,Pyridox HCl_Tab 50mg,0906024N0AAAIAI,2,0.4788000000000001
112,F82660,Atorvastatin_Tab 10mg,0212000B0AAAAAA,105,0.21420000000000122
113,F82660,Clonazepam_Tab 500mcg,0408010F0AAABAB,54,23.312799999999953
114,F82660,Dihydrocodeine Tart_Tab 30mg,0407020G0AAACAC,6,0.03600000000000103
115,F82660,Hydroxychlor Sulf_Tab 200mg,1001030C0AAAAAA,40,0.14600000000000318
116,F82660,Losartan Pot_Tab 100mg,0205052N0AAADAD,54,0.3024000000000008
117,F82660,Memantine HCl_Tab 10mg,0411000G0AAAAAA,12,-0.00679999999999957
118,F82660,Pyridox HCl_Tab 50mg,0906024N0AAAIAI,3,0.9576000000000002
119,F82661,Clonazepam_Tab 500mcg,0408010F0AAABAB,1,0.6327999999999987
120,F82661,Hydroxychlor Sulf_Tab 200mg,1001030C0AAAAAA,1,0.00280000000000008
121,F82676,Atorvastatin_Tab 10mg,0212000B0AAAAAA,4,0.008400000000000046
122,F82676,Clonazepam_Tab 500mcg,0408010F0AAABAB,8,6.723499999999985
123,F82676,Losartan Pot_Tab 100mg,0205052N0AAADAD,4,0.02240000000000006
124,F82676,Memantine HCl_Tab 10mg,0411000G0AAAAAA,8,-0.022399999999999864
125,F82676,Phenytoin_Sod Tab 100mg,0408010Q0AAAGAG,1,79.59839999999998
126,F82676,Pyridox HCl_Tab 50mg,0906024N0AAAIAI,1,0.23940000000000006
127,F82677,Atorvastatin_Tab 10mg,0212000B0AAAAAA,28,0.058800000000000324
128,F82677,Clonazepam_Tab 500mcg,0408010F0AAABAB,3,2.395599999999995
129,F82677,Hydroxychlor Sulf_Tab 200mg,1001030C0AAAAAA,4,3.885780586188048e-16
130,F82677,Losartan Pot_Tab 100mg,0205052N0AAADAD,16,0.08960000000000024
131,F82677,Memantine HCl_Tab 10mg,0411000G0AAAAAA,5,-0.007999999999999952
132,F82678,Clonazepam_Tab 500mcg,0408010F0AAABAB,5,2.531199999999995
133,F82678,Hydroxychlor Sulf_Tab 200mg,1001030C0AAAAAA,16,0.02520000000000111
134,F82678,Losartan Pot_Tab 100mg,0205052N0AAADAD,7,0.0392000000000001
135,F82679,Atorvastatin_Tab 10mg,0212000B0AAAAAA,39,0.9324000000000051
136,F82679,Clonazepam_Tab 500mcg,0408010F0AAABAB,2,0.949199999999998
137,F82679,Dihydrocodeine Tart_Tab 30mg,0407020G0AAACAC,2,0.012000000000000344
138,F82679,Losartan Pot_Tab 100mg,0205052N0AAADAD,12,0.06720000000000018
139,F82679,Memantine HCl_Tab 10mg,0411000G0AAAAAA,7,-0.01959999999999988
140,F82680,Atorvastatin_Tab 10mg,0212000B0AAAAAA,60,46.41000000000001
141,F82680,Clonazepam_Tab 500mcg,0408010F0AAABAB,1,0.31639999999999935
142,F82680,Dihydrocodeine Tart_Tab 30mg,0407020G0AAACAC,4,23.87400000000001
143,F82680,Hydroxychlor Sulf_Tab 200mg,1001030C0AAAAAA,5,-0.011199999999999544
144,F82680,Losartan Pot_Tab 100mg,0205052N0AAADAD,47,29.49519999999999
145,F82680,Memantine HCl_Tab 10mg,0411000G0AAAAAA,4,49.302
146,F86040,Atorvastatin_Tab 10mg,0212000B0AAAAAA,16,0.033600000000000185
147,F86040,Clonazepam_Tab 500mcg,0408010F0AAABAB,5,1.2655999999999974
148,F86040,Dihydrocodeine Tart_Tab 30mg,0407020G0AAACAC,8,0.05040000000000028
149,F86040,Losartan Pot_Tab 100mg,0205052N0AAADAD,12,0.06720000000000018
150,F86040,Memantine HCl_Tab 10mg,0411000G0AAAAAA,4,-0.011199999999999932
151,Y01280,Atorvastatin_Tab 10mg,0212000B0AAAAAA,8,0.016800000000000093
152,Y01719,Atorvastatin_Tab 10mg,0212000B0AAAAAA,16,0.037900000000000246
153,Y01719,Memantine HCl_Tab 10mg,0411000G0AAAAAA,1,0.00420000000000012
154,Y01795,Pyridox HCl_Tab 50mg,0906024N0AAAIAI,4,0.4788000000000001
155,Y02575,Atorvastatin_Tab 10mg,0212000B0AAAAAA,24,0.05040000000000028
156,Y02575,Clonazepam_Tab 500mcg,0408010F0AAABAB,10,4.113199999999992
157,Y02575,Dihydrocodeine Tart_Tab 30mg,0407020G0AAACAC,2,-0.0059999999999997555
158,Y02575,Hydroxychlor Sulf_Tab 200mg,1001030C0AAAAAA,2,0.00840000000000024
159,Y02575,Losartan Pot_Tab 100mg,0205052N0AAADAD,8,0.04480000000000012
160,Y02575,Memantine HCl_Tab 10mg,0411000G0AAAAAA,12,0.022400000000000253
161,Y02575,Pyridox HCl_Tab 50mg,0906024N0AAAIAI,1,1.4364000000000003
162,Y02583,Clonazepam_Tab 500mcg,0408010F0AAABAB,9,2.372999999999995
163,Y02583,Hydroxychlor Sulf_Tab 200mg,1001030C0AAAAAA,1,0.00280000000000008
164,Y02583,Memantine HCl_Tab 10mg,0411000G0AAAAAA,5,-0.013999999999999915
165,Y02583,Mesalazine_Tab E/C 800mg,0105010B0AAASAS,1,22.959999999999994
166,Y02583,Pyridox HCl_Tab 50mg,0906024N0AAAIAI,2,0.9576000000000002
167,Y04786,Atorvastatin_Tab 10mg,0212000B0AAAAAA,17,0.0357000000000002
168,Y04786,Clonazepam_Tab 500mcg,0408010F0AAABAB,19,4.366699999999992
169,Y04786,Dihydrocodeine Tart_Tab 30mg,0407020G0AAACAC,2,0.012000000000000344
170,Y04786,Hydroxychlor Sulf_Tab 200mg,1001030C0AAAAAA,3,0.014000000000000401
171,Y04786,Losartan Pot_Tab 100mg,0205052N0AAADAD,23,0.12880000000000033
172,Y04786,Memantine HCl_Tab 10mg,0411000G0AAAAAA,23,-0.04819999999999956
