,practice_code,bnf_description,bnf_code,items,excess_cost
0,J82001,Atorvastatin_Tab 20mg,0212000B0AAABAB,1,0.00360000000000002
1,J82001,Clopidogrel_Tab 75mg,0209000C0AAAAAA,9,17.532199999999996
2,J82001,Mesalazine_Tab E/C 400mg,0105010B0AAAAAA,1,11.978399999999999
3,J82001,Montelukast_Tab 10mg,0303020G0AAABAB,29,73.0968
4,J82001,Paracet_Tab 500mg,0407010H0AAAMAM,2,0.011999999999999927
5,J82001,Pregabalin_Cap 200mg,0408010AEAAAFAF,2,-0.00560000000000016
6,J82001,Quetiapine_Tab 25mg,0402010ABAAABAB,7,0.04479999999999934
7,J82002,Atorvastatin_Tab 20mg,0212000B0AAABAB,1,-0.0029999999999998778
8,J82002,Clopidogrel_Tab 75mg,0209000C0AAAAAA,8,0.03919999999999996
9,J82002,Paracet_Tab 500mg,0407010H0AAAMAM,36,0.04439999999999973
10,J82002,Quetiapine_Tab 25mg,0402010ABAAABAB,22,0.08979999999999974
11,J82022,Aripiprazole_Tab 10mg,0402010ADAAAAAA,7,0.03920000000000112
12,J82022,Clopidogrel_Tab 75mg,0209000C0AAAAAA,14,0.06859999999999992
13,J82022,Paracet_Tab 500mg,0407010H0AAAMAM,360,48.13680000000003
14,J82022,Pregabalin_Cap 200mg,0408010AEAAAFAF,5,56.92400000000001
15,J82022,Quetiapine_Tab 25mg,0402010ABAAABAB,10,0.04479999999999895
16,J82022,Risperidone_Tab 6mg,040201030AAAFAF,1,58.4192
17,J82024,Aripiprazole_Tab 10mg,0402010ADAAAAAA,15,174.447
18,J82024,Atorvastatin_Tab 20mg,0212000B0AAABAB,207,118.36000000000003
19,J82024,Clopidogrel_Tab 75mg,0209000C0AAAAAA,94,113.55820000000001
20,J82024,Memantine HCl_Tab 20mg,0411000G0AAADAD,2,56.9968
21,J82024,Mesalazine_Tab E/C 400mg,0105010B0AAAAAA,1,15.971199999999998
22,J82024,Montelukast_Tab 10mg,0303020G0AAABAB,53,96.7793
23,J82024,Paracet_Tab 500mg,0407010H0AAAMAM,260,55.28720000000004
24,J82024,Pregabalin_Cap 200mg,0408010AEAAAFAF,2,-1.942890293094024e-16
25,J82024,Quetiapine_Tab 25mg,0402010ABAAABAB,36,91.983
26,J82040,Aripiprazole_Tab 10mg,0402010ADAAAAAA,6,-0.007799999999999752
27,J82040,Clopidogrel_Tab 75mg,0209000C0AAAAAA,5,0.024499999999999973
28,J82040,Memantine HCl_Tab 20mg,0411000G0AAADAD,4,0.01959999999999998
29,J82040,Paracet_Tab 500mg,0407010H0AAAMAM,6,-0.0335999999999998
30,J82040,Pregabalin_Cap 200mg,0408010AEAAAFAF,1,-0.00280000000000008
31,J82040,Quetiapine_Tab 25mg,0402010ABAAABAB,5,-0.00280000000000008
32,J82062,Aripiprazole_Tab 10mg,0402010ADAAAAAA,1,0.00560000000000016
33,J82062,Clopidogrel_Tab 75mg,0209000C0AAAAAA,4,0.01959999999999998
34,J82062,Memantine HCl_Tab 20mg,0411000G0AAADAD,1,-0.002999999999999947
35,J82062,Mesalazine_Tab E/C 400mg,0105010B0AAAAAA,1,34.224
36,J82062,Paracet_Tab 500mg,0407010H0AAAMAM,16,-0.05319999999999968
37,J82062,Pregabalin_Cap 200mg,0408010AEAAAFAF,5,0.0027999999999994973
38,J82062,Quetiapine_Tab 25mg,0402010ABAAABAB,28,0.09379999999999841
39,J82076,Atorvastatin_Tab 20mg,0212000B0AAABAB,318,68.05680000000008
40,J82076,Clopidogrel_Tab 75mg,0209000C0AAAAAA,110,17.626700000000003
41,J82076,Memantine HCl_Tab 20mg,0411000G0AAADAD,1,0.003499999999999996
42,J82076,Mesalazine_Tab E/C 400mg,0105010B0AAAAAA,2,17.088
43,J82076,Montelukast_Tab 10mg,0303020G0AAABAB,22,24.393600000000003
44,J82076,Paracet_Tab 500mg,0407010H0AAAMAM,466,66.98320000000011
45,J82076,Pregabalin_Cap 200mg,0408010AEAAAFAF,1,-0.00280000000000008
46,J82076,Quetiapine_Tab 25mg,0402010ABAAABAB,30,-1.0763999999999996
47,J82080,Pregabalin_Cap 200mg,0408010AEAAAFAF,1,-0.00280000000000008
48,J82080,Quetiapine_Tab 25mg,0402010ABAAABAB,4,0.014000000000000012
49,J82081,Atorvastatin_Tab 20mg,0212000B0AAABAB,71,45.3264
50,J82081,Clopidogrel_Tab 75mg,0209000C0AAAAAA,36,0.16939999999999983
51,J82081,Memantine HCl_Tab 20mg,0411000G0AAADAD,1,0.004899999999999995
52,J82081,Paracet_Tab 500mg,0407010H0AAAMAM,226,29.288800000000016
53,J82081,Pregabalin_Cap 200mg,0408010AEAAAFAF,33,56.87720000000001
54,J82081,Quetiapine_Tab 25mg,0402010ABAAABAB,70,-0.11960000000000263
55,J82081,Risperidone_Tab 6mg,040201030AAAFAF,2,29.2096
56,J82087,Montelukast_Tab 10mg,0303020G0AAABAB,12,48.720000000000006
57,J82087,Paracet_Tab 500mg,0407010H0AAAMAM,88,44.93440000000002
58,J82087,Quetiapine_Tab 25mg,0402010ABAAABAB,7,0.026600000000000373
59,J82088,Aripiprazole_Tab 10mg,0402010ADAAAAAA,1,-0.002099999999999963
60,J82088,Clopidogrel_Tab 75mg,0209000C0AAAAAA,9,0.04409999999999995
61,J82088,Paracet_Tab 500mg,0407010H0AAAMAM,2,0.011199999999999932
62,J82088,Pregabalin_Cap 200mg,0408010AEAAAFAF,2,-0.00560000000000016
63,J82088,Quetiapine_Tab 25mg,0402010ABAAABAB,8,0.02939999999999851
64,J82092,Aripiprazole_Tab 10mg,0402010ADAAAAAA,1,0.00560000000000016
65,J82092,Mesalazine_Tab E/C 400mg,0105010B0AAAAAA,1,-12.833999999999998
66,J82092,Paracet_Tab 500mg,0407010H0AAAMAM,46,-0.07279999999999956
67,J82092,Quetiapine_Tab 25mg,0402010ABAAABAB,11,-0.00480000000000097
68,J82101,Clopidogrel_Tab 75mg,0209000C0AAAAAA,4,0.01959999999999998
69,J82101,Paracet_Tab 500mg,0407010H0AAAMAM,18,-0.10079999999999939
70,J82101,Pregabalin_Cap 200mg,0408010AEAAAFAF,1,0.002799999999999886
71,J82101,Quetiapine_Tab 25mg,0402010ABAAABAB,12,0.06299999999999986
72,J82115,Aripiprazole_Tab 10mg,0402010ADAAAAAA,4,-0.008399999999999852
73,J82115,Atorvastatin_Tab 20mg,0212000B0AAABAB,146,45.063000000000024
74,J82115,Paracet_Tab 500mg,0407010H0AAAMAM,2,-0.011199999999999932
75,J82115,Quetiapine_Tab 25mg,0402010ABAAABAB,6,0.022399999999999864
76,J82122,Aripiprazole_Tab 10mg,0402010ADAAAAAA,8,261.6971
77,J82122,Atorvastatin_Tab 20mg,0212000B0AAABAB,105,22.638000000000016
78,J82122,Clopidogrel_Tab 75mg,0209000C0AAAAAA,84,8.859900000000001
79,J82122,Memantine HCl_Tab 20mg,0411000G0AAADAD,25,191.7055
80,J82122,Paracet_Tab 500mg,0407010H0AAAMAM,360,44.744000000000014
81,J82122,Pregabalin_Cap 200mg,0408010AEAAAFAF,1,-0.00280000000000008
82,J82122,Quetiapine_Tab 25mg,0402010ABAAABAB,38,30.6986
83,J82126,Paracet_Tab 500mg,0407010H0AAAMAM,4,0.0671999999999996
84,J82126,Quetiapine_Tab 25mg,0402010ABAAABAB,3,0.014000000000000012
85,J82128,Clopidogrel_Tab 75mg,0209000C0AAAAAA,27,8.769599999999999
86,J82128,Paracet_Tab 500mg,0407010H0AAAMAM,98,2.814800000000016
87,J82128,Quetiapine_Tab 25mg,0402010ABAAABAB,4,0.018200000000000133
88,J82141,Atorvastatin_Tab 20mg,0212000B0AAABAB,1,0.0030000000000000165
89,J82141,Clopidogrel_Tab 75mg,0209000C0AAAAAA,1,0.002499999999999898
90,J82141,Paracet_Tab 500mg,0407010H0AAAMAM,20,0.051999999999999685
91,J82141,Pregabalin_Cap 200mg,0408010AEAAAFAF,1,-0.00280000000000008
92,J82141,Quetiapine_Tab 25mg,0402010ABAAABAB,37,-0.0018000000000019528
93,J82180,Clopidogrel_Tab 75mg,0209000C0AAAAAA,5,0.024499999999999973
94,J82180,Paracet_Tab 500mg,0407010H0AAAMAM,2,0.011999999999999927
95,J82180,Quetiapine_Tab 25mg,0402010ABAAABAB,1,0.014000000000000401
96,J82183,Memantine HCl_Tab 20mg,0411000G0AAADAD,5,0.024499999999999973
97,J82183,Paracet_Tab 500mg,0407010H0AAAMAM,70,-2.7311999999999834
98,J82183,Quetiapine_Tab 25mg,0402010ABAAABAB,7,-0.00840000000000024
99,J82207,Aripiprazole_Tab 10mg,0402010ADAAAAAA,1,-0.002099999999999963
100,J82207,Montelukast_Tab 10mg,0303020G0AAABAB,1,-0.011999999999999511
101,J82207,Paracet_Tab 500mg,0407010H0AAAMAM,34,-0.10479999999999937
102,J82207,Quetiapine_Tab 25mg,0402010ABAAABAB,16,-0.0056000000000009376
103,J82208,Aripiprazole_Tab 10mg,0402010ADAAAAAA,1,0.00560000000000016
104,J82208,Clopidogrel_Tab 75mg,0209000C0AAAAAA,6,0.030799999999999862
105,J82208,Mesalazine_Tab E/C 400mg,0105010B0AAAAAA,1,31.942399999999996
106,J82208,Paracet_Tab 500mg,0407010H0AAAMAM,62,31.836000000000002
107,J82208,Pregabalin_Cap 200mg,0408010AEAAAFAF,2,170.73839999999998
108,J82208,Quetiapine_Tab 25mg,0402010ABAAABAB,8,30.640400000000007
109,J82213,Mesalazine_Tab E/C 400mg,0105010B0AAAAAA,2,17.088
110,J82213,Quetiapine_Tab 25mg,0402010ABAAABAB,9,0.0573999999999997
111,J82213,Risperidone_Tab 6mg,040201030AAAFAF,1,29.2096
112,J82217,Aripiprazole_Tab 10mg,0402010ADAAAAAA,2,0.008400000000001406
113,J82217,Paracet_Tab 500mg,0407010H0AAAMAM,10,-0.05599999999999966
114,J82217,Quetiapine_Tab 25mg,0402010ABAAABAB,6,0.020999999999999824
115,J82605,Clopidogrel_Tab 75mg,0209000C0AAAAAA,1,0.004899999999999995
116,J82605,Paracet_Tab 500mg,0407010H0AAAMAM,2,0.004199999999999975
117,J82605,Quetiapine_Tab 25mg,0402010ABAAABAB,3,0.016799999999999315
118,J82622,Aripiprazole_Tab 10mg,0402010ADAAAAAA,11,0.039200000000001456
119,J82622,Clopidogrel_Tab 75mg,0209000C0AAAAAA,9,0.04409999999999995
120,J82622,Memantine HCl_Tab 20mg,0411000G0AAADAD,4,0.01959999999999998
121,J82622,Mesalazine_Tab E/C 400mg,0105010B0AAAAAA,1,47.913599999999995
122,J82622,Paracet_Tab 500mg,0407010H0AAAMAM,74,-0.18799999999999886
123,J82622,Pregabalin_Cap 200mg,0408010AEAAAFAF,6,0.005599999999999383
124,J82622,Quetiapine_Tab 25mg,0402010ABAAABAB,43,-0.010600000000000123
125,J82622,Risperidone_Tab 6mg,040201030AAAFAF,1,29.2096
126,J82663,Quetiapine_Tab 25mg,0402010ABAAABAB,1,0.005599999999999772
127,Y05074,Memantine HCl_Tab 20mg,0411000G0AAADAD,1,63.89880000000001
128,Y05074,Paracet_Tab 500mg,0407010H0AAAMAM,4,0.0007999999999999952
