,practice_code,bnf_description,bnf_code,items,excess_cost
0,M81003,Amiodarone HCl_Tab 200mg,0203020D0AAABAB,9,1.3776000000000006
1,M81003,Clonazepam_Tab 500mcg,0408010F0AAABAB,12,5.01719999999999
2,M81003,Co-Codamol_Cap 8mg/500mg,0407010F0AAABAB,2,0.3200000000000036
3,M81003,Diltiazem HCl_Tab 60mg M/R,0206020C0AAAAAA,1,0.24640000000000084
4,M81003,Pyridox HCl_Tab 50mg,0906024N0AAAIAI,1,0.4788000000000001
5,M81003,Topiramate_Tab 200mg,040801050AAACAC,4,2.307200000000001
6,M81009,Amiodarone HCl_Tab 200mg,0203020D0AAABAB,1,0.3500000000000003
7,M81009,Clonazepam_Tab 500mcg,0408010F0AAABAB,1,0.6779999999999986
8,M81012,Amiodarone HCl_Tab 200mg,0203020D0AAABAB,4,2.450000000000002
9,M81012,Clonazepam_Tab 500mcg,0408010F0AAABAB,12,4.578799999999989
10,M81012,Co-Codamol_Cap 8mg/500mg,0407010F0AAABAB,2,0.6400000000000072
11,M81012,Mesalazine_Tab E/C 800mg,0105010B0AAASAS,1,36.89999999999999
12,M81012,Pyridox HCl_Tab 50mg,0906024N0AAAIAI,1,0.9576000000000002
13,M81012,Tetrabenazine_Tab 25mg,0409030C0AAAAAA,2,4.997999999999994
14,M81012,Topiramate_Tab 200mg,040801050AAACAC,2,4.979999999999998
15,M81016,Amiodarone HCl_Tab 200mg,0203020D0AAABAB,4,1.4000000000000012
16,M81016,Clonazepam_Tab 500mcg,0408010F0AAABAB,17,4.994799999999991
17,M81016,Co-Codamol_Cap 8mg/500mg,0407010F0AAABAB,8,1.676800000000019
18,M81016,Diltiazem HCl_Tab 60mg M/R,0206020C0AAAAAA,1,0.36960000000000126
19,M81016,Mesalazine_Tab E/C 800mg,0105010B0AAASAS,3,63.13999999999998
20,M81016,Sildenafil_Tab 100mg,0704050Z0AAACAC,32,21.5424
21,M81016,Topiramate_Tab 200mg,040801050AAACAC,1,4.979999999999998
22,M81018,Amiodarone HCl_Tab 200mg,0203020D0AAABAB,4,1.4000000000000012
23,M81018,Clonazepam_Tab 500mcg,0408010F0AAABAB,3,2.3675999999999946
24,M81018,Co-Codamol_Cap 8mg/500mg,0407010F0AAABAB,6,0.9600000000000108
25,M81018,Diltiazem HCl_Tab 60mg M/R,0206020C0AAAAAA,1,0.36960000000000126
26,M81018,Pyridox HCl_Tab 50mg,0906024N0AAAIAI,1,1.4364000000000003
27,M81018,Sildenafil_Tab 100mg,0704050Z0AAACAC,1,0.0050000000000000044
28,M81024,Amiodarone HCl_Tab 200mg,0203020D0AAABAB,1,0.3500000000000003
29,M81024,Clonazepam_Tab 500mcg,0408010F0AAABAB,6,2.847599999999994
30,M81024,Tetrabenazine_Tab 25mg,0409030C0AAAAAA,1,2.998799999999996
31,M81026,Amiodarone HCl_Tab 200mg,0203020D0AAABAB,10,4.200000000000004
32,M81026,Clonazepam_Tab 500mcg,0408010F0AAABAB,61,18.79619999999996
33,M81026,Co-Codamol_Cap 8mg/500mg,0407010F0AAABAB,2,0.3200000000000036
34,M81026,Diltiazem HCl_Tab 60mg M/R,0206020C0AAAAAA,13,2.47700000000001
35,M81026,Mesalazine_Tab E/C 800mg,0105010B0AAASAS,1,17.219999999999995
36,M81026,Pyridox HCl_Tab 50mg,0906024N0AAAIAI,2,2.3940000000000006
37,M81026,Topiramate_Tab 200mg,040801050AAACAC,4,1.1536000000000004
38,M81026,Vancomycin HCl_Cap 250mg,0501070U0AAABAB,1,6.29999999999999
39,M81032,Amiodarone HCl_Tab 200mg,0203020D0AAABAB,3,2.100000000000002
40,M81032,Clonazepam_Tab 500mcg,0408010F0AAABAB,13,8.546199999999981
41,M81032,Co-Codamol_Cap 8mg/500mg,0407010F0AAABAB,14,1.587200000000018
42,M81032,Topiramate_Tab 200mg,040801050AAACAC,1,4.647999999999998
43,M81043,Amiodarone HCl_Tab 200mg,0203020D0AAABAB,3,1.050000000000001
44,M81043,Clonazepam_Tab 500mcg,0408010F0AAABAB,10,5.243199999999989
45,M81043,Co-Codamol_Cap 8mg/500mg,0407010F0AAABAB,2,0.3200000000000036
46,M81043,Mesalazine_Tab E/C 800mg,0105010B0AAASAS,2,51.65999999999998
47,M81044,Amiodarone HCl_Tab 200mg,0203020D0AAABAB,1,0.7000000000000006
48,M81044,Clonazepam_Tab 500mcg,0408010F0AAABAB,10,5.30699999999999
49,M81044,Diltiazem HCl_Tab 60mg M/R,0206020C0AAAAAA,2,0.4956000000000014
50,M81044,Pyridox HCl_Tab 50mg,0906024N0AAAIAI,2,0.9576000000000002
51,M81048,Amiodarone HCl_Tab 200mg,0203020D0AAABAB,2,0.6040000000000006
52,M81048,Clonazepam_Tab 500mcg,0408010F0AAABAB,8,5.06239999999999
53,M81048,Diltiazem HCl_Tab 60mg M/R,0206020C0AAAAAA,2,0.37240000000000095
54,M81048,Mesalazine_Tab E/C 800mg,0105010B0AAASAS,3,-1.2120000000000033
55,M81048,Topiramate_Tab 200mg,040801050AAACAC,4,5.8127999999999975
56,M81054,Amiodarone HCl_Tab 200mg,0203020D0AAABAB,6,2.100000000000002
57,M81054,Clonazepam_Tab 500mcg,0408010F0AAABAB,16,7.553399999999985
58,M81054,Co-Codamol_Cap 8mg/500mg,0407010F0AAABAB,2,0.6400000000000072
59,M81054,Diltiazem HCl_Tab 60mg M/R,0206020C0AAAAAA,3,0.6336000000000012
60,M81061,Amiodarone HCl_Tab 200mg,0203020D0AAABAB,1,0.3500000000000003
61,M81061,Clonazepam_Tab 500mcg,0408010F0AAABAB,10,4.034099999999992
62,M81061,Diltiazem HCl_Tab 60mg M/R,0206020C0AAAAAA,1,0.40500000000000036
63,M81061,Tetrabenazine_Tab 25mg,0409030C0AAAAAA,2,0.9995999999999987
64,M81066,Amiodarone HCl_Tab 200mg,0203020D0AAABAB,1,0.7000000000000006
65,M81066,Clonazepam_Tab 500mcg,0408010F0AAABAB,15,5.372499999999988
66,M81066,Co-Codamol_Cap 8mg/500mg,0407010F0AAABAB,2,0.1700000000000007
67,M81066,Pyridox HCl_Tab 50mg,0906024N0AAAIAI,4,0.4788000000000001
68,M81066,Topiramate_Tab 200mg,040801050AAACAC,4,1.1536000000000004
69,M81067,Amiodarone HCl_Tab 200mg,0203020D0AAABAB,3,1.050000000000001
70,M81067,Clonazepam_Tab 500mcg,0408010F0AAABAB,9,4.971999999999989
71,M81067,Co-Codamol_Cap 8mg/500mg,0407010F0AAABAB,2,0.3200000000000036
72,M81067,Pyridox HCl_Tab 50mg,0906024N0AAAIAI,1,0.4788000000000001
73,M81067,Sildenafil_Tab 100mg,0704050Z0AAACAC,2,0.010000000000000009
74,M81076,Amiodarone HCl_Tab 200mg,0203020D0AAABAB,2,1.050000000000001
75,M81076,Clonazepam_Tab 500mcg,0408010F0AAABAB,2,0.6327999999999987
76,M81076,Diltiazem HCl_Tab 60mg M/R,0206020C0AAAAAA,4,0.13720000000000043
77,M81076,Mesalazine_Tab E/C 800mg,0105010B0AAASAS,2,-18.432
78,M81076,Tetrabenazine_Tab 25mg,0409030C0AAAAAA,1,1.499399999999998
79,M81093,Amiodarone HCl_Tab 200mg,0203020D0AAABAB,7,1.2082000000000006
80,M81093,Clonazepam_Tab 500mcg,0408010F0AAABAB,2,0.949199999999998
81,M81600,Amiodarone HCl_Tab 200mg,0203020D0AAABAB,1,0.7000000000000006
82,M81600,Clonazepam_Tab 500mcg,0408010F0AAABAB,3,1.016999999999998
83,M81600,Diltiazem HCl_Tab 60mg M/R,0206020C0AAAAAA,1,0.24640000000000084
84,M81600,Sildenafil_Tab 100mg,0704050Z0AAACAC,1,-0.00280000000000008
85,M81604,Amiodarone HCl_Tab 200mg,0203020D0AAABAB,2,0.7000000000000006
86,M81604,Clonazepam_Tab 500mcg,0408010F0AAABAB,10,3.367399999999993
87,M81604,Co-Codamol_Cap 8mg/500mg,0407010F0AAABAB,2,0.3200000000000036
88,M81604,Pyridox HCl_Tab 50mg,0906024N0AAAIAI,1,0.4788000000000001
89,M81621,Amiodarone HCl_Tab 200mg,0203020D0AAABAB,1,0.7000000000000006
90,M81621,Clonazepam_Tab 500mcg,0408010F0AAABAB,3,0.7487999999999987
91,M81621,Topiramate_Tab 200mg,040801050AAACAC,1,2.3183999999999996
92,Y00172,Co-Codamol_Cap 8mg/500mg,0407010F0AAABAB,2,0.16640000000000188
