,practice_code,bnf_description,bnf_code,items,excess_cost
83,N81010,Mesalazine_Tab E/C 800mg,0105010B0AAASAS,2,34.43999999999999
119,N81071,Trazodone HCl_Cap 100mg,0403010X0AAABAB,12,14.750399999999999
0,N81016,Clonazepam_Tab 500mcg,0408010F0AAABAB,13,8.226399999999984
117,N81053,Ropinirole HCl_Tab 5mg,0409010H0AAADAD,1,7.744800000000005
118,N81039,Ropinirole HCl_Tab 5mg,0409010H0AAADAD,1,7.744800000000005
1,N81068,Clonazepam_Tab 500mcg,0408010F0AAABAB,12,7.593599999999984
110,N81084,Topiramate_Tab 200mg,040801050AAACAC,1,4.979999999999998
109,N81068,Topiramate_Tab 200mg,040801050AAACAC,2,4.979999999999998
84,N81016,Amiodarone HCl_Tab 200mg,0203020D0AAABAB,14,4.900000000000004
111,N81039,Topiramate_Tab 200mg,040801050AAACAC,1,4.647999999999998
2,N81016,Clonazepam_Tab 500mcg,0408010F0AAABAB,14,4.429599999999991
3,N81047,Clonazepam_Tab 500mcg,0408010F0AAABAB,13,4.113199999999992
130,N81016,Valsartan_Tab 40mg,0205052V0AAADAD,2,3.8360000000000003
9,N81053,Clonazepam_Tab 500mcg,0408010F0AAABAB,6,3.796799999999992
4,N81008,Clonazepam_Tab 500mcg,0408010F0AAABAB,6,3.796799999999992
8,N81032,Clonazepam_Tab 500mcg,0408010F0AAABAB,2,3.796799999999992
7,N81053,Clonazepam_Tab 500mcg,0408010F0AAABAB,2,3.796799999999992
6,N81047,Clonazepam_Tab 500mcg,0408010F0AAABAB,4,3.796799999999992
5,N81032,Clonazepam_Tab 500mcg,0408010F0AAABAB,3,3.796799999999992
10,N81111,Clonazepam_Tab 500mcg,0408010F0AAABAB,2,3.3263999999999974
12,N81039,Clonazepam_Tab 500mcg,0408010F0AAABAB,5,3.1639999999999935
11,N81032,Clonazepam_Tab 500mcg,0408010F0AAABAB,5,3.1639999999999935
13,N81068,Clonazepam_Tab 500mcg,0408010F0AAABAB,1,3.050999999999994
133,N81039,Tetrabenazine_Tab 25mg,0409030C0AAAAAA,1,2.998799999999996
14,N81032,Clonazepam_Tab 500mcg,0408010F0AAABAB,9,2.847599999999994
85,N81032,Amiodarone HCl_Tab 200mg,0203020D0AAABAB,4,2.8000000000000025
18,N81068,Clonazepam_Tab 500mcg,0408010F0AAABAB,8,2.531199999999995
17,N81001,Clonazepam_Tab 500mcg,0408010F0AAABAB,1,2.531199999999995
16,N81084,Clonazepam_Tab 500mcg,0408010F0AAABAB,4,2.531199999999995
15,N81084,Clonazepam_Tab 500mcg,0408010F0AAABAB,8,2.531199999999995
86,N81010,Amiodarone HCl_Tab 200mg,0203020D0AAABAB,7,2.450000000000002
114,N81044,Topiramate_Tab 200mg,040801050AAACAC,1,2.3183999999999996
113,N81039,Topiramate_Tab 200mg,040801050AAACAC,1,2.3183999999999996
112,N81032,Topiramate_Tab 200mg,040801050AAACAC,1,2.3183999999999996
115,N81032,Topiramate_Tab 200mg,040801050AAACAC,4,2.307200000000001
19,N81068,Clonazepam_Tab 500mcg,0408010F0AAABAB,1,2.2599999999999953
20,N81053,Clonazepam_Tab 500mcg,0408010F0AAABAB,7,2.2147999999999954
88,N81016,Amiodarone HCl_Tab 200mg,0203020D0AAABAB,3,2.100000000000002
87,N81084,Amiodarone HCl_Tab 200mg,0203020D0AAABAB,3,2.100000000000002
21,N81068,Clonazepam_Tab 500mcg,0408010F0AAABAB,1,2.033999999999996
22,N81084,Clonazepam_Tab 500mcg,0408010F0AAABAB,1,2.033999999999996
134,N81016,Tetrabenazine_Tab 25mg,0409030C0AAAAAA,1,1.9991999999999974
131,N81068,Valsartan_Tab 40mg,0205052V0AAADAD,1,1.9180000000000001
120,N81047,Pyridox HCl_Tab 50mg,0906024N0AAAIAI,1,1.9152000000000005
27,N81008,Clonazepam_Tab 500mcg,0408010F0AAABAB,1,1.898399999999996
28,N81043,Clonazepam_Tab 500mcg,0408010F0AAABAB,8,1.898399999999996
23,N81111,Clonazepam_Tab 500mcg,0408010F0AAABAB,3,1.898399999999996
24,N81084,Clonazepam_Tab 500mcg,0408010F0AAABAB,1,1.898399999999996
25,N81044,Clonazepam_Tab 500mcg,0408010F0AAABAB,6,1.898399999999996
26,N81001,Clonazepam_Tab 500mcg,0408010F0AAABAB,3,1.898399999999996
29,N81111,Clonazepam_Tab 500mcg,0408010F0AAABAB,6,1.898399999999996
91,N81043,Amiodarone HCl_Tab 200mg,0203020D0AAABAB,5,1.7500000000000016
90,N81047,Amiodarone HCl_Tab 200mg,0203020D0AAABAB,5,1.7500000000000016
89,N81053,Amiodarone HCl_Tab 200mg,0203020D0AAABAB,5,1.7500000000000016
32,N81071,Clonazepam_Tab 500mcg,0408010F0AAABAB,1,1.5819999999999967
30,N81008,Clonazepam_Tab 500mcg,0408010F0AAABAB,5,1.5819999999999967
31,N81047,Clonazepam_Tab 500mcg,0408010F0AAABAB,1,1.5819999999999967
136,N81008,Diltiazem HCl_Tab 60mg M/R,0206020C0AAAAAA,6,1.478400000000005
121,N81084,Pyridox HCl_Tab 50mg,0906024N0AAAIAI,1,1.4364000000000003
122,N81016,Pyridox HCl_Tab 50mg,0906024N0AAAIAI,1,1.4364000000000003
123,N81010,Pyridox HCl_Tab 50mg,0906024N0AAAIAI,1,1.4364000000000003
33,N81008,Clonazepam_Tab 500mcg,0408010F0AAABAB,9,1.423799999999997
94,N81044,Amiodarone HCl_Tab 200mg,0203020D0AAABAB,4,1.4000000000000012
92,N81039,Amiodarone HCl_Tab 200mg,0203020D0AAABAB,4,1.4000000000000012
96,N81008,Amiodarone HCl_Tab 200mg,0203020D0AAABAB,2,1.4000000000000012
93,N81001,Amiodarone HCl_Tab 200mg,0203020D0AAABAB,2,1.4000000000000012
95,N81032,Amiodarone HCl_Tab 200mg,0203020D0AAABAB,4,1.4000000000000012
34,N81032,Clonazepam_Tab 500mcg,0408010F0AAABAB,2,1.3559999999999972
36,N81010,Clonazepam_Tab 500mcg,0408010F0AAABAB,2,1.2655999999999974
38,N81044,Clonazepam_Tab 500mcg,0408010F0AAABAB,1,1.2655999999999974
35,N81001,Clonazepam_Tab 500mcg,0408010F0AAABAB,1,1.2655999999999974
37,N81047,Clonazepam_Tab 500mcg,0408010F0AAABAB,2,1.2655999999999974
116,N81068,Topiramate_Tab 200mg,040801050AAACAC,1,1.2449999999999994
39,N81016,Clonazepam_Tab 500mcg,0408010F0AAABAB,1,1.1299999999999977
40,N81047,Clonazepam_Tab 500mcg,0408010F0AAABAB,7,1.1073999999999977
98,N81068,Amiodarone HCl_Tab 200mg,0203020D0AAABAB,3,1.050000000000001
97,N81071,Amiodarone HCl_Tab 200mg,0203020D0AAABAB,3,1.050000000000001
42,N81053,Clonazepam_Tab 500mcg,0408010F0AAABAB,1,1.016999999999998
41,N81039,Clonazepam_Tab 500mcg,0408010F0AAABAB,1,1.016999999999998
135,N81068,Tetrabenazine_Tab 25mg,0409030C0AAAAAA,1,0.9995999999999987
132,N81044,Valsartan_Tab 40mg,0205052V0AAADAD,1,0.9590000000000001
124,N81044,Pyridox HCl_Tab 50mg,0906024N0AAAIAI,1,0.9576000000000002
44,N81044,Clonazepam_Tab 500mcg,0408010F0AAABAB,1,0.949199999999998
43,N81068,Clonazepam_Tab 500mcg,0408010F0AAABAB,1,0.949199999999998
53,N81614,Clonazepam_Tab 500mcg,0408010F0AAABAB,1,0.949199999999998
45,N81016,Clonazepam_Tab 500mcg,0408010F0AAABAB,1,0.949199999999998
46,N81032,Clonazepam_Tab 500mcg,0408010F0AAABAB,4,0.949199999999998
47,N81071,Clonazepam_Tab 500mcg,0408010F0AAABAB,1,0.949199999999998
48,N81039,Clonazepam_Tab 500mcg,0408010F0AAABAB,3,0.949199999999998
49,N81001,Clonazepam_Tab 500mcg,0408010F0AAABAB,1,0.949199999999998
50,N81071,Clonazepam_Tab 500mcg,0408010F0AAABAB,3,0.949199999999998
51,N81001,Clonazepam_Tab 500mcg,0408010F0AAABAB,3,0.949199999999998
52,N81642,Clonazepam_Tab 500mcg,0408010F0AAABAB,1,0.949199999999998
54,N81016,Clonazepam_Tab 500mcg,0408010F0AAABAB,5,0.7909999999999984
55,N81010,Clonazepam_Tab 500mcg,0408010F0AAABAB,5,0.7909999999999984
137,N81039,Diltiazem HCl_Tab 60mg M/R,0206020C0AAAAAA,2,0.7392000000000025
99,N81111,Amiodarone HCl_Tab 200mg,0203020D0AAABAB,2,0.7000000000000006
100,N81044,Amiodarone HCl_Tab 200mg,0203020D0AAABAB,1,0.7000000000000006
56,N81068,Clonazepam_Tab 500mcg,0408010F0AAABAB,2,0.6779999999999986
57,N81068,Clonazepam_Tab 500mcg,0408010F0AAABAB,1,0.6779999999999986
58,N81084,Clonazepam_Tab 500mcg,0408010F0AAABAB,1,0.6779999999999986
61,N81043,Clonazepam_Tab 500mcg,0408010F0AAABAB,2,0.6327999999999987
59,N81032,Clonazepam_Tab 500mcg,0408010F0AAABAB,4,0.6327999999999987
60,N81010,Clonazepam_Tab 500mcg,0408010F0AAABAB,2,0.6327999999999987
62,N81111,Clonazepam_Tab 500mcg,0408010F0AAABAB,8,0.6327999999999987
63,N81642,Clonazepam_Tab 500mcg,0408010F0AAABAB,2,0.6327999999999987
64,N81044,Clonazepam_Tab 500mcg,0408010F0AAABAB,1,0.6327999999999987
139,N81111,Diltiazem HCl_Tab 60mg M/R,0206020C0AAAAAA,1,0.5040000000000004
138,N81008,Diltiazem HCl_Tab 60mg M/R,0206020C0AAAAAA,1,0.5040000000000004
140,N81010,Diltiazem HCl_Tab 60mg M/R,0206020C0AAAAAA,2,0.4928000000000017
125,N81043,Pyridox HCl_Tab 50mg,0906024N0AAAIAI,1,0.4788000000000001
129,N81016,Pyridox HCl_Tab 50mg,0906024N0AAAIAI,1,0.4788000000000001
127,N81614,Pyridox HCl_Tab 50mg,0906024N0AAAIAI,1,0.4788000000000001
128,N81039,Pyridox HCl_Tab 50mg,0906024N0AAAIAI,1,0.4788000000000001
126,N81053,Pyridox HCl_Tab 50mg,0906024N0AAAIAI,1,0.4788000000000001
141,N81016,Diltiazem HCl_Tab 60mg M/R,0206020C0AAAAAA,5,0.4620000000000016
65,N81032,Clonazepam_Tab 500mcg,0408010F0AAABAB,1,0.45199999999999907
144,N81068,Diltiazem HCl_Tab 60mg M/R,0206020C0AAAAAA,1,0.36960000000000126
143,N81044,Diltiazem HCl_Tab 60mg M/R,0206020C0AAAAAA,1,0.36960000000000126
142,N81111,Diltiazem HCl_Tab 60mg M/R,0206020C0AAAAAA,1,0.36960000000000126
101,N81032,Amiodarone HCl_Tab 200mg,0203020D0AAABAB,2,0.35840000000000016
106,N81614,Amiodarone HCl_Tab 200mg,0203020D0AAABAB,1,0.3500000000000003
102,N81008,Amiodarone HCl_Tab 200mg,0203020D0AAABAB,1,0.3500000000000003
103,N81090,Amiodarone HCl_Tab 200mg,0203020D0AAABAB,1,0.3500000000000003
104,N81084,Amiodarone HCl_Tab 200mg,0203020D0AAABAB,1,0.3500000000000003
105,N81001,Amiodarone HCl_Tab 200mg,0203020D0AAABAB,1,0.3500000000000003
69,N81047,Clonazepam_Tab 500mcg,0408010F0AAABAB,1,0.3389999999999993
70,N81043,Clonazepam_Tab 500mcg,0408010F0AAABAB,1,0.3389999999999993
68,N81039,Clonazepam_Tab 500mcg,0408010F0AAABAB,1,0.3389999999999993
67,N81084,Clonazepam_Tab 500mcg,0408010F0AAABAB,1,0.3389999999999993
66,N81008,Clonazepam_Tab 500mcg,0408010F0AAABAB,1,0.3389999999999993
107,N81032,Amiodarone HCl_Tab 200mg,0203020D0AAABAB,4,0.3388
74,N81044,Clonazepam_Tab 500mcg,0408010F0AAABAB,2,0.31639999999999935
73,N81614,Clonazepam_Tab 500mcg,0408010F0AAABAB,1,0.31639999999999935
72,N81047,Clonazepam_Tab 500mcg,0408010F0AAABAB,4,0.31639999999999935
71,N81068,Clonazepam_Tab 500mcg,0408010F0AAABAB,2,0.31639999999999935
145,N81084,Diltiazem HCl_Tab 60mg M/R,0206020C0AAAAAA,1,0.24640000000000084
146,N81053,Diltiazem HCl_Tab 60mg M/R,0206020C0AAAAAA,1,0.24640000000000084
108,N81039,Amiodarone HCl_Tab 200mg,0203020D0AAABAB,1,0.17920000000000008
76,N81084,Clonazepam_Tab 500mcg,0408010F0AAABAB,1,0.174
75,N81068,Clonazepam_Tab 500mcg,0408010F0AAABAB,1,0.174
79,N81084,Clonazepam_Tab 500mcg,0408010F0AAABAB,1,0.15819999999999967
78,N81053,Clonazepam_Tab 500mcg,0408010F0AAABAB,1,0.15819999999999967
77,N81039,Clonazepam_Tab 500mcg,0408010F0AAABAB,1,0.15819999999999967
147,N81047,Diltiazem HCl_Tab 60mg M/R,0206020C0AAAAAA,1,0.1260000000000001
80,N81032,Clonazepam_Tab 500mcg,0408010F0AAABAB,1,0.12209999999999999
81,N81043,Clonazepam_Tab 500mcg,0408010F0AAABAB,1,0.11599999999999999
82,N81016,Clonazepam_Tab 500mcg,0408010F0AAABAB,1,0.07909999999999984
