,practice_code,bnf_description,bnf_code,items,excess_cost
17,N81066,Pregabalin_Cap 25mg,0408010AEAAAAAA,1,105.7455
0,N81054,Mesalazine_Tab E/C 400mg,0105010B0AAAAAA,1,51.33599999999999
1,N81045,Mesalazine_Tab E/C 400mg,0105010B0AAAAAA,1,47.913599999999995
2,N81037,Mesalazine_Tab E/C 400mg,0105010B0AAAAAA,1,34.224
3,N81066,Mesalazine_Tab E/C 400mg,0105010B0AAAAAA,2,31.942399999999996
4,N81119,Mesalazine_Tab E/C 400mg,0105010B0AAAAAA,1,25.667999999999996
6,N81035,Mesalazine_Tab E/C 400mg,0105010B0AAAAAA,1,23.956799999999998
7,N81096,Mesalazine_Tab E/C 400mg,0105010B0AAAAAA,1,23.956799999999998
8,N81651,Mesalazine_Tab E/C 400mg,0105010B0AAAAAA,1,23.956799999999998
9,N81072,Mesalazine_Tab E/C 400mg,0105010B0AAAAAA,1,23.956799999999998
5,N81054,Mesalazine_Tab E/C 400mg,0105010B0AAAAAA,1,23.956799999999998
10,N81035,Mesalazine_Tab E/C 400mg,0105010B0AAAAAA,1,17.099999999999998
142,N81011,Linezolid_Tab 600mg,0501070W0AAAAAA,1,16.267999999999986
11,N81054,Mesalazine_Tab E/C 400mg,0105010B0AAAAAA,1,15.971199999999998
12,N81072,Mesalazine_Tab E/C 400mg,0105010B0AAAAAA,1,11.978399999999999
149,N81651,Tamoxifen Cit_Tab 20mg,0803041S0AAABAB,4,10.212000000000002
146,N81037,Valsartan_Tab 40mg,0205052V0AAADAD,2,7.672000000000001
128,Y01663,Buprenorphine_Tab Subling 400mcg S/F,0410030A0AAACAC,5,7.6160000000000005
143,N81045,Gemfibrozil_Tab 600mg,0212000Q0AAABAB,1,7.571199999999999
110,N81045,Amiodarone HCl_Tab 200mg,0203020D0AAABAB,13,4.550000000000004
90,N81035,Pyridox HCl_Tab 50mg,0906024N0AAAIAI,1,4.309200000000001
111,N81011,Amiodarone HCl_Tab 200mg,0203020D0AAABAB,12,4.200000000000004
144,N81011,Gemfibrozil_Tab 600mg,0212000Q0AAABAB,1,4.058999999999999
91,N81019,Pyridox HCl_Tab 50mg,0906024N0AAAIAI,2,3.830400000000001
22,N81072,Clonazepam_Tab 500mcg,0408010F0AAABAB,3,3.796799999999992
129,Y01663,Buprenorphine_Tab Subling 400mcg S/F,0410030A0AAACAC,3,3.4272
23,N81019,Clonazepam_Tab 500mcg,0408010F0AAABAB,5,3.1639999999999935
130,Y01663,Buprenorphine_Tab Subling 400mcg S/F,0410030A0AAACAC,4,3.0464
92,N81035,Pyridox HCl_Tab 50mg,0906024N0AAAIAI,1,2.8728000000000007
93,N81064,Pyridox HCl_Tab 50mg,0906024N0AAAIAI,2,2.8728000000000007
27,N81064,Clonazepam_Tab 500mcg,0408010F0AAABAB,3,2.847599999999994
26,N81066,Clonazepam_Tab 500mcg,0408010F0AAABAB,3,2.847599999999994
24,N81072,Clonazepam_Tab 500mcg,0408010F0AAABAB,1,2.847599999999994
25,N81096,Clonazepam_Tab 500mcg,0408010F0AAABAB,1,2.847599999999994
112,N81064,Amiodarone HCl_Tab 200mg,0203020D0AAABAB,8,2.8000000000000025
28,N81096,Clonazepam_Tab 500mcg,0408010F0AAABAB,8,2.531199999999995
32,N81019,Clonazepam_Tab 500mcg,0408010F0AAABAB,1,2.531199999999995
31,N81037,Clonazepam_Tab 500mcg,0408010F0AAABAB,4,2.531199999999995
30,N81066,Clonazepam_Tab 500mcg,0408010F0AAABAB,4,2.531199999999995
29,N81057,Clonazepam_Tab 500mcg,0408010F0AAABAB,4,2.531199999999995
113,N81019,Amiodarone HCl_Tab 200mg,0203020D0AAABAB,7,2.450000000000002
94,N81066,Pyridox HCl_Tab 50mg,0906024N0AAAIAI,1,2.1546000000000003
114,N81066,Amiodarone HCl_Tab 200mg,0203020D0AAABAB,6,2.100000000000002
33,N81019,Clonazepam_Tab 500mcg,0408010F0AAABAB,5,1.977499999999996
147,N81066,Valsartan_Tab 40mg,0205052V0AAADAD,1,1.9180000000000001
95,N81045,Pyridox HCl_Tab 50mg,0906024N0AAAIAI,2,1.9152000000000005
132,N81019,Buprenorphine_Tab Subling 400mcg S/F,0410030A0AAACAC,1,1.9040000000000001
131,Y01663,Buprenorphine_Tab Subling 400mcg S/F,0410030A0AAACAC,1,1.9040000000000001
38,N81011,Clonazepam_Tab 500mcg,0408010F0AAABAB,1,1.898399999999996
36,N81072,Clonazepam_Tab 500mcg,0408010F0AAABAB,2,1.898399999999996
41,N81054,Clonazepam_Tab 500mcg,0408010F0AAABAB,3,1.898399999999996
40,N81054,Clonazepam_Tab 500mcg,0408010F0AAABAB,2,1.898399999999996
39,N81119,Clonazepam_Tab 500mcg,0408010F0AAABAB,1,1.898399999999996
37,N81045,Clonazepam_Tab 500mcg,0408010F0AAABAB,1,1.898399999999996
42,N81096,Clonazepam_Tab 500mcg,0408010F0AAABAB,3,1.898399999999996
35,N81054,Clonazepam_Tab 500mcg,0408010F0AAABAB,6,1.898399999999996
34,N81064,Clonazepam_Tab 500mcg,0408010F0AAABAB,3,1.898399999999996
99,N81019,Pyridox HCl_Tab 50mg,0906024N0AAAIAI,1,1.4364000000000003
97,N81054,Pyridox HCl_Tab 50mg,0906024N0AAAIAI,1,1.4364000000000003
96,N81619,Pyridox HCl_Tab 50mg,0906024N0AAAIAI,1,1.4364000000000003
98,N81096,Pyridox HCl_Tab 50mg,0906024N0AAAIAI,1,1.4364000000000003
115,N81054,Amiodarone HCl_Tab 200mg,0203020D0AAABAB,4,1.4000000000000012
116,N81035,Amiodarone HCl_Tab 200mg,0203020D0AAABAB,2,1.4000000000000012
43,N81045,Clonazepam_Tab 500mcg,0408010F0AAABAB,2,1.3559999999999972
133,N81019,Buprenorphine_Tab Subling 400mcg S/F,0410030A0AAACAC,1,1.3328000000000002
134,Y01663,Buprenorphine_Tab Subling 400mcg S/F,0410030A0AAACAC,1,1.3328000000000002
44,N81651,Clonazepam_Tab 500mcg,0408010F0AAABAB,2,1.2655999999999974
49,N81072,Clonazepam_Tab 500mcg,0408010F0AAABAB,4,1.2655999999999974
46,N81019,Clonazepam_Tab 500mcg,0408010F0AAABAB,1,1.2655999999999974
48,N81054,Clonazepam_Tab 500mcg,0408010F0AAABAB,1,1.2655999999999974
45,N81019,Clonazepam_Tab 500mcg,0408010F0AAABAB,4,1.2655999999999974
50,N81066,Clonazepam_Tab 500mcg,0408010F0AAABAB,1,1.2655999999999974
47,N81011,Clonazepam_Tab 500mcg,0408010F0AAABAB,2,1.2655999999999974
51,N81096,Clonazepam_Tab 500mcg,0408010F0AAABAB,1,1.2655999999999974
119,N81096,Amiodarone HCl_Tab 200mg,0203020D0AAABAB,3,1.050000000000001
118,N81066,Amiodarone HCl_Tab 200mg,0203020D0AAABAB,1,1.050000000000001
117,N81057,Amiodarone HCl_Tab 200mg,0203020D0AAABAB,3,1.050000000000001
52,N81011,Clonazepam_Tab 500mcg,0408010F0AAABAB,1,1.016999999999998
148,N81011,Valsartan_Tab 40mg,0205052V0AAADAD,1,0.9590000000000001
101,N81066,Pyridox HCl_Tab 50mg,0906024N0AAAIAI,1,0.9576000000000002
100,N81045,Pyridox HCl_Tab 50mg,0906024N0AAAIAI,2,0.9576000000000002
104,N81035,Pyridox HCl_Tab 50mg,0906024N0AAAIAI,1,0.9576000000000002
105,N81011,Pyridox HCl_Tab 50mg,0906024N0AAAIAI,1,0.9576000000000002
102,N81019,Pyridox HCl_Tab 50mg,0906024N0AAAIAI,4,0.9576000000000002
103,N81019,Pyridox HCl_Tab 50mg,0906024N0AAAIAI,2,0.9576000000000002
53,N81057,Clonazepam_Tab 500mcg,0408010F0AAABAB,1,0.949199999999998
57,N81096,Clonazepam_Tab 500mcg,0408010F0AAABAB,4,0.949199999999998
58,N81011,Clonazepam_Tab 500mcg,0408010F0AAABAB,2,0.949199999999998
59,N81019,Clonazepam_Tab 500mcg,0408010F0AAABAB,1,0.949199999999998
54,N81037,Clonazepam_Tab 500mcg,0408010F0AAABAB,1,0.949199999999998
56,N81011,Clonazepam_Tab 500mcg,0408010F0AAABAB,1,0.949199999999998
55,N81045,Clonazepam_Tab 500mcg,0408010F0AAABAB,1,0.949199999999998
60,N81019,Clonazepam_Tab 500mcg,0408010F0AAABAB,1,0.9378999999999981
135,N81019,Buprenorphine_Tab Subling 400mcg S/F,0410030A0AAACAC,1,0.8943000000000004
61,N81619,Clonazepam_Tab 500mcg,0408010F0AAABAB,1,0.7683999999999984
121,N81045,Amiodarone HCl_Tab 200mg,0203020D0AAABAB,1,0.7000000000000006
122,N81035,Amiodarone HCl_Tab 200mg,0203020D0AAABAB,2,0.7000000000000006
120,N81037,Amiodarone HCl_Tab 200mg,0203020D0AAABAB,1,0.7000000000000006
124,N81119,Amiodarone HCl_Tab 200mg,0203020D0AAABAB,1,0.7000000000000006
123,N81651,Amiodarone HCl_Tab 200mg,0203020D0AAABAB,2,0.7000000000000006
63,N81057,Clonazepam_Tab 500mcg,0408010F0AAABAB,1,0.6779999999999986
62,N81054,Clonazepam_Tab 500mcg,0408010F0AAABAB,1,0.6779999999999986
71,N81619,Clonazepam_Tab 500mcg,0408010F0AAABAB,1,0.6327999999999987
72,N81011,Clonazepam_Tab 500mcg,0408010F0AAABAB,2,0.6327999999999987
67,N81019,Clonazepam_Tab 500mcg,0408010F0AAABAB,4,0.6327999999999987
64,N81011,Clonazepam_Tab 500mcg,0408010F0AAABAB,4,0.6327999999999987
70,N81072,Clonazepam_Tab 500mcg,0408010F0AAABAB,1,0.6327999999999987
69,N81035,Clonazepam_Tab 500mcg,0408010F0AAABAB,1,0.6327999999999987
68,N81045,Clonazepam_Tab 500mcg,0408010F0AAABAB,1,0.6327999999999987
66,N81119,Clonazepam_Tab 500mcg,0408010F0AAABAB,1,0.6327999999999987
65,N81045,Clonazepam_Tab 500mcg,0408010F0AAABAB,2,0.6327999999999987
136,Y01663,Buprenorphine_Tab Subling 400mcg S/F,0410030A0AAACAC,1,0.5984
137,Y01663,Buprenorphine_Tab Subling 400mcg S/F,0410030A0AAACAC,1,0.5712
73,N81019,Clonazepam_Tab 500mcg,0408010F0AAABAB,1,0.5699999999999983
138,Y01663,Buprenorphine_Tab Subling 400mcg S/F,0410030A0AAACAC,1,0.5129999999999999
108,N81037,Pyridox HCl_Tab 50mg,0906024N0AAAIAI,1,0.4788000000000001
109,N81011,Pyridox HCl_Tab 50mg,0906024N0AAAIAI,1,0.4788000000000001
106,N81066,Pyridox HCl_Tab 50mg,0906024N0AAAIAI,1,0.4788000000000001
107,N81119,Pyridox HCl_Tab 50mg,0906024N0AAAIAI,1,0.4788000000000001
74,N81019,Clonazepam_Tab 500mcg,0408010F0AAABAB,1,0.474599999999999
139,Y01663,Buprenorphine_Tab Subling 400mcg S/F,0410030A0AAACAC,1,0.3808
125,N81119,Amiodarone HCl_Tab 200mg,0203020D0AAABAB,1,0.3500000000000003
126,N81072,Amiodarone HCl_Tab 200mg,0203020D0AAABAB,1,0.3500000000000003
77,N81057,Clonazepam_Tab 500mcg,0408010F0AAABAB,1,0.3389999999999993
76,N81019,Clonazepam_Tab 500mcg,0408010F0AAABAB,1,0.3389999999999993
75,N81619,Clonazepam_Tab 500mcg,0408010F0AAABAB,1,0.3389999999999993
127,N81072,Amiodarone HCl_Tab 200mg,0203020D0AAABAB,4,0.3388
78,N81066,Clonazepam_Tab 500mcg,0408010F0AAABAB,1,0.31639999999999935
79,N81035,Clonazepam_Tab 500mcg,0408010F0AAABAB,1,0.31639999999999935
80,N81651,Clonazepam_Tab 500mcg,0408010F0AAABAB,1,0.31639999999999935
81,N81057,Clonazepam_Tab 500mcg,0408010F0AAABAB,1,0.31639999999999935
82,N81037,Clonazepam_Tab 500mcg,0408010F0AAABAB,1,0.31639999999999935
83,N81045,Clonazepam_Tab 500mcg,0408010F0AAABAB,3,0.2372999999999995
84,N81037,Clonazepam_Tab 500mcg,0408010F0AAABAB,3,0.2372999999999995
85,N81054,Clonazepam_Tab 500mcg,0408010F0AAABAB,1,0.1791999999999998
86,N81066,Clonazepam_Tab 500mcg,0408010F0AAABAB,1,0.15819999999999967
87,N81019,Clonazepam_Tab 500mcg,0408010F0AAABAB,1,0.10079999999999989
88,N81037,Clonazepam_Tab 500mcg,0408010F0AAABAB,1,0.09439999999999982
89,N81019,Clonazepam_Tab 500mcg,0408010F0AAABAB,1,0.04239999999999999
18,N81066,Pregabalin_Cap 25mg,0408010AEAAAAAA,5,0.02099999999999963
19,N81064,Pregabalin_Cap 25mg,0408010AEAAAAAA,4,0.016799999999999704
20,N81037,Pregabalin_Cap 25mg,0408010AEAAAAAA,4,0.008399999999999852
150,N81054,Tamoxifen Cit_Tab 20mg,0803041S0AAABAB,4,0.005599999999999772
151,N81011,Tamoxifen Cit_Tab 20mg,0803041S0AAABAB,1,0.004199999999999829
145,N81011,Gemfibrozil_Tab 600mg,0212000Q0AAABAB,1,0.0029999999999996696
152,N81011,Tamoxifen Cit_Tab 20mg,0803041S0AAABAB,1,-0.0008000000000000229
140,N81019,Buprenorphine_Tab Subling 400mcg S/F,0410030A0AAACAC,1,-0.0032999999999996366
141,Y01663,Buprenorphine_Tab Subling 400mcg S/F,0410030A0AAACAC,1,-0.003800000000000109
153,N81054,Tamoxifen Cit_Tab 20mg,0803041S0AAABAB,1,-0.00560000000000016
156,N81057,Tamoxifen Cit_Tab 20mg,0803041S0AAABAB,1,-0.00840000000000024
155,N81054,Tamoxifen Cit_Tab 20mg,0803041S0AAABAB,1,-0.00840000000000024
154,N81045,Tamoxifen Cit_Tab 20mg,0803041S0AAABAB,1,-0.00840000000000024
157,N81096,Tamoxifen Cit_Tab 20mg,0803041S0AAABAB,2,-0.01120000000000032
13,N81035,Mesalazine_Tab E/C 400mg,0105010B0AAAAAA,1,-0.011999999999998678
158,N81045,Tamoxifen Cit_Tab 20mg,0803041S0AAABAB,3,-0.01680000000000048
159,N81096,Tamoxifen Cit_Tab 20mg,0803041S0AAABAB,2,-0.01680000000000048
160,N81066,Tamoxifen Cit_Tab 20mg,0803041S0AAABAB,3,-0.01680000000000048
161,N81011,Tamoxifen Cit_Tab 20mg,0803041S0AAABAB,3,-0.01680000000000048
162,N81019,Tamoxifen Cit_Tab 20mg,0803041S0AAABAB,2,-0.01680000000000048
21,N81057,Pregabalin_Cap 25mg,0408010AEAAAAAA,1,-0.01890000000000054
163,N81019,Tamoxifen Cit_Tab 20mg,0803041S0AAABAB,4,-0.02240000000000064
164,N81064,Tamoxifen Cit_Tab 20mg,0803041S0AAABAB,4,-0.02240000000000064
165,N81057,Tamoxifen Cit_Tab 20mg,0803041S0AAABAB,6,-0.03360000000000096
14,N81057,Mesalazine_Tab E/C 400mg,0105010B0AAAAAA,1,-23.956799999999998
15,N81066,Mesalazine_Tab E/C 400mg,0105010B0AAAAAA,1,-23.956799999999998
16,N81054,Mesalazine_Tab E/C 400mg,0105010B0AAAAAA,1,-38.501999999999995
