,practice_code,bnf_description,bnf_code,items,excess_cost
0,B87041,Atorvastatin_Tab 20mg,0212000B0AAABAB,82,360.4720000000001
242,B87604,Olanzapine_Tab 20mg,040201060AAAQAQ,2,275.16159999999996
1,B87012,Atorvastatin_Tab 20mg,0212000B0AAABAB,51,270.4632
34,B87026,Memantine HCl_Tab 20mg,0411000G0AAADAD,15,255.61200000000002
35,B87002,Memantine HCl_Tab 20mg,0411000G0AAADAD,7,191.68800000000002
2,B87002,Atorvastatin_Tab 20mg,0212000B0AAABAB,121,182.95200000000003
3,B87030,Atorvastatin_Tab 20mg,0212000B0AAABAB,889,181.71160000000003
4,B87013,Atorvastatin_Tab 20mg,0212000B0AAABAB,206,181.11520000000007
292,B87005,Risperidone_Tab 6mg,040201030AAAFAF,3,175.2576
91,B87002,Atorvastatin_Tab 10mg,0212000B0AAAAAA,51,140.8008
5,B87002,Atorvastatin_Tab 20mg,0212000B0AAABAB,40,135.296
64,B87030,Atorvastatin_Tab 40mg,0212000B0AAACAC,707,134.61280000000002
36,B87030,Memantine HCl_Tab 20mg,0411000G0AAADAD,20,127.862
37,B87008,Memantine HCl_Tab 20mg,0411000G0AAADAD,19,127.7864
39,B87006,Memantine HCl_Tab 20mg,0411000G0AAADAD,21,127.77240000000002
38,B87017,Memantine HCl_Tab 20mg,0411000G0AAADAD,21,127.77240000000002
65,B87040,Atorvastatin_Tab 40mg,0212000B0AAACAC,65,90.27199999999998
6,B87042,Atorvastatin_Tab 20mg,0212000B0AAABAB,1,90.12639999999999
66,B87004,Atorvastatin_Tab 40mg,0212000B0AAACAC,19,89.0568
323,B87017,Ferr Sulf_Tab 200mg,0901011P0AAACAC,17,84.5376
7,B87009,Atorvastatin_Tab 20mg,0212000B0AAABAB,115,67.62000000000002
67,B87041,Atorvastatin_Tab 40mg,0212000B0AAACAC,63,66.8556
40,B87030,Memantine HCl_Tab 20mg,0411000G0AAADAD,30,63.924
41,B87039,Memantine HCl_Tab 20mg,0411000G0AAADAD,24,63.90720000000001
42,B87013,Memantine HCl_Tab 20mg,0411000G0AAADAD,18,63.907199999999996
43,B87015,Memantine HCl_Tab 20mg,0411000G0AAADAD,4,63.89880000000001
44,B87040,Memantine HCl_Tab 20mg,0411000G0AAADAD,10,63.895999999999994
264,B87002,Losartan Pot_Tab 100mg,0205052N0AAADAD,34,59.02399999999999
45,B87028,Memantine HCl_Tab 20mg,0411000G0AAADAD,9,57.002399999999994
265,B87013,Losartan Pot_Tab 100mg,0205052N0AAADAD,79,55.74239999999997
92,B87026,Atorvastatin_Tab 10mg,0212000B0AAAAAA,139,46.314800000000005
8,B87006,Atorvastatin_Tab 20mg,0212000B0AAABAB,514,46.05440000000002
9,B87012,Atorvastatin_Tab 20mg,0212000B0AAABAB,142,45.3264
10,B87028,Atorvastatin_Tab 20mg,0212000B0AAABAB,237,45.1248
11,B87039,Atorvastatin_Tab 20mg,0212000B0AAABAB,259,44.96240000000003
68,B87011,Atorvastatin_Tab 40mg,0212000B0AAACAC,85,44.74399999999999
69,B87027,Atorvastatin_Tab 40mg,0212000B0AAACAC,96,44.62080000000001
70,B87019,Atorvastatin_Tab 40mg,0212000B0AAACAC,46,44.564800000000005
71,B87040,Atorvastatin_Tab 40mg,0212000B0AAACAC,56,44.531200000000005
72,B87039,Atorvastatin_Tab 40mg,0212000B0AAACAC,47,44.480799999999995
266,B87003,Losartan Pot_Tab 100mg,0205052N0AAADAD,136,44.172800000000024
324,B87026,Ferr Sulf_Tab 200mg,0901011P0AAACAC,25,42.41999999999999
296,B87028,Lercanidipine HCl_Tab 20mg,0206020L0AAABAB,58,38.0016
267,B87041,Losartan Pot_Tab 100mg,0205052N0AAADAD,33,29.475600000000004
293,B87002,Risperidone_Tab 6mg,040201030AAAFAF,4,29.232
295,B87012,Risperidone_Tab 6mg,040201030AAAFAF,2,29.2096
294,B87017,Risperidone_Tab 6mg,040201030AAAFAF,1,29.2096
297,B87030,Lercanidipine HCl_Tab 20mg,0206020L0AAABAB,471,26.376000000000023
299,B87002,Lercanidipine HCl_Tab 20mg,0206020L0AAABAB,18,25.250400000000003
298,B87004,Lercanidipine HCl_Tab 20mg,0206020L0AAABAB,9,25.250400000000003
300,B87020,Lercanidipine HCl_Tab 20mg,0206020L0AAABAB,28,25.244800000000005
301,B87012,Lercanidipine HCl_Tab 20mg,0206020L0AAABAB,7,25.244799999999994
302,B87005,Lercanidipine HCl_Tab 20mg,0206020L0AAABAB,42,25.16639999999997
325,B87017,Ferr Sulf_Tab 200mg,0901011P0AAACAC,6,25.14
139,B87003,Paracet_Tab 500mg,0407010H0AAAMAM,15,24.6
138,B87003,Paracet_Tab 500mg,0407010H0AAAMAM,15,24.6
93,B87009,Atorvastatin_Tab 10mg,0212000B0AAAAAA,27,23.284800000000008
94,B87012,Atorvastatin_Tab 10mg,0212000B0AAAAAA,5,23.268
95,B87012,Atorvastatin_Tab 10mg,0212000B0AAAAAA,20,23.240000000000002
96,B87009,Atorvastatin_Tab 10mg,0212000B0AAAAAA,49,23.186799999999998
97,B87027,Atorvastatin_Tab 10mg,0212000B0AAAAAA,47,23.161600000000007
98,B87006,Atorvastatin_Tab 10mg,0212000B0AAAAAA,265,23.002000000000017
99,B87020,Atorvastatin_Tab 10mg,0212000B0AAAAAA,76,22.98240000000001
12,B87003,Atorvastatin_Tab 20mg,0212000B0AAABAB,256,22.93760000000001
13,B87001,Atorvastatin_Tab 20mg,0212000B0AAABAB,264,22.91520000000004
14,B87005,Atorvastatin_Tab 20mg,0212000B0AAABAB,197,22.615599999999997
15,B87036,Atorvastatin_Tab 20mg,0212000B0AAABAB,144,22.579200000000032
16,B87022,Atorvastatin_Tab 20mg,0212000B0AAABAB,130,22.568000000000016
17,B87017,Atorvastatin_Tab 20mg,0212000B0AAABAB,268,22.51200000000002
18,B87026,Atorvastatin_Tab 20mg,0212000B0AAABAB,617,22.458800000000043
73,B87004,Atorvastatin_Tab 40mg,0212000B0AAACAC,138,22.411199999999997
74,B87005,Atorvastatin_Tab 40mg,0212000B0AAACAC,85,22.371999999999996
75,B87002,Atorvastatin_Tab 40mg,0212000B0AAACAC,41,22.2712
140,B87039,Paracet_Tab 500mg,0407010H0AAAMAM,8,21.6832
141,B87039,Paracet_Tab 500mg,0407010H0AAAMAM,8,21.6832
326,B87028,Ferr Sulf_Tab 200mg,0901011P0AAACAC,22,21.251999999999992
327,B87039,Ferr Sulf_Tab 200mg,0901011P0AAACAC,16,21.235199999999992
328,B87005,Ferr Sulf_Tab 200mg,0901011P0AAACAC,4,21.134399999999996
143,B87030,Paracet_Tab 500mg,0407010H0AAAMAM,26,17.160000000000004
142,B87030,Paracet_Tab 500mg,0407010H0AAAMAM,26,17.160000000000004
144,B87021,Paracet_Tab 500mg,0407010H0AAAMAM,10,15.100000000000001
145,B87021,Paracet_Tab 500mg,0407010H0AAAMAM,10,15.100000000000001
268,B87028,Losartan Pot_Tab 100mg,0205052N0AAADAD,75,14.910000000000004
269,B87007,Losartan Pot_Tab 100mg,0205052N0AAADAD,95,14.896000000000003
270,B87039,Losartan Pot_Tab 100mg,0205052N0AAADAD,60,14.784000000000004
271,B87001,Losartan Pot_Tab 100mg,0205052N0AAADAD,91,14.7784
272,B87600,Losartan Pot_Tab 100mg,0205052N0AAADAD,45,14.741999999999994
329,B87013,Ferr Sulf_Tab 200mg,0901011P0AAACAC,4,14.089599999999997
303,B87006,Lercanidipine HCl_Tab 20mg,0206020L0AAABAB,36,12.80159999999999
304,B87026,Lercanidipine HCl_Tab 20mg,0206020L0AAABAB,93,12.759599999999969
305,B87002,Lercanidipine HCl_Tab 20mg,0206020L0AAABAB,69,12.75119999999999
306,B87011,Lercanidipine HCl_Tab 20mg,0206020L0AAABAB,39,12.6672
307,B87041,Lercanidipine HCl_Tab 20mg,0206020L0AAABAB,22,12.627999999999995
100,B87602,Atorvastatin_Tab 10mg,0212000B0AAAAAA,15,11.634
101,B87002,Atorvastatin_Tab 10mg,0212000B0AAAAAA,10,11.620000000000001
102,B87022,Atorvastatin_Tab 10mg,0212000B0AAAAAA,53,11.575200000000002
103,B87028,Atorvastatin_Tab 10mg,0212000B0AAAAAA,40,11.536000000000005
104,B87001,Atorvastatin_Tab 10mg,0212000B0AAAAAA,120,11.424000000000001
105,B87030,Atorvastatin_Tab 10mg,0212000B0AAAAAA,214,11.384800000000014
147,B87003,Paracet_Tab 500mg,0407010H0AAAMAM,1,11.267199999999999
146,B87003,Paracet_Tab 500mg,0407010H0AAAMAM,1,11.267199999999999
149,B87017,Paracet_Tab 500mg,0407010H0AAAMAM,6,10.620000000000003
148,B87017,Paracet_Tab 500mg,0407010H0AAAMAM,6,10.620000000000003
150,B87021,Paracet_Tab 500mg,0407010H0AAAMAM,4,10.08
151,B87003,Paracet_Tab 500mg,0407010H0AAAMAM,4,10.08
152,B87021,Paracet_Tab 500mg,0407010H0AAAMAM,4,10.08
153,B87003,Paracet_Tab 500mg,0407010H0AAAMAM,4,10.08
154,B87018,Paracet_Tab 500mg,0407010H0AAAMAM,2,10.059999999999999
155,B87026,Paracet_Tab 500mg,0407010H0AAAMAM,1,10.059999999999999
156,B87026,Paracet_Tab 500mg,0407010H0AAAMAM,1,10.059999999999999
157,B87018,Paracet_Tab 500mg,0407010H0AAAMAM,2,10.059999999999999
158,B87006,Paracet_Tab 500mg,0407010H0AAAMAM,3,9.878400000000001
159,B87006,Paracet_Tab 500mg,0407010H0AAAMAM,3,9.878400000000001
160,B87041,Paracet_Tab 500mg,0407010H0AAAMAM,6,8.88
161,B87041,Paracet_Tab 500mg,0407010H0AAAMAM,6,8.88
162,B87031,Paracet_Tab 500mg,0407010H0AAAMAM,1,8.4672
163,B87031,Paracet_Tab 500mg,0407010H0AAAMAM,1,8.4672
330,B87030,Ferr Sulf_Tab 200mg,0901011P0AAACAC,7,7.055999999999999
331,B87002,Ferr Sulf_Tab 200mg,0901011P0AAACAC,3,7.0476
332,B87001,Ferr Sulf_Tab 200mg,0901011P0AAACAC,6,7.0392
164,B87030,Paracet_Tab 500mg,0407010H0AAAMAM,3,6.652799999999999
165,B87030,Paracet_Tab 500mg,0407010H0AAAMAM,3,6.652799999999999
308,B87036,Lercanidipine HCl_Tab 20mg,0206020L0AAABAB,30,6.4679999999999875
333,B87002,Ferr Sulf_Tab 200mg,0901011P0AAACAC,11,5.8212
167,B87006,Paracet_Tab 500mg,0407010H0AAAMAM,6,5.040000000000001
166,B87006,Paracet_Tab 500mg,0407010H0AAAMAM,6,5.040000000000001
168,B87007,Paracet_Tab 500mg,0407010H0AAAMAM,3,5.04
169,B87007,Paracet_Tab 500mg,0407010H0AAAMAM,3,5.04
170,B87039,Paracet_Tab 500mg,0407010H0AAAMAM,4,3.3376
171,B87039,Paracet_Tab 500mg,0407010H0AAAMAM,4,3.3376
172,B87039,Paracet_Tab 500mg,0407010H0AAAMAM,5,3.2000000000000015
173,B87039,Paracet_Tab 500mg,0407010H0AAAMAM,5,3.2000000000000015
76,B87018,Atorvastatin_Tab 40mg,0212000B0AAACAC,30,3.023999999999999
174,B87041,Paracet_Tab 500mg,0407010H0AAAMAM,4,2.9600000000000017
175,B87041,Paracet_Tab 500mg,0407010H0AAAMAM,4,2.9600000000000017
176,B87030,Paracet_Tab 500mg,0407010H0AAAMAM,5,1.7000000000000002
177,B87030,Paracet_Tab 500mg,0407010H0AAAMAM,5,1.7000000000000002
77,B87039,Atorvastatin_Tab 40mg,0212000B0AAACAC,104,1.164799999999993
273,B87030,Losartan Pot_Tab 100mg,0205052N0AAADAD,309,0.8652000000000248
78,B87017,Atorvastatin_Tab 40mg,0212000B0AAACAC,110,0.6159999999999963
178,B87004,Paracet_Tab 500mg,0407010H0AAAMAM,2,0.58
179,B87004,Paracet_Tab 500mg,0407010H0AAAMAM,2,0.58
79,B87026,Atorvastatin_Tab 40mg,0212000B0AAACAC,207,0.5796000000000165
274,B87036,Losartan Pot_Tab 100mg,0205052N0AAADAD,6,0.5712
181,B87026,Paracet_Tab 500mg,0407010H0AAAMAM,5,0.5500000000000002
180,B87026,Paracet_Tab 500mg,0407010H0AAAMAM,5,0.5500000000000002
309,B87011,Lercanidipine HCl_Tab 20mg,0206020L0AAABAB,80,0.44800000000001283
310,B87030,Lercanidipine HCl_Tab 20mg,0206020L0AAABAB,88,0.43119999999999525
275,B87030,Losartan Pot_Tab 100mg,0205052N0AAADAD,68,0.380800000000001
311,B87012,Lercanidipine HCl_Tab 20mg,0206020L0AAABAB,21,0.23519999999999858
106,B87017,Atorvastatin_Tab 10mg,0212000B0AAAAAA,82,0.2295999999999986
182,B87013,Paracet_Tab 500mg,0407010H0AAAMAM,20,0.1999999999999988
183,B87013,Paracet_Tab 500mg,0407010H0AAAMAM,20,0.1999999999999988
312,B87015,Lercanidipine HCl_Tab 20mg,0206020L0AAABAB,38,0.18619999999999795
276,B87015,Losartan Pot_Tab 100mg,0205052N0AAADAD,31,0.17360000000000045
313,B87021,Lercanidipine HCl_Tab 20mg,0206020L0AAABAB,28,0.1371999999999985
185,B87026,Paracet_Tab 500mg,0407010H0AAAMAM,3,0.13440000000000152
184,B87026,Paracet_Tab 500mg,0407010H0AAAMAM,3,0.13440000000000152
189,B87600,Paracet_Tab 500mg,0407010H0AAAMAM,1,0.11999999999999997
188,B87600,Paracet_Tab 500mg,0407010H0AAAMAM,1,0.11999999999999997
187,B87031,Paracet_Tab 500mg,0407010H0AAAMAM,1,0.11999999999999997
186,B87031,Paracet_Tab 500mg,0407010H0AAAMAM,1,0.11999999999999997
314,B87005,Lercanidipine HCl_Tab 20mg,0206020L0AAABAB,41,0.11480000000000329
277,B87039,Losartan Pot_Tab 100mg,0205052N0AAADAD,20,0.1120000000000003
315,B87017,Lercanidipine HCl_Tab 20mg,0206020L0AAABAB,39,0.10920000000000313
107,B87030,Atorvastatin_Tab 10mg,0212000B0AAAAAA,40,0.08400000000000046
278,B87016,Losartan Pot_Tab 100mg,0205052N0AAADAD,14,0.0784000000000002
108,B87021,Atorvastatin_Tab 10mg,0212000B0AAAAAA,36,0.07560000000000042
334,B87021,Ferr Sulf_Tab 200mg,0901011P0AAACAC,12,0.0671999999999996
109,B87016,Atorvastatin_Tab 10mg,0212000B0AAAAAA,30,0.06300000000000035
316,B87030,Lercanidipine HCl_Tab 20mg,0206020L0AAABAB,1,0.060199999999999976
335,B87040,Ferr Sulf_Tab 200mg,0901011P0AAACAC,9,0.050399999999999695
190,B87011,Paracet_Tab 500mg,0407010H0AAAMAM,5,0.0499999999999997
191,B87011,Paracet_Tab 500mg,0407010H0AAAMAM,5,0.0499999999999997
280,B87021,Losartan Pot_Tab 100mg,0205052N0AAADAD,8,0.04480000000000012
279,B87011,Losartan Pot_Tab 100mg,0205052N0AAADAD,8,0.04480000000000012
337,B87025,Ferr Sulf_Tab 200mg,0901011P0AAACAC,8,0.04479999999999973
336,B87002,Ferr Sulf_Tab 200mg,0901011P0AAACAC,8,0.04479999999999973
46,B87021,Memantine HCl_Tab 20mg,0411000G0AAADAD,9,0.04409999999999995
48,B87031,Memantine HCl_Tab 20mg,0411000G0AAADAD,9,0.04409999999999995
47,B87025,Memantine HCl_Tab 20mg,0411000G0AAADAD,9,0.04409999999999995
50,B87008,Memantine HCl_Tab 20mg,0411000G0AAADAD,8,0.03919999999999996
49,B87016,Memantine HCl_Tab 20mg,0411000G0AAADAD,8,0.03919999999999996
53,B87033,Memantine HCl_Tab 20mg,0411000G0AAADAD,7,0.03429999999999996
52,B87040,Memantine HCl_Tab 20mg,0411000G0AAADAD,7,0.03429999999999996
51,B87002,Memantine HCl_Tab 20mg,0411000G0AAADAD,7,0.03429999999999996
243,B87006,Olanzapine_Tab 20mg,040201060AAAQAQ,6,0.03360000000000096
110,B87044,Atorvastatin_Tab 10mg,0212000B0AAAAAA,16,0.033600000000000185
281,B87008,Losartan Pot_Tab 100mg,0205052N0AAADAD,5,0.028000000000000073
282,B87026,Losartan Pot_Tab 100mg,0205052N0AAADAD,5,0.028000000000000073
338,B87017,Ferr Sulf_Tab 200mg,0901011P0AAACAC,5,0.02799999999999983
339,B87031,Ferr Sulf_Tab 200mg,0901011P0AAACAC,5,0.02799999999999983
111,B87008,Atorvastatin_Tab 10mg,0212000B0AAAAAA,12,0.02520000000000014
54,B87027,Memantine HCl_Tab 20mg,0411000G0AAADAD,5,0.024499999999999973
193,B87016,Paracet_Tab 500mg,0407010H0AAAMAM,4,0.023999999999999855
192,B87016,Paracet_Tab 500mg,0407010H0AAAMAM,4,0.023999999999999855
287,B87602,Losartan Pot_Tab 100mg,0205052N0AAADAD,4,0.02240000000000006
283,B87025,Losartan Pot_Tab 100mg,0205052N0AAADAD,4,0.02240000000000006
284,B87044,Losartan Pot_Tab 100mg,0205052N0AAADAD,4,0.02240000000000006
285,B87003,Losartan Pot_Tab 100mg,0205052N0AAADAD,4,0.02240000000000006
286,B87007,Losartan Pot_Tab 100mg,0205052N0AAADAD,4,0.02240000000000006
340,B87007,Ferr Sulf_Tab 200mg,0901011P0AAACAC,4,0.022399999999999864
342,B87016,Ferr Sulf_Tab 200mg,0901011P0AAACAC,4,0.022399999999999864
343,B87032,Ferr Sulf_Tab 200mg,0901011P0AAACAC,4,0.022399999999999864
341,B87030,Ferr Sulf_Tab 200mg,0901011P0AAACAC,4,0.022399999999999864
55,B87017,Memantine HCl_Tab 20mg,0411000G0AAADAD,4,0.01959999999999998
57,B87032,Memantine HCl_Tab 20mg,0411000G0AAADAD,4,0.01959999999999998
56,B87044,Memantine HCl_Tab 20mg,0411000G0AAADAD,4,0.01959999999999998
317,B87009,Lercanidipine HCl_Tab 20mg,0206020L0AAABAB,4,0.019599999999999784
319,B87040,Lercanidipine HCl_Tab 20mg,0206020L0AAABAB,4,0.019599999999999784
318,B87033,Lercanidipine HCl_Tab 20mg,0206020L0AAABAB,4,0.019599999999999784
344,B87026,Ferr Sulf_Tab 200mg,0901011P0AAACAC,2,0.017999999999999267
345,B87008,Ferr Sulf_Tab 200mg,0901011P0AAACAC,3,0.017999999999999267
245,B87017,Olanzapine_Tab 20mg,040201060AAAQAQ,3,0.01680000000000048
244,B87005,Olanzapine_Tab 20mg,040201060AAAQAQ,3,0.01680000000000048
115,B87015,Atorvastatin_Tab 10mg,0212000B0AAAAAA,8,0.016800000000000093
114,B87039,Atorvastatin_Tab 10mg,0212000B0AAAAAA,8,0.016800000000000093
113,B87040,Atorvastatin_Tab 10mg,0212000B0AAAAAA,8,0.016800000000000093
112,B87033,Atorvastatin_Tab 10mg,0212000B0AAAAAA,8,0.016800000000000093
346,B87002,Ferr Sulf_Tab 200mg,0901011P0AAACAC,2,0.0167999999999999
347,B87039,Ferr Sulf_Tab 200mg,0901011P0AAACAC,3,0.0167999999999999
348,B87004,Ferr Sulf_Tab 200mg,0901011P0AAACAC,1,0.01519999999999938
58,B87007,Memantine HCl_Tab 20mg,0411000G0AAADAD,3,0.014699999999999984
194,B87016,Paracet_Tab 500mg,0407010H0AAAMAM,5,0.013999999999999915
195,B87016,Paracet_Tab 500mg,0407010H0AAAMAM,5,0.013999999999999915
349,B87031,Ferr Sulf_Tab 200mg,0901011P0AAACAC,5,0.013999999999999915
19,B87005,Atorvastatin_Tab 20mg,0212000B0AAABAB,2,0.012000000000000344
196,B87006,Paracet_Tab 500mg,0407010H0AAAMAM,2,0.011999999999999927
199,B87008,Paracet_Tab 500mg,0407010H0AAAMAM,2,0.011999999999999927
198,B87008,Paracet_Tab 500mg,0407010H0AAAMAM,2,0.011999999999999927
197,B87006,Paracet_Tab 500mg,0407010H0AAAMAM,2,0.011999999999999927
351,B87026,Ferr Sulf_Tab 200mg,0901011P0AAACAC,1,0.011999999999999511
350,B87007,Ferr Sulf_Tab 200mg,0901011P0AAACAC,2,0.011999999999999511
246,B87030,Olanzapine_Tab 20mg,040201060AAAQAQ,2,0.01120000000000032
247,B87033,Olanzapine_Tab 20mg,040201060AAAQAQ,2,0.01120000000000032
354,B87030,Ferr Sulf_Tab 200mg,0901011P0AAACAC,4,0.011199999999999932
352,B87025,Ferr Sulf_Tab 200mg,0901011P0AAACAC,4,0.011199999999999932
353,B87015,Ferr Sulf_Tab 200mg,0901011P0AAACAC,4,0.011199999999999932
355,B87039,Ferr Sulf_Tab 200mg,0901011P0AAACAC,4,0.011199999999999932
356,B87002,Ferr Sulf_Tab 200mg,0901011P0AAACAC,4,0.011199999999999932
357,B87021,Ferr Sulf_Tab 200mg,0901011P0AAACAC,4,0.011199999999999932
358,B87003,Ferr Sulf_Tab 200mg,0901011P0AAACAC,4,0.011199999999999932
116,B87002,Atorvastatin_Tab 10mg,0212000B0AAAAAA,5,0.010500000000000058
360,B87002,Ferr Sulf_Tab 200mg,0901011P0AAACAC,1,0.008999999999999633
359,B87003,Ferr Sulf_Tab 200mg,0901011P0AAACAC,1,0.008999999999999633
122,B87031,Atorvastatin_Tab 10mg,0212000B0AAAAAA,4,0.008400000000000046
120,B87026,Atorvastatin_Tab 10mg,0212000B0AAAAAA,4,0.008400000000000046
119,B87019,Atorvastatin_Tab 10mg,0212000B0AAAAAA,4,0.008400000000000046
123,B87025,Atorvastatin_Tab 10mg,0212000B0AAAAAA,4,0.008400000000000046
118,B87028,Atorvastatin_Tab 10mg,0212000B0AAAAAA,2,0.008400000000000046
117,B87017,Atorvastatin_Tab 10mg,0212000B0AAAAAA,4,0.008400000000000046
121,B87007,Atorvastatin_Tab 10mg,0212000B0AAAAAA,4,0.008400000000000046
200,B87016,Paracet_Tab 500mg,0407010H0AAAMAM,2,0.00839999999999995
201,B87016,Paracet_Tab 500mg,0407010H0AAAMAM,2,0.00839999999999995
59,B87027,Memantine HCl_Tab 20mg,0411000G0AAADAD,1,0.0063000000000001805
124,B87006,Atorvastatin_Tab 10mg,0212000B0AAAAAA,3,0.006300000000000035
126,B87009,Atorvastatin_Tab 10mg,0212000B0AAAAAA,3,0.006300000000000035
125,B87011,Atorvastatin_Tab 10mg,0212000B0AAAAAA,3,0.006300000000000035
320,B87007,Lercanidipine HCl_Tab 20mg,0206020L0AAABAB,1,0.006299999999999889
80,B87025,Atorvastatin_Tab 40mg,0212000B0AAACAC,1,0.006000000000000172
81,B87005,Atorvastatin_Tab 40mg,0212000B0AAACAC,1,0.006000000000000172
82,B87039,Atorvastatin_Tab 40mg,0212000B0AAACAC,1,0.006000000000000172
288,B87017,Losartan Pot_Tab 100mg,0205052N0AAADAD,1,0.006000000000000172
83,B87017,Atorvastatin_Tab 40mg,0212000B0AAACAC,1,0.006000000000000172
21,B87017,Atorvastatin_Tab 20mg,0212000B0AAABAB,1,0.006000000000000172
20,B87008,Atorvastatin_Tab 20mg,0212000B0AAABAB,1,0.006000000000000172
202,B87030,Paracet_Tab 500mg,0407010H0AAAMAM,1,0.005999999999999964
203,B87026,Paracet_Tab 500mg,0407010H0AAAMAM,1,0.005999999999999964
204,B87030,Paracet_Tab 500mg,0407010H0AAAMAM,1,0.005999999999999964
205,B87026,Paracet_Tab 500mg,0407010H0AAAMAM,1,0.005999999999999964
206,B87018,Paracet_Tab 500mg,0407010H0AAAMAM,1,0.005999999999999964
207,B87018,Paracet_Tab 500mg,0407010H0AAAMAM,1,0.005999999999999964
365,B87026,Ferr Sulf_Tab 200mg,0901011P0AAACAC,1,0.0059999999999997555
361,B87005,Ferr Sulf_Tab 200mg,0901011P0AAACAC,1,0.0059999999999997555
364,B87033,Ferr Sulf_Tab 200mg,0901011P0AAACAC,1,0.0059999999999997555
363,B87003,Ferr Sulf_Tab 200mg,0901011P0AAACAC,1,0.0059999999999997555
362,B87018,Ferr Sulf_Tab 200mg,0901011P0AAACAC,1,0.0059999999999997555
248,B87011,Olanzapine_Tab 20mg,040201060AAAQAQ,1,0.00560000000000016
289,B87012,Losartan Pot_Tab 100mg,0205052N0AAADAD,1,0.005600000000000015
366,B87011,Ferr Sulf_Tab 200mg,0901011P0AAACAC,1,0.005599999999999966
368,B87016,Ferr Sulf_Tab 200mg,0901011P0AAACAC,2,0.005599999999999966
367,B87009,Ferr Sulf_Tab 200mg,0901011P0AAACAC,1,0.005599999999999966
208,B87018,Paracet_Tab 500mg,0407010H0AAAMAM,1,0.005599999999999966
209,B87018,Paracet_Tab 500mg,0407010H0AAAMAM,1,0.005599999999999966
249,B87017,Olanzapine_Tab 20mg,040201060AAAQAQ,1,0.0050000000000000044
290,B87017,Losartan Pot_Tab 100mg,0205052N0AAADAD,1,0.00490000000000014
60,B87026,Memantine HCl_Tab 20mg,0411000G0AAADAD,1,0.004899999999999995
61,B87020,Memantine HCl_Tab 20mg,0411000G0AAADAD,1,0.004899999999999995
127,B87021,Atorvastatin_Tab 10mg,0212000B0AAAAAA,1,0.0046
84,B87017,Atorvastatin_Tab 40mg,0212000B0AAACAC,1,0.004400000000000015
128,B87006,Atorvastatin_Tab 10mg,0212000B0AAAAAA,1,0.004200000000000023
129,B87026,Atorvastatin_Tab 10mg,0212000B0AAAAAA,1,0.004200000000000023
62,B87015,Memantine HCl_Tab 20mg,0411000G0AAADAD,1,0.004199999999999995
130,B87005,Atorvastatin_Tab 10mg,0212000B0AAAAAA,1,0.004199999999999975
22,B87005,Atorvastatin_Tab 20mg,0212000B0AAABAB,1,0.0039000000000001117
321,B87028,Lercanidipine HCl_Tab 20mg,0206020L0AAABAB,1,0.003600000000000103
369,B87020,Ferr Sulf_Tab 200mg,0901011P0AAACAC,1,0.0035999999999999782
210,B87042,Paracet_Tab 500mg,0407010H0AAAMAM,1,0.002799999999999983
211,B87042,Paracet_Tab 500mg,0407010H0AAAMAM,1,0.002799999999999983
371,B87033,Ferr Sulf_Tab 200mg,0901011P0AAACAC,1,0.002799999999999983
370,B87011,Ferr Sulf_Tab 200mg,0901011P0AAACAC,1,0.002799999999999983
322,B87602,Lercanidipine HCl_Tab 20mg,0206020L0AAABAB,1,0.0025000000000000716
250,B87027,Olanzapine_Tab 20mg,040201060AAAQAQ,1,0.0025000000000000022
23,B87039,Atorvastatin_Tab 20mg,0212000B0AAABAB,1,0.00180000000000001
291,B87039,Losartan Pot_Tab 100mg,0205052N0AAADAD,1,-0.0004999999999999796
24,B87017,Atorvastatin_Tab 20mg,0212000B0AAABAB,1,-0.0007999999999999674
212,B87001,Paracet_Tab 500mg,0407010H0AAAMAM,1,-0.0011999999999999997
213,B87001,Paracet_Tab 500mg,0407010H0AAAMAM,1,-0.0011999999999999997
85,B87013,Atorvastatin_Tab 40mg,0212000B0AAACAC,1,-0.0013999999999999985
25,B87027,Atorvastatin_Tab 20mg,0212000B0AAABAB,1,-0.0015999999999999348
374,B87040,Ferr Sulf_Tab 200mg,0901011P0AAACAC,1,-0.00210000000000006
375,B87007,Ferr Sulf_Tab 200mg,0901011P0AAACAC,1,-0.00210000000000006
373,B87020,Ferr Sulf_Tab 200mg,0901011P0AAACAC,1,-0.00210000000000006
372,B87039,Ferr Sulf_Tab 200mg,0901011P0AAACAC,1,-0.00210000000000006
63,B87030,Memantine HCl_Tab 20mg,0411000G0AAADAD,1,-0.0021999999999999867
26,B87022,Atorvastatin_Tab 20mg,0212000B0AAABAB,1,-0.002399999999999902
251,B87011,Olanzapine_Tab 20mg,040201060AAAQAQ,1,-0.0027999999999996916
252,B87040,Olanzapine_Tab 20mg,040201060AAAQAQ,1,-0.0027999999999996916
27,B87001,Atorvastatin_Tab 20mg,0212000B0AAABAB,1,-0.002799999999999997
86,B87013,Atorvastatin_Tab 40mg,0212000B0AAACAC,1,-0.002799999999999997
29,B87030,Atorvastatin_Tab 20mg,0212000B0AAABAB,1,-0.0029999999999998778
87,B87017,Atorvastatin_Tab 40mg,0212000B0AAACAC,1,-0.0029999999999998778
88,B87008,Atorvastatin_Tab 40mg,0212000B0AAACAC,1,-0.0029999999999998778
28,B87007,Atorvastatin_Tab 20mg,0212000B0AAABAB,1,-0.0029999999999998778
32,B87008,Atorvastatin_Tab 20mg,0212000B0AAABAB,1,-0.0029999999999998778
31,B87017,Atorvastatin_Tab 20mg,0212000B0AAABAB,1,-0.0029999999999998778
30,B87026,Atorvastatin_Tab 20mg,0212000B0AAABAB,1,-0.0029999999999998778
131,B87013,Atorvastatin_Tab 10mg,0212000B0AAAAAA,1,-0.002999999999999982
132,B87042,Atorvastatin_Tab 10mg,0212000B0AAAAAA,1,-0.002999999999999982
133,B87007,Atorvastatin_Tab 10mg,0212000B0AAAAAA,1,-0.0031999999999999806
376,B87016,Ferr Sulf_Tab 200mg,0901011P0AAACAC,1,-0.0032000000000000917
215,B87030,Paracet_Tab 500mg,0407010H0AAAMAM,1,-0.003999999999999976
214,B87030,Paracet_Tab 500mg,0407010H0AAAMAM,1,-0.003999999999999976
377,B87031,Ferr Sulf_Tab 200mg,0901011P0AAACAC,2,-0.00420000000000012
134,B87011,Atorvastatin_Tab 10mg,0212000B0AAAAAA,1,-0.005299999999999968
222,B87604,Paracet_Tab 500mg,0407010H0AAAMAM,1,-0.005599999999999966
225,B87019,Paracet_Tab 500mg,0407010H0AAAMAM,1,-0.005599999999999966
224,B87031,Paracet_Tab 500mg,0407010H0AAAMAM,1,-0.005599999999999966
218,B87031,Paracet_Tab 500mg,0407010H0AAAMAM,1,-0.005599999999999966
221,B87013,Paracet_Tab 500mg,0407010H0AAAMAM,1,-0.005599999999999966
220,B87604,Paracet_Tab 500mg,0407010H0AAAMAM,1,-0.005599999999999966
219,B87030,Paracet_Tab 500mg,0407010H0AAAMAM,1,-0.005599999999999966
216,B87019,Paracet_Tab 500mg,0407010H0AAAMAM,1,-0.005599999999999966
217,B87013,Paracet_Tab 500mg,0407010H0AAAMAM,1,-0.005599999999999966
223,B87030,Paracet_Tab 500mg,0407010H0AAAMAM,1,-0.005599999999999966
89,B87040,Atorvastatin_Tab 40mg,0212000B0AAACAC,2,-0.0059999999999997555
137,B87017,Atorvastatin_Tab 10mg,0212000B0AAAAAA,1,-0.005999999999999964
136,B87009,Atorvastatin_Tab 10mg,0212000B0AAAAAA,1,-0.005999999999999964
135,B87019,Atorvastatin_Tab 10mg,0212000B0AAAAAA,1,-0.005999999999999964
253,B87002,Olanzapine_Tab 20mg,040201060AAAQAQ,3,-0.008399999999999075
378,B87025,Ferr Sulf_Tab 200mg,0901011P0AAACAC,4,-0.00840000000000024
382,B87028,Ferr Sulf_Tab 200mg,0901011P0AAACAC,4,-0.00840000000000024
379,B87017,Ferr Sulf_Tab 200mg,0901011P0AAACAC,4,-0.00840000000000024
383,B87032,Ferr Sulf_Tab 200mg,0901011P0AAACAC,4,-0.00840000000000024
380,B87021,Ferr Sulf_Tab 200mg,0901011P0AAACAC,4,-0.00840000000000024
381,B87008,Ferr Sulf_Tab 200mg,0901011P0AAACAC,4,-0.00840000000000024
256,B87033,Olanzapine_Tab 20mg,040201060AAAQAQ,4,-0.011199999999998766
259,B87007,Olanzapine_Tab 20mg,040201060AAAQAQ,4,-0.011199999999998766
258,B87008,Olanzapine_Tab 20mg,040201060AAAQAQ,4,-0.011199999999998766
257,B87019,Olanzapine_Tab 20mg,040201060AAAQAQ,4,-0.011199999999998766
255,B87032,Olanzapine_Tab 20mg,040201060AAAQAQ,4,-0.011199999999998766
254,B87015,Olanzapine_Tab 20mg,040201060AAAQAQ,4,-0.011199999999998766
33,B87016,Atorvastatin_Tab 20mg,0212000B0AAABAB,5,-0.014999999999999389
384,B87015,Ferr Sulf_Tab 200mg,0901011P0AAACAC,8,-0.01680000000000048
90,B87016,Atorvastatin_Tab 40mg,0212000B0AAACAC,6,-0.017999999999999267
260,B87026,Olanzapine_Tab 20mg,040201060AAAQAQ,7,-0.01959999999999784
261,B87039,Olanzapine_Tab 20mg,040201060AAAQAQ,7,-0.01959999999999784
385,B87030,Ferr Sulf_Tab 200mg,0901011P0AAACAC,12,-0.025200000000000722
226,B87016,Paracet_Tab 500mg,0407010H0AAAMAM,5,-0.02799999999999983
227,B87016,Paracet_Tab 500mg,0407010H0AAAMAM,5,-0.02799999999999983
262,B87030,Olanzapine_Tab 20mg,040201060AAAQAQ,14,-0.03919999999999568
228,B87033,Paracet_Tab 500mg,0407010H0AAAMAM,8,-0.04479999999999973
229,B87033,Paracet_Tab 500mg,0407010H0AAAMAM,8,-0.04479999999999973
386,B87012,Ferr Sulf_Tab 200mg,0901011P0AAACAC,1,-0.22260000000000024
230,B87018,Paracet_Tab 500mg,0407010H0AAAMAM,5,-0.6239999999999996
231,B87018,Paracet_Tab 500mg,0407010H0AAAMAM,5,-0.6239999999999996
232,B87039,Paracet_Tab 500mg,0407010H0AAAMAM,3,-0.6299999999999998
233,B87039,Paracet_Tab 500mg,0407010H0AAAMAM,3,-0.6299999999999998
234,B87011,Paracet_Tab 500mg,0407010H0AAAMAM,1,-1.0528
235,B87011,Paracet_Tab 500mg,0407010H0AAAMAM,1,-1.0528
236,B87004,Paracet_Tab 500mg,0407010H0AAAMAM,4,-1.0751999999999997
237,B87004,Paracet_Tab 500mg,0407010H0AAAMAM,4,-1.0751999999999997
238,B87004,Paracet_Tab 500mg,0407010H0AAAMAM,1,-1.408
239,B87004,Paracet_Tab 500mg,0407010H0AAAMAM,1,-1.408
240,B87018,Paracet_Tab 500mg,0407010H0AAAMAM,3,-1.4111999999999996
241,B87018,Paracet_Tab 500mg,0407010H0AAAMAM,3,-1.4111999999999996
263,B87030,Olanzapine_Tab 20mg,040201060AAAQAQ,2,-1.4223999999999988
