,practice_code,bnf_description,bnf_code,items,excess_cost
0,G83052,Phenytoin_Sod Tab 100mg,0408010Q0AAAGAG,1,119.39759999999998
111,G83053,Risperidone_Tab 6mg,040201030AAAFAF,1,62.59799999999999
1,G83049,Phenytoin_Sod Tab 100mg,0408010Q0AAAGAG,3,59.69879999999999
2,G83061,Phenytoin_Sod Tab 100mg,0408010Q0AAAGAG,1,29.21399999999999
112,G83053,Risperidone_Tab 6mg,040201030AAAFAF,1,29.2096
3,G83630,Phenytoin_Sod Tab 100mg,0408010Q0AAAGAG,1,24.23679999999999
114,G83018,Mesalazine_Tab E/C 400mg,0105010B0AAAAAA,1,23.956799999999998
113,G83062,Mesalazine_Tab E/C 400mg,0105010B0AAAAAA,1,23.956799999999998
115,G83006,Mesalazine_Tab E/C 400mg,0105010B0AAAAAA,1,17.099999999999998
116,G83005,Mesalazine_Tab E/C 400mg,0105010B0AAAAAA,4,15.971199999999998
117,G83010,Mesalazine_Tab E/C 400mg,0105010B0AAAAAA,1,11.978399999999999
155,G83046,Paracet_Tab 500mg,0407010H0AAAMAM,8,10.08
156,G83046,Paracet_Tab 500mg,0407010H0AAAMAM,8,10.08
149,G83062,Topiramate_Tab 200mg,040801050AAACAC,2,9.295999999999996
4,G83061,Phenytoin_Sod Tab 100mg,0408010Q0AAAGAG,4,6.081599999999998
5,G83047,Clonazepam_Tab 500mcg,0408010F0AAABAB,1,5.649999999999988
157,G83046,Paracet_Tab 500mg,0407010H0AAAMAM,19,4.940000000000003
158,G83046,Paracet_Tab 500mg,0407010H0AAAMAM,19,4.940000000000003
150,G83066,Topiramate_Tab 200mg,040801050AAACAC,2,4.636799999999999
159,G83049,Paracet_Tab 500mg,0407010H0AAAMAM,104,4.160000000000011
160,G83049,Paracet_Tab 500mg,0407010H0AAAMAM,104,4.160000000000011
341,G83005,Pyridox HCl_Tab 50mg,0906024N0AAAIAI,1,3.830400000000001
6,G83053,Clonazepam_Tab 500mcg,0408010F0AAABAB,2,3.796799999999992
7,G83061,Clonazepam_Tab 500mcg,0408010F0AAABAB,3,3.389999999999993
8,G83006,Clonazepam_Tab 500mcg,0408010F0AAABAB,5,3.1639999999999935
342,G83025,Pyridox HCl_Tab 50mg,0906024N0AAAIAI,1,2.8728000000000007
9,G83061,Clonazepam_Tab 500mcg,0408010F0AAABAB,12,2.847599999999994
355,G83052,Topiramate_Cap 50mg,040801050AAAWAW,1,2.567999999999997
354,G83025,Topiramate_Cap 50mg,040801050AAAWAW,1,2.567999999999997
353,G83057,Topiramate_Cap 50mg,040801050AAAWAW,1,2.567999999999997
11,G83061,Clonazepam_Tab 500mcg,0408010F0AAABAB,1,2.531199999999995
10,G83004,Clonazepam_Tab 500mcg,0408010F0AAABAB,2,2.531199999999995
152,G83642,Topiramate_Tab 200mg,040801050AAACAC,1,2.489999999999999
151,G83066,Topiramate_Tab 200mg,040801050AAACAC,1,2.489999999999999
356,G83642,Topiramate_Cap 50mg,040801050AAAWAW,1,2.396799999999997
153,G83010,Topiramate_Tab 200mg,040801050AAACAC,1,2.3183999999999996
154,G83028,Topiramate_Tab 200mg,040801050AAACAC,4,2.307200000000001
13,G83066,Clonazepam_Tab 500mcg,0408010F0AAABAB,1,2.2599999999999953
12,G83642,Clonazepam_Tab 500mcg,0408010F0AAABAB,1,2.2599999999999953
121,G83025,Amiodarone HCl_Tab 200mg,0203020D0AAABAB,3,2.100000000000002
122,G83004,Amiodarone HCl_Tab 200mg,0203020D0AAABAB,3,2.100000000000002
14,G83010,Clonazepam_Tab 500mcg,0408010F0AAABAB,1,2.033999999999996
343,G83049,Pyridox HCl_Tab 50mg,0906024N0AAAIAI,1,1.9152000000000005
16,G83052,Clonazepam_Tab 500mcg,0408010F0AAABAB,1,1.898399999999996
17,G83630,Clonazepam_Tab 500mcg,0408010F0AAABAB,4,1.898399999999996
18,G83033,Clonazepam_Tab 500mcg,0408010F0AAABAB,1,1.898399999999996
15,G83066,Clonazepam_Tab 500mcg,0408010F0AAABAB,6,1.898399999999996
19,G83642,Clonazepam_Tab 500mcg,0408010F0AAABAB,2,1.898399999999996
20,G83009,Clonazepam_Tab 500mcg,0408010F0AAABAB,1,1.898399999999996
21,G83057,Clonazepam_Tab 500mcg,0408010F0AAABAB,1,1.898399999999996
22,G83004,Clonazepam_Tab 500mcg,0408010F0AAABAB,6,1.898399999999996
345,G83028,Pyridox HCl_Tab 50mg,0906024N0AAAIAI,1,1.7100000000000004
344,G83053,Pyridox HCl_Tab 50mg,0906024N0AAAIAI,1,1.7100000000000004
23,G83002,Clonazepam_Tab 500mcg,0408010F0AAABAB,1,1.5819999999999967
24,G83028,Clonazepam_Tab 500mcg,0408010F0AAABAB,5,1.5819999999999967
346,G83029,Pyridox HCl_Tab 50mg,0906024N0AAAIAI,1,1.5390000000000004
348,G83018,Pyridox HCl_Tab 50mg,0906024N0AAAIAI,1,1.4364000000000003
347,G83029,Pyridox HCl_Tab 50mg,0906024N0AAAIAI,1,1.4364000000000003
124,G83049,Amiodarone HCl_Tab 200mg,0203020D0AAABAB,2,1.4000000000000012
123,G83006,Amiodarone HCl_Tab 200mg,0203020D0AAABAB,2,1.4000000000000012
125,G83052,Amiodarone HCl_Tab 200mg,0203020D0AAABAB,2,1.4000000000000012
126,G83002,Amiodarone HCl_Tab 200mg,0203020D0AAABAB,2,1.4000000000000012
27,G83057,Clonazepam_Tab 500mcg,0408010F0AAABAB,1,1.3559999999999972
26,G83049,Clonazepam_Tab 500mcg,0408010F0AAABAB,1,1.3559999999999972
25,G83005,Clonazepam_Tab 500mcg,0408010F0AAABAB,1,1.3559999999999972
358,G83057,Topiramate_Cap 50mg,040801050AAAWAW,1,1.2839999999999985
357,G83025,Topiramate_Cap 50mg,040801050AAAWAW,1,1.2839999999999985
359,G83052,Topiramate_Cap 50mg,040801050AAAWAW,1,1.2839999999999985
285,G83029,Co-Codamol_Cap 8mg/500mg,0407010F0AAABAB,8,1.2800000000000145
286,G83029,Co-Codamol_Cap 8mg/500mg,0407010F0AAABAB,8,1.2800000000000145
127,G83004,Amiodarone HCl_Tab 200mg,0203020D0AAABAB,15,1.2705
38,G83010,Clonazepam_Tab 500mcg,0408010F0AAABAB,2,1.2655999999999974
39,G83066,Clonazepam_Tab 500mcg,0408010F0AAABAB,1,1.2655999999999974
33,G83642,Clonazepam_Tab 500mcg,0408010F0AAABAB,1,1.2655999999999974
37,G83018,Clonazepam_Tab 500mcg,0408010F0AAABAB,2,1.2655999999999974
32,G83006,Clonazepam_Tab 500mcg,0408010F0AAABAB,4,1.2655999999999974
35,G83002,Clonazepam_Tab 500mcg,0408010F0AAABAB,2,1.2655999999999974
28,G83052,Clonazepam_Tab 500mcg,0408010F0AAABAB,1,1.2655999999999974
34,G83006,Clonazepam_Tab 500mcg,0408010F0AAABAB,1,1.2655999999999974
29,G83061,Clonazepam_Tab 500mcg,0408010F0AAABAB,2,1.2655999999999974
30,G83018,Clonazepam_Tab 500mcg,0408010F0AAABAB,4,1.2655999999999974
31,G83047,Clonazepam_Tab 500mcg,0408010F0AAABAB,2,1.2655999999999974
36,G83053,Clonazepam_Tab 500mcg,0408010F0AAABAB,2,1.2655999999999974
360,G83029,Topiramate_Cap 50mg,040801050AAAWAW,1,1.1983999999999986
361,G83630,Topiramate_Cap 50mg,040801050AAAWAW,1,1.1983999999999986
362,G83009,Topiramate_Cap 50mg,040801050AAAWAW,4,1.1927999999999992
40,G83018,Clonazepam_Tab 500mcg,0408010F0AAABAB,2,1.1399999999999966
41,G83028,Clonazepam_Tab 500mcg,0408010F0AAABAB,1,1.1299999999999977
42,G83025,Clonazepam_Tab 500mcg,0408010F0AAABAB,1,1.1299999999999977
43,G83029,Clonazepam_Tab 500mcg,0408010F0AAABAB,1,1.1299999999999977
44,G83037,Clonazepam_Tab 500mcg,0408010F0AAABAB,1,1.1299999999999977
287,G83061,Co-Codamol_Cap 8mg/500mg,0407010F0AAABAB,7,1.1200000000000125
288,G83061,Co-Codamol_Cap 8mg/500mg,0407010F0AAABAB,7,1.1200000000000125
130,G83009,Amiodarone HCl_Tab 200mg,0203020D0AAABAB,1,1.050000000000001
129,G83066,Amiodarone HCl_Tab 200mg,0203020D0AAABAB,3,1.050000000000001
128,G83010,Amiodarone HCl_Tab 200mg,0203020D0AAABAB,3,1.050000000000001
46,G83066,Clonazepam_Tab 500mcg,0408010F0AAABAB,1,1.016999999999998
45,G83010,Clonazepam_Tab 500mcg,0408010F0AAABAB,1,1.016999999999998
290,G83053,Co-Codamol_Cap 8mg/500mg,0407010F0AAABAB,6,0.9600000000000108
289,G83053,Co-Codamol_Cap 8mg/500mg,0407010F0AAABAB,6,0.9600000000000108
349,G83057,Pyridox HCl_Tab 50mg,0906024N0AAAIAI,1,0.9576000000000002
56,G83002,Clonazepam_Tab 500mcg,0408010F0AAABAB,4,0.949199999999998
55,G83630,Clonazepam_Tab 500mcg,0408010F0AAABAB,4,0.949199999999998
52,G83009,Clonazepam_Tab 500mcg,0408010F0AAABAB,1,0.949199999999998
54,G83018,Clonazepam_Tab 500mcg,0408010F0AAABAB,4,0.949199999999998
53,G83066,Clonazepam_Tab 500mcg,0408010F0AAABAB,1,0.949199999999998
49,G83057,Clonazepam_Tab 500mcg,0408010F0AAABAB,1,0.949199999999998
51,G83049,Clonazepam_Tab 500mcg,0408010F0AAABAB,4,0.949199999999998
50,G83066,Clonazepam_Tab 500mcg,0408010F0AAABAB,4,0.949199999999998
47,G83004,Clonazepam_Tab 500mcg,0408010F0AAABAB,12,0.949199999999998
48,G83052,Clonazepam_Tab 500mcg,0408010F0AAABAB,3,0.949199999999998
58,G83002,Clonazepam_Tab 500mcg,0408010F0AAABAB,5,0.7909999999999984
57,G83005,Clonazepam_Tab 500mcg,0408010F0AAABAB,5,0.7909999999999984
59,G83057,Clonazepam_Tab 500mcg,0408010F0AAABAB,5,0.7909999999999984
291,G83642,Co-Codamol_Cap 8mg/500mg,0407010F0AAABAB,8,0.7168000000000081
292,G83642,Co-Codamol_Cap 8mg/500mg,0407010F0AAABAB,8,0.7168000000000081
131,G83029,Amiodarone HCl_Tab 200mg,0203020D0AAABAB,1,0.7000000000000006
137,G83010,Amiodarone HCl_Tab 200mg,0203020D0AAABAB,1,0.7000000000000006
136,G83061,Amiodarone HCl_Tab 200mg,0203020D0AAABAB,2,0.7000000000000006
135,G83047,Amiodarone HCl_Tab 200mg,0203020D0AAABAB,1,0.7000000000000006
134,G83642,Amiodarone HCl_Tab 200mg,0203020D0AAABAB,1,0.7000000000000006
133,G83024,Amiodarone HCl_Tab 200mg,0203020D0AAABAB,1,0.7000000000000006
132,G83033,Amiodarone HCl_Tab 200mg,0203020D0AAABAB,1,0.7000000000000006
138,G83028,Amiodarone HCl_Tab 200mg,0203020D0AAABAB,1,0.7000000000000006
68,G83005,Clonazepam_Tab 500mcg,0408010F0AAABAB,1,0.6779999999999986
69,G83057,Clonazepam_Tab 500mcg,0408010F0AAABAB,1,0.6779999999999986
60,G83010,Clonazepam_Tab 500mcg,0408010F0AAABAB,1,0.6779999999999986
67,G83004,Clonazepam_Tab 500mcg,0408010F0AAABAB,2,0.6779999999999986
66,G83047,Clonazepam_Tab 500mcg,0408010F0AAABAB,1,0.6779999999999986
65,G83033,Clonazepam_Tab 500mcg,0408010F0AAABAB,1,0.6779999999999986
64,G83028,Clonazepam_Tab 500mcg,0408010F0AAABAB,1,0.6779999999999986
63,G83053,Clonazepam_Tab 500mcg,0408010F0AAABAB,1,0.6779999999999986
62,G83024,Clonazepam_Tab 500mcg,0408010F0AAABAB,1,0.6779999999999986
61,G83066,Clonazepam_Tab 500mcg,0408010F0AAABAB,1,0.6779999999999986
139,G83052,Amiodarone HCl_Tab 200mg,0203020D0AAABAB,8,0.6776
78,G83010,Clonazepam_Tab 500mcg,0408010F0AAABAB,2,0.6327999999999987
77,G83005,Clonazepam_Tab 500mcg,0408010F0AAABAB,2,0.6327999999999987
76,G83002,Clonazepam_Tab 500mcg,0408010F0AAABAB,2,0.6327999999999987
79,G83630,Clonazepam_Tab 500mcg,0408010F0AAABAB,1,0.6327999999999987
74,G83642,Clonazepam_Tab 500mcg,0408010F0AAABAB,1,0.6327999999999987
75,G83053,Clonazepam_Tab 500mcg,0408010F0AAABAB,4,0.6327999999999987
73,G83642,Clonazepam_Tab 500mcg,0408010F0AAABAB,8,0.6327999999999987
71,G83025,Clonazepam_Tab 500mcg,0408010F0AAABAB,1,0.6327999999999987
70,G83009,Clonazepam_Tab 500mcg,0408010F0AAABAB,4,0.6327999999999987
72,G83004,Clonazepam_Tab 500mcg,0408010F0AAABAB,1,0.6327999999999987
363,G83004,Topiramate_Cap 50mg,040801050AAAWAW,1,0.5963999999999996
80,G83057,Clonazepam_Tab 500mcg,0408010F0AAABAB,7,0.5536999999999989
297,G83009,Co-Codamol_Cap 8mg/500mg,0407010F0AAABAB,3,0.4800000000000054
296,G83009,Co-Codamol_Cap 8mg/500mg,0407010F0AAABAB,3,0.4800000000000054
295,G83005,Co-Codamol_Cap 8mg/500mg,0407010F0AAABAB,3,0.4800000000000054
294,G83642,Co-Codamol_Cap 8mg/500mg,0407010F0AAABAB,3,0.4800000000000054
293,G83642,Co-Codamol_Cap 8mg/500mg,0407010F0AAABAB,3,0.4800000000000054
298,G83005,Co-Codamol_Cap 8mg/500mg,0407010F0AAABAB,3,0.4800000000000054
350,G83066,Pyridox HCl_Tab 50mg,0906024N0AAAIAI,1,0.4788000000000001
351,G83062,Pyridox HCl_Tab 50mg,0906024N0AAAIAI,1,0.4788000000000001
81,G83018,Clonazepam_Tab 500mcg,0408010F0AAABAB,3,0.474599999999999
82,G83630,Clonazepam_Tab 500mcg,0408010F0AAABAB,3,0.474599999999999
84,G83009,Clonazepam_Tab 500mcg,0408010F0AAABAB,1,0.474599999999999
83,G83066,Clonazepam_Tab 500mcg,0408010F0AAABAB,1,0.474599999999999
140,G83028,Amiodarone HCl_Tab 200mg,0203020D0AAABAB,2,0.35840000000000016
141,G83630,Amiodarone HCl_Tab 200mg,0203020D0AAABAB,1,0.3500000000000003
142,G83006,Amiodarone HCl_Tab 200mg,0203020D0AAABAB,1,0.3500000000000003
143,G83029,Amiodarone HCl_Tab 200mg,0203020D0AAABAB,1,0.3500000000000003
144,G83642,Amiodarone HCl_Tab 200mg,0203020D0AAABAB,1,0.3500000000000003
86,G83066,Clonazepam_Tab 500mcg,0408010F0AAABAB,1,0.3389999999999993
90,G83029,Clonazepam_Tab 500mcg,0408010F0AAABAB,1,0.3389999999999993
87,Y04645,Clonazepam_Tab 500mcg,0408010F0AAABAB,1,0.3389999999999993
89,G83061,Clonazepam_Tab 500mcg,0408010F0AAABAB,1,0.3389999999999993
88,G83049,Clonazepam_Tab 500mcg,0408010F0AAABAB,1,0.3389999999999993
85,G83010,Clonazepam_Tab 500mcg,0408010F0AAABAB,1,0.3389999999999993
146,G83049,Amiodarone HCl_Tab 200mg,0203020D0AAABAB,4,0.3388
147,G83028,Amiodarone HCl_Tab 200mg,0203020D0AAABAB,4,0.3388
145,G83033,Amiodarone HCl_Tab 200mg,0203020D0AAABAB,4,0.3388
148,G83066,Amiodarone HCl_Tab 200mg,0203020D0AAABAB,4,0.3388
307,G83004,Co-Codamol_Cap 8mg/500mg,0407010F0AAABAB,2,0.3200000000000036
310,G83049,Co-Codamol_Cap 8mg/500mg,0407010F0AAABAB,2,0.3200000000000036
309,G83009,Co-Codamol_Cap 8mg/500mg,0407010F0AAABAB,1,0.3200000000000036
308,G83066,Co-Codamol_Cap 8mg/500mg,0407010F0AAABAB,2,0.3200000000000036
302,G83066,Co-Codamol_Cap 8mg/500mg,0407010F0AAABAB,2,0.3200000000000036
306,G83049,Co-Codamol_Cap 8mg/500mg,0407010F0AAABAB,2,0.3200000000000036
304,G83029,Co-Codamol_Cap 8mg/500mg,0407010F0AAABAB,1,0.3200000000000036
303,G83037,Co-Codamol_Cap 8mg/500mg,0407010F0AAABAB,1,0.3200000000000036
301,G83029,Co-Codamol_Cap 8mg/500mg,0407010F0AAABAB,1,0.3200000000000036
300,G83009,Co-Codamol_Cap 8mg/500mg,0407010F0AAABAB,1,0.3200000000000036
299,G83037,Co-Codamol_Cap 8mg/500mg,0407010F0AAABAB,1,0.3200000000000036
305,G83004,Co-Codamol_Cap 8mg/500mg,0407010F0AAABAB,2,0.3200000000000036
92,G83061,Clonazepam_Tab 500mcg,0408010F0AAABAB,1,0.31639999999999935
104,G83049,Clonazepam_Tab 500mcg,0408010F0AAABAB,4,0.31639999999999935
98,G83002,Clonazepam_Tab 500mcg,0408010F0AAABAB,4,0.31639999999999935
97,G83052,Clonazepam_Tab 500mcg,0408010F0AAABAB,2,0.31639999999999935
96,G83052,Clonazepam_Tab 500mcg,0408010F0AAABAB,4,0.31639999999999935
95,G83028,Clonazepam_Tab 500mcg,0408010F0AAABAB,2,0.31639999999999935
94,G83642,Clonazepam_Tab 500mcg,0408010F0AAABAB,1,0.31639999999999935
93,G83033,Clonazepam_Tab 500mcg,0408010F0AAABAB,1,0.31639999999999935
102,G83009,Clonazepam_Tab 500mcg,0408010F0AAABAB,1,0.31639999999999935
91,G83061,Clonazepam_Tab 500mcg,0408010F0AAABAB,4,0.31639999999999935
103,G83037,Clonazepam_Tab 500mcg,0408010F0AAABAB,1,0.31639999999999935
101,G83057,Clonazepam_Tab 500mcg,0408010F0AAABAB,1,0.31639999999999935
100,G83630,Clonazepam_Tab 500mcg,0408010F0AAABAB,1,0.31639999999999935
99,G83009,Clonazepam_Tab 500mcg,0408010F0AAABAB,4,0.31639999999999935
312,G83066,Co-Codamol_Cap 8mg/500mg,0407010F0AAABAB,1,0.26880000000000304
311,G83066,Co-Codamol_Cap 8mg/500mg,0407010F0AAABAB,1,0.26880000000000304
352,G83053,Pyridox HCl_Tab 50mg,0906024N0AAAIAI,1,0.23940000000000006
105,G83029,Clonazepam_Tab 500mcg,0408010F0AAABAB,1,0.22199999999999998
106,Y04645,Clonazepam_Tab 500mcg,0408010F0AAABAB,1,0.22199999999999998
313,G83004,Co-Codamol_Cap 8mg/500mg,0407010F0AAABAB,2,0.17920000000000202
314,G83004,Co-Codamol_Cap 8mg/500mg,0407010F0AAABAB,2,0.17920000000000202
317,G83010,Co-Codamol_Cap 8mg/500mg,0407010F0AAABAB,1,0.1600000000000018
324,G83046,Co-Codamol_Cap 8mg/500mg,0407010F0AAABAB,1,0.1600000000000018
315,G83006,Co-Codamol_Cap 8mg/500mg,0407010F0AAABAB,1,0.1600000000000018
316,G83028,Co-Codamol_Cap 8mg/500mg,0407010F0AAABAB,1,0.1600000000000018
318,G83046,Co-Codamol_Cap 8mg/500mg,0407010F0AAABAB,1,0.1600000000000018
320,G83047,Co-Codamol_Cap 8mg/500mg,0407010F0AAABAB,1,0.1600000000000018
321,G83052,Co-Codamol_Cap 8mg/500mg,0407010F0AAABAB,1,0.1600000000000018
322,G83028,Co-Codamol_Cap 8mg/500mg,0407010F0AAABAB,1,0.1600000000000018
323,G83024,Co-Codamol_Cap 8mg/500mg,0407010F0AAABAB,1,0.1600000000000018
319,G83052,Co-Codamol_Cap 8mg/500mg,0407010F0AAABAB,1,0.1600000000000018
325,G83006,Co-Codamol_Cap 8mg/500mg,0407010F0AAABAB,1,0.1600000000000018
327,G83024,Co-Codamol_Cap 8mg/500mg,0407010F0AAABAB,1,0.1600000000000018
328,G83047,Co-Codamol_Cap 8mg/500mg,0407010F0AAABAB,1,0.1600000000000018
326,G83010,Co-Codamol_Cap 8mg/500mg,0407010F0AAABAB,1,0.1600000000000018
108,G83066,Clonazepam_Tab 500mcg,0408010F0AAABAB,1,0.15819999999999967
107,G83004,Clonazepam_Tab 500mcg,0408010F0AAABAB,1,0.15819999999999967
109,G83005,Clonazepam_Tab 500mcg,0408010F0AAABAB,1,0.11599999999999999
330,G83004,Co-Codamol_Cap 8mg/500mg,0407010F0AAABAB,1,0.09600000000000108
332,G83004,Co-Codamol_Cap 8mg/500mg,0407010F0AAABAB,1,0.09600000000000108
333,G83046,Co-Codamol_Cap 8mg/500mg,0407010F0AAABAB,1,0.09600000000000108
334,G83010,Co-Codamol_Cap 8mg/500mg,0407010F0AAABAB,1,0.09600000000000108
336,G83010,Co-Codamol_Cap 8mg/500mg,0407010F0AAABAB,1,0.09600000000000108
335,G83061,Co-Codamol_Cap 8mg/500mg,0407010F0AAABAB,1,0.09600000000000108
329,G83061,Co-Codamol_Cap 8mg/500mg,0407010F0AAABAB,1,0.09600000000000108
331,G83046,Co-Codamol_Cap 8mg/500mg,0407010F0AAABAB,1,0.09600000000000108
161,G83004,Paracet_Tab 500mg,0407010H0AAAMAM,32,0.08959999999999946
162,G83004,Paracet_Tab 500mg,0407010H0AAAMAM,32,0.08959999999999946
110,G83018,Clonazepam_Tab 500mcg,0408010F0AAABAB,1,0.07909999999999984
163,G83057,Paracet_Tab 500mg,0407010H0AAAMAM,18,0.07559999999999954
164,G83057,Paracet_Tab 500mg,0407010H0AAAMAM,18,0.07559999999999954
165,G83006,Paracet_Tab 500mg,0407010H0AAAMAM,24,0.0671999999999996
166,G83006,Paracet_Tab 500mg,0407010H0AAAMAM,24,0.0671999999999996
168,G83066,Paracet_Tab 500mg,0407010H0AAAMAM,14,0.058799999999999644
167,G83066,Paracet_Tab 500mg,0407010H0AAAMAM,14,0.058799999999999644
170,G83052,Paracet_Tab 500mg,0407010H0AAAMAM,20,0.05599999999999966
169,G83052,Paracet_Tab 500mg,0407010H0AAAMAM,20,0.05599999999999966
337,G83061,Co-Codamol_Cap 8mg/500mg,0407010F0AAABAB,1,0.05120000000000058
339,G83029,Co-Codamol_Cap 8mg/500mg,0407010F0AAABAB,1,0.05120000000000058
338,G83029,Co-Codamol_Cap 8mg/500mg,0407010F0AAABAB,1,0.05120000000000058
340,G83061,Co-Codamol_Cap 8mg/500mg,0407010F0AAABAB,1,0.05120000000000058
171,G83006,Paracet_Tab 500mg,0407010H0AAAMAM,9,0.03779999999999977
172,G83006,Paracet_Tab 500mg,0407010H0AAAMAM,9,0.03779999999999977
173,G83047,Paracet_Tab 500mg,0407010H0AAAMAM,12,0.0335999999999998
174,G83047,Paracet_Tab 500mg,0407010H0AAAMAM,12,0.0335999999999998
175,G83049,Paracet_Tab 500mg,0407010H0AAAMAM,8,0.022399999999999864
176,G83049,Paracet_Tab 500mg,0407010H0AAAMAM,8,0.022399999999999864
177,G83018,Paracet_Tab 500mg,0407010H0AAAMAM,5,0.020999999999999873
178,G83018,Paracet_Tab 500mg,0407010H0AAAMAM,5,0.020999999999999873
179,G83066,Paracet_Tab 500mg,0407010H0AAAMAM,6,0.01799999999999989
180,G83066,Paracet_Tab 500mg,0407010H0AAAMAM,6,0.01799999999999989
182,G83004,Paracet_Tab 500mg,0407010H0AAAMAM,4,0.0167999999999999
181,G83049,Paracet_Tab 500mg,0407010H0AAAMAM,4,0.0167999999999999
183,G83004,Paracet_Tab 500mg,0407010H0AAAMAM,4,0.0167999999999999
184,G83033,Paracet_Tab 500mg,0407010H0AAAMAM,4,0.0167999999999999
185,G83024,Paracet_Tab 500mg,0407010H0AAAMAM,4,0.0167999999999999
186,G83033,Paracet_Tab 500mg,0407010H0AAAMAM,4,0.0167999999999999
187,G83024,Paracet_Tab 500mg,0407010H0AAAMAM,4,0.0167999999999999
188,G83049,Paracet_Tab 500mg,0407010H0AAAMAM,4,0.0167999999999999
189,G83046,Paracet_Tab 500mg,0407010H0AAAMAM,5,0.013999999999999915
190,G83046,Paracet_Tab 500mg,0407010H0AAAMAM,5,0.013999999999999915
192,G83049,Paracet_Tab 500mg,0407010H0AAAMAM,6,0.012599999999999924
194,G83025,Paracet_Tab 500mg,0407010H0AAAMAM,3,0.012599999999999924
193,G83025,Paracet_Tab 500mg,0407010H0AAAMAM,3,0.012599999999999924
191,G83049,Paracet_Tab 500mg,0407010H0AAAMAM,6,0.012599999999999924
195,G83630,Paracet_Tab 500mg,0407010H0AAAMAM,2,0.011999999999999927
196,G83066,Paracet_Tab 500mg,0407010H0AAAMAM,2,0.011999999999999927
197,G83630,Paracet_Tab 500mg,0407010H0AAAMAM,2,0.011999999999999927
198,G83066,Paracet_Tab 500mg,0407010H0AAAMAM,2,0.011999999999999927
207,G83053,Paracet_Tab 500mg,0407010H0AAAMAM,4,0.011199999999999932
212,G83053,Paracet_Tab 500mg,0407010H0AAAMAM,4,0.011199999999999932
206,G83018,Paracet_Tab 500mg,0407010H0AAAMAM,4,0.011199999999999932
210,G83002,Paracet_Tab 500mg,0407010H0AAAMAM,8,0.011199999999999932
204,G83002,Paracet_Tab 500mg,0407010H0AAAMAM,4,0.011199999999999932
209,G83061,Paracet_Tab 500mg,0407010H0AAAMAM,4,0.011199999999999932
205,G83061,Paracet_Tab 500mg,0407010H0AAAMAM,4,0.011199999999999932
203,G83025,Paracet_Tab 500mg,0407010H0AAAMAM,4,0.011199999999999932
208,G83005,Paracet_Tab 500mg,0407010H0AAAMAM,4,0.011199999999999932
202,G83002,Paracet_Tab 500mg,0407010H0AAAMAM,4,0.011199999999999932
201,G83018,Paracet_Tab 500mg,0407010H0AAAMAM,4,0.011199999999999932
200,G83005,Paracet_Tab 500mg,0407010H0AAAMAM,4,0.011199999999999932
199,G83025,Paracet_Tab 500mg,0407010H0AAAMAM,4,0.011199999999999932
211,G83002,Paracet_Tab 500mg,0407010H0AAAMAM,8,0.011199999999999932
213,G83062,Paracet_Tab 500mg,0407010H0AAAMAM,3,0.00839999999999995
214,G83062,Paracet_Tab 500mg,0407010H0AAAMAM,3,0.00839999999999995
222,G83049,Paracet_Tab 500mg,0407010H0AAAMAM,2,0.005999999999999964
221,G83006,Paracet_Tab 500mg,0407010H0AAAMAM,1,0.005999999999999964
220,G83028,Paracet_Tab 500mg,0407010H0AAAMAM,1,0.005999999999999964
219,G83028,Paracet_Tab 500mg,0407010H0AAAMAM,1,0.005999999999999964
218,G83049,Paracet_Tab 500mg,0407010H0AAAMAM,2,0.005999999999999964
217,G83049,Paracet_Tab 500mg,0407010H0AAAMAM,1,0.005999999999999964
216,G83006,Paracet_Tab 500mg,0407010H0AAAMAM,1,0.005999999999999964
215,G83049,Paracet_Tab 500mg,0407010H0AAAMAM,1,0.005999999999999964
223,G83642,Paracet_Tab 500mg,0407010H0AAAMAM,2,0.005599999999999966
224,G83052,Paracet_Tab 500mg,0407010H0AAAMAM,4,0.005599999999999966
225,G83642,Paracet_Tab 500mg,0407010H0AAAMAM,2,0.005599999999999966
226,G83033,Paracet_Tab 500mg,0407010H0AAAMAM,4,0.005599999999999966
227,G83033,Paracet_Tab 500mg,0407010H0AAAMAM,4,0.005599999999999966
228,G83052,Paracet_Tab 500mg,0407010H0AAAMAM,4,0.005599999999999966
229,G83062,Paracet_Tab 500mg,0407010H0AAAMAM,1,0.004400000000000001
230,G83062,Paracet_Tab 500mg,0407010H0AAAMAM,1,0.004400000000000001
232,G83009,Paracet_Tab 500mg,0407010H0AAAMAM,1,0.004199999999999975
231,G83009,Paracet_Tab 500mg,0407010H0AAAMAM,1,0.004199999999999975
234,G83029,Paracet_Tab 500mg,0407010H0AAAMAM,5,0.003499999999999979
233,G83029,Paracet_Tab 500mg,0407010H0AAAMAM,5,0.003499999999999979
235,G83057,Paracet_Tab 500mg,0407010H0AAAMAM,4,0.002799999999999983
236,Y04645,Paracet_Tab 500mg,0407010H0AAAMAM,1,0.002799999999999983
237,Y04645,Paracet_Tab 500mg,0407010H0AAAMAM,1,0.002799999999999983
238,G83057,Paracet_Tab 500mg,0407010H0AAAMAM,4,0.002799999999999983
239,G83049,Paracet_Tab 500mg,0407010H0AAAMAM,1,-0.003999999999999976
240,G83049,Paracet_Tab 500mg,0407010H0AAAMAM,1,-0.003999999999999976
241,G83009,Paracet_Tab 500mg,0407010H0AAAMAM,2,-0.011199999999999932
242,G83009,Paracet_Tab 500mg,0407010H0AAAMAM,2,-0.011199999999999932
118,G83006,Mesalazine_Tab E/C 400mg,0105010B0AAAAAA,1,-0.011999999999998678
243,G83061,Paracet_Tab 500mg,0407010H0AAAMAM,4,-0.022399999999999864
244,G83061,Paracet_Tab 500mg,0407010H0AAAMAM,4,-0.022399999999999864
245,G83046,Paracet_Tab 500mg,0407010H0AAAMAM,8,-0.04479999999999973
247,G83049,Paracet_Tab 500mg,0407010H0AAAMAM,8,-0.04479999999999973
248,G83046,Paracet_Tab 500mg,0407010H0AAAMAM,8,-0.04479999999999973
246,G83049,Paracet_Tab 500mg,0407010H0AAAMAM,8,-0.04479999999999973
249,G83037,Paracet_Tab 500mg,0407010H0AAAMAM,10,-0.05599999999999966
250,G83037,Paracet_Tab 500mg,0407010H0AAAMAM,10,-0.05599999999999966
251,G83029,Paracet_Tab 500mg,0407010H0AAAMAM,12,-0.0671999999999996
252,G83029,Paracet_Tab 500mg,0407010H0AAAMAM,12,-0.0671999999999996
253,G83033,Paracet_Tab 500mg,0407010H0AAAMAM,13,-0.07279999999999956
254,G83033,Paracet_Tab 500mg,0407010H0AAAMAM,13,-0.07279999999999956
258,G83024,Paracet_Tab 500mg,0407010H0AAAMAM,14,-0.07839999999999953
255,G83057,Paracet_Tab 500mg,0407010H0AAAMAM,14,-0.07839999999999953
256,G83057,Paracet_Tab 500mg,0407010H0AAAMAM,14,-0.07839999999999953
257,G83024,Paracet_Tab 500mg,0407010H0AAAMAM,14,-0.07839999999999953
260,G83025,Paracet_Tab 500mg,0407010H0AAAMAM,15,-0.08399999999999949
259,G83025,Paracet_Tab 500mg,0407010H0AAAMAM,15,-0.08399999999999949
261,G83006,Paracet_Tab 500mg,0407010H0AAAMAM,22,-0.12319999999999925
262,G83006,Paracet_Tab 500mg,0407010H0AAAMAM,22,-0.12319999999999925
263,G83018,Paracet_Tab 500mg,0407010H0AAAMAM,22,-0.12319999999999925
264,G83018,Paracet_Tab 500mg,0407010H0AAAMAM,22,-0.12319999999999925
265,G83028,Paracet_Tab 500mg,0407010H0AAAMAM,25,-0.13999999999999915
266,G83028,Paracet_Tab 500mg,0407010H0AAAMAM,25,-0.13999999999999915
267,G83052,Paracet_Tab 500mg,0407010H0AAAMAM,33,-0.18479999999999888
268,G83052,Paracet_Tab 500mg,0407010H0AAAMAM,33,-0.18479999999999888
269,G83053,Paracet_Tab 500mg,0407010H0AAAMAM,42,-0.23519999999999858
270,G83053,Paracet_Tab 500mg,0407010H0AAAMAM,42,-0.23519999999999858
271,G83066,Paracet_Tab 500mg,0407010H0AAAMAM,43,-0.24079999999999854
272,G83066,Paracet_Tab 500mg,0407010H0AAAMAM,43,-0.24079999999999854
273,G83047,Paracet_Tab 500mg,0407010H0AAAMAM,53,-0.2967999999999982
274,G83047,Paracet_Tab 500mg,0407010H0AAAMAM,53,-0.2967999999999982
275,G83004,Paracet_Tab 500mg,0407010H0AAAMAM,89,-0.49839999999999696
276,G83004,Paracet_Tab 500mg,0407010H0AAAMAM,89,-0.49839999999999696
277,G83033,Paracet_Tab 500mg,0407010H0AAAMAM,9,-0.6299999999999993
278,G83033,Paracet_Tab 500mg,0407010H0AAAMAM,9,-0.6299999999999993
279,G83049,Paracet_Tab 500mg,0407010H0AAAMAM,37,-1.479999999999991
280,G83049,Paracet_Tab 500mg,0407010H0AAAMAM,37,-1.479999999999991
281,G83009,Paracet_Tab 500mg,0407010H0AAAMAM,89,-1.7799999999999891
282,G83009,Paracet_Tab 500mg,0407010H0AAAMAM,89,-1.7799999999999891
283,G83025,Paracet_Tab 500mg,0407010H0AAAMAM,18,-2.5199999999999974
284,G83025,Paracet_Tab 500mg,0407010H0AAAMAM,18,-2.5199999999999974
119,G83028,Mesalazine_Tab E/C 400mg,0105010B0AAAAAA,1,-17.112
120,G83029,Mesalazine_Tab E/C 400mg,0105010B0AAAAAA,1,-51.33599999999999
