,practice_code,bnf_description,bnf_code,items,excess_cost
0,C88005,Atorvastatin_Tab 10mg,0212000B0AAAAAA,16,0.033600000000000185
1,C88005,Clonazepam_Tab 500mcg,0408010F0AAABAB,2,2.2147999999999954
2,C88005,Clopidogrel_Tab 75mg,0209000C0AAAAAA,47,0.23029999999999975
3,C88005,Ferr Sulf_Tab 200mg,0901011P0AAACAC,47,0.1323999999999979
4,C88005,Memantine HCl_Tab 20mg,0411000G0AAADAD,3,0.014699999999999984
5,C88005,Paracet_Tab 500mg,0407010H0AAAMAM,410,42.32000000000008
6,C88006,Atorvastatin_Tab 10mg,0212000B0AAAAAA,45,11.6235
7,C88006,Atorvastatin_Tab 40mg,0212000B0AAACAC,1,-0.002700000000000015
8,C88006,Clonazepam_Tab 500mcg,0408010F0AAABAB,10,1.5819999999999967
9,C88006,Clopidogrel_Tab 75mg,0209000C0AAAAAA,42,29.0472
10,C88006,Ferr Sulf_Tab 200mg,0901011P0AAACAC,26,0.036999999999998756
11,C88006,Memantine HCl_Tab 20mg,0411000G0AAADAD,4,0.01959999999999998
12,C88006,Paracet_Tab 500mg,0407010H0AAAMAM,206,96.50000000000007
13,C88007,Atorvastatin_Tab 10mg,0212000B0AAAAAA,5,0.010500000000000058
14,C88007,Clonazepam_Tab 500mcg,0408010F0AAABAB,1,0.31639999999999935
15,C88007,Clopidogrel_Tab 75mg,0209000C0AAAAAA,53,0.2596999999999997
16,C88007,Ferr Sulf_Tab 200mg,0901011P0AAACAC,18,0.046899999999999206
17,C88007,Memantine HCl_Tab 20mg,0411000G0AAADAD,7,63.895999999999994
18,C88007,Montelukast_Tab 10mg,0303020G0AAABAB,41,24.337600000000005
19,C88007,Paracet_Tab 500mg,0407010H0AAAMAM,106,9.786000000000008
20,C88008,Atorvastatin_Tab 20mg,0212000B0AAABAB,2,0.004400000000000237
21,C88008,Clonazepam_Tab 500mcg,0408010F0AAABAB,3,2.847599999999994
22,C88008,Clopidogrel_Tab 75mg,0209000C0AAAAAA,9,0.04409999999999995
23,C88008,Ferr Sulf_Tab 200mg,0901011P0AAACAC,4,0.022799999999999654
24,C88008,Risperidone_Tab 6mg,040201030AAAFAF,2,58.4192
25,C88009,Atorvastatin_Tab 10mg,0212000B0AAAAAA,12,0.02520000000000014
26,C88009,Atorvastatin_Tab 20mg,0212000B0AAABAB,157,22.859200000000016
27,C88009,Clonazepam_Tab 500mcg,0408010F0AAABAB,2,1.016999999999998
28,C88009,Clopidogrel_Tab 75mg,0209000C0AAAAAA,44,0.21559999999999976
29,C88009,Ferr Sulf_Tab 200mg,0901011P0AAACAC,39,-0.04760000000000204
30,C88009,Memantine HCl_Tab 20mg,0411000G0AAADAD,12,0.058799999999999936
31,C88009,Paracet_Tab 500mg,0407010H0AAAMAM,50,9.965600000000007
32,C88010,Atorvastatin_Tab 10mg,0212000B0AAAAAA,142,11.563300000000009
33,C88010,Atorvastatin_Tab 20mg,0212000B0AAABAB,713,89.83800000000008
34,C88010,Atorvastatin_Tab 40mg,0212000B0AAACAC,1,-0.0029999999999998778
35,C88010,Clonazepam_Tab 500mcg,0408010F0AAABAB,7,2.948599999999993
36,C88010,Clopidogrel_Tab 75mg,0209000C0AAAAAA,114,0.5585999999999994
37,C88010,Ferr Sulf_Tab 200mg,0901011P0AAACAC,101,21.37129999999999
38,C88010,Memantine HCl_Tab 20mg,0411000G0AAADAD,18,63.907199999999996
39,C88010,Paracet_Tab 500mg,0407010H0AAAMAM,1196,487.788
40,C88011,Atorvastatin_Tab 10mg,0212000B0AAAAAA,9,0.018900000000000104
41,C88011,Atorvastatin_Tab 40mg,0212000B0AAACAC,1,0.004400000000000015
42,C88011,Clonazepam_Tab 500mcg,0408010F0AAABAB,8,4.429599999999992
43,C88011,Clopidogrel_Tab 75mg,0209000C0AAAAAA,45,0.22049999999999975
44,C88011,Ferr Sulf_Tab 200mg,0901011P0AAACAC,38,0.07489999999999875
45,C88011,Memantine HCl_Tab 20mg,0411000G0AAADAD,1,0.004899999999999995
46,C88014,Atorvastatin_Tab 10mg,0212000B0AAAAAA,14,0.029400000000000162
47,C88014,Clonazepam_Tab 500mcg,0408010F0AAABAB,8,2.0589999999999957
48,C88014,Clopidogrel_Tab 75mg,0209000C0AAAAAA,84,0.4115999999999995
49,C88014,Ferr Sulf_Tab 200mg,0901011P0AAACAC,84,0.20929999999999677
50,C88014,Paracet_Tab 500mg,0407010H0AAAMAM,166,-0.6113999999999963
51,C88015,Atorvastatin_Tab 10mg,0212000B0AAAAAA,175,23.420399999999997
52,C88015,Atorvastatin_Tab 20mg,0212000B0AAABAB,311,90.5632
53,C88015,Clonazepam_Tab 500mcg,0408010F0AAABAB,20,7.066999999999987
54,C88015,Clopidogrel_Tab 75mg,0209000C0AAAAAA,244,9.020199999999996
55,C88015,Ferr Sulf_Tab 200mg,0901011P0AAACAC,66,0.08749999999999707
56,C88015,Memantine HCl_Tab 20mg,0411000G0AAADAD,8,0.03919999999999996
57,C88015,Montelukast_Tab 10mg,0303020G0AAABAB,41,24.337600000000005
58,C88015,Paracet_Tab 500mg,0407010H0AAAMAM,578,30.542000000000087
59,C88016,Atorvastatin_Tab 10mg,0212000B0AAAAAA,4,0.008400000000000046
60,C88016,Atorvastatin_Tab 20mg,0212000B0AAABAB,587,1.643600000000047
61,C88016,Atorvastatin_Tab 40mg,0212000B0AAACAC,148,0.827599999999995
62,C88016,Clonazepam_Tab 500mcg,0408010F0AAABAB,4,1.7401999999999964
63,C88016,Clopidogrel_Tab 75mg,0209000C0AAAAAA,1,-0.002799999999999997
64,C88016,Ferr Sulf_Tab 200mg,0901011P0AAACAC,8,0.04479999999999973
65,C88016,Memantine HCl_Tab 20mg,0411000G0AAADAD,8,127.792
66,C88016,Paracet_Tab 500mg,0407010H0AAAMAM,290,92.35760000000002
67,C88018,Atorvastatin_Tab 10mg,0212000B0AAAAAA,32,0.06720000000000037
68,C88018,Clonazepam_Tab 500mcg,0408010F0AAABAB,11,1.9437999999999966
69,C88018,Clopidogrel_Tab 75mg,0209000C0AAAAAA,86,0.41899999999999943
70,C88018,Ferr Sulf_Tab 200mg,0901011P0AAACAC,46,0.1078999999999984
71,C88018,Memantine HCl_Tab 20mg,0411000G0AAADAD,22,0.10779999999999988
72,C88018,Paracet_Tab 500mg,0407010H0AAAMAM,66,-0.17919999999999892
73,C88019,Atorvastatin_Tab 10mg,0212000B0AAAAAA,23,0.048300000000000266
74,C88019,Clonazepam_Tab 500mcg,0408010F0AAABAB,35,19.876299999999954
75,C88019,Clopidogrel_Tab 75mg,0209000C0AAAAAA,88,0.43119999999999953
76,C88019,Ferr Sulf_Tab 200mg,0901011P0AAACAC,152,0.4087999999999949
77,C88019,Paracet_Tab 500mg,0407010H0AAAMAM,202,-0.7587999999999954
78,C88019,Risperidone_Tab 6mg,040201030AAAFAF,4,29.232
79,C88020,Atorvastatin_Tab 10mg,0212000B0AAAAAA,47,34.939800000000005
80,C88020,Atorvastatin_Tab 20mg,0212000B0AAABAB,2,-0.0059999999999997555
81,C88020,Atorvastatin_Tab 40mg,0212000B0AAACAC,92,22.411199999999997
82,C88020,Clonazepam_Tab 500mcg,0408010F0AAABAB,3,2.067899999999996
83,C88020,Clopidogrel_Tab 75mg,0209000C0AAAAAA,20,0.09799999999999989
84,C88020,Ferr Sulf_Tab 200mg,0901011P0AAACAC,37,112.7446
85,C88020,Paracet_Tab 500mg,0407010H0AAAMAM,304,53.60160000000001
86,C88021,Atorvastatin_Tab 10mg,0212000B0AAAAAA,10,0.021000000000000116
87,C88021,Atorvastatin_Tab 20mg,0212000B0AAABAB,151,22.83120000000001
88,C88021,Atorvastatin_Tab 40mg,0212000B0AAACAC,115,222.51600000000002
89,C88021,Clonazepam_Tab 500mcg,0408010F0AAABAB,14,6.768999999999987
90,C88021,Clopidogrel_Tab 75mg,0209000C0AAAAAA,38,0.1861999999999998
91,C88021,Ferr Sulf_Tab 200mg,0901011P0AAACAC,56,0.07309999999999679
92,C88021,Memantine HCl_Tab 20mg,0411000G0AAADAD,5,0.024499999999999973
93,C88021,Paracet_Tab 500mg,0407010H0AAAMAM,16,-0.022399999999999864
94,C88022,Atorvastatin_Tab 10mg,0212000B0AAAAAA,41,11.6592
95,C88022,Atorvastatin_Tab 20mg,0212000B0AAABAB,112,0.313600000000009
96,C88022,Clonazepam_Tab 500mcg,0408010F0AAABAB,4,1.2655999999999974
97,C88022,Clopidogrel_Tab 75mg,0209000C0AAAAAA,73,17.612699999999993
98,C88022,Ferr Sulf_Tab 200mg,0901011P0AAACAC,29,0.12939999999999746
99,C88022,Paracet_Tab 500mg,0407010H0AAAMAM,36,0.11759999999999926
100,C88023,Atorvastatin_Tab 10mg,0212000B0AAAAAA,102,11.6487
101,C88023,Atorvastatin_Tab 20mg,0212000B0AAABAB,101,16.897300000000005
102,C88023,Clonazepam_Tab 500mcg,0408010F0AAABAB,5,0.9499999999999976
103,C88023,Clopidogrel_Tab 75mg,0209000C0AAAAAA,95,0.46549999999999947
104,C88023,Ferr Sulf_Tab 200mg,0901011P0AAACAC,58,-0.023100000000002993
105,C88023,Memantine HCl_Tab 20mg,0411000G0AAADAD,16,0.07839999999999991
106,C88023,Paracet_Tab 500mg,0407010H0AAAMAM,368,5.3340000000000956
107,C88024,Atorvastatin_Tab 10mg,0212000B0AAAAAA,19,0.03990000000000022
108,C88024,Atorvastatin_Tab 40mg,0212000B0AAACAC,37,1.036000000000001
109,C88024,Clonazepam_Tab 500mcg,0408010F0AAABAB,1,0.6327999999999987
110,C88024,Clopidogrel_Tab 75mg,0209000C0AAAAAA,58,0.2841999999999997
111,C88024,Ferr Sulf_Tab 200mg,0901011P0AAACAC,24,0.07489999999999933
112,C88024,Memantine HCl_Tab 20mg,0411000G0AAADAD,9,0.04409999999999995
113,C88024,Paracet_Tab 500mg,0407010H0AAAMAM,210,37.24880000000001
114,C88025,Atorvastatin_Tab 10mg,0212000B0AAAAAA,31,0.06510000000000035
115,C88025,Atorvastatin_Tab 20mg,0212000B0AAABAB,229,47.44880000000003
116,C88025,Atorvastatin_Tab 40mg,0212000B0AAACAC,74,66.7184
117,C88025,Clonazepam_Tab 500mcg,0408010F0AAABAB,13,2.6102999999999947
118,C88025,Clopidogrel_Tab 75mg,0209000C0AAAAAA,147,52.90319999999999
119,C88025,Ferr Sulf_Tab 200mg,0901011P0AAACAC,16,0.004899999999999169
120,C88025,Memantine HCl_Tab 20mg,0411000G0AAADAD,8,319.494
121,C88025,Paracet_Tab 500mg,0407010H0AAAMAM,688,204.35180000000003
122,C88026,Atorvastatin_Tab 10mg,0212000B0AAAAAA,91,0.1932000000000011
123,C88026,Atorvastatin_Tab 20mg,0212000B0AAABAB,330,23.02860000000002
124,C88026,Clonazepam_Tab 500mcg,0408010F0AAABAB,11,3.5255999999999927
125,C88026,Clopidogrel_Tab 75mg,0209000C0AAAAAA,184,0.6768999999999874
126,C88026,Ferr Sulf_Tab 200mg,0901011P0AAACAC,86,0.015399999999995972
127,C88026,Memantine HCl_Tab 20mg,0411000G0AAADAD,13,0.06369999999999992
128,C88026,Montelukast_Tab 10mg,0303020G0AAABAB,45,48.76200000000001
129,C88026,Paracet_Tab 500mg,0407010H0AAAMAM,606,-19.51919999999996
130,C88027,Atorvastatin_Tab 10mg,0212000B0AAAAAA,4,0.008400000000000046
131,C88027,Clonazepam_Tab 500mcg,0408010F0AAABAB,3,1.1073999999999977
132,C88027,Clopidogrel_Tab 75mg,0209000C0AAAAAA,25,0.12249999999999986
133,C88027,Ferr Sulf_Tab 200mg,0901011P0AAACAC,24,0.07839999999999953
134,C88027,Paracet_Tab 500mg,0407010H0AAAMAM,218,10.689599999999997
135,C88028,Atorvastatin_Tab 40mg,0212000B0AAACAC,1,0.006000000000000172
136,C88028,Clonazepam_Tab 500mcg,0408010F0AAABAB,3,1.898399999999996
137,C88028,Clopidogrel_Tab 75mg,0209000C0AAAAAA,34,0.1665999999999998
138,C88028,Ferr Sulf_Tab 200mg,0901011P0AAACAC,43,0.11479999999999874
139,C88028,Memantine HCl_Tab 20mg,0411000G0AAADAD,10,0.048999999999999946
140,C88028,Paracet_Tab 500mg,0407010H0AAAMAM,70,0.1423999999999992
141,C88030,Atorvastatin_Tab 10mg,0212000B0AAAAAA,28,0.058800000000000324
142,C88030,Clonazepam_Tab 500mcg,0408010F0AAABAB,2,1.2655999999999974
143,C88030,Clopidogrel_Tab 75mg,0209000C0AAAAAA,89,0.43609999999999954
144,C88030,Ferr Sulf_Tab 200mg,0901011P0AAACAC,85,0.1385999999999967
145,C88030,Memantine HCl_Tab 20mg,0411000G0AAADAD,4,0.01959999999999998
146,C88030,Paracet_Tab 500mg,0407010H0AAAMAM,132,-0.5751999999999965
147,C88030,Risperidone_Tab 6mg,040201030AAAFAF,4,84.52199999999999
148,C88031,Atorvastatin_Tab 10mg,0212000B0AAAAAA,114,11.5182
149,C88031,Atorvastatin_Tab 20mg,0212000B0AAABAB,1,-0.0013999999999999985
150,C88031,Atorvastatin_Tab 40mg,0212000B0AAACAC,99,22.45320000000001
151,C88031,Clonazepam_Tab 500mcg,0408010F0AAABAB,24,7.9200999999999855
152,C88031,Clopidogrel_Tab 75mg,0209000C0AAAAAA,132,26.37109999999999
153,C88031,Ferr Sulf_Tab 200mg,0901011P0AAACAC,23,0.03189999999999915
154,C88031,Memantine HCl_Tab 20mg,0411000G0AAADAD,5,0.024499999999999973
155,C88031,Montelukast_Tab 10mg,0303020G0AAABAB,8,-0.0008000000000000229
156,C88031,Paracet_Tab 500mg,0407010H0AAAMAM,352,232.12439999999998
157,C88032,Clonazepam_Tab 500mcg,0408010F0AAABAB,9,6.6669999999999865
158,C88032,Clopidogrel_Tab 75mg,0209000C0AAAAAA,41,0.20089999999999977
159,C88032,Ferr Sulf_Tab 200mg,0901011P0AAACAC,62,0.03119999999999727
160,C88032,Memantine HCl_Tab 20mg,0411000G0AAADAD,4,0.01959999999999998
161,C88032,Paracet_Tab 500mg,0407010H0AAAMAM,26,-0.07839999999999953
162,C88033,Atorvastatin_Tab 10mg,0212000B0AAAAAA,8,0.016800000000000093
163,C88033,Clonazepam_Tab 500mcg,0408010F0AAABAB,7,2.757199999999994
164,C88033,Clopidogrel_Tab 75mg,0209000C0AAAAAA,28,0.13719999999999985
165,C88033,Ferr Sulf_Tab 200mg,0901011P0AAACAC,40,0.1107999999999979
166,C88033,Memantine HCl_Tab 20mg,0411000G0AAADAD,4,0.01959999999999998
167,C88033,Paracet_Tab 500mg,0407010H0AAAMAM,62,-0.2603999999999984
168,C88034,Atorvastatin_Tab 10mg,0212000B0AAAAAA,20,0.04200000000000023
169,C88034,Atorvastatin_Tab 20mg,0212000B0AAABAB,1,-0.0029999999999998778
170,C88034,Clonazepam_Tab 500mcg,0408010F0AAABAB,3,1.5819999999999967
171,C88034,Clopidogrel_Tab 75mg,0209000C0AAAAAA,48,0.23519999999999974
172,C88034,Ferr Sulf_Tab 200mg,0901011P0AAACAC,28,0.13159999999999922
173,C88034,Memantine HCl_Tab 20mg,0411000G0AAADAD,4,0.01959999999999998
174,C88034,Montelukast_Tab 10mg,0303020G0AAABAB,25,24.360000000000003
175,C88034,Paracet_Tab 500mg,0407010H0AAAMAM,302,98.52400000000003
176,C88035,Atorvastatin_Tab 10mg,0212000B0AAAAAA,11,0.029400000000000162
177,C88035,Clonazepam_Tab 500mcg,0408010F0AAABAB,7,5.740399999999989
178,C88035,Clopidogrel_Tab 75mg,0209000C0AAAAAA,20,0.09799999999999989
179,C88035,Ferr Sulf_Tab 200mg,0901011P0AAACAC,15,0.04279999999999903
180,C88035,Memantine HCl_Tab 20mg,0411000G0AAADAD,2,0.00979999999999999
181,C88035,Paracet_Tab 500mg,0407010H0AAAMAM,4,-0.015999999999999903
182,C88036,Atorvastatin_Tab 10mg,0212000B0AAAAAA,31,0.06210000000000037
183,C88036,Atorvastatin_Tab 20mg,0212000B0AAABAB,3,0.009000000000000466
184,C88036,Clonazepam_Tab 500mcg,0408010F0AAABAB,13,6.104999999999989
185,C88036,Clopidogrel_Tab 75mg,0209000C0AAAAAA,70,0.34299999999999964
186,C88036,Ferr Sulf_Tab 200mg,0901011P0AAACAC,68,0.19599999999999765
187,C88036,Paracet_Tab 500mg,0407010H0AAAMAM,334,72.7024
188,C88037,Atorvastatin_Tab 10mg,0212000B0AAAAAA,79,0.16800000000000093
189,C88037,Clonazepam_Tab 500mcg,0408010F0AAABAB,30,12.904699999999973
190,C88037,Clopidogrel_Tab 75mg,0209000C0AAAAAA,101,0.49489999999999945
191,C88037,Ferr Sulf_Tab 200mg,0901011P0AAACAC,103,0.04459999999999459
192,C88037,Memantine HCl_Tab 20mg,0411000G0AAADAD,24,0.11759999999999987
193,C88037,Paracet_Tab 500mg,0407010H0AAAMAM,60,-0.02159999999999987
194,C88038,Atorvastatin_Tab 10mg,0212000B0AAAAAA,109,46.4106
195,C88038,Atorvastatin_Tab 20mg,0212000B0AAABAB,80,45.24800000000002
196,C88038,Clonazepam_Tab 500mcg,0408010F0AAABAB,5,4.339199999999991
197,C88038,Clopidogrel_Tab 75mg,0209000C0AAAAAA,76,17.779299999999996
198,C88038,Ferr Sulf_Tab 200mg,0901011P0AAACAC,46,0.1504999999999983
199,C88038,Memantine HCl_Tab 20mg,0411000G0AAADAD,5,0.024499999999999973
200,C88038,Montelukast_Tab 10mg,0303020G0AAABAB,1,0.0013999999999999985
201,C88038,Paracet_Tab 500mg,0407010H0AAAMAM,54,92.37920000000003
202,C88039,Atorvastatin_Tab 10mg,0212000B0AAAAAA,2,0.008400000000000046
203,C88039,Atorvastatin_Tab 20mg,0212000B0AAABAB,297,44.90640000000002
204,C88039,Clonazepam_Tab 500mcg,0408010F0AAABAB,7,3.796799999999992
205,C88039,Ferr Sulf_Tab 200mg,0901011P0AAACAC,3,-0.0063000000000001805
206,C88039,Memantine HCl_Tab 20mg,0411000G0AAADAD,12,63.9072
207,C88039,Paracet_Tab 500mg,0407010H0AAAMAM,2,-0.011199999999999932
208,C88040,Atorvastatin_Tab 10mg,0212000B0AAAAAA,13,0.02730000000000015
209,C88040,Atorvastatin_Tab 20mg,0212000B0AAABAB,160,22.848000000000003
210,C88040,Atorvastatin_Tab 40mg,0212000B0AAACAC,1,0.00180000000000001
211,C88040,Clonazepam_Tab 500mcg,0408010F0AAABAB,2,0.8863999999999976
212,C88040,Clopidogrel_Tab 75mg,0209000C0AAAAAA,85,8.915199999999997
213,C88040,Ferr Sulf_Tab 200mg,0901011P0AAACAC,4,0.022399999999999864
214,C88040,Memantine HCl_Tab 20mg,0411000G0AAADAD,6,0.029399999999999968
215,C88040,Paracet_Tab 500mg,0407010H0AAAMAM,38,0.028800000000001158
216,C88041,Atorvastatin_Tab 10mg,0212000B0AAAAAA,91,11.498900000000003
217,C88041,Clonazepam_Tab 500mcg,0408010F0AAABAB,14,5.299699999999988
218,C88041,Clopidogrel_Tab 75mg,0209000C0AAAAAA,184,9.187499999999998
219,C88041,Ferr Sulf_Tab 200mg,0901011P0AAACAC,86,0.12529999999999641
220,C88041,Memantine HCl_Tab 20mg,0411000G0AAADAD,19,63.941500000000005
221,C88041,Paracet_Tab 500mg,0407010H0AAAMAM,292,59.02480000000001
222,C88041,Risperidone_Tab 6mg,040201030AAAFAF,4,29.232
223,C88043,Atorvastatin_Tab 10mg,0212000B0AAAAAA,17,0.0357000000000002
224,C88043,Clonazepam_Tab 500mcg,0408010F0AAABAB,10,2.3313999999999946
225,C88043,Clopidogrel_Tab 75mg,0209000C0AAAAAA,38,0.1861999999999998
226,C88043,Ferr Sulf_Tab 200mg,0901011P0AAACAC,56,0.16319999999999873
227,C88043,Memantine HCl_Tab 20mg,0411000G0AAADAD,4,0.01959999999999998
228,C88043,Paracet_Tab 500mg,0407010H0AAAMAM,72,0.1021999999999994
229,C88044,Atorvastatin_Tab 20mg,0212000B0AAABAB,1,-0.002799999999999997
230,C88044,Clonazepam_Tab 500mcg,0408010F0AAABAB,1,0.6327999999999987
231,C88044,Clopidogrel_Tab 75mg,0209000C0AAAAAA,32,0.15679999999999983
232,C88044,Ferr Sulf_Tab 200mg,0901011P0AAACAC,8,0.0335999999999998
233,C88044,Memantine HCl_Tab 20mg,0411000G0AAADAD,4,0.01959999999999998
234,C88044,Paracet_Tab 500mg,0407010H0AAAMAM,134,17.849599999999988
235,C88045,Atorvastatin_Tab 10mg,0212000B0AAAAAA,46,69.7536
236,C88045,Clonazepam_Tab 500mcg,0408010F0AAABAB,6,2.768499999999994
237,C88045,Clopidogrel_Tab 75mg,0209000C0AAAAAA,99,0.4850999999999995
238,C88045,Ferr Sulf_Tab 200mg,0901011P0AAACAC,72,0.1126999999999969
239,C88045,Memantine HCl_Tab 20mg,0411000G0AAADAD,15,63.9555
240,C88045,Paracet_Tab 500mg,0407010H0AAAMAM,340,52.98880000000006
241,C88045,Risperidone_Tab 6mg,040201030AAAFAF,1,47.8604
242,C88046,Atorvastatin_Tab 10mg,0212000B0AAAAAA,39,34.9074
243,C88046,Clonazepam_Tab 500mcg,0408010F0AAABAB,6,3.796799999999992
244,C88046,Ferr Sulf_Tab 200mg,0901011P0AAACAC,8,0.030799999999999814
245,C88046,Paracet_Tab 500mg,0407010H0AAAMAM,20,22.595200000000002
246,C88047,Atorvastatin_Tab 10mg,0212000B0AAAAAA,33,11.614000000000003
247,C88047,Atorvastatin_Tab 40mg,0212000B0AAACAC,36,5.5692
248,C88047,Clonazepam_Tab 500mcg,0408010F0AAABAB,8,5.591799999999993
249,C88047,Clopidogrel_Tab 75mg,0209000C0AAAAAA,61,0.29699999999999965
250,C88047,Ferr Sulf_Tab 200mg,0901011P0AAACAC,46,0.10499999999999834
251,C88047,Memantine HCl_Tab 20mg,0411000G0AAADAD,8,0.03919999999999996
252,C88047,Paracet_Tab 500mg,0407010H0AAAMAM,84,19.785600000000013
253,C88047,Risperidone_Tab 6mg,040201030AAAFAF,1,29.2096
254,C88048,Atorvastatin_Tab 10mg,0212000B0AAAAAA,9,23.296
255,C88048,Atorvastatin_Tab 20mg,0212000B0AAABAB,135,22.68000000000002
256,C88048,Clonazepam_Tab 500mcg,0408010F0AAABAB,18,7.796999999999986
257,C88048,Clopidogrel_Tab 75mg,0209000C0AAAAAA,72,0.3527999999999996
258,C88048,Ferr Sulf_Tab 200mg,0901011P0AAACAC,62,0.04269999999999734
259,C88048,Paracet_Tab 500mg,0407010H0AAAMAM,76,30.48
260,C88049,Atorvastatin_Tab 10mg,0212000B0AAAAAA,9,0.018900000000000104
261,C88049,Clonazepam_Tab 500mcg,0408010F0AAABAB,1,0.15819999999999967
262,C88049,Clopidogrel_Tab 75mg,0209000C0AAAAAA,28,0.13719999999999985
263,C88049,Ferr Sulf_Tab 200mg,0901011P0AAACAC,19,-0.02340000000000167
264,C88049,Memantine HCl_Tab 20mg,0411000G0AAADAD,4,0.01959999999999998
265,C88049,Paracet_Tab 500mg,0407010H0AAAMAM,220,9.244000000000007
266,C88050,Atorvastatin_Tab 10mg,0212000B0AAAAAA,12,0.02520000000000014
267,C88050,Atorvastatin_Tab 20mg,0212000B0AAABAB,1,0.006000000000000172
268,C88050,Clonazepam_Tab 500mcg,0408010F0AAABAB,2,0.949199999999998
269,C88050,Clopidogrel_Tab 75mg,0209000C0AAAAAA,47,0.22329999999999978
270,C88050,Ferr Sulf_Tab 200mg,0901011P0AAACAC,19,0.06439999999999961
271,C88050,Paracet_Tab 500mg,0407010H0AAAMAM,260,10.507199999999996
272,C88051,Atorvastatin_Tab 10mg,0212000B0AAAAAA,8,0.016800000000000093
273,C88051,Clopidogrel_Tab 75mg,0209000C0AAAAAA,15,0.07349999999999993
274,C88051,Ferr Sulf_Tab 200mg,0901011P0AAACAC,9,0.0007999999999996343
275,C88051,Paracet_Tab 500mg,0407010H0AAAMAM,2,0.005999999999999964
276,C88052,Atorvastatin_Tab 20mg,0212000B0AAABAB,1,-0.0030999999999998737
277,C88052,Clonazepam_Tab 500mcg,0408010F0AAABAB,11,1.3193999999999977
278,C88052,Clopidogrel_Tab 75mg,0209000C0AAAAAA,3,0.014699999999999984
279,C88052,Ferr Sulf_Tab 200mg,0901011P0AAACAC,1,0.017999999999999267
280,C88052,Paracet_Tab 500mg,0407010H0AAAMAM,104,20.23760000000002
281,C88053,Atorvastatin_Tab 10mg,0212000B0AAAAAA,9,0.018900000000000104
282,C88053,Atorvastatin_Tab 40mg,0212000B0AAACAC,1,-0.0029999999999998778
283,C88053,Clonazepam_Tab 500mcg,0408010F0AAABAB,3,1.059399999999998
284,C88053,Clopidogrel_Tab 75mg,0209000C0AAAAAA,15,0.07349999999999993
285,C88053,Ferr Sulf_Tab 200mg,0901011P0AAACAC,13,0.016799999999999607
286,C88053,Paracet_Tab 500mg,0407010H0AAAMAM,110,49.924800000000005
287,C88054,Atorvastatin_Tab 10mg,0212000B0AAAAAA,5,0.010500000000000058
288,C88054,Clonazepam_Tab 500mcg,0408010F0AAABAB,2,0.8547999999999987
289,C88054,Clopidogrel_Tab 75mg,0209000C0AAAAAA,34,0.1665999999999998
290,C88054,Ferr Sulf_Tab 200mg,0901011P0AAACAC,21,0.056199999999999015
291,C88054,Memantine HCl_Tab 20mg,0411000G0AAADAD,4,0.01959999999999998
292,C88054,Paracet_Tab 500mg,0407010H0AAAMAM,16,-0.08959999999999946
293,C88054,Risperidone_Tab 6mg,040201030AAAFAF,1,58.4192
294,C88059,Atorvastatin_Tab 10mg,0212000B0AAAAAA,9,0.018900000000000104
295,C88059,Atorvastatin_Tab 20mg,0212000B0AAABAB,1,-0.0029999999999998778
296,C88059,Clonazepam_Tab 500mcg,0408010F0AAABAB,1,1.1299999999999977
297,C88059,Clopidogrel_Tab 75mg,0209000C0AAAAAA,18,0.0881999999999999
298,C88059,Ferr Sulf_Tab 200mg,0901011P0AAACAC,37,0.08339999999999835
299,C88059,Paracet_Tab 500mg,0407010H0AAAMAM,8,-0.04479999999999973
300,C88060,Atorvastatin_Tab 10mg,0212000B0AAAAAA,4,0.008400000000000046
301,C88060,Atorvastatin_Tab 20mg,0212000B0AAABAB,115,45.36280000000001
302,C88060,Clonazepam_Tab 500mcg,0408010F0AAABAB,5,1.2711999999999968
303,C88060,Clopidogrel_Tab 75mg,0209000C0AAAAAA,65,0.3184999999999997
304,C88060,Ferr Sulf_Tab 200mg,0901011P0AAACAC,49,105.83159999999997
305,C88060,Memantine HCl_Tab 20mg,0411000G0AAADAD,4,47.9304
306,C88060,Paracet_Tab 500mg,0407010H0AAAMAM,28,0.20999999999999874
307,C88062,Atorvastatin_Tab 10mg,0212000B0AAAAAA,8,0.016800000000000093
308,C88062,Clonazepam_Tab 500mcg,0408010F0AAABAB,2,0.6553999999999987
309,C88062,Clopidogrel_Tab 75mg,0209000C0AAAAAA,4,0.01959999999999998
310,C88062,Ferr Sulf_Tab 200mg,0901011P0AAACAC,4,0.011199999999999932
311,C88062,Memantine HCl_Tab 20mg,0411000G0AAADAD,4,0.01959999999999998
312,C88062,Paracet_Tab 500mg,0407010H0AAAMAM,12,20.184
313,C88068,Atorvastatin_Tab 10mg,0212000B0AAAAAA,12,11.6676
314,C88068,Atorvastatin_Tab 20mg,0212000B0AAABAB,48,22.579200000000004
315,C88068,Clopidogrel_Tab 75mg,0209000C0AAAAAA,12,0.058799999999999936
316,C88068,Ferr Sulf_Tab 200mg,0901011P0AAACAC,13,0.02799999999999954
317,C88068,Paracet_Tab 500mg,0407010H0AAAMAM,22,-0.04479999999999973
318,C88069,Atorvastatin_Tab 10mg,0212000B0AAAAAA,60,11.634699999999997
319,C88069,Atorvastatin_Tab 20mg,0212000B0AAABAB,293,90.34480000000002
320,C88069,Clonazepam_Tab 500mcg,0408010F0AAABAB,17,5.07119999999999
321,C88069,Clopidogrel_Tab 75mg,0209000C0AAAAAA,100,0.4619999999999995
322,C88069,Ferr Sulf_Tab 200mg,0901011P0AAACAC,103,0.07049999999999434
323,C88069,Paracet_Tab 500mg,0407010H0AAAMAM,1094,44.03760000000016
324,C88070,Atorvastatin_Tab 10mg,0212000B0AAAAAA,4,0.008400000000000046
325,C88070,Clonazepam_Tab 500mcg,0408010F0AAABAB,10,4.68319999999999
326,C88070,Clopidogrel_Tab 75mg,0209000C0AAAAAA,13,0.06369999999999992
327,C88070,Ferr Sulf_Tab 200mg,0901011P0AAACAC,11,0.03079999999999959
328,C88070,Paracet_Tab 500mg,0407010H0AAAMAM,26,-0.11919999999999928
329,C88072,Atorvastatin_Tab 10mg,0212000B0AAAAAA,125,0.2646000000000014
330,C88072,Atorvastatin_Tab 20mg,0212000B0AAABAB,197,22.586000000000016
331,C88072,Atorvastatin_Tab 40mg,0212000B0AAACAC,1,-0.004199999999999995
332,C88072,Clonazepam_Tab 500mcg,0408010F0AAABAB,25,6.5179999999999865
333,C88072,Clopidogrel_Tab 75mg,0209000C0AAAAAA,205,0.9974999999999989
334,C88072,Ferr Sulf_Tab 200mg,0901011P0AAACAC,144,0.01959999999999318
335,C88072,Memantine HCl_Tab 20mg,0411000G0AAADAD,28,63.93730000000001
336,C88072,Montelukast_Tab 10mg,0303020G0AAABAB,1,-0.0030000000000000027
337,C88072,Paracet_Tab 500mg,0407010H0AAAMAM,932,36.69000000000016
338,C88072,Risperidone_Tab 6mg,040201030AAAFAF,4,29.232
339,C88073,Atorvastatin_Tab 10mg,0212000B0AAAAAA,43,11.606700000000004
340,C88073,Atorvastatin_Tab 20mg,0212000B0AAABAB,37,0.20720000000000593
341,C88073,Clonazepam_Tab 500mcg,0408010F0AAABAB,9,5.333599999999989
342,C88073,Clopidogrel_Tab 75mg,0209000C0AAAAAA,71,88.71430000000001
343,C88073,Ferr Sulf_Tab 200mg,0901011P0AAACAC,30,0.05659999999999847
344,C88073,Memantine HCl_Tab 20mg,0411000G0AAADAD,6,63.9212
345,C88073,Paracet_Tab 500mg,0407010H0AAAMAM,136,31.06900000000003
346,C88074,Atorvastatin_Tab 10mg,0212000B0AAAAAA,18,0.03780000000000021
347,C88074,Clonazepam_Tab 500mcg,0408010F0AAABAB,3,1.7853999999999963
348,C88074,Clopidogrel_Tab 75mg,0209000C0AAAAAA,19,0.06229999999999994
349,C88074,Ferr Sulf_Tab 200mg,0901011P0AAACAC,17,-0.01610000000000085
350,C88074,Memantine HCl_Tab 20mg,0411000G0AAADAD,4,0.01959999999999998
351,C88074,Paracet_Tab 500mg,0407010H0AAAMAM,60,-0.19039999999999885
352,C88076,Atorvastatin_Tab 10mg,0212000B0AAAAAA,12,0.02520000000000014
353,C88076,Clonazepam_Tab 500mcg,0408010F0AAABAB,14,6.298599999999987
354,C88076,Clopidogrel_Tab 75mg,0209000C0AAAAAA,39,0.1910999999999998
355,C88076,Ferr Sulf_Tab 200mg,0901011P0AAACAC,95,0.049099999999996743
356,C88076,Memantine HCl_Tab 20mg,0411000G0AAADAD,4,0.01959999999999998
357,C88076,Paracet_Tab 500mg,0407010H0AAAMAM,12,0.03299999999999979
358,C88077,Atorvastatin_Tab 20mg,0212000B0AAABAB,133,202.97760000000002
359,C88077,Clonazepam_Tab 500mcg,0408010F0AAABAB,4,4.429599999999991
360,C88077,Clopidogrel_Tab 75mg,0209000C0AAAAAA,20,0.05599999999999772
361,C88077,Ferr Sulf_Tab 200mg,0901011P0AAACAC,4,-0.00840000000000024
362,C88078,Atorvastatin_Tab 10mg,0212000B0AAAAAA,5,0.01260000000000007
363,C88078,Atorvastatin_Tab 20mg,0212000B0AAABAB,406,22.73600000000002
364,C88078,Clonazepam_Tab 500mcg,0408010F0AAABAB,3,1.5819999999999967
365,C88078,Clopidogrel_Tab 75mg,0209000C0AAAAAA,29,0.14209999999999984
366,C88078,Ferr Sulf_Tab 200mg,0901011P0AAACAC,9,0.005599999999999675
367,C88078,Memantine HCl_Tab 20mg,0411000G0AAADAD,5,106.666
368,C88078,Montelukast_Tab 10mg,0303020G0AAABAB,22,48.7256
369,C88078,Paracet_Tab 500mg,0407010H0AAAMAM,556,283.64440000000013
370,C88079,Atorvastatin_Tab 10mg,0212000B0AAAAAA,12,0.02520000000000014
371,C88079,Clonazepam_Tab 500mcg,0408010F0AAABAB,6,1.5707999999999918
372,C88079,Clopidogrel_Tab 75mg,0209000C0AAAAAA,83,0.40669999999999956
373,C88079,Ferr Sulf_Tab 200mg,0901011P0AAACAC,37,0.08959999999999887
374,C88079,Memantine HCl_Tab 20mg,0411000G0AAADAD,5,0.024499999999999973
375,C88079,Paracet_Tab 500mg,0407010H0AAAMAM,112,20.356800000000014
376,C88082,Clopidogrel_Tab 75mg,0209000C0AAAAAA,11,0.05389999999999994
377,C88082,Ferr Sulf_Tab 200mg,0901011P0AAACAC,12,-0.025200000000000722
378,C88083,Atorvastatin_Tab 10mg,0212000B0AAAAAA,8,0.018900000000000104
379,C88083,Atorvastatin_Tab 20mg,0212000B0AAABAB,1,-0.003999999999999976
380,C88083,Clonazepam_Tab 500mcg,0408010F0AAABAB,7,1.1864999999999974
381,C88083,Clopidogrel_Tab 75mg,0209000C0AAAAAA,20,0.09799999999999989
382,C88083,Ferr Sulf_Tab 200mg,0901011P0AAACAC,12,0.044099999999999515
383,C88083,Paracet_Tab 500mg,0407010H0AAAMAM,28,10.440000000000003
384,C88084,Atorvastatin_Tab 10mg,0212000B0AAAAAA,37,11.675999999999998
385,C88084,Atorvastatin_Tab 20mg,0212000B0AAABAB,39,45.044999999999995
386,C88084,Clonazepam_Tab 500mcg,0408010F0AAABAB,1,0.31639999999999935
387,C88084,Clopidogrel_Tab 75mg,0209000C0AAAAAA,56,0.2743999999999997
388,C88084,Ferr Sulf_Tab 200mg,0901011P0AAACAC,30,-0.0077000000000014834
389,C88084,Memantine HCl_Tab 20mg,0411000G0AAADAD,1,0.004899999999999995
390,C88084,Paracet_Tab 500mg,0407010H0AAAMAM,218,9.202400000000008
391,C88085,Atorvastatin_Tab 10mg,0212000B0AAAAAA,8,0.016800000000000093
392,C88085,Atorvastatin_Tab 20mg,0212000B0AAABAB,150,22.680000000000007
393,C88085,Clonazepam_Tab 500mcg,0408010F0AAABAB,7,1.2881999999999973
394,C88085,Clopidogrel_Tab 75mg,0209000C0AAAAAA,49,31.165200000000002
395,C88085,Ferr Sulf_Tab 200mg,0901011P0AAACAC,42,0.053899999999998144
396,C88085,Memantine HCl_Tab 20mg,0411000G0AAADAD,20,63.95969999999999
397,C88085,Paracet_Tab 500mg,0407010H0AAAMAM,512,66.9952
398,C88086,Atorvastatin_Tab 10mg,0212000B0AAAAAA,7,0.014700000000000081
399,C88086,Atorvastatin_Tab 20mg,0212000B0AAABAB,2,0.0014000000000001372
400,C88086,Clonazepam_Tab 500mcg,0408010F0AAABAB,3,1.2655999999999974
401,C88086,Clopidogrel_Tab 75mg,0209000C0AAAAAA,8,0.03919999999999996
402,C88086,Ferr Sulf_Tab 200mg,0901011P0AAACAC,29,0.08679999999999918
403,C88086,Paracet_Tab 500mg,0407010H0AAAMAM,246,69.848
404,C88087,Atorvastatin_Tab 10mg,0212000B0AAAAAA,67,11.622800000000003
405,C88087,Atorvastatin_Tab 20mg,0212000B0AAABAB,444,157.88640000000004
406,C88087,Clonazepam_Tab 500mcg,0408010F0AAABAB,5,8.271599999999983
407,C88087,Clopidogrel_Tab 75mg,0209000C0AAAAAA,78,0.3821999999999996
408,C88087,Ferr Sulf_Tab 200mg,0901011P0AAACAC,62,0.153299999999998
409,C88087,Memantine HCl_Tab 20mg,0411000G0AAADAD,4,0.01959999999999998
410,C88087,Paracet_Tab 500mg,0407010H0AAAMAM,498,77.95440000000006
411,C88088,Clonazepam_Tab 500mcg,0408010F0AAABAB,7,3.1639999999999935
412,C88088,Clopidogrel_Tab 75mg,0209000C0AAAAAA,6,0.028499999999999977
413,C88088,Paracet_Tab 500mg,0407010H0AAAMAM,10,-0.009599999999999942
414,C88090,Atorvastatin_Tab 10mg,0212000B0AAAAAA,25,0.05250000000000029
415,C88090,Atorvastatin_Tab 20mg,0212000B0AAABAB,144,22.579200000000032
416,C88090,Atorvastatin_Tab 40mg,0212000B0AAACAC,1,-0.002799999999999997
417,C88090,Clonazepam_Tab 500mcg,0408010F0AAABAB,7,4.1922999999999915
418,C88090,Clopidogrel_Tab 75mg,0209000C0AAAAAA,69,0.3380999999999996
419,C88090,Ferr Sulf_Tab 200mg,0901011P0AAACAC,103,0.1874999999999949
420,C88090,Montelukast_Tab 10mg,0303020G0AAABAB,1,0.0013999999999999985
421,C88090,Paracet_Tab 500mg,0407010H0AAAMAM,116,22.17200000000002
422,C88090,Risperidone_Tab 6mg,040201030AAAFAF,1,58.4192
423,C88091,Atorvastatin_Tab 10mg,0212000B0AAAAAA,1,-0.008999999999999946
424,C88091,Clonazepam_Tab 500mcg,0408010F0AAABAB,1,0.6327999999999987
425,C88092,Atorvastatin_Tab 10mg,0212000B0AAAAAA,14,0.029400000000000162
426,C88092,Clonazepam_Tab 500mcg,0408010F0AAABAB,7,3.8419999999999916
427,C88092,Clopidogrel_Tab 75mg,0209000C0AAAAAA,23,0.11269999999999988
428,C88092,Ferr Sulf_Tab 200mg,0901011P0AAACAC,26,0.08819999999999903
429,C88092,Paracet_Tab 500mg,0407010H0AAAMAM,426,-7.9971999999999515
430,C88092,Risperidone_Tab 6mg,040201030AAAFAF,2,116.8384
431,C88095,Atorvastatin_Tab 10mg,0212000B0AAAAAA,4,0.008400000000000046
432,C88095,Clonazepam_Tab 500mcg,0408010F0AAABAB,4,1.898399999999996
433,C88095,Clopidogrel_Tab 75mg,0209000C0AAAAAA,24,0.11759999999999987
434,C88095,Ferr Sulf_Tab 200mg,0901011P0AAACAC,15,0.007499999999999021
435,C88095,Memantine HCl_Tab 20mg,0411000G0AAADAD,12,63.9268
436,C88095,Paracet_Tab 500mg,0407010H0AAAMAM,54,10.046400000000002
437,C88096,Atorvastatin_Tab 10mg,0212000B0AAAAAA,23,0.05250000000000029
438,C88096,Clonazepam_Tab 500mcg,0408010F0AAABAB,11,8.057599999999988
439,C88096,Clopidogrel_Tab 75mg,0209000C0AAAAAA,40,0.19599999999999979
440,C88096,Ferr Sulf_Tab 200mg,0901011P0AAACAC,46,0.14949999999999825
441,C88096,Memantine HCl_Tab 20mg,0411000G0AAADAD,4,0.01959999999999998
442,C88096,Paracet_Tab 500mg,0407010H0AAAMAM,364,52.49440000000007
443,C88622,Atorvastatin_Tab 10mg,0212000B0AAAAAA,12,0.02520000000000014
444,C88622,Atorvastatin_Tab 40mg,0212000B0AAACAC,40,66.752
445,C88622,Clopidogrel_Tab 75mg,0209000C0AAAAAA,4,0.01959999999999998
446,C88622,Ferr Sulf_Tab 200mg,0901011P0AAACAC,31,0.11899999999999855
447,C88627,Clonazepam_Tab 500mcg,0408010F0AAABAB,1,0.31639999999999935
448,C88627,Ferr Sulf_Tab 200mg,0901011P0AAACAC,2,0.011599999999999722
449,C88627,Paracet_Tab 500mg,0407010H0AAAMAM,6,-0.0335999999999998
450,C88631,Clonazepam_Tab 500mcg,0408010F0AAABAB,1,0.15819999999999967
451,C88631,Clopidogrel_Tab 75mg,0209000C0AAAAAA,14,0.06859999999999992
452,C88631,Ferr Sulf_Tab 200mg,0901011P0AAACAC,33,0.18029999999999718
453,C88631,Paracet_Tab 500mg,0407010H0AAAMAM,24,0.0979999999999994
454,C88643,Clonazepam_Tab 500mcg,0408010F0AAABAB,2,1.7627999999999964
455,C88643,Clopidogrel_Tab 75mg,0209000C0AAAAAA,29,0.14209999999999984
456,C88643,Ferr Sulf_Tab 200mg,0901011P0AAACAC,21,-0.0049000000000009175
457,C88643,Memantine HCl_Tab 20mg,0411000G0AAADAD,3,0.014699999999999984
458,C88643,Paracet_Tab 500mg,0407010H0AAAMAM,6,0.0007999999999999952
459,C88647,Atorvastatin_Tab 10mg,0212000B0AAAAAA,8,0.016800000000000093
460,C88647,Clonazepam_Tab 500mcg,0408010F0AAABAB,1,0.15819999999999967
461,C88647,Clopidogrel_Tab 75mg,0209000C0AAAAAA,4,0.01959999999999998
462,C88647,Ferr Sulf_Tab 200mg,0901011P0AAACAC,19,-0.02030000000000097
463,C88647,Montelukast_Tab 10mg,0303020G0AAABAB,15,48.76199999999999
464,C88647,Paracet_Tab 500mg,0407010H0AAAMAM,8,0.3072000000000008
465,C88648,Atorvastatin_Tab 10mg,0212000B0AAAAAA,100,22.953000000000003
466,C88648,Clonazepam_Tab 500mcg,0408010F0AAABAB,12,4.429599999999992
467,C88648,Clopidogrel_Tab 75mg,0209000C0AAAAAA,11,0.05389999999999994
468,C88648,Ferr Sulf_Tab 200mg,0901011P0AAACAC,12,0.07279999999999956
469,C88648,Paracet_Tab 500mg,0407010H0AAAMAM,104,43.665600000000005
470,C88652,Atorvastatin_Tab 10mg,0212000B0AAAAAA,8,11.625599999999999
471,C88652,Atorvastatin_Tab 20mg,0212000B0AAABAB,19,0.24640000000000084
472,C88652,Clonazepam_Tab 500mcg,0408010F0AAABAB,1,1.1299999999999977
473,C88652,Clopidogrel_Tab 75mg,0209000C0AAAAAA,14,0.06859999999999992
474,C88652,Ferr Sulf_Tab 200mg,0901011P0AAACAC,27,0.10919999999999905
475,C88652,Memantine HCl_Tab 20mg,0411000G0AAADAD,8,127.79760000000002
476,C88652,Montelukast_Tab 10mg,0303020G0AAABAB,6,24.376800000000003
477,C88652,Paracet_Tab 500mg,0407010H0AAAMAM,88,135.96079999999998
478,C88656,Atorvastatin_Tab 10mg,0212000B0AAAAAA,4,0.008400000000000046
479,C88656,Clonazepam_Tab 500mcg,0408010F0AAABAB,3,1.5819999999999967
480,C88656,Clopidogrel_Tab 75mg,0209000C0AAAAAA,16,0.07839999999999991
481,C88656,Ferr Sulf_Tab 200mg,0901011P0AAACAC,15,0.05599999999999966
482,C88656,Paracet_Tab 500mg,0407010H0AAAMAM,164,51.96560000000001
483,Y01173,Atorvastatin_Tab 20mg,0212000B0AAABAB,1,-0.004199999999999995
484,Y01173,Clonazepam_Tab 500mcg,0408010F0AAABAB,1,0.15819999999999967
485,Y01173,Clopidogrel_Tab 75mg,0209000C0AAAAAA,1,0.004899999999999995
486,Y01173,Ferr Sulf_Tab 200mg,0901011P0AAACAC,1,0.0023999999999999855
487,Y01173,Paracet_Tab 500mg,0407010H0AAAMAM,8,0.012399999999999925
488,Y02565,Atorvastatin_Tab 10mg,0212000B0AAAAAA,1,0.004200000000000023
489,Y02565,Atorvastatin_Tab 40mg,0212000B0AAACAC,1,-0.004000000000000045
490,Y02565,Paracet_Tab 500mg,0407010H0AAAMAM,2,-0.007999999999999952
491,Y03291,Clopidogrel_Tab 75mg,0209000C0AAAAAA,4,0.01959999999999998
492,Y03894,Paracet_Tab 500mg,0407010H0AAAMAM,2,-0.011199999999999932
493,Y04338,Clonazepam_Tab 500mcg,0408010F0AAABAB,5,1.193799999999998
494,Y05349,Clonazepam_Tab 500mcg,0408010F0AAABAB,1,0.3389999999999993
495,Y05349,Clopidogrel_Tab 75mg,0209000C0AAAAAA,6,0.029399999999999968
496,Y05349,Ferr Sulf_Tab 200mg,0901011P0AAACAC,4,0.011199999999999932
