,practice_code,bnf_description,bnf_code,items,excess_cost
0,C83065,Letrozole_Tab 2.5mg,0803041L0AAAAAA,9,213.8976
7,C83022,Atorvastatin_Tab 20mg,0212000B0AAABAB,558,203.11200000000008
86,C83054,Sumatriptan_Tab 100mg,0407041T0AAACAC,1,117.6952
32,C83022,Pregabalin_Cap 25mg,0408010AEAAAAAA,12,112.7952
267,C83007,Donepezil HCl_Orodisper Tab 5mg S/F,0411000D0AAADAD,2,105.45920000000001
13,C83065,Atorvastatin_Tab 80mg,0212000B0AAADAD,48,99.1872
1,C83022,Letrozole_Tab 2.5mg,0803041L0AAAAAA,17,71.3048
33,C83065,Pregabalin_Cap 25mg,0408010AEAAAAAA,3,59.6064
56,C83065,Sertraline HCl_Tab 100mg,0403030Q0AAABAB,7,54.0274
57,C83065,Sertraline HCl_Tab 100mg,0403030Q0AAABAB,7,54.017599999999995
268,C83022,Tolterodine_Tab 2mg,0704020N0AAABAB,30,51.114000000000004
14,C83007,Atorvastatin_Tab 80mg,0212000B0AAADAD,3,49.6104
8,C83007,Atorvastatin_Tab 20mg,0212000B0AAABAB,713,45.917200000000065
58,C83022,Sertraline HCl_Tab 100mg,0403030Q0AAABAB,1,43.407000000000004
15,C83022,Atorvastatin_Tab 80mg,0212000B0AAADAD,178,36.3832
269,C83022,Tolterodine_Tab 2mg,0704020N0AAABAB,18,28.52639999999999
270,C83007,Tolterodine_Tab 2mg,0704020N0AAABAB,15,25.535999999999998
87,C83054,Sumatriptan_Tab 100mg,0407041T0AAACAC,8,25.219200000000004
9,C83065,Atorvastatin_Tab 20mg,0212000B0AAABAB,309,24.225600000000032
176,C83022,Paracet_Tab 500mg,0407010H0AAAMAM,4,12.096
175,C83022,Paracet_Tab 500mg,0407010H0AAAMAM,4,12.096
178,C83022,Paracet_Tab 500mg,0407010H0AAAMAM,73,11.037600000000005
177,C83022,Paracet_Tab 500mg,0407010H0AAAMAM,73,11.037600000000005
180,C83022,Paracet_Tab 500mg,0407010H0AAAMAM,58,10.440000000000017
179,C83022,Paracet_Tab 500mg,0407010H0AAAMAM,58,10.440000000000017
182,C83007,Paracet_Tab 500mg,0407010H0AAAMAM,126,10.080000000000027
181,C83007,Paracet_Tab 500mg,0407010H0AAAMAM,126,10.080000000000027
183,C83007,Paracet_Tab 500mg,0407010H0AAAMAM,436,8.720000000000098
184,C83007,Paracet_Tab 500mg,0407010H0AAAMAM,436,8.720000000000098
89,C83007,Clonazepam_Tab 500mcg,0408010F0AAABAB,6,5.695199999999988
186,C83065,Paracet_Tab 500mg,0407010H0AAAMAM,138,5.520000000000015
185,C83065,Paracet_Tab 500mg,0407010H0AAAMAM,138,5.520000000000015
91,C83003,Clonazepam_Tab 500mcg,0408010F0AAABAB,5,4.74599999999999
90,C83007,Clonazepam_Tab 500mcg,0408010F0AAABAB,15,4.74599999999999
92,C83007,Clonazepam_Tab 500mcg,0408010F0AAABAB,4,4.519999999999991
93,C83063,Clonazepam_Tab 500mcg,0408010F0AAABAB,7,4.429599999999991
94,C83026,Clonazepam_Tab 500mcg,0408010F0AAABAB,7,4.429599999999991
95,C83007,Clonazepam_Tab 500mcg,0408010F0AAABAB,6,3.796799999999992
96,C83035,Clonazepam_Tab 500mcg,0408010F0AAABAB,2,3.796799999999992
97,C83035,Clonazepam_Tab 500mcg,0408010F0AAABAB,12,3.796799999999992
98,C83026,Clonazepam_Tab 500mcg,0408010F0AAABAB,11,3.480399999999993
99,C83063,Clonazepam_Tab 500mcg,0408010F0AAABAB,1,3.050999999999994
88,C83065,Sumatriptan_Tab 100mg,0407041T0AAACAC,3,2.8907999999999996
100,C83063,Clonazepam_Tab 500mcg,0408010F0AAABAB,2,2.7119999999999944
187,C83007,Paracet_Tab 500mg,0407010H0AAAMAM,6,2.5200000000000005
188,C83007,Paracet_Tab 500mg,0407010H0AAAMAM,6,2.5200000000000005
101,C83003,Clonazepam_Tab 500mcg,0408010F0AAABAB,5,2.372999999999995
102,C83003,Clonazepam_Tab 500mcg,0408010F0AAABAB,1,2.2599999999999953
103,C83063,Clonazepam_Tab 500mcg,0408010F0AAABAB,2,2.2599999999999953
104,C83026,Clonazepam_Tab 500mcg,0408010F0AAABAB,2,2.2599999999999953
105,C83003,Clonazepam_Tab 500mcg,0408010F0AAABAB,7,2.2147999999999954
106,C83036,Clonazepam_Tab 500mcg,0408010F0AAABAB,3,2.033999999999996
107,C83035,Clonazepam_Tab 500mcg,0408010F0AAABAB,1,1.920999999999996
108,C83054,Clonazepam_Tab 500mcg,0408010F0AAABAB,3,1.898399999999996
109,C83022,Clonazepam_Tab 500mcg,0408010F0AAABAB,6,1.898399999999996
111,C83003,Clonazepam_Tab 500mcg,0408010F0AAABAB,11,1.7401999999999964
110,C83054,Clonazepam_Tab 500mcg,0408010F0AAABAB,11,1.7401999999999964
113,C83007,Clonazepam_Tab 500mcg,0408010F0AAABAB,1,1.5819999999999967
114,C83063,Clonazepam_Tab 500mcg,0408010F0AAABAB,5,1.5819999999999967
112,C83054,Clonazepam_Tab 500mcg,0408010F0AAABAB,5,1.5819999999999967
115,C83036,Clonazepam_Tab 500mcg,0408010F0AAABAB,5,1.5819999999999967
116,C83026,Clonazepam_Tab 500mcg,0408010F0AAABAB,1,1.5819999999999967
117,C83003,Clonazepam_Tab 500mcg,0408010F0AAABAB,19,1.5028999999999968
118,C83614,Clonazepam_Tab 500mcg,0408010F0AAABAB,1,1.3559999999999972
119,C83022,Clonazepam_Tab 500mcg,0408010F0AAABAB,2,1.3559999999999972
120,C83065,Clonazepam_Tab 500mcg,0408010F0AAABAB,2,1.2655999999999974
121,C83003,Clonazepam_Tab 500mcg,0408010F0AAABAB,2,1.2655999999999974
122,C83054,Clonazepam_Tab 500mcg,0408010F0AAABAB,1,1.2655999999999974
123,C83022,Clonazepam_Tab 500mcg,0408010F0AAABAB,2,1.2655999999999974
124,C83022,Clonazepam_Tab 500mcg,0408010F0AAABAB,5,1.1864999999999974
125,C83022,Clonazepam_Tab 500mcg,0408010F0AAABAB,15,1.1864999999999974
128,C83617,Clonazepam_Tab 500mcg,0408010F0AAABAB,1,1.1299999999999977
126,C83039,Clonazepam_Tab 500mcg,0408010F0AAABAB,1,1.1299999999999977
127,C83022,Clonazepam_Tab 500mcg,0408010F0AAABAB,1,1.1299999999999977
129,C83035,Clonazepam_Tab 500mcg,0408010F0AAABAB,1,1.016999999999998
131,C83063,Clonazepam_Tab 500mcg,0408010F0AAABAB,12,0.949199999999998
132,C83007,Clonazepam_Tab 500mcg,0408010F0AAABAB,4,0.949199999999998
133,C83026,Clonazepam_Tab 500mcg,0408010F0AAABAB,2,0.949199999999998
134,C83007,Clonazepam_Tab 500mcg,0408010F0AAABAB,12,0.949199999999998
135,C83617,Clonazepam_Tab 500mcg,0408010F0AAABAB,3,0.949199999999998
136,C83614,Clonazepam_Tab 500mcg,0408010F0AAABAB,4,0.949199999999998
137,C83022,Clonazepam_Tab 500mcg,0408010F0AAABAB,1,0.949199999999998
139,C83039,Clonazepam_Tab 500mcg,0408010F0AAABAB,1,0.949199999999998
140,C83039,Clonazepam_Tab 500mcg,0408010F0AAABAB,4,0.949199999999998
130,C83063,Clonazepam_Tab 500mcg,0408010F0AAABAB,1,0.949199999999998
138,C83065,Clonazepam_Tab 500mcg,0408010F0AAABAB,1,0.949199999999998
59,C83022,Sertraline HCl_Tab 100mg,0403030Q0AAABAB,26,0.8736000000000048
141,C83036,Clonazepam_Tab 500mcg,0408010F0AAABAB,5,0.7909999999999984
142,C83022,Clonazepam_Tab 500mcg,0408010F0AAABAB,5,0.7909999999999984
144,C83065,Clonazepam_Tab 500mcg,0408010F0AAABAB,2,0.6779999999999986
146,C83003,Clonazepam_Tab 500mcg,0408010F0AAABAB,1,0.6779999999999986
145,C83039,Clonazepam_Tab 500mcg,0408010F0AAABAB,1,0.6779999999999986
143,C83007,Clonazepam_Tab 500mcg,0408010F0AAABAB,1,0.6779999999999986
150,C83631,Clonazepam_Tab 500mcg,0408010F0AAABAB,1,0.6327999999999987
153,C83036,Clonazepam_Tab 500mcg,0408010F0AAABAB,1,0.6327999999999987
152,C83617,Clonazepam_Tab 500mcg,0408010F0AAABAB,1,0.6327999999999987
149,C83065,Clonazepam_Tab 500mcg,0408010F0AAABAB,2,0.6327999999999987
148,C83035,Clonazepam_Tab 500mcg,0408010F0AAABAB,1,0.6327999999999987
147,C83614,Clonazepam_Tab 500mcg,0408010F0AAABAB,2,0.6327999999999987
151,C83063,Clonazepam_Tab 500mcg,0408010F0AAABAB,4,0.6327999999999987
154,C83022,Clonazepam_Tab 500mcg,0408010F0AAABAB,5,0.58
155,C83054,Clonazepam_Tab 500mcg,0408010F0AAABAB,1,0.5699999999999983
156,C83026,Clonazepam_Tab 500mcg,0408010F0AAABAB,1,0.5699999999999983
157,C83007,Clonazepam_Tab 500mcg,0408010F0AAABAB,4,0.48839999999999995
158,C83036,Clonazepam_Tab 500mcg,0408010F0AAABAB,1,0.474599999999999
159,C83035,Clonazepam_Tab 500mcg,0408010F0AAABAB,3,0.474599999999999
60,C83065,Sertraline HCl_Tab 100mg,0403030Q0AAABAB,38,0.4255999999999974
163,C83036,Clonazepam_Tab 500mcg,0408010F0AAABAB,1,0.3389999999999993
164,C83063,Clonazepam_Tab 500mcg,0408010F0AAABAB,1,0.3389999999999993
161,C83039,Clonazepam_Tab 500mcg,0408010F0AAABAB,1,0.3389999999999993
160,C83022,Clonazepam_Tab 500mcg,0408010F0AAABAB,1,0.3389999999999993
162,C83007,Clonazepam_Tab 500mcg,0408010F0AAABAB,1,0.3389999999999993
61,C83022,Sertraline HCl_Tab 100mg,0403030Q0AAABAB,59,0.33039999999999803
16,C83022,Atorvastatin_Tab 80mg,0212000B0AAADAD,151,0.3171000000000091
166,C83026,Clonazepam_Tab 500mcg,0408010F0AAABAB,2,0.31639999999999935
165,C83036,Clonazepam_Tab 500mcg,0408010F0AAABAB,4,0.31639999999999935
62,C83036,Sertraline HCl_Tab 100mg,0403030Q0AAABAB,129,0.2709000000000015
167,C83007,Clonazepam_Tab 500mcg,0408010F0AAABAB,1,0.22199999999999998
2,C83022,Letrozole_Tab 2.5mg,0803041L0AAAAAA,43,0.21070000000000186
168,C83617,Clonazepam_Tab 500mcg,0408010F0AAABAB,1,0.20159999999999978
17,C83003,Atorvastatin_Tab 80mg,0212000B0AAADAD,86,0.18060000000000517
18,C83036,Atorvastatin_Tab 80mg,0212000B0AAADAD,83,0.174300000000005
169,C83026,Clonazepam_Tab 500mcg,0408010F0AAABAB,1,0.174
170,C83063,Clonazepam_Tab 500mcg,0408010F0AAABAB,4,0.16959999999999997
171,C83035,Clonazepam_Tab 500mcg,0408010F0AAABAB,4,0.16959999999999997
173,C83614,Clonazepam_Tab 500mcg,0408010F0AAABAB,1,0.15819999999999967
172,C83007,Clonazepam_Tab 500mcg,0408010F0AAABAB,1,0.15819999999999967
174,C83003,Clonazepam_Tab 500mcg,0408010F0AAABAB,4,0.14759999999999973
63,C83003,Sertraline HCl_Tab 100mg,0403030Q0AAABAB,35,0.1470000000000008
3,C83003,Letrozole_Tab 2.5mg,0803041L0AAAAAA,29,0.14210000000000125
64,C83003,Sertraline HCl_Tab 100mg,0403030Q0AAABAB,66,0.13860000000000078
65,C83036,Sertraline HCl_Tab 100mg,0403030Q0AAABAB,31,0.1302000000000007
66,C83063,Sertraline HCl_Tab 100mg,0403030Q0AAABAB,49,0.10290000000000057
189,C83063,Paracet_Tab 500mg,0407010H0AAAMAM,24,0.10079999999999939
190,C83063,Paracet_Tab 500mg,0407010H0AAAMAM,24,0.10079999999999939
34,C83003,Pregabalin_Cap 25mg,0408010AEAAAAAA,21,0.08819999999999845
19,C83063,Atorvastatin_Tab 80mg,0212000B0AAADAD,40,0.0840000000000024
192,C83022,Paracet_Tab 500mg,0407010H0AAAMAM,29,0.08119999999999951
191,C83022,Paracet_Tab 500mg,0407010H0AAAMAM,29,0.08119999999999951
194,C83036,Paracet_Tab 500mg,0407010H0AAAMAM,26,0.07279999999999956
193,C83036,Paracet_Tab 500mg,0407010H0AAAMAM,26,0.07279999999999956
67,C83007,Sertraline HCl_Tab 100mg,0403030Q0AAABAB,34,0.0714000000000004
20,C83614,Atorvastatin_Tab 80mg,0212000B0AAADAD,32,0.06720000000000192
68,C83022,Sertraline HCl_Tab 100mg,0403030Q0AAABAB,16,0.06720000000000037
21,C83007,Atorvastatin_Tab 80mg,0212000B0AAADAD,31,0.06510000000000186
69,C83022,Sertraline HCl_Tab 100mg,0403030Q0AAABAB,26,0.0546000000000003
195,C83036,Paracet_Tab 500mg,0407010H0AAAMAM,13,0.05459999999999967
196,C83036,Paracet_Tab 500mg,0407010H0AAAMAM,13,0.05459999999999967
197,C83003,Paracet_Tab 500mg,0407010H0AAAMAM,19,0.05319999999999968
198,C83003,Paracet_Tab 500mg,0407010H0AAAMAM,19,0.05319999999999968
70,C83035,Sertraline HCl_Tab 100mg,0403030Q0AAABAB,11,0.046200000000000255
22,C83039,Atorvastatin_Tab 80mg,0212000B0AAADAD,21,0.04410000000000126
73,C83026,Sertraline HCl_Tab 100mg,0403030Q0AAABAB,20,0.04200000000000023
72,C83063,Sertraline HCl_Tab 100mg,0403030Q0AAABAB,10,0.04200000000000023
71,C83007,Sertraline HCl_Tab 100mg,0403030Q0AAABAB,10,0.04200000000000023
23,C83054,Atorvastatin_Tab 80mg,0212000B0AAADAD,19,0.03990000000000114
4,C83039,Letrozole_Tab 2.5mg,0803041L0AAAAAA,8,0.039200000000000346
271,C83035,Tolterodine_Tab 2mg,0704020N0AAABAB,7,0.0391999999999984
200,C83026,Paracet_Tab 500mg,0407010H0AAAMAM,13,0.03639999999999978
199,C83026,Paracet_Tab 500mg,0407010H0AAAMAM,13,0.03639999999999978
24,C83063,Atorvastatin_Tab 80mg,0212000B0AAADAD,8,0.03360000000000096
205,C83022,Paracet_Tab 500mg,0407010H0AAAMAM,8,0.0335999999999998
201,C83007,Paracet_Tab 500mg,0407010H0AAAMAM,8,0.0335999999999998
206,C83036,Paracet_Tab 500mg,0407010H0AAAMAM,24,0.0335999999999998
207,C83022,Paracet_Tab 500mg,0407010H0AAAMAM,8,0.0335999999999998
202,C83063,Paracet_Tab 500mg,0407010H0AAAMAM,12,0.0335999999999998
203,C83063,Paracet_Tab 500mg,0407010H0AAAMAM,12,0.0335999999999998
204,C83007,Paracet_Tab 500mg,0407010H0AAAMAM,8,0.0335999999999998
208,C83036,Paracet_Tab 500mg,0407010H0AAAMAM,24,0.0335999999999998
35,C83022,Pregabalin_Cap 25mg,0408010AEAAAAAA,8,0.03359999999999941
210,C83026,Paracet_Tab 500mg,0407010H0AAAMAM,5,0.02999999999999982
209,C83026,Paracet_Tab 500mg,0407010H0AAAMAM,5,0.02999999999999982
211,C83003,Paracet_Tab 500mg,0407010H0AAAMAM,7,0.029399999999999822
212,C83003,Paracet_Tab 500mg,0407010H0AAAMAM,7,0.029399999999999822
25,C83035,Atorvastatin_Tab 80mg,0212000B0AAADAD,13,0.027300000000000782
74,C83617,Sertraline HCl_Tab 100mg,0403030Q0AAABAB,13,0.02730000000000015
75,C83614,Sertraline HCl_Tab 100mg,0403030Q0AAABAB,12,0.02520000000000014
36,C83026,Pregabalin_Cap 25mg,0408010AEAAAAAA,6,0.025199999999999556
214,C83054,Paracet_Tab 500mg,0407010H0AAAMAM,5,0.020999999999999873
213,C83054,Paracet_Tab 500mg,0407010H0AAAMAM,5,0.020999999999999873
37,C83631,Pregabalin_Cap 25mg,0408010AEAAAAAA,5,0.02099999999999963
5,C83063,Letrozole_Tab 2.5mg,0803041L0AAAAAA,4,0.019600000000000173
76,C83054,Sertraline HCl_Tab 100mg,0403030Q0AAABAB,9,0.018900000000000104
38,C83003,Pregabalin_Cap 25mg,0408010AEAAAAAA,4,0.01680000000000048
215,C83026,Paracet_Tab 500mg,0407010H0AAAMAM,4,0.0167999999999999
216,C83026,Paracet_Tab 500mg,0407010H0AAAMAM,4,0.0167999999999999
44,C83036,Pregabalin_Cap 25mg,0408010AEAAAAAA,8,0.016799999999999704
40,C83063,Pregabalin_Cap 25mg,0408010AEAAAAAA,4,0.016799999999999704
41,C83039,Pregabalin_Cap 25mg,0408010AEAAAAAA,4,0.016799999999999704
42,C83617,Pregabalin_Cap 25mg,0408010AEAAAAAA,4,0.016799999999999704
39,C83007,Pregabalin_Cap 25mg,0408010AEAAAAAA,4,0.016799999999999704
45,C83063,Pregabalin_Cap 25mg,0408010AEAAAAAA,8,0.016799999999999704
43,C83614,Pregabalin_Cap 25mg,0408010AEAAAAAA,4,0.016799999999999704
272,C83026,Tolterodine_Tab 2mg,0704020N0AAABAB,3,0.016799999999999315
217,C83003,Paracet_Tab 500mg,0407010H0AAAMAM,11,0.015399999999999907
218,C83003,Paracet_Tab 500mg,0407010H0AAAMAM,11,0.015399999999999907
6,C83036,Letrozole_Tab 2.5mg,0803041L0AAAAAA,3,0.01470000000000013
77,C83035,Sertraline HCl_Tab 100mg,0403030Q0AAABAB,7,0.014700000000000081
219,C83039,Paracet_Tab 500mg,0407010H0AAAMAM,5,0.013999999999999915
220,C83039,Paracet_Tab 500mg,0407010H0AAAMAM,5,0.013999999999999915
273,C83026,Tolterodine_Tab 2mg,0704020N0AAABAB,5,0.01399999999999943
221,C83007,Paracet_Tab 500mg,0407010H0AAAMAM,2,0.011999999999999927
222,C83007,Paracet_Tab 500mg,0407010H0AAAMAM,2,0.011999999999999927
275,C83007,Tolterodine_Tab 2mg,0704020N0AAABAB,4,0.011199999999999544
274,C83065,Tolterodine_Tab 2mg,0704020N0AAABAB,4,0.011199999999999544
26,C83065,Atorvastatin_Tab 80mg,0212000B0AAADAD,5,0.0105000000000003
27,C83026,Atorvastatin_Tab 80mg,0212000B0AAADAD,5,0.0105000000000003
223,C83063,Paracet_Tab 500mg,0407010H0AAAMAM,3,0.010499999999999936
224,C83063,Paracet_Tab 500mg,0407010H0AAAMAM,3,0.010499999999999936
46,C83003,Pregabalin_Cap 25mg,0408010AEAAAAAA,5,0.010499999999999815
29,C83035,Atorvastatin_Tab 80mg,0212000B0AAADAD,2,0.00840000000000024
28,C83617,Atorvastatin_Tab 80mg,0212000B0AAADAD,4,0.00840000000000024
226,C83039,Paracet_Tab 500mg,0407010H0AAAMAM,2,0.00839999999999995
225,C83039,Paracet_Tab 500mg,0407010H0AAAMAM,2,0.00839999999999995
227,C83022,Paracet_Tab 500mg,0407010H0AAAMAM,5,0.006999999999999958
228,C83022,Paracet_Tab 500mg,0407010H0AAAMAM,5,0.006999999999999958
79,C83631,Sertraline HCl_Tab 100mg,0403030Q0AAABAB,3,0.006300000000000035
78,C83065,Sertraline HCl_Tab 100mg,0403030Q0AAABAB,3,0.006300000000000035
232,C83063,Paracet_Tab 500mg,0407010H0AAAMAM,1,0.005999999999999964
231,C83039,Paracet_Tab 500mg,0407010H0AAAMAM,1,0.005999999999999964
230,C83063,Paracet_Tab 500mg,0407010H0AAAMAM,1,0.005999999999999964
229,C83039,Paracet_Tab 500mg,0407010H0AAAMAM,1,0.005999999999999964
236,C83035,Paracet_Tab 500mg,0407010H0AAAMAM,2,0.005599999999999966
235,C83063,Paracet_Tab 500mg,0407010H0AAAMAM,4,0.005599999999999966
234,C83035,Paracet_Tab 500mg,0407010H0AAAMAM,2,0.005599999999999966
233,C83063,Paracet_Tab 500mg,0407010H0AAAMAM,4,0.005599999999999966
238,C83036,Paracet_Tab 500mg,0407010H0AAAMAM,7,0.00489999999999997
237,C83036,Paracet_Tab 500mg,0407010H0AAAMAM,7,0.00489999999999997
239,C83022,Paracet_Tab 500mg,0407010H0AAAMAM,1,0.004400000000000001
240,C83022,Paracet_Tab 500mg,0407010H0AAAMAM,1,0.004400000000000001
241,C83036,Paracet_Tab 500mg,0407010H0AAAMAM,1,0.004399999999999973
242,C83036,Paracet_Tab 500mg,0407010H0AAAMAM,1,0.004399999999999973
81,C83026,Sertraline HCl_Tab 100mg,0403030Q0AAABAB,1,0.004200000000000023
80,C83039,Sertraline HCl_Tab 100mg,0403030Q0AAABAB,2,0.004200000000000023
47,C83054,Pregabalin_Cap 25mg,0408010AEAAAAAA,1,0.004199999999999926
244,C83065,Paracet_Tab 500mg,0407010H0AAAMAM,1,0.002999999999999982
243,C83065,Paracet_Tab 500mg,0407010H0AAAMAM,1,0.002999999999999982
245,C83631,Paracet_Tab 500mg,0407010H0AAAMAM,1,0.002799999999999983
246,C83631,Paracet_Tab 500mg,0407010H0AAAMAM,1,0.002799999999999983
10,C83026,Atorvastatin_Tab 20mg,0212000B0AAABAB,1,0.0020000000000000573
276,C83063,Tolterodine_Tab 2mg,0704020N0AAABAB,1,0.001399999999999943
11,C83003,Atorvastatin_Tab 20mg,0212000B0AAABAB,1,-0.0013999999999999985
12,C83063,Atorvastatin_Tab 20mg,0212000B0AAABAB,1,-0.0022999999999999063
83,C83039,Sertraline HCl_Tab 100mg,0403030Q0AAABAB,1,-0.003000000000000086
30,C83063,Atorvastatin_Tab 80mg,0212000B0AAADAD,1,-0.003000000000000086
82,C83026,Sertraline HCl_Tab 100mg,0403030Q0AAABAB,1,-0.003000000000000086
85,C83035,Sertraline HCl_Tab 100mg,0403030Q0AAABAB,1,-0.004199999999999975
84,C83007,Sertraline HCl_Tab 100mg,0403030Q0AAABAB,1,-0.004199999999999975
31,C83036,Atorvastatin_Tab 80mg,0212000B0AAADAD,1,-0.0043999999999999595
48,C83022,Pregabalin_Cap 25mg,0408010AEAAAAAA,1,-0.009000000000000258
49,C83063,Pregabalin_Cap 25mg,0408010AEAAAAAA,1,-0.012000000000000344
50,C83003,Pregabalin_Cap 25mg,0408010AEAAAAAA,1,-0.012000000000000344
51,C83026,Pregabalin_Cap 25mg,0408010AEAAAAAA,3,-0.012600000000000361
52,C83036,Pregabalin_Cap 25mg,0408010AEAAAAAA,1,-0.01500000000000043
248,C83631,Paracet_Tab 500mg,0407010H0AAAMAM,3,-0.0167999999999999
247,C83631,Paracet_Tab 500mg,0407010H0AAAMAM,3,-0.0167999999999999
54,C83003,Pregabalin_Cap 25mg,0408010AEAAAAAA,4,-0.01680000000000048
53,C83631,Pregabalin_Cap 25mg,0408010AEAAAAAA,4,-0.01680000000000048
250,C83054,Paracet_Tab 500mg,0407010H0AAAMAM,4,-0.022399999999999864
249,C83054,Paracet_Tab 500mg,0407010H0AAAMAM,4,-0.022399999999999864
252,C83065,Paracet_Tab 500mg,0407010H0AAAMAM,5,-0.02799999999999983
251,C83065,Paracet_Tab 500mg,0407010H0AAAMAM,5,-0.02799999999999983
55,C83063,Pregabalin_Cap 25mg,0408010AEAAAAAA,8,-0.03360000000000096
253,C83035,Paracet_Tab 500mg,0407010H0AAAMAM,14,-0.07839999999999953
254,C83035,Paracet_Tab 500mg,0407010H0AAAMAM,14,-0.07839999999999953
259,C83039,Paracet_Tab 500mg,0407010H0AAAMAM,16,-0.08959999999999946
260,C83026,Paracet_Tab 500mg,0407010H0AAAMAM,16,-0.08959999999999946
258,C83036,Paracet_Tab 500mg,0407010H0AAAMAM,16,-0.08959999999999946
257,C83039,Paracet_Tab 500mg,0407010H0AAAMAM,16,-0.08959999999999946
256,C83026,Paracet_Tab 500mg,0407010H0AAAMAM,16,-0.08959999999999946
255,C83036,Paracet_Tab 500mg,0407010H0AAAMAM,16,-0.08959999999999946
261,C83007,Paracet_Tab 500mg,0407010H0AAAMAM,34,-0.19039999999999885
262,C83007,Paracet_Tab 500mg,0407010H0AAAMAM,34,-0.19039999999999885
264,C83003,Paracet_Tab 500mg,0407010H0AAAMAM,58,-0.32479999999999803
263,C83003,Paracet_Tab 500mg,0407010H0AAAMAM,58,-0.32479999999999803
266,C83063,Paracet_Tab 500mg,0407010H0AAAMAM,116,-0.6495999999999961
265,C83063,Paracet_Tab 500mg,0407010H0AAAMAM,116,-0.6495999999999961
