,practice_code,bnf_description,bnf_code,items,excess_cost
0,C85001,Clonazepam_Tab 500mcg,0408010F0AAABAB,3,1.423799999999997
1,C85001,Dexameth_Tab 500mcg,0603020G0AAABAB,1,89.10159999999999
2,C85001,Ferr Sulf_Tab 200mg,0901011P0AAACAC,2,28.168
3,C85001,Lansoprazole_Cap 30mg (E/C Gran),0103050L0AAAAAA,143,28.04200000000001
4,C85001,Nitrofurantoin_Tab 50mg,0501130R0AAADAD,8,0.028800000000002157
5,C85001,Paracet_Tab 500mg,0407010H0AAAMAM,274,229.868
6,C85003,Atorvastatin_Tab 20mg,0212000B0AAABAB,1,-0.004199999999999995
7,C85003,Clonazepam_Tab 500mcg,0408010F0AAABAB,20,9.80839999999998
8,C85003,Ferr Sulf_Tab 200mg,0901011P0AAACAC,31,0.008399999999998492
9,C85003,Lansoprazole_Cap 30mg (E/C Gran),0103050L0AAAAAA,160,0.4788000000000055
10,C85003,Memantine HCl_Tab 20mg,0411000G0AAADAD,6,0.029399999999999968
11,C85003,Paracet_Tab 500mg,0407010H0AAAMAM,254,-0.967599999999994
12,C85003,Prednisolone_Tab Solb 5mg,0603020T0AABHBH,1,-0.0027999999999996916
13,C85004,Clonazepam_Tab 500mcg,0408010F0AAABAB,20,11.070099999999975
14,C85004,Ferr Sulf_Tab 200mg,0901011P0AAACAC,8,0.013999999999999624
15,C85004,Lansoprazole_Cap 30mg (E/C Gran),0103050L0AAAAAA,164,0.5404000000000061
16,C85004,Memantine HCl_Tab 20mg,0411000G0AAADAD,24,0.11759999999999987
17,C85004,Omeprazole_Tab E/C 20mg,0103050P0AABDBD,2,0.008399999999999852
18,C85004,Paracet_Tab 500mg,0407010H0AAAMAM,388,-1.3295999999999921
19,C85005,Atorvastatin_Tab 20mg,0212000B0AAABAB,146,1.6300000000000467
20,C85005,Clonazepam_Tab 500mcg,0408010F0AAABAB,4,3.062599999999994
21,C85005,Ferr Sulf_Tab 200mg,0901011P0AAACAC,8,42.275800000000004
22,C85005,Lansoprazole_Cap 30mg (E/C Gran),0103050L0AAAAAA,78,1.937600000000002
23,C85005,Paracet_Tab 500mg,0407010H0AAAMAM,234,31.148000000000025
24,C85005,Prednisolone_Tab Solb 5mg,0603020T0AABHBH,1,0.0014999999999998348
25,C85006,Clonazepam_Tab 500mcg,0408010F0AAABAB,7,1.898399999999996
26,C85006,Ferr Sulf_Tab 200mg,0901011P0AAACAC,8,-0.01680000000000048
27,C85006,Lansoprazole_Cap 30mg (E/C Gran),0103050L0AAAAAA,53,0.18760000000000213
28,C85006,Nitrofurantoin_Tab 50mg,0501130R0AAADAD,1,-0.0029999999999996696
29,C85006,Paracet_Tab 500mg,0407010H0AAAMAM,60,-0.19039999999999885
30,C85006,Prednisolone_Tab Solb 5mg,0603020T0AABHBH,1,0.004499999999999504
31,C85007,Clonazepam_Tab 500mcg,0408010F0AAABAB,12,5.898599999999988
32,C85007,Lansoprazole_Cap 30mg (E/C Gran),0103050L0AAAAAA,82,0.24080000000000273
33,C85007,Memantine HCl_Tab 20mg,0411000G0AAADAD,8,0.03919999999999996
34,C85007,Paracet_Tab 500mg,0407010H0AAAMAM,224,-0.5117999999999969
35,C85007,Prednisolone_Tab Solb 5mg,0603020T0AABHBH,1,-0.0047999999999999154
36,C85008,Clonazepam_Tab 500mcg,0408010F0AAABAB,11,7.220699999999985
37,C85008,Dexameth_Tab 500mcg,0603020G0AAABAB,1,0.0027999999999996916
38,C85008,Lansoprazole_Cap 30mg (E/C Gran),0103050L0AAAAAA,34,0.09310000000000115
39,C85008,Memantine HCl_Tab 20mg,0411000G0AAADAD,15,0.07349999999999993
40,C85008,Paracet_Tab 500mg,0407010H0AAAMAM,84,0.01519999999999988
41,C85009,Atorvastatin_Tab 20mg,0212000B0AAABAB,154,67.86640000000001
42,C85009,Clonazepam_Tab 500mcg,0408010F0AAABAB,2,1.2655999999999974
43,C85009,Ferr Sulf_Tab 200mg,0901011P0AAACAC,6,-0.012600000000000361
44,C85009,Lansoprazole_Cap 30mg (E/C Gran),0103050L0AAAAAA,57,0.18760000000000213
45,C85009,Memantine HCl_Tab 20mg,0411000G0AAADAD,7,0.03429999999999996
46,C85009,Paracet_Tab 500mg,0407010H0AAAMAM,64,0.172
47,C85010,Atorvastatin_Tab 20mg,0212000B0AAABAB,2,0.007400000000000087
48,C85010,Clonazepam_Tab 500mcg,0408010F0AAABAB,32,9.078699999999984
49,C85010,Ferr Sulf_Tab 200mg,0901011P0AAACAC,18,7.047599999999999
50,C85010,Lansoprazole_Cap 30mg (E/C Gran),0103050L0AAAAAA,150,0.47340000000000537
51,C85010,Memantine HCl_Tab 20mg,0411000G0AAADAD,40,0.19599999999999979
52,C85010,Omeprazole_Tab E/C 20mg,0103050P0AABDBD,1,87.7184
53,C85010,Paracet_Tab 500mg,0407010H0AAAMAM,1344,319.63679999999994
54,C85010,Prednisolone_Tab Solb 5mg,0603020T0AABHBH,3,-0.006199999999999317
55,C85013,Atorvastatin_Tab 20mg,0212000B0AAABAB,1,-0.0029999999999998778
56,C85013,Clonazepam_Tab 500mcg,0408010F0AAABAB,17,11.524399999999979
57,C85013,Ferr Sulf_Tab 200mg,0901011P0AAACAC,25,-0.03290000000000133
58,C85013,Lansoprazole_Cap 30mg (E/C Gran),0103050L0AAAAAA,186,0.6048000000000069
59,C85013,Memantine HCl_Tab 20mg,0411000G0AAADAD,12,0.058799999999999936
60,C85013,Nitrofurantoin_Tab 50mg,0501130R0AAADAD,1,-0.0029999999999996696
61,C85013,Paracet_Tab 500mg,0407010H0AAAMAM,778,18.2408000000001
62,C85013,Prednisolone_Tab Solb 5mg,0603020T0AABHBH,1,0.0035999999999996035
63,C85014,Clonazepam_Tab 500mcg,0408010F0AAABAB,12,5.288399999999989
64,C85014,Ferr Sulf_Tab 200mg,0901011P0AAACAC,25,-0.013600000000001583
65,C85014,Lansoprazole_Cap 30mg (E/C Gran),0103050L0AAAAAA,71,0.21300000000000244
66,C85014,Memantine HCl_Tab 20mg,0411000G0AAADAD,19,0.0930999999999999
67,C85014,Paracet_Tab 500mg,0407010H0AAAMAM,190,-0.14839999999999898
68,C85016,Clonazepam_Tab 500mcg,0408010F0AAABAB,17,4.271399999999991
69,C85016,Ferr Sulf_Tab 200mg,0901011P0AAACAC,29,0.10079999999999881
70,C85016,Lansoprazole_Cap 30mg (E/C Gran),0103050L0AAAAAA,211,0.7014000000000079
71,C85016,Memantine HCl_Tab 20mg,0411000G0AAADAD,33,0.16169999999999982
72,C85016,Nitrofurantoin_Tab 50mg,0501130R0AAADAD,3,0.011599999999999389
73,C85016,Paracet_Tab 500mg,0407010H0AAAMAM,288,-1.1107999999999933
74,C85016,Prednisolone_Tab Solb 5mg,0603020T0AABHBH,1,-0.0035999999999996035
75,C85017,Atorvastatin_Tab 20mg,0212000B0AAABAB,329,22.95600000000002
76,C85017,Clonazepam_Tab 500mcg,0408010F0AAABAB,11,5.401399999999989
77,C85017,Ferr Sulf_Tab 200mg,0901011P0AAACAC,18,0.011899999999999272
78,C85017,Lansoprazole_Cap 30mg (E/C Gran),0103050L0AAAAAA,132,0.40790000000000465
79,C85017,Memantine HCl_Tab 20mg,0411000G0AAADAD,30,127.91309999999999
80,C85017,Omeprazole_Tab E/C 20mg,0103050P0AABDBD,1,0.004199999999999926
81,C85017,Paracet_Tab 500mg,0407010H0AAAMAM,1076,126.68520000000012
82,C85017,Prednisolone_Tab Solb 5mg,0603020T0AABHBH,3,-0.005199999999999427
83,C85018,Clonazepam_Tab 500mcg,0408010F0AAABAB,15,6.327999999999987
84,C85018,Ferr Sulf_Tab 200mg,0901011P0AAACAC,2,0.011199999999999932
85,C85018,Lansoprazole_Cap 30mg (E/C Gran),0103050L0AAAAAA,63,0.23800000000000268
86,C85018,Memantine HCl_Tab 20mg,0411000G0AAADAD,3,0.014699999999999984
87,C85018,Paracet_Tab 500mg,0407010H0AAAMAM,224,-0.3455999999999979
88,C85018,Prednisolone_Tab Solb 5mg,0603020T0AABHBH,3,0.0041999999999995374
89,C85019,Atorvastatin_Tab 20mg,0212000B0AAABAB,1,0.004400000000000015
90,C85019,Clonazepam_Tab 500mcg,0408010F0AAABAB,2,0.6327999999999987
91,C85019,Ferr Sulf_Tab 200mg,0901011P0AAACAC,6,0.0335999999999998
92,C85019,Lansoprazole_Cap 30mg (E/C Gran),0103050L0AAAAAA,59,0.14220000000000182
93,C85019,Memantine HCl_Tab 20mg,0411000G0AAADAD,10,0.048999999999999946
94,C85019,Paracet_Tab 500mg,0407010H0AAAMAM,12,0.03439999999999979
95,C85020,Atorvastatin_Tab 20mg,0212000B0AAABAB,3,-0.008999999999999633
96,C85020,Clonazepam_Tab 500mcg,0408010F0AAABAB,10,4.4521999999999915
97,C85020,Ferr Sulf_Tab 200mg,0901011P0AAACAC,12,0.025199999999999556
98,C85020,Lansoprazole_Cap 30mg (E/C Gran),0103050L0AAAAAA,149,0.47600000000000536
99,C85020,Memantine HCl_Tab 20mg,0411000G0AAADAD,8,0.03919999999999996
100,C85020,Paracet_Tab 500mg,0407010H0AAAMAM,204,-0.6791999999999958
101,C85020,Prednisolone_Tab Solb 5mg,0603020T0AABHBH,4,-0.01679999999999815
102,C85022,Clonazepam_Tab 500mcg,0408010F0AAABAB,7,5.948799999999988
103,C85022,Ferr Sulf_Tab 200mg,0901011P0AAACAC,33,0.02829999999999827
104,C85022,Lansoprazole_Cap 30mg (E/C Gran),0103050L0AAAAAA,90,0.266000000000003
105,C85022,Memantine HCl_Tab 20mg,0411000G0AAADAD,22,0.10779999999999988
106,C85022,Paracet_Tab 500mg,0407010H0AAAMAM,198,-0.665599999999996
107,C85022,Prednisolone_Tab Solb 5mg,0603020T0AABHBH,1,-0.0023999999999997357
108,C85023,Atorvastatin_Tab 20mg,0212000B0AAABAB,27,45.0576
109,C85023,Clonazepam_Tab 500mcg,0408010F0AAABAB,9,3.954999999999992
110,C85023,Lansoprazole_Cap 30mg (E/C Gran),0103050L0AAAAAA,4,0.011200000000000127
111,C85023,Nitrofurantoin_Tab 50mg,0501130R0AAADAD,1,-0.0029999999999996696
112,C85023,Paracet_Tab 500mg,0407010H0AAAMAM,770,77.63120000000005
113,C85023,Prednisolone_Tab Solb 5mg,0603020T0AABHBH,1,107.90999999999998
114,C85024,Atorvastatin_Tab 20mg,0212000B0AAABAB,1,-0.0029999999999998778
115,C85024,Clonazepam_Tab 500mcg,0408010F0AAABAB,4,2.892799999999994
116,C85024,Ferr Sulf_Tab 200mg,0901011P0AAACAC,12,0.13039999999999546
117,C85024,Lansoprazole_Cap 30mg (E/C Gran),0103050L0AAAAAA,4,0.011200000000000127
118,C85024,Paracet_Tab 500mg,0407010H0AAAMAM,46,-0.23319999999999858
119,C85024,Prednisolone_Tab Solb 5mg,0603020T0AABHBH,2,0.007199999999999207
120,C85026,Clonazepam_Tab 500mcg,0408010F0AAABAB,13,2.6893999999999947
121,C85026,Ferr Sulf_Tab 200mg,0901011P0AAACAC,9,0.009099999999999435
122,C85026,Lansoprazole_Cap 30mg (E/C Gran),0103050L0AAAAAA,39,0.10990000000000136
123,C85026,Memantine HCl_Tab 20mg,0411000G0AAADAD,4,0.01959999999999998
124,C85026,Paracet_Tab 500mg,0407010H0AAAMAM,20,-0.04479999999999973
125,C85028,Clonazepam_Tab 500mcg,0408010F0AAABAB,5,0.7175999999999987
126,C85028,Ferr Sulf_Tab 200mg,0901011P0AAACAC,8,0.013999999999999624
127,C85028,Lansoprazole_Cap 30mg (E/C Gran),0103050L0AAAAAA,51,0.14300000000000165
128,C85028,Memantine HCl_Tab 20mg,0411000G0AAADAD,8,0.03919999999999996
129,C85028,Paracet_Tab 500mg,0407010H0AAAMAM,14,0.08399999999999949
130,C85030,Clonazepam_Tab 500mcg,0408010F0AAABAB,9,3.300799999999993
131,C85030,Lansoprazole_Cap 30mg (E/C Gran),0103050L0AAAAAA,99,0.3786000000000044
132,C85030,Memantine HCl_Tab 20mg,0411000G0AAADAD,14,0.06859999999999992
133,C85030,Paracet_Tab 500mg,0407010H0AAAMAM,158,-0.4431999999999974
134,C85030,Prednisolone_Tab Solb 5mg,0603020T0AABHBH,1,-0.0035999999999996035
135,C85033,Clonazepam_Tab 500mcg,0408010F0AAABAB,17,7.977799999999983
136,C85033,Ferr Sulf_Tab 200mg,0901011P0AAACAC,16,0.027999999999999248
137,C85033,Lansoprazole_Cap 30mg (E/C Gran),0103050L0AAAAAA,57,0.2051000000000024
138,C85033,Memantine HCl_Tab 20mg,0411000G0AAADAD,4,0.01959999999999998
139,C85033,Nitrofurantoin_Tab 50mg,0501130R0AAADAD,1,0.0019999999999997797
140,C85033,Paracet_Tab 500mg,0407010H0AAAMAM,100,-0.2623999999999984
141,C85614,Clonazepam_Tab 500mcg,0408010F0AAABAB,2,4.113199999999992
142,C85614,Ferr Sulf_Tab 200mg,0901011P0AAACAC,4,-0.00840000000000024
143,C85614,Lansoprazole_Cap 30mg (E/C Gran),0103050L0AAAAAA,85,0.262100000000003
144,C85614,Memantine HCl_Tab 20mg,0411000G0AAADAD,5,0.024499999999999973
145,C85614,Paracet_Tab 500mg,0407010H0AAAMAM,64,-0.03119999999999981
146,C85619,Clonazepam_Tab 500mcg,0408010F0AAABAB,14,2.1147999999999962
147,C85619,Ferr Sulf_Tab 200mg,0901011P0AAACAC,19,0.052399999999998934
148,C85619,Lansoprazole_Cap 30mg (E/C Gran),0103050L0AAAAAA,133,2.1112000000000037
149,C85619,Memantine HCl_Tab 20mg,0411000G0AAADAD,4,0.01959999999999998
150,C85619,Omeprazole_Tab E/C 20mg,0103050P0AABDBD,3,0.012599999999999778
151,C85619,Paracet_Tab 500mg,0407010H0AAAMAM,130,-0.04799999999999971
152,C85619,Prednisolone_Tab Solb 5mg,0603020T0AABHBH,2,71.9352
153,C85622,Clonazepam_Tab 500mcg,0408010F0AAABAB,1,0.949199999999998
154,C85622,Lansoprazole_Cap 30mg (E/C Gran),0103050L0AAAAAA,5,0.014000000000000158
155,C85622,Memantine HCl_Tab 20mg,0411000G0AAADAD,4,0.01959999999999998
156,C85622,Paracet_Tab 500mg,0407010H0AAAMAM,30,-0.04319999999999974
157,C85623,Clonazepam_Tab 500mcg,0408010F0AAABAB,1,0.31639999999999935
158,C85623,Ferr Sulf_Tab 200mg,0901011P0AAACAC,2,0.011199999999999932
159,C85623,Lansoprazole_Cap 30mg (E/C Gran),0103050L0AAAAAA,13,0.03640000000000041
160,C85623,Paracet_Tab 500mg,0407010H0AAAMAM,10,-0.013999999999999915
161,C85628,Clonazepam_Tab 500mcg,0408010F0AAABAB,1,0.31639999999999935
162,C85628,Lansoprazole_Cap 30mg (E/C Gran),0103050L0AAAAAA,9,0.025200000000000285
163,C85628,Paracet_Tab 500mg,0407010H0AAAMAM,28,11.363199999999999
164,Y00411,Clonazepam_Tab 500mcg,0408010F0AAABAB,6,3.480399999999993
165,Y00411,Ferr Sulf_Tab 200mg,0901011P0AAACAC,5,21.125999999999998
166,Y00411,Lansoprazole_Cap 30mg (E/C Gran),0103050L0AAAAAA,43,-0.18989999999999116
167,Y00411,Paracet_Tab 500mg,0407010H0AAAMAM,290,9.792800000000028
168,Y00411,Prednisolone_Tab Solb 5mg,0603020T0AABHBH,3,-0.004599999999999493
169,Y03596,Clonazepam_Tab 500mcg,0408010F0AAABAB,1,0.15819999999999967
170,Y04809,Clonazepam_Tab 500mcg,0408010F0AAABAB,2,1.2655999999999974
171,Y04809,Lansoprazole_Cap 30mg (E/C Gran),0103050L0AAAAAA,86,3.539600000000006
172,Y04809,Paracet_Tab 500mg,0407010H0AAAMAM,52,-2.6063999999999994
173,Y05113,Clonazepam_Tab 500mcg,0408010F0AAABAB,5,1.920999999999996
174,Y05113,Memantine HCl_Tab 20mg,0411000G0AAADAD,9,0.04409999999999995
175,Y05222,Lansoprazole_Cap 30mg (E/C Gran),0103050L0AAAAAA,3,0.014000000000000158
176,Y05222,Memantine HCl_Tab 20mg,0411000G0AAADAD,1,0.004899999999999995
177,Y05222,Nitrofurantoin_Tab 50mg,0501130R0AAADAD,16,99.53200000000001
178,Y05222,Paracet_Tab 500mg,0407010H0AAAMAM,2,-0.011199999999999932
179,Y05222,Prednisolone_Tab Solb 5mg,0603020T0AABHBH,3,-0.006199999999999095
180,Y05248,Clonazepam_Tab 500mcg,0408010F0AAABAB,7,5.084999999999989
181,Y05248,Ferr Sulf_Tab 200mg,0901011P0AAACAC,2,-0.00420000000000012
182,Y05248,Lansoprazole_Cap 30mg (E/C Gran),0103050L0AAAAAA,17,0.058800000000000664
183,Y05248,Memantine HCl_Tab 20mg,0411000G0AAADAD,7,0.03429999999999996
184,Y05248,Nitrofurantoin_Tab 50mg,0501130R0AAADAD,1,-0.0029999999999996696
185,Y05248,Paracet_Tab 500mg,0407010H0AAAMAM,44,-0.1327999999999992
186,Y05363,Clonazepam_Tab 500mcg,0408010F0AAABAB,5,1.2655999999999974
187,Y05363,Ferr Sulf_Tab 200mg,0901011P0AAACAC,10,0.04479999999999973
188,Y05363,Lansoprazole_Cap 30mg (E/C Gran),0103050L0AAAAAA,56,1.7388000000000041
189,Y05363,Paracet_Tab 500mg,0407010H0AAAMAM,282,83.30800000000005
190,Y05364,Clonazepam_Tab 500mcg,0408010F0AAABAB,10,4.971999999999989
191,Y05364,Lansoprazole_Cap 30mg (E/C Gran),0103050L0AAAAAA,39,45.256600000000006
192,Y05364,Memantine HCl_Tab 20mg,0411000G0AAADAD,5,127.79199999999999
193,Y05364,Paracet_Tab 500mg,0407010H0AAAMAM,40,-0.03999999999999976
194,Y05364,Prednisolone_Tab Solb 5mg,0603020T0AABHBH,3,-0.00879999999999903
195,Y05827,Nitrofurantoin_Tab 50mg,0501130R0AAADAD,1,0.0036000000000002697
