,practice_code,bnf_description,bnf_code,items,excess_cost
0,B81003,Atorvastatin_Tab 10mg,0212000B0AAAAAA,115,11.7361
1,B81003,Atorvastatin_Tab 20mg,0212000B0AAABAB,367,744.0468
2,B81003,Atorvastatin_Tab 40mg,0212000B0AAACAC,218,222.796
3,B81003,Clonazepam_Tab 500mcg,0408010F0AAABAB,25,9.265999999999982
4,B81003,Hydrocort_Tab 10mg,0603020J0AAADAD,1,-0.011199999999998766
5,B81003,Lamotrigine_Tab 200mg,0408010H0AAA1A1,3,0.005999999999999339
6,B81003,Memantine HCl_Tab 20mg,0411000G0AAADAD,32,0.15679999999999983
7,B81003,Montelukast_Tab 10mg,0303020G0AAABAB,31,146.25799999999998
8,B81003,Paracet_Tab 500mg,0407010H0AAAMAM,508,8.740400000000058
9,B81003,Quetiapine_Tab 25mg,0402010ABAAABAB,13,-1.942890293094024e-15
10,B81012,Atorvastatin_Tab 10mg,0212000B0AAAAAA,9,11.617199999999999
11,B81012,Atorvastatin_Tab 20mg,0212000B0AAABAB,128,45.15840000000003
12,B81012,Clonazepam_Tab 500mcg,0408010F0AAABAB,23,11.433099999999984
13,B81012,Lamotrigine_Tab 200mg,0408010H0AAA1A1,1,0.0
14,B81012,Memantine HCl_Tab 20mg,0411000G0AAADAD,9,127.82770000000001
15,B81012,Montelukast_Tab 10mg,0303020G0AAABAB,15,24.360000000000003
16,B81012,Paracet_Tab 500mg,0407010H0AAAMAM,142,9.546400000000025
17,B81012,Quetiapine_Tab 25mg,0402010ABAAABAB,14,49.2504
18,B81015,Atorvastatin_Tab 10mg,0212000B0AAAAAA,26,0.05670000000000031
19,B81015,Clonazepam_Tab 500mcg,0408010F0AAABAB,25,9.24589999999998
20,B81015,Hydrocort_Tab 10mg,0603020J0AAADAD,7,-11.376999999999995
21,B81015,Lamotrigine_Tab 200mg,0408010H0AAA1A1,14,0.022399999999997533
22,B81015,Memantine HCl_Tab 20mg,0411000G0AAADAD,44,0.21559999999999976
23,B81015,Paracet_Tab 500mg,0407010H0AAAMAM,682,44.16139999999997
24,B81015,Quetiapine_Tab 25mg,0402010ABAAABAB,8,0.012599999999999972
25,B81016,Atorvastatin_Tab 10mg,0212000B0AAAAAA,4,0.008400000000000046
26,B81016,Clonazepam_Tab 500mcg,0408010F0AAABAB,9,3.9561999999999915
27,B81016,Hydrocort_Tab 10mg,0603020J0AAADAD,1,-0.011199999999998766
28,B81016,Lamotrigine_Tab 200mg,0408010H0AAA1A1,5,0.01679999999999815
29,B81016,Paracet_Tab 500mg,0407010H0AAAMAM,10,0.011199999999999932
30,B81016,Quetiapine_Tab 25mg,0402010ABAAABAB,7,0.004199999999999343
31,B81023,Clonazepam_Tab 500mcg,0408010F0AAABAB,22,8.757499999999983
32,B81023,Lamotrigine_Tab 200mg,0408010H0AAA1A1,8,191.72719999999998
33,B81023,Memantine HCl_Tab 20mg,0411000G0AAADAD,4,0.01959999999999998
34,B81023,Paracet_Tab 500mg,0407010H0AAAMAM,138,-2.7079999999999838
35,B81023,Quetiapine_Tab 25mg,0402010ABAAABAB,1,0.005599999999999772
36,B81030,Atorvastatin_Tab 10mg,0212000B0AAAAAA,1,0.0021000000000000116
37,B81030,Atorvastatin_Tab 20mg,0212000B0AAABAB,398,202.63600000000008
38,B81030,Clonazepam_Tab 500mcg,0408010F0AAABAB,30,15.655899999999965
39,B81030,Hydrocort_Tab 10mg,0603020J0AAADAD,2,334.6628
40,B81030,Lamotrigine_Tab 200mg,0408010H0AAA1A1,5,0.0
41,B81030,Paracet_Tab 500mg,0407010H0AAAMAM,550,253.7568
42,B81030,Quetiapine_Tab 25mg,0402010ABAAABAB,8,0.008399999999999075
43,B81031,Atorvastatin_Tab 10mg,0212000B0AAAAAA,1,0.004200000000000023
44,B81031,Clonazepam_Tab 500mcg,0408010F0AAABAB,21,11.096599999999976
45,B81031,Paracet_Tab 500mg,0407010H0AAAMAM,2,0.011999999999999927
46,B81031,Quetiapine_Tab 25mg,0402010ABAAABAB,10,0.03919999999999879
47,B81039,Atorvastatin_Tab 10mg,0212000B0AAAAAA,326,34.71090000000002
48,B81039,Atorvastatin_Tab 20mg,0212000B0AAABAB,629,158.25300000000004
49,B81039,Atorvastatin_Tab 40mg,0212000B0AAACAC,432,22.982399999999988
50,B81039,Clonazepam_Tab 500mcg,0408010F0AAABAB,76,33.28669999999993
51,B81039,Hydrocort_Tab 10mg,0603020J0AAADAD,1,-1.8959999999999995
52,B81039,Lamotrigine_Tab 200mg,0408010H0AAA1A1,17,0.0
53,B81039,Memantine HCl_Tab 20mg,0411000G0AAADAD,3,0.014699999999999984
54,B81039,Montelukast_Tab 10mg,0303020G0AAABAB,113,74.0376
55,B81039,Paracet_Tab 500mg,0407010H0AAAMAM,924,8.895999999999946
56,B81039,Quetiapine_Tab 25mg,0402010ABAAABAB,17,0.07559999999999828
57,B81055,Atorvastatin_Tab 10mg,0212000B0AAAAAA,2,0.004200000000000023
58,B81055,Atorvastatin_Tab 20mg,0212000B0AAABAB,216,22.98240000000003
59,B81055,Clonazepam_Tab 500mcg,0408010F0AAABAB,12,4.113199999999991
60,B81055,Lamotrigine_Tab 200mg,0408010H0AAA1A1,3,0.0
61,B81055,Paracet_Tab 500mg,0407010H0AAAMAM,4,0.0007999999999999952
62,B81077,Atorvastatin_Tab 10mg,0212000B0AAAAAA,47,0.09870000000000054
63,B81077,Clonazepam_Tab 500mcg,0408010F0AAABAB,19,9.085199999999983
64,B81077,Lamotrigine_Tab 200mg,0408010H0AAA1A1,2,0.0
65,B81077,Memantine HCl_Tab 20mg,0411000G0AAADAD,28,0.13719999999999985
66,B81077,Paracet_Tab 500mg,0407010H0AAAMAM,40,-0.0991999999999994
67,B81077,Quetiapine_Tab 25mg,0402010ABAAABAB,40,-0.03780000000000225
68,B81087,Atorvastatin_Tab 10mg,0212000B0AAAAAA,24,0.05040000000000028
69,B81087,Atorvastatin_Tab 20mg,0212000B0AAABAB,347,22.346800000000034
70,B81087,Clonazepam_Tab 500mcg,0408010F0AAABAB,17,9.062599999999982
71,B81087,Hydrocort_Tab 10mg,0603020J0AAADAD,1,0.004499999999999504
72,B81087,Lamotrigine_Tab 200mg,0408010H0AAA1A1,3,0.0
73,B81087,Memantine HCl_Tab 20mg,0411000G0AAADAD,16,47.992
74,B81087,Paracet_Tab 500mg,0407010H0AAAMAM,16,0.058799999999999644
75,B81087,Quetiapine_Tab 25mg,0402010ABAAABAB,7,0.036400000000000265
76,B81091,Clonazepam_Tab 500mcg,0408010F0AAABAB,1,0.6327999999999987
77,B81091,Paracet_Tab 500mg,0407010H0AAAMAM,12,-0.027199999999999835
78,B81091,Quetiapine_Tab 25mg,0402010ABAAABAB,2,-0.00560000000000016
79,B81108,Atorvastatin_Tab 20mg,0212000B0AAABAB,75,22.680000000000007
80,B81108,Clonazepam_Tab 500mcg,0408010F0AAABAB,10,5.22789999999999
81,B81108,Hydrocort_Tab 10mg,0603020J0AAADAD,2,2.315999999999998
82,B81108,Lamotrigine_Tab 200mg,0408010H0AAA1A1,11,0.03639999999999599
83,B81108,Memantine HCl_Tab 20mg,0411000G0AAADAD,4,63.896
84,B81108,Paracet_Tab 500mg,0407010H0AAAMAM,52,1.4064000000000068
85,B81108,Quetiapine_Tab 25mg,0402010ABAAABAB,10,0.04550000000000014
86,B81603,Atorvastatin_Tab 20mg,0212000B0AAABAB,94,22.635200000000008
87,B81603,Clonazepam_Tab 500mcg,0408010F0AAABAB,4,1.8355999999999957
88,B81603,Lamotrigine_Tab 200mg,0408010H0AAA1A1,3,0.0
89,B81606,Atorvastatin_Tab 10mg,0212000B0AAAAAA,1,0.0021000000000000116
90,B81606,Atorvastatin_Tab 20mg,0212000B0AAABAB,66,45.133
91,B81606,Atorvastatin_Tab 40mg,0212000B0AAACAC,81,66.78
92,B81606,Clonazepam_Tab 500mcg,0408010F0AAABAB,10,9.104399999999988
93,B81606,Lamotrigine_Tab 200mg,0408010H0AAA1A1,4,0.0
94,B81606,Paracet_Tab 500mg,0407010H0AAAMAM,28,-2.8775999999999984
95,B81606,Quetiapine_Tab 25mg,0402010ABAAABAB,8,183.75279999999998
96,B81620,Atorvastatin_Tab 10mg,0212000B0AAAAAA,24,11.692799999999998
97,B81620,Clonazepam_Tab 500mcg,0408010F0AAABAB,2,1.446399999999997
98,B81620,Paracet_Tab 500mg,0407010H0AAAMAM,108,0.021599999999999897
99,B81620,Quetiapine_Tab 25mg,0402010ABAAABAB,12,-0.02240000000000064
100,B81642,Atorvastatin_Tab 10mg,0212000B0AAAAAA,6,0.01260000000000007
101,B81642,Clonazepam_Tab 500mcg,0408010F0AAABAB,13,8.542799999999982
102,B81642,Lamotrigine_Tab 200mg,0408010H0AAA1A1,1,0.0
103,B81642,Paracet_Tab 500mg,0407010H0AAAMAM,2,0.011999999999999927
104,B81655,Atorvastatin_Tab 20mg,0212000B0AAABAB,46,22.540000000000003
105,B81655,Clonazepam_Tab 500mcg,0408010F0AAABAB,4,1.943599999999996
106,B81655,Hydrocort_Tab 10mg,0603020J0AAADAD,1,-0.011199999999998766
107,B81655,Paracet_Tab 500mg,0407010H0AAAMAM,64,-0.43199999999999644
108,B81656,Atorvastatin_Tab 20mg,0212000B0AAABAB,109,0.30520000000000874
109,B81656,Clonazepam_Tab 500mcg,0408010F0AAABAB,9,1.9379999999999966
110,B81656,Lamotrigine_Tab 200mg,0408010H0AAA1A1,8,0.022399999999997533
111,B81656,Paracet_Tab 500mg,0407010H0AAAMAM,10,0.013599999999999918
112,B81656,Quetiapine_Tab 25mg,0402010ABAAABAB,7,45.9298
113,B81663,Clonazepam_Tab 500mcg,0408010F0AAABAB,2,0.949199999999998
114,B81663,Lamotrigine_Tab 200mg,0408010H0AAA1A1,2,0.0
115,B81663,Memantine HCl_Tab 20mg,0411000G0AAADAD,3,63.898799999999994
116,B81663,Paracet_Tab 500mg,0407010H0AAAMAM,78,50.53680000000001
117,B81664,Atorvastatin_Tab 10mg,0212000B0AAAAAA,4,0.008400000000000046
118,B81664,Clonazepam_Tab 500mcg,0408010F0AAABAB,3,0.949199999999998
119,B81664,Paracet_Tab 500mg,0407010H0AAAMAM,6,-0.0335999999999998
120,B81664,Quetiapine_Tab 25mg,0402010ABAAABAB,3,0.005599999999999772
121,B81665,Atorvastatin_Tab 10mg,0212000B0AAAAAA,29,162.8564
122,B81665,Atorvastatin_Tab 20mg,0212000B0AAABAB,31,45.136
123,B81665,Atorvastatin_Tab 40mg,0212000B0AAACAC,33,66.80799999999999
124,B81665,Clonazepam_Tab 500mcg,0408010F0AAABAB,6,2.531199999999995
125,B81665,Lamotrigine_Tab 200mg,0408010H0AAA1A1,3,0.0
126,B81665,Montelukast_Tab 10mg,0303020G0AAABAB,10,2.9960000000000004
127,B81665,Paracet_Tab 500mg,0407010H0AAAMAM,24,-0.20799999999999874
128,B81677,Atorvastatin_Tab 10mg,0212000B0AAAAAA,8,0.016800000000000093
129,B81677,Clonazepam_Tab 500mcg,0408010F0AAABAB,3,1.2655999999999974
130,B81677,Lamotrigine_Tab 200mg,0408010H0AAA1A1,2,0.0
131,B81677,Paracet_Tab 500mg,0407010H0AAAMAM,40,-2.6047999999999956
132,B81677,Quetiapine_Tab 25mg,0402010ABAAABAB,5,-2.0572000000000004
133,B81693,Clonazepam_Tab 500mcg,0408010F0AAABAB,1,0.31639999999999935
134,B81697,Atorvastatin_Tab 10mg,0212000B0AAAAAA,22,0.05579999999999966
135,B81697,Clonazepam_Tab 500mcg,0408010F0AAABAB,6,8.100399999999986
136,B81697,Paracet_Tab 500mg,0407010H0AAAMAM,2,0.008800000000000002
137,B81697,Quetiapine_Tab 25mg,0402010ABAAABAB,2,0.01680000000000048
138,Y00483,Quetiapine_Tab 25mg,0402010ABAAABAB,1,-0.00280000000000008
139,Y01948,Atorvastatin_Tab 10mg,0212000B0AAAAAA,5,0.010500000000000058
140,Y01948,Clonazepam_Tab 500mcg,0408010F0AAABAB,10,1.1864999999999974
141,Y01948,Lamotrigine_Tab 200mg,0408010H0AAA1A1,33,-0.11310000000000042
142,Y01948,Memantine HCl_Tab 20mg,0411000G0AAADAD,4,0.01959999999999998
143,Y01948,Paracet_Tab 500mg,0407010H0AAAMAM,60,-0.26639999999999997
144,Y01948,Quetiapine_Tab 25mg,0402010ABAAABAB,30,-0.7210000000000024
145,Y02684,Atorvastatin_Tab 40mg,0212000B0AAACAC,1,-0.0029999999999998778
146,Y02684,Clonazepam_Tab 500mcg,0408010F0AAABAB,3,1.6295999999999977
147,Y02684,Paracet_Tab 500mg,0407010H0AAAMAM,6,0.01799999999999989
148,Y02684,Quetiapine_Tab 25mg,0402010ABAAABAB,4,-0.00560000000000016
149,Y03816,Atorvastatin_Tab 40mg,0212000B0AAACAC,2,0.003200000000000175
