,practice_code,bnf_description,bnf_code,items,excess_cost
0,C84001,Atorvastatin_Tab 20mg,0212000B0AAABAB,980,46.599000000000004
1,C84001,Lamotrigine_Tab 50mg,0408010H0AAABAB,51,18.816000000000017
2,C84001,Memantine HCl_Tab 20mg,0411000G0AAADAD,36,63.90720000000001
3,C84001,Paracet_Tab 500mg,0407010H0AAAMAM,2004,75.48920000000003
4,C84001,Pregabalin_Cap 25mg,0408010AEAAAAAA,15,56.37379999999999
5,C84001,Pregabalin_Cap 50mg,0408010AEAAABAB,30,0.11900000000000244
6,C84001,Propranolol HCl_Tab 10mg,0204000R0AAAHAH,91,62.66219999999996
7,C84001,Quetiapine_Tab 300mg,0402010ABAAAKAK,4,0.013999999999998458
8,C84008,Atorvastatin_Tab 20mg,0212000B0AAABAB,1,-0.003999999999999976
9,C84008,Lamotrigine_Tab 50mg,0408010H0AAABAB,2,0.0
10,C84008,Paracet_Tab 500mg,0407010H0AAAMAM,22,0.08559999999999948
11,C84008,Pregabalin_Cap 50mg,0408010AEAAABAB,1,0.00560000000000016
12,C84008,Propranolol HCl_Tab 10mg,0204000R0AAAHAH,4,0.0
13,C84013,Atorvastatin_Tab 20mg,0212000B0AAABAB,22,45.1373
14,C84013,Lamotrigine_Tab 50mg,0408010H0AAABAB,23,2.990400000000002
15,C84013,Paracet_Tab 500mg,0407010H0AAAMAM,300,55.303600000000046
16,C84013,Pregabalin_Cap 25mg,0408010AEAAAAAA,4,0.016799999999999704
17,C84013,Pregabalin_Cap 50mg,0408010AEAAABAB,9,0.03360000000000096
18,C84013,Propranolol HCl_Tab 10mg,0204000R0AAAHAH,26,33.28639999999999
19,C84013,Quetiapine_Tab 300mg,0402010ABAAAKAK,3,0.011599999999998722
20,C84024,Atorvastatin_Tab 20mg,0212000B0AAABAB,2,-0.0042999999999999185
21,C84024,Lamotrigine_Tab 50mg,0408010H0AAABAB,30,5.913599999999999
22,C84024,Memantine HCl_Tab 20mg,0411000G0AAADAD,17,63.879200000000004
23,C84024,Montelukast_Tab 10mg,0303020G0AAABAB,93,73.17240000000002
24,C84024,Nefopam HCl_Tab 30mg,0407010P0AAABAB,95,189.08489999999998
25,C84024,Paracet_Tab 500mg,0407010H0AAAMAM,1284,18.899200000000164
26,C84024,Pregabalin_Cap 25mg,0408010AEAAAAAA,25,56.36820000000001
27,C84024,Pregabalin_Cap 50mg,0408010AEAAABAB,52,114.3591
28,C84024,Propranolol HCl_Tab 10mg,0204000R0AAAHAH,133,7.862400000000003
29,C84024,Quetiapine_Tab 300mg,0402010ABAAAKAK,8,0.013999999999998458
30,C84035,Atorvastatin_Tab 20mg,0212000B0AAABAB,248,48.373200000000026
31,C84035,Lamotrigine_Tab 50mg,0408010H0AAABAB,11,0.0
32,C84035,Paracet_Tab 500mg,0407010H0AAAMAM,496,118.66160000000008
33,C84035,Pregabalin_Cap 25mg,0408010AEAAAAAA,3,0.006299999999999889
34,C84035,Pregabalin_Cap 50mg,0408010AEAAABAB,10,0.04479999999999973
35,C84035,Propranolol HCl_Tab 10mg,0204000R0AAAHAH,36,0.0
36,C84035,Quetiapine_Tab 300mg,0402010ABAAAKAK,7,240.04960000000003
37,C84094,Atorvastatin_Tab 20mg,0212000B0AAABAB,1,-0.004199999999999995
38,C84094,Lamotrigine_Tab 50mg,0408010H0AAABAB,35,227.6932
39,C84094,Montelukast_Tab 10mg,0303020G0AAABAB,67,49.714000000000006
40,C84094,Nefopam HCl_Tab 30mg,0407010P0AAABAB,1,0.004499999999999504
41,C84094,Paracet_Tab 500mg,0407010H0AAAMAM,966,233.81619999999995
42,C84094,Pregabalin_Cap 50mg,0408010AEAAABAB,28,0.0920000000000015
43,C84094,Propranolol HCl_Tab 10mg,0204000R0AAAHAH,45,14.708399999999985
44,C84094,Quetiapine_Tab 300mg,0402010ABAAAKAK,14,0.03149999999999653
45,C84101,Lamotrigine_Tab 50mg,0408010H0AAABAB,2,0.0
46,C84101,Paracet_Tab 500mg,0407010H0AAAMAM,112,11.226000000000015
47,C84101,Pregabalin_Cap 50mg,0408010AEAAABAB,2,0.01120000000000032
48,C84101,Propranolol HCl_Tab 10mg,0204000R0AAAHAH,5,0.0
49,C84101,Quetiapine_Tab 300mg,0402010ABAAAKAK,1,0.0027999999999996916
50,C84692,Lamotrigine_Tab 50mg,0408010H0AAABAB,3,0.0
51,C84692,Memantine HCl_Tab 20mg,0411000G0AAADAD,4,0.01959999999999998
52,C84692,Paracet_Tab 500mg,0407010H0AAAMAM,8,0.03599999999999978
53,C84692,Pregabalin_Cap 25mg,0408010AEAAAAAA,3,0.006299999999999889
54,C84692,Pregabalin_Cap 50mg,0408010AEAAABAB,7,0.00420000000000012
55,C84692,Propranolol HCl_Tab 10mg,0204000R0AAAHAH,5,0.0
56,C84692,Quetiapine_Tab 300mg,0402010ABAAAKAK,1,0.0013999999999998458
57,Y05346,Atorvastatin_Tab 20mg,0212000B0AAABAB,127,67.56400000000001
58,Y05346,Lamotrigine_Tab 50mg,0408010H0AAABAB,6,0.0
59,Y05346,Nefopam HCl_Tab 30mg,0407010P0AAABAB,4,0.01679999999999815
60,Y05346,Paracet_Tab 500mg,0407010H0AAAMAM,18,0.10799999999999935
61,Y05346,Pregabalin_Cap 50mg,0408010AEAAABAB,2,-0.00560000000000016
62,Y05346,Propranolol HCl_Tab 10mg,0204000R0AAAHAH,10,0.0
63,Y05346,Quetiapine_Tab 300mg,0402010ABAAAKAK,1,0.0027999999999996916
