,practice_code,bnf_description,bnf_code,items,excess_cost
28,M83723,Memantine HCl_Tab 20mg,0411000G0AAADAD,36,255.62879999999998
0,Y02570,Paracet_Tab Solb 500mg,0407010H0AAAQAQ,3,246.89280000000005
1,Y02570,Paracet_Tab Solb 500mg,0407010H0AAAQAQ,3,246.89280000000005
287,M83067,Quetiapine_Tab 200mg,0402010ABAAADAD,1,77.9632
166,M83723,Lofepramine HCl_Tab 70mg,0403010R0AAAAAA,1,75.8016
343,M83067,Pramipexole_Tab 1.57mg M/R,0409010W0AAAJAJ,1,65.42099999999999
29,M83108,Memantine HCl_Tab 20mg,0411000G0AAADAD,11,63.91
36,M83723,Atorvastatin_Tab 20mg,0212000B0AAABAB,88,45.3376
37,M83067,Atorvastatin_Tab 20mg,0212000B0AAABAB,128,45.15840000000003
38,M83108,Atorvastatin_Tab 20mg,0212000B0AAABAB,125,45.150000000000006
39,M83723,Atorvastatin_Tab 20mg,0212000B0AAABAB,278,45.1472
334,M83067,Atorvastatin_Tab 40mg,0212000B0AAACAC,60,44.52
308,M83108,Ferr Sulf_Tab 200mg,0901011P0AAACAC,12,28.1568
167,M83723,Lofepramine HCl_Tab 70mg,0403010R0AAAAAA,1,25.27
335,M83108,Atorvastatin_Tab 40mg,0212000B0AAACAC,50,22.259999999999998
309,M83108,Ferr Sulf_Tab 200mg,0901011P0AAACAC,20,21.168
170,Y02570,Paracet_Tab 500mg,0407010H0AAAMAM,7,14.700000000000003
169,Y02570,Paracet_Tab 500mg,0407010H0AAAMAM,7,14.700000000000003
310,M83723,Ferr Sulf_Tab 200mg,0901011P0AAACAC,23,14.0392
172,M83108,Paracet_Tab 500mg,0407010H0AAAMAM,154,10.779999999999989
171,M83108,Paracet_Tab 500mg,0407010H0AAAMAM,154,10.779999999999989
174,M83108,Paracet_Tab 500mg,0407010H0AAAMAM,13,10.140000000000002
173,M83108,Paracet_Tab 500mg,0407010H0AAAMAM,13,10.140000000000002
176,M83067,Paracet_Tab 500mg,0407010H0AAAMAM,2,8.467200000000002
175,M83067,Paracet_Tab 500mg,0407010H0AAAMAM,2,8.467200000000002
311,M83108,Ferr Sulf_Tab 200mg,0901011P0AAACAC,17,7.044799999999997
48,M83089,Clonazepam_Tab 500mcg,0408010F0AAABAB,1,5.649999999999988
50,M83141,Clonazepam_Tab 500mcg,0408010F0AAABAB,2,5.06239999999999
49,M83108,Clonazepam_Tab 500mcg,0408010F0AAABAB,8,5.06239999999999
178,M83067,Paracet_Tab 500mg,0407010H0AAAMAM,56,5.040000000000008
177,M83067,Paracet_Tab 500mg,0407010H0AAAMAM,56,5.040000000000008
53,M83079,Clonazepam_Tab 500mcg,0408010F0AAABAB,6,3.796799999999992
51,M83011,Clonazepam_Tab 500mcg,0408010F0AAABAB,3,3.796799999999992
54,M83056,Clonazepam_Tab 500mcg,0408010F0AAABAB,6,3.796799999999992
55,M83012,Clonazepam_Tab 500mcg,0408010F0AAABAB,6,3.796799999999992
56,M83046,Clonazepam_Tab 500mcg,0408010F0AAABAB,1,3.796799999999992
52,M83079,Clonazepam_Tab 500mcg,0408010F0AAABAB,3,3.796799999999992
58,M83096,Clonazepam_Tab 500mcg,0408010F0AAABAB,1,2.847599999999994
57,M83023,Clonazepam_Tab 500mcg,0408010F0AAABAB,9,2.847599999999994
60,M83141,Clonazepam_Tab 500mcg,0408010F0AAABAB,4,2.531199999999995
59,M83056,Clonazepam_Tab 500mcg,0408010F0AAABAB,1,2.531199999999995
62,M83015,Clonazepam_Tab 500mcg,0408010F0AAABAB,2,2.2599999999999953
61,M83079,Clonazepam_Tab 500mcg,0408010F0AAABAB,1,2.2599999999999953
63,M83015,Clonazepam_Tab 500mcg,0408010F0AAABAB,3,2.033999999999996
3,M83665,Paracet_Tab Solb 500mg,0407010H0AAAQAQ,1,2.0304
2,M83665,Paracet_Tab Solb 500mg,0407010H0AAAQAQ,1,2.0304
65,M83005,Clonazepam_Tab 500mcg,0408010F0AAABAB,1,1.898399999999996
64,M83121,Clonazepam_Tab 500mcg,0408010F0AAABAB,1,1.898399999999996
66,M83054,Clonazepam_Tab 500mcg,0408010F0AAABAB,6,1.898399999999996
67,M83046,Clonazepam_Tab 500mcg,0408010F0AAABAB,3,1.898399999999996
68,M83140,Clonazepam_Tab 500mcg,0408010F0AAABAB,3,1.898399999999996
69,M83071,Clonazepam_Tab 500mcg,0408010F0AAABAB,6,1.898399999999996
70,M83089,Clonazepam_Tab 500mcg,0408010F0AAABAB,3,1.898399999999996
73,M83140,Clonazepam_Tab 500mcg,0408010F0AAABAB,2,1.898399999999996
72,M83121,Clonazepam_Tab 500mcg,0408010F0AAABAB,3,1.898399999999996
78,M83034,Clonazepam_Tab 500mcg,0408010F0AAABAB,3,1.898399999999996
74,M83015,Clonazepam_Tab 500mcg,0408010F0AAABAB,2,1.898399999999996
79,M83023,Clonazepam_Tab 500mcg,0408010F0AAABAB,3,1.898399999999996
71,M83665,Clonazepam_Tab 500mcg,0408010F0AAABAB,1,1.898399999999996
77,M83056,Clonazepam_Tab 500mcg,0408010F0AAABAB,1,1.898399999999996
76,M83067,Clonazepam_Tab 500mcg,0408010F0AAABAB,3,1.898399999999996
75,M83015,Clonazepam_Tab 500mcg,0408010F0AAABAB,6,1.898399999999996
80,M83071,Clonazepam_Tab 500mcg,0408010F0AAABAB,1,1.6949999999999965
81,M83056,Clonazepam_Tab 500mcg,0408010F0AAABAB,5,1.5819999999999967
83,M83141,Clonazepam_Tab 500mcg,0408010F0AAABAB,1,1.5819999999999967
84,M83089,Clonazepam_Tab 500mcg,0408010F0AAABAB,5,1.5819999999999967
82,M83034,Clonazepam_Tab 500mcg,0408010F0AAABAB,5,1.5819999999999967
85,M83640,Clonazepam_Tab 500mcg,0408010F0AAABAB,4,1.3559999999999972
86,M83108,Clonazepam_Tab 500mcg,0408010F0AAABAB,1,1.3559999999999972
87,M83034,Clonazepam_Tab 500mcg,0408010F0AAABAB,1,1.3559999999999972
89,M83079,Clonazepam_Tab 500mcg,0408010F0AAABAB,1,1.3559999999999972
90,M83023,Clonazepam_Tab 500mcg,0408010F0AAABAB,2,1.3559999999999972
88,M83011,Clonazepam_Tab 500mcg,0408010F0AAABAB,2,1.3559999999999972
179,M83723,Paracet_Tab 500mg,0407010H0AAAMAM,22,1.3200000000000074
180,M83723,Paracet_Tab 500mg,0407010H0AAAMAM,22,1.3200000000000074
97,M83025,Clonazepam_Tab 500mcg,0408010F0AAABAB,2,1.2655999999999974
91,M83701,Clonazepam_Tab 500mcg,0408010F0AAABAB,2,1.2655999999999974
102,M83056,Clonazepam_Tab 500mcg,0408010F0AAABAB,1,1.2655999999999974
101,M83054,Clonazepam_Tab 500mcg,0408010F0AAABAB,2,1.2655999999999974
100,M83096,Clonazepam_Tab 500mcg,0408010F0AAABAB,2,1.2655999999999974
99,M83071,Clonazepam_Tab 500mcg,0408010F0AAABAB,2,1.2655999999999974
98,M83017,Clonazepam_Tab 500mcg,0408010F0AAABAB,2,1.2655999999999974
96,M83701,Clonazepam_Tab 500mcg,0408010F0AAABAB,4,1.2655999999999974
95,M83121,Clonazepam_Tab 500mcg,0408010F0AAABAB,4,1.2655999999999974
94,M83054,Clonazepam_Tab 500mcg,0408010F0AAABAB,1,1.2655999999999974
93,M83108,Clonazepam_Tab 500mcg,0408010F0AAABAB,1,1.2655999999999974
92,M83140,Clonazepam_Tab 500mcg,0408010F0AAABAB,1,1.2655999999999974
103,M83056,Clonazepam_Tab 500mcg,0408010F0AAABAB,1,1.1299999999999977
104,M83034,Clonazepam_Tab 500mcg,0408010F0AAABAB,1,1.1299999999999977
40,M83054,Atorvastatin_Tab 20mg,0212000B0AAABAB,1,1.064
105,M83023,Clonazepam_Tab 500mcg,0408010F0AAABAB,3,1.016999999999998
107,M83079,Clonazepam_Tab 500mcg,0408010F0AAABAB,3,0.949199999999998
109,M83046,Clonazepam_Tab 500mcg,0408010F0AAABAB,3,0.949199999999998
110,M83723,Clonazepam_Tab 500mcg,0408010F0AAABAB,1,0.949199999999998
111,M83046,Clonazepam_Tab 500mcg,0408010F0AAABAB,1,0.949199999999998
112,M83079,Clonazepam_Tab 500mcg,0408010F0AAABAB,1,0.949199999999998
113,M83701,Clonazepam_Tab 500mcg,0408010F0AAABAB,1,0.949199999999998
106,M83011,Clonazepam_Tab 500mcg,0408010F0AAABAB,3,0.949199999999998
114,M83140,Clonazepam_Tab 500mcg,0408010F0AAABAB,3,0.949199999999998
115,M83011,Clonazepam_Tab 500mcg,0408010F0AAABAB,1,0.949199999999998
116,M83025,Clonazepam_Tab 500mcg,0408010F0AAABAB,3,0.949199999999998
117,M83723,Clonazepam_Tab 500mcg,0408010F0AAABAB,3,0.949199999999998
118,M83141,Clonazepam_Tab 500mcg,0408010F0AAABAB,1,0.949199999999998
119,M83084,Clonazepam_Tab 500mcg,0408010F0AAABAB,1,0.949199999999998
108,M83089,Clonazepam_Tab 500mcg,0408010F0AAABAB,1,0.949199999999998
121,M83121,Clonazepam_Tab 500mcg,0408010F0AAABAB,2,0.6779999999999986
123,M83121,Clonazepam_Tab 500mcg,0408010F0AAABAB,1,0.6779999999999986
122,M83071,Clonazepam_Tab 500mcg,0408010F0AAABAB,1,0.6779999999999986
125,M83096,Clonazepam_Tab 500mcg,0408010F0AAABAB,1,0.6779999999999986
124,M83108,Clonazepam_Tab 500mcg,0408010F0AAABAB,1,0.6779999999999986
120,M83056,Clonazepam_Tab 500mcg,0408010F0AAABAB,1,0.6779999999999986
126,M83071,Clonazepam_Tab 500mcg,0408010F0AAABAB,1,0.6553999999999987
136,M83103,Clonazepam_Tab 500mcg,0408010F0AAABAB,1,0.6327999999999987
135,M83723,Clonazepam_Tab 500mcg,0408010F0AAABAB,1,0.6327999999999987
134,M83697,Clonazepam_Tab 500mcg,0408010F0AAABAB,2,0.6327999999999987
133,M83141,Clonazepam_Tab 500mcg,0408010F0AAABAB,2,0.6327999999999987
132,M83071,Clonazepam_Tab 500mcg,0408010F0AAABAB,4,0.6327999999999987
131,M83096,Clonazepam_Tab 500mcg,0408010F0AAABAB,2,0.6327999999999987
130,M83084,Clonazepam_Tab 500mcg,0408010F0AAABAB,2,0.6327999999999987
128,M83108,Clonazepam_Tab 500mcg,0408010F0AAABAB,2,0.6327999999999987
127,M83007,Clonazepam_Tab 500mcg,0408010F0AAABAB,1,0.6327999999999987
129,M83697,Clonazepam_Tab 500mcg,0408010F0AAABAB,1,0.6327999999999987
137,M83701,Clonazepam_Tab 500mcg,0408010F0AAABAB,1,0.5699999999999983
138,M83007,Clonazepam_Tab 500mcg,0408010F0AAABAB,1,0.474599999999999
139,M83108,Clonazepam_Tab 500mcg,0408010F0AAABAB,1,0.474599999999999
144,M83071,Clonazepam_Tab 500mcg,0408010F0AAABAB,1,0.3389999999999993
143,M83012,Clonazepam_Tab 500mcg,0408010F0AAABAB,1,0.3389999999999993
142,M83054,Clonazepam_Tab 500mcg,0408010F0AAABAB,1,0.3389999999999993
141,M83079,Clonazepam_Tab 500mcg,0408010F0AAABAB,1,0.3389999999999993
140,M83108,Clonazepam_Tab 500mcg,0408010F0AAABAB,1,0.3389999999999993
150,M83054,Clonazepam_Tab 500mcg,0408010F0AAABAB,2,0.31639999999999935
149,M83665,Clonazepam_Tab 500mcg,0408010F0AAABAB,1,0.31639999999999935
148,M83103,Clonazepam_Tab 500mcg,0408010F0AAABAB,1,0.31639999999999935
147,Y02570,Clonazepam_Tab 500mcg,0408010F0AAABAB,1,0.31639999999999935
146,M83012,Clonazepam_Tab 500mcg,0408010F0AAABAB,1,0.31639999999999935
145,M83005,Clonazepam_Tab 500mcg,0408010F0AAABAB,1,0.31639999999999935
152,M83701,Clonazepam_Tab 500mcg,0408010F0AAABAB,2,0.31639999999999935
151,M83670,Clonazepam_Tab 500mcg,0408010F0AAABAB,1,0.31639999999999935
154,M83089,Clonazepam_Tab 500mcg,0408010F0AAABAB,3,0.2372999999999995
153,M83071,Clonazepam_Tab 500mcg,0408010F0AAABAB,1,0.2372999999999995
155,M83017,Clonazepam_Tab 500mcg,0408010F0AAABAB,2,0.23199999999999998
156,M83665,Clonazepam_Tab 500mcg,0408010F0AAABAB,1,0.22199999999999998
157,M83011,Clonazepam_Tab 500mcg,0408010F0AAABAB,1,0.19549999999999923
158,M83067,Clonazepam_Tab 500mcg,0408010F0AAABAB,1,0.174
182,Y02570,Paracet_Tab 500mg,0407010H0AAAMAM,1,0.16799999999999995
181,Y02570,Paracet_Tab 500mg,0407010H0AAAMAM,1,0.16799999999999995
163,M83017,Clonazepam_Tab 500mcg,0408010F0AAABAB,1,0.15819999999999967
162,M83121,Clonazepam_Tab 500mcg,0408010F0AAABAB,1,0.15819999999999967
161,M83034,Clonazepam_Tab 500mcg,0408010F0AAABAB,1,0.15819999999999967
160,M83665,Clonazepam_Tab 500mcg,0408010F0AAABAB,1,0.15819999999999967
159,M83140,Clonazepam_Tab 500mcg,0408010F0AAABAB,1,0.15819999999999967
183,Y02570,Paracet_Tab 500mg,0407010H0AAAMAM,1,0.10079999999999997
184,Y02570,Paracet_Tab 500mg,0407010H0AAAMAM,1,0.10079999999999997
164,M83054,Clonazepam_Tab 500mcg,0408010F0AAABAB,1,0.07909999999999984
186,Y02570,Paracet_Tab 500mg,0407010H0AAAMAM,1,0.06719999999999993
185,Y02570,Paracet_Tab 500mg,0407010H0AAAMAM,1,0.06719999999999993
165,Y03711,Clonazepam_Tab 500mcg,0408010F0AAABAB,1,0.06359999999999999
312,M83122,Ferr Sulf_Tab 200mg,0901011P0AAACAC,11,0.06159999999999963
30,M83011,Memantine HCl_Tab 20mg,0411000G0AAADAD,12,0.058799999999999936
31,M83122,Memantine HCl_Tab 20mg,0411000G0AAADAD,9,0.04409999999999995
32,M83017,Memantine HCl_Tab 20mg,0411000G0AAADAD,8,0.03919999999999996
188,M83046,Paracet_Tab 500mg,0407010H0AAAMAM,6,0.03599999999999978
187,M83046,Paracet_Tab 500mg,0407010H0AAAMAM,6,0.03599999999999978
33,M83015,Memantine HCl_Tab 20mg,0411000G0AAADAD,7,0.03429999999999996
189,M83011,Paracet_Tab 500mg,0407010H0AAAMAM,5,0.02999999999999982
192,M83011,Paracet_Tab 500mg,0407010H0AAAMAM,5,0.02999999999999982
191,M83023,Paracet_Tab 500mg,0407010H0AAAMAM,5,0.02999999999999982
190,M83023,Paracet_Tab 500mg,0407010H0AAAMAM,5,0.02999999999999982
194,M83079,Paracet_Tab 500mg,0407010H0AAAMAM,7,0.028000000000000025
193,M83079,Paracet_Tab 500mg,0407010H0AAAMAM,7,0.028000000000000025
313,Y02570,Ferr Sulf_Tab 200mg,0901011P0AAACAC,5,0.02799999999999983
195,M83011,Paracet_Tab 500mg,0407010H0AAAMAM,6,0.025199999999999848
196,M83011,Paracet_Tab 500mg,0407010H0AAAMAM,6,0.025199999999999848
197,M83054,Paracet_Tab 500mg,0407010H0AAAMAM,4,0.023999999999999855
198,M83054,Paracet_Tab 500mg,0407010H0AAAMAM,4,0.023999999999999855
314,M83103,Ferr Sulf_Tab 200mg,0901011P0AAACAC,4,0.022399999999999864
315,M83108,Ferr Sulf_Tab 200mg,0901011P0AAACAC,3,0.017999999999999267
316,M83054,Ferr Sulf_Tab 200mg,0901011P0AAACAC,3,0.017999999999999267
200,M83122,Paracet_Tab 500mg,0407010H0AAAMAM,6,0.0167999999999999
317,M83056,Ferr Sulf_Tab 200mg,0901011P0AAACAC,2,0.0167999999999999
199,M83122,Paracet_Tab 500mg,0407010H0AAAMAM,6,0.0167999999999999
34,M83096,Memantine HCl_Tab 20mg,0411000G0AAADAD,3,0.014699999999999984
204,M83005,Paracet_Tab 500mg,0407010H0AAAMAM,2,0.011999999999999927
208,M83122,Paracet_Tab 500mg,0407010H0AAAMAM,2,0.011999999999999927
203,M83084,Paracet_Tab 500mg,0407010H0AAAMAM,2,0.011999999999999927
205,M83122,Paracet_Tab 500mg,0407010H0AAAMAM,2,0.011999999999999927
206,M83007,Paracet_Tab 500mg,0407010H0AAAMAM,2,0.011999999999999927
207,M83071,Paracet_Tab 500mg,0407010H0AAAMAM,2,0.011999999999999927
201,M83007,Paracet_Tab 500mg,0407010H0AAAMAM,2,0.011999999999999927
202,M83005,Paracet_Tab 500mg,0407010H0AAAMAM,2,0.011999999999999927
209,M83084,Paracet_Tab 500mg,0407010H0AAAMAM,2,0.011999999999999927
210,M83071,Paracet_Tab 500mg,0407010H0AAAMAM,2,0.011999999999999927
318,M83011,Ferr Sulf_Tab 200mg,0901011P0AAACAC,4,0.011199999999999932
320,M83015,Ferr Sulf_Tab 200mg,0901011P0AAACAC,1,0.008999999999999633
319,M83665,Ferr Sulf_Tab 200mg,0901011P0AAACAC,1,0.008999999999999633
321,M83079,Ferr Sulf_Tab 200mg,0901011P0AAACAC,1,0.00839999999999995
211,M83071,Paracet_Tab 500mg,0407010H0AAAMAM,3,0.0071999999999999564
212,M83071,Paracet_Tab 500mg,0407010H0AAAMAM,3,0.0071999999999999564
41,M83046,Atorvastatin_Tab 20mg,0212000B0AAABAB,1,0.006400000000000183
5,M83054,Paracet_Tab Solb 500mg,0407010H0AAAQAQ,1,0.006000000000000172
336,M83012,Atorvastatin_Tab 40mg,0212000B0AAACAC,1,0.006000000000000172
4,M83054,Paracet_Tab Solb 500mg,0407010H0AAAQAQ,1,0.006000000000000172
213,M83017,Paracet_Tab 500mg,0407010H0AAAMAM,1,0.005999999999999964
214,Y02570,Paracet_Tab 500mg,0407010H0AAAMAM,1,0.005999999999999964
224,M83012,Paracet_Tab 500mg,0407010H0AAAMAM,1,0.005999999999999964
223,Y02570,Paracet_Tab 500mg,0407010H0AAAMAM,1,0.005999999999999964
222,M83089,Paracet_Tab 500mg,0407010H0AAAMAM,1,0.005999999999999964
221,M83665,Paracet_Tab 500mg,0407010H0AAAMAM,1,0.005999999999999964
220,M83067,Paracet_Tab 500mg,0407010H0AAAMAM,1,0.005999999999999964
219,M83089,Paracet_Tab 500mg,0407010H0AAAMAM,1,0.005999999999999964
218,Y03711,Paracet_Tab 500mg,0407010H0AAAMAM,2,0.005999999999999964
217,M83665,Paracet_Tab 500mg,0407010H0AAAMAM,1,0.005999999999999964
216,M83103,Paracet_Tab 500mg,0407010H0AAAMAM,1,0.005999999999999964
215,M83012,Paracet_Tab 500mg,0407010H0AAAMAM,1,0.005999999999999964
225,Y03711,Paracet_Tab 500mg,0407010H0AAAMAM,2,0.005999999999999964
227,M83017,Paracet_Tab 500mg,0407010H0AAAMAM,1,0.005999999999999964
226,M83103,Paracet_Tab 500mg,0407010H0AAAMAM,1,0.005999999999999964
228,M83067,Paracet_Tab 500mg,0407010H0AAAMAM,1,0.005999999999999964
324,M83084,Ferr Sulf_Tab 200mg,0901011P0AAACAC,1,0.0059999999999997555
323,M83141,Ferr Sulf_Tab 200mg,0901011P0AAACAC,1,0.0059999999999997555
322,M83071,Ferr Sulf_Tab 200mg,0901011P0AAACAC,1,0.0059999999999997555
325,M83079,Ferr Sulf_Tab 200mg,0901011P0AAACAC,1,0.0059999999999997555
229,M83140,Paracet_Tab 500mg,0407010H0AAAMAM,1,0.005599999999999994
230,M83140,Paracet_Tab 500mg,0407010H0AAAMAM,1,0.005599999999999994
231,M83096,Paracet_Tab 500mg,0407010H0AAAMAM,2,0.005599999999999966
232,M83079,Paracet_Tab 500mg,0407010H0AAAMAM,2,0.005599999999999966
234,M83096,Paracet_Tab 500mg,0407010H0AAAMAM,2,0.005599999999999966
233,M83079,Paracet_Tab 500mg,0407010H0AAAMAM,2,0.005599999999999966
338,M83023,Atorvastatin_Tab 40mg,0212000B0AAACAC,1,0.004400000000000015
337,M83701,Atorvastatin_Tab 40mg,0212000B0AAACAC,1,0.004400000000000015
235,M83079,Paracet_Tab 500mg,0407010H0AAAMAM,1,0.0040000000000000105
236,M83079,Paracet_Tab 500mg,0407010H0AAAMAM,1,0.0040000000000000105
326,M83108,Ferr Sulf_Tab 200mg,0901011P0AAACAC,1,0.003999999999999976
288,M83108,Quetiapine_Tab 200mg,0402010ABAAADAD,1,0.00390000000000007
6,Y03711,Paracet_Tab Solb 500mg,0407010H0AAAQAQ,1,0.0032000000000000917
7,Y03711,Paracet_Tab Solb 500mg,0407010H0AAAQAQ,1,0.0032000000000000917
237,M83025,Paracet_Tab 500mg,0407010H0AAAMAM,1,0.002999999999999982
238,M83025,Paracet_Tab 500mg,0407010H0AAAMAM,1,0.002999999999999982
239,M83011,Paracet_Tab 500mg,0407010H0AAAMAM,1,0.002799999999999983
240,M83025,Paracet_Tab 500mg,0407010H0AAAMAM,1,0.002799999999999983
241,M83025,Paracet_Tab 500mg,0407010H0AAAMAM,1,0.002799999999999983
242,M83011,Paracet_Tab 500mg,0407010H0AAAMAM,1,0.002799999999999983
243,M83023,Paracet_Tab 500mg,0407010H0AAAMAM,1,0.002400000000000027
244,M83023,Paracet_Tab 500mg,0407010H0AAAMAM,1,0.002400000000000027
8,M83023,Paracet_Tab Solb 500mg,0407010H0AAAQAQ,1,0.0020000000000000573
9,M83023,Paracet_Tab Solb 500mg,0407010H0AAAQAQ,1,0.0020000000000000573
289,M83005,Quetiapine_Tab 200mg,0402010ABAAADAD,1,-0.0006999999999999229
42,M83007,Atorvastatin_Tab 20mg,0212000B0AAABAB,1,-0.0007999999999999674
290,M83025,Quetiapine_Tab 200mg,0402010ABAAADAD,2,-0.0013999999999998458
291,M83108,Quetiapine_Tab 200mg,0402010ABAAADAD,3,-0.0020999999999997687
35,M83034,Memantine HCl_Tab 20mg,0411000G0AAADAD,1,-0.002599999999999894
295,M83012,Quetiapine_Tab 200mg,0402010ABAAADAD,2,-0.0027999999999996916
293,M83141,Quetiapine_Tab 200mg,0402010ABAAADAD,1,-0.0027999999999996916
292,M83071,Quetiapine_Tab 200mg,0402010ABAAADAD,4,-0.0027999999999996916
296,M83067,Quetiapine_Tab 200mg,0402010ABAAADAD,1,-0.0027999999999996916
297,M83108,Quetiapine_Tab 200mg,0402010ABAAADAD,1,-0.0027999999999996916
294,M83067,Quetiapine_Tab 200mg,0402010ABAAADAD,4,-0.0027999999999996916
43,M83079,Atorvastatin_Tab 20mg,0212000B0AAABAB,1,-0.002799999999999997
45,M83723,Atorvastatin_Tab 20mg,0212000B0AAABAB,1,-0.0029999999999998778
44,M83079,Atorvastatin_Tab 20mg,0212000B0AAABAB,1,-0.0029999999999998778
10,M83023,Paracet_Tab Solb 500mg,0407010H0AAAQAQ,1,-0.0031999999999996476
11,M83023,Paracet_Tab Solb 500mg,0407010H0AAAQAQ,1,-0.0031999999999996476
327,M83723,Ferr Sulf_Tab 200mg,0901011P0AAACAC,1,-0.0032000000000000917
298,M83096,Quetiapine_Tab 200mg,0402010ABAAADAD,5,-0.0034999999999996145
299,M83011,Quetiapine_Tab 200mg,0402010ABAAADAD,5,-0.0034999999999996145
245,M83023,Paracet_Tab 500mg,0407010H0AAAMAM,1,-0.003999999999999976
46,M83701,Atorvastatin_Tab 20mg,0212000B0AAABAB,1,-0.003999999999999976
246,M83023,Paracet_Tab 500mg,0407010H0AAAMAM,1,-0.003999999999999976
339,M83079,Atorvastatin_Tab 40mg,0212000B0AAACAC,1,-0.004199999999999995
340,M83140,Atorvastatin_Tab 40mg,0212000B0AAACAC,1,-0.004199999999999995
47,M83723,Atorvastatin_Tab 20mg,0212000B0AAABAB,1,-0.005199999999999788
301,M83723,Quetiapine_Tab 200mg,0402010ABAAADAD,2,-0.005599999999999383
300,M83056,Quetiapine_Tab 200mg,0402010ABAAADAD,2,-0.005599999999999383
302,M83012,Quetiapine_Tab 200mg,0402010ABAAADAD,2,-0.005599999999999383
303,M83071,Quetiapine_Tab 200mg,0402010ABAAADAD,4,-0.005599999999999383
304,M83056,Quetiapine_Tab 200mg,0402010ABAAADAD,4,-0.005599999999999383
247,M83012,Paracet_Tab 500mg,0407010H0AAAMAM,1,-0.005599999999999966
248,M83665,Paracet_Tab 500mg,0407010H0AAAMAM,1,-0.005599999999999966
249,M83084,Paracet_Tab 500mg,0407010H0AAAMAM,1,-0.005599999999999966
250,M83665,Paracet_Tab 500mg,0407010H0AAAMAM,1,-0.005599999999999966
251,M83084,Paracet_Tab 500mg,0407010H0AAAMAM,1,-0.005599999999999966
252,M83012,Paracet_Tab 500mg,0407010H0AAAMAM,1,-0.005599999999999966
15,M83121,Paracet_Tab Solb 500mg,0407010H0AAAQAQ,1,-0.005999999999999339
13,M83701,Paracet_Tab Solb 500mg,0407010H0AAAQAQ,1,-0.005999999999999339
14,M83701,Paracet_Tab Solb 500mg,0407010H0AAAQAQ,1,-0.005999999999999339
16,M83704,Paracet_Tab Solb 500mg,0407010H0AAAQAQ,1,-0.005999999999999339
22,M83121,Paracet_Tab Solb 500mg,0407010H0AAAQAQ,1,-0.005999999999999339
21,M83108,Paracet_Tab Solb 500mg,0407010H0AAAQAQ,1,-0.005999999999999339
17,M83084,Paracet_Tab Solb 500mg,0407010H0AAAQAQ,1,-0.005999999999999339
18,M83704,Paracet_Tab Solb 500mg,0407010H0AAAQAQ,1,-0.005999999999999339
19,M83140,Paracet_Tab Solb 500mg,0407010H0AAAQAQ,1,-0.005999999999999339
23,M83140,Paracet_Tab Solb 500mg,0407010H0AAAQAQ,1,-0.005999999999999339
12,M83108,Paracet_Tab Solb 500mg,0407010H0AAAQAQ,1,-0.005999999999999339
20,M83084,Paracet_Tab Solb 500mg,0407010H0AAAQAQ,1,-0.005999999999999339
328,M83056,Ferr Sulf_Tab 200mg,0901011P0AAACAC,3,-0.0063000000000001805
305,M83034,Quetiapine_Tab 200mg,0402010ABAAADAD,10,-0.006999999999999229
260,M83056,Paracet_Tab 500mg,0407010H0AAAMAM,2,-0.011199999999999932
259,M83071,Paracet_Tab 500mg,0407010H0AAAMAM,2,-0.011199999999999932
254,Y02570,Paracet_Tab 500mg,0407010H0AAAMAM,2,-0.011199999999999932
253,M83697,Paracet_Tab 500mg,0407010H0AAAMAM,2,-0.011199999999999932
257,Y02570,Paracet_Tab 500mg,0407010H0AAAMAM,2,-0.011199999999999932
256,M83071,Paracet_Tab 500mg,0407010H0AAAMAM,2,-0.011199999999999932
255,M83697,Paracet_Tab 500mg,0407010H0AAAMAM,2,-0.011199999999999932
258,M83056,Paracet_Tab 500mg,0407010H0AAAMAM,2,-0.011199999999999932
168,M83665,Lofepramine HCl_Tab 70mg,0403010R0AAAAAA,2,-0.011999999999998678
24,M83023,Paracet_Tab Solb 500mg,0407010H0AAAQAQ,2,-0.011999999999998678
27,M83122,Paracet_Tab Solb 500mg,0407010H0AAAQAQ,2,-0.011999999999998678
26,M83122,Paracet_Tab Solb 500mg,0407010H0AAAQAQ,2,-0.011999999999998678
25,M83023,Paracet_Tab Solb 500mg,0407010H0AAAQAQ,2,-0.011999999999998678
306,M83011,Quetiapine_Tab 200mg,0402010ABAAADAD,3,-0.012599999999998612
341,M83096,Atorvastatin_Tab 40mg,0212000B0AAACAC,5,-0.013999999999999985
261,M83034,Paracet_Tab 500mg,0407010H0AAAMAM,3,-0.0167999999999999
262,M83034,Paracet_Tab 500mg,0407010H0AAAMAM,3,-0.0167999999999999
329,M83017,Ferr Sulf_Tab 200mg,0901011P0AAACAC,8,-0.01680000000000048
307,M83034,Quetiapine_Tab 200mg,0402010ABAAADAD,7,-0.01959999999999784
331,M83015,Ferr Sulf_Tab 200mg,0901011P0AAACAC,10,-0.0210000000000006
330,M83011,Ferr Sulf_Tab 200mg,0901011P0AAACAC,10,-0.0210000000000006
266,M83121,Paracet_Tab 500mg,0407010H0AAAMAM,4,-0.022399999999999864
265,M83079,Paracet_Tab 500mg,0407010H0AAAMAM,4,-0.022399999999999864
267,M83054,Paracet_Tab 500mg,0407010H0AAAMAM,4,-0.022399999999999864
264,M83079,Paracet_Tab 500mg,0407010H0AAAMAM,4,-0.022399999999999864
263,M83054,Paracet_Tab 500mg,0407010H0AAAMAM,4,-0.022399999999999864
268,M83121,Paracet_Tab 500mg,0407010H0AAAMAM,4,-0.022399999999999864
269,M83701,Paracet_Tab 500mg,0407010H0AAAMAM,5,-0.02799999999999983
270,M83701,Paracet_Tab 500mg,0407010H0AAAMAM,5,-0.02799999999999983
272,M83011,Paracet_Tab 500mg,0407010H0AAAMAM,5,-0.02799999999999983
273,M83122,Paracet_Tab 500mg,0407010H0AAAMAM,5,-0.02799999999999983
274,M83011,Paracet_Tab 500mg,0407010H0AAAMAM,5,-0.02799999999999983
271,M83122,Paracet_Tab 500mg,0407010H0AAAMAM,5,-0.02799999999999983
342,M83096,Atorvastatin_Tab 40mg,0212000B0AAACAC,20,-0.02799999999999997
275,M83025,Paracet_Tab 500mg,0407010H0AAAMAM,8,-0.04479999999999973
276,M83017,Paracet_Tab 500mg,0407010H0AAAMAM,8,-0.04479999999999973
277,M83017,Paracet_Tab 500mg,0407010H0AAAMAM,8,-0.04479999999999973
278,M83025,Paracet_Tab 500mg,0407010H0AAAMAM,8,-0.04479999999999973
280,M83140,Paracet_Tab 500mg,0407010H0AAAMAM,13,-0.07279999999999956
279,M83140,Paracet_Tab 500mg,0407010H0AAAMAM,13,-0.07279999999999956
281,M83108,Paracet_Tab 500mg,0407010H0AAAMAM,23,-0.08279999999999998
282,M83108,Paracet_Tab 500mg,0407010H0AAAMAM,23,-0.08279999999999998
332,M83723,Ferr Sulf_Tab 200mg,0901011P0AAACAC,3,-0.10080000000000056
333,M83723,Ferr Sulf_Tab 200mg,0901011P0AAACAC,30,-0.2520000000000072
284,M83723,Paracet_Tab 500mg,0407010H0AAAMAM,14,-0.6271999999999989
283,M83723,Paracet_Tab 500mg,0407010H0AAAMAM,14,-0.6271999999999989
285,M83723,Paracet_Tab 500mg,0407010H0AAAMAM,2,-4.838399999999998
286,M83723,Paracet_Tab 500mg,0407010H0AAAMAM,2,-4.838399999999998
