,practice_code,bnf_description,bnf_code,items,excess_cost
164,C81061,Propranolol HCl_Tab 10mg,0204000R0AAAHAH,2,117.8688
159,C81010,Memantine HCl_Tab 20mg,0411000G0AAADAD,16,114.016
221,C81083,Lamotrigine_Tab 200mg,0408010H0AAA1A1,4,95.84959999999998
154,C81010,Phenytoin_Sod Tab 100mg,0408010Q0AAAGAG,3,79.5984
272,C81097,Carbimazole_Tab 5mg,0602020D0AAAAAA,2,71.63520000000003
1,C81010,Paracet_Tab 500mg,0407010H0AAAMAM,221,64.35519999999995
0,C81010,Paracet_Tab 500mg,0407010H0AAAMAM,221,64.35519999999995
155,C81021,Phenytoin_Sod Tab 100mg,0408010Q0AAAGAG,2,59.707199999999986
156,C81010,Phenytoin_Sod Tab 100mg,0408010Q0AAAGAG,1,59.69879999999999
241,C81061,Risperidone_Tab 6mg,040201030AAAFAF,2,58.4192
293,C81097,Clopidogrel_Tab 75mg,0209000C0AAAAAA,37,58.223199999999984
160,C81097,Memantine HCl_Tab 20mg,0411000G0AAADAD,7,56.9968
245,C81026,Omeprazole_Cap E/C 20mg,0103050P0AAAAAA,1,54.46560000000001
157,C81061,Phenytoin_Sod Tab 100mg,0408010Q0AAAGAG,1,39.79919999999999
244,C81115,Co-Codamol Eff_Tab 30mg/500mg,0407010F0AAAFAF,3,39.5808
243,C81115,Co-Codamol Eff_Tab 30mg/500mg,0407010F0AAAFAF,3,39.5808
2,C81090,Paracet_Tab 500mg,0407010H0AAAMAM,56,34.72000000000002
3,C81090,Paracet_Tab 500mg,0407010H0AAAMAM,56,34.72000000000002
4,C81061,Paracet_Tab 500mg,0407010H0AAAMAM,51,33.129599999999996
5,C81061,Paracet_Tab 500mg,0407010H0AAAMAM,51,33.129599999999996
242,C81097,Risperidone_Tab 6mg,040201030AAAFAF,1,29.2096
6,C81026,Paracet_Tab 500mg,0407010H0AAAMAM,38,28.88000000000001
7,C81026,Paracet_Tab 500mg,0407010H0AAAMAM,38,28.88000000000001
9,C81061,Paracet_Tab 500mg,0407010H0AAAMAM,21,22.579200000000025
8,C81061,Paracet_Tab 500mg,0407010H0AAAMAM,21,22.579200000000025
10,C81021,Paracet_Tab 500mg,0407010H0AAAMAM,57,17.875200000000024
11,C81021,Paracet_Tab 500mg,0407010H0AAAMAM,57,17.875200000000024
12,C81090,Paracet_Tab 500mg,0407010H0AAAMAM,52,16.640000000000008
13,C81090,Paracet_Tab 500mg,0407010H0AAAMAM,52,16.640000000000008
14,C81021,Paracet_Tab 500mg,0407010H0AAAMAM,172,13.760000000000035
15,C81021,Paracet_Tab 500mg,0407010H0AAAMAM,172,13.760000000000035
16,C81090,Paracet_Tab 500mg,0407010H0AAAMAM,18,12.499200000000009
17,C81090,Paracet_Tab 500mg,0407010H0AAAMAM,18,12.499200000000009
18,C81026,Paracet_Tab 500mg,0407010H0AAAMAM,92,11.039999999999997
19,C81026,Paracet_Tab 500mg,0407010H0AAAMAM,92,11.039999999999997
20,C81010,Paracet_Tab 500mg,0407010H0AAAMAM,98,10.780000000000003
21,C81010,Paracet_Tab 500mg,0407010H0AAAMAM,98,10.780000000000003
23,C81010,Paracet_Tab 500mg,0407010H0AAAMAM,38,9.879999999999994
22,C81010,Paracet_Tab 500mg,0407010H0AAAMAM,38,9.879999999999994
165,C81061,Propranolol HCl_Tab 10mg,0204000R0AAAHAH,1,9.8224
24,C81010,Paracet_Tab 500mg,0407010H0AAAMAM,2,8.568
25,C81010,Paracet_Tab 500mg,0407010H0AAAMAM,2,8.568
26,C81023,Paracet_Tab 500mg,0407010H0AAAMAM,70,8.399999999999999
28,C81023,Paracet_Tab 500mg,0407010H0AAAMAM,70,8.399999999999999
27,C81115,Paracet_Tab 500mg,0407010H0AAAMAM,70,8.399999999999999
29,C81115,Paracet_Tab 500mg,0407010H0AAAMAM,70,8.399999999999999
31,C81061,Paracet_Tab 500mg,0407010H0AAAMAM,118,8.259999999999991
30,C81061,Paracet_Tab 500mg,0407010H0AAAMAM,118,8.259999999999991
33,C81023,Paracet_Tab 500mg,0407010H0AAAMAM,86,7.740000000000013
32,C81023,Paracet_Tab 500mg,0407010H0AAAMAM,86,7.740000000000013
246,C81010,Omeprazole_Cap E/C 20mg,0103050P0AAAAAA,41,6.88799999999999
34,C81022,Paracet_Tab 500mg,0407010H0AAAMAM,31,6.2000000000000055
35,C81022,Paracet_Tab 500mg,0407010H0AAAMAM,31,6.2000000000000055
158,C81021,Phenytoin_Sod Tab 100mg,0408010Q0AAAGAG,1,6.059199999999998
36,C81604,Paracet_Tab 500mg,0407010H0AAAMAM,35,4.549999999999997
37,C81604,Paracet_Tab 500mg,0407010H0AAAMAM,35,4.549999999999997
247,C81097,Omeprazole_Cap E/C 20mg,0103050P0AAAAAA,42,3.527999999999999
248,C81010,Omeprazole_Cap E/C 20mg,0103050P0AAAAAA,207,3.477599999999979
39,C81604,Paracet_Tab 500mg,0407010H0AAAMAM,4,3.374400000000002
38,C81604,Paracet_Tab 500mg,0407010H0AAAMAM,4,3.374400000000002
41,C81061,Paracet_Tab 500mg,0407010H0AAAMAM,2,3.0240000000000005
40,C81061,Paracet_Tab 500mg,0407010H0AAAMAM,2,3.0240000000000005
249,C81097,Omeprazole_Cap E/C 20mg,0103050P0AAAAAA,130,2.911999999999982
43,C81061,Paracet_Tab 500mg,0407010H0AAAMAM,1,2.52
42,C81061,Paracet_Tab 500mg,0407010H0AAAMAM,1,2.52
44,C81115,Paracet_Tab 500mg,0407010H0AAAMAM,86,1.9263999999999883
45,C81115,Paracet_Tab 500mg,0407010H0AAAMAM,86,1.9263999999999883
47,C81604,Paracet_Tab 500mg,0407010H0AAAMAM,2,1.2544000000000002
46,C81604,Paracet_Tab 500mg,0407010H0AAAMAM,2,1.2544000000000002
49,C81604,Paracet_Tab 500mg,0407010H0AAAMAM,1,0.8344
48,C81604,Paracet_Tab 500mg,0407010H0AAAMAM,1,0.8344
51,C81604,Paracet_Tab 500mg,0407010H0AAAMAM,12,0.4800000000000054
50,C81604,Paracet_Tab 500mg,0407010H0AAAMAM,12,0.4800000000000054
52,C81026,Paracet_Tab 500mg,0407010H0AAAMAM,17,0.19039999999999885
53,C81026,Paracet_Tab 500mg,0407010H0AAAMAM,17,0.19039999999999885
294,C81021,Clopidogrel_Tab 75mg,0209000C0AAAAAA,37,0.1812999999999998
250,C81061,Omeprazole_Cap E/C 20mg,0103050P0AAAAAA,33,0.16169999999999982
251,C81021,Omeprazole_Cap E/C 20mg,0103050P0AAAAAA,20,0.09799999999999989
252,C81115,Omeprazole_Cap E/C 20mg,0103050P0AAAAAA,19,0.0930999999999999
253,C81083,Omeprazole_Cap E/C 20mg,0103050P0AAAAAA,17,0.0832999999999999
254,C81026,Omeprazole_Cap E/C 20mg,0103050P0AAAAAA,18,0.07559999999999992
54,C81010,Paracet_Tab 500mg,0407010H0AAAMAM,1,0.06719999999999993
55,C81010,Paracet_Tab 500mg,0407010H0AAAMAM,1,0.06719999999999993
56,C81061,Paracet_Tab 500mg,0407010H0AAAMAM,4,0.0671999999999996
57,C81061,Paracet_Tab 500mg,0407010H0AAAMAM,4,0.0671999999999996
59,C81090,Paracet_Tab 500mg,0407010H0AAAMAM,9,0.050399999999999695
58,C81090,Paracet_Tab 500mg,0407010H0AAAMAM,9,0.050399999999999695
296,C81061,Clopidogrel_Tab 75mg,0209000C0AAAAAA,9,0.04409999999999995
295,C81115,Clopidogrel_Tab 75mg,0209000C0AAAAAA,9,0.04409999999999995
255,C81010,Omeprazole_Cap E/C 20mg,0103050P0AAAAAA,9,0.04409999999999995
61,C81604,Paracet_Tab 500mg,0407010H0AAAMAM,1,0.0432
60,C81604,Paracet_Tab 500mg,0407010H0AAAMAM,1,0.0432
257,C81090,Omeprazole_Cap E/C 20mg,0103050P0AAAAAA,8,0.03919999999999996
256,C81022,Omeprazole_Cap E/C 20mg,0103050P0AAAAAA,8,0.03919999999999996
297,C81642,Clopidogrel_Tab 75mg,0209000C0AAAAAA,7,0.03429999999999996
222,C81010,Lamotrigine_Tab 200mg,0408010H0AAA1A1,6,0.0335999999999963
161,C81115,Memantine HCl_Tab 20mg,0411000G0AAADAD,6,0.029399999999999968
298,C81604,Clopidogrel_Tab 75mg,0209000C0AAAAAA,6,0.029399999999999968
299,C81010,Clopidogrel_Tab 75mg,0209000C0AAAAAA,5,0.024499999999999973
258,C81023,Omeprazole_Cap E/C 20mg,0103050P0AAAAAA,5,0.024499999999999973
259,C81642,Omeprazole_Cap E/C 20mg,0103050P0AAAAAA,4,0.01959999999999998
162,C81061,Memantine HCl_Tab 20mg,0411000G0AAADAD,3,0.014699999999999984
63,C81021,Paracet_Tab 500mg,0407010H0AAAMAM,4,0.011199999999999932
65,C81061,Paracet_Tab 500mg,0407010H0AAAMAM,4,0.011199999999999932
64,C81021,Paracet_Tab 500mg,0407010H0AAAMAM,4,0.011199999999999932
62,C81061,Paracet_Tab 500mg,0407010H0AAAMAM,4,0.011199999999999932
260,C81026,Omeprazole_Cap E/C 20mg,0103050P0AAAAAA,4,0.009599999999999942
66,C81604,Paracet_Tab 500mg,0407010H0AAAMAM,1,0.007599999999999954
67,C81604,Paracet_Tab 500mg,0407010H0AAAMAM,1,0.007599999999999954
68,C81642,Paracet_Tab 500mg,0407010H0AAAMAM,1,0.005999999999999964
69,C81010,Paracet_Tab 500mg,0407010H0AAAMAM,1,0.005999999999999964
70,C81023,Paracet_Tab 500mg,0407010H0AAAMAM,1,0.005999999999999964
71,C81023,Paracet_Tab 500mg,0407010H0AAAMAM,1,0.005999999999999964
72,C81642,Paracet_Tab 500mg,0407010H0AAAMAM,1,0.005999999999999964
73,C81010,Paracet_Tab 500mg,0407010H0AAAMAM,1,0.005999999999999964
74,C81061,Paracet_Tab 500mg,0407010H0AAAMAM,4,0.005599999999999966
75,C81061,Paracet_Tab 500mg,0407010H0AAAMAM,4,0.005599999999999966
300,C81026,Clopidogrel_Tab 75mg,0209000C0AAAAAA,1,0.004899999999999995
301,C81022,Clopidogrel_Tab 75mg,0209000C0AAAAAA,1,0.004899999999999995
302,C81083,Clopidogrel_Tab 75mg,0209000C0AAAAAA,1,0.004599999999999972
261,C81604,Omeprazole_Cap E/C 20mg,0103050P0AAAAAA,1,0.004199999999999975
166,C81604,Propranolol HCl_Tab 10mg,0204000R0AAAHAH,1,0.004000000000000115
262,C81010,Omeprazole_Cap E/C 20mg,0103050P0AAAAAA,1,0.0034999999999998574
263,C81604,Omeprazole_Cap E/C 20mg,0103050P0AAAAAA,1,0.0034999999999998574
264,C81026,Omeprazole_Cap E/C 20mg,0103050P0AAAAAA,1,0.0031999999999999806
265,C81021,Omeprazole_Cap E/C 20mg,0103050P0AAAAAA,1,0.0029999999999998778
77,C81026,Paracet_Tab 500mg,0407010H0AAAMAM,1,0.002799999999999983
76,C81026,Paracet_Tab 500mg,0407010H0AAAMAM,1,0.002799999999999983
303,C81083,Clopidogrel_Tab 75mg,0209000C0AAAAAA,1,0.002399999999999902
266,C81115,Omeprazole_Cap E/C 20mg,0103050P0AAAAAA,1,0.0019999999999999185
163,C81021,Memantine HCl_Tab 20mg,0411000G0AAADAD,1,0.0018000000000000516
304,C81061,Clopidogrel_Tab 75mg,0209000C0AAAAAA,1,0.001299999999999947
267,C81026,Omeprazole_Cap E/C 20mg,0103050P0AAAAAA,1,0.0009999999999999593
268,C81021,Omeprazole_Cap E/C 20mg,0103050P0AAAAAA,1,0.0009999999999999593
269,C81010,Omeprazole_Cap E/C 20mg,0103050P0AAAAAA,1,0.0004999999999999796
189,C81026,Propranolol HCl_Tab 10mg,0204000R0AAAHAH,1,0.0
188,C81090,Propranolol HCl_Tab 10mg,0204000R0AAAHAH,1,0.0
203,C81097,Propranolol HCl_Tab 10mg,0204000R0AAAHAH,3,0.0
204,C81061,Propranolol HCl_Tab 10mg,0204000R0AAAHAH,4,0.0
190,C81021,Propranolol HCl_Tab 10mg,0204000R0AAAHAH,1,0.0
202,C81010,Propranolol HCl_Tab 10mg,0204000R0AAAHAH,6,0.0
201,C81022,Propranolol HCl_Tab 10mg,0204000R0AAAHAH,1,0.0
200,C81021,Propranolol HCl_Tab 10mg,0204000R0AAAHAH,2,0.0
199,C81115,Propranolol HCl_Tab 10mg,0204000R0AAAHAH,3,0.0
198,C81090,Propranolol HCl_Tab 10mg,0204000R0AAAHAH,1,0.0
205,C81022,Propranolol HCl_Tab 10mg,0204000R0AAAHAH,1,0.0
196,C81021,Propranolol HCl_Tab 10mg,0204000R0AAAHAH,2,0.0
195,C81021,Propranolol HCl_Tab 10mg,0204000R0AAAHAH,1,0.0
194,C81010,Propranolol HCl_Tab 10mg,0204000R0AAAHAH,4,0.0
193,C81010,Propranolol HCl_Tab 10mg,0204000R0AAAHAH,3,0.0
192,C81061,Propranolol HCl_Tab 10mg,0204000R0AAAHAH,2,0.0
191,C81023,Propranolol HCl_Tab 10mg,0204000R0AAAHAH,3,0.0
197,C81010,Propranolol HCl_Tab 10mg,0204000R0AAAHAH,2,0.0
236,C81010,Lamotrigine_Tab 200mg,0408010H0AAA1A1,2,0.0
206,C81021,Propranolol HCl_Tab 10mg,0204000R0AAAHAH,2,0.0
207,C81642,Propranolol HCl_Tab 10mg,0204000R0AAAHAH,1,0.0
186,C81021,Propranolol HCl_Tab 10mg,0204000R0AAAHAH,4,0.0
240,C81083,Lamotrigine_Tab 200mg,0408010H0AAA1A1,4,0.0
239,C81023,Lamotrigine_Tab 200mg,0408010H0AAA1A1,1,0.0
238,C81061,Lamotrigine_Tab 200mg,0408010H0AAA1A1,2,0.0
237,C81604,Lamotrigine_Tab 200mg,0408010H0AAA1A1,1,0.0
235,C81061,Lamotrigine_Tab 200mg,0408010H0AAA1A1,1,0.0
234,C81115,Lamotrigine_Tab 200mg,0408010H0AAA1A1,1,0.0
233,C81061,Lamotrigine_Tab 200mg,0408010H0AAA1A1,3,0.0
232,C81022,Lamotrigine_Tab 200mg,0408010H0AAA1A1,1,0.0
231,C81022,Lamotrigine_Tab 200mg,0408010H0AAA1A1,1,0.0
230,C81083,Lamotrigine_Tab 200mg,0408010H0AAA1A1,2,0.0
229,C81642,Lamotrigine_Tab 200mg,0408010H0AAA1A1,1,0.0
228,C81023,Lamotrigine_Tab 200mg,0408010H0AAA1A1,4,0.0
227,C81090,Lamotrigine_Tab 200mg,0408010H0AAA1A1,2,0.0
226,C81115,Lamotrigine_Tab 200mg,0408010H0AAA1A1,1,0.0
225,C81026,Lamotrigine_Tab 200mg,0408010H0AAA1A1,1,0.0
224,C81642,Lamotrigine_Tab 200mg,0408010H0AAA1A1,1,0.0
223,C81097,Lamotrigine_Tab 200mg,0408010H0AAA1A1,2,0.0
218,C81115,Propranolol HCl_Tab 10mg,0204000R0AAAHAH,1,0.0
217,C81023,Propranolol HCl_Tab 10mg,0204000R0AAAHAH,2,0.0
216,C81642,Propranolol HCl_Tab 10mg,0204000R0AAAHAH,1,0.0
215,C81061,Propranolol HCl_Tab 10mg,0204000R0AAAHAH,3,0.0
214,C81023,Propranolol HCl_Tab 10mg,0204000R0AAAHAH,2,0.0
213,C81083,Propranolol HCl_Tab 10mg,0204000R0AAAHAH,1,0.0
212,C81083,Propranolol HCl_Tab 10mg,0204000R0AAAHAH,11,0.0
211,C81083,Propranolol HCl_Tab 10mg,0204000R0AAAHAH,1,0.0
210,C81083,Propranolol HCl_Tab 10mg,0204000R0AAAHAH,4,0.0
209,C81083,Propranolol HCl_Tab 10mg,0204000R0AAAHAH,5,0.0
208,C81026,Propranolol HCl_Tab 10mg,0204000R0AAAHAH,1,0.0
187,C81115,Propranolol HCl_Tab 10mg,0204000R0AAAHAH,2,0.0
174,C81083,Propranolol HCl_Tab 10mg,0204000R0AAAHAH,2,0.0
185,C81010,Propranolol HCl_Tab 10mg,0204000R0AAAHAH,7,0.0
175,C81642,Propranolol HCl_Tab 10mg,0204000R0AAAHAH,1,0.0
184,C81023,Propranolol HCl_Tab 10mg,0204000R0AAAHAH,2,0.0
167,C81021,Propranolol HCl_Tab 10mg,0204000R0AAAHAH,3,0.0
169,C81061,Propranolol HCl_Tab 10mg,0204000R0AAAHAH,2,0.0
170,C81083,Propranolol HCl_Tab 10mg,0204000R0AAAHAH,1,0.0
171,C81010,Propranolol HCl_Tab 10mg,0204000R0AAAHAH,1,0.0
172,C81083,Propranolol HCl_Tab 10mg,0204000R0AAAHAH,4,0.0
173,C81010,Propranolol HCl_Tab 10mg,0204000R0AAAHAH,1,0.0
168,C81115,Propranolol HCl_Tab 10mg,0204000R0AAAHAH,2,0.0
176,C81097,Propranolol HCl_Tab 10mg,0204000R0AAAHAH,1,0.0
178,C81083,Propranolol HCl_Tab 10mg,0204000R0AAAHAH,3,0.0
179,C81026,Propranolol HCl_Tab 10mg,0204000R0AAAHAH,1,0.0
180,C81090,Propranolol HCl_Tab 10mg,0204000R0AAAHAH,1,0.0
181,C81026,Propranolol HCl_Tab 10mg,0204000R0AAAHAH,1,0.0
183,C81642,Propranolol HCl_Tab 10mg,0204000R0AAAHAH,1,0.0
182,C81097,Propranolol HCl_Tab 10mg,0204000R0AAAHAH,1,0.0
177,C81115,Propranolol HCl_Tab 10mg,0204000R0AAAHAH,1,0.0
273,C81061,Carbimazole_Tab 5mg,0602020D0AAAAAA,1,-0.0013999999999998458
78,C81021,Paracet_Tab 500mg,0407010H0AAAMAM,1,-0.001999999999999988
79,C81021,Paracet_Tab 500mg,0407010H0AAAMAM,1,-0.001999999999999988
280,C81604,Carbimazole_Tab 5mg,0602020D0AAAAAA,1,-0.0027999999999996916
279,C81023,Carbimazole_Tab 5mg,0602020D0AAAAAA,1,-0.0027999999999996916
278,C81083,Carbimazole_Tab 5mg,0602020D0AAAAAA,1,-0.0027999999999996916
277,C81022,Carbimazole_Tab 5mg,0602020D0AAAAAA,1,-0.0027999999999996916
276,C81061,Carbimazole_Tab 5mg,0602020D0AAAAAA,1,-0.0027999999999996916
275,C81021,Carbimazole_Tab 5mg,0602020D0AAAAAA,1,-0.0027999999999996916
274,C81097,Carbimazole_Tab 5mg,0602020D0AAAAAA,1,-0.0027999999999996916
305,C81604,Clopidogrel_Tab 75mg,0209000C0AAAAAA,1,-0.002799999999999997
306,C81097,Clopidogrel_Tab 75mg,0209000C0AAAAAA,1,-0.002799999999999997
219,C81090,Propranolol HCl_Tab 10mg,0204000R0AAAHAH,1,-0.003000000000000086
220,C81604,Propranolol HCl_Tab 10mg,0204000R0AAAHAH,1,-0.003000000000000086
307,C81061,Clopidogrel_Tab 75mg,0209000C0AAAAAA,1,-0.003999999999999976
281,C81022,Carbimazole_Tab 5mg,0602020D0AAAAAA,1,-0.005599999999999383
282,C81021,Carbimazole_Tab 5mg,0602020D0AAAAAA,1,-0.005599999999999383
283,C81090,Carbimazole_Tab 5mg,0602020D0AAAAAA,1,-0.005599999999999383
284,C81604,Carbimazole_Tab 5mg,0602020D0AAAAAA,1,-0.005599999999999383
285,C81010,Carbimazole_Tab 5mg,0602020D0AAAAAA,2,-0.005599999999999383
286,C81090,Carbimazole_Tab 5mg,0602020D0AAAAAA,2,-0.005599999999999383
270,C81021,Omeprazole_Cap E/C 20mg,0103050P0AAAAAA,1,-0.006000000000000172
271,C81115,Omeprazole_Cap E/C 20mg,0103050P0AAAAAA,1,-0.006000000000000172
289,C81023,Carbimazole_Tab 5mg,0602020D0AAAAAA,2,-0.011199999999998766
287,C81642,Carbimazole_Tab 5mg,0602020D0AAAAAA,2,-0.011199999999998766
288,C81083,Carbimazole_Tab 5mg,0602020D0AAAAAA,2,-0.011199999999998766
290,C81115,Carbimazole_Tab 5mg,0602020D0AAAAAA,3,-0.01679999999999815
83,C81026,Paracet_Tab 500mg,0407010H0AAAMAM,3,-0.0167999999999999
82,C81097,Paracet_Tab 500mg,0407010H0AAAMAM,3,-0.0167999999999999
81,C81097,Paracet_Tab 500mg,0407010H0AAAMAM,3,-0.0167999999999999
80,C81026,Paracet_Tab 500mg,0407010H0AAAMAM,3,-0.0167999999999999
291,C81010,Carbimazole_Tab 5mg,0602020D0AAAAAA,4,-0.022399999999997533
85,C81642,Paracet_Tab 500mg,0407010H0AAAMAM,5,-0.02799999999999983
84,C81642,Paracet_Tab 500mg,0407010H0AAAMAM,5,-0.02799999999999983
292,C81061,Carbimazole_Tab 5mg,0602020D0AAAAAA,7,-0.03919999999999568
87,C81010,Paracet_Tab 500mg,0407010H0AAAMAM,7,-0.03919999999999976
86,C81010,Paracet_Tab 500mg,0407010H0AAAMAM,7,-0.03919999999999976
89,C81022,Paracet_Tab 500mg,0407010H0AAAMAM,8,-0.04479999999999973
88,C81083,Paracet_Tab 500mg,0407010H0AAAMAM,8,-0.04479999999999973
90,C81022,Paracet_Tab 500mg,0407010H0AAAMAM,8,-0.04479999999999973
91,C81083,Paracet_Tab 500mg,0407010H0AAAMAM,8,-0.04479999999999973
92,C81115,Paracet_Tab 500mg,0407010H0AAAMAM,10,-0.05599999999999966
93,C81115,Paracet_Tab 500mg,0407010H0AAAMAM,10,-0.05599999999999966
95,C81021,Paracet_Tab 500mg,0407010H0AAAMAM,23,-0.12879999999999922
94,C81021,Paracet_Tab 500mg,0407010H0AAAMAM,23,-0.12879999999999922
96,C81022,Paracet_Tab 500mg,0407010H0AAAMAM,1,-0.20799999999999996
97,C81022,Paracet_Tab 500mg,0407010H0AAAMAM,1,-0.20799999999999996
98,C81090,Paracet_Tab 500mg,0407010H0AAAMAM,1,-0.40959999999999996
99,C81090,Paracet_Tab 500mg,0407010H0AAAMAM,1,-0.40959999999999996
100,C81097,Paracet_Tab 500mg,0407010H0AAAMAM,44,-0.43999999999999734
101,C81097,Paracet_Tab 500mg,0407010H0AAAMAM,44,-0.43999999999999734
102,C81090,Paracet_Tab 500mg,0407010H0AAAMAM,3,-0.7055999999999998
103,C81090,Paracet_Tab 500mg,0407010H0AAAMAM,3,-0.7055999999999998
104,C81021,Paracet_Tab 500mg,0407010H0AAAMAM,16,-0.7167999999999988
105,C81021,Paracet_Tab 500mg,0407010H0AAAMAM,16,-0.7167999999999988
106,C81083,Paracet_Tab 500mg,0407010H0AAAMAM,4,-0.7680000000000003
107,C81083,Paracet_Tab 500mg,0407010H0AAAMAM,4,-0.7680000000000003
108,C81021,Paracet_Tab 500mg,0407010H0AAAMAM,1,-1.024
109,C81021,Paracet_Tab 500mg,0407010H0AAAMAM,1,-1.024
110,C81023,Paracet_Tab 500mg,0407010H0AAAMAM,7,-1.0583999999999998
111,C81023,Paracet_Tab 500mg,0407010H0AAAMAM,7,-1.0583999999999998
113,C81083,Paracet_Tab 500mg,0407010H0AAAMAM,29,-1.159999999999993
112,C81083,Paracet_Tab 500mg,0407010H0AAAMAM,29,-1.159999999999993
114,C81642,Paracet_Tab 500mg,0407010H0AAAMAM,4,-1.2800000000000007
115,C81642,Paracet_Tab 500mg,0407010H0AAAMAM,4,-1.2800000000000007
116,C81604,Paracet_Tab 500mg,0407010H0AAAMAM,29,-1.2991999999999921
117,C81604,Paracet_Tab 500mg,0407010H0AAAMAM,29,-1.2991999999999921
118,C81083,Paracet_Tab 500mg,0407010H0AAAMAM,66,-1.319999999999992
119,C81083,Paracet_Tab 500mg,0407010H0AAAMAM,66,-1.319999999999992
121,C81022,Paracet_Tab 500mg,0407010H0AAAMAM,3,-1.4448
120,C81022,Paracet_Tab 500mg,0407010H0AAAMAM,3,-1.4448
123,C81083,Paracet_Tab 500mg,0407010H0AAAMAM,4,-1.5360000000000007
122,C81083,Paracet_Tab 500mg,0407010H0AAAMAM,4,-1.5360000000000007
125,C81023,Paracet_Tab 500mg,0407010H0AAAMAM,5,-1.6239999999999999
124,C81023,Paracet_Tab 500mg,0407010H0AAAMAM,5,-1.6239999999999999
127,C81090,Paracet_Tab 500mg,0407010H0AAAMAM,2,-1.92
126,C81090,Paracet_Tab 500mg,0407010H0AAAMAM,2,-1.92
128,C81083,Paracet_Tab 500mg,0407010H0AAAMAM,8,-2.150400000000001
129,C81083,Paracet_Tab 500mg,0407010H0AAAMAM,8,-2.150400000000001
131,C81022,Paracet_Tab 500mg,0407010H0AAAMAM,2,-2.2079999999999993
130,C81022,Paracet_Tab 500mg,0407010H0AAAMAM,2,-2.2079999999999993
132,C81022,Paracet_Tab 500mg,0407010H0AAAMAM,56,-2.239999999999996
133,C81022,Paracet_Tab 500mg,0407010H0AAAMAM,56,-2.239999999999996
134,C81090,Paracet_Tab 500mg,0407010H0AAAMAM,3,-2.519999999999999
135,C81090,Paracet_Tab 500mg,0407010H0AAAMAM,3,-2.519999999999999
136,C81026,Paracet_Tab 500mg,0407010H0AAAMAM,4,-2.5600000000000014
137,C81026,Paracet_Tab 500mg,0407010H0AAAMAM,4,-2.5600000000000014
138,C81115,Paracet_Tab 500mg,0407010H0AAAMAM,44,-2.6399999999999992
139,C81115,Paracet_Tab 500mg,0407010H0AAAMAM,44,-2.6399999999999992
141,C81097,Paracet_Tab 500mg,0407010H0AAAMAM,80,-3.1999999999999806
140,C81097,Paracet_Tab 500mg,0407010H0AAAMAM,80,-3.1999999999999806
143,C81026,Paracet_Tab 500mg,0407010H0AAAMAM,75,-3.35999999999998
142,C81026,Paracet_Tab 500mg,0407010H0AAAMAM,75,-3.35999999999998
145,C81083,Paracet_Tab 500mg,0407010H0AAAMAM,83,-3.7183999999999777
144,C81083,Paracet_Tab 500mg,0407010H0AAAMAM,83,-3.7183999999999777
147,C81021,Paracet_Tab 500mg,0407010H0AAAMAM,210,-4.199999999999974
146,C81021,Paracet_Tab 500mg,0407010H0AAAMAM,210,-4.199999999999974
149,C81097,Paracet_Tab 500mg,0407010H0AAAMAM,105,-4.703999999999971
148,C81097,Paracet_Tab 500mg,0407010H0AAAMAM,105,-4.703999999999971
150,C81023,Paracet_Tab 500mg,0407010H0AAAMAM,56,-5.017599999999991
151,C81023,Paracet_Tab 500mg,0407010H0AAAMAM,56,-5.017599999999991
152,C81022,Paracet_Tab 500mg,0407010H0AAAMAM,24,-6.988799999999995
153,C81022,Paracet_Tab 500mg,0407010H0AAAMAM,24,-6.988799999999995
