,practice_code,bnf_description,bnf_code,items,excess_cost
0,B82007,Atorvastatin_Tab 40mg,0212000B0AAACAC,287,0.803600000000023
1,B82007,Hydrocort_Tab 10mg,0603020J0AAADAD,2,-0.021999999999997577
2,B82007,Lansoprazole_Cap 15mg (E/C Gran),0103050L0AAABAB,4,0.0167999999999999
3,B82007,Lansoprazole_Cap 30mg (E/C Gran),0103050L0AAAAAA,301,1.68559999999999
4,B82007,Paracet_Tab 500mg,0407010H0AAAMAM,382,78.23560000000002
5,B82020,Atorvastatin_Tab 80mg,0212000B0AAADAD,52,24.922800000000002
6,B82020,Hydrocort_Tab 10mg,0603020J0AAADAD,7,-11.995199999999985
7,B82020,Lansoprazole_Cap 15mg (E/C Gran),0103050L0AAABAB,268,1.0887999999999924
8,B82020,Lansoprazole_Cap 30mg (E/C Gran),0103050L0AAAAAA,596,27.195800000000034
9,B82020,Nebivolol_Tab 2.5mg,0204000ABAAABAB,5,0.012599999999998612
10,B82020,Paracet_Tab 500mg,0407010H0AAAMAM,690,222.0635999999999
11,B82028,Atorvastatin_Tab 80mg,0212000B0AAADAD,22,0.03810000000000109
12,B82028,Lansoprazole_Cap 15mg (E/C Gran),0103050L0AAABAB,12,-0.014200000000000133
13,B82028,Lansoprazole_Cap 30mg (E/C Gran),0103050L0AAAAAA,160,3.9438000000000226
14,B82028,Montelukast_Tab 10mg,0303020G0AAABAB,39,24.35160000000001
15,B82028,Paracet_Tab 500mg,0407010H0AAAMAM,556,388.51840000000016
16,B82053,Atorvastatin_Tab 40mg,0212000B0AAACAC,105,1.1759999999999928
17,B82053,Atorvastatin_Tab 80mg,0212000B0AAADAD,13,0.027300000000000782
18,B82053,Lansoprazole_Cap 15mg (E/C Gran),0103050L0AAABAB,22,-0.06160000000000016
19,B82053,Lansoprazole_Cap 30mg (E/C Gran),0103050L0AAAAAA,82,0.2912000000000033
20,B82053,Memantine HCl_Tab 20mg,0411000G0AAADAD,5,0.024499999999999973
21,B82053,Montelukast_Tab 10mg,0303020G0AAABAB,26,24.387999999999998
22,B82053,Paracet_Tab 500mg,0407010H0AAAMAM,132,22.468000000000004
23,B82053,Pregabalin_Cap 100mg,0408010AEAAADAD,8,0.050400000000001444
24,B83002,Lansoprazole_Cap 15mg (E/C Gran),0103050L0AAABAB,9,-0.025200000000000066
25,B83002,Lansoprazole_Cap 30mg (E/C Gran),0103050L0AAAAAA,4,0.01960000000000022
26,B83002,Paracet_Tab 500mg,0407010H0AAAMAM,88,41.35680000000001
27,B83006,Atorvastatin_Tab 40mg,0212000B0AAACAC,395,133.826
28,B83006,Atorvastatin_Tab 80mg,0212000B0AAADAD,182,26.423599999999997
29,B83006,Hydrocort_Tab 10mg,0603020J0AAADAD,4,-0.03049999999999664
30,B83006,Lansoprazole_Cap 15mg (E/C Gran),0103050L0AAABAB,301,6.689199999999985
31,B83006,Lansoprazole_Cap 30mg (E/C Gran),0103050L0AAAAAA,18,0.06460000000000093
32,B83006,Nebivolol_Tab 2.5mg,0204000ABAAABAB,1,0.0041999999999995374
33,B83006,Paracet_Tab 500mg,0407010H0AAAMAM,510,167.51580000000007
34,B83006,Pregabalin_Cap 100mg,0408010AEAAADAD,1,85.3524
35,B83008,Atorvastatin_Tab 40mg,0212000B0AAACAC,100,47.039999999999985
36,B83008,Atorvastatin_Tab 80mg,0212000B0AAADAD,7,0.01680000000000048
37,B83008,Hydrocort_Tab 10mg,0603020J0AAADAD,3,-0.017299999999998095
38,B83008,Lansoprazole_Cap 15mg (E/C Gran),0103050L0AAABAB,162,3.428499999999994
39,B83008,Lansoprazole_Cap 30mg (E/C Gran),0103050L0AAAAAA,397,5.224799999999989
40,B83008,Montelukast_Tab 10mg,0303020G0AAABAB,36,48.770399999999995
41,B83008,Paracet_Tab 500mg,0407010H0AAAMAM,442,55.42720000000004
42,B83008,Pregabalin_Cap 100mg,0408010AEAAADAD,4,85.344
43,B83019,Atorvastatin_Tab 80mg,0212000B0AAADAD,4,0.00840000000000024
44,B83019,Hydrocort_Tab 10mg,0603020J0AAADAD,2,431.3576
45,B83019,Lansoprazole_Cap 15mg (E/C Gran),0103050L0AAABAB,17,-0.012600000000000215
46,B83019,Lansoprazole_Cap 30mg (E/C Gran),0103050L0AAAAAA,33,0.10800000000000115
47,B83019,Paracet_Tab 500mg,0407010H0AAAMAM,172,80.58080000000004
48,B83021,Hydrocort_Tab 10mg,0603020J0AAADAD,1,-0.012599999999998612
49,B83021,Lansoprazole_Cap 15mg (E/C Gran),0103050L0AAABAB,13,-0.02240000000000013
50,B83021,Lansoprazole_Cap 30mg (E/C Gran),0103050L0AAAAAA,85,0.3082000000000036
51,B83021,Paracet_Tab 500mg,0407010H0AAAMAM,358,3.3995999999999795
52,B83023,Atorvastatin_Tab 40mg,0212000B0AAACAC,174,3.180800000000006
53,B83023,Atorvastatin_Tab 80mg,0212000B0AAADAD,10,0.0210000000000006
54,B83023,Lansoprazole_Cap 15mg (E/C Gran),0103050L0AAABAB,10,-0.010200000000000115
55,B83023,Lansoprazole_Cap 30mg (E/C Gran),0103050L0AAAAAA,293,48.91220000000001
56,B83023,Montelukast_Tab 10mg,0303020G0AAABAB,42,24.343200000000003
57,B83023,Paracet_Tab 500mg,0407010H0AAAMAM,354,57.937600000000074
58,B83027,Atorvastatin_Tab 80mg,0212000B0AAADAD,35,0.0735000000000021
59,B83027,Hydrocort_Tab 10mg,0603020J0AAADAD,4,-0.016199999999998216
60,B83027,Lansoprazole_Cap 15mg (E/C Gran),0103050L0AAABAB,56,-0.1568000000000004
61,B83027,Lansoprazole_Cap 30mg (E/C Gran),0103050L0AAAAAA,167,0.5356000000000062
62,B83027,Paracet_Tab 500mg,0407010H0AAAMAM,276,9.014400000000013
63,B83033,Atorvastatin_Tab 80mg,0212000B0AAADAD,5,0.0105000000000003
64,B83033,Hydrocort_Tab 10mg,0603020J0AAADAD,2,-0.025199999999997225
65,B83033,Lansoprazole_Cap 15mg (E/C Gran),0103050L0AAABAB,382,318.3696
66,B83033,Lansoprazole_Cap 30mg (E/C Gran),0103050L0AAAAAA,516,42.84119999999999
67,B83033,Paracet_Tab 500mg,0407010H0AAAMAM,614,61.45160000000001
68,B83061,Atorvastatin_Tab 40mg,0212000B0AAACAC,1,-0.0007999999999999674
69,B83061,Atorvastatin_Tab 80mg,0212000B0AAADAD,14,0.029400000000000842
70,B83061,Lansoprazole_Cap 15mg (E/C Gran),0103050L0AAABAB,20,-0.05600000000000015
71,B83061,Lansoprazole_Cap 30mg (E/C Gran),0103050L0AAAAAA,25,0.08120000000000091
72,B83602,Atorvastatin_Tab 40mg,0212000B0AAACAC,2,0.003000000000000294
73,B83602,Lansoprazole_Cap 15mg (E/C Gran),0103050L0AAABAB,34,24.37119999999999
74,B83602,Lansoprazole_Cap 30mg (E/C Gran),0103050L0AAAAAA,21,0.10100000000000134
75,B83602,Paracet_Tab 500mg,0407010H0AAAMAM,22,22.6688
76,B83620,Atorvastatin_Tab 80mg,0212000B0AAADAD,10,0.0210000000000006
77,B83620,Lansoprazole_Cap 15mg (E/C Gran),0103050L0AAABAB,71,0.34719999999999773
78,B83620,Lansoprazole_Cap 30mg (E/C Gran),0103050L0AAAAAA,16,0.048000000000000646
79,B83620,Memantine HCl_Tab 20mg,0411000G0AAADAD,2,63.9016
80,B83620,Paracet_Tab 500mg,0407010H0AAAMAM,8,-0.04479999999999973
81,B83624,Atorvastatin_Tab 40mg,0212000B0AAACAC,315,22.932000000000045
82,B83624,Atorvastatin_Tab 80mg,0212000B0AAADAD,104,74.49889999999999
83,B83624,Hydrocort_Tab 10mg,0603020J0AAADAD,2,2.315999999999998
84,B83624,Lansoprazole_Cap 15mg (E/C Gran),0103050L0AAABAB,118,0.05599999999999916
85,B83624,Lansoprazole_Cap 30mg (E/C Gran),0103050L0AAAAAA,546,22.971600000000027
86,B83624,Memantine HCl_Tab 20mg,0411000G0AAADAD,10,63.90999999999999
87,B83624,Nebivolol_Tab 2.5mg,0204000ABAAABAB,4,144.879
88,B83624,Paracet_Tab 500mg,0407010H0AAAMAM,732,87.7024000000001
