,practice_code,bnf_description,bnf_code,items,excess_cost
0,N83001,Amiodarone HCl_Tab 200mg,0203020D0AAABAB,9,3.931200000000004
1,N83001,Buprenorphine_Tab Subling 400mcg S/F,0410030A0AAACAC,1,4.5696
2,N83001,Clonazepam_Tab 500mcg,0408010F0AAABAB,13,8.181199999999983
3,N83001,Co-Codamol_Cap 8mg/500mg,0407010F0AAABAB,12,2.432000000000027
4,N83001,Co-Codamol_Tab 8mg/500mg,0407010F0AAAAAA,12,0.06239999999999962
5,N83001,Topiramate_Tab 200mg,040801050AAACAC,2,4.808399999999999
6,N83002,Amiodarone HCl_Tab 200mg,0203020D0AAABAB,5,1.7500000000000016
7,N83002,Buprenorphine_Tab Subling 400mcg S/F,0410030A0AAACAC,4,1.5232
8,N83002,Clonazepam_Tab 500mcg,0408010F0AAABAB,7,4.74599999999999
9,N83002,Co-Codamol_Tab 8mg/500mg,0407010F0AAAAAA,16,0.09159999999999945
10,N83003,Amiodarone HCl_Tab 200mg,0203020D0AAABAB,4,1.7500000000000016
11,N83003,Buprenorphine_Tab Subling 400mcg S/F,0410030A0AAACAC,2,3.8080000000000003
12,N83003,Clonazepam_Tab 500mcg,0408010F0AAABAB,2,1.2655999999999974
13,N83003,Co-Codamol_Tab 8mg/500mg,0407010F0AAAAAA,2,0.011199999999999932
14,N83003,Tetrabenazine_Tab 25mg,0409030C0AAAAAA,2,1.9991999999999974
15,N83005,Amiodarone HCl_Tab 200mg,0203020D0AAABAB,5,1.7500000000000016
16,N83005,Buprenorphine_Tab Subling 400mcg S/F,0410030A0AAACAC,3,2.3080000000000007
17,N83005,Clonazepam_Tab 500mcg,0408010F0AAABAB,9,5.966399999999988
18,N83005,Co-Codamol_Cap 8mg/500mg,0407010F0AAABAB,4,1.2800000000000145
19,N83005,Co-Codamol_Tab 8mg/500mg,0407010F0AAAAAA,14,0.06999999999999958
20,N83005,Tetrabenazine_Tab 25mg,0409030C0AAAAAA,2,2.498999999999997
21,N83006,Amiodarone HCl_Tab 200mg,0203020D0AAABAB,1,0.3500000000000003
22,N83006,Clonazepam_Tab 500mcg,0408010F0AAABAB,4,1.898399999999996
23,N83006,Co-Codamol_Tab 8mg/500mg,0407010F0AAAAAA,10,0.03439999999999979
24,N83007,Clonazepam_Tab 500mcg,0408010F0AAABAB,2,1.5819999999999967
25,N83007,Co-Codamol_Tab 8mg/500mg,0407010F0AAAAAA,4,0.02119999999999987
26,N83008,Amiodarone HCl_Tab 200mg,0203020D0AAABAB,3,1.050000000000001
27,N83008,Buprenorphine_Tab Subling 400mcg S/F,0410030A0AAACAC,1,1.36
28,N83008,Clonazepam_Tab 500mcg,0408010F0AAABAB,7,2.531199999999995
29,N83008,Co-Codamol_Cap 8mg/500mg,0407010F0AAABAB,8,1.0020000000000102
30,N83008,Co-Codamol_Tab 8mg/500mg,0407010F0AAAAAA,12,0.05999999999999964
31,N83008,Pyridox HCl_Tab 50mg,0906024N0AAAIAI,2,0.9576000000000002
32,N83008,Topiramate_Tab 200mg,040801050AAACAC,1,2.489999999999999
33,N83010,Amiodarone HCl_Tab 200mg,0203020D0AAABAB,4,1.7500000000000016
34,N83010,Clonazepam_Tab 500mcg,0408010F0AAABAB,3,1.898399999999996
35,N83010,Co-Codamol_Cap 8mg/500mg,0407010F0AAABAB,12,1.3240000000000134
36,N83010,Co-Codamol_Tab 8mg/500mg,0407010F0AAAAAA,2,0.00999999999999994
37,N83010,Pyridox HCl_Tab 50mg,0906024N0AAAIAI,1,0.4788000000000001
38,N83012,Amiodarone HCl_Tab 200mg,0203020D0AAABAB,6,1.7584000000000013
39,N83012,Clonazepam_Tab 500mcg,0408010F0AAABAB,23,11.706799999999976
40,N83012,Co-Codamol_Cap 8mg/500mg,0407010F0AAABAB,6,0.9600000000000108
41,N83012,Co-Codamol_Tab 8mg/500mg,0407010F0AAAAAA,20,0.10719999999999935
42,N83012,Pyridox HCl_Tab 50mg,0906024N0AAAIAI,3,3.351600000000001
43,N83012,Tetrabenazine_Tab 25mg,0409030C0AAAAAA,5,15.493799999999979
44,N83017,Amiodarone HCl_Tab 200mg,0203020D0AAABAB,1,0.7000000000000006
45,N83017,Clonazepam_Tab 500mcg,0408010F0AAABAB,1,0.31639999999999935
46,N83017,Co-Codamol_Cap 8mg/500mg,0407010F0AAABAB,4,0.6400000000000072
47,N83017,Co-Codamol_Tab 8mg/500mg,0407010F0AAAAAA,14,0.06999999999999958
48,N83017,Tetrabenazine_Tab 25mg,0409030C0AAAAAA,1,4.997999999999994
49,N83019,Amiodarone HCl_Tab 200mg,0203020D0AAABAB,6,2.100000000000002
50,N83019,Clonazepam_Tab 500mcg,0408010F0AAABAB,7,5.378799999999989
51,N83019,Co-Codamol_Cap 8mg/500mg,0407010F0AAABAB,2,0.3200000000000036
52,N83019,Co-Codamol_Tab 8mg/500mg,0407010F0AAAAAA,4,0.0335999999999998
53,N83019,Pyridox HCl_Tab 50mg,0906024N0AAAIAI,1,0.4788000000000001
54,N83020,Amiodarone HCl_Tab 200mg,0203020D0AAABAB,6,2.8000000000000025
55,N83020,Clonazepam_Tab 500mcg,0408010F0AAABAB,7,4.88159999999999
56,N83020,Co-Codamol_Cap 8mg/500mg,0407010F0AAABAB,8,1.152000000000013
57,N83020,Co-Codamol_Tab 8mg/500mg,0407010F0AAAAAA,4,0.01999999999999988
58,N83020,Pyridox HCl_Tab 50mg,0906024N0AAAIAI,1,0.9576000000000002
59,N83020,Tetrabenazine_Tab 25mg,0409030C0AAAAAA,1,0.9995999999999987
60,N83020,Topiramate_Tab 200mg,040801050AAACAC,1,2.3183999999999996
61,N83021,Amiodarone HCl_Tab 200mg,0203020D0AAABAB,16,5.950000000000005
62,N83021,Clonazepam_Tab 500mcg,0408010F0AAABAB,14,4.1922999999999915
63,N83021,Co-Codamol_Cap 8mg/500mg,0407010F0AAABAB,2,0.3200000000000036
64,N83021,Co-Codamol_Tab 8mg/500mg,0407010F0AAAAAA,52,0.2703999999999984
65,N83021,Pyridox HCl_Tab 50mg,0906024N0AAAIAI,4,2.8728000000000007
66,N83022,Acetylcy_Tab Eff 600mg S/F,0307000C0AAARAR,1,23.242799999999995
67,N83022,Amiodarone HCl_Tab 200mg,0203020D0AAABAB,6,2.8000000000000025
68,N83022,Clonazepam_Tab 500mcg,0408010F0AAABAB,4,2.531199999999995
69,N83022,Co-Codamol_Cap 8mg/500mg,0407010F0AAABAB,4,0.6400000000000072
70,N83022,Co-Codamol_Tab 8mg/500mg,0407010F0AAAAAA,4,0.01999999999999988
71,N83023,Amiodarone HCl_Tab 200mg,0203020D0AAABAB,4,1.4000000000000012
72,N83023,Clonazepam_Tab 500mcg,0408010F0AAABAB,6,3.2077999999999935
73,N83023,Co-Codamol_Tab 8mg/500mg,0407010F0AAAAAA,18,63.093599999999995
74,N83023,Pyridox HCl_Tab 50mg,0906024N0AAAIAI,1,1.4364000000000003
75,N83023,Topiramate_Tab 200mg,040801050AAACAC,1,2.489999999999999
76,N83026,Amiodarone HCl_Tab 200mg,0203020D0AAABAB,1,0.7000000000000006
77,N83026,Clonazepam_Tab 500mcg,0408010F0AAABAB,1,0.31639999999999935
78,N83027,Amiodarone HCl_Tab 200mg,0203020D0AAABAB,3,1.050000000000001
79,N83027,Buprenorphine_Tab Subling 400mcg S/F,0410030A0AAACAC,1,1.9040000000000001
80,N83027,Clonazepam_Tab 500mcg,0408010F0AAABAB,11,3.3221999999999934
81,N83027,Co-Codamol_Cap 8mg/500mg,0407010F0AAABAB,4,0.5376000000000061
82,N83027,Co-Codamol_Tab 8mg/500mg,0407010F0AAAAAA,66,-0.7139999999999956
83,N83027,Pyridox HCl_Tab 50mg,0906024N0AAAIAI,1,1.9152000000000005
84,N83035,Amiodarone HCl_Tab 200mg,0203020D0AAABAB,9,2.9792000000000027
85,N83035,Clonazepam_Tab 500mcg,0408010F0AAABAB,7,3.8401999999999923
86,N83035,Co-Codamol_Cap 8mg/500mg,0407010F0AAABAB,6,1.75360000000002
87,N83035,Co-Codamol_Tab 8mg/500mg,0407010F0AAAAAA,4,0.0499999999999997
88,N83035,Pyridox HCl_Tab 50mg,0906024N0AAAIAI,1,1.4364000000000003
89,N83035,Tetrabenazine_Tab 25mg,0409030C0AAAAAA,1,1.9991999999999974
90,N83041,Clonazepam_Tab 500mcg,0408010F0AAABAB,2,1.2655999999999974
91,N83041,Co-Codamol_Cap 8mg/500mg,0407010F0AAABAB,16,2.5920000000000294
92,N83041,Co-Codamol_Tab 8mg/500mg,0407010F0AAAAAA,4,0.02119999999999987
93,N83045,Amiodarone HCl_Tab 200mg,0203020D0AAABAB,2,0.7000000000000006
94,N83045,Clonazepam_Tab 500mcg,0408010F0AAABAB,7,7.751799999999984
95,N83045,Co-Codamol_Tab 8mg/500mg,0407010F0AAAAAA,14,0.03519999999999979
96,N83045,Topiramate_Tab 200mg,040801050AAACAC,1,2.3183999999999996
97,N83049,Amiodarone HCl_Tab 200mg,0203020D0AAABAB,1,0.3500000000000003
98,N83049,Clonazepam_Tab 500mcg,0408010F0AAABAB,3,1.2655999999999974
99,N83049,Co-Codamol_Cap 8mg/500mg,0407010F0AAABAB,2,0.3200000000000036
100,N83050,Amiodarone HCl_Tab 200mg,0203020D0AAABAB,1,0.3500000000000003
101,N83050,Clonazepam_Tab 500mcg,0408010F0AAABAB,13,4.66689999999999
102,N83050,Co-Codamol_Cap 8mg/500mg,0407010F0AAABAB,4,0.5120000000000058
103,N83050,Co-Codamol_Tab 8mg/500mg,0407010F0AAAAAA,2,0.00999999999999994
104,N83053,Amiodarone HCl_Tab 200mg,0203020D0AAABAB,1,0.3500000000000003
105,N83053,Co-Codamol_Cap 8mg/500mg,0407010F0AAABAB,2,0.3200000000000036
106,N83054,Clonazepam_Tab 500mcg,0408010F0AAABAB,1,0.6327999999999987
107,N83054,Co-Codamol_Cap 8mg/500mg,0407010F0AAABAB,2,0.3200000000000036
108,N83054,Co-Codamol_Tab 8mg/500mg,0407010F0AAAAAA,14,0.06999999999999958
109,N83060,Amiodarone HCl_Tab 200mg,0203020D0AAABAB,7,1.388800000000001
110,N83060,Clonazepam_Tab 500mcg,0408010F0AAABAB,4,1.423799999999997
111,N83060,Co-Codamol_Tab 8mg/500mg,0407010F0AAAAAA,32,0.16239999999999902
112,N83060,Risperidone_Tab 6mg,040201030AAAFAF,2,58.4192
113,N83060,Topiramate_Tab 200mg,040801050AAACAC,1,2.3183999999999996
114,N83604,Clonazepam_Tab 500mcg,0408010F0AAABAB,6,2.2147999999999954
115,N83604,Co-Codamol_Tab 8mg/500mg,0407010F0AAAAAA,2,0.00999999999999994
116,N83614,Buprenorphine_Tab Subling 400mcg S/F,0410030A0AAACAC,1,2.2848
117,N83614,Co-Codamol_Cap 8mg/500mg,0407010F0AAABAB,2,0.3200000000000036
118,N83614,Co-Codamol_Tab 8mg/500mg,0407010F0AAAAAA,4,0.01999999999999988
119,N83614,Pyridox HCl_Tab 50mg,0906024N0AAAIAI,1,0.9576000000000002
120,N83620,Amiodarone HCl_Tab 200mg,0203020D0AAABAB,3,1.050000000000001
121,N83620,Clonazepam_Tab 500mcg,0408010F0AAABAB,3,2.531199999999995
122,N83620,Co-Codamol_Tab 8mg/500mg,0407010F0AAAAAA,2,0.015999999999999903
123,N83620,Topiramate_Tab 200mg,040801050AAACAC,1,2.3183999999999996
124,N83624,Amiodarone HCl_Tab 200mg,0203020D0AAABAB,2,0.7000000000000006
125,N83624,Clonazepam_Tab 500mcg,0408010F0AAABAB,9,3.3221999999999934
126,N83624,Co-Codamol_Cap 8mg/500mg,0407010F0AAABAB,4,0.3400000000000014
127,N83624,Topiramate_Tab 200mg,040801050AAACAC,3,7.298399999999997
128,N83628,Amiodarone HCl_Tab 200mg,0203020D0AAABAB,2,0.7000000000000006
129,N83628,Clonazepam_Tab 500mcg,0408010F0AAABAB,5,1.423799999999997
130,N83628,Co-Codamol_Cap 8mg/500mg,0407010F0AAABAB,4,0.6784000000000077
131,N83635,Amiodarone HCl_Tab 200mg,0203020D0AAABAB,2,1.050000000000001
132,N83635,Buprenorphine_Tab Subling 400mcg S/F,0410030A0AAACAC,1,1.5232
133,N83635,Clonazepam_Tab 500mcg,0408010F0AAABAB,1,0.6327999999999987
134,N83635,Co-Codamol_Cap 8mg/500mg,0407010F0AAABAB,2,0.19200000000000217
135,N83635,Co-Codamol_Tab 8mg/500mg,0407010F0AAAAAA,2,21.12
136,N83637,Amiodarone HCl_Tab 200mg,0203020D0AAABAB,1,0.3500000000000003
137,N83637,Clonazepam_Tab 500mcg,0408010F0AAABAB,7,5.06239999999999
138,N83637,Co-Codamol_Cap 8mg/500mg,0407010F0AAABAB,12,1.9200000000000217
139,N83637,Co-Codamol_Tab 8mg/500mg,0407010F0AAAAAA,2,0.011199999999999932
140,N83637,Tetrabenazine_Tab 25mg,0409030C0AAAAAA,2,11.995199999999985
141,Y00475,Amiodarone HCl_Tab 200mg,0203020D0AAABAB,1,0.3500000000000003
142,Y00475,Clonazepam_Tab 500mcg,0408010F0AAABAB,4,3.050999999999994
143,Y00475,Co-Codamol_Cap 8mg/500mg,0407010F0AAABAB,4,0.9600000000000108
144,Y00475,Pyridox HCl_Tab 50mg,0906024N0AAAIAI,2,1.6758000000000004
145,Y00904,Co-Codamol_Tab 8mg/500mg,0407010F0AAAAAA,6,0.025599999999999845
146,Y02510,Amiodarone HCl_Tab 200mg,0203020D0AAABAB,4,1.4000000000000012
147,Y02510,Clonazepam_Tab 500mcg,0408010F0AAABAB,6,3.480399999999993
148,Y02510,Co-Codamol_Tab 8mg/500mg,0407010F0AAAAAA,6,0.025599999999999845
149,Y02510,Tetrabenazine_Tab 25mg,0409030C0AAAAAA,1,2.998799999999996
150,Y05668,Buprenorphine_Tab Subling 400mcg S/F,0410030A0AAACAC,21,21.896
