,practice_code,bnf_description,bnf_code,items,excess_cost
0,P81015,Amiodarone HCl_Tab 200mg,0203020D0AAABAB,3,1.7500000000000016
1,P81015,Clonazepam_Tab 500mcg,0408010F0AAABAB,16,11.991599999999973
2,P81015,Co-Codamol_Tab 8mg/500mg,0407010F0AAAAAA,8,0.09359999999999943
3,P81015,Mesalazine_Tab E/C 400mg,0105010B0AAAAAA,12,86.86019999999999
4,P81015,Mesalazine_Tab E/C 800mg,0105010B0AAASAS,2,57.399999999999984
5,P81015,Topiramate_Tab 200mg,040801050AAACAC,1,2.489999999999999
6,P81018,Amiodarone HCl_Tab 200mg,0203020D0AAABAB,4,1.4000000000000012
7,P81018,Clonazepam_Tab 500mcg,0408010F0AAABAB,11,4.079299999999992
8,P81018,Co-Codamol_Tab 8mg/500mg,0407010F0AAAAAA,14,0.07839999999999953
9,P81018,Mesalazine_Tab E/C 400mg,0105010B0AAAAAA,1,3.9927999999999995
10,P81018,Methocarbamol_Tab 750mg,1002020S0AAABAB,22,9.394000000000013
11,P81018,Pyridox HCl_Tab 50mg,0906024N0AAAIAI,3,2.3940000000000006
12,P81018,Topiramate_Tab 200mg,040801050AAACAC,3,0.8652000000000003
13,P81040,Amiodarone HCl_Tab 200mg,0203020D0AAABAB,4,1.4000000000000012
14,P81040,Clonazepam_Tab 500mcg,0408010F0AAABAB,13,6.712199999999987
15,P81040,Co-Codamol_Tab 8mg/500mg,0407010F0AAAAAA,2,0.011199999999999932
16,P81040,Mesalazine_Tab E/C 800mg,0105010B0AAASAS,1,-36.89999999999999
17,P81040,Pyridox HCl_Tab 50mg,0906024N0AAAIAI,2,1.4364000000000003
18,P81040,Valsartan_Tab 40mg,0205052V0AAADAD,1,9.59
19,P81046,Amiodarone HCl_Tab 200mg,0203020D0AAABAB,5,0.4235
20,P81046,Clonazepam_Tab 500mcg,0408010F0AAABAB,14,4.271399999999991
21,P81046,Co-Codamol_Tab 8mg/500mg,0407010F0AAAAAA,12,0.0659999999999996
22,P81046,Mesalazine_Tab E/C 400mg,0105010B0AAAAAA,9,-103.81279999999998
23,P81046,Methocarbamol_Tab 750mg,1002020S0AAABAB,2,0.7136000000000011
24,P81046,Pyridox HCl_Tab 50mg,0906024N0AAAIAI,2,2.3940000000000006
25,P81046,Topiramate_Tab 200mg,040801050AAACAC,2,4.636799999999999
26,P81055,Amiodarone HCl_Tab 200mg,0203020D0AAABAB,6,2.450000000000002
27,P81055,Clonazepam_Tab 500mcg,0408010F0AAABAB,14,7.217999999999985
28,P81055,Co-Codamol_Tab 8mg/500mg,0407010F0AAAAAA,10,0.1999999999999988
29,P81055,Mesalazine_Tab E/C 800mg,0105010B0AAASAS,2,71.33999999999997
30,P81055,Pyridox HCl_Tab 50mg,0906024N0AAAIAI,2,1.9836000000000005
31,P81055,Tetrabenazine_Tab 25mg,0409030C0AAAAAA,5,12.494999999999983
32,P81067,Amiodarone HCl_Tab 200mg,0203020D0AAABAB,13,3.7017000000000033
33,P81067,Clonazepam_Tab 500mcg,0408010F0AAABAB,15,6.486199999999986
34,P81067,Co-Codamol_Tab 8mg/500mg,0407010F0AAAAAA,6,-0.025199999999999848
35,P81067,Methocarbamol_Tab 750mg,1002020S0AAABAB,1,0.36960000000000126
36,P81067,Pyridox HCl_Tab 50mg,0906024N0AAAIAI,3,2.3940000000000006
37,P81071,Amiodarone HCl_Tab 200mg,0203020D0AAABAB,1,0.3500000000000003
38,P81071,Clonazepam_Tab 500mcg,0408010F0AAABAB,7,2.847599999999994
39,P81071,Co-Codamol_Tab 8mg/500mg,0407010F0AAAAAA,6,0.02999999999999982
40,P81093,Clonazepam_Tab 500mcg,0408010F0AAABAB,4,0.6327999999999987
41,P81093,Co-Codamol_Tab 8mg/500mg,0407010F0AAAAAA,8,0.04119999999999975
42,P81103,Amiodarone HCl_Tab 200mg,0203020D0AAABAB,3,1.4000000000000012
43,P81103,Clonazepam_Tab 500mcg,0408010F0AAABAB,16,5.774299999999989
44,P81103,Co-Codamol_Tab 8mg/500mg,0407010F0AAAAAA,8,1.1143999999999998
45,P81103,Mesalazine_Tab E/C 800mg,0105010B0AAASAS,1,36.89999999999999
46,P81103,Methocarbamol_Tab 750mg,1002020S0AAABAB,2,1.3931999999999993
47,P81103,Pyridox HCl_Tab 50mg,0906024N0AAAIAI,1,0.9576000000000002
48,P81103,Topiramate_Tab 200mg,040801050AAACAC,4,2.307200000000001
49,P81107,Amiodarone HCl_Tab 200mg,0203020D0AAABAB,1,0.7000000000000006
50,P81107,Clonazepam_Tab 500mcg,0408010F0AAABAB,6,4.791199999999991
51,P81107,Mesalazine_Tab E/C 800mg,0105010B0AAASAS,3,45.91999999999999
52,P81119,Amiodarone HCl_Tab 200mg,0203020D0AAABAB,3,1.4000000000000012
53,P81119,Clonazepam_Tab 500mcg,0408010F0AAABAB,4,1.1683999999999979
54,P81119,Co-Codamol_Tab 8mg/500mg,0407010F0AAAAAA,4,0.02119999999999987
55,P81119,Mesalazine_Tab E/C 400mg,0105010B0AAAAAA,1,38.501999999999995
56,P81119,Mesalazine_Tab E/C 800mg,0105010B0AAASAS,3,68.87999999999998
57,P81119,Methocarbamol_Tab 750mg,1002020S0AAABAB,6,0.9316000000000015
58,P81169,Clonazepam_Tab 500mcg,0408010F0AAABAB,5,2.531199999999995
59,P81169,Mesalazine_Tab E/C 800mg,0105010B0AAASAS,2,-59.859999999999985
60,P81169,Methocarbamol_Tab 750mg,1002020S0AAABAB,7,2.2092000000000027
61,P81169,Pyridox HCl_Tab 50mg,0906024N0AAAIAI,1,0.4788000000000001
62,P81179,Amiodarone HCl_Tab 200mg,0203020D0AAABAB,5,1.237600000000001
63,P81179,Clonazepam_Tab 500mcg,0408010F0AAABAB,1,0.31639999999999935
64,P81179,Co-Codamol_Tab 8mg/500mg,0407010F0AAAAAA,6,0.02999999999999982
65,P81179,Mesalazine_Tab E/C 400mg,0105010B0AAAAAA,1,-34.224
66,P81179,Mesalazine_Tab E/C 800mg,0105010B0AAASAS,2,68.87999999999998
67,P81179,Methocarbamol_Tab 750mg,1002020S0AAABAB,3,0.9859999999999998
68,P81184,Amiodarone HCl_Tab 200mg,0203020D0AAABAB,4,2.100000000000002
69,P81184,Clonazepam_Tab 500mcg,0408010F0AAABAB,14,5.0737999999999905
70,P81184,Co-Codamol_Tab 8mg/500mg,0407010F0AAAAAA,10,-0.023599999999999857
71,P81184,Methocarbamol_Tab 750mg,1002020S0AAABAB,9,3.6288000000000014
72,P81184,Pyridox HCl_Tab 50mg,0906024N0AAAIAI,1,0.9576000000000002
73,P81184,Tetrabenazine_Tab 25mg,0409030C0AAAAAA,5,3.748499999999995
74,P81185,Amiodarone HCl_Tab 200mg,0203020D0AAABAB,5,1.7500000000000016
75,P81185,Clonazepam_Tab 500mcg,0408010F0AAABAB,11,4.74599999999999
76,P81185,Co-Codamol_Tab 8mg/500mg,0407010F0AAAAAA,4,0.026799999999999838
77,P81185,Mesalazine_Tab E/C 400mg,0105010B0AAAAAA,2,7.9856
78,P81185,Mesalazine_Tab E/C 800mg,0105010B0AAASAS,2,71.33999999999997
79,P81185,Methocarbamol_Tab 750mg,1002020S0AAABAB,2,0.9631999999999996
80,P81185,Pyridox HCl_Tab 50mg,0906024N0AAAIAI,1,3.830400000000001
81,P81185,Topiramate_Tab 200mg,040801050AAACAC,1,2.489999999999999
82,P81196,Amiodarone HCl_Tab 200mg,0203020D0AAABAB,9,5.600000000000005
83,P81196,Clonazepam_Tab 500mcg,0408010F0AAABAB,38,19.187499999999954
84,P81196,Co-Codamol_Tab 8mg/500mg,0407010F0AAAAAA,90,0.4027999999999975
85,P81196,Mesalazine_Tab E/C 400mg,0105010B0AAAAAA,2,-31.942399999999996
86,P81196,Mesalazine_Tab E/C 800mg,0105010B0AAASAS,5,156.20999999999995
87,P81196,Methocarbamol_Tab 750mg,1002020S0AAABAB,88,21.70480000000005
88,P81196,Pyridox HCl_Tab 50mg,0906024N0AAAIAI,1,0.4788000000000001
89,P81196,Topiramate_Tab 200mg,040801050AAACAC,4,2.307200000000001
90,P81196,Valsartan_Tab 40mg,0205052V0AAADAD,1,7.672000000000001
91,P81213,Amiodarone HCl_Tab 200mg,0203020D0AAABAB,5,2.8000000000000025
92,P81213,Clonazepam_Tab 500mcg,0408010F0AAABAB,9,6.553999999999986
93,P81213,Co-Codamol_Tab 8mg/500mg,0407010F0AAAAAA,2,36.403200000000005
94,P81213,Mesalazine_Tab E/C 800mg,0105010B0AAASAS,1,-34.43999999999999
95,P81213,Topiramate_Tab 200mg,040801050AAACAC,1,4.979999999999998
96,P81647,Clonazepam_Tab 500mcg,0408010F0AAABAB,2,1.898399999999996
97,P81647,Mesalazine_Tab E/C 800mg,0105010B0AAASAS,1,34.43999999999999
98,P81647,Methocarbamol_Tab 750mg,1002020S0AAABAB,6,0.9528000000000026
99,P81664,Amiodarone HCl_Tab 200mg,0203020D0AAABAB,15,3.127600000000002
100,P81664,Clonazepam_Tab 500mcg,0408010F0AAABAB,32,13.130599999999971
101,P81664,Co-Codamol_Tab 8mg/500mg,0407010F0AAAAAA,8,0.043599999999999736
102,P81664,Mesalazine_Tab E/C 400mg,0105010B0AAAAAA,3,75.86319999999999
103,P81664,Mesalazine_Tab E/C 800mg,0105010B0AAASAS,12,166.4936
104,P81664,Methocarbamol_Tab 750mg,1002020S0AAABAB,10,1.9072000000000047
105,P81664,Pyridox HCl_Tab 50mg,0906024N0AAAIAI,1,1.4364000000000003
106,P81664,Topiramate_Tab 200mg,040801050AAACAC,2,4.636799999999999
107,P81685,Amiodarone HCl_Tab 200mg,0203020D0AAABAB,1,0.3500000000000003
108,P81685,Clonazepam_Tab 500mcg,0408010F0AAABAB,6,1.8079999999999963
109,P81685,Co-Codamol_Tab 8mg/500mg,0407010F0AAAAAA,2,0.011199999999999932
110,P81685,Methocarbamol_Tab 750mg,1002020S0AAABAB,10,1.3200000000000045
111,P81685,Topiramate_Tab 200mg,040801050AAACAC,3,7.469999999999997
112,P81735,Amiodarone HCl_Tab 200mg,0203020D0AAABAB,1,0.3500000000000003
113,P81735,Clonazepam_Tab 500mcg,0408010F0AAABAB,6,3.0283999999999938
114,P81735,Co-Codamol_Tab 8mg/500mg,0407010F0AAAAAA,8,0.04479999999999973
115,P81735,Methocarbamol_Tab 750mg,1002020S0AAABAB,15,4.721199999999999
116,P81735,Tetrabenazine_Tab 25mg,0409030C0AAAAAA,1,0.9995999999999987
117,P81735,Topiramate_Tab 200mg,040801050AAACAC,1,2.489999999999999
118,P81748,Amiodarone HCl_Tab 200mg,0203020D0AAABAB,5,1.7500000000000016
119,P81748,Clonazepam_Tab 500mcg,0408010F0AAABAB,16,4.271399999999991
120,P81748,Co-Codamol_Tab 8mg/500mg,0407010F0AAAAAA,4,0.02119999999999987
121,P81748,Methocarbamol_Tab 750mg,1002020S0AAABAB,2,0.8512000000000011
122,P81748,Pyridox HCl_Tab 50mg,0906024N0AAAIAI,1,0.4788000000000001
123,P81748,Tetrabenazine_Tab 25mg,0409030C0AAAAAA,1,1.9991999999999974
124,P81750,Clonazepam_Tab 500mcg,0408010F0AAABAB,3,3.0057999999999936
125,P81770,Co-Codamol_Tab 8mg/500mg,0407010F0AAAAAA,22,0.09239999999999944
126,P81770,Mesalazine_Tab E/C 400mg,0105010B0AAAAAA,1,7.985599999999999
127,P81785,Clonazepam_Tab 500mcg,0408010F0AAABAB,2,1.7627999999999964
128,P81785,Co-Codamol_Tab 8mg/500mg,0407010F0AAAAAA,6,0.0335999999999998
