,practice_code,bnf_description,bnf_code,items,excess_cost
0,F86007,Atorvastatin_Tab 10mg,0212000B0AAAAAA,15,0.007200000000000248
1,F86007,Atorvastatin_Tab 20mg,0212000B0AAABAB,1,0.006000000000000172
2,F86007,Clonazepam_Tab 500mcg,0408010F0AAABAB,4,1.2655999999999974
3,F86007,Levothyrox Sod_Tab 100mcg,0602010V0AABZBZ,48,0.13759999999999897
4,F86007,Memantine HCl_Tab 10mg,0411000G0AAAAAA,12,-0.005599999999999383
5,F86007,Risperidone_Tab 6mg,040201030AAAFAF,2,58.4192
6,F86008,Atorvastatin_Tab 10mg,0212000B0AAAAAA,65,0.13650000000000076
7,F86008,Clonazepam_Tab 500mcg,0408010F0AAABAB,8,4.745999999999991
8,F86008,Levothyrox Sod_Tab 100mcg,0602010V0AABZBZ,14,0.03919999999999976
9,F86008,Memantine HCl_Tab 10mg,0411000G0AAAAAA,8,-0.022399999999999864
10,F86009,Atorvastatin_Tab 10mg,0212000B0AAAAAA,2,-0.011999999999999927
11,F86009,Atorvastatin_Tab 20mg,0212000B0AAABAB,1,-0.0029999999999998778
12,F86009,Clonazepam_Tab 500mcg,0408010F0AAABAB,2,1.2655999999999974
13,F86009,Levothyrox Sod_Tab 100mcg,0602010V0AABZBZ,1,0.002799999999999983
14,F86010,Atorvastatin_Tab 10mg,0212000B0AAAAAA,43,0.09030000000000049
15,F86010,Clonazepam_Tab 500mcg,0408010F0AAABAB,14,2.1356999999999955
16,F86010,Levothyrox Sod_Tab 100mcg,0602010V0AABZBZ,58,0.16219999999999868
17,F86010,Memantine HCl_Tab 10mg,0411000G0AAAAAA,15,-0.010399999999999743
18,F86012,Alendronic Acid_Tab 70mg,0606020A0AAACAC,25,2.6099999999999985
19,F86012,Atorvastatin_Tab 10mg,0212000B0AAAAAA,74,23.206400000000002
20,F86012,Atorvastatin_Tab 20mg,0212000B0AAABAB,68,45.315200000000004
21,F86012,Clonazepam_Tab 500mcg,0408010F0AAABAB,8,4.090599999999991
22,F86012,Levothyrox Sod_Tab 100mcg,0602010V0AABZBZ,10,1.6043999999999983
23,F86013,Clonazepam_Tab 500mcg,0408010F0AAABAB,5,1.2995999999999976
24,F86013,Levothyrox Sod_Tab 100mcg,0602010V0AABZBZ,42,-0.34440000000001075
25,F86013,Memantine HCl_Tab 10mg,0411000G0AAAAAA,1,0.00420000000000012
26,F86020,Atorvastatin_Tab 10mg,0212000B0AAAAAA,27,0.045600000000000356
27,F86020,Clonazepam_Tab 500mcg,0408010F0AAABAB,3,2.892799999999994
28,F86020,Levothyrox Sod_Tab 100mcg,0602010V0AABZBZ,19,0.05639999999999945
29,F86020,Memantine HCl_Tab 10mg,0411000G0AAAAAA,8,0.00560000000000016
30,F86022,Atorvastatin_Tab 10mg,0212000B0AAAAAA,61,0.1281000000000007
31,F86022,Atorvastatin_Tab 20mg,0212000B0AAABAB,1,0.006000000000000172
32,F86022,Clonazepam_Tab 500mcg,0408010F0AAABAB,17,8.859199999999982
33,F86022,Levothyrox Sod_Tab 100mcg,0602010V0AABZBZ,50,0.1335999999999992
34,F86022,Memantine HCl_Tab 10mg,0411000G0AAAAAA,12,-0.0335999999999998
35,F86022,Zonisamide_Cap 100mg,0408010ADAAAAAA,3,-0.012599999999998612
36,F86023,Atorvastatin_Tab 10mg,0212000B0AAAAAA,36,0.07560000000000042
37,F86023,Clonazepam_Tab 500mcg,0408010F0AAABAB,10,5.10759999999999
38,F86023,Levothyrox Sod_Tab 100mcg,0602010V0AABZBZ,29,-0.38840000000000274
39,F86023,Memantine HCl_Tab 10mg,0411000G0AAAAAA,5,-0.006999999999999812
40,F86025,Alendronic Acid_Tab 70mg,0606020A0AAACAC,33,10.348799999999995
41,F86025,Atorvastatin_Tab 10mg,0212000B0AAAAAA,182,23.020200000000017
42,F86025,Clonazepam_Tab 500mcg,0408010F0AAABAB,18,8.407199999999982
43,F86025,Levothyrox Sod_Tab 100mcg,0602010V0AABZBZ,21,0.057099999999999373
44,F86025,Memantine HCl_Tab 10mg,0411000G0AAAAAA,8,250.9136
45,F86025,Quetiapine_Tab 300mg,0402010ABAAAKAK,3,128.59199999999998
46,F86025,Risperidone_Tab 6mg,040201030AAAFAF,1,3.802400000000001
47,F86028,Levothyrox Sod_Tab 100mcg,0602010V0AABZBZ,2,0.01159999999999993
48,F86032,Atorvastatin_Tab 10mg,0212000B0AAAAAA,31,0.06510000000000035
49,F86032,Clonazepam_Tab 500mcg,0408010F0AAABAB,4,0.16959999999999997
50,F86032,Levothyrox Sod_Tab 100mcg,0602010V0AABZBZ,42,0.1289999999999989
51,F86032,Memantine HCl_Tab 10mg,0411000G0AAAAAA,8,-0.022399999999999864
52,F86032,Risperidone_Tab 6mg,040201030AAAFAF,1,29.2096
53,F86034,Atorvastatin_Tab 10mg,0212000B0AAAAAA,4,0.008400000000000046
54,F86034,Clonazepam_Tab 500mcg,0408010F0AAABAB,4,2.405599999999994
55,F86034,Levothyrox Sod_Tab 100mcg,0602010V0AABZBZ,16,0.04479999999999973
56,F86034,Memantine HCl_Tab 10mg,0411000G0AAAAAA,4,-0.011199999999999932
57,F86042,Atorvastatin_Tab 10mg,0212000B0AAAAAA,36,0.07560000000000042
58,F86042,Levothyrox Sod_Tab 100mcg,0602010V0AABZBZ,12,0.025599999999999845
59,F86057,Atorvastatin_Tab 10mg,0212000B0AAAAAA,25,0.05250000000000029
60,F86057,Clonazepam_Tab 500mcg,0408010F0AAABAB,6,4.725599999999992
61,F86057,Levothyrox Sod_Tab 100mcg,0602010V0AABZBZ,22,0.08759999999999947
62,F86057,Quetiapine_Tab 300mg,0402010ABAAAKAK,1,0.005999999999999339
63,F86057,Risperidone_Tab 6mg,040201030AAAFAF,1,29.2096
64,F86060,Atorvastatin_Tab 10mg,0212000B0AAAAAA,29,0.06300000000000035
65,F86060,Clonazepam_Tab 500mcg,0408010F0AAABAB,5,1.898399999999996
66,F86060,Levothyrox Sod_Tab 100mcg,0602010V0AABZBZ,13,0.050799999999999484
67,F86060,Memantine HCl_Tab 10mg,0411000G0AAAAAA,4,-0.011199999999999932
68,F86060,Omeprazole_Cap E/C 40mg,0103050P0AAAEAE,1,-0.006000000000000172
69,F86060,Quetiapine_Tab 300mg,0402010ABAAAKAK,2,0.011199999999998766
70,F86064,Atorvastatin_Tab 10mg,0212000B0AAAAAA,24,0.05040000000000028
71,F86064,Clonazepam_Tab 500mcg,0408010F0AAABAB,1,0.6327999999999987
72,F86064,Levothyrox Sod_Tab 100mcg,0602010V0AABZBZ,6,0.01999999999999967
73,F86064,Memantine HCl_Tab 10mg,0411000G0AAAAAA,4,-0.011199999999999932
74,F86066,Atorvastatin_Tab 10mg,0212000B0AAAAAA,29,0.060900000000000336
75,F86066,Clonazepam_Tab 500mcg,0408010F0AAABAB,6,3.3221999999999934
76,F86066,Levothyrox Sod_Tab 100mcg,0602010V0AABZBZ,11,0.0335999999999998
77,F86066,Memantine HCl_Tab 10mg,0411000G0AAAAAA,4,-0.011199999999999932
78,F86081,Atorvastatin_Tab 10mg,0212000B0AAAAAA,27,0.05670000000000031
79,F86081,Atorvastatin_Tab 20mg,0212000B0AAABAB,1,0.006000000000000172
80,F86081,Levothyrox Sod_Tab 100mcg,0602010V0AABZBZ,13,0.03679999999999957
81,F86082,Alendronic Acid_Tab 70mg,0606020A0AAACAC,38,88.64639999999999
82,F86082,Atorvastatin_Tab 10mg,0212000B0AAAAAA,40,0.07680000000000048
83,F86082,Clonazepam_Tab 500mcg,0408010F0AAABAB,9,6.830399999999994
84,F86082,Levothyrox Sod_Tab 100mcg,0602010V0AABZBZ,13,0.03639999999999978
85,F86082,Memantine HCl_Tab 10mg,0411000G0AAAAAA,4,-0.011199999999999932
86,F86083,Atorvastatin_Tab 10mg,0212000B0AAAAAA,44,0.05180000000000043
87,F86083,Clonazepam_Tab 500mcg,0408010F0AAABAB,4,1.943599999999996
88,F86083,Levothyrox Sod_Tab 100mcg,0602010V0AABZBZ,38,0.10639999999999936
89,F86083,Memantine HCl_Tab 10mg,0411000G0AAAAAA,13,-0.0013999999999997487
90,F86085,Clonazepam_Tab 500mcg,0408010F0AAABAB,1,1.1299999999999977
91,F86085,Levothyrox Sod_Tab 100mcg,0602010V0AABZBZ,1,0.0059999999999997555
92,F86087,Clonazepam_Tab 500mcg,0408010F0AAABAB,7,3.728999999999992
93,F86087,Levothyrox Sod_Tab 100mcg,0602010V0AABZBZ,1,0.009599999999999609
94,F86612,Atorvastatin_Tab 10mg,0212000B0AAAAAA,17,0.0357000000000002
95,F86612,Clonazepam_Tab 500mcg,0408010F0AAABAB,6,1.6271999999999966
96,F86612,Levothyrox Sod_Tab 100mcg,0602010V0AABZBZ,1,0.0029999999999998778
97,F86624,Atorvastatin_Tab 10mg,0212000B0AAAAAA,8,0.016800000000000093
98,F86624,Memantine HCl_Tab 10mg,0411000G0AAAAAA,7,-0.01959999999999988
99,F86637,Atorvastatin_Tab 10mg,0212000B0AAAAAA,12,0.02520000000000014
100,F86637,Levothyrox Sod_Tab 100mcg,0602010V0AABZBZ,7,86.96799999999999
101,F86637,Memantine HCl_Tab 10mg,0411000G0AAAAAA,2,0.00840000000000024
102,F86641,Atorvastatin_Tab 10mg,0212000B0AAAAAA,17,0.0357000000000002
103,F86641,Clonazepam_Tab 500mcg,0408010F0AAABAB,2,0.6327999999999987
104,F86641,Levothyrox Sod_Tab 100mcg,0602010V0AABZBZ,12,0.0335999999999998
105,F86641,Memantine HCl_Tab 10mg,0411000G0AAAAAA,2,-0.005599999999999966
106,F86641,Quetiapine_Tab 300mg,0402010ABAAAKAK,4,0.0027999999999996916
107,F86642,Atorvastatin_Tab 10mg,0212000B0AAAAAA,9,0.007800000000000147
108,F86642,Clonazepam_Tab 500mcg,0408010F0AAABAB,4,0.31639999999999935
109,F86642,Levothyrox Sod_Tab 100mcg,0602010V0AABZBZ,12,0.04479999999999973
110,F86652,Atorvastatin_Tab 10mg,0212000B0AAAAAA,74,0.13530000000000092
111,F86652,Clonazepam_Tab 500mcg,0408010F0AAABAB,13,3.6837999999999926
112,F86652,Levothyrox Sod_Tab 100mcg,0602010V0AABZBZ,4,0.011199999999999932
113,F86652,Quetiapine_Tab 300mg,0402010ABAAAKAK,4,0.005599999999999383
114,F86657,Atorvastatin_Tab 10mg,0212000B0AAAAAA,33,0.06930000000000039
115,F86657,Clonazepam_Tab 500mcg,0408010F0AAABAB,4,2.056599999999996
116,F86657,Levothyrox Sod_Tab 100mcg,0602010V0AABZBZ,19,0.05319999999999968
117,F86657,Quetiapine_Tab 300mg,0402010ABAAAKAK,13,0.02169999999999761
118,F86657,Risperidone_Tab 6mg,040201030AAAFAF,1,29.2096
119,F86657,Zonisamide_Cap 100mg,0408010ADAAAAAA,1,149.604
120,F86658,Atorvastatin_Tab 10mg,0212000B0AAAAAA,5,0.010500000000000058
121,F86658,Clonazepam_Tab 500mcg,0408010F0AAABAB,1,3.987199999999996
122,F86658,Levothyrox Sod_Tab 100mcg,0602010V0AABZBZ,4,0.011199999999999932
123,F86658,Omeprazole_Cap E/C 40mg,0103050P0AAAEAE,1,-0.006000000000000172
124,F86691,Atorvastatin_Tab 10mg,0212000B0AAAAAA,24,0.05040000000000028
125,F86691,Atorvastatin_Tab 20mg,0212000B0AAABAB,1,-0.0029999999999998778
126,F86691,Clonazepam_Tab 500mcg,0408010F0AAABAB,6,3.0057999999999936
127,F86691,Levothyrox Sod_Tab 100mcg,0602010V0AABZBZ,20,0.05599999999999966
128,F86691,Memantine HCl_Tab 10mg,0411000G0AAAAAA,11,-0.023799999999999807
129,F86691,Zonisamide_Cap 100mg,0408010ADAAAAAA,3,-0.012599999999998612
130,F86692,Atorvastatin_Tab 10mg,0212000B0AAAAAA,28,0.05070000000000035
131,F86692,Clonazepam_Tab 500mcg,0408010F0AAABAB,7,6.850199999999986
132,F86692,Levothyrox Sod_Tab 100mcg,0602010V0AABZBZ,19,0.08559999999999865
133,F86698,Atorvastatin_Tab 10mg,0212000B0AAAAAA,4,0.008400000000000046
134,F86698,Clonazepam_Tab 500mcg,0408010F0AAABAB,1,0.6327999999999987
135,F86698,Levothyrox Sod_Tab 100mcg,0602010V0AABZBZ,10,0.031199999999999603
136,F86698,Memantine HCl_Tab 10mg,0411000G0AAAAAA,8,-0.022399999999999864
137,F86702,Atorvastatin_Tab 10mg,0212000B0AAAAAA,8,0.016800000000000093
138,F86702,Levothyrox Sod_Tab 100mcg,0602010V0AABZBZ,14,0.03919999999999976
139,F86702,Memantine HCl_Tab 10mg,0411000G0AAAAAA,3,-0.00839999999999995
140,F86703,Atorvastatin_Tab 10mg,0212000B0AAAAAA,17,0.02760000000000022
141,F86703,Levothyrox Sod_Tab 100mcg,0602010V0AABZBZ,10,0.05219999999999904
142,F86703,Memantine HCl_Tab 10mg,0411000G0AAAAAA,8,-0.022399999999999864
143,F86703,Quetiapine_Tab 300mg,0402010ABAAAKAK,1,0.005999999999999339
144,F86707,Atorvastatin_Tab 10mg,0212000B0AAAAAA,4,0.008400000000000046
145,F86707,Clonazepam_Tab 500mcg,0408010F0AAABAB,1,0.6327999999999987
146,F86707,Levothyrox Sod_Tab 100mcg,0602010V0AABZBZ,30,0.08399999999999949
147,F86707,Memantine HCl_Tab 10mg,0411000G0AAAAAA,4,-0.011199999999999932
148,F86707,Quetiapine_Tab 300mg,0402010ABAAAKAK,4,0.0027999999999996916
149,F86731,Atorvastatin_Tab 10mg,0212000B0AAAAAA,16,0.033600000000000185
150,F86731,Clonazepam_Tab 500mcg,0408010F0AAABAB,1,0.6327999999999987
151,F86731,Levothyrox Sod_Tab 100mcg,0602010V0AABZBZ,24,0.0671999999999996
152,F86731,Quetiapine_Tab 300mg,0402010ABAAAKAK,1,0.005999999999999339
153,Y00090,Atorvastatin_Tab 20mg,0212000B0AAABAB,1,-0.0029999999999998778
154,Y00090,Clonazepam_Tab 500mcg,0408010F0AAABAB,4,2.7571999999999943
155,Y00090,Omeprazole_Cap E/C 40mg,0103050P0AAAEAE,1,0.003000000000000086
156,Y00155,Alendronic Acid_Tab 70mg,0606020A0AAACAC,24,-0.07040000000000113
157,Y00155,Atorvastatin_Tab 10mg,0212000B0AAAAAA,19,23.1385
158,Y00155,Atorvastatin_Tab 20mg,0212000B0AAABAB,35,45.08
159,Y00155,Clonazepam_Tab 500mcg,0408010F0AAABAB,3,3.187199999999996
160,Y00155,Levothyrox Sod_Tab 100mcg,0602010V0AABZBZ,10,-1.942890293094024e-16
161,Y00155,Memantine HCl_Tab 10mg,0411000G0AAAAAA,14,-0.05040000000000028
162,Y00155,Omeprazole_Cap E/C 40mg,0103050P0AAAEAE,1,76.91879999999999
163,Y00918,Atorvastatin_Tab 10mg,0212000B0AAAAAA,8,0.016800000000000093
164,Y00918,Clonazepam_Tab 500mcg,0408010F0AAABAB,16,2.6554999999999946
165,Y00918,Levothyrox Sod_Tab 100mcg,0602010V0AABZBZ,20,0.03999999999999976
166,Y00918,Memantine HCl_Tab 10mg,0411000G0AAAAAA,17,-0.04699999999999967
167,Y00918,Quetiapine_Tab 300mg,0402010ABAAAKAK,2,0.011999999999998678
168,Y00918,Zonisamide_Cap 100mg,0408010ADAAAAAA,4,0.01120000000000032
169,Y02824,Atorvastatin_Tab 20mg,0212000B0AAABAB,1,-0.004199999999999995
170,Y02824,Levothyrox Sod_Tab 100mcg,0602010V0AABZBZ,1,0.002799999999999983
171,Y02987,Atorvastatin_Tab 10mg,0212000B0AAAAAA,28,0.058800000000000324
172,Y02987,Clonazepam_Tab 500mcg,0408010F0AAABAB,4,1.5819999999999967
173,Y02987,Levothyrox Sod_Tab 100mcg,0602010V0AABZBZ,26,0.08959999999999946
174,Y02987,Memantine HCl_Tab 10mg,0411000G0AAAAAA,16,-0.01679999999999951
175,Y02987,Quetiapine_Tab 300mg,0402010ABAAAKAK,10,0.009099999999998998
