,practice_code,bnf_description,bnf_code,items,excess_cost
0,Y03139,Exemestane_Tab 25mg,0803041C0AAAAAA,1,46.97
1,Y03139,Sertraline HCl_Tab 50mg,0403030Q0AAAAAA,1,0.658
2,Y03139,Cetirizine HCl_Tab 10mg,0304010I0AAAAAA,1,0.20999999999999996
9,Y04680,Diazepam_Tab 2mg,0401020K0AAAHAH,1,0.004400000000000001
3,Y04680,Buprenorphine_Tab Subling 8mg S/F,0410030A0AAAEAE,1,0.0041999999999995374
10,Y03157,Tranexamic Acid_Tab 500mg,0211000P0AAACAC,1,0.0030000000000005023
7,Y04680,Mirtazapine_Tab 30mg,0403040X0AAAAAA,1,0.002799999999999983
4,Y02289,Buprenorphine_Tab Subling 8mg S/F,0410030A0AAAEAE,2,0.0027999999999996916
5,Y04680,Buprenorphine_Tab Subling 8mg S/F,0410030A0AAAEAE,2,0.0027999999999996916
8,Y05081,Mirtazapine_Tab 30mg,0403040X0AAAAAA,1,0.0021999999999999936
11,Y03157,Fluoxetine HCl_Cap 20mg,0403030E0AAAAAA,1,0.00210000000000006
12,Y04680,Thiamine HCl_Tab 100mg,0906026M0AAAGAG,1,0.0020999999999997687
13,Y04680,Propranolol HCl_Tab 10mg,0204000R0AAAHAH,1,0.0
6,Y03156,Buprenorphine_Tab Subling 8mg S/F,0410030A0AAAEAE,1,-0.004400000000000404
