,practice_code,bnf_description,bnf_code,items,excess_cost
0,M83009,Amiodarone HCl_Tab 200mg,0203020D0AAABAB,15,2.5970000000000013
1,M83009,Clonazepam_Tab 500mcg,0408010F0AAABAB,14,6.508799999999986
2,M83009,Lamotrigine_Tab 50mg,0408010H0AAABAB,15,0.0
3,M83020,Amiodarone HCl_Tab 200mg,0203020D0AAABAB,8,3.500000000000003
4,M83020,Clonazepam_Tab 500mcg,0408010F0AAABAB,10,3.502999999999993
5,M83020,Lamotrigine_Tab 50mg,0408010H0AAABAB,5,0.0
6,M83020,Mesalazine_Tab E/C 400mg,0105010B0AAAAAA,1,-26.523599999999995
7,M83020,Mesalazine_Tab E/C 800mg,0105010B0AAASAS,1,-36.89999999999999
8,M83020,Pyridox HCl_Tab 50mg,0906024N0AAAIAI,1,0.4788000000000001
9,M83020,Tetrabenazine_Tab 25mg,0409030C0AAAAAA,1,3.998399999999995
10,M83022,Amiodarone HCl_Tab 200mg,0203020D0AAABAB,5,1.7500000000000016
11,M83022,Clonazepam_Tab 500mcg,0408010F0AAABAB,10,7.346199999999985
12,M83022,Lamotrigine_Tab 50mg,0408010H0AAABAB,4,0.0
13,M83022,Pyridox HCl_Tab 50mg,0906024N0AAAIAI,4,4.788
14,M83024,Amiodarone HCl_Tab 200mg,0203020D0AAABAB,2,0.7000000000000006
15,M83024,Clonazepam_Tab 500mcg,0408010F0AAABAB,8,5.695199999999989
16,M83024,Lamotrigine_Tab 50mg,0408010H0AAABAB,7,0.0
17,M83024,Topiramate_Tab 200mg,040801050AAACAC,1,2.489999999999999
18,M83036,Amiodarone HCl_Tab 200mg,0203020D0AAABAB,4,3.150000000000003
19,M83036,Clonazepam_Tab 500mcg,0408010F0AAABAB,9,4.74959999999999
20,M83036,Lamotrigine_Tab 50mg,0408010H0AAABAB,17,0.0
21,M83036,Pyridox HCl_Tab 50mg,0906024N0AAAIAI,4,7.182000000000001
22,M83036,Topiramate_Tab 200mg,040801050AAACAC,2,4.636799999999999
23,M83044,Amiodarone HCl_Tab 200mg,0203020D0AAABAB,4,1.7500000000000016
24,M83044,Clonazepam_Tab 500mcg,0408010F0AAABAB,26,12.696399999999974
25,M83044,Lamotrigine_Tab 50mg,0408010H0AAABAB,15,11.961600000000008
26,M83044,Pyridox HCl_Tab 50mg,0906024N0AAAIAI,2,1.9152000000000005
27,M83044,Topiramate_Tab 200mg,040801050AAACAC,1,2.489999999999999
28,M83045,Amiodarone HCl_Tab 200mg,0203020D0AAABAB,4,1.4000000000000012
29,M83045,Clonazepam_Tab 500mcg,0408010F0AAABAB,11,10.011799999999978
30,M83045,Lamotrigine_Tab 50mg,0408010H0AAABAB,7,0.0
31,M83045,Mesalazine_Tab E/C 800mg,0105010B0AAASAS,1,17.219999999999995
32,M83045,Tetrabenazine_Tab 25mg,0409030C0AAAAAA,2,5.997599999999992
33,M83049,Amiodarone HCl_Tab 200mg,0203020D0AAABAB,3,1.7500000000000016
34,M83049,Clonazepam_Tab 500mcg,0408010F0AAABAB,24,15.887799999999965
35,M83049,Lamotrigine_Tab 50mg,0408010H0AAABAB,16,0.0
36,M83049,Mesalazine_Tab E/C 400mg,0105010B0AAAAAA,1,47.913599999999995
37,M83049,Mesalazine_Tab E/C 800mg,0105010B0AAASAS,2,71.33999999999997
38,M83049,Tetrabenazine_Tab 25mg,0409030C0AAAAAA,1,1.9991999999999974
39,M83050,Amiodarone HCl_Tab 200mg,0203020D0AAABAB,4,1.4000000000000012
40,M83050,Clonazepam_Tab 500mcg,0408010F0AAABAB,14,6.034199999999988
41,M83050,Lamotrigine_Tab 50mg,0408010H0AAABAB,4,0.0
42,M83050,Phenytoin_Sod Tab 100mg,0408010Q0AAAGAG,1,39.79919999999999
43,M83052,Amiodarone HCl_Tab 200mg,0203020D0AAABAB,8,2.8000000000000025
44,M83052,Clonazepam_Tab 500mcg,0408010F0AAABAB,18,10.588099999999978
45,M83052,Lamotrigine_Tab 50mg,0408010H0AAABAB,15,0.0
46,M83052,Mesalazine_Tab E/C 400mg,0105010B0AAAAAA,3,5.133600000000001
47,M83052,Pyridox HCl_Tab 50mg,0906024N0AAAIAI,3,5.266800000000001
48,M83052,Topiramate_Tab 200mg,040801050AAACAC,1,2.489999999999999
49,M83057,Amiodarone HCl_Tab 200mg,0203020D0AAABAB,4,1.7500000000000016
50,M83057,Clonazepam_Tab 500mcg,0408010F0AAABAB,7,3.480399999999993
51,M83057,Lamotrigine_Tab 50mg,0408010H0AAABAB,9,0.0
52,M83057,Mesalazine_Tab E/C 400mg,0105010B0AAAAAA,2,13.689599999999999
53,M83057,Pyridox HCl_Tab 50mg,0906024N0AAAIAI,2,0.9576000000000002
54,M83057,Topiramate_Tab 200mg,040801050AAACAC,2,3.1971999999999983
55,M83069,Amiodarone HCl_Tab 200mg,0203020D0AAABAB,10,3.234700000000003
56,M83069,Clonazepam_Tab 500mcg,0408010F0AAABAB,24,10.10719999999998
57,M83069,Lamotrigine_Tab 50mg,0408010H0AAABAB,12,0.0
58,M83069,Phenytoin_Sod Tab 100mg,0408010Q0AAAGAG,1,0.011999999999998678
59,M83069,Pyridox HCl_Tab 50mg,0906024N0AAAIAI,4,5.745600000000001
60,M83069,Topiramate_Tab 200mg,040801050AAACAC,1,2.489999999999999
61,M83070,Amiodarone HCl_Tab 200mg,0203020D0AAABAB,7,2.450000000000002
62,M83070,Clonazepam_Tab 500mcg,0408010F0AAABAB,3,1.7401999999999964
63,M83070,Lamotrigine_Tab 50mg,0408010H0AAABAB,5,0.0
64,M83070,Mesalazine_Tab E/C 400mg,0105010B0AAAAAA,1,-17.112
65,M83070,Pyridox HCl_Tab 50mg,0906024N0AAAIAI,2,2.8728000000000007
66,M83070,Topiramate_Tab 200mg,040801050AAACAC,1,2.489999999999999
67,M83092,Amiodarone HCl_Tab 200mg,0203020D0AAABAB,1,0.3500000000000003
68,M83092,Clonazepam_Tab 500mcg,0408010F0AAABAB,8,7.842199999999983
69,M83092,Lamotrigine_Tab 50mg,0408010H0AAABAB,3,0.0
70,M83092,Mesalazine_Tab E/C 800mg,0105010B0AAASAS,2,-18.432
71,M83092,Pyridox HCl_Tab 50mg,0906024N0AAAIAI,1,0.9576000000000002
72,M83092,Ropinirole HCl_Tab 500mcg,0409010H0AAAHAH,2,270.0992
73,M83092,Tetrabenazine_Tab 25mg,0409030C0AAAAAA,2,4.997999999999994
