,practice_code,bnf_description,bnf_code,items,excess_cost
0,K82016,Paracet_Tab Solb 500mg,0407010H0AAAQAQ,8,658.3808000000001
1,K82016,Paracet_Tab Solb 500mg,0407010H0AAAQAQ,8,658.3808000000001
338,K82631,Valaciclovir_Tab 500mg,0503021A0AAAAAA,1,298.5024
340,K82633,Riluzole_Tab 50mg,0409030R0AAAAAA,1,287.2576
276,K82016,Atorvastatin_Tab 20mg,0212000B0AAABAB,99,180.4572
326,K82016,Donepezil HCl_Tab 10mg,0411000D0AAABAB,3,165.9168
342,K82015,Olanzapine_Tab 20mg,040201060AAAQAQ,4,137.58079999999998
343,K82617,Olanzapine_Tab 20mg,040201060AAAQAQ,2,137.58079999999998
277,K82054,Atorvastatin_Tab 20mg,0212000B0AAABAB,96,135.4752
278,K82009,Atorvastatin_Tab 20mg,0212000B0AAABAB,134,135.072
279,K82016,Atorvastatin_Tab 20mg,0212000B0AAABAB,259,134.88720000000004
297,K82057,Memantine HCl_Tab 20mg,0411000G0AAADAD,1,127.79760000000002
298,K82615,Memantine HCl_Tab 20mg,0411000G0AAADAD,3,127.79759999999999
315,K82074,Montelukast_Tab 10mg,0303020G0AAABAB,4,97.50720000000001
280,K82060,Atorvastatin_Tab 20mg,0212000B0AAABAB,65,90.272
327,K82027,Donepezil HCl_Tab 10mg,0411000D0AAABAB,3,82.9584
328,K82016,Donepezil HCl_Tab 10mg,0411000D0AAABAB,15,82.94999999999999
299,K82610,Memantine HCl_Tab 20mg,0411000G0AAADAD,2,63.9016
301,Y02900,Memantine HCl_Tab 20mg,0411000G0AAADAD,2,63.9016
300,K82032,Memantine HCl_Tab 20mg,0411000G0AAADAD,2,63.9016
302,K82016,Memantine HCl_Tab 20mg,0411000G0AAADAD,5,63.896
303,K82067,Memantine HCl_Tab 20mg,0411000G0AAADAD,4,63.896
304,K82054,Memantine HCl_Tab 20mg,0411000G0AAADAD,4,63.896
316,K82013,Montelukast_Tab 10mg,0303020G0AAABAB,24,48.787200000000006
317,K82032,Montelukast_Tab 10mg,0303020G0AAABAB,10,48.77599999999999
318,K82009,Montelukast_Tab 10mg,0303020G0AAABAB,7,48.764799999999994
319,K82067,Montelukast_Tab 10mg,0303020G0AAABAB,4,48.753600000000006
320,K82054,Montelukast_Tab 10mg,0303020G0AAABAB,6,48.753600000000006
321,K82003,Montelukast_Tab 10mg,0303020G0AAABAB,18,48.73679999999999
355,K82003,Losartan Pot_Tab 50mg,0205052N0AAABAB,41,47.756800000000005
356,K82064,Losartan Pot_Tab 50mg,0205052N0AAABAB,14,47.74560000000001
357,K82009,Losartan Pot_Tab 50mg,0205052N0AAABAB,65,47.68399999999999
281,K82003,Atorvastatin_Tab 20mg,0212000B0AAABAB,163,45.64000000000004
20,K82057,Paracet_Tab 500mg,0407010H0AAAMAM,93,45.570000000000014
21,K82057,Paracet_Tab 500mg,0407010H0AAAMAM,93,45.570000000000014
282,K82074,Atorvastatin_Tab 20mg,0212000B0AAABAB,56,45.15840000000001
283,K82009,Atorvastatin_Tab 20mg,0212000B0AAABAB,56,45.1584
284,K82015,Atorvastatin_Tab 20mg,0212000B0AAABAB,130,45.13600000000003
285,K82039,Atorvastatin_Tab 20mg,0212000B0AAABAB,130,45.13600000000003
286,K82032,Atorvastatin_Tab 20mg,0212000B0AAABAB,115,45.08
287,K82016,Atorvastatin_Tab 20mg,0212000B0AAABAB,24,45.040800000000004
3,K82027,Paracet_Tab Solb 500mg,0407010H0AAAQAQ,3,36.75
2,K82027,Paracet_Tab Solb 500mg,0407010H0AAAQAQ,3,36.75
22,K82057,Paracet_Tab 500mg,0407010H0AAAMAM,7,33.86879999999999
23,K82057,Paracet_Tab 500mg,0407010H0AAAMAM,7,33.86879999999999
24,K82016,Paracet_Tab 500mg,0407010H0AAAMAM,84,30.23999999999999
25,K82016,Paracet_Tab 500mg,0407010H0AAAMAM,84,30.23999999999999
27,K82009,Paracet_Tab 500mg,0407010H0AAAMAM,71,24.849999999999998
26,K82009,Paracet_Tab 500mg,0407010H0AAAMAM,71,24.849999999999998
322,K82617,Montelukast_Tab 10mg,0303020G0AAABAB,7,24.382399999999997
323,K82009,Montelukast_Tab 10mg,0303020G0AAABAB,5,24.374000000000002
324,K82025,Montelukast_Tab 10mg,0303020G0AAABAB,8,24.3712
358,K82065,Losartan Pot_Tab 50mg,0205052N0AAABAB,52,23.878400000000006
359,K82617,Losartan Pot_Tab 50mg,0205052N0AAABAB,20,23.856
360,K82059,Losartan Pot_Tab 50mg,0205052N0AAABAB,15,23.855999999999998
288,K82009,Atorvastatin_Tab 20mg,0212000B0AAABAB,16,22.601599999999998
28,K82617,Paracet_Tab 500mg,0407010H0AAAMAM,4,22.579200000000004
29,K82617,Paracet_Tab 500mg,0407010H0AAAMAM,4,22.579200000000004
30,K82013,Paracet_Tab 500mg,0407010H0AAAMAM,28,22.579199999999993
31,K82013,Paracet_Tab 500mg,0407010H0AAAMAM,28,22.579199999999993
289,K82060,Atorvastatin_Tab 20mg,0212000B0AAABAB,4,22.534399999999998
32,K82013,Paracet_Tab 500mg,0407010H0AAAMAM,33,20.460000000000015
33,K82013,Paracet_Tab 500mg,0407010H0AAAMAM,33,20.460000000000015
35,K82633,Paracet_Tab 500mg,0407010H0AAAMAM,6,20.28
34,K82633,Paracet_Tab 500mg,0407010H0AAAMAM,6,20.28
37,K82015,Paracet_Tab 500mg,0407010H0AAAMAM,44,19.8
36,K82015,Paracet_Tab 500mg,0407010H0AAAMAM,44,19.8
39,K82013,Paracet_Tab 500mg,0407010H0AAAMAM,94,15.040000000000006
38,K82013,Paracet_Tab 500mg,0407010H0AAAMAM,94,15.040000000000006
41,K82057,Paracet_Tab 500mg,0407010H0AAAMAM,2,12.8768
40,K82057,Paracet_Tab 500mg,0407010H0AAAMAM,2,12.8768
42,K82009,Paracet_Tab 500mg,0407010H0AAAMAM,1,12.575
43,K82009,Paracet_Tab 500mg,0407010H0AAAMAM,1,12.575
44,K82013,Paracet_Tab 500mg,0407010H0AAAMAM,4,12.096
45,K82013,Paracet_Tab 500mg,0407010H0AAAMAM,4,12.096
46,K82060,Paracet_Tab 500mg,0407010H0AAAMAM,5,11.312000000000001
47,K82060,Paracet_Tab 500mg,0407010H0AAAMAM,5,11.312000000000001
48,K82009,Paracet_Tab 500mg,0407010H0AAAMAM,6,11.289600000000002
49,K82009,Paracet_Tab 500mg,0407010H0AAAMAM,6,11.289600000000002
51,K82615,Paracet_Tab 500mg,0407010H0AAAMAM,4,11.2896
50,K82615,Paracet_Tab 500mg,0407010H0AAAMAM,4,11.2896
52,K82054,Paracet_Tab 500mg,0407010H0AAAMAM,26,11.211200000000003
53,K82054,Paracet_Tab 500mg,0407010H0AAAMAM,26,11.211200000000003
54,K82032,Paracet_Tab 500mg,0407010H0AAAMAM,80,10.399999999999993
55,K82032,Paracet_Tab 500mg,0407010H0AAAMAM,80,10.399999999999993
56,K82009,Paracet_Tab 500mg,0407010H0AAAMAM,17,10.199999999999998
57,K82009,Paracet_Tab 500mg,0407010H0AAAMAM,17,10.199999999999998
59,K82059,Paracet_Tab 500mg,0407010H0AAAMAM,13,10.140000000000002
58,K82059,Paracet_Tab 500mg,0407010H0AAAMAM,13,10.140000000000002
61,K82050,Paracet_Tab 500mg,0407010H0AAAMAM,21,10.080000000000013
60,K82050,Paracet_Tab 500mg,0407010H0AAAMAM,21,10.080000000000013
62,K82057,Paracet_Tab 500mg,0407010H0AAAMAM,12,10.080000000000005
63,K82057,Paracet_Tab 500mg,0407010H0AAAMAM,12,10.080000000000005
65,K82039,Paracet_Tab 500mg,0407010H0AAAMAM,8,10.08
64,K82039,Paracet_Tab 500mg,0407010H0AAAMAM,8,10.08
66,K82032,Paracet_Tab 500mg,0407010H0AAAMAM,42,10.079999999999997
67,K82067,Paracet_Tab 500mg,0407010H0AAAMAM,14,10.079999999999997
68,K82032,Paracet_Tab 500mg,0407010H0AAAMAM,42,10.079999999999997
69,K82067,Paracet_Tab 500mg,0407010H0AAAMAM,14,10.079999999999997
70,K82067,Paracet_Tab 500mg,0407010H0AAAMAM,67,10.05000000000001
71,K82067,Paracet_Tab 500mg,0407010H0AAAMAM,67,10.05000000000001
72,K82076,Paracet_Tab 500mg,0407010H0AAAMAM,59,10.030000000000001
73,K82076,Paracet_Tab 500mg,0407010H0AAAMAM,59,10.030000000000001
76,K82054,Paracet_Tab 500mg,0407010H0AAAMAM,91,10.010000000000003
77,K82003,Paracet_Tab 500mg,0407010H0AAAMAM,91,10.010000000000003
74,K82003,Paracet_Tab 500mg,0407010H0AAAMAM,91,10.010000000000003
75,K82054,Paracet_Tab 500mg,0407010H0AAAMAM,91,10.010000000000003
79,K82617,Paracet_Tab 500mg,0407010H0AAAMAM,27,9.990000000000006
78,K82617,Paracet_Tab 500mg,0407010H0AAAMAM,27,9.990000000000006
80,K82059,Paracet_Tab 500mg,0407010H0AAAMAM,49,9.800000000000008
81,K82059,Paracet_Tab 500mg,0407010H0AAAMAM,49,9.800000000000008
5,K82026,Paracet_Tab Solb 500mg,0407010H0AAAQAQ,5,9.400000000000006
4,K82026,Paracet_Tab Solb 500mg,0407010H0AAAQAQ,5,9.400000000000006
7,K82016,Paracet_Tab Solb 500mg,0407010H0AAAQAQ,2,9.400000000000002
6,K82016,Paracet_Tab Solb 500mg,0407010H0AAAQAQ,2,9.400000000000002
82,K82026,Paracet_Tab 500mg,0407010H0AAAMAM,1,9.054
83,K82026,Paracet_Tab 500mg,0407010H0AAAMAM,1,9.054
84,K82633,Paracet_Tab 500mg,0407010H0AAAMAM,1,7.545
85,K82633,Paracet_Tab 500mg,0407010H0AAAMAM,1,7.545
86,K82074,Paracet_Tab 500mg,0407010H0AAAMAM,2,6.4384
87,K82074,Paracet_Tab 500mg,0407010H0AAAMAM,2,6.4384
290,K82059,Atorvastatin_Tab 20mg,0212000B0AAABAB,14,5.635000000000001
88,K82016,Paracet_Tab 500mg,0407010H0AAAMAM,111,5.550000000000005
89,K82016,Paracet_Tab 500mg,0407010H0AAAMAM,111,5.550000000000005
90,K82026,Paracet_Tab 500mg,0407010H0AAAMAM,77,5.389999999999994
91,K82026,Paracet_Tab 500mg,0407010H0AAAMAM,77,5.389999999999994
92,K82054,Paracet_Tab 500mg,0407010H0AAAMAM,10,5.050000000000001
93,K82054,Paracet_Tab 500mg,0407010H0AAAMAM,10,5.050000000000001
94,K82064,Paracet_Tab 500mg,0407010H0AAAMAM,14,5.039999999999998
95,K82064,Paracet_Tab 500mg,0407010H0AAAMAM,14,5.039999999999998
97,K82057,Paracet_Tab 500mg,0407010H0AAAMAM,1,4.828799999999999
96,K82057,Paracet_Tab 500mg,0407010H0AAAMAM,1,4.828799999999999
99,K82065,Paracet_Tab 500mg,0407010H0AAAMAM,79,4.739999999999998
98,K82065,Paracet_Tab 500mg,0407010H0AAAMAM,79,4.739999999999998
9,K82032,Paracet_Tab Solb 500mg,0407010H0AAAQAQ,2,4.700000000000001
8,K82032,Paracet_Tab Solb 500mg,0407010H0AAAQAQ,2,4.700000000000001
361,Y02900,Losartan Pot_Tab 50mg,0205052N0AAABAB,12,3.2256000000000005
100,K82610,Paracet_Tab 500mg,0407010H0AAAMAM,3,3.2256
101,K82610,Paracet_Tab 500mg,0407010H0AAAMAM,3,3.2256
10,K82003,Paracet_Tab Solb 500mg,0407010H0AAAQAQ,1,2.6376
11,K82003,Paracet_Tab Solb 500mg,0407010H0AAAQAQ,1,2.6376
102,K82067,Paracet_Tab 500mg,0407010H0AAAMAM,9,2.620800000000002
103,K82067,Paracet_Tab 500mg,0407010H0AAAMAM,9,2.620800000000002
325,K82032,Montelukast_Tab 10mg,0303020G0AAABAB,11,2.002
104,K82615,Paracet_Tab 500mg,0407010H0AAAMAM,28,1.9599999999999977
105,K82615,Paracet_Tab 500mg,0407010H0AAAMAM,28,1.9599999999999977
107,K82025,Paracet_Tab 500mg,0407010H0AAAMAM,87,1.7400000000000198
106,K82025,Paracet_Tab 500mg,0407010H0AAAMAM,87,1.7400000000000198
108,K82060,Paracet_Tab 500mg,0407010H0AAAMAM,1,1.6096
109,K82060,Paracet_Tab 500mg,0407010H0AAAMAM,1,1.6096
110,K82060,Paracet_Tab 500mg,0407010H0AAAMAM,16,1.4400000000000024
111,K82060,Paracet_Tab 500mg,0407010H0AAAMAM,16,1.4400000000000024
113,K82610,Paracet_Tab 500mg,0407010H0AAAMAM,34,0.6800000000000077
112,K82610,Paracet_Tab 500mg,0407010H0AAAMAM,34,0.6800000000000077
114,K82050,Paracet_Tab 500mg,0407010H0AAAMAM,23,0.5151999999999969
115,K82050,Paracet_Tab 500mg,0407010H0AAAMAM,23,0.5151999999999969
116,K82013,Paracet_Tab 500mg,0407010H0AAAMAM,34,0.3807999999999977
117,K82013,Paracet_Tab 500mg,0407010H0AAAMAM,34,0.3807999999999977
118,K82009,Paracet_Tab 500mg,0407010H0AAAMAM,3,0.3023999999999999
119,K82009,Paracet_Tab 500mg,0407010H0AAAMAM,3,0.3023999999999999
121,Y02808,Paracet_Tab 500mg,0407010H0AAAMAM,1,0.23520000000000013
120,Y02808,Paracet_Tab 500mg,0407010H0AAAMAM,1,0.23520000000000013
122,K82615,Paracet_Tab 500mg,0407010H0AAAMAM,11,0.21999999999999867
123,K82615,Paracet_Tab 500mg,0407010H0AAAMAM,11,0.21999999999999867
329,K82060,Donepezil HCl_Tab 10mg,0411000D0AAABAB,1,0.12039999999999995
125,K82003,Paracet_Tab 500mg,0407010H0AAAMAM,15,0.08999999999999946
124,K82003,Paracet_Tab 500mg,0407010H0AAAMAM,15,0.08999999999999946
126,K82003,Paracet_Tab 500mg,0407010H0AAAMAM,1,0.07679999999999998
127,K82003,Paracet_Tab 500mg,0407010H0AAAMAM,1,0.07679999999999998
128,K82027,Paracet_Tab 500mg,0407010H0AAAMAM,11,0.0659999999999996
129,K82027,Paracet_Tab 500mg,0407010H0AAAMAM,11,0.0659999999999996
305,K82026,Memantine HCl_Tab 20mg,0411000G0AAADAD,13,0.06369999999999992
131,K82054,Paracet_Tab 500mg,0407010H0AAAMAM,9,0.05399999999999967
130,K82054,Paracet_Tab 500mg,0407010H0AAAMAM,9,0.05399999999999967
132,K82050,Paracet_Tab 500mg,0407010H0AAAMAM,14,0.03919999999999976
133,K82050,Paracet_Tab 500mg,0407010H0AAAMAM,14,0.03919999999999976
344,K82027,Olanzapine_Tab 20mg,040201060AAAQAQ,6,0.03360000000000096
362,K82065,Losartan Pot_Tab 50mg,0205052N0AAABAB,8,0.033600000000000185
363,K82025,Losartan Pot_Tab 50mg,0205052N0AAABAB,8,0.033600000000000185
134,K82013,Paracet_Tab 500mg,0407010H0AAAMAM,12,0.0335999999999998
135,K82013,Paracet_Tab 500mg,0407010H0AAAMAM,12,0.0335999999999998
345,K82065,Olanzapine_Tab 20mg,040201060AAAQAQ,5,0.028000000000000802
136,K82027,Paracet_Tab 500mg,0407010H0AAAMAM,10,0.02799999999999983
137,K82027,Paracet_Tab 500mg,0407010H0AAAMAM,10,0.02799999999999983
138,K82076,Paracet_Tab 500mg,0407010H0AAAMAM,10,0.02799999999999983
139,K82076,Paracet_Tab 500mg,0407010H0AAAMAM,10,0.02799999999999983
140,K82032,Paracet_Tab 500mg,0407010H0AAAMAM,9,0.025199999999999848
141,K82032,Paracet_Tab 500mg,0407010H0AAAMAM,9,0.025199999999999848
307,K82015,Memantine HCl_Tab 20mg,0411000G0AAADAD,5,0.024499999999999973
306,K82009,Memantine HCl_Tab 20mg,0411000G0AAADAD,5,0.024499999999999973
145,K82039,Paracet_Tab 500mg,0407010H0AAAMAM,4,0.023999999999999855
142,K82039,Paracet_Tab 500mg,0407010H0AAAMAM,4,0.023999999999999855
144,K82610,Paracet_Tab 500mg,0407010H0AAAMAM,4,0.023999999999999855
143,K82610,Paracet_Tab 500mg,0407010H0AAAMAM,4,0.023999999999999855
146,K82013,Paracet_Tab 500mg,0407010H0AAAMAM,1,0.022399999999999975
147,K82013,Paracet_Tab 500mg,0407010H0AAAMAM,1,0.022399999999999975
364,K82059,Losartan Pot_Tab 50mg,0205052N0AAABAB,5,0.021000000000000116
310,K82025,Memantine HCl_Tab 20mg,0411000G0AAADAD,4,0.01959999999999998
309,K82032,Memantine HCl_Tab 20mg,0411000G0AAADAD,4,0.01959999999999998
308,K82076,Memantine HCl_Tab 20mg,0411000G0AAADAD,4,0.01959999999999998
148,K82003,Paracet_Tab 500mg,0407010H0AAAMAM,7,0.01959999999999988
149,K82003,Paracet_Tab 500mg,0407010H0AAAMAM,7,0.01959999999999988
365,K82060,Losartan Pot_Tab 50mg,0205052N0AAABAB,4,0.016800000000000093
156,K82615,Paracet_Tab 500mg,0407010H0AAAMAM,4,0.0167999999999999
150,K82067,Paracet_Tab 500mg,0407010H0AAAMAM,6,0.0167999999999999
151,K82025,Paracet_Tab 500mg,0407010H0AAAMAM,4,0.0167999999999999
152,K82026,Paracet_Tab 500mg,0407010H0AAAMAM,4,0.0167999999999999
153,K82617,Paracet_Tab 500mg,0407010H0AAAMAM,4,0.0167999999999999
154,K82057,Paracet_Tab 500mg,0407010H0AAAMAM,1,0.0167999999999999
155,K82057,Paracet_Tab 500mg,0407010H0AAAMAM,1,0.0167999999999999
158,K82615,Paracet_Tab 500mg,0407010H0AAAMAM,4,0.0167999999999999
159,K82025,Paracet_Tab 500mg,0407010H0AAAMAM,4,0.0167999999999999
160,K82054,Paracet_Tab 500mg,0407010H0AAAMAM,4,0.0167999999999999
161,K82067,Paracet_Tab 500mg,0407010H0AAAMAM,6,0.0167999999999999
162,K82054,Paracet_Tab 500mg,0407010H0AAAMAM,4,0.0167999999999999
163,K82617,Paracet_Tab 500mg,0407010H0AAAMAM,4,0.0167999999999999
157,K82026,Paracet_Tab 500mg,0407010H0AAAMAM,4,0.0167999999999999
312,K82003,Memantine HCl_Tab 20mg,0411000G0AAADAD,3,0.014699999999999984
311,K82050,Memantine HCl_Tab 20mg,0411000G0AAADAD,3,0.014699999999999984
169,K82059,Paracet_Tab 500mg,0407010H0AAAMAM,5,0.013999999999999915
165,K82054,Paracet_Tab 500mg,0407010H0AAAMAM,5,0.013999999999999915
167,K82059,Paracet_Tab 500mg,0407010H0AAAMAM,5,0.013999999999999915
166,K82039,Paracet_Tab 500mg,0407010H0AAAMAM,5,0.013999999999999915
168,K82054,Paracet_Tab 500mg,0407010H0AAAMAM,5,0.013999999999999915
164,K82039,Paracet_Tab 500mg,0407010H0AAAMAM,5,0.013999999999999915
170,K82015,Paracet_Tab 500mg,0407010H0AAAMAM,2,0.011999999999999927
171,K82013,Paracet_Tab 500mg,0407010H0AAAMAM,2,0.011999999999999927
172,K82013,Paracet_Tab 500mg,0407010H0AAAMAM,2,0.011999999999999927
173,K82067,Paracet_Tab 500mg,0407010H0AAAMAM,1,0.011999999999999927
174,K82015,Paracet_Tab 500mg,0407010H0AAAMAM,2,0.011999999999999927
175,K82067,Paracet_Tab 500mg,0407010H0AAAMAM,1,0.011999999999999927
346,Y02900,Olanzapine_Tab 20mg,040201060AAAQAQ,2,0.01120000000000032
181,K82025,Paracet_Tab 500mg,0407010H0AAAMAM,4,0.011199999999999932
176,K82057,Paracet_Tab 500mg,0407010H0AAAMAM,4,0.011199999999999932
177,K82633,Paracet_Tab 500mg,0407010H0AAAMAM,8,0.011199999999999932
178,K82025,Paracet_Tab 500mg,0407010H0AAAMAM,4,0.011199999999999932
183,K82057,Paracet_Tab 500mg,0407010H0AAAMAM,4,0.011199999999999932
179,K82633,Paracet_Tab 500mg,0407010H0AAAMAM,8,0.011199999999999932
180,K82610,Paracet_Tab 500mg,0407010H0AAAMAM,4,0.011199999999999932
182,K82610,Paracet_Tab 500mg,0407010H0AAAMAM,4,0.011199999999999932
291,K82059,Atorvastatin_Tab 20mg,0212000B0AAABAB,2,0.01080000000000031
184,K82065,Paracet_Tab 500mg,0407010H0AAAMAM,5,0.010499999999999936
185,K82065,Paracet_Tab 500mg,0407010H0AAAMAM,5,0.010499999999999936
186,K82633,Paracet_Tab 500mg,0407010H0AAAMAM,3,0.00839999999999995
187,K82617,Paracet_Tab 500mg,0407010H0AAAMAM,3,0.00839999999999995
189,K82633,Paracet_Tab 500mg,0407010H0AAAMAM,2,0.00839999999999995
190,K82633,Paracet_Tab 500mg,0407010H0AAAMAM,3,0.00839999999999995
191,K82617,Paracet_Tab 500mg,0407010H0AAAMAM,3,0.00839999999999995
188,K82633,Paracet_Tab 500mg,0407010H0AAAMAM,2,0.00839999999999995
192,K82026,Paracet_Tab 500mg,0407010H0AAAMAM,5,0.006999999999999958
193,K82026,Paracet_Tab 500mg,0407010H0AAAMAM,5,0.006999999999999958
347,K82059,Olanzapine_Tab 20mg,040201060AAAQAQ,1,0.0060000000000010045
292,K82633,Atorvastatin_Tab 20mg,0212000B0AAABAB,1,0.006000000000000172
194,K82074,Paracet_Tab 500mg,0407010H0AAAMAM,1,0.005999999999999964
195,K82076,Paracet_Tab 500mg,0407010H0AAAMAM,1,0.005999999999999964
196,K82025,Paracet_Tab 500mg,0407010H0AAAMAM,1,0.005999999999999964
197,K82050,Paracet_Tab 500mg,0407010H0AAAMAM,1,0.005999999999999964
198,K82076,Paracet_Tab 500mg,0407010H0AAAMAM,1,0.005999999999999964
199,K82050,Paracet_Tab 500mg,0407010H0AAAMAM,1,0.005999999999999964
200,K82074,Paracet_Tab 500mg,0407010H0AAAMAM,1,0.005999999999999964
201,K82025,Paracet_Tab 500mg,0407010H0AAAMAM,1,0.005999999999999964
350,K82064,Olanzapine_Tab 20mg,040201060AAAQAQ,1,0.00560000000000016
349,K82050,Olanzapine_Tab 20mg,040201060AAAQAQ,1,0.00560000000000016
348,K82610,Olanzapine_Tab 20mg,040201060AAAQAQ,1,0.00560000000000016
206,K82064,Paracet_Tab 500mg,0407010H0AAAMAM,2,0.005599999999999966
204,K82064,Paracet_Tab 500mg,0407010H0AAAMAM,2,0.005599999999999966
207,K82076,Paracet_Tab 500mg,0407010H0AAAMAM,4,0.005599999999999966
205,K82076,Paracet_Tab 500mg,0407010H0AAAMAM,4,0.005599999999999966
202,K82015,Paracet_Tab 500mg,0407010H0AAAMAM,2,0.005599999999999966
203,K82015,Paracet_Tab 500mg,0407010H0AAAMAM,2,0.005599999999999966
208,K82015,Paracet_Tab 500mg,0407010H0AAAMAM,1,0.004199999999999975
209,K82015,Paracet_Tab 500mg,0407010H0AAAMAM,1,0.004199999999999975
339,K82610,Valaciclovir_Tab 500mg,0503021A0AAAAAA,1,0.0041999999999995374
210,K82050,Paracet_Tab 500mg,0407010H0AAAMAM,1,0.0040000000000000105
211,K82050,Paracet_Tab 500mg,0407010H0AAAMAM,1,0.0040000000000000105
330,K82026,Donepezil HCl_Tab 10mg,0411000D0AAABAB,1,0.003600000000000006
219,K82059,Paracet_Tab 500mg,0407010H0AAAMAM,1,0.002999999999999982
220,K82064,Paracet_Tab 500mg,0407010H0AAAMAM,1,0.002999999999999982
221,K82032,Paracet_Tab 500mg,0407010H0AAAMAM,1,0.002999999999999982
223,K82039,Paracet_Tab 500mg,0407010H0AAAMAM,1,0.002999999999999982
222,K82064,Paracet_Tab 500mg,0407010H0AAAMAM,1,0.002999999999999982
217,K82032,Paracet_Tab 500mg,0407010H0AAAMAM,1,0.002999999999999982
218,Y02900,Paracet_Tab 500mg,0407010H0AAAMAM,1,0.002999999999999982
214,K82013,Paracet_Tab 500mg,0407010H0AAAMAM,1,0.002999999999999982
216,K82013,Paracet_Tab 500mg,0407010H0AAAMAM,1,0.002999999999999982
215,Y02900,Paracet_Tab 500mg,0407010H0AAAMAM,1,0.002999999999999982
213,K82039,Paracet_Tab 500mg,0407010H0AAAMAM,1,0.002999999999999982
212,K82059,Paracet_Tab 500mg,0407010H0AAAMAM,1,0.002999999999999982
341,K82615,Riluzole_Tab 50mg,0409030R0AAAAAA,1,0.0027999999999996916
293,K82057,Atorvastatin_Tab 20mg,0212000B0AAABAB,1,0.0026000000000000745
313,K82067,Memantine HCl_Tab 20mg,0411000G0AAADAD,1,0.0017000000000000487
224,K82067,Paracet_Tab 500mg,0407010H0AAAMAM,1,-0.0011999999999999997
225,K82067,Paracet_Tab 500mg,0407010H0AAAMAM,1,-0.0011999999999999997
294,K82050,Atorvastatin_Tab 20mg,0212000B0AAABAB,1,-0.0022999999999999063
351,K82067,Olanzapine_Tab 20mg,040201060AAAQAQ,1,-0.0027999999999996916
366,Y02808,Losartan Pot_Tab 50mg,0205052N0AAABAB,1,-0.0028000000000000073
12,K82026,Paracet_Tab Solb 500mg,0407010H0AAAQAQ,1,-0.0029999999999996696
13,K82026,Paracet_Tab Solb 500mg,0407010H0AAAQAQ,1,-0.0029999999999996696
295,K82633,Atorvastatin_Tab 20mg,0212000B0AAABAB,1,-0.0029999999999998778
296,K82050,Atorvastatin_Tab 20mg,0212000B0AAABAB,1,-0.0033999999999999794
229,K82074,Paracet_Tab 500mg,0407010H0AAAMAM,1,-0.004799999999999971
228,Y02808,Paracet_Tab 500mg,0407010H0AAAMAM,1,-0.004799999999999971
227,K82074,Paracet_Tab 500mg,0407010H0AAAMAM,1,-0.004799999999999971
226,Y02808,Paracet_Tab 500mg,0407010H0AAAMAM,1,-0.004799999999999971
231,K82060,Paracet_Tab 500mg,0407010H0AAAMAM,1,-0.005599999999999966
230,K82060,Paracet_Tab 500mg,0407010H0AAAMAM,1,-0.005599999999999966
367,K82003,Losartan Pot_Tab 50mg,0205052N0AAABAB,2,-0.005600000000000015
16,K82065,Paracet_Tab Solb 500mg,0407010H0AAAQAQ,1,-0.005999999999999339
17,K82059,Paracet_Tab Solb 500mg,0407010H0AAAQAQ,1,-0.005999999999999339
15,K82059,Paracet_Tab Solb 500mg,0407010H0AAAQAQ,1,-0.005999999999999339
14,K82065,Paracet_Tab Solb 500mg,0407010H0AAAQAQ,1,-0.005999999999999339
370,K82009,Losartan Pot_Tab 50mg,0205052N0AAABAB,1,-0.005999999999999964
233,K82050,Paracet_Tab 500mg,0407010H0AAAMAM,3,-0.005999999999999964
368,K82032,Losartan Pot_Tab 50mg,0205052N0AAABAB,1,-0.005999999999999964
232,K82050,Paracet_Tab 500mg,0407010H0AAAMAM,3,-0.005999999999999964
369,K82039,Losartan Pot_Tab 50mg,0205052N0AAABAB,1,-0.005999999999999964
371,K82062,Losartan Pot_Tab 50mg,0205052N0AAABAB,1,-0.006399999999999961
372,K82057,Losartan Pot_Tab 50mg,0205052N0AAABAB,3,-0.008400000000000022
333,K82054,Donepezil HCl_Tab 10mg,0411000D0AAABAB,4,-0.008400000000000046
332,K82025,Donepezil HCl_Tab 10mg,0411000D0AAABAB,4,-0.008400000000000046
331,K82039,Donepezil HCl_Tab 10mg,0411000D0AAABAB,4,-0.008400000000000046
352,K82013,Olanzapine_Tab 20mg,040201060AAAQAQ,4,-0.011199999999998766
353,K82065,Olanzapine_Tab 20mg,040201060AAAQAQ,4,-0.011199999999998766
354,K82076,Olanzapine_Tab 20mg,040201060AAAQAQ,4,-0.011199999999998766
373,K82009,Losartan Pot_Tab 50mg,0205052N0AAABAB,4,-0.01120000000000003
375,K82610,Losartan Pot_Tab 50mg,0205052N0AAABAB,4,-0.01120000000000003
374,K82059,Losartan Pot_Tab 50mg,0205052N0AAABAB,4,-0.01120000000000003
376,K82015,Losartan Pot_Tab 50mg,0205052N0AAABAB,5,-0.014000000000000037
377,K82027,Losartan Pot_Tab 50mg,0205052N0AAABAB,5,-0.014000000000000037
234,K82631,Paracet_Tab 500mg,0407010H0AAAMAM,3,-0.0167999999999999
235,K82631,Paracet_Tab 500mg,0407010H0AAAMAM,3,-0.0167999999999999
236,K82059,Paracet_Tab 500mg,0407010H0AAAMAM,3,-0.0167999999999999
237,K82059,Paracet_Tab 500mg,0407010H0AAAMAM,3,-0.0167999999999999
334,K82067,Donepezil HCl_Tab 10mg,0411000D0AAABAB,8,-0.016800000000000093
335,K82026,Donepezil HCl_Tab 10mg,0411000D0AAABAB,8,-0.016800000000000093
19,K82054,Paracet_Tab Solb 500mg,0407010H0AAAQAQ,3,-0.017999999999998018
18,K82054,Paracet_Tab Solb 500mg,0407010H0AAAQAQ,3,-0.017999999999998018
378,K82054,Losartan Pot_Tab 50mg,0205052N0AAABAB,7,-0.01960000000000005
379,K82050,Losartan Pot_Tab 50mg,0205052N0AAABAB,7,-0.01960000000000005
239,K82617,Paracet_Tab 500mg,0407010H0AAAMAM,4,-0.022399999999999864
241,K82617,Paracet_Tab 500mg,0407010H0AAAMAM,4,-0.022399999999999864
238,K82057,Paracet_Tab 500mg,0407010H0AAAMAM,4,-0.022399999999999864
240,K82057,Paracet_Tab 500mg,0407010H0AAAMAM,4,-0.022399999999999864
380,K82067,Losartan Pot_Tab 50mg,0205052N0AAABAB,8,-0.02240000000000006
336,K82633,Donepezil HCl_Tab 10mg,0411000D0AAABAB,11,-0.023100000000000127
337,K82015,Donepezil HCl_Tab 10mg,0411000D0AAABAB,12,-0.02520000000000014
381,K82032,Losartan Pot_Tab 50mg,0205052N0AAABAB,12,-0.03360000000000009
382,K82633,Losartan Pot_Tab 50mg,0205052N0AAABAB,12,-0.03360000000000009
244,K82610,Paracet_Tab 500mg,0407010H0AAAMAM,7,-0.03919999999999976
245,K82016,Paracet_Tab 500mg,0407010H0AAAMAM,7,-0.03919999999999976
242,K82610,Paracet_Tab 500mg,0407010H0AAAMAM,7,-0.03919999999999976
243,K82016,Paracet_Tab 500mg,0407010H0AAAMAM,7,-0.03919999999999976
247,K82633,Paracet_Tab 500mg,0407010H0AAAMAM,8,-0.04479999999999973
246,K82633,Paracet_Tab 500mg,0407010H0AAAMAM,8,-0.04479999999999973
383,K82039,Losartan Pot_Tab 50mg,0205052N0AAABAB,17,-0.04760000000000013
248,K82074,Paracet_Tab 500mg,0407010H0AAAMAM,9,-0.050399999999999695
249,K82074,Paracet_Tab 500mg,0407010H0AAAMAM,9,-0.050399999999999695
384,K82013,Losartan Pot_Tab 50mg,0205052N0AAABAB,18,-0.05040000000000013
385,K82065,Losartan Pot_Tab 50mg,0205052N0AAABAB,19,-0.053200000000000136
251,K82076,Paracet_Tab 500mg,0407010H0AAAMAM,10,-0.05599999999999966
250,K82076,Paracet_Tab 500mg,0407010H0AAAMAM,10,-0.05599999999999966
252,K82050,Paracet_Tab 500mg,0407010H0AAAMAM,15,-0.08399999999999949
253,K82050,Paracet_Tab 500mg,0407010H0AAAMAM,15,-0.08399999999999949
254,K82003,Paracet_Tab 500mg,0407010H0AAAMAM,16,-0.08959999999999946
255,K82003,Paracet_Tab 500mg,0407010H0AAAMAM,16,-0.08959999999999946
386,K82026,Losartan Pot_Tab 50mg,0205052N0AAABAB,32,-0.08960000000000024
256,K82026,Paracet_Tab 500mg,0407010H0AAAMAM,17,-0.09519999999999942
257,K82039,Paracet_Tab 500mg,0407010H0AAAMAM,17,-0.09519999999999942
258,K82039,Paracet_Tab 500mg,0407010H0AAAMAM,17,-0.09519999999999942
259,K82026,Paracet_Tab 500mg,0407010H0AAAMAM,17,-0.09519999999999942
261,K82015,Paracet_Tab 500mg,0407010H0AAAMAM,18,-0.10079999999999939
260,K82015,Paracet_Tab 500mg,0407010H0AAAMAM,18,-0.10079999999999939
387,K82025,Losartan Pot_Tab 50mg,0205052N0AAABAB,39,-0.10920000000000028
263,K82032,Paracet_Tab 500mg,0407010H0AAAMAM,20,-0.11199999999999932
262,K82032,Paracet_Tab 500mg,0407010H0AAAMAM,20,-0.11199999999999932
264,K82027,Paracet_Tab 500mg,0407010H0AAAMAM,21,-0.11759999999999929
265,K82027,Paracet_Tab 500mg,0407010H0AAAMAM,21,-0.11759999999999929
267,K82065,Paracet_Tab 500mg,0407010H0AAAMAM,23,-0.12879999999999922
266,K82065,Paracet_Tab 500mg,0407010H0AAAMAM,23,-0.12879999999999922
268,K82025,Paracet_Tab 500mg,0407010H0AAAMAM,27,-0.15119999999999909
269,K82025,Paracet_Tab 500mg,0407010H0AAAMAM,27,-0.15119999999999909
270,K82013,Paracet_Tab 500mg,0407010H0AAAMAM,28,-0.15679999999999905
271,K82013,Paracet_Tab 500mg,0407010H0AAAMAM,28,-0.15679999999999905
272,K82067,Paracet_Tab 500mg,0407010H0AAAMAM,44,-0.2463999999999985
273,K82067,Paracet_Tab 500mg,0407010H0AAAMAM,44,-0.2463999999999985
314,K82016,Memantine HCl_Tab 20mg,0411000G0AAADAD,2,-0.42559999999999976
274,K82027,Paracet_Tab 500mg,0407010H0AAAMAM,34,-0.6799999999999959
275,K82027,Paracet_Tab 500mg,0407010H0AAAMAM,34,-0.6799999999999959
