,practice_code,bnf_description,bnf_code,items,excess_cost
0,H82006,Clonazepam_Tab 500mcg,0408010F0AAABAB,6,4.519999999999991
1,H82006,Clopidogrel_Tab 75mg,0209000C0AAAAAA,93,8.894899999999998
2,H82006,Mesalazine_Tab E/C 400mg,0105010B0AAAAAA,1,-25.667999999999996
3,H82006,Paracet_Tab 500mg,0407010H0AAAMAM,46,17.657600000000013
4,H82007,Aripiprazole_Tab 10mg,0402010ADAAAAAA,4,-0.005699999999999789
5,H82007,Clonazepam_Tab 500mcg,0408010F0AAABAB,16,14.366799999999968
6,H82007,Clopidogrel_Tab 75mg,0209000C0AAAAAA,60,8.775199999999996
7,H82007,Hydrocort_Tab 10mg,0603020J0AAADAD,1,-0.011199999999998766
8,H82007,Memantine HCl_Tab 20mg,0411000G0AAADAD,13,127.80039999999998
9,H82007,Paracet_Tab 500mg,0407010H0AAAMAM,512,102.18800000000006
10,H82009,Aripiprazole_Tab 10mg,0402010ADAAAAAA,12,0.05320000000000269
11,H82009,Atorvastatin_Tab 10mg,0212000B0AAAAAA,21,0.04410000000000024
12,H82009,Clonazepam_Tab 500mcg,0408010F0AAABAB,14,8.520199999999983
13,H82009,Clopidogrel_Tab 75mg,0209000C0AAAAAA,34,0.1665999999999998
14,H82009,Paracet_Tab 500mg,0407010H0AAAMAM,66,-0.05999999999999964
15,H82011,Aripiprazole_Tab 10mg,0402010ADAAAAAA,1,0.00560000000000016
16,H82011,Clonazepam_Tab 500mcg,0408010F0AAABAB,19,15.774799999999967
17,H82011,Clopidogrel_Tab 75mg,0209000C0AAAAAA,56,0.2743999999999997
18,H82011,Mesalazine_Tab E/C 400mg,0105010B0AAAAAA,4,11.995200000000006
19,H82011,Paracet_Tab 500mg,0407010H0AAAMAM,214,12.58720000000002
20,H82013,Aripiprazole_Tab 10mg,0402010ADAAAAAA,4,0.02240000000000064
21,H82013,Atorvastatin_Tab 10mg,0212000B0AAAAAA,220,11.590600000000004
22,H82013,Clonazepam_Tab 500mcg,0408010F0AAABAB,39,9.92139999999998
23,H82013,Clopidogrel_Tab 75mg,0209000C0AAAAAA,39,0.18289999999999973
24,H82013,Memantine HCl_Tab 20mg,0411000G0AAADAD,13,0.06369999999999992
25,H82013,Mesalazine_Tab E/C 400mg,0105010B0AAAAAA,5,-15.97119999999999
26,H82013,Montelukast_Tab 10mg,0303020G0AAABAB,25,0.9799999999999989
27,H82013,Paracet_Tab 500mg,0407010H0AAAMAM,402,25.927999999999983
28,H82014,Aripiprazole_Tab 10mg,0402010ADAAAAAA,8,0.01400000000000079
29,H82014,Atorvastatin_Tab 10mg,0212000B0AAAAAA,20,0.04200000000000023
30,H82014,Atorvastatin_Tab 20mg,0212000B0AAABAB,125,45.50000000000004
31,H82014,Clonazepam_Tab 500mcg,0408010F0AAABAB,11,9.217999999999982
32,H82014,Clopidogrel_Tab 75mg,0209000C0AAAAAA,38,0.1861999999999998
33,H82014,Memantine HCl_Tab 20mg,0411000G0AAADAD,6,0.029399999999999968
34,H82014,Paracet_Tab 500mg,0407010H0AAAMAM,286,36.18240000000005
35,H82015,Atorvastatin_Tab 10mg,0212000B0AAAAAA,6,0.01260000000000007
36,H82015,Clonazepam_Tab 500mcg,0408010F0AAABAB,6,3.977599999999992
37,H82015,Clopidogrel_Tab 75mg,0209000C0AAAAAA,8,0.03919999999999996
38,H82015,Mesalazine_Tab E/C 400mg,0105010B0AAAAAA,1,-34.224
39,H82015,Paracet_Tab 500mg,0407010H0AAAMAM,18,0.03839999999999977
40,H82016,Aripiprazole_Tab 10mg,0402010ADAAAAAA,5,0.028000000000000802
41,H82016,Atorvastatin_Tab 10mg,0212000B0AAAAAA,56,34.913199999999996
42,H82016,Atorvastatin_Tab 20mg,0212000B0AAABAB,45,22.554
43,H82016,Clonazepam_Tab 500mcg,0408010F0AAABAB,11,8.817999999999982
44,H82016,Clopidogrel_Tab 75mg,0209000C0AAAAAA,67,8.770299999999994
45,H82016,Hydrocort_Tab 10mg,0603020J0AAADAD,3,223.09279999999998
46,H82016,Mesalazine_Tab E/C 400mg,0105010B0AAAAAA,2,-19.108399999999996
47,H82016,Montelukast_Tab 10mg,0303020G0AAABAB,24,24.393600000000003
48,H82016,Paracet_Tab 500mg,0407010H0AAAMAM,58,1.2663999999999924
49,H82020,Aripiprazole_Tab 10mg,0402010ADAAAAAA,2,174.4624
50,H82020,Atorvastatin_Tab 10mg,0212000B0AAAAAA,32,11.611600000000001
51,H82020,Clonazepam_Tab 500mcg,0408010F0AAABAB,13,10.093999999999985
52,H82020,Clopidogrel_Tab 75mg,0209000C0AAAAAA,79,8.875999999999992
53,H82020,Montelukast_Tab 10mg,0303020G0AAABAB,20,54.84289999999999
54,H82020,Paracet_Tab 500mg,0407010H0AAAMAM,248,56.711200000000034
55,H82021,Clonazepam_Tab 500mcg,0408010F0AAABAB,9,6.350599999999988
56,H82021,Hydrocort_Tab 10mg,0603020J0AAADAD,1,-0.011199999999998766
57,H82021,Mesalazine_Tab E/C 400mg,0105010B0AAAAAA,2,64.16999999999999
58,H82021,Paracet_Tab 500mg,0407010H0AAAMAM,2,0.011999999999999927
59,H82022,Atorvastatin_Tab 10mg,0212000B0AAAAAA,65,23.199800000000003
60,H82022,Atorvastatin_Tab 20mg,0212000B0AAABAB,1,0.006000000000000172
61,H82022,Clonazepam_Tab 500mcg,0408010F0AAABAB,9,7.096399999999986
62,H82022,Hydrocort_Tab 10mg,0603020J0AAADAD,3,-0.0021999999999997577
63,H82022,Paracet_Tab 500mg,0407010H0AAAMAM,74,22.223200000000023
64,H82023,Atorvastatin_Tab 10mg,0212000B0AAAAAA,4,0.008400000000000046
65,H82023,Clonazepam_Tab 500mcg,0408010F0AAABAB,20,9.42919999999998
66,H82023,Clopidogrel_Tab 75mg,0209000C0AAAAAA,4,0.01959999999999998
67,H82023,Hydrocort_Tab 10mg,0603020J0AAADAD,1,-0.0039999999999995595
68,H82023,Mesalazine_Tab E/C 400mg,0105010B0AAAAAA,1,34.224
69,H82023,Paracet_Tab 500mg,0407010H0AAAMAM,16,-0.0663999999999996
70,H82029,Atorvastatin_Tab 10mg,0212000B0AAAAAA,24,0.05040000000000028
71,H82029,Clonazepam_Tab 500mcg,0408010F0AAABAB,23,12.92719999999997
72,H82029,Clopidogrel_Tab 75mg,0209000C0AAAAAA,39,0.1910999999999998
73,H82029,Paracet_Tab 500mg,0407010H0AAAMAM,116,-0.1335999999999992
74,H82030,Atorvastatin_Tab 10mg,0212000B0AAAAAA,196,116.13000000000001
75,H82030,Atorvastatin_Tab 20mg,0212000B0AAABAB,404,762.5057
76,H82030,Clonazepam_Tab 500mcg,0408010F0AAABAB,34,12.768999999999973
77,H82030,Clopidogrel_Tab 75mg,0209000C0AAAAAA,223,53.1237
78,H82030,Hydrocort_Tab 10mg,0603020J0AAADAD,11,104.835
79,H82030,Memantine HCl_Tab 20mg,0411000G0AAADAD,25,63.9856
80,H82030,Paracet_Tab 500mg,0407010H0AAAMAM,388,98.82920000000007
81,H82031,Atorvastatin_Tab 10mg,0212000B0AAAAAA,8,0.016800000000000093
82,H82031,Atorvastatin_Tab 20mg,0212000B0AAABAB,12,22.520400000000002
83,H82031,Clonazepam_Tab 500mcg,0408010F0AAABAB,1,0.31639999999999935
84,H82031,Clopidogrel_Tab 75mg,0209000C0AAAAAA,45,22.018499999999996
85,H82031,Hydrocort_Tab 10mg,0603020J0AAADAD,1,-7.583999999999998
86,H82031,Memantine HCl_Tab 20mg,0411000G0AAADAD,8,63.91840000000001
87,H82031,Mesalazine_Tab E/C 400mg,0105010B0AAAAAA,1,-51.33599999999999
88,H82031,Paracet_Tab 500mg,0407010H0AAAMAM,44,-0.0335999999999998
89,H82032,Atorvastatin_Tab 10mg,0212000B0AAAAAA,1,0.004200000000000023
90,H82032,Atorvastatin_Tab 20mg,0212000B0AAABAB,238,23.03000000000002
91,H82032,Clonazepam_Tab 500mcg,0408010F0AAABAB,10,10.148599999999979
92,H82032,Memantine HCl_Tab 20mg,0411000G0AAADAD,5,63.896
93,H82032,Montelukast_Tab 10mg,0303020G0AAABAB,35,24.401999999999997
94,H82032,Paracet_Tab 500mg,0407010H0AAAMAM,244,151.25760000000005
95,H82034,Aripiprazole_Tab 10mg,0402010ADAAAAAA,7,87.23960000000001
96,H82034,Atorvastatin_Tab 10mg,0212000B0AAAAAA,66,61.221900000000005
97,H82034,Atorvastatin_Tab 20mg,0212000B0AAABAB,374,135.78880000000007
98,H82034,Clonazepam_Tab 500mcg,0408010F0AAABAB,22,8.463699999999982
99,H82034,Clopidogrel_Tab 75mg,0209000C0AAAAAA,183,18.173399999999994
100,H82034,Hydrocort_Tab 10mg,0603020J0AAADAD,2,4.620799999999997
101,H82034,Memantine HCl_Tab 20mg,0411000G0AAADAD,7,0.03429999999999996
102,H82034,Paracet_Tab 500mg,0407010H0AAAMAM,876,116.7988000000002
103,H82037,Aripiprazole_Tab 10mg,0402010ADAAAAAA,1,0.00560000000000016
104,H82037,Atorvastatin_Tab 10mg,0212000B0AAAAAA,148,209.1022
105,H82037,Atorvastatin_Tab 20mg,0212000B0AAABAB,328,428.736
106,H82037,Clonazepam_Tab 500mcg,0408010F0AAABAB,14,8.542599999999986
107,H82037,Clopidogrel_Tab 75mg,0209000C0AAAAAA,141,34.96919999999999
108,H82037,Hydrocort_Tab 10mg,0603020J0AAADAD,7,6.774000000000003
109,H82037,Mesalazine_Tab E/C 400mg,0105010B0AAAAAA,2,17.088
110,H82037,Paracet_Tab 500mg,0407010H0AAAMAM,612,103.33280000000005
111,H82038,Aripiprazole_Tab 10mg,0402010ADAAAAAA,5,0.028000000000000802
112,H82038,Atorvastatin_Tab 10mg,0212000B0AAAAAA,3,0.006300000000000035
113,H82038,Atorvastatin_Tab 20mg,0212000B0AAABAB,143,135.33520000000004
114,H82038,Clonazepam_Tab 500mcg,0408010F0AAABAB,6,2.947899999999993
115,H82038,Hydrocort_Tab 10mg,0603020J0AAADAD,1,-0.011199999999998766
116,H82038,Montelukast_Tab 10mg,0303020G0AAABAB,37,49.672
117,H82038,Paracet_Tab 500mg,0407010H0AAAMAM,186,33.18319999999997
118,H82039,Atorvastatin_Tab 10mg,0212000B0AAAAAA,20,46.480000000000004
119,H82039,Atorvastatin_Tab 20mg,0212000B0AAABAB,197,67.83000000000001
120,H82039,Clonazepam_Tab 500mcg,0408010F0AAABAB,10,6.192399999999987
121,H82039,Clopidogrel_Tab 75mg,0209000C0AAAAAA,4,0.01959999999999998
122,H82039,Paracet_Tab 500mg,0407010H0AAAMAM,98,120.38519999999998
123,H82041,Aripiprazole_Tab 10mg,0402010ADAAAAAA,17,0.03360000000000174
124,H82041,Atorvastatin_Tab 10mg,0212000B0AAAAAA,7,0.014700000000000081
125,H82041,Clonazepam_Tab 500mcg,0408010F0AAABAB,21,12.023199999999974
126,H82041,Clopidogrel_Tab 75mg,0209000C0AAAAAA,42,0.20579999999999976
127,H82041,Hydrocort_Tab 10mg,0603020J0AAADAD,1,0.004499999999999504
128,H82041,Mesalazine_Tab E/C 400mg,0105010B0AAAAAA,1,25.667999999999996
129,H82041,Paracet_Tab 500mg,0407010H0AAAMAM,8,0.022399999999999864
130,H82042,Aripiprazole_Tab 10mg,0402010ADAAAAAA,13,-0.020999999999998853
131,H82042,Atorvastatin_Tab 10mg,0212000B0AAAAAA,141,58.12799999999999
132,H82042,Atorvastatin_Tab 20mg,0212000B0AAABAB,284,45.32640000000003
133,H82042,Clonazepam_Tab 500mcg,0408010F0AAABAB,21,7.248999999999986
134,H82042,Clopidogrel_Tab 75mg,0209000C0AAAAAA,235,18.113899999999994
135,H82042,Hydrocort_Tab 10mg,0603020J0AAADAD,2,0.0004999999999999449
136,H82042,Memantine HCl_Tab 20mg,0411000G0AAADAD,17,0.0832999999999999
137,H82042,Mesalazine_Tab E/C 400mg,0105010B0AAAAAA,1,-31.942399999999996
138,H82042,Paracet_Tab 500mg,0407010H0AAAMAM,492,81.91200000000009
139,H82043,Atorvastatin_Tab 10mg,0212000B0AAAAAA,1,0.004200000000000023
140,H82043,Clonazepam_Tab 500mcg,0408010F0AAABAB,17,9.96659999999998
141,H82043,Clopidogrel_Tab 75mg,0209000C0AAAAAA,1,0.0040000000000000036
142,H82043,Hydrocort_Tab 10mg,0603020J0AAADAD,1,-0.011199999999998766
143,H82043,Mesalazine_Tab E/C 400mg,0105010B0AAAAAA,2,31.9424
144,H82045,Aripiprazole_Tab 10mg,0402010ADAAAAAA,17,0.03360000000000174
145,H82045,Atorvastatin_Tab 10mg,0212000B0AAAAAA,60,0.1260000000000007
146,H82045,Clonazepam_Tab 500mcg,0408010F0AAABAB,64,24.14539999999995
147,H82045,Clopidogrel_Tab 75mg,0209000C0AAAAAA,184,0.9015999999999991
148,H82045,Hydrocort_Tab 10mg,0603020J0AAADAD,2,-0.022399999999997533
149,H82045,Memantine HCl_Tab 20mg,0411000G0AAADAD,13,0.05519999999999996
150,H82045,Mesalazine_Tab E/C 400mg,0105010B0AAAAAA,3,15.9712
151,H82045,Paracet_Tab 500mg,0407010H0AAAMAM,170,-0.7083999999999958
152,H82046,Aripiprazole_Tab 10mg,0402010ADAAAAAA,4,-0.008399999999999852
153,H82046,Atorvastatin_Tab 10mg,0212000B0AAAAAA,76,46.54370000000001
154,H82046,Atorvastatin_Tab 20mg,0212000B0AAABAB,124,90.2388
155,H82046,Clonazepam_Tab 500mcg,0408010F0AAABAB,8,4.050399999999991
156,H82046,Clopidogrel_Tab 75mg,0209000C0AAAAAA,102,35.21349999999998
157,H82046,Hydrocort_Tab 10mg,0603020J0AAADAD,1,-0.013999999999998458
158,H82046,Memantine HCl_Tab 20mg,0411000G0AAADAD,4,0.01959999999999998
159,H82046,Mesalazine_Tab E/C 400mg,0105010B0AAAAAA,1,-31.942399999999996
160,H82046,Montelukast_Tab 10mg,0303020G0AAABAB,10,2.0159999999999996
161,H82046,Paracet_Tab 500mg,0407010H0AAAMAM,36,-0.0499999999999997
162,H82048,Atorvastatin_Tab 10mg,0212000B0AAAAAA,10,0.021000000000000116
163,H82048,Clonazepam_Tab 500mcg,0408010F0AAABAB,14,6.9607999999999866
164,H82048,Memantine HCl_Tab 20mg,0411000G0AAADAD,8,0.03919999999999996
165,H82048,Mesalazine_Tab E/C 400mg,0105010B0AAAAAA,3,-17.135999999999996
166,H82048,Paracet_Tab 500mg,0407010H0AAAMAM,4,-0.022399999999999864
167,H82049,Atorvastatin_Tab 10mg,0212000B0AAAAAA,16,0.033600000000000185
168,H82049,Clonazepam_Tab 500mcg,0408010F0AAABAB,9,5.141499999999989
169,H82049,Clopidogrel_Tab 75mg,0209000C0AAAAAA,22,0.10779999999999988
170,H82049,Hydrocort_Tab 10mg,0603020J0AAADAD,1,2.315999999999998
171,H82049,Memantine HCl_Tab 20mg,0411000G0AAADAD,5,191.70200000000003
172,H82049,Montelukast_Tab 10mg,0303020G0AAABAB,8,24.3712
173,H82049,Paracet_Tab 500mg,0407010H0AAAMAM,216,73.59320000000001
174,H82051,Aripiprazole_Tab 10mg,0402010ADAAAAAA,4,0.02240000000000064
175,H82051,Atorvastatin_Tab 10mg,0212000B0AAAAAA,21,0.046200000000000255
176,H82051,Clonazepam_Tab 500mcg,0408010F0AAABAB,13,4.583699999999986
177,H82051,Clopidogrel_Tab 75mg,0209000C0AAAAAA,58,0.2841999999999997
178,H82051,Memantine HCl_Tab 20mg,0411000G0AAADAD,13,0.06369999999999992
179,H82051,Paracet_Tab 500mg,0407010H0AAAMAM,42,-0.08959999999999946
180,H82055,Aripiprazole_Tab 10mg,0402010ADAAAAAA,7,0.03920000000000112
181,H82055,Atorvastatin_Tab 10mg,0212000B0AAAAAA,16,0.033600000000000185
182,H82055,Clonazepam_Tab 500mcg,0408010F0AAABAB,13,7.593599999999985
183,H82055,Clopidogrel_Tab 75mg,0209000C0AAAAAA,69,0.3380999999999996
184,H82055,Memantine HCl_Tab 20mg,0411000G0AAADAD,6,0.029399999999999968
185,H82055,Mesalazine_Tab E/C 400mg,0105010B0AAAAAA,4,87.84159999999999
186,H82055,Paracet_Tab 500mg,0407010H0AAAMAM,124,-0.40239999999999754
187,H82058,Aripiprazole_Tab 10mg,0402010ADAAAAAA,21,-0.007199999999998985
188,H82058,Atorvastatin_Tab 10mg,0212000B0AAAAAA,127,69.91709999999999
189,H82058,Clonazepam_Tab 500mcg,0408010F0AAABAB,22,8.940399999999983
190,H82058,Clopidogrel_Tab 75mg,0209000C0AAAAAA,104,58.44230000000001
191,H82058,Hydrocort_Tab 10mg,0603020J0AAADAD,2,-0.022399999999997533
192,H82058,Memantine HCl_Tab 20mg,0411000G0AAADAD,27,63.9044
193,H82058,Paracet_Tab 500mg,0407010H0AAAMAM,456,149.99200000000008
194,H82059,Atorvastatin_Tab 10mg,0212000B0AAAAAA,42,0.08820000000000049
195,H82059,Atorvastatin_Tab 20mg,0212000B0AAABAB,161,22.54000000000002
196,H82059,Clonazepam_Tab 500mcg,0408010F0AAABAB,26,15.197099999999969
197,H82059,Clopidogrel_Tab 75mg,0209000C0AAAAAA,136,0.6663999999999992
198,H82059,Hydrocort_Tab 10mg,0603020J0AAADAD,1,-0.011199999999998766
199,H82059,Memantine HCl_Tab 20mg,0411000G0AAADAD,12,63.9072
200,H82059,Montelukast_Tab 10mg,0303020G0AAABAB,20,24.360000000000003
201,H82059,Paracet_Tab 500mg,0407010H0AAAMAM,312,8.61679999999998
202,H82060,Aripiprazole_Tab 10mg,0402010ADAAAAAA,6,-0.012599999999999778
203,H82060,Atorvastatin_Tab 10mg,0212000B0AAAAAA,109,11.474400000000005
204,H82060,Atorvastatin_Tab 20mg,0212000B0AAABAB,227,22.881600000000038
205,H82060,Clonazepam_Tab 500mcg,0408010F0AAABAB,10,7.6613999999999844
206,H82060,Clopidogrel_Tab 75mg,0209000C0AAAAAA,66,0.32339999999999963
207,H82060,Memantine HCl_Tab 20mg,0411000G0AAADAD,15,0.07349999999999993
208,H82060,Mesalazine_Tab E/C 400mg,0105010B0AAAAAA,3,99.24959999999999
209,H82060,Paracet_Tab 500mg,0407010H0AAAMAM,174,26.442400000000024
210,H82061,Atorvastatin_Tab 10mg,0212000B0AAAAAA,23,0.048300000000000266
211,H82061,Clonazepam_Tab 500mcg,0408010F0AAABAB,6,2.892799999999994
212,H82061,Clopidogrel_Tab 75mg,0209000C0AAAAAA,38,0.1861999999999998
213,H82061,Paracet_Tab 500mg,0407010H0AAAMAM,18,0.04419999999999973
214,H82065,Atorvastatin_Tab 10mg,0212000B0AAAAAA,2,0.004200000000000023
215,H82065,Clonazepam_Tab 500mcg,0408010F0AAABAB,13,9.039999999999981
216,H82065,Clopidogrel_Tab 75mg,0209000C0AAAAAA,6,0.029399999999999968
217,H82065,Paracet_Tab 500mg,0407010H0AAAMAM,24,0.02959999999999982
218,H82066,Aripiprazole_Tab 10mg,0402010ADAAAAAA,9,-0.011199999999999544
219,H82066,Atorvastatin_Tab 10mg,0212000B0AAAAAA,74,46.5395
220,H82066,Atorvastatin_Tab 20mg,0212000B0AAABAB,279,158.39480000000006
221,H82066,Clonazepam_Tab 500mcg,0408010F0AAABAB,31,20.577599999999954
222,H82066,Clopidogrel_Tab 75mg,0209000C0AAAAAA,70,79.61299999999999
223,H82066,Hydrocort_Tab 10mg,0603020J0AAADAD,1,-0.013999999999998458
224,H82066,Memantine HCl_Tab 20mg,0411000G0AAADAD,1,0.004899999999999995
225,H82066,Paracet_Tab 500mg,0407010H0AAAMAM,582,58.381199999999986
226,H82067,Atorvastatin_Tab 10mg,0212000B0AAAAAA,146,11.60880000000001
227,H82067,Clonazepam_Tab 500mcg,0408010F0AAABAB,5,2.9379999999999944
228,H82067,Clopidogrel_Tab 75mg,0209000C0AAAAAA,18,0.0881999999999999
229,H82067,Memantine HCl_Tab 20mg,0411000G0AAADAD,4,0.01959999999999998
230,H82067,Paracet_Tab 500mg,0407010H0AAAMAM,32,0.03319999999999981
231,H82070,Clonazepam_Tab 500mcg,0408010F0AAABAB,7,4.429599999999992
232,H82070,Mesalazine_Tab E/C 400mg,0105010B0AAAAAA,2,83.27839999999999
233,H82070,Paracet_Tab 500mg,0407010H0AAAMAM,10,0.041999999999999746
234,H82076,Atorvastatin_Tab 10mg,0212000B0AAAAAA,1,-0.008999999999999946
235,H82076,Clonazepam_Tab 500mcg,0408010F0AAABAB,3,2.2147999999999954
236,H82076,Clopidogrel_Tab 75mg,0209000C0AAAAAA,4,0.01959999999999998
237,H82076,Paracet_Tab 500mg,0407010H0AAAMAM,2,-0.011199999999999932
238,H82077,Aripiprazole_Tab 10mg,0402010ADAAAAAA,4,0.02240000000000064
239,H82077,Atorvastatin_Tab 10mg,0212000B0AAAAAA,5,0.01260000000000007
240,H82077,Clonazepam_Tab 500mcg,0408010F0AAABAB,15,4.74599999999999
241,H82077,Clopidogrel_Tab 75mg,0209000C0AAAAAA,40,0.19599999999999979
242,H82077,Hydrocort_Tab 10mg,0603020J0AAADAD,5,-0.023999999999997357
243,H82077,Memantine HCl_Tab 20mg,0411000G0AAADAD,4,0.01959999999999998
244,H82077,Mesalazine_Tab E/C 400mg,0105010B0AAAAAA,10,15.44880000000002
245,H82077,Paracet_Tab 500mg,0407010H0AAAMAM,52,0.09119999999999945
246,H82078,Atorvastatin_Tab 10mg,0212000B0AAAAAA,31,23.262400000000003
247,H82078,Clonazepam_Tab 500mcg,0408010F0AAABAB,7,3.841999999999992
248,H82078,Clopidogrel_Tab 75mg,0209000C0AAAAAA,1,0.004899999999999995
249,H82078,Hydrocort_Tab 10mg,0603020J0AAADAD,1,0.004499999999999504
250,H82078,Mesalazine_Tab E/C 400mg,0105010B0AAAAAA,1,47.913599999999995
251,H82078,Paracet_Tab 500mg,0407010H0AAAMAM,306,19.853200000000047
252,H82083,Atorvastatin_Tab 10mg,0212000B0AAAAAA,25,0.05250000000000029
253,H82083,Clonazepam_Tab 500mcg,0408010F0AAABAB,3,1.898399999999996
254,H82083,Clopidogrel_Tab 75mg,0209000C0AAAAAA,29,0.14209999999999984
255,H82083,Paracet_Tab 500mg,0407010H0AAAMAM,36,0.10359999999999939
256,H82087,Atorvastatin_Tab 10mg,0212000B0AAAAAA,4,0.008400000000000046
257,H82087,Clonazepam_Tab 500mcg,0408010F0AAABAB,3,0.949199999999998
258,H82087,Clopidogrel_Tab 75mg,0209000C0AAAAAA,6,0.029399999999999968
259,H82087,Mesalazine_Tab E/C 400mg,0105010B0AAAAAA,1,-31.942399999999996
260,H82087,Paracet_Tab 500mg,0407010H0AAAMAM,8,-0.04479999999999973
261,H82091,Clonazepam_Tab 500mcg,0408010F0AAABAB,4,3.118799999999994
262,H82091,Clopidogrel_Tab 75mg,0209000C0AAAAAA,1,0.004899999999999995
263,H82091,Hydrocort_Tab 10mg,0603020J0AAADAD,1,-0.011199999999998766
264,H82091,Paracet_Tab 500mg,0407010H0AAAMAM,2,0.008000000000000021
265,H82095,Atorvastatin_Tab 20mg,0212000B0AAABAB,1,-0.0030999999999998737
266,H82095,Clonazepam_Tab 500mcg,0408010F0AAABAB,5,2.395599999999995
267,H82095,Clopidogrel_Tab 75mg,0209000C0AAAAAA,1,-0.003100000000000089
268,H82095,Mesalazine_Tab E/C 400mg,0105010B0AAAAAA,3,67.3072
269,H82095,Paracet_Tab 500mg,0407010H0AAAMAM,352,102.33520000000001
270,H82096,Clonazepam_Tab 500mcg,0408010F0AAABAB,5,1.977499999999996
271,H82096,Paracet_Tab 500mg,0407010H0AAAMAM,18,-0.10079999999999939
272,H82099,Aripiprazole_Tab 10mg,0402010ADAAAAAA,3,0.015400000000001024
273,H82099,Atorvastatin_Tab 10mg,0212000B0AAAAAA,33,23.1903
274,H82099,Atorvastatin_Tab 20mg,0212000B0AAABAB,87,22.654800000000005
275,H82099,Clonazepam_Tab 500mcg,0408010F0AAABAB,7,5.265799999999989
276,H82099,Clopidogrel_Tab 75mg,0209000C0AAAAAA,10,0.22399999999999942
277,H82099,Memantine HCl_Tab 20mg,0411000G0AAADAD,28,63.896000000000015
278,H82099,Montelukast_Tab 10mg,0303020G0AAABAB,64,97.4848
279,H82099,Paracet_Tab 500mg,0407010H0AAAMAM,394,76.55000000000008
280,H82641,Atorvastatin_Tab 10mg,0212000B0AAAAAA,25,0.047400000000000296
281,H82641,Atorvastatin_Tab 20mg,0212000B0AAABAB,44,22.545600000000004
282,H82641,Clonazepam_Tab 500mcg,0408010F0AAABAB,10,1.446399999999997
283,H82641,Clopidogrel_Tab 75mg,0209000C0AAAAAA,8,0.03919999999999996
284,H82641,Memantine HCl_Tab 20mg,0411000G0AAADAD,4,0.01959999999999998
285,H82641,Paracet_Tab 500mg,0407010H0AAAMAM,14,-0.01959999999999988
