,practice_code,bnf_description,bnf_code,items,excess_cost
0,A83023,Atorvastatin_Tab 20mg,0212000B0AAABAB,496,519.4112
1,A83072,Atorvastatin_Tab 20mg,0212000B0AAABAB,119,292.88280000000003
2,A83072,Atorvastatin_Tab 20mg,0212000B0AAABAB,27,270.34560000000005
22,A83072,Atorvastatin_Tab 40mg,0212000B0AAACAC,60,267.12
23,A83072,Atorvastatin_Tab 40mg,0212000B0AAACAC,29,266.98560000000003
3,A83637,Atorvastatin_Tab 20mg,0212000B0AAABAB,60,135.24
469,A83023,Lamotrigine_Tab 100mg,0408010H0AAAAAA,1,108.584
745,A83027,Zonisamide_Cap 100mg,0408010ADAAAAAA,1,99.736
349,A83072,Atorvastatin_Tab 80mg,0212000B0AAADAD,12,99.2544
350,A83072,Atorvastatin_Tab 80mg,0212000B0AAADAD,46,99.17600000000002
4,A83023,Atorvastatin_Tab 20mg,0212000B0AAABAB,58,90.29440000000001
351,A83072,Atorvastatin_Tab 80mg,0212000B0AAADAD,2,74.424
5,A83023,Atorvastatin_Tab 20mg,0212000B0AAABAB,181,73.2326
681,A83016,Nortriptyline_Tab 10mg,0403010V0AAADAD,2,68.88
6,A83023,Atorvastatin_Tab 20mg,0212000B0AAABAB,13,67.59479999999999
352,A83038,Atorvastatin_Tab 80mg,0212000B0AAADAD,34,49.59920000000001
393,A83036,Mesalazine_Tab E/C 400mg,0105010B0AAAAAA,1,47.913599999999995
392,A83014,Mesalazine_Tab E/C 400mg,0105010B0AAAAAA,1,47.913599999999995
7,A83033,Atorvastatin_Tab 20mg,0212000B0AAABAB,108,45.36
8,A83637,Atorvastatin_Tab 20mg,0212000B0AAABAB,13,45.063199999999995
24,A83030,Atorvastatin_Tab 40mg,0212000B0AAACAC,178,44.85600000000001
25,A83023,Atorvastatin_Tab 40mg,0212000B0AAACAC,23,44.5648
394,A83050,Mesalazine_Tab E/C 400mg,0105010B0AAAAAA,1,42.779999999999994
682,A83038,Nortriptyline_Tab 10mg,0403010V0AAADAD,1,36.276799999999994
395,A83022,Mesalazine_Tab E/C 400mg,0105010B0AAAAAA,6,35.96040000000001
420,A83023,Atorvastatin_Tab 10mg,0212000B0AAAAAA,100,35.77
396,A83050,Mesalazine_Tab E/C 400mg,0105010B0AAAAAA,1,34.224
9,A83072,Atorvastatin_Tab 20mg,0212000B0AAABAB,43,33.8023
398,A83050,Mesalazine_Tab E/C 400mg,0105010B0AAAAAA,1,31.942399999999996
397,A83009,Mesalazine_Tab E/C 400mg,0105010B0AAAAAA,2,31.942399999999996
33,A83018,Paracet_Tab 500mg,0407010H0AAAMAM,92,26.79039999999998
34,A83018,Paracet_Tab 500mg,0407010H0AAAMAM,92,26.79039999999998
399,A83050,Mesalazine_Tab E/C 400mg,0105010B0AAAAAA,1,25.667999999999996
400,A83022,Mesalazine_Tab E/C 400mg,0105010B0AAAAAA,1,25.667999999999996
421,A83023,Atorvastatin_Tab 10mg,0212000B0AAAAAA,141,24.8724
353,A83637,Atorvastatin_Tab 80mg,0212000B0AAADAD,25,24.78
35,A83033,Paracet_Tab 500mg,0407010H0AAAMAM,304,24.320000000000064
36,A83033,Paracet_Tab 500mg,0407010H0AAAMAM,304,24.320000000000064
10,A83016,Atorvastatin_Tab 20mg,0212000B0AAABAB,280,24.304000000000045
401,A83014,Mesalazine_Tab E/C 400mg,0105010B0AAAAAA,4,23.973600000000005
403,A83009,Mesalazine_Tab E/C 400mg,0105010B0AAAAAA,1,23.956799999999998
402,A83618,Mesalazine_Tab E/C 400mg,0105010B0AAAAAA,1,23.956799999999998
422,A83016,Atorvastatin_Tab 10mg,0212000B0AAAAAA,18,23.284800000000004
423,A83072,Atorvastatin_Tab 10mg,0212000B0AAAAAA,15,23.268
424,A83033,Atorvastatin_Tab 10mg,0212000B0AAAAAA,20,23.184000000000005
425,A83022,Atorvastatin_Tab 10mg,0212000B0AAAAAA,30,23.184
11,A83030,Atorvastatin_Tab 20mg,0212000B0AAABAB,358,23.055200000000035
426,A83033,Atorvastatin_Tab 10mg,0212000B0AAAAAA,30,22.596
26,A83023,Atorvastatin_Tab 40mg,0212000B0AAACAC,203,22.3097
27,A83072,Atorvastatin_Tab 40mg,0212000B0AAACAC,44,22.237600000000004
28,A83023,Atorvastatin_Tab 40mg,0212000B0AAACAC,203,22.167600000000004
38,A83030,Paracet_Tab 500mg,0407010H0AAAMAM,519,20.760000000000055
37,A83030,Paracet_Tab 500mg,0407010H0AAAMAM,519,20.760000000000055
39,A83072,Paracet_Tab 500mg,0407010H0AAAMAM,21,20.16000000000001
40,A83072,Paracet_Tab 500mg,0407010H0AAAMAM,21,20.16000000000001
41,A83018,Paracet_Tab 500mg,0407010H0AAAMAM,608,17.024000000000015
42,A83018,Paracet_Tab 500mg,0407010H0AAAMAM,608,17.024000000000015
43,A83073,Paracet_Tab 500mg,0407010H0AAAMAM,318,15.900000000000015
44,A83073,Paracet_Tab 500mg,0407010H0AAAMAM,318,15.900000000000015
46,A83018,Paracet_Tab 500mg,0407010H0AAAMAM,652,13.040000000000147
45,A83018,Paracet_Tab 500mg,0407010H0AAAMAM,652,13.040000000000147
404,A83050,Mesalazine_Tab E/C 400mg,0105010B0AAAAAA,1,12.833999999999998
427,A83018,Atorvastatin_Tab 10mg,0212000B0AAAAAA,58,12.017600000000007
406,A83050,Mesalazine_Tab E/C 400mg,0105010B0AAAAAA,1,11.978399999999999
405,A83644,Mesalazine_Tab E/C 400mg,0105010B0AAAAAA,1,11.978399999999999
428,A83073,Atorvastatin_Tab 10mg,0212000B0AAAAAA,12,11.6256
429,A83618,Atorvastatin_Tab 10mg,0212000B0AAAAAA,56,11.603200000000006
430,A83072,Atorvastatin_Tab 10mg,0212000B0AAAAAA,32,11.558400000000002
48,A83617,Paracet_Tab 500mg,0407010H0AAAMAM,21,11.289600000000013
47,A83617,Paracet_Tab 500mg,0407010H0AAAMAM,21,11.289600000000013
49,A83023,Paracet_Tab 500mg,0407010H0AAAMAM,211,10.634400000000017
50,A83023,Paracet_Tab 500mg,0407010H0AAAMAM,211,10.634400000000017
51,A83022,Paracet_Tab 500mg,0407010H0AAAMAM,531,10.62000000000012
52,A83022,Paracet_Tab 500mg,0407010H0AAAMAM,531,10.62000000000012
53,A83027,Paracet_Tab 500mg,0407010H0AAAMAM,125,10.500000000000009
54,A83027,Paracet_Tab 500mg,0407010H0AAAMAM,125,10.500000000000009
55,A83023,Paracet_Tab 500mg,0407010H0AAAMAM,128,10.240000000000027
56,A83023,Paracet_Tab 500mg,0407010H0AAAMAM,128,10.240000000000027
58,A83618,Paracet_Tab 500mg,0407010H0AAAMAM,18,10.080000000000002
57,A83618,Paracet_Tab 500mg,0407010H0AAAMAM,18,10.080000000000002
59,A83023,Paracet_Tab 500mg,0407010H0AAAMAM,469,9.380000000000106
60,A83023,Paracet_Tab 500mg,0407010H0AAAMAM,469,9.380000000000106
61,A83033,Paracet_Tab 500mg,0407010H0AAAMAM,28,8.780800000000012
62,A83033,Paracet_Tab 500mg,0407010H0AAAMAM,28,8.780800000000012
63,A83030,Paracet_Tab 500mg,0407010H0AAAMAM,87,8.2824
64,A83030,Paracet_Tab 500mg,0407010H0AAAMAM,87,8.2824
407,A83049,Mesalazine_Tab E/C 400mg,0105010B0AAAAAA,4,8.0024
409,A83636,Mesalazine_Tab E/C 400mg,0105010B0AAAAAA,1,7.985599999999999
408,A83036,Mesalazine_Tab E/C 400mg,0105010B0AAAAAA,1,7.985599999999999
65,A83016,Paracet_Tab 500mg,0407010H0AAAMAM,530,5.299999999999968
66,A83016,Paracet_Tab 500mg,0407010H0AAAMAM,530,5.299999999999968
68,A83617,Paracet_Tab 500mg,0407010H0AAAMAM,88,5.2799999999999985
67,A83617,Paracet_Tab 500mg,0407010H0AAAMAM,88,5.2799999999999985
69,A83072,Paracet_Tab 500mg,0407010H0AAAMAM,75,5.249999999999995
70,A83072,Paracet_Tab 500mg,0407010H0AAAMAM,75,5.249999999999995
581,A83018,Clonazepam_Tab 500mcg,0408010F0AAABAB,1,5.06239999999999
71,A83617,Paracet_Tab 500mg,0407010H0AAAMAM,5,4.832
72,A83617,Paracet_Tab 500mg,0407010H0AAAMAM,5,4.832
73,A83033,Paracet_Tab 500mg,0407010H0AAAMAM,1,4.2336
74,A83033,Paracet_Tab 500mg,0407010H0AAAMAM,1,4.2336
582,A83023,Clonazepam_Tab 500mcg,0408010F0AAABAB,3,3.796799999999992
583,A83022,Clonazepam_Tab 500mcg,0408010F0AAABAB,6,3.796799999999992
354,A83618,Atorvastatin_Tab 80mg,0212000B0AAADAD,77,3.665200000000015
76,A83018,Paracet_Tab 500mg,0407010H0AAAMAM,91,3.640000000000041
75,A83018,Paracet_Tab 500mg,0407010H0AAAMAM,91,3.640000000000041
77,A83023,Paracet_Tab 500mg,0407010H0AAAMAM,80,3.5840000000000405
78,A83023,Paracet_Tab 500mg,0407010H0AAAMAM,80,3.5840000000000405
584,A83030,Clonazepam_Tab 500mcg,0408010F0AAABAB,11,3.480399999999993
79,A83636,Paracet_Tab 500mg,0407010H0AAAMAM,3,3.2256
80,A83636,Paracet_Tab 500mg,0407010H0AAAMAM,3,3.2256
585,A83026,Clonazepam_Tab 500mcg,0408010F0AAABAB,5,3.1639999999999935
81,A83636,Paracet_Tab 500mg,0407010H0AAAMAM,20,3.120000000000002
82,A83636,Paracet_Tab 500mg,0407010H0AAAMAM,20,3.120000000000002
586,A83022,Clonazepam_Tab 500mcg,0408010F0AAABAB,4,2.847599999999994
587,A83026,Clonazepam_Tab 500mcg,0408010F0AAABAB,3,2.847599999999994
83,A83617,Paracet_Tab 500mg,0407010H0AAAMAM,6,2.8056
84,A83617,Paracet_Tab 500mg,0407010H0AAAMAM,6,2.8056
85,A83038,Paracet_Tab 500mg,0407010H0AAAMAM,62,2.777600000000007
86,A83038,Paracet_Tab 500mg,0407010H0AAAMAM,62,2.777600000000007
590,A83018,Clonazepam_Tab 500mcg,0408010F0AAABAB,8,2.531199999999995
588,A83023,Clonazepam_Tab 500mcg,0408010F0AAABAB,4,2.531199999999995
589,A83009,Clonazepam_Tab 500mcg,0408010F0AAABAB,1,2.531199999999995
592,A83030,Clonazepam_Tab 500mcg,0408010F0AAABAB,2,2.2599999999999953
591,A83024,Clonazepam_Tab 500mcg,0408010F0AAABAB,1,2.2599999999999953
593,A83050,Clonazepam_Tab 500mcg,0408010F0AAABAB,2,2.2599999999999953
355,A83030,Atorvastatin_Tab 80mg,0212000B0AAADAD,62,1.996400000000003
594,A83009,Clonazepam_Tab 500mcg,0408010F0AAABAB,3,1.898399999999996
595,A83011,Clonazepam_Tab 500mcg,0408010F0AAABAB,3,1.898399999999996
596,A83050,Clonazepam_Tab 500mcg,0408010F0AAABAB,4,1.898399999999996
356,A83023,Atorvastatin_Tab 80mg,0212000B0AAADAD,135,1.8900000000000017
357,A83636,Atorvastatin_Tab 80mg,0212000B0AAADAD,61,1.7080000000000015
597,A83022,Clonazepam_Tab 500mcg,0408010F0AAABAB,5,1.5819999999999967
598,A83022,Clonazepam_Tab 500mcg,0408010F0AAABAB,20,1.5819999999999967
599,A83018,Clonazepam_Tab 500mcg,0408010F0AAABAB,19,1.5028999999999968
600,A83049,Clonazepam_Tab 500mcg,0408010F0AAABAB,9,1.423799999999997
607,A83024,Clonazepam_Tab 500mcg,0408010F0AAABAB,1,1.2655999999999974
606,A83026,Clonazepam_Tab 500mcg,0408010F0AAABAB,1,1.2655999999999974
605,A83024,Clonazepam_Tab 500mcg,0408010F0AAABAB,2,1.2655999999999974
611,A83028,Clonazepam_Tab 500mcg,0408010F0AAABAB,4,1.2655999999999974
603,A83018,Clonazepam_Tab 500mcg,0408010F0AAABAB,1,1.2655999999999974
610,A83016,Clonazepam_Tab 500mcg,0408010F0AAABAB,2,1.2655999999999974
604,A83635,Clonazepam_Tab 500mcg,0408010F0AAABAB,1,1.2655999999999974
609,A83026,Clonazepam_Tab 500mcg,0408010F0AAABAB,4,1.2655999999999974
602,A83049,Clonazepam_Tab 500mcg,0408010F0AAABAB,2,1.2655999999999974
608,A83028,Clonazepam_Tab 500mcg,0408010F0AAABAB,2,1.2655999999999974
601,A83617,Clonazepam_Tab 500mcg,0408010F0AAABAB,1,1.2655999999999974
612,A83022,Clonazepam_Tab 500mcg,0408010F0AAABAB,2,1.1399999999999966
613,A83014,Clonazepam_Tab 500mcg,0408010F0AAABAB,1,1.1299999999999977
614,A83027,Clonazepam_Tab 500mcg,0408010F0AAABAB,1,1.1299999999999977
615,A83022,Clonazepam_Tab 500mcg,0408010F0AAABAB,1,1.1299999999999977
29,A83030,Atorvastatin_Tab 40mg,0212000B0AAACAC,39,1.092000000000001
616,A83030,Clonazepam_Tab 500mcg,0408010F0AAABAB,3,1.016999999999998
630,A83030,Clonazepam_Tab 500mcg,0408010F0AAABAB,1,0.949199999999998
626,A83617,Clonazepam_Tab 500mcg,0408010F0AAABAB,6,0.949199999999998
625,A83022,Clonazepam_Tab 500mcg,0408010F0AAABAB,6,0.949199999999998
629,A83023,Clonazepam_Tab 500mcg,0408010F0AAABAB,3,0.949199999999998
620,A83038,Clonazepam_Tab 500mcg,0408010F0AAABAB,4,0.949199999999998
624,A83024,Clonazepam_Tab 500mcg,0408010F0AAABAB,1,0.949199999999998
623,A83016,Clonazepam_Tab 500mcg,0408010F0AAABAB,1,0.949199999999998
622,A83036,Clonazepam_Tab 500mcg,0408010F0AAABAB,1,0.949199999999998
621,A83011,Clonazepam_Tab 500mcg,0408010F0AAABAB,3,0.949199999999998
617,A83023,Clonazepam_Tab 500mcg,0408010F0AAABAB,4,0.949199999999998
619,A83016,Clonazepam_Tab 500mcg,0408010F0AAABAB,4,0.949199999999998
618,A83024,Clonazepam_Tab 500mcg,0408010F0AAABAB,3,0.949199999999998
627,A83022,Clonazepam_Tab 500mcg,0408010F0AAABAB,1,0.949199999999998
628,A83622,Clonazepam_Tab 500mcg,0408010F0AAABAB,4,0.949199999999998
358,A83018,Atorvastatin_Tab 80mg,0212000B0AAADAD,70,0.7839999999999953
87,A83023,Paracet_Tab 500mg,0407010H0AAAMAM,17,0.761600000000001
88,A83023,Paracet_Tab 500mg,0407010H0AAAMAM,17,0.761600000000001
631,A83018,Clonazepam_Tab 500mcg,0408010F0AAABAB,3,0.7118999999999985
12,A83018,Atorvastatin_Tab 20mg,0212000B0AAABAB,248,0.6944000000000199
90,A83018,Paracet_Tab 500mg,0407010H0AAAMAM,68,0.6800000000000077
89,A83018,Paracet_Tab 500mg,0407010H0AAAMAM,68,0.6800000000000077
633,A83050,Clonazepam_Tab 500mcg,0408010F0AAABAB,1,0.6779999999999986
632,A83011,Clonazepam_Tab 500mcg,0408010F0AAABAB,1,0.6779999999999986
635,A83024,Clonazepam_Tab 500mcg,0408010F0AAABAB,1,0.6779999999999986
636,A83022,Clonazepam_Tab 500mcg,0408010F0AAABAB,2,0.6779999999999986
634,A83637,Clonazepam_Tab 500mcg,0408010F0AAABAB,1,0.6779999999999986
645,A83036,Clonazepam_Tab 500mcg,0408010F0AAABAB,2,0.6327999999999987
650,A83030,Clonazepam_Tab 500mcg,0408010F0AAABAB,4,0.6327999999999987
649,A83050,Clonazepam_Tab 500mcg,0408010F0AAABAB,1,0.6327999999999987
648,A83011,Clonazepam_Tab 500mcg,0408010F0AAABAB,4,0.6327999999999987
647,A83014,Clonazepam_Tab 500mcg,0408010F0AAABAB,4,0.6327999999999987
646,A83632,Clonazepam_Tab 500mcg,0408010F0AAABAB,1,0.6327999999999987
642,A83038,Clonazepam_Tab 500mcg,0408010F0AAABAB,1,0.6327999999999987
644,A83014,Clonazepam_Tab 500mcg,0408010F0AAABAB,1,0.6327999999999987
641,A83030,Clonazepam_Tab 500mcg,0408010F0AAABAB,1,0.6327999999999987
640,A83036,Clonazepam_Tab 500mcg,0408010F0AAABAB,1,0.6327999999999987
639,A83016,Clonazepam_Tab 500mcg,0408010F0AAABAB,8,0.6327999999999987
638,A83635,Clonazepam_Tab 500mcg,0408010F0AAABAB,2,0.6327999999999987
637,A83050,Clonazepam_Tab 500mcg,0408010F0AAABAB,2,0.6327999999999987
643,A83018,Clonazepam_Tab 500mcg,0408010F0AAABAB,1,0.6327999999999987
651,A83055,Clonazepam_Tab 500mcg,0408010F0AAABAB,1,0.5699999999999983
470,A83027,Lamotrigine_Tab 100mg,0408010H0AAAAAA,2,0.49279999999999546
359,A83018,Atorvastatin_Tab 80mg,0212000B0AAADAD,230,0.48300000000001386
652,A83029,Clonazepam_Tab 500mcg,0408010F0AAABAB,1,0.474599999999999
653,A83038,Clonazepam_Tab 500mcg,0408010F0AAABAB,1,0.474599999999999
91,A83018,Paracet_Tab 500mg,0407010H0AAAMAM,9,0.43200000000000116
92,A83018,Paracet_Tab 500mg,0407010H0AAAMAM,9,0.43200000000000116
360,A83022,Atorvastatin_Tab 80mg,0212000B0AAADAD,170,0.3570000000000102
93,A83618,Paracet_Tab 500mg,0407010H0AAAMAM,37,0.35519999999999785
94,A83618,Paracet_Tab 500mg,0407010H0AAAMAM,37,0.35519999999999785
654,A83618,Clonazepam_Tab 500mcg,0408010F0AAABAB,8,0.33919999999999995
656,A83027,Clonazepam_Tab 500mcg,0408010F0AAABAB,1,0.3389999999999993
655,A83055,Clonazepam_Tab 500mcg,0408010F0AAABAB,1,0.3389999999999993
361,A83016,Atorvastatin_Tab 80mg,0212000B0AAADAD,152,0.31920000000000914
664,A83050,Clonazepam_Tab 500mcg,0408010F0AAABAB,4,0.31639999999999935
662,A83033,Clonazepam_Tab 500mcg,0408010F0AAABAB,1,0.31639999999999935
659,A83618,Clonazepam_Tab 500mcg,0408010F0AAABAB,1,0.31639999999999935
660,A83038,Clonazepam_Tab 500mcg,0408010F0AAABAB,1,0.31639999999999935
663,A83009,Clonazepam_Tab 500mcg,0408010F0AAABAB,1,0.31639999999999935
657,A83636,Clonazepam_Tab 500mcg,0408010F0AAABAB,4,0.31639999999999935
661,A83636,Clonazepam_Tab 500mcg,0408010F0AAABAB,1,0.31639999999999935
658,A83016,Clonazepam_Tab 500mcg,0408010F0AAABAB,1,0.31639999999999935
665,A83632,Clonazepam_Tab 500mcg,0408010F0AAABAB,1,0.31639999999999935
671,A83023,Clonazepam_Tab 500mcg,0408010F0AAABAB,4,0.31639999999999935
670,A83030,Clonazepam_Tab 500mcg,0408010F0AAABAB,4,0.31639999999999935
669,A83016,Clonazepam_Tab 500mcg,0408010F0AAABAB,2,0.31639999999999935
668,A83072,Clonazepam_Tab 500mcg,0408010F0AAABAB,4,0.31639999999999935
667,A83027,Clonazepam_Tab 500mcg,0408010F0AAABAB,1,0.31639999999999935
666,A83049,Clonazepam_Tab 500mcg,0408010F0AAABAB,1,0.31639999999999935
672,A83023,Clonazepam_Tab 500mcg,0408010F0AAABAB,8,0.29519999999999946
362,A83023,Atorvastatin_Tab 80mg,0212000B0AAADAD,135,0.28350000000000813
673,A83049,Clonazepam_Tab 500mcg,0408010F0AAABAB,1,0.2799999999999997
471,A83030,Lamotrigine_Tab 100mg,0408010H0AAAAAA,16,0.2687999999999704
96,A83018,Paracet_Tab 500mg,0407010H0AAAMAM,22,0.2463999999999985
95,A83018,Paracet_Tab 500mg,0407010H0AAAMAM,22,0.2463999999999985
363,A83028,Atorvastatin_Tab 80mg,0212000B0AAADAD,116,0.24360000000000698
364,A83009,Atorvastatin_Tab 80mg,0212000B0AAADAD,109,0.22890000000000654
674,A83050,Clonazepam_Tab 500mcg,0408010F0AAABAB,5,0.21199999999999997
365,A83033,Atorvastatin_Tab 80mg,0212000B0AAADAD,99,0.20790000000000597
675,A83027,Clonazepam_Tab 500mcg,0408010F0AAABAB,1,0.20159999999999978
431,A83018,Atorvastatin_Tab 10mg,0212000B0AAAAAA,91,0.19110000000000105
97,A83018,Paracet_Tab 500mg,0407010H0AAAMAM,34,0.19040000000000215
98,A83018,Paracet_Tab 500mg,0407010H0AAAMAM,34,0.19040000000000215
366,A83050,Atorvastatin_Tab 80mg,0212000B0AAADAD,90,0.1890000000000054
99,A83022,Paracet_Tab 500mg,0407010H0AAAMAM,30,0.1799999999999989
100,A83022,Paracet_Tab 500mg,0407010H0AAAMAM,30,0.1799999999999989
367,A83049,Atorvastatin_Tab 80mg,0212000B0AAADAD,81,0.17010000000000486
677,A83635,Clonazepam_Tab 500mcg,0408010F0AAABAB,1,0.15819999999999967
679,A83050,Clonazepam_Tab 500mcg,0408010F0AAABAB,1,0.15819999999999967
676,A83073,Clonazepam_Tab 500mcg,0408010F0AAABAB,1,0.15819999999999967
678,A83036,Clonazepam_Tab 500mcg,0408010F0AAABAB,1,0.15819999999999967
101,A83018,Paracet_Tab 500mg,0407010H0AAAMAM,37,0.15539999999999907
102,A83018,Paracet_Tab 500mg,0407010H0AAAMAM,37,0.15539999999999907
104,A83018,Paracet_Tab 500mg,0407010H0AAAMAM,48,0.15359999999999907
103,A83018,Paracet_Tab 500mg,0407010H0AAAMAM,48,0.15359999999999907
432,A83028,Atorvastatin_Tab 10mg,0212000B0AAAAAA,72,0.15120000000000083
433,A83022,Atorvastatin_Tab 10mg,0212000B0AAAAAA,70,0.1470000000000008
368,A83026,Atorvastatin_Tab 80mg,0212000B0AAADAD,65,0.1365000000000039
106,A83016,Paracet_Tab 500mg,0407010H0AAAMAM,22,0.1319999999999992
105,A83016,Paracet_Tab 500mg,0407010H0AAAMAM,22,0.1319999999999992
434,A83049,Atorvastatin_Tab 10mg,0212000B0AAAAAA,59,0.12390000000000068
435,A83016,Atorvastatin_Tab 10mg,0212000B0AAAAAA,58,0.12180000000000067
108,A83038,Paracet_Tab 500mg,0407010H0AAAMAM,29,0.12179999999999927
107,A83038,Paracet_Tab 500mg,0407010H0AAAMAM,29,0.12179999999999927
370,A83027,Atorvastatin_Tab 80mg,0212000B0AAADAD,56,0.11760000000000337
369,A83029,Atorvastatin_Tab 80mg,0212000B0AAADAD,56,0.11760000000000337
436,A83011,Atorvastatin_Tab 10mg,0212000B0AAAAAA,56,0.11760000000000065
680,Y03385,Clonazepam_Tab 500mcg,0408010F0AAABAB,1,0.11599999999999999
109,A83018,Paracet_Tab 500mg,0407010H0AAAMAM,16,0.1120000000000001
110,A83018,Paracet_Tab 500mg,0407010H0AAAMAM,16,0.1120000000000001
111,A83026,Paracet_Tab 500mg,0407010H0AAAMAM,23,0.09659999999999941
112,A83026,Paracet_Tab 500mg,0407010H0AAAMAM,23,0.09659999999999941
114,A83018,Paracet_Tab 500mg,0407010H0AAAMAM,1,0.09599999999999997
113,A83018,Paracet_Tab 500mg,0407010H0AAAMAM,1,0.09599999999999997
372,A83618,Atorvastatin_Tab 80mg,0212000B0AAADAD,45,0.0945000000000027
371,A83024,Atorvastatin_Tab 80mg,0212000B0AAADAD,45,0.0945000000000027
373,A83014,Atorvastatin_Tab 80mg,0212000B0AAADAD,44,0.09240000000000265
374,A83011,Atorvastatin_Tab 80mg,0212000B0AAADAD,44,0.09240000000000265
118,A83014,Paracet_Tab 500mg,0407010H0AAAMAM,22,0.09239999999999944
117,A83049,Paracet_Tab 500mg,0407010H0AAAMAM,33,0.09239999999999944
116,A83014,Paracet_Tab 500mg,0407010H0AAAMAM,22,0.09239999999999944
115,A83049,Paracet_Tab 500mg,0407010H0AAAMAM,33,0.09239999999999944
472,A83018,Lamotrigine_Tab 100mg,0408010H0AAAAAA,31,0.08679999999999044
122,A83036,Paracet_Tab 500mg,0407010H0AAAMAM,29,0.08119999999999951
121,A83028,Paracet_Tab 500mg,0407010H0AAAMAM,29,0.08119999999999951
119,A83036,Paracet_Tab 500mg,0407010H0AAAMAM,29,0.08119999999999951
120,A83028,Paracet_Tab 500mg,0407010H0AAAMAM,29,0.08119999999999951
124,A83022,Paracet_Tab 500mg,0407010H0AAAMAM,1,0.07679999999999998
123,A83022,Paracet_Tab 500mg,0407010H0AAAMAM,1,0.07679999999999998
437,A83030,Atorvastatin_Tab 10mg,0212000B0AAAAAA,36,0.07560000000000042
439,A83009,Atorvastatin_Tab 10mg,0212000B0AAAAAA,35,0.0735000000000004
438,A83033,Atorvastatin_Tab 10mg,0212000B0AAAAAA,35,0.0735000000000004
125,A83033,Paracet_Tab 500mg,0407010H0AAAMAM,26,0.07279999999999956
126,A83023,Paracet_Tab 500mg,0407010H0AAAMAM,26,0.07279999999999956
127,A83023,Paracet_Tab 500mg,0407010H0AAAMAM,26,0.07279999999999956
128,A83033,Paracet_Tab 500mg,0407010H0AAAMAM,26,0.07279999999999956
375,A83073,Atorvastatin_Tab 80mg,0212000B0AAADAD,34,0.07140000000000205
376,A83036,Atorvastatin_Tab 80mg,0212000B0AAADAD,34,0.07140000000000205
440,A83050,Atorvastatin_Tab 10mg,0212000B0AAAAAA,34,0.0714000000000004
129,A83018,Paracet_Tab 500mg,0407010H0AAAMAM,11,0.07039999999999957
130,A83018,Paracet_Tab 500mg,0407010H0AAAMAM,11,0.07039999999999957
131,A83027,Paracet_Tab 500mg,0407010H0AAAMAM,16,0.0671999999999996
132,A83027,Paracet_Tab 500mg,0407010H0AAAMAM,16,0.0671999999999996
473,A83028,Lamotrigine_Tab 100mg,0408010H0AAAAAA,24,0.0671999999999926
378,A83630,Atorvastatin_Tab 80mg,0212000B0AAADAD,31,0.06510000000000186
377,A83636,Atorvastatin_Tab 80mg,0212000B0AAADAD,31,0.06510000000000186
441,A83038,Atorvastatin_Tab 10mg,0212000B0AAAAAA,31,0.06510000000000035
474,A83030,Lamotrigine_Tab 100mg,0408010H0AAAAAA,11,0.061599999999993216
442,A83014,Atorvastatin_Tab 10mg,0212000B0AAAAAA,29,0.060900000000000336
443,A83027,Atorvastatin_Tab 10mg,0212000B0AAAAAA,28,0.058800000000000324
134,A83618,Paracet_Tab 500mg,0407010H0AAAMAM,21,0.058799999999999644
133,A83618,Paracet_Tab 500mg,0407010H0AAAMAM,21,0.058799999999999644
444,A83635,Atorvastatin_Tab 10mg,0212000B0AAAAAA,27,0.05670000000000031
136,A83022,Paracet_Tab 500mg,0407010H0AAAMAM,20,0.05599999999999966
135,A83022,Paracet_Tab 500mg,0407010H0AAAMAM,20,0.05599999999999966
475,A83030,Lamotrigine_Tab 100mg,0408010H0AAAAAA,20,0.05599999999999383
137,A83022,Paracet_Tab 500mg,0407010H0AAAMAM,11,0.05499999999999967
138,A83022,Paracet_Tab 500mg,0407010H0AAAMAM,11,0.05499999999999967
380,A83038,Atorvastatin_Tab 80mg,0212000B0AAADAD,26,0.054600000000001564
379,A83617,Atorvastatin_Tab 80mg,0212000B0AAADAD,26,0.054600000000001564
445,A83024,Atorvastatin_Tab 10mg,0212000B0AAAAAA,25,0.05250000000000029
381,A83637,Atorvastatin_Tab 80mg,0212000B0AAADAD,24,0.050400000000001444
144,A83016,Paracet_Tab 500mg,0407010H0AAAMAM,12,0.050399999999999695
139,A83026,Paracet_Tab 500mg,0407010H0AAAMAM,18,0.050399999999999695
141,A83033,Paracet_Tab 500mg,0407010H0AAAMAM,12,0.050399999999999695
140,A83050,Paracet_Tab 500mg,0407010H0AAAMAM,18,0.050399999999999695
146,A83026,Paracet_Tab 500mg,0407010H0AAAMAM,18,0.050399999999999695
145,A83050,Paracet_Tab 500mg,0407010H0AAAMAM,18,0.050399999999999695
142,A83016,Paracet_Tab 500mg,0407010H0AAAMAM,12,0.050399999999999695
143,A83033,Paracet_Tab 500mg,0407010H0AAAMAM,12,0.050399999999999695
148,A83644,Paracet_Tab 500mg,0407010H0AAAMAM,8,0.04799999999999971
147,A83644,Paracet_Tab 500mg,0407010H0AAAMAM,8,0.04799999999999971
446,A83026,Atorvastatin_Tab 10mg,0212000B0AAAAAA,22,0.046200000000000255
149,A83027,Paracet_Tab 500mg,0407010H0AAAMAM,16,0.04479999999999973
150,A83027,Paracet_Tab 500mg,0407010H0AAAMAM,16,0.04479999999999973
447,A83618,Atorvastatin_Tab 10mg,0212000B0AAAAAA,21,0.04410000000000024
151,A83018,Paracet_Tab 500mg,0407010H0AAAMAM,7,0.042000000000000474
152,A83018,Paracet_Tab 500mg,0407010H0AAAMAM,7,0.042000000000000474
448,A83036,Atorvastatin_Tab 10mg,0212000B0AAAAAA,20,0.04200000000000023
154,A83618,Paracet_Tab 500mg,0407010H0AAAMAM,10,0.041999999999999746
153,A83618,Paracet_Tab 500mg,0407010H0AAAMAM,10,0.041999999999999746
476,A83011,Lamotrigine_Tab 100mg,0408010H0AAAAAA,15,0.041999999999995374
155,A83038,Paracet_Tab 500mg,0407010H0AAAMAM,14,0.03919999999999976
156,A83038,Paracet_Tab 500mg,0407010H0AAAMAM,14,0.03919999999999976
477,A83011,Lamotrigine_Tab 100mg,0408010H0AAAAAA,7,0.03919999999999568
382,A83635,Atorvastatin_Tab 80mg,0212000B0AAADAD,18,0.03780000000000108
383,A83072,Atorvastatin_Tab 80mg,0212000B0AAADAD,18,0.03780000000000108
157,A83636,Paracet_Tab 500mg,0407010H0AAAMAM,13,0.03639999999999978
158,A83636,Paracet_Tab 500mg,0407010H0AAAMAM,13,0.03639999999999978
478,A83049,Lamotrigine_Tab 100mg,0408010H0AAAAAA,13,0.03639999999999599
384,A83644,Atorvastatin_Tab 80mg,0212000B0AAADAD,17,0.03570000000000102
449,A83029,Atorvastatin_Tab 10mg,0212000B0AAAAAA,17,0.0357000000000002
160,A83644,Paracet_Tab 500mg,0407010H0AAAMAM,8,0.0335999999999998
159,A83644,Paracet_Tab 500mg,0407010H0AAAMAM,8,0.0335999999999998
480,A83016,Lamotrigine_Tab 100mg,0408010H0AAAAAA,12,0.0335999999999963
479,A83014,Lamotrigine_Tab 100mg,0408010H0AAAAAA,6,0.0335999999999963
161,A83011,Paracet_Tab 500mg,0407010H0AAAMAM,11,0.030799999999999814
162,A83011,Paracet_Tab 500mg,0407010H0AAAMAM,11,0.030799999999999814
164,A83018,Paracet_Tab 500mg,0407010H0AAAMAM,5,0.02999999999999982
163,A83018,Paracet_Tab 500mg,0407010H0AAAMAM,5,0.02999999999999982
168,A83024,Paracet_Tab 500mg,0407010H0AAAMAM,7,0.029399999999999822
174,A83024,Paracet_Tab 500mg,0407010H0AAAMAM,7,0.029399999999999822
173,A83029,Paracet_Tab 500mg,0407010H0AAAMAM,7,0.029399999999999822
172,A83029,Paracet_Tab 500mg,0407010H0AAAMAM,7,0.029399999999999822
171,A83036,Paracet_Tab 500mg,0407010H0AAAMAM,7,0.029399999999999822
170,A83022,Paracet_Tab 500mg,0407010H0AAAMAM,7,0.029399999999999822
165,A83049,Paracet_Tab 500mg,0407010H0AAAMAM,7,0.029399999999999822
166,A83036,Paracet_Tab 500mg,0407010H0AAAMAM,7,0.029399999999999822
167,A83049,Paracet_Tab 500mg,0407010H0AAAMAM,7,0.029399999999999822
169,A83022,Paracet_Tab 500mg,0407010H0AAAMAM,7,0.029399999999999822
482,A83022,Lamotrigine_Tab 100mg,0408010H0AAAAAA,5,0.027999999999996916
481,A83630,Lamotrigine_Tab 100mg,0408010H0AAAAAA,10,0.027999999999996916
410,A83022,Mesalazine_Tab E/C 400mg,0105010B0AAAAAA,6,0.025200000000011213
451,A83617,Atorvastatin_Tab 10mg,0212000B0AAAAAA,12,0.02520000000000014
450,A83632,Atorvastatin_Tab 10mg,0212000B0AAAAAA,12,0.02520000000000014
175,A83644,Paracet_Tab 500mg,0407010H0AAAMAM,9,0.025199999999999848
176,A83029,Paracet_Tab 500mg,0407010H0AAAMAM,9,0.025199999999999848
178,A83029,Paracet_Tab 500mg,0407010H0AAAMAM,9,0.025199999999999848
177,A83644,Paracet_Tab 500mg,0407010H0AAAMAM,9,0.025199999999999848
483,A83036,Lamotrigine_Tab 100mg,0408010H0AAAAAA,3,0.025199999999997225
484,A83022,Lamotrigine_Tab 100mg,0408010H0AAAAAA,3,0.025199999999997225
746,A83016,Zonisamide_Cap 100mg,0408010ADAAAAAA,4,0.02240000000000064
747,A83637,Zonisamide_Cap 100mg,0408010ADAAAAAA,4,0.02240000000000064
748,A83018,Zonisamide_Cap 100mg,0408010ADAAAAAA,4,0.02240000000000064
683,A83011,Nortriptyline_Tab 10mg,0403010V0AAADAD,8,0.02240000000000064
485,A83024,Lamotrigine_Tab 100mg,0408010H0AAAAAA,8,0.022399999999997533
489,A83024,Lamotrigine_Tab 100mg,0408010H0AAAAAA,4,0.022399999999997533
487,A83023,Lamotrigine_Tab 100mg,0408010H0AAAAAA,8,0.022399999999997533
486,A83018,Lamotrigine_Tab 100mg,0408010H0AAAAAA,4,0.022399999999997533
488,A83027,Lamotrigine_Tab 100mg,0408010H0AAAAAA,8,0.022399999999997533
452,A83644,Atorvastatin_Tab 10mg,0212000B0AAAAAA,10,0.021000000000000116
182,A83055,Paracet_Tab 500mg,0407010H0AAAMAM,5,0.020999999999999873
181,A83636,Paracet_Tab 500mg,0407010H0AAAMAM,7,0.020999999999999873
180,A83636,Paracet_Tab 500mg,0407010H0AAAMAM,7,0.020999999999999873
179,A83055,Paracet_Tab 500mg,0407010H0AAAMAM,5,0.020999999999999873
490,A83029,Lamotrigine_Tab 100mg,0408010H0AAAAAA,7,0.01959999999999784
491,A83022,Lamotrigine_Tab 100mg,0408010H0AAAAAA,7,0.01959999999999784
453,A83637,Atorvastatin_Tab 10mg,0212000B0AAAAAA,9,0.018900000000000104
183,A83014,Paracet_Tab 500mg,0407010H0AAAMAM,9,0.018899999999999886
184,A83014,Paracet_Tab 500mg,0407010H0AAAMAM,9,0.018899999999999886
684,A83024,Nortriptyline_Tab 10mg,0403010V0AAADAD,3,0.018000000000000516
189,A83036,Paracet_Tab 500mg,0407010H0AAAMAM,3,0.01799999999999989
190,A83023,Paracet_Tab 500mg,0407010H0AAAMAM,3,0.01799999999999989
186,A83072,Paracet_Tab 500mg,0407010H0AAAMAM,3,0.01799999999999989
185,A83023,Paracet_Tab 500mg,0407010H0AAAMAM,3,0.01799999999999989
187,A83036,Paracet_Tab 500mg,0407010H0AAAMAM,3,0.01799999999999989
188,A83072,Paracet_Tab 500mg,0407010H0AAAMAM,3,0.01799999999999989
411,A83014,Mesalazine_Tab E/C 400mg,0105010B0AAAAAA,4,0.016800000000007476
412,A83049,Mesalazine_Tab E/C 400mg,0105010B0AAAAAA,4,0.01680000000000126
455,A83622,Atorvastatin_Tab 10mg,0212000B0AAAAAA,8,0.016800000000000093
454,A83072,Atorvastatin_Tab 10mg,0212000B0AAAAAA,8,0.016800000000000093
198,A83050,Paracet_Tab 500mg,0407010H0AAAMAM,4,0.0167999999999999
197,A83637,Paracet_Tab 500mg,0407010H0AAAMAM,4,0.0167999999999999
195,A83028,Paracet_Tab 500mg,0407010H0AAAMAM,4,0.0167999999999999
191,A83636,Paracet_Tab 500mg,0407010H0AAAMAM,4,0.0167999999999999
192,A83028,Paracet_Tab 500mg,0407010H0AAAMAM,4,0.0167999999999999
193,A83637,Paracet_Tab 500mg,0407010H0AAAMAM,4,0.0167999999999999
200,A83636,Paracet_Tab 500mg,0407010H0AAAMAM,4,0.0167999999999999
199,A83635,Paracet_Tab 500mg,0407010H0AAAMAM,4,0.0167999999999999
194,A83050,Paracet_Tab 500mg,0407010H0AAAMAM,4,0.0167999999999999
196,A83635,Paracet_Tab 500mg,0407010H0AAAMAM,4,0.0167999999999999
492,A83011,Lamotrigine_Tab 100mg,0408010H0AAAAAA,2,0.01679999999999815
456,A83026,Atorvastatin_Tab 10mg,0212000B0AAAAAA,4,0.01560000000000003
201,A83022,Paracet_Tab 500mg,0407010H0AAAMAM,5,0.01499999999999991
202,A83022,Paracet_Tab 500mg,0407010H0AAAMAM,5,0.01499999999999991
203,A83016,Paracet_Tab 500mg,0407010H0AAAMAM,5,0.013999999999999915
204,A83016,Paracet_Tab 500mg,0407010H0AAAMAM,5,0.013999999999999915
205,A83055,Paracet_Tab 500mg,0407010H0AAAMAM,5,0.013999999999999915
208,A83030,Paracet_Tab 500mg,0407010H0AAAMAM,5,0.013999999999999915
206,A83030,Paracet_Tab 500mg,0407010H0AAAMAM,5,0.013999999999999915
207,A83055,Paracet_Tab 500mg,0407010H0AAAMAM,5,0.013999999999999915
493,A83014,Lamotrigine_Tab 100mg,0408010H0AAAAAA,5,0.013999999999998458
209,A83018,Paracet_Tab 500mg,0407010H0AAAMAM,4,0.012800000000000145
210,A83018,Paracet_Tab 500mg,0407010H0AAAMAM,4,0.012800000000000145
385,A83055,Atorvastatin_Tab 80mg,0212000B0AAADAD,3,0.012600000000000361
686,A83049,Nortriptyline_Tab 10mg,0403010V0AAADAD,2,0.012000000000000344
685,A83030,Nortriptyline_Tab 10mg,0403010V0AAADAD,2,0.012000000000000344
212,A83009,Paracet_Tab 500mg,0407010H0AAAMAM,2,0.011999999999999927
213,A83009,Paracet_Tab 500mg,0407010H0AAAMAM,2,0.011999999999999927
216,A83028,Paracet_Tab 500mg,0407010H0AAAMAM,2,0.011999999999999927
211,A83028,Paracet_Tab 500mg,0407010H0AAAMAM,2,0.011999999999999927
215,A83617,Paracet_Tab 500mg,0407010H0AAAMAM,2,0.011999999999999927
214,A83617,Paracet_Tab 500mg,0407010H0AAAMAM,2,0.011999999999999927
687,A83024,Nortriptyline_Tab 10mg,0403010V0AAADAD,4,0.01120000000000032
688,A83022,Nortriptyline_Tab 10mg,0403010V0AAADAD,4,0.01120000000000032
689,A83055,Nortriptyline_Tab 10mg,0403010V0AAADAD,4,0.01120000000000032
690,A83016,Nortriptyline_Tab 10mg,0403010V0AAADAD,4,0.01120000000000032
692,A83030,Nortriptyline_Tab 10mg,0403010V0AAADAD,4,0.01120000000000032
691,A83027,Nortriptyline_Tab 10mg,0403010V0AAADAD,4,0.01120000000000032
749,A83024,Zonisamide_Cap 100mg,0408010ADAAAAAA,4,0.01120000000000032
230,A83073,Paracet_Tab 500mg,0407010H0AAAMAM,4,0.011199999999999932
227,A83028,Paracet_Tab 500mg,0407010H0AAAMAM,8,0.011199999999999932
223,A83009,Paracet_Tab 500mg,0407010H0AAAMAM,4,0.011199999999999932
234,A83014,Paracet_Tab 500mg,0407010H0AAAMAM,4,0.011199999999999932
222,A83038,Paracet_Tab 500mg,0407010H0AAAMAM,8,0.011199999999999932
221,A83630,Paracet_Tab 500mg,0407010H0AAAMAM,4,0.011199999999999932
233,A83073,Paracet_Tab 500mg,0407010H0AAAMAM,4,0.011199999999999932
232,A83009,Paracet_Tab 500mg,0407010H0AAAMAM,4,0.011199999999999932
231,A83635,Paracet_Tab 500mg,0407010H0AAAMAM,4,0.011199999999999932
229,A83635,Paracet_Tab 500mg,0407010H0AAAMAM,4,0.011199999999999932
228,A83632,Paracet_Tab 500mg,0407010H0AAAMAM,4,0.011199999999999932
226,A83014,Paracet_Tab 500mg,0407010H0AAAMAM,4,0.011199999999999932
225,A83630,Paracet_Tab 500mg,0407010H0AAAMAM,4,0.011199999999999932
224,A83028,Paracet_Tab 500mg,0407010H0AAAMAM,8,0.011199999999999932
220,A83632,Paracet_Tab 500mg,0407010H0AAAMAM,4,0.011199999999999932
217,A83024,Paracet_Tab 500mg,0407010H0AAAMAM,4,0.011199999999999932
218,A83024,Paracet_Tab 500mg,0407010H0AAAMAM,4,0.011199999999999932
219,A83038,Paracet_Tab 500mg,0407010H0AAAMAM,8,0.011199999999999932
498,A83622,Lamotrigine_Tab 100mg,0408010H0AAAAAA,4,0.011199999999998766
495,A83026,Lamotrigine_Tab 100mg,0408010H0AAAAAA,4,0.011199999999998766
494,A83036,Lamotrigine_Tab 100mg,0408010H0AAAAAA,4,0.011199999999998766
497,A83009,Lamotrigine_Tab 100mg,0408010H0AAAAAA,4,0.011199999999998766
496,A83038,Lamotrigine_Tab 100mg,0408010H0AAAAAA,4,0.011199999999998766
386,A83055,Atorvastatin_Tab 80mg,0212000B0AAADAD,5,0.0105000000000003
693,A83018,Nortriptyline_Tab 10mg,0403010V0AAADAD,2,0.010000000000000286
500,A83014,Lamotrigine_Tab 100mg,0408010H0AAAAAA,1,0.008399999999999075
503,A83028,Lamotrigine_Tab 100mg,0408010H0AAAAAA,1,0.008399999999999075
501,A83618,Lamotrigine_Tab 100mg,0408010H0AAAAAA,1,0.008399999999999075
502,A83635,Lamotrigine_Tab 100mg,0408010H0AAAAAA,1,0.008399999999999075
504,A83618,Lamotrigine_Tab 100mg,0408010H0AAAAAA,3,0.008399999999999075
750,A83050,Zonisamide_Cap 100mg,0408010ADAAAAAA,1,0.008399999999999075
499,A83636,Lamotrigine_Tab 100mg,0408010H0AAAAAA,1,0.008399999999999075
237,A83036,Paracet_Tab 500mg,0407010H0AAAMAM,5,0.006999999999999958
238,A83029,Paracet_Tab 500mg,0407010H0AAAMAM,5,0.006999999999999958
236,A83029,Paracet_Tab 500mg,0407010H0AAAMAM,5,0.006999999999999958
235,A83036,Paracet_Tab 500mg,0407010H0AAAMAM,5,0.006999999999999958
387,A83632,Atorvastatin_Tab 80mg,0212000B0AAADAD,3,0.0063000000000001805
694,Y05843,Nortriptyline_Tab 10mg,0403010V0AAADAD,1,0.006000000000000172
695,A83027,Nortriptyline_Tab 10mg,0403010V0AAADAD,1,0.006000000000000172
696,A83022,Nortriptyline_Tab 10mg,0403010V0AAADAD,1,0.006000000000000172
697,A83026,Nortriptyline_Tab 10mg,0403010V0AAADAD,1,0.006000000000000172
698,A83073,Nortriptyline_Tab 10mg,0403010V0AAADAD,1,0.006000000000000172
13,A83030,Atorvastatin_Tab 20mg,0212000B0AAABAB,1,0.006000000000000172
241,A83635,Paracet_Tab 500mg,0407010H0AAAMAM,1,0.005999999999999964
246,A83072,Paracet_Tab 500mg,0407010H0AAAMAM,2,0.005999999999999964
249,A83038,Paracet_Tab 500mg,0407010H0AAAMAM,1,0.005999999999999964
244,A83038,Paracet_Tab 500mg,0407010H0AAAMAM,1,0.005999999999999964
245,A83026,Paracet_Tab 500mg,0407010H0AAAMAM,1,0.005999999999999964
256,A83049,Paracet_Tab 500mg,0407010H0AAAMAM,1,0.005999999999999964
255,A83026,Paracet_Tab 500mg,0407010H0AAAMAM,1,0.005999999999999964
254,A83016,Paracet_Tab 500mg,0407010H0AAAMAM,2,0.005999999999999964
253,A83617,Paracet_Tab 500mg,0407010H0AAAMAM,2,0.005999999999999964
252,A83635,Paracet_Tab 500mg,0407010H0AAAMAM,1,0.005999999999999964
251,A83014,Paracet_Tab 500mg,0407010H0AAAMAM,1,0.005999999999999964
250,A83617,Paracet_Tab 500mg,0407010H0AAAMAM,2,0.005999999999999964
248,A83072,Paracet_Tab 500mg,0407010H0AAAMAM,2,0.005999999999999964
243,A83014,Paracet_Tab 500mg,0407010H0AAAMAM,1,0.005999999999999964
239,A83049,Paracet_Tab 500mg,0407010H0AAAMAM,1,0.005999999999999964
242,A83016,Paracet_Tab 500mg,0407010H0AAAMAM,2,0.005999999999999964
240,A83050,Paracet_Tab 500mg,0407010H0AAAMAM,1,0.005999999999999964
247,A83050,Paracet_Tab 500mg,0407010H0AAAMAM,1,0.005999999999999964
268,A83011,Paracet_Tab 500mg,0407010H0AAAMAM,4,0.005599999999999966
257,A83011,Paracet_Tab 500mg,0407010H0AAAMAM,4,0.005599999999999966
270,A83033,Paracet_Tab 500mg,0407010H0AAAMAM,4,0.005599999999999966
269,A83635,Paracet_Tab 500mg,0407010H0AAAMAM,4,0.005599999999999966
264,A83009,Paracet_Tab 500mg,0407010H0AAAMAM,4,0.005599999999999966
263,A83072,Paracet_Tab 500mg,0407010H0AAAMAM,4,0.005599999999999966
266,A83009,Paracet_Tab 500mg,0407010H0AAAMAM,4,0.005599999999999966
265,A83072,Paracet_Tab 500mg,0407010H0AAAMAM,4,0.005599999999999966
259,A83050,Paracet_Tab 500mg,0407010H0AAAMAM,4,0.005599999999999966
260,A83636,Paracet_Tab 500mg,0407010H0AAAMAM,4,0.005599999999999966
261,A83635,Paracet_Tab 500mg,0407010H0AAAMAM,4,0.005599999999999966
258,A83636,Paracet_Tab 500mg,0407010H0AAAMAM,4,0.005599999999999966
262,A83050,Paracet_Tab 500mg,0407010H0AAAMAM,4,0.005599999999999966
267,A83033,Paracet_Tab 500mg,0407010H0AAAMAM,4,0.005599999999999966
513,A83026,Lamotrigine_Tab 100mg,0408010H0AAAAAA,1,0.005599999999999383
510,A83635,Lamotrigine_Tab 100mg,0408010H0AAAAAA,1,0.005599999999999383
511,A83050,Lamotrigine_Tab 100mg,0408010H0AAAAAA,2,0.005599999999999383
515,A83636,Lamotrigine_Tab 100mg,0408010H0AAAAAA,1,0.005599999999999383
505,A83055,Lamotrigine_Tab 100mg,0408010H0AAAAAA,1,0.005599999999999383
506,A83028,Lamotrigine_Tab 100mg,0408010H0AAAAAA,1,0.005599999999999383
507,A83618,Lamotrigine_Tab 100mg,0408010H0AAAAAA,1,0.005599999999999383
508,A83009,Lamotrigine_Tab 100mg,0408010H0AAAAAA,1,0.005599999999999383
509,A83073,Lamotrigine_Tab 100mg,0408010H0AAAAAA,1,0.005599999999999383
514,A83049,Lamotrigine_Tab 100mg,0408010H0AAAAAA,1,0.005599999999999383
512,A83023,Lamotrigine_Tab 100mg,0408010H0AAAAAA,1,0.005599999999999383
30,A83618,Atorvastatin_Tab 40mg,0212000B0AAACAC,1,0.00540000000000003
14,A83009,Atorvastatin_Tab 20mg,0212000B0AAABAB,1,0.005300000000000152
699,A83030,Nortriptyline_Tab 10mg,0403010V0AAADAD,1,0.005000000000000143
700,A83073,Nortriptyline_Tab 10mg,0403010V0AAADAD,1,0.005000000000000143
31,A83011,Atorvastatin_Tab 40mg,0212000B0AAACAC,1,0.0048000000000001375
15,A83618,Atorvastatin_Tab 20mg,0212000B0AAABAB,1,0.00440000000000005
388,A83009,Atorvastatin_Tab 80mg,0212000B0AAADAD,1,0.00420000000000012
457,A83055,Atorvastatin_Tab 10mg,0212000B0AAAAAA,2,0.004200000000000023
458,A83016,Atorvastatin_Tab 10mg,0212000B0AAAAAA,1,0.004200000000000023
459,A83636,Atorvastatin_Tab 10mg,0212000B0AAAAAA,2,0.004200000000000023
271,A83026,Paracet_Tab 500mg,0407010H0AAAMAM,2,0.004199999999999975
272,A83026,Paracet_Tab 500mg,0407010H0AAAMAM,2,0.004199999999999975
274,A83049,Paracet_Tab 500mg,0407010H0AAAMAM,1,0.0040000000000000105
273,A83049,Paracet_Tab 500mg,0407010H0AAAMAM,1,0.0040000000000000105
32,A83016,Atorvastatin_Tab 40mg,0212000B0AAACAC,1,0.00360000000000002
16,A83618,Atorvastatin_Tab 20mg,0212000B0AAABAB,1,0.0030000000000000165
275,A83050,Paracet_Tab 500mg,0407010H0AAAMAM,1,0.002999999999999982
276,A83050,Paracet_Tab 500mg,0407010H0AAAMAM,1,0.002999999999999982
751,A83018,Zonisamide_Cap 100mg,0408010ADAAAAAA,1,0.00280000000000008
701,A83050,Nortriptyline_Tab 10mg,0403010V0AAADAD,1,0.00280000000000008
703,A83026,Nortriptyline_Tab 10mg,0403010V0AAADAD,1,0.00280000000000008
702,A83018,Nortriptyline_Tab 10mg,0403010V0AAADAD,1,0.00280000000000008
277,A83014,Paracet_Tab 500mg,0407010H0AAAMAM,2,0.002799999999999983
278,A83617,Paracet_Tab 500mg,0407010H0AAAMAM,1,0.002799999999999983
279,A83617,Paracet_Tab 500mg,0407010H0AAAMAM,1,0.002799999999999983
280,A83014,Paracet_Tab 500mg,0407010H0AAAMAM,2,0.002799999999999983
460,Y00650,Atorvastatin_Tab 10mg,0212000B0AAAAAA,1,0.0021000000000000116
17,A83016,Atorvastatin_Tab 20mg,0212000B0AAABAB,1,0.0020000000000000573
461,A83016,Atorvastatin_Tab 10mg,0212000B0AAAAAA,1,0.0018000000000000203
389,A83618,Atorvastatin_Tab 80mg,0212000B0AAADAD,1,0.0016000000000000458
564,A83018,Lamotrigine_Tab 100mg,0408010H0AAAAAA,1,0.0
569,A83018,Lamotrigine_Tab 100mg,0408010H0AAAAAA,8,0.0
568,A83049,Lamotrigine_Tab 100mg,0408010H0AAAAAA,1,0.0
567,A83014,Lamotrigine_Tab 100mg,0408010H0AAAAAA,2,0.0
566,A83011,Lamotrigine_Tab 100mg,0408010H0AAAAAA,7,0.0
565,A83036,Lamotrigine_Tab 100mg,0408010H0AAAAAA,1,0.0
521,A83030,Lamotrigine_Tab 100mg,0408010H0AAAAAA,5,0.0
563,A83016,Lamotrigine_Tab 100mg,0408010H0AAAAAA,1,0.0
529,A83018,Lamotrigine_Tab 100mg,0408010H0AAAAAA,5,0.0
542,A83024,Lamotrigine_Tab 100mg,0408010H0AAAAAA,1,0.0
541,A83637,Lamotrigine_Tab 100mg,0408010H0AAAAAA,1,0.0
540,A83050,Lamotrigine_Tab 100mg,0408010H0AAAAAA,1,0.0
539,A83009,Lamotrigine_Tab 100mg,0408010H0AAAAAA,1,0.0
538,A83022,Lamotrigine_Tab 100mg,0408010H0AAAAAA,12,0.0
536,A83073,Lamotrigine_Tab 100mg,0408010H0AAAAAA,1,0.0
535,A83016,Lamotrigine_Tab 100mg,0408010H0AAAAAA,5,0.0
534,A83050,Lamotrigine_Tab 100mg,0408010H0AAAAAA,5,0.0
533,A83644,Lamotrigine_Tab 100mg,0408010H0AAAAAA,1,0.0
532,A83026,Lamotrigine_Tab 100mg,0408010H0AAAAAA,1,0.0
531,A83644,Lamotrigine_Tab 100mg,0408010H0AAAAAA,5,0.0
530,A83073,Lamotrigine_Tab 100mg,0408010H0AAAAAA,5,0.0
528,A83026,Lamotrigine_Tab 100mg,0408010H0AAAAAA,1,0.0
544,A83009,Lamotrigine_Tab 100mg,0408010H0AAAAAA,5,0.0
527,A83023,Lamotrigine_Tab 100mg,0408010H0AAAAAA,1,0.0
526,A83637,Lamotrigine_Tab 100mg,0408010H0AAAAAA,1,0.0
525,A83038,Lamotrigine_Tab 100mg,0408010H0AAAAAA,1,0.0
524,A83036,Lamotrigine_Tab 100mg,0408010H0AAAAAA,4,0.0
523,A83049,Lamotrigine_Tab 100mg,0408010H0AAAAAA,8,0.0
522,A83023,Lamotrigine_Tab 100mg,0408010H0AAAAAA,7,0.0
520,A83635,Lamotrigine_Tab 100mg,0408010H0AAAAAA,1,0.0
519,A83038,Lamotrigine_Tab 100mg,0408010H0AAAAAA,4,0.0
518,A83033,Lamotrigine_Tab 100mg,0408010H0AAAAAA,5,0.0
517,A83023,Lamotrigine_Tab 100mg,0408010H0AAAAAA,1,0.0
516,A83022,Lamotrigine_Tab 100mg,0408010H0AAAAAA,3,0.0
562,A83030,Lamotrigine_Tab 100mg,0408010H0AAAAAA,2,0.0
543,A83617,Lamotrigine_Tab 100mg,0408010H0AAAAAA,1,0.0
537,A83028,Lamotrigine_Tab 100mg,0408010H0AAAAAA,3,0.0
545,A83018,Lamotrigine_Tab 100mg,0408010H0AAAAAA,2,0.0
553,A83029,Lamotrigine_Tab 100mg,0408010H0AAAAAA,4,0.0
560,A83636,Lamotrigine_Tab 100mg,0408010H0AAAAAA,3,0.0
561,A83027,Lamotrigine_Tab 100mg,0408010H0AAAAAA,1,0.0
558,A83011,Lamotrigine_Tab 100mg,0408010H0AAAAAA,5,0.0
557,A83029,Lamotrigine_Tab 100mg,0408010H0AAAAAA,3,0.0
556,A83635,Lamotrigine_Tab 100mg,0408010H0AAAAAA,1,0.0
555,A83072,Lamotrigine_Tab 100mg,0408010H0AAAAAA,1,0.0
546,A83028,Lamotrigine_Tab 100mg,0408010H0AAAAAA,1,0.0
554,A83026,Lamotrigine_Tab 100mg,0408010H0AAAAAA,4,0.0
552,A83618,Lamotrigine_Tab 100mg,0408010H0AAAAAA,1,0.0
551,A83622,Lamotrigine_Tab 100mg,0408010H0AAAAAA,1,0.0
550,A83618,Lamotrigine_Tab 100mg,0408010H0AAAAAA,6,0.0
549,A83038,Lamotrigine_Tab 100mg,0408010H0AAAAAA,4,0.0
548,A83024,Lamotrigine_Tab 100mg,0408010H0AAAAAA,4,0.0
547,A83016,Lamotrigine_Tab 100mg,0408010H0AAAAAA,1,0.0
559,A83024,Lamotrigine_Tab 100mg,0408010H0AAAAAA,1,0.0
390,A83617,Atorvastatin_Tab 80mg,0212000B0AAADAD,1,-0.0010999999999999899
282,A83009,Paracet_Tab 500mg,0407010H0AAAMAM,1,-0.0011999999999999997
283,A83016,Paracet_Tab 500mg,0407010H0AAAMAM,1,-0.0011999999999999997
284,A83009,Paracet_Tab 500mg,0407010H0AAAMAM,1,-0.0011999999999999997
281,A83016,Paracet_Tab 500mg,0407010H0AAAMAM,1,-0.0011999999999999997
18,A83644,Atorvastatin_Tab 20mg,0212000B0AAABAB,1,-0.0026999999999999837
19,A83022,Atorvastatin_Tab 20mg,0212000B0AAABAB,1,-0.002799999999999997
707,A83023,Nortriptyline_Tab 10mg,0403010V0AAADAD,1,-0.0029999999999996696
705,A83018,Nortriptyline_Tab 10mg,0403010V0AAADAD,1,-0.0029999999999996696
704,A83049,Nortriptyline_Tab 10mg,0403010V0AAADAD,1,-0.0029999999999996696
708,A83644,Nortriptyline_Tab 10mg,0403010V0AAADAD,1,-0.0029999999999996696
706,A83028,Nortriptyline_Tab 10mg,0403010V0AAADAD,1,-0.0029999999999996696
711,A83050,Nortriptyline_Tab 10mg,0403010V0AAADAD,1,-0.0029999999999996696
710,A83072,Nortriptyline_Tab 10mg,0403010V0AAADAD,1,-0.0029999999999996696
709,A83618,Nortriptyline_Tab 10mg,0403010V0AAADAD,1,-0.0029999999999996696
21,A83050,Atorvastatin_Tab 20mg,0212000B0AAABAB,1,-0.0029999999999998778
20,A83072,Atorvastatin_Tab 20mg,0212000B0AAABAB,1,-0.0029999999999998778
463,A83072,Atorvastatin_Tab 10mg,0212000B0AAAAAA,1,-0.002999999999999982
462,A83023,Atorvastatin_Tab 10mg,0212000B0AAAAAA,1,-0.002999999999999982
464,A83050,Atorvastatin_Tab 10mg,0212000B0AAAAAA,1,-0.0031999999999999806
465,A83011,Atorvastatin_Tab 10mg,0212000B0AAAAAA,1,-0.003999999999999976
286,Y04033,Paracet_Tab 500mg,0407010H0AAAMAM,1,-0.003999999999999976
285,Y04033,Paracet_Tab 500mg,0407010H0AAAMAM,1,-0.003999999999999976
466,A83028,Atorvastatin_Tab 10mg,0212000B0AAAAAA,1,-0.004199999999999975
288,A83036,Paracet_Tab 500mg,0407010H0AAAMAM,1,-0.004799999999999971
287,A83036,Paracet_Tab 500mg,0407010H0AAAMAM,1,-0.004799999999999971
289,A83049,Paracet_Tab 500mg,0407010H0AAAMAM,1,-0.004799999999999999
290,A83049,Paracet_Tab 500mg,0407010H0AAAMAM,1,-0.004799999999999999
714,A83636,Nortriptyline_Tab 10mg,0403010V0AAADAD,1,-0.005599999999999772
712,A83023,Nortriptyline_Tab 10mg,0403010V0AAADAD,1,-0.005599999999999772
713,A83618,Nortriptyline_Tab 10mg,0403010V0AAADAD,1,-0.005599999999999772
717,A83030,Nortriptyline_Tab 10mg,0403010V0AAADAD,2,-0.005999999999999339
716,A83026,Nortriptyline_Tab 10mg,0403010V0AAADAD,2,-0.005999999999999339
715,A83024,Nortriptyline_Tab 10mg,0403010V0AAADAD,2,-0.005999999999999339
391,A83050,Atorvastatin_Tab 80mg,0212000B0AAADAD,1,-0.006000000000000172
296,A83016,Paracet_Tab 500mg,0407010H0AAAMAM,4,-0.007999999999999952
295,A83026,Paracet_Tab 500mg,0407010H0AAAMAM,2,-0.007999999999999952
294,A83026,Paracet_Tab 500mg,0407010H0AAAMAM,2,-0.007999999999999952
293,A83016,Paracet_Tab 500mg,0407010H0AAAMAM,4,-0.007999999999999952
292,A83018,Paracet_Tab 500mg,0407010H0AAAMAM,4,-0.007999999999999952
291,A83018,Paracet_Tab 500mg,0407010H0AAAMAM,4,-0.007999999999999952
723,A83011,Nortriptyline_Tab 10mg,0403010V0AAADAD,1,-0.008399999999999075
718,A83033,Nortriptyline_Tab 10mg,0403010V0AAADAD,4,-0.008399999999999075
719,A83049,Nortriptyline_Tab 10mg,0403010V0AAADAD,4,-0.008399999999999075
720,A83027,Nortriptyline_Tab 10mg,0403010V0AAADAD,1,-0.008399999999999075
721,A83618,Nortriptyline_Tab 10mg,0403010V0AAADAD,1,-0.008399999999999075
722,A83055,Nortriptyline_Tab 10mg,0403010V0AAADAD,1,-0.008399999999999075
724,A83635,Nortriptyline_Tab 10mg,0403010V0AAADAD,4,-0.008399999999999075
570,A83036,Lamotrigine_Tab 100mg,0408010H0AAAAAA,4,-0.008400000000003738
725,A83022,Nortriptyline_Tab 10mg,0403010V0AAADAD,3,-0.008999999999999009
467,A83033,Atorvastatin_Tab 10mg,0212000B0AAAAAA,1,-0.008999999999999946
297,A83016,Paracet_Tab 500mg,0407010H0AAAMAM,2,-0.009599999999999942
298,A83016,Paracet_Tab 500mg,0407010H0AAAMAM,2,-0.009599999999999942
729,A83018,Nortriptyline_Tab 10mg,0403010V0AAADAD,2,-0.011199999999999544
728,A83022,Nortriptyline_Tab 10mg,0403010V0AAADAD,2,-0.011199999999999544
727,A83073,Nortriptyline_Tab 10mg,0403010V0AAADAD,2,-0.011199999999999544
726,A83050,Nortriptyline_Tab 10mg,0403010V0AAADAD,2,-0.011199999999999544
299,Y04033,Paracet_Tab 500mg,0407010H0AAAMAM,2,-0.011199999999999932
300,Y04033,Paracet_Tab 500mg,0407010H0AAAMAM,2,-0.011199999999999932
468,A83049,Atorvastatin_Tab 10mg,0212000B0AAAAAA,8,-0.012799999999999923
730,A83636,Nortriptyline_Tab 10mg,0403010V0AAADAD,4,-0.014000000000000012
572,A83033,Lamotrigine_Tab 100mg,0408010H0AAAAAA,4,-0.014000000000000012
571,A83009,Lamotrigine_Tab 100mg,0408010H0AAAAAA,4,-0.014000000000000012
731,A83028,Nortriptyline_Tab 10mg,0403010V0AAADAD,2,-0.01679999999999815
733,A83636,Nortriptyline_Tab 10mg,0403010V0AAADAD,2,-0.01679999999999815
732,A83022,Nortriptyline_Tab 10mg,0403010V0AAADAD,2,-0.01679999999999815
734,A83022,Nortriptyline_Tab 10mg,0403010V0AAADAD,8,-0.01679999999999815
735,A83026,Nortriptyline_Tab 10mg,0403010V0AAADAD,3,-0.016799999999999315
736,A83016,Nortriptyline_Tab 10mg,0403010V0AAADAD,3,-0.016799999999999315
737,A83050,Nortriptyline_Tab 10mg,0403010V0AAADAD,5,-0.017500000000000016
738,A83036,Nortriptyline_Tab 10mg,0403010V0AAADAD,5,-0.017500000000000016
573,A83014,Lamotrigine_Tab 100mg,0408010H0AAAAAA,5,-0.017500000000000016
574,A83016,Lamotrigine_Tab 100mg,0408010H0AAAAAA,5,-0.021000000000009345
740,A83022,Nortriptyline_Tab 10mg,0403010V0AAADAD,7,-0.024500000000000022
741,A83018,Nortriptyline_Tab 10mg,0403010V0AAADAD,7,-0.024500000000000022
739,A83030,Nortriptyline_Tab 10mg,0403010V0AAADAD,7,-0.024500000000000022
743,A83073,Nortriptyline_Tab 10mg,0403010V0AAADAD,3,-0.025199999999997225
742,A83635,Nortriptyline_Tab 10mg,0403010V0AAADAD,3,-0.025199999999997225
575,A83022,Lamotrigine_Tab 100mg,0408010H0AAAAAA,13,-0.027300000000012148
576,A83024,Lamotrigine_Tab 100mg,0408010H0AAAAAA,8,-0.028000000000000025
577,A83030,Lamotrigine_Tab 100mg,0408010H0AAAAAA,8,-0.028000000000000025
578,A83050,Lamotrigine_Tab 100mg,0408010H0AAAAAA,9,-0.03150000000000003
744,A83016,Nortriptyline_Tab 10mg,0403010V0AAADAD,4,-0.0335999999999963
302,A83018,Paracet_Tab 500mg,0407010H0AAAMAM,8,-0.03839999999999999
301,A83018,Paracet_Tab 500mg,0407010H0AAAMAM,8,-0.03839999999999999
579,A83028,Lamotrigine_Tab 100mg,0408010H0AAAAAA,12,-0.04200000000000004
580,A83022,Lamotrigine_Tab 100mg,0408010H0AAAAAA,14,-0.049000000000000044
304,A83635,Paracet_Tab 500mg,0407010H0AAAMAM,16,-0.08959999999999946
303,A83635,Paracet_Tab 500mg,0407010H0AAAMAM,16,-0.08959999999999946
305,A83617,Paracet_Tab 500mg,0407010H0AAAMAM,19,-0.10639999999999936
307,A83630,Paracet_Tab 500mg,0407010H0AAAMAM,19,-0.10639999999999936
308,A83630,Paracet_Tab 500mg,0407010H0AAAMAM,19,-0.10639999999999936
306,A83617,Paracet_Tab 500mg,0407010H0AAAMAM,19,-0.10639999999999936
309,A83072,Paracet_Tab 500mg,0407010H0AAAMAM,33,-0.18479999999999888
310,A83072,Paracet_Tab 500mg,0407010H0AAAMAM,33,-0.18479999999999888
311,A83055,Paracet_Tab 500mg,0407010H0AAAMAM,37,-0.20719999999999875
312,A83055,Paracet_Tab 500mg,0407010H0AAAMAM,37,-0.20719999999999875
313,A83073,Paracet_Tab 500mg,0407010H0AAAMAM,41,-0.2295999999999986
314,A83073,Paracet_Tab 500mg,0407010H0AAAMAM,41,-0.2295999999999986
315,A83014,Paracet_Tab 500mg,0407010H0AAAMAM,62,-0.3471999999999979
316,A83014,Paracet_Tab 500mg,0407010H0AAAMAM,62,-0.3471999999999979
317,A83636,Paracet_Tab 500mg,0407010H0AAAMAM,73,-0.4087999999999975
318,A83636,Paracet_Tab 500mg,0407010H0AAAMAM,73,-0.4087999999999975
319,A83029,Paracet_Tab 500mg,0407010H0AAAMAM,78,-0.43679999999999736
320,A83029,Paracet_Tab 500mg,0407010H0AAAMAM,78,-0.43679999999999736
321,A83617,Paracet_Tab 500mg,0407010H0AAAMAM,2,-0.4416
322,A83617,Paracet_Tab 500mg,0407010H0AAAMAM,2,-0.4416
323,A83036,Paracet_Tab 500mg,0407010H0AAAMAM,88,-0.492799999999997
324,A83036,Paracet_Tab 500mg,0407010H0AAAMAM,88,-0.492799999999997
325,A83050,Paracet_Tab 500mg,0407010H0AAAMAM,101,-0.5655999999999965
326,A83050,Paracet_Tab 500mg,0407010H0AAAMAM,101,-0.5655999999999965
327,A83011,Paracet_Tab 500mg,0407010H0AAAMAM,110,-0.6159999999999963
328,A83011,Paracet_Tab 500mg,0407010H0AAAMAM,110,-0.6159999999999963
329,A83024,Paracet_Tab 500mg,0407010H0AAAMAM,123,-0.6887999999999959
330,A83024,Paracet_Tab 500mg,0407010H0AAAMAM,123,-0.6887999999999959
331,A83026,Paracet_Tab 500mg,0407010H0AAAMAM,130,-0.7279999999999955
332,A83026,Paracet_Tab 500mg,0407010H0AAAMAM,130,-0.7279999999999955
333,A83073,Paracet_Tab 500mg,0407010H0AAAMAM,11,-0.7391999999999999
334,A83073,Paracet_Tab 500mg,0407010H0AAAMAM,11,-0.7391999999999999
335,A83016,Paracet_Tab 500mg,0407010H0AAAMAM,165,-0.9239999999999944
336,A83016,Paracet_Tab 500mg,0407010H0AAAMAM,165,-0.9239999999999944
337,A83049,Paracet_Tab 500mg,0407010H0AAAMAM,167,-0.9351999999999944
338,A83049,Paracet_Tab 500mg,0407010H0AAAMAM,167,-0.9351999999999944
340,A83030,Paracet_Tab 500mg,0407010H0AAAMAM,4,-1.032
339,A83030,Paracet_Tab 500mg,0407010H0AAAMAM,4,-1.032
341,A83033,Paracet_Tab 500mg,0407010H0AAAMAM,204,-1.1423999999999932
342,A83033,Paracet_Tab 500mg,0407010H0AAAMAM,204,-1.1423999999999932
343,A83618,Paracet_Tab 500mg,0407010H0AAAMAM,55,-1.2319999999999927
344,A83618,Paracet_Tab 500mg,0407010H0AAAMAM,55,-1.2319999999999927
345,A83030,Paracet_Tab 500mg,0407010H0AAAMAM,20,-1.3439999999999996
346,A83030,Paracet_Tab 500mg,0407010H0AAAMAM,20,-1.3439999999999996
347,A83022,Paracet_Tab 500mg,0407010H0AAAMAM,259,-1.4503999999999913
348,A83022,Paracet_Tab 500mg,0407010H0AAAMAM,259,-1.4503999999999913
413,A83022,Mesalazine_Tab E/C 400mg,0105010B0AAAAAA,1,-15.971199999999998
415,A83073,Mesalazine_Tab E/C 400mg,0105010B0AAAAAA,1,-17.112
414,A83014,Mesalazine_Tab E/C 400mg,0105010B0AAAAAA,1,-17.112
417,A83022,Mesalazine_Tab E/C 400mg,0105010B0AAAAAA,1,-23.956799999999998
416,A83036,Mesalazine_Tab E/C 400mg,0105010B0AAAAAA,1,-23.956799999999998
418,A83055,Mesalazine_Tab E/C 400mg,0105010B0AAAAAA,1,-47.913599999999995
419,A83036,Mesalazine_Tab E/C 400mg,0105010B0AAAAAA,1,-71.87039999999999
