,practice_code,bnf_description,bnf_code,items,excess_cost
0,K83002,Anastrozole_Tab 1mg,0803041B0AAAAAA,68,61.537699999999994
1,K83002,Atorvastatin_Tab 20mg,0212000B0AAABAB,2,-0.007199999999999873
2,K83002,Clonazepam_Tab 500mcg,0408010F0AAABAB,85,45.98279999999991
3,K83002,Lamotrigine_Tab 200mg,0408010H0AAA1A1,19,56.99679999999999
4,K83002,Lamotrigine_Tab Disper 25mg S/F,0408010H0AAAQAQ,31,63.72
5,K83002,Memantine HCl_Tab 20mg,0411000G0AAADAD,24,56.98560000000001
6,K83002,Nefopam HCl_Tab 30mg,0407010P0AAABAB,62,54.68400000000002
7,K83002,Paracet_Tab 500mg,0407010H0AAAMAM,1434,62.53120000000028
8,K83002,Quetiapine_Tab 200mg,0402010ABAAADAD,4,-0.008399999999999075
9,K83002,Quetiapine_Tab 25mg,0402010ABAAABAB,77,63.53899999999999
10,K83059,Atorvastatin_Tab 20mg,0212000B0AAABAB,367,45.21440000000001
11,K83059,Clonazepam_Tab 500mcg,0408010F0AAABAB,18,9.80839999999998
12,K83059,Lamotrigine_Tab 200mg,0408010H0AAA1A1,4,0.0
13,K83059,Paracet_Tab 500mg,0407010H0AAAMAM,18,0.10799999999999935
14,K83059,Quetiapine_Tab 200mg,0402010ABAAADAD,1,-0.0027999999999996916
15,K83059,Quetiapine_Tab 25mg,0402010ABAAABAB,14,0.04100000000000087
16,K83607,Clonazepam_Tab 500mcg,0408010F0AAABAB,3,1.7627999999999964
17,K83607,Quetiapine_Tab 25mg,0402010ABAAABAB,1,-0.00280000000000008
18,K83614,Clonazepam_Tab 500mcg,0408010F0AAABAB,14,12.655999999999974
19,K83614,Lamotrigine_Tab 200mg,0408010H0AAA1A1,3,0.0
20,K83614,Lamotrigine_Tab Disper 25mg S/F,0408010H0AAAQAQ,1,0.004200000000000023
21,K83614,Paracet_Tab 500mg,0407010H0AAAMAM,268,3.7080000000000206
22,K83614,Quetiapine_Tab 200mg,0402010ABAAADAD,1,-0.0027999999999996916
23,K83614,Quetiapine_Tab 25mg,0402010ABAAABAB,7,0.008399999999999463
24,K83622,Atorvastatin_Tab 20mg,0212000B0AAABAB,411,44.88120000000001
25,K83622,Clonazepam_Tab 500mcg,0408010F0AAABAB,9,5.175399999999989
26,K83622,Lamotrigine_Tab 200mg,0408010H0AAA1A1,8,28.53759999999999
27,K83622,Paracet_Tab 500mg,0407010H0AAAMAM,162,38.6112
28,K83622,Quetiapine_Tab 200mg,0402010ABAAADAD,12,83.51020000000001
29,K83622,Quetiapine_Tab 25mg,0402010ABAAABAB,6,0.03919999999999957
