,practice_code,bnf_description,bnf_code,items,excess_cost
0,L85037,Pregabalin_Cap 100mg,0408010AEAAADAD,4,341.4208
2,L85037,Pregabalin_Cap 100mg,0408010AEAAADAD,2,170.7048
1,L85037,Pregabalin_Cap 100mg,0408010AEAAADAD,3,170.7048
293,L85009,Phenytoin_Sod Tab 100mg,0408010Q0AAAGAG,1,159.19679999999997
3,L85054,Pregabalin_Cap 100mg,0408010AEAAADAD,2,56.9072
898,L85037,Sumatriptan_Tab 50mg,0407041T0AAAFAF,6,55.0008
607,L85054,Lamotrigine_Tab 100mg,0408010H0AAAAAA,1,37.52
1164,L85010,Paracet_Tab Solb 500mg,0407010H0AAAQAQ,3,36.75
1163,L85010,Paracet_Tab Solb 500mg,0407010H0AAAQAQ,3,36.75
297,L85054,Propranolol HCl_Tab 10mg,0204000R0AAAHAH,1,33.528
298,L85054,Propranolol HCl_Tab 10mg,0204000R0AAAHAH,1,31.2928
299,L85033,Propranolol HCl_Tab 10mg,0204000R0AAAHAH,4,29.500800000000005
821,L85034,Risperidone_Tab 6mg,040201030AAAFAF,1,29.2096
820,L85032,Risperidone_Tab 6mg,040201030AAAFAF,1,29.2096
819,L85014,Risperidone_Tab 6mg,040201030AAAFAF,1,29.2096
608,L85037,Lamotrigine_Tab 100mg,0408010H0AAAAAA,2,21.313599999999997
609,L85033,Lamotrigine_Tab 100mg,0408010H0AAAAAA,12,21.302399999999967
294,L85054,Phenytoin_Sod Tab 100mg,0408010Q0AAAGAG,2,19.902399999999997
610,L85054,Lamotrigine_Tab 100mg,0408010H0AAAAAA,10,18.759999999999984
300,L85054,Propranolol HCl_Tab 10mg,0204000R0AAAHAH,3,15.657600000000006
301,L85054,Propranolol HCl_Tab 10mg,0204000R0AAAHAH,11,15.646399999999995
302,L85054,Propranolol HCl_Tab 10mg,0204000R0AAAHAH,8,15.635199999999998
899,L85054,Sumatriptan_Tab 50mg,0407041T0AAAFAF,8,13.007999999999996
900,L85024,Sumatriptan_Tab 50mg,0407041T0AAAFAF,10,6.881999999999994
901,L85024,Sumatriptan_Tab 50mg,0407041T0AAAFAF,13,6.8795999999999875
19,L85007,Clonazepam_Tab 500mcg,0408010F0AAABAB,9,5.695199999999988
20,L85007,Clonazepam_Tab 500mcg,0408010F0AAABAB,3,5.695199999999988
1071,L85022,Methocarbamol_Tab 750mg,1002020S0AAABAB,12,5.159999999999998
21,L85023,Clonazepam_Tab 500mcg,0408010F0AAABAB,8,5.06239999999999
23,L85001,Clonazepam_Tab 500mcg,0408010F0AAABAB,1,5.06239999999999
22,L85014,Clonazepam_Tab 500mcg,0408010F0AAABAB,4,5.06239999999999
24,L85008,Clonazepam_Tab 500mcg,0408010F0AAABAB,7,4.429599999999991
26,L85004,Clonazepam_Tab 500mcg,0408010F0AAABAB,6,3.796799999999992
27,L85014,Clonazepam_Tab 500mcg,0408010F0AAABAB,6,3.796799999999992
28,L85001,Clonazepam_Tab 500mcg,0408010F0AAABAB,2,3.796799999999992
25,L85033,Clonazepam_Tab 500mcg,0408010F0AAABAB,3,3.796799999999992
29,L85064,Clonazepam_Tab 500mcg,0408010F0AAABAB,11,3.480399999999993
30,L85033,Clonazepam_Tab 500mcg,0408010F0AAABAB,11,3.480399999999993
31,L85010,Clonazepam_Tab 500mcg,0408010F0AAABAB,11,3.480399999999993
1072,L85019,Methocarbamol_Tab 750mg,1002020S0AAABAB,8,3.4399999999999986
33,L85041,Clonazepam_Tab 500mcg,0408010F0AAABAB,2,3.389999999999993
35,L85020,Clonazepam_Tab 500mcg,0408010F0AAABAB,3,3.389999999999993
34,L85035,Clonazepam_Tab 500mcg,0408010F0AAABAB,3,3.389999999999993
32,L85006,Clonazepam_Tab 500mcg,0408010F0AAABAB,1,3.389999999999993
902,L85054,Sumatriptan_Tab 50mg,0407041T0AAAFAF,10,3.251999999999995
36,L85001,Clonazepam_Tab 500mcg,0408010F0AAABAB,5,3.1639999999999935
822,L85065,Amiodarone HCl_Tab 200mg,0203020D0AAABAB,9,3.150000000000003
1074,L85015,Methocarbamol_Tab 750mg,1002020S0AAABAB,4,2.889599999999999
1073,L85006,Methocarbamol_Tab 750mg,1002020S0AAABAB,3,2.889599999999999
38,L85027,Clonazepam_Tab 500mcg,0408010F0AAABAB,3,2.847599999999994
42,L85042,Clonazepam_Tab 500mcg,0408010F0AAABAB,3,2.847599999999994
41,L85016,Clonazepam_Tab 500mcg,0408010F0AAABAB,9,2.847599999999994
40,L85016,Clonazepam_Tab 500mcg,0408010F0AAABAB,1,2.847599999999994
39,L85017,Clonazepam_Tab 500mcg,0408010F0AAABAB,9,2.847599999999994
37,L85014,Clonazepam_Tab 500mcg,0408010F0AAABAB,9,2.847599999999994
825,L85010,Amiodarone HCl_Tab 200mg,0203020D0AAABAB,8,2.8000000000000025
826,L85035,Amiodarone HCl_Tab 200mg,0203020D0AAABAB,8,2.8000000000000025
824,L85009,Amiodarone HCl_Tab 200mg,0203020D0AAABAB,4,2.8000000000000025
823,L85021,Amiodarone HCl_Tab 200mg,0203020D0AAABAB,4,2.8000000000000025
50,L85030,Clonazepam_Tab 500mcg,0408010F0AAABAB,4,2.531199999999995
52,L85010,Clonazepam_Tab 500mcg,0408010F0AAABAB,1,2.531199999999995
51,L85027,Clonazepam_Tab 500mcg,0408010F0AAABAB,1,2.531199999999995
43,L85029,Clonazepam_Tab 500mcg,0408010F0AAABAB,4,2.531199999999995
44,L85062,Clonazepam_Tab 500mcg,0408010F0AAABAB,4,2.531199999999995
45,L85052,Clonazepam_Tab 500mcg,0408010F0AAABAB,4,2.531199999999995
46,L85039,Clonazepam_Tab 500mcg,0408010F0AAABAB,2,2.531199999999995
47,L85619,Clonazepam_Tab 500mcg,0408010F0AAABAB,2,2.531199999999995
48,L85017,Clonazepam_Tab 500mcg,0408010F0AAABAB,2,2.531199999999995
49,L85043,Clonazepam_Tab 500mcg,0408010F0AAABAB,2,2.531199999999995
829,L85009,Amiodarone HCl_Tab 200mg,0203020D0AAABAB,7,2.450000000000002
828,L85016,Amiodarone HCl_Tab 200mg,0203020D0AAABAB,7,2.450000000000002
827,L85055,Amiodarone HCl_Tab 200mg,0203020D0AAABAB,7,2.450000000000002
55,L85002,Clonazepam_Tab 500mcg,0408010F0AAABAB,1,2.2599999999999953
53,L85013,Clonazepam_Tab 500mcg,0408010F0AAABAB,1,2.2599999999999953
54,L85038,Clonazepam_Tab 500mcg,0408010F0AAABAB,2,2.2599999999999953
56,L85015,Clonazepam_Tab 500mcg,0408010F0AAABAB,1,2.2599999999999953
57,L85024,Clonazepam_Tab 500mcg,0408010F0AAABAB,2,2.2599999999999953
61,L85023,Clonazepam_Tab 500mcg,0408010F0AAABAB,7,2.2147999999999954
58,L85008,Clonazepam_Tab 500mcg,0408010F0AAABAB,7,2.2147999999999954
59,L85056,Clonazepam_Tab 500mcg,0408010F0AAABAB,7,2.2147999999999954
60,L85039,Clonazepam_Tab 500mcg,0408010F0AAABAB,7,2.2147999999999954
1075,L85022,Methocarbamol_Tab 750mg,1002020S0AAABAB,9,2.1671999999999993
1076,L85015,Methocarbamol_Tab 750mg,1002020S0AAABAB,5,2.149999999999999
831,L85006,Amiodarone HCl_Tab 200mg,0203020D0AAABAB,6,2.100000000000002
830,L85056,Amiodarone HCl_Tab 200mg,0203020D0AAABAB,6,2.100000000000002
832,L85046,Amiodarone HCl_Tab 200mg,0203020D0AAABAB,6,2.100000000000002
833,L85012,Amiodarone HCl_Tab 200mg,0203020D0AAABAB,3,2.100000000000002
1077,L85047,Methocarbamol_Tab 750mg,1002020S0AAABAB,2,2.063999999999999
1078,L85017,Methocarbamol_Tab 750mg,1002020S0AAABAB,2,1.9263999999999992
1079,L85048,Methocarbamol_Tab 750mg,1002020S0AAABAB,2,1.9263999999999992
1080,L85022,Methocarbamol_Tab 750mg,1002020S0AAABAB,2,1.9263999999999992
1081,L85048,Methocarbamol_Tab 750mg,1002020S0AAABAB,8,1.9263999999999992
76,L85014,Clonazepam_Tab 500mcg,0408010F0AAABAB,2,1.898399999999996
82,L85046,Clonazepam_Tab 500mcg,0408010F0AAABAB,1,1.898399999999996
81,L85015,Clonazepam_Tab 500mcg,0408010F0AAABAB,1,1.898399999999996
80,L85035,Clonazepam_Tab 500mcg,0408010F0AAABAB,3,1.898399999999996
79,L85009,Clonazepam_Tab 500mcg,0408010F0AAABAB,3,1.898399999999996
78,L85008,Clonazepam_Tab 500mcg,0408010F0AAABAB,2,1.898399999999996
77,L85040,Clonazepam_Tab 500mcg,0408010F0AAABAB,4,1.898399999999996
75,L85028,Clonazepam_Tab 500mcg,0408010F0AAABAB,1,1.898399999999996
74,L85042,Clonazepam_Tab 500mcg,0408010F0AAABAB,3,1.898399999999996
73,L85041,Clonazepam_Tab 500mcg,0408010F0AAABAB,6,1.898399999999996
72,L85052,Clonazepam_Tab 500mcg,0408010F0AAABAB,1,1.898399999999996
71,L85025,Clonazepam_Tab 500mcg,0408010F0AAABAB,1,1.898399999999996
70,L85601,Clonazepam_Tab 500mcg,0408010F0AAABAB,1,1.898399999999996
69,L85051,Clonazepam_Tab 500mcg,0408010F0AAABAB,1,1.898399999999996
68,L85042,Clonazepam_Tab 500mcg,0408010F0AAABAB,6,1.898399999999996
83,L85016,Clonazepam_Tab 500mcg,0408010F0AAABAB,2,1.898399999999996
67,L85021,Clonazepam_Tab 500mcg,0408010F0AAABAB,3,1.898399999999996
66,L85033,Clonazepam_Tab 500mcg,0408010F0AAABAB,3,1.898399999999996
65,L85034,Clonazepam_Tab 500mcg,0408010F0AAABAB,1,1.898399999999996
64,L85015,Clonazepam_Tab 500mcg,0408010F0AAABAB,2,1.898399999999996
63,L85021,Clonazepam_Tab 500mcg,0408010F0AAABAB,1,1.898399999999996
62,L85001,Clonazepam_Tab 500mcg,0408010F0AAABAB,6,1.898399999999996
84,L85054,Clonazepam_Tab 500mcg,0408010F0AAABAB,1,1.7799999999999983
837,L85008,Amiodarone HCl_Tab 200mg,0203020D0AAABAB,5,1.7500000000000016
836,L85030,Amiodarone HCl_Tab 200mg,0203020D0AAABAB,5,1.7500000000000016
835,L85033,Amiodarone HCl_Tab 200mg,0203020D0AAABAB,5,1.7500000000000016
834,L85007,Amiodarone HCl_Tab 200mg,0203020D0AAABAB,5,1.7500000000000016
1083,L85055,Methocarbamol_Tab 750mg,1002020S0AAABAB,4,1.7199999999999993
1084,L85061,Methocarbamol_Tab 750mg,1002020S0AAABAB,2,1.7199999999999993
1082,L85047,Methocarbamol_Tab 750mg,1002020S0AAABAB,4,1.7199999999999993
85,L85054,Clonazepam_Tab 500mcg,0408010F0AAABAB,3,1.6295999999999977
93,L85014,Clonazepam_Tab 500mcg,0408010F0AAABAB,2,1.5819999999999967
86,L85002,Clonazepam_Tab 500mcg,0408010F0AAABAB,5,1.5819999999999967
87,L85006,Clonazepam_Tab 500mcg,0408010F0AAABAB,5,1.5819999999999967
88,L85048,Clonazepam_Tab 500mcg,0408010F0AAABAB,1,1.5819999999999967
89,L85014,Clonazepam_Tab 500mcg,0408010F0AAABAB,1,1.5819999999999967
90,L85022,Clonazepam_Tab 500mcg,0408010F0AAABAB,5,1.5819999999999967
92,L85042,Clonazepam_Tab 500mcg,0408010F0AAABAB,1,1.5819999999999967
91,L85027,Clonazepam_Tab 500mcg,0408010F0AAABAB,1,1.5819999999999967
94,L85054,Clonazepam_Tab 500mcg,0408010F0AAABAB,2,1.4951999999999985
1086,L85014,Methocarbamol_Tab 750mg,1002020S0AAABAB,1,1.4447999999999994
1087,L85017,Methocarbamol_Tab 750mg,1002020S0AAABAB,3,1.4447999999999994
1085,L85062,Methocarbamol_Tab 750mg,1002020S0AAABAB,2,1.4447999999999994
845,L85039,Amiodarone HCl_Tab 200mg,0203020D0AAABAB,4,1.4000000000000012
848,L85066,Amiodarone HCl_Tab 200mg,0203020D0AAABAB,2,1.4000000000000012
847,L85027,Amiodarone HCl_Tab 200mg,0203020D0AAABAB,2,1.4000000000000012
838,L85043,Amiodarone HCl_Tab 200mg,0203020D0AAABAB,2,1.4000000000000012
844,L85026,Amiodarone HCl_Tab 200mg,0203020D0AAABAB,4,1.4000000000000012
840,L85051,Amiodarone HCl_Tab 200mg,0203020D0AAABAB,2,1.4000000000000012
839,L85035,Amiodarone HCl_Tab 200mg,0203020D0AAABAB,2,1.4000000000000012
846,L85041,Amiodarone HCl_Tab 200mg,0203020D0AAABAB,2,1.4000000000000012
841,L85052,Amiodarone HCl_Tab 200mg,0203020D0AAABAB,2,1.4000000000000012
842,L85001,Amiodarone HCl_Tab 200mg,0203020D0AAABAB,2,1.4000000000000012
843,L85018,Amiodarone HCl_Tab 200mg,0203020D0AAABAB,4,1.4000000000000012
97,L85012,Clonazepam_Tab 500mcg,0408010F0AAABAB,2,1.3559999999999972
96,L85065,Clonazepam_Tab 500mcg,0408010F0AAABAB,2,1.3559999999999972
95,L85066,Clonazepam_Tab 500mcg,0408010F0AAABAB,1,1.3559999999999972
1090,L85061,Methocarbamol_Tab 750mg,1002020S0AAABAB,3,1.2899999999999996
1091,L85004,Methocarbamol_Tab 750mg,1002020S0AAABAB,3,1.2899999999999996
1088,L85024,Methocarbamol_Tab 750mg,1002020S0AAABAB,3,1.2899999999999996
1089,L85064,Methocarbamol_Tab 750mg,1002020S0AAABAB,3,1.2899999999999996
99,L85003,Clonazepam_Tab 500mcg,0408010F0AAABAB,2,1.2655999999999974
106,L85003,Clonazepam_Tab 500mcg,0408010F0AAABAB,1,1.2655999999999974
112,L85024,Clonazepam_Tab 500mcg,0408010F0AAABAB,2,1.2655999999999974
111,L85026,Clonazepam_Tab 500mcg,0408010F0AAABAB,1,1.2655999999999974
110,L85002,Clonazepam_Tab 500mcg,0408010F0AAABAB,1,1.2655999999999974
109,L85048,Clonazepam_Tab 500mcg,0408010F0AAABAB,4,1.2655999999999974
108,L85035,Clonazepam_Tab 500mcg,0408010F0AAABAB,1,1.2655999999999974
107,L85047,Clonazepam_Tab 500mcg,0408010F0AAABAB,2,1.2655999999999974
104,L85015,Clonazepam_Tab 500mcg,0408010F0AAABAB,2,1.2655999999999974
114,L85053,Clonazepam_Tab 500mcg,0408010F0AAABAB,1,1.2655999999999974
103,L85047,Clonazepam_Tab 500mcg,0408010F0AAABAB,4,1.2655999999999974
102,L85018,Clonazepam_Tab 500mcg,0408010F0AAABAB,2,1.2655999999999974
101,L85041,Clonazepam_Tab 500mcg,0408010F0AAABAB,2,1.2655999999999974
100,L85015,Clonazepam_Tab 500mcg,0408010F0AAABAB,1,1.2655999999999974
98,L85028,Clonazepam_Tab 500mcg,0408010F0AAABAB,1,1.2655999999999974
125,L85037,Clonazepam_Tab 500mcg,0408010F0AAABAB,4,1.2655999999999974
113,L85040,Clonazepam_Tab 500mcg,0408010F0AAABAB,8,1.2655999999999974
105,L85017,Clonazepam_Tab 500mcg,0408010F0AAABAB,2,1.2655999999999974
119,L85007,Clonazepam_Tab 500mcg,0408010F0AAABAB,1,1.2655999999999974
115,L85038,Clonazepam_Tab 500mcg,0408010F0AAABAB,1,1.2655999999999974
120,L85028,Clonazepam_Tab 500mcg,0408010F0AAABAB,2,1.2655999999999974
121,L85029,Clonazepam_Tab 500mcg,0408010F0AAABAB,1,1.2655999999999974
122,L85010,Clonazepam_Tab 500mcg,0408010F0AAABAB,2,1.2655999999999974
123,L85010,Clonazepam_Tab 500mcg,0408010F0AAABAB,1,1.2655999999999974
124,L85028,Clonazepam_Tab 500mcg,0408010F0AAABAB,4,1.2655999999999974
118,L85027,Clonazepam_Tab 500mcg,0408010F0AAABAB,2,1.2655999999999974
117,L85031,Clonazepam_Tab 500mcg,0408010F0AAABAB,4,1.2655999999999974
116,L85619,Clonazepam_Tab 500mcg,0408010F0AAABAB,4,1.2655999999999974
126,L85020,Clonazepam_Tab 500mcg,0408010F0AAABAB,5,1.1864999999999974
127,L85055,Clonazepam_Tab 500mcg,0408010F0AAABAB,2,1.1399999999999966
128,L85023,Clonazepam_Tab 500mcg,0408010F0AAABAB,2,1.1399999999999966
140,L85039,Clonazepam_Tab 500mcg,0408010F0AAABAB,1,1.1299999999999977
129,L85031,Clonazepam_Tab 500mcg,0408010F0AAABAB,1,1.1299999999999977
130,L85041,Clonazepam_Tab 500mcg,0408010F0AAABAB,1,1.1299999999999977
141,L85015,Clonazepam_Tab 500mcg,0408010F0AAABAB,1,1.1299999999999977
131,L85042,Clonazepam_Tab 500mcg,0408010F0AAABAB,1,1.1299999999999977
134,L85009,Clonazepam_Tab 500mcg,0408010F0AAABAB,1,1.1299999999999977
133,L85012,Clonazepam_Tab 500mcg,0408010F0AAABAB,1,1.1299999999999977
138,L85013,Clonazepam_Tab 500mcg,0408010F0AAABAB,1,1.1299999999999977
137,L85010,Clonazepam_Tab 500mcg,0408010F0AAABAB,1,1.1299999999999977
132,L85065,Clonazepam_Tab 500mcg,0408010F0AAABAB,1,1.1299999999999977
136,L85014,Clonazepam_Tab 500mcg,0408010F0AAABAB,1,1.1299999999999977
135,L85023,Clonazepam_Tab 500mcg,0408010F0AAABAB,1,1.1299999999999977
139,L85016,Clonazepam_Tab 500mcg,0408010F0AAABAB,1,1.1299999999999977
1092,L85047,Methocarbamol_Tab 750mg,1002020S0AAABAB,3,1.1088000000000038
854,L85014,Amiodarone HCl_Tab 200mg,0203020D0AAABAB,3,1.050000000000001
853,L85042,Amiodarone HCl_Tab 200mg,0203020D0AAABAB,3,1.050000000000001
857,L85062,Amiodarone HCl_Tab 200mg,0203020D0AAABAB,3,1.050000000000001
852,L85017,Amiodarone HCl_Tab 200mg,0203020D0AAABAB,3,1.050000000000001
851,L85036,Amiodarone HCl_Tab 200mg,0203020D0AAABAB,3,1.050000000000001
850,L85032,Amiodarone HCl_Tab 200mg,0203020D0AAABAB,3,1.050000000000001
855,L85022,Amiodarone HCl_Tab 200mg,0203020D0AAABAB,3,1.050000000000001
856,L85050,Amiodarone HCl_Tab 200mg,0203020D0AAABAB,3,1.050000000000001
849,L85012,Amiodarone HCl_Tab 200mg,0203020D0AAABAB,3,1.050000000000001
858,L85004,Amiodarone HCl_Tab 200mg,0203020D0AAABAB,3,1.050000000000001
859,L85061,Amiodarone HCl_Tab 200mg,0203020D0AAABAB,3,1.050000000000001
860,L85038,Amiodarone HCl_Tab 200mg,0203020D0AAABAB,3,1.050000000000001
1093,L85052,Methocarbamol_Tab 750mg,1002020S0AAABAB,1,1.0319999999999996
142,L85048,Clonazepam_Tab 500mcg,0408010F0AAABAB,1,1.016999999999998
143,L85047,Clonazepam_Tab 500mcg,0408010F0AAABAB,3,1.016999999999998
144,L85007,Clonazepam_Tab 500mcg,0408010F0AAABAB,1,1.016999999999998
145,L85014,Clonazepam_Tab 500mcg,0408010F0AAABAB,1,1.016999999999998
303,L85054,Propranolol HCl_Tab 10mg,0204000R0AAAHAH,1,0.9800000000000001
1099,L85014,Methocarbamol_Tab 750mg,1002020S0AAABAB,1,0.9631999999999996
1102,L85015,Methocarbamol_Tab 750mg,1002020S0AAABAB,2,0.9631999999999996
1101,L85064,Methocarbamol_Tab 750mg,1002020S0AAABAB,4,0.9631999999999996
1100,L85028,Methocarbamol_Tab 750mg,1002020S0AAABAB,1,0.9631999999999996
1094,L85032,Methocarbamol_Tab 750mg,1002020S0AAABAB,1,0.9631999999999996
1098,L85064,Methocarbamol_Tab 750mg,1002020S0AAABAB,1,0.9631999999999996
1097,L85016,Methocarbamol_Tab 750mg,1002020S0AAABAB,1,0.9631999999999996
1096,L85020,Methocarbamol_Tab 750mg,1002020S0AAABAB,1,0.9631999999999996
1095,L85022,Methocarbamol_Tab 750mg,1002020S0AAABAB,2,0.9631999999999996
152,L85006,Clonazepam_Tab 500mcg,0408010F0AAABAB,1,0.949199999999998
154,L85050,Clonazepam_Tab 500mcg,0408010F0AAABAB,3,0.949199999999998
146,L85012,Clonazepam_Tab 500mcg,0408010F0AAABAB,1,0.949199999999998
147,L85036,Clonazepam_Tab 500mcg,0408010F0AAABAB,3,0.949199999999998
148,L85034,Clonazepam_Tab 500mcg,0408010F0AAABAB,1,0.949199999999998
149,L85050,Clonazepam_Tab 500mcg,0408010F0AAABAB,1,0.949199999999998
150,L85047,Clonazepam_Tab 500mcg,0408010F0AAABAB,1,0.949199999999998
151,L85052,Clonazepam_Tab 500mcg,0408010F0AAABAB,3,0.949199999999998
153,L85053,Clonazepam_Tab 500mcg,0408010F0AAABAB,3,0.949199999999998
166,L85022,Clonazepam_Tab 500mcg,0408010F0AAABAB,1,0.949199999999998
174,L85025,Clonazepam_Tab 500mcg,0408010F0AAABAB,4,0.949199999999998
172,L85008,Clonazepam_Tab 500mcg,0408010F0AAABAB,4,0.949199999999998
171,L85040,Clonazepam_Tab 500mcg,0408010F0AAABAB,4,0.949199999999998
170,L85009,Clonazepam_Tab 500mcg,0408010F0AAABAB,3,0.949199999999998
169,L85020,Clonazepam_Tab 500mcg,0408010F0AAABAB,1,0.949199999999998
168,L85021,Clonazepam_Tab 500mcg,0408010F0AAABAB,1,0.949199999999998
167,L85030,Clonazepam_Tab 500mcg,0408010F0AAABAB,3,0.949199999999998
165,L85006,Clonazepam_Tab 500mcg,0408010F0AAABAB,4,0.949199999999998
164,L85033,Clonazepam_Tab 500mcg,0408010F0AAABAB,1,0.949199999999998
163,L85002,Clonazepam_Tab 500mcg,0408010F0AAABAB,1,0.949199999999998
162,L85052,Clonazepam_Tab 500mcg,0408010F0AAABAB,1,0.949199999999998
161,L85026,Clonazepam_Tab 500mcg,0408010F0AAABAB,1,0.949199999999998
156,L85007,Clonazepam_Tab 500mcg,0408010F0AAABAB,1,0.949199999999998
157,L85025,Clonazepam_Tab 500mcg,0408010F0AAABAB,1,0.949199999999998
158,L85051,Clonazepam_Tab 500mcg,0408010F0AAABAB,3,0.949199999999998
159,L85023,Clonazepam_Tab 500mcg,0408010F0AAABAB,1,0.949199999999998
173,L85065,Clonazepam_Tab 500mcg,0408010F0AAABAB,3,0.949199999999998
175,L85019,Clonazepam_Tab 500mcg,0408010F0AAABAB,1,0.949199999999998
160,L85010,Clonazepam_Tab 500mcg,0408010F0AAABAB,1,0.949199999999998
155,L85029,Clonazepam_Tab 500mcg,0408010F0AAABAB,1,0.949199999999998
176,L85028,Clonazepam_Tab 500mcg,0408010F0AAABAB,1,0.949199999999998
1103,L85022,Methocarbamol_Tab 750mg,1002020S0AAABAB,4,0.880000000000003
1107,L85028,Methocarbamol_Tab 750mg,1002020S0AAABAB,1,0.8599999999999997
1110,L85019,Methocarbamol_Tab 750mg,1002020S0AAABAB,1,0.8599999999999997
1108,L85054,Methocarbamol_Tab 750mg,1002020S0AAABAB,1,0.8599999999999997
1109,L85010,Methocarbamol_Tab 750mg,1002020S0AAABAB,2,0.8599999999999997
1106,L85022,Methocarbamol_Tab 750mg,1002020S0AAABAB,1,0.8599999999999997
1105,L85056,Methocarbamol_Tab 750mg,1002020S0AAABAB,1,0.8599999999999997
1104,L85007,Methocarbamol_Tab 750mg,1002020S0AAABAB,2,0.8599999999999997
177,L85015,Clonazepam_Tab 500mcg,0408010F0AAABAB,5,0.7909999999999984
1111,L85619,Methocarbamol_Tab 750mg,1002020S0AAABAB,2,0.7392000000000025
1112,L85008,Methocarbamol_Tab 750mg,1002020S0AAABAB,2,0.7392000000000025
1113,L85010,Methocarbamol_Tab 750mg,1002020S0AAABAB,2,0.7392000000000025
1114,L85038,Methocarbamol_Tab 750mg,1002020S0AAABAB,1,0.7309999999999997
1115,L85048,Methocarbamol_Tab 750mg,1002020S0AAABAB,1,0.7223999999999997
861,L85040,Amiodarone HCl_Tab 200mg,0203020D0AAABAB,2,0.7000000000000006
864,L85029,Amiodarone HCl_Tab 200mg,0203020D0AAABAB,2,0.7000000000000006
862,L85002,Amiodarone HCl_Tab 200mg,0203020D0AAABAB,1,0.7000000000000006
871,L85024,Amiodarone HCl_Tab 200mg,0203020D0AAABAB,1,0.7000000000000006
877,L85020,Amiodarone HCl_Tab 200mg,0203020D0AAABAB,1,0.7000000000000006
876,L85601,Amiodarone HCl_Tab 200mg,0203020D0AAABAB,2,0.7000000000000006
870,L85064,Amiodarone HCl_Tab 200mg,0203020D0AAABAB,2,0.7000000000000006
869,L85022,Amiodarone HCl_Tab 200mg,0203020D0AAABAB,1,0.7000000000000006
875,L85054,Amiodarone HCl_Tab 200mg,0203020D0AAABAB,2,0.7000000000000006
874,L85010,Amiodarone HCl_Tab 200mg,0203020D0AAABAB,1,0.7000000000000006
872,L85001,Amiodarone HCl_Tab 200mg,0203020D0AAABAB,2,0.7000000000000006
878,L85030,Amiodarone HCl_Tab 200mg,0203020D0AAABAB,1,0.7000000000000006
879,L85020,Amiodarone HCl_Tab 200mg,0203020D0AAABAB,2,0.7000000000000006
880,L85044,Amiodarone HCl_Tab 200mg,0203020D0AAABAB,2,0.7000000000000006
881,L85019,Amiodarone HCl_Tab 200mg,0203020D0AAABAB,2,0.7000000000000006
882,L85027,Amiodarone HCl_Tab 200mg,0203020D0AAABAB,2,0.7000000000000006
883,L85048,Amiodarone HCl_Tab 200mg,0203020D0AAABAB,1,0.7000000000000006
884,L85612,Amiodarone HCl_Tab 200mg,0203020D0AAABAB,2,0.7000000000000006
868,L85050,Amiodarone HCl_Tab 200mg,0203020D0AAABAB,1,0.7000000000000006
867,L85025,Amiodarone HCl_Tab 200mg,0203020D0AAABAB,2,0.7000000000000006
866,L85015,Amiodarone HCl_Tab 200mg,0203020D0AAABAB,1,0.7000000000000006
865,L85048,Amiodarone HCl_Tab 200mg,0203020D0AAABAB,2,0.7000000000000006
873,L85014,Amiodarone HCl_Tab 200mg,0203020D0AAABAB,1,0.7000000000000006
863,L85037,Amiodarone HCl_Tab 200mg,0203020D0AAABAB,2,0.7000000000000006
183,L85018,Clonazepam_Tab 500mcg,0408010F0AAABAB,1,0.6779999999999986
184,L85021,Clonazepam_Tab 500mcg,0408010F0AAABAB,1,0.6779999999999986
185,L85010,Clonazepam_Tab 500mcg,0408010F0AAABAB,1,0.6779999999999986
186,Y01163,Clonazepam_Tab 500mcg,0408010F0AAABAB,1,0.6779999999999986
178,L85022,Clonazepam_Tab 500mcg,0408010F0AAABAB,1,0.6779999999999986
182,L85048,Clonazepam_Tab 500mcg,0408010F0AAABAB,2,0.6779999999999986
181,L85033,Clonazepam_Tab 500mcg,0408010F0AAABAB,2,0.6779999999999986
180,L85035,Clonazepam_Tab 500mcg,0408010F0AAABAB,1,0.6779999999999986
179,L85010,Clonazepam_Tab 500mcg,0408010F0AAABAB,2,0.6779999999999986
187,L85023,Clonazepam_Tab 500mcg,0408010F0AAABAB,1,0.6779999999999986
1116,L85026,Methocarbamol_Tab 750mg,1002020S0AAABAB,3,0.6600000000000023
1117,L85619,Methocarbamol_Tab 750mg,1002020S0AAABAB,3,0.6600000000000023
206,L85007,Clonazepam_Tab 500mcg,0408010F0AAABAB,4,0.6327999999999987
205,L85043,Clonazepam_Tab 500mcg,0408010F0AAABAB,2,0.6327999999999987
204,L85012,Clonazepam_Tab 500mcg,0408010F0AAABAB,2,0.6327999999999987
219,L85050,Clonazepam_Tab 500mcg,0408010F0AAABAB,1,0.6327999999999987
220,L85034,Clonazepam_Tab 500mcg,0408010F0AAABAB,2,0.6327999999999987
218,L85040,Clonazepam_Tab 500mcg,0408010F0AAABAB,2,0.6327999999999987
217,L85065,Clonazepam_Tab 500mcg,0408010F0AAABAB,1,0.6327999999999987
210,L85609,Clonazepam_Tab 500mcg,0408010F0AAABAB,1,0.6327999999999987
211,L85066,Clonazepam_Tab 500mcg,0408010F0AAABAB,1,0.6327999999999987
212,L85016,Clonazepam_Tab 500mcg,0408010F0AAABAB,1,0.6327999999999987
207,L85025,Clonazepam_Tab 500mcg,0408010F0AAABAB,1,0.6327999999999987
202,L85006,Clonazepam_Tab 500mcg,0408010F0AAABAB,1,0.6327999999999987
213,L85064,Clonazepam_Tab 500mcg,0408010F0AAABAB,1,0.6327999999999987
214,L85020,Clonazepam_Tab 500mcg,0408010F0AAABAB,1,0.6327999999999987
215,L85053,Clonazepam_Tab 500mcg,0408010F0AAABAB,1,0.6327999999999987
216,L85044,Clonazepam_Tab 500mcg,0408010F0AAABAB,1,0.6327999999999987
203,L85054,Clonazepam_Tab 500mcg,0408010F0AAABAB,1,0.6327999999999987
190,L85029,Clonazepam_Tab 500mcg,0408010F0AAABAB,2,0.6327999999999987
201,L85003,Clonazepam_Tab 500mcg,0408010F0AAABAB,2,0.6327999999999987
196,L85024,Clonazepam_Tab 500mcg,0408010F0AAABAB,2,0.6327999999999987
188,Y01163,Clonazepam_Tab 500mcg,0408010F0AAABAB,1,0.6327999999999987
189,L85021,Clonazepam_Tab 500mcg,0408010F0AAABAB,2,0.6327999999999987
208,L85022,Clonazepam_Tab 500mcg,0408010F0AAABAB,1,0.6327999999999987
191,L85039,Clonazepam_Tab 500mcg,0408010F0AAABAB,1,0.6327999999999987
192,L85031,Clonazepam_Tab 500mcg,0408010F0AAABAB,1,0.6327999999999987
193,L85040,Clonazepam_Tab 500mcg,0408010F0AAABAB,1,0.6327999999999987
194,L85609,Clonazepam_Tab 500mcg,0408010F0AAABAB,2,0.6327999999999987
200,L85038,Clonazepam_Tab 500mcg,0408010F0AAABAB,1,0.6327999999999987
195,L85611,Clonazepam_Tab 500mcg,0408010F0AAABAB,1,0.6327999999999987
209,L85034,Clonazepam_Tab 500mcg,0408010F0AAABAB,1,0.6327999999999987
197,L85007,Clonazepam_Tab 500mcg,0408010F0AAABAB,2,0.6327999999999987
198,L85015,Clonazepam_Tab 500mcg,0408010F0AAABAB,2,0.6327999999999987
199,L85055,Clonazepam_Tab 500mcg,0408010F0AAABAB,2,0.6327999999999987
1118,L85016,Methocarbamol_Tab 750mg,1002020S0AAABAB,5,0.6300000000000006
1119,L85022,Methocarbamol_Tab 750mg,1002020S0AAABAB,2,0.5040000000000011
1120,L85048,Methocarbamol_Tab 750mg,1002020S0AAABAB,4,0.5040000000000004
221,L85054,Clonazepam_Tab 500mcg,0408010F0AAABAB,2,0.4983999999999995
1121,L85026,Methocarbamol_Tab 750mg,1002020S0AAABAB,2,0.4815999999999998
1122,L85007,Methocarbamol_Tab 750mg,1002020S0AAABAB,1,0.4815999999999998
222,L85012,Clonazepam_Tab 500mcg,0408010F0AAABAB,1,0.474599999999999
223,L85061,Clonazepam_Tab 500mcg,0408010F0AAABAB,1,0.474599999999999
225,L85023,Clonazepam_Tab 500mcg,0408010F0AAABAB,3,0.474599999999999
224,L85039,Clonazepam_Tab 500mcg,0408010F0AAABAB,1,0.474599999999999
226,L85029,Clonazepam_Tab 500mcg,0408010F0AAABAB,4,0.46399999999999997
227,L85026,Clonazepam_Tab 500mcg,0408010F0AAABAB,1,0.45199999999999907
228,L85027,Clonazepam_Tab 500mcg,0408010F0AAABAB,2,0.44399999999999995
229,L85030,Clonazepam_Tab 500mcg,0408010F0AAABAB,2,0.44399999999999995
230,L85025,Clonazepam_Tab 500mcg,0408010F0AAABAB,2,0.44399999999999995
1126,L85011,Methocarbamol_Tab 750mg,1002020S0AAABAB,1,0.4299999999999998
1130,L85046,Methocarbamol_Tab 750mg,1002020S0AAABAB,1,0.4299999999999998
1129,L85031,Methocarbamol_Tab 750mg,1002020S0AAABAB,1,0.4299999999999998
1128,L85016,Methocarbamol_Tab 750mg,1002020S0AAABAB,1,0.4299999999999998
1123,L85025,Methocarbamol_Tab 750mg,1002020S0AAABAB,1,0.4299999999999998
1124,L85033,Methocarbamol_Tab 750mg,1002020S0AAABAB,1,0.4299999999999998
1125,L85027,Methocarbamol_Tab 750mg,1002020S0AAABAB,1,0.4299999999999998
1127,L85014,Methocarbamol_Tab 750mg,1002020S0AAABAB,1,0.4299999999999998
231,L85015,Clonazepam_Tab 500mcg,0408010F0AAABAB,1,0.3954999999999992
232,L85014,Clonazepam_Tab 500mcg,0408010F0AAABAB,5,0.3954999999999992
1131,L85038,Methocarbamol_Tab 750mg,1002020S0AAABAB,1,0.38699999999999984
1137,L85015,Methocarbamol_Tab 750mg,1002020S0AAABAB,1,0.36960000000000126
1136,L85048,Methocarbamol_Tab 750mg,1002020S0AAABAB,1,0.36960000000000126
1135,L85619,Methocarbamol_Tab 750mg,1002020S0AAABAB,4,0.36960000000000126
1141,L85004,Methocarbamol_Tab 750mg,1002020S0AAABAB,1,0.36960000000000126
1140,L85017,Methocarbamol_Tab 750mg,1002020S0AAABAB,1,0.36960000000000126
1142,L85043,Methocarbamol_Tab 750mg,1002020S0AAABAB,1,0.36960000000000126
1139,L85061,Methocarbamol_Tab 750mg,1002020S0AAABAB,1,0.36960000000000126
1138,L85064,Methocarbamol_Tab 750mg,1002020S0AAABAB,1,0.36960000000000126
1132,L85019,Methocarbamol_Tab 750mg,1002020S0AAABAB,1,0.36960000000000126
1133,L85011,Methocarbamol_Tab 750mg,1002020S0AAABAB,1,0.36960000000000126
1134,L85055,Methocarbamol_Tab 750mg,1002020S0AAABAB,1,0.36960000000000126
1143,L85022,Methocarbamol_Tab 750mg,1002020S0AAABAB,2,0.3520000000000012
893,L85034,Amiodarone HCl_Tab 200mg,0203020D0AAABAB,1,0.3500000000000003
892,L85041,Amiodarone HCl_Tab 200mg,0203020D0AAABAB,1,0.3500000000000003
891,L85052,Amiodarone HCl_Tab 200mg,0203020D0AAABAB,1,0.3500000000000003
890,L85015,Amiodarone HCl_Tab 200mg,0203020D0AAABAB,1,0.3500000000000003
889,L85021,Amiodarone HCl_Tab 200mg,0203020D0AAABAB,1,0.3500000000000003
888,L85003,Amiodarone HCl_Tab 200mg,0203020D0AAABAB,1,0.3500000000000003
887,L85002,Amiodarone HCl_Tab 200mg,0203020D0AAABAB,1,0.3500000000000003
886,L85611,Amiodarone HCl_Tab 200mg,0203020D0AAABAB,1,0.3500000000000003
885,L85031,Amiodarone HCl_Tab 200mg,0203020D0AAABAB,1,0.3500000000000003
233,L85032,Clonazepam_Tab 500mcg,0408010F0AAABAB,2,0.348
235,L85036,Clonazepam_Tab 500mcg,0408010F0AAABAB,1,0.3389999999999993
234,L85013,Clonazepam_Tab 500mcg,0408010F0AAABAB,1,0.3389999999999993
244,L85004,Clonazepam_Tab 500mcg,0408010F0AAABAB,1,0.3389999999999993
243,L85008,Clonazepam_Tab 500mcg,0408010F0AAABAB,1,0.3389999999999993
242,L85052,Clonazepam_Tab 500mcg,0408010F0AAABAB,1,0.3389999999999993
241,L85044,Clonazepam_Tab 500mcg,0408010F0AAABAB,1,0.3389999999999993
240,L85034,Clonazepam_Tab 500mcg,0408010F0AAABAB,1,0.3389999999999993
239,L85017,Clonazepam_Tab 500mcg,0408010F0AAABAB,1,0.3389999999999993
238,L85007,Clonazepam_Tab 500mcg,0408010F0AAABAB,1,0.3389999999999993
237,L85024,Clonazepam_Tab 500mcg,0408010F0AAABAB,1,0.3389999999999993
236,L85029,Clonazepam_Tab 500mcg,0408010F0AAABAB,1,0.3389999999999993
259,L85004,Clonazepam_Tab 500mcg,0408010F0AAABAB,1,0.31639999999999935
247,L85624,Clonazepam_Tab 500mcg,0408010F0AAABAB,1,0.31639999999999935
249,L85062,Clonazepam_Tab 500mcg,0408010F0AAABAB,1,0.31639999999999935
251,L85007,Clonazepam_Tab 500mcg,0408010F0AAABAB,4,0.31639999999999935
252,L85035,Clonazepam_Tab 500mcg,0408010F0AAABAB,1,0.31639999999999935
253,L85025,Clonazepam_Tab 500mcg,0408010F0AAABAB,1,0.31639999999999935
254,L85016,Clonazepam_Tab 500mcg,0408010F0AAABAB,4,0.31639999999999935
255,Y01163,Clonazepam_Tab 500mcg,0408010F0AAABAB,1,0.31639999999999935
256,L85064,Clonazepam_Tab 500mcg,0408010F0AAABAB,4,0.31639999999999935
257,L85018,Clonazepam_Tab 500mcg,0408010F0AAABAB,1,0.31639999999999935
258,L85027,Clonazepam_Tab 500mcg,0408010F0AAABAB,2,0.31639999999999935
260,L85066,Clonazepam_Tab 500mcg,0408010F0AAABAB,1,0.31639999999999935
261,L85018,Clonazepam_Tab 500mcg,0408010F0AAABAB,2,0.31639999999999935
262,L85027,Clonazepam_Tab 500mcg,0408010F0AAABAB,1,0.31639999999999935
248,L85033,Clonazepam_Tab 500mcg,0408010F0AAABAB,4,0.31639999999999935
250,L85061,Clonazepam_Tab 500mcg,0408010F0AAABAB,1,0.31639999999999935
246,L85001,Clonazepam_Tab 500mcg,0408010F0AAABAB,2,0.31639999999999935
245,L85037,Clonazepam_Tab 500mcg,0408010F0AAABAB,2,0.31639999999999935
1144,L85015,Methocarbamol_Tab 750mg,1002020S0AAABAB,3,0.27720000000000095
1145,L85015,Methocarbamol_Tab 750mg,1002020S0AAABAB,2,0.2751999999999999
1146,L85047,Methocarbamol_Tab 750mg,1002020S0AAABAB,2,0.2640000000000009
1150,L85016,Methocarbamol_Tab 750mg,1002020S0AAABAB,1,0.25200000000000056
1149,L85066,Methocarbamol_Tab 750mg,1002020S0AAABAB,1,0.25200000000000056
1148,L85017,Methocarbamol_Tab 750mg,1002020S0AAABAB,1,0.25200000000000056
1147,L85047,Methocarbamol_Tab 750mg,1002020S0AAABAB,1,0.25200000000000056
1152,L85015,Methocarbamol_Tab 750mg,1002020S0AAABAB,1,0.2407999999999999
1151,L85002,Methocarbamol_Tab 750mg,1002020S0AAABAB,1,0.2407999999999999
264,L85042,Clonazepam_Tab 500mcg,0408010F0AAABAB,3,0.2372999999999995
263,L85004,Clonazepam_Tab 500mcg,0408010F0AAABAB,1,0.2372999999999995
266,L85019,Clonazepam_Tab 500mcg,0408010F0AAABAB,1,0.22199999999999998
265,L85043,Clonazepam_Tab 500mcg,0408010F0AAABAB,1,0.22199999999999998
1154,L85032,Methocarbamol_Tab 750mg,1002020S0AAABAB,1,0.22000000000000075
1155,L85010,Methocarbamol_Tab 750mg,1002020S0AAABAB,1,0.22000000000000075
1153,L85039,Methocarbamol_Tab 750mg,1002020S0AAABAB,1,0.22000000000000075
1156,L85015,Methocarbamol_Tab 750mg,1002020S0AAABAB,1,0.18480000000000063
1157,L85022,Methocarbamol_Tab 750mg,1002020S0AAABAB,1,0.18480000000000063
894,L85021,Amiodarone HCl_Tab 200mg,0203020D0AAABAB,1,0.17920000000000008
895,L85010,Amiodarone HCl_Tab 200mg,0203020D0AAABAB,1,0.17920000000000008
267,L85029,Clonazepam_Tab 500mcg,0408010F0AAABAB,1,0.174
268,L85022,Clonazepam_Tab 500mcg,0408010F0AAABAB,1,0.174
279,L85047,Clonazepam_Tab 500mcg,0408010F0AAABAB,1,0.15819999999999967
278,L85021,Clonazepam_Tab 500mcg,0408010F0AAABAB,1,0.15819999999999967
277,L85033,Clonazepam_Tab 500mcg,0408010F0AAABAB,1,0.15819999999999967
274,L85056,Clonazepam_Tab 500mcg,0408010F0AAABAB,1,0.15819999999999967
276,L85032,Clonazepam_Tab 500mcg,0408010F0AAABAB,1,0.15819999999999967
275,L85006,Clonazepam_Tab 500mcg,0408010F0AAABAB,1,0.15819999999999967
271,L85042,Clonazepam_Tab 500mcg,0408010F0AAABAB,1,0.15819999999999967
273,L85028,Clonazepam_Tab 500mcg,0408010F0AAABAB,1,0.15819999999999967
270,L85035,Clonazepam_Tab 500mcg,0408010F0AAABAB,1,0.15819999999999967
269,L85017,Clonazepam_Tab 500mcg,0408010F0AAABAB,1,0.15819999999999967
272,L85014,Clonazepam_Tab 500mcg,0408010F0AAABAB,1,0.15819999999999967
280,L85062,Clonazepam_Tab 500mcg,0408010F0AAABAB,1,0.1367999999999996
1158,L85026,Methocarbamol_Tab 750mg,1002020S0AAABAB,1,0.13200000000000045
1159,L85064,Methocarbamol_Tab 750mg,1002020S0AAABAB,1,0.13200000000000045
611,L85037,Lamotrigine_Tab 100mg,0408010H0AAAAAA,1,0.1260000000000001
1161,L85017,Methocarbamol_Tab 750mg,1002020S0AAABAB,1,0.1260000000000001
1160,L85026,Methocarbamol_Tab 750mg,1002020S0AAABAB,1,0.1260000000000001
282,L85066,Clonazepam_Tab 500mcg,0408010F0AAABAB,1,0.11599999999999999
281,L85012,Clonazepam_Tab 500mcg,0408010F0AAABAB,1,0.11599999999999999
283,L85016,Clonazepam_Tab 500mcg,0408010F0AAABAB,1,0.10079999999999989
284,L85008,Clonazepam_Tab 500mcg,0408010F0AAABAB,1,0.09439999999999982
896,L85008,Amiodarone HCl_Tab 200mg,0203020D0AAABAB,1,0.0847
897,L85010,Amiodarone HCl_Tab 200mg,0203020D0AAABAB,1,0.0847
288,L85015,Clonazepam_Tab 500mcg,0408010F0AAABAB,1,0.07909999999999984
285,L85004,Clonazepam_Tab 500mcg,0408010F0AAABAB,1,0.07909999999999984
286,L85056,Clonazepam_Tab 500mcg,0408010F0AAABAB,1,0.07909999999999984
287,L85044,Clonazepam_Tab 500mcg,0408010F0AAABAB,1,0.07909999999999984
289,L85046,Clonazepam_Tab 500mcg,0408010F0AAABAB,1,0.06359999999999999
1162,L85047,Methocarbamol_Tab 750mg,1002020S0AAABAB,1,0.061500000000000304
4,L85008,Pregabalin_Cap 100mg,0408010AEAAADAD,12,0.05880000000000052
291,L85010,Clonazepam_Tab 500mcg,0408010F0AAABAB,1,0.057999999999999996
290,L85022,Clonazepam_Tab 500mcg,0408010F0AAABAB,1,0.057999999999999996
612,L85008,Lamotrigine_Tab 100mg,0408010H0AAAAAA,9,0.05039999999999445
613,L85020,Lamotrigine_Tab 100mg,0408010H0AAAAAA,7,0.03919999999999568
5,L85029,Pregabalin_Cap 100mg,0408010AEAAADAD,5,0.0315000000000009
615,L85025,Lamotrigine_Tab 100mg,0408010H0AAAAAA,5,0.027999999999996916
614,L85014,Lamotrigine_Tab 100mg,0408010H0AAAAAA,5,0.027999999999996916
8,L85018,Pregabalin_Cap 100mg,0408010AEAAADAD,4,0.025200000000000722
7,L85004,Pregabalin_Cap 100mg,0408010AEAAADAD,4,0.025200000000000722
6,L85055,Pregabalin_Cap 100mg,0408010AEAAADAD,4,0.025200000000000722
616,L85027,Lamotrigine_Tab 100mg,0408010H0AAAAAA,3,0.025199999999997225
619,L85016,Lamotrigine_Tab 100mg,0408010H0AAAAAA,4,0.022399999999997533
620,L85035,Lamotrigine_Tab 100mg,0408010H0AAAAAA,4,0.022399999999997533
617,L85030,Lamotrigine_Tab 100mg,0408010H0AAAAAA,8,0.022399999999997533
618,L85022,Lamotrigine_Tab 100mg,0408010H0AAAAAA,4,0.022399999999997533
304,L85016,Propranolol HCl_Tab 10mg,0204000R0AAAHAH,5,0.021999999999999797
9,L85022,Pregabalin_Cap 100mg,0408010AEAAADAD,4,0.019600000000000173
295,L85048,Phenytoin_Sod Tab 100mg,0408010Q0AAAGAG,4,0.019599999999999396
624,L85044,Lamotrigine_Tab 100mg,0408010H0AAAAAA,3,0.01679999999999815
623,L85024,Lamotrigine_Tab 100mg,0408010H0AAAAAA,3,0.01679999999999815
622,L85006,Lamotrigine_Tab 100mg,0408010H0AAAAAA,2,0.01679999999999815
627,L85052,Lamotrigine_Tab 100mg,0408010H0AAAAAA,3,0.01679999999999815
621,L85034,Lamotrigine_Tab 100mg,0408010H0AAAAAA,2,0.01679999999999815
626,L85056,Lamotrigine_Tab 100mg,0408010H0AAAAAA,3,0.01679999999999815
625,L85064,Lamotrigine_Tab 100mg,0408010H0AAAAAA,6,0.01679999999999815
292,L85014,Clonazepam_Tab 500mcg,0408010F0AAABAB,1,0.015600000000000003
10,L85020,Pregabalin_Cap 100mg,0408010AEAAADAD,3,0.01470000000000013
11,L85056,Pregabalin_Cap 100mg,0408010AEAAADAD,2,0.012600000000000361
12,L85064,Pregabalin_Cap 100mg,0408010AEAAADAD,2,0.012600000000000361
305,L85022,Propranolol HCl_Tab 10mg,0204000R0AAAHAH,2,0.012000000000000344
306,L85017,Propranolol HCl_Tab 10mg,0204000R0AAAHAH,2,0.012000000000000344
296,L85023,Phenytoin_Sod Tab 100mg,0408010Q0AAAGAG,1,0.011999999999998678
646,L85017,Lamotrigine_Tab 100mg,0408010H0AAAAAA,2,0.011199999999998766
628,L85023,Lamotrigine_Tab 100mg,0408010H0AAAAAA,2,0.011199999999998766
644,L85046,Lamotrigine_Tab 100mg,0408010H0AAAAAA,2,0.011199999999998766
643,L85609,Lamotrigine_Tab 100mg,0408010H0AAAAAA,2,0.011199999999998766
642,L85023,Lamotrigine_Tab 100mg,0408010H0AAAAAA,4,0.011199999999998766
641,L85003,Lamotrigine_Tab 100mg,0408010H0AAAAAA,2,0.011199999999998766
640,L85002,Lamotrigine_Tab 100mg,0408010H0AAAAAA,2,0.011199999999998766
639,L85042,Lamotrigine_Tab 100mg,0408010H0AAAAAA,2,0.011199999999998766
638,L85053,Lamotrigine_Tab 100mg,0408010H0AAAAAA,4,0.011199999999998766
637,L85034,Lamotrigine_Tab 100mg,0408010H0AAAAAA,2,0.011199999999998766
636,L85042,Lamotrigine_Tab 100mg,0408010H0AAAAAA,4,0.011199999999998766
635,L85619,Lamotrigine_Tab 100mg,0408010H0AAAAAA,2,0.011199999999998766
634,L85038,Lamotrigine_Tab 100mg,0408010H0AAAAAA,4,0.011199999999998766
633,L85020,Lamotrigine_Tab 100mg,0408010H0AAAAAA,4,0.011199999999998766
632,L85017,Lamotrigine_Tab 100mg,0408010H0AAAAAA,4,0.011199999999998766
631,L85007,Lamotrigine_Tab 100mg,0408010H0AAAAAA,2,0.011199999999998766
630,L85004,Lamotrigine_Tab 100mg,0408010H0AAAAAA,4,0.011199999999998766
629,L85019,Lamotrigine_Tab 100mg,0408010H0AAAAAA,2,0.011199999999998766
645,L85028,Lamotrigine_Tab 100mg,0408010H0AAAAAA,2,0.011199999999998766
653,L85609,Lamotrigine_Tab 100mg,0408010H0AAAAAA,1,0.008399999999999075
647,L85001,Lamotrigine_Tab 100mg,0408010H0AAAAAA,1,0.008399999999999075
649,L85022,Lamotrigine_Tab 100mg,0408010H0AAAAAA,1,0.008399999999999075
650,L85002,Lamotrigine_Tab 100mg,0408010H0AAAAAA,1,0.008399999999999075
651,L85016,Lamotrigine_Tab 100mg,0408010H0AAAAAA,1,0.008399999999999075
652,L85619,Lamotrigine_Tab 100mg,0408010H0AAAAAA,1,0.008399999999999075
654,Y01163,Lamotrigine_Tab 100mg,0408010H0AAAAAA,1,0.008399999999999075
655,L85053,Lamotrigine_Tab 100mg,0408010H0AAAAAA,1,0.008399999999999075
656,L85046,Lamotrigine_Tab 100mg,0408010H0AAAAAA,1,0.008399999999999075
657,L85021,Lamotrigine_Tab 100mg,0408010H0AAAAAA,1,0.008399999999999075
658,L85062,Lamotrigine_Tab 100mg,0408010H0AAAAAA,1,0.008399999999999075
648,L85054,Lamotrigine_Tab 100mg,0408010H0AAAAAA,1,0.008399999999999075
13,L85008,Pregabalin_Cap 100mg,0408010AEAAADAD,1,0.0063000000000001805
14,L85064,Pregabalin_Cap 100mg,0408010AEAAADAD,1,0.0063000000000001805
15,L85044,Pregabalin_Cap 100mg,0408010AEAAADAD,1,0.006000000000000172
308,L85001,Propranolol HCl_Tab 10mg,0204000R0AAAHAH,1,0.006000000000000172
16,L85051,Pregabalin_Cap 100mg,0408010AEAAADAD,1,0.006000000000000172
307,L85008,Propranolol HCl_Tab 10mg,0204000R0AAAHAH,1,0.006000000000000172
673,L85065,Lamotrigine_Tab 100mg,0408010H0AAAAAA,1,0.005599999999999383
679,L85004,Lamotrigine_Tab 100mg,0408010H0AAAAAA,1,0.005599999999999383
678,L85048,Lamotrigine_Tab 100mg,0408010H0AAAAAA,1,0.005599999999999383
677,L85025,Lamotrigine_Tab 100mg,0408010H0AAAAAA,2,0.005599999999999383
676,L85051,Lamotrigine_Tab 100mg,0408010H0AAAAAA,1,0.005599999999999383
675,L85624,Lamotrigine_Tab 100mg,0408010H0AAAAAA,1,0.005599999999999383
674,L85061,Lamotrigine_Tab 100mg,0408010H0AAAAAA,1,0.005599999999999383
669,L85041,Lamotrigine_Tab 100mg,0408010H0AAAAAA,1,0.005599999999999383
672,L85047,Lamotrigine_Tab 100mg,0408010H0AAAAAA,1,0.005599999999999383
664,L85611,Lamotrigine_Tab 100mg,0408010H0AAAAAA,1,0.005599999999999383
659,L85006,Lamotrigine_Tab 100mg,0408010H0AAAAAA,1,0.005599999999999383
660,L85036,Lamotrigine_Tab 100mg,0408010H0AAAAAA,1,0.005599999999999383
661,L85015,Lamotrigine_Tab 100mg,0408010H0AAAAAA,1,0.005599999999999383
662,L85010,Lamotrigine_Tab 100mg,0408010H0AAAAAA,1,0.005599999999999383
671,L85029,Lamotrigine_Tab 100mg,0408010H0AAAAAA,1,0.005599999999999383
663,L85009,Lamotrigine_Tab 100mg,0408010H0AAAAAA,1,0.005599999999999383
665,L85018,Lamotrigine_Tab 100mg,0408010H0AAAAAA,1,0.005599999999999383
666,L85001,Lamotrigine_Tab 100mg,0408010H0AAAAAA,1,0.005599999999999383
667,L85055,Lamotrigine_Tab 100mg,0408010H0AAAAAA,1,0.005599999999999383
668,L85607,Lamotrigine_Tab 100mg,0408010H0AAAAAA,1,0.005599999999999383
670,L85011,Lamotrigine_Tab 100mg,0408010H0AAAAAA,1,0.005599999999999383
309,L85064,Propranolol HCl_Tab 10mg,0204000R0AAAHAH,1,0.0043999999999999595
903,L85038,Sumatriptan_Tab 50mg,0407041T0AAAFAF,1,0.0039999999999995595
904,L85025,Sumatriptan_Tab 50mg,0407041T0AAAFAF,1,0.0031999999999996476
680,L85612,Lamotrigine_Tab 100mg,0408010H0AAAAAA,1,0.0027999999999996916
769,L85020,Lamotrigine_Tab 100mg,0408010H0AAAAAA,3,0.0
810,L85043,Lamotrigine_Tab 100mg,0408010H0AAAAAA,1,0.0
789,L85017,Lamotrigine_Tab 100mg,0408010H0AAAAAA,4,0.0
786,L85013,Lamotrigine_Tab 100mg,0408010H0AAAAAA,2,0.0
785,L85061,Lamotrigine_Tab 100mg,0408010H0AAAAAA,4,0.0
784,L85025,Lamotrigine_Tab 100mg,0408010H0AAAAAA,13,0.0
783,L85022,Lamotrigine_Tab 100mg,0408010H0AAAAAA,1,0.0
782,L85619,Lamotrigine_Tab 100mg,0408010H0AAAAAA,1,0.0
781,L85047,Lamotrigine_Tab 100mg,0408010H0AAAAAA,3,0.0
780,L85611,Lamotrigine_Tab 100mg,0408010H0AAAAAA,1,0.0
779,L85055,Lamotrigine_Tab 100mg,0408010H0AAAAAA,1,0.0
778,L85066,Lamotrigine_Tab 100mg,0408010H0AAAAAA,7,0.0
777,L85002,Lamotrigine_Tab 100mg,0408010H0AAAAAA,2,0.0
776,L85056,Lamotrigine_Tab 100mg,0408010H0AAAAAA,2,0.0
775,L85027,Lamotrigine_Tab 100mg,0408010H0AAAAAA,3,0.0
774,L85008,Lamotrigine_Tab 100mg,0408010H0AAAAAA,20,0.0
773,L85040,Lamotrigine_Tab 100mg,0408010H0AAAAAA,1,0.0
772,L85017,Lamotrigine_Tab 100mg,0408010H0AAAAAA,1,0.0
771,L85036,Lamotrigine_Tab 100mg,0408010H0AAAAAA,1,0.0
770,L85011,Lamotrigine_Tab 100mg,0408010H0AAAAAA,4,0.0
788,L85056,Lamotrigine_Tab 100mg,0408010H0AAAAAA,2,0.0
790,L85601,Lamotrigine_Tab 100mg,0408010H0AAAAAA,1,0.0
809,L85032,Lamotrigine_Tab 100mg,0408010H0AAAAAA,4,0.0
791,L85609,Lamotrigine_Tab 100mg,0408010H0AAAAAA,2,0.0
808,L85004,Lamotrigine_Tab 100mg,0408010H0AAAAAA,4,0.0
807,L85023,Lamotrigine_Tab 100mg,0408010H0AAAAAA,6,0.0
806,L85064,Lamotrigine_Tab 100mg,0408010H0AAAAAA,7,0.0
805,L85033,Lamotrigine_Tab 100mg,0408010H0AAAAAA,1,0.0
804,L85028,Lamotrigine_Tab 100mg,0408010H0AAAAAA,3,0.0
803,L85010,Lamotrigine_Tab 100mg,0408010H0AAAAAA,2,0.0
802,L85011,Lamotrigine_Tab 100mg,0408010H0AAAAAA,1,0.0
801,L85012,Lamotrigine_Tab 100mg,0408010H0AAAAAA,2,0.0
800,L85065,Lamotrigine_Tab 100mg,0408010H0AAAAAA,4,0.0
799,L85021,Lamotrigine_Tab 100mg,0408010H0AAAAAA,1,0.0
798,L85048,Lamotrigine_Tab 100mg,0408010H0AAAAAA,1,0.0
797,L85016,Lamotrigine_Tab 100mg,0408010H0AAAAAA,25,0.0
796,L85034,Lamotrigine_Tab 100mg,0408010H0AAAAAA,1,0.0
795,L85062,Lamotrigine_Tab 100mg,0408010H0AAAAAA,4,0.0
794,L85612,Lamotrigine_Tab 100mg,0408010H0AAAAAA,1,0.0
793,L85031,Lamotrigine_Tab 100mg,0408010H0AAAAAA,3,0.0
792,L85021,Lamotrigine_Tab 100mg,0408010H0AAAAAA,5,0.0
787,L85034,Lamotrigine_Tab 100mg,0408010H0AAAAAA,10,0.0
1007,L85009,Sumatriptan_Tab 50mg,0407041T0AAAFAF,10,0.0
905,L85004,Sumatriptan_Tab 50mg,0407041T0AAAFAF,1,0.0
986,L85061,Sumatriptan_Tab 50mg,0407041T0AAAFAF,1,0.0
1009,L85046,Sumatriptan_Tab 50mg,0407041T0AAAFAF,2,0.0
1010,L85056,Sumatriptan_Tab 50mg,0407041T0AAAFAF,7,0.0
1011,L85027,Sumatriptan_Tab 50mg,0407041T0AAAFAF,6,0.0
1012,L85018,Sumatriptan_Tab 50mg,0407041T0AAAFAF,4,0.0
1013,L85040,Sumatriptan_Tab 50mg,0407041T0AAAFAF,1,0.0
1014,L85016,Sumatriptan_Tab 50mg,0407041T0AAAFAF,3,0.0
1015,L85004,Sumatriptan_Tab 50mg,0407041T0AAAFAF,10,0.0
1016,L85609,Sumatriptan_Tab 50mg,0407041T0AAAFAF,3,0.0
1017,L85033,Sumatriptan_Tab 50mg,0407041T0AAAFAF,1,0.0
1018,L85029,Sumatriptan_Tab 50mg,0407041T0AAAFAF,1,0.0
1019,L85020,Sumatriptan_Tab 50mg,0407041T0AAAFAF,4,0.0
1020,L85008,Sumatriptan_Tab 50mg,0407041T0AAAFAF,38,0.0
1021,L85022,Sumatriptan_Tab 50mg,0407041T0AAAFAF,7,0.0
1022,L85052,Sumatriptan_Tab 50mg,0407041T0AAAFAF,4,0.0
1023,L85033,Sumatriptan_Tab 50mg,0407041T0AAAFAF,3,0.0
1024,L85032,Sumatriptan_Tab 50mg,0407041T0AAAFAF,5,0.0
1025,L85611,Sumatriptan_Tab 50mg,0407041T0AAAFAF,2,0.0
1008,L85013,Sumatriptan_Tab 50mg,0407041T0AAAFAF,1,0.0
1006,L85051,Sumatriptan_Tab 50mg,0407041T0AAAFAF,1,0.0
1005,L85040,Sumatriptan_Tab 50mg,0407041T0AAAFAF,9,0.0
995,Y01163,Sumatriptan_Tab 50mg,0407041T0AAAFAF,1,0.0
988,L85612,Sumatriptan_Tab 50mg,0407041T0AAAFAF,3,0.0
989,L85018,Sumatriptan_Tab 50mg,0407041T0AAAFAF,2,0.0
990,L85036,Sumatriptan_Tab 50mg,0407041T0AAAFAF,3,0.0
991,L85002,Sumatriptan_Tab 50mg,0407041T0AAAFAF,3,0.0
992,L85023,Sumatriptan_Tab 50mg,0407041T0AAAFAF,1,0.0
993,L85009,Sumatriptan_Tab 50mg,0407041T0AAAFAF,1,0.0
994,L85019,Sumatriptan_Tab 50mg,0407041T0AAAFAF,5,0.0
996,L85619,Sumatriptan_Tab 50mg,0407041T0AAAFAF,5,0.0
1004,L85054,Sumatriptan_Tab 50mg,0407041T0AAAFAF,2,0.0
997,L85022,Sumatriptan_Tab 50mg,0407041T0AAAFAF,3,0.0
998,L85053,Sumatriptan_Tab 50mg,0407041T0AAAFAF,4,0.0
999,L85012,Sumatriptan_Tab 50mg,0407041T0AAAFAF,12,0.0
1000,L85011,Sumatriptan_Tab 50mg,0407041T0AAAFAF,1,0.0
1001,L85042,Sumatriptan_Tab 50mg,0407041T0AAAFAF,20,0.0
1002,L85611,Sumatriptan_Tab 50mg,0407041T0AAAFAF,1,0.0
1003,L85064,Sumatriptan_Tab 50mg,0407041T0AAAFAF,9,0.0
1026,L85029,Sumatriptan_Tab 50mg,0407041T0AAAFAF,7,0.0
1027,L85003,Sumatriptan_Tab 50mg,0407041T0AAAFAF,1,0.0
1028,L85026,Sumatriptan_Tab 50mg,0407041T0AAAFAF,3,0.0
1057,L85009,Sumatriptan_Tab 50mg,0407041T0AAAFAF,1,0.0
1050,L85047,Sumatriptan_Tab 50mg,0407041T0AAAFAF,8,0.0
1051,L85030,Sumatriptan_Tab 50mg,0407041T0AAAFAF,12,0.0
1052,L85008,Sumatriptan_Tab 50mg,0407041T0AAAFAF,3,0.0
1053,L85619,Sumatriptan_Tab 50mg,0407041T0AAAFAF,1,0.0
1054,L85037,Sumatriptan_Tab 50mg,0407041T0AAAFAF,1,0.0
1055,L85016,Sumatriptan_Tab 50mg,0407041T0AAAFAF,12,0.0
1056,L85031,Sumatriptan_Tab 50mg,0407041T0AAAFAF,4,0.0
1058,L85607,Sumatriptan_Tab 50mg,0407041T0AAAFAF,3,0.0
1048,L85046,Sumatriptan_Tab 50mg,0407041T0AAAFAF,4,0.0
1059,L85033,Sumatriptan_Tab 50mg,0407041T0AAAFAF,13,0.0
1060,L85056,Sumatriptan_Tab 50mg,0407041T0AAAFAF,7,0.0
1061,L85014,Sumatriptan_Tab 50mg,0407041T0AAAFAF,3,0.0
1062,L85055,Sumatriptan_Tab 50mg,0407041T0AAAFAF,1,0.0
1063,L85008,Sumatriptan_Tab 50mg,0407041T0AAAFAF,1,0.0
1064,L85055,Sumatriptan_Tab 50mg,0407041T0AAAFAF,4,0.0
767,L85624,Lamotrigine_Tab 100mg,0408010H0AAAAAA,3,0.0
1049,L85016,Sumatriptan_Tab 50mg,0407041T0AAAFAF,20,0.0
1047,L85006,Sumatriptan_Tab 50mg,0407041T0AAAFAF,1,0.0
1029,L85053,Sumatriptan_Tab 50mg,0407041T0AAAFAF,1,0.0
1037,L85015,Sumatriptan_Tab 50mg,0407041T0AAAFAF,5,0.0
1030,L85041,Sumatriptan_Tab 50mg,0407041T0AAAFAF,3,0.0
1031,L85002,Sumatriptan_Tab 50mg,0407041T0AAAFAF,10,0.0
1032,L85021,Sumatriptan_Tab 50mg,0407041T0AAAFAF,4,0.0
1033,L85020,Sumatriptan_Tab 50mg,0407041T0AAAFAF,10,0.0
1034,L85032,Sumatriptan_Tab 50mg,0407041T0AAAFAF,7,0.0
1035,L85025,Sumatriptan_Tab 50mg,0407041T0AAAFAF,8,0.0
1036,L85017,Sumatriptan_Tab 50mg,0407041T0AAAFAF,5,0.0
1038,L85003,Sumatriptan_Tab 50mg,0407041T0AAAFAF,1,0.0
1046,L85009,Sumatriptan_Tab 50mg,0407041T0AAAFAF,4,0.0
1039,L85028,Sumatriptan_Tab 50mg,0407041T0AAAFAF,4,0.0
1040,L85043,Sumatriptan_Tab 50mg,0407041T0AAAFAF,10,0.0
1041,L85021,Sumatriptan_Tab 50mg,0407041T0AAAFAF,13,0.0
1042,L85050,Sumatriptan_Tab 50mg,0407041T0AAAFAF,5,0.0
1043,L85026,Sumatriptan_Tab 50mg,0407041T0AAAFAF,5,0.0
1044,L85612,Sumatriptan_Tab 50mg,0407041T0AAAFAF,1,0.0
1045,L85029,Sumatriptan_Tab 50mg,0407041T0AAAFAF,7,0.0
987,L85006,Sumatriptan_Tab 50mg,0407041T0AAAFAF,12,0.0
985,L85044,Sumatriptan_Tab 50mg,0407041T0AAAFAF,1,0.0
906,L85028,Sumatriptan_Tab 50mg,0407041T0AAAFAF,2,0.0
984,L85035,Sumatriptan_Tab 50mg,0407041T0AAAFAF,7,0.0
927,L85034,Sumatriptan_Tab 50mg,0407041T0AAAFAF,4,0.0
928,L85066,Sumatriptan_Tab 50mg,0407041T0AAAFAF,1,0.0
929,L85006,Sumatriptan_Tab 50mg,0407041T0AAAFAF,11,0.0
930,L85052,Sumatriptan_Tab 50mg,0407041T0AAAFAF,3,0.0
931,L85030,Sumatriptan_Tab 50mg,0407041T0AAAFAF,3,0.0
932,L85055,Sumatriptan_Tab 50mg,0407041T0AAAFAF,10,0.0
933,L85039,Sumatriptan_Tab 50mg,0407041T0AAAFAF,14,0.0
934,Y02389,Sumatriptan_Tab 50mg,0407041T0AAAFAF,1,0.0
935,L85601,Sumatriptan_Tab 50mg,0407041T0AAAFAF,4,0.0
936,L85025,Sumatriptan_Tab 50mg,0407041T0AAAFAF,2,0.0
937,L85624,Sumatriptan_Tab 50mg,0407041T0AAAFAF,4,0.0
938,L85619,Sumatriptan_Tab 50mg,0407041T0AAAFAF,10,0.0
939,L85011,Sumatriptan_Tab 50mg,0407041T0AAAFAF,9,0.0
940,L85012,Sumatriptan_Tab 50mg,0407041T0AAAFAF,1,0.0
941,L85023,Sumatriptan_Tab 50mg,0407041T0AAAFAF,11,0.0
942,L85004,Sumatriptan_Tab 50mg,0407041T0AAAFAF,5,0.0
943,L85065,Sumatriptan_Tab 50mg,0407041T0AAAFAF,8,0.0
926,L85042,Sumatriptan_Tab 50mg,0407041T0AAAFAF,12,0.0
925,L85066,Sumatriptan_Tab 50mg,0407041T0AAAFAF,4,0.0
924,L85038,Sumatriptan_Tab 50mg,0407041T0AAAFAF,8,0.0
914,L85064,Sumatriptan_Tab 50mg,0407041T0AAAFAF,5,0.0
907,L85017,Sumatriptan_Tab 50mg,0407041T0AAAFAF,9,0.0
908,L85038,Sumatriptan_Tab 50mg,0407041T0AAAFAF,2,0.0
909,L85624,Sumatriptan_Tab 50mg,0407041T0AAAFAF,8,0.0
910,L85048,Sumatriptan_Tab 50mg,0407041T0AAAFAF,3,0.0
911,L85035,Sumatriptan_Tab 50mg,0407041T0AAAFAF,7,0.0
912,L85032,Sumatriptan_Tab 50mg,0407041T0AAAFAF,1,0.0
913,L85043,Sumatriptan_Tab 50mg,0407041T0AAAFAF,7,0.0
915,L85024,Sumatriptan_Tab 50mg,0407041T0AAAFAF,1,0.0
923,L85030,Sumatriptan_Tab 50mg,0407041T0AAAFAF,1,0.0
916,L85001,Sumatriptan_Tab 50mg,0407041T0AAAFAF,3,0.0
917,L85061,Sumatriptan_Tab 50mg,0407041T0AAAFAF,3,0.0
918,L85013,Sumatriptan_Tab 50mg,0407041T0AAAFAF,2,0.0
919,L85023,Sumatriptan_Tab 50mg,0407041T0AAAFAF,10,0.0
920,L85013,Sumatriptan_Tab 50mg,0407041T0AAAFAF,6,0.0
921,L85046,Sumatriptan_Tab 50mg,0407041T0AAAFAF,4,0.0
922,L85065,Sumatriptan_Tab 50mg,0407041T0AAAFAF,7,0.0
944,L85028,Sumatriptan_Tab 50mg,0407041T0AAAFAF,1,0.0
945,L85055,Sumatriptan_Tab 50mg,0407041T0AAAFAF,7,0.0
946,L85022,Sumatriptan_Tab 50mg,0407041T0AAAFAF,2,0.0
975,L85609,Sumatriptan_Tab 50mg,0407041T0AAAFAF,4,0.0
968,L85001,Sumatriptan_Tab 50mg,0407041T0AAAFAF,1,0.0
969,L85027,Sumatriptan_Tab 50mg,0407041T0AAAFAF,14,0.0
970,L85007,Sumatriptan_Tab 50mg,0407041T0AAAFAF,3,0.0
971,L85053,Sumatriptan_Tab 50mg,0407041T0AAAFAF,3,0.0
972,L85014,Sumatriptan_Tab 50mg,0407041T0AAAFAF,9,0.0
973,Y01163,Sumatriptan_Tab 50mg,0407041T0AAAFAF,6,0.0
974,L85034,Sumatriptan_Tab 50mg,0407041T0AAAFAF,3,0.0
976,L85012,Sumatriptan_Tab 50mg,0407041T0AAAFAF,4,0.0
966,L85612,Sumatriptan_Tab 50mg,0407041T0AAAFAF,3,0.0
977,L85010,Sumatriptan_Tab 50mg,0407041T0AAAFAF,3,0.0
978,L85007,Sumatriptan_Tab 50mg,0407041T0AAAFAF,17,0.0
979,L85034,Sumatriptan_Tab 50mg,0407041T0AAAFAF,1,0.0
980,L85048,Sumatriptan_Tab 50mg,0407041T0AAAFAF,3,0.0
981,L85062,Sumatriptan_Tab 50mg,0407041T0AAAFAF,2,0.0
982,L85015,Sumatriptan_Tab 50mg,0407041T0AAAFAF,11,0.0
983,L85025,Sumatriptan_Tab 50mg,0407041T0AAAFAF,1,0.0
967,L85039,Sumatriptan_Tab 50mg,0407041T0AAAFAF,12,0.0
965,L85050,Sumatriptan_Tab 50mg,0407041T0AAAFAF,4,0.0
947,L85011,Sumatriptan_Tab 50mg,0407041T0AAAFAF,5,0.0
955,L85041,Sumatriptan_Tab 50mg,0407041T0AAAFAF,9,0.0
948,L85051,Sumatriptan_Tab 50mg,0407041T0AAAFAF,9,0.0
949,L85021,Sumatriptan_Tab 50mg,0407041T0AAAFAF,9,0.0
950,L85008,Sumatriptan_Tab 50mg,0407041T0AAAFAF,19,0.0
951,L85019,Sumatriptan_Tab 50mg,0407041T0AAAFAF,8,0.0
952,L85043,Sumatriptan_Tab 50mg,0407041T0AAAFAF,1,0.0
953,L85044,Sumatriptan_Tab 50mg,0407041T0AAAFAF,2,0.0
954,L85022,Sumatriptan_Tab 50mg,0407041T0AAAFAF,1,0.0
956,L85016,Sumatriptan_Tab 50mg,0407041T0AAAFAF,1,0.0
964,L85007,Sumatriptan_Tab 50mg,0407041T0AAAFAF,3,0.0
957,L85044,Sumatriptan_Tab 50mg,0407041T0AAAFAF,6,0.0
958,L85031,Sumatriptan_Tab 50mg,0407041T0AAAFAF,4,0.0
959,L85033,Sumatriptan_Tab 50mg,0407041T0AAAFAF,1,0.0
960,L85062,Sumatriptan_Tab 50mg,0407041T0AAAFAF,5,0.0
961,L85010,Sumatriptan_Tab 50mg,0407041T0AAAFAF,10,0.0
962,L85001,Sumatriptan_Tab 50mg,0407041T0AAAFAF,21,0.0
963,L85003,Sumatriptan_Tab 50mg,0407041T0AAAFAF,3,0.0
768,L85001,Lamotrigine_Tab 100mg,0408010H0AAAAAA,8,0.0
598,L85055,Propranolol HCl_Tab 10mg,0204000R0AAAHAH,2,0.0
766,L85007,Lamotrigine_Tab 100mg,0408010H0AAAAAA,1,0.0
454,L85064,Propranolol HCl_Tab 10mg,0204000R0AAAHAH,2,0.0
432,L85062,Propranolol HCl_Tab 10mg,0204000R0AAAHAH,1,0.0
433,L85027,Propranolol HCl_Tab 10mg,0204000R0AAAHAH,2,0.0
434,L85018,Propranolol HCl_Tab 10mg,0204000R0AAAHAH,1,0.0
435,L85028,Propranolol HCl_Tab 10mg,0204000R0AAAHAH,1,0.0
436,L85009,Propranolol HCl_Tab 10mg,0204000R0AAAHAH,1,0.0
437,L85064,Propranolol HCl_Tab 10mg,0204000R0AAAHAH,1,0.0
438,L85041,Propranolol HCl_Tab 10mg,0204000R0AAAHAH,1,0.0
439,L85034,Propranolol HCl_Tab 10mg,0204000R0AAAHAH,4,0.0
440,L85029,Propranolol HCl_Tab 10mg,0204000R0AAAHAH,14,0.0
441,L85053,Propranolol HCl_Tab 10mg,0204000R0AAAHAH,2,0.0
442,L85038,Propranolol HCl_Tab 10mg,0204000R0AAAHAH,1,0.0
443,L85056,Propranolol HCl_Tab 10mg,0204000R0AAAHAH,2,0.0
444,L85611,Propranolol HCl_Tab 10mg,0204000R0AAAHAH,3,0.0
445,L85619,Propranolol HCl_Tab 10mg,0204000R0AAAHAH,1,0.0
446,L85002,Propranolol HCl_Tab 10mg,0204000R0AAAHAH,1,0.0
447,L85061,Propranolol HCl_Tab 10mg,0204000R0AAAHAH,2,0.0
448,L85021,Propranolol HCl_Tab 10mg,0204000R0AAAHAH,4,0.0
449,L85021,Propranolol HCl_Tab 10mg,0204000R0AAAHAH,1,0.0
450,L85016,Propranolol HCl_Tab 10mg,0204000R0AAAHAH,7,0.0
451,L85019,Propranolol HCl_Tab 10mg,0204000R0AAAHAH,1,0.0
452,L85051,Propranolol HCl_Tab 10mg,0204000R0AAAHAH,2,0.0
431,L85002,Propranolol HCl_Tab 10mg,0204000R0AAAHAH,4,0.0
430,L85011,Propranolol HCl_Tab 10mg,0204000R0AAAHAH,1,0.0
429,L85062,Propranolol HCl_Tab 10mg,0204000R0AAAHAH,4,0.0
417,L85064,Propranolol HCl_Tab 10mg,0204000R0AAAHAH,2,0.0
408,L85008,Propranolol HCl_Tab 10mg,0204000R0AAAHAH,5,0.0
409,L85009,Propranolol HCl_Tab 10mg,0204000R0AAAHAH,7,0.0
410,L85003,Propranolol HCl_Tab 10mg,0204000R0AAAHAH,2,0.0
411,L85042,Propranolol HCl_Tab 10mg,0204000R0AAAHAH,5,0.0
412,L85050,Propranolol HCl_Tab 10mg,0204000R0AAAHAH,1,0.0
413,L85014,Propranolol HCl_Tab 10mg,0204000R0AAAHAH,4,0.0
414,L85624,Propranolol HCl_Tab 10mg,0204000R0AAAHAH,1,0.0
415,L85007,Propranolol HCl_Tab 10mg,0204000R0AAAHAH,8,0.0
416,L85009,Propranolol HCl_Tab 10mg,0204000R0AAAHAH,7,0.0
418,L85004,Propranolol HCl_Tab 10mg,0204000R0AAAHAH,5,0.0
428,L85007,Propranolol HCl_Tab 10mg,0204000R0AAAHAH,6,0.0
419,L85051,Propranolol HCl_Tab 10mg,0204000R0AAAHAH,4,0.0
420,L85034,Propranolol HCl_Tab 10mg,0204000R0AAAHAH,2,0.0
421,L85064,Propranolol HCl_Tab 10mg,0204000R0AAAHAH,1,0.0
422,L85619,Propranolol HCl_Tab 10mg,0204000R0AAAHAH,1,0.0
423,L85050,Propranolol HCl_Tab 10mg,0204000R0AAAHAH,2,0.0
424,L85051,Propranolol HCl_Tab 10mg,0204000R0AAAHAH,4,0.0
425,L85011,Propranolol HCl_Tab 10mg,0204000R0AAAHAH,3,0.0
426,L85035,Propranolol HCl_Tab 10mg,0204000R0AAAHAH,1,0.0
427,L85052,Propranolol HCl_Tab 10mg,0204000R0AAAHAH,1,0.0
453,L85012,Propranolol HCl_Tab 10mg,0204000R0AAAHAH,6,0.0
455,L85030,Propranolol HCl_Tab 10mg,0204000R0AAAHAH,3,0.0
406,L85029,Propranolol HCl_Tab 10mg,0204000R0AAAHAH,4,0.0
456,L85055,Propranolol HCl_Tab 10mg,0204000R0AAAHAH,3,0.0
481,L85029,Propranolol HCl_Tab 10mg,0204000R0AAAHAH,15,0.0
482,L85014,Propranolol HCl_Tab 10mg,0204000R0AAAHAH,6,0.0
483,L85601,Propranolol HCl_Tab 10mg,0204000R0AAAHAH,2,0.0
765,L85039,Lamotrigine_Tab 100mg,0408010H0AAAAAA,4,0.0
485,L85008,Propranolol HCl_Tab 10mg,0204000R0AAAHAH,4,0.0
486,L85047,Propranolol HCl_Tab 10mg,0204000R0AAAHAH,3,0.0
487,L85064,Propranolol HCl_Tab 10mg,0204000R0AAAHAH,8,0.0
488,L85061,Propranolol HCl_Tab 10mg,0204000R0AAAHAH,3,0.0
489,L85619,Propranolol HCl_Tab 10mg,0204000R0AAAHAH,5,0.0
490,L85018,Propranolol HCl_Tab 10mg,0204000R0AAAHAH,1,0.0
491,L85021,Propranolol HCl_Tab 10mg,0204000R0AAAHAH,2,0.0
492,L85601,Propranolol HCl_Tab 10mg,0204000R0AAAHAH,4,0.0
493,L85025,Propranolol HCl_Tab 10mg,0204000R0AAAHAH,1,0.0
494,L85016,Propranolol HCl_Tab 10mg,0204000R0AAAHAH,10,0.0
495,L85009,Propranolol HCl_Tab 10mg,0204000R0AAAHAH,1,0.0
496,L85010,Propranolol HCl_Tab 10mg,0204000R0AAAHAH,2,0.0
497,L85022,Propranolol HCl_Tab 10mg,0204000R0AAAHAH,6,0.0
498,L85035,Propranolol HCl_Tab 10mg,0204000R0AAAHAH,4,0.0
499,L85008,Propranolol HCl_Tab 10mg,0204000R0AAAHAH,3,0.0
500,L85038,Propranolol HCl_Tab 10mg,0204000R0AAAHAH,3,0.0
501,L85006,Propranolol HCl_Tab 10mg,0204000R0AAAHAH,5,0.0
480,Y01163,Propranolol HCl_Tab 10mg,0204000R0AAAHAH,1,0.0
479,L85053,Propranolol HCl_Tab 10mg,0204000R0AAAHAH,1,0.0
478,L85001,Propranolol HCl_Tab 10mg,0204000R0AAAHAH,9,0.0
466,L85046,Propranolol HCl_Tab 10mg,0204000R0AAAHAH,2,0.0
457,L85607,Propranolol HCl_Tab 10mg,0204000R0AAAHAH,1,0.0
458,L85033,Propranolol HCl_Tab 10mg,0204000R0AAAHAH,2,0.0
459,L85042,Propranolol HCl_Tab 10mg,0204000R0AAAHAH,2,0.0
460,L85055,Propranolol HCl_Tab 10mg,0204000R0AAAHAH,5,0.0
461,L85020,Propranolol HCl_Tab 10mg,0204000R0AAAHAH,1,0.0
462,L85601,Propranolol HCl_Tab 10mg,0204000R0AAAHAH,3,0.0
463,L85056,Propranolol HCl_Tab 10mg,0204000R0AAAHAH,1,0.0
464,L85017,Propranolol HCl_Tab 10mg,0204000R0AAAHAH,6,0.0
465,L85026,Propranolol HCl_Tab 10mg,0204000R0AAAHAH,1,0.0
467,L85026,Propranolol HCl_Tab 10mg,0204000R0AAAHAH,1,0.0
477,L85011,Propranolol HCl_Tab 10mg,0204000R0AAAHAH,3,0.0
468,L85042,Propranolol HCl_Tab 10mg,0204000R0AAAHAH,4,0.0
469,L85038,Propranolol HCl_Tab 10mg,0204000R0AAAHAH,3,0.0
470,L85010,Propranolol HCl_Tab 10mg,0204000R0AAAHAH,1,0.0
471,L85032,Propranolol HCl_Tab 10mg,0204000R0AAAHAH,1,0.0
472,L85048,Propranolol HCl_Tab 10mg,0204000R0AAAHAH,2,0.0
473,L85031,Propranolol HCl_Tab 10mg,0204000R0AAAHAH,3,0.0
474,L85036,Propranolol HCl_Tab 10mg,0204000R0AAAHAH,1,0.0
475,L85039,Propranolol HCl_Tab 10mg,0204000R0AAAHAH,7,0.0
476,L85066,Propranolol HCl_Tab 10mg,0204000R0AAAHAH,4,0.0
407,L85004,Propranolol HCl_Tab 10mg,0204000R0AAAHAH,4,0.0
405,L85612,Propranolol HCl_Tab 10mg,0204000R0AAAHAH,1,0.0
503,L85601,Propranolol HCl_Tab 10mg,0204000R0AAAHAH,2,0.0
356,L85031,Propranolol HCl_Tab 10mg,0204000R0AAAHAH,2,0.0
334,L85031,Propranolol HCl_Tab 10mg,0204000R0AAAHAH,1,0.0
335,L85015,Propranolol HCl_Tab 10mg,0204000R0AAAHAH,1,0.0
336,L85022,Propranolol HCl_Tab 10mg,0204000R0AAAHAH,9,0.0
337,L85009,Propranolol HCl_Tab 10mg,0204000R0AAAHAH,2,0.0
338,L85048,Propranolol HCl_Tab 10mg,0204000R0AAAHAH,1,0.0
339,L85025,Propranolol HCl_Tab 10mg,0204000R0AAAHAH,1,0.0
340,L85607,Propranolol HCl_Tab 10mg,0204000R0AAAHAH,1,0.0
341,L85031,Propranolol HCl_Tab 10mg,0204000R0AAAHAH,3,0.0
342,L85619,Propranolol HCl_Tab 10mg,0204000R0AAAHAH,9,0.0
343,L85002,Propranolol HCl_Tab 10mg,0204000R0AAAHAH,1,0.0
344,L85019,Propranolol HCl_Tab 10mg,0204000R0AAAHAH,5,0.0
345,L85042,Propranolol HCl_Tab 10mg,0204000R0AAAHAH,1,0.0
346,L85062,Propranolol HCl_Tab 10mg,0204000R0AAAHAH,1,0.0
347,L85047,Propranolol HCl_Tab 10mg,0204000R0AAAHAH,7,0.0
348,L85017,Propranolol HCl_Tab 10mg,0204000R0AAAHAH,1,0.0
349,L85001,Propranolol HCl_Tab 10mg,0204000R0AAAHAH,7,0.0
350,L85030,Propranolol HCl_Tab 10mg,0204000R0AAAHAH,2,0.0
351,L85030,Propranolol HCl_Tab 10mg,0204000R0AAAHAH,3,0.0
352,L85028,Propranolol HCl_Tab 10mg,0204000R0AAAHAH,4,0.0
353,L85034,Propranolol HCl_Tab 10mg,0204000R0AAAHAH,3,0.0
354,L85012,Propranolol HCl_Tab 10mg,0204000R0AAAHAH,2,0.0
333,L85009,Propranolol HCl_Tab 10mg,0204000R0AAAHAH,5,0.0
332,L85033,Propranolol HCl_Tab 10mg,0204000R0AAAHAH,5,0.0
331,L85024,Propranolol HCl_Tab 10mg,0204000R0AAAHAH,3,0.0
319,L85012,Propranolol HCl_Tab 10mg,0204000R0AAAHAH,2,0.0
310,L85012,Propranolol HCl_Tab 10mg,0204000R0AAAHAH,2,0.0
311,L85029,Propranolol HCl_Tab 10mg,0204000R0AAAHAH,1,0.0
312,L85043,Propranolol HCl_Tab 10mg,0204000R0AAAHAH,2,0.0
313,L85002,Propranolol HCl_Tab 10mg,0204000R0AAAHAH,1,0.0
314,L85035,Propranolol HCl_Tab 10mg,0204000R0AAAHAH,9,0.0
315,L85009,Propranolol HCl_Tab 10mg,0204000R0AAAHAH,5,0.0
316,L85055,Propranolol HCl_Tab 10mg,0204000R0AAAHAH,1,0.0
317,L85607,Propranolol HCl_Tab 10mg,0204000R0AAAHAH,4,0.0
318,L85008,Propranolol HCl_Tab 10mg,0204000R0AAAHAH,1,0.0
320,L85010,Propranolol HCl_Tab 10mg,0204000R0AAAHAH,5,0.0
330,L85004,Propranolol HCl_Tab 10mg,0204000R0AAAHAH,3,0.0
321,L85009,Propranolol HCl_Tab 10mg,0204000R0AAAHAH,2,0.0
322,L85027,Propranolol HCl_Tab 10mg,0204000R0AAAHAH,5,0.0
323,L85001,Propranolol HCl_Tab 10mg,0204000R0AAAHAH,4,0.0
324,L85034,Propranolol HCl_Tab 10mg,0204000R0AAAHAH,1,0.0
325,L85024,Propranolol HCl_Tab 10mg,0204000R0AAAHAH,1,0.0
326,L85022,Propranolol HCl_Tab 10mg,0204000R0AAAHAH,1,0.0
327,L85013,Propranolol HCl_Tab 10mg,0204000R0AAAHAH,7,0.0
328,L85050,Propranolol HCl_Tab 10mg,0204000R0AAAHAH,4,0.0
329,L85014,Propranolol HCl_Tab 10mg,0204000R0AAAHAH,4,0.0
355,L85010,Propranolol HCl_Tab 10mg,0204000R0AAAHAH,7,0.0
357,L85015,Propranolol HCl_Tab 10mg,0204000R0AAAHAH,4,0.0
404,L85043,Propranolol HCl_Tab 10mg,0204000R0AAAHAH,2,0.0
358,L85032,Propranolol HCl_Tab 10mg,0204000R0AAAHAH,5,0.0
383,L85017,Propranolol HCl_Tab 10mg,0204000R0AAAHAH,5,0.0
384,L85612,Propranolol HCl_Tab 10mg,0204000R0AAAHAH,1,0.0
385,L85039,Propranolol HCl_Tab 10mg,0204000R0AAAHAH,2,0.0
386,L85022,Propranolol HCl_Tab 10mg,0204000R0AAAHAH,2,0.0
387,L85029,Propranolol HCl_Tab 10mg,0204000R0AAAHAH,3,0.0
388,L85013,Propranolol HCl_Tab 10mg,0204000R0AAAHAH,1,0.0
389,L85024,Propranolol HCl_Tab 10mg,0204000R0AAAHAH,2,0.0
390,L85039,Propranolol HCl_Tab 10mg,0204000R0AAAHAH,1,0.0
391,L85004,Propranolol HCl_Tab 10mg,0204000R0AAAHAH,4,0.0
392,L85056,Propranolol HCl_Tab 10mg,0204000R0AAAHAH,1,0.0
393,L85047,Propranolol HCl_Tab 10mg,0204000R0AAAHAH,2,0.0
394,L85014,Propranolol HCl_Tab 10mg,0204000R0AAAHAH,5,0.0
395,L85048,Propranolol HCl_Tab 10mg,0204000R0AAAHAH,2,0.0
396,L85028,Propranolol HCl_Tab 10mg,0204000R0AAAHAH,1,0.0
397,L85025,Propranolol HCl_Tab 10mg,0204000R0AAAHAH,2,0.0
398,L85026,Propranolol HCl_Tab 10mg,0204000R0AAAHAH,1,0.0
399,L85065,Propranolol HCl_Tab 10mg,0204000R0AAAHAH,8,0.0
400,L85043,Propranolol HCl_Tab 10mg,0204000R0AAAHAH,1,0.0
401,L85047,Propranolol HCl_Tab 10mg,0204000R0AAAHAH,1,0.0
402,L85030,Propranolol HCl_Tab 10mg,0204000R0AAAHAH,3,0.0
403,L85004,Propranolol HCl_Tab 10mg,0204000R0AAAHAH,1,0.0
382,L85052,Propranolol HCl_Tab 10mg,0204000R0AAAHAH,1,0.0
381,L85050,Propranolol HCl_Tab 10mg,0204000R0AAAHAH,2,0.0
380,L85064,Propranolol HCl_Tab 10mg,0204000R0AAAHAH,1,0.0
368,L85019,Propranolol HCl_Tab 10mg,0204000R0AAAHAH,1,0.0
359,L85027,Propranolol HCl_Tab 10mg,0204000R0AAAHAH,4,0.0
360,L85619,Propranolol HCl_Tab 10mg,0204000R0AAAHAH,2,0.0
361,L85013,Propranolol HCl_Tab 10mg,0204000R0AAAHAH,1,0.0
362,L85050,Propranolol HCl_Tab 10mg,0204000R0AAAHAH,1,0.0
363,L85023,Propranolol HCl_Tab 10mg,0204000R0AAAHAH,10,0.0
364,L85027,Propranolol HCl_Tab 10mg,0204000R0AAAHAH,5,0.0
365,L85015,Propranolol HCl_Tab 10mg,0204000R0AAAHAH,1,0.0
366,L85053,Propranolol HCl_Tab 10mg,0204000R0AAAHAH,2,0.0
367,L85006,Propranolol HCl_Tab 10mg,0204000R0AAAHAH,3,0.0
369,L85039,Propranolol HCl_Tab 10mg,0204000R0AAAHAH,1,0.0
379,L85038,Propranolol HCl_Tab 10mg,0204000R0AAAHAH,2,0.0
370,L85022,Propranolol HCl_Tab 10mg,0204000R0AAAHAH,1,0.0
371,L85619,Propranolol HCl_Tab 10mg,0204000R0AAAHAH,1,0.0
372,L85042,Propranolol HCl_Tab 10mg,0204000R0AAAHAH,1,0.0
373,L85007,Propranolol HCl_Tab 10mg,0204000R0AAAHAH,1,0.0
374,L85016,Propranolol HCl_Tab 10mg,0204000R0AAAHAH,1,0.0
375,L85015,Propranolol HCl_Tab 10mg,0204000R0AAAHAH,2,0.0
376,L85609,Propranolol HCl_Tab 10mg,0204000R0AAAHAH,1,0.0
377,L85612,Propranolol HCl_Tab 10mg,0204000R0AAAHAH,1,0.0
378,L85050,Propranolol HCl_Tab 10mg,0204000R0AAAHAH,1,0.0
502,L85007,Propranolol HCl_Tab 10mg,0204000R0AAAHAH,2,0.0
484,L85028,Propranolol HCl_Tab 10mg,0204000R0AAAHAH,5,0.0
504,L85612,Propranolol HCl_Tab 10mg,0204000R0AAAHAH,2,0.0
708,L85032,Lamotrigine_Tab 100mg,0408010H0AAAAAA,2,0.0
699,L85001,Lamotrigine_Tab 100mg,0408010H0AAAAAA,10,0.0
700,L85601,Lamotrigine_Tab 100mg,0408010H0AAAAAA,3,0.0
701,L85029,Lamotrigine_Tab 100mg,0408010H0AAAAAA,1,0.0
702,L85015,Lamotrigine_Tab 100mg,0408010H0AAAAAA,9,0.0
703,L85042,Lamotrigine_Tab 100mg,0408010H0AAAAAA,1,0.0
704,L85030,Lamotrigine_Tab 100mg,0408010H0AAAAAA,7,0.0
705,L85006,Lamotrigine_Tab 100mg,0408010H0AAAAAA,10,0.0
706,L85016,Lamotrigine_Tab 100mg,0408010H0AAAAAA,3,0.0
707,L85014,Lamotrigine_Tab 100mg,0408010H0AAAAAA,1,0.0
709,L85050,Lamotrigine_Tab 100mg,0408010H0AAAAAA,2,0.0
597,L85052,Propranolol HCl_Tab 10mg,0204000R0AAAHAH,4,0.0
710,L85015,Lamotrigine_Tab 100mg,0408010H0AAAAAA,4,0.0
711,L85014,Lamotrigine_Tab 100mg,0408010H0AAAAAA,19,0.0
712,L85002,Lamotrigine_Tab 100mg,0408010H0AAAAAA,5,0.0
713,L85043,Lamotrigine_Tab 100mg,0408010H0AAAAAA,3,0.0
714,L85044,Lamotrigine_Tab 100mg,0408010H0AAAAAA,2,0.0
715,L85052,Lamotrigine_Tab 100mg,0408010H0AAAAAA,7,0.0
716,Y01163,Lamotrigine_Tab 100mg,0408010H0AAAAAA,2,0.0
717,L85042,Lamotrigine_Tab 100mg,0408010H0AAAAAA,5,0.0
718,L85027,Lamotrigine_Tab 100mg,0408010H0AAAAAA,1,0.0
698,L85029,Lamotrigine_Tab 100mg,0408010H0AAAAAA,3,0.0
697,L85053,Lamotrigine_Tab 100mg,0408010H0AAAAAA,3,0.0
696,L85022,Lamotrigine_Tab 100mg,0408010H0AAAAAA,10,0.0
695,L85022,Lamotrigine_Tab 100mg,0408010H0AAAAAA,2,0.0
600,L85014,Propranolol HCl_Tab 10mg,0204000R0AAAHAH,9,0.0
601,L85065,Propranolol HCl_Tab 10mg,0204000R0AAAHAH,1,0.0
602,L85011,Propranolol HCl_Tab 10mg,0204000R0AAAHAH,1,0.0
603,L85035,Propranolol HCl_Tab 10mg,0204000R0AAAHAH,12,0.0
604,L85020,Propranolol HCl_Tab 10mg,0204000R0AAAHAH,3,0.0
681,L85048,Lamotrigine_Tab 100mg,0408010H0AAAAAA,4,0.0
682,L85022,Lamotrigine_Tab 100mg,0408010H0AAAAAA,1,0.0
683,L85047,Lamotrigine_Tab 100mg,0408010H0AAAAAA,1,0.0
684,L85050,Lamotrigine_Tab 100mg,0408010H0AAAAAA,4,0.0
685,L85008,Lamotrigine_Tab 100mg,0408010H0AAAAAA,1,0.0
686,L85056,Lamotrigine_Tab 100mg,0408010H0AAAAAA,1,0.0
687,L85042,Lamotrigine_Tab 100mg,0408010H0AAAAAA,8,0.0
688,L85038,Lamotrigine_Tab 100mg,0408010H0AAAAAA,7,0.0
689,L85009,Lamotrigine_Tab 100mg,0408010H0AAAAAA,5,0.0
505,L85046,Propranolol HCl_Tab 10mg,0204000R0AAAHAH,3,0.0
691,L85046,Lamotrigine_Tab 100mg,0408010H0AAAAAA,2,0.0
692,L85015,Lamotrigine_Tab 100mg,0408010H0AAAAAA,1,0.0
693,L85006,Lamotrigine_Tab 100mg,0408010H0AAAAAA,1,0.0
694,L85035,Lamotrigine_Tab 100mg,0408010H0AAAAAA,1,0.0
719,L85039,Lamotrigine_Tab 100mg,0408010H0AAAAAA,7,0.0
720,L85014,Lamotrigine_Tab 100mg,0408010H0AAAAAA,5,0.0
721,L85047,Lamotrigine_Tab 100mg,0408010H0AAAAAA,4,0.0
744,L85041,Lamotrigine_Tab 100mg,0408010H0AAAAAA,4,0.0
746,L85043,Lamotrigine_Tab 100mg,0408010H0AAAAAA,3,0.0
747,L85012,Lamotrigine_Tab 100mg,0408010H0AAAAAA,7,0.0
748,L85003,Lamotrigine_Tab 100mg,0408010H0AAAAAA,1,0.0
749,L85024,Lamotrigine_Tab 100mg,0408010H0AAAAAA,1,0.0
750,L85041,Lamotrigine_Tab 100mg,0408010H0AAAAAA,3,0.0
751,L85040,Lamotrigine_Tab 100mg,0408010H0AAAAAA,6,0.0
752,L85034,Lamotrigine_Tab 100mg,0408010H0AAAAAA,3,0.0
753,L85008,Lamotrigine_Tab 100mg,0408010H0AAAAAA,4,0.0
754,L85619,Lamotrigine_Tab 100mg,0408010H0AAAAAA,2,0.0
755,L85043,Lamotrigine_Tab 100mg,0408010H0AAAAAA,1,0.0
756,L85018,Lamotrigine_Tab 100mg,0408010H0AAAAAA,2,0.0
757,L85055,Lamotrigine_Tab 100mg,0408010H0AAAAAA,8,0.0
758,L85021,Lamotrigine_Tab 100mg,0408010H0AAAAAA,8,0.0
759,L85053,Lamotrigine_Tab 100mg,0408010H0AAAAAA,2,0.0
760,L85611,Lamotrigine_Tab 100mg,0408010H0AAAAAA,2,0.0
761,L85009,Lamotrigine_Tab 100mg,0408010H0AAAAAA,8,0.0
762,L85010,Lamotrigine_Tab 100mg,0408010H0AAAAAA,8,0.0
763,L85002,Lamotrigine_Tab 100mg,0408010H0AAAAAA,2,0.0
764,L85024,Lamotrigine_Tab 100mg,0408010H0AAAAAA,7,0.0
745,L85052,Lamotrigine_Tab 100mg,0408010H0AAAAAA,4,0.0
743,L85035,Lamotrigine_Tab 100mg,0408010H0AAAAAA,1,0.0
722,L85048,Lamotrigine_Tab 100mg,0408010H0AAAAAA,2,0.0
742,L85061,Lamotrigine_Tab 100mg,0408010H0AAAAAA,1,0.0
723,L85023,Lamotrigine_Tab 100mg,0408010H0AAAAAA,14,0.0
724,L85012,Lamotrigine_Tab 100mg,0408010H0AAAAAA,4,0.0
725,L85029,Lamotrigine_Tab 100mg,0408010H0AAAAAA,13,0.0
726,L85035,Lamotrigine_Tab 100mg,0408010H0AAAAAA,16,0.0
727,L85607,Lamotrigine_Tab 100mg,0408010H0AAAAAA,1,0.0
728,L85030,Lamotrigine_Tab 100mg,0408010H0AAAAAA,3,0.0
729,L85612,Lamotrigine_Tab 100mg,0408010H0AAAAAA,1,0.0
730,L85025,Lamotrigine_Tab 100mg,0408010H0AAAAAA,4,0.0
731,L85026,Lamotrigine_Tab 100mg,0408010H0AAAAAA,2,0.0
732,L85017,Lamotrigine_Tab 100mg,0408010H0AAAAAA,5,0.0
733,L85004,Lamotrigine_Tab 100mg,0408010H0AAAAAA,8,0.0
734,L85007,Lamotrigine_Tab 100mg,0408010H0AAAAAA,8,0.0
735,L85030,Lamotrigine_Tab 100mg,0408010H0AAAAAA,2,0.0
736,L85023,Lamotrigine_Tab 100mg,0408010H0AAAAAA,1,0.0
737,L85031,Lamotrigine_Tab 100mg,0408010H0AAAAAA,4,0.0
738,L85012,Lamotrigine_Tab 100mg,0408010H0AAAAAA,1,0.0
739,L85619,Lamotrigine_Tab 100mg,0408010H0AAAAAA,4,0.0
740,L85051,Lamotrigine_Tab 100mg,0408010H0AAAAAA,3,0.0
741,L85019,Lamotrigine_Tab 100mg,0408010H0AAAAAA,4,0.0
599,L85021,Propranolol HCl_Tab 10mg,0204000R0AAAHAH,2,0.0
690,L85064,Lamotrigine_Tab 100mg,0408010H0AAAAAA,4,0.0
596,L85055,Propranolol HCl_Tab 10mg,0204000R0AAAHAH,7,0.0
541,Y01163,Propranolol HCl_Tab 10mg,0204000R0AAAHAH,1,0.0
531,L85018,Propranolol HCl_Tab 10mg,0204000R0AAAHAH,2,0.0
532,L85007,Propranolol HCl_Tab 10mg,0204000R0AAAHAH,1,0.0
533,L85043,Propranolol HCl_Tab 10mg,0204000R0AAAHAH,1,0.0
534,L85013,Propranolol HCl_Tab 10mg,0204000R0AAAHAH,3,0.0
535,L85036,Propranolol HCl_Tab 10mg,0204000R0AAAHAH,2,0.0
536,L85023,Propranolol HCl_Tab 10mg,0204000R0AAAHAH,15,0.0
537,L85036,Propranolol HCl_Tab 10mg,0204000R0AAAHAH,1,0.0
538,L85601,Propranolol HCl_Tab 10mg,0204000R0AAAHAH,1,0.0
539,L85052,Propranolol HCl_Tab 10mg,0204000R0AAAHAH,3,0.0
540,L85607,Propranolol HCl_Tab 10mg,0204000R0AAAHAH,2,0.0
595,L85006,Propranolol HCl_Tab 10mg,0204000R0AAAHAH,1,0.0
554,L85066,Propranolol HCl_Tab 10mg,0204000R0AAAHAH,1,0.0
543,L85047,Propranolol HCl_Tab 10mg,0204000R0AAAHAH,1,0.0
544,L85040,Propranolol HCl_Tab 10mg,0204000R0AAAHAH,1,0.0
545,L85016,Propranolol HCl_Tab 10mg,0204000R0AAAHAH,5,0.0
546,L85025,Propranolol HCl_Tab 10mg,0204000R0AAAHAH,4,0.0
547,L85006,Propranolol HCl_Tab 10mg,0204000R0AAAHAH,6,0.0
548,L85066,Propranolol HCl_Tab 10mg,0204000R0AAAHAH,1,0.0
549,L85020,Propranolol HCl_Tab 10mg,0204000R0AAAHAH,5,0.0
550,L85047,Propranolol HCl_Tab 10mg,0204000R0AAAHAH,1,0.0
551,L85038,Propranolol HCl_Tab 10mg,0204000R0AAAHAH,3,0.0
552,L85009,Propranolol HCl_Tab 10mg,0204000R0AAAHAH,1,0.0
530,L85019,Propranolol HCl_Tab 10mg,0204000R0AAAHAH,1,0.0
529,L85029,Propranolol HCl_Tab 10mg,0204000R0AAAHAH,3,0.0
528,L85066,Propranolol HCl_Tab 10mg,0204000R0AAAHAH,4,0.0
527,L85046,Propranolol HCl_Tab 10mg,0204000R0AAAHAH,2,0.0
506,L85022,Propranolol HCl_Tab 10mg,0204000R0AAAHAH,12,0.0
507,L85607,Propranolol HCl_Tab 10mg,0204000R0AAAHAH,2,0.0
508,L85020,Propranolol HCl_Tab 10mg,0204000R0AAAHAH,1,0.0
509,Y01163,Propranolol HCl_Tab 10mg,0204000R0AAAHAH,3,0.0
510,L85007,Propranolol HCl_Tab 10mg,0204000R0AAAHAH,6,0.0
511,L85016,Propranolol HCl_Tab 10mg,0204000R0AAAHAH,2,0.0
512,L85012,Propranolol HCl_Tab 10mg,0204000R0AAAHAH,1,0.0
513,L85039,Propranolol HCl_Tab 10mg,0204000R0AAAHAH,4,0.0
514,L85061,Propranolol HCl_Tab 10mg,0204000R0AAAHAH,7,0.0
515,L85023,Propranolol HCl_Tab 10mg,0204000R0AAAHAH,2,0.0
516,L85051,Propranolol HCl_Tab 10mg,0204000R0AAAHAH,3,0.0
517,L85016,Propranolol HCl_Tab 10mg,0204000R0AAAHAH,5,0.0
518,L85025,Propranolol HCl_Tab 10mg,0204000R0AAAHAH,1,0.0
519,L85032,Propranolol HCl_Tab 10mg,0204000R0AAAHAH,1,0.0
520,L85034,Propranolol HCl_Tab 10mg,0204000R0AAAHAH,4,0.0
521,L85020,Propranolol HCl_Tab 10mg,0204000R0AAAHAH,3,0.0
522,L85013,Propranolol HCl_Tab 10mg,0204000R0AAAHAH,1,0.0
523,L85041,Propranolol HCl_Tab 10mg,0204000R0AAAHAH,6,0.0
524,L85007,Propranolol HCl_Tab 10mg,0204000R0AAAHAH,2,0.0
525,L85062,Propranolol HCl_Tab 10mg,0204000R0AAAHAH,1,0.0
526,L85039,Propranolol HCl_Tab 10mg,0204000R0AAAHAH,2,0.0
553,L85006,Propranolol HCl_Tab 10mg,0204000R0AAAHAH,8,0.0
542,L85002,Propranolol HCl_Tab 10mg,0204000R0AAAHAH,1,0.0
555,L85020,Propranolol HCl_Tab 10mg,0204000R0AAAHAH,4,0.0
582,L85008,Propranolol HCl_Tab 10mg,0204000R0AAAHAH,3,0.0
573,L85012,Propranolol HCl_Tab 10mg,0204000R0AAAHAH,12,0.0
574,L85065,Propranolol HCl_Tab 10mg,0204000R0AAAHAH,1,0.0
575,L85053,Propranolol HCl_Tab 10mg,0204000R0AAAHAH,1,0.0
576,L85001,Propranolol HCl_Tab 10mg,0204000R0AAAHAH,2,0.0
577,L85012,Propranolol HCl_Tab 10mg,0204000R0AAAHAH,2,0.0
578,L85064,Propranolol HCl_Tab 10mg,0204000R0AAAHAH,3,0.0
579,L85033,Propranolol HCl_Tab 10mg,0204000R0AAAHAH,2,0.0
580,L85023,Propranolol HCl_Tab 10mg,0204000R0AAAHAH,6,0.0
581,L85048,Propranolol HCl_Tab 10mg,0204000R0AAAHAH,2,0.0
583,L85612,Propranolol HCl_Tab 10mg,0204000R0AAAHAH,4,0.0
570,L85048,Propranolol HCl_Tab 10mg,0204000R0AAAHAH,1,0.0
584,L85041,Propranolol HCl_Tab 10mg,0204000R0AAAHAH,3,0.0
585,L85017,Propranolol HCl_Tab 10mg,0204000R0AAAHAH,4,0.0
586,L85008,Propranolol HCl_Tab 10mg,0204000R0AAAHAH,2,0.0
587,L85033,Propranolol HCl_Tab 10mg,0204000R0AAAHAH,7,0.0
588,L85015,Propranolol HCl_Tab 10mg,0204000R0AAAHAH,3,0.0
589,L85004,Propranolol HCl_Tab 10mg,0204000R0AAAHAH,7,0.0
591,L85001,Propranolol HCl_Tab 10mg,0204000R0AAAHAH,4,0.0
590,L85003,Propranolol HCl_Tab 10mg,0204000R0AAAHAH,3,0.0
556,L85008,Propranolol HCl_Tab 10mg,0204000R0AAAHAH,7,0.0
572,L85066,Propranolol HCl_Tab 10mg,0204000R0AAAHAH,2,0.0
571,L85022,Propranolol HCl_Tab 10mg,0204000R0AAAHAH,2,0.0
593,L85028,Propranolol HCl_Tab 10mg,0204000R0AAAHAH,1,0.0
562,L85019,Propranolol HCl_Tab 10mg,0204000R0AAAHAH,4,0.0
558,L85021,Propranolol HCl_Tab 10mg,0204000R0AAAHAH,6,0.0
557,L85003,Propranolol HCl_Tab 10mg,0204000R0AAAHAH,1,0.0
594,L85009,Propranolol HCl_Tab 10mg,0204000R0AAAHAH,1,0.0
569,L85042,Propranolol HCl_Tab 10mg,0204000R0AAAHAH,5,0.0
592,L85033,Propranolol HCl_Tab 10mg,0204000R0AAAHAH,8,0.0
559,L85014,Propranolol HCl_Tab 10mg,0204000R0AAAHAH,4,0.0
561,L85019,Propranolol HCl_Tab 10mg,0204000R0AAAHAH,4,0.0
563,L85011,Propranolol HCl_Tab 10mg,0204000R0AAAHAH,3,0.0
564,L85001,Propranolol HCl_Tab 10mg,0204000R0AAAHAH,6,0.0
565,L85035,Propranolol HCl_Tab 10mg,0204000R0AAAHAH,4,0.0
566,L85026,Propranolol HCl_Tab 10mg,0204000R0AAAHAH,3,0.0
567,L85048,Propranolol HCl_Tab 10mg,0204000R0AAAHAH,2,0.0
568,L85006,Propranolol HCl_Tab 10mg,0204000R0AAAHAH,3,0.0
560,L85013,Propranolol HCl_Tab 10mg,0204000R0AAAHAH,1,0.0
605,L85024,Propranolol HCl_Tab 10mg,0204000R0AAAHAH,1,-0.0008000000000000229
17,L85023,Pregabalin_Cap 100mg,0408010AEAAADAD,1,-0.0015999999999999348
811,L85061,Lamotrigine_Tab 100mg,0408010H0AAAAAA,1,-0.0021000000000009345
1065,L85002,Sumatriptan_Tab 50mg,0407041T0AAAFAF,1,-0.0024999999999997247
1066,L85008,Sumatriptan_Tab 50mg,0407041T0AAAFAF,1,-0.0027999999999996916
1166,L85024,Paracet_Tab Solb 500mg,0407010H0AAAQAQ,1,-0.0029999999999996696
1165,L85024,Paracet_Tab Solb 500mg,0407010H0AAAQAQ,1,-0.0029999999999996696
18,L85008,Pregabalin_Cap 100mg,0408010AEAAADAD,1,-0.0029999999999996696
1068,L85043,Sumatriptan_Tab 50mg,0407041T0AAAFAF,1,-0.00300000000000078
1069,L85006,Sumatriptan_Tab 50mg,0407041T0AAAFAF,1,-0.00300000000000078
1067,L85007,Sumatriptan_Tab 50mg,0407041T0AAAFAF,1,-0.00300000000000078
812,L85064,Lamotrigine_Tab 100mg,0408010H0AAAAAA,10,-0.003000000000001335
1070,L85020,Sumatriptan_Tab 50mg,0407041T0AAAFAF,1,-0.0032000000000000917
813,L85064,Lamotrigine_Tab 100mg,0408010H0AAAAAA,1,-0.003400000000000014
814,L85039,Lamotrigine_Tab 100mg,0408010H0AAAAAA,1,-0.003500000000000003
1176,L85029,Paracet_Tab Solb 500mg,0407010H0AAAQAQ,1,-0.005999999999999339
1180,L85018,Paracet_Tab Solb 500mg,0407010H0AAAQAQ,1,-0.005999999999999339
1177,L85008,Paracet_Tab Solb 500mg,0407010H0AAAQAQ,1,-0.005999999999999339
1178,L85023,Paracet_Tab Solb 500mg,0407010H0AAAQAQ,1,-0.005999999999999339
1179,L85051,Paracet_Tab Solb 500mg,0407010H0AAAQAQ,1,-0.005999999999999339
1183,L85018,Paracet_Tab Solb 500mg,0407010H0AAAQAQ,1,-0.005999999999999339
1181,L85612,Paracet_Tab Solb 500mg,0407010H0AAAQAQ,1,-0.005999999999999339
1182,L85612,Paracet_Tab Solb 500mg,0407010H0AAAQAQ,1,-0.005999999999999339
1173,L85054,Paracet_Tab Solb 500mg,0407010H0AAAQAQ,1,-0.005999999999999339
1184,L85023,Paracet_Tab Solb 500mg,0407010H0AAAQAQ,1,-0.005999999999999339
1174,L85002,Paracet_Tab Solb 500mg,0407010H0AAAQAQ,1,-0.005999999999999339
1175,L85054,Paracet_Tab Solb 500mg,0407010H0AAAQAQ,1,-0.005999999999999339
1172,L85002,Paracet_Tab Solb 500mg,0407010H0AAAQAQ,1,-0.005999999999999339
1167,L85008,Paracet_Tab Solb 500mg,0407010H0AAAQAQ,1,-0.005999999999999339
1171,L85051,Paracet_Tab Solb 500mg,0407010H0AAAQAQ,1,-0.005999999999999339
1170,L85013,Paracet_Tab Solb 500mg,0407010H0AAAQAQ,1,-0.005999999999999339
1169,L85013,Paracet_Tab Solb 500mg,0407010H0AAAQAQ,1,-0.005999999999999339
1168,L85029,Paracet_Tab Solb 500mg,0407010H0AAAQAQ,1,-0.005999999999999339
815,L85021,Lamotrigine_Tab 100mg,0408010H0AAAAAA,1,-0.00600000000000267
1194,L85019,Paracet_Tab Solb 500mg,0407010H0AAAQAQ,2,-0.011999999999998678
1185,L85010,Paracet_Tab Solb 500mg,0407010H0AAAQAQ,2,-0.011999999999998678
1186,L85062,Paracet_Tab Solb 500mg,0407010H0AAAQAQ,2,-0.011999999999998678
1187,L85035,Paracet_Tab Solb 500mg,0407010H0AAAQAQ,2,-0.011999999999998678
1188,L85014,Paracet_Tab Solb 500mg,0407010H0AAAQAQ,2,-0.011999999999998678
1189,L85019,Paracet_Tab Solb 500mg,0407010H0AAAQAQ,2,-0.011999999999998678
1190,L85062,Paracet_Tab Solb 500mg,0407010H0AAAQAQ,2,-0.011999999999998678
1191,L85010,Paracet_Tab Solb 500mg,0407010H0AAAQAQ,2,-0.011999999999998678
1192,L85035,Paracet_Tab Solb 500mg,0407010H0AAAQAQ,2,-0.011999999999998678
1193,L85014,Paracet_Tab Solb 500mg,0407010H0AAAQAQ,2,-0.011999999999998678
817,L85052,Lamotrigine_Tab 100mg,0408010H0AAAAAA,4,-0.014000000000000012
816,L85034,Lamotrigine_Tab 100mg,0408010H0AAAAAA,4,-0.014000000000000012
1195,L85038,Paracet_Tab Solb 500mg,0407010H0AAAQAQ,3,-0.017999999999998018
1196,L85038,Paracet_Tab Solb 500mg,0407010H0AAAQAQ,3,-0.017999999999998018
818,L85042,Lamotrigine_Tab 100mg,0408010H0AAAAAA,7,-0.024500000000000022
606,L85064,Propranolol HCl_Tab 10mg,0204000R0AAAHAH,10,-0.027000000000000773
