,practice_code,bnf_description,bnf_code,items,excess_cost
0,P91003,Mesalazine_Tab E/C 800mg,0105010B0AAASAS,1,103.31999999999998
1,P91004,Mesalazine_Tab E/C 800mg,0105010B0AAASAS,2,73.80000000000003
32,P91021,Risperidone_Tab 6mg,040201030AAAFAF,2,58.4192
2,P91013,Mesalazine_Tab E/C 800mg,0105010B0AAASAS,2,36.90000000000001
3,P91035,Mesalazine_Tab E/C 800mg,0105010B0AAASAS,1,34.43999999999999
4,P91029,Mesalazine_Tab E/C 800mg,0105010B0AAASAS,1,34.43999999999999
13,P91006,Mesalazine_Tab E/C 400mg,0105010B0AAAAAA,2,31.942399999999996
115,P91029,Gemfibrozil_Tab 600mg,0212000Q0AAABAB,4,30.284799999999997
33,P91631,Risperidone_Tab 6mg,040201030AAAFAF,1,29.2096
14,P91623,Mesalazine_Tab E/C 400mg,0105010B0AAAAAA,1,23.956799999999998
17,P91627,Mesalazine_Tab E/C 400mg,0105010B0AAAAAA,1,23.956799999999998
16,P91008,Mesalazine_Tab E/C 400mg,0105010B0AAAAAA,1,23.956799999999998
15,P91014,Mesalazine_Tab E/C 400mg,0105010B0AAAAAA,1,23.956799999999998
5,P91013,Mesalazine_Tab E/C 800mg,0105010B0AAASAS,2,22.959999999999994
18,P91629,Mesalazine_Tab E/C 400mg,0105010B0AAAAAA,5,19.963999999999995
161,P91004,Quetiapine_Tab 100mg,0402010ABAAACAC,3,18.429600000000004
6,P91018,Mesalazine_Tab E/C 800mg,0105010B0AAASAS,1,17.219999999999995
19,P91021,Mesalazine_Tab E/C 400mg,0105010B0AAAAAA,1,17.099999999999998
20,P91633,Mesalazine_Tab E/C 400mg,0105010B0AAAAAA,1,17.099999999999998
21,P91013,Mesalazine_Tab E/C 400mg,0105010B0AAAAAA,1,17.099999999999998
116,P91008,Gemfibrozil_Tab 600mg,0212000Q0AAABAB,1,15.142399999999999
22,P91629,Mesalazine_Tab E/C 400mg,0105010B0AAAAAA,6,12.0036
23,Y02129,Mesalazine_Tab E/C 400mg,0105010B0AAAAAA,1,11.978399999999999
8,P91006,Mesalazine_Tab E/C 800mg,0105010B0AAASAS,1,11.479999999999997
7,P91004,Mesalazine_Tab E/C 800mg,0105010B0AAASAS,1,11.479999999999997
119,P91019,Gemfibrozil_Tab 600mg,0212000Q0AAABAB,1,7.571199999999999
118,P91006,Gemfibrozil_Tab 600mg,0212000Q0AAABAB,1,7.571199999999999
117,P91018,Gemfibrozil_Tab 600mg,0212000Q0AAABAB,1,7.571199999999999
219,Y00480,Buprenorphine_Tab Subling 400mcg S/F,0410030A0AAACAC,4,6.0928
9,P91018,Mesalazine_Tab E/C 800mg,0105010B0AAASAS,1,5.739999999999998
220,Y00480,Buprenorphine_Tab Subling 400mcg S/F,0410030A0AAACAC,4,4.5696
152,P91009,Atorvastatin_Tab 60mg,0212000B0AAAPAP,2,4.435200000000009
34,P91006,Clonazepam_Tab 500mcg,0408010F0AAABAB,7,4.429599999999991
205,P91014,Pyridox HCl_Tab 50mg,0906024N0AAAIAI,1,4.309200000000001
153,P91625,Atorvastatin_Tab 60mg,0212000B0AAAPAP,3,3.3264000000000067
35,P91619,Clonazepam_Tab 500mcg,0408010F0AAABAB,2,3.050999999999994
206,P91014,Pyridox HCl_Tab 50mg,0906024N0AAAIAI,2,2.8728000000000007
36,P91032,Clonazepam_Tab 500mcg,0408010F0AAABAB,1,2.847599999999994
37,P91021,Clonazepam_Tab 500mcg,0408010F0AAABAB,4,2.531199999999995
39,P91021,Clonazepam_Tab 500mcg,0408010F0AAABAB,1,2.531199999999995
40,P91018,Clonazepam_Tab 500mcg,0408010F0AAABAB,4,2.531199999999995
41,P91016,Clonazepam_Tab 500mcg,0408010F0AAABAB,1,2.531199999999995
38,P91625,Clonazepam_Tab 500mcg,0408010F0AAABAB,2,2.531199999999995
120,P91006,Amiodarone HCl_Tab 200mg,0203020D0AAABAB,7,2.450000000000002
221,Y00480,Buprenorphine_Tab Subling 400mcg S/F,0410030A0AAACAC,3,2.2848
42,Y02129,Clonazepam_Tab 500mcg,0408010F0AAABAB,1,2.2599999999999953
154,P91018,Atorvastatin_Tab 60mg,0212000B0AAAPAP,1,2.2176000000000045
155,P91021,Atorvastatin_Tab 60mg,0212000B0AAAPAP,1,2.2176000000000045
156,P91619,Atorvastatin_Tab 60mg,0212000B0AAAPAP,2,2.2176000000000045
43,P91013,Clonazepam_Tab 500mcg,0408010F0AAABAB,7,2.2147999999999954
44,P91013,Clonazepam_Tab 500mcg,0408010F0AAABAB,3,1.898399999999996
46,P91629,Clonazepam_Tab 500mcg,0408010F0AAABAB,3,1.898399999999996
47,P91017,Clonazepam_Tab 500mcg,0408010F0AAABAB,8,1.898399999999996
48,P91021,Clonazepam_Tab 500mcg,0408010F0AAABAB,2,1.898399999999996
45,P91035,Clonazepam_Tab 500mcg,0408010F0AAABAB,6,1.898399999999996
121,P91016,Amiodarone HCl_Tab 200mg,0203020D0AAABAB,5,1.7500000000000016
207,P91014,Pyridox HCl_Tab 50mg,0906024N0AAAIAI,1,1.7100000000000004
208,P91604,Pyridox HCl_Tab 50mg,0906024N0AAAIAI,1,1.4364000000000003
122,P91003,Amiodarone HCl_Tab 200mg,0203020D0AAABAB,2,1.4000000000000012
222,P91003,Buprenorphine_Tab Subling 400mcg S/F,0410030A0AAACAC,1,1.36
49,P91003,Clonazepam_Tab 500mcg,0408010F0AAABAB,2,1.2655999999999974
50,P91017,Clonazepam_Tab 500mcg,0408010F0AAABAB,1,1.2655999999999974
51,P91018,Clonazepam_Tab 500mcg,0408010F0AAABAB,4,1.2655999999999974
52,P91013,Clonazepam_Tab 500mcg,0408010F0AAABAB,1,1.2655999999999974
53,P91009,Clonazepam_Tab 500mcg,0408010F0AAABAB,2,1.2655999999999974
54,P91009,Clonazepam_Tab 500mcg,0408010F0AAABAB,1,1.2655999999999974
55,P91016,Clonazepam_Tab 500mcg,0408010F0AAABAB,1,1.2655999999999974
56,P91018,Clonazepam_Tab 500mcg,0408010F0AAABAB,5,1.1864999999999974
58,P91014,Clonazepam_Tab 500mcg,0408010F0AAABAB,1,1.1299999999999977
59,P91017,Clonazepam_Tab 500mcg,0408010F0AAABAB,1,1.1299999999999977
57,P91029,Clonazepam_Tab 500mcg,0408010F0AAABAB,1,1.1299999999999977
157,P91627,Atorvastatin_Tab 60mg,0212000B0AAAPAP,4,1.1088000000000022
158,P91633,Atorvastatin_Tab 60mg,0212000B0AAAPAP,1,1.1088000000000022
160,P91021,Atorvastatin_Tab 60mg,0212000B0AAAPAP,1,1.1088000000000022
159,P91019,Atorvastatin_Tab 60mg,0212000B0AAAPAP,1,1.1088000000000022
60,P91014,Clonazepam_Tab 500mcg,0408010F0AAABAB,7,1.1073999999999977
123,P91604,Amiodarone HCl_Tab 200mg,0203020D0AAABAB,3,1.050000000000001
209,P91604,Pyridox HCl_Tab 50mg,0906024N0AAAIAI,1,1.0260000000000002
62,P91009,Clonazepam_Tab 500mcg,0408010F0AAABAB,1,1.016999999999998
61,P91007,Clonazepam_Tab 500mcg,0408010F0AAABAB,1,1.016999999999998
210,P91021,Pyridox HCl_Tab 50mg,0906024N0AAAIAI,1,0.9576000000000002
211,P91629,Pyridox HCl_Tab 50mg,0906024N0AAAIAI,1,0.9576000000000002
63,P91617,Clonazepam_Tab 500mcg,0408010F0AAABAB,1,0.949199999999998
71,P91017,Clonazepam_Tab 500mcg,0408010F0AAABAB,1,0.949199999999998
70,P91633,Clonazepam_Tab 500mcg,0408010F0AAABAB,1,0.949199999999998
69,P91625,Clonazepam_Tab 500mcg,0408010F0AAABAB,1,0.949199999999998
68,P91014,Clonazepam_Tab 500mcg,0408010F0AAABAB,1,0.949199999999998
67,P91619,Clonazepam_Tab 500mcg,0408010F0AAABAB,1,0.949199999999998
66,P91026,Clonazepam_Tab 500mcg,0408010F0AAABAB,3,0.949199999999998
65,P91035,Clonazepam_Tab 500mcg,0408010F0AAABAB,1,0.949199999999998
64,P91006,Clonazepam_Tab 500mcg,0408010F0AAABAB,3,0.949199999999998
73,P91020,Clonazepam_Tab 500mcg,0408010F0AAABAB,5,0.7909999999999984
72,P91018,Clonazepam_Tab 500mcg,0408010F0AAABAB,1,0.7909999999999984
124,P91625,Amiodarone HCl_Tab 200mg,0203020D0AAABAB,9,0.7623
223,Y00480,Buprenorphine_Tab Subling 400mcg S/F,0410030A0AAACAC,2,0.7616
212,P91018,Pyridox HCl_Tab 50mg,0906024N0AAAIAI,1,0.7182000000000002
127,P91035,Amiodarone HCl_Tab 200mg,0203020D0AAABAB,1,0.7000000000000006
133,P91009,Amiodarone HCl_Tab 200mg,0203020D0AAABAB,1,0.7000000000000006
132,P91633,Amiodarone HCl_Tab 200mg,0203020D0AAABAB,2,0.7000000000000006
131,P91032,Amiodarone HCl_Tab 200mg,0203020D0AAABAB,1,0.7000000000000006
130,Y02129,Amiodarone HCl_Tab 200mg,0203020D0AAABAB,1,0.7000000000000006
129,P91629,Amiodarone HCl_Tab 200mg,0203020D0AAABAB,2,0.7000000000000006
128,P91014,Amiodarone HCl_Tab 200mg,0203020D0AAABAB,2,0.7000000000000006
126,P91625,Amiodarone HCl_Tab 200mg,0203020D0AAABAB,2,0.7000000000000006
125,P91029,Amiodarone HCl_Tab 200mg,0203020D0AAABAB,1,0.7000000000000006
74,P91629,Clonazepam_Tab 500mcg,0408010F0AAABAB,1,0.6779999999999986
75,P91014,Clonazepam_Tab 500mcg,0408010F0AAABAB,1,0.6779999999999986
135,P91018,Amiodarone HCl_Tab 200mg,0203020D0AAABAB,8,0.6776
134,P91020,Amiodarone HCl_Tab 200mg,0203020D0AAABAB,8,0.6776
224,Y00480,Buprenorphine_Tab Subling 400mcg S/F,0410030A0AAACAC,1,0.6576000000000002
85,P91029,Clonazepam_Tab 500mcg,0408010F0AAABAB,1,0.6327999999999987
90,P91017,Clonazepam_Tab 500mcg,0408010F0AAABAB,1,0.6327999999999987
78,P91014,Clonazepam_Tab 500mcg,0408010F0AAABAB,1,0.6327999999999987
83,P91619,Clonazepam_Tab 500mcg,0408010F0AAABAB,1,0.6327999999999987
82,P91604,Clonazepam_Tab 500mcg,0408010F0AAABAB,2,0.6327999999999987
87,P91026,Clonazepam_Tab 500mcg,0408010F0AAABAB,1,0.6327999999999987
81,P91004,Clonazepam_Tab 500mcg,0408010F0AAABAB,2,0.6327999999999987
80,P91009,Clonazepam_Tab 500mcg,0408010F0AAABAB,4,0.6327999999999987
79,P91012,Clonazepam_Tab 500mcg,0408010F0AAABAB,2,0.6327999999999987
77,P91020,Clonazepam_Tab 500mcg,0408010F0AAABAB,1,0.6327999999999987
86,P91603,Clonazepam_Tab 500mcg,0408010F0AAABAB,1,0.6327999999999987
91,P91032,Clonazepam_Tab 500mcg,0408010F0AAABAB,1,0.6327999999999987
92,P91013,Clonazepam_Tab 500mcg,0408010F0AAABAB,4,0.6327999999999987
88,P91006,Clonazepam_Tab 500mcg,0408010F0AAABAB,4,0.6327999999999987
89,P91012,Clonazepam_Tab 500mcg,0408010F0AAABAB,1,0.6327999999999987
76,P91017,Clonazepam_Tab 500mcg,0408010F0AAABAB,4,0.6327999999999987
84,P91625,Clonazepam_Tab 500mcg,0408010F0AAABAB,2,0.6327999999999987
136,P91603,Amiodarone HCl_Tab 200mg,0203020D0AAABAB,1,0.6125000000000005
137,P91016,Amiodarone HCl_Tab 200mg,0203020D0AAABAB,1,0.6048
214,P91006,Pyridox HCl_Tab 50mg,0906024N0AAAIAI,5,0.5985000000000001
213,P91615,Pyridox HCl_Tab 50mg,0906024N0AAAIAI,5,0.5985000000000001
93,P91016,Clonazepam_Tab 500mcg,0408010F0AAABAB,1,0.5699999999999983
94,P91012,Clonazepam_Tab 500mcg,0408010F0AAABAB,7,0.5536999999999989
138,P91017,Amiodarone HCl_Tab 200mg,0203020D0AAABAB,6,0.5082
218,P91604,Pyridox HCl_Tab 50mg,0906024N0AAAIAI,1,0.4788000000000001
217,P91018,Pyridox HCl_Tab 50mg,0906024N0AAAIAI,1,0.4788000000000001
216,P91629,Pyridox HCl_Tab 50mg,0906024N0AAAIAI,1,0.4788000000000001
215,P91020,Pyridox HCl_Tab 50mg,0906024N0AAAIAI,1,0.4788000000000001
95,P91012,Clonazepam_Tab 500mcg,0408010F0AAABAB,3,0.474599999999999
96,Y02129,Clonazepam_Tab 500mcg,0408010F0AAABAB,2,0.474599999999999
97,P91627,Clonazepam_Tab 500mcg,0408010F0AAABAB,5,0.3954999999999992
139,P91011,Amiodarone HCl_Tab 200mg,0203020D0AAABAB,1,0.37200000000000066
141,P91009,Amiodarone HCl_Tab 200mg,0203020D0AAABAB,1,0.3500000000000003
142,P91018,Amiodarone HCl_Tab 200mg,0203020D0AAABAB,1,0.3500000000000003
143,P91627,Amiodarone HCl_Tab 200mg,0203020D0AAABAB,1,0.3500000000000003
144,P91623,Amiodarone HCl_Tab 200mg,0203020D0AAABAB,1,0.3500000000000003
145,P91012,Amiodarone HCl_Tab 200mg,0203020D0AAABAB,1,0.3500000000000003
146,P91008,Amiodarone HCl_Tab 200mg,0203020D0AAABAB,1,0.3500000000000003
147,Y02129,Amiodarone HCl_Tab 200mg,0203020D0AAABAB,1,0.3500000000000003
148,P91019,Amiodarone HCl_Tab 200mg,0203020D0AAABAB,1,0.3500000000000003
140,P91032,Amiodarone HCl_Tab 200mg,0203020D0AAABAB,1,0.3500000000000003
98,P91007,Clonazepam_Tab 500mcg,0408010F0AAABAB,1,0.3389999999999993
149,P91019,Amiodarone HCl_Tab 200mg,0203020D0AAABAB,4,0.3388
150,P91009,Amiodarone HCl_Tab 200mg,0203020D0AAABAB,4,0.3388
151,P91627,Amiodarone HCl_Tab 200mg,0203020D0AAABAB,4,0.3388
103,P91007,Clonazepam_Tab 500mcg,0408010F0AAABAB,1,0.31639999999999935
99,Y02129,Clonazepam_Tab 500mcg,0408010F0AAABAB,1,0.31639999999999935
100,P91003,Clonazepam_Tab 500mcg,0408010F0AAABAB,4,0.31639999999999935
101,P91631,Clonazepam_Tab 500mcg,0408010F0AAABAB,1,0.31639999999999935
102,P91016,Clonazepam_Tab 500mcg,0408010F0AAABAB,4,0.31639999999999935
104,P91014,Clonazepam_Tab 500mcg,0408010F0AAABAB,1,0.31639999999999935
105,P91629,Clonazepam_Tab 500mcg,0408010F0AAABAB,1,0.31639999999999935
106,P91021,Clonazepam_Tab 500mcg,0408010F0AAABAB,1,0.31639999999999935
107,P91035,Clonazepam_Tab 500mcg,0408010F0AAABAB,1,0.22199999999999998
108,P91623,Clonazepam_Tab 500mcg,0408010F0AAABAB,5,0.21199999999999997
109,P91009,Clonazepam_Tab 500mcg,0408010F0AAABAB,5,0.21199999999999997
112,P91021,Clonazepam_Tab 500mcg,0408010F0AAABAB,1,0.15819999999999967
110,P91032,Clonazepam_Tab 500mcg,0408010F0AAABAB,1,0.15819999999999967
111,P91633,Clonazepam_Tab 500mcg,0408010F0AAABAB,1,0.15819999999999967
113,P91604,Clonazepam_Tab 500mcg,0408010F0AAABAB,3,0.12719999999999998
114,P91011,Clonazepam_Tab 500mcg,0408010F0AAABAB,1,0.11599999999999999
225,Y00480,Buprenorphine_Tab Subling 400mcg S/F,0410030A0AAACAC,1,0.05720000000000003
162,P91013,Quetiapine_Tab 100mg,0402010ABAAACAC,18,0.050400000000001444
163,P91020,Quetiapine_Tab 100mg,0402010ABAAACAC,10,0.028000000000000802
24,P91629,Mesalazine_Tab E/C 400mg,0105010B0AAAAAA,6,0.025200000000001888
164,Y02129,Quetiapine_Tab 100mg,0402010ABAAACAC,8,0.02240000000000064
165,P91627,Quetiapine_Tab 100mg,0402010ABAAACAC,6,0.01680000000000048
166,P91032,Quetiapine_Tab 100mg,0402010ABAAACAC,5,0.014000000000000401
170,P91035,Quetiapine_Tab 100mg,0402010ABAAACAC,4,0.01120000000000032
169,P91018,Quetiapine_Tab 100mg,0402010ABAAACAC,4,0.01120000000000032
168,P91017,Quetiapine_Tab 100mg,0402010ABAAACAC,4,0.01120000000000032
167,P91604,Quetiapine_Tab 100mg,0402010ABAAACAC,4,0.01120000000000032
171,P91018,Quetiapine_Tab 100mg,0402010ABAAACAC,4,0.011199999999998766
172,P91006,Quetiapine_Tab 100mg,0402010ABAAACAC,3,0.00840000000000024
173,P91631,Quetiapine_Tab 100mg,0402010ABAAACAC,3,0.00840000000000024
175,P91006,Quetiapine_Tab 100mg,0402010ABAAACAC,3,0.008399999999999075
174,P91014,Quetiapine_Tab 100mg,0402010ABAAACAC,3,0.008399999999999075
183,P91017,Quetiapine_Tab 100mg,0402010ABAAACAC,2,0.005599999999999383
182,P91008,Quetiapine_Tab 100mg,0402010ABAAACAC,2,0.005599999999999383
181,P91604,Quetiapine_Tab 100mg,0402010ABAAACAC,2,0.005599999999999383
180,P91011,Quetiapine_Tab 100mg,0402010ABAAACAC,2,0.005599999999999383
179,P91003,Quetiapine_Tab 100mg,0402010ABAAACAC,2,0.005599999999999383
178,P91026,Quetiapine_Tab 100mg,0402010ABAAACAC,2,0.005599999999999383
177,P91625,Quetiapine_Tab 100mg,0402010ABAAACAC,2,0.005599999999999383
176,P91021,Quetiapine_Tab 100mg,0402010ABAAACAC,2,0.005599999999999383
226,Y00480,Buprenorphine_Tab Subling 400mcg S/F,0410030A0AAACAC,1,0.0048000000000001375
184,P91629,Quetiapine_Tab 100mg,0402010ABAAACAC,1,0.00280000000000008
227,Y00480,Buprenorphine_Tab Subling 400mcg S/F,0410030A0AAACAC,1,0.0028000000000000247
188,P91629,Quetiapine_Tab 100mg,0402010ABAAACAC,1,0.0027999999999996916
185,P91012,Quetiapine_Tab 100mg,0402010ABAAACAC,1,0.0027999999999996916
186,P91619,Quetiapine_Tab 100mg,0402010ABAAACAC,1,0.0027999999999996916
187,P91013,Quetiapine_Tab 100mg,0402010ABAAACAC,1,0.0027999999999996916
191,P91623,Quetiapine_Tab 100mg,0402010ABAAACAC,1,0.0027999999999996916
190,P91603,Quetiapine_Tab 100mg,0402010ABAAACAC,1,0.0027999999999996916
189,P91016,Quetiapine_Tab 100mg,0402010ABAAACAC,1,0.0027999999999996916
196,P91006,Quetiapine_Tab 100mg,0402010ABAAACAC,1,-0.005599999999999383
195,P91012,Quetiapine_Tab 100mg,0402010ABAAACAC,1,-0.005599999999999383
194,P91018,Quetiapine_Tab 100mg,0402010ABAAACAC,1,-0.005599999999999383
193,P91009,Quetiapine_Tab 100mg,0402010ABAAACAC,1,-0.005599999999999383
192,P91014,Quetiapine_Tab 100mg,0402010ABAAACAC,1,-0.005599999999999383
197,P91021,Quetiapine_Tab 100mg,0402010ABAAACAC,2,-0.011199999999998766
27,P91633,Mesalazine_Tab E/C 400mg,0105010B0AAAAAA,1,-0.011999999999998678
25,P91021,Mesalazine_Tab E/C 400mg,0105010B0AAAAAA,1,-0.011999999999998678
26,P91013,Mesalazine_Tab E/C 400mg,0105010B0AAAAAA,1,-0.011999999999998678
198,P91004,Quetiapine_Tab 100mg,0402010ABAAACAC,3,-0.012599999999998612
200,P91009,Quetiapine_Tab 100mg,0402010ABAAACAC,4,-0.01679999999999815
199,P91629,Quetiapine_Tab 100mg,0402010ABAAACAC,4,-0.01679999999999815
201,P91615,Quetiapine_Tab 100mg,0402010ABAAACAC,5,-0.020999999999997687
203,P91026,Quetiapine_Tab 100mg,0402010ABAAACAC,6,-0.025199999999997225
202,P91007,Quetiapine_Tab 100mg,0402010ABAAACAC,6,-0.025199999999997225
204,P91020,Quetiapine_Tab 100mg,0402010ABAAACAC,7,-0.029399999999996762
28,P91625,Mesalazine_Tab E/C 400mg,0105010B0AAAAAA,1,-11.978399999999999
29,P91032,Mesalazine_Tab E/C 400mg,0105010B0AAAAAA,1,-17.112
30,P91006,Mesalazine_Tab E/C 400mg,0105010B0AAAAAA,1,-25.667999999999996
31,P91014,Mesalazine_Tab E/C 400mg,0105010B0AAAAAA,1,-25.667999999999996
10,P91629,Mesalazine_Tab E/C 800mg,0105010B0AAASAS,1,-34.43999999999999
11,P91013,Mesalazine_Tab E/C 800mg,0105010B0AAASAS,2,-36.89999999999997
12,P91004,Mesalazine_Tab E/C 800mg,0105010B0AAASAS,2,-73.79999999999994
