,practice_code,bnf_description,bnf_code,items,excess_cost
0,F83002,Buprenorphine_Tab Subling 400mcg S/F,0410030A0AAACAC,5,5.232799999999999
1,F83002,Clonazepam_Tab 500mcg,0408010F0AAABAB,5,1.7401999999999964
2,F83002,Diltiazem HCl_Tab 60mg M/R,0206020C0AAAAAA,2,0.6160000000000021
3,F83002,Mesalazine_Tab E/C 400mg,0105010B0AAAAAA,1,47.913599999999995
4,F83002,Pyridox HCl_Tab 50mg,0906024N0AAAIAI,1,0.4788000000000001
5,F83002,Tiotropium_Pdr For Inh Cap 18mcg,0301020Q0AAABAB,3,0.008999999999999009
6,F83002,Topiramate_Tab 200mg,040801050AAACAC,1,2.489999999999999
7,F83004,Clonazepam_Tab 500mcg,0408010F0AAABAB,3,3.2091999999999934
8,F83004,Tiotropium_Pdr For Inh Cap 18mcg,0301020Q0AAABAB,1,-0.007999999999999119
9,F83007,Clonazepam_Tab 500mcg,0408010F0AAABAB,12,7.909999999999984
10,F83007,Pyridox HCl_Tab 50mg,0906024N0AAAIAI,8,2.8728000000000007
11,F83008,Amiodarone HCl_Tab 200mg,0203020D0AAABAB,5,2.100000000000002
12,F83008,Buprenorphine_Tab Subling 400mcg S/F,0410030A0AAACAC,1,0.7616
13,F83008,Clonazepam_Tab 500mcg,0408010F0AAABAB,7,5.785599999999988
14,F83008,Pyridox HCl_Tab 50mg,0906024N0AAAIAI,1,1.0260000000000002
15,F83008,Risperidone_Tab 6mg,040201030AAAFAF,1,58.4192
16,F83008,Topiramate_Tab 200mg,040801050AAACAC,1,6.971999999999997
17,F83010,Amiodarone HCl_Tab 200mg,0203020D0AAABAB,3,1.7500000000000016
18,F83010,Clonazepam_Tab 500mcg,0408010F0AAABAB,26,11.033799999999978
19,F83010,Diltiazem HCl_Tab 60mg M/R,0206020C0AAAAAA,5,0.9744000000000046
20,F83010,Mesalazine_Tab E/C 400mg,0105010B0AAAAAA,3,95.82719999999999
21,F83010,Mesalazine_Tab E/C 800mg,0105010B0AAASAS,1,-36.89999999999999
22,F83010,Topiramate_Tab 200mg,040801050AAACAC,4,2.307200000000001
23,F83012,Amiodarone HCl_Tab 200mg,0203020D0AAABAB,3,2.100000000000002
24,F83012,Clonazepam_Tab 500mcg,0408010F0AAABAB,16,9.270999999999981
25,F83012,Tiotropium_Pdr For Inh Cap 18mcg,0301020Q0AAABAB,3,-0.023999999999997357
26,F83015,Buprenorphine_Tab Subling 400mcg S/F,0410030A0AAACAC,1,1.1424
27,F83015,Clonazepam_Tab 500mcg,0408010F0AAABAB,10,8.904399999999981
28,F83015,Diltiazem HCl_Tab 60mg M/R,0206020C0AAAAAA,2,0.4928000000000017
29,F83015,Risperidone_Tab 6mg,040201030AAAFAF,3,87.6288
30,F83021,Buprenorphine_Tab Subling 400mcg S/F,0410030A0AAACAC,1,0.7616
31,F83021,Clonazepam_Tab 500mcg,0408010F0AAABAB,6,2.598999999999995
32,F83021,Diltiazem HCl_Tab 60mg M/R,0206020C0AAAAAA,1,0.1260000000000001
33,F83021,Mesalazine_Tab E/C 400mg,0105010B0AAAAAA,1,47.913599999999995
34,F83021,Mesalazine_Tab E/C 800mg,0105010B0AAASAS,1,-36.89999999999999
35,F83021,Risperidone_Tab 6mg,040201030AAAFAF,1,29.2096
36,F83027,Amiodarone HCl_Tab 200mg,0203020D0AAABAB,1,0.7000000000000006
37,F83027,Clonazepam_Tab 500mcg,0408010F0AAABAB,3,2.892799999999994
38,F83027,Diltiazem HCl_Tab 60mg M/R,0206020C0AAAAAA,2,0.7392000000000025
39,F83027,Mesalazine_Tab E/C 800mg,0105010B0AAASAS,1,36.89999999999999
40,F83027,Pyridox HCl_Tab 50mg,0906024N0AAAIAI,2,5.745600000000001
41,F83032,Buprenorphine_Tab Subling 400mcg S/F,0410030A0AAACAC,2,3.4816000000000003
42,F83032,Clonazepam_Tab 500mcg,0408010F0AAABAB,2,0.6553999999999987
43,F83032,Diltiazem HCl_Tab 60mg M/R,0206020C0AAAAAA,2,0.9856000000000034
44,F83032,Mesalazine_Tab E/C 800mg,0105010B0AAASAS,1,-36.89999999999999
45,F83033,Clonazepam_Tab 500mcg,0408010F0AAABAB,1,0.15819999999999967
46,F83033,Mesalazine_Tab E/C 800mg,0105010B0AAASAS,1,17.219999999999995
47,F83033,Pyridox HCl_Tab 50mg,0906024N0AAAIAI,1,0.4788000000000001
48,F83033,Risperidone_Tab 6mg,040201030AAAFAF,2,58.4192
49,F83034,Amiodarone HCl_Tab 200mg,0203020D0AAABAB,8,0.6776
50,F83034,Diltiazem HCl_Tab 60mg M/R,0206020C0AAAAAA,4,0.23520000000000207
51,F83034,Topiramate_Tab 200mg,040801050AAACAC,2,9.295999999999996
52,F83039,Amiodarone HCl_Tab 200mg,0203020D0AAABAB,1,0.3500000000000003
53,F83039,Clonazepam_Tab 500mcg,0408010F0AAABAB,5,4.76859999999999
54,F83039,Diltiazem HCl_Tab 60mg M/R,0206020C0AAAAAA,2,0.6300000000000006
55,F83039,Mesalazine_Tab E/C 400mg,0105010B0AAAAAA,5,8.508000000000006
56,F83039,Risperidone_Tab 6mg,040201030AAAFAF,1,29.2096
57,F83039,Tiotropium_Pdr For Inh Cap 18mcg,0301020Q0AAABAB,1,-0.007999999999999119
58,F83045,Amiodarone HCl_Tab 200mg,0203020D0AAABAB,1,1.050000000000001
59,F83045,Clonazepam_Tab 500mcg,0408010F0AAABAB,6,5.519199999999989
60,F83045,Mesalazine_Tab E/C 400mg,0105010B0AAAAAA,2,59.32159999999999
61,F83051,Clonazepam_Tab 500mcg,0408010F0AAABAB,3,1.5819999999999967
62,F83053,Amiodarone HCl_Tab 200mg,0203020D0AAABAB,1,0.7000000000000006
63,F83053,Clonazepam_Tab 500mcg,0408010F0AAABAB,4,4.135799999999992
64,F83053,Mesalazine_Tab E/C 400mg,0105010B0AAAAAA,1,12.833999999999998
65,F83053,Mesalazine_Tab E/C 800mg,0105010B0AAASAS,1,51.65999999999999
66,F83053,Pyridox HCl_Tab 50mg,0906024N0AAAIAI,1,0.4788000000000001
67,F83053,Topiramate_Tab 200mg,040801050AAACAC,1,4.647999999999998
68,F83056,Clonazepam_Tab 500mcg,0408010F0AAABAB,6,1.2655999999999974
69,F83056,Diltiazem HCl_Tab 60mg M/R,0206020C0AAAAAA,1,0.1260000000000001
70,F83056,Pyridox HCl_Tab 50mg,0906024N0AAAIAI,1,0.4788000000000001
71,F83060,Amiodarone HCl_Tab 200mg,0203020D0AAABAB,1,0.3500000000000003
72,F83060,Clonazepam_Tab 500mcg,0408010F0AAABAB,7,6.644399999999987
73,F83060,Mesalazine_Tab E/C 800mg,0105010B0AAASAS,1,45.91999999999999
74,F83060,Risperidone_Tab 6mg,040201030AAAFAF,3,21.924
75,F83063,Amiodarone HCl_Tab 200mg,0203020D0AAABAB,2,1.050000000000001
76,F83063,Buprenorphine_Tab Subling 400mcg S/F,0410030A0AAACAC,1,0.7616
77,F83063,Clonazepam_Tab 500mcg,0408010F0AAABAB,5,3.186599999999993
78,F83063,Diltiazem HCl_Tab 60mg M/R,0206020C0AAAAAA,1,0.7392000000000025
79,F83063,Mesalazine_Tab E/C 400mg,0105010B0AAAAAA,1,95.82719999999999
80,F83064,Buprenorphine_Tab Subling 400mcg S/F,0410030A0AAACAC,1,1.1424
81,F83064,Clonazepam_Tab 500mcg,0408010F0AAABAB,2,0.971799999999998
82,F83064,Diltiazem HCl_Tab 60mg M/R,0206020C0AAAAAA,1,0.5040000000000004
83,F83064,Mesalazine_Tab E/C 400mg,0105010B0AAAAAA,1,-85.55999999999999
84,F83064,Mesalazine_Tab E/C 800mg,0105010B0AAASAS,2,36.89999999999999
85,F83624,Buprenorphine_Tab Subling 400mcg S/F,0410030A0AAACAC,2,1.5232
86,F83624,Clonazepam_Tab 500mcg,0408010F0AAABAB,5,2.377999999999995
87,F83624,Diltiazem HCl_Tab 60mg M/R,0206020C0AAAAAA,4,1.3552000000000046
88,F83624,Mesalazine_Tab E/C 400mg,0105010B0AAAAAA,1,-51.33599999999999
89,F83652,Buprenorphine_Tab Subling 400mcg S/F,0410030A0AAACAC,4,5.331200000000001
90,F83652,Clonazepam_Tab 500mcg,0408010F0AAABAB,3,1.2655999999999974
91,F83660,Clonazepam_Tab 500mcg,0408010F0AAABAB,5,6.463599999999986
92,F83660,Pyridox HCl_Tab 50mg,0906024N0AAAIAI,1,0.23940000000000006
93,F83660,Risperidone_Tab 6mg,040201030AAAFAF,1,29.2096
94,F83664,Amiodarone HCl_Tab 200mg,0203020D0AAABAB,1,0.3500000000000003
95,F83664,Buprenorphine_Tab Subling 400mcg S/F,0410030A0AAACAC,2,1.1424
96,F83666,Clonazepam_Tab 500mcg,0408010F0AAABAB,1,0.15819999999999967
97,F83666,Mesalazine_Tab E/C 800mg,0105010B0AAASAS,1,-36.89999999999999
98,F83666,Risperidone_Tab 6mg,040201030AAAFAF,2,43.8144
99,F83671,Clonazepam_Tab 500mcg,0408010F0AAABAB,1,0.6327999999999987
100,F83671,Diltiazem HCl_Tab 60mg M/R,0206020C0AAAAAA,1,0.1260000000000001
101,F83671,Mesalazine_Tab E/C 800mg,0105010B0AAASAS,2,-19.679999999999996
102,F83673,Amiodarone HCl_Tab 200mg,0203020D0AAABAB,1,1.050000000000001
103,F83673,Clonazepam_Tab 500mcg,0408010F0AAABAB,2,0.6327999999999987
104,F83674,Amiodarone HCl_Tab 200mg,0203020D0AAABAB,1,0.3500000000000003
105,F83674,Clonazepam_Tab 500mcg,0408010F0AAABAB,4,2.2147999999999954
106,F83674,Tiotropium_Pdr For Inh Cap 18mcg,0301020Q0AAABAB,1,180.95940000000002
107,F83678,Amiodarone HCl_Tab 200mg,0203020D0AAABAB,5,0.6888000000000003
108,F83678,Clonazepam_Tab 500mcg,0408010F0AAABAB,1,0.31639999999999935
109,F83678,Mesalazine_Tab E/C 400mg,0105010B0AAAAAA,1,68.448
110,F83680,Clonazepam_Tab 500mcg,0408010F0AAABAB,2,1.5819999999999967
111,F83680,Diltiazem HCl_Tab 60mg M/R,0206020C0AAAAAA,1,0.24640000000000084
112,F83680,Mesalazine_Tab E/C 400mg,0105010B0AAAAAA,1,119.78399999999998
113,F83681,Clonazepam_Tab 500mcg,0408010F0AAABAB,2,0.3954999999999992
114,F83681,Diltiazem HCl_Tab 60mg M/R,0206020C0AAAAAA,2,0.7504000000000013
115,F83686,Amiodarone HCl_Tab 200mg,0203020D0AAABAB,1,0.7000000000000006
116,F83686,Clonazepam_Tab 500mcg,0408010F0AAABAB,3,0.474599999999999
117,F83686,Mesalazine_Tab E/C 400mg,0105010B0AAAAAA,1,11.978399999999999
118,Y01066,Clonazepam_Tab 500mcg,0408010F0AAABAB,3,1.0508999999999977
119,Y01066,Diltiazem HCl_Tab 60mg M/R,0206020C0AAAAAA,2,0.9856000000000034
120,Y01066,Pyridox HCl_Tab 50mg,0906024N0AAAIAI,1,0.23940000000000006
