,practice_code,bnf_description,bnf_code,items,excess_cost
155,D82079,Paracet_Tab Solb 500mg,0407010H0AAAQAQ,1,220.44000000000003
154,D82079,Paracet_Tab Solb 500mg,0407010H0AAAQAQ,1,220.44000000000003
236,D82044,Montelukast_Tab 10mg,0303020G0AAABAB,219,220.13879999999997
260,D82027,Letrozole_Tab 2.5mg,0803041L0AAAAAA,8,213.89759999999998
269,D82099,Lamotrigine_Tab 200mg,0408010H0AAA1A1,5,95.84399999999998
305,D82105,Quetiapine_Tab 25mg,0402010ABAAABAB,4,91.89599999999999
243,D82099,Atorvastatin_Tab 20mg,0212000B0AAABAB,126,90.31680000000004
156,D82044,Paracet_Tab Solb 500mg,0407010H0AAAQAQ,3,82.32
157,D82044,Paracet_Tab Solb 500mg,0407010H0AAAQAQ,3,82.32
244,D82051,Atorvastatin_Tab 20mg,0212000B0AAABAB,219,68.06520000000003
264,D82044,Atorvastatin_Tab 40mg,0212000B0AAACAC,925,67.34000000000013
1,D82027,Paracet_Tab 500mg,0407010H0AAAMAM,73,67.04319999999998
0,D82027,Paracet_Tab 500mg,0407010H0AAAMAM,73,67.04319999999998
221,D82099,Memantine HCl_Tab 20mg,0411000G0AAADAD,9,63.907199999999996
222,Y03222,Memantine HCl_Tab 20mg,0411000G0AAADAD,1,63.89880000000001
223,Y00297,Memantine HCl_Tab 20mg,0411000G0AAADAD,3,63.898799999999994
224,D82044,Memantine HCl_Tab 20mg,0411000G0AAADAD,56,63.81760000000001
306,D82105,Quetiapine_Tab 25mg,0402010ABAAABAB,1,61.25279999999999
2,D82044,Paracet_Tab 500mg,0407010H0AAAMAM,86,58.480000000000004
3,D82044,Paracet_Tab 500mg,0407010H0AAAMAM,86,58.480000000000004
245,D82044,Atorvastatin_Tab 20mg,0212000B0AAABAB,1387,46.60319999999999
184,D82618,Atorvastatin_Tab 10mg,0212000B0AAAAAA,19,46.49679999999999
185,D82051,Atorvastatin_Tab 10mg,0212000B0AAAAAA,45,46.368
246,D82015,Atorvastatin_Tab 20mg,0212000B0AAABAB,400,45.919999999999995
265,D82027,Atorvastatin_Tab 40mg,0212000B0AAACAC,208,44.84479999999999
4,D82027,Paracet_Tab 500mg,0407010H0AAAMAM,193,40.53000000000002
5,D82027,Paracet_Tab 500mg,0407010H0AAAMAM,193,40.53000000000002
186,D82044,Atorvastatin_Tab 10mg,0212000B0AAAAAA,781,34.98880000000009
187,D82051,Atorvastatin_Tab 10mg,0212000B0AAAAAA,135,34.775999999999996
188,Y00297,Atorvastatin_Tab 10mg,0212000B0AAAAAA,94,34.74240000000001
270,D82105,Lamotrigine_Tab 200mg,0408010H0AAA1A1,4,31.964799999999986
6,D82027,Paracet_Tab 500mg,0407010H0AAAMAM,65,29.9
7,D82027,Paracet_Tab 500mg,0407010H0AAAMAM,65,29.9
271,D82043,Lamotrigine_Tab 200mg,0408010H0AAA1A1,2,28.503999999999994
8,D82044,Paracet_Tab 500mg,0407010H0AAAMAM,489,24.45000000000002
9,D82044,Paracet_Tab 500mg,0407010H0AAAMAM,489,24.45000000000002
237,D82051,Montelukast_Tab 10mg,0303020G0AAABAB,89,24.42160000000001
238,D82015,Montelukast_Tab 10mg,0303020G0AAABAB,44,24.393600000000006
189,D82618,Atorvastatin_Tab 10mg,0212000B0AAAAAA,1,24.1048
190,D82099,Atorvastatin_Tab 10mg,0212000B0AAAAAA,84,23.284799999999997
266,D82015,Atorvastatin_Tab 40mg,0212000B0AAACAC,142,22.265600000000003
267,D82618,Atorvastatin_Tab 40mg,0212000B0AAACAC,24,22.243199999999998
159,D82044,Paracet_Tab Solb 500mg,0407010H0AAAQAQ,3,16.92
158,D82044,Paracet_Tab Solb 500mg,0407010H0AAAQAQ,3,16.92
225,D82044,Memantine HCl_Tab 20mg,0411000G0AAADAD,6,15.997799999999998
10,D82044,Paracet_Tab 500mg,0407010H0AAAMAM,35,15.68
11,D82044,Paracet_Tab 500mg,0407010H0AAAMAM,35,15.68
12,D82618,Paracet_Tab 500mg,0407010H0AAAMAM,18,13.320000000000007
13,D82618,Paracet_Tab 500mg,0407010H0AAAMAM,18,13.320000000000007
191,D82618,Atorvastatin_Tab 10mg,0212000B0AAAAAA,36,11.592000000000004
192,D82043,Atorvastatin_Tab 10mg,0212000B0AAAAAA,133,11.544400000000008
193,D82035,Atorvastatin_Tab 10mg,0212000B0AAAAAA,242,11.519200000000001
14,Y00297,Paracet_Tab 500mg,0407010H0AAAMAM,13,11.356800000000002
15,Y00297,Paracet_Tab 500mg,0407010H0AAAMAM,13,11.356800000000002
194,D82105,Atorvastatin_Tab 10mg,0212000B0AAAAAA,182,11.211200000000003
16,D82051,Paracet_Tab 500mg,0407010H0AAAMAM,45,11.088000000000003
17,D82051,Paracet_Tab 500mg,0407010H0AAAMAM,45,11.088000000000003
19,Y03222,Paracet_Tab 500mg,0407010H0AAAMAM,38,11.065599999999993
18,Y03222,Paracet_Tab 500mg,0407010H0AAAMAM,38,11.065599999999993
20,D82051,Paracet_Tab 500mg,0407010H0AAAMAM,52,10.40000000000001
21,D82051,Paracet_Tab 500mg,0407010H0AAAMAM,52,10.40000000000001
22,D82099,Paracet_Tab 500mg,0407010H0AAAMAM,39,10.139999999999993
23,D82099,Paracet_Tab 500mg,0407010H0AAAMAM,39,10.139999999999993
25,D82044,Paracet_Tab 500mg,0407010H0AAAMAM,8,9.360000000000003
24,D82044,Paracet_Tab 500mg,0407010H0AAAMAM,8,9.360000000000003
226,D82044,Memantine HCl_Tab 20mg,0411000G0AAADAD,1,6.8421
26,D82618,Paracet_Tab 500mg,0407010H0AAAMAM,1,5.96
27,D82618,Paracet_Tab 500mg,0407010H0AAAMAM,1,5.96
29,D82027,Paracet_Tab 500mg,0407010H0AAAMAM,1,5.544
28,D82027,Paracet_Tab 500mg,0407010H0AAAMAM,1,5.544
30,D82027,Paracet_Tab 500mg,0407010H0AAAMAM,1,4.176
31,D82027,Paracet_Tab 500mg,0407010H0AAAMAM,1,4.176
32,D82027,Paracet_Tab 500mg,0407010H0AAAMAM,9,3.9312000000000022
33,D82027,Paracet_Tab 500mg,0407010H0AAAMAM,9,3.9312000000000022
35,D82027,Paracet_Tab 500mg,0407010H0AAAMAM,1,3.248
34,D82027,Paracet_Tab 500mg,0407010H0AAAMAM,1,3.248
36,D82051,Paracet_Tab 500mg,0407010H0AAAMAM,154,1.5399999999999907
37,D82051,Paracet_Tab 500mg,0407010H0AAAMAM,154,1.5399999999999907
39,D82044,Paracet_Tab 500mg,0407010H0AAAMAM,1,1.2047999999999999
38,D82044,Paracet_Tab 500mg,0407010H0AAAMAM,1,1.2047999999999999
40,Y00297,Paracet_Tab 500mg,0407010H0AAAMAM,8,1.1199999999999988
41,Y00297,Paracet_Tab 500mg,0407010H0AAAMAM,8,1.1199999999999988
239,D82099,Montelukast_Tab 10mg,0303020G0AAABAB,52,1.0191999999999988
247,D82099,Atorvastatin_Tab 20mg,0212000B0AAABAB,191,0.5348000000000153
195,D82049,Atorvastatin_Tab 10mg,0212000B0AAAAAA,155,0.3255000000000018
307,D82044,Quetiapine_Tab 25mg,0402010ABAAABAB,16,0.08959999999999635
227,D82072,Memantine HCl_Tab 20mg,0411000G0AAADAD,18,0.0881999999999999
43,D82044,Paracet_Tab 500mg,0407010H0AAAMAM,11,0.0659999999999996
42,D82044,Paracet_Tab 500mg,0407010H0AAAMAM,11,0.0659999999999996
196,D82065,Atorvastatin_Tab 10mg,0212000B0AAAAAA,31,0.06510000000000035
308,D82099,Quetiapine_Tab 25mg,0402010ABAAABAB,9,0.050399999999997946
228,Y00297,Memantine HCl_Tab 20mg,0411000G0AAADAD,10,0.048999999999999946
309,D82068,Quetiapine_Tab 25mg,0402010ABAAABAB,8,0.044799999999998175
229,D82621,Memantine HCl_Tab 20mg,0411000G0AAADAD,9,0.04409999999999995
197,D82044,Atorvastatin_Tab 10mg,0212000B0AAAAAA,20,0.04200000000000023
198,D82621,Atorvastatin_Tab 10mg,0212000B0AAAAAA,19,0.03990000000000022
45,D82072,Paracet_Tab 500mg,0407010H0AAAMAM,13,0.03639999999999978
44,D82072,Paracet_Tab 500mg,0407010H0AAAMAM,13,0.03639999999999978
199,D82068,Atorvastatin_Tab 10mg,0212000B0AAAAAA,17,0.0357000000000002
310,D82051,Quetiapine_Tab 25mg,0402010ABAAABAB,4,0.03360000000000096
200,D82015,Atorvastatin_Tab 10mg,0212000B0AAAAAA,16,0.033600000000000185
46,D82049,Paracet_Tab 500mg,0407010H0AAAMAM,5,0.02999999999999982
47,D82049,Paracet_Tab 500mg,0407010H0AAAMAM,5,0.02999999999999982
313,D82051,Quetiapine_Tab 25mg,0402010ABAAABAB,5,0.02799999999999886
312,D82065,Quetiapine_Tab 25mg,0402010ABAAABAB,5,0.02799999999999886
311,D82618,Quetiapine_Tab 25mg,0402010ABAAABAB,5,0.02799999999999886
272,D82621,Lamotrigine_Tab 200mg,0408010H0AAA1A1,5,0.027999999999996916
273,Y00297,Lamotrigine_Tab 200mg,0408010H0AAA1A1,5,0.027999999999996916
201,D82043,Atorvastatin_Tab 10mg,0212000B0AAAAAA,12,0.02520000000000014
261,D82079,Letrozole_Tab 2.5mg,0803041L0AAAAAA,5,0.024500000000000216
230,D82015,Memantine HCl_Tab 20mg,0411000G0AAADAD,5,0.024499999999999973
49,D82057,Paracet_Tab 500mg,0407010H0AAAMAM,4,0.023999999999999855
50,D82057,Paracet_Tab 500mg,0407010H0AAAMAM,4,0.023999999999999855
51,D82072,Paracet_Tab 500mg,0407010H0AAAMAM,4,0.023999999999999855
48,D82072,Paracet_Tab 500mg,0407010H0AAAMAM,4,0.023999999999999855
202,D82079,Atorvastatin_Tab 10mg,0212000B0AAAAAA,11,0.023100000000000127
53,D82049,Paracet_Tab 500mg,0407010H0AAAMAM,16,0.022399999999999864
52,D82049,Paracet_Tab 500mg,0407010H0AAAMAM,16,0.022399999999999864
315,D82057,Quetiapine_Tab 25mg,0402010ABAAABAB,4,0.022399999999999087
314,D82027,Quetiapine_Tab 25mg,0402010ABAAABAB,4,0.022399999999999087
275,D82072,Lamotrigine_Tab 200mg,0408010H0AAA1A1,4,0.022399999999997533
274,D82065,Lamotrigine_Tab 200mg,0408010H0AAA1A1,4,0.022399999999997533
277,D82044,Lamotrigine_Tab 200mg,0408010H0AAA1A1,4,0.022399999999997533
276,D82051,Lamotrigine_Tab 200mg,0408010H0AAA1A1,4,0.022399999999997533
203,D82049,Atorvastatin_Tab 10mg,0212000B0AAAAAA,5,0.021000000000000116
262,D82049,Letrozole_Tab 2.5mg,0803041L0AAAAAA,4,0.019600000000000173
232,D82035,Memantine HCl_Tab 20mg,0411000G0AAADAD,4,0.01959999999999998
231,D82070,Memantine HCl_Tab 20mg,0411000G0AAADAD,4,0.01959999999999998
318,D82044,Quetiapine_Tab 25mg,0402010ABAAABAB,2,0.01680000000000048
317,D82027,Quetiapine_Tab 25mg,0402010ABAAABAB,4,0.01680000000000048
316,D82065,Quetiapine_Tab 25mg,0402010ABAAABAB,2,0.01680000000000048
59,D82621,Paracet_Tab 500mg,0407010H0AAAMAM,4,0.0167999999999999
55,D82099,Paracet_Tab 500mg,0407010H0AAAMAM,4,0.0167999999999999
58,D82044,Paracet_Tab 500mg,0407010H0AAAMAM,4,0.0167999999999999
57,D82621,Paracet_Tab 500mg,0407010H0AAAMAM,4,0.0167999999999999
56,D82099,Paracet_Tab 500mg,0407010H0AAAMAM,4,0.0167999999999999
54,D82044,Paracet_Tab 500mg,0407010H0AAAMAM,4,0.0167999999999999
234,D82068,Memantine HCl_Tab 20mg,0411000G0AAADAD,3,0.014699999999999984
233,D82049,Memantine HCl_Tab 20mg,0411000G0AAADAD,3,0.014699999999999984
319,D82099,Quetiapine_Tab 25mg,0402010ABAAABAB,4,0.014000000000000401
320,D82099,Quetiapine_Tab 25mg,0402010ABAAABAB,3,0.012600000000000361
204,D82027,Atorvastatin_Tab 10mg,0212000B0AAAAAA,6,0.01260000000000007
67,D82057,Paracet_Tab 500mg,0407010H0AAAMAM,4,0.011999999999999927
66,D82035,Paracet_Tab 500mg,0407010H0AAAMAM,2,0.011999999999999927
60,D82099,Paracet_Tab 500mg,0407010H0AAAMAM,2,0.011999999999999927
61,D82051,Paracet_Tab 500mg,0407010H0AAAMAM,2,0.011999999999999927
62,D82035,Paracet_Tab 500mg,0407010H0AAAMAM,2,0.011999999999999927
63,D82057,Paracet_Tab 500mg,0407010H0AAAMAM,4,0.011999999999999927
64,D82051,Paracet_Tab 500mg,0407010H0AAAMAM,2,0.011999999999999927
65,D82099,Paracet_Tab 500mg,0407010H0AAAMAM,2,0.011999999999999927
73,D82079,Paracet_Tab 500mg,0407010H0AAAMAM,4,0.011199999999999932
68,Y03222,Paracet_Tab 500mg,0407010H0AAAMAM,4,0.011199999999999932
69,D82618,Paracet_Tab 500mg,0407010H0AAAMAM,4,0.011199999999999932
70,D82079,Paracet_Tab 500mg,0407010H0AAAMAM,4,0.011199999999999932
71,Y03222,Paracet_Tab 500mg,0407010H0AAAMAM,4,0.011199999999999932
72,D82618,Paracet_Tab 500mg,0407010H0AAAMAM,4,0.011199999999999932
75,D82051,Paracet_Tab 500mg,0407010H0AAAMAM,4,0.011199999999999932
74,D82051,Paracet_Tab 500mg,0407010H0AAAMAM,4,0.011199999999999932
324,D82035,Quetiapine_Tab 25mg,0402010ABAAABAB,2,0.011199999999999544
322,D82621,Quetiapine_Tab 25mg,0402010ABAAABAB,2,0.011199999999999544
321,D82015,Quetiapine_Tab 25mg,0402010ABAAABAB,2,0.011199999999999544
323,Y03222,Quetiapine_Tab 25mg,0402010ABAAABAB,2,0.011199999999999544
205,D82051,Atorvastatin_Tab 10mg,0212000B0AAAAAA,5,0.010500000000000058
77,D82621,Paracet_Tab 500mg,0407010H0AAAMAM,5,0.010499999999999936
76,D82621,Paracet_Tab 500mg,0407010H0AAAMAM,5,0.010499999999999936
325,D82099,Quetiapine_Tab 25mg,0402010ABAAABAB,1,0.00840000000000024
206,D82072,Atorvastatin_Tab 10mg,0212000B0AAAAAA,4,0.008400000000000046
208,D82099,Atorvastatin_Tab 10mg,0212000B0AAAAAA,4,0.008400000000000046
209,D82079,Atorvastatin_Tab 10mg,0212000B0AAAAAA,2,0.008400000000000046
207,D82618,Atorvastatin_Tab 10mg,0212000B0AAAAAA,2,0.008400000000000046
78,D82621,Paracet_Tab 500mg,0407010H0AAAMAM,5,0.006999999999999958
79,D82621,Paracet_Tab 500mg,0407010H0AAAMAM,5,0.006999999999999958
248,D82099,Atorvastatin_Tab 20mg,0212000B0AAABAB,1,0.006000000000000172
90,D82621,Paracet_Tab 500mg,0407010H0AAAMAM,2,0.005999999999999964
92,D82015,Paracet_Tab 500mg,0407010H0AAAMAM,1,0.005999999999999964
93,D82079,Paracet_Tab 500mg,0407010H0AAAMAM,1,0.005999999999999964
91,D82621,Paracet_Tab 500mg,0407010H0AAAMAM,2,0.005999999999999964
87,D82015,Paracet_Tab 500mg,0407010H0AAAMAM,1,0.005999999999999964
86,D82079,Paracet_Tab 500mg,0407010H0AAAMAM,1,0.005999999999999964
85,D82065,Paracet_Tab 500mg,0407010H0AAAMAM,1,0.005999999999999964
83,Y00297,Paracet_Tab 500mg,0407010H0AAAMAM,1,0.005999999999999964
84,D82065,Paracet_Tab 500mg,0407010H0AAAMAM,1,0.005999999999999964
88,D82068,Paracet_Tab 500mg,0407010H0AAAMAM,1,0.005999999999999964
82,D82604,Paracet_Tab 500mg,0407010H0AAAMAM,1,0.005999999999999964
81,Y00297,Paracet_Tab 500mg,0407010H0AAAMAM,1,0.005999999999999964
80,D82604,Paracet_Tab 500mg,0407010H0AAAMAM,1,0.005999999999999964
89,D82068,Paracet_Tab 500mg,0407010H0AAAMAM,1,0.005999999999999964
94,D82079,Paracet_Tab 500mg,0407010H0AAAMAM,1,0.005599999999999994
95,D82079,Paracet_Tab 500mg,0407010H0AAAMAM,1,0.005599999999999994
96,D82079,Paracet_Tab 500mg,0407010H0AAAMAM,4,0.005599999999999966
97,Y00297,Paracet_Tab 500mg,0407010H0AAAMAM,2,0.005599999999999966
99,D82079,Paracet_Tab 500mg,0407010H0AAAMAM,4,0.005599999999999966
98,Y00297,Paracet_Tab 500mg,0407010H0AAAMAM,2,0.005599999999999966
326,D82105,Quetiapine_Tab 25mg,0402010ABAAABAB,1,0.005599999999999772
327,Y00297,Quetiapine_Tab 25mg,0402010ABAAABAB,1,0.005599999999999772
328,D82044,Quetiapine_Tab 25mg,0402010ABAAABAB,1,0.004799999999999804
210,D82065,Atorvastatin_Tab 10mg,0212000B0AAAAAA,1,0.0046
211,D82044,Atorvastatin_Tab 10mg,0212000B0AAAAAA,1,0.0046
249,D82051,Atorvastatin_Tab 20mg,0212000B0AAABAB,1,0.004400000000000015
329,D82051,Quetiapine_Tab 25mg,0402010ABAAABAB,1,0.00420000000000012
330,D82044,Quetiapine_Tab 25mg,0402010ABAAABAB,1,0.00420000000000012
212,D82099,Atorvastatin_Tab 10mg,0212000B0AAAAAA,1,0.004200000000000023
215,D82068,Atorvastatin_Tab 10mg,0212000B0AAAAAA,1,0.004200000000000023
214,D82057,Atorvastatin_Tab 10mg,0212000B0AAAAAA,1,0.004200000000000023
213,D82043,Atorvastatin_Tab 10mg,0212000B0AAAAAA,1,0.004200000000000023
235,D82044,Memantine HCl_Tab 20mg,0411000G0AAADAD,1,0.004199999999999995
101,Y00297,Paracet_Tab 500mg,0407010H0AAAMAM,1,0.004199999999999975
100,Y00297,Paracet_Tab 500mg,0407010H0AAAMAM,1,0.004199999999999975
216,D82618,Atorvastatin_Tab 10mg,0212000B0AAAAAA,1,0.004199999999999975
161,D82035,Paracet_Tab Solb 500mg,0407010H0AAAQAQ,1,0.004000000000000115
160,D82035,Paracet_Tab Solb 500mg,0407010H0AAAQAQ,1,0.004000000000000115
331,D82065,Quetiapine_Tab 25mg,0402010ABAAABAB,1,0.003500000000000031
268,D82015,Atorvastatin_Tab 40mg,0212000B0AAACAC,1,0.0030000000000000165
251,D82065,Atorvastatin_Tab 20mg,0212000B0AAABAB,1,0.0030000000000000165
250,D82035,Atorvastatin_Tab 20mg,0212000B0AAABAB,1,0.0030000000000000165
102,D82043,Paracet_Tab 500mg,0407010H0AAAMAM,1,0.002999999999999982
105,D82051,Paracet_Tab 500mg,0407010H0AAAMAM,1,0.002999999999999982
103,D82051,Paracet_Tab 500mg,0407010H0AAAMAM,1,0.002999999999999982
104,D82043,Paracet_Tab 500mg,0407010H0AAAMAM,1,0.002999999999999982
109,D82044,Paracet_Tab 500mg,0407010H0AAAMAM,1,0.002799999999999983
108,D82621,Paracet_Tab 500mg,0407010H0AAAMAM,1,0.002799999999999983
106,D82044,Paracet_Tab 500mg,0407010H0AAAMAM,1,0.002799999999999983
107,D82621,Paracet_Tab 500mg,0407010H0AAAMAM,1,0.002799999999999983
332,D82099,Quetiapine_Tab 25mg,0402010ABAAABAB,1,0.002399999999999902
217,Y00297,Atorvastatin_Tab 10mg,0212000B0AAAAAA,1,0.0021000000000000116
162,D82044,Paracet_Tab Solb 500mg,0407010H0AAAQAQ,1,0.0020000000000000573
163,D82044,Paracet_Tab Solb 500mg,0407010H0AAAQAQ,1,0.0020000000000000573
252,D82618,Atorvastatin_Tab 20mg,0212000B0AAABAB,1,0.00180000000000001
263,D82027,Letrozole_Tab 2.5mg,0803041L0AAAAAA,1,0.0017000000000000487
292,D82105,Lamotrigine_Tab 200mg,0408010H0AAA1A1,2,0.0
280,D82057,Lamotrigine_Tab 200mg,0408010H0AAA1A1,1,0.0
281,D82049,Lamotrigine_Tab 200mg,0408010H0AAA1A1,3,0.0
279,D82072,Lamotrigine_Tab 200mg,0408010H0AAA1A1,2,0.0
295,D82618,Lamotrigine_Tab 200mg,0408010H0AAA1A1,1,0.0
294,D82079,Lamotrigine_Tab 200mg,0408010H0AAA1A1,1,0.0
293,D82070,Lamotrigine_Tab 200mg,0408010H0AAA1A1,1,0.0
285,D82068,Lamotrigine_Tab 200mg,0408010H0AAA1A1,3,0.0
278,Y00297,Lamotrigine_Tab 200mg,0408010H0AAA1A1,1,0.0
291,D82099,Lamotrigine_Tab 200mg,0408010H0AAA1A1,1,0.0
286,D82072,Lamotrigine_Tab 200mg,0408010H0AAA1A1,3,0.0
289,D82057,Lamotrigine_Tab 200mg,0408010H0AAA1A1,3,0.0
288,D82044,Lamotrigine_Tab 200mg,0408010H0AAA1A1,13,0.0
287,D82065,Lamotrigine_Tab 200mg,0408010H0AAA1A1,2,0.0
296,D82051,Lamotrigine_Tab 200mg,0408010H0AAA1A1,4,0.0
284,D82027,Lamotrigine_Tab 200mg,0408010H0AAA1A1,1,0.0
290,D82079,Lamotrigine_Tab 200mg,0408010H0AAA1A1,2,0.0
282,D82027,Lamotrigine_Tab 200mg,0408010H0AAA1A1,1,0.0
297,D82051,Lamotrigine_Tab 200mg,0408010H0AAA1A1,6,0.0
303,D82035,Lamotrigine_Tab 200mg,0408010H0AAA1A1,1,0.0
283,D82051,Lamotrigine_Tab 200mg,0408010H0AAA1A1,1,0.0
302,D82035,Lamotrigine_Tab 200mg,0408010H0AAA1A1,1,0.0
304,D82043,Lamotrigine_Tab 200mg,0408010H0AAA1A1,1,0.0
298,D82044,Lamotrigine_Tab 200mg,0408010H0AAA1A1,1,0.0
301,Y03222,Lamotrigine_Tab 200mg,0408010H0AAA1A1,4,0.0
300,D82621,Lamotrigine_Tab 200mg,0408010H0AAA1A1,1,0.0
299,D82068,Lamotrigine_Tab 200mg,0408010H0AAA1A1,1,0.0
253,D82065,Atorvastatin_Tab 20mg,0212000B0AAABAB,1,-0.0007999999999999674
254,D82027,Atorvastatin_Tab 20mg,0212000B0AAABAB,1,-0.0013999999999999985
255,D82065,Atorvastatin_Tab 20mg,0212000B0AAABAB,1,-0.0013999999999999985
333,D82099,Quetiapine_Tab 25mg,0402010ABAAABAB,1,-0.00140000000000004
334,D82618,Quetiapine_Tab 25mg,0402010ABAAABAB,1,-0.00140000000000004
218,D82015,Atorvastatin_Tab 10mg,0212000B0AAAAAA,1,-0.0015999999999999903
219,D82044,Atorvastatin_Tab 10mg,0212000B0AAAAAA,1,-0.0015999999999999903
336,D82070,Quetiapine_Tab 25mg,0402010ABAAABAB,1,-0.00280000000000008
335,D82618,Quetiapine_Tab 25mg,0402010ABAAABAB,1,-0.00280000000000008
337,D82057,Quetiapine_Tab 25mg,0402010ABAAABAB,1,-0.00280000000000008
164,D82065,Paracet_Tab Solb 500mg,0407010H0AAAQAQ,1,-0.0029999999999996696
165,D82065,Paracet_Tab Solb 500mg,0407010H0AAAQAQ,1,-0.0029999999999996696
257,D82035,Atorvastatin_Tab 20mg,0212000B0AAABAB,1,-0.0029999999999998778
256,Y03222,Atorvastatin_Tab 20mg,0212000B0AAABAB,1,-0.0029999999999998778
240,D82027,Montelukast_Tab 10mg,0303020G0AAABAB,1,-0.0033999999999999794
339,D82070,Quetiapine_Tab 25mg,0402010ABAAABAB,3,-0.00420000000000012
340,D82043,Quetiapine_Tab 25mg,0402010ABAAABAB,3,-0.00420000000000012
338,D82621,Quetiapine_Tab 25mg,0402010ABAAABAB,3,-0.00420000000000012
111,D82621,Paracet_Tab 500mg,0407010H0AAAMAM,1,-0.004799999999999971
110,D82621,Paracet_Tab 500mg,0407010H0AAAMAM,1,-0.004799999999999971
113,D82070,Paracet_Tab 500mg,0407010H0AAAMAM,1,-0.005599999999999966
112,D82105,Paracet_Tab 500mg,0407010H0AAAMAM,1,-0.005599999999999966
114,D82070,Paracet_Tab 500mg,0407010H0AAAMAM,1,-0.005599999999999966
115,D82105,Paracet_Tab 500mg,0407010H0AAAMAM,1,-0.005599999999999966
342,D82057,Quetiapine_Tab 25mg,0402010ABAAABAB,4,-0.00560000000000016
341,D82065,Quetiapine_Tab 25mg,0402010ABAAABAB,4,-0.00560000000000016
343,D82065,Quetiapine_Tab 25mg,0402010ABAAABAB,2,-0.00560000000000016
170,D82618,Paracet_Tab Solb 500mg,0407010H0AAAQAQ,1,-0.005999999999999339
171,D82079,Paracet_Tab Solb 500mg,0407010H0AAAQAQ,1,-0.005999999999999339
172,D82618,Paracet_Tab Solb 500mg,0407010H0AAAQAQ,1,-0.005999999999999339
173,D82015,Paracet_Tab Solb 500mg,0407010H0AAAQAQ,1,-0.005999999999999339
174,D82010,Paracet_Tab Solb 500mg,0407010H0AAAQAQ,1,-0.005999999999999339
175,D82010,Paracet_Tab Solb 500mg,0407010H0AAAQAQ,1,-0.005999999999999339
169,D82057,Paracet_Tab Solb 500mg,0407010H0AAAQAQ,1,-0.005999999999999339
168,D82015,Paracet_Tab Solb 500mg,0407010H0AAAQAQ,1,-0.005999999999999339
167,D82057,Paracet_Tab Solb 500mg,0407010H0AAAQAQ,1,-0.005999999999999339
166,D82079,Paracet_Tab Solb 500mg,0407010H0AAAQAQ,1,-0.005999999999999339
258,D82099,Atorvastatin_Tab 20mg,0212000B0AAABAB,2,-0.0059999999999997555
259,D82051,Atorvastatin_Tab 20mg,0212000B0AAABAB,2,-0.00839999999999999
345,D82099,Quetiapine_Tab 25mg,0402010ABAAABAB,3,-0.00840000000000024
344,Y03222,Quetiapine_Tab 25mg,0402010ABAAABAB,3,-0.00840000000000024
220,D82049,Atorvastatin_Tab 10mg,0212000B0AAAAAA,2,-0.009199999999999944
346,D82051,Quetiapine_Tab 25mg,0402010ABAAABAB,7,-0.00980000000000028
116,D82065,Paracet_Tab 500mg,0407010H0AAAMAM,2,-0.011199999999999932
117,D82065,Paracet_Tab 500mg,0407010H0AAAMAM,2,-0.011199999999999932
349,D82043,Quetiapine_Tab 25mg,0402010ABAAABAB,4,-0.01120000000000032
350,D82027,Quetiapine_Tab 25mg,0402010ABAAABAB,4,-0.01120000000000032
347,D82079,Quetiapine_Tab 25mg,0402010ABAAABAB,4,-0.01120000000000032
348,D82072,Quetiapine_Tab 25mg,0402010ABAAABAB,4,-0.01120000000000032
179,D82043,Paracet_Tab Solb 500mg,0407010H0AAAQAQ,2,-0.011999999999998678
178,D82057,Paracet_Tab Solb 500mg,0407010H0AAAQAQ,4,-0.011999999999998678
177,D82057,Paracet_Tab Solb 500mg,0407010H0AAAQAQ,4,-0.011999999999998678
176,D82043,Paracet_Tab Solb 500mg,0407010H0AAAQAQ,2,-0.011999999999998678
241,D82049,Montelukast_Tab 10mg,0303020G0AAABAB,4,-0.01200000000000001
351,D82068,Quetiapine_Tab 25mg,0402010ABAAABAB,9,-0.012600000000000361
352,D82072,Quetiapine_Tab 25mg,0402010ABAAABAB,10,-0.014000000000000401
119,D82015,Paracet_Tab 500mg,0407010H0AAAMAM,3,-0.0167999999999999
118,D82015,Paracet_Tab 500mg,0407010H0AAAMAM,3,-0.0167999999999999
353,D82105,Quetiapine_Tab 25mg,0402010ABAAABAB,4,-0.01680000000000048
354,D82044,Quetiapine_Tab 25mg,0402010ABAAABAB,6,-0.01680000000000048
180,D82035,Paracet_Tab Solb 500mg,0407010H0AAAQAQ,3,-0.017999999999998018
183,D82035,Paracet_Tab Solb 500mg,0407010H0AAAQAQ,3,-0.017999999999998018
182,D82044,Paracet_Tab Solb 500mg,0407010H0AAAQAQ,3,-0.017999999999998018
181,D82044,Paracet_Tab Solb 500mg,0407010H0AAAQAQ,3,-0.017999999999998018
355,D82015,Quetiapine_Tab 25mg,0402010ABAAABAB,5,-0.0210000000000006
121,D82035,Paracet_Tab 500mg,0407010H0AAAMAM,4,-0.022399999999999864
120,D82035,Paracet_Tab 500mg,0407010H0AAAMAM,4,-0.022399999999999864
356,D82065,Quetiapine_Tab 25mg,0402010ABAAABAB,6,-0.025200000000000722
122,D82049,Paracet_Tab 500mg,0407010H0AAAMAM,8,-0.028799999999999992
123,D82049,Paracet_Tab 500mg,0407010H0AAAMAM,8,-0.028799999999999992
127,D82057,Paracet_Tab 500mg,0407010H0AAAMAM,6,-0.0335999999999998
126,D82057,Paracet_Tab 500mg,0407010H0AAAMAM,6,-0.0335999999999998
125,D82049,Paracet_Tab 500mg,0407010H0AAAMAM,6,-0.0335999999999998
124,D82049,Paracet_Tab 500mg,0407010H0AAAMAM,6,-0.0335999999999998
357,D82068,Quetiapine_Tab 25mg,0402010ABAAABAB,12,-0.03360000000000096
128,D82049,Paracet_Tab 500mg,0407010H0AAAMAM,32,-0.03839999999999999
129,D82049,Paracet_Tab 500mg,0407010H0AAAMAM,32,-0.03839999999999999
131,D82099,Paracet_Tab 500mg,0407010H0AAAMAM,7,-0.03919999999999976
130,D82099,Paracet_Tab 500mg,0407010H0AAAMAM,7,-0.03919999999999976
358,D82051,Quetiapine_Tab 25mg,0402010ABAAABAB,17,-0.04760000000000136
133,D82043,Paracet_Tab 500mg,0407010H0AAAMAM,9,-0.050399999999999695
132,D82043,Paracet_Tab 500mg,0407010H0AAAMAM,9,-0.050399999999999695
135,Y03222,Paracet_Tab 500mg,0407010H0AAAMAM,10,-0.05599999999999966
134,Y03222,Paracet_Tab 500mg,0407010H0AAAMAM,10,-0.05599999999999966
137,D82068,Paracet_Tab 500mg,0407010H0AAAMAM,11,-0.06159999999999963
136,D82068,Paracet_Tab 500mg,0407010H0AAAMAM,11,-0.06159999999999963
242,D82049,Montelukast_Tab 10mg,0303020G0AAABAB,16,-0.06879999999999997
138,D82027,Paracet_Tab 500mg,0407010H0AAAMAM,13,-0.07279999999999956
139,D82027,Paracet_Tab 500mg,0407010H0AAAMAM,13,-0.07279999999999956
140,D82621,Paracet_Tab 500mg,0407010H0AAAMAM,15,-0.08399999999999949
141,D82621,Paracet_Tab 500mg,0407010H0AAAMAM,15,-0.08399999999999949
142,D82079,Paracet_Tab 500mg,0407010H0AAAMAM,19,-0.10639999999999936
143,D82079,Paracet_Tab 500mg,0407010H0AAAMAM,19,-0.10639999999999936
144,D82051,Paracet_Tab 500mg,0407010H0AAAMAM,20,-0.11199999999999932
145,D82051,Paracet_Tab 500mg,0407010H0AAAMAM,20,-0.11199999999999932
147,D82044,Paracet_Tab 500mg,0407010H0AAAMAM,24,-0.1343999999999992
146,D82044,Paracet_Tab 500mg,0407010H0AAAMAM,24,-0.1343999999999992
148,D82072,Paracet_Tab 500mg,0407010H0AAAMAM,33,-0.18479999999999888
149,D82072,Paracet_Tab 500mg,0407010H0AAAMAM,33,-0.18479999999999888
150,D82618,Paracet_Tab 500mg,0407010H0AAAMAM,2,-0.35839999999999994
151,D82618,Paracet_Tab 500mg,0407010H0AAAMAM,2,-0.35839999999999994
359,D82099,Quetiapine_Tab 25mg,0402010ABAAABAB,4,-0.696
152,D82015,Paracet_Tab 500mg,0407010H0AAAMAM,49,-0.9799999999999941
153,D82015,Paracet_Tab 500mg,0407010H0AAAMAM,49,-0.9799999999999941
