,practice_code,bnf_description,bnf_code,items,excess_cost
0,E81001,Lansoprazole_Cap 30mg (E/C Gran),0103050L0AAAAAA,16,0.044800000000000506
1,E81001,Letrozole_Tab 2.5mg,0803041L0AAAAAA,3,-0.26040000000000046
2,E81001,Memantine HCl_Tab 20mg,0411000G0AAADAD,4,0.01959999999999998
3,E81001,Paracet_Tab 500mg,0407010H0AAAMAM,48,-0.20159999999999878
4,E81001,Quetiapine_Tab 300mg,0402010ABAAAKAK,5,0.0108999999999988
5,E81005,Atorvastatin_Tab 20mg,0212000B0AAABAB,1,0.006000000000000172
6,E81005,Ferr Sulf_Tab 200mg,0901011P0AAACAC,1,0.0059999999999997555
7,E81005,Lansoprazole_Cap 30mg (E/C Gran),0103050L0AAAAAA,5,0.028000000000000316
8,E81005,Paracet_Tab 500mg,0407010H0AAAMAM,116,-7.114399999999986
9,E81005,Quetiapine_Tab 25mg,0402010ABAAABAB,2,7.666399999999999
10,E81005,Quetiapine_Tab 300mg,0402010ABAAAKAK,4,0.012999999999998568
11,E81006,Atorvastatin_Tab 10mg,0212000B0AAAAAA,1,-0.0007999999999999952
12,E81006,Ferr Sulf_Tab 200mg,0901011P0AAACAC,1,28.168
13,E81006,Lansoprazole_Cap 30mg (E/C Gran),0103050L0AAAAAA,53,0.890400000000005
14,E81006,Letrozole_Tab 2.5mg,0803041L0AAAAAA,7,-0.25479999999999914
15,E81006,Memantine HCl_Tab 20mg,0411000G0AAADAD,10,63.895999999999994
16,E81006,Paracet_Tab 500mg,0407010H0AAAMAM,2,-0.011199999999999932
17,E81006,Quetiapine_Tab 25mg,0402010ABAAABAB,2,0.011199999999999544
18,E81010,Atorvastatin_Tab 10mg,0212000B0AAAAAA,8,0.016800000000000093
19,E81010,Ferr Sulf_Tab 200mg,0901011P0AAACAC,13,0.041999999999999454
20,E81010,Lansoprazole_Cap 30mg (E/C Gran),0103050L0AAAAAA,16,0.04760000000000054
21,E81010,Paracet_Tab 500mg,0407010H0AAAMAM,18,0.03799999999999977
22,E81010,Quetiapine_Tab 25mg,0402010ABAAABAB,7,0.008399999999999463
23,E81010,Quetiapine_Tab 300mg,0402010ABAAAKAK,3,0.011599999999998722
24,E81013,Atorvastatin_Tab 10mg,0212000B0AAAAAA,2,-0.008999999999999946
25,E81013,Atorvastatin_Tab 20mg,0212000B0AAABAB,4,0.015000000000000638
26,E81013,Paracet_Tab 500mg,0407010H0AAAMAM,124,-6.1103999999999825
27,E81013,Quetiapine_Tab 25mg,0402010ABAAABAB,6,0.027999999999999248
28,E81013,Quetiapine_Tab 300mg,0402010ABAAAKAK,5,0.02559999999999718
29,E81016,Aripiprazole_Tab 10mg,0402010ADAAAAAA,1,174.4624
30,E81016,Atorvastatin_Tab 20mg,0212000B0AAABAB,109,90.3448
31,E81016,Ferr Sulf_Tab 200mg,0901011P0AAACAC,1,42.252
32,E81016,Lansoprazole_Cap 30mg (E/C Gran),0103050L0AAAAAA,29,7.291200000000005
33,E81016,Paracet_Tab 500mg,0407010H0AAAMAM,4,0.023999999999999855
34,E81016,Quetiapine_Tab 25mg,0402010ABAAABAB,2,-0.6988000000000001
35,E81016,Quetiapine_Tab 300mg,0402010ABAAAKAK,3,0.008399999999999075
36,E81018,Atorvastatin_Tab 10mg,0212000B0AAAAAA,4,34.910399999999996
37,E81018,Atorvastatin_Tab 20mg,0212000B0AAABAB,76,45.11360000000002
38,E81018,Ferr Sulf_Tab 200mg,0901011P0AAACAC,2,14.084
39,E81018,Lansoprazole_Cap 30mg (E/C Gran),0103050L0AAAAAA,58,5.8268
40,E81018,Memantine HCl_Tab 20mg,0411000G0AAADAD,6,0.029399999999999968
41,E81018,Paracet_Tab 500mg,0407010H0AAAMAM,416,172.762
42,E81018,Quetiapine_Tab 25mg,0402010ABAAABAB,3,0.008399999999999463
43,E81018,Quetiapine_Tab 300mg,0402010ABAAAKAK,4,0.011199999999998766
44,E81025,Atorvastatin_Tab 10mg,0212000B0AAAAAA,1,0.004200000000000023
45,E81025,Memantine HCl_Tab 20mg,0411000G0AAADAD,1,0.004899999999999995
46,E81025,Paracet_Tab 500mg,0407010H0AAAMAM,2,-0.007999999999999952
47,E81026,Paracet_Tab 500mg,0407010H0AAAMAM,14,-0.055199999999999666
48,E81026,Quetiapine_Tab 300mg,0402010ABAAAKAK,9,0.030999999999996586
49,E81028,Atorvastatin_Tab 10mg,0212000B0AAAAAA,53,81.36659999999999
50,E81028,Atorvastatin_Tab 20mg,0212000B0AAABAB,92,135.49760000000003
51,E81028,Ferr Sulf_Tab 200mg,0901011P0AAACAC,18,105.76499999999999
52,E81028,Lansoprazole_Cap 30mg (E/C Gran),0103050L0AAAAAA,99,30.492000000000015
53,E81028,Memantine HCl_Tab 20mg,0411000G0AAADAD,9,63.907199999999996
54,E81028,Paracet_Tab 500mg,0407010H0AAAMAM,252,77.52560000000007
55,E81028,Quetiapine_Tab 25mg,0402010ABAAABAB,7,15.348199999999999
56,E81028,Quetiapine_Tab 300mg,0402010ABAAAKAK,3,120.022
57,E81032,Aripiprazole_Tab 10mg,0402010ADAAAAAA,10,87.22
58,E81032,Atorvastatin_Tab 10mg,0212000B0AAAAAA,1,0.0039000000000000076
59,E81032,Atorvastatin_Tab 20mg,0212000B0AAABAB,162,45.077200000000005
60,E81032,Ferr Sulf_Tab 200mg,0901011P0AAACAC,13,21.1848
61,E81032,Lansoprazole_Cap 30mg (E/C Gran),0103050L0AAAAAA,13,22.583099999999998
62,E81032,Paracet_Tab 500mg,0407010H0AAAMAM,118,23.00560000000004
63,E81032,Quetiapine_Tab 25mg,0402010ABAAABAB,13,75.936
64,E81032,Quetiapine_Tab 300mg,0402010ABAAAKAK,12,0.04239999999999533
65,E81040,Atorvastatin_Tab 20mg,0212000B0AAABAB,1,-0.0026999999999999837
66,E81040,Ferr Sulf_Tab 200mg,0901011P0AAACAC,3,0.017999999999999267
67,E81040,Lansoprazole_Cap 30mg (E/C Gran),0103050L0AAAAAA,95,45.220000000000006
68,E81040,Paracet_Tab 500mg,0407010H0AAAMAM,204,4.930400000000008
69,E81040,Quetiapine_Tab 25mg,0402010ABAAABAB,1,0.005599999999999772
70,E81040,Quetiapine_Tab 300mg,0402010ABAAAKAK,1,0.005999999999999339
71,E81041,Atorvastatin_Tab 10mg,0212000B0AAAAAA,2,-0.0017999999999999405
72,E81041,Atorvastatin_Tab 20mg,0212000B0AAABAB,7,0.0420000000000012
73,E81041,Lansoprazole_Cap 30mg (E/C Gran),0103050L0AAAAAA,4,0.011200000000000127
74,E81041,Letrozole_Tab 2.5mg,0803041L0AAAAAA,4,-0.2575999999999996
75,E81041,Paracet_Tab 500mg,0407010H0AAAMAM,38,-1.1399999999999997
76,E81041,Quetiapine_Tab 25mg,0402010ABAAABAB,6,0.011199999999999544
77,E81048,Atorvastatin_Tab 10mg,0212000B0AAAAAA,4,0.008400000000000046
78,E81048,Atorvastatin_Tab 20mg,0212000B0AAABAB,1,0.006000000000000172
79,E81048,Ferr Sulf_Tab 200mg,0901011P0AAACAC,3,-0.4284
80,E81048,Lansoprazole_Cap 30mg (E/C Gran),0103050L0AAAAAA,4,0.011200000000000127
81,E81048,Paracet_Tab 500mg,0407010H0AAAMAM,34,-2.352
82,E81048,Quetiapine_Tab 25mg,0402010ABAAABAB,3,0.011199999999999932
83,E81048,Quetiapine_Tab 300mg,0402010ABAAAKAK,3,0.014399999999998414
84,E81054,Paracet_Tab 500mg,0407010H0AAAMAM,2,-0.011199999999999932
85,E81054,Quetiapine_Tab 300mg,0402010ABAAAKAK,2,0.011999999999998678
86,E81063,Atorvastatin_Tab 10mg,0212000B0AAAAAA,66,69.69550000000001
87,E81063,Atorvastatin_Tab 20mg,0212000B0AAABAB,227,270.606
88,E81063,Lansoprazole_Cap 30mg (E/C Gran),0103050L0AAAAAA,65,1.9375999999999998
89,E81063,Paracet_Tab 500mg,0407010H0AAAMAM,46,0.0831999999999995
90,E81063,Quetiapine_Tab 300mg,0402010ABAAAKAK,3,0.00879999999999903
91,E81064,Memantine HCl_Tab 20mg,0411000G0AAADAD,2,63.9016
92,E81064,Paracet_Tab 500mg,0407010H0AAAMAM,68,9.886400000000005
93,E81064,Quetiapine_Tab 25mg,0402010ABAAABAB,2,0.014000000000000012
94,E81065,Atorvastatin_Tab 10mg,0212000B0AAAAAA,5,0.01260000000000007
95,E81065,Ferr Sulf_Tab 200mg,0901011P0AAACAC,5,0.02799999999999983
96,E81065,Lansoprazole_Cap 30mg (E/C Gran),0103050L0AAAAAA,4,0.011200000000000127
97,E81065,Paracet_Tab 500mg,0407010H0AAAMAM,2,0.005999999999999964
98,E81073,Aripiprazole_Tab 10mg,0402010ADAAAAAA,2,0.0035000000000001974
99,E81073,Atorvastatin_Tab 10mg,0212000B0AAAAAA,4,0.008400000000000046
100,E81073,Atorvastatin_Tab 20mg,0212000B0AAABAB,90,90.72000000000001
101,E81073,Ferr Sulf_Tab 200mg,0901011P0AAACAC,14,7.074399999999999
102,E81073,Lansoprazole_Cap 30mg (E/C Gran),0103050L0AAAAAA,179,114.453
103,E81073,Letrozole_Tab 2.5mg,0803041L0AAAAAA,8,293.58
104,E81073,Memantine HCl_Tab 20mg,0411000G0AAADAD,2,31.949400000000004
105,E81073,Paracet_Tab 500mg,0407010H0AAAMAM,8,0.041199999999999806
106,E81073,Quetiapine_Tab 25mg,0402010ABAAABAB,9,122.472
107,E81073,Quetiapine_Tab 300mg,0402010ABAAAKAK,3,120.01640000000002
108,E81076,Atorvastatin_Tab 10mg,0212000B0AAAAAA,33,0.06930000000000039
109,E81076,Lansoprazole_Cap 30mg (E/C Gran),0103050L0AAAAAA,12,0.03360000000000038
110,E81076,Memantine HCl_Tab 20mg,0411000G0AAADAD,9,0.04409999999999995
111,E81076,Paracet_Tab 500mg,0407010H0AAAMAM,172,9.922800000000024
112,E81076,Quetiapine_Tab 25mg,0402010ABAAABAB,13,-0.01960000000000056
113,E81076,Quetiapine_Tab 300mg,0402010ABAAAKAK,2,0.005599999999999383
114,E81612,Atorvastatin_Tab 10mg,0212000B0AAAAAA,1,-0.005999999999999964
115,E81612,Atorvastatin_Tab 20mg,0212000B0AAABAB,73,67.74360000000001
116,E81612,Lansoprazole_Cap 30mg (E/C Gran),0103050L0AAAAAA,3,0.011200000000000127
117,E81612,Paracet_Tab 500mg,0407010H0AAAMAM,44,1.2240000000000066
118,E81612,Quetiapine_Tab 300mg,0402010ABAAAKAK,1,0.005599999999999383
119,E81617,Paracet_Tab 500mg,0407010H0AAAMAM,12,-2.6399999999999966
120,E81617,Quetiapine_Tab 25mg,0402010ABAAABAB,5,-0.0210000000000006
121,E81631,Paracet_Tab 500mg,0407010H0AAAMAM,4,0.02999999999999982
122,E81632,Atorvastatin_Tab 10mg,0212000B0AAAAAA,31,23.262400000000003
123,E81632,Atorvastatin_Tab 20mg,0212000B0AAABAB,101,45.248
124,E81632,Letrozole_Tab 2.5mg,0803041L0AAAAAA,4,-0.2604000000000001
125,E81632,Paracet_Tab 500mg,0407010H0AAAMAM,64,37.08880000000001
126,E81632,Quetiapine_Tab 25mg,0402010ABAAABAB,6,0.0
127,E81632,Quetiapine_Tab 300mg,0402010ABAAAKAK,1,0.0027999999999996916
128,E81633,Lansoprazole_Cap 30mg (E/C Gran),0103050L0AAAAAA,4,1.8368000000000007
129,Y02332,Atorvastatin_Tab 10mg,0212000B0AAAAAA,47,11.647799999999998
130,Y02332,Atorvastatin_Tab 20mg,0212000B0AAABAB,163,0.6668000000000192
131,Y02332,Ferr Sulf_Tab 200mg,0901011P0AAACAC,13,21.1848
132,Y02332,Lansoprazole_Cap 30mg (E/C Gran),0103050L0AAAAAA,73,24.323600000000003
133,Y02332,Paracet_Tab 500mg,0407010H0AAAMAM,128,31.616000000000014
134,Y02332,Quetiapine_Tab 300mg,0402010ABAAAKAK,4,64.31
135,Y02463,Aripiprazole_Tab 10mg,0402010ADAAAAAA,7,0.00840000000000063
136,Y02463,Atorvastatin_Tab 10mg,0212000B0AAAAAA,12,23.2512
137,Y02463,Lansoprazole_Cap 30mg (E/C Gran),0103050L0AAAAAA,5,0.0172000000000003
138,Y02463,Memantine HCl_Tab 20mg,0411000G0AAADAD,5,0.024499999999999973
139,Y02463,Paracet_Tab 500mg,0407010H0AAAMAM,14,-0.008799999999999947
140,Y02463,Quetiapine_Tab 25mg,0402010ABAAABAB,4,0.0123999999999993
141,Y02463,Quetiapine_Tab 300mg,0402010ABAAAKAK,4,0.013699999999998491
142,Y03466,Lansoprazole_Cap 30mg (E/C Gran),0103050L0AAAAAA,4,0.022400000000000253
143,Y05699,Paracet_Tab 500mg,0407010H0AAAMAM,4,0.011199999999999932
