,practice_code,bnf_description,bnf_code,items,excess_cost
0,M81062,Lansoprazole_Cap 30mg (E/C Gran),0103050L0AAAAAA,2,0.011200000000000127
1,M81062,Paracet_Tab 500mg,0407010H0AAAMAM,16,0.0495999999999997
2,M85001,Atorvastatin_Tab 10mg,0212000B0AAAAAA,114,23.1084
3,M85001,Atorvastatin_Tab 20mg,0212000B0AAABAB,134,22.51200000000002
4,M85001,Atorvastatin_Tab 40mg,0212000B0AAACAC,81,89.13239999999999
5,M85001,Clopidogrel_Tab 75mg,0209000C0AAAAAA,74,26.427099999999996
6,M85001,Ferr Sulf_Tab 200mg,0901011P0AAACAC,1,28.168
7,M85001,Gabapentin_Tab 600mg,0408010G0AAAJAJ,4,30.004799999999996
8,M85001,Lansoprazole_Cap 30mg (E/C Gran),0103050L0AAAAAA,132,5.475400000000019
9,M85001,Paracet_Tab 500mg,0407010H0AAAMAM,24,11.2
10,M85005,Ferr Sulf_Tab 200mg,0901011P0AAACAC,1,0.00839999999999995
11,M85005,Lansoprazole_Cap 30mg (E/C Gran),0103050L0AAAAAA,4,0.022400000000000253
12,M85005,Paracet_Tab 500mg,0407010H0AAAMAM,6,0.006799999999999959
13,M85006,Clopidogrel_Tab 75mg,0209000C0AAAAAA,8,0.03919999999999996
14,M85006,Ferr Sulf_Tab 200mg,0901011P0AAACAC,7,0.03959999999999955
15,M85006,Gabapentin_Tab 600mg,0408010G0AAAJAJ,1,-0.00280000000000008
16,M85006,Lansoprazole_Cap 30mg (E/C Gran),0103050L0AAAAAA,16,0.06300000000000078
17,M85006,Paracet_Tab 500mg,0407010H0AAAMAM,72,-0.16359999999999902
18,M85007,Gabapentin_Tab 600mg,0408010G0AAAJAJ,1,-0.00280000000000008
19,M85007,Lansoprazole_Cap 30mg (E/C Gran),0103050L0AAAAAA,9,0.03640000000000041
20,M85007,Paracet_Tab 500mg,0407010H0AAAMAM,8,-0.02159999999999987
21,M85008,Lansoprazole_Cap 30mg (E/C Gran),0103050L0AAAAAA,9,0.04760000000000054
22,M85008,Paracet_Tab 500mg,0407010H0AAAMAM,16,-0.04319999999999974
23,M85011,Atorvastatin_Tab 10mg,0212000B0AAAAAA,2,0.008400000000000046
24,M85011,Ferr Sulf_Tab 200mg,0901011P0AAACAC,18,21.6806
25,M85011,Gabapentin_Tab 600mg,0408010G0AAAJAJ,1,-0.00560000000000016
26,M85011,Montelukast_Tab 10mg,0303020G0AAABAB,11,48.7256
27,M85011,Paracet_Tab 500mg,0407010H0AAAMAM,306,85.02960000000003
28,M85013,Atorvastatin_Tab 20mg,0212000B0AAABAB,1,-0.003999999999999976
29,M85013,Clopidogrel_Tab 75mg,0209000C0AAAAAA,4,0.01959999999999998
30,M85013,Ferr Sulf_Tab 200mg,0901011P0AAACAC,4,0.029999999999998778
31,M85013,Lansoprazole_Cap 30mg (E/C Gran),0103050L0AAAAAA,6,0.017000000000000244
32,M85013,Paracet_Tab 500mg,0407010H0AAAMAM,128,32.35680000000002
33,M85014,Lansoprazole_Cap 30mg (E/C Gran),0103050L0AAAAAA,1,0.005600000000000063
34,M85014,Paracet_Tab 500mg,0407010H0AAAMAM,92,-2.4583999999999993
35,M85016,Atorvastatin_Tab 10mg,0212000B0AAAAAA,1,-0.002999999999999982
36,M85016,Atorvastatin_Tab 20mg,0212000B0AAABAB,1,0.006000000000000172
37,M85016,Lansoprazole_Cap 30mg (E/C Gran),0103050L0AAAAAA,1,0.00420000000000012
38,M85016,Paracet_Tab 500mg,0407010H0AAAMAM,8,0.04799999999999971
39,M85018,Atorvastatin_Tab 40mg,0212000B0AAACAC,1,0.00540000000000003
40,M85018,Clopidogrel_Tab 75mg,0209000C0AAAAAA,2,0.00979999999999999
41,M85018,Ferr Sulf_Tab 200mg,0901011P0AAACAC,1,0.0059999999999997555
42,M85018,Lansoprazole_Cap 30mg (E/C Gran),0103050L0AAAAAA,1,0.005600000000000063
43,M85018,Paracet_Tab 500mg,0407010H0AAAMAM,4,0.01799999999999989
44,M85021,Atorvastatin_Tab 10mg,0212000B0AAAAAA,1,0.0021000000000000116
45,M85021,Atorvastatin_Tab 20mg,0212000B0AAABAB,1,-0.0029999999999998778
46,M85021,Ferr Sulf_Tab 200mg,0901011P0AAACAC,1,0.003999999999999976
47,M85021,Lansoprazole_Cap 30mg (E/C Gran),0103050L0AAAAAA,4,0.014000000000000158
48,M85021,Paracet_Tab 500mg,0407010H0AAAMAM,4,0.003999999999999976
49,M85023,Atorvastatin_Tab 10mg,0212000B0AAAAAA,4,0.008400000000000046
50,M85023,Ferr Sulf_Tab 200mg,0901011P0AAACAC,1,0.011999999999999511
51,M85023,Lansoprazole_Cap 30mg (E/C Gran),0103050L0AAAAAA,17,0.05280000000000064
52,M85023,Paracet_Tab 500mg,0407010H0AAAMAM,6,0.023999999999999855
53,M85024,Atorvastatin_Tab 10mg,0212000B0AAAAAA,3,-0.01499999999999991
54,M85024,Atorvastatin_Tab 20mg,0212000B0AAABAB,10,-0.0029999999999986288
55,M85024,Atorvastatin_Tab 40mg,0212000B0AAACAC,3,-0.008999999999999633
56,M85024,Ferr Sulf_Tab 200mg,0901011P0AAACAC,1,0.0059999999999997555
57,M85024,Lansoprazole_Cap 30mg (E/C Gran),0103050L0AAAAAA,11,0.033000000000000945
58,M85024,Paracet_Tab 500mg,0407010H0AAAMAM,98,0.535199999999997
59,M85025,Atorvastatin_Tab 20mg,0212000B0AAABAB,2,0.012000000000000344
60,M85025,Clopidogrel_Tab 75mg,0209000C0AAAAAA,5,0.024499999999999973
61,M85025,Lansoprazole_Cap 30mg (E/C Gran),0103050L0AAAAAA,9,0.03640000000000056
62,M85025,Paracet_Tab 500mg,0407010H0AAAMAM,16,0.02639999999999984
63,M85026,Clopidogrel_Tab 75mg,0209000C0AAAAAA,1,-0.002799999999999997
64,M85026,Ferr Sulf_Tab 200mg,0901011P0AAACAC,5,0.04939999999999818
65,M85026,Gabapentin_Tab 600mg,0408010G0AAAJAJ,2,-0.01120000000000032
66,M85026,Lansoprazole_Cap 30mg (E/C Gran),0103050L0AAAAAA,2,0.000800000000000009
67,M85027,Atorvastatin_Tab 20mg,0212000B0AAABAB,1,0.00180000000000001
68,M85027,Ferr Sulf_Tab 200mg,0901011P0AAACAC,6,0.08399999999999658
69,M85027,Lansoprazole_Cap 30mg (E/C Gran),0103050L0AAAAAA,3,0.01680000000000019
70,M85027,Paracet_Tab 500mg,0407010H0AAAMAM,4,0.022399999999999864
71,M85028,Atorvastatin_Tab 10mg,0212000B0AAAAAA,180,23.20290000000001
72,M85028,Atorvastatin_Tab 20mg,0212000B0AAABAB,355,361.3876
73,M85028,Atorvastatin_Tab 40mg,0212000B0AAACAC,116,88.8696
74,M85028,Clopidogrel_Tab 75mg,0209000C0AAAAAA,102,166.12639999999996
75,M85028,Ferr Sulf_Tab 200mg,0901011P0AAACAC,71,77.59799999999997
76,M85028,Gabapentin_Tab 600mg,0408010G0AAAJAJ,10,65.73459999999999
77,M85028,Lansoprazole_Cap 30mg (E/C Gran),0103050L0AAAAAA,621,25.280200000000026
78,M85028,Paracet_Tab 500mg,0407010H0AAAMAM,894,73.23200000000004
79,M85029,Atorvastatin_Tab 10mg,0212000B0AAAAAA,1,-0.005999999999999964
80,M85029,Ferr Sulf_Tab 200mg,0901011P0AAACAC,2,0.0145999999999996
81,M85029,Lansoprazole_Cap 30mg (E/C Gran),0103050L0AAAAAA,4,0.011200000000000127
82,M85029,Paracet_Tab 500mg,0407010H0AAAMAM,8,0.04159999999999975
83,M85030,Clopidogrel_Tab 75mg,0209000C0AAAAAA,1,0.004899999999999995
84,M85030,Lansoprazole_Cap 30mg (E/C Gran),0103050L0AAAAAA,12,0.042000000000000474
85,M85030,Montelukast_Tab 10mg,0303020G0AAABAB,9,24.368399999999994
86,M85030,Paracet_Tab 500mg,0407010H0AAAMAM,366,113.8364
87,M85031,Atorvastatin_Tab 40mg,0212000B0AAACAC,1,-0.0029999999999998778
88,M85031,Ferr Sulf_Tab 200mg,0901011P0AAACAC,9,0.01509999999999919
89,M85031,Gabapentin_Tab 600mg,0408010G0AAAJAJ,6,0.011199999999999155
90,M85031,Lansoprazole_Cap 30mg (E/C Gran),0103050L0AAAAAA,15,0.04660000000000056
91,M85031,Paracet_Tab 500mg,0407010H0AAAMAM,228,54.164399999999965
92,M85033,Atorvastatin_Tab 10mg,0212000B0AAAAAA,3,-0.026999999999999837
93,M85033,Atorvastatin_Tab 40mg,0212000B0AAACAC,1,0.0055000000000001575
94,M85033,Gabapentin_Tab 600mg,0408010G0AAAJAJ,1,-0.00560000000000016
95,M85033,Lansoprazole_Cap 30mg (E/C Gran),0103050L0AAAAAA,1,0.00420000000000012
96,M85033,Paracet_Tab 500mg,0407010H0AAAMAM,10,0.013599999999999918
97,M85034,Atorvastatin_Tab 10mg,0212000B0AAAAAA,1,-0.002999999999999982
98,M85034,Atorvastatin_Tab 40mg,0212000B0AAACAC,1,0.0026000000000000745
99,M85034,Clopidogrel_Tab 75mg,0209000C0AAAAAA,1,0.002599999999999894
100,M85034,Ferr Sulf_Tab 200mg,0901011P0AAACAC,93,529.4591999999999
101,M85034,Gabapentin_Tab 600mg,0408010G0AAAJAJ,1,-0.00280000000000008
102,M85034,Lansoprazole_Cap 30mg (E/C Gran),0103050L0AAAAAA,7,0.01940000000000027
103,M85034,Paracet_Tab 500mg,0407010H0AAAMAM,236,-1.60999999999999
104,M85035,Atorvastatin_Tab 10mg,0212000B0AAAAAA,4,0.008400000000000046
105,M85035,Gabapentin_Tab 600mg,0408010G0AAAJAJ,4,65.2848
106,M85035,Lansoprazole_Cap 30mg (E/C Gran),0103050L0AAAAAA,8,0.030800000000000348
107,M85035,Montelukast_Tab 10mg,0303020G0AAABAB,18,24.393600000000003
108,M85035,Paracet_Tab 500mg,0407010H0AAAMAM,74,14.949600000000004
109,M85037,Clopidogrel_Tab 75mg,0209000C0AAAAAA,4,0.01959999999999998
110,M85037,Lansoprazole_Cap 30mg (E/C Gran),0103050L0AAAAAA,2,0.011200000000000127
111,M85037,Paracet_Tab 500mg,0407010H0AAAMAM,10,-0.05599999999999966
112,M85041,Clopidogrel_Tab 75mg,0209000C0AAAAAA,6,0.029399999999999968
113,M85041,Lansoprazole_Cap 30mg (E/C Gran),0103050L0AAAAAA,22,0.09240000000000104
114,M85041,Paracet_Tab 500mg,0407010H0AAAMAM,2,-0.011199999999999932
115,M85042,Gabapentin_Tab 600mg,0408010G0AAAJAJ,4,0.016799999999999315
116,M85042,Lansoprazole_Cap 30mg (E/C Gran),0103050L0AAAAAA,13,0.058800000000000664
117,M85043,Lansoprazole_Cap 30mg (E/C Gran),0103050L0AAAAAA,18,0.07300000000000087
118,M85043,Paracet_Tab 500mg,0407010H0AAAMAM,28,-0.058799999999999644
119,M85046,Atorvastatin_Tab 10mg,0212000B0AAAAAA,321,34.52159999999999
120,M85046,Atorvastatin_Tab 20mg,0212000B0AAABAB,732,69.37280000000007
121,M85046,Clopidogrel_Tab 75mg,0209000C0AAAAAA,424,25.68770000000001
122,M85046,Ferr Sulf_Tab 200mg,0901011P0AAACAC,4,0.032999999999998655
123,M85046,Lansoprazole_Cap 30mg (E/C Gran),0103050L0AAAAAA,253,0.71720000000002
124,M85046,Montelukast_Tab 10mg,0303020G0AAABAB,50,73.0464
125,M85046,Paracet_Tab 500mg,0407010H0AAAMAM,1260,127.72480000000019
126,M85047,Ferr Sulf_Tab 200mg,0901011P0AAACAC,2,0.011199999999999932
127,M85047,Gabapentin_Tab 600mg,0408010G0AAAJAJ,2,-0.00560000000000016
128,M85047,Lansoprazole_Cap 30mg (E/C Gran),0103050L0AAAAAA,2,0.011200000000000127
129,M85047,Paracet_Tab 500mg,0407010H0AAAMAM,26,-0.0991999999999994
130,M85048,Clopidogrel_Tab 75mg,0209000C0AAAAAA,11,0.05389999999999994
131,M85048,Ferr Sulf_Tab 200mg,0901011P0AAACAC,1,0.0059999999999997555
132,M85048,Lansoprazole_Cap 30mg (E/C Gran),0103050L0AAAAAA,5,0.020200000000000384
133,M85048,Paracet_Tab 500mg,0407010H0AAAMAM,18,0.05159999999999973
134,M85051,Lansoprazole_Cap 30mg (E/C Gran),0103050L0AAAAAA,1,0.005600000000000063
135,M85051,Paracet_Tab 500mg,0407010H0AAAMAM,24,0.09759999999999941
136,M85052,Clopidogrel_Tab 75mg,0209000C0AAAAAA,1,0.006499999999999735
137,M85052,Ferr Sulf_Tab 200mg,0901011P0AAACAC,1,0.0059999999999997555
138,M85052,Lansoprazole_Cap 30mg (E/C Gran),0103050L0AAAAAA,4,0.022400000000000253
139,M85052,Paracet_Tab 500mg,0407010H0AAAMAM,2,-0.011199999999999932
140,M85053,Ferr Sulf_Tab 200mg,0901011P0AAACAC,3,0.03599999999999853
141,M85053,Gabapentin_Tab 600mg,0408010G0AAAJAJ,1,-0.00560000000000016
142,M85053,Paracet_Tab 500mg,0407010H0AAAMAM,4,-0.022399999999999864
143,M85055,Atorvastatin_Tab 10mg,0212000B0AAAAAA,1,-0.008999999999999946
144,M85055,Clopidogrel_Tab 75mg,0209000C0AAAAAA,3,0.014699999999999984
145,M85055,Ferr Sulf_Tab 200mg,0901011P0AAACAC,3,0.013799999999999146
146,M85055,Gabapentin_Tab 600mg,0408010G0AAAJAJ,2,-0.01120000000000032
147,M85055,Lansoprazole_Cap 30mg (E/C Gran),0103050L0AAAAAA,6,0.028000000000000316
148,M85055,Paracet_Tab 500mg,0407010H0AAAMAM,12,-0.050399999999999695
149,M85056,Clopidogrel_Tab 75mg,0209000C0AAAAAA,7,0.03429999999999996
150,M85056,Lansoprazole_Cap 30mg (E/C Gran),0103050L0AAAAAA,1,-0.004499999999999983
151,M85056,Paracet_Tab 500mg,0407010H0AAAMAM,10,-0.009599999999999942
152,M85058,Atorvastatin_Tab 10mg,0212000B0AAAAAA,1,-0.0018999999999999885
153,M85058,Gabapentin_Tab 600mg,0408010G0AAAJAJ,1,-0.00280000000000008
154,M85058,Lansoprazole_Cap 30mg (E/C Gran),0103050L0AAAAAA,4,0.011200000000000127
155,M85058,Paracet_Tab 500mg,0407010H0AAAMAM,12,-0.0671999999999996
156,M85060,Anastrozole_Tab 1mg,0803041B0AAAAAA,25,0.7252000000000041
157,M85060,Atorvastatin_Tab 10mg,0212000B0AAAAAA,112,23.3128
158,M85060,Atorvastatin_Tab 20mg,0212000B0AAABAB,138,90.14880000000001
159,M85060,Atorvastatin_Tab 40mg,0212000B0AAACAC,141,133.44240000000002
160,M85060,Clopidogrel_Tab 75mg,0209000C0AAAAAA,316,38.069500000000005
161,M85060,Ferr Sulf_Tab 200mg,0901011P0AAACAC,22,0.025199999999998973
162,M85060,Gabapentin_Tab 600mg,0408010G0AAAJAJ,4,0.016799999999999315
163,M85060,Lansoprazole_Cap 30mg (E/C Gran),0103050L0AAAAAA,417,6.087600000000034
164,M85060,Montelukast_Tab 10mg,0303020G0AAABAB,13,0.9828000000000003
165,M85060,Paracet_Tab 500mg,0407010H0AAAMAM,432,11.658800000000063
166,M85061,Clopidogrel_Tab 75mg,0209000C0AAAAAA,7,61.86600000000001
167,M85061,Ferr Sulf_Tab 200mg,0901011P0AAACAC,9,0.046799999999998676
168,M85061,Gabapentin_Tab 600mg,0408010G0AAAJAJ,1,-0.00560000000000016
169,M85061,Lansoprazole_Cap 30mg (E/C Gran),0103050L0AAAAAA,197,2.1336000000000244
170,M85061,Montelukast_Tab 10mg,0303020G0AAABAB,42,25.401600000000002
171,M85061,Paracet_Tab 500mg,0407010H0AAAMAM,548,131.87040000000013
172,M85062,Anastrozole_Tab 1mg,0803041B0AAAAAA,5,0.024500000000000216
173,M85062,Atorvastatin_Tab 10mg,0212000B0AAAAAA,15,0.031500000000000174
174,M85062,Atorvastatin_Tab 40mg,0212000B0AAACAC,22,66.7744
175,M85062,Clopidogrel_Tab 75mg,0209000C0AAAAAA,31,17.569300000000002
176,M85062,Ferr Sulf_Tab 200mg,0901011P0AAACAC,14,21.190399999999997
177,M85062,Gabapentin_Tab 600mg,0408010G0AAAJAJ,1,-0.00560000000000016
178,M85062,Lansoprazole_Cap 30mg (E/C Gran),0103050L0AAAAAA,112,0.9438000000000107
179,M85062,Paracet_Tab 500mg,0407010H0AAAMAM,228,31.63240000000005
180,M85063,Anastrozole_Tab 1mg,0803041B0AAAAAA,41,246.04020000000006
181,M85063,Atorvastatin_Tab 10mg,0212000B0AAAAAA,766,80.72440000000006
182,M85063,Atorvastatin_Tab 20mg,0212000B0AAABAB,1188,318.8868000000002
183,M85063,Atorvastatin_Tab 40mg,0212000B0AAACAC,5,0.0030000000000007104
184,M85063,Clopidogrel_Tab 75mg,0209000C0AAAAAA,831,71.34539999999997
185,M85063,Ferr Sulf_Tab 200mg,0901011P0AAACAC,119,42.85279999999999
186,M85063,Gabapentin_Tab 600mg,0408010G0AAAJAJ,15,0.036399999999997545
187,M85063,Lansoprazole_Cap 30mg (E/C Gran),0103050L0AAAAAA,1649,224.53780000000017
188,M85063,Montelukast_Tab 10mg,0303020G0AAABAB,155,245.784
189,M85063,Paracet_Tab 500mg,0407010H0AAAMAM,2636,1548.8524000000007
190,M85065,Atorvastatin_Tab 10mg,0212000B0AAAAAA,4,0.008400000000000046
191,M85065,Clopidogrel_Tab 75mg,0209000C0AAAAAA,2,0.012799999999999673
192,M85065,Ferr Sulf_Tab 200mg,0901011P0AAACAC,6,0.028399999999999828
193,M85065,Gabapentin_Tab 600mg,0408010G0AAAJAJ,2,-0.00840000000000024
194,M85065,Lansoprazole_Cap 30mg (E/C Gran),0103050L0AAAAAA,6,0.021100000000000313
195,M85065,Paracet_Tab 500mg,0407010H0AAAMAM,20,-0.06959999999999951
196,M85066,Anastrozole_Tab 1mg,0803041B0AAAAAA,5,0.36399999999999877
197,M85066,Atorvastatin_Tab 10mg,0212000B0AAAAAA,8,0.016800000000000093
198,M85066,Clopidogrel_Tab 75mg,0209000C0AAAAAA,47,0.23029999999999975
199,M85066,Ferr Sulf_Tab 200mg,0901011P0AAACAC,31,0.08609999999999872
200,M85066,Lansoprazole_Cap 30mg (E/C Gran),0103050L0AAAAAA,52,0.16820000000000196
201,M85066,Montelukast_Tab 10mg,0303020G0AAABAB,3,0.0031999999999999806
202,M85066,Paracet_Tab 500mg,0407010H0AAAMAM,464,-7.041999999999968
203,M85070,Clopidogrel_Tab 75mg,0209000C0AAAAAA,6,0.02579999999999992
204,M85070,Ferr Sulf_Tab 200mg,0901011P0AAACAC,19,0.10719999999999894
205,M85070,Gabapentin_Tab 600mg,0408010G0AAAJAJ,6,0.016799999999999024
206,M85070,Lansoprazole_Cap 30mg (E/C Gran),0103050L0AAAAAA,66,0.1801000000000025
207,M85070,Paracet_Tab 500mg,0407010H0AAAMAM,22,0.0795999999999995
208,M85071,Atorvastatin_Tab 10mg,0212000B0AAAAAA,6,0.011800000000000074
209,M85071,Clopidogrel_Tab 75mg,0209000C0AAAAAA,1,0.004899999999999995
210,M85071,Ferr Sulf_Tab 200mg,0901011P0AAACAC,1,0.005599999999999966
211,M85071,Lansoprazole_Cap 30mg (E/C Gran),0103050L0AAAAAA,21,0.06180000000000075
212,M85071,Paracet_Tab 500mg,0407010H0AAAMAM,24,-0.11119999999999933
213,M85074,Atorvastatin_Tab 10mg,0212000B0AAAAAA,4,0.009600000000000088
214,M85074,Atorvastatin_Tab 20mg,0212000B0AAABAB,1,-0.0007999999999999674
215,M85074,Lansoprazole_Cap 30mg (E/C Gran),0103050L0AAAAAA,30,0.13440000000000152
216,M85074,Paracet_Tab 500mg,0407010H0AAAMAM,18,-0.023999999999999855
217,M85076,Clopidogrel_Tab 75mg,0209000C0AAAAAA,2,0.012699999999999628
218,M85076,Lansoprazole_Cap 30mg (E/C Gran),0103050L0AAAAAA,5,0.00380000000000022
219,M85076,Paracet_Tab 500mg,0407010H0AAAMAM,26,-0.10639999999999927
220,M85077,Anastrozole_Tab 1mg,0803041B0AAAAAA,6,0.02940000000000026
221,M85077,Atorvastatin_Tab 10mg,0212000B0AAAAAA,11,0.02730000000000015
222,M85077,Clopidogrel_Tab 75mg,0209000C0AAAAAA,17,0.0832999999999999
223,M85077,Lansoprazole_Cap 30mg (E/C Gran),0103050L0AAAAAA,31,0.09660000000000117
224,M85077,Paracet_Tab 500mg,0407010H0AAAMAM,16,0.09199999999999944
225,M85078,Ferr Sulf_Tab 200mg,0901011P0AAACAC,1,0.0059999999999997555
226,M85078,Lansoprazole_Cap 30mg (E/C Gran),0103050L0AAAAAA,1,0.005600000000000063
227,M85078,Paracet_Tab 500mg,0407010H0AAAMAM,20,0.08959999999999979
228,M85079,Atorvastatin_Tab 10mg,0212000B0AAAAAA,21,11.642399999999999
229,M85079,Atorvastatin_Tab 20mg,0212000B0AAABAB,12,67.6328
230,M85079,Clopidogrel_Tab 75mg,0209000C0AAAAAA,74,8.70239999999999
231,M85079,Lansoprazole_Cap 30mg (E/C Gran),0103050L0AAAAAA,153,0.8567999999999949
232,M85079,Montelukast_Tab 10mg,0303020G0AAABAB,26,24.387999999999998
233,M85079,Paracet_Tab 500mg,0407010H0AAAMAM,12,-0.004799999999999888
234,M85081,Atorvastatin_Tab 40mg,0212000B0AAACAC,92,0.5151999999999969
235,M85081,Ferr Sulf_Tab 200mg,0901011P0AAACAC,5,0.059999999999997555
236,M85081,Gabapentin_Tab 600mg,0408010G0AAAJAJ,1,-0.00560000000000016
237,M85081,Lansoprazole_Cap 30mg (E/C Gran),0103050L0AAAAAA,9,0.044800000000000506
238,M85081,Paracet_Tab 500mg,0407010H0AAAMAM,6,0.03599999999999978
239,M85083,Atorvastatin_Tab 10mg,0212000B0AAAAAA,1,0.004199999999999975
240,M85083,Atorvastatin_Tab 20mg,0212000B0AAABAB,1,0.006000000000000172
241,M85083,Ferr Sulf_Tab 200mg,0901011P0AAACAC,1,0.008999999999999633
242,M85083,Paracet_Tab 500mg,0407010H0AAAMAM,6,0.012799999999999923
243,M85084,Ferr Sulf_Tab 200mg,0901011P0AAACAC,1,0.0059999999999997555
244,M85084,Lansoprazole_Cap 30mg (E/C Gran),0103050L0AAAAAA,2,0.011200000000000127
245,M85084,Paracet_Tab 500mg,0407010H0AAAMAM,2,0.00839999999999995
246,M85086,Ferr Sulf_Tab 200mg,0901011P0AAACAC,2,0.0145999999999996
247,M85086,Lansoprazole_Cap 30mg (E/C Gran),0103050L0AAAAAA,10,0.04060000000000053
248,M85086,Paracet_Tab 500mg,0407010H0AAAMAM,8,-0.01839999999999989
249,M85087,Atorvastatin_Tab 20mg,0212000B0AAABAB,151,22.83120000000001
250,M85087,Clopidogrel_Tab 75mg,0209000C0AAAAAA,41,17.564400000000003
251,M85087,Ferr Sulf_Tab 200mg,0901011P0AAACAC,6,7.059799999999997
252,M85087,Gabapentin_Tab 600mg,0408010G0AAAJAJ,5,35.7144
253,M85087,Lansoprazole_Cap 30mg (E/C Gran),0103050L0AAAAAA,139,2.707799999999997
254,M85087,Montelukast_Tab 10mg,0303020G0AAABAB,51,73.1136
255,M85087,Paracet_Tab 500mg,0407010H0AAAMAM,10,0.4920000000000053
256,M85088,Atorvastatin_Tab 10mg,0212000B0AAAAAA,1,-0.005999999999999964
257,M85088,Atorvastatin_Tab 20mg,0212000B0AAABAB,1,0.006000000000000172
258,M85088,Atorvastatin_Tab 40mg,0212000B0AAACAC,1,-0.0029999999999998778
259,M85088,Clopidogrel_Tab 75mg,0209000C0AAAAAA,1,0.004899999999999995
260,M85088,Ferr Sulf_Tab 200mg,0901011P0AAACAC,1,0.0059999999999997555
261,M85088,Lansoprazole_Cap 30mg (E/C Gran),0103050L0AAAAAA,7,0.03220000000000073
262,M85088,Paracet_Tab 500mg,0407010H0AAAMAM,26,0.018400000000000027
263,M85092,Clopidogrel_Tab 75mg,0209000C0AAAAAA,1,0.004899999999999995
264,M85092,Lansoprazole_Cap 30mg (E/C Gran),0103050L0AAAAAA,11,0.03400000000000049
265,M85092,Paracet_Tab 500mg,0407010H0AAAMAM,10,0.053599999999999676
266,M85094,Atorvastatin_Tab 40mg,0212000B0AAACAC,1,-0.004000000000000045
267,M85094,Paracet_Tab 500mg,0407010H0AAAMAM,2,0.005999999999999964
268,M85105,Gabapentin_Tab 600mg,0408010G0AAAJAJ,2,0.01640000000000047
269,M85105,Paracet_Tab 500mg,0407010H0AAAMAM,6,0.012799999999999923
270,M85107,Ferr Sulf_Tab 200mg,0901011P0AAACAC,10,0.0809999999999967
271,M85107,Lansoprazole_Cap 30mg (E/C Gran),0103050L0AAAAAA,5,0.01680000000000019
272,M85107,Paracet_Tab 500mg,0407010H0AAAMAM,18,-0.06399999999999961
273,M85108,Clopidogrel_Tab 75mg,0209000C0AAAAAA,1,0.004899999999999995
274,M85108,Ferr Sulf_Tab 200mg,0901011P0AAACAC,5,-0.002400000000000485
275,M85108,Lansoprazole_Cap 30mg (E/C Gran),0103050L0AAAAAA,1,0.005600000000000063
276,M85108,Paracet_Tab 500mg,0407010H0AAAMAM,34,-0.167199999999999
277,M85110,Atorvastatin_Tab 20mg,0212000B0AAABAB,1,-0.0029999999999998778
278,M85110,Atorvastatin_Tab 40mg,0212000B0AAACAC,96,44.62079999999999
279,M85110,Ferr Sulf_Tab 200mg,0901011P0AAACAC,120,21.497399999999967
280,M85110,Lansoprazole_Cap 30mg (E/C Gran),0103050L0AAAAAA,130,1.8006000000000018
281,M85110,Montelukast_Tab 10mg,0303020G0AAABAB,11,73.14999999999999
282,M85110,Paracet_Tab 500mg,0407010H0AAAMAM,258,1.4336000000000102
283,M85113,Atorvastatin_Tab 10mg,0212000B0AAAAAA,70,11.564000000000005
284,M85113,Atorvastatin_Tab 40mg,0212000B0AAACAC,65,22.385999999999996
285,M85113,Clopidogrel_Tab 75mg,0209000C0AAAAAA,30,8.735999999999999
286,M85113,Ferr Sulf_Tab 200mg,0901011P0AAACAC,10,0.059999999999997555
287,M85113,Lansoprazole_Cap 30mg (E/C Gran),0103050L0AAAAAA,1,-0.001999999999999988
288,M85113,Paracet_Tab 500mg,0407010H0AAAMAM,310,-2.0503999999999847
289,M85115,Ferr Sulf_Tab 200mg,0901011P0AAACAC,2,0.017999999999999267
290,M85115,Lansoprazole_Cap 30mg (E/C Gran),0103050L0AAAAAA,4,0.011200000000000127
291,M85116,Atorvastatin_Tab 10mg,0212000B0AAAAAA,2,-0.005999999999999964
292,M85116,Ferr Sulf_Tab 200mg,0901011P0AAACAC,2,0.014999999999999389
293,M85116,Lansoprazole_Cap 30mg (E/C Gran),0103050L0AAAAAA,5,0.028000000000000316
294,M85116,Paracet_Tab 500mg,0407010H0AAAMAM,18,0.06479999999999961
295,M85117,Anastrozole_Tab 1mg,0803041B0AAAAAA,5,0.024500000000000216
296,M85117,Atorvastatin_Tab 10mg,0212000B0AAAAAA,29,0.060900000000000336
297,M85117,Clopidogrel_Tab 75mg,0209000C0AAAAAA,36,0.1763999999999998
298,M85117,Ferr Sulf_Tab 200mg,0901011P0AAACAC,35,42.2856
299,M85117,Lansoprazole_Cap 30mg (E/C Gran),0103050L0AAAAAA,89,0.2548000000000029
300,M85117,Paracet_Tab 500mg,0407010H0AAAMAM,96,46.8212
301,M85118,Atorvastatin_Tab 10mg,0212000B0AAAAAA,2,0.004200000000000023
302,M85118,Clopidogrel_Tab 75mg,0209000C0AAAAAA,12,0.058799999999999936
303,M85118,Ferr Sulf_Tab 200mg,0901011P0AAACAC,21,0.12019999999999559
304,M85118,Lansoprazole_Cap 30mg (E/C Gran),0103050L0AAAAAA,20,0.05600000000000063
305,M85118,Paracet_Tab 500mg,0407010H0AAAMAM,8,-0.04479999999999973
306,M85123,Atorvastatin_Tab 10mg,0212000B0AAAAAA,2,-0.01799999999999989
307,M85123,Atorvastatin_Tab 20mg,0212000B0AAABAB,2,0.012000000000000344
308,M85123,Atorvastatin_Tab 40mg,0212000B0AAACAC,18,0.1080000000000031
309,M85123,Ferr Sulf_Tab 200mg,0901011P0AAACAC,1,0.0059999999999997555
310,M85123,Lansoprazole_Cap 30mg (E/C Gran),0103050L0AAAAAA,1,0.005600000000000063
311,M85123,Montelukast_Tab 10mg,0303020G0AAABAB,1,-0.004299999999999998
312,M85123,Paracet_Tab 500mg,0407010H0AAAMAM,14,0.08399999999999949
313,M85127,Paracet_Tab 500mg,0407010H0AAAMAM,2,-0.011199999999999932
314,M85128,Lansoprazole_Cap 30mg (E/C Gran),0103050L0AAAAAA,7,0.03920000000000044
315,M85128,Paracet_Tab 500mg,0407010H0AAAMAM,10,0.05399999999999967
316,M85134,Clopidogrel_Tab 75mg,0209000C0AAAAAA,6,0.029399999999999968
317,M85134,Lansoprazole_Cap 30mg (E/C Gran),0103050L0AAAAAA,6,0.019800000000000276
318,M85134,Paracet_Tab 500mg,0407010H0AAAMAM,34,-0.08039999999999951
319,M85136,Atorvastatin_Tab 10mg,0212000B0AAAAAA,27,0.05670000000000031
320,M85136,Ferr Sulf_Tab 200mg,0901011P0AAACAC,2,0.011999999999999511
321,M85136,Lansoprazole_Cap 30mg (E/C Gran),0103050L0AAAAAA,25,0.07480000000000107
322,M85136,Paracet_Tab 500mg,0407010H0AAAMAM,84,-0.23759999999999856
323,M85139,Atorvastatin_Tab 20mg,0212000B0AAABAB,168,22.441700000000026
324,M85139,Ferr Sulf_Tab 200mg,0901011P0AAACAC,55,35.46579999999998
325,M85139,Lansoprazole_Cap 30mg (E/C Gran),0103050L0AAAAAA,1,0.005600000000000063
326,M85139,Montelukast_Tab 10mg,0303020G0AAABAB,25,25.340000000000003
327,M85139,Paracet_Tab 500mg,0407010H0AAAMAM,222,9.754000000000008
328,M85141,Clopidogrel_Tab 75mg,0209000C0AAAAAA,4,0.01959999999999998
329,M85141,Ferr Sulf_Tab 200mg,0901011P0AAACAC,1,0.0059999999999997555
330,M85141,Lansoprazole_Cap 30mg (E/C Gran),0103050L0AAAAAA,5,0.01680000000000019
331,M85141,Paracet_Tab 500mg,0407010H0AAAMAM,8,2.4164
332,M85142,Atorvastatin_Tab 20mg,0212000B0AAABAB,1,0.006000000000000172
333,M85142,Gabapentin_Tab 600mg,0408010G0AAAJAJ,4,0.004400000000000126
334,M85142,Lansoprazole_Cap 30mg (E/C Gran),0103050L0AAAAAA,3,0.011200000000000127
335,M85143,Atorvastatin_Tab 20mg,0212000B0AAABAB,77,135.34620000000004
336,M85143,Clopidogrel_Tab 75mg,0209000C0AAAAAA,36,8.785000000000002
337,M85143,Ferr Sulf_Tab 200mg,0901011P0AAACAC,7,0.019699999999999246
338,M85143,Gabapentin_Tab 600mg,0408010G0AAAJAJ,6,0.015399999999998984
339,M85143,Lansoprazole_Cap 30mg (E/C Gran),0103050L0AAAAAA,94,9.286200000000004
340,M85143,Montelukast_Tab 10mg,0303020G0AAABAB,16,48.742399999999996
341,M85143,Paracet_Tab 500mg,0407010H0AAAMAM,194,66.89280000000004
342,M85146,Atorvastatin_Tab 20mg,0212000B0AAABAB,2,0.012000000000000344
343,M85146,Ferr Sulf_Tab 200mg,0901011P0AAACAC,2,0.017999999999999267
344,M85146,Lansoprazole_Cap 30mg (E/C Gran),0103050L0AAAAAA,2,0.00860000000000015
345,M85146,Paracet_Tab 500mg,0407010H0AAAMAM,40,0.2335999999999986
346,M85149,Atorvastatin_Tab 10mg,0212000B0AAAAAA,43,11.558400000000006
347,M85149,Atorvastatin_Tab 20mg,0212000B0AAABAB,102,22.56240000000001
348,M85149,Atorvastatin_Tab 40mg,0212000B0AAACAC,206,44.41359999999999
349,M85149,Clopidogrel_Tab 75mg,0209000C0AAAAAA,45,48.472199999999994
350,M85149,Ferr Sulf_Tab 200mg,0901011P0AAACAC,66,65.64599999999999
351,M85149,Lansoprazole_Cap 30mg (E/C Gran),0103050L0AAAAAA,116,1.9376000000000106
352,M85149,Montelukast_Tab 10mg,0303020G0AAABAB,39,24.35160000000001
353,M85149,Paracet_Tab 500mg,0407010H0AAAMAM,642,28.212000000000025
354,M85153,Atorvastatin_Tab 10mg,0212000B0AAAAAA,7,0.014700000000000081
355,M85153,Clopidogrel_Tab 75mg,0209000C0AAAAAA,29,0.14209999999999984
356,M85153,Lansoprazole_Cap 30mg (E/C Gran),0103050L0AAAAAA,15,0.042000000000000474
357,M85153,Paracet_Tab 500mg,0407010H0AAAMAM,40,-0.08719999999999947
358,M85154,Atorvastatin_Tab 20mg,0212000B0AAABAB,1,0.006400000000000183
359,M85154,Paracet_Tab 500mg,0407010H0AAAMAM,24,0.13199999999999917
360,M85155,Ferr Sulf_Tab 200mg,0901011P0AAACAC,4,0.022399999999999864
361,M85155,Lansoprazole_Cap 30mg (E/C Gran),0103050L0AAAAAA,6,0.028400000000000425
362,M85155,Paracet_Tab 500mg,0407010H0AAAMAM,12,0.04639999999999972
363,M85156,Atorvastatin_Tab 10mg,0212000B0AAAAAA,4,0.008400000000000046
364,M85156,Clopidogrel_Tab 75mg,0209000C0AAAAAA,22,0.10779999999999988
365,M85156,Ferr Sulf_Tab 200mg,0901011P0AAACAC,8,0.03999999999999934
366,M85156,Gabapentin_Tab 600mg,0408010G0AAAJAJ,5,0.020999999999999144
367,M85156,Lansoprazole_Cap 30mg (E/C Gran),0103050L0AAAAAA,43,0.12600000000000142
368,M85156,Paracet_Tab 500mg,0407010H0AAAMAM,44,-0.15359999999999907
369,M85158,Ferr Sulf_Tab 200mg,0901011P0AAACAC,1,0.0059999999999997555
370,M85158,Lansoprazole_Cap 30mg (E/C Gran),0103050L0AAAAAA,4,0.011200000000000127
371,M85158,Paracet_Tab 500mg,0407010H0AAAMAM,4,0.01999999999999995
372,M85159,Atorvastatin_Tab 10mg,0212000B0AAAAAA,65,23.2151
373,M85159,Atorvastatin_Tab 20mg,0212000B0AAABAB,1,0.006000000000000172
374,M85159,Atorvastatin_Tab 40mg,0212000B0AAACAC,1,-0.0029999999999998778
375,M85159,Clopidogrel_Tab 75mg,0209000C0AAAAAA,30,0.14579999999999982
376,M85159,Ferr Sulf_Tab 200mg,0901011P0AAACAC,21,24.4392
377,M85159,Gabapentin_Tab 600mg,0408010G0AAAJAJ,1,-0.00560000000000016
378,M85159,Lansoprazole_Cap 30mg (E/C Gran),0103050L0AAAAAA,53,0.1625000000000018
379,M85159,Paracet_Tab 500mg,0407010H0AAAMAM,230,25.693600000000007
380,M85167,Atorvastatin_Tab 10mg,0212000B0AAAAAA,25,46.480000000000004
381,M85167,Clopidogrel_Tab 75mg,0209000C0AAAAAA,1,0.004899999999999995
382,M85170,Atorvastatin_Tab 20mg,0212000B0AAABAB,3,-0.008999999999999633
383,M85170,Clopidogrel_Tab 75mg,0209000C0AAAAAA,27,8.769599999999999
384,M85170,Ferr Sulf_Tab 200mg,0901011P0AAACAC,1,0.008999999999999633
385,M85170,Lansoprazole_Cap 30mg (E/C Gran),0103050L0AAAAAA,1,0.005600000000000063
386,M85170,Paracet_Tab 500mg,0407010H0AAAMAM,292,53.750800000000005
387,M85171,Atorvastatin_Tab 10mg,0212000B0AAAAAA,9,23.234399999999997
388,M85171,Clopidogrel_Tab 75mg,0209000C0AAAAAA,21,39.682399999999994
389,M85171,Ferr Sulf_Tab 200mg,0901011P0AAACAC,18,168.96600000000004
390,M85171,Lansoprazole_Cap 30mg (E/C Gran),0103050L0AAAAAA,33,-0.09239999999999624
391,M85171,Paracet_Tab 500mg,0407010H0AAAMAM,72,30.240000000000016
392,M85172,Atorvastatin_Tab 10mg,0212000B0AAAAAA,27,23.284800000000008
393,M85172,Atorvastatin_Tab 20mg,0212000B0AAABAB,123,225.58200000000002
394,M85172,Clopidogrel_Tab 75mg,0209000C0AAAAAA,4,0.01959999999999998
395,M85172,Ferr Sulf_Tab 200mg,0901011P0AAACAC,1,0.008999999999999633
396,M85172,Lansoprazole_Cap 30mg (E/C Gran),0103050L0AAAAAA,235,22.842400000000012
397,M85172,Paracet_Tab 500mg,0407010H0AAAMAM,844,81.31240000000017
398,M85174,Atorvastatin_Tab 10mg,0212000B0AAAAAA,3,-0.020999999999999873
399,M85174,Atorvastatin_Tab 40mg,0212000B0AAACAC,1,0.006000000000000172
400,M85174,Lansoprazole_Cap 30mg (E/C Gran),0103050L0AAAAAA,1,0.0028000000000000316
401,M85174,Paracet_Tab 500mg,0407010H0AAAMAM,6,0.03599999999999978
402,M85175,Atorvastatin_Tab 10mg,0212000B0AAAAAA,2,-0.0006999999999999958
403,M85175,Ferr Sulf_Tab 200mg,0901011P0AAACAC,6,0.03599999999999853
404,M85175,Gabapentin_Tab 600mg,0408010G0AAAJAJ,1,-0.00560000000000016
405,M85175,Paracet_Tab 500mg,0407010H0AAAMAM,164,-6.467999999999961
406,M85177,Atorvastatin_Tab 10mg,0212000B0AAAAAA,5,0.010500000000000058
407,M85177,Clopidogrel_Tab 75mg,0209000C0AAAAAA,1,0.001199999999999951
408,M85177,Ferr Sulf_Tab 200mg,0901011P0AAACAC,5,0.013999999999999915
409,M85177,Gabapentin_Tab 600mg,0408010G0AAAJAJ,4,0.006999999999999326
410,M85177,Lansoprazole_Cap 30mg (E/C Gran),0103050L0AAAAAA,4,0.011200000000000127
411,M85177,Paracet_Tab 500mg,0407010H0AAAMAM,10,-0.038799999999999765
412,M85179,Anastrozole_Tab 1mg,0803041B0AAAAAA,4,0.019600000000000173
413,M85179,Atorvastatin_Tab 10mg,0212000B0AAAAAA,35,0.06240000000000045
414,M85179,Clopidogrel_Tab 75mg,0209000C0AAAAAA,45,0.22049999999999975
415,M85179,Ferr Sulf_Tab 200mg,0901011P0AAACAC,10,0.02799999999999983
416,M85179,Lansoprazole_Cap 30mg (E/C Gran),0103050L0AAAAAA,71,0.20160000000000228
417,M85179,Paracet_Tab 500mg,0407010H0AAAMAM,140,-0.04479999999999973
418,M85600,Atorvastatin_Tab 20mg,0212000B0AAABAB,1,-0.003999999999999976
419,M85600,Clopidogrel_Tab 75mg,0209000C0AAAAAA,1,0.002999999999999947
420,M85600,Ferr Sulf_Tab 200mg,0901011P0AAACAC,1,0.008999999999999633
421,M85600,Gabapentin_Tab 600mg,0408010G0AAAJAJ,1,-0.00280000000000008
422,M85600,Lansoprazole_Cap 30mg (E/C Gran),0103050L0AAAAAA,6,0.0207000000000003
423,M85600,Paracet_Tab 500mg,0407010H0AAAMAM,2,-0.011199999999999932
424,M85624,Paracet_Tab 500mg,0407010H0AAAMAM,6,0.012799999999999923
425,M85642,Ferr Sulf_Tab 200mg,0901011P0AAACAC,11,0.07199999999999707
426,M85642,Gabapentin_Tab 600mg,0408010G0AAAJAJ,3,-0.014200000000000407
427,M85642,Lansoprazole_Cap 30mg (E/C Gran),0103050L0AAAAAA,1,0.0028000000000000316
428,M85642,Paracet_Tab 500mg,0407010H0AAAMAM,18,0.10799999999999935
429,M85669,Lansoprazole_Cap 30mg (E/C Gran),0103050L0AAAAAA,66,24.4104
430,M85669,Paracet_Tab 500mg,0407010H0AAAMAM,82,9.793600000000014
431,M85670,Ferr Sulf_Tab 200mg,0901011P0AAACAC,1,0.0059999999999997555
432,M85670,Gabapentin_Tab 600mg,0408010G0AAAJAJ,7,107.155
433,M85670,Montelukast_Tab 10mg,0303020G0AAABAB,14,0.9800000000000009
434,M85670,Paracet_Tab 500mg,0407010H0AAAMAM,104,-0.9263999999999942
435,M85677,Ferr Sulf_Tab 200mg,0901011P0AAACAC,2,0.011199999999999932
436,M85677,Paracet_Tab 500mg,0407010H0AAAMAM,24,0.12079999999999927
437,M85679,Ferr Sulf_Tab 200mg,0901011P0AAACAC,2,0.011999999999999511
438,M85679,Lansoprazole_Cap 30mg (E/C Gran),0103050L0AAAAAA,4,0.022400000000000253
439,M85680,Ferr Sulf_Tab 200mg,0901011P0AAACAC,4,-0.00840000000000024
440,M85680,Paracet_Tab 500mg,0407010H0AAAMAM,8,0.04799999999999971
441,M85686,Lansoprazole_Cap 30mg (E/C Gran),0103050L0AAAAAA,1,0.005600000000000063
442,M85686,Paracet_Tab 500mg,0407010H0AAAMAM,100,0.27399999999999836
443,M85689,Lansoprazole_Cap 30mg (E/C Gran),0103050L0AAAAAA,3,0.011200000000000127
444,M85689,Paracet_Tab 500mg,0407010H0AAAMAM,2,-0.011199999999999932
445,M85693,Paracet_Tab 500mg,0407010H0AAAMAM,8,0.06959999999999958
446,M85694,Gabapentin_Tab 600mg,0408010G0AAAJAJ,2,-0.00560000000000016
447,M85694,Paracet_Tab 500mg,0407010H0AAAMAM,2,-0.011199999999999932
448,M85699,Atorvastatin_Tab 10mg,0212000B0AAAAAA,1,-0.002999999999999982
449,M85699,Ferr Sulf_Tab 200mg,0901011P0AAACAC,1,0.00839999999999995
450,M85699,Lansoprazole_Cap 30mg (E/C Gran),0103050L0AAAAAA,1,0.005600000000000063
451,M85699,Paracet_Tab 500mg,0407010H0AAAMAM,66,0.3599999999999979
452,M85701,Ferr Sulf_Tab 200mg,0901011P0AAACAC,2,0.014999999999999389
453,M85701,Lansoprazole_Cap 30mg (E/C Gran),0103050L0AAAAAA,6,0.01680000000000019
454,M85701,Paracet_Tab 500mg,0407010H0AAAMAM,146,0.8571999999999949
455,M85706,Atorvastatin_Tab 10mg,0212000B0AAAAAA,9,0.01380000000000011
456,M85706,Clopidogrel_Tab 75mg,0209000C0AAAAAA,1,0.004899999999999995
457,M85706,Ferr Sulf_Tab 200mg,0901011P0AAACAC,7,0.0014999999999992103
458,M85706,Lansoprazole_Cap 30mg (E/C Gran),0103050L0AAAAAA,10,0.04340000000000056
459,M85706,Paracet_Tab 500mg,0407010H0AAAMAM,386,1.4600000000000197
460,M85711,Atorvastatin_Tab 10mg,0212000B0AAAAAA,11,0.019200000000000175
461,M85711,Clopidogrel_Tab 75mg,0209000C0AAAAAA,7,0.03429999999999996
462,M85711,Lansoprazole_Cap 30mg (E/C Gran),0103050L0AAAAAA,6,0.01960000000000022
463,M85711,Paracet_Tab 500mg,0407010H0AAAMAM,18,0.10579999999999937
464,M85713,Ferr Sulf_Tab 200mg,0901011P0AAACAC,2,0.011999999999999511
465,M85713,Gabapentin_Tab 600mg,0408010G0AAAJAJ,1,-0.00280000000000008
466,M85713,Lansoprazole_Cap 30mg (E/C Gran),0103050L0AAAAAA,3,0.011600000000000235
467,M85713,Paracet_Tab 500mg,0407010H0AAAMAM,50,0.29399999999999826
468,M85716,Atorvastatin_Tab 40mg,0212000B0AAACAC,1,0.006000000000000172
469,M85716,Lansoprazole_Cap 30mg (E/C Gran),0103050L0AAAAAA,1,0.0028000000000000316
470,M85716,Paracet_Tab 500mg,0407010H0AAAMAM,40,0.22199999999999867
471,M85717,Ferr Sulf_Tab 200mg,0901011P0AAACAC,5,0.009599999999999026
472,M85717,Gabapentin_Tab 600mg,0408010G0AAAJAJ,5,30.030000000000005
473,M85717,Lansoprazole_Cap 30mg (E/C Gran),0103050L0AAAAAA,57,3.5448000000000044
474,M85717,Montelukast_Tab 10mg,0303020G0AAABAB,13,24.388
475,M85717,Paracet_Tab 500mg,0407010H0AAAMAM,134,82.20400000000001
476,M85722,Atorvastatin_Tab 10mg,0212000B0AAAAAA,8,-0.02999999999999982
477,M85722,Atorvastatin_Tab 20mg,0212000B0AAABAB,2,0.003000000000000294
478,M85722,Atorvastatin_Tab 40mg,0212000B0AAACAC,2,0.003000000000000294
479,M85722,Clopidogrel_Tab 75mg,0209000C0AAAAAA,5,0.024499999999999973
480,M85722,Ferr Sulf_Tab 200mg,0901011P0AAACAC,4,0.032999999999998655
481,M85722,Lansoprazole_Cap 30mg (E/C Gran),0103050L0AAAAAA,2,0.00860000000000015
482,M85722,Paracet_Tab 500mg,0407010H0AAAMAM,154,0.5579999999999966
483,M85730,Clopidogrel_Tab 75mg,0209000C0AAAAAA,5,0.024499999999999973
484,M85730,Paracet_Tab 500mg,0407010H0AAAMAM,6,-0.0335999999999998
485,M85732,Clopidogrel_Tab 75mg,0209000C0AAAAAA,8,0.03919999999999996
486,M85732,Lansoprazole_Cap 30mg (E/C Gran),0103050L0AAAAAA,4,0.022400000000000253
487,M85732,Paracet_Tab 500mg,0407010H0AAAMAM,10,-0.03919999999999976
488,M85733,Lansoprazole_Cap 30mg (E/C Gran),0103050L0AAAAAA,1,0.00420000000000012
489,M85733,Paracet_Tab 500mg,0407010H0AAAMAM,10,0.05999999999999964
490,M85735,Lansoprazole_Cap 30mg (E/C Gran),0103050L0AAAAAA,1,0.005600000000000063
491,M85735,Paracet_Tab 500mg,0407010H0AAAMAM,4,0.017199999999999896
492,M85736,Atorvastatin_Tab 10mg,0212000B0AAAAAA,5,0.010500000000000058
493,M85736,Clopidogrel_Tab 75mg,0209000C0AAAAAA,23,0.11269999999999988
494,M85736,Ferr Sulf_Tab 200mg,0901011P0AAACAC,20,0.08879999999999842
495,M85736,Gabapentin_Tab 600mg,0408010G0AAAJAJ,9,0.028000000000000025
496,M85736,Lansoprazole_Cap 30mg (E/C Gran),0103050L0AAAAAA,52,0.1484000000000017
497,M85736,Paracet_Tab 500mg,0407010H0AAAMAM,20,-0.03799999999999977
498,M85739,Ferr Sulf_Tab 200mg,0901011P0AAACAC,13,0.07799999999999682
499,M85739,Lansoprazole_Cap 30mg (E/C Gran),0103050L0AAAAAA,15,0.047600000000001266
500,M85739,Paracet_Tab 500mg,0407010H0AAAMAM,24,0.023999999999999855
501,M85746,Atorvastatin_Tab 10mg,0212000B0AAAAAA,3,0.006300000000000035
502,M85746,Clopidogrel_Tab 75mg,0209000C0AAAAAA,10,0.048999999999999946
503,M85746,Ferr Sulf_Tab 200mg,0901011P0AAACAC,1,0.014999999999999389
504,M85746,Lansoprazole_Cap 30mg (E/C Gran),0103050L0AAAAAA,15,0.04500000000000056
505,M85746,Paracet_Tab 500mg,0407010H0AAAMAM,42,-0.0327999999999998
506,M85749,Ferr Sulf_Tab 200mg,0901011P0AAACAC,1,0.0059999999999997555
507,M85749,Paracet_Tab 500mg,0407010H0AAAMAM,4,0.023999999999999855
508,M85753,Paracet_Tab 500mg,0407010H0AAAMAM,6,0.012799999999999923
509,M85756,Ferr Sulf_Tab 200mg,0901011P0AAACAC,2,0.011999999999999511
510,M85756,Paracet_Tab 500mg,0407010H0AAAMAM,44,0.23599999999999854
511,M85759,Atorvastatin_Tab 10mg,0212000B0AAAAAA,22,11.6466
512,M85759,Atorvastatin_Tab 20mg,0212000B0AAABAB,69,45.20880000000001
513,M85759,Lansoprazole_Cap 30mg (E/C Gran),0103050L0AAAAAA,85,22.584800000000012
514,M85759,Paracet_Tab 500mg,0407010H0AAAMAM,314,47.24000000000003
515,M85766,Ferr Sulf_Tab 200mg,0901011P0AAACAC,2,0.011999999999999511
516,M85766,Lansoprazole_Cap 30mg (E/C Gran),0103050L0AAAAAA,4,0.022400000000000253
517,M85766,Paracet_Tab 500mg,0407010H0AAAMAM,6,0.015999999999999903
518,M85770,Atorvastatin_Tab 10mg,0212000B0AAAAAA,1,0.004199999999999975
519,M85770,Lansoprazole_Cap 30mg (E/C Gran),0103050L0AAAAAA,1,0.00420000000000012
520,M85774,Paracet_Tab 500mg,0407010H0AAAMAM,6,-0.0071999999999999564
521,M85776,Lansoprazole_Cap 30mg (E/C Gran),0103050L0AAAAAA,1,0.005600000000000063
522,M85779,Lansoprazole_Cap 30mg (E/C Gran),0103050L0AAAAAA,103,22.520599999999998
523,M85779,Paracet_Tab 500mg,0407010H0AAAMAM,86,4.737399999999993
524,M85781,Atorvastatin_Tab 10mg,0212000B0AAAAAA,1,0.004200000000000023
525,M85781,Lansoprazole_Cap 30mg (E/C Gran),0103050L0AAAAAA,1,0.005600000000000063
526,M85781,Paracet_Tab 500mg,0407010H0AAAMAM,20,0.09679999999999941
527,M85782,Paracet_Tab 500mg,0407010H0AAAMAM,8,-0.04479999999999973
528,M85783,Atorvastatin_Tab 20mg,0212000B0AAABAB,7,1.0584000000000005
529,M85783,Ferr Sulf_Tab 200mg,0901011P0AAACAC,5,0.029999999999998778
530,M85783,Gabapentin_Tab 600mg,0408010G0AAAJAJ,1,-0.00280000000000008
531,M85783,Paracet_Tab 500mg,0407010H0AAAMAM,8,0.041999999999999746
532,M85792,Ferr Sulf_Tab 200mg,0901011P0AAACAC,1,0.0059999999999997555
533,M85794,Ferr Sulf_Tab 200mg,0901011P0AAACAC,1,0.011999999999999511
534,M85794,Paracet_Tab 500mg,0407010H0AAAMAM,8,0.02799999999999983
535,M85803,Ferr Sulf_Tab 200mg,0901011P0AAACAC,5,-0.0105000000000003
536,M85803,Lansoprazole_Cap 30mg (E/C Gran),0103050L0AAAAAA,155,0.4802000000000055
537,M85803,Paracet_Tab 500mg,0407010H0AAAMAM,230,-0.24359999999999848
538,M85805,Atorvastatin_Tab 10mg,0212000B0AAAAAA,2,0.008400000000000046
539,M85805,Ferr Sulf_Tab 200mg,0901011P0AAACAC,13,0.09519999999999942
540,M85805,Gabapentin_Tab 600mg,0408010G0AAAJAJ,1,-0.00420000000000012
541,M85805,Lansoprazole_Cap 30mg (E/C Gran),0103050L0AAAAAA,13,0.07280000000000082
542,M85805,Paracet_Tab 500mg,0407010H0AAAMAM,26,-0.08119999999999951
543,M88006,Atorvastatin_Tab 10mg,0212000B0AAAAAA,1,0.004200000000000023
544,M88006,Atorvastatin_Tab 40mg,0212000B0AAACAC,1,-0.0029999999999998778
545,M88006,Ferr Sulf_Tab 200mg,0901011P0AAACAC,1,0.0059999999999997555
546,M88006,Gabapentin_Tab 600mg,0408010G0AAAJAJ,2,-0.00840000000000024
547,M88006,Lansoprazole_Cap 30mg (E/C Gran),0103050L0AAAAAA,10,0.03920000000000044
548,M88006,Paracet_Tab 500mg,0407010H0AAAMAM,38,0.18479999999999897
549,M88020,Gabapentin_Tab 600mg,0408010G0AAAJAJ,3,-0.01120000000000032
550,M88020,Lansoprazole_Cap 30mg (E/C Gran),0103050L0AAAAAA,1,0.005600000000000063
551,M88020,Montelukast_Tab 10mg,0303020G0AAABAB,23,2.5760000000000023
552,M88020,Paracet_Tab 500mg,0407010H0AAAMAM,6,0.07319999999999954
553,M89001,Atorvastatin_Tab 10mg,0212000B0AAAAAA,41,0.20339999999999875
554,M89001,Atorvastatin_Tab 20mg,0212000B0AAABAB,77,67.72720000000001
555,M89001,Atorvastatin_Tab 40mg,0212000B0AAACAC,50,44.733200000000004
556,M89001,Ferr Sulf_Tab 200mg,0901011P0AAACAC,24,190.1784
557,M89001,Paracet_Tab 500mg,0407010H0AAAMAM,52,20.006
558,M89002,Atorvastatin_Tab 10mg,0212000B0AAAAAA,61,11.614400000000002
559,M89002,Atorvastatin_Tab 20mg,0212000B0AAABAB,205,90.11800000000004
560,M89002,Atorvastatin_Tab 40mg,0212000B0AAACAC,123,22.385999999999996
561,M89002,Clopidogrel_Tab 75mg,0209000C0AAAAAA,57,8.780599999999994
562,M89002,Ferr Sulf_Tab 200mg,0901011P0AAACAC,14,42.336
563,M89002,Lansoprazole_Cap 30mg (E/C Gran),0103050L0AAAAAA,118,3.8448999999999995
564,M89002,Paracet_Tab 500mg,0407010H0AAAMAM,264,87.32160000000005
565,M89003,Anastrozole_Tab 1mg,0803041B0AAAAAA,21,123.00959999999999
566,M89003,Atorvastatin_Tab 10mg,0212000B0AAAAAA,249,22.132400000000057
567,M89003,Atorvastatin_Tab 20mg,0212000B0AAABAB,457,43.31
568,M89003,Atorvastatin_Tab 40mg,0212000B0AAACAC,13,22.255100000000002
569,M89003,Clopidogrel_Tab 75mg,0209000C0AAAAAA,10,0.04829999999999975
570,M89003,Ferr Sulf_Tab 200mg,0901011P0AAACAC,6,0.020399999999999557
571,M89003,Gabapentin_Tab 600mg,0408010G0AAAJAJ,7,25.0096
572,M89003,Lansoprazole_Cap 30mg (E/C Gran),0103050L0AAAAAA,273,90.35579999999999
573,M89003,Paracet_Tab 500mg,0407010H0AAAMAM,2010,251.3056000000001
574,M89004,Gabapentin_Tab 600mg,0408010G0AAAJAJ,7,0.029399999999998802
575,M89004,Lansoprazole_Cap 30mg (E/C Gran),0103050L0AAAAAA,16,0.06720000000000076
576,M89004,Paracet_Tab 500mg,0407010H0AAAMAM,6,-0.0335999999999998
577,M89005,Atorvastatin_Tab 10mg,0212000B0AAAAAA,1,-0.002999999999999982
578,M89005,Clopidogrel_Tab 75mg,0209000C0AAAAAA,30,17.544099999999993
579,M89005,Lansoprazole_Cap 30mg (E/C Gran),0103050L0AAAAAA,61,1.6326000000000016
580,M89005,Paracet_Tab 500mg,0407010H0AAAMAM,184,10.744799999999996
581,M89007,Atorvastatin_Tab 10mg,0212000B0AAAAAA,9,11.617199999999999
582,M89007,Atorvastatin_Tab 20mg,0212000B0AAABAB,33,22.545600000000004
583,M89007,Atorvastatin_Tab 40mg,0212000B0AAACAC,20,44.57599999999999
584,M89007,Lansoprazole_Cap 30mg (E/C Gran),0103050L0AAAAAA,39,3.6200000000000006
585,M89007,Paracet_Tab 500mg,0407010H0AAAMAM,114,34.110400000000006
586,M89008,Atorvastatin_Tab 10mg,0212000B0AAAAAA,92,11.592
587,M89008,Clopidogrel_Tab 75mg,0209000C0AAAAAA,4,0.01959999999999998
588,M89008,Gabapentin_Tab 600mg,0408010G0AAAJAJ,1,50.007999999999996
589,M89008,Lansoprazole_Cap 30mg (E/C Gran),0103050L0AAAAAA,9,0.029000000000000414
590,M89008,Paracet_Tab 500mg,0407010H0AAAMAM,20,0.08479999999999949
591,M89009,Anastrozole_Tab 1mg,0803041B0AAAAAA,22,62.2433
592,M89009,Atorvastatin_Tab 10mg,0212000B0AAAAAA,1,-0.001499999999999991
593,M89009,Clopidogrel_Tab 75mg,0209000C0AAAAAA,12,0.058799999999999936
594,M89009,Ferr Sulf_Tab 200mg,0901011P0AAACAC,91,296.06479999999993
595,M89009,Gabapentin_Tab 600mg,0408010G0AAAJAJ,4,30.004799999999996
596,M89009,Lansoprazole_Cap 30mg (E/C Gran),0103050L0AAAAAA,315,85.14240000000004
597,M89009,Montelukast_Tab 10mg,0303020G0AAABAB,37,24.346
598,M89009,Paracet_Tab 500mg,0407010H0AAAMAM,290,85.63080000000001
599,M89010,Atorvastatin_Tab 10mg,0212000B0AAAAAA,57,23.301600000000004
600,M89010,Atorvastatin_Tab 20mg,0212000B0AAABAB,86,45.27040000000002
601,M89010,Clopidogrel_Tab 75mg,0209000C0AAAAAA,1,-0.003999999999999976
602,M89010,Ferr Sulf_Tab 200mg,0901011P0AAACAC,4,0.047999999999998044
603,M89010,Lansoprazole_Cap 30mg (E/C Gran),0103050L0AAAAAA,2,0.003500000000000149
604,M89010,Paracet_Tab 500mg,0407010H0AAAMAM,208,64.29200000000003
605,M89012,Atorvastatin_Tab 20mg,0212000B0AAABAB,63,45.15840000000002
606,M89012,Ferr Sulf_Tab 200mg,0901011P0AAACAC,15,0.08999999999999633
607,M89012,Lansoprazole_Cap 30mg (E/C Gran),0103050L0AAAAAA,273,0.7735000000000218
608,M89012,Montelukast_Tab 10mg,0303020G0AAABAB,49,0.9603999999999989
609,M89012,Paracet_Tab 500mg,0407010H0AAAMAM,466,45.360399999999984
610,M89013,Atorvastatin_Tab 10mg,0212000B0AAAAAA,21,23.284799999999997
611,M89013,Atorvastatin_Tab 20mg,0212000B0AAABAB,202,495.74000000000007
612,M89013,Atorvastatin_Tab 40mg,0212000B0AAACAC,101,111.2664
613,M89013,Clopidogrel_Tab 75mg,0209000C0AAAAAA,35,8.721999999999998
614,M89013,Ferr Sulf_Tab 200mg,0901011P0AAACAC,21,67.4943
615,M89013,Gabapentin_Tab 600mg,0408010G0AAAJAJ,3,35.730000000000004
616,M89013,Lansoprazole_Cap 30mg (E/C Gran),0103050L0AAAAAA,60,5.5273
617,M89013,Paracet_Tab 500mg,0407010H0AAAMAM,154,40.09599999999999
618,M89015,Anastrozole_Tab 1mg,0803041B0AAAAAA,4,0.019600000000000173
619,M89015,Atorvastatin_Tab 10mg,0212000B0AAAAAA,76,34.826000000000015
620,M89015,Atorvastatin_Tab 20mg,0212000B0AAABAB,184,134.9824
621,M89015,Atorvastatin_Tab 40mg,0212000B0AAACAC,159,44.7132
622,M89015,Clopidogrel_Tab 75mg,0209000C0AAAAAA,104,9.172099999999997
623,M89015,Ferr Sulf_Tab 200mg,0901011P0AAACAC,67,63.437599999999996
624,M89015,Lansoprazole_Cap 30mg (E/C Gran),0103050L0AAAAAA,219,1.8858000000000128
625,M89015,Paracet_Tab 500mg,0407010H0AAAMAM,400,149.3812
626,M89016,Anastrozole_Tab 1mg,0803041B0AAAAAA,1,123.02079999999998
627,M89016,Atorvastatin_Tab 10mg,0212000B0AAAAAA,182,11.599100000000002
628,M89016,Atorvastatin_Tab 20mg,0212000B0AAABAB,1,0.00440000000000005
629,M89016,Clopidogrel_Tab 75mg,0209000C0AAAAAA,10,0.048999999999999946
630,M89016,Lansoprazole_Cap 30mg (E/C Gran),0103050L0AAAAAA,165,45.1872
631,M89016,Paracet_Tab 500mg,0407010H0AAAMAM,22,10.671600000000003
632,M89017,Anastrozole_Tab 1mg,0803041B0AAAAAA,12,0.05880000000000052
633,M89017,Atorvastatin_Tab 10mg,0212000B0AAAAAA,121,0.23860000000000142
634,M89017,Clopidogrel_Tab 75mg,0209000C0AAAAAA,124,0.6051999999999993
635,M89017,Ferr Sulf_Tab 200mg,0901011P0AAACAC,33,0.10059999999999804
636,M89017,Gabapentin_Tab 600mg,0408010G0AAAJAJ,9,-0.01680000000000048
637,M89017,Lansoprazole_Cap 30mg (E/C Gran),0103050L0AAAAAA,222,0.6434000000000074
638,M89017,Paracet_Tab 500mg,0407010H0AAAMAM,288,-0.6719999999999958
639,M89019,Atorvastatin_Tab 20mg,0212000B0AAABAB,1,-0.0029999999999998778
640,M89019,Ferr Sulf_Tab 200mg,0901011P0AAACAC,4,0.04199999999999829
641,M89019,Gabapentin_Tab 600mg,0408010G0AAAJAJ,1,-0.003000000000000086
642,M89019,Lansoprazole_Cap 30mg (E/C Gran),0103050L0AAAAAA,4,0.022400000000000253
643,M89019,Paracet_Tab 500mg,0407010H0AAAMAM,320,6.134800000000069
644,M89021,Atorvastatin_Tab 10mg,0212000B0AAAAAA,7,0.006600000000000106
645,M89021,Atorvastatin_Tab 20mg,0212000B0AAABAB,1,0.006000000000000172
646,M89021,Clopidogrel_Tab 75mg,0209000C0AAAAAA,55,0.2694999999999997
647,M89021,Gabapentin_Tab 600mg,0408010G0AAAJAJ,7,0.029399999999998802
648,M89021,Lansoprazole_Cap 30mg (E/C Gran),0103050L0AAAAAA,60,0.17920000000000202
649,M89021,Paracet_Tab 500mg,0407010H0AAAMAM,46,0.0031999999999999806
650,M89024,Ferr Sulf_Tab 200mg,0901011P0AAACAC,1,0.011999999999999511
651,M89026,Atorvastatin_Tab 20mg,0212000B0AAABAB,2,0.008600000000000246
652,M89026,Ferr Sulf_Tab 200mg,0901011P0AAACAC,1,0.0029999999999998778
653,M89026,Gabapentin_Tab 600mg,0408010G0AAAJAJ,2,-0.01120000000000032
654,M89026,Lansoprazole_Cap 30mg (E/C Gran),0103050L0AAAAAA,72,-0.27719999999998624
655,M89026,Paracet_Tab 500mg,0407010H0AAAMAM,72,22.47880000000002
656,M89027,Atorvastatin_Tab 20mg,0212000B0AAABAB,138,45.20880000000001
657,M89027,Clopidogrel_Tab 75mg,0209000C0AAAAAA,23,0.11269999999999988
658,M89027,Ferr Sulf_Tab 200mg,0901011P0AAACAC,4,-0.00840000000000024
659,M89027,Gabapentin_Tab 600mg,0408010G0AAAJAJ,1,0.004500000000000129
660,M89027,Lansoprazole_Cap 30mg (E/C Gran),0103050L0AAAAAA,38,0.13460000000000158
661,M89027,Paracet_Tab 500mg,0407010H0AAAMAM,368,11.406000000000045
662,M89028,Atorvastatin_Tab 10mg,0212000B0AAAAAA,1,-0.002999999999999982
663,M89028,Ferr Sulf_Tab 200mg,0901011P0AAACAC,4,0.022399999999999864
664,M89028,Lansoprazole_Cap 30mg (E/C Gran),0103050L0AAAAAA,1,0.005600000000000063
665,M89028,Paracet_Tab 500mg,0407010H0AAAMAM,108,-1.001599999999994
666,M89030,Lansoprazole_Cap 30mg (E/C Gran),0103050L0AAAAAA,1,0.005600000000000063
667,M89030,Paracet_Tab 500mg,0407010H0AAAMAM,42,20.78880000000001
668,M89601,Clopidogrel_Tab 75mg,0209000C0AAAAAA,4,0.01959999999999998
669,M89601,Ferr Sulf_Tab 200mg,0901011P0AAACAC,2,0.011599999999999722
670,M89601,Gabapentin_Tab 600mg,0408010G0AAAJAJ,1,-0.00560000000000016
671,M89601,Lansoprazole_Cap 30mg (E/C Gran),0103050L0AAAAAA,5,0.01680000000000019
672,M89601,Paracet_Tab 500mg,0407010H0AAAMAM,18,0.04479999999999973
673,M89602,Paracet_Tab 500mg,0407010H0AAAMAM,4,0.023999999999999855
674,M91642,Lansoprazole_Cap 30mg (E/C Gran),0103050L0AAAAAA,1,0.005600000000000063
675,M91642,Paracet_Tab 500mg,0407010H0AAAMAM,2,0.011999999999999927
676,Y00159,Atorvastatin_Tab 10mg,0212000B0AAAAAA,5,0.0015000000000001124
677,Y00159,Ferr Sulf_Tab 200mg,0901011P0AAACAC,10,0.0707999999999977
678,Y00159,Lansoprazole_Cap 30mg (E/C Gran),0103050L0AAAAAA,15,0.046600000000000544
679,Y00159,Montelukast_Tab 10mg,0303020G0AAABAB,1,0.003999999999999976
680,Y00159,Paracet_Tab 500mg,0407010H0AAAMAM,16,0.09799999999999945
681,Y00694,Atorvastatin_Tab 40mg,0212000B0AAACAC,1,0.0030000000000000165
682,Y00694,Lansoprazole_Cap 30mg (E/C Gran),0103050L0AAAAAA,11,0.061600000000000696
683,Y01068,Lansoprazole_Cap 30mg (E/C Gran),0103050L0AAAAAA,2,0.001000000000000098
684,Y01068,Paracet_Tab 500mg,0407010H0AAAMAM,34,0.163999999999999
685,Y01176,Lansoprazole_Cap 30mg (E/C Gran),0103050L0AAAAAA,1,0.005600000000000063
686,Y01746,Atorvastatin_Tab 20mg,0212000B0AAABAB,1,0.0030000000000000165
687,Y01746,Clopidogrel_Tab 75mg,0209000C0AAAAAA,1,0.004899999999999995
688,Y01746,Lansoprazole_Cap 30mg (E/C Gran),0103050L0AAAAAA,2,0.011200000000000127
689,Y01746,Paracet_Tab 500mg,0407010H0AAAMAM,12,0.041999999999999746
690,Y01866,Atorvastatin_Tab 20mg,0212000B0AAABAB,1,-0.004199999999999995
691,Y01866,Clopidogrel_Tab 75mg,0209000C0AAAAAA,1,-0.0020999999999999977
692,Y01866,Lansoprazole_Cap 30mg (E/C Gran),0103050L0AAAAAA,17,0.05870000000000047
693,Y01866,Paracet_Tab 500mg,0407010H0AAAMAM,10,0.029599999999999987
694,Y02403,Ferr Sulf_Tab 200mg,0901011P0AAACAC,2,0.004199999999999683
695,Y02403,Lansoprazole_Cap 30mg (E/C Gran),0103050L0AAAAAA,1,-0.0020999999999999144
696,Y02403,Paracet_Tab 500mg,0407010H0AAAMAM,6,-0.0335999999999998
697,Y02567,Atorvastatin_Tab 10mg,0212000B0AAAAAA,1,-0.011999999999999927
698,Y02567,Clopidogrel_Tab 75mg,0209000C0AAAAAA,2,0.002799999999999997
699,Y02567,Lansoprazole_Cap 30mg (E/C Gran),0103050L0AAAAAA,18,0.05040000000000057
700,Y02567,Paracet_Tab 500mg,0407010H0AAAMAM,8,-0.01839999999999989
701,Y02571,Atorvastatin_Tab 20mg,0212000B0AAABAB,3,0.0006000000000001005
702,Y02571,Clopidogrel_Tab 75mg,0209000C0AAAAAA,11,0.9240000000000008
703,Y02571,Gabapentin_Tab 600mg,0408010G0AAAJAJ,5,0.011199999999999155
704,Y02571,Lansoprazole_Cap 30mg (E/C Gran),0103050L0AAAAAA,15,0.04760000000000054
705,Y02571,Paracet_Tab 500mg,0407010H0AAAMAM,14,-0.04479999999999973
706,Y02615,Lansoprazole_Cap 30mg (E/C Gran),0103050L0AAAAAA,11,0.0532000000000006
707,Y02615,Paracet_Tab 500mg,0407010H0AAAMAM,8,0.0015999999999999903
708,Y02794,Ferr Sulf_Tab 200mg,0901011P0AAACAC,1,0.0059999999999997555
709,Y02794,Lansoprazole_Cap 30mg (E/C Gran),0103050L0AAAAAA,2,0.00860000000000015
710,Y02794,Paracet_Tab 500mg,0407010H0AAAMAM,20,0.10799999999999935
711,Y02893,Ferr Sulf_Tab 200mg,0901011P0AAACAC,4,0.023999999999999022
712,Y02893,Lansoprazole_Cap 30mg (E/C Gran),0103050L0AAAAAA,3,0.01680000000000019
713,Y02893,Paracet_Tab 500mg,0407010H0AAAMAM,14,0.054799999999999655
714,Y03034,Clopidogrel_Tab 75mg,0209000C0AAAAAA,1,0.004899999999999995
715,Y03034,Ferr Sulf_Tab 200mg,0901011P0AAACAC,1,0.002799999999999983
716,Y03034,Lansoprazole_Cap 30mg (E/C Gran),0103050L0AAAAAA,4,0.01960000000000022
717,Y03034,Paracet_Tab 500mg,0407010H0AAAMAM,46,-0.6348000000000003
718,Y03597,Atorvastatin_Tab 10mg,0212000B0AAAAAA,1,0.004200000000000023
719,Y03597,Ferr Sulf_Tab 200mg,0901011P0AAACAC,4,0.0269999999999989
720,Y03597,Lansoprazole_Cap 30mg (E/C Gran),0103050L0AAAAAA,3,0.011200000000000127
721,Y03597,Paracet_Tab 500mg,0407010H0AAAMAM,44,0.2439999999999985
722,Y05826,Lansoprazole_Cap 30mg (E/C Gran),0103050L0AAAAAA,2,0.0058000000000001176
723,Y05826,Paracet_Tab 500mg,0407010H0AAAMAM,6,0.03519999999999979
