,practice_code,bnf_description,bnf_code,items,excess_cost
0,M81077,Phenytoin_Sod Tab 100mg,0408010Q0AAAGAG,1,79.59839999999998
71,M81064,Mesalazine_Tab E/C 800mg,0105010B0AAASAS,1,49.19999999999999
1,M81087,Mesalazine_Tab E/C 400mg,0105010B0AAAAAA,2,47.913599999999995
2,M81070,Mesalazine_Tab E/C 400mg,0105010B0AAAAAA,1,34.224
3,M81069,Mesalazine_Tab E/C 400mg,0105010B0AAAAAA,2,23.9568
72,M81020,Mesalazine_Tab E/C 800mg,0105010B0AAASAS,1,22.959999999999994
73,M81064,Mesalazine_Tab E/C 800mg,0105010B0AAASAS,1,17.219999999999995
113,M81021,Gemfibrozil_Tab 600mg,0212000Q0AAABAB,1,15.142399999999999
74,M81001,Mesalazine_Tab E/C 800mg,0105010B0AAASAS,1,12.293999999999999
106,M81019,Topiramate_Tab 200mg,040801050AAACAC,1,4.979999999999998
107,M81092,Topiramate_Tab 200mg,040801050AAACAC,2,4.636799999999999
116,M81019,Buprenorphine_Tab Subling 400mcg S/F,0410030A0AAACAC,1,4.5696
114,M81069,Gemfibrozil_Tab 600mg,0212000Q0AAABAB,1,4.058999999999999
77,M81019,Amiodarone HCl_Tab 200mg,0203020D0AAABAB,5,3.500000000000003
6,M81019,Clonazepam_Tab 500mcg,0408010F0AAABAB,2,3.389999999999993
123,M81055,Levothyrox Sod_Tab 12.5mcg,0602010V0AAGHGH,5,2.8000000000000025
7,M81019,Clonazepam_Tab 500mcg,0408010F0AAABAB,2,2.531199999999995
109,M81083,Topiramate_Tab 200mg,040801050AAACAC,1,2.489999999999999
110,M81077,Topiramate_Tab 200mg,040801050AAACAC,1,2.489999999999999
108,M81002,Topiramate_Tab 200mg,040801050AAACAC,1,2.489999999999999
111,M81070,Topiramate_Tab 200mg,040801050AAACAC,1,2.3183999999999996
117,M81092,Buprenorphine_Tab Subling 400mcg S/F,0410030A0AAACAC,1,2.2848
8,M81002,Clonazepam_Tab 500mcg,0408010F0AAABAB,1,2.2599999999999953
9,M81092,Clonazepam_Tab 500mcg,0408010F0AAABAB,1,2.2599999999999953
10,M81041,Clonazepam_Tab 500mcg,0408010F0AAABAB,2,2.2599999999999953
11,M81020,Clonazepam_Tab 500mcg,0408010F0AAABAB,2,2.2599999999999953
12,M81019,Clonazepam_Tab 500mcg,0408010F0AAABAB,1,2.033999999999996
14,M81041,Clonazepam_Tab 500mcg,0408010F0AAABAB,3,1.898399999999996
15,M81002,Clonazepam_Tab 500mcg,0408010F0AAABAB,3,1.898399999999996
13,M81083,Clonazepam_Tab 500mcg,0408010F0AAABAB,1,1.898399999999996
16,M81089,Clonazepam_Tab 500mcg,0408010F0AAABAB,1,1.898399999999996
78,M81605,Amiodarone HCl_Tab 200mg,0203020D0AAABAB,5,1.7500000000000016
17,M81078,Clonazepam_Tab 500mcg,0408010F0AAABAB,1,1.6949999999999965
124,M81089,Levothyrox Sod_Tab 12.5mcg,0602010V0AAGHGH,3,1.6800000000000015
125,M81001,Levothyrox Sod_Tab 12.5mcg,0602010V0AAGHGH,3,1.6800000000000015
18,M81021,Clonazepam_Tab 500mcg,0408010F0AAABAB,1,1.5819999999999967
19,M81082,Clonazepam_Tab 500mcg,0408010F0AAABAB,1,1.5819999999999967
118,M81616,Buprenorphine_Tab Subling 400mcg S/F,0410030A0AAACAC,2,1.5232
119,M81617,Buprenorphine_Tab Subling 400mcg S/F,0410030A0AAACAC,1,1.5232
136,M81055,Diltiazem HCl_Tab 60mg M/R,0206020C0AAAAAA,2,1.478400000000005
79,M81041,Amiodarone HCl_Tab 200mg,0203020D0AAABAB,1,1.4000000000000012
20,M81019,Clonazepam_Tab 500mcg,0408010F0AAABAB,1,1.3559999999999972
29,M81064,Clonazepam_Tab 500mcg,0408010F0AAABAB,1,1.2655999999999974
22,M81001,Clonazepam_Tab 500mcg,0408010F0AAABAB,2,1.2655999999999974
26,M81082,Clonazepam_Tab 500mcg,0408010F0AAABAB,2,1.2655999999999974
27,M81078,Clonazepam_Tab 500mcg,0408010F0AAABAB,1,1.2655999999999974
28,M81077,Clonazepam_Tab 500mcg,0408010F0AAABAB,1,1.2655999999999974
23,M81055,Clonazepam_Tab 500mcg,0408010F0AAABAB,2,1.2655999999999974
30,M81070,Clonazepam_Tab 500mcg,0408010F0AAABAB,1,1.2655999999999974
31,M81001,Clonazepam_Tab 500mcg,0408010F0AAABAB,1,1.2655999999999974
25,M81002,Clonazepam_Tab 500mcg,0408010F0AAABAB,1,1.2655999999999974
24,M81082,Clonazepam_Tab 500mcg,0408010F0AAABAB,1,1.2655999999999974
21,M81021,Clonazepam_Tab 500mcg,0408010F0AAABAB,2,1.2655999999999974
112,M81077,Topiramate_Tab 200mg,040801050AAACAC,1,1.1647999999999992
120,M81617,Buprenorphine_Tab Subling 400mcg S/F,0410030A0AAACAC,1,1.1424
32,M81084,Clonazepam_Tab 500mcg,0408010F0AAABAB,1,1.1299999999999977
33,M81077,Clonazepam_Tab 500mcg,0408010F0AAABAB,1,1.1299999999999977
34,M81078,Clonazepam_Tab 500mcg,0408010F0AAABAB,1,1.1299999999999977
126,M81020,Levothyrox Sod_Tab 12.5mcg,0602010V0AAGHGH,2,1.120000000000001
137,M81064,Diltiazem HCl_Tab 60mg M/R,0206020C0AAAAAA,1,1.1088000000000038
80,M81064,Amiodarone HCl_Tab 200mg,0203020D0AAABAB,1,1.050000000000001
81,M81001,Amiodarone HCl_Tab 200mg,0203020D0AAABAB,3,1.050000000000001
82,M81092,Amiodarone HCl_Tab 200mg,0203020D0AAABAB,1,1.050000000000001
138,M81002,Diltiazem HCl_Tab 60mg M/R,0206020C0AAAAAA,1,0.9856000000000034
35,M81041,Clonazepam_Tab 500mcg,0408010F0AAABAB,3,0.949199999999998
37,M81605,Clonazepam_Tab 500mcg,0408010F0AAABAB,3,0.949199999999998
38,M81064,Clonazepam_Tab 500mcg,0408010F0AAABAB,1,0.949199999999998
39,M81070,Clonazepam_Tab 500mcg,0408010F0AAABAB,1,0.949199999999998
36,M81002,Clonazepam_Tab 500mcg,0408010F0AAABAB,1,0.949199999999998
127,M81001,Levothyrox Sod_Tab 12.5mcg,0602010V0AAGHGH,3,0.8400000000000007
121,M81616,Buprenorphine_Tab Subling 400mcg S/F,0410030A0AAACAC,2,0.7616
139,M81019,Diltiazem HCl_Tab 60mg M/R,0206020C0AAAAAA,1,0.7392000000000025
142,M81064,Diltiazem HCl_Tab 60mg M/R,0206020C0AAAAAA,1,0.7392000000000025
141,M81617,Diltiazem HCl_Tab 60mg M/R,0206020C0AAAAAA,1,0.7392000000000025
140,M81025,Diltiazem HCl_Tab 60mg M/R,0206020C0AAAAAA,1,0.7392000000000025
86,M81025,Amiodarone HCl_Tab 200mg,0203020D0AAABAB,2,0.7000000000000006
93,M81092,Amiodarone HCl_Tab 200mg,0203020D0AAABAB,1,0.7000000000000006
87,M81084,Amiodarone HCl_Tab 200mg,0203020D0AAABAB,1,0.7000000000000006
92,M81041,Amiodarone HCl_Tab 200mg,0203020D0AAABAB,1,0.7000000000000006
88,M81070,Amiodarone HCl_Tab 200mg,0203020D0AAABAB,1,0.7000000000000006
89,M81083,Amiodarone HCl_Tab 200mg,0203020D0AAABAB,1,0.7000000000000006
90,M81001,Amiodarone HCl_Tab 200mg,0203020D0AAABAB,1,0.7000000000000006
91,M81617,Amiodarone HCl_Tab 200mg,0203020D0AAABAB,1,0.7000000000000006
85,M81055,Amiodarone HCl_Tab 200mg,0203020D0AAABAB,1,0.7000000000000006
84,M81020,Amiodarone HCl_Tab 200mg,0203020D0AAABAB,1,0.7000000000000006
83,M81082,Amiodarone HCl_Tab 200mg,0203020D0AAABAB,1,0.7000000000000006
40,M81084,Clonazepam_Tab 500mcg,0408010F0AAABAB,1,0.6779999999999986
41,M81083,Clonazepam_Tab 500mcg,0408010F0AAABAB,1,0.6779999999999986
42,M81001,Clonazepam_Tab 500mcg,0408010F0AAABAB,1,0.6779999999999986
54,M81077,Clonazepam_Tab 500mcg,0408010F0AAABAB,1,0.6327999999999987
43,M81083,Clonazepam_Tab 500mcg,0408010F0AAABAB,2,0.6327999999999987
44,M81087,Clonazepam_Tab 500mcg,0408010F0AAABAB,1,0.6327999999999987
45,M81077,Clonazepam_Tab 500mcg,0408010F0AAABAB,2,0.6327999999999987
46,M81078,Clonazepam_Tab 500mcg,0408010F0AAABAB,2,0.6327999999999987
47,M81070,Clonazepam_Tab 500mcg,0408010F0AAABAB,1,0.6327999999999987
48,M81083,Clonazepam_Tab 500mcg,0408010F0AAABAB,1,0.6327999999999987
49,M81001,Clonazepam_Tab 500mcg,0408010F0AAABAB,2,0.6327999999999987
50,M81078,Clonazepam_Tab 500mcg,0408010F0AAABAB,1,0.6327999999999987
51,M81025,Clonazepam_Tab 500mcg,0408010F0AAABAB,1,0.6327999999999987
52,M81002,Clonazepam_Tab 500mcg,0408010F0AAABAB,2,0.6327999999999987
53,M81089,Clonazepam_Tab 500mcg,0408010F0AAABAB,2,0.6327999999999987
128,M81002,Levothyrox Sod_Tab 12.5mcg,0602010V0AAGHGH,1,0.5600000000000005
131,M81077,Levothyrox Sod_Tab 12.5mcg,0602010V0AAGHGH,1,0.5600000000000005
129,M81077,Levothyrox Sod_Tab 12.5mcg,0602010V0AAGHGH,2,0.5600000000000005
130,M81092,Levothyrox Sod_Tab 12.5mcg,0602010V0AAGHGH,1,0.5600000000000005
132,M81055,Levothyrox Sod_Tab 12.5mcg,0602010V0AAGHGH,2,0.5600000000000005
143,M81001,Diltiazem HCl_Tab 60mg M/R,0206020C0AAAAAA,3,0.5544000000000019
144,M81069,Diltiazem HCl_Tab 60mg M/R,0206020C0AAAAAA,1,0.5280000000000018
149,M81055,Diltiazem HCl_Tab 60mg M/R,0206020C0AAAAAA,1,0.5040000000000004
148,M81025,Diltiazem HCl_Tab 60mg M/R,0206020C0AAAAAA,1,0.5040000000000004
147,M81092,Diltiazem HCl_Tab 60mg M/R,0206020C0AAAAAA,1,0.5040000000000004
146,M81019,Diltiazem HCl_Tab 60mg M/R,0206020C0AAAAAA,1,0.5040000000000004
145,M81069,Diltiazem HCl_Tab 60mg M/R,0206020C0AAAAAA,1,0.5040000000000004
150,M81019,Diltiazem HCl_Tab 60mg M/R,0206020C0AAAAAA,2,0.4928000000000017
133,M81092,Levothyrox Sod_Tab 12.5mcg,0602010V0AAGHGH,7,0.49000000000000044
55,M81041,Clonazepam_Tab 500mcg,0408010F0AAABAB,1,0.474599999999999
56,M81082,Clonazepam_Tab 500mcg,0408010F0AAABAB,4,0.37759999999999927
151,M81055,Diltiazem HCl_Tab 60mg M/R,0206020C0AAAAAA,1,0.36960000000000126
98,M81084,Amiodarone HCl_Tab 200mg,0203020D0AAABAB,1,0.3500000000000003
94,M81020,Amiodarone HCl_Tab 200mg,0203020D0AAABAB,1,0.3500000000000003
95,M81070,Amiodarone HCl_Tab 200mg,0203020D0AAABAB,1,0.3500000000000003
96,M81021,Amiodarone HCl_Tab 200mg,0203020D0AAABAB,1,0.3500000000000003
97,M81616,Amiodarone HCl_Tab 200mg,0203020D0AAABAB,1,0.3500000000000003
101,M81092,Amiodarone HCl_Tab 200mg,0203020D0AAABAB,1,0.3500000000000003
100,M81078,Amiodarone HCl_Tab 200mg,0203020D0AAABAB,1,0.3500000000000003
99,M81077,Amiodarone HCl_Tab 200mg,0203020D0AAABAB,1,0.3500000000000003
59,M81002,Clonazepam_Tab 500mcg,0408010F0AAABAB,1,0.3389999999999993
57,M81019,Clonazepam_Tab 500mcg,0408010F0AAABAB,1,0.3389999999999993
58,M81092,Clonazepam_Tab 500mcg,0408010F0AAABAB,1,0.3389999999999993
60,M81077,Clonazepam_Tab 500mcg,0408010F0AAABAB,1,0.3389999999999993
102,M81082,Amiodarone HCl_Tab 200mg,0203020D0AAABAB,4,0.3388
67,M81082,Clonazepam_Tab 500mcg,0408010F0AAABAB,1,0.31639999999999935
61,M81064,Clonazepam_Tab 500mcg,0408010F0AAABAB,1,0.31639999999999935
62,M81055,Clonazepam_Tab 500mcg,0408010F0AAABAB,1,0.31639999999999935
63,M81069,Clonazepam_Tab 500mcg,0408010F0AAABAB,4,0.31639999999999935
64,M81064,Clonazepam_Tab 500mcg,0408010F0AAABAB,2,0.31639999999999935
65,M81087,Clonazepam_Tab 500mcg,0408010F0AAABAB,1,0.31639999999999935
66,M81092,Clonazepam_Tab 500mcg,0408010F0AAABAB,1,0.31639999999999935
134,M81092,Levothyrox Sod_Tab 12.5mcg,0602010V0AAGHGH,1,0.28000000000000025
135,M81087,Levothyrox Sod_Tab 12.5mcg,0602010V0AAGHGH,4,0.28000000000000025
68,M81082,Clonazepam_Tab 500mcg,0408010F0AAABAB,4,0.25439999999999996
103,M81025,Amiodarone HCl_Tab 200mg,0203020D0AAABAB,3,0.2541
152,M81020,Diltiazem HCl_Tab 60mg M/R,0206020C0AAAAAA,1,0.24640000000000084
153,M81055,Diltiazem HCl_Tab 60mg M/R,0206020C0AAAAAA,1,0.24640000000000084
154,M81089,Diltiazem HCl_Tab 60mg M/R,0206020C0AAAAAA,1,0.24640000000000084
122,M81616,Buprenorphine_Tab Subling 400mcg S/F,0410030A0AAACAC,1,0.1904
70,M81002,Clonazepam_Tab 500mcg,0408010F0AAABAB,1,0.15819999999999967
69,M81077,Clonazepam_Tab 500mcg,0408010F0AAABAB,1,0.15819999999999967
104,M81605,Amiodarone HCl_Tab 200mg,0203020D0AAABAB,1,0.1161000000000002
105,M81084,Amiodarone HCl_Tab 200mg,0203020D0AAABAB,1,0.0847
115,M81069,Gemfibrozil_Tab 600mg,0212000Q0AAABAB,1,0.0029999999999996696
75,M81001,Mesalazine_Tab E/C 800mg,0105010B0AAASAS,1,-0.005999999999999339
4,M81089,Mesalazine_Tab E/C 400mg,0105010B0AAAAAA,1,-11.978399999999999
5,M81069,Mesalazine_Tab E/C 400mg,0105010B0AAAAAA,2,-23.95679999999999
76,M81041,Mesalazine_Tab E/C 800mg,0105010B0AAASAS,1,-36.89999999999999
