,practice_code,bnf_description,bnf_code,items,excess_cost
112,G81053,Gabapentin_Cap 300mg,0408010G0AAABAB,1,105.10079999999999
276,G81088,Pregabalin_Cap 100mg,0408010AEAAADAD,3,85.3524
291,G81021,Memantine HCl_Tab 20mg,0411000G0AAADAD,1,63.89880000000001
300,G81100,Pregabalin_Cap 25mg,0408010AEAAAAAA,16,56.35839999999999
0,G81040,Paracet_Tab 500mg,0407010H0AAAMAM,15,49.2
1,G81040,Paracet_Tab 500mg,0407010H0AAAMAM,15,49.2
287,G81037,Montelukast_Tab 10mg,0303020G0AAABAB,7,48.764799999999994
289,G81045,Escitalopram_Tab 20mg,0403030X0AAABAB,4,44.766400000000004
352,G81102,Celecoxib_Cap 100mg,1001010AHAAAAAA,1,36.564
313,G81053,Sertraline HCl_Tab 100mg,0403030Q0AAABAB,30,26.964000000000002
314,G81088,Sertraline HCl_Tab 100mg,0403030Q0AAABAB,77,26.949999999999996
288,G81053,Montelukast_Tab 10mg,0303020G0AAABAB,6,24.376800000000003
290,G81024,Escitalopram_Tab 20mg,0403030X0AAABAB,24,22.377600000000008
2,G81088,Paracet_Tab 500mg,0407010H0AAAMAM,31,19.84000000000001
3,G81088,Paracet_Tab 500mg,0407010H0AAAMAM,31,19.84000000000001
353,G81045,Celecoxib_Cap 100mg,1001010AHAAAAAA,4,18.287999999999997
113,G81037,Gabapentin_Cap 300mg,0408010G0AAABAB,5,15.650000000000004
4,G81024,Paracet_Tab 500mg,0407010H0AAAMAM,4,11.1888
5,G81024,Paracet_Tab 500mg,0407010H0AAAMAM,4,11.1888
6,G81100,Paracet_Tab 500mg,0407010H0AAAMAM,33,11.08800000000001
7,G81100,Paracet_Tab 500mg,0407010H0AAAMAM,33,11.08800000000001
8,G81100,Paracet_Tab 500mg,0407010H0AAAMAM,37,10.360000000000014
9,G81100,Paracet_Tab 500mg,0407010H0AAAMAM,37,10.360000000000014
10,G81040,Paracet_Tab 500mg,0407010H0AAAMAM,34,10.199999999999998
11,G81040,Paracet_Tab 500mg,0407010H0AAAMAM,34,10.199999999999998
13,G81053,Paracet_Tab 500mg,0407010H0AAAMAM,23,10.120000000000003
12,G81053,Paracet_Tab 500mg,0407010H0AAAMAM,23,10.120000000000003
14,G81614,Paracet_Tab 500mg,0407010H0AAAMAM,18,10.080000000000002
15,G81614,Paracet_Tab 500mg,0407010H0AAAMAM,18,10.080000000000002
17,G81053,Paracet_Tab 500mg,0407010H0AAAMAM,89,9.790000000000003
16,G81053,Paracet_Tab 500mg,0407010H0AAAMAM,89,9.790000000000003
18,G81088,Paracet_Tab 500mg,0407010H0AAAMAM,136,9.519999999999989
19,G81088,Paracet_Tab 500mg,0407010H0AAAMAM,136,9.519999999999989
20,G81100,Paracet_Tab 500mg,0407010H0AAAMAM,136,8.159999999999998
21,G81100,Paracet_Tab 500mg,0407010H0AAAMAM,136,8.159999999999998
23,G81053,Paracet_Tab 500mg,0407010H0AAAMAM,4,7.056
22,G81053,Paracet_Tab 500mg,0407010H0AAAMAM,4,7.056
25,G81614,Paracet_Tab 500mg,0407010H0AAAMAM,43,5.159999999999998
24,G81614,Paracet_Tab 500mg,0407010H0AAAMAM,43,5.159999999999998
27,G81021,Paracet_Tab 500mg,0407010H0AAAMAM,62,4.960000000000013
26,G81021,Paracet_Tab 500mg,0407010H0AAAMAM,62,4.960000000000013
177,G81088,Clonazepam_Tab 500mcg,0408010F0AAABAB,3,3.389999999999993
178,G81019,Clonazepam_Tab 500mcg,0408010F0AAABAB,5,3.1639999999999935
179,G81088,Clonazepam_Tab 500mcg,0408010F0AAABAB,5,3.1639999999999935
181,G81019,Clonazepam_Tab 500mcg,0408010F0AAABAB,9,2.847599999999994
180,G81088,Clonazepam_Tab 500mcg,0408010F0AAABAB,9,2.847599999999994
184,G81043,Clonazepam_Tab 500mcg,0408010F0AAABAB,1,2.531199999999995
183,G81055,Clonazepam_Tab 500mcg,0408010F0AAABAB,4,2.531199999999995
182,G81035,Clonazepam_Tab 500mcg,0408010F0AAABAB,4,2.531199999999995
187,G81055,Clonazepam_Tab 500mcg,0408010F0AAABAB,1,2.2599999999999953
189,G81030,Clonazepam_Tab 500mcg,0408010F0AAABAB,2,2.2599999999999953
188,G81019,Clonazepam_Tab 500mcg,0408010F0AAABAB,2,2.2599999999999953
186,G81035,Clonazepam_Tab 500mcg,0408010F0AAABAB,2,2.2599999999999953
185,G81100,Clonazepam_Tab 500mcg,0408010F0AAABAB,1,2.2599999999999953
191,G81100,Clonazepam_Tab 500mcg,0408010F0AAABAB,1,2.2147999999999954
190,G81043,Clonazepam_Tab 500mcg,0408010F0AAABAB,7,2.2147999999999954
192,G81088,Clonazepam_Tab 500mcg,0408010F0AAABAB,6,2.033999999999996
193,G81086,Clonazepam_Tab 500mcg,0408010F0AAABAB,3,2.033999999999996
194,G81055,Clonazepam_Tab 500mcg,0408010F0AAABAB,1,1.898399999999996
195,G81086,Clonazepam_Tab 500mcg,0408010F0AAABAB,4,1.898399999999996
196,G81045,Clonazepam_Tab 500mcg,0408010F0AAABAB,1,1.898399999999996
197,G81055,Clonazepam_Tab 500mcg,0408010F0AAABAB,6,1.898399999999996
198,G81100,Clonazepam_Tab 500mcg,0408010F0AAABAB,6,1.898399999999996
199,G81100,Clonazepam_Tab 500mcg,0408010F0AAABAB,4,1.898399999999996
29,G81045,Paracet_Tab 500mg,0407010H0AAAMAM,54,1.620000000000009
28,G81045,Paracet_Tab 500mg,0407010H0AAAMAM,54,1.620000000000009
200,G81016,Clonazepam_Tab 500mcg,0408010F0AAABAB,5,1.5819999999999967
202,G81061,Clonazepam_Tab 500mcg,0408010F0AAABAB,5,1.5819999999999967
201,G81007,Clonazepam_Tab 500mcg,0408010F0AAABAB,1,1.5819999999999967
203,G81016,Clonazepam_Tab 500mcg,0408010F0AAABAB,1,1.3559999999999972
209,G81055,Clonazepam_Tab 500mcg,0408010F0AAABAB,1,1.2655999999999974
208,G81016,Clonazepam_Tab 500mcg,0408010F0AAABAB,2,1.2655999999999974
207,G81055,Clonazepam_Tab 500mcg,0408010F0AAABAB,8,1.2655999999999974
206,G81043,Clonazepam_Tab 500mcg,0408010F0AAABAB,2,1.2655999999999974
204,G81102,Clonazepam_Tab 500mcg,0408010F0AAABAB,2,1.2655999999999974
205,G81021,Clonazepam_Tab 500mcg,0408010F0AAABAB,1,1.2655999999999974
212,G81030,Clonazepam_Tab 500mcg,0408010F0AAABAB,1,1.2655999999999974
211,G81016,Clonazepam_Tab 500mcg,0408010F0AAABAB,1,1.2655999999999974
210,G81021,Clonazepam_Tab 500mcg,0408010F0AAABAB,4,1.2655999999999974
213,G81055,Clonazepam_Tab 500mcg,0408010F0AAABAB,15,1.1864999999999974
214,G81035,Clonazepam_Tab 500mcg,0408010F0AAABAB,2,1.1399999999999966
219,G81045,Clonazepam_Tab 500mcg,0408010F0AAABAB,1,1.1299999999999977
215,G81614,Clonazepam_Tab 500mcg,0408010F0AAABAB,1,1.1299999999999977
216,G81021,Clonazepam_Tab 500mcg,0408010F0AAABAB,1,1.1299999999999977
217,G81100,Clonazepam_Tab 500mcg,0408010F0AAABAB,1,1.1299999999999977
218,G81055,Clonazepam_Tab 500mcg,0408010F0AAABAB,1,1.1299999999999977
220,G81043,Clonazepam_Tab 500mcg,0408010F0AAABAB,1,1.1299999999999977
221,G81055,Clonazepam_Tab 500mcg,0408010F0AAABAB,3,1.016999999999998
228,G81055,Clonazepam_Tab 500mcg,0408010F0AAABAB,1,0.949199999999998
229,G81061,Clonazepam_Tab 500mcg,0408010F0AAABAB,1,0.949199999999998
222,G81100,Clonazepam_Tab 500mcg,0408010F0AAABAB,4,0.949199999999998
223,G81016,Clonazepam_Tab 500mcg,0408010F0AAABAB,1,0.949199999999998
224,G81086,Clonazepam_Tab 500mcg,0408010F0AAABAB,1,0.949199999999998
225,G81035,Clonazepam_Tab 500mcg,0408010F0AAABAB,3,0.949199999999998
226,G81040,Clonazepam_Tab 500mcg,0408010F0AAABAB,1,0.949199999999998
227,G81102,Clonazepam_Tab 500mcg,0408010F0AAABAB,6,0.949199999999998
315,G81086,Sertraline HCl_Tab 100mg,0403030Q0AAABAB,35,0.8819999999999981
230,G81100,Clonazepam_Tab 500mcg,0408010F0AAABAB,2,0.7909999999999984
233,G81086,Clonazepam_Tab 500mcg,0408010F0AAABAB,5,0.7909999999999984
232,G81019,Clonazepam_Tab 500mcg,0408010F0AAABAB,5,0.7909999999999984
231,G81614,Clonazepam_Tab 500mcg,0408010F0AAABAB,5,0.7909999999999984
234,G81040,Clonazepam_Tab 500mcg,0408010F0AAABAB,8,0.7391999999999985
235,G81021,Clonazepam_Tab 500mcg,0408010F0AAABAB,3,0.7118999999999985
240,G81024,Clonazepam_Tab 500mcg,0408010F0AAABAB,1,0.6779999999999986
239,G81102,Clonazepam_Tab 500mcg,0408010F0AAABAB,1,0.6779999999999986
238,G81100,Clonazepam_Tab 500mcg,0408010F0AAABAB,1,0.6779999999999986
236,G81043,Clonazepam_Tab 500mcg,0408010F0AAABAB,1,0.6779999999999986
237,G81019,Clonazepam_Tab 500mcg,0408010F0AAABAB,1,0.6779999999999986
247,G81007,Clonazepam_Tab 500mcg,0408010F0AAABAB,1,0.6327999999999987
252,G81088,Clonazepam_Tab 500mcg,0408010F0AAABAB,4,0.6327999999999987
246,G81030,Clonazepam_Tab 500mcg,0408010F0AAABAB,1,0.6327999999999987
241,G81021,Clonazepam_Tab 500mcg,0408010F0AAABAB,1,0.6327999999999987
242,G81053,Clonazepam_Tab 500mcg,0408010F0AAABAB,1,0.6327999999999987
243,G81024,Clonazepam_Tab 500mcg,0408010F0AAABAB,8,0.6327999999999987
248,G81040,Clonazepam_Tab 500mcg,0408010F0AAABAB,2,0.6327999999999987
251,G81024,Clonazepam_Tab 500mcg,0408010F0AAABAB,2,0.6327999999999987
250,G81045,Clonazepam_Tab 500mcg,0408010F0AAABAB,1,0.6327999999999987
249,G81100,Clonazepam_Tab 500mcg,0408010F0AAABAB,1,0.6327999999999987
244,G81045,Clonazepam_Tab 500mcg,0408010F0AAABAB,2,0.6327999999999987
245,G81102,Clonazepam_Tab 500mcg,0408010F0AAABAB,2,0.6327999999999987
253,G81088,Clonazepam_Tab 500mcg,0408010F0AAABAB,3,0.6047999999999993
254,G81043,Clonazepam_Tab 500mcg,0408010F0AAABAB,1,0.5699999999999983
255,G81053,Clonazepam_Tab 500mcg,0408010F0AAABAB,3,0.474599999999999
256,G81024,Clonazepam_Tab 500mcg,0408010F0AAABAB,3,0.474599999999999
257,G81045,Clonazepam_Tab 500mcg,0408010F0AAABAB,1,0.474599999999999
258,G81088,Clonazepam_Tab 500mcg,0408010F0AAABAB,5,0.3954999999999992
259,G81102,Clonazepam_Tab 500mcg,0408010F0AAABAB,5,0.3954999999999992
260,G81045,Clonazepam_Tab 500mcg,0408010F0AAABAB,4,0.37759999999999927
262,G81100,Clonazepam_Tab 500mcg,0408010F0AAABAB,1,0.3389999999999993
263,G81043,Clonazepam_Tab 500mcg,0408010F0AAABAB,1,0.3389999999999993
261,G81045,Clonazepam_Tab 500mcg,0408010F0AAABAB,1,0.3389999999999993
264,G81007,Clonazepam_Tab 500mcg,0408010F0AAABAB,1,0.31639999999999935
265,G81035,Clonazepam_Tab 500mcg,0408010F0AAABAB,4,0.31639999999999935
266,G81030,Clonazepam_Tab 500mcg,0408010F0AAABAB,1,0.31639999999999935
267,G81035,Clonazepam_Tab 500mcg,0408010F0AAABAB,1,0.2735999999999992
268,G81045,Clonazepam_Tab 500mcg,0408010F0AAABAB,4,0.25439999999999996
269,G81040,Clonazepam_Tab 500mcg,0408010F0AAABAB,1,0.2372999999999995
270,G81614,Clonazepam_Tab 500mcg,0408010F0AAABAB,3,0.2372999999999995
271,G81030,Clonazepam_Tab 500mcg,0408010F0AAABAB,1,0.15819999999999967
272,G81037,Clonazepam_Tab 500mcg,0408010F0AAABAB,1,0.11599999999999999
273,G81102,Clonazepam_Tab 500mcg,0408010F0AAABAB,1,0.11599999999999999
274,G81061,Clonazepam_Tab 500mcg,0408010F0AAABAB,1,0.11599999999999999
31,G81037,Paracet_Tab 500mg,0407010H0AAAMAM,17,0.09519999999999942
30,G81037,Paracet_Tab 500mg,0407010H0AAAMAM,17,0.09519999999999942
33,G81021,Paracet_Tab 500mg,0407010H0AAAMAM,2,0.0900000000000005
32,G81021,Paracet_Tab 500mg,0407010H0AAAMAM,2,0.0900000000000005
292,G81024,Memantine HCl_Tab 20mg,0411000G0AAADAD,18,0.0881999999999999
34,G81024,Paracet_Tab 500mg,0407010H0AAAMAM,19,0.07979999999999951
35,G81024,Paracet_Tab 500mg,0407010H0AAAMAM,19,0.07979999999999951
293,G81102,Memantine HCl_Tab 20mg,0411000G0AAADAD,14,0.06859999999999992
275,G81035,Clonazepam_Tab 500mcg,0408010F0AAABAB,1,0.057999999999999996
317,G81102,Sertraline HCl_Tab 100mg,0403030Q0AAABAB,12,0.05040000000000028
316,G81614,Sertraline HCl_Tab 100mg,0403030Q0AAABAB,24,0.05040000000000028
301,G81037,Pregabalin_Cap 25mg,0408010AEAAAAAA,12,0.05039999999999911
114,G81102,Gabapentin_Cap 300mg,0408010G0AAABAB,23,0.048300000000001383
318,G81037,Sertraline HCl_Tab 100mg,0403030Q0AAABAB,21,0.04410000000000024
116,G81102,Gabapentin_Cap 300mg,0408010G0AAABAB,10,0.0420000000000012
115,G81035,Gabapentin_Cap 300mg,0408010G0AAABAB,15,0.0420000000000012
277,G81016,Pregabalin_Cap 100mg,0408010AEAAADAD,6,0.03780000000000108
117,G81035,Gabapentin_Cap 300mg,0408010G0AAABAB,9,0.03780000000000108
319,G81102,Sertraline HCl_Tab 100mg,0403030Q0AAABAB,17,0.0357000000000002
278,G81037,Pregabalin_Cap 100mg,0408010AEAAADAD,7,0.0343000000000003
118,G81614,Gabapentin_Cap 300mg,0408010G0AAABAB,16,0.03360000000000096
323,G81088,Sertraline HCl_Tab 100mg,0403030Q0AAABAB,8,0.033600000000000185
324,G81035,Sertraline HCl_Tab 100mg,0403030Q0AAABAB,16,0.033600000000000185
322,G81019,Sertraline HCl_Tab 100mg,0403030Q0AAABAB,16,0.033600000000000185
321,G81035,Sertraline HCl_Tab 100mg,0403030Q0AAABAB,8,0.033600000000000185
320,G81024,Sertraline HCl_Tab 100mg,0403030Q0AAABAB,16,0.033600000000000185
325,G81061,Sertraline HCl_Tab 100mg,0403030Q0AAABAB,16,0.033600000000000185
38,G81035,Paracet_Tab 500mg,0407010H0AAAMAM,12,0.0335999999999998
39,G81614,Paracet_Tab 500mg,0407010H0AAAMAM,12,0.0335999999999998
37,G81035,Paracet_Tab 500mg,0407010H0AAAMAM,12,0.0335999999999998
36,G81614,Paracet_Tab 500mg,0407010H0AAAMAM,12,0.0335999999999998
302,G81043,Pregabalin_Cap 25mg,0408010AEAAAAAA,8,0.03359999999999941
279,G81102,Pregabalin_Cap 100mg,0408010AEAAADAD,5,0.0315000000000009
119,G81102,Gabapentin_Cap 300mg,0408010G0AAABAB,9,0.0315000000000009
120,G81053,Gabapentin_Cap 300mg,0408010G0AAABAB,7,0.029400000000000842
326,G81055,Sertraline HCl_Tab 100mg,0403030Q0AAABAB,13,0.02730000000000015
280,G81614,Pregabalin_Cap 100mg,0408010AEAAADAD,4,0.025200000000000722
327,G81086,Sertraline HCl_Tab 100mg,0403030Q0AAABAB,6,0.02520000000000014
328,G81055,Sertraline HCl_Tab 100mg,0403030Q0AAABAB,6,0.02520000000000014
41,G81043,Paracet_Tab 500mg,0407010H0AAAMAM,6,0.025199999999999848
40,G81043,Paracet_Tab 500mg,0407010H0AAAMAM,6,0.025199999999999848
294,G81021,Memantine HCl_Tab 20mg,0411000G0AAADAD,5,0.024499999999999973
43,G81007,Paracet_Tab 500mg,0407010H0AAAMAM,4,0.023999999999999855
42,G81007,Paracet_Tab 500mg,0407010H0AAAMAM,4,0.023999999999999855
121,G81035,Gabapentin_Cap 300mg,0408010G0AAABAB,11,0.02310000000000066
45,G81043,Paracet_Tab 500mg,0407010H0AAAMAM,8,0.022399999999999864
44,G81043,Paracet_Tab 500mg,0407010H0AAAMAM,8,0.022399999999999864
50,G81037,Paracet_Tab 500mg,0407010H0AAAMAM,8,0.022399999999999864
48,G81037,Paracet_Tab 500mg,0407010H0AAAMAM,8,0.022399999999999864
46,G81100,Paracet_Tab 500mg,0407010H0AAAMAM,8,0.022399999999999864
47,G81102,Paracet_Tab 500mg,0407010H0AAAMAM,8,0.022399999999999864
49,G81100,Paracet_Tab 500mg,0407010H0AAAMAM,8,0.022399999999999864
51,G81102,Paracet_Tab 500mg,0407010H0AAAMAM,8,0.022399999999999864
122,G81040,Gabapentin_Cap 300mg,0408010G0AAABAB,5,0.0210000000000006
329,G81100,Sertraline HCl_Tab 100mg,0403030Q0AAABAB,5,0.021000000000000116
303,G81102,Pregabalin_Cap 25mg,0408010AEAAAAAA,5,0.02099999999999963
281,G81102,Pregabalin_Cap 100mg,0408010AEAAADAD,4,0.019600000000000173
297,G81053,Memantine HCl_Tab 20mg,0411000G0AAADAD,4,0.01959999999999998
296,G81055,Memantine HCl_Tab 20mg,0411000G0AAADAD,4,0.01959999999999998
295,G81040,Memantine HCl_Tab 20mg,0411000G0AAADAD,4,0.01959999999999998
53,G81035,Paracet_Tab 500mg,0407010H0AAAMAM,3,0.01799999999999989
52,G81035,Paracet_Tab 500mg,0407010H0AAAMAM,3,0.01799999999999989
124,G81016,Gabapentin_Cap 300mg,0408010G0AAABAB,4,0.01680000000000048
123,G81021,Gabapentin_Cap 300mg,0408010G0AAABAB,6,0.01680000000000048
125,G81061,Gabapentin_Cap 300mg,0408010G0AAABAB,4,0.01680000000000048
126,G81037,Gabapentin_Cap 300mg,0408010G0AAABAB,4,0.01680000000000048
127,G81100,Gabapentin_Cap 300mg,0408010G0AAABAB,8,0.01680000000000048
128,G81061,Gabapentin_Cap 300mg,0408010G0AAABAB,8,0.01680000000000048
304,G81037,Pregabalin_Cap 25mg,0408010AEAAAAAA,4,0.01680000000000048
330,G81019,Sertraline HCl_Tab 100mg,0403030Q0AAABAB,4,0.016800000000000093
57,G81100,Paracet_Tab 500mg,0407010H0AAAMAM,4,0.0167999999999999
56,G81100,Paracet_Tab 500mg,0407010H0AAAMAM,4,0.0167999999999999
55,G81053,Paracet_Tab 500mg,0407010H0AAAMAM,1,0.0167999999999999
54,G81053,Paracet_Tab 500mg,0407010H0AAAMAM,1,0.0167999999999999
306,G81045,Pregabalin_Cap 25mg,0408010AEAAAAAA,4,0.016799999999999704
305,G81024,Pregabalin_Cap 25mg,0408010AEAAAAAA,4,0.016799999999999704
332,G81053,Sertraline HCl_Tab 100mg,0403030Q0AAABAB,7,0.014700000000000081
331,G81016,Sertraline HCl_Tab 100mg,0403030Q0AAABAB,7,0.014700000000000081
298,G81100,Memantine HCl_Tab 20mg,0411000G0AAADAD,3,0.014699999999999984
307,G81024,Pregabalin_Cap 25mg,0408010AEAAAAAA,7,0.014699999999999741
129,G81100,Gabapentin_Cap 300mg,0408010G0AAABAB,9,0.012600000000000361
282,G81035,Pregabalin_Cap 100mg,0408010AEAAADAD,2,0.012600000000000361
333,G81053,Sertraline HCl_Tab 100mg,0403030Q0AAABAB,3,0.01260000000000007
308,G81100,Pregabalin_Cap 25mg,0408010AEAAAAAA,3,0.012599999999999778
131,G81045,Gabapentin_Cap 300mg,0408010G0AAABAB,5,0.012000000000000344
130,G81102,Gabapentin_Cap 300mg,0408010G0AAABAB,4,0.012000000000000344
58,G81086,Paracet_Tab 500mg,0407010H0AAAMAM,1,0.011999999999999927
59,G81086,Paracet_Tab 500mg,0407010H0AAAMAM,1,0.011999999999999927
133,G81024,Gabapentin_Cap 300mg,0408010G0AAABAB,5,0.0105000000000003
132,G81019,Gabapentin_Cap 300mg,0408010G0AAABAB,5,0.0105000000000003
134,G81053,Gabapentin_Cap 300mg,0408010G0AAABAB,7,0.00980000000000028
136,G81086,Gabapentin_Cap 300mg,0408010G0AAABAB,4,0.00840000000000024
135,G81102,Gabapentin_Cap 300mg,0408010G0AAABAB,3,0.00840000000000024
334,G81097,Sertraline HCl_Tab 100mg,0403030Q0AAABAB,4,0.008400000000000046
335,G81100,Sertraline HCl_Tab 100mg,0403030Q0AAABAB,4,0.008400000000000046
299,G81100,Memantine HCl_Tab 20mg,0411000G0AAADAD,12,0.00839999999999999
137,G81053,Gabapentin_Cap 300mg,0408010G0AAABAB,3,0.0063000000000001805
139,G81053,Gabapentin_Cap 300mg,0408010G0AAABAB,1,0.006000000000000172
140,G81007,Gabapentin_Cap 300mg,0408010G0AAABAB,1,0.006000000000000172
141,G81024,Gabapentin_Cap 300mg,0408010G0AAABAB,1,0.006000000000000172
142,G81045,Gabapentin_Cap 300mg,0408010G0AAABAB,1,0.006000000000000172
143,G81088,Gabapentin_Cap 300mg,0408010G0AAABAB,1,0.006000000000000172
354,G81024,Celecoxib_Cap 100mg,1001010AHAAAAAA,1,0.006000000000000172
144,G81043,Gabapentin_Cap 300mg,0408010G0AAABAB,1,0.006000000000000172
145,G81061,Gabapentin_Cap 300mg,0408010G0AAABAB,1,0.006000000000000172
283,G81100,Pregabalin_Cap 100mg,0408010AEAAADAD,1,0.006000000000000172
284,G81088,Pregabalin_Cap 100mg,0408010AEAAADAD,1,0.006000000000000172
138,G81102,Gabapentin_Cap 300mg,0408010G0AAABAB,1,0.006000000000000172
62,G81021,Paracet_Tab 500mg,0407010H0AAAMAM,2,0.005999999999999964
63,G81061,Paracet_Tab 500mg,0407010H0AAAMAM,1,0.005999999999999964
69,G81061,Paracet_Tab 500mg,0407010H0AAAMAM,1,0.005999999999999964
68,G81055,Paracet_Tab 500mg,0407010H0AAAMAM,1,0.005999999999999964
67,G81102,Paracet_Tab 500mg,0407010H0AAAMAM,1,0.005999999999999964
61,G81019,Paracet_Tab 500mg,0407010H0AAAMAM,1,0.005999999999999964
60,G81102,Paracet_Tab 500mg,0407010H0AAAMAM,1,0.005999999999999964
66,G81021,Paracet_Tab 500mg,0407010H0AAAMAM,2,0.005999999999999964
65,G81055,Paracet_Tab 500mg,0407010H0AAAMAM,1,0.005999999999999964
64,G81019,Paracet_Tab 500mg,0407010H0AAAMAM,1,0.005999999999999964
150,G81037,Gabapentin_Cap 300mg,0408010G0AAABAB,4,0.00560000000000016
149,G81100,Gabapentin_Cap 300mg,0408010G0AAABAB,2,0.00560000000000016
147,G81053,Gabapentin_Cap 300mg,0408010G0AAABAB,2,0.00560000000000016
146,G81019,Gabapentin_Cap 300mg,0408010G0AAABAB,4,0.00560000000000016
148,G81043,Gabapentin_Cap 300mg,0408010G0AAABAB,8,0.00560000000000016
309,G81043,Pregabalin_Cap 25mg,0408010AEAAAAAA,1,0.00420000000000012
151,G81055,Gabapentin_Cap 300mg,0408010G0AAABAB,1,0.00420000000000012
152,G81024,Gabapentin_Cap 300mg,0408010G0AAABAB,1,0.00420000000000012
153,G81021,Gabapentin_Cap 300mg,0408010G0AAABAB,1,0.00420000000000012
339,G81016,Sertraline HCl_Tab 100mg,0403030Q0AAABAB,1,0.004200000000000023
341,G81030,Sertraline HCl_Tab 100mg,0403030Q0AAABAB,2,0.004200000000000023
355,G81024,Celecoxib_Cap 100mg,1001010AHAAAAAA,1,0.004200000000000023
338,G81037,Sertraline HCl_Tab 100mg,0403030Q0AAABAB,1,0.004200000000000023
337,G81086,Sertraline HCl_Tab 100mg,0403030Q0AAABAB,2,0.004200000000000023
336,G81021,Sertraline HCl_Tab 100mg,0403030Q0AAABAB,1,0.004200000000000023
340,G81021,Sertraline HCl_Tab 100mg,0403030Q0AAABAB,2,0.004200000000000023
310,G81021,Pregabalin_Cap 25mg,0408010AEAAAAAA,1,0.004199999999999926
344,G81100,Sertraline HCl_Tab 100mg,0403030Q0AAABAB,1,0.004199999999999829
342,G81043,Sertraline HCl_Tab 100mg,0403030Q0AAABAB,1,0.004199999999999829
343,G81061,Sertraline HCl_Tab 100mg,0403030Q0AAABAB,1,0.004199999999999829
154,G81035,Gabapentin_Cap 300mg,0408010G0AAABAB,1,0.0035000000000001003
155,G81043,Gabapentin_Cap 300mg,0408010G0AAABAB,1,0.003000000000000086
71,G81088,Paracet_Tab 500mg,0407010H0AAAMAM,1,0.002999999999999982
70,G81088,Paracet_Tab 500mg,0407010H0AAAMAM,1,0.002999999999999982
158,G81030,Gabapentin_Cap 300mg,0408010G0AAABAB,1,0.00280000000000008
157,G81055,Gabapentin_Cap 300mg,0408010G0AAABAB,4,0.00280000000000008
156,G81037,Gabapentin_Cap 300mg,0408010G0AAABAB,1,0.00280000000000008
81,G81007,Paracet_Tab 500mg,0407010H0AAAMAM,1,0.002799999999999983
80,G81086,Paracet_Tab 500mg,0407010H0AAAMAM,1,0.002799999999999983
79,G81088,Paracet_Tab 500mg,0407010H0AAAMAM,1,0.002799999999999983
78,G81088,Paracet_Tab 500mg,0407010H0AAAMAM,1,0.002799999999999983
76,G81053,Paracet_Tab 500mg,0407010H0AAAMAM,2,0.002799999999999983
75,G81019,Paracet_Tab 500mg,0407010H0AAAMAM,1,0.002799999999999983
72,G81007,Paracet_Tab 500mg,0407010H0AAAMAM,1,0.002799999999999983
73,G81086,Paracet_Tab 500mg,0407010H0AAAMAM,1,0.002799999999999983
74,G81053,Paracet_Tab 500mg,0407010H0AAAMAM,2,0.002799999999999983
77,G81019,Paracet_Tab 500mg,0407010H0AAAMAM,1,0.002799999999999983
159,G81088,Gabapentin_Cap 300mg,0408010G0AAABAB,1,0.00210000000000006
160,G81037,Gabapentin_Cap 300mg,0408010G0AAABAB,1,0.00210000000000006
345,G81019,Sertraline HCl_Tab 100mg,0403030Q0AAABAB,1,0.0010999999999999552
83,G81100,Paracet_Tab 500mg,0407010H0AAAMAM,1,-0.0010999999999999933
82,G81100,Paracet_Tab 500mg,0407010H0AAAMAM,1,-0.0010999999999999933
285,G81061,Pregabalin_Cap 100mg,0408010AEAAADAD,1,-0.0015999999999999348
161,G81045,Gabapentin_Cap 300mg,0408010G0AAABAB,1,-0.0023999999999999855
346,G81035,Sertraline HCl_Tab 100mg,0403030Q0AAABAB,1,-0.0034000000000000974
356,G81102,Celecoxib_Cap 100mg,1001010AHAAAAAA,1,-0.005599999999999772
357,G81100,Celecoxib_Cap 100mg,1001010AHAAAAAA,1,-0.005599999999999772
163,G81086,Gabapentin_Cap 300mg,0408010G0AAABAB,1,-0.005599999999999772
162,G81016,Gabapentin_Cap 300mg,0408010G0AAABAB,1,-0.005599999999999772
164,G81097,Gabapentin_Cap 300mg,0408010G0AAABAB,1,-0.005599999999999772
165,G81007,Gabapentin_Cap 300mg,0408010G0AAABAB,1,-0.005599999999999772
166,G81037,Gabapentin_Cap 300mg,0408010G0AAABAB,1,-0.005599999999999772
167,G81019,Gabapentin_Cap 300mg,0408010G0AAABAB,1,-0.005599999999999772
347,G81045,Sertraline HCl_Tab 100mg,0403030Q0AAABAB,1,-0.006000000000000172
348,G81024,Sertraline HCl_Tab 100mg,0403030Q0AAABAB,1,-0.006000000000000172
349,G81043,Sertraline HCl_Tab 100mg,0403030Q0AAABAB,1,-0.006000000000000172
350,G81053,Sertraline HCl_Tab 100mg,0403030Q0AAABAB,1,-0.006000000000000172
84,G81102,Paracet_Tab 500mg,0407010H0AAAMAM,2,-0.007999999999999952
85,G81102,Paracet_Tab 500mg,0407010H0AAAMAM,2,-0.007999999999999952
286,G81088,Pregabalin_Cap 100mg,0408010AEAAADAD,3,-0.008999999999999009
311,G81088,Pregabalin_Cap 25mg,0408010AEAAAAAA,3,-0.009000000000000258
171,G81100,Gabapentin_Cap 300mg,0408010G0AAABAB,2,-0.011199999999999544
170,G81030,Gabapentin_Cap 300mg,0408010G0AAABAB,2,-0.011199999999999544
169,G81055,Gabapentin_Cap 300mg,0408010G0AAABAB,2,-0.011199999999999544
168,G81088,Gabapentin_Cap 300mg,0408010G0AAABAB,2,-0.011199999999999544
87,G81021,Paracet_Tab 500mg,0407010H0AAAMAM,2,-0.011199999999999932
86,G81021,Paracet_Tab 500mg,0407010H0AAAMAM,2,-0.011199999999999932
172,G81053,Gabapentin_Cap 300mg,0408010G0AAABAB,3,-0.016799999999999315
89,G81088,Paracet_Tab 500mg,0407010H0AAAMAM,3,-0.0167999999999999
88,G81088,Paracet_Tab 500mg,0407010H0AAAMAM,3,-0.0167999999999999
351,G81019,Sertraline HCl_Tab 100mg,0403030Q0AAABAB,1,-0.018000000000000516
312,G81024,Pregabalin_Cap 25mg,0408010AEAAAAAA,5,-0.0210000000000006
173,G81045,Gabapentin_Cap 300mg,0408010G0AAABAB,4,-0.022399999999999087
91,G81007,Paracet_Tab 500mg,0407010H0AAAMAM,4,-0.022399999999999864
90,G81007,Paracet_Tab 500mg,0407010H0AAAMAM,4,-0.022399999999999864
174,G81021,Gabapentin_Cap 300mg,0408010G0AAABAB,6,-0.029399999999998802
176,G81035,Gabapentin_Cap 300mg,0408010G0AAABAB,6,-0.03359999999999863
175,G81102,Gabapentin_Cap 300mg,0408010G0AAABAB,6,-0.03359999999999863
92,G81035,Paracet_Tab 500mg,0407010H0AAAMAM,11,-0.06159999999999963
93,G81035,Paracet_Tab 500mg,0407010H0AAAMAM,11,-0.06159999999999963
94,G81061,Paracet_Tab 500mg,0407010H0AAAMAM,13,-0.07279999999999956
95,G81055,Paracet_Tab 500mg,0407010H0AAAMAM,13,-0.07279999999999956
96,G81055,Paracet_Tab 500mg,0407010H0AAAMAM,13,-0.07279999999999956
97,G81061,Paracet_Tab 500mg,0407010H0AAAMAM,13,-0.07279999999999956
98,G81019,Paracet_Tab 500mg,0407010H0AAAMAM,14,-0.07839999999999953
99,G81019,Paracet_Tab 500mg,0407010H0AAAMAM,14,-0.07839999999999953
101,G81016,Paracet_Tab 500mg,0407010H0AAAMAM,16,-0.08959999999999946
100,G81016,Paracet_Tab 500mg,0407010H0AAAMAM,16,-0.08959999999999946
103,G81053,Paracet_Tab 500mg,0407010H0AAAMAM,18,-0.10079999999999939
102,G81053,Paracet_Tab 500mg,0407010H0AAAMAM,18,-0.10079999999999939
105,G81102,Paracet_Tab 500mg,0407010H0AAAMAM,20,-0.11199999999999932
104,G81102,Paracet_Tab 500mg,0407010H0AAAMAM,20,-0.11199999999999932
106,G81024,Paracet_Tab 500mg,0407010H0AAAMAM,28,-0.15679999999999905
107,G81024,Paracet_Tab 500mg,0407010H0AAAMAM,28,-0.15679999999999905
108,G81024,Paracet_Tab 500mg,0407010H0AAAMAM,2,-0.17919999999999991
109,G81024,Paracet_Tab 500mg,0407010H0AAAMAM,2,-0.17919999999999991
111,G81100,Paracet_Tab 500mg,0407010H0AAAMAM,40,-0.22399999999999864
110,G81100,Paracet_Tab 500mg,0407010H0AAAMAM,40,-0.22399999999999864
