,practice_code,bnf_description,bnf_code,items,excess_cost
0,P91003,Amiodarone HCl_Tab 200mg,0203020D0AAABAB,2,1.4000000000000012
1,P91003,Buprenorphine_Tab Subling 400mcg S/F,0410030A0AAACAC,1,1.36
2,P91003,Clonazepam_Tab 500mcg,0408010F0AAABAB,6,1.5819999999999967
3,P91003,Mesalazine_Tab E/C 800mg,0105010B0AAASAS,1,103.31999999999998
4,P91003,Quetiapine_Tab 100mg,0402010ABAAACAC,2,0.005599999999999383
5,P91004,Clonazepam_Tab 500mcg,0408010F0AAABAB,2,0.6327999999999987
6,P91004,Mesalazine_Tab E/C 800mg,0105010B0AAASAS,5,11.48000000000009
7,P91004,Quetiapine_Tab 100mg,0402010ABAAACAC,6,18.417000000000005
8,P91006,Amiodarone HCl_Tab 200mg,0203020D0AAABAB,7,2.450000000000002
9,P91006,Clonazepam_Tab 500mcg,0408010F0AAABAB,14,6.011599999999988
10,P91006,Gemfibrozil_Tab 600mg,0212000Q0AAABAB,1,7.571199999999999
11,P91006,Mesalazine_Tab E/C 400mg,0105010B0AAAAAA,3,6.2744
12,P91006,Mesalazine_Tab E/C 800mg,0105010B0AAASAS,1,11.479999999999997
13,P91006,Pyridox HCl_Tab 50mg,0906024N0AAAIAI,5,0.5985000000000001
14,P91006,Quetiapine_Tab 100mg,0402010ABAAACAC,7,0.011199999999999932
15,P91007,Clonazepam_Tab 500mcg,0408010F0AAABAB,3,1.6723999999999966
16,P91007,Quetiapine_Tab 100mg,0402010ABAAACAC,6,-0.025199999999997225
17,P91008,Amiodarone HCl_Tab 200mg,0203020D0AAABAB,1,0.3500000000000003
18,P91008,Gemfibrozil_Tab 600mg,0212000Q0AAABAB,1,15.142399999999999
19,P91008,Mesalazine_Tab E/C 400mg,0105010B0AAAAAA,1,23.956799999999998
20,P91008,Quetiapine_Tab 100mg,0402010ABAAACAC,2,0.005599999999999383
21,P91009,Amiodarone HCl_Tab 200mg,0203020D0AAABAB,6,1.388800000000001
22,P91009,Atorvastatin_Tab 60mg,0212000B0AAAPAP,2,4.435200000000009
23,P91009,Clonazepam_Tab 500mcg,0408010F0AAABAB,13,4.392999999999991
24,P91009,Quetiapine_Tab 100mg,0402010ABAAACAC,5,-0.022399999999997533
25,P91011,Amiodarone HCl_Tab 200mg,0203020D0AAABAB,1,0.37200000000000066
26,P91011,Clonazepam_Tab 500mcg,0408010F0AAABAB,1,0.11599999999999999
27,P91011,Quetiapine_Tab 100mg,0402010ABAAACAC,2,0.005599999999999383
28,P91012,Amiodarone HCl_Tab 200mg,0203020D0AAABAB,1,0.3500000000000003
29,P91012,Clonazepam_Tab 500mcg,0408010F0AAABAB,13,2.2938999999999954
30,P91012,Quetiapine_Tab 100mg,0402010ABAAACAC,2,-0.0027999999999996916
31,P91013,Clonazepam_Tab 500mcg,0408010F0AAABAB,15,6.011599999999988
32,P91013,Mesalazine_Tab E/C 400mg,0105010B0AAAAAA,2,17.088
33,P91013,Mesalazine_Tab E/C 800mg,0105010B0AAASAS,6,22.960000000000036
34,P91013,Quetiapine_Tab 100mg,0402010ABAAACAC,19,0.053200000000001135
35,P91014,Amiodarone HCl_Tab 200mg,0203020D0AAABAB,2,0.7000000000000006
36,P91014,Clonazepam_Tab 500mcg,0408010F0AAABAB,12,4.81379999999999
37,P91014,Mesalazine_Tab E/C 400mg,0105010B0AAAAAA,2,-1.711199999999998
38,P91014,Pyridox HCl_Tab 50mg,0906024N0AAAIAI,4,8.892000000000001
39,P91014,Quetiapine_Tab 100mg,0402010ABAAACAC,4,0.0027999999999996916
40,P91016,Amiodarone HCl_Tab 200mg,0203020D0AAABAB,6,2.354800000000002
41,P91016,Clonazepam_Tab 500mcg,0408010F0AAABAB,7,4.6831999999999905
42,P91016,Quetiapine_Tab 100mg,0402010ABAAACAC,1,0.0027999999999996916
43,P91017,Amiodarone HCl_Tab 200mg,0203020D0AAABAB,6,0.5082
44,P91017,Clonazepam_Tab 500mcg,0408010F0AAABAB,16,6.508799999999987
45,P91017,Quetiapine_Tab 100mg,0402010ABAAACAC,6,0.016799999999999704
46,P91018,Amiodarone HCl_Tab 200mg,0203020D0AAABAB,9,1.0276000000000003
47,P91018,Atorvastatin_Tab 60mg,0212000B0AAAPAP,1,2.2176000000000045
48,P91018,Clonazepam_Tab 500mcg,0408010F0AAABAB,14,5.774299999999988
49,P91018,Gemfibrozil_Tab 600mg,0212000Q0AAABAB,1,7.571199999999999
50,P91018,Mesalazine_Tab E/C 800mg,0105010B0AAASAS,2,22.959999999999994
51,P91018,Pyridox HCl_Tab 50mg,0906024N0AAAIAI,2,1.1970000000000003
52,P91018,Quetiapine_Tab 100mg,0402010ABAAACAC,9,0.016799999999999704
53,P91019,Amiodarone HCl_Tab 200mg,0203020D0AAABAB,5,0.6888000000000003
54,P91019,Atorvastatin_Tab 60mg,0212000B0AAAPAP,1,1.1088000000000022
55,P91019,Gemfibrozil_Tab 600mg,0212000Q0AAABAB,1,7.571199999999999
56,P91020,Amiodarone HCl_Tab 200mg,0203020D0AAABAB,8,0.6776
57,P91020,Clonazepam_Tab 500mcg,0408010F0AAABAB,6,1.423799999999997
58,P91020,Pyridox HCl_Tab 50mg,0906024N0AAAIAI,1,0.4788000000000001
59,P91020,Quetiapine_Tab 100mg,0402010ABAAACAC,17,-0.00139999999999596
60,P91021,Atorvastatin_Tab 60mg,0212000B0AAAPAP,2,3.3264000000000067
61,P91021,Clonazepam_Tab 500mcg,0408010F0AAABAB,9,7.4353999999999845
62,P91021,Mesalazine_Tab E/C 400mg,0105010B0AAAAAA,2,17.088
63,P91021,Pyridox HCl_Tab 50mg,0906024N0AAAIAI,1,0.9576000000000002
64,P91021,Quetiapine_Tab 100mg,0402010ABAAACAC,4,-0.005599999999999383
65,P91021,Risperidone_Tab 6mg,040201030AAAFAF,2,58.4192
66,P91026,Clonazepam_Tab 500mcg,0408010F0AAABAB,4,1.5819999999999967
67,P91026,Quetiapine_Tab 100mg,0402010ABAAACAC,8,-0.01959999999999784
68,P91029,Amiodarone HCl_Tab 200mg,0203020D0AAABAB,1,0.7000000000000006
69,P91029,Clonazepam_Tab 500mcg,0408010F0AAABAB,2,1.7627999999999964
70,P91029,Gemfibrozil_Tab 600mg,0212000Q0AAABAB,4,30.284799999999997
71,P91029,Mesalazine_Tab E/C 800mg,0105010B0AAASAS,1,34.43999999999999
72,P91032,Amiodarone HCl_Tab 200mg,0203020D0AAABAB,2,1.050000000000001
73,P91032,Clonazepam_Tab 500mcg,0408010F0AAABAB,3,3.6385999999999923
74,P91032,Mesalazine_Tab E/C 400mg,0105010B0AAAAAA,1,-17.112
75,P91032,Quetiapine_Tab 100mg,0402010ABAAACAC,5,0.014000000000000401
76,P91035,Amiodarone HCl_Tab 200mg,0203020D0AAABAB,1,0.7000000000000006
77,P91035,Clonazepam_Tab 500mcg,0408010F0AAABAB,8,3.069599999999994
78,P91035,Mesalazine_Tab E/C 800mg,0105010B0AAASAS,1,34.43999999999999
79,P91035,Quetiapine_Tab 100mg,0402010ABAAACAC,4,0.01120000000000032
80,P91603,Amiodarone HCl_Tab 200mg,0203020D0AAABAB,1,0.6125000000000005
81,P91603,Clonazepam_Tab 500mcg,0408010F0AAABAB,1,0.6327999999999987
82,P91603,Quetiapine_Tab 100mg,0402010ABAAACAC,1,0.0027999999999996916
83,P91604,Amiodarone HCl_Tab 200mg,0203020D0AAABAB,3,1.050000000000001
84,P91604,Clonazepam_Tab 500mcg,0408010F0AAABAB,5,0.7599999999999987
85,P91604,Pyridox HCl_Tab 50mg,0906024N0AAAIAI,3,2.9412000000000007
86,P91604,Quetiapine_Tab 100mg,0402010ABAAACAC,6,0.016799999999999704
87,P91615,Pyridox HCl_Tab 50mg,0906024N0AAAIAI,5,0.5985000000000001
88,P91615,Quetiapine_Tab 100mg,0402010ABAAACAC,5,-0.020999999999997687
89,P91617,Clonazepam_Tab 500mcg,0408010F0AAABAB,1,0.949199999999998
90,P91619,Atorvastatin_Tab 60mg,0212000B0AAAPAP,2,2.2176000000000045
91,P91619,Clonazepam_Tab 500mcg,0408010F0AAABAB,4,4.632999999999991
92,P91619,Quetiapine_Tab 100mg,0402010ABAAACAC,1,0.0027999999999996916
93,P91623,Amiodarone HCl_Tab 200mg,0203020D0AAABAB,1,0.3500000000000003
94,P91623,Clonazepam_Tab 500mcg,0408010F0AAABAB,5,0.21199999999999997
95,P91623,Mesalazine_Tab E/C 400mg,0105010B0AAAAAA,1,23.956799999999998
96,P91623,Quetiapine_Tab 100mg,0402010ABAAACAC,1,0.0027999999999996916
97,P91625,Amiodarone HCl_Tab 200mg,0203020D0AAABAB,11,1.4623000000000006
98,P91625,Atorvastatin_Tab 60mg,0212000B0AAAPAP,3,3.3264000000000067
99,P91625,Clonazepam_Tab 500mcg,0408010F0AAABAB,5,4.113199999999992
100,P91625,Mesalazine_Tab E/C 400mg,0105010B0AAAAAA,1,-11.978399999999999
101,P91625,Quetiapine_Tab 100mg,0402010ABAAACAC,2,0.005599999999999383
102,P91627,Amiodarone HCl_Tab 200mg,0203020D0AAABAB,5,0.6888000000000003
103,P91627,Atorvastatin_Tab 60mg,0212000B0AAAPAP,4,1.1088000000000022
104,P91627,Clonazepam_Tab 500mcg,0408010F0AAABAB,5,0.3954999999999992
105,P91627,Mesalazine_Tab E/C 400mg,0105010B0AAAAAA,1,23.956799999999998
106,P91627,Quetiapine_Tab 100mg,0402010ABAAACAC,6,0.01680000000000048
107,P91629,Amiodarone HCl_Tab 200mg,0203020D0AAABAB,2,0.7000000000000006
108,P91629,Clonazepam_Tab 500mcg,0408010F0AAABAB,5,2.892799999999994
109,P91629,Mesalazine_Tab E/C 400mg,0105010B0AAAAAA,17,31.9928
110,P91629,Mesalazine_Tab E/C 800mg,0105010B0AAASAS,1,-34.43999999999999
111,P91629,Pyridox HCl_Tab 50mg,0906024N0AAAIAI,2,1.4364000000000003
112,P91629,Quetiapine_Tab 100mg,0402010ABAAACAC,6,-0.011199999999998378
113,P91631,Clonazepam_Tab 500mcg,0408010F0AAABAB,1,0.31639999999999935
114,P91631,Quetiapine_Tab 100mg,0402010ABAAACAC,3,0.00840000000000024
115,P91631,Risperidone_Tab 6mg,040201030AAAFAF,1,29.2096
116,P91633,Amiodarone HCl_Tab 200mg,0203020D0AAABAB,2,0.7000000000000006
117,P91633,Atorvastatin_Tab 60mg,0212000B0AAAPAP,1,1.1088000000000022
118,P91633,Clonazepam_Tab 500mcg,0408010F0AAABAB,2,1.1073999999999977
119,P91633,Mesalazine_Tab E/C 400mg,0105010B0AAAAAA,2,17.088
120,Y00480,Buprenorphine_Tab Subling 400mcg S/F,0410030A0AAACAC,17,14.431200000000002
121,Y02129,Amiodarone HCl_Tab 200mg,0203020D0AAABAB,2,1.050000000000001
122,Y02129,Clonazepam_Tab 500mcg,0408010F0AAABAB,4,3.0509999999999935
123,Y02129,Mesalazine_Tab E/C 400mg,0105010B0AAAAAA,1,11.978399999999999
124,Y02129,Quetiapine_Tab 100mg,0402010ABAAACAC,8,0.02240000000000064
