,practice_code,bnf_description,bnf_code,items,excess_cost
314,C85017,Memantine HCl_Tab 20mg,0411000G0AAADAD,5,127.79199999999999
315,Y05364,Memantine HCl_Tab 20mg,0411000G0AAADAD,5,127.79199999999999
341,C85023,Prednisolone_Tab Solb 5mg,0603020T0AABHBH,1,107.90999999999998
584,C85001,Dexameth_Tab 500mcg,0603020G0AAABAB,1,89.10159999999999
672,C85010,Omeprazole_Tab E/C 20mg,0103050P0AABDBD,1,87.7184
1,C85001,Paracet_Tab 500mg,0407010H0AAAMAM,78,80.34
0,C85001,Paracet_Tab 500mg,0407010H0AAAMAM,78,80.34
519,Y05222,Nitrofurantoin_Tab 50mg,0501130R0AAADAD,10,74.65200000000002
342,C85619,Prednisolone_Tab Solb 5mg,0603020T0AABHBH,1,71.94
2,C85010,Paracet_Tab 500mg,0407010H0AAAMAM,328,68.88000000000004
3,C85010,Paracet_Tab 500mg,0407010H0AAAMAM,328,68.88000000000004
4,C85010,Paracet_Tab 500mg,0407010H0AAAMAM,86,55.86559999999999
5,C85010,Paracet_Tab 500mg,0407010H0AAAMAM,86,55.86559999999999
586,Y05364,Lansoprazole_Cap 30mg (E/C Gran),0103050L0AAAAAA,5,45.136
505,C85009,Atorvastatin_Tab 20mg,0212000B0AAABAB,31,45.136
506,C85023,Atorvastatin_Tab 20mg,0212000B0AAABAB,27,45.0576
532,C85005,Ferr Sulf_Tab 200mg,0901011P0AAACAC,4,42.2688
7,C85017,Paracet_Tab 500mg,0407010H0AAAMAM,103,30.900000000000027
6,C85017,Paracet_Tab 500mg,0407010H0AAAMAM,103,30.900000000000027
533,C85001,Ferr Sulf_Tab 200mg,0901011P0AAACAC,2,28.168
587,C85001,Lansoprazole_Cap 30mg (E/C Gran),0103050L0AAAAAA,141,28.03080000000001
520,Y05222,Nitrofurantoin_Tab 50mg,0501130R0AAADAD,5,24.878000000000004
9,C85017,Paracet_Tab 500mg,0407010H0AAAMAM,204,24.479999999999993
8,C85017,Paracet_Tab 500mg,0407010H0AAAMAM,204,24.479999999999993
507,C85017,Atorvastatin_Tab 20mg,0212000B0AAABAB,328,22.960000000000022
508,C85009,Atorvastatin_Tab 20mg,0212000B0AAABAB,123,22.730400000000007
10,C85010,Paracet_Tab 500mg,0407010H0AAAMAM,81,22.68000000000003
11,C85010,Paracet_Tab 500mg,0407010H0AAAMAM,81,22.68000000000003
12,C85023,Paracet_Tab 500mg,0407010H0AAAMAM,214,21.40000000000002
13,C85023,Paracet_Tab 500mg,0407010H0AAAMAM,214,21.40000000000002
534,Y00411,Ferr Sulf_Tab 200mg,0901011P0AAACAC,5,21.125999999999998
15,Y05363,Paracet_Tab 500mg,0407010H0AAAMAM,72,20.160000000000004
14,Y05363,Paracet_Tab 500mg,0407010H0AAAMAM,72,20.160000000000004
16,C85005,Paracet_Tab 500mg,0407010H0AAAMAM,103,15.450000000000014
17,C85005,Paracet_Tab 500mg,0407010H0AAAMAM,103,15.450000000000014
19,Y05363,Paracet_Tab 500mg,0407010H0AAAMAM,27,11.491200000000015
18,Y05363,Paracet_Tab 500mg,0407010H0AAAMAM,27,11.491200000000015
21,C85001,Paracet_Tab 500mg,0407010H0AAAMAM,14,11.289599999999997
20,C85001,Paracet_Tab 500mg,0407010H0AAAMAM,14,11.289599999999997
23,C85023,Paracet_Tab 500mg,0407010H0AAAMAM,102,10.20000000000001
22,C85023,Paracet_Tab 500mg,0407010H0AAAMAM,102,10.20000000000001
25,Y05363,Paracet_Tab 500mg,0407010H0AAAMAM,9,10.080000000000002
24,Y05363,Paracet_Tab 500mg,0407010H0AAAMAM,9,10.080000000000002
27,C85001,Paracet_Tab 500mg,0407010H0AAAMAM,14,10.079999999999997
26,C85001,Paracet_Tab 500mg,0407010H0AAAMAM,14,10.079999999999997
28,C85010,Paracet_Tab 500mg,0407010H0AAAMAM,128,7.884800000000002
29,C85010,Paracet_Tab 500mg,0407010H0AAAMAM,128,7.884800000000002
31,C85013,Paracet_Tab 500mg,0407010H0AAAMAM,260,7.800000000000043
30,C85013,Paracet_Tab 500mg,0407010H0AAAMAM,260,7.800000000000043
33,C85001,Paracet_Tab 500mg,0407010H0AAAMAM,1,7.545
32,C85001,Paracet_Tab 500mg,0407010H0AAAMAM,1,7.545
34,C85023,Paracet_Tab 500mg,0407010H0AAAMAM,53,7.123199999999998
35,C85023,Paracet_Tab 500mg,0407010H0AAAMAM,53,7.123199999999998
535,C85010,Ferr Sulf_Tab 200mg,0901011P0AAACAC,6,7.0728
36,C85017,Paracet_Tab 500mg,0407010H0AAAMAM,1,5.96
37,C85017,Paracet_Tab 500mg,0407010H0AAAMAM,1,5.96
38,C85001,Paracet_Tab 500mg,0407010H0AAAMAM,21,5.644800000000006
39,C85001,Paracet_Tab 500mg,0407010H0AAAMAM,21,5.644800000000006
41,C85628,Paracet_Tab 500mg,0407010H0AAAMAM,4,5.6448
40,C85628,Paracet_Tab 500mg,0407010H0AAAMAM,4,5.6448
42,Y00411,Paracet_Tab 500mg,0407010H0AAAMAM,135,5.400000000000015
43,Y00411,Paracet_Tab 500mg,0407010H0AAAMAM,135,5.400000000000015
44,C85010,Paracet_Tab 500mg,0407010H0AAAMAM,7,4.263
45,C85010,Paracet_Tab 500mg,0407010H0AAAMAM,7,4.263
371,C85013,Clonazepam_Tab 500mcg,0408010F0AAABAB,3,3.796799999999992
372,C85614,Clonazepam_Tab 500mcg,0408010F0AAABAB,1,3.796799999999992
588,Y04809,Lansoprazole_Cap 30mg (E/C Gran),0103050L0AAAAAA,44,3.6960000000000033
374,C85013,Clonazepam_Tab 500mcg,0408010F0AAABAB,3,3.389999999999993
373,C85004,Clonazepam_Tab 500mcg,0408010F0AAABAB,2,3.389999999999993
47,C85017,Paracet_Tab 500mg,0407010H0AAAMAM,73,3.270400000000037
46,C85017,Paracet_Tab 500mg,0407010H0AAAMAM,73,3.270400000000037
375,C85033,Clonazepam_Tab 500mcg,0408010F0AAABAB,10,3.1639999999999935
377,C85008,Clonazepam_Tab 500mcg,0408010F0AAABAB,5,3.1639999999999935
378,C85003,Clonazepam_Tab 500mcg,0408010F0AAABAB,5,3.1639999999999935
376,C85022,Clonazepam_Tab 500mcg,0408010F0AAABAB,2,3.1639999999999935
379,C85014,Clonazepam_Tab 500mcg,0408010F0AAABAB,2,2.7119999999999944
380,C85017,Clonazepam_Tab 500mcg,0408010F0AAABAB,4,2.531199999999995
381,C85020,Clonazepam_Tab 500mcg,0408010F0AAABAB,2,2.531199999999995
382,Y05248,Clonazepam_Tab 500mcg,0408010F0AAABAB,1,2.531199999999995
383,C85033,Clonazepam_Tab 500mcg,0408010F0AAABAB,4,2.531199999999995
384,C85023,Clonazepam_Tab 500mcg,0408010F0AAABAB,4,2.531199999999995
385,C85010,Clonazepam_Tab 500mcg,0408010F0AAABAB,1,2.531199999999995
49,C85013,Paracet_Tab 500mg,0407010H0AAAMAM,88,2.464000000000002
48,C85013,Paracet_Tab 500mg,0407010H0AAAMAM,88,2.464000000000002
386,C85004,Clonazepam_Tab 500mcg,0408010F0AAABAB,1,2.372999999999995
387,C85007,Clonazepam_Tab 500mcg,0408010F0AAABAB,1,2.2599999999999953
389,C85003,Clonazepam_Tab 500mcg,0408010F0AAABAB,1,2.2147999999999954
388,C85004,Clonazepam_Tab 500mcg,0408010F0AAABAB,7,2.2147999999999954
589,C85619,Lansoprazole_Cap 30mg (E/C Gran),0103050L0AAAAAA,69,1.9320000000000017
590,C85005,Lansoprazole_Cap 30mg (E/C Gran),0103050L0AAAAAA,68,1.9040000000000017
391,C85013,Clonazepam_Tab 500mcg,0408010F0AAABAB,1,1.898399999999996
392,C85018,Clonazepam_Tab 500mcg,0408010F0AAABAB,2,1.898399999999996
393,C85007,Clonazepam_Tab 500mcg,0408010F0AAABAB,3,1.898399999999996
390,C85022,Clonazepam_Tab 500mcg,0408010F0AAABAB,3,1.898399999999996
395,C85018,Clonazepam_Tab 500mcg,0408010F0AAABAB,3,1.898399999999996
394,C85003,Clonazepam_Tab 500mcg,0408010F0AAABAB,2,1.898399999999996
396,C85005,Clonazepam_Tab 500mcg,0408010F0AAABAB,1,1.6949999999999965
509,C85005,Atorvastatin_Tab 20mg,0212000B0AAABAB,145,1.6240000000000465
591,Y05363,Lansoprazole_Cap 30mg (E/C Gran),0103050L0AAAAAA,16,1.6128000000000027
397,C85010,Clonazepam_Tab 500mcg,0408010F0AAABAB,5,1.5819999999999967
398,Y00411,Clonazepam_Tab 500mcg,0408010F0AAABAB,1,1.5819999999999967
399,C85017,Clonazepam_Tab 500mcg,0408010F0AAABAB,5,1.5819999999999967
400,C85004,Clonazepam_Tab 500mcg,0408010F0AAABAB,2,1.3559999999999972
417,C85030,Clonazepam_Tab 500mcg,0408010F0AAABAB,2,1.2655999999999974
414,C85001,Clonazepam_Tab 500mcg,0408010F0AAABAB,1,1.2655999999999974
415,C85026,Clonazepam_Tab 500mcg,0408010F0AAABAB,1,1.2655999999999974
416,C85010,Clonazepam_Tab 500mcg,0408010F0AAABAB,8,1.2655999999999974
413,C85008,Clonazepam_Tab 500mcg,0408010F0AAABAB,1,1.2655999999999974
418,C85033,Clonazepam_Tab 500mcg,0408010F0AAABAB,1,1.2655999999999974
419,Y05248,Clonazepam_Tab 500mcg,0408010F0AAABAB,2,1.2655999999999974
412,C85003,Clonazepam_Tab 500mcg,0408010F0AAABAB,4,1.2655999999999974
421,C85004,Clonazepam_Tab 500mcg,0408010F0AAABAB,2,1.2655999999999974
420,C85016,Clonazepam_Tab 500mcg,0408010F0AAABAB,2,1.2655999999999974
408,C85010,Clonazepam_Tab 500mcg,0408010F0AAABAB,2,1.2655999999999974
411,Y00411,Clonazepam_Tab 500mcg,0408010F0AAABAB,2,1.2655999999999974
410,C85018,Clonazepam_Tab 500mcg,0408010F0AAABAB,4,1.2655999999999974
409,C85023,Clonazepam_Tab 500mcg,0408010F0AAABAB,4,1.2655999999999974
407,C85030,Clonazepam_Tab 500mcg,0408010F0AAABAB,1,1.2655999999999974
406,C85009,Clonazepam_Tab 500mcg,0408010F0AAABAB,2,1.2655999999999974
405,Y04809,Clonazepam_Tab 500mcg,0408010F0AAABAB,2,1.2655999999999974
404,C85024,Clonazepam_Tab 500mcg,0408010F0AAABAB,1,1.2655999999999974
403,C85006,Clonazepam_Tab 500mcg,0408010F0AAABAB,2,1.2655999999999974
402,Y05364,Clonazepam_Tab 500mcg,0408010F0AAABAB,1,1.2655999999999974
401,C85010,Clonazepam_Tab 500mcg,0408010F0AAABAB,1,1.2655999999999974
424,C85008,Clonazepam_Tab 500mcg,0408010F0AAABAB,1,1.1299999999999977
423,C85005,Clonazepam_Tab 500mcg,0408010F0AAABAB,1,1.1299999999999977
422,C85017,Clonazepam_Tab 500mcg,0408010F0AAABAB,1,1.1299999999999977
425,Y05364,Clonazepam_Tab 500mcg,0408010F0AAABAB,1,1.016999999999998
431,Y05363,Clonazepam_Tab 500mcg,0408010F0AAABAB,4,0.949199999999998
436,C85007,Clonazepam_Tab 500mcg,0408010F0AAABAB,3,0.949199999999998
435,C85008,Clonazepam_Tab 500mcg,0408010F0AAABAB,1,0.949199999999998
434,C85016,Clonazepam_Tab 500mcg,0408010F0AAABAB,4,0.949199999999998
433,C85020,Clonazepam_Tab 500mcg,0408010F0AAABAB,3,0.949199999999998
432,Y05248,Clonazepam_Tab 500mcg,0408010F0AAABAB,3,0.949199999999998
429,Y05113,Clonazepam_Tab 500mcg,0408010F0AAABAB,3,0.949199999999998
430,C85014,Clonazepam_Tab 500mcg,0408010F0AAABAB,3,0.949199999999998
428,C85003,Clonazepam_Tab 500mcg,0408010F0AAABAB,4,0.949199999999998
427,Y05364,Clonazepam_Tab 500mcg,0408010F0AAABAB,1,0.949199999999998
426,C85622,Clonazepam_Tab 500mcg,0408010F0AAABAB,1,0.949199999999998
437,C85018,Clonazepam_Tab 500mcg,0408010F0AAABAB,5,0.7909999999999984
438,C85007,Clonazepam_Tab 500mcg,0408010F0AAABAB,5,0.7909999999999984
439,C85026,Clonazepam_Tab 500mcg,0408010F0AAABAB,10,0.7909999999999984
441,C85013,Clonazepam_Tab 500mcg,0408010F0AAABAB,2,0.6779999999999986
443,C85024,Clonazepam_Tab 500mcg,0408010F0AAABAB,1,0.6779999999999986
442,C85033,Clonazepam_Tab 500mcg,0408010F0AAABAB,1,0.6779999999999986
440,C85014,Clonazepam_Tab 500mcg,0408010F0AAABAB,2,0.6779999999999986
460,C85014,Clonazepam_Tab 500mcg,0408010F0AAABAB,1,0.6327999999999987
459,C85010,Clonazepam_Tab 500mcg,0408010F0AAABAB,8,0.6327999999999987
458,C85008,Clonazepam_Tab 500mcg,0408010F0AAABAB,2,0.6327999999999987
457,C85019,Clonazepam_Tab 500mcg,0408010F0AAABAB,2,0.6327999999999987
456,C85016,Clonazepam_Tab 500mcg,0408010F0AAABAB,4,0.6327999999999987
455,C85016,Clonazepam_Tab 500mcg,0408010F0AAABAB,2,0.6327999999999987
454,C85013,Clonazepam_Tab 500mcg,0408010F0AAABAB,2,0.6327999999999987
452,C85024,Clonazepam_Tab 500mcg,0408010F0AAABAB,1,0.6327999999999987
453,Y05364,Clonazepam_Tab 500mcg,0408010F0AAABAB,1,0.6327999999999987
450,C85619,Clonazepam_Tab 500mcg,0408010F0AAABAB,8,0.6327999999999987
451,C85028,Clonazepam_Tab 500mcg,0408010F0AAABAB,1,0.6327999999999987
449,C85619,Clonazepam_Tab 500mcg,0408010F0AAABAB,1,0.6327999999999987
448,C85013,Clonazepam_Tab 500mcg,0408010F0AAABAB,1,0.6327999999999987
447,C85020,Clonazepam_Tab 500mcg,0408010F0AAABAB,4,0.6327999999999987
446,Y05364,Clonazepam_Tab 500mcg,0408010F0AAABAB,2,0.6327999999999987
445,Y05113,Clonazepam_Tab 500mcg,0408010F0AAABAB,1,0.6327999999999987
444,C85026,Clonazepam_Tab 500mcg,0408010F0AAABAB,2,0.6327999999999987
461,C85022,Clonazepam_Tab 500mcg,0408010F0AAABAB,1,0.5699999999999983
592,C85016,Lansoprazole_Cap 30mg (E/C Gran),0103050L0AAAAAA,171,0.4788000000000054
462,C85018,Clonazepam_Tab 500mcg,0408010F0AAABAB,1,0.474599999999999
463,C85016,Clonazepam_Tab 500mcg,0408010F0AAABAB,1,0.474599999999999
593,C85013,Lansoprazole_Cap 30mg (E/C Gran),0103050L0AAAAAA,156,0.43680000000000496
594,C85003,Lansoprazole_Cap 30mg (E/C Gran),0103050L0AAAAAA,148,0.41440000000000465
595,C85004,Lansoprazole_Cap 30mg (E/C Gran),0103050L0AAAAAA,135,0.3780000000000043
464,C85010,Clonazepam_Tab 500mcg,0408010F0AAABAB,3,0.36629999999999996
596,C85010,Lansoprazole_Cap 30mg (E/C Gran),0103050L0AAAAAA,130,0.3640000000000041
597,C85020,Lansoprazole_Cap 30mg (E/C Gran),0103050L0AAAAAA,128,0.35840000000000405
467,C85033,Clonazepam_Tab 500mcg,0408010F0AAABAB,1,0.3389999999999993
465,Y05113,Clonazepam_Tab 500mcg,0408010F0AAABAB,1,0.3389999999999993
466,C85020,Clonazepam_Tab 500mcg,0408010F0AAABAB,1,0.3389999999999993
468,Y05248,Clonazepam_Tab 500mcg,0408010F0AAABAB,1,0.3389999999999993
480,C85006,Clonazepam_Tab 500mcg,0408010F0AAABAB,4,0.31639999999999935
484,Y05363,Clonazepam_Tab 500mcg,0408010F0AAABAB,1,0.31639999999999935
485,C85006,Clonazepam_Tab 500mcg,0408010F0AAABAB,1,0.31639999999999935
482,C85030,Clonazepam_Tab 500mcg,0408010F0AAABAB,1,0.31639999999999935
481,C85619,Clonazepam_Tab 500mcg,0408010F0AAABAB,1,0.31639999999999935
483,C85024,Clonazepam_Tab 500mcg,0408010F0AAABAB,1,0.31639999999999935
479,C85014,Clonazepam_Tab 500mcg,0408010F0AAABAB,4,0.31639999999999935
478,C85030,Clonazepam_Tab 500mcg,0408010F0AAABAB,4,0.31639999999999935
469,C85619,Clonazepam_Tab 500mcg,0408010F0AAABAB,2,0.31639999999999935
470,C85003,Clonazepam_Tab 500mcg,0408010F0AAABAB,4,0.31639999999999935
471,C85623,Clonazepam_Tab 500mcg,0408010F0AAABAB,1,0.31639999999999935
472,C85013,Clonazepam_Tab 500mcg,0408010F0AAABAB,4,0.31639999999999935
473,C85614,Clonazepam_Tab 500mcg,0408010F0AAABAB,1,0.31639999999999935
474,C85022,Clonazepam_Tab 500mcg,0408010F0AAABAB,1,0.31639999999999935
486,C85016,Clonazepam_Tab 500mcg,0408010F0AAABAB,4,0.31639999999999935
475,Y00411,Clonazepam_Tab 500mcg,0408010F0AAABAB,2,0.31639999999999935
476,C85628,Clonazepam_Tab 500mcg,0408010F0AAABAB,1,0.31639999999999935
477,Y00411,Clonazepam_Tab 500mcg,0408010F0AAABAB,1,0.31639999999999935
598,C85017,Lansoprazole_Cap 30mg (E/C Gran),0103050L0AAAAAA,112,0.31360000000000354
599,C85022,Lansoprazole_Cap 30mg (E/C Gran),0103050L0AAAAAA,85,0.23800000000000268
487,Y05364,Clonazepam_Tab 500mcg,0408010F0AAABAB,1,0.2372999999999995
488,Y05364,Clonazepam_Tab 500mcg,0408010F0AAABAB,3,0.2372999999999995
489,C85004,Clonazepam_Tab 500mcg,0408010F0AAABAB,1,0.22199999999999998
601,C85016,Lansoprazole_Cap 30mg (E/C Gran),0103050L0AAAAAA,39,0.21840000000000248
600,C85007,Lansoprazole_Cap 30mg (E/C Gran),0103050L0AAAAAA,78,0.21840000000000248
602,C85030,Lansoprazole_Cap 30mg (E/C Gran),0103050L0AAAAAA,36,0.20160000000000228
316,C85010,Memantine HCl_Tab 20mg,0411000G0AAADAD,40,0.19599999999999979
603,C85014,Lansoprazole_Cap 30mg (E/C Gran),0103050L0AAAAAA,65,0.18200000000000205
604,C85619,Lansoprazole_Cap 30mg (E/C Gran),0103050L0AAAAAA,64,0.17920000000000202
490,C85013,Clonazepam_Tab 500mcg,0408010F0AAABAB,1,0.1791999999999998
491,C85619,Clonazepam_Tab 500mcg,0408010F0AAABAB,1,0.174
492,C85005,Clonazepam_Tab 500mcg,0408010F0AAABAB,1,0.174
605,C85614,Lansoprazole_Cap 30mg (E/C Gran),0103050L0AAAAAA,62,0.17360000000000197
493,C85004,Clonazepam_Tab 500mcg,0408010F0AAABAB,4,0.16959999999999997
494,C85010,Clonazepam_Tab 500mcg,0408010F0AAABAB,4,0.16959999999999997
606,C85030,Lansoprazole_Cap 30mg (E/C Gran),0103050L0AAAAAA,60,0.1680000000000019
607,C85013,Lansoprazole_Cap 30mg (E/C Gran),0103050L0AAAAAA,30,0.1680000000000019
608,C85004,Lansoprazole_Cap 30mg (E/C Gran),0103050L0AAAAAA,29,0.16240000000000182
317,C85016,Memantine HCl_Tab 20mg,0411000G0AAADAD,33,0.16169999999999982
51,C85018,Paracet_Tab 500mg,0407010H0AAAMAM,38,0.15959999999999902
50,C85018,Paracet_Tab 500mg,0407010H0AAAMAM,38,0.15959999999999902
495,C85017,Clonazepam_Tab 500mcg,0408010F0AAABAB,1,0.15819999999999967
496,Y03596,Clonazepam_Tab 500mcg,0408010F0AAABAB,1,0.15819999999999967
497,C85001,Clonazepam_Tab 500mcg,0408010F0AAABAB,2,0.15819999999999967
498,C85023,Clonazepam_Tab 500mcg,0408010F0AAABAB,1,0.15819999999999967
609,C85019,Lansoprazole_Cap 30mg (E/C Gran),0103050L0AAAAAA,54,0.15120000000000172
610,C85028,Lansoprazole_Cap 30mg (E/C Gran),0103050L0AAAAAA,50,0.14000000000000157
499,C85030,Clonazepam_Tab 500mcg,0408010F0AAABAB,1,0.1367999999999996
53,C85010,Paracet_Tab 500mg,0407010H0AAAMAM,8,0.1343999999999992
52,C85010,Paracet_Tab 500mg,0407010H0AAAMAM,8,0.1343999999999992
611,C85009,Lansoprazole_Cap 30mg (E/C Gran),0103050L0AAAAAA,47,0.1316000000000015
612,C85018,Lansoprazole_Cap 30mg (E/C Gran),0103050L0AAAAAA,22,0.12320000000000139
57,C85007,Paracet_Tab 500mg,0407010H0AAAMAM,20,0.11999999999999927
56,C85007,Paracet_Tab 500mg,0407010H0AAAMAM,20,0.11999999999999927
54,C85619,Paracet_Tab 500mg,0407010H0AAAMAM,20,0.11999999999999927
55,C85619,Paracet_Tab 500mg,0407010H0AAAMAM,20,0.11999999999999927
613,C85020,Lansoprazole_Cap 30mg (E/C Gran),0103050L0AAAAAA,21,0.11760000000000133
319,C85017,Memantine HCl_Tab 20mg,0411000G0AAADAD,24,0.11759999999999987
318,C85004,Memantine HCl_Tab 20mg,0411000G0AAADAD,24,0.11759999999999987
536,C85016,Ferr Sulf_Tab 200mg,0901011P0AAACAC,21,0.11759999999999929
614,C85018,Lansoprazole_Cap 30mg (E/C Gran),0103050L0AAAAAA,41,0.11480000000000129
615,C85033,Lansoprazole_Cap 30mg (E/C Gran),0103050L0AAAAAA,40,0.11200000000000127
616,C85006,Lansoprazole_Cap 30mg (E/C Gran),0103050L0AAAAAA,39,0.10920000000000124
320,C85022,Memantine HCl_Tab 20mg,0411000G0AAADAD,22,0.10779999999999988
617,C85010,Lansoprazole_Cap 30mg (E/C Gran),0103050L0AAAAAA,19,0.1064000000000012
619,C85026,Lansoprazole_Cap 30mg (E/C Gran),0103050L0AAAAAA,36,0.10080000000000114
618,C85017,Lansoprazole_Cap 30mg (E/C Gran),0103050L0AAAAAA,18,0.10080000000000114
58,C85005,Paracet_Tab 500mg,0407010H0AAAMAM,9,0.10079999999999939
59,C85005,Paracet_Tab 500mg,0407010H0AAAMAM,9,0.10079999999999939
620,Y05363,Lansoprazole_Cap 30mg (E/C Gran),0103050L0AAAAAA,35,0.09800000000000111
321,C85014,Memantine HCl_Tab 20mg,0411000G0AAADAD,19,0.0930999999999999
60,C85009,Paracet_Tab 500mg,0407010H0AAAMAM,1,0.0912
61,C85009,Paracet_Tab 500mg,0407010H0AAAMAM,1,0.0912
621,C85033,Lansoprazole_Cap 30mg (E/C Gran),0103050L0AAAAAA,16,0.08960000000000101
622,C85008,Lansoprazole_Cap 30mg (E/C Gran),0103050L0AAAAAA,32,0.08960000000000101
63,C85016,Paracet_Tab 500mg,0407010H0AAAMAM,21,0.08819999999999947
62,C85016,Paracet_Tab 500mg,0407010H0AAAMAM,21,0.08819999999999947
500,C85028,Clonazepam_Tab 500mcg,0408010F0AAABAB,4,0.08479999999999999
623,C85614,Lansoprazole_Cap 30mg (E/C Gran),0103050L0AAAAAA,15,0.08400000000000095
65,C85023,Paracet_Tab 500mg,0407010H0AAAMAM,14,0.08399999999999949
64,C85023,Paracet_Tab 500mg,0407010H0AAAMAM,14,0.08399999999999949
67,C85004,Paracet_Tab 500mg,0407010H0AAAMAM,29,0.08119999999999951
66,C85004,Paracet_Tab 500mg,0407010H0AAAMAM,29,0.08119999999999951
68,C85017,Paracet_Tab 500mg,0407010H0AAAMAM,19,0.07979999999999951
69,C85017,Paracet_Tab 500mg,0407010H0AAAMAM,19,0.07979999999999951
501,C85004,Clonazepam_Tab 500mcg,0408010F0AAABAB,1,0.07909999999999984
502,C85008,Clonazepam_Tab 500mcg,0408010F0AAABAB,1,0.07909999999999984
624,C85006,Lansoprazole_Cap 30mg (E/C Gran),0103050L0AAAAAA,14,0.07840000000000089
322,C85008,Memantine HCl_Tab 20mg,0411000G0AAADAD,15,0.07349999999999993
70,C85014,Paracet_Tab 500mg,0407010H0AAAMAM,26,0.07279999999999956
71,C85014,Paracet_Tab 500mg,0407010H0AAAMAM,26,0.07279999999999956
537,C85024,Ferr Sulf_Tab 200mg,0901011P0AAACAC,4,0.07199999999999707
323,C85030,Memantine HCl_Tab 20mg,0411000G0AAADAD,14,0.06859999999999992
625,Y05364,Lansoprazole_Cap 30mg (E/C Gran),0103050L0AAAAAA,24,0.06720000000000076
538,C85022,Ferr Sulf_Tab 200mg,0901011P0AAACAC,12,0.0671999999999996
503,C85005,Clonazepam_Tab 500mcg,0408010F0AAABAB,1,0.06359999999999999
73,C85010,Paracet_Tab 500mg,0407010H0AAAMAM,22,0.06159999999999963
72,C85010,Paracet_Tab 500mg,0407010H0AAAMAM,22,0.06159999999999963
324,C85013,Memantine HCl_Tab 20mg,0411000G0AAADAD,12,0.058799999999999936
626,C85003,Lansoprazole_Cap 30mg (E/C Gran),0103050L0AAAAAA,10,0.05600000000000063
627,C85009,Lansoprazole_Cap 30mg (E/C Gran),0103050L0AAAAAA,10,0.05600000000000063
74,C85014,Paracet_Tab 500mg,0407010H0AAAMAM,13,0.05459999999999967
75,C85014,Paracet_Tab 500mg,0407010H0AAAMAM,13,0.05459999999999967
76,C85010,Paracet_Tab 500mg,0407010H0AAAMAM,9,0.05399999999999967
77,C85010,Paracet_Tab 500mg,0407010H0AAAMAM,9,0.05399999999999967
628,Y05364,Lansoprazole_Cap 30mg (E/C Gran),0103050L0AAAAAA,9,0.05040000000000057
325,C85019,Memantine HCl_Tab 20mg,0411000G0AAADAD,10,0.048999999999999946
78,C85628,Paracet_Tab 500mg,0407010H0AAAMAM,8,0.04799999999999971
79,C85628,Paracet_Tab 500mg,0407010H0AAAMAM,8,0.04799999999999971
540,C85033,Ferr Sulf_Tab 200mg,0901011P0AAACAC,8,0.04479999999999973
539,C85619,Ferr Sulf_Tab 200mg,0901011P0AAACAC,8,0.04479999999999973
80,C85020,Paracet_Tab 500mg,0407010H0AAAMAM,16,0.04479999999999973
81,C85022,Paracet_Tab 500mg,0407010H0AAAMAM,16,0.04479999999999973
82,C85020,Paracet_Tab 500mg,0407010H0AAAMAM,16,0.04479999999999973
83,C85022,Paracet_Tab 500mg,0407010H0AAAMAM,16,0.04479999999999973
326,Y05113,Memantine HCl_Tab 20mg,0411000G0AAADAD,9,0.04409999999999995
504,C85619,Clonazepam_Tab 500mcg,0408010F0AAABAB,1,0.04239999999999999
87,C85014,Paracet_Tab 500mg,0407010H0AAAMAM,7,0.041999999999999746
86,C85009,Paracet_Tab 500mg,0407010H0AAAMAM,7,0.041999999999999746
85,C85014,Paracet_Tab 500mg,0407010H0AAAMAM,7,0.041999999999999746
88,C85028,Paracet_Tab 500mg,0407010H0AAAMAM,7,0.041999999999999746
89,C85028,Paracet_Tab 500mg,0407010H0AAAMAM,7,0.041999999999999746
84,C85009,Paracet_Tab 500mg,0407010H0AAAMAM,7,0.041999999999999746
629,Y04809,Lansoprazole_Cap 30mg (E/C Gran),0103050L0AAAAAA,7,0.03920000000000044
327,C85028,Memantine HCl_Tab 20mg,0411000G0AAADAD,8,0.03919999999999996
328,C85007,Memantine HCl_Tab 20mg,0411000G0AAADAD,8,0.03919999999999996
329,C85020,Memantine HCl_Tab 20mg,0411000G0AAADAD,8,0.03919999999999996
541,C85003,Ferr Sulf_Tab 200mg,0901011P0AAACAC,7,0.03919999999999976
631,C85623,Lansoprazole_Cap 30mg (E/C Gran),0103050L0AAAAAA,13,0.03640000000000041
630,Y05248,Lansoprazole_Cap 30mg (E/C Gran),0103050L0AAAAAA,13,0.03640000000000041
96,C85001,Paracet_Tab 500mg,0407010H0AAAMAM,6,0.03599999999999978
95,C85030,Paracet_Tab 500mg,0407010H0AAAMAM,6,0.03599999999999978
94,C85017,Paracet_Tab 500mg,0407010H0AAAMAM,6,0.03599999999999978
97,C85033,Paracet_Tab 500mg,0407010H0AAAMAM,6,0.03599999999999978
90,C85017,Paracet_Tab 500mg,0407010H0AAAMAM,6,0.03599999999999978
91,C85033,Paracet_Tab 500mg,0407010H0AAAMAM,6,0.03599999999999978
92,C85001,Paracet_Tab 500mg,0407010H0AAAMAM,6,0.03599999999999978
93,C85030,Paracet_Tab 500mg,0407010H0AAAMAM,6,0.03599999999999978
330,C85009,Memantine HCl_Tab 20mg,0411000G0AAADAD,7,0.03429999999999996
331,Y05248,Memantine HCl_Tab 20mg,0411000G0AAADAD,7,0.03429999999999996
632,Y04809,Lansoprazole_Cap 30mg (E/C Gran),0103050L0AAAAAA,12,0.03360000000000038
101,C85008,Paracet_Tab 500mg,0407010H0AAAMAM,8,0.0335999999999998
100,C85009,Paracet_Tab 500mg,0407010H0AAAMAM,8,0.0335999999999998
99,C85009,Paracet_Tab 500mg,0407010H0AAAMAM,8,0.0335999999999998
98,C85008,Paracet_Tab 500mg,0407010H0AAAMAM,8,0.0335999999999998
542,Y05363,Ferr Sulf_Tab 200mg,0901011P0AAACAC,6,0.0335999999999998
543,C85019,Ferr Sulf_Tab 200mg,0901011P0AAACAC,6,0.0335999999999998
102,C85008,Paracet_Tab 500mg,0407010H0AAAMAM,11,0.030799999999999814
103,C85008,Paracet_Tab 500mg,0407010H0AAAMAM,11,0.030799999999999814
106,C85008,Paracet_Tab 500mg,0407010H0AAAMAM,5,0.02999999999999982
107,C85020,Paracet_Tab 500mg,0407010H0AAAMAM,5,0.02999999999999982
105,C85020,Paracet_Tab 500mg,0407010H0AAAMAM,5,0.02999999999999982
104,C85008,Paracet_Tab 500mg,0407010H0AAAMAM,5,0.02999999999999982
332,C85003,Memantine HCl_Tab 20mg,0411000G0AAADAD,6,0.029399999999999968
521,C85001,Nitrofurantoin_Tab 50mg,0501130R0AAADAD,8,0.028800000000002157
634,C85022,Lansoprazole_Cap 30mg (E/C Gran),0103050L0AAAAAA,5,0.028000000000000316
633,C85014,Lansoprazole_Cap 30mg (E/C Gran),0103050L0AAAAAA,5,0.028000000000000316
635,Y05363,Lansoprazole_Cap 30mg (E/C Gran),0103050L0AAAAAA,5,0.028000000000000316
109,C85030,Paracet_Tab 500mg,0407010H0AAAMAM,10,0.02799999999999983
112,Y05363,Paracet_Tab 500mg,0407010H0AAAMAM,10,0.02799999999999983
111,Y05364,Paracet_Tab 500mg,0407010H0AAAMAM,10,0.02799999999999983
110,Y05363,Paracet_Tab 500mg,0407010H0AAAMAM,10,0.02799999999999983
108,C85030,Paracet_Tab 500mg,0407010H0AAAMAM,10,0.02799999999999983
113,Y05364,Paracet_Tab 500mg,0407010H0AAAMAM,10,0.02799999999999983
636,C85628,Lansoprazole_Cap 30mg (E/C Gran),0103050L0AAAAAA,9,0.025200000000000285
119,C85007,Paracet_Tab 500mg,0407010H0AAAMAM,6,0.025199999999999848
118,C85013,Paracet_Tab 500mg,0407010H0AAAMAM,9,0.025199999999999848
117,C85033,Paracet_Tab 500mg,0407010H0AAAMAM,9,0.025199999999999848
116,C85013,Paracet_Tab 500mg,0407010H0AAAMAM,9,0.025199999999999848
115,C85007,Paracet_Tab 500mg,0407010H0AAAMAM,6,0.025199999999999848
114,C85033,Paracet_Tab 500mg,0407010H0AAAMAM,9,0.025199999999999848
333,C85614,Memantine HCl_Tab 20mg,0411000G0AAADAD,5,0.024499999999999973
121,C85022,Paracet_Tab 500mg,0407010H0AAAMAM,4,0.023999999999999855
120,C85022,Paracet_Tab 500mg,0407010H0AAAMAM,4,0.023999999999999855
544,C85024,Ferr Sulf_Tab 200mg,0901011P0AAACAC,2,0.023999999999999022
637,Y05248,Lansoprazole_Cap 30mg (E/C Gran),0103050L0AAAAAA,4,0.022400000000000253
640,C85007,Lansoprazole_Cap 30mg (E/C Gran),0103050L0AAAAAA,4,0.022400000000000253
638,C85005,Lansoprazole_Cap 30mg (E/C Gran),0103050L0AAAAAA,8,0.022400000000000253
639,Y00411,Lansoprazole_Cap 30mg (E/C Gran),0103050L0AAAAAA,4,0.022400000000000253
546,C85014,Ferr Sulf_Tab 200mg,0901011P0AAACAC,4,0.022399999999999864
122,C85004,Paracet_Tab 500mg,0407010H0AAAMAM,16,0.022399999999999864
547,C85020,Ferr Sulf_Tab 200mg,0901011P0AAACAC,4,0.022399999999999864
545,C85024,Ferr Sulf_Tab 200mg,0901011P0AAACAC,4,0.022399999999999864
550,C85028,Ferr Sulf_Tab 200mg,0901011P0AAACAC,4,0.022399999999999864
123,C85004,Paracet_Tab 500mg,0407010H0AAAMAM,16,0.022399999999999864
549,C85004,Ferr Sulf_Tab 200mg,0901011P0AAACAC,4,0.022399999999999864
548,C85017,Ferr Sulf_Tab 200mg,0901011P0AAACAC,8,0.022399999999999864
124,C85614,Paracet_Tab 500mg,0407010H0AAAMAM,5,0.020999999999999873
125,C85614,Paracet_Tab 500mg,0407010H0AAAMAM,5,0.020999999999999873
337,C85619,Memantine HCl_Tab 20mg,0411000G0AAADAD,4,0.01959999999999998
336,C85622,Memantine HCl_Tab 20mg,0411000G0AAADAD,4,0.01959999999999998
335,C85026,Memantine HCl_Tab 20mg,0411000G0AAADAD,4,0.01959999999999998
334,C85033,Memantine HCl_Tab 20mg,0411000G0AAADAD,4,0.01959999999999998
126,C85018,Paracet_Tab 500mg,0407010H0AAAMAM,7,0.01959999999999988
127,C85018,Paracet_Tab 500mg,0407010H0AAAMAM,7,0.01959999999999988
641,C85614,Lansoprazole_Cap 30mg (E/C Gran),0103050L0AAAAAA,5,0.01800000000000003
131,Y00411,Paracet_Tab 500mg,0407010H0AAAMAM,2,0.01799999999999989
133,C85614,Paracet_Tab 500mg,0407010H0AAAMAM,3,0.01799999999999989
132,Y00411,Paracet_Tab 500mg,0407010H0AAAMAM,3,0.01799999999999989
130,Y00411,Paracet_Tab 500mg,0407010H0AAAMAM,2,0.01799999999999989
129,Y00411,Paracet_Tab 500mg,0407010H0AAAMAM,3,0.01799999999999989
128,C85614,Paracet_Tab 500mg,0407010H0AAAMAM,3,0.01799999999999989
145,C85622,Paracet_Tab 500mg,0407010H0AAAMAM,4,0.0167999999999999
149,C85006,Paracet_Tab 500mg,0407010H0AAAMAM,4,0.0167999999999999
148,C85020,Paracet_Tab 500mg,0407010H0AAAMAM,4,0.0167999999999999
147,C85030,Paracet_Tab 500mg,0407010H0AAAMAM,4,0.0167999999999999
146,C85030,Paracet_Tab 500mg,0407010H0AAAMAM,4,0.0167999999999999
137,C85020,Paracet_Tab 500mg,0407010H0AAAMAM,4,0.0167999999999999
144,C85022,Paracet_Tab 500mg,0407010H0AAAMAM,4,0.0167999999999999
143,C85022,Paracet_Tab 500mg,0407010H0AAAMAM,4,0.0167999999999999
142,Y04809,Paracet_Tab 500mg,0407010H0AAAMAM,4,0.0167999999999999
141,C85622,Paracet_Tab 500mg,0407010H0AAAMAM,4,0.0167999999999999
140,C85003,Paracet_Tab 500mg,0407010H0AAAMAM,4,0.0167999999999999
138,Y04809,Paracet_Tab 500mg,0407010H0AAAMAM,4,0.0167999999999999
136,C85004,Paracet_Tab 500mg,0407010H0AAAMAM,4,0.0167999999999999
135,C85003,Paracet_Tab 500mg,0407010H0AAAMAM,4,0.0167999999999999
134,C85004,Paracet_Tab 500mg,0407010H0AAAMAM,4,0.0167999999999999
139,C85006,Paracet_Tab 500mg,0407010H0AAAMAM,4,0.0167999999999999
338,C85018,Memantine HCl_Tab 20mg,0411000G0AAADAD,3,0.014699999999999984
642,C85622,Lansoprazole_Cap 30mg (E/C Gran),0103050L0AAAAAA,5,0.014000000000000158
152,C85007,Paracet_Tab 500mg,0407010H0AAAMAM,5,0.013999999999999915
150,C85619,Paracet_Tab 500mg,0407010H0AAAMAM,5,0.013999999999999915
153,C85007,Paracet_Tab 500mg,0407010H0AAAMAM,5,0.013999999999999915
151,C85619,Paracet_Tab 500mg,0407010H0AAAMAM,5,0.013999999999999915
157,C85619,Paracet_Tab 500mg,0407010H0AAAMAM,3,0.012599999999999924
156,C85614,Paracet_Tab 500mg,0407010H0AAAMAM,6,0.012599999999999924
155,C85614,Paracet_Tab 500mg,0407010H0AAAMAM,6,0.012599999999999924
154,C85619,Paracet_Tab 500mg,0407010H0AAAMAM,3,0.012599999999999924
673,C85619,Omeprazole_Tab E/C 20mg,0103050P0AABDBD,3,0.012599999999999778
163,C85004,Paracet_Tab 500mg,0407010H0AAAMAM,2,0.011999999999999927
167,C85017,Paracet_Tab 500mg,0407010H0AAAMAM,4,0.011999999999999927
165,C85622,Paracet_Tab 500mg,0407010H0AAAMAM,2,0.011999999999999927
164,C85005,Paracet_Tab 500mg,0407010H0AAAMAM,2,0.011999999999999927
166,Y05248,Paracet_Tab 500mg,0407010H0AAAMAM,2,0.011999999999999927
162,Y05248,Paracet_Tab 500mg,0407010H0AAAMAM,2,0.011999999999999927
161,C85004,Paracet_Tab 500mg,0407010H0AAAMAM,2,0.011999999999999927
160,C85018,Paracet_Tab 500mg,0407010H0AAAMAM,2,0.011999999999999927
158,C85018,Paracet_Tab 500mg,0407010H0AAAMAM,2,0.011999999999999927
168,C85622,Paracet_Tab 500mg,0407010H0AAAMAM,2,0.011999999999999927
159,C85017,Paracet_Tab 500mg,0407010H0AAAMAM,4,0.011999999999999927
169,C85005,Paracet_Tab 500mg,0407010H0AAAMAM,2,0.011999999999999927
551,C85024,Ferr Sulf_Tab 200mg,0901011P0AAACAC,2,0.011999999999999511
644,Y05222,Lansoprazole_Cap 30mg (E/C Gran),0103050L0AAAAAA,2,0.011200000000000127
646,C85026,Lansoprazole_Cap 30mg (E/C Gran),0103050L0AAAAAA,2,0.011200000000000127
643,C85001,Lansoprazole_Cap 30mg (E/C Gran),0103050L0AAAAAA,2,0.011200000000000127
645,C85005,Lansoprazole_Cap 30mg (E/C Gran),0103050L0AAAAAA,2,0.011200000000000127
648,C85023,Lansoprazole_Cap 30mg (E/C Gran),0103050L0AAAAAA,4,0.011200000000000127
647,C85024,Lansoprazole_Cap 30mg (E/C Gran),0103050L0AAAAAA,4,0.011200000000000127
170,C85026,Paracet_Tab 500mg,0407010H0AAAMAM,4,0.011199999999999932
171,C85614,Paracet_Tab 500mg,0407010H0AAAMAM,4,0.011199999999999932
172,C85006,Paracet_Tab 500mg,0407010H0AAAMAM,4,0.011199999999999932
559,C85013,Ferr Sulf_Tab 200mg,0901011P0AAACAC,4,0.011199999999999932
174,Y05248,Paracet_Tab 500mg,0407010H0AAAMAM,4,0.011199999999999932
175,C85016,Paracet_Tab 500mg,0407010H0AAAMAM,4,0.011199999999999932
176,C85614,Paracet_Tab 500mg,0407010H0AAAMAM,4,0.011199999999999932
177,C85006,Paracet_Tab 500mg,0407010H0AAAMAM,4,0.011199999999999932
178,C85016,Paracet_Tab 500mg,0407010H0AAAMAM,4,0.011199999999999932
179,Y05248,Paracet_Tab 500mg,0407010H0AAAMAM,4,0.011199999999999932
558,Y05363,Ferr Sulf_Tab 200mg,0901011P0AAACAC,4,0.011199999999999932
173,C85026,Paracet_Tab 500mg,0407010H0AAAMAM,4,0.011199999999999932
560,C85018,Ferr Sulf_Tab 200mg,0901011P0AAACAC,2,0.011199999999999932
554,C85003,Ferr Sulf_Tab 200mg,0901011P0AAACAC,4,0.011199999999999932
552,C85005,Ferr Sulf_Tab 200mg,0901011P0AAACAC,2,0.011199999999999932
553,C85020,Ferr Sulf_Tab 200mg,0901011P0AAACAC,4,0.011199999999999932
557,C85623,Ferr Sulf_Tab 200mg,0901011P0AAACAC,2,0.011199999999999932
556,C85619,Ferr Sulf_Tab 200mg,0901011P0AAACAC,4,0.011199999999999932
555,C85026,Ferr Sulf_Tab 200mg,0901011P0AAACAC,4,0.011199999999999932
181,C85007,Paracet_Tab 500mg,0407010H0AAAMAM,5,0.010499999999999936
180,C85007,Paracet_Tab 500mg,0407010H0AAAMAM,5,0.010499999999999936
649,C85030,Lansoprazole_Cap 30mg (E/C Gran),0103050L0AAAAAA,3,0.009000000000000258
561,C85619,Ferr Sulf_Tab 200mg,0901011P0AAACAC,1,0.008999999999999633
343,C85018,Prednisolone_Tab Solb 5mg,0603020T0AABHBH,2,0.008999999999999009
650,C85003,Lansoprazole_Cap 30mg (E/C Gran),0103050L0AAAAAA,2,0.00840000000000024
182,C85005,Paracet_Tab 500mg,0407010H0AAAMAM,2,0.00839999999999995
188,C85005,Paracet_Tab 500mg,0407010H0AAAMAM,2,0.00839999999999995
562,C85017,Ferr Sulf_Tab 200mg,0901011P0AAACAC,1,0.00839999999999995
186,C85023,Paracet_Tab 500mg,0407010H0AAAMAM,2,0.00839999999999995
185,C85014,Paracet_Tab 500mg,0407010H0AAAMAM,4,0.00839999999999995
184,C85019,Paracet_Tab 500mg,0407010H0AAAMAM,4,0.00839999999999995
183,C85014,Paracet_Tab 500mg,0407010H0AAAMAM,4,0.00839999999999995
189,C85019,Paracet_Tab 500mg,0407010H0AAAMAM,4,0.00839999999999995
187,C85023,Paracet_Tab 500mg,0407010H0AAAMAM,2,0.00839999999999995
674,C85004,Omeprazole_Tab E/C 20mg,0103050P0AABDBD,2,0.008399999999999852
344,C85024,Prednisolone_Tab Solb 5mg,0603020T0AABHBH,2,0.007199999999999207
191,C85003,Paracet_Tab 500mg,0407010H0AAAMAM,5,0.006999999999999958
190,C85003,Paracet_Tab 500mg,0407010H0AAAMAM,5,0.006999999999999958
563,C85026,Ferr Sulf_Tab 200mg,0901011P0AAACAC,1,0.006299999999999743
510,C85005,Atorvastatin_Tab 20mg,0212000B0AAABAB,1,0.006000000000000172
651,Y04809,Lansoprazole_Cap 30mg (E/C Gran),0103050L0AAAAAA,2,0.006000000000000172
194,C85016,Paracet_Tab 500mg,0407010H0AAAMAM,1,0.005999999999999964
201,C85003,Paracet_Tab 500mg,0407010H0AAAMAM,1,0.005999999999999964
197,Y05363,Paracet_Tab 500mg,0407010H0AAAMAM,1,0.005999999999999964
196,Y05364,Paracet_Tab 500mg,0407010H0AAAMAM,1,0.005999999999999964
195,C85019,Paracet_Tab 500mg,0407010H0AAAMAM,1,0.005999999999999964
198,C85016,Paracet_Tab 500mg,0407010H0AAAMAM,1,0.005999999999999964
193,C85003,Paracet_Tab 500mg,0407010H0AAAMAM,1,0.005999999999999964
192,Y05364,Paracet_Tab 500mg,0407010H0AAAMAM,1,0.005999999999999964
200,C85019,Paracet_Tab 500mg,0407010H0AAAMAM,1,0.005999999999999964
199,Y05363,Paracet_Tab 500mg,0407010H0AAAMAM,1,0.005999999999999964
564,C85014,Ferr Sulf_Tab 200mg,0901011P0AAACAC,1,0.0059999999999997555
522,C85016,Nitrofurantoin_Tab 50mg,0501130R0AAADAD,1,0.005999999999999339
652,C85019,Lansoprazole_Cap 30mg (E/C Gran),0103050L0AAAAAA,1,0.005600000000000063
653,C85008,Lansoprazole_Cap 30mg (E/C Gran),0103050L0AAAAAA,1,0.005600000000000063
202,C85619,Paracet_Tab 500mg,0407010H0AAAMAM,4,0.005599999999999966
203,C85030,Paracet_Tab 500mg,0407010H0AAAMAM,4,0.005599999999999966
204,C85619,Paracet_Tab 500mg,0407010H0AAAMAM,4,0.005599999999999966
205,C85030,Paracet_Tab 500mg,0407010H0AAAMAM,4,0.005599999999999966
511,C85010,Atorvastatin_Tab 20mg,0212000B0AAABAB,1,0.00540000000000003
339,Y05222,Memantine HCl_Tab 20mg,0411000G0AAADAD,1,0.004899999999999995
345,C85006,Prednisolone_Tab Solb 5mg,0603020T0AABHBH,1,0.004499999999999504
512,C85019,Atorvastatin_Tab 20mg,0212000B0AAABAB,1,0.004400000000000015
654,C85016,Lansoprazole_Cap 30mg (E/C Gran),0103050L0AAAAAA,1,0.00420000000000012
206,C85623,Paracet_Tab 500mg,0407010H0AAAMAM,3,0.004199999999999975
207,C85623,Paracet_Tab 500mg,0407010H0AAAMAM,3,0.004199999999999975
675,C85017,Omeprazole_Tab E/C 20mg,0103050P0AABDBD,1,0.004199999999999926
523,C85016,Nitrofurantoin_Tab 50mg,0501130R0AAADAD,1,0.0036000000000002697
524,Y05827,Nitrofurantoin_Tab 50mg,0501130R0AAADAD,1,0.0036000000000002697
346,C85013,Prednisolone_Tab Solb 5mg,0603020T0AABHBH,1,0.0035999999999996035
347,C85017,Prednisolone_Tab Solb 5mg,0603020T0AABHBH,1,0.0035999999999996035
340,C85017,Memantine HCl_Tab 20mg,0411000G0AAADAD,1,0.0035000000000001003
655,C85033,Lansoprazole_Cap 30mg (E/C Gran),0103050L0AAAAAA,1,0.0035000000000001003
565,C85022,Ferr Sulf_Tab 200mg,0901011P0AAACAC,1,0.0030999999999998737
657,Y05364,Lansoprazole_Cap 30mg (E/C Gran),0103050L0AAAAAA,1,0.003000000000000086
656,C85010,Lansoprazole_Cap 30mg (E/C Gran),0103050L0AAAAAA,1,0.003000000000000086
659,C85014,Lansoprazole_Cap 30mg (E/C Gran),0103050L0AAAAAA,1,0.003000000000000086
658,C85028,Lansoprazole_Cap 30mg (E/C Gran),0103050L0AAAAAA,1,0.003000000000000086
208,C85024,Paracet_Tab 500mg,0407010H0AAAMAM,1,0.002999999999999982
215,Y05363,Paracet_Tab 500mg,0407010H0AAAMAM,1,0.002999999999999982
214,Y05363,Paracet_Tab 500mg,0407010H0AAAMAM,1,0.002999999999999982
213,C85010,Paracet_Tab 500mg,0407010H0AAAMAM,1,0.002999999999999982
212,C85619,Paracet_Tab 500mg,0407010H0AAAMAM,1,0.002999999999999982
211,C85010,Paracet_Tab 500mg,0407010H0AAAMAM,1,0.002999999999999982
210,C85619,Paracet_Tab 500mg,0407010H0AAAMAM,1,0.002999999999999982
209,C85024,Paracet_Tab 500mg,0407010H0AAAMAM,1,0.002999999999999982
348,Y00411,Prednisolone_Tab Solb 5mg,0603020T0AABHBH,1,0.0029999999999996696
660,Y05222,Lansoprazole_Cap 30mg (E/C Gran),0103050L0AAAAAA,1,0.0028000000000000316
216,C85005,Paracet_Tab 500mg,0407010H0AAAMAM,1,0.002799999999999983
218,C85001,Paracet_Tab 500mg,0407010H0AAAMAM,1,0.002799999999999983
219,C85019,Paracet_Tab 500mg,0407010H0AAAMAM,1,0.002799999999999983
220,C85008,Paracet_Tab 500mg,0407010H0AAAMAM,2,0.002799999999999983
221,C85019,Paracet_Tab 500mg,0407010H0AAAMAM,1,0.002799999999999983
223,C85001,Paracet_Tab 500mg,0407010H0AAAMAM,1,0.002799999999999983
217,C85008,Paracet_Tab 500mg,0407010H0AAAMAM,2,0.002799999999999983
222,C85005,Paracet_Tab 500mg,0407010H0AAAMAM,1,0.002799999999999983
585,C85008,Dexameth_Tab 500mcg,0603020G0AAABAB,1,0.0027999999999996916
349,Y05222,Prednisolone_Tab Solb 5mg,0603020T0AABHBH,1,0.0025999999999999357
513,C85010,Atorvastatin_Tab 20mg,0212000B0AAABAB,1,0.0020000000000000573
525,Y05222,Nitrofurantoin_Tab 50mg,0501130R0AAADAD,1,0.0019999999999997797
526,C85016,Nitrofurantoin_Tab 50mg,0501130R0AAADAD,1,0.0019999999999997797
527,C85033,Nitrofurantoin_Tab 50mg,0501130R0AAADAD,1,0.0019999999999997797
350,C85005,Prednisolone_Tab Solb 5mg,0603020T0AABHBH,1,0.0014999999999998348
225,C85001,Paracet_Tab 500mg,0407010H0AAAMAM,1,0.0013999999999999915
224,C85001,Paracet_Tab 500mg,0407010H0AAAMAM,1,0.0013999999999999915
351,Y05364,Prednisolone_Tab Solb 5mg,0603020T0AABHBH,1,-0.0011999999999998678
231,C85033,Paracet_Tab 500mg,0407010H0AAAMAM,1,-0.001999999999999988
232,C85004,Paracet_Tab 500mg,0407010H0AAAMAM,1,-0.001999999999999988
661,C85017,Lansoprazole_Cap 30mg (E/C Gran),0103050L0AAAAAA,1,-0.001999999999999988
233,C85033,Paracet_Tab 500mg,0407010H0AAAMAM,1,-0.001999999999999988
662,Y00411,Lansoprazole_Cap 30mg (E/C Gran),0103050L0AAAAAA,1,-0.001999999999999988
228,Y00411,Paracet_Tab 500mg,0407010H0AAAMAM,1,-0.001999999999999988
230,C85024,Paracet_Tab 500mg,0407010H0AAAMAM,1,-0.001999999999999988
227,Y00411,Paracet_Tab 500mg,0407010H0AAAMAM,1,-0.001999999999999988
229,C85024,Paracet_Tab 500mg,0407010H0AAAMAM,1,-0.001999999999999988
226,C85004,Paracet_Tab 500mg,0407010H0AAAMAM,1,-0.001999999999999988
663,C85026,Lansoprazole_Cap 30mg (E/C Gran),0103050L0AAAAAA,1,-0.0020999999999999144
664,C85008,Lansoprazole_Cap 30mg (E/C Gran),0103050L0AAAAAA,1,-0.0020999999999999144
352,C85010,Prednisolone_Tab Solb 5mg,0603020T0AABHBH,2,-0.0021999999999997577
234,Y05363,Paracet_Tab 500mg,0407010H0AAAMAM,1,-0.0021999999999999867
235,Y05363,Paracet_Tab 500mg,0407010H0AAAMAM,1,-0.0021999999999999867
353,C85022,Prednisolone_Tab Solb 5mg,0603020T0AABHBH,1,-0.0023999999999997357
354,Y05364,Prednisolone_Tab Solb 5mg,0603020T0AABHBH,1,-0.0027999999999996916
355,C85003,Prednisolone_Tab Solb 5mg,0603020T0AABHBH,1,-0.0027999999999996916
529,Y05248,Nitrofurantoin_Tab 50mg,0501130R0AAADAD,1,-0.0029999999999996696
530,C85006,Nitrofurantoin_Tab 50mg,0501130R0AAADAD,1,-0.0029999999999996696
531,C85013,Nitrofurantoin_Tab 50mg,0501130R0AAADAD,1,-0.0029999999999996696
528,C85023,Nitrofurantoin_Tab 50mg,0501130R0AAADAD,1,-0.0029999999999996696
514,C85013,Atorvastatin_Tab 20mg,0212000B0AAABAB,1,-0.0029999999999998778
515,C85024,Atorvastatin_Tab 20mg,0212000B0AAABAB,1,-0.0029999999999998778
665,Y00411,Lansoprazole_Cap 30mg (E/C Gran),0103050L0AAAAAA,1,-0.0030999999999998737
356,Y00411,Prednisolone_Tab Solb 5mg,0603020T0AABHBH,1,-0.0035999999999996035
357,C85030,Prednisolone_Tab Solb 5mg,0603020T0AABHBH,1,-0.0035999999999996035
358,C85016,Prednisolone_Tab Solb 5mg,0603020T0AABHBH,1,-0.0035999999999996035
360,Y00411,Prednisolone_Tab Solb 5mg,0603020T0AABHBH,1,-0.0039999999999995595
362,C85010,Prednisolone_Tab Solb 5mg,0603020T0AABHBH,1,-0.0039999999999995595
361,Y05222,Prednisolone_Tab Solb 5mg,0603020T0AABHBH,1,-0.0039999999999995595
359,C85017,Prednisolone_Tab Solb 5mg,0603020T0AABHBH,1,-0.0039999999999995595
245,C85009,Paracet_Tab 500mg,0407010H0AAAMAM,2,-0.003999999999999976
516,C85017,Atorvastatin_Tab 20mg,0212000B0AAABAB,1,-0.003999999999999976
236,C85017,Paracet_Tab 500mg,0407010H0AAAMAM,1,-0.003999999999999976
237,C85013,Paracet_Tab 500mg,0407010H0AAAMAM,2,-0.003999999999999976
244,C85009,Paracet_Tab 500mg,0407010H0AAAMAM,1,-0.003999999999999976
240,C85017,Paracet_Tab 500mg,0407010H0AAAMAM,1,-0.003999999999999976
241,C85022,Paracet_Tab 500mg,0407010H0AAAMAM,1,-0.003999999999999976
243,C85009,Paracet_Tab 500mg,0407010H0AAAMAM,2,-0.003999999999999976
238,C85022,Paracet_Tab 500mg,0407010H0AAAMAM,1,-0.003999999999999976
239,C85009,Paracet_Tab 500mg,0407010H0AAAMAM,1,-0.003999999999999976
242,C85013,Paracet_Tab 500mg,0407010H0AAAMAM,2,-0.003999999999999976
517,C85003,Atorvastatin_Tab 20mg,0212000B0AAABAB,1,-0.004199999999999995
567,C85005,Ferr Sulf_Tab 200mg,0901011P0AAACAC,2,-0.00420000000000012
566,Y05248,Ferr Sulf_Tab 200mg,0901011P0AAACAC,2,-0.00420000000000012
666,C85017,Lansoprazole_Cap 30mg (E/C Gran),0103050L0AAAAAA,1,-0.004499999999999983
367,C85018,Prednisolone_Tab Solb 5mg,0603020T0AABHBH,1,-0.004799999999999471
366,Y05364,Prednisolone_Tab Solb 5mg,0603020T0AABHBH,1,-0.004799999999999471
363,Y05222,Prednisolone_Tab Solb 5mg,0603020T0AABHBH,1,-0.004799999999999471
365,C85619,Prednisolone_Tab Solb 5mg,0603020T0AABHBH,1,-0.004799999999999471
364,C85017,Prednisolone_Tab Solb 5mg,0603020T0AABHBH,1,-0.004799999999999471
368,C85007,Prednisolone_Tab Solb 5mg,0603020T0AABHBH,1,-0.0047999999999999154
246,C85013,Paracet_Tab 500mg,0407010H0AAAMAM,1,-0.004799999999999971
247,C85013,Paracet_Tab 500mg,0407010H0AAAMAM,1,-0.004799999999999971
250,C85001,Paracet_Tab 500mg,0407010H0AAAMAM,1,-0.005599999999999966
251,Y05222,Paracet_Tab 500mg,0407010H0AAAMAM,1,-0.005599999999999966
249,C85001,Paracet_Tab 500mg,0407010H0AAAMAM,1,-0.005599999999999966
248,Y05222,Paracet_Tab 500mg,0407010H0AAAMAM,1,-0.005599999999999966
667,C85019,Lansoprazole_Cap 30mg (E/C Gran),0103050L0AAAAAA,2,-0.005599999999999994
369,C85020,Prednisolone_Tab Solb 5mg,0603020T0AABHBH,2,-0.007199999999999207
253,C85010,Paracet_Tab 500mg,0407010H0AAAMAM,2,-0.007999999999999952
252,C85010,Paracet_Tab 500mg,0407010H0AAAMAM,2,-0.007999999999999952
572,C85614,Ferr Sulf_Tab 200mg,0901011P0AAACAC,4,-0.00840000000000024
571,C85020,Ferr Sulf_Tab 200mg,0901011P0AAACAC,4,-0.00840000000000024
569,C85028,Ferr Sulf_Tab 200mg,0901011P0AAACAC,4,-0.00840000000000024
568,C85026,Ferr Sulf_Tab 200mg,0901011P0AAACAC,4,-0.00840000000000024
570,C85004,Ferr Sulf_Tab 200mg,0901011P0AAACAC,4,-0.00840000000000024
518,C85020,Atorvastatin_Tab 20mg,0212000B0AAABAB,3,-0.008999999999999633
668,C85019,Lansoprazole_Cap 30mg (E/C Gran),0103050L0AAAAAA,2,-0.008999999999999966
370,C85020,Prednisolone_Tab Solb 5mg,0603020T0AABHBH,2,-0.009599999999998943
255,C85628,Paracet_Tab 500mg,0407010H0AAAMAM,2,-0.011199999999999932
256,C85623,Paracet_Tab 500mg,0407010H0AAAMAM,2,-0.011199999999999932
257,C85623,Paracet_Tab 500mg,0407010H0AAAMAM,2,-0.011199999999999932
254,C85628,Paracet_Tab 500mg,0407010H0AAAMAM,2,-0.011199999999999932
573,C85009,Ferr Sulf_Tab 200mg,0901011P0AAACAC,6,-0.012600000000000361
574,C85619,Ferr Sulf_Tab 200mg,0901011P0AAACAC,6,-0.012600000000000361
669,C85614,Lansoprazole_Cap 30mg (E/C Gran),0103050L0AAAAAA,3,-0.01349999999999995
258,Y05364,Paracet_Tab 500mg,0407010H0AAAMAM,2,-0.01479999999999991
259,Y05364,Paracet_Tab 500mg,0407010H0AAAMAM,2,-0.01479999999999991
575,C85006,Ferr Sulf_Tab 200mg,0901011P0AAACAC,8,-0.01680000000000048
576,C85033,Ferr Sulf_Tab 200mg,0901011P0AAACAC,8,-0.01680000000000048
577,C85016,Ferr Sulf_Tab 200mg,0901011P0AAACAC,8,-0.01680000000000048
578,C85017,Ferr Sulf_Tab 200mg,0901011P0AAACAC,9,-0.01890000000000054
579,C85010,Ferr Sulf_Tab 200mg,0901011P0AAACAC,12,-0.025200000000000722
261,C85026,Paracet_Tab 500mg,0407010H0AAAMAM,6,-0.0335999999999998
260,C85026,Paracet_Tab 500mg,0407010H0AAAMAM,6,-0.0335999999999998
263,Y05364,Paracet_Tab 500mg,0407010H0AAAMAM,7,-0.03919999999999976
262,Y05364,Paracet_Tab 500mg,0407010H0AAAMAM,7,-0.03919999999999976
582,C85022,Ferr Sulf_Tab 200mg,0901011P0AAACAC,20,-0.0420000000000012
581,C85014,Ferr Sulf_Tab 200mg,0901011P0AAACAC,20,-0.0420000000000012
580,C85003,Ferr Sulf_Tab 200mg,0901011P0AAACAC,20,-0.0420000000000012
583,C85013,Ferr Sulf_Tab 200mg,0901011P0AAACAC,21,-0.04410000000000126
264,C85622,Paracet_Tab 500mg,0407010H0AAAMAM,9,-0.050399999999999695
265,C85622,Paracet_Tab 500mg,0407010H0AAAMAM,9,-0.050399999999999695
267,C85009,Paracet_Tab 500mg,0407010H0AAAMAM,13,-0.07279999999999956
266,C85009,Paracet_Tab 500mg,0407010H0AAAMAM,13,-0.07279999999999956
269,C85614,Paracet_Tab 500mg,0407010H0AAAMAM,14,-0.07839999999999953
268,C85614,Paracet_Tab 500mg,0407010H0AAAMAM,14,-0.07839999999999953
273,Y05248,Paracet_Tab 500mg,0407010H0AAAMAM,16,-0.08959999999999946
270,Y05248,Paracet_Tab 500mg,0407010H0AAAMAM,16,-0.08959999999999946
271,C85008,Paracet_Tab 500mg,0407010H0AAAMAM,16,-0.08959999999999946
272,C85008,Paracet_Tab 500mg,0407010H0AAAMAM,16,-0.08959999999999946
274,Y05363,Paracet_Tab 500mg,0407010H0AAAMAM,20,-0.11199999999999932
275,Y05363,Paracet_Tab 500mg,0407010H0AAAMAM,20,-0.11199999999999932
277,C85024,Paracet_Tab 500mg,0407010H0AAAMAM,21,-0.11759999999999929
276,C85024,Paracet_Tab 500mg,0407010H0AAAMAM,21,-0.11759999999999929
278,C85006,Paracet_Tab 500mg,0407010H0AAAMAM,22,-0.12319999999999925
279,C85006,Paracet_Tab 500mg,0407010H0AAAMAM,22,-0.12319999999999925
280,C85619,Paracet_Tab 500mg,0407010H0AAAMAM,32,-0.17919999999999892
281,C85619,Paracet_Tab 500mg,0407010H0AAAMAM,32,-0.17919999999999892
283,C85003,Paracet_Tab 500mg,0407010H0AAAMAM,59,-0.18879999999999886
282,C85003,Paracet_Tab 500mg,0407010H0AAAMAM,59,-0.18879999999999886
284,C85033,Paracet_Tab 500mg,0407010H0AAAMAM,34,-0.19039999999999885
285,C85033,Paracet_Tab 500mg,0407010H0AAAMAM,34,-0.19039999999999885
670,Y00411,Lansoprazole_Cap 30mg (E/C Gran),0103050L0AAAAAA,37,-0.20719999999999156
671,Y04809,Lansoprazole_Cap 30mg (E/C Gran),0103050L0AAAAAA,21,-0.23519999999999858
286,C85014,Paracet_Tab 500mg,0407010H0AAAMAM,45,-0.25199999999999845
287,C85014,Paracet_Tab 500mg,0407010H0AAAMAM,45,-0.25199999999999845
288,C85030,Paracet_Tab 500mg,0407010H0AAAMAM,55,-0.30799999999999816
289,C85030,Paracet_Tab 500mg,0407010H0AAAMAM,55,-0.30799999999999816
290,C85003,Paracet_Tab 500mg,0407010H0AAAMAM,58,-0.32479999999999803
291,C85003,Paracet_Tab 500mg,0407010H0AAAMAM,58,-0.32479999999999803
292,C85018,Paracet_Tab 500mg,0407010H0AAAMAM,65,-0.36399999999999777
293,C85018,Paracet_Tab 500mg,0407010H0AAAMAM,65,-0.36399999999999777
294,C85022,Paracet_Tab 500mg,0407010H0AAAMAM,74,-0.4143999999999975
295,C85022,Paracet_Tab 500mg,0407010H0AAAMAM,74,-0.4143999999999975
297,C85007,Paracet_Tab 500mg,0407010H0AAAMAM,76,-0.4255999999999974
296,C85007,Paracet_Tab 500mg,0407010H0AAAMAM,76,-0.4255999999999974
298,C85020,Paracet_Tab 500mg,0407010H0AAAMAM,77,-0.43119999999999736
299,C85020,Paracet_Tab 500mg,0407010H0AAAMAM,77,-0.43119999999999736
300,Y00411,Paracet_Tab 500mg,0407010H0AAAMAM,4,-0.5376000000000003
301,Y00411,Paracet_Tab 500mg,0407010H0AAAMAM,4,-0.5376000000000003
302,C85017,Paracet_Tab 500mg,0407010H0AAAMAM,100,-0.5599999999999966
303,C85017,Paracet_Tab 500mg,0407010H0AAAMAM,100,-0.5599999999999966
304,C85016,Paracet_Tab 500mg,0407010H0AAAMAM,118,-0.6607999999999961
305,C85016,Paracet_Tab 500mg,0407010H0AAAMAM,118,-0.6607999999999961
307,C85004,Paracet_Tab 500mg,0407010H0AAAMAM,142,-0.7951999999999952
306,C85004,Paracet_Tab 500mg,0407010H0AAAMAM,142,-0.7951999999999952
308,C85017,Paracet_Tab 500mg,0407010H0AAAMAM,27,-0.8315999999999989
309,C85017,Paracet_Tab 500mg,0407010H0AAAMAM,27,-0.8315999999999989
311,C85013,Paracet_Tab 500mg,0407010H0AAAMAM,29,-1.159999999999993
310,C85013,Paracet_Tab 500mg,0407010H0AAAMAM,29,-1.159999999999993
313,Y04809,Paracet_Tab 500mg,0407010H0AAAMAM,22,-1.3199999999999996
312,Y04809,Paracet_Tab 500mg,0407010H0AAAMAM,22,-1.3199999999999996
