,practice_code,bnf_description,bnf_code,items,excess_cost
0,M84001,Amiodarone HCl_Tab 200mg,0203020D0AAABAB,6,2.100000000000002
1,M84001,Amitriptyline HCl_Tab 50mg,0403010B0AAAIAI,1,-0.006000000000000172
2,M84001,Clonazepam_Tab 500mcg,0408010F0AAABAB,23,9.69539999999998
3,M84001,Co-Codamol_Cap 8mg/500mg,0407010F0AAABAB,28,4.253200000000046
4,M84001,Paracet_Tab 500mg,0407010H0AAAMAM,242,8.379200000000097
5,M84001,Risperidone_Tab 6mg,040201030AAAFAF,1,29.2096
6,M84001,Topiramate_Tab 200mg,040801050AAACAC,1,2.489999999999999
7,M84003,Amiodarone HCl_Tab 200mg,0203020D0AAABAB,1,0.3500000000000003
8,M84003,Clonazepam_Tab 500mcg,0408010F0AAABAB,12,7.732199999999984
9,M84003,Co-Codamol_Cap 8mg/500mg,0407010F0AAABAB,16,2.1320000000000214
10,M84003,Paracet_Tab 500mg,0407010H0AAAMAM,4,0.0007999999999999952
11,M84005,Clonazepam_Tab 500mcg,0408010F0AAABAB,6,2.892799999999994
12,M84005,Co-Codamol_Cap 8mg/500mg,0407010F0AAABAB,4,0.6400000000000072
13,M84005,Mesalazine_Tab E/C 400mg,0105010B0AAAAAA,1,47.913599999999995
14,M84005,Paracet_Tab 500mg,0407010H0AAAMAM,6,-0.010399999999999937
15,M84005,Pyridox HCl_Tab 50mg,0906024N0AAAIAI,1,1.9152000000000005
16,M84006,Amiodarone HCl_Tab 200mg,0203020D0AAABAB,15,2.5970000000000013
17,M84006,Clonazepam_Tab 500mcg,0408010F0AAABAB,12,3.401299999999993
18,M84006,Co-Codamol_Cap 8mg/500mg,0407010F0AAABAB,2,0.3200000000000036
19,M84006,Mesalazine_Tab E/C 400mg,0105010B0AAAAAA,1,12.833999999999998
20,M84006,Paracet_Tab 500mg,0407010H0AAAMAM,520,20.755600000000065
21,M84006,Valsartan_Tab 40mg,0205052V0AAADAD,5,4.795
22,M84007,Amiodarone HCl_Tab 200mg,0203020D0AAABAB,2,0.7000000000000006
23,M84007,Clonazepam_Tab 500mcg,0408010F0AAABAB,15,11.006199999999977
24,M84007,Co-Codamol_Cap 8mg/500mg,0407010F0AAABAB,2,0.35840000000000405
25,M84007,Mesalazine_Tab E/C 400mg,0105010B0AAAAAA,2,24.812399999999997
26,M84007,Paracet_Tab 500mg,0407010H0AAAMAM,28,0.005599999999999966
27,M84007,Pyridox HCl_Tab 50mg,0906024N0AAAIAI,1,0.4788000000000001
28,M84008,Amiodarone HCl_Tab 200mg,0203020D0AAABAB,4,1.4000000000000012
29,M84008,Amitriptyline HCl_Tab 50mg,0403010B0AAAIAI,1,0.003000000000000086
30,M84008,Clonazepam_Tab 500mcg,0408010F0AAABAB,8,6.531399999999986
31,M84008,Co-Codamol_Cap 8mg/500mg,0407010F0AAABAB,14,2.329600000000026
32,M84008,Paracet_Tab 500mg,0407010H0AAAMAM,362,-3.5487999999999786
33,M84008,Pyridox HCl_Tab 50mg,0906024N0AAAIAI,2,5.130000000000001
34,M84008,Valsartan_Tab 40mg,0205052V0AAADAD,2,15.344000000000001
35,M84011,Amiodarone HCl_Tab 200mg,0203020D0AAABAB,11,3.850000000000003
36,M84011,Amitriptyline HCl_Tab 50mg,0403010B0AAAIAI,4,18.648000000000003
37,M84011,Clonazepam_Tab 500mcg,0408010F0AAABAB,32,18.64499999999996
38,M84011,Co-Codamol_Cap 8mg/500mg,0407010F0AAABAB,24,3.9424000000000445
39,M84011,Paracet_Tab 500mg,0407010H0AAAMAM,16,-0.06319999999999962
40,M84011,Pyridox HCl_Tab 50mg,0906024N0AAAIAI,2,1.4364000000000003
41,M84011,Topiramate_Tab 200mg,040801050AAACAC,2,4.979999999999998
42,M84019,Amiodarone HCl_Tab 200mg,0203020D0AAABAB,9,3.150000000000003
43,M84019,Amitriptyline HCl_Tab 50mg,0403010B0AAAIAI,1,0.003000000000000086
44,M84019,Clonazepam_Tab 500mcg,0408010F0AAABAB,12,7.909999999999984
45,M84019,Co-Codamol_Cap 8mg/500mg,0407010F0AAABAB,34,5.639200000000062
46,M84019,Paracet_Tab 500mg,0407010H0AAAMAM,62,-0.08079999999999929
47,M84019,Topiramate_Tab 200mg,040801050AAACAC,1,2.3183999999999996
48,M84019,Valsartan_Tab 40mg,0205052V0AAADAD,1,3.8360000000000003
49,M84022,Amiodarone HCl_Tab 200mg,0203020D0AAABAB,1,0.3500000000000003
50,M84022,Amitriptyline HCl_Tab 50mg,0403010B0AAAIAI,2,-0.003000000000000086
51,M84022,Clonazepam_Tab 500mcg,0408010F0AAABAB,14,10.282999999999978
52,M84022,Co-Codamol_Cap 8mg/500mg,0407010F0AAABAB,4,0.9088000000000103
53,M84022,Paracet_Tab 500mg,0407010H0AAAMAM,24,-0.1343999999999992
54,M84022,Pyridox HCl_Tab 50mg,0906024N0AAAIAI,1,0.4788000000000001
55,M84034,Amiodarone HCl_Tab 200mg,0203020D0AAABAB,1,0.7000000000000006
56,M84034,Clonazepam_Tab 500mcg,0408010F0AAABAB,3,3.344799999999993
57,M84034,Co-Codamol_Cap 8mg/500mg,0407010F0AAABAB,4,0.6400000000000072
58,M84034,Mesalazine_Tab E/C 400mg,0105010B0AAAAAA,1,8.556
59,M84037,Amiodarone HCl_Tab 200mg,0203020D0AAABAB,6,2.100000000000002
60,M84037,Clonazepam_Tab 500mcg,0408010F0AAABAB,15,9.60999999999998
61,M84037,Co-Codamol_Cap 8mg/500mg,0407010F0AAABAB,6,1.3568000000000153
62,M84037,Paracet_Tab 500mg,0407010H0AAAMAM,4,-0.005599999999999966
63,M84037,Valsartan_Tab 40mg,0205052V0AAADAD,1,3.8360000000000003
64,M84041,Amiodarone HCl_Tab 200mg,0203020D0AAABAB,6,2.100000000000002
65,M84041,Clonazepam_Tab 500mcg,0408010F0AAABAB,6,3.480399999999993
66,M84041,Risperidone_Tab 6mg,040201030AAAFAF,1,29.2096
67,M84041,Topiramate_Tab 200mg,040801050AAACAC,3,7.126799999999998
68,M84042,Amiodarone HCl_Tab 200mg,0203020D0AAABAB,11,4.200000000000004
69,M84042,Clonazepam_Tab 500mcg,0408010F0AAABAB,7,4.655599999999991
70,M84042,Co-Codamol_Cap 8mg/500mg,0407010F0AAABAB,10,1.106400000000011
71,M84042,Paracet_Tab 500mg,0407010H0AAAMAM,12,-0.020799999999999874
72,M84042,Pyridox HCl_Tab 50mg,0906024N0AAAIAI,7,4.309200000000001
73,M84042,Topiramate_Tab 200mg,040801050AAACAC,2,4.636799999999999
74,M84042,Valsartan_Tab 40mg,0205052V0AAADAD,1,1.9180000000000001
75,M84051,Amiodarone HCl_Tab 200mg,0203020D0AAABAB,2,0.7000000000000006
76,M84051,Clonazepam_Tab 500mcg,0408010F0AAABAB,12,12.452599999999972
77,M84051,Mesalazine_Tab E/C 400mg,0105010B0AAAAAA,7,35.9016
78,M84051,Paracet_Tab 500mg,0407010H0AAAMAM,2,-0.011199999999999932
79,M84051,Pyridox HCl_Tab 50mg,0906024N0AAAIAI,3,2.8728000000000007
80,M84051,Topiramate_Tab 200mg,040801050AAACAC,1,2.489999999999999
81,M84055,Amiodarone HCl_Tab 200mg,0203020D0AAABAB,1,0.3500000000000003
82,M84055,Clonazepam_Tab 500mcg,0408010F0AAABAB,6,2.568099999999995
83,M84055,Mesalazine_Tab E/C 400mg,0105010B0AAAAAA,1,7.985599999999999
84,M84055,Paracet_Tab 500mg,0407010H0AAAMAM,8,-0.04479999999999973
85,M84055,Pyridox HCl_Tab 50mg,0906024N0AAAIAI,1,1.4364000000000003
86,M84061,Amiodarone HCl_Tab 200mg,0203020D0AAABAB,1,0.3500000000000003
87,M84061,Clonazepam_Tab 500mcg,0408010F0AAABAB,28,13.333999999999973
88,M84061,Paracet_Tab 500mg,0407010H0AAAMAM,2,0.011999999999999927
89,M84061,Valsartan_Tab 40mg,0205052V0AAADAD,1,3.8360000000000003
90,M84609,Clonazepam_Tab 500mcg,0408010F0AAABAB,8,3.6385999999999923
91,M84609,Co-Codamol_Cap 8mg/500mg,0407010F0AAABAB,2,0.3200000000000036
92,M84609,Mesalazine_Tab E/C 400mg,0105010B0AAAAAA,1,-23.956799999999998
93,M84609,Paracet_Tab 500mg,0407010H0AAAMAM,8,0.04799999999999971
94,M84609,Valsartan_Tab 40mg,0205052V0AAADAD,2,5.7540000000000004
95,M84612,Amiodarone HCl_Tab 200mg,0203020D0AAABAB,1,0.3500000000000003
96,M84612,Clonazepam_Tab 500mcg,0408010F0AAABAB,6,2.598999999999995
97,M84612,Co-Codamol_Cap 8mg/500mg,0407010F0AAABAB,2,0.3200000000000036
98,M84615,Amiodarone HCl_Tab 200mg,0203020D0AAABAB,4,1.4000000000000012
99,M84615,Clonazepam_Tab 500mcg,0408010F0AAABAB,15,4.271399999999991
100,M84615,Co-Codamol_Cap 8mg/500mg,0407010F0AAABAB,2,0.15300000000000064
101,M84615,Mesalazine_Tab E/C 400mg,0105010B0AAAAAA,2,39.928
102,M84615,Paracet_Tab 500mg,0407010H0AAAMAM,22,-0.08039999999999951
103,M84618,Amitriptyline HCl_Tab 50mg,0403010B0AAAIAI,1,-0.006000000000000172
104,M84618,Clonazepam_Tab 500mcg,0408010F0AAABAB,5,3.480399999999993
105,M84618,Paracet_Tab 500mg,0407010H0AAAMAM,2,0.011999999999999927
106,M84621,Clonazepam_Tab 500mcg,0408010F0AAABAB,1,0.31639999999999935
107,M84621,Paracet_Tab 500mg,0407010H0AAAMAM,2,0.011999999999999927
108,M84627,Clonazepam_Tab 500mcg,0408010F0AAABAB,8,6.847799999999986
109,M84627,Co-Codamol_Cap 8mg/500mg,0407010F0AAABAB,6,0.7744000000000087
110,M84627,Paracet_Tab 500mg,0407010H0AAAMAM,8,0.04799999999999971
111,M84627,Pyridox HCl_Tab 50mg,0906024N0AAAIAI,2,0.9576000000000002
112,Y04882,Amiodarone HCl_Tab 200mg,0203020D0AAABAB,1,0.3500000000000003
113,Y04882,Clonazepam_Tab 500mcg,0408010F0AAABAB,2,0.6327999999999987
114,Y04882,Co-Codamol_Cap 8mg/500mg,0407010F0AAABAB,2,0.3200000000000036
115,Y04882,Mesalazine_Tab E/C 400mg,0105010B0AAAAAA,1,11.978399999999999
116,Y04882,Paracet_Tab 500mg,0407010H0AAAMAM,22,-0.001999999999999988
117,Y04882,Pyridox HCl_Tab 50mg,0906024N0AAAIAI,1,0.4788000000000001
118,Y04883,Amiodarone HCl_Tab 200mg,0203020D0AAABAB,1,0.3500000000000003
119,Y04883,Clonazepam_Tab 500mcg,0408010F0AAABAB,3,1.6662999999999961
120,Y04883,Paracet_Tab 500mg,0407010H0AAAMAM,2,0.011999999999999927
121,Y04884,Amiodarone HCl_Tab 200mg,0203020D0AAABAB,7,2.7250000000000023
122,Y04884,Co-Codamol_Cap 8mg/500mg,0407010F0AAABAB,6,0.9984000000000113
123,Y04884,Paracet_Tab 500mg,0407010H0AAAMAM,4,0.0007999999999999952
124,Y04969,Amitriptyline HCl_Tab 50mg,0403010B0AAAIAI,2,-0.012000000000000344
125,Y04969,Clonazepam_Tab 500mcg,0408010F0AAABAB,3,1.2655999999999974
126,Y04969,Co-Codamol_Cap 8mg/500mg,0407010F0AAABAB,2,0.3200000000000036
127,Y04969,Paracet_Tab 500mg,0407010H0AAAMAM,4,0.007999999999999952
