,practice_code,bnf_description,bnf_code,items,excess_cost
301,C83062,Memantine HCl_Tab 20mg,0411000G0AAADAD,6,177.89520000000002
236,C83058,Atorvastatin_Tab 20mg,0212000B0AAABAB,227,157.6288
387,C83025,Olanzapine_Tab 20mg,040201060AAAQAQ,4,137.5892
388,C83041,Olanzapine_Tab 20mg,040201060AAAQAQ,4,136.1584
237,C83073,Atorvastatin_Tab 20mg,0212000B0AAABAB,154,135.39679999999998
238,C83029,Atorvastatin_Tab 20mg,0212000B0AAABAB,149,135.1728
402,C83079,Pregabalin_Cap 50mg,0408010AEAAABAB,7,117.404
253,C83079,Pregabalin_Cap 75mg,0408010AEAAACAC,7,116.65919999999998
323,C83079,Pregabalin_Cap 150mg,0408010AEAAAEAE,5,116.312
254,C83082,Pregabalin_Cap 75mg,0408010AEAAACAC,3,113.4672
255,C83009,Pregabalin_Cap 75mg,0408010AEAAACAC,1,113.44480000000001
324,C83073,Pregabalin_Cap 150mg,0408010AEAAAEAE,4,113.0976
472,C83073,Pregabalin_Cap 300mg,0408010AEAAAGAG,9,112.19040000000001
473,C83079,Pregabalin_Cap 300mg,0408010AEAAAGAG,6,112.1904
403,C83073,Pregabalin_Cap 50mg,0408010AEAAABAB,6,85.6296
256,C83073,Pregabalin_Cap 75mg,0408010AEAAACAC,3,85.1004
497,C83029,Atorvastatin_Tab 10mg,0212000B0AAAAAA,118,81.6088
490,C83018,Montelukast_Tab 10mg,0303020G0AAABAB,58,73.08000000000001
257,C83073,Pregabalin_Cap 75mg,0408010AEAAACAC,10,70.952
303,C83078,Memantine HCl_Tab 20mg,0411000G0AAADAD,8,63.9072
302,C83046,Memantine HCl_Tab 20mg,0411000G0AAADAD,8,63.9072
304,C83637,Memantine HCl_Tab 20mg,0411000G0AAADAD,2,63.9016
498,C83637,Atorvastatin_Tab 10mg,0212000B0AAAAAA,67,58.156
404,C83073,Pregabalin_Cap 50mg,0408010AEAAABAB,5,57.092
325,C83062,Pregabalin_Cap 150mg,0408010AEAAAEAE,12,56.51520000000001
1,C83014,Paracet_Tab 500mg,0407010H0AAAMAM,36,50.39999999999999
0,C83014,Paracet_Tab 500mg,0407010H0AAAMAM,36,50.39999999999999
491,C83058,Montelukast_Tab 10mg,0303020G0AAABAB,5,48.748000000000005
239,C83058,Atorvastatin_Tab 20mg,0212000B0AAABAB,39,45.208800000000004
240,C83041,Atorvastatin_Tab 20mg,0212000B0AAABAB,51,39.412800000000004
499,C83073,Atorvastatin_Tab 10mg,0212000B0AAAAAA,2,34.910399999999996
2,C83031,Paracet_Tab 500mg,0407010H0AAAMAM,27,33.86880000000001
3,C83031,Paracet_Tab 500mg,0407010H0AAAMAM,27,33.86880000000001
258,C83079,Pregabalin_Cap 75mg,0408010AEAAACAC,1,29.971199999999996
474,C83062,Pregabalin_Cap 300mg,0408010AEAAAGAG,2,28.0504
492,C83071,Montelukast_Tab 10mg,0303020G0AAABAB,39,25.334400000000006
493,C83029,Montelukast_Tab 10mg,0303020G0AAABAB,14,24.3824
494,C83073,Montelukast_Tab 10mg,0303020G0AAABAB,17,24.3712
495,C83001,Montelukast_Tab 10mg,0303020G0AAABAB,16,24.371199999999998
496,C83025,Montelukast_Tab 10mg,0303020G0AAABAB,43,24.320800000000002
241,C83031,Atorvastatin_Tab 20mg,0212000B0AAABAB,576,24.19200000000002
242,C83637,Atorvastatin_Tab 20mg,0212000B0AAABAB,215,22.87600000000003
243,C83062,Atorvastatin_Tab 20mg,0212000B0AAABAB,220,22.792000000000012
244,C83046,Atorvastatin_Tab 20mg,0212000B0AAABAB,103,22.78360000000001
5,C83082,Paracet_Tab 500mg,0407010H0AAAMAM,27,19.98000000000001
4,C83082,Paracet_Tab 500mg,0407010H0AAAMAM,27,19.98000000000001
7,C83041,Paracet_Tab 500mg,0407010H0AAAMAM,29,19.140000000000004
6,C83041,Paracet_Tab 500mg,0407010H0AAAMAM,29,19.140000000000004
9,C83025,Paracet_Tab 500mg,0407010H0AAAMAM,132,17.15999999999999
8,C83025,Paracet_Tab 500mg,0407010H0AAAMAM,132,17.15999999999999
11,C83001,Paracet_Tab 500mg,0407010H0AAAMAM,26,16.889599999999998
10,C83001,Paracet_Tab 500mg,0407010H0AAAMAM,26,16.889599999999998
13,C83071,Paracet_Tab 500mg,0407010H0AAAMAM,108,16.200000000000014
12,C83071,Paracet_Tab 500mg,0407010H0AAAMAM,108,16.200000000000014
14,C83058,Paracet_Tab 500mg,0407010H0AAAMAM,88,14.96
15,C83058,Paracet_Tab 500mg,0407010H0AAAMAM,88,14.96
16,C83062,Paracet_Tab 500mg,0407010H0AAAMAM,62,12.400000000000011
17,C83062,Paracet_Tab 500mg,0407010H0AAAMAM,62,12.400000000000011
500,C83041,Atorvastatin_Tab 10mg,0212000B0AAAAAA,22,11.6424
501,Y04942,Atorvastatin_Tab 10mg,0212000B0AAAAAA,1,11.6396
502,C83058,Atorvastatin_Tab 10mg,0212000B0AAAAAA,62,11.631199999999996
503,C83001,Atorvastatin_Tab 10mg,0212000B0AAAAAA,37,11.603200000000001
504,C83073,Atorvastatin_Tab 10mg,0212000B0AAAAAA,78,11.575200000000006
19,C83014,Paracet_Tab 500mg,0407010H0AAAMAM,43,11.0768
18,C83014,Paracet_Tab 500mg,0407010H0AAAMAM,43,11.0768
21,C83082,Paracet_Tab 500mg,0407010H0AAAMAM,26,11.065600000000014
20,C83082,Paracet_Tab 500mg,0407010H0AAAMAM,26,11.065600000000014
23,C83082,Paracet_Tab 500mg,0407010H0AAAMAM,113,10.170000000000018
22,C83082,Paracet_Tab 500mg,0407010H0AAAMAM,113,10.170000000000018
24,C83002,Paracet_Tab 500mg,0407010H0AAAMAM,91,9.100000000000009
25,C83002,Paracet_Tab 500mg,0407010H0AAAMAM,91,9.100000000000009
26,C83018,Paracet_Tab 500mg,0407010H0AAAMAM,169,8.450000000000008
27,C83018,Paracet_Tab 500mg,0407010H0AAAMAM,169,8.450000000000008
28,C83062,Paracet_Tab 500mg,0407010H0AAAMAM,52,8.320000000000022
29,C83062,Paracet_Tab 500mg,0407010H0AAAMAM,52,8.320000000000022
259,C83637,Pregabalin_Cap 75mg,0408010AEAAACAC,1,7.093100000000001
30,C83014,Paracet_Tab 500mg,0407010H0AAAMAM,102,6.119999999999998
31,C83014,Paracet_Tab 500mg,0407010H0AAAMAM,102,6.119999999999998
32,C83002,Paracet_Tab 500mg,0407010H0AAAMAM,44,5.913599999999999
33,C83002,Paracet_Tab 500mg,0407010H0AAAMAM,44,5.913599999999999
34,C83058,Paracet_Tab 500mg,0407010H0AAAMAM,7,5.644800000000001
35,C83058,Paracet_Tab 500mg,0407010H0AAAMAM,7,5.644800000000001
37,C83031,Paracet_Tab 500mg,0407010H0AAAMAM,176,5.28000000000003
36,C83031,Paracet_Tab 500mg,0407010H0AAAMAM,176,5.28000000000003
38,C83637,Paracet_Tab 500mg,0407010H0AAAMAM,74,5.179999999999994
39,C83637,Paracet_Tab 500mg,0407010H0AAAMAM,74,5.179999999999994
40,C83626,Paracet_Tab 500mg,0407010H0AAAMAM,27,5.130000000000006
41,C83626,Paracet_Tab 500mg,0407010H0AAAMAM,27,5.130000000000006
42,C83037,Paracet_Tab 500mg,0407010H0AAAMAM,99,4.950000000000005
43,C83037,Paracet_Tab 500mg,0407010H0AAAMAM,99,4.950000000000005
44,C83041,Paracet_Tab 500mg,0407010H0AAAMAM,61,4.880000000000013
45,C83041,Paracet_Tab 500mg,0407010H0AAAMAM,61,4.880000000000013
47,C83058,Paracet_Tab 500mg,0407010H0AAAMAM,17,4.760000000000007
46,C83058,Paracet_Tab 500mg,0407010H0AAAMAM,17,4.760000000000007
48,C83079,Paracet_Tab 500mg,0407010H0AAAMAM,27,4.590000000000001
49,C83079,Paracet_Tab 500mg,0407010H0AAAMAM,27,4.590000000000001
51,C83002,Paracet_Tab 500mg,0407010H0AAAMAM,88,3.5200000000000093
50,C83002,Paracet_Tab 500mg,0407010H0AAAMAM,88,3.5200000000000093
54,C83062,Paracet_Tab 500mg,0407010H0AAAMAM,1,3.2192
55,C83641,Paracet_Tab 500mg,0407010H0AAAMAM,1,3.2192
53,C83641,Paracet_Tab 500mg,0407010H0AAAMAM,1,3.2192
52,C83062,Paracet_Tab 500mg,0407010H0AAAMAM,1,3.2192
56,C83073,Paracet_Tab 500mg,0407010H0AAAMAM,12,2.280000000000003
57,C83073,Paracet_Tab 500mg,0407010H0AAAMAM,12,2.280000000000003
58,C83082,Paracet_Tab 500mg,0407010H0AAAMAM,65,0.7280000000000082
59,C83082,Paracet_Tab 500mg,0407010H0AAAMAM,65,0.7280000000000082
60,C83037,Paracet_Tab 500mg,0407010H0AAAMAM,1,0.5472
61,C83037,Paracet_Tab 500mg,0407010H0AAAMAM,1,0.5472
505,C83018,Atorvastatin_Tab 10mg,0212000B0AAAAAA,120,0.2520000000000014
63,C83072,Paracet_Tab 500mg,0407010H0AAAMAM,2,0.23039999999999994
62,C83072,Paracet_Tab 500mg,0407010H0AAAMAM,2,0.23039999999999994
506,C83044,Atorvastatin_Tab 10mg,0212000B0AAAAAA,96,0.2016000000000011
507,C83001,Atorvastatin_Tab 10mg,0212000B0AAAAAA,17,0.1904000000000005
65,C83051,Paracet_Tab 500mg,0407010H0AAAMAM,7,0.15679999999999905
64,C83051,Paracet_Tab 500mg,0407010H0AAAMAM,7,0.15679999999999905
508,C83031,Atorvastatin_Tab 10mg,0212000B0AAAAAA,71,0.14910000000000082
260,C83626,Pregabalin_Cap 75mg,0408010AEAAACAC,25,0.13999999999999915
305,C83031,Memantine HCl_Tab 20mg,0411000G0AAADAD,24,0.11759999999999987
509,C83037,Atorvastatin_Tab 10mg,0212000B0AAAAAA,55,0.11550000000000063
405,C83001,Pregabalin_Cap 50mg,0408010AEAAABAB,23,0.0965999999999983
406,C83031,Pregabalin_Cap 50mg,0408010AEAAABAB,17,0.09520000000000273
407,C83018,Pregabalin_Cap 50mg,0408010AEAAABAB,22,0.09239999999999837
326,C83018,Pregabalin_Cap 150mg,0408010AEAAAEAE,21,0.08820000000000253
408,C83044,Pregabalin_Cap 50mg,0408010AEAAABAB,15,0.0840000000000024
261,C83071,Pregabalin_Cap 75mg,0408010AEAAACAC,15,0.08399999999999949
510,C83025,Atorvastatin_Tab 10mg,0212000B0AAAAAA,39,0.08190000000000044
410,C83046,Pregabalin_Cap 50mg,0408010AEAAABAB,14,0.07840000000000225
409,C83078,Pregabalin_Cap 50mg,0408010AEAAABAB,14,0.07840000000000225
327,C83014,Pregabalin_Cap 150mg,0408010AEAAAEAE,14,0.07840000000000225
411,C83025,Pregabalin_Cap 50mg,0408010AEAAABAB,13,0.07280000000000209
475,C83018,Pregabalin_Cap 300mg,0408010AEAAAGAG,11,0.06929999999999878
306,C83029,Memantine HCl_Tab 20mg,0411000G0AAADAD,14,0.06859999999999992
412,C83072,Pregabalin_Cap 50mg,0408010AEAAABAB,12,0.06720000000000192
511,C83072,Atorvastatin_Tab 10mg,0212000B0AAAAAA,32,0.06720000000000037
512,C83073,Atorvastatin_Tab 10mg,0212000B0AAAAAA,32,0.06720000000000037
262,C83044,Pregabalin_Cap 75mg,0408010AEAAACAC,12,0.0671999999999996
263,C83031,Pregabalin_Cap 75mg,0408010AEAAACAC,12,0.0671999999999996
513,C83078,Atorvastatin_Tab 10mg,0212000B0AAAAAA,31,0.06510000000000035
264,C83041,Pregabalin_Cap 75mg,0408010AEAAACAC,11,0.06159999999999963
67,C83062,Paracet_Tab 500mg,0407010H0AAAMAM,2,0.05760000000000032
66,C83062,Paracet_Tab 500mg,0407010H0AAAMAM,2,0.05760000000000032
413,C83001,Pregabalin_Cap 50mg,0408010AEAAABAB,10,0.056000000000001604
328,C83009,Pregabalin_Cap 150mg,0408010AEAAAEAE,10,0.056000000000001604
265,C83014,Pregabalin_Cap 75mg,0408010AEAAACAC,10,0.05599999999999966
514,C83611,Atorvastatin_Tab 10mg,0212000B0AAAAAA,26,0.0546000000000003
330,C83626,Pregabalin_Cap 150mg,0408010AEAAAEAE,19,0.053200000000001524
329,C83018,Pregabalin_Cap 150mg,0408010AEAAAEAE,19,0.053200000000001524
415,C83014,Pregabalin_Cap 50mg,0408010AEAAABAB,9,0.050400000000001444
332,C83001,Pregabalin_Cap 150mg,0408010AEAAAEAE,18,0.050400000000001444
414,C83058,Pregabalin_Cap 50mg,0408010AEAAABAB,9,0.050400000000001444
331,C83031,Pregabalin_Cap 150mg,0408010AEAAAEAE,18,0.050400000000001444
69,C83025,Paracet_Tab 500mg,0407010H0AAAMAM,12,0.050399999999999695
266,C83009,Pregabalin_Cap 75mg,0408010AEAAACAC,9,0.050399999999999695
68,C83025,Paracet_Tab 500mg,0407010H0AAAMAM,12,0.050399999999999695
307,C83009,Memantine HCl_Tab 20mg,0411000G0AAADAD,10,0.048999999999999946
308,C83058,Memantine HCl_Tab 20mg,0411000G0AAADAD,10,0.048999999999999946
309,C83626,Memantine HCl_Tab 20mg,0411000G0AAADAD,10,0.048999999999999946
417,C83029,Pregabalin_Cap 50mg,0408010AEAAABAB,8,0.04480000000000128
416,C83062,Pregabalin_Cap 50mg,0408010AEAAABAB,8,0.04480000000000128
267,C83037,Pregabalin_Cap 75mg,0408010AEAAACAC,8,0.04479999999999973
310,C83072,Memantine HCl_Tab 20mg,0411000G0AAADAD,9,0.04409999999999995
311,C83044,Memantine HCl_Tab 20mg,0411000G0AAADAD,9,0.04409999999999995
333,C83082,Pregabalin_Cap 150mg,0408010AEAAAEAE,15,0.0420000000000012
517,C83046,Atorvastatin_Tab 10mg,0212000B0AAAAAA,20,0.04200000000000023
516,C83626,Atorvastatin_Tab 10mg,0212000B0AAAAAA,20,0.04200000000000023
515,C83014,Atorvastatin_Tab 10mg,0212000B0AAAAAA,20,0.04200000000000023
518,C83074,Atorvastatin_Tab 10mg,0212000B0AAAAAA,20,0.04200000000000023
519,C83082,Atorvastatin_Tab 10mg,0212000B0AAAAAA,20,0.04200000000000023
334,C83018,Pregabalin_Cap 150mg,0408010AEAAAEAE,7,0.03920000000000112
418,C83002,Pregabalin_Cap 50mg,0408010AEAAABAB,7,0.03920000000000112
312,C83078,Memantine HCl_Tab 20mg,0411000G0AAADAD,8,0.03919999999999996
520,C83641,Atorvastatin_Tab 10mg,0212000B0AAAAAA,17,0.0357000000000002
313,C83082,Memantine HCl_Tab 20mg,0411000G0AAADAD,7,0.03429999999999996
420,C83052,Pregabalin_Cap 50mg,0408010AEAAABAB,6,0.03360000000000096
336,C83641,Pregabalin_Cap 150mg,0408010AEAAAEAE,6,0.03360000000000096
419,C83018,Pregabalin_Cap 50mg,0408010AEAAABAB,6,0.03360000000000096
335,C83626,Pregabalin_Cap 150mg,0408010AEAAAEAE,6,0.03360000000000096
522,C83041,Atorvastatin_Tab 10mg,0212000B0AAAAAA,16,0.033600000000000185
521,C83009,Atorvastatin_Tab 10mg,0212000B0AAAAAA,16,0.033600000000000185
71,C83046,Paracet_Tab 500mg,0407010H0AAAMAM,12,0.0335999999999998
70,C83046,Paracet_Tab 500mg,0407010H0AAAMAM,12,0.0335999999999998
422,C83082,Pregabalin_Cap 50mg,0408010AEAAABAB,8,0.03359999999999941
421,C83009,Pregabalin_Cap 50mg,0408010AEAAABAB,8,0.03359999999999941
268,C83037,Pregabalin_Cap 75mg,0408010AEAAACAC,4,0.03359999999999863
269,C83079,Pregabalin_Cap 75mg,0408010AEAAACAC,4,0.03359999999999863
524,C83079,Atorvastatin_Tab 10mg,0212000B0AAAAAA,15,0.031500000000000174
523,C83051,Atorvastatin_Tab 10mg,0212000B0AAAAAA,15,0.031500000000000174
338,C83044,Pregabalin_Cap 150mg,0408010AEAAAEAE,11,0.030800000000000882
337,C83009,Pregabalin_Cap 150mg,0408010AEAAAEAE,11,0.030800000000000882
73,C83641,Paracet_Tab 500mg,0407010H0AAAMAM,5,0.02999999999999982
72,C83641,Paracet_Tab 500mg,0407010H0AAAMAM,5,0.02999999999999982
315,C83018,Memantine HCl_Tab 20mg,0411000G0AAADAD,6,0.029399999999999968
314,C83079,Memantine HCl_Tab 20mg,0411000G0AAADAD,6,0.029399999999999968
75,C83072,Paracet_Tab 500mg,0407010H0AAAMAM,7,0.029399999999999822
74,C83072,Paracet_Tab 500mg,0407010H0AAAMAM,7,0.029399999999999822
340,C83041,Pregabalin_Cap 150mg,0408010AEAAAEAE,5,0.028000000000000802
423,C83051,Pregabalin_Cap 50mg,0408010AEAAABAB,5,0.028000000000000802
339,C83046,Pregabalin_Cap 150mg,0408010AEAAAEAE,5,0.028000000000000802
343,C83082,Pregabalin_Cap 150mg,0408010AEAAAEAE,5,0.028000000000000802
341,C83637,Pregabalin_Cap 150mg,0408010AEAAAEAE,5,0.028000000000000802
342,C83072,Pregabalin_Cap 150mg,0408010AEAAAEAE,5,0.028000000000000802
424,C83082,Pregabalin_Cap 50mg,0408010AEAAABAB,5,0.028000000000000802
76,C83611,Paracet_Tab 500mg,0407010H0AAAMAM,10,0.02799999999999983
77,C83611,Paracet_Tab 500mg,0407010H0AAAMAM,10,0.02799999999999983
270,C83074,Pregabalin_Cap 75mg,0408010AEAAACAC,5,0.02799999999999983
271,C83018,Pregabalin_Cap 75mg,0408010AEAAACAC,5,0.02799999999999983
344,C83025,Pregabalin_Cap 150mg,0408010AEAAAEAE,6,0.025200000000000722
525,C83029,Atorvastatin_Tab 10mg,0212000B0AAAAAA,12,0.02520000000000014
78,C83018,Paracet_Tab 500mg,0407010H0AAAMAM,6,0.025199999999999848
79,C83018,Paracet_Tab 500mg,0407010H0AAAMAM,6,0.025199999999999848
425,C83611,Pregabalin_Cap 50mg,0408010AEAAABAB,6,0.025199999999999556
476,C83009,Pregabalin_Cap 300mg,0408010AEAAAGAG,4,0.025199999999999556
272,C83082,Pregabalin_Cap 75mg,0408010AEAAACAC,3,0.025199999999998973
316,C83074,Memantine HCl_Tab 20mg,0411000G0AAADAD,5,0.024499999999999973
477,C83001,Pregabalin_Cap 300mg,0408010AEAAAGAG,5,0.02449999999999973
80,C83009,Paracet_Tab 500mg,0407010H0AAAMAM,4,0.023999999999999855
81,C83009,Paracet_Tab 500mg,0407010H0AAAMAM,4,0.023999999999999855
346,C83051,Pregabalin_Cap 150mg,0408010AEAAAEAE,4,0.02240000000000064
348,C83052,Pregabalin_Cap 150mg,0408010AEAAAEAE,4,0.02240000000000064
347,C83041,Pregabalin_Cap 150mg,0408010AEAAAEAE,8,0.02240000000000064
345,C83031,Pregabalin_Cap 150mg,0408010AEAAAEAE,4,0.02240000000000064
427,C83611,Pregabalin_Cap 50mg,0408010AEAAABAB,4,0.02240000000000064
426,C83037,Pregabalin_Cap 50mg,0408010AEAAABAB,4,0.02240000000000064
273,C83641,Pregabalin_Cap 75mg,0408010AEAAACAC,4,0.022399999999999864
274,C83072,Pregabalin_Cap 75mg,0408010AEAAACAC,4,0.022399999999999864
275,C83051,Pregabalin_Cap 75mg,0408010AEAAACAC,4,0.022399999999999864
276,C83082,Pregabalin_Cap 75mg,0408010AEAAACAC,4,0.022399999999999864
83,C83001,Paracet_Tab 500mg,0407010H0AAAMAM,8,0.022399999999999864
84,C83001,Paracet_Tab 500mg,0407010H0AAAMAM,8,0.022399999999999864
89,C83071,Paracet_Tab 500mg,0407010H0AAAMAM,8,0.022399999999999864
85,C83072,Paracet_Tab 500mg,0407010H0AAAMAM,8,0.022399999999999864
277,C83062,Pregabalin_Cap 75mg,0408010AEAAACAC,4,0.022399999999999864
86,C83071,Paracet_Tab 500mg,0407010H0AAAMAM,8,0.022399999999999864
87,C83051,Paracet_Tab 500mg,0407010H0AAAMAM,8,0.022399999999999864
278,C83078,Pregabalin_Cap 75mg,0408010AEAAACAC,4,0.022399999999999864
279,C83611,Pregabalin_Cap 75mg,0408010AEAAACAC,4,0.022399999999999864
82,C83051,Paracet_Tab 500mg,0407010H0AAAMAM,8,0.022399999999999864
88,C83072,Paracet_Tab 500mg,0407010H0AAAMAM,8,0.022399999999999864
349,C83046,Pregabalin_Cap 150mg,0408010AEAAAEAE,5,0.0210000000000006
526,C83038,Atorvastatin_Tab 10mg,0212000B0AAAAAA,10,0.021000000000000116
90,C83074,Paracet_Tab 500mg,0407010H0AAAMAM,5,0.020999999999999873
91,C83074,Paracet_Tab 500mg,0407010H0AAAMAM,5,0.020999999999999873
428,C83072,Pregabalin_Cap 50mg,0408010AEAAABAB,5,0.02099999999999963
350,C83025,Pregabalin_Cap 150mg,0408010AEAAAEAE,7,0.01960000000000056
351,C83029,Pregabalin_Cap 150mg,0408010AEAAAEAE,7,0.01960000000000056
319,C83073,Memantine HCl_Tab 20mg,0411000G0AAADAD,4,0.01959999999999998
317,C83033,Memantine HCl_Tab 20mg,0411000G0AAADAD,4,0.01959999999999998
318,C83014,Memantine HCl_Tab 20mg,0411000G0AAADAD,4,0.01959999999999998
92,C83058,Paracet_Tab 500mg,0407010H0AAAMAM,7,0.01959999999999988
93,C83058,Paracet_Tab 500mg,0407010H0AAAMAM,7,0.01959999999999988
94,C83033,Paracet_Tab 500mg,0407010H0AAAMAM,7,0.01959999999999988
95,C83033,Paracet_Tab 500mg,0407010H0AAAMAM,7,0.01959999999999988
480,C83037,Pregabalin_Cap 300mg,0408010AEAAAGAG,4,0.019599999999999784
479,C83018,Pregabalin_Cap 300mg,0408010AEAAAGAG,4,0.019599999999999784
478,C83626,Pregabalin_Cap 300mg,0408010AEAAAGAG,4,0.019599999999999784
481,C83073,Pregabalin_Cap 300mg,0408010AEAAAGAG,4,0.019599999999999784
527,C83637,Atorvastatin_Tab 10mg,0212000B0AAAAAA,9,0.018900000000000104
482,C83033,Pregabalin_Cap 300mg,0408010AEAAAGAG,3,0.018899999999999667
98,C83031,Paracet_Tab 500mg,0407010H0AAAMAM,3,0.01799999999999989
97,C83031,Paracet_Tab 500mg,0407010H0AAAMAM,3,0.01799999999999989
96,C83018,Paracet_Tab 500mg,0407010H0AAAMAM,3,0.01799999999999989
103,C83025,Paracet_Tab 500mg,0407010H0AAAMAM,3,0.01799999999999989
99,C83025,Paracet_Tab 500mg,0407010H0AAAMAM,3,0.01799999999999989
100,C83014,Paracet_Tab 500mg,0407010H0AAAMAM,3,0.01799999999999989
101,C83018,Paracet_Tab 500mg,0407010H0AAAMAM,3,0.01799999999999989
102,C83014,Paracet_Tab 500mg,0407010H0AAAMAM,3,0.01799999999999989
429,C83071,Pregabalin_Cap 50mg,0408010AEAAABAB,3,0.01680000000000048
432,C83009,Pregabalin_Cap 50mg,0408010AEAAABAB,3,0.01680000000000048
430,C83641,Pregabalin_Cap 50mg,0408010AEAAABAB,3,0.01680000000000048
352,C83072,Pregabalin_Cap 150mg,0408010AEAAAEAE,4,0.01680000000000048
353,C83074,Pregabalin_Cap 150mg,0408010AEAAAEAE,3,0.01680000000000048
358,C83033,Pregabalin_Cap 150mg,0408010AEAAAEAE,4,0.01680000000000048
357,C83078,Pregabalin_Cap 150mg,0408010AEAAAEAE,3,0.01680000000000048
356,C83033,Pregabalin_Cap 150mg,0408010AEAAAEAE,3,0.01680000000000048
355,C83009,Pregabalin_Cap 150mg,0408010AEAAAEAE,4,0.01680000000000048
354,C83058,Pregabalin_Cap 150mg,0408010AEAAAEAE,4,0.01680000000000048
431,C83637,Pregabalin_Cap 50mg,0408010AEAAABAB,3,0.01680000000000048
528,C83033,Atorvastatin_Tab 10mg,0212000B0AAAAAA,8,0.016800000000000093
105,C83029,Paracet_Tab 500mg,0407010H0AAAMAM,4,0.0167999999999999
106,C83073,Paracet_Tab 500mg,0407010H0AAAMAM,4,0.0167999999999999
108,C83029,Paracet_Tab 500mg,0407010H0AAAMAM,4,0.0167999999999999
107,C83001,Paracet_Tab 500mg,0407010H0AAAMAM,4,0.0167999999999999
121,C83073,Paracet_Tab 500mg,0407010H0AAAMAM,4,0.0167999999999999
114,C83037,Paracet_Tab 500mg,0407010H0AAAMAM,4,0.0167999999999999
112,C83641,Paracet_Tab 500mg,0407010H0AAAMAM,4,0.0167999999999999
110,C83014,Paracet_Tab 500mg,0407010H0AAAMAM,4,0.0167999999999999
109,C83082,Paracet_Tab 500mg,0407010H0AAAMAM,4,0.0167999999999999
113,C83001,Paracet_Tab 500mg,0407010H0AAAMAM,4,0.0167999999999999
120,C83078,Paracet_Tab 500mg,0407010H0AAAMAM,4,0.0167999999999999
119,C83014,Paracet_Tab 500mg,0407010H0AAAMAM,4,0.0167999999999999
280,C83046,Pregabalin_Cap 75mg,0408010AEAAACAC,3,0.0167999999999999
281,C83052,Pregabalin_Cap 75mg,0408010AEAAACAC,3,0.0167999999999999
118,C83641,Paracet_Tab 500mg,0407010H0AAAMAM,4,0.0167999999999999
117,C83078,Paracet_Tab 500mg,0407010H0AAAMAM,4,0.0167999999999999
104,C83082,Paracet_Tab 500mg,0407010H0AAAMAM,4,0.0167999999999999
116,C83031,Paracet_Tab 500mg,0407010H0AAAMAM,4,0.0167999999999999
115,C83037,Paracet_Tab 500mg,0407010H0AAAMAM,4,0.0167999999999999
111,C83031,Paracet_Tab 500mg,0407010H0AAAMAM,4,0.0167999999999999
433,C83626,Pregabalin_Cap 50mg,0408010AEAAABAB,4,0.016799999999999704
434,C83046,Pregabalin_Cap 50mg,0408010AEAAABAB,4,0.016799999999999704
435,C83051,Pregabalin_Cap 50mg,0408010AEAAABAB,4,0.016799999999999704
436,C83041,Pregabalin_Cap 50mg,0408010AEAAABAB,4,0.016799999999999704
437,C83078,Pregabalin_Cap 50mg,0408010AEAAABAB,4,0.016799999999999704
438,C83637,Pregabalin_Cap 50mg,0408010AEAAABAB,4,0.016799999999999704
320,C83046,Memantine HCl_Tab 20mg,0411000G0AAADAD,3,0.014699999999999984
483,C83082,Pregabalin_Cap 300mg,0408010AEAAAGAG,3,0.014699999999999838
360,C83079,Pregabalin_Cap 150mg,0408010AEAAAEAE,5,0.014000000000000401
359,C83033,Pregabalin_Cap 150mg,0408010AEAAAEAE,5,0.014000000000000401
126,C83031,Paracet_Tab 500mg,0407010H0AAAMAM,5,0.013999999999999915
125,C83038,Paracet_Tab 500mg,0407010H0AAAMAM,5,0.013999999999999915
127,C83038,Paracet_Tab 500mg,0407010H0AAAMAM,5,0.013999999999999915
123,C83626,Paracet_Tab 500mg,0407010H0AAAMAM,5,0.013999999999999915
122,C83031,Paracet_Tab 500mg,0407010H0AAAMAM,5,0.013999999999999915
128,C83641,Paracet_Tab 500mg,0407010H0AAAMAM,5,0.013999999999999915
129,C83041,Paracet_Tab 500mg,0407010H0AAAMAM,5,0.013999999999999915
282,C83074,Pregabalin_Cap 75mg,0408010AEAAACAC,5,0.013999999999999915
131,C83641,Paracet_Tab 500mg,0407010H0AAAMAM,5,0.013999999999999915
130,C83041,Paracet_Tab 500mg,0407010H0AAAMAM,5,0.013999999999999915
124,C83626,Paracet_Tab 500mg,0407010H0AAAMAM,5,0.013999999999999915
484,C83001,Pregabalin_Cap 300mg,0408010AEAAAGAG,2,0.012599999999999778
439,C83037,Pregabalin_Cap 50mg,0408010AEAAABAB,3,0.012599999999999778
485,C83041,Pregabalin_Cap 300mg,0408010AEAAAGAG,3,0.01200000000000001
283,C83009,Pregabalin_Cap 75mg,0408010AEAAACAC,2,0.011999999999998678
441,C83038,Pregabalin_Cap 50mg,0408010AEAAABAB,2,0.01120000000000032
362,C83058,Pregabalin_Cap 150mg,0408010AEAAAEAE,2,0.01120000000000032
363,C83037,Pregabalin_Cap 150mg,0408010AEAAAEAE,2,0.01120000000000032
364,C83641,Pregabalin_Cap 150mg,0408010AEAAAEAE,4,0.01120000000000032
365,C83001,Pregabalin_Cap 150mg,0408010AEAAAEAE,2,0.01120000000000032
366,C83058,Pregabalin_Cap 150mg,0408010AEAAAEAE,4,0.01120000000000032
367,C83037,Pregabalin_Cap 150mg,0408010AEAAAEAE,4,0.01120000000000032
368,C83611,Pregabalin_Cap 150mg,0408010AEAAAEAE,2,0.01120000000000032
369,C83078,Pregabalin_Cap 150mg,0408010AEAAAEAE,4,0.01120000000000032
370,C83071,Pregabalin_Cap 150mg,0408010AEAAAEAE,4,0.01120000000000032
371,C83073,Pregabalin_Cap 150mg,0408010AEAAAEAE,4,0.01120000000000032
372,C83025,Pregabalin_Cap 150mg,0408010AEAAAEAE,2,0.01120000000000032
389,C83072,Olanzapine_Tab 20mg,040201060AAAQAQ,2,0.01120000000000032
390,C83025,Olanzapine_Tab 20mg,040201060AAAQAQ,2,0.01120000000000032
361,C83074,Pregabalin_Cap 150mg,0408010AEAAAEAE,4,0.01120000000000032
440,C83074,Pregabalin_Cap 50mg,0408010AEAAABAB,2,0.01120000000000032
132,C83037,Paracet_Tab 500mg,0407010H0AAAMAM,4,0.011199999999999932
140,C83031,Paracet_Tab 500mg,0407010H0AAAMAM,8,0.011199999999999932
284,C83611,Pregabalin_Cap 75mg,0408010AEAAACAC,4,0.011199999999999932
285,C83058,Pregabalin_Cap 75mg,0408010AEAAACAC,4,0.011199999999999932
133,C83009,Paracet_Tab 500mg,0407010H0AAAMAM,4,0.011199999999999932
141,C83025,Paracet_Tab 500mg,0407010H0AAAMAM,4,0.011199999999999932
286,C83078,Pregabalin_Cap 75mg,0408010AEAAACAC,4,0.011199999999999932
139,C83082,Paracet_Tab 500mg,0407010H0AAAMAM,4,0.011199999999999932
134,C83009,Paracet_Tab 500mg,0407010H0AAAMAM,4,0.011199999999999932
136,C83082,Paracet_Tab 500mg,0407010H0AAAMAM,4,0.011199999999999932
135,C83031,Paracet_Tab 500mg,0407010H0AAAMAM,8,0.011199999999999932
138,C83025,Paracet_Tab 500mg,0407010H0AAAMAM,4,0.011199999999999932
137,C83037,Paracet_Tab 500mg,0407010H0AAAMAM,4,0.011199999999999932
529,C83002,Atorvastatin_Tab 10mg,0212000B0AAAAAA,5,0.010500000000000058
287,C83041,Pregabalin_Cap 75mg,0408010AEAAACAC,1,0.008999999999999009
288,C83637,Pregabalin_Cap 75mg,0408010AEAAACAC,1,0.008999999999999009
374,C83044,Pregabalin_Cap 150mg,0408010AEAAAEAE,2,0.00840000000000024
373,C83611,Pregabalin_Cap 150mg,0408010AEAAAEAE,3,0.00840000000000024
530,C83038,Atorvastatin_Tab 10mg,0212000B0AAAAAA,2,0.008400000000000046
145,C83611,Paracet_Tab 500mg,0407010H0AAAMAM,2,0.00839999999999995
144,C83611,Paracet_Tab 500mg,0407010H0AAAMAM,2,0.00839999999999995
143,C83018,Paracet_Tab 500mg,0407010H0AAAMAM,3,0.00839999999999995
142,C83018,Paracet_Tab 500mg,0407010H0AAAMAM,3,0.00839999999999995
289,C83079,Pregabalin_Cap 75mg,0408010AEAAACAC,3,0.0071999999999999564
147,C83014,Paracet_Tab 500mg,0407010H0AAAMAM,5,0.006999999999999958
146,C83014,Paracet_Tab 500mg,0407010H0AAAMAM,5,0.006999999999999958
245,C83041,Atorvastatin_Tab 20mg,0212000B0AAABAB,1,0.006000000000000172
246,C83044,Atorvastatin_Tab 20mg,0212000B0AAABAB,1,0.006000000000000172
247,C83014,Atorvastatin_Tab 20mg,0212000B0AAABAB,1,0.006000000000000172
248,C83001,Atorvastatin_Tab 20mg,0212000B0AAABAB,1,0.006000000000000172
156,C83071,Paracet_Tab 500mg,0407010H0AAAMAM,2,0.005999999999999964
161,C83072,Paracet_Tab 500mg,0407010H0AAAMAM,1,0.005999999999999964
151,C83062,Paracet_Tab 500mg,0407010H0AAAMAM,1,0.005999999999999964
150,C83637,Paracet_Tab 500mg,0407010H0AAAMAM,1,0.005999999999999964
149,C83062,Paracet_Tab 500mg,0407010H0AAAMAM,1,0.005999999999999964
148,C83038,Paracet_Tab 500mg,0407010H0AAAMAM,1,0.005999999999999964
157,C83001,Paracet_Tab 500mg,0407010H0AAAMAM,1,0.005999999999999964
160,C83037,Paracet_Tab 500mg,0407010H0AAAMAM,1,0.005999999999999964
164,C83637,Paracet_Tab 500mg,0407010H0AAAMAM,1,0.005999999999999964
162,C83031,Paracet_Tab 500mg,0407010H0AAAMAM,2,0.005999999999999964
163,C83078,Paracet_Tab 500mg,0407010H0AAAMAM,1,0.005999999999999964
153,C83078,Paracet_Tab 500mg,0407010H0AAAMAM,1,0.005999999999999964
165,C83037,Paracet_Tab 500mg,0407010H0AAAMAM,1,0.005999999999999964
166,C83038,Paracet_Tab 500mg,0407010H0AAAMAM,1,0.005999999999999964
167,C83001,Paracet_Tab 500mg,0407010H0AAAMAM,1,0.005999999999999964
152,C83031,Paracet_Tab 500mg,0407010H0AAAMAM,2,0.005999999999999964
159,C83072,Paracet_Tab 500mg,0407010H0AAAMAM,1,0.005999999999999964
155,C83029,Paracet_Tab 500mg,0407010H0AAAMAM,1,0.005999999999999964
154,C83029,Paracet_Tab 500mg,0407010H0AAAMAM,1,0.005999999999999964
158,C83071,Paracet_Tab 500mg,0407010H0AAAMAM,2,0.005999999999999964
290,C83082,Pregabalin_Cap 75mg,0408010AEAAACAC,2,0.005999999999999339
378,C83073,Pregabalin_Cap 150mg,0408010AEAAAEAE,1,0.00560000000000016
442,C83626,Pregabalin_Cap 50mg,0408010AEAAABAB,1,0.00560000000000016
375,C83031,Pregabalin_Cap 150mg,0408010AEAAAEAE,4,0.00560000000000016
376,C83029,Pregabalin_Cap 150mg,0408010AEAAAEAE,1,0.00560000000000016
377,C83082,Pregabalin_Cap 150mg,0408010AEAAAEAE,4,0.00560000000000016
379,C83051,Pregabalin_Cap 150mg,0408010AEAAAEAE,2,0.00560000000000016
380,C83058,Pregabalin_Cap 150mg,0408010AEAAAEAE,4,0.00560000000000016
171,C83073,Paracet_Tab 500mg,0407010H0AAAMAM,2,0.005599999999999966
169,C83044,Paracet_Tab 500mg,0407010H0AAAMAM,2,0.005599999999999966
168,C83044,Paracet_Tab 500mg,0407010H0AAAMAM,2,0.005599999999999966
170,C83073,Paracet_Tab 500mg,0407010H0AAAMAM,2,0.005599999999999966
291,C83046,Pregabalin_Cap 75mg,0408010AEAAACAC,2,0.005599999999999966
249,C83079,Atorvastatin_Tab 20mg,0212000B0AAABAB,1,0.005400000000000155
173,C83071,Paracet_Tab 500mg,0407010H0AAAMAM,1,0.005200000000000059
172,C83071,Paracet_Tab 500mg,0407010H0AAAMAM,1,0.005200000000000059
321,C83001,Memantine HCl_Tab 20mg,0411000G0AAADAD,1,0.004899999999999995
381,C83001,Pregabalin_Cap 150mg,0408010AEAAAEAE,1,0.00420000000000012
533,C83044,Atorvastatin_Tab 10mg,0212000B0AAAAAA,1,0.004200000000000023
531,C83051,Atorvastatin_Tab 10mg,0212000B0AAAAAA,1,0.004200000000000023
532,C83001,Atorvastatin_Tab 10mg,0212000B0AAAAAA,1,0.004200000000000023
534,C83037,Atorvastatin_Tab 10mg,0212000B0AAAAAA,1,0.004199999999999975
443,C83044,Pregabalin_Cap 50mg,0408010AEAAABAB,1,0.004199999999999926
444,C83611,Pregabalin_Cap 50mg,0408010AEAAABAB,1,0.0035000000000001003
445,C83001,Pregabalin_Cap 50mg,0408010AEAAABAB,1,0.003500000000000031
446,C83626,Pregabalin_Cap 50mg,0408010AEAAABAB,1,0.0033999999999999864
292,C83072,Pregabalin_Cap 75mg,0408010AEAAACAC,1,0.0031999999999999806
174,C83041,Paracet_Tab 500mg,0407010H0AAAMAM,1,0.002999999999999982
175,C83041,Paracet_Tab 500mg,0407010H0AAAMAM,1,0.002999999999999982
382,C83014,Pregabalin_Cap 150mg,0408010AEAAAEAE,1,0.00280000000000008
176,C83082,Paracet_Tab 500mg,0407010H0AAAMAM,1,0.002400000000000027
177,C83082,Paracet_Tab 500mg,0407010H0AAAMAM,1,0.002400000000000027
178,C83078,Paracet_Tab 500mg,0407010H0AAAMAM,1,0.0020999999999999873
179,C83078,Paracet_Tab 500mg,0407010H0AAAMAM,1,0.0020999999999999873
250,C83641,Atorvastatin_Tab 20mg,0212000B0AAABAB,1,-0.0013999999999999985
180,C83018,Paracet_Tab 500mg,0407010H0AAAMAM,1,-0.001999999999999988
181,C83018,Paracet_Tab 500mg,0407010H0AAAMAM,1,-0.001999999999999988
293,C83001,Pregabalin_Cap 75mg,0408010AEAAACAC,1,-0.0020000000000000573
486,C83018,Pregabalin_Cap 300mg,0408010AEAAAGAG,1,-0.0021000000000000185
294,C83029,Pregabalin_Cap 75mg,0408010AEAAACAC,1,-0.00210000000000006
452,C83002,Pregabalin_Cap 50mg,0408010AEAAABAB,1,-0.00280000000000008
453,C83072,Pregabalin_Cap 50mg,0408010AEAAABAB,1,-0.00280000000000008
456,C83029,Pregabalin_Cap 50mg,0408010AEAAABAB,1,-0.00280000000000008
447,C83001,Pregabalin_Cap 50mg,0408010AEAAABAB,1,-0.00280000000000008
448,C83025,Pregabalin_Cap 50mg,0408010AEAAABAB,1,-0.00280000000000008
450,C83073,Pregabalin_Cap 50mg,0408010AEAAABAB,1,-0.00280000000000008
451,C83052,Pregabalin_Cap 50mg,0408010AEAAABAB,1,-0.00280000000000008
455,C83078,Pregabalin_Cap 50mg,0408010AEAAABAB,1,-0.00280000000000008
454,C83046,Pregabalin_Cap 50mg,0408010AEAAABAB,1,-0.00280000000000008
449,C83041,Pregabalin_Cap 50mg,0408010AEAAABAB,1,-0.00280000000000008
251,C83637,Atorvastatin_Tab 20mg,0212000B0AAABAB,1,-0.0029999999999998778
185,C83073,Paracet_Tab 500mg,0407010H0AAAMAM,1,-0.003999999999999976
182,C83073,Paracet_Tab 500mg,0407010H0AAAMAM,1,-0.003999999999999976
184,C83082,Paracet_Tab 500mg,0407010H0AAAMAM,1,-0.003999999999999976
183,C83082,Paracet_Tab 500mg,0407010H0AAAMAM,1,-0.003999999999999976
535,C83001,Atorvastatin_Tab 10mg,0212000B0AAAAAA,1,-0.004199999999999975
252,C83018,Atorvastatin_Tab 20mg,0212000B0AAABAB,1,-0.004199999999999995
487,C83626,Pregabalin_Cap 300mg,0408010AEAAAGAG,4,-0.005600000000000049
457,C83082,Pregabalin_Cap 50mg,0408010AEAAABAB,2,-0.00560000000000016
462,C83051,Pregabalin_Cap 50mg,0408010AEAAABAB,2,-0.00560000000000016
460,C83037,Pregabalin_Cap 50mg,0408010AEAAABAB,2,-0.00560000000000016
459,C83058,Pregabalin_Cap 50mg,0408010AEAAABAB,2,-0.00560000000000016
458,C83018,Pregabalin_Cap 50mg,0408010AEAAABAB,2,-0.00560000000000016
461,C83031,Pregabalin_Cap 50mg,0408010AEAAABAB,2,-0.00560000000000016
295,C83637,Pregabalin_Cap 75mg,0408010AEAAACAC,3,-0.0063000000000001805
536,C83044,Atorvastatin_Tab 10mg,0212000B0AAAAAA,4,-0.006399999999999961
383,C83018,Pregabalin_Cap 150mg,0408010AEAAAEAE,2,-0.008399999999999075
384,C83626,Pregabalin_Cap 150mg,0408010AEAAAEAE,2,-0.008399999999999075
296,C83044,Pregabalin_Cap 75mg,0408010AEAAACAC,4,-0.00840000000000024
297,C83041,Pregabalin_Cap 75mg,0408010AEAAACAC,4,-0.00840000000000024
298,C83014,Pregabalin_Cap 75mg,0408010AEAAACAC,4,-0.00840000000000024
385,C83626,Pregabalin_Cap 150mg,0408010AEAAAEAE,11,-0.008799999999999641
386,C83626,Pregabalin_Cap 150mg,0408010AEAAAEAE,4,-0.009599999999999609
299,C83018,Pregabalin_Cap 75mg,0408010AEAAACAC,5,-0.0105000000000003
300,C83074,Pregabalin_Cap 75mg,0408010AEAAACAC,5,-0.0105000000000003
391,C83641,Olanzapine_Tab 20mg,040201060AAAQAQ,4,-0.011199999999998766
392,C83052,Olanzapine_Tab 20mg,040201060AAAQAQ,4,-0.011199999999998766
393,C83044,Olanzapine_Tab 20mg,040201060AAAQAQ,4,-0.011199999999998766
394,C83071,Olanzapine_Tab 20mg,040201060AAAQAQ,4,-0.011199999999998766
467,C83078,Pregabalin_Cap 50mg,0408010AEAAABAB,4,-0.011199999999999932
468,C83626,Pregabalin_Cap 50mg,0408010AEAAABAB,4,-0.011199999999999932
465,C83014,Pregabalin_Cap 50mg,0408010AEAAABAB,4,-0.011199999999999932
464,C83641,Pregabalin_Cap 50mg,0408010AEAAABAB,4,-0.011199999999999932
463,C83058,Pregabalin_Cap 50mg,0408010AEAAABAB,4,-0.011199999999999932
187,C83029,Paracet_Tab 500mg,0407010H0AAAMAM,2,-0.011199999999999932
186,C83029,Paracet_Tab 500mg,0407010H0AAAMAM,2,-0.011199999999999932
466,C83062,Pregabalin_Cap 50mg,0408010AEAAABAB,4,-0.011199999999999932
488,C83041,Pregabalin_Cap 300mg,0408010AEAAAGAG,3,-0.012600000000000111
469,C83044,Pregabalin_Cap 50mg,0408010AEAAABAB,5,-0.014000000000000401
189,C83052,Paracet_Tab 500mg,0407010H0AAAMAM,3,-0.0167999999999999
188,C83052,Paracet_Tab 500mg,0407010H0AAAMAM,3,-0.0167999999999999
470,C83038,Pregabalin_Cap 50mg,0408010AEAAABAB,6,-0.01680000000000048
537,C83041,Atorvastatin_Tab 10mg,0212000B0AAAAAA,3,-0.01799999999999989
395,C83001,Olanzapine_Tab 20mg,040201060AAAQAQ,7,-0.01959999999999784
471,C83018,Pregabalin_Cap 50mg,0408010AEAAABAB,7,-0.01959999999999988
396,C83626,Olanzapine_Tab 20mg,040201060AAAQAQ,8,-0.022399999999997533
397,C83078,Olanzapine_Tab 20mg,040201060AAAQAQ,8,-0.022399999999997533
398,C83014,Olanzapine_Tab 20mg,040201060AAAQAQ,8,-0.022399999999997533
399,C83074,Olanzapine_Tab 20mg,040201060AAAQAQ,10,-0.027999999999996916
191,C83051,Paracet_Tab 500mg,0407010H0AAAMAM,5,-0.02799999999999983
190,C83051,Paracet_Tab 500mg,0407010H0AAAMAM,5,-0.02799999999999983
400,C83051,Olanzapine_Tab 20mg,040201060AAAQAQ,11,-0.030799999999996608
401,C83018,Olanzapine_Tab 20mg,040201060AAAQAQ,12,-0.0335999999999963
489,C83052,Pregabalin_Cap 300mg,0408010AEAAAGAG,29,-0.04060000000000036
192,C83079,Paracet_Tab 500mg,0407010H0AAAMAM,8,-0.04479999999999973
193,C83079,Paracet_Tab 500mg,0407010H0AAAMAM,8,-0.04479999999999973
194,C83002,Paracet_Tab 500mg,0407010H0AAAMAM,9,-0.050399999999999695
195,C83074,Paracet_Tab 500mg,0407010H0AAAMAM,9,-0.050399999999999695
196,C83002,Paracet_Tab 500mg,0407010H0AAAMAM,9,-0.050399999999999695
197,C83074,Paracet_Tab 500mg,0407010H0AAAMAM,9,-0.050399999999999695
198,C83058,Paracet_Tab 500mg,0407010H0AAAMAM,11,-0.06159999999999963
199,C83038,Paracet_Tab 500mg,0407010H0AAAMAM,11,-0.06159999999999963
200,C83058,Paracet_Tab 500mg,0407010H0AAAMAM,11,-0.06159999999999963
201,C83038,Paracet_Tab 500mg,0407010H0AAAMAM,11,-0.06159999999999963
202,C83041,Paracet_Tab 500mg,0407010H0AAAMAM,14,-0.07839999999999953
203,C83041,Paracet_Tab 500mg,0407010H0AAAMAM,14,-0.07839999999999953
204,C83641,Paracet_Tab 500mg,0407010H0AAAMAM,16,-0.08959999999999946
205,C83641,Paracet_Tab 500mg,0407010H0AAAMAM,16,-0.08959999999999946
207,C83073,Paracet_Tab 500mg,0407010H0AAAMAM,21,-0.11759999999999929
206,C83073,Paracet_Tab 500mg,0407010H0AAAMAM,21,-0.11759999999999929
209,C83033,Paracet_Tab 500mg,0407010H0AAAMAM,22,-0.12319999999999925
208,C83033,Paracet_Tab 500mg,0407010H0AAAMAM,22,-0.12319999999999925
210,C83637,Paracet_Tab 500mg,0407010H0AAAMAM,23,-0.12879999999999922
211,C83637,Paracet_Tab 500mg,0407010H0AAAMAM,23,-0.12879999999999922
212,C83009,Paracet_Tab 500mg,0407010H0AAAMAM,25,-0.13999999999999915
213,C83009,Paracet_Tab 500mg,0407010H0AAAMAM,25,-0.13999999999999915
214,C83078,Paracet_Tab 500mg,0407010H0AAAMAM,27,-0.15119999999999909
215,C83078,Paracet_Tab 500mg,0407010H0AAAMAM,27,-0.15119999999999909
216,C83626,Paracet_Tab 500mg,0407010H0AAAMAM,29,-0.16239999999999902
217,C83626,Paracet_Tab 500mg,0407010H0AAAMAM,29,-0.16239999999999902
218,C83046,Paracet_Tab 500mg,0407010H0AAAMAM,31,-0.17359999999999895
219,C83046,Paracet_Tab 500mg,0407010H0AAAMAM,31,-0.17359999999999895
220,C83018,Paracet_Tab 500mg,0407010H0AAAMAM,33,-0.18479999999999888
221,C83018,Paracet_Tab 500mg,0407010H0AAAMAM,33,-0.18479999999999888
222,C83611,Paracet_Tab 500mg,0407010H0AAAMAM,40,-0.22399999999999864
223,C83611,Paracet_Tab 500mg,0407010H0AAAMAM,40,-0.22399999999999864
322,C83001,Memantine HCl_Tab 20mg,0411000G0AAADAD,10,-0.22399999999999864
224,C83044,Paracet_Tab 500mg,0407010H0AAAMAM,54,-0.30239999999999817
225,C83044,Paracet_Tab 500mg,0407010H0AAAMAM,54,-0.30239999999999817
226,C83031,Paracet_Tab 500mg,0407010H0AAAMAM,57,-0.31919999999999804
227,C83031,Paracet_Tab 500mg,0407010H0AAAMAM,57,-0.31919999999999804
228,C83037,Paracet_Tab 500mg,0407010H0AAAMAM,33,-0.5543999999999999
229,C83037,Paracet_Tab 500mg,0407010H0AAAMAM,33,-0.5543999999999999
230,C83002,Paracet_Tab 500mg,0407010H0AAAMAM,3,-0.8063999999999998
231,C83002,Paracet_Tab 500mg,0407010H0AAAMAM,3,-0.8063999999999998
232,C83626,Paracet_Tab 500mg,0407010H0AAAMAM,29,-1.159999999999993
233,C83626,Paracet_Tab 500mg,0407010H0AAAMAM,29,-1.159999999999993
234,C83002,Paracet_Tab 500mg,0407010H0AAAMAM,5,-1.559999999999999
235,C83002,Paracet_Tab 500mg,0407010H0AAAMAM,5,-1.559999999999999
