,practice_code,bnf_description,bnf_code,items,excess_cost
258,G81076,Nebivolol_Tab 2.5mg,0204000ABAAABAB,1,310.428
259,G81076,Nebivolol_Tab 2.5mg,0204000ABAAABAB,3,289.7244
473,G81075,Sod Bicarb_Cap 500mg,0902013S0AAACAC,2,252.31359999999995
319,G81042,Lamotrigine_Tab 100mg,0408010H0AAAAAA,5,203.22399999999996
270,G81011,Atorvastatin_Tab 20mg,0212000B0AAABAB,64,135.4752
509,G81103,Pregabalin_Cap 300mg,0408010AEAAAGAG,1,118.64159999999998
501,G81034,Montelukast_Tab 10mg,0303020G0AAABAB,15,97.52399999999999
494,G81034,Escitalopram_Tab 20mg,0403030X0AAABAB,20,89.03999999999999
293,G81669,Paracet_Tab Solb 500mg,0407010H0AAAQAQ,1,82.29760000000002
294,G81669,Paracet_Tab Solb 500mg,0407010H0AAAQAQ,1,82.29760000000002
1,G81065,Paracet_Tab 500mg,0407010H0AAAMAM,70,80.5
0,G81065,Paracet_Tab 500mg,0407010H0AAAMAM,70,80.5
271,G81638,Atorvastatin_Tab 20mg,0212000B0AAABAB,19,67.67040000000001
272,G81018,Atorvastatin_Tab 20mg,0212000B0AAABAB,12,67.63680000000001
273,G81034,Atorvastatin_Tab 20mg,0212000B0AAABAB,35,67.62
274,G81090,Atorvastatin_Tab 20mg,0212000B0AAABAB,35,67.62
495,G81689,Escitalopram_Tab 20mg,0403030X0AAABAB,4,67.144
454,G81090,Memantine HCl_Tab 20mg,0411000G0AAADAD,7,63.9156
455,G81047,Memantine HCl_Tab 20mg,0411000G0AAADAD,1,63.89880000000001
456,G81684,Memantine HCl_Tab 20mg,0411000G0AAADAD,1,63.89880000000001
457,G81083,Memantine HCl_Tab 20mg,0411000G0AAADAD,16,63.8848
320,G81028,Lamotrigine_Tab 100mg,0408010H0AAAAAA,1,56.28
510,G81613,Pregabalin_Cap 300mg,0408010AEAAAGAG,33,56.179199999999994
511,G81090,Pregabalin_Cap 300mg,0408010AEAAAGAG,7,56.095200000000006
502,G81680,Montelukast_Tab 10mg,0303020G0AAABAB,4,48.753600000000006
275,G81090,Atorvastatin_Tab 20mg,0212000B0AAABAB,11,45.0912
276,G81638,Atorvastatin_Tab 20mg,0212000B0AAABAB,35,45.0555
496,G81073,Escitalopram_Tab 20mg,0403030X0AAABAB,1,44.7608
2,G81065,Paracet_Tab 500mg,0407010H0AAAMAM,17,40.120000000000005
3,G81065,Paracet_Tab 500mg,0407010H0AAAMAM,17,40.120000000000005
295,G81034,Paracet_Tab Solb 500mg,0407010H0AAAQAQ,4,36.760000000000005
296,G81034,Paracet_Tab Solb 500mg,0407010H0AAAQAQ,4,36.760000000000005
4,G81076,Paracet_Tab 500mg,0407010H0AAAMAM,117,35.09999999999999
5,G81076,Paracet_Tab 500mg,0407010H0AAAMAM,117,35.09999999999999
503,G81034,Montelukast_Tab 10mg,0303020G0AAABAB,8,24.3712
504,G81075,Montelukast_Tab 10mg,0303020G0AAABAB,32,24.371199999999995
505,G81028,Montelukast_Tab 10mg,0303020G0AAABAB,11,24.3628
506,G81073,Montelukast_Tab 10mg,0303020G0AAABAB,12,24.360000000000003
7,G81083,Paracet_Tab 500mg,0407010H0AAAMAM,36,22.579200000000004
6,G81083,Paracet_Tab 500mg,0407010H0AAAMAM,36,22.579200000000004
9,G81638,Paracet_Tab 500mg,0407010H0AAAMAM,1,22.534399999999998
8,G81638,Paracet_Tab 500mg,0407010H0AAAMAM,1,22.534399999999998
277,G81011,Atorvastatin_Tab 20mg,0212000B0AAABAB,255,22.491000000000014
498,Y06007,Escitalopram_Tab 20mg,0403030X0AAABAB,3,22.377599999999997
497,G81034,Escitalopram_Tab 20mg,0403030X0AAABAB,9,22.377599999999997
10,G81028,Paracet_Tab 500mg,0407010H0AAAMAM,56,15.120000000000006
11,G81028,Paracet_Tab 500mg,0407010H0AAAMAM,56,15.120000000000006
13,G81638,Paracet_Tab 500mg,0407010H0AAAMAM,1,15.09
12,G81065,Paracet_Tab 500mg,0407010H0AAAMAM,1,15.09
14,G81638,Paracet_Tab 500mg,0407010H0AAAMAM,1,15.09
15,G81065,Paracet_Tab 500mg,0407010H0AAAMAM,1,15.09
16,G81028,Paracet_Tab 500mg,0407010H0AAAMAM,15,12.900000000000006
17,G81028,Paracet_Tab 500mg,0407010H0AAAMAM,15,12.900000000000006
19,G81065,Paracet_Tab 500mg,0407010H0AAAMAM,1,12.575
18,G81065,Paracet_Tab 500mg,0407010H0AAAMAM,1,12.575
20,G81034,Paracet_Tab 500mg,0407010H0AAAMAM,47,11.580800000000004
21,G81034,Paracet_Tab 500mg,0407010H0AAAMAM,47,11.580800000000004
22,G81076,Paracet_Tab 500mg,0407010H0AAAMAM,13,11.356800000000002
23,G81076,Paracet_Tab 500mg,0407010H0AAAMAM,13,11.356800000000002
24,G81018,Paracet_Tab 500mg,0407010H0AAAMAM,9,11.289600000000002
25,G81018,Paracet_Tab 500mg,0407010H0AAAMAM,9,11.289600000000002
26,G81090,Paracet_Tab 500mg,0407010H0AAAMAM,3,11.2896
27,G81090,Paracet_Tab 500mg,0407010H0AAAMAM,3,11.2896
297,G81083,Paracet_Tab Solb 500mg,0407010H0AAAQAQ,2,10.5504
298,G81083,Paracet_Tab Solb 500mg,0407010H0AAAQAQ,2,10.5504
28,G81042,Paracet_Tab 500mg,0407010H0AAAMAM,6,10.200000000000001
29,G81042,Paracet_Tab 500mg,0407010H0AAAMAM,6,10.200000000000001
30,G81083,Paracet_Tab 500mg,0407010H0AAAMAM,9,10.080000000000002
31,G81083,Paracet_Tab 500mg,0407010H0AAAMAM,9,10.080000000000002
32,G81034,Paracet_Tab 500mg,0407010H0AAAMAM,25,10.000000000000009
33,G81034,Paracet_Tab 500mg,0407010H0AAAMAM,25,10.000000000000009
34,G81001,Paracet_Tab 500mg,0407010H0AAAMAM,71,9.940000000000014
35,G81001,Paracet_Tab 500mg,0407010H0AAAMAM,71,9.940000000000014
36,G81065,Paracet_Tab 500mg,0407010H0AAAMAM,1,9.054
37,G81065,Paracet_Tab 500mg,0407010H0AAAMAM,1,9.054
38,G81065,Paracet_Tab 500mg,0407010H0AAAMAM,36,8.467200000000005
39,G81065,Paracet_Tab 500mg,0407010H0AAAMAM,36,8.467200000000005
40,G81065,Paracet_Tab 500mg,0407010H0AAAMAM,1,8.4672
41,G81065,Paracet_Tab 500mg,0407010H0AAAMAM,1,8.4672
42,G81065,Paracet_Tab 500mg,0407010H0AAAMAM,1,7.545
43,G81065,Paracet_Tab 500mg,0407010H0AAAMAM,1,7.545
44,G81667,Paracet_Tab 500mg,0407010H0AAAMAM,16,5.9200000000000035
45,G81667,Paracet_Tab 500mg,0407010H0AAAMAM,16,5.9200000000000035
46,G81083,Paracet_Tab 500mg,0407010H0AAAMAM,43,5.159999999999998
47,G81083,Paracet_Tab 500mg,0407010H0AAAMAM,43,5.159999999999998
49,G81680,Paracet_Tab 500mg,0407010H0AAAMAM,51,5.100000000000005
48,G81680,Paracet_Tab 500mg,0407010H0AAAMAM,51,5.100000000000005
50,G81090,Paracet_Tab 500mg,0407010H0AAAMAM,20,5.000000000000004
51,G81090,Paracet_Tab 500mg,0407010H0AAAMAM,20,5.000000000000004
53,G81638,Paracet_Tab 500mg,0407010H0AAAMAM,19,4.940000000000003
52,G81638,Paracet_Tab 500mg,0407010H0AAAMAM,19,4.940000000000003
55,G81034,Paracet_Tab 500mg,0407010H0AAAMAM,81,4.8599999999999985
54,G81034,Paracet_Tab 500mg,0407010H0AAAMAM,81,4.8599999999999985
56,G81028,Paracet_Tab 500mg,0407010H0AAAMAM,21,4.704000000000004
57,G81028,Paracet_Tab 500mg,0407010H0AAAMAM,21,4.704000000000004
299,G81083,Paracet_Tab Solb 500mg,0407010H0AAAQAQ,2,4.700000000000001
300,G81083,Paracet_Tab Solb 500mg,0407010H0AAAQAQ,2,4.700000000000001
58,G81065,Paracet_Tab 500mg,0407010H0AAAMAM,11,1.6192
59,G81065,Paracet_Tab 500mg,0407010H0AAAMAM,11,1.6192
60,G81034,Paracet_Tab 500mg,0407010H0AAAMAM,9,1.6128000000000002
61,G81034,Paracet_Tab 500mg,0407010H0AAAMAM,9,1.6128000000000002
63,G81011,Paracet_Tab 500mg,0407010H0AAAMAM,21,1.260000000000007
62,G81011,Paracet_Tab 500mg,0407010H0AAAMAM,21,1.260000000000007
64,G81011,Paracet_Tab 500mg,0407010H0AAAMAM,112,1.2544000000000142
65,G81011,Paracet_Tab 500mg,0407010H0AAAMAM,112,1.2544000000000142
278,G81054,Atorvastatin_Tab 20mg,0212000B0AAABAB,72,1.2096000000000067
279,G81076,Atorvastatin_Tab 20mg,0212000B0AAABAB,62,1.0416000000000298
321,G81028,Lamotrigine_Tab 100mg,0408010H0AAAAAA,5,0.5039999999999911
280,G81076,Atorvastatin_Tab 20mg,0212000B0AAABAB,41,0.22960000000000658
66,G81011,Paracet_Tab 500mg,0407010H0AAAMAM,35,0.19599999999999979
67,G81011,Paracet_Tab 500mg,0407010H0AAAMAM,35,0.19599999999999979
68,Y06007,Paracet_Tab 500mg,0407010H0AAAMAM,48,0.19200000000000017
69,Y06007,Paracet_Tab 500mg,0407010H0AAAMAM,48,0.19200000000000017
71,G81090,Paracet_Tab 500mg,0407010H0AAAMAM,1,0.16799999999999982
70,G81090,Paracet_Tab 500mg,0407010H0AAAMAM,1,0.16799999999999982
281,G81083,Atorvastatin_Tab 20mg,0212000B0AAABAB,52,0.14560000000000417
72,G81042,Paracet_Tab 500mg,0407010H0AAAMAM,17,0.09519999999999942
73,G81042,Paracet_Tab 500mg,0407010H0AAAMAM,17,0.09519999999999942
458,G81036,Memantine HCl_Tab 20mg,0411000G0AAADAD,13,0.06369999999999992
74,G81036,Paracet_Tab 500mg,0407010H0AAAMAM,17,0.04759999999999971
75,G81036,Paracet_Tab 500mg,0407010H0AAAMAM,17,0.04759999999999971
459,Y06007,Memantine HCl_Tab 20mg,0411000G0AAADAD,9,0.04409999999999995
77,G81070,Paracet_Tab 500mg,0407010H0AAAMAM,7,0.041999999999999746
76,G81070,Paracet_Tab 500mg,0407010H0AAAMAM,7,0.041999999999999746
460,G81083,Memantine HCl_Tab 20mg,0411000G0AAADAD,8,0.03919999999999996
461,G81076,Memantine HCl_Tab 20mg,0411000G0AAADAD,8,0.03919999999999996
512,G81054,Pregabalin_Cap 300mg,0408010AEAAAGAG,8,0.03919999999999957
79,G81083,Paracet_Tab 500mg,0407010H0AAAMAM,1,0.03599999999999999
78,G81083,Paracet_Tab 500mg,0407010H0AAAMAM,1,0.03599999999999999
463,G81014,Memantine HCl_Tab 20mg,0411000G0AAADAD,7,0.03429999999999996
462,G81006,Memantine HCl_Tab 20mg,0411000G0AAADAD,7,0.03429999999999996
82,G81083,Paracet_Tab 500mg,0407010H0AAAMAM,8,0.0335999999999998
80,G81680,Paracet_Tab 500mg,0407010H0AAAMAM,8,0.0335999999999998
81,G81680,Paracet_Tab 500mg,0407010H0AAAMAM,8,0.0335999999999998
83,G81083,Paracet_Tab 500mg,0407010H0AAAMAM,8,0.0335999999999998
84,G81047,Paracet_Tab 500mg,0407010H0AAAMAM,12,0.0335999999999998
85,G81047,Paracet_Tab 500mg,0407010H0AAAMAM,12,0.0335999999999998
322,G81011,Lamotrigine_Tab 100mg,0408010H0AAAAAA,12,0.0335999999999963
324,G81038,Lamotrigine_Tab 100mg,0408010H0AAAAAA,12,0.0335999999999963
323,G81006,Lamotrigine_Tab 100mg,0408010H0AAAAAA,12,0.0335999999999963
514,G81011,Pregabalin_Cap 300mg,0408010AEAAAGAG,5,0.031499999999999445
513,G81001,Pregabalin_Cap 300mg,0408010AEAAAGAG,5,0.031499999999999445
325,G81669,Lamotrigine_Tab 100mg,0408010H0AAAAAA,11,0.030799999999996608
326,G81054,Lamotrigine_Tab 100mg,0408010H0AAAAAA,11,0.030799999999996608
464,G81011,Memantine HCl_Tab 20mg,0411000G0AAADAD,6,0.029399999999999968
86,G81011,Paracet_Tab 500mg,0407010H0AAAMAM,7,0.029399999999999822
87,G81011,Paracet_Tab 500mg,0407010H0AAAMAM,7,0.029399999999999822
93,G81011,Paracet_Tab 500mg,0407010H0AAAMAM,10,0.02799999999999983
88,G81054,Paracet_Tab 500mg,0407010H0AAAMAM,10,0.02799999999999983
89,G81038,Paracet_Tab 500mg,0407010H0AAAMAM,10,0.02799999999999983
90,G81011,Paracet_Tab 500mg,0407010H0AAAMAM,10,0.02799999999999983
91,G81038,Paracet_Tab 500mg,0407010H0AAAMAM,10,0.02799999999999983
92,G81054,Paracet_Tab 500mg,0407010H0AAAMAM,10,0.02799999999999983
327,G81036,Lamotrigine_Tab 100mg,0408010H0AAAAAA,10,0.027999999999996916
95,G81028,Paracet_Tab 500mg,0407010H0AAAMAM,9,0.025199999999999848
94,G81028,Paracet_Tab 500mg,0407010H0AAAMAM,9,0.025199999999999848
515,G81006,Pregabalin_Cap 300mg,0408010AEAAAGAG,4,0.025199999999999556
328,G81018,Lamotrigine_Tab 100mg,0408010H0AAAAAA,3,0.025199999999997225
516,G81103,Pregabalin_Cap 300mg,0408010AEAAAGAG,5,0.02449999999999973
96,G81076,Paracet_Tab 500mg,0407010H0AAAMAM,4,0.023999999999999855
97,G81076,Paracet_Tab 500mg,0407010H0AAAMAM,4,0.023999999999999855
98,G81070,Paracet_Tab 500mg,0407010H0AAAMAM,8,0.022399999999999864
99,G81070,Paracet_Tab 500mg,0407010H0AAAMAM,8,0.022399999999999864
474,G81038,Sod Bicarb_Cap 500mg,0902013S0AAACAC,8,0.022399999999999087
331,G81011,Lamotrigine_Tab 100mg,0408010H0AAAAAA,4,0.022399999999997533
330,G81065,Lamotrigine_Tab 100mg,0408010H0AAAAAA,4,0.022399999999997533
329,G81638,Lamotrigine_Tab 100mg,0408010H0AAAAAA,8,0.022399999999997533
301,G81006,Paracet_Tab Solb 500mg,0407010H0AAAQAQ,5,0.0210000000000006
302,G81006,Paracet_Tab Solb 500mg,0407010H0AAAQAQ,5,0.0210000000000006
100,G81065,Paracet_Tab 500mg,0407010H0AAAMAM,5,0.020999999999999873
101,G81065,Paracet_Tab 500mg,0407010H0AAAMAM,5,0.020999999999999873
467,G81075,Memantine HCl_Tab 20mg,0411000G0AAADAD,4,0.01959999999999998
468,G81042,Memantine HCl_Tab 20mg,0411000G0AAADAD,4,0.01959999999999998
466,G81038,Memantine HCl_Tab 20mg,0411000G0AAADAD,4,0.01959999999999998
465,G81065,Memantine HCl_Tab 20mg,0411000G0AAADAD,4,0.01959999999999998
103,G81006,Paracet_Tab 500mg,0407010H0AAAMAM,7,0.01959999999999988
102,G81006,Paracet_Tab 500mg,0407010H0AAAMAM,7,0.01959999999999988
520,G81028,Pregabalin_Cap 300mg,0408010AEAAAGAG,4,0.019599999999999784
517,G81663,Pregabalin_Cap 300mg,0408010AEAAAGAG,4,0.019599999999999784
518,G81065,Pregabalin_Cap 300mg,0408010AEAAAGAG,4,0.019599999999999784
519,G81070,Pregabalin_Cap 300mg,0408010AEAAAGAG,4,0.019599999999999784
105,G81070,Paracet_Tab 500mg,0407010H0AAAMAM,6,0.01799999999999989
104,G81070,Paracet_Tab 500mg,0407010H0AAAMAM,6,0.01799999999999989
112,G81034,Paracet_Tab 500mg,0407010H0AAAMAM,1,0.0167999999999999
111,G81018,Paracet_Tab 500mg,0407010H0AAAMAM,4,0.0167999999999999
127,G81065,Paracet_Tab 500mg,0407010H0AAAMAM,6,0.0167999999999999
125,G81070,Paracet_Tab 500mg,0407010H0AAAMAM,4,0.0167999999999999
113,G81044,Paracet_Tab 500mg,0407010H0AAAMAM,4,0.0167999999999999
124,G81075,Paracet_Tab 500mg,0407010H0AAAMAM,6,0.0167999999999999
123,G81042,Paracet_Tab 500mg,0407010H0AAAMAM,4,0.0167999999999999
106,G81042,Paracet_Tab 500mg,0407010H0AAAMAM,1,0.0167999999999999
107,Y06007,Paracet_Tab 500mg,0407010H0AAAMAM,6,0.0167999999999999
109,G81028,Paracet_Tab 500mg,0407010H0AAAMAM,4,0.0167999999999999
110,G81034,Paracet_Tab 500mg,0407010H0AAAMAM,6,0.0167999999999999
108,G81018,Paracet_Tab 500mg,0407010H0AAAMAM,4,0.0167999999999999
114,G81028,Paracet_Tab 500mg,0407010H0AAAMAM,4,0.0167999999999999
122,G81065,Paracet_Tab 500mg,0407010H0AAAMAM,6,0.0167999999999999
121,G81070,Paracet_Tab 500mg,0407010H0AAAMAM,4,0.0167999999999999
120,G81034,Paracet_Tab 500mg,0407010H0AAAMAM,6,0.0167999999999999
119,G81075,Paracet_Tab 500mg,0407010H0AAAMAM,6,0.0167999999999999
118,G81034,Paracet_Tab 500mg,0407010H0AAAMAM,1,0.0167999999999999
117,G81042,Paracet_Tab 500mg,0407010H0AAAMAM,1,0.0167999999999999
116,Y06007,Paracet_Tab 500mg,0407010H0AAAMAM,6,0.0167999999999999
115,G81042,Paracet_Tab 500mg,0407010H0AAAMAM,4,0.0167999999999999
126,G81044,Paracet_Tab 500mg,0407010H0AAAMAM,4,0.0167999999999999
332,G81054,Lamotrigine_Tab 100mg,0408010H0AAAAAA,3,0.01679999999999815
333,G81044,Lamotrigine_Tab 100mg,0408010H0AAAAAA,6,0.01679999999999815
131,G81018,Paracet_Tab 500mg,0407010H0AAAMAM,5,0.013999999999999915
128,G81001,Paracet_Tab 500mg,0407010H0AAAMAM,5,0.013999999999999915
130,G81001,Paracet_Tab 500mg,0407010H0AAAMAM,5,0.013999999999999915
129,G81018,Paracet_Tab 500mg,0407010H0AAAMAM,5,0.013999999999999915
335,G81667,Lamotrigine_Tab 100mg,0408010H0AAAAAA,5,0.013999999999998458
334,G81094,Lamotrigine_Tab 100mg,0408010H0AAAAAA,5,0.013999999999998458
133,G81036,Paracet_Tab 500mg,0407010H0AAAMAM,3,0.012599999999999924
132,G81036,Paracet_Tab 500mg,0407010H0AAAMAM,3,0.012599999999999924
521,G81656,Pregabalin_Cap 300mg,0408010AEAAAGAG,1,0.012000000000000344
522,G81044,Pregabalin_Cap 300mg,0408010AEAAAGAG,1,0.012000000000000344
141,G81001,Paracet_Tab 500mg,0407010H0AAAMAM,2,0.011999999999999927
134,G81646,Paracet_Tab 500mg,0407010H0AAAMAM,2,0.011999999999999927
135,G81646,Paracet_Tab 500mg,0407010H0AAAMAM,2,0.011999999999999927
136,G81047,Paracet_Tab 500mg,0407010H0AAAMAM,1,0.011999999999999927
137,G81001,Paracet_Tab 500mg,0407010H0AAAMAM,2,0.011999999999999927
138,G81047,Paracet_Tab 500mg,0407010H0AAAMAM,1,0.011999999999999927
139,G81028,Paracet_Tab 500mg,0407010H0AAAMAM,2,0.011999999999999927
140,G81028,Paracet_Tab 500mg,0407010H0AAAMAM,2,0.011999999999999927
260,G81034,Nebivolol_Tab 2.5mg,0204000ABAAABAB,4,0.011200000000000543
145,G81046,Paracet_Tab 500mg,0407010H0AAAMAM,4,0.011199999999999932
144,G81680,Paracet_Tab 500mg,0407010H0AAAMAM,4,0.011199999999999932
142,G81680,Paracet_Tab 500mg,0407010H0AAAMAM,4,0.011199999999999932
143,G81046,Paracet_Tab 500mg,0407010H0AAAMAM,4,0.011199999999999932
475,G81656,Sod Bicarb_Cap 500mg,0902013S0AAACAC,4,0.011199999999999544
476,Y06007,Sod Bicarb_Cap 500mg,0902013S0AAACAC,4,0.011199999999999544
477,G81034,Sod Bicarb_Cap 500mg,0902013S0AAACAC,4,0.011199999999999544
345,G81646,Lamotrigine_Tab 100mg,0408010H0AAAAAA,4,0.011199999999998766
347,G81065,Lamotrigine_Tab 100mg,0408010H0AAAAAA,4,0.011199999999998766
344,G81090,Lamotrigine_Tab 100mg,0408010H0AAAAAA,2,0.011199999999998766
342,G81034,Lamotrigine_Tab 100mg,0408010H0AAAAAA,2,0.011199999999998766
341,G81006,Lamotrigine_Tab 100mg,0408010H0AAAAAA,2,0.011199999999998766
340,G81042,Lamotrigine_Tab 100mg,0408010H0AAAAAA,4,0.011199999999998766
339,G81042,Lamotrigine_Tab 100mg,0408010H0AAAAAA,2,0.011199999999998766
338,G81034,Lamotrigine_Tab 100mg,0408010H0AAAAAA,4,0.011199999999998766
337,G81075,Lamotrigine_Tab 100mg,0408010H0AAAAAA,2,0.011199999999998766
336,G81680,Lamotrigine_Tab 100mg,0408010H0AAAAAA,4,0.011199999999998766
343,G81689,Lamotrigine_Tab 100mg,0408010H0AAAAAA,2,0.011199999999998766
346,G81070,Lamotrigine_Tab 100mg,0408010H0AAAAAA,4,0.011199999999998766
348,G81076,Lamotrigine_Tab 100mg,0408010H0AAAAAA,2,0.011199999999998766
261,G81090,Nebivolol_Tab 2.5mg,0204000ABAAABAB,5,0.010499999999998844
470,G81663,Memantine HCl_Tab 20mg,0411000G0AAADAD,2,0.00979999999999999
469,G81054,Memantine HCl_Tab 20mg,0411000G0AAADAD,2,0.00979999999999999
150,G81014,Paracet_Tab 500mg,0407010H0AAAMAM,2,0.00839999999999995
147,G81014,Paracet_Tab 500mg,0407010H0AAAMAM,3,0.00839999999999995
148,G81014,Paracet_Tab 500mg,0407010H0AAAMAM,2,0.00839999999999995
149,G81042,Paracet_Tab 500mg,0407010H0AAAMAM,4,0.00839999999999995
146,G81014,Paracet_Tab 500mg,0407010H0AAAMAM,3,0.00839999999999995
151,G81042,Paracet_Tab 500mg,0407010H0AAAMAM,4,0.00839999999999995
152,G81689,Paracet_Tab 500mg,0407010H0AAAMAM,2,0.00839999999999995
153,G81689,Paracet_Tab 500mg,0407010H0AAAMAM,2,0.00839999999999995
262,G81011,Nebivolol_Tab 2.5mg,0204000ABAAABAB,4,0.008399999999999075
353,G81663,Lamotrigine_Tab 100mg,0408010H0AAAAAA,3,0.008399999999999075
352,G81038,Lamotrigine_Tab 100mg,0408010H0AAAAAA,1,0.008399999999999075
351,G81083,Lamotrigine_Tab 100mg,0408010H0AAAAAA,1,0.008399999999999075
350,G81680,Lamotrigine_Tab 100mg,0408010H0AAAAAA,1,0.008399999999999075
349,Y06007,Lamotrigine_Tab 100mg,0408010H0AAAAAA,1,0.008399999999999075
155,G81038,Paracet_Tab 500mg,0407010H0AAAMAM,1,0.00800000000000009
154,G81038,Paracet_Tab 500mg,0407010H0AAAMAM,1,0.00800000000000009
157,G81094,Paracet_Tab 500mg,0407010H0AAAMAM,5,0.006999999999999958
156,G81094,Paracet_Tab 500mg,0407010H0AAAMAM,5,0.006999999999999958
282,G81034,Atorvastatin_Tab 20mg,0212000B0AAABAB,1,0.006000000000000172
284,G81638,Atorvastatin_Tab 20mg,0212000B0AAABAB,1,0.006000000000000172
283,G81090,Atorvastatin_Tab 20mg,0212000B0AAABAB,1,0.006000000000000172
303,G81046,Paracet_Tab Solb 500mg,0407010H0AAAQAQ,1,0.006000000000000172
304,G81046,Paracet_Tab Solb 500mg,0407010H0AAAQAQ,1,0.006000000000000172
165,G81680,Paracet_Tab 500mg,0407010H0AAAMAM,1,0.005999999999999964
172,G81042,Paracet_Tab 500mg,0407010H0AAAMAM,1,0.005999999999999964
158,G81018,Paracet_Tab 500mg,0407010H0AAAMAM,1,0.005999999999999964
159,G81036,Paracet_Tab 500mg,0407010H0AAAMAM,1,0.005999999999999964
160,G81680,Paracet_Tab 500mg,0407010H0AAAMAM,1,0.005999999999999964
161,G81018,Paracet_Tab 500mg,0407010H0AAAMAM,1,0.005999999999999964
162,G81011,Paracet_Tab 500mg,0407010H0AAAMAM,1,0.005999999999999964
164,G81638,Paracet_Tab 500mg,0407010H0AAAMAM,2,0.005999999999999964
173,G81638,Paracet_Tab 500mg,0407010H0AAAMAM,2,0.005999999999999964
166,G81054,Paracet_Tab 500mg,0407010H0AAAMAM,1,0.005999999999999964
171,G81054,Paracet_Tab 500mg,0407010H0AAAMAM,1,0.005999999999999964
170,G81036,Paracet_Tab 500mg,0407010H0AAAMAM,1,0.005999999999999964
169,G81042,Paracet_Tab 500mg,0407010H0AAAMAM,1,0.005999999999999964
168,G81011,Paracet_Tab 500mg,0407010H0AAAMAM,1,0.005999999999999964
167,G81046,Paracet_Tab 500mg,0407010H0AAAMAM,1,0.005999999999999964
163,G81046,Paracet_Tab 500mg,0407010H0AAAMAM,1,0.005999999999999964
174,G81689,Paracet_Tab 500mg,0407010H0AAAMAM,1,0.005599999999999994
175,G81689,Paracet_Tab 500mg,0407010H0AAAMAM,1,0.005599999999999994
176,G81663,Paracet_Tab 500mg,0407010H0AAAMAM,2,0.005599999999999966
187,G81663,Paracet_Tab 500mg,0407010H0AAAMAM,4,0.005599999999999966
186,G81036,Paracet_Tab 500mg,0407010H0AAAMAM,4,0.005599999999999966
177,G81044,Paracet_Tab 500mg,0407010H0AAAMAM,4,0.005599999999999966
178,G81014,Paracet_Tab 500mg,0407010H0AAAMAM,4,0.005599999999999966
179,G81044,Paracet_Tab 500mg,0407010H0AAAMAM,4,0.005599999999999966
180,G81065,Paracet_Tab 500mg,0407010H0AAAMAM,4,0.005599999999999966
181,G81663,Paracet_Tab 500mg,0407010H0AAAMAM,2,0.005599999999999966
182,G81036,Paracet_Tab 500mg,0407010H0AAAMAM,4,0.005599999999999966
183,G81014,Paracet_Tab 500mg,0407010H0AAAMAM,4,0.005599999999999966
184,G81663,Paracet_Tab 500mg,0407010H0AAAMAM,4,0.005599999999999966
185,G81065,Paracet_Tab 500mg,0407010H0AAAMAM,4,0.005599999999999966
480,G81070,Sod Bicarb_Cap 500mg,0902013S0AAACAC,4,0.005599999999999772
479,G81038,Sod Bicarb_Cap 500mg,0902013S0AAACAC,4,0.005599999999999772
478,G81036,Sod Bicarb_Cap 500mg,0902013S0AAACAC,4,0.005599999999999772
354,G81083,Lamotrigine_Tab 100mg,0408010H0AAAAAA,1,0.005599999999999383
355,G81070,Lamotrigine_Tab 100mg,0408010H0AAAAAA,1,0.005599999999999383
356,G81047,Lamotrigine_Tab 100mg,0408010H0AAAAAA,1,0.005599999999999383
357,G81001,Lamotrigine_Tab 100mg,0408010H0AAAAAA,1,0.005599999999999383
359,G81038,Lamotrigine_Tab 100mg,0408010H0AAAAAA,1,0.005599999999999383
360,G81669,Lamotrigine_Tab 100mg,0408010H0AAAAAA,1,0.005599999999999383
361,G81638,Lamotrigine_Tab 100mg,0408010H0AAAAAA,1,0.005599999999999383
362,G81046,Lamotrigine_Tab 100mg,0408010H0AAAAAA,1,0.005599999999999383
363,G81689,Lamotrigine_Tab 100mg,0408010H0AAAAAA,2,0.005599999999999383
364,Y06007,Lamotrigine_Tab 100mg,0408010H0AAAAAA,1,0.005599999999999383
358,G81103,Lamotrigine_Tab 100mg,0408010H0AAAAAA,1,0.005599999999999383
285,G81680,Atorvastatin_Tab 20mg,0212000B0AAABAB,1,0.005400000000000155
472,G81103,Memantine HCl_Tab 20mg,0411000G0AAADAD,1,0.004899999999999995
471,G81034,Memantine HCl_Tab 20mg,0411000G0AAADAD,1,0.004899999999999995
523,G81075,Pregabalin_Cap 300mg,0408010AEAAAGAG,1,0.004899999999999946
286,Y06007,Atorvastatin_Tab 20mg,0212000B0AAABAB,1,0.0048000000000001375
189,G81001,Paracet_Tab 500mg,0407010H0AAAMAM,1,0.004800000000000054
188,G81001,Paracet_Tab 500mg,0407010H0AAAMAM,1,0.004800000000000054
190,G81011,Paracet_Tab 500mg,0407010H0AAAMAM,3,0.004199999999999975
191,G81011,Paracet_Tab 500mg,0407010H0AAAMAM,3,0.004199999999999975
192,G81006,Paracet_Tab 500mg,0407010H0AAAMAM,1,0.004199999999999975
193,G81006,Paracet_Tab 500mg,0407010H0AAAMAM,1,0.004199999999999975
265,G81006,Nebivolol_Tab 2.5mg,0204000ABAAABAB,1,0.0041999999999995374
263,G81001,Nebivolol_Tab 2.5mg,0204000ABAAABAB,1,0.0041999999999995374
264,G81011,Nebivolol_Tab 2.5mg,0204000ABAAABAB,1,0.0041999999999995374
266,G81054,Nebivolol_Tab 2.5mg,0204000ABAAABAB,1,0.0041999999999995374
267,G81044,Nebivolol_Tab 2.5mg,0204000ABAAABAB,1,0.0041999999999995374
268,G81044,Nebivolol_Tab 2.5mg,0204000ABAAABAB,1,0.0034999999999996145
287,Y06007,Atorvastatin_Tab 20mg,0212000B0AAABAB,1,0.0030000000000000165
200,G81014,Paracet_Tab 500mg,0407010H0AAAMAM,1,0.002999999999999982
199,G81014,Paracet_Tab 500mg,0407010H0AAAMAM,1,0.002999999999999982
198,G81083,Paracet_Tab 500mg,0407010H0AAAMAM,1,0.002999999999999982
197,G81047,Paracet_Tab 500mg,0407010H0AAAMAM,1,0.002999999999999982
196,G81083,Paracet_Tab 500mg,0407010H0AAAMAM,1,0.002999999999999982
194,Y06007,Paracet_Tab 500mg,0407010H0AAAMAM,1,0.002999999999999982
195,Y06007,Paracet_Tab 500mg,0407010H0AAAMAM,1,0.002999999999999982
201,G81047,Paracet_Tab 500mg,0407010H0AAAMAM,1,0.002999999999999982
204,G81667,Paracet_Tab 500mg,0407010H0AAAMAM,1,0.002799999999999983
205,G81076,Paracet_Tab 500mg,0407010H0AAAMAM,1,0.002799999999999983
203,G81076,Paracet_Tab 500mg,0407010H0AAAMAM,1,0.002799999999999983
202,G81667,Paracet_Tab 500mg,0407010H0AAAMAM,1,0.002799999999999983
481,G81046,Sod Bicarb_Cap 500mg,0902013S0AAACAC,1,0.002799999999999886
365,Y06007,Lamotrigine_Tab 100mg,0408010H0AAAAAA,1,0.0027999999999996916
288,G81090,Atorvastatin_Tab 20mg,0212000B0AAABAB,1,0.0020000000000000573
507,G81073,Montelukast_Tab 10mg,0303020G0AAABAB,1,0.0016000000000000458
482,G81669,Sod Bicarb_Cap 500mg,0902013S0AAACAC,1,0.001399999999999943
406,G81018,Lamotrigine_Tab 100mg,0408010H0AAAAAA,6,0.0
408,G81054,Lamotrigine_Tab 100mg,0408010H0AAAAAA,3,0.0
409,G81680,Lamotrigine_Tab 100mg,0408010H0AAAAAA,2,0.0
410,G81011,Lamotrigine_Tab 100mg,0408010H0AAAAAA,1,0.0
411,G81046,Lamotrigine_Tab 100mg,0408010H0AAAAAA,7,0.0
407,G81094,Lamotrigine_Tab 100mg,0408010H0AAAAAA,1,0.0
397,G81071,Lamotrigine_Tab 100mg,0408010H0AAAAAA,1,0.0
404,G81038,Lamotrigine_Tab 100mg,0408010H0AAAAAA,2,0.0
405,G81656,Lamotrigine_Tab 100mg,0408010H0AAAAAA,1,0.0
396,Y02676,Lamotrigine_Tab 100mg,0408010H0AAAAAA,1,0.0
403,G81083,Lamotrigine_Tab 100mg,0408010H0AAAAAA,1,0.0
402,G81070,Lamotrigine_Tab 100mg,0408010H0AAAAAA,1,0.0
394,Y06007,Lamotrigine_Tab 100mg,0408010H0AAAAAA,3,0.0
413,G81044,Lamotrigine_Tab 100mg,0408010H0AAAAAA,4,0.0
401,G81006,Lamotrigine_Tab 100mg,0408010H0AAAAAA,4,0.0
395,G81001,Lamotrigine_Tab 100mg,0408010H0AAAAAA,2,0.0
400,G81075,Lamotrigine_Tab 100mg,0408010H0AAAAAA,1,0.0
399,G81669,Lamotrigine_Tab 100mg,0408010H0AAAAAA,3,0.0
398,G81083,Lamotrigine_Tab 100mg,0408010H0AAAAAA,2,0.0
412,G81047,Lamotrigine_Tab 100mg,0408010H0AAAAAA,5,0.0
429,G81054,Lamotrigine_Tab 100mg,0408010H0AAAAAA,1,0.0
414,G81028,Lamotrigine_Tab 100mg,0408010H0AAAAAA,2,0.0
415,G81638,Lamotrigine_Tab 100mg,0408010H0AAAAAA,9,0.0
433,G81034,Lamotrigine_Tab 100mg,0408010H0AAAAAA,3,0.0
432,G81054,Lamotrigine_Tab 100mg,0408010H0AAAAAA,3,0.0
431,Y06007,Lamotrigine_Tab 100mg,0408010H0AAAAAA,2,0.0
430,G81680,Lamotrigine_Tab 100mg,0408010H0AAAAAA,2,0.0
428,G81073,Lamotrigine_Tab 100mg,0408010H0AAAAAA,2,0.0
427,G81689,Lamotrigine_Tab 100mg,0408010H0AAAAAA,1,0.0
426,G81684,Lamotrigine_Tab 100mg,0408010H0AAAAAA,2,0.0
425,G81075,Lamotrigine_Tab 100mg,0408010H0AAAAAA,5,0.0
424,G81046,Lamotrigine_Tab 100mg,0408010H0AAAAAA,2,0.0
423,G81083,Lamotrigine_Tab 100mg,0408010H0AAAAAA,6,0.0
422,G81070,Lamotrigine_Tab 100mg,0408010H0AAAAAA,4,0.0
421,G81076,Lamotrigine_Tab 100mg,0408010H0AAAAAA,1,0.0
420,G81036,Lamotrigine_Tab 100mg,0408010H0AAAAAA,3,0.0
392,G81046,Lamotrigine_Tab 100mg,0408010H0AAAAAA,3,0.0
419,G81042,Lamotrigine_Tab 100mg,0408010H0AAAAAA,1,0.0
418,G81034,Lamotrigine_Tab 100mg,0408010H0AAAAAA,8,0.0
416,G81011,Lamotrigine_Tab 100mg,0408010H0AAAAAA,1,0.0
393,G81044,Lamotrigine_Tab 100mg,0408010H0AAAAAA,1,0.0
417,G81006,Lamotrigine_Tab 100mg,0408010H0AAAAAA,2,0.0
391,G81638,Lamotrigine_Tab 100mg,0408010H0AAAAAA,1,0.0
377,G81011,Lamotrigine_Tab 100mg,0408010H0AAAAAA,1,0.0
390,G81011,Lamotrigine_Tab 100mg,0408010H0AAAAAA,5,0.0
366,G81038,Lamotrigine_Tab 100mg,0408010H0AAAAAA,1,0.0
367,G81694,Lamotrigine_Tab 100mg,0408010H0AAAAAA,1,0.0
368,G81070,Lamotrigine_Tab 100mg,0408010H0AAAAAA,1,0.0
369,G81038,Lamotrigine_Tab 100mg,0408010H0AAAAAA,1,0.0
371,G81090,Lamotrigine_Tab 100mg,0408010H0AAAAAA,3,0.0
372,G81014,Lamotrigine_Tab 100mg,0408010H0AAAAAA,3,0.0
373,G81076,Lamotrigine_Tab 100mg,0408010H0AAAAAA,2,0.0
374,G81044,Lamotrigine_Tab 100mg,0408010H0AAAAAA,1,0.0
375,G81065,Lamotrigine_Tab 100mg,0408010H0AAAAAA,2,0.0
376,G81001,Lamotrigine_Tab 100mg,0408010H0AAAAAA,4,0.0
370,G81076,Lamotrigine_Tab 100mg,0408010H0AAAAAA,1,0.0
378,G81103,Lamotrigine_Tab 100mg,0408010H0AAAAAA,1,0.0
388,G81011,Lamotrigine_Tab 100mg,0408010H0AAAAAA,1,0.0
380,G81042,Lamotrigine_Tab 100mg,0408010H0AAAAAA,2,0.0
381,G81065,Lamotrigine_Tab 100mg,0408010H0AAAAAA,1,0.0
382,G81090,Lamotrigine_Tab 100mg,0408010H0AAAAAA,4,0.0
383,G81667,Lamotrigine_Tab 100mg,0408010H0AAAAAA,2,0.0
384,G81656,Lamotrigine_Tab 100mg,0408010H0AAAAAA,1,0.0
389,G81638,Lamotrigine_Tab 100mg,0408010H0AAAAAA,1,0.0
385,G81076,Lamotrigine_Tab 100mg,0408010H0AAAAAA,2,0.0
386,G81689,Lamotrigine_Tab 100mg,0408010H0AAAAAA,4,0.0
379,G81047,Lamotrigine_Tab 100mg,0408010H0AAAAAA,1,0.0
387,G81638,Lamotrigine_Tab 100mg,0408010H0AAAAAA,1,0.0
434,G81689,Lamotrigine_Tab 100mg,0408010H0AAAAAA,1,-0.0003000000000001335
483,G81011,Sod Bicarb_Cap 500mg,0902013S0AAACAC,1,-0.00210000000000006
524,G81011,Pregabalin_Cap 300mg,0408010AEAAAGAG,1,-0.0028000000000000247
305,G81038,Paracet_Tab Solb 500mg,0407010H0AAAQAQ,1,-0.0029999999999996696
306,G81038,Paracet_Tab Solb 500mg,0407010H0AAAQAQ,1,-0.0029999999999996696
289,G81028,Atorvastatin_Tab 20mg,0212000B0AAABAB,1,-0.0029999999999998778
290,G81638,Atorvastatin_Tab 20mg,0212000B0AAABAB,1,-0.0029999999999998778
435,G81054,Lamotrigine_Tab 100mg,0408010H0AAAAAA,1,-0.003000000000001335
437,G81036,Lamotrigine_Tab 100mg,0408010H0AAAAAA,1,-0.003500000000000003
436,G81028,Lamotrigine_Tab 100mg,0408010H0AAAAAA,1,-0.003500000000000003
508,G81094,Montelukast_Tab 10mg,0303020G0AAABAB,1,-0.004299999999999998
291,G81090,Atorvastatin_Tab 20mg,0212000B0AAABAB,1,-0.004499999999999817
206,G81684,Paracet_Tab 500mg,0407010H0AAAMAM,1,-0.005599999999999966
207,G81684,Paracet_Tab 500mg,0407010H0AAAMAM,1,-0.005599999999999966
309,G81042,Paracet_Tab Solb 500mg,0407010H0AAAQAQ,1,-0.005999999999999339
312,G81042,Paracet_Tab Solb 500mg,0407010H0AAAQAQ,1,-0.005999999999999339
310,G81070,Paracet_Tab Solb 500mg,0407010H0AAAQAQ,1,-0.005999999999999339
308,G81076,Paracet_Tab Solb 500mg,0407010H0AAAQAQ,1,-0.005999999999999339
311,G81076,Paracet_Tab Solb 500mg,0407010H0AAAQAQ,1,-0.005999999999999339
307,G81070,Paracet_Tab Solb 500mg,0407010H0AAAQAQ,1,-0.005999999999999339
438,G81044,Lamotrigine_Tab 100mg,0408010H0AAAAAA,1,-0.00600000000000267
439,G81090,Lamotrigine_Tab 100mg,0408010H0AAAAAA,1,-0.00600000000000267
440,G81613,Lamotrigine_Tab 100mg,0408010H0AAAAAA,1,-0.00600000000000267
441,G81011,Lamotrigine_Tab 100mg,0408010H0AAAAAA,3,-0.006300000000002803
269,G81036,Nebivolol_Tab 2.5mg,0204000ABAAABAB,4,-0.008399999999999075
487,G81638,Sod Bicarb_Cap 500mg,0902013S0AAACAC,4,-0.00840000000000024
486,G81042,Sod Bicarb_Cap 500mg,0902013S0AAACAC,4,-0.00840000000000024
485,G81070,Sod Bicarb_Cap 500mg,0902013S0AAACAC,4,-0.00840000000000024
484,G81014,Sod Bicarb_Cap 500mg,0902013S0AAACAC,4,-0.00840000000000024
444,G81028,Lamotrigine_Tab 100mg,0408010H0AAAAAA,4,-0.008400000000003738
443,G81065,Lamotrigine_Tab 100mg,0408010H0AAAAAA,4,-0.008400000000003738
442,Y02676,Lamotrigine_Tab 100mg,0408010H0AAAAAA,4,-0.008400000000003738
447,G81018,Lamotrigine_Tab 100mg,0408010H0AAAAAA,3,-0.01050000000000001
445,G81663,Lamotrigine_Tab 100mg,0408010H0AAAAAA,3,-0.01050000000000001
446,G81070,Lamotrigine_Tab 100mg,0408010H0AAAAAA,3,-0.01050000000000001
488,G81680,Sod Bicarb_Cap 500mg,0902013S0AAACAC,5,-0.0105000000000003
448,G81689,Lamotrigine_Tab 100mg,0408010H0AAAAAA,6,-0.012600000000005607
449,G81011,Lamotrigine_Tab 100mg,0408010H0AAAAAA,4,-0.014000000000000012
453,G81689,Lamotrigine_Tab 100mg,0408010H0AAAAAA,4,-0.014000000000000012
452,G81038,Lamotrigine_Tab 100mg,0408010H0AAAAAA,4,-0.014000000000000012
451,G81646,Lamotrigine_Tab 100mg,0408010H0AAAAAA,4,-0.014000000000000012
450,G81638,Lamotrigine_Tab 100mg,0408010H0AAAAAA,4,-0.014000000000000012
292,G81075,Atorvastatin_Tab 20mg,0212000B0AAABAB,4,-0.01679999999999998
489,G81011,Sod Bicarb_Cap 500mg,0902013S0AAACAC,4,-0.01680000000000048
313,G81054,Paracet_Tab Solb 500mg,0407010H0AAAQAQ,3,-0.017999999999998018
316,Y06007,Paracet_Tab Solb 500mg,0407010H0AAAQAQ,3,-0.017999999999998018
315,G81054,Paracet_Tab Solb 500mg,0407010H0AAAQAQ,3,-0.017999999999998018
314,Y06007,Paracet_Tab Solb 500mg,0407010H0AAAQAQ,3,-0.017999999999998018
490,G81018,Sod Bicarb_Cap 500mg,0902013S0AAACAC,3,-0.01890000000000054
491,G81070,Sod Bicarb_Cap 500mg,0902013S0AAACAC,1,-0.020000000000000573
210,Y02676,Paracet_Tab 500mg,0407010H0AAAMAM,4,-0.022399999999999864
211,G81646,Paracet_Tab 500mg,0407010H0AAAMAM,4,-0.022399999999999864
208,G81646,Paracet_Tab 500mg,0407010H0AAAMAM,4,-0.022399999999999864
209,Y02676,Paracet_Tab 500mg,0407010H0AAAMAM,4,-0.022399999999999864
525,G81638,Pregabalin_Cap 300mg,0408010AEAAAGAG,32,-0.022400000000000198
492,G81028,Sod Bicarb_Cap 500mg,0902013S0AAACAC,6,-0.025200000000000722
212,G81694,Paracet_Tab 500mg,0407010H0AAAMAM,5,-0.02799999999999983
213,G81075,Paracet_Tab 500mg,0407010H0AAAMAM,7,-0.02799999999999983
214,G81075,Paracet_Tab 500mg,0407010H0AAAMAM,7,-0.02799999999999983
215,G81694,Paracet_Tab 500mg,0407010H0AAAMAM,5,-0.02799999999999983
526,Y06007,Pregabalin_Cap 300mg,0408010AEAAAGAG,21,-0.02940000000000026
493,G81014,Sod Bicarb_Cap 500mg,0902013S0AAACAC,7,-0.029400000000000842
221,G81018,Paracet_Tab 500mg,0407010H0AAAMAM,6,-0.0335999999999998
216,G81076,Paracet_Tab 500mg,0407010H0AAAMAM,6,-0.0335999999999998
217,Y01838,Paracet_Tab 500mg,0407010H0AAAMAM,6,-0.0335999999999998
218,G81076,Paracet_Tab 500mg,0407010H0AAAMAM,6,-0.0335999999999998
219,G81018,Paracet_Tab 500mg,0407010H0AAAMAM,6,-0.0335999999999998
220,Y01838,Paracet_Tab 500mg,0407010H0AAAMAM,6,-0.0335999999999998
527,G81070,Pregabalin_Cap 300mg,0408010AEAAAGAG,24,-0.033600000000000296
528,G81034,Pregabalin_Cap 300mg,0408010AEAAAGAG,29,-0.04060000000000036
223,G81663,Paracet_Tab 500mg,0407010H0AAAMAM,12,-0.0671999999999996
222,G81663,Paracet_Tab 500mg,0407010H0AAAMAM,12,-0.0671999999999996
224,G81656,Paracet_Tab 500mg,0407010H0AAAMAM,13,-0.07279999999999956
225,G81656,Paracet_Tab 500mg,0407010H0AAAMAM,13,-0.07279999999999956
227,G81046,Paracet_Tab 500mg,0407010H0AAAMAM,14,-0.07839999999999953
226,G81046,Paracet_Tab 500mg,0407010H0AAAMAM,14,-0.07839999999999953
229,G81073,Paracet_Tab 500mg,0407010H0AAAMAM,15,-0.08399999999999949
228,G81073,Paracet_Tab 500mg,0407010H0AAAMAM,15,-0.08399999999999949
231,G81006,Paracet_Tab 500mg,0407010H0AAAMAM,16,-0.08959999999999946
230,G81006,Paracet_Tab 500mg,0407010H0AAAMAM,16,-0.08959999999999946
232,G81034,Paracet_Tab 500mg,0407010H0AAAMAM,19,-0.09119999999999998
233,G81034,Paracet_Tab 500mg,0407010H0AAAMAM,19,-0.09119999999999998
235,G81014,Paracet_Tab 500mg,0407010H0AAAMAM,20,-0.11199999999999932
234,G81014,Paracet_Tab 500mg,0407010H0AAAMAM,20,-0.11199999999999932
499,G81638,Escitalopram_Tab 20mg,0403030X0AAABAB,3,-0.11759999999999987
237,G81083,Paracet_Tab 500mg,0407010H0AAAMAM,22,-0.12319999999999925
236,G81083,Paracet_Tab 500mg,0407010H0AAAMAM,22,-0.12319999999999925
318,G81047,Paracet_Tab Solb 500mg,0407010H0AAAQAQ,43,-0.13759999999999917
317,G81047,Paracet_Tab Solb 500mg,0407010H0AAAQAQ,43,-0.13759999999999917
239,G81638,Paracet_Tab 500mg,0407010H0AAAMAM,30,-0.14399999999999996
238,G81638,Paracet_Tab 500mg,0407010H0AAAMAM,30,-0.14399999999999996
240,G81028,Paracet_Tab 500mg,0407010H0AAAMAM,26,-0.14559999999999912
241,G81028,Paracet_Tab 500mg,0407010H0AAAMAM,26,-0.14559999999999912
500,G81047,Escitalopram_Tab 20mg,0403030X0AAABAB,6,-0.15119999999999967
529,G81638,Pregabalin_Cap 300mg,0408010AEAAAGAG,118,-0.16520000000000146
243,G81669,Paracet_Tab 500mg,0407010H0AAAMAM,40,-0.22399999999999864
242,G81669,Paracet_Tab 500mg,0407010H0AAAMAM,40,-0.22399999999999864
244,G81680,Paracet_Tab 500mg,0407010H0AAAMAM,59,-0.33039999999999803
245,G81680,Paracet_Tab 500mg,0407010H0AAAMAM,59,-0.33039999999999803
246,G81011,Paracet_Tab 500mg,0407010H0AAAMAM,49,-0.48999999999999705
247,G81011,Paracet_Tab 500mg,0407010H0AAAMAM,49,-0.48999999999999705
248,G81667,Paracet_Tab 500mg,0407010H0AAAMAM,8,-0.6399999999999989
249,G81667,Paracet_Tab 500mg,0407010H0AAAMAM,8,-0.6399999999999989
250,G81689,Paracet_Tab 500mg,0407010H0AAAMAM,2,-0.6399999999999999
251,G81689,Paracet_Tab 500mg,0407010H0AAAMAM,2,-0.6399999999999999
252,G81075,Paracet_Tab 500mg,0407010H0AAAMAM,67,-0.6699999999999959
253,G81075,Paracet_Tab 500mg,0407010H0AAAMAM,67,-0.6699999999999959
254,G81076,Paracet_Tab 500mg,0407010H0AAAMAM,17,-1.3599999999999977
255,G81076,Paracet_Tab 500mg,0407010H0AAAMAM,17,-1.3599999999999977
256,G81073,Paracet_Tab 500mg,0407010H0AAAMAM,23,-1.3799999999999997
257,G81073,Paracet_Tab 500mg,0407010H0AAAMAM,23,-1.3799999999999997
