,practice_code,bnf_description,bnf_code,items,excess_cost
0,G81001,Lamotrigine_Tab 100mg,0408010H0AAAAAA,7,0.005599999999999383
1,G81001,Nebivolol_Tab 2.5mg,0204000ABAAABAB,1,0.0041999999999995374
2,G81001,Paracet_Tab 500mg,0407010H0AAAMAM,158,19.941600000000026
3,G81001,Pregabalin_Cap 300mg,0408010AEAAAGAG,5,0.031499999999999445
4,G81006,Lamotrigine_Tab 100mg,0408010H0AAAAAA,20,0.044799999999995066
5,G81006,Memantine HCl_Tab 20mg,0411000G0AAADAD,7,0.03429999999999996
6,G81006,Nebivolol_Tab 2.5mg,0204000ABAAABAB,1,0.0041999999999995374
7,G81006,Paracet_Tab 500mg,0407010H0AAAMAM,48,-0.13159999999999922
8,G81006,Paracet_Tab Solb 500mg,0407010H0AAAQAQ,10,0.0420000000000012
9,G81006,Pregabalin_Cap 300mg,0408010AEAAAGAG,4,0.025199999999999556
10,G81011,Atorvastatin_Tab 20mg,0212000B0AAABAB,319,157.96620000000001
11,G81011,Lamotrigine_Tab 100mg,0408010H0AAAAAA,32,0.03569999999999102
12,G81011,Memantine HCl_Tab 20mg,0411000G0AAADAD,6,0.029399999999999968
13,G81011,Nebivolol_Tab 2.5mg,0204000ABAAABAB,5,0.012599999999998612
14,G81011,Paracet_Tab 500mg,0407010H0AAAMAM,476,4.576000000000048
15,G81011,Pregabalin_Cap 300mg,0408010AEAAAGAG,6,0.02869999999999942
16,G81011,Sod Bicarb_Cap 500mg,0902013S0AAACAC,5,-0.01890000000000054
17,G81014,Lamotrigine_Tab 100mg,0408010H0AAAAAA,3,0.0
18,G81014,Memantine HCl_Tab 20mg,0411000G0AAADAD,7,0.03429999999999996
19,G81014,Paracet_Tab 500mg,0407010H0AAAMAM,60,-0.17319999999999897
20,G81014,Sod Bicarb_Cap 500mg,0902013S0AAACAC,11,-0.03780000000000108
21,G81018,Atorvastatin_Tab 20mg,0212000B0AAABAB,12,67.63680000000001
22,G81018,Lamotrigine_Tab 100mg,0408010H0AAAAAA,12,0.014699999999997215
23,G81018,Paracet_Tab 500mg,0407010H0AAAMAM,50,22.585600000000003
24,G81018,Sod Bicarb_Cap 500mg,0902013S0AAACAC,3,-0.01890000000000054
25,G81028,Atorvastatin_Tab 20mg,0212000B0AAABAB,1,-0.0029999999999998778
26,G81028,Lamotrigine_Tab 100mg,0408010H0AAAAAA,13,56.77209999999999
27,G81028,Montelukast_Tab 10mg,0303020G0AAABAB,11,24.3628
28,G81028,Paracet_Tab 500mg,0407010H0AAAMAM,266,65.26480000000004
29,G81028,Pregabalin_Cap 300mg,0408010AEAAAGAG,4,0.019599999999999784
30,G81028,Sod Bicarb_Cap 500mg,0902013S0AAACAC,6,-0.025200000000000722
31,G81034,Atorvastatin_Tab 20mg,0212000B0AAABAB,36,67.626
32,G81034,Escitalopram_Tab 20mg,0403030X0AAABAB,29,111.4176
33,G81034,Lamotrigine_Tab 100mg,0408010H0AAAAAA,17,0.022399999999997533
34,G81034,Memantine HCl_Tab 20mg,0411000G0AAADAD,1,0.004899999999999995
35,G81034,Montelukast_Tab 10mg,0303020G0AAABAB,23,121.89519999999999
36,G81034,Nebivolol_Tab 2.5mg,0204000ABAAABAB,4,0.011200000000000543
37,G81034,Paracet_Tab 500mg,0407010H0AAAMAM,376,55.992000000000004
38,G81034,Paracet_Tab Solb 500mg,0407010H0AAAQAQ,8,73.52000000000001
39,G81034,Pregabalin_Cap 300mg,0408010AEAAAGAG,29,-0.04060000000000036
40,G81034,Sod Bicarb_Cap 500mg,0902013S0AAACAC,4,0.011199999999999544
41,G81036,Lamotrigine_Tab 100mg,0408010H0AAAAAA,14,0.024499999999996913
42,G81036,Memantine HCl_Tab 20mg,0411000G0AAADAD,13,0.06369999999999992
43,G81036,Nebivolol_Tab 2.5mg,0204000ABAAABAB,4,-0.008399999999999075
44,G81036,Paracet_Tab 500mg,0407010H0AAAMAM,50,0.14359999999999912
45,G81036,Sod Bicarb_Cap 500mg,0902013S0AAACAC,4,0.005599999999999772
46,G81038,Lamotrigine_Tab 100mg,0408010H0AAAAAA,22,0.033599999999994745
47,G81038,Memantine HCl_Tab 20mg,0411000G0AAADAD,4,0.01959999999999998
48,G81038,Paracet_Tab 500mg,0407010H0AAAMAM,22,0.07199999999999984
49,G81038,Paracet_Tab Solb 500mg,0407010H0AAAQAQ,2,-0.005999999999999339
50,G81038,Sod Bicarb_Cap 500mg,0902013S0AAACAC,12,0.02799999999999886
51,G81042,Lamotrigine_Tab 100mg,0408010H0AAAAAA,14,203.24639999999997
52,G81042,Memantine HCl_Tab 20mg,0411000G0AAADAD,4,0.01959999999999998
53,G81042,Paracet_Tab 500mg,0407010H0AAAMAM,66,20.686399999999995
54,G81042,Paracet_Tab Solb 500mg,0407010H0AAAQAQ,2,-0.011999999999998678
55,G81042,Sod Bicarb_Cap 500mg,0902013S0AAACAC,4,-0.00840000000000024
56,G81044,Lamotrigine_Tab 100mg,0408010H0AAAAAA,13,0.01079999999999548
57,G81044,Nebivolol_Tab 2.5mg,0204000ABAAABAB,2,0.007699999999999152
58,G81044,Paracet_Tab 500mg,0407010H0AAAMAM,16,0.04479999999999973
59,G81044,Pregabalin_Cap 300mg,0408010AEAAAGAG,1,0.012000000000000344
60,G81046,Lamotrigine_Tab 100mg,0408010H0AAAAAA,13,0.005599999999999383
61,G81046,Paracet_Tab 500mg,0407010H0AAAMAM,38,-0.12239999999999926
62,G81046,Paracet_Tab Solb 500mg,0407010H0AAAQAQ,2,0.012000000000000344
63,G81046,Sod Bicarb_Cap 500mg,0902013S0AAACAC,1,0.002799999999999886
64,G81047,Escitalopram_Tab 20mg,0403030X0AAABAB,6,-0.15119999999999967
65,G81047,Lamotrigine_Tab 100mg,0408010H0AAAAAA,7,0.005599999999999383
66,G81047,Memantine HCl_Tab 20mg,0411000G0AAADAD,1,63.89880000000001
67,G81047,Paracet_Tab 500mg,0407010H0AAAMAM,28,0.0971999999999994
68,G81047,Paracet_Tab Solb 500mg,0407010H0AAAQAQ,86,-0.27519999999999833
69,G81054,Atorvastatin_Tab 20mg,0212000B0AAABAB,72,1.2096000000000067
70,G81054,Lamotrigine_Tab 100mg,0408010H0AAAAAA,22,0.04459999999999342
71,G81054,Memantine HCl_Tab 20mg,0411000G0AAADAD,2,0.00979999999999999
72,G81054,Nebivolol_Tab 2.5mg,0204000ABAAABAB,1,0.0041999999999995374
73,G81054,Paracet_Tab 500mg,0407010H0AAAMAM,22,0.06799999999999959
74,G81054,Paracet_Tab Solb 500mg,0407010H0AAAQAQ,6,-0.035999999999996035
75,G81054,Pregabalin_Cap 300mg,0408010AEAAAGAG,8,0.03919999999999957
76,G81065,Lamotrigine_Tab 100mg,0408010H0AAAAAA,15,0.02519999999999256
77,G81065,Memantine HCl_Tab 20mg,0411000G0AAADAD,4,0.01959999999999998
78,G81065,Paracet_Tab 500mg,0407010H0AAAMAM,308,366.9619999999999
79,G81065,Pregabalin_Cap 300mg,0408010AEAAAGAG,4,0.019599999999999784
80,G81070,Lamotrigine_Tab 100mg,0408010H0AAAAAA,14,0.00629999999999814
81,G81070,Paracet_Tab 500mg,0407010H0AAAMAM,50,0.1983999999999988
82,G81070,Paracet_Tab Solb 500mg,0407010H0AAAQAQ,2,-0.011999999999998678
83,G81070,Pregabalin_Cap 300mg,0408010AEAAAGAG,28,-0.014000000000000512
84,G81070,Sod Bicarb_Cap 500mg,0902013S0AAACAC,9,-0.02280000000000104
85,G81071,Lamotrigine_Tab 100mg,0408010H0AAAAAA,1,0.0
86,G81073,Escitalopram_Tab 20mg,0403030X0AAABAB,1,44.7608
87,G81073,Lamotrigine_Tab 100mg,0408010H0AAAAAA,2,0.0
88,G81073,Montelukast_Tab 10mg,0303020G0AAABAB,13,24.361600000000003
89,G81073,Paracet_Tab 500mg,0407010H0AAAMAM,76,-2.927999999999998
90,G81075,Atorvastatin_Tab 20mg,0212000B0AAABAB,4,-0.01679999999999998
91,G81075,Lamotrigine_Tab 100mg,0408010H0AAAAAA,8,0.011199999999998766
92,G81075,Memantine HCl_Tab 20mg,0411000G0AAADAD,4,0.01959999999999998
93,G81075,Montelukast_Tab 10mg,0303020G0AAABAB,32,24.371199999999995
94,G81075,Paracet_Tab 500mg,0407010H0AAAMAM,160,-1.3623999999999916
95,G81075,Pregabalin_Cap 300mg,0408010AEAAAGAG,1,0.004899999999999946
96,G81075,Sod Bicarb_Cap 500mg,0902013S0AAACAC,2,252.31359999999995
97,G81076,Atorvastatin_Tab 20mg,0212000B0AAABAB,103,1.2712000000000363
98,G81076,Lamotrigine_Tab 100mg,0408010H0AAAAAA,8,0.011199999999998766
99,G81076,Memantine HCl_Tab 20mg,0411000G0AAADAD,8,0.03919999999999996
100,G81076,Nebivolol_Tab 2.5mg,0204000ABAAABAB,4,600.1524
101,G81076,Paracet_Tab 500mg,0407010H0AAAMAM,316,90.17999999999999
102,G81076,Paracet_Tab Solb 500mg,0407010H0AAAQAQ,2,-0.011999999999998678
103,G81083,Atorvastatin_Tab 20mg,0212000B0AAABAB,52,0.14560000000000417
104,G81083,Lamotrigine_Tab 100mg,0408010H0AAAAAA,11,0.013999999999998458
105,G81083,Memantine HCl_Tab 20mg,0411000G0AAADAD,24,63.924
106,G81083,Paracet_Tab 500mg,0407010H0AAAMAM,240,75.5372
107,G81083,Paracet_Tab Solb 500mg,0407010H0AAAQAQ,8,30.500800000000005
108,G81090,Atorvastatin_Tab 20mg,0212000B0AAABAB,49,112.71470000000001
109,G81090,Lamotrigine_Tab 100mg,0408010H0AAAAAA,10,0.005199999999996097
110,G81090,Memantine HCl_Tab 20mg,0411000G0AAADAD,7,63.9156
111,G81090,Nebivolol_Tab 2.5mg,0204000ABAAABAB,5,0.010499999999998844
112,G81090,Paracet_Tab 500mg,0407010H0AAAMAM,48,32.915200000000006
113,G81090,Pregabalin_Cap 300mg,0408010AEAAAGAG,7,56.095200000000006
114,G81094,Lamotrigine_Tab 100mg,0408010H0AAAAAA,6,0.013999999999998458
115,G81094,Montelukast_Tab 10mg,0303020G0AAABAB,1,-0.004299999999999998
116,G81094,Paracet_Tab 500mg,0407010H0AAAMAM,10,0.013999999999999915
117,G81103,Lamotrigine_Tab 100mg,0408010H0AAAAAA,2,0.005599999999999383
118,G81103,Memantine HCl_Tab 20mg,0411000G0AAADAD,1,0.004899999999999995
119,G81103,Pregabalin_Cap 300mg,0408010AEAAAGAG,6,118.66609999999999
120,G81613,Lamotrigine_Tab 100mg,0408010H0AAAAAA,1,-0.00600000000000267
121,G81613,Pregabalin_Cap 300mg,0408010AEAAAGAG,33,56.179199999999994
122,G81638,Atorvastatin_Tab 20mg,0212000B0AAABAB,56,112.72890000000002
123,G81638,Escitalopram_Tab 20mg,0403030X0AAABAB,3,-0.11759999999999987
124,G81638,Lamotrigine_Tab 100mg,0408010H0AAAAAA,25,0.013999999999996904
125,G81638,Paracet_Tab 500mg,0407010H0AAAMAM,106,84.85279999999999
126,G81638,Pregabalin_Cap 300mg,0408010AEAAAGAG,150,-0.18760000000000165
127,G81638,Sod Bicarb_Cap 500mg,0902013S0AAACAC,4,-0.00840000000000024
128,G81646,Lamotrigine_Tab 100mg,0408010H0AAAAAA,8,-0.002800000000001246
129,G81646,Paracet_Tab 500mg,0407010H0AAAMAM,12,-0.020799999999999874
130,G81656,Lamotrigine_Tab 100mg,0408010H0AAAAAA,2,0.0
131,G81656,Paracet_Tab 500mg,0407010H0AAAMAM,26,-0.14559999999999912
132,G81656,Pregabalin_Cap 300mg,0408010AEAAAGAG,1,0.012000000000000344
133,G81656,Sod Bicarb_Cap 500mg,0902013S0AAACAC,4,0.011199999999999544
134,G81663,Lamotrigine_Tab 100mg,0408010H0AAAAAA,6,-0.0021000000000009345
135,G81663,Memantine HCl_Tab 20mg,0411000G0AAADAD,2,0.00979999999999999
136,G81663,Paracet_Tab 500mg,0407010H0AAAMAM,36,-0.11199999999999932
137,G81663,Pregabalin_Cap 300mg,0408010AEAAAGAG,4,0.019599999999999784
138,G81667,Lamotrigine_Tab 100mg,0408010H0AAAAAA,7,0.013999999999998458
139,G81667,Paracet_Tab 500mg,0407010H0AAAMAM,50,10.56560000000001
140,G81669,Lamotrigine_Tab 100mg,0408010H0AAAAAA,15,0.03639999999999599
141,G81669,Paracet_Tab 500mg,0407010H0AAAMAM,80,-0.4479999999999973
142,G81669,Paracet_Tab Solb 500mg,0407010H0AAAQAQ,2,164.59520000000003
143,G81669,Sod Bicarb_Cap 500mg,0902013S0AAACAC,1,0.001399999999999943
144,G81680,Atorvastatin_Tab 20mg,0212000B0AAABAB,1,0.005400000000000155
145,G81680,Lamotrigine_Tab 100mg,0408010H0AAAAAA,9,0.01959999999999784
146,G81680,Montelukast_Tab 10mg,0303020G0AAABAB,4,48.753600000000006
147,G81680,Paracet_Tab 500mg,0407010H0AAAMAM,246,9.640800000000016
148,G81680,Sod Bicarb_Cap 500mg,0902013S0AAACAC,5,-0.0105000000000003
149,G81684,Lamotrigine_Tab 100mg,0408010H0AAAAAA,2,0.0
150,G81684,Memantine HCl_Tab 20mg,0411000G0AAADAD,1,63.89880000000001
151,G81684,Paracet_Tab 500mg,0407010H0AAAMAM,2,-0.011199999999999932
152,G81689,Escitalopram_Tab 20mg,0403030X0AAABAB,4,67.144
153,G81689,Lamotrigine_Tab 100mg,0408010H0AAAAAA,20,-0.010100000000007603
154,G81689,Paracet_Tab 500mg,0407010H0AAAMAM,10,-1.2519999999999998
155,G81694,Lamotrigine_Tab 100mg,0408010H0AAAAAA,1,0.0
156,G81694,Paracet_Tab 500mg,0407010H0AAAMAM,10,-0.05599999999999966
157,Y01838,Paracet_Tab 500mg,0407010H0AAAMAM,12,-0.0671999999999996
158,Y02676,Lamotrigine_Tab 100mg,0408010H0AAAAAA,5,-0.008400000000003738
159,Y02676,Paracet_Tab 500mg,0407010H0AAAMAM,8,-0.04479999999999973
160,Y06007,Atorvastatin_Tab 20mg,0212000B0AAABAB,2,0.007800000000000154
161,Y06007,Escitalopram_Tab 20mg,0403030X0AAABAB,3,22.377599999999997
162,Y06007,Lamotrigine_Tab 100mg,0408010H0AAAAAA,8,0.01679999999999815
163,Y06007,Memantine HCl_Tab 20mg,0411000G0AAADAD,9,0.04409999999999995
164,Y06007,Paracet_Tab 500mg,0407010H0AAAMAM,110,0.4236000000000002
165,Y06007,Paracet_Tab Solb 500mg,0407010H0AAAQAQ,6,-0.035999999999996035
166,Y06007,Pregabalin_Cap 300mg,0408010AEAAAGAG,21,-0.02940000000000026
167,Y06007,Sod Bicarb_Cap 500mg,0902013S0AAACAC,4,0.011199999999999544
