,practice_code,bnf_description,bnf_code,items,excess_cost
262,C84067,Atorvastatin_Tab 20mg,0212000B0AAABAB,96,295.94879999999995
330,C84106,Prednisolone_Tab Solb 5mg,0603020T0AABHBH,3,134.2824
278,C84140,Anastrozole_Tab 1mg,0803041B0AAAAAA,10,123.004
279,C84114,Anastrozole_Tab 1mg,0803041B0AAAAAA,23,123.00399999999999
369,C84106,Sumatriptan_Tab 50mg,0407041T0AAAFAF,9,110.00880000000002
317,C84036,Azithromycin_Tab 250mg,0501050A0AAAGAG,20,103.44
353,C84637,Tolterodine_Tab 2mg,0704020N0AAABAB,1,102.07679999999999
0,C84051,Paracet_Tab 500mg,0407010H0AAAMAM,248,94.4384
1,C84051,Paracet_Tab 500mg,0407010H0AAAMAM,248,94.4384
449,C84031,Ferr Sulf_Tab 200mg,0901011P0AAACAC,8,84.5376
293,C84012,Atorvastatin_Tab 10mg,0212000B0AAAAAA,169,81.3904
263,C84020,Atorvastatin_Tab 20mg,0212000B0AAABAB,303,67.872
318,C84051,Azithromycin_Tab 250mg,0501050A0AAAGAG,37,64.6908
287,C84051,Memantine HCl_Tab 20mg,0411000G0AAADAD,11,63.91
289,C84114,Memantine HCl_Tab 20mg,0411000G0AAADAD,1,63.89880000000001
290,C84076,Memantine HCl_Tab 20mg,0411000G0AAADAD,1,63.89880000000001
288,C84036,Memantine HCl_Tab 20mg,0411000G0AAADAD,4,63.89880000000001
280,C84077,Anastrozole_Tab 1mg,0803041B0AAAAAA,14,61.5048
281,C84069,Anastrozole_Tab 1mg,0803041B0AAAAAA,20,61.48800000000001
370,C84036,Sumatriptan_Tab 50mg,0407041T0AAAFAF,16,56.083199999999984
2,C84036,Paracet_Tab 500mg,0407010H0AAAMAM,203,54.56639999999999
3,C84036,Paracet_Tab 500mg,0407010H0AAAMAM,203,54.56639999999999
331,C84014,Prednisolone_Tab Solb 5mg,0603020T0AABHBH,1,50.35380000000001
294,C84012,Atorvastatin_Tab 10mg,0212000B0AAAAAA,57,46.284
264,C84061,Atorvastatin_Tab 20mg,0212000B0AAABAB,286,45.64560000000003
265,C84012,Atorvastatin_Tab 20mg,0212000B0AAABAB,242,45.39920000000003
266,C84654,Atorvastatin_Tab 20mg,0212000B0AAABAB,118,45.264800000000015
267,Y05690,Atorvastatin_Tab 20mg,0212000B0AAABAB,260,45.13600000000003
268,C84014,Atorvastatin_Tab 20mg,0212000B0AAABAB,264,45.09120000000001
5,C84012,Paracet_Tab 500mg,0407010H0AAAMAM,252,37.80000000000003
4,C84012,Paracet_Tab 500mg,0407010H0AAAMAM,252,37.80000000000003
295,C84069,Atorvastatin_Tab 10mg,0212000B0AAAAAA,108,34.77600000000001
6,C84014,Paracet_Tab 500mg,0407010H0AAAMAM,119,34.65279999999998
7,C84014,Paracet_Tab 500mg,0407010H0AAAMAM,119,34.65279999999998
8,C84069,Paracet_Tab 500mg,0407010H0AAAMAM,324,29.16000000000005
9,C84069,Paracet_Tab 500mg,0407010H0AAAMAM,324,29.16000000000005
10,C84012,Paracet_Tab 500mg,0407010H0AAAMAM,139,28.022400000000047
11,C84012,Paracet_Tab 500mg,0407010H0AAAMAM,139,28.022400000000047
371,C84127,Sumatriptan_Tab 50mg,0407041T0AAAFAF,10,27.504
354,C84074,Tolterodine_Tab 2mg,0704020N0AAABAB,3,27.048000000000002
319,C84629,Azithromycin_Tab 250mg,0501050A0AAAGAG,6,25.8624
320,C84031,Azithromycin_Tab 250mg,0501050A0AAAGAG,2,25.86
355,C84067,Tolterodine_Tab 2mg,0704020N0AAABAB,3,25.5192
356,C84637,Tolterodine_Tab 2mg,0704020N0AAABAB,7,25.519199999999998
357,C84036,Tolterodine_Tab 2mg,0704020N0AAABAB,4,25.5136
296,C84036,Atorvastatin_Tab 10mg,0212000B0AAAAAA,73,23.3016
269,C84036,Atorvastatin_Tab 20mg,0212000B0AAABAB,547,22.97400000000002
270,C84077,Atorvastatin_Tab 20mg,0212000B0AAABAB,226,22.78080000000004
13,C84140,Paracet_Tab 500mg,0407010H0AAAMAM,78,22.713599999999985
12,C84140,Paracet_Tab 500mg,0407010H0AAAMAM,78,22.713599999999985
271,C84127,Atorvastatin_Tab 20mg,0212000B0AAABAB,93,22.654799999999998
450,C84036,Ferr Sulf_Tab 200mg,0901011P0AAACAC,35,21.167999999999996
451,Y05690,Ferr Sulf_Tab 200mg,0901011P0AAACAC,5,21.125999999999998
452,C84077,Ferr Sulf_Tab 200mg,0901011P0AAACAC,6,21.1176
14,C84014,Paracet_Tab 500mg,0407010H0AAAMAM,58,20.879999999999995
15,C84014,Paracet_Tab 500mg,0407010H0AAAMAM,58,20.879999999999995
332,C84637,Prednisolone_Tab Solb 5mg,0603020T0AABHBH,2,17.987999999999996
453,C84077,Ferr Sulf_Tab 200mg,0901011P0AAACAC,4,14.089599999999997
455,C84637,Ferr Sulf_Tab 200mg,0901011P0AAACAC,1,14.084
454,C84140,Ferr Sulf_Tab 200mg,0901011P0AAACAC,1,14.084
16,C84114,Paracet_Tab 500mg,0407010H0AAAMAM,110,12.320000000000011
17,C84114,Paracet_Tab 500mg,0407010H0AAAMAM,110,12.320000000000011
19,C84016,Paracet_Tab 500mg,0407010H0AAAMAM,75,11.759999999999987
18,C84016,Paracet_Tab 500mg,0407010H0AAAMAM,75,11.759999999999987
297,C84061,Atorvastatin_Tab 10mg,0212000B0AAAAAA,61,11.614400000000002
298,C84020,Atorvastatin_Tab 10mg,0212000B0AAAAAA,86,11.558400000000006
299,C84127,Atorvastatin_Tab 10mg,0212000B0AAAAAA,89,11.4632
21,C84710,Paracet_Tab 500mg,0407010H0AAAMAM,42,11.289599999999997
20,C84710,Paracet_Tab 500mg,0407010H0AAAMAM,42,11.289599999999997
23,C84142,Paracet_Tab 500mg,0407010H0AAAMAM,20,11.20000000000001
22,C84142,Paracet_Tab 500mg,0407010H0AAAMAM,20,11.20000000000001
25,C84014,Paracet_Tab 500mg,0407010H0AAAMAM,1,11.088000000000001
24,C84014,Paracet_Tab 500mg,0407010H0AAAMAM,1,11.088000000000001
27,C84069,Paracet_Tab 500mg,0407010H0AAAMAM,49,10.97600000000001
26,C84069,Paracet_Tab 500mg,0407010H0AAAMAM,49,10.97600000000001
28,C84142,Paracet_Tab 500mg,0407010H0AAAMAM,7,10.080000000000002
29,C84142,Paracet_Tab 500mg,0407010H0AAAMAM,7,10.080000000000002
30,C84127,Paracet_Tab 500mg,0407010H0AAAMAM,111,9.990000000000016
31,C84127,Paracet_Tab 500mg,0407010H0AAAMAM,111,9.990000000000016
33,C84012,Paracet_Tab 500mg,0407010H0AAAMAM,99,9.90000000000001
32,C84012,Paracet_Tab 500mg,0407010H0AAAMAM,99,9.90000000000001
34,C84710,Paracet_Tab 500mg,0407010H0AAAMAM,43,9.89
35,C84710,Paracet_Tab 500mg,0407010H0AAAMAM,43,9.89
36,C84036,Paracet_Tab 500mg,0407010H0AAAMAM,123,9.840000000000027
37,C84036,Paracet_Tab 500mg,0407010H0AAAMAM,123,9.840000000000027
38,C84658,Paracet_Tab 500mg,0407010H0AAAMAM,98,9.800000000000008
39,C84658,Paracet_Tab 500mg,0407010H0AAAMAM,98,9.800000000000008
40,C84067,Paracet_Tab 500mg,0407010H0AAAMAM,116,9.280000000000024
41,C84067,Paracet_Tab 500mg,0407010H0AAAMAM,116,9.280000000000024
42,C84069,Paracet_Tab 500mg,0407010H0AAAMAM,19,8.74
43,C84069,Paracet_Tab 500mg,0407010H0AAAMAM,19,8.74
44,C84061,Paracet_Tab 500mg,0407010H0AAAMAM,1,8.551
45,C84061,Paracet_Tab 500mg,0407010H0AAAMAM,1,8.551
47,Y05690,Paracet_Tab 500mg,0407010H0AAAMAM,8,8.4672
46,Y05690,Paracet_Tab 500mg,0407010H0AAAMAM,8,8.4672
49,C84036,Paracet_Tab 500mg,0407010H0AAAMAM,33,7.392000000000007
48,C84036,Paracet_Tab 500mg,0407010H0AAAMAM,33,7.392000000000007
333,Y05690,Prednisolone_Tab Solb 5mg,0603020T0AABHBH,1,7.197600000000001
372,C84127,Sumatriptan_Tab 50mg,0407041T0AAAFAF,1,6.500399999999999
50,C84077,Paracet_Tab 500mg,0407010H0AAAMAM,53,5.936000000000005
51,C84077,Paracet_Tab 500mg,0407010H0AAAMAM,53,5.936000000000005
52,C84106,Paracet_Tab 500mg,0407010H0AAAMAM,143,5.720000000000015
53,C84106,Paracet_Tab 500mg,0407010H0AAAMAM,143,5.720000000000015
54,C84014,Paracet_Tab 500mg,0407010H0AAAMAM,28,5.644799999999998
55,C84014,Paracet_Tab 500mg,0407010H0AAAMAM,28,5.644799999999998
57,C84014,Paracet_Tab 500mg,0407010H0AAAMAM,1,5.4323999999999995
56,C84014,Paracet_Tab 500mg,0407010H0AAAMAM,1,5.4323999999999995
59,C84074,Paracet_Tab 500mg,0407010H0AAAMAM,34,5.331199999999994
58,C84074,Paracet_Tab 500mg,0407010H0AAAMAM,34,5.331199999999994
60,C84061,Paracet_Tab 500mg,0407010H0AAAMAM,32,5.0175999999999945
61,C84061,Paracet_Tab 500mg,0407010H0AAAMAM,32,5.0175999999999945
63,Y05690,Paracet_Tab 500mg,0407010H0AAAMAM,71,4.771200000000026
62,Y05690,Paracet_Tab 500mg,0407010H0AAAMAM,71,4.771200000000026
65,C84077,Paracet_Tab 500mg,0407010H0AAAMAM,152,4.560000000000025
64,C84077,Paracet_Tab 500mg,0407010H0AAAMAM,152,4.560000000000025
67,C84036,Paracet_Tab 500mg,0407010H0AAAMAM,254,4.267200000000024
66,C84036,Paracet_Tab 500mg,0407010H0AAAMAM,254,4.267200000000024
69,C84051,Paracet_Tab 500mg,0407010H0AAAMAM,400,3.999999999999976
68,C84051,Paracet_Tab 500mg,0407010H0AAAMAM,400,3.999999999999976
71,C84067,Paracet_Tab 500mg,0407010H0AAAMAM,1,3.576
70,C84067,Paracet_Tab 500mg,0407010H0AAAMAM,1,3.576
73,C84106,Paracet_Tab 500mg,0407010H0AAAMAM,158,3.539199999999979
72,C84106,Paracet_Tab 500mg,0407010H0AAAMAM,158,3.539199999999979
75,C84014,Paracet_Tab 500mg,0407010H0AAAMAM,6,3.420000000000003
74,C84014,Paracet_Tab 500mg,0407010H0AAAMAM,6,3.420000000000003
77,C84036,Paracet_Tab 500mg,0407010H0AAAMAM,1,3.2192
76,C84036,Paracet_Tab 500mg,0407010H0AAAMAM,1,3.2192
79,C84654,Paracet_Tab 500mg,0407010H0AAAMAM,12,3.119999999999998
78,C84654,Paracet_Tab 500mg,0407010H0AAAMAM,12,3.119999999999998
80,C84012,Paracet_Tab 500mg,0407010H0AAAMAM,20,2.6879999999999993
81,C84012,Paracet_Tab 500mg,0407010H0AAAMAM,20,2.6879999999999993
82,C84036,Paracet_Tab 500mg,0407010H0AAAMAM,8,1.6128
83,C84036,Paracet_Tab 500mg,0407010H0AAAMAM,8,1.6128
84,C84629,Paracet_Tab 500mg,0407010H0AAAMAM,151,1.509999999999991
85,C84629,Paracet_Tab 500mg,0407010H0AAAMAM,151,1.509999999999991
86,C84654,Paracet_Tab 500mg,0407010H0AAAMAM,29,1.4500000000000013
87,C84654,Paracet_Tab 500mg,0407010H0AAAMAM,29,1.4500000000000013
89,C84140,Paracet_Tab 500mg,0407010H0AAAMAM,7,0.8232000000000005
88,C84140,Paracet_Tab 500mg,0407010H0AAAMAM,7,0.8232000000000005
90,Y05690,Paracet_Tab 500mg,0407010H0AAAMAM,78,0.7799999999999953
91,Y05690,Paracet_Tab 500mg,0407010H0AAAMAM,78,0.7799999999999953
92,C84031,Paracet_Tab 500mg,0407010H0AAAMAM,26,0.5199999999999969
93,C84031,Paracet_Tab 500mg,0407010H0AAAMAM,26,0.5199999999999969
282,C84067,Anastrozole_Tab 1mg,0803041B0AAAAAA,14,0.35280000000000467
94,C84016,Paracet_Tab 500mg,0407010H0AAAMAM,10,0.21999999999999867
95,C84016,Paracet_Tab 500mg,0407010H0AAAMAM,10,0.21999999999999867
300,C84016,Atorvastatin_Tab 10mg,0212000B0AAAAAA,49,0.10290000000000057
96,C84036,Paracet_Tab 500mg,0407010H0AAAMAM,29,0.08119999999999951
97,C84036,Paracet_Tab 500mg,0407010H0AAAMAM,29,0.08119999999999951
301,C84074,Atorvastatin_Tab 10mg,0212000B0AAAAAA,32,0.06720000000000037
98,C84014,Paracet_Tab 500mg,0407010H0AAAMAM,1,0.06719999999999993
99,C84012,Paracet_Tab 500mg,0407010H0AAAMAM,1,0.06719999999999993
100,C84014,Paracet_Tab 500mg,0407010H0AAAMAM,1,0.06719999999999993
101,C84012,Paracet_Tab 500mg,0407010H0AAAMAM,1,0.06719999999999993
283,C84016,Anastrozole_Tab 1mg,0803041B0AAAAAA,13,0.06370000000000056
302,C84654,Atorvastatin_Tab 10mg,0212000B0AAAAAA,28,0.058800000000000324
303,C84036,Atorvastatin_Tab 10mg,0212000B0AAAAAA,24,0.05040000000000028
456,C84036,Ferr Sulf_Tab 200mg,0901011P0AAACAC,9,0.050399999999999695
103,C84658,Paracet_Tab 500mg,0407010H0AAAMAM,8,0.04799999999999971
102,C84658,Paracet_Tab 500mg,0407010H0AAAMAM,8,0.04799999999999971
304,C84106,Atorvastatin_Tab 10mg,0212000B0AAAAAA,20,0.04200000000000023
105,C84106,Paracet_Tab 500mg,0407010H0AAAMAM,15,0.041999999999999746
104,C84106,Paracet_Tab 500mg,0407010H0AAAMAM,15,0.041999999999999746
284,C84658,Anastrozole_Tab 1mg,0803041B0AAAAAA,7,0.0343000000000003
457,C84106,Ferr Sulf_Tab 200mg,0901011P0AAACAC,4,0.0335999999999998
106,C84036,Paracet_Tab 500mg,0407010H0AAAMAM,8,0.0335999999999998
107,C84036,Paracet_Tab 500mg,0407010H0AAAMAM,8,0.0335999999999998
108,C84127,Paracet_Tab 500mg,0407010H0AAAMAM,5,0.02999999999999982
110,C84127,Paracet_Tab 500mg,0407010H0AAAMAM,5,0.02999999999999982
111,Y05690,Paracet_Tab 500mg,0407010H0AAAMAM,5,0.02999999999999982
109,Y05690,Paracet_Tab 500mg,0407010H0AAAMAM,5,0.02999999999999982
112,C84658,Paracet_Tab 500mg,0407010H0AAAMAM,7,0.029399999999999822
113,C84658,Paracet_Tab 500mg,0407010H0AAAMAM,7,0.029399999999999822
114,C84051,Paracet_Tab 500mg,0407010H0AAAMAM,10,0.02799999999999983
115,C84051,Paracet_Tab 500mg,0407010H0AAAMAM,10,0.02799999999999983
306,C84127,Atorvastatin_Tab 10mg,0212000B0AAAAAA,12,0.02520000000000014
305,C84629,Atorvastatin_Tab 10mg,0212000B0AAAAAA,12,0.02520000000000014
285,C84036,Anastrozole_Tab 1mg,0803041B0AAAAAA,5,0.024500000000000216
116,C84067,Paracet_Tab 500mg,0407010H0AAAMAM,4,0.023999999999999855
117,C84067,Paracet_Tab 500mg,0407010H0AAAMAM,4,0.023999999999999855
458,C84031,Ferr Sulf_Tab 200mg,0901011P0AAACAC,4,0.022399999999999864
307,C84658,Atorvastatin_Tab 10mg,0212000B0AAAAAA,10,0.021000000000000116
308,C84679,Atorvastatin_Tab 10mg,0212000B0AAAAAA,10,0.021000000000000116
286,C84031,Anastrozole_Tab 1mg,0803041B0AAAAAA,4,0.019600000000000173
291,C84016,Memantine HCl_Tab 20mg,0411000G0AAADAD,4,0.01959999999999998
292,Y05690,Memantine HCl_Tab 20mg,0411000G0AAADAD,4,0.01959999999999998
119,C84629,Paracet_Tab 500mg,0407010H0AAAMAM,7,0.01959999999999988
118,C84629,Paracet_Tab 500mg,0407010H0AAAMAM,7,0.01959999999999988
321,C84658,Azithromycin_Tab 250mg,0501050A0AAAGAG,8,0.01920000000000055
309,C84077,Atorvastatin_Tab 10mg,0212000B0AAAAAA,9,0.018900000000000104
125,C84142,Paracet_Tab 500mg,0407010H0AAAMAM,3,0.01799999999999989
124,C84061,Paracet_Tab 500mg,0407010H0AAAMAM,3,0.01799999999999989
120,C84076,Paracet_Tab 500mg,0407010H0AAAMAM,3,0.01799999999999989
121,C84142,Paracet_Tab 500mg,0407010H0AAAMAM,3,0.01799999999999989
122,C84076,Paracet_Tab 500mg,0407010H0AAAMAM,3,0.01799999999999989
123,C84061,Paracet_Tab 500mg,0407010H0AAAMAM,3,0.01799999999999989
129,C84016,Paracet_Tab 500mg,0407010H0AAAMAM,6,0.0167999999999999
126,C84057,Paracet_Tab 500mg,0407010H0AAAMAM,4,0.0167999999999999
128,C84074,Paracet_Tab 500mg,0407010H0AAAMAM,4,0.0167999999999999
127,C84051,Paracet_Tab 500mg,0407010H0AAAMAM,4,0.0167999999999999
131,C84057,Paracet_Tab 500mg,0407010H0AAAMAM,4,0.0167999999999999
132,C84016,Paracet_Tab 500mg,0407010H0AAAMAM,6,0.0167999999999999
133,C84020,Paracet_Tab 500mg,0407010H0AAAMAM,3,0.0167999999999999
134,C84051,Paracet_Tab 500mg,0407010H0AAAMAM,4,0.0167999999999999
135,C84074,Paracet_Tab 500mg,0407010H0AAAMAM,4,0.0167999999999999
130,C84020,Paracet_Tab 500mg,0407010H0AAAMAM,3,0.0167999999999999
358,C84629,Tolterodine_Tab 2mg,0704020N0AAABAB,3,0.016799999999999315
136,C84142,Paracet_Tab 500mg,0407010H0AAAMAM,5,0.013999999999999915
137,C84142,Paracet_Tab 500mg,0407010H0AAAMAM,5,0.013999999999999915
334,C84140,Prednisolone_Tab Solb 5mg,0603020T0AABHBH,3,0.013499999999998513
138,C84654,Paracet_Tab 500mg,0407010H0AAAMAM,3,0.012599999999999924
139,C84654,Paracet_Tab 500mg,0407010H0AAAMAM,3,0.012599999999999924
142,C84014,Paracet_Tab 500mg,0407010H0AAAMAM,2,0.011999999999999927
140,C84637,Paracet_Tab 500mg,0407010H0AAAMAM,2,0.011999999999999927
146,C84637,Paracet_Tab 500mg,0407010H0AAAMAM,2,0.011999999999999927
147,C84051,Paracet_Tab 500mg,0407010H0AAAMAM,2,0.011999999999999927
145,C84114,Paracet_Tab 500mg,0407010H0AAAMAM,2,0.011999999999999927
144,C84014,Paracet_Tab 500mg,0407010H0AAAMAM,2,0.011999999999999927
143,C84051,Paracet_Tab 500mg,0407010H0AAAMAM,2,0.011999999999999927
141,C84114,Paracet_Tab 500mg,0407010H0AAAMAM,2,0.011999999999999927
148,C84140,Paracet_Tab 500mg,0407010H0AAAMAM,4,0.011199999999999932
460,C84629,Ferr Sulf_Tab 200mg,0901011P0AAACAC,4,0.011199999999999932
459,C84106,Ferr Sulf_Tab 200mg,0901011P0AAACAC,4,0.011199999999999932
149,C84140,Paracet_Tab 500mg,0407010H0AAAMAM,4,0.011199999999999932
364,C84016,Tolterodine_Tab 2mg,0704020N0AAABAB,4,0.011199999999999544
363,C84114,Tolterodine_Tab 2mg,0704020N0AAABAB,2,0.011199999999999544
362,C84012,Tolterodine_Tab 2mg,0704020N0AAABAB,2,0.011199999999999544
361,C84069,Tolterodine_Tab 2mg,0704020N0AAABAB,4,0.011199999999999544
360,C84629,Tolterodine_Tab 2mg,0704020N0AAABAB,4,0.011199999999999544
359,C84036,Tolterodine_Tab 2mg,0704020N0AAABAB,4,0.011199999999999544
323,C84076,Azithromycin_Tab 250mg,0501050A0AAAGAG,4,0.009600000000000275
322,C84051,Azithromycin_Tab 250mg,0501050A0AAAGAG,4,0.009600000000000275
324,C84036,Azithromycin_Tab 250mg,0501050A0AAAGAG,4,0.009600000000000275
335,C84114,Prednisolone_Tab Solb 5mg,0603020T0AABHBH,2,0.008999999999999009
310,C84057,Atorvastatin_Tab 10mg,0212000B0AAAAAA,4,0.008400000000000046
154,C84061,Paracet_Tab 500mg,0407010H0AAAMAM,3,0.00839999999999995
150,C84036,Paracet_Tab 500mg,0407010H0AAAMAM,4,0.00839999999999995
155,C84654,Paracet_Tab 500mg,0407010H0AAAMAM,4,0.00839999999999995
461,C84061,Ferr Sulf_Tab 200mg,0901011P0AAACAC,3,0.00839999999999995
153,C84654,Paracet_Tab 500mg,0407010H0AAAMAM,4,0.00839999999999995
152,C84036,Paracet_Tab 500mg,0407010H0AAAMAM,4,0.00839999999999995
151,C84061,Paracet_Tab 500mg,0407010H0AAAMAM,3,0.00839999999999995
325,C84069,Azithromycin_Tab 250mg,0501050A0AAAGAG,3,0.007200000000000206
326,C84106,Azithromycin_Tab 250mg,0501050A0AAAGAG,3,0.007200000000000206
156,C84016,Paracet_Tab 500mg,0407010H0AAAMAM,5,0.006999999999999958
157,C84016,Paracet_Tab 500mg,0407010H0AAAMAM,5,0.006999999999999958
161,C84012,Paracet_Tab 500mg,0407010H0AAAMAM,1,0.005999999999999964
170,C84106,Paracet_Tab 500mg,0407010H0AAAMAM,1,0.005999999999999964
169,C84036,Paracet_Tab 500mg,0407010H0AAAMAM,1,0.005999999999999964
158,C84106,Paracet_Tab 500mg,0407010H0AAAMAM,1,0.005999999999999964
159,C84020,Paracet_Tab 500mg,0407010H0AAAMAM,1,0.005999999999999964
160,Y00862,Paracet_Tab 500mg,0407010H0AAAMAM,1,0.005999999999999964
167,C84012,Paracet_Tab 500mg,0407010H0AAAMAM,1,0.005999999999999964
162,C84629,Paracet_Tab 500mg,0407010H0AAAMAM,1,0.005999999999999964
166,C84036,Paracet_Tab 500mg,0407010H0AAAMAM,1,0.005999999999999964
168,C84020,Paracet_Tab 500mg,0407010H0AAAMAM,1,0.005999999999999964
164,Y00862,Paracet_Tab 500mg,0407010H0AAAMAM,1,0.005999999999999964
165,C84629,Paracet_Tab 500mg,0407010H0AAAMAM,1,0.005999999999999964
163,C84074,Paracet_Tab 500mg,0407010H0AAAMAM,1,0.005999999999999964
171,C84074,Paracet_Tab 500mg,0407010H0AAAMAM,1,0.005999999999999964
327,C84057,Azithromycin_Tab 250mg,0501050A0AAAGAG,1,0.00560000000000016
172,C84077,Paracet_Tab 500mg,0407010H0AAAMAM,1,0.005599999999999966
173,C84077,Paracet_Tab 500mg,0407010H0AAAMAM,1,0.005599999999999966
367,C84051,Tolterodine_Tab 2mg,0704020N0AAABAB,1,0.005599999999999772
365,C84127,Tolterodine_Tab 2mg,0704020N0AAABAB,1,0.005599999999999772
366,C84014,Tolterodine_Tab 2mg,0704020N0AAABAB,1,0.005599999999999772
272,C84114,Atorvastatin_Tab 20mg,0212000B0AAABAB,1,0.00540000000000003
174,C84629,Paracet_Tab 500mg,0407010H0AAAMAM,1,0.004800000000000054
175,C84629,Paracet_Tab 500mg,0407010H0AAAMAM,1,0.004800000000000054
336,C84036,Prednisolone_Tab Solb 5mg,0603020T0AABHBH,1,0.004499999999999504
311,C84140,Atorvastatin_Tab 10mg,0212000B0AAAAAA,1,0.004200000000000023
313,C84012,Atorvastatin_Tab 10mg,0212000B0AAAAAA,1,0.004200000000000023
312,C84051,Atorvastatin_Tab 10mg,0212000B0AAAAAA,1,0.004200000000000023
315,C84069,Atorvastatin_Tab 10mg,0212000B0AAAAAA,1,0.004199999999999975
177,C84127,Paracet_Tab 500mg,0407010H0AAAMAM,1,0.004199999999999975
314,C84679,Atorvastatin_Tab 10mg,0212000B0AAAAAA,1,0.004199999999999975
176,C84127,Paracet_Tab 500mg,0407010H0AAAMAM,1,0.004199999999999975
179,C84012,Paracet_Tab 500mg,0407010H0AAAMAM,1,0.0040000000000000105
178,C84012,Paracet_Tab 500mg,0407010H0AAAMAM,1,0.0040000000000000105
273,C84020,Atorvastatin_Tab 20mg,0212000B0AAABAB,1,0.00360000000000002
375,C84016,Sumatriptan_Tab 50mg,0407041T0AAAFAF,1,0.0031999999999996476
374,C84061,Sumatriptan_Tab 50mg,0407041T0AAAFAF,1,0.0031999999999996476
373,C84067,Sumatriptan_Tab 50mg,0407041T0AAAFAF,1,0.0031999999999996476
274,C84036,Atorvastatin_Tab 20mg,0212000B0AAABAB,1,0.0030000000000000165
180,Y05690,Paracet_Tab 500mg,0407010H0AAAMAM,1,0.002999999999999982
182,C84036,Paracet_Tab 500mg,0407010H0AAAMAM,1,0.002999999999999982
183,C84069,Paracet_Tab 500mg,0407010H0AAAMAM,1,0.002999999999999982
184,Y05690,Paracet_Tab 500mg,0407010H0AAAMAM,1,0.002999999999999982
185,C84012,Paracet_Tab 500mg,0407010H0AAAMAM,1,0.002999999999999982
181,C84069,Paracet_Tab 500mg,0407010H0AAAMAM,1,0.002999999999999982
186,C84036,Paracet_Tab 500mg,0407010H0AAAMAM,1,0.002999999999999982
187,C84012,Paracet_Tab 500mg,0407010H0AAAMAM,1,0.002999999999999982
328,C84142,Azithromycin_Tab 250mg,0501050A0AAAGAG,1,0.0029999999999996696
189,C84036,Paracet_Tab 500mg,0407010H0AAAMAM,2,0.002799999999999983
193,C84067,Paracet_Tab 500mg,0407010H0AAAMAM,1,0.002799999999999983
192,C84036,Paracet_Tab 500mg,0407010H0AAAMAM,2,0.002799999999999983
190,C84012,Paracet_Tab 500mg,0407010H0AAAMAM,1,0.002799999999999983
191,C84067,Paracet_Tab 500mg,0407010H0AAAMAM,1,0.002799999999999983
188,C84012,Paracet_Tab 500mg,0407010H0AAAMAM,1,0.002799999999999983
368,C84067,Tolterodine_Tab 2mg,0704020N0AAABAB,1,0.002799999999999886
329,C84654,Azithromycin_Tab 250mg,0501050A0AAAGAG,1,0.0024000000000000687
404,C84016,Sumatriptan_Tab 50mg,0407041T0AAAFAF,1,0.0
421,C84051,Sumatriptan_Tab 50mg,0407041T0AAAFAF,20,0.0
394,C84629,Sumatriptan_Tab 50mg,0407041T0AAAFAF,6,0.0
395,C84014,Sumatriptan_Tab 50mg,0407041T0AAAFAF,8,0.0
396,C84020,Sumatriptan_Tab 50mg,0407041T0AAAFAF,9,0.0
393,C84114,Sumatriptan_Tab 50mg,0407041T0AAAFAF,14,0.0
397,C84036,Sumatriptan_Tab 50mg,0407041T0AAAFAF,2,0.0
398,C84016,Sumatriptan_Tab 50mg,0407041T0AAAFAF,27,0.0
399,C84654,Sumatriptan_Tab 50mg,0407041T0AAAFAF,4,0.0
400,C84679,Sumatriptan_Tab 50mg,0407041T0AAAFAF,3,0.0
401,C84658,Sumatriptan_Tab 50mg,0407041T0AAAFAF,13,0.0
402,C84069,Sumatriptan_Tab 50mg,0407041T0AAAFAF,15,0.0
403,Y00862,Sumatriptan_Tab 50mg,0407041T0AAAFAF,3,0.0
419,Y05690,Sumatriptan_Tab 50mg,0407041T0AAAFAF,2,0.0
405,C84051,Sumatriptan_Tab 50mg,0407041T0AAAFAF,3,0.0
406,C84012,Sumatriptan_Tab 50mg,0407041T0AAAFAF,16,0.0
407,C84036,Sumatriptan_Tab 50mg,0407041T0AAAFAF,13,0.0
408,C84140,Sumatriptan_Tab 50mg,0407041T0AAAFAF,3,0.0
409,C84654,Sumatriptan_Tab 50mg,0407041T0AAAFAF,1,0.0
411,C84074,Sumatriptan_Tab 50mg,0407041T0AAAFAF,1,0.0
412,C84074,Sumatriptan_Tab 50mg,0407041T0AAAFAF,12,0.0
413,C84036,Sumatriptan_Tab 50mg,0407041T0AAAFAF,1,0.0
414,C84077,Sumatriptan_Tab 50mg,0407041T0AAAFAF,2,0.0
415,C84067,Sumatriptan_Tab 50mg,0407041T0AAAFAF,7,0.0
416,C84654,Sumatriptan_Tab 50mg,0407041T0AAAFAF,5,0.0
417,C84057,Sumatriptan_Tab 50mg,0407041T0AAAFAF,4,0.0
418,Y05690,Sumatriptan_Tab 50mg,0407041T0AAAFAF,6,0.0
410,C84031,Sumatriptan_Tab 50mg,0407041T0AAAFAF,1,0.0
427,Y05690,Sumatriptan_Tab 50mg,0407041T0AAAFAF,1,0.0
422,C84016,Sumatriptan_Tab 50mg,0407041T0AAAFAF,12,0.0
387,C84076,Sumatriptan_Tab 50mg,0407041T0AAAFAF,5,0.0
377,C84106,Sumatriptan_Tab 50mg,0407041T0AAAFAF,7,0.0
378,C84629,Sumatriptan_Tab 50mg,0407041T0AAAFAF,3,0.0
379,C84069,Sumatriptan_Tab 50mg,0407041T0AAAFAF,1,0.0
433,C84106,Sumatriptan_Tab 50mg,0407041T0AAAFAF,1,0.0
432,C84710,Sumatriptan_Tab 50mg,0407041T0AAAFAF,3,0.0
380,C84031,Sumatriptan_Tab 50mg,0407041T0AAAFAF,1,0.0
381,C84061,Sumatriptan_Tab 50mg,0407041T0AAAFAF,7,0.0
382,C84637,Sumatriptan_Tab 50mg,0407041T0AAAFAF,12,0.0
383,C84069,Sumatriptan_Tab 50mg,0407041T0AAAFAF,8,0.0
384,C84127,Sumatriptan_Tab 50mg,0407041T0AAAFAF,1,0.0
385,C84061,Sumatriptan_Tab 50mg,0407041T0AAAFAF,4,0.0
386,C84710,Sumatriptan_Tab 50mg,0407041T0AAAFAF,5,0.0
388,C84057,Sumatriptan_Tab 50mg,0407041T0AAAFAF,1,0.0
423,C84142,Sumatriptan_Tab 50mg,0407041T0AAAFAF,4,0.0
389,C84020,Sumatriptan_Tab 50mg,0407041T0AAAFAF,7,0.0
390,C84114,Sumatriptan_Tab 50mg,0407041T0AAAFAF,4,0.0
391,C84051,Sumatriptan_Tab 50mg,0407041T0AAAFAF,30,0.0
376,C84077,Sumatriptan_Tab 50mg,0407041T0AAAFAF,13,0.0
392,C84076,Sumatriptan_Tab 50mg,0407041T0AAAFAF,2,0.0
431,C84637,Sumatriptan_Tab 50mg,0407041T0AAAFAF,2,0.0
430,C84012,Sumatriptan_Tab 50mg,0407041T0AAAFAF,30,0.0
429,C84012,Sumatriptan_Tab 50mg,0407041T0AAAFAF,1,0.0
428,C84658,Sumatriptan_Tab 50mg,0407041T0AAAFAF,6,0.0
426,C84051,Sumatriptan_Tab 50mg,0407041T0AAAFAF,1,0.0
425,C84710,Sumatriptan_Tab 50mg,0407041T0AAAFAF,2,0.0
424,C84679,Sumatriptan_Tab 50mg,0407041T0AAAFAF,1,0.0
420,C84658,Sumatriptan_Tab 50mg,0407041T0AAAFAF,1,0.0
434,C84067,Sumatriptan_Tab 50mg,0407041T0AAAFAF,7,0.0
440,C84016,Sumatriptan_Tab 50mg,0407041T0AAAFAF,2,0.0
435,C84140,Sumatriptan_Tab 50mg,0407041T0AAAFAF,3,0.0
439,C84077,Sumatriptan_Tab 50mg,0407041T0AAAFAF,10,0.0
438,Y05456,Sumatriptan_Tab 50mg,0407041T0AAAFAF,1,0.0
437,C84014,Sumatriptan_Tab 50mg,0407041T0AAAFAF,11,0.0
436,C84014,Sumatriptan_Tab 50mg,0407041T0AAAFAF,2,0.0
275,C84020,Atorvastatin_Tab 20mg,0212000B0AAABAB,1,-0.0007999999999999674
337,C84637,Prednisolone_Tab Solb 5mg,0603020T0AABHBH,1,-0.0021999999999997577
195,C84051,Paracet_Tab 500mg,0407010H0AAAMAM,1,-0.0021999999999999867
194,C84051,Paracet_Tab 500mg,0407010H0AAAMAM,1,-0.0021999999999999867
338,Y00862,Prednisolone_Tab Solb 5mg,0603020T0AABHBH,1,-0.0023999999999997357
441,C84051,Sumatriptan_Tab 50mg,0407041T0AAAFAF,1,-0.0027999999999996916
341,C84142,Prednisolone_Tab Solb 5mg,0603020T0AABHBH,1,-0.0027999999999996916
340,C84629,Prednisolone_Tab Solb 5mg,0603020T0AABHBH,1,-0.0027999999999996916
339,C84140,Prednisolone_Tab Solb 5mg,0603020T0AABHBH,1,-0.0027999999999996916
442,C84679,Sumatriptan_Tab 50mg,0407041T0AAAFAF,1,-0.0028000000000004688
443,C84016,Sumatriptan_Tab 50mg,0407041T0AAAFAF,1,-0.00300000000000078
447,C84061,Sumatriptan_Tab 50mg,0407041T0AAAFAF,1,-0.0032000000000000917
446,C84658,Sumatriptan_Tab 50mg,0407041T0AAAFAF,1,-0.0032000000000000917
445,C84077,Sumatriptan_Tab 50mg,0407041T0AAAFAF,1,-0.0032000000000000917
444,C84036,Sumatriptan_Tab 50mg,0407041T0AAAFAF,1,-0.0032000000000000917
342,C84114,Prednisolone_Tab Solb 5mg,0603020T0AABHBH,1,-0.0035999999999996035
343,Y00862,Prednisolone_Tab Solb 5mg,0603020T0AABHBH,1,-0.0035999999999996035
348,C84140,Prednisolone_Tab Solb 5mg,0603020T0AABHBH,1,-0.0039999999999995595
347,Y00862,Prednisolone_Tab Solb 5mg,0603020T0AABHBH,1,-0.0039999999999995595
346,C84106,Prednisolone_Tab Solb 5mg,0603020T0AABHBH,1,-0.0039999999999995595
345,C84114,Prednisolone_Tab Solb 5mg,0603020T0AABHBH,1,-0.0039999999999995595
344,C84067,Prednisolone_Tab Solb 5mg,0603020T0AABHBH,1,-0.0039999999999995595
197,C84051,Paracet_Tab 500mg,0407010H0AAAMAM,1,-0.003999999999999976
196,C84142,Paracet_Tab 500mg,0407010H0AAAMAM,1,-0.003999999999999976
199,C84142,Paracet_Tab 500mg,0407010H0AAAMAM,1,-0.003999999999999976
316,C84127,Atorvastatin_Tab 10mg,0212000B0AAAAAA,1,-0.003999999999999976
276,C84074,Atorvastatin_Tab 20mg,0212000B0AAABAB,1,-0.003999999999999976
198,C84051,Paracet_Tab 500mg,0407010H0AAAMAM,1,-0.003999999999999976
277,Y05456,Atorvastatin_Tab 20mg,0212000B0AAABAB,1,-0.004199999999999995
349,C84061,Prednisolone_Tab Solb 5mg,0603020T0AABHBH,1,-0.004799999999999471
350,Y05456,Prednisolone_Tab Solb 5mg,0603020T0AABHBH,1,-0.004799999999999471
448,C84069,Sumatriptan_Tab 50mg,0407041T0AAAFAF,2,-0.005599999999999383
207,Y05456,Paracet_Tab 500mg,0407010H0AAAMAM,1,-0.005599999999999966
206,Y05690,Paracet_Tab 500mg,0407010H0AAAMAM,1,-0.005599999999999966
200,C84076,Paracet_Tab 500mg,0407010H0AAAMAM,1,-0.005599999999999966
201,C84142,Paracet_Tab 500mg,0407010H0AAAMAM,1,-0.005599999999999966
202,Y05690,Paracet_Tab 500mg,0407010H0AAAMAM,1,-0.005599999999999966
203,C84076,Paracet_Tab 500mg,0407010H0AAAMAM,1,-0.005599999999999966
204,C84142,Paracet_Tab 500mg,0407010H0AAAMAM,1,-0.005599999999999966
205,Y05456,Paracet_Tab 500mg,0407010H0AAAMAM,1,-0.005599999999999966
351,C84140,Prednisolone_Tab Solb 5mg,0603020T0AABHBH,2,-0.007199999999999207
462,C84629,Ferr Sulf_Tab 200mg,0901011P0AAACAC,4,-0.00840000000000024
352,C84637,Prednisolone_Tab Solb 5mg,0603020T0AABHBH,2,-0.009599999999998943
463,C84016,Ferr Sulf_Tab 200mg,0901011P0AAACAC,5,-0.0105000000000003
208,C84014,Paracet_Tab 500mg,0407010H0AAAMAM,2,-0.011199999999999932
209,C84014,Paracet_Tab 500mg,0407010H0AAAMAM,2,-0.011199999999999932
210,C84658,Paracet_Tab 500mg,0407010H0AAAMAM,3,-0.014399999999999996
211,C84658,Paracet_Tab 500mg,0407010H0AAAMAM,3,-0.014399999999999996
212,C84069,Paracet_Tab 500mg,0407010H0AAAMAM,4,-0.022399999999999864
217,C84069,Paracet_Tab 500mg,0407010H0AAAMAM,4,-0.022399999999999864
213,C84061,Paracet_Tab 500mg,0407010H0AAAMAM,4,-0.022399999999999864
215,C84061,Paracet_Tab 500mg,0407010H0AAAMAM,4,-0.022399999999999864
216,C84679,Paracet_Tab 500mg,0407010H0AAAMAM,4,-0.022399999999999864
214,C84679,Paracet_Tab 500mg,0407010H0AAAMAM,4,-0.022399999999999864
218,C84658,Paracet_Tab 500mg,0407010H0AAAMAM,22,-0.052799999999999986
219,C84658,Paracet_Tab 500mg,0407010H0AAAMAM,22,-0.052799999999999986
220,C84710,Paracet_Tab 500mg,0407010H0AAAMAM,10,-0.05599999999999966
221,C84710,Paracet_Tab 500mg,0407010H0AAAMAM,10,-0.05599999999999966
224,C84637,Paracet_Tab 500mg,0407010H0AAAMAM,13,-0.07279999999999956
225,C84637,Paracet_Tab 500mg,0407010H0AAAMAM,13,-0.07279999999999956
223,C84127,Paracet_Tab 500mg,0407010H0AAAMAM,13,-0.07279999999999956
222,C84127,Paracet_Tab 500mg,0407010H0AAAMAM,13,-0.07279999999999956
226,C84031,Paracet_Tab 500mg,0407010H0AAAMAM,17,-0.09519999999999942
227,C84031,Paracet_Tab 500mg,0407010H0AAAMAM,17,-0.09519999999999942
464,C84036,Ferr Sulf_Tab 200mg,0901011P0AAACAC,48,-0.10080000000000289
228,C84051,Paracet_Tab 500mg,0407010H0AAAMAM,21,-0.11759999999999929
229,C84051,Paracet_Tab 500mg,0407010H0AAAMAM,21,-0.11759999999999929
231,C84074,Paracet_Tab 500mg,0407010H0AAAMAM,23,-0.12879999999999922
230,C84074,Paracet_Tab 500mg,0407010H0AAAMAM,23,-0.12879999999999922
233,C84106,Paracet_Tab 500mg,0407010H0AAAMAM,25,-0.13999999999999915
232,C84106,Paracet_Tab 500mg,0407010H0AAAMAM,25,-0.13999999999999915
234,C84057,Paracet_Tab 500mg,0407010H0AAAMAM,26,-0.14559999999999912
235,C84057,Paracet_Tab 500mg,0407010H0AAAMAM,26,-0.14559999999999912
236,C84658,Paracet_Tab 500mg,0407010H0AAAMAM,61,-0.3415999999999979
237,C84658,Paracet_Tab 500mg,0407010H0AAAMAM,61,-0.3415999999999979
238,C84016,Paracet_Tab 500mg,0407010H0AAAMAM,77,-0.43119999999999736
239,C84016,Paracet_Tab 500mg,0407010H0AAAMAM,77,-0.43119999999999736
465,C84067,Ferr Sulf_Tab 200mg,0901011P0AAACAC,5,-0.4620000000000016
240,C84074,Paracet_Tab 500mg,0407010H0AAAMAM,4,-0.49279999999999935
241,C84074,Paracet_Tab 500mg,0407010H0AAAMAM,4,-0.49279999999999935
242,C84629,Paracet_Tab 500mg,0407010H0AAAMAM,49,-0.5487999999999966
243,C84629,Paracet_Tab 500mg,0407010H0AAAMAM,49,-0.5487999999999966
245,C84061,Paracet_Tab 500mg,0407010H0AAAMAM,65,-0.649999999999996
244,C84061,Paracet_Tab 500mg,0407010H0AAAMAM,65,-0.649999999999996
246,C84140,Paracet_Tab 500mg,0407010H0AAAMAM,83,-0.829999999999995
247,C84140,Paracet_Tab 500mg,0407010H0AAAMAM,83,-0.829999999999995
248,C84140,Paracet_Tab 500mg,0407010H0AAAMAM,77,-0.8623999999999947
249,C84140,Paracet_Tab 500mg,0407010H0AAAMAM,77,-0.8623999999999947
250,C84142,Paracet_Tab 500mg,0407010H0AAAMAM,125,-1.2499999999999925
251,C84142,Paracet_Tab 500mg,0407010H0AAAMAM,125,-1.2499999999999925
252,C84127,Paracet_Tab 500mg,0407010H0AAAMAM,5,-1.2999999999999992
253,C84127,Paracet_Tab 500mg,0407010H0AAAMAM,5,-1.2999999999999992
254,C84036,Paracet_Tab 500mg,0407010H0AAAMAM,57,-1.3679999999999917
255,C84036,Paracet_Tab 500mg,0407010H0AAAMAM,57,-1.3679999999999917
256,C84067,Paracet_Tab 500mg,0407010H0AAAMAM,218,-2.179999999999987
257,C84067,Paracet_Tab 500mg,0407010H0AAAMAM,218,-2.179999999999987
258,C84106,Paracet_Tab 500mg,0407010H0AAAMAM,60,-2.3999999999999853
259,C84106,Paracet_Tab 500mg,0407010H0AAAMAM,60,-2.3999999999999853
260,C84036,Paracet_Tab 500mg,0407010H0AAAMAM,6,-2.88
261,C84036,Paracet_Tab 500mg,0407010H0AAAMAM,6,-2.88
