,practice_code,bnf_description,bnf_code,items,excess_cost
517,B85619,Quetiapine_Tab 300mg,0402010ABAAAKAK,2,257.184
0,B85019,Atorvastatin_Tab 20mg,0212000B0AAABAB,368,226.68800000000005
1,B85041,Atorvastatin_Tab 20mg,0212000B0AAABAB,171,225.99360000000001
285,B85041,Atorvastatin_Tab 10mg,0212000B0AAAAAA,122,116.144
629,B85020,Quetiapine_Tab 25mg,0402010ABAAABAB,18,114.91200000000002
617,B85619,Memantine HCl_Tab 20mg,0411000G0AAADAD,7,111.82290000000002
474,B85646,Clopidogrel_Tab 75mg,0209000C0AAAAAA,5,92.79
475,B85646,Clopidogrel_Tab 75mg,0209000C0AAAAAA,10,75.264
270,B85640,Montelukast_Tab 10mg,0303020G0AAABAB,1,73.1388
271,B85001,Montelukast_Tab 10mg,0303020G0AAABAB,4,73.136
272,B85025,Montelukast_Tab 10mg,0303020G0AAABAB,2,73.13040000000001
273,B85646,Montelukast_Tab 10mg,0303020G0AAABAB,15,73.122
541,B85012,Ferr Sulf_Tab 200mg,0901011P0AAACAC,1,67.905
2,B85041,Atorvastatin_Tab 20mg,0212000B0AAABAB,11,67.63680000000001
630,B85019,Quetiapine_Tab 25mg,0402010ABAAABAB,1,65.62799999999999
618,B85014,Memantine HCl_Tab 20mg,0411000G0AAADAD,11,63.91
619,B85612,Memantine HCl_Tab 20mg,0411000G0AAADAD,4,63.89880000000001
542,B85012,Ferr Sulf_Tab 200mg,0901011P0AAACAC,13,63.44519999999999
329,B85030,Propranolol HCl_Tab 10mg,0204000R0AAAHAH,1,58.9344
330,B85009,Propranolol HCl_Tab 10mg,0204000R0AAAHAH,5,49.97999999999998
331,B85655,Propranolol HCl_Tab 10mg,0204000R0AAAHAH,2,49.9296
274,B85012,Montelukast_Tab 10mg,0303020G0AAABAB,22,48.802600000000005
275,B85021,Montelukast_Tab 10mg,0303020G0AAABAB,10,48.77599999999999
276,B85041,Montelukast_Tab 10mg,0303020G0AAABAB,15,48.720000000000006
286,B85015,Atorvastatin_Tab 10mg,0212000B0AAAAAA,77,46.569600000000015
287,B85041,Atorvastatin_Tab 10mg,0212000B0AAAAAA,46,46.4968
288,B85019,Atorvastatin_Tab 10mg,0212000B0AAAAAA,155,46.004000000000026
3,B85055,Atorvastatin_Tab 20mg,0212000B0AAABAB,113,45.245200000000004
4,B85041,Atorvastatin_Tab 20mg,0212000B0AAABAB,84,45.15840000000001
5,B85012,Atorvastatin_Tab 20mg,0212000B0AAABAB,128,45.1584
6,B85025,Atorvastatin_Tab 20mg,0212000B0AAABAB,58,45.147200000000005
7,B85015,Atorvastatin_Tab 20mg,0212000B0AAABAB,79,45.1248
8,B85014,Atorvastatin_Tab 20mg,0212000B0AAABAB,181,45.105200000000025
9,B85612,Atorvastatin_Tab 20mg,0212000B0AAABAB,59,45.09960000000001
10,B85055,Atorvastatin_Tab 20mg,0212000B0AAABAB,13,45.063199999999995
543,B85012,Ferr Sulf_Tab 200mg,0901011P0AAACAC,20,42.336
23,B85014,Paracet_Tab 500mg,0407010H0AAAMAM,62,39.68000000000002
22,B85014,Paracet_Tab 500mg,0407010H0AAAMAM,62,39.68000000000002
332,B85015,Propranolol HCl_Tab 10mg,0204000R0AAAHAH,4,39.33440000000001
518,B85622,Quetiapine_Tab 300mg,0402010ABAAAKAK,4,37.8448
476,B85008,Clopidogrel_Tab 75mg,0209000C0AAAAAA,50,36.295
289,B85622,Atorvastatin_Tab 10mg,0212000B0AAAAAA,13,34.9076
290,B85008,Atorvastatin_Tab 10mg,0212000B0AAAAAA,7,34.8684
333,B85015,Propranolol HCl_Tab 10mg,0204000R0AAAHAH,5,33.31999999999999
334,B85012,Propranolol HCl_Tab 10mg,0204000R0AAAHAH,2,33.28639999999999
631,B85021,Quetiapine_Tab 25mg,0402010ABAAABAB,3,30.626400000000004
544,B85001,Ferr Sulf_Tab 200mg,0901011P0AAACAC,1,30.18
25,B85004,Paracet_Tab 500mg,0407010H0AAAMAM,51,29.07
24,B85004,Paracet_Tab 500mg,0407010H0AAAMAM,51,29.07
477,B85025,Clopidogrel_Tab 75mg,0209000C0AAAAAA,10,26.29199999999999
478,B85646,Clopidogrel_Tab 75mg,0209000C0AAAAAA,47,26.05679999999999
277,B85020,Montelukast_Tab 10mg,0303020G0AAABAB,13,25.370800000000003
335,B85025,Propranolol HCl_Tab 10mg,0204000R0AAAHAH,3,24.998399999999997
278,B85025,Montelukast_Tab 10mg,0303020G0AAABAB,26,24.387999999999998
279,B85019,Montelukast_Tab 10mg,0303020G0AAABAB,17,24.3712
280,B85015,Montelukast_Tab 10mg,0303020G0AAABAB,9,24.368399999999994
281,B85041,Montelukast_Tab 10mg,0303020G0AAABAB,9,24.368399999999994
11,B85612,Atorvastatin_Tab 20mg,0212000B0AAABAB,2,24.137999999999998
291,B85030,Atorvastatin_Tab 10mg,0212000B0AAAAAA,21,23.284799999999997
292,B85008,Atorvastatin_Tab 10mg,0212000B0AAAAAA,32,23.116800000000005
293,B85055,Atorvastatin_Tab 10mg,0212000B0AAAAAA,75,23.100000000000005
27,B85612,Paracet_Tab 500mg,0407010H0AAAMAM,16,22.5792
26,B85612,Paracet_Tab 500mg,0407010H0AAAMAM,16,22.5792
12,B85001,Atorvastatin_Tab 20mg,0212000B0AAABAB,11,22.5456
13,B85612,Atorvastatin_Tab 20mg,0212000B0AAABAB,2,22.540000000000003
14,B85004,Atorvastatin_Tab 20mg,0212000B0AAABAB,64,22.534399999999998
15,B85646,Atorvastatin_Tab 20mg,0212000B0AAABAB,54,22.5288
16,B85019,Atorvastatin_Tab 20mg,0212000B0AAABAB,57,22.503600000000002
545,B85001,Ferr Sulf_Tab 200mg,0901011P0AAACAC,5,21.125999999999998
28,B85055,Paracet_Tab 500mg,0407010H0AAAMAM,166,18.260000000000005
29,B85055,Paracet_Tab 500mg,0407010H0AAAMAM,166,18.260000000000005
336,B85015,Propranolol HCl_Tab 10mg,0204000R0AAAHAH,1,17.832
479,B85619,Clopidogrel_Tab 75mg,0209000C0AAAAAA,40,17.64
480,B85014,Clopidogrel_Tab 75mg,0209000C0AAAAAA,114,17.555999999999994
481,B85612,Clopidogrel_Tab 75mg,0209000C0AAAAAA,34,17.516799999999993
337,B85025,Propranolol HCl_Tab 10mg,0204000R0AAAHAH,4,16.665599999999998
30,B85012,Paracet_Tab 500mg,0407010H0AAAMAM,212,16.620800000000024
31,B85012,Paracet_Tab 500mg,0407010H0AAAMAM,212,16.620800000000024
546,B85019,Ferr Sulf_Tab 200mg,0901011P0AAACAC,18,14.111999999999998
547,B85014,Ferr Sulf_Tab 200mg,0901011P0AAACAC,11,14.106399999999997
32,B85009,Paracet_Tab 500mg,0407010H0AAAMAM,94,13.686400000000008
33,B85009,Paracet_Tab 500mg,0407010H0AAAMAM,94,13.686400000000008
35,B85041,Paracet_Tab 500mg,0407010H0AAAMAM,60,13.200000000000003
34,B85041,Paracet_Tab 500mg,0407010H0AAAMAM,60,13.200000000000003
36,B85646,Paracet_Tab 500mg,0407010H0AAAMAM,21,11.760000000000002
37,B85646,Paracet_Tab 500mg,0407010H0AAAMAM,21,11.760000000000002
294,B85646,Atorvastatin_Tab 10mg,0212000B0AAAAAA,14,11.642400000000002
295,B85015,Atorvastatin_Tab 10mg,0212000B0AAAAAA,45,11.592
296,B85019,Atorvastatin_Tab 10mg,0212000B0AAAAAA,23,11.592
38,B85652,Paracet_Tab 500mg,0407010H0AAAMAM,2,11.289600000000002
39,B85652,Paracet_Tab 500mg,0407010H0AAAMAM,2,11.289600000000002
40,B85619,Paracet_Tab 500mg,0407010H0AAAMAM,5,10.584
41,B85619,Paracet_Tab 500mg,0407010H0AAAMAM,5,10.584
42,B85012,Paracet_Tab 500mg,0407010H0AAAMAM,89,9.790000000000003
43,B85012,Paracet_Tab 500mg,0407010H0AAAMAM,89,9.790000000000003
44,B85021,Paracet_Tab 500mg,0407010H0AAAMAM,69,9.65999999999999
45,B85021,Paracet_Tab 500mg,0407010H0AAAMAM,69,9.65999999999999
482,B85021,Clopidogrel_Tab 75mg,0209000C0AAAAAA,81,8.845200000000002
46,B85014,Paracet_Tab 500mg,0407010H0AAAMAM,3,8.4672
47,B85014,Paracet_Tab 500mg,0407010H0AAAMAM,3,8.4672
338,B85015,Propranolol HCl_Tab 10mg,0204000R0AAAHAH,2,8.321599999999998
282,B85650,Montelukast_Tab 10mg,0303020G0AAABAB,8,7.974400000000001
48,B85622,Paracet_Tab 500mg,0407010H0AAAMAM,60,7.7999999999999945
49,B85622,Paracet_Tab 500mg,0407010H0AAAMAM,60,7.7999999999999945
548,B85012,Ferr Sulf_Tab 200mg,0901011P0AAACAC,15,7.076999999999999
549,B85014,Ferr Sulf_Tab 200mg,0901011P0AAACAC,13,7.0616
50,B85020,Paracet_Tab 500mg,0407010H0AAAMAM,7,6.899200000000002
51,B85020,Paracet_Tab 500mg,0407010H0AAAMAM,7,6.899200000000002
52,B85612,Paracet_Tab 500mg,0407010H0AAAMAM,35,6.650000000000008
53,B85612,Paracet_Tab 500mg,0407010H0AAAMAM,35,6.650000000000008
54,B85622,Paracet_Tab 500mg,0407010H0AAAMAM,16,6.451199999999998
55,B85622,Paracet_Tab 500mg,0407010H0AAAMAM,16,6.451199999999998
56,B85652,Paracet_Tab 500mg,0407010H0AAAMAM,63,6.300000000000006
57,B85652,Paracet_Tab 500mg,0407010H0AAAMAM,63,6.300000000000006
58,B85646,Paracet_Tab 500mg,0407010H0AAAMAM,28,5.801600000000003
59,B85646,Paracet_Tab 500mg,0407010H0AAAMAM,28,5.801600000000003
60,B85020,Paracet_Tab 500mg,0407010H0AAAMAM,37,5.8016000000000005
61,B85020,Paracet_Tab 500mg,0407010H0AAAMAM,37,5.8016000000000005
62,B85055,Paracet_Tab 500mg,0407010H0AAAMAM,20,5.712000000000001
63,B85055,Paracet_Tab 500mg,0407010H0AAAMAM,20,5.712000000000001
64,B85055,Paracet_Tab 500mg,0407010H0AAAMAM,24,5.712000000000001
65,B85055,Paracet_Tab 500mg,0407010H0AAAMAM,24,5.712000000000001
66,B85004,Paracet_Tab 500mg,0407010H0AAAMAM,36,5.443200000000002
67,B85004,Paracet_Tab 500mg,0407010H0AAAMAM,36,5.443200000000002
550,B85619,Ferr Sulf_Tab 200mg,0901011P0AAACAC,3,5.287799999999999
68,B85025,Paracet_Tab 500mg,0407010H0AAAMAM,101,5.050000000000004
69,B85025,Paracet_Tab 500mg,0407010H0AAAMAM,101,5.050000000000004
70,B85655,Paracet_Tab 500mg,0407010H0AAAMAM,6,5.040000000000001
71,B85655,Paracet_Tab 500mg,0407010H0AAAMAM,6,5.040000000000001
73,B85622,Paracet_Tab 500mg,0407010H0AAAMAM,1,5.0064
72,B85622,Paracet_Tab 500mg,0407010H0AAAMAM,1,5.0064
74,B85014,Paracet_Tab 500mg,0407010H0AAAMAM,95,4.750000000000004
75,B85014,Paracet_Tab 500mg,0407010H0AAAMAM,95,4.750000000000004
76,B85646,Paracet_Tab 500mg,0407010H0AAAMAM,20,4.480000000000004
77,B85646,Paracet_Tab 500mg,0407010H0AAAMAM,20,4.480000000000004
79,B85646,Paracet_Tab 500mg,0407010H0AAAMAM,49,4.410000000000007
78,B85646,Paracet_Tab 500mg,0407010H0AAAMAM,49,4.410000000000007
80,B85004,Paracet_Tab 500mg,0407010H0AAAMAM,1,3.725
81,B85004,Paracet_Tab 500mg,0407010H0AAAMAM,1,3.725
82,B85014,Paracet_Tab 500mg,0407010H0AAAMAM,54,3.62880000000002
83,B85014,Paracet_Tab 500mg,0407010H0AAAMAM,54,3.62880000000002
84,B85009,Paracet_Tab 500mg,0407010H0AAAMAM,50,3.499999999999996
85,B85009,Paracet_Tab 500mg,0407010H0AAAMAM,50,3.499999999999996
87,B85020,Paracet_Tab 500mg,0407010H0AAAMAM,19,3.2300000000000004
86,B85020,Paracet_Tab 500mg,0407010H0AAAMAM,19,3.2300000000000004
88,B85041,Paracet_Tab 500mg,0407010H0AAAMAM,9,3.2256000000000014
89,B85041,Paracet_Tab 500mg,0407010H0AAAMAM,9,3.2256000000000014
90,B85008,Paracet_Tab 500mg,0407010H0AAAMAM,26,3.119999999999999
91,B85008,Paracet_Tab 500mg,0407010H0AAAMAM,26,3.119999999999999
339,B85009,Propranolol HCl_Tab 10mg,0204000R0AAAHAH,11,3.0029999999999997
92,B85612,Paracet_Tab 500mg,0407010H0AAAMAM,22,2.9568000000000034
93,B85612,Paracet_Tab 500mg,0407010H0AAAMAM,22,2.9568000000000034
94,B85622,Paracet_Tab 500mg,0407010H0AAAMAM,50,2.240000000000006
95,B85622,Paracet_Tab 500mg,0407010H0AAAMAM,50,2.240000000000006
96,B85019,Paracet_Tab 500mg,0407010H0AAAMAM,103,2.0599999999999876
97,B85019,Paracet_Tab 500mg,0407010H0AAAMAM,103,2.0599999999999876
283,B85650,Montelukast_Tab 10mg,0303020G0AAABAB,6,1.9992
98,B85001,Paracet_Tab 500mg,0407010H0AAAMAM,63,1.8900000000000103
99,B85001,Paracet_Tab 500mg,0407010H0AAAMAM,63,1.8900000000000103
100,B85606,Paracet_Tab 500mg,0407010H0AAAMAM,91,1.8200000000000205
101,B85606,Paracet_Tab 500mg,0407010H0AAAMAM,91,1.8200000000000205
102,B85646,Paracet_Tab 500mg,0407010H0AAAMAM,1,1.788
103,B85646,Paracet_Tab 500mg,0407010H0AAAMAM,1,1.788
104,B85646,Paracet_Tab 500mg,0407010H0AAAMAM,21,1.7051999999999998
105,B85646,Paracet_Tab 500mg,0407010H0AAAMAM,21,1.7051999999999998
106,B85025,Paracet_Tab 500mg,0407010H0AAAMAM,1,1.6096
107,B85025,Paracet_Tab 500mg,0407010H0AAAMAM,1,1.6096
108,B85619,Paracet_Tab 500mg,0407010H0AAAMAM,52,1.4560000000000013
109,B85619,Paracet_Tab 500mg,0407010H0AAAMAM,52,1.4560000000000013
110,B85622,Paracet_Tab 500mg,0407010H0AAAMAM,34,1.3600000000000154
111,B85622,Paracet_Tab 500mg,0407010H0AAAMAM,34,1.3600000000000154
284,B85021,Montelukast_Tab 10mg,0303020G0AAABAB,13,0.9828000000000003
483,B85012,Clopidogrel_Tab 75mg,0209000C0AAAAAA,195,0.9554999999999989
113,B85015,Paracet_Tab 500mg,0407010H0AAAMAM,31,0.6943999999999958
112,B85015,Paracet_Tab 500mg,0407010H0AAAMAM,31,0.6943999999999958
484,B85014,Clopidogrel_Tab 75mg,0209000C0AAAAAA,128,0.6271999999999993
485,B85055,Clopidogrel_Tab 75mg,0209000C0AAAAAA,113,0.5536999999999994
486,B85021,Clopidogrel_Tab 75mg,0209000C0AAAAAA,110,0.5389999999999994
114,B85646,Paracet_Tab 500mg,0407010H0AAAMAM,1,0.48
115,B85646,Paracet_Tab 500mg,0407010H0AAAMAM,1,0.48
487,B85018,Clopidogrel_Tab 75mg,0209000C0AAAAAA,96,0.4703999999999995
488,B85041,Clopidogrel_Tab 75mg,0209000C0AAAAAA,84,0.4115999999999995
489,B85009,Clopidogrel_Tab 75mg,0209000C0AAAAAA,83,0.40669999999999956
490,B85030,Clopidogrel_Tab 75mg,0209000C0AAAAAA,77,0.3772999999999996
491,B85020,Clopidogrel_Tab 75mg,0209000C0AAAAAA,68,0.3331999999999996
492,B85606,Clopidogrel_Tab 75mg,0209000C0AAAAAA,62,0.3037999999999997
493,B85038,Clopidogrel_Tab 75mg,0209000C0AAAAAA,57,0.2792999999999997
551,B85021,Ferr Sulf_Tab 200mg,0901011P0AAACAC,45,0.25199999999999845
494,B85622,Clopidogrel_Tab 75mg,0209000C0AAAAAA,51,0.24989999999999973
495,B85015,Clopidogrel_Tab 75mg,0209000C0AAAAAA,51,0.24989999999999973
117,B85015,Paracet_Tab 500mg,0407010H0AAAMAM,10,0.22400000000000253
116,B85015,Paracet_Tab 500mg,0407010H0AAAMAM,10,0.22400000000000253
496,B85646,Clopidogrel_Tab 75mg,0209000C0AAAAAA,45,0.22049999999999975
497,B85019,Clopidogrel_Tab 75mg,0209000C0AAAAAA,40,0.19599999999999979
297,B85055,Atorvastatin_Tab 10mg,0212000B0AAAAAA,74,0.15540000000000087
498,B85001,Clopidogrel_Tab 75mg,0209000C0AAAAAA,30,0.14699999999999985
298,B85606,Atorvastatin_Tab 10mg,0212000B0AAAAAA,68,0.1428000000000008
299,B85018,Atorvastatin_Tab 10mg,0212000B0AAAAAA,67,0.14070000000000077
552,B85012,Ferr Sulf_Tab 200mg,0901011P0AAACAC,22,0.12319999999999925
553,B85619,Ferr Sulf_Tab 200mg,0901011P0AAACAC,21,0.11759999999999929
499,B85020,Clopidogrel_Tab 75mg,0209000C0AAAAAA,42,0.11759999999999521
300,B85012,Atorvastatin_Tab 10mg,0212000B0AAAAAA,52,0.1092000000000006
554,B85020,Ferr Sulf_Tab 200mg,0901011P0AAACAC,19,0.10639999999999936
555,B85055,Ferr Sulf_Tab 200mg,0901011P0AAACAC,19,0.10639999999999936
301,B85014,Atorvastatin_Tab 10mg,0212000B0AAAAAA,48,0.10080000000000056
500,B85650,Clopidogrel_Tab 75mg,0209000C0AAAAAA,19,0.0930999999999999
501,B85612,Clopidogrel_Tab 75mg,0209000C0AAAAAA,19,0.0930999999999999
302,B85009,Atorvastatin_Tab 10mg,0212000B0AAAAAA,42,0.08820000000000049
303,B85021,Atorvastatin_Tab 10mg,0212000B0AAAAAA,41,0.08610000000000048
118,B85055,Paracet_Tab 500mg,0407010H0AAAMAM,14,0.08399999999999949
119,B85055,Paracet_Tab 500mg,0407010H0AAAMAM,14,0.08399999999999949
502,B85652,Clopidogrel_Tab 75mg,0209000C0AAAAAA,17,0.0832999999999999
120,B85041,Paracet_Tab 500mg,0407010H0AAAMAM,29,0.08119999999999951
121,B85041,Paracet_Tab 500mg,0407010H0AAAMAM,29,0.08119999999999951
503,B85025,Clopidogrel_Tab 75mg,0209000C0AAAAAA,16,0.07839999999999991
122,B85009,Paracet_Tab 500mg,0407010H0AAAMAM,18,0.07559999999999954
123,B85009,Paracet_Tab 500mg,0407010H0AAAMAM,18,0.07559999999999954
504,B85655,Clopidogrel_Tab 75mg,0209000C0AAAAAA,15,0.07349999999999993
556,B85015,Ferr Sulf_Tab 200mg,0901011P0AAACAC,6,0.07199999999999707
304,B85041,Atorvastatin_Tab 10mg,0212000B0AAAAAA,34,0.0714000000000004
305,B85001,Atorvastatin_Tab 10mg,0212000B0AAAAAA,29,0.060900000000000336
306,B85612,Atorvastatin_Tab 10mg,0212000B0AAAAAA,28,0.058800000000000324
505,B85004,Clopidogrel_Tab 75mg,0209000C0AAAAAA,12,0.058799999999999936
620,B85021,Memantine HCl_Tab 20mg,0411000G0AAADAD,12,0.058799999999999936
621,B85012,Memantine HCl_Tab 20mg,0411000G0AAADAD,12,0.058799999999999936
125,B85645,Paracet_Tab 500mg,0407010H0AAAMAM,9,0.05399999999999967
124,B85645,Paracet_Tab 500mg,0407010H0AAAMAM,9,0.05399999999999967
308,B85020,Atorvastatin_Tab 10mg,0212000B0AAAAAA,25,0.05250000000000029
307,B85622,Atorvastatin_Tab 10mg,0212000B0AAAAAA,25,0.05250000000000029
632,B85015,Quetiapine_Tab 25mg,0402010ABAAABAB,6,0.050400000000001444
557,B85622,Ferr Sulf_Tab 200mg,0901011P0AAACAC,9,0.050399999999999695
558,B85030,Ferr Sulf_Tab 200mg,0901011P0AAACAC,9,0.050399999999999695
127,B85014,Paracet_Tab 500mg,0407010H0AAAMAM,17,0.04759999999999971
126,B85014,Paracet_Tab 500mg,0407010H0AAAMAM,17,0.04759999999999971
129,B85606,Paracet_Tab 500mg,0407010H0AAAMAM,11,0.04619999999999972
128,B85606,Paracet_Tab 500mg,0407010H0AAAMAM,11,0.04619999999999972
560,B85038,Ferr Sulf_Tab 200mg,0901011P0AAACAC,8,0.04479999999999973
559,B85646,Ferr Sulf_Tab 200mg,0901011P0AAACAC,8,0.04479999999999973
130,B85055,Paracet_Tab 500mg,0407010H0AAAMAM,7,0.04479999999999973
131,B85055,Paracet_Tab 500mg,0407010H0AAAMAM,7,0.04479999999999973
561,B85009,Ferr Sulf_Tab 200mg,0901011P0AAACAC,8,0.04479999999999973
622,B85038,Memantine HCl_Tab 20mg,0411000G0AAADAD,9,0.04409999999999995
310,B85015,Atorvastatin_Tab 10mg,0212000B0AAAAAA,19,0.03990000000000022
309,B85004,Atorvastatin_Tab 10mg,0212000B0AAAAAA,19,0.03990000000000022
623,B85004,Memantine HCl_Tab 20mg,0411000G0AAADAD,8,0.03919999999999996
562,B85014,Ferr Sulf_Tab 200mg,0901011P0AAACAC,14,0.03919999999999976
563,B85001,Ferr Sulf_Tab 200mg,0901011P0AAACAC,7,0.03919999999999976
132,B85019,Paracet_Tab 500mg,0407010H0AAAMAM,14,0.03919999999999976
133,B85019,Paracet_Tab 500mg,0407010H0AAAMAM,14,0.03919999999999976
634,B85018,Quetiapine_Tab 25mg,0402010ABAAABAB,7,0.0391999999999984
633,B85612,Quetiapine_Tab 25mg,0402010ABAAABAB,7,0.0391999999999984
564,B85009,Ferr Sulf_Tab 200mg,0901011P0AAACAC,13,0.03639999999999978
134,B85030,Paracet_Tab 500mg,0407010H0AAAMAM,13,0.03639999999999978
135,B85030,Paracet_Tab 500mg,0407010H0AAAMAM,13,0.03639999999999978
565,B85019,Ferr Sulf_Tab 200mg,0901011P0AAACAC,4,0.03599999999999853
635,B85019,Quetiapine_Tab 25mg,0402010ABAAABAB,4,0.03360000000000096
636,B85018,Quetiapine_Tab 25mg,0402010ABAAABAB,4,0.03360000000000096
506,B85620,Clopidogrel_Tab 75mg,0209000C0AAAAAA,12,0.03359999999999863
138,B85606,Paracet_Tab 500mg,0407010H0AAAMAM,11,0.030799999999999814
566,B85021,Ferr Sulf_Tab 200mg,0901011P0AAACAC,11,0.030799999999999814
136,B85001,Paracet_Tab 500mg,0407010H0AAAMAM,11,0.030799999999999814
139,B85001,Paracet_Tab 500mg,0407010H0AAAMAM,11,0.030799999999999814
137,B85606,Paracet_Tab 500mg,0407010H0AAAMAM,11,0.030799999999999814
567,B85652,Ferr Sulf_Tab 200mg,0901011P0AAACAC,5,0.029999999999998778
568,B85008,Ferr Sulf_Tab 200mg,0901011P0AAACAC,5,0.02799999999999983
141,B85021,Paracet_Tab 500mg,0407010H0AAAMAM,10,0.02799999999999983
140,B85021,Paracet_Tab 500mg,0407010H0AAAMAM,10,0.02799999999999983
637,B85014,Quetiapine_Tab 25mg,0402010ABAAABAB,5,0.02799999999999886
311,B85030,Atorvastatin_Tab 10mg,0212000B0AAAAAA,13,0.02730000000000015
639,B85014,Quetiapine_Tab 25mg,0402010ABAAABAB,3,0.025200000000000722
638,B85041,Quetiapine_Tab 25mg,0402010ABAAABAB,3,0.025200000000000722
312,B85655,Atorvastatin_Tab 10mg,0212000B0AAAAAA,12,0.02520000000000014
145,B85009,Paracet_Tab 500mg,0407010H0AAAMAM,9,0.025199999999999848
144,B85008,Paracet_Tab 500mg,0407010H0AAAMAM,9,0.025199999999999848
143,B85009,Paracet_Tab 500mg,0407010H0AAAMAM,9,0.025199999999999848
569,B85646,Ferr Sulf_Tab 200mg,0901011P0AAACAC,9,0.025199999999999848
142,B85008,Paracet_Tab 500mg,0407010H0AAAMAM,9,0.025199999999999848
570,B85001,Ferr Sulf_Tab 200mg,0901011P0AAACAC,9,0.025199999999999848
624,B85009,Memantine HCl_Tab 20mg,0411000G0AAADAD,5,0.024499999999999973
146,B85041,Paracet_Tab 500mg,0407010H0AAAMAM,5,0.024499999999999852
147,B85041,Paracet_Tab 500mg,0407010H0AAAMAM,5,0.024499999999999852
149,B85606,Paracet_Tab 500mg,0407010H0AAAMAM,4,0.023999999999999855
148,B85606,Paracet_Tab 500mg,0407010H0AAAMAM,4,0.023999999999999855
572,B85655,Ferr Sulf_Tab 200mg,0901011P0AAACAC,4,0.022399999999999864
573,B85055,Ferr Sulf_Tab 200mg,0901011P0AAACAC,8,0.022399999999999864
150,B85640,Paracet_Tab 500mg,0407010H0AAAMAM,4,0.022399999999999864
151,B85025,Paracet_Tab 500mg,0407010H0AAAMAM,8,0.022399999999999864
152,B85025,Paracet_Tab 500mg,0407010H0AAAMAM,8,0.022399999999999864
575,B85606,Ferr Sulf_Tab 200mg,0901011P0AAACAC,4,0.022399999999999864
574,B85025,Ferr Sulf_Tab 200mg,0901011P0AAACAC,8,0.022399999999999864
153,B85640,Paracet_Tab 500mg,0407010H0AAAMAM,4,0.022399999999999864
571,B85020,Ferr Sulf_Tab 200mg,0901011P0AAACAC,8,0.022399999999999864
640,B85015,Quetiapine_Tab 25mg,0402010ABAAABAB,4,0.022399999999999087
641,B85008,Quetiapine_Tab 25mg,0402010ABAAABAB,4,0.022399999999999087
313,B85008,Atorvastatin_Tab 10mg,0212000B0AAAAAA,10,0.021000000000000116
314,B85646,Atorvastatin_Tab 10mg,0212000B0AAAAAA,10,0.021000000000000116
625,B85652,Memantine HCl_Tab 20mg,0411000G0AAADAD,4,0.01959999999999998
508,B85620,Clopidogrel_Tab 75mg,0209000C0AAAAAA,4,0.01959999999999998
507,B85645,Clopidogrel_Tab 75mg,0209000C0AAAAAA,4,0.01959999999999998
315,B85038,Atorvastatin_Tab 10mg,0212000B0AAAAAA,9,0.018900000000000104
316,B85652,Atorvastatin_Tab 10mg,0212000B0AAAAAA,9,0.018900000000000104
155,B85009,Paracet_Tab 500mg,0407010H0AAAMAM,3,0.01799999999999989
154,B85009,Paracet_Tab 500mg,0407010H0AAAMAM,3,0.01799999999999989
576,B85015,Ferr Sulf_Tab 200mg,0901011P0AAACAC,3,0.017999999999999267
644,B85612,Quetiapine_Tab 25mg,0402010ABAAABAB,4,0.01680000000000048
642,B85025,Quetiapine_Tab 25mg,0402010ABAAABAB,4,0.01680000000000048
643,B85009,Quetiapine_Tab 25mg,0402010ABAAABAB,4,0.01680000000000048
645,B85619,Quetiapine_Tab 25mg,0402010ABAAABAB,2,0.01680000000000048
646,B85622,Quetiapine_Tab 25mg,0402010ABAAABAB,2,0.01680000000000048
647,B85038,Quetiapine_Tab 25mg,0402010ABAAABAB,4,0.01680000000000048
319,B85606,Atorvastatin_Tab 10mg,0212000B0AAAAAA,4,0.016800000000000093
318,B85620,Atorvastatin_Tab 10mg,0212000B0AAAAAA,8,0.016800000000000093
317,B85619,Atorvastatin_Tab 10mg,0212000B0AAAAAA,8,0.016800000000000093
160,B85015,Paracet_Tab 500mg,0407010H0AAAMAM,4,0.0167999999999999
158,B85055,Paracet_Tab 500mg,0407010H0AAAMAM,4,0.0167999999999999
159,B85622,Paracet_Tab 500mg,0407010H0AAAMAM,4,0.0167999999999999
156,B85004,Paracet_Tab 500mg,0407010H0AAAMAM,4,0.0167999999999999
167,B85008,Paracet_Tab 500mg,0407010H0AAAMAM,4,0.0167999999999999
157,B85014,Paracet_Tab 500mg,0407010H0AAAMAM,4,0.0167999999999999
165,B85622,Paracet_Tab 500mg,0407010H0AAAMAM,4,0.0167999999999999
164,B85015,Paracet_Tab 500mg,0407010H0AAAMAM,4,0.0167999999999999
163,B85014,Paracet_Tab 500mg,0407010H0AAAMAM,4,0.0167999999999999
166,B85055,Paracet_Tab 500mg,0407010H0AAAMAM,4,0.0167999999999999
161,B85004,Paracet_Tab 500mg,0407010H0AAAMAM,4,0.0167999999999999
577,B85650,Ferr Sulf_Tab 200mg,0901011P0AAACAC,3,0.0167999999999999
162,B85008,Paracet_Tab 500mg,0407010H0AAAMAM,4,0.0167999999999999
648,B85012,Quetiapine_Tab 25mg,0402010ABAAABAB,3,0.016799999999999315
169,B85055,Paracet_Tab 500mg,0407010H0AAAMAM,11,0.015399999999999907
168,B85055,Paracet_Tab 500mg,0407010H0AAAMAM,11,0.015399999999999907
320,B85019,Atorvastatin_Tab 10mg,0212000B0AAAAAA,7,0.014700000000000081
626,B85014,Memantine HCl_Tab 20mg,0411000G0AAADAD,3,0.014699999999999984
650,B85612,Quetiapine_Tab 25mg,0402010ABAAABAB,4,0.014000000000000401
649,B85646,Quetiapine_Tab 25mg,0402010ABAAABAB,1,0.014000000000000401
321,B85019,Atorvastatin_Tab 10mg,0212000B0AAAAAA,3,0.01260000000000007
173,B85646,Paracet_Tab 500mg,0407010H0AAAMAM,3,0.012599999999999924
172,Y00081,Paracet_Tab 500mg,0407010H0AAAMAM,3,0.012599999999999924
171,Y00081,Paracet_Tab 500mg,0407010H0AAAMAM,3,0.012599999999999924
170,B85646,Paracet_Tab 500mg,0407010H0AAAMAM,3,0.012599999999999924
340,B85015,Propranolol HCl_Tab 10mg,0204000R0AAAHAH,2,0.012000000000000344
175,B85606,Paracet_Tab 500mg,0407010H0AAAMAM,4,0.011999999999999927
179,B85612,Paracet_Tab 500mg,0407010H0AAAMAM,2,0.011999999999999927
178,B85612,Paracet_Tab 500mg,0407010H0AAAMAM,2,0.011999999999999927
177,B85014,Paracet_Tab 500mg,0407010H0AAAMAM,2,0.011999999999999927
176,B85606,Paracet_Tab 500mg,0407010H0AAAMAM,4,0.011999999999999927
174,B85014,Paracet_Tab 500mg,0407010H0AAAMAM,2,0.011999999999999927
579,B85041,Ferr Sulf_Tab 200mg,0901011P0AAACAC,2,0.011999999999999511
578,B85646,Ferr Sulf_Tab 200mg,0901011P0AAACAC,1,0.011999999999999511
519,B85015,Quetiapine_Tab 300mg,0402010ABAAAKAK,2,0.011999999999998678
580,B85030,Ferr Sulf_Tab 200mg,0901011P0AAACAC,4,0.011199999999999932
581,B85652,Ferr Sulf_Tab 200mg,0901011P0AAACAC,4,0.011199999999999932
181,B85652,Paracet_Tab 500mg,0407010H0AAAMAM,4,0.011199999999999932
183,B85620,Paracet_Tab 500mg,0407010H0AAAMAM,4,0.011199999999999932
182,B85652,Paracet_Tab 500mg,0407010H0AAAMAM,4,0.011199999999999932
582,B85622,Ferr Sulf_Tab 200mg,0901011P0AAACAC,4,0.011199999999999932
180,B85620,Paracet_Tab 500mg,0407010H0AAAMAM,4,0.011199999999999932
583,B85612,Ferr Sulf_Tab 200mg,0901011P0AAACAC,4,0.011199999999999932
651,B85620,Quetiapine_Tab 25mg,0402010ABAAABAB,2,0.011199999999999544
652,B85041,Quetiapine_Tab 25mg,0402010ABAAABAB,2,0.011199999999999544
653,B85650,Quetiapine_Tab 25mg,0402010ABAAABAB,2,0.011199999999999544
654,B85021,Quetiapine_Tab 25mg,0402010ABAAABAB,2,0.011199999999999544
322,B85650,Atorvastatin_Tab 10mg,0212000B0AAAAAA,5,0.010500000000000058
627,B85622,Memantine HCl_Tab 20mg,0411000G0AAADAD,2,0.00979999999999999
584,B85020,Ferr Sulf_Tab 200mg,0901011P0AAACAC,1,0.008999999999999633
660,B85622,Quetiapine_Tab 25mg,0402010ABAAABAB,2,0.00840000000000024
659,B85001,Quetiapine_Tab 25mg,0402010ABAAABAB,1,0.00840000000000024
662,B85009,Quetiapine_Tab 25mg,0402010ABAAABAB,1,0.00840000000000024
661,B85030,Quetiapine_Tab 25mg,0402010ABAAABAB,1,0.00840000000000024
658,B85015,Quetiapine_Tab 25mg,0402010ABAAABAB,2,0.00840000000000024
657,B85650,Quetiapine_Tab 25mg,0402010ABAAABAB,1,0.00840000000000024
656,B85640,Quetiapine_Tab 25mg,0402010ABAAABAB,1,0.00840000000000024
655,B85606,Quetiapine_Tab 25mg,0402010ABAAABAB,1,0.00840000000000024
189,B85038,Paracet_Tab 500mg,0407010H0AAAMAM,3,0.00839999999999995
193,B85652,Paracet_Tab 500mg,0407010H0AAAMAM,4,0.00839999999999995
192,B85014,Paracet_Tab 500mg,0407010H0AAAMAM,4,0.00839999999999995
191,B85038,Paracet_Tab 500mg,0407010H0AAAMAM,3,0.00839999999999995
190,B85009,Paracet_Tab 500mg,0407010H0AAAMAM,4,0.00839999999999995
585,B85009,Ferr Sulf_Tab 200mg,0901011P0AAACAC,1,0.00839999999999995
184,B85020,Paracet_Tab 500mg,0407010H0AAAMAM,4,0.00839999999999995
188,B85020,Paracet_Tab 500mg,0407010H0AAAMAM,4,0.00839999999999995
187,B85652,Paracet_Tab 500mg,0407010H0AAAMAM,4,0.00839999999999995
186,B85014,Paracet_Tab 500mg,0407010H0AAAMAM,4,0.00839999999999995
185,B85009,Paracet_Tab 500mg,0407010H0AAAMAM,4,0.00839999999999995
520,B85650,Quetiapine_Tab 300mg,0402010ABAAAKAK,6,0.008399999999999075
341,B85055,Propranolol HCl_Tab 10mg,0204000R0AAAHAH,2,0.007199999999999873
195,B85012,Paracet_Tab 500mg,0407010H0AAAMAM,5,0.006999999999999958
194,B85012,Paracet_Tab 500mg,0407010H0AAAMAM,5,0.006999999999999958
323,B85645,Atorvastatin_Tab 10mg,0212000B0AAAAAA,3,0.006300000000000035
509,B85018,Clopidogrel_Tab 75mg,0209000C0AAAAAA,1,0.006299999999999889
17,B85020,Atorvastatin_Tab 20mg,0212000B0AAABAB,1,0.006000000000000172
343,B85622,Propranolol HCl_Tab 10mg,0204000R0AAAHAH,1,0.006000000000000172
342,B85055,Propranolol HCl_Tab 10mg,0204000R0AAAHAH,1,0.006000000000000172
203,B85041,Paracet_Tab 500mg,0407010H0AAAMAM,1,0.005999999999999964
201,B85019,Paracet_Tab 500mg,0407010H0AAAMAM,1,0.005999999999999964
200,B85030,Paracet_Tab 500mg,0407010H0AAAMAM,1,0.005999999999999964
199,B85021,Paracet_Tab 500mg,0407010H0AAAMAM,1,0.005999999999999964
198,B85030,Paracet_Tab 500mg,0407010H0AAAMAM,1,0.005999999999999964
197,B85025,Paracet_Tab 500mg,0407010H0AAAMAM,1,0.005999999999999964
196,B85019,Paracet_Tab 500mg,0407010H0AAAMAM,1,0.005999999999999964
202,B85619,Paracet_Tab 500mg,0407010H0AAAMAM,1,0.005999999999999964
209,B85619,Paracet_Tab 500mg,0407010H0AAAMAM,1,0.005999999999999964
206,B85650,Paracet_Tab 500mg,0407010H0AAAMAM,1,0.005999999999999964
207,B85025,Paracet_Tab 500mg,0407010H0AAAMAM,1,0.005999999999999964
208,B85021,Paracet_Tab 500mg,0407010H0AAAMAM,1,0.005999999999999964
205,B85650,Paracet_Tab 500mg,0407010H0AAAMAM,1,0.005999999999999964
204,B85041,Paracet_Tab 500mg,0407010H0AAAMAM,1,0.005999999999999964
587,B85646,Ferr Sulf_Tab 200mg,0901011P0AAACAC,1,0.0059999999999997555
586,B85014,Ferr Sulf_Tab 200mg,0901011P0AAACAC,1,0.0059999999999997555
588,B85020,Ferr Sulf_Tab 200mg,0901011P0AAACAC,1,0.0059999999999997555
521,B85020,Quetiapine_Tab 300mg,0402010ABAAAKAK,1,0.005999999999999339
522,B85030,Quetiapine_Tab 300mg,0402010ABAAAKAK,1,0.005999999999999339
523,B85014,Quetiapine_Tab 300mg,0402010ABAAAKAK,1,0.005999999999999339
210,B85009,Paracet_Tab 500mg,0407010H0AAAMAM,4,0.005599999999999966
211,B85009,Paracet_Tab 500mg,0407010H0AAAMAM,4,0.005599999999999966
589,B85008,Ferr Sulf_Tab 200mg,0901011P0AAACAC,2,0.005599999999999966
669,B85020,Quetiapine_Tab 25mg,0402010ABAAABAB,1,0.005599999999999772
668,B85004,Quetiapine_Tab 25mg,0402010ABAAABAB,1,0.005599999999999772
667,B85055,Quetiapine_Tab 25mg,0402010ABAAABAB,1,0.005599999999999772
666,B85038,Quetiapine_Tab 25mg,0402010ABAAABAB,1,0.005599999999999772
664,B85001,Quetiapine_Tab 25mg,0402010ABAAABAB,1,0.005599999999999772
663,B85619,Quetiapine_Tab 25mg,0402010ABAAABAB,1,0.005599999999999772
665,B85019,Quetiapine_Tab 25mg,0402010ABAAABAB,1,0.005599999999999772
528,B85012,Quetiapine_Tab 300mg,0402010ABAAAKAK,4,0.005599999999999383
524,B85015,Quetiapine_Tab 300mg,0402010ABAAAKAK,4,0.005599999999999383
526,B85012,Quetiapine_Tab 300mg,0402010ABAAAKAK,2,0.005599999999999383
525,B85015,Quetiapine_Tab 300mg,0402010ABAAAKAK,1,0.005599999999999383
527,B85646,Quetiapine_Tab 300mg,0402010ABAAAKAK,4,0.005599999999999383
18,B85646,Atorvastatin_Tab 20mg,0212000B0AAABAB,1,0.005400000000000155
510,B85640,Clopidogrel_Tab 75mg,0209000C0AAAAAA,1,0.004899999999999995
529,B85055,Quetiapine_Tab 300mg,0402010ABAAAKAK,1,0.0045000000000001705
670,B85030,Quetiapine_Tab 25mg,0402010ABAAABAB,1,0.004500000000000004
213,B85021,Paracet_Tab 500mg,0407010H0AAAMAM,1,0.004399999999999973
212,B85021,Paracet_Tab 500mg,0407010H0AAAMAM,1,0.004399999999999973
672,B85018,Quetiapine_Tab 25mg,0402010ABAAABAB,1,0.00420000000000012
673,B85012,Quetiapine_Tab 25mg,0402010ABAAABAB,1,0.00420000000000012
671,B85650,Quetiapine_Tab 25mg,0402010ABAAABAB,1,0.00420000000000012
325,B85019,Atorvastatin_Tab 10mg,0212000B0AAAAAA,1,0.004199999999999975
324,B85041,Atorvastatin_Tab 10mg,0212000B0AAAAAA,1,0.004199999999999975
628,B85019,Memantine HCl_Tab 20mg,0411000G0AAADAD,1,0.004199999999999975
530,B85020,Quetiapine_Tab 300mg,0402010ABAAAKAK,3,0.0041999999999995374
531,B85612,Quetiapine_Tab 300mg,0402010ABAAAKAK,6,0.0041999999999995374
345,B85019,Propranolol HCl_Tab 10mg,0204000R0AAAHAH,1,0.004000000000000115
344,B85645,Propranolol HCl_Tab 10mg,0204000R0AAAHAH,1,0.004000000000000115
590,B85030,Ferr Sulf_Tab 200mg,0901011P0AAACAC,1,0.003999999999999976
674,B85014,Quetiapine_Tab 25mg,0402010ABAAABAB,1,0.0035000000000001003
214,B85041,Paracet_Tab 500mg,0407010H0AAAMAM,1,0.002999999999999982
217,B85030,Paracet_Tab 500mg,0407010H0AAAMAM,1,0.002999999999999982
215,B85030,Paracet_Tab 500mg,0407010H0AAAMAM,1,0.002999999999999982
216,B85041,Paracet_Tab 500mg,0407010H0AAAMAM,1,0.002999999999999982
591,B85606,Ferr Sulf_Tab 200mg,0901011P0AAACAC,1,0.0029999999999998778
218,B85020,Paracet_Tab 500mg,0407010H0AAAMAM,1,0.002799999999999983
221,B85020,Paracet_Tab 500mg,0407010H0AAAMAM,1,0.002799999999999983
219,B85012,Paracet_Tab 500mg,0407010H0AAAMAM,1,0.002799999999999983
220,B85012,Paracet_Tab 500mg,0407010H0AAAMAM,1,0.002799999999999983
532,B85612,Quetiapine_Tab 300mg,0402010ABAAAKAK,1,0.0027999999999996916
538,B85015,Quetiapine_Tab 300mg,0402010ABAAAKAK,1,0.0027999999999996916
537,B85606,Quetiapine_Tab 300mg,0402010ABAAAKAK,1,0.0027999999999996916
536,B85008,Quetiapine_Tab 300mg,0402010ABAAAKAK,4,0.0027999999999996916
535,B85018,Quetiapine_Tab 300mg,0402010ABAAAKAK,1,0.0027999999999996916
534,B85606,Quetiapine_Tab 300mg,0402010ABAAAKAK,4,0.0027999999999996916
533,B85655,Quetiapine_Tab 300mg,0402010ABAAAKAK,1,0.0027999999999996916
675,B85012,Quetiapine_Tab 25mg,0402010ABAAABAB,1,0.002399999999999902
346,B85012,Propranolol HCl_Tab 10mg,0204000R0AAAHAH,1,0.0020000000000000573
511,B85012,Clopidogrel_Tab 75mg,0209000C0AAAAAA,1,0.001199999999999951
592,B85030,Ferr Sulf_Tab 200mg,0901011P0AAACAC,2,0.0007999999999999952
539,B85015,Quetiapine_Tab 300mg,0402010ABAAAKAK,1,0.0006999999999999229
470,B85019,Propranolol HCl_Tab 10mg,0204000R0AAAHAH,2,0.0
473,B85001,Propranolol HCl_Tab 10mg,0204000R0AAAHAH,1,0.0
472,B85012,Propranolol HCl_Tab 10mg,0204000R0AAAHAH,1,0.0
471,B85619,Propranolol HCl_Tab 10mg,0204000R0AAAHAH,1,0.0
355,B85019,Propranolol HCl_Tab 10mg,0204000R0AAAHAH,3,0.0
469,B85612,Propranolol HCl_Tab 10mg,0204000R0AAAHAH,1,0.0
410,B85012,Propranolol HCl_Tab 10mg,0204000R0AAAHAH,5,0.0
380,B85001,Propranolol HCl_Tab 10mg,0204000R0AAAHAH,1,0.0
381,B85655,Propranolol HCl_Tab 10mg,0204000R0AAAHAH,1,0.0
382,B85606,Propranolol HCl_Tab 10mg,0204000R0AAAHAH,2,0.0
383,B85030,Propranolol HCl_Tab 10mg,0204000R0AAAHAH,1,0.0
384,B85021,Propranolol HCl_Tab 10mg,0204000R0AAAHAH,8,0.0
385,B85009,Propranolol HCl_Tab 10mg,0204000R0AAAHAH,2,0.0
386,B85009,Propranolol HCl_Tab 10mg,0204000R0AAAHAH,2,0.0
387,B85606,Propranolol HCl_Tab 10mg,0204000R0AAAHAH,6,0.0
388,B85019,Propranolol HCl_Tab 10mg,0204000R0AAAHAH,6,0.0
389,B85019,Propranolol HCl_Tab 10mg,0204000R0AAAHAH,3,0.0
390,B85025,Propranolol HCl_Tab 10mg,0204000R0AAAHAH,1,0.0
391,B85606,Propranolol HCl_Tab 10mg,0204000R0AAAHAH,6,0.0
392,B85021,Propranolol HCl_Tab 10mg,0204000R0AAAHAH,6,0.0
393,B85021,Propranolol HCl_Tab 10mg,0204000R0AAAHAH,3,0.0
394,B85030,Propranolol HCl_Tab 10mg,0204000R0AAAHAH,4,0.0
395,B85038,Propranolol HCl_Tab 10mg,0204000R0AAAHAH,5,0.0
396,B85650,Propranolol HCl_Tab 10mg,0204000R0AAAHAH,1,0.0
397,B85015,Propranolol HCl_Tab 10mg,0204000R0AAAHAH,1,0.0
398,B85004,Propranolol HCl_Tab 10mg,0204000R0AAAHAH,5,0.0
399,B85004,Propranolol HCl_Tab 10mg,0204000R0AAAHAH,8,0.0
400,B85646,Propranolol HCl_Tab 10mg,0204000R0AAAHAH,3,0.0
401,B85014,Propranolol HCl_Tab 10mg,0204000R0AAAHAH,5,0.0
402,B85019,Propranolol HCl_Tab 10mg,0204000R0AAAHAH,2,0.0
403,B85038,Propranolol HCl_Tab 10mg,0204000R0AAAHAH,1,0.0
404,B85030,Propranolol HCl_Tab 10mg,0204000R0AAAHAH,2,0.0
405,B85018,Propranolol HCl_Tab 10mg,0204000R0AAAHAH,1,0.0
406,B85018,Propranolol HCl_Tab 10mg,0204000R0AAAHAH,2,0.0
407,B85018,Propranolol HCl_Tab 10mg,0204000R0AAAHAH,1,0.0
408,B85038,Propranolol HCl_Tab 10mg,0204000R0AAAHAH,1,0.0
379,B85008,Propranolol HCl_Tab 10mg,0204000R0AAAHAH,1,0.0
378,B85055,Propranolol HCl_Tab 10mg,0204000R0AAAHAH,1,0.0
377,B85001,Propranolol HCl_Tab 10mg,0204000R0AAAHAH,1,0.0
361,B85655,Propranolol HCl_Tab 10mg,0204000R0AAAHAH,2,0.0
347,B85655,Propranolol HCl_Tab 10mg,0204000R0AAAHAH,1,0.0
348,B85055,Propranolol HCl_Tab 10mg,0204000R0AAAHAH,1,0.0
349,B85612,Propranolol HCl_Tab 10mg,0204000R0AAAHAH,2,0.0
350,B85652,Propranolol HCl_Tab 10mg,0204000R0AAAHAH,6,0.0
351,B85030,Propranolol HCl_Tab 10mg,0204000R0AAAHAH,2,0.0
352,B85008,Propranolol HCl_Tab 10mg,0204000R0AAAHAH,4,0.0
353,B85612,Propranolol HCl_Tab 10mg,0204000R0AAAHAH,2,0.0
468,B85018,Propranolol HCl_Tab 10mg,0204000R0AAAHAH,1,0.0
356,B85612,Propranolol HCl_Tab 10mg,0204000R0AAAHAH,4,0.0
357,B85041,Propranolol HCl_Tab 10mg,0204000R0AAAHAH,1,0.0
358,B85650,Propranolol HCl_Tab 10mg,0204000R0AAAHAH,1,0.0
359,B85021,Propranolol HCl_Tab 10mg,0204000R0AAAHAH,4,0.0
360,B85025,Propranolol HCl_Tab 10mg,0204000R0AAAHAH,1,0.0
362,B85019,Propranolol HCl_Tab 10mg,0204000R0AAAHAH,2,0.0
376,B85619,Propranolol HCl_Tab 10mg,0204000R0AAAHAH,1,0.0
363,B85622,Propranolol HCl_Tab 10mg,0204000R0AAAHAH,2,0.0
364,B85652,Propranolol HCl_Tab 10mg,0204000R0AAAHAH,2,0.0
365,B85645,Propranolol HCl_Tab 10mg,0204000R0AAAHAH,1,0.0
366,B85014,Propranolol HCl_Tab 10mg,0204000R0AAAHAH,2,0.0
367,B85018,Propranolol HCl_Tab 10mg,0204000R0AAAHAH,7,0.0
368,B85055,Propranolol HCl_Tab 10mg,0204000R0AAAHAH,2,0.0
369,B85014,Propranolol HCl_Tab 10mg,0204000R0AAAHAH,8,0.0
370,B85014,Propranolol HCl_Tab 10mg,0204000R0AAAHAH,3,0.0
371,B85008,Propranolol HCl_Tab 10mg,0204000R0AAAHAH,2,0.0
372,B85020,Propranolol HCl_Tab 10mg,0204000R0AAAHAH,1,0.0
373,B85019,Propranolol HCl_Tab 10mg,0204000R0AAAHAH,6,0.0
374,B85041,Propranolol HCl_Tab 10mg,0204000R0AAAHAH,6,0.0
375,B85646,Propranolol HCl_Tab 10mg,0204000R0AAAHAH,1,0.0
409,B85018,Propranolol HCl_Tab 10mg,0204000R0AAAHAH,1,0.0
354,B85640,Propranolol HCl_Tab 10mg,0204000R0AAAHAH,1,0.0
411,B85014,Propranolol HCl_Tab 10mg,0204000R0AAAHAH,4,0.0
437,B85640,Propranolol HCl_Tab 10mg,0204000R0AAAHAH,4,0.0
439,B85622,Propranolol HCl_Tab 10mg,0204000R0AAAHAH,3,0.0
440,B85018,Propranolol HCl_Tab 10mg,0204000R0AAAHAH,2,0.0
441,B85646,Propranolol HCl_Tab 10mg,0204000R0AAAHAH,1,0.0
442,B85646,Propranolol HCl_Tab 10mg,0204000R0AAAHAH,1,0.0
443,B85020,Propranolol HCl_Tab 10mg,0204000R0AAAHAH,2,0.0
444,B85650,Propranolol HCl_Tab 10mg,0204000R0AAAHAH,1,0.0
445,B85646,Propranolol HCl_Tab 10mg,0204000R0AAAHAH,2,0.0
446,B85652,Propranolol HCl_Tab 10mg,0204000R0AAAHAH,1,0.0
447,B85019,Propranolol HCl_Tab 10mg,0204000R0AAAHAH,3,0.0
448,B85030,Propranolol HCl_Tab 10mg,0204000R0AAAHAH,1,0.0
449,B85038,Propranolol HCl_Tab 10mg,0204000R0AAAHAH,2,0.0
450,B85619,Propranolol HCl_Tab 10mg,0204000R0AAAHAH,1,0.0
451,B85004,Propranolol HCl_Tab 10mg,0204000R0AAAHAH,1,0.0
452,B85606,Propranolol HCl_Tab 10mg,0204000R0AAAHAH,1,0.0
453,B85650,Propranolol HCl_Tab 10mg,0204000R0AAAHAH,2,0.0
454,B85655,Propranolol HCl_Tab 10mg,0204000R0AAAHAH,4,0.0
455,B85019,Propranolol HCl_Tab 10mg,0204000R0AAAHAH,2,0.0
456,B85041,Propranolol HCl_Tab 10mg,0204000R0AAAHAH,4,0.0
457,Y00081,Propranolol HCl_Tab 10mg,0204000R0AAAHAH,2,0.0
458,B85055,Propranolol HCl_Tab 10mg,0204000R0AAAHAH,2,0.0
459,B85009,Propranolol HCl_Tab 10mg,0204000R0AAAHAH,2,0.0
461,B85018,Propranolol HCl_Tab 10mg,0204000R0AAAHAH,3,0.0
462,B85025,Propranolol HCl_Tab 10mg,0204000R0AAAHAH,5,0.0
463,B85019,Propranolol HCl_Tab 10mg,0204000R0AAAHAH,4,0.0
464,B85009,Propranolol HCl_Tab 10mg,0204000R0AAAHAH,4,0.0
465,B85646,Propranolol HCl_Tab 10mg,0204000R0AAAHAH,2,0.0
466,B85041,Propranolol HCl_Tab 10mg,0204000R0AAAHAH,3,0.0
467,B85038,Propranolol HCl_Tab 10mg,0204000R0AAAHAH,1,0.0
412,B85012,Propranolol HCl_Tab 10mg,0204000R0AAAHAH,3,0.0
438,B85640,Propranolol HCl_Tab 10mg,0204000R0AAAHAH,2,0.0
460,B85020,Propranolol HCl_Tab 10mg,0204000R0AAAHAH,3,0.0
436,B85640,Propranolol HCl_Tab 10mg,0204000R0AAAHAH,4,0.0
426,B85025,Propranolol HCl_Tab 10mg,0204000R0AAAHAH,5,0.0
435,B85622,Propranolol HCl_Tab 10mg,0204000R0AAAHAH,3,0.0
417,B85009,Propranolol HCl_Tab 10mg,0204000R0AAAHAH,3,0.0
416,B85041,Propranolol HCl_Tab 10mg,0204000R0AAAHAH,1,0.0
415,B85606,Propranolol HCl_Tab 10mg,0204000R0AAAHAH,11,0.0
414,B85038,Propranolol HCl_Tab 10mg,0204000R0AAAHAH,1,0.0
413,B85014,Propranolol HCl_Tab 10mg,0204000R0AAAHAH,3,0.0
418,B85619,Propranolol HCl_Tab 10mg,0204000R0AAAHAH,1,0.0
419,B85020,Propranolol HCl_Tab 10mg,0204000R0AAAHAH,1,0.0
420,B85004,Propranolol HCl_Tab 10mg,0204000R0AAAHAH,1,0.0
422,B85008,Propranolol HCl_Tab 10mg,0204000R0AAAHAH,1,0.0
423,B85606,Propranolol HCl_Tab 10mg,0204000R0AAAHAH,8,0.0
424,B85015,Propranolol HCl_Tab 10mg,0204000R0AAAHAH,3,0.0
425,B85038,Propranolol HCl_Tab 10mg,0204000R0AAAHAH,1,0.0
421,B85004,Propranolol HCl_Tab 10mg,0204000R0AAAHAH,13,0.0
427,B85030,Propranolol HCl_Tab 10mg,0204000R0AAAHAH,2,0.0
428,B85020,Propranolol HCl_Tab 10mg,0204000R0AAAHAH,4,0.0
434,B85015,Propranolol HCl_Tab 10mg,0204000R0AAAHAH,1,0.0
433,B85622,Propranolol HCl_Tab 10mg,0204000R0AAAHAH,3,0.0
432,B85021,Propranolol HCl_Tab 10mg,0204000R0AAAHAH,1,0.0
431,B85041,Propranolol HCl_Tab 10mg,0204000R0AAAHAH,1,0.0
429,B85055,Propranolol HCl_Tab 10mg,0204000R0AAAHAH,3,0.0
430,B85019,Propranolol HCl_Tab 10mg,0204000R0AAAHAH,1,0.0
512,B85030,Clopidogrel_Tab 75mg,0209000C0AAAAAA,1,-0.0013999999999999985
513,B85021,Clopidogrel_Tab 75mg,0209000C0AAAAAA,1,-0.0013999999999999985
676,B85622,Quetiapine_Tab 25mg,0402010ABAAABAB,1,-0.00140000000000004
677,B85025,Quetiapine_Tab 25mg,0402010ABAAABAB,1,-0.0018000000000000516
222,B85055,Paracet_Tab 500mg,0407010H0AAAMAM,1,-0.001999999999999988
223,B85055,Paracet_Tab 500mg,0407010H0AAAMAM,1,-0.001999999999999988
678,B85019,Quetiapine_Tab 25mg,0402010ABAAABAB,1,-0.00280000000000008
679,B85640,Quetiapine_Tab 25mg,0402010ABAAABAB,1,-0.00280000000000008
19,B85646,Atorvastatin_Tab 20mg,0212000B0AAABAB,1,-0.0029999999999998778
20,B85025,Atorvastatin_Tab 20mg,0212000B0AAABAB,1,-0.0029999999999998778
326,B85014,Atorvastatin_Tab 10mg,0212000B0AAAAAA,1,-0.002999999999999982
680,B85640,Quetiapine_Tab 25mg,0402010ABAAABAB,1,-0.003000000000000086
593,B85021,Ferr Sulf_Tab 200mg,0901011P0AAACAC,1,-0.0032000000000000917
514,B85021,Clopidogrel_Tab 75mg,0209000C0AAAAAA,1,-0.003499999999999996
515,B85018,Clopidogrel_Tab 75mg,0209000C0AAAAAA,5,-0.003499999999999996
681,B85612,Quetiapine_Tab 25mg,0402010ABAAABAB,2,-0.003600000000000103
231,B85645,Paracet_Tab 500mg,0407010H0AAAMAM,1,-0.003999999999999976
229,B85606,Paracet_Tab 500mg,0407010H0AAAMAM,1,-0.003999999999999976
228,B85645,Paracet_Tab 500mg,0407010H0AAAMAM,1,-0.003999999999999976
230,Y03773,Paracet_Tab 500mg,0407010H0AAAMAM,1,-0.003999999999999976
224,Y03773,Paracet_Tab 500mg,0407010H0AAAMAM,1,-0.003999999999999976
225,B85606,Paracet_Tab 500mg,0407010H0AAAMAM,1,-0.003999999999999976
226,B85650,Paracet_Tab 500mg,0407010H0AAAMAM,1,-0.003999999999999976
227,B85650,Paracet_Tab 500mg,0407010H0AAAMAM,1,-0.003999999999999976
682,B85041,Quetiapine_Tab 25mg,0402010ABAAABAB,3,-0.00420000000000012
683,B85025,Quetiapine_Tab 25mg,0402010ABAAABAB,3,-0.00420000000000012
327,B85012,Atorvastatin_Tab 10mg,0212000B0AAAAAA,1,-0.004799999999999971
232,Y03773,Paracet_Tab 500mg,0407010H0AAAMAM,1,-0.005599999999999966
233,B85655,Paracet_Tab 500mg,0407010H0AAAMAM,1,-0.005599999999999966
234,Y03773,Paracet_Tab 500mg,0407010H0AAAMAM,1,-0.005599999999999966
235,Y03114,Paracet_Tab 500mg,0407010H0AAAMAM,1,-0.005599999999999966
236,B85655,Paracet_Tab 500mg,0407010H0AAAMAM,1,-0.005599999999999966
237,Y03114,Paracet_Tab 500mg,0407010H0AAAMAM,1,-0.005599999999999966
685,B85012,Quetiapine_Tab 25mg,0402010ABAAABAB,4,-0.00560000000000016
684,B85008,Quetiapine_Tab 25mg,0402010ABAAABAB,4,-0.00560000000000016
21,B85012,Atorvastatin_Tab 20mg,0212000B0AAABAB,2,-0.0059999999999997555
686,B85055,Quetiapine_Tab 25mg,0402010ABAAABAB,2,-0.00720000000000004
687,B85055,Quetiapine_Tab 25mg,0402010ABAAABAB,6,-0.00840000000000024
688,B85004,Quetiapine_Tab 25mg,0402010ABAAABAB,3,-0.00840000000000024
689,B85612,Quetiapine_Tab 25mg,0402010ABAAABAB,3,-0.00840000000000024
598,B85655,Ferr Sulf_Tab 200mg,0901011P0AAACAC,4,-0.00840000000000024
597,B85008,Ferr Sulf_Tab 200mg,0901011P0AAACAC,4,-0.00840000000000024
596,B85612,Ferr Sulf_Tab 200mg,0901011P0AAACAC,4,-0.00840000000000024
595,B85041,Ferr Sulf_Tab 200mg,0901011P0AAACAC,4,-0.00840000000000024
594,B85606,Ferr Sulf_Tab 200mg,0901011P0AAACAC,4,-0.00840000000000024
690,B85014,Quetiapine_Tab 25mg,0402010ABAAABAB,7,-0.00980000000000028
601,B85038,Ferr Sulf_Tab 200mg,0901011P0AAACAC,5,-0.0105000000000003
600,B85646,Ferr Sulf_Tab 200mg,0901011P0AAACAC,5,-0.0105000000000003
599,B85619,Ferr Sulf_Tab 200mg,0901011P0AAACAC,5,-0.0105000000000003
239,B85650,Paracet_Tab 500mg,0407010H0AAAMAM,2,-0.011199999999999932
238,B85650,Paracet_Tab 500mg,0407010H0AAAMAM,2,-0.011199999999999932
692,B85014,Quetiapine_Tab 25mg,0402010ABAAABAB,4,-0.01120000000000032
691,Y00081,Quetiapine_Tab 25mg,0402010ABAAABAB,4,-0.01120000000000032
328,B85001,Atorvastatin_Tab 10mg,0212000B0AAAAAA,2,-0.011999999999999927
602,B85620,Ferr Sulf_Tab 200mg,0901011P0AAACAC,6,-0.012600000000000361
693,B85001,Quetiapine_Tab 25mg,0402010ABAAABAB,6,-0.01680000000000048
603,Y00081,Ferr Sulf_Tab 200mg,0901011P0AAACAC,8,-0.01680000000000048
694,B85041,Quetiapine_Tab 25mg,0402010ABAAABAB,4,-0.01680000000000048
695,B85020,Quetiapine_Tab 25mg,0402010ABAAABAB,4,-0.01680000000000048
696,B85622,Quetiapine_Tab 25mg,0402010ABAAABAB,6,-0.01680000000000048
604,B85001,Ferr Sulf_Tab 200mg,0901011P0AAACAC,9,-0.01890000000000054
697,B85020,Quetiapine_Tab 25mg,0402010ABAAABAB,7,-0.01960000000000056
540,B85009,Quetiapine_Tab 300mg,0402010ABAAAKAK,5,-0.020000000000000018
605,B85622,Ferr Sulf_Tab 200mg,0901011P0AAACAC,10,-0.0210000000000006
699,B85001,Quetiapine_Tab 25mg,0402010ABAAABAB,5,-0.0210000000000006
698,B85009,Quetiapine_Tab 25mg,0402010ABAAABAB,5,-0.0210000000000006
700,B85030,Quetiapine_Tab 25mg,0402010ABAAABAB,8,-0.02240000000000064
606,B85030,Ferr Sulf_Tab 200mg,0901011P0AAACAC,11,-0.02310000000000066
607,B85055,Ferr Sulf_Tab 200mg,0901011P0AAACAC,12,-0.025200000000000722
703,B85622,Quetiapine_Tab 25mg,0402010ABAAABAB,6,-0.025200000000000722
702,B85012,Quetiapine_Tab 25mg,0402010ABAAABAB,9,-0.025200000000000722
701,B85650,Quetiapine_Tab 25mg,0402010ABAAABAB,6,-0.025200000000000722
608,B85652,Ferr Sulf_Tab 200mg,0901011P0AAACAC,13,-0.027300000000000782
704,B85015,Quetiapine_Tab 25mg,0402010ABAAABAB,10,-0.028000000000000802
609,B85019,Ferr Sulf_Tab 200mg,0901011P0AAACAC,14,-0.029400000000000842
610,B85018,Ferr Sulf_Tab 200mg,0901011P0AAACAC,15,-0.0315000000000009
705,B85021,Quetiapine_Tab 25mg,0402010ABAAABAB,12,-0.03360000000000096
706,B85646,Quetiapine_Tab 25mg,0402010ABAAABAB,8,-0.03360000000000096
707,B85021,Quetiapine_Tab 25mg,0402010ABAAABAB,8,-0.03360000000000096
708,B85019,Quetiapine_Tab 25mg,0402010ABAAABAB,9,-0.03780000000000108
611,B85014,Ferr Sulf_Tab 200mg,0901011P0AAACAC,21,-0.04410000000000126
240,B85606,Paracet_Tab 500mg,0407010H0AAAMAM,8,-0.04479999999999973
241,B85606,Paracet_Tab 500mg,0407010H0AAAMAM,8,-0.04479999999999973
242,B85620,Paracet_Tab 500mg,0407010H0AAAMAM,8,-0.04479999999999973
243,B85620,Paracet_Tab 500mg,0407010H0AAAMAM,8,-0.04479999999999973
612,B85020,Ferr Sulf_Tab 200mg,0901011P0AAACAC,23,-0.048300000000001383
613,B85009,Ferr Sulf_Tab 200mg,0901011P0AAACAC,28,-0.058800000000001684
614,B85012,Ferr Sulf_Tab 200mg,0901011P0AAACAC,33,-0.06930000000000199
244,B85038,Paracet_Tab 500mg,0407010H0AAAMAM,15,-0.08399999999999949
245,B85038,Paracet_Tab 500mg,0407010H0AAAMAM,15,-0.08399999999999949
615,B85021,Ferr Sulf_Tab 200mg,0901011P0AAACAC,46,-0.09660000000000277
709,B85009,Quetiapine_Tab 25mg,0402010ABAAABAB,30,-0.1379999999999998
247,B85015,Paracet_Tab 500mg,0407010H0AAAMAM,28,-0.15679999999999905
246,B85015,Paracet_Tab 500mg,0407010H0AAAMAM,28,-0.15679999999999905
516,B85640,Clopidogrel_Tab 75mg,0209000C0AAAAAA,16,-0.17920000000000202
249,B85041,Paracet_Tab 500mg,0407010H0AAAMAM,45,-0.25199999999999845
250,B85018,Paracet_Tab 500mg,0407010H0AAAMAM,45,-0.25199999999999845
251,B85041,Paracet_Tab 500mg,0407010H0AAAMAM,45,-0.25199999999999845
248,B85018,Paracet_Tab 500mg,0407010H0AAAMAM,45,-0.25199999999999845
252,B85008,Paracet_Tab 500mg,0407010H0AAAMAM,72,-0.40319999999999756
253,B85008,Paracet_Tab 500mg,0407010H0AAAMAM,72,-0.40319999999999756
254,B85021,Paracet_Tab 500mg,0407010H0AAAMAM,93,-0.5207999999999968
255,B85021,Paracet_Tab 500mg,0407010H0AAAMAM,93,-0.5207999999999968
616,B85640,Ferr Sulf_Tab 200mg,0901011P0AAACAC,1,-0.5300000000000006
256,B85021,Paracet_Tab 500mg,0407010H0AAAMAM,9,-0.7055999999999992
257,B85021,Paracet_Tab 500mg,0407010H0AAAMAM,9,-0.7055999999999992
259,B85019,Paracet_Tab 500mg,0407010H0AAAMAM,37,-0.8287999999999985
258,B85019,Paracet_Tab 500mg,0407010H0AAAMAM,37,-0.8287999999999985
260,B85019,Paracet_Tab 500mg,0407010H0AAAMAM,98,-0.9799999999999941
261,B85019,Paracet_Tab 500mg,0407010H0AAAMAM,98,-0.9799999999999941
262,B85041,Paracet_Tab 500mg,0407010H0AAAMAM,130,-1.299999999999992
263,B85041,Paracet_Tab 500mg,0407010H0AAAMAM,130,-1.299999999999992
264,B85015,Paracet_Tab 500mg,0407010H0AAAMAM,1,-2.1504
265,B85015,Paracet_Tab 500mg,0407010H0AAAMAM,1,-2.1504
266,B85021,Paracet_Tab 500mg,0407010H0AAAMAM,34,-3.046399999999995
267,B85021,Paracet_Tab 500mg,0407010H0AAAMAM,34,-3.046399999999995
268,B85021,Paracet_Tab 500mg,0407010H0AAAMAM,57,-3.419999999999999
269,B85021,Paracet_Tab 500mg,0407010H0AAAMAM,57,-3.419999999999999
