,practice_code,bnf_description,bnf_code,items,excess_cost
116,C84059,Atorvastatin_Tab 20mg,0212000B0AAABAB,346,135.63200000000006
123,C84029,Pramipexole_Tab 260mcg M/R,0409010W0AAAEAE,2,90.16560000000003
183,C84037,Phenytoin_Sod Tab 100mg,0408010Q0AAAGAG,1,59.69879999999999
184,C84059,Sertraline HCl_Tab 100mg,0403030Q0AAABAB,172,53.93920000000001
178,Y05369,Doxazosin Mesil_Tab 4mg,0205040D0AAACAC,4,52.864
124,Y05369,Montelukast_Tab 10mg,0303020G0AAABAB,13,48.739599999999996
1,C84037,Paracet_Tab 500mg,0407010H0AAAMAM,94,39.480000000000025
0,C84037,Paracet_Tab 500mg,0407010H0AAAMAM,94,39.480000000000025
252,C84059,Losartan Pot_Tab 100mg,0205052N0AAADAD,97,35.85119999999999
3,C84037,Paracet_Tab 500mg,0407010H0AAAMAM,97,34.764800000000015
2,C84037,Paracet_Tab 500mg,0407010H0AAAMAM,97,34.764800000000015
5,Y05369,Paracet_Tab 500mg,0407010H0AAAMAM,14,30.240000000000002
4,Y05369,Paracet_Tab 500mg,0407010H0AAAMAM,14,30.240000000000002
125,C84037,Montelukast_Tab 10mg,0303020G0AAABAB,24,24.393600000000003
204,C84660,Tramadol HCl_Cap 50mg,040702040AAAAAA,11,15.400000000000013
205,C84660,Tramadol HCl_Cap 50mg,040702040AAAAAA,11,15.400000000000013
7,Y05369,Paracet_Tab 500mg,0407010H0AAAMAM,53,15.37
6,Y05369,Paracet_Tab 500mg,0407010H0AAAMAM,53,15.37
253,Y05369,Losartan Pot_Tab 100mg,0205052N0AAADAD,57,14.842800000000004
9,C84045,Paracet_Tab 500mg,0407010H0AAAMAM,46,14.720000000000006
8,C84045,Paracet_Tab 500mg,0407010H0AAAMAM,46,14.720000000000006
11,C84059,Paracet_Tab 500mg,0407010H0AAAMAM,58,13.966400000000005
10,C84059,Paracet_Tab 500mg,0407010H0AAAMAM,58,13.966400000000005
13,C84009,Paracet_Tab 500mg,0407010H0AAAMAM,82,13.120000000000035
12,C84009,Paracet_Tab 500mg,0407010H0AAAMAM,82,13.120000000000035
15,C84037,Paracet_Tab 500mg,0407010H0AAAMAM,152,12.160000000000032
14,C84037,Paracet_Tab 500mg,0407010H0AAAMAM,152,12.160000000000032
17,C84059,Paracet_Tab 500mg,0407010H0AAAMAM,174,11.692800000000064
16,C84059,Paracet_Tab 500mg,0407010H0AAAMAM,174,11.692800000000064
19,C84021,Paracet_Tab 500mg,0407010H0AAAMAM,165,11.088000000000061
18,C84021,Paracet_Tab 500mg,0407010H0AAAMAM,165,11.088000000000061
21,C84029,Paracet_Tab 500mg,0407010H0AAAMAM,82,11.020799999999998
20,C84029,Paracet_Tab 500mg,0407010H0AAAMAM,82,11.020799999999998
23,C84660,Paracet_Tab 500mg,0407010H0AAAMAM,17,9.791999999999998
22,C84660,Paracet_Tab 500mg,0407010H0AAAMAM,17,9.791999999999998
207,Y05369,Tramadol HCl_Cap 50mg,040702040AAAAAA,3,9.288000000000002
206,Y05369,Tramadol HCl_Cap 50mg,040702040AAAAAA,3,9.288000000000002
24,C84059,Paracet_Tab 500mg,0407010H0AAAMAM,306,9.180000000000051
25,C84059,Paracet_Tab 500mg,0407010H0AAAMAM,306,9.180000000000051
179,C84059,Doxazosin Mesil_Tab 4mg,0205040D0AAACAC,7,7.604799999999997
27,C84037,Paracet_Tab 500mg,0407010H0AAAMAM,1,6.4384
26,C84037,Paracet_Tab 500mg,0407010H0AAAMAM,1,6.4384
28,C84029,Paracet_Tab 500mg,0407010H0AAAMAM,288,5.7600000000000655
29,C84029,Paracet_Tab 500mg,0407010H0AAAMAM,288,5.7600000000000655
126,C84009,Clonazepam_Tab 500mcg,0408010F0AAABAB,8,5.06239999999999
31,C84660,Paracet_Tab 500mg,0407010H0AAAMAM,17,4.895999999999999
30,C84660,Paracet_Tab 500mg,0407010H0AAAMAM,17,4.895999999999999
33,C84045,Paracet_Tab 500mg,0407010H0AAAMAM,96,4.800000000000004
32,C84045,Paracet_Tab 500mg,0407010H0AAAMAM,96,4.800000000000004
208,C84059,Tramadol HCl_Cap 50mg,040702040AAAAAA,43,3.8700000000000063
209,C84059,Tramadol HCl_Cap 50mg,040702040AAAAAA,43,3.8700000000000063
129,C84037,Clonazepam_Tab 500mcg,0408010F0AAABAB,6,3.796799999999992
128,C84059,Clonazepam_Tab 500mcg,0408010F0AAABAB,3,3.796799999999992
127,C84019,Clonazepam_Tab 500mcg,0408010F0AAABAB,3,3.796799999999992
35,C84113,Paracet_Tab 500mg,0407010H0AAAMAM,82,3.2800000000000087
34,C84113,Paracet_Tab 500mg,0407010H0AAAMAM,82,3.2800000000000087
131,C84021,Clonazepam_Tab 500mcg,0408010F0AAABAB,10,3.1639999999999935
130,C84059,Clonazepam_Tab 500mcg,0408010F0AAABAB,5,3.1639999999999935
132,C84029,Clonazepam_Tab 500mcg,0408010F0AAABAB,9,2.847599999999994
133,Y05369,Clonazepam_Tab 500mcg,0408010F0AAABAB,1,2.531199999999995
134,C84021,Clonazepam_Tab 500mcg,0408010F0AAABAB,2,2.531199999999995
135,C84037,Clonazepam_Tab 500mcg,0408010F0AAABAB,8,2.531199999999995
136,C84021,Clonazepam_Tab 500mcg,0408010F0AAABAB,4,2.531199999999995
137,C84059,Clonazepam_Tab 500mcg,0408010F0AAABAB,7,2.2147999999999954
138,C84037,Clonazepam_Tab 500mcg,0408010F0AAABAB,1,2.033999999999996
139,C84037,Clonazepam_Tab 500mcg,0408010F0AAABAB,1,1.898399999999996
140,C84049,Clonazepam_Tab 500mcg,0408010F0AAABAB,3,1.898399999999996
141,C84029,Clonazepam_Tab 500mcg,0408010F0AAABAB,3,1.898399999999996
37,C84021,Paracet_Tab 500mg,0407010H0AAAMAM,1,1.6096
36,C84021,Paracet_Tab 500mg,0407010H0AAAMAM,1,1.6096
142,C84021,Clonazepam_Tab 500mcg,0408010F0AAABAB,1,1.5819999999999967
143,C84021,Clonazepam_Tab 500mcg,0408010F0AAABAB,2,1.5819999999999967
147,C84009,Clonazepam_Tab 500mcg,0408010F0AAABAB,4,1.2655999999999974
149,C84019,Clonazepam_Tab 500mcg,0408010F0AAABAB,4,1.2655999999999974
148,C84029,Clonazepam_Tab 500mcg,0408010F0AAABAB,1,1.2655999999999974
144,C84123,Clonazepam_Tab 500mcg,0408010F0AAABAB,2,1.2655999999999974
146,C84087,Clonazepam_Tab 500mcg,0408010F0AAABAB,2,1.2655999999999974
145,C84049,Clonazepam_Tab 500mcg,0408010F0AAABAB,1,1.2655999999999974
150,C84113,Clonazepam_Tab 500mcg,0408010F0AAABAB,1,1.1299999999999977
151,C84045,Clonazepam_Tab 500mcg,0408010F0AAABAB,1,0.949199999999998
152,C84059,Clonazepam_Tab 500mcg,0408010F0AAABAB,1,0.949199999999998
153,C84656,Clonazepam_Tab 500mcg,0408010F0AAABAB,1,0.949199999999998
154,C84049,Clonazepam_Tab 500mcg,0408010F0AAABAB,3,0.949199999999998
155,C84113,Clonazepam_Tab 500mcg,0408010F0AAABAB,3,0.949199999999998
156,C84019,Clonazepam_Tab 500mcg,0408010F0AAABAB,1,0.949199999999998
157,C84123,Clonazepam_Tab 500mcg,0408010F0AAABAB,1,0.949199999999998
158,C84029,Clonazepam_Tab 500mcg,0408010F0AAABAB,5,0.7909999999999984
160,C84037,Clonazepam_Tab 500mcg,0408010F0AAABAB,1,0.6779999999999986
159,C84045,Clonazepam_Tab 500mcg,0408010F0AAABAB,1,0.6779999999999986
163,C84059,Clonazepam_Tab 500mcg,0408010F0AAABAB,4,0.6327999999999987
165,Y05369,Clonazepam_Tab 500mcg,0408010F0AAABAB,1,0.6327999999999987
161,C84087,Clonazepam_Tab 500mcg,0408010F0AAABAB,2,0.6327999999999987
162,C84656,Clonazepam_Tab 500mcg,0408010F0AAABAB,2,0.6327999999999987
164,C84045,Clonazepam_Tab 500mcg,0408010F0AAABAB,1,0.6327999999999987
166,C84037,Clonazepam_Tab 500mcg,0408010F0AAABAB,1,0.474599999999999
167,C84009,Clonazepam_Tab 500mcg,0408010F0AAABAB,1,0.3807999999999996
168,C84049,Clonazepam_Tab 500mcg,0408010F0AAABAB,8,0.33919999999999995
170,C84660,Clonazepam_Tab 500mcg,0408010F0AAABAB,1,0.3389999999999993
169,C84037,Clonazepam_Tab 500mcg,0408010F0AAABAB,1,0.3389999999999993
171,Y05369,Clonazepam_Tab 500mcg,0408010F0AAABAB,1,0.31639999999999935
172,C84009,Clonazepam_Tab 500mcg,0408010F0AAABAB,1,0.252999999999999
254,C84049,Losartan Pot_Tab 100mg,0205052N0AAADAD,44,0.24640000000000065
173,C84059,Clonazepam_Tab 500mcg,0408010F0AAABAB,3,0.2372999999999995
38,C84059,Paracet_Tab 500mg,0407010H0AAAMAM,1,0.2268000000000003
39,C84059,Paracet_Tab 500mg,0407010H0AAAMAM,1,0.2268000000000003
174,C84019,Clonazepam_Tab 500mcg,0408010F0AAABAB,1,0.174
175,C84049,Clonazepam_Tab 500mcg,0408010F0AAABAB,1,0.15819999999999967
176,C84019,Clonazepam_Tab 500mcg,0408010F0AAABAB,1,0.15819999999999967
40,C84009,Paracet_Tab 500mg,0407010H0AAAMAM,10,0.14999999999999908
41,C84009,Paracet_Tab 500mg,0407010H0AAAMAM,10,0.14999999999999908
177,Y05369,Clonazepam_Tab 500mcg,0408010F0AAABAB,1,0.11599999999999999
42,C84049,Paracet_Tab 500mg,0407010H0AAAMAM,25,0.06999999999999958
43,C84049,Paracet_Tab 500mg,0407010H0AAAMAM,25,0.06999999999999958
255,C84660,Losartan Pot_Tab 100mg,0205052N0AAADAD,12,0.06720000000000018
44,C84113,Paracet_Tab 500mg,0407010H0AAAMAM,1,0.06719999999999993
45,C84113,Paracet_Tab 500mg,0407010H0AAAMAM,1,0.06719999999999993
185,C84049,Sertraline HCl_Tab 100mg,0403030Q0AAABAB,31,0.06510000000000035
256,C84059,Losartan Pot_Tab 100mg,0205052N0AAADAD,11,0.06160000000000016
186,C84059,Sertraline HCl_Tab 100mg,0403030Q0AAABAB,20,0.04200000000000023
187,C84087,Sertraline HCl_Tab 100mg,0403030Q0AAABAB,6,0.02520000000000014
47,C84029,Paracet_Tab 500mg,0407010H0AAAMAM,4,0.023999999999999855
46,C84029,Paracet_Tab 500mg,0407010H0AAAMAM,4,0.023999999999999855
257,C84021,Losartan Pot_Tab 100mg,0205052N0AAADAD,4,0.02240000000000006
49,C84059,Paracet_Tab 500mg,0407010H0AAAMAM,8,0.022399999999999864
48,C84059,Paracet_Tab 500mg,0407010H0AAAMAM,8,0.022399999999999864
188,C84059,Sertraline HCl_Tab 100mg,0403030Q0AAABAB,5,0.021000000000000116
181,C84049,Doxazosin Mesil_Tab 4mg,0205040D0AAACAC,4,0.01959999999999988
180,C84059,Doxazosin Mesil_Tab 4mg,0205040D0AAACAC,4,0.01959999999999988
211,C84045,Tramadol HCl_Cap 50mg,040702040AAAAAA,4,0.01680000000000048
210,C84045,Tramadol HCl_Cap 50mg,040702040AAAAAA,4,0.01680000000000048
189,C84123,Sertraline HCl_Tab 100mg,0403030Q0AAABAB,4,0.016800000000000093
190,C84660,Sertraline HCl_Tab 100mg,0403030Q0AAABAB,4,0.016800000000000093
51,C84049,Paracet_Tab 500mg,0407010H0AAAMAM,4,0.0167999999999999
50,C84049,Paracet_Tab 500mg,0407010H0AAAMAM,4,0.0167999999999999
191,C84087,Sertraline HCl_Tab 100mg,0403030Q0AAABAB,7,0.014700000000000081
182,C84660,Doxazosin Mesil_Tab 4mg,0205040D0AAACAC,3,0.014699999999999911
212,C84059,Tramadol HCl_Cap 50mg,040702040AAAAAA,3,0.012600000000000361
213,C84059,Tramadol HCl_Cap 50mg,040702040AAAAAA,3,0.012600000000000361
52,C84656,Paracet_Tab 500mg,0407010H0AAAMAM,2,0.011999999999999927
53,C84019,Paracet_Tab 500mg,0407010H0AAAMAM,2,0.011999999999999927
54,C84656,Paracet_Tab 500mg,0407010H0AAAMAM,2,0.011999999999999927
55,C84019,Paracet_Tab 500mg,0407010H0AAAMAM,2,0.011999999999999927
56,C84660,Paracet_Tab 500mg,0407010H0AAAMAM,4,0.011199999999999932
57,C84660,Paracet_Tab 500mg,0407010H0AAAMAM,4,0.011199999999999932
59,C84029,Paracet_Tab 500mg,0407010H0AAAMAM,3,0.008999999999999946
58,C84029,Paracet_Tab 500mg,0407010H0AAAMAM,3,0.008999999999999946
192,C84660,Sertraline HCl_Tab 100mg,0403030Q0AAABAB,4,0.008400000000000046
117,C84019,Atorvastatin_Tab 20mg,0212000B0AAABAB,1,0.006000000000000172
62,C84113,Paracet_Tab 500mg,0407010H0AAAMAM,1,0.005999999999999964
63,C84045,Paracet_Tab 500mg,0407010H0AAAMAM,1,0.005999999999999964
60,C84113,Paracet_Tab 500mg,0407010H0AAAMAM,1,0.005999999999999964
61,C84045,Paracet_Tab 500mg,0407010H0AAAMAM,1,0.005999999999999964
67,Y05369,Paracet_Tab 500mg,0407010H0AAAMAM,1,0.005599999999999966
65,C84049,Paracet_Tab 500mg,0407010H0AAAMAM,4,0.005599999999999966
64,C84019,Paracet_Tab 500mg,0407010H0AAAMAM,2,0.005599999999999966
66,C84019,Paracet_Tab 500mg,0407010H0AAAMAM,2,0.005599999999999966
68,Y05369,Paracet_Tab 500mg,0407010H0AAAMAM,1,0.005599999999999966
69,C84049,Paracet_Tab 500mg,0407010H0AAAMAM,4,0.005599999999999966
70,C84656,Paracet_Tab 500mg,0407010H0AAAMAM,1,0.004599999999999972
71,C84656,Paracet_Tab 500mg,0407010H0AAAMAM,1,0.004599999999999972
214,C84009,Tramadol HCl_Cap 50mg,040702040AAAAAA,1,0.00420000000000012
215,C84009,Tramadol HCl_Cap 50mg,040702040AAAAAA,1,0.00420000000000012
217,C84059,Tramadol HCl_Cap 50mg,040702040AAAAAA,1,0.004200000000000023
216,C84059,Tramadol HCl_Cap 50mg,040702040AAAAAA,1,0.004200000000000023
197,C84037,Sertraline HCl_Tab 100mg,0403030Q0AAABAB,1,0.004200000000000023
196,C84029,Sertraline HCl_Tab 100mg,0403030Q0AAABAB,1,0.004200000000000023
195,C84049,Sertraline HCl_Tab 100mg,0403030Q0AAABAB,1,0.004200000000000023
194,C84656,Sertraline HCl_Tab 100mg,0403030Q0AAABAB,1,0.004200000000000023
193,C84019,Sertraline HCl_Tab 100mg,0403030Q0AAABAB,1,0.004200000000000023
199,C84059,Sertraline HCl_Tab 100mg,0403030Q0AAABAB,1,0.004199999999999829
198,C84021,Sertraline HCl_Tab 100mg,0403030Q0AAABAB,1,0.004199999999999829
118,C84087,Atorvastatin_Tab 20mg,0212000B0AAABAB,2,0.004000000000000115
72,C84059,Paracet_Tab 500mg,0407010H0AAAMAM,1,0.003300000000000001
73,C84059,Paracet_Tab 500mg,0407010H0AAAMAM,1,0.003300000000000001
75,C84037,Paracet_Tab 500mg,0407010H0AAAMAM,1,0.002999999999999982
74,C84037,Paracet_Tab 500mg,0407010H0AAAMAM,1,0.002999999999999982
77,C84045,Paracet_Tab 500mg,0407010H0AAAMAM,1,0.002999999999999982
76,C84045,Paracet_Tab 500mg,0407010H0AAAMAM,1,0.002999999999999982
200,C84009,Sertraline HCl_Tab 100mg,0403030Q0AAABAB,1,0.0021000000000000116
79,C84087,Paracet_Tab 500mg,0407010H0AAAMAM,1,-0.0011999999999999997
78,C84087,Paracet_Tab 500mg,0407010H0AAAMAM,1,-0.0011999999999999997
121,C84019,Atorvastatin_Tab 20mg,0212000B0AAABAB,1,-0.0015999999999999348
119,C84059,Atorvastatin_Tab 20mg,0212000B0AAABAB,1,-0.0015999999999999348
120,C84009,Atorvastatin_Tab 20mg,0212000B0AAABAB,1,-0.0015999999999999348
122,C84021,Atorvastatin_Tab 20mg,0212000B0AAABAB,1,-0.0015999999999999348
258,C84059,Losartan Pot_Tab 100mg,0205052N0AAADAD,1,-0.0020999999999999977
218,C84660,Tramadol HCl_Cap 50mg,040702040AAAAAA,1,-0.002799999999999886
219,C84087,Tramadol HCl_Cap 50mg,040702040AAAAAA,1,-0.002799999999999886
220,C84087,Tramadol HCl_Cap 50mg,040702040AAAAAA,1,-0.002799999999999886
221,C84009,Tramadol HCl_Cap 50mg,040702040AAAAAA,1,-0.002799999999999886
222,C84660,Tramadol HCl_Cap 50mg,040702040AAAAAA,1,-0.002799999999999886
223,C84009,Tramadol HCl_Cap 50mg,040702040AAAAAA,1,-0.002799999999999886
259,C84019,Losartan Pot_Tab 100mg,0205052N0AAADAD,1,-0.0029999999999998778
201,C84019,Sertraline HCl_Tab 100mg,0403030Q0AAABAB,1,-0.003000000000000086
202,C84087,Sertraline HCl_Tab 100mg,0403030Q0AAABAB,1,-0.004199999999999975
203,C84059,Sertraline HCl_Tab 100mg,0403030Q0AAABAB,1,-0.004500000000000129
229,C84029,Tramadol HCl_Cap 50mg,040702040AAAAAA,2,-0.005599999999999772
228,C84045,Tramadol HCl_Cap 50mg,040702040AAAAAA,2,-0.005599999999999772
227,C84045,Tramadol HCl_Cap 50mg,040702040AAAAAA,2,-0.005599999999999772
225,C84037,Tramadol HCl_Cap 50mg,040702040AAAAAA,2,-0.005599999999999772
224,C84037,Tramadol HCl_Cap 50mg,040702040AAAAAA,2,-0.005599999999999772
226,C84029,Tramadol HCl_Cap 50mg,040702040AAAAAA,2,-0.005599999999999772
80,C84009,Paracet_Tab 500mg,0407010H0AAAMAM,1,-0.005599999999999966
81,C84009,Paracet_Tab 500mg,0407010H0AAAMAM,1,-0.005599999999999966
230,C84037,Tramadol HCl_Cap 50mg,040702040AAAAAA,6,-0.008399999999999658
231,C84037,Tramadol HCl_Cap 50mg,040702040AAAAAA,6,-0.008399999999999658
233,C84656,Tramadol HCl_Cap 50mg,040702040AAAAAA,4,-0.011199999999999544
235,C84049,Tramadol HCl_Cap 50mg,040702040AAAAAA,4,-0.011199999999999544
234,C84049,Tramadol HCl_Cap 50mg,040702040AAAAAA,4,-0.011199999999999544
232,C84656,Tramadol HCl_Cap 50mg,040702040AAAAAA,4,-0.011199999999999544
82,C84037,Paracet_Tab 500mg,0407010H0AAAMAM,2,-0.011199999999999932
83,C84021,Paracet_Tab 500mg,0407010H0AAAMAM,2,-0.011199999999999932
84,C84021,Paracet_Tab 500mg,0407010H0AAAMAM,2,-0.011199999999999932
85,C84037,Paracet_Tab 500mg,0407010H0AAAMAM,2,-0.011199999999999932
237,C84021,Tramadol HCl_Cap 50mg,040702040AAAAAA,5,-0.01399999999999943
236,C84021,Tramadol HCl_Cap 50mg,040702040AAAAAA,5,-0.01399999999999943
239,C84059,Tramadol HCl_Cap 50mg,040702040AAAAAA,6,-0.016799999999999315
238,C84059,Tramadol HCl_Cap 50mg,040702040AAAAAA,6,-0.016799999999999315
86,C84049,Paracet_Tab 500mg,0407010H0AAAMAM,8,-0.04479999999999973
87,C84049,Paracet_Tab 500mg,0407010H0AAAMAM,8,-0.04479999999999973
88,C84660,Paracet_Tab 500mg,0407010H0AAAMAM,11,-0.06159999999999963
89,C84660,Paracet_Tab 500mg,0407010H0AAAMAM,11,-0.06159999999999963
91,C84087,Paracet_Tab 500mg,0407010H0AAAMAM,18,-0.10079999999999939
90,C84087,Paracet_Tab 500mg,0407010H0AAAMAM,18,-0.10079999999999939
241,C84021,Tramadol HCl_Cap 50mg,040702040AAAAAA,5,-0.1199999999999998
240,C84021,Tramadol HCl_Cap 50mg,040702040AAAAAA,5,-0.1199999999999998
243,C84049,Tramadol HCl_Cap 50mg,040702040AAAAAA,5,-0.19999999999999965
242,C84049,Tramadol HCl_Cap 50mg,040702040AAAAAA,5,-0.19999999999999965
244,C84059,Tramadol HCl_Cap 50mg,040702040AAAAAA,9,-0.20159999999999878
245,C84059,Tramadol HCl_Cap 50mg,040702040AAAAAA,9,-0.20159999999999878
246,C84021,Tramadol HCl_Cap 50mg,040702040AAAAAA,6,-0.25199999999999845
247,C84021,Tramadol HCl_Cap 50mg,040702040AAAAAA,6,-0.25199999999999845
249,C84059,Tramadol HCl_Cap 50mg,040702040AAAAAA,24,-0.26879999999998905
248,C84059,Tramadol HCl_Cap 50mg,040702040AAAAAA,24,-0.26879999999998905
92,C84009,Paracet_Tab 500mg,0407010H0AAAMAM,11,-0.7391999999999999
93,C84009,Paracet_Tab 500mg,0407010H0AAAMAM,11,-0.7391999999999999
251,C84049,Tramadol HCl_Cap 50mg,040702040AAAAAA,21,-0.839999999999995
250,C84049,Tramadol HCl_Cap 50mg,040702040AAAAAA,21,-0.839999999999995
95,C84021,Paracet_Tab 500mg,0407010H0AAAMAM,88,-0.8799999999999947
94,C84021,Paracet_Tab 500mg,0407010H0AAAMAM,88,-0.8799999999999947
97,C84087,Paracet_Tab 500mg,0407010H0AAAMAM,149,-1.4899999999999909
96,C84087,Paracet_Tab 500mg,0407010H0AAAMAM,149,-1.4899999999999909
99,C84059,Paracet_Tab 500mg,0407010H0AAAMAM,113,-2.2599999999999865
98,C84059,Paracet_Tab 500mg,0407010H0AAAMAM,113,-2.2599999999999865
100,C84019,Paracet_Tab 500mg,0407010H0AAAMAM,254,-2.5399999999999845
101,C84019,Paracet_Tab 500mg,0407010H0AAAMAM,254,-2.5399999999999845
103,C84019,Paracet_Tab 500mg,0407010H0AAAMAM,66,-2.956799999999982
102,C84019,Paracet_Tab 500mg,0407010H0AAAMAM,66,-2.956799999999982
104,C84019,Paracet_Tab 500mg,0407010H0AAAMAM,78,-3.119999999999981
105,C84019,Paracet_Tab 500mg,0407010H0AAAMAM,78,-3.119999999999981
107,C84037,Paracet_Tab 500mg,0407010H0AAAMAM,20,-3.3599999999999963
106,C84037,Paracet_Tab 500mg,0407010H0AAAMAM,20,-3.3599999999999963
108,C84113,Paracet_Tab 500mg,0407010H0AAAMAM,46,-3.6799999999999935
109,C84113,Paracet_Tab 500mg,0407010H0AAAMAM,46,-3.6799999999999935
110,C84113,Paracet_Tab 500mg,0407010H0AAAMAM,53,-5.935999999999985
111,C84113,Paracet_Tab 500mg,0407010H0AAAMAM,53,-5.935999999999985
112,C84009,Paracet_Tab 500mg,0407010H0AAAMAM,140,-8.399999999999999
113,C84009,Paracet_Tab 500mg,0407010H0AAAMAM,140,-8.399999999999999
114,C84009,Paracet_Tab 500mg,0407010H0AAAMAM,66,-10.348799999999988
115,C84009,Paracet_Tab 500mg,0407010H0AAAMAM,66,-10.348799999999988
