,practice_code,bnf_description,bnf_code,items,excess_cost
0,G82036,Aripiprazole_Tab 5mg,0402010ADAAADAD,1,545.9328
161,G82227,Modafinil_Tab 200mg,0404000R0AAACAC,1,96.24
157,G82700,Losartan Pot_Tab 25mg,0205052N0AAAAAA,28,92.82560000000001
1,G82036,Aripiprazole_Tab 5mg,0402010ADAAADAD,4,90.9888
158,G82700,Losartan Pot_Tab 25mg,0205052N0AAAAAA,11,30.9232
163,G82086,Zopiclone_Tab 7.5mg,0401010Z0AAAAAA,14,25.911199999999997
307,G82036,Ropinirole HCl_Tab 5mg,0409010H0AAADAD,1,15.48960000000001
164,G82086,Zopiclone_Tab 7.5mg,0401010Z0AAAAAA,2,11.513599999999999
308,G82038,Ropinirole HCl_Tab 5mg,0409010H0AAADAD,1,10.326400000000007
165,G82086,Zopiclone_Tab 7.5mg,0401010Z0AAAAAA,11,8.228
309,G82069,Ropinirole HCl_Tab 5mg,0409010H0AAADAD,4,7.761600000000003
310,G82128,Ropinirole HCl_Tab 5mg,0409010H0AAADAD,1,7.744800000000005
166,G82086,Zopiclone_Tab 7.5mg,0401010Z0AAAAAA,10,7.252
8,G82091,Clonazepam_Tab 500mcg,0408010F0AAABAB,9,5.695199999999988
9,G82128,Clonazepam_Tab 500mcg,0408010F0AAABAB,3,5.695199999999988
167,G82086,Zopiclone_Tab 7.5mg,0401010Z0AAAAAA,13,5.0687
336,G82072,Topiramate_Tab 200mg,040801050AAACAC,1,4.979999999999998
337,G82211,Topiramate_Tab 200mg,040801050AAACAC,1,4.647999999999998
10,G82015,Clonazepam_Tab 500mcg,0408010F0AAABAB,7,4.429599999999991
350,G82091,Topiramate_Cap 50mg,040801050AAAWAW,2,3.8519999999999954
311,G82007,Pyridox HCl_Tab 50mg,0906024N0AAAIAI,1,3.830400000000001
15,G82036,Clonazepam_Tab 500mcg,0408010F0AAABAB,1,3.796799999999992
13,G82038,Clonazepam_Tab 500mcg,0408010F0AAABAB,4,3.796799999999992
12,G82036,Clonazepam_Tab 500mcg,0408010F0AAABAB,3,3.796799999999992
11,G82086,Clonazepam_Tab 500mcg,0408010F0AAABAB,2,3.796799999999992
14,G82111,Clonazepam_Tab 500mcg,0408010F0AAABAB,6,3.796799999999992
168,G82086,Zopiclone_Tab 7.5mg,0401010Z0AAAAAA,1,3.7007999999999996
351,G82121,Topiramate_Cap 50mg,040801050AAAWAW,1,3.5951999999999957
352,G82007,Topiramate_Cap 50mg,040801050AAAWAW,1,3.5951999999999957
255,G82069,Amiodarone HCl_Tab 200mg,0203020D0AAABAB,5,3.500000000000003
338,G82760,Topiramate_Tab 200mg,040801050AAACAC,1,3.4859999999999984
312,G82069,Pyridox HCl_Tab 50mg,0906024N0AAAIAI,2,3.420000000000001
17,G82036,Clonazepam_Tab 500mcg,0408010F0AAABAB,1,3.389999999999993
16,G82086,Clonazepam_Tab 500mcg,0408010F0AAABAB,5,3.389999999999993
18,G82007,Clonazepam_Tab 500mcg,0408010F0AAABAB,5,3.1639999999999935
339,G82729,Topiramate_Tab 200mg,040801050AAACAC,5,2.8840000000000012
317,G82036,Pyridox HCl_Tab 50mg,0906024N0AAAIAI,1,2.8728000000000007
316,G82121,Pyridox HCl_Tab 50mg,0906024N0AAAIAI,2,2.8728000000000007
315,G82069,Pyridox HCl_Tab 50mg,0906024N0AAAIAI,1,2.8728000000000007
318,G82160,Pyridox HCl_Tab 50mg,0906024N0AAAIAI,2,2.8728000000000007
319,G82111,Pyridox HCl_Tab 50mg,0906024N0AAAIAI,1,2.8728000000000007
313,G82072,Pyridox HCl_Tab 50mg,0906024N0AAAIAI,1,2.8728000000000007
314,G82729,Pyridox HCl_Tab 50mg,0906024N0AAAIAI,1,2.8728000000000007
257,G82036,Amiodarone HCl_Tab 200mg,0203020D0AAABAB,4,2.8000000000000025
256,G82160,Amiodarone HCl_Tab 200mg,0203020D0AAABAB,4,2.8000000000000025
354,G82086,Topiramate_Cap 50mg,040801050AAAWAW,1,2.567999999999997
353,G82665,Topiramate_Cap 50mg,040801050AAAWAW,1,2.567999999999997
24,G82111,Clonazepam_Tab 500mcg,0408010F0AAABAB,2,2.531199999999995
19,G82018,Clonazepam_Tab 500mcg,0408010F0AAABAB,4,2.531199999999995
23,G82072,Clonazepam_Tab 500mcg,0408010F0AAABAB,2,2.531199999999995
22,G82015,Clonazepam_Tab 500mcg,0408010F0AAABAB,8,2.531199999999995
21,G82117,Clonazepam_Tab 500mcg,0408010F0AAABAB,2,2.531199999999995
20,G82036,Clonazepam_Tab 500mcg,0408010F0AAABAB,4,2.531199999999995
25,G82091,Clonazepam_Tab 500mcg,0408010F0AAABAB,2,2.531199999999995
341,G82038,Topiramate_Tab 200mg,040801050AAACAC,1,2.489999999999999
340,G82684,Topiramate_Tab 200mg,040801050AAACAC,1,2.489999999999999
258,G82684,Amiodarone HCl_Tab 200mg,0203020D0AAABAB,7,2.450000000000002
355,G82069,Topiramate_Cap 50mg,040801050AAAWAW,1,2.396799999999997
346,G82111,Topiramate_Tab 200mg,040801050AAACAC,1,2.3183999999999996
345,G82121,Topiramate_Tab 200mg,040801050AAACAC,1,2.3183999999999996
344,G82665,Topiramate_Tab 200mg,040801050AAACAC,1,2.3183999999999996
343,G82038,Topiramate_Tab 200mg,040801050AAACAC,1,2.3183999999999996
342,G82072,Topiramate_Tab 200mg,040801050AAACAC,1,2.3183999999999996
347,G82036,Topiramate_Tab 200mg,040801050AAACAC,4,2.307200000000001
29,G82662,Clonazepam_Tab 500mcg,0408010F0AAABAB,2,2.2599999999999953
30,G82147,Clonazepam_Tab 500mcg,0408010F0AAABAB,1,2.2599999999999953
31,G82015,Clonazepam_Tab 500mcg,0408010F0AAABAB,1,2.2599999999999953
28,G82117,Clonazepam_Tab 500mcg,0408010F0AAABAB,1,2.2599999999999953
26,G82036,Clonazepam_Tab 500mcg,0408010F0AAABAB,1,2.2599999999999953
27,G82015,Clonazepam_Tab 500mcg,0408010F0AAABAB,2,2.2599999999999953
33,G82232,Clonazepam_Tab 500mcg,0408010F0AAABAB,7,2.2147999999999954
32,G82121,Clonazepam_Tab 500mcg,0408010F0AAABAB,7,2.2147999999999954
259,G82086,Amiodarone HCl_Tab 200mg,0203020D0AAABAB,3,2.100000000000002
34,G82121,Clonazepam_Tab 500mcg,0408010F0AAABAB,1,2.033999999999996
356,G82147,Topiramate_Cap 50mg,040801050AAAWAW,1,1.9259999999999977
320,G82160,Pyridox HCl_Tab 50mg,0906024N0AAAIAI,2,1.9152000000000005
42,G82121,Clonazepam_Tab 500mcg,0408010F0AAABAB,8,1.898399999999996
43,G82007,Clonazepam_Tab 500mcg,0408010F0AAABAB,1,1.898399999999996
46,G82069,Clonazepam_Tab 500mcg,0408010F0AAABAB,2,1.898399999999996
41,G82165,Clonazepam_Tab 500mcg,0408010F0AAABAB,6,1.898399999999996
36,G82227,Clonazepam_Tab 500mcg,0408010F0AAABAB,1,1.898399999999996
35,G82729,Clonazepam_Tab 500mcg,0408010F0AAABAB,3,1.898399999999996
37,G82036,Clonazepam_Tab 500mcg,0408010F0AAABAB,1,1.898399999999996
39,G82232,Clonazepam_Tab 500mcg,0408010F0AAABAB,2,1.898399999999996
40,G82160,Clonazepam_Tab 500mcg,0408010F0AAABAB,6,1.898399999999996
44,G82038,Clonazepam_Tab 500mcg,0408010F0AAABAB,1,1.898399999999996
38,G82232,Clonazepam_Tab 500mcg,0408010F0AAABAB,3,1.898399999999996
45,G82111,Clonazepam_Tab 500mcg,0408010F0AAABAB,1,1.898399999999996
48,G82729,Clonazepam_Tab 500mcg,0408010F0AAABAB,1,1.898399999999996
49,G82002,Clonazepam_Tab 500mcg,0408010F0AAABAB,2,1.898399999999996
54,G82128,Clonazepam_Tab 500mcg,0408010F0AAABAB,3,1.898399999999996
53,G82665,Clonazepam_Tab 500mcg,0408010F0AAABAB,1,1.898399999999996
52,G82015,Clonazepam_Tab 500mcg,0408010F0AAABAB,1,1.898399999999996
47,G82165,Clonazepam_Tab 500mcg,0408010F0AAABAB,1,1.898399999999996
51,G82007,Clonazepam_Tab 500mcg,0408010F0AAABAB,6,1.898399999999996
50,G82121,Clonazepam_Tab 500mcg,0408010F0AAABAB,2,1.898399999999996
55,G82121,Clonazepam_Tab 500mcg,0408010F0AAABAB,3,1.898399999999996
260,G82211,Amiodarone HCl_Tab 200mg,0203020D0AAABAB,5,1.7500000000000016
263,G82227,Amiodarone HCl_Tab 200mg,0203020D0AAABAB,5,1.7500000000000016
262,G82121,Amiodarone HCl_Tab 200mg,0203020D0AAABAB,5,1.7500000000000016
261,G82018,Amiodarone HCl_Tab 200mg,0203020D0AAABAB,5,1.7500000000000016
56,G82038,Clonazepam_Tab 500mcg,0408010F0AAABAB,1,1.6949999999999965
60,G82111,Clonazepam_Tab 500mcg,0408010F0AAABAB,5,1.5819999999999967
59,G82147,Clonazepam_Tab 500mcg,0408010F0AAABAB,5,1.5819999999999967
58,G82002,Clonazepam_Tab 500mcg,0408010F0AAABAB,1,1.5819999999999967
57,G82665,Clonazepam_Tab 500mcg,0408010F0AAABAB,1,1.5819999999999967
321,G82072,Pyridox HCl_Tab 50mg,0906024N0AAAIAI,1,1.4364000000000003
322,G82165,Pyridox HCl_Tab 50mg,0906024N0AAAIAI,1,1.4364000000000003
264,G82018,Amiodarone HCl_Tab 200mg,0203020D0AAABAB,2,1.4000000000000012
265,G82147,Amiodarone HCl_Tab 200mg,0203020D0AAABAB,2,1.4000000000000012
266,G82232,Amiodarone HCl_Tab 200mg,0203020D0AAABAB,4,1.4000000000000012
267,G82015,Amiodarone HCl_Tab 200mg,0203020D0AAABAB,2,1.4000000000000012
268,G82015,Amiodarone HCl_Tab 200mg,0203020D0AAABAB,4,1.4000000000000012
62,G82007,Clonazepam_Tab 500mcg,0408010F0AAABAB,2,1.3559999999999972
61,G82232,Clonazepam_Tab 500mcg,0408010F0AAABAB,1,1.3559999999999972
63,G82091,Clonazepam_Tab 500mcg,0408010F0AAABAB,1,1.3559999999999972
65,G82760,Clonazepam_Tab 500mcg,0408010F0AAABAB,2,1.3559999999999972
66,G82117,Clonazepam_Tab 500mcg,0408010F0AAABAB,2,1.3559999999999972
64,G82729,Clonazepam_Tab 500mcg,0408010F0AAABAB,4,1.3559999999999972
358,G82036,Topiramate_Cap 50mg,040801050AAAWAW,1,1.2839999999999985
359,G82729,Topiramate_Cap 50mg,040801050AAAWAW,1,1.2839999999999985
361,G82086,Topiramate_Cap 50mg,040801050AAAWAW,1,1.2839999999999985
363,G82002,Topiramate_Cap 50mg,040801050AAAWAW,1,1.2839999999999985
364,G82117,Topiramate_Cap 50mg,040801050AAAWAW,1,1.2839999999999985
360,G82760,Topiramate_Cap 50mg,040801050AAAWAW,1,1.2839999999999985
357,G82121,Topiramate_Cap 50mg,040801050AAAWAW,1,1.2839999999999985
362,G82072,Topiramate_Cap 50mg,040801050AAAWAW,1,1.2839999999999985
73,G82662,Clonazepam_Tab 500mcg,0408010F0AAABAB,1,1.2655999999999974
81,G82760,Clonazepam_Tab 500mcg,0408010F0AAABAB,4,1.2655999999999974
80,G82038,Clonazepam_Tab 500mcg,0408010F0AAABAB,2,1.2655999999999974
79,G82227,Clonazepam_Tab 500mcg,0408010F0AAABAB,2,1.2655999999999974
78,G82069,Clonazepam_Tab 500mcg,0408010F0AAABAB,1,1.2655999999999974
77,G82117,Clonazepam_Tab 500mcg,0408010F0AAABAB,2,1.2655999999999974
75,G82662,Clonazepam_Tab 500mcg,0408010F0AAABAB,2,1.2655999999999974
74,G82696,Clonazepam_Tab 500mcg,0408010F0AAABAB,1,1.2655999999999974
76,G82018,Clonazepam_Tab 500mcg,0408010F0AAABAB,1,1.2655999999999974
72,G82015,Clonazepam_Tab 500mcg,0408010F0AAABAB,1,1.2655999999999974
71,G82160,Clonazepam_Tab 500mcg,0408010F0AAABAB,1,1.2655999999999974
70,G82128,Clonazepam_Tab 500mcg,0408010F0AAABAB,1,1.2655999999999974
69,G82160,Clonazepam_Tab 500mcg,0408010F0AAABAB,2,1.2655999999999974
68,G82038,Clonazepam_Tab 500mcg,0408010F0AAABAB,1,1.2655999999999974
67,G82665,Clonazepam_Tab 500mcg,0408010F0AAABAB,1,1.2655999999999974
348,G82165,Topiramate_Tab 200mg,040801050AAACAC,1,1.2449999999999994
367,G82002,Topiramate_Cap 50mg,040801050AAAWAW,1,1.1983999999999986
366,G82696,Topiramate_Cap 50mg,040801050AAAWAW,1,1.1983999999999986
365,G82165,Topiramate_Cap 50mg,040801050AAAWAW,1,1.1983999999999986
368,G82121,Topiramate_Cap 50mg,040801050AAAWAW,1,1.1983999999999986
82,G82117,Clonazepam_Tab 500mcg,0408010F0AAABAB,5,1.1864999999999974
86,G82111,Clonazepam_Tab 500mcg,0408010F0AAABAB,1,1.1299999999999977
83,G82700,Clonazepam_Tab 500mcg,0408010F0AAABAB,1,1.1299999999999977
85,G82091,Clonazepam_Tab 500mcg,0408010F0AAABAB,1,1.1299999999999977
84,G82729,Clonazepam_Tab 500mcg,0408010F0AAABAB,1,1.1299999999999977
273,G82086,Amiodarone HCl_Tab 200mg,0203020D0AAABAB,3,1.050000000000001
272,G82117,Amiodarone HCl_Tab 200mg,0203020D0AAABAB,3,1.050000000000001
271,G82165,Amiodarone HCl_Tab 200mg,0203020D0AAABAB,3,1.050000000000001
270,G82007,Amiodarone HCl_Tab 200mg,0203020D0AAABAB,3,1.050000000000001
269,G82160,Amiodarone HCl_Tab 200mg,0203020D0AAABAB,3,1.050000000000001
89,G82684,Clonazepam_Tab 500mcg,0408010F0AAABAB,1,1.016999999999998
87,G82036,Clonazepam_Tab 500mcg,0408010F0AAABAB,1,1.016999999999998
88,G82652,Clonazepam_Tab 500mcg,0408010F0AAABAB,1,1.016999999999998
325,G82121,Pyridox HCl_Tab 50mg,0906024N0AAAIAI,1,0.9576000000000002
323,G82007,Pyridox HCl_Tab 50mg,0906024N0AAAIAI,1,0.9576000000000002
324,G82069,Pyridox HCl_Tab 50mg,0906024N0AAAIAI,1,0.9576000000000002
103,G82729,Clonazepam_Tab 500mcg,0408010F0AAABAB,3,0.949199999999998
101,G82665,Clonazepam_Tab 500mcg,0408010F0AAABAB,3,0.949199999999998
102,G82007,Clonazepam_Tab 500mcg,0408010F0AAABAB,1,0.949199999999998
90,G82684,Clonazepam_Tab 500mcg,0408010F0AAABAB,1,0.949199999999998
95,G82036,Clonazepam_Tab 500mcg,0408010F0AAABAB,3,0.949199999999998
100,G82211,Clonazepam_Tab 500mcg,0408010F0AAABAB,2,0.949199999999998
99,G82117,Clonazepam_Tab 500mcg,0408010F0AAABAB,3,0.949199999999998
98,G82018,Clonazepam_Tab 500mcg,0408010F0AAABAB,1,0.949199999999998
91,G82086,Clonazepam_Tab 500mcg,0408010F0AAABAB,1,0.949199999999998
96,G82160,Clonazepam_Tab 500mcg,0408010F0AAABAB,1,0.949199999999998
97,G82128,Clonazepam_Tab 500mcg,0408010F0AAABAB,3,0.949199999999998
94,G82091,Clonazepam_Tab 500mcg,0408010F0AAABAB,1,0.949199999999998
93,G82227,Clonazepam_Tab 500mcg,0408010F0AAABAB,1,0.949199999999998
92,G82015,Clonazepam_Tab 500mcg,0408010F0AAABAB,1,0.949199999999998
274,G82069,Amiodarone HCl_Tab 200mg,0203020D0AAABAB,11,0.9317
104,G82086,Clonazepam_Tab 500mcg,0408010F0AAABAB,4,0.8879999999999999
349,G82091,Topiramate_Tab 200mg,040801050AAACAC,3,0.8652000000000003
105,G82665,Clonazepam_Tab 500mcg,0408010F0AAABAB,1,0.7909999999999984
282,G82128,Amiodarone HCl_Tab 200mg,0203020D0AAABAB,1,0.7000000000000006
275,G82007,Amiodarone HCl_Tab 200mg,0203020D0AAABAB,1,0.7000000000000006
276,G82038,Amiodarone HCl_Tab 200mg,0203020D0AAABAB,1,0.7000000000000006
277,G82128,Amiodarone HCl_Tab 200mg,0203020D0AAABAB,2,0.7000000000000006
278,G82217,Amiodarone HCl_Tab 200mg,0203020D0AAABAB,1,0.7000000000000006
279,G82665,Amiodarone HCl_Tab 200mg,0203020D0AAABAB,1,0.7000000000000006
280,G82002,Amiodarone HCl_Tab 200mg,0203020D0AAABAB,1,0.7000000000000006
281,G82072,Amiodarone HCl_Tab 200mg,0203020D0AAABAB,2,0.7000000000000006
286,G82002,Amiodarone HCl_Tab 200mg,0203020D0AAABAB,2,0.7000000000000006
283,G82729,Amiodarone HCl_Tab 200mg,0203020D0AAABAB,1,0.7000000000000006
285,G82117,Amiodarone HCl_Tab 200mg,0203020D0AAABAB,1,0.7000000000000006
284,G82121,Amiodarone HCl_Tab 200mg,0203020D0AAABAB,1,0.7000000000000006
287,G82069,Amiodarone HCl_Tab 200mg,0203020D0AAABAB,2,0.7000000000000006
288,G82729,Amiodarone HCl_Tab 200mg,0203020D0AAABAB,2,0.7000000000000006
289,G82091,Amiodarone HCl_Tab 200mg,0203020D0AAABAB,1,0.7000000000000006
290,G82696,Amiodarone HCl_Tab 200mg,0203020D0AAABAB,1,0.7000000000000006
109,G82211,Clonazepam_Tab 500mcg,0408010F0AAABAB,1,0.6779999999999986
106,G82652,Clonazepam_Tab 500mcg,0408010F0AAABAB,1,0.6779999999999986
107,G82121,Clonazepam_Tab 500mcg,0408010F0AAABAB,1,0.6779999999999986
108,G82165,Clonazepam_Tab 500mcg,0408010F0AAABAB,1,0.6779999999999986
110,G82086,Clonazepam_Tab 500mcg,0408010F0AAABAB,2,0.6779999999999986
111,G82002,Clonazepam_Tab 500mcg,0408010F0AAABAB,1,0.6779999999999986
112,G82036,Clonazepam_Tab 500mcg,0408010F0AAABAB,1,0.6779999999999986
124,G82684,Clonazepam_Tab 500mcg,0408010F0AAABAB,1,0.6327999999999987
114,G82091,Clonazepam_Tab 500mcg,0408010F0AAABAB,2,0.6327999999999987
115,G82665,Clonazepam_Tab 500mcg,0408010F0AAABAB,1,0.6327999999999987
116,G82036,Clonazepam_Tab 500mcg,0408010F0AAABAB,4,0.6327999999999987
117,G82165,Clonazepam_Tab 500mcg,0408010F0AAABAB,1,0.6327999999999987
118,G82211,Clonazepam_Tab 500mcg,0408010F0AAABAB,2,0.6327999999999987
119,G82760,Clonazepam_Tab 500mcg,0408010F0AAABAB,1,0.6327999999999987
120,G82147,Clonazepam_Tab 500mcg,0408010F0AAABAB,1,0.6327999999999987
121,G82696,Clonazepam_Tab 500mcg,0408010F0AAABAB,1,0.6327999999999987
122,G82038,Clonazepam_Tab 500mcg,0408010F0AAABAB,2,0.6327999999999987
123,G82002,Clonazepam_Tab 500mcg,0408010F0AAABAB,2,0.6327999999999987
113,G82217,Clonazepam_Tab 500mcg,0408010F0AAABAB,1,0.6327999999999987
369,G82072,Topiramate_Cap 50mg,040801050AAAWAW,1,0.5963999999999996
125,G82015,Clonazepam_Tab 500mcg,0408010F0AAABAB,1,0.5699999999999983
326,G82684,Pyridox HCl_Tab 50mg,0906024N0AAAIAI,1,0.5130000000000001
328,G82160,Pyridox HCl_Tab 50mg,0906024N0AAAIAI,1,0.4788000000000001
334,G82018,Pyridox HCl_Tab 50mg,0906024N0AAAIAI,1,0.4788000000000001
332,G82086,Pyridox HCl_Tab 50mg,0906024N0AAAIAI,1,0.4788000000000001
331,G82002,Pyridox HCl_Tab 50mg,0906024N0AAAIAI,1,0.4788000000000001
330,G82227,Pyridox HCl_Tab 50mg,0906024N0AAAIAI,1,0.4788000000000001
329,G82211,Pyridox HCl_Tab 50mg,0906024N0AAAIAI,1,0.4788000000000001
327,G82036,Pyridox HCl_Tab 50mg,0906024N0AAAIAI,1,0.4788000000000001
333,G82111,Pyridox HCl_Tab 50mg,0906024N0AAAIAI,1,0.4788000000000001
131,G82232,Clonazepam_Tab 500mcg,0408010F0AAABAB,1,0.474599999999999
130,G82165,Clonazepam_Tab 500mcg,0408010F0AAABAB,1,0.474599999999999
129,G82760,Clonazepam_Tab 500mcg,0408010F0AAABAB,3,0.474599999999999
128,G82665,Clonazepam_Tab 500mcg,0408010F0AAABAB,1,0.474599999999999
127,G82038,Clonazepam_Tab 500mcg,0408010F0AAABAB,1,0.474599999999999
126,G82232,Clonazepam_Tab 500mcg,0408010F0AAABAB,3,0.474599999999999
132,G82086,Clonazepam_Tab 500mcg,0408010F0AAABAB,1,0.45199999999999907
291,G82684,Amiodarone HCl_Tab 200mg,0203020D0AAABAB,1,0.4340000000000008
292,G82232,Amiodarone HCl_Tab 200mg,0203020D0AAABAB,8,0.42240000000000055
294,G82002,Amiodarone HCl_Tab 200mg,0203020D0AAABAB,1,0.37200000000000066
295,G82684,Amiodarone HCl_Tab 200mg,0203020D0AAABAB,1,0.37200000000000066
293,G82729,Amiodarone HCl_Tab 200mg,0203020D0AAABAB,1,0.37200000000000066
300,G82147,Amiodarone HCl_Tab 200mg,0203020D0AAABAB,1,0.3500000000000003
299,G82700,Amiodarone HCl_Tab 200mg,0203020D0AAABAB,1,0.3500000000000003
298,G82662,Amiodarone HCl_Tab 200mg,0203020D0AAABAB,1,0.3500000000000003
297,G82038,Amiodarone HCl_Tab 200mg,0203020D0AAABAB,1,0.3500000000000003
296,G82665,Amiodarone HCl_Tab 200mg,0203020D0AAABAB,1,0.3500000000000003
301,G82091,Amiodarone HCl_Tab 200mg,0203020D0AAABAB,1,0.3500000000000003
134,G82117,Clonazepam_Tab 500mcg,0408010F0AAABAB,1,0.3389999999999993
133,G82038,Clonazepam_Tab 500mcg,0408010F0AAABAB,1,0.3389999999999993
136,G82007,Clonazepam_Tab 500mcg,0408010F0AAABAB,1,0.3389999999999993
135,G82160,Clonazepam_Tab 500mcg,0408010F0AAABAB,1,0.3389999999999993
137,G82128,Clonazepam_Tab 500mcg,0408010F0AAABAB,1,0.3389999999999993
138,G82036,Clonazepam_Tab 500mcg,0408010F0AAABAB,1,0.3389999999999993
302,G82117,Amiodarone HCl_Tab 200mg,0203020D0AAABAB,4,0.3388
146,G82007,Clonazepam_Tab 500mcg,0408010F0AAABAB,4,0.31639999999999935
145,G82227,Clonazepam_Tab 500mcg,0408010F0AAABAB,4,0.31639999999999935
139,G82086,Clonazepam_Tab 500mcg,0408010F0AAABAB,1,0.31639999999999935
142,G82700,Clonazepam_Tab 500mcg,0408010F0AAABAB,1,0.31639999999999935
144,G82069,Clonazepam_Tab 500mcg,0408010F0AAABAB,1,0.31639999999999935
140,G82018,Clonazepam_Tab 500mcg,0408010F0AAABAB,1,0.31639999999999935
143,G82227,Clonazepam_Tab 500mcg,0408010F0AAABAB,1,0.31639999999999935
141,G82662,Clonazepam_Tab 500mcg,0408010F0AAABAB,1,0.31639999999999935
303,G82121,Amiodarone HCl_Tab 200mg,0203020D0AAABAB,1,0.25400000000000034
304,G82091,Amiodarone HCl_Tab 200mg,0203020D0AAABAB,1,0.17920000000000008
150,G82072,Clonazepam_Tab 500mcg,0408010F0AAABAB,1,0.15819999999999967
151,G82128,Clonazepam_Tab 500mcg,0408010F0AAABAB,1,0.15819999999999967
147,G82652,Clonazepam_Tab 500mcg,0408010F0AAABAB,1,0.15819999999999967
148,G82018,Clonazepam_Tab 500mcg,0408010F0AAABAB,1,0.15819999999999967
149,G82038,Clonazepam_Tab 500mcg,0408010F0AAABAB,1,0.15819999999999967
154,G82015,Clonazepam_Tab 500mcg,0408010F0AAABAB,1,0.15819999999999967
152,G82086,Clonazepam_Tab 500mcg,0408010F0AAABAB,1,0.15819999999999967
153,G82662,Clonazepam_Tab 500mcg,0408010F0AAABAB,1,0.15819999999999967
155,G82117,Clonazepam_Tab 500mcg,0408010F0AAABAB,3,0.1106999999999998
306,G82018,Amiodarone HCl_Tab 200mg,0203020D0AAABAB,1,0.0847
305,G82211,Amiodarone HCl_Tab 200mg,0203020D0AAABAB,1,0.0847
169,G82121,Zopiclone_Tab 7.5mg,0401010Z0AAAAAA,19,0.07979999999999951
156,G82232,Clonazepam_Tab 500mcg,0408010F0AAABAB,1,0.07909999999999984
170,G82160,Zopiclone_Tab 7.5mg,0401010Z0AAAAAA,18,0.07559999999999954
171,G82038,Zopiclone_Tab 7.5mg,0401010Z0AAAAAA,15,0.06299999999999961
172,G82232,Zopiclone_Tab 7.5mg,0401010Z0AAAAAA,13,0.05459999999999967
173,G82007,Zopiclone_Tab 7.5mg,0401010Z0AAAAAA,13,0.05459999999999967
335,G82160,Pyridox HCl_Tab 50mg,0906024N0AAAIAI,1,0.054300000000000015
174,G82002,Zopiclone_Tab 7.5mg,0401010Z0AAAAAA,12,0.050399999999999695
176,G82128,Zopiclone_Tab 7.5mg,0401010Z0AAAAAA,10,0.041999999999999746
175,G82091,Zopiclone_Tab 7.5mg,0401010Z0AAAAAA,20,0.041999999999999746
179,G82117,Zopiclone_Tab 7.5mg,0401010Z0AAAAAA,9,0.03779999999999977
178,G82015,Zopiclone_Tab 7.5mg,0401010Z0AAAAAA,9,0.03779999999999977
177,G82232,Zopiclone_Tab 7.5mg,0401010Z0AAAAAA,18,0.03779999999999977
180,G82760,Zopiclone_Tab 7.5mg,0401010Z0AAAAAA,8,0.0335999999999998
182,G82036,Zopiclone_Tab 7.5mg,0401010Z0AAAAAA,6,0.025199999999999848
181,G82018,Zopiclone_Tab 7.5mg,0401010Z0AAAAAA,6,0.025199999999999848
183,G82117,Zopiclone_Tab 7.5mg,0401010Z0AAAAAA,11,0.02309999999999986
185,G82696,Zopiclone_Tab 7.5mg,0401010Z0AAAAAA,5,0.020999999999999873
184,G82729,Zopiclone_Tab 7.5mg,0401010Z0AAAAAA,5,0.020999999999999873
186,G82111,Zopiclone_Tab 7.5mg,0401010Z0AAAAAA,5,0.020999999999999873
187,G82069,Zopiclone_Tab 7.5mg,0401010Z0AAAAAA,9,0.018899999999999886
188,G82015,Zopiclone_Tab 7.5mg,0401010Z0AAAAAA,8,0.0167999999999999
189,G82147,Zopiclone_Tab 7.5mg,0401010Z0AAAAAA,4,0.0167999999999999
190,G82665,Zopiclone_Tab 7.5mg,0401010Z0AAAAAA,4,0.0167999999999999
159,G82117,Losartan Pot_Tab 25mg,0205052N0AAAAAA,7,0.014700000000000081
191,G82007,Zopiclone_Tab 7.5mg,0401010Z0AAAAAA,7,0.014699999999999911
192,G82211,Zopiclone_Tab 7.5mg,0401010Z0AAAAAA,7,0.014699999999999911
194,G82217,Zopiclone_Tab 7.5mg,0401010Z0AAAAAA,3,0.012599999999999924
193,G82128,Zopiclone_Tab 7.5mg,0401010Z0AAAAAA,6,0.012599999999999924
2,G82121,Aripiprazole_Tab 5mg,0402010ADAAADAD,3,0.012599999999999778
195,G82018,Zopiclone_Tab 7.5mg,0401010Z0AAAAAA,5,0.010499999999999936
196,G82729,Zopiclone_Tab 7.5mg,0401010Z0AAAAAA,5,0.010499999999999936
197,G82696,Zopiclone_Tab 7.5mg,0401010Z0AAAAAA,5,0.010499999999999936
198,G82760,Zopiclone_Tab 7.5mg,0401010Z0AAAAAA,5,0.010499999999999936
199,G82086,Zopiclone_Tab 7.5mg,0401010Z0AAAAAA,2,0.009000000000000015
204,G82069,Zopiclone_Tab 7.5mg,0401010Z0AAAAAA,2,0.00839999999999995
206,G82160,Zopiclone_Tab 7.5mg,0401010Z0AAAAAA,2,0.00839999999999995
205,G82091,Zopiclone_Tab 7.5mg,0401010Z0AAAAAA,2,0.00839999999999995
201,G82121,Zopiclone_Tab 7.5mg,0401010Z0AAAAAA,4,0.00839999999999995
203,G82160,Zopiclone_Tab 7.5mg,0401010Z0AAAAAA,4,0.00839999999999995
202,G82165,Zopiclone_Tab 7.5mg,0401010Z0AAAAAA,2,0.00839999999999995
200,G82111,Zopiclone_Tab 7.5mg,0401010Z0AAAAAA,4,0.00839999999999995
3,G82232,Aripiprazole_Tab 5mg,0402010ADAAADAD,2,0.008399999999999852
207,G82165,Zopiclone_Tab 7.5mg,0401010Z0AAAAAA,3,0.006299999999999962
208,G82662,Zopiclone_Tab 7.5mg,0401010Z0AAAAAA,3,0.006299999999999962
209,G82072,Zopiclone_Tab 7.5mg,0401010Z0AAAAAA,1,0.004800000000000054
210,G82007,Zopiclone_Tab 7.5mg,0401010Z0AAAAAA,1,0.0045000000000000075
211,Y05924,Zopiclone_Tab 7.5mg,0401010Z0AAAAAA,1,0.0045000000000000075
219,G82072,Zopiclone_Tab 7.5mg,0401010Z0AAAAAA,1,0.004199999999999975
215,G82227,Zopiclone_Tab 7.5mg,0401010Z0AAAAAA,1,0.004199999999999975
220,G82007,Zopiclone_Tab 7.5mg,0401010Z0AAAAAA,1,0.004199999999999975
216,G82684,Zopiclone_Tab 7.5mg,0401010Z0AAAAAA,2,0.004199999999999975
217,G82232,Zopiclone_Tab 7.5mg,0401010Z0AAAAAA,1,0.004199999999999975
214,G82684,Zopiclone_Tab 7.5mg,0401010Z0AAAAAA,1,0.004199999999999975
218,G82211,Zopiclone_Tab 7.5mg,0401010Z0AAAAAA,1,0.004199999999999975
213,G82662,Zopiclone_Tab 7.5mg,0401010Z0AAAAAA,1,0.004199999999999975
212,G82665,Zopiclone_Tab 7.5mg,0401010Z0AAAAAA,2,0.004199999999999975
4,G82007,Aripiprazole_Tab 5mg,0402010ADAAADAD,1,0.004199999999999926
5,G82760,Aripiprazole_Tab 5mg,0402010ADAAADAD,1,0.0041999999999995374
221,G82652,Zopiclone_Tab 7.5mg,0401010Z0AAAAAA,1,0.003599999999999999
222,G82121,Zopiclone_Tab 7.5mg,0401010Z0AAAAAA,1,0.003599999999999999
223,G82111,Zopiclone_Tab 7.5mg,0401010Z0AAAAAA,1,0.003000000000000034
224,G82121,Zopiclone_Tab 7.5mg,0401010Z0AAAAAA,1,0.003000000000000034
225,G82036,Zopiclone_Tab 7.5mg,0401010Z0AAAAAA,1,0.0020999999999999873
226,G82232,Zopiclone_Tab 7.5mg,0401010Z0AAAAAA,1,0.001600000000000018
227,G82117,Zopiclone_Tab 7.5mg,0401010Z0AAAAAA,1,-0.000999999999999994
228,G82018,Zopiclone_Tab 7.5mg,0401010Z0AAAAAA,1,-0.000999999999999994
229,G82038,Zopiclone_Tab 7.5mg,0401010Z0AAAAAA,1,-0.000999999999999994
230,G82227,Zopiclone_Tab 7.5mg,0401010Z0AAAAAA,1,-0.000999999999999994
231,G82069,Zopiclone_Tab 7.5mg,0401010Z0AAAAAA,1,-0.000999999999999994
232,G82211,Zopiclone_Tab 7.5mg,0401010Z0AAAAAA,1,-0.0011000000000000003
235,G82211,Zopiclone_Tab 7.5mg,0401010Z0AAAAAA,2,-0.001999999999999988
234,G82121,Zopiclone_Tab 7.5mg,0401010Z0AAAAAA,2,-0.001999999999999988
233,G82086,Zopiclone_Tab 7.5mg,0401010Z0AAAAAA,1,-0.001999999999999988
236,G82232,Zopiclone_Tab 7.5mg,0401010Z0AAAAAA,2,-0.001999999999999988
237,G82760,Zopiclone_Tab 7.5mg,0401010Z0AAAAAA,1,-0.001999999999999988
238,G82117,Zopiclone_Tab 7.5mg,0401010Z0AAAAAA,1,-0.0020999999999999873
239,G82121,Zopiclone_Tab 7.5mg,0401010Z0AAAAAA,1,-0.0020999999999999873
240,G82160,Zopiclone_Tab 7.5mg,0401010Z0AAAAAA,2,-0.0022000000000000006
241,G82036,Zopiclone_Tab 7.5mg,0401010Z0AAAAAA,3,-0.002999999999999982
242,G82160,Zopiclone_Tab 7.5mg,0401010Z0AAAAAA,1,-0.002999999999999982
243,G82002,Zopiclone_Tab 7.5mg,0401010Z0AAAAAA,1,-0.002999999999999982
244,Y05924,Zopiclone_Tab 7.5mg,0401010Z0AAAAAA,1,-0.003300000000000001
245,G82086,Zopiclone_Tab 7.5mg,0401010Z0AAAAAA,1,-0.0035999999999999782
160,G82007,Losartan Pot_Tab 25mg,0205052N0AAAAAA,1,-0.003999999999999976
246,G82015,Zopiclone_Tab 7.5mg,0401010Z0AAAAAA,2,-0.004199999999999975
247,G82121,Zopiclone_Tab 7.5mg,0401010Z0AAAAAA,1,-0.004400000000000001
248,G82128,Zopiclone_Tab 7.5mg,0401010Z0AAAAAA,1,-0.004400000000000001
162,G82018,Modafinil_Tab 200mg,0404000R0AAACAC,1,-0.005599999999999383
249,G82036,Zopiclone_Tab 7.5mg,0401010Z0AAAAAA,3,-0.006600000000000002
250,G82069,Zopiclone_Tab 7.5mg,0401010Z0AAAAAA,2,-0.006600000000000002
252,G82086,Zopiclone_Tab 7.5mg,0401010Z0AAAAAA,2,-0.008800000000000002
251,G82760,Zopiclone_Tab 7.5mg,0401010Z0AAAAAA,2,-0.008800000000000002
253,G82036,Zopiclone_Tab 7.5mg,0401010Z0AAAAAA,3,-0.008999999999999946
7,G82160,Aripiprazole_Tab 5mg,0402010ADAAADAD,4,-0.01120000000000032
6,G82665,Aripiprazole_Tab 5mg,0402010ADAAADAD,4,-0.01120000000000032
254,G82038,Zopiclone_Tab 7.5mg,0401010Z0AAAAAA,30,-0.03300000000000001
