,practice_code,bnf_description,bnf_code,items,excess_cost
0,M84002,Citalopram Hydrob_Tab 20mg,0403030D0AAAAAA,2,0.011200000000000127
1,M84002,Clonazepam_Tab 500mcg,0408010F0AAABAB,2,1.2655999999999974
2,M84002,Lamotrigine_Tab 100mg,0408010H0AAAAAA,5,0.0
3,M84002,Simvastatin_Tab 40mg,0212000Y0AAADAD,1,0.0020999999999999873
4,M84002,Sumatriptan_Tab 50mg,0407041T0AAAFAF,13,0.0
5,M84009,Amiodarone HCl_Tab 200mg,0203020D0AAABAB,1,0.3500000000000003
6,M84009,Citalopram Hydrob_Tab 20mg,0403030D0AAAAAA,11,0.030800000000000348
7,M84009,Clonazepam_Tab 500mcg,0408010F0AAABAB,3,2.4181999999999952
8,M84009,Lamotrigine_Tab 100mg,0408010H0AAAAAA,3,0.011199999999998766
9,M84009,Simvastatin_Tab 40mg,0212000Y0AAADAD,31,0.0650999999999996
10,M84009,Sumatriptan_Tab 50mg,0407041T0AAAFAF,4,0.0
11,M84010,Amiodarone HCl_Tab 200mg,0203020D0AAABAB,5,2.450000000000002
12,M84010,Citalopram Hydrob_Tab 20mg,0403030D0AAAAAA,11,0.044800000000000215
13,M84010,Clonazepam_Tab 500mcg,0408010F0AAABAB,3,2.892799999999994
14,M84010,Lamotrigine_Tab 100mg,0408010H0AAAAAA,9,0.01679999999999815
15,M84010,Losartan Pot_Tab 25mg,0205052N0AAAAAA,29,0.4872000000000027
16,M84010,Risperidone_Tab 6mg,040201030AAAFAF,1,29.2096
17,M84010,Simvastatin_Tab 40mg,0212000Y0AAADAD,4,0.00839999999999995
18,M84010,Sumatriptan_Tab 50mg,0407041T0AAAFAF,7,0.0
19,M84013,Amiodarone HCl_Tab 200mg,0203020D0AAABAB,1,0.3500000000000003
20,M84013,Clonazepam_Tab 500mcg,0408010F0AAABAB,5,2.531199999999995
21,M84013,Lamotrigine_Tab 100mg,0408010H0AAAAAA,4,0.0
22,M84013,Simvastatin_Tab 40mg,0212000Y0AAADAD,1,0.0045000000000000075
23,M84013,Sumatriptan_Tab 50mg,0407041T0AAAFAF,19,0.0
24,M84014,Amiodarone HCl_Tab 200mg,0203020D0AAABAB,3,1.050000000000001
25,M84014,Citalopram Hydrob_Tab 20mg,0403030D0AAAAAA,2,0.0088000000000001
26,M84014,Clonazepam_Tab 500mcg,0408010F0AAABAB,7,2.9429999999999934
27,M84014,Lamotrigine_Tab 100mg,0408010H0AAAAAA,8,0.01959999999999784
28,M84014,Losartan Pot_Tab 25mg,0205052N0AAAAAA,1,0.0021000000000000116
29,M84014,Simvastatin_Tab 40mg,0212000Y0AAADAD,4,0.00839999999999995
30,M84014,Sumatriptan_Tab 50mg,0407041T0AAAFAF,23,0.0
31,M84015,Amiodarone HCl_Tab 200mg,0203020D0AAABAB,8,3.1500000000000026
32,M84015,Citalopram Hydrob_Tab 20mg,0403030D0AAAAAA,8,0.030800000000000348
33,M84015,Clonazepam_Tab 500mcg,0408010F0AAABAB,18,9.674599999999979
34,M84015,Lamotrigine_Tab 100mg,0408010H0AAAAAA,21,0.0335999999999963
35,M84015,Losartan Pot_Tab 25mg,0205052N0AAAAAA,1,0.004200000000000023
36,M84015,Simvastatin_Tab 40mg,0212000Y0AAADAD,11,0.031499999999999806
37,M84015,Sumatriptan_Tab 50mg,0407041T0AAAFAF,12,0.0
38,M84017,Amiodarone HCl_Tab 200mg,0203020D0AAABAB,4,1.4000000000000012
39,M84017,Citalopram Hydrob_Tab 20mg,0403030D0AAAAAA,5,0.014000000000000158
40,M84017,Clonazepam_Tab 500mcg,0408010F0AAABAB,9,9.98919999999998
41,M84017,Lamotrigine_Tab 100mg,0408010H0AAAAAA,13,0.008399999999999075
42,M84017,Risperidone_Tab 6mg,040201030AAAFAF,1,29.2096
43,M84017,Sumatriptan_Tab 50mg,0407041T0AAAFAF,15,0.0031999999999996476
44,M84018,Amiodarone HCl_Tab 200mg,0203020D0AAABAB,15,3.127600000000002
45,M84018,Citalopram Hydrob_Tab 20mg,0403030D0AAAAAA,50,0.15120000000000172
46,M84018,Clonazepam_Tab 500mcg,0408010F0AAABAB,11,3.087999999999994
47,M84018,Lamotrigine_Tab 100mg,0408010H0AAAAAA,9,0.0021999999999947617
48,M84018,Losartan Pot_Tab 25mg,0205052N0AAAAAA,4,0.008400000000000046
49,M84018,Olmesartan Medoxomil_Tab 10mg,0205052B0AAAAAA,4,0.011199999999999932
50,M84018,Simvastatin_Tab 40mg,0212000Y0AAADAD,101,0.2120999999999987
51,M84018,Sumatriptan_Tab 50mg,0407041T0AAAFAF,24,0.0
52,M84021,Amiodarone HCl_Tab 200mg,0203020D0AAABAB,15,3.3929000000000027
53,M84021,Citalopram Hydrob_Tab 20mg,0403030D0AAAAAA,14,0.03920000000000044
54,M84021,Clonazepam_Tab 500mcg,0408010F0AAABAB,7,2.531199999999995
55,M84021,Lamotrigine_Tab 100mg,0408010H0AAAAAA,15,0.01959999999999784
56,M84021,Losartan Pot_Tab 25mg,0205052N0AAAAAA,4,0.008400000000000046
57,M84021,Olmesartan Medoxomil_Tab 10mg,0205052B0AAAAAA,1,0.003000000000000086
58,M84021,Simvastatin_Tab 40mg,0212000Y0AAADAD,20,0.041999999999999746
59,M84021,Sumatriptan_Tab 50mg,0407041T0AAAFAF,44,0.0031999999999996476
60,M84024,Amiodarone HCl_Tab 200mg,0203020D0AAABAB,6,1.1235000000000006
61,M84024,Citalopram Hydrob_Tab 20mg,0403030D0AAAAAA,9,0.023200000000000262
62,M84024,Clonazepam_Tab 500mcg,0408010F0AAABAB,2,0.31639999999999935
63,M84024,Lamotrigine_Tab 100mg,0408010H0AAAAAA,7,0.013999999999998458
64,M84024,Losartan Pot_Tab 25mg,0205052N0AAAAAA,6,0.01260000000000007
65,M84024,Olmesartan Medoxomil_Tab 10mg,0205052B0AAAAAA,4,0.011199999999999932
66,M84024,Simvastatin_Tab 40mg,0212000Y0AAADAD,37,0.07769999999999953
67,M84024,Sumatriptan_Tab 50mg,0407041T0AAAFAF,7,0.0
68,M84025,Amiodarone HCl_Tab 200mg,0203020D0AAABAB,16,3.4776000000000025
69,M84025,Citalopram Hydrob_Tab 20mg,0403030D0AAAAAA,40,0.11640000000000117
70,M84025,Clonazepam_Tab 500mcg,0408010F0AAABAB,31,10.513499999999976
71,M84025,Lamotrigine_Tab 100mg,0408010H0AAAAAA,9,-0.016800000000007476
72,M84025,Losartan Pot_Tab 25mg,0205052N0AAAAAA,17,0.0357000000000002
73,M84025,Simvastatin_Tab 40mg,0212000Y0AAADAD,91,0.20369999999999877
74,M84025,Sumatriptan_Tab 50mg,0407041T0AAAFAF,32,-0.0056000000000009376
75,M84026,Amiodarone HCl_Tab 200mg,0203020D0AAABAB,4,1.229200000000001
76,M84026,Citalopram Hydrob_Tab 20mg,0403030D0AAAAAA,1,0.0028000000000000316
77,M84026,Clonazepam_Tab 500mcg,0408010F0AAABAB,9,4.83639999999999
78,M84026,Lamotrigine_Tab 100mg,0408010H0AAAAAA,15,0.017499999999996907
79,M84026,Losartan Pot_Tab 25mg,0205052N0AAAAAA,8,0.033600000000000185
80,M84026,Simvastatin_Tab 40mg,0212000Y0AAADAD,3,0.006299999999999962
81,M84026,Sumatriptan_Tab 50mg,0407041T0AAAFAF,11,0.0
82,M84028,Amiodarone HCl_Tab 200mg,0203020D0AAABAB,25,7.592900000000006
83,M84028,Citalopram Hydrob_Tab 20mg,0403030D0AAAAAA,13,0.04830000000000051
84,M84028,Clonazepam_Tab 500mcg,0408010F0AAABAB,19,8.206199999999983
85,M84028,Lamotrigine_Tab 100mg,0408010H0AAAAAA,12,0.027999999999996916
86,M84028,Simvastatin_Tab 40mg,0212000Y0AAADAD,20,0.041999999999999746
87,M84028,Sumatriptan_Tab 50mg,0407041T0AAAFAF,38,-0.0027999999999996916
88,M84029,Amiodarone HCl_Tab 200mg,0203020D0AAABAB,4,1.7500000000000016
89,M84029,Citalopram Hydrob_Tab 20mg,0403030D0AAAAAA,1,-0.0019999999999999185
90,M84029,Clonazepam_Tab 500mcg,0408010F0AAABAB,16,8.859199999999982
91,M84029,Lamotrigine_Tab 100mg,0408010H0AAAAAA,10,0.008399999999999075
92,M84029,Sumatriptan_Tab 50mg,0407041T0AAAFAF,10,0.0031999999999996476
93,M84030,Amiodarone HCl_Tab 200mg,0203020D0AAABAB,5,1.7500000000000016
94,M84030,Citalopram Hydrob_Tab 20mg,0403030D0AAAAAA,8,0.022400000000000253
95,M84030,Clonazepam_Tab 500mcg,0408010F0AAABAB,25,9.627599999999982
96,M84030,Lamotrigine_Tab 100mg,0408010H0AAAAAA,8,0.011199999999998766
97,M84030,Losartan Pot_Tab 25mg,0205052N0AAAAAA,15,0.033600000000000185
98,M84030,Simvastatin_Tab 40mg,0212000Y0AAADAD,13,0.02309999999999986
99,M84030,Sumatriptan_Tab 50mg,0407041T0AAAFAF,19,0.0
100,M84032,Amiodarone HCl_Tab 200mg,0203020D0AAABAB,6,1.7388000000000012
101,M84032,Citalopram Hydrob_Tab 20mg,0403030D0AAAAAA,32,0.09520000000000094
102,M84032,Clonazepam_Tab 500mcg,0408010F0AAABAB,12,3.480399999999993
103,M84032,Lamotrigine_Tab 100mg,0408010H0AAAAAA,11,0.022399999999997533
104,M84032,Losartan Pot_Tab 25mg,0205052N0AAAAAA,4,0.008400000000000046
105,M84032,Simvastatin_Tab 40mg,0212000Y0AAADAD,68,0.15959999999999902
106,M84032,Sumatriptan_Tab 50mg,0407041T0AAAFAF,7,0.0
107,M84036,Amiodarone HCl_Tab 200mg,0203020D0AAABAB,31,7.135800000000005
108,M84036,Citalopram Hydrob_Tab 20mg,0403030D0AAAAAA,23,0.06020000000000075
109,M84036,Clonazepam_Tab 500mcg,0408010F0AAABAB,33,13.074099999999973
110,M84036,Lamotrigine_Tab 100mg,0408010H0AAAAAA,9,0.0
111,M84036,Losartan Pot_Tab 25mg,0205052N0AAAAAA,8,0.02520000000000014
112,M84036,Olmesartan Medoxomil_Tab 10mg,0205052B0AAAAAA,5,0.013999999999999915
113,M84036,Simvastatin_Tab 40mg,0212000Y0AAADAD,57,0.11969999999999928
114,M84036,Sumatriptan_Tab 50mg,0407041T0AAAFAF,24,0.0
115,M84040,Amiodarone HCl_Tab 200mg,0203020D0AAABAB,8,3.1500000000000026
116,M84040,Citalopram Hydrob_Tab 20mg,0403030D0AAAAAA,3,0.008400000000000095
117,M84040,Clonazepam_Tab 500mcg,0408010F0AAABAB,4,2.847599999999994
118,M84040,Lamotrigine_Tab 100mg,0408010H0AAAAAA,6,0.008399999999999075
119,M84040,Simvastatin_Tab 40mg,0212000Y0AAADAD,8,0.0167999999999999
120,M84040,Sumatriptan_Tab 50mg,0407041T0AAAFAF,13,0.0
121,M84043,Amiodarone HCl_Tab 200mg,0203020D0AAABAB,14,4.900000000000004
122,M84043,Citalopram Hydrob_Tab 20mg,0403030D0AAAAAA,29,0.08120000000000091
123,M84043,Clonazepam_Tab 500mcg,0408010F0AAABAB,9,2.885999999999994
124,M84043,Lamotrigine_Tab 100mg,0408010H0AAAAAA,44,0.1351999999999951
125,M84043,Losartan Pot_Tab 25mg,0205052N0AAAAAA,17,0.02550000000000021
126,M84043,Simvastatin_Tab 40mg,0212000Y0AAADAD,75,0.1604999999999991
127,M84043,Sumatriptan_Tab 50mg,0407041T0AAAFAF,22,0.0
128,M84044,Amiodarone HCl_Tab 200mg,0203020D0AAABAB,6,2.100000000000002
129,M84044,Citalopram Hydrob_Tab 20mg,0403030D0AAAAAA,6,0.022400000000000253
130,M84044,Clonazepam_Tab 500mcg,0408010F0AAABAB,6,2.151999999999995
131,M84044,Lamotrigine_Tab 100mg,0408010H0AAAAAA,7,0.005599999999999383
132,M84044,Losartan Pot_Tab 25mg,0205052N0AAAAAA,1,0.0021000000000000116
133,M84044,Simvastatin_Tab 40mg,0212000Y0AAADAD,24,0.050399999999999695
134,M84044,Sumatriptan_Tab 50mg,0407041T0AAAFAF,14,0.0
135,M84047,Amiodarone HCl_Tab 200mg,0203020D0AAABAB,3,1.050000000000001
136,M84047,Citalopram Hydrob_Tab 20mg,0403030D0AAAAAA,22,0.061600000000000696
137,M84047,Lamotrigine_Tab 100mg,0408010H0AAAAAA,3,0.0
138,M84047,Losartan Pot_Tab 25mg,0205052N0AAAAAA,8,1.942890293094024e-16
139,M84047,Simvastatin_Tab 40mg,0212000Y0AAADAD,15,0.031499999999999806
140,M84047,Sumatriptan_Tab 50mg,0407041T0AAAFAF,10,0.0
141,M84049,Amiodarone HCl_Tab 200mg,0203020D0AAABAB,3,1.4000000000000012
142,M84049,Citalopram Hydrob_Tab 20mg,0403030D0AAAAAA,5,0.02000000000000033
143,M84049,Clonazepam_Tab 500mcg,0408010F0AAABAB,6,3.0735999999999937
144,M84049,Lamotrigine_Tab 100mg,0408010H0AAAAAA,6,0.01679999999999815
145,M84049,Simvastatin_Tab 40mg,0212000Y0AAADAD,6,0.007499999999999955
146,M84049,Sumatriptan_Tab 50mg,0407041T0AAAFAF,9,0.0
147,M84059,Amiodarone HCl_Tab 200mg,0203020D0AAABAB,2,0.7000000000000006
148,M84059,Clonazepam_Tab 500mcg,0408010F0AAABAB,4,0.949199999999998
149,M84059,Lamotrigine_Tab 100mg,0408010H0AAAAAA,1,0.0
150,M84059,Losartan Pot_Tab 25mg,0205052N0AAAAAA,5,0.012600000000000021
151,M84059,Simvastatin_Tab 40mg,0212000Y0AAADAD,11,0.029399999999999822
152,M84059,Sumatriptan_Tab 50mg,0407041T0AAAFAF,1,0.0
153,M84060,Amiodarone HCl_Tab 200mg,0203020D0AAABAB,4,1.4000000000000012
154,M84060,Citalopram Hydrob_Tab 20mg,0403030D0AAAAAA,5,0.029200000000000184
155,M84060,Clonazepam_Tab 500mcg,0408010F0AAABAB,2,2.350399999999995
156,M84060,Lamotrigine_Tab 100mg,0408010H0AAAAAA,7,0.01959999999999784
157,M84060,Sumatriptan_Tab 50mg,0407041T0AAAFAF,11,0.0
158,M84062,Amiodarone HCl_Tab 200mg,0203020D0AAABAB,6,2.100000000000002
159,M84062,Citalopram Hydrob_Tab 20mg,0403030D0AAAAAA,61,30.4952
160,M84062,Clonazepam_Tab 500mcg,0408010F0AAABAB,2,0.949199999999998
161,M84062,Lamotrigine_Tab 100mg,0408010H0AAAAAA,4,31.987199999999994
162,M84062,Losartan Pot_Tab 25mg,0205052N0AAAAAA,23,63.56280000000001
163,M84062,Olmesartan Medoxomil_Tab 10mg,0205052B0AAAAAA,10,54.292
164,M84062,Simvastatin_Tab 40mg,0212000Y0AAADAD,111,207.4226
165,M84062,Sumatriptan_Tab 50mg,0407041T0AAAFAF,17,142.674
166,M84062,Zolmitriptan_Tab 2.5mg,0407041Z0AAAAAA,10,44.853600000000014
167,M84063,Amiodarone HCl_Tab 200mg,0203020D0AAABAB,7,2.0888000000000018
168,M84063,Citalopram Hydrob_Tab 20mg,0403030D0AAAAAA,8,0.022400000000000253
169,M84063,Clonazepam_Tab 500mcg,0408010F0AAABAB,8,3.186599999999993
170,M84063,Lamotrigine_Tab 100mg,0408010H0AAAAAA,9,0.0
171,M84063,Olmesartan Medoxomil_Tab 10mg,0205052B0AAAAAA,4,0.022399999999999864
172,M84063,Simvastatin_Tab 40mg,0212000Y0AAADAD,28,0.05919999999999964
173,M84063,Sumatriptan_Tab 50mg,0407041T0AAAFAF,16,0.0
174,M84064,Amiodarone HCl_Tab 200mg,0203020D0AAABAB,2,1.050000000000001
175,M84064,Citalopram Hydrob_Tab 20mg,0403030D0AAAAAA,3,0.008400000000000095
176,M84064,Clonazepam_Tab 500mcg,0408010F0AAABAB,5,5.06239999999999
177,M84064,Lamotrigine_Tab 100mg,0408010H0AAAAAA,5,0.005599999999999383
178,M84064,Sumatriptan_Tab 50mg,0407041T0AAAFAF,6,0.0
179,M84066,Citalopram Hydrob_Tab 20mg,0403030D0AAAAAA,10,0.02310000000000037
180,M84066,Lamotrigine_Tab 100mg,0408010H0AAAAAA,7,-0.00840000000000063
181,M84066,Losartan Pot_Tab 25mg,0205052N0AAAAAA,6,0.01260000000000007
182,M84066,Simvastatin_Tab 40mg,0212000Y0AAADAD,41,0.08609999999999948
183,M84066,Sumatriptan_Tab 50mg,0407041T0AAAFAF,4,0.0
184,M84069,Amiodarone HCl_Tab 200mg,0203020D0AAABAB,1,0.3500000000000003
185,M84069,Citalopram Hydrob_Tab 20mg,0403030D0AAAAAA,7,0.02520000000000014
186,M84069,Clonazepam_Tab 500mcg,0408010F0AAABAB,5,1.898399999999996
187,M84069,Lamotrigine_Tab 100mg,0408010H0AAAAAA,7,11.849599999999995
188,M84069,Simvastatin_Tab 40mg,0212000Y0AAADAD,13,0.027299999999999835
189,M84069,Sumatriptan_Tab 50mg,0407041T0AAAFAF,14,0.0
190,M84070,Amiodarone HCl_Tab 200mg,0203020D0AAABAB,3,1.7500000000000016
191,M84070,Citalopram Hydrob_Tab 20mg,0403030D0AAAAAA,7,0.022400000000000253
192,M84070,Clonazepam_Tab 500mcg,0408010F0AAABAB,4,3.344799999999993
193,M84070,Lamotrigine_Tab 100mg,0408010H0AAAAAA,3,0.0
194,M84070,Sumatriptan_Tab 50mg,0407041T0AAAFAF,15,0.0
195,M84617,Amiodarone HCl_Tab 200mg,0203020D0AAABAB,3,1.050000000000001
196,M84617,Clonazepam_Tab 500mcg,0408010F0AAABAB,7,3.3221999999999934
197,M84617,Lamotrigine_Tab 100mg,0408010H0AAAAAA,6,0.0
198,M84617,Simvastatin_Tab 40mg,0212000Y0AAADAD,8,0.0335999999999998
199,M84617,Sumatriptan_Tab 50mg,0407041T0AAAFAF,7,-0.0028000000000004688
200,M84620,Amiodarone HCl_Tab 200mg,0203020D0AAABAB,4,1.4000000000000012
201,M84620,Simvastatin_Tab 40mg,0212000Y0AAADAD,4,0.00839999999999995
202,M84620,Sumatriptan_Tab 50mg,0407041T0AAAFAF,1,0.0
203,M84629,Amiodarone HCl_Tab 200mg,0203020D0AAABAB,4,1.4000000000000012
204,M84629,Clonazepam_Tab 500mcg,0408010F0AAABAB,5,2.2373999999999956
205,M84629,Lamotrigine_Tab 100mg,0408010H0AAAAAA,8,0.01679999999999815
206,M84629,Losartan Pot_Tab 25mg,0205052N0AAAAAA,1,0.004200000000000023
207,M84629,Simvastatin_Tab 40mg,0212000Y0AAADAD,1,-0.002999999999999982
208,M84629,Sumatriptan_Tab 50mg,0407041T0AAAFAF,9,0.0
