,practice_code,bnf_description,bnf_code,items,excess_cost
234,P85017,Mesalazine_Tab E/C 400mg,0105010B0AAAAAA,1,71.87039999999999
235,P85017,Mesalazine_Tab E/C 400mg,0105010B0AAAAAA,4,71.83680000000001
148,P85014,Mesalazine_Tab E/C 800mg,0105010B0AAASAS,2,34.43999999999999
147,P85011,Mesalazine_Tab E/C 800mg,0105010B0AAASAS,1,34.43999999999999
149,P85601,Mesalazine_Tab E/C 800mg,0105010B0AAASAS,1,34.43999999999999
236,P85016,Mesalazine_Tab E/C 400mg,0105010B0AAAAAA,1,34.224
259,P85615,Risperidone_Tab 6mg,040201030AAAFAF,1,29.2096
237,P85013,Mesalazine_Tab E/C 400mg,0105010B0AAAAAA,1,23.956799999999998
150,P85008,Mesalazine_Tab E/C 800mg,0105010B0AAASAS,1,17.219999999999995
151,P85017,Mesalazine_Tab E/C 800mg,0105010B0AAASAS,1,17.219999999999995
238,P85017,Mesalazine_Tab E/C 400mg,0105010B0AAAAAA,2,17.112000000000002
152,P85012,Mesalazine_Tab E/C 800mg,0105010B0AAASAS,1,11.479999999999997
0,P85008,Clonazepam_Tab 500mcg,0408010F0AAABAB,6,5.695199999999988
245,P85026,Topiramate_Tab 200mg,040801050AAACAC,1,4.979999999999998
246,P85008,Topiramate_Tab 200mg,040801050AAACAC,2,4.979999999999998
260,P85608,Pyridox HCl_Tab 50mg,0906024N0AAAIAI,1,4.788000000000001
1,P85614,Clonazepam_Tab 500mcg,0408010F0AAABAB,3,4.74599999999999
159,P85013,Methocarbamol_Tab 750mg,1002020S0AAABAB,11,4.729999999999998
248,P85608,Topiramate_Tab 200mg,040801050AAACAC,1,4.647999999999998
247,P85021,Topiramate_Tab 200mg,040801050AAACAC,1,4.647999999999998
377,Y02753,Tetrabenazine_Tab 25mg,0409030C0AAAAAA,1,3.998399999999995
261,P85028,Pyridox HCl_Tab 50mg,0906024N0AAAIAI,1,3.830400000000001
2,Y01124,Clonazepam_Tab 500mcg,0408010F0AAABAB,2,3.796799999999992
3,P85022,Clonazepam_Tab 500mcg,0408010F0AAABAB,6,3.796799999999992
4,Y02875,Clonazepam_Tab 500mcg,0408010F0AAABAB,1,3.796799999999992
5,P85017,Clonazepam_Tab 500mcg,0408010F0AAABAB,12,3.796799999999992
6,P85013,Clonazepam_Tab 500mcg,0408010F0AAABAB,6,3.796799999999992
249,P85001,Topiramate_Tab 200mg,040801050AAACAC,1,3.4859999999999984
160,P85013,Methocarbamol_Tab 750mg,1002020S0AAABAB,4,3.4399999999999986
9,P85016,Clonazepam_Tab 500mcg,0408010F0AAABAB,5,3.1639999999999935
8,P85017,Clonazepam_Tab 500mcg,0408010F0AAABAB,2,3.1639999999999935
7,P85014,Clonazepam_Tab 500mcg,0408010F0AAABAB,1,3.1639999999999935
379,P85615,Tetrabenazine_Tab 25mg,0409030C0AAAAAA,1,2.998799999999996
378,P85016,Tetrabenazine_Tab 25mg,0409030C0AAAAAA,2,2.998799999999996
262,Y02875,Pyridox HCl_Tab 50mg,0906024N0AAAIAI,1,2.8728000000000007
10,P85017,Clonazepam_Tab 500mcg,0408010F0AAABAB,3,2.847599999999994
15,P85007,Clonazepam_Tab 500mcg,0408010F0AAABAB,2,2.531199999999995
14,P85008,Clonazepam_Tab 500mcg,0408010F0AAABAB,4,2.531199999999995
16,P85005,Clonazepam_Tab 500mcg,0408010F0AAABAB,1,2.531199999999995
17,P85006,Clonazepam_Tab 500mcg,0408010F0AAABAB,4,2.531199999999995
18,P85010,Clonazepam_Tab 500mcg,0408010F0AAABAB,4,2.531199999999995
11,P85020,Clonazepam_Tab 500mcg,0408010F0AAABAB,4,2.531199999999995
13,P85013,Clonazepam_Tab 500mcg,0408010F0AAABAB,8,2.531199999999995
12,P85008,Clonazepam_Tab 500mcg,0408010F0AAABAB,1,2.531199999999995
255,Y01124,Topiramate_Tab 200mg,040801050AAACAC,1,2.489999999999999
254,P85022,Topiramate_Tab 200mg,040801050AAACAC,1,2.489999999999999
253,P85028,Topiramate_Tab 200mg,040801050AAACAC,1,2.489999999999999
252,Y02875,Topiramate_Tab 200mg,040801050AAACAC,1,2.489999999999999
251,P85004,Topiramate_Tab 200mg,040801050AAACAC,1,2.489999999999999
250,Y02753,Topiramate_Tab 200mg,040801050AAACAC,1,2.489999999999999
263,P85028,Pyridox HCl_Tab 50mg,0906024N0AAAIAI,1,2.3940000000000006
19,P85002,Clonazepam_Tab 500mcg,0408010F0AAABAB,5,2.372999999999995
256,P85015,Topiramate_Tab 200mg,040801050AAACAC,1,2.3183999999999996
258,P85006,Topiramate_Tab 200mg,040801050AAACAC,1,2.3183999999999996
257,P85005,Topiramate_Tab 200mg,040801050AAACAC,1,2.3183999999999996
20,P85011,Clonazepam_Tab 500mcg,0408010F0AAABAB,2,2.2599999999999953
21,P85012,Clonazepam_Tab 500mcg,0408010F0AAABAB,7,2.2147999999999954
162,P85608,Methocarbamol_Tab 750mg,1002020S0AAABAB,5,2.149999999999999
161,P89006,Methocarbamol_Tab 750mg,1002020S0AAABAB,5,2.149999999999999
22,Y02753,Clonazepam_Tab 500mcg,0408010F0AAABAB,2,2.033999999999996
380,P85614,Tetrabenazine_Tab 25mg,0409030C0AAAAAA,1,1.9991999999999974
163,P85013,Methocarbamol_Tab 750mg,1002020S0AAABAB,4,1.9263999999999992
26,P85002,Clonazepam_Tab 500mcg,0408010F0AAABAB,6,1.898399999999996
36,P85011,Clonazepam_Tab 500mcg,0408010F0AAABAB,6,1.898399999999996
35,P85615,Clonazepam_Tab 500mcg,0408010F0AAABAB,2,1.898399999999996
34,P85013,Clonazepam_Tab 500mcg,0408010F0AAABAB,2,1.898399999999996
33,P85006,Clonazepam_Tab 500mcg,0408010F0AAABAB,1,1.898399999999996
32,P85016,Clonazepam_Tab 500mcg,0408010F0AAABAB,2,1.898399999999996
31,P85014,Clonazepam_Tab 500mcg,0408010F0AAABAB,2,1.898399999999996
30,P89006,Clonazepam_Tab 500mcg,0408010F0AAABAB,3,1.898399999999996
29,Y02933,Clonazepam_Tab 500mcg,0408010F0AAABAB,2,1.898399999999996
28,P85020,Clonazepam_Tab 500mcg,0408010F0AAABAB,4,1.898399999999996
27,P85605,Clonazepam_Tab 500mcg,0408010F0AAABAB,3,1.898399999999996
25,P85015,Clonazepam_Tab 500mcg,0408010F0AAABAB,1,1.898399999999996
24,P85608,Clonazepam_Tab 500mcg,0408010F0AAABAB,2,1.898399999999996
23,P85021,Clonazepam_Tab 500mcg,0408010F0AAABAB,3,1.898399999999996
279,P85012,Amiodarone HCl_Tab 200mg,0203020D0AAABAB,5,1.7500000000000016
164,P85010,Methocarbamol_Tab 750mg,1002020S0AAABAB,4,1.7199999999999993
165,P85010,Methocarbamol_Tab 750mg,1002020S0AAABAB,2,1.7199999999999993
37,P85007,Clonazepam_Tab 500mcg,0408010F0AAABAB,1,1.6949999999999965
39,P85008,Clonazepam_Tab 500mcg,0408010F0AAABAB,5,1.5819999999999967
38,P85018,Clonazepam_Tab 500mcg,0408010F0AAABAB,1,1.5819999999999967
381,Y02933,Tetrabenazine_Tab 25mg,0409030C0AAAAAA,4,1.5532
382,P85008,Tetrabenazine_Tab 25mg,0409030C0AAAAAA,1,1.499399999999998
166,P85002,Methocarbamol_Tab 750mg,1002020S0AAABAB,4,1.478400000000005
40,P85010,Clonazepam_Tab 500mcg,0408010F0AAABAB,1,1.468999999999997
168,P85005,Methocarbamol_Tab 750mg,1002020S0AAABAB,2,1.4447999999999994
167,P85615,Methocarbamol_Tab 750mg,1002020S0AAABAB,1,1.4447999999999994
264,P85028,Pyridox HCl_Tab 50mg,0906024N0AAAIAI,3,1.4364000000000003
265,P85015,Pyridox HCl_Tab 50mg,0906024N0AAAIAI,1,1.4364000000000003
41,P85002,Clonazepam_Tab 500mcg,0408010F0AAABAB,9,1.423799999999997
42,P85021,Clonazepam_Tab 500mcg,0408010F0AAABAB,6,1.423799999999997
282,P85013,Amiodarone HCl_Tab 200mg,0203020D0AAABAB,2,1.4000000000000012
280,P85022,Amiodarone HCl_Tab 200mg,0203020D0AAABAB,4,1.4000000000000012
281,P85017,Amiodarone HCl_Tab 200mg,0203020D0AAABAB,2,1.4000000000000012
283,P85013,Amiodarone HCl_Tab 200mg,0203020D0AAABAB,4,1.4000000000000012
43,P85008,Clonazepam_Tab 500mcg,0408010F0AAABAB,2,1.3559999999999972
51,P85001,Clonazepam_Tab 500mcg,0408010F0AAABAB,2,1.2655999999999974
57,P85011,Clonazepam_Tab 500mcg,0408010F0AAABAB,2,1.2655999999999974
56,P85017,Clonazepam_Tab 500mcg,0408010F0AAABAB,2,1.2655999999999974
55,P85016,Clonazepam_Tab 500mcg,0408010F0AAABAB,1,1.2655999999999974
54,P85012,Clonazepam_Tab 500mcg,0408010F0AAABAB,1,1.2655999999999974
53,P85610,Clonazepam_Tab 500mcg,0408010F0AAABAB,1,1.2655999999999974
52,P85026,Clonazepam_Tab 500mcg,0408010F0AAABAB,2,1.2655999999999974
58,P85614,Clonazepam_Tab 500mcg,0408010F0AAABAB,1,1.2655999999999974
50,P85606,Clonazepam_Tab 500mcg,0408010F0AAABAB,2,1.2655999999999974
49,P85011,Clonazepam_Tab 500mcg,0408010F0AAABAB,1,1.2655999999999974
48,P85005,Clonazepam_Tab 500mcg,0408010F0AAABAB,1,1.2655999999999974
47,P85017,Clonazepam_Tab 500mcg,0408010F0AAABAB,1,1.2655999999999974
46,P85005,Clonazepam_Tab 500mcg,0408010F0AAABAB,2,1.2655999999999974
45,P85010,Clonazepam_Tab 500mcg,0408010F0AAABAB,4,1.2655999999999974
44,P85613,Clonazepam_Tab 500mcg,0408010F0AAABAB,1,1.2655999999999974
59,P85008,Clonazepam_Tab 500mcg,0408010F0AAABAB,8,1.2655999999999974
169,P85622,Methocarbamol_Tab 750mg,1002020S0AAABAB,2,1.2039999999999995
60,P89006,Clonazepam_Tab 500mcg,0408010F0AAABAB,1,1.1299999999999977
284,P85622,Amiodarone HCl_Tab 200mg,0203020D0AAABAB,1,1.050000000000001
285,P85002,Amiodarone HCl_Tab 200mg,0203020D0AAABAB,1,1.050000000000001
286,P89006,Amiodarone HCl_Tab 200mg,0203020D0AAABAB,3,1.050000000000001
287,Y01124,Amiodarone HCl_Tab 200mg,0203020D0AAABAB,3,1.050000000000001
170,P85010,Methocarbamol_Tab 750mg,1002020S0AAABAB,1,1.0319999999999996
171,P85002,Methocarbamol_Tab 750mg,1002020S0AAABAB,4,1.0080000000000022
383,Y02933,Tetrabenazine_Tab 25mg,0409030C0AAAAAA,1,0.9995999999999987
173,P85005,Methocarbamol_Tab 750mg,1002020S0AAABAB,2,0.9631999999999996
176,P85020,Methocarbamol_Tab 750mg,1002020S0AAABAB,1,0.9631999999999996
172,P85002,Methocarbamol_Tab 750mg,1002020S0AAABAB,1,0.9631999999999996
174,P85005,Methocarbamol_Tab 750mg,1002020S0AAABAB,1,0.9631999999999996
175,P85010,Methocarbamol_Tab 750mg,1002020S0AAABAB,1,0.9631999999999996
270,P85002,Pyridox HCl_Tab 50mg,0906024N0AAAIAI,1,0.9576000000000002
269,P85613,Pyridox HCl_Tab 50mg,0906024N0AAAIAI,2,0.9576000000000002
268,P85005,Pyridox HCl_Tab 50mg,0906024N0AAAIAI,1,0.9576000000000002
266,P85014,Pyridox HCl_Tab 50mg,0906024N0AAAIAI,1,0.9576000000000002
272,P85615,Pyridox HCl_Tab 50mg,0906024N0AAAIAI,2,0.9576000000000002
267,P85610,Pyridox HCl_Tab 50mg,0906024N0AAAIAI,1,0.9576000000000002
271,P85012,Pyridox HCl_Tab 50mg,0906024N0AAAIAI,1,0.9576000000000002
61,P85614,Clonazepam_Tab 500mcg,0408010F0AAABAB,2,0.949199999999998
73,Y02875,Clonazepam_Tab 500mcg,0408010F0AAABAB,3,0.949199999999998
72,P85606,Clonazepam_Tab 500mcg,0408010F0AAABAB,1,0.949199999999998
71,P85022,Clonazepam_Tab 500mcg,0408010F0AAABAB,4,0.949199999999998
70,Y02827,Clonazepam_Tab 500mcg,0408010F0AAABAB,3,0.949199999999998
69,P85010,Clonazepam_Tab 500mcg,0408010F0AAABAB,1,0.949199999999998
68,P85018,Clonazepam_Tab 500mcg,0408010F0AAABAB,3,0.949199999999998
67,P85022,Clonazepam_Tab 500mcg,0408010F0AAABAB,1,0.949199999999998
62,P85622,Clonazepam_Tab 500mcg,0408010F0AAABAB,1,0.949199999999998
63,P85021,Clonazepam_Tab 500mcg,0408010F0AAABAB,1,0.949199999999998
64,P85608,Clonazepam_Tab 500mcg,0408010F0AAABAB,4,0.949199999999998
65,P85605,Clonazepam_Tab 500mcg,0408010F0AAABAB,1,0.949199999999998
66,P89006,Clonazepam_Tab 500mcg,0408010F0AAABAB,1,0.949199999999998
177,P85012,Methocarbamol_Tab 750mg,1002020S0AAABAB,2,0.8599999999999997
181,P85011,Methocarbamol_Tab 750mg,1002020S0AAABAB,2,0.8599999999999997
180,P85028,Methocarbamol_Tab 750mg,1002020S0AAABAB,1,0.8599999999999997
179,P85017,Methocarbamol_Tab 750mg,1002020S0AAABAB,2,0.8599999999999997
178,P85001,Methocarbamol_Tab 750mg,1002020S0AAABAB,2,0.8599999999999997
74,P89006,Clonazepam_Tab 500mcg,0408010F0AAABAB,1,0.8361999999999983
76,P85013,Clonazepam_Tab 500mcg,0408010F0AAABAB,1,0.7909999999999984
75,P85019,Clonazepam_Tab 500mcg,0408010F0AAABAB,5,0.7909999999999984
182,P85610,Methocarbamol_Tab 750mg,1002020S0AAABAB,1,0.7739999999999997
183,P85019,Methocarbamol_Tab 750mg,1002020S0AAABAB,2,0.7392000000000025
185,P85015,Methocarbamol_Tab 750mg,1002020S0AAABAB,1,0.7223999999999997
184,P85615,Methocarbamol_Tab 750mg,1002020S0AAABAB,1,0.7223999999999997
312,P85008,Co-Codamol_Cap 8mg/500mg,0407010F0AAABAB,2,0.7168000000000081
311,P85008,Co-Codamol_Cap 8mg/500mg,0407010F0AAABAB,2,0.7168000000000081
77,P85017,Clonazepam_Tab 500mcg,0408010F0AAABAB,3,0.7118999999999985
78,P85010,Clonazepam_Tab 500mcg,0408010F0AAABAB,3,0.7118999999999985
290,P85005,Amiodarone HCl_Tab 200mg,0203020D0AAABAB,2,0.7000000000000006
291,Y02827,Amiodarone HCl_Tab 200mg,0203020D0AAABAB,2,0.7000000000000006
296,P85615,Amiodarone HCl_Tab 200mg,0203020D0AAABAB,2,0.7000000000000006
295,P85028,Amiodarone HCl_Tab 200mg,0203020D0AAABAB,2,0.7000000000000006
294,P85020,Amiodarone HCl_Tab 200mg,0203020D0AAABAB,2,0.7000000000000006
293,P85007,Amiodarone HCl_Tab 200mg,0203020D0AAABAB,2,0.7000000000000006
288,P85015,Amiodarone HCl_Tab 200mg,0203020D0AAABAB,2,0.7000000000000006
289,P85014,Amiodarone HCl_Tab 200mg,0203020D0AAABAB,2,0.7000000000000006
292,P85016,Amiodarone HCl_Tab 200mg,0203020D0AAABAB,2,0.7000000000000006
83,P85020,Clonazepam_Tab 500mcg,0408010F0AAABAB,1,0.6779999999999986
80,P85018,Clonazepam_Tab 500mcg,0408010F0AAABAB,1,0.6779999999999986
81,P85622,Clonazepam_Tab 500mcg,0408010F0AAABAB,1,0.6779999999999986
82,P85022,Clonazepam_Tab 500mcg,0408010F0AAABAB,1,0.6779999999999986
79,P85614,Clonazepam_Tab 500mcg,0408010F0AAABAB,1,0.6779999999999986
186,P85001,Methocarbamol_Tab 750mg,1002020S0AAABAB,3,0.6600000000000023
84,P85015,Clonazepam_Tab 500mcg,0408010F0AAABAB,1,0.6553999999999987
187,P85002,Methocarbamol_Tab 750mg,1002020S0AAABAB,1,0.6449999999999998
314,P85017,Co-Codamol_Cap 8mg/500mg,0407010F0AAABAB,2,0.6400000000000072
313,P85017,Co-Codamol_Cap 8mg/500mg,0407010F0AAABAB,2,0.6400000000000072
90,P85004,Clonazepam_Tab 500mcg,0408010F0AAABAB,2,0.6327999999999987
89,P85615,Clonazepam_Tab 500mcg,0408010F0AAABAB,2,0.6327999999999987
88,P85608,Clonazepam_Tab 500mcg,0408010F0AAABAB,2,0.6327999999999987
91,P85615,Clonazepam_Tab 500mcg,0408010F0AAABAB,1,0.6327999999999987
92,P85606,Clonazepam_Tab 500mcg,0408010F0AAABAB,2,0.6327999999999987
93,P85006,Clonazepam_Tab 500mcg,0408010F0AAABAB,4,0.6327999999999987
94,P85007,Clonazepam_Tab 500mcg,0408010F0AAABAB,2,0.6327999999999987
95,P85004,Clonazepam_Tab 500mcg,0408010F0AAABAB,1,0.6327999999999987
96,P85602,Clonazepam_Tab 500mcg,0408010F0AAABAB,2,0.6327999999999987
97,Y02753,Clonazepam_Tab 500mcg,0408010F0AAABAB,2,0.6327999999999987
86,P85018,Clonazepam_Tab 500mcg,0408010F0AAABAB,1,0.6327999999999987
98,Y01124,Clonazepam_Tab 500mcg,0408010F0AAABAB,4,0.6327999999999987
99,P85006,Clonazepam_Tab 500mcg,0408010F0AAABAB,2,0.6327999999999987
87,P85028,Clonazepam_Tab 500mcg,0408010F0AAABAB,1,0.6327999999999987
108,Y02753,Clonazepam_Tab 500mcg,0408010F0AAABAB,1,0.6327999999999987
85,P85007,Clonazepam_Tab 500mcg,0408010F0AAABAB,1,0.6327999999999987
102,P85613,Clonazepam_Tab 500mcg,0408010F0AAABAB,2,0.6327999999999987
103,P85014,Clonazepam_Tab 500mcg,0408010F0AAABAB,1,0.6327999999999987
104,P85014,Clonazepam_Tab 500mcg,0408010F0AAABAB,2,0.6327999999999987
105,Y01124,Clonazepam_Tab 500mcg,0408010F0AAABAB,1,0.6327999999999987
106,Y02827,Clonazepam_Tab 500mcg,0408010F0AAABAB,1,0.6327999999999987
107,P89006,Clonazepam_Tab 500mcg,0408010F0AAABAB,2,0.6327999999999987
101,P85621,Clonazepam_Tab 500mcg,0408010F0AAABAB,4,0.6327999999999987
109,P85620,Clonazepam_Tab 500mcg,0408010F0AAABAB,1,0.6327999999999987
100,P85002,Clonazepam_Tab 500mcg,0408010F0AAABAB,1,0.6327999999999987
315,Y02933,Co-Codamol_Cap 8mg/500mg,0407010F0AAABAB,2,0.5376000000000061
316,Y02933,Co-Codamol_Cap 8mg/500mg,0407010F0AAABAB,2,0.5376000000000061
188,P85013,Methocarbamol_Tab 750mg,1002020S0AAABAB,1,0.49449999999999983
192,P85001,Methocarbamol_Tab 750mg,1002020S0AAABAB,1,0.4815999999999998
189,Y01124,Methocarbamol_Tab 750mg,1002020S0AAABAB,1,0.4815999999999998
193,P85013,Methocarbamol_Tab 750mg,1002020S0AAABAB,2,0.4815999999999998
191,P85606,Methocarbamol_Tab 750mg,1002020S0AAABAB,2,0.4815999999999998
190,P85012,Methocarbamol_Tab 750mg,1002020S0AAABAB,1,0.4815999999999998
320,P85016,Co-Codamol_Cap 8mg/500mg,0407010F0AAABAB,3,0.4800000000000054
317,P85017,Co-Codamol_Cap 8mg/500mg,0407010F0AAABAB,3,0.4800000000000054
318,P85016,Co-Codamol_Cap 8mg/500mg,0407010F0AAABAB,3,0.4800000000000054
319,P85017,Co-Codamol_Cap 8mg/500mg,0407010F0AAABAB,3,0.4800000000000054
276,P85610,Pyridox HCl_Tab 50mg,0906024N0AAAIAI,4,0.4788000000000001
275,P85020,Pyridox HCl_Tab 50mg,0906024N0AAAIAI,1,0.4788000000000001
277,P85610,Pyridox HCl_Tab 50mg,0906024N0AAAIAI,1,0.4788000000000001
273,P85013,Pyridox HCl_Tab 50mg,0906024N0AAAIAI,1,0.4788000000000001
274,P85006,Pyridox HCl_Tab 50mg,0906024N0AAAIAI,1,0.4788000000000001
111,Y02753,Clonazepam_Tab 500mcg,0408010F0AAABAB,3,0.474599999999999
112,P85021,Clonazepam_Tab 500mcg,0408010F0AAABAB,1,0.474599999999999
113,P85011,Clonazepam_Tab 500mcg,0408010F0AAABAB,1,0.474599999999999
114,P85015,Clonazepam_Tab 500mcg,0408010F0AAABAB,1,0.474599999999999
115,P85605,Clonazepam_Tab 500mcg,0408010F0AAABAB,1,0.474599999999999
110,P89006,Clonazepam_Tab 500mcg,0408010F0AAABAB,1,0.474599999999999
198,P85602,Methocarbamol_Tab 750mg,1002020S0AAABAB,1,0.4299999999999998
201,P85002,Methocarbamol_Tab 750mg,1002020S0AAABAB,1,0.4299999999999998
200,P85006,Methocarbamol_Tab 750mg,1002020S0AAABAB,1,0.4299999999999998
199,P85019,Methocarbamol_Tab 750mg,1002020S0AAABAB,1,0.4299999999999998
195,P85601,Methocarbamol_Tab 750mg,1002020S0AAABAB,1,0.4299999999999998
197,P85005,Methocarbamol_Tab 750mg,1002020S0AAABAB,1,0.4299999999999998
196,P85015,Methocarbamol_Tab 750mg,1002020S0AAABAB,1,0.4299999999999998
194,P85004,Methocarbamol_Tab 750mg,1002020S0AAABAB,1,0.4299999999999998
202,P85011,Methocarbamol_Tab 750mg,1002020S0AAABAB,1,0.38699999999999984
212,P85015,Methocarbamol_Tab 750mg,1002020S0AAABAB,2,0.36960000000000126
203,P85606,Methocarbamol_Tab 750mg,1002020S0AAABAB,1,0.36960000000000126
204,P85610,Methocarbamol_Tab 750mg,1002020S0AAABAB,1,0.36960000000000126
205,P85005,Methocarbamol_Tab 750mg,1002020S0AAABAB,1,0.36960000000000126
211,P85017,Methocarbamol_Tab 750mg,1002020S0AAABAB,1,0.36960000000000126
213,P85008,Methocarbamol_Tab 750mg,1002020S0AAABAB,1,0.36960000000000126
214,P85602,Methocarbamol_Tab 750mg,1002020S0AAABAB,1,0.36960000000000126
206,Y02875,Methocarbamol_Tab 750mg,1002020S0AAABAB,1,0.36960000000000126
207,P85015,Methocarbamol_Tab 750mg,1002020S0AAABAB,1,0.36960000000000126
208,P85614,Methocarbamol_Tab 750mg,1002020S0AAABAB,1,0.36960000000000126
209,P85006,Methocarbamol_Tab 750mg,1002020S0AAABAB,1,0.36960000000000126
210,P85615,Methocarbamol_Tab 750mg,1002020S0AAABAB,1,0.36960000000000126
323,P85016,Co-Codamol_Cap 8mg/500mg,0407010F0AAABAB,1,0.35840000000000405
322,P85011,Co-Codamol_Cap 8mg/500mg,0407010F0AAABAB,1,0.35840000000000405
327,Y02753,Co-Codamol_Cap 8mg/500mg,0407010F0AAABAB,1,0.35840000000000405
326,P85015,Co-Codamol_Cap 8mg/500mg,0407010F0AAABAB,1,0.35840000000000405
325,P85015,Co-Codamol_Cap 8mg/500mg,0407010F0AAABAB,1,0.35840000000000405
324,P85013,Co-Codamol_Cap 8mg/500mg,0407010F0AAABAB,1,0.35840000000000405
330,P85011,Co-Codamol_Cap 8mg/500mg,0407010F0AAABAB,1,0.35840000000000405
328,Y02753,Co-Codamol_Cap 8mg/500mg,0407010F0AAABAB,1,0.35840000000000405
321,P85013,Co-Codamol_Cap 8mg/500mg,0407010F0AAABAB,1,0.35840000000000405
329,P85016,Co-Codamol_Cap 8mg/500mg,0407010F0AAABAB,1,0.35840000000000405
331,P85016,Co-Codamol_Cap 8mg/500mg,0407010F0AAABAB,1,0.352000000000004
332,P85016,Co-Codamol_Cap 8mg/500mg,0407010F0AAABAB,1,0.352000000000004
300,P85610,Amiodarone HCl_Tab 200mg,0203020D0AAABAB,1,0.3500000000000003
299,P85622,Amiodarone HCl_Tab 200mg,0203020D0AAABAB,1,0.3500000000000003
298,Y02753,Amiodarone HCl_Tab 200mg,0203020D0AAABAB,1,0.3500000000000003
302,P85620,Amiodarone HCl_Tab 200mg,0203020D0AAABAB,1,0.3500000000000003
304,Y02933,Amiodarone HCl_Tab 200mg,0203020D0AAABAB,1,0.3500000000000003
310,P85601,Amiodarone HCl_Tab 200mg,0203020D0AAABAB,1,0.3500000000000003
309,P85021,Amiodarone HCl_Tab 200mg,0203020D0AAABAB,1,0.3500000000000003
308,P85018,Amiodarone HCl_Tab 200mg,0203020D0AAABAB,1,0.3500000000000003
301,P85006,Amiodarone HCl_Tab 200mg,0203020D0AAABAB,1,0.3500000000000003
307,P85607,Amiodarone HCl_Tab 200mg,0203020D0AAABAB,1,0.3500000000000003
306,P85017,Amiodarone HCl_Tab 200mg,0203020D0AAABAB,1,0.3500000000000003
305,P85003,Amiodarone HCl_Tab 200mg,0203020D0AAABAB,1,0.3500000000000003
303,P85010,Amiodarone HCl_Tab 200mg,0203020D0AAABAB,1,0.3500000000000003
297,P85008,Amiodarone HCl_Tab 200mg,0203020D0AAABAB,1,0.3500000000000003
116,P85014,Clonazepam_Tab 500mcg,0408010F0AAABAB,1,0.3389999999999993
117,P85013,Clonazepam_Tab 500mcg,0408010F0AAABAB,1,0.3389999999999993
341,P89006,Co-Codamol_Cap 8mg/500mg,0407010F0AAABAB,2,0.3200000000000036
335,P89006,Co-Codamol_Cap 8mg/500mg,0407010F0AAABAB,2,0.3200000000000036
340,P85013,Co-Codamol_Cap 8mg/500mg,0407010F0AAABAB,2,0.3200000000000036
339,P85013,Co-Codamol_Cap 8mg/500mg,0407010F0AAABAB,2,0.3200000000000036
338,P85020,Co-Codamol_Cap 8mg/500mg,0407010F0AAABAB,1,0.3200000000000036
337,P85015,Co-Codamol_Cap 8mg/500mg,0407010F0AAABAB,2,0.3200000000000036
336,P85004,Co-Codamol_Cap 8mg/500mg,0407010F0AAABAB,2,0.3200000000000036
334,P85015,Co-Codamol_Cap 8mg/500mg,0407010F0AAABAB,2,0.3200000000000036
333,P85020,Co-Codamol_Cap 8mg/500mg,0407010F0AAABAB,1,0.3200000000000036
342,P85004,Co-Codamol_Cap 8mg/500mg,0407010F0AAABAB,2,0.3200000000000036
123,P85026,Clonazepam_Tab 500mcg,0408010F0AAABAB,1,0.31639999999999935
134,P85021,Clonazepam_Tab 500mcg,0408010F0AAABAB,1,0.31639999999999935
130,P85020,Clonazepam_Tab 500mcg,0408010F0AAABAB,1,0.31639999999999935
131,P85607,Clonazepam_Tab 500mcg,0408010F0AAABAB,1,0.31639999999999935
132,P85605,Clonazepam_Tab 500mcg,0408010F0AAABAB,4,0.31639999999999935
122,P85022,Clonazepam_Tab 500mcg,0408010F0AAABAB,4,0.31639999999999935
120,P85605,Clonazepam_Tab 500mcg,0408010F0AAABAB,1,0.31639999999999935
125,Y02933,Clonazepam_Tab 500mcg,0408010F0AAABAB,1,0.31639999999999935
124,P85001,Clonazepam_Tab 500mcg,0408010F0AAABAB,1,0.31639999999999935
118,P85016,Clonazepam_Tab 500mcg,0408010F0AAABAB,1,0.31639999999999935
119,P85610,Clonazepam_Tab 500mcg,0408010F0AAABAB,1,0.31639999999999935
121,P85019,Clonazepam_Tab 500mcg,0408010F0AAABAB,1,0.31639999999999935
133,P85017,Clonazepam_Tab 500mcg,0408010F0AAABAB,4,0.31639999999999935
126,P85028,Clonazepam_Tab 500mcg,0408010F0AAABAB,1,0.31639999999999935
127,P85621,Clonazepam_Tab 500mcg,0408010F0AAABAB,1,0.31639999999999935
128,P85018,Clonazepam_Tab 500mcg,0408010F0AAABAB,4,0.31639999999999935
129,Y02753,Clonazepam_Tab 500mcg,0408010F0AAABAB,4,0.31639999999999935
344,P85601,Co-Codamol_Cap 8mg/500mg,0407010F0AAABAB,1,0.26880000000000304
343,P85601,Co-Codamol_Cap 8mg/500mg,0407010F0AAABAB,1,0.26880000000000304
215,P89006,Methocarbamol_Tab 750mg,1002020S0AAABAB,1,0.25200000000000056
216,P85615,Methocarbamol_Tab 750mg,1002020S0AAABAB,1,0.2407999999999999
218,P85607,Methocarbamol_Tab 750mg,1002020S0AAABAB,1,0.2407999999999999
219,P85019,Methocarbamol_Tab 750mg,1002020S0AAABAB,1,0.2407999999999999
217,P85014,Methocarbamol_Tab 750mg,1002020S0AAABAB,1,0.2407999999999999
135,P85614,Clonazepam_Tab 500mcg,0408010F0AAABAB,1,0.2372999999999995
136,P85021,Clonazepam_Tab 500mcg,0408010F0AAABAB,3,0.2372999999999995
220,P85013,Methocarbamol_Tab 750mg,1002020S0AAABAB,1,0.22000000000000075
221,P85002,Methocarbamol_Tab 750mg,1002020S0AAABAB,1,0.22000000000000075
222,P85015,Methocarbamol_Tab 750mg,1002020S0AAABAB,1,0.22000000000000075
346,P85008,Co-Codamol_Cap 8mg/500mg,0407010F0AAABAB,1,0.19200000000000217
345,P85008,Co-Codamol_Cap 8mg/500mg,0407010F0AAABAB,1,0.19200000000000217
224,P85001,Methocarbamol_Tab 750mg,1002020S0AAABAB,1,0.18480000000000063
223,P85614,Methocarbamol_Tab 750mg,1002020S0AAABAB,1,0.18480000000000063
225,P85002,Methocarbamol_Tab 750mg,1002020S0AAABAB,1,0.18480000000000063
351,P85021,Co-Codamol_Cap 8mg/500mg,0407010F0AAABAB,1,0.17920000000000202
350,P85008,Co-Codamol_Cap 8mg/500mg,0407010F0AAABAB,2,0.17920000000000202
352,P85014,Co-Codamol_Cap 8mg/500mg,0407010F0AAABAB,1,0.17920000000000202
353,P85021,Co-Codamol_Cap 8mg/500mg,0407010F0AAABAB,1,0.17920000000000202
354,P85015,Co-Codamol_Cap 8mg/500mg,0407010F0AAABAB,1,0.17920000000000202
355,P85010,Co-Codamol_Cap 8mg/500mg,0407010F0AAABAB,1,0.17920000000000202
349,P85014,Co-Codamol_Cap 8mg/500mg,0407010F0AAABAB,1,0.17920000000000202
347,P85015,Co-Codamol_Cap 8mg/500mg,0407010F0AAABAB,1,0.17920000000000202
356,P85008,Co-Codamol_Cap 8mg/500mg,0407010F0AAABAB,2,0.17920000000000202
348,P85010,Co-Codamol_Cap 8mg/500mg,0407010F0AAABAB,1,0.17920000000000202
137,P85002,Clonazepam_Tab 500mcg,0408010F0AAABAB,1,0.1791999999999998
358,P85007,Co-Codamol_Cap 8mg/500mg,0407010F0AAABAB,1,0.1600000000000018
357,P85011,Co-Codamol_Cap 8mg/500mg,0407010F0AAABAB,1,0.1600000000000018
360,P85007,Co-Codamol_Cap 8mg/500mg,0407010F0AAABAB,1,0.1600000000000018
361,P85001,Co-Codamol_Cap 8mg/500mg,0407010F0AAABAB,1,0.1600000000000018
362,P85622,Co-Codamol_Cap 8mg/500mg,0407010F0AAABAB,1,0.1600000000000018
363,P85020,Co-Codamol_Cap 8mg/500mg,0407010F0AAABAB,1,0.1600000000000018
364,P85622,Co-Codamol_Cap 8mg/500mg,0407010F0AAABAB,1,0.1600000000000018
365,P85011,Co-Codamol_Cap 8mg/500mg,0407010F0AAABAB,1,0.1600000000000018
359,P85019,Co-Codamol_Cap 8mg/500mg,0407010F0AAABAB,1,0.1600000000000018
366,P85019,Co-Codamol_Cap 8mg/500mg,0407010F0AAABAB,1,0.1600000000000018
367,P85001,Co-Codamol_Cap 8mg/500mg,0407010F0AAABAB,1,0.1600000000000018
368,P85020,Co-Codamol_Cap 8mg/500mg,0407010F0AAABAB,1,0.1600000000000018
140,Y03204,Clonazepam_Tab 500mcg,0408010F0AAABAB,1,0.15819999999999967
139,P85011,Clonazepam_Tab 500mcg,0408010F0AAABAB,2,0.15819999999999967
142,P85615,Clonazepam_Tab 500mcg,0408010F0AAABAB,1,0.15819999999999967
138,P85005,Clonazepam_Tab 500mcg,0408010F0AAABAB,1,0.15819999999999967
141,P85011,Clonazepam_Tab 500mcg,0408010F0AAABAB,1,0.15819999999999967
226,P85013,Methocarbamol_Tab 750mg,1002020S0AAABAB,1,0.13200000000000045
227,P85606,Methocarbamol_Tab 750mg,1002020S0AAABAB,1,0.13200000000000045
369,P85011,Co-Codamol_Cap 8mg/500mg,0407010F0AAABAB,1,0.12800000000000145
370,P85011,Co-Codamol_Cap 8mg/500mg,0407010F0AAABAB,1,0.12800000000000145
229,P85606,Methocarbamol_Tab 750mg,1002020S0AAABAB,1,0.1260000000000001
230,Y01124,Methocarbamol_Tab 750mg,1002020S0AAABAB,1,0.1260000000000001
228,P85008,Methocarbamol_Tab 750mg,1002020S0AAABAB,1,0.1260000000000001
143,Y00945,Clonazepam_Tab 500mcg,0408010F0AAABAB,1,0.11599999999999999
372,P85015,Co-Codamol_Cap 8mg/500mg,0407010F0AAABAB,1,0.10240000000000116
371,P85015,Co-Codamol_Cap 8mg/500mg,0407010F0AAABAB,1,0.10240000000000116
374,P85022,Co-Codamol_Cap 8mg/500mg,0407010F0AAABAB,1,0.09600000000000108
373,P85022,Co-Codamol_Cap 8mg/500mg,0407010F0AAABAB,1,0.09600000000000108
231,P85607,Methocarbamol_Tab 750mg,1002020S0AAABAB,1,0.09240000000000032
232,P85013,Methocarbamol_Tab 750mg,1002020S0AAABAB,1,0.0880000000000003
375,P85010,Co-Codamol_Cap 8mg/500mg,0407010F0AAABAB,1,0.08500000000000035
376,P85010,Co-Codamol_Cap 8mg/500mg,0407010F0AAABAB,1,0.08500000000000035
144,P85008,Clonazepam_Tab 500mcg,0408010F0AAABAB,1,0.07909999999999984
145,P85020,Clonazepam_Tab 500mcg,0408010F0AAABAB,1,0.06359999999999999
233,P85614,Methocarbamol_Tab 750mg,1002020S0AAABAB,1,0.057400000000000284
278,P85012,Pyridox HCl_Tab 50mg,0906024N0AAAIAI,1,0.021400000000000086
146,P85608,Clonazepam_Tab 500mcg,0408010F0AAABAB,1,0.015600000000000003
153,P89006,Mesalazine_Tab E/C 800mg,0105010B0AAASAS,1,0.008999999999999009
154,P85602,Mesalazine_Tab E/C 800mg,0105010B0AAASAS,1,0.008999999999999009
239,P85005,Mesalazine_Tab E/C 400mg,0105010B0AAAAAA,1,-12.833999999999998
240,P85017,Mesalazine_Tab E/C 400mg,0105010B0AAAAAA,2,-17.111999999999995
155,P85602,Mesalazine_Tab E/C 800mg,0105010B0AAASAS,1,-18.441
156,P89006,Mesalazine_Tab E/C 800mg,0105010B0AAASAS,1,-18.441
157,P85011,Mesalazine_Tab E/C 800mg,0105010B0AAASAS,1,-22.959999999999994
241,P85017,Mesalazine_Tab E/C 400mg,0105010B0AAAAAA,4,-23.99039999999997
242,P85017,Mesalazine_Tab E/C 400mg,0105010B0AAAAAA,1,-31.942399999999996
243,P85008,Mesalazine_Tab E/C 400mg,0105010B0AAAAAA,1,-31.942399999999996
158,P85016,Mesalazine_Tab E/C 800mg,0105010B0AAASAS,1,-34.43999999999999
244,P85602,Mesalazine_Tab E/C 400mg,0105010B0AAAAAA,2,-51.33599999999999
