,practice_code,bnf_description,bnf_code,items,excess_cost
0,D82008,Atorvastatin_Tab 10mg,0212000B0AAAAAA,83,11.725700000000002
1,D82008,Atorvastatin_Tab 20mg,0212000B0AAABAB,61,22.5456
2,D82008,Atorvastatin_Tab 40mg,0212000B0AAACAC,49,0.8232000000000046
3,D82008,Candesartan Cilexetil_Tab 16mg,0205052C0AAADAD,5,0.024499999999999973
4,D82008,Clopidogrel_Tab 75mg,0209000C0AAAAAA,92,0.27629999999999966
5,D82008,Montelukast_Tab 10mg,0303020G0AAABAB,87,26.857600000000005
6,D82008,Paracet_Tab 500mg,0407010H0AAAMAM,292,21.572
7,D82008,Sertraline HCl_Tab 100mg,0403030Q0AAABAB,93,0.30980000000000096
8,D82011,Atorvastatin_Tab 10mg,0212000B0AAAAAA,12,0.029400000000000162
9,D82011,Atorvastatin_Tab 20mg,0212000B0AAABAB,254,67.47160000000004
10,D82011,Atorvastatin_Tab 40mg,0212000B0AAACAC,56,1.0975999999999988
11,D82011,Candesartan Cilexetil_Tab 16mg,0205052C0AAADAD,4,0.01959999999999998
12,D82011,Clopidogrel_Tab 75mg,0209000C0AAAAAA,27,0.12269999999999981
13,D82011,Paracet_Tab 500mg,0407010H0AAAMAM,312,-4.23919999999997
14,D82011,Sertraline HCl_Tab 100mg,0403030Q0AAABAB,41,0.12050000000000072
15,D82012,Atorvastatin_Tab 10mg,0212000B0AAAAAA,162,34.4975
16,D82012,Atorvastatin_Tab 40mg,0212000B0AAACAC,37,22.273999999999997
17,D82012,Clopidogrel_Tab 75mg,0209000C0AAAAAA,183,85.81449999999998
18,D82012,Memantine HCl_Tab 20mg,0411000G0AAADAD,12,127.8228
19,D82012,Paracet_Tab 500mg,0407010H0AAAMAM,440,52.64480000000002
20,D82012,Sertraline HCl_Tab 100mg,0403030Q0AAABAB,166,80.6064
21,D82013,Atorvastatin_Tab 10mg,0212000B0AAAAAA,6,0.01260000000000007
22,D82013,Atorvastatin_Tab 20mg,0212000B0AAABAB,11,22.5456
23,D82013,Clopidogrel_Tab 75mg,0209000C0AAAAAA,29,8.800400000000002
24,D82013,Memantine HCl_Tab 20mg,0411000G0AAADAD,4,0.01959999999999998
25,D82013,Paracet_Tab 500mg,0407010H0AAAMAM,156,-1.0591999999999964
26,D82013,Sertraline HCl_Tab 100mg,0403030Q0AAABAB,40,-0.16280000000000505
27,D82017,Atorvastatin_Tab 20mg,0212000B0AAABAB,80,22.62400000000001
28,D82017,Clopidogrel_Tab 75mg,0209000C0AAAAAA,14,0.05969999999999995
29,D82017,Paracet_Tab 500mg,0407010H0AAAMAM,158,-0.2571999999999993
30,D82017,Sertraline HCl_Tab 100mg,0403030Q0AAABAB,18,0.05040000000000028
31,D82018,Sertraline HCl_Tab 100mg,0403030Q0AAABAB,1,0.0031999999999999806
32,D82023,Atorvastatin_Tab 10mg,0212000B0AAAAAA,22,0.1012
33,D82023,Clopidogrel_Tab 75mg,0209000C0AAAAAA,5,0.024499999999999973
34,D82023,Montelukast_Tab 10mg,0303020G0AAABAB,45,24.318000000000005
35,D82023,Paracet_Tab 500mg,0407010H0AAAMAM,212,10.39480000000001
36,D82023,Sertraline HCl_Tab 100mg,0403030Q0AAABAB,23,0.03860000000000023
37,D82024,Atorvastatin_Tab 10mg,0212000B0AAAAAA,62,23.1147
38,D82024,Clopidogrel_Tab 75mg,0209000C0AAAAAA,12,0.05069999999999985
39,D82024,Montelukast_Tab 10mg,0303020G0AAABAB,33,24.365999999999996
40,D82024,Paracet_Tab 500mg,0407010H0AAAMAM,348,57.147200000000055
41,D82024,Sertraline HCl_Tab 100mg,0403030Q0AAABAB,16,0.039500000000000146
42,D82026,Atorvastatin_Tab 10mg,0212000B0AAAAAA,8,0.014900000000000128
43,D82026,Atorvastatin_Tab 20mg,0212000B0AAABAB,1,-0.003999999999999976
44,D82026,Clopidogrel_Tab 75mg,0209000C0AAAAAA,41,0.1868999999999998
45,D82026,Montelukast_Tab 10mg,0303020G0AAABAB,4,21.6804
46,D82026,Paracet_Tab 500mg,0407010H0AAAMAM,400,52.82400000000001
47,D82026,Sertraline HCl_Tab 100mg,0403030Q0AAABAB,22,0.038500000000000166
48,D82040,Atorvastatin_Tab 10mg,0212000B0AAAAAA,38,0.07980000000000044
49,D82040,Atorvastatin_Tab 20mg,0212000B0AAABAB,10,0.011200000000000265
50,D82040,Candesartan Cilexetil_Tab 16mg,0205052C0AAADAD,8,-0.02119999999999997
51,D82040,Clopidogrel_Tab 75mg,0209000C0AAAAAA,75,0.3604999999999996
52,D82040,Paracet_Tab 500mg,0407010H0AAAMAM,144,11.012
53,D82040,Sertraline HCl_Tab 100mg,0403030Q0AAABAB,109,0.24180000000000146
54,D82047,Atorvastatin_Tab 10mg,0212000B0AAAAAA,35,0.05750000000000033
55,D82047,Candesartan Cilexetil_Tab 16mg,0205052C0AAADAD,6,0.029399999999999968
56,D82047,Clopidogrel_Tab 75mg,0209000C0AAAAAA,27,0.13229999999999986
57,D82047,Montelukast_Tab 10mg,0303020G0AAABAB,10,24.387999999999995
58,D82047,Paracet_Tab 500mg,0407010H0AAAMAM,124,19.78240000000002
59,D82047,Sertraline HCl_Tab 100mg,0403030Q0AAABAB,93,0.6241999999999999
60,D82048,Atorvastatin_Tab 10mg,0212000B0AAAAAA,189,23.206400000000016
61,D82048,Atorvastatin_Tab 40mg,0212000B0AAACAC,85,66.9256
62,D82048,Candesartan Cilexetil_Tab 16mg,0205052C0AAADAD,25,0.12249999999999986
63,D82048,Clopidogrel_Tab 75mg,0209000C0AAAAAA,165,58.88190000000001
64,D82048,Memantine HCl_Tab 20mg,0411000G0AAADAD,4,0.01959999999999998
65,D82048,Montelukast_Tab 10mg,0303020G0AAABAB,49,170.65720000000002
66,D82048,Paracet_Tab 500mg,0407010H0AAAMAM,432,53.07839999999999
67,D82048,Sertraline HCl_Tab 100mg,0403030Q0AAABAB,51,0.13920000000000035
68,D82060,Atorvastatin_Tab 10mg,0212000B0AAAAAA,52,46.505199999999995
69,D82060,Atorvastatin_Tab 20mg,0212000B0AAABAB,87,160.524
70,D82060,Candesartan Cilexetil_Tab 16mg,0205052C0AAADAD,4,0.01959999999999998
71,D82060,Candesartan Cilexetil_Tab 4mg,0205052C0AAABAB,10,7.4479999999999995
72,D82060,Clopidogrel_Tab 75mg,0209000C0AAAAAA,70,62.193200000000004
73,D82060,Memantine HCl_Tab 20mg,0411000G0AAADAD,12,171.0212
74,D82060,Montelukast_Tab 10mg,0303020G0AAABAB,8,24.3712
75,D82060,Paracet_Tab 500mg,0407010H0AAAMAM,108,24.792000000000005
76,D82060,Sertraline HCl_Tab 100mg,0403030Q0AAABAB,34,0.09240000000000051
77,D82069,Atorvastatin_Tab 10mg,0212000B0AAAAAA,92,23.31630000000001
78,D82069,Clopidogrel_Tab 75mg,0209000C0AAAAAA,12,0.058799999999999936
79,D82069,Paracet_Tab 500mg,0407010H0AAAMAM,92,10.046400000000014
80,D82071,Atorvastatin_Tab 10mg,0212000B0AAAAAA,210,936.7932
81,D82071,Atorvastatin_Tab 20mg,0212000B0AAABAB,288,450.72720000000004
82,D82071,Atorvastatin_Tab 40mg,0212000B0AAACAC,275,356.86840000000007
83,D82071,Candesartan Cilexetil_Tab 16mg,0205052C0AAADAD,114,412.5702
84,D82071,Candesartan Cilexetil_Tab 4mg,0205052C0AAABAB,120,394.828
85,D82071,Clopidogrel_Tab 75mg,0209000C0AAAAAA,186,113.7227
86,D82071,Memantine HCl_Tab 20mg,0411000G0AAADAD,3,0.014699999999999984
87,D82071,Montelukast_Tab 10mg,0303020G0AAABAB,89,219.3632
88,D82071,Paracet_Tab 500mg,0407010H0AAAMAM,632,222.31440000000003
89,D82071,Sertraline HCl_Tab 100mg,0403030Q0AAABAB,113,352.3442999999999
90,D82073,Atorvastatin_Tab 10mg,0212000B0AAAAAA,4,0.008400000000000046
91,D82073,Candesartan Cilexetil_Tab 16mg,0205052C0AAADAD,21,10.917900000000001
92,D82073,Clopidogrel_Tab 75mg,0209000C0AAAAAA,56,0.2743999999999997
93,D82073,Memantine HCl_Tab 20mg,0411000G0AAADAD,2,0.00979999999999999
94,D82073,Montelukast_Tab 10mg,0303020G0AAABAB,20,24.360000000000003
95,D82073,Paracet_Tab 500mg,0407010H0AAAMAM,102,-0.2483999999999985
96,D82073,Sertraline HCl_Tab 100mg,0403030Q0AAABAB,24,0.0735000000000004
97,D82076,Atorvastatin_Tab 20mg,0212000B0AAABAB,2,0.002400000000000152
98,D82076,Candesartan Cilexetil_Tab 16mg,0205052C0AAADAD,4,0.01959999999999998
99,D82076,Clopidogrel_Tab 75mg,0209000C0AAAAAA,15,0.07349999999999993
100,D82076,Memantine HCl_Tab 20mg,0411000G0AAADAD,11,57.0164
101,D82076,Montelukast_Tab 10mg,0303020G0AAABAB,18,50.702400000000004
102,D82076,Paracet_Tab 500mg,0407010H0AAAMAM,34,0.009199999999999944
103,D82076,Sertraline HCl_Tab 100mg,0403030Q0AAABAB,36,0.08610000000000047
104,D82087,Atorvastatin_Tab 10mg,0212000B0AAAAAA,4,0.008400000000000046
105,D82087,Atorvastatin_Tab 40mg,0212000B0AAACAC,2,-0.0059999999999997555
106,D82087,Clopidogrel_Tab 75mg,0209000C0AAAAAA,4,0.01959999999999998
107,D82087,Memantine HCl_Tab 20mg,0411000G0AAADAD,3,0.014699999999999984
108,D82087,Paracet_Tab 500mg,0407010H0AAAMAM,18,-0.07759999999999953
109,D82087,Sertraline HCl_Tab 100mg,0403030Q0AAABAB,44,0.12450000000000061
110,D82088,Paracet_Tab 500mg,0407010H0AAAMAM,2,-0.011199999999999932
111,D82088,Sertraline HCl_Tab 100mg,0403030Q0AAABAB,4,0.016800000000000093
112,D82096,Atorvastatin_Tab 10mg,0212000B0AAAAAA,5,0.010500000000000058
113,D82096,Atorvastatin_Tab 20mg,0212000B0AAABAB,54,90.1152
114,D82096,Clopidogrel_Tab 75mg,0209000C0AAAAAA,9,0.04409999999999995
115,D82096,Paracet_Tab 500mg,0407010H0AAAMAM,260,51.99200000000005
116,D82096,Sertraline HCl_Tab 100mg,0403030Q0AAABAB,10,0.025200000000000188
117,D82106,Atorvastatin_Tab 10mg,0212000B0AAAAAA,23,0.048300000000000266
118,D82106,Candesartan Cilexetil_Tab 16mg,0205052C0AAADAD,4,0.01959999999999998
119,D82106,Clopidogrel_Tab 75mg,0209000C0AAAAAA,15,0.07349999999999993
120,D82106,Memantine HCl_Tab 20mg,0411000G0AAADAD,4,0.01959999999999998
121,D82106,Montelukast_Tab 10mg,0303020G0AAABAB,12,48.753600000000006
122,D82106,Paracet_Tab 500mg,0407010H0AAAMAM,64,33.546800000000005
123,D82106,Sertraline HCl_Tab 100mg,0403030Q0AAABAB,14,0.029400000000000162
124,D82641,Atorvastatin_Tab 10mg,0212000B0AAAAAA,2,0.008400000000000046
125,D82641,Paracet_Tab 500mg,0407010H0AAAMAM,120,-0.47999999999999876
126,D82641,Sertraline HCl_Tab 100mg,0403030Q0AAABAB,84,0.24150000000000055
127,Y00502,Atorvastatin_Tab 10mg,0212000B0AAAAAA,1,0.0039000000000000076
128,Y00502,Paracet_Tab 500mg,0407010H0AAAMAM,6,0.02999999999999982
129,Y00502,Sertraline HCl_Tab 100mg,0403030Q0AAABAB,9,0.02310000000000012
130,Y02751,Atorvastatin_Tab 10mg,0212000B0AAAAAA,8,0.016800000000000093
131,Y02751,Atorvastatin_Tab 20mg,0212000B0AAABAB,2,0.0006000000000001421
132,Y02751,Candesartan Cilexetil_Tab 16mg,0205052C0AAADAD,4,0.01959999999999998
133,Y02751,Clopidogrel_Tab 75mg,0209000C0AAAAAA,16,0.07839999999999991
134,Y02751,Paracet_Tab 500mg,0407010H0AAAMAM,210,323.5072
135,Y02751,Sertraline HCl_Tab 100mg,0403030Q0AAABAB,78,0.2021000000000011
136,Y03595,Atorvastatin_Tab 10mg,0212000B0AAAAAA,62,23.1525
137,Y03595,Clopidogrel_Tab 75mg,0209000C0AAAAAA,66,8.834699999999994
138,Y03595,Memantine HCl_Tab 20mg,0411000G0AAADAD,4,63.896
139,Y03595,Montelukast_Tab 10mg,0303020G0AAABAB,38,121.93440000000001
140,Y03595,Paracet_Tab 500mg,0407010H0AAAMAM,164,8.200000000000006
141,Y03595,Sertraline HCl_Tab 100mg,0403030Q0AAABAB,54,0.14470000000000038
