,practice_code,bnf_description,bnf_code,items,excess_cost
0,N81007,Amisulpride_Tab 400mg,0402010A0AAAEAE,2,181.98000000000002
1,N81007,Atorvastatin_Tab 10mg,0212000B0AAAAAA,29,23.223200000000002
2,N81007,Atorvastatin_Tab 20mg,0212000B0AAABAB,239,22.7528
3,N81007,Memantine HCl_Tab 20mg,0411000G0AAADAD,6,63.89039999999999
4,N81007,Paracet_Tab 500mg,0407010H0AAAMAM,234,42.88720000000003
5,N81007,Pregabalin_Cap 150mg,0408010AEAAAEAE,5,0.028000000000000802
6,N81007,Pregabalin_Cap 50mg,0408010AEAAABAB,23,57.145199999999996
7,N81012,Atorvastatin_Tab 10mg,0212000B0AAAAAA,4,0.008400000000000046
8,N81012,Memantine HCl_Tab 20mg,0411000G0AAADAD,6,63.89039999999999
9,N81012,Montelukast_Tab 10mg,0303020G0AAABAB,1,-0.004299999999999998
10,N81012,Paracet_Tab 500mg,0407010H0AAAMAM,164,32.860800000000026
11,N81012,Pregabalin_Cap 150mg,0408010AEAAAEAE,6,0.025200000000000722
12,N81012,Pregabalin_Cap 300mg,0408010AEAAAGAG,18,56.1456
13,N81012,Pregabalin_Cap 50mg,0408010AEAAABAB,9,0.04340000000000027
14,N81014,Atorvastatin_Tab 10mg,0212000B0AAAAAA,55,12.166000000000006
15,N81014,Atorvastatin_Tab 20mg,0212000B0AAABAB,126,22.57920000000001
16,N81014,Memantine HCl_Tab 20mg,0411000G0AAADAD,5,63.896
17,N81014,Paracet_Tab 500mg,0407010H0AAAMAM,204,40.45760000000005
18,N81014,Pregabalin_Cap 150mg,0408010AEAAAEAE,3,0.01680000000000048
19,N81014,Pregabalin_Cap 50mg,0408010AEAAABAB,10,0.00560000000000016
20,N81020,Atorvastatin_Tab 10mg,0212000B0AAAAAA,47,34.9069
21,N81020,Atorvastatin_Tab 20mg,0212000B0AAABAB,195,45.31800000000001
22,N81020,Memantine HCl_Tab 20mg,0411000G0AAADAD,30,127.81370000000001
23,N81020,Montelukast_Tab 10mg,0303020G0AAABAB,15,48.76199999999999
24,N81020,Paracet_Tab 500mg,0407010H0AAAMAM,540,159.18800000000005
25,N81020,Pregabalin_Cap 150mg,0408010AEAAAEAE,7,0.028000000000000802
26,N81020,Pregabalin_Cap 300mg,0408010AEAAAGAG,7,56.095200000000006
27,N81020,Pregabalin_Cap 50mg,0408010AEAAABAB,18,0.0840000000000024
28,N81028,Atorvastatin_Tab 10mg,0212000B0AAAAAA,149,162.70799999999997
29,N81028,Atorvastatin_Tab 20mg,0212000B0AAABAB,48,22.534000000000002
30,N81028,Montelukast_Tab 10mg,0303020G0AAABAB,16,24.371199999999998
31,N81028,Paracet_Tab 500mg,0407010H0AAAMAM,50,5.0847999999999995
32,N81028,Pregabalin_Cap 150mg,0408010AEAAAEAE,6,0.03360000000000096
33,N81028,Pregabalin_Cap 50mg,0408010AEAAABAB,4,0.014000000000000401
34,N81036,Amisulpride_Tab 400mg,0402010A0AAAEAE,1,0.5220000000000025
35,N81036,Atorvastatin_Tab 10mg,0212000B0AAAAAA,1,34.918800000000005
36,N81036,Memantine HCl_Tab 20mg,0411000G0AAADAD,5,63.896
37,N81036,Montelukast_Tab 10mg,0303020G0AAABAB,3,18.2896
38,N81036,Paracet_Tab 500mg,0407010H0AAAMAM,116,101.01279999999997
39,N81036,Pregabalin_Cap 150mg,0408010AEAAAEAE,4,0.01120000000000032
40,N81036,Pregabalin_Cap 50mg,0408010AEAAABAB,12,0.05180000000000051
41,N81041,Memantine HCl_Tab 20mg,0411000G0AAADAD,2,0.00979999999999999
42,N81041,Paracet_Tab 500mg,0407010H0AAAMAM,262,52.095200000000006
43,N81041,Pregabalin_Cap 150mg,0408010AEAAAEAE,4,0.014400000000000579
44,N81041,Pregabalin_Cap 50mg,0408010AEAAABAB,26,0.13020000000000276
45,N81048,Amisulpride_Tab 400mg,0402010A0AAAEAE,3,0.8428000000000051
46,N81048,Atorvastatin_Tab 20mg,0212000B0AAABAB,1,-0.0029999999999998778
47,N81048,Clindamycin HCl_Cap 150mg,0501060D0AAABAB,1,-0.02000000000000335
48,N81048,Montelukast_Tab 10mg,0303020G0AAABAB,1,0.006200000000000178
49,N81048,Paracet_Tab 500mg,0407010H0AAAMAM,68,0.38759999999999784
50,N81048,Pregabalin_Cap 150mg,0408010AEAAAEAE,10,0.028000000000000802
51,N81048,Pregabalin_Cap 50mg,0408010AEAAABAB,9,0.03360000000000096
52,N81056,Amisulpride_Tab 400mg,0402010A0AAAEAE,2,0.9632000000000058
53,N81056,Atorvastatin_Tab 10mg,0212000B0AAAAAA,1,0.0021000000000000116
54,N81056,Paracet_Tab 500mg,0407010H0AAAMAM,8,-0.04479999999999973
55,N81056,Pregabalin_Cap 150mg,0408010AEAAAEAE,17,0.03640000000000221
56,N81056,Pregabalin_Cap 300mg,0408010AEAAAGAG,4,0.019599999999999784
57,N81056,Pregabalin_Cap 50mg,0408010AEAAABAB,6,0.00840000000000024
58,N81059,Atorvastatin_Tab 10mg,0212000B0AAAAAA,125,127.74699999999999
59,N81059,Atorvastatin_Tab 20mg,0212000B0AAABAB,339,90.87450000000003
60,N81059,Montelukast_Tab 10mg,0303020G0AAABAB,40,24.416000000000007
61,N81059,Paracet_Tab 500mg,0407010H0AAAMAM,370,101.34880000000007
62,N81059,Pregabalin_Cap 150mg,0408010AEAAAEAE,6,0.023800000000001265
63,N81059,Pregabalin_Cap 50mg,0408010AEAAABAB,16,0.04760000000000136
64,N81065,Atorvastatin_Tab 10mg,0212000B0AAAAAA,1,0.004200000000000023
65,N81065,Atorvastatin_Tab 20mg,0212000B0AAABAB,97,22.576200000000014
66,N81065,Memantine HCl_Tab 20mg,0411000G0AAADAD,1,0.002799999999999997
67,N81065,Paracet_Tab 500mg,0407010H0AAAMAM,208,15.07600000000003
68,N81065,Pregabalin_Cap 150mg,0408010AEAAAEAE,6,0.03360000000000096
69,N81065,Pregabalin_Cap 50mg,0408010AEAAABAB,5,0.028000000000000802
70,N81075,Amisulpride_Tab 400mg,0402010A0AAAEAE,1,0.5220000000000025
71,N81075,Atorvastatin_Tab 10mg,0212000B0AAAAAA,24,0.029300000000000284
72,N81075,Atorvastatin_Tab 20mg,0212000B0AAABAB,2,0.003200000000000175
73,N81075,Clindamycin HCl_Cap 150mg,0501060D0AAABAB,2,-0.011200000000001875
74,N81075,Montelukast_Tab 10mg,0303020G0AAABAB,1,0.0034000000000000974
75,N81075,Paracet_Tab 500mg,0407010H0AAAMAM,70,0.13999999999999913
76,N81075,Pregabalin_Cap 150mg,0408010AEAAAEAE,2,0.01120000000000032
77,N81075,Pregabalin_Cap 50mg,0408010AEAAABAB,16,0.025200000000000333
78,N81083,Atorvastatin_Tab 10mg,0212000B0AAAAAA,17,0.0357000000000002
79,N81083,Atorvastatin_Tab 20mg,0212000B0AAABAB,89,22.67720000000001
80,N81083,Montelukast_Tab 10mg,0303020G0AAABAB,22,24.393600000000003
81,N81083,Paracet_Tab 500mg,0407010H0AAAMAM,50,-6.834399999999995
82,N81083,Pregabalin_Cap 150mg,0408010AEAAAEAE,6,0.02240000000000064
83,N81083,Pregabalin_Cap 300mg,0408010AEAAAGAG,4,0.019599999999999784
84,N81083,Pregabalin_Cap 50mg,0408010AEAAABAB,4,0.02240000000000064
85,N81089,Atorvastatin_Tab 10mg,0212000B0AAAAAA,9,0.021000000000000116
86,N81089,Atorvastatin_Tab 20mg,0212000B0AAABAB,95,90.44000000000001
87,N81089,Montelukast_Tab 10mg,0303020G0AAABAB,53,24.3376
88,N81089,Paracet_Tab 500mg,0407010H0AAAMAM,326,173.96840000000006
89,N81089,Pregabalin_Cap 150mg,0408010AEAAAEAE,35,56.63280000000002
90,N81089,Pregabalin_Cap 300mg,0408010AEAAAGAG,21,112.19039999999998
91,N81089,Pregabalin_Cap 50mg,0408010AEAAABAB,27,114.18960000000001
92,N81097,Paracet_Tab 500mg,0407010H0AAAMAM,6,0.012799999999999923
93,N81097,Pregabalin_Cap 150mg,0408010AEAAAEAE,7,0.026600000000000762
94,N81097,Pregabalin_Cap 50mg,0408010AEAAABAB,2,0.00280000000000008
95,N81107,Paracet_Tab 500mg,0407010H0AAAMAM,32,-0.05799999999999965
96,N81107,Pregabalin_Cap 150mg,0408010AEAAAEAE,4,0.014000000000000401
97,N81107,Pregabalin_Cap 50mg,0408010AEAAABAB,2,0.01120000000000032
98,N81108,Paracet_Tab 500mg,0407010H0AAAMAM,212,29.23520000000001
99,N81108,Pregabalin_Cap 150mg,0408010AEAAAEAE,16,113.07520000000001
100,N81108,Pregabalin_Cap 50mg,0408010AEAAABAB,14,0.061600000000001764
101,N81109,Atorvastatin_Tab 10mg,0212000B0AAAAAA,17,11.6144
102,N81109,Paracet_Tab 500mg,0407010H0AAAMAM,58,-2.319999999999986
103,N81109,Pregabalin_Cap 50mg,0408010AEAAABAB,4,0.02240000000000064
104,N81114,Atorvastatin_Tab 10mg,0212000B0AAAAAA,36,23.284800000000004
105,N81114,Atorvastatin_Tab 20mg,0212000B0AAABAB,246,113.01360000000004
106,N81114,Clindamycin HCl_Cap 150mg,0501060D0AAABAB,1,-0.0056000000000009376
107,N81114,Montelukast_Tab 10mg,0303020G0AAABAB,40,60.97
108,N81114,Paracet_Tab 500mg,0407010H0AAAMAM,250,83.20079999999997
109,N81114,Pregabalin_Cap 150mg,0408010AEAAAEAE,8,0.024600000000001204
110,N81114,Pregabalin_Cap 50mg,0408010AEAAABAB,4,0.011600000000000221
111,N81122,Atorvastatin_Tab 20mg,0212000B0AAABAB,139,67.72080000000003
112,N81122,Paracet_Tab 500mg,0407010H0AAAMAM,178,33.0296
113,N81122,Pregabalin_Cap 150mg,0408010AEAAAEAE,4,0.02240000000000064
114,N81122,Pregabalin_Cap 300mg,0408010AEAAAGAG,5,0.02449999999999973
115,N81122,Pregabalin_Cap 50mg,0408010AEAAABAB,3,0.00840000000000024
116,N81623,Atorvastatin_Tab 10mg,0212000B0AAAAAA,4,0.008400000000000046
117,N81623,Pregabalin_Cap 50mg,0408010AEAAABAB,1,0.00560000000000016
118,N81628,Amisulpride_Tab 400mg,0402010A0AAAEAE,3,1.3648000000000076
119,N81628,Atorvastatin_Tab 10mg,0212000B0AAAAAA,67,23.312100000000008
120,N81628,Atorvastatin_Tab 20mg,0212000B0AAABAB,122,22.545600000000007
121,N81628,Paracet_Tab 500mg,0407010H0AAAMAM,154,23.440800000000017
122,N81628,Pregabalin_Cap 150mg,0408010AEAAAEAE,30,59.8416
123,N81628,Pregabalin_Cap 50mg,0408010AEAAABAB,8,0.03640000000000104
124,N81637,Paracet_Tab 500mg,0407010H0AAAMAM,8,0.022399999999999864
125,N81637,Pregabalin_Cap 50mg,0408010AEAAABAB,2,0.00280000000000008
126,N81645,Atorvastatin_Tab 20mg,0212000B0AAABAB,83,22.5428
127,N81645,Paracet_Tab 500mg,0407010H0AAAMAM,84,50.552000000000014
128,Y01108,Clindamycin HCl_Cap 150mg,0501060D0AAABAB,1,190.36799999999997
129,Y01108,Montelukast_Tab 10mg,0303020G0AAABAB,3,24.376800000000003
130,Y01108,Paracet_Tab 500mg,0407010H0AAAMAM,64,33.009600000000006
131,Y01108,Pregabalin_Cap 150mg,0408010AEAAAEAE,1,28.2744
132,Y01108,Pregabalin_Cap 50mg,0408010AEAAABAB,10,85.65759999999999
133,Y04925,Atorvastatin_Tab 10mg,0212000B0AAAAAA,43,34.90200000000001
134,Y04925,Atorvastatin_Tab 20mg,0212000B0AAABAB,36,67.6032
135,Y04925,Montelukast_Tab 10mg,0303020G0AAABAB,5,0.9940000000000003
136,Y04925,Pregabalin_Cap 150mg,0408010AEAAAEAE,2,0.01120000000000032
137,Y04925,Pregabalin_Cap 50mg,0408010AEAAABAB,2,0.01120000000000032
138,Y04926,Paracet_Tab 500mg,0407010H0AAAMAM,2,-0.011199999999999932
139,Y04926,Pregabalin_Cap 50mg,0408010AEAAABAB,1,0.00560000000000016
