,practice_code,bnf_description,bnf_code,items,excess_cost
0,G85109,Mesalazine_Tab E/C 800mg,0105010B0AAASAS,3,103.31999999999998
1,G85011,Mesalazine_Tab E/C 800mg,0105010B0AAASAS,1,68.87999999999998
6,G85016,Risperidone_Tab 6mg,040201030AAAFAF,8,58.464
2,G85690,Mesalazine_Tab E/C 800mg,0105010B0AAASAS,1,34.43999999999999
3,G85662,Mesalazine_Tab E/C 800mg,0105010B0AAASAS,1,34.43999999999999
7,G85073,Risperidone_Tab 6mg,040201030AAAFAF,4,29.232
8,G85021,Risperidone_Tab 6mg,040201030AAAFAF,1,29.2096
160,G85695,Venlafaxine_Cap 150mg M/R,0403040W0AAAEAE,2,26.9976
9,G85647,Risperidone_Tab 6mg,040201030AAAFAF,1,14.6048
329,G85025,Topiramate_Tab 200mg,040801050AAACAC,2,4.979999999999998
328,G85118,Topiramate_Tab 200mg,040801050AAACAC,1,4.979999999999998
420,G85136,Topiramate_Cap 50mg,040801050AAAWAW,1,4.793599999999994
421,G85662,Topiramate_Cap 50mg,040801050AAAWAW,1,4.259999999999997
10,G85053,Clonazepam_Tab 500mcg,0408010F0AAABAB,4,3.796799999999992
336,G85130,Buprenorphine_Tab Subling 400mcg S/F,0410030A0AAACAC,1,3.0464
335,G85028,Buprenorphine_Tab Subling 400mcg S/F,0410030A0AAACAC,4,3.0464
11,G85130,Clonazepam_Tab 500mcg,0408010F0AAABAB,1,2.847599999999994
12,G85708,Clonazepam_Tab 500mcg,0408010F0AAABAB,9,2.847599999999994
13,G85129,Clonazepam_Tab 500mcg,0408010F0AAABAB,1,2.7119999999999944
422,G85724,Topiramate_Cap 50mg,040801050AAAWAW,1,2.567999999999997
14,G85022,Clonazepam_Tab 500mcg,0408010F0AAABAB,8,2.531199999999995
16,G85127,Clonazepam_Tab 500mcg,0408010F0AAABAB,4,2.531199999999995
15,G85002,Clonazepam_Tab 500mcg,0408010F0AAABAB,2,2.531199999999995
330,G85083,Topiramate_Tab 200mg,040801050AAACAC,1,2.489999999999999
334,G85109,Topiramate_Tab 200mg,040801050AAACAC,4,2.307200000000001
333,G85073,Topiramate_Tab 200mg,040801050AAACAC,4,2.307200000000001
332,G85044,Topiramate_Tab 200mg,040801050AAACAC,4,2.307200000000001
331,G85123,Topiramate_Tab 200mg,040801050AAACAC,4,2.307200000000001
337,G85039,Buprenorphine_Tab Subling 400mcg S/F,0410030A0AAACAC,4,2.2848
338,G85011,Buprenorphine_Tab Subling 400mcg S/F,0410030A0AAACAC,1,2.2848
19,G85102,Clonazepam_Tab 500mcg,0408010F0AAABAB,2,2.2599999999999953
18,G85096,Clonazepam_Tab 500mcg,0408010F0AAABAB,1,2.2599999999999953
17,G85039,Clonazepam_Tab 500mcg,0408010F0AAABAB,2,2.2599999999999953
20,Y01962,Clonazepam_Tab 500mcg,0408010F0AAABAB,1,2.033999999999996
25,G85002,Clonazepam_Tab 500mcg,0408010F0AAABAB,1,1.898399999999996
24,G85127,Clonazepam_Tab 500mcg,0408010F0AAABAB,2,1.898399999999996
23,G85021,Clonazepam_Tab 500mcg,0408010F0AAABAB,4,1.898399999999996
22,G85014,Clonazepam_Tab 500mcg,0408010F0AAABAB,1,1.898399999999996
21,G85130,Clonazepam_Tab 500mcg,0408010F0AAABAB,3,1.898399999999996
26,G85002,Clonazepam_Tab 500mcg,0408010F0AAABAB,22,1.7401999999999964
28,G85647,Clonazepam_Tab 500mcg,0408010F0AAABAB,4,1.5819999999999967
27,G85130,Clonazepam_Tab 500mcg,0408010F0AAABAB,5,1.5819999999999967
339,G85045,Buprenorphine_Tab Subling 400mcg S/F,0410030A0AAACAC,4,1.5232
340,G85028,Buprenorphine_Tab Subling 400mcg S/F,0410030A0AAACAC,4,1.5232
341,G85083,Buprenorphine_Tab Subling 400mcg S/F,0410030A0AAACAC,1,1.5232
342,G85135,Buprenorphine_Tab Subling 400mcg S/F,0410030A0AAACAC,2,1.5232
343,G85016,Buprenorphine_Tab Subling 400mcg S/F,0410030A0AAACAC,1,1.5232
30,G85109,Clonazepam_Tab 500mcg,0408010F0AAABAB,1,1.423799999999997
29,G85118,Clonazepam_Tab 500mcg,0408010F0AAABAB,9,1.423799999999997
288,G85706,Amiodarone HCl_Tab 200mg,0203020D0AAABAB,2,1.4000000000000012
287,G85039,Amiodarone HCl_Tab 200mg,0203020D0AAABAB,2,1.4000000000000012
286,G85102,Amiodarone HCl_Tab 200mg,0203020D0AAABAB,2,1.4000000000000012
34,G85016,Clonazepam_Tab 500mcg,0408010F0AAABAB,2,1.3559999999999972
33,G85044,Clonazepam_Tab 500mcg,0408010F0AAABAB,1,1.3559999999999972
32,G85695,Clonazepam_Tab 500mcg,0408010F0AAABAB,1,1.3559999999999972
31,G85706,Clonazepam_Tab 500mcg,0408010F0AAABAB,1,1.3559999999999972
423,G85137,Topiramate_Cap 50mg,040801050AAAWAW,1,1.2839999999999985
424,G85039,Topiramate_Cap 50mg,040801050AAAWAW,1,1.2839999999999985
44,G85708,Clonazepam_Tab 500mcg,0408010F0AAABAB,1,1.2655999999999974
45,G85724,Clonazepam_Tab 500mcg,0408010F0AAABAB,2,1.2655999999999974
37,G85724,Clonazepam_Tab 500mcg,0408010F0AAABAB,4,1.2655999999999974
38,G85109,Clonazepam_Tab 500mcg,0408010F0AAABAB,2,1.2655999999999974
39,G85135,Clonazepam_Tab 500mcg,0408010F0AAABAB,8,1.2655999999999974
40,G85662,Clonazepam_Tab 500mcg,0408010F0AAABAB,2,1.2655999999999974
41,G85053,Clonazepam_Tab 500mcg,0408010F0AAABAB,2,1.2655999999999974
42,G85022,Clonazepam_Tab 500mcg,0408010F0AAABAB,1,1.2655999999999974
43,G85016,Clonazepam_Tab 500mcg,0408010F0AAABAB,2,1.2655999999999974
35,G85136,Clonazepam_Tab 500mcg,0408010F0AAABAB,8,1.2655999999999974
36,G85021,Clonazepam_Tab 500mcg,0408010F0AAABAB,2,1.2655999999999974
344,G85011,Buprenorphine_Tab Subling 400mcg S/F,0410030A0AAACAC,1,1.1424
49,G85054,Clonazepam_Tab 500mcg,0408010F0AAABAB,1,1.1299999999999977
48,G85690,Clonazepam_Tab 500mcg,0408010F0AAABAB,1,1.1299999999999977
47,G85011,Clonazepam_Tab 500mcg,0408010F0AAABAB,1,1.1299999999999977
46,G85025,Clonazepam_Tab 500mcg,0408010F0AAABAB,1,1.1299999999999977
50,G85022,Clonazepam_Tab 500mcg,0408010F0AAABAB,1,1.1299999999999977
51,G85045,Clonazepam_Tab 500mcg,0408010F0AAABAB,1,1.1299999999999977
52,G85706,Clonazepam_Tab 500mcg,0408010F0AAABAB,1,1.1299999999999977
348,G85028,Omeprazole_Cap E/C 20mg,0103050P0AAAAAA,227,1.1122999999999987
53,G85662,Clonazepam_Tab 500mcg,0408010F0AAABAB,7,1.1073999999999977
54,G85022,Clonazepam_Tab 500mcg,0408010F0AAABAB,1,1.1073999999999977
345,G85011,Buprenorphine_Tab Subling 400mcg S/F,0410030A0AAACAC,1,1.0569000000000006
289,G85102,Amiodarone HCl_Tab 200mg,0203020D0AAABAB,1,1.050000000000001
291,G85022,Amiodarone HCl_Tab 200mg,0203020D0AAABAB,1,1.050000000000001
292,G85706,Amiodarone HCl_Tab 200mg,0203020D0AAABAB,1,1.050000000000001
290,G85039,Amiodarone HCl_Tab 200mg,0203020D0AAABAB,1,1.050000000000001
56,G85662,Clonazepam_Tab 500mcg,0408010F0AAABAB,1,1.016999999999998
55,G85054,Clonazepam_Tab 500mcg,0408010F0AAABAB,1,1.016999999999998
349,G85016,Omeprazole_Cap E/C 20mg,0103050P0AAAAAA,195,0.9554999999999989
59,G85708,Clonazepam_Tab 500mcg,0408010F0AAABAB,1,0.949199999999998
57,G85086,Clonazepam_Tab 500mcg,0408010F0AAABAB,1,0.949199999999998
58,G85039,Clonazepam_Tab 500mcg,0408010F0AAABAB,1,0.949199999999998
71,Y03063,Clonazepam_Tab 500mcg,0408010F0AAABAB,4,0.949199999999998
65,G85109,Clonazepam_Tab 500mcg,0408010F0AAABAB,1,0.949199999999998
60,G85039,Clonazepam_Tab 500mcg,0408010F0AAABAB,3,0.949199999999998
61,Y00020,Clonazepam_Tab 500mcg,0408010F0AAABAB,1,0.949199999999998
62,G85118,Clonazepam_Tab 500mcg,0408010F0AAABAB,4,0.949199999999998
63,G85123,Clonazepam_Tab 500mcg,0408010F0AAABAB,1,0.949199999999998
64,G85118,Clonazepam_Tab 500mcg,0408010F0AAABAB,1,0.949199999999998
72,G85136,Clonazepam_Tab 500mcg,0408010F0AAABAB,3,0.949199999999998
70,G85137,Clonazepam_Tab 500mcg,0408010F0AAABAB,4,0.949199999999998
69,G85135,Clonazepam_Tab 500mcg,0408010F0AAABAB,3,0.949199999999998
68,G85014,Clonazepam_Tab 500mcg,0408010F0AAABAB,3,0.949199999999998
67,G85021,Clonazepam_Tab 500mcg,0408010F0AAABAB,3,0.949199999999998
66,G85022,Clonazepam_Tab 500mcg,0408010F0AAABAB,1,0.949199999999998
167,G85016,Aspirin Disper_Tab 75mg,0209000A0AAABAB,316,0.8847999999999947
166,G85016,Aspirin Disper_Tab 75mg,0209000A0AAABAB,316,0.8847999999999947
168,G85028,Aspirin Disper_Tab 75mg,0209000A0AAABAB,311,0.8707999999999947
169,G85028,Aspirin Disper_Tab 75mg,0209000A0AAABAB,311,0.8707999999999947
350,G85135,Omeprazole_Cap E/C 20mg,0103050P0AAAAAA,174,0.852599999999999
74,G85022,Clonazepam_Tab 500mcg,0408010F0AAABAB,5,0.7909999999999984
73,G85054,Clonazepam_Tab 500mcg,0408010F0AAABAB,5,0.7909999999999984
351,G85054,Omeprazole_Cap E/C 20mg,0103050P0AAAAAA,158,0.7741999999999991
346,G85014,Buprenorphine_Tab Subling 400mcg S/F,0410030A0AAACAC,2,0.7616
352,G85021,Omeprazole_Cap E/C 20mg,0103050P0AAAAAA,146,0.7153999999999993
293,G85690,Amiodarone HCl_Tab 200mg,0203020D0AAABAB,1,0.7000000000000006
301,G85100,Amiodarone HCl_Tab 200mg,0203020D0AAABAB,1,0.7000000000000006
300,G85014,Amiodarone HCl_Tab 200mg,0203020D0AAABAB,1,0.7000000000000006
298,G85053,Amiodarone HCl_Tab 200mg,0203020D0AAABAB,1,0.7000000000000006
295,G85129,Amiodarone HCl_Tab 200mg,0203020D0AAABAB,1,0.7000000000000006
296,G85708,Amiodarone HCl_Tab 200mg,0203020D0AAABAB,1,0.7000000000000006
302,G85002,Amiodarone HCl_Tab 200mg,0203020D0AAABAB,1,0.7000000000000006
303,G85016,Amiodarone HCl_Tab 200mg,0203020D0AAABAB,1,0.7000000000000006
304,G85086,Amiodarone HCl_Tab 200mg,0203020D0AAABAB,1,0.7000000000000006
297,G85118,Amiodarone HCl_Tab 200mg,0203020D0AAABAB,1,0.7000000000000006
305,G85724,Amiodarone HCl_Tab 200mg,0203020D0AAABAB,1,0.7000000000000006
299,G85109,Amiodarone HCl_Tab 200mg,0203020D0AAABAB,1,0.7000000000000006
294,G85025,Amiodarone HCl_Tab 200mg,0203020D0AAABAB,1,0.7000000000000006
83,G85127,Clonazepam_Tab 500mcg,0408010F0AAABAB,2,0.6779999999999986
78,G85100,Clonazepam_Tab 500mcg,0408010F0AAABAB,2,0.6779999999999986
82,G85045,Clonazepam_Tab 500mcg,0408010F0AAABAB,2,0.6779999999999986
81,G85096,Clonazepam_Tab 500mcg,0408010F0AAABAB,1,0.6779999999999986
80,G85674,Clonazepam_Tab 500mcg,0408010F0AAABAB,1,0.6779999999999986
79,G85022,Clonazepam_Tab 500mcg,0408010F0AAABAB,1,0.6779999999999986
77,G85002,Clonazepam_Tab 500mcg,0408010F0AAABAB,1,0.6779999999999986
76,G85016,Clonazepam_Tab 500mcg,0408010F0AAABAB,2,0.6779999999999986
75,G85002,Clonazepam_Tab 500mcg,0408010F0AAABAB,2,0.6779999999999986
353,G85708,Omeprazole_Cap E/C 20mg,0103050P0AAAAAA,136,0.6663999999999992
84,G85045,Clonazepam_Tab 500mcg,0408010F0AAABAB,1,0.6327999999999987
85,G85647,Clonazepam_Tab 500mcg,0408010F0AAABAB,4,0.6327999999999987
86,G85135,Clonazepam_Tab 500mcg,0408010F0AAABAB,1,0.6327999999999987
92,G85041,Clonazepam_Tab 500mcg,0408010F0AAABAB,1,0.6327999999999987
87,G85014,Clonazepam_Tab 500mcg,0408010F0AAABAB,4,0.6327999999999987
88,G85002,Clonazepam_Tab 500mcg,0408010F0AAABAB,4,0.6327999999999987
91,G85129,Clonazepam_Tab 500mcg,0408010F0AAABAB,1,0.6327999999999987
109,Y03063,Clonazepam_Tab 500mcg,0408010F0AAABAB,4,0.6327999999999987
102,G85054,Clonazepam_Tab 500mcg,0408010F0AAABAB,8,0.6327999999999987
104,G85102,Clonazepam_Tab 500mcg,0408010F0AAABAB,2,0.6327999999999987
105,G85136,Clonazepam_Tab 500mcg,0408010F0AAABAB,8,0.6327999999999987
90,G85047,Clonazepam_Tab 500mcg,0408010F0AAABAB,2,0.6327999999999987
101,G85002,Clonazepam_Tab 500mcg,0408010F0AAABAB,2,0.6327999999999987
106,G85100,Clonazepam_Tab 500mcg,0408010F0AAABAB,1,0.6327999999999987
89,G85028,Clonazepam_Tab 500mcg,0408010F0AAABAB,4,0.6327999999999987
107,G85025,Clonazepam_Tab 500mcg,0408010F0AAABAB,2,0.6327999999999987
108,G85096,Clonazepam_Tab 500mcg,0408010F0AAABAB,8,0.6327999999999987
103,G85073,Clonazepam_Tab 500mcg,0408010F0AAABAB,4,0.6327999999999987
110,G85127,Clonazepam_Tab 500mcg,0408010F0AAABAB,2,0.6327999999999987
100,G85695,Clonazepam_Tab 500mcg,0408010F0AAABAB,1,0.6327999999999987
99,G85039,Clonazepam_Tab 500mcg,0408010F0AAABAB,4,0.6327999999999987
98,G85073,Clonazepam_Tab 500mcg,0408010F0AAABAB,1,0.6327999999999987
97,G85039,Clonazepam_Tab 500mcg,0408010F0AAABAB,8,0.6327999999999987
96,G85133,Clonazepam_Tab 500mcg,0408010F0AAABAB,4,0.6327999999999987
95,G85041,Clonazepam_Tab 500mcg,0408010F0AAABAB,4,0.6327999999999987
94,Y00020,Clonazepam_Tab 500mcg,0408010F0AAABAB,2,0.6327999999999987
93,G85706,Clonazepam_Tab 500mcg,0408010F0AAABAB,2,0.6327999999999987
170,G85135,Aspirin Disper_Tab 75mg,0209000A0AAABAB,221,0.6187999999999962
171,G85135,Aspirin Disper_Tab 75mg,0209000A0AAABAB,221,0.6187999999999962
354,G85053,Omeprazole_Cap E/C 20mg,0103050P0AAAAAA,125,0.6124999999999994
306,G85086,Amiodarone HCl_Tab 200mg,0203020D0AAABAB,7,0.5929
111,G85102,Clonazepam_Tab 500mcg,0408010F0AAABAB,1,0.5699999999999983
112,G85137,Clonazepam_Tab 500mcg,0408010F0AAABAB,1,0.5699999999999983
113,G85022,Clonazepam_Tab 500mcg,0408010F0AAABAB,1,0.5699999999999983
355,G85047,Omeprazole_Cap E/C 20mg,0103050P0AAAAAA,115,0.5634999999999993
114,G85045,Clonazepam_Tab 500mcg,0408010F0AAABAB,7,0.5536999999999989
356,G85014,Omeprazole_Cap E/C 20mg,0103050P0AAAAAA,112,0.5487999999999994
172,G85022,Aspirin Disper_Tab 75mg,0209000A0AAABAB,182,0.5095999999999969
173,G85022,Aspirin Disper_Tab 75mg,0209000A0AAABAB,182,0.5095999999999969
307,G85039,Amiodarone HCl_Tab 200mg,0203020D0AAABAB,6,0.5082
115,G85041,Clonazepam_Tab 500mcg,0408010F0AAABAB,4,0.48839999999999995
117,G85014,Clonazepam_Tab 500mcg,0408010F0AAABAB,6,0.474599999999999
116,G85016,Clonazepam_Tab 500mcg,0408010F0AAABAB,1,0.474599999999999
357,G85011,Omeprazole_Cap E/C 20mg,0103050P0AAAAAA,95,0.46549999999999947
175,G85014,Aspirin Disper_Tab 75mg,0209000A0AAABAB,166,0.4647999999999972
174,G85014,Aspirin Disper_Tab 75mg,0209000A0AAABAB,166,0.4647999999999972
358,G85025,Omeprazole_Cap E/C 20mg,0103050P0AAAAAA,94,0.4605999999999995
177,G85054,Aspirin Disper_Tab 75mg,0209000A0AAABAB,160,0.4479999999999973
176,G85054,Aspirin Disper_Tab 75mg,0209000A0AAABAB,160,0.4479999999999973
359,G85109,Omeprazole_Cap E/C 20mg,0103050P0AAAAAA,88,0.43119999999999953
179,G85053,Aspirin Disper_Tab 75mg,0209000A0AAABAB,154,0.43119999999999736
178,G85053,Aspirin Disper_Tab 75mg,0209000A0AAABAB,154,0.43119999999999736
360,G85083,Omeprazole_Cap E/C 20mg,0103050P0AAAAAA,87,0.4262999999999995
361,Y03063,Omeprazole_Cap E/C 20mg,0103050P0AAAAAA,86,0.42139999999999955
181,Y03063,Aspirin Disper_Tab 75mg,0209000A0AAABAB,146,0.4087999999999975
180,Y03063,Aspirin Disper_Tab 75mg,0209000A0AAABAB,146,0.4087999999999975
362,G85022,Omeprazole_Cap E/C 20mg,0103050P0AAAAAA,83,0.40669999999999956
364,G85690,Omeprazole_Cap E/C 20mg,0103050P0AAAAAA,82,0.40179999999999955
363,G85002,Omeprazole_Cap E/C 20mg,0103050P0AAAAAA,82,0.40179999999999955
118,Y03063,Clonazepam_Tab 500mcg,0408010F0AAABAB,5,0.3954999999999992
119,G85135,Clonazepam_Tab 500mcg,0408010F0AAABAB,5,0.3954999999999992
365,G85039,Omeprazole_Cap E/C 20mg,0103050P0AAAAAA,80,0.39199999999999957
183,G85039,Aspirin Disper_Tab 75mg,0209000A0AAABAB,136,0.3807999999999977
182,G85039,Aspirin Disper_Tab 75mg,0209000A0AAABAB,136,0.3807999999999977
366,G85137,Omeprazole_Cap E/C 20mg,0103050P0AAAAAA,77,0.3772999999999996
185,G85041,Aspirin Disper_Tab 75mg,0209000A0AAABAB,132,0.36959999999999776
184,G85041,Aspirin Disper_Tab 75mg,0209000A0AAABAB,132,0.36959999999999776
186,G85073,Aspirin Disper_Tab 75mg,0209000A0AAABAB,131,0.3667999999999978
187,G85073,Aspirin Disper_Tab 75mg,0209000A0AAABAB,131,0.3667999999999978
315,G85054,Amiodarone HCl_Tab 200mg,0203020D0AAABAB,1,0.3500000000000003
316,G85662,Amiodarone HCl_Tab 200mg,0203020D0AAABAB,1,0.3500000000000003
308,G85039,Amiodarone HCl_Tab 200mg,0203020D0AAABAB,1,0.3500000000000003
314,G85041,Amiodarone HCl_Tab 200mg,0203020D0AAABAB,1,0.3500000000000003
313,G85014,Amiodarone HCl_Tab 200mg,0203020D0AAABAB,1,0.3500000000000003
312,G85016,Amiodarone HCl_Tab 200mg,0203020D0AAABAB,1,0.3500000000000003
311,G85083,Amiodarone HCl_Tab 200mg,0203020D0AAABAB,1,0.3500000000000003
310,Y01962,Amiodarone HCl_Tab 200mg,0203020D0AAABAB,1,0.3500000000000003
309,G85011,Amiodarone HCl_Tab 200mg,0203020D0AAABAB,1,0.3500000000000003
188,G85021,Aspirin Disper_Tab 75mg,0209000A0AAABAB,123,0.34439999999999793
189,G85021,Aspirin Disper_Tab 75mg,0209000A0AAABAB,123,0.34439999999999793
123,G85137,Clonazepam_Tab 500mcg,0408010F0AAABAB,1,0.3389999999999993
120,G85109,Clonazepam_Tab 500mcg,0408010F0AAABAB,1,0.3389999999999993
122,Y00020,Clonazepam_Tab 500mcg,0408010F0AAABAB,1,0.3389999999999993
121,G85053,Clonazepam_Tab 500mcg,0408010F0AAABAB,1,0.3389999999999993
323,G85100,Amiodarone HCl_Tab 200mg,0203020D0AAABAB,4,0.3388
321,G85022,Amiodarone HCl_Tab 200mg,0203020D0AAABAB,4,0.3388
320,G85690,Amiodarone HCl_Tab 200mg,0203020D0AAABAB,4,0.3388
319,G85047,Amiodarone HCl_Tab 200mg,0203020D0AAABAB,4,0.3388
318,G85123,Amiodarone HCl_Tab 200mg,0203020D0AAABAB,4,0.3388
317,G85096,Amiodarone HCl_Tab 200mg,0203020D0AAABAB,4,0.3388
322,G85021,Amiodarone HCl_Tab 200mg,0203020D0AAABAB,4,0.3388
367,G85662,Omeprazole_Cap E/C 20mg,0103050P0AAAAAA,69,0.3380999999999996
368,G85073,Omeprazole_Cap E/C 20mg,0103050P0AAAAAA,68,0.3331999999999996
369,G85118,Omeprazole_Cap E/C 20mg,0103050P0AAAAAA,68,0.3331999999999996
370,G85086,Omeprazole_Cap E/C 20mg,0103050P0AAAAAA,67,0.32829999999999965
371,G85130,Omeprazole_Cap E/C 20mg,0103050P0AAAAAA,67,0.32829999999999965
372,G85041,Omeprazole_Cap E/C 20mg,0103050P0AAAAAA,66,0.32339999999999963
191,G85133,Aspirin Disper_Tab 75mg,0209000A0AAABAB,115,0.32199999999999807
190,G85133,Aspirin Disper_Tab 75mg,0209000A0AAABAB,115,0.32199999999999807
193,G85011,Aspirin Disper_Tab 75mg,0209000A0AAABAB,114,0.31919999999999804
192,G85011,Aspirin Disper_Tab 75mg,0209000A0AAABAB,114,0.31919999999999804
373,G85706,Omeprazole_Cap E/C 20mg,0103050P0AAAAAA,65,0.3184999999999997
135,G85662,Clonazepam_Tab 500mcg,0408010F0AAABAB,1,0.31639999999999935
127,G85690,Clonazepam_Tab 500mcg,0408010F0AAABAB,1,0.31639999999999935
126,G85045,Clonazepam_Tab 500mcg,0408010F0AAABAB,1,0.31639999999999935
133,G85073,Clonazepam_Tab 500mcg,0408010F0AAABAB,4,0.31639999999999935
132,G85028,Clonazepam_Tab 500mcg,0408010F0AAABAB,4,0.31639999999999935
131,G85073,Clonazepam_Tab 500mcg,0408010F0AAABAB,1,0.31639999999999935
130,G85054,Clonazepam_Tab 500mcg,0408010F0AAABAB,1,0.31639999999999935
129,Y01962,Clonazepam_Tab 500mcg,0408010F0AAABAB,2,0.31639999999999935
128,G85133,Clonazepam_Tab 500mcg,0408010F0AAABAB,1,0.31639999999999935
124,G85647,Clonazepam_Tab 500mcg,0408010F0AAABAB,4,0.31639999999999935
125,G85724,Clonazepam_Tab 500mcg,0408010F0AAABAB,2,0.31639999999999935
134,G85021,Clonazepam_Tab 500mcg,0408010F0AAABAB,4,0.31639999999999935
194,G85130,Aspirin Disper_Tab 75mg,0209000A0AAABAB,104,0.29119999999999824
195,G85130,Aspirin Disper_Tab 75mg,0209000A0AAABAB,104,0.29119999999999824
196,G85690,Aspirin Disper_Tab 75mg,0209000A0AAABAB,103,0.28839999999999827
197,G85690,Aspirin Disper_Tab 75mg,0209000A0AAABAB,103,0.28839999999999827
375,G85045,Omeprazole_Cap E/C 20mg,0103050P0AAAAAA,58,0.2841999999999997
374,G85096,Omeprazole_Cap E/C 20mg,0103050P0AAAAAA,58,0.2841999999999997
198,G85045,Aspirin Disper_Tab 75mg,0209000A0AAABAB,101,0.2827999999999983
199,G85045,Aspirin Disper_Tab 75mg,0209000A0AAABAB,101,0.2827999999999983
136,G85127,Clonazepam_Tab 500mcg,0408010F0AAABAB,1,0.2799999999999997
376,Y00020,Omeprazole_Cap E/C 20mg,0103050P0AAAAAA,57,0.2792999999999997
377,G85044,Omeprazole_Cap E/C 20mg,0103050P0AAAAAA,57,0.2792999999999997
201,Y00020,Aspirin Disper_Tab 75mg,0209000A0AAABAB,99,0.27719999999999834
200,Y00020,Aspirin Disper_Tab 75mg,0209000A0AAABAB,99,0.27719999999999834
378,G85136,Omeprazole_Cap E/C 20mg,0103050P0AAAAAA,56,0.2743999999999997
203,G85047,Aspirin Disper_Tab 75mg,0209000A0AAABAB,97,0.27159999999999834
202,G85047,Aspirin Disper_Tab 75mg,0209000A0AAABAB,97,0.27159999999999834
205,G85102,Aspirin Disper_Tab 75mg,0209000A0AAABAB,96,0.2687999999999984
204,G85102,Aspirin Disper_Tab 75mg,0209000A0AAABAB,96,0.2687999999999984
207,G85662,Aspirin Disper_Tab 75mg,0209000A0AAABAB,93,0.2603999999999984
206,G85662,Aspirin Disper_Tab 75mg,0209000A0AAABAB,93,0.2603999999999984
324,G85014,Amiodarone HCl_Tab 200mg,0203020D0AAABAB,3,0.2541
209,G85025,Aspirin Disper_Tab 75mg,0209000A0AAABAB,90,0.25199999999999845
208,G85025,Aspirin Disper_Tab 75mg,0209000A0AAABAB,90,0.25199999999999845
379,G85647,Omeprazole_Cap E/C 20mg,0103050P0AAAAAA,50,0.24499999999999972
380,G85127,Omeprazole_Cap E/C 20mg,0103050P0AAAAAA,49,0.24009999999999973
212,G85708,Aspirin Disper_Tab 75mg,0209000A0AAABAB,85,0.23799999999999855
213,G85708,Aspirin Disper_Tab 75mg,0209000A0AAABAB,85,0.23799999999999855
211,G85086,Aspirin Disper_Tab 75mg,0209000A0AAABAB,85,0.23799999999999855
210,G85086,Aspirin Disper_Tab 75mg,0209000A0AAABAB,85,0.23799999999999855
137,G85130,Clonazepam_Tab 500mcg,0408010F0AAABAB,3,0.2372999999999995
138,G85123,Clonazepam_Tab 500mcg,0408010F0AAABAB,3,0.2372999999999995
214,G85002,Aspirin Disper_Tab 75mg,0209000A0AAABAB,80,0.22399999999999864
215,G85002,Aspirin Disper_Tab 75mg,0209000A0AAABAB,80,0.22399999999999864
141,G85137,Clonazepam_Tab 500mcg,0408010F0AAABAB,1,0.22199999999999998
139,G85135,Clonazepam_Tab 500mcg,0408010F0AAABAB,1,0.22199999999999998
140,G85011,Clonazepam_Tab 500mcg,0408010F0AAABAB,1,0.22199999999999998
216,G85706,Aspirin Disper_Tab 75mg,0209000A0AAABAB,78,0.21839999999999868
217,G85706,Aspirin Disper_Tab 75mg,0209000A0AAABAB,78,0.21839999999999868
381,G85133,Omeprazole_Cap E/C 20mg,0103050P0AAAAAA,44,0.21559999999999976
218,G85137,Aspirin Disper_Tab 75mg,0209000A0AAABAB,77,0.21559999999999868
219,G85137,Aspirin Disper_Tab 75mg,0209000A0AAABAB,77,0.21559999999999868
223,G85100,Aspirin Disper_Tab 75mg,0209000A0AAABAB,76,0.2127999999999987
222,G85083,Aspirin Disper_Tab 75mg,0209000A0AAABAB,76,0.2127999999999987
221,G85100,Aspirin Disper_Tab 75mg,0209000A0AAABAB,76,0.2127999999999987
220,G85083,Aspirin Disper_Tab 75mg,0209000A0AAABAB,76,0.2127999999999987
142,G85054,Clonazepam_Tab 500mcg,0408010F0AAABAB,5,0.21199999999999997
224,G85127,Aspirin Disper_Tab 75mg,0209000A0AAABAB,74,0.20719999999999875
225,G85127,Aspirin Disper_Tab 75mg,0209000A0AAABAB,74,0.20719999999999875
227,G85096,Aspirin Disper_Tab 75mg,0209000A0AAABAB,72,0.20159999999999878
226,G85096,Aspirin Disper_Tab 75mg,0209000A0AAABAB,72,0.20159999999999878
382,G85695,Omeprazole_Cap E/C 20mg,0103050P0AAAAAA,41,0.20089999999999977
229,G85724,Aspirin Disper_Tab 75mg,0209000A0AAABAB,67,0.18759999999999888
228,G85724,Aspirin Disper_Tab 75mg,0209000A0AAABAB,67,0.18759999999999888
384,G85100,Omeprazole_Cap E/C 20mg,0103050P0AAAAAA,38,0.1861999999999998
383,G85123,Omeprazole_Cap E/C 20mg,0103050P0AAAAAA,38,0.1861999999999998
230,G85695,Aspirin Disper_Tab 75mg,0209000A0AAABAB,66,0.18479999999999888
231,G85695,Aspirin Disper_Tab 75mg,0209000A0AAABAB,66,0.18479999999999888
385,G85102,Omeprazole_Cap E/C 20mg,0103050P0AAAAAA,37,0.1812999999999998
325,G85100,Amiodarone HCl_Tab 200mg,0203020D0AAABAB,1,0.17920000000000008
326,G85011,Amiodarone HCl_Tab 200mg,0203020D0AAABAB,1,0.17920000000000008
143,G85045,Clonazepam_Tab 500mcg,0408010F0AAABAB,1,0.174
144,G85045,Clonazepam_Tab 500mcg,0408010F0AAABAB,4,0.16959999999999997
145,G85100,Clonazepam_Tab 500mcg,0408010F0AAABAB,4,0.16959999999999997
233,G85647,Aspirin Disper_Tab 75mg,0209000A0AAABAB,59,0.16519999999999901
232,G85647,Aspirin Disper_Tab 75mg,0209000A0AAABAB,59,0.16519999999999901
147,G85045,Clonazepam_Tab 500mcg,0408010F0AAABAB,1,0.15819999999999967
146,G85016,Clonazepam_Tab 500mcg,0408010F0AAABAB,1,0.15819999999999967
237,G85118,Aspirin Disper_Tab 75mg,0209000A0AAABAB,56,0.15679999999999905
234,G85123,Aspirin Disper_Tab 75mg,0209000A0AAABAB,56,0.15679999999999905
235,G85109,Aspirin Disper_Tab 75mg,0209000A0AAABAB,56,0.15679999999999905
236,G85118,Aspirin Disper_Tab 75mg,0209000A0AAABAB,56,0.15679999999999905
239,G85123,Aspirin Disper_Tab 75mg,0209000A0AAABAB,56,0.15679999999999905
238,G85109,Aspirin Disper_Tab 75mg,0209000A0AAABAB,56,0.15679999999999905
241,G85044,Aspirin Disper_Tab 75mg,0209000A0AAABAB,54,0.15119999999999909
240,G85044,Aspirin Disper_Tab 75mg,0209000A0AAABAB,54,0.15119999999999909
242,G85129,Aspirin Disper_Tab 75mg,0209000A0AAABAB,48,0.1343999999999992
243,G85129,Aspirin Disper_Tab 75mg,0209000A0AAABAB,48,0.1343999999999992
148,Y00020,Clonazepam_Tab 500mcg,0408010F0AAABAB,3,0.12719999999999998
149,G85025,Clonazepam_Tab 500mcg,0408010F0AAABAB,3,0.12719999999999998
150,G85045,Clonazepam_Tab 500mcg,0408010F0AAABAB,1,0.11599999999999999
386,G85129,Omeprazole_Cap E/C 20mg,0103050P0AAAAAA,23,0.11269999999999988
244,G85136,Aspirin Disper_Tab 75mg,0209000A0AAABAB,38,0.10639999999999936
245,G85136,Aspirin Disper_Tab 75mg,0209000A0AAABAB,38,0.10639999999999936
246,G85673,Aspirin Disper_Tab 75mg,0209000A0AAABAB,36,0.10079999999999939
247,G85673,Aspirin Disper_Tab 75mg,0209000A0AAABAB,36,0.10079999999999939
387,G85674,Omeprazole_Cap E/C 20mg,0103050P0AAAAAA,20,0.09799999999999989
249,G85674,Aspirin Disper_Tab 75mg,0209000A0AAABAB,32,0.08959999999999946
248,G85674,Aspirin Disper_Tab 75mg,0209000A0AAABAB,32,0.08959999999999946
327,G85135,Amiodarone HCl_Tab 200mg,0203020D0AAABAB,1,0.0847
388,G85673,Omeprazole_Cap E/C 20mg,0103050P0AAAAAA,17,0.0832999999999999
153,G85109,Clonazepam_Tab 500mcg,0408010F0AAABAB,1,0.07909999999999984
151,G85053,Clonazepam_Tab 500mcg,0408010F0AAABAB,1,0.07909999999999984
152,G85690,Clonazepam_Tab 500mcg,0408010F0AAABAB,1,0.07909999999999984
389,G85724,Omeprazole_Cap E/C 20mg,0103050P0AAAAAA,16,0.07839999999999991
154,G85045,Clonazepam_Tab 500mcg,0408010F0AAABAB,1,0.057999999999999996
390,Y01962,Omeprazole_Cap E/C 20mg,0103050P0AAAAAA,11,0.05389999999999994
155,Y01962,Clonazepam_Tab 500mcg,0408010F0AAABAB,1,0.04239999999999999
156,G85014,Clonazepam_Tab 500mcg,0408010F0AAABAB,1,0.03689999999999993
251,G85123,Aspirin Disper_Tab 75mg,0209000A0AAABAB,6,0.0335999999999998
250,G85123,Aspirin Disper_Tab 75mg,0209000A0AAABAB,6,0.0335999999999998
252,Y01962,Aspirin Disper_Tab 75mg,0209000A0AAABAB,11,0.030799999999999814
253,Y01962,Aspirin Disper_Tab 75mg,0209000A0AAABAB,11,0.030799999999999814
391,Y03063,Omeprazole_Cap E/C 20mg,0103050P0AAAAAA,12,0.025199999999999972
255,G85690,Aspirin Disper_Tab 75mg,0209000A0AAABAB,4,0.022399999999999864
254,G85690,Aspirin Disper_Tab 75mg,0209000A0AAABAB,4,0.022399999999999864
157,G85130,Clonazepam_Tab 500mcg,0408010F0AAABAB,1,0.021199999999999997
161,G85118,Venlafaxine_Cap 150mg M/R,0403040W0AAAEAE,4,0.019600000000000173
165,Y00020,Venlafaxine_Cap 150mg M/R,0403040W0AAAEAE,4,0.019600000000000173
162,G85690,Venlafaxine_Cap 150mg M/R,0403040W0AAAEAE,4,0.019600000000000173
163,G85044,Venlafaxine_Cap 150mg M/R,0403040W0AAAEAE,4,0.019600000000000173
164,G85053,Venlafaxine_Cap 150mg M/R,0403040W0AAAEAE,4,0.019600000000000173
256,G85011,Aspirin Disper_Tab 75mg,0209000A0AAABAB,3,0.0167999999999999
257,G85011,Aspirin Disper_Tab 75mg,0209000A0AAABAB,3,0.0167999999999999
392,Y03063,Omeprazole_Cap E/C 20mg,0103050P0AAAAAA,4,0.0167999999999999
393,G85039,Omeprazole_Cap E/C 20mg,0103050P0AAAAAA,4,0.0167999999999999
394,G85073,Omeprazole_Cap E/C 20mg,0103050P0AAAAAA,4,0.0167999999999999
395,G85021,Omeprazole_Cap E/C 20mg,0103050P0AAAAAA,4,0.0167999999999999
396,G85724,Omeprazole_Cap E/C 20mg,0103050P0AAAAAA,4,0.0167999999999999
159,G85022,Clonazepam_Tab 500mcg,0408010F0AAABAB,1,0.015600000000000003
158,G85100,Clonazepam_Tab 500mcg,0408010F0AAABAB,1,0.015600000000000003
259,G85041,Aspirin Disper_Tab 75mg,0209000A0AAABAB,4,0.011999999999999927
258,G85041,Aspirin Disper_Tab 75mg,0209000A0AAABAB,4,0.011999999999999927
397,Y05162,Omeprazole_Cap E/C 20mg,0103050P0AAAAAA,2,0.00979999999999999
261,G85724,Aspirin Disper_Tab 75mg,0209000A0AAABAB,2,0.00839999999999995
260,G85724,Aspirin Disper_Tab 75mg,0209000A0AAABAB,2,0.00839999999999995
262,G85135,Aspirin Disper_Tab 75mg,0209000A0AAABAB,1,0.005599999999999966
263,G85028,Aspirin Disper_Tab 75mg,0209000A0AAABAB,1,0.005599999999999966
264,G85028,Aspirin Disper_Tab 75mg,0209000A0AAABAB,1,0.005599999999999966
265,G85135,Aspirin Disper_Tab 75mg,0209000A0AAABAB,1,0.005599999999999966
398,Y05187,Omeprazole_Cap E/C 20mg,0103050P0AAAAAA,1,0.004899999999999995
399,G85011,Omeprazole_Cap E/C 20mg,0103050P0AAAAAA,1,0.004199999999999975
266,G85647,Aspirin Disper_Tab 75mg,0209000A0AAABAB,1,0.004199999999999975
267,G85647,Aspirin Disper_Tab 75mg,0209000A0AAABAB,1,0.004199999999999975
269,G85137,Aspirin Disper_Tab 75mg,0209000A0AAABAB,1,0.003599999999999999
268,G85137,Aspirin Disper_Tab 75mg,0209000A0AAABAB,1,0.003599999999999999
271,G85054,Aspirin Disper_Tab 75mg,0209000A0AAABAB,2,0.0035999999999999782
270,G85054,Aspirin Disper_Tab 75mg,0209000A0AAABAB,2,0.0035999999999999782
400,G85073,Omeprazole_Cap E/C 20mg,0103050P0AAAAAA,2,0.0029999999999998778
401,G85708,Omeprazole_Cap E/C 20mg,0103050P0AAAAAA,1,0.0020999999999999977
273,G85022,Aspirin Disper_Tab 75mg,0209000A0AAABAB,1,0.0017999999999999995
272,G85022,Aspirin Disper_Tab 75mg,0209000A0AAABAB,1,0.0017999999999999995
275,G85011,Aspirin Disper_Tab 75mg,0209000A0AAABAB,1,0.0005999999999999964
274,G85011,Aspirin Disper_Tab 75mg,0209000A0AAABAB,1,0.0005999999999999964
402,G85022,Omeprazole_Cap E/C 20mg,0103050P0AAAAAA,1,-0.0009000000000000258
277,G85021,Aspirin Disper_Tab 75mg,0209000A0AAABAB,1,-0.000999999999999994
276,G85021,Aspirin Disper_Tab 75mg,0209000A0AAABAB,1,-0.000999999999999994
403,G85137,Omeprazole_Cap E/C 20mg,0103050P0AAAAAA,1,-0.0016000000000000042
404,G85011,Omeprazole_Cap E/C 20mg,0103050P0AAAAAA,1,-0.0016000000000000042
279,G85127,Aspirin Disper_Tab 75mg,0209000A0AAABAB,1,-0.0020999999999999873
278,G85127,Aspirin Disper_Tab 75mg,0209000A0AAABAB,1,-0.0020999999999999873
347,G85011,Buprenorphine_Tab Subling 400mcg S/F,0410030A0AAACAC,1,-0.0038999999999995705
280,G85100,Aspirin Disper_Tab 75mg,0209000A0AAABAB,1,-0.004199999999999975
281,G85100,Aspirin Disper_Tab 75mg,0209000A0AAABAB,1,-0.004199999999999975
282,G85021,Aspirin Disper_Tab 75mg,0209000A0AAABAB,1,-0.004500000000000004
283,G85021,Aspirin Disper_Tab 75mg,0209000A0AAABAB,1,-0.004500000000000004
406,G85002,Omeprazole_Cap E/C 20mg,0103050P0AAAAAA,1,-0.006000000000000172
407,G85014,Omeprazole_Cap E/C 20mg,0103050P0AAAAAA,1,-0.006000000000000172
408,G85045,Omeprazole_Cap E/C 20mg,0103050P0AAAAAA,1,-0.006000000000000172
405,G85083,Omeprazole_Cap E/C 20mg,0103050P0AAAAAA,1,-0.006000000000000172
409,G85130,Omeprazole_Cap E/C 20mg,0103050P0AAAAAA,1,-0.009600000000000275
410,Y01962,Omeprazole_Cap E/C 20mg,0103050P0AAAAAA,1,-0.010200000000000292
415,G85109,Omeprazole_Cap E/C 20mg,0103050P0AAAAAA,1,-0.012000000000000344
417,G85002,Omeprazole_Cap E/C 20mg,0103050P0AAAAAA,1,-0.012000000000000344
416,Y00020,Omeprazole_Cap E/C 20mg,0103050P0AAAAAA,1,-0.012000000000000344
414,G85083,Omeprazole_Cap E/C 20mg,0103050P0AAAAAA,1,-0.012000000000000344
413,G85025,Omeprazole_Cap E/C 20mg,0103050P0AAAAAA,1,-0.012000000000000344
412,G85724,Omeprazole_Cap E/C 20mg,0103050P0AAAAAA,2,-0.012000000000000344
411,G85022,Omeprazole_Cap E/C 20mg,0103050P0AAAAAA,1,-0.012000000000000344
284,G85123,Aspirin Disper_Tab 75mg,0209000A0AAABAB,3,-0.013500000000000012
285,G85123,Aspirin Disper_Tab 75mg,0209000A0AAABAB,3,-0.013500000000000012
418,G85025,Omeprazole_Cap E/C 20mg,0103050P0AAAAAA,1,-0.018000000000000516
419,G85011,Omeprazole_Cap E/C 20mg,0103050P0AAAAAA,1,-0.018000000000000516
5,G85100,Mesalazine_Tab E/C 800mg,0105010B0AAASAS,1,-36.89999999999999
4,G85109,Mesalazine_Tab E/C 800mg,0105010B0AAASAS,1,-36.89999999999999
