,practice_code,bnf_description,bnf_code,items,excess_cost
0,M87011,Mesalazine_Tab E/C 800mg,0105010B0AAASAS,1,103.31999999999998
1,M87018,Mesalazine_Tab E/C 800mg,0105010B0AAASAS,1,68.87999999999998
2,M87026,Mesalazine_Tab E/C 800mg,0105010B0AAASAS,1,49.19999999999999
223,M87003,Mesalazine_Tab E/C 400mg,0105010B0AAAAAA,11,43.92079999999999
3,M87023,Mesalazine_Tab E/C 800mg,0105010B0AAASAS,1,36.89999999999999
4,M87024,Mesalazine_Tab E/C 800mg,0105010B0AAASAS,1,36.89999999999999
5,M87010,Mesalazine_Tab E/C 800mg,0105010B0AAASAS,1,36.89999999999999
224,M87006,Mesalazine_Tab E/C 400mg,0105010B0AAAAAA,1,35.935199999999995
225,M87023,Mesalazine_Tab E/C 400mg,0105010B0AAAAAA,1,31.942399999999996
226,M87018,Mesalazine_Tab E/C 400mg,0105010B0AAAAAA,5,29.967000000000006
242,M87024,Risperidone_Tab 6mg,040201030AAAFAF,4,29.232
243,M87021,Risperidone_Tab 6mg,040201030AAAFAF,1,29.2096
429,M87024,Ropinirole HCl_Tab 5mg,0409010H0AAADAD,2,25.816000000000017
227,M87024,Mesalazine_Tab E/C 400mg,0105010B0AAAAAA,1,25.667999999999996
230,M87621,Mesalazine_Tab E/C 400mg,0105010B0AAAAAA,1,23.956799999999998
228,M87005,Mesalazine_Tab E/C 400mg,0105010B0AAAAAA,2,23.956799999999998
229,M87623,Mesalazine_Tab E/C 400mg,0105010B0AAAAAA,1,23.956799999999998
295,M87632,Buprenorphine_Tab Subling 400mcg S/F,0410030A0AAACAC,10,15.232000000000001
244,M87019,Methocarbamol_Tab 750mg,1002020S0AAABAB,26,11.179999999999996
231,M87003,Mesalazine_Tab E/C 400mg,0105010B0AAAAAA,1,7.985599999999999
296,M87632,Buprenorphine_Tab Subling 400mcg S/F,0410030A0AAACAC,10,7.6160000000000005
8,M87009,Clonazepam_Tab 500mcg,0408010F0AAABAB,1,6.779999999999986
232,M87012,Mesalazine_Tab E/C 400mg,0105010B0AAAAAA,4,5.997600000000002
317,M87019,Pyridox HCl_Tab 50mg,0906024N0AAAIAI,3,5.745600000000001
134,M87003,Amiodarone HCl_Tab 200mg,0203020D0AAABAB,8,5.600000000000005
297,M87009,Buprenorphine_Tab Subling 400mcg S/F,0410030A0AAACAC,4,5.44
135,M87007,Amiodarone HCl_Tab 200mg,0203020D0AAABAB,7,4.900000000000004
318,Y02212,Pyridox HCl_Tab 50mg,0906024N0AAAIAI,1,4.788000000000001
9,M87003,Clonazepam_Tab 500mcg,0408010F0AAABAB,7,4.429599999999991
136,M87024,Amiodarone HCl_Tab 200mg,0203020D0AAABAB,4,4.200000000000004
10,M87024,Clonazepam_Tab 500mcg,0408010F0AAABAB,1,4.067999999999992
245,M87009,Methocarbamol_Tab 750mg,1002020S0AAABAB,9,3.8699999999999983
137,M87011,Amiodarone HCl_Tab 200mg,0203020D0AAABAB,11,3.850000000000003
319,M87011,Pyridox HCl_Tab 50mg,0906024N0AAAIAI,1,3.830400000000001
298,M87632,Buprenorphine_Tab Subling 400mcg S/F,0410030A0AAACAC,1,3.8080000000000003
11,M87005,Clonazepam_Tab 500mcg,0408010F0AAABAB,6,3.796799999999992
12,Y02653,Clonazepam_Tab 500mcg,0408010F0AAABAB,1,3.796799999999992
13,M87602,Clonazepam_Tab 500mcg,0408010F0AAABAB,2,3.796799999999992
139,M87011,Amiodarone HCl_Tab 200mg,0203020D0AAABAB,5,3.500000000000003
140,M87009,Amiodarone HCl_Tab 200mg,0203020D0AAABAB,10,3.500000000000003
138,M87023,Amiodarone HCl_Tab 200mg,0203020D0AAABAB,5,3.500000000000003
299,M87632,Buprenorphine_Tab Subling 400mcg S/F,0410030A0AAACAC,3,3.4272
15,M87018,Clonazepam_Tab 500mcg,0408010F0AAABAB,5,3.1639999999999935
14,M87024,Clonazepam_Tab 500mcg,0408010F0AAABAB,10,3.1639999999999935
300,M87632,Buprenorphine_Tab Subling 400mcg S/F,0410030A0AAACAC,1,3.0464
246,M87017,Methocarbamol_Tab 750mg,1002020S0AAABAB,7,3.009999999999999
323,M87024,Pyridox HCl_Tab 50mg,0906024N0AAAIAI,1,2.8728000000000007
322,M87005,Pyridox HCl_Tab 50mg,0906024N0AAAIAI,2,2.8728000000000007
320,M87018,Pyridox HCl_Tab 50mg,0906024N0AAAIAI,1,2.8728000000000007
321,M87020,Pyridox HCl_Tab 50mg,0906024N0AAAIAI,1,2.8728000000000007
16,M87024,Clonazepam_Tab 500mcg,0408010F0AAABAB,1,2.847599999999994
141,M87030,Amiodarone HCl_Tab 200mg,0203020D0AAABAB,4,2.8000000000000025
142,M87008,Amiodarone HCl_Tab 200mg,0203020D0AAABAB,4,2.8000000000000025
17,M87009,Clonazepam_Tab 500mcg,0408010F0AAABAB,5,2.768499999999994
301,M87007,Buprenorphine_Tab Subling 400mcg S/F,0410030A0AAACAC,1,2.72
302,M87632,Buprenorphine_Tab Subling 400mcg S/F,0410030A0AAACAC,1,2.5745000000000013
19,M87020,Clonazepam_Tab 500mcg,0408010F0AAABAB,1,2.531199999999995
18,M87011,Clonazepam_Tab 500mcg,0408010F0AAABAB,4,2.531199999999995
20,M87024,Clonazepam_Tab 500mcg,0408010F0AAABAB,2,2.531199999999995
21,M87019,Clonazepam_Tab 500mcg,0408010F0AAABAB,1,2.531199999999995
22,M87017,Clonazepam_Tab 500mcg,0408010F0AAABAB,1,2.485999999999995
143,M87020,Amiodarone HCl_Tab 200mg,0203020D0AAABAB,7,2.450000000000002
23,M87024,Clonazepam_Tab 500mcg,0408010F0AAABAB,10,2.372999999999995
25,M87024,Clonazepam_Tab 500mcg,0408010F0AAABAB,2,2.2599999999999953
24,M87003,Clonazepam_Tab 500mcg,0408010F0AAABAB,2,2.2599999999999953
247,M87019,Methocarbamol_Tab 750mg,1002020S0AAABAB,6,2.2176000000000076
248,M87019,Methocarbamol_Tab 750mg,1002020S0AAABAB,3,2.1671999999999993
249,M87005,Methocarbamol_Tab 750mg,1002020S0AAABAB,5,2.149999999999999
150,M87011,Amiodarone HCl_Tab 200mg,0203020D0AAABAB,2,2.100000000000002
152,M87005,Amiodarone HCl_Tab 200mg,0203020D0AAABAB,6,2.100000000000002
144,M87009,Amiodarone HCl_Tab 200mg,0203020D0AAABAB,2,2.100000000000002
145,Y01756,Amiodarone HCl_Tab 200mg,0203020D0AAABAB,3,2.100000000000002
146,M87020,Amiodarone HCl_Tab 200mg,0203020D0AAABAB,3,2.100000000000002
147,M87015,Amiodarone HCl_Tab 200mg,0203020D0AAABAB,3,2.100000000000002
148,M87003,Amiodarone HCl_Tab 200mg,0203020D0AAABAB,6,2.100000000000002
149,M87005,Amiodarone HCl_Tab 200mg,0203020D0AAABAB,3,2.100000000000002
151,M87037,Amiodarone HCl_Tab 200mg,0203020D0AAABAB,6,2.100000000000002
250,M87011,Methocarbamol_Tab 750mg,1002020S0AAABAB,2,1.9263999999999992
325,Y01756,Pyridox HCl_Tab 50mg,0906024N0AAAIAI,1,1.9152000000000005
324,M87019,Pyridox HCl_Tab 50mg,0906024N0AAAIAI,2,1.9152000000000005
304,M87632,Buprenorphine_Tab Subling 400mcg S/F,0410030A0AAACAC,5,1.9040000000000001
303,M87632,Buprenorphine_Tab Subling 400mcg S/F,0410030A0AAACAC,1,1.9040000000000001
26,M87036,Clonazepam_Tab 500mcg,0408010F0AAABAB,2,1.898399999999996
27,M87019,Clonazepam_Tab 500mcg,0408010F0AAABAB,1,1.898399999999996
28,M87023,Clonazepam_Tab 500mcg,0408010F0AAABAB,3,1.898399999999996
33,M87017,Clonazepam_Tab 500mcg,0408010F0AAABAB,1,1.898399999999996
32,M87026,Clonazepam_Tab 500mcg,0408010F0AAABAB,3,1.898399999999996
31,M87024,Clonazepam_Tab 500mcg,0408010F0AAABAB,3,1.898399999999996
30,M87024,Clonazepam_Tab 500mcg,0408010F0AAABAB,1,1.898399999999996
29,M87011,Clonazepam_Tab 500mcg,0408010F0AAABAB,1,1.898399999999996
153,M87027,Amiodarone HCl_Tab 200mg,0203020D0AAABAB,5,1.7500000000000016
156,Y02653,Amiodarone HCl_Tab 200mg,0203020D0AAABAB,5,1.7500000000000016
155,M87028,Amiodarone HCl_Tab 200mg,0203020D0AAABAB,5,1.7500000000000016
154,M87015,Amiodarone HCl_Tab 200mg,0203020D0AAABAB,5,1.7500000000000016
251,M87024,Methocarbamol_Tab 750mg,1002020S0AAABAB,2,1.7199999999999993
252,M87019,Methocarbamol_Tab 750mg,1002020S0AAABAB,2,1.7199999999999993
34,M87007,Clonazepam_Tab 500mcg,0408010F0AAABAB,1,1.6949999999999965
305,M87019,Buprenorphine_Tab Subling 400mcg S/F,0410030A0AAACAC,1,1.6260000000000008
35,M87008,Clonazepam_Tab 500mcg,0408010F0AAABAB,5,1.5819999999999967
306,M87011,Buprenorphine_Tab Subling 400mcg S/F,0410030A0AAACAC,2,1.5232
338,M87009,Co-Codamol_Cap 8mg/500mg,0407010F0AAABAB,9,1.4400000000000164
337,M87009,Co-Codamol_Cap 8mg/500mg,0407010F0AAABAB,9,1.4400000000000164
326,M87011,Pyridox HCl_Tab 50mg,0906024N0AAAIAI,1,1.4364000000000003
36,M87024,Clonazepam_Tab 500mcg,0408010F0AAABAB,9,1.423799999999997
307,M87632,Buprenorphine_Tab Subling 400mcg S/F,0410030A0AAACAC,1,1.4195999999999995
164,M87620,Amiodarone HCl_Tab 200mg,0203020D0AAABAB,2,1.4000000000000012
159,M87041,Amiodarone HCl_Tab 200mg,0203020D0AAABAB,4,1.4000000000000012
161,M87023,Amiodarone HCl_Tab 200mg,0203020D0AAABAB,4,1.4000000000000012
162,M87018,Amiodarone HCl_Tab 200mg,0203020D0AAABAB,4,1.4000000000000012
163,M87008,Amiodarone HCl_Tab 200mg,0203020D0AAABAB,4,1.4000000000000012
166,M87006,Amiodarone HCl_Tab 200mg,0203020D0AAABAB,2,1.4000000000000012
165,M87601,Amiodarone HCl_Tab 200mg,0203020D0AAABAB,4,1.4000000000000012
157,M87018,Amiodarone HCl_Tab 200mg,0203020D0AAABAB,2,1.4000000000000012
167,M87602,Amiodarone HCl_Tab 200mg,0203020D0AAABAB,2,1.4000000000000012
168,M87025,Amiodarone HCl_Tab 200mg,0203020D0AAABAB,2,1.4000000000000012
169,M87017,Amiodarone HCl_Tab 200mg,0203020D0AAABAB,2,1.4000000000000012
158,M87021,Amiodarone HCl_Tab 200mg,0203020D0AAABAB,4,1.4000000000000012
160,M87012,Amiodarone HCl_Tab 200mg,0203020D0AAABAB,4,1.4000000000000012
37,M87017,Clonazepam_Tab 500mcg,0408010F0AAABAB,1,1.3559999999999972
170,M87012,Amiodarone HCl_Tab 200mg,0203020D0AAABAB,16,1.3552
253,M87024,Methocarbamol_Tab 750mg,1002020S0AAABAB,3,1.2899999999999996
340,M87016,Co-Codamol_Cap 8mg/500mg,0407010F0AAABAB,8,1.2800000000000145
339,M87016,Co-Codamol_Cap 8mg/500mg,0407010F0AAABAB,8,1.2800000000000145
55,M87010,Clonazepam_Tab 500mcg,0408010F0AAABAB,2,1.2655999999999974
54,M87012,Clonazepam_Tab 500mcg,0408010F0AAABAB,1,1.2655999999999974
53,M87028,Clonazepam_Tab 500mcg,0408010F0AAABAB,2,1.2655999999999974
52,M87019,Clonazepam_Tab 500mcg,0408010F0AAABAB,1,1.2655999999999974
58,M87020,Clonazepam_Tab 500mcg,0408010F0AAABAB,4,1.2655999999999974
59,M87023,Clonazepam_Tab 500mcg,0408010F0AAABAB,1,1.2655999999999974
60,M87012,Clonazepam_Tab 500mcg,0408010F0AAABAB,4,1.2655999999999974
50,M87041,Clonazepam_Tab 500mcg,0408010F0AAABAB,1,1.2655999999999974
49,M87003,Clonazepam_Tab 500mcg,0408010F0AAABAB,1,1.2655999999999974
48,M87005,Clonazepam_Tab 500mcg,0408010F0AAABAB,4,1.2655999999999974
51,M87023,Clonazepam_Tab 500mcg,0408010F0AAABAB,4,1.2655999999999974
57,M87015,Clonazepam_Tab 500mcg,0408010F0AAABAB,1,1.2655999999999974
47,M87017,Clonazepam_Tab 500mcg,0408010F0AAABAB,1,1.2655999999999974
46,M87008,Clonazepam_Tab 500mcg,0408010F0AAABAB,2,1.2655999999999974
45,M87003,Clonazepam_Tab 500mcg,0408010F0AAABAB,4,1.2655999999999974
44,M87007,Clonazepam_Tab 500mcg,0408010F0AAABAB,2,1.2655999999999974
43,M87019,Clonazepam_Tab 500mcg,0408010F0AAABAB,2,1.2655999999999974
42,M87601,Clonazepam_Tab 500mcg,0408010F0AAABAB,1,1.2655999999999974
41,M87008,Clonazepam_Tab 500mcg,0408010F0AAABAB,1,1.2655999999999974
40,M87018,Clonazepam_Tab 500mcg,0408010F0AAABAB,1,1.2655999999999974
39,M87014,Clonazepam_Tab 500mcg,0408010F0AAABAB,2,1.2655999999999974
38,M87011,Clonazepam_Tab 500mcg,0408010F0AAABAB,4,1.2655999999999974
56,M87602,Clonazepam_Tab 500mcg,0408010F0AAABAB,2,1.2655999999999974
61,M87003,Clonazepam_Tab 500mcg,0408010F0AAABAB,5,1.1864999999999974
62,M87007,Clonazepam_Tab 500mcg,0408010F0AAABAB,5,1.1864999999999974
64,M87006,Clonazepam_Tab 500mcg,0408010F0AAABAB,1,1.1299999999999977
63,M87011,Clonazepam_Tab 500mcg,0408010F0AAABAB,1,1.1299999999999977
254,M87017,Methocarbamol_Tab 750mg,1002020S0AAABAB,3,1.1088000000000038
255,Y04938,Methocarbamol_Tab 750mg,1002020S0AAABAB,3,1.1088000000000038
171,M87003,Amiodarone HCl_Tab 200mg,0203020D0AAABAB,13,1.1011
256,M87017,Methocarbamol_Tab 750mg,1002020S0AAABAB,5,1.1000000000000036
308,M87632,Buprenorphine_Tab Subling 400mcg S/F,0410030A0AAACAC,1,1.0569000000000006
180,M87001,Amiodarone HCl_Tab 200mg,0203020D0AAABAB,1,1.050000000000001
172,M87001,Amiodarone HCl_Tab 200mg,0203020D0AAABAB,3,1.050000000000001
179,M87026,Amiodarone HCl_Tab 200mg,0203020D0AAABAB,3,1.050000000000001
178,M87007,Amiodarone HCl_Tab 200mg,0203020D0AAABAB,3,1.050000000000001
177,M87041,Amiodarone HCl_Tab 200mg,0203020D0AAABAB,1,1.050000000000001
175,M87027,Amiodarone HCl_Tab 200mg,0203020D0AAABAB,1,1.050000000000001
174,M87023,Amiodarone HCl_Tab 200mg,0203020D0AAABAB,1,1.050000000000001
173,M87016,Amiodarone HCl_Tab 200mg,0203020D0AAABAB,3,1.050000000000001
176,M87010,Amiodarone HCl_Tab 200mg,0203020D0AAABAB,3,1.050000000000001
65,Y02212,Clonazepam_Tab 500mcg,0408010F0AAABAB,1,1.016999999999998
67,M87021,Clonazepam_Tab 500mcg,0408010F0AAABAB,1,1.016999999999998
66,M87025,Clonazepam_Tab 500mcg,0408010F0AAABAB,1,1.016999999999998
257,M87009,Methocarbamol_Tab 750mg,1002020S0AAABAB,4,1.0080000000000022
261,M87001,Methocarbamol_Tab 750mg,1002020S0AAABAB,1,0.9631999999999996
258,M87005,Methocarbamol_Tab 750mg,1002020S0AAABAB,1,0.9631999999999996
260,M87019,Methocarbamol_Tab 750mg,1002020S0AAABAB,1,0.9631999999999996
262,M87007,Methocarbamol_Tab 750mg,1002020S0AAABAB,2,0.9631999999999996
259,M87009,Methocarbamol_Tab 750mg,1002020S0AAABAB,2,0.9631999999999996
332,M87023,Pyridox HCl_Tab 50mg,0906024N0AAAIAI,1,0.9576000000000002
331,M87014,Pyridox HCl_Tab 50mg,0906024N0AAAIAI,1,0.9576000000000002
330,M87009,Pyridox HCl_Tab 50mg,0906024N0AAAIAI,1,0.9576000000000002
329,M87008,Pyridox HCl_Tab 50mg,0906024N0AAAIAI,1,0.9576000000000002
333,M87015,Pyridox HCl_Tab 50mg,0906024N0AAAIAI,1,0.9576000000000002
328,M87005,Pyridox HCl_Tab 50mg,0906024N0AAAIAI,1,0.9576000000000002
327,M87011,Pyridox HCl_Tab 50mg,0906024N0AAAIAI,1,0.9576000000000002
72,M87023,Clonazepam_Tab 500mcg,0408010F0AAABAB,1,0.949199999999998
73,M87025,Clonazepam_Tab 500mcg,0408010F0AAABAB,1,0.949199999999998
68,M87024,Clonazepam_Tab 500mcg,0408010F0AAABAB,1,0.949199999999998
69,M87028,Clonazepam_Tab 500mcg,0408010F0AAABAB,1,0.949199999999998
75,M87005,Clonazepam_Tab 500mcg,0408010F0AAABAB,1,0.949199999999998
74,M87037,Clonazepam_Tab 500mcg,0408010F0AAABAB,1,0.949199999999998
76,M87602,Clonazepam_Tab 500mcg,0408010F0AAABAB,1,0.949199999999998
70,M87006,Clonazepam_Tab 500mcg,0408010F0AAABAB,3,0.949199999999998
71,M87011,Clonazepam_Tab 500mcg,0408010F0AAABAB,1,0.949199999999998
264,M87011,Methocarbamol_Tab 750mg,1002020S0AAABAB,2,0.8599999999999997
263,M87025,Methocarbamol_Tab 750mg,1002020S0AAABAB,2,0.8599999999999997
265,M87601,Methocarbamol_Tab 750mg,1002020S0AAABAB,2,0.8599999999999997
78,Y02212,Clonazepam_Tab 500mcg,0408010F0AAABAB,5,0.7909999999999984
77,M87007,Clonazepam_Tab 500mcg,0408010F0AAABAB,5,0.7909999999999984
79,M87612,Clonazepam_Tab 500mcg,0408010F0AAABAB,1,0.7909999999999984
181,M87008,Amiodarone HCl_Tab 200mg,0203020D0AAABAB,9,0.7623
182,M87030,Amiodarone HCl_Tab 200mg,0203020D0AAABAB,1,0.7500000000000007
268,M87023,Methocarbamol_Tab 750mg,1002020S0AAABAB,2,0.7392000000000025
267,M87030,Methocarbamol_Tab 750mg,1002020S0AAABAB,2,0.7392000000000025
266,Y04938,Methocarbamol_Tab 750mg,1002020S0AAABAB,4,0.7392000000000025
271,M87009,Methocarbamol_Tab 750mg,1002020S0AAABAB,1,0.7223999999999997
270,M87006,Methocarbamol_Tab 750mg,1002020S0AAABAB,1,0.7223999999999997
269,M87017,Methocarbamol_Tab 750mg,1002020S0AAABAB,1,0.7223999999999997
341,M87601,Co-Codamol_Cap 8mg/500mg,0407010F0AAABAB,2,0.7168000000000081
342,M87601,Co-Codamol_Cap 8mg/500mg,0407010F0AAABAB,2,0.7168000000000081
203,M87602,Amiodarone HCl_Tab 200mg,0203020D0AAABAB,2,0.7000000000000006
195,M87638,Amiodarone HCl_Tab 200mg,0203020D0AAABAB,2,0.7000000000000006
190,M87037,Amiodarone HCl_Tab 200mg,0203020D0AAABAB,1,0.7000000000000006
197,M87041,Amiodarone HCl_Tab 200mg,0203020D0AAABAB,1,0.7000000000000006
196,M87028,Amiodarone HCl_Tab 200mg,0203020D0AAABAB,1,0.7000000000000006
194,M87612,Amiodarone HCl_Tab 200mg,0203020D0AAABAB,2,0.7000000000000006
193,M87021,Amiodarone HCl_Tab 200mg,0203020D0AAABAB,1,0.7000000000000006
192,M87009,Amiodarone HCl_Tab 200mg,0203020D0AAABAB,1,0.7000000000000006
191,M87006,Amiodarone HCl_Tab 200mg,0203020D0AAABAB,2,0.7000000000000006
189,M87605,Amiodarone HCl_Tab 200mg,0203020D0AAABAB,2,0.7000000000000006
200,M87601,Amiodarone HCl_Tab 200mg,0203020D0AAABAB,1,0.7000000000000006
188,M87625,Amiodarone HCl_Tab 200mg,0203020D0AAABAB,2,0.7000000000000006
187,M87017,Amiodarone HCl_Tab 200mg,0203020D0AAABAB,2,0.7000000000000006
186,M87618,Amiodarone HCl_Tab 200mg,0203020D0AAABAB,1,0.7000000000000006
185,M87014,Amiodarone HCl_Tab 200mg,0203020D0AAABAB,2,0.7000000000000006
184,M87010,Amiodarone HCl_Tab 200mg,0203020D0AAABAB,1,0.7000000000000006
183,M87016,Amiodarone HCl_Tab 200mg,0203020D0AAABAB,1,0.7000000000000006
198,M87027,Amiodarone HCl_Tab 200mg,0203020D0AAABAB,1,0.7000000000000006
199,M87024,Amiodarone HCl_Tab 200mg,0203020D0AAABAB,2,0.7000000000000006
205,M87014,Amiodarone HCl_Tab 200mg,0203020D0AAABAB,1,0.7000000000000006
202,M87024,Amiodarone HCl_Tab 200mg,0203020D0AAABAB,1,0.7000000000000006
201,Y02653,Amiodarone HCl_Tab 200mg,0203020D0AAABAB,1,0.7000000000000006
204,M87034,Amiodarone HCl_Tab 200mg,0203020D0AAABAB,1,0.7000000000000006
87,M87003,Clonazepam_Tab 500mcg,0408010F0AAABAB,1,0.6779999999999986
80,M87024,Clonazepam_Tab 500mcg,0408010F0AAABAB,1,0.6779999999999986
82,M87602,Clonazepam_Tab 500mcg,0408010F0AAABAB,1,0.6779999999999986
86,M87008,Clonazepam_Tab 500mcg,0408010F0AAABAB,1,0.6779999999999986
85,M87006,Clonazepam_Tab 500mcg,0408010F0AAABAB,1,0.6779999999999986
83,M87020,Clonazepam_Tab 500mcg,0408010F0AAABAB,1,0.6779999999999986
84,M87012,Clonazepam_Tab 500mcg,0408010F0AAABAB,1,0.6779999999999986
81,M87019,Clonazepam_Tab 500mcg,0408010F0AAABAB,1,0.6779999999999986
309,M87632,Buprenorphine_Tab Subling 400mcg S/F,0410030A0AAACAC,2,0.6456000000000002
272,M87019,Methocarbamol_Tab 750mg,1002020S0AAABAB,1,0.6449999999999998
343,M87011,Co-Codamol_Cap 8mg/500mg,0407010F0AAABAB,4,0.6400000000000072
344,M87003,Co-Codamol_Cap 8mg/500mg,0407010F0AAABAB,2,0.6400000000000072
345,M87011,Co-Codamol_Cap 8mg/500mg,0407010F0AAABAB,4,0.6400000000000072
346,M87003,Co-Codamol_Cap 8mg/500mg,0407010F0AAABAB,2,0.6400000000000072
93,M87016,Clonazepam_Tab 500mcg,0408010F0AAABAB,1,0.6327999999999987
95,M87018,Clonazepam_Tab 500mcg,0408010F0AAABAB,2,0.6327999999999987
91,M87034,Clonazepam_Tab 500mcg,0408010F0AAABAB,1,0.6327999999999987
94,M87012,Clonazepam_Tab 500mcg,0408010F0AAABAB,4,0.6327999999999987
96,M87601,Clonazepam_Tab 500mcg,0408010F0AAABAB,1,0.6327999999999987
97,M87025,Clonazepam_Tab 500mcg,0408010F0AAABAB,1,0.6327999999999987
98,M87015,Clonazepam_Tab 500mcg,0408010F0AAABAB,1,0.6327999999999987
99,M87621,Clonazepam_Tab 500mcg,0408010F0AAABAB,1,0.6327999999999987
92,M87016,Clonazepam_Tab 500mcg,0408010F0AAABAB,2,0.6327999999999987
100,M87036,Clonazepam_Tab 500mcg,0408010F0AAABAB,1,0.6327999999999987
90,M87037,Clonazepam_Tab 500mcg,0408010F0AAABAB,1,0.6327999999999987
101,M87620,Clonazepam_Tab 500mcg,0408010F0AAABAB,1,0.6327999999999987
88,M87041,Clonazepam_Tab 500mcg,0408010F0AAABAB,1,0.6327999999999987
89,M87020,Clonazepam_Tab 500mcg,0408010F0AAABAB,1,0.6327999999999987
102,M87009,Clonazepam_Tab 500mcg,0408010F0AAABAB,1,0.5699999999999983
273,M87623,Methocarbamol_Tab 750mg,1002020S0AAABAB,2,0.5040000000000011
206,M87602,Amiodarone HCl_Tab 200mg,0203020D0AAABAB,1,0.5000000000000004
276,M87011,Methocarbamol_Tab 750mg,1002020S0AAABAB,1,0.4815999999999998
275,M87023,Methocarbamol_Tab 750mg,1002020S0AAABAB,1,0.4815999999999998
274,M87006,Methocarbamol_Tab 750mg,1002020S0AAABAB,1,0.4815999999999998
351,M87007,Co-Codamol_Cap 8mg/500mg,0407010F0AAABAB,3,0.4800000000000054
352,M87018,Co-Codamol_Cap 8mg/500mg,0407010F0AAABAB,3,0.4800000000000054
347,M87015,Co-Codamol_Cap 8mg/500mg,0407010F0AAABAB,3,0.4800000000000054
348,M87015,Co-Codamol_Cap 8mg/500mg,0407010F0AAABAB,3,0.4800000000000054
349,M87018,Co-Codamol_Cap 8mg/500mg,0407010F0AAABAB,3,0.4800000000000054
350,M87007,Co-Codamol_Cap 8mg/500mg,0407010F0AAABAB,3,0.4800000000000054
335,M87009,Pyridox HCl_Tab 50mg,0906024N0AAAIAI,1,0.4788000000000001
336,M87612,Pyridox HCl_Tab 50mg,0906024N0AAAIAI,1,0.4788000000000001
334,M87621,Pyridox HCl_Tab 50mg,0906024N0AAAIAI,1,0.4788000000000001
106,M87019,Clonazepam_Tab 500mcg,0408010F0AAABAB,1,0.474599999999999
105,M87602,Clonazepam_Tab 500mcg,0408010F0AAABAB,1,0.474599999999999
104,M87008,Clonazepam_Tab 500mcg,0408010F0AAABAB,6,0.474599999999999
103,M87009,Clonazepam_Tab 500mcg,0408010F0AAABAB,6,0.474599999999999
107,M87003,Clonazepam_Tab 500mcg,0408010F0AAABAB,1,0.45199999999999907
207,M87011,Amiodarone HCl_Tab 200mg,0203020D0AAABAB,1,0.4340000000000008
281,Y02653,Methocarbamol_Tab 750mg,1002020S0AAABAB,1,0.4299999999999998
280,M87006,Methocarbamol_Tab 750mg,1002020S0AAABAB,1,0.4299999999999998
279,M87618,Methocarbamol_Tab 750mg,1002020S0AAABAB,1,0.4299999999999998
278,M87012,Methocarbamol_Tab 750mg,1002020S0AAABAB,1,0.4299999999999998
277,M87008,Methocarbamol_Tab 750mg,1002020S0AAABAB,1,0.4299999999999998
209,M87024,Amiodarone HCl_Tab 200mg,0203020D0AAABAB,5,0.4235
208,M87620,Amiodarone HCl_Tab 200mg,0203020D0AAABAB,5,0.4235
108,M87007,Clonazepam_Tab 500mcg,0408010F0AAABAB,5,0.3954999999999992
284,M87016,Methocarbamol_Tab 750mg,1002020S0AAABAB,1,0.36960000000000126
285,M87618,Methocarbamol_Tab 750mg,1002020S0AAABAB,1,0.36960000000000126
282,M87009,Methocarbamol_Tab 750mg,1002020S0AAABAB,1,0.36960000000000126
283,M87014,Methocarbamol_Tab 750mg,1002020S0AAABAB,1,0.36960000000000126
286,M87021,Methocarbamol_Tab 750mg,1002020S0AAABAB,1,0.36960000000000126
287,M87019,Methocarbamol_Tab 750mg,1002020S0AAABAB,4,0.36960000000000126
355,M87024,Co-Codamol_Cap 8mg/500mg,0407010F0AAABAB,1,0.35840000000000405
354,M87023,Co-Codamol_Cap 8mg/500mg,0407010F0AAABAB,1,0.35840000000000405
353,M87011,Co-Codamol_Cap 8mg/500mg,0407010F0AAABAB,1,0.35840000000000405
356,M87011,Co-Codamol_Cap 8mg/500mg,0407010F0AAABAB,1,0.35840000000000405
360,M87024,Co-Codamol_Cap 8mg/500mg,0407010F0AAABAB,1,0.35840000000000405
359,M87024,Co-Codamol_Cap 8mg/500mg,0407010F0AAABAB,2,0.35840000000000405
358,M87024,Co-Codamol_Cap 8mg/500mg,0407010F0AAABAB,2,0.35840000000000405
357,M87023,Co-Codamol_Cap 8mg/500mg,0407010F0AAABAB,1,0.35840000000000405
214,M87036,Amiodarone HCl_Tab 200mg,0203020D0AAABAB,1,0.3500000000000003
210,M87034,Amiodarone HCl_Tab 200mg,0203020D0AAABAB,1,0.3500000000000003
211,M87618,Amiodarone HCl_Tab 200mg,0203020D0AAABAB,1,0.3500000000000003
212,M87623,Amiodarone HCl_Tab 200mg,0203020D0AAABAB,1,0.3500000000000003
213,M87620,Amiodarone HCl_Tab 200mg,0203020D0AAABAB,1,0.3500000000000003
111,M87037,Clonazepam_Tab 500mcg,0408010F0AAABAB,1,0.3389999999999993
110,Y02653,Clonazepam_Tab 500mcg,0408010F0AAABAB,1,0.3389999999999993
109,M87009,Clonazepam_Tab 500mcg,0408010F0AAABAB,1,0.3389999999999993
215,M87010,Amiodarone HCl_Tab 200mg,0203020D0AAABAB,4,0.3388
217,M87017,Amiodarone HCl_Tab 200mg,0203020D0AAABAB,4,0.3388
216,M87006,Amiodarone HCl_Tab 200mg,0203020D0AAABAB,4,0.3388
373,M87027,Co-Codamol_Cap 8mg/500mg,0407010F0AAABAB,2,0.3200000000000036
379,M87007,Co-Codamol_Cap 8mg/500mg,0407010F0AAABAB,1,0.3200000000000036
378,M87019,Co-Codamol_Cap 8mg/500mg,0407010F0AAABAB,2,0.3200000000000036
377,M87028,Co-Codamol_Cap 8mg/500mg,0407010F0AAABAB,2,0.3200000000000036
366,M87028,Co-Codamol_Cap 8mg/500mg,0407010F0AAABAB,2,0.3200000000000036
376,M87037,Co-Codamol_Cap 8mg/500mg,0407010F0AAABAB,2,0.3200000000000036
375,M87009,Co-Codamol_Cap 8mg/500mg,0407010F0AAABAB,1,0.3200000000000036
374,M87012,Co-Codamol_Cap 8mg/500mg,0407010F0AAABAB,2,0.3200000000000036
372,M87602,Co-Codamol_Cap 8mg/500mg,0407010F0AAABAB,1,0.3200000000000036
381,M87009,Co-Codamol_Cap 8mg/500mg,0407010F0AAABAB,1,0.3200000000000036
371,M87030,Co-Codamol_Cap 8mg/500mg,0407010F0AAABAB,1,0.3200000000000036
370,M87602,Co-Codamol_Cap 8mg/500mg,0407010F0AAABAB,1,0.3200000000000036
368,M87024,Co-Codamol_Cap 8mg/500mg,0407010F0AAABAB,1,0.3200000000000036
367,M87027,Co-Codamol_Cap 8mg/500mg,0407010F0AAABAB,2,0.3200000000000036
361,M87007,Co-Codamol_Cap 8mg/500mg,0407010F0AAABAB,1,0.3200000000000036
362,M87028,Co-Codamol_Cap 8mg/500mg,0407010F0AAABAB,1,0.3200000000000036
363,M87037,Co-Codamol_Cap 8mg/500mg,0407010F0AAABAB,1,0.3200000000000036
364,M87041,Co-Codamol_Cap 8mg/500mg,0407010F0AAABAB,2,0.3200000000000036
380,M87024,Co-Codamol_Cap 8mg/500mg,0407010F0AAABAB,2,0.3200000000000036
369,M87041,Co-Codamol_Cap 8mg/500mg,0407010F0AAABAB,2,0.3200000000000036
382,M87037,Co-Codamol_Cap 8mg/500mg,0407010F0AAABAB,1,0.3200000000000036
387,M87028,Co-Codamol_Cap 8mg/500mg,0407010F0AAABAB,1,0.3200000000000036
383,M87037,Co-Codamol_Cap 8mg/500mg,0407010F0AAABAB,2,0.3200000000000036
390,M87024,Co-Codamol_Cap 8mg/500mg,0407010F0AAABAB,2,0.3200000000000036
389,M87025,Co-Codamol_Cap 8mg/500mg,0407010F0AAABAB,2,0.3200000000000036
388,M87012,Co-Codamol_Cap 8mg/500mg,0407010F0AAABAB,2,0.3200000000000036
365,M87030,Co-Codamol_Cap 8mg/500mg,0407010F0AAABAB,1,0.3200000000000036
386,M87025,Co-Codamol_Cap 8mg/500mg,0407010F0AAABAB,2,0.3200000000000036
385,M87024,Co-Codamol_Cap 8mg/500mg,0407010F0AAABAB,1,0.3200000000000036
384,M87019,Co-Codamol_Cap 8mg/500mg,0407010F0AAABAB,2,0.3200000000000036
121,M87007,Clonazepam_Tab 500mcg,0408010F0AAABAB,1,0.31639999999999935
120,Y02212,Clonazepam_Tab 500mcg,0408010F0AAABAB,1,0.31639999999999935
112,M87602,Clonazepam_Tab 500mcg,0408010F0AAABAB,1,0.31639999999999935
113,M87605,Clonazepam_Tab 500mcg,0408010F0AAABAB,1,0.31639999999999935
114,M87015,Clonazepam_Tab 500mcg,0408010F0AAABAB,1,0.31639999999999935
115,M87620,Clonazepam_Tab 500mcg,0408010F0AAABAB,1,0.31639999999999935
116,M87037,Clonazepam_Tab 500mcg,0408010F0AAABAB,1,0.31639999999999935
117,M87034,Clonazepam_Tab 500mcg,0408010F0AAABAB,1,0.31639999999999935
118,M87027,Clonazepam_Tab 500mcg,0408010F0AAABAB,1,0.31639999999999935
119,M87021,Clonazepam_Tab 500mcg,0408010F0AAABAB,1,0.31639999999999935
124,M87009,Clonazepam_Tab 500mcg,0408010F0AAABAB,1,0.31639999999999935
122,M87621,Clonazepam_Tab 500mcg,0408010F0AAABAB,1,0.31639999999999935
123,M87028,Clonazepam_Tab 500mcg,0408010F0AAABAB,4,0.31639999999999935
392,M87001,Co-Codamol_Cap 8mg/500mg,0407010F0AAABAB,3,0.28800000000000325
391,M87001,Co-Codamol_Cap 8mg/500mg,0407010F0AAABAB,3,0.28800000000000325
218,M87011,Amiodarone HCl_Tab 200mg,0203020D0AAABAB,3,0.2541
219,M87023,Amiodarone HCl_Tab 200mg,0203020D0AAABAB,1,0.25400000000000034
288,M87011,Methocarbamol_Tab 750mg,1002020S0AAABAB,1,0.25200000000000056
289,M87024,Methocarbamol_Tab 750mg,1002020S0AAABAB,1,0.2407999999999999
290,M87009,Methocarbamol_Tab 750mg,1002020S0AAABAB,1,0.22000000000000075
393,Y02212,Co-Codamol_Cap 8mg/500mg,0407010F0AAABAB,2,0.19200000000000217
394,Y02212,Co-Codamol_Cap 8mg/500mg,0407010F0AAABAB,2,0.19200000000000217
292,Y02653,Methocarbamol_Tab 750mg,1002020S0AAABAB,1,0.18480000000000063
291,M87019,Methocarbamol_Tab 750mg,1002020S0AAABAB,1,0.18480000000000063
395,M87006,Co-Codamol_Cap 8mg/500mg,0407010F0AAABAB,1,0.17920000000000202
396,M87006,Co-Codamol_Cap 8mg/500mg,0407010F0AAABAB,1,0.17920000000000202
221,M87024,Amiodarone HCl_Tab 200mg,0203020D0AAABAB,1,0.17920000000000008
220,M87019,Amiodarone HCl_Tab 200mg,0203020D0AAABAB,1,0.17920000000000008
125,M87008,Clonazepam_Tab 500mcg,0408010F0AAABAB,4,0.16959999999999997
411,M87003,Co-Codamol_Cap 8mg/500mg,0407010F0AAABAB,1,0.1600000000000018
400,M87014,Co-Codamol_Cap 8mg/500mg,0407010F0AAABAB,1,0.1600000000000018
401,M87030,Co-Codamol_Cap 8mg/500mg,0407010F0AAABAB,1,0.1600000000000018
402,M87620,Co-Codamol_Cap 8mg/500mg,0407010F0AAABAB,1,0.1600000000000018
403,M87602,Co-Codamol_Cap 8mg/500mg,0407010F0AAABAB,1,0.1600000000000018
404,M87023,Co-Codamol_Cap 8mg/500mg,0407010F0AAABAB,1,0.1600000000000018
405,M87023,Co-Codamol_Cap 8mg/500mg,0407010F0AAABAB,1,0.1600000000000018
406,M87030,Co-Codamol_Cap 8mg/500mg,0407010F0AAABAB,1,0.1600000000000018
407,M87601,Co-Codamol_Cap 8mg/500mg,0407010F0AAABAB,1,0.1600000000000018
408,M87001,Co-Codamol_Cap 8mg/500mg,0407010F0AAABAB,1,0.1600000000000018
409,M87621,Co-Codamol_Cap 8mg/500mg,0407010F0AAABAB,1,0.1600000000000018
410,M87621,Co-Codamol_Cap 8mg/500mg,0407010F0AAABAB,1,0.1600000000000018
412,M87008,Co-Codamol_Cap 8mg/500mg,0407010F0AAABAB,1,0.1600000000000018
397,M87014,Co-Codamol_Cap 8mg/500mg,0407010F0AAABAB,1,0.1600000000000018
413,M87605,Co-Codamol_Cap 8mg/500mg,0407010F0AAABAB,1,0.1600000000000018
414,M87010,Co-Codamol_Cap 8mg/500mg,0407010F0AAABAB,1,0.1600000000000018
415,M87617,Co-Codamol_Cap 8mg/500mg,0407010F0AAABAB,1,0.1600000000000018
416,M87008,Co-Codamol_Cap 8mg/500mg,0407010F0AAABAB,1,0.1600000000000018
417,M87602,Co-Codamol_Cap 8mg/500mg,0407010F0AAABAB,1,0.1600000000000018
418,M87010,Co-Codamol_Cap 8mg/500mg,0407010F0AAABAB,1,0.1600000000000018
419,M87617,Co-Codamol_Cap 8mg/500mg,0407010F0AAABAB,1,0.1600000000000018
420,M87003,Co-Codamol_Cap 8mg/500mg,0407010F0AAABAB,1,0.1600000000000018
421,M87605,Co-Codamol_Cap 8mg/500mg,0407010F0AAABAB,1,0.1600000000000018
422,M87620,Co-Codamol_Cap 8mg/500mg,0407010F0AAABAB,1,0.1600000000000018
399,M87601,Co-Codamol_Cap 8mg/500mg,0407010F0AAABAB,1,0.1600000000000018
398,M87001,Co-Codamol_Cap 8mg/500mg,0407010F0AAABAB,1,0.1600000000000018
127,M87011,Clonazepam_Tab 500mcg,0408010F0AAABAB,1,0.15819999999999967
133,M87018,Clonazepam_Tab 500mcg,0408010F0AAABAB,1,0.15819999999999967
126,M87041,Clonazepam_Tab 500mcg,0408010F0AAABAB,1,0.15819999999999967
132,M87620,Clonazepam_Tab 500mcg,0408010F0AAABAB,1,0.15819999999999967
131,M87602,Clonazepam_Tab 500mcg,0408010F0AAABAB,1,0.15819999999999967
130,M87037,Clonazepam_Tab 500mcg,0408010F0AAABAB,1,0.15819999999999967
129,M87014,Clonazepam_Tab 500mcg,0408010F0AAABAB,1,0.15819999999999967
128,M87605,Clonazepam_Tab 500mcg,0408010F0AAABAB,1,0.15819999999999967
293,M87011,Methocarbamol_Tab 750mg,1002020S0AAABAB,4,0.13439999999999996
294,M87009,Methocarbamol_Tab 750mg,1002020S0AAABAB,1,0.13200000000000045
310,M87632,Buprenorphine_Tab Subling 400mcg S/F,0410030A0AAACAC,1,0.10440000000000005
423,M87026,Co-Codamol_Cap 8mg/500mg,0407010F0AAABAB,2,0.10240000000000116
424,M87026,Co-Codamol_Cap 8mg/500mg,0407010F0AAABAB,2,0.10240000000000116
425,M87027,Co-Codamol_Cap 8mg/500mg,0407010F0AAABAB,1,0.08500000000000035
426,M87027,Co-Codamol_Cap 8mg/500mg,0407010F0AAABAB,1,0.08500000000000035
222,M87011,Amiodarone HCl_Tab 200mg,0203020D0AAABAB,1,0.06350000000000008
427,M87041,Co-Codamol_Cap 8mg/500mg,0407010F0AAABAB,1,0.05120000000000058
428,M87041,Co-Codamol_Cap 8mg/500mg,0407010F0AAABAB,1,0.05120000000000058
233,M87018,Mesalazine_Tab E/C 400mg,0105010B0AAAAAA,5,0.021000000000009345
311,M87632,Buprenorphine_Tab Subling 400mcg S/F,0410030A0AAACAC,1,0.005199999999999427
312,M87632,Buprenorphine_Tab Subling 400mcg S/F,0410030A0AAACAC,1,-0.0038999999999995705
313,M87632,Buprenorphine_Tab Subling 400mcg S/F,0410030A0AAACAC,1,-0.0043999999999999595
314,M87019,Buprenorphine_Tab Subling 400mcg S/F,0410030A0AAACAC,1,-0.005999999999999339
315,M87632,Buprenorphine_Tab Subling 400mcg S/F,0410030A0AAACAC,2,-0.007199999999999873
316,M87632,Buprenorphine_Tab Subling 400mcg S/F,0410030A0AAACAC,1,-0.009499999999998954
234,M87026,Mesalazine_Tab E/C 400mg,0105010B0AAAAAA,1,-11.978399999999999
235,M87001,Mesalazine_Tab E/C 400mg,0105010B0AAAAAA,1,-15.971199999999998
236,M87617,Mesalazine_Tab E/C 400mg,0105010B0AAAAAA,1,-15.971199999999998
237,M87003,Mesalazine_Tab E/C 400mg,0105010B0AAAAAA,1,-17.112
238,M87012,Mesalazine_Tab E/C 400mg,0105010B0AAAAAA,4,-17.959199999999996
239,Y01756,Mesalazine_Tab E/C 400mg,0105010B0AAAAAA,1,-31.942399999999996
240,M87011,Mesalazine_Tab E/C 400mg,0105010B0AAAAAA,1,-34.224
241,M87617,Mesalazine_Tab E/C 400mg,0105010B0AAAAAA,1,-34.224
7,M87023,Mesalazine_Tab E/C 800mg,0105010B0AAASAS,1,-73.79999999999998
6,M87026,Mesalazine_Tab E/C 800mg,0105010B0AAASAS,1,-73.79999999999998
