,practice_code,bnf_description,bnf_code,items,excess_cost
533,C81071,Risperidone_Tab 6mg,040201030AAAFAF,7,204.4672
520,C81071,Phenytoin_Sod Tab 100mg,0408010Q0AAAGAG,1,159.19679999999997
521,C81071,Phenytoin_Sod Tab 100mg,0408010Q0AAAGAG,2,159.19679999999997
759,C81007,Anastrozole_Tab 1mg,0803041B0AAAAAA,6,123.00959999999999
760,C81006,Anastrozole_Tab 1mg,0803041B0AAAAAA,7,123.00959999999999
522,C81094,Phenytoin_Sod Tab 100mg,0408010Q0AAAGAG,1,119.39759999999998
523,C81066,Phenytoin_Sod Tab 100mg,0408010Q0AAAGAG,1,119.39759999999998
524,C81035,Phenytoin_Sod Tab 100mg,0408010Q0AAAGAG,1,119.39759999999998
525,C81007,Phenytoin_Sod Tab 100mg,0408010Q0AAAGAG,1,119.39759999999998
526,C81068,Phenytoin_Sod Tab 100mg,0408010Q0AAAGAG,1,119.39759999999998
749,C81062,Nefopam HCl_Tab 30mg,0407010P0AAABAB,1,108.89999999999999
750,C81007,Nefopam HCl_Tab 30mg,0407010P0AAABAB,4,101.6736
527,C81032,Phenytoin_Sod Tab 100mg,0408010Q0AAAGAG,1,79.59839999999998
528,C81035,Phenytoin_Sod Tab 100mg,0408010Q0AAAGAG,1,79.59839999999998
1,C81051,Paracet_Tab 500mg,0407010H0AAAMAM,99,66.52799999999998
0,C81051,Paracet_Tab 500mg,0407010H0AAAMAM,99,66.52799999999998
2,C81066,Paracet_Tab 500mg,0407010H0AAAMAM,113,65.81120000000004
3,C81066,Paracet_Tab 500mg,0407010H0AAAMAM,113,65.81120000000004
5,C81072,Paracet_Tab 500mg,0407010H0AAAMAM,99,65.34000000000002
4,C81072,Paracet_Tab 500mg,0407010H0AAAMAM,99,65.34000000000002
7,C81019,Paracet_Tab 500mg,0407010H0AAAMAM,44,65.12
6,C81019,Paracet_Tab 500mg,0407010H0AAAMAM,44,65.12
529,C81113,Phenytoin_Sod Tab 100mg,0408010Q0AAAGAG,1,59.69879999999999
534,C81047,Risperidone_Tab 6mg,040201030AAAFAF,2,58.4192
8,C81057,Paracet_Tab 500mg,0407010H0AAAMAM,45,56.7
9,C81057,Paracet_Tab 500mg,0407010H0AAAMAM,45,56.7
10,C81047,Paracet_Tab 500mg,0407010H0AAAMAM,303,54.539999999999985
11,C81047,Paracet_Tab 500mg,0407010H0AAAMAM,303,54.539999999999985
826,C81009,Sumatriptan_Tab 100mg,0407041T0AAACAC,4,54.2832
825,C81071,Sumatriptan_Tab 100mg,0407041T0AAACAC,4,54.2832
751,C81051,Nefopam HCl_Tab 30mg,0407010P0AAABAB,5,50.82
12,C81051,Paracet_Tab 500mg,0407010H0AAAMAM,167,43.419999999999966
13,C81051,Paracet_Tab 500mg,0407010H0AAAMAM,167,43.419999999999966
15,C81035,Paracet_Tab 500mg,0407010H0AAAMAM,88,41.395200000000024
14,C81035,Paracet_Tab 500mg,0407010H0AAAMAM,88,41.395200000000024
530,C81053,Phenytoin_Sod Tab 100mg,0408010Q0AAAGAG,4,39.79919999999999
17,C81006,Paracet_Tab 500mg,0407010H0AAAMAM,122,39.04000000000002
16,C81006,Paracet_Tab 500mg,0407010H0AAAMAM,122,39.04000000000002
18,C81062,Paracet_Tab 500mg,0407010H0AAAMAM,39,34.07040000000001
19,C81062,Paracet_Tab 500mg,0407010H0AAAMAM,39,34.07040000000001
21,C81046,Paracet_Tab 500mg,0407010H0AAAMAM,43,33.711999999999996
20,C81046,Paracet_Tab 500mg,0407010H0AAAMAM,43,33.711999999999996
22,C81064,Paracet_Tab 500mg,0407010H0AAAMAM,80,32.00000000000003
23,C81064,Paracet_Tab 500mg,0407010H0AAAMAM,80,32.00000000000003
25,C81057,Paracet_Tab 500mg,0407010H0AAAMAM,58,31.90000000000001
24,C81057,Paracet_Tab 500mg,0407010H0AAAMAM,58,31.90000000000001
27,C81006,Paracet_Tab 500mg,0407010H0AAAMAM,121,31.46000000000002
26,C81006,Paracet_Tab 500mg,0407010H0AAAMAM,121,31.46000000000002
28,C81066,Paracet_Tab 500mg,0407010H0AAAMAM,96,30.720000000000013
29,C81066,Paracet_Tab 500mg,0407010H0AAAMAM,96,30.720000000000013
30,C81071,Paracet_Tab 500mg,0407010H0AAAMAM,234,30.419999999999977
31,C81071,Paracet_Tab 500mg,0407010H0AAAMAM,234,30.419999999999977
536,C81087,Risperidone_Tab 6mg,040201030AAAFAF,1,29.2096
537,C81020,Risperidone_Tab 6mg,040201030AAAFAF,1,29.2096
538,Y01812,Risperidone_Tab 6mg,040201030AAAFAF,1,29.2096
539,C81031,Risperidone_Tab 6mg,040201030AAAFAF,1,29.2096
535,C81073,Risperidone_Tab 6mg,040201030AAAFAF,1,29.2096
835,C81047,Hydroxychlor Sulf_Tab 200mg,1001030C0AAAAAA,3,29.088000000000005
836,C81053,Hydroxychlor Sulf_Tab 200mg,1001030C0AAAAAA,4,27.14880000000001
837,C81062,Hydroxychlor Sulf_Tab 200mg,1001030C0AAAAAA,3,27.148800000000005
773,Y05286,Paracet_Tab Solb 500mg,0407010H0AAAQAQ,3,26.544000000000004
774,Y05286,Paracet_Tab Solb 500mg,0407010H0AAAQAQ,3,26.544000000000004
32,C81066,Paracet_Tab 500mg,0407010H0AAAMAM,53,26.415200000000006
33,C81066,Paracet_Tab 500mg,0407010H0AAAMAM,53,26.415200000000006
35,C81031,Paracet_Tab 500mg,0407010H0AAAMAM,57,22.982399999999995
34,C81031,Paracet_Tab 500mg,0407010H0AAAMAM,57,22.982399999999995
36,C81019,Paracet_Tab 500mg,0407010H0AAAMAM,36,22.579200000000004
37,C81019,Paracet_Tab 500mg,0407010H0AAAMAM,36,22.579200000000004
39,C81047,Paracet_Tab 500mg,0407010H0AAAMAM,53,22.556800000000027
38,C81047,Paracet_Tab 500mg,0407010H0AAAMAM,53,22.556800000000027
41,C81006,Paracet_Tab 500mg,0407010H0AAAMAM,1,22.534399999999998
40,C81006,Paracet_Tab 500mg,0407010H0AAAMAM,1,22.534399999999998
42,Y05286,Paracet_Tab 500mg,0407010H0AAAMAM,91,22.422400000000007
43,Y05286,Paracet_Tab 500mg,0407010H0AAAMAM,91,22.422400000000007
44,C81054,Paracet_Tab 500mg,0407010H0AAAMAM,45,22.176000000000005
45,C81054,Paracet_Tab 500mg,0407010H0AAAMAM,45,22.176000000000005
46,C81064,Paracet_Tab 500mg,0407010H0AAAMAM,162,21.772799999999993
47,C81064,Paracet_Tab 500mg,0407010H0AAAMAM,162,21.772799999999993
48,C81073,Paracet_Tab 500mg,0407010H0AAAMAM,117,20.966400000000053
49,C81073,Paracet_Tab 500mg,0407010H0AAAMAM,117,20.966400000000053
51,C81051,Paracet_Tab 500mg,0407010H0AAAMAM,204,20.40000000000002
50,C81051,Paracet_Tab 500mg,0407010H0AAAMAM,204,20.40000000000002
53,C81047,Paracet_Tab 500mg,0407010H0AAAMAM,127,20.320000000000054
52,C81047,Paracet_Tab 500mg,0407010H0AAAMAM,127,20.320000000000054
55,C81653,Paracet_Tab 500mg,0407010H0AAAMAM,2,20.160000000000004
54,C81653,Paracet_Tab 500mg,0407010H0AAAMAM,2,20.160000000000004
57,C81066,Paracet_Tab 500mg,0407010H0AAAMAM,40,20.000000000000018
56,C81066,Paracet_Tab 500mg,0407010H0AAAMAM,40,20.000000000000018
58,Y05286,Paracet_Tab 500mg,0407010H0AAAMAM,133,19.950000000000017
59,Y05286,Paracet_Tab 500mg,0407010H0AAAMAM,133,19.950000000000017
61,C81064,Paracet_Tab 500mg,0407010H0AAAMAM,79,19.750000000000018
60,C81064,Paracet_Tab 500mg,0407010H0AAAMAM,79,19.750000000000018
63,C81072,Paracet_Tab 500mg,0407010H0AAAMAM,275,19.24999999999998
62,C81072,Paracet_Tab 500mg,0407010H0AAAMAM,275,19.24999999999998
65,C81031,Paracet_Tab 500mg,0407010H0AAAMAM,112,19.040000000000003
64,C81031,Paracet_Tab 500mg,0407010H0AAAMAM,112,19.040000000000003
67,C81054,Paracet_Tab 500mg,0407010H0AAAMAM,71,17.039999999999996
66,C81054,Paracet_Tab 500mg,0407010H0AAAMAM,71,17.039999999999996
68,C81019,Paracet_Tab 500mg,0407010H0AAAMAM,7,16.9344
69,C81019,Paracet_Tab 500mg,0407010H0AAAMAM,7,16.9344
70,C81035,Paracet_Tab 500mg,0407010H0AAAMAM,141,16.919999999999995
71,C81035,Paracet_Tab 500mg,0407010H0AAAMAM,141,16.919999999999995
72,C81073,Paracet_Tab 500mg,0407010H0AAAMAM,177,15.930000000000026
73,C81073,Paracet_Tab 500mg,0407010H0AAAMAM,177,15.930000000000026
944,C81009,Gemfibrozil_Tab 600mg,0212000Q0AAABAB,1,15.142399999999999
941,C81062,Gemfibrozil_Tab 600mg,0212000Q0AAABAB,1,15.142399999999999
945,C81032,Gemfibrozil_Tab 600mg,0212000Q0AAABAB,1,15.142399999999999
942,C81108,Gemfibrozil_Tab 600mg,0212000Q0AAABAB,1,15.142399999999999
943,C81035,Gemfibrozil_Tab 600mg,0212000Q0AAABAB,1,15.142399999999999
74,C81648,Paracet_Tab 500mg,0407010H0AAAMAM,1,15.09
75,C81648,Paracet_Tab 500mg,0407010H0AAAMAM,1,15.09
838,C81054,Hydroxychlor Sulf_Tab 200mg,1001030C0AAAAAA,12,14.543999999999997
76,C81072,Paracet_Tab 500mg,0407010H0AAAMAM,108,14.515199999999997
77,C81072,Paracet_Tab 500mg,0407010H0AAAMAM,108,14.515199999999997
78,C81014,Paracet_Tab 500mg,0407010H0AAAMAM,62,13.888000000000012
79,C81014,Paracet_Tab 500mg,0407010H0AAAMAM,62,13.888000000000012
827,C81110,Sumatriptan_Tab 100mg,0407041T0AAACAC,10,12.612000000000004
80,C81054,Paracet_Tab 500mg,0407010H0AAAMAM,295,11.800000000000031
81,C81054,Paracet_Tab 500mg,0407010H0AAAMAM,295,11.800000000000031
82,C81094,Paracet_Tab 500mg,0407010H0AAAMAM,47,11.580800000000004
83,C81094,Paracet_Tab 500mg,0407010H0AAAMAM,47,11.580800000000004
776,C81068,Paracet_Tab Solb 500mg,0407010H0AAAQAQ,1,11.304
775,C81068,Paracet_Tab Solb 500mg,0407010H0AAAQAQ,1,11.304
84,C81020,Paracet_Tab 500mg,0407010H0AAAMAM,160,11.199999999999989
85,C81020,Paracet_Tab 500mg,0407010H0AAAMAM,160,11.199999999999989
87,C81020,Paracet_Tab 500mg,0407010H0AAAMAM,29,11.0432
86,C81020,Paracet_Tab 500mg,0407010H0AAAMAM,29,11.0432
88,C81068,Paracet_Tab 500mg,0407010H0AAAMAM,138,11.04000000000003
89,C81068,Paracet_Tab 500mg,0407010H0AAAMAM,138,11.04000000000003
90,C81071,Paracet_Tab 500mg,0407010H0AAAMAM,122,10.931200000000029
91,C81071,Paracet_Tab 500mg,0407010H0AAAMAM,122,10.931200000000029
92,C81059,Paracet_Tab 500mg,0407010H0AAAMAM,44,10.841600000000003
93,C81059,Paracet_Tab 500mg,0407010H0AAAMAM,44,10.841600000000003
95,C81020,Paracet_Tab 500mg,0407010H0AAAMAM,133,10.640000000000027
94,C81020,Paracet_Tab 500mg,0407010H0AAAMAM,133,10.640000000000027
777,C81035,Paracet_Tab Solb 500mg,0407010H0AAAQAQ,4,10.572800000000004
778,C81035,Paracet_Tab Solb 500mg,0407010H0AAAQAQ,4,10.572800000000004
780,C81009,Paracet_Tab Solb 500mg,0407010H0AAAQAQ,1,10.5504
779,C81009,Paracet_Tab Solb 500mg,0407010H0AAAQAQ,1,10.5504
96,C81014,Paracet_Tab 500mg,0407010H0AAAMAM,116,10.440000000000017
97,C81014,Paracet_Tab 500mg,0407010H0AAAMAM,116,10.440000000000017
98,Y05733,Paracet_Tab 500mg,0407010H0AAAMAM,32,10.240000000000006
99,Y05733,Paracet_Tab 500mg,0407010H0AAAMAM,32,10.240000000000006
101,Y01812,Paracet_Tab 500mg,0407010H0AAAMAM,91,10.192000000000009
100,Y01812,Paracet_Tab 500mg,0407010H0AAAMAM,91,10.192000000000009
102,C81031,Paracet_Tab 500mg,0407010H0AAAMAM,63,10.080000000000027
103,C81031,Paracet_Tab 500mg,0407010H0AAAMAM,63,10.080000000000027
104,C81062,Paracet_Tab 500mg,0407010H0AAAMAM,66,9.90000000000001
105,C81062,Paracet_Tab 500mg,0407010H0AAAMAM,66,9.90000000000001
107,C81046,Paracet_Tab 500mg,0407010H0AAAMAM,29,9.860000000000001
106,C81046,Paracet_Tab 500mg,0407010H0AAAMAM,29,9.860000000000001
109,C81114,Paracet_Tab 500mg,0407010H0AAAMAM,49,9.800000000000008
108,C81114,Paracet_Tab 500mg,0407010H0AAAMAM,49,9.800000000000008
110,C81059,Paracet_Tab 500mg,0407010H0AAAMAM,157,9.420000000000051
111,C81059,Paracet_Tab 500mg,0407010H0AAAMAM,157,9.420000000000051
112,C81068,Paracet_Tab 500mg,0407010H0AAAMAM,64,8.95999999999999
113,C81068,Paracet_Tab 500mg,0407010H0AAAMAM,64,8.95999999999999
114,C81005,Paracet_Tab 500mg,0407010H0AAAMAM,196,8.780800000000099
115,C81005,Paracet_Tab 500mg,0407010H0AAAMAM,196,8.780800000000099
117,C81071,Paracet_Tab 500mg,0407010H0AAAMAM,10,8.735999999999999
116,C81071,Paracet_Tab 500mg,0407010H0AAAMAM,10,8.735999999999999
119,C81054,Paracet_Tab 500mg,0407010H0AAAMAM,5,8.484000000000002
118,C81054,Paracet_Tab 500mg,0407010H0AAAMAM,5,8.484000000000002
120,C81006,Paracet_Tab 500mg,0407010H0AAAMAM,4,8.4672
121,C81006,Paracet_Tab 500mg,0407010H0AAAMAM,4,8.4672
122,C81035,Paracet_Tab 500mg,0407010H0AAAMAM,1,8.2492
123,C81035,Paracet_Tab 500mg,0407010H0AAAMAM,1,8.2492
124,C81006,Paracet_Tab 500mg,0407010H0AAAMAM,60,8.063999999999998
125,C81006,Paracet_Tab 500mg,0407010H0AAAMAM,60,8.063999999999998
127,Y05286,Paracet_Tab 500mg,0407010H0AAAMAM,38,7.600000000000007
126,Y05286,Paracet_Tab 500mg,0407010H0AAAMAM,38,7.600000000000007
540,C81054,Clonazepam_Tab 500mcg,0408010F0AAABAB,3,7.593599999999984
946,C81064,Gemfibrozil_Tab 600mg,0212000Q0AAABAB,1,7.571199999999999
947,C81072,Gemfibrozil_Tab 600mg,0212000Q0AAABAB,1,7.571199999999999
948,C81053,Gemfibrozil_Tab 600mg,0212000Q0AAABAB,1,7.571199999999999
128,C81014,Paracet_Tab 500mg,0407010H0AAAMAM,1,7.545
129,C81014,Paracet_Tab 500mg,0407010H0AAAMAM,1,7.545
130,C81072,Paracet_Tab 500mg,0407010H0AAAMAM,26,7.2800000000000065
131,C81072,Paracet_Tab 500mg,0407010H0AAAMAM,26,7.2800000000000065
839,C81014,Hydroxychlor Sulf_Tab 200mg,1001030C0AAAAAA,2,7.272
781,C81051,Paracet_Tab Solb 500mg,0407010H0AAAQAQ,1,7.065
782,C81051,Paracet_Tab Solb 500mg,0407010H0AAAQAQ,1,7.065
132,C81648,Paracet_Tab 500mg,0407010H0AAAMAM,37,6.659999999999998
133,C81648,Paracet_Tab 500mg,0407010H0AAAMAM,37,6.659999999999998
134,C81046,Paracet_Tab 500mg,0407010H0AAAMAM,2,5.644800000000001
135,C81046,Paracet_Tab 500mg,0407010H0AAAMAM,2,5.644800000000001
136,C81031,Paracet_Tab 500mg,0407010H0AAAMAM,20,5.600000000000001
137,C81031,Paracet_Tab 500mg,0407010H0AAAMAM,20,5.600000000000001
139,C81019,Paracet_Tab 500mg,0407010H0AAAMAM,67,5.360000000000014
138,C81019,Paracet_Tab 500mg,0407010H0AAAMAM,67,5.360000000000014
141,C81094,Paracet_Tab 500mg,0407010H0AAAMAM,128,5.120000000000013
140,C81094,Paracet_Tab 500mg,0407010H0AAAMAM,128,5.120000000000013
542,C81054,Clonazepam_Tab 500mcg,0408010F0AAABAB,8,5.06239999999999
541,C81064,Clonazepam_Tab 500mcg,0408010F0AAABAB,4,5.06239999999999
142,C81616,Paracet_Tab 500mg,0407010H0AAAMAM,95,4.750000000000004
143,C81616,Paracet_Tab 500mg,0407010H0AAAMAM,95,4.750000000000004
543,C81652,Clonazepam_Tab 500mcg,0408010F0AAABAB,10,4.74599999999999
784,Y05733,Paracet_Tab Solb 500mg,0407010H0AAAQAQ,6,4.740000000000003
783,Y05733,Paracet_Tab Solb 500mg,0407010H0AAAQAQ,6,4.740000000000003
785,Y05286,Paracet_Tab Solb 500mg,0407010H0AAAQAQ,4,4.720000000000002
786,Y05286,Paracet_Tab Solb 500mg,0407010H0AAAQAQ,4,4.720000000000002
544,C81051,Clonazepam_Tab 500mcg,0408010F0AAABAB,1,4.519999999999991
545,C81094,Clonazepam_Tab 500mcg,0408010F0AAABAB,1,4.519999999999991
144,C81006,Paracet_Tab 500mg,0407010H0AAAMAM,5,4.499999999999999
145,C81006,Paracet_Tab 500mg,0407010H0AAAMAM,5,4.499999999999999
146,C81048,Paracet_Tab 500mg,0407010H0AAAMAM,112,4.480000000000012
147,C81048,Paracet_Tab 500mg,0407010H0AAAMAM,112,4.480000000000012
546,C81068,Clonazepam_Tab 500mcg,0408010F0AAABAB,1,4.429599999999991
148,C81051,Paracet_Tab 500mg,0407010H0AAAMAM,13,4.290000000000001
149,C81051,Paracet_Tab 500mg,0407010H0AAAMAM,13,4.290000000000001
151,C81037,Paracet_Tab 500mg,0407010H0AAAMAM,105,4.200000000000011
150,C81037,Paracet_Tab 500mg,0407010H0AAAMAM,105,4.200000000000011
547,C81032,Clonazepam_Tab 500mcg,0408010F0AAABAB,1,4.067999999999992
548,C81032,Clonazepam_Tab 500mcg,0408010F0AAABAB,4,3.796799999999992
549,C81064,Clonazepam_Tab 500mcg,0408010F0AAABAB,2,3.796799999999992
550,C81072,Clonazepam_Tab 500mcg,0408010F0AAABAB,6,3.796799999999992
153,C81094,Paracet_Tab 500mg,0407010H0AAAMAM,87,3.4800000000000395
152,C81094,Paracet_Tab 500mg,0407010H0AAAMAM,87,3.4800000000000395
154,C81057,Paracet_Tab 500mg,0407010H0AAAMAM,38,3.4048000000000087
155,C81057,Paracet_Tab 500mg,0407010H0AAAMAM,38,3.4048000000000087
156,C81046,Paracet_Tab 500mg,0407010H0AAAMAM,111,3.3300000000000183
157,C81046,Paracet_Tab 500mg,0407010H0AAAMAM,111,3.3300000000000183
159,C81017,Paracet_Tab 500mg,0407010H0AAAMAM,26,3.328000000000003
158,C81017,Paracet_Tab 500mg,0407010H0AAAMAM,26,3.328000000000003
160,C81035,Paracet_Tab 500mg,0407010H0AAAMAM,9,3.326400000000001
161,C81035,Paracet_Tab 500mg,0407010H0AAAMAM,9,3.326400000000001
162,C81072,Paracet_Tab 500mg,0407010H0AAAMAM,39,3.276000000000003
163,C81072,Paracet_Tab 500mg,0407010H0AAAMAM,39,3.276000000000003
164,C81057,Paracet_Tab 500mg,0407010H0AAAMAM,3,3.2423999999999995
165,C81057,Paracet_Tab 500mg,0407010H0AAAMAM,3,3.2423999999999995
166,C81047,Paracet_Tab 500mg,0407010H0AAAMAM,4,3.2256000000000005
167,C81047,Paracet_Tab 500mg,0407010H0AAAMAM,4,3.2256000000000005
169,C81066,Paracet_Tab 500mg,0407010H0AAAMAM,1,3.2192
168,C81066,Paracet_Tab 500mg,0407010H0AAAMAM,1,3.2192
552,C81009,Clonazepam_Tab 500mcg,0408010F0AAABAB,5,3.1639999999999935
551,C81071,Clonazepam_Tab 500mcg,0408010F0AAABAB,5,3.1639999999999935
553,C81110,Clonazepam_Tab 500mcg,0408010F0AAABAB,1,3.0283999999999938
828,C81037,Sumatriptan_Tab 100mg,0407041T0AAACAC,6,2.8908000000000014
829,C81064,Sumatriptan_Tab 100mg,0407041T0AAACAC,1,2.8902
554,C81075,Clonazepam_Tab 500mcg,0408010F0AAABAB,3,2.847599999999994
555,C81049,Clonazepam_Tab 500mcg,0408010F0AAABAB,3,2.847599999999994
170,C81014,Paracet_Tab 500mg,0407010H0AAAMAM,8,2.7776000000000005
171,C81014,Paracet_Tab 500mg,0407010H0AAAMAM,8,2.7776000000000005
562,C81069,Clonazepam_Tab 500mcg,0408010F0AAABAB,1,2.531199999999995
567,C81032,Clonazepam_Tab 500mcg,0408010F0AAABAB,4,2.531199999999995
556,C81032,Clonazepam_Tab 500mcg,0408010F0AAABAB,2,2.531199999999995
557,Y05286,Clonazepam_Tab 500mcg,0408010F0AAABAB,1,2.531199999999995
573,C81038,Clonazepam_Tab 500mcg,0408010F0AAABAB,2,2.531199999999995
572,C81108,Clonazepam_Tab 500mcg,0408010F0AAABAB,2,2.531199999999995
571,C81004,Clonazepam_Tab 500mcg,0408010F0AAABAB,4,2.531199999999995
570,C81073,Clonazepam_Tab 500mcg,0408010F0AAABAB,4,2.531199999999995
569,C81036,Clonazepam_Tab 500mcg,0408010F0AAABAB,1,2.531199999999995
568,C81054,Clonazepam_Tab 500mcg,0408010F0AAABAB,2,2.531199999999995
566,C81049,Clonazepam_Tab 500mcg,0408010F0AAABAB,1,2.531199999999995
565,C81066,Clonazepam_Tab 500mcg,0408010F0AAABAB,1,2.531199999999995
564,C81032,Clonazepam_Tab 500mcg,0408010F0AAABAB,1,2.531199999999995
563,C81060,Clonazepam_Tab 500mcg,0408010F0AAABAB,1,2.531199999999995
561,C81005,Clonazepam_Tab 500mcg,0408010F0AAABAB,4,2.531199999999995
560,C81009,Clonazepam_Tab 500mcg,0408010F0AAABAB,2,2.531199999999995
559,C81037,Clonazepam_Tab 500mcg,0408010F0AAABAB,2,2.531199999999995
558,C81031,Clonazepam_Tab 500mcg,0408010F0AAABAB,2,2.531199999999995
172,C81071,Paracet_Tab 500mg,0407010H0AAAMAM,3,2.52
173,C81071,Paracet_Tab 500mg,0407010H0AAAMAM,3,2.52
174,C81053,Paracet_Tab 500mg,0407010H0AAAMAM,5,2.519999999999999
175,C81053,Paracet_Tab 500mg,0407010H0AAAMAM,5,2.519999999999999
574,C81086,Clonazepam_Tab 500mcg,0408010F0AAABAB,1,2.485999999999995
577,C81068,Clonazepam_Tab 500mcg,0408010F0AAABAB,1,2.2599999999999953
576,C81064,Clonazepam_Tab 500mcg,0408010F0AAABAB,2,2.2599999999999953
578,C81069,Clonazepam_Tab 500mcg,0408010F0AAABAB,2,2.2599999999999953
579,C81036,Clonazepam_Tab 500mcg,0408010F0AAABAB,1,2.2599999999999953
575,C81051,Clonazepam_Tab 500mcg,0408010F0AAABAB,1,2.2599999999999953
176,C81053,Paracet_Tab 500mg,0407010H0AAAMAM,112,2.2399999999999864
177,C81053,Paracet_Tab 500mg,0407010H0AAAMAM,112,2.2399999999999864
580,C81051,Clonazepam_Tab 500mcg,0408010F0AAABAB,7,2.2147999999999954
581,C81113,Clonazepam_Tab 500mcg,0408010F0AAABAB,1,2.033999999999996
602,C81075,Clonazepam_Tab 500mcg,0408010F0AAABAB,1,1.898399999999996
601,C81072,Clonazepam_Tab 500mcg,0408010F0AAABAB,1,1.898399999999996
600,C81007,Clonazepam_Tab 500mcg,0408010F0AAABAB,2,1.898399999999996
599,C81035,Clonazepam_Tab 500mcg,0408010F0AAABAB,1,1.898399999999996
598,C81014,Clonazepam_Tab 500mcg,0408010F0AAABAB,1,1.898399999999996
603,C81066,Clonazepam_Tab 500mcg,0408010F0AAABAB,2,1.898399999999996
596,C81073,Clonazepam_Tab 500mcg,0408010F0AAABAB,2,1.898399999999996
595,C81047,Clonazepam_Tab 500mcg,0408010F0AAABAB,2,1.898399999999996
594,C81648,Clonazepam_Tab 500mcg,0408010F0AAABAB,1,1.898399999999996
604,C81006,Clonazepam_Tab 500mcg,0408010F0AAABAB,2,1.898399999999996
605,C81087,Clonazepam_Tab 500mcg,0408010F0AAABAB,4,1.898399999999996
597,C81071,Clonazepam_Tab 500mcg,0408010F0AAABAB,1,1.898399999999996
592,C81047,Clonazepam_Tab 500mcg,0408010F0AAABAB,1,1.898399999999996
593,C81110,Clonazepam_Tab 500mcg,0408010F0AAABAB,3,1.898399999999996
582,C81042,Clonazepam_Tab 500mcg,0408010F0AAABAB,3,1.898399999999996
583,C81038,Clonazepam_Tab 500mcg,0408010F0AAABAB,1,1.898399999999996
584,C81052,Clonazepam_Tab 500mcg,0408010F0AAABAB,2,1.898399999999996
585,C81038,Clonazepam_Tab 500mcg,0408010F0AAABAB,3,1.898399999999996
586,C81049,Clonazepam_Tab 500mcg,0408010F0AAABAB,3,1.898399999999996
587,C81073,Clonazepam_Tab 500mcg,0408010F0AAABAB,1,1.898399999999996
588,Y05286,Clonazepam_Tab 500mcg,0408010F0AAABAB,1,1.898399999999996
589,C81005,Clonazepam_Tab 500mcg,0408010F0AAABAB,1,1.898399999999996
590,Y01812,Clonazepam_Tab 500mcg,0408010F0AAABAB,1,1.898399999999996
591,C81060,Clonazepam_Tab 500mcg,0408010F0AAABAB,1,1.898399999999996
179,C81066,Paracet_Tab 500mg,0407010H0AAAMAM,11,1.7248000000000023
178,C81066,Paracet_Tab 500mg,0407010H0AAAMAM,11,1.7248000000000023
606,C81114,Clonazepam_Tab 500mcg,0408010F0AAABAB,1,1.6949999999999965
608,C81054,Clonazepam_Tab 500mcg,0408010F0AAABAB,1,1.5819999999999967
607,C81072,Clonazepam_Tab 500mcg,0408010F0AAABAB,1,1.5819999999999967
180,C81072,Paracet_Tab 500mg,0407010H0AAAMAM,19,1.5200000000000007
181,C81072,Paracet_Tab 500mg,0407010H0AAAMAM,19,1.5200000000000007
182,C81087,Paracet_Tab 500mg,0407010H0AAAMAM,136,1.3599999999999919
183,C81087,Paracet_Tab 500mg,0407010H0AAAMAM,136,1.3599999999999919
634,C81035,Clonazepam_Tab 500mcg,0408010F0AAABAB,1,1.2655999999999974
631,Y01812,Clonazepam_Tab 500mcg,0408010F0AAABAB,1,1.2655999999999974
625,C81035,Clonazepam_Tab 500mcg,0408010F0AAABAB,4,1.2655999999999974
626,C81072,Clonazepam_Tab 500mcg,0408010F0AAABAB,1,1.2655999999999974
627,C81006,Clonazepam_Tab 500mcg,0408010F0AAABAB,1,1.2655999999999974
628,C81040,Clonazepam_Tab 500mcg,0408010F0AAABAB,2,1.2655999999999974
630,C81653,Clonazepam_Tab 500mcg,0408010F0AAABAB,1,1.2655999999999974
635,C81068,Clonazepam_Tab 500mcg,0408010F0AAABAB,1,1.2655999999999974
632,C81007,Clonazepam_Tab 500mcg,0408010F0AAABAB,1,1.2655999999999974
633,C81118,Clonazepam_Tab 500mcg,0408010F0AAABAB,2,1.2655999999999974
623,C81118,Clonazepam_Tab 500mcg,0408010F0AAABAB,4,1.2655999999999974
636,C81037,Clonazepam_Tab 500mcg,0408010F0AAABAB,2,1.2655999999999974
637,C81014,Clonazepam_Tab 500mcg,0408010F0AAABAB,1,1.2655999999999974
638,C81007,Clonazepam_Tab 500mcg,0408010F0AAABAB,2,1.2655999999999974
624,C81094,Clonazepam_Tab 500mcg,0408010F0AAABAB,2,1.2655999999999974
629,C81048,Clonazepam_Tab 500mcg,0408010F0AAABAB,4,1.2655999999999974
622,C81047,Clonazepam_Tab 500mcg,0408010F0AAABAB,1,1.2655999999999974
616,C81069,Clonazepam_Tab 500mcg,0408010F0AAABAB,1,1.2655999999999974
621,C81017,Clonazepam_Tab 500mcg,0408010F0AAABAB,1,1.2655999999999974
609,C81006,Clonazepam_Tab 500mcg,0408010F0AAABAB,2,1.2655999999999974
610,C81053,Clonazepam_Tab 500mcg,0408010F0AAABAB,2,1.2655999999999974
611,C81066,Clonazepam_Tab 500mcg,0408010F0AAABAB,4,1.2655999999999974
612,C81057,Clonazepam_Tab 500mcg,0408010F0AAABAB,2,1.2655999999999974
613,C81017,Clonazepam_Tab 500mcg,0408010F0AAABAB,4,1.2655999999999974
614,C81113,Clonazepam_Tab 500mcg,0408010F0AAABAB,1,1.2655999999999974
615,C81027,Clonazepam_Tab 500mcg,0408010F0AAABAB,1,1.2655999999999974
617,C81073,Clonazepam_Tab 500mcg,0408010F0AAABAB,1,1.2655999999999974
618,Y05286,Clonazepam_Tab 500mcg,0408010F0AAABAB,2,1.2655999999999974
619,C81005,Clonazepam_Tab 500mcg,0408010F0AAABAB,1,1.2655999999999974
620,C81051,Clonazepam_Tab 500mcg,0408010F0AAABAB,2,1.2655999999999974
185,C81042,Paracet_Tab 500mg,0407010H0AAAMAM,123,1.2299999999999927
184,C81042,Paracet_Tab 500mg,0407010H0AAAMAM,123,1.2299999999999927
643,C81051,Clonazepam_Tab 500mcg,0408010F0AAABAB,1,1.1299999999999977
647,C81017,Clonazepam_Tab 500mcg,0408010F0AAABAB,1,1.1299999999999977
646,C81068,Clonazepam_Tab 500mcg,0408010F0AAABAB,1,1.1299999999999977
645,C81014,Clonazepam_Tab 500mcg,0408010F0AAABAB,1,1.1299999999999977
644,C81027,Clonazepam_Tab 500mcg,0408010F0AAABAB,1,1.1299999999999977
639,C81062,Clonazepam_Tab 500mcg,0408010F0AAABAB,1,1.1299999999999977
642,C81075,Clonazepam_Tab 500mcg,0408010F0AAABAB,1,1.1299999999999977
641,C81040,Clonazepam_Tab 500mcg,0408010F0AAABAB,1,1.1299999999999977
640,Y05286,Clonazepam_Tab 500mcg,0408010F0AAABAB,1,1.1299999999999977
648,C81057,Clonazepam_Tab 500mcg,0408010F0AAABAB,1,1.016999999999998
649,C81007,Clonazepam_Tab 500mcg,0408010F0AAABAB,1,1.016999999999998
666,Y05286,Clonazepam_Tab 500mcg,0408010F0AAABAB,1,0.949199999999998
658,C81086,Clonazepam_Tab 500mcg,0408010F0AAABAB,1,0.949199999999998
665,C81005,Clonazepam_Tab 500mcg,0408010F0AAABAB,3,0.949199999999998
664,C81057,Clonazepam_Tab 500mcg,0408010F0AAABAB,1,0.949199999999998
663,C81004,Clonazepam_Tab 500mcg,0408010F0AAABAB,1,0.949199999999998
662,C81052,Clonazepam_Tab 500mcg,0408010F0AAABAB,3,0.949199999999998
661,C81051,Clonazepam_Tab 500mcg,0408010F0AAABAB,4,0.949199999999998
660,C81114,Clonazepam_Tab 500mcg,0408010F0AAABAB,1,0.949199999999998
659,C81027,Clonazepam_Tab 500mcg,0408010F0AAABAB,1,0.949199999999998
652,C81054,Clonazepam_Tab 500mcg,0408010F0AAABAB,3,0.949199999999998
657,C81020,Clonazepam_Tab 500mcg,0408010F0AAABAB,1,0.949199999999998
656,C81094,Clonazepam_Tab 500mcg,0408010F0AAABAB,1,0.949199999999998
655,C81047,Clonazepam_Tab 500mcg,0408010F0AAABAB,3,0.949199999999998
654,C81054,Clonazepam_Tab 500mcg,0408010F0AAABAB,1,0.949199999999998
653,C81051,Clonazepam_Tab 500mcg,0408010F0AAABAB,1,0.949199999999998
669,C81069,Clonazepam_Tab 500mcg,0408010F0AAABAB,4,0.949199999999998
651,C81110,Clonazepam_Tab 500mcg,0408010F0AAABAB,3,0.949199999999998
650,C81004,Clonazepam_Tab 500mcg,0408010F0AAABAB,3,0.949199999999998
668,C81042,Clonazepam_Tab 500mcg,0408010F0AAABAB,1,0.949199999999998
667,C81110,Clonazepam_Tab 500mcg,0408010F0AAABAB,1,0.949199999999998
670,C81071,Clonazepam_Tab 500mcg,0408010F0AAABAB,1,0.7909999999999984
681,C81047,Clonazepam_Tab 500mcg,0408010F0AAABAB,1,0.6779999999999986
672,C81110,Clonazepam_Tab 500mcg,0408010F0AAABAB,1,0.6779999999999986
673,C81062,Clonazepam_Tab 500mcg,0408010F0AAABAB,1,0.6779999999999986
674,C81653,Clonazepam_Tab 500mcg,0408010F0AAABAB,1,0.6779999999999986
675,C81073,Clonazepam_Tab 500mcg,0408010F0AAABAB,1,0.6779999999999986
676,C81075,Clonazepam_Tab 500mcg,0408010F0AAABAB,2,0.6779999999999986
677,C81068,Clonazepam_Tab 500mcg,0408010F0AAABAB,1,0.6779999999999986
678,C81017,Clonazepam_Tab 500mcg,0408010F0AAABAB,1,0.6779999999999986
679,C81069,Clonazepam_Tab 500mcg,0408010F0AAABAB,1,0.6779999999999986
680,C81004,Clonazepam_Tab 500mcg,0408010F0AAABAB,1,0.6779999999999986
671,C81038,Clonazepam_Tab 500mcg,0408010F0AAABAB,1,0.6779999999999986
700,C81014,Clonazepam_Tab 500mcg,0408010F0AAABAB,1,0.6327999999999987
696,C81064,Clonazepam_Tab 500mcg,0408010F0AAABAB,1,0.6327999999999987
697,C81027,Clonazepam_Tab 500mcg,0408010F0AAABAB,2,0.6327999999999987
698,C81071,Clonazepam_Tab 500mcg,0408010F0AAABAB,2,0.6327999999999987
699,C81051,Clonazepam_Tab 500mcg,0408010F0AAABAB,4,0.6327999999999987
706,C81113,Clonazepam_Tab 500mcg,0408010F0AAABAB,2,0.6327999999999987
701,C81066,Clonazepam_Tab 500mcg,0408010F0AAABAB,1,0.6327999999999987
702,C81069,Clonazepam_Tab 500mcg,0408010F0AAABAB,1,0.6327999999999987
703,C81087,Clonazepam_Tab 500mcg,0408010F0AAABAB,1,0.6327999999999987
704,C81042,Clonazepam_Tab 500mcg,0408010F0AAABAB,2,0.6327999999999987
694,C81108,Clonazepam_Tab 500mcg,0408010F0AAABAB,1,0.6327999999999987
695,C81068,Clonazepam_Tab 500mcg,0408010F0AAABAB,2,0.6327999999999987
687,Y05286,Clonazepam_Tab 500mcg,0408010F0AAABAB,2,0.6327999999999987
693,C81073,Clonazepam_Tab 500mcg,0408010F0AAABAB,4,0.6327999999999987
692,C81046,Clonazepam_Tab 500mcg,0408010F0AAABAB,1,0.6327999999999987
691,C81068,Clonazepam_Tab 500mcg,0408010F0AAABAB,1,0.6327999999999987
690,C81031,Clonazepam_Tab 500mcg,0408010F0AAABAB,1,0.6327999999999987
688,C81019,Clonazepam_Tab 500mcg,0408010F0AAABAB,2,0.6327999999999987
686,Y01812,Clonazepam_Tab 500mcg,0408010F0AAABAB,1,0.6327999999999987
685,C81114,Clonazepam_Tab 500mcg,0408010F0AAABAB,1,0.6327999999999987
684,C81062,Clonazepam_Tab 500mcg,0408010F0AAABAB,1,0.6327999999999987
683,Y01812,Clonazepam_Tab 500mcg,0408010F0AAABAB,2,0.6327999999999987
682,C81062,Clonazepam_Tab 500mcg,0408010F0AAABAB,2,0.6327999999999987
705,C81047,Clonazepam_Tab 500mcg,0408010F0AAABAB,1,0.6327999999999987
689,C81048,Clonazepam_Tab 500mcg,0408010F0AAABAB,1,0.6327999999999987
707,C81073,Clonazepam_Tab 500mcg,0408010F0AAABAB,1,0.5699999999999983
708,C81006,Clonazepam_Tab 500mcg,0408010F0AAABAB,7,0.5536999999999989
710,C81035,Clonazepam_Tab 500mcg,0408010F0AAABAB,1,0.474599999999999
709,Y01812,Clonazepam_Tab 500mcg,0408010F0AAABAB,1,0.474599999999999
711,C81004,Clonazepam_Tab 500mcg,0408010F0AAABAB,1,0.3583999999999996
712,C81069,Clonazepam_Tab 500mcg,0408010F0AAABAB,1,0.3389999999999993
713,C81114,Clonazepam_Tab 500mcg,0408010F0AAABAB,1,0.3389999999999993
714,C81066,Clonazepam_Tab 500mcg,0408010F0AAABAB,1,0.3389999999999993
715,C81060,Clonazepam_Tab 500mcg,0408010F0AAABAB,1,0.3389999999999993
730,C81060,Clonazepam_Tab 500mcg,0408010F0AAABAB,1,0.31639999999999935
728,C81086,Clonazepam_Tab 500mcg,0408010F0AAABAB,1,0.31639999999999935
729,C81073,Clonazepam_Tab 500mcg,0408010F0AAABAB,1,0.31639999999999935
734,C81014,Clonazepam_Tab 500mcg,0408010F0AAABAB,1,0.31639999999999935
731,C81069,Clonazepam_Tab 500mcg,0408010F0AAABAB,1,0.31639999999999935
732,C81072,Clonazepam_Tab 500mcg,0408010F0AAABAB,1,0.31639999999999935
733,C81652,Clonazepam_Tab 500mcg,0408010F0AAABAB,1,0.31639999999999935
726,C81087,Clonazepam_Tab 500mcg,0408010F0AAABAB,1,0.31639999999999935
727,C81059,Clonazepam_Tab 500mcg,0408010F0AAABAB,4,0.31639999999999935
722,C81075,Clonazepam_Tab 500mcg,0408010F0AAABAB,1,0.31639999999999935
725,C81006,Clonazepam_Tab 500mcg,0408010F0AAABAB,1,0.31639999999999935
724,C81114,Clonazepam_Tab 500mcg,0408010F0AAABAB,1,0.31639999999999935
723,C81032,Clonazepam_Tab 500mcg,0408010F0AAABAB,1,0.31639999999999935
721,C81037,Clonazepam_Tab 500mcg,0408010F0AAABAB,1,0.31639999999999935
720,C81046,Clonazepam_Tab 500mcg,0408010F0AAABAB,1,0.31639999999999935
719,C81059,Clonazepam_Tab 500mcg,0408010F0AAABAB,1,0.31639999999999935
718,C81064,Clonazepam_Tab 500mcg,0408010F0AAABAB,1,0.31639999999999935
717,C81049,Clonazepam_Tab 500mcg,0408010F0AAABAB,1,0.31639999999999935
716,C81038,Clonazepam_Tab 500mcg,0408010F0AAABAB,1,0.31639999999999935
735,C81007,Clonazepam_Tab 500mcg,0408010F0AAABAB,1,0.31639999999999935
736,C81004,Clonazepam_Tab 500mcg,0408010F0AAABAB,3,0.2372999999999995
737,C81004,Clonazepam_Tab 500mcg,0408010F0AAABAB,1,0.2372999999999995
739,C81052,Clonazepam_Tab 500mcg,0408010F0AAABAB,1,0.22199999999999998
738,C81048,Clonazepam_Tab 500mcg,0408010F0AAABAB,1,0.22199999999999998
186,C81006,Paracet_Tab 500mg,0407010H0AAAMAM,19,0.2127999999999987
187,C81006,Paracet_Tab 500mg,0407010H0AAAMAM,19,0.2127999999999987
740,C81035,Clonazepam_Tab 500mcg,0408010F0AAABAB,1,0.15819999999999967
741,C81032,Clonazepam_Tab 500mcg,0408010F0AAABAB,1,0.15819999999999967
742,C81118,Clonazepam_Tab 500mcg,0408010F0AAABAB,1,0.15819999999999967
743,C81005,Clonazepam_Tab 500mcg,0408010F0AAABAB,1,0.15819999999999967
744,C81009,Clonazepam_Tab 500mcg,0408010F0AAABAB,1,0.15819999999999967
189,C81071,Paracet_Tab 500mg,0407010H0AAAMAM,1,0.13439999999999985
188,C81071,Paracet_Tab 500mg,0407010H0AAAMAM,1,0.13439999999999985
746,Y05733,Clonazepam_Tab 500mcg,0408010F0AAABAB,1,0.11599999999999999
747,C81019,Clonazepam_Tab 500mcg,0408010F0AAABAB,1,0.11599999999999999
745,C81051,Clonazepam_Tab 500mcg,0408010F0AAABAB,1,0.11599999999999999
191,C81007,Paracet_Tab 500mg,0407010H0AAAMAM,6,0.10080000000000056
190,C81007,Paracet_Tab 500mg,0407010H0AAAMAM,6,0.10080000000000056
192,Y05286,Paracet_Tab 500mg,0407010H0AAAMAM,9,0.10079999999999939
193,Y05286,Paracet_Tab 500mg,0407010H0AAAMAM,9,0.10079999999999939
840,C81032,Hydroxychlor Sulf_Tab 200mg,1001030C0AAAAAA,17,0.09520000000000273
195,C81066,Paracet_Tab 500mg,0407010H0AAAMAM,1,0.08999999999999997
194,C81066,Paracet_Tab 500mg,0407010H0AAAMAM,1,0.08999999999999997
748,C81019,Clonazepam_Tab 500mcg,0408010F0AAABAB,1,0.07909999999999984
841,C81020,Hydroxychlor Sulf_Tab 200mg,1001030C0AAAAAA,12,0.06720000000000192
842,C81054,Hydroxychlor Sulf_Tab 200mg,1001030C0AAAAAA,11,0.061600000000001764
843,C81110,Hydroxychlor Sulf_Tab 200mg,1001030C0AAAAAA,11,0.061600000000001764
844,C81064,Hydroxychlor Sulf_Tab 200mg,1001030C0AAAAAA,10,0.056000000000001604
845,C81037,Hydroxychlor Sulf_Tab 200mg,1001030C0AAAAAA,8,0.04480000000000128
847,C81006,Hydroxychlor Sulf_Tab 200mg,1001030C0AAAAAA,8,0.04480000000000128
851,C81035,Hydroxychlor Sulf_Tab 200mg,1001030C0AAAAAA,8,0.04480000000000128
849,C81005,Hydroxychlor Sulf_Tab 200mg,1001030C0AAAAAA,8,0.04480000000000128
850,C81014,Hydroxychlor Sulf_Tab 200mg,1001030C0AAAAAA,8,0.04480000000000128
846,C81087,Hydroxychlor Sulf_Tab 200mg,1001030C0AAAAAA,8,0.04480000000000128
848,C81047,Hydroxychlor Sulf_Tab 200mg,1001030C0AAAAAA,8,0.04480000000000128
196,C81071,Paracet_Tab 500mg,0407010H0AAAMAM,10,0.041999999999999746
197,C81071,Paracet_Tab 500mg,0407010H0AAAMAM,10,0.041999999999999746
857,C81110,Hydroxychlor Sulf_Tab 200mg,1001030C0AAAAAA,14,0.03920000000000112
852,C81072,Hydroxychlor Sulf_Tab 200mg,1001030C0AAAAAA,7,0.03920000000000112
853,C81114,Hydroxychlor Sulf_Tab 200mg,1001030C0AAAAAA,7,0.03920000000000112
854,C81071,Hydroxychlor Sulf_Tab 200mg,1001030C0AAAAAA,7,0.03920000000000112
855,Y05286,Hydroxychlor Sulf_Tab 200mg,1001030C0AAAAAA,7,0.03920000000000112
856,C81108,Hydroxychlor Sulf_Tab 200mg,1001030C0AAAAAA,7,0.03920000000000112
531,C81020,Phenytoin_Sod Tab 100mg,0408010Q0AAAGAG,6,0.03779999999999584
199,C81007,Paracet_Tab 500mg,0407010H0AAAMAM,1,0.03599999999999999
198,C81007,Paracet_Tab 500mg,0407010H0AAAMAM,1,0.03599999999999999
862,Y05733,Hydroxychlor Sulf_Tab 200mg,1001030C0AAAAAA,6,0.03360000000000096
858,C81057,Hydroxychlor Sulf_Tab 200mg,1001030C0AAAAAA,6,0.03360000000000096
859,C81051,Hydroxychlor Sulf_Tab 200mg,1001030C0AAAAAA,6,0.03360000000000096
860,C81094,Hydroxychlor Sulf_Tab 200mg,1001030C0AAAAAA,6,0.03360000000000096
861,C81032,Hydroxychlor Sulf_Tab 200mg,1001030C0AAAAAA,12,0.03360000000000096
752,Y05286,Nefopam HCl_Tab 30mg,0407010P0AAABAB,5,0.03149999999999653
532,C81005,Phenytoin_Sod Tab 100mg,0408010Q0AAAGAG,5,0.03149999999999653
864,Y01812,Hydroxychlor Sulf_Tab 200mg,1001030C0AAAAAA,11,0.030800000000000882
863,C81037,Hydroxychlor Sulf_Tab 200mg,1001030C0AAAAAA,11,0.030800000000000882
201,C81027,Paracet_Tab 500mg,0407010H0AAAMAM,5,0.02999999999999982
200,C81027,Paracet_Tab 500mg,0407010H0AAAMAM,5,0.02999999999999982
761,C81094,Anastrozole_Tab 1mg,0803041B0AAAAAA,6,0.02940000000000026
203,C81032,Paracet_Tab 500mg,0407010H0AAAMAM,7,0.029399999999999822
202,C81032,Paracet_Tab 500mg,0407010H0AAAMAM,7,0.029399999999999822
865,C81004,Hydroxychlor Sulf_Tab 200mg,1001030C0AAAAAA,5,0.028000000000000802
872,C81049,Hydroxychlor Sulf_Tab 200mg,1001030C0AAAAAA,5,0.028000000000000802
871,C81042,Hydroxychlor Sulf_Tab 200mg,1001030C0AAAAAA,5,0.028000000000000802
870,C81052,Hydroxychlor Sulf_Tab 200mg,1001030C0AAAAAA,5,0.028000000000000802
869,C81060,Hydroxychlor Sulf_Tab 200mg,1001030C0AAAAAA,5,0.028000000000000802
868,C81053,Hydroxychlor Sulf_Tab 200mg,1001030C0AAAAAA,5,0.028000000000000802
867,C81009,Hydroxychlor Sulf_Tab 200mg,1001030C0AAAAAA,5,0.028000000000000802
866,C81019,Hydroxychlor Sulf_Tab 200mg,1001030C0AAAAAA,5,0.028000000000000802
873,C81020,Hydroxychlor Sulf_Tab 200mg,1001030C0AAAAAA,9,0.025200000000000722
204,C81017,Paracet_Tab 500mg,0407010H0AAAMAM,9,0.025199999999999848
205,C81017,Paracet_Tab 500mg,0407010H0AAAMAM,9,0.025199999999999848
762,C81017,Anastrozole_Tab 1mg,0803041B0AAAAAA,5,0.024500000000000216
763,C81048,Anastrozole_Tab 1mg,0803041B0AAAAAA,5,0.024500000000000216
209,Y05286,Paracet_Tab 500mg,0407010H0AAAMAM,4,0.023999999999999855
207,C81072,Paracet_Tab 500mg,0407010H0AAAMAM,4,0.023999999999999855
206,C81054,Paracet_Tab 500mg,0407010H0AAAMAM,4,0.023999999999999855
212,C81072,Paracet_Tab 500mg,0407010H0AAAMAM,4,0.023999999999999855
211,C81054,Paracet_Tab 500mg,0407010H0AAAMAM,4,0.023999999999999855
210,Y05286,Paracet_Tab 500mg,0407010H0AAAMAM,4,0.023999999999999855
213,C81020,Paracet_Tab 500mg,0407010H0AAAMAM,4,0.023999999999999855
208,C81020,Paracet_Tab 500mg,0407010H0AAAMAM,4,0.023999999999999855
877,C81086,Hydroxychlor Sulf_Tab 200mg,1001030C0AAAAAA,4,0.02240000000000064
878,C81031,Hydroxychlor Sulf_Tab 200mg,1001030C0AAAAAA,4,0.02240000000000064
880,C81066,Hydroxychlor Sulf_Tab 200mg,1001030C0AAAAAA,4,0.02240000000000064
879,Y01812,Hydroxychlor Sulf_Tab 200mg,1001030C0AAAAAA,4,0.02240000000000064
876,C81046,Hydroxychlor Sulf_Tab 200mg,1001030C0AAAAAA,4,0.02240000000000064
875,C81027,Hydroxychlor Sulf_Tab 200mg,1001030C0AAAAAA,4,0.02240000000000064
874,C81007,Hydroxychlor Sulf_Tab 200mg,1001030C0AAAAAA,4,0.02240000000000064
215,C81653,Paracet_Tab 500mg,0407010H0AAAMAM,8,0.022399999999999864
214,C81653,Paracet_Tab 500mg,0407010H0AAAMAM,8,0.022399999999999864
218,C81020,Paracet_Tab 500mg,0407010H0AAAMAM,5,0.020999999999999873
217,C81110,Paracet_Tab 500mg,0407010H0AAAMAM,5,0.020999999999999873
216,C81035,Paracet_Tab 500mg,0407010H0AAAMAM,5,0.020999999999999873
219,C81020,Paracet_Tab 500mg,0407010H0AAAMAM,5,0.020999999999999873
220,C81110,Paracet_Tab 500mg,0407010H0AAAMAM,5,0.020999999999999873
221,C81035,Paracet_Tab 500mg,0407010H0AAAMAM,5,0.020999999999999873
764,C81087,Anastrozole_Tab 1mg,0803041B0AAAAAA,4,0.019600000000000173
765,C81007,Anastrozole_Tab 1mg,0803041B0AAAAAA,4,0.019600000000000173
223,C81006,Paracet_Tab 500mg,0407010H0AAAMAM,7,0.01959999999999988
224,C81072,Paracet_Tab 500mg,0407010H0AAAMAM,7,0.01959999999999988
222,C81031,Paracet_Tab 500mg,0407010H0AAAMAM,7,0.01959999999999988
227,C81072,Paracet_Tab 500mg,0407010H0AAAMAM,7,0.01959999999999988
226,C81006,Paracet_Tab 500mg,0407010H0AAAMAM,7,0.01959999999999988
225,C81031,Paracet_Tab 500mg,0407010H0AAAMAM,7,0.01959999999999988
233,C81064,Paracet_Tab 500mg,0407010H0AAAMAM,3,0.01799999999999989
232,C81073,Paracet_Tab 500mg,0407010H0AAAMAM,3,0.01799999999999989
230,C81064,Paracet_Tab 500mg,0407010H0AAAMAM,3,0.01799999999999989
229,C81073,Paracet_Tab 500mg,0407010H0AAAMAM,3,0.01799999999999989
228,C81032,Paracet_Tab 500mg,0407010H0AAAMAM,3,0.01799999999999989
231,C81032,Paracet_Tab 500mg,0407010H0AAAMAM,3,0.01799999999999989
234,C81069,Paracet_Tab 500mg,0407010H0AAAMAM,2,0.017599999999999894
235,C81069,Paracet_Tab 500mg,0407010H0AAAMAM,2,0.017599999999999894
881,C81114,Hydroxychlor Sulf_Tab 200mg,1001030C0AAAAAA,6,0.01680000000000048
883,C81648,Hydroxychlor Sulf_Tab 200mg,1001030C0AAAAAA,3,0.01680000000000048
884,C81048,Hydroxychlor Sulf_Tab 200mg,1001030C0AAAAAA,3,0.01680000000000048
885,C81118,Hydroxychlor Sulf_Tab 200mg,1001030C0AAAAAA,3,0.01680000000000048
886,C81035,Hydroxychlor Sulf_Tab 200mg,1001030C0AAAAAA,6,0.01680000000000048
887,C81086,Hydroxychlor Sulf_Tab 200mg,1001030C0AAAAAA,6,0.01680000000000048
888,C81059,Hydroxychlor Sulf_Tab 200mg,1001030C0AAAAAA,3,0.01680000000000048
889,C81068,Hydroxychlor Sulf_Tab 200mg,1001030C0AAAAAA,3,0.01680000000000048
890,C81087,Hydroxychlor Sulf_Tab 200mg,1001030C0AAAAAA,6,0.01680000000000048
891,C81069,Hydroxychlor Sulf_Tab 200mg,1001030C0AAAAAA,3,0.01680000000000048
892,Y02442,Hydroxychlor Sulf_Tab 200mg,1001030C0AAAAAA,3,0.01680000000000048
893,C81062,Hydroxychlor Sulf_Tab 200mg,1001030C0AAAAAA,3,0.01680000000000048
882,C81073,Hydroxychlor Sulf_Tab 200mg,1001030C0AAAAAA,3,0.01680000000000048
243,C81038,Paracet_Tab 500mg,0407010H0AAAMAM,4,0.0167999999999999
236,C81017,Paracet_Tab 500mg,0407010H0AAAMAM,4,0.0167999999999999
246,C81038,Paracet_Tab 500mg,0407010H0AAAMAM,4,0.0167999999999999
253,C81014,Paracet_Tab 500mg,0407010H0AAAMAM,4,0.0167999999999999
237,C81051,Paracet_Tab 500mg,0407010H0AAAMAM,6,0.0167999999999999
251,C81069,Paracet_Tab 500mg,0407010H0AAAMAM,4,0.0167999999999999
250,C81648,Paracet_Tab 500mg,0407010H0AAAMAM,4,0.0167999999999999
249,C81087,Paracet_Tab 500mg,0407010H0AAAMAM,4,0.0167999999999999
248,C81051,Paracet_Tab 500mg,0407010H0AAAMAM,6,0.0167999999999999
247,C81005,Paracet_Tab 500mg,0407010H0AAAMAM,4,0.0167999999999999
252,C81073,Paracet_Tab 500mg,0407010H0AAAMAM,4,0.0167999999999999
245,C81017,Paracet_Tab 500mg,0407010H0AAAMAM,4,0.0167999999999999
242,C81005,Paracet_Tab 500mg,0407010H0AAAMAM,4,0.0167999999999999
241,C81073,Paracet_Tab 500mg,0407010H0AAAMAM,4,0.0167999999999999
240,C81648,Paracet_Tab 500mg,0407010H0AAAMAM,4,0.0167999999999999
239,C81014,Paracet_Tab 500mg,0407010H0AAAMAM,4,0.0167999999999999
238,C81069,Paracet_Tab 500mg,0407010H0AAAMAM,4,0.0167999999999999
244,C81087,Paracet_Tab 500mg,0407010H0AAAMAM,4,0.0167999999999999
755,C81051,Nefopam HCl_Tab 30mg,0407010P0AAABAB,4,0.01679999999999815
754,C81057,Nefopam HCl_Tab 30mg,0407010P0AAABAB,4,0.01679999999999815
753,C81017,Nefopam HCl_Tab 30mg,0407010P0AAABAB,4,0.01679999999999815
766,C81019,Anastrozole_Tab 1mg,0803041B0AAAAAA,3,0.01470000000000013
768,C81110,Anastrozole_Tab 1mg,0803041B0AAAAAA,3,0.01470000000000013
767,C81062,Anastrozole_Tab 1mg,0803041B0AAAAAA,3,0.01470000000000013
769,C81086,Anastrozole_Tab 1mg,0803041B0AAAAAA,5,0.014000000000000123
259,C81054,Paracet_Tab 500mg,0407010H0AAAMAM,5,0.013999999999999915
258,C81054,Paracet_Tab 500mg,0407010H0AAAMAM,5,0.013999999999999915
256,C81094,Paracet_Tab 500mg,0407010H0AAAMAM,5,0.013999999999999915
255,C81005,Paracet_Tab 500mg,0407010H0AAAMAM,5,0.013999999999999915
254,C81005,Paracet_Tab 500mg,0407010H0AAAMAM,5,0.013999999999999915
257,C81094,Paracet_Tab 500mg,0407010H0AAAMAM,5,0.013999999999999915
265,C81027,Paracet_Tab 500mg,0407010H0AAAMAM,3,0.012599999999999924
260,C81068,Paracet_Tab 500mg,0407010H0AAAMAM,3,0.012599999999999924
263,Y01812,Paracet_Tab 500mg,0407010H0AAAMAM,3,0.012599999999999924
261,Y01812,Paracet_Tab 500mg,0407010H0AAAMAM,3,0.012599999999999924
264,C81068,Paracet_Tab 500mg,0407010H0AAAMAM,3,0.012599999999999924
262,C81027,Paracet_Tab 500mg,0407010H0AAAMAM,3,0.012599999999999924
756,C81064,Nefopam HCl_Tab 30mg,0407010P0AAABAB,3,0.012599999999998612
267,C81108,Paracet_Tab 500mg,0407010H0AAAMAM,2,0.011999999999999927
268,C81046,Paracet_Tab 500mg,0407010H0AAAMAM,2,0.011999999999999927
269,Y05733,Paracet_Tab 500mg,0407010H0AAAMAM,1,0.011999999999999927
270,C81110,Paracet_Tab 500mg,0407010H0AAAMAM,2,0.011999999999999927
271,C81118,Paracet_Tab 500mg,0407010H0AAAMAM,2,0.011999999999999927
272,C81118,Paracet_Tab 500mg,0407010H0AAAMAM,2,0.011999999999999927
273,C81110,Paracet_Tab 500mg,0407010H0AAAMAM,2,0.011999999999999927
266,C81046,Paracet_Tab 500mg,0407010H0AAAMAM,2,0.011999999999999927
274,C81108,Paracet_Tab 500mg,0407010H0AAAMAM,2,0.011999999999999927
275,Y05733,Paracet_Tab 500mg,0407010H0AAAMAM,1,0.011999999999999927
894,C81040,Hydroxychlor Sulf_Tab 200mg,1001030C0AAAAAA,2,0.01120000000000032
895,C81075,Hydroxychlor Sulf_Tab 200mg,1001030C0AAAAAA,2,0.01120000000000032
896,C81038,Hydroxychlor Sulf_Tab 200mg,1001030C0AAAAAA,2,0.01120000000000032
286,C81014,Paracet_Tab 500mg,0407010H0AAAMAM,4,0.011199999999999932
284,C81052,Paracet_Tab 500mg,0407010H0AAAMAM,4,0.011199999999999932
283,C81060,Paracet_Tab 500mg,0407010H0AAAMAM,4,0.011199999999999932
282,C81038,Paracet_Tab 500mg,0407010H0AAAMAM,4,0.011199999999999932
281,C81014,Paracet_Tab 500mg,0407010H0AAAMAM,4,0.011199999999999932
280,C81059,Paracet_Tab 500mg,0407010H0AAAMAM,4,0.011199999999999932
279,C81059,Paracet_Tab 500mg,0407010H0AAAMAM,4,0.011199999999999932
278,C81038,Paracet_Tab 500mg,0407010H0AAAMAM,4,0.011199999999999932
277,C81019,Paracet_Tab 500mg,0407010H0AAAMAM,4,0.011199999999999932
276,C81087,Paracet_Tab 500mg,0407010H0AAAMAM,4,0.011199999999999932
287,C81019,Paracet_Tab 500mg,0407010H0AAAMAM,4,0.011199999999999932
288,C81087,Paracet_Tab 500mg,0407010H0AAAMAM,4,0.011199999999999932
285,C81060,Paracet_Tab 500mg,0407010H0AAAMAM,4,0.011199999999999932
289,C81052,Paracet_Tab 500mg,0407010H0AAAMAM,4,0.011199999999999932
290,C81005,Paracet_Tab 500mg,0407010H0AAAMAM,7,0.00979999999999994
291,C81005,Paracet_Tab 500mg,0407010H0AAAMAM,7,0.00979999999999994
293,C81064,Paracet_Tab 500mg,0407010H0AAAMAM,4,0.009599999999999942
292,C81064,Paracet_Tab 500mg,0407010H0AAAMAM,4,0.009599999999999942
757,C81110,Nefopam HCl_Tab 30mg,0407010P0AAABAB,2,0.008999999999999009
898,C81071,Hydroxychlor Sulf_Tab 200mg,1001030C0AAAAAA,3,0.00840000000000024
897,C81054,Hydroxychlor Sulf_Tab 200mg,1001030C0AAAAAA,3,0.00840000000000024
900,C81104,Hydroxychlor Sulf_Tab 200mg,1001030C0AAAAAA,3,0.00840000000000024
901,C81051,Hydroxychlor Sulf_Tab 200mg,1001030C0AAAAAA,3,0.00840000000000024
899,C81108,Hydroxychlor Sulf_Tab 200mg,1001030C0AAAAAA,3,0.00840000000000024
902,C81049,Hydroxychlor Sulf_Tab 200mg,1001030C0AAAAAA,3,0.00840000000000024
770,C81086,Anastrozole_Tab 1mg,0803041B0AAAAAA,4,0.008400000000000074
297,C81110,Paracet_Tab 500mg,0407010H0AAAMAM,3,0.00839999999999995
295,C81110,Paracet_Tab 500mg,0407010H0AAAMAM,3,0.00839999999999995
294,C81031,Paracet_Tab 500mg,0407010H0AAAMAM,2,0.00839999999999995
298,C81031,Paracet_Tab 500mg,0407010H0AAAMAM,2,0.00839999999999995
299,C81071,Paracet_Tab 500mg,0407010H0AAAMAM,3,0.00839999999999995
296,C81071,Paracet_Tab 500mg,0407010H0AAAMAM,3,0.00839999999999995
758,C81009,Nefopam HCl_Tab 30mg,0407010P0AAABAB,1,0.008099999999999108
301,Y02442,Paracet_Tab 500mg,0407010H0AAAMAM,3,0.006299999999999962
300,Y02442,Paracet_Tab 500mg,0407010H0AAAMAM,3,0.006299999999999962
320,C81072,Paracet_Tab 500mg,0407010H0AAAMAM,2,0.005999999999999964
318,C81031,Paracet_Tab 500mg,0407010H0AAAMAM,1,0.005999999999999964
317,C81068,Paracet_Tab 500mg,0407010H0AAAMAM,1,0.005999999999999964
316,C81054,Paracet_Tab 500mg,0407010H0AAAMAM,2,0.005999999999999964
315,C81038,Paracet_Tab 500mg,0407010H0AAAMAM,1,0.005999999999999964
314,Y05286,Paracet_Tab 500mg,0407010H0AAAMAM,2,0.005999999999999964
319,C81069,Paracet_Tab 500mg,0407010H0AAAMAM,1,0.005999999999999964
309,C81062,Paracet_Tab 500mg,0407010H0AAAMAM,1,0.005999999999999964
312,C81060,Paracet_Tab 500mg,0407010H0AAAMAM,1,0.005999999999999964
321,C81652,Paracet_Tab 500mg,0407010H0AAAMAM,1,0.005999999999999964
322,C81060,Paracet_Tab 500mg,0407010H0AAAMAM,1,0.005999999999999964
323,C81005,Paracet_Tab 500mg,0407010H0AAAMAM,1,0.005999999999999964
324,C81014,Paracet_Tab 500mg,0407010H0AAAMAM,1,0.005999999999999964
325,C81071,Paracet_Tab 500mg,0407010H0AAAMAM,1,0.005999999999999964
326,C81054,Paracet_Tab 500mg,0407010H0AAAMAM,2,0.005999999999999964
327,C81005,Paracet_Tab 500mg,0407010H0AAAMAM,1,0.005999999999999964
328,C81652,Paracet_Tab 500mg,0407010H0AAAMAM,1,0.005999999999999964
329,C81009,Paracet_Tab 500mg,0407010H0AAAMAM,1,0.005999999999999964
330,C81072,Paracet_Tab 500mg,0407010H0AAAMAM,2,0.005999999999999964
331,C81114,Paracet_Tab 500mg,0407010H0AAAMAM,1,0.005999999999999964
313,C81062,Paracet_Tab 500mg,0407010H0AAAMAM,1,0.005999999999999964
306,C81031,Paracet_Tab 500mg,0407010H0AAAMAM,1,0.005999999999999964
311,Y05286,Paracet_Tab 500mg,0407010H0AAAMAM,2,0.005999999999999964
310,C81114,Paracet_Tab 500mg,0407010H0AAAMAM,1,0.005999999999999964
308,C81069,Paracet_Tab 500mg,0407010H0AAAMAM,1,0.005999999999999964
307,C81038,Paracet_Tab 500mg,0407010H0AAAMAM,1,0.005999999999999964
305,C81068,Paracet_Tab 500mg,0407010H0AAAMAM,1,0.005999999999999964
304,C81071,Paracet_Tab 500mg,0407010H0AAAMAM,1,0.005999999999999964
303,C81009,Paracet_Tab 500mg,0407010H0AAAMAM,1,0.005999999999999964
302,C81014,Paracet_Tab 500mg,0407010H0AAAMAM,1,0.005999999999999964
906,C81005,Hydroxychlor Sulf_Tab 200mg,1001030C0AAAAAA,2,0.00560000000000016
907,C81046,Hydroxychlor Sulf_Tab 200mg,1001030C0AAAAAA,2,0.00560000000000016
918,C81048,Hydroxychlor Sulf_Tab 200mg,1001030C0AAAAAA,2,0.00560000000000016
908,C81040,Hydroxychlor Sulf_Tab 200mg,1001030C0AAAAAA,2,0.00560000000000016
909,C81113,Hydroxychlor Sulf_Tab 200mg,1001030C0AAAAAA,1,0.00560000000000016
910,C81009,Hydroxychlor Sulf_Tab 200mg,1001030C0AAAAAA,2,0.00560000000000016
911,C81060,Hydroxychlor Sulf_Tab 200mg,1001030C0AAAAAA,2,0.00560000000000016
912,C81006,Hydroxychlor Sulf_Tab 200mg,1001030C0AAAAAA,2,0.00560000000000016
913,C81038,Hydroxychlor Sulf_Tab 200mg,1001030C0AAAAAA,2,0.00560000000000016
914,C81014,Hydroxychlor Sulf_Tab 200mg,1001030C0AAAAAA,2,0.00560000000000016
915,C81075,Hydroxychlor Sulf_Tab 200mg,1001030C0AAAAAA,2,0.00560000000000016
916,C81094,Hydroxychlor Sulf_Tab 200mg,1001030C0AAAAAA,2,0.00560000000000016
917,C81616,Hydroxychlor Sulf_Tab 200mg,1001030C0AAAAAA,1,0.00560000000000016
903,C81019,Hydroxychlor Sulf_Tab 200mg,1001030C0AAAAAA,2,0.00560000000000016
905,C81036,Hydroxychlor Sulf_Tab 200mg,1001030C0AAAAAA,1,0.00560000000000016
904,C81017,Hydroxychlor Sulf_Tab 200mg,1001030C0AAAAAA,2,0.00560000000000016
332,C81031,Paracet_Tab 500mg,0407010H0AAAMAM,1,0.005599999999999994
333,C81031,Paracet_Tab 500mg,0407010H0AAAMAM,1,0.005599999999999994
334,Y05733,Paracet_Tab 500mg,0407010H0AAAMAM,1,0.005599999999999966
335,Y05733,Paracet_Tab 500mg,0407010H0AAAMAM,1,0.005599999999999966
336,C81094,Paracet_Tab 500mg,0407010H0AAAMAM,4,0.005599999999999966
337,C81094,Paracet_Tab 500mg,0407010H0AAAMAM,4,0.005599999999999966
772,C81035,Anastrozole_Tab 1mg,0803041B0AAAAAA,1,0.004900000000000043
771,C81006,Anastrozole_Tab 1mg,0803041B0AAAAAA,1,0.004900000000000043
339,C81071,Paracet_Tab 500mg,0407010H0AAAMAM,2,0.004800000000000054
338,C81071,Paracet_Tab 500mg,0407010H0AAAMAM,2,0.004800000000000054
919,C81017,Hydroxychlor Sulf_Tab 200mg,1001030C0AAAAAA,1,0.004500000000000129
345,C81066,Paracet_Tab 500mg,0407010H0AAAMAM,1,0.004199999999999975
344,C81072,Paracet_Tab 500mg,0407010H0AAAMAM,1,0.004199999999999975
343,C81054,Paracet_Tab 500mg,0407010H0AAAMAM,1,0.004199999999999975
342,C81054,Paracet_Tab 500mg,0407010H0AAAMAM,1,0.004199999999999975
341,C81066,Paracet_Tab 500mg,0407010H0AAAMAM,1,0.004199999999999975
340,C81072,Paracet_Tab 500mg,0407010H0AAAMAM,1,0.004199999999999975
830,C81048,Sumatriptan_Tab 100mg,0407041T0AAACAC,1,0.0041999999999995374
831,C81113,Sumatriptan_Tab 100mg,0407041T0AAACAC,1,0.004000000000000448
347,C81014,Paracet_Tab 500mg,0407010H0AAAMAM,1,0.002999999999999982
346,C81020,Paracet_Tab 500mg,0407010H0AAAMAM,1,0.002999999999999982
348,C81020,Paracet_Tab 500mg,0407010H0AAAMAM,1,0.002999999999999982
349,C81014,Paracet_Tab 500mg,0407010H0AAAMAM,1,0.002999999999999982
931,C81066,Hydroxychlor Sulf_Tab 200mg,1001030C0AAAAAA,1,0.00280000000000008
930,C81031,Hydroxychlor Sulf_Tab 200mg,1001030C0AAAAAA,1,0.00280000000000008
929,Y02442,Hydroxychlor Sulf_Tab 200mg,1001030C0AAAAAA,1,0.00280000000000008
928,C81036,Hydroxychlor Sulf_Tab 200mg,1001030C0AAAAAA,1,0.00280000000000008
927,C81004,Hydroxychlor Sulf_Tab 200mg,1001030C0AAAAAA,1,0.00280000000000008
926,C81118,Hydroxychlor Sulf_Tab 200mg,1001030C0AAAAAA,1,0.00280000000000008
925,C81648,Hydroxychlor Sulf_Tab 200mg,1001030C0AAAAAA,1,0.00280000000000008
924,C81027,Hydroxychlor Sulf_Tab 200mg,1001030C0AAAAAA,1,0.00280000000000008
923,C81064,Hydroxychlor Sulf_Tab 200mg,1001030C0AAAAAA,1,0.00280000000000008
922,C81057,Hydroxychlor Sulf_Tab 200mg,1001030C0AAAAAA,1,0.00280000000000008
921,C81068,Hydroxychlor Sulf_Tab 200mg,1001030C0AAAAAA,1,0.00280000000000008
932,C81069,Hydroxychlor Sulf_Tab 200mg,1001030C0AAAAAA,1,0.00280000000000008
920,C81653,Hydroxychlor Sulf_Tab 200mg,1001030C0AAAAAA,1,0.00280000000000008
350,Y05286,Paracet_Tab 500mg,0407010H0AAAMAM,1,0.002799999999999983
351,Y05286,Paracet_Tab 500mg,0407010H0AAAMAM,1,0.002799999999999983
352,C81017,Paracet_Tab 500mg,0407010H0AAAMAM,1,0.002400000000000027
353,C81017,Paracet_Tab 500mg,0407010H0AAAMAM,1,0.002400000000000027
933,C81094,Hydroxychlor Sulf_Tab 200mg,1001030C0AAAAAA,1,0.0016000000000000458
355,C81017,Paracet_Tab 500mg,0407010H0AAAMAM,1,-0.0011999999999999997
354,C81017,Paracet_Tab 500mg,0407010H0AAAMAM,1,-0.0011999999999999997
357,C81020,Paracet_Tab 500mg,0407010H0AAAMAM,1,-0.001999999999999988
356,C81020,Paracet_Tab 500mg,0407010H0AAAMAM,1,-0.001999999999999988
359,C81086,Paracet_Tab 500mg,0407010H0AAAMAM,1,-0.0021999999999999867
358,C81086,Paracet_Tab 500mg,0407010H0AAAMAM,1,-0.0021999999999999867
934,C81108,Hydroxychlor Sulf_Tab 200mg,1001030C0AAAAAA,1,-0.002399999999999902
833,C81072,Sumatriptan_Tab 100mg,0407041T0AAACAC,1,-0.0027999999999996916
832,C81052,Sumatriptan_Tab 100mg,0407041T0AAACAC,1,-0.0027999999999996916
787,C81019,Paracet_Tab Solb 500mg,0407010H0AAAQAQ,1,-0.0029999999999996696
788,C81064,Paracet_Tab Solb 500mg,0407010H0AAAQAQ,1,-0.0029999999999996696
789,C81064,Paracet_Tab Solb 500mg,0407010H0AAAQAQ,1,-0.0029999999999996696
834,C81071,Sumatriptan_Tab 100mg,0407041T0AAACAC,1,-0.0029999999999996696
790,C81019,Paracet_Tab Solb 500mg,0407010H0AAAQAQ,1,-0.0029999999999996696
360,Y05286,Paracet_Tab 500mg,0407010H0AAAMAM,1,-0.003799999999999977
361,Y05286,Paracet_Tab 500mg,0407010H0AAAMAM,1,-0.003799999999999977
369,C81038,Paracet_Tab 500mg,0407010H0AAAMAM,1,-0.003999999999999976
370,C81072,Paracet_Tab 500mg,0407010H0AAAMAM,2,-0.003999999999999976
368,C81104,Paracet_Tab 500mg,0407010H0AAAMAM,1,-0.003999999999999976
371,C81104,Paracet_Tab 500mg,0407010H0AAAMAM,1,-0.003999999999999976
362,C81064,Paracet_Tab 500mg,0407010H0AAAMAM,1,-0.003999999999999976
363,C81053,Paracet_Tab 500mg,0407010H0AAAMAM,1,-0.003999999999999976
364,C81053,Paracet_Tab 500mg,0407010H0AAAMAM,1,-0.003999999999999976
365,C81072,Paracet_Tab 500mg,0407010H0AAAMAM,2,-0.003999999999999976
366,C81064,Paracet_Tab 500mg,0407010H0AAAMAM,1,-0.003999999999999976
367,C81038,Paracet_Tab 500mg,0407010H0AAAMAM,1,-0.003999999999999976
935,C81069,Hydroxychlor Sulf_Tab 200mg,1001030C0AAAAAA,1,-0.004199999999999926
936,C81037,Hydroxychlor Sulf_Tab 200mg,1001030C0AAAAAA,1,-0.004199999999999926
372,C81005,Paracet_Tab 500mg,0407010H0AAAMAM,1,-0.004799999999999971
373,C81051,Paracet_Tab 500mg,0407010H0AAAMAM,1,-0.004799999999999971
374,C81051,Paracet_Tab 500mg,0407010H0AAAMAM,1,-0.004799999999999971
375,C81005,Paracet_Tab 500mg,0407010H0AAAMAM,1,-0.004799999999999971
381,C81048,Paracet_Tab 500mg,0407010H0AAAMAM,1,-0.005599999999999966
383,C81114,Paracet_Tab 500mg,0407010H0AAAMAM,1,-0.005599999999999966
382,C81075,Paracet_Tab 500mg,0407010H0AAAMAM,1,-0.005599999999999966
380,C81048,Paracet_Tab 500mg,0407010H0AAAMAM,1,-0.005599999999999966
379,C81114,Paracet_Tab 500mg,0407010H0AAAMAM,1,-0.005599999999999966
378,C81075,Paracet_Tab 500mg,0407010H0AAAMAM,1,-0.005599999999999966
377,C81047,Paracet_Tab 500mg,0407010H0AAAMAM,1,-0.005599999999999966
376,C81047,Paracet_Tab 500mg,0407010H0AAAMAM,1,-0.005599999999999966
794,C81075,Paracet_Tab Solb 500mg,0407010H0AAAQAQ,1,-0.005999999999999339
800,C81032,Paracet_Tab Solb 500mg,0407010H0AAAQAQ,1,-0.005999999999999339
792,C81110,Paracet_Tab Solb 500mg,0407010H0AAAQAQ,1,-0.005999999999999339
791,C81031,Paracet_Tab Solb 500mg,0407010H0AAAQAQ,1,-0.005999999999999339
795,C81009,Paracet_Tab Solb 500mg,0407010H0AAAQAQ,1,-0.005999999999999339
796,C81005,Paracet_Tab Solb 500mg,0407010H0AAAQAQ,1,-0.005999999999999339
797,C81060,Paracet_Tab Solb 500mg,0407010H0AAAQAQ,1,-0.005999999999999339
798,C81031,Paracet_Tab Solb 500mg,0407010H0AAAQAQ,1,-0.005999999999999339
799,C81073,Paracet_Tab Solb 500mg,0407010H0AAAQAQ,1,-0.005999999999999339
802,C81005,Paracet_Tab Solb 500mg,0407010H0AAAQAQ,1,-0.005999999999999339
801,C81073,Paracet_Tab Solb 500mg,0407010H0AAAQAQ,1,-0.005999999999999339
808,C81060,Paracet_Tab Solb 500mg,0407010H0AAAQAQ,1,-0.005999999999999339
803,C81027,Paracet_Tab Solb 500mg,0407010H0AAAQAQ,1,-0.005999999999999339
804,C81075,Paracet_Tab Solb 500mg,0407010H0AAAQAQ,1,-0.005999999999999339
805,C81032,Paracet_Tab Solb 500mg,0407010H0AAAQAQ,1,-0.005999999999999339
806,C81009,Paracet_Tab Solb 500mg,0407010H0AAAQAQ,1,-0.005999999999999339
807,C81027,Paracet_Tab Solb 500mg,0407010H0AAAQAQ,1,-0.005999999999999339
793,C81110,Paracet_Tab Solb 500mg,0407010H0AAAQAQ,1,-0.005999999999999339
809,C81071,Paracet_Tab Solb 500mg,0407010H0AAAQAQ,2,-0.006399999999999295
810,C81072,Paracet_Tab Solb 500mg,0407010H0AAAQAQ,2,-0.006399999999999295
812,C81072,Paracet_Tab Solb 500mg,0407010H0AAAQAQ,2,-0.006399999999999295
811,C81071,Paracet_Tab Solb 500mg,0407010H0AAAQAQ,2,-0.006399999999999295
385,C81057,Paracet_Tab 500mg,0407010H0AAAMAM,2,-0.011199999999999932
384,C81057,Paracet_Tab 500mg,0407010H0AAAMAM,2,-0.011199999999999932
813,C81035,Paracet_Tab Solb 500mg,0407010H0AAAQAQ,2,-0.011999999999998678
814,C81087,Paracet_Tab Solb 500mg,0407010H0AAAQAQ,2,-0.011999999999998678
815,C81087,Paracet_Tab Solb 500mg,0407010H0AAAQAQ,2,-0.011999999999998678
816,C81046,Paracet_Tab Solb 500mg,0407010H0AAAQAQ,2,-0.011999999999998678
817,C81072,Paracet_Tab Solb 500mg,0407010H0AAAQAQ,2,-0.011999999999998678
818,C81072,Paracet_Tab Solb 500mg,0407010H0AAAQAQ,2,-0.011999999999998678
820,C81035,Paracet_Tab Solb 500mg,0407010H0AAAQAQ,2,-0.011999999999998678
819,C81046,Paracet_Tab Solb 500mg,0407010H0AAAQAQ,2,-0.011999999999998678
937,C81071,Hydroxychlor Sulf_Tab 200mg,1001030C0AAAAAA,3,-0.012599999999999778
939,C81075,Hydroxychlor Sulf_Tab 200mg,1001030C0AAAAAA,4,-0.016799999999999704
938,C81040,Hydroxychlor Sulf_Tab 200mg,1001030C0AAAAAA,4,-0.016799999999999704
940,C81038,Hydroxychlor Sulf_Tab 200mg,1001030C0AAAAAA,4,-0.016799999999999704
388,C81004,Paracet_Tab 500mg,0407010H0AAAMAM,3,-0.0167999999999999
387,Y02442,Paracet_Tab 500mg,0407010H0AAAMAM,3,-0.0167999999999999
386,C81004,Paracet_Tab 500mg,0407010H0AAAMAM,3,-0.0167999999999999
389,Y02442,Paracet_Tab 500mg,0407010H0AAAMAM,3,-0.0167999999999999
821,C81108,Paracet_Tab Solb 500mg,0407010H0AAAQAQ,3,-0.017999999999998018
822,C81108,Paracet_Tab Solb 500mg,0407010H0AAAQAQ,3,-0.017999999999998018
391,C81060,Paracet_Tab 500mg,0407010H0AAAMAM,4,-0.022399999999999864
392,C81038,Paracet_Tab 500mg,0407010H0AAAMAM,4,-0.022399999999999864
401,C81062,Paracet_Tab 500mg,0407010H0AAAMAM,4,-0.022399999999999864
400,C81062,Paracet_Tab 500mg,0407010H0AAAMAM,4,-0.022399999999999864
393,C81118,Paracet_Tab 500mg,0407010H0AAAMAM,4,-0.022399999999999864
394,C81653,Paracet_Tab 500mg,0407010H0AAAMAM,4,-0.022399999999999864
395,C81020,Paracet_Tab 500mg,0407010H0AAAMAM,4,-0.022399999999999864
396,C81118,Paracet_Tab 500mg,0407010H0AAAMAM,4,-0.022399999999999864
397,C81060,Paracet_Tab 500mg,0407010H0AAAMAM,4,-0.022399999999999864
398,C81653,Paracet_Tab 500mg,0407010H0AAAMAM,4,-0.022399999999999864
399,C81020,Paracet_Tab 500mg,0407010H0AAAMAM,4,-0.022399999999999864
390,C81038,Paracet_Tab 500mg,0407010H0AAAMAM,4,-0.022399999999999864
823,C81004,Paracet_Tab Solb 500mg,0407010H0AAAQAQ,4,-0.023999999999997357
824,C81004,Paracet_Tab Solb 500mg,0407010H0AAAQAQ,4,-0.023999999999997357
405,C81108,Paracet_Tab 500mg,0407010H0AAAMAM,5,-0.02799999999999983
404,C81094,Paracet_Tab 500mg,0407010H0AAAMAM,5,-0.02799999999999983
403,C81094,Paracet_Tab 500mg,0407010H0AAAMAM,5,-0.02799999999999983
402,C81108,Paracet_Tab 500mg,0407010H0AAAMAM,5,-0.02799999999999983
406,C81068,Paracet_Tab 500mg,0407010H0AAAMAM,6,-0.0335999999999998
407,C81648,Paracet_Tab 500mg,0407010H0AAAMAM,6,-0.0335999999999998
408,C81068,Paracet_Tab 500mg,0407010H0AAAMAM,6,-0.0335999999999998
409,C81648,Paracet_Tab 500mg,0407010H0AAAMAM,6,-0.0335999999999998
410,C81036,Paracet_Tab 500mg,0407010H0AAAMAM,7,-0.03919999999999976
411,C81069,Paracet_Tab 500mg,0407010H0AAAMAM,7,-0.03919999999999976
412,C81036,Paracet_Tab 500mg,0407010H0AAAMAM,7,-0.03919999999999976
413,C81069,Paracet_Tab 500mg,0407010H0AAAMAM,7,-0.03919999999999976
417,Y01812,Paracet_Tab 500mg,0407010H0AAAMAM,8,-0.04479999999999973
415,Y01812,Paracet_Tab 500mg,0407010H0AAAMAM,8,-0.04479999999999973
414,C81086,Paracet_Tab 500mg,0407010H0AAAMAM,8,-0.04479999999999973
416,C81086,Paracet_Tab 500mg,0407010H0AAAMAM,8,-0.04479999999999973
418,C81049,Paracet_Tab 500mg,0407010H0AAAMAM,9,-0.050399999999999695
419,C81054,Paracet_Tab 500mg,0407010H0AAAMAM,9,-0.050399999999999695
420,C81049,Paracet_Tab 500mg,0407010H0AAAMAM,9,-0.050399999999999695
421,C81054,Paracet_Tab 500mg,0407010H0AAAMAM,9,-0.050399999999999695
423,C81042,Paracet_Tab 500mg,0407010H0AAAMAM,10,-0.05599999999999966
422,Y05286,Paracet_Tab 500mg,0407010H0AAAMAM,10,-0.05599999999999966
424,C81042,Paracet_Tab 500mg,0407010H0AAAMAM,10,-0.05599999999999966
425,Y05286,Paracet_Tab 500mg,0407010H0AAAMAM,10,-0.05599999999999966
426,C81652,Paracet_Tab 500mg,0407010H0AAAMAM,11,-0.06159999999999963
427,C81652,Paracet_Tab 500mg,0407010H0AAAMAM,11,-0.06159999999999963
428,C81019,Paracet_Tab 500mg,0407010H0AAAMAM,12,-0.0671999999999996
429,C81019,Paracet_Tab 500mg,0407010H0AAAMAM,12,-0.0671999999999996
430,C81004,Paracet_Tab 500mg,0407010H0AAAMAM,20,-0.0799999999999998
431,C81004,Paracet_Tab 500mg,0407010H0AAAMAM,20,-0.0799999999999998
432,C81027,Paracet_Tab 500mg,0407010H0AAAMAM,16,-0.08959999999999946
433,C81035,Paracet_Tab 500mg,0407010H0AAAMAM,16,-0.08959999999999946
434,C81027,Paracet_Tab 500mg,0407010H0AAAMAM,16,-0.08959999999999946
435,C81035,Paracet_Tab 500mg,0407010H0AAAMAM,16,-0.08959999999999946
436,C81053,Paracet_Tab 500mg,0407010H0AAAMAM,17,-0.09519999999999942
437,C81053,Paracet_Tab 500mg,0407010H0AAAMAM,17,-0.09519999999999942
438,C81110,Paracet_Tab 500mg,0407010H0AAAMAM,29,-0.10439999999999997
439,C81110,Paracet_Tab 500mg,0407010H0AAAMAM,29,-0.10439999999999997
440,C81059,Paracet_Tab 500mg,0407010H0AAAMAM,19,-0.10639999999999936
441,C81059,Paracet_Tab 500mg,0407010H0AAAMAM,19,-0.10639999999999936
442,C81046,Paracet_Tab 500mg,0407010H0AAAMAM,22,-0.12319999999999925
443,C81046,Paracet_Tab 500mg,0407010H0AAAMAM,22,-0.12319999999999925
444,C81032,Paracet_Tab 500mg,0407010H0AAAMAM,23,-0.12879999999999922
445,C81032,Paracet_Tab 500mg,0407010H0AAAMAM,23,-0.12879999999999922
447,C81071,Paracet_Tab 500mg,0407010H0AAAMAM,25,-0.13999999999999915
446,C81071,Paracet_Tab 500mg,0407010H0AAAMAM,25,-0.13999999999999915
448,C81052,Paracet_Tab 500mg,0407010H0AAAMAM,27,-0.15119999999999909
449,C81052,Paracet_Tab 500mg,0407010H0AAAMAM,27,-0.15119999999999909
451,C81073,Paracet_Tab 500mg,0407010H0AAAMAM,28,-0.15679999999999905
450,C81073,Paracet_Tab 500mg,0407010H0AAAMAM,28,-0.15679999999999905
452,C81017,Paracet_Tab 500mg,0407010H0AAAMAM,29,-0.16239999999999902
453,C81017,Paracet_Tab 500mg,0407010H0AAAMAM,29,-0.16239999999999902
454,C81110,Paracet_Tab 500mg,0407010H0AAAMAM,31,-0.17359999999999895
455,C81064,Paracet_Tab 500mg,0407010H0AAAMAM,31,-0.17359999999999895
456,C81064,Paracet_Tab 500mg,0407010H0AAAMAM,31,-0.17359999999999895
457,C81110,Paracet_Tab 500mg,0407010H0AAAMAM,31,-0.17359999999999895
459,C81051,Paracet_Tab 500mg,0407010H0AAAMAM,36,-0.20159999999999878
458,C81051,Paracet_Tab 500mg,0407010H0AAAMAM,36,-0.20159999999999878
460,C81005,Paracet_Tab 500mg,0407010H0AAAMAM,49,-0.2743999999999983
461,C81005,Paracet_Tab 500mg,0407010H0AAAMAM,49,-0.2743999999999983
462,C81087,Paracet_Tab 500mg,0407010H0AAAMAM,57,-0.31919999999999804
463,C81087,Paracet_Tab 500mg,0407010H0AAAMAM,57,-0.31919999999999804
464,C81114,Paracet_Tab 500mg,0407010H0AAAMAM,62,-0.6199999999999962
465,C81114,Paracet_Tab 500mg,0407010H0AAAMAM,62,-0.6199999999999962
466,C81068,Paracet_Tab 500mg,0407010H0AAAMAM,14,-0.6271999999999989
467,C81068,Paracet_Tab 500mg,0407010H0AAAMAM,14,-0.6271999999999989
468,C81060,Paracet_Tab 500mg,0407010H0AAAMAM,3,-0.7055999999999998
469,C81060,Paracet_Tab 500mg,0407010H0AAAMAM,3,-0.7055999999999998
471,C81037,Paracet_Tab 500mg,0407010H0AAAMAM,4,-0.7168000000000003
470,C81037,Paracet_Tab 500mg,0407010H0AAAMAM,4,-0.7168000000000003
473,C81032,Paracet_Tab 500mg,0407010H0AAAMAM,13,-0.7279999999999981
472,C81032,Paracet_Tab 500mg,0407010H0AAAMAM,13,-0.7279999999999981
474,C81037,Paracet_Tab 500mg,0407010H0AAAMAM,51,-1.0199999999999938
475,C81014,Paracet_Tab 500mg,0407010H0AAAMAM,51,-1.0199999999999938
476,C81014,Paracet_Tab 500mg,0407010H0AAAMAM,51,-1.0199999999999938
477,C81037,Paracet_Tab 500mg,0407010H0AAAMAM,51,-1.0199999999999938
478,Y05733,Paracet_Tab 500mg,0407010H0AAAMAM,104,-1.0399999999999938
479,Y05733,Paracet_Tab 500mg,0407010H0AAAMAM,104,-1.0399999999999938
480,C81037,Paracet_Tab 500mg,0407010H0AAAMAM,20,-1.455999999999999
481,C81037,Paracet_Tab 500mg,0407010H0AAAMAM,20,-1.455999999999999
482,C81048,Paracet_Tab 500mg,0407010H0AAAMAM,66,-1.478399999999991
483,C81048,Paracet_Tab 500mg,0407010H0AAAMAM,66,-1.478399999999991
484,C81042,Paracet_Tab 500mg,0407010H0AAAMAM,35,-1.5679999999999905
485,C81042,Paracet_Tab 500mg,0407010H0AAAMAM,35,-1.5679999999999905
487,C81006,Paracet_Tab 500mg,0407010H0AAAMAM,1,-2.1504
486,C81006,Paracet_Tab 500mg,0407010H0AAAMAM,1,-2.1504
488,C81048,Paracet_Tab 500mg,0407010H0AAAMAM,59,-2.3599999999999857
489,C81048,Paracet_Tab 500mg,0407010H0AAAMAM,59,-2.3599999999999857
490,C81114,Paracet_Tab 500mg,0407010H0AAAMAM,4,-2.4
491,C81114,Paracet_Tab 500mg,0407010H0AAAMAM,4,-2.4
492,C81060,Paracet_Tab 500mg,0407010H0AAAMAM,62,-2.479999999999985
493,C81060,Paracet_Tab 500mg,0407010H0AAAMAM,62,-2.479999999999985
494,C81032,Paracet_Tab 500mg,0407010H0AAAMAM,9,-2.5199999999999974
495,C81032,Paracet_Tab 500mg,0407010H0AAAMAM,9,-2.5199999999999974
497,C81094,Paracet_Tab 500mg,0407010H0AAAMAM,3,-2.519999999999999
496,C81094,Paracet_Tab 500mg,0407010H0AAAMAM,3,-2.519999999999999
498,C81108,Paracet_Tab 500mg,0407010H0AAAMAM,68,-2.7199999999999838
499,C81108,Paracet_Tab 500mg,0407010H0AAAMAM,68,-2.7199999999999838
500,C81071,Paracet_Tab 500mg,0407010H0AAAMAM,4,-2.8672000000000013
501,C81071,Paracet_Tab 500mg,0407010H0AAAMAM,4,-2.8672000000000013
502,C81032,Paracet_Tab 500mg,0407010H0AAAMAM,5,-2.911999999999998
503,C81032,Paracet_Tab 500mg,0407010H0AAAMAM,5,-2.911999999999998
505,C81071,Paracet_Tab 500mg,0407010H0AAAMAM,153,-3.0599999999999814
504,C81071,Paracet_Tab 500mg,0407010H0AAAMAM,153,-3.0599999999999814
506,C81032,Paracet_Tab 500mg,0407010H0AAAMAM,141,-3.158399999999981
507,C81032,Paracet_Tab 500mg,0407010H0AAAMAM,141,-3.158399999999981
508,C81019,Paracet_Tab 500mg,0407010H0AAAMAM,1,-3.1999999999999997
509,C81019,Paracet_Tab 500mg,0407010H0AAAMAM,1,-3.1999999999999997
511,C81037,Paracet_Tab 500mg,0407010H0AAAMAM,82,-3.6735999999999778
510,C81037,Paracet_Tab 500mg,0407010H0AAAMAM,82,-3.6735999999999778
513,C81060,Paracet_Tab 500mg,0407010H0AAAMAM,93,-3.7199999999999935
512,C81060,Paracet_Tab 500mg,0407010H0AAAMAM,93,-3.7199999999999935
514,C81060,Paracet_Tab 500mg,0407010H0AAAMAM,30,-4.031999999999999
515,C81060,Paracet_Tab 500mg,0407010H0AAAMAM,30,-4.031999999999999
516,C81032,Paracet_Tab 500mg,0407010H0AAAMAM,183,-5.489999999999998
517,C81032,Paracet_Tab 500mg,0407010H0AAAMAM,183,-5.489999999999998
518,C81032,Paracet_Tab 500mg,0407010H0AAAMAM,224,-8.959999999999946
519,C81032,Paracet_Tab 500mg,0407010H0AAAMAM,224,-8.959999999999946
