,practice_code,bnf_description,bnf_code,items,excess_cost
322,B85636,Sildenafil_Tab 25mg,0704050Z0AAABAB,1,426.0256
336,B85659,Aripiprazole_Tab 15mg,0402010ADAAABAB,1,345.24
371,B85614,Olanzapine_Tab 10mg,040201060AAACAC,1,289.40799999999996
374,B85051,Lamotrigine_Tab Disper 100mg S/F,0408010H0AAAWAW,8,259.1232
358,B85002,Paracet_Tab Solb 500mg,0407010H0AAAQAQ,2,146.96000000000004
357,B85002,Paracet_Tab Solb 500mg,0407010H0AAAQAQ,2,146.96000000000004
304,B85033,Atorvastatin_Tab 20mg,0212000B0AAABAB,37,135.3016
306,B85614,Atorvastatin_Tab 20mg,0212000B0AAABAB,3,67.5864
305,B85623,Atorvastatin_Tab 20mg,0212000B0AAABAB,3,67.5864
0,B85024,Paracet_Tab 500mg,0407010H0AAAMAM,109,65.40000000000002
1,B85024,Paracet_Tab 500mg,0407010H0AAAMAM,109,65.40000000000002
376,B85058,Risperidone_Tab 6mg,040201030AAAFAF,1,58.4192
377,B85042,Risperidone_Tab 6mg,040201030AAAFAF,1,58.4192
3,B85024,Paracet_Tab 500mg,0407010H0AAAMAM,44,53.680000000000014
2,B85024,Paracet_Tab 500mg,0407010H0AAAMAM,44,53.680000000000014
5,B85024,Paracet_Tab 500mg,0407010H0AAAMAM,66,53.222399999999986
4,B85024,Paracet_Tab 500mg,0407010H0AAAMAM,66,53.222399999999986
324,B85024,Montelukast_Tab 10mg,0303020G0AAABAB,13,48.776
325,B85032,Montelukast_Tab 10mg,0303020G0AAABAB,6,48.753600000000006
326,B85048,Montelukast_Tab 10mg,0303020G0AAABAB,3,48.753600000000006
327,B85623,Montelukast_Tab 10mg,0303020G0AAABAB,6,48.753600000000006
329,B85059,Montelukast_Tab 10mg,0303020G0AAABAB,5,48.748000000000005
328,Y04266,Montelukast_Tab 10mg,0303020G0AAABAB,5,48.748000000000005
7,B85614,Paracet_Tab 500mg,0407010H0AAAMAM,118,47.2
6,B85614,Paracet_Tab 500mg,0407010H0AAAMAM,118,47.2
307,B85054,Atorvastatin_Tab 20mg,0212000B0AAABAB,59,45.264800000000015
308,B85016,Atorvastatin_Tab 20mg,0212000B0AAABAB,36,45.15840000000001
309,B85028,Atorvastatin_Tab 20mg,0212000B0AAABAB,57,45.007200000000005
9,B85006,Paracet_Tab 500mg,0407010H0AAAMAM,186,37.20000000000003
8,B85006,Paracet_Tab 500mg,0407010H0AAAMAM,186,37.20000000000003
378,Y04266,Risperidone_Tab 6mg,040201030AAAFAF,5,36.54
10,B85036,Paracet_Tab 500mg,0407010H0AAAMAM,34,34.272000000000006
11,B85036,Paracet_Tab 500mg,0407010H0AAAMAM,34,34.272000000000006
382,B85024,Bisoprolol Fumar_Tab 5mg,0204000H0AAAAAA,56,31.0464
330,B85623,Montelukast_Tab 10mg,0303020G0AAABAB,9,30.498299999999997
12,B85042,Paracet_Tab 500mg,0407010H0AAAMAM,22,30.36
13,B85042,Paracet_Tab 500mg,0407010H0AAAMAM,22,30.36
379,B85028,Risperidone_Tab 6mg,040201030AAAFAF,4,29.232
381,B85028,Risperidone_Tab 6mg,040201030AAAFAF,1,29.2096
380,B85634,Risperidone_Tab 6mg,040201030AAAFAF,1,29.2096
15,B85641,Paracet_Tab 500mg,0407010H0AAAMAM,22,29.040000000000006
14,B85641,Paracet_Tab 500mg,0407010H0AAAMAM,22,29.040000000000006
331,B85054,Montelukast_Tab 10mg,0303020G0AAABAB,24,24.393600000000003
16,B85042,Paracet_Tab 500mg,0407010H0AAAMAM,6,22.5792
17,B85042,Paracet_Tab 500mg,0407010H0AAAMAM,6,22.5792
310,B85638,Atorvastatin_Tab 20mg,0212000B0AAABAB,17,22.5624
311,B85659,Atorvastatin_Tab 20mg,0212000B0AAABAB,5,22.539999999999996
312,B85031,Atorvastatin_Tab 20mg,0212000B0AAABAB,41,22.5295
313,B85623,Atorvastatin_Tab 20mg,0212000B0AAABAB,6,22.5288
314,B85028,Atorvastatin_Tab 20mg,0212000B0AAABAB,171,22.503600000000013
19,B85061,Paracet_Tab 500mg,0407010H0AAAMAM,61,21.86240000000001
18,B85061,Paracet_Tab 500mg,0407010H0AAAMAM,61,21.86240000000001
20,B85614,Paracet_Tab 500mg,0407010H0AAAMAM,42,20.160000000000025
21,B85614,Paracet_Tab 500mg,0407010H0AAAMAM,42,20.160000000000025
22,B85024,Paracet_Tab 500mg,0407010H0AAAMAM,67,19.885599999999997
23,B85024,Paracet_Tab 500mg,0407010H0AAAMAM,67,19.885599999999997
25,B85033,Paracet_Tab 500mg,0407010H0AAAMAM,3,17.520000000000003
24,B85033,Paracet_Tab 500mg,0407010H0AAAMAM,3,17.520000000000003
315,B85051,Atorvastatin_Tab 20mg,0212000B0AAABAB,83,16.9071
383,B85031,Bisoprolol Fumar_Tab 5mg,0204000H0AAAAAA,8,14.784
384,Y04266,Bisoprolol Fumar_Tab 5mg,0204000H0AAAAAA,28,13.327999999999996
26,B85061,Paracet_Tab 500mg,0407010H0AAAMAM,1,12.8768
27,B85061,Paracet_Tab 500mg,0407010H0AAAMAM,1,12.8768
28,B85031,Paracet_Tab 500mg,0407010H0AAAMAM,3,12.096
29,B85031,Paracet_Tab 500mg,0407010H0AAAMAM,3,12.096
30,B85032,Paracet_Tab 500mg,0407010H0AAAMAM,32,11.468800000000005
31,B85032,Paracet_Tab 500mg,0407010H0AAAMAM,32,11.468800000000005
32,B85033,Paracet_Tab 500mg,0407010H0AAAMAM,12,11.279999999999998
33,B85033,Paracet_Tab 500mg,0407010H0AAAMAM,12,11.279999999999998
34,B85033,Paracet_Tab 500mg,0407010H0AAAMAM,17,11.233600000000001
35,B85033,Paracet_Tab 500mg,0407010H0AAAMAM,17,11.233600000000001
36,B85036,Paracet_Tab 500mg,0407010H0AAAMAM,111,11.188799999999997
37,B85036,Paracet_Tab 500mg,0407010H0AAAMAM,111,11.188799999999997
38,B85614,Paracet_Tab 500mg,0407010H0AAAMAM,31,11.110400000000006
39,B85614,Paracet_Tab 500mg,0407010H0AAAMAM,31,11.110400000000006
40,B85042,Paracet_Tab 500mg,0407010H0AAAMAM,137,10.96000000000003
41,B85042,Paracet_Tab 500mg,0407010H0AAAMAM,137,10.96000000000003
43,B85036,Paracet_Tab 500mg,0407010H0AAAMAM,80,10.399999999999993
42,B85036,Paracet_Tab 500mg,0407010H0AAAMAM,80,10.399999999999993
44,B85037,Paracet_Tab 500mg,0407010H0AAAMAM,57,10.259999999999998
45,B85037,Paracet_Tab 500mg,0407010H0AAAMAM,57,10.259999999999998
46,B85016,Paracet_Tab 500mg,0407010H0AAAMAM,23,10.120000000000003
47,B85016,Paracet_Tab 500mg,0407010H0AAAMAM,23,10.120000000000003
48,B85059,Paracet_Tab 500mg,0407010H0AAAMAM,42,10.080000000000013
49,B85059,Paracet_Tab 500mg,0407010H0AAAMAM,42,10.080000000000013
50,B85061,Paracet_Tab 500mg,0407010H0AAAMAM,59,10.030000000000001
51,B85061,Paracet_Tab 500mg,0407010H0AAAMAM,59,10.030000000000001
52,B85036,Paracet_Tab 500mg,0407010H0AAAMAM,13,8.5176
53,B85036,Paracet_Tab 500mg,0407010H0AAAMAM,13,8.5176
55,B85028,Paracet_Tab 500mg,0407010H0AAAMAM,1,8.315999999999999
54,B85028,Paracet_Tab 500mg,0407010H0AAAMAM,1,8.315999999999999
57,B85024,Paracet_Tab 500mg,0407010H0AAAMAM,8,7.526400000000001
56,B85024,Paracet_Tab 500mg,0407010H0AAAMAM,8,7.526400000000001
385,B85032,Bisoprolol Fumar_Tab 5mg,0204000H0AAAAAA,8,7.392
386,B85033,Bisoprolol Fumar_Tab 5mg,0204000H0AAAAAA,15,7.391999999999999
58,B85028,Paracet_Tab 500mg,0407010H0AAAMAM,184,7.360000000000019
59,B85028,Paracet_Tab 500mg,0407010H0AAAMAM,184,7.360000000000019
387,B85031,Bisoprolol Fumar_Tab 5mg,0204000H0AAAAAA,25,7.279999999999999
60,B85033,Paracet_Tab 500mg,0407010H0AAAMAM,36,7.200000000000006
61,B85033,Paracet_Tab 500mg,0407010H0AAAMAM,36,7.200000000000006
62,B85024,Paracet_Tab 500mg,0407010H0AAAMAM,14,6.859999999999999
63,B85024,Paracet_Tab 500mg,0407010H0AAAMAM,14,6.859999999999999
65,B85016,Paracet_Tab 500mg,0407010H0AAAMAM,98,6.859999999999992
64,B85016,Paracet_Tab 500mg,0407010H0AAAMAM,98,6.859999999999992
66,B85028,Paracet_Tab 500mg,0407010H0AAAMAM,23,6.697599999999995
67,B85028,Paracet_Tab 500mg,0407010H0AAAMAM,23,6.697599999999995
388,B85032,Bisoprolol Fumar_Tab 5mg,0204000H0AAAAAA,5,6.636000000000001
69,B85024,Paracet_Tab 500mg,0407010H0AAAMAM,4,6.630400000000003
68,B85024,Paracet_Tab 500mg,0407010H0AAAMAM,4,6.630400000000003
70,B85032,Paracet_Tab 500mg,0407010H0AAAMAM,110,6.599999999999998
71,B85032,Paracet_Tab 500mg,0407010H0AAAMAM,110,6.599999999999998
72,B85028,Paracet_Tab 500mg,0407010H0AAAMAM,10,6.06
73,B85028,Paracet_Tab 500mg,0407010H0AAAMAM,10,6.06
74,B85006,Paracet_Tab 500mg,0407010H0AAAMAM,7,5.8800000000000034
75,B85006,Paracet_Tab 500mg,0407010H0AAAMAM,7,5.8800000000000034
76,B85636,Paracet_Tab 500mg,0407010H0AAAMAM,15,5.1000000000000005
77,B85636,Paracet_Tab 500mg,0407010H0AAAMAM,15,5.1000000000000005
81,B85031,Paracet_Tab 500mg,0407010H0AAAMAM,63,5.040000000000013
79,B85641,Paracet_Tab 500mg,0407010H0AAAMAM,63,5.040000000000013
80,B85641,Paracet_Tab 500mg,0407010H0AAAMAM,63,5.040000000000013
78,B85031,Paracet_Tab 500mg,0407010H0AAAMAM,63,5.040000000000013
82,B85006,Paracet_Tab 500mg,0407010H0AAAMAM,2,4.838400000000001
83,B85006,Paracet_Tab 500mg,0407010H0AAAMAM,2,4.838400000000001
359,B85032,Paracet_Tab Solb 500mg,0407010H0AAAQAQ,2,4.700000000000001
360,B85032,Paracet_Tab Solb 500mg,0407010H0AAAQAQ,2,4.700000000000001
84,B85024,Paracet_Tab 500mg,0407010H0AAAMAM,2,4.47
85,B85024,Paracet_Tab 500mg,0407010H0AAAMAM,2,4.47
389,B85634,Bisoprolol Fumar_Tab 5mg,0204000H0AAAAAA,4,4.4352
390,B85016,Bisoprolol Fumar_Tab 5mg,0204000H0AAAAAA,11,4.435199999999999
391,B85641,Bisoprolol Fumar_Tab 5mg,0204000H0AAAAAA,23,4.3792
392,B85016,Bisoprolol Fumar_Tab 5mg,0204000H0AAAAAA,28,3.6847999999999996
87,B85024,Paracet_Tab 500mg,0407010H0AAAMAM,1,3.576
86,B85024,Paracet_Tab 500mg,0407010H0AAAMAM,1,3.576
89,B85024,Paracet_Tab 500mg,0407010H0AAAMAM,5,3.5700000000000003
88,B85024,Paracet_Tab 500mg,0407010H0AAAMAM,5,3.5700000000000003
393,Y04266,Bisoprolol Fumar_Tab 5mg,0204000H0AAAAAA,1,2.9568
394,B85002,Bisoprolol Fumar_Tab 5mg,0204000H0AAAAAA,25,2.939999999999999
395,B85024,Bisoprolol Fumar_Tab 5mg,0204000H0AAAAAA,5,2.912
90,B85059,Paracet_Tab 500mg,0407010H0AAAMAM,18,2.8800000000000074
91,B85059,Paracet_Tab 500mg,0407010H0AAAMAM,18,2.8800000000000074
396,B85016,Bisoprolol Fumar_Tab 5mg,0204000H0AAAAAA,51,2.7131999999999983
93,B85028,Paracet_Tab 500mg,0407010H0AAAMAM,45,2.700000000000015
92,B85028,Paracet_Tab 500mg,0407010H0AAAMAM,45,2.700000000000015
94,B85024,Paracet_Tab 500mg,0407010H0AAAMAM,4,2.4864000000000015
95,B85024,Paracet_Tab 500mg,0407010H0AAAMAM,4,2.4864000000000015
397,B85031,Bisoprolol Fumar_Tab 5mg,0204000H0AAAAAA,4,2.2176000000000005
398,B85032,Bisoprolol Fumar_Tab 5mg,0204000H0AAAAAA,12,2.2176000000000005
400,B85002,Bisoprolol Fumar_Tab 5mg,0204000H0AAAAAA,1,2.2176
399,Y04266,Bisoprolol Fumar_Tab 5mg,0204000H0AAAAAA,8,2.2176
332,B85016,Montelukast_Tab 10mg,0303020G0AAABAB,18,2.016000000000002
333,B85026,Montelukast_Tab 10mg,0303020G0AAABAB,10,2.0159999999999996
401,B85031,Bisoprolol Fumar_Tab 5mg,0204000H0AAAAAA,23,1.6421999999999997
97,B85614,Paracet_Tab 500mg,0407010H0AAAMAM,1,1.6096
96,B85614,Paracet_Tab 500mg,0407010H0AAAMAM,1,1.6096
98,B85033,Paracet_Tab 500mg,0407010H0AAAMAM,2,1.5
99,B85033,Paracet_Tab 500mg,0407010H0AAAMAM,2,1.5
402,B85044,Bisoprolol Fumar_Tab 5mg,0204000H0AAAAAA,4,1.4784000000000004
403,B85641,Bisoprolol Fumar_Tab 5mg,0204000H0AAAAAA,6,1.4783999999999997
404,B85048,Bisoprolol Fumar_Tab 5mg,0204000H0AAAAAA,8,1.4783999999999988
405,B85614,Bisoprolol Fumar_Tab 5mg,0204000H0AAAAAA,12,1.478399999999998
406,B85024,Bisoprolol Fumar_Tab 5mg,0204000H0AAAAAA,15,1.4699999999999998
407,B85037,Bisoprolol Fumar_Tab 5mg,0204000H0AAAAAA,18,1.4615999999999998
101,B85024,Paracet_Tab 500mg,0407010H0AAAMAM,26,1.4560000000000013
100,B85024,Paracet_Tab 500mg,0407010H0AAAMAM,26,1.4560000000000013
408,B85059,Bisoprolol Fumar_Tab 5mg,0204000H0AAAAAA,13,1.4559999999999989
409,B85044,Bisoprolol Fumar_Tab 5mg,0204000H0AAAAAA,32,1.4335999999999998
411,B85054,Bisoprolol Fumar_Tab 5mg,0204000H0AAAAAA,28,1.411199999999997
410,B85042,Bisoprolol Fumar_Tab 5mg,0204000H0AAAAAA,28,1.411199999999997
102,B85033,Paracet_Tab 500mg,0407010H0AAAMAM,1,1.2120000000000002
103,B85033,Paracet_Tab 500mg,0407010H0AAAMAM,1,1.2120000000000002
104,B85024,Paracet_Tab 500mg,0407010H0AAAMAM,3,1.188
105,B85024,Paracet_Tab 500mg,0407010H0AAAMAM,3,1.188
412,B85024,Bisoprolol Fumar_Tab 5mg,0204000H0AAAAAA,17,1.0948
106,B85634,Paracet_Tab 500mg,0407010H0AAAMAM,48,0.9600000000000108
107,B85634,Paracet_Tab 500mg,0407010H0AAAMAM,48,0.9600000000000108
109,B85002,Paracet_Tab 500mg,0407010H0AAAMAM,46,0.9199999999999944
108,B85002,Paracet_Tab 500mg,0407010H0AAAMAM,46,0.9199999999999944
413,B85048,Bisoprolol Fumar_Tab 5mg,0204000H0AAAAAA,13,0.9099999999999998
111,B85024,Paracet_Tab 500mg,0407010H0AAAMAM,8,0.8512
110,B85024,Paracet_Tab 500mg,0407010H0AAAMAM,8,0.8512
414,B85028,Bisoprolol Fumar_Tab 5mg,0204000H0AAAAAA,53,0.7419999999999956
113,B85024,Paracet_Tab 500mg,0407010H0AAAMAM,8,0.7392000000000002
112,B85024,Paracet_Tab 500mg,0407010H0AAAMAM,8,0.7392000000000002
114,B85051,Paracet_Tab 500mg,0407010H0AAAMAM,28,0.6271999999999962
115,B85051,Paracet_Tab 500mg,0407010H0AAAMAM,28,0.6271999999999962
415,B85032,Bisoprolol Fumar_Tab 5mg,0204000H0AAAAAA,3,0.5607
116,B85051,Paracet_Tab 500mg,0407010H0AAAMAM,3,0.5376000000000014
117,B85051,Paracet_Tab 500mg,0407010H0AAAMAM,3,0.5376000000000014
118,B85614,Paracet_Tab 500mg,0407010H0AAAMAM,73,0.20439999999999875
119,B85614,Paracet_Tab 500mg,0407010H0AAAMAM,73,0.20439999999999875
120,B85036,Paracet_Tab 500mg,0407010H0AAAMAM,1,0.20159999999999995
121,B85036,Paracet_Tab 500mg,0407010H0AAAMAM,1,0.20159999999999995
123,B85006,Paracet_Tab 500mg,0407010H0AAAMAM,1,0.19199999999999995
122,B85006,Paracet_Tab 500mg,0407010H0AAAMAM,1,0.19199999999999995
125,B85051,Paracet_Tab 500mg,0407010H0AAAMAM,3,0.18000000000000205
124,B85051,Paracet_Tab 500mg,0407010H0AAAMAM,3,0.18000000000000205
416,B85634,Bisoprolol Fumar_Tab 5mg,0204000H0AAAAAA,4,0.17919999999999997
126,B85611,Paracet_Tab 500mg,0407010H0AAAMAM,35,0.1469999999999991
127,B85611,Paracet_Tab 500mg,0407010H0AAAMAM,35,0.1469999999999991
128,B85614,Paracet_Tab 500mg,0407010H0AAAMAM,29,0.12179999999999927
129,B85614,Paracet_Tab 500mg,0407010H0AAAMAM,29,0.12179999999999927
130,B85006,Paracet_Tab 500mg,0407010H0AAAMAM,37,0.10359999999999937
131,B85006,Paracet_Tab 500mg,0407010H0AAAMAM,37,0.10359999999999937
417,B85028,Bisoprolol Fumar_Tab 5mg,0204000H0AAAAAA,23,0.09659999999999941
418,B85638,Bisoprolol Fumar_Tab 5mg,0204000H0AAAAAA,18,0.07559999999999954
132,B85031,Paracet_Tab 500mg,0407010H0AAAMAM,25,0.06999999999999958
133,B85031,Paracet_Tab 500mg,0407010H0AAAMAM,25,0.06999999999999958
419,B85614,Bisoprolol Fumar_Tab 5mg,0204000H0AAAAAA,16,0.0671999999999996
134,B85016,Paracet_Tab 500mg,0407010H0AAAMAM,16,0.0671999999999996
135,B85028,Paracet_Tab 500mg,0407010H0AAAMAM,24,0.0671999999999996
136,B85028,Paracet_Tab 500mg,0407010H0AAAMAM,24,0.0671999999999996
137,B85016,Paracet_Tab 500mg,0407010H0AAAMAM,16,0.0671999999999996
420,B85016,Bisoprolol Fumar_Tab 5mg,0204000H0AAAAAA,15,0.06299999999999961
138,B85610,Paracet_Tab 500mg,0407010H0AAAMAM,20,0.05599999999999966
139,B85610,Paracet_Tab 500mg,0407010H0AAAMAM,20,0.05599999999999966
140,Y04266,Paracet_Tab 500mg,0407010H0AAAMAM,12,0.050399999999999695
421,B85023,Bisoprolol Fumar_Tab 5mg,0204000H0AAAAAA,12,0.050399999999999695
141,Y04266,Paracet_Tab 500mg,0407010H0AAAMAM,12,0.050399999999999695
143,B85028,Paracet_Tab 500mg,0407010H0AAAMAM,8,0.04799999999999971
142,B85028,Paracet_Tab 500mg,0407010H0AAAMAM,8,0.04799999999999971
422,B85048,Bisoprolol Fumar_Tab 5mg,0204000H0AAAAAA,11,0.04619999999999972
144,B85010,Paracet_Tab 500mg,0407010H0AAAMAM,11,0.04619999999999972
145,B85023,Paracet_Tab 500mg,0407010H0AAAMAM,11,0.04619999999999972
146,B85023,Paracet_Tab 500mg,0407010H0AAAMAM,11,0.04619999999999972
147,B85010,Paracet_Tab 500mg,0407010H0AAAMAM,11,0.04619999999999972
148,B85028,Paracet_Tab 500mg,0407010H0AAAMAM,10,0.041999999999999746
149,B85028,Paracet_Tab 500mg,0407010H0AAAMAM,10,0.041999999999999746
423,B85037,Bisoprolol Fumar_Tab 5mg,0204000H0AAAAAA,9,0.03779999999999977
153,B85022,Paracet_Tab 500mg,0407010H0AAAMAM,13,0.03639999999999978
151,B85054,Paracet_Tab 500mg,0407010H0AAAMAM,13,0.03639999999999978
152,B85022,Paracet_Tab 500mg,0407010H0AAAMAM,13,0.03639999999999978
150,B85054,Paracet_Tab 500mg,0407010H0AAAMAM,13,0.03639999999999978
154,B85042,Paracet_Tab 500mg,0407010H0AAAMAM,12,0.0335999999999998
155,B85042,Paracet_Tab 500mg,0407010H0AAAMAM,12,0.0335999999999998
425,B85044,Bisoprolol Fumar_Tab 5mg,0204000H0AAAAAA,8,0.0335999999999998
424,B85022,Bisoprolol Fumar_Tab 5mg,0204000H0AAAAAA,8,0.0335999999999998
426,B85033,Bisoprolol Fumar_Tab 5mg,0204000H0AAAAAA,7,0.029399999999999822
156,B85028,Paracet_Tab 500mg,0407010H0AAAMAM,6,0.028800000000000325
157,B85028,Paracet_Tab 500mg,0407010H0AAAMAM,6,0.028800000000000325
160,B85010,Paracet_Tab 500mg,0407010H0AAAMAM,10,0.02799999999999983
158,B85010,Paracet_Tab 500mg,0407010H0AAAMAM,10,0.02799999999999983
159,B85638,Paracet_Tab 500mg,0407010H0AAAMAM,10,0.02799999999999983
161,B85638,Paracet_Tab 500mg,0407010H0AAAMAM,10,0.02799999999999983
427,B85036,Bisoprolol Fumar_Tab 5mg,0204000H0AAAAAA,6,0.025199999999999848
164,B85006,Paracet_Tab 500mg,0407010H0AAAMAM,6,0.025199999999999848
167,B85611,Paracet_Tab 500mg,0407010H0AAAMAM,9,0.025199999999999848
165,B85059,Paracet_Tab 500mg,0407010H0AAAMAM,9,0.025199999999999848
166,B85006,Paracet_Tab 500mg,0407010H0AAAMAM,6,0.025199999999999848
163,B85611,Paracet_Tab 500mg,0407010H0AAAMAM,9,0.025199999999999848
162,B85059,Paracet_Tab 500mg,0407010H0AAAMAM,9,0.025199999999999848
177,B85037,Paracet_Tab 500mg,0407010H0AAAMAM,8,0.022399999999999864
168,B85061,Paracet_Tab 500mg,0407010H0AAAMAM,8,0.022399999999999864
170,B85061,Paracet_Tab 500mg,0407010H0AAAMAM,8,0.022399999999999864
171,B85026,Paracet_Tab 500mg,0407010H0AAAMAM,8,0.022399999999999864
172,B85051,Paracet_Tab 500mg,0407010H0AAAMAM,8,0.022399999999999864
173,B85037,Paracet_Tab 500mg,0407010H0AAAMAM,8,0.022399999999999864
174,B85048,Paracet_Tab 500mg,0407010H0AAAMAM,8,0.022399999999999864
175,B85026,Paracet_Tab 500mg,0407010H0AAAMAM,8,0.022399999999999864
176,B85048,Paracet_Tab 500mg,0407010H0AAAMAM,8,0.022399999999999864
169,B85051,Paracet_Tab 500mg,0407010H0AAAMAM,8,0.022399999999999864
178,B85051,Paracet_Tab 500mg,0407010H0AAAMAM,5,0.020999999999999873
179,B85051,Paracet_Tab 500mg,0407010H0AAAMAM,5,0.020999999999999873
428,B85031,Bisoprolol Fumar_Tab 5mg,0204000H0AAAAAA,5,0.020999999999999873
182,B85634,Paracet_Tab 500mg,0407010H0AAAMAM,4,0.0167999999999999
184,B85005,Paracet_Tab 500mg,0407010H0AAAMAM,4,0.0167999999999999
189,B85005,Paracet_Tab 500mg,0407010H0AAAMAM,4,0.0167999999999999
188,B85022,Paracet_Tab 500mg,0407010H0AAAMAM,4,0.0167999999999999
187,B85623,Paracet_Tab 500mg,0407010H0AAAMAM,4,0.0167999999999999
186,B85623,Paracet_Tab 500mg,0407010H0AAAMAM,4,0.0167999999999999
185,B85037,Paracet_Tab 500mg,0407010H0AAAMAM,4,0.0167999999999999
181,B85059,Paracet_Tab 500mg,0407010H0AAAMAM,4,0.0167999999999999
183,B85059,Paracet_Tab 500mg,0407010H0AAAMAM,4,0.0167999999999999
180,B85022,Paracet_Tab 500mg,0407010H0AAAMAM,4,0.0167999999999999
432,B85006,Bisoprolol Fumar_Tab 5mg,0204000H0AAAAAA,4,0.0167999999999999
431,B85610,Bisoprolol Fumar_Tab 5mg,0204000H0AAAAAA,4,0.0167999999999999
430,B85641,Bisoprolol Fumar_Tab 5mg,0204000H0AAAAAA,4,0.0167999999999999
429,B85051,Bisoprolol Fumar_Tab 5mg,0204000H0AAAAAA,4,0.0167999999999999
190,B85037,Paracet_Tab 500mg,0407010H0AAAMAM,4,0.0167999999999999
191,B85634,Paracet_Tab 500mg,0407010H0AAAMAM,4,0.0167999999999999
337,B85024,Aripiprazole_Tab 15mg,0402010ADAAABAB,4,0.016799999999999704
375,B85060,Lamotrigine_Tab Disper 100mg S/F,0408010H0AAAWAW,4,0.016799999999999704
338,B85641,Aripiprazole_Tab 15mg,0402010ADAAABAB,4,0.016799999999999704
339,B85006,Aripiprazole_Tab 15mg,0402010ADAAABAB,4,0.016799999999999704
193,B85060,Paracet_Tab 500mg,0407010H0AAAMAM,5,0.013999999999999915
192,B85060,Paracet_Tab 500mg,0407010H0AAAMAM,5,0.013999999999999915
195,B85028,Paracet_Tab 500mg,0407010H0AAAMAM,10,0.013999999999999915
194,B85028,Paracet_Tab 500mg,0407010H0AAAMAM,10,0.013999999999999915
197,B85048,Paracet_Tab 500mg,0407010H0AAAMAM,3,0.012599999999999924
433,B85026,Bisoprolol Fumar_Tab 5mg,0204000H0AAAAAA,3,0.012599999999999924
196,B85048,Paracet_Tab 500mg,0407010H0AAAMAM,3,0.012599999999999924
340,B85058,Aripiprazole_Tab 15mg,0402010ADAAABAB,3,0.012599999999999778
198,B85006,Paracet_Tab 500mg,0407010H0AAAMAM,2,0.011999999999999927
199,B85059,Paracet_Tab 500mg,0407010H0AAAMAM,1,0.011999999999999927
202,B85006,Paracet_Tab 500mg,0407010H0AAAMAM,2,0.011999999999999927
201,B85059,Paracet_Tab 500mg,0407010H0AAAMAM,1,0.011999999999999927
203,Y04266,Paracet_Tab 500mg,0407010H0AAAMAM,2,0.011999999999999927
200,Y04266,Paracet_Tab 500mg,0407010H0AAAMAM,2,0.011999999999999927
209,B85022,Paracet_Tab 500mg,0407010H0AAAMAM,8,0.011199999999999932
207,B85022,Paracet_Tab 500mg,0407010H0AAAMAM,8,0.011199999999999932
208,B85027,Paracet_Tab 500mg,0407010H0AAAMAM,4,0.011199999999999932
206,B85005,Paracet_Tab 500mg,0407010H0AAAMAM,4,0.011199999999999932
204,B85002,Paracet_Tab 500mg,0407010H0AAAMAM,4,0.011199999999999932
211,B85027,Paracet_Tab 500mg,0407010H0AAAMAM,4,0.011199999999999932
210,B85005,Paracet_Tab 500mg,0407010H0AAAMAM,4,0.011199999999999932
205,B85002,Paracet_Tab 500mg,0407010H0AAAMAM,4,0.011199999999999932
214,B85002,Paracet_Tab 500mg,0407010H0AAAMAM,6,0.00839999999999995
212,B85623,Paracet_Tab 500mg,0407010H0AAAMAM,6,0.00839999999999995
434,B85028,Bisoprolol Fumar_Tab 5mg,0204000H0AAAAAA,4,0.00839999999999995
213,B85623,Paracet_Tab 500mg,0407010H0AAAMAM,6,0.00839999999999995
215,B85002,Paracet_Tab 500mg,0407010H0AAAMAM,6,0.00839999999999995
341,B85037,Aripiprazole_Tab 15mg,0402010ADAAABAB,2,0.008399999999999852
342,B85042,Aripiprazole_Tab 15mg,0402010ADAAABAB,2,0.008399999999999852
220,B85016,Paracet_Tab 500mg,0407010H0AAAMAM,1,0.005999999999999964
221,B85059,Paracet_Tab 500mg,0407010H0AAAMAM,1,0.005999999999999964
219,B85061,Paracet_Tab 500mg,0407010H0AAAMAM,1,0.005999999999999964
223,B85660,Paracet_Tab 500mg,0407010H0AAAMAM,1,0.005999999999999964
218,B85660,Paracet_Tab 500mg,0407010H0AAAMAM,1,0.005999999999999964
217,B85061,Paracet_Tab 500mg,0407010H0AAAMAM,1,0.005999999999999964
216,B85016,Paracet_Tab 500mg,0407010H0AAAMAM,1,0.005999999999999964
222,B85059,Paracet_Tab 500mg,0407010H0AAAMAM,1,0.005999999999999964
231,B85610,Paracet_Tab 500mg,0407010H0AAAMAM,4,0.005599999999999966
230,B85054,Paracet_Tab 500mg,0407010H0AAAMAM,4,0.005599999999999966
228,B85051,Paracet_Tab 500mg,0407010H0AAAMAM,4,0.005599999999999966
224,B85026,Paracet_Tab 500mg,0407010H0AAAMAM,4,0.005599999999999966
225,B85610,Paracet_Tab 500mg,0407010H0AAAMAM,4,0.005599999999999966
226,B85054,Paracet_Tab 500mg,0407010H0AAAMAM,4,0.005599999999999966
227,B85026,Paracet_Tab 500mg,0407010H0AAAMAM,4,0.005599999999999966
233,B85060,Paracet_Tab 500mg,0407010H0AAAMAM,4,0.005599999999999966
232,B85051,Paracet_Tab 500mg,0407010H0AAAMAM,4,0.005599999999999966
229,B85060,Paracet_Tab 500mg,0407010H0AAAMAM,4,0.005599999999999966
316,B85051,Atorvastatin_Tab 20mg,0212000B0AAABAB,1,0.00440000000000005
343,B85023,Aripiprazole_Tab 15mg,0402010ADAAABAB,1,0.004199999999999926
362,B85641,Paracet_Tab Solb 500mg,0407010H0AAAQAQ,1,0.004000000000000115
361,B85641,Paracet_Tab Solb 500mg,0407010H0AAAQAQ,1,0.004000000000000115
317,B85641,Atorvastatin_Tab 20mg,0212000B0AAABAB,1,0.0034000000000000974
372,Y01952,Olanzapine_Tab 10mg,040201060AAACAC,1,0.002999999999999947
234,B85058,Paracet_Tab 500mg,0407010H0AAAMAM,1,0.002799999999999983
235,B85623,Paracet_Tab 500mg,0407010H0AAAMAM,4,0.002799999999999983
239,B85623,Paracet_Tab 500mg,0407010H0AAAMAM,1,0.002799999999999983
236,B85058,Paracet_Tab 500mg,0407010H0AAAMAM,1,0.002799999999999983
238,B85623,Paracet_Tab 500mg,0407010H0AAAMAM,4,0.002799999999999983
237,B85623,Paracet_Tab 500mg,0407010H0AAAMAM,1,0.002799999999999983
373,B85042,Olanzapine_Tab 10mg,040201060AAACAC,1,0.0017999999999998018
240,B85060,Paracet_Tab 500mg,0407010H0AAAMAM,2,0.0013999999999999915
241,B85060,Paracet_Tab 500mg,0407010H0AAAMAM,2,0.0013999999999999915
334,Y01952,Montelukast_Tab 10mg,0303020G0AAABAB,1,-0.0014999999999999736
318,B85024,Atorvastatin_Tab 20mg,0212000B0AAABAB,1,-0.0015999999999999348
242,Y01952,Paracet_Tab 500mg,0407010H0AAAMAM,1,-0.001999999999999988
243,Y01952,Paracet_Tab 500mg,0407010H0AAAMAM,1,-0.001999999999999988
319,Y01952,Atorvastatin_Tab 20mg,0212000B0AAABAB,1,-0.002799999999999997
435,Y01952,Bisoprolol Fumar_Tab 5mg,0204000H0AAAAAA,1,-0.0028000000000000073
436,B85659,Bisoprolol Fumar_Tab 5mg,0204000H0AAAAAA,1,-0.0028000000000000073
321,B85002,Atorvastatin_Tab 20mg,0212000B0AAABAB,1,-0.0029999999999998778
320,B85016,Atorvastatin_Tab 20mg,0212000B0AAABAB,1,-0.0029999999999998778
335,B85054,Montelukast_Tab 10mg,0303020G0AAABAB,1,-0.004299999999999825
247,Y01952,Paracet_Tab 500mg,0407010H0AAAMAM,1,-0.004799999999999971
246,B85032,Paracet_Tab 500mg,0407010H0AAAMAM,1,-0.004799999999999971
245,B85032,Paracet_Tab 500mg,0407010H0AAAMAM,1,-0.004799999999999971
244,Y01952,Paracet_Tab 500mg,0407010H0AAAMAM,1,-0.004799999999999971
248,Y01952,Paracet_Tab 500mg,0407010H0AAAMAM,1,-0.005599999999999966
250,B85634,Paracet_Tab 500mg,0407010H0AAAMAM,1,-0.005599999999999966
249,Y01952,Paracet_Tab 500mg,0407010H0AAAMAM,1,-0.005599999999999966
251,B85634,Paracet_Tab 500mg,0407010H0AAAMAM,1,-0.005599999999999966
437,B85062,Bisoprolol Fumar_Tab 5mg,0204000H0AAAAAA,2,-0.005600000000000015
344,B85033,Aripiprazole_Tab 15mg,0402010ADAAABAB,2,-0.00560000000000016
345,B85054,Aripiprazole_Tab 15mg,0402010ADAAABAB,2,-0.00560000000000016
363,B85005,Paracet_Tab Solb 500mg,0407010H0AAAQAQ,1,-0.005999999999999339
364,B85614,Paracet_Tab Solb 500mg,0407010H0AAAQAQ,1,-0.005999999999999339
365,B85005,Paracet_Tab Solb 500mg,0407010H0AAAQAQ,1,-0.005999999999999339
366,B85028,Paracet_Tab Solb 500mg,0407010H0AAAQAQ,1,-0.005999999999999339
367,B85614,Paracet_Tab Solb 500mg,0407010H0AAAQAQ,1,-0.005999999999999339
368,B85028,Paracet_Tab Solb 500mg,0407010H0AAAQAQ,1,-0.005999999999999339
253,B85028,Paracet_Tab 500mg,0407010H0AAAMAM,5,-0.00999999999999994
252,B85028,Paracet_Tab 500mg,0407010H0AAAMAM,5,-0.00999999999999994
438,B85059,Bisoprolol Fumar_Tab 5mg,0204000H0AAAAAA,4,-0.01120000000000003
439,B85623,Bisoprolol Fumar_Tab 5mg,0204000H0AAAAAA,4,-0.01120000000000003
440,B85660,Bisoprolol Fumar_Tab 5mg,0204000H0AAAAAA,4,-0.01120000000000003
349,B85024,Aripiprazole_Tab 15mg,0402010ADAAABAB,4,-0.01120000000000032
352,B85028,Aripiprazole_Tab 15mg,0402010ADAAABAB,4,-0.01120000000000032
346,B85016,Aripiprazole_Tab 15mg,0402010ADAAABAB,4,-0.01120000000000032
347,B85023,Aripiprazole_Tab 15mg,0402010ADAAABAB,4,-0.01120000000000032
348,B85036,Aripiprazole_Tab 15mg,0402010ADAAABAB,4,-0.01120000000000032
351,B85614,Aripiprazole_Tab 15mg,0402010ADAAABAB,4,-0.01120000000000032
350,B85660,Aripiprazole_Tab 15mg,0402010ADAAABAB,4,-0.01120000000000032
370,B85023,Paracet_Tab Solb 500mg,0407010H0AAAQAQ,2,-0.011999999999998678
369,B85023,Paracet_Tab Solb 500mg,0407010H0AAAQAQ,2,-0.011999999999998678
254,B85660,Paracet_Tab 500mg,0407010H0AAAMAM,3,-0.0167999999999999
255,B85660,Paracet_Tab 500mg,0407010H0AAAMAM,3,-0.0167999999999999
353,B85638,Aripiprazole_Tab 15mg,0402010ADAAABAB,6,-0.01680000000000048
354,B85042,Aripiprazole_Tab 15mg,0402010ADAAABAB,4,-0.017600000000000282
441,B85023,Bisoprolol Fumar_Tab 5mg,0204000H0AAAAAA,7,-0.01960000000000005
355,B85611,Aripiprazole_Tab 15mg,0402010ADAAABAB,7,-0.01960000000000056
323,B85006,Sildenafil_Tab 25mg,0704050Z0AAABAB,7,-0.01960000000000056
257,B85636,Paracet_Tab 500mg,0407010H0AAAMAM,4,-0.022399999999999864
256,B85636,Paracet_Tab 500mg,0407010H0AAAMAM,4,-0.022399999999999864
442,B85026,Bisoprolol Fumar_Tab 5mg,0204000H0AAAAAA,8,-0.02240000000000006
443,B85641,Bisoprolol Fumar_Tab 5mg,0204000H0AAAAAA,8,-0.02240000000000006
356,B85061,Aripiprazole_Tab 15mg,0402010ADAAABAB,8,-0.02240000000000064
259,B85002,Paracet_Tab 500mg,0407010H0AAAMAM,5,-0.02799999999999983
258,B85002,Paracet_Tab 500mg,0407010H0AAAMAM,5,-0.02799999999999983
444,B85054,Bisoprolol Fumar_Tab 5mg,0204000H0AAAAAA,13,-0.0364000000000001
445,B85005,Bisoprolol Fumar_Tab 5mg,0204000H0AAAAAA,14,-0.0392000000000001
446,B85638,Bisoprolol Fumar_Tab 5mg,0204000H0AAAAAA,15,-0.04200000000000011
260,B85044,Paracet_Tab 500mg,0407010H0AAAMAM,8,-0.04479999999999973
261,B85044,Paracet_Tab 500mg,0407010H0AAAMAM,8,-0.04479999999999973
447,B85006,Bisoprolol Fumar_Tab 5mg,0204000H0AAAAAA,17,-0.04760000000000013
448,B85610,Bisoprolol Fumar_Tab 5mg,0204000H0AAAAAA,20,-0.05600000000000015
449,B85037,Bisoprolol Fumar_Tab 5mg,0204000H0AAAAAA,20,-0.05600000000000015
450,B85060,Bisoprolol Fumar_Tab 5mg,0204000H0AAAAAA,24,-0.06720000000000018
451,B85033,Bisoprolol Fumar_Tab 5mg,0204000H0AAAAAA,24,-0.06720000000000018
262,B85659,Paracet_Tab 500mg,0407010H0AAAMAM,13,-0.07279999999999956
263,B85659,Paracet_Tab 500mg,0407010H0AAAMAM,13,-0.07279999999999956
264,B85058,Paracet_Tab 500mg,0407010H0AAAMAM,14,-0.07839999999999953
265,B85058,Paracet_Tab 500mg,0407010H0AAAMAM,14,-0.07839999999999953
453,B85611,Bisoprolol Fumar_Tab 5mg,0204000H0AAAAAA,33,-0.09240000000000025
452,B85010,Bisoprolol Fumar_Tab 5mg,0204000H0AAAAAA,33,-0.09240000000000025
454,B85036,Bisoprolol Fumar_Tab 5mg,0204000H0AAAAAA,34,-0.09520000000000026
266,B85641,Paracet_Tab 500mg,0407010H0AAAMAM,19,-0.10639999999999936
267,B85641,Paracet_Tab 500mg,0407010H0AAAMAM,19,-0.10639999999999936
455,B85042,Bisoprolol Fumar_Tab 5mg,0204000H0AAAAAA,41,-0.1148000000000003
456,B85051,Bisoprolol Fumar_Tab 5mg,0204000H0AAAAAA,41,-0.1148000000000003
457,B85027,Bisoprolol Fumar_Tab 5mg,0204000H0AAAAAA,43,-0.12040000000000031
458,B85022,Bisoprolol Fumar_Tab 5mg,0204000H0AAAAAA,43,-0.12040000000000031
268,B85032,Paracet_Tab 500mg,0407010H0AAAMAM,23,-0.12879999999999922
269,B85032,Paracet_Tab 500mg,0407010H0AAAMAM,23,-0.12879999999999922
459,B85061,Bisoprolol Fumar_Tab 5mg,0204000H0AAAAAA,55,-0.15400000000000041
271,B85005,Paracet_Tab 500mg,0407010H0AAAMAM,28,-0.15679999999999905
272,Y04266,Paracet_Tab 500mg,0407010H0AAAMAM,28,-0.15679999999999905
273,Y04266,Paracet_Tab 500mg,0407010H0AAAMAM,28,-0.15679999999999905
270,B85005,Paracet_Tab 500mg,0407010H0AAAMAM,28,-0.15679999999999905
274,B85610,Paracet_Tab 500mg,0407010H0AAAMAM,29,-0.16239999999999902
275,B85610,Paracet_Tab 500mg,0407010H0AAAMAM,29,-0.16239999999999902
276,B85026,Paracet_Tab 500mg,0407010H0AAAMAM,31,-0.17359999999999895
277,B85026,Paracet_Tab 500mg,0407010H0AAAMAM,31,-0.17359999999999895
278,B85031,Paracet_Tab 500mg,0407010H0AAAMAM,36,-0.20159999999999878
279,B85031,Paracet_Tab 500mg,0407010H0AAAMAM,36,-0.20159999999999878
280,B85059,Paracet_Tab 500mg,0407010H0AAAMAM,38,-0.2127999999999987
281,B85059,Paracet_Tab 500mg,0407010H0AAAMAM,38,-0.2127999999999987
282,B85016,Paracet_Tab 500mg,0407010H0AAAMAM,41,-0.2295999999999986
283,B85016,Paracet_Tab 500mg,0407010H0AAAMAM,41,-0.2295999999999986
460,B85028,Bisoprolol Fumar_Tab 5mg,0204000H0AAAAAA,82,-0.2296000000000006
461,B85614,Bisoprolol Fumar_Tab 5mg,0204000H0AAAAAA,97,-0.27160000000000073
284,B85042,Paracet_Tab 500mg,0407010H0AAAMAM,53,-0.2967999999999982
285,B85042,Paracet_Tab 500mg,0407010H0AAAMAM,53,-0.2967999999999982
287,B85638,Paracet_Tab 500mg,0407010H0AAAMAM,72,-0.40319999999999756
286,B85638,Paracet_Tab 500mg,0407010H0AAAMAM,72,-0.40319999999999756
288,B85036,Paracet_Tab 500mg,0407010H0AAAMAM,21,-0.4703999999999992
289,B85036,Paracet_Tab 500mg,0407010H0AAAMAM,21,-0.4703999999999992
291,B85022,Paracet_Tab 500mg,0407010H0AAAMAM,86,-0.4815999999999971
290,B85022,Paracet_Tab 500mg,0407010H0AAAMAM,86,-0.4815999999999971
292,B85061,Paracet_Tab 500mg,0407010H0AAAMAM,93,-0.5207999999999968
293,B85061,Paracet_Tab 500mg,0407010H0AAAMAM,93,-0.5207999999999968
294,B85002,Paracet_Tab 500mg,0407010H0AAAMAM,58,-0.5799999999999965
295,B85002,Paracet_Tab 500mg,0407010H0AAAMAM,58,-0.5799999999999965
296,B85006,Paracet_Tab 500mg,0407010H0AAAMAM,103,-1.0299999999999938
297,B85006,Paracet_Tab 500mg,0407010H0AAAMAM,103,-1.0299999999999938
298,B85033,Paracet_Tab 500mg,0407010H0AAAMAM,8,-1.4112
299,B85033,Paracet_Tab 500mg,0407010H0AAAMAM,8,-1.4112
300,B85051,Paracet_Tab 500mg,0407010H0AAAMAM,86,-1.4447999999999996
301,B85051,Paracet_Tab 500mg,0407010H0AAAMAM,86,-1.4447999999999996
302,B85006,Paracet_Tab 500mg,0407010H0AAAMAM,100,-2.239999999999996
303,B85006,Paracet_Tab 500mg,0407010H0AAAMAM,100,-2.239999999999996
