,practice_code,bnf_description,bnf_code,items,excess_cost
0,D82010,Paracet_Tab Solb 500mg,0407010H0AAAQAQ,2,-0.011999999999998678
1,D82015,Atorvastatin_Tab 10mg,0212000B0AAAAAA,17,0.032000000000000195
2,D82015,Atorvastatin_Tab 20mg,0212000B0AAABAB,400,45.919999999999995
3,D82015,Atorvastatin_Tab 40mg,0212000B0AAACAC,143,22.268600000000003
4,D82015,Memantine HCl_Tab 20mg,0411000G0AAADAD,5,0.024499999999999973
5,D82015,Montelukast_Tab 10mg,0303020G0AAABAB,44,24.393600000000006
6,D82015,Paracet_Tab 500mg,0407010H0AAAMAM,106,-1.9815999999999883
7,D82015,Paracet_Tab Solb 500mg,0407010H0AAAQAQ,2,-0.011999999999998678
8,D82015,Quetiapine_Tab 25mg,0402010ABAAABAB,7,-0.009800000000001058
9,D82027,Atorvastatin_Tab 10mg,0212000B0AAAAAA,6,0.01260000000000007
10,D82027,Atorvastatin_Tab 20mg,0212000B0AAABAB,1,-0.0013999999999999985
11,D82027,Atorvastatin_Tab 40mg,0212000B0AAACAC,208,44.84479999999999
12,D82027,Lamotrigine_Tab 200mg,0408010H0AAA1A1,2,0.0
13,D82027,Letrozole_Tab 2.5mg,0803041L0AAAAAA,9,213.89929999999998
14,D82027,Montelukast_Tab 10mg,0303020G0AAABAB,1,-0.0033999999999999794
15,D82027,Paracet_Tab 500mg,0407010H0AAAMAM,712,308.5992
16,D82027,Quetiapine_Tab 25mg,0402010ABAAABAB,12,0.027999999999999248
17,D82035,Atorvastatin_Tab 10mg,0212000B0AAAAAA,242,11.519200000000001
18,D82035,Atorvastatin_Tab 20mg,0212000B0AAABAB,2,1.3877787807814457e-16
19,D82035,Lamotrigine_Tab 200mg,0408010H0AAA1A1,2,0.0
20,D82035,Memantine HCl_Tab 20mg,0411000G0AAADAD,4,0.01959999999999998
21,D82035,Paracet_Tab 500mg,0407010H0AAAMAM,12,-0.020799999999999874
22,D82035,Paracet_Tab Solb 500mg,0407010H0AAAQAQ,8,-0.027999999999995806
23,D82035,Quetiapine_Tab 25mg,0402010ABAAABAB,2,0.011199999999999544
24,D82043,Atorvastatin_Tab 10mg,0212000B0AAAAAA,146,11.57380000000001
25,D82043,Lamotrigine_Tab 200mg,0408010H0AAA1A1,3,28.503999999999994
26,D82043,Paracet_Tab 500mg,0407010H0AAAMAM,20,-0.09479999999999943
27,D82043,Paracet_Tab Solb 500mg,0407010H0AAAQAQ,4,-0.023999999999997357
28,D82043,Quetiapine_Tab 25mg,0402010ABAAABAB,7,-0.015400000000000441
29,D82044,Atorvastatin_Tab 10mg,0212000B0AAAAAA,803,35.03380000000009
30,D82044,Atorvastatin_Tab 20mg,0212000B0AAABAB,1387,46.60319999999999
31,D82044,Atorvastatin_Tab 40mg,0212000B0AAACAC,925,67.34000000000013
32,D82044,Lamotrigine_Tab 200mg,0408010H0AAA1A1,18,0.022399999999997533
33,D82044,Memantine HCl_Tab 20mg,0411000G0AAADAD,64,86.66170000000001
34,D82044,Montelukast_Tab 10mg,0303020G0AAABAB,219,220.13879999999997
35,D82044,Paracet_Tab 500mg,0407010H0AAAMAM,1318,218.2520000000001
36,D82044,Paracet_Tab Solb 500mg,0407010H0AAAQAQ,20,198.44800000000004
37,D82044,Quetiapine_Tab 25mg,0402010ABAAABAB,26,0.09859999999999627
38,D82049,Atorvastatin_Tab 10mg,0212000B0AAAAAA,162,0.337300000000002
39,D82049,Lamotrigine_Tab 200mg,0408010H0AAA1A1,3,0.0
40,D82049,Letrozole_Tab 2.5mg,0803041L0AAAAAA,4,0.019600000000000173
41,D82049,Memantine HCl_Tab 20mg,0411000G0AAADAD,3,0.014699999999999984
42,D82049,Montelukast_Tab 10mg,0303020G0AAABAB,20,-0.08079999999999998
43,D82049,Paracet_Tab 500mg,0407010H0AAAMAM,134,-0.09680000000000019
44,D82051,Atorvastatin_Tab 10mg,0212000B0AAAAAA,185,81.1545
45,D82051,Atorvastatin_Tab 20mg,0212000B0AAABAB,222,68.06120000000004
46,D82051,Lamotrigine_Tab 200mg,0408010H0AAA1A1,15,0.022399999999997533
47,D82051,Montelukast_Tab 10mg,0303020G0AAABAB,89,24.42160000000001
48,D82051,Paracet_Tab 500mg,0407010H0AAAMAM,556,45.884400000000014
49,D82051,Quetiapine_Tab 25mg,0402010ABAAABAB,34,0.008399999999998298
50,D82057,Atorvastatin_Tab 10mg,0212000B0AAAAAA,1,0.004200000000000023
51,D82057,Lamotrigine_Tab 200mg,0408010H0AAA1A1,4,0.0
52,D82057,Paracet_Tab 500mg,0407010H0AAAMAM,28,0.004799999999999971
53,D82057,Paracet_Tab Solb 500mg,0407010H0AAAQAQ,10,-0.035999999999996035
54,D82057,Quetiapine_Tab 25mg,0402010ABAAABAB,9,0.013999999999998847
55,D82065,Atorvastatin_Tab 10mg,0212000B0AAAAAA,32,0.06970000000000035
56,D82065,Atorvastatin_Tab 20mg,0212000B0AAABAB,3,0.0008000000000000507
57,D82065,Lamotrigine_Tab 200mg,0408010H0AAA1A1,6,0.022399999999997533
58,D82065,Paracet_Tab 500mg,0407010H0AAAMAM,6,-0.010399999999999937
59,D82065,Paracet_Tab Solb 500mg,0407010H0AAAQAQ,2,-0.005999999999999339
60,D82065,Quetiapine_Tab 25mg,0402010ABAAABAB,20,0.011899999999998329
61,D82068,Atorvastatin_Tab 10mg,0212000B0AAAAAA,18,0.03990000000000022
62,D82068,Lamotrigine_Tab 200mg,0408010H0AAA1A1,4,0.0
63,D82068,Memantine HCl_Tab 20mg,0411000G0AAADAD,3,0.014699999999999984
64,D82068,Paracet_Tab 500mg,0407010H0AAAMAM,24,-0.11119999999999933
65,D82068,Quetiapine_Tab 25mg,0402010ABAAABAB,29,-0.0014000000000031487
66,D82070,Lamotrigine_Tab 200mg,0408010H0AAA1A1,1,0.0
67,D82070,Memantine HCl_Tab 20mg,0411000G0AAADAD,4,0.01959999999999998
68,D82070,Paracet_Tab 500mg,0407010H0AAAMAM,2,-0.011199999999999932
69,D82070,Quetiapine_Tab 25mg,0402010ABAAABAB,4,-0.0070000000000002005
70,D82072,Atorvastatin_Tab 10mg,0212000B0AAAAAA,4,0.008400000000000046
71,D82072,Lamotrigine_Tab 200mg,0408010H0AAA1A1,9,0.022399999999997533
72,D82072,Memantine HCl_Tab 20mg,0411000G0AAADAD,18,0.0881999999999999
73,D82072,Paracet_Tab 500mg,0407010H0AAAMAM,100,-0.2487999999999985
74,D82072,Quetiapine_Tab 25mg,0402010ABAAABAB,14,-0.025200000000000722
75,D82079,Atorvastatin_Tab 10mg,0212000B0AAAAAA,13,0.031500000000000174
76,D82079,Lamotrigine_Tab 200mg,0408010H0AAA1A1,3,0.0
77,D82079,Letrozole_Tab 2.5mg,0803041L0AAAAAA,5,0.024500000000000216
78,D82079,Paracet_Tab 500mg,0407010H0AAAMAM,58,-0.155999999999999
79,D82079,Paracet_Tab Solb 500mg,0407010H0AAAQAQ,4,440.8680000000001
80,D82079,Quetiapine_Tab 25mg,0402010ABAAABAB,4,-0.01120000000000032
81,D82099,Atorvastatin_Tab 10mg,0212000B0AAAAAA,89,23.2974
82,D82099,Atorvastatin_Tab 20mg,0212000B0AAABAB,320,90.85160000000006
83,D82099,Lamotrigine_Tab 200mg,0408010H0AAA1A1,6,95.84399999999998
84,D82099,Memantine HCl_Tab 20mg,0411000G0AAADAD,9,63.907199999999996
85,D82099,Montelukast_Tab 10mg,0303020G0AAABAB,52,1.0191999999999988
86,D82099,Paracet_Tab 500mg,0407010H0AAAMAM,104,20.259199999999986
87,D82099,Quetiapine_Tab 25mg,0402010ABAAABAB,26,-0.6180000000000014
88,D82105,Atorvastatin_Tab 10mg,0212000B0AAAAAA,182,11.211200000000003
89,D82105,Lamotrigine_Tab 200mg,0408010H0AAA1A1,6,31.964799999999986
90,D82105,Paracet_Tab 500mg,0407010H0AAAMAM,2,-0.011199999999999932
91,D82105,Quetiapine_Tab 25mg,0402010ABAAABAB,10,153.1376
92,D82604,Paracet_Tab 500mg,0407010H0AAAMAM,2,0.011999999999999927
93,D82618,Atorvastatin_Tab 10mg,0212000B0AAAAAA,59,82.20619999999998
94,D82618,Atorvastatin_Tab 20mg,0212000B0AAABAB,1,0.00180000000000001
95,D82618,Atorvastatin_Tab 40mg,0212000B0AAACAC,24,22.243199999999998
96,D82618,Lamotrigine_Tab 200mg,0408010H0AAA1A1,1,0.0
97,D82618,Paracet_Tab 500mg,0407010H0AAAMAM,50,37.865600000000015
98,D82618,Paracet_Tab Solb 500mg,0407010H0AAAQAQ,2,-0.011999999999998678
99,D82618,Quetiapine_Tab 25mg,0402010ABAAABAB,7,0.02379999999999874
100,D82621,Atorvastatin_Tab 10mg,0212000B0AAAAAA,19,0.03990000000000022
101,D82621,Lamotrigine_Tab 200mg,0408010H0AAA1A1,6,0.027999999999996916
102,D82621,Memantine HCl_Tab 20mg,0411000G0AAADAD,9,0.04409999999999995
103,D82621,Paracet_Tab 500mg,0407010H0AAAMAM,66,-0.09139999999999944
104,D82621,Quetiapine_Tab 25mg,0402010ABAAABAB,5,0.006999999999999423
105,Y00297,Atorvastatin_Tab 10mg,0212000B0AAAAAA,95,34.74450000000001
106,Y00297,Lamotrigine_Tab 200mg,0408010H0AAA1A1,6,0.027999999999996916
107,Y00297,Memantine HCl_Tab 20mg,0411000G0AAADAD,13,63.947799999999994
108,Y00297,Paracet_Tab 500mg,0407010H0AAAMAM,50,24.985200000000003
109,Y00297,Quetiapine_Tab 25mg,0402010ABAAABAB,1,0.005599999999999772
110,Y03222,Atorvastatin_Tab 20mg,0212000B0AAABAB,1,-0.0029999999999998778
111,Y03222,Lamotrigine_Tab 200mg,0408010H0AAA1A1,4,0.0
112,Y03222,Memantine HCl_Tab 20mg,0411000G0AAADAD,1,63.89880000000001
113,Y03222,Paracet_Tab 500mg,0407010H0AAAMAM,104,22.04159999999998
114,Y03222,Quetiapine_Tab 25mg,0402010ABAAABAB,5,0.002799999999999303
