,practice_code,bnf_description,bnf_code,items,excess_cost
154,G82064,Mesalazine_Tab E/C 800mg,0105010B0AAASAS,1,34.43999999999999
117,G82650,Risperidone_Tab 6mg,040201030AAAFAF,1,29.2096
0,G82126,Clonazepam_Tab 500mcg,0408010F0AAABAB,44,13.921599999999971
156,G82666,Salbutamol_Tab 2mg,0301011R0AAAZAZ,2,12.812799999999982
118,G82020,Co-Codamol_Tab 8mg/500mg,0407010F0AAAAAA,22,12.76
119,G82020,Co-Codamol_Tab 8mg/500mg,0407010F0AAAAAA,22,12.76
1,G82126,Clonazepam_Tab 500mcg,0408010F0AAABAB,20,12.655999999999974
2,G82126,Clonazepam_Tab 500mcg,0408010F0AAABAB,7,8.859199999999982
3,G82046,Clonazepam_Tab 500mcg,0408010F0AAABAB,13,8.226399999999984
168,G82105,Ropinirole HCl_Tab 5mg,0409010H0AAADAD,1,7.744800000000005
4,G82105,Clonazepam_Tab 500mcg,0408010F0AAABAB,6,7.593599999999984
5,G82066,Clonazepam_Tab 500mcg,0408010F0AAABAB,11,6.960799999999986
6,G82126,Clonazepam_Tab 500mcg,0408010F0AAABAB,6,6.779999999999986
7,G82650,Clonazepam_Tab 500mcg,0408010F0AAABAB,10,6.327999999999987
8,G82020,Clonazepam_Tab 500mcg,0408010F0AAABAB,10,6.327999999999987
9,G82126,Clonazepam_Tab 500mcg,0408010F0AAABAB,9,6.101999999999988
95,G82105,Amiodarone HCl_Tab 200mg,0203020D0AAABAB,17,5.9500000000000055
10,G82105,Clonazepam_Tab 500mcg,0408010F0AAABAB,9,5.695199999999988
11,G82052,Clonazepam_Tab 500mcg,0408010F0AAABAB,16,5.06239999999999
12,G82052,Clonazepam_Tab 500mcg,0408010F0AAABAB,7,4.429599999999991
13,G82126,Clonazepam_Tab 500mcg,0408010F0AAABAB,2,4.067999999999992
96,G82020,Amiodarone HCl_Tab 200mg,0203020D0AAABAB,11,3.850000000000003
158,G82046,Pyridox HCl_Tab 50mg,0906024N0AAAIAI,2,3.830400000000001
17,G82046,Clonazepam_Tab 500mcg,0408010F0AAABAB,3,3.796799999999992
16,G82046,Clonazepam_Tab 500mcg,0408010F0AAABAB,4,3.796799999999992
15,G82105,Clonazepam_Tab 500mcg,0408010F0AAABAB,12,3.796799999999992
14,G82079,Clonazepam_Tab 500mcg,0408010F0AAABAB,12,3.796799999999992
19,G82064,Clonazepam_Tab 500mcg,0408010F0AAABAB,10,3.1639999999999935
18,G82020,Clonazepam_Tab 500mcg,0408010F0AAABAB,2,3.1639999999999935
159,G82105,Pyridox HCl_Tab 50mg,0906024N0AAAIAI,2,2.8728000000000007
20,G82066,Clonazepam_Tab 500mcg,0408010F0AAABAB,9,2.847599999999994
21,G82105,Clonazepam_Tab 500mcg,0408010F0AAABAB,3,2.847599999999994
97,G82126,Amiodarone HCl_Tab 200mg,0203020D0AAABAB,8,2.8000000000000025
98,G82066,Amiodarone HCl_Tab 200mg,0203020D0AAABAB,8,2.8000000000000025
23,G82126,Clonazepam_Tab 500mcg,0408010F0AAABAB,2,2.7119999999999944
22,G82126,Clonazepam_Tab 500mcg,0408010F0AAABAB,1,2.7119999999999944
27,G82796,Clonazepam_Tab 500mcg,0408010F0AAABAB,2,2.531199999999995
32,G82126,Clonazepam_Tab 500mcg,0408010F0AAABAB,1,2.531199999999995
31,G82150,Clonazepam_Tab 500mcg,0408010F0AAABAB,4,2.531199999999995
30,G82079,Clonazepam_Tab 500mcg,0408010F0AAABAB,4,2.531199999999995
29,G82105,Clonazepam_Tab 500mcg,0408010F0AAABAB,1,2.531199999999995
28,G82650,Clonazepam_Tab 500mcg,0408010F0AAABAB,2,2.531199999999995
26,G82046,Clonazepam_Tab 500mcg,0408010F0AAABAB,8,2.531199999999995
25,G82020,Clonazepam_Tab 500mcg,0408010F0AAABAB,2,2.531199999999995
24,G82666,Clonazepam_Tab 500mcg,0408010F0AAABAB,2,2.531199999999995
99,G82064,Amiodarone HCl_Tab 200mg,0203020D0AAABAB,7,2.450000000000002
157,G82107,Salbutamol_Tab 2mg,0301011R0AAAZAZ,1,2.4023999999999965
180,G82219,Avanafil_Tab 200mg,0704050ACAAACAC,1,2.1999999999999993
181,G82666,Avanafil_Tab 200mg,0704050ACAAACAC,1,2.1999999999999993
182,G82650,Avanafil_Tab 200mg,0704050ACAAACAC,1,2.1999999999999993
184,G82107,Avanafil_Tab 200mg,0704050ACAAACAC,1,2.1999999999999993
183,G82046,Avanafil_Tab 200mg,0704050ACAAACAC,1,2.1999999999999993
160,G82066,Pyridox HCl_Tab 50mg,0906024N0AAAIAI,2,1.9152000000000005
33,G82020,Clonazepam_Tab 500mcg,0408010F0AAABAB,2,1.898399999999996
34,G82107,Clonazepam_Tab 500mcg,0408010F0AAABAB,3,1.898399999999996
35,G82666,Clonazepam_Tab 500mcg,0408010F0AAABAB,3,1.898399999999996
36,G82126,Clonazepam_Tab 500mcg,0408010F0AAABAB,1,1.898399999999996
102,G82150,Amiodarone HCl_Tab 200mg,0203020D0AAABAB,5,1.7500000000000016
101,G82052,Amiodarone HCl_Tab 200mg,0203020D0AAABAB,5,1.7500000000000016
100,G82079,Amiodarone HCl_Tab 200mg,0203020D0AAABAB,5,1.7500000000000016
169,G82105,Methocarbamol_Tab 750mg,1002020S0AAABAB,4,1.7199999999999993
38,G82107,Clonazepam_Tab 500mcg,0408010F0AAABAB,5,1.5819999999999967
39,G82105,Clonazepam_Tab 500mcg,0408010F0AAABAB,2,1.5819999999999967
37,G82064,Clonazepam_Tab 500mcg,0408010F0AAABAB,1,1.5819999999999967
170,G82066,Methocarbamol_Tab 750mg,1002020S0AAABAB,3,1.4447999999999994
104,G82079,Amiodarone HCl_Tab 200mg,0203020D0AAABAB,2,1.4000000000000012
103,G82796,Amiodarone HCl_Tab 200mg,0203020D0AAABAB,2,1.4000000000000012
40,G82219,Clonazepam_Tab 500mcg,0408010F0AAABAB,2,1.3559999999999972
41,G82219,Clonazepam_Tab 500mcg,0408010F0AAABAB,1,1.3559999999999972
171,G82046,Methocarbamol_Tab 750mg,1002020S0AAABAB,3,1.2899999999999996
42,G82150,Clonazepam_Tab 500mcg,0408010F0AAABAB,1,1.2655999999999974
43,G82126,Clonazepam_Tab 500mcg,0408010F0AAABAB,8,1.2655999999999974
47,G82107,Clonazepam_Tab 500mcg,0408010F0AAABAB,1,1.2655999999999974
44,G82064,Clonazepam_Tab 500mcg,0408010F0AAABAB,1,1.2655999999999974
45,G82052,Clonazepam_Tab 500mcg,0408010F0AAABAB,1,1.2655999999999974
46,G82020,Clonazepam_Tab 500mcg,0408010F0AAABAB,4,1.2655999999999974
48,G82066,Clonazepam_Tab 500mcg,0408010F0AAABAB,1,1.2655999999999974
49,G82064,Clonazepam_Tab 500mcg,0408010F0AAABAB,2,1.2655999999999974
50,G82126,Clonazepam_Tab 500mcg,0408010F0AAABAB,2,1.1399999999999966
51,G82150,Clonazepam_Tab 500mcg,0408010F0AAABAB,1,1.1299999999999977
53,G82107,Clonazepam_Tab 500mcg,0408010F0AAABAB,1,1.1299999999999977
52,G82650,Clonazepam_Tab 500mcg,0408010F0AAABAB,1,1.1299999999999977
105,G82046,Amiodarone HCl_Tab 200mg,0203020D0AAABAB,3,1.050000000000001
106,G82650,Amiodarone HCl_Tab 200mg,0203020D0AAABAB,3,1.050000000000001
107,G82107,Amiodarone HCl_Tab 200mg,0203020D0AAABAB,3,1.050000000000001
55,G82126,Clonazepam_Tab 500mcg,0408010F0AAABAB,3,1.016999999999998
54,G82126,Clonazepam_Tab 500mcg,0408010F0AAABAB,1,1.016999999999998
172,G82052,Methocarbamol_Tab 750mg,1002020S0AAABAB,1,0.9631999999999996
163,G82650,Pyridox HCl_Tab 50mg,0906024N0AAAIAI,1,0.9576000000000002
162,G82666,Pyridox HCl_Tab 50mg,0906024N0AAAIAI,1,0.9576000000000002
161,G82107,Pyridox HCl_Tab 50mg,0906024N0AAAIAI,1,0.9576000000000002
58,G82020,Clonazepam_Tab 500mcg,0408010F0AAABAB,4,0.949199999999998
62,G82107,Clonazepam_Tab 500mcg,0408010F0AAABAB,1,0.949199999999998
61,G82066,Clonazepam_Tab 500mcg,0408010F0AAABAB,4,0.949199999999998
56,G82079,Clonazepam_Tab 500mcg,0408010F0AAABAB,1,0.949199999999998
57,G82064,Clonazepam_Tab 500mcg,0408010F0AAABAB,4,0.949199999999998
59,G82066,Clonazepam_Tab 500mcg,0408010F0AAABAB,1,0.949199999999998
60,G82052,Clonazepam_Tab 500mcg,0408010F0AAABAB,1,0.949199999999998
63,G82052,Clonazepam_Tab 500mcg,0408010F0AAABAB,5,0.7909999999999984
110,G82666,Amiodarone HCl_Tab 200mg,0203020D0AAABAB,2,0.7000000000000006
109,G82107,Amiodarone HCl_Tab 200mg,0203020D0AAABAB,1,0.7000000000000006
108,G82105,Amiodarone HCl_Tab 200mg,0203020D0AAABAB,1,0.7000000000000006
111,G82666,Amiodarone HCl_Tab 200mg,0203020D0AAABAB,1,0.7000000000000006
71,G82650,Clonazepam_Tab 500mcg,0408010F0AAABAB,2,0.6779999999999986
64,G82666,Clonazepam_Tab 500mcg,0408010F0AAABAB,1,0.6779999999999986
65,G82105,Clonazepam_Tab 500mcg,0408010F0AAABAB,2,0.6779999999999986
66,G82105,Clonazepam_Tab 500mcg,0408010F0AAABAB,1,0.6779999999999986
67,G82052,Clonazepam_Tab 500mcg,0408010F0AAABAB,2,0.6779999999999986
68,G82796,Clonazepam_Tab 500mcg,0408010F0AAABAB,1,0.6779999999999986
69,G82046,Clonazepam_Tab 500mcg,0408010F0AAABAB,1,0.6779999999999986
70,G82079,Clonazepam_Tab 500mcg,0408010F0AAABAB,1,0.6779999999999986
72,G82650,Clonazepam_Tab 500mcg,0408010F0AAABAB,1,0.6779999999999986
77,G82650,Clonazepam_Tab 500mcg,0408010F0AAABAB,4,0.6327999999999987
75,G82219,Clonazepam_Tab 500mcg,0408010F0AAABAB,1,0.6327999999999987
73,G82650,Clonazepam_Tab 500mcg,0408010F0AAABAB,2,0.6327999999999987
74,G82666,Clonazepam_Tab 500mcg,0408010F0AAABAB,2,0.6327999999999987
76,G82796,Clonazepam_Tab 500mcg,0408010F0AAABAB,1,0.6327999999999987
78,G82079,Clonazepam_Tab 500mcg,0408010F0AAABAB,1,0.5699999999999983
112,G82105,Amiodarone HCl_Tab 200mg,0203020D0AAABAB,1,0.5292
164,G82666,Pyridox HCl_Tab 50mg,0906024N0AAAIAI,1,0.4788000000000001
165,G82020,Pyridox HCl_Tab 50mg,0906024N0AAAIAI,1,0.4788000000000001
166,G82079,Pyridox HCl_Tab 50mg,0906024N0AAAIAI,1,0.4788000000000001
167,G82107,Pyridox HCl_Tab 50mg,0906024N0AAAIAI,1,0.4788000000000001
79,G82666,Clonazepam_Tab 500mcg,0408010F0AAABAB,2,0.474599999999999
80,G82126,Clonazepam_Tab 500mcg,0408010F0AAABAB,1,0.45199999999999907
173,G82105,Methocarbamol_Tab 750mg,1002020S0AAABAB,2,0.4400000000000015
174,G82066,Methocarbamol_Tab 750mg,1002020S0AAABAB,1,0.4299999999999998
113,G82020,Amiodarone HCl_Tab 200mg,0203020D0AAABAB,5,0.4235
81,G82020,Clonazepam_Tab 500mcg,0408010F0AAABAB,5,0.3954999999999992
177,G82105,Methocarbamol_Tab 750mg,1002020S0AAABAB,1,0.36960000000000126
176,G82046,Methocarbamol_Tab 750mg,1002020S0AAABAB,1,0.36960000000000126
175,G82150,Methocarbamol_Tab 750mg,1002020S0AAABAB,1,0.36960000000000126
114,G82219,Amiodarone HCl_Tab 200mg,0203020D0AAABAB,1,0.3500000000000003
83,G82020,Clonazepam_Tab 500mcg,0408010F0AAABAB,1,0.3389999999999993
82,G82219,Clonazepam_Tab 500mcg,0408010F0AAABAB,1,0.3389999999999993
86,G82150,Clonazepam_Tab 500mcg,0408010F0AAABAB,1,0.31639999999999935
85,G82796,Clonazepam_Tab 500mcg,0408010F0AAABAB,1,0.31639999999999935
84,G82219,Clonazepam_Tab 500mcg,0408010F0AAABAB,1,0.31639999999999935
178,G82052,Methocarbamol_Tab 750mg,1002020S0AAABAB,1,0.2407999999999999
116,G82066,Amiodarone HCl_Tab 200mg,0203020D0AAABAB,1,0.17920000000000008
115,G82079,Amiodarone HCl_Tab 200mg,0203020D0AAABAB,1,0.17920000000000008
88,G82107,Clonazepam_Tab 500mcg,0408010F0AAABAB,1,0.15819999999999967
89,G82020,Clonazepam_Tab 500mcg,0408010F0AAABAB,1,0.15819999999999967
90,G82046,Clonazepam_Tab 500mcg,0408010F0AAABAB,1,0.15819999999999967
87,G82079,Clonazepam_Tab 500mcg,0408010F0AAABAB,1,0.15819999999999967
91,G82126,Clonazepam_Tab 500mcg,0408010F0AAABAB,1,0.09439999999999982
92,G82105,Clonazepam_Tab 500mcg,0408010F0AAABAB,1,0.07909999999999984
179,G82105,Methocarbamol_Tab 750mg,1002020S0AAABAB,1,0.04400000000000015
121,G82105,Co-Codamol_Tab 8mg/500mg,0407010F0AAAAAA,5,0.02799999999999983
120,G82105,Co-Codamol_Tab 8mg/500mg,0407010F0AAAAAA,5,0.02799999999999983
93,G82650,Clonazepam_Tab 500mcg,0408010F0AAABAB,1,0.021199999999999997
122,G82052,Co-Codamol_Tab 8mg/500mg,0407010F0AAAAAA,4,0.01999999999999988
123,G82052,Co-Codamol_Tab 8mg/500mg,0407010F0AAAAAA,4,0.01999999999999988
124,G82079,Co-Codamol_Tab 8mg/500mg,0407010F0AAAAAA,3,0.0167999999999999
125,G82079,Co-Codamol_Tab 8mg/500mg,0407010F0AAAAAA,3,0.0167999999999999
94,G82219,Clonazepam_Tab 500mcg,0408010F0AAABAB,1,0.015600000000000003
126,G82105,Co-Codamol_Tab 8mg/500mg,0407010F0AAAAAA,3,0.01499999999999991
127,G82064,Co-Codamol_Tab 8mg/500mg,0407010F0AAAAAA,3,0.01499999999999991
128,G82105,Co-Codamol_Tab 8mg/500mg,0407010F0AAAAAA,3,0.01499999999999991
129,G82126,Co-Codamol_Tab 8mg/500mg,0407010F0AAAAAA,3,0.01499999999999991
130,G82126,Co-Codamol_Tab 8mg/500mg,0407010F0AAAAAA,3,0.01499999999999991
131,G82064,Co-Codamol_Tab 8mg/500mg,0407010F0AAAAAA,3,0.01499999999999991
132,G82650,Co-Codamol_Tab 8mg/500mg,0407010F0AAAAAA,2,0.011199999999999932
133,G82650,Co-Codamol_Tab 8mg/500mg,0407010F0AAAAAA,2,0.011199999999999932
134,G82020,Co-Codamol_Tab 8mg/500mg,0407010F0AAAAAA,2,0.00999999999999994
135,G82650,Co-Codamol_Tab 8mg/500mg,0407010F0AAAAAA,2,0.00999999999999994
136,G82066,Co-Codamol_Tab 8mg/500mg,0407010F0AAAAAA,2,0.00999999999999994
137,G82107,Co-Codamol_Tab 8mg/500mg,0407010F0AAAAAA,2,0.00999999999999994
138,G82107,Co-Codamol_Tab 8mg/500mg,0407010F0AAAAAA,2,0.00999999999999994
139,G82650,Co-Codamol_Tab 8mg/500mg,0407010F0AAAAAA,2,0.00999999999999994
141,G82066,Co-Codamol_Tab 8mg/500mg,0407010F0AAAAAA,2,0.00999999999999994
140,G82020,Co-Codamol_Tab 8mg/500mg,0407010F0AAAAAA,2,0.00999999999999994
142,G82020,Co-Codamol_Tab 8mg/500mg,0407010F0AAAAAA,1,0.005599999999999966
143,G82052,Co-Codamol_Tab 8mg/500mg,0407010F0AAAAAA,1,0.005599999999999966
144,G82020,Co-Codamol_Tab 8mg/500mg,0407010F0AAAAAA,1,0.005599999999999966
145,G82052,Co-Codamol_Tab 8mg/500mg,0407010F0AAAAAA,1,0.005599999999999966
146,Y05751,Co-Codamol_Tab 8mg/500mg,0407010F0AAAAAA,1,0.00499999999999997
147,Y05309,Co-Codamol_Tab 8mg/500mg,0407010F0AAAAAA,1,0.00499999999999997
148,Y05751,Co-Codamol_Tab 8mg/500mg,0407010F0AAAAAA,1,0.00499999999999997
149,Y05309,Co-Codamol_Tab 8mg/500mg,0407010F0AAAAAA,1,0.00499999999999997
151,G82105,Co-Codamol_Tab 8mg/500mg,0407010F0AAAAAA,1,0.0023999999999999855
150,G82105,Co-Codamol_Tab 8mg/500mg,0407010F0AAAAAA,1,0.0023999999999999855
152,G82020,Co-Codamol_Tab 8mg/500mg,0407010F0AAAAAA,4,-0.0167999999999999
153,G82020,Co-Codamol_Tab 8mg/500mg,0407010F0AAAAAA,4,-0.0167999999999999
185,G82650,Avanafil_Tab 200mg,0704050ACAAACAC,1,-4.399999999999999
155,G82105,Mesalazine_Tab E/C 800mg,0105010B0AAASAS,1,-17.219999999999995
