,practice_code,bnf_description,bnf_code,items,excess_cost
22,P81033,Mesalazine_Tab E/C 800mg,0105010B0AAASAS,2,68.87999999999998
23,P81082,Mesalazine_Tab E/C 800mg,0105010B0AAASAS,2,68.87999999999998
0,P81038,Mesalazine_Tab E/C 400mg,0105010B0AAAAAA,2,47.913599999999995
1,P81186,Mesalazine_Tab E/C 400mg,0105010B0AAAAAA,1,47.913599999999995
24,Y00347,Mesalazine_Tab E/C 800mg,0105010B0AAASAS,1,36.89999999999999
2,Y02466,Mesalazine_Tab E/C 400mg,0105010B0AAAAAA,1,35.935199999999995
25,P81181,Mesalazine_Tab E/C 800mg,0105010B0AAASAS,1,34.43999999999999
3,P81655,Mesalazine_Tab E/C 400mg,0105010B0AAAAAA,1,31.942399999999996
4,P81062,Mesalazine_Tab E/C 400mg,0105010B0AAAAAA,2,25.667999999999996
5,P81062,Mesalazine_Tab E/C 400mg,0105010B0AAAAAA,1,25.667999999999996
6,P81154,Mesalazine_Tab E/C 400mg,0105010B0AAAAAA,2,23.9568
7,P81689,Mesalazine_Tab E/C 400mg,0105010B0AAAAAA,1,23.956799999999998
9,P81033,Mesalazine_Tab E/C 400mg,0105010B0AAAAAA,1,23.956799999999998
10,P81143,Mesalazine_Tab E/C 400mg,0105010B0AAAAAA,2,23.956799999999998
8,P81010,Mesalazine_Tab E/C 400mg,0105010B0AAAAAA,1,23.956799999999998
30,P81033,Mesalazine_Tab E/C 800mg,0105010B0AAASAS,1,17.219999999999995
28,P81154,Mesalazine_Tab E/C 800mg,0105010B0AAASAS,1,17.219999999999995
27,P81010,Mesalazine_Tab E/C 800mg,0105010B0AAASAS,1,17.219999999999995
26,P81038,Mesalazine_Tab E/C 800mg,0105010B0AAASAS,1,17.219999999999995
29,P81044,Mesalazine_Tab E/C 800mg,0105010B0AAASAS,1,17.219999999999995
11,P81082,Mesalazine_Tab E/C 400mg,0105010B0AAAAAA,2,17.112
12,P81082,Mesalazine_Tab E/C 400mg,0105010B0AAAAAA,1,17.099999999999998
13,P81180,Mesalazine_Tab E/C 400mg,0105010B0AAAAAA,1,11.978399999999999
180,Y02466,Buprenorphine_Tab Subling 400mcg S/F,0410030A0AAACAC,2,9.1392
14,P81082,Mesalazine_Tab E/C 400mg,0105010B0AAAAAA,1,7.985599999999999
181,P81062,Buprenorphine_Tab Subling 400mcg S/F,0410030A0AAACAC,3,4.5696
200,P81082,Pyridox HCl_Tab 50mg,0906024N0AAAIAI,1,3.830400000000001
35,P81062,Clonazepam_Tab 500mcg,0408010F0AAABAB,6,3.796799999999992
37,Y02466,Clonazepam_Tab 500mcg,0408010F0AAABAB,2,3.796799999999992
36,P81655,Clonazepam_Tab 500mcg,0408010F0AAABAB,1,3.796799999999992
39,P81143,Clonazepam_Tab 500mcg,0408010F0AAABAB,5,3.1639999999999935
38,P81082,Clonazepam_Tab 500mcg,0408010F0AAABAB,5,3.1639999999999935
141,P81044,Amiodarone HCl_Tab 200mg,0203020D0AAABAB,9,3.150000000000003
140,P81057,Amiodarone HCl_Tab 200mg,0203020D0AAABAB,9,3.150000000000003
209,P81127,Tetrabenazine_Tab 25mg,0409030C0AAAAAA,2,2.998799999999996
211,P81082,Tetrabenazine_Tab 25mg,0409030C0AAAAAA,1,2.998799999999996
210,P81154,Tetrabenazine_Tab 25mg,0409030C0AAAAAA,2,2.998799999999996
202,P81180,Pyridox HCl_Tab 50mg,0906024N0AAAIAI,8,2.8728000000000007
201,P81044,Pyridox HCl_Tab 50mg,0906024N0AAAIAI,2,2.8728000000000007
40,P81655,Clonazepam_Tab 500mcg,0408010F0AAABAB,6,2.847599999999994
41,P81143,Clonazepam_Tab 500mcg,0408010F0AAABAB,9,2.847599999999994
43,P81044,Clonazepam_Tab 500mcg,0408010F0AAABAB,3,2.847599999999994
42,P81044,Clonazepam_Tab 500mcg,0408010F0AAABAB,9,2.847599999999994
142,P81076,Amiodarone HCl_Tab 200mg,0203020D0AAABAB,8,2.8000000000000025
44,P81082,Clonazepam_Tab 500mcg,0408010F0AAABAB,8,2.531199999999995
45,Y02466,Clonazepam_Tab 500mcg,0408010F0AAABAB,1,2.531199999999995
46,P81038,Clonazepam_Tab 500mcg,0408010F0AAABAB,2,2.531199999999995
47,P81044,Clonazepam_Tab 500mcg,0408010F0AAABAB,2,2.531199999999995
212,P81038,Tetrabenazine_Tab 25mg,0409030C0AAAAAA,1,2.498999999999997
269,P81057,Topiramate_Tab 200mg,040801050AAACAC,1,2.489999999999999
270,P81180,Topiramate_Tab 200mg,040801050AAACAC,1,2.489999999999999
271,P81062,Topiramate_Tab 200mg,040801050AAACAC,2,2.3295999999999983
182,P81154,Buprenorphine_Tab Subling 400mcg S/F,0410030A0AAACAC,1,2.2848
48,P81057,Clonazepam_Tab 500mcg,0408010F0AAABAB,7,2.2147999999999954
145,P81154,Amiodarone HCl_Tab 200mg,0203020D0AAABAB,6,2.100000000000002
146,P81062,Amiodarone HCl_Tab 200mg,0203020D0AAABAB,6,2.100000000000002
144,P81082,Amiodarone HCl_Tab 200mg,0203020D0AAABAB,6,2.100000000000002
143,P81033,Amiodarone HCl_Tab 200mg,0203020D0AAABAB,6,2.100000000000002
203,P81143,Pyridox HCl_Tab 50mg,0906024N0AAAIAI,1,1.9152000000000005
183,P81062,Buprenorphine_Tab Subling 400mcg S/F,0410030A0AAACAC,1,1.9040000000000001
49,P81076,Clonazepam_Tab 500mcg,0408010F0AAABAB,2,1.898399999999996
50,P81180,Clonazepam_Tab 500mcg,0408010F0AAABAB,2,1.898399999999996
51,P81038,Clonazepam_Tab 500mcg,0408010F0AAABAB,3,1.898399999999996
53,P81057,Clonazepam_Tab 500mcg,0408010F0AAABAB,1,1.898399999999996
52,Y02466,Clonazepam_Tab 500mcg,0408010F0AAABAB,2,1.898399999999996
54,P81083,Clonazepam_Tab 500mcg,0408010F0AAABAB,3,1.898399999999996
55,P81186,Clonazepam_Tab 500mcg,0408010F0AAABAB,1,1.898399999999996
56,P81033,Clonazepam_Tab 500mcg,0408010F0AAABAB,6,1.898399999999996
57,P81127,Clonazepam_Tab 500mcg,0408010F0AAABAB,2,1.898399999999996
58,P81044,Clonazepam_Tab 500mcg,0408010F0AAABAB,3,1.898399999999996
59,P81076,Clonazepam_Tab 500mcg,0408010F0AAABAB,1,1.898399999999996
60,Y03656,Clonazepam_Tab 500mcg,0408010F0AAABAB,3,1.898399999999996
61,P81038,Clonazepam_Tab 500mcg,0408010F0AAABAB,2,1.898399999999996
62,P81180,Clonazepam_Tab 500mcg,0408010F0AAABAB,3,1.898399999999996
184,P81062,Buprenorphine_Tab Subling 400mcg S/F,0410030A0AAACAC,1,1.7680000000000002
147,P81010,Amiodarone HCl_Tab 200mg,0203020D0AAABAB,5,1.7500000000000016
65,Y02466,Clonazepam_Tab 500mcg,0408010F0AAABAB,2,1.5819999999999967
64,P81038,Clonazepam_Tab 500mcg,0408010F0AAABAB,1,1.5819999999999967
63,P81076,Clonazepam_Tab 500mcg,0408010F0AAABAB,5,1.5819999999999967
188,P81741,Buprenorphine_Tab Subling 400mcg S/F,0410030A0AAACAC,2,1.5232
187,P81062,Buprenorphine_Tab Subling 400mcg S/F,0410030A0AAACAC,2,1.5232
186,P81741,Buprenorphine_Tab Subling 400mcg S/F,0410030A0AAACAC,1,1.5232
185,P81076,Buprenorphine_Tab Subling 400mcg S/F,0410030A0AAACAC,1,1.5232
213,Y00347,Tetrabenazine_Tab 25mg,0409030C0AAAAAA,1,1.499399999999998
217,P81044,Methocarbamol_Tab 750mg,1002020S0AAABAB,2,1.4447999999999994
204,P81154,Pyridox HCl_Tab 50mg,0906024N0AAAIAI,1,1.4364000000000003
205,P81180,Pyridox HCl_Tab 50mg,0906024N0AAAIAI,1,1.4364000000000003
66,Y02466,Clonazepam_Tab 500mcg,0408010F0AAABAB,9,1.423799999999997
189,P81044,Buprenorphine_Tab Subling 400mcg S/F,0410030A0AAACAC,1,1.4195999999999995
148,P81173,Amiodarone HCl_Tab 200mg,0203020D0AAABAB,2,1.4000000000000012
149,P81083,Amiodarone HCl_Tab 200mg,0203020D0AAABAB,4,1.4000000000000012
150,P81038,Amiodarone HCl_Tab 200mg,0203020D0AAABAB,2,1.4000000000000012
151,P81038,Amiodarone HCl_Tab 200mg,0203020D0AAABAB,4,1.4000000000000012
190,P81057,Buprenorphine_Tab Subling 400mcg S/F,0410030A0AAACAC,1,1.36
191,Y00347,Buprenorphine_Tab Subling 400mcg S/F,0410030A0AAACAC,1,1.36
67,P81143,Clonazepam_Tab 500mcg,0408010F0AAABAB,2,1.3559999999999972
219,P81082,Methocarbamol_Tab 750mg,1002020S0AAABAB,3,1.2899999999999996
218,P81044,Methocarbamol_Tab 750mg,1002020S0AAABAB,3,1.2899999999999996
76,P81655,Clonazepam_Tab 500mcg,0408010F0AAABAB,1,1.2655999999999974
77,P81076,Clonazepam_Tab 500mcg,0408010F0AAABAB,2,1.2655999999999974
74,P81127,Clonazepam_Tab 500mcg,0408010F0AAABAB,1,1.2655999999999974
73,P81143,Clonazepam_Tab 500mcg,0408010F0AAABAB,1,1.2655999999999974
72,P81010,Clonazepam_Tab 500mcg,0408010F0AAABAB,2,1.2655999999999974
71,P81642,Clonazepam_Tab 500mcg,0408010F0AAABAB,2,1.2655999999999974
70,P81082,Clonazepam_Tab 500mcg,0408010F0AAABAB,1,1.2655999999999974
69,P81181,Clonazepam_Tab 500mcg,0408010F0AAABAB,2,1.2655999999999974
68,P81057,Clonazepam_Tab 500mcg,0408010F0AAABAB,2,1.2655999999999974
75,P81062,Clonazepam_Tab 500mcg,0408010F0AAABAB,4,1.2655999999999974
79,Y02466,Clonazepam_Tab 500mcg,0408010F0AAABAB,1,1.2655999999999974
78,P81186,Clonazepam_Tab 500mcg,0408010F0AAABAB,2,1.2655999999999974
192,P81076,Buprenorphine_Tab Subling 400mcg S/F,0410030A0AAACAC,1,1.1424
193,Y00347,Buprenorphine_Tab Subling 400mcg S/F,0410030A0AAACAC,1,1.1424
81,P81076,Clonazepam_Tab 500mcg,0408010F0AAABAB,1,1.1299999999999977
80,P81186,Clonazepam_Tab 500mcg,0408010F0AAABAB,1,1.1299999999999977
220,P81044,Methocarbamol_Tab 750mg,1002020S0AAABAB,3,1.1088000000000038
152,P81143,Amiodarone HCl_Tab 200mg,0203020D0AAABAB,3,1.050000000000001
153,P81655,Amiodarone HCl_Tab 200mg,0203020D0AAABAB,3,1.050000000000001
154,Y00347,Amiodarone HCl_Tab 200mg,0203020D0AAABAB,3,1.050000000000001
155,P81701,Amiodarone HCl_Tab 200mg,0203020D0AAABAB,3,1.050000000000001
82,P81143,Clonazepam_Tab 500mcg,0408010F0AAABAB,1,1.016999999999998
215,Y02466,Tetrabenazine_Tab 25mg,0409030C0AAAAAA,1,0.9995999999999987
214,P81687,Tetrabenazine_Tab 25mg,0409030C0AAAAAA,1,0.9995999999999987
206,P81143,Pyridox HCl_Tab 50mg,0906024N0AAAIAI,1,0.9576000000000002
88,P81057,Clonazepam_Tab 500mcg,0408010F0AAABAB,1,0.949199999999998
83,P81701,Clonazepam_Tab 500mcg,0408010F0AAABAB,3,0.949199999999998
84,P81181,Clonazepam_Tab 500mcg,0408010F0AAABAB,1,0.949199999999998
85,P81033,Clonazepam_Tab 500mcg,0408010F0AAABAB,1,0.949199999999998
86,P81062,Clonazepam_Tab 500mcg,0408010F0AAABAB,1,0.949199999999998
87,P81186,Clonazepam_Tab 500mcg,0408010F0AAABAB,6,0.949199999999998
90,P81171,Clonazepam_Tab 500mcg,0408010F0AAABAB,1,0.949199999999998
89,P81154,Clonazepam_Tab 500mcg,0408010F0AAABAB,1,0.949199999999998
92,P81180,Clonazepam_Tab 500mcg,0408010F0AAABAB,5,0.7909999999999984
93,P81038,Clonazepam_Tab 500mcg,0408010F0AAABAB,1,0.7909999999999984
94,P81154,Clonazepam_Tab 500mcg,0408010F0AAABAB,1,0.7909999999999984
91,P81143,Clonazepam_Tab 500mcg,0408010F0AAABAB,5,0.7909999999999984
194,P81062,Buprenorphine_Tab Subling 400mcg S/F,0410030A0AAACAC,2,0.7616
195,P81038,Buprenorphine_Tab Subling 400mcg S/F,0410030A0AAACAC,1,0.7616
164,P81186,Amiodarone HCl_Tab 200mg,0203020D0AAABAB,1,0.7000000000000006
163,P81127,Amiodarone HCl_Tab 200mg,0203020D0AAABAB,2,0.7000000000000006
156,P81171,Amiodarone HCl_Tab 200mg,0203020D0AAABAB,1,0.7000000000000006
157,P81180,Amiodarone HCl_Tab 200mg,0203020D0AAABAB,2,0.7000000000000006
165,P81642,Amiodarone HCl_Tab 200mg,0203020D0AAABAB,1,0.7000000000000006
159,P81689,Amiodarone HCl_Tab 200mg,0203020D0AAABAB,1,0.7000000000000006
160,Y03656,Amiodarone HCl_Tab 200mg,0203020D0AAABAB,1,0.7000000000000006
161,P81117,Amiodarone HCl_Tab 200mg,0203020D0AAABAB,2,0.7000000000000006
158,P81076,Amiodarone HCl_Tab 200mg,0203020D0AAABAB,1,0.7000000000000006
162,P81143,Amiodarone HCl_Tab 200mg,0203020D0AAABAB,1,0.7000000000000006
96,P81701,Clonazepam_Tab 500mcg,0408010F0AAABAB,1,0.6779999999999986
98,P81038,Clonazepam_Tab 500mcg,0408010F0AAABAB,1,0.6779999999999986
97,P81180,Clonazepam_Tab 500mcg,0408010F0AAABAB,1,0.6779999999999986
95,P81083,Clonazepam_Tab 500mcg,0408010F0AAABAB,1,0.6779999999999986
107,P81655,Clonazepam_Tab 500mcg,0408010F0AAABAB,1,0.6327999999999987
113,P81154,Clonazepam_Tab 500mcg,0408010F0AAABAB,2,0.6327999999999987
112,P81655,Clonazepam_Tab 500mcg,0408010F0AAABAB,2,0.6327999999999987
111,P81127,Clonazepam_Tab 500mcg,0408010F0AAABAB,1,0.6327999999999987
110,P81127,Clonazepam_Tab 500mcg,0408010F0AAABAB,2,0.6327999999999987
109,P81171,Clonazepam_Tab 500mcg,0408010F0AAABAB,1,0.6327999999999987
108,P81117,Clonazepam_Tab 500mcg,0408010F0AAABAB,2,0.6327999999999987
106,P81010,Clonazepam_Tab 500mcg,0408010F0AAABAB,2,0.6327999999999987
101,P81642,Clonazepam_Tab 500mcg,0408010F0AAABAB,2,0.6327999999999987
105,P81642,Clonazepam_Tab 500mcg,0408010F0AAABAB,4,0.6327999999999987
104,P81033,Clonazepam_Tab 500mcg,0408010F0AAABAB,1,0.6327999999999987
103,P81154,Clonazepam_Tab 500mcg,0408010F0AAABAB,1,0.6327999999999987
102,P81701,Clonazepam_Tab 500mcg,0408010F0AAABAB,1,0.6327999999999987
99,P81692,Clonazepam_Tab 500mcg,0408010F0AAABAB,2,0.6327999999999987
114,Y03656,Clonazepam_Tab 500mcg,0408010F0AAABAB,2,0.6327999999999987
100,Y00347,Clonazepam_Tab 500mcg,0408010F0AAABAB,1,0.6327999999999987
221,P81117,Methocarbamol_Tab 750mg,1002020S0AAABAB,5,0.6300000000000006
216,P81083,Tetrabenazine_Tab 25mg,0409030C0AAAAAA,1,0.49979999999999936
223,P81741,Methocarbamol_Tab 750mg,1002020S0AAABAB,1,0.4815999999999998
222,P81044,Methocarbamol_Tab 750mg,1002020S0AAABAB,1,0.4815999999999998
232,P81692,Co-Codamol_Cap 8mg/500mg,0407010F0AAABAB,3,0.4800000000000054
231,P81692,Co-Codamol_Cap 8mg/500mg,0407010F0AAABAB,3,0.4800000000000054
207,P81082,Pyridox HCl_Tab 50mg,0906024N0AAAIAI,1,0.4788000000000001
119,P81186,Clonazepam_Tab 500mcg,0408010F0AAABAB,1,0.474599999999999
120,Y03656,Clonazepam_Tab 500mcg,0408010F0AAABAB,1,0.474599999999999
115,P81181,Clonazepam_Tab 500mcg,0408010F0AAABAB,1,0.474599999999999
116,P81143,Clonazepam_Tab 500mcg,0408010F0AAABAB,1,0.474599999999999
117,Y00347,Clonazepam_Tab 500mcg,0408010F0AAABAB,1,0.474599999999999
118,P81057,Clonazepam_Tab 500mcg,0408010F0AAABAB,1,0.474599999999999
196,P81044,Buprenorphine_Tab Subling 400mcg S/F,0410030A0AAACAC,1,0.4384000000000001
226,P81692,Methocarbamol_Tab 750mg,1002020S0AAABAB,1,0.4299999999999998
224,P81033,Methocarbamol_Tab 750mg,1002020S0AAABAB,1,0.4299999999999998
225,P81741,Methocarbamol_Tab 750mg,1002020S0AAABAB,1,0.4299999999999998
166,P81689,Amiodarone HCl_Tab 200mg,0203020D0AAABAB,1,0.41250000000000037
197,P81038,Buprenorphine_Tab Subling 400mcg S/F,0410030A0AAACAC,1,0.3808
227,P81741,Methocarbamol_Tab 750mg,1002020S0AAABAB,1,0.36960000000000126
228,P81062,Methocarbamol_Tab 750mg,1002020S0AAABAB,1,0.36960000000000126
233,P81117,Co-Codamol_Cap 8mg/500mg,0407010F0AAABAB,1,0.35840000000000405
234,P81033,Co-Codamol_Cap 8mg/500mg,0407010F0AAABAB,1,0.35840000000000405
235,P81033,Co-Codamol_Cap 8mg/500mg,0407010F0AAABAB,1,0.35840000000000405
236,P81117,Co-Codamol_Cap 8mg/500mg,0407010F0AAABAB,1,0.35840000000000405
167,P81642,Amiodarone HCl_Tab 200mg,0203020D0AAABAB,1,0.3500000000000003
172,P81692,Amiodarone HCl_Tab 200mg,0203020D0AAABAB,1,0.3500000000000003
173,P81689,Amiodarone HCl_Tab 200mg,0203020D0AAABAB,1,0.3500000000000003
169,P81171,Amiodarone HCl_Tab 200mg,0203020D0AAABAB,1,0.3500000000000003
168,P81181,Amiodarone HCl_Tab 200mg,0203020D0AAABAB,1,0.3500000000000003
170,P81740,Amiodarone HCl_Tab 200mg,0203020D0AAABAB,1,0.3500000000000003
171,Y03656,Amiodarone HCl_Tab 200mg,0203020D0AAABAB,1,0.3500000000000003
124,P81083,Clonazepam_Tab 500mcg,0408010F0AAABAB,1,0.3389999999999993
122,P81143,Clonazepam_Tab 500mcg,0408010F0AAABAB,1,0.3389999999999993
121,P81769,Clonazepam_Tab 500mcg,0408010F0AAABAB,1,0.3389999999999993
123,P81057,Clonazepam_Tab 500mcg,0408010F0AAABAB,1,0.3389999999999993
174,P81180,Amiodarone HCl_Tab 200mg,0203020D0AAABAB,4,0.3388
175,P81186,Amiodarone HCl_Tab 200mg,0203020D0AAABAB,4,0.3388
176,P81143,Amiodarone HCl_Tab 200mg,0203020D0AAABAB,4,0.3388
237,P81057,Co-Codamol_Cap 8mg/500mg,0407010F0AAABAB,2,0.3200000000000036
238,P81186,Co-Codamol_Cap 8mg/500mg,0407010F0AAABAB,2,0.3200000000000036
239,P81082,Co-Codamol_Cap 8mg/500mg,0407010F0AAABAB,2,0.3200000000000036
240,Y00347,Co-Codamol_Cap 8mg/500mg,0407010F0AAABAB,2,0.3200000000000036
241,Y00347,Co-Codamol_Cap 8mg/500mg,0407010F0AAABAB,2,0.3200000000000036
244,P81083,Co-Codamol_Cap 8mg/500mg,0407010F0AAABAB,1,0.3200000000000036
242,P81062,Co-Codamol_Cap 8mg/500mg,0407010F0AAABAB,1,0.3200000000000036
245,P81057,Co-Codamol_Cap 8mg/500mg,0407010F0AAABAB,2,0.3200000000000036
247,P81186,Co-Codamol_Cap 8mg/500mg,0407010F0AAABAB,2,0.3200000000000036
248,P81083,Co-Codamol_Cap 8mg/500mg,0407010F0AAABAB,1,0.3200000000000036
243,P81082,Co-Codamol_Cap 8mg/500mg,0407010F0AAABAB,2,0.3200000000000036
246,P81062,Co-Codamol_Cap 8mg/500mg,0407010F0AAABAB,1,0.3200000000000036
125,P81687,Clonazepam_Tab 500mcg,0408010F0AAABAB,1,0.31639999999999935
135,Y02466,Clonazepam_Tab 500mcg,0408010F0AAABAB,1,0.31639999999999935
134,P81173,Clonazepam_Tab 500mcg,0408010F0AAABAB,1,0.31639999999999935
133,P81062,Clonazepam_Tab 500mcg,0408010F0AAABAB,2,0.31639999999999935
132,Y00347,Clonazepam_Tab 500mcg,0408010F0AAABAB,1,0.31639999999999935
131,P81689,Clonazepam_Tab 500mcg,0408010F0AAABAB,1,0.31639999999999935
130,P81117,Clonazepam_Tab 500mcg,0408010F0AAABAB,4,0.31639999999999935
129,P81083,Clonazepam_Tab 500mcg,0408010F0AAABAB,1,0.31639999999999935
128,P81186,Clonazepam_Tab 500mcg,0408010F0AAABAB,1,0.31639999999999935
127,P81038,Clonazepam_Tab 500mcg,0408010F0AAABAB,1,0.31639999999999935
126,P81181,Clonazepam_Tab 500mcg,0408010F0AAABAB,1,0.31639999999999935
177,P81741,Amiodarone HCl_Tab 200mg,0203020D0AAABAB,3,0.2541
229,Y02466,Methocarbamol_Tab 750mg,1002020S0AAABAB,2,0.2520000000000002
208,P81143,Pyridox HCl_Tab 50mg,0906024N0AAAIAI,1,0.23940000000000006
250,P81038,Co-Codamol_Cap 8mg/500mg,0407010F0AAABAB,1,0.19200000000000217
249,P81038,Co-Codamol_Cap 8mg/500mg,0407010F0AAABAB,1,0.19200000000000217
178,P81741,Amiodarone HCl_Tab 200mg,0203020D0AAABAB,1,0.17920000000000008
179,P81033,Amiodarone HCl_Tab 200mg,0203020D0AAABAB,1,0.17920000000000008
136,P81082,Clonazepam_Tab 500mcg,0408010F0AAABAB,1,0.174
255,P81062,Co-Codamol_Cap 8mg/500mg,0407010F0AAABAB,1,0.1600000000000018
254,Y02466,Co-Codamol_Cap 8mg/500mg,0407010F0AAABAB,1,0.1600000000000018
253,P81044,Co-Codamol_Cap 8mg/500mg,0407010F0AAABAB,1,0.1600000000000018
252,P81769,Co-Codamol_Cap 8mg/500mg,0407010F0AAABAB,1,0.1600000000000018
251,P81769,Co-Codamol_Cap 8mg/500mg,0407010F0AAABAB,1,0.1600000000000018
256,P81655,Co-Codamol_Cap 8mg/500mg,0407010F0AAABAB,1,0.1600000000000018
257,P81655,Co-Codamol_Cap 8mg/500mg,0407010F0AAABAB,1,0.1600000000000018
259,P81044,Co-Codamol_Cap 8mg/500mg,0407010F0AAABAB,1,0.1600000000000018
260,P81062,Co-Codamol_Cap 8mg/500mg,0407010F0AAABAB,1,0.1600000000000018
258,Y02466,Co-Codamol_Cap 8mg/500mg,0407010F0AAABAB,1,0.1600000000000018
138,P81082,Clonazepam_Tab 500mcg,0408010F0AAABAB,1,0.15819999999999967
137,P81154,Clonazepam_Tab 500mcg,0408010F0AAABAB,1,0.15819999999999967
261,P81143,Co-Codamol_Cap 8mg/500mg,0407010F0AAABAB,1,0.09600000000000108
262,P81143,Co-Codamol_Cap 8mg/500mg,0407010F0AAABAB,1,0.09600000000000108
263,P81082,Co-Codamol_Cap 8mg/500mg,0407010F0AAABAB,1,0.08500000000000035
264,P81082,Co-Codamol_Cap 8mg/500mg,0407010F0AAABAB,1,0.08500000000000035
265,P81057,Co-Codamol_Cap 8mg/500mg,0407010F0AAABAB,1,0.06400000000000072
266,P81057,Co-Codamol_Cap 8mg/500mg,0407010F0AAABAB,1,0.06400000000000072
267,P81741,Co-Codamol_Cap 8mg/500mg,0407010F0AAABAB,1,0.05120000000000058
268,P81741,Co-Codamol_Cap 8mg/500mg,0407010F0AAABAB,1,0.05120000000000058
230,P81692,Methocarbamol_Tab 750mg,1002020S0AAABAB,1,0.05040000000000011
139,P81701,Clonazepam_Tab 500mcg,0408010F0AAABAB,1,0.015600000000000003
198,P81044,Buprenorphine_Tab Subling 400mcg S/F,0410030A0AAACAC,1,0.005199999999999427
199,P81044,Buprenorphine_Tab Subling 400mcg S/F,0410030A0AAACAC,1,0.0032000000000000917
15,P81082,Mesalazine_Tab E/C 400mg,0105010B0AAAAAA,1,-0.011999999999998678
16,P81655,Mesalazine_Tab E/C 400mg,0105010B0AAAAAA,1,-15.971199999999998
17,P81692,Mesalazine_Tab E/C 400mg,0105010B0AAAAAA,1,-17.112
31,P81692,Mesalazine_Tab E/C 800mg,0105010B0AAASAS,1,-22.959999999999994
18,P81154,Mesalazine_Tab E/C 400mg,0105010B0AAAAAA,2,-23.95679999999999
19,P81044,Mesalazine_Tab E/C 400mg,0105010B0AAAAAA,1,-23.956799999999998
20,P81171,Mesalazine_Tab E/C 400mg,0105010B0AAAAAA,1,-25.667999999999996
21,P81740,Mesalazine_Tab E/C 400mg,0105010B0AAAAAA,1,-34.224
32,P81076,Mesalazine_Tab E/C 800mg,0105010B0AAASAS,1,-34.43999999999999
33,P81154,Mesalazine_Tab E/C 800mg,0105010B0AAASAS,1,-36.89999999999999
34,P81033,Mesalazine_Tab E/C 800mg,0105010B0AAASAS,2,-45.91999999999999
