,practice_code,bnf_description,bnf_code,items,excess_cost
118,P88020,Mag Glycerophos_Tab Chble 97.2mg S/F,0905013G0AADEDE,1,70.839
0,P88023,Mesalazine_Tab E/C 800mg,0105010B0AAASAS,1,68.87999999999998
121,P88003,Risperidone_Tab 6mg,040201030AAAFAF,7,51.156
1,P88015,Mesalazine_Tab E/C 800mg,0105010B0AAASAS,1,45.91999999999999
2,P88005,Mesalazine_Tab E/C 800mg,0105010B0AAASAS,1,34.43999999999999
3,P88026,Mesalazine_Tab E/C 800mg,0105010B0AAASAS,1,34.43999999999999
4,P88025,Mesalazine_Tab E/C 800mg,0105010B0AAASAS,1,34.43999999999999
183,P88034,Ephed HCl_Tab 30mg,0301012F0AAABAB,1,23.38559999999996
5,P88041,Mesalazine_Tab E/C 800mg,0105010B0AAASAS,1,22.959999999999994
122,P88606,Topiramate_Cap 50mg,040801050AAAWAW,2,19.174399999999977
6,P88003,Mesalazine_Tab E/C 800mg,0105010B0AAASAS,1,17.219999999999995
7,P88018,Mesalazine_Tab E/C 800mg,0105010B0AAASAS,1,17.219999999999995
188,P88007,Ephed HCl_Tab 15mg,0301012F0AAAAAA,1,13.229999999999997
8,P88025,Mesalazine_Tab E/C 800mg,0105010B0AAASAS,1,11.479999999999997
9,P88003,Mesalazine_Tab E/C 800mg,0105010B0AAASAS,1,11.479999999999997
174,P88026,Topiramate_Tab 200mg,040801050AAACAC,4,9.273599999999998
189,P88623,Ephed HCl_Tab 15mg,0301012F0AAAAAA,2,8.819999999999999
185,P88008,Gemfibrozil_Tab 600mg,0212000Q0AAABAB,1,8.111999999999998
184,P88026,Ephed HCl_Tab 30mg,0301012F0AAABAB,1,7.795199999999987
186,P88020,Gemfibrozil_Tab 600mg,0212000Q0AAABAB,1,7.571199999999999
187,P88003,Gemfibrozil_Tab 600mg,0212000Q0AAABAB,1,7.571199999999999
123,P88624,Topiramate_Cap 50mg,040801050AAAWAW,1,5.135999999999994
124,P88042,Topiramate_Cap 50mg,040801050AAAWAW,1,4.793599999999994
175,P88025,Topiramate_Tab 200mg,040801050AAACAC,1,4.647999999999998
176,P88020,Topiramate_Tab 200mg,040801050AAACAC,2,4.636799999999999
15,P88006,Clonazepam_Tab 500mcg,0408010F0AAABAB,6,3.796799999999992
125,P88026,Topiramate_Cap 50mg,040801050AAAWAW,1,3.5951999999999957
16,P88007,Clonazepam_Tab 500mcg,0408010F0AAABAB,10,3.1639999999999935
17,P88623,Clonazepam_Tab 500mcg,0408010F0AAABAB,5,3.1639999999999935
130,P88026,Amiodarone HCl_Tab 200mg,0203020D0AAABAB,9,3.150000000000003
131,P88013,Amiodarone HCl_Tab 200mg,0203020D0AAABAB,8,2.8000000000000025
126,P88005,Topiramate_Cap 50mg,040801050AAAWAW,2,2.567999999999997
19,P88042,Clonazepam_Tab 500mcg,0408010F0AAABAB,2,2.531199999999995
22,P88025,Clonazepam_Tab 500mcg,0408010F0AAABAB,4,2.531199999999995
18,P88012,Clonazepam_Tab 500mcg,0408010F0AAABAB,1,2.531199999999995
21,P88003,Clonazepam_Tab 500mcg,0408010F0AAABAB,1,2.531199999999995
20,P88009,Clonazepam_Tab 500mcg,0408010F0AAABAB,4,2.531199999999995
177,P88017,Topiramate_Tab 200mg,040801050AAACAC,1,2.489999999999999
178,P88025,Topiramate_Tab 200mg,040801050AAACAC,1,2.489999999999999
179,P88606,Topiramate_Tab 200mg,040801050AAACAC,1,2.489999999999999
181,P88014,Topiramate_Tab 200mg,040801050AAACAC,1,2.3183999999999996
180,P88632,Topiramate_Tab 200mg,040801050AAACAC,1,2.3183999999999996
23,P88003,Clonazepam_Tab 500mcg,0408010F0AAABAB,4,2.2147999999999954
24,P88020,Clonazepam_Tab 500mcg,0408010F0AAABAB,6,1.898399999999996
31,P88034,Clonazepam_Tab 500mcg,0408010F0AAABAB,3,1.898399999999996
30,P88013,Clonazepam_Tab 500mcg,0408010F0AAABAB,4,1.898399999999996
32,P88005,Clonazepam_Tab 500mcg,0408010F0AAABAB,2,1.898399999999996
27,P88009,Clonazepam_Tab 500mcg,0408010F0AAABAB,1,1.898399999999996
26,P88026,Clonazepam_Tab 500mcg,0408010F0AAABAB,3,1.898399999999996
25,P88034,Clonazepam_Tab 500mcg,0408010F0AAABAB,2,1.898399999999996
29,P88024,Clonazepam_Tab 500mcg,0408010F0AAABAB,3,1.898399999999996
28,P88025,Clonazepam_Tab 500mcg,0408010F0AAABAB,2,1.898399999999996
33,P88043,Clonazepam_Tab 500mcg,0408010F0AAABAB,2,1.898399999999996
34,P88019,Clonazepam_Tab 500mcg,0408010F0AAABAB,2,1.898399999999996
35,P88006,Clonazepam_Tab 500mcg,0408010F0AAABAB,2,1.898399999999996
36,P88632,Clonazepam_Tab 500mcg,0408010F0AAABAB,3,1.898399999999996
132,P88625,Amiodarone HCl_Tab 200mg,0203020D0AAABAB,5,1.7500000000000016
37,P88008,Clonazepam_Tab 500mcg,0408010F0AAABAB,5,1.5819999999999967
38,P88026,Clonazepam_Tab 500mcg,0408010F0AAABAB,5,1.5819999999999967
135,P88606,Amiodarone HCl_Tab 200mg,0203020D0AAABAB,1,1.4000000000000012
133,P88016,Amiodarone HCl_Tab 200mg,0203020D0AAABAB,4,1.4000000000000012
134,P88005,Amiodarone HCl_Tab 200mg,0203020D0AAABAB,4,1.4000000000000012
136,P88012,Amiodarone HCl_Tab 200mg,0203020D0AAABAB,2,1.4000000000000012
137,P88003,Amiodarone HCl_Tab 200mg,0203020D0AAABAB,4,1.4000000000000012
127,P88606,Topiramate_Cap 50mg,040801050AAAWAW,1,1.2839999999999985
44,P88021,Clonazepam_Tab 500mcg,0408010F0AAABAB,2,1.2655999999999974
45,P88016,Clonazepam_Tab 500mcg,0408010F0AAABAB,2,1.2655999999999974
46,P88042,Clonazepam_Tab 500mcg,0408010F0AAABAB,2,1.2655999999999974
47,P88003,Clonazepam_Tab 500mcg,0408010F0AAABAB,2,1.2655999999999974
40,P88625,Clonazepam_Tab 500mcg,0408010F0AAABAB,2,1.2655999999999974
41,P88018,Clonazepam_Tab 500mcg,0408010F0AAABAB,2,1.2655999999999974
42,P88015,Clonazepam_Tab 500mcg,0408010F0AAABAB,1,1.2655999999999974
39,P88002,Clonazepam_Tab 500mcg,0408010F0AAABAB,1,1.2655999999999974
43,P88013,Clonazepam_Tab 500mcg,0408010F0AAABAB,2,1.2655999999999974
182,P88008,Topiramate_Tab 200mg,040801050AAACAC,1,1.2449999999999994
128,P88043,Topiramate_Cap 50mg,040801050AAAWAW,1,1.1983999999999986
129,P88003,Topiramate_Cap 50mg,040801050AAAWAW,1,1.1983999999999986
48,P88016,Clonazepam_Tab 500mcg,0408010F0AAABAB,5,1.1864999999999974
49,P88020,Clonazepam_Tab 500mcg,0408010F0AAABAB,1,1.1299999999999977
140,P88011,Amiodarone HCl_Tab 200mg,0203020D0AAABAB,3,1.050000000000001
139,P88020,Amiodarone HCl_Tab 200mg,0203020D0AAABAB,3,1.050000000000001
138,P88042,Amiodarone HCl_Tab 200mg,0203020D0AAABAB,3,1.050000000000001
141,P88003,Amiodarone HCl_Tab 200mg,0203020D0AAABAB,1,1.050000000000001
142,P88623,Amiodarone HCl_Tab 200mg,0203020D0AAABAB,3,1.050000000000001
60,P88044,Clonazepam_Tab 500mcg,0408010F0AAABAB,1,0.949199999999998
56,P88013,Clonazepam_Tab 500mcg,0408010F0AAABAB,3,0.949199999999998
64,P88011,Clonazepam_Tab 500mcg,0408010F0AAABAB,1,0.949199999999998
63,P88003,Clonazepam_Tab 500mcg,0408010F0AAABAB,4,0.949199999999998
62,P88044,Clonazepam_Tab 500mcg,0408010F0AAABAB,2,0.949199999999998
61,P88011,Clonazepam_Tab 500mcg,0408010F0AAABAB,3,0.949199999999998
59,P88043,Clonazepam_Tab 500mcg,0408010F0AAABAB,6,0.949199999999998
57,P88002,Clonazepam_Tab 500mcg,0408010F0AAABAB,4,0.949199999999998
58,P88026,Clonazepam_Tab 500mcg,0408010F0AAABAB,1,0.949199999999998
55,P88013,Clonazepam_Tab 500mcg,0408010F0AAABAB,1,0.949199999999998
54,P88021,Clonazepam_Tab 500mcg,0408010F0AAABAB,1,0.949199999999998
53,P88625,Clonazepam_Tab 500mcg,0408010F0AAABAB,1,0.949199999999998
52,P88624,Clonazepam_Tab 500mcg,0408010F0AAABAB,1,0.949199999999998
51,P88017,Clonazepam_Tab 500mcg,0408010F0AAABAB,1,0.949199999999998
50,P88632,Clonazepam_Tab 500mcg,0408010F0AAABAB,6,0.949199999999998
143,P88023,Amiodarone HCl_Tab 200mg,0203020D0AAABAB,1,0.7812000000000014
144,P88026,Amiodarone HCl_Tab 200mg,0203020D0AAABAB,9,0.7623
150,P88617,Amiodarone HCl_Tab 200mg,0203020D0AAABAB,2,0.7000000000000006
153,P88020,Amiodarone HCl_Tab 200mg,0203020D0AAABAB,1,0.7000000000000006
151,P88041,Amiodarone HCl_Tab 200mg,0203020D0AAABAB,1,0.7000000000000006
152,P88015,Amiodarone HCl_Tab 200mg,0203020D0AAABAB,1,0.7000000000000006
149,P88007,Amiodarone HCl_Tab 200mg,0203020D0AAABAB,1,0.7000000000000006
148,P88024,Amiodarone HCl_Tab 200mg,0203020D0AAABAB,1,0.7000000000000006
145,P88031,Amiodarone HCl_Tab 200mg,0203020D0AAABAB,2,0.7000000000000006
155,P88012,Amiodarone HCl_Tab 200mg,0203020D0AAABAB,2,0.7000000000000006
154,P88018,Amiodarone HCl_Tab 200mg,0203020D0AAABAB,1,0.7000000000000006
147,P88017,Amiodarone HCl_Tab 200mg,0203020D0AAABAB,1,0.7000000000000006
156,P88008,Amiodarone HCl_Tab 200mg,0203020D0AAABAB,1,0.7000000000000006
157,P88013,Amiodarone HCl_Tab 200mg,0203020D0AAABAB,1,0.7000000000000006
158,P88016,Amiodarone HCl_Tab 200mg,0203020D0AAABAB,1,0.7000000000000006
159,P88606,Amiodarone HCl_Tab 200mg,0203020D0AAABAB,1,0.7000000000000006
146,P88043,Amiodarone HCl_Tab 200mg,0203020D0AAABAB,2,0.7000000000000006
68,P88005,Clonazepam_Tab 500mcg,0408010F0AAABAB,1,0.6779999999999986
67,P88018,Clonazepam_Tab 500mcg,0408010F0AAABAB,1,0.6779999999999986
66,P88020,Clonazepam_Tab 500mcg,0408010F0AAABAB,1,0.6779999999999986
65,P88042,Clonazepam_Tab 500mcg,0408010F0AAABAB,2,0.6779999999999986
84,P88610,Clonazepam_Tab 500mcg,0408010F0AAABAB,2,0.6327999999999987
69,P88015,Clonazepam_Tab 500mcg,0408010F0AAABAB,1,0.6327999999999987
85,P88008,Clonazepam_Tab 500mcg,0408010F0AAABAB,1,0.6327999999999987
86,P88610,Clonazepam_Tab 500mcg,0408010F0AAABAB,1,0.6327999999999987
87,P88617,Clonazepam_Tab 500mcg,0408010F0AAABAB,1,0.6327999999999987
88,P88615,Clonazepam_Tab 500mcg,0408010F0AAABAB,1,0.6327999999999987
89,P88015,Clonazepam_Tab 500mcg,0408010F0AAABAB,2,0.6327999999999987
90,P88042,Clonazepam_Tab 500mcg,0408010F0AAABAB,4,0.6327999999999987
91,P88007,Clonazepam_Tab 500mcg,0408010F0AAABAB,1,0.6327999999999987
83,P88006,Clonazepam_Tab 500mcg,0408010F0AAABAB,2,0.6327999999999987
82,P88034,Clonazepam_Tab 500mcg,0408010F0AAABAB,2,0.6327999999999987
81,P88606,Clonazepam_Tab 500mcg,0408010F0AAABAB,2,0.6327999999999987
79,P88043,Clonazepam_Tab 500mcg,0408010F0AAABAB,1,0.6327999999999987
78,P88020,Clonazepam_Tab 500mcg,0408010F0AAABAB,1,0.6327999999999987
77,P88625,Clonazepam_Tab 500mcg,0408010F0AAABAB,4,0.6327999999999987
76,P88034,Clonazepam_Tab 500mcg,0408010F0AAABAB,4,0.6327999999999987
75,P88016,Clonazepam_Tab 500mcg,0408010F0AAABAB,2,0.6327999999999987
74,P88017,Clonazepam_Tab 500mcg,0408010F0AAABAB,2,0.6327999999999987
73,P88025,Clonazepam_Tab 500mcg,0408010F0AAABAB,2,0.6327999999999987
72,P88005,Clonazepam_Tab 500mcg,0408010F0AAABAB,1,0.6327999999999987
71,P88017,Clonazepam_Tab 500mcg,0408010F0AAABAB,1,0.6327999999999987
70,P88042,Clonazepam_Tab 500mcg,0408010F0AAABAB,2,0.6327999999999987
80,P88044,Clonazepam_Tab 500mcg,0408010F0AAABAB,1,0.6327999999999987
95,P88006,Clonazepam_Tab 500mcg,0408010F0AAABAB,1,0.474599999999999
92,P88003,Clonazepam_Tab 500mcg,0408010F0AAABAB,3,0.474599999999999
93,P88625,Clonazepam_Tab 500mcg,0408010F0AAABAB,1,0.474599999999999
94,P88005,Clonazepam_Tab 500mcg,0408010F0AAABAB,3,0.474599999999999
161,P88042,Amiodarone HCl_Tab 200mg,0203020D0AAABAB,5,0.4235
160,P88013,Amiodarone HCl_Tab 200mg,0203020D0AAABAB,5,0.4235
167,P88025,Amiodarone HCl_Tab 200mg,0203020D0AAABAB,1,0.3500000000000003
170,P88015,Amiodarone HCl_Tab 200mg,0203020D0AAABAB,1,0.3500000000000003
166,P88021,Amiodarone HCl_Tab 200mg,0203020D0AAABAB,1,0.3500000000000003
165,P88009,Amiodarone HCl_Tab 200mg,0203020D0AAABAB,1,0.3500000000000003
164,P88607,Amiodarone HCl_Tab 200mg,0203020D0AAABAB,1,0.3500000000000003
163,P88023,Amiodarone HCl_Tab 200mg,0203020D0AAABAB,1,0.3500000000000003
162,P88632,Amiodarone HCl_Tab 200mg,0203020D0AAABAB,1,0.3500000000000003
169,P88624,Amiodarone HCl_Tab 200mg,0203020D0AAABAB,1,0.3500000000000003
168,P88014,Amiodarone HCl_Tab 200mg,0203020D0AAABAB,1,0.3500000000000003
96,P88011,Clonazepam_Tab 500mcg,0408010F0AAABAB,6,0.348
98,Y00912,Clonazepam_Tab 500mcg,0408010F0AAABAB,1,0.3389999999999993
97,P88016,Clonazepam_Tab 500mcg,0408010F0AAABAB,1,0.3389999999999993
171,P88023,Amiodarone HCl_Tab 200mg,0203020D0AAABAB,4,0.3388
105,P88632,Clonazepam_Tab 500mcg,0408010F0AAABAB,1,0.31639999999999935
102,P88021,Clonazepam_Tab 500mcg,0408010F0AAABAB,1,0.31639999999999935
101,P88003,Clonazepam_Tab 500mcg,0408010F0AAABAB,4,0.31639999999999935
100,P88011,Clonazepam_Tab 500mcg,0408010F0AAABAB,2,0.31639999999999935
99,P88012,Clonazepam_Tab 500mcg,0408010F0AAABAB,4,0.31639999999999935
104,P88008,Clonazepam_Tab 500mcg,0408010F0AAABAB,4,0.31639999999999935
103,P88023,Clonazepam_Tab 500mcg,0408010F0AAABAB,1,0.31639999999999935
111,P88043,Clonazepam_Tab 500mcg,0408010F0AAABAB,1,0.31639999999999935
110,P88624,Clonazepam_Tab 500mcg,0408010F0AAABAB,1,0.31639999999999935
107,P88012,Clonazepam_Tab 500mcg,0408010F0AAABAB,1,0.31639999999999935
106,P88003,Clonazepam_Tab 500mcg,0408010F0AAABAB,1,0.31639999999999935
108,P88005,Clonazepam_Tab 500mcg,0408010F0AAABAB,1,0.31639999999999935
109,P88019,Clonazepam_Tab 500mcg,0408010F0AAABAB,1,0.31639999999999935
172,P88018,Amiodarone HCl_Tab 200mg,0203020D0AAABAB,3,0.2541
173,P88012,Amiodarone HCl_Tab 200mg,0203020D0AAABAB,3,0.2541
112,P88043,Clonazepam_Tab 500mcg,0408010F0AAABAB,1,0.2372999999999995
113,P88026,Clonazepam_Tab 500mcg,0408010F0AAABAB,1,0.15819999999999967
114,P88020,Clonazepam_Tab 500mcg,0408010F0AAABAB,1,0.15819999999999967
115,P88015,Clonazepam_Tab 500mcg,0408010F0AAABAB,1,0.07909999999999984
116,P88625,Clonazepam_Tab 500mcg,0408010F0AAABAB,1,0.057999999999999996
117,P88632,Clonazepam_Tab 500mcg,0408010F0AAABAB,3,0.04680000000000001
119,P88031,Mag Glycerophos_Tab Chble 97.2mg S/F,0905013G0AADEDE,3,0.006299999999999306
120,P88031,Mag Glycerophos_Tab Chble 97.2mg S/F,0905013G0AADEDE,1,-0.29120000000000523
10,P88014,Mesalazine_Tab E/C 800mg,0105010B0AAASAS,1,-22.959999999999994
12,P88021,Mesalazine_Tab E/C 800mg,0105010B0AAASAS,1,-22.959999999999994
11,P88018,Mesalazine_Tab E/C 800mg,0105010B0AAASAS,1,-22.959999999999994
13,P88015,Mesalazine_Tab E/C 800mg,0105010B0AAASAS,1,-34.43999999999999
14,P88015,Mesalazine_Tab E/C 800mg,0105010B0AAASAS,2,-73.79999999999998
