,practice_code,bnf_description,bnf_code,items,excess_cost
0,N81034,Mesalazine_Tab E/C 400mg,0105010B0AAAAAA,1,47.913599999999995
1,N81093,Mesalazine_Tab E/C 400mg,0105010B0AAAAAA,2,47.913599999999995
2,N81125,Mesalazine_Tab E/C 400mg,0105010B0AAAAAA,1,47.913599999999995
83,N81094,Mesalazine_Tab E/C 800mg,0105010B0AAASAS,1,36.89999999999999
84,N81094,Mesalazine_Tab E/C 800mg,0105010B0AAASAS,1,34.43999999999999
82,N81095,Risperidone_Tab 6mg,040201030AAAFAF,1,29.2096
81,N81626,Risperidone_Tab 6mg,040201030AAAFAF,1,29.2096
3,N81018,Mesalazine_Tab E/C 400mg,0105010B0AAAAAA,1,25.667999999999996
4,N81082,Mesalazine_Tab E/C 400mg,0105010B0AAAAAA,1,23.956799999999998
132,N81092,Phenobarb_Tab 30mg,0408010N0AAAJAJ,1,21.392
85,N81125,Mesalazine_Tab E/C 800mg,0105010B0AAASAS,1,17.219999999999995
133,N81081,Phenobarb_Tab 30mg,0408010N0AAAJAJ,1,16.044
154,N81063,Topiramate_Cap 50mg,040801050AAAWAW,1,15.579199999999982
162,N81082,Gemfibrozil_Tab 600mg,0212000Q0AAABAB,1,15.142399999999999
86,N81125,Mesalazine_Tab E/C 800mg,0105010B0AAASAS,1,11.479999999999997
157,N81082,Tetrabenazine_Tab 25mg,0409030C0AAAAAA,1,5.997599999999992
158,N81100,Tetrabenazine_Tab 25mg,0409030C0AAAAAA,1,5.354999999999993
88,N81030,Amiodarone HCl_Tab 200mg,0203020D0AAABAB,15,5.250000000000004
159,N81120,Tetrabenazine_Tab 25mg,0409030C0AAAAAA,1,3.998399999999995
9,N81046,Clonazepam_Tab 500mcg,0408010F0AAABAB,5,3.1639999999999935
160,N81102,Tetrabenazine_Tab 25mg,0409030C0AAAAAA,1,2.998799999999996
137,N81079,Pyridox HCl_Tab 50mg,0906024N0AAAIAI,1,2.8728000000000007
136,N81079,Pyridox HCl_Tab 50mg,0906024N0AAAIAI,2,2.8728000000000007
90,N81092,Amiodarone HCl_Tab 200mg,0203020D0AAABAB,4,2.8000000000000025
89,N81060,Amiodarone HCl_Tab 200mg,0203020D0AAABAB,8,2.8000000000000025
10,N81063,Clonazepam_Tab 500mcg,0408010F0AAABAB,2,2.7119999999999944
11,N81115,Clonazepam_Tab 500mcg,0408010F0AAABAB,2,2.531199999999995
155,N81060,Topiramate_Cap 50mg,040801050AAAWAW,1,2.396799999999997
12,N81030,Clonazepam_Tab 500mcg,0408010F0AAABAB,1,2.2599999999999953
92,N81031,Amiodarone HCl_Tab 200mg,0203020D0AAABAB,2,2.100000000000002
91,N81121,Amiodarone HCl_Tab 200mg,0203020D0AAABAB,3,2.100000000000002
138,N81063,Pyridox HCl_Tab 50mg,0906024N0AAAIAI,2,1.9152000000000005
13,N81060,Clonazepam_Tab 500mcg,0408010F0AAABAB,3,1.898399999999996
15,N81092,Clonazepam_Tab 500mcg,0408010F0AAABAB,1,1.898399999999996
14,N81082,Clonazepam_Tab 500mcg,0408010F0AAABAB,3,1.898399999999996
16,N81093,Clonazepam_Tab 500mcg,0408010F0AAABAB,1,1.898399999999996
17,N81624,Clonazepam_Tab 500mcg,0408010F0AAABAB,3,1.898399999999996
18,N81079,Clonazepam_Tab 500mcg,0408010F0AAABAB,3,1.898399999999996
19,N81005,Clonazepam_Tab 500mcg,0408010F0AAABAB,1,1.898399999999996
20,N81038,Clonazepam_Tab 500mcg,0408010F0AAABAB,3,1.898399999999996
21,N81115,Clonazepam_Tab 500mcg,0408010F0AAABAB,3,1.898399999999996
22,N81023,Clonazepam_Tab 500mcg,0408010F0AAABAB,4,1.898399999999996
25,N81102,Clonazepam_Tab 500mcg,0408010F0AAABAB,5,1.5819999999999967
24,N81060,Clonazepam_Tab 500mcg,0408010F0AAABAB,5,1.5819999999999967
23,N81063,Clonazepam_Tab 500mcg,0408010F0AAABAB,5,1.5819999999999967
140,N81093,Pyridox HCl_Tab 50mg,0906024N0AAAIAI,1,1.4364000000000003
139,N81030,Pyridox HCl_Tab 50mg,0906024N0AAAIAI,1,1.4364000000000003
142,N81046,Pyridox HCl_Tab 50mg,0906024N0AAAIAI,1,1.4364000000000003
141,N81006,Pyridox HCl_Tab 50mg,0906024N0AAAIAI,1,1.4364000000000003
95,N81125,Amiodarone HCl_Tab 200mg,0203020D0AAABAB,4,1.4000000000000012
101,N81009,Amiodarone HCl_Tab 200mg,0203020D0AAABAB,4,1.4000000000000012
98,N81031,Amiodarone HCl_Tab 200mg,0203020D0AAABAB,4,1.4000000000000012
100,N81082,Amiodarone HCl_Tab 200mg,0203020D0AAABAB,4,1.4000000000000012
99,N81063,Amiodarone HCl_Tab 200mg,0203020D0AAABAB,4,1.4000000000000012
94,N81100,Amiodarone HCl_Tab 200mg,0203020D0AAABAB,4,1.4000000000000012
96,N81626,Amiodarone HCl_Tab 200mg,0203020D0AAABAB,4,1.4000000000000012
93,N81082,Amiodarone HCl_Tab 200mg,0203020D0AAABAB,2,1.4000000000000012
97,N81005,Amiodarone HCl_Tab 200mg,0203020D0AAABAB,2,1.4000000000000012
26,N81018,Clonazepam_Tab 500mcg,0408010F0AAABAB,2,1.3559999999999972
156,N81038,Topiramate_Cap 50mg,040801050AAAWAW,1,1.2839999999999985
36,N81030,Clonazepam_Tab 500mcg,0408010F0AAABAB,4,1.2655999999999974
34,N81005,Clonazepam_Tab 500mcg,0408010F0AAABAB,1,1.2655999999999974
27,N81005,Clonazepam_Tab 500mcg,0408010F0AAABAB,2,1.2655999999999974
28,N81125,Clonazepam_Tab 500mcg,0408010F0AAABAB,2,1.2655999999999974
29,N81034,Clonazepam_Tab 500mcg,0408010F0AAABAB,2,1.2655999999999974
30,N81082,Clonazepam_Tab 500mcg,0408010F0AAABAB,4,1.2655999999999974
31,N81050,Clonazepam_Tab 500mcg,0408010F0AAABAB,2,1.2655999999999974
32,N81095,Clonazepam_Tab 500mcg,0408010F0AAABAB,4,1.2655999999999974
33,N81030,Clonazepam_Tab 500mcg,0408010F0AAABAB,2,1.2655999999999974
35,N81095,Clonazepam_Tab 500mcg,0408010F0AAABAB,1,1.2655999999999974
37,N81095,Clonazepam_Tab 500mcg,0408010F0AAABAB,2,1.2655999999999974
38,N81093,Clonazepam_Tab 500mcg,0408010F0AAABAB,2,1.2655999999999974
39,N81624,Clonazepam_Tab 500mcg,0408010F0AAABAB,1,1.1299999999999977
40,N81125,Clonazepam_Tab 500mcg,0408010F0AAABAB,1,1.1299999999999977
41,N81018,Clonazepam_Tab 500mcg,0408010F0AAABAB,1,1.1299999999999977
103,N81121,Amiodarone HCl_Tab 200mg,0203020D0AAABAB,3,1.050000000000001
104,N81095,Amiodarone HCl_Tab 200mg,0203020D0AAABAB,3,1.050000000000001
102,N81038,Amiodarone HCl_Tab 200mg,0203020D0AAABAB,3,1.050000000000001
143,N81005,Pyridox HCl_Tab 50mg,0906024N0AAAIAI,1,0.9576000000000002
145,N81092,Pyridox HCl_Tab 50mg,0906024N0AAAIAI,1,0.9576000000000002
144,N81082,Pyridox HCl_Tab 50mg,0906024N0AAAIAI,1,0.9576000000000002
146,N81060,Pyridox HCl_Tab 50mg,0906024N0AAAIAI,2,0.9576000000000002
44,N81034,Clonazepam_Tab 500mcg,0408010F0AAABAB,4,0.949199999999998
45,N81082,Clonazepam_Tab 500mcg,0408010F0AAABAB,1,0.949199999999998
47,N81006,Clonazepam_Tab 500mcg,0408010F0AAABAB,1,0.949199999999998
46,N81038,Clonazepam_Tab 500mcg,0408010F0AAABAB,3,0.949199999999998
42,N81626,Clonazepam_Tab 500mcg,0408010F0AAABAB,1,0.949199999999998
43,N81031,Clonazepam_Tab 500mcg,0408010F0AAABAB,1,0.949199999999998
48,N81102,Clonazepam_Tab 500mcg,0408010F0AAABAB,3,0.7118999999999985
118,N81079,Amiodarone HCl_Tab 200mg,0203020D0AAABAB,2,0.7000000000000006
117,N81046,Amiodarone HCl_Tab 200mg,0203020D0AAABAB,1,0.7000000000000006
115,N81031,Amiodarone HCl_Tab 200mg,0203020D0AAABAB,1,0.7000000000000006
114,N81117,Amiodarone HCl_Tab 200mg,0203020D0AAABAB,2,0.7000000000000006
113,N81624,Amiodarone HCl_Tab 200mg,0203020D0AAABAB,2,0.7000000000000006
111,N81005,Amiodarone HCl_Tab 200mg,0203020D0AAABAB,2,0.7000000000000006
110,N81125,Amiodarone HCl_Tab 200mg,0203020D0AAABAB,1,0.7000000000000006
109,N81034,Amiodarone HCl_Tab 200mg,0203020D0AAABAB,2,0.7000000000000006
108,N81046,Amiodarone HCl_Tab 200mg,0203020D0AAABAB,2,0.7000000000000006
107,N81100,Amiodarone HCl_Tab 200mg,0203020D0AAABAB,1,0.7000000000000006
106,N81624,Amiodarone HCl_Tab 200mg,0203020D0AAABAB,1,0.7000000000000006
112,N81080,Amiodarone HCl_Tab 200mg,0203020D0AAABAB,1,0.7000000000000006
116,N81034,Amiodarone HCl_Tab 200mg,0203020D0AAABAB,1,0.7000000000000006
105,N81094,Amiodarone HCl_Tab 200mg,0203020D0AAABAB,2,0.7000000000000006
49,N81034,Clonazepam_Tab 500mcg,0408010F0AAABAB,1,0.6779999999999986
50,N81030,Clonazepam_Tab 500mcg,0408010F0AAABAB,2,0.6779999999999986
51,N81607,Clonazepam_Tab 500mcg,0408010F0AAABAB,1,0.6779999999999986
52,N81018,Clonazepam_Tab 500mcg,0408010F0AAABAB,2,0.6779999999999986
63,N81023,Clonazepam_Tab 500mcg,0408010F0AAABAB,2,0.6327999999999987
54,N81063,Clonazepam_Tab 500mcg,0408010F0AAABAB,1,0.6327999999999987
65,N81080,Clonazepam_Tab 500mcg,0408010F0AAABAB,1,0.6327999999999987
64,N81046,Clonazepam_Tab 500mcg,0408010F0AAABAB,2,0.6327999999999987
53,N81094,Clonazepam_Tab 500mcg,0408010F0AAABAB,2,0.6327999999999987
62,N81121,Clonazepam_Tab 500mcg,0408010F0AAABAB,2,0.6327999999999987
60,N81120,Clonazepam_Tab 500mcg,0408010F0AAABAB,2,0.6327999999999987
55,N81121,Clonazepam_Tab 500mcg,0408010F0AAABAB,1,0.6327999999999987
56,N81607,Clonazepam_Tab 500mcg,0408010F0AAABAB,4,0.6327999999999987
59,N81117,Clonazepam_Tab 500mcg,0408010F0AAABAB,1,0.6327999999999987
57,N81023,Clonazepam_Tab 500mcg,0408010F0AAABAB,1,0.6327999999999987
58,N81009,Clonazepam_Tab 500mcg,0408010F0AAABAB,1,0.6327999999999987
61,N81005,Clonazepam_Tab 500mcg,0408010F0AAABAB,2,0.6327999999999987
161,N81034,Tetrabenazine_Tab 25mg,0409030C0AAAAAA,1,0.49979999999999936
149,N81005,Pyridox HCl_Tab 50mg,0906024N0AAAIAI,1,0.4788000000000001
147,N81034,Pyridox HCl_Tab 50mg,0906024N0AAAIAI,1,0.4788000000000001
148,N81023,Pyridox HCl_Tab 50mg,0906024N0AAAIAI,1,0.4788000000000001
153,N81082,Pyridox HCl_Tab 50mg,0906024N0AAAIAI,1,0.4788000000000001
152,N81117,Pyridox HCl_Tab 50mg,0906024N0AAAIAI,1,0.4788000000000001
151,N81121,Pyridox HCl_Tab 50mg,0906024N0AAAIAI,4,0.4788000000000001
150,N81063,Pyridox HCl_Tab 50mg,0906024N0AAAIAI,4,0.4788000000000001
126,N81607,Amiodarone HCl_Tab 200mg,0203020D0AAABAB,1,0.3500000000000003
127,N81093,Amiodarone HCl_Tab 200mg,0203020D0AAABAB,1,0.3500000000000003
125,N81102,Amiodarone HCl_Tab 200mg,0203020D0AAABAB,1,0.3500000000000003
124,N81050,Amiodarone HCl_Tab 200mg,0203020D0AAABAB,1,0.3500000000000003
123,N81006,Amiodarone HCl_Tab 200mg,0203020D0AAABAB,1,0.3500000000000003
122,N81091,Amiodarone HCl_Tab 200mg,0203020D0AAABAB,1,0.3500000000000003
120,N81120,Amiodarone HCl_Tab 200mg,0203020D0AAABAB,1,0.3500000000000003
119,N81081,Amiodarone HCl_Tab 200mg,0203020D0AAABAB,1,0.3500000000000003
121,N81092,Amiodarone HCl_Tab 200mg,0203020D0AAABAB,1,0.3500000000000003
68,N81063,Clonazepam_Tab 500mcg,0408010F0AAABAB,1,0.3389999999999993
67,N81120,Clonazepam_Tab 500mcg,0408010F0AAABAB,1,0.3389999999999993
66,N81102,Clonazepam_Tab 500mcg,0408010F0AAABAB,1,0.3389999999999993
128,N81031,Amiodarone HCl_Tab 200mg,0203020D0AAABAB,4,0.3388
70,N81018,Clonazepam_Tab 500mcg,0408010F0AAABAB,4,0.31639999999999935
69,N81018,Clonazepam_Tab 500mcg,0408010F0AAABAB,1,0.31639999999999935
72,N81125,Clonazepam_Tab 500mcg,0408010F0AAABAB,1,0.31639999999999935
76,N81081,Clonazepam_Tab 500mcg,0408010F0AAABAB,1,0.31639999999999935
74,N81101,Clonazepam_Tab 500mcg,0408010F0AAABAB,1,0.31639999999999935
73,N81092,Clonazepam_Tab 500mcg,0408010F0AAABAB,1,0.31639999999999935
75,N81006,Clonazepam_Tab 500mcg,0408010F0AAABAB,1,0.31639999999999935
71,N81030,Clonazepam_Tab 500mcg,0408010F0AAABAB,4,0.31639999999999935
129,N81038,Amiodarone HCl_Tab 200mg,0203020D0AAABAB,2,0.29760000000000053
130,N81092,Amiodarone HCl_Tab 200mg,0203020D0AAABAB,1,0.17920000000000008
80,N81009,Clonazepam_Tab 500mcg,0408010F0AAABAB,1,0.15819999999999967
79,N81081,Clonazepam_Tab 500mcg,0408010F0AAABAB,1,0.15819999999999967
78,N81115,Clonazepam_Tab 500mcg,0408010F0AAABAB,1,0.15819999999999967
77,N81121,Clonazepam_Tab 500mcg,0408010F0AAABAB,1,0.15819999999999967
131,N81092,Amiodarone HCl_Tab 200mg,0203020D0AAABAB,1,0.04200000000000004
134,N81060,Phenobarb_Tab 30mg,0408010N0AAAJAJ,1,-0.0017999999999999891
135,N81023,Phenobarb_Tab 30mg,0408010N0AAAJAJ,1,-0.005999999999999964
5,N81063,Mesalazine_Tab E/C 400mg,0105010B0AAAAAA,1,-15.971199999999998
6,N81607,Mesalazine_Tab E/C 400mg,0105010B0AAAAAA,1,-17.112
7,N81093,Mesalazine_Tab E/C 400mg,0105010B0AAAAAA,2,-23.956799999999998
87,N81092,Mesalazine_Tab E/C 800mg,0105010B0AAASAS,1,-45.91999999999999
8,N81093,Mesalazine_Tab E/C 400mg,0105010B0AAAAAA,1,-51.33599999999999
