,practice_code,bnf_description,bnf_code,items,excess_cost
0,K84001,Amiodarone HCl_Tab 200mg,0203020D0AAABAB,6,2.0888000000000018
1,K84001,Clonazepam_Tab 500mcg,0408010F0AAABAB,8,2.120399999999996
2,K84001,Lamotrigine_Tab 50mg,0408010H0AAABAB,9,0.0
3,K84001,Paracet_Tab Solb 500mg,0407010H0AAAQAQ,4,164.5952
4,K84001,Topiramate_Tab 200mg,040801050AAACAC,1,2.3183999999999996
5,K84002,Amiodarone HCl_Tab 200mg,0203020D0AAABAB,5,2.100000000000002
6,K84002,Clonazepam_Tab 500mcg,0408010F0AAABAB,15,16.204199999999965
7,K84002,Lamotrigine_Tab 50mg,0408010H0AAABAB,26,0.0
8,K84002,Paracet_Tab Solb 500mg,0407010H0AAAQAQ,2,-0.011999999999998678
9,K84002,Topiramate_Tab 200mg,040801050AAACAC,1,7.469999999999997
10,K84003,Amiodarone HCl_Tab 200mg,0203020D0AAABAB,11,2.788800000000002
11,K84003,Clonazepam_Tab 500mcg,0408010F0AAABAB,2,0.949199999999998
12,K84003,Lamotrigine_Tab 50mg,0408010H0AAABAB,3,0.0
13,K84003,Paracet_Tab Solb 500mg,0407010H0AAAQAQ,2,-0.011999999999998678
14,K84004,Amiodarone HCl_Tab 200mg,0203020D0AAABAB,2,0.7000000000000006
15,K84004,Clonazepam_Tab 500mcg,0408010F0AAABAB,14,10.938399999999977
16,K84004,Lamotrigine_Tab 50mg,0408010H0AAABAB,7,0.0
17,K84004,Paracet_Tab Solb 500mg,0407010H0AAAQAQ,2,-0.011999999999998678
18,K84006,Amiodarone HCl_Tab 200mg,0203020D0AAABAB,10,2.438800000000002
19,K84006,Clonazepam_Tab 500mcg,0408010F0AAABAB,17,4.904199999999991
20,K84006,Lamotrigine_Tab 50mg,0408010H0AAABAB,11,0.0
21,K84006,Paracet_Tab Solb 500mg,0407010H0AAAQAQ,8,132.19199999999998
22,K84006,Rabeprazole Sod_Tab E/C 20mg,0103050T0AAABAB,4,0.011199999999999932
23,K84006,Ropinirole HCl_Tab 5mg,0409010H0AAADAD,2,7.744800000000005
24,K84007,Amiodarone HCl_Tab 200mg,0203020D0AAABAB,3,1.7500000000000016
25,K84007,Clonazepam_Tab 500mcg,0408010F0AAABAB,6,3.566799999999993
26,K84007,Lamotrigine_Tab 50mg,0408010H0AAABAB,13,0.0
27,K84007,Paracet_Tab Solb 500mg,0407010H0AAAQAQ,2,-0.011999999999998678
28,K84008,Amiodarone HCl_Tab 200mg,0203020D0AAABAB,3,2.450000000000002
29,K84008,Clonazepam_Tab 500mcg,0408010F0AAABAB,7,2.2599999999999953
30,K84008,Lamotrigine_Tab 50mg,0408010H0AAABAB,10,0.0
31,K84009,Amiodarone HCl_Tab 200mg,0203020D0AAABAB,8,2.788800000000002
32,K84009,Clonazepam_Tab 500mcg,0408010F0AAABAB,27,17.413299999999964
33,K84009,Lamotrigine_Tab 50mg,0408010H0AAABAB,26,0.0
34,K84009,Topiramate_Tab 200mg,040801050AAACAC,1,1.2449999999999994
35,K84010,Amiodarone HCl_Tab 200mg,0203020D0AAABAB,11,4.550000000000004
36,K84010,Clonazepam_Tab 500mcg,0408010F0AAABAB,2,3.959999999999991
37,K84010,Lamotrigine_Tab 50mg,0408010H0AAABAB,13,0.0
38,K84011,Amiodarone HCl_Tab 200mg,0203020D0AAABAB,2,1.7500000000000016
39,K84011,Clonazepam_Tab 500mcg,0408010F0AAABAB,10,3.7475999999999927
40,K84011,Lamotrigine_Tab 50mg,0408010H0AAABAB,4,0.0
41,K84013,Amiodarone HCl_Tab 200mg,0203020D0AAABAB,4,0.3388
42,K84013,Clonazepam_Tab 500mcg,0408010F0AAABAB,3,1.4390999999999972
43,K84013,Lamotrigine_Tab 50mg,0408010H0AAABAB,6,0.0
44,K84014,Amiodarone HCl_Tab 200mg,0203020D0AAABAB,11,3.850000000000003
45,K84014,Clonazepam_Tab 500mcg,0408010F0AAABAB,4,2.2599999999999953
46,K84014,Lamotrigine_Tab 50mg,0408010H0AAABAB,21,0.0
47,K84015,Amiodarone HCl_Tab 200mg,0203020D0AAABAB,3,1.4500000000000013
48,K84015,Clonazepam_Tab 500mcg,0408010F0AAABAB,1,1.2655999999999974
49,K84015,Lamotrigine_Tab 50mg,0408010H0AAABAB,7,-0.002999999999998837
50,K84015,Paracet_Tab Solb 500mg,0407010H0AAAQAQ,2,-0.011999999999998678
51,K84015,Topiramate_Tab 200mg,040801050AAACAC,1,2.489999999999999
52,K84016,Clonazepam_Tab 500mcg,0408010F0AAABAB,2,0.6327999999999987
53,K84016,Lamotrigine_Tab 50mg,0408010H0AAABAB,6,-0.005999999999999339
54,K84017,Amiodarone HCl_Tab 200mg,0203020D0AAABAB,11,3.850000000000003
55,K84017,Clonazepam_Tab 500mcg,0408010F0AAABAB,10,5.632399999999988
56,K84017,Lamotrigine_Tab 50mg,0408010H0AAABAB,18,0.0
57,K84017,Paracet_Tab Solb 500mg,0407010H0AAAQAQ,2,-0.011999999999998678
58,K84017,Ropinirole HCl_Tab 5mg,0409010H0AAADAD,2,20.652800000000013
59,K84017,Topiramate_Tab 200mg,040801050AAACAC,1,2.489999999999999
60,K84017,Valsartan_Tab 40mg,0205052V0AAADAD,1,1.9180000000000001
61,K84019,Amiodarone HCl_Tab 200mg,0203020D0AAABAB,9,4.900000000000004
62,K84019,Clonazepam_Tab 500mcg,0408010F0AAABAB,9,15.503599999999967
63,K84019,Lamotrigine_Tab 50mg,0408010H0AAABAB,10,0.0
64,K84019,Risperidone_Tab 6mg,040201030AAAFAF,1,29.2096
65,K84019,Valsartan_Tab 40mg,0205052V0AAADAD,2,9.59
66,K84020,Clonazepam_Tab 500mcg,0408010F0AAABAB,9,6.8929999999999865
67,K84020,Lamotrigine_Tab 50mg,0408010H0AAABAB,4,0.0
68,K84020,Paracet_Tab Solb 500mg,0407010H0AAAQAQ,2,-0.011999999999998678
69,K84021,Amiodarone HCl_Tab 200mg,0203020D0AAABAB,7,1.8235000000000012
70,K84021,Clonazepam_Tab 500mcg,0408010F0AAABAB,8,1.6045999999999967
71,K84021,Lamotrigine_Tab 50mg,0408010H0AAABAB,7,0.0
72,K84023,Amiodarone HCl_Tab 200mg,0203020D0AAABAB,2,0.7000000000000006
73,K84023,Clonazepam_Tab 500mcg,0408010F0AAABAB,11,6.237599999999986
74,K84023,Lamotrigine_Tab 50mg,0408010H0AAABAB,7,0.0
75,K84023,Paracet_Tab Solb 500mg,0407010H0AAAQAQ,2,-0.006399999999999295
76,K84024,Amiodarone HCl_Tab 200mg,0203020D0AAABAB,4,0.3388
77,K84024,Clonazepam_Tab 500mcg,0408010F0AAABAB,5,4.768599999999991
78,K84024,Lamotrigine_Tab 50mg,0408010H0AAABAB,15,0.0
79,K84024,Paracet_Tab Solb 500mg,0407010H0AAAQAQ,2,-0.011999999999998678
80,K84025,Amiodarone HCl_Tab 200mg,0203020D0AAABAB,4,3.500000000000003
81,K84025,Clonazepam_Tab 500mcg,0408010F0AAABAB,23,12.444299999999975
82,K84025,Lamotrigine_Tab 50mg,0408010H0AAABAB,9,0.0
83,K84026,Amiodarone HCl_Tab 200mg,0203020D0AAABAB,1,0.7000000000000006
84,K84026,Clonazepam_Tab 500mcg,0408010F0AAABAB,5,3.977599999999992
85,K84026,Lamotrigine_Tab 50mg,0408010H0AAABAB,18,0.0
86,K84027,Amiodarone HCl_Tab 200mg,0203020D0AAABAB,8,4.900000000000004
87,K84027,Clonazepam_Tab 500mcg,0408010F0AAABAB,4,3.977599999999992
88,K84027,Lamotrigine_Tab 50mg,0408010H0AAABAB,16,-0.011999999999998678
89,K84027,Paracet_Tab Solb 500mg,0407010H0AAAQAQ,4,-0.023999999999997357
90,K84027,Topiramate_Tab 200mg,040801050AAACAC,1,2.3183999999999996
91,K84027,Valsartan_Tab 40mg,0205052V0AAADAD,2,13.426000000000002
92,K84028,Amiodarone HCl_Tab 200mg,0203020D0AAABAB,2,2.100000000000002
93,K84028,Clonazepam_Tab 500mcg,0408010F0AAABAB,39,24.55989999999995
94,K84028,Gemfibrozil_Tab 600mg,0212000Q0AAABAB,2,45.4272
95,K84028,Lamotrigine_Tab 50mg,0408010H0AAABAB,38,0.0
96,K84030,Amiodarone HCl_Tab 200mg,0203020D0AAABAB,13,3.127600000000002
97,K84030,Clonazepam_Tab 500mcg,0408010F0AAABAB,21,8.079699999999985
98,K84030,Lamotrigine_Tab 50mg,0408010H0AAABAB,22,0.0
99,K84030,Paracet_Tab Solb 500mg,0407010H0AAAQAQ,4,-0.0075999999999993295
100,K84030,Topiramate_Tab 200mg,040801050AAACAC,8,2.307200000000001
101,K84030,Valsartan_Tab 40mg,0205052V0AAADAD,4,19.18
102,K84031,Amiodarone HCl_Tab 200mg,0203020D0AAABAB,11,2.958200000000002
103,K84031,Clonazepam_Tab 500mcg,0408010F0AAABAB,13,7.457999999999984
104,K84031,Lamotrigine_Tab 50mg,0408010H0AAABAB,9,-0.017999999999998018
105,K84031,Paracet_Tab Solb 500mg,0407010H0AAAQAQ,2,-0.011999999999998678
106,K84031,Topiramate_Tab 200mg,040801050AAACAC,1,2.489999999999999
107,K84032,Amiodarone HCl_Tab 200mg,0203020D0AAABAB,2,1.4000000000000012
108,K84032,Clonazepam_Tab 500mcg,0408010F0AAABAB,9,4.429599999999992
109,K84032,Lamotrigine_Tab 50mg,0408010H0AAABAB,23,0.0
110,K84033,Amiodarone HCl_Tab 200mg,0203020D0AAABAB,7,2.8000000000000025
111,K84033,Clonazepam_Tab 500mcg,0408010F0AAABAB,7,3.6109999999999935
112,K84033,Lamotrigine_Tab 50mg,0408010H0AAABAB,13,-0.011999999999998678
113,K84033,Paracet_Tab Solb 500mg,0407010H0AAAQAQ,4,-0.023999999999997357
114,K84034,Amiodarone HCl_Tab 200mg,0203020D0AAABAB,2,0.7000000000000006
115,K84034,Clonazepam_Tab 500mcg,0408010F0AAABAB,1,1.1299999999999977
116,K84035,Amiodarone HCl_Tab 200mg,0203020D0AAABAB,19,2.4052000000000007
117,K84035,Clonazepam_Tab 500mcg,0408010F0AAABAB,7,3.480399999999993
118,K84035,Gemfibrozil_Tab 600mg,0212000Q0AAABAB,1,22.7136
119,K84035,Lamotrigine_Tab 50mg,0408010H0AAABAB,8,0.0
120,K84035,Rabeprazole Sod_Tab E/C 20mg,0103050T0AAABAB,4,0.011199999999999932
121,K84036,Amiodarone HCl_Tab 200mg,0203020D0AAABAB,3,1.050000000000001
122,K84036,Clonazepam_Tab 500mcg,0408010F0AAABAB,4,4.429599999999991
123,K84037,Amiodarone HCl_Tab 200mg,0203020D0AAABAB,14,5.250000000000005
124,K84037,Clonazepam_Tab 500mcg,0408010F0AAABAB,17,8.859199999999982
125,K84037,Lamotrigine_Tab 50mg,0408010H0AAABAB,27,-0.005999999999999339
126,K84037,Valsartan_Tab 40mg,0205052V0AAADAD,1,1.9180000000000001
127,K84038,Amiodarone HCl_Tab 200mg,0203020D0AAABAB,17,3.381700000000002
128,K84038,Clonazepam_Tab 500mcg,0408010F0AAABAB,29,9.67279999999998
129,K84038,Lamotrigine_Tab 50mg,0408010H0AAABAB,18,0.0
130,K84040,Amiodarone HCl_Tab 200mg,0203020D0AAABAB,11,2.162300000000001
131,K84040,Clonazepam_Tab 500mcg,0408010F0AAABAB,26,6.169799999999988
132,K84040,Lamotrigine_Tab 50mg,0408010H0AAABAB,31,-0.011999999999998678
133,K84040,Paracet_Tab Solb 500mg,0407010H0AAAQAQ,4,-0.018399999999997974
134,K84040,Rabeprazole Sod_Tab E/C 20mg,0103050T0AAABAB,4,0.011199999999999932
135,K84041,Amiodarone HCl_Tab 200mg,0203020D0AAABAB,7,2.450000000000002
136,K84041,Clonazepam_Tab 500mcg,0408010F0AAABAB,13,11.910199999999975
137,K84041,Lamotrigine_Tab 50mg,0408010H0AAABAB,23,0.0
138,K84041,Valsartan_Tab 40mg,0205052V0AAADAD,1,0.9590000000000001
139,K84042,Amiodarone HCl_Tab 200mg,0203020D0AAABAB,35,4.810400000000001
140,K84042,Clonazepam_Tab 500mcg,0408010F0AAABAB,2,4.74599999999999
141,K84042,Lamotrigine_Tab 50mg,0408010H0AAABAB,21,0.0
142,K84043,Amiodarone HCl_Tab 200mg,0203020D0AAABAB,7,4.600000000000004
143,K84043,Clonazepam_Tab 500mcg,0408010F0AAABAB,12,6.245599999999987
144,K84043,Lamotrigine_Tab 50mg,0408010H0AAABAB,6,0.0
145,K84044,Amiodarone HCl_Tab 200mg,0203020D0AAABAB,14,2.416400000000001
146,K84044,Clonazepam_Tab 500mcg,0408010F0AAABAB,22,17.605399999999968
147,K84044,Lamotrigine_Tab 50mg,0408010H0AAABAB,15,0.0
148,K84044,Topiramate_Tab 200mg,040801050AAACAC,2,12.449999999999996
149,K84045,Amiodarone HCl_Tab 200mg,0203020D0AAABAB,1,0.3500000000000003
150,K84045,Clonazepam_Tab 500mcg,0408010F0AAABAB,10,4.4521999999999915
151,K84045,Lamotrigine_Tab 50mg,0408010H0AAABAB,10,0.0
152,K84046,Amiodarone HCl_Tab 200mg,0203020D0AAABAB,3,1.050000000000001
153,K84046,Clonazepam_Tab 500mcg,0408010F0AAABAB,3,0.7909999999999984
154,K84046,Lamotrigine_Tab 50mg,0408010H0AAABAB,12,0.0
155,K84046,Paracet_Tab Solb 500mg,0407010H0AAAQAQ,2,-0.011999999999998678
156,K84047,Amiodarone HCl_Tab 200mg,0203020D0AAABAB,3,1.050000000000001
157,K84047,Clonazepam_Tab 500mcg,0408010F0AAABAB,4,1.2655999999999974
158,K84047,Lamotrigine_Tab 50mg,0408010H0AAABAB,4,0.0
159,K84048,Amiodarone HCl_Tab 200mg,0203020D0AAABAB,3,2.100000000000002
160,K84048,Clonazepam_Tab 500mcg,0408010F0AAABAB,12,3.6611999999999925
161,K84048,Lamotrigine_Tab 50mg,0408010H0AAABAB,10,0.0
162,K84048,Valsartan_Tab 40mg,0205052V0AAADAD,1,3.8360000000000003
163,K84049,Amiodarone HCl_Tab 200mg,0203020D0AAABAB,2,2.100000000000002
164,K84049,Clonazepam_Tab 500mcg,0408010F0AAABAB,6,1.898399999999996
165,K84049,Lamotrigine_Tab 50mg,0408010H0AAABAB,10,0.0
166,K84050,Amiodarone HCl_Tab 200mg,0203020D0AAABAB,6,3.5000000000000027
167,K84050,Clonazepam_Tab 500mcg,0408010F0AAABAB,7,4.113199999999992
168,K84050,Lamotrigine_Tab 50mg,0408010H0AAABAB,7,0.0
169,K84051,Amiodarone HCl_Tab 200mg,0203020D0AAABAB,8,2.8000000000000025
170,K84051,Clonazepam_Tab 500mcg,0408010F0AAABAB,14,8.412199999999983
171,K84051,Lamotrigine_Tab 50mg,0408010H0AAABAB,17,49.9016
172,K84051,Rabeprazole Sod_Tab E/C 20mg,0103050T0AAABAB,22,45.449600000000004
173,K84051,Ropinirole HCl_Tab 5mg,0409010H0AAADAD,4,7.761600000000003
174,K84052,Amiodarone HCl_Tab 200mg,0203020D0AAABAB,23,3.094000000000001
175,K84052,Clonazepam_Tab 500mcg,0408010F0AAABAB,8,7.225199999999986
176,K84052,Lamotrigine_Tab 50mg,0408010H0AAABAB,31,0.0
177,K84052,Paracet_Tab Solb 500mg,0407010H0AAAQAQ,2,-0.006399999999999961
178,K84052,Rabeprazole Sod_Tab E/C 20mg,0103050T0AAABAB,4,0.011199999999999932
179,K84054,Amiodarone HCl_Tab 200mg,0203020D0AAABAB,4,2.450000000000002
180,K84054,Clonazepam_Tab 500mcg,0408010F0AAABAB,6,3.0057999999999936
181,K84054,Lamotrigine_Tab 50mg,0408010H0AAABAB,16,0.0
182,K84054,Risperidone_Tab 6mg,040201030AAAFAF,1,29.2096
183,K84055,Amiodarone HCl_Tab 200mg,0203020D0AAABAB,15,2.956800000000002
184,K84055,Clonazepam_Tab 500mcg,0408010F0AAABAB,41,11.747699999999977
185,K84055,Lamotrigine_Tab 50mg,0408010H0AAABAB,20,0.0
186,K84055,Topiramate_Tab 200mg,040801050AAACAC,1,2.489999999999999
187,K84056,Amiodarone HCl_Tab 200mg,0203020D0AAABAB,1,0.3500000000000003
188,K84056,Clonazepam_Tab 500mcg,0408010F0AAABAB,3,2.847599999999994
189,K84056,Gemfibrozil_Tab 600mg,0212000Q0AAABAB,1,-3.7855999999999996
190,K84056,Lamotrigine_Tab 50mg,0408010H0AAABAB,5,0.0
191,K84058,Amiodarone HCl_Tab 200mg,0203020D0AAABAB,9,2.0888000000000018
192,K84058,Lamotrigine_Tab 50mg,0408010H0AAABAB,13,6.451199999999999
193,K84059,Amiodarone HCl_Tab 200mg,0203020D0AAABAB,13,4.792900000000004
194,K84059,Clonazepam_Tab 500mcg,0408010F0AAABAB,12,5.186699999999989
195,K84059,Lamotrigine_Tab 50mg,0408010H0AAABAB,4,0.0
196,K84060,Amiodarone HCl_Tab 200mg,0203020D0AAABAB,13,1.981700000000001
197,K84060,Clonazepam_Tab 500mcg,0408010F0AAABAB,1,1.1299999999999977
198,K84060,Lamotrigine_Tab 50mg,0408010H0AAABAB,1,0.0
199,K84060,Topiramate_Tab 200mg,040801050AAACAC,12,6.921600000000002
200,K84062,Amiodarone HCl_Tab 200mg,0203020D0AAABAB,4,1.304100000000001
201,K84062,Clonazepam_Tab 500mcg,0408010F0AAABAB,21,6.712199999999986
202,K84062,Lamotrigine_Tab 50mg,0408010H0AAABAB,24,0.0
203,K84062,Rabeprazole Sod_Tab E/C 20mg,0103050T0AAABAB,4,0.011199999999999932
204,K84063,Clonazepam_Tab 500mcg,0408010F0AAABAB,9,8.859199999999982
205,K84063,Lamotrigine_Tab 50mg,0408010H0AAABAB,5,0.0
206,K84063,Risperidone_Tab 6mg,040201030AAAFAF,2,29.2096
207,K84065,Clonazepam_Tab 500mcg,0408010F0AAABAB,1,0.3389999999999993
208,K84065,Lamotrigine_Tab 50mg,0408010H0AAABAB,1,0.0
209,K84065,Paracet_Tab Solb 500mg,0407010H0AAAQAQ,2,-0.007999999999999952
210,K84066,Amiodarone HCl_Tab 200mg,0203020D0AAABAB,1,0.3500000000000003
211,K84066,Clonazepam_Tab 500mcg,0408010F0AAABAB,2,1.2655999999999974
212,K84071,Amiodarone HCl_Tab 200mg,0203020D0AAABAB,17,3.0317000000000016
213,K84071,Clonazepam_Tab 500mcg,0408010F0AAABAB,24,11.785899999999977
214,K84071,Lamotrigine_Tab 50mg,0408010H0AAABAB,14,0.0
215,K84071,Ropinirole HCl_Tab 5mg,0409010H0AAADAD,1,7.744800000000005
216,K84072,Amiodarone HCl_Tab 200mg,0203020D0AAABAB,7,4.200000000000004
217,K84072,Clonazepam_Tab 500mcg,0408010F0AAABAB,10,5.423999999999989
218,K84072,Lamotrigine_Tab 50mg,0408010H0AAABAB,11,0.0
219,K84072,Paracet_Tab Solb 500mg,0407010H0AAAQAQ,22,73.41600000000001
220,K84072,Ropinirole HCl_Tab 5mg,0409010H0AAADAD,1,2.5816000000000017
221,K84072,Topiramate_Tab 200mg,040801050AAACAC,1,2.489999999999999
222,K84072,Valsartan_Tab 40mg,0205052V0AAADAD,1,1.9180000000000001
223,K84075,Amiodarone HCl_Tab 200mg,0203020D0AAABAB,5,1.7500000000000016
224,K84075,Clonazepam_Tab 500mcg,0408010F0AAABAB,4,2.5763999999999947
225,K84075,Lamotrigine_Tab 50mg,0408010H0AAABAB,10,0.0
226,K84075,Paracet_Tab Solb 500mg,0407010H0AAAQAQ,2,-0.011999999999998678
227,K84078,Amiodarone HCl_Tab 200mg,0203020D0AAABAB,1,1.050000000000001
228,K84078,Clonazepam_Tab 500mcg,0408010F0AAABAB,2,0.971799999999998
229,K84078,Lamotrigine_Tab 50mg,0408010H0AAABAB,3,0.0
230,K84078,Risperidone_Tab 6mg,040201030AAAFAF,1,116.8384
231,K84079,Amiodarone HCl_Tab 200mg,0203020D0AAABAB,2,1.4000000000000012
232,K84079,Clonazepam_Tab 500mcg,0408010F0AAABAB,5,3.1639999999999935
233,K84079,Lamotrigine_Tab 50mg,0408010H0AAABAB,6,0.0
234,K84080,Amiodarone HCl_Tab 200mg,0203020D0AAABAB,6,1.0388000000000006
235,K84080,Lamotrigine_Tab 50mg,0408010H0AAABAB,3,0.0
236,K84082,Amiodarone HCl_Tab 200mg,0203020D0AAABAB,3,1.050000000000001
237,K84082,Clonazepam_Tab 500mcg,0408010F0AAABAB,34,7.1105999999999865
238,K84082,Lamotrigine_Tab 50mg,0408010H0AAABAB,25,0.0
239,K84605,Amiodarone HCl_Tab 200mg,0203020D0AAABAB,1,0.7000000000000006
240,K84605,Clonazepam_Tab 500mcg,0408010F0AAABAB,1,1.1299999999999977
241,K84605,Lamotrigine_Tab 50mg,0408010H0AAABAB,1,0.0
242,K84610,Amiodarone HCl_Tab 200mg,0203020D0AAABAB,2,0.7000000000000006
243,K84610,Clonazepam_Tab 500mcg,0408010F0AAABAB,3,2.2373999999999956
244,K84610,Lamotrigine_Tab 50mg,0408010H0AAABAB,9,0.0
245,K84610,Valsartan_Tab 40mg,0205052V0AAADAD,2,11.508000000000001
246,K84613,Amiodarone HCl_Tab 200mg,0203020D0AAABAB,6,2.450000000000002
247,K84613,Clonazepam_Tab 500mcg,0408010F0AAABAB,26,11.446899999999978
248,K84613,Lamotrigine_Tab 50mg,0408010H0AAABAB,12,0.0
249,K84617,Lamotrigine_Tab 50mg,0408010H0AAABAB,3,0.0
250,K84618,Clonazepam_Tab 500mcg,0408010F0AAABAB,4,2.9153999999999938
251,K84618,Lamotrigine_Tab 50mg,0408010H0AAABAB,5,0.0
252,K84624,Amiodarone HCl_Tab 200mg,0203020D0AAABAB,8,2.8000000000000025
253,K84624,Clonazepam_Tab 500mcg,0408010F0AAABAB,7,4.180999999999991
254,K84624,Lamotrigine_Tab 50mg,0408010H0AAABAB,8,0.0
255,K84624,Topiramate_Tab 200mg,040801050AAACAC,1,2.3183999999999996
256,Y02754,Amiodarone HCl_Tab 200mg,0203020D0AAABAB,4,0.3388
257,Y02754,Clonazepam_Tab 500mcg,0408010F0AAABAB,1,0.3389999999999993
258,Y02754,Lamotrigine_Tab 50mg,0408010H0AAABAB,3,0.0
