,practice_code,bnf_description,bnf_code,items,excess_cost
207,B82083,Memantine HCl_Tab 20mg,0411000G0AAADAD,20,241.808
208,B82100,Memantine HCl_Tab 20mg,0411000G0AAADAD,4,191.6992
190,B82105,Atorvastatin_Tab 20mg,0212000B0AAABAB,248,180.544
356,B82083,Aripiprazole_Tab 15mg,0402010ADAAABAB,9,172.61999999999998
362,B82047,Hydrocort_Tab 10mg,0603020J0AAADAD,2,159.984
318,B82083,Olanzapine_Tab 20mg,040201060AAAQAQ,5,137.57799999999997
328,B82026,Simvastatin_Tab 40mg,0212000Y0AAADAD,701,135.4332
191,B82105,Atorvastatin_Tab 20mg,0212000B0AAABAB,6,135.2064
209,B82026,Memantine HCl_Tab 20mg,0411000G0AAADAD,26,127.76400000000001
222,B82005,Atorvastatin_Tab 80mg,0212000B0AAADAD,233,100.46959999999999
192,B82083,Atorvastatin_Tab 20mg,0212000B0AAABAB,675,90.72000000000011
193,B82083,Atorvastatin_Tab 20mg,0212000B0AAABAB,86,90.0592
242,B82105,Atorvastatin_Tab 40mg,0212000B0AAACAC,212,89.03999999999999
1,B82005,Paracet_Tab 500mg,0407010H0AAAMAM,230,78.2
0,B82005,Paracet_Tab 500mg,0407010H0AAAMAM,230,78.2
2,B82005,Paracet_Tab 500mg,0407010H0AAAMAM,557,77.9800000000001
3,B82005,Paracet_Tab 500mg,0407010H0AAAMAM,557,77.9800000000001
223,B82005,Atorvastatin_Tab 80mg,0212000B0AAADAD,140,76.14599999999999
319,B82005,Olanzapine_Tab 20mg,040201060AAAQAQ,1,68.7946
4,B82083,Paracet_Tab 500mg,0407010H0AAAMAM,139,65.38560000000004
5,B82083,Paracet_Tab 500mg,0407010H0AAAMAM,139,65.38560000000004
210,B82005,Memantine HCl_Tab 20mg,0411000G0AAADAD,32,63.8848
249,B82074,Sumatriptan_Tab 50mg,0407041T0AAAFAF,10,55.008
250,B82002,Sumatriptan_Tab 50mg,0407041T0AAAFAF,5,51.882000000000005
194,B82005,Atorvastatin_Tab 20mg,0212000B0AAABAB,190,45.75200000000005
243,B82005,Atorvastatin_Tab 40mg,0212000B0AAACAC,108,44.75520000000002
244,B82071,Atorvastatin_Tab 40mg,0212000B0AAACAC,44,44.5984
195,B82005,Atorvastatin_Tab 20mg,0212000B0AAABAB,648,43.545599999999986
251,B82026,Sumatriptan_Tab 50mg,0407041T0AAAFAF,25,42.71999999999999
6,B82005,Paracet_Tab 500mg,0407010H0AAAMAM,128,40.140800000000056
7,B82005,Paracet_Tab 500mg,0407010H0AAAMAM,128,40.140800000000056
252,B82002,Sumatriptan_Tab 50mg,0407041T0AAAFAF,8,25.943999999999996
224,B82105,Atorvastatin_Tab 80mg,0212000B0AAADAD,77,24.794000000000022
225,B82077,Atorvastatin_Tab 80mg,0212000B0AAADAD,47,24.740799999999997
196,B82026,Atorvastatin_Tab 20mg,0212000B0AAABAB,753,23.192400000000077
197,B82074,Atorvastatin_Tab 20mg,0212000B0AAABAB,215,22.87600000000003
198,B82100,Atorvastatin_Tab 20mg,0212000B0AAABAB,78,22.495200000000008
245,B82071,Atorvastatin_Tab 40mg,0212000B0AAACAC,44,22.2992
253,B82026,Sumatriptan_Tab 50mg,0407041T0AAAFAF,34,21.35879999999998
246,B82005,Atorvastatin_Tab 40mg,0212000B0AAACAC,342,21.067200000000007
9,B82005,Paracet_Tab 500mg,0407010H0AAAMAM,2,20.160000000000004
8,B82005,Paracet_Tab 500mg,0407010H0AAAMAM,2,20.160000000000004
329,B82026,Simvastatin_Tab 40mg,0212000Y0AAADAD,79,16.368799999999993
10,B82083,Paracet_Tab 500mg,0407010H0AAAMAM,326,16.300000000000015
11,B82083,Paracet_Tab 500mg,0407010H0AAAMAM,326,16.300000000000015
330,B82073,Simvastatin_Tab 40mg,0212000Y0AAADAD,285,15.959999999999987
12,B82083,Paracet_Tab 500mg,0407010H0AAAMAM,185,14.800000000000038
13,B82083,Paracet_Tab 500mg,0407010H0AAAMAM,185,14.800000000000038
15,B82026,Paracet_Tab 500mg,0407010H0AAAMAM,159,10.68480000000006
14,B82026,Paracet_Tab 500mg,0407010H0AAAMAM,159,10.68480000000006
16,B82071,Paracet_Tab 500mg,0407010H0AAAMAM,70,9.800000000000013
17,B82071,Paracet_Tab 500mg,0407010H0AAAMAM,70,9.800000000000013
19,B82018,Paracet_Tab 500mg,0407010H0AAAMAM,2,9.657599999999999
18,B82018,Paracet_Tab 500mg,0407010H0AAAMAM,2,9.657599999999999
20,B82105,Paracet_Tab 500mg,0407010H0AAAMAM,186,9.300000000000008
21,B82105,Paracet_Tab 500mg,0407010H0AAAMAM,186,9.300000000000008
254,B82105,Sumatriptan_Tab 50mg,0407041T0AAAFAF,10,6.503999999999996
23,B82073,Paracet_Tab 500mg,0407010H0AAAMAM,81,4.050000000000003
22,B82073,Paracet_Tab 500mg,0407010H0AAAMAM,81,4.050000000000003
331,B82105,Simvastatin_Tab 40mg,0212000Y0AAADAD,238,3.998399999999999
255,B82077,Sumatriptan_Tab 50mg,0407041T0AAAFAF,4,3.4415999999999993
25,B82077,Paracet_Tab 500mg,0407010H0AAAMAM,108,2.1600000000000246
24,B82077,Paracet_Tab 500mg,0407010H0AAAMAM,108,2.1600000000000246
256,B82005,Sumatriptan_Tab 50mg,0407041T0AAAFAF,34,1.9991999999999837
27,B82083,Paracet_Tab 500mg,0407010H0AAAMAM,17,1.713600000000003
26,B82083,Paracet_Tab 500mg,0407010H0AAAMAM,17,1.713600000000003
29,B82097,Paracet_Tab 500mg,0407010H0AAAMAM,46,1.3800000000000077
28,B82097,Paracet_Tab 500mg,0407010H0AAAMAM,46,1.3800000000000077
199,B82026,Atorvastatin_Tab 20mg,0212000B0AAABAB,79,1.3272000000000073
332,B82005,Simvastatin_Tab 40mg,0212000Y0AAADAD,168,0.3527999999999979
31,B82077,Paracet_Tab 500mg,0407010H0AAAMAM,11,0.2463999999999985
30,B82077,Paracet_Tab 500mg,0407010H0AAAMAM,11,0.2463999999999985
333,B82073,Simvastatin_Tab 40mg,0212000Y0AAADAD,101,0.2120999999999987
32,B82083,Paracet_Tab 500mg,0407010H0AAAMAM,2,0.15360000000000085
33,B82083,Paracet_Tab 500mg,0407010H0AAAMAM,2,0.15360000000000085
211,B82026,Memantine HCl_Tab 20mg,0411000G0AAADAD,27,0.13229999999999986
35,B82005,Paracet_Tab 500mg,0407010H0AAAMAM,42,0.11759999999999929
34,B82005,Paracet_Tab 500mg,0407010H0AAAMAM,42,0.11759999999999929
212,B82005,Memantine HCl_Tab 20mg,0411000G0AAADAD,23,0.11269999999999988
334,B82021,Simvastatin_Tab 40mg,0212000Y0AAADAD,49,0.10289999999999938
335,B82026,Simvastatin_Tab 40mg,0212000Y0AAADAD,45,0.09449999999999943
226,B82073,Atorvastatin_Tab 80mg,0212000B0AAADAD,41,0.08610000000000247
37,B82005,Paracet_Tab 500mg,0407010H0AAAMAM,20,0.08399999999999949
36,B82005,Paracet_Tab 500mg,0407010H0AAAMAM,20,0.08399999999999949
336,B82041,Simvastatin_Tab 40mg,0212000Y0AAADAD,40,0.08399999999999949
38,B82005,Paracet_Tab 500mg,0407010H0AAAMAM,4,0.07680000000000087
39,B82005,Paracet_Tab 500mg,0407010H0AAAMAM,4,0.07680000000000087
40,B82081,Paracet_Tab 500mg,0407010H0AAAMAM,16,0.0671999999999996
41,B82081,Paracet_Tab 500mg,0407010H0AAAMAM,16,0.0671999999999996
213,B82073,Memantine HCl_Tab 20mg,0411000G0AAADAD,12,0.058799999999999936
227,B82026,Atorvastatin_Tab 80mg,0212000B0AAADAD,27,0.056700000000001624
43,B82081,Paracet_Tab 500mg,0407010H0AAAMAM,20,0.05599999999999966
42,B82081,Paracet_Tab 500mg,0407010H0AAAMAM,20,0.05599999999999966
337,B82041,Simvastatin_Tab 40mg,0212000Y0AAADAD,12,0.050399999999999695
228,B82021,Atorvastatin_Tab 80mg,0212000B0AAADAD,23,0.048300000000001383
338,B82083,Simvastatin_Tab 40mg,0212000Y0AAADAD,23,0.048299999999999704
339,B82071,Simvastatin_Tab 40mg,0212000Y0AAADAD,20,0.041999999999999746
214,B82081,Memantine HCl_Tab 20mg,0411000G0AAADAD,8,0.03919999999999996
215,B82071,Memantine HCl_Tab 20mg,0411000G0AAADAD,8,0.03919999999999996
340,B82033,Simvastatin_Tab 40mg,0212000Y0AAADAD,18,0.03779999999999977
341,B82100,Simvastatin_Tab 40mg,0212000Y0AAADAD,17,0.03569999999999979
44,B82026,Paracet_Tab 500mg,0407010H0AAAMAM,8,0.0335999999999998
45,B82098,Paracet_Tab 500mg,0407010H0AAAMAM,6,0.0335999999999998
46,B82098,Paracet_Tab 500mg,0407010H0AAAMAM,6,0.0335999999999998
342,B82081,Simvastatin_Tab 40mg,0212000Y0AAADAD,16,0.0335999999999998
47,B82026,Paracet_Tab 500mg,0407010H0AAAMAM,8,0.0335999999999998
51,B82083,Paracet_Tab 500mg,0407010H0AAAMAM,5,0.02999999999999982
48,B82033,Paracet_Tab 500mg,0407010H0AAAMAM,5,0.02999999999999982
50,B82033,Paracet_Tab 500mg,0407010H0AAAMAM,5,0.02999999999999982
49,B82083,Paracet_Tab 500mg,0407010H0AAAMAM,5,0.02999999999999982
216,B82021,Memantine HCl_Tab 20mg,0411000G0AAADAD,6,0.029399999999999968
217,B82033,Memantine HCl_Tab 20mg,0411000G0AAADAD,6,0.029399999999999968
229,B82080,Atorvastatin_Tab 80mg,0212000B0AAADAD,13,0.027300000000000782
343,B82098,Simvastatin_Tab 40mg,0212000Y0AAADAD,12,0.025199999999999848
218,B82047,Memantine HCl_Tab 20mg,0411000G0AAADAD,5,0.024499999999999973
52,B82068,Paracet_Tab 500mg,0407010H0AAAMAM,4,0.023999999999999855
53,B82068,Paracet_Tab 500mg,0407010H0AAAMAM,4,0.023999999999999855
230,B82083,Atorvastatin_Tab 80mg,0212000B0AAADAD,11,0.02310000000000066
54,B82068,Paracet_Tab 500mg,0407010H0AAAMAM,8,0.022399999999999864
55,B82068,Paracet_Tab 500mg,0407010H0AAAMAM,8,0.022399999999999864
344,B82047,Simvastatin_Tab 40mg,0212000Y0AAADAD,5,0.020999999999999873
57,B82021,Paracet_Tab 500mg,0407010H0AAAMAM,5,0.020999999999999873
56,B82021,Paracet_Tab 500mg,0407010H0AAAMAM,5,0.020999999999999873
219,B82068,Memantine HCl_Tab 20mg,0411000G0AAADAD,4,0.01959999999999998
220,B82041,Memantine HCl_Tab 20mg,0411000G0AAADAD,4,0.01959999999999998
345,B82068,Simvastatin_Tab 40mg,0212000Y0AAADAD,9,0.018899999999999886
59,B82031,Paracet_Tab 500mg,0407010H0AAAMAM,3,0.01799999999999989
58,B82031,Paracet_Tab 500mg,0407010H0AAAMAM,3,0.01799999999999989
231,B82031,Atorvastatin_Tab 80mg,0212000B0AAADAD,8,0.01680000000000048
232,B82041,Atorvastatin_Tab 80mg,0212000B0AAADAD,8,0.01680000000000048
233,B82068,Atorvastatin_Tab 80mg,0212000B0AAADAD,8,0.01680000000000048
347,B82071,Simvastatin_Tab 40mg,0212000Y0AAADAD,4,0.0167999999999999
346,B82080,Simvastatin_Tab 40mg,0212000Y0AAADAD,8,0.0167999999999999
60,B82002,Paracet_Tab 500mg,0407010H0AAAMAM,4,0.0167999999999999
61,B82100,Paracet_Tab 500mg,0407010H0AAAMAM,4,0.0167999999999999
62,B82100,Paracet_Tab 500mg,0407010H0AAAMAM,4,0.0167999999999999
63,B82080,Paracet_Tab 500mg,0407010H0AAAMAM,4,0.0167999999999999
64,B82080,Paracet_Tab 500mg,0407010H0AAAMAM,4,0.0167999999999999
65,B82002,Paracet_Tab 500mg,0407010H0AAAMAM,4,0.0167999999999999
235,B82081,Atorvastatin_Tab 80mg,0212000B0AAADAD,7,0.014700000000000421
234,B82098,Atorvastatin_Tab 80mg,0212000B0AAADAD,7,0.014700000000000421
221,B82098,Memantine HCl_Tab 20mg,0411000G0AAADAD,3,0.014699999999999984
69,B82081,Paracet_Tab 500mg,0407010H0AAAMAM,4,0.013999999999999915
66,B82081,Paracet_Tab 500mg,0407010H0AAAMAM,4,0.013999999999999915
68,B82100,Paracet_Tab 500mg,0407010H0AAAMAM,5,0.013999999999999915
67,B82100,Paracet_Tab 500mg,0407010H0AAAMAM,5,0.013999999999999915
236,B82005,Atorvastatin_Tab 80mg,0212000B0AAADAD,3,0.012600000000000361
70,B82068,Paracet_Tab 500mg,0407010H0AAAMAM,9,0.012599999999999924
71,B82068,Paracet_Tab 500mg,0407010H0AAAMAM,9,0.012599999999999924
348,B82077,Simvastatin_Tab 40mg,0212000Y0AAADAD,6,0.012599999999999924
349,B82083,Simvastatin_Tab 40mg,0212000Y0AAADAD,3,0.012599999999999924
200,B82005,Atorvastatin_Tab 20mg,0212000B0AAABAB,2,0.012000000000000344
320,B82098,Olanzapine_Tab 20mg,040201060AAAQAQ,2,0.01120000000000032
77,B82071,Paracet_Tab 500mg,0407010H0AAAMAM,4,0.011199999999999932
72,B82021,Paracet_Tab 500mg,0407010H0AAAMAM,4,0.011199999999999932
74,B82021,Paracet_Tab 500mg,0407010H0AAAMAM,4,0.011199999999999932
75,B82071,Paracet_Tab 500mg,0407010H0AAAMAM,4,0.011199999999999932
76,B82041,Paracet_Tab 500mg,0407010H0AAAMAM,4,0.011199999999999932
73,B82041,Paracet_Tab 500mg,0407010H0AAAMAM,4,0.011199999999999932
78,B82083,Paracet_Tab 500mg,0407010H0AAAMAM,5,0.010499999999999936
79,B82083,Paracet_Tab 500mg,0407010H0AAAMAM,5,0.010499999999999936
81,B82005,Paracet_Tab 500mg,0407010H0AAAMAM,3,0.008999999999999946
80,B82005,Paracet_Tab 500mg,0407010H0AAAMAM,3,0.008999999999999946
237,B82002,Atorvastatin_Tab 80mg,0212000B0AAADAD,4,0.00840000000000024
84,B82080,Paracet_Tab 500mg,0407010H0AAAMAM,3,0.00839999999999995
350,B82002,Simvastatin_Tab 40mg,0212000Y0AAADAD,4,0.00839999999999995
351,B82074,Simvastatin_Tab 40mg,0212000Y0AAADAD,2,0.00839999999999995
85,B82098,Paracet_Tab 500mg,0407010H0AAAMAM,3,0.00839999999999995
82,B82080,Paracet_Tab 500mg,0407010H0AAAMAM,3,0.00839999999999995
354,B82047,Simvastatin_Tab 40mg,0212000Y0AAADAD,4,0.00839999999999995
352,B82098,Simvastatin_Tab 40mg,0212000Y0AAADAD,2,0.00839999999999995
83,B82098,Paracet_Tab 500mg,0407010H0AAAMAM,3,0.00839999999999995
353,B82031,Simvastatin_Tab 40mg,0212000Y0AAADAD,4,0.00839999999999995
87,B82005,Paracet_Tab 500mg,0407010H0AAAMAM,5,0.006999999999999958
86,B82098,Paracet_Tab 500mg,0407010H0AAAMAM,5,0.006999999999999958
89,B82005,Paracet_Tab 500mg,0407010H0AAAMAM,5,0.006999999999999958
88,B82098,Paracet_Tab 500mg,0407010H0AAAMAM,5,0.006999999999999958
238,B82071,Atorvastatin_Tab 80mg,0212000B0AAADAD,3,0.0063000000000001805
247,B82083,Atorvastatin_Tab 40mg,0212000B0AAACAC,1,0.006000000000000172
248,B82077,Atorvastatin_Tab 40mg,0212000B0AAACAC,1,0.006000000000000172
95,B81036,Paracet_Tab 500mg,0407010H0AAAMAM,1,0.005999999999999964
96,B82005,Paracet_Tab 500mg,0407010H0AAAMAM,1,0.005999999999999964
97,B82026,Paracet_Tab 500mg,0407010H0AAAMAM,1,0.005999999999999964
94,B82005,Paracet_Tab 500mg,0407010H0AAAMAM,1,0.005999999999999964
98,B81036,Paracet_Tab 500mg,0407010H0AAAMAM,1,0.005999999999999964
99,B82026,Paracet_Tab 500mg,0407010H0AAAMAM,1,0.005999999999999964
100,B82098,Paracet_Tab 500mg,0407010H0AAAMAM,1,0.005999999999999964
101,B82097,Paracet_Tab 500mg,0407010H0AAAMAM,1,0.005999999999999964
93,B82098,Paracet_Tab 500mg,0407010H0AAAMAM,1,0.005999999999999964
92,B82100,Paracet_Tab 500mg,0407010H0AAAMAM,1,0.005999999999999964
91,B82097,Paracet_Tab 500mg,0407010H0AAAMAM,1,0.005999999999999964
90,B82100,Paracet_Tab 500mg,0407010H0AAAMAM,1,0.005999999999999964
110,B82031,Paracet_Tab 500mg,0407010H0AAAMAM,4,0.005599999999999966
111,B82026,Paracet_Tab 500mg,0407010H0AAAMAM,2,0.005599999999999966
109,B82081,Paracet_Tab 500mg,0407010H0AAAMAM,4,0.005599999999999966
108,B82071,Paracet_Tab 500mg,0407010H0AAAMAM,4,0.005599999999999966
107,B82073,Paracet_Tab 500mg,0407010H0AAAMAM,4,0.005599999999999966
106,B82026,Paracet_Tab 500mg,0407010H0AAAMAM,2,0.005599999999999966
105,B82081,Paracet_Tab 500mg,0407010H0AAAMAM,4,0.005599999999999966
104,B82073,Paracet_Tab 500mg,0407010H0AAAMAM,4,0.005599999999999966
103,B82031,Paracet_Tab 500mg,0407010H0AAAMAM,4,0.005599999999999966
102,B82071,Paracet_Tab 500mg,0407010H0AAAMAM,4,0.005599999999999966
363,B82080,Hydrocort_Tab 10mg,0603020J0AAADAD,1,0.004499999999999504
364,B82026,Hydrocort_Tab 10mg,0603020J0AAADAD,1,0.004499999999999504
365,B82073,Hydrocort_Tab 10mg,0603020J0AAADAD,1,0.004499999999999504
366,B82005,Hydrocort_Tab 10mg,0603020J0AAADAD,1,0.004499999999999504
201,B82041,Atorvastatin_Tab 20mg,0212000B0AAABAB,1,0.004400000000000015
358,B82002,Aripiprazole_Tab 15mg,0402010ADAAABAB,1,0.004199999999999926
357,B81036,Aripiprazole_Tab 15mg,0402010ADAAABAB,1,0.004199999999999926
257,B82077,Sumatriptan_Tab 50mg,0407041T0AAAFAF,1,0.0041999999999995374
112,B82026,Paracet_Tab 500mg,0407010H0AAAMAM,1,0.0040000000000000105
113,B82026,Paracet_Tab 500mg,0407010H0AAAMAM,1,0.0040000000000000105
202,B82021,Atorvastatin_Tab 20mg,0212000B0AAABAB,1,0.00360000000000002
258,B82077,Sumatriptan_Tab 50mg,0407041T0AAAFAF,1,0.0033999999999998476
259,B82026,Sumatriptan_Tab 50mg,0407041T0AAAFAF,1,0.0031999999999996476
117,B82033,Paracet_Tab 500mg,0407010H0AAAMAM,1,0.002999999999999982
116,B82097,Paracet_Tab 500mg,0407010H0AAAMAM,1,0.002999999999999982
118,B82033,Paracet_Tab 500mg,0407010H0AAAMAM,1,0.002999999999999982
114,B82026,Paracet_Tab 500mg,0407010H0AAAMAM,1,0.002999999999999982
115,B82097,Paracet_Tab 500mg,0407010H0AAAMAM,1,0.002999999999999982
119,B82026,Paracet_Tab 500mg,0407010H0AAAMAM,1,0.002999999999999982
123,B82033,Paracet_Tab 500mg,0407010H0AAAMAM,1,0.002799999999999983
122,B82081,Paracet_Tab 500mg,0407010H0AAAMAM,4,0.002799999999999983
121,B82081,Paracet_Tab 500mg,0407010H0AAAMAM,4,0.002799999999999983
120,B82033,Paracet_Tab 500mg,0407010H0AAAMAM,1,0.002799999999999983
355,B82083,Simvastatin_Tab 40mg,0212000Y0AAADAD,1,0.002499999999999985
239,B82033,Atorvastatin_Tab 80mg,0212000B0AAADAD,1,0.00210000000000006
203,B82033,Atorvastatin_Tab 20mg,0212000B0AAABAB,1,0.0020000000000000573
240,B82083,Atorvastatin_Tab 80mg,0212000B0AAADAD,1,0.0017000000000000487
274,B82026,Sumatriptan_Tab 50mg,0407041T0AAAFAF,2,0.0
270,B82071,Sumatriptan_Tab 50mg,0407041T0AAAFAF,6,0.0
273,B82083,Sumatriptan_Tab 50mg,0407041T0AAAFAF,42,0.0
272,B82105,Sumatriptan_Tab 50mg,0407041T0AAAFAF,1,0.0
271,B82041,Sumatriptan_Tab 50mg,0407041T0AAAFAF,2,0.0
286,B82081,Sumatriptan_Tab 50mg,0407041T0AAAFAF,1,0.0
269,B82074,Sumatriptan_Tab 50mg,0407041T0AAAFAF,14,0.0
268,B82041,Sumatriptan_Tab 50mg,0407041T0AAAFAF,22,0.0
267,B82018,Sumatriptan_Tab 50mg,0407041T0AAAFAF,8,0.0
266,B82031,Sumatriptan_Tab 50mg,0407041T0AAAFAF,13,0.0
265,B82103,Sumatriptan_Tab 50mg,0407041T0AAAFAF,1,0.0
264,B82073,Sumatriptan_Tab 50mg,0407041T0AAAFAF,19,0.0
276,B82098,Sumatriptan_Tab 50mg,0407041T0AAAFAF,1,0.0
275,B82031,Sumatriptan_Tab 50mg,0407041T0AAAFAF,4,0.0
285,B82047,Sumatriptan_Tab 50mg,0407041T0AAAFAF,2,0.0
277,B82064,Sumatriptan_Tab 50mg,0407041T0AAAFAF,4,0.0
287,B82097,Sumatriptan_Tab 50mg,0407041T0AAAFAF,1,0.0
293,B82068,Sumatriptan_Tab 50mg,0407041T0AAAFAF,10,0.0
292,B82097,Sumatriptan_Tab 50mg,0407041T0AAAFAF,8,0.0
291,B82005,Sumatriptan_Tab 50mg,0407041T0AAAFAF,1,0.0
290,B82080,Sumatriptan_Tab 50mg,0407041T0AAAFAF,25,0.0
289,B82098,Sumatriptan_Tab 50mg,0407041T0AAAFAF,8,0.0
288,B82033,Sumatriptan_Tab 50mg,0407041T0AAAFAF,6,0.0
262,B82033,Sumatriptan_Tab 50mg,0407041T0AAAFAF,14,0.0
278,B82005,Sumatriptan_Tab 50mg,0407041T0AAAFAF,22,0.0
284,B82080,Sumatriptan_Tab 50mg,0407041T0AAAFAF,10,0.0
283,B82047,Sumatriptan_Tab 50mg,0407041T0AAAFAF,5,0.0
282,B82105,Sumatriptan_Tab 50mg,0407041T0AAAFAF,6,0.0
281,B82083,Sumatriptan_Tab 50mg,0407041T0AAAFAF,2,0.0
280,B82026,Sumatriptan_Tab 50mg,0407041T0AAAFAF,1,0.0
279,B82097,Sumatriptan_Tab 50mg,0407041T0AAAFAF,2,0.0
263,B82074,Sumatriptan_Tab 50mg,0407041T0AAAFAF,2,0.0
302,B82077,Sumatriptan_Tab 50mg,0407041T0AAAFAF,3,0.0
261,B82018,Sumatriptan_Tab 50mg,0407041T0AAAFAF,4,0.0
306,B82079,Sumatriptan_Tab 50mg,0407041T0AAAFAF,2,0.0
316,B82002,Sumatriptan_Tab 50mg,0407041T0AAAFAF,1,0.0
315,B82021,Sumatriptan_Tab 50mg,0407041T0AAAFAF,3,0.0
314,B82074,Sumatriptan_Tab 50mg,0407041T0AAAFAF,1,0.0
313,B82005,Sumatriptan_Tab 50mg,0407041T0AAAFAF,1,0.0
312,B82098,Sumatriptan_Tab 50mg,0407041T0AAAFAF,10,0.0
311,B82021,Sumatriptan_Tab 50mg,0407041T0AAAFAF,5,0.0
260,B82079,Sumatriptan_Tab 50mg,0407041T0AAAFAF,1,0.0
309,B82071,Sumatriptan_Tab 50mg,0407041T0AAAFAF,3,0.0
308,B82100,Sumatriptan_Tab 50mg,0407041T0AAAFAF,2,0.0
307,B82083,Sumatriptan_Tab 50mg,0407041T0AAAFAF,5,0.0
310,B82083,Sumatriptan_Tab 50mg,0407041T0AAAFAF,21,0.0
305,B81036,Sumatriptan_Tab 50mg,0407041T0AAAFAF,10,0.0
299,B81036,Sumatriptan_Tab 50mg,0407041T0AAAFAF,10,0.0
304,B82005,Sumatriptan_Tab 50mg,0407041T0AAAFAF,2,0.0
296,B82081,Sumatriptan_Tab 50mg,0407041T0AAAFAF,1,0.0
297,B82081,Sumatriptan_Tab 50mg,0407041T0AAAFAF,5,0.0
298,B82041,Sumatriptan_Tab 50mg,0407041T0AAAFAF,4,0.0
294,B82100,Sumatriptan_Tab 50mg,0407041T0AAAFAF,2,0.0
300,B82064,Sumatriptan_Tab 50mg,0407041T0AAAFAF,4,0.0
301,B82073,Sumatriptan_Tab 50mg,0407041T0AAAFAF,10,0.0
295,B82097,Sumatriptan_Tab 50mg,0407041T0AAAFAF,1,0.0
303,B82081,Sumatriptan_Tab 50mg,0407041T0AAAFAF,1,0.0
125,B82033,Paracet_Tab 500mg,0407010H0AAAMAM,1,-0.0011999999999999997
124,B82033,Paracet_Tab 500mg,0407010H0AAAMAM,1,-0.0011999999999999997
204,B82021,Atorvastatin_Tab 20mg,0212000B0AAABAB,1,-0.002799999999999997
205,B82083,Atorvastatin_Tab 20mg,0212000B0AAABAB,1,-0.0029999999999998778
317,B82026,Sumatriptan_Tab 50mg,0407041T0AAAFAF,1,-0.0032000000000000917
129,B82068,Paracet_Tab 500mg,0407010H0AAAMAM,1,-0.003999999999999976
128,B82068,Paracet_Tab 500mg,0407010H0AAAMAM,1,-0.003999999999999976
127,B82097,Paracet_Tab 500mg,0407010H0AAAMAM,1,-0.003999999999999976
126,B82097,Paracet_Tab 500mg,0407010H0AAAMAM,1,-0.003999999999999976
206,B82005,Atorvastatin_Tab 20mg,0212000B0AAABAB,1,-0.003999999999999976
367,B82005,Hydrocort_Tab 10mg,0603020J0AAADAD,1,-0.004399999999999515
131,B81036,Paracet_Tab 500mg,0407010H0AAAMAM,1,-0.005599999999999966
130,B81036,Paracet_Tab 500mg,0407010H0AAAMAM,1,-0.005599999999999966
135,B82097,Paracet_Tab 500mg,0407010H0AAAMAM,1,-0.005599999999999966
134,B82064,Paracet_Tab 500mg,0407010H0AAAMAM,1,-0.005599999999999966
133,B82097,Paracet_Tab 500mg,0407010H0AAAMAM,1,-0.005599999999999966
132,B82064,Paracet_Tab 500mg,0407010H0AAAMAM,1,-0.005599999999999966
241,B82083,Atorvastatin_Tab 80mg,0212000B0AAADAD,2,-0.006000000000000172
322,B82077,Olanzapine_Tab 20mg,040201060AAAQAQ,3,-0.008399999999999075
321,B82041,Olanzapine_Tab 20mg,040201060AAAQAQ,3,-0.008399999999999075
359,B82083,Aripiprazole_Tab 15mg,0402010ADAAABAB,3,-0.00840000000000024
360,B82026,Aripiprazole_Tab 15mg,0402010ADAAABAB,3,-0.00840000000000024
369,B82074,Hydrocort_Tab 10mg,0603020J0AAADAD,1,-0.011199999999998766
324,B82026,Olanzapine_Tab 20mg,040201060AAAQAQ,4,-0.011199999999998766
323,B82068,Olanzapine_Tab 20mg,040201060AAAQAQ,4,-0.011199999999998766
368,B82026,Hydrocort_Tab 10mg,0603020J0AAADAD,1,-0.011199999999998766
325,B82100,Olanzapine_Tab 20mg,040201060AAAQAQ,5,-0.013999999999998458
361,B82073,Aripiprazole_Tab 15mg,0402010ADAAABAB,5,-0.014000000000000401
137,B82031,Paracet_Tab 500mg,0407010H0AAAMAM,4,-0.015999999999999903
136,B82031,Paracet_Tab 500mg,0407010H0AAAMAM,4,-0.015999999999999903
141,B82074,Paracet_Tab 500mg,0407010H0AAAMAM,3,-0.0167999999999999
140,B82031,Paracet_Tab 500mg,0407010H0AAAMAM,3,-0.0167999999999999
139,B82031,Paracet_Tab 500mg,0407010H0AAAMAM,3,-0.0167999999999999
138,B82074,Paracet_Tab 500mg,0407010H0AAAMAM,3,-0.0167999999999999
326,B82083,Olanzapine_Tab 20mg,040201060AAAQAQ,7,-0.01959999999999784
370,B82021,Hydrocort_Tab 10mg,0603020J0AAADAD,2,-0.022399999999997533
142,B82105,Paracet_Tab 500mg,0407010H0AAAMAM,4,-0.022399999999999864
143,B82105,Paracet_Tab 500mg,0407010H0AAAMAM,4,-0.022399999999999864
327,B82005,Olanzapine_Tab 20mg,040201060AAAQAQ,19,-0.05319999999999414
145,B82033,Paracet_Tab 500mg,0407010H0AAAMAM,11,-0.06159999999999963
144,B82033,Paracet_Tab 500mg,0407010H0AAAMAM,11,-0.06159999999999963
148,B82068,Paracet_Tab 500mg,0407010H0AAAMAM,14,-0.07839999999999953
147,B82041,Paracet_Tab 500mg,0407010H0AAAMAM,14,-0.07839999999999953
146,B82041,Paracet_Tab 500mg,0407010H0AAAMAM,14,-0.07839999999999953
149,B82068,Paracet_Tab 500mg,0407010H0AAAMAM,14,-0.07839999999999953
151,B82021,Paracet_Tab 500mg,0407010H0AAAMAM,18,-0.10079999999999939
150,B82021,Paracet_Tab 500mg,0407010H0AAAMAM,18,-0.10079999999999939
155,B82080,Paracet_Tab 500mg,0407010H0AAAMAM,21,-0.11759999999999929
153,B82083,Paracet_Tab 500mg,0407010H0AAAMAM,21,-0.11759999999999929
152,B82080,Paracet_Tab 500mg,0407010H0AAAMAM,21,-0.11759999999999929
154,B82083,Paracet_Tab 500mg,0407010H0AAAMAM,21,-0.11759999999999929
157,B82026,Paracet_Tab 500mg,0407010H0AAAMAM,38,-0.2127999999999987
156,B82026,Paracet_Tab 500mg,0407010H0AAAMAM,38,-0.2127999999999987
158,B82073,Paracet_Tab 500mg,0407010H0AAAMAM,45,-0.25199999999999845
159,B82073,Paracet_Tab 500mg,0407010H0AAAMAM,45,-0.25199999999999845
160,B82081,Paracet_Tab 500mg,0407010H0AAAMAM,68,-0.3807999999999977
161,B82081,Paracet_Tab 500mg,0407010H0AAAMAM,68,-0.3807999999999977
162,B82073,Paracet_Tab 500mg,0407010H0AAAMAM,12,-0.4703999999999995
163,B82073,Paracet_Tab 500mg,0407010H0AAAMAM,12,-0.4703999999999995
165,B82619,Paracet_Tab 500mg,0407010H0AAAMAM,28,-0.5599999999999966
164,B82619,Paracet_Tab 500mg,0407010H0AAAMAM,28,-0.5599999999999966
166,B82083,Paracet_Tab 500mg,0407010H0AAAMAM,7,-0.5879999999999985
167,B82083,Paracet_Tab 500mg,0407010H0AAAMAM,7,-0.5879999999999985
168,B82005,Paracet_Tab 500mg,0407010H0AAAMAM,154,-0.8623999999999947
169,B82005,Paracet_Tab 500mg,0407010H0AAAMAM,154,-0.8623999999999947
171,B82083,Paracet_Tab 500mg,0407010H0AAAMAM,11,-0.8623999999999996
170,B82083,Paracet_Tab 500mg,0407010H0AAAMAM,11,-0.8623999999999996
173,B82100,Paracet_Tab 500mg,0407010H0AAAMAM,1,-1.0752
172,B82100,Paracet_Tab 500mg,0407010H0AAAMAM,1,-1.0752
174,B82097,Paracet_Tab 500mg,0407010H0AAAMAM,28,-1.1199999999999932
175,B82097,Paracet_Tab 500mg,0407010H0AAAMAM,28,-1.1199999999999932
177,B82073,Paracet_Tab 500mg,0407010H0AAAMAM,8,-1.1263999999999994
176,B82073,Paracet_Tab 500mg,0407010H0AAAMAM,8,-1.1263999999999994
179,B82100,Paracet_Tab 500mg,0407010H0AAAMAM,118,-1.1799999999999928
178,B82100,Paracet_Tab 500mg,0407010H0AAAMAM,118,-1.1799999999999928
181,B82100,Paracet_Tab 500mg,0407010H0AAAMAM,21,-1.2599999999999996
180,B82100,Paracet_Tab 500mg,0407010H0AAAMAM,21,-1.2599999999999996
182,B82073,Paracet_Tab 500mg,0407010H0AAAMAM,9,-1.6127999999999982
183,B82073,Paracet_Tab 500mg,0407010H0AAAMAM,9,-1.6127999999999982
184,B82073,Paracet_Tab 500mg,0407010H0AAAMAM,19,-2.1887999999999996
185,B82073,Paracet_Tab 500mg,0407010H0AAAMAM,19,-2.1887999999999996
186,B82073,Paracet_Tab 500mg,0407010H0AAAMAM,9,-2.419199999999999
187,B82073,Paracet_Tab 500mg,0407010H0AAAMAM,9,-2.419199999999999
189,B82073,Paracet_Tab 500mg,0407010H0AAAMAM,36,-4.147199999999999
188,B82073,Paracet_Tab 500mg,0407010H0AAAMAM,36,-4.147199999999999
371,B82005,Hydrocort_Tab 10mg,0603020J0AAADAD,1,-11.375999999999996
