year,month,chemical_code,chemical,total_items,total_qty,actual_cost
2019,2019-02-01,0410010A0,Acamprosate Calcium,9645,951483,177526.66989000168
2017,2017-04-01,0410010A0,Acamprosate Calcium,10071,1004106,186717.8722999998
2012,2012-03-01,0410010B0,Disulfiram,4829,123897,56848.34999999997
2016,2016-05-01,0410030A0,Buprenorphine Hydrochloride,59153,1323670,534616.94
2014,2014-05-01,0410030E0,Naltrexone Hydrochloride,1425,38186,57392.15000000004
2018,2018-06-01,0410030B0,Buprenorph HCl/Naloxone HCl,1889,38129,61334.46108000004
2017,2017-02-01,0410030C0,Methadone Hydrochloride,138414,81911516,919031.6448700003
2011,2011-03-01,0410000M0,,201982,133826332,2075285.2599999998
2019,2019-02-01,0410010D0,Nalmefene,120,2234,6289.885520000001
2014,2014-04-01,0410010A0,Acamprosate Calcium,10483,1095906,174187.52999999997
2013,2013-09-01,0410010D0,Nalmefene,13,280,783.6400000000001
2011,2011-04-01,0410000N0,,999,26084,49403.23999999996
2011,2011-07-01,0410000AA,,1280,149600,13804.56000000001
2015,2015-11-01,0410030D0,Lofexidine Hydrochloride,200,7786,7425.76
2016,2016-10-01,0410010B0,Disulfiram,3857,91779,155489.40999999986
2011,2011-01-01,0410000N0,,1031,25955,51821.81000000002
2015,2015-07-01,0703022M0,Medroxyprogesterone Acetate,81774,82719,460203.50000000035
2011,2011-06-01,0410000AC,,6447,128439,192713.81999999983
2015,2015-08-01,0410030C0,Methadone Hydrochloride,148922,85386919,1078596.0000000005
2016,2016-07-01,0410030B0,Buprenorph HCl/Naloxone HCl,3354,62025,94412.32
2017,2017-12-01,0410010D0,Nalmefene,148,2962,8317.496759999998
2018,2018-10-01,0410010D0,Nalmefene,125,2481,6979.945930000001
2019,2019-01-01,0410010B0,Disulfiram,2876,67386,132395.51983000018
2014,2014-01-01,0703023L0,Levonorgestrel,11278,11374,924308.6800000005
2017,2017-07-01,0410010B0,Disulfiram,2802,69242,117412.87727999994
2016,2016-11-01,0703022M0,Medroxyprogesterone Acetate,73699,74736,416997.5100000001
2017,2017-03-01,0410030E0,Naltrexone Hydrochloride,1675,39427,59327.61727000002
2018,2018-11-01,0410010A0,Acamprosate Calcium,10877,1073233,200111.77170999785
2017,2017-05-01,0410030C0,Methadone Hydrochloride,148605,87717644,982305.2059100012
2017,2017-08-01,0410030D0,Lofexidine Hydrochloride,212,7008,6699.352980000001
2011,2011-06-01,0410000AB,,85090,2174679,2662869.919999998
2018,2018-12-01,0410010B0,Disulfiram,2804,66602,130318.65503999959
2012,2012-01-01,0410030D0,Lofexidine Hydrochloride,222,7930,7540.869999999999
2012,2012-10-01,0410030E0,Naltrexone Hydrochloride,1433,33735,66820.63999999998
2010,2010-10-01,0410000N0,,1122,27576,47229.64999999998
2011,2011-10-01,0410000Q0,,2292,126024,80868.68999999999
2017,2017-08-01,0410020C0,Varenicline Tartrate,31387,839469,1023663.8277500015
2013,2013-12-01,0410030A0,Buprenorphine Hydrochloride,57193,1294534,886186.3199999998
2017,2017-07-01,0410030D0,Lofexidine Hydrochloride,233,8600,8217.56076
2017,2017-10-01,0410030C0,Methadone Hydrochloride,148792,88264354,968242.3495199992
2015,2015-07-01,0703023L0,Levonorgestrel,12037,12126,978075.3800000001
2016,2016-09-01,0410010D0,Nalmefene,267,5233,14697.63
2017,2017-03-01,0410030B0,Buprenorph HCl/Naloxone HCl,2541,48038,73367.36014
2013,2013-02-01,0410030A0,Buprenorphine Hydrochloride,51167,1173113,1020700.5599999991
2011,2011-02-01,0410000P0,,142591,5698006,2600099.960000001
2011,2011-09-01,0410000L0,,311,11724,11135.069999999998
2010,2010-12-01,0410000Q0,,2406,132409,97257.47999999994
2014,2014-08-01,0410010A0,Acamprosate Calcium,10697,1125364,179009.92000000022
2011,2011-11-01,0410030C0,Methadone Hydrochloride,165391,102616530,1505742.0500000007
2011,2011-06-01,0410000M0,,190954,121209964,1816694.2499999986
2014,2014-08-01,0410030E0,Naltrexone Hydrochloride,1463,34245,56622.67000000001
2013,2013-08-01,0410010A0,Acamprosate Calcium,10190,1131365,179694.69
2015,2015-02-01,0410030E0,Naltrexone Hydrochloride,1517,35235,67039.63999999998
2012,2012-04-01,0703022M0,Medroxyprogesterone Acetate,80460,81586,452215.22000000015
2011,2011-12-01,0703023L0,Levonorgestrel,9246,9312,756401.9599999996
2012,2012-03-01,0410030D0,Lofexidine Hydrochloride,357,11491,10937.279999999997
2016,2016-07-01,0410030E0,Naltrexone Hydrochloride,1620,37442,66176.59
2014,2014-12-01,0410030D0,Lofexidine Hydrochloride,176,8039,7665.100000000001
2015,2015-08-01,0703022M0,Medroxyprogesterone Acetate,74046,74909,416646.5499999997
2016,2016-01-01,0410030E0,Naltrexone Hydrochloride,1578,38959,66394.47000000002
2015,2015-11-01,0410030B0,Buprenorph HCl/Naloxone HCl,4243,77734,117313.18999999999
2010,2010-09-01,0703023L0,Levonorgestrel,11054,11146,878675.89
2017,2017-07-01,0410010D0,Nalmefene,227,3681,10328.680900000003
2014,2014-07-01,0703023L0,Levonorgestrel,11804,11893,964210.6199999994
2013,2013-07-01,0410010D0,Nalmefene,27,609,1703.6599999999999
2012,2012-07-01,0410030D0,Lofexidine Hydrochloride,306,10833,10330.329999999996
2015,2015-12-01,0410030B0,Buprenorph HCl/Naloxone HCl,4431,82792,125553.15
2018,2018-04-01,0410030B0,Buprenorph HCl/Naloxone HCl,1761,35295,55780.93948
2014,2014-03-01,0410010D0,Nalmefene,43,959,2728.7900000000013
2012,2012-12-01,0410010A0,Acamprosate Calcium,9504,1069666,169671.66999999998
2015,2015-02-01,0410030A0,Buprenorphine Hydrochloride,52153,1166090,596478.2800000001
2016,2016-12-01,0410010D0,Nalmefene,252,4740,13312.999999999996
2018,2018-03-01,0410010B0,Disulfiram,2915,69179,118086.62186999994
2016,2016-04-01,0410030C0,Methadone Hydrochloride,154946,89439927,1083640.23
2014,2014-11-01,0410030E0,Naltrexone Hydrochloride,1382,33869,56400.21000000004
2011,2011-04-01,0410030A0,Buprenorphine Hydrochloride,7101,781519,103008.81000000001
2015,2015-12-01,0410010B0,Disulfiram,4343,105668,173236.88000000003
2010,2010-09-01,0410000M0,,196427,131434292,2076314.6799999995
2012,2012-12-01,0410030A0,Buprenorphine Hydrochloride,56329,1293720,1181105.14
2012,2012-06-01,0703023L0,Levonorgestrel,10717,10807,876139.0700000001
2012,2012-06-01,0410030C0,Methadone Hydrochloride,174503,104898099,1450491.4699999997
2016,2016-05-01,0410020C0,Varenicline Tartrate,34142,895069,1094334.4499999972
2012,2012-07-01,0703022M0,Medroxyprogesterone Acetate,83840,84827,470870.78999999975
2013,2013-03-01,0410010A0,Acamprosate Calcium,9533,1057551,168182.20999999996
2016,2016-04-01,0410030D0,Lofexidine Hydrochloride,228,8115,7757.940000000001
2015,2015-03-01,0703023L0,Levonorgestrel,12468,12556,1017217.0799999994
2013,2013-07-01,0410030B0,Buprenorph HCl/Naloxone HCl,8548,157470,233797.02999999985
2015,2015-02-01,0410030D0,Lofexidine Hydrochloride,217,7960,7604.0999999999985
2011,2011-12-01,0410010B0,Disulfiram,4755,124432,57067.90999999996
2018,2018-05-01,0703022M0,Medroxyprogesterone Acetate,80171,82557,464706.88720999716
2015,2015-01-01,0410030C0,Methadone Hydrochloride,150513,86402296,1088326.0000000012
2016,2016-04-01,0410030B0,Buprenorph HCl/Naloxone HCl,3897,70133,107562.46999999999
2016,2016-12-01,0410020C0,Varenicline Tartrate,29618,850435,995135.3699999925
2017,2017-07-01,0410010A0,Acamprosate Calcium,11030,1112960,206884.63709999982
2014,2014-03-01,0410030A0,Buprenorphine Hydrochloride,54438,1234543,748312.5300000001
2013,2013-05-01,0410030B0,Buprenorph HCl/Naloxone HCl,8760,164473,241556.33999999988
2015,2015-07-01,0410010B0,Disulfiram,4389,108211,62472.98
2017,2017-02-01,0410030D0,Lofexidine Hydrochloride,195,7561,7236.746099999999
2017,2017-02-01,0410010D0,Nalmefene,179,3311,9302.8557
2018,2018-03-01,0410030E0,Naltrexone Hydrochloride,1638,39517,67020.10871
2017,2017-01-01,0410010B0,Disulfiram,3681,88325,149720.66377999994
2017,2017-01-01,0410030C0,Methadone Hydrochloride,149106,87625335,981524.0769100001
2012,2012-04-01,0410030E0,Naltrexone Hydrochloride,1132,27556,44484.57999999998
2016,2016-09-01,0410010A0,Acamprosate Calcium,11045,1137491,197478.1200000003
2018,2018-03-01,0703022M0,Medroxyprogesterone Acetate,78388,80313,451123.91807000455
2012,2012-12-01,0410030B0,Buprenorph HCl/Naloxone HCl,7657,141957,220696.16999999993
2015,2015-12-01,0703023L0,Levonorgestrel,8597,8657,697833.27
2015,2015-05-01,0410030E0,Naltrexone Hydrochloride,1571,38577,61821.3399999999
2016,2016-01-01,0410030D0,Lofexidine Hydrochloride,196,8060,7684.929999999999
2017,2017-06-01,0410030D0,Lofexidine Hydrochloride,218,7634,7303.98168
2013,2013-09-01,0410030A0,Buprenorphine Hydrochloride,52548,1195260,891980.4100000003
2014,2014-03-01,0410010B0,Disulfiram,4350,108190,62426.95999999996
2011,2011-09-01,0410000H0,,4693,125544,57476.449999999975
2011,2011-07-01,0703022M0,Medroxyprogesterone Acetate,80340,81758,453066.20000000024
2013,2013-03-01,0410030B0,Buprenorph HCl/Naloxone HCl,8604,165010,237996.02000000022
2010,2010-10-01,0703022M0,Medroxyprogesterone Acetate,78403,79566,440335.6599999999
2018,2018-07-01,0410030A0,Buprenorphine Hydrochloride,64178,1427556,1299503.094569999
2017,2017-05-01,0410030A0,Buprenorphine Hydrochloride,61505,1376220,406450.8241099999
2013,2013-06-01,0410010D0,Nalmefene,21,436,1218.71
2015,2015-05-01,0410010A0,Acamprosate Calcium,10707,1124606,179033.73000000004
2013,2013-01-01,0410030A0,Buprenorphine Hydrochloride,55614,1280014,1120774.4100000001
2017,2017-01-01,0410030B0,Buprenorph HCl/Naloxone HCl,2733,50628,77186.43616000001
2016,2016-10-01,0410010D0,Nalmefene,205,3815,10711.21
2014,2014-05-01,0703023L0,Levonorgestrel,11018,11089,900920.8899999995
2011,2011-05-01,0410000L0,,340,9273,8815.230000000001
2011,2011-04-01,0410000Q0,,2705,147499,108296.75999999995
2014,2014-11-01,0410010B0,Disulfiram,3943,96169,55372.6
2013,2013-11-01,0410030E0,Naltrexone Hydrochloride,1474,38677,62037.89999999998
2012,2012-05-01,0410020C0,Varenicline Tartrate,82853,2202765,2583736.7000000016
2014,2014-08-01,0703023L0,Levonorgestrel,9275,9347,757048.7900000002
2018,2018-09-01,0410030A0,Buprenorphine Hydrochloride,60181,1334568,1467670.8379900001
2017,2017-10-01,0410030B0,Buprenorph HCl/Naloxone HCl,2261,42893,65862.49999999999
2017,2017-11-01,0410020C0,Varenicline Tartrate,30356,804686,984602.228679976
2012,2012-03-01,0410030C0,Methadone Hydrochloride,189536,115274028,1604605.91
2015,2015-05-01,0410010B0,Disulfiram,3950,97138,56087.35999999997
2017,2017-06-01,0410030E0,Naltrexone Hydrochloride,1765,41763,63441.740290000016
2015,2015-05-01,0703022M0,Medroxyprogesterone Acetate,75603,76446,425280.0599999999
2018,2018-06-01,0410010D0,Nalmefene,148,2832,7965.945959999999
2010,2010-09-01,0410030A0,Buprenorphine Hydrochloride,7988,902070,118836.19000000006
2012,2012-10-01,0410030D0,Lofexidine Hydrochloride,321,10948,10429.860000000004
2015,2015-09-01,0410030D0,Lofexidine Hydrochloride,217,10217,9756.269999999999
2013,2013-12-01,0410010D0,Nalmefene,39,777,2173.9000000000005
2016,2016-07-01,0703023L0,Levonorgestrel,9959,10017,810211.5699999993
2016,2016-03-01,0703023L0,Levonorgestrel,10566,10624,859068.6499999996
2014,2014-03-01,0410010A0,Acamprosate Calcium,10677,1143105,181862.44000000003
2013,2013-08-01,0410010B0,Disulfiram,4327,116397,53671.42999999996
2013,2013-07-01,0410030C0,Methadone Hydrochloride,167010,97141162,1233912.3500000003
2014,2014-08-01,0410030C0,Methadone Hydrochloride,150296,85310240,1058097.3200000005
2018,2018-09-01,0703022M0,Medroxyprogesterone Acetate,74824,77092,434315.76280000655
2013,2013-01-01,0410020C0,Varenicline Tartrate,71345,1723526,2179766.670000001
2010,2010-11-01,0410000N0,,1298,31631,55792.63999999999
2016,2016-02-01,0703022M0,Medroxyprogesterone Acetate,73649,74556,415358.6500000008
2010,2010-11-01,0410000AA,,1255,143276,13359.400000000003
2016,2016-01-01,0410010D0,Nalmefene,302,6755,18989.64
2013,2013-03-01,0703023L0,Levonorgestrel,11300,11380,925782.1299999998
2019,2019-01-01,0410010A0,Acamprosate Calcium,10813,1071195,199808.0477900002
2017,2017-09-01,0703023L0,Levonorgestrel,10595,10653,862790.8399199967
2013,2013-09-01,0410030E0,Naltrexone Hydrochloride,1388,40252,62878.87999999997
2018,2018-07-01,0410010A0,Acamprosate Calcium,10743,1029517,192127.5158099999
2017,2017-07-01,0703022M0,Medroxyprogesterone Acetate,76727,78235,437061.3694799975
2017,2017-08-01,0410030E0,Naltrexone Hydrochloride,1765,42518,73001.49422000005
2012,2012-08-01,0410030C0,Methadone Hydrochloride,187122,111821995,1422249.0500000017
2014,2014-06-01,0703022M0,Medroxyprogesterone Acetate,81651,82548,458880.3
2013,2013-05-01,0410030E0,Naltrexone Hydrochloride,1349,33091,65889.77999999998
2016,2016-04-01,0410030A0,Buprenorphine Hydrochloride,59967,1335498,544508.8900000001
2016,2016-06-01,0410030E0,Naltrexone Hydrochloride,1561,36248,63446.409999999996
2018,2018-12-01,0703022M0,Medroxyprogesterone Acetate,73916,75903,427791.6956400005
2011,2011-07-01,0410000P0,,126337,5212614,2313007.4500000016
2012,2012-11-01,0410020C0,Varenicline Tartrate,70727,1908629,2215529.6299999994
2015,2015-09-01,0410010D0,Nalmefene,322,7038,19766.300000000014
2014,2014-12-01,0410020C0,Varenicline Tartrate,39371,1095952,1290159.9399999985
2011,2011-07-01,0410000M0,,183837,115847557,1727257.4200000002
2011,2011-01-01,0703022M0,Medroxyprogesterone Acetate,84077,85676,474362.7699999998
2012,2012-02-01,0410030B0,Buprenorph HCl/Naloxone HCl,6933,134001,202331.92999999993
2010,2010-09-01,0410000AA,,1168,141026,13103.190000000006
2011,2011-09-01,0410000AB,,73547,1893162,2291262.0799999996
2015,2015-07-01,0410030C0,Methadone Hydrochloride,158512,91381943,1156040.33
2018,2018-06-01,0703023L0,Levonorgestrel,11705,11774,952190.5161200005
2016,2016-09-01,0410030C0,Methadone Hydrochloride,152608,88492721,1056697.93
2017,2017-12-01,0410030D0,Lofexidine Hydrochloride,146,5318,5088.06227
2011,2011-06-01,0410000Q0,,2623,142931,105035.09000000014
2011,2011-10-01,0410000AB,,71298,1835126,2211846.4
2011,2011-05-01,0410000H0,,4561,122243,56001.25999999999
2017,2017-05-01,0703022M0,Medroxyprogesterone Acetate,80660,81914,458054.0172600002
2012,2012-03-01,0410030A0,Buprenorphine Hydrochloride,51833,1184796,1582263.6599999995
2018,2018-04-01,0410020C0,Varenicline Tartrate,27251,721820,889371.0270100068
2016,2016-11-01,0410030C0,Methadone Hydrochloride,154561,90453515,1084605.4100000001
2017,2017-01-01,0410020C0,Varenicline Tartrate,33951,794958,1077318.482550004
2016,2016-11-01,0410020C0,Varenicline Tartrate,33704,875440,1084894.739999996
2012,2012-02-01,0410010A0,Acamprosate Calcium,8562,957230,126504.56999999999
2018,2018-07-01,0703022M0,Medroxyprogesterone Acetate,80785,83217,468479.1376999942
2015,2015-10-01,0703022M0,Medroxyprogesterone Acetate,77027,77864,433185.3100000001
2012,2012-08-01,0410020C0,Varenicline Tartrate,68394,1857016,2160034.1599999988
2012,2012-06-01,0703022M0,Medroxyprogesterone Acetate,77955,78856,436952.99
2016,2016-09-01,0703023L0,Levonorgestrel,10683,10745,870232.9000000001
2018,2018-10-01,0410030C0,Methadone Hydrochloride,153962,94987460,895981.2424500021
2014,2014-02-01,0410020C0,Varenicline Tartrate,56830,1417204,1767894.5999999996
2014,2014-04-01,0410030C0,Methadone Hydrochloride,152957,86735450,1084599.37
2012,2012-10-01,0410030A0,Buprenorphine Hydrochloride,56508,1306971,1191529.54
2012,2012-01-01,0410030E0,Naltrexone Hydrochloride,1145,29712,54348.389999999985
2015,2015-12-01,0410030D0,Lofexidine Hydrochloride,161,7621,7272.16
2010,2010-12-01,0410030A0,Buprenorphine Hydrochloride,7691,848038,111799.88000000006
2012,2012-01-01,0410010B0,Disulfiram,4574,121846,55854.84999999996
2014,2014-04-01,0410010B0,Disulfiram,4052,98673,56890.399999999965
2018,2018-03-01,0410030D0,Lofexidine Hydrochloride,80,3385,3243.35695
2012,2012-10-01,0410010B0,Disulfiram,4651,119255,54953.53000000008
2018,2018-07-01,0410010D0,Nalmefene,130,2453,6902.96564
2016,2016-02-01,0410010B0,Disulfiram,3803,90943,152565.48999999985
2016,2016-07-01,0410020C0,Varenicline Tartrate,31322,819197,1014482.5800000012
2015,2015-09-01,0410030A0,Buprenorphine Hydrochloride,59528,1322546,613520.9199999999
2012,2012-09-01,0410030E0,Naltrexone Hydrochloride,1341,32050,62077.48999999996
2013,2013-01-01,0703022M0,Medroxyprogesterone Acetate,88464,89802,498637.6799999998
2018,2018-03-01,0703023L0,Levonorgestrel,11366,11431,925863.8685499984
2016,2016-12-01,0410030C0,Methadone Hydrochloride,158371,91302437,1096127.1600000001
2013,2013-11-01,0410030A0,Buprenorphine Hydrochloride,53397,1221724,828632.2999999999
2015,2015-09-01,0703022M0,Medroxyprogesterone Acetate,79780,80531,448251.63000000006
2014,2014-11-01,0410020C0,Varenicline Tartrate,41819,1078977,1320314.49
2011,2011-11-01,0410030E0,Naltrexone Hydrochloride,1128,25951,47516.259999999995
2018,2018-09-01,0410030D0,Lofexidine Hydrochloride,1,60,57.34227
2011,2011-05-01,0410000P0,,133816,5598819,2475649.4299999992
2016,2016-10-01,0410030E0,Naltrexone Hydrochloride,1570,37782,66682.53000000003
2014,2014-11-01,0410030A0,Buprenorphine Hydrochloride,52841,1180153,628113.5499999998
2018,2018-09-01,0410020C0,Varenicline Tartrate,24555,647229,805178.4387999922
2013,2013-01-01,0410030E0,Naltrexone Hydrochloride,1578,36785,80488.81
2012,2012-06-01,0410010B0,Disulfiram,4439,117612,53841.339999999975
2018,2018-06-01,0410030C0,Methadone Hydrochloride,142497,86540522,896927.6907499996
2015,2015-10-01,0410010D0,Nalmefene,363,7491,21085.850000000017
2018,2018-11-01,0703023L0,Levonorgestrel,12156,12236,988521.2902099995
2012,2012-09-01,0410010B0,Disulfiram,4417,115245,53060.57999999999
2016,2016-11-01,0410030B0,Buprenorph HCl/Naloxone HCl,2868,53411,81746.96999999997
2012,2012-05-01,0410030D0,Lofexidine Hydrochloride,302,10312,9813.470000000003
2013,2013-12-01,0410010A0,Acamprosate Calcium,10641,1156001,183640.9400000001
2018,2018-02-01,0410030C0,Methadone Hydrochloride,135410,81679818,877195.7757500007
2014,2014-05-01,0410030C0,Methadone Hydrochloride,153538,87047693,1092273.78
2018,2018-10-01,0703022M0,Medroxyprogesterone Acetate,81704,84756,477602.56668000435
2013,2013-07-01,0410010A0,Acamprosate Calcium,10593,1167941,185539.41
2016,2016-06-01,0410010B0,Disulfiram,3981,95583,161927.05000000008
2015,2015-12-01,0703022M0,Medroxyprogesterone Acetate,80474,81597,454221.8199999995
2011,2011-06-01,0703023L0,Levonorgestrel,12313,12413,1006561.3700000006
2015,2015-10-01,0410030E0,Naltrexone Hydrochloride,1658,37527,57051.89999999995
2016,2016-07-01,0410030D0,Lofexidine Hydrochloride,182,6714,6425.749999999999
2016,2016-03-01,0410020C0,Varenicline Tartrate,41347,1077006,1318154.200000006
2013,2013-10-01,0703023L0,Levonorgestrel,11946,12029,978051.2700000008
2011,2011-11-01,0410020C0,Varenicline Tartrate,74345,1921757,2301448.3099999987
2014,2014-01-01,0410020C0,Varenicline Tartrate,57234,1259221,1757332.119999999
2017,2017-01-01,0410030E0,Naltrexone Hydrochloride,1592,37068,63202.80539999999
2014,2014-09-01,0410010A0,Acamprosate Calcium,11169,1177460,187392.20000000022
2013,2013-08-01,0703023L0,Levonorgestrel,9769,9861,801228.1299999995
2014,2014-07-01,0410030E0,Naltrexone Hydrochloride,1439,32338,54641.709999999985
2017,2017-05-01,0410030D0,Lofexidine Hydrochloride,191,6842,6551.661600000001
2017,2017-08-01,0410010B0,Disulfiram,2647,61207,103724.00699
2016,2016-10-01,0410030D0,Lofexidine Hydrochloride,202,8554,8179.22
2014,2014-09-01,0410010D0,Nalmefene,78,1468,4144.149999999998
2017,2017-07-01,0410030C0,Methadone Hydrochloride,144419,84993941,953426.3665500006
2011,2011-08-01,0703022M0,Medroxyprogesterone Acetate,84059,85704,474989.5300000001
2013,2013-08-01,0410030E0,Naltrexone Hydrochloride,1415,36385,60727.200000000004
2015,2015-06-01,0410030C0,Methadone Hydrochloride,155981,89628338,1145647.4900000002
2017,2017-04-01,0410020C0,Varenicline Tartrate,34630,930214,1122093.9434100082
2017,2017-06-01,0410010D0,Nalmefene,215,3671,10310.159429999992
2013,2013-10-01,0410030E0,Naltrexone Hydrochloride,1479,40913,65895.74000000003
2011,2011-12-01,0410030A0,Buprenorphine Hydrochloride,51070,1159505,1612083.5499999993
2012,2012-02-01,0410010B0,Disulfiram,4386,112732,51722.52000000004
2014,2014-05-01,0410020C0,Varenicline Tartrate,48846,1259106,1541513.8
2016,2016-03-01,0703022M0,Medroxyprogesterone Acetate,80365,81447,453868.02000000095
2013,2013-08-01,0410030C0,Methadone Hydrochloride,158996,91503340,1160884.8200000005
2012,2012-11-01,0703022M0,Medroxyprogesterone Acetate,79884,80736,447334.8600000003
2014,2014-11-01,0410030B0,Buprenorph HCl/Naloxone HCl,6255,115535,172252.06
2012,2012-09-01,0410030B0,Buprenorph HCl/Naloxone HCl,7558,143911,209739.34
2011,2011-05-01,0410000AB,,86809,2255495,2730351.8100000005
2017,2017-09-01,0410010B0,Disulfiram,2340,54938,93470.81910000008
2012,2012-04-01,0410030C0,Methadone Hydrochloride,176879,107106985,1485960.5999999994
2017,2017-09-01,0410030C0,Methadone Hydrochloride,142166,83443972,919951.2165500002
2013,2013-10-01,0410030A0,Buprenorphine Hydrochloride,56205,1286690,882789.1200000003
2017,2017-11-01,0410010A0,Acamprosate Calcium,11268,1118840,207943.65198999978
2012,2012-11-01,0410030D0,Lofexidine Hydrochloride,322,11392,10843.989999999996
2015,2015-09-01,0410030E0,Naltrexone Hydrochloride,1663,38808,64295.70999999999
2016,2016-11-01,0410010D0,Nalmefene,239,4781,13415.489999999998
2016,2016-08-01,0410030E0,Naltrexone Hydrochloride,1607,38943,58716.600000000006
2012,2012-04-01,0410030D0,Lofexidine Hydrochloride,258,9381,8910.3
2017,2017-12-01,0410010B0,Disulfiram,2953,70960,120880.4446799999
2010,2010-08-01,0410000H0,,4247,121299,55449.650000000016
2013,2013-01-01,0410010B0,Disulfiram,4679,122161,56359.76000000002
2017,2017-01-01,0410030D0,Lofexidine Hydrochloride,173,7479,7147.603269999999
2011,2011-06-01,0410000AA,,1349,157651,14665.460000000006
2012,2012-07-01,0410030E0,Naltrexone Hydrochloride,1393,32200,66673.06000000004
2015,2015-06-01,0703023L0,Levonorgestrel,12193,12266,989413.6100000003
2017,2017-03-01,0410030C0,Methadone Hydrochloride,153851,91265959,1029649.4826999999
2011,2011-07-01,0703023L0,Levonorgestrel,11244,11327,918323.4599999997
2013,2013-09-01,0410030B0,Buprenorph HCl/Naloxone HCl,8345,151779,224647.41000000015
2014,2014-12-01,0410030B0,Buprenorph HCl/Naloxone HCl,7029,129295,193347.9299999999
2013,2013-09-01,0410030C0,Methadone Hydrochloride,150146,86721835,1105175.9000000001
2017,2017-08-01,0410010A0,Acamprosate Calcium,11053,1101005,204679.5695199991
2010,2010-10-01,0410000AA,,1142,132407,12364.460000000005
2014,2014-04-01,0410030B0,Buprenorph HCl/Naloxone HCl,7990,146565,218527.54999999993
2019,2019-02-01,0410030C0,Methadone Hydrochloride,140936,88403430,807675.8205500008
2013,2013-06-01,0703022M0,Medroxyprogesterone Acetate,77969,78916,437492.72999999986
2018,2018-07-01,0703023L0,Levonorgestrel,11198,11280,911903.5004000067
2017,2017-12-01,0410030C0,Methadone Hydrochloride,149971,88608352,971361.2132099998
2018,2018-11-01,0410020C0,Varenicline Tartrate,26935,725185,885023.4716500038
2016,2016-10-01,0410010A0,Acamprosate Calcium,10933,1102362,198275.37999999983
2012,2012-01-01,0410030C0,Methadone Hydrochloride,183722,113548439,1607946.8799999997
2016,2016-09-01,0410030B0,Buprenorph HCl/Naloxone HCl,3228,58469,89059.51999999997
2018,2018-01-01,0410030C0,Methadone Hydrochloride,150892,90682183,973435.0749100011
2016,2016-05-01,0410030E0,Naltrexone Hydrochloride,1501,35475,60566.38999999999
2012,2012-11-01,0703023L0,Levonorgestrel,11732,11824,958962.9299999999
2017,2017-05-01,0410010D0,Nalmefene,214,3676,10332.508719999998
2011,2011-04-01,0410000D0,,40457,893074,1262599.13
2011,2011-10-01,0703023L0,Levonorgestrel,11767,11840,959871.83
2012,2012-09-01,0410030C0,Methadone Hydrochloride,167159,99498293,1247833.6599999997
2011,2011-02-01,0410000L0,,237,8493,8068.509999999999
2015,2015-06-01,0410030A0,Buprenorphine Hydrochloride,59091,1319190,655999.9399999995
2011,2011-11-01,0410030D0,Lofexidine Hydrochloride,336,9534,9059.080000000004
2017,2017-04-01,0410010D0,Nalmefene,190,3408,9565.979469999998
2014,2014-04-01,0410030E0,Naltrexone Hydrochloride,1448,36437,57266.819999999956
2012,2012-12-01,0703023L0,Levonorgestrel,8907,8988,729502.3999999999
2013,2013-08-01,0410020C0,Varenicline Tartrate,54990,1411482,1738159.0899999996
2015,2015-07-01,0410030A0,Buprenorphine Hydrochloride,60620,1343957,634494.2299999999
2018,2018-02-01,0703022M0,Medroxyprogesterone Acetate,71826,73782,413769.0093799999
2018,2018-09-01,0410010A0,Acamprosate Calcium,10482,1012468,188744.2071399976
2017,2017-11-01,0410030B0,Buprenorph HCl/Naloxone HCl,2232,45065,69819.83223999999
2016,2016-02-01,0410030C0,Methadone Hydrochloride,148394,87090036,1066130.8399999994
2012,2012-11-01,0410030B0,Buprenorph HCl/Naloxone HCl,7555,141651,215183.0900000001
2018,2018-08-01,0410010A0,Acamprosate Calcium,11161,1079073,201394.49502000128
2015,2015-08-01,0410030E0,Naltrexone Hydrochloride,1599,35336,57244.78000000006
2015,2015-12-01,0410010A0,Acamprosate Calcium,12021,1251017,199281.83999999994
2017,2017-02-01,0410010B0,Disulfiram,3131,71378,121238.90257999994
2011,2011-06-01,0410000L0,,366,11334,10766.26
2011,2011-01-01,0410000AC,,5857,116644,185512.75000000006
2018,2018-02-01,0410030B0,Buprenorph HCl/Naloxone HCl,1772,36790,57615.369269999996
2010,2010-10-01,0410000H0,,4359,123058,56245.84000000003
2010,2010-11-01,0703022M0,Medroxyprogesterone Acetate,78317,79393,439571.6599999997
2014,2014-04-01,0703023L0,Levonorgestrel,10588,10676,867188.5499999991
2016,2016-05-01,0410030B0,Buprenorph HCl/Naloxone HCl,3563,67266,101937.72
2017,2017-04-01,0703022M0,Medroxyprogesterone Acetate,73335,74545,416135.0849200019
2011,2011-01-01,0410000D0,,37005,826585,1258582.4500000002
2012,2012-09-01,0703022M0,Medroxyprogesterone Acetate,79734,80714,447247.59999999974
2010,2010-12-01,0410000D0,,42754,958906,1462627.1799999992
2010,2010-12-01,0703023L0,Levonorgestrel,8216,8294,654336.1000000004
2013,2013-02-01,0410030D0,Lofexidine Hydrochloride,322,12263,11699.830000000005
2011,2011-08-01,0703023L0,Levonorgestrel,10031,10093,818439.3300000001
2017,2017-09-01,0410030B0,Buprenorph HCl/Naloxone HCl,2170,42228,64411.24847999997
2018,2018-02-01,0410030E0,Naltrexone Hydrochloride,1538,36558,53647.33913000004
2010,2010-11-01,0410000Q0,,3067,168069,123394.21999999994
2012,2012-08-01,0410030B0,Buprenorph HCl/Naloxone HCl,8180,156808,228924.94000000006
2014,2014-05-01,0410030B0,Buprenorph HCl/Naloxone HCl,8047,149161,222402.94000000003
2017,2017-10-01,0410020C0,Varenicline Tartrate,31045,808066,1007004.70936999
2011,2011-02-01,0703023L0,Levonorgestrel,10618,10699,867783.7699999997
2013,2013-04-01,0410030D0,Lofexidine Hydrochloride,255,8644,8245.23
2011,2011-08-01,0410000D0,,44682,974958,1452166.8800000006
2016,2016-04-01,0703022M0,Medroxyprogesterone Acetate,79873,80698,449678.4000000008
2016,2016-11-01,0410010B0,Disulfiram,3996,95447,161936.08999999988
2014,2014-08-01,0703022M0,Medroxyprogesterone Acetate,76644,77705,432309.6500000001
2016,2016-01-01,0410030A0,Buprenorphine Hydrochloride,56093,1250998,545046.0799999995
2017,2017-10-01,0410010A0,Acamprosate Calcium,11283,1128279,209863.62899000075
2013,2013-02-01,0410020C0,Varenicline Tartrate,71550,1888472,2210685.3599999994
2013,2013-03-01,0410020C0,Varenicline Tartrate,74436,2048493,2333078.9399999995
2012,2012-02-01,0410020C0,Varenicline Tartrate,81756,2149193,2529951.86
2014,2014-10-01,0410010B0,Disulfiram,4332,109593,63233.229999999996
2011,2011-02-01,0410000N0,,963,24488,51109.78000000002
2016,2016-11-01,0410030A0,Buprenorphine Hydrochloride,61988,1381784,420928.43999999994
2013,2013-01-01,0410030D0,Lofexidine Hydrochloride,284,9614,9171.590000000002
2018,2018-12-01,0410010D0,Nalmefene,135,2719,7651.348089999998
2011,2011-05-01,0410000N0,,1030,25941,47771.88999999999
2015,2015-03-01,0410030B0,Buprenorph HCl/Naloxone HCl,6137,111515,167800.8199999999
2013,2013-05-01,0410030C0,Methadone Hydrochloride,173636,101214988,1284494.1400000006
2014,2014-01-01,0410030A0,Buprenorphine Hydrochloride,54673,1234327,789529.6599999997
2012,2012-06-01,0410030A0,Buprenorphine Hydrochloride,50055,1136814,1504541.0000000002
2015,2015-05-01,0410030C0,Methadone Hydrochloride,145579,83445804,1063485.7999999998
2014,2014-01-01,0410010B0,Disulfiram,4427,110697,63800.49
2015,2015-04-01,0410030B0,Buprenorph HCl/Naloxone HCl,5509,101144,151357.75000000003
2014,2014-07-01,0410030A0,Buprenorphine Hydrochloride,60103,1338197,739790.1000000002
2017,2017-04-01,0410030B0,Buprenorph HCl/Naloxone HCl,2145,40805,61209.579470000004
2017,2017-12-01,0410030A0,Buprenorphine Hydrochloride,64803,1421530,395415.9282299996
2011,2011-03-01,0703022M0,Medroxyprogesterone Acetate,84208,85440,473661.92000000016
2010,2010-11-01,0410000L0,,330,9400,8921.509999999995
2015,2015-10-01,0410030B0,Buprenorph HCl/Naloxone HCl,4558,83271,125234.70000000004
2016,2016-04-01,0410020C0,Varenicline Tartrate,38985,995346,1242276.189999998
2013,2013-08-01,0410030A0,Buprenorphine Hydrochloride,56082,1270678,952852.0899999992
2018,2018-04-01,0703022M0,Medroxyprogesterone Acetate,79128,81057,455192.7420799991
2013,2013-07-01,0410030D0,Lofexidine Hydrochloride,292,10232,9755.550000000001
2014,2014-10-01,0410030D0,Lofexidine Hydrochloride,290,10570,10091.830000000005
2017,2017-04-01,0410010B0,Disulfiram,2307,51189,86905.76605000002
2018,2018-03-01,0410030C0,Methadone Hydrochloride,150150,90142366,968329.64315
2017,2017-04-01,0703023L0,Levonorgestrel,9612,9661,782287.5871200026
2018,2018-10-01,0410030D0,Lofexidine Hydrochloride,1,15,14.44976
2012,2012-01-01,0703022M0,Medroxyprogesterone Acetate,85611,86924,482328.0100000001
2018,2018-05-01,0410030A0,Buprenorphine Hydrochloride,67333,1482846,1718821.2774000075
2011,2011-02-01,0410000AB,,92130,2313794,2858571.8899999983
2018,2018-09-01,0410030C0,Methadone Hydrochloride,138250,84447515,798921.6874500003
2015,2015-04-01,0410010A0,Acamprosate Calcium,10820,1128726,179682.69999999998
2014,2014-10-01,0703022M0,Medroxyprogesterone Acetate,81108,81992,456441.43999999994
2011,2011-12-01,0410030E0,Naltrexone Hydrochloride,1195,30209,55594.2
2012,2012-02-01,0410030C0,Methadone Hydrochloride,178931,110433056,1549734.0899999992
2016,2016-10-01,0703023L0,Levonorgestrel,10504,10565,855213.6999999988
2011,2011-08-01,0410000Q0,,2399,130576,95956.39999999997
2017,2017-09-01,0410030D0,Lofexidine Hydrochloride,213,7723,7388.438680000001
2012,2012-07-01,0410030B0,Buprenorph HCl/Naloxone HCl,7774,149163,218945.08000000002
2011,2011-06-01,0410000D0,,42738,931028,1359192.5500000005
2016,2016-03-01,0410030A0,Buprenorphine Hydrochloride,62365,1389550,591430.0299999998
2017,2017-10-01,0703022M0,Medroxyprogesterone Acetate,78750,80235,448804.9242199993
2018,2018-08-01,0410010D0,Nalmefene,141,2564,7219.384829999999
2014,2014-06-01,0410010D0,Nalmefene,40,805,2282.71
2018,2018-10-01,0410010B0,Disulfiram,3083,71133,136200.81914000015
2012,2012-05-01,0410030C0,Methadone Hydrochloride,194627,117352574,1627645.5000000002
2014,2014-04-01,0410030A0,Buprenorphine Hydrochloride,56201,1263340,704501.0500000003
2016,2016-09-01,0703022M0,Medroxyprogesterone Acetate,78977,80156,447472.5700000003
2011,2011-03-01,0410000Q0,,3211,173100,127235.81000000004
2018,2018-11-01,0410010D0,Nalmefene,112,2092,5884.68076
2013,2013-08-01,0703022M0,Medroxyprogesterone Acetate,80784,81713,453570.91
2018,2018-04-01,0410030D0,Lofexidine Hydrochloride,69,2396,2295.55905
2018,2018-01-01,0410010A0,Acamprosate Calcium,11236,1120524,208668.75887999992
2018,2018-09-01,0410010D0,Nalmefene,126,2352,6615.687670000001
2015,2015-12-01,0410010D0,Nalmefene,346,7361,20651.93
2012,2012-04-01,0410020C0,Varenicline Tartrate,78525,2057881,2432842.0
2018,2018-04-01,0410010A0,Acamprosate Calcium,10558,1031987,192397.7690100014
2011,2011-12-01,0410000M0,,23262,14031673,171794.83999999988
2011,2011-07-01,0410000AC,,6406,126116,189608.44999999998
2016,2016-06-01,0410010D0,Nalmefene,247,4780,13413.779999999997
2016,2016-12-01,0410030E0,Naltrexone Hydrochloride,1643,39634,63232.87999999991
2016,2016-12-01,0410010A0,Acamprosate Calcium,11215,1142276,210833.07999999975
2012,2012-05-01,0410010B0,Disulfiram,4854,125064,57380.430000000044
2014,2014-12-01,0410030A0,Buprenorphine Hydrochloride,61158,1363158,722360.4700000002
2014,2014-10-01,0410030C0,Methadone Hydrochloride,156499,89542758,1142096.93
2019,2019-02-01,0703022M0,Medroxyprogesterone Acetate,71444,74094,418437.419499993
2013,2013-12-01,0703022M0,Medroxyprogesterone Acetate,78756,79849,443464.0300000001
2016,2016-02-01,0410020C0,Varenicline Tartrate,40536,1004492,1272298.0499999942
2011,2011-01-01,0410000M0,,185527,124444746,1837733.3699999999
2014,2014-10-01,0410030A0,Buprenorphine Hydrochloride,58632,1321065,714617.5300000001
2010,2010-08-01,0410000D0,,39203,854461,1311177.68
2013,2013-08-01,0410010D0,Nalmefene,20,406,1164.8
2018,2018-11-01,0410010B0,Disulfiram,2926,67729,129647.50381999926
2011,2011-11-01,0410000P0,,2,110,18.4
2011,2011-08-01,0410000H0,,4704,126641,57976.7
2013,2013-05-01,0410020C0,Varenicline Tartrate,64511,1786489,2019712.1400000013
2018,2018-05-01,0410020C0,Varenicline Tartrate,27849,740185,908424.0861900088
2015,2015-09-01,0410030B0,Buprenorph HCl/Naloxone HCl,4779,85529,129329.32999999997
2010,2010-09-01,0410000H0,,4458,127196,58145.26999999997
2012,2012-10-01,0703022M0,Medroxyprogesterone Acetate,85671,86643,480617.7399999996
2016,2016-08-01,0410010A0,Acamprosate Calcium,11239,1148658,183331.63000000027
2010,2010-08-01,0703023L0,Levonorgestrel,9343,9420,742602.14
2016,2016-09-01,0410030A0,Buprenorphine Hydrochloride,60145,1333135,478452.07999999996
2017,2017-02-01,0410020C0,Varenicline Tartrate,35718,907510,1143825.8026099796
2010,2010-10-01,0410000P0,,118876,5076415,2171929.770000001
2013,2013-02-01,0703022M0,Medroxyprogesterone Acetate,76434,77648,431223.12
2015,2015-03-01,0410030A0,Buprenorphine Hydrochloride,59469,1326961,673430.0800000005
2013,2013-09-01,0410020C0,Varenicline Tartrate,53731,1304400,1675456.9300000004
2014,2014-01-01,0703022M0,Medroxyprogesterone Acetate,88340,89298,496048.1600000005
2011,2011-11-01,0410030A0,Buprenorphine Hydrochloride,48610,1107292,1526515.62
2016,2016-08-01,0410030D0,Lofexidine Hydrochloride,214,8766,8386.449999999999
2011,2011-08-01,0410000M0,,197006,123232097,1828338.3299999998
2011,2011-04-01,0410000L0,,301,8628,8189.559999999996
2011,2011-08-01,0410000N0,,1115,26048,53202.41999999994
2010,2010-10-01,0410000L0,,240,7656,7261.720000000003
2018,2018-10-01,0410030E0,Naltrexone Hydrochloride,1573,36251,61058.11238999997
2013,2013-02-01,0410010A0,Acamprosate Calcium,8906,983449,156324.82
2014,2014-09-01,0410030C0,Methadone Hydrochloride,153134,87271705,1083426.1699999992
2019,2019-02-01,0703023L0,Levonorgestrel,11234,11298,913356.5047599917
2017,2017-05-01,0410030B0,Buprenorph HCl/Naloxone HCl,2285,45009,67213.199
2017,2017-07-01,0410030B0,Buprenorph HCl/Naloxone HCl,2303,42596,66528.47061
2014,2014-08-01,0410030A0,Buprenorphine Hydrochloride,56491,1259664,690724.8899999999
2013,2013-06-01,0410030D0,Lofexidine Hydrochloride,314,11579,11026.81
2015,2015-03-01,0410020C0,Varenicline Tartrate,53699,1350019,1694091.7900000003
2011,2011-01-01,0410000H0,,4292,120478,55100.91000000001
2010,2010-11-01,0410000M0,,197857,132906676,2049090.94
2018,2018-09-01,0410030B0,Buprenorph HCl/Naloxone HCl,1732,35661,58056.93186000001
2012,2012-12-01,0410030D0,Lofexidine Hydrochloride,222,8092,7705.659999999995
2011,2011-10-01,0410000D0,,42902,930263,1386550.2700000003
2010,2010-09-01,0410000P0,,112935,4906897,2099401.319999998
2011,2011-10-01,0410000AA,,1181,134711,12506.26999999999
2019,2019-02-01,0410030E0,Naltrexone Hydrochloride,1433,33097,71099.60730000009
2017,2017-12-01,0703022M0,Medroxyprogesterone Acetate,73973,75538,423063.96502999193
2010,2010-08-01,0410000P0,,102367,4465811,1927083.869999999
2013,2013-05-01,0703023L0,Levonorgestrel,11812,11908,966952.65
2014,2014-12-01,0410010D0,Nalmefene,371,7700,21673.67000000001
2011,2011-05-01,0410000AC,,6166,123603,185880.53999999998
2017,2017-11-01,0410010D0,Nalmefene,170,3404,9543.05718
2017,2017-11-01,0410030C0,Methadone Hydrochloride,149171,89074733,975605.4717699989
2017,2017-11-01,0410030E0,Naltrexone Hydrochloride,1688,41565,59610.70918000013
2014,2014-03-01,0410030B0,Buprenorph HCl/Naloxone HCl,8098,148694,223636.55000000008
2015,2015-07-01,0410010A0,Acamprosate Calcium,11843,1252322,199344.5800000001
2010,2010-12-01,0410000H0,,4556,124210,56831.09000000002
2018,2018-01-01,0410020C0,Varenicline Tartrate,29645,714607,953615.9470099923
2016,2016-06-01,0410030B0,Buprenorph HCl/Naloxone HCl,3605,67248,101396.47
2014,2014-08-01,0410030B0,Buprenorph HCl/Naloxone HCl,7264,135472,201516.00999999998
2010,2010-12-01,0410000AC,,6738,134103,216565.6900000001
2011,2011-12-01,0703022M0,Medroxyprogesterone Acetate,80739,81772,453995.8000000001
2014,2014-06-01,0410010A0,Acamprosate Calcium,10516,1133229,180097.45999999996
2016,2016-08-01,0410010D0,Nalmefene,271,5089,14295.41
2015,2015-02-01,0703023L0,Levonorgestrel,10950,11021,892580.2499999998
2018,2018-12-01,0703023L0,Levonorgestrel,9046,9107,735626.4052299991
2018,2018-07-01,0410030E0,Naltrexone Hydrochloride,1561,35988,57866.16011000011
2014,2014-07-01,0410030D0,Lofexidine Hydrochloride,279,9786,9348.19
2018,2018-08-01,0410030B0,Buprenorph HCl/Naloxone HCl,1884,38901,62589.58592999997
2011,2011-09-01,0410000N0,,1110,27249,48494.69000000001
2012,2012-03-01,0410010A0,Acamprosate Calcium,9377,1047142,166022.45000000013
2014,2014-05-01,0410030D0,Lofexidine Hydrochloride,251,9606,9167.599999999999
2017,2017-06-01,0410010A0,Acamprosate Calcium,11418,1155228,214916.11538000073
2013,2013-11-01,0410020C0,Varenicline Tartrate,53350,1373365,1673773.6400000004
2015,2015-04-01,0410010D0,Nalmefene,312,6413,18016.37999999999
2014,2014-03-01,0410020C0,Varenicline Tartrate,59189,1510973,1857334.7500000005
2010,2010-09-01,0410000AB,,75293,1959344,2350763.51
2013,2013-02-01,0410030E0,Naltrexone Hydrochloride,1333,31287,60539.00000000006
2017,2017-09-01,0410010D0,Nalmefene,175,3308,9290.6017
2016,2016-12-01,0703023L0,Levonorgestrel,8654,8719,705777.2399999988
2014,2014-07-01,0410010B0,Disulfiram,4186,103129,59638.78000000001
2016,2016-05-01,0703023L0,Levonorgestrel,10856,10918,882587.7500000015
2015,2015-09-01,0410010A0,Acamprosate Calcium,11344,1195415,190382.88999999998
2014,2014-10-01,0410010A0,Acamprosate Calcium,11833,1260350,200525.60000000006
2014,2014-05-01,0410010B0,Disulfiram,3734,88864,51285.5
2017,2017-02-01,0703023L0,Levonorgestrel,10293,10372,838832.7006799991
2012,2012-08-01,0410030A0,Buprenorphine Hydrochloride,55862,1290366,1597097.2199999997
2014,2014-06-01,0410010B0,Disulfiram,4262,111907,64477.409999999974
2010,2010-09-01,0410000L0,,242,8710,8262.13
2015,2015-03-01,0703022M0,Medroxyprogesterone Acetate,78095,79013,439985.3299999999
2013,2013-05-01,0410010B0,Disulfiram,4117,99197,45770.81999999997
2015,2015-11-01,0410010D0,Nalmefene,340,7162,20072.40000000001
2011,2011-04-01,0410000AA,,1238,143718,13528.28000000001
2015,2015-03-01,0410010D0,Nalmefene,304,6215,17480.809999999994
2016,2016-04-01,0410010B0,Disulfiram,4073,97463,164800.96999999983
2015,2015-04-01,0703023L0,Levonorgestrel,9704,9777,787154.4300000004
2015,2015-01-01,0703022M0,Medroxyprogesterone Acetate,82577,83403,463156.8300000002
2018,2018-02-01,0410010D0,Nalmefene,123,2595,7291.073589999998
2012,2012-06-01,0410020C0,Varenicline Tartrate,68057,1820998,2124960.0
2018,2018-01-01,0410010B0,Disulfiram,2997,70954,120922.74639999986
2012,2012-08-01,0410010B0,Disulfiram,4635,120945,55774.27000000001
2011,2011-06-01,0410000H0,,4627,124580,57032.36000000001
2012,2012-07-01,0410030A0,Buprenorphine Hydrochloride,53259,1234504,1560944.2699999993
2010,2010-10-01,0410000D0,,38255,841834,1285556.5099999998
2011,2011-01-01,0410000AA,,1226,138595,12975.690000000006
2014,2014-06-01,0703023L0,Levonorgestrel,11875,11971,970076.9099999993
2014,2014-11-01,0410010D0,Nalmefene,267,5591,15658.84
2013,2013-06-01,0410030A0,Buprenorphine Hydrochloride,52837,1205540,932792.0699999998
2016,2016-02-01,0410030E0,Naltrexone Hydrochloride,1617,38182,70840.55
2013,2013-12-01,0410030B0,Buprenorph HCl/Naloxone HCl,9308,171444,258552.62000000008
2016,2016-06-01,0410030D0,Lofexidine Hydrochloride,202,9031,8630.4
2016,2016-03-01,0410010B0,Disulfiram,4125,100454,169118.7399999999
2013,2013-10-01,0410010A0,Acamprosate Calcium,10950,1198076,190456.91999999987
2015,2015-06-01,0703022M0,Medroxyprogesterone Acetate,78077,78810,438619.12999999983
2014,2014-05-01,0703022M0,Medroxyprogesterone Acetate,80100,81353,452435.9199999999
2010,2010-12-01,0410000AB,,67028,1966540,2200753.4099999983
2016,2016-01-01,0703023L0,Levonorgestrel,9765,9834,792469.7400000003
2011,2011-05-01,0703022M0,Medroxyprogesterone Acetate,85306,86480,479549.1199999999
2014,2014-04-01,0410030D0,Lofexidine Hydrochloride,279,10315,9837.809999999998
2015,2015-10-01,0410030C0,Methadone Hydrochloride,155662,90114339,1150041.24
2016,2016-01-01,0410010A0,Acamprosate Calcium,10600,1113229,176977.72999999998
2014,2014-05-01,0410010D0,Nalmefene,45,910,2549.6000000000004
2014,2014-10-01,0703023L0,Levonorgestrel,11979,12053,976078.2799999996
2017,2017-02-01,0410030B0,Buprenorph HCl/Naloxone HCl,2255,42753,64437.37082
2016,2016-07-01,0410010B0,Disulfiram,3928,94206,159522.24999999997
2012,2012-11-01,0410030E0,Naltrexone Hydrochloride,1481,32421,63434.57999999996
2016,2016-05-01,0410010A0,Acamprosate Calcium,10805,1125961,179472.6499999999
2014,2014-08-01,0410010B0,Disulfiram,4211,108535,62590.829999999994
2011,2011-02-01,0410000H0,,4237,116551,53367.71000000003
2017,2017-05-01,0703023L0,Levonorgestrel,11404,11475,930215.8758600028
2012,2012-04-01,0703023L0,Levonorgestrel,10445,10533,854160.6700000002
2015,2015-01-01,0410010A0,Acamprosate Calcium,11177,1186947,188530.96999999997
2012,2012-10-01,0410030C0,Methadone Hydrochloride,181549,108271280,1356489.7600000005
2016,2016-08-01,0410010B0,Disulfiram,3959,95001,161042.21999999988
2012,2012-06-01,0410030D0,Lofexidine Hydrochloride,280,10701,10160.880000000006
2015,2015-11-01,0410010A0,Acamprosate Calcium,10825,1134021,180376.6
2018,2018-08-01,0703023L0,Levonorgestrel,9831,9904,800568.2857499986
2015,2015-01-01,0410030A0,Buprenorphine Hydrochloride,55915,1246591,647725.8400000001
2014,2014-02-01,0410030C0,Methadone Hydrochloride,139409,80753239,1012990.1100000009
2018,2018-12-01,0410030D0,Lofexidine Hydrochloride,1,40,38.34419
2016,2016-04-01,0410030E0,Naltrexone Hydrochloride,1644,39039,68929.89999999998
2014,2014-02-01,0410030B0,Buprenorph HCl/Naloxone HCl,7645,141521,214210.62
2016,2016-08-01,0410020C0,Varenicline Tartrate,31886,836056,1036578.7300000056
2011,2011-05-01,0410000AA,,1293,149056,13869.359999999993
2011,2011-05-01,0410000M0,,189437,120547028,1811255.8999999997
2016,2016-03-01,0410010D0,Nalmefene,273,5665,15896.009999999998
2014,2014-04-01,0410020C0,Varenicline Tartrate,53777,1407358,1697191.1900000004
2012,2012-08-01,0410030D0,Lofexidine Hydrochloride,295,12431,11832.939999999997
2017,2017-02-01,0410030A0,Buprenorphine Hydrochloride,55988,1254839,393515.04053
2012,2012-02-01,0410030E0,Naltrexone Hydrochloride,1121,25773,47403.52999999999
2014,2014-03-01,0703022M0,Medroxyprogesterone Acetate,80232,81359,452561.9600000002
2015,2015-04-01,0703022M0,Medroxyprogesterone Acetate,81225,82329,457895.3499999998
2014,2014-04-01,0410010D0,Nalmefene,40,872,2497.6299999999997
2011,2011-12-01,0410030C0,Methadone Hydrochloride,172869,106310935,1540009.9800000004
2013,2013-05-01,0410010A0,Acamprosate Calcium,9984,1114132,176870.48999999993
2011,2011-09-01,0410000P0,,117830,4921466,2161516.89
2011,2011-11-01,0410000M0,,22120,13674451,167325.38000000015
2015,2015-11-01,0703022M0,Medroxyprogesterone Acetate,73285,74216,412454.33999999997
2013,2013-04-01,0410010A0,Acamprosate Calcium,9724,1086427,172560.86000000004
2017,2017-12-01,0410030E0,Naltrexone Hydrochloride,1597,38742,54427.93563000005
2012,2012-09-01,0410010A0,Acamprosate Calcium,9289,1020978,161887.49999999997
2018,2018-02-01,0410010B0,Disulfiram,2681,63494,108232.53509000032
2012,2012-11-01,0410010A0,Acamprosate Calcium,9785,1071020,169824.71000000005
2011,2011-11-01,0703022M0,Medroxyprogesterone Acetate,81641,88903,461189.88000000006
2013,2013-07-01,0703022M0,Medroxyprogesterone Acetate,86971,88091,488850.52999999985
2010,2010-10-01,0410000AC,,5917,113890,183259.19000000012
2015,2015-05-01,0410030D0,Lofexidine Hydrochloride,235,9610,9186.299999999994
2019,2019-01-01,0410030B0,Buprenorph HCl/Naloxone HCl,1455,31316,50216.76977999998
2011,2011-04-01,0410000M0,,191229,123155373,1861923.4399999995
2012,2012-11-01,0410030C0,Methadone Hydrochloride,172755,102786114,1288516.0699999998
2018,2018-08-01,0410030E0,Naltrexone Hydrochloride,1600,38905,59539.420670000065
2013,2013-10-01,0410030D0,Lofexidine Hydrochloride,316,11079,10572.84
2017,2017-06-01,0410030B0,Buprenorph HCl/Naloxone HCl,2369,45432,68375.04797
2016,2016-11-01,0410030E0,Naltrexone Hydrochloride,1570,38984,67003.16
2017,2017-10-01,0410010D0,Nalmefene,164,3130,8783.86679
2015,2015-03-01,0410030D0,Lofexidine Hydrochloride,247,10381,9921.720000000003
2016,2016-12-01,0703022M0,Medroxyprogesterone Acetate,77409,78359,437457.2300000023
2013,2013-08-01,0410030B0,Buprenorph HCl/Naloxone HCl,8273,153179,229381.50999999986
2014,2014-11-01,0410010A0,Acamprosate Calcium,10685,1133778,179954.5200000001
2012,2012-09-01,0703023L0,Levonorgestrel,11243,11326,918588.2499999998
2015,2015-07-01,0410010D0,Nalmefene,384,7609,21472.17
2012,2012-05-01,0410010A0,Acamprosate Calcium,9427,1057063,167586.11000000016
2014,2014-07-01,0410010D0,Nalmefene,45,924,2590.409999999999
2011,2011-08-01,0410030A0,Buprenorphine Hydrochloride,8169,901375,118909.18999999994
2019,2019-01-01,0703023L0,Levonorgestrel,11732,11805,954324.2773500027
2017,2017-10-01,0410030E0,Naltrexone Hydrochloride,1739,41009,66240.17968999992
2012,2012-05-01,0410030E0,Naltrexone Hydrochloride,1400,33866,69834.05000000003
2014,2014-01-01,0410030C0,Methadone Hydrochloride,154735,88767955,1115926.909999999
2011,2011-05-01,0410000D0,,40594,889675,1260234.0499999996
2012,2012-06-01,0410030E0,Naltrexone Hydrochloride,1288,30979,60724.130000000056
2015,2015-06-01,0410030E0,Naltrexone Hydrochloride,1625,38126,59066.98000000003
2019,2019-01-01,0410020C0,Varenicline Tartrate,26773,656531,874240.5117500015
2016,2016-02-01,0410030B0,Buprenorph HCl/Naloxone HCl,3840,70302,106530.06
2016,2016-12-01,0410030B0,Buprenorph HCl/Naloxone HCl,2870,53523,81556.47
2017,2017-08-01,0703022M0,Medroxyprogesterone Acetate,78436,79964,447042.53608999716
2018,2018-04-01,0410030A0,Buprenorphine Hydrochloride,61265,1355227,412567.9263300004
2018,2018-05-01,0410030C0,Methadone Hydrochloride,153270,92859798,965186.8603000003
2015,2015-03-01,0410030C0,Methadone Hydrochloride,155707,90176708,1143260.9100000008
2018,2018-07-01,0410030C0,Methadone Hydrochloride,147224,89921656,753723.7006200014
2015,2015-06-01,0410010B0,Disulfiram,4206,102577,59249.79000000002
2011,2011-05-01,0703023L0,Levonorgestrel,11379,11451,929110.3999999993
2018,2018-10-01,0410030A0,Buprenorphine Hydrochloride,66322,1484079,1600327.0994300004
2018,2018-04-01,0410010B0,Disulfiram,2787,65279,111345.58545000003
2016,2016-01-01,0410030B0,Buprenorph HCl/Naloxone HCl,3886,70694,106590.02
2014,2014-09-01,0410030E0,Naltrexone Hydrochloride,1563,37596,62651.799999999974
2016,2016-08-01,0703022M0,Medroxyprogesterone Acetate,78198,79179,442045.3099999998
2012,2012-07-01,0410020C0,Varenicline Tartrate,70962,1866245,2219129.1400000006
2011,2011-01-01,0410000AB,,82818,1837645,2526091.440000001
2016,2016-05-01,0410030C0,Methadone Hydrochloride,152539,88182760,1064603.5099999995
2013,2013-12-01,0703023L0,Levonorgestrel,9121,9189,746553.2299999995
2016,2016-03-01,0410030E0,Naltrexone Hydrochloride,1656,37435,63866.68999999999
2011,2011-09-01,0703022M0,Medroxyprogesterone Acetate,83303,84588,468875.1299999999
2014,2014-02-01,0410010D0,Nalmefene,35,672,1901.04
2013,2013-05-01,0410030D0,Lofexidine Hydrochloride,231,9099,8667.849999999997
2014,2014-10-01,0410020C0,Varenicline Tartrate,49359,1220883,1543712.1400000001
2017,2017-07-01,0410030E0,Naltrexone Hydrochloride,1729,39959,61007.54908000009
2012,2012-02-01,0410030A0,Buprenorphine Hydrochloride,47685,1091331,1472344.09
2016,2016-03-01,0410010A0,Acamprosate Calcium,11002,1141102,181913.32000000015
2015,2015-02-01,0410030B0,Buprenorph HCl/Naloxone HCl,5546,102671,152450.68000000002
2017,2017-05-01,0410010A0,Acamprosate Calcium,10992,1122589,208995.2109399995
2012,2012-08-01,0410010A0,Acamprosate Calcium,9802,1077865,171102.85999999987
2012,2012-04-01,0410030A0,Buprenorphine Hydrochloride,48651,1100985,1469133.5899999992
2017,2017-07-01,0703023L0,Levonorgestrel,10969,11039,892516.3636000114
2017,2017-12-01,0410020C0,Varenicline Tartrate,25006,730314,848115.352690008
2011,2011-01-01,0410000L0,,280,8781,8333.460000000001
2013,2013-04-01,0703023L0,Levonorgestrel,11422,11517,935772.4599999993
2019,2019-01-01,0703022M0,Medroxyprogesterone Acetate,83752,86955,490429.69081999746
2018,2018-07-01,0410020C0,Varenicline Tartrate,26599,710364,875234.6205500044
2010,2010-11-01,0703023L0,Levonorgestrel,11252,11350,895030.1700000007
2014,2014-10-01,0410030E0,Naltrexone Hydrochloride,1593,36762,59833.78
2014,2014-09-01,0410020C0,Varenicline Tartrate,44661,1083966,1397010.8200000003
2011,2011-09-01,0410000Q0,,2413,133396,85620.72000000006
2018,2018-05-01,0410010D0,Nalmefene,118,2444,6875.419819999999
2013,2013-11-01,0410030D0,Lofexidine Hydrochloride,291,9939,9470.650000000001
2013,2013-11-01,0410010A0,Acamprosate Calcium,10373,1128857,179189.58
2018,2018-06-01,0410010B0,Disulfiram,2862,67592,121938.67855000045
2015,2015-10-01,0410020C0,Varenicline Tartrate,43295,1059266,1359093.5599999987
2011,2011-10-01,0410000P0,,115090,4764729,2097493.22
2015,2015-02-01,0410010B0,Disulfiram,3763,94111,54340.61999999994
2013,2013-11-01,0410030C0,Methadone Hydrochloride,149593,86537119,1084803.5799999996
2011,2011-03-01,0410000D0,,41969,939057,1362839.96
2011,2011-03-01,0410000H0,,4779,127881,58560.24999999998
2011,2011-08-01,0410000P0,,116544,4924094,2165080.849999999
2013,2013-03-01,0410030C0,Methadone Hydrochloride,169877,98970269,1250523.7999999996
2018,2018-11-01,0410030D0,Lofexidine Hydrochloride,1,60,57.33753
2019,2019-02-01,0410020C0,Varenicline Tartrate,27322,710468,889069.6827700022
2012,2012-04-01,0410010A0,Acamprosate Calcium,8574,964429,152612.29999999996
2014,2014-05-01,0410030A0,Buprenorphine Hydrochloride,57390,1280187,711630.9700000006
2012,2012-08-01,0703022M0,Medroxyprogesterone Acetate,82809,83830,464746.70000000007
2015,2015-10-01,0410030A0,Buprenorphine Hydrochloride,59743,1338609,669686.0300000001
2013,2013-03-01,0410010B0,Disulfiram,4230,103887,48008.16000000002
2014,2014-11-01,0703022M0,Medroxyprogesterone Acetate,73007,73892,410337.27999999985
2017,2017-10-01,0410030A0,Buprenorphine Hydrochloride,63244,1398773,395905.5238000003
2018,2018-03-01,0410030A0,Buprenorphine Hydrochloride,65335,1449522,392197.9415000002
2018,2018-05-01,0703023L0,Levonorgestrel,11620,11684,944105.0690599962
2017,2017-02-01,0410010A0,Acamprosate Calcium,9826,982633,182564.34907000046
2016,2016-02-01,0410010A0,Acamprosate Calcium,10486,1096559,174779.82999999993
2014,2014-01-01,0410030E0,Naltrexone Hydrochloride,1473,39165,59783.21999999997
2018,2018-10-01,0410010A0,Acamprosate Calcium,11330,1099264,205119.75732000038
2016,2016-06-01,0410030A0,Buprenorphine Hydrochloride,60242,1337442,504596.9300000001
2014,2014-10-01,0410030B0,Buprenorph HCl/Naloxone HCl,7079,131603,197727.82999999996
2013,2013-03-01,0410030E0,Naltrexone Hydrochloride,1430,33273,70731.00000000003
2018,2018-01-01,0410010D0,Nalmefene,127,2548,7157.89256
2012,2012-04-01,0410030B0,Buprenorph HCl/Naloxone HCl,7189,139518,205624.07999999987
2013,2013-09-01,0703022M0,Medroxyprogesterone Acetate,79154,80149,445052.0000000002
2011,2011-11-01,0703023L0,Levonorgestrel,12022,12109,982085.4899999995
2017,2017-08-01,0410030A0,Buprenorphine Hydrochloride,64187,1421497,391407.7237699998
2010,2010-12-01,0703022M0,Medroxyprogesterone Acetate,79518,81001,448677.64999999973
2017,2017-12-01,0410030B0,Buprenorph HCl/Naloxone HCl,2072,41538,64642.83484999997
2014,2014-05-01,0410010A0,Acamprosate Calcium,10591,1140476,181391.24000000008
2015,2015-10-01,0410030D0,Lofexidine Hydrochloride,233,8759,8363.540000000003
2013,2013-07-01,0410010B0,Disulfiram,4768,133271,61412.43000000003
2014,2014-08-01,0410010D0,Nalmefene,56,1050,2977.7500000000005
2016,2016-07-01,0410010D0,Nalmefene,234,4861,13653.809999999998
2016,2016-05-01,0410010D0,Nalmefene,253,5245,14713.629999999996
2010,2010-11-01,0410000AC,,6195,119940,191067.01000000004
2015,2015-02-01,0410010A0,Acamprosate Calcium,10157,1066151,169726.75
2011,2011-11-01,0410010B0,Disulfiram,4640,123137,56387.38999999999
2012,2012-07-01,0703023L0,Levonorgestrel,11508,11632,944657.3399999994
2017,2017-03-01,0410030D0,Lofexidine Hydrochloride,216,8140,7795.27933
2016,2016-11-01,0410010A0,Acamprosate Calcium,11064,1110159,203057.66000000056
2016,2016-10-01,0410020C0,Varenicline Tartrate,33056,840280,1058913.6399999843
2011,2011-03-01,0410000N0,,1126,27434,53469.03999999999
2015,2015-02-01,0703022M0,Medroxyprogesterone Acetate,71529,72247,401977.1199999999
2012,2012-09-01,0410030D0,Lofexidine Hydrochloride,281,9702,9236.63
2016,2016-06-01,0410010A0,Acamprosate Calcium,11109,1159032,184774.6600000002
2018,2018-08-01,0703022M0,Medroxyprogesterone Acetate,77793,80181,452171.5966700037
2015,2015-01-01,0410030B0,Buprenorph HCl/Naloxone HCl,6139,113373,166922.37
2015,2015-05-01,0410010D0,Nalmefene,293,6374,17896.969999999972
2018,2018-10-01,0703023L0,Levonorgestrel,11955,12032,971666.2464500015
2017,2017-01-01,0410010D0,Nalmefene,203,3783,10617.513200000001
2016,2016-02-01,0410030A0,Buprenorphine Hydrochloride,56736,1271363,551044.8499999996
2016,2016-01-01,0410010B0,Disulfiram,3936,95525,158046.88999999984
2012,2012-02-01,0410030D0,Lofexidine Hydrochloride,275,9214,8768.369999999997
2011,2011-09-01,0410030A0,Buprenorphine Hydrochloride,8478,932913,123071.01000000001
2012,2012-07-01,0410030C0,Methadone Hydrochloride,180568,109008801,1381925.61
2014,2014-06-01,0410030A0,Buprenorphine Hydrochloride,55124,1235990,686639.3500000003
2010,2010-08-01,0410000AC,,5867,110299,176959.47999999986
2010,2010-09-01,0410000N0,,1167,31666,60870.55999999997
2015,2015-04-01,0410030A0,Buprenorphine Hydrochloride,57964,1291239,654256.1800000003
2016,2016-03-01,0410030B0,Buprenorph HCl/Naloxone HCl,4104,74360,113714.45
2010,2010-08-01,0410000Q0,,2694,148813,109225.43000000002
2010,2010-08-01,0410000M0,,194145,130376226,1957383.509999999
2011,2011-02-01,0410000Q0,,2915,159021,116885.87999999993
2016,2016-02-01,0410030D0,Lofexidine Hydrochloride,238,8373,8004.500000000001
2016,2016-01-01,0410030C0,Methadone Hydrochloride,147578,85645979,1046627.5499999998
2013,2013-10-01,0703022M0,Medroxyprogesterone Acetate,84648,85627,475771.1000000001
2015,2015-07-01,0410030B0,Buprenorph HCl/Naloxone HCl,5386,98062,147751.62000000002
2010,2010-10-01,0410000AB,,79075,2017444,2444978.5500000017
2015,2015-11-01,0410020C0,Varenicline Tartrate,38687,997429,1225120.1900000004
2011,2011-11-01,0410030B0,Buprenorph HCl/Naloxone HCl,6996,134782,202777.31000000014
2010,2010-11-01,0410000P0,,125012,5319857,2294862.790000001
2011,2011-12-01,0410030D0,Lofexidine Hydrochloride,239,8175,7778.020000000005
2013,2013-07-01,0410030E0,Naltrexone Hydrochloride,1534,41967,75035.36000000002
2014,2014-06-01,0410030E0,Naltrexone Hydrochloride,1391,44387,57940.91999999994
2012,2012-10-01,0410010A0,Acamprosate Calcium,9982,1102391,174909.74
2011,2011-02-01,0410000AC,,5769,117181,184471.2900000001
2013,2013-12-01,0410030E0,Naltrexone Hydrochloride,1550,45435,68400.08999999995
2012,2012-07-01,0410010B0,Disulfiram,4588,120198,55499.37000000003
2013,2013-06-01,0410030B0,Buprenorph HCl/Naloxone HCl,7783,147172,218053.31000000003
2018,2018-06-01,0410030A0,Buprenorphine Hydrochloride,61972,1381799,1215656.658600002
2011,2011-10-01,0410000H0,,4469,120237,55039.13000000001
2012,2012-05-01,0703023L0,Levonorgestrel,12464,12554,1019945.6099999999
2016,2016-08-01,0703023L0,Levonorgestrel,9272,9320,754118.8500000015
2016,2016-06-01,0703022M0,Medroxyprogesterone Acetate,79553,80637,449694.60000000097
2013,2013-11-01,0703023L0,Levonorgestrel,11170,11251,913337.1100000001
2014,2014-09-01,0703023L0,Levonorgestrel,11391,11470,929434.5600000006
2012,2012-02-01,0703022M0,Medroxyprogesterone Acetate,78891,79920,443835.97
2012,2012-12-01,0410010B0,Disulfiram,4460,113833,52445.87000000003
2015,2015-08-01,0410010D0,Nalmefene,315,6283,17693.359999999982
2013,2013-06-01,0410020C0,Varenicline Tartrate,56664,1422319,1777759.4099999992
2013,2013-06-01,0410010B0,Disulfiram,3376,82772,38345.909999999974
2013,2013-04-01,0410020C0,Varenicline Tartrate,68096,1852455,2124182.71
2016,2016-09-01,0410010B0,Disulfiram,3880,95057,161287.26000000004
2011,2011-03-01,0410030A0,Buprenorphine Hydrochloride,8259,928954,122560.0999999999
2012,2012-11-01,0410030A0,Buprenorphine Hydrochloride,55436,1273633,1157383.45
2015,2015-03-01,0410010A0,Acamprosate Calcium,11261,1181238,188210.39000000016
2016,2016-03-01,0410030C0,Methadone Hydrochloride,161582,94034841,1152272.5700000003
2010,2010-11-01,0410000H0,,4333,120247,54996.37000000001
2014,2014-02-01,0410010A0,Acamprosate Calcium,9779,1059908,168363.68000000002
2015,2015-02-01,0410020C0,Varenicline Tartrate,47464,1168090,1485435.0
2016,2016-04-01,0703023L0,Levonorgestrel,10570,10646,860588.9199999995
2015,2015-04-01,0410030D0,Lofexidine Hydrochloride,171,8490,8102.150000000001
2014,2014-11-01,0703023L0,Levonorgestrel,11010,11097,896171.3100000003
2015,2015-07-01,0410020C0,Varenicline Tartrate,42765,1083466,1354789.4400000006
2017,2017-11-01,0410030D0,Lofexidine Hydrochloride,189,8089,7721.829670000001
2015,2015-10-01,0703023L0,Levonorgestrel,10388,10461,842792.5199999997
2013,2013-11-01,0410010D0,Nalmefene,21,462,1320.45
2015,2015-12-01,0410030E0,Naltrexone Hydrochloride,1855,43841,70794.24000000002
2015,2015-02-01,0410010D0,Nalmefene,299,6053,17020.14999999998
2015,2015-04-01,0410010B0,Disulfiram,3995,98335,56774.36000000001
2017,2017-06-01,0703023L0,Levonorgestrel,11668,11753,950989.9065500022
2016,2016-05-01,0703022M0,Medroxyprogesterone Acetate,77649,78594,438019.3800000007
2011,2011-08-01,0410000L0,,294,9482,9006.730000000003
2015,2015-02-01,0410030C0,Methadone Hydrochloride,138825,79812540,1010429.4300000004
2011,2011-07-01,0410000Q0,,2523,139046,102160.26000000011
2011,2011-06-01,0410030A0,Buprenorphine Hydrochloride,8257,922609,121684.89999999997
2017,2017-04-01,0410030C0,Methadone Hydrochloride,140104,82117853,919340.90014
2018,2018-06-01,0410020C0,Varenicline Tartrate,26615,711073,875579.7067499964
2012,2012-03-01,0410020C0,Varenicline Tartrate,87859,2295815,2729384.1699999985
2010,2010-10-01,0703023L0,Levonorgestrel,10882,11010,867785.6999999998
2011,2011-11-01,0410000AA,,1249,146188,13550.339999999997
2014,2014-09-01,0410030D0,Lofexidine Hydrochloride,263,9285,8868.550000000001
2014,2014-12-01,0410010A0,Acamprosate Calcium,11749,1237724,196796.14
2011,2011-10-01,0410000AC,,6687,129817,195058.2000000001
2016,2016-08-01,0410030B0,Buprenorph HCl/Naloxone HCl,3391,63132,95935.36000000002
2017,2017-05-01,0410010B0,Disulfiram,2502,62031,105286.6566000001
2013,2013-05-01,0410010D0,Nalmefene,7,142,397.16
2011,2011-03-01,0703023L0,Levonorgestrel,12724,12830,1040620.3799999993
2011,2011-08-01,0410000AB,,74414,1983096,2344108.9299999997
2011,2011-03-01,0410000P0,,163062,6852284,2998664.27
2011,2011-10-01,0410000L0,,267,9225,8760.060000000001
2016,2016-01-01,0703022M0,Medroxyprogesterone Acetate,78814,79646,442692.1100000003
2013,2013-12-01,0410030C0,Methadone Hydrochloride,160235,91642883,1153438.1299999997
2017,2017-09-01,0410010A0,Acamprosate Calcium,10648,1077600,200559.36512000073
2016,2016-07-01,0410010A0,Acamprosate Calcium,10784,1120523,178906.01000000013
2010,2010-10-01,0410000M0,,188014,125841900,1882129.140000001
2014,2014-08-01,0410030D0,Lofexidine Hydrochloride,271,10323,9851.9
2017,2017-08-01,0703023L0,Levonorgestrel,9543,9614,776742.009899996
2018,2018-05-01,0410030E0,Naltrexone Hydrochloride,1565,36591,56909.35720000004
2015,2015-06-01,0410030B0,Buprenorph HCl/Naloxone HCl,5398,98925,146031.46000000002
2014,2014-07-01,0410030C0,Methadone Hydrochloride,159399,90820776,1133037.0999999996
2014,2014-01-01,0410010D0,Nalmefene,40,865,2441.6400000000003
2012,2012-05-01,0410030B0,Buprenorph HCl/Naloxone HCl,8246,160636,233171.43
2016,2016-04-01,0410010D0,Nalmefene,274,5757,16148.83
2014,2014-12-01,0410030E0,Naltrexone Hydrochloride,1652,39008,63034.34000000001
2014,2014-03-01,0410030D0,Lofexidine Hydrochloride,293,10584,10105.309999999992
2017,2017-09-01,0410030E0,Naltrexone Hydrochloride,1668,40116,63838.17352999997
2018,2018-01-01,0410030B0,Buprenorph HCl/Naloxone HCl,2019,41143,64570.71891000001
2010,2010-08-01,0410030A0,Buprenorphine Hydrochloride,7723,855568,112714.76000000005
2014,2014-06-01,0410030C0,Methadone Hydrochloride,146068,83435211,1047730.0899999997
2012,2012-10-01,0410030B0,Buprenorph HCl/Naloxone HCl,8128,156374,228230.8499999999
2016,2016-10-01,0410030C0,Methadone Hydrochloride,149055,86934868,1048377.81
2012,2012-01-01,0410010A0,Acamprosate Calcium,8642,968207,127855.71999999999
2013,2013-12-01,0410020C0,Varenicline Tartrate,44779,1263903,1465337.6299999992
2018,2018-12-01,0410020C0,Varenicline Tartrate,22069,659439,759982.8581799862
2018,2018-02-01,0410020C0,Varenicline Tartrate,29025,755765,940807.170330008
2011,2011-04-01,0703022M0,Medroxyprogesterone Acetate,76848,78328,433676.34999999986
2012,2012-11-01,0410010B0,Disulfiram,4653,120560,55509.52999999996
2019,2019-02-01,0410030A0,Buprenorphine Hydrochloride,59228,1310697,1680298.055770001
2014,2014-07-01,0410010A0,Acamprosate Calcium,11411,1208158,192303.47000000012
2017,2017-06-01,0410030C0,Methadone Hydrochloride,143617,84601644,952133.7797600001
2015,2015-04-01,0410020C0,Varenicline Tartrate,46810,1197199,1478217.1500000006
2013,2013-09-01,0410010A0,Acamprosate Calcium,9982,1107401,175952.76000000013
2010,2010-11-01,0410000AB,,83797,2182222,2608170.0699999984
2018,2018-12-01,0410030A0,Buprenorphine Hydrochloride,67104,1444668,1511630.9624300003
2013,2013-11-01,0410030B0,Buprenorph HCl/Naloxone HCl,8913,162915,243268.8900000001
2010,2010-09-01,0410000D0,,39556,868213,1334039.0200000003
2018,2018-01-01,0410030D0,Lofexidine Hydrochloride,151,5779,5529.54684
2012,2012-07-01,0410010A0,Acamprosate Calcium,9499,1043544,165870.18
2016,2016-05-01,0410010B0,Disulfiram,3960,97728,164905.53999999986
2017,2017-02-01,0703022M0,Medroxyprogesterone Acetate,72007,73101,408507.5225999991
2017,2017-11-01,0703023L0,Levonorgestrel,11715,11796,953477.8058799983
2018,2018-05-01,0410030B0,Buprenorph HCl/Naloxone HCl,1970,40679,65016.21628000001
2014,2014-09-01,0410030B0,Buprenorph HCl/Naloxone HCl,7173,131453,197398.63999999998
2015,2015-04-01,0410030C0,Methadone Hydrochloride,151383,87082417,1109828.349999999
2012,2012-05-01,0410030A0,Buprenorphine Hydrochloride,55169,1242625,1656331.8299999984
2010,2010-08-01,0410000N0,,1090,27540,50410.51999999993
2011,2011-12-01,0410000AA,,1138,140841,13075.12000000001
2012,2012-03-01,0703022M0,Medroxyprogesterone Acetate,81679,82763,459644.1000000002
2011,2011-06-01,0410000P0,,135654,5556644,2485210.63
2017,2017-04-01,0410030D0,Lofexidine Hydrochloride,202,8038,7684.668889999999
2017,2017-04-01,0410030A0,Buprenorphine Hydrochloride,57408,1286115,379359.39999000006
2013,2013-01-01,0410030C0,Methadone Hydrochloride,174093,102799459,1294013.1099999994
2012,2012-01-01,0410020C0,Varenicline Tartrate,78596,1820747,2383296.329999999
2015,2015-01-01,0410010D0,Nalmefene,311,6563,18372.149999999972
2018,2018-12-01,0410030C0,Methadone Hydrochloride,155421,94100725,850466.6241899998
2015,2015-06-01,0410020C0,Varenicline Tartrate,42082,1043858,1323157.4199999985
2018,2018-07-01,0410010B0,Disulfiram,2893,67962,122683.50543999966
2016,2016-06-01,0410030C0,Methadone Hydrochloride,156124,90198331,1059613.95
2011,2011-07-01,0410000L0,,270,9724,9233.930000000002
2018,2018-11-01,0410030B0,Buprenorph HCl/Naloxone HCl,1537,32851,52480.54221
2018,2018-04-01,0410010D0,Nalmefene,109,2145,6030.10657
2014,2014-09-01,0703022M0,Medroxyprogesterone Acetate,81819,82674,460213.9799999999
2013,2013-10-01,0410010B0,Disulfiram,4483,116044,53569.810000000005
2014,2014-09-01,0410010B0,Disulfiram,4167,106102,61225.38999999999
2016,2016-12-01,0410010B0,Disulfiram,3936,94344,160041.74000000002
2017,2017-12-01,0410010A0,Acamprosate Calcium,10776,1072813,199738.26998999924
2015,2015-05-01,0703023L0,Levonorgestrel,9845,9935,800096.0400000003
2014,2014-06-01,0410030D0,Lofexidine Hydrochloride,253,9557,9114.939999999995
2017,2017-03-01,0410010D0,Nalmefene,244,4208,11830.445880000001
2011,2011-04-01,0703023L0,Levonorgestrel,9500,9562,774694.0699999997
2013,2013-02-01,0410030C0,Methadone Hydrochloride,156704,92484742,1167537.4800000011
2014,2014-08-01,0410020C0,Varenicline Tartrate,41869,1077749,1327903.5799999996
2016,2016-10-01,0410030A0,Buprenorphine Hydrochloride,59467,1313739,397237.10000000056
2010,2010-08-01,0410000AB,,70994,1901365,2233346.489999999
2015,2015-09-01,0410030C0,Methadone Hydrochloride,155803,89968782,1138833.2999999993
2010,2010-12-01,0410000P0,,96671,4269756,1850124.7599999995
2014,2014-02-01,0410010B0,Disulfiram,3883,96930,55842.10000000001
2016,2016-08-01,0410030C0,Methadone Hydrochloride,159469,92175627,1107693.6500000001
2011,2011-04-01,0410000AC,,6224,125239,191118.15000000005
2013,2013-02-01,0410030B0,Buprenorph HCl/Naloxone HCl,7485,143851,212174.09
2017,2017-07-01,0410020C0,Varenicline Tartrate,32472,851238,1054251.5956000022
2012,2012-09-01,0410020C0,Varenicline Tartrate,65786,1681875,2045993.3499999992
2015,2015-11-01,0410030E0,Naltrexone Hydrochloride,1571,40005,60863.96000000002
2016,2016-09-01,0410030E0,Naltrexone Hydrochloride,1594,36536,60269.50000000003
2011,2011-02-01,0410000AA,,1300,142941,13480.159999999993
2015,2015-08-01,0410010A0,Acamprosate Calcium,10840,1129142,179688.08000000002
2013,2013-06-01,0410030C0,Methadone Hydrochloride,153486,89344863,1129597.8699999994
2018,2018-11-01,0410030C0,Methadone Hydrochloride,148761,92068272,830714.8864500003
2010,2010-11-01,0410000D0,,39724,880857,1342115.8900000001
2010,2010-09-01,0703022M0,Medroxyprogesterone Acetate,82357,83643,462965.82000000007
2017,2017-02-01,0410030E0,Naltrexone Hydrochloride,1491,35624,60404.31748000005
2011,2011-01-01,0410000P0,,138107,5458189,2517334.8200000003
2013,2013-03-01,0410030A0,Buprenorphine Hydrochloride,56039,1284091,1114296.1500000004
2019,2019-01-01,0410030A0,Buprenorphine Hydrochloride,65124,1419816,1909400.5251400052
2018,2018-01-01,0703022M0,Medroxyprogesterone Acetate,84347,86287,483795.11382999446
2018,2018-08-01,0410030A0,Buprenorphine Hydrochloride,65549,1446544,1129496.8984199993
2017,2017-12-01,0703023L0,Levonorgestrel,8981,9036,731781.7056200008
2010,2010-12-01,0410000M0,,214752,143249307,2021385.1399999985
2016,2016-02-01,0703023L0,Levonorgestrel,10041,10120,817237.1999999995
2014,2014-01-01,0410030D0,Lofexidine Hydrochloride,239,7846,7486.7599999999975
2014,2014-11-01,0410030D0,Lofexidine Hydrochloride,196,8510,8101.230000000002
2011,2011-07-01,0410000AB,,77840,2047884,2443775.420000002
2015,2015-11-01,0410010B0,Disulfiram,3966,98715,161153.72000000003
2013,2013-07-01,0703023L0,Levonorgestrel,11803,11895,966208.3899999999
2016,2016-05-01,0410030D0,Lofexidine Hydrochloride,222,8369,7999.449999999999
2011,2011-03-01,0410000AA,,1586,171374,16249.059999999994
2015,2015-06-01,0410010A0,Acamprosate Calcium,11377,1195821,190449.12000000002
2017,2017-01-01,0703023L0,Levonorgestrel,10326,10396,841050.7008899997
2013,2013-04-01,0410030B0,Buprenorph HCl/Naloxone HCl,8040,151229,222386.0399999998
2017,2017-09-01,0703022M0,Medroxyprogesterone Acetate,76549,78022,436944.75947999983
2011,2011-05-01,0410030A0,Buprenorphine Hydrochloride,7917,894195,118023.62
2011,2011-09-01,0703023L0,Levonorgestrel,11684,11744,952371.3399999999
2017,2017-04-01,0410030E0,Naltrexone Hydrochloride,1545,35985,57100.67863999997
2017,2017-03-01,0410030A0,Buprenorphine Hydrochloride,62682,1405029,438246.90511999995
2014,2014-01-01,0410030B0,Buprenorph HCl/Naloxone HCl,8894,162294,245534.1400000002
2018,2018-08-01,0410010B0,Disulfiram,2954,67390,129185.0800700002
2018,2018-12-01,0410010A0,Acamprosate Calcium,10524,1018249,189939.1525599995
2013,2013-04-01,0703022M0,Medroxyprogesterone Acetate,87053,88436,490913.6900000003
2017,2017-10-01,0410030D0,Lofexidine Hydrochloride,180,7189,6871.32531
2015,2015-08-01,0410020C0,Varenicline Tartrate,37811,968154,1203203.3900000001
2013,2013-03-01,0703022M0,Medroxyprogesterone Acetate,78133,79181,440106.6200000002
2013,2013-08-01,0410030D0,Lofexidine Hydrochloride,257,9427,8987.63
2017,2017-05-01,0410020C0,Varenicline Tartrate,35295,925441,1138130.2147499858
2017,2017-08-01,0410030B0,Buprenorph HCl/Naloxone HCl,2472,46493,71900.12339999998
2011,2011-09-01,0410000D0,,43838,956929,1425006.749999999
2013,2013-09-01,0410010B0,Disulfiram,4213,111729,51540.979999999996
2016,2016-06-01,0703023L0,Levonorgestrel,11138,11210,906360.2200000011
2011,2011-10-01,0410000M0,,181244,112641743,1648484.9199999985
2012,2012-12-01,0410030C0,Methadone Hydrochloride,177153,104032694,1305987.9700000004
2015,2015-01-01,0410020C0,Varenicline Tartrate,45380,1015567,1402606.7499999995
2012,2012-04-01,0410010B0,Disulfiram,4428,116621,53393.44000000001
2013,2013-06-01,0703023L0,Levonorgestrel,11548,11638,944462.61
2011,2011-04-01,0410000AB,,93552,2506891,2951770.340000001
2011,2011-08-01,0410000AA,,1298,152311,14146.34999999999
2010,2010-10-01,0410000Q0,,3014,165871,121720.79999999993
2018,2018-09-01,0703023L0,Levonorgestrel,10825,10898,880883.0137399998
2011,2011-01-01,0410030A0,Buprenorphine Hydrochloride,7588,869468,114568.88
2011,2011-11-01,0410010A0,Acamprosate Calcium,8792,982578,129633.44999999998
2017,2017-06-01,0410020C0,Varenicline Tartrate,33499,883165,1086854.8728600135
2017,2017-10-01,0410010B0,Disulfiram,2803,72887,124294.65593999997
2015,2015-12-01,0410020C0,Varenicline Tartrate,34559,975098,1135441.309999998
2011,2011-01-01,0410000Q0,,3054,167236,122783.68999999999
2015,2015-11-01,0703023L0,Levonorgestrel,10174,10258,825605.2200000002
2013,2013-05-01,0410030A0,Buprenorphine Hydrochloride,59351,1354489,1050369.4900000005
2012,2012-01-01,0703023L0,Levonorgestrel,10900,10984,891788.7700000001
2017,2017-03-01,0703022M0,Medroxyprogesterone Acetate,83010,84291,471317.18053999875
2012,2012-03-01,0410030E0,Naltrexone Hydrochloride,1391,33392,63961.66000000009
2011,2011-07-01,0410000H0,,4469,121016,55397.51000000001
2011,2011-07-01,0410000N0,,1024,25301,49926.61000000005
2015,2015-05-01,0410020C0,Varenicline Tartrate,42810,1108166,1355776.9200000004
2011,2011-12-01,0410030B0,Buprenorph HCl/Naloxone HCl,7359,144777,217087.86999999988
2017,2017-01-01,0703022M0,Medroxyprogesterone Acetate,80743,81953,457328.77965000056
2015,2015-08-01,0703023L0,Levonorgestrel,8705,8758,705290.1899999997
2016,2016-12-01,0410030A0,Buprenorphine Hydrochloride,63792,1397933,420828.4700000001
2014,2014-11-01,0410030C0,Methadone Hydrochloride,140805,80637600,1024048.8199999998
2012,2012-12-01,0410030E0,Naltrexone Hydrochloride,1424,32168,67649.79000000002
2013,2013-07-01,0410030A0,Buprenorphine Hydrochloride,58219,1328968,995257.48
2012,2012-05-01,0703022M0,Medroxyprogesterone Acetate,85559,86589,480854.13000000006
2015,2015-10-01,0410010B0,Disulfiram,4200,101661,164228.55999999997
2013,2013-01-01,0410010A0,Acamprosate Calcium,9709,1087603,172794.8300000001
2015,2015-01-01,0410010B0,Disulfiram,4104,101805,58660.00999999997
2015,2015-08-01,0410010B0,Disulfiram,4074,96969,55980.53000000005
2017,2017-05-01,0410030E0,Naltrexone Hydrochloride,1758,41168,64485.271349999886
2018,2018-07-01,0410030B0,Buprenorph HCl/Naloxone HCl,1873,37770,60727.83841000002
2012,2012-06-01,0410030B0,Buprenorph HCl/Naloxone HCl,7367,145640,210797.67999999993
2018,2018-02-01,0410030D0,Lofexidine Hydrochloride,157,4875,4669.70765
2016,2016-10-01,0410030B0,Buprenorph HCl/Naloxone HCl,3047,55950,84999.37000000001
2014,2014-12-01,0703022M0,Medroxyprogesterone Acetate,80880,81623,453804.2599999996
2018,2018-03-01,0410030B0,Buprenorph HCl/Naloxone HCl,1888,39080,60290.88994000001
2014,2014-02-01,0410030D0,Lofexidine Hydrochloride,331,10184,9715.850000000002
2018,2018-08-01,0410020C0,Varenicline Tartrate,26213,707006,863153.6056500041
2018,2018-04-01,0410030E0,Naltrexone Hydrochloride,1529,35665,55603.07334000005
2018,2018-09-01,0410010B0,Disulfiram,2716,62338,119332.91049999968
2011,2011-03-01,0410000L0,,386,11807,11218.549999999996
2014,2014-09-01,0410030A0,Buprenorphine Hydrochloride,57173,1274325,701926.6300000006
2015,2015-09-01,0410020C0,Varenicline Tartrate,39282,967419,1236567.9200000002
2013,2013-04-01,0410030A0,Buprenorphine Hydrochloride,54410,1234903,956705.9199999996
2014,2014-04-01,0703022M0,Medroxyprogesterone Acetate,81283,82251,456980.4599999999
2016,2016-01-01,0410020C0,Varenicline Tartrate,37086,838225,1155176.1099999996
2010,2010-09-01,0410000Q0,,2924,161494,118533.07000000005
2011,2011-07-01,0410030A0,Buprenorphine Hydrochloride,7943,897571,118367.77000000002
2014,2014-01-01,0410010A0,Acamprosate Calcium,10906,1186848,188588.73999999993
2010,2010-12-01,0410000L0,,272,8287,7868.180000000004
2011,2011-03-01,0410000AC,,6467,130326,200042.67999999996
2016,2016-03-01,0410030D0,Lofexidine Hydrochloride,223,9556,9132.59
2013,2013-04-01,0410030C0,Methadone Hydrochloride,163359,94988503,1200399.0599999994
2015,2015-01-01,0410030E0,Naltrexone Hydrochloride,1589,37080,58940.11000000001
2011,2011-09-01,0410000M0,,186680,116305503,1710416.9400000006
2014,2014-12-01,0410030C0,Methadone Hydrochloride,163666,93483635,1187035.54
2013,2013-06-01,0410010A0,Acamprosate Calcium,9469,1063739,168745.43000000002
2010,2010-08-01,0410000L0,,234,8751,8300.16
2011,2011-09-01,0410000AA,,1240,149409,13785.65000000001
2016,2016-07-01,0410030C0,Methadone Hydrochloride,150805,86939950,1046359.5999999997
2018,2018-03-01,0410020C0,Varenicline Tartrate,30157,822452,995200.2620000071
2017,2017-11-01,0703022M0,Medroxyprogesterone Acetate,77218,78656,439561.237579994
2018,2018-08-01,0410030D0,Lofexidine Hydrochloride,7,660,631.93703
2018,2018-04-01,0703023L0,Levonorgestrel,10888,10946,885241.2486099981
2016,2016-12-01,0410030D0,Lofexidine Hydrochloride,140,6608,6317.39
2015,2015-10-01,0410010A0,Acamprosate Calcium,11416,1191620,189657.64999999985
2011,2011-10-01,0703022M0,Medroxyprogesterone Acetate,78832,79757,441955.1999999999
2012,2012-09-01,0410030A0,Buprenorphine Hydrochloride,51566,1178205,1446499.579999999
2013,2013-04-01,0410010B0,Disulfiram,4591,120196,55439.60000000005
2011,2011-10-01,0410030A0,Buprenorphine Hydrochloride,8022,883430,116508.88000000005
2015,2015-06-01,0410010D0,Nalmefene,330,6875,19309.199999999993
2014,2014-12-01,0410010B0,Disulfiram,4426,109770,63301.29999999998
2017,2017-07-01,0410030A0,Buprenorphine Hydrochloride,60704,1349905,392129.1601100011
2011,2011-02-01,0410000M0,,178840,119871199,1795376.7100000004
2018,2018-06-01,0410010A0,Acamprosate Calcium,10575,1030229,192059.1146200009
2010,2010-09-01,0410000AC,,6053,114587,183236.41999999987
2011,2011-08-01,0410000AC,,6781,131682,197696.17000000007
2018,2018-11-01,0410030E0,Naltrexone Hydrochloride,1571,38622,62306.24877000005
2010,2010-08-01,0410000AA,,1028,122758,11419.889999999998
2015,2015-11-01,0410030A0,Buprenorphine Hydrochloride,58031,1290045,641826.0599999998
2010,2010-11-01,0410030A0,Buprenorphine Hydrochloride,7115,770993,101602.84000000004
2011,2011-02-01,0703022M0,Medroxyprogesterone Acetate,76134,77315,428624.3100000001
2019,2019-01-01,0410010D0,Nalmefene,140,2572,7237.777629999999
2017,2017-01-01,0410010A0,Acamprosate Calcium,10735,1081203,200326.77437999973
2010,2010-12-01,0410000AA,,1069,123721,11576.190000000008
2015,2015-08-01,0410030A0,Buprenorphine Hydrochloride,56967,1258029,591208.6400000001
2018,2018-06-01,0410030E0,Naltrexone Hydrochloride,1565,37352,60062.341969999936
2018,2018-01-01,0410030A0,Buprenorphine Hydrochloride,64196,1425192,383477.19729000016
2016,2016-07-01,0410030A0,Buprenorphine Hydrochloride,58454,1296867,478855.52999999997
2012,2012-10-01,0410020C0,Varenicline Tartrate,77157,1994302,2393303.3300000005
2011,2011-12-01,0410010A0,Acamprosate Calcium,8871,998670,131948.34000000008
2013,2013-09-01,0410030D0,Lofexidine Hydrochloride,269,8571,8179.290000000002
2011,2011-02-01,0410000D0,,36503,823405,1209401.67
2015,2015-06-01,0410030D0,Lofexidine Hydrochloride,210,8580,8195.360000000002
2016,2016-07-01,0703022M0,Medroxyprogesterone Acetate,76912,77939,435023.48999999976
2015,2015-01-01,0410030D0,Lofexidine Hydrochloride,262,10839,10328.220000000007
2018,2018-02-01,0703023L0,Levonorgestrel,10957,11014,891375.7802799935
2014,2014-02-01,0703022M0,Medroxyprogesterone Acetate,74726,75720,420391.4299999997
2011,2011-12-01,0410000P0,,2,42,49.620000000000005
2018,2018-11-01,0410030A0,Buprenorphine Hydrochloride,63875,1425837,1459765.394339999
2013,2013-01-01,0703023L0,Levonorgestrel,11141,11243,913734.1999999996
2013,2013-12-01,0410030D0,Lofexidine Hydrochloride,171,6975,6648.829999999998
2017,2017-03-01,0410020C0,Varenicline Tartrate,42040,1080475,1350108.1674000025
2012,2012-12-01,0703022M0,Medroxyprogesterone Acetate,79221,80189,444478.18
2012,2012-03-01,0703023L0,Levonorgestrel,12278,12366,1004785.6699999995
2014,2014-07-01,0410030B0,Buprenorph HCl/Naloxone HCl,8063,146788,219712.44999999992
2014,2014-12-01,0703023L0,Levonorgestrel,9391,9479,766944.6699999998
2015,2015-05-01,0410030A0,Buprenorphine Hydrochloride,55784,1245032,619434.8599999998
2019,2019-02-01,0410010B0,Disulfiram,2485,57251,112674.67584999968
2016,2016-06-01,0410020C0,Varenicline Tartrate,33217,863741,1067886.810000002
2013,2013-02-01,0703023L0,Levonorgestrel,10963,11065,899598.1300000001
2015,2015-01-01,0703023L0,Levonorgestrel,11141,11236,908171.3699999999
2015,2015-09-01,0703023L0,Levonorgestrel,10246,10314,831838.74
2013,2013-11-01,0410010B0,Disulfiram,4136,102908,59261.81999999998
2012,2012-08-01,0703023L0,Levonorgestrel,10487,10583,858404.4999999995
2011,2011-09-01,0410000AC,,6701,130141,195648.0599999999
2012,2012-02-01,0703023L0,Levonorgestrel,11341,11430,928620.9799999994
2014,2014-07-01,0410020C0,Varenicline Tartrate,46808,1178725,1473436.0300000012
2011,2011-07-01,0410000D0,,41209,903961,1321151.1900000004
2014,2014-03-01,0703023L0,Levonorgestrel,12064,12157,988995.41
2012,2012-01-01,0410030A0,Buprenorphine Hydrochloride,47878,1084881,1491042.54
2011,2011-03-01,0410000AB,,108270,2759924,3372260.349999998
2011,2011-05-01,0410000Q0,,2715,147668,108584.21999999996
2017,2017-06-01,0410010B0,Disulfiram,3194,83350,141474.9667499997
2010,2010-10-01,0410030A0,Buprenorphine Hydrochloride,7677,856578,112815.22000000003
2015,2015-12-01,0410030C0,Methadone Hydrochloride,168221,96724851,1219553.49
2014,2014-06-01,0410030B0,Buprenorph HCl/Naloxone HCl,7374,136302,202402.82000000004
2015,2015-07-01,0410030E0,Naltrexone Hydrochloride,1790,40995,67541.77999999991
2011,2011-12-01,0410020C0,Varenicline Tartrate,63874,1838035,2067781.0299999996
2014,2014-02-01,0410030E0,Naltrexone Hydrochloride,1346,36213,55735.46999999994
2017,2017-11-01,0410010B0,Disulfiram,2928,72626,123505.31715999969
2012,2012-06-01,0410010A0,Acamprosate Calcium,8958,996086,157573.11999999997
2012,2012-03-01,0410030B0,Buprenorph HCl/Naloxone HCl,7596,148096,217653.88000000003
2017,2017-01-01,0410030A0,Buprenorphine Hydrochloride,59894,1327326,417960.90519
2018,2018-03-01,0410010D0,Nalmefene,121,2476,6966.245200000001
2018,2018-05-01,0410030D0,Lofexidine Hydrochloride,43,2002,1917.49839
2017,2017-11-01,0410030A0,Buprenorphine Hydrochloride,63852,1417974,394854.7284900005
2010,2010-12-01,0410000N0,,1205,30187,57820.229999999945
2015,2015-05-01,0410030B0,Buprenorph HCl/Naloxone HCl,5207,96885,142896.83000000013
2012,2012-08-01,0410030E0,Naltrexone Hydrochloride,1428,32738,57096.350000000064
2016,2016-11-01,0703023L0,Levonorgestrel,11248,11336,917098.5000000015
2018,2018-10-01,0410030B0,Buprenorph HCl/Naloxone HCl,1777,37265,61161.623550000004
2013,2013-03-01,0410030D0,Lofexidine Hydrochloride,378,11017,10527.019999999999
2011,2011-06-01,0703022M0,Medroxyprogesterone Acetate,84938,86483,479374.8400000001
2018,2018-11-01,0703022M0,Medroxyprogesterone Acetate,74895,77411,436315.73100999603
2013,2013-09-01,0703023L0,Levonorgestrel,10854,10947,889684.4999999999
2013,2013-01-01,0410030B0,Buprenorph HCl/Naloxone HCl,7764,148118,224295.9799999999
2013,2013-04-01,0410030E0,Naltrexone Hydrochloride,1408,43213,72145.58
2018,2018-04-01,0410030C0,Methadone Hydrochloride,140858,84802437,882044.4675899989
2019,2019-01-01,0410030E0,Naltrexone Hydrochloride,1417,34569,65843.36996
2012,2012-10-01,0703023L0,Levonorgestrel,12513,12607,1023312.87
2011,2011-04-01,0410000H0,,4226,113095,51731.74999999996
2016,2016-02-01,0410010D0,Nalmefene,268,5575,15638.049999999997
2011,2011-04-01,0410000P0,,131597,5645463,2457690.4699999997
2014,2014-02-01,0410030A0,Buprenorphine Hydrochloride,50517,1155686,718524.2299999995
2017,2017-08-01,0410010D0,Nalmefene,199,3372,9461.565709999999
2010,2010-08-01,0703022M0,Medroxyprogesterone Acetate,78673,80439,445242.33999999997
2013,2013-12-01,0410010B0,Disulfiram,4250,102663,59366.52999999998
2015,2015-07-01,0410030D0,Lofexidine Hydrochloride,215,8921,8516.890000000001
2016,2016-08-01,0410030A0,Buprenorphine Hydrochloride,62484,1379644,496721.01999999996
2016,2016-11-01,0410030D0,Lofexidine Hydrochloride,232,8202,7843.02
2015,2015-08-01,0410030D0,Lofexidine Hydrochloride,219,8229,7856.670000000002
2016,2016-09-01,0410030D0,Lofexidine Hydrochloride,198,8425,8057.58
2011,2011-01-01,0703023L0,Levonorgestrel,9893,9978,786869.6099999995
2019,2019-01-01,0410030C0,Methadone Hydrochloride,156719,96653216,882134.4054600017
2018,2018-01-01,0410030E0,Naltrexone Hydrochloride,1630,39282,63427.10157999999
2017,2017-10-01,0703023L0,Levonorgestrel,11508,11589,937435.892239996
2016,2016-09-01,0410020C0,Varenicline Tartrate,32446,825674,1043143.5100000037
2014,2014-03-01,0410030C0,Methadone Hydrochloride,148525,85472272,1078008.7900000005
2017,2017-09-01,0410030A0,Buprenorphine Hydrochloride,60212,1330304,364322.7130999999
2013,2013-02-01,0410010B0,Disulfiram,4229,108337,50013.93000000001
2017,2017-06-01,0703022M0,Medroxyprogesterone Acetate,80450,81713,456660.8482300018
2013,2013-07-01,0410020C0,Varenicline Tartrate,59978,1516781,1888309.2500000002
2018,2018-07-01,0410030D0,Lofexidine Hydrochloride,5,290,277.47177
2012,2012-12-01,0410020C0,Varenicline Tartrate,54658,1629934,1785928.4100000001
2014,2014-02-01,0703023L0,Levonorgestrel,10865,10946,889312.3999999997
2013,2013-10-01,0410010D0,Nalmefene,26,525,1470.1100000000001
2018,2018-09-01,0410030E0,Naltrexone Hydrochloride,1494,33808,50536.52425
2016,2016-04-01,0410010A0,Acamprosate Calcium,11147,1164936,185651.17999999982
2016,2016-10-01,0703022M0,Medroxyprogesterone Acetate,75604,76487,426855.6000000028
2018,2018-05-01,0410010B0,Disulfiram,2980,69239,118185.23414999977
2018,2018-06-01,0703022M0,Medroxyprogesterone Acetate,77738,80108,451167.27969999553
2018,2018-01-01,0703023L0,Levonorgestrel,11101,11157,903557.1453499971
2018,2018-02-01,0410010A0,Acamprosate Calcium,10047,986603,183787.13611999716
2018,2018-02-01,0410030A0,Buprenorphine Hydrochloride,58934,1305361,345624.93580000044
2011,2011-02-01,0410030A0,Buprenorphine Hydrochloride,7351,824603,108793.94
2014,2014-10-01,0410010D0,Nalmefene,250,5019,14392.309999999987
2013,2013-10-01,0410020C0,Varenicline Tartrate,60887,1492999,1896741.3599999992
2014,2014-06-01,0410020C0,Varenicline Tartrate,45518,1138898,1426070.8599999999
2013,2013-10-01,0410030B0,Buprenorph HCl/Naloxone HCl,9459,171008,256820.9799999999
2011,2011-06-01,0410000N0,,1113,27466,54557.77000000003
2011,2011-10-01,0410000N0,,1077,26870,51941.33000000005
2018,2018-12-01,0410030E0,Naltrexone Hydrochloride,1430,31846,58482.00952999994
2015,2015-08-01,0410030B0,Buprenorph HCl/Naloxone HCl,4719,87990,130558.19
2018,2018-12-01,0410030B0,Buprenorph HCl/Naloxone HCl,1558,33027,53046.17925999999
2018,2018-05-01,0410010A0,Acamprosate Calcium,10965,1065405,198777.24773000117
2013,2013-11-01,0703022M0,Medroxyprogesterone Acetate,77412,78288,434291.95
2015,2015-12-01,0410030A0,Buprenorphine Hydrochloride,65006,1433646,713558.5899999999
2017,2017-03-01,0703023L0,Levonorgestrel,12557,12672,1026232.0595700012
2018,2018-08-01,0410030C0,Methadone Hydrochloride,150494,91563240,821871.2961500004
2017,2017-06-01,0410030A0,Buprenorphine Hydrochloride,59816,1337589,392035.86694
2015,2015-11-01,0410030C0,Methadone Hydrochloride,150063,87511202,1105830.5199999998
2017,2017-08-01,0410030C0,Methadone Hydrochloride,152485,89477760,984637.530569999
2018,2018-03-01,0410010A0,Acamprosate Calcium,11061,1087090,202693.01151000004
2015,2015-03-01,0410010B0,Disulfiram,4084,100116,57855.18000000002
2019,2019-02-01,0410030B0,Buprenorph HCl/Naloxone HCl,1227,27022,44212.033410000004
2014,2014-07-01,0703022M0,Medroxyprogesterone Acetate,82268,83270,463520.8700000001
2018,2018-10-01,0410020C0,Varenicline Tartrate,28316,730442,921099.946189998
2013,2013-06-01,0410030E0,Naltrexone Hydrochloride,1381,45637,68204.90000000002
2015,2015-09-01,0410010B0,Disulfiram,4089,98941,57219.25000000003
2013,2013-10-01,0410030C0,Methadone Hydrochloride,159312,92247701,1158509.270000001
2015,2015-04-01,0410030E0,Naltrexone Hydrochloride,1580,35478,61538.43999999997
2014,2014-03-01,0410030E0,Naltrexone Hydrochloride,1395,36661,55324.77000000005
2015,2015-03-01,0410030E0,Naltrexone Hydrochloride,1743,39183,62521.620000000024
2013,2013-05-01,0703022M0,Medroxyprogesterone Acetate,83468,84494,468782.2199999996
2017,2017-09-01,0410020C0,Varenicline Tartrate,29848,778236,969651.9486200009
2017,2017-03-01,0410010B0,Disulfiram,3116,71064,120904.12398999993
2012,2012-01-01,0410030B0,Buprenorph HCl/Naloxone HCl,6827,134491,202599.84
2017,2017-03-01,0410010A0,Acamprosate Calcium,11533,1171266,217945.66659000074
