,practice_code,bnf_description,bnf_code,items,excess_cost
0,L84001,Atorvastatin_Tab 10mg,0212000B0AAAAAA,5,0.010500000000000058
1,L84001,Memantine HCl_Tab 10mg,0411000G0AAAAAA,2,0.008400000000000143
2,L84001,Paracet_Tab 500mg,0407010H0AAAMAM,14,0.08399999999999949
3,L84001,Pregabalin_Cap 50mg,0408010AEAAABAB,15,0.06160000000000099
4,L84003,Atorvastatin_Tab 10mg,0212000B0AAAAAA,34,0.0714000000000004
5,L84003,Atorvastatin_Tab 20mg,0212000B0AAABAB,1,0.006000000000000172
6,L84003,Letrozole_Tab 2.5mg,0803041L0AAAAAA,8,0.039200000000000346
7,L84003,Memantine HCl_Tab 10mg,0411000G0AAAAAA,48,-0.12799999999999923
8,L84003,Paracet_Tab 500mg,0407010H0AAAMAM,88,22.4968
9,L84003,Pregabalin_Cap 50mg,0408010AEAAABAB,7,-0.0027999999999996916
10,L84004,Atorvastatin_Tab 10mg,0212000B0AAAAAA,32,0.06720000000000037
11,L84004,Atorvastatin_Tab 20mg,0212000B0AAABAB,263,22.82840000000004
12,L84004,Hydrocort_Tab 10mg,0603020J0AAADAD,1,0.004499999999999504
13,L84004,Letrozole_Tab 2.5mg,0803041L0AAAAAA,10,-0.25199999999999945
14,L84004,Memantine HCl_Tab 10mg,0411000G0AAAAAA,20,-0.041999999999999454
15,L84004,Memantine HCl_Tab 20mg,0411000G0AAADAD,18,0.0881999999999999
16,L84004,Paracet_Tab 500mg,0407010H0AAAMAM,272,9.860000000000031
17,L84004,Pregabalin_Cap 50mg,0408010AEAAABAB,6,-0.016799999999999995
18,L84005,Atorvastatin_Tab 10mg,0212000B0AAAAAA,18,0.03780000000000021
19,L84005,Atorvastatin_Tab 20mg,0212000B0AAABAB,32,39.424
20,L84005,Letrozole_Tab 2.5mg,0803041L0AAAAAA,1,71.2992
21,L84005,Memantine HCl_Tab 10mg,0411000G0AAAAAA,5,-0.006999999999999812
22,L84005,Memantine HCl_Tab 20mg,0411000G0AAADAD,16,32.0208
23,L84005,Paracet_Tab 500mg,0407010H0AAAMAM,182,9.899200000000015
24,L84005,Paracet_Tab Solb 500mg,0407010H0AAAQAQ,4,45.216
25,L84005,Pregabalin_Cap 50mg,0408010AEAAABAB,3,-0.00840000000000024
26,L84006,Paracet_Tab 500mg,0407010H0AAAMAM,26,-0.02639999999999984
27,L84006,Paracet_Tab Solb 500mg,0407010H0AAAQAQ,10,-0.019999999999995577
28,L84006,Pregabalin_Cap 50mg,0408010AEAAABAB,2,0.00280000000000008
29,L84007,Atorvastatin_Tab 10mg,0212000B0AAAAAA,9,0.018900000000000104
30,L84007,Hydrocort_Tab 10mg,0603020J0AAADAD,2,562.4219999999999
31,L84007,Letrozole_Tab 2.5mg,0803041L0AAAAAA,4,0.019600000000000173
32,L84007,Memantine HCl_Tab 10mg,0411000G0AAAAAA,9,-0.004199999999999829
33,L84007,Memantine HCl_Tab 20mg,0411000G0AAADAD,5,0.024499999999999973
34,L84007,Paracet_Tab 500mg,0407010H0AAAMAM,132,1.234799999999995
35,L84007,Paracet_Tab Solb 500mg,0407010H0AAAQAQ,2,-0.011999999999998678
36,L84007,Pregabalin_Cap 50mg,0408010AEAAABAB,4,0.02240000000000064
37,L84008,Atorvastatin_Tab 10mg,0212000B0AAAAAA,36,11.625600000000002
38,L84008,Atorvastatin_Tab 40mg,0212000B0AAACAC,87,22.4112
39,L84008,Hydrocort_Tab 10mg,0603020J0AAADAD,2,-0.022399999999997533
40,L84008,Letrozole_Tab 2.5mg,0803041L0AAAAAA,4,0.019600000000000173
41,L84008,Memantine HCl_Tab 10mg,0411000G0AAAAAA,18,80.64319999999998
42,L84008,Memantine HCl_Tab 20mg,0411000G0AAADAD,21,191.7531
43,L84008,Paracet_Tab 500mg,0407010H0AAAMAM,172,18.708800000000014
44,L84008,Paracet_Tab Solb 500mg,0407010H0AAAQAQ,4,-0.005599999999998495
45,L84008,Pregabalin_Cap 50mg,0408010AEAAABAB,18,513.6949999999999
46,L84009,Atorvastatin_Tab 10mg,0212000B0AAAAAA,77,0.1617000000000009
47,L84009,Letrozole_Tab 2.5mg,0803041L0AAAAAA,2,0.009800000000000086
48,L84009,Memantine HCl_Tab 10mg,0411000G0AAAAAA,14,-0.03219999999999976
49,L84009,Memantine HCl_Tab 20mg,0411000G0AAADAD,42,0.20579999999999976
50,L84009,Paracet_Tab 500mg,0407010H0AAAMAM,496,12.302400000000016
51,L84009,Pregabalin_Cap 50mg,0408010AEAAABAB,35,0.049000000000001015
52,L84010,Atorvastatin_Tab 10mg,0212000B0AAAAAA,201,46.54440000000001
53,L84010,Atorvastatin_Tab 20mg,0212000B0AAABAB,295,22.96520000000003
54,L84010,Memantine HCl_Tab 10mg,0411000G0AAAAAA,12,-0.02059999999999973
55,L84010,Memantine HCl_Tab 20mg,0411000G0AAADAD,30,0.14699999999999985
56,L84010,Paracet_Tab 500mg,0407010H0AAAMAM,512,67.62760000000007
57,L84010,Pregabalin_Cap 50mg,0408010AEAAABAB,16,0.03080000000000127
58,L84011,Atorvastatin_Tab 10mg,0212000B0AAAAAA,37,0.07770000000000044
59,L84011,Memantine HCl_Tab 10mg,0411000G0AAAAAA,9,-0.025199999999999848
60,L84011,Memantine HCl_Tab 20mg,0411000G0AAADAD,20,0.09799999999999989
61,L84011,Paracet_Tab 500mg,0407010H0AAAMAM,38,0.23679999999999857
62,L84011,Pregabalin_Cap 50mg,0408010AEAAABAB,24,0.11900000000000244
63,L84012,Atorvastatin_Tab 10mg,0212000B0AAAAAA,10,0.021000000000000116
64,L84012,Memantine HCl_Tab 10mg,0411000G0AAAAAA,11,-0.025999999999999843
65,L84012,Memantine HCl_Tab 20mg,0411000G0AAADAD,12,0.058799999999999936
66,L84012,Paracet_Tab 500mg,0407010H0AAAMAM,160,-0.7503999999999955
67,L84012,Pregabalin_Cap 50mg,0408010AEAAABAB,12,0.05460000000000098
68,L84014,Atorvastatin_Tab 10mg,0212000B0AAAAAA,139,34.48339999999999
69,L84014,Atorvastatin_Tab 20mg,0212000B0AAABAB,140,67.956
70,L84014,Hydrocort_Tab 10mg,0603020J0AAADAD,1,-0.011199999999998766
71,L84014,Letrozole_Tab 2.5mg,0803041L0AAAAAA,4,0.019600000000000173
72,L84014,Memantine HCl_Tab 10mg,0411000G0AAAAAA,19,31.308000000000003
73,L84014,Memantine HCl_Tab 20mg,0411000G0AAADAD,8,0.03779999999999996
74,L84014,Paracet_Tab 500mg,0407010H0AAAMAM,244,9.379199999999997
75,L84014,Pregabalin_Cap 50mg,0408010AEAAABAB,10,0.00839999999999995
76,L84015,Atorvastatin_Tab 10mg,0212000B0AAAAAA,22,20.4204
77,L84015,Atorvastatin_Tab 20mg,0212000B0AAABAB,129,68.29550000000002
78,L84015,Memantine HCl_Tab 10mg,0411000G0AAAAAA,39,78.3576
79,L84015,Memantine HCl_Tab 20mg,0411000G0AAADAD,10,0.048999999999999946
80,L84015,Paracet_Tab 500mg,0407010H0AAAMAM,42,-0.09959999999999938
81,L84015,Paracet_Tab Solb 500mg,0407010H0AAAQAQ,6,18.788000000000004
82,L84015,Pregabalin_Cap 50mg,0408010AEAAABAB,5,0.0238000000000001
83,L84016,Atorvastatin_Tab 10mg,0212000B0AAAAAA,27,0.05670000000000031
84,L84016,Hydrocort_Tab 10mg,0603020J0AAADAD,5,-0.010999999999998789
85,L84016,Memantine HCl_Tab 20mg,0411000G0AAADAD,27,64.01639999999999
86,L84016,Paracet_Tab 500mg,0407010H0AAAMAM,216,19.65800000000001
87,L84016,Pregabalin_Cap 50mg,0408010AEAAABAB,5,-0.005599999999999772
88,L84017,Atorvastatin_Tab 10mg,0212000B0AAAAAA,59,23.320499999999996
89,L84017,Atorvastatin_Tab 20mg,0212000B0AAABAB,205,22.960000000000022
90,L84017,Hydrocort_Tab 10mg,0603020J0AAADAD,1,-0.011199999999998766
91,L84017,Memantine HCl_Tab 10mg,0411000G0AAAAAA,4,-0.011199999999999932
92,L84017,Memantine HCl_Tab 20mg,0411000G0AAADAD,7,0.03429999999999996
93,L84017,Paracet_Tab 500mg,0407010H0AAAMAM,482,50.87480000000001
94,L84017,Paracet_Tab Solb 500mg,0407010H0AAAQAQ,2,-0.011999999999998678
95,L84017,Pregabalin_Cap 50mg,0408010AEAAABAB,13,0.02660000000000047
96,L84018,Atorvastatin_Tab 10mg,0212000B0AAAAAA,25,0.0546000000000003
97,L84018,Atorvastatin_Tab 40mg,0212000B0AAACAC,10,44.519999999999996
98,L84018,Memantine HCl_Tab 10mg,0411000G0AAAAAA,10,-0.026499999999999642
99,L84018,Memantine HCl_Tab 20mg,0411000G0AAADAD,17,0.0832999999999999
100,L84018,Paracet_Tab 500mg,0407010H0AAAMAM,162,23.07160000000002
101,L84018,Paracet_Tab Solb 500mg,0407010H0AAAQAQ,4,329.19040000000007
102,L84018,Pregabalin_Cap 50mg,0408010AEAAABAB,5,-0.013999999999999915
103,L84020,Atorvastatin_Tab 10mg,0212000B0AAAAAA,21,0.04410000000000024
104,L84020,Hydrocort_Tab 10mg,0603020J0AAADAD,1,-0.011199999999998766
105,L84020,Memantine HCl_Tab 10mg,0411000G0AAAAAA,5,-0.013999999999999915
106,L84020,Memantine HCl_Tab 20mg,0411000G0AAADAD,10,0.048999999999999946
107,L84020,Paracet_Tab 500mg,0407010H0AAAMAM,82,-0.19439999999999882
108,L84020,Pregabalin_Cap 50mg,0408010AEAAABAB,9,0.039200000000000734
109,L84021,Atorvastatin_Tab 10mg,0212000B0AAAAAA,127,11.426800000000004
110,L84021,Memantine HCl_Tab 10mg,0411000G0AAAAAA,20,-0.0347999999999995
111,L84021,Paracet_Tab 500mg,0407010H0AAAMAM,106,-0.44939999999999725
112,L84021,Paracet_Tab Solb 500mg,0407010H0AAAQAQ,4,-0.023999999999997357
113,L84021,Pregabalin_Cap 50mg,0408010AEAAABAB,5,0.028000000000000802
114,L84022,Atorvastatin_Tab 10mg,0212000B0AAAAAA,44,0.09240000000000051
115,L84022,Atorvastatin_Tab 40mg,0212000B0AAACAC,82,22.271199999999997
116,L84022,Letrozole_Tab 2.5mg,0803041L0AAAAAA,8,0.039200000000000346
117,L84022,Memantine HCl_Tab 10mg,0411000G0AAAAAA,20,-0.05599999999999966
118,L84022,Memantine HCl_Tab 20mg,0411000G0AAADAD,12,63.940799999999996
119,L84022,Paracet_Tab 500mg,0407010H0AAAMAM,284,29.828800000000022
120,L84022,Pregabalin_Cap 50mg,0408010AEAAABAB,3,85.6184
121,L84023,Atorvastatin_Tab 10mg,0212000B0AAAAAA,80,46.14400000000002
122,L84023,Hydrocort_Tab 10mg,0603020J0AAADAD,2,-0.022399999999997533
123,L84023,Memantine HCl_Tab 10mg,0411000G0AAAAAA,3,0.008400000000000143
124,L84023,Memantine HCl_Tab 20mg,0411000G0AAADAD,7,191.68800000000002
125,L84023,Paracet_Tab 500mg,0407010H0AAAMAM,12,-0.0671999999999996
126,L84023,Paracet_Tab Solb 500mg,0407010H0AAAQAQ,2,18.84
127,L84023,Pregabalin_Cap 50mg,0408010AEAAABAB,5,0.028000000000000802
128,L84024,Atorvastatin_Tab 10mg,0212000B0AAAAAA,13,0.02730000000000015
129,L84024,Atorvastatin_Tab 40mg,0212000B0AAACAC,1,0.006000000000000172
130,L84024,Memantine HCl_Tab 10mg,0411000G0AAAAAA,2,0.008400000000000046
131,L84024,Memantine HCl_Tab 20mg,0411000G0AAADAD,6,0.029399999999999968
132,L84024,Paracet_Tab 500mg,0407010H0AAAMAM,80,-0.2463999999999985
133,L84024,Pregabalin_Cap 50mg,0408010AEAAABAB,3,0.01680000000000048
134,L84025,Atorvastatin_Tab 10mg,0212000B0AAAAAA,24,0.05040000000000028
135,L84025,Memantine HCl_Tab 10mg,0411000G0AAAAAA,8,-0.022399999999999864
136,L84025,Memantine HCl_Tab 20mg,0411000G0AAADAD,4,0.01959999999999998
137,L84025,Paracet_Tab 500mg,0407010H0AAAMAM,72,-0.15839999999999904
138,L84025,Pregabalin_Cap 50mg,0408010AEAAABAB,6,0.03360000000000096
139,L84026,Atorvastatin_Tab 10mg,0212000B0AAAAAA,141,0.29820000000000163
140,L84026,Atorvastatin_Tab 40mg,0212000B0AAACAC,1,-0.0029999999999998778
141,L84026,Hydrocort_Tab 10mg,0603020J0AAADAD,3,-0.01789999999999803
142,L84026,Letrozole_Tab 2.5mg,0803041L0AAAAAA,12,0.05880000000000052
143,L84026,Memantine HCl_Tab 10mg,0411000G0AAAAAA,43,-0.10259999999999915
144,L84026,Memantine HCl_Tab 20mg,0411000G0AAADAD,25,0.12249999999999986
145,L84026,Paracet_Tab 500mg,0407010H0AAAMAM,124,0.3283999999999979
146,L84026,Paracet_Tab Solb 500mg,0407010H0AAAQAQ,4,-0.017999999999998018
147,L84026,Pregabalin_Cap 50mg,0408010AEAAABAB,31,0.08940000000000053
148,L84027,Atorvastatin_Tab 10mg,0212000B0AAAAAA,119,104.6832
149,L84027,Atorvastatin_Tab 20mg,0212000B0AAABAB,153,226.5732
150,L84027,Atorvastatin_Tab 40mg,0212000B0AAACAC,77,111.24960000000003
151,L84027,Letrozole_Tab 2.5mg,0803041L0AAAAAA,18,70.79240000000001
152,L84027,Memantine HCl_Tab 20mg,0411000G0AAADAD,31,319.5276
153,L84027,Paracet_Tab 500mg,0407010H0AAAMAM,304,154.38479999999998
154,L84027,Pregabalin_Cap 50mg,0408010AEAAABAB,6,85.64080000000001
155,L84028,Atorvastatin_Tab 40mg,0212000B0AAACAC,157,66.8192
156,L84028,Letrozole_Tab 2.5mg,0803041L0AAAAAA,3,0.01470000000000013
157,L84028,Memantine HCl_Tab 10mg,0411000G0AAAAAA,17,-0.04759999999999971
158,L84028,Memantine HCl_Tab 20mg,0411000G0AAADAD,4,0.01959999999999998
159,L84028,Paracet_Tab 500mg,0407010H0AAAMAM,66,-0.07799999999999954
160,L84028,Paracet_Tab Solb 500mg,0407010H0AAAQAQ,10,-0.05999999999999339
161,L84028,Pregabalin_Cap 50mg,0408010AEAAABAB,6,0.03220000000000073
162,L84029,Atorvastatin_Tab 10mg,0212000B0AAAAAA,15,0.031500000000000174
163,L84029,Atorvastatin_Tab 20mg,0212000B0AAABAB,1,0.0020000000000000573
164,L84029,Memantine HCl_Tab 10mg,0411000G0AAAAAA,1,-0.002799999999999983
165,L84029,Memantine HCl_Tab 20mg,0411000G0AAADAD,7,0.03429999999999996
166,L84029,Paracet_Tab 500mg,0407010H0AAAMAM,204,-1.7715999999999976
167,L84029,Paracet_Tab Solb 500mg,0407010H0AAAQAQ,2,-0.011999999999998678
168,L84029,Pregabalin_Cap 50mg,0408010AEAAABAB,6,-0.008399999999999852
169,L84030,Atorvastatin_Tab 10mg,0212000B0AAAAAA,8,0.016800000000000093
170,L84030,Letrozole_Tab 2.5mg,0803041L0AAAAAA,4,0.019600000000000173
171,L84030,Memantine HCl_Tab 10mg,0411000G0AAAAAA,8,-0.022399999999999864
172,L84030,Memantine HCl_Tab 20mg,0411000G0AAADAD,23,0.11269999999999988
173,L84030,Paracet_Tab 500mg,0407010H0AAAMAM,124,106.7432
174,L84030,Pregabalin_Cap 50mg,0408010AEAAABAB,5,0.022399999999999864
175,L84031,Atorvastatin_Tab 10mg,0212000B0AAAAAA,15,0.031500000000000174
176,L84031,Atorvastatin_Tab 40mg,0212000B0AAACAC,76,22.344000000000005
177,L84031,Hydrocort_Tab 10mg,0603020J0AAADAD,1,2.315999999999998
178,L84031,Letrozole_Tab 2.5mg,0803041L0AAAAAA,7,0.0343000000000003
179,L84031,Memantine HCl_Tab 10mg,0411000G0AAAAAA,37,62.6542
180,L84031,Memantine HCl_Tab 20mg,0411000G0AAADAD,35,127.9292
181,L84031,Paracet_Tab 500mg,0407010H0AAAMAM,350,180.93599999999998
182,L84031,Paracet_Tab Solb 500mg,0407010H0AAAQAQ,4,75.71199999999999
183,L84031,Pregabalin_Cap 50mg,0408010AEAAABAB,33,0.10639999999999955
184,L84032,Atorvastatin_Tab 10mg,0212000B0AAAAAA,36,0.07560000000000042
185,L84032,Letrozole_Tab 2.5mg,0803041L0AAAAAA,4,0.019600000000000173
186,L84032,Memantine HCl_Tab 20mg,0411000G0AAADAD,26,0.12739999999999985
187,L84032,Paracet_Tab 500mg,0407010H0AAAMAM,54,-0.30239999999999817
188,L84032,Pregabalin_Cap 50mg,0408010AEAAABAB,18,0.0420000000000012
189,L84033,Atorvastatin_Tab 10mg,0212000B0AAAAAA,58,0.12180000000000067
190,L84033,Hydrocort_Tab 10mg,0603020J0AAADAD,1,7.739999999999991
191,L84033,Memantine HCl_Tab 10mg,0411000G0AAAAAA,43,-0.08359999999999901
192,L84033,Memantine HCl_Tab 20mg,0411000G0AAADAD,34,0.1665999999999998
193,L84033,Paracet_Tab 500mg,0407010H0AAAMAM,444,40.04800000000002
194,L84033,Paracet_Tab Solb 500mg,0407010H0AAAQAQ,4,-0.023999999999997357
195,L84033,Pregabalin_Cap 50mg,0408010AEAAABAB,3,0.01680000000000048
196,L84034,Atorvastatin_Tab 10mg,0212000B0AAAAAA,10,-0.0038999999999998064
197,L84034,Memantine HCl_Tab 10mg,0411000G0AAAAAA,6,0.004200000000000412
198,L84034,Paracet_Tab 500mg,0407010H0AAAMAM,18,0.045599999999999724
199,L84034,Paracet_Tab Solb 500mg,0407010H0AAAQAQ,2,-0.011999999999998678
200,L84034,Pregabalin_Cap 50mg,0408010AEAAABAB,17,0.04480000000000128
201,L84036,Atorvastatin_Tab 10mg,0212000B0AAAAAA,40,0.08400000000000046
202,L84036,Letrozole_Tab 2.5mg,0803041L0AAAAAA,4,0.019600000000000173
203,L84036,Memantine HCl_Tab 10mg,0411000G0AAAAAA,78,62.5445
204,L84036,Memantine HCl_Tab 20mg,0411000G0AAADAD,28,127.9306
205,L84036,Paracet_Tab 500mg,0407010H0AAAMAM,342,52.61720000000003
206,L84036,Pregabalin_Cap 50mg,0408010AEAAABAB,10,0.033600000000000185
207,L84037,Atorvastatin_Tab 10mg,0212000B0AAAAAA,12,0.02520000000000014
208,L84037,Hydrocort_Tab 10mg,0603020J0AAADAD,1,-0.013999999999998458
209,L84037,Memantine HCl_Tab 10mg,0411000G0AAAAAA,16,-0.05119999999999969
210,L84037,Memantine HCl_Tab 20mg,0411000G0AAADAD,40,64.015
211,L84037,Paracet_Tab 500mg,0407010H0AAAMAM,54,-0.057199999999999654
212,L84037,Paracet_Tab Solb 500mg,0407010H0AAAQAQ,2,-0.011999999999998678
213,L84037,Pregabalin_Cap 50mg,0408010AEAAABAB,11,-0.005599999999999383
214,L84038,Atorvastatin_Tab 10mg,0212000B0AAAAAA,28,0.060900000000000336
215,L84038,Memantine HCl_Tab 10mg,0411000G0AAAAAA,61,-0.12639999999999874
216,L84038,Memantine HCl_Tab 20mg,0411000G0AAADAD,13,0.06369999999999992
217,L84038,Paracet_Tab 500mg,0407010H0AAAMAM,154,-0.30079999999999824
218,L84038,Paracet_Tab Solb 500mg,0407010H0AAAQAQ,2,-0.011999999999998678
219,L84038,Pregabalin_Cap 50mg,0408010AEAAABAB,5,0.028000000000000802
220,L84039,Memantine HCl_Tab 20mg,0411000G0AAADAD,4,0.01959999999999998
221,L84039,Paracet_Tab 500mg,0407010H0AAAMAM,140,40.96520000000001
222,L84039,Pregabalin_Cap 50mg,0408010AEAAABAB,1,-0.00280000000000008
223,L84040,Atorvastatin_Tab 10mg,0212000B0AAAAAA,62,0.10780000000000069
224,L84040,Atorvastatin_Tab 20mg,0212000B0AAABAB,177,22.797600000000035
225,L84040,Hydrocort_Tab 10mg,0603020J0AAADAD,7,2.1432
226,L84040,Letrozole_Tab 2.5mg,0803041L0AAAAAA,18,0.08820000000000078
227,L84040,Memantine HCl_Tab 10mg,0411000G0AAAAAA,23,-0.05959999999999964
228,L84040,Memantine HCl_Tab 20mg,0411000G0AAADAD,26,0.12739999999999985
229,L84040,Paracet_Tab 500mg,0407010H0AAAMAM,422,18.16160000000001
230,L84040,Paracet_Tab Solb 500mg,0407010H0AAAQAQ,4,21.14560000000001
231,L84040,Pregabalin_Cap 50mg,0408010AEAAABAB,27,0.036399999999999585
232,L84041,Atorvastatin_Tab 10mg,0212000B0AAAAAA,25,0.05500000000000028
233,L84041,Atorvastatin_Tab 20mg,0212000B0AAABAB,1,-0.0029999999999998778
234,L84041,Atorvastatin_Tab 40mg,0212000B0AAACAC,1,0.003799999999999977
235,L84041,Hydrocort_Tab 10mg,0603020J0AAADAD,2,-0.022399999999997533
236,L84041,Letrozole_Tab 2.5mg,0803041L0AAAAAA,7,0.0343000000000003
237,L84041,Memantine HCl_Tab 10mg,0411000G0AAAAAA,50,62.628400000000006
238,L84041,Memantine HCl_Tab 20mg,0411000G0AAADAD,20,0.09799999999999989
239,L84041,Paracet_Tab 500mg,0407010H0AAAMAM,180,22.052800000000012
240,L84041,Paracet_Tab Solb 500mg,0407010H0AAAQAQ,12,18.78800000000001
241,L84041,Pregabalin_Cap 50mg,0408010AEAAABAB,16,57.147999999999996
242,L84043,Atorvastatin_Tab 10mg,0212000B0AAAAAA,65,11.622800000000002
243,L84043,Atorvastatin_Tab 20mg,0212000B0AAABAB,139,45.1472
244,L84043,Atorvastatin_Tab 40mg,0212000B0AAACAC,105,0.5879999999999964
245,L84043,Memantine HCl_Tab 10mg,0411000G0AAAAAA,6,-0.01179999999999988
246,L84043,Memantine HCl_Tab 20mg,0411000G0AAADAD,8,0.03919999999999996
247,L84043,Paracet_Tab 500mg,0407010H0AAAMAM,22,-0.12319999999999925
248,L84043,Pregabalin_Cap 50mg,0408010AEAAABAB,9,3.885780586188048e-16
249,L84044,Atorvastatin_Tab 10mg,0212000B0AAAAAA,28,23.246599999999997
250,L84044,Atorvastatin_Tab 20mg,0212000B0AAABAB,94,90.40680000000003
251,L84044,Letrozole_Tab 2.5mg,0803041L0AAAAAA,4,0.019600000000000173
252,L84044,Memantine HCl_Tab 20mg,0411000G0AAADAD,14,0.06859999999999992
253,L84044,Paracet_Tab 500mg,0407010H0AAAMAM,176,15.75240000000003
254,L84044,Pregabalin_Cap 50mg,0408010AEAAABAB,1,-0.00280000000000008
255,L84045,Atorvastatin_Tab 10mg,0212000B0AAAAAA,169,0.45569999999999783
256,L84045,Memantine HCl_Tab 10mg,0411000G0AAAAAA,11,-0.037199999999999775
257,L84045,Memantine HCl_Tab 20mg,0411000G0AAADAD,57,64.09200000000001
258,L84045,Paracet_Tab 500mg,0407010H0AAAMAM,252,-1.7683999999999895
259,L84045,Paracet_Tab Solb 500mg,0407010H0AAAQAQ,4,-0.023999999999997357
260,L84045,Pregabalin_Cap 50mg,0408010AEAAABAB,25,57.126999999999995
261,L84046,Atorvastatin_Tab 20mg,0212000B0AAABAB,23,22.523900000000005
262,L84046,Atorvastatin_Tab 40mg,0212000B0AAACAC,62,44.441599999999994
263,L84046,Letrozole_Tab 2.5mg,0803041L0AAAAAA,17,71.37270000000001
264,L84046,Memantine HCl_Tab 10mg,0411000G0AAAAAA,11,54.916399999999996
265,L84046,Memantine HCl_Tab 20mg,0411000G0AAADAD,4,0.01959999999999998
266,L84046,Paracet_Tab 500mg,0407010H0AAAMAM,198,8.518400000000034
267,L84046,Pregabalin_Cap 50mg,0408010AEAAABAB,8,0.04480000000000128
268,L84047,Atorvastatin_Tab 10mg,0212000B0AAAAAA,37,0.07770000000000044
269,L84047,Atorvastatin_Tab 20mg,0212000B0AAABAB,1,0.00180000000000001
270,L84047,Hydrocort_Tab 10mg,0603020J0AAADAD,2,-0.022399999999997533
271,L84047,Memantine HCl_Tab 10mg,0411000G0AAAAAA,35,-0.06939999999999914
272,L84047,Memantine HCl_Tab 20mg,0411000G0AAADAD,41,0.20089999999999977
273,L84047,Paracet_Tab 500mg,0407010H0AAAMAM,202,0.01639999999999986
274,L84047,Pregabalin_Cap 50mg,0408010AEAAABAB,4,0.01819999999999994
275,L84048,Atorvastatin_Tab 10mg,0212000B0AAAAAA,128,23.20780000000001
276,L84048,Atorvastatin_Tab 20mg,0212000B0AAABAB,192,90.44000000000003
277,L84048,Atorvastatin_Tab 40mg,0212000B0AAACAC,116,22.2488
278,L84048,Hydrocort_Tab 10mg,0603020J0AAADAD,2,2.3019999999999996
279,L84048,Letrozole_Tab 2.5mg,0803041L0AAAAAA,4,0.019600000000000173
280,L84048,Memantine HCl_Tab 10mg,0411000G0AAAAAA,132,-0.3575999999999978
281,L84048,Memantine HCl_Tab 20mg,0411000G0AAADAD,50,0.24499999999999972
282,L84048,Paracet_Tab 500mg,0407010H0AAAMAM,632,53.13200000000001
283,L84048,Pregabalin_Cap 50mg,0408010AEAAABAB,16,85.67439999999999
284,L84049,Atorvastatin_Tab 10mg,0212000B0AAAAAA,52,0.1092000000000006
285,L84049,Hydrocort_Tab 10mg,0603020J0AAADAD,2,-0.031199999999996564
286,L84049,Memantine HCl_Tab 10mg,0411000G0AAAAAA,13,-0.02879999999999963
287,L84049,Memantine HCl_Tab 20mg,0411000G0AAADAD,11,0.05389999999999994
288,L84049,Paracet_Tab 500mg,0407010H0AAAMAM,68,-0.30239999999999817
289,L84049,Paracet_Tab Solb 500mg,0407010H0AAAQAQ,8,147.04000000000002
290,L84049,Pregabalin_Cap 50mg,0408010AEAAABAB,6,0.028000000000000025
291,L84050,Atorvastatin_Tab 10mg,0212000B0AAAAAA,84,0.17640000000000097
292,L84050,Hydrocort_Tab 10mg,0603020J0AAADAD,2,-0.022399999999997533
293,L84050,Letrozole_Tab 2.5mg,0803041L0AAAAAA,5,0.024500000000000216
294,L84050,Memantine HCl_Tab 10mg,0411000G0AAAAAA,37,-0.09519999999999942
295,L84050,Memantine HCl_Tab 20mg,0411000G0AAADAD,22,0.10779999999999988
296,L84050,Paracet_Tab 500mg,0407010H0AAAMAM,258,-3.609199999999978
297,L84050,Pregabalin_Cap 50mg,0408010AEAAABAB,18,0.03220000000000112
298,L84051,Atorvastatin_Tab 10mg,0212000B0AAAAAA,18,0.03780000000000021
299,L84051,Letrozole_Tab 2.5mg,0803041L0AAAAAA,15,285.17999999999995
300,L84051,Memantine HCl_Tab 10mg,0411000G0AAAAAA,9,54.8975
301,L84051,Memantine HCl_Tab 20mg,0411000G0AAADAD,8,0.03919999999999996
302,L84051,Paracet_Tab 500mg,0407010H0AAAMAM,68,-0.35999999999999915
303,L84051,Pregabalin_Cap 50mg,0408010AEAAABAB,4,-0.01120000000000032
304,L84052,Atorvastatin_Tab 10mg,0212000B0AAAAAA,31,0.06510000000000035
305,L84052,Letrozole_Tab 2.5mg,0803041L0AAAAAA,4,0.019600000000000173
306,L84052,Memantine HCl_Tab 10mg,0411000G0AAAAAA,1,-0.002799999999999983
307,L84052,Memantine HCl_Tab 20mg,0411000G0AAADAD,10,0.048999999999999946
308,L84052,Paracet_Tab 500mg,0407010H0AAAMAM,344,-13.093
309,L84052,Paracet_Tab Solb 500mg,0407010H0AAAQAQ,2,-0.011999999999998678
310,L84052,Pregabalin_Cap 50mg,0408010AEAAABAB,8,0.01960000000000056
311,L84053,Atorvastatin_Tab 10mg,0212000B0AAAAAA,13,0.02430000000000017
312,L84053,Memantine HCl_Tab 10mg,0411000G0AAAAAA,6,-0.009599999999999942
313,L84053,Memantine HCl_Tab 20mg,0411000G0AAADAD,7,0.03429999999999996
314,L84053,Paracet_Tab 500mg,0407010H0AAAMAM,134,27.796000000000014
315,L84053,Pregabalin_Cap 50mg,0408010AEAAABAB,12,0.02520000000000111
316,L84054,Atorvastatin_Tab 20mg,0212000B0AAABAB,163,45.64000000000004
317,L84054,Atorvastatin_Tab 40mg,0212000B0AAACAC,91,44.84480000000001
318,L84054,Hydrocort_Tab 10mg,0603020J0AAADAD,3,1.161000000000002
319,L84054,Memantine HCl_Tab 10mg,0411000G0AAAAAA,2,0.006100000000000078
320,L84054,Paracet_Tab 500mg,0407010H0AAAMAM,466,101.46600000000007
321,L84054,Pregabalin_Cap 50mg,0408010AEAAABAB,7,0.02240000000000064
322,L84056,Atorvastatin_Tab 10mg,0212000B0AAAAAA,40,0.07890000000000047
323,L84056,Atorvastatin_Tab 40mg,0212000B0AAACAC,1,-0.0014999999999999389
324,L84056,Memantine HCl_Tab 10mg,0411000G0AAAAAA,23,-0.0433999999999994
325,L84056,Memantine HCl_Tab 20mg,0411000G0AAADAD,28,0.13719999999999985
326,L84056,Paracet_Tab 500mg,0407010H0AAAMAM,84,-3.2367999999999904
327,L84056,Paracet_Tab Solb 500mg,0407010H0AAAQAQ,8,0.03360000000000096
328,L84056,Pregabalin_Cap 50mg,0408010AEAAABAB,12,0.03919999999999957
329,L84058,Atorvastatin_Tab 10mg,0212000B0AAAAAA,36,0.07770000000000042
330,L84058,Memantine HCl_Tab 10mg,0411000G0AAAAAA,39,-0.09359999999999943
331,L84058,Memantine HCl_Tab 20mg,0411000G0AAADAD,9,0.04409999999999995
332,L84058,Paracet_Tab 500mg,0407010H0AAAMAM,202,-17.271199999999986
333,L84058,Paracet_Tab Solb 500mg,0407010H0AAAQAQ,4,-0.023999999999997357
334,L84058,Pregabalin_Cap 50mg,0408010AEAAABAB,6,3.885780586188048e-16
335,L84059,Atorvastatin_Tab 10mg,0212000B0AAAAAA,89,23.3023
336,L84059,Memantine HCl_Tab 10mg,0411000G0AAAAAA,29,-0.05479999999999928
337,L84059,Paracet_Tab 500mg,0407010H0AAAMAM,444,636.7264
338,L84059,Pregabalin_Cap 50mg,0408010AEAAABAB,6,0.025200000000000722
339,L84060,Atorvastatin_Tab 10mg,0212000B0AAAAAA,10,0.021000000000000116
340,L84060,Atorvastatin_Tab 20mg,0212000B0AAABAB,309,44.99040000000003
341,L84060,Memantine HCl_Tab 10mg,0411000G0AAAAAA,1,0.00420000000000012
342,L84060,Memantine HCl_Tab 20mg,0411000G0AAADAD,5,0.024499999999999973
343,L84060,Paracet_Tab 500mg,0407010H0AAAMAM,648,168.56480000000008
344,L84060,Paracet_Tab Solb 500mg,0407010H0AAAQAQ,2,-0.011999999999998678
345,L84060,Pregabalin_Cap 50mg,0408010AEAAABAB,18,0.04340000000000076
346,L84063,Atorvastatin_Tab 10mg,0212000B0AAAAAA,4,0.008400000000000046
347,L84063,Letrozole_Tab 2.5mg,0803041L0AAAAAA,4,0.019600000000000173
348,L84063,Paracet_Tab 500mg,0407010H0AAAMAM,36,-0.05599999999999966
349,L84063,Paracet_Tab Solb 500mg,0407010H0AAAQAQ,6,-0.035999999999996035
350,L84063,Pregabalin_Cap 50mg,0408010AEAAABAB,1,0.00560000000000016
351,L84065,Atorvastatin_Tab 10mg,0212000B0AAAAAA,7,0.006600000000000106
352,L84065,Atorvastatin_Tab 20mg,0212000B0AAABAB,2,0.01080000000000006
353,L84065,Atorvastatin_Tab 40mg,0212000B0AAACAC,1,-0.002399999999999902
354,L84065,Memantine HCl_Tab 10mg,0411000G0AAAAAA,2,0.008400000000000046
355,L84065,Paracet_Tab 500mg,0407010H0AAAMAM,16,22.556800000000003
356,L84065,Paracet_Tab Solb 500mg,0407010H0AAAQAQ,6,-0.02479999999999727
357,L84065,Pregabalin_Cap 50mg,0408010AEAAABAB,3,0.01680000000000048
358,L84067,Atorvastatin_Tab 10mg,0212000B0AAAAAA,20,0.04200000000000023
359,L84067,Memantine HCl_Tab 10mg,0411000G0AAAAAA,4,-0.011199999999999932
360,L84067,Memantine HCl_Tab 20mg,0411000G0AAADAD,7,0.03429999999999996
361,L84067,Paracet_Tab 500mg,0407010H0AAAMAM,98,-0.5039999999999969
362,L84067,Paracet_Tab Solb 500mg,0407010H0AAAQAQ,2,-0.011999999999998678
363,L84067,Pregabalin_Cap 50mg,0408010AEAAABAB,4,0.016799999999999704
364,L84068,Atorvastatin_Tab 10mg,0212000B0AAAAAA,151,29.172499999999996
365,L84068,Atorvastatin_Tab 20mg,0212000B0AAABAB,175,157.78000000000003
366,L84068,Letrozole_Tab 2.5mg,0803041L0AAAAAA,4,0.019600000000000173
367,L84068,Memantine HCl_Tab 10mg,0411000G0AAAAAA,8,31.367
368,L84068,Memantine HCl_Tab 20mg,0411000G0AAADAD,28,0.13719999999999985
369,L84068,Paracet_Tab 500mg,0407010H0AAAMAM,94,30.1912
370,L84068,Pregabalin_Cap 50mg,0408010AEAAABAB,5,90.44000000000001
371,L84069,Atorvastatin_Tab 10mg,0212000B0AAAAAA,95,0.20580000000000115
372,L84069,Letrozole_Tab 2.5mg,0803041L0AAAAAA,4,0.019600000000000173
373,L84069,Memantine HCl_Tab 10mg,0411000G0AAAAAA,19,-0.018199999999999647
374,L84069,Memantine HCl_Tab 20mg,0411000G0AAADAD,17,0.0832999999999999
375,L84069,Paracet_Tab 500mg,0407010H0AAAMAM,102,-0.14439999999999914
376,L84069,Pregabalin_Cap 50mg,0408010AEAAABAB,18,0.022400000000000933
377,L84070,Atorvastatin_Tab 10mg,0212000B0AAAAAA,46,23.3352
378,L84070,Letrozole_Tab 2.5mg,0803041L0AAAAAA,4,0.019600000000000173
379,L84070,Memantine HCl_Tab 10mg,0411000G0AAAAAA,4,-0.006399999999999961
380,L84070,Memantine HCl_Tab 20mg,0411000G0AAADAD,28,191.8119
381,L84070,Paracet_Tab 500mg,0407010H0AAAMAM,230,104.80960000000005
382,L84070,Pregabalin_Cap 50mg,0408010AEAAABAB,12,0.04759999999999981
383,L84071,Atorvastatin_Tab 10mg,0212000B0AAAAAA,28,0.060900000000000336
384,L84071,Hydrocort_Tab 10mg,0603020J0AAADAD,1,0.004499999999999504
385,L84071,Memantine HCl_Tab 10mg,0411000G0AAAAAA,22,-0.06159999999999963
386,L84071,Memantine HCl_Tab 20mg,0411000G0AAADAD,13,0.06369999999999992
387,L84071,Paracet_Tab 500mg,0407010H0AAAMAM,76,-0.03839999999999977
388,L84071,Pregabalin_Cap 50mg,0408010AEAAABAB,12,0.025200000000000722
389,L84072,Atorvastatin_Tab 10mg,0212000B0AAAAAA,20,0.04200000000000023
390,L84072,Letrozole_Tab 2.5mg,0803041L0AAAAAA,8,0.039200000000000346
391,L84072,Memantine HCl_Tab 10mg,0411000G0AAAAAA,7,-0.01959999999999988
392,L84072,Memantine HCl_Tab 20mg,0411000G0AAADAD,8,47.947199999999995
393,L84072,Paracet_Tab 500mg,0407010H0AAAMAM,134,110.47040000000003
394,L84072,Pregabalin_Cap 50mg,0408010AEAAABAB,2,0.00280000000000008
395,L84073,Paracet_Tab 500mg,0407010H0AAAMAM,6,0.028800000000000325
396,L84073,Pregabalin_Cap 50mg,0408010AEAAABAB,1,-0.00280000000000008
397,L84075,Atorvastatin_Tab 10mg,0212000B0AAAAAA,5,0.010500000000000058
398,L84075,Memantine HCl_Tab 20mg,0411000G0AAADAD,7,0.03429999999999996
399,L84075,Paracet_Tab 500mg,0407010H0AAAMAM,16,-0.0663999999999996
400,L84075,Paracet_Tab Solb 500mg,0407010H0AAAQAQ,2,-0.011999999999998678
401,L84075,Pregabalin_Cap 50mg,0408010AEAAABAB,1,0.00560000000000016
402,L84077,Atorvastatin_Tab 10mg,0212000B0AAAAAA,7,0.014700000000000081
403,L84077,Hydrocort_Tab 10mg,0603020J0AAADAD,1,-0.011199999999998766
404,L84077,Memantine HCl_Tab 10mg,0411000G0AAAAAA,9,62.706
405,L84077,Memantine HCl_Tab 20mg,0411000G0AAADAD,16,0.07049999999999998
406,L84077,Paracet_Tab 500mg,0407010H0AAAMAM,156,9.763599999999999
407,L84077,Pregabalin_Cap 50mg,0408010AEAAABAB,4,0.00560000000000016
408,L84078,Atorvastatin_Tab 10mg,0212000B0AAAAAA,4,0.008400000000000046
409,L84078,Memantine HCl_Tab 10mg,0411000G0AAAAAA,2,0.00840000000000024
410,L84078,Paracet_Tab 500mg,0407010H0AAAMAM,150,10.535200000000016
411,L84078,Paracet_Tab Solb 500mg,0407010H0AAAQAQ,2,-0.011999999999998678
412,L84078,Pregabalin_Cap 50mg,0408010AEAAABAB,6,0.028000000000000025
413,L84080,Atorvastatin_Tab 10mg,0212000B0AAAAAA,4,0.008400000000000046
414,L84080,Atorvastatin_Tab 20mg,0212000B0AAABAB,89,22.67720000000001
415,L84080,Memantine HCl_Tab 10mg,0411000G0AAAAAA,5,-0.006999999999999909
416,L84080,Memantine HCl_Tab 20mg,0411000G0AAADAD,8,0.03919999999999996
417,L84080,Paracet_Tab 500mg,0407010H0AAAMAM,70,-0.11559999999999931
418,L84080,Pregabalin_Cap 50mg,0408010AEAAABAB,6,0.019599999999999784
419,L84081,Atorvastatin_Tab 10mg,0212000B0AAAAAA,33,0.06930000000000039
420,L84081,Letrozole_Tab 2.5mg,0803041L0AAAAAA,4,0.019600000000000173
421,L84081,Memantine HCl_Tab 10mg,0411000G0AAAAAA,22,-0.06959999999999958
422,L84081,Memantine HCl_Tab 20mg,0411000G0AAADAD,8,0.03919999999999996
423,L84081,Paracet_Tab 500mg,0407010H0AAAMAM,60,20.299599999999995
424,L84081,Pregabalin_Cap 50mg,0408010AEAAABAB,10,0.042000000000000426
425,L84084,Atorvastatin_Tab 10mg,0212000B0AAAAAA,35,8.7955
426,L84084,Atorvastatin_Tab 20mg,0212000B0AAABAB,52,22.568
427,L84084,Atorvastatin_Tab 40mg,0212000B0AAACAC,67,0.5628000000000031
428,L84084,Memantine HCl_Tab 10mg,0411000G0AAAAAA,4,0.004000000000000267
429,L84084,Memantine HCl_Tab 20mg,0411000G0AAADAD,10,0.048999999999999946
430,L84084,Paracet_Tab 500mg,0407010H0AAAMAM,158,44.98600000000001
431,L84084,Pregabalin_Cap 50mg,0408010AEAAABAB,11,-0.0055999999999995775
432,L84085,Atorvastatin_Tab 10mg,0212000B0AAAAAA,23,0.048300000000000266
433,L84085,Memantine HCl_Tab 10mg,0411000G0AAAAAA,11,-0.037199999999999775
434,L84085,Memantine HCl_Tab 20mg,0411000G0AAADAD,4,0.01959999999999998
435,L84085,Paracet_Tab 500mg,0407010H0AAAMAM,178,-0.4351999999999974
436,L84085,Pregabalin_Cap 50mg,0408010AEAAABAB,1,0.00560000000000016
437,L84606,Atorvastatin_Tab 10mg,0212000B0AAAAAA,46,0.07830000000000056
438,L84606,Memantine HCl_Tab 10mg,0411000G0AAAAAA,7,-0.01959999999999988
439,L84606,Memantine HCl_Tab 20mg,0411000G0AAADAD,52,0.2547999999999997
440,L84606,Paracet_Tab 500mg,0407010H0AAAMAM,60,0.13799999999999912
441,L84606,Paracet_Tab Solb 500mg,0407010H0AAAQAQ,8,73.52000000000001
442,L84606,Pregabalin_Cap 50mg,0408010AEAAABAB,4,0.02240000000000064
443,L84613,Atorvastatin_Tab 10mg,0212000B0AAAAAA,24,0.05040000000000028
444,L84613,Memantine HCl_Tab 10mg,0411000G0AAAAAA,3,-0.00839999999999995
445,L84613,Memantine HCl_Tab 20mg,0411000G0AAADAD,8,0.03919999999999996
446,L84613,Paracet_Tab 500mg,0407010H0AAAMAM,20,-0.08559999999999948
447,L84613,Pregabalin_Cap 50mg,0408010AEAAABAB,6,3.885780586188048e-16
448,L84615,Atorvastatin_Tab 10mg,0212000B0AAAAAA,11,0.023100000000000127
449,L84615,Memantine HCl_Tab 10mg,0411000G0AAAAAA,2,-0.005599999999999966
450,L84615,Memantine HCl_Tab 20mg,0411000G0AAADAD,6,0.029399999999999968
451,L84615,Paracet_Tab 500mg,0407010H0AAAMAM,86,-0.13719999999999916
452,L84615,Paracet_Tab Solb 500mg,0407010H0AAAQAQ,8,-0.027599999999995795
453,L84615,Pregabalin_Cap 50mg,0408010AEAAABAB,4,0.01819999999999994
454,L84616,Atorvastatin_Tab 10mg,0212000B0AAAAAA,20,0.035900000000000244
455,L84616,Atorvastatin_Tab 20mg,0212000B0AAABAB,106,67.65360000000001
456,L84616,Atorvastatin_Tab 40mg,0212000B0AAACAC,1,-0.002799999999999997
457,L84616,Letrozole_Tab 2.5mg,0803041L0AAAAAA,4,0.019600000000000173
458,L84616,Memantine HCl_Tab 10mg,0411000G0AAAAAA,5,-0.04550000000000009
459,L84616,Memantine HCl_Tab 20mg,0411000G0AAADAD,5,0.023799999999999953
460,L84616,Paracet_Tab 500mg,0407010H0AAAMAM,60,33.768
461,L84616,Pregabalin_Cap 50mg,0408010AEAAABAB,8,0.04060000000000058
462,L84617,Atorvastatin_Tab 20mg,0212000B0AAABAB,1,-0.0029999999999998778
463,L84617,Memantine HCl_Tab 20mg,0411000G0AAADAD,3,0.014699999999999984
464,L84617,Paracet_Tab 500mg,0407010H0AAAMAM,6,-0.023999999999999855
465,L84617,Pregabalin_Cap 50mg,0408010AEAAABAB,9,0.03360000000000096
466,Y00271,Paracet_Tab 500mg,0407010H0AAAMAM,14,-0.07839999999999953
467,Y02519,Atorvastatin_Tab 10mg,0212000B0AAAAAA,17,0.0357000000000002
468,Y02519,Memantine HCl_Tab 10mg,0411000G0AAAAAA,13,-0.029399999999999676
469,Y02519,Memantine HCl_Tab 20mg,0411000G0AAADAD,13,63.925399999999996
470,Y02519,Paracet_Tab 500mg,0407010H0AAAMAM,104,21.275199999999998
471,Y02519,Paracet_Tab Solb 500mg,0407010H0AAAQAQ,4,-0.023999999999997357
472,Y02519,Pregabalin_Cap 50mg,0408010AEAAABAB,14,85.6716
473,Y04435,Pregabalin_Cap 50mg,0408010AEAAABAB,1,0.00560000000000016
474,Y05212,Paracet_Tab 500mg,0407010H0AAAMAM,4,29.474400000000003
475,Y05212,Pregabalin_Cap 50mg,0408010AEAAABAB,1,-0.00280000000000008
476,Y06048,Pregabalin_Cap 50mg,0408010AEAAABAB,1,0.00560000000000016
