,practice_code,bnf_description,bnf_code,items,excess_cost
0,C81077,Clonazepam_Tab 500mcg,0408010F0AAABAB,1,0.31639999999999935
1,C81077,Co-Codamol_Cap 8mg/500mg,0407010F0AAABAB,2,0.3200000000000036
2,C81077,Hydroxychlor Sulf_Tab 200mg,1001030C0AAAAAA,1,0.00280000000000008
3,C81081,Amiodarone HCl_Tab 200mg,0203020D0AAABAB,4,2.450000000000002
4,C81081,Clonazepam_Tab 500mcg,0408010F0AAABAB,1,0.3334999999999987
5,C81081,Co-Codamol_Cap 8mg/500mg,0407010F0AAABAB,8,1.6128000000000182
6,C81081,Hydroxychlor Sulf_Tab 200mg,1001030C0AAAAAA,25,27.113000000000003
7,C81081,Methocarbamol_Tab 750mg,1002020S0AAABAB,1,1.0319999999999996
8,C81106,Amiodarone HCl_Tab 200mg,0203020D0AAABAB,3,1.050000000000001
9,C81106,Clonazepam_Tab 500mcg,0408010F0AAABAB,3,2.2147999999999954
10,C81106,Co-Codamol_Cap 8mg/500mg,0407010F0AAABAB,6,1.0368000000000117
11,C81106,Hydroxychlor Sulf_Tab 200mg,1001030C0AAAAAA,4,0.014000000000000401
12,C81106,Mesalazine_Tab E/C 400mg,0105010B0AAAAAA,1,7.985599999999999
13,C81106,Mesalazine_Tab E/C 800mg,0105010B0AAASAS,1,11.479999999999997
14,C81106,Methocarbamol_Tab 750mg,1002020S0AAABAB,1,0.1260000000000001
15,C81615,Hydroxychlor Sulf_Tab 200mg,1001030C0AAAAAA,3,0.0014000000000002344
16,C81615,Letrozole_Tab 2.5mg,0803041L0AAAAAA,1,0.004900000000000043
17,C81640,Amiodarone HCl_Tab 200mg,0203020D0AAABAB,2,0.7000000000000006
18,C81640,Clonazepam_Tab 500mcg,0408010F0AAABAB,2,1.7627999999999964
19,C81640,Co-Codamol_Cap 8mg/500mg,0407010F0AAABAB,8,1.9200000000000217
20,C81640,Hydroxychlor Sulf_Tab 200mg,1001030C0AAAAAA,2,0.00560000000000016
21,C81660,Clonazepam_Tab 500mcg,0408010F0AAABAB,2,0.474599999999999
22,C81660,Hydroxychlor Sulf_Tab 200mg,1001030C0AAAAAA,5,0.01960000000000056
23,C81660,Mesalazine_Tab E/C 400mg,0105010B0AAAAAA,1,23.956799999999998
24,C81660,Valsartan_Tab 40mg,0205052V0AAADAD,3,5.7540000000000004
25,P89002,Amiodarone HCl_Tab 200mg,0203020D0AAABAB,1,0.7000000000000006
26,P89002,Clonazepam_Tab 500mcg,0408010F0AAABAB,14,3.0848999999999935
27,P89002,Co-Codamol_Cap 8mg/500mg,0407010F0AAABAB,6,1.6000000000000183
28,P89002,Hydroxychlor Sulf_Tab 200mg,1001030C0AAAAAA,22,0.10640000000000305
29,P89002,Mesalazine_Tab E/C 800mg,0105010B0AAASAS,1,34.43999999999999
30,P89002,Methocarbamol_Tab 750mg,1002020S0AAABAB,16,4.702800000000008
31,P89003,Amiodarone HCl_Tab 200mg,0203020D0AAABAB,4,1.7500000000000016
32,P89003,Clonazepam_Tab 500mcg,0408010F0AAABAB,15,11.390399999999977
33,P89003,Co-Codamol_Cap 8mg/500mg,0407010F0AAABAB,14,2.560000000000029
34,P89003,Hydroxychlor Sulf_Tab 200mg,1001030C0AAAAAA,8,0.03530000000000101
35,P89003,Methocarbamol_Tab 750mg,1002020S0AAABAB,1,0.4299999999999998
36,P89003,Valsartan_Tab 40mg,0205052V0AAADAD,1,0.9590000000000001
37,P89004,Amiodarone HCl_Tab 200mg,0203020D0AAABAB,1,0.7000000000000006
38,P89004,Clonazepam_Tab 500mcg,0408010F0AAABAB,5,4.1922999999999915
39,P89004,Co-Codamol_Cap 8mg/500mg,0407010F0AAABAB,6,0.9600000000000108
40,P89004,Hydroxychlor Sulf_Tab 200mg,1001030C0AAAAAA,6,0.02240000000000064
41,P89004,Mesalazine_Tab E/C 800mg,0105010B0AAASAS,5,5.740000000000016
42,P89004,Methocarbamol_Tab 750mg,1002020S0AAABAB,12,3.8240000000000043
43,P89005,Amiodarone HCl_Tab 200mg,0203020D0AAABAB,3,1.050000000000001
44,P89005,Clonazepam_Tab 500mcg,0408010F0AAABAB,1,0.6327999999999987
45,P89005,Co-Codamol_Cap 8mg/500mg,0407010F0AAABAB,2,0.7168000000000081
46,P89005,Hydroxychlor Sulf_Tab 200mg,1001030C0AAAAAA,8,0.029400000000001036
47,P89005,Risperidone_Tab 6mg,040201030AAAFAF,1,29.2096
48,P89007,Amiodarone HCl_Tab 200mg,0203020D0AAABAB,1,0.7000000000000006
49,P89007,Clonazepam_Tab 500mcg,0408010F0AAABAB,7,2.847599999999994
50,P89007,Co-Codamol_Cap 8mg/500mg,0407010F0AAABAB,2,0.3200000000000036
51,P89007,Hydroxychlor Sulf_Tab 200mg,1001030C0AAAAAA,4,0.01960000000000056
52,P89007,Mesalazine_Tab E/C 400mg,0105010B0AAAAAA,1,23.956799999999998
53,P89007,Mesalazine_Tab E/C 800mg,0105010B0AAASAS,2,45.91999999999999
54,P89007,Methocarbamol_Tab 750mg,1002020S0AAABAB,3,2.794999999999999
55,P89007,Valsartan_Tab 40mg,0205052V0AAADAD,1,15.344000000000001
56,P89008,Amiodarone HCl_Tab 200mg,0203020D0AAABAB,7,3.150000000000003
57,P89008,Clonazepam_Tab 500mcg,0408010F0AAABAB,15,8.429799999999984
58,P89008,Co-Codamol_Cap 8mg/500mg,0407010F0AAABAB,22,3.699200000000042
59,P89008,Hydroxychlor Sulf_Tab 200mg,1001030C0AAAAAA,21,0.0840000000000024
60,P89008,Mesalazine_Tab E/C 400mg,0105010B0AAAAAA,2,59.891999999999996
61,P89008,Mesalazine_Tab E/C 800mg,0105010B0AAASAS,3,40.17999999999999
62,P89008,Methocarbamol_Tab 750mg,1002020S0AAABAB,36,13.395600000000004
63,P89010,Amiodarone HCl_Tab 200mg,0203020D0AAABAB,6,2.450000000000002
64,P89010,Clonazepam_Tab 500mcg,0408010F0AAABAB,2,0.949199999999998
65,P89010,Co-Codamol_Cap 8mg/500mg,0407010F0AAABAB,2,0.6400000000000072
66,P89010,Hydroxychlor Sulf_Tab 200mg,1001030C0AAAAAA,16,0.03080000000000166
67,P89010,Letrozole_Tab 2.5mg,0803041L0AAAAAA,1,-0.0012000000000000344
68,P89010,Methocarbamol_Tab 750mg,1002020S0AAABAB,2,0.6075999999999999
69,P89011,Clonazepam_Tab 500mcg,0408010F0AAABAB,10,0.7909999999999984
70,P89011,Co-Codamol_Cap 8mg/500mg,0407010F0AAABAB,2,0.3200000000000036
71,P89011,Hydroxychlor Sulf_Tab 200mg,1001030C0AAAAAA,7,0.030800000000000882
72,P89011,Methocarbamol_Tab 750mg,1002020S0AAABAB,2,0.7996000000000011
73,P89012,Amiodarone HCl_Tab 200mg,0203020D0AAABAB,5,2.2792000000000017
74,P89012,Clonazepam_Tab 500mcg,0408010F0AAABAB,5,5.06239999999999
75,P89012,Co-Codamol_Cap 8mg/500mg,0407010F0AAABAB,8,0.7488000000000085
76,P89012,Hydroxychlor Sulf_Tab 200mg,1001030C0AAAAAA,10,0.03920000000000112
77,P89012,Letrozole_Tab 2.5mg,0803041L0AAAAAA,1,-0.004400000000000126
78,P89012,Mesalazine_Tab E/C 400mg,0105010B0AAAAAA,2,-31.942399999999996
79,P89012,Methocarbamol_Tab 750mg,1002020S0AAABAB,1,0.4299999999999998
80,P89013,Clonazepam_Tab 500mcg,0408010F0AAABAB,4,2.214799999999996
81,P89013,Co-Codamol_Cap 8mg/500mg,0407010F0AAABAB,10,0.6784000000000077
82,P89013,Hydroxychlor Sulf_Tab 200mg,1001030C0AAAAAA,9,0.021400000000000974
83,P89013,Mesalazine_Tab E/C 400mg,0105010B0AAAAAA,1,11.978399999999999
84,P89013,Methocarbamol_Tab 750mg,1002020S0AAABAB,1,0.9631999999999996
85,P89014,Amiodarone HCl_Tab 200mg,0203020D0AAABAB,2,0.7000000000000006
86,P89014,Clonazepam_Tab 500mcg,0408010F0AAABAB,10,6.327999999999987
87,P89014,Co-Codamol_Cap 8mg/500mg,0407010F0AAABAB,4,0.5120000000000058
88,P89014,Hydroxychlor Sulf_Tab 200mg,1001030C0AAAAAA,14,0.05180000000000168
89,P89014,Mesalazine_Tab E/C 800mg,0105010B0AAASAS,1,34.43999999999999
90,P89014,Methocarbamol_Tab 750mg,1002020S0AAABAB,8,2.845200000000003
91,P89015,Amiodarone HCl_Tab 200mg,0203020D0AAABAB,5,1.7500000000000016
92,P89015,Clonazepam_Tab 500mcg,0408010F0AAABAB,17,7.457999999999986
93,P89015,Co-Codamol_Cap 8mg/500mg,0407010F0AAABAB,2,0.5376000000000061
94,P89015,Hydroxychlor Sulf_Tab 200mg,1001030C0AAAAAA,29,0.046200000000002295
95,P89015,Mesalazine_Tab E/C 800mg,0105010B0AAASAS,4,76.25999999999999
96,P89015,Methocarbamol_Tab 750mg,1002020S0AAABAB,9,4.532000000000004
97,P89015,Valsartan_Tab 40mg,0205052V0AAADAD,2,4.795
98,P89016,Amiodarone HCl_Tab 200mg,0203020D0AAABAB,1,0.7000000000000006
99,P89016,Clonazepam_Tab 500mcg,0408010F0AAABAB,6,3.301099999999993
100,P89016,Co-Codamol_Cap 8mg/500mg,0407010F0AAABAB,2,0.3200000000000036
101,P89016,Hydroxychlor Sulf_Tab 200mg,1001030C0AAAAAA,5,0.01960000000000056
102,P89016,Mesalazine_Tab E/C 400mg,0105010B0AAAAAA,4,1.4210854715202004e-14
103,P89016,Mesalazine_Tab E/C 800mg,0105010B0AAASAS,1,-34.43999999999999
104,P89016,Methocarbamol_Tab 750mg,1002020S0AAABAB,3,1.1692000000000022
105,P89018,Amiodarone HCl_Tab 200mg,0203020D0AAABAB,1,0.3500000000000003
106,P89018,Clonazepam_Tab 500mcg,0408010F0AAABAB,5,4.113199999999992
107,P89018,Hydroxychlor Sulf_Tab 200mg,1001030C0AAAAAA,6,0.030800000000000882
108,P89020,Amiodarone HCl_Tab 200mg,0203020D0AAABAB,3,1.6625000000000014
109,P89020,Clonazepam_Tab 500mcg,0408010F0AAABAB,7,4.113199999999992
110,P89020,Co-Codamol_Cap 8mg/500mg,0407010F0AAABAB,16,2.9952000000000343
111,P89020,Hydroxychlor Sulf_Tab 200mg,1001030C0AAAAAA,9,0.03640000000000104
112,P89020,Mesalazine_Tab E/C 800mg,0105010B0AAASAS,2,-73.79999999999998
113,P89020,Methocarbamol_Tab 750mg,1002020S0AAABAB,10,2.335600000000004
114,P89021,Amiodarone HCl_Tab 200mg,0203020D0AAABAB,2,1.4000000000000012
115,P89021,Clonazepam_Tab 500mcg,0408010F0AAABAB,23,8.074099999999982
116,P89021,Co-Codamol_Cap 8mg/500mg,0407010F0AAABAB,8,1.318400000000015
117,P89021,Hydroxychlor Sulf_Tab 200mg,1001030C0AAAAAA,15,0.05680000000000196
118,P89021,Mesalazine_Tab E/C 800mg,0105010B0AAASAS,1,11.479999999999997
119,P89021,Methocarbamol_Tab 750mg,1002020S0AAABAB,7,3.4828
120,P89022,Amiodarone HCl_Tab 200mg,0203020D0AAABAB,3,0.8792000000000006
121,P89022,Clonazepam_Tab 500mcg,0408010F0AAABAB,1,0.949199999999998
122,P89022,Hydroxychlor Sulf_Tab 200mg,1001030C0AAAAAA,5,0.025200000000000722
123,P89022,Methocarbamol_Tab 750mg,1002020S0AAABAB,1,0.36960000000000126
124,P89023,Amiodarone HCl_Tab 200mg,0203020D0AAABAB,1,0.3500000000000003
125,P89023,Clonazepam_Tab 500mcg,0408010F0AAABAB,7,2.847599999999994
126,P89023,Hydroxychlor Sulf_Tab 200mg,1001030C0AAAAAA,7,0.02240000000000064
127,P89023,Methocarbamol_Tab 750mg,1002020S0AAABAB,1,0.1260000000000001
128,P89025,Amiodarone HCl_Tab 200mg,0203020D0AAABAB,1,0.3500000000000003
129,P89025,Clonazepam_Tab 500mcg,0408010F0AAABAB,4,1.2655999999999974
130,P89025,Hydroxychlor Sulf_Tab 200mg,1001030C0AAAAAA,3,0.01120000000000032
131,P89025,Methocarbamol_Tab 750mg,1002020S0AAABAB,1,0.9631999999999996
132,P89026,Amiodarone HCl_Tab 200mg,0203020D0AAABAB,1,0.3500000000000003
133,P89026,Clonazepam_Tab 500mcg,0408010F0AAABAB,8,5.988999999999988
134,P89026,Co-Codamol_Cap 8mg/500mg,0407010F0AAABAB,10,2.3168000000000264
135,P89026,Hydroxychlor Sulf_Tab 200mg,1001030C0AAAAAA,5,0.01960000000000056
136,P89026,Letrozole_Tab 2.5mg,0803041L0AAAAAA,5,0.024500000000000216
137,P89026,Mesalazine_Tab E/C 800mg,0105010B0AAASAS,2,68.87999999999998
138,P89026,Methocarbamol_Tab 750mg,1002020S0AAABAB,2,0.6820000000000004
139,P89029,Amiodarone HCl_Tab 200mg,0203020D0AAABAB,1,0.3500000000000003
140,P89029,Clonazepam_Tab 500mcg,0408010F0AAABAB,8,4.8363999999999905
141,P89029,Co-Codamol_Cap 8mg/500mg,0407010F0AAABAB,2,0.35840000000000405
142,P89029,Hydroxychlor Sulf_Tab 200mg,1001030C0AAAAAA,5,0.01960000000000056
143,P89029,Methocarbamol_Tab 750mg,1002020S0AAABAB,1,0.4299999999999998
144,P89030,Amiodarone HCl_Tab 200mg,0203020D0AAABAB,2,0.7000000000000006
145,P89030,Clonazepam_Tab 500mcg,0408010F0AAABAB,4,1.5819999999999967
146,P89030,Co-Codamol_Cap 8mg/500mg,0407010F0AAABAB,4,0.9600000000000108
147,P89030,Hydroxychlor Sulf_Tab 200mg,1001030C0AAAAAA,1,0.00560000000000016
148,P89030,Mesalazine_Tab E/C 800mg,0105010B0AAASAS,3,-57.399999999999984
149,P89602,Clonazepam_Tab 500mcg,0408010F0AAABAB,1,0.6327999999999987
150,P89602,Hydroxychlor Sulf_Tab 200mg,1001030C0AAAAAA,7,0.03920000000000112
151,P89602,Letrozole_Tab 2.5mg,0803041L0AAAAAA,6,71.309
152,P89609,Amiodarone HCl_Tab 200mg,0203020D0AAABAB,1,0.3500000000000003
153,P89609,Hydroxychlor Sulf_Tab 200mg,1001030C0AAAAAA,3,0.01120000000000032
154,P89609,Mesalazine_Tab E/C 400mg,0105010B0AAAAAA,1,-17.112
155,P89609,Methocarbamol_Tab 750mg,1002020S0AAABAB,2,0.46080000000000065
156,P89612,Mesalazine_Tab E/C 800mg,0105010B0AAASAS,1,-36.89999999999999
157,P89612,Methocarbamol_Tab 750mg,1002020S0AAABAB,2,1.1523999999999996
158,P89613,Co-Codamol_Cap 8mg/500mg,0407010F0AAABAB,2,0.1700000000000007
159,P89613,Methocarbamol_Tab 750mg,1002020S0AAABAB,1,0.22000000000000075
160,P89618,Amiodarone HCl_Tab 200mg,0203020D0AAABAB,2,0.7000000000000006
161,Y02018,Clonazepam_Tab 500mcg,0408010F0AAABAB,1,0.021199999999999997
162,Y02018,Methocarbamol_Tab 750mg,1002020S0AAABAB,2,0.25800000000000056
163,Y02586,Clonazepam_Tab 500mcg,0408010F0AAABAB,3,1.7401999999999964
164,Y02586,Hydroxychlor Sulf_Tab 200mg,1001030C0AAAAAA,3,0.014000000000000401
165,Y02663,Amiodarone HCl_Tab 200mg,0203020D0AAABAB,1,0.3500000000000003
166,Y02663,Clonazepam_Tab 500mcg,0408010F0AAABAB,5,0.474599999999999
167,Y02663,Hydroxychlor Sulf_Tab 200mg,1001030C0AAAAAA,2,0.00560000000000016
168,Y02663,Methocarbamol_Tab 750mg,1002020S0AAABAB,2,0.7392000000000025
169,Y02713,Clonazepam_Tab 500mcg,0408010F0AAABAB,2,0.994399999999998
170,Y02713,Co-Codamol_Cap 8mg/500mg,0407010F0AAABAB,8,1.3568000000000153
171,Y02713,Letrozole_Tab 2.5mg,0803041L0AAAAAA,3,0.01470000000000013
172,Y02713,Methocarbamol_Tab 750mg,1002020S0AAABAB,1,0.5159999999999998
173,Y02936,Clonazepam_Tab 500mcg,0408010F0AAABAB,4,0.31639999999999935
174,Y02936,Co-Codamol_Cap 8mg/500mg,0407010F0AAABAB,4,0.7168000000000081
175,Y02936,Mesalazine_Tab E/C 800mg,0105010B0AAASAS,4,8.626800000000005
