,practice_code,bnf_description,bnf_code,items,excess_cost
0,N85051,Hydrocort_Tab 10mg,0603020J0AAADAD,1,312.3624
154,N85028,Phenytoin_Sod Tab 100mg,0408010Q0AAAGAG,1,119.39759999999998
229,N85616,Levetiracetam_Tab 500mg,0408010A0AAABAB,2,60.457600000000006
304,N85012,Quetiapine_Tab 150mg,0402010ABAAAFAF,2,46.38
226,N85037,Mesalazine_Tab E/C 800mg,0105010B0AAASAS,1,34.43999999999999
227,N85002,Mesalazine_Tab E/C 800mg,0105010B0AAASAS,1,34.43999999999999
319,N85024,Levetiracetam_Tab 250mg,0408010A0AAAAAA,2,27.059200000000004
228,N85620,Mesalazine_Tab E/C 800mg,0105010B0AAASAS,1,11.479999999999997
305,N85005,Tetrabenazine_Tab 25mg,0409030C0AAAAAA,2,7.99679999999999
307,N85016,Tetrabenazine_Tab 25mg,0409030C0AAAAAA,3,5.997599999999992
306,N85625,Tetrabenazine_Tab 25mg,0409030C0AAAAAA,1,5.997599999999992
286,N85005,Topiramate_Tab 200mg,040801050AAACAC,2,4.979999999999998
287,N85032,Topiramate_Tab 200mg,040801050AAACAC,2,4.979999999999998
288,N85047,Topiramate_Tab 200mg,040801050AAACAC,1,4.979999999999998
289,N85016,Topiramate_Tab 200mg,040801050AAACAC,2,4.636799999999999
309,N85006,Tetrabenazine_Tab 25mg,0409030C0AAAAAA,1,3.998399999999995
308,N85028,Tetrabenazine_Tab 25mg,0409030C0AAAAAA,1,3.998399999999995
310,N85051,Tetrabenazine_Tab 25mg,0409030C0AAAAAA,2,3.998399999999995
155,N85044,Amiodarone HCl_Tab 200mg,0203020D0AAABAB,11,3.850000000000003
21,N85038,Clonazepam_Tab 500mcg,0408010F0AAABAB,3,3.796799999999992
22,N85617,Clonazepam_Tab 500mcg,0408010F0AAABAB,3,3.796799999999992
20,N85005,Clonazepam_Tab 500mcg,0408010F0AAABAB,2,3.796799999999992
157,N85625,Amiodarone HCl_Tab 200mg,0203020D0AAABAB,10,3.500000000000003
158,N85005,Amiodarone HCl_Tab 200mg,0203020D0AAABAB,10,3.500000000000003
156,N85020,Amiodarone HCl_Tab 200mg,0203020D0AAABAB,10,3.500000000000003
160,N85007,Amiodarone HCl_Tab 200mg,0203020D0AAABAB,9,3.150000000000003
161,N85016,Amiodarone HCl_Tab 200mg,0203020D0AAABAB,9,3.150000000000003
162,N85047,Amiodarone HCl_Tab 200mg,0203020D0AAABAB,9,3.150000000000003
159,N85616,Amiodarone HCl_Tab 200mg,0203020D0AAABAB,9,3.150000000000003
23,N85020,Clonazepam_Tab 500mcg,0408010F0AAABAB,3,2.847599999999994
164,N85012,Amiodarone HCl_Tab 200mg,0203020D0AAABAB,8,2.8000000000000025
163,N85006,Amiodarone HCl_Tab 200mg,0203020D0AAABAB,8,2.8000000000000025
29,N85018,Clonazepam_Tab 500mcg,0408010F0AAABAB,4,2.531199999999995
27,N85040,Clonazepam_Tab 500mcg,0408010F0AAABAB,4,2.531199999999995
26,N85016,Clonazepam_Tab 500mcg,0408010F0AAABAB,4,2.531199999999995
25,N85006,Clonazepam_Tab 500mcg,0408010F0AAABAB,1,2.531199999999995
24,N85057,Clonazepam_Tab 500mcg,0408010F0AAABAB,1,2.531199999999995
28,N85002,Clonazepam_Tab 500mcg,0408010F0AAABAB,4,2.531199999999995
292,N85002,Topiramate_Tab 200mg,040801050AAACAC,1,2.489999999999999
294,N85024,Topiramate_Tab 200mg,040801050AAACAC,1,2.489999999999999
290,N85617,Topiramate_Tab 200mg,040801050AAACAC,1,2.489999999999999
291,N85016,Topiramate_Tab 200mg,040801050AAACAC,1,2.489999999999999
293,N85048,Topiramate_Tab 200mg,040801050AAACAC,1,2.489999999999999
166,N85024,Amiodarone HCl_Tab 200mg,0203020D0AAABAB,7,2.450000000000002
165,N85008,Amiodarone HCl_Tab 200mg,0203020D0AAABAB,7,2.450000000000002
298,N85037,Topiramate_Tab 200mg,040801050AAACAC,1,2.3183999999999996
301,N85047,Topiramate_Tab 200mg,040801050AAACAC,1,2.3183999999999996
300,N85019,Topiramate_Tab 200mg,040801050AAACAC,1,2.3183999999999996
299,N85018,Topiramate_Tab 200mg,040801050AAACAC,1,2.3183999999999996
297,N85008,Topiramate_Tab 200mg,040801050AAACAC,1,2.3183999999999996
296,N85027,Topiramate_Tab 200mg,040801050AAACAC,1,2.3183999999999996
295,N85007,Topiramate_Tab 200mg,040801050AAACAC,1,2.3183999999999996
31,N85017,Clonazepam_Tab 500mcg,0408010F0AAABAB,2,2.2599999999999953
30,N85640,Clonazepam_Tab 500mcg,0408010F0AAABAB,2,2.2599999999999953
32,N85006,Clonazepam_Tab 500mcg,0408010F0AAABAB,7,2.2147999999999954
168,N85009,Amiodarone HCl_Tab 200mg,0203020D0AAABAB,6,2.100000000000002
167,N85617,Amiodarone HCl_Tab 200mg,0203020D0AAABAB,6,2.100000000000002
169,N85059,Amiodarone HCl_Tab 200mg,0203020D0AAABAB,6,2.100000000000002
171,N85002,Amiodarone HCl_Tab 200mg,0203020D0AAABAB,3,2.100000000000002
172,N85013,Amiodarone HCl_Tab 200mg,0203020D0AAABAB,6,2.100000000000002
170,N85002,Amiodarone HCl_Tab 200mg,0203020D0AAABAB,6,2.100000000000002
33,N85008,Clonazepam_Tab 500mcg,0408010F0AAABAB,2,2.033999999999996
311,N85054,Tetrabenazine_Tab 25mg,0409030C0AAAAAA,1,1.9991999999999974
313,N85620,Tetrabenazine_Tab 25mg,0409030C0AAAAAA,1,1.9991999999999974
312,N85031,Tetrabenazine_Tab 25mg,0409030C0AAAAAA,2,1.9991999999999974
34,N85008,Clonazepam_Tab 500mcg,0408010F0AAABAB,5,1.977499999999996
43,N85008,Clonazepam_Tab 500mcg,0408010F0AAABAB,2,1.898399999999996
44,N85007,Clonazepam_Tab 500mcg,0408010F0AAABAB,1,1.898399999999996
45,N85059,Clonazepam_Tab 500mcg,0408010F0AAABAB,3,1.898399999999996
42,N85046,Clonazepam_Tab 500mcg,0408010F0AAABAB,3,1.898399999999996
41,N85031,Clonazepam_Tab 500mcg,0408010F0AAABAB,1,1.898399999999996
35,N85015,Clonazepam_Tab 500mcg,0408010F0AAABAB,3,1.898399999999996
36,N85024,Clonazepam_Tab 500mcg,0408010F0AAABAB,3,1.898399999999996
37,N85019,Clonazepam_Tab 500mcg,0408010F0AAABAB,1,1.898399999999996
38,N85034,Clonazepam_Tab 500mcg,0408010F0AAABAB,1,1.898399999999996
39,N85025,Clonazepam_Tab 500mcg,0408010F0AAABAB,1,1.898399999999996
40,N85027,Clonazepam_Tab 500mcg,0408010F0AAABAB,3,1.898399999999996
174,N85025,Amiodarone HCl_Tab 200mg,0203020D0AAABAB,5,1.7500000000000016
176,N85053,Amiodarone HCl_Tab 200mg,0203020D0AAABAB,5,1.7500000000000016
175,N85023,Amiodarone HCl_Tab 200mg,0203020D0AAABAB,5,1.7500000000000016
177,N85032,Amiodarone HCl_Tab 200mg,0203020D0AAABAB,5,1.7500000000000016
173,N85015,Amiodarone HCl_Tab 200mg,0203020D0AAABAB,5,1.7500000000000016
47,N85024,Clonazepam_Tab 500mcg,0408010F0AAABAB,5,1.5819999999999967
48,N85040,Clonazepam_Tab 500mcg,0408010F0AAABAB,1,1.5819999999999967
46,N85008,Clonazepam_Tab 500mcg,0408010F0AAABAB,5,1.5819999999999967
49,N85012,Clonazepam_Tab 500mcg,0408010F0AAABAB,6,1.423799999999997
178,N85019,Amiodarone HCl_Tab 200mg,0203020D0AAABAB,4,1.4000000000000012
179,N85048,Amiodarone HCl_Tab 200mg,0203020D0AAABAB,2,1.4000000000000012
180,N85031,Amiodarone HCl_Tab 200mg,0203020D0AAABAB,4,1.4000000000000012
181,N85015,Amiodarone HCl_Tab 200mg,0203020D0AAABAB,2,1.4000000000000012
182,N85017,Amiodarone HCl_Tab 200mg,0203020D0AAABAB,4,1.4000000000000012
183,N85053,Amiodarone HCl_Tab 200mg,0203020D0AAABAB,1,1.4000000000000012
184,N85629,Amiodarone HCl_Tab 200mg,0203020D0AAABAB,4,1.4000000000000012
51,N85008,Clonazepam_Tab 500mcg,0408010F0AAABAB,2,1.3559999999999972
53,N85059,Clonazepam_Tab 500mcg,0408010F0AAABAB,2,1.3559999999999972
50,N85016,Clonazepam_Tab 500mcg,0408010F0AAABAB,2,1.3559999999999972
52,N85031,Clonazepam_Tab 500mcg,0408010F0AAABAB,2,1.3559999999999972
60,N85017,Clonazepam_Tab 500mcg,0408010F0AAABAB,1,1.2655999999999974
59,N85633,Clonazepam_Tab 500mcg,0408010F0AAABAB,1,1.2655999999999974
58,N85013,Clonazepam_Tab 500mcg,0408010F0AAABAB,1,1.2655999999999974
57,N85016,Clonazepam_Tab 500mcg,0408010F0AAABAB,1,1.2655999999999974
56,N85009,Clonazepam_Tab 500mcg,0408010F0AAABAB,1,1.2655999999999974
55,N85032,Clonazepam_Tab 500mcg,0408010F0AAABAB,2,1.2655999999999974
54,N85028,Clonazepam_Tab 500mcg,0408010F0AAABAB,2,1.2655999999999974
62,N85032,Clonazepam_Tab 500mcg,0408010F0AAABAB,1,1.2655999999999974
61,N85625,Clonazepam_Tab 500mcg,0408010F0AAABAB,4,1.2655999999999974
63,N85005,Clonazepam_Tab 500mcg,0408010F0AAABAB,4,1.2655999999999974
64,N85616,Clonazepam_Tab 500mcg,0408010F0AAABAB,2,1.2655999999999974
65,N85044,Clonazepam_Tab 500mcg,0408010F0AAABAB,2,1.2655999999999974
66,N85002,Clonazepam_Tab 500mcg,0408010F0AAABAB,1,1.2655999999999974
67,N85031,Clonazepam_Tab 500mcg,0408010F0AAABAB,2,1.2655999999999974
68,N85025,Clonazepam_Tab 500mcg,0408010F0AAABAB,1,1.2542999999999975
302,N85007,Topiramate_Tab 200mg,040801050AAACAC,1,1.2449999999999994
303,N85040,Topiramate_Tab 200mg,040801050AAACAC,1,1.1647999999999992
73,N85028,Clonazepam_Tab 500mcg,0408010F0AAABAB,1,1.1299999999999977
74,N85044,Clonazepam_Tab 500mcg,0408010F0AAABAB,1,1.1299999999999977
69,N85034,Clonazepam_Tab 500mcg,0408010F0AAABAB,1,1.1299999999999977
70,N85633,Clonazepam_Tab 500mcg,0408010F0AAABAB,1,1.1299999999999977
71,N85016,Clonazepam_Tab 500mcg,0408010F0AAABAB,1,1.1299999999999977
72,N85648,Clonazepam_Tab 500mcg,0408010F0AAABAB,1,1.1299999999999977
75,N85031,Clonazepam_Tab 500mcg,0408010F0AAABAB,1,1.1299999999999977
314,N85031,Tetrabenazine_Tab 25mg,0409030C0AAAAAA,1,1.0739999999999983
191,N85051,Amiodarone HCl_Tab 200mg,0203020D0AAABAB,3,1.050000000000001
190,N85620,Amiodarone HCl_Tab 200mg,0203020D0AAABAB,3,1.050000000000001
189,N85022,Amiodarone HCl_Tab 200mg,0203020D0AAABAB,3,1.050000000000001
188,N85057,Amiodarone HCl_Tab 200mg,0203020D0AAABAB,3,1.050000000000001
187,N85040,Amiodarone HCl_Tab 200mg,0203020D0AAABAB,3,1.050000000000001
186,N85037,Amiodarone HCl_Tab 200mg,0203020D0AAABAB,3,1.050000000000001
185,N85021,Amiodarone HCl_Tab 200mg,0203020D0AAABAB,3,1.050000000000001
315,N85027,Tetrabenazine_Tab 25mg,0409030C0AAAAAA,1,0.9995999999999987
317,N85047,Tetrabenazine_Tab 25mg,0409030C0AAAAAA,1,0.9995999999999987
316,N85007,Tetrabenazine_Tab 25mg,0409030C0AAAAAA,1,0.9995999999999987
83,N85006,Clonazepam_Tab 500mcg,0408010F0AAABAB,1,0.949199999999998
84,N85044,Clonazepam_Tab 500mcg,0408010F0AAABAB,1,0.949199999999998
77,N85018,Clonazepam_Tab 500mcg,0408010F0AAABAB,1,0.949199999999998
80,N85051,Clonazepam_Tab 500mcg,0408010F0AAABAB,3,0.949199999999998
79,N85053,Clonazepam_Tab 500mcg,0408010F0AAABAB,1,0.949199999999998
78,N85037,Clonazepam_Tab 500mcg,0408010F0AAABAB,3,0.949199999999998
81,N85032,Clonazepam_Tab 500mcg,0408010F0AAABAB,1,0.949199999999998
76,N85044,Clonazepam_Tab 500mcg,0408010F0AAABAB,3,0.949199999999998
82,N85009,Clonazepam_Tab 500mcg,0408010F0AAABAB,1,0.949199999999998
85,N85012,Clonazepam_Tab 500mcg,0408010F0AAABAB,2,0.7909999999999984
86,N85016,Clonazepam_Tab 500mcg,0408010F0AAABAB,3,0.7118999999999985
212,N85044,Amiodarone HCl_Tab 200mg,0203020D0AAABAB,1,0.7000000000000006
211,N85047,Amiodarone HCl_Tab 200mg,0203020D0AAABAB,1,0.7000000000000006
202,N85014,Amiodarone HCl_Tab 200mg,0203020D0AAABAB,1,0.7000000000000006
210,N85013,Amiodarone HCl_Tab 200mg,0203020D0AAABAB,1,0.7000000000000006
209,N85027,Amiodarone HCl_Tab 200mg,0203020D0AAABAB,2,0.7000000000000006
208,N85032,Amiodarone HCl_Tab 200mg,0203020D0AAABAB,1,0.7000000000000006
207,N85018,Amiodarone HCl_Tab 200mg,0203020D0AAABAB,2,0.7000000000000006
205,N85059,Amiodarone HCl_Tab 200mg,0203020D0AAABAB,1,0.7000000000000006
204,N85617,Amiodarone HCl_Tab 200mg,0203020D0AAABAB,1,0.7000000000000006
203,N85034,Amiodarone HCl_Tab 200mg,0203020D0AAABAB,2,0.7000000000000006
201,N85052,Amiodarone HCl_Tab 200mg,0203020D0AAABAB,2,0.7000000000000006
192,N85046,Amiodarone HCl_Tab 200mg,0203020D0AAABAB,2,0.7000000000000006
199,N85023,Amiodarone HCl_Tab 200mg,0203020D0AAABAB,1,0.7000000000000006
198,N85052,Amiodarone HCl_Tab 200mg,0203020D0AAABAB,1,0.7000000000000006
197,N85046,Amiodarone HCl_Tab 200mg,0203020D0AAABAB,1,0.7000000000000006
196,N85038,Amiodarone HCl_Tab 200mg,0203020D0AAABAB,2,0.7000000000000006
195,N85007,Amiodarone HCl_Tab 200mg,0203020D0AAABAB,1,0.7000000000000006
194,N85012,Amiodarone HCl_Tab 200mg,0203020D0AAABAB,1,0.7000000000000006
193,N85625,Amiodarone HCl_Tab 200mg,0203020D0AAABAB,1,0.7000000000000006
206,N85040,Amiodarone HCl_Tab 200mg,0203020D0AAABAB,1,0.7000000000000006
200,N85016,Amiodarone HCl_Tab 200mg,0203020D0AAABAB,1,0.7000000000000006
87,N85024,Clonazepam_Tab 500mcg,0408010F0AAABAB,1,0.6779999999999986
88,N85001,Clonazepam_Tab 500mcg,0408010F0AAABAB,2,0.6779999999999986
89,N85625,Clonazepam_Tab 500mcg,0408010F0AAABAB,1,0.6779999999999986
90,N85038,Clonazepam_Tab 500mcg,0408010F0AAABAB,1,0.6779999999999986
91,N85012,Clonazepam_Tab 500mcg,0408010F0AAABAB,1,0.6779999999999986
105,N85005,Clonazepam_Tab 500mcg,0408010F0AAABAB,1,0.6327999999999987
113,N85038,Clonazepam_Tab 500mcg,0408010F0AAABAB,2,0.6327999999999987
112,N85648,Clonazepam_Tab 500mcg,0408010F0AAABAB,1,0.6327999999999987
111,N85006,Clonazepam_Tab 500mcg,0408010F0AAABAB,1,0.6327999999999987
110,N85007,Clonazepam_Tab 500mcg,0408010F0AAABAB,2,0.6327999999999987
109,N85019,Clonazepam_Tab 500mcg,0408010F0AAABAB,1,0.6327999999999987
108,N85040,Clonazepam_Tab 500mcg,0408010F0AAABAB,2,0.6327999999999987
107,N85025,Clonazepam_Tab 500mcg,0408010F0AAABAB,1,0.6327999999999987
106,N85003,Clonazepam_Tab 500mcg,0408010F0AAABAB,2,0.6327999999999987
101,N85027,Clonazepam_Tab 500mcg,0408010F0AAABAB,2,0.6327999999999987
103,N85031,Clonazepam_Tab 500mcg,0408010F0AAABAB,2,0.6327999999999987
104,N85047,Clonazepam_Tab 500mcg,0408010F0AAABAB,1,0.6327999999999987
115,N85015,Clonazepam_Tab 500mcg,0408010F0AAABAB,2,0.6327999999999987
102,N85059,Clonazepam_Tab 500mcg,0408010F0AAABAB,2,0.6327999999999987
97,N85012,Clonazepam_Tab 500mcg,0408010F0AAABAB,2,0.6327999999999987
96,N85616,Clonazepam_Tab 500mcg,0408010F0AAABAB,2,0.6327999999999987
95,N85048,Clonazepam_Tab 500mcg,0408010F0AAABAB,2,0.6327999999999987
94,N85008,Clonazepam_Tab 500mcg,0408010F0AAABAB,1,0.6327999999999987
93,N85007,Clonazepam_Tab 500mcg,0408010F0AAABAB,1,0.6327999999999987
92,N85051,Clonazepam_Tab 500mcg,0408010F0AAABAB,4,0.6327999999999987
114,N85048,Clonazepam_Tab 500mcg,0408010F0AAABAB,1,0.6327999999999987
100,N85001,Clonazepam_Tab 500mcg,0408010F0AAABAB,2,0.6327999999999987
99,N85633,Clonazepam_Tab 500mcg,0408010F0AAABAB,1,0.6327999999999987
98,N85634,Clonazepam_Tab 500mcg,0408010F0AAABAB,1,0.6327999999999987
116,N85015,Clonazepam_Tab 500mcg,0408010F0AAABAB,1,0.5699999999999983
117,N85038,Clonazepam_Tab 500mcg,0408010F0AAABAB,1,0.5699999999999983
318,N85020,Tetrabenazine_Tab 25mg,0409030C0AAAAAA,1,0.5369999999999991
118,N85017,Clonazepam_Tab 500mcg,0408010F0AAABAB,3,0.522
213,N85616,Amiodarone HCl_Tab 200mg,0203020D0AAABAB,1,0.5000000000000004
119,N85019,Clonazepam_Tab 500mcg,0408010F0AAABAB,4,0.48839999999999995
122,N85640,Clonazepam_Tab 500mcg,0408010F0AAABAB,6,0.474599999999999
121,N85059,Clonazepam_Tab 500mcg,0408010F0AAABAB,2,0.474599999999999
120,N85006,Clonazepam_Tab 500mcg,0408010F0AAABAB,1,0.474599999999999
214,N85625,Amiodarone HCl_Tab 200mg,0203020D0AAABAB,5,0.4235
219,N85028,Amiodarone HCl_Tab 200mg,0203020D0AAABAB,1,0.3500000000000003
218,N85014,Amiodarone HCl_Tab 200mg,0203020D0AAABAB,1,0.3500000000000003
217,N85633,Amiodarone HCl_Tab 200mg,0203020D0AAABAB,1,0.3500000000000003
215,N85648,Amiodarone HCl_Tab 200mg,0203020D0AAABAB,1,0.3500000000000003
216,N85054,Amiodarone HCl_Tab 200mg,0203020D0AAABAB,1,0.3500000000000003
123,N85001,Clonazepam_Tab 500mcg,0408010F0AAABAB,2,0.348
127,N85054,Clonazepam_Tab 500mcg,0408010F0AAABAB,1,0.3389999999999993
125,N85028,Clonazepam_Tab 500mcg,0408010F0AAABAB,1,0.3389999999999993
124,N85038,Clonazepam_Tab 500mcg,0408010F0AAABAB,1,0.3389999999999993
126,N85012,Clonazepam_Tab 500mcg,0408010F0AAABAB,1,0.3389999999999993
128,N85031,Clonazepam_Tab 500mcg,0408010F0AAABAB,1,0.3389999999999993
134,N85022,Clonazepam_Tab 500mcg,0408010F0AAABAB,1,0.31639999999999935
142,Y02162,Clonazepam_Tab 500mcg,0408010F0AAABAB,1,0.31639999999999935
141,N85020,Clonazepam_Tab 500mcg,0408010F0AAABAB,1,0.31639999999999935
140,N85046,Clonazepam_Tab 500mcg,0408010F0AAABAB,1,0.31639999999999935
139,N85054,Clonazepam_Tab 500mcg,0408010F0AAABAB,1,0.31639999999999935
138,N85002,Clonazepam_Tab 500mcg,0408010F0AAABAB,4,0.31639999999999935
133,N85002,Clonazepam_Tab 500mcg,0408010F0AAABAB,1,0.31639999999999935
136,N85047,Clonazepam_Tab 500mcg,0408010F0AAABAB,1,0.31639999999999935
129,N85052,Clonazepam_Tab 500mcg,0408010F0AAABAB,1,0.31639999999999935
130,N85620,Clonazepam_Tab 500mcg,0408010F0AAABAB,1,0.31639999999999935
131,N85648,Clonazepam_Tab 500mcg,0408010F0AAABAB,1,0.31639999999999935
132,N85625,Clonazepam_Tab 500mcg,0408010F0AAABAB,2,0.31639999999999935
137,N85032,Clonazepam_Tab 500mcg,0408010F0AAABAB,1,0.31639999999999935
135,N85023,Clonazepam_Tab 500mcg,0408010F0AAABAB,1,0.31639999999999935
220,N85031,Amiodarone HCl_Tab 200mg,0203020D0AAABAB,1,0.25400000000000034
143,N85052,Clonazepam_Tab 500mcg,0408010F0AAABAB,1,0.2372999999999995
221,N85031,Amiodarone HCl_Tab 200mg,0203020D0AAABAB,1,0.2016
222,N85005,Amiodarone HCl_Tab 200mg,0203020D0AAABAB,1,0.2016
223,N85038,Amiodarone HCl_Tab 200mg,0203020D0AAABAB,1,0.17920000000000008
149,N85008,Clonazepam_Tab 500mcg,0408010F0AAABAB,1,0.15819999999999967
148,N85006,Clonazepam_Tab 500mcg,0408010F0AAABAB,1,0.15819999999999967
144,N85054,Clonazepam_Tab 500mcg,0408010F0AAABAB,1,0.15819999999999967
147,N85040,Clonazepam_Tab 500mcg,0408010F0AAABAB,1,0.15819999999999967
146,N85617,Clonazepam_Tab 500mcg,0408010F0AAABAB,1,0.15819999999999967
145,N85053,Clonazepam_Tab 500mcg,0408010F0AAABAB,1,0.15819999999999967
224,N85014,Amiodarone HCl_Tab 200mg,0203020D0AAABAB,1,0.14880000000000027
150,N85616,Clonazepam_Tab 500mcg,0408010F0AAABAB,1,0.09439999999999982
225,N85015,Amiodarone HCl_Tab 200mg,0203020D0AAABAB,1,0.0847
151,N85629,Clonazepam_Tab 500mcg,0408010F0AAABAB,1,0.07909999999999984
152,N85044,Clonazepam_Tab 500mcg,0408010F0AAABAB,1,0.07909999999999984
153,N85016,Clonazepam_Tab 500mcg,0408010F0AAABAB,1,0.021199999999999997
230,N85015,Levetiracetam_Tab 500mg,0408010A0AAABAB,1,0.021000000000003516
231,N85024,Levetiracetam_Tab 500mg,0408010A0AAABAB,3,0.018000000000000516
232,N85044,Levetiracetam_Tab 500mg,0408010A0AAABAB,4,0.01680000000000048
233,N85024,Levetiracetam_Tab 500mg,0408010A0AAABAB,1,0.015000000000002511
237,N85020,Levetiracetam_Tab 500mg,0408010A0AAABAB,1,0.014000000000002344
320,N85013,Levetiracetam_Tab 250mg,0408010A0AAAAAA,1,0.014000000000002344
239,N85032,Levetiracetam_Tab 500mg,0408010A0AAABAB,1,0.014000000000002344
238,N85014,Levetiracetam_Tab 500mg,0408010A0AAABAB,1,0.014000000000002344
236,N85003,Levetiracetam_Tab 500mg,0408010A0AAABAB,1,0.014000000000002344
235,N85634,Levetiracetam_Tab 500mg,0408010A0AAABAB,1,0.014000000000002344
234,N85018,Levetiracetam_Tab 500mg,0408010A0AAABAB,1,0.014000000000002344
240,N85005,Levetiracetam_Tab 500mg,0408010A0AAABAB,1,0.009000000000001507
241,N85008,Levetiracetam_Tab 500mg,0408010A0AAABAB,1,0.009000000000001507
243,N85040,Levetiracetam_Tab 500mg,0408010A0AAABAB,3,0.008400000000001406
321,N85020,Levetiracetam_Tab 250mg,0408010A0AAAAAA,3,0.008400000000001406
242,N85625,Levetiracetam_Tab 500mg,0408010A0AAABAB,3,0.008400000000001406
244,N85005,Levetiracetam_Tab 500mg,0408010A0AAABAB,1,0.006000000000000172
245,N85044,Levetiracetam_Tab 500mg,0408010A0AAABAB,1,0.006000000000000172
246,N85016,Levetiracetam_Tab 500mg,0408010A0AAABAB,1,0.006000000000000172
247,N85007,Levetiracetam_Tab 500mg,0408010A0AAABAB,1,0.006000000000000172
248,N85020,Levetiracetam_Tab 500mg,0408010A0AAABAB,1,0.006000000000000172
324,N85640,Levetiracetam_Tab 250mg,0408010A0AAAAAA,4,0.0056000000000009376
250,N85051,Levetiracetam_Tab 500mg,0408010A0AAABAB,2,0.0056000000000009376
325,N85002,Levetiracetam_Tab 250mg,0408010A0AAAAAA,2,0.0056000000000009376
323,N85059,Levetiracetam_Tab 250mg,0408010A0AAAAAA,2,0.0056000000000009376
322,N85625,Levetiracetam_Tab 250mg,0408010A0AAAAAA,2,0.0056000000000009376
249,N85002,Levetiracetam_Tab 500mg,0408010A0AAABAB,2,0.0056000000000009376
1,N85054,Hydrocort_Tab 10mg,0603020J0AAADAD,1,0.004499999999999504
2,N85005,Hydrocort_Tab 10mg,0603020J0AAADAD,1,0.004499999999999504
3,N85027,Hydrocort_Tab 10mg,0603020J0AAADAD,1,0.0033999999999996255
327,N85027,Levetiracetam_Tab 250mg,0408010A0AAAAAA,1,0.0028000000000004688
336,N85054,Levetiracetam_Tab 250mg,0408010A0AAAAAA,1,0.0028000000000004688
335,N85620,Levetiracetam_Tab 250mg,0408010A0AAAAAA,1,0.0028000000000004688
326,N85034,Levetiracetam_Tab 250mg,0408010A0AAAAAA,1,0.0028000000000004688
333,N85019,Levetiracetam_Tab 250mg,0408010A0AAAAAA,1,0.0028000000000004688
332,N85051,Levetiracetam_Tab 250mg,0408010A0AAAAAA,1,0.0028000000000004688
331,N85028,Levetiracetam_Tab 250mg,0408010A0AAAAAA,1,0.0028000000000004688
330,N85016,Levetiracetam_Tab 250mg,0408010A0AAAAAA,1,0.0028000000000004688
329,N85037,Levetiracetam_Tab 250mg,0408010A0AAAAAA,1,0.0028000000000004688
328,N85031,Levetiracetam_Tab 250mg,0408010A0AAAAAA,1,0.0028000000000004688
334,N85044,Levetiracetam_Tab 250mg,0408010A0AAAAAA,4,0.0028000000000004688
252,N85024,Levetiracetam_Tab 500mg,0408010A0AAABAB,1,0.0028000000000004688
256,N85032,Levetiracetam_Tab 500mg,0408010A0AAABAB,1,0.0028000000000004688
251,N85013,Levetiracetam_Tab 500mg,0408010A0AAABAB,1,0.0028000000000004688
253,N85020,Levetiracetam_Tab 500mg,0408010A0AAABAB,1,0.0028000000000004688
254,N85027,Levetiracetam_Tab 500mg,0408010A0AAABAB,1,0.0028000000000004688
255,N85037,Levetiracetam_Tab 500mg,0408010A0AAABAB,1,0.0028000000000004688
337,N85008,Levetiracetam_Tab 250mg,0408010A0AAAAAA,1,0.0014000000000002344
338,N85005,Levetiracetam_Tab 250mg,0408010A0AAAAAA,1,0.0007000000000001172
257,N85044,Levetiracetam_Tab 500mg,0408010A0AAABAB,1,-0.00280000000000008
261,N85016,Levetiracetam_Tab 500mg,0408010A0AAABAB,1,-0.005599999999999383
258,N85024,Levetiracetam_Tab 500mg,0408010A0AAABAB,1,-0.005599999999999383
272,N85009,Levetiracetam_Tab 500mg,0408010A0AAABAB,1,-0.005599999999999383
260,N85003,Levetiracetam_Tab 500mg,0408010A0AAABAB,1,-0.005599999999999383
271,N85032,Levetiracetam_Tab 500mg,0408010A0AAABAB,1,-0.005599999999999383
270,N85037,Levetiracetam_Tab 500mg,0408010A0AAABAB,1,-0.005599999999999383
269,N85005,Levetiracetam_Tab 500mg,0408010A0AAABAB,1,-0.005599999999999383
266,N85040,Levetiracetam_Tab 500mg,0408010A0AAABAB,1,-0.005599999999999383
268,N85054,Levetiracetam_Tab 500mg,0408010A0AAABAB,1,-0.005599999999999383
267,N85616,Levetiracetam_Tab 500mg,0408010A0AAABAB,1,-0.005599999999999383
259,N85048,Levetiracetam_Tab 500mg,0408010A0AAABAB,1,-0.005599999999999383
265,N85014,Levetiracetam_Tab 500mg,0408010A0AAABAB,1,-0.005599999999999383
264,N85023,Levetiracetam_Tab 500mg,0408010A0AAABAB,1,-0.005599999999999383
263,N85038,Levetiracetam_Tab 500mg,0408010A0AAABAB,1,-0.005599999999999383
262,N85015,Levetiracetam_Tab 500mg,0408010A0AAABAB,1,-0.005599999999999383
273,N85002,Levetiracetam_Tab 500mg,0408010A0AAABAB,2,-0.00560000000000016
274,N85012,Levetiracetam_Tab 500mg,0408010A0AAABAB,4,-0.00560000000000016
275,N85019,Levetiracetam_Tab 500mg,0408010A0AAABAB,3,-0.00840000000000024
276,N85022,Levetiracetam_Tab 500mg,0408010A0AAABAB,2,-0.011199999999998766
277,N85017,Levetiracetam_Tab 500mg,0408010A0AAABAB,2,-0.011199999999998766
4,N85017,Hydrocort_Tab 10mg,0603020J0AAADAD,1,-0.011199999999998766
5,N85016,Hydrocort_Tab 10mg,0603020J0AAADAD,1,-0.011199999999998766
7,N85002,Hydrocort_Tab 10mg,0603020J0AAADAD,1,-0.011199999999998766
8,N85028,Hydrocort_Tab 10mg,0603020J0AAADAD,1,-0.011199999999998766
9,N85648,Hydrocort_Tab 10mg,0603020J0AAADAD,1,-0.011199999999998766
10,N85640,Hydrocort_Tab 10mg,0603020J0AAADAD,1,-0.011199999999998766
11,N85013,Hydrocort_Tab 10mg,0603020J0AAADAD,1,-0.011199999999998766
6,N85015,Hydrocort_Tab 10mg,0603020J0AAADAD,1,-0.011199999999998766
12,N85054,Hydrocort_Tab 10mg,0603020J0AAADAD,1,-0.012599999999998612
13,N85040,Hydrocort_Tab 10mg,0603020J0AAADAD,1,-0.013999999999998458
14,N85643,Hydrocort_Tab 10mg,0603020J0AAADAD,1,-0.013999999999998458
15,N85016,Hydrocort_Tab 10mg,0603020J0AAADAD,1,-0.013999999999998458
16,N85044,Hydrocort_Tab 10mg,0603020J0AAADAD,1,-0.013999999999998458
339,N85008,Levetiracetam_Tab 250mg,0408010A0AAAAAA,3,-0.01679999999999815
278,N85008,Levetiracetam_Tab 500mg,0408010A0AAABAB,3,-0.01679999999999815
279,N85625,Levetiracetam_Tab 500mg,0408010A0AAABAB,3,-0.01679999999999815
280,N85031,Levetiracetam_Tab 500mg,0408010A0AAABAB,3,-0.01679999999999815
17,N85012,Hydrocort_Tab 10mg,0603020J0AAADAD,2,-0.022399999999997533
18,N85040,Hydrocort_Tab 10mg,0603020J0AAADAD,2,-0.022399999999997533
19,N85625,Hydrocort_Tab 10mg,0603020J0AAADAD,2,-0.022399999999997533
281,N85007,Levetiracetam_Tab 500mg,0408010A0AAABAB,4,-0.022399999999997533
282,N85044,Levetiracetam_Tab 500mg,0408010A0AAABAB,4,-0.022399999999997533
284,N85012,Levetiracetam_Tab 500mg,0408010A0AAABAB,6,-0.0335999999999963
283,N85020,Levetiracetam_Tab 500mg,0408010A0AAABAB,6,-0.0335999999999963
285,N85027,Levetiracetam_Tab 500mg,0408010A0AAABAB,8,-0.044799999999995066
