,practice_code,bnf_description,bnf_code,items,excess_cost
0,E87026,Atorvastatin_Tab 20mg,0212000B0AAABAB,17,450.58160000000004
44,E87016,Phenytoin_Sod Tab 100mg,0408010Q0AAAGAG,1,284.28
1,E87026,Atorvastatin_Tab 20mg,0212000B0AAABAB,5,270.368
2,E87026,Atorvastatin_Tab 20mg,0212000B0AAABAB,18,270.34560000000005
25,E87026,Atorvastatin_Tab 40mg,0212000B0AAACAC,9,267.0192
166,E87735,Pregabalin_Cap 50mg,0408010AEAAABAB,1,203.84000000000003
151,E87026,Memantine HCl_Tab 20mg,0411000G0AAADAD,1,170.99880000000002
3,E87065,Atorvastatin_Tab 20mg,0212000B0AAABAB,17,135.2316
4,E87026,Atorvastatin_Tab 20mg,0212000B0AAABAB,1,135.18959999999998
5,E87026,Atorvastatin_Tab 20mg,0212000B0AAABAB,17,135.18400000000003
6,E87065,Atorvastatin_Tab 20mg,0212000B0AAABAB,20,135.18400000000003
26,E87026,Atorvastatin_Tab 40mg,0212000B0AAACAC,17,133.518
152,E87637,Memantine HCl_Tab 20mg,0411000G0AAADAD,1,127.79760000000002
45,E87050,Phenytoin_Sod Tab 100mg,0408010Q0AAAGAG,1,119.39759999999998
46,E87637,Phenytoin_Sod Tab 100mg,0408010Q0AAAGAG,1,119.39759999999998
69,E87026,Amlodipine_Tab 5mg,0206020A0AAAAAA,14,106.78080000000003
428,E87026,Atorvastatin_Tab 80mg,0212000B0AAADAD,36,99.28800000000001
27,E87026,Atorvastatin_Tab 40mg,0212000B0AAACAC,3,89.00640000000001
47,E87637,Risperidone_Tab 6mg,040201030AAAFAF,3,87.6288
167,E87733,Pregabalin_Cap 50mg,0408010AEAAABAB,2,85.6128
429,E87026,Atorvastatin_Tab 80mg,0212000B0AAADAD,6,74.4408
7,E87026,Atorvastatin_Tab 20mg,0212000B0AAABAB,17,73.1969
28,E87026,Atorvastatin_Tab 40mg,0212000B0AAACAC,37,72.2869
8,E87021,Atorvastatin_Tab 20mg,0212000B0AAABAB,32,67.7376
9,E87063,Atorvastatin_Tab 20mg,0212000B0AAABAB,12,67.63680000000001
59,Y01011,Escitalopram_Tab 20mg,0403030X0AAABAB,3,67.13279999999999
49,E87067,Risperidone_Tab 6mg,040201030AAAFAF,2,58.4192
48,E87021,Risperidone_Tab 6mg,040201030AAAFAF,1,58.4192
50,E87742,Risperidone_Tab 6mg,040201030AAAFAF,1,58.4192
430,E87026,Atorvastatin_Tab 80mg,0212000B0AAADAD,3,49.6104
10,E87682,Atorvastatin_Tab 20mg,0212000B0AAABAB,41,45.23120000000001
11,E87003,Atorvastatin_Tab 20mg,0212000B0AAABAB,54,45.05760000000001
12,E87063,Atorvastatin_Tab 20mg,0212000B0AAABAB,47,45.00720000000001
60,E87722,Escitalopram_Tab 20mg,0403030X0AAABAB,2,44.766400000000004
61,E87029,Escitalopram_Tab 20mg,0403030X0AAABAB,3,44.763600000000004
62,E87004,Escitalopram_Tab 20mg,0403030X0AAABAB,1,44.7608
63,E87013,Escitalopram_Tab 20mg,0403030X0AAABAB,4,44.7552
70,E87026,Amlodipine_Tab 5mg,0206020A0AAAAAA,22,44.5368
29,E87026,Atorvastatin_Tab 40mg,0212000B0AAACAC,5,44.52
71,E87026,Amlodipine_Tab 5mg,0206020A0AAAAAA,4,35.61600000000001
72,E87026,Amlodipine_Tab 5mg,0206020A0AAAAAA,10,35.61599999999999
221,E87021,Paracet_Tab 500mg,0407010H0AAAMAM,2,30.18
220,E87021,Paracet_Tab 500mg,0407010H0AAAMAM,2,30.18
51,E87013,Risperidone_Tab 6mg,040201030AAAFAF,4,29.232
55,E87024,Risperidone_Tab 6mg,040201030AAAFAF,1,29.2096
54,E87013,Risperidone_Tab 6mg,040201030AAAFAF,1,29.2096
53,E87061,Risperidone_Tab 6mg,040201030AAAFAF,2,29.2096
52,E87021,Risperidone_Tab 6mg,040201030AAAFAF,1,29.2096
56,E87733,Risperidone_Tab 6mg,040201030AAAFAF,1,29.2096
57,E87004,Risperidone_Tab 6mg,040201030AAAFAF,1,29.2096
58,E87038,Risperidone_Tab 6mg,040201030AAAFAF,1,29.2096
73,E87065,Amlodipine_Tab 5mg,0206020A0AAAAAA,9,26.686800000000005
431,E87026,Atorvastatin_Tab 80mg,0212000B0AAADAD,4,24.808000000000003
13,Y01011,Atorvastatin_Tab 20mg,0212000B0AAABAB,63,22.57920000000001
14,E87750,Atorvastatin_Tab 20mg,0212000B0AAABAB,48,22.545600000000004
15,E87702,Atorvastatin_Tab 20mg,0212000B0AAABAB,2,22.5288
64,Y01011,Escitalopram_Tab 20mg,0403030X0AAABAB,2,22.383200000000002
65,E87026,Escitalopram_Tab 20mg,0403030X0AAABAB,1,22.3804
67,E87004,Escitalopram_Tab 20mg,0403030X0AAABAB,1,22.3804
66,Y03441,Escitalopram_Tab 20mg,0403030X0AAABAB,1,22.3804
68,E87637,Escitalopram_Tab 20mg,0403030X0AAABAB,3,22.377599999999997
30,E87047,Atorvastatin_Tab 40mg,0212000B0AAACAC,23,22.2824
31,E87750,Atorvastatin_Tab 40mg,0212000B0AAACAC,20,22.246000000000002
222,E87021,Paracet_Tab 500mg,0407010H0AAAMAM,7,20.16
223,E87021,Paracet_Tab 500mg,0407010H0AAAMAM,7,20.16
74,E87746,Amlodipine_Tab 5mg,0206020A0AAAAAA,34,17.89760000000001
75,Y03441,Amlodipine_Tab 5mg,0206020A0AAAAAA,20,17.808000000000003
76,E87746,Amlodipine_Tab 5mg,0206020A0AAAAAA,4,17.808
224,E87021,Paracet_Tab 500mg,0407010H0AAAMAM,47,10.81
225,E87021,Paracet_Tab 500mg,0407010H0AAAMAM,47,10.81
226,E87665,Paracet_Tab 500mg,0407010H0AAAMAM,7,10.080000000000002
227,E87665,Paracet_Tab 500mg,0407010H0AAAMAM,7,10.080000000000002
228,E87016,Paracet_Tab 500mg,0407010H0AAAMAM,8,10.08
229,E87016,Paracet_Tab 500mg,0407010H0AAAMAM,8,10.08
230,E87003,Paracet_Tab 500mg,0407010H0AAAMAM,19,10.069999999999999
231,E87003,Paracet_Tab 500mg,0407010H0AAAMAM,19,10.069999999999999
233,E87701,Paracet_Tab 500mg,0407010H0AAAMAM,16,9.920000000000007
232,E87701,Paracet_Tab 500mg,0407010H0AAAMAM,16,9.920000000000007
234,E87701,Paracet_Tab 500mg,0407010H0AAAMAM,1,5.6448
235,E87701,Paracet_Tab 500mg,0407010H0AAAMAM,1,5.6448
236,E87751,Paracet_Tab 500mg,0407010H0AAAMAM,65,5.2000000000000135
237,E87751,Paracet_Tab 500mg,0407010H0AAAMAM,65,5.2000000000000135
238,E87067,Paracet_Tab 500mg,0407010H0AAAMAM,52,5.200000000000005
239,E87067,Paracet_Tab 500mg,0407010H0AAAMAM,52,5.200000000000005
241,E87016,Paracet_Tab 500mg,0407010H0AAAMAM,17,5.099999999999999
240,E87016,Paracet_Tab 500mg,0407010H0AAAMAM,17,5.099999999999999
243,Y01011,Paracet_Tab 500mg,0407010H0AAAMAM,81,4.8599999999999985
242,Y01011,Paracet_Tab 500mg,0407010H0AAAMAM,81,4.8599999999999985
244,E87637,Paracet_Tab 500mg,0407010H0AAAMAM,82,1.6400000000000186
245,E87637,Paracet_Tab 500mg,0407010H0AAAMAM,82,1.6400000000000186
246,E87013,Paracet_Tab 500mg,0407010H0AAAMAM,8,1.4336000000000007
247,E87013,Paracet_Tab 500mg,0407010H0AAAMAM,8,1.4336000000000007
248,E87029,Paracet_Tab 500mg,0407010H0AAAMAM,3,1.2768000000000004
249,E87029,Paracet_Tab 500mg,0407010H0AAAMAM,3,1.2768000000000004
77,E87004,Amlodipine_Tab 5mg,0206020A0AAAAAA,31,0.17360000000000197
251,E87751,Paracet_Tab 500mg,0407010H0AAAMAM,24,0.14399999999999913
250,E87751,Paracet_Tab 500mg,0407010H0AAAMAM,24,0.14399999999999913
253,E87043,Paracet_Tab 500mg,0407010H0AAAMAM,6,0.11999999999999927
252,E87043,Paracet_Tab 500mg,0407010H0AAAMAM,6,0.11999999999999927
153,E87733,Memantine HCl_Tab 20mg,0411000G0AAADAD,22,0.10779999999999988
432,E87706,Atorvastatin_Tab 80mg,0212000B0AAADAD,49,0.10290000000000295
254,E87762,Paracet_Tab 500mg,0407010H0AAAMAM,18,0.10079999999999939
255,E87762,Paracet_Tab 500mg,0407010H0AAAMAM,18,0.10079999999999939
433,E87009,Atorvastatin_Tab 80mg,0212000B0AAADAD,46,0.09660000000000277
154,E87003,Memantine HCl_Tab 20mg,0411000G0AAADAD,19,0.0930999999999999
435,E87065,Atorvastatin_Tab 80mg,0212000B0AAADAD,42,0.08820000000000253
434,E87004,Atorvastatin_Tab 80mg,0212000B0AAADAD,21,0.08820000000000253
78,E87665,Amlodipine_Tab 5mg,0206020A0AAAAAA,14,0.07840000000000089
436,E87029,Atorvastatin_Tab 80mg,0212000B0AAADAD,35,0.0735000000000021
155,E87762,Memantine HCl_Tab 20mg,0411000G0AAADAD,13,0.06369999999999992
257,E87038,Paracet_Tab 500mg,0407010H0AAAMAM,22,0.06159999999999963
256,E87038,Paracet_Tab 500mg,0407010H0AAAMAM,22,0.06159999999999963
437,E87038,Atorvastatin_Tab 80mg,0212000B0AAADAD,29,0.060900000000001744
16,E87047,Atorvastatin_Tab 20mg,0212000B0AAABAB,10,0.06000000000000172
439,E87043,Atorvastatin_Tab 80mg,0212000B0AAADAD,27,0.056700000000001624
438,Y02842,Atorvastatin_Tab 80mg,0212000B0AAADAD,27,0.056700000000001624
440,E87751,Atorvastatin_Tab 80mg,0212000B0AAADAD,26,0.054600000000001564
258,E87733,Paracet_Tab 500mg,0407010H0AAAMAM,13,0.05459999999999967
259,E87733,Paracet_Tab 500mg,0407010H0AAAMAM,13,0.05459999999999967
168,E87751,Pregabalin_Cap 50mg,0408010AEAAABAB,13,0.05459999999999904
260,E87637,Paracet_Tab 500mg,0407010H0AAAMAM,9,0.05399999999999967
261,E87637,Paracet_Tab 500mg,0407010H0AAAMAM,9,0.05399999999999967
441,E87003,Atorvastatin_Tab 80mg,0212000B0AAADAD,25,0.052500000000001504
262,E87038,Paracet_Tab 500mg,0407010H0AAAMAM,12,0.050399999999999695
265,E87746,Paracet_Tab 500mg,0407010H0AAAMAM,12,0.050399999999999695
263,E87746,Paracet_Tab 500mg,0407010H0AAAMAM,12,0.050399999999999695
264,E87038,Paracet_Tab 500mg,0407010H0AAAMAM,12,0.050399999999999695
169,E87013,Pregabalin_Cap 50mg,0408010AEAAABAB,12,0.05039999999999911
156,E87711,Memantine HCl_Tab 20mg,0411000G0AAADAD,10,0.048999999999999946
442,E87067,Atorvastatin_Tab 80mg,0212000B0AAADAD,23,0.048300000000001383
443,E87682,Atorvastatin_Tab 80mg,0212000B0AAADAD,23,0.048300000000001383
267,E87004,Paracet_Tab 500mg,0407010H0AAAMAM,17,0.04759999999999971
266,E87004,Paracet_Tab 500mg,0407010H0AAAMAM,17,0.04759999999999971
170,E87047,Pregabalin_Cap 50mg,0408010AEAAABAB,8,0.04480000000000128
444,E87024,Atorvastatin_Tab 80mg,0212000B0AAADAD,20,0.0420000000000012
79,E87047,Amlodipine_Tab 5mg,0206020A0AAAAAA,7,0.0420000000000012
171,E87029,Pregabalin_Cap 50mg,0408010AEAAABAB,10,0.04199999999999926
159,E87024,Memantine HCl_Tab 20mg,0411000G0AAADAD,8,0.03919999999999996
158,E87067,Memantine HCl_Tab 20mg,0411000G0AAADAD,8,0.03919999999999996
157,E87038,Memantine HCl_Tab 20mg,0411000G0AAADAD,8,0.03919999999999996
173,E87665,Pregabalin_Cap 50mg,0408010AEAAABAB,9,0.037799999999999334
172,E87009,Pregabalin_Cap 50mg,0408010AEAAABAB,9,0.037799999999999334
160,E87706,Memantine HCl_Tab 20mg,0411000G0AAADAD,7,0.03429999999999996
174,Y02842,Pregabalin_Cap 50mg,0408010AEAAABAB,6,0.03360000000000096
268,E87003,Paracet_Tab 500mg,0407010H0AAAMAM,12,0.0335999999999998
269,E87003,Paracet_Tab 500mg,0407010H0AAAMAM,12,0.0335999999999998
445,E87063,Atorvastatin_Tab 80mg,0212000B0AAADAD,15,0.0315000000000009
270,E87067,Paracet_Tab 500mg,0407010H0AAAMAM,5,0.02999999999999982
271,E87067,Paracet_Tab 500mg,0407010H0AAAMAM,5,0.02999999999999982
175,E87715,Pregabalin_Cap 50mg,0408010AEAAABAB,7,0.029399999999999482
177,E87682,Pregabalin_Cap 50mg,0408010AEAAABAB,5,0.028000000000000802
176,E87742,Pregabalin_Cap 50mg,0408010AEAAABAB,5,0.028000000000000802
447,E87722,Atorvastatin_Tab 80mg,0212000B0AAADAD,12,0.025200000000000722
80,E87715,Amlodipine_Tab 5mg,0206020A0AAAAAA,2,0.025200000000000722
446,E87762,Atorvastatin_Tab 80mg,0212000B0AAADAD,12,0.025200000000000722
178,E87063,Pregabalin_Cap 50mg,0408010AEAAABAB,6,0.025199999999999556
179,E87762,Pregabalin_Cap 50mg,0408010AEAAABAB,6,0.025199999999999556
272,Y00507,Paracet_Tab 500mg,0407010H0AAAMAM,4,0.023999999999999855
273,Y00507,Paracet_Tab 500mg,0407010H0AAAMAM,4,0.023999999999999855
180,E87038,Pregabalin_Cap 50mg,0408010AEAAABAB,4,0.02240000000000064
82,E87682,Amlodipine_Tab 5mg,0206020A0AAAAAA,4,0.022400000000000253
83,E87722,Amlodipine_Tab 5mg,0206020A0AAAAAA,4,0.022400000000000253
81,E87003,Amlodipine_Tab 5mg,0206020A0AAAAAA,4,0.022400000000000253
84,E87043,Amlodipine_Tab 5mg,0206020A0AAAAAA,4,0.022400000000000253
274,E87733,Paracet_Tab 500mg,0407010H0AAAMAM,8,0.022399999999999864
275,E87733,Paracet_Tab 500mg,0407010H0AAAMAM,8,0.022399999999999864
276,E87007,Paracet_Tab 500mg,0407010H0AAAMAM,5,0.020999999999999873
277,E87007,Paracet_Tab 500mg,0407010H0AAAMAM,5,0.020999999999999873
181,E87711,Pregabalin_Cap 50mg,0408010AEAAABAB,5,0.02099999999999963
164,E87048,Memantine HCl_Tab 20mg,0411000G0AAADAD,4,0.01959999999999998
163,E87026,Memantine HCl_Tab 20mg,0411000G0AAADAD,4,0.01959999999999998
162,Y00507,Memantine HCl_Tab 20mg,0411000G0AAADAD,4,0.01959999999999998
161,E87013,Memantine HCl_Tab 20mg,0411000G0AAADAD,4,0.01959999999999998
281,E87065,Paracet_Tab 500mg,0407010H0AAAMAM,7,0.01959999999999988
278,E87065,Paracet_Tab 500mg,0407010H0AAAMAM,7,0.01959999999999988
279,E87711,Paracet_Tab 500mg,0407010H0AAAMAM,7,0.01959999999999988
280,E87711,Paracet_Tab 500mg,0407010H0AAAMAM,7,0.01959999999999988
448,E87016,Atorvastatin_Tab 80mg,0212000B0AAADAD,9,0.01890000000000054
283,E87750,Paracet_Tab 500mg,0407010H0AAAMAM,3,0.01799999999999989
291,E87706,Paracet_Tab 500mg,0407010H0AAAMAM,3,0.01799999999999989
284,E87706,Paracet_Tab 500mg,0407010H0AAAMAM,3,0.01799999999999989
288,Y01011,Paracet_Tab 500mg,0407010H0AAAMAM,3,0.01799999999999989
282,E87047,Paracet_Tab 500mg,0407010H0AAAMAM,3,0.01799999999999989
290,E87003,Paracet_Tab 500mg,0407010H0AAAMAM,3,0.01799999999999989
289,E87003,Paracet_Tab 500mg,0407010H0AAAMAM,3,0.01799999999999989
287,E87047,Paracet_Tab 500mg,0407010H0AAAMAM,3,0.01799999999999989
286,E87750,Paracet_Tab 500mg,0407010H0AAAMAM,3,0.01799999999999989
285,Y01011,Paracet_Tab 500mg,0407010H0AAAMAM,3,0.01799999999999989
85,Y02842,Amlodipine_Tab 5mg,0206020A0AAAAAA,4,0.01760000000000006
183,E87637,Pregabalin_Cap 50mg,0408010AEAAABAB,3,0.01680000000000048
449,E87665,Atorvastatin_Tab 80mg,0212000B0AAADAD,4,0.01680000000000048
450,E87720,Atorvastatin_Tab 80mg,0212000B0AAADAD,4,0.01680000000000048
182,E87755,Pregabalin_Cap 50mg,0408010AEAAABAB,3,0.01680000000000048
86,E87738,Amlodipine_Tab 5mg,0206020A0AAAAAA,3,0.01680000000000019
295,E87029,Paracet_Tab 500mg,0407010H0AAAMAM,6,0.0167999999999999
298,E87722,Paracet_Tab 500mg,0407010H0AAAMAM,4,0.0167999999999999
299,E87029,Paracet_Tab 500mg,0407010H0AAAMAM,6,0.0167999999999999
296,E87016,Paracet_Tab 500mg,0407010H0AAAMAM,4,0.0167999999999999
294,E87016,Paracet_Tab 500mg,0407010H0AAAMAM,6,0.0167999999999999
293,E87016,Paracet_Tab 500mg,0407010H0AAAMAM,6,0.0167999999999999
292,E87016,Paracet_Tab 500mg,0407010H0AAAMAM,4,0.0167999999999999
297,E87722,Paracet_Tab 500mg,0407010H0AAAMAM,4,0.0167999999999999
188,E87706,Pregabalin_Cap 50mg,0408010AEAAABAB,4,0.016799999999999704
187,E87067,Pregabalin_Cap 50mg,0408010AEAAABAB,4,0.016799999999999704
186,E87007,Pregabalin_Cap 50mg,0408010AEAAABAB,4,0.016799999999999704
185,Y02842,Pregabalin_Cap 50mg,0408010AEAAABAB,4,0.016799999999999704
184,E87003,Pregabalin_Cap 50mg,0408010AEAAABAB,4,0.016799999999999704
451,E87733,Atorvastatin_Tab 80mg,0212000B0AAADAD,7,0.014700000000000421
165,E87043,Memantine HCl_Tab 20mg,0411000G0AAADAD,3,0.014699999999999984
189,E87715,Pregabalin_Cap 50mg,0408010AEAAABAB,1,0.014000000000000401
300,E87026,Paracet_Tab 500mg,0407010H0AAAMAM,5,0.013999999999999915
302,E87026,Paracet_Tab 500mg,0407010H0AAAMAM,5,0.013999999999999915
303,E87003,Paracet_Tab 500mg,0407010H0AAAMAM,10,0.013999999999999915
301,E87003,Paracet_Tab 500mg,0407010H0AAAMAM,10,0.013999999999999915
87,E87038,Amlodipine_Tab 5mg,0206020A0AAAAAA,3,0.013200000000000045
89,E87063,Amlodipine_Tab 5mg,0206020A0AAAAAA,1,0.012600000000000361
88,E87701,Amlodipine_Tab 5mg,0206020A0AAAAAA,1,0.012600000000000361
190,E87004,Pregabalin_Cap 50mg,0408010AEAAABAB,3,0.012599999999999778
90,E87665,Amlodipine_Tab 5mg,0206020A0AAAAAA,2,0.012000000000000344
91,E87738,Amlodipine_Tab 5mg,0206020A0AAAAAA,2,0.012000000000000344
17,E87750,Atorvastatin_Tab 20mg,0212000B0AAABAB,2,0.012000000000000344
304,E87016,Paracet_Tab 500mg,0407010H0AAAMAM,2,0.011999999999999927
305,E87016,Paracet_Tab 500mg,0407010H0AAAMAM,2,0.011999999999999927
306,E87061,Paracet_Tab 500mg,0407010H0AAAMAM,2,0.011999999999999927
308,E87061,Paracet_Tab 500mg,0407010H0AAAMAM,2,0.011999999999999927
309,E87026,Paracet_Tab 500mg,0407010H0AAAMAM,1,0.011999999999999927
307,E87026,Paracet_Tab 500mg,0407010H0AAAMAM,1,0.011999999999999927
195,Y01011,Pregabalin_Cap 50mg,0408010AEAAABAB,2,0.01120000000000032
194,E87665,Pregabalin_Cap 50mg,0408010AEAAABAB,2,0.01120000000000032
193,E87024,Pregabalin_Cap 50mg,0408010AEAAABAB,2,0.01120000000000032
192,E87762,Pregabalin_Cap 50mg,0408010AEAAABAB,2,0.01120000000000032
191,E87063,Pregabalin_Cap 50mg,0408010AEAAABAB,2,0.01120000000000032
92,E87762,Amlodipine_Tab 5mg,0206020A0AAAAAA,2,0.011200000000000127
319,E87063,Paracet_Tab 500mg,0407010H0AAAMAM,4,0.011199999999999932
317,E87750,Paracet_Tab 500mg,0407010H0AAAMAM,4,0.011199999999999932
310,E87067,Paracet_Tab 500mg,0407010H0AAAMAM,4,0.011199999999999932
311,E87067,Paracet_Tab 500mg,0407010H0AAAMAM,4,0.011199999999999932
312,E87706,Paracet_Tab 500mg,0407010H0AAAMAM,4,0.011199999999999932
313,E87063,Paracet_Tab 500mg,0407010H0AAAMAM,4,0.011199999999999932
314,Y02842,Paracet_Tab 500mg,0407010H0AAAMAM,4,0.011199999999999932
318,Y02842,Paracet_Tab 500mg,0407010H0AAAMAM,4,0.011199999999999932
315,E87750,Paracet_Tab 500mg,0407010H0AAAMAM,4,0.011199999999999932
316,E87706,Paracet_Tab 500mg,0407010H0AAAMAM,4,0.011199999999999932
453,E87711,Atorvastatin_Tab 80mg,0212000B0AAADAD,5,0.0105000000000003
452,Y03441,Atorvastatin_Tab 80mg,0212000B0AAADAD,5,0.0105000000000003
93,E87016,Amlodipine_Tab 5mg,0206020A0AAAAAA,4,0.008800000000000252
94,E87043,Amlodipine_Tab 5mg,0206020A0AAAAAA,1,0.008600000000000246
95,E87715,Amlodipine_Tab 5mg,0206020A0AAAAAA,2,0.00840000000000024
455,E87007,Atorvastatin_Tab 80mg,0212000B0AAADAD,4,0.00840000000000024
456,E87738,Atorvastatin_Tab 80mg,0212000B0AAADAD,4,0.00840000000000024
457,E87013,Atorvastatin_Tab 80mg,0212000B0AAADAD,4,0.00840000000000024
454,E87048,Atorvastatin_Tab 80mg,0212000B0AAADAD,4,0.00840000000000024
320,E87050,Paracet_Tab 500mg,0407010H0AAAMAM,3,0.00839999999999995
321,E87067,Paracet_Tab 500mg,0407010H0AAAMAM,4,0.00839999999999995
322,E87067,Paracet_Tab 500mg,0407010H0AAAMAM,4,0.00839999999999995
323,E87050,Paracet_Tab 500mg,0407010H0AAAMAM,3,0.00839999999999995
196,Y03441,Pregabalin_Cap 50mg,0408010AEAAABAB,2,0.008399999999999852
458,E87715,Atorvastatin_Tab 80mg,0212000B0AAADAD,3,0.0063000000000001805
35,E87029,Atorvastatin_Tab 40mg,0212000B0AAACAC,1,0.006000000000000172
36,E87733,Atorvastatin_Tab 40mg,0212000B0AAACAC,1,0.006000000000000172
37,E87637,Atorvastatin_Tab 40mg,0212000B0AAACAC,1,0.006000000000000172
34,E87665,Atorvastatin_Tab 40mg,0212000B0AAACAC,1,0.006000000000000172
97,E87715,Amlodipine_Tab 5mg,0206020A0AAAAAA,2,0.006000000000000172
33,E87701,Atorvastatin_Tab 40mg,0212000B0AAACAC,1,0.006000000000000172
20,Y00200,Atorvastatin_Tab 20mg,0212000B0AAABAB,1,0.006000000000000172
32,E87720,Atorvastatin_Tab 40mg,0212000B0AAACAC,1,0.006000000000000172
96,E87742,Amlodipine_Tab 5mg,0206020A0AAAAAA,1,0.006000000000000172
18,E87738,Atorvastatin_Tab 20mg,0212000B0AAABAB,1,0.006000000000000172
19,E87746,Atorvastatin_Tab 20mg,0212000B0AAABAB,1,0.006000000000000172
327,E87067,Paracet_Tab 500mg,0407010H0AAAMAM,2,0.005999999999999964
329,E87682,Paracet_Tab 500mg,0407010H0AAAMAM,1,0.005999999999999964
326,E87682,Paracet_Tab 500mg,0407010H0AAAMAM,1,0.005999999999999964
328,E87026,Paracet_Tab 500mg,0407010H0AAAMAM,1,0.005999999999999964
324,E87026,Paracet_Tab 500mg,0407010H0AAAMAM,1,0.005999999999999964
325,E87067,Paracet_Tab 500mg,0407010H0AAAMAM,2,0.005999999999999964
203,Y03441,Pregabalin_Cap 50mg,0408010AEAAABAB,1,0.00560000000000016
204,E87029,Pregabalin_Cap 50mg,0408010AEAAABAB,1,0.00560000000000016
206,E87048,Pregabalin_Cap 50mg,0408010AEAAABAB,1,0.00560000000000016
202,E87007,Pregabalin_Cap 50mg,0408010AEAAABAB,1,0.00560000000000016
201,E87738,Pregabalin_Cap 50mg,0408010AEAAABAB,1,0.00560000000000016
200,E87702,Pregabalin_Cap 50mg,0408010AEAAABAB,1,0.00560000000000016
199,E87004,Pregabalin_Cap 50mg,0408010AEAAABAB,1,0.00560000000000016
198,E87733,Pregabalin_Cap 50mg,0408010AEAAABAB,1,0.00560000000000016
197,E87016,Pregabalin_Cap 50mg,0408010AEAAABAB,1,0.00560000000000016
205,E87065,Pregabalin_Cap 50mg,0408010AEAAABAB,1,0.00560000000000016
98,Y03441,Amlodipine_Tab 5mg,0206020A0AAAAAA,1,0.005600000000000063
100,E87701,Amlodipine_Tab 5mg,0206020A0AAAAAA,1,0.005600000000000063
101,E87742,Amlodipine_Tab 5mg,0206020A0AAAAAA,1,0.005600000000000063
102,Y02842,Amlodipine_Tab 5mg,0206020A0AAAAAA,1,0.005600000000000063
103,Y05401,Amlodipine_Tab 5mg,0206020A0AAAAAA,1,0.005600000000000063
104,Y01011,Amlodipine_Tab 5mg,0206020A0AAAAAA,1,0.005600000000000063
105,E87016,Amlodipine_Tab 5mg,0206020A0AAAAAA,1,0.005600000000000063
99,E87029,Amlodipine_Tab 5mg,0206020A0AAAAAA,1,0.005600000000000063
330,E87038,Paracet_Tab 500mg,0407010H0AAAMAM,4,0.005599999999999966
341,E87063,Paracet_Tab 500mg,0407010H0AAAMAM,4,0.005599999999999966
334,E87009,Paracet_Tab 500mg,0407010H0AAAMAM,2,0.005599999999999966
331,E87067,Paracet_Tab 500mg,0407010H0AAAMAM,4,0.005599999999999966
332,E87009,Paracet_Tab 500mg,0407010H0AAAMAM,2,0.005599999999999966
340,E87067,Paracet_Tab 500mg,0407010H0AAAMAM,4,0.005599999999999966
333,E87038,Paracet_Tab 500mg,0407010H0AAAMAM,4,0.005599999999999966
339,E87063,Paracet_Tab 500mg,0407010H0AAAMAM,4,0.005599999999999966
335,E87013,Paracet_Tab 500mg,0407010H0AAAMAM,4,0.005599999999999966
336,E87013,Paracet_Tab 500mg,0407010H0AAAMAM,4,0.005599999999999966
337,E87665,Paracet_Tab 500mg,0407010H0AAAMAM,2,0.005599999999999966
338,E87665,Paracet_Tab 500mg,0407010H0AAAMAM,2,0.005599999999999966
106,E87738,Amlodipine_Tab 5mg,0206020A0AAAAAA,1,0.005000000000000143
107,E87751,Amlodipine_Tab 5mg,0206020A0AAAAAA,1,0.004400000000000015
108,E87711,Amlodipine_Tab 5mg,0206020A0AAAAAA,1,0.004400000000000015
110,E87742,Amlodipine_Tab 5mg,0206020A0AAAAAA,1,0.00420000000000012
111,E87061,Amlodipine_Tab 5mg,0206020A0AAAAAA,1,0.00420000000000012
459,Y01011,Atorvastatin_Tab 80mg,0212000B0AAADAD,1,0.00420000000000012
460,E87637,Atorvastatin_Tab 80mg,0212000B0AAADAD,2,0.00420000000000012
461,E87061,Atorvastatin_Tab 80mg,0212000B0AAADAD,1,0.00420000000000012
109,E87047,Amlodipine_Tab 5mg,0206020A0AAAAAA,1,0.00420000000000012
342,E87047,Paracet_Tab 500mg,0407010H0AAAMAM,3,0.004199999999999975
343,E87047,Paracet_Tab 500mg,0407010H0AAAMAM,3,0.004199999999999975
344,E87043,Paracet_Tab 500mg,0407010H0AAAMAM,1,0.004199999999999975
345,E87043,Paracet_Tab 500mg,0407010H0AAAMAM,1,0.004199999999999975
207,E87047,Pregabalin_Cap 50mg,0408010AEAAABAB,1,0.004199999999999926
113,E87735,Amlodipine_Tab 5mg,0206020A0AAAAAA,1,0.003000000000000086
112,E87742,Amlodipine_Tab 5mg,0206020A0AAAAAA,1,0.003000000000000086
346,E87637,Paracet_Tab 500mg,0407010H0AAAMAM,1,0.002999999999999982
350,E87735,Paracet_Tab 500mg,0407010H0AAAMAM,1,0.002999999999999982
355,E87750,Paracet_Tab 500mg,0407010H0AAAMAM,1,0.002999999999999982
353,E87637,Paracet_Tab 500mg,0407010H0AAAMAM,1,0.002999999999999982
352,E87735,Paracet_Tab 500mg,0407010H0AAAMAM,1,0.002999999999999982
351,E87047,Paracet_Tab 500mg,0407010H0AAAMAM,1,0.002999999999999982
354,E87038,Paracet_Tab 500mg,0407010H0AAAMAM,1,0.002999999999999982
349,E87047,Paracet_Tab 500mg,0407010H0AAAMAM,1,0.002999999999999982
347,E87038,Paracet_Tab 500mg,0407010H0AAAMAM,1,0.002999999999999982
348,E87750,Paracet_Tab 500mg,0407010H0AAAMAM,1,0.002999999999999982
356,E87007,Paracet_Tab 500mg,0407010H0AAAMAM,1,0.002799999999999983
357,E87720,Paracet_Tab 500mg,0407010H0AAAMAM,1,0.002799999999999983
358,E87720,Paracet_Tab 500mg,0407010H0AAAMAM,1,0.002799999999999983
360,E87007,Paracet_Tab 500mg,0407010H0AAAMAM,1,0.002799999999999983
361,Y01011,Paracet_Tab 500mg,0407010H0AAAMAM,1,0.002799999999999983
359,Y01011,Paracet_Tab 500mg,0407010H0AAAMAM,1,0.002799999999999983
114,E87637,Amlodipine_Tab 5mg,0206020A0AAAAAA,1,0.00210000000000006
462,E87047,Atorvastatin_Tab 80mg,0212000B0AAADAD,1,0.00210000000000006
463,E87061,Atorvastatin_Tab 80mg,0212000B0AAADAD,1,0.00210000000000006
21,Y04923,Atorvastatin_Tab 20mg,0212000B0AAABAB,1,-0.0013999999999999985
38,E87026,Atorvastatin_Tab 40mg,0212000B0AAACAC,1,-0.0013999999999999985
116,Y03077,Amlodipine_Tab 5mg,0206020A0AAAAAA,1,-0.002099999999999963
115,E87738,Amlodipine_Tab 5mg,0206020A0AAAAAA,1,-0.002099999999999963
117,E87061,Amlodipine_Tab 5mg,0206020A0AAAAAA,1,-0.002099999999999963
464,E87065,Atorvastatin_Tab 80mg,0212000B0AAADAD,1,-0.00210000000000006
208,E87750,Pregabalin_Cap 50mg,0408010AEAAABAB,1,-0.00280000000000008
214,E87024,Pregabalin_Cap 50mg,0408010AEAAABAB,1,-0.00280000000000008
209,E87762,Pregabalin_Cap 50mg,0408010AEAAABAB,1,-0.00280000000000008
210,E87665,Pregabalin_Cap 50mg,0408010AEAAABAB,1,-0.00280000000000008
211,E87682,Pregabalin_Cap 50mg,0408010AEAAABAB,1,-0.00280000000000008
212,Y01011,Pregabalin_Cap 50mg,0408010AEAAABAB,1,-0.00280000000000008
213,E87029,Pregabalin_Cap 50mg,0408010AEAAABAB,1,-0.00280000000000008
22,E87738,Atorvastatin_Tab 20mg,0212000B0AAABAB,1,-0.0029999999999998778
41,E87637,Atorvastatin_Tab 40mg,0212000B0AAACAC,1,-0.0029999999999998778
42,E87733,Atorvastatin_Tab 40mg,0212000B0AAACAC,1,-0.0029999999999998778
43,E87735,Atorvastatin_Tab 40mg,0212000B0AAACAC,1,-0.0029999999999998778
23,E87637,Atorvastatin_Tab 20mg,0212000B0AAABAB,1,-0.0029999999999998778
40,E87047,Atorvastatin_Tab 40mg,0212000B0AAACAC,1,-0.0029999999999998778
39,Y01011,Atorvastatin_Tab 40mg,0212000B0AAACAC,1,-0.0029999999999998778
215,Y04923,Pregabalin_Cap 50mg,0408010AEAAABAB,1,-0.003200000000000036
365,E87751,Paracet_Tab 500mg,0407010H0AAAMAM,1,-0.003999999999999976
369,E87751,Paracet_Tab 500mg,0407010H0AAAMAM,1,-0.003999999999999976
367,E87742,Paracet_Tab 500mg,0407010H0AAAMAM,1,-0.003999999999999976
366,E87047,Paracet_Tab 500mg,0407010H0AAAMAM,1,-0.003999999999999976
368,E87742,Paracet_Tab 500mg,0407010H0AAAMAM,1,-0.003999999999999976
364,E87047,Paracet_Tab 500mg,0407010H0AAAMAM,1,-0.003999999999999976
362,E87067,Paracet_Tab 500mg,0407010H0AAAMAM,1,-0.003999999999999976
363,E87067,Paracet_Tab 500mg,0407010H0AAAMAM,1,-0.003999999999999976
370,E87021,Paracet_Tab 500mg,0407010H0AAAMAM,1,-0.004799999999999971
371,E87021,Paracet_Tab 500mg,0407010H0AAAMAM,1,-0.004799999999999971
377,E87715,Paracet_Tab 500mg,0407010H0AAAMAM,1,-0.005599999999999966
383,Y01011,Paracet_Tab 500mg,0407010H0AAAMAM,1,-0.005599999999999966
382,E87016,Paracet_Tab 500mg,0407010H0AAAMAM,1,-0.005599999999999966
381,E87755,Paracet_Tab 500mg,0407010H0AAAMAM,1,-0.005599999999999966
380,E87715,Paracet_Tab 500mg,0407010H0AAAMAM,1,-0.005599999999999966
379,E87637,Paracet_Tab 500mg,0407010H0AAAMAM,1,-0.005599999999999966
378,E87755,Paracet_Tab 500mg,0407010H0AAAMAM,1,-0.005599999999999966
376,E87016,Paracet_Tab 500mg,0407010H0AAAMAM,1,-0.005599999999999966
375,Y01011,Paracet_Tab 500mg,0407010H0AAAMAM,1,-0.005599999999999966
374,Y03441,Paracet_Tab 500mg,0407010H0AAAMAM,1,-0.005599999999999966
216,E87013,Pregabalin_Cap 50mg,0408010AEAAABAB,2,-0.005599999999999966
372,E87637,Paracet_Tab 500mg,0407010H0AAAMAM,1,-0.005599999999999966
373,Y03441,Paracet_Tab 500mg,0407010H0AAAMAM,1,-0.005599999999999966
217,E87738,Pregabalin_Cap 50mg,0408010AEAAABAB,2,-0.00560000000000016
24,E87047,Atorvastatin_Tab 20mg,0212000B0AAABAB,2,-0.0059999999999997555
120,E87048,Amlodipine_Tab 5mg,0206020A0AAAAAA,4,-0.008399999999999852
119,E87665,Amlodipine_Tab 5mg,0206020A0AAAAAA,4,-0.008399999999999852
118,E87701,Amlodipine_Tab 5mg,0206020A0AAAAAA,4,-0.008399999999999852
218,E87637,Pregabalin_Cap 50mg,0408010AEAAABAB,3,-0.00840000000000024
384,E87665,Paracet_Tab 500mg,0407010H0AAAMAM,2,-0.011199999999999932
385,E87665,Paracet_Tab 500mg,0407010H0AAAMAM,2,-0.011199999999999932
121,E87050,Amlodipine_Tab 5mg,0206020A0AAAAAA,7,-0.014699999999999741
387,E87026,Paracet_Tab 500mg,0407010H0AAAMAM,3,-0.0167999999999999
386,E87738,Paracet_Tab 500mg,0407010H0AAAMAM,3,-0.0167999999999999
388,E87026,Paracet_Tab 500mg,0407010H0AAAMAM,3,-0.0167999999999999
389,E87738,Paracet_Tab 500mg,0407010H0AAAMAM,3,-0.0167999999999999
390,E87722,Paracet_Tab 500mg,0407010H0AAAMAM,4,-0.022399999999999864
392,E87746,Paracet_Tab 500mg,0407010H0AAAMAM,4,-0.022399999999999864
391,E87746,Paracet_Tab 500mg,0407010H0AAAMAM,4,-0.022399999999999864
393,E87003,Paracet_Tab 500mg,0407010H0AAAMAM,4,-0.022399999999999864
395,E87003,Paracet_Tab 500mg,0407010H0AAAMAM,4,-0.022399999999999864
394,E87722,Paracet_Tab 500mg,0407010H0AAAMAM,4,-0.022399999999999864
122,Y00507,Amlodipine_Tab 5mg,0206020A0AAAAAA,12,-0.025199999999999556
123,Y00200,Amlodipine_Tab 5mg,0206020A0AAAAAA,12,-0.025199999999999556
397,Y00200,Paracet_Tab 500mg,0407010H0AAAMAM,5,-0.02799999999999983
396,Y00200,Paracet_Tab 500mg,0407010H0AAAMAM,5,-0.02799999999999983
219,E87711,Pregabalin_Cap 50mg,0408010AEAAABAB,10,-0.02799999999999983
124,E87065,Amlodipine_Tab 5mg,0206020A0AAAAAA,16,-0.03359999999999941
125,E87715,Amlodipine_Tab 5mg,0206020A0AAAAAA,16,-0.03359999999999941
399,E87004,Paracet_Tab 500mg,0407010H0AAAMAM,6,-0.0335999999999998
398,E87004,Paracet_Tab 500mg,0407010H0AAAMAM,6,-0.0335999999999998
126,E87722,Amlodipine_Tab 5mg,0206020A0AAAAAA,17,-0.03569999999999937
129,E87016,Amlodipine_Tab 5mg,0206020A0AAAAAA,17,-0.03569999999999937
127,Y02842,Amlodipine_Tab 5mg,0206020A0AAAAAA,17,-0.03569999999999937
128,E87047,Amlodipine_Tab 5mg,0206020A0AAAAAA,17,-0.03569999999999937
130,E87007,Amlodipine_Tab 5mg,0206020A0AAAAAA,18,-0.037799999999999334
131,E87720,Amlodipine_Tab 5mg,0206020A0AAAAAA,18,-0.037799999999999334
401,E87733,Paracet_Tab 500mg,0407010H0AAAMAM,8,-0.04479999999999973
403,E87067,Paracet_Tab 500mg,0407010H0AAAMAM,8,-0.04479999999999973
402,E87067,Paracet_Tab 500mg,0407010H0AAAMAM,8,-0.04479999999999973
400,E87733,Paracet_Tab 500mg,0407010H0AAAMAM,8,-0.04479999999999973
405,E87013,Paracet_Tab 500mg,0407010H0AAAMAM,19,-0.04559999999999999
404,E87013,Paracet_Tab 500mg,0407010H0AAAMAM,19,-0.04559999999999999
133,Y03441,Amlodipine_Tab 5mg,0206020A0AAAAAA,25,-0.052499999999999075
132,E87750,Amlodipine_Tab 5mg,0206020A0AAAAAA,25,-0.052499999999999075
407,E87050,Paracet_Tab 500mg,0407010H0AAAMAM,10,-0.05599999999999966
406,E87050,Paracet_Tab 500mg,0407010H0AAAMAM,10,-0.05599999999999966
134,E87024,Amlodipine_Tab 5mg,0206020A0AAAAAA,28,-0.058799999999998964
135,E87009,Amlodipine_Tab 5mg,0206020A0AAAAAA,29,-0.06089999999999893
136,E87026,Amlodipine_Tab 5mg,0206020A0AAAAAA,32,-0.06719999999999882
409,E87711,Paracet_Tab 500mg,0407010H0AAAMAM,12,-0.0671999999999996
408,E87711,Paracet_Tab 500mg,0407010H0AAAMAM,12,-0.0671999999999996
137,E87682,Amlodipine_Tab 5mg,0206020A0AAAAAA,33,-0.06929999999999878
138,E87043,Amlodipine_Tab 5mg,0206020A0AAAAAA,34,-0.07139999999999874
411,E87043,Paracet_Tab 500mg,0407010H0AAAMAM,13,-0.07279999999999956
410,E87043,Paracet_Tab 500mg,0407010H0AAAMAM,13,-0.07279999999999956
413,E87720,Paracet_Tab 500mg,0407010H0AAAMAM,14,-0.07839999999999953
412,E87720,Paracet_Tab 500mg,0407010H0AAAMAM,14,-0.07839999999999953
139,E87013,Amlodipine_Tab 5mg,0206020A0AAAAAA,38,-0.0797999999999986
415,E87065,Paracet_Tab 500mg,0407010H0AAAMAM,15,-0.08399999999999949
414,E87065,Paracet_Tab 500mg,0407010H0AAAMAM,15,-0.08399999999999949
140,E87733,Amlodipine_Tab 5mg,0206020A0AAAAAA,42,-0.08819999999999845
141,E87711,Amlodipine_Tab 5mg,0206020A0AAAAAA,45,-0.09449999999999834
416,E87009,Paracet_Tab 500mg,0407010H0AAAMAM,17,-0.09519999999999942
417,E87029,Paracet_Tab 500mg,0407010H0AAAMAM,17,-0.09519999999999942
418,E87029,Paracet_Tab 500mg,0407010H0AAAMAM,17,-0.09519999999999942
419,E87009,Paracet_Tab 500mg,0407010H0AAAMAM,17,-0.09519999999999942
142,E87751,Amlodipine_Tab 5mg,0206020A0AAAAAA,46,-0.0965999999999983
143,E87762,Amlodipine_Tab 5mg,0206020A0AAAAAA,48,-0.10079999999999822
144,E87746,Amlodipine_Tab 5mg,0206020A0AAAAAA,49,-0.10289999999999819
145,E87063,Amlodipine_Tab 5mg,0206020A0AAAAAA,51,-0.10709999999999811
146,E87706,Amlodipine_Tab 5mg,0206020A0AAAAAA,53,-0.11129999999999804
147,E87067,Amlodipine_Tab 5mg,0206020A0AAAAAA,57,-0.11969999999999789
148,E87029,Amlodipine_Tab 5mg,0206020A0AAAAAA,58,-0.12179999999999785
149,E87003,Amlodipine_Tab 5mg,0206020A0AAAAAA,63,-0.13229999999999767
150,E87038,Amlodipine_Tab 5mg,0206020A0AAAAAA,70,-0.1469999999999974
421,E87706,Paracet_Tab 500mg,0407010H0AAAMAM,30,-0.16799999999999898
420,E87706,Paracet_Tab 500mg,0407010H0AAAMAM,30,-0.16799999999999898
423,Y03441,Paracet_Tab 500mg,0407010H0AAAMAM,1,-0.4351999999999999
422,Y03441,Paracet_Tab 500mg,0407010H0AAAMAM,1,-0.4351999999999999
425,E87061,Paracet_Tab 500mg,0407010H0AAAMAM,29,-0.5799999999999965
424,E87061,Paracet_Tab 500mg,0407010H0AAAMAM,29,-0.5799999999999965
427,E87742,Paracet_Tab 500mg,0407010H0AAAMAM,24,-0.7199999999999998
426,E87742,Paracet_Tab 500mg,0407010H0AAAMAM,24,-0.7199999999999998
