,practice_code,bnf_description,bnf_code,items,excess_cost
0,M84004,Amiodarone HCl_Tab 200mg,0203020D0AAABAB,15,6.300000000000006
1,M84004,Clonazepam_Tab 500mcg,0408010F0AAABAB,20,9.67279999999998
2,M84004,Pyridox HCl_Tab 50mg,0906024N0AAAIAI,1,0.9576000000000002
3,M84004,Quetiapine_Tab 300mg,0402010ABAAAKAK,5,0.02079999999999771
4,M84012,Amiodarone HCl_Tab 200mg,0203020D0AAABAB,7,2.450000000000002
5,M84012,Clonazepam_Tab 500mcg,0408010F0AAABAB,29,16.577099999999962
6,M84012,Mesalazine_Tab E/C 800mg,0105010B0AAASAS,5,28.699999999999996
7,M84012,Quetiapine_Tab 300mg,0402010ABAAAKAK,12,0.032999999999996366
8,M84016,Amiodarone HCl_Tab 200mg,0203020D0AAABAB,1,0.3500000000000003
9,M84016,Clonazepam_Tab 500mcg,0408010F0AAABAB,15,2.926699999999994
10,M84016,Quetiapine_Tab 300mg,0402010ABAAAKAK,5,0.008399999999999075
11,M84020,Amiodarone HCl_Tab 200mg,0203020D0AAABAB,4,1.7500000000000016
12,M84020,Clonazepam_Tab 500mcg,0408010F0AAABAB,13,6.120599999999987
13,M84020,Mesalazine_Tab E/C 400mg,0105010B0AAAAAA,4,121.49519999999998
14,M84020,Mesalazine_Tab E/C 800mg,0105010B0AAASAS,2,45.91999999999999
15,M84020,Quetiapine_Tab 300mg,0402010ABAAAKAK,1,0.0027999999999996916
16,M84023,Amiodarone HCl_Tab 200mg,0203020D0AAABAB,6,2.100000000000002
17,M84023,Clonazepam_Tab 500mcg,0408010F0AAABAB,20,10.316899999999979
18,M84023,Quetiapine_Tab 300mg,0402010ABAAAKAK,7,0.01679999999999815
19,M84023,Sildenafil_Tab 100mg,0704050Z0AAACAC,4,0.010000000000000009
20,M84031,Amiodarone HCl_Tab 200mg,0203020D0AAABAB,4,1.4000000000000012
21,M84031,Clonazepam_Tab 500mcg,0408010F0AAABAB,5,3.344799999999993
22,M84031,Mesalazine_Tab E/C 400mg,0105010B0AAAAAA,1,7.985599999999999
23,M84031,Mesalazine_Tab E/C 800mg,0105010B0AAASAS,8,-73.728
24,M84031,Pyridox HCl_Tab 50mg,0906024N0AAAIAI,3,1.4364000000000003
25,M84031,Quetiapine_Tab 300mg,0402010ABAAAKAK,1,0.005999999999999339
26,M84035,Amiodarone HCl_Tab 200mg,0203020D0AAABAB,5,2.450000000000002
27,M84035,Clonazepam_Tab 500mcg,0408010F0AAABAB,8,6.327999999999987
28,M84035,Pyridox HCl_Tab 50mg,0906024N0AAAIAI,2,0.9576000000000002
29,M84035,Quetiapine_Tab 300mg,0402010ABAAAKAK,4,0.0027999999999996916
30,M84046,Amiodarone HCl_Tab 200mg,0203020D0AAABAB,3,2.100000000000002
31,M84046,Clonazepam_Tab 500mcg,0408010F0AAABAB,9,8.972199999999981
32,M84046,Pyridox HCl_Tab 50mg,0906024N0AAAIAI,1,1.9152000000000005
33,M84050,Amiodarone HCl_Tab 200mg,0203020D0AAABAB,5,1.7500000000000016
34,M84050,Clonazepam_Tab 500mcg,0408010F0AAABAB,22,12.060499999999974
35,M84050,Mesalazine_Tab E/C 800mg,0105010B0AAASAS,1,17.219999999999995
36,M84050,Quetiapine_Tab 300mg,0402010ABAAAKAK,6,0.028399999999996872
37,M84065,Amiodarone HCl_Tab 200mg,0203020D0AAABAB,2,1.050000000000001
38,M84065,Clonazepam_Tab 500mcg,0408010F0AAABAB,5,2.214799999999996
39,M84065,Mesalazine_Tab E/C 800mg,0105010B0AAASAS,2,12.288
40,M84065,Pyridox HCl_Tab 50mg,0906024N0AAAIAI,3,2.3940000000000006
41,M84067,Amiodarone HCl_Tab 200mg,0203020D0AAABAB,3,1.050000000000001
42,M84067,Clonazepam_Tab 500mcg,0408010F0AAABAB,25,11.808499999999976
43,M84067,Quetiapine_Tab 300mg,0402010ABAAAKAK,2,0.005599999999999383
44,M84616,Amiodarone HCl_Tab 200mg,0203020D0AAABAB,6,2.450000000000002
45,M84616,Clonazepam_Tab 500mcg,0408010F0AAABAB,12,4.531299999999991
46,M84616,Mesalazine_Tab E/C 800mg,0105010B0AAASAS,1,-24.599999999999994
47,M86001,Amiodarone HCl_Tab 200mg,0203020D0AAABAB,2,0.7000000000000006
48,M86001,Clonazepam_Tab 500mcg,0408010F0AAABAB,8,4.74599999999999
49,M86001,Quetiapine_Tab 300mg,0402010ABAAAKAK,3,0.01479999999999837
50,M86002,Amiodarone HCl_Tab 200mg,0203020D0AAABAB,8,2.8000000000000025
51,M86002,Clonazepam_Tab 500mcg,0408010F0AAABAB,16,8.384599999999981
52,M86002,Mesalazine_Tab E/C 400mg,0105010B0AAAAAA,2,39.928
53,M86002,Quetiapine_Tab 300mg,0402010ABAAAKAK,8,0.01959999999999784
54,M86003,Amiodarone HCl_Tab 200mg,0203020D0AAABAB,8,2.8000000000000025
55,M86003,Clonazepam_Tab 500mcg,0408010F0AAABAB,17,9.672799999999981
56,M86003,Mesalazine_Tab E/C 400mg,0105010B0AAAAAA,2,39.928
57,M86003,Mesalazine_Tab E/C 800mg,0105010B0AAASAS,2,22.959999999999994
58,M86003,Quetiapine_Tab 300mg,0402010ABAAAKAK,3,0.008399999999999075
59,M86004,Amiodarone HCl_Tab 200mg,0203020D0AAABAB,6,2.8000000000000025
60,M86004,Clonazepam_Tab 500mcg,0408010F0AAABAB,28,10.384699999999977
61,M86004,Mesalazine_Tab E/C 800mg,0105010B0AAASAS,1,22.959999999999994
62,M86004,Quetiapine_Tab 300mg,0402010ABAAAKAK,2,0.005599999999999383
63,M86005,Clonazepam_Tab 500mcg,0408010F0AAABAB,6,3.0057999999999936
64,M86005,Losartan Pot/Hydchloroth_Tab 50mg/12.5mg,0205052P0AAAAAA,1,0.00210000000000006
65,M86005,Mesalazine_Tab E/C 400mg,0105010B0AAAAAA,1,15.971199999999998
66,M86005,Quetiapine_Tab 300mg,0402010ABAAAKAK,5,0.005599999999999383
67,M86006,Amiodarone HCl_Tab 200mg,0203020D0AAABAB,6,2.100000000000002
68,M86006,Clonazepam_Tab 500mcg,0408010F0AAABAB,23,10.233999999999979
69,M86006,Mesalazine_Tab E/C 400mg,0105010B0AAAAAA,1,-23.956799999999998
70,M86006,Pyridox HCl_Tab 50mg,0906024N0AAAIAI,1,0.9576000000000002
71,M86006,Quetiapine_Tab 300mg,0402010ABAAAKAK,8,0.01679999999999815
72,M86007,Amiodarone HCl_Tab 200mg,0203020D0AAABAB,1,0.3500000000000003
73,M86007,Clonazepam_Tab 500mcg,0408010F0AAABAB,10,7.593599999999984
74,M86007,Phenytoin_Sod Tab 100mg,0408010Q0AAAGAG,2,139.29719999999998
75,M86007,Quetiapine_Tab 300mg,0402010ABAAAKAK,1,0.0027999999999996916
76,M86008,Amiodarone HCl_Tab 200mg,0203020D0AAABAB,8,2.8000000000000025
77,M86008,Clonazepam_Tab 500mcg,0408010F0AAABAB,11,6.327999999999987
78,M86008,Pyridox HCl_Tab 50mg,0906024N0AAAIAI,1,0.9576000000000002
79,M86008,Quetiapine_Tab 300mg,0402010ABAAAKAK,4,0.011199999999998766
80,M86009,Amiodarone HCl_Tab 200mg,0203020D0AAABAB,3,1.050000000000001
81,M86009,Clonazepam_Tab 500mcg,0408010F0AAABAB,10,5.378799999999989
82,M86009,Quetiapine_Tab 300mg,0402010ABAAAKAK,18,0.02499999999999747
83,M86010,Amiodarone HCl_Tab 200mg,0203020D0AAABAB,3,1.050000000000001
84,M86010,Clonazepam_Tab 500mcg,0408010F0AAABAB,10,6.983399999999985
85,M86010,Pyridox HCl_Tab 50mg,0906024N0AAAIAI,2,6.224400000000001
86,M86010,Quetiapine_Tab 300mg,0402010ABAAAKAK,2,0.0027999999999996916
87,M86012,Amiodarone HCl_Tab 200mg,0203020D0AAABAB,2,0.7000000000000006
88,M86012,Clonazepam_Tab 500mcg,0408010F0AAABAB,11,4.6217999999999915
89,M86012,Mesalazine_Tab E/C 800mg,0105010B0AAASAS,2,-19.679999999999996
90,M86012,Quetiapine_Tab 300mg,0402010ABAAAKAK,4,0.013999999999998458
91,M86013,Amiodarone HCl_Tab 200mg,0203020D0AAABAB,1,0.3500000000000003
92,M86013,Clonazepam_Tab 500mcg,0408010F0AAABAB,6,2.847599999999994
93,M86013,Pyridox HCl_Tab 50mg,0906024N0AAAIAI,1,0.9576000000000002
94,M86013,Quetiapine_Tab 300mg,0402010ABAAAKAK,4,0.01079999999999881
95,M86013,Sildenafil_Tab 100mg,0704050Z0AAACAC,1,0.005599999999999772
96,M86014,Amiodarone HCl_Tab 200mg,0203020D0AAABAB,14,5.250000000000005
97,M86014,Clonazepam_Tab 500mcg,0408010F0AAABAB,23,11.333899999999977
98,M86014,Pyridox HCl_Tab 50mg,0906024N0AAAIAI,2,0.9576000000000002
99,M86014,Quetiapine_Tab 300mg,0402010ABAAAKAK,7,0.03839999999999577
100,M86015,Amiodarone HCl_Tab 200mg,0203020D0AAABAB,12,4.200000000000004
101,M86015,Clonazepam_Tab 500mcg,0408010F0AAABAB,30,15.843399999999965
102,M86015,Pyridox HCl_Tab 50mg,0906024N0AAAIAI,2,2.3940000000000006
103,M86015,Quetiapine_Tab 300mg,0402010ABAAAKAK,40,0.06840000000000046
104,M86016,Amiodarone HCl_Tab 200mg,0203020D0AAABAB,1,0.3500000000000003
105,M86016,Clonazepam_Tab 500mcg,0408010F0AAABAB,2,1.2655999999999974
106,M86016,Quetiapine_Tab 300mg,0402010ABAAAKAK,1,0.005599999999999383
107,M86017,Amiodarone HCl_Tab 200mg,0203020D0AAABAB,6,2.100000000000002
108,M86017,Clonazepam_Tab 500mcg,0408010F0AAABAB,14,10.226499999999978
109,M86017,Pyridox HCl_Tab 50mg,0906024N0AAAIAI,2,0.9576000000000002
110,M86017,Quetiapine_Tab 300mg,0402010ABAAAKAK,4,0.008399999999999075
111,M86018,Amiodarone HCl_Tab 200mg,0203020D0AAABAB,2,1.050000000000001
112,M86018,Clonazepam_Tab 500mcg,0408010F0AAABAB,15,7.919999999999982
113,M86018,Mesalazine_Tab E/C 800mg,0105010B0AAASAS,1,18.449999999999996
114,M86018,Quetiapine_Tab 300mg,0402010ABAAAKAK,3,0.008399999999999075
115,M86019,Amiodarone HCl_Tab 200mg,0203020D0AAABAB,1,0.3500000000000003
116,M86019,Clonazepam_Tab 500mcg,0408010F0AAABAB,14,4.271399999999991
117,M86019,Mesalazine_Tab E/C 800mg,0105010B0AAASAS,1,11.479999999999997
118,M86020,Amiodarone HCl_Tab 200mg,0203020D0AAABAB,3,1.050000000000001
119,M86020,Clonazepam_Tab 500mcg,0408010F0AAABAB,14,11.308999999999978
120,M86020,Mesalazine_Tab E/C 800mg,0105010B0AAASAS,1,18.449999999999996
121,M86020,Quetiapine_Tab 300mg,0402010ABAAAKAK,3,0.013999999999998458
122,M86021,Amiodarone HCl_Tab 200mg,0203020D0AAABAB,3,1.050000000000001
123,M86021,Clonazepam_Tab 500mcg,0408010F0AAABAB,14,7.078799999999985
124,M86021,Quetiapine_Tab 300mg,0402010ABAAAKAK,9,0.013999999999998458
125,M86023,Amiodarone HCl_Tab 200mg,0203020D0AAABAB,2,0.7000000000000006
126,M86023,Clonazepam_Tab 500mcg,0408010F0AAABAB,5,3.593399999999993
127,M86023,Mesalazine_Tab E/C 400mg,0105010B0AAAAAA,1,8.556
128,M86023,Mesalazine_Tab E/C 800mg,0105010B0AAASAS,5,17.220000000000024
129,M86023,Pyridox HCl_Tab 50mg,0906024N0AAAIAI,2,1.1970000000000003
130,M86027,Amiodarone HCl_Tab 200mg,0203020D0AAABAB,5,1.5792000000000013
131,M86027,Clonazepam_Tab 500mcg,0408010F0AAABAB,7,3.480399999999993
132,M86027,Pyridox HCl_Tab 50mg,0906024N0AAAIAI,1,0.9576000000000002
133,M86027,Quetiapine_Tab 300mg,0402010ABAAAKAK,1,0.0027999999999996916
134,M86028,Amiodarone HCl_Tab 200mg,0203020D0AAABAB,4,0.3388
135,M86028,Clonazepam_Tab 500mcg,0408010F0AAABAB,4,3.412599999999993
136,M86028,Quetiapine_Tab 300mg,0402010ABAAAKAK,1,0.0027999999999996916
137,M86029,Amiodarone HCl_Tab 200mg,0203020D0AAABAB,8,1.7388000000000012
138,M86029,Clonazepam_Tab 500mcg,0408010F0AAABAB,45,19.53769999999996
139,M86029,Pyridox HCl_Tab 50mg,0906024N0AAAIAI,1,0.4788000000000001
140,M86029,Quetiapine_Tab 300mg,0402010ABAAAKAK,7,0.020999999999997687
141,M86030,Amiodarone HCl_Tab 200mg,0203020D0AAABAB,2,0.7000000000000006
142,M86030,Clonazepam_Tab 500mcg,0408010F0AAABAB,15,8.294199999999982
143,M86030,Mesalazine_Tab E/C 400mg,0105010B0AAAAAA,16,-3.9871999999999996
144,M86030,Pyridox HCl_Tab 50mg,0906024N0AAAIAI,2,1.9152000000000005
145,M86030,Quetiapine_Tab 300mg,0402010ABAAAKAK,3,0.006299999999999306
146,M86032,Amiodarone HCl_Tab 200mg,0203020D0AAABAB,1,0.3500000000000003
147,M86032,Clonazepam_Tab 500mcg,0408010F0AAABAB,17,10.520299999999978
148,M86032,Pyridox HCl_Tab 50mg,0906024N0AAAIAI,2,1.4364000000000003
149,M86032,Quetiapine_Tab 300mg,0402010ABAAAKAK,7,0.024199999999997335
150,M86033,Amiodarone HCl_Tab 200mg,0203020D0AAABAB,3,1.050000000000001
151,M86033,Clonazepam_Tab 500mcg,0408010F0AAABAB,11,3.661199999999993
152,M86033,Mesalazine_Tab E/C 800mg,0105010B0AAASAS,1,36.89999999999999
153,M86033,Pyridox HCl_Tab 50mg,0906024N0AAAIAI,2,1.9152000000000005
154,M86033,Quetiapine_Tab 300mg,0402010ABAAAKAK,1,0.0027999999999996916
155,M86034,Amiodarone HCl_Tab 200mg,0203020D0AAABAB,8,3.1500000000000026
156,M86034,Clonazepam_Tab 500mcg,0408010F0AAABAB,23,11.593799999999977
157,M86034,Phenytoin_Sod Tab 100mg,0408010Q0AAAGAG,1,3.4523999999999972
158,M86034,Pyridox HCl_Tab 50mg,0906024N0AAAIAI,1,0.4788000000000001
159,M86034,Quetiapine_Tab 300mg,0402010ABAAAKAK,2,0.00879999999999903
160,M86035,Amiodarone HCl_Tab 200mg,0203020D0AAABAB,8,3.3056000000000036
161,M86035,Clonazepam_Tab 500mcg,0408010F0AAABAB,7,2.6893999999999947
162,M86035,Pyridox HCl_Tab 50mg,0906024N0AAAIAI,1,0.4788000000000001
163,M86035,Quetiapine_Tab 300mg,0402010ABAAAKAK,8,0.02279999999999749
164,M86035,Risperidone_Tab 6mg,040201030AAAFAF,1,29.2096
165,M86037,Amiodarone HCl_Tab 200mg,0203020D0AAABAB,1,0.7500000000000007
166,M86037,Clonazepam_Tab 500mcg,0408010F0AAABAB,11,4.90419999999999
167,M86037,Pyridox HCl_Tab 50mg,0906024N0AAAIAI,1,0.9576000000000002
168,M86037,Quetiapine_Tab 300mg,0402010ABAAAKAK,5,0.0034999999999996145
169,M86037,Sildenafil_Tab 100mg,0704050Z0AAACAC,4,-0.01120000000000032
170,M86038,Clonazepam_Tab 500mcg,0408010F0AAABAB,1,1.898399999999996
171,M86038,Mesalazine_Tab E/C 400mg,0105010B0AAAAAA,2,17.088
172,M86038,Sildenafil_Tab 100mg,0704050Z0AAACAC,3,0.015000000000000013
173,M86039,Amiodarone HCl_Tab 200mg,0203020D0AAABAB,4,1.4000000000000012
174,M86039,Clonazepam_Tab 500mcg,0408010F0AAABAB,5,3.1011999999999933
175,M86039,Mesalazine_Tab E/C 800mg,0105010B0AAASAS,2,-57.399999999999984
176,M86039,Quetiapine_Tab 300mg,0402010ABAAAKAK,2,0.005599999999999383
177,M86040,Clonazepam_Tab 500mcg,0408010F0AAABAB,4,1.5819999999999967
178,M86040,Mesalazine_Tab E/C 400mg,0105010B0AAAAAA,4,5.329070518200751e-15
179,M86040,Mesalazine_Tab E/C 800mg,0105010B0AAASAS,2,14.759999999999998
180,M86040,Pyridox HCl_Tab 50mg,0906024N0AAAIAI,1,0.9576000000000002
181,M86040,Quetiapine_Tab 300mg,0402010ABAAAKAK,12,0.025199999999997225
182,M86041,Amiodarone HCl_Tab 200mg,0203020D0AAABAB,2,0.7000000000000006
183,M86041,Clonazepam_Tab 500mcg,0408010F0AAABAB,23,11.650299999999975
184,M86041,Mesalazine_Tab E/C 400mg,0105010B0AAAAAA,1,-23.956799999999998
185,M86041,Mesalazine_Tab E/C 800mg,0105010B0AAASAS,2,-18.432
186,M86041,Quetiapine_Tab 300mg,0402010ABAAAKAK,8,0.016099999999998227
187,M86041,Risperidone_Tab 6mg,040201030AAAFAF,1,29.2096
188,M86044,Clonazepam_Tab 500mcg,0408010F0AAABAB,3,1.898399999999996
189,M86044,Quetiapine_Tab 300mg,0402010ABAAAKAK,3,0.005599999999999383
190,M86045,Amiodarone HCl_Tab 200mg,0203020D0AAABAB,1,0.3500000000000003
191,M86045,Clonazepam_Tab 500mcg,0408010F0AAABAB,4,3.1639999999999935
192,M86045,Losartan Pot/Hydchloroth_Tab 50mg/12.5mg,0205052P0AAAAAA,1,33.927600000000005
193,M86045,Pyridox HCl_Tab 50mg,0906024N0AAAIAI,1,1.4364000000000003
194,M86045,Quetiapine_Tab 300mg,0402010ABAAAKAK,3,0.008399999999999075
195,M86045,Sildenafil_Tab 100mg,0704050Z0AAACAC,26,21.5384
196,M86046,Amiodarone HCl_Tab 200mg,0203020D0AAABAB,6,1.1013000000000006
197,M86046,Clonazepam_Tab 500mcg,0408010F0AAABAB,2,1.2655999999999974
198,M86048,Amiodarone HCl_Tab 200mg,0203020D0AAABAB,1,0.3500000000000003
199,M86048,Clonazepam_Tab 500mcg,0408010F0AAABAB,13,9.17559999999998
200,M86048,Mesalazine_Tab E/C 400mg,0105010B0AAAAAA,1,23.956799999999998
201,M86048,Quetiapine_Tab 300mg,0402010ABAAAKAK,8,0.01889999999999792
202,M86605,Amiodarone HCl_Tab 200mg,0203020D0AAABAB,2,0.7000000000000006
203,M86605,Clonazepam_Tab 500mcg,0408010F0AAABAB,3,2.2147999999999954
204,M86605,Quetiapine_Tab 300mg,0402010ABAAAKAK,1,0.0027999999999996916
205,M86612,Mesalazine_Tab E/C 800mg,0105010B0AAASAS,1,34.43999999999999
206,M86612,Quetiapine_Tab 300mg,0402010ABAAAKAK,8,0.013299999999998535
207,M86612,Risperidone_Tab 6mg,040201030AAAFAF,1,29.2096
208,M86613,Clonazepam_Tab 500mcg,0408010F0AAABAB,2,2.847599999999994
209,M86617,Amiodarone HCl_Tab 200mg,0203020D0AAABAB,1,0.3500000000000003
210,M86617,Clonazepam_Tab 500mcg,0408010F0AAABAB,7,4.248799999999991
211,M86617,Mesalazine_Tab E/C 400mg,0105010B0AAAAAA,1,15.971199999999998
212,M86617,Mesalazine_Tab E/C 800mg,0105010B0AAASAS,1,17.219999999999995
213,M86617,Quetiapine_Tab 300mg,0402010ABAAAKAK,5,0.01959999999999784
214,M86622,Amiodarone HCl_Tab 200mg,0203020D0AAABAB,1,0.3500000000000003
215,M86622,Clonazepam_Tab 500mcg,0408010F0AAABAB,6,3.0057999999999936
216,M86622,Mesalazine_Tab E/C 400mg,0105010B0AAAAAA,1,11.978399999999999
217,M86622,Quetiapine_Tab 300mg,0402010ABAAAKAK,3,0.005599999999999383
218,M86624,Amiodarone HCl_Tab 200mg,0203020D0AAABAB,3,1.050000000000001
219,M86624,Clonazepam_Tab 500mcg,0408010F0AAABAB,4,2.057999999999997
220,M86624,Mesalazine_Tab E/C 400mg,0105010B0AAAAAA,2,36.7908
221,M86624,Mesalazine_Tab E/C 800mg,0105010B0AAASAS,1,11.479999999999997
222,M86624,Pyridox HCl_Tab 50mg,0906024N0AAAIAI,1,0.06560000000000032
223,M86624,Quetiapine_Tab 300mg,0402010ABAAAKAK,12,126.80239999999999
224,M86627,Clonazepam_Tab 500mcg,0408010F0AAABAB,1,2.531199999999995
225,M86627,Quetiapine_Tab 300mg,0402010ABAAAKAK,2,0.005599999999999383
226,M86633,Clonazepam_Tab 500mcg,0408010F0AAABAB,12,8.226399999999984
227,M86633,Mesalazine_Tab E/C 800mg,0105010B0AAASAS,1,-36.89999999999999
228,M86633,Quetiapine_Tab 300mg,0402010ABAAAKAK,7,0.030799999999996608
229,M86638,Clonazepam_Tab 500mcg,0408010F0AAABAB,13,7.277199999999985
230,M86638,Quetiapine_Tab 300mg,0402010ABAAAKAK,3,0.008399999999999075
231,Y00060,Quetiapine_Tab 300mg,0402010ABAAAKAK,5,0.011199999999998766
232,Y00140,Amiodarone HCl_Tab 200mg,0203020D0AAABAB,2,0.7000000000000006
233,Y00140,Clonazepam_Tab 500mcg,0408010F0AAABAB,2,1.2655999999999974
234,Y00140,Pyridox HCl_Tab 50mg,0906024N0AAAIAI,1,0.9576000000000002
235,Y00996,Clonazepam_Tab 500mcg,0408010F0AAABAB,1,1.898399999999996
236,Y00996,Quetiapine_Tab 300mg,0402010ABAAAKAK,2,0.005599999999999383
237,Y04947,Amiodarone HCl_Tab 200mg,0203020D0AAABAB,2,0.7000000000000006
238,Y04947,Clonazepam_Tab 500mcg,0408010F0AAABAB,3,1.5819999999999967
239,Y04947,Mesalazine_Tab E/C 800mg,0105010B0AAASAS,1,-36.89999999999999
240,Y04947,Quetiapine_Tab 300mg,0402010ABAAAKAK,2,0.011599999999998722
241,Y04949,Amiodarone HCl_Tab 200mg,0203020D0AAABAB,5,0.6888000000000003
242,Y04949,Clonazepam_Tab 500mcg,0408010F0AAABAB,8,2.2938999999999954
243,Y04949,Quetiapine_Tab 300mg,0402010ABAAAKAK,2,0.00879999999999903
244,Y04951,Amiodarone HCl_Tab 200mg,0203020D0AAABAB,1,0.3500000000000003
245,Y04951,Clonazepam_Tab 500mcg,0408010F0AAABAB,6,1.898399999999996
246,Y04951,Quetiapine_Tab 300mg,0402010ABAAAKAK,3,0.005599999999999383
247,Y04951,Sildenafil_Tab 100mg,0704050Z0AAACAC,1,0.0050000000000000044
248,Y04952,Amiodarone HCl_Tab 200mg,0203020D0AAABAB,3,1.7500000000000016
249,Y04952,Clonazepam_Tab 500mcg,0408010F0AAABAB,7,3.1639999999999935
250,Y04952,Quetiapine_Tab 300mg,0402010ABAAAKAK,3,0.013999999999998458
251,Y04965,Clonazepam_Tab 500mcg,0408010F0AAABAB,1,0.15819999999999967
252,Y04965,Quetiapine_Tab 300mg,0402010ABAAAKAK,2,0.005599999999999383
253,Y05168,Clonazepam_Tab 500mcg,0408010F0AAABAB,1,0.1367999999999996
