,practice_code,bnf_description,bnf_code,items,excess_cost
0,A83009,Atorvastatin_Tab 10mg,0212000B0AAAAAA,35,0.0735000000000004
1,A83009,Atorvastatin_Tab 20mg,0212000B0AAABAB,1,0.005300000000000152
2,A83009,Atorvastatin_Tab 80mg,0212000B0AAADAD,110,0.23310000000000666
3,A83009,Clonazepam_Tab 500mcg,0408010F0AAABAB,5,4.74599999999999
4,A83009,Lamotrigine_Tab 100mg,0408010H0AAAAAA,15,0.0027999999999981373
5,A83009,Mesalazine_Tab E/C 400mg,0105010B0AAAAAA,3,55.89919999999999
6,A83009,Paracet_Tab 500mg,0407010H0AAAMAM,22,0.05519999999999965
7,A83011,Atorvastatin_Tab 10mg,0212000B0AAAAAA,57,0.11360000000000067
8,A83011,Atorvastatin_Tab 40mg,0212000B0AAACAC,1,0.0048000000000001375
9,A83011,Atorvastatin_Tab 80mg,0212000B0AAADAD,44,0.09240000000000265
10,A83011,Clonazepam_Tab 500mcg,0408010F0AAABAB,11,4.158399999999991
11,A83011,Lamotrigine_Tab 100mg,0408010H0AAAAAA,36,0.0979999999999892
12,A83011,Nortriptyline_Tab 10mg,0403010V0AAADAD,9,0.014000000000001567
13,A83011,Paracet_Tab 500mg,0407010H0AAAMAM,250,-1.1591999999999931
14,A83014,Atorvastatin_Tab 10mg,0212000B0AAAAAA,29,0.060900000000000336
15,A83014,Atorvastatin_Tab 80mg,0212000B0AAADAD,44,0.09240000000000265
16,A83014,Clonazepam_Tab 500mcg,0408010F0AAABAB,6,2.395599999999995
17,A83014,Lamotrigine_Tab 100mg,0408010H0AAAAAA,19,0.03849999999999382
18,A83014,Mesalazine_Tab E/C 400mg,0105010B0AAAAAA,10,54.792000000000016
19,A83014,Paracet_Tab 500mg,0407010H0AAAMAM,200,-0.4317999999999974
20,A83016,Atorvastatin_Tab 10mg,0212000B0AAAAAA,78,23.412600000000005
21,A83016,Atorvastatin_Tab 20mg,0212000B0AAABAB,281,24.306000000000044
22,A83016,Atorvastatin_Tab 40mg,0212000B0AAACAC,1,0.00360000000000002
23,A83016,Atorvastatin_Tab 80mg,0212000B0AAADAD,152,0.31920000000000914
24,A83016,Clonazepam_Tab 500mcg,0408010F0AAABAB,18,4.429599999999992
25,A83016,Lamotrigine_Tab 100mg,0408010H0AAAAAA,24,0.012599999999986955
26,A83016,Nortriptyline_Tab 10mg,0403010V0AAADAD,13,68.8408
27,A83016,Paracet_Tab 500mg,0407010H0AAAMAM,1486,9.119199999999944
28,A83016,Zonisamide_Cap 100mg,0408010ADAAAAAA,4,0.02240000000000064
29,A83018,Atorvastatin_Tab 10mg,0212000B0AAAAAA,149,12.208700000000007
30,A83018,Atorvastatin_Tab 20mg,0212000B0AAABAB,248,0.6944000000000199
31,A83018,Atorvastatin_Tab 80mg,0212000B0AAADAD,300,1.2670000000000092
32,A83018,Clonazepam_Tab 500mcg,0408010F0AAABAB,33,11.706799999999976
33,A83018,Lamotrigine_Tab 100mg,0408010H0AAAAAA,51,0.10919999999998797
34,A83018,Nortriptyline_Tab 10mg,0403010V0AAADAD,13,-0.02589999999999887
35,A83018,Paracet_Tab 500mg,0407010H0AAAMAM,3434,125.3380000000004
36,A83018,Zonisamide_Cap 100mg,0408010ADAAAAAA,5,0.025200000000000722
37,A83022,Atorvastatin_Tab 10mg,0212000B0AAAAAA,100,23.331000000000003
38,A83022,Atorvastatin_Tab 20mg,0212000B0AAABAB,1,-0.002799999999999997
39,A83022,Atorvastatin_Tab 80mg,0212000B0AAADAD,170,0.3570000000000102
40,A83022,Clonazepam_Tab 500mcg,0408010F0AAABAB,47,14.65479999999997
41,A83022,Lamotrigine_Tab 100mg,0408010H0AAAAAA,57,-0.003500000000020209
42,A83022,Mesalazine_Tab E/C 400mg,0105010B0AAAAAA,15,21.725600000000018
43,A83022,Nortriptyline_Tab 10mg,0403010V0AAADAD,27,-0.06109999999999438
44,A83022,Paracet_Tab 500mg,0407010H0AAAMAM,1728,19.163600000000255
45,A83023,Atorvastatin_Tab 10mg,0212000B0AAAAAA,242,60.6394
46,A83023,Atorvastatin_Tab 20mg,0212000B0AAABAB,748,750.533
47,A83023,Atorvastatin_Tab 40mg,0212000B0AAACAC,429,89.0421
48,A83023,Atorvastatin_Tab 80mg,0212000B0AAADAD,270,2.17350000000001
49,A83023,Clonazepam_Tab 500mcg,0408010F0AAABAB,26,8.837999999999981
50,A83023,Lamotrigine_Tab 100mg,0408010H0AAAAAA,19,108.61200000000001
51,A83023,Nortriptyline_Tab 10mg,0403010V0AAADAD,2,-0.008599999999999441
52,A83023,Paracet_Tab 500mg,0407010H0AAAMAM,1868,69.3816000000004
53,A83024,Atorvastatin_Tab 10mg,0212000B0AAAAAA,25,0.05250000000000029
54,A83024,Atorvastatin_Tab 80mg,0212000B0AAADAD,45,0.0945000000000027
55,A83024,Clonazepam_Tab 500mcg,0408010F0AAABAB,9,7.367599999999985
56,A83024,Lamotrigine_Tab 100mg,0408010H0AAAAAA,26,0.01679999999999504
57,A83024,Nortriptyline_Tab 10mg,0403010V0AAADAD,9,0.023200000000001497
58,A83024,Paracet_Tab 500mg,0407010H0AAAMAM,268,-1.2963999999999922
59,A83024,Zonisamide_Cap 100mg,0408010ADAAAAAA,4,0.01120000000000032
60,A83026,Atorvastatin_Tab 10mg,0212000B0AAAAAA,26,0.061800000000000285
61,A83026,Atorvastatin_Tab 80mg,0212000B0AAADAD,65,0.1365000000000039
62,A83026,Clonazepam_Tab 500mcg,0408010F0AAABAB,13,8.542799999999982
63,A83026,Lamotrigine_Tab 100mg,0408010H0AAAAAA,11,0.01679999999999815
64,A83026,Nortriptyline_Tab 10mg,0403010V0AAADAD,7,-0.013999999999998403
65,A83026,Paracet_Tab 500mg,0407010H0AAAMAM,352,-1.1575999999999929
66,A83027,Atorvastatin_Tab 10mg,0212000B0AAAAAA,28,0.058800000000000324
67,A83027,Atorvastatin_Tab 80mg,0212000B0AAADAD,56,0.11760000000000337
68,A83027,Clonazepam_Tab 500mcg,0408010F0AAABAB,4,1.986999999999996
69,A83027,Lamotrigine_Tab 100mg,0408010H0AAAAAA,11,0.515199999999993
70,A83027,Nortriptyline_Tab 10mg,0403010V0AAADAD,6,0.008800000000001418
71,A83027,Paracet_Tab 500mg,0407010H0AAAMAM,314,21.224000000000014
72,A83027,Zonisamide_Cap 100mg,0408010ADAAAAAA,1,99.736
73,A83028,Atorvastatin_Tab 10mg,0212000B0AAAAAA,73,0.14700000000000085
74,A83028,Atorvastatin_Tab 80mg,0212000B0AAADAD,116,0.24360000000000698
75,A83028,Clonazepam_Tab 500mcg,0408010F0AAABAB,6,2.531199999999995
76,A83028,Lamotrigine_Tab 100mg,0408010H0AAAAAA,42,0.03919999999999102
77,A83028,Nortriptyline_Tab 10mg,0403010V0AAADAD,3,-0.01979999999999782
78,A83028,Paracet_Tab 500mg,0407010H0AAAMAM,86,0.24239999999999853
79,A83029,Atorvastatin_Tab 10mg,0212000B0AAAAAA,17,0.0357000000000002
80,A83029,Atorvastatin_Tab 80mg,0212000B0AAADAD,56,0.11760000000000337
81,A83029,Clonazepam_Tab 500mcg,0408010F0AAABAB,1,0.474599999999999
82,A83029,Lamotrigine_Tab 100mg,0408010H0AAAAAA,14,0.01959999999999784
83,A83029,Paracet_Tab 500mg,0407010H0AAAMAM,198,-0.7503999999999955
84,A83030,Atorvastatin_Tab 10mg,0212000B0AAAAAA,36,0.07560000000000042
85,A83030,Atorvastatin_Tab 20mg,0212000B0AAABAB,359,23.061200000000035
86,A83030,Atorvastatin_Tab 40mg,0212000B0AAACAC,217,45.94800000000001
87,A83030,Atorvastatin_Tab 80mg,0212000B0AAADAD,62,1.996400000000003
88,A83030,Clonazepam_Tab 500mcg,0408010F0AAABAB,26,9.288599999999983
89,A83030,Lamotrigine_Tab 100mg,0408010H0AAAAAA,62,0.3583999999999574
90,A83030,Nortriptyline_Tab 10mg,0403010V0AAADAD,16,-0.002299999999998553
91,A83030,Paracet_Tab 500mg,0407010H0AAAMAM,1270,53.360800000000125
92,A83033,Atorvastatin_Tab 10mg,0212000B0AAAAAA,86,45.844500000000004
93,A83033,Atorvastatin_Tab 20mg,0212000B0AAABAB,108,45.36
94,A83033,Atorvastatin_Tab 80mg,0212000B0AAADAD,99,0.20790000000000597
95,A83033,Clonazepam_Tab 500mcg,0408010F0AAABAB,1,0.31639999999999935
96,A83033,Lamotrigine_Tab 100mg,0408010H0AAAAAA,9,-0.014000000000000012
97,A83033,Nortriptyline_Tab 10mg,0403010V0AAADAD,4,-0.008399999999999075
98,A83033,Paracet_Tab 500mg,0407010H0AAAMAM,1158,72.64160000000015
99,A83036,Atorvastatin_Tab 10mg,0212000B0AAAAAA,20,0.04200000000000023
100,A83036,Atorvastatin_Tab 80mg,0212000B0AAADAD,34,0.07140000000000205
101,A83036,Clonazepam_Tab 500mcg,0408010F0AAABAB,5,2.372999999999995
102,A83036,Lamotrigine_Tab 100mg,0408010H0AAAAAA,16,0.027999999999992253
103,A83036,Mesalazine_Tab E/C 400mg,0105010B0AAAAAA,4,-39.928
104,A83036,Nortriptyline_Tab 10mg,0403010V0AAADAD,5,-0.017500000000000016
105,A83036,Paracet_Tab 500mg,0407010H0AAAMAM,266,-0.7239999999999956
106,A83038,Atorvastatin_Tab 10mg,0212000B0AAAAAA,31,0.06510000000000035
107,A83038,Atorvastatin_Tab 80mg,0212000B0AAADAD,60,49.65380000000001
108,A83038,Clonazepam_Tab 500mcg,0408010F0AAABAB,7,2.3729999999999953
109,A83038,Lamotrigine_Tab 100mg,0408010H0AAAAAA,13,0.011199999999998766
110,A83038,Nortriptyline_Tab 10mg,0403010V0AAADAD,1,36.276799999999994
111,A83038,Paracet_Tab 500mg,0407010H0AAAMAM,228,5.911600000000013
112,A83049,Atorvastatin_Tab 10mg,0212000B0AAAAAA,67,0.11110000000000075
113,A83049,Atorvastatin_Tab 80mg,0212000B0AAADAD,81,0.17010000000000486
114,A83049,Clonazepam_Tab 500mcg,0408010F0AAABAB,13,3.285799999999994
115,A83049,Lamotrigine_Tab 100mg,0408010H0AAAAAA,23,0.041999999999995374
116,A83049,Mesalazine_Tab E/C 400mg,0105010B0AAAAAA,8,8.019200000000001
117,A83049,Nortriptyline_Tab 10mg,0403010V0AAADAD,7,0.0006000000000015993
118,A83049,Paracet_Tab 500mg,0407010H0AAAMAM,420,-1.6163999999999903
119,A83050,Atorvastatin_Tab 10mg,0212000B0AAAAAA,35,0.06820000000000041
120,A83050,Atorvastatin_Tab 20mg,0212000B0AAABAB,1,-0.0029999999999998778
121,A83050,Atorvastatin_Tab 80mg,0212000B0AAADAD,91,0.18300000000000524
122,A83050,Clonazepam_Tab 500mcg,0408010F0AAABAB,20,6.788599999999987
123,A83050,Lamotrigine_Tab 100mg,0408010H0AAAAAA,17,-0.025900000000000645
124,A83050,Mesalazine_Tab E/C 400mg,0105010B0AAAAAA,6,159.4268
125,A83050,Nortriptyline_Tab 10mg,0403010V0AAADAD,9,-0.02889999999999915
126,A83050,Paracet_Tab 500mg,0407010H0AAAMAM,258,-0.9675999999999941
127,A83050,Zonisamide_Cap 100mg,0408010ADAAAAAA,1,0.008399999999999075
128,A83055,Atorvastatin_Tab 10mg,0212000B0AAAAAA,2,0.004200000000000023
129,A83055,Atorvastatin_Tab 80mg,0212000B0AAADAD,8,0.02310000000000066
130,A83055,Clonazepam_Tab 500mcg,0408010F0AAABAB,2,0.9089999999999976
131,A83055,Lamotrigine_Tab 100mg,0408010H0AAAAAA,1,0.005599999999999383
132,A83055,Mesalazine_Tab E/C 400mg,0105010B0AAAAAA,1,-47.913599999999995
133,A83055,Nortriptyline_Tab 10mg,0403010V0AAADAD,5,0.002800000000001246
134,A83055,Paracet_Tab 500mg,0407010H0AAAMAM,94,-0.34439999999999793
135,A83072,Atorvastatin_Tab 10mg,0212000B0AAAAAA,56,34.84020000000001
136,A83072,Atorvastatin_Tab 20mg,0212000B0AAABAB,190,597.0277
137,A83072,Atorvastatin_Tab 40mg,0212000B0AAACAC,133,556.3432000000001
138,A83072,Atorvastatin_Tab 80mg,0212000B0AAADAD,78,272.89220000000006
139,A83072,Clonazepam_Tab 500mcg,0408010F0AAABAB,4,0.31639999999999935
140,A83072,Lamotrigine_Tab 100mg,0408010H0AAAAAA,1,0.0
141,A83072,Nortriptyline_Tab 10mg,0403010V0AAADAD,1,-0.0029999999999996696
142,A83072,Paracet_Tab 500mg,0407010H0AAAMAM,276,50.50960000000002
143,A83073,Atorvastatin_Tab 10mg,0212000B0AAAAAA,12,11.6256
144,A83073,Atorvastatin_Tab 80mg,0212000B0AAADAD,34,0.07140000000000205
145,A83073,Clonazepam_Tab 500mcg,0408010F0AAABAB,1,0.15819999999999967
146,A83073,Lamotrigine_Tab 100mg,0408010H0AAAAAA,7,0.005599999999999383
147,A83073,Mesalazine_Tab E/C 400mg,0105010B0AAAAAA,1,-17.112
148,A83073,Nortriptyline_Tab 10mg,0403010V0AAADAD,7,-0.025399999999996453
149,A83073,Paracet_Tab 500mg,0407010H0AAAMAM,748,29.88480000000003
150,A83617,Atorvastatin_Tab 10mg,0212000B0AAAAAA,12,0.02520000000000014
151,A83617,Atorvastatin_Tab 80mg,0212000B0AAADAD,27,0.053500000000001574
152,A83617,Clonazepam_Tab 500mcg,0408010F0AAABAB,7,2.2147999999999954
153,A83617,Lamotrigine_Tab 100mg,0408010H0AAAAAA,1,0.0
154,A83617,Paracet_Tab 500mg,0407010H0AAAMAM,292,47.36000000000002
155,A83618,Atorvastatin_Tab 10mg,0212000B0AAAAAA,77,11.647300000000007
156,A83618,Atorvastatin_Tab 20mg,0212000B0AAABAB,2,0.007400000000000066
157,A83618,Atorvastatin_Tab 40mg,0212000B0AAACAC,1,0.00540000000000003
158,A83618,Atorvastatin_Tab 80mg,0212000B0AAADAD,123,3.761300000000018
159,A83618,Clonazepam_Tab 500mcg,0408010F0AAABAB,9,0.6555999999999993
160,A83618,Lamotrigine_Tab 100mg,0408010H0AAAAAA,12,0.022399999999997533
161,A83618,Mesalazine_Tab E/C 400mg,0105010B0AAAAAA,1,23.956799999999998
162,A83618,Nortriptyline_Tab 10mg,0403010V0AAADAD,3,-0.016999999999998516
163,A83618,Paracet_Tab 500mg,0407010H0AAAMAM,282,18.608000000000004
164,A83622,Atorvastatin_Tab 10mg,0212000B0AAAAAA,8,0.016800000000000093
165,A83622,Clonazepam_Tab 500mcg,0408010F0AAABAB,4,0.949199999999998
166,A83622,Lamotrigine_Tab 100mg,0408010H0AAAAAA,5,0.011199999999998766
167,A83630,Atorvastatin_Tab 80mg,0212000B0AAADAD,31,0.06510000000000186
168,A83630,Lamotrigine_Tab 100mg,0408010H0AAAAAA,10,0.027999999999996916
169,A83630,Paracet_Tab 500mg,0407010H0AAAMAM,46,-0.19039999999999885
170,A83632,Atorvastatin_Tab 10mg,0212000B0AAAAAA,12,0.02520000000000014
171,A83632,Atorvastatin_Tab 80mg,0212000B0AAADAD,3,0.0063000000000001805
172,A83632,Clonazepam_Tab 500mcg,0408010F0AAABAB,2,0.949199999999998
173,A83632,Paracet_Tab 500mg,0407010H0AAAMAM,8,0.022399999999999864
174,A83635,Atorvastatin_Tab 10mg,0212000B0AAAAAA,27,0.05670000000000031
175,A83635,Atorvastatin_Tab 80mg,0212000B0AAADAD,18,0.03780000000000108
176,A83635,Clonazepam_Tab 500mcg,0408010F0AAABAB,4,2.056599999999996
177,A83635,Lamotrigine_Tab 100mg,0408010H0AAAAAA,4,0.013999999999998458
178,A83635,Nortriptyline_Tab 10mg,0403010V0AAADAD,7,-0.0335999999999963
179,A83635,Paracet_Tab 500mg,0407010H0AAAMAM,58,-0.0999999999999994
180,A83636,Atorvastatin_Tab 10mg,0212000B0AAAAAA,2,0.004200000000000023
181,A83636,Atorvastatin_Tab 80mg,0212000B0AAADAD,92,1.7731000000000035
182,A83636,Clonazepam_Tab 500mcg,0408010F0AAABAB,5,0.6327999999999987
183,A83636,Lamotrigine_Tab 100mg,0408010H0AAAAAA,5,0.013999999999998458
184,A83636,Mesalazine_Tab E/C 400mg,0105010B0AAAAAA,1,7.985599999999999
185,A83636,Nortriptyline_Tab 10mg,0403010V0AAADAD,7,-0.036399999999997934
186,A83636,Paracet_Tab 500mg,0407010H0AAAMAM,248,12.033200000000004
187,A83637,Atorvastatin_Tab 10mg,0212000B0AAAAAA,9,0.018900000000000104
188,A83637,Atorvastatin_Tab 20mg,0212000B0AAABAB,73,180.3032
189,A83637,Atorvastatin_Tab 80mg,0212000B0AAADAD,49,24.8304
190,A83637,Clonazepam_Tab 500mcg,0408010F0AAABAB,1,0.6779999999999986
191,A83637,Lamotrigine_Tab 100mg,0408010H0AAAAAA,2,0.0
192,A83637,Paracet_Tab 500mg,0407010H0AAAMAM,8,0.0335999999999998
193,A83637,Zonisamide_Cap 100mg,0408010ADAAAAAA,4,0.02240000000000064
194,A83644,Atorvastatin_Tab 10mg,0212000B0AAAAAA,10,0.021000000000000116
195,A83644,Atorvastatin_Tab 20mg,0212000B0AAABAB,1,-0.0026999999999999837
196,A83644,Atorvastatin_Tab 80mg,0212000B0AAADAD,17,0.03570000000000102
197,A83644,Lamotrigine_Tab 100mg,0408010H0AAAAAA,6,0.0
198,A83644,Mesalazine_Tab E/C 400mg,0105010B0AAAAAA,1,11.978399999999999
199,A83644,Nortriptyline_Tab 10mg,0403010V0AAADAD,1,-0.0029999999999996696
200,A83644,Paracet_Tab 500mg,0407010H0AAAMAM,50,0.21359999999999868
201,Y00650,Atorvastatin_Tab 10mg,0212000B0AAAAAA,1,0.0021000000000000116
202,Y03385,Clonazepam_Tab 500mcg,0408010F0AAABAB,1,0.11599999999999999
203,Y04033,Paracet_Tab 500mg,0407010H0AAAMAM,6,-0.030399999999999816
204,Y05843,Nortriptyline_Tab 10mg,0403010V0AAADAD,1,0.006000000000000172
