,practice_code,bnf_description,bnf_code,items,excess_cost
451,E85745,Pramipexole_Tab 3.15mg M/R,0409010W0AAAIAI,1,319.8419999999999
452,E85127,Sildenafil_Tab 25mg,0704050Z0AAABAB,1,319.40999999999997
467,E85745,Aripiprazole_Tab 10mg,0402010ADAAAAAA,1,261.6936
0,E85745,Atorvastatin_Tab 20mg,0212000B0AAABAB,17,203.7756
1,E85745,Atorvastatin_Tab 20mg,0212000B0AAABAB,81,133.35840000000002
2,E85630,Atorvastatin_Tab 20mg,0212000B0AAABAB,33,90.18239999999999
369,E85121,Clopidogrel_Tab 75mg,0209000C0AAAAAA,20,86.688
519,E85663,Pregabalin_Cap 75mg,0408010AEAAACAC,1,85.08360000000002
606,E85745,Atorvastatin_Tab 10mg,0212000B0AAAAAA,5,69.80399999999999
3,E85054,Atorvastatin_Tab 20mg,0212000B0AAABAB,64,67.73760000000004
4,E85028,Atorvastatin_Tab 20mg,0212000B0AAABAB,27,67.5864
454,E84059,Atorvastatin_Tab 40mg,0212000B0AAACAC,21,66.8556
455,E85745,Atorvastatin_Tab 40mg,0212000B0AAACAC,12,66.7296
357,E85712,Risperidone_Tab 6mg,040201030AAAFAF,1,62.59799999999999
27,E85049,Paracet_Tab 500mg,0407010H0AAAMAM,117,60.839999999999996
28,E85049,Paracet_Tab 500mg,0407010H0AAAMAM,117,60.839999999999996
520,E85745,Pregabalin_Cap 75mg,0408010AEAAACAC,15,59.97599999999999
358,E85075,Risperidone_Tab 6mg,040201030AAAFAF,1,58.4192
359,E85129,Risperidone_Tab 6mg,040201030AAAFAF,1,58.4192
370,E85121,Clopidogrel_Tab 75mg,0209000C0AAAAAA,8,57.74720000000001
521,E85046,Pregabalin_Cap 75mg,0408010AEAAACAC,12,56.784000000000006
522,E85121,Pregabalin_Cap 75mg,0408010AEAAACAC,7,56.7224
607,E85745,Atorvastatin_Tab 10mg,0212000B0AAAAAA,14,46.4912
5,E85657,Atorvastatin_Tab 20mg,0212000B0AAABAB,58,45.147200000000005
456,E85745,Atorvastatin_Tab 40mg,0212000B0AAACAC,111,44.75519999999999
457,E85120,Atorvastatin_Tab 40mg,0212000B0AAACAC,68,44.55360000000001
6,E85643,Atorvastatin_Tab 20mg,0212000B0AAABAB,40,39.42399999999999
30,E85745,Paracet_Tab 500mg,0407010H0AAAMAM,151,36.240000000000045
29,E85745,Paracet_Tab 500mg,0407010H0AAAMAM,151,36.240000000000045
371,E85663,Clopidogrel_Tab 75mg,0209000C0AAAAAA,117,35.4627
608,E85121,Atorvastatin_Tab 10mg,0212000B0AAAAAA,17,34.843199999999996
364,E85099,Risperidone_Tab 6mg,040201030AAAFAF,4,29.232
363,E85066,Risperidone_Tab 6mg,040201030AAAFAF,4,29.232
362,E85111,Risperidone_Tab 6mg,040201030AAAFAF,4,29.232
361,E85687,Risperidone_Tab 6mg,040201030AAAFAF,4,29.232
360,E85107,Risperidone_Tab 6mg,040201030AAAFAF,4,29.232
366,E85006,Risperidone_Tab 6mg,040201030AAAFAF,1,29.2096
365,E85019,Risperidone_Tab 6mg,040201030AAAFAF,1,29.2096
609,E85053,Atorvastatin_Tab 10mg,0212000B0AAAAAA,16,23.2064
610,E85680,Atorvastatin_Tab 10mg,0212000B0AAAAAA,20,23.184000000000005
7,E85069,Atorvastatin_Tab 20mg,0212000B0AAABAB,133,22.716400000000004
8,E85745,Atorvastatin_Tab 20mg,0212000B0AAABAB,54,22.604400000000002
31,E85657,Paracet_Tab 500mg,0407010H0AAAMAM,56,22.579200000000004
32,E85657,Paracet_Tab 500mg,0407010H0AAAMAM,56,22.579200000000004
9,Y04225,Atorvastatin_Tab 20mg,0212000B0AAABAB,24,22.579200000000004
10,E85096,Atorvastatin_Tab 20mg,0212000B0AAABAB,7,22.540000000000003
11,E85745,Atorvastatin_Tab 20mg,0212000B0AAABAB,27,22.5288
458,E85096,Atorvastatin_Tab 40mg,0212000B0AAACAC,5,22.26
459,E85096,Atorvastatin_Tab 40mg,0212000B0AAACAC,119,22.241099999999996
367,E85096,Risperidone_Tab 6mg,040201030AAAFAF,3,21.924
33,E85745,Paracet_Tab 500mg,0407010H0AAAMAM,22,18.92000000000001
34,E85745,Paracet_Tab 500mg,0407010H0AAAMAM,22,18.92000000000001
372,E85026,Clopidogrel_Tab 75mg,0209000C0AAAAAA,45,17.639999999999997
373,E85643,Clopidogrel_Tab 75mg,0209000C0AAAAAA,13,17.544800000000002
374,E85109,Clopidogrel_Tab 75mg,0209000C0AAAAAA,14,17.483199999999997
375,E85050,Clopidogrel_Tab 75mg,0209000C0AAAAAA,14,17.483199999999997
376,Y02342,Clopidogrel_Tab 75mg,0209000C0AAAAAA,16,17.471999999999998
377,Y02342,Clopidogrel_Tab 75mg,0209000C0AAAAAA,46,15.488199999999999
378,E85643,Clopidogrel_Tab 75mg,0209000C0AAAAAA,15,15.3405
35,E85107,Paracet_Tab 500mg,0407010H0AAAMAM,77,13.798400000000006
36,E85107,Paracet_Tab 500mg,0407010H0AAAMAM,77,13.798400000000006
611,E85745,Atorvastatin_Tab 10mg,0212000B0AAAAAA,42,11.730599999999999
612,E85061,Atorvastatin_Tab 10mg,0212000B0AAAAAA,16,11.670399999999999
613,E85116,Atorvastatin_Tab 10mg,0212000B0AAAAAA,2,11.6368
614,E85120,Atorvastatin_Tab 10mg,0212000B0AAAAAA,8,11.625599999999999
37,E85012,Paracet_Tab 500mg,0407010H0AAAMAM,12,10.080000000000005
38,E85012,Paracet_Tab 500mg,0407010H0AAAMAM,12,10.080000000000005
39,E85061,Paracet_Tab 500mg,0407010H0AAAMAM,6,10.080000000000002
40,E85061,Paracet_Tab 500mg,0407010H0AAAMAM,6,10.080000000000002
42,E85628,Paracet_Tab 500mg,0407010H0AAAMAM,37,9.990000000000004
41,E85628,Paracet_Tab 500mg,0407010H0AAAMAM,37,9.990000000000004
379,E85050,Clopidogrel_Tab 75mg,0209000C0AAAAAA,51,8.996399999999998
380,E85046,Clopidogrel_Tab 75mg,0209000C0AAAAAA,53,8.978199999999998
368,E85026,Risperidone_Tab 6mg,040201030AAAFAF,1,7.308
44,E85054,Paracet_Tab 500mg,0407010H0AAAMAM,88,6.159999999999993
43,E85054,Paracet_Tab 500mg,0407010H0AAAMAM,88,6.159999999999993
46,E85726,Paracet_Tab 500mg,0407010H0AAAMAM,1,6.036
45,E85726,Paracet_Tab 500mg,0407010H0AAAMAM,1,6.036
47,E85012,Paracet_Tab 500mg,0407010H0AAAMAM,17,5.711999999999999
48,E85012,Paracet_Tab 500mg,0407010H0AAAMAM,17,5.711999999999999
50,E85122,Paracet_Tab 500mg,0407010H0AAAMAM,59,5.3100000000000085
49,E85122,Paracet_Tab 500mg,0407010H0AAAMAM,59,5.3100000000000085
52,E85088,Paracet_Tab 500mg,0407010H0AAAMAM,43,5.159999999999998
51,E85088,Paracet_Tab 500mg,0407010H0AAAMAM,43,5.159999999999998
54,E85026,Paracet_Tab 500mg,0407010H0AAAMAM,56,5.040000000000008
53,E85026,Paracet_Tab 500mg,0407010H0AAAMAM,56,5.040000000000008
56,E85012,Paracet_Tab 500mg,0407010H0AAAMAM,125,5.000000000000013
55,E85012,Paracet_Tab 500mg,0407010H0AAAMAM,125,5.000000000000013
57,Y04225,Paracet_Tab 500mg,0407010H0AAAMAM,70,4.899999999999995
58,Y04225,Paracet_Tab 500mg,0407010H0AAAMAM,70,4.899999999999995
59,E85051,Paracet_Tab 500mg,0407010H0AAAMAM,3,4.233600000000001
60,E85051,Paracet_Tab 500mg,0407010H0AAAMAM,3,4.233600000000001
62,E85041,Paracet_Tab 500mg,0407010H0AAAMAM,2,3.2256000000000005
61,E85041,Paracet_Tab 500mg,0407010H0AAAMAM,2,3.2256000000000005
64,E85745,Paracet_Tab 500mg,0407010H0AAAMAM,1,3.2192
63,E85745,Paracet_Tab 500mg,0407010H0AAAMAM,1,3.2192
66,E85049,Paracet_Tab 500mg,0407010H0AAAMAM,12,1.612800000000001
65,E85049,Paracet_Tab 500mg,0407010H0AAAMAM,12,1.612800000000001
67,E85107,Paracet_Tab 500mg,0407010H0AAAMAM,7,1.6128000000000005
68,E85107,Paracet_Tab 500mg,0407010H0AAAMAM,7,1.6128000000000005
69,E85051,Paracet_Tab 500mg,0407010H0AAAMAM,38,1.520000000000004
70,E85051,Paracet_Tab 500mg,0407010H0AAAMAM,38,1.520000000000004
71,E85054,Paracet_Tab 500mg,0407010H0AAAMAM,26,1.0400000000000118
72,E85054,Paracet_Tab 500mg,0407010H0AAAMAM,26,1.0400000000000118
74,E85628,Paracet_Tab 500mg,0407010H0AAAMAM,1,0.7392
73,E85628,Paracet_Tab 500mg,0407010H0AAAMAM,1,0.7392
381,E85026,Clopidogrel_Tab 75mg,0209000C0AAAAAA,144,0.7055999999999992
12,E85012,Atorvastatin_Tab 20mg,0212000B0AAABAB,227,0.6356000000000182
382,E85120,Clopidogrel_Tab 75mg,0209000C0AAAAAA,123,0.6026999999999993
383,E85034,Clopidogrel_Tab 75mg,0209000C0AAAAAA,102,0.49979999999999947
384,E85657,Clopidogrel_Tab 75mg,0209000C0AAAAAA,94,0.4605999999999995
76,E85112,Paracet_Tab 500mg,0407010H0AAAMAM,46,0.4599999999999972
75,E85112,Paracet_Tab 500mg,0407010H0AAAMAM,46,0.4599999999999972
385,E85122,Clopidogrel_Tab 75mg,0209000C0AAAAAA,91,0.4458999999999995
386,E85083,Clopidogrel_Tab 75mg,0209000C0AAAAAA,90,0.4409999999999995
387,E85049,Clopidogrel_Tab 75mg,0209000C0AAAAAA,88,0.43119999999999953
13,E85120,Atorvastatin_Tab 20mg,0212000B0AAABAB,75,0.42000000000001203
388,E85012,Clopidogrel_Tab 75mg,0209000C0AAAAAA,84,0.4115999999999995
389,E85107,Clopidogrel_Tab 75mg,0209000C0AAAAAA,83,0.40669999999999956
390,E85014,Clopidogrel_Tab 75mg,0209000C0AAAAAA,79,0.38709999999999956
391,E85006,Clopidogrel_Tab 75mg,0209000C0AAAAAA,77,0.3772999999999996
78,E85630,Paracet_Tab 500mg,0407010H0AAAMAM,1,0.3648
77,E85630,Paracet_Tab 500mg,0407010H0AAAMAM,1,0.3648
393,E85628,Clopidogrel_Tab 75mg,0209000C0AAAAAA,72,0.3527999999999996
392,E85119,Clopidogrel_Tab 75mg,0209000C0AAAAAA,72,0.3527999999999996
394,E85680,Clopidogrel_Tab 75mg,0209000C0AAAAAA,71,0.3478999999999996
396,E85088,Clopidogrel_Tab 75mg,0209000C0AAAAAA,70,0.34299999999999964
395,E85021,Clopidogrel_Tab 75mg,0209000C0AAAAAA,70,0.34299999999999964
397,Y04225,Clopidogrel_Tab 75mg,0209000C0AAAAAA,65,0.3184999999999997
398,E85121,Clopidogrel_Tab 75mg,0209000C0AAAAAA,64,0.31359999999999966
400,E85096,Clopidogrel_Tab 75mg,0209000C0AAAAAA,60,0.2939999999999997
399,E85054,Clopidogrel_Tab 75mg,0209000C0AAAAAA,60,0.2939999999999997
402,E85127,Clopidogrel_Tab 75mg,0209000C0AAAAAA,58,0.2841999999999997
401,E85103,Clopidogrel_Tab 75mg,0209000C0AAAAAA,58,0.2841999999999997
403,E85023,Clopidogrel_Tab 75mg,0209000C0AAAAAA,56,0.2743999999999997
404,E85028,Clopidogrel_Tab 75mg,0209000C0AAAAAA,52,0.2547999999999997
405,E85051,Clopidogrel_Tab 75mg,0209000C0AAAAAA,51,0.24989999999999973
406,E85061,Clopidogrel_Tab 75mg,0209000C0AAAAAA,51,0.24989999999999973
407,E85633,Clopidogrel_Tab 75mg,0209000C0AAAAAA,50,0.24499999999999972
408,E85130,Clopidogrel_Tab 75mg,0209000C0AAAAAA,48,0.23519999999999974
409,E85682,Clopidogrel_Tab 75mg,0209000C0AAAAAA,48,0.23519999999999974
410,E85090,Clopidogrel_Tab 75mg,0209000C0AAAAAA,46,0.22539999999999977
411,E85064,Clopidogrel_Tab 75mg,0209000C0AAAAAA,45,0.22049999999999975
412,E84059,Clopidogrel_Tab 75mg,0209000C0AAAAAA,44,0.21559999999999976
615,E85633,Atorvastatin_Tab 10mg,0212000B0AAAAAA,19,0.2128000000000024
413,E85745,Clopidogrel_Tab 75mg,0209000C0AAAAAA,42,0.20579999999999976
414,E85116,Clopidogrel_Tab 75mg,0209000C0AAAAAA,39,0.1910999999999998
416,E85041,Clopidogrel_Tab 75mg,0209000C0AAAAAA,36,0.1763999999999998
415,E85075,Clopidogrel_Tab 75mg,0209000C0AAAAAA,36,0.1763999999999998
417,E85057,Clopidogrel_Tab 75mg,0209000C0AAAAAA,35,0.17149999999999982
418,Y01221,Clopidogrel_Tab 75mg,0209000C0AAAAAA,34,0.1665999999999998
419,E85677,Clopidogrel_Tab 75mg,0209000C0AAAAAA,33,0.16169999999999982
420,E85656,Clopidogrel_Tab 75mg,0209000C0AAAAAA,32,0.15679999999999983
80,E85012,Paracet_Tab 500mg,0407010H0AAAMAM,1,0.15119999999999995
79,E85012,Paracet_Tab 500mg,0407010H0AAAMAM,1,0.15119999999999995
423,E85019,Clopidogrel_Tab 75mg,0209000C0AAAAAA,30,0.14699999999999985
421,E85069,Clopidogrel_Tab 75mg,0209000C0AAAAAA,30,0.14699999999999985
422,E85635,Clopidogrel_Tab 75mg,0209000C0AAAAAA,30,0.14699999999999985
424,E85099,Clopidogrel_Tab 75mg,0209000C0AAAAAA,28,0.13719999999999985
523,E85034,Pregabalin_Cap 75mg,0408010AEAAACAC,24,0.1343999999999992
425,E85109,Clopidogrel_Tab 75mg,0209000C0AAAAAA,25,0.12249999999999986
14,E85050,Atorvastatin_Tab 20mg,0212000B0AAABAB,43,0.12040000000000345
616,E85083,Atorvastatin_Tab 10mg,0212000B0AAAAAA,56,0.11760000000000065
428,E85053,Clopidogrel_Tab 75mg,0209000C0AAAAAA,24,0.11759999999999987
427,E85715,Clopidogrel_Tab 75mg,0209000C0AAAAAA,24,0.11759999999999987
426,E85630,Clopidogrel_Tab 75mg,0209000C0AAAAAA,24,0.11759999999999987
524,E85026,Pregabalin_Cap 75mg,0408010AEAAACAC,20,0.11199999999999932
617,E85663,Atorvastatin_Tab 10mg,0212000B0AAAAAA,53,0.11130000000000062
429,E85108,Clopidogrel_Tab 75mg,0209000C0AAAAAA,22,0.10779999999999988
81,E85122,Paracet_Tab 500mg,0407010H0AAAMAM,37,0.10359999999999937
82,E85122,Paracet_Tab 500mg,0407010H0AAAMAM,37,0.10359999999999937
433,E85112,Clopidogrel_Tab 75mg,0209000C0AAAAAA,21,0.10289999999999988
432,E85712,Clopidogrel_Tab 75mg,0209000C0AAAAAA,21,0.10289999999999988
431,E85111,Clopidogrel_Tab 75mg,0209000C0AAAAAA,21,0.10289999999999988
430,E85123,Clopidogrel_Tab 75mg,0209000C0AAAAAA,21,0.10289999999999988
525,E85745,Pregabalin_Cap 75mg,0408010AEAAACAC,17,0.09519999999999942
83,E85129,Paracet_Tab 500mg,0407010H0AAAMAM,17,0.09519999999999942
84,E85129,Paracet_Tab 500mg,0407010H0AAAMAM,17,0.09519999999999942
618,E85112,Atorvastatin_Tab 10mg,0212000B0AAAAAA,45,0.09450000000000053
434,E85129,Clopidogrel_Tab 75mg,0209000C0AAAAAA,19,0.0930999999999999
85,E85116,Paracet_Tab 500mg,0407010H0AAAMAM,1,0.0895999999999999
86,E85116,Paracet_Tab 500mg,0407010H0AAAMAM,1,0.0895999999999999
526,E85677,Pregabalin_Cap 75mg,0408010AEAAACAC,16,0.08959999999999946
527,E85012,Pregabalin_Cap 75mg,0408010AEAAACAC,16,0.08959999999999946
528,E85120,Pregabalin_Cap 75mg,0408010AEAAACAC,16,0.08959999999999946
87,E85021,Paracet_Tab 500mg,0407010H0AAAMAM,31,0.08679999999999947
88,E85021,Paracet_Tab 500mg,0407010H0AAAMAM,31,0.08679999999999947
619,E85026,Atorvastatin_Tab 10mg,0212000B0AAAAAA,40,0.08400000000000046
529,E85107,Pregabalin_Cap 75mg,0408010AEAAACAC,15,0.08399999999999949
530,E85088,Pregabalin_Cap 75mg,0408010AEAAACAC,15,0.08399999999999949
531,E85057,Pregabalin_Cap 75mg,0408010AEAAACAC,15,0.08399999999999949
435,E85013,Clopidogrel_Tab 75mg,0209000C0AAAAAA,16,0.07839999999999991
436,E85694,Clopidogrel_Tab 75mg,0209000C0AAAAAA,16,0.07839999999999991
532,Y01221,Pregabalin_Cap 75mg,0408010AEAAACAC,14,0.07839999999999953
620,E85049,Atorvastatin_Tab 10mg,0212000B0AAAAAA,37,0.07770000000000044
89,E84059,Paracet_Tab 500mg,0407010H0AAAMAM,18,0.07559999999999954
90,E84059,Paracet_Tab 500mg,0407010H0AAAMAM,18,0.07559999999999954
622,E85680,Atorvastatin_Tab 10mg,0212000B0AAAAAA,32,0.06720000000000037
621,E85021,Atorvastatin_Tab 10mg,0212000B0AAAAAA,32,0.06720000000000037
536,E85014,Pregabalin_Cap 75mg,0408010AEAAACAC,12,0.0671999999999996
535,E85050,Pregabalin_Cap 75mg,0408010AEAAACAC,12,0.0671999999999996
534,E85121,Pregabalin_Cap 75mg,0408010AEAAACAC,12,0.0671999999999996
533,E85049,Pregabalin_Cap 75mg,0408010AEAAACAC,12,0.0671999999999996
537,E85657,Pregabalin_Cap 75mg,0408010AEAAACAC,12,0.0671999999999996
437,E85098,Clopidogrel_Tab 75mg,0209000C0AAAAAA,13,0.06369999999999992
538,E85129,Pregabalin_Cap 75mg,0408010AEAAACAC,11,0.06159999999999963
623,E85046,Atorvastatin_Tab 10mg,0212000B0AAAAAA,29,0.060900000000000336
626,E85034,Atorvastatin_Tab 10mg,0212000B0AAAAAA,28,0.058800000000000324
625,E85628,Atorvastatin_Tab 10mg,0212000B0AAAAAA,28,0.058800000000000324
624,E85096,Atorvastatin_Tab 10mg,0212000B0AAAAAA,28,0.058800000000000324
438,E85726,Clopidogrel_Tab 75mg,0209000C0AAAAAA,12,0.058799999999999936
439,E85743,Clopidogrel_Tab 75mg,0209000C0AAAAAA,12,0.058799999999999936
628,E85088,Atorvastatin_Tab 10mg,0212000B0AAAAAA,27,0.05670000000000031
627,E85103,Atorvastatin_Tab 10mg,0212000B0AAAAAA,27,0.05670000000000031
629,E85019,Atorvastatin_Tab 10mg,0212000B0AAAAAA,25,0.05250000000000029
631,E85012,Atorvastatin_Tab 10mg,0212000B0AAAAAA,24,0.05040000000000028
630,E85677,Atorvastatin_Tab 10mg,0212000B0AAAAAA,24,0.05040000000000028
539,E85075,Pregabalin_Cap 75mg,0408010AEAAACAC,9,0.050399999999999695
632,E84059,Atorvastatin_Tab 10mg,0212000B0AAAAAA,22,0.046200000000000255
633,Y01221,Atorvastatin_Tab 10mg,0212000B0AAAAAA,22,0.046200000000000255
92,E85014,Paracet_Tab 500mg,0407010H0AAAMAM,11,0.04619999999999972
91,E85014,Paracet_Tab 500mg,0407010H0AAAMAM,11,0.04619999999999972
468,E85046,Aripiprazole_Tab 10mg,0402010ADAAAAAA,8,0.04480000000000128
469,E85050,Aripiprazole_Tab 10mg,0402010ADAAAAAA,8,0.04480000000000128
93,E85061,Paracet_Tab 500mg,0407010H0AAAMAM,16,0.04479999999999973
94,E85061,Paracet_Tab 500mg,0407010H0AAAMAM,16,0.04479999999999973
540,E85635,Pregabalin_Cap 75mg,0408010AEAAACAC,8,0.04479999999999973
542,E85663,Pregabalin_Cap 75mg,0408010AEAAACAC,8,0.04479999999999973
541,E85680,Pregabalin_Cap 75mg,0408010AEAAACAC,8,0.04479999999999973
634,E85726,Atorvastatin_Tab 10mg,0212000B0AAAAAA,21,0.04410000000000024
635,E85014,Atorvastatin_Tab 10mg,0212000B0AAAAAA,21,0.04410000000000024
636,E85122,Atorvastatin_Tab 10mg,0212000B0AAAAAA,21,0.04410000000000024
440,E85640,Clopidogrel_Tab 75mg,0209000C0AAAAAA,9,0.04409999999999995
441,E85721,Clopidogrel_Tab 75mg,0209000C0AAAAAA,9,0.04409999999999995
637,E85657,Atorvastatin_Tab 10mg,0212000B0AAAAAA,20,0.04200000000000023
638,E85013,Atorvastatin_Tab 10mg,0212000B0AAAAAA,20,0.04200000000000023
95,E85108,Paracet_Tab 500mg,0407010H0AAAMAM,10,0.041999999999999746
96,E85108,Paracet_Tab 500mg,0407010H0AAAMAM,10,0.041999999999999746
97,E85103,Paracet_Tab 500mg,0407010H0AAAMAM,7,0.041999999999999746
98,E85103,Paracet_Tab 500mg,0407010H0AAAMAM,7,0.041999999999999746
640,E85129,Atorvastatin_Tab 10mg,0212000B0AAAAAA,19,0.03990000000000022
639,E85054,Atorvastatin_Tab 10mg,0212000B0AAAAAA,19,0.03990000000000022
443,E85066,Clopidogrel_Tab 75mg,0209000C0AAAAAA,8,0.03919999999999996
442,E85617,Clopidogrel_Tab 75mg,0209000C0AAAAAA,8,0.03919999999999996
444,E85623,Clopidogrel_Tab 75mg,0209000C0AAAAAA,8,0.03919999999999996
544,E85640,Pregabalin_Cap 75mg,0408010AEAAACAC,7,0.03919999999999976
543,E85021,Pregabalin_Cap 75mg,0408010AEAAACAC,7,0.03919999999999976
99,E85657,Paracet_Tab 500mg,0407010H0AAAMAM,14,0.03919999999999976
100,E85657,Paracet_Tab 500mg,0407010H0AAAMAM,14,0.03919999999999976
641,E85090,Atorvastatin_Tab 10mg,0212000B0AAAAAA,18,0.03780000000000021
546,E85122,Pregabalin_Cap 75mg,0408010AEAAACAC,13,0.03639999999999978
545,E85023,Pregabalin_Cap 75mg,0408010AEAAACAC,13,0.03639999999999978
642,E85108,Atorvastatin_Tab 10mg,0212000B0AAAAAA,17,0.0357000000000002
644,E85712,Atorvastatin_Tab 10mg,0212000B0AAAAAA,16,0.033600000000000185
643,E85075,Atorvastatin_Tab 10mg,0212000B0AAAAAA,16,0.033600000000000185
112,E85715,Paracet_Tab 500mg,0407010H0AAAMAM,8,0.0335999999999998
105,E85098,Paracet_Tab 500mg,0407010H0AAAMAM,8,0.0335999999999998
104,E85130,Paracet_Tab 500mg,0407010H0AAAMAM,8,0.0335999999999998
103,E85090,Paracet_Tab 500mg,0407010H0AAAMAM,12,0.0335999999999998
106,E85657,Paracet_Tab 500mg,0407010H0AAAMAM,8,0.0335999999999998
551,E85121,Pregabalin_Cap 75mg,0408010AEAAACAC,12,0.0335999999999998
108,E85098,Paracet_Tab 500mg,0407010H0AAAMAM,8,0.0335999999999998
109,E85715,Paracet_Tab 500mg,0407010H0AAAMAM,8,0.0335999999999998
102,E85090,Paracet_Tab 500mg,0407010H0AAAMAM,12,0.0335999999999998
101,E85657,Paracet_Tab 500mg,0407010H0AAAMAM,8,0.0335999999999998
110,E85130,Paracet_Tab 500mg,0407010H0AAAMAM,8,0.0335999999999998
111,E85745,Paracet_Tab 500mg,0407010H0AAAMAM,12,0.0335999999999998
107,E85745,Paracet_Tab 500mg,0407010H0AAAMAM,12,0.0335999999999998
552,E85120,Pregabalin_Cap 75mg,0408010AEAAACAC,12,0.0335999999999998
550,E85051,Pregabalin_Cap 75mg,0408010AEAAACAC,6,0.0335999999999998
548,E85682,Pregabalin_Cap 75mg,0408010AEAAACAC,12,0.0335999999999998
547,E85049,Pregabalin_Cap 75mg,0408010AEAAACAC,12,0.0335999999999998
549,E85122,Pregabalin_Cap 75mg,0408010AEAAACAC,6,0.0335999999999998
113,E85090,Paracet_Tab 500mg,0407010H0AAAMAM,5,0.02999999999999982
114,E85090,Paracet_Tab 500mg,0407010H0AAAMAM,5,0.02999999999999982
647,E85107,Atorvastatin_Tab 10mg,0212000B0AAAAAA,14,0.029400000000000162
646,E85041,Atorvastatin_Tab 10mg,0212000B0AAAAAA,14,0.029400000000000162
645,E85120,Atorvastatin_Tab 10mg,0212000B0AAAAAA,14,0.029400000000000162
470,E85656,Aripiprazole_Tab 10mg,0402010ADAAAAAA,5,0.028000000000000802
557,E85119,Pregabalin_Cap 75mg,0408010AEAAACAC,5,0.02799999999999983
556,E85083,Pregabalin_Cap 75mg,0408010AEAAACAC,5,0.02799999999999983
555,E85064,Pregabalin_Cap 75mg,0408010AEAAACAC,5,0.02799999999999983
554,E85663,Pregabalin_Cap 75mg,0408010AEAAACAC,10,0.02799999999999983
553,Y02342,Pregabalin_Cap 75mg,0408010AEAAACAC,5,0.02799999999999983
558,E85021,Pregabalin_Cap 75mg,0408010AEAAACAC,10,0.02799999999999983
648,E85121,Atorvastatin_Tab 10mg,0212000B0AAAAAA,13,0.02730000000000015
649,E85743,Atorvastatin_Tab 10mg,0212000B0AAAAAA,12,0.02520000000000014
651,E85130,Atorvastatin_Tab 10mg,0212000B0AAAAAA,12,0.02520000000000014
650,E85623,Atorvastatin_Tab 10mg,0212000B0AAAAAA,12,0.02520000000000014
559,E85026,Pregabalin_Cap 75mg,0408010AEAAACAC,9,0.025199999999999848
116,E85096,Paracet_Tab 500mg,0407010H0AAAMAM,9,0.025199999999999848
117,E85028,Paracet_Tab 500mg,0407010H0AAAMAM,9,0.025199999999999848
118,E85028,Paracet_Tab 500mg,0407010H0AAAMAM,9,0.025199999999999848
115,E85096,Paracet_Tab 500mg,0407010H0AAAMAM,9,0.025199999999999848
119,E85740,Paracet_Tab 500mg,0407010H0AAAMAM,4,0.023999999999999855
120,E85740,Paracet_Tab 500mg,0407010H0AAAMAM,4,0.023999999999999855
475,E85130,Aripiprazole_Tab 10mg,0402010ADAAAAAA,4,0.02240000000000064
479,E85677,Aripiprazole_Tab 10mg,0402010ADAAAAAA,4,0.02240000000000064
478,E85129,Aripiprazole_Tab 10mg,0402010ADAAAAAA,4,0.02240000000000064
477,E85006,Aripiprazole_Tab 10mg,0402010ADAAAAAA,4,0.02240000000000064
476,E85061,Aripiprazole_Tab 10mg,0402010ADAAAAAA,4,0.02240000000000064
481,E85122,Aripiprazole_Tab 10mg,0402010ADAAAAAA,4,0.02240000000000064
474,E85657,Aripiprazole_Tab 10mg,0402010ADAAAAAA,4,0.02240000000000064
473,E85064,Aripiprazole_Tab 10mg,0402010ADAAAAAA,4,0.02240000000000064
472,E85127,Aripiprazole_Tab 10mg,0402010ADAAAAAA,4,0.02240000000000064
471,E85726,Aripiprazole_Tab 10mg,0402010ADAAAAAA,4,0.02240000000000064
482,E85075,Aripiprazole_Tab 10mg,0402010ADAAAAAA,4,0.02240000000000064
480,E85013,Aripiprazole_Tab 10mg,0402010ADAAAAAA,4,0.02240000000000064
565,E85034,Pregabalin_Cap 75mg,0408010AEAAACAC,8,0.022399999999999864
566,E85096,Pregabalin_Cap 75mg,0408010AEAAACAC,4,0.022399999999999864
571,E85116,Pregabalin_Cap 75mg,0408010AEAAACAC,4,0.022399999999999864
573,E85096,Pregabalin_Cap 75mg,0408010AEAAACAC,8,0.022399999999999864
574,E85098,Pregabalin_Cap 75mg,0408010AEAAACAC,4,0.022399999999999864
564,E85111,Pregabalin_Cap 75mg,0408010AEAAACAC,4,0.022399999999999864
570,E85743,Pregabalin_Cap 75mg,0408010AEAAACAC,4,0.022399999999999864
569,E85050,Pregabalin_Cap 75mg,0408010AEAAACAC,8,0.022399999999999864
560,Y04225,Pregabalin_Cap 75mg,0408010AEAAACAC,4,0.022399999999999864
568,E85090,Pregabalin_Cap 75mg,0408010AEAAACAC,8,0.022399999999999864
567,E85127,Pregabalin_Cap 75mg,0408010AEAAACAC,4,0.022399999999999864
126,E85130,Paracet_Tab 500mg,0407010H0AAAMAM,8,0.022399999999999864
125,E85130,Paracet_Tab 500mg,0407010H0AAAMAM,8,0.022399999999999864
124,E85034,Paracet_Tab 500mg,0407010H0AAAMAM,8,0.022399999999999864
123,E85121,Paracet_Tab 500mg,0407010H0AAAMAM,8,0.022399999999999864
122,E85034,Paracet_Tab 500mg,0407010H0AAAMAM,8,0.022399999999999864
121,E85121,Paracet_Tab 500mg,0407010H0AAAMAM,8,0.022399999999999864
563,E85013,Pregabalin_Cap 75mg,0408010AEAAACAC,4,0.022399999999999864
562,E85054,Pregabalin_Cap 75mg,0408010AEAAACAC,4,0.022399999999999864
561,E85628,Pregabalin_Cap 75mg,0408010AEAAACAC,8,0.022399999999999864
572,E85726,Pregabalin_Cap 75mg,0408010AEAAACAC,4,0.022399999999999864
652,E85098,Atorvastatin_Tab 10mg,0212000B0AAAAAA,10,0.021000000000000116
653,E85050,Atorvastatin_Tab 10mg,0212000B0AAAAAA,10,0.021000000000000116
128,E85088,Paracet_Tab 500mg,0407010H0AAAMAM,5,0.020999999999999873
127,E85088,Paracet_Tab 500mg,0407010H0AAAMAM,5,0.020999999999999873
129,E85108,Paracet_Tab 500mg,0407010H0AAAMAM,7,0.01959999999999988
130,E85108,Paracet_Tab 500mg,0407010H0AAAMAM,7,0.01959999999999988
654,E85119,Atorvastatin_Tab 10mg,0212000B0AAAAAA,9,0.018900000000000104
655,E85028,Atorvastatin_Tab 10mg,0212000B0AAAAAA,9,0.018900000000000104
15,E85049,Atorvastatin_Tab 20mg,0212000B0AAABAB,3,0.018000000000000516
134,E85121,Paracet_Tab 500mg,0407010H0AAAMAM,3,0.01799999999999989
135,E85012,Paracet_Tab 500mg,0407010H0AAAMAM,3,0.01799999999999989
136,E85012,Paracet_Tab 500mg,0407010H0AAAMAM,3,0.01799999999999989
133,E85121,Paracet_Tab 500mg,0407010H0AAAMAM,3,0.01799999999999989
131,E85745,Paracet_Tab 500mg,0407010H0AAAMAM,3,0.01799999999999989
132,E85745,Paracet_Tab 500mg,0407010H0AAAMAM,3,0.01799999999999989
460,E85663,Atorvastatin_Tab 40mg,0212000B0AAACAC,4,0.017599999999999894
665,E85046,Atorvastatin_Tab 10mg,0212000B0AAAAAA,4,0.016800000000000093
658,E85091,Atorvastatin_Tab 10mg,0212000B0AAAAAA,8,0.016800000000000093
657,E85123,Atorvastatin_Tab 10mg,0212000B0AAAAAA,8,0.016800000000000093
661,E85057,Atorvastatin_Tab 10mg,0212000B0AAAAAA,8,0.016800000000000093
664,E85069,Atorvastatin_Tab 10mg,0212000B0AAAAAA,8,0.016800000000000093
659,E85026,Atorvastatin_Tab 10mg,0212000B0AAAAAA,4,0.016800000000000093
660,E85635,Atorvastatin_Tab 10mg,0212000B0AAAAAA,8,0.016800000000000093
656,E85066,Atorvastatin_Tab 10mg,0212000B0AAAAAA,8,0.016800000000000093
662,E85640,Atorvastatin_Tab 10mg,0212000B0AAAAAA,8,0.016800000000000093
663,E85051,Atorvastatin_Tab 10mg,0212000B0AAAAAA,8,0.016800000000000093
146,E85640,Paracet_Tab 500mg,0407010H0AAAMAM,6,0.0167999999999999
145,E85745,Paracet_Tab 500mg,0407010H0AAAMAM,4,0.0167999999999999
144,E85745,Paracet_Tab 500mg,0407010H0AAAMAM,4,0.0167999999999999
143,E85099,Paracet_Tab 500mg,0407010H0AAAMAM,4,0.0167999999999999
142,E85026,Paracet_Tab 500mg,0407010H0AAAMAM,4,0.0167999999999999
141,E85099,Paracet_Tab 500mg,0407010H0AAAMAM,4,0.0167999999999999
140,E85049,Paracet_Tab 500mg,0407010H0AAAMAM,4,0.0167999999999999
139,E85012,Paracet_Tab 500mg,0407010H0AAAMAM,4,0.0167999999999999
138,E85122,Paracet_Tab 500mg,0407010H0AAAMAM,4,0.0167999999999999
137,E85026,Paracet_Tab 500mg,0407010H0AAAMAM,4,0.0167999999999999
147,E85049,Paracet_Tab 500mg,0407010H0AAAMAM,4,0.0167999999999999
148,E85712,Paracet_Tab 500mg,0407010H0AAAMAM,4,0.0167999999999999
149,E85640,Paracet_Tab 500mg,0407010H0AAAMAM,6,0.0167999999999999
151,E85122,Paracet_Tab 500mg,0407010H0AAAMAM,4,0.0167999999999999
152,E85012,Paracet_Tab 500mg,0407010H0AAAMAM,4,0.0167999999999999
150,E85712,Paracet_Tab 500mg,0407010H0AAAMAM,4,0.0167999999999999
575,E85107,Pregabalin_Cap 75mg,0408010AEAAACAC,2,0.016799999999999315
666,E85006,Atorvastatin_Tab 10mg,0212000B0AAAAAA,7,0.014700000000000081
445,E85091,Clopidogrel_Tab 75mg,0209000C0AAAAAA,3,0.014699999999999984
153,E85107,Paracet_Tab 500mg,0407010H0AAAMAM,5,0.013999999999999915
154,E85127,Paracet_Tab 500mg,0407010H0AAAMAM,5,0.013999999999999915
156,E85049,Paracet_Tab 500mg,0407010H0AAAMAM,5,0.013999999999999915
157,E85628,Paracet_Tab 500mg,0407010H0AAAMAM,5,0.013999999999999915
158,E85628,Paracet_Tab 500mg,0407010H0AAAMAM,5,0.013999999999999915
161,E85656,Paracet_Tab 500mg,0407010H0AAAMAM,5,0.013999999999999915
162,E85127,Paracet_Tab 500mg,0407010H0AAAMAM,5,0.013999999999999915
163,E85049,Paracet_Tab 500mg,0407010H0AAAMAM,5,0.013999999999999915
164,E85112,Paracet_Tab 500mg,0407010H0AAAMAM,5,0.013999999999999915
155,E85656,Paracet_Tab 500mg,0407010H0AAAMAM,5,0.013999999999999915
160,E85112,Paracet_Tab 500mg,0407010H0AAAMAM,5,0.013999999999999915
576,E85108,Pregabalin_Cap 75mg,0408010AEAAACAC,5,0.013999999999999915
159,E85107,Paracet_Tab 500mg,0407010H0AAAMAM,5,0.013999999999999915
166,E85633,Paracet_Tab 500mg,0407010H0AAAMAM,3,0.012599999999999924
165,E85633,Paracet_Tab 500mg,0407010H0AAAMAM,3,0.012599999999999924
16,E85715,Atorvastatin_Tab 20mg,0212000B0AAABAB,2,0.012000000000000344
167,E85096,Paracet_Tab 500mg,0407010H0AAAMAM,2,0.011999999999999927
178,E85120,Paracet_Tab 500mg,0407010H0AAAMAM,2,0.011999999999999927
177,E85026,Paracet_Tab 500mg,0407010H0AAAMAM,2,0.011999999999999927
176,E85656,Paracet_Tab 500mg,0407010H0AAAMAM,2,0.011999999999999927
175,E85049,Paracet_Tab 500mg,0407010H0AAAMAM,2,0.011999999999999927
174,E85096,Paracet_Tab 500mg,0407010H0AAAMAM,2,0.011999999999999927
172,E85049,Paracet_Tab 500mg,0407010H0AAAMAM,2,0.011999999999999927
171,E85656,Paracet_Tab 500mg,0407010H0AAAMAM,2,0.011999999999999927
170,E85014,Paracet_Tab 500mg,0407010H0AAAMAM,1,0.011999999999999927
169,E85014,Paracet_Tab 500mg,0407010H0AAAMAM,1,0.011999999999999927
168,E85120,Paracet_Tab 500mg,0407010H0AAAMAM,2,0.011999999999999927
173,E85026,Paracet_Tab 500mg,0407010H0AAAMAM,2,0.011999999999999927
577,E85663,Pregabalin_Cap 75mg,0408010AEAAACAC,1,0.011999999999998678
483,E85680,Aripiprazole_Tab 10mg,0402010ADAAAAAA,2,0.01120000000000032
204,E85098,Paracet_Tab 500mg,0407010H0AAAMAM,4,0.011199999999999932
201,E85715,Paracet_Tab 500mg,0407010H0AAAMAM,4,0.011199999999999932
200,E85026,Paracet_Tab 500mg,0407010H0AAAMAM,4,0.011199999999999932
199,E85617,Paracet_Tab 500mg,0407010H0AAAMAM,4,0.011199999999999932
202,E85129,Paracet_Tab 500mg,0407010H0AAAMAM,4,0.011199999999999932
198,E85057,Paracet_Tab 500mg,0407010H0AAAMAM,4,0.011199999999999932
197,E85014,Paracet_Tab 500mg,0407010H0AAAMAM,4,0.011199999999999932
196,E85745,Paracet_Tab 500mg,0407010H0AAAMAM,8,0.011199999999999932
195,E85635,Paracet_Tab 500mg,0407010H0AAAMAM,4,0.011199999999999932
203,E85129,Paracet_Tab 500mg,0407010H0AAAMAM,4,0.011199999999999932
578,E85108,Pregabalin_Cap 75mg,0408010AEAAACAC,2,0.011199999999999932
205,E85026,Paracet_Tab 500mg,0407010H0AAAMAM,4,0.011199999999999932
193,E85111,Paracet_Tab 500mg,0407010H0AAAMAM,4,0.011199999999999932
206,E85663,Paracet_Tab 500mg,0407010H0AAAMAM,4,0.011199999999999932
207,E85023,Paracet_Tab 500mg,0407010H0AAAMAM,4,0.011199999999999932
589,E85112,Pregabalin_Cap 75mg,0408010AEAAACAC,4,0.011199999999999932
209,E85014,Paracet_Tab 500mg,0407010H0AAAMAM,4,0.011199999999999932
590,E85633,Pregabalin_Cap 75mg,0408010AEAAACAC,4,0.011199999999999932
210,E85715,Paracet_Tab 500mg,0407010H0AAAMAM,4,0.011199999999999932
211,E85111,Paracet_Tab 500mg,0407010H0AAAMAM,4,0.011199999999999932
212,E85119,Paracet_Tab 500mg,0407010H0AAAMAM,4,0.011199999999999932
591,E85630,Pregabalin_Cap 75mg,0408010AEAAACAC,4,0.011199999999999932
194,E85740,Paracet_Tab 500mg,0407010H0AAAMAM,4,0.011199999999999932
185,E85119,Paracet_Tab 500mg,0407010H0AAAMAM,4,0.011199999999999932
192,E85617,Paracet_Tab 500mg,0407010H0AAAMAM,4,0.011199999999999932
179,E85726,Paracet_Tab 500mg,0407010H0AAAMAM,4,0.011199999999999932
580,E85743,Pregabalin_Cap 75mg,0408010AEAAACAC,4,0.011199999999999932
581,E85046,Pregabalin_Cap 75mg,0408010AEAAACAC,4,0.011199999999999932
582,E85617,Pregabalin_Cap 75mg,0408010AEAAACAC,4,0.011199999999999932
583,E85028,Pregabalin_Cap 75mg,0408010AEAAACAC,4,0.011199999999999932
584,E85130,Pregabalin_Cap 75mg,0408010AEAAACAC,4,0.011199999999999932
585,E85051,Pregabalin_Cap 75mg,0408010AEAAACAC,4,0.011199999999999932
586,E84059,Pregabalin_Cap 75mg,0408010AEAAACAC,4,0.011199999999999932
587,E85116,Pregabalin_Cap 75mg,0408010AEAAACAC,4,0.011199999999999932
588,E85677,Pregabalin_Cap 75mg,0408010AEAAACAC,4,0.011199999999999932
180,E85098,Paracet_Tab 500mg,0407010H0AAAMAM,4,0.011199999999999932
191,E85745,Paracet_Tab 500mg,0407010H0AAAMAM,8,0.011199999999999932
181,E85057,Paracet_Tab 500mg,0407010H0AAAMAM,4,0.011199999999999932
182,E85116,Paracet_Tab 500mg,0407010H0AAAMAM,4,0.011199999999999932
183,E85023,Paracet_Tab 500mg,0407010H0AAAMAM,4,0.011199999999999932
579,E85726,Pregabalin_Cap 75mg,0408010AEAAACAC,4,0.011199999999999932
186,E85120,Paracet_Tab 500mg,0407010H0AAAMAM,4,0.011199999999999932
187,E85740,Paracet_Tab 500mg,0407010H0AAAMAM,4,0.011199999999999932
188,E85120,Paracet_Tab 500mg,0407010H0AAAMAM,4,0.011199999999999932
189,E85635,Paracet_Tab 500mg,0407010H0AAAMAM,4,0.011199999999999932
190,E85726,Paracet_Tab 500mg,0407010H0AAAMAM,4,0.011199999999999932
184,E85663,Paracet_Tab 500mg,0407010H0AAAMAM,4,0.011199999999999932
208,E85116,Paracet_Tab 500mg,0407010H0AAAMAM,4,0.011199999999999932
484,E85108,Aripiprazole_Tab 10mg,0402010ADAAAAAA,5,0.010500000000001758
667,E85643,Atorvastatin_Tab 10mg,0212000B0AAAAAA,5,0.010500000000000058
668,E85682,Atorvastatin_Tab 10mg,0212000B0AAAAAA,5,0.010500000000000058
592,E85122,Pregabalin_Cap 75mg,0408010AEAAACAC,2,0.009599999999999942
670,E85715,Atorvastatin_Tab 10mg,0212000B0AAAAAA,4,0.008400000000000046
676,E85109,Atorvastatin_Tab 10mg,0212000B0AAAAAA,4,0.008400000000000046
675,E85633,Atorvastatin_Tab 10mg,0212000B0AAAAAA,4,0.008400000000000046
674,E85023,Atorvastatin_Tab 10mg,0212000B0AAAAAA,4,0.008400000000000046
673,E85099,Atorvastatin_Tab 10mg,0212000B0AAAAAA,4,0.008400000000000046
672,E85127,Atorvastatin_Tab 10mg,0212000B0AAAAAA,4,0.008400000000000046
671,E85694,Atorvastatin_Tab 10mg,0212000B0AAAAAA,4,0.008400000000000046
669,E85723,Atorvastatin_Tab 10mg,0212000B0AAAAAA,4,0.008400000000000046
214,E85657,Paracet_Tab 500mg,0407010H0AAAMAM,4,0.00839999999999995
215,E85064,Paracet_Tab 500mg,0407010H0AAAMAM,3,0.00839999999999995
216,E85657,Paracet_Tab 500mg,0407010H0AAAMAM,4,0.00839999999999995
213,E85064,Paracet_Tab 500mg,0407010H0AAAMAM,3,0.00839999999999995
593,E85119,Pregabalin_Cap 75mg,0408010AEAAACAC,3,0.00839999999999995
594,E85019,Pregabalin_Cap 75mg,0408010AEAAACAC,1,0.008399999999999658
217,E85116,Paracet_Tab 500mg,0407010H0AAAMAM,5,0.006999999999999958
218,E85116,Paracet_Tab 500mg,0407010H0AAAMAM,5,0.006999999999999958
677,E85064,Atorvastatin_Tab 10mg,0212000B0AAAAAA,3,0.006300000000000035
678,E85111,Atorvastatin_Tab 10mg,0212000B0AAAAAA,3,0.006300000000000035
20,E85122,Atorvastatin_Tab 20mg,0212000B0AAABAB,1,0.006000000000000172
18,E85111,Atorvastatin_Tab 20mg,0212000B0AAABAB,1,0.006000000000000172
19,E85051,Atorvastatin_Tab 20mg,0212000B0AAABAB,1,0.006000000000000172
463,E85127,Atorvastatin_Tab 40mg,0212000B0AAACAC,1,0.006000000000000172
17,E85745,Atorvastatin_Tab 20mg,0212000B0AAABAB,1,0.006000000000000172
462,E85633,Atorvastatin_Tab 40mg,0212000B0AAACAC,1,0.006000000000000172
461,E84059,Atorvastatin_Tab 40mg,0212000B0AAACAC,1,0.006000000000000172
222,E85066,Paracet_Tab 500mg,0407010H0AAAMAM,1,0.005999999999999964
236,E85122,Paracet_Tab 500mg,0407010H0AAAMAM,1,0.005999999999999964
235,Y02342,Paracet_Tab 500mg,0407010H0AAAMAM,1,0.005999999999999964
234,E85066,Paracet_Tab 500mg,0407010H0AAAMAM,1,0.005999999999999964
233,E85064,Paracet_Tab 500mg,0407010H0AAAMAM,1,0.005999999999999964
232,E85129,Paracet_Tab 500mg,0407010H0AAAMAM,1,0.005999999999999964
231,Y02342,Paracet_Tab 500mg,0407010H0AAAMAM,1,0.005999999999999964
230,E85715,Paracet_Tab 500mg,0407010H0AAAMAM,1,0.005999999999999964
220,E85116,Paracet_Tab 500mg,0407010H0AAAMAM,1,0.005999999999999964
219,E85715,Paracet_Tab 500mg,0407010H0AAAMAM,1,0.005999999999999964
223,E85129,Paracet_Tab 500mg,0407010H0AAAMAM,1,0.005999999999999964
224,E85122,Paracet_Tab 500mg,0407010H0AAAMAM,1,0.005999999999999964
225,E85054,Paracet_Tab 500mg,0407010H0AAAMAM,1,0.005999999999999964
226,E85116,Paracet_Tab 500mg,0407010H0AAAMAM,1,0.005999999999999964
227,E85054,Paracet_Tab 500mg,0407010H0AAAMAM,1,0.005999999999999964
228,E85064,Paracet_Tab 500mg,0407010H0AAAMAM,1,0.005999999999999964
229,E85050,Paracet_Tab 500mg,0407010H0AAAMAM,1,0.005999999999999964
221,E85050,Paracet_Tab 500mg,0407010H0AAAMAM,1,0.005999999999999964
595,E85119,Pregabalin_Cap 75mg,0408010AEAAACAC,1,0.005999999999999339
453,E84059,Sildenafil_Tab 25mg,0704050Z0AAABAB,1,0.005999999999999339
487,E85053,Aripiprazole_Tab 10mg,0402010ADAAAAAA,1,0.00560000000000016
486,Y04225,Aripiprazole_Tab 10mg,0402010ADAAAAAA,1,0.00560000000000016
485,E85120,Aripiprazole_Tab 10mg,0402010ADAAAAAA,1,0.00560000000000016
246,E85046,Paracet_Tab 500mg,0407010H0AAAMAM,1,0.005599999999999966
243,Y02342,Paracet_Tab 500mg,0407010H0AAAMAM,2,0.005599999999999966
244,E85050,Paracet_Tab 500mg,0407010H0AAAMAM,4,0.005599999999999966
245,E85682,Paracet_Tab 500mg,0407010H0AAAMAM,4,0.005599999999999966
249,E85111,Paracet_Tab 500mg,0407010H0AAAMAM,1,0.005599999999999966
247,E85682,Paracet_Tab 500mg,0407010H0AAAMAM,4,0.005599999999999966
248,E85122,Paracet_Tab 500mg,0407010H0AAAMAM,4,0.005599999999999966
596,E85006,Pregabalin_Cap 75mg,0408010AEAAACAC,1,0.005599999999999966
251,E85130,Paracet_Tab 500mg,0407010H0AAAMAM,4,0.005599999999999966
252,E85064,Paracet_Tab 500mg,0407010H0AAAMAM,4,0.005599999999999966
253,E85049,Paracet_Tab 500mg,0407010H0AAAMAM,1,0.005599999999999966
254,E85111,Paracet_Tab 500mg,0407010H0AAAMAM,1,0.005599999999999966
255,E85046,Paracet_Tab 500mg,0407010H0AAAMAM,1,0.005599999999999966
256,E85064,Paracet_Tab 500mg,0407010H0AAAMAM,4,0.005599999999999966
241,E85049,Paracet_Tab 500mg,0407010H0AAAMAM,1,0.005599999999999966
597,Y05370,Pregabalin_Cap 75mg,0408010AEAAACAC,1,0.005599999999999966
242,E85130,Paracet_Tab 500mg,0407010H0AAAMAM,4,0.005599999999999966
250,E85127,Paracet_Tab 500mg,0407010H0AAAMAM,4,0.005599999999999966
240,E85122,Paracet_Tab 500mg,0407010H0AAAMAM,4,0.005599999999999966
238,E85050,Paracet_Tab 500mg,0407010H0AAAMAM,4,0.005599999999999966
237,Y02342,Paracet_Tab 500mg,0407010H0AAAMAM,2,0.005599999999999966
239,E85127,Paracet_Tab 500mg,0407010H0AAAMAM,4,0.005599999999999966
464,E85051,Atorvastatin_Tab 40mg,0212000B0AAACAC,1,0.005400000000000155
447,E85714,Clopidogrel_Tab 75mg,0209000C0AAAAAA,1,0.004899999999999995
446,E85723,Clopidogrel_Tab 75mg,0209000C0AAAAAA,1,0.004899999999999995
598,E85034,Pregabalin_Cap 75mg,0408010AEAAACAC,1,0.004799999999999971
21,Y02342,Atorvastatin_Tab 20mg,0212000B0AAABAB,1,0.004600000000000132
682,E85740,Atorvastatin_Tab 10mg,0212000B0AAAAAA,1,0.004200000000000023
680,E84059,Atorvastatin_Tab 10mg,0212000B0AAAAAA,1,0.004200000000000023
681,E85034,Atorvastatin_Tab 10mg,0212000B0AAAAAA,1,0.004200000000000023
679,Y04225,Atorvastatin_Tab 10mg,0212000B0AAAAAA,2,0.004200000000000023
683,E85019,Atorvastatin_Tab 10mg,0212000B0AAAAAA,1,0.004199999999999975
22,E85617,Atorvastatin_Tab 20mg,0212000B0AAABAB,1,0.0030000000000000165
261,E85628,Paracet_Tab 500mg,0407010H0AAAMAM,1,0.002999999999999982
264,E85628,Paracet_Tab 500mg,0407010H0AAAMAM,1,0.002999999999999982
263,E85026,Paracet_Tab 500mg,0407010H0AAAMAM,1,0.002999999999999982
262,E85026,Paracet_Tab 500mg,0407010H0AAAMAM,1,0.002999999999999982
260,E85057,Paracet_Tab 500mg,0407010H0AAAMAM,1,0.002999999999999982
258,E85090,Paracet_Tab 500mg,0407010H0AAAMAM,1,0.002999999999999982
257,E85057,Paracet_Tab 500mg,0407010H0AAAMAM,1,0.002999999999999982
259,E85090,Paracet_Tab 500mg,0407010H0AAAMAM,1,0.002999999999999982
448,E85120,Clopidogrel_Tab 75mg,0209000C0AAAAAA,1,0.002999999999999947
266,Y02869,Paracet_Tab 500mg,0407010H0AAAMAM,1,0.002799999999999983
267,E85012,Paracet_Tab 500mg,0407010H0AAAMAM,1,0.002799999999999983
268,Y04225,Paracet_Tab 500mg,0407010H0AAAMAM,1,0.002799999999999983
269,Y02869,Paracet_Tab 500mg,0407010H0AAAMAM,1,0.002799999999999983
270,E85012,Paracet_Tab 500mg,0407010H0AAAMAM,1,0.002799999999999983
265,Y04225,Paracet_Tab 500mg,0407010H0AAAMAM,1,0.002799999999999983
271,E85090,Paracet_Tab 500mg,0407010H0AAAMAM,1,0.002400000000000027
272,E85090,Paracet_Tab 500mg,0407010H0AAAMAM,1,0.002400000000000027
686,Y05370,Atorvastatin_Tab 10mg,0212000B0AAAAAA,1,0.0021000000000000116
684,E85053,Atorvastatin_Tab 10mg,0212000B0AAAAAA,1,0.0021000000000000116
685,Y02342,Atorvastatin_Tab 10mg,0212000B0AAAAAA,1,0.0021000000000000116
275,E85019,Paracet_Tab 500mg,0407010H0AAAMAM,1,0.0013999999999999915
274,E85019,Paracet_Tab 500mg,0407010H0AAAMAM,1,0.0013999999999999915
273,E85109,Paracet_Tab 500mg,0407010H0AAAMAM,1,0.0013999999999999915
276,E85109,Paracet_Tab 500mg,0407010H0AAAMAM,1,0.0013999999999999915
465,Y04225,Atorvastatin_Tab 40mg,0212000B0AAACAC,1,-0.0013999999999999985
449,E85026,Clopidogrel_Tab 75mg,0209000C0AAAAAA,1,-0.0016000000000000458
490,E85023,Aripiprazole_Tab 10mg,0402010ADAAAAAA,1,-0.002099999999999963
489,E85054,Aripiprazole_Tab 10mg,0402010ADAAAAAA,1,-0.002099999999999963
488,E85715,Aripiprazole_Tab 10mg,0402010ADAAAAAA,1,-0.002099999999999963
450,E85120,Clopidogrel_Tab 75mg,0209000C0AAAAAA,1,-0.002799999999999997
466,E85103,Atorvastatin_Tab 40mg,0212000B0AAACAC,1,-0.0029999999999998778
24,E85034,Atorvastatin_Tab 20mg,0212000B0AAABAB,1,-0.0029999999999998778
23,E85687,Atorvastatin_Tab 20mg,0212000B0AAABAB,1,-0.0029999999999998778
280,E85026,Paracet_Tab 500mg,0407010H0AAAMAM,1,-0.003999999999999976
279,E85019,Paracet_Tab 500mg,0407010H0AAAMAM,1,-0.003999999999999976
278,E85019,Paracet_Tab 500mg,0407010H0AAAMAM,1,-0.003999999999999976
277,E85026,Paracet_Tab 500mg,0407010H0AAAMAM,1,-0.003999999999999976
687,E85026,Atorvastatin_Tab 10mg,0212000B0AAAAAA,1,-0.004199999999999975
25,E85046,Atorvastatin_Tab 20mg,0212000B0AAABAB,1,-0.004199999999999995
491,E85680,Aripiprazole_Tab 10mg,0402010ADAAAAAA,3,-0.004799999999999471
282,E85635,Paracet_Tab 500mg,0407010H0AAAMAM,1,-0.004799999999999999
281,E85635,Paracet_Tab 500mg,0407010H0AAAMAM,1,-0.004799999999999999
284,E85091,Paracet_Tab 500mg,0407010H0AAAMAM,1,-0.005599999999999966
283,E85091,Paracet_Tab 500mg,0407010H0AAAMAM,1,-0.005599999999999966
26,E85121,Atorvastatin_Tab 20mg,0212000B0AAABAB,2,-0.0059999999999997555
688,E85051,Atorvastatin_Tab 10mg,0212000B0AAAAAA,1,-0.005999999999999964
492,E85012,Aripiprazole_Tab 10mg,0402010ADAAAAAA,3,-0.006299999999999889
599,E85122,Pregabalin_Cap 75mg,0408010AEAAACAC,2,-0.006400000000000183
493,E85635,Aripiprazole_Tab 10mg,0402010ADAAAAAA,4,-0.008399999999999852
509,E85107,Aripiprazole_Tab 10mg,0402010ADAAAAAA,4,-0.008399999999999852
495,E85120,Aripiprazole_Tab 10mg,0402010ADAAAAAA,4,-0.008399999999999852
494,E85628,Aripiprazole_Tab 10mg,0402010ADAAAAAA,4,-0.008399999999999852
502,E85108,Aripiprazole_Tab 10mg,0402010ADAAAAAA,4,-0.008399999999999852
508,E85119,Aripiprazole_Tab 10mg,0402010ADAAAAAA,4,-0.008399999999999852
498,E85075,Aripiprazole_Tab 10mg,0402010ADAAAAAA,4,-0.008399999999999852
497,E85013,Aripiprazole_Tab 10mg,0402010ADAAAAAA,4,-0.008399999999999852
499,E85006,Aripiprazole_Tab 10mg,0402010ADAAAAAA,4,-0.008399999999999852
507,E85034,Aripiprazole_Tab 10mg,0402010ADAAAAAA,4,-0.008399999999999852
501,E85630,Aripiprazole_Tab 10mg,0402010ADAAAAAA,4,-0.008399999999999852
500,E85088,Aripiprazole_Tab 10mg,0402010ADAAAAAA,4,-0.008399999999999852
503,E85682,Aripiprazole_Tab 10mg,0402010ADAAAAAA,4,-0.008399999999999852
504,E85051,Aripiprazole_Tab 10mg,0402010ADAAAAAA,4,-0.008399999999999852
505,E85127,Aripiprazole_Tab 10mg,0402010ADAAAAAA,4,-0.008399999999999852
496,E85064,Aripiprazole_Tab 10mg,0402010ADAAAAAA,4,-0.008399999999999852
506,E85057,Aripiprazole_Tab 10mg,0402010ADAAAAAA,4,-0.008399999999999852
600,E85119,Pregabalin_Cap 75mg,0408010AEAAACAC,4,-0.00840000000000024
601,E85120,Pregabalin_Cap 75mg,0408010AEAAACAC,4,-0.00840000000000024
602,E85046,Pregabalin_Cap 75mg,0408010AEAAACAC,4,-0.00840000000000024
603,E85726,Pregabalin_Cap 75mg,0408010AEAAACAC,4,-0.00840000000000024
604,E85657,Pregabalin_Cap 75mg,0408010AEAAACAC,4,-0.00840000000000024
605,E85026,Pregabalin_Cap 75mg,0408010AEAAACAC,4,-0.00840000000000024
689,E85028,Atorvastatin_Tab 10mg,0212000B0AAAAAA,1,-0.008999999999999946
690,E85061,Atorvastatin_Tab 10mg,0212000B0AAAAAA,1,-0.008999999999999946
511,Y02342,Aripiprazole_Tab 10mg,0402010ADAAAAAA,5,-0.010499999999999815
510,E85111,Aripiprazole_Tab 10mg,0402010ADAAAAAA,5,-0.010499999999999815
289,E85053,Paracet_Tab 500mg,0407010H0AAAMAM,2,-0.011199999999999932
285,E85053,Paracet_Tab 500mg,0407010H0AAAMAM,2,-0.011199999999999932
292,E85643,Paracet_Tab 500mg,0407010H0AAAMAM,2,-0.011199999999999932
291,E85051,Paracet_Tab 500mg,0407010H0AAAMAM,2,-0.011199999999999932
290,E85643,Paracet_Tab 500mg,0407010H0AAAMAM,2,-0.011199999999999932
288,E85051,Paracet_Tab 500mg,0407010H0AAAMAM,2,-0.011199999999999932
287,Y04225,Paracet_Tab 500mg,0407010H0AAAMAM,2,-0.011199999999999932
286,Y04225,Paracet_Tab 500mg,0407010H0AAAMAM,2,-0.011199999999999932
512,E85014,Aripiprazole_Tab 10mg,0402010ADAAAAAA,6,-0.012599999999999778
513,E85633,Aripiprazole_Tab 10mg,0402010ADAAAAAA,7,-0.014699999999999741
514,E85050,Aripiprazole_Tab 10mg,0402010ADAAAAAA,8,-0.016799999999999704
515,E85049,Aripiprazole_Tab 10mg,0402010ADAAAAAA,8,-0.016799999999999704
293,E85019,Paracet_Tab 500mg,0407010H0AAAMAM,3,-0.0167999999999999
294,E85019,Paracet_Tab 500mg,0407010H0AAAMAM,3,-0.0167999999999999
309,E85050,Paracet_Tab 500mg,0407010H0AAAMAM,4,-0.022399999999999864
306,E85057,Paracet_Tab 500mg,0407010H0AAAMAM,4,-0.022399999999999864
305,E85050,Paracet_Tab 500mg,0407010H0AAAMAM,4,-0.022399999999999864
307,E85633,Paracet_Tab 500mg,0407010H0AAAMAM,4,-0.022399999999999864
308,E85633,Paracet_Tab 500mg,0407010H0AAAMAM,4,-0.022399999999999864
299,E85066,Paracet_Tab 500mg,0407010H0AAAMAM,4,-0.022399999999999864
310,E85121,Paracet_Tab 500mg,0407010H0AAAMAM,4,-0.022399999999999864
311,E85066,Paracet_Tab 500mg,0407010H0AAAMAM,4,-0.022399999999999864
303,E85054,Paracet_Tab 500mg,0407010H0AAAMAM,4,-0.022399999999999864
312,Y02342,Paracet_Tab 500mg,0407010H0AAAMAM,4,-0.022399999999999864
304,E85121,Paracet_Tab 500mg,0407010H0AAAMAM,4,-0.022399999999999864
295,E85682,Paracet_Tab 500mg,0407010H0AAAMAM,4,-0.022399999999999864
302,E85682,Paracet_Tab 500mg,0407010H0AAAMAM,4,-0.022399999999999864
301,Y02342,Paracet_Tab 500mg,0407010H0AAAMAM,4,-0.022399999999999864
300,E85057,Paracet_Tab 500mg,0407010H0AAAMAM,4,-0.022399999999999864
298,E85630,Paracet_Tab 500mg,0407010H0AAAMAM,4,-0.022399999999999864
297,E85630,Paracet_Tab 500mg,0407010H0AAAMAM,4,-0.022399999999999864
296,E85054,Paracet_Tab 500mg,0407010H0AAAMAM,4,-0.022399999999999864
516,E85096,Aripiprazole_Tab 10mg,0402010ADAAAAAA,12,-0.025199999999999556
517,E85099,Aripiprazole_Tab 10mg,0402010ADAAAAAA,14,-0.029399999999999482
316,E85012,Paracet_Tab 500mg,0407010H0AAAMAM,7,-0.03919999999999976
315,E85640,Paracet_Tab 500mg,0407010H0AAAMAM,7,-0.03919999999999976
318,E85012,Paracet_Tab 500mg,0407010H0AAAMAM,7,-0.03919999999999976
314,E85640,Paracet_Tab 500mg,0407010H0AAAMAM,7,-0.03919999999999976
313,E85109,Paracet_Tab 500mg,0407010H0AAAMAM,7,-0.03919999999999976
317,E85109,Paracet_Tab 500mg,0407010H0AAAMAM,7,-0.03919999999999976
320,E85712,Paracet_Tab 500mg,0407010H0AAAMAM,8,-0.04479999999999973
319,E85712,Paracet_Tab 500mg,0407010H0AAAMAM,8,-0.04479999999999973
322,E85108,Paracet_Tab 500mg,0407010H0AAAMAM,10,-0.05599999999999966
321,E85108,Paracet_Tab 500mg,0407010H0AAAMAM,10,-0.05599999999999966
518,E85122,Aripiprazole_Tab 10mg,0402010ADAAAAAA,28,-0.058799999999998964
324,E85088,Paracet_Tab 500mg,0407010H0AAAMAM,11,-0.06159999999999963
323,E85088,Paracet_Tab 500mg,0407010H0AAAMAM,11,-0.06159999999999963
326,E85021,Paracet_Tab 500mg,0407010H0AAAMAM,11,-0.06159999999999963
325,E85021,Paracet_Tab 500mg,0407010H0AAAMAM,11,-0.06159999999999963
327,E85061,Paracet_Tab 500mg,0407010H0AAAMAM,12,-0.0671999999999996
328,E85694,Paracet_Tab 500mg,0407010H0AAAMAM,12,-0.0671999999999996
329,E85694,Paracet_Tab 500mg,0407010H0AAAMAM,12,-0.0671999999999996
330,E85061,Paracet_Tab 500mg,0407010H0AAAMAM,12,-0.0671999999999996
331,E85726,Paracet_Tab 500mg,0407010H0AAAMAM,13,-0.07279999999999956
333,E85119,Paracet_Tab 500mg,0407010H0AAAMAM,13,-0.07279999999999956
334,E85635,Paracet_Tab 500mg,0407010H0AAAMAM,13,-0.07279999999999956
335,E85119,Paracet_Tab 500mg,0407010H0AAAMAM,13,-0.07279999999999956
336,E85635,Paracet_Tab 500mg,0407010H0AAAMAM,13,-0.07279999999999956
332,E85726,Paracet_Tab 500mg,0407010H0AAAMAM,13,-0.07279999999999956
337,E85745,Paracet_Tab 500mg,0407010H0AAAMAM,15,-0.08399999999999949
338,E85745,Paracet_Tab 500mg,0407010H0AAAMAM,15,-0.08399999999999949
341,E85014,Paracet_Tab 500mg,0407010H0AAAMAM,16,-0.08959999999999946
342,E85096,Paracet_Tab 500mg,0407010H0AAAMAM,16,-0.08959999999999946
340,E85014,Paracet_Tab 500mg,0407010H0AAAMAM,16,-0.08959999999999946
339,E85096,Paracet_Tab 500mg,0407010H0AAAMAM,16,-0.08959999999999946
343,E85127,Paracet_Tab 500mg,0407010H0AAAMAM,17,-0.09519999999999942
344,E85127,Paracet_Tab 500mg,0407010H0AAAMAM,17,-0.09519999999999942
346,E85112,Paracet_Tab 500mg,0407010H0AAAMAM,22,-0.12319999999999925
345,E85112,Paracet_Tab 500mg,0407010H0AAAMAM,22,-0.12319999999999925
347,E85026,Paracet_Tab 500mg,0407010H0AAAMAM,29,-0.16239999999999902
348,E85026,Paracet_Tab 500mg,0407010H0AAAMAM,29,-0.16239999999999902
349,E85628,Paracet_Tab 500mg,0407010H0AAAMAM,32,-0.17919999999999892
350,E85628,Paracet_Tab 500mg,0407010H0AAAMAM,32,-0.17919999999999892
351,E85630,Paracet_Tab 500mg,0407010H0AAAMAM,8,-0.6399999999999989
352,E85630,Paracet_Tab 500mg,0407010H0AAAMAM,8,-0.6399999999999989
353,E85061,Paracet_Tab 500mg,0407010H0AAAMAM,38,-0.7599999999999953
354,E85061,Paracet_Tab 500mg,0407010H0AAAMAM,38,-0.7599999999999953
355,E85050,Paracet_Tab 500mg,0407010H0AAAMAM,7,-1.2599999999999996
356,E85050,Paracet_Tab 500mg,0407010H0AAAMAM,7,-1.2599999999999996
