,practice_code,bnf_description,bnf_code,items,excess_cost
17,B82078,Atorvastatin_Tab 20mg,0212000B0AAABAB,415,203.35000000000002
163,B82029,Letrozole_Tab 2.5mg,0803041L0AAAAAA,7,195.72560000000001
0,B82086,Simvastatin_Tab 40mg,0212000Y0AAADAD,35,176.69400000000002
180,B82050,Pregabalin_Cap 100mg,0408010AEAAADAD,1,170.7048
160,B82062,Ropinirole HCl_Tab 250mcg,0409010H0AAAAAA,2,134.64
1,B82042,Simvastatin_Tab 40mg,0212000Y0AAADAD,153,90.8208
161,B82042,Ropinirole HCl_Tab 250mcg,0409010H0AAAAAA,1,67.32000000000001
27,B82017,Sumatriptan_Tab 50mg,0407041T0AAAFAF,15,64.854
198,B82034,Memantine HCl_Tab 20mg,0411000G0AAADAD,8,63.9072
197,B82075,Memantine HCl_Tab 20mg,0411000G0AAADAD,12,63.9072
184,B82017,Losartan Pot_Tab 25mg,0205052N0AAAAAA,72,62.092800000000004
185,B82042,Losartan Pot_Tab 25mg,0205052N0AAAAAA,16,62.09279999999999
28,B82042,Sumatriptan_Tab 50mg,0407041T0AAAFAF,13,51.88559999999999
2,B82062,Simvastatin_Tab 40mg,0212000Y0AAADAD,71,49.50119999999999
169,B82017,Isosorbide Mononit_Tab 10mg,0206010K0AAABAB,3,47.6448
170,B82049,Isosorbide Mononit_Tab 10mg,0206010K0AAABAB,4,47.6224
171,B82017,Isosorbide Mononit_Tab 10mg,0206010K0AAABAB,58,47.42080000000001
18,B82022,Atorvastatin_Tab 20mg,0212000B0AAABAB,150,45.360000000000014
19,B82017,Atorvastatin_Tab 20mg,0212000B0AAABAB,672,45.158399999999986
29,B82046,Sumatriptan_Tab 50mg,0407041T0AAAFAF,5,40.46999999999999
78,B82075,Paracet_Tab 500mg,0407010H0AAAMAM,57,33.19680000000002
79,B82075,Paracet_Tab 500mg,0407010H0AAAMAM,57,33.19680000000002
199,B82022,Memantine HCl_Tab 20mg,0411000G0AAADAD,2,31.949400000000004
186,B82049,Losartan Pot_Tab 25mg,0205052N0AAAAAA,17,30.94
3,B82049,Simvastatin_Tab 40mg,0212000Y0AAADAD,138,30.912000000000013
30,B82017,Sumatriptan_Tab 50mg,0407041T0AAAFAF,10,25.943999999999996
31,B82049,Sumatriptan_Tab 50mg,0407041T0AAAFAF,3,25.9416
32,B82086,Sumatriptan_Tab 50mg,0407041T0AAAFAF,2,25.941599999999994
33,B82086,Sumatriptan_Tab 50mg,0407041T0AAAFAF,5,25.941000000000003
34,B82042,Sumatriptan_Tab 50mg,0407041T0AAAFAF,1,25.940400000000004
80,B82050,Paracet_Tab 500mg,0407010H0AAAMAM,349,24.429999999999975
81,B82050,Paracet_Tab 500mg,0407010H0AAAMAM,349,24.429999999999975
172,B82023,Isosorbide Mononit_Tab 10mg,0206010K0AAABAB,6,23.8224
173,B82062,Isosorbide Mononit_Tab 10mg,0206010K0AAABAB,7,23.7944
20,B82050,Atorvastatin_Tab 20mg,0212000B0AAABAB,756,23.28480000000008
21,B82104,Atorvastatin_Tab 20mg,0212000B0AAABAB,151,22.83120000000001
187,B82050,Losartan Pot_Tab 25mg,0205052N0AAAAAA,84,13.641599999999999
35,B82049,Sumatriptan_Tab 50mg,0407041T0AAAFAF,12,12.974399999999994
4,B82017,Simvastatin_Tab 40mg,0212000Y0AAADAD,203,11.936400000000006
83,B82075,Paracet_Tab 500mg,0407010H0AAAMAM,169,11.829999999999988
82,B82075,Paracet_Tab 500mg,0407010H0AAAMAM,169,11.829999999999988
84,B82050,Paracet_Tab 500mg,0407010H0AAAMAM,148,8.880000000000049
85,B82050,Paracet_Tab 500mg,0407010H0AAAMAM,148,8.880000000000049
5,B82046,Simvastatin_Tab 40mg,0212000Y0AAADAD,40,8.175999999999997
86,B82017,Paracet_Tab 500mg,0407010H0AAAMAM,298,5.9600000000000675
87,B82017,Paracet_Tab 500mg,0407010H0AAAMAM,298,5.9600000000000675
88,B82023,Paracet_Tab 500mg,0407010H0AAAMAM,85,5.712000000000032
89,B82023,Paracet_Tab 500mg,0407010H0AAAMAM,85,5.712000000000032
22,B82017,Atorvastatin_Tab 20mg,0212000B0AAABAB,30,5.628000000000001
90,B82078,Paracet_Tab 500mg,0407010H0AAAMAM,111,5.550000000000005
91,B82078,Paracet_Tab 500mg,0407010H0AAAMAM,111,5.550000000000005
93,B82075,Paracet_Tab 500mg,0407010H0AAAMAM,1,4.2336
92,B82075,Paracet_Tab 500mg,0407010H0AAAMAM,1,4.2336
36,B82622,Sumatriptan_Tab 50mg,0407041T0AAAFAF,1,3.4404000000000003
95,B82104,Paracet_Tab 500mg,0407010H0AAAMAM,35,3.136000000000008
94,B82104,Paracet_Tab 500mg,0407010H0AAAMAM,35,3.136000000000008
97,B82034,Paracet_Tab 500mg,0407010H0AAAMAM,2,2.8112
96,B82034,Paracet_Tab 500mg,0407010H0AAAMAM,2,2.8112
99,B82017,Paracet_Tab 500mg,0407010H0AAAMAM,95,1.8999999999999886
98,B82017,Paracet_Tab 500mg,0407010H0AAAMAM,95,1.8999999999999886
100,B82017,Paracet_Tab 500mg,0407010H0AAAMAM,81,1.814399999999989
101,B82017,Paracet_Tab 500mg,0407010H0AAAMAM,81,1.814399999999989
6,B82086,Simvastatin_Tab 40mg,0212000Y0AAADAD,16,1.0639999999999998
7,B82046,Simvastatin_Tab 40mg,0212000Y0AAADAD,12,1.0584000000000002
23,B82023,Atorvastatin_Tab 20mg,0212000B0AAABAB,236,0.6608000000000189
188,B82062,Losartan Pot_Tab 25mg,0205052N0AAAAAA,4,0.37519999999999987
189,B82044,Losartan Pot_Tab 25mg,0205052N0AAAAAA,5,0.23800000000000002
103,B82017,Paracet_Tab 500mg,0407010H0AAAMAM,7,0.19600000000000017
102,B82017,Paracet_Tab 500mg,0407010H0AAAMAM,7,0.19600000000000017
200,B82086,Memantine HCl_Tab 20mg,0411000G0AAADAD,16,0.07839999999999991
8,B82023,Simvastatin_Tab 40mg,0212000Y0AAADAD,15,0.06299999999999961
9,B82622,Simvastatin_Tab 40mg,0212000Y0AAADAD,24,0.050399999999999695
201,B82029,Memantine HCl_Tab 20mg,0411000G0AAADAD,9,0.04409999999999995
164,B82072,Letrozole_Tab 2.5mg,0803041L0AAAAAA,8,0.039200000000000346
203,B82101,Memantine HCl_Tab 20mg,0411000G0AAADAD,8,0.03919999999999996
202,B82046,Memantine HCl_Tab 20mg,0411000G0AAADAD,8,0.03919999999999996
10,B82045,Simvastatin_Tab 40mg,0212000Y0AAADAD,18,0.03779999999999977
105,B82622,Paracet_Tab 500mg,0407010H0AAAMAM,8,0.0335999999999998
104,B82622,Paracet_Tab 500mg,0407010H0AAAMAM,8,0.0335999999999998
11,B82101,Simvastatin_Tab 40mg,0212000Y0AAADAD,16,0.0335999999999998
190,B82101,Losartan Pot_Tab 25mg,0205052N0AAAAAA,15,0.031500000000000174
107,B82072,Paracet_Tab 500mg,0407010H0AAAMAM,6,0.025199999999999848
174,B82029,Isosorbide Mononit_Tab 10mg,0206010K0AAABAB,6,0.025199999999999848
106,B82072,Paracet_Tab 500mg,0407010H0AAAMAM,6,0.025199999999999848
165,B82045,Letrozole_Tab 2.5mg,0803041L0AAAAAA,5,0.024500000000000216
191,B82023,Losartan Pot_Tab 25mg,0205052N0AAAAAA,5,0.021000000000000116
175,B82045,Isosorbide Mononit_Tab 10mg,0206010K0AAABAB,5,0.020999999999999873
168,B82622,Letrozole_Tab 2.5mg,0803041L0AAAAAA,4,0.019600000000000173
167,B82042,Letrozole_Tab 2.5mg,0803041L0AAAAAA,4,0.019600000000000173
166,B82046,Letrozole_Tab 2.5mg,0803041L0AAAAAA,4,0.019600000000000173
205,B82066,Memantine HCl_Tab 20mg,0411000G0AAADAD,4,0.01959999999999998
206,B82045,Memantine HCl_Tab 20mg,0411000G0AAADAD,4,0.01959999999999998
204,B82017,Memantine HCl_Tab 20mg,0411000G0AAADAD,4,0.01959999999999998
108,B82062,Paracet_Tab 500mg,0407010H0AAAMAM,6,0.0167999999999999
12,B82029,Simvastatin_Tab 40mg,0212000Y0AAADAD,8,0.0167999999999999
177,B82042,Isosorbide Mononit_Tab 10mg,0206010K0AAABAB,4,0.0167999999999999
176,B82072,Isosorbide Mononit_Tab 10mg,0206010K0AAABAB,4,0.0167999999999999
109,B82062,Paracet_Tab 500mg,0407010H0AAAMAM,6,0.0167999999999999
181,B82017,Pregabalin_Cap 100mg,0408010AEAAADAD,3,0.01470000000000013
207,B82104,Memantine HCl_Tab 20mg,0411000G0AAADAD,3,0.014699999999999984
192,B82029,Losartan Pot_Tab 25mg,0205052N0AAAAAA,3,0.01260000000000007
13,B82017,Simvastatin_Tab 40mg,0212000Y0AAADAD,6,0.012599999999999924
110,B82045,Paracet_Tab 500mg,0407010H0AAAMAM,4,0.011199999999999932
111,B82045,Paracet_Tab 500mg,0407010H0AAAMAM,4,0.011199999999999932
194,B82046,Losartan Pot_Tab 25mg,0205052N0AAAAAA,4,0.008400000000000046
193,B82045,Losartan Pot_Tab 25mg,0205052N0AAAAAA,4,0.008400000000000046
15,B82044,Simvastatin_Tab 40mg,0212000Y0AAADAD,4,0.00839999999999995
14,B82062,Simvastatin_Tab 40mg,0212000Y0AAADAD,4,0.00839999999999995
16,B82042,Simvastatin_Tab 40mg,0212000Y0AAADAD,2,0.00839999999999995
162,B82023,Ropinirole HCl_Tab 250mcg,0409010H0AAAAAA,2,0.008399999999999075
113,B82086,Paracet_Tab 500mg,0407010H0AAAMAM,1,0.005999999999999964
120,B82062,Paracet_Tab 500mg,0407010H0AAAMAM,1,0.005999999999999964
121,B82075,Paracet_Tab 500mg,0407010H0AAAMAM,1,0.005999999999999964
112,B82101,Paracet_Tab 500mg,0407010H0AAAMAM,1,0.005999999999999964
114,B82017,Paracet_Tab 500mg,0407010H0AAAMAM,1,0.005999999999999964
115,B82017,Paracet_Tab 500mg,0407010H0AAAMAM,1,0.005999999999999964
116,B82086,Paracet_Tab 500mg,0407010H0AAAMAM,1,0.005999999999999964
117,B82062,Paracet_Tab 500mg,0407010H0AAAMAM,1,0.005999999999999964
118,B82101,Paracet_Tab 500mg,0407010H0AAAMAM,1,0.005999999999999964
119,B82075,Paracet_Tab 500mg,0407010H0AAAMAM,1,0.005999999999999964
127,B82042,Paracet_Tab 500mg,0407010H0AAAMAM,4,0.005599999999999966
124,B82029,Paracet_Tab 500mg,0407010H0AAAMAM,2,0.005599999999999966
125,B82042,Paracet_Tab 500mg,0407010H0AAAMAM,4,0.005599999999999966
126,B82017,Paracet_Tab 500mg,0407010H0AAAMAM,2,0.005599999999999966
123,B82029,Paracet_Tab 500mg,0407010H0AAAMAM,2,0.005599999999999966
122,B82017,Paracet_Tab 500mg,0407010H0AAAMAM,2,0.005599999999999966
196,B82050,Losartan Pot_Tab 25mg,0205052N0AAAAAA,2,0.004200000000000023
195,B82017,Losartan Pot_Tab 25mg,0205052N0AAAAAA,1,0.004200000000000023
37,B82017,Sumatriptan_Tab 50mg,0407041T0AAAFAF,1,0.0039999999999995595
38,B82034,Sumatriptan_Tab 50mg,0407041T0AAAFAF,1,0.0033999999999998476
129,B82050,Paracet_Tab 500mg,0407010H0AAAMAM,1,0.002799999999999983
128,B82050,Paracet_Tab 500mg,0407010H0AAAMAM,1,0.002799999999999983
41,B82045,Sumatriptan_Tab 50mg,0407041T0AAAFAF,6,0.0
68,B82044,Sumatriptan_Tab 50mg,0407041T0AAAFAF,1,0.0
69,B82066,Sumatriptan_Tab 50mg,0407041T0AAAFAF,16,0.0
70,B82034,Sumatriptan_Tab 50mg,0407041T0AAAFAF,10,0.0
50,B82022,Sumatriptan_Tab 50mg,0407041T0AAAFAF,3,0.0
49,B82044,Sumatriptan_Tab 50mg,0407041T0AAAFAF,2,0.0
71,B82022,Sumatriptan_Tab 50mg,0407041T0AAAFAF,1,0.0
48,B82104,Sumatriptan_Tab 50mg,0407041T0AAAFAF,1,0.0
53,B82022,Sumatriptan_Tab 50mg,0407041T0AAAFAF,1,0.0
54,B82104,Sumatriptan_Tab 50mg,0407041T0AAAFAF,6,0.0
47,B82044,Sumatriptan_Tab 50mg,0407041T0AAAFAF,9,0.0
72,B82035,Sumatriptan_Tab 50mg,0407041T0AAAFAF,5,0.0
73,B82050,Sumatriptan_Tab 50mg,0407041T0AAAFAF,34,0.0
74,B82072,Sumatriptan_Tab 50mg,0407041T0AAAFAF,3,0.0
46,B82062,Sumatriptan_Tab 50mg,0407041T0AAAFAF,3,0.0
45,B82044,Sumatriptan_Tab 50mg,0407041T0AAAFAF,1,0.0
44,B82075,Sumatriptan_Tab 50mg,0407041T0AAAFAF,9,0.0
43,B82044,Sumatriptan_Tab 50mg,0407041T0AAAFAF,2,0.0
67,B82017,Sumatriptan_Tab 50mg,0407041T0AAAFAF,1,0.0
42,B82029,Sumatriptan_Tab 50mg,0407041T0AAAFAF,3,0.0
40,B82078,Sumatriptan_Tab 50mg,0407041T0AAAFAF,10,0.0
63,B82035,Sumatriptan_Tab 50mg,0407041T0AAAFAF,1,0.0
55,B82023,Sumatriptan_Tab 50mg,0407041T0AAAFAF,6,0.0
56,B82022,Sumatriptan_Tab 50mg,0407041T0AAAFAF,4,0.0
57,B82019,Sumatriptan_Tab 50mg,0407041T0AAAFAF,4,0.0
58,B82066,Sumatriptan_Tab 50mg,0407041T0AAAFAF,2,0.0
59,B82023,Sumatriptan_Tab 50mg,0407041T0AAAFAF,1,0.0
60,B82050,Sumatriptan_Tab 50mg,0407041T0AAAFAF,13,0.0
61,B82046,Sumatriptan_Tab 50mg,0407041T0AAAFAF,2,0.0
62,B82072,Sumatriptan_Tab 50mg,0407041T0AAAFAF,2,0.0
64,B82017,Sumatriptan_Tab 50mg,0407041T0AAAFAF,1,0.0
65,B82075,Sumatriptan_Tab 50mg,0407041T0AAAFAF,29,0.0
66,B82034,Sumatriptan_Tab 50mg,0407041T0AAAFAF,9,0.0
52,B82101,Sumatriptan_Tab 50mg,0407041T0AAAFAF,5,0.0
51,B82066,Sumatriptan_Tab 50mg,0407041T0AAAFAF,4,0.0
39,B82045,Sumatriptan_Tab 50mg,0407041T0AAAFAF,4,0.0
178,B82101,Isosorbide Mononit_Tab 10mg,0206010K0AAABAB,1,-0.0022000000000000006
75,B82046,Sumatriptan_Tab 50mg,0407041T0AAAFAF,1,-0.0027999999999996916
24,B82066,Atorvastatin_Tab 20mg,0212000B0AAABAB,1,-0.002799999999999997
76,B82017,Sumatriptan_Tab 50mg,0407041T0AAAFAF,1,-0.0028000000000004688
182,B82023,Pregabalin_Cap 100mg,0408010AEAAADAD,1,-0.0029999999999996696
183,B82022,Pregabalin_Cap 100mg,0408010AEAAADAD,1,-0.0029999999999996696
77,B82101,Sumatriptan_Tab 50mg,0407041T0AAAFAF,1,-0.0032000000000000917
25,B82050,Atorvastatin_Tab 20mg,0212000B0AAABAB,1,-0.0033999999999999794
26,B82045,Atorvastatin_Tab 20mg,0212000B0AAABAB,1,-0.004199999999999995
130,B82072,Paracet_Tab 500mg,0407010H0AAAMAM,1,-0.004799999999999971
131,B82072,Paracet_Tab 500mg,0407010H0AAAMAM,1,-0.004799999999999971
136,B82075,Paracet_Tab 500mg,0407010H0AAAMAM,1,-0.005599999999999966
132,B82104,Paracet_Tab 500mg,0407010H0AAAMAM,1,-0.005599999999999966
133,B82086,Paracet_Tab 500mg,0407010H0AAAMAM,1,-0.005599999999999966
134,B82104,Paracet_Tab 500mg,0407010H0AAAMAM,1,-0.005599999999999966
135,B82049,Paracet_Tab 500mg,0407010H0AAAMAM,1,-0.005599999999999966
137,B82049,Paracet_Tab 500mg,0407010H0AAAMAM,1,-0.005599999999999966
138,B82075,Paracet_Tab 500mg,0407010H0AAAMAM,1,-0.005599999999999966
139,B82086,Paracet_Tab 500mg,0407010H0AAAMAM,1,-0.005599999999999966
179,B82034,Isosorbide Mononit_Tab 10mg,0206010K0AAABAB,1,-0.005999999999999964
141,B82023,Paracet_Tab 500mg,0407010H0AAAMAM,3,-0.0167999999999999
140,B82023,Paracet_Tab 500mg,0407010H0AAAMAM,3,-0.0167999999999999
145,B82035,Paracet_Tab 500mg,0407010H0AAAMAM,4,-0.022399999999999864
143,B82042,Paracet_Tab 500mg,0407010H0AAAMAM,4,-0.022399999999999864
142,B82042,Paracet_Tab 500mg,0407010H0AAAMAM,4,-0.022399999999999864
144,B82035,Paracet_Tab 500mg,0407010H0AAAMAM,4,-0.022399999999999864
146,B82044,Paracet_Tab 500mg,0407010H0AAAMAM,7,-0.03919999999999976
147,B82044,Paracet_Tab 500mg,0407010H0AAAMAM,7,-0.03919999999999976
148,B82101,Paracet_Tab 500mg,0407010H0AAAMAM,8,-0.04479999999999973
149,B82101,Paracet_Tab 500mg,0407010H0AAAMAM,8,-0.04479999999999973
150,B82050,Paracet_Tab 500mg,0407010H0AAAMAM,12,-0.0671999999999996
151,B82046,Paracet_Tab 500mg,0407010H0AAAMAM,12,-0.0671999999999996
152,B82046,Paracet_Tab 500mg,0407010H0AAAMAM,12,-0.0671999999999996
153,B82050,Paracet_Tab 500mg,0407010H0AAAMAM,12,-0.0671999999999996
154,B82622,Paracet_Tab 500mg,0407010H0AAAMAM,17,-0.09519999999999942
155,B82622,Paracet_Tab 500mg,0407010H0AAAMAM,17,-0.09519999999999942
156,B82045,Paracet_Tab 500mg,0407010H0AAAMAM,20,-0.11199999999999932
157,B82045,Paracet_Tab 500mg,0407010H0AAAMAM,20,-0.11199999999999932
158,B82044,Paracet_Tab 500mg,0407010H0AAAMAM,2,-1.92
159,B82044,Paracet_Tab 500mg,0407010H0AAAMAM,2,-1.92
