,practice_code,bnf_description,bnf_code,items,excess_cost
0,C82005,Atorvastatin_Tab 10mg,0212000B0AAAAAA,1,0.003200000000000036
1,C82005,Bisoprolol Fumar_Tab 5mg,0204000H0AAAAAA,85,2.820999999999996
2,C82005,Clonazepam_Tab 500mcg,0408010F0AAABAB,4,2.0163999999999955
3,C82005,Paracet_Tab 500mg,0407010H0AAAMAM,6,0.03599999999999978
4,C82005,Prednisolone_Tab Solb 5mg,0603020T0AABHBH,1,-0.004799999999999471
5,C82005,Sumatriptan_Tab 50mg,0407041T0AAAFAF,17,-0.0027999999999996916
6,C82008,Bisoprolol Fumar_Tab 5mg,0204000H0AAAAAA,84,19.24159999999999
7,C82008,Clonazepam_Tab 500mcg,0408010F0AAABAB,12,8.733599999999981
8,C82008,Esomeprazole_Tab E/C 20mg,0103050E0AAAAAA,20,127.82
9,C82008,Paracet_Tab 500mg,0407010H0AAAMAM,184,19.649599999999992
10,C82008,Prednisolone_Tab Solb 5mg,0603020T0AABHBH,1,-0.0035999999999996035
11,C82008,Sumatriptan_Tab 50mg,0407041T0AAAFAF,27,6.501599999999993
12,C82018,Atorvastatin_Tab 10mg,0212000B0AAAAAA,72,0.15120000000000083
13,C82018,Bisoprolol Fumar_Tab 5mg,0204000H0AAAAAA,101,-0.2828000000000007
14,C82018,Clonazepam_Tab 500mcg,0408010F0AAABAB,13,8.090799999999984
15,C82018,Esomeprazole_Tab E/C 20mg,0103050E0AAAAAA,5,-0.46199999999999963
16,C82018,Memantine HCl_Tab 20mg,0411000G0AAADAD,13,0.06369999999999992
17,C82018,Paracet_Tab 500mg,0407010H0AAAMAM,1452,94.3512000000001
18,C82018,Prednisolone_Tab Solb 5mg,0603020T0AABHBH,2,-0.0005999999999999339
19,C82018,Sumatriptan_Tab 50mg,0407041T0AAAFAF,11,0.0
20,C82019,Atorvastatin_Tab 10mg,0212000B0AAAAAA,7,23.2456
21,C82019,Bisoprolol Fumar_Tab 5mg,0204000H0AAAAAA,23,-0.06440000000000017
22,C82019,Clonazepam_Tab 500mcg,0408010F0AAABAB,3,1.898399999999996
23,C82019,Paracet_Tab 500mg,0407010H0AAAMAM,262,39.465600000000045
24,C82019,Prednisolone_Tab Solb 5mg,0603020T0AABHBH,2,0.0008999999999999009
25,C82019,Sumatriptan_Tab 50mg,0407041T0AAAFAF,9,0.0
26,C82020,Bisoprolol Fumar_Tab 5mg,0204000H0AAAAAA,21,1.4601999999999997
27,C82020,Clonazepam_Tab 500mcg,0408010F0AAABAB,9,5.220599999999989
28,C82020,Esomeprazole_Tab E/C 20mg,0103050E0AAAAAA,5,47.941599999999994
29,C82020,Paracet_Tab 500mg,0407010H0AAAMAM,18,-0.07759999999999953
30,C82020,Sumatriptan_Tab 50mg,0407041T0AAAFAF,17,0.0
31,C82024,Atorvastatin_Tab 10mg,0212000B0AAAAAA,5,0.010500000000000058
32,C82024,Bisoprolol Fumar_Tab 5mg,0204000H0AAAAAA,103,2.6683999999999886
33,C82024,Clonazepam_Tab 500mcg,0408010F0AAABAB,9,5.795599999999987
34,C82024,Paracet_Tab 500mg,0407010H0AAAMAM,522,53.96680000000018
35,C82024,Prednisolone_Tab Solb 5mg,0603020T0AABHBH,3,268.56999999999994
36,C82024,Sumatriptan_Tab 50mg,0407041T0AAAFAF,9,0.0
37,C82029,Atorvastatin_Tab 10mg,0212000B0AAAAAA,21,0.04410000000000024
38,C82029,Bisoprolol Fumar_Tab 5mg,0204000H0AAAAAA,114,6.571599999999992
39,C82029,Clonazepam_Tab 500mcg,0408010F0AAABAB,9,6.169799999999987
40,C82029,Memantine HCl_Tab 20mg,0411000G0AAADAD,7,0.03429999999999996
41,C82029,Paracet_Tab 500mg,0407010H0AAAMAM,650,97.08800000000011
42,C82029,Prednisolone_Tab Solb 5mg,0603020T0AABHBH,3,-0.013599999999998946
43,C82029,Risperidone_Tab 6mg,040201030AAAFAF,3,87.6288
44,C82029,Sumatriptan_Tab 50mg,0407041T0AAAFAF,24,0.0
45,C82030,Atorvastatin_Tab 10mg,0212000B0AAAAAA,38,0.10639999999999936
46,C82030,Bisoprolol Fumar_Tab 5mg,0204000H0AAAAAA,42,8.845199999999998
47,C82030,Clonazepam_Tab 500mcg,0408010F0AAABAB,5,3.643599999999992
48,C82030,Memantine HCl_Tab 20mg,0411000G0AAADAD,4,0.01959999999999998
49,C82030,Paracet_Tab 500mg,0407010H0AAAMAM,210,10.23360000000001
50,C82030,Prednisolone_Tab Solb 5mg,0603020T0AABHBH,1,-0.004799999999999471
51,C82030,Sumatriptan_Tab 50mg,0407041T0AAAFAF,11,0.0
52,C82031,Bisoprolol Fumar_Tab 5mg,0204000H0AAAAAA,2,-0.005600000000000015
53,C82031,Clonazepam_Tab 500mcg,0408010F0AAABAB,2,1.6045999999999967
54,C82031,Esomeprazole_Tab E/C 20mg,0103050E0AAAAAA,10,-0.4479999999999973
55,C82031,Memantine HCl_Tab 20mg,0411000G0AAADAD,2,0.00979999999999999
56,C82031,Paracet_Tab 500mg,0407010H0AAAMAM,558,10.936000000000085
57,C82031,Prednisolone_Tab Solb 5mg,0603020T0AABHBH,5,0.0008999999999999009
58,C82031,Risperidone_Tab 6mg,040201030AAAFAF,1,29.2096
59,C82031,Sumatriptan_Tab 50mg,0407041T0AAAFAF,16,0.0
60,C82033,Atorvastatin_Tab 10mg,0212000B0AAAAAA,119,23.192399999999996
61,C82033,Bisoprolol Fumar_Tab 5mg,0204000H0AAAAAA,84,20.576299999999993
62,C82033,Clonazepam_Tab 500mcg,0408010F0AAABAB,3,1.2655999999999974
63,C82033,Paracet_Tab 500mg,0407010H0AAAMAM,156,34.49360000000005
64,C82033,Prednisolone_Tab Solb 5mg,0603020T0AABHBH,1,0.0029999999999996696
65,C82033,Sumatriptan_Tab 50mg,0407041T0AAAFAF,18,-0.005599999999999383
66,C82037,Atorvastatin_Tab 10mg,0212000B0AAAAAA,50,0.11130000000000057
67,C82037,Bisoprolol Fumar_Tab 5mg,0204000H0AAAAAA,145,30.2952
68,C82037,Clonazepam_Tab 500mcg,0408010F0AAABAB,12,4.791199999999991
69,C82037,Esomeprazole_Tab E/C 20mg,0103050E0AAAAAA,7,-0.47039999999999715
70,C82037,Paracet_Tab 500mg,0407010H0AAAMAM,818,238.6548000000001
71,C82037,Prednisolone_Tab Solb 5mg,0603020T0AABHBH,1,-0.004799999999999471
72,C82037,Sumatriptan_Tab 50mg,0407041T0AAAFAF,2,0.0
73,C82046,Atorvastatin_Tab 10mg,0212000B0AAAAAA,12,0.02520000000000014
74,C82046,Bisoprolol Fumar_Tab 5mg,0204000H0AAAAAA,15,-0.0070000000000002005
75,C82046,Clonazepam_Tab 500mcg,0408010F0AAABAB,13,12.090999999999976
76,C82046,Memantine HCl_Tab 20mg,0411000G0AAADAD,4,0.01959999999999998
77,C82046,Paracet_Tab 500mg,0407010H0AAAMAM,1050,87.24920000000012
78,C82046,Prednisolone_Tab Solb 5mg,0603020T0AABHBH,7,-0.013599999999998502
79,C82046,Risperidone_Tab 6mg,040201030AAAFAF,1,29.2096
80,C82046,Sumatriptan_Tab 50mg,0407041T0AAAFAF,40,0.0
81,C82053,Atorvastatin_Tab 10mg,0212000B0AAAAAA,4,0.008400000000000046
82,C82053,Bisoprolol Fumar_Tab 5mg,0204000H0AAAAAA,52,1.4559999999999962
83,C82053,Clonazepam_Tab 500mcg,0408010F0AAABAB,3,1.225399999999997
84,C82053,Paracet_Tab 500mg,0407010H0AAAMAM,102,45.305600000000005
85,C82053,Prednisolone_Tab Solb 5mg,0603020T0AABHBH,2,-0.001200000000000312
86,C82053,Sumatriptan_Tab 50mg,0407041T0AAAFAF,15,-0.0032000000000000917
87,C82059,Bisoprolol Fumar_Tab 5mg,0204000H0AAAAAA,4,-0.01120000000000003
88,C82059,Paracet_Tab 500mg,0407010H0AAAMAM,8,0.0335999999999998
89,C82060,Atorvastatin_Tab 10mg,0212000B0AAAAAA,1,-0.002999999999999982
90,C82060,Clonazepam_Tab 500mcg,0408010F0AAABAB,1,2.2599999999999953
91,C82060,Paracet_Tab 500mg,0407010H0AAAMAM,198,9.63600000000001
92,C82060,Prednisolone_Tab Solb 5mg,0603020T0AABHBH,2,-0.009599999999998943
93,C82060,Sumatriptan_Tab 50mg,0407041T0AAAFAF,2,0.0
94,C82063,Bisoprolol Fumar_Tab 5mg,0204000H0AAAAAA,53,5.090399999999998
95,C82063,Clonazepam_Tab 500mcg,0408010F0AAABAB,8,5.559599999999989
96,C82063,Esomeprazole_Tab E/C 20mg,0103050E0AAAAAA,5,31.948
97,C82063,Memantine HCl_Tab 20mg,0411000G0AAADAD,1,-0.002999999999999947
98,C82063,Paracet_Tab 500mg,0407010H0AAAMAM,300,23.03040000000006
99,C82063,Prednisolone_Tab Solb 5mg,0603020T0AABHBH,4,-0.0030999999999996586
100,C82063,Sumatriptan_Tab 50mg,0407041T0AAAFAF,19,-0.0027999999999996916
101,C82073,Atorvastatin_Tab 10mg,0212000B0AAAAAA,9,0.018900000000000104
102,C82073,Bisoprolol Fumar_Tab 5mg,0204000H0AAAAAA,141,0.6215999999999957
103,C82073,Clonazepam_Tab 500mcg,0408010F0AAABAB,4,2.5763999999999947
104,C82073,Esomeprazole_Tab E/C 20mg,0103050E0AAAAAA,11,47.919200000000004
105,C82073,Memantine HCl_Tab 20mg,0411000G0AAADAD,4,0.015999999999999903
106,C82073,Paracet_Tab 500mg,0407010H0AAAMAM,420,81.36280000000005
107,C82073,Prednisolone_Tab Solb 5mg,0603020T0AABHBH,4,0.0029999999999996696
108,C82073,Sumatriptan_Tab 50mg,0407041T0AAAFAF,12,-0.0028000000000004688
109,C82080,Atorvastatin_Tab 10mg,0212000B0AAAAAA,20,0.04200000000000023
110,C82080,Bisoprolol Fumar_Tab 5mg,0204000H0AAAAAA,6,-0.016800000000000044
111,C82080,Clonazepam_Tab 500mcg,0408010F0AAABAB,6,5.2205999999999895
112,C82080,Paracet_Tab 500mg,0407010H0AAAMAM,70,36.27600000000001
113,C82080,Sumatriptan_Tab 50mg,0407041T0AAAFAF,3,0.0
114,C82084,Clonazepam_Tab 500mcg,0408010F0AAABAB,3,1.016999999999998
115,C82084,Risperidone_Tab 6mg,040201030AAAFAF,1,58.4192
116,C82084,Sumatriptan_Tab 50mg,0407041T0AAAFAF,5,0.0
117,C82086,Atorvastatin_Tab 10mg,0212000B0AAAAAA,3,0.006300000000000035
118,C82086,Bisoprolol Fumar_Tab 5mg,0204000H0AAAAAA,87,1.4223999999999997
119,C82086,Clonazepam_Tab 500mcg,0408010F0AAABAB,6,5.875999999999987
120,C82086,Paracet_Tab 500mg,0407010H0AAAMAM,2,0.011999999999999927
121,C82086,Prednisolone_Tab Solb 5mg,0603020T0AABHBH,1,-0.004799999999999471
122,C82086,Sumatriptan_Tab 50mg,0407041T0AAAFAF,6,0.0
123,C82088,Atorvastatin_Tab 10mg,0212000B0AAAAAA,1,-0.008999999999999946
124,C82088,Bisoprolol Fumar_Tab 5mg,0204000H0AAAAAA,1,-0.0028000000000000073
125,C82088,Clonazepam_Tab 500mcg,0408010F0AAABAB,6,2.2599999999999953
126,C82088,Paracet_Tab 500mg,0407010H0AAAMAM,10,0.00680000000000007
127,C82088,Prednisolone_Tab Solb 5mg,0603020T0AABHBH,3,-0.009599999999998943
128,C82088,Sumatriptan_Tab 50mg,0407041T0AAAFAF,9,0.0
129,C82092,Atorvastatin_Tab 10mg,0212000B0AAAAAA,8,0.016800000000000093
130,C82092,Bisoprolol Fumar_Tab 5mg,0204000H0AAAAAA,14,1.4503999999999995
131,C82092,Paracet_Tab 500mg,0407010H0AAAMAM,2,0.0335999999999998
132,C82094,Atorvastatin_Tab 10mg,0212000B0AAAAAA,8,0.016800000000000093
133,C82094,Bisoprolol Fumar_Tab 5mg,0204000H0AAAAAA,31,0.7139999999999981
134,C82094,Clonazepam_Tab 500mcg,0408010F0AAABAB,6,0.949199999999998
135,C82094,Memantine HCl_Tab 20mg,0411000G0AAADAD,4,0.01959999999999998
136,C82094,Paracet_Tab 500mg,0407010H0AAAMAM,200,10.942399999999997
137,C82094,Prednisolone_Tab Solb 5mg,0603020T0AABHBH,1,-0.004799999999999471
138,C82094,Sumatriptan_Tab 50mg,0407041T0AAAFAF,11,146.5524
139,C82099,Atorvastatin_Tab 10mg,0212000B0AAAAAA,119,11.661999999999999
140,C82099,Bisoprolol Fumar_Tab 5mg,0204000H0AAAAAA,1,0.004199999999999975
141,C82099,Clonazepam_Tab 500mcg,0408010F0AAABAB,3,1.898399999999996
142,C82099,Paracet_Tab 500mg,0407010H0AAAMAM,2,0.011999999999999927
143,C82099,Prednisolone_Tab Solb 5mg,0603020T0AABHBH,6,14.3809
144,C82099,Sumatriptan_Tab 50mg,0407041T0AAAFAF,4,0.0
145,C82100,Atorvastatin_Tab 10mg,0212000B0AAAAAA,10,0.021000000000000116
146,C82100,Clonazepam_Tab 500mcg,0408010F0AAABAB,4,3.480399999999993
147,C82100,Memantine HCl_Tab 20mg,0411000G0AAADAD,2,0.00979999999999999
148,C82100,Paracet_Tab 500mg,0407010H0AAAMAM,462,36.823200000000014
149,C82100,Prednisolone_Tab Solb 5mg,0603020T0AABHBH,4,-0.01559999999999917
150,C82100,Sumatriptan_Tab 50mg,0407041T0AAAFAF,19,0.0
151,C82105,Paracet_Tab 500mg,0407010H0AAAMAM,22,-0.6239999999999943
152,C82105,Prednisolone_Tab Solb 5mg,0603020T0AABHBH,2,7.192800000000002
153,C82105,Sumatriptan_Tab 50mg,0407041T0AAAFAF,1,0.0
154,C82107,Atorvastatin_Tab 10mg,0212000B0AAAAAA,6,0.0117000000000001
155,C82107,Bisoprolol Fumar_Tab 5mg,0204000H0AAAAAA,59,0.6047999999999963
156,C82107,Clonazepam_Tab 500mcg,0408010F0AAABAB,3,1.988799999999996
157,C82107,Memantine HCl_Tab 20mg,0411000G0AAADAD,4,0.01959999999999998
158,C82107,Paracet_Tab 500mg,0407010H0AAAMAM,30,0.4687999999999972
159,C82107,Prednisolone_Tab Solb 5mg,0603020T0AABHBH,5,0.007499999999999174
160,C82107,Sumatriptan_Tab 50mg,0407041T0AAAFAF,3,0.0
161,C82114,Atorvastatin_Tab 10mg,0212000B0AAAAAA,8,0.016800000000000093
162,C82114,Bisoprolol Fumar_Tab 5mg,0204000H0AAAAAA,13,-0.0364000000000001
163,C82114,Paracet_Tab 500mg,0407010H0AAAMAM,62,10.030400000000002
164,C82114,Sumatriptan_Tab 50mg,0407041T0AAAFAF,1,0.0
165,C82116,Memantine HCl_Tab 20mg,0411000G0AAADAD,5,63.896
166,C82116,Prednisolone_Tab Solb 5mg,0603020T0AABHBH,3,-0.0026999999999997026
167,C82116,Sumatriptan_Tab 50mg,0407041T0AAAFAF,5,0.0
168,C82122,Clonazepam_Tab 500mcg,0408010F0AAABAB,5,0.6327999999999987
169,C82122,Paracet_Tab 500mg,0407010H0AAAMAM,112,9.906000000000017
170,C82122,Prednisolone_Tab Solb 5mg,0603020T0AABHBH,2,-0.007199999999999207
171,C82122,Sumatriptan_Tab 50mg,0407041T0AAAFAF,5,0.0
172,C82124,Clonazepam_Tab 500mcg,0408010F0AAABAB,1,0.5129999999999985
173,C82124,Paracet_Tab 500mg,0407010H0AAAMAM,2,-0.011199999999999932
174,C82124,Sumatriptan_Tab 50mg,0407041T0AAAFAF,12,0.0
175,C82124,Terbinafine HCl_Tab 250mg,0502050C0AAAAAA,6,45.024
176,C82610,Clonazepam_Tab 500mcg,0408010F0AAABAB,3,1.6497999999999966
177,C82610,Sumatriptan_Tab 50mg,0407041T0AAAFAF,4,0.0
178,C82614,Atorvastatin_Tab 10mg,0212000B0AAAAAA,33,23.256400000000003
179,C82614,Bisoprolol Fumar_Tab 5mg,0204000H0AAAAAA,43,3.611999999999999
180,C82614,Clonazepam_Tab 500mcg,0408010F0AAABAB,2,0.6327999999999987
181,C82614,Paracet_Tab 500mg,0407010H0AAAMAM,14,0.05999999999999964
182,C82614,Prednisolone_Tab Solb 5mg,0603020T0AABHBH,1,0.0025999999999999357
183,C82614,Sumatriptan_Tab 50mg,0407041T0AAAFAF,5,-0.0027999999999996916
184,C82620,Atorvastatin_Tab 10mg,0212000B0AAAAAA,38,0.07980000000000044
185,C82620,Bisoprolol Fumar_Tab 5mg,0204000H0AAAAAA,4,-0.01120000000000003
186,C82620,Clonazepam_Tab 500mcg,0408010F0AAABAB,2,1.2655999999999974
187,C82620,Paracet_Tab 500mg,0407010H0AAAMAM,86,9.843600000000006
188,C82620,Sumatriptan_Tab 50mg,0407041T0AAAFAF,2,0.0
189,C82623,Atorvastatin_Tab 10mg,0212000B0AAAAAA,12,0.02520000000000014
190,C82623,Bisoprolol Fumar_Tab 5mg,0204000H0AAAAAA,13,-0.0364000000000001
191,C82623,Clonazepam_Tab 500mcg,0408010F0AAABAB,7,1.3446999999999973
192,C82623,Memantine HCl_Tab 20mg,0411000G0AAADAD,6,114.0048
193,C82623,Paracet_Tab 500mg,0407010H0AAAMAM,136,55.308
194,C82623,Prednisolone_Tab Solb 5mg,0603020T0AABHBH,2,0.008099999999999108
195,C82623,Sumatriptan_Tab 50mg,0407041T0AAAFAF,5,0.0
196,C82624,Atorvastatin_Tab 10mg,0212000B0AAAAAA,74,11.603200000000001
197,C82624,Bisoprolol Fumar_Tab 5mg,0204000H0AAAAAA,36,5.846399999999999
198,C82624,Clonazepam_Tab 500mcg,0408010F0AAABAB,3,1.5819999999999967
199,C82624,Paracet_Tab 500mg,0407010H0AAAMAM,142,1.3423999999999918
200,C82624,Prednisolone_Tab Solb 5mg,0603020T0AABHBH,7,-0.009699999999998932
201,C82624,Risperidone_Tab 6mg,040201030AAAFAF,1,29.2096
202,C82624,Sumatriptan_Tab 50mg,0407041T0AAAFAF,8,0.0
203,C82626,Atorvastatin_Tab 10mg,0212000B0AAAAAA,1,-0.002999999999999982
204,C82626,Paracet_Tab 500mg,0407010H0AAAMAM,10,-0.007599999999999954
205,C82626,Sumatriptan_Tab 50mg,0407041T0AAAFAF,1,0.0
206,C82639,Clonazepam_Tab 500mcg,0408010F0AAABAB,4,3.417599999999992
207,C82639,Paracet_Tab 500mg,0407010H0AAAMAM,126,32.85039999999999
208,C82639,Prednisolone_Tab Solb 5mg,0603020T0AABHBH,1,-0.0039999999999995595
209,C82639,Sumatriptan_Tab 50mg,0407041T0AAAFAF,5,0.0
210,C82642,Atorvastatin_Tab 10mg,0212000B0AAAAAA,1,0.0028999999999999825
211,C82642,Bisoprolol Fumar_Tab 5mg,0204000H0AAAAAA,107,23.539599999999997
212,C82642,Clonazepam_Tab 500mcg,0408010F0AAABAB,5,5.966399999999988
213,C82642,Paracet_Tab 500mg,0407010H0AAAMAM,200,5.9919999999999956
214,C82642,Prednisolone_Tab Solb 5mg,0603020T0AABHBH,2,0.0004999999999999449
215,C82642,Risperidone_Tab 6mg,040201030AAAFAF,2,58.4192
216,C82642,Sumatriptan_Tab 50mg,0407041T0AAAFAF,8,0.0
217,C82643,Atorvastatin_Tab 10mg,0212000B0AAAAAA,53,0.11130000000000062
218,C82643,Bisoprolol Fumar_Tab 5mg,0204000H0AAAAAA,16,-0.04480000000000012
219,C82643,Clonazepam_Tab 500mcg,0408010F0AAABAB,5,2.870199999999994
220,C82643,Memantine HCl_Tab 20mg,0411000G0AAADAD,5,0.024499999999999973
221,C82643,Paracet_Tab 500mg,0407010H0AAAMAM,162,0.5271999999999971
222,C82643,Prednisolone_Tab Solb 5mg,0603020T0AABHBH,1,0.0014999999999998348
223,C82643,Sumatriptan_Tab 50mg,0407041T0AAAFAF,5,0.0
224,C82651,Clonazepam_Tab 500mcg,0408010F0AAABAB,1,0.3389999999999993
225,C82651,Paracet_Tab 500mg,0407010H0AAAMAM,2,0.011999999999999927
226,C82651,Sumatriptan_Tab 50mg,0407041T0AAAFAF,1,0.0
227,C82653,Bisoprolol Fumar_Tab 5mg,0204000H0AAAAAA,8,0.35839999999999994
228,C82653,Clonazepam_Tab 500mcg,0408010F0AAABAB,1,0.8135999999999983
229,C82653,Paracet_Tab 500mg,0407010H0AAAMAM,14,-0.07839999999999953
230,C82653,Sumatriptan_Tab 50mg,0407041T0AAAFAF,2,0.0
231,C82659,Atorvastatin_Tab 10mg,0212000B0AAAAAA,46,46.4104
232,C82659,Bisoprolol Fumar_Tab 5mg,0204000H0AAAAAA,40,0.6521999999999997
233,C82659,Clonazepam_Tab 500mcg,0408010F0AAABAB,1,0.5129999999999985
234,C82659,Paracet_Tab 500mg,0407010H0AAAMAM,4,0.023999999999999855
235,C82660,Bisoprolol Fumar_Tab 5mg,0204000H0AAAAAA,60,8.030399999999998
236,C82660,Clonazepam_Tab 500mcg,0408010F0AAABAB,7,5.885599999999991
237,C82660,Paracet_Tab 500mg,0407010H0AAAMAM,38,0.06679999999999967
238,C82660,Prednisolone_Tab Solb 5mg,0603020T0AABHBH,2,-0.009599999999998943
239,C82660,Risperidone_Tab 6mg,040201030AAAFAF,1,29.2096
240,C82660,Sumatriptan_Tab 50mg,0407041T0AAAFAF,6,0.0033999999999998476
241,C82660,Terbinafine HCl_Tab 250mg,0502050C0AAAAAA,1,-0.005999999999999339
242,C82662,Paracet_Tab 500mg,0407010H0AAAMAM,6,0.06720000000000004
243,C82662,Prednisolone_Tab Solb 5mg,0603020T0AABHBH,1,0.0025999999999999357
244,C82667,Bisoprolol Fumar_Tab 5mg,0204000H0AAAAAA,37,0.6773999999999987
245,C82667,Clonazepam_Tab 500mcg,0408010F0AAABAB,3,0.949199999999998
246,C82667,Paracet_Tab 500mg,0407010H0AAAMAM,480,281.34719999999993
247,C82667,Prednisolone_Tab Solb 5mg,0603020T0AABHBH,8,-0.00629999999999975
248,C82667,Risperidone_Tab 6mg,040201030AAAFAF,1,29.2096
249,C82667,Sumatriptan_Tab 50mg,0407041T0AAAFAF,9,0.0
250,C82669,Clonazepam_Tab 500mcg,0408010F0AAABAB,1,0.6327999999999987
251,C82669,Sumatriptan_Tab 50mg,0407041T0AAAFAF,6,0.0
252,C82670,Atorvastatin_Tab 10mg,0212000B0AAAAAA,2,0.004200000000000023
253,C82670,Paracet_Tab 500mg,0407010H0AAAMAM,14,-0.07839999999999953
254,C82670,Sumatriptan_Tab 50mg,0407041T0AAAFAF,1,0.0
255,C82671,Bisoprolol Fumar_Tab 5mg,0204000H0AAAAAA,3,-0.008400000000000022
256,C82671,Clonazepam_Tab 500mcg,0408010F0AAABAB,2,1.6497999999999966
257,C82671,Paracet_Tab 500mg,0407010H0AAAMAM,20,0.08399999999999949
258,C82671,Sumatriptan_Tab 50mg,0407041T0AAAFAF,4,0.0
259,C82676,Clonazepam_Tab 500mcg,0408010F0AAABAB,13,7.393199999999984
260,C82676,Memantine HCl_Tab 20mg,0411000G0AAADAD,4,0.01959999999999998
261,C82676,Paracet_Tab 500mg,0407010H0AAAMAM,2,-0.007999999999999952
262,C82676,Prednisolone_Tab Solb 5mg,0603020T0AABHBH,1,-0.0011999999999998678
263,C82676,Sumatriptan_Tab 50mg,0407041T0AAAFAF,7,0.0
264,C82680,Atorvastatin_Tab 10mg,0212000B0AAAAAA,3,0.006300000000000035
265,C82680,Bisoprolol Fumar_Tab 5mg,0204000H0AAAAAA,42,5.092399999999998
266,C82680,Clonazepam_Tab 500mcg,0408010F0AAABAB,3,0.949199999999998
267,C82680,Esomeprazole_Tab E/C 20mg,0103050E0AAAAAA,3,-0.453599999999999
268,C82680,Paracet_Tab 500mg,0407010H0AAAMAM,240,45.09560000000002
269,C82680,Prednisolone_Tab Solb 5mg,0603020T0AABHBH,1,-0.0039999999999995595
270,C82680,Sumatriptan_Tab 50mg,0407041T0AAAFAF,5,0.0
271,Y00137,Atorvastatin_Tab 10mg,0212000B0AAAAAA,6,0.009600000000000088
272,Y00137,Bisoprolol Fumar_Tab 5mg,0204000H0AAAAAA,32,0.7167999999999988
273,Y00137,Clonazepam_Tab 500mcg,0408010F0AAABAB,1,2.033999999999996
274,Y00137,Paracet_Tab 500mg,0407010H0AAAMAM,96,-1.8959999999999884
275,Y00137,Prednisolone_Tab Solb 5mg,0603020T0AABHBH,4,0.00019999999999997797
276,Y00137,Sumatriptan_Tab 50mg,0407041T0AAAFAF,3,0.0
277,Y00344,Atorvastatin_Tab 10mg,0212000B0AAAAAA,4,0.008400000000000046
278,Y02469,Clonazepam_Tab 500mcg,0408010F0AAABAB,3,2.2147999999999954
279,Y02469,Paracet_Tab 500mg,0407010H0AAAMAM,182,10.345999999999997
280,Y02469,Prednisolone_Tab Solb 5mg,0603020T0AABHBH,3,-0.010599999999998833
281,Y02469,Risperidone_Tab 6mg,040201030AAAFAF,1,29.2096
282,Y02469,Sumatriptan_Tab 50mg,0407041T0AAAFAF,15,0.0
283,Y02470,Prednisolone_Tab Solb 5mg,0603020T0AABHBH,9,-0.018699999999998385
284,Y02470,Sumatriptan_Tab 50mg,0407041T0AAAFAF,6,0.0
285,Y02686,Atorvastatin_Tab 10mg,0212000B0AAAAAA,4,0.008400000000000046
286,Y02686,Bisoprolol Fumar_Tab 5mg,0204000H0AAAAAA,1,-0.0028000000000000073
287,Y02686,Clonazepam_Tab 500mcg,0408010F0AAABAB,5,3.887199999999992
288,Y02686,Paracet_Tab 500mg,0407010H0AAAMAM,74,-4.0975999999999955
289,Y02686,Sumatriptan_Tab 50mg,0407041T0AAAFAF,4,-0.0032000000000000917
290,Y02686,Terbinafine HCl_Tab 250mg,0502050C0AAAAAA,1,76.50000000000001
291,Y03587,Bisoprolol Fumar_Tab 5mg,0204000H0AAAAAA,44,0.7391999999999999
292,Y03587,Clonazepam_Tab 500mcg,0408010F0AAABAB,3,3.3099999999999947
293,Y03587,Paracet_Tab 500mg,0407010H0AAAMAM,48,22.615200000000026
294,Y03587,Prednisolone_Tab Solb 5mg,0603020T0AABHBH,1,-0.0039999999999995595
295,Y03587,Sumatriptan_Tab 50mg,0407041T0AAAFAF,7,3.251999999999999
296,Y03587,Terbinafine HCl_Tab 250mg,0502050C0AAAAAA,5,12.572
