,practice_code,bnf_description,bnf_code,items,excess_cost
36,A81051,Pregabalin_Cap 75mg,0408010AEAAACAC,3,226.9008
37,A81065,Pregabalin_Cap 75mg,0408010AEAAACAC,2,226.88960000000003
0,A81004,Atorvastatin_Tab 20mg,0212000B0AAABAB,273,203.3304
386,A81018,Pregabalin_Cap 25mg,0408010AEAAAAAA,1,178.8528
472,A81030,Aripiprazole_Tab 10mg,0402010ADAAAAAA,8,174.4736
1,A81026,Atorvastatin_Tab 20mg,0212000B0AAABAB,238,135.27920000000003
416,A81026,Atorvastatin_Tab 40mg,0212000B0AAACAC,220,133.67200000000003
2,A81042,Atorvastatin_Tab 20mg,0212000B0AAABAB,393,113.34120000000004
434,A81042,Montelukast_Tab 10mg,0303020G0AAABAB,74,97.59119999999999
3,A81037,Atorvastatin_Tab 20mg,0212000B0AAABAB,111,90.13200000000002
4,A81037,Atorvastatin_Tab 20mg,0212000B0AAABAB,42,90.08160000000001
491,A81018,Pregabalin_Cap 50mg,0408010AEAAABAB,10,85.68
38,A81009,Pregabalin_Cap 75mg,0408010AEAAACAC,1,85.08360000000002
387,A81018,Pregabalin_Cap 25mg,0408010AEAAAAAA,1,84.5964
588,A81029,Atorvastatin_Tab 80mg,0212000B0AAADAD,41,76.22720000000001
492,A81018,Pregabalin_Cap 50mg,0408010AEAAABAB,3,64.20330000000001
443,A81029,Memantine HCl_Tab 20mg,0411000G0AAADAD,8,63.9072
444,A81042,Memantine HCl_Tab 20mg,0411000G0AAADAD,28,63.896000000000015
445,A81051,Memantine HCl_Tab 20mg,0411000G0AAADAD,5,63.896
39,A81018,Pregabalin_Cap 75mg,0408010AEAAACAC,15,59.97599999999999
493,A81018,Pregabalin_Cap 50mg,0408010AEAAABAB,9,57.103199999999994
446,Y00286,Memantine HCl_Tab 20mg,0411000G0AAADAD,1,56.99960000000001
40,A81009,Pregabalin_Cap 75mg,0408010AEAAACAC,13,56.78399999999999
388,A81018,Pregabalin_Cap 25mg,0408010AEAAAAAA,3,56.3976
589,A81020,Atorvastatin_Tab 80mg,0212000B0AAADAD,105,49.392000000000024
435,A81026,Montelukast_Tab 10mg,0303020G0AAABAB,7,48.764799999999994
436,A81026,Montelukast_Tab 10mg,0303020G0AAABAB,101,48.6416
5,A81009,Atorvastatin_Tab 20mg,0212000B0AAABAB,246,45.46080000000001
87,A81026,Paracet_Tab 500mg,0407010H0AAAMAM,119,45.315200000000004
86,A81026,Paracet_Tab 500mg,0407010H0AAAMAM,119,45.315200000000004
6,A81005,Atorvastatin_Tab 20mg,0212000B0AAABAB,329,45.13880000000002
7,A81026,Atorvastatin_Tab 20mg,0212000B0AAABAB,124,45.13600000000004
8,A81012,Atorvastatin_Tab 20mg,0212000B0AAABAB,77,45.0604
9,A81004,Atorvastatin_Tab 20mg,0212000B0AAABAB,146,44.96800000000004
417,A81020,Atorvastatin_Tab 40mg,0212000B0AAACAC,109,44.55919999999998
418,A81019,Atorvastatin_Tab 40mg,0212000B0AAACAC,34,44.553599999999996
419,A81037,Atorvastatin_Tab 40mg,0212000B0AAACAC,28,44.531200000000005
420,A81026,Atorvastatin_Tab 40mg,0212000B0AAACAC,62,44.441599999999994
473,A81049,Aripiprazole_Tab 10mg,0402010ADAAAAAA,1,43.6156
389,A81018,Pregabalin_Cap 25mg,0408010AEAAAAAA,3,42.315000000000005
89,A81037,Paracet_Tab 500mg,0407010H0AAAMAM,67,34.5184
88,A81037,Paracet_Tab 500mg,0407010H0AAAMAM,67,34.5184
90,A81022,Paracet_Tab 500mg,0407010H0AAAMAM,78,29.7024
91,A81022,Paracet_Tab 500mg,0407010H0AAAMAM,78,29.7024
590,A81052,Atorvastatin_Tab 80mg,0212000B0AAADAD,113,26.577600000000015
591,A81032,Atorvastatin_Tab 80mg,0212000B0AAADAD,93,24.73800000000002
437,A81005,Montelukast_Tab 10mg,0303020G0AAABAB,40,24.416000000000007
438,A81018,Montelukast_Tab 10mg,0303020G0AAABAB,26,24.387999999999998
439,A81051,Montelukast_Tab 10mg,0303020G0AAABAB,11,24.3628
10,A81051,Atorvastatin_Tab 20mg,0212000B0AAABAB,157,22.859200000000016
11,A81048,Atorvastatin_Tab 20mg,0212000B0AAABAB,291,22.81440000000003
12,A81013,Atorvastatin_Tab 20mg,0212000B0AAABAB,177,22.797600000000035
13,A81049,Atorvastatin_Tab 20mg,0212000B0AAABAB,159,22.7052
14,A81032,Atorvastatin_Tab 20mg,0212000B0AAABAB,425,22.61000000000007
15,A81019,Atorvastatin_Tab 20mg,0212000B0AAABAB,252,22.57920000000001
16,A81030,Atorvastatin_Tab 20mg,0212000B0AAABAB,51,22.562400000000004
421,A81042,Atorvastatin_Tab 40mg,0212000B0AAACAC,330,22.175999999999995
390,A81018,Pregabalin_Cap 25mg,0408010AEAAAAAA,1,21.147000000000002
440,A81042,Montelukast_Tab 10mg,0303020G0AAABAB,19,18.3008
447,A81020,Memantine HCl_Tab 20mg,0411000G0AAADAD,1,15.974700000000002
92,A81065,Paracet_Tab 500mg,0407010H0AAAMAM,12,15.120000000000001
93,A81065,Paracet_Tab 500mg,0407010H0AAAMAM,12,15.120000000000001
95,A81018,Paracet_Tab 500mg,0407010H0AAAMAM,43,12.52159999999999
94,A81018,Paracet_Tab 500mg,0407010H0AAAMAM,43,12.52159999999999
97,A81029,Paracet_Tab 500mg,0407010H0AAAMAM,32,11.468800000000005
96,A81029,Paracet_Tab 500mg,0407010H0AAAMAM,32,11.468800000000005
99,A81042,Paracet_Tab 500mg,0407010H0AAAMAM,23,11.334400000000002
98,A81042,Paracet_Tab 500mg,0407010H0AAAMAM,23,11.334400000000002
101,A81029,Paracet_Tab 500mg,0407010H0AAAMAM,28,11.289599999999997
100,A81029,Paracet_Tab 500mg,0407010H0AAAMAM,28,11.289599999999997
422,A81030,Atorvastatin_Tab 40mg,0212000B0AAACAC,22,11.118800000000002
103,A81042,Paracet_Tab 500mg,0407010H0AAAMAM,2,11.088000000000001
102,A81042,Paracet_Tab 500mg,0407010H0AAAMAM,2,11.088000000000001
104,A81023,Paracet_Tab 500mg,0407010H0AAAMAM,38,11.065599999999993
105,A81023,Paracet_Tab 500mg,0407010H0AAAMAM,38,11.065599999999993
106,A81052,Paracet_Tab 500mg,0407010H0AAAMAM,61,10.931200000000029
107,A81052,Paracet_Tab 500mg,0407010H0AAAMAM,61,10.931200000000029
108,A81020,Paracet_Tab 500mg,0407010H0AAAMAM,48,10.75200000000001
109,A81020,Paracet_Tab 500mg,0407010H0AAAMAM,48,10.75200000000001
111,A81026,Paracet_Tab 500mg,0407010H0AAAMAM,73,10.219999999999988
110,A81026,Paracet_Tab 500mg,0407010H0AAAMAM,73,10.219999999999988
113,A81052,Paracet_Tab 500mg,0407010H0AAAMAM,46,10.120000000000003
112,A81052,Paracet_Tab 500mg,0407010H0AAAMAM,46,10.120000000000003
114,A81030,Paracet_Tab 500mg,0407010H0AAAMAM,72,10.07999999999999
115,A81030,Paracet_Tab 500mg,0407010H0AAAMAM,72,10.07999999999999
117,A81048,Paracet_Tab 500mg,0407010H0AAAMAM,20,8.568000000000001
116,A81048,Paracet_Tab 500mg,0407010H0AAAMAM,20,8.568000000000001
118,A81016,Paracet_Tab 500mg,0407010H0AAAMAM,45,8.316000000000003
119,A81016,Paracet_Tab 500mg,0407010H0AAAMAM,45,8.316000000000003
120,A81026,Paracet_Tab 500mg,0407010H0AAAMAM,163,8.150000000000007
121,A81026,Paracet_Tab 500mg,0407010H0AAAMAM,163,8.150000000000007
122,A81029,Paracet_Tab 500mg,0407010H0AAAMAM,41,7.380000000000012
123,A81029,Paracet_Tab 500mg,0407010H0AAAMAM,41,7.380000000000012
17,A81004,Atorvastatin_Tab 20mg,0212000B0AAABAB,1,7.2378
124,A81016,Paracet_Tab 500mg,0407010H0AAAMAM,98,6.859999999999992
125,A81016,Paracet_Tab 500mg,0407010H0AAAMAM,98,6.859999999999992
127,A81042,Paracet_Tab 500mg,0407010H0AAAMAM,199,5.970000000000033
126,A81042,Paracet_Tab 500mg,0407010H0AAAMAM,199,5.970000000000033
128,A81018,Paracet_Tab 500mg,0407010H0AAAMAM,193,5.790000000000032
129,A81018,Paracet_Tab 500mg,0407010H0AAAMAM,193,5.790000000000032
592,A81016,Atorvastatin_Tab 80mg,0212000B0AAADAD,84,3.528000000000003
593,A81030,Atorvastatin_Tab 80mg,0212000B0AAADAD,48,3.4944000000000255
131,A81029,Paracet_Tab 500mg,0407010H0AAAMAM,86,3.440000000000009
130,A81029,Paracet_Tab 500mg,0407010H0AAAMAM,86,3.440000000000009
133,A81016,Paracet_Tab 500mg,0407010H0AAAMAM,68,3.0464000000000344
132,A81016,Paracet_Tab 500mg,0407010H0AAAMAM,68,3.0464000000000344
441,A81019,Montelukast_Tab 10mg,0303020G0AAABAB,3,1.9992
442,A81621,Montelukast_Tab 10mg,0303020G0AAABAB,22,1.971200000000001
135,A81020,Paracet_Tab 500mg,0407010H0AAAMAM,96,1.9200000000000217
134,A81020,Paracet_Tab 500mg,0407010H0AAAMAM,96,1.9200000000000217
594,A81009,Atorvastatin_Tab 80mg,0212000B0AAADAD,101,1.6968000000000094
137,A81009,Paracet_Tab 500mg,0407010H0AAAMAM,1,0.8111999999999999
136,A81009,Paracet_Tab 500mg,0407010H0AAAMAM,1,0.8111999999999999
423,A81023,Atorvastatin_Tab 40mg,0212000B0AAACAC,34,0.5712000000000031
139,A81048,Paracet_Tab 500mg,0407010H0AAAMAM,23,0.4599999999999972
138,A81048,Paracet_Tab 500mg,0407010H0AAAMAM,23,0.4599999999999972
595,A81021,Atorvastatin_Tab 80mg,0212000B0AAADAD,79,0.16590000000000477
448,A81021,Memantine HCl_Tab 20mg,0411000G0AAADAD,33,0.16169999999999982
494,A81022,Pregabalin_Cap 50mg,0408010AEAAABAB,27,0.15120000000000433
596,A81042,Atorvastatin_Tab 80mg,0212000B0AAADAD,66,0.13860000000000397
41,A81048,Pregabalin_Cap 75mg,0408010AEAAACAC,24,0.1343999999999992
449,A81042,Memantine HCl_Tab 20mg,0411000G0AAADAD,27,0.13229999999999986
450,A81052,Memantine HCl_Tab 20mg,0411000G0AAADAD,27,0.13229999999999986
597,A81012,Atorvastatin_Tab 80mg,0212000B0AAADAD,55,0.11550000000000331
598,A81029,Atorvastatin_Tab 80mg,0212000B0AAADAD,52,0.10920000000000313
495,A81021,Pregabalin_Cap 50mg,0408010AEAAABAB,19,0.10640000000000305
42,A81043,Pregabalin_Cap 75mg,0408010AEAAACAC,19,0.10639999999999936
496,A81019,Pregabalin_Cap 50mg,0408010AEAAABAB,16,0.08960000000000257
451,A81048,Memantine HCl_Tab 20mg,0411000G0AAADAD,18,0.0881999999999999
599,A81048,Atorvastatin_Tab 80mg,0212000B0AAADAD,41,0.08610000000000247
497,A81043,Pregabalin_Cap 50mg,0408010AEAAABAB,15,0.0840000000000024
140,A81021,Paracet_Tab 500mg,0407010H0AAAMAM,20,0.08399999999999949
141,A81021,Paracet_Tab 500mg,0407010H0AAAMAM,20,0.08399999999999949
391,A81026,Pregabalin_Cap 25mg,0408010AEAAAAAA,18,0.08279999999999987
500,A81030,Pregabalin_Cap 50mg,0408010AEAAABAB,14,0.07840000000000225
499,A81016,Pregabalin_Cap 50mg,0408010AEAAABAB,14,0.07840000000000225
498,A81012,Pregabalin_Cap 50mg,0408010AEAAABAB,14,0.07840000000000225
600,A81049,Atorvastatin_Tab 80mg,0212000B0AAADAD,37,0.07770000000000223
501,A81054,Pregabalin_Cap 50mg,0408010AEAAABAB,12,0.06720000000000192
44,A81042,Pregabalin_Cap 75mg,0408010AEAAACAC,12,0.0671999999999996
43,A81021,Pregabalin_Cap 75mg,0408010AEAAACAC,12,0.0671999999999996
601,A81053,Atorvastatin_Tab 80mg,0212000B0AAADAD,31,0.06510000000000186
602,A81016,Atorvastatin_Tab 80mg,0212000B0AAADAD,30,0.0630000000000018
504,A81048,Pregabalin_Cap 50mg,0408010AEAAABAB,11,0.061600000000001764
503,A81064,Pregabalin_Cap 50mg,0408010AEAAABAB,11,0.061600000000001764
502,Y00286,Pregabalin_Cap 50mg,0408010AEAAABAB,11,0.061600000000001764
505,A81026,Pregabalin_Cap 50mg,0408010AEAAABAB,11,0.061600000000001764
142,A81042,Paracet_Tab 500mg,0407010H0AAAMAM,10,0.05999999999999964
145,A81018,Paracet_Tab 500mg,0407010H0AAAMAM,10,0.05999999999999964
147,A81019,Paracet_Tab 500mg,0407010H0AAAMAM,10,0.05999999999999964
143,A81019,Paracet_Tab 500mg,0407010H0AAAMAM,10,0.05999999999999964
146,A81042,Paracet_Tab 500mg,0407010H0AAAMAM,10,0.05999999999999964
144,A81018,Paracet_Tab 500mg,0407010H0AAAMAM,10,0.05999999999999964
506,A81013,Pregabalin_Cap 50mg,0408010AEAAABAB,10,0.056000000000001604
507,A81618,Pregabalin_Cap 50mg,0408010AEAAABAB,10,0.056000000000001604
508,A81004,Pregabalin_Cap 50mg,0408010AEAAABAB,10,0.056000000000001604
148,A81053,Paracet_Tab 500mg,0407010H0AAAMAM,20,0.05599999999999966
47,A81037,Pregabalin_Cap 75mg,0408010AEAAACAC,10,0.05599999999999966
45,A81018,Pregabalin_Cap 75mg,0408010AEAAACAC,10,0.05599999999999966
46,A81029,Pregabalin_Cap 75mg,0408010AEAAACAC,10,0.05599999999999966
149,A81053,Paracet_Tab 500mg,0407010H0AAAMAM,20,0.05599999999999966
153,A81043,Paracet_Tab 500mg,0407010H0AAAMAM,9,0.05399999999999967
152,A81026,Paracet_Tab 500mg,0407010H0AAAMAM,9,0.05399999999999967
151,A81043,Paracet_Tab 500mg,0407010H0AAAMAM,9,0.05399999999999967
150,A81026,Paracet_Tab 500mg,0407010H0AAAMAM,9,0.05399999999999967
453,A81045,Memantine HCl_Tab 20mg,0411000G0AAADAD,11,0.05389999999999994
452,A81018,Memantine HCl_Tab 20mg,0411000G0AAADAD,11,0.05389999999999994
603,A81026,Atorvastatin_Tab 80mg,0212000B0AAADAD,24,0.050400000000001444
512,A81611,Pregabalin_Cap 50mg,0408010AEAAABAB,9,0.050400000000001444
510,A81029,Pregabalin_Cap 50mg,0408010AEAAABAB,9,0.050400000000001444
509,A81058,Pregabalin_Cap 50mg,0408010AEAAABAB,9,0.050400000000001444
511,A81045,Pregabalin_Cap 50mg,0408010AEAAABAB,9,0.050400000000001444
48,A81030,Pregabalin_Cap 75mg,0408010AEAAACAC,9,0.050399999999999695
157,A81021,Paracet_Tab 500mg,0407010H0AAAMAM,8,0.04799999999999971
159,A81021,Paracet_Tab 500mg,0407010H0AAAMAM,8,0.04799999999999971
154,A81013,Paracet_Tab 500mg,0407010H0AAAMAM,8,0.04799999999999971
155,A81018,Paracet_Tab 500mg,0407010H0AAAMAM,15,0.04799999999999971
156,A81018,Paracet_Tab 500mg,0407010H0AAAMAM,15,0.04799999999999971
158,A81013,Paracet_Tab 500mg,0407010H0AAAMAM,8,0.04799999999999971
604,A81052,Atorvastatin_Tab 80mg,0212000B0AAADAD,22,0.04620000000000132
605,A81037,Atorvastatin_Tab 80mg,0212000B0AAADAD,22,0.04620000000000132
514,A81030,Pregabalin_Cap 50mg,0408010AEAAABAB,11,0.046199999999999186
513,A81618,Pregabalin_Cap 50mg,0408010AEAAABAB,11,0.046199999999999186
516,A81020,Pregabalin_Cap 50mg,0408010AEAAABAB,8,0.04480000000000128
517,A81042,Pregabalin_Cap 50mg,0408010AEAAABAB,8,0.04480000000000128
515,A81032,Pregabalin_Cap 50mg,0408010AEAAABAB,8,0.04480000000000128
160,A81048,Paracet_Tab 500mg,0407010H0AAAMAM,16,0.04479999999999973
50,A81054,Pregabalin_Cap 75mg,0408010AEAAACAC,8,0.04479999999999973
162,A81018,Paracet_Tab 500mg,0407010H0AAAMAM,7,0.04479999999999973
161,A81048,Paracet_Tab 500mg,0407010H0AAAMAM,16,0.04479999999999973
49,A81026,Pregabalin_Cap 75mg,0408010AEAAACAC,8,0.04479999999999973
163,A81018,Paracet_Tab 500mg,0407010H0AAAMAM,7,0.04479999999999973
607,A81045,Atorvastatin_Tab 80mg,0212000B0AAADAD,21,0.04410000000000126
606,A81038,Atorvastatin_Tab 80mg,0212000B0AAADAD,21,0.04410000000000126
608,A81035,Atorvastatin_Tab 80mg,0212000B0AAADAD,20,0.0420000000000012
165,A81020,Paracet_Tab 500mg,0407010H0AAAMAM,7,0.041999999999999746
164,A81020,Paracet_Tab 500mg,0407010H0AAAMAM,7,0.041999999999999746
166,A81021,Paracet_Tab 500mg,0407010H0AAAMAM,15,0.041999999999999746
167,A81021,Paracet_Tab 500mg,0407010H0AAAMAM,15,0.041999999999999746
609,A81618,Atorvastatin_Tab 80mg,0212000B0AAADAD,19,0.03990000000000114
519,A81052,Pregabalin_Cap 50mg,0408010AEAAABAB,7,0.03920000000000112
520,A81053,Pregabalin_Cap 50mg,0408010AEAAABAB,7,0.03920000000000112
518,A81037,Pregabalin_Cap 50mg,0408010AEAAABAB,7,0.03920000000000112
454,A81030,Memantine HCl_Tab 20mg,0411000G0AAADAD,8,0.03919999999999996
51,A81023,Pregabalin_Cap 75mg,0408010AEAAACAC,7,0.03919999999999976
168,A81029,Paracet_Tab 500mg,0407010H0AAAMAM,9,0.03779999999999977
169,A81029,Paracet_Tab 500mg,0407010H0AAAMAM,9,0.03779999999999977
171,A81045,Paracet_Tab 500mg,0407010H0AAAMAM,6,0.03599999999999978
170,A81054,Paracet_Tab 500mg,0407010H0AAAMAM,6,0.03599999999999978
172,A81005,Paracet_Tab 500mg,0407010H0AAAMAM,6,0.03599999999999978
173,A81045,Paracet_Tab 500mg,0407010H0AAAMAM,6,0.03599999999999978
174,A81005,Paracet_Tab 500mg,0407010H0AAAMAM,6,0.03599999999999978
175,A81054,Paracet_Tab 500mg,0407010H0AAAMAM,6,0.03599999999999978
455,A81618,Memantine HCl_Tab 20mg,0411000G0AAADAD,7,0.03429999999999996
178,A81618,Paracet_Tab 500mg,0407010H0AAAMAM,12,0.0335999999999998
176,A81618,Paracet_Tab 500mg,0407010H0AAAMAM,12,0.0335999999999998
177,A81045,Paracet_Tab 500mg,0407010H0AAAMAM,8,0.0335999999999998
179,A81016,Paracet_Tab 500mg,0407010H0AAAMAM,8,0.0335999999999998
180,A81037,Paracet_Tab 500mg,0407010H0AAAMAM,12,0.0335999999999998
181,A81016,Paracet_Tab 500mg,0407010H0AAAMAM,8,0.0335999999999998
182,A81045,Paracet_Tab 500mg,0407010H0AAAMAM,8,0.0335999999999998
183,A81037,Paracet_Tab 500mg,0407010H0AAAMAM,12,0.0335999999999998
393,A81012,Pregabalin_Cap 25mg,0408010AEAAAAAA,8,0.03359999999999941
392,A81054,Pregabalin_Cap 25mg,0408010AEAAAAAA,8,0.03359999999999941
521,A81022,Pregabalin_Cap 50mg,0408010AEAAABAB,8,0.03359999999999941
522,A81043,Pregabalin_Cap 50mg,0408010AEAAABAB,8,0.03359999999999941
523,A81058,Pregabalin_Cap 50mg,0408010AEAAABAB,8,0.03359999999999941
184,A81045,Paracet_Tab 500mg,0407010H0AAAMAM,11,0.030799999999999814
185,A81045,Paracet_Tab 500mg,0407010H0AAAMAM,11,0.030799999999999814
186,A81052,Paracet_Tab 500mg,0407010H0AAAMAM,5,0.02999999999999982
187,A81052,Paracet_Tab 500mg,0407010H0AAAMAM,5,0.02999999999999982
456,A81053,Memantine HCl_Tab 20mg,0411000G0AAADAD,6,0.029399999999999968
457,A81043,Memantine HCl_Tab 20mg,0411000G0AAADAD,6,0.029399999999999968
525,A81020,Pregabalin_Cap 50mg,0408010AEAAABAB,7,0.029399999999999482
524,A81021,Pregabalin_Cap 50mg,0408010AEAAABAB,7,0.029399999999999482
394,A81043,Pregabalin_Cap 25mg,0408010AEAAAAAA,7,0.029399999999999482
526,A81051,Pregabalin_Cap 50mg,0408010AEAAABAB,5,0.028000000000000802
475,A81018,Aripiprazole_Tab 10mg,0402010ADAAAAAA,5,0.028000000000000802
474,A81023,Aripiprazole_Tab 10mg,0402010ADAAAAAA,5,0.028000000000000802
189,A81042,Paracet_Tab 500mg,0407010H0AAAMAM,10,0.02799999999999983
53,A81016,Pregabalin_Cap 75mg,0408010AEAAACAC,5,0.02799999999999983
188,A81042,Paracet_Tab 500mg,0407010H0AAAMAM,10,0.02799999999999983
54,A81053,Pregabalin_Cap 75mg,0408010AEAAACAC,5,0.02799999999999983
52,A81618,Pregabalin_Cap 75mg,0408010AEAAACAC,5,0.02799999999999983
610,A81018,Atorvastatin_Tab 80mg,0212000B0AAADAD,13,0.027300000000000782
611,A81611,Atorvastatin_Tab 80mg,0212000B0AAADAD,13,0.027300000000000782
612,A81621,Atorvastatin_Tab 80mg,0212000B0AAADAD,13,0.027300000000000782
458,A81016,Memantine HCl_Tab 20mg,0411000G0AAADAD,5,0.024499999999999973
190,A81030,Paracet_Tab 500mg,0407010H0AAAMAM,4,0.023999999999999855
191,A81030,Paracet_Tab 500mg,0407010H0AAAMAM,4,0.023999999999999855
55,A81618,Pregabalin_Cap 75mg,0408010AEAAACAC,2,0.023999999999997357
613,A81054,Atorvastatin_Tab 80mg,0212000B0AAADAD,11,0.02310000000000066
614,A81030,Atorvastatin_Tab 80mg,0212000B0AAADAD,11,0.02310000000000066
476,A81042,Aripiprazole_Tab 10mg,0402010ADAAAAAA,4,0.02240000000000064
527,A81621,Pregabalin_Cap 50mg,0408010AEAAABAB,4,0.02240000000000064
528,A81023,Pregabalin_Cap 50mg,0408010AEAAABAB,4,0.02240000000000064
197,A81051,Paracet_Tab 500mg,0407010H0AAAMAM,8,0.022399999999999864
61,A81045,Pregabalin_Cap 75mg,0408010AEAAACAC,4,0.022399999999999864
60,A81019,Pregabalin_Cap 75mg,0408010AEAAACAC,4,0.022399999999999864
59,A81012,Pregabalin_Cap 75mg,0408010AEAAACAC,4,0.022399999999999864
192,A81016,Paracet_Tab 500mg,0407010H0AAAMAM,8,0.022399999999999864
193,A81016,Paracet_Tab 500mg,0407010H0AAAMAM,8,0.022399999999999864
194,A81029,Paracet_Tab 500mg,0407010H0AAAMAM,8,0.022399999999999864
195,A81029,Paracet_Tab 500mg,0407010H0AAAMAM,8,0.022399999999999864
196,A81004,Paracet_Tab 500mg,0407010H0AAAMAM,8,0.022399999999999864
198,A81004,Paracet_Tab 500mg,0407010H0AAAMAM,8,0.022399999999999864
199,A81051,Paracet_Tab 500mg,0407010H0AAAMAM,8,0.022399999999999864
58,A81020,Pregabalin_Cap 75mg,0408010AEAAACAC,4,0.022399999999999864
57,A81621,Pregabalin_Cap 75mg,0408010AEAAACAC,4,0.022399999999999864
56,A81049,Pregabalin_Cap 75mg,0408010AEAAACAC,8,0.022399999999999864
200,A81618,Paracet_Tab 500mg,0407010H0AAAMAM,5,0.020999999999999873
201,A81618,Paracet_Tab 500mg,0407010H0AAAMAM,5,0.020999999999999873
396,A81030,Pregabalin_Cap 25mg,0408010AEAAAAAA,10,0.02099999999999963
397,A81048,Pregabalin_Cap 25mg,0408010AEAAAAAA,5,0.02099999999999963
531,A81048,Pregabalin_Cap 50mg,0408010AEAAABAB,5,0.02099999999999963
532,A81023,Pregabalin_Cap 50mg,0408010AEAAABAB,5,0.02099999999999963
395,A81049,Pregabalin_Cap 25mg,0408010AEAAAAAA,5,0.02099999999999963
529,Y00286,Pregabalin_Cap 50mg,0408010AEAAABAB,5,0.02099999999999963
530,A81029,Pregabalin_Cap 50mg,0408010AEAAABAB,5,0.02099999999999963
459,A81054,Memantine HCl_Tab 20mg,0411000G0AAADAD,4,0.01959999999999998
460,A81013,Memantine HCl_Tab 20mg,0411000G0AAADAD,4,0.01959999999999998
461,A81023,Memantine HCl_Tab 20mg,0411000G0AAADAD,4,0.01959999999999998
462,A81611,Memantine HCl_Tab 20mg,0411000G0AAADAD,4,0.01959999999999998
203,A81054,Paracet_Tab 500mg,0407010H0AAAMAM,7,0.01959999999999988
202,A81054,Paracet_Tab 500mg,0407010H0AAAMAM,7,0.01959999999999988
615,A81064,Atorvastatin_Tab 80mg,0212000B0AAADAD,9,0.01890000000000054
616,A81019,Atorvastatin_Tab 80mg,0212000B0AAADAD,9,0.01890000000000054
211,A81053,Paracet_Tab 500mg,0407010H0AAAMAM,3,0.01799999999999989
209,A81618,Paracet_Tab 500mg,0407010H0AAAMAM,3,0.01799999999999989
208,A81618,Paracet_Tab 500mg,0407010H0AAAMAM,3,0.01799999999999989
207,A81058,Paracet_Tab 500mg,0407010H0AAAMAM,3,0.01799999999999989
206,A81032,Paracet_Tab 500mg,0407010H0AAAMAM,3,0.01799999999999989
205,A81058,Paracet_Tab 500mg,0407010H0AAAMAM,3,0.01799999999999989
204,A81032,Paracet_Tab 500mg,0407010H0AAAMAM,3,0.01799999999999989
210,A81053,Paracet_Tab 500mg,0407010H0AAAMAM,3,0.01799999999999989
536,A81065,Pregabalin_Cap 50mg,0408010AEAAABAB,3,0.01680000000000048
535,A81009,Pregabalin_Cap 50mg,0408010AEAAABAB,3,0.01680000000000048
534,A81035,Pregabalin_Cap 50mg,0408010AEAAABAB,3,0.01680000000000048
617,A81051,Atorvastatin_Tab 80mg,0212000B0AAADAD,8,0.01680000000000048
618,A81023,Atorvastatin_Tab 80mg,0212000B0AAADAD,8,0.01680000000000048
533,A81005,Pregabalin_Cap 50mg,0408010AEAAABAB,3,0.01680000000000048
220,A81018,Paracet_Tab 500mg,0407010H0AAAMAM,4,0.0167999999999999
62,A81035,Pregabalin_Cap 75mg,0408010AEAAACAC,3,0.0167999999999999
63,A81022,Pregabalin_Cap 75mg,0408010AEAAACAC,3,0.0167999999999999
64,A81065,Pregabalin_Cap 75mg,0408010AEAAACAC,3,0.0167999999999999
223,A81052,Paracet_Tab 500mg,0407010H0AAAMAM,4,0.0167999999999999
222,A81049,Paracet_Tab 500mg,0407010H0AAAMAM,6,0.0167999999999999
221,A81012,Paracet_Tab 500mg,0407010H0AAAMAM,4,0.0167999999999999
212,A81043,Paracet_Tab 500mg,0407010H0AAAMAM,4,0.0167999999999999
219,A81022,Paracet_Tab 500mg,0407010H0AAAMAM,4,0.0167999999999999
217,A81022,Paracet_Tab 500mg,0407010H0AAAMAM,4,0.0167999999999999
214,A81018,Paracet_Tab 500mg,0407010H0AAAMAM,4,0.0167999999999999
213,A81043,Paracet_Tab 500mg,0407010H0AAAMAM,4,0.0167999999999999
216,A81052,Paracet_Tab 500mg,0407010H0AAAMAM,4,0.0167999999999999
215,A81049,Paracet_Tab 500mg,0407010H0AAAMAM,6,0.0167999999999999
218,A81012,Paracet_Tab 500mg,0407010H0AAAMAM,4,0.0167999999999999
401,A81065,Pregabalin_Cap 25mg,0408010AEAAAAAA,4,0.016799999999999704
400,A81618,Pregabalin_Cap 25mg,0408010AEAAAAAA,4,0.016799999999999704
399,A81016,Pregabalin_Cap 25mg,0408010AEAAAAAA,4,0.016799999999999704
398,A81045,Pregabalin_Cap 25mg,0408010AEAAAAAA,4,0.016799999999999704
539,A81611,Pregabalin_Cap 50mg,0408010AEAAABAB,4,0.016799999999999704
538,A81012,Pregabalin_Cap 50mg,0408010AEAAABAB,4,0.016799999999999704
537,A81052,Pregabalin_Cap 50mg,0408010AEAAABAB,4,0.016799999999999704
622,A81020,Atorvastatin_Tab 80mg,0212000B0AAADAD,7,0.014700000000000421
621,A81043,Atorvastatin_Tab 80mg,0212000B0AAADAD,7,0.014700000000000421
620,A81022,Atorvastatin_Tab 80mg,0212000B0AAADAD,7,0.014700000000000421
619,A81013,Atorvastatin_Tab 80mg,0212000B0AAADAD,7,0.014700000000000421
463,A81058,Memantine HCl_Tab 20mg,0411000G0AAADAD,3,0.014699999999999984
464,A81035,Memantine HCl_Tab 20mg,0411000G0AAADAD,3,0.014699999999999984
227,A81018,Paracet_Tab 500mg,0407010H0AAAMAM,5,0.013999999999999915
228,A81018,Paracet_Tab 500mg,0407010H0AAAMAM,5,0.013999999999999915
229,A81026,Paracet_Tab 500mg,0407010H0AAAMAM,5,0.013999999999999915
225,A81052,Paracet_Tab 500mg,0407010H0AAAMAM,5,0.013999999999999915
224,A81026,Paracet_Tab 500mg,0407010H0AAAMAM,5,0.013999999999999915
226,A81052,Paracet_Tab 500mg,0407010H0AAAMAM,5,0.013999999999999915
623,A81054,Atorvastatin_Tab 80mg,0212000B0AAADAD,3,0.012600000000000361
238,A81053,Paracet_Tab 500mg,0407010H0AAAMAM,3,0.012599999999999924
232,A81042,Paracet_Tab 500mg,0407010H0AAAMAM,6,0.012599999999999924
237,A81042,Paracet_Tab 500mg,0407010H0AAAMAM,6,0.012599999999999924
234,A81009,Paracet_Tab 500mg,0407010H0AAAMAM,3,0.012599999999999924
233,A81042,Paracet_Tab 500mg,0407010H0AAAMAM,9,0.012599999999999924
235,A81009,Paracet_Tab 500mg,0407010H0AAAMAM,3,0.012599999999999924
236,Y00286,Paracet_Tab 500mg,0407010H0AAAMAM,3,0.012599999999999924
231,A81042,Paracet_Tab 500mg,0407010H0AAAMAM,9,0.012599999999999924
230,Y00286,Paracet_Tab 500mg,0407010H0AAAMAM,3,0.012599999999999924
239,A81053,Paracet_Tab 500mg,0407010H0AAAMAM,3,0.012599999999999924
403,A81611,Pregabalin_Cap 25mg,0408010AEAAAAAA,3,0.012599999999999778
543,A81054,Pregabalin_Cap 50mg,0408010AEAAABAB,3,0.012599999999999778
542,A81051,Pregabalin_Cap 50mg,0408010AEAAABAB,3,0.012599999999999778
402,A81051,Pregabalin_Cap 25mg,0408010AEAAAAAA,3,0.012599999999999778
540,A81042,Pregabalin_Cap 50mg,0408010AEAAABAB,3,0.012599999999999778
541,A81045,Pregabalin_Cap 50mg,0408010AEAAABAB,3,0.012599999999999778
248,A81009,Paracet_Tab 500mg,0407010H0AAAMAM,2,0.011999999999999927
247,A81038,Paracet_Tab 500mg,0407010H0AAAMAM,2,0.011999999999999927
241,A81038,Paracet_Tab 500mg,0407010H0AAAMAM,2,0.011999999999999927
242,A81064,Paracet_Tab 500mg,0407010H0AAAMAM,2,0.011999999999999927
243,A81016,Paracet_Tab 500mg,0407010H0AAAMAM,2,0.011999999999999927
244,A81048,Paracet_Tab 500mg,0407010H0AAAMAM,2,0.011999999999999927
249,A81012,Paracet_Tab 500mg,0407010H0AAAMAM,2,0.011999999999999927
246,A81016,Paracet_Tab 500mg,0407010H0AAAMAM,2,0.011999999999999927
245,A81012,Paracet_Tab 500mg,0407010H0AAAMAM,2,0.011999999999999927
240,A81048,Paracet_Tab 500mg,0407010H0AAAMAM,2,0.011999999999999927
250,A81009,Paracet_Tab 500mg,0407010H0AAAMAM,2,0.011999999999999927
251,A81064,Paracet_Tab 500mg,0407010H0AAAMAM,2,0.011999999999999927
65,A81016,Pregabalin_Cap 75mg,0408010AEAAACAC,1,0.011999999999998678
66,A81018,Pregabalin_Cap 75mg,0408010AEAAACAC,1,0.011999999999998678
478,A81032,Aripiprazole_Tab 10mg,0402010ADAAAAAA,2,0.01120000000000032
544,A81038,Pregabalin_Cap 50mg,0408010AEAAABAB,2,0.01120000000000032
477,A81058,Aripiprazole_Tab 10mg,0402010ADAAAAAA,2,0.01120000000000032
255,A81611,Paracet_Tab 500mg,0407010H0AAAMAM,4,0.011199999999999932
254,A81038,Paracet_Tab 500mg,0407010H0AAAMAM,4,0.011199999999999932
68,A81021,Pregabalin_Cap 75mg,0408010AEAAACAC,4,0.011199999999999932
69,A81054,Pregabalin_Cap 75mg,0408010AEAAACAC,4,0.011199999999999932
70,Y00286,Pregabalin_Cap 75mg,0408010AEAAACAC,4,0.011199999999999932
71,A81064,Pregabalin_Cap 75mg,0408010AEAAACAC,2,0.011199999999999932
72,A81042,Pregabalin_Cap 75mg,0408010AEAAACAC,4,0.011199999999999932
253,A81038,Paracet_Tab 500mg,0407010H0AAAMAM,4,0.011199999999999932
252,A81611,Paracet_Tab 500mg,0407010H0AAAMAM,4,0.011199999999999932
67,A81051,Pregabalin_Cap 75mg,0408010AEAAACAC,2,0.011199999999999932
404,A81048,Pregabalin_Cap 25mg,0408010AEAAAAAA,5,0.010499999999999815
405,A81021,Pregabalin_Cap 25mg,0408010AEAAAAAA,5,0.010499999999999815
465,A81019,Memantine HCl_Tab 20mg,0411000G0AAADAD,2,0.00979999999999999
257,A81042,Paracet_Tab 500mg,0407010H0AAAMAM,3,0.008999999999999946
256,A81042,Paracet_Tab 500mg,0407010H0AAAMAM,3,0.008999999999999946
625,A81065,Atorvastatin_Tab 80mg,0212000B0AAADAD,4,0.00840000000000024
626,A81004,Atorvastatin_Tab 80mg,0212000B0AAADAD,4,0.00840000000000024
627,Y00286,Atorvastatin_Tab 80mg,0212000B0AAADAD,4,0.00840000000000024
624,A81058,Atorvastatin_Tab 80mg,0212000B0AAADAD,4,0.00840000000000024
261,A81030,Paracet_Tab 500mg,0407010H0AAAMAM,4,0.00839999999999995
260,A81048,Paracet_Tab 500mg,0407010H0AAAMAM,4,0.00839999999999995
259,A81030,Paracet_Tab 500mg,0407010H0AAAMAM,4,0.00839999999999995
258,A81048,Paracet_Tab 500mg,0407010H0AAAMAM,4,0.00839999999999995
406,A81022,Pregabalin_Cap 25mg,0408010AEAAAAAA,4,0.008399999999999852
73,A81032,Pregabalin_Cap 75mg,0408010AEAAACAC,1,0.008399999999999658
263,A81049,Paracet_Tab 500mg,0407010H0AAAMAM,1,0.00800000000000009
262,A81049,Paracet_Tab 500mg,0407010H0AAAMAM,1,0.00800000000000009
265,A81052,Paracet_Tab 500mg,0407010H0AAAMAM,5,0.006999999999999958
264,A81052,Paracet_Tab 500mg,0407010H0AAAMAM,5,0.006999999999999958
628,A81009,Atorvastatin_Tab 80mg,0212000B0AAADAD,3,0.0063000000000001805
424,A81029,Atorvastatin_Tab 40mg,0212000B0AAACAC,1,0.006000000000000172
266,A81037,Paracet_Tab 500mg,0407010H0AAAMAM,1,0.005999999999999964
267,A81633,Paracet_Tab 500mg,0407010H0AAAMAM,1,0.005999999999999964
268,A81621,Paracet_Tab 500mg,0407010H0AAAMAM,2,0.005999999999999964
269,A81621,Paracet_Tab 500mg,0407010H0AAAMAM,2,0.005999999999999964
270,A81037,Paracet_Tab 500mg,0407010H0AAAMAM,1,0.005999999999999964
271,A81633,Paracet_Tab 500mg,0407010H0AAAMAM,1,0.005999999999999964
545,A81049,Pregabalin_Cap 50mg,0408010AEAAABAB,1,0.00560000000000016
272,A81064,Paracet_Tab 500mg,0407010H0AAAMAM,4,0.005599999999999966
273,A81054,Paracet_Tab 500mg,0407010H0AAAMAM,4,0.005599999999999966
274,A81023,Paracet_Tab 500mg,0407010H0AAAMAM,4,0.005599999999999966
275,A81054,Paracet_Tab 500mg,0407010H0AAAMAM,4,0.005599999999999966
276,A81023,Paracet_Tab 500mg,0407010H0AAAMAM,4,0.005599999999999966
277,A81064,Paracet_Tab 500mg,0407010H0AAAMAM,4,0.005599999999999966
76,A81611,Pregabalin_Cap 75mg,0408010AEAAACAC,1,0.005599999999999966
75,A81038,Pregabalin_Cap 75mg,0408010AEAAACAC,1,0.005599999999999966
74,A81004,Pregabalin_Cap 75mg,0408010AEAAACAC,1,0.005599999999999966
425,A81037,Atorvastatin_Tab 40mg,0212000B0AAACAC,1,0.00540000000000003
426,A81018,Atorvastatin_Tab 40mg,0212000B0AAACAC,1,0.0048000000000001375
278,A81038,Paracet_Tab 500mg,0407010H0AAAMAM,1,0.004800000000000054
279,A81038,Paracet_Tab 500mg,0407010H0AAAMAM,1,0.004800000000000054
77,A81021,Pregabalin_Cap 75mg,0408010AEAAACAC,1,0.004799999999999971
18,A81051,Atorvastatin_Tab 20mg,0212000B0AAABAB,1,0.004700000000000135
19,A81026,Atorvastatin_Tab 20mg,0212000B0AAABAB,1,0.004400000000000015
632,A81049,Atorvastatin_Tab 80mg,0212000B0AAADAD,1,0.00420000000000012
631,A81048,Atorvastatin_Tab 80mg,0212000B0AAADAD,1,0.00420000000000012
634,A81016,Atorvastatin_Tab 80mg,0212000B0AAADAD,1,0.00420000000000012
629,A81038,Atorvastatin_Tab 80mg,0212000B0AAADAD,1,0.00420000000000012
633,A81009,Atorvastatin_Tab 80mg,0212000B0AAADAD,1,0.00420000000000012
630,A81043,Atorvastatin_Tab 80mg,0212000B0AAADAD,1,0.00420000000000012
280,A81020,Paracet_Tab 500mg,0407010H0AAAMAM,3,0.004199999999999975
281,A81020,Paracet_Tab 500mg,0407010H0AAAMAM,3,0.004199999999999975
546,A81049,Pregabalin_Cap 50mg,0408010AEAAABAB,1,0.004199999999999926
550,A81037,Pregabalin_Cap 50mg,0408010AEAAABAB,1,0.004199999999999926
547,A81013,Pregabalin_Cap 50mg,0408010AEAAABAB,1,0.004199999999999926
407,A81021,Pregabalin_Cap 25mg,0408010AEAAAAAA,1,0.004199999999999926
548,A81064,Pregabalin_Cap 50mg,0408010AEAAABAB,1,0.004199999999999926
549,Y05107,Pregabalin_Cap 50mg,0408010AEAAABAB,1,0.004199999999999926
427,A81618,Atorvastatin_Tab 40mg,0212000B0AAACAC,1,0.004000000000000115
551,A81052,Pregabalin_Cap 50mg,0408010AEAAABAB,1,0.003999999999999837
466,A81016,Memantine HCl_Tab 20mg,0411000G0AAADAD,1,0.003799999999999977
428,A81052,Atorvastatin_Tab 40mg,0212000B0AAACAC,1,0.003799999999999977
20,Y00286,Atorvastatin_Tab 20mg,0212000B0AAABAB,1,0.00360000000000002
429,A81052,Atorvastatin_Tab 40mg,0212000B0AAACAC,1,0.00360000000000002
21,A81019,Atorvastatin_Tab 20mg,0212000B0AAABAB,1,0.0033000000000000945
552,A81611,Pregabalin_Cap 50mg,0408010AEAAABAB,1,0.003299999999999942
467,A81618,Memantine HCl_Tab 20mg,0411000G0AAADAD,1,0.0032000000000000917
24,A81045,Atorvastatin_Tab 20mg,0212000B0AAABAB,1,0.0030000000000000165
23,A81053,Atorvastatin_Tab 20mg,0212000B0AAABAB,1,0.0030000000000000165
22,A81618,Atorvastatin_Tab 20mg,0212000B0AAABAB,1,0.0030000000000000165
284,A81032,Paracet_Tab 500mg,0407010H0AAAMAM,1,0.002999999999999982
288,A81030,Paracet_Tab 500mg,0407010H0AAAMAM,1,0.002999999999999982
289,A81053,Paracet_Tab 500mg,0407010H0AAAMAM,1,0.002999999999999982
286,A81021,Paracet_Tab 500mg,0407010H0AAAMAM,1,0.002999999999999982
287,A81032,Paracet_Tab 500mg,0407010H0AAAMAM,1,0.002999999999999982
282,A81030,Paracet_Tab 500mg,0407010H0AAAMAM,1,0.002999999999999982
285,A81053,Paracet_Tab 500mg,0407010H0AAAMAM,1,0.002999999999999982
283,A81021,Paracet_Tab 500mg,0407010H0AAAMAM,1,0.002999999999999982
78,A81064,Pregabalin_Cap 75mg,0408010AEAAACAC,1,0.002799999999999983
430,A81058,Atorvastatin_Tab 40mg,0212000B0AAACAC,1,0.0020000000000000573
468,A81021,Memantine HCl_Tab 20mg,0411000G0AAADAD,1,0.0018000000000000516
469,A81054,Memantine HCl_Tab 20mg,0411000G0AAADAD,1,0.0013999999999999985
470,A81026,Memantine HCl_Tab 20mg,0411000G0AAADAD,1,0.0013999999999999985
25,A81052,Atorvastatin_Tab 20mg,0212000B0AAABAB,1,-0.0013999999999999985
26,A81037,Atorvastatin_Tab 20mg,0212000B0AAABAB,1,-0.0014999999999999389
635,A81021,Atorvastatin_Tab 80mg,0212000B0AAADAD,1,-0.0020000000000000573
480,A81023,Aripiprazole_Tab 10mg,0402010ADAAAAAA,1,-0.002099999999999963
479,A81064,Aripiprazole_Tab 10mg,0402010ADAAAAAA,1,-0.002099999999999963
27,A81618,Atorvastatin_Tab 20mg,0212000B0AAABAB,1,-0.0022999999999999063
561,A81058,Pregabalin_Cap 50mg,0408010AEAAABAB,1,-0.00280000000000008
560,A81037,Pregabalin_Cap 50mg,0408010AEAAABAB,1,-0.00280000000000008
559,A81012,Pregabalin_Cap 50mg,0408010AEAAABAB,1,-0.00280000000000008
558,A81051,Pregabalin_Cap 50mg,0408010AEAAABAB,1,-0.00280000000000008
557,A81013,Pregabalin_Cap 50mg,0408010AEAAABAB,1,-0.00280000000000008
556,A81054,Pregabalin_Cap 50mg,0408010AEAAABAB,1,-0.00280000000000008
555,A81032,Pregabalin_Cap 50mg,0408010AEAAABAB,1,-0.00280000000000008
554,A81053,Pregabalin_Cap 50mg,0408010AEAAABAB,1,-0.00280000000000008
562,A81029,Pregabalin_Cap 50mg,0408010AEAAABAB,1,-0.00280000000000008
563,A81009,Pregabalin_Cap 50mg,0408010AEAAABAB,1,-0.00280000000000008
553,A81065,Pregabalin_Cap 50mg,0408010AEAAABAB,1,-0.00280000000000008
432,A81037,Atorvastatin_Tab 40mg,0212000B0AAACAC,1,-0.0029999999999998778
433,A81043,Atorvastatin_Tab 40mg,0212000B0AAACAC,1,-0.0029999999999998778
31,A81038,Atorvastatin_Tab 20mg,0212000B0AAABAB,1,-0.0029999999999998778
28,A81020,Atorvastatin_Tab 20mg,0212000B0AAABAB,1,-0.0029999999999998778
431,A81030,Atorvastatin_Tab 40mg,0212000B0AAACAC,1,-0.0029999999999998778
29,A81021,Atorvastatin_Tab 20mg,0212000B0AAABAB,1,-0.0029999999999998778
32,A81058,Atorvastatin_Tab 20mg,0212000B0AAABAB,1,-0.0029999999999998778
33,A81029,Atorvastatin_Tab 20mg,0212000B0AAABAB,1,-0.0029999999999998778
30,A81030,Atorvastatin_Tab 20mg,0212000B0AAABAB,1,-0.0029999999999998778
636,A81052,Atorvastatin_Tab 80mg,0212000B0AAADAD,1,-0.003000000000000086
34,A81021,Atorvastatin_Tab 20mg,0212000B0AAABAB,1,-0.0030999999999998737
408,A81038,Pregabalin_Cap 25mg,0408010AEAAAAAA,1,-0.0031999999999999806
564,Y00286,Pregabalin_Cap 50mg,0408010AEAAABAB,1,-0.003200000000000036
409,A81016,Pregabalin_Cap 25mg,0408010AEAAAAAA,1,-0.0032000000000000917
637,A81045,Atorvastatin_Tab 80mg,0212000B0AAADAD,1,-0.0032999999999999696
290,A81005,Paracet_Tab 500mg,0407010H0AAAMAM,1,-0.003999999999999976
291,A81052,Paracet_Tab 500mg,0407010H0AAAMAM,2,-0.003999999999999976
35,A81026,Atorvastatin_Tab 20mg,0212000B0AAABAB,1,-0.003999999999999976
301,A81621,Paracet_Tab 500mg,0407010H0AAAMAM,1,-0.003999999999999976
296,A81020,Paracet_Tab 500mg,0407010H0AAAMAM,1,-0.003999999999999976
300,A81004,Paracet_Tab 500mg,0407010H0AAAMAM,1,-0.003999999999999976
303,A81052,Paracet_Tab 500mg,0407010H0AAAMAM,2,-0.003999999999999976
292,A81030,Paracet_Tab 500mg,0407010H0AAAMAM,1,-0.003999999999999976
293,A81030,Paracet_Tab 500mg,0407010H0AAAMAM,1,-0.003999999999999976
294,A81621,Paracet_Tab 500mg,0407010H0AAAMAM,1,-0.003999999999999976
295,A81020,Paracet_Tab 500mg,0407010H0AAAMAM,1,-0.003999999999999976
302,A81054,Paracet_Tab 500mg,0407010H0AAAMAM,1,-0.003999999999999976
297,A81005,Paracet_Tab 500mg,0407010H0AAAMAM,1,-0.003999999999999976
298,A81054,Paracet_Tab 500mg,0407010H0AAAMAM,1,-0.003999999999999976
299,A81004,Paracet_Tab 500mg,0407010H0AAAMAM,1,-0.003999999999999976
410,A81051,Pregabalin_Cap 25mg,0408010AEAAAAAA,1,-0.004000000000000115
481,A81035,Aripiprazole_Tab 10mg,0402010ADAAAAAA,2,-0.004199999999999926
79,A81064,Pregabalin_Cap 75mg,0408010AEAAACAC,2,-0.00420000000000012
80,Y05107,Pregabalin_Cap 75mg,0408010AEAAACAC,1,-0.004500000000000129
304,A81051,Paracet_Tab 500mg,0407010H0AAAMAM,1,-0.004799999999999971
305,A81051,Paracet_Tab 500mg,0407010H0AAAMAM,1,-0.004799999999999971
471,A81054,Memantine HCl_Tab 20mg,0411000G0AAADAD,1,-0.004799999999999971
307,A81051,Paracet_Tab 500mg,0407010H0AAAMAM,1,-0.004799999999999999
308,A81054,Paracet_Tab 500mg,0407010H0AAAMAM,1,-0.004799999999999999
309,A81054,Paracet_Tab 500mg,0407010H0AAAMAM,1,-0.004799999999999999
306,A81051,Paracet_Tab 500mg,0407010H0AAAMAM,1,-0.004799999999999999
310,Y05107,Paracet_Tab 500mg,0407010H0AAAMAM,1,-0.005599999999999966
311,Y05107,Paracet_Tab 500mg,0407010H0AAAMAM,1,-0.005599999999999966
570,A81035,Pregabalin_Cap 50mg,0408010AEAAABAB,2,-0.00560000000000016
569,A81026,Pregabalin_Cap 50mg,0408010AEAAABAB,2,-0.00560000000000016
568,A81019,Pregabalin_Cap 50mg,0408010AEAAABAB,2,-0.00560000000000016
567,A81030,Pregabalin_Cap 50mg,0408010AEAAABAB,2,-0.00560000000000016
566,A81048,Pregabalin_Cap 50mg,0408010AEAAABAB,2,-0.00560000000000016
565,A81042,Pregabalin_Cap 50mg,0408010AEAAABAB,2,-0.00560000000000016
638,A81048,Atorvastatin_Tab 80mg,0212000B0AAADAD,1,-0.006000000000000172
639,A81048,Atorvastatin_Tab 80mg,0212000B0AAADAD,2,-0.006000000000000172
640,A81052,Atorvastatin_Tab 80mg,0212000B0AAADAD,1,-0.006000000000000172
483,A81611,Aripiprazole_Tab 10mg,0402010ADAAAAAA,3,-0.006299999999999889
482,A81051,Aripiprazole_Tab 10mg,0402010ADAAAAAA,3,-0.006299999999999889
81,A81013,Pregabalin_Cap 75mg,0408010AEAAACAC,3,-0.0063000000000001805
484,A81053,Aripiprazole_Tab 10mg,0402010ADAAAAAA,4,-0.008399999999999852
572,A81043,Pregabalin_Cap 50mg,0408010AEAAABAB,3,-0.00840000000000024
82,A81021,Pregabalin_Cap 75mg,0408010AEAAACAC,4,-0.00840000000000024
573,A81016,Pregabalin_Cap 50mg,0408010AEAAABAB,3,-0.00840000000000024
574,A81045,Pregabalin_Cap 50mg,0408010AEAAABAB,3,-0.00840000000000024
571,A81005,Pregabalin_Cap 50mg,0408010AEAAABAB,3,-0.00840000000000024
575,A81022,Pregabalin_Cap 50mg,0408010AEAAABAB,3,-0.00840000000000024
485,A81018,Aripiprazole_Tab 10mg,0402010ADAAAAAA,5,-0.010499999999999815
83,A81023,Pregabalin_Cap 75mg,0408010AEAAACAC,5,-0.0105000000000003
576,A81038,Pregabalin_Cap 50mg,0408010AEAAABAB,4,-0.011199999999999932
577,A81618,Pregabalin_Cap 50mg,0408010AEAAABAB,4,-0.011199999999999932
578,A81021,Pregabalin_Cap 50mg,0408010AEAAABAB,4,-0.01120000000000032
579,A81611,Pregabalin_Cap 50mg,0408010AEAAABAB,4,-0.01120000000000032
580,A81618,Pregabalin_Cap 50mg,0408010AEAAABAB,4,-0.01120000000000032
581,A81018,Pregabalin_Cap 50mg,0408010AEAAABAB,4,-0.01120000000000032
582,A81020,Pregabalin_Cap 50mg,0408010AEAAABAB,4,-0.01120000000000032
583,A81049,Pregabalin_Cap 50mg,0408010AEAAABAB,5,-0.014000000000000401
585,Y00286,Pregabalin_Cap 50mg,0408010AEAAABAB,5,-0.014000000000000401
584,A81004,Pregabalin_Cap 50mg,0408010AEAAABAB,5,-0.014000000000000401
486,A81029,Aripiprazole_Tab 10mg,0402010ADAAAAAA,7,-0.014699999999999741
85,A81049,Pregabalin_Cap 75mg,0408010AEAAACAC,7,-0.014700000000000421
84,A81032,Pregabalin_Cap 75mg,0408010AEAAACAC,7,-0.014700000000000421
411,A81049,Pregabalin_Cap 25mg,0408010AEAAAAAA,1,-0.01500000000000043
487,A81016,Aripiprazole_Tab 10mg,0402010ADAAAAAA,8,-0.016799999999999704
488,A81037,Aripiprazole_Tab 10mg,0402010ADAAAAAA,8,-0.016799999999999704
412,A81012,Pregabalin_Cap 25mg,0408010AEAAAAAA,4,-0.01680000000000048
413,A81045,Pregabalin_Cap 25mg,0408010AEAAAAAA,4,-0.01680000000000048
586,A81064,Pregabalin_Cap 50mg,0408010AEAAABAB,6,-0.01680000000000048
489,A81026,Aripiprazole_Tab 10mg,0402010ADAAAAAA,9,-0.018899999999999667
414,A81048,Pregabalin_Cap 25mg,0408010AEAAAAAA,5,-0.0210000000000006
313,A81054,Paracet_Tab 500mg,0407010H0AAAMAM,4,-0.022399999999999864
312,A81054,Paracet_Tab 500mg,0407010H0AAAMAM,4,-0.022399999999999864
490,A81021,Aripiprazole_Tab 10mg,0402010ADAAAAAA,11,-0.023099999999999593
415,A81018,Pregabalin_Cap 25mg,0408010AEAAAAAA,3,-0.027000000000000773
587,A81030,Pregabalin_Cap 50mg,0408010AEAAABAB,10,-0.02799999999999983
314,A81064,Paracet_Tab 500mg,0407010H0AAAMAM,6,-0.0335999999999998
315,A81064,Paracet_Tab 500mg,0407010H0AAAMAM,6,-0.0335999999999998
320,A81032,Paracet_Tab 500mg,0407010H0AAAMAM,9,-0.050399999999999695
316,A81032,Paracet_Tab 500mg,0407010H0AAAMAM,9,-0.050399999999999695
317,A81005,Paracet_Tab 500mg,0407010H0AAAMAM,9,-0.050399999999999695
318,A81052,Paracet_Tab 500mg,0407010H0AAAMAM,9,-0.050399999999999695
319,A81621,Paracet_Tab 500mg,0407010H0AAAMAM,9,-0.050399999999999695
321,A81005,Paracet_Tab 500mg,0407010H0AAAMAM,9,-0.050399999999999695
322,A81052,Paracet_Tab 500mg,0407010H0AAAMAM,9,-0.050399999999999695
323,A81621,Paracet_Tab 500mg,0407010H0AAAMAM,9,-0.050399999999999695
324,Y00286,Paracet_Tab 500mg,0407010H0AAAMAM,10,-0.05599999999999966
325,Y00286,Paracet_Tab 500mg,0407010H0AAAMAM,10,-0.05599999999999966
327,A81013,Paracet_Tab 500mg,0407010H0AAAMAM,11,-0.06159999999999963
326,A81013,Paracet_Tab 500mg,0407010H0AAAMAM,11,-0.06159999999999963
328,A81035,Paracet_Tab 500mg,0407010H0AAAMAM,14,-0.07839999999999953
329,A81035,Paracet_Tab 500mg,0407010H0AAAMAM,14,-0.07839999999999953
330,A81019,Paracet_Tab 500mg,0407010H0AAAMAM,18,-0.10079999999999939
331,A81019,Paracet_Tab 500mg,0407010H0AAAMAM,18,-0.10079999999999939
332,A81611,Paracet_Tab 500mg,0407010H0AAAMAM,19,-0.10639999999999936
333,A81611,Paracet_Tab 500mg,0407010H0AAAMAM,19,-0.10639999999999936
334,A81022,Paracet_Tab 500mg,0407010H0AAAMAM,20,-0.11199999999999932
335,A81058,Paracet_Tab 500mg,0407010H0AAAMAM,20,-0.11199999999999932
336,A81022,Paracet_Tab 500mg,0407010H0AAAMAM,20,-0.11199999999999932
337,A81058,Paracet_Tab 500mg,0407010H0AAAMAM,20,-0.11199999999999932
338,A81045,Paracet_Tab 500mg,0407010H0AAAMAM,26,-0.12479999999999997
339,A81045,Paracet_Tab 500mg,0407010H0AAAMAM,26,-0.12479999999999997
342,A81038,Paracet_Tab 500mg,0407010H0AAAMAM,23,-0.12879999999999922
340,A81009,Paracet_Tab 500mg,0407010H0AAAMAM,23,-0.12879999999999922
341,A81009,Paracet_Tab 500mg,0407010H0AAAMAM,23,-0.12879999999999922
343,A81038,Paracet_Tab 500mg,0407010H0AAAMAM,23,-0.12879999999999922
345,A81023,Paracet_Tab 500mg,0407010H0AAAMAM,24,-0.1343999999999992
344,A81023,Paracet_Tab 500mg,0407010H0AAAMAM,24,-0.1343999999999992
346,A81042,Paracet_Tab 500mg,0407010H0AAAMAM,7,-0.13439999999999996
347,A81042,Paracet_Tab 500mg,0407010H0AAAMAM,7,-0.13439999999999996
348,A81051,Paracet_Tab 500mg,0407010H0AAAMAM,29,-0.16239999999999902
349,A81051,Paracet_Tab 500mg,0407010H0AAAMAM,29,-0.16239999999999902
351,A81049,Paracet_Tab 500mg,0407010H0AAAMAM,37,-0.20719999999999875
352,A81037,Paracet_Tab 500mg,0407010H0AAAMAM,37,-0.20719999999999875
353,A81037,Paracet_Tab 500mg,0407010H0AAAMAM,37,-0.20719999999999875
350,A81049,Paracet_Tab 500mg,0407010H0AAAMAM,37,-0.20719999999999875
354,A81012,Paracet_Tab 500mg,0407010H0AAAMAM,42,-0.23519999999999858
355,A81012,Paracet_Tab 500mg,0407010H0AAAMAM,42,-0.23519999999999858
356,A81042,Paracet_Tab 500mg,0407010H0AAAMAM,44,-0.2463999999999985
357,A81042,Paracet_Tab 500mg,0407010H0AAAMAM,44,-0.2463999999999985
358,A81618,Paracet_Tab 500mg,0407010H0AAAMAM,49,-0.2743999999999983
359,A81618,Paracet_Tab 500mg,0407010H0AAAMAM,49,-0.2743999999999983
361,A81004,Paracet_Tab 500mg,0407010H0AAAMAM,51,-0.2855999999999983
360,A81004,Paracet_Tab 500mg,0407010H0AAAMAM,51,-0.2855999999999983
364,A81020,Paracet_Tab 500mg,0407010H0AAAMAM,53,-0.2967999999999982
365,A81045,Paracet_Tab 500mg,0407010H0AAAMAM,53,-0.2967999999999982
363,A81020,Paracet_Tab 500mg,0407010H0AAAMAM,53,-0.2967999999999982
362,A81045,Paracet_Tab 500mg,0407010H0AAAMAM,53,-0.2967999999999982
367,A81021,Paracet_Tab 500mg,0407010H0AAAMAM,62,-0.3471999999999979
366,A81021,Paracet_Tab 500mg,0407010H0AAAMAM,62,-0.3471999999999979
369,A81029,Paracet_Tab 500mg,0407010H0AAAMAM,63,-0.3527999999999979
368,A81029,Paracet_Tab 500mg,0407010H0AAAMAM,63,-0.3527999999999979
371,A81053,Paracet_Tab 500mg,0407010H0AAAMAM,80,-0.4479999999999973
370,A81053,Paracet_Tab 500mg,0407010H0AAAMAM,80,-0.4479999999999973
373,A81030,Paracet_Tab 500mg,0407010H0AAAMAM,87,-0.4871999999999971
372,A81030,Paracet_Tab 500mg,0407010H0AAAMAM,87,-0.4871999999999971
375,A81004,Paracet_Tab 500mg,0407010H0AAAMAM,72,-0.7199999999999956
374,A81004,Paracet_Tab 500mg,0407010H0AAAMAM,72,-0.7199999999999956
376,A81030,Paracet_Tab 500mg,0407010H0AAAMAM,10,-0.8679999999999997
377,A81030,Paracet_Tab 500mg,0407010H0AAAMAM,10,-0.8679999999999997
379,A81019,Paracet_Tab 500mg,0407010H0AAAMAM,9,-0.944999999999999
378,A81019,Paracet_Tab 500mg,0407010H0AAAMAM,9,-0.944999999999999
380,A81048,Paracet_Tab 500mg,0407010H0AAAMAM,90,-2.0159999999999965
381,A81048,Paracet_Tab 500mg,0407010H0AAAMAM,90,-2.0159999999999965
382,A81052,Paracet_Tab 500mg,0407010H0AAAMAM,228,-2.279999999999986
383,A81052,Paracet_Tab 500mg,0407010H0AAAMAM,228,-2.279999999999986
384,A81004,Paracet_Tab 500mg,0407010H0AAAMAM,102,-2.2847999999999864
385,A81004,Paracet_Tab 500mg,0407010H0AAAMAM,102,-2.2847999999999864
