,practice_code,bnf_description,bnf_code,items,excess_cost
0,F81012,Aripiprazole_Tab 10mg,0402010ADAAAAAA,8,0.0364000000000011
1,F81012,Clonazepam_Tab 500mcg,0408010F0AAABAB,18,9.39879999999998
2,F81012,Paracet_Tab 500mg,0407010H0AAAMAM,2,0.023999999999999855
3,F81012,Prednisolone_Tab Solb 5mg,0603020T0AABHBH,1,0.0035999999999996035
4,F81017,Atorvastatin_Tab 20mg,0212000B0AAABAB,6,0.0006000000000000588
5,F81017,Clonazepam_Tab 500mcg,0408010F0AAABAB,45,25.153799999999947
6,F81017,Paracet_Tab 500mg,0407010H0AAAMAM,30,-0.10079999999999939
7,F81017,Paracet_Tab Solb 500mg,0407010H0AAAQAQ,2,-0.011999999999998678
8,F81017,Prednisolone_Tab Solb 5mg,0603020T0AABHBH,1,-0.0027999999999996916
9,F81018,Atorvastatin_Tab 20mg,0212000B0AAABAB,23,-0.033499999999999946
10,F81018,Clonazepam_Tab 500mcg,0408010F0AAABAB,48,29.187899999999935
11,F81018,Paracet_Tab 500mg,0407010H0AAAMAM,36,-0.20159999999999878
12,F81018,Paracet_Tab Solb 500mg,0407010H0AAAQAQ,2,-0.011999999999998678
13,F81018,Prednisolone_Tab Solb 5mg,0603020T0AABHBH,1,0.004499999999999504
14,F81019,Aripiprazole_Tab 5mg,0402010ADAAADAD,5,-0.007000000000000783
15,F81019,Clonazepam_Tab 500mcg,0408010F0AAABAB,85,37.46899999999992
16,F81019,Paracet_Tab 500mg,0407010H0AAAMAM,8,-0.04479999999999973
17,F81019,Paracet_Tab Solb 500mg,0407010H0AAAQAQ,2,-0.011999999999998678
18,F81019,Prednisolone_Tab Solb 5mg,0603020T0AABHBH,3,-0.012599999999998612
19,F81021,Clonazepam_Tab 500mcg,0408010F0AAABAB,32,18.06139999999996
20,F81021,Mesalazine_Tab E/C 800mg,0105010B0AAASAS,2,68.87999999999998
21,F81021,Paracet_Tab 500mg,0407010H0AAAMAM,22,-0.10639999999999936
22,F81021,Prednisolone_Tab Solb 5mg,0603020T0AABHBH,2,-0.008999999999999009
23,F81026,Aripiprazole_Tab 10mg,0402010ADAAAAAA,3,0.01680000000000048
24,F81026,Atorvastatin_Tab 20mg,0212000B0AAABAB,1,-0.0013999999999999985
25,F81026,Clonazepam_Tab 500mcg,0408010F0AAABAB,24,9.578399999999979
26,F81026,Mesalazine_Tab E/C 800mg,0105010B0AAASAS,4,77.48999999999998
27,F81026,Paracet_Tab 500mg,0407010H0AAAMAM,14,0.013599999999999862
28,F81026,Prednisolone_Tab Solb 5mg,0603020T0AABHBH,2,67.14699999999999
29,F81028,Clonazepam_Tab 500mcg,0408010F0AAABAB,24,10.292999999999978
30,F81028,Paracet_Tab 500mg,0407010H0AAAMAM,6,-0.010399999999999937
31,F81028,Prednisolone_Tab Solb 5mg,0603020T0AABHBH,5,-0.007599999999999163
32,F81037,Atorvastatin_Tab 20mg,0212000B0AAABAB,1,-0.002799999999999997
33,F81037,Clonazepam_Tab 500mcg,0408010F0AAABAB,57,43.6179999999999
34,F81037,Mesalazine_Tab E/C 800mg,0105010B0AAASAS,1,36.89999999999999
35,F81037,Paracet_Tab 500mg,0407010H0AAAMAM,20,-0.11199999999999932
36,F81042,Aripiprazole_Tab 10mg,0402010ADAAAAAA,2,-0.004199999999999926
37,F81042,Aripiprazole_Tab 5mg,0402010ADAAADAD,15,-0.035000000000001585
38,F81042,Atorvastatin_Tab 40mg,0212000B0AAACAC,1,-0.004000000000000045
39,F81042,Clonazepam_Tab 500mcg,0408010F0AAABAB,145,55.061999999999884
40,F81042,Mesalazine_Tab E/C 800mg,0105010B0AAASAS,1,5.739999999999998
41,F81042,Paracet_Tab 500mg,0407010H0AAAMAM,62,-0.09719999999999943
42,F81042,Paracet_Tab Solb 500mg,0407010H0AAAQAQ,2,-0.011999999999998678
43,F81042,Prednisolone_Tab Solb 5mg,0603020T0AABHBH,2,-0.009599999999998943
44,F81044,Aripiprazole_Tab 10mg,0402010ADAAAAAA,4,-0.008399999999999852
45,F81044,Clonazepam_Tab 500mcg,0408010F0AAABAB,29,15.085499999999968
46,F81044,Paracet_Tab 500mg,0407010H0AAAMAM,28,-0.12879999999999922
47,F81044,Prednisolone_Tab Solb 5mg,0603020T0AABHBH,1,-0.004799999999999471
48,F81052,Atorvastatin_Tab 20mg,0212000B0AAABAB,28,-0.03919999999999996
49,F81052,Clonazepam_Tab 500mcg,0408010F0AAABAB,101,41.509799999999906
50,F81052,Mesalazine_Tab E/C 800mg,0105010B0AAASAS,1,36.89999999999999
51,F81052,Paracet_Tab 500mg,0407010H0AAAMAM,10,-0.0327999999999998
52,F81052,Paracet_Tab Solb 500mg,0407010H0AAAQAQ,4,-0.023999999999997357
53,F81052,Prednisolone_Tab Solb 5mg,0603020T0AABHBH,1,-0.0041999999999995374
54,F81067,Aripiprazole_Tab 10mg,0402010ADAAAAAA,6,0.029800000000001103
55,F81067,Atorvastatin_Tab 20mg,0212000B0AAABAB,330,45.662400000000005
56,F81067,Atorvastatin_Tab 40mg,0212000B0AAACAC,302,88.96140000000001
57,F81067,Clonazepam_Tab 500mcg,0408010F0AAABAB,33,14.32539999999997
58,F81067,Paracet_Tab 500mg,0407010H0AAAMAM,358,28.93400000000007
59,F81067,Paracet_Tab Solb 500mg,0407010H0AAAQAQ,2,-0.011999999999998678
60,F81067,Prednisolone_Tab Solb 5mg,0603020T0AABHBH,3,21.5835
61,F81069,Clonazepam_Tab 500mcg,0408010F0AAABAB,19,7.796999999999984
62,F81069,Paracet_Tab 500mg,0407010H0AAAMAM,46,10.169600000000013
63,F81069,Paracet_Tab Solb 500mg,0407010H0AAAQAQ,12,73.44000000000001
64,F81079,Aripiprazole_Tab 5mg,0402010ADAAADAD,1,0.0041999999999995374
65,F81079,Clonazepam_Tab 500mcg,0408010F0AAABAB,41,16.410999999999966
66,F81079,Paracet_Tab 500mg,0407010H0AAAMAM,4,0.0007999999999999952
67,F81079,Prednisolone_Tab Solb 5mg,0603020T0AABHBH,3,-0.0035999999999996035
68,F81091,Aripiprazole_Tab 5mg,0402010ADAAADAD,5,-0.007000000000000395
69,F81091,Atorvastatin_Tab 20mg,0212000B0AAABAB,1,-0.0022999999999999063
70,F81091,Clonazepam_Tab 500mcg,0408010F0AAABAB,46,13.520999999999972
71,F81091,Paracet_Tab 500mg,0407010H0AAAMAM,12,-0.043999999999999734
72,F81091,Paracet_Tab Solb 500mg,0407010H0AAAQAQ,2,-0.011999999999998678
73,F81094,Aripiprazole_Tab 10mg,0402010ADAAAAAA,7,174.47990000000001
74,F81094,Aripiprazole_Tab 5mg,0402010ADAAADAD,5,-0.02200000000000063
75,F81094,Atorvastatin_Tab 20mg,0212000B0AAABAB,1,-0.0029999999999998778
76,F81094,Clonazepam_Tab 500mcg,0408010F0AAABAB,49,19.75539999999996
77,F81094,Paracet_Tab 500mg,0407010H0AAAMAM,44,14.7452
78,F81095,Aripiprazole_Tab 10mg,0402010ADAAAAAA,13,174.47429999999997
79,F81095,Aripiprazole_Tab 5mg,0402010ADAAADAD,10,172.3568
80,F81095,Atorvastatin_Tab 20mg,0212000B0AAABAB,358,113.27120000000005
81,F81095,Atorvastatin_Tab 40mg,0212000B0AAACAC,408,1.1424000000000327
82,F81095,Clonazepam_Tab 500mcg,0408010F0AAABAB,129,53.98189999999987
83,F81095,Montelukast_Tab 10mg,0303020G0AAABAB,79,48.663999999999994
84,F81095,Paracet_Tab 500mg,0407010H0AAAMAM,164,-2.8627999999999822
85,F81095,Prednisolone_Tab Solb 5mg,0603020T0AABHBH,13,100.68800000000002
86,F81109,Aripiprazole_Tab 10mg,0402010ADAAAAAA,3,-0.006299999999999889
87,F81109,Atorvastatin_Tab 20mg,0212000B0AAABAB,130,24.024000000000004
88,F81109,Atorvastatin_Tab 40mg,0212000B0AAACAC,85,0.4759999999999971
89,F81109,Clonazepam_Tab 500mcg,0408010F0AAABAB,22,7.156899999999984
90,F81109,Paracet_Tab 500mg,0407010H0AAAMAM,64,-1.2223999999999924
91,F81115,Atorvastatin_Tab 40mg,0212000B0AAACAC,197,22.615599999999997
92,F81115,Clonazepam_Tab 500mcg,0408010F0AAABAB,35,15.966899999999967
93,F81115,Mesalazine_Tab E/C 800mg,0105010B0AAASAS,1,34.43999999999999
94,F81115,Paracet_Tab 500mg,0407010H0AAAMAM,224,82.60640000000006
95,F81115,Paracet_Tab Solb 500mg,0407010H0AAAQAQ,4,-0.023999999999997357
96,F81115,Prednisolone_Tab Solb 5mg,0603020T0AABHBH,3,88.7254
97,F81116,Aripiprazole_Tab 5mg,0402010ADAAADAD,1,-0.00280000000000008
98,F81116,Clonazepam_Tab 500mcg,0408010F0AAABAB,33,16.690099999999966
99,F81116,Mesalazine_Tab E/C 800mg,0105010B0AAASAS,1,-22.959999999999994
100,F81116,Paracet_Tab 500mg,0407010H0AAAMAM,8,-0.04479999999999973
101,F81116,Prednisolone_Tab Solb 5mg,0603020T0AABHBH,5,-0.01459999999999817
102,F81133,Aripiprazole_Tab 5mg,0402010ADAAADAD,4,-0.01120000000000032
103,F81133,Atorvastatin_Tab 20mg,0212000B0AAABAB,356,68.77920000000003
104,F81133,Atorvastatin_Tab 40mg,0212000B0AAACAC,234,1.965600000000011
105,F81133,Clonazepam_Tab 500mcg,0408010F0AAABAB,24,11.367799999999976
106,F81133,Paracet_Tab 500mg,0407010H0AAAMAM,124,28.700000000000014
107,F81133,Prednisolone_Tab Solb 5mg,0603020T0AABHBH,4,-0.01859999999999795
108,F81141,Clonazepam_Tab 500mcg,0408010F0AAABAB,9,4.674199999999991
109,F81141,Montelukast_Tab 10mg,0303020G0AAABAB,17,24.3712
110,F81141,Paracet_Tab 500mg,0407010H0AAAMAM,4,-0.0051999999999999685
111,F81156,Aripiprazole_Tab 5mg,0402010ADAAADAD,25,-0.029400000000001036
112,F81156,Atorvastatin_Tab 20mg,0212000B0AAABAB,188,22.635200000000026
113,F81156,Clonazepam_Tab 500mcg,0408010F0AAABAB,54,26.320699999999945
114,F81156,Montelukast_Tab 10mg,0303020G0AAABAB,66,24.393600000000006
115,F81156,Paracet_Tab 500mg,0407010H0AAAMAM,168,21.752800000000015
116,F81156,Prednisolone_Tab Solb 5mg,0603020T0AABHBH,4,-0.016399999999998194
117,F81157,Clonazepam_Tab 500mcg,0408010F0AAABAB,1,-0.414400000000001
118,F81157,Paracet_Tab 500mg,0407010H0AAAMAM,6,22.5792
119,F81157,Prednisolone_Tab Solb 5mg,0603020T0AABHBH,1,-0.0041999999999995374
120,F81212,Aripiprazole_Tab 10mg,0402010ADAAAAAA,10,-0.008399999999998686
121,F81212,Aripiprazole_Tab 5mg,0402010ADAAADAD,8,-0.02240000000000064
122,F81212,Clonazepam_Tab 500mcg,0408010F0AAABAB,110,53.392499999999885
123,F81212,Paracet_Tab 500mg,0407010H0AAAMAM,62,-0.02620000000000028
124,F81212,Paracet_Tab Solb 500mg,0407010H0AAAQAQ,10,-0.05099999999999438
125,F81212,Prednisolone_Tab Solb 5mg,0603020T0AABHBH,1,-0.0039999999999995595
126,F81213,Atorvastatin_Tab 40mg,0212000B0AAACAC,1,-0.0029999999999998778
127,F81213,Clonazepam_Tab 500mcg,0408010F0AAABAB,26,17.167999999999964
128,F81213,Paracet_Tab 500mg,0407010H0AAAMAM,4,-0.015199999999999908
129,F81213,Prednisolone_Tab Solb 5mg,0603020T0AABHBH,4,-0.004799999999999471
130,F81221,Aripiprazole_Tab 10mg,0402010ADAAAAAA,4,-0.0006999999999997286
131,F81221,Aripiprazole_Tab 5mg,0402010ADAAADAD,1,0.004199999999999926
132,F81221,Clonazepam_Tab 500mcg,0408010F0AAABAB,11,4.745999999999991
133,F81221,Mesalazine_Tab E/C 800mg,0105010B0AAASAS,1,36.89999999999999
134,F81221,Paracet_Tab 500mg,0407010H0AAAMAM,8,0.0335999999999998
135,F81606,Clonazepam_Tab 500mcg,0408010F0AAABAB,5,2.531199999999995
136,F81633,Aripiprazole_Tab 5mg,0402010ADAAADAD,3,-0.00840000000000024
137,F81633,Clonazepam_Tab 500mcg,0408010F0AAABAB,11,3.898499999999992
138,F81633,Prednisolone_Tab Solb 5mg,0603020T0AABHBH,2,-0.009599999999998943
139,F81636,Aripiprazole_Tab 10mg,0402010ADAAAAAA,3,0.01680000000000048
140,F81636,Aripiprazole_Tab 5mg,0402010ADAAADAD,7,-0.01960000000000056
141,F81636,Atorvastatin_Tab 20mg,0212000B0AAABAB,410,22.960000000000022
142,F81636,Clonazepam_Tab 500mcg,0408010F0AAABAB,77,29.842399999999937
143,F81636,Paracet_Tab 500mg,0407010H0AAAMAM,208,24.192800000000016
144,F81636,Prednisolone_Tab Solb 5mg,0603020T0AABHBH,1,-0.004799999999999471
145,F81670,Clonazepam_Tab 500mcg,0408010F0AAABAB,9,2.768499999999994
146,F81670,Paracet_Tab 500mg,0407010H0AAAMAM,8,22.5792
147,F81670,Prednisolone_Tab Solb 5mg,0603020T0AABHBH,1,0.004499999999999504
148,F81679,Aripiprazole_Tab 10mg,0402010ADAAAAAA,26,87.227
149,F81679,Clonazepam_Tab 500mcg,0408010F0AAABAB,97,37.07999999999992
150,F81679,Paracet_Tab 500mg,0407010H0AAAMAM,14,0.048799999999999705
151,F81679,Paracet_Tab Solb 500mg,0407010H0AAAQAQ,4,-0.023999999999997357
152,F81679,Prednisolone_Tab Solb 5mg,0603020T0AABHBH,2,-0.009599999999998943
153,F81681,Aripiprazole_Tab 10mg,0402010ADAAAAAA,6,-0.012599999999999778
154,F81681,Aripiprazole_Tab 5mg,0402010ADAAADAD,5,-0.014000000000000401
155,F81681,Atorvastatin_Tab 20mg,0212000B0AAABAB,890,22.399800000000123
156,F81681,Atorvastatin_Tab 40mg,0212000B0AAACAC,605,22.022000000000045
157,F81681,Clonazepam_Tab 500mcg,0408010F0AAABAB,103,23.51889999999995
158,F81681,Montelukast_Tab 10mg,0303020G0AAABAB,111,48.79559999999999
159,F81681,Paracet_Tab 500mg,0407010H0AAAMAM,692,291.7124000000002
160,F81681,Paracet_Tab Solb 500mg,0407010H0AAAQAQ,22,73.39360000000002
161,F81716,Aripiprazole_Tab 5mg,0402010ADAAADAD,7,0.006999999999998452
162,F81716,Atorvastatin_Tab 20mg,0212000B0AAABAB,2,-0.0012999999999998985
163,F81716,Clonazepam_Tab 500mcg,0408010F0AAABAB,32,13.311399999999972
164,F81716,Paracet_Tab 500mg,0407010H0AAAMAM,18,0.31520000000000015
165,F81741,Clonazepam_Tab 500mcg,0408010F0AAABAB,23,8.147299999999984
166,F81741,Paracet_Tab 500mg,0407010H0AAAMAM,8,-0.04479999999999973
167,F81741,Prednisolone_Tab Solb 5mg,0603020T0AABHBH,3,-0.0033999999999996255
168,F81746,Aripiprazole_Tab 10mg,0402010ADAAAAAA,11,-0.023099999999999593
169,F81746,Aripiprazole_Tab 5mg,0402010ADAAADAD,2,-0.6762000000000006
170,F81746,Atorvastatin_Tab 40mg,0212000B0AAACAC,50,22.259999999999998
171,F81746,Clonazepam_Tab 500mcg,0408010F0AAABAB,35,13.050199999999961
172,F81746,Paracet_Tab 500mg,0407010H0AAAMAM,6,0.0167999999999999
173,F81746,Paracet_Tab Solb 500mg,0407010H0AAAQAQ,10,30.14400000000001
174,F81746,Prednisolone_Tab Solb 5mg,0603020T0AABHBH,3,-0.008399999999999075
175,F81757,Aripiprazole_Tab 10mg,0402010ADAAAAAA,3,-0.006299999999999889
176,F81757,Aripiprazole_Tab 5mg,0402010ADAAADAD,2,0.0041999999999995374
177,F81757,Clonazepam_Tab 500mcg,0408010F0AAABAB,15,7.909999999999984
178,F81757,Mesalazine_Tab E/C 800mg,0105010B0AAASAS,2,48.37999999999999
179,F81757,Montelukast_Tab 10mg,0303020G0AAABAB,1,0.004199999999999995
180,F81757,Paracet_Tab 500mg,0407010H0AAAMAM,6,0.03599999999999978
181,F81757,Prednisolone_Tab Solb 5mg,0603020T0AABHBH,2,-0.0018000000000002458
182,Y01303,Atorvastatin_Tab 20mg,0212000B0AAABAB,1,0.0030000000000000165
183,Y01303,Clonazepam_Tab 500mcg,0408010F0AAABAB,1,0.07909999999999984
184,Y01303,Paracet_Tab 500mg,0407010H0AAAMAM,2,-0.011199999999999932
185,Y02080,Clonazepam_Tab 500mcg,0408010F0AAABAB,2,0.31639999999999935
186,Y02080,Prednisolone_Tab Solb 5mg,0603020T0AABHBH,8,14.369900000000003
187,Y02081,Atorvastatin_Tab 40mg,0212000B0AAACAC,1,0.004400000000000015
188,Y02081,Prednisolone_Tab Solb 5mg,0603020T0AABHBH,8,-0.017799999999997818
189,Y02646,Aripiprazole_Tab 10mg,0402010ADAAAAAA,12,0.04620000000000307
190,Y02646,Clonazepam_Tab 500mcg,0408010F0AAABAB,30,11.311299999999978
191,Y02646,Montelukast_Tab 10mg,0303020G0AAABAB,38,48.7348
192,Y02646,Paracet_Tab 500mg,0407010H0AAAMAM,34,-0.1167999999999993
193,Y02646,Prednisolone_Tab Solb 5mg,0603020T0AABHBH,13,86.32460000000002
194,Y04250,Atorvastatin_Tab 40mg,0212000B0AAACAC,1,-0.0029999999999998778
195,Y04250,Clonazepam_Tab 500mcg,0408010F0AAABAB,1,0.31639999999999935
196,Y04250,Prednisolone_Tab Solb 5mg,0603020T0AABHBH,1,0.004499999999999504
