,practice_code,bnf_description,bnf_code,items,excess_cost
0,P81003,Amiodarone HCl_Tab 200mg,0203020D0AAABAB,6,2.100000000000002
1,P81003,Clonazepam_Tab 500mcg,0408010F0AAABAB,12,3.702399999999993
2,P81003,Levetiracetam_Tab 500mg,0408010A0AAABAB,3,0.003800000000003745
3,P81003,Methocarbamol_Tab 750mg,1002020S0AAABAB,4,1.943200000000002
4,P81003,Pyridox HCl_Tab 50mg,0906024N0AAAIAI,2,1.9152000000000005
5,P81003,Topiramate_Tab 200mg,040801050AAACAC,1,2.3183999999999996
6,P81003,Valsartan_Tab 40mg,0205052V0AAADAD,2,3.8360000000000003
7,P81008,Amiodarone HCl_Tab 200mg,0203020D0AAABAB,3,1.050000000000001
8,P81008,Clonazepam_Tab 500mcg,0408010F0AAABAB,7,5.06239999999999
9,P81008,Levetiracetam_Tab 500mg,0408010A0AAABAB,1,-0.005599999999999383
10,P81008,Methocarbamol_Tab 750mg,1002020S0AAABAB,1,0.4299999999999998
11,P81008,Pyridox HCl_Tab 50mg,0906024N0AAAIAI,1,0.8160000000000007
12,P81017,Amiodarone HCl_Tab 200mg,0203020D0AAABAB,5,1.7500000000000016
13,P81017,Clonazepam_Tab 500mcg,0408010F0AAABAB,9,4.429599999999992
14,P81017,Levetiracetam_Tab 500mg,0408010A0AAABAB,1,-0.005599999999999383
15,P81017,Methocarbamol_Tab 750mg,1002020S0AAABAB,4,0.36960000000000126
16,P81017,Pyridox HCl_Tab 50mg,0906024N0AAAIAI,1,1.4364000000000003
17,P81017,Topiramate_Tab 200mg,040801050AAACAC,1,1.2449999999999994
18,P81017,Valsartan_Tab 40mg,0205052V0AAADAD,1,1.9180000000000001
19,P81020,Amiodarone HCl_Tab 200mg,0203020D0AAABAB,7,2.8000000000000025
20,P81020,Clonazepam_Tab 500mcg,0408010F0AAABAB,26,13.44699999999997
21,P81020,Levetiracetam_Tab 500mg,0408010A0AAABAB,3,0.026000000000002688
22,P81020,Methocarbamol_Tab 750mg,1002020S0AAABAB,32,10.660400000000028
23,P81020,Pyridox HCl_Tab 50mg,0906024N0AAAIAI,2,1.4364000000000003
24,P81020,Tetrabenazine_Tab 25mg,0409030C0AAAAAA,1,0.9995999999999987
25,P81020,Topiramate_Tab 200mg,040801050AAACAC,1,2.489999999999999
26,P81025,Amiodarone HCl_Tab 200mg,0203020D0AAABAB,7,2.450000000000002
27,P81025,Clonazepam_Tab 500mcg,0408010F0AAABAB,10,7.457999999999984
28,P81025,Levetiracetam_Tab 500mg,0408010A0AAABAB,3,-0.005199999999998595
29,P81025,Methocarbamol_Tab 750mg,1002020S0AAABAB,1,0.2407999999999999
30,P81025,Pyridox HCl_Tab 50mg,0906024N0AAAIAI,1,0.06560000000000032
31,P81027,Amiodarone HCl_Tab 200mg,0203020D0AAABAB,9,3.500000000000003
32,P81027,Clonazepam_Tab 500mcg,0408010F0AAABAB,14,7.7969999999999855
33,P81027,Levetiracetam_Tab 500mg,0408010A0AAABAB,10,-0.04139999999999294
34,P81027,Methocarbamol_Tab 750mg,1002020S0AAABAB,3,1.4447999999999994
35,P81032,Amiodarone HCl_Tab 200mg,0203020D0AAABAB,7,2.450000000000002
36,P81032,Clonazepam_Tab 500mcg,0408010F0AAABAB,6,2.598999999999995
37,P81032,Levetiracetam_Tab 500mg,0408010A0AAABAB,3,-0.008399999999998298
38,P81032,Methocarbamol_Tab 750mg,1002020S0AAABAB,13,5.206400000000005
39,P81032,Pyridox HCl_Tab 50mg,0906024N0AAAIAI,1,1.4364000000000003
40,P81032,Tetrabenazine_Tab 25mg,0409030C0AAAAAA,1,5.997599999999992
41,P81035,Amiodarone HCl_Tab 200mg,0203020D0AAABAB,5,2.100000000000002
42,P81035,Clonazepam_Tab 500mcg,0408010F0AAABAB,3,1.1073999999999977
43,P81035,Methocarbamol_Tab 750mg,1002020S0AAABAB,2,1.453200000000001
44,P81035,Tetrabenazine_Tab 25mg,0409030C0AAAAAA,1,0.9995999999999987
45,P81035,Topiramate_Tab 200mg,040801050AAACAC,1,2.489999999999999
46,P81036,Amiodarone HCl_Tab 200mg,0203020D0AAABAB,10,3.500000000000003
47,P81036,Clonazepam_Tab 500mcg,0408010F0AAABAB,23,16.430199999999964
48,P81036,Levetiracetam_Tab 500mg,0408010A0AAABAB,9,-0.047599999999995146
49,P81036,Pyridox HCl_Tab 50mg,0906024N0AAAIAI,7,3.351600000000001
50,P81036,Tetrabenazine_Tab 25mg,0409030C0AAAAAA,1,0.9995999999999987
51,P81036,Valsartan_Tab 40mg,0205052V0AAADAD,2,23.016000000000002
52,P81047,Amiodarone HCl_Tab 200mg,0203020D0AAABAB,11,4.900000000000004
53,P81047,Clonazepam_Tab 500mcg,0408010F0AAABAB,23,11.864999999999975
54,P81047,Levetiracetam_Tab 500mg,0408010A0AAABAB,2,-0.0027999999999989145
55,P81047,Pyridox HCl_Tab 50mg,0906024N0AAAIAI,1,1.4364000000000003
56,P81047,Tetrabenazine_Tab 25mg,0409030C0AAAAAA,1,0.9995999999999987
57,P81047,Topiramate_Tab 200mg,040801050AAACAC,2,4.979999999999998
58,P81053,Amiodarone HCl_Tab 200mg,0203020D0AAABAB,1,0.7000000000000006
59,P81053,Clonazepam_Tab 500mcg,0408010F0AAABAB,6,3.480399999999993
60,P81053,Levetiracetam_Tab 500mg,0408010A0AAABAB,1,-0.005599999999999383
61,P81053,Tetrabenazine_Tab 25mg,0409030C0AAAAAA,1,1.499399999999998
62,P81065,Amiodarone HCl_Tab 200mg,0203020D0AAABAB,6,2.8000000000000025
63,P81065,Clonazepam_Tab 500mcg,0408010F0AAABAB,12,5.853399999999987
64,P81065,Levetiracetam_Tab 500mg,0408010A0AAABAB,2,-0.011199999999998766
65,P81065,Methocarbamol_Tab 750mg,1002020S0AAABAB,1,0.7223999999999997
66,P81065,Pyridox HCl_Tab 50mg,0906024N0AAAIAI,5,0.5985000000000001
67,P81069,Amiodarone HCl_Tab 200mg,0203020D0AAABAB,2,0.7000000000000006
68,P81069,Clonazepam_Tab 500mcg,0408010F0AAABAB,8,4.113199999999992
69,P81069,Levetiracetam_Tab 500mg,0408010A0AAABAB,4,-0.022399999999997533
70,P81069,Pyridox HCl_Tab 50mg,0906024N0AAAIAI,3,2.3940000000000006
71,P81070,Amiodarone HCl_Tab 200mg,0203020D0AAABAB,2,0.7000000000000006
72,P81070,Clonazepam_Tab 500mcg,0408010F0AAABAB,5,2.531199999999995
73,P81070,Levetiracetam_Tab 500mg,0408010A0AAABAB,1,-0.005599999999999383
74,P81070,Methocarbamol_Tab 750mg,1002020S0AAABAB,4,0.36960000000000126
75,P81070,Pyridox HCl_Tab 50mg,0906024N0AAAIAI,1,1.4364000000000003
76,P81078,Amiodarone HCl_Tab 200mg,0203020D0AAABAB,7,2.8000000000000025
77,P81078,Clonazepam_Tab 500mcg,0408010F0AAABAB,4,3.796799999999992
78,P81078,Gemfibrozil_Tab 600mg,0212000Q0AAABAB,1,15.142399999999999
79,P81078,Tetrabenazine_Tab 25mg,0409030C0AAAAAA,1,2.998799999999996
80,P81078,Topiramate_Tab 200mg,040801050AAACAC,1,4.647999999999998
81,P81088,Clonazepam_Tab 500mcg,0408010F0AAABAB,4,2.2147999999999954
82,P81088,Levetiracetam_Tab 500mg,0408010A0AAABAB,1,-0.005599999999999383
83,P81088,Methocarbamol_Tab 750mg,1002020S0AAABAB,6,2.6443999999999996
84,P81088,Pyridox HCl_Tab 50mg,0906024N0AAAIAI,1,0.9576000000000002
85,P81088,Tetrabenazine_Tab 25mg,0409030C0AAAAAA,1,2.998799999999996
86,P81095,Amiodarone HCl_Tab 200mg,0203020D0AAABAB,4,1.7500000000000016
87,P81095,Clonazepam_Tab 500mcg,0408010F0AAABAB,4,1.423799999999997
88,P81095,Levetiracetam_Tab 500mg,0408010A0AAABAB,4,-0.022399999999997533
89,P81095,Tetrabenazine_Tab 25mg,0409030C0AAAAAA,2,1.9991999999999974
90,P81099,Amiodarone HCl_Tab 200mg,0203020D0AAABAB,7,2.450000000000002
91,P81099,Clonazepam_Tab 500mcg,0408010F0AAABAB,16,6.847799999999985
92,P81099,Levetiracetam_Tab 500mg,0408010A0AAABAB,12,-0.044799999999998175
93,P81099,Pyridox HCl_Tab 50mg,0906024N0AAAIAI,1,0.9576000000000002
94,P81100,Amiodarone HCl_Tab 200mg,0203020D0AAABAB,2,1.4000000000000012
95,P81100,Clonazepam_Tab 500mcg,0408010F0AAABAB,19,7.989199999999983
96,P81100,Levetiracetam_Tab 500mg,0408010A0AAABAB,3,-0.011199999999999544
97,P81100,Pyridox HCl_Tab 50mg,0906024N0AAAIAI,1,0.4788000000000001
98,P81100,Tetrabenazine_Tab 25mg,0409030C0AAAAAA,1,0.9995999999999987
99,P81100,Valsartan_Tab 40mg,0205052V0AAADAD,3,21.098
100,P81118,Amiodarone HCl_Tab 200mg,0203020D0AAABAB,3,1.050000000000001
101,P81118,Clonazepam_Tab 500mcg,0408010F0AAABAB,14,9.86919999999998
102,P81118,Levetiracetam_Tab 500mg,0408010A0AAABAB,6,0.013800000000004836
103,P81118,Tetrabenazine_Tab 25mg,0409030C0AAAAAA,1,0.9995999999999987
104,P81123,Amiodarone HCl_Tab 200mg,0203020D0AAABAB,3,1.050000000000001
105,P81123,Clonazepam_Tab 500mcg,0408010F0AAABAB,14,9.989199999999979
106,P81123,Levetiracetam_Tab 500mg,0408010A0AAABAB,4,-0.010799999999997978
107,P81123,Methocarbamol_Tab 750mg,1002020S0AAABAB,3,1.350000000000001
108,P81130,Amiodarone HCl_Tab 200mg,0203020D0AAABAB,8,2.8000000000000025
109,P81130,Clonazepam_Tab 500mcg,0408010F0AAABAB,12,7.0511999999999855
110,P81130,Pyridox HCl_Tab 50mg,0906024N0AAAIAI,1,0.23940000000000006
111,P81130,Valsartan_Tab 40mg,0205052V0AAADAD,2,3.8360000000000003
112,P81132,Amiodarone HCl_Tab 200mg,0203020D0AAABAB,4,1.7500000000000016
113,P81132,Clonazepam_Tab 500mcg,0408010F0AAABAB,4,1.423799999999997
114,P81132,Levetiracetam_Tab 500mg,0408010A0AAABAB,3,0.0028000000000035774
115,P81132,Pyridox HCl_Tab 50mg,0906024N0AAAIAI,1,1.4364000000000003
116,P81134,Amiodarone HCl_Tab 200mg,0203020D0AAABAB,1,0.3500000000000003
117,P81134,Clonazepam_Tab 500mcg,0408010F0AAABAB,5,2.5763999999999947
118,P81134,Pyridox HCl_Tab 50mg,0906024N0AAAIAI,1,1.4364000000000003
119,P81137,Amiodarone HCl_Tab 200mg,0203020D0AAABAB,3,1.050000000000001
120,P81137,Clonazepam_Tab 500mcg,0408010F0AAABAB,9,2.6102999999999947
121,P81137,Levetiracetam_Tab 500mg,0408010A0AAABAB,5,-0.014000000000000401
122,P81137,Methocarbamol_Tab 750mg,1002020S0AAABAB,7,3.499400000000004
123,P81137,Pyridox HCl_Tab 50mg,0906024N0AAAIAI,2,2.8728000000000007
124,P81137,Valsartan_Tab 40mg,0205052V0AAADAD,1,1.9180000000000001
125,P81146,Amiodarone HCl_Tab 200mg,0203020D0AAABAB,1,0.3500000000000003
126,P81146,Clonazepam_Tab 500mcg,0408010F0AAABAB,6,3.480399999999993
127,P81146,Levetiracetam_Tab 500mg,0408010A0AAABAB,1,-0.005599999999999383
128,P81146,Methocarbamol_Tab 750mg,1002020S0AAABAB,1,0.4815999999999998
129,P81146,Pyridox HCl_Tab 50mg,0906024N0AAAIAI,1,0.4788000000000001
130,P81146,Tetrabenazine_Tab 25mg,0409030C0AAAAAA,1,0.9995999999999987
131,P81147,Amiodarone HCl_Tab 200mg,0203020D0AAABAB,5,0.4235
132,P81147,Clonazepam_Tab 500mcg,0408010F0AAABAB,4,1.423799999999997
133,P81147,Levetiracetam_Tab 500mg,0408010A0AAABAB,1,-0.005599999999999383
134,P81147,Methocarbamol_Tab 750mg,1002020S0AAABAB,1,0.4815999999999998
135,P81147,Pyridox HCl_Tab 50mg,0906024N0AAAIAI,2,0.9576000000000002
136,P81147,Tetrabenazine_Tab 25mg,0409030C0AAAAAA,1,0.9995999999999987
137,P81147,Valsartan_Tab 40mg,0205052V0AAADAD,2,5.7540000000000004
138,P81160,Amiodarone HCl_Tab 200mg,0203020D0AAABAB,5,1.7500000000000016
139,P81160,Clonazepam_Tab 500mcg,0408010F0AAABAB,7,4.135799999999992
140,P81160,Methocarbamol_Tab 750mg,1002020S0AAABAB,1,0.4299999999999998
141,P81160,Pyridox HCl_Tab 50mg,0906024N0AAAIAI,2,1.9152000000000005
142,P81165,Clonazepam_Tab 500mcg,0408010F0AAABAB,1,0.3389999999999993
143,P81165,Pyridox HCl_Tab 50mg,0906024N0AAAIAI,1,0.4788000000000001
144,P81166,Amiodarone HCl_Tab 200mg,0203020D0AAABAB,2,0.7000000000000006
145,P81166,Clonazepam_Tab 500mcg,0408010F0AAABAB,4,1.5819999999999967
146,P81166,Levetiracetam_Tab 500mg,0408010A0AAABAB,2,-0.011199999999998766
147,P81166,Pyridox HCl_Tab 50mg,0906024N0AAAIAI,1,0.9576000000000002
148,P81170,Amiodarone HCl_Tab 200mg,0203020D0AAABAB,1,0.3500000000000003
149,P81170,Clonazepam_Tab 500mcg,0408010F0AAABAB,3,0.7909999999999984
150,P81170,Levetiracetam_Tab 500mg,0408010A0AAABAB,1,-0.005599999999999383
151,P81182,Amiodarone HCl_Tab 200mg,0203020D0AAABAB,1,0.3500000000000003
152,P81182,Clonazepam_Tab 500mcg,0408010F0AAABAB,5,3.0057999999999936
153,P81182,Levetiracetam_Tab 500mg,0408010A0AAABAB,3,-0.01679999999999815
154,P81182,Pyridox HCl_Tab 50mg,0906024N0AAAIAI,2,3.830400000000001
155,P81197,Amiodarone HCl_Tab 200mg,0203020D0AAABAB,2,0.7000000000000006
156,P81197,Clonazepam_Tab 500mcg,0408010F0AAABAB,8,6.011599999999987
157,P81197,Levetiracetam_Tab 500mg,0408010A0AAABAB,1,-0.005599999999999383
158,P81212,Clonazepam_Tab 500mcg,0408010F0AAABAB,2,0.6327999999999987
159,P81212,Levetiracetam_Tab 500mg,0408010A0AAABAB,1,-0.005599999999999383
160,P81212,Methocarbamol_Tab 750mg,1002020S0AAABAB,1,0.4299999999999998
161,P81212,Topiramate_Tab 200mg,040801050AAACAC,2,7.469999999999997
162,P81218,Amiodarone HCl_Tab 200mg,0203020D0AAABAB,2,0.7000000000000006
163,P81218,Clonazepam_Tab 500mcg,0408010F0AAABAB,15,11.960399999999975
164,P81218,Levetiracetam_Tab 500mg,0408010A0AAABAB,11,30.197999999999997
165,P81218,Pyridox HCl_Tab 50mg,0906024N0AAAIAI,1,0.4788000000000001
166,P81218,Risperidone_Tab 6mg,040201030AAAFAF,1,29.2096
167,P81218,Topiramate_Tab 200mg,040801050AAACAC,1,2.3183999999999996
168,P81659,Amiodarone HCl_Tab 200mg,0203020D0AAABAB,3,1.050000000000001
169,P81659,Clonazepam_Tab 500mcg,0408010F0AAABAB,5,3.186599999999993
170,P81659,Levetiracetam_Tab 500mg,0408010A0AAABAB,5,-0.016799999999999704
171,P81659,Pyridox HCl_Tab 50mg,0906024N0AAAIAI,1,5.745600000000001
172,P81686,Amiodarone HCl_Tab 200mg,0203020D0AAABAB,2,0.7000000000000006
173,P81686,Clonazepam_Tab 500mcg,0408010F0AAABAB,1,1.1299999999999977
174,P81686,Pyridox HCl_Tab 50mg,0906024N0AAAIAI,1,0.9576000000000002
175,P81686,Topiramate_Tab 200mg,040801050AAACAC,2,4.636799999999999
176,P81699,Amiodarone HCl_Tab 200mg,0203020D0AAABAB,2,1.050000000000001
177,P81699,Gemfibrozil_Tab 600mg,0212000Q0AAABAB,1,15.142399999999999
178,P81699,Levetiracetam_Tab 500mg,0408010A0AAABAB,1,-0.005599999999999383
179,P81711,Amiodarone HCl_Tab 200mg,0203020D0AAABAB,2,0.7000000000000006
180,P81711,Clonazepam_Tab 500mcg,0408010F0AAABAB,2,1.898399999999996
181,P81711,Levetiracetam_Tab 500mg,0408010A0AAABAB,2,-0.011199999999998766
182,P81711,Methocarbamol_Tab 750mg,1002020S0AAABAB,2,0.6707999999999997
183,P81726,Amiodarone HCl_Tab 200mg,0203020D0AAABAB,1,0.3500000000000003
184,P81726,Clonazepam_Tab 500mcg,0408010F0AAABAB,4,1.898399999999996
185,P81726,Pyridox HCl_Tab 50mg,0906024N0AAAIAI,1,0.9576000000000002
186,P81730,Amiodarone HCl_Tab 200mg,0203020D0AAABAB,8,2.8000000000000025
187,P81730,Clonazepam_Tab 500mcg,0408010F0AAABAB,8,3.954999999999992
188,P81730,Levetiracetam_Tab 500mg,0408010A0AAABAB,2,-0.004399999999999377
189,P81730,Pyridox HCl_Tab 50mg,0906024N0AAAIAI,3,1.9152000000000005
190,P81730,Topiramate_Tab 200mg,040801050AAACAC,1,2.3183999999999996
191,P81731,Methocarbamol_Tab 750mg,1002020S0AAABAB,1,0.4815999999999998
192,P81732,Amiodarone HCl_Tab 200mg,0203020D0AAABAB,7,1.388800000000001
193,P81732,Clonazepam_Tab 500mcg,0408010F0AAABAB,2,2.056599999999996
194,P81732,Levetiracetam_Tab 500mg,0408010A0AAABAB,2,-0.011199999999998766
195,P81736,Amiodarone HCl_Tab 200mg,0203020D0AAABAB,1,0.3500000000000003
196,P81736,Clonazepam_Tab 500mcg,0408010F0AAABAB,2,1.2655999999999974
197,P81736,Levetiracetam_Tab 500mg,0408010A0AAABAB,1,-0.005599999999999383
198,P81755,Amiodarone HCl_Tab 200mg,0203020D0AAABAB,1,0.3500000000000003
199,P81755,Clonazepam_Tab 500mcg,0408010F0AAABAB,7,6.170999999999987
200,P81755,Levetiracetam_Tab 500mg,0408010A0AAABAB,1,0.006000000000000172
201,P81755,Topiramate_Tab 200mg,040801050AAACAC,1,1.1647999999999992
202,P81756,Amiodarone HCl_Tab 200mg,0203020D0AAABAB,1,0.3500000000000003
203,P81756,Tetrabenazine_Tab 25mg,0409030C0AAAAAA,1,3.2129999999999956
204,P81757,Clonazepam_Tab 500mcg,0408010F0AAABAB,1,0.6327999999999987
205,P81757,Levetiracetam_Tab 500mg,0408010A0AAABAB,2,-0.011199999999998766
206,P81778,Clonazepam_Tab 500mcg,0408010F0AAABAB,4,3.6385999999999923
207,P81778,Levetiracetam_Tab 500mg,0408010A0AAABAB,33,-0.1319999999999992
208,P81778,Topiramate_Tab 200mg,040801050AAACAC,1,2.489999999999999
209,P81780,Amiodarone HCl_Tab 200mg,0203020D0AAABAB,2,0.7000000000000006
210,P81780,Clonazepam_Tab 500mcg,0408010F0AAABAB,2,1.3107999999999973
211,P81780,Levetiracetam_Tab 500mg,0408010A0AAABAB,1,-0.005599999999999383
212,P81780,Pyridox HCl_Tab 50mg,0906024N0AAAIAI,1,1.4364000000000003
213,P81780,Tetrabenazine_Tab 25mg,0409030C0AAAAAA,2,5.997599999999992
214,Y02068,Methocarbamol_Tab 750mg,1002020S0AAABAB,2,0.9920000000000001
215,Y02605,Amiodarone HCl_Tab 200mg,0203020D0AAABAB,2,0.7000000000000006
216,Y02605,Clonazepam_Tab 500mcg,0408010F0AAABAB,7,6.101999999999988
217,Y02605,Methocarbamol_Tab 750mg,1002020S0AAABAB,1,0.4815999999999998
218,Y02606,Clonazepam_Tab 500mcg,0408010F0AAABAB,4,1.028299999999998
219,Y02606,Levetiracetam_Tab 500mg,0408010A0AAABAB,1,0.006000000000000172
220,Y02606,Methocarbamol_Tab 750mg,1002020S0AAABAB,2,0.6075999999999999
221,Y02606,Pyridox HCl_Tab 50mg,0906024N0AAAIAI,2,2.8728000000000007
