,practice_code,bnf_description,bnf_code,items,excess_cost
45,K83622,Quetiapine_Tab 200mg,0402010ABAAADAD,3,83.52000000000001
81,K83002,Lamotrigine_Tab Disper 25mg S/F,0408010H0AAAQAQ,3,63.8064
104,K83002,Anastrozole_Tab 1mg,0803041B0AAAAAA,67,61.532799999999995
38,K83002,Lamotrigine_Tab 200mg,0408010H0AAA1A1,14,56.99679999999999
106,K83002,Memantine HCl_Tab 20mg,0411000G0AAADAD,24,56.98560000000001
107,K83002,Nefopam HCl_Tab 30mg,0407010P0AAABAB,62,54.68400000000002
34,K83059,Atorvastatin_Tab 20mg,0212000B0AAABAB,367,45.21440000000001
35,K83622,Atorvastatin_Tab 20mg,0212000B0AAABAB,411,44.88120000000001
85,K83002,Quetiapine_Tab 25mg,0402010ABAAABAB,23,32.844
86,K83002,Quetiapine_Tab 25mg,0402010ABAAABAB,17,30.654399999999992
39,K83622,Lamotrigine_Tab 200mg,0408010H0AAA1A1,3,28.509599999999992
1,K83622,Paracet_Tab 500mg,0407010H0AAAMAM,36,20.160000000000004
0,K83622,Paracet_Tab 500mg,0407010H0AAAMAM,36,20.160000000000004
2,K83002,Paracet_Tab 500mg,0407010H0AAAMAM,502,15.060000000000082
3,K83002,Paracet_Tab 500mg,0407010H0AAAMAM,502,15.060000000000082
4,K83002,Paracet_Tab 500mg,0407010H0AAAMAM,121,10.841600000000028
5,K83002,Paracet_Tab 500mg,0407010H0AAAMAM,121,10.841600000000028
52,K83002,Clonazepam_Tab 500mcg,0408010F0AAABAB,17,10.757599999999979
53,K83002,Clonazepam_Tab 500mcg,0408010F0AAABAB,28,8.859199999999982
54,K83002,Clonazepam_Tab 500mcg,0408010F0AAABAB,8,7.593599999999984
55,K83614,Clonazepam_Tab 500mcg,0408010F0AAABAB,7,6.644399999999987
6,K83614,Paracet_Tab 500mg,0407010H0AAAMAM,5,5.656000000000001
7,K83614,Paracet_Tab 500mg,0407010H0AAAMAM,5,5.656000000000001
8,K83002,Paracet_Tab 500mg,0407010H0AAAMAM,89,5.340000000000029
9,K83002,Paracet_Tab 500mg,0407010H0AAAMAM,89,5.340000000000029
56,K83002,Clonazepam_Tab 500mcg,0408010F0AAABAB,5,3.389999999999993
57,K83059,Clonazepam_Tab 500mcg,0408010F0AAABAB,5,3.1639999999999935
58,K83002,Clonazepam_Tab 500mcg,0408010F0AAABAB,4,2.923199999999995
59,K83059,Clonazepam_Tab 500mcg,0408010F0AAABAB,3,2.847599999999994
61,K83622,Clonazepam_Tab 500mcg,0408010F0AAABAB,2,2.531199999999995
60,K83614,Clonazepam_Tab 500mcg,0408010F0AAABAB,2,2.531199999999995
63,K83002,Clonazepam_Tab 500mcg,0408010F0AAABAB,1,2.2599999999999953
62,K83002,Clonazepam_Tab 500mcg,0408010F0AAABAB,2,2.2599999999999953
64,K83059,Clonazepam_Tab 500mcg,0408010F0AAABAB,7,2.2147999999999954
65,K83002,Clonazepam_Tab 500mcg,0408010F0AAABAB,2,2.033999999999996
66,K83002,Clonazepam_Tab 500mcg,0408010F0AAABAB,1,1.898399999999996
67,K83002,Clonazepam_Tab 500mcg,0408010F0AAABAB,12,1.898399999999996
68,K83614,Clonazepam_Tab 500mcg,0408010F0AAABAB,1,1.5819999999999967
70,K83002,Clonazepam_Tab 500mcg,0408010F0AAABAB,4,1.3559999999999972
69,K83622,Clonazepam_Tab 500mcg,0408010F0AAABAB,2,1.3559999999999972
72,K83614,Clonazepam_Tab 500mcg,0408010F0AAABAB,2,1.2655999999999974
71,K83059,Clonazepam_Tab 500mcg,0408010F0AAABAB,1,1.2655999999999974
73,K83607,Clonazepam_Tab 500mcg,0408010F0AAABAB,1,1.1299999999999977
74,K83002,Clonazepam_Tab 500mcg,0408010F0AAABAB,1,0.7523999999999977
75,K83622,Clonazepam_Tab 500mcg,0408010F0AAABAB,2,0.6327999999999987
76,K83607,Clonazepam_Tab 500mcg,0408010F0AAABAB,2,0.6327999999999987
77,K83614,Clonazepam_Tab 500mcg,0408010F0AAABAB,2,0.6327999999999987
10,K83622,Paracet_Tab 500mg,0407010H0AAAMAM,18,0.4319999999999974
11,K83622,Paracet_Tab 500mg,0407010H0AAAMAM,18,0.4319999999999974
78,K83622,Clonazepam_Tab 500mcg,0408010F0AAABAB,1,0.3389999999999993
79,K83059,Clonazepam_Tab 500mcg,0408010F0AAABAB,2,0.31639999999999935
80,K83622,Clonazepam_Tab 500mcg,0408010F0AAABAB,2,0.31639999999999935
13,K83622,Paracet_Tab 500mg,0407010H0AAAMAM,3,0.25920000000000043
12,K83622,Paracet_Tab 500mg,0407010H0AAAMAM,3,0.25920000000000043
15,K83622,Paracet_Tab 500mg,0407010H0AAAMAM,2,0.0895999999999999
14,K83622,Paracet_Tab 500mg,0407010H0AAAMAM,2,0.0895999999999999
87,K83002,Quetiapine_Tab 25mg,0402010ABAAABAB,12,0.06719999999999726
16,K83059,Paracet_Tab 500mg,0407010H0AAAMAM,9,0.05399999999999967
17,K83059,Paracet_Tab 500mg,0407010H0AAAMAM,9,0.05399999999999967
88,K83059,Quetiapine_Tab 25mg,0402010ABAAABAB,5,0.0420000000000012
89,K83002,Quetiapine_Tab 25mg,0402010ABAAABAB,4,0.03360000000000096
40,K83622,Lamotrigine_Tab 200mg,0408010H0AAA1A1,5,0.027999999999996916
90,K83622,Quetiapine_Tab 25mg,0402010ABAAABAB,4,0.022399999999999087
19,K83002,Paracet_Tab 500mg,0407010H0AAAMAM,3,0.01799999999999989
18,K83002,Paracet_Tab 500mg,0407010H0AAAMAM,3,0.01799999999999989
91,K83622,Quetiapine_Tab 25mg,0402010ABAAABAB,2,0.01680000000000048
92,K83059,Quetiapine_Tab 25mg,0402010ABAAABAB,1,0.014000000000000401
93,K83614,Quetiapine_Tab 25mg,0402010ABAAABAB,2,0.011199999999999544
94,K83614,Quetiapine_Tab 25mg,0402010ABAAABAB,1,0.00840000000000024
22,K83614,Paracet_Tab 500mg,0407010H0AAAMAM,1,0.005999999999999964
23,K83614,Paracet_Tab 500mg,0407010H0AAAMAM,1,0.005999999999999964
21,K83002,Paracet_Tab 500mg,0407010H0AAAMAM,2,0.005999999999999964
20,K83002,Paracet_Tab 500mg,0407010H0AAAMAM,2,0.005999999999999964
95,K83059,Quetiapine_Tab 25mg,0402010ABAAABAB,1,0.005599999999999772
105,K83002,Anastrozole_Tab 1mg,0803041B0AAAAAA,1,0.004900000000000043
82,K83614,Lamotrigine_Tab Disper 25mg S/F,0408010H0AAAQAQ,1,0.004200000000000023
44,K83059,Lamotrigine_Tab 200mg,0408010H0AAA1A1,1,0.0
42,K83059,Lamotrigine_Tab 200mg,0408010H0AAA1A1,3,0.0
41,K83002,Lamotrigine_Tab 200mg,0408010H0AAA1A1,5,0.0
43,K83614,Lamotrigine_Tab 200mg,0408010H0AAA1A1,3,0.0
46,K83059,Quetiapine_Tab 200mg,0402010ABAAADAD,1,-0.0027999999999996916
47,K83614,Quetiapine_Tab 200mg,0402010ABAAADAD,1,-0.0027999999999996916
48,K83002,Quetiapine_Tab 200mg,0402010ABAAADAD,2,-0.0027999999999996916
49,K83622,Quetiapine_Tab 200mg,0402010ABAAADAD,4,-0.0027999999999996916
96,K83607,Quetiapine_Tab 25mg,0402010ABAAABAB,1,-0.00280000000000008
97,K83002,Quetiapine_Tab 25mg,0402010ABAAABAB,2,-0.00280000000000008
36,K83002,Atorvastatin_Tab 20mg,0212000B0AAABAB,1,-0.0029999999999998778
98,K83059,Quetiapine_Tab 25mg,0402010ABAAABAB,1,-0.003000000000000086
99,K83059,Quetiapine_Tab 25mg,0402010ABAAABAB,1,-0.00360000000000002
37,K83002,Atorvastatin_Tab 20mg,0212000B0AAABAB,1,-0.004199999999999995
50,K83002,Quetiapine_Tab 200mg,0402010ABAAADAD,2,-0.005599999999999383
51,K83622,Quetiapine_Tab 200mg,0402010ABAAADAD,5,-0.006999999999999229
100,K83614,Quetiapine_Tab 25mg,0402010ABAAABAB,4,-0.01120000000000032
101,K83002,Quetiapine_Tab 25mg,0402010ABAAABAB,3,-0.012600000000000361
102,K83059,Quetiapine_Tab 25mg,0402010ABAAABAB,5,-0.014000000000000401
24,K83622,Paracet_Tab 500mg,0407010H0AAAMAM,4,-0.022399999999999864
25,K83622,Paracet_Tab 500mg,0407010H0AAAMAM,4,-0.022399999999999864
83,K83002,Lamotrigine_Tab Disper 25mg S/F,0408010H0AAAQAQ,2,-0.023999999999999022
103,K83002,Quetiapine_Tab 25mg,0402010ABAAABAB,16,-0.04480000000000128
84,K83002,Lamotrigine_Tab Disper 25mg S/F,0408010H0AAAQAQ,26,-0.06239999999999962
26,K83614,Paracet_Tab 500mg,0407010H0AAAMAM,92,-0.9199999999999944
27,K83614,Paracet_Tab 500mg,0407010H0AAAMAM,92,-0.9199999999999944
29,K83614,Paracet_Tab 500mg,0407010H0AAAMAM,22,-1.3199999999999996
28,K83614,Paracet_Tab 500mg,0407010H0AAAMAM,22,-1.3199999999999996
31,K83614,Paracet_Tab 500mg,0407010H0AAAMAM,14,-1.567999999999996
30,K83614,Paracet_Tab 500mg,0407010H0AAAMAM,14,-1.567999999999996
32,K83622,Paracet_Tab 500mg,0407010H0AAAMAM,18,-1.6127999999999973
33,K83622,Paracet_Tab 500mg,0407010H0AAAMAM,18,-1.6127999999999973
