,practice_code,bnf_description,bnf_code,items,excess_cost
0,C83003,Atorvastatin_Tab 20mg,0212000B0AAABAB,1,-0.0013999999999999985
1,C83003,Atorvastatin_Tab 80mg,0212000B0AAADAD,86,0.18060000000000517
2,C83003,Clonazepam_Tab 500mcg,0408010F0AAABAB,55,16.92809999999996
3,C83003,Letrozole_Tab 2.5mg,0803041L0AAAAAA,29,0.14210000000000125
4,C83003,Paracet_Tab 500mg,0407010H0AAAMAM,190,-0.4535999999999972
5,C83003,Pregabalin_Cap 25mg,0408010AEAAAAAA,35,0.08669999999999792
6,C83003,Sertraline HCl_Tab 100mg,0403030Q0AAABAB,101,0.2856000000000016
7,C83007,Atorvastatin_Tab 20mg,0212000B0AAABAB,713,45.917200000000065
8,C83007,Atorvastatin_Tab 80mg,0212000B0AAADAD,34,49.6755
9,C83007,Clonazepam_Tab 500mcg,0408010F0AAABAB,56,24.12399999999995
10,C83007,Donepezil HCl_Orodisper Tab 5mg S/F,0411000D0AAADAD,2,105.45920000000001
11,C83007,Paracet_Tab 500mg,0407010H0AAAMAM,1224,42.35040000000026
12,C83007,Pregabalin_Cap 25mg,0408010AEAAAAAA,4,0.016799999999999704
13,C83007,Sertraline HCl_Tab 100mg,0403030Q0AAABAB,45,0.10920000000000066
14,C83007,Tolterodine_Tab 2mg,0704020N0AAABAB,19,25.547199999999997
15,C83022,Atorvastatin_Tab 20mg,0212000B0AAABAB,558,203.11200000000008
16,C83022,Atorvastatin_Tab 80mg,0212000B0AAADAD,329,36.70030000000001
17,C83022,Clonazepam_Tab 500mcg,0408010F0AAABAB,43,10.682199999999977
18,C83022,Letrozole_Tab 2.5mg,0803041L0AAAAAA,60,71.5155
19,C83022,Paracet_Tab 500mg,0407010H0AAAMAM,356,67.39960000000004
20,C83022,Pregabalin_Cap 25mg,0408010AEAAAAAA,21,112.81979999999999
21,C83022,Sertraline HCl_Tab 100mg,0403030Q0AAABAB,128,44.732800000000005
22,C83022,Tolterodine_Tab 2mg,0704020N0AAABAB,48,79.6404
23,C83026,Atorvastatin_Tab 20mg,0212000B0AAABAB,1,0.0020000000000000573
24,C83026,Atorvastatin_Tab 80mg,0212000B0AAADAD,5,0.0105000000000003
25,C83026,Clonazepam_Tab 500mcg,0408010F0AAABAB,27,13.761599999999973
26,C83026,Paracet_Tab 500mg,0407010H0AAAMAM,76,-0.012799999999999923
27,C83026,Pregabalin_Cap 25mg,0408010AEAAAAAA,9,0.012599999999999195
28,C83026,Sertraline HCl_Tab 100mg,0403030Q0AAABAB,22,0.04320000000000017
29,C83026,Tolterodine_Tab 2mg,0704020N0AAABAB,8,0.030799999999998745
30,C83035,Atorvastatin_Tab 80mg,0212000B0AAADAD,15,0.03570000000000102
31,C83035,Clonazepam_Tab 500mcg,0408010F0AAABAB,24,11.808599999999974
32,C83035,Paracet_Tab 500mg,0407010H0AAAMAM,32,-0.14559999999999912
33,C83035,Sertraline HCl_Tab 100mg,0403030Q0AAABAB,19,0.05670000000000036
34,C83035,Tolterodine_Tab 2mg,0704020N0AAABAB,7,0.0391999999999984
35,C83036,Atorvastatin_Tab 80mg,0212000B0AAADAD,84,0.16990000000000505
36,C83036,Clonazepam_Tab 500mcg,0408010F0AAABAB,20,6.169799999999988
37,C83036,Letrozole_Tab 2.5mg,0803041L0AAAAAA,3,0.01470000000000013
38,C83036,Paracet_Tab 500mg,0407010H0AAAMAM,174,0.161399999999999
39,C83036,Pregabalin_Cap 25mg,0408010AEAAAAAA,9,0.0017999999999992744
40,C83036,Sertraline HCl_Tab 100mg,0403030Q0AAABAB,160,0.4011000000000022
41,C83039,Atorvastatin_Tab 80mg,0212000B0AAADAD,21,0.04410000000000126
42,C83039,Clonazepam_Tab 500mcg,0408010F0AAABAB,8,4.045399999999992
43,C83039,Letrozole_Tab 2.5mg,0803041L0AAAAAA,8,0.039200000000000346
44,C83039,Paracet_Tab 500mg,0407010H0AAAMAM,48,-0.12239999999999926
45,C83039,Pregabalin_Cap 25mg,0408010AEAAAAAA,4,0.016799999999999704
46,C83039,Sertraline HCl_Tab 100mg,0403030Q0AAABAB,3,0.0011999999999999372
47,C83054,Atorvastatin_Tab 80mg,0212000B0AAADAD,19,0.03990000000000114
48,C83054,Clonazepam_Tab 500mcg,0408010F0AAABAB,21,7.0561999999999845
49,C83054,Paracet_Tab 500mg,0407010H0AAAMAM,18,-0.002799999999999983
50,C83054,Pregabalin_Cap 25mg,0408010AEAAAAAA,1,0.004199999999999926
51,C83054,Sertraline HCl_Tab 100mg,0403030Q0AAABAB,9,0.018900000000000104
52,C83054,Sumatriptan_Tab 100mg,0407041T0AAACAC,9,142.9144
53,C83063,Atorvastatin_Tab 20mg,0212000B0AAABAB,1,-0.0022999999999999063
54,C83063,Atorvastatin_Tab 80mg,0212000B0AAADAD,49,0.11460000000000328
55,C83063,Clonazepam_Tab 500mcg,0408010F0AAABAB,39,17.074399999999965
56,C83063,Letrozole_Tab 2.5mg,0803041L0AAAAAA,4,0.019600000000000173
57,C83063,Paracet_Tab 500mg,0407010H0AAAMAM,320,-0.9861999999999941
58,C83063,Pregabalin_Cap 25mg,0408010AEAAAAAA,21,-0.012000000000001898
59,C83063,Sertraline HCl_Tab 100mg,0403030Q0AAABAB,59,0.1449000000000008
60,C83063,Tolterodine_Tab 2mg,0704020N0AAABAB,1,0.001399999999999943
61,C83065,Atorvastatin_Tab 20mg,0212000B0AAABAB,309,24.225600000000032
62,C83065,Atorvastatin_Tab 80mg,0212000B0AAADAD,53,99.1977
63,C83065,Clonazepam_Tab 500mcg,0408010F0AAABAB,7,3.5255999999999927
64,C83065,Letrozole_Tab 2.5mg,0803041L0AAAAAA,9,213.8976
65,C83065,Paracet_Tab 500mg,0407010H0AAAMAM,288,10.990000000000029
66,C83065,Pregabalin_Cap 25mg,0408010AEAAAAAA,3,59.6064
67,C83065,Sertraline HCl_Tab 100mg,0403030Q0AAABAB,55,108.47689999999999
68,C83065,Sumatriptan_Tab 100mg,0407041T0AAACAC,3,2.8907999999999996
69,C83065,Tolterodine_Tab 2mg,0704020N0AAABAB,4,0.011199999999999544
70,C83614,Atorvastatin_Tab 80mg,0212000B0AAADAD,32,0.06720000000000192
71,C83614,Clonazepam_Tab 500mcg,0408010F0AAABAB,8,3.0961999999999934
72,C83614,Pregabalin_Cap 25mg,0408010AEAAAAAA,4,0.016799999999999704
73,C83614,Sertraline HCl_Tab 100mg,0403030Q0AAABAB,12,0.02520000000000014
74,C83617,Atorvastatin_Tab 80mg,0212000B0AAADAD,4,0.00840000000000024
75,C83617,Clonazepam_Tab 500mcg,0408010F0AAABAB,6,2.9135999999999944
76,C83617,Pregabalin_Cap 25mg,0408010AEAAAAAA,4,0.016799999999999704
77,C83617,Sertraline HCl_Tab 100mg,0403030Q0AAABAB,13,0.02730000000000015
78,C83631,Clonazepam_Tab 500mcg,0408010F0AAABAB,1,0.6327999999999987
79,C83631,Paracet_Tab 500mg,0407010H0AAAMAM,8,-0.02799999999999983
80,C83631,Pregabalin_Cap 25mg,0408010AEAAAAAA,9,0.004199999999999149
81,C83631,Sertraline HCl_Tab 100mg,0403030Q0AAABAB,3,0.006300000000000035
