,practice_code,bnf_description,bnf_code,items,excess_cost
0,G85002,Amiodarone HCl_Tab 200mg,0203020D0AAABAB,1,0.7000000000000006
1,G85002,Aspirin Disper_Tab 75mg,0209000A0AAABAB,160,0.4479999999999973
2,G85002,Clonazepam_Tab 500mcg,0408010F0AAABAB,34,8.791399999999982
3,G85002,Omeprazole_Cap E/C 20mg,0103050P0AAAAAA,84,0.38379999999999903
4,G85011,Amiodarone HCl_Tab 200mg,0203020D0AAABAB,2,0.5292000000000003
5,G85011,Aspirin Disper_Tab 75mg,0209000A0AAABAB,236,0.673199999999996
6,G85011,Buprenorphine_Tab Subling 400mcg S/F,0410030A0AAACAC,4,4.480200000000001
7,G85011,Clonazepam_Tab 500mcg,0408010F0AAABAB,2,1.3519999999999976
8,G85011,Mesalazine_Tab E/C 800mg,0105010B0AAASAS,1,68.87999999999998
9,G85011,Omeprazole_Cap E/C 20mg,0103050P0AAAAAA,98,0.45009999999999895
10,G85014,Amiodarone HCl_Tab 200mg,0203020D0AAABAB,5,1.304100000000001
11,G85014,Aspirin Disper_Tab 75mg,0209000A0AAABAB,332,0.9295999999999944
12,G85014,Buprenorphine_Tab Subling 400mcg S/F,0410030A0AAACAC,2,0.7616
13,G85014,Clonazepam_Tab 500mcg,0408010F0AAABAB,15,3.9918999999999922
14,G85014,Omeprazole_Cap E/C 20mg,0103050P0AAAAAA,113,0.5427999999999993
15,G85016,Amiodarone HCl_Tab 200mg,0203020D0AAABAB,2,1.050000000000001
16,G85016,Aspirin Disper_Tab 75mg,0209000A0AAABAB,632,1.7695999999999894
17,G85016,Buprenorphine_Tab Subling 400mcg S/F,0410030A0AAACAC,1,1.5232
18,G85016,Clonazepam_Tab 500mcg,0408010F0AAABAB,8,3.9323999999999923
19,G85016,Omeprazole_Cap E/C 20mg,0103050P0AAAAAA,195,0.9554999999999989
20,G85016,Risperidone_Tab 6mg,040201030AAAFAF,8,58.464
21,G85021,Amiodarone HCl_Tab 200mg,0203020D0AAABAB,4,0.3388
22,G85021,Aspirin Disper_Tab 75mg,0209000A0AAABAB,250,0.677799999999996
23,G85021,Clonazepam_Tab 500mcg,0408010F0AAABAB,13,4.429599999999992
24,G85021,Omeprazole_Cap E/C 20mg,0103050P0AAAAAA,150,0.7321999999999992
25,G85021,Risperidone_Tab 6mg,040201030AAAFAF,1,29.2096
26,G85022,Amiodarone HCl_Tab 200mg,0203020D0AAABAB,5,1.388800000000001
27,G85022,Aspirin Disper_Tab 75mg,0209000A0AAABAB,366,1.022799999999994
28,G85022,Clonazepam_Tab 500mcg,0408010F0AAABAB,20,9.03799999999998
29,G85022,Omeprazole_Cap E/C 20mg,0103050P0AAAAAA,85,0.3937999999999992
30,G85025,Amiodarone HCl_Tab 200mg,0203020D0AAABAB,1,0.7000000000000006
31,G85025,Aspirin Disper_Tab 75mg,0209000A0AAABAB,180,0.5039999999999969
32,G85025,Clonazepam_Tab 500mcg,0408010F0AAABAB,6,1.8899999999999963
33,G85025,Omeprazole_Cap E/C 20mg,0103050P0AAAAAA,96,0.43059999999999865
34,G85025,Topiramate_Tab 200mg,040801050AAACAC,2,4.979999999999998
35,G85028,Aspirin Disper_Tab 75mg,0209000A0AAABAB,624,1.7527999999999895
36,G85028,Buprenorphine_Tab Subling 400mcg S/F,0410030A0AAACAC,8,4.5696
37,G85028,Clonazepam_Tab 500mcg,0408010F0AAABAB,8,0.949199999999998
38,G85028,Omeprazole_Cap E/C 20mg,0103050P0AAAAAA,227,1.1122999999999987
39,G85039,Amiodarone HCl_Tab 200mg,0203020D0AAABAB,10,3.308200000000002
40,G85039,Aspirin Disper_Tab 75mg,0209000A0AAABAB,272,0.7615999999999954
41,G85039,Buprenorphine_Tab Subling 400mcg S/F,0410030A0AAACAC,4,2.2848
42,G85039,Clonazepam_Tab 500mcg,0408010F0AAABAB,18,5.423999999999989
43,G85039,Omeprazole_Cap E/C 20mg,0103050P0AAAAAA,84,0.4087999999999995
44,G85039,Topiramate_Cap 50mg,040801050AAAWAW,1,1.2839999999999985
45,G85041,Amiodarone HCl_Tab 200mg,0203020D0AAABAB,1,0.3500000000000003
46,G85041,Aspirin Disper_Tab 75mg,0209000A0AAABAB,272,0.7631999999999953
47,G85041,Clonazepam_Tab 500mcg,0408010F0AAABAB,9,1.7539999999999973
48,G85041,Omeprazole_Cap E/C 20mg,0103050P0AAAAAA,66,0.32339999999999963
49,G85044,Aspirin Disper_Tab 75mg,0209000A0AAABAB,108,0.30239999999999817
50,G85044,Clonazepam_Tab 500mcg,0408010F0AAABAB,1,1.3559999999999972
51,G85044,Omeprazole_Cap E/C 20mg,0103050P0AAAAAA,57,0.2792999999999997
52,G85044,Topiramate_Tab 200mg,040801050AAACAC,4,2.307200000000001
53,G85044,Venlafaxine_Cap 150mg M/R,0403040W0AAAEAE,4,0.019600000000000173
54,G85045,Aspirin Disper_Tab 75mg,0209000A0AAABAB,202,0.5655999999999965
55,G85045,Buprenorphine_Tab Subling 400mcg S/F,0410030A0AAACAC,4,1.5232
56,G85045,Clonazepam_Tab 500mcg,0408010F0AAABAB,20,3.9866999999999924
57,G85045,Omeprazole_Cap E/C 20mg,0103050P0AAAAAA,59,0.2781999999999995
58,G85047,Amiodarone HCl_Tab 200mg,0203020D0AAABAB,4,0.3388
59,G85047,Aspirin Disper_Tab 75mg,0209000A0AAABAB,194,0.5431999999999967
60,G85047,Clonazepam_Tab 500mcg,0408010F0AAABAB,2,0.6327999999999987
61,G85047,Omeprazole_Cap E/C 20mg,0103050P0AAAAAA,115,0.5634999999999993
62,G85053,Amiodarone HCl_Tab 200mg,0203020D0AAABAB,1,0.7000000000000006
63,G85053,Aspirin Disper_Tab 75mg,0209000A0AAABAB,308,0.8623999999999947
64,G85053,Clonazepam_Tab 500mcg,0408010F0AAABAB,8,5.480499999999989
65,G85053,Omeprazole_Cap E/C 20mg,0103050P0AAAAAA,125,0.6124999999999994
66,G85053,Venlafaxine_Cap 150mg M/R,0403040W0AAAEAE,4,0.019600000000000173
67,G85054,Amiodarone HCl_Tab 200mg,0203020D0AAABAB,1,0.3500000000000003
68,G85054,Aspirin Disper_Tab 75mg,0209000A0AAABAB,324,0.9031999999999945
69,G85054,Clonazepam_Tab 500mcg,0408010F0AAABAB,21,4.099199999999993
70,G85054,Omeprazole_Cap E/C 20mg,0103050P0AAAAAA,158,0.7741999999999991
71,G85073,Aspirin Disper_Tab 75mg,0209000A0AAABAB,262,0.7335999999999956
72,G85073,Clonazepam_Tab 500mcg,0408010F0AAABAB,10,1.898399999999996
73,G85073,Omeprazole_Cap E/C 20mg,0103050P0AAAAAA,74,0.3529999999999994
74,G85073,Risperidone_Tab 6mg,040201030AAAFAF,4,29.232
75,G85073,Topiramate_Tab 200mg,040801050AAACAC,4,2.307200000000001
76,G85083,Amiodarone HCl_Tab 200mg,0203020D0AAABAB,1,0.3500000000000003
77,G85083,Aspirin Disper_Tab 75mg,0209000A0AAABAB,152,0.4255999999999974
78,G85083,Buprenorphine_Tab Subling 400mcg S/F,0410030A0AAACAC,1,1.5232
79,G85083,Omeprazole_Cap E/C 20mg,0103050P0AAAAAA,89,0.408299999999999
80,G85083,Topiramate_Tab 200mg,040801050AAACAC,1,2.489999999999999
81,G85086,Amiodarone HCl_Tab 200mg,0203020D0AAABAB,8,1.2929000000000006
82,G85086,Aspirin Disper_Tab 75mg,0209000A0AAABAB,170,0.4759999999999971
83,G85086,Clonazepam_Tab 500mcg,0408010F0AAABAB,1,0.949199999999998
84,G85086,Omeprazole_Cap E/C 20mg,0103050P0AAAAAA,67,0.32829999999999965
85,G85096,Amiodarone HCl_Tab 200mg,0203020D0AAABAB,4,0.3388
86,G85096,Aspirin Disper_Tab 75mg,0209000A0AAABAB,144,0.40319999999999756
87,G85096,Clonazepam_Tab 500mcg,0408010F0AAABAB,10,3.5707999999999926
88,G85096,Omeprazole_Cap E/C 20mg,0103050P0AAAAAA,58,0.2841999999999997
89,G85100,Amiodarone HCl_Tab 200mg,0203020D0AAABAB,6,1.2180000000000006
90,G85100,Aspirin Disper_Tab 75mg,0209000A0AAABAB,154,0.41719999999999746
91,G85100,Clonazepam_Tab 500mcg,0408010F0AAABAB,8,1.4959999999999973
92,G85100,Mesalazine_Tab E/C 800mg,0105010B0AAASAS,1,-36.89999999999999
93,G85100,Omeprazole_Cap E/C 20mg,0103050P0AAAAAA,38,0.1861999999999998
94,G85102,Amiodarone HCl_Tab 200mg,0203020D0AAABAB,3,2.450000000000002
95,G85102,Aspirin Disper_Tab 75mg,0209000A0AAABAB,192,0.5375999999999967
96,G85102,Clonazepam_Tab 500mcg,0408010F0AAABAB,5,3.4627999999999926
97,G85102,Omeprazole_Cap E/C 20mg,0103050P0AAAAAA,37,0.1812999999999998
98,G85109,Amiodarone HCl_Tab 200mg,0203020D0AAABAB,1,0.7000000000000006
99,G85109,Aspirin Disper_Tab 75mg,0209000A0AAABAB,112,0.3135999999999981
100,G85109,Clonazepam_Tab 500mcg,0408010F0AAABAB,6,4.056699999999991
101,G85109,Mesalazine_Tab E/C 800mg,0105010B0AAASAS,4,66.41999999999999
102,G85109,Omeprazole_Cap E/C 20mg,0103050P0AAAAAA,89,0.4191999999999992
103,G85109,Topiramate_Tab 200mg,040801050AAACAC,4,2.307200000000001
104,G85118,Amiodarone HCl_Tab 200mg,0203020D0AAABAB,1,0.7000000000000006
105,G85118,Aspirin Disper_Tab 75mg,0209000A0AAABAB,112,0.3135999999999981
106,G85118,Clonazepam_Tab 500mcg,0408010F0AAABAB,14,3.322199999999993
107,G85118,Omeprazole_Cap E/C 20mg,0103050P0AAAAAA,68,0.3331999999999996
108,G85118,Topiramate_Tab 200mg,040801050AAACAC,1,4.979999999999998
109,G85118,Venlafaxine_Cap 150mg M/R,0403040W0AAAEAE,4,0.019600000000000173
110,G85123,Amiodarone HCl_Tab 200mg,0203020D0AAABAB,4,0.3388
111,G85123,Aspirin Disper_Tab 75mg,0209000A0AAABAB,130,0.35379999999999767
112,G85123,Clonazepam_Tab 500mcg,0408010F0AAABAB,4,1.1864999999999974
113,G85123,Omeprazole_Cap E/C 20mg,0103050P0AAAAAA,38,0.1861999999999998
114,G85123,Topiramate_Tab 200mg,040801050AAACAC,4,2.307200000000001
115,G85127,Aspirin Disper_Tab 75mg,0209000A0AAABAB,150,0.4101999999999975
116,G85127,Clonazepam_Tab 500mcg,0408010F0AAABAB,11,6.020399999999987
117,G85127,Omeprazole_Cap E/C 20mg,0103050P0AAAAAA,49,0.24009999999999973
118,G85129,Amiodarone HCl_Tab 200mg,0203020D0AAABAB,1,0.7000000000000006
119,G85129,Aspirin Disper_Tab 75mg,0209000A0AAABAB,96,0.2687999999999984
120,G85129,Clonazepam_Tab 500mcg,0408010F0AAABAB,2,3.344799999999993
121,G85129,Omeprazole_Cap E/C 20mg,0103050P0AAAAAA,23,0.11269999999999988
122,G85130,Aspirin Disper_Tab 75mg,0209000A0AAABAB,208,0.5823999999999965
123,G85130,Buprenorphine_Tab Subling 400mcg S/F,0410030A0AAACAC,1,3.0464
124,G85130,Clonazepam_Tab 500mcg,0408010F0AAABAB,13,6.586499999999987
125,G85130,Omeprazole_Cap E/C 20mg,0103050P0AAAAAA,68,0.3186999999999994
126,G85133,Aspirin Disper_Tab 75mg,0209000A0AAABAB,230,0.6439999999999961
127,G85133,Clonazepam_Tab 500mcg,0408010F0AAABAB,5,0.949199999999998
128,G85133,Omeprazole_Cap E/C 20mg,0103050P0AAAAAA,44,0.21559999999999976
129,G85135,Amiodarone HCl_Tab 200mg,0203020D0AAABAB,1,0.0847
130,G85135,Aspirin Disper_Tab 75mg,0209000A0AAABAB,444,1.2487999999999926
131,G85135,Buprenorphine_Tab Subling 400mcg S/F,0410030A0AAACAC,2,1.5232
132,G85135,Clonazepam_Tab 500mcg,0408010F0AAABAB,18,3.4650999999999934
133,G85135,Omeprazole_Cap E/C 20mg,0103050P0AAAAAA,174,0.852599999999999
134,G85136,Aspirin Disper_Tab 75mg,0209000A0AAABAB,76,0.2127999999999987
135,G85136,Clonazepam_Tab 500mcg,0408010F0AAABAB,19,2.847599999999994
136,G85136,Omeprazole_Cap E/C 20mg,0103050P0AAAAAA,56,0.2743999999999997
137,G85136,Topiramate_Cap 50mg,040801050AAAWAW,1,4.793599999999994
138,G85137,Aspirin Disper_Tab 75mg,0209000A0AAABAB,156,0.43839999999999735
139,G85137,Clonazepam_Tab 500mcg,0408010F0AAABAB,7,2.0801999999999956
140,G85137,Omeprazole_Cap E/C 20mg,0103050P0AAAAAA,78,0.3756999999999996
141,G85137,Topiramate_Cap 50mg,040801050AAAWAW,1,1.2839999999999985
142,G85647,Aspirin Disper_Tab 75mg,0209000A0AAABAB,120,0.338799999999998
143,G85647,Clonazepam_Tab 500mcg,0408010F0AAABAB,12,2.531199999999995
144,G85647,Omeprazole_Cap E/C 20mg,0103050P0AAAAAA,50,0.24499999999999972
145,G85647,Risperidone_Tab 6mg,040201030AAAFAF,1,14.6048
146,G85662,Amiodarone HCl_Tab 200mg,0203020D0AAABAB,1,0.3500000000000003
147,G85662,Aspirin Disper_Tab 75mg,0209000A0AAABAB,186,0.5207999999999968
148,G85662,Clonazepam_Tab 500mcg,0408010F0AAABAB,11,3.706399999999992
149,G85662,Mesalazine_Tab E/C 800mg,0105010B0AAASAS,1,34.43999999999999
150,G85662,Omeprazole_Cap E/C 20mg,0103050P0AAAAAA,69,0.3380999999999996
151,G85662,Topiramate_Cap 50mg,040801050AAAWAW,1,4.259999999999997
152,G85673,Aspirin Disper_Tab 75mg,0209000A0AAABAB,72,0.20159999999999878
153,G85673,Omeprazole_Cap E/C 20mg,0103050P0AAAAAA,17,0.0832999999999999
154,G85674,Aspirin Disper_Tab 75mg,0209000A0AAABAB,64,0.17919999999999892
155,G85674,Clonazepam_Tab 500mcg,0408010F0AAABAB,1,0.6779999999999986
156,G85674,Omeprazole_Cap E/C 20mg,0103050P0AAAAAA,20,0.09799999999999989
157,G85690,Amiodarone HCl_Tab 200mg,0203020D0AAABAB,5,1.0388000000000006
158,G85690,Aspirin Disper_Tab 75mg,0209000A0AAABAB,214,0.6215999999999963
159,G85690,Clonazepam_Tab 500mcg,0408010F0AAABAB,3,1.525499999999997
160,G85690,Mesalazine_Tab E/C 800mg,0105010B0AAASAS,1,34.43999999999999
161,G85690,Omeprazole_Cap E/C 20mg,0103050P0AAAAAA,82,0.40179999999999955
162,G85690,Venlafaxine_Cap 150mg M/R,0403040W0AAAEAE,4,0.019600000000000173
163,G85695,Aspirin Disper_Tab 75mg,0209000A0AAABAB,132,0.36959999999999776
164,G85695,Clonazepam_Tab 500mcg,0408010F0AAABAB,2,1.988799999999996
165,G85695,Omeprazole_Cap E/C 20mg,0103050P0AAAAAA,41,0.20089999999999977
166,G85695,Venlafaxine_Cap 150mg M/R,0403040W0AAAEAE,2,26.9976
167,G85706,Amiodarone HCl_Tab 200mg,0203020D0AAABAB,3,2.450000000000002
168,G85706,Aspirin Disper_Tab 75mg,0209000A0AAABAB,156,0.43679999999999736
169,G85706,Clonazepam_Tab 500mcg,0408010F0AAABAB,4,3.1187999999999936
170,G85706,Omeprazole_Cap E/C 20mg,0103050P0AAAAAA,65,0.3184999999999997
171,G85708,Amiodarone HCl_Tab 200mg,0203020D0AAABAB,1,0.7000000000000006
172,G85708,Aspirin Disper_Tab 75mg,0209000A0AAABAB,170,0.4759999999999971
173,G85708,Clonazepam_Tab 500mcg,0408010F0AAABAB,11,5.06239999999999
174,G85708,Omeprazole_Cap E/C 20mg,0103050P0AAAAAA,137,0.6684999999999992
175,G85724,Amiodarone HCl_Tab 200mg,0203020D0AAABAB,1,0.7000000000000006
176,G85724,Aspirin Disper_Tab 75mg,0209000A0AAABAB,138,0.3919999999999977
177,G85724,Clonazepam_Tab 500mcg,0408010F0AAABAB,8,2.847599999999994
178,G85724,Omeprazole_Cap E/C 20mg,0103050P0AAAAAA,22,0.08319999999999947
179,G85724,Topiramate_Cap 50mg,040801050AAAWAW,1,2.567999999999997
180,Y00020,Aspirin Disper_Tab 75mg,0209000A0AAABAB,198,0.5543999999999967
181,Y00020,Clonazepam_Tab 500mcg,0408010F0AAABAB,7,2.048199999999996
182,Y00020,Omeprazole_Cap E/C 20mg,0103050P0AAAAAA,58,0.26729999999999937
183,Y00020,Venlafaxine_Cap 150mg M/R,0403040W0AAAEAE,4,0.019600000000000173
184,Y01962,Amiodarone HCl_Tab 200mg,0203020D0AAABAB,1,0.3500000000000003
185,Y01962,Aspirin Disper_Tab 75mg,0209000A0AAABAB,22,0.06159999999999963
186,Y01962,Clonazepam_Tab 500mcg,0408010F0AAABAB,4,2.392799999999995
187,Y01962,Omeprazole_Cap E/C 20mg,0103050P0AAAAAA,12,0.04369999999999965
188,Y03063,Aspirin Disper_Tab 75mg,0209000A0AAABAB,292,0.817599999999995
189,Y03063,Clonazepam_Tab 500mcg,0408010F0AAABAB,13,1.977499999999996
190,Y03063,Omeprazole_Cap E/C 20mg,0103050P0AAAAAA,102,0.4633999999999995
191,Y05162,Omeprazole_Cap E/C 20mg,0103050P0AAAAAA,2,0.00979999999999999
192,Y05187,Omeprazole_Cap E/C 20mg,0103050P0AAAAAA,1,0.004899999999999995
