,practice_code,bnf_description,bnf_code,items,excess_cost
0,J82007,Aripiprazole_Tab 5mg,0402010ADAAADAD,8,172.3666
1,J82007,Atorvastatin_Tab 20mg,0212000B0AAABAB,267,45.60360000000001
2,J82007,Atorvastatin_Tab 40mg,0212000B0AAACAC,173,0.9687999999999941
3,J82007,Clonazepam_Tab 500mcg,0408010F0AAABAB,24,9.976499999999978
4,J82007,Nebivolol_Tab 2.5mg,0204000ABAAABAB,4,52.67359999999999
5,J82007,Paracet_Tab 500mg,0407010H0AAAMAM,464,14.91360000000013
6,J82007,Paracet_Tab Solb 500mg,0407010H0AAAQAQ,8,164.57680000000002
7,J82007,Sumatriptan_Tab 50mg,0407041T0AAAFAF,21,4.3271999999999995
8,J82008,Clonazepam_Tab 500mcg,0408010F0AAABAB,4,2.5537999999999945
9,J82008,Paracet_Tab 500mg,0407010H0AAAMAM,8,0.02479999999999985
10,J82008,Sumatriptan_Tab 50mg,0407041T0AAAFAF,13,-0.0027999999999996916
11,J82016,Clonazepam_Tab 500mcg,0408010F0AAABAB,5,5.869799999999989
12,J82016,Sumatriptan_Tab 100mg,0407041T0AAACAC,1,0.0039999999999995595
13,J82016,Sumatriptan_Tab 50mg,0407041T0AAAFAF,31,0.0
14,J82017,Clonazepam_Tab 500mcg,0408010F0AAABAB,9,6.657199999999986
15,J82017,Mesalazine_Tab E/C 800mg,0105010B0AAASAS,2,71.33999999999997
16,J82017,Paracet_Tab 500mg,0407010H0AAAMAM,8,-0.03759999999999977
17,J82017,Paracet_Tab Solb 500mg,0407010H0AAAQAQ,2,-0.011999999999998678
18,J82017,Sumatriptan_Tab 50mg,0407041T0AAAFAF,20,0.00039999999999995595
19,J82018,Atorvastatin_Tab 20mg,0212000B0AAABAB,1,-0.0029999999999998778
20,J82018,Atorvastatin_Tab 40mg,0212000B0AAACAC,1,0.0026000000000000745
21,J82018,Clonazepam_Tab 500mcg,0408010F0AAABAB,13,9.491999999999981
22,J82018,Mesalazine_Tab E/C 800mg,0105010B0AAASAS,3,66.41999999999997
23,J82018,Paracet_Tab 500mg,0407010H0AAAMAM,50,-0.2567999999999985
24,J82018,Sumatriptan_Tab 50mg,0407041T0AAAFAF,20,0.0
25,J82019,Aripiprazole_Tab 5mg,0402010ADAAADAD,6,-0.002800000000001246
26,J82019,Clonazepam_Tab 500mcg,0408010F0AAABAB,13,6.473599999999987
27,J82019,Paracet_Tab 500mg,0407010H0AAAMAM,10,-0.00979999999999994
28,J82019,Sumatriptan_Tab 50mg,0407041T0AAAFAF,31,-0.0032000000000000917
29,J82020,Clonazepam_Tab 500mcg,0408010F0AAABAB,10,7.8195999999999835
30,J82020,Sumatriptan_Tab 50mg,0407041T0AAAFAF,7,0.0
31,J82025,Aripiprazole_Tab 5mg,0402010ADAAADAD,3,-0.009100000000000746
32,J82025,Clonazepam_Tab 500mcg,0408010F0AAABAB,17,12.723799999999974
33,J82025,Paracet_Tab 500mg,0407010H0AAAMAM,28,-0.10079999999999939
34,J82025,Sumatriptan_Tab 50mg,0407041T0AAAFAF,20,0.0
35,J82029,Clonazepam_Tab 500mcg,0408010F0AAABAB,12,7.616199999999984
36,J82029,Nebivolol_Tab 2.5mg,0204000ABAAABAB,1,0.0041999999999995374
37,J82029,Paracet_Tab 500mg,0407010H0AAAMAM,354,19.805600000000027
38,J82029,Paracet_Tab Solb 500mg,0407010H0AAAQAQ,14,73.50000000000003
39,J82029,Sumatriptan_Tab 50mg,0407041T0AAAFAF,13,0.0039999999999995595
40,J82034,Clonazepam_Tab 500mcg,0408010F0AAABAB,13,5.708999999999989
41,J82034,Nebivolol_Tab 2.5mg,0204000ABAAABAB,1,0.0041999999999995374
42,J82034,Paracet_Tab 500mg,0407010H0AAAMAM,16,-0.08959999999999946
43,J82034,Paracet_Tab Solb 500mg,0407010H0AAAQAQ,2,70.52159999999999
44,J82034,Sumatriptan_Tab 50mg,0407041T0AAAFAF,33,0.0
45,J82035,Clonazepam_Tab 500mcg,0408010F0AAABAB,14,10.655899999999978
46,J82035,Paracet_Tab 500mg,0407010H0AAAMAM,12,0.01479999999999991
47,J82035,Sumatriptan_Tab 50mg,0407041T0AAAFAF,11,0.0
48,J82036,Clonazepam_Tab 500mcg,0408010F0AAABAB,5,0.474599999999999
49,J82036,Paracet_Tab 500mg,0407010H0AAAMAM,24,-0.1343999999999992
50,J82036,Sumatriptan_Tab 50mg,0407041T0AAAFAF,7,0.0
51,J82039,Aripiprazole_Tab 5mg,0402010ADAAADAD,10,0.004999999999999172
52,J82039,Clonazepam_Tab 500mcg,0408010F0AAABAB,17,6.282799999999988
53,J82039,Paracet_Tab 500mg,0407010H0AAAMAM,516,64.22040000000014
54,J82039,Sumatriptan_Tab 50mg,0407041T0AAAFAF,15,-0.0027999999999996916
55,J82050,Aripiprazole_Tab 5mg,0402010ADAAADAD,1,0.004199999999999926
56,J82050,Clonazepam_Tab 500mcg,0408010F0AAABAB,28,11.424299999999976
57,J82050,Sumatriptan_Tab 100mg,0407041T0AAACAC,2,0.008000000000000895
58,J82050,Sumatriptan_Tab 50mg,0407041T0AAAFAF,29,0.0
59,J82051,Atorvastatin_Tab 20mg,0212000B0AAABAB,8,0.0008000000000000784
60,J82051,Atorvastatin_Tab 40mg,0212000B0AAACAC,2,0.012000000000000344
61,J82051,Clonazepam_Tab 500mcg,0408010F0AAABAB,20,7.819599999999984
62,J82051,Paracet_Tab 500mg,0407010H0AAAMAM,330,-0.8163999999999951
63,J82051,Paracet_Tab Solb 500mg,0407010H0AAAQAQ,4,-0.01999999999999863
64,J82051,Sumatriptan_Tab 50mg,0407041T0AAAFAF,18,0.0
65,J82053,Clonazepam_Tab 500mcg,0408010F0AAABAB,6,4.70079999999999
66,J82053,Sumatriptan_Tab 50mg,0407041T0AAAFAF,6,0.0
67,J82056,Atorvastatin_Tab 20mg,0212000B0AAABAB,1,0.006000000000000172
68,J82056,Atorvastatin_Tab 40mg,0212000B0AAACAC,1,0.006000000000000172
69,J82056,Clonazepam_Tab 500mcg,0408010F0AAABAB,28,19.664399999999958
70,J82056,Mesalazine_Tab E/C 800mg,0105010B0AAASAS,1,34.43999999999999
71,J82056,Paracet_Tab 500mg,0407010H0AAAMAM,4,0.017599999999999894
72,J82056,Sumatriptan_Tab 50mg,0407041T0AAAFAF,42,0.0
73,J82059,Clonazepam_Tab 500mcg,0408010F0AAABAB,5,1.7853999999999963
74,J82059,Paracet_Tab 500mg,0407010H0AAAMAM,2,-0.003999999999999976
75,J82059,Sumatriptan_Tab 50mg,0407041T0AAAFAF,8,0.0
76,J82063,Clonazepam_Tab 500mcg,0408010F0AAABAB,17,10.801799999999977
77,J82063,Paracet_Tab 500mg,0407010H0AAAMAM,18,-0.0335999999999998
78,J82063,Sumatriptan_Tab 50mg,0407041T0AAAFAF,19,0.0031999999999996476
79,J82064,Atorvastatin_Tab 40mg,0212000B0AAACAC,1,0.006000000000000172
80,J82064,Clonazepam_Tab 500mcg,0408010F0AAABAB,11,7.218399999999987
81,J82064,Nebivolol_Tab 2.5mg,0204000ABAAABAB,1,0.0041999999999995374
82,J82064,Paracet_Tab 500mg,0407010H0AAAMAM,24,-0.10079999999999939
83,J82064,Sumatriptan_Tab 50mg,0407041T0AAAFAF,22,0.0
84,J82071,Clonazepam_Tab 500mcg,0408010F0AAABAB,3,1.6271999999999966
85,J82071,Paracet_Tab 500mg,0407010H0AAAMAM,14,-0.06159999999999963
86,J82071,Sumatriptan_Tab 50mg,0407041T0AAAFAF,8,0.0
87,J82072,Aripiprazole_Tab 5mg,0402010ADAAADAD,1,-0.006300000000001055
88,J82072,Clonazepam_Tab 500mcg,0408010F0AAABAB,11,6.011599999999989
89,J82072,Paracet_Tab 500mg,0407010H0AAAMAM,10,-0.05599999999999966
90,J82072,Sumatriptan_Tab 50mg,0407041T0AAAFAF,24,0.0
91,J82074,Clonazepam_Tab 500mcg,0408010F0AAABAB,18,12.631599999999978
92,J82074,Paracet_Tab 500mg,0407010H0AAAMAM,306,28.268799999999995
93,J82074,Sumatriptan_Tab 100mg,0407041T0AAACAC,4,54.2832
94,J82074,Sumatriptan_Tab 50mg,0407041T0AAAFAF,26,80.9394
95,J82075,Atorvastatin_Tab 20mg,0212000B0AAABAB,172,22.63520000000001
96,J82075,Clonazepam_Tab 500mcg,0408010F0AAABAB,4,1.0237999999999972
97,J82075,Paracet_Tab 500mg,0407010H0AAAMAM,56,20.526000000000025
98,J82075,Paracet_Tab Solb 500mg,0407010H0AAAQAQ,2,-0.011999999999998678
99,J82075,Sumatriptan_Tab 50mg,0407041T0AAAFAF,19,0.0
100,J82082,Aripiprazole_Tab 5mg,0402010ADAAADAD,5,0.02099999999999963
101,J82082,Clonazepam_Tab 500mcg,0408010F0AAABAB,13,4.54759999999999
102,J82082,Mesalazine_Tab E/C 800mg,0105010B0AAASAS,1,103.31999999999998
103,J82082,Nebivolol_Tab 2.5mg,0204000ABAAABAB,2,0.008399999999999075
104,J82082,Paracet_Tab 500mg,0407010H0AAAMAM,2,0.011999999999999927
105,J82082,Sumatriptan_Tab 50mg,0407041T0AAAFAF,23,0.0033999999999998476
106,J82089,Clonazepam_Tab 500mcg,0408010F0AAABAB,8,10.16999999999998
107,J82089,Paracet_Tab 500mg,0407010H0AAAMAM,12,-0.0499999999999997
108,J82089,Sumatriptan_Tab 50mg,0407041T0AAAFAF,28,0.0
109,J82097,Aripiprazole_Tab 5mg,0402010ADAAADAD,1,-0.00280000000000008
110,J82097,Atorvastatin_Tab 40mg,0212000B0AAACAC,1,0.003799999999999977
111,J82097,Clonazepam_Tab 500mcg,0408010F0AAABAB,22,10.621999999999977
112,J82097,Paracet_Tab 500mg,0407010H0AAAMAM,58,-0.06919999999999958
113,J82097,Sumatriptan_Tab 50mg,0407041T0AAAFAF,14,0.0031999999999996476
114,J82103,Clonazepam_Tab 500mcg,0408010F0AAABAB,10,5.607199999999988
115,J82103,Paracet_Tab 500mg,0407010H0AAAMAM,14,-0.031999999999999806
116,J82103,Paracet_Tab Solb 500mg,0407010H0AAAQAQ,2,-0.011999999999998678
117,J82103,Sumatriptan_Tab 50mg,0407041T0AAAFAF,18,0.0
118,J82106,Clonazepam_Tab 500mcg,0408010F0AAABAB,7,2.418199999999995
119,J82106,Paracet_Tab 500mg,0407010H0AAAMAM,26,-0.0051999999999999685
120,J82106,Paracet_Tab Solb 500mg,0407010H0AAAQAQ,2,-0.011999999999998678
121,J82106,Sumatriptan_Tab 50mg,0407041T0AAAFAF,10,0.0
122,J82112,Atorvastatin_Tab 20mg,0212000B0AAABAB,1,0.006000000000000172
123,J82112,Clonazepam_Tab 500mcg,0408010F0AAABAB,26,20.480599999999956
124,J82112,Nebivolol_Tab 2.5mg,0204000ABAAABAB,1,0.0041999999999995374
125,J82112,Paracet_Tab Solb 500mg,0407010H0AAAQAQ,4,-0.007999999999998564
126,J82112,Sumatriptan_Tab 50mg,0407041T0AAAFAF,21,0.0
127,J82116,Clonazepam_Tab 500mcg,0408010F0AAABAB,9,2.7119999999999944
128,J82116,Paracet_Tab 500mg,0407010H0AAAMAM,40,-0.10079999999999939
129,J82116,Sumatriptan_Tab 50mg,0407041T0AAAFAF,6,0.0
130,J82121,Clonazepam_Tab 500mcg,0408010F0AAABAB,11,7.021799999999986
131,J82121,Paracet_Tab 500mg,0407010H0AAAMAM,2,0.011999999999999927
132,J82121,Paracet_Tab Solb 500mg,0407010H0AAAQAQ,2,-0.011999999999998678
133,J82121,Sumatriptan_Tab 50mg,0407041T0AAAFAF,20,0.006799999999999251
134,J82124,Aripiprazole_Tab 5mg,0402010ADAAADAD,1,0.004199999999999926
135,J82124,Clonazepam_Tab 500mcg,0408010F0AAABAB,14,4.011299999999993
136,J82124,Paracet_Tab 500mg,0407010H0AAAMAM,8,0.04799999999999971
137,J82124,Sumatriptan_Tab 50mg,0407041T0AAAFAF,15,0.0
138,J82129,Clonazepam_Tab 500mcg,0408010F0AAABAB,12,4.034099999999992
139,J82129,Nebivolol_Tab 2.5mg,0204000ABAAABAB,1,0.0041999999999995374
140,J82129,Paracet_Tab 500mg,0407010H0AAAMAM,2,-0.011199999999999932
141,J82129,Sumatriptan_Tab 50mg,0407041T0AAAFAF,17,0.0
142,J82130,Aripiprazole_Tab 5mg,0402010ADAAADAD,6,-0.01680000000000048
143,J82130,Clonazepam_Tab 500mcg,0408010F0AAABAB,22,12.636399999999973
144,J82130,Paracet_Tab 500mg,0407010H0AAAMAM,2,-0.011199999999999932
145,J82130,Sumatriptan_Tab 50mg,0407041T0AAAFAF,26,0.0
146,J82131,Aripiprazole_Tab 5mg,0402010ADAAADAD,5,85.17179999999998
147,J82131,Clonazepam_Tab 500mcg,0408010F0AAABAB,24,8.468699999999982
148,J82131,Nebivolol_Tab 2.5mg,0204000ABAAABAB,9,48.300699999999985
149,J82131,Paracet_Tab 500mg,0407010H0AAAMAM,112,-3.297999999999999
150,J82131,Paracet_Tab Solb 500mg,0407010H0AAAQAQ,4,-0.023999999999997357
151,J82131,Sumatriptan_Tab 100mg,0407041T0AAACAC,20,151.3368
152,J82131,Sumatriptan_Tab 50mg,0407041T0AAAFAF,23,142.6794
153,J82132,Aripiprazole_Tab 5mg,0402010ADAAADAD,3,0.008399999999999075
154,J82132,Clonazepam_Tab 500mcg,0408010F0AAABAB,18,14.057199999999973
155,J82132,Paracet_Tab 500mg,0407010H0AAAMAM,12,-0.043999999999999734
156,J82132,Paracet_Tab Solb 500mg,0407010H0AAAQAQ,2,-0.011999999999998678
157,J82132,Sumatriptan_Tab 50mg,0407041T0AAAFAF,24,0.0
158,J82139,Aripiprazole_Tab 5mg,0402010ADAAADAD,4,-0.01120000000000032
159,J82139,Atorvastatin_Tab 20mg,0212000B0AAABAB,3,4.163336342344337e-16
160,J82139,Clonazepam_Tab 500mcg,0408010F0AAABAB,22,6.288799999999989
161,J82139,Mesalazine_Tab E/C 800mg,0105010B0AAASAS,2,-18.432
162,J82139,Nebivolol_Tab 2.5mg,0204000ABAAABAB,1,0.0041999999999995374
163,J82139,Paracet_Tab 500mg,0407010H0AAAMAM,98,-0.165199999999999
164,J82139,Paracet_Tab Solb 500mg,0407010H0AAAQAQ,2,0.00840000000000024
165,J82139,Sumatriptan_Tab 50mg,0407041T0AAAFAF,32,0.0
166,J82143,Clonazepam_Tab 500mcg,0408010F0AAABAB,11,8.881799999999982
167,J82143,Paracet_Tab 500mg,0407010H0AAAMAM,2,0.011999999999999927
168,J82143,Paracet_Tab Solb 500mg,0407010H0AAAQAQ,6,-0.035999999999996035
169,J82143,Sumatriptan_Tab 50mg,0407041T0AAAFAF,38,-0.0027999999999996916
170,J82145,Aripiprazole_Tab 5mg,0402010ADAAADAD,1,0.004199999999999926
171,J82145,Clonazepam_Tab 500mcg,0408010F0AAABAB,31,16.520599999999966
172,J82145,Paracet_Tab 500mg,0407010H0AAAMAM,22,-0.05959999999999964
173,J82145,Paracet_Tab Solb 500mg,0407010H0AAAQAQ,6,-0.035999999999996035
174,J82145,Sumatriptan_Tab 50mg,0407041T0AAAFAF,30,0.0
175,J82146,Clonazepam_Tab 500mcg,0408010F0AAABAB,14,3.480399999999993
176,J82146,Nebivolol_Tab 2.5mg,0204000ABAAABAB,4,0.008399999999999075
177,J82146,Paracet_Tab 500mg,0407010H0AAAMAM,66,-0.1171999999999993
178,J82146,Sumatriptan_Tab 50mg,0407041T0AAAFAF,9,0.0
179,J82150,Atorvastatin_Tab 20mg,0212000B0AAABAB,186,158.20400000000004
180,J82150,Atorvastatin_Tab 40mg,0212000B0AAACAC,129,312.01240000000007
181,J82150,Clonazepam_Tab 500mcg,0408010F0AAABAB,11,7.085099999999986
182,J82150,Nebivolol_Tab 2.5mg,0204000ABAAABAB,7,52.6848
183,J82150,Paracet_Tab 500mg,0407010H0AAAMAM,512,83.1932
184,J82150,Paracet_Tab Solb 500mg,0407010H0AAAQAQ,22,73.48
185,J82150,Sumatriptan_Tab 50mg,0407041T0AAAFAF,25,0.0
186,J82151,Clonazepam_Tab 500mcg,0408010F0AAABAB,1,0.6327999999999987
187,J82151,Paracet_Tab 500mg,0407010H0AAAMAM,26,-0.08959999999999946
188,J82151,Paracet_Tab Solb 500mg,0407010H0AAAQAQ,8,-0.047999999999994714
189,J82151,Sumatriptan_Tab 50mg,0407041T0AAAFAF,15,0.0
190,J82156,Clonazepam_Tab 500mcg,0408010F0AAABAB,23,10.397199999999978
191,J82156,Paracet_Tab 500mg,0407010H0AAAMAM,2,0.011999999999999927
192,J82156,Sumatriptan_Tab 50mg,0407041T0AAAFAF,5,0.0
193,J82166,Aripiprazole_Tab 5mg,0402010ADAAADAD,2,-0.0060000000000010045
194,J82166,Atorvastatin_Tab 20mg,0212000B0AAABAB,295,270.9278
195,J82166,Atorvastatin_Tab 40mg,0212000B0AAACAC,231,133.88760000000002
196,J82166,Clonazepam_Tab 500mcg,0408010F0AAABAB,17,17.824599999999965
197,J82166,Nebivolol_Tab 2.5mg,0204000ABAAABAB,9,96.5664
198,J82166,Paracet_Tab 500mg,0407010H0AAAMAM,710,92.86560000000011
199,J82166,Paracet_Tab Solb 500mg,0407010H0AAAQAQ,2,-0.006399999999999295
200,J82166,Sumatriptan_Tab 50mg,0407041T0AAAFAF,11,0.0041999999999995374
201,J82169,Clonazepam_Tab 500mcg,0408010F0AAABAB,6,3.186599999999993
202,J82169,Sumatriptan_Tab 50mg,0407041T0AAAFAF,9,0.0
203,J82188,Paracet_Tab 500mg,0407010H0AAAMAM,68,-0.21559999999999868
204,J82188,Sumatriptan_Tab 50mg,0407041T0AAAFAF,3,0.0
205,J82192,Clonazepam_Tab 500mcg,0408010F0AAABAB,4,1.5982999999999963
206,J82192,Nebivolol_Tab 2.5mg,0204000ABAAABAB,2,0.008399999999999075
207,J82192,Paracet_Tab 500mg,0407010H0AAAMAM,8,0.005599999999999966
208,J82192,Sumatriptan_Tab 50mg,0407041T0AAAFAF,24,0.0
209,J82214,Clonazepam_Tab 500mcg,0408010F0AAABAB,13,4.1922999999999915
210,J82214,Paracet_Tab 500mg,0407010H0AAAMAM,22,-0.0831999999999995
211,J82214,Sumatriptan_Tab 50mg,0407041T0AAAFAF,11,0.0
212,Y03610,Atorvastatin_Tab 40mg,0212000B0AAACAC,1,-0.004199999999999995
213,Y03610,Paracet_Tab 500mg,0407010H0AAAMAM,2,0.005999999999999964
214,Y05150,Sumatriptan_Tab 50mg,0407041T0AAAFAF,1,0.0
215,Y05861,Sumatriptan_Tab 50mg,0407041T0AAAFAF,2,0.0
216,Y05886,Sumatriptan_Tab 50mg,0407041T0AAAFAF,1,0.0
