,practice_code,bnf_description,bnf_code,items,excess_cost
0,M87001,Amiodarone HCl_Tab 200mg,0203020D0AAABAB,4,2.100000000000002
1,M87001,Co-Codamol_Cap 8mg/500mg,0407010F0AAABAB,8,0.8960000000000101
2,M87001,Mesalazine_Tab E/C 400mg,0105010B0AAAAAA,1,-15.971199999999998
3,M87001,Methocarbamol_Tab 750mg,1002020S0AAABAB,1,0.9631999999999996
4,M87003,Amiodarone HCl_Tab 200mg,0203020D0AAABAB,27,8.801100000000007
5,M87003,Clonazepam_Tab 500mcg,0408010F0AAABAB,21,11.537299999999977
6,M87003,Co-Codamol_Cap 8mg/500mg,0407010F0AAABAB,6,1.6000000000000183
7,M87003,Mesalazine_Tab E/C 400mg,0105010B0AAAAAA,13,34.794399999999996
8,M87005,Amiodarone HCl_Tab 200mg,0203020D0AAABAB,9,4.200000000000004
9,M87005,Clonazepam_Tab 500mcg,0408010F0AAABAB,11,6.011599999999987
10,M87005,Mesalazine_Tab E/C 400mg,0105010B0AAAAAA,2,23.956799999999998
11,M87005,Methocarbamol_Tab 750mg,1002020S0AAABAB,6,3.1131999999999986
12,M87005,Pyridox HCl_Tab 50mg,0906024N0AAAIAI,3,3.830400000000001
13,M87006,Amiodarone HCl_Tab 200mg,0203020D0AAABAB,8,2.438800000000002
14,M87006,Clonazepam_Tab 500mcg,0408010F0AAABAB,5,2.7571999999999943
15,M87006,Co-Codamol_Cap 8mg/500mg,0407010F0AAABAB,2,0.35840000000000405
16,M87006,Mesalazine_Tab E/C 400mg,0105010B0AAAAAA,1,35.935199999999995
17,M87006,Methocarbamol_Tab 750mg,1002020S0AAABAB,3,1.6339999999999995
18,M87007,Amiodarone HCl_Tab 200mg,0203020D0AAABAB,10,5.950000000000005
19,M87007,Buprenorphine_Tab Subling 400mcg S/F,0410030A0AAACAC,1,2.72
20,M87007,Clonazepam_Tab 500mcg,0408010F0AAABAB,19,5.649999999999988
21,M87007,Co-Codamol_Cap 8mg/500mg,0407010F0AAABAB,8,1.600000000000018
22,M87007,Methocarbamol_Tab 750mg,1002020S0AAABAB,2,0.9631999999999996
23,M87008,Amiodarone HCl_Tab 200mg,0203020D0AAABAB,17,4.9623000000000035
24,M87008,Clonazepam_Tab 500mcg,0408010F0AAABAB,19,5.43539999999999
25,M87008,Co-Codamol_Cap 8mg/500mg,0407010F0AAABAB,2,0.3200000000000036
26,M87008,Methocarbamol_Tab 750mg,1002020S0AAABAB,1,0.4299999999999998
27,M87008,Pyridox HCl_Tab 50mg,0906024N0AAAIAI,1,0.9576000000000002
28,M87009,Amiodarone HCl_Tab 200mg,0203020D0AAABAB,13,6.300000000000006
29,M87009,Buprenorphine_Tab Subling 400mcg S/F,0410030A0AAACAC,4,5.44
30,M87009,Clonazepam_Tab 500mcg,0408010F0AAABAB,15,11.248499999999975
31,M87009,Co-Codamol_Cap 8mg/500mg,0407010F0AAABAB,20,3.5200000000000404
32,M87009,Methocarbamol_Tab 750mg,1002020S0AAABAB,19,7.2852000000000015
33,M87009,Pyridox HCl_Tab 50mg,0906024N0AAAIAI,2,1.4364000000000003
34,M87010,Amiodarone HCl_Tab 200mg,0203020D0AAABAB,8,2.0888000000000018
35,M87010,Clonazepam_Tab 500mcg,0408010F0AAABAB,2,1.2655999999999974
36,M87010,Co-Codamol_Cap 8mg/500mg,0407010F0AAABAB,2,0.3200000000000036
37,M87010,Mesalazine_Tab E/C 800mg,0105010B0AAASAS,1,36.89999999999999
38,M87011,Amiodarone HCl_Tab 200mg,0203020D0AAABAB,23,10.201600000000008
39,M87011,Buprenorphine_Tab Subling 400mcg S/F,0410030A0AAACAC,2,1.5232
40,M87011,Clonazepam_Tab 500mcg,0408010F0AAABAB,12,7.932599999999984
41,M87011,Co-Codamol_Cap 8mg/500mg,0407010F0AAABAB,10,1.9968000000000226
42,M87011,Mesalazine_Tab E/C 400mg,0105010B0AAAAAA,1,-34.224
43,M87011,Mesalazine_Tab E/C 800mg,0105010B0AAASAS,1,103.31999999999998
44,M87011,Methocarbamol_Tab 750mg,1002020S0AAABAB,10,3.654399999999999
45,M87011,Pyridox HCl_Tab 50mg,0906024N0AAAIAI,3,6.224400000000002
46,M87012,Amiodarone HCl_Tab 200mg,0203020D0AAABAB,20,2.755200000000001
47,M87012,Clonazepam_Tab 500mcg,0408010F0AAABAB,10,3.841999999999992
48,M87012,Co-Codamol_Cap 8mg/500mg,0407010F0AAABAB,4,0.6400000000000072
49,M87012,Mesalazine_Tab E/C 400mg,0105010B0AAAAAA,8,-11.961599999999994
50,M87012,Methocarbamol_Tab 750mg,1002020S0AAABAB,1,0.4299999999999998
51,M87014,Amiodarone HCl_Tab 200mg,0203020D0AAABAB,3,1.4000000000000012
52,M87014,Clonazepam_Tab 500mcg,0408010F0AAABAB,3,1.423799999999997
53,M87014,Co-Codamol_Cap 8mg/500mg,0407010F0AAABAB,2,0.3200000000000036
54,M87014,Methocarbamol_Tab 750mg,1002020S0AAABAB,1,0.36960000000000126
55,M87014,Pyridox HCl_Tab 50mg,0906024N0AAAIAI,1,0.9576000000000002
56,M87015,Amiodarone HCl_Tab 200mg,0203020D0AAABAB,8,3.850000000000003
57,M87015,Clonazepam_Tab 500mcg,0408010F0AAABAB,3,2.2147999999999954
58,M87015,Co-Codamol_Cap 8mg/500mg,0407010F0AAABAB,6,0.9600000000000108
59,M87015,Pyridox HCl_Tab 50mg,0906024N0AAAIAI,1,0.9576000000000002
60,M87016,Amiodarone HCl_Tab 200mg,0203020D0AAABAB,4,1.7500000000000016
61,M87016,Clonazepam_Tab 500mcg,0408010F0AAABAB,3,1.2655999999999974
62,M87016,Co-Codamol_Cap 8mg/500mg,0407010F0AAABAB,16,2.560000000000029
63,M87016,Methocarbamol_Tab 750mg,1002020S0AAABAB,1,0.36960000000000126
64,M87017,Amiodarone HCl_Tab 200mg,0203020D0AAABAB,8,2.438800000000002
65,M87017,Clonazepam_Tab 500mcg,0408010F0AAABAB,4,7.005999999999985
66,M87017,Methocarbamol_Tab 750mg,1002020S0AAABAB,16,5.9412000000000065
67,M87018,Amiodarone HCl_Tab 200mg,0203020D0AAABAB,6,2.8000000000000025
68,M87018,Clonazepam_Tab 500mcg,0408010F0AAABAB,9,5.2205999999999895
69,M87018,Co-Codamol_Cap 8mg/500mg,0407010F0AAABAB,6,0.9600000000000108
70,M87018,Mesalazine_Tab E/C 400mg,0105010B0AAAAAA,10,29.988000000000014
71,M87018,Mesalazine_Tab E/C 800mg,0105010B0AAASAS,1,68.87999999999998
72,M87018,Pyridox HCl_Tab 50mg,0906024N0AAAIAI,1,2.8728000000000007
73,M87019,Amiodarone HCl_Tab 200mg,0203020D0AAABAB,1,0.17920000000000008
74,M87019,Buprenorphine_Tab Subling 400mcg S/F,0410030A0AAACAC,2,1.6200000000000014
75,M87019,Clonazepam_Tab 500mcg,0408010F0AAABAB,7,8.113399999999983
76,M87019,Co-Codamol_Cap 8mg/500mg,0407010F0AAABAB,4,0.6400000000000072
77,M87019,Methocarbamol_Tab 750mg,1002020S0AAABAB,44,19.447400000000005
78,M87019,Pyridox HCl_Tab 50mg,0906024N0AAAIAI,5,7.660800000000002
79,M87020,Amiodarone HCl_Tab 200mg,0203020D0AAABAB,10,4.550000000000004
80,M87020,Clonazepam_Tab 500mcg,0408010F0AAABAB,7,5.10759999999999
81,M87020,Pyridox HCl_Tab 50mg,0906024N0AAAIAI,1,2.8728000000000007
82,M87021,Amiodarone HCl_Tab 200mg,0203020D0AAABAB,5,2.100000000000002
83,M87021,Clonazepam_Tab 500mcg,0408010F0AAABAB,2,1.3333999999999973
84,M87021,Methocarbamol_Tab 750mg,1002020S0AAABAB,1,0.36960000000000126
85,M87021,Risperidone_Tab 6mg,040201030AAAFAF,1,29.2096
86,M87023,Amiodarone HCl_Tab 200mg,0203020D0AAABAB,11,6.204000000000005
87,M87023,Clonazepam_Tab 500mcg,0408010F0AAABAB,9,5.378799999999989
88,M87023,Co-Codamol_Cap 8mg/500mg,0407010F0AAABAB,4,1.0368000000000117
89,M87023,Mesalazine_Tab E/C 400mg,0105010B0AAAAAA,1,31.942399999999996
90,M87023,Mesalazine_Tab E/C 800mg,0105010B0AAASAS,2,-36.89999999999999
91,M87023,Methocarbamol_Tab 750mg,1002020S0AAABAB,3,1.2208000000000023
92,M87023,Pyridox HCl_Tab 50mg,0906024N0AAAIAI,1,0.9576000000000002
93,M87024,Amiodarone HCl_Tab 200mg,0203020D0AAABAB,13,6.2027000000000045
94,M87024,Clonazepam_Tab 500mcg,0408010F0AAABAB,41,24.091599999999946
95,M87024,Co-Codamol_Cap 8mg/500mg,0407010F0AAABAB,12,2.7136000000000307
96,M87024,Mesalazine_Tab E/C 400mg,0105010B0AAAAAA,1,25.667999999999996
97,M87024,Mesalazine_Tab E/C 800mg,0105010B0AAASAS,1,36.89999999999999
98,M87024,Methocarbamol_Tab 750mg,1002020S0AAABAB,6,3.250799999999999
99,M87024,Pyridox HCl_Tab 50mg,0906024N0AAAIAI,1,2.8728000000000007
100,M87024,Risperidone_Tab 6mg,040201030AAAFAF,4,29.232
101,M87024,Ropinirole HCl_Tab 5mg,0409010H0AAADAD,2,25.816000000000017
102,M87025,Amiodarone HCl_Tab 200mg,0203020D0AAABAB,2,1.4000000000000012
103,M87025,Clonazepam_Tab 500mcg,0408010F0AAABAB,3,2.598999999999995
104,M87025,Co-Codamol_Cap 8mg/500mg,0407010F0AAABAB,4,0.6400000000000072
105,M87025,Methocarbamol_Tab 750mg,1002020S0AAABAB,2,0.8599999999999997
106,M87026,Amiodarone HCl_Tab 200mg,0203020D0AAABAB,3,1.050000000000001
107,M87026,Clonazepam_Tab 500mcg,0408010F0AAABAB,3,1.898399999999996
108,M87026,Co-Codamol_Cap 8mg/500mg,0407010F0AAABAB,4,0.2048000000000023
109,M87026,Mesalazine_Tab E/C 400mg,0105010B0AAAAAA,1,-11.978399999999999
110,M87026,Mesalazine_Tab E/C 800mg,0105010B0AAASAS,2,-24.599999999999994
111,M87027,Amiodarone HCl_Tab 200mg,0203020D0AAABAB,7,3.500000000000003
112,M87027,Clonazepam_Tab 500mcg,0408010F0AAABAB,1,0.31639999999999935
113,M87027,Co-Codamol_Cap 8mg/500mg,0407010F0AAABAB,6,0.810000000000008
114,M87028,Amiodarone HCl_Tab 200mg,0203020D0AAABAB,6,2.450000000000002
115,M87028,Clonazepam_Tab 500mcg,0408010F0AAABAB,7,2.531199999999995
116,M87028,Co-Codamol_Cap 8mg/500mg,0407010F0AAABAB,6,1.2800000000000145
117,M87030,Amiodarone HCl_Tab 200mg,0203020D0AAABAB,5,3.5500000000000034
118,M87030,Co-Codamol_Cap 8mg/500mg,0407010F0AAABAB,4,0.9600000000000108
119,M87030,Methocarbamol_Tab 750mg,1002020S0AAABAB,2,0.7392000000000025
120,M87034,Amiodarone HCl_Tab 200mg,0203020D0AAABAB,2,1.050000000000001
121,M87034,Clonazepam_Tab 500mcg,0408010F0AAABAB,2,0.949199999999998
122,M87036,Amiodarone HCl_Tab 200mg,0203020D0AAABAB,1,0.3500000000000003
123,M87036,Clonazepam_Tab 500mcg,0408010F0AAABAB,3,2.531199999999995
124,M87037,Amiodarone HCl_Tab 200mg,0203020D0AAABAB,7,2.8000000000000025
125,M87037,Clonazepam_Tab 500mcg,0408010F0AAABAB,5,2.3955999999999955
126,M87037,Co-Codamol_Cap 8mg/500mg,0407010F0AAABAB,6,1.2800000000000145
127,M87041,Amiodarone HCl_Tab 200mg,0203020D0AAABAB,6,3.1500000000000026
128,M87041,Clonazepam_Tab 500mcg,0408010F0AAABAB,3,2.056599999999996
129,M87041,Co-Codamol_Cap 8mg/500mg,0407010F0AAABAB,6,0.7424000000000084
130,M87601,Amiodarone HCl_Tab 200mg,0203020D0AAABAB,5,2.100000000000002
131,M87601,Clonazepam_Tab 500mcg,0408010F0AAABAB,2,1.898399999999996
132,M87601,Co-Codamol_Cap 8mg/500mg,0407010F0AAABAB,6,1.75360000000002
133,M87601,Methocarbamol_Tab 750mg,1002020S0AAABAB,2,0.8599999999999997
134,M87602,Amiodarone HCl_Tab 200mg,0203020D0AAABAB,5,2.6000000000000023
135,M87602,Clonazepam_Tab 500mcg,0408010F0AAABAB,9,7.638799999999985
136,M87602,Co-Codamol_Cap 8mg/500mg,0407010F0AAABAB,4,0.9600000000000108
137,M87605,Amiodarone HCl_Tab 200mg,0203020D0AAABAB,2,0.7000000000000006
138,M87605,Clonazepam_Tab 500mcg,0408010F0AAABAB,2,0.474599999999999
139,M87605,Co-Codamol_Cap 8mg/500mg,0407010F0AAABAB,2,0.3200000000000036
140,M87612,Amiodarone HCl_Tab 200mg,0203020D0AAABAB,2,0.7000000000000006
141,M87612,Clonazepam_Tab 500mcg,0408010F0AAABAB,1,0.7909999999999984
142,M87612,Pyridox HCl_Tab 50mg,0906024N0AAAIAI,1,0.4788000000000001
143,M87617,Co-Codamol_Cap 8mg/500mg,0407010F0AAABAB,2,0.3200000000000036
144,M87617,Mesalazine_Tab E/C 400mg,0105010B0AAAAAA,2,-50.19519999999999
145,M87618,Amiodarone HCl_Tab 200mg,0203020D0AAABAB,2,1.050000000000001
146,M87618,Methocarbamol_Tab 750mg,1002020S0AAABAB,2,0.7996000000000011
147,M87620,Amiodarone HCl_Tab 200mg,0203020D0AAABAB,8,2.1735000000000015
148,M87620,Clonazepam_Tab 500mcg,0408010F0AAABAB,3,1.1073999999999977
149,M87620,Co-Codamol_Cap 8mg/500mg,0407010F0AAABAB,2,0.3200000000000036
150,M87621,Clonazepam_Tab 500mcg,0408010F0AAABAB,2,0.949199999999998
151,M87621,Co-Codamol_Cap 8mg/500mg,0407010F0AAABAB,2,0.3200000000000036
152,M87621,Mesalazine_Tab E/C 400mg,0105010B0AAAAAA,1,23.956799999999998
153,M87621,Pyridox HCl_Tab 50mg,0906024N0AAAIAI,1,0.4788000000000001
154,M87623,Amiodarone HCl_Tab 200mg,0203020D0AAABAB,1,0.3500000000000003
155,M87623,Mesalazine_Tab E/C 400mg,0105010B0AAAAAA,1,23.956799999999998
156,M87623,Methocarbamol_Tab 750mg,1002020S0AAABAB,2,0.5040000000000011
157,M87625,Amiodarone HCl_Tab 200mg,0203020D0AAABAB,2,0.7000000000000006
158,M87632,Buprenorphine_Tab Subling 400mcg S/F,0410030A0AAACAC,43,42.71880000000002
159,M87638,Amiodarone HCl_Tab 200mg,0203020D0AAABAB,2,0.7000000000000006
160,Y01756,Amiodarone HCl_Tab 200mg,0203020D0AAABAB,3,2.100000000000002
161,Y01756,Mesalazine_Tab E/C 400mg,0105010B0AAAAAA,1,-31.942399999999996
162,Y01756,Pyridox HCl_Tab 50mg,0906024N0AAAIAI,1,1.9152000000000005
163,Y02212,Clonazepam_Tab 500mcg,0408010F0AAABAB,7,2.1243999999999956
164,Y02212,Co-Codamol_Cap 8mg/500mg,0407010F0AAABAB,4,0.38400000000000434
165,Y02212,Pyridox HCl_Tab 50mg,0906024N0AAAIAI,1,4.788000000000001
166,Y02653,Amiodarone HCl_Tab 200mg,0203020D0AAABAB,6,2.450000000000002
167,Y02653,Clonazepam_Tab 500mcg,0408010F0AAABAB,2,4.135799999999992
168,Y02653,Methocarbamol_Tab 750mg,1002020S0AAABAB,2,0.6148000000000005
169,Y04938,Methocarbamol_Tab 750mg,1002020S0AAABAB,7,1.8480000000000063
