,practice_code,bnf_description,bnf_code,items,excess_cost
0,D82001,Aripiprazole_Tab 15mg,0402010ADAAABAB,4,-0.01120000000000032
1,D82001,Clonazepam_Tab 500mcg,0408010F0AAABAB,22,11.367799999999978
2,D82001,Memantine HCl_Tab 20mg,0411000G0AAADAD,4,0.01959999999999998
3,D82001,Paracet_Tab 500mg,0407010H0AAAMAM,264,-0.8243999999999949
4,D82001,Pregabalin_Cap 100mg,0408010AEAAADAD,4,0.025200000000000722
5,D82001,Pregabalin_Cap 50mg,0408010AEAAABAB,18,0.09520000000000195
6,D82001,Quetiapine_Tab 25mg,0402010ABAAABAB,12,0.039199999999998014
7,D82001,Sumatriptan_Tab 50mg,0407041T0AAAFAF,16,0.0
8,D82004,Clonazepam_Tab 500mcg,0408010F0AAABAB,26,16.695099999999965
9,D82004,Memantine HCl_Tab 20mg,0411000G0AAADAD,12,0.058799999999999936
10,D82004,Paracet_Tab 500mg,0407010H0AAAMAM,280,24.142800000000026
11,D82004,Pregabalin_Cap 100mg,0408010AEAAADAD,5,0.025000000000000328
12,D82004,Pregabalin_Cap 50mg,0408010AEAAABAB,38,114.268
13,D82004,Quetiapine_Tab 25mg,0402010ABAAABAB,14,0.013999999999999235
14,D82004,Sumatriptan_Tab 50mg,0407041T0AAAFAF,27,55.0052
15,D82005,Atorvastatin_Tab 20mg,0212000B0AAABAB,384,112.89600000000003
16,D82005,Clonazepam_Tab 500mcg,0408010F0AAABAB,12,6.237599999999986
17,D82005,Memantine HCl_Tab 20mg,0411000G0AAADAD,1,0.003499999999999996
18,D82005,Paracet_Tab 500mg,0407010H0AAAMAM,684,63.016000000000105
19,D82005,Pregabalin_Cap 100mg,0408010AEAAADAD,2,0.009600000000000178
20,D82005,Pregabalin_Cap 50mg,0408010AEAAABAB,20,171.27320000000003
21,D82005,Quetiapine_Tab 25mg,0402010ABAAABAB,12,0.015399999999998498
22,D82005,Sumatriptan_Tab 50mg,0407041T0AAAFAF,17,0.0031999999999996476
23,D82009,Atorvastatin_Tab 20mg,0212000B0AAABAB,373,45.95360000000001
24,D82009,Clonazepam_Tab 500mcg,0408010F0AAABAB,17,7.157399999999986
25,D82009,Paracet_Tab 500mg,0407010H0AAAMAM,340,48.68400000000001
26,D82009,Pregabalin_Cap 50mg,0408010AEAAABAB,17,40.836999999999996
27,D82009,Quetiapine_Tab 25mg,0402010ABAAABAB,17,0.015599999999999378
28,D82009,Sumatriptan_Tab 50mg,0407041T0AAAFAF,26,27.50339999999999
29,D82016,Aripiprazole_Tab 10mg,0402010ADAAAAAA,7,0.00840000000000063
30,D82016,Clonazepam_Tab 500mcg,0408010F0AAABAB,14,7.141599999999985
31,D82016,Paracet_Tab 500mg,0407010H0AAAMAM,110,-0.30759999999999815
32,D82016,Pregabalin_Cap 50mg,0408010AEAAABAB,5,0.018400000000000527
33,D82016,Quetiapine_Tab 25mg,0402010ABAAABAB,9,0.001399999999999263
34,D82016,Sumatriptan_Tab 50mg,0407041T0AAAFAF,30,0.0
35,D82025,Aripiprazole_Tab 10mg,0402010ADAAAAAA,5,0.028000000000000802
36,D82025,Clonazepam_Tab 500mcg,0408010F0AAABAB,13,4.54259999999999
37,D82025,Memantine HCl_Tab 20mg,0411000G0AAADAD,34,191.77270000000001
38,D82025,Paracet_Tab 500mg,0407010H0AAAMAM,48,-0.04359999999999936
39,D82025,Pregabalin_Cap 100mg,0408010AEAAADAD,4,0.019600000000000173
40,D82025,Pregabalin_Cap 50mg,0408010AEAAABAB,22,0.06580000000000091
41,D82025,Quetiapine_Tab 25mg,0402010ABAAABAB,21,98.476
42,D82025,Sumatriptan_Tab 50mg,0407041T0AAAFAF,16,0.0
43,D82028,Clonazepam_Tab 500mcg,0408010F0AAABAB,23,11.593799999999977
44,D82028,Memantine HCl_Tab 20mg,0411000G0AAADAD,4,0.01959999999999998
45,D82028,Paracet_Tab 500mg,0407010H0AAAMAM,10,-0.0327999999999998
46,D82028,Pregabalin_Cap 50mg,0408010AEAAABAB,4,0.00560000000000016
47,D82028,Sumatriptan_Tab 50mg,0407041T0AAAFAF,23,0.0
48,D82029,Aripiprazole_Tab 10mg,0402010ADAAAAAA,4,0.008400000000001406
49,D82029,Aripiprazole_Tab 15mg,0402010ADAAABAB,29,0.11309999999999962
50,D82029,Atorvastatin_Tab 20mg,0212000B0AAABAB,389,1.0822000000000311
51,D82029,Clonazepam_Tab 500mcg,0408010F0AAABAB,53,16.477799999999963
52,D82029,Memantine HCl_Tab 20mg,0411000G0AAADAD,15,0.06929999999999992
53,D82029,Paracet_Tab 500mg,0407010H0AAAMAM,186,-0.34939999999999793
54,D82029,Pregabalin_Cap 100mg,0408010AEAAADAD,5,0.0315000000000009
55,D82029,Pregabalin_Cap 50mg,0408010AEAAABAB,46,0.14980000000000304
56,D82029,Quetiapine_Tab 25mg,0402010ABAAABAB,22,0.06719999999999726
57,D82029,Sumatriptan_Tab 50mg,0407041T0AAAFAF,54,38.1276
58,D82030,Atorvastatin_Tab 20mg,0212000B0AAABAB,160,22.848000000000003
59,D82030,Clonazepam_Tab 500mcg,0408010F0AAABAB,10,5.602999999999989
60,D82030,Paracet_Tab 500mg,0407010H0AAAMAM,286,9.147200000000026
61,D82030,Pregabalin_Cap 100mg,0408010AEAAADAD,4,0.019600000000000173
62,D82030,Pregabalin_Cap 50mg,0408010AEAAABAB,7,0.03920000000000112
63,D82030,Quetiapine_Tab 25mg,0402010ABAAABAB,8,0.00560000000000016
64,D82030,Sumatriptan_Tab 50mg,0407041T0AAAFAF,28,0.0
65,D82032,Aripiprazole_Tab 10mg,0402010ADAAAAAA,10,-0.005599999999999383
66,D82032,Atorvastatin_Tab 20mg,0212000B0AAABAB,1,-0.0007999999999999674
67,D82032,Clonazepam_Tab 500mcg,0408010F0AAABAB,12,5.35619999999999
68,D82032,Memantine HCl_Tab 20mg,0411000G0AAADAD,9,63.92610000000001
69,D82032,Paracet_Tab 500mg,0407010H0AAAMAM,292,-2.621599999999984
70,D82032,Pregabalin_Cap 50mg,0408010AEAAABAB,5,0.028000000000000802
71,D82032,Quetiapine_Tab 25mg,0402010ABAAABAB,9,78.76400000000001
72,D82032,Sumatriptan_Tab 50mg,0407041T0AAAFAF,18,0.0
73,D82038,Pregabalin_Cap 50mg,0408010AEAAABAB,1,0.00560000000000016
74,D82038,Quetiapine_Tab 25mg,0402010ABAAABAB,2,0.014000000000000012
75,D82038,Sumatriptan_Tab 50mg,0407041T0AAAFAF,7,0.0
76,D82053,Aripiprazole_Tab 10mg,0402010ADAAAAAA,1,174.4624
77,D82053,Aripiprazole_Tab 15mg,0402010ADAAABAB,7,151.0425
78,D82053,Clonazepam_Tab 500mcg,0408010F0AAABAB,13,6.192399999999987
79,D82053,Memantine HCl_Tab 20mg,0411000G0AAADAD,4,0.01959999999999998
80,D82053,Paracet_Tab 500mg,0407010H0AAAMAM,212,3.6672000000000424
81,D82053,Pregabalin_Cap 50mg,0408010AEAAABAB,3,60.312
82,D82053,Quetiapine_Tab 25mg,0402010ABAAABAB,3,-0.00840000000000024
83,D82053,Sumatriptan_Tab 50mg,0407041T0AAAFAF,20,0.0
84,D82054,Atorvastatin_Tab 20mg,0212000B0AAABAB,751,23.13080000000008
85,D82054,Clonazepam_Tab 500mcg,0408010F0AAABAB,38,18.50939999999996
86,D82054,Memantine HCl_Tab 20mg,0411000G0AAADAD,17,63.9016
87,D82054,Paracet_Tab 500mg,0407010H0AAAMAM,12,-0.003999999999999976
88,D82054,Pregabalin_Cap 100mg,0408010AEAAADAD,20,199.16400000000002
89,D82054,Pregabalin_Cap 50mg,0408010AEAAABAB,15,0.07560000000000217
90,D82054,Quetiapine_Tab 25mg,0402010ABAAABAB,19,-1.3732000000000024
91,D82054,Sumatriptan_Tab 50mg,0407041T0AAAFAF,47,3.2603999999999873
92,D82059,Atorvastatin_Tab 20mg,0212000B0AAABAB,310,23.35740000000001
93,D82059,Clonazepam_Tab 500mcg,0408010F0AAABAB,19,7.116199999999982
94,D82059,Paracet_Tab 500mg,0407010H0AAAMAM,464,33.85600000000002
95,D82059,Pregabalin_Cap 100mg,0408010AEAAADAD,4,28.462
96,D82059,Pregabalin_Cap 50mg,0408010AEAAABAB,11,0.070000000000002
97,D82059,Quetiapine_Tab 25mg,0402010ABAAABAB,15,-0.9856000000000029
98,D82059,Sumatriptan_Tab 50mg,0407041T0AAAFAF,11,0.0
99,D82062,Aripiprazole_Tab 10mg,0402010ADAAAAAA,3,-0.006299999999999889
100,D82062,Clonazepam_Tab 500mcg,0408010F0AAABAB,21,13.58259999999997
101,D82062,Paracet_Tab 500mg,0407010H0AAAMAM,30,-0.05799999999999965
102,D82062,Pregabalin_Cap 50mg,0408010AEAAABAB,15,0.06160000000000099
103,D82062,Quetiapine_Tab 25mg,0402010ABAAABAB,15,-0.00140000000000004
104,D82062,Sumatriptan_Tab 50mg,0407041T0AAAFAF,20,0.0
105,D82066,Atorvastatin_Tab 20mg,0212000B0AAABAB,1,-0.004199999999999995
106,D82066,Clonazepam_Tab 500mcg,0408010F0AAABAB,8,4.113199999999992
107,D82066,Memantine HCl_Tab 20mg,0411000G0AAADAD,4,0.01959999999999998
108,D82066,Paracet_Tab 500mg,0407010H0AAAMAM,200,44.120800000000024
109,D82066,Pregabalin_Cap 100mg,0408010AEAAADAD,4,0.025200000000000722
110,D82066,Pregabalin_Cap 50mg,0408010AEAAABAB,23,0.058400000000001506
111,D82066,Quetiapine_Tab 25mg,0402010ABAAABAB,5,0.0335999999999998
112,D82066,Sumatriptan_Tab 50mg,0407041T0AAAFAF,16,0.0
113,D82080,Clonazepam_Tab 500mcg,0408010F0AAABAB,21,6.486199999999987
114,D82080,Memantine HCl_Tab 20mg,0411000G0AAADAD,10,0.048999999999999946
115,D82080,Paracet_Tab 500mg,0407010H0AAAMAM,86,-0.15679999999999905
116,D82080,Pregabalin_Cap 100mg,0408010AEAAADAD,10,0.05180000000000071
117,D82080,Pregabalin_Cap 50mg,0408010AEAAABAB,15,0.04620000000000074
118,D82080,Quetiapine_Tab 25mg,0402010ABAAABAB,4,0.022399999999999087
119,D82080,Sumatriptan_Tab 50mg,0407041T0AAAFAF,10,27.5022
120,D82104,Aripiprazole_Tab 15mg,0402010ADAAABAB,1,-0.00280000000000008
121,D82104,Atorvastatin_Tab 20mg,0212000B0AAABAB,2,0.00720000000000004
122,D82104,Clonazepam_Tab 500mcg,0408010F0AAABAB,30,14.46899999999997
123,D82104,Memantine HCl_Tab 20mg,0411000G0AAADAD,8,0.03919999999999996
124,D82104,Paracet_Tab 500mg,0407010H0AAAMAM,36,-0.0495999999999997
125,D82104,Pregabalin_Cap 100mg,0408010AEAAADAD,3,0.017500000000000404
126,D82104,Pregabalin_Cap 50mg,0408010AEAAABAB,5,0.025200000000000333
127,D82104,Quetiapine_Tab 25mg,0402010ABAAABAB,6,0.015600000000000336
128,D82104,Sumatriptan_Tab 50mg,0407041T0AAAFAF,21,0.0
129,D82628,Aripiprazole_Tab 15mg,0402010ADAAABAB,2,-0.00560000000000016
130,D82628,Clonazepam_Tab 500mcg,0408010F0AAABAB,5,1.6271999999999966
131,D82628,Paracet_Tab 500mg,0407010H0AAAMAM,64,10.240000000000006
132,D82628,Pregabalin_Cap 50mg,0408010AEAAABAB,2,-0.00560000000000016
133,D82628,Quetiapine_Tab 25mg,0402010ABAAABAB,1,0.00840000000000024
134,D82628,Sumatriptan_Tab 50mg,0407041T0AAAFAF,11,0.0
