,practice_code,bnf_description,bnf_code,items,excess_cost
0,C81004,Clonazepam_Tab 500mcg,0408010F0AAABAB,14,5.9405999999999874
1,C81004,Hydroxychlor Sulf_Tab 200mg,1001030C0AAAAAA,6,0.030800000000000882
2,C81004,Paracet_Tab 500mg,0407010H0AAAMAM,46,-0.19359999999999938
3,C81004,Paracet_Tab Solb 500mg,0407010H0AAAQAQ,8,-0.047999999999994714
4,C81005,Clonazepam_Tab 500mcg,0408010F0AAABAB,10,6.802599999999987
5,C81005,Hydroxychlor Sulf_Tab 200mg,1001030C0AAAAAA,10,0.050400000000001444
6,C81005,Paracet_Tab 500mg,0407010H0AAAMAM,526,17.096400000000195
7,C81005,Paracet_Tab Solb 500mg,0407010H0AAAQAQ,2,-0.011999999999998678
8,C81005,Phenytoin_Sod Tab 100mg,0408010Q0AAAGAG,5,0.03149999999999653
9,C81006,Anastrozole_Tab 1mg,0803041B0AAAAAA,8,123.0145
10,C81006,Clonazepam_Tab 500mcg,0408010F0AAABAB,13,5.299699999999989
11,C81006,Hydroxychlor Sulf_Tab 200mg,1001030C0AAAAAA,10,0.050400000000001444
12,C81006,Paracet_Tab 500mg,0407010H0AAAMAM,680,224.29520000000005
13,C81007,Anastrozole_Tab 1mg,0803041B0AAAAAA,10,123.02919999999999
14,C81007,Clonazepam_Tab 500mcg,0408010F0AAABAB,7,5.7629999999999875
15,C81007,Hydroxychlor Sulf_Tab 200mg,1001030C0AAAAAA,4,0.02240000000000064
16,C81007,Nefopam HCl_Tab 30mg,0407010P0AAABAB,4,101.6736
17,C81007,Paracet_Tab 500mg,0407010H0AAAMAM,14,0.27360000000000106
18,C81007,Phenytoin_Sod Tab 100mg,0408010Q0AAAGAG,1,119.39759999999998
19,C81009,Clonazepam_Tab 500mcg,0408010F0AAABAB,8,5.853399999999988
20,C81009,Gemfibrozil_Tab 600mg,0212000Q0AAABAB,1,15.142399999999999
21,C81009,Hydroxychlor Sulf_Tab 200mg,1001030C0AAAAAA,7,0.03360000000000096
22,C81009,Nefopam HCl_Tab 30mg,0407010P0AAABAB,1,0.008099999999999108
23,C81009,Paracet_Tab 500mg,0407010H0AAAMAM,2,0.011999999999999927
24,C81009,Paracet_Tab Solb 500mg,0407010H0AAAQAQ,4,21.0888
25,C81009,Sumatriptan_Tab 100mg,0407041T0AAACAC,4,54.2832
26,C81014,Clonazepam_Tab 500mcg,0408010F0AAABAB,5,5.243199999999989
27,C81014,Hydroxychlor Sulf_Tab 200mg,1001030C0AAAAAA,12,7.322400000000002
28,C81014,Paracet_Tab 500mg,0407010H0AAAMAM,496,67.3352000000001
29,C81017,Anastrozole_Tab 1mg,0803041B0AAAAAA,5,0.024500000000000216
30,C81017,Clonazepam_Tab 500mcg,0408010F0AAABAB,7,4.339199999999991
31,C81017,Hydroxychlor Sulf_Tab 200mg,1001030C0AAAAAA,3,0.01010000000000029
32,C81017,Nefopam HCl_Tab 30mg,0407010P0AAABAB,4,0.01679999999999815
33,C81017,Paracet_Tab 500mg,0407010H0AAAMAM,140,6.417600000000007
34,C81019,Anastrozole_Tab 1mg,0803041B0AAAAAA,3,0.01470000000000013
35,C81019,Clonazepam_Tab 500mcg,0408010F0AAABAB,4,0.8278999999999985
36,C81019,Hydroxychlor Sulf_Tab 200mg,1001030C0AAAAAA,7,0.03360000000000096
37,C81019,Paracet_Tab 500mg,0407010H0AAAMAM,342,213.47520000000014
38,C81019,Paracet_Tab Solb 500mg,0407010H0AAAQAQ,2,-0.005999999999999339
39,C81020,Clonazepam_Tab 500mcg,0408010F0AAABAB,1,0.949199999999998
40,C81020,Hydroxychlor Sulf_Tab 200mg,1001030C0AAAAAA,21,0.09240000000000265
41,C81020,Paracet_Tab 500mg,0407010H0AAAMAM,674,65.81360000000004
42,C81020,Phenytoin_Sod Tab 100mg,0408010Q0AAAGAG,6,0.03779999999999584
43,C81020,Risperidone_Tab 6mg,040201030AAAFAF,1,29.2096
44,C81027,Clonazepam_Tab 500mcg,0408010F0AAABAB,5,3.977599999999992
45,C81027,Hydroxychlor Sulf_Tab 200mg,1001030C0AAAAAA,5,0.025200000000000722
46,C81027,Paracet_Tab 500mg,0407010H0AAAMAM,48,-0.09399999999999945
47,C81027,Paracet_Tab Solb 500mg,0407010H0AAAQAQ,2,-0.011999999999998678
48,C81031,Clonazepam_Tab 500mcg,0408010F0AAABAB,3,3.1639999999999935
49,C81031,Hydroxychlor Sulf_Tab 200mg,1001030C0AAAAAA,5,0.025200000000000722
50,C81031,Paracet_Tab 500mg,0407010H0AAAMAM,526,115.48400000000004
51,C81031,Paracet_Tab Solb 500mg,0407010H0AAAQAQ,2,-0.011999999999998678
52,C81031,Risperidone_Tab 6mg,040201030AAAFAF,1,29.2096
53,C81032,Clonazepam_Tab 500mcg,0408010F0AAABAB,14,15.932999999999968
54,C81032,Gemfibrozil_Tab 600mg,0212000Q0AAABAB,1,15.142399999999999
55,C81032,Hydroxychlor Sulf_Tab 200mg,1001030C0AAAAAA,29,0.1288000000000037
56,C81032,Paracet_Tab 500mg,0407010H0AAAMAM,1216,-47.69959999999983
57,C81032,Paracet_Tab Solb 500mg,0407010H0AAAQAQ,2,-0.011999999999998678
58,C81032,Phenytoin_Sod Tab 100mg,0408010Q0AAAGAG,1,79.59839999999998
59,C81035,Anastrozole_Tab 1mg,0803041B0AAAAAA,1,0.004900000000000043
60,C81035,Clonazepam_Tab 500mcg,0408010F0AAABAB,8,5.06239999999999
61,C81035,Gemfibrozil_Tab 600mg,0212000Q0AAABAB,1,15.142399999999999
62,C81035,Hydroxychlor Sulf_Tab 200mg,1001030C0AAAAAA,14,0.061600000000001764
63,C81035,Paracet_Tab 500mg,0407010H0AAAMAM,520,139.64440000000005
64,C81035,Paracet_Tab Solb 500mg,0407010H0AAAQAQ,12,21.121600000000008
65,C81035,Phenytoin_Sod Tab 100mg,0408010Q0AAAGAG,2,198.99599999999998
66,C81036,Clonazepam_Tab 500mcg,0408010F0AAABAB,2,4.79119999999999
67,C81036,Hydroxychlor Sulf_Tab 200mg,1001030C0AAAAAA,2,0.00840000000000024
68,C81036,Paracet_Tab 500mg,0407010H0AAAMAM,14,-0.07839999999999953
69,C81037,Clonazepam_Tab 500mcg,0408010F0AAABAB,5,4.113199999999992
70,C81037,Hydroxychlor Sulf_Tab 200mg,1001030C0AAAAAA,20,0.07140000000000224
71,C81037,Paracet_Tab 500mg,0407010H0AAAMAM,524,-5.332799999999921
72,C81037,Sumatriptan_Tab 100mg,0407041T0AAACAC,6,2.8908000000000014
73,C81038,Clonazepam_Tab 500mcg,0408010F0AAABAB,8,7.322399999999986
74,C81038,Hydroxychlor Sulf_Tab 200mg,1001030C0AAAAAA,8,7.771561172376096e-16
75,C81038,Paracet_Tab 500mg,0407010H0AAAMAM,28,0.015199999999999908
76,C81040,Clonazepam_Tab 500mcg,0408010F0AAABAB,3,2.395599999999995
77,C81040,Hydroxychlor Sulf_Tab 200mg,1001030C0AAAAAA,8,7.771561172376096e-16
78,C81042,Clonazepam_Tab 500mcg,0408010F0AAABAB,6,3.480399999999993
79,C81042,Hydroxychlor Sulf_Tab 200mg,1001030C0AAAAAA,5,0.028000000000000802
80,C81042,Paracet_Tab 500mg,0407010H0AAAMAM,336,-0.7879999999999949
81,C81046,Clonazepam_Tab 500mcg,0408010F0AAABAB,2,0.949199999999998
82,C81046,Hydroxychlor Sulf_Tab 200mg,1001030C0AAAAAA,6,0.028000000000000802
83,C81046,Paracet_Tab 500mg,0407010H0AAAMAM,418,104.87120000000003
84,C81046,Paracet_Tab Solb 500mg,0407010H0AAAQAQ,4,-0.023999999999997357
85,C81047,Clonazepam_Tab 500mcg,0408010F0AAABAB,9,7.322399999999985
86,C81047,Hydroxychlor Sulf_Tab 200mg,1001030C0AAAAAA,11,29.132800000000007
87,C81047,Paracet_Tab 500mg,0407010H0AAAMAM,976,201.2736000000002
88,C81047,Risperidone_Tab 6mg,040201030AAAFAF,2,58.4192
89,C81048,Anastrozole_Tab 1mg,0803041B0AAAAAA,5,0.024500000000000216
90,C81048,Clonazepam_Tab 500mcg,0408010F0AAABAB,6,2.120399999999996
91,C81048,Hydroxychlor Sulf_Tab 200mg,1001030C0AAAAAA,5,0.02240000000000064
92,C81048,Paracet_Tab 500mg,0407010H0AAAMAM,476,1.2720000000000722
93,C81048,Sumatriptan_Tab 100mg,0407041T0AAACAC,1,0.0041999999999995374
94,C81049,Clonazepam_Tab 500mcg,0408010F0AAABAB,8,7.593599999999984
95,C81049,Hydroxychlor Sulf_Tab 200mg,1001030C0AAAAAA,8,0.03640000000000104
96,C81049,Paracet_Tab 500mg,0407010H0AAAMAM,18,-0.10079999999999939
97,C81051,Clonazepam_Tab 500mcg,0408010F0AAABAB,22,14.03759999999997
98,C81051,Hydroxychlor Sulf_Tab 200mg,1001030C0AAAAAA,9,0.0420000000000012
99,C81051,Nefopam HCl_Tab 30mg,0407010P0AAABAB,9,50.8368
100,C81051,Paracet_Tab 500mg,0407010H0AAAMAM,1052,268.8968
101,C81051,Paracet_Tab Solb 500mg,0407010H0AAAQAQ,2,14.13
102,C81052,Clonazepam_Tab 500mcg,0408010F0AAABAB,6,3.069599999999994
103,C81052,Hydroxychlor Sulf_Tab 200mg,1001030C0AAAAAA,5,0.028000000000000802
104,C81052,Paracet_Tab 500mg,0407010H0AAAMAM,62,-0.2799999999999983
105,C81052,Sumatriptan_Tab 100mg,0407041T0AAACAC,1,-0.0027999999999996916
106,C81053,Clonazepam_Tab 500mcg,0408010F0AAABAB,2,1.2655999999999974
107,C81053,Gemfibrozil_Tab 600mg,0212000Q0AAABAB,1,7.571199999999999
108,C81053,Hydroxychlor Sulf_Tab 200mg,1001030C0AAAAAA,9,27.17680000000001
109,C81053,Paracet_Tab 500mg,0407010H0AAAMAM,270,9.321599999999972
110,C81053,Phenytoin_Sod Tab 100mg,0408010Q0AAAGAG,4,39.79919999999999
111,C81054,Clonazepam_Tab 500mcg,0408010F0AAABAB,18,18.66759999999996
112,C81054,Hydroxychlor Sulf_Tab 200mg,1001030C0AAAAAA,26,14.613999999999999
113,C81054,Paracet_Tab 500mg,0407010H0AAAMAM,874,118.99560000000005
114,C81057,Clonazepam_Tab 500mcg,0408010F0AAABAB,4,3.231799999999993
115,C81057,Hydroxychlor Sulf_Tab 200mg,1001030C0AAAAAA,7,0.03640000000000104
116,C81057,Nefopam HCl_Tab 30mg,0407010P0AAABAB,4,0.01679999999999815
117,C81057,Paracet_Tab 500mg,0407010H0AAAMAM,292,190.47200000000004
118,C81059,Clonazepam_Tab 500mcg,0408010F0AAABAB,5,0.6327999999999987
119,C81059,Hydroxychlor Sulf_Tab 200mg,1001030C0AAAAAA,3,0.01680000000000048
120,C81059,Paracet_Tab 500mg,0407010H0AAAMAM,448,40.33280000000011
121,C81060,Clonazepam_Tab 500mcg,0408010F0AAABAB,4,5.08499999999999
122,C81060,Hydroxychlor Sulf_Tab 200mg,1001030C0AAAAAA,7,0.03360000000000096
123,C81060,Paracet_Tab 500mg,0407010H0AAAMAM,394,-21.885599999999954
124,C81060,Paracet_Tab Solb 500mg,0407010H0AAAQAQ,2,-0.011999999999998678
125,C81062,Anastrozole_Tab 1mg,0803041B0AAAAAA,3,0.01470000000000013
126,C81062,Clonazepam_Tab 500mcg,0408010F0AAABAB,5,3.0735999999999937
127,C81062,Gemfibrozil_Tab 600mg,0212000Q0AAABAB,1,15.142399999999999
128,C81062,Hydroxychlor Sulf_Tab 200mg,1001030C0AAAAAA,6,27.165600000000005
129,C81062,Nefopam HCl_Tab 30mg,0407010P0AAABAB,1,108.89999999999999
130,C81062,Paracet_Tab 500mg,0407010H0AAAMAM,220,87.90800000000002
131,C81064,Clonazepam_Tab 500mcg,0408010F0AAABAB,10,12.068399999999977
132,C81064,Gemfibrozil_Tab 600mg,0212000Q0AAABAB,1,7.571199999999999
133,C81064,Hydroxychlor Sulf_Tab 200mg,1001030C0AAAAAA,11,0.058800000000001684
134,C81064,Nefopam HCl_Tab 30mg,0407010P0AAABAB,3,0.012599999999998612
135,C81064,Paracet_Tab 500mg,0407010H0AAAMAM,720,146.7456000000001
136,C81064,Paracet_Tab Solb 500mg,0407010H0AAAQAQ,2,-0.005999999999999339
137,C81064,Sumatriptan_Tab 100mg,0407041T0AAACAC,1,2.8902
138,C81066,Clonazepam_Tab 500mcg,0408010F0AAABAB,9,6.6669999999999865
139,C81066,Hydroxychlor Sulf_Tab 200mg,1001030C0AAAAAA,5,0.025200000000000722
140,C81066,Paracet_Tab 500mg,0407010H0AAAMAM,632,295.96920000000017
141,C81066,Phenytoin_Sod Tab 100mg,0408010Q0AAAGAG,1,119.39759999999998
142,C81068,Clonazepam_Tab 500mcg,0408010F0AAABAB,8,11.028799999999979
143,C81068,Hydroxychlor Sulf_Tab 200mg,1001030C0AAAAAA,4,0.01960000000000056
144,C81068,Paracet_Tab 500mg,0407010H0AAAMAM,452,38.71560000000004
145,C81068,Paracet_Tab Solb 500mg,0407010H0AAAQAQ,2,22.608
146,C81068,Phenytoin_Sod Tab 100mg,0408010Q0AAAGAG,1,119.39759999999998
147,C81069,Clonazepam_Tab 500mcg,0408010F0AAABAB,12,8.972199999999981
148,C81069,Hydroxychlor Sulf_Tab 200mg,1001030C0AAAAAA,5,0.015400000000000635
149,C81069,Paracet_Tab 500mg,0407010H0AAAMAM,28,0.0023999999999999855
150,C81071,Clonazepam_Tab 500mcg,0408010F0AAABAB,9,6.486199999999987
151,C81071,Hydroxychlor Sulf_Tab 200mg,1001030C0AAAAAA,13,0.035000000000001585
152,C81071,Paracet_Tab 500mg,0407010H0AAAMAM,1136,93.47120000000004
153,C81071,Paracet_Tab Solb 500mg,0407010H0AAAQAQ,4,-0.01279999999999859
154,C81071,Phenytoin_Sod Tab 100mg,0408010Q0AAAGAG,3,318.39359999999994
155,C81071,Risperidone_Tab 6mg,040201030AAAFAF,7,204.4672
156,C81071,Sumatriptan_Tab 100mg,0407041T0AAACAC,5,54.2802
157,C81072,Clonazepam_Tab 500mcg,0408010F0AAABAB,10,8.859199999999982
158,C81072,Gemfibrozil_Tab 600mg,0212000Q0AAABAB,1,7.571199999999999
159,C81072,Hydroxychlor Sulf_Tab 200mg,1001030C0AAAAAA,7,0.03920000000000112
160,C81072,Paracet_Tab 500mg,0407010H0AAAMAM,1164,222.46200000000002
161,C81072,Paracet_Tab Solb 500mg,0407010H0AAAQAQ,8,-0.03679999999999595
162,C81072,Sumatriptan_Tab 100mg,0407041T0AAACAC,1,-0.0027999999999996916
163,C81073,Clonazepam_Tab 500mcg,0408010F0AAABAB,15,9.79079999999998
164,C81073,Hydroxychlor Sulf_Tab 200mg,1001030C0AAAAAA,3,0.01680000000000048
165,C81073,Paracet_Tab 500mg,0407010H0AAAMAM,658,73.54880000000016
166,C81073,Paracet_Tab Solb 500mg,0407010H0AAAQAQ,2,-0.011999999999998678
167,C81073,Risperidone_Tab 6mg,040201030AAAFAF,1,29.2096
168,C81075,Clonazepam_Tab 500mcg,0408010F0AAABAB,8,6.870399999999986
169,C81075,Hydroxychlor Sulf_Tab 200mg,1001030C0AAAAAA,8,7.771561172376096e-16
170,C81075,Paracet_Tab 500mg,0407010H0AAAMAM,2,-0.011199999999999932
171,C81075,Paracet_Tab Solb 500mg,0407010H0AAAQAQ,2,-0.011999999999998678
172,C81086,Anastrozole_Tab 1mg,0803041B0AAAAAA,9,0.022400000000000198
173,C81086,Clonazepam_Tab 500mcg,0408010F0AAABAB,3,3.7515999999999923
174,C81086,Hydroxychlor Sulf_Tab 200mg,1001030C0AAAAAA,10,0.03920000000000112
175,C81086,Paracet_Tab 500mg,0407010H0AAAMAM,18,-0.09399999999999943
176,C81087,Anastrozole_Tab 1mg,0803041B0AAAAAA,4,0.019600000000000173
177,C81087,Clonazepam_Tab 500mcg,0408010F0AAABAB,6,2.847599999999994
178,C81087,Hydroxychlor Sulf_Tab 200mg,1001030C0AAAAAA,14,0.061600000000001764
179,C81087,Paracet_Tab 500mg,0407010H0AAAMAM,402,2.1375999999999875
180,C81087,Paracet_Tab Solb 500mg,0407010H0AAAQAQ,4,-0.023999999999997357
181,C81087,Risperidone_Tab 6mg,040201030AAAFAF,1,29.2096
182,C81094,Anastrozole_Tab 1mg,0803041B0AAAAAA,6,0.02940000000000026
183,C81094,Clonazepam_Tab 500mcg,0408010F0AAABAB,4,6.734799999999986
184,C81094,Hydroxychlor Sulf_Tab 200mg,1001030C0AAAAAA,9,0.04080000000000117
185,C81094,Paracet_Tab 500mg,0407010H0AAAMAM,558,35.30480000000013
186,C81094,Phenytoin_Sod Tab 100mg,0408010Q0AAAGAG,1,119.39759999999998
187,C81104,Hydroxychlor Sulf_Tab 200mg,1001030C0AAAAAA,3,0.00840000000000024
188,C81104,Paracet_Tab 500mg,0407010H0AAAMAM,2,-0.007999999999999952
189,C81108,Clonazepam_Tab 500mcg,0408010F0AAABAB,3,3.1639999999999935
190,C81108,Gemfibrozil_Tab 600mg,0212000Q0AAABAB,1,15.142399999999999
191,C81108,Hydroxychlor Sulf_Tab 200mg,1001030C0AAAAAA,11,0.04520000000000146
192,C81108,Paracet_Tab 500mg,0407010H0AAAMAM,150,-5.471999999999968
193,C81108,Paracet_Tab Solb 500mg,0407010H0AAAQAQ,6,-0.035999999999996035
194,C81110,Anastrozole_Tab 1mg,0803041B0AAAAAA,3,0.01470000000000013
195,C81110,Clonazepam_Tab 500mcg,0408010F0AAABAB,9,7.503199999999984
196,C81110,Hydroxychlor Sulf_Tab 200mg,1001030C0AAAAAA,25,0.10080000000000289
197,C81110,Nefopam HCl_Tab 30mg,0407010P0AAABAB,2,0.008999999999999009
198,C81110,Paracet_Tab 500mg,0407010H0AAAMAM,140,-0.4731999999999984
199,C81110,Paracet_Tab Solb 500mg,0407010H0AAAQAQ,2,-0.011999999999998678
200,C81110,Sumatriptan_Tab 100mg,0407041T0AAACAC,10,12.612000000000004
201,C81113,Clonazepam_Tab 500mcg,0408010F0AAABAB,4,3.932399999999992
202,C81113,Hydroxychlor Sulf_Tab 200mg,1001030C0AAAAAA,1,0.00560000000000016
203,C81113,Phenytoin_Sod Tab 100mg,0408010Q0AAAGAG,1,59.69879999999999
204,C81113,Sumatriptan_Tab 100mg,0407041T0AAACAC,1,0.004000000000000448
205,C81114,Clonazepam_Tab 500mcg,0408010F0AAABAB,5,3.932399999999992
206,C81114,Hydroxychlor Sulf_Tab 200mg,1001030C0AAAAAA,13,0.056000000000001604
207,C81114,Paracet_Tab 500mg,0407010H0AAAMAM,234,13.560800000000018
208,C81118,Clonazepam_Tab 500mcg,0408010F0AAABAB,7,2.6893999999999947
209,C81118,Hydroxychlor Sulf_Tab 200mg,1001030C0AAAAAA,4,0.01960000000000056
210,C81118,Paracet_Tab 500mg,0407010H0AAAMAM,12,-0.020799999999999874
211,C81616,Hydroxychlor Sulf_Tab 200mg,1001030C0AAAAAA,1,0.00560000000000016
212,C81616,Paracet_Tab 500mg,0407010H0AAAMAM,190,9.500000000000009
213,C81648,Clonazepam_Tab 500mcg,0408010F0AAABAB,1,1.898399999999996
214,C81648,Hydroxychlor Sulf_Tab 200mg,1001030C0AAAAAA,4,0.01960000000000056
215,C81648,Paracet_Tab 500mg,0407010H0AAAMAM,96,43.466399999999986
216,C81652,Clonazepam_Tab 500mcg,0408010F0AAABAB,11,5.06239999999999
217,C81652,Paracet_Tab 500mg,0407010H0AAAMAM,24,-0.11119999999999933
218,C81653,Clonazepam_Tab 500mcg,0408010F0AAABAB,2,1.943599999999996
219,C81653,Hydroxychlor Sulf_Tab 200mg,1001030C0AAAAAA,1,0.00280000000000008
220,C81653,Paracet_Tab 500mg,0407010H0AAAMAM,28,40.32000000000001
221,Y01812,Clonazepam_Tab 500mcg,0408010F0AAABAB,6,4.90419999999999
222,Y01812,Hydroxychlor Sulf_Tab 200mg,1001030C0AAAAAA,15,0.053200000000001524
223,Y01812,Paracet_Tab 500mg,0407010H0AAAMAM,204,20.31960000000002
224,Y01812,Risperidone_Tab 6mg,040201030AAAFAF,1,29.2096
225,Y02442,Hydroxychlor Sulf_Tab 200mg,1001030C0AAAAAA,4,0.01960000000000056
226,Y02442,Paracet_Tab 500mg,0407010H0AAAMAM,12,-0.020999999999999873
227,Y05286,Clonazepam_Tab 500mcg,0408010F0AAABAB,8,8.407199999999982
228,Y05286,Hydroxychlor Sulf_Tab 200mg,1001030C0AAAAAA,7,0.03920000000000112
229,Y05286,Nefopam HCl_Tab 30mg,0407010P0AAABAB,5,0.03149999999999653
230,Y05286,Paracet_Tab 500mg,0407010H0AAAMAM,578,100.09240000000005
231,Y05286,Paracet_Tab Solb 500mg,0407010H0AAAQAQ,14,62.528000000000006
232,Y05733,Clonazepam_Tab 500mcg,0408010F0AAABAB,1,0.11599999999999999
233,Y05733,Hydroxychlor Sulf_Tab 200mg,1001030C0AAAAAA,6,0.03360000000000096
234,Y05733,Paracet_Tab 500mg,0407010H0AAAMAM,276,18.43520000000003
235,Y05733,Paracet_Tab Solb 500mg,0407010H0AAAQAQ,12,9.480000000000006
