,practice_code,bnf_description,bnf_code,items,excess_cost
54,N81025,Mesalazine_Tab E/C 400mg,0105010B0AAAAAA,1,23.956799999999998
83,N81051,Ropinirole HCl_Tab 5mg,0409010H0AAADAD,4,7.761600000000003
71,N81087,Gemfibrozil_Tab 600mg,0212000Q0AAABAB,1,7.571199999999999
72,N81024,Gemfibrozil_Tab 600mg,0212000Q0AAABAB,1,7.571199999999999
0,N81024,Clonazepam_Tab 500mcg,0408010F0AAABAB,8,5.06239999999999
55,N81087,Amiodarone HCl_Tab 200mg,0203020D0AAABAB,14,4.900000000000004
1,N81051,Clonazepam_Tab 500mcg,0408010F0AAABAB,9,4.271399999999991
73,N81025,Gemfibrozil_Tab 600mg,0212000Q0AAABAB,1,4.058999999999999
75,N81024,Tetrabenazine_Tab 25mg,0409030C0AAAAAA,1,3.998399999999995
2,N81127,Clonazepam_Tab 500mcg,0408010F0AAABAB,4,3.796799999999992
3,N81087,Clonazepam_Tab 500mcg,0408010F0AAABAB,6,3.796799999999992
76,N81113,Tetrabenazine_Tab 25mg,0409030C0AAAAAA,1,2.998799999999996
4,N81040,Clonazepam_Tab 500mcg,0408010F0AAABAB,2,2.531199999999995
5,N81025,Clonazepam_Tab 500mcg,0408010F0AAABAB,4,2.531199999999995
79,N81113,Topiramate_Tab 200mg,040801050AAACAC,1,2.489999999999999
80,N81040,Topiramate_Tab 200mg,040801050AAACAC,1,2.489999999999999
81,N81061,Topiramate_Tab 200mg,040801050AAACAC,1,2.3183999999999996
6,N81087,Clonazepam_Tab 500mcg,0408010F0AAABAB,2,2.2599999999999953
56,N81113,Amiodarone HCl_Tab 200mg,0203020D0AAABAB,6,2.100000000000002
77,N81127,Tetrabenazine_Tab 25mg,0409030C0AAAAAA,1,1.9991999999999974
78,N81051,Tetrabenazine_Tab 25mg,0409030C0AAAAAA,1,1.9991999999999974
93,N81055,Pyridox HCl_Tab 50mg,0906024N0AAAIAI,2,1.9152000000000005
13,N81113,Clonazepam_Tab 500mcg,0408010F0AAABAB,6,1.898399999999996
12,N81127,Clonazepam_Tab 500mcg,0408010F0AAABAB,1,1.898399999999996
11,N81040,Clonazepam_Tab 500mcg,0408010F0AAABAB,1,1.898399999999996
10,N81087,Clonazepam_Tab 500mcg,0408010F0AAABAB,6,1.898399999999996
9,N81055,Clonazepam_Tab 500mcg,0408010F0AAABAB,3,1.898399999999996
7,N81025,Clonazepam_Tab 500mcg,0408010F0AAABAB,2,1.898399999999996
8,N81051,Clonazepam_Tab 500mcg,0408010F0AAABAB,3,1.898399999999996
58,N81055,Amiodarone HCl_Tab 200mg,0203020D0AAABAB,5,1.7500000000000016
57,N81024,Amiodarone HCl_Tab 200mg,0203020D0AAABAB,5,1.7500000000000016
84,N81067,Methocarbamol_Tab 750mg,1002020S0AAABAB,4,1.7199999999999993
14,N81127,Clonazepam_Tab 500mcg,0408010F0AAABAB,5,1.5819999999999967
15,N81040,Clonazepam_Tab 500mcg,0408010F0AAABAB,5,1.5819999999999967
59,N81051,Amiodarone HCl_Tab 200mg,0203020D0AAABAB,4,1.4000000000000012
24,N81127,Clonazepam_Tab 500mcg,0408010F0AAABAB,1,1.2655999999999974
23,N81024,Clonazepam_Tab 500mcg,0408010F0AAABAB,1,1.2655999999999974
22,N81024,Clonazepam_Tab 500mcg,0408010F0AAABAB,4,1.2655999999999974
21,N81051,Clonazepam_Tab 500mcg,0408010F0AAABAB,1,1.2655999999999974
20,N81123,Clonazepam_Tab 500mcg,0408010F0AAABAB,1,1.2655999999999974
19,N81040,Clonazepam_Tab 500mcg,0408010F0AAABAB,2,1.2655999999999974
18,N81113,Clonazepam_Tab 500mcg,0408010F0AAABAB,2,1.2655999999999974
17,N81051,Clonazepam_Tab 500mcg,0408010F0AAABAB,4,1.2655999999999974
16,N81025,Clonazepam_Tab 500mcg,0408010F0AAABAB,8,1.2655999999999974
82,N81024,Topiramate_Tab 200mg,040801050AAACAC,1,1.1647999999999992
25,N81127,Clonazepam_Tab 500mcg,0408010F0AAABAB,1,1.1299999999999977
26,N81024,Clonazepam_Tab 500mcg,0408010F0AAABAB,1,1.1073999999999977
60,N81127,Amiodarone HCl_Tab 200mg,0203020D0AAABAB,3,1.050000000000001
62,N81123,Amiodarone HCl_Tab 200mg,0203020D0AAABAB,3,1.050000000000001
63,N81074,Amiodarone HCl_Tab 200mg,0203020D0AAABAB,3,1.050000000000001
61,N81067,Amiodarone HCl_Tab 200mg,0203020D0AAABAB,3,1.050000000000001
27,N81051,Clonazepam_Tab 500mcg,0408010F0AAABAB,1,1.016999999999998
86,N81024,Methocarbamol_Tab 750mg,1002020S0AAABAB,1,0.9631999999999996
85,N81127,Methocarbamol_Tab 750mg,1002020S0AAABAB,1,0.9631999999999996
95,N81024,Pyridox HCl_Tab 50mg,0906024N0AAAIAI,1,0.9576000000000002
94,N81024,Pyridox HCl_Tab 50mg,0906024N0AAAIAI,4,0.9576000000000002
28,N81055,Clonazepam_Tab 500mcg,0408010F0AAABAB,3,0.949199999999998
31,N81025,Clonazepam_Tab 500mcg,0408010F0AAABAB,3,0.949199999999998
29,N81024,Clonazepam_Tab 500mcg,0408010F0AAABAB,1,0.949199999999998
30,N81087,Clonazepam_Tab 500mcg,0408010F0AAABAB,1,0.949199999999998
87,N81067,Methocarbamol_Tab 750mg,1002020S0AAABAB,1,0.8599999999999997
88,N81113,Methocarbamol_Tab 750mg,1002020S0AAABAB,1,0.8599999999999997
64,N81087,Amiodarone HCl_Tab 200mg,0203020D0AAABAB,9,0.7623
32,N81051,Clonazepam_Tab 500mcg,0408010F0AAABAB,9,0.7118999999999985
65,N81040,Amiodarone HCl_Tab 200mg,0203020D0AAABAB,2,0.7000000000000006
66,N81051,Amiodarone HCl_Tab 200mg,0203020D0AAABAB,1,0.7000000000000006
67,N81061,Amiodarone HCl_Tab 200mg,0203020D0AAABAB,2,0.7000000000000006
33,N81051,Clonazepam_Tab 500mcg,0408010F0AAABAB,1,0.6779999999999986
34,N81127,Clonazepam_Tab 500mcg,0408010F0AAABAB,1,0.6779999999999986
35,N81113,Clonazepam_Tab 500mcg,0408010F0AAABAB,1,0.6779999999999986
38,N81067,Clonazepam_Tab 500mcg,0408010F0AAABAB,1,0.6327999999999987
36,N81087,Clonazepam_Tab 500mcg,0408010F0AAABAB,8,0.6327999999999987
37,N81061,Clonazepam_Tab 500mcg,0408010F0AAABAB,1,0.6327999999999987
39,N81061,Clonazepam_Tab 500mcg,0408010F0AAABAB,4,0.6327999999999987
40,N81127,Clonazepam_Tab 500mcg,0408010F0AAABAB,1,0.6327999999999987
41,N81074,Clonazepam_Tab 500mcg,0408010F0AAABAB,1,0.6327999999999987
42,N81067,Clonazepam_Tab 500mcg,0408010F0AAABAB,2,0.6327999999999987
43,N81123,Clonazepam_Tab 500mcg,0408010F0AAABAB,2,0.6327999999999987
100,N81024,Co-Codamol_Cap 8mg/500mg,0407010F0AAABAB,1,0.6000000000000005
101,N81024,Co-Codamol_Cap 8mg/500mg,0407010F0AAABAB,1,0.6000000000000005
89,N81113,Methocarbamol_Tab 750mg,1002020S0AAABAB,4,0.5040000000000004
98,N81087,Pyridox HCl_Tab 50mg,0906024N0AAAIAI,4,0.4788000000000001
97,N81040,Pyridox HCl_Tab 50mg,0906024N0AAAIAI,1,0.4788000000000001
96,N81087,Pyridox HCl_Tab 50mg,0906024N0AAAIAI,1,0.4788000000000001
99,N81025,Pyridox HCl_Tab 50mg,0906024N0AAAIAI,1,0.4788000000000001
45,N81061,Clonazepam_Tab 500mcg,0408010F0AAABAB,6,0.474599999999999
44,N81123,Clonazepam_Tab 500mcg,0408010F0AAABAB,1,0.474599999999999
90,N81127,Methocarbamol_Tab 750mg,1002020S0AAABAB,1,0.4299999999999998
104,N81087,Co-Codamol_Cap 8mg/500mg,0407010F0AAABAB,1,0.35840000000000405
102,N81055,Co-Codamol_Cap 8mg/500mg,0407010F0AAABAB,1,0.35840000000000405
105,N81055,Co-Codamol_Cap 8mg/500mg,0407010F0AAABAB,1,0.35840000000000405
103,N81087,Co-Codamol_Cap 8mg/500mg,0407010F0AAABAB,1,0.35840000000000405
68,N81025,Amiodarone HCl_Tab 200mg,0203020D0AAABAB,1,0.3500000000000003
46,N81127,Clonazepam_Tab 500mcg,0408010F0AAABAB,1,0.3389999999999993
107,N81087,Co-Codamol_Cap 8mg/500mg,0407010F0AAABAB,2,0.3200000000000036
106,N81087,Co-Codamol_Cap 8mg/500mg,0407010F0AAABAB,2,0.3200000000000036
47,N81061,Clonazepam_Tab 500mcg,0408010F0AAABAB,1,0.31639999999999935
48,N81067,Clonazepam_Tab 500mcg,0408010F0AAABAB,4,0.31639999999999935
49,N81040,Clonazepam_Tab 500mcg,0408010F0AAABAB,2,0.31639999999999935
50,N81074,Clonazepam_Tab 500mcg,0408010F0AAABAB,1,0.31639999999999935
51,N81061,Clonazepam_Tab 500mcg,0408010F0AAABAB,1,0.2735999999999992
70,N81067,Amiodarone HCl_Tab 200mg,0203020D0AAABAB,3,0.2541
69,N81051,Amiodarone HCl_Tab 200mg,0203020D0AAABAB,3,0.2541
91,N81025,Methocarbamol_Tab 750mg,1002020S0AAABAB,1,0.2407999999999999
52,N81025,Clonazepam_Tab 500mcg,0408010F0AAABAB,3,0.2372999999999995
92,N81127,Methocarbamol_Tab 750mg,1002020S0AAABAB,4,0.22960000000000114
108,N81025,Co-Codamol_Cap 8mg/500mg,0407010F0AAABAB,1,0.17920000000000202
109,N81025,Co-Codamol_Cap 8mg/500mg,0407010F0AAABAB,1,0.17920000000000202
113,N81061,Co-Codamol_Cap 8mg/500mg,0407010F0AAABAB,1,0.1600000000000018
117,N81074,Co-Codamol_Cap 8mg/500mg,0407010F0AAABAB,1,0.1600000000000018
116,N81061,Co-Codamol_Cap 8mg/500mg,0407010F0AAABAB,1,0.1600000000000018
115,N81067,Co-Codamol_Cap 8mg/500mg,0407010F0AAABAB,1,0.1600000000000018
114,N81025,Co-Codamol_Cap 8mg/500mg,0407010F0AAABAB,1,0.1600000000000018
111,N81074,Co-Codamol_Cap 8mg/500mg,0407010F0AAABAB,1,0.1600000000000018
112,N81025,Co-Codamol_Cap 8mg/500mg,0407010F0AAABAB,1,0.1600000000000018
110,N81067,Co-Codamol_Cap 8mg/500mg,0407010F0AAABAB,1,0.1600000000000018
53,N81087,Clonazepam_Tab 500mcg,0408010F0AAABAB,1,0.15819999999999967
118,N81127,Co-Codamol_Cap 8mg/500mg,0407010F0AAABAB,1,0.09600000000000108
119,N81127,Co-Codamol_Cap 8mg/500mg,0407010F0AAABAB,1,0.09600000000000108
120,N81087,Co-Codamol_Cap 8mg/500mg,0407010F0AAABAB,1,0.05120000000000058
121,N81087,Co-Codamol_Cap 8mg/500mg,0407010F0AAABAB,1,0.05120000000000058
74,N81025,Gemfibrozil_Tab 600mg,0212000Q0AAABAB,1,0.0029999999999996696
