,practice_code,bnf_description,bnf_code,items,excess_cost
0,M83005,Clonazepam_Tab 500mcg,0408010F0AAABAB,2,2.2147999999999954
1,M83005,Paracet_Tab 500mg,0407010H0AAAMAM,4,0.023999999999999855
2,M83005,Quetiapine_Tab 200mg,0402010ABAAADAD,1,-0.0006999999999999229
3,M83007,Atorvastatin_Tab 20mg,0212000B0AAABAB,1,-0.0007999999999999674
4,M83007,Clonazepam_Tab 500mcg,0408010F0AAABAB,2,1.1073999999999977
5,M83007,Paracet_Tab 500mg,0407010H0AAAMAM,4,0.023999999999999855
6,M83011,Clonazepam_Tab 500mcg,0408010F0AAABAB,10,7.246699999999985
7,M83011,Ferr Sulf_Tab 200mg,0901011P0AAACAC,14,-0.00980000000000067
8,M83011,Memantine HCl_Tab 20mg,0411000G0AAADAD,12,0.058799999999999936
9,M83011,Paracet_Tab 500mg,0407010H0AAAMAM,34,0.05999999999999964
10,M83011,Quetiapine_Tab 200mg,0402010ABAAADAD,8,-0.016099999999998227
11,M83012,Atorvastatin_Tab 40mg,0212000B0AAACAC,1,0.006000000000000172
12,M83012,Clonazepam_Tab 500mcg,0408010F0AAABAB,8,4.452199999999991
13,M83012,Paracet_Tab 500mg,0407010H0AAAMAM,4,0.0007999999999999952
14,M83012,Quetiapine_Tab 200mg,0402010ABAAADAD,4,-0.008399999999999075
15,M83015,Clonazepam_Tab 500mcg,0408010F0AAABAB,13,8.090799999999984
16,M83015,Ferr Sulf_Tab 200mg,0901011P0AAACAC,11,-0.012000000000000968
17,M83015,Memantine HCl_Tab 20mg,0411000G0AAADAD,7,0.03429999999999996
18,M83017,Clonazepam_Tab 500mcg,0408010F0AAABAB,5,1.655799999999997
19,M83017,Ferr Sulf_Tab 200mg,0901011P0AAACAC,8,-0.01680000000000048
20,M83017,Memantine HCl_Tab 20mg,0411000G0AAADAD,8,0.03919999999999996
21,M83017,Paracet_Tab 500mg,0407010H0AAAMAM,18,-0.07759999999999953
22,M83023,Atorvastatin_Tab 40mg,0212000B0AAACAC,1,0.004400000000000015
23,M83023,Clonazepam_Tab 500mcg,0408010F0AAABAB,17,7.118999999999985
24,M83023,Paracet_Tab 500mg,0407010H0AAAMAM,14,0.05679999999999974
25,M83023,Paracet_Tab Solb 500mg,0407010H0AAAQAQ,8,-0.026399999999996537
26,M83025,Clonazepam_Tab 500mcg,0408010F0AAABAB,5,2.2147999999999954
27,M83025,Paracet_Tab 500mg,0407010H0AAAMAM,20,-0.07799999999999953
28,M83025,Quetiapine_Tab 200mg,0402010ABAAADAD,2,-0.0013999999999998458
29,M83034,Clonazepam_Tab 500mcg,0408010F0AAABAB,11,6.124599999999988
30,M83034,Memantine HCl_Tab 20mg,0411000G0AAADAD,1,-0.002599999999999894
31,M83034,Paracet_Tab 500mg,0407010H0AAAMAM,6,-0.0335999999999998
32,M83034,Quetiapine_Tab 200mg,0402010ABAAADAD,17,-0.02659999999999707
33,M83046,Atorvastatin_Tab 20mg,0212000B0AAABAB,1,0.006400000000000183
34,M83046,Clonazepam_Tab 500mcg,0408010F0AAABAB,8,7.593599999999984
35,M83046,Paracet_Tab 500mg,0407010H0AAAMAM,12,0.07199999999999956
36,M83054,Atorvastatin_Tab 20mg,0212000B0AAABAB,1,1.064
37,M83054,Clonazepam_Tab 500mcg,0408010F0AAABAB,13,5.16409999999999
38,M83054,Ferr Sulf_Tab 200mg,0901011P0AAACAC,3,0.017999999999999267
39,M83054,Paracet_Tab 500mg,0407010H0AAAMAM,16,0.0031999999999999806
40,M83054,Paracet_Tab Solb 500mg,0407010H0AAAQAQ,2,0.012000000000000344
41,M83056,Clonazepam_Tab 500mcg,0408010F0AAABAB,16,12.881999999999975
42,M83056,Ferr Sulf_Tab 200mg,0901011P0AAACAC,5,0.010499999999999718
43,M83056,Paracet_Tab 500mg,0407010H0AAAMAM,4,-0.022399999999999864
44,M83056,Quetiapine_Tab 200mg,0402010ABAAADAD,6,-0.011199999999998766
45,M83067,Atorvastatin_Tab 20mg,0212000B0AAABAB,128,45.15840000000003
46,M83067,Atorvastatin_Tab 40mg,0212000B0AAACAC,60,44.52
47,M83067,Clonazepam_Tab 500mcg,0408010F0AAABAB,4,2.072399999999996
48,M83067,Paracet_Tab 500mg,0407010H0AAAMAM,118,27.026400000000017
49,M83067,Pramipexole_Tab 1.57mg M/R,0409010W0AAAJAJ,1,65.42099999999999
50,M83067,Quetiapine_Tab 200mg,0402010ABAAADAD,6,77.95760000000001
51,M83071,Clonazepam_Tab 500mcg,0408010F0AAABAB,17,7.401499999999984
52,M83071,Ferr Sulf_Tab 200mg,0901011P0AAACAC,1,0.0059999999999997555
53,M83071,Paracet_Tab 500mg,0407010H0AAAMAM,14,0.015999999999999903
54,M83071,Quetiapine_Tab 200mg,0402010ABAAADAD,8,-0.008399999999999075
55,M83079,Atorvastatin_Tab 20mg,0212000B0AAABAB,2,-0.005799999999999875
56,M83079,Atorvastatin_Tab 40mg,0212000B0AAACAC,1,-0.004199999999999995
57,M83079,Clonazepam_Tab 500mcg,0408010F0AAABAB,16,13.44699999999997
58,M83079,Ferr Sulf_Tab 200mg,0901011P0AAACAC,2,0.014399999999999705
59,M83079,Paracet_Tab 500mg,0407010H0AAAMAM,28,0.03040000000000026
60,M83084,Clonazepam_Tab 500mcg,0408010F0AAABAB,3,1.5819999999999967
61,M83084,Ferr Sulf_Tab 200mg,0901011P0AAACAC,1,0.0059999999999997555
62,M83084,Paracet_Tab 500mg,0407010H0AAAMAM,6,0.012799999999999923
63,M83084,Paracet_Tab Solb 500mg,0407010H0AAAQAQ,2,-0.011999999999998678
64,M83089,Clonazepam_Tab 500mcg,0408010F0AAABAB,13,10.316899999999977
65,M83089,Paracet_Tab 500mg,0407010H0AAAMAM,2,0.011999999999999927
66,M83096,Atorvastatin_Tab 40mg,0212000B0AAACAC,25,-0.041999999999999954
67,M83096,Clonazepam_Tab 500mcg,0408010F0AAABAB,6,5.42399999999999
68,M83096,Memantine HCl_Tab 20mg,0411000G0AAADAD,3,0.014699999999999984
69,M83096,Paracet_Tab 500mg,0407010H0AAAMAM,4,0.011199999999999932
70,M83096,Quetiapine_Tab 200mg,0402010ABAAADAD,5,-0.0034999999999996145
71,M83103,Clonazepam_Tab 500mcg,0408010F0AAABAB,2,0.949199999999998
72,M83103,Ferr Sulf_Tab 200mg,0901011P0AAACAC,4,0.022399999999999864
73,M83103,Paracet_Tab 500mg,0407010H0AAAMAM,2,0.011999999999999927
74,M83108,Atorvastatin_Tab 20mg,0212000B0AAABAB,125,45.150000000000006
75,M83108,Atorvastatin_Tab 40mg,0212000B0AAACAC,50,22.259999999999998
76,M83108,Clonazepam_Tab 500mcg,0408010F0AAABAB,15,9.808399999999978
77,M83108,Ferr Sulf_Tab 200mg,0901011P0AAACAC,53,56.39159999999999
78,M83108,Memantine HCl_Tab 20mg,0411000G0AAADAD,11,63.91
79,M83108,Paracet_Tab 500mg,0407010H0AAAMAM,380,41.674399999999984
80,M83108,Paracet_Tab Solb 500mg,0407010H0AAAQAQ,2,-0.011999999999998678
81,M83108,Quetiapine_Tab 200mg,0402010ABAAADAD,5,-0.0009999999999993903
82,M83121,Clonazepam_Tab 500mcg,0408010F0AAABAB,12,6.576599999999988
83,M83121,Paracet_Tab 500mg,0407010H0AAAMAM,8,-0.04479999999999973
84,M83121,Paracet_Tab Solb 500mg,0407010H0AAAQAQ,2,-0.011999999999998678
85,M83122,Ferr Sulf_Tab 200mg,0901011P0AAACAC,11,0.06159999999999963
86,M83122,Memantine HCl_Tab 20mg,0411000G0AAADAD,9,0.04409999999999995
87,M83122,Paracet_Tab 500mg,0407010H0AAAMAM,26,0.0015999999999999903
88,M83122,Paracet_Tab Solb 500mg,0407010H0AAAQAQ,4,-0.023999999999997357
89,M83140,Atorvastatin_Tab 40mg,0212000B0AAACAC,1,-0.004199999999999995
90,M83140,Clonazepam_Tab 500mcg,0408010F0AAABAB,10,6.169799999999987
91,M83140,Paracet_Tab 500mg,0407010H0AAAMAM,28,-0.13439999999999913
92,M83140,Paracet_Tab Solb 500mg,0407010H0AAAQAQ,2,-0.011999999999998678
93,M83141,Clonazepam_Tab 500mcg,0408010F0AAABAB,10,10.757599999999979
94,M83141,Ferr Sulf_Tab 200mg,0901011P0AAACAC,1,0.0059999999999997555
95,M83141,Quetiapine_Tab 200mg,0402010ABAAADAD,1,-0.0027999999999996916
96,M83640,Clonazepam_Tab 500mcg,0408010F0AAABAB,4,1.3559999999999972
97,M83665,Clonazepam_Tab 500mcg,0408010F0AAABAB,4,2.5949999999999953
98,M83665,Ferr Sulf_Tab 200mg,0901011P0AAACAC,1,0.008999999999999633
99,M83665,Lofepramine HCl_Tab 70mg,0403010R0AAAAAA,2,-0.011999999999998678
100,M83665,Paracet_Tab 500mg,0407010H0AAAMAM,4,0.0007999999999999952
101,M83665,Paracet_Tab Solb 500mg,0407010H0AAAQAQ,2,4.0608
102,M83670,Clonazepam_Tab 500mcg,0408010F0AAABAB,1,0.31639999999999935
103,M83697,Clonazepam_Tab 500mcg,0408010F0AAABAB,3,1.2655999999999974
104,M83697,Paracet_Tab 500mg,0407010H0AAAMAM,4,-0.022399999999999864
105,M83701,Atorvastatin_Tab 20mg,0212000B0AAABAB,1,-0.003999999999999976
106,M83701,Atorvastatin_Tab 40mg,0212000B0AAACAC,1,0.004400000000000015
107,M83701,Clonazepam_Tab 500mcg,0408010F0AAABAB,10,4.366799999999991
108,M83701,Paracet_Tab 500mg,0407010H0AAAMAM,10,-0.05599999999999966
109,M83701,Paracet_Tab Solb 500mg,0407010H0AAAQAQ,2,-0.011999999999998678
110,M83704,Paracet_Tab Solb 500mg,0407010H0AAAQAQ,2,-0.011999999999998678
111,M83723,Atorvastatin_Tab 20mg,0212000B0AAABAB,368,90.4766
112,M83723,Clonazepam_Tab 500mcg,0408010F0AAABAB,5,2.531199999999995
113,M83723,Ferr Sulf_Tab 200mg,0901011P0AAACAC,57,13.68319999999999
114,M83723,Lofepramine HCl_Tab 70mg,0403010R0AAAAAA,2,101.07159999999999
115,M83723,Memantine HCl_Tab 20mg,0411000G0AAADAD,36,255.62879999999998
116,M83723,Paracet_Tab 500mg,0407010H0AAAMAM,76,-8.291199999999979
117,M83723,Quetiapine_Tab 200mg,0402010ABAAADAD,2,-0.005599999999999383
118,Y02570,Clonazepam_Tab 500mcg,0408010F0AAABAB,1,0.31639999999999935
119,Y02570,Ferr Sulf_Tab 200mg,0901011P0AAACAC,5,0.02799999999999983
120,Y02570,Paracet_Tab 500mg,0407010H0AAAMAM,26,30.061600000000006
121,Y02570,Paracet_Tab Solb 500mg,0407010H0AAAQAQ,6,493.7856000000001
122,Y03711,Clonazepam_Tab 500mcg,0408010F0AAABAB,1,0.06359999999999999
123,Y03711,Paracet_Tab 500mg,0407010H0AAAMAM,4,0.011999999999999927
124,Y03711,Paracet_Tab Solb 500mg,0407010H0AAAQAQ,2,0.006400000000000183
