,practice_code,bnf_description,bnf_code,items,excess_cost
352,P92010,Hydrocort_Tab 10mg,0603020J0AAADAD,1,334.674
52,Y02378,Atorvastatin_Tab 10mg,0212000B0AAAAAA,44,279.17119999999994
484,P92623,Olanzapine_Tab 15mg,040201060AAALAL,2,205.92319999999998
35,P92010,Memantine HCl_Tab 20mg,0411000G0AAADAD,20,191.688
0,P92006,Atorvastatin_Tab 20mg,0212000B0AAABAB,85,180.40400000000002
53,Y02378,Atorvastatin_Tab 10mg,0212000B0AAAAAA,43,151.2224
36,P92038,Memantine HCl_Tab 20mg,0411000G0AAADAD,1,127.79760000000002
380,P92652,Quetiapine_Tab 300mg,0402010ABAAAKAK,1,120.01360000000003
54,P92642,Atorvastatin_Tab 10mg,0212000B0AAAAAA,28,92.9824
1,P92024,Atorvastatin_Tab 20mg,0212000B0AAABAB,103,90.55760000000004
2,P92010,Atorvastatin_Tab 20mg,0212000B0AAABAB,118,90.52960000000003
3,P92029,Atorvastatin_Tab 20mg,0212000B0AAABAB,29,90.13200000000002
381,P92031,Quetiapine_Tab 300mg,0402010ABAAAKAK,2,78.93200000000002
37,P92607,Memantine HCl_Tab 20mg,0411000G0AAADAD,1,75.3126
453,P92012,Atorvastatin_Tab 80mg,0212000B0AAADAD,30,74.424
84,P92012,Montelukast_Tab 10mg,0303020G0AAABAB,19,73.14999999999999
55,P92006,Atorvastatin_Tab 10mg,0212000B0AAAAAA,44,69.97760000000001
4,P92001,Atorvastatin_Tab 20mg,0212000B0AAABAB,33,67.63680000000001
5,P92012,Atorvastatin_Tab 20mg,0212000B0AAABAB,16,67.6032
365,P92012,Atorvastatin_Tab 40mg,0212000B0AAACAC,18,66.8304
382,P92012,Quetiapine_Tab 300mg,0402010ABAAAKAK,1,64.296
38,P92007,Memantine HCl_Tab 20mg,0411000G0AAADAD,2,63.9016
39,P92012,Memantine HCl_Tab 20mg,0411000G0AAADAD,3,63.898799999999994
40,Y00050,Memantine HCl_Tab 20mg,0411000G0AAADAD,3,63.898799999999994
42,P92607,Memantine HCl_Tab 20mg,0411000G0AAADAD,14,63.896
41,P92006,Memantine HCl_Tab 20mg,0411000G0AAADAD,14,63.896
44,P92029,Memantine HCl_Tab 20mg,0411000G0AAADAD,7,63.895999999999994
43,P92001,Memantine HCl_Tab 20mg,0411000G0AAADAD,7,63.895999999999994
85,P92642,Montelukast_Tab 10mg,0303020G0AAABAB,19,50.7528
454,P92031,Atorvastatin_Tab 80mg,0212000B0AAADAD,7,49.627199999999995
455,Y02378,Atorvastatin_Tab 80mg,0212000B0AAADAD,17,49.59920000000001
456,P92006,Atorvastatin_Tab 80mg,0212000B0AAADAD,27,49.593600000000016
86,P92005,Montelukast_Tab 10mg,0303020G0AAABAB,7,48.764799999999994
87,P92623,Montelukast_Tab 10mg,0303020G0AAABAB,3,48.753600000000006
88,P92652,Montelukast_Tab 10mg,0303020G0AAABAB,8,48.7424
56,P92648,Atorvastatin_Tab 10mg,0212000B0AAAAAA,4,46.5472
57,P92031,Atorvastatin_Tab 10mg,0212000B0AAAAAA,21,46.5108
6,P92652,Atorvastatin_Tab 20mg,0212000B0AAABAB,39,46.30080000000001
7,P92034,Atorvastatin_Tab 20mg,0212000B0AAABAB,140,45.471999999999994
8,P92642,Atorvastatin_Tab 20mg,0212000B0AAABAB,59,45.264800000000015
9,P92012,Atorvastatin_Tab 20mg,0212000B0AAABAB,84,45.15840000000001
10,Y00050,Atorvastatin_Tab 20mg,0212000B0AAABAB,31,45.136
11,Y02378,Atorvastatin_Tab 20mg,0212000B0AAABAB,102,45.12480000000002
366,P92035,Atorvastatin_Tab 40mg,0212000B0AAACAC,31,44.615200000000016
367,P92652,Atorvastatin_Tab 40mg,0212000B0AAACAC,18,44.553599999999996
368,P92038,Atorvastatin_Tab 40mg,0212000B0AAACAC,25,44.52
369,P92012,Atorvastatin_Tab 40mg,0212000B0AAACAC,85,44.506
45,P92007,Memantine HCl_Tab 20mg,0411000G0AAADAD,1,31.949400000000004
100,P92012,Paracet_Tab 500mg,0407010H0AAAMAM,75,28.50000000000001
101,P92012,Paracet_Tab 500mg,0407010H0AAAMAM,75,28.50000000000001
89,P92623,Montelukast_Tab 10mg,0303020G0AAABAB,1,26.121000000000002
90,P92623,Montelukast_Tab 10mg,0303020G0AAABAB,8,25.379199999999997
103,P92607,Paracet_Tab 500mg,0407010H0AAAMAM,73,24.82
102,P92607,Paracet_Tab 500mg,0407010H0AAAMAM,73,24.82
457,P92648,Atorvastatin_Tab 80mg,0212000B0AAADAD,7,24.813599999999997
91,P92615,Montelukast_Tab 10mg,0303020G0AAABAB,24,24.393600000000003
92,Y02378,Montelukast_Tab 10mg,0303020G0AAABAB,29,24.360000000000003
93,Y02322,Montelukast_Tab 10mg,0303020G0AAABAB,21,24.3432
58,Y02322,Atorvastatin_Tab 10mg,0212000B0AAAAAA,24,23.251200000000004
59,P92006,Atorvastatin_Tab 10mg,0212000B0AAAAAA,53,23.150399999999994
12,P92647,Atorvastatin_Tab 20mg,0212000B0AAABAB,70,22.735999999999997
13,P92005,Atorvastatin_Tab 20mg,0212000B0AAABAB,52,22.568
14,P92024,Atorvastatin_Tab 20mg,0212000B0AAABAB,76,22.55680000000001
16,P92035,Atorvastatin_Tab 20mg,0212000B0AAABAB,23,22.540000000000003
15,P92642,Atorvastatin_Tab 20mg,0212000B0AAABAB,23,22.540000000000003
17,P92038,Atorvastatin_Tab 20mg,0212000B0AAABAB,10,22.54
18,P92607,Atorvastatin_Tab 20mg,0212000B0AAABAB,182,22.422400000000007
370,P92642,Atorvastatin_Tab 40mg,0212000B0AAACAC,21,22.285199999999996
371,P92031,Atorvastatin_Tab 40mg,0212000B0AAACAC,39,22.2768
372,Y02378,Atorvastatin_Tab 40mg,0212000B0AAACAC,54,22.226399999999998
19,P92007,Atorvastatin_Tab 20mg,0212000B0AAABAB,1,19.317600000000002
60,P92012,Atorvastatin_Tab 10mg,0212000B0AAAAAA,31,11.631200000000002
61,Y02322,Atorvastatin_Tab 10mg,0212000B0AAAAAA,37,11.603200000000001
105,P92623,Paracet_Tab 500mg,0407010H0AAAMAM,5,11.312000000000001
104,P92623,Paracet_Tab 500mg,0407010H0AAAMAM,5,11.312000000000001
106,P92607,Paracet_Tab 500mg,0407010H0AAAMAM,14,11.289600000000002
107,P92607,Paracet_Tab 500mg,0407010H0AAAMAM,14,11.289600000000002
108,P92010,Paracet_Tab 500mg,0407010H0AAAMAM,16,11.110400000000007
109,P92010,Paracet_Tab 500mg,0407010H0AAAMAM,16,11.110400000000007
111,P92648,Paracet_Tab 500mg,0407010H0AAAMAM,5,10.100000000000001
110,P92648,Paracet_Tab 500mg,0407010H0AAAMAM,5,10.100000000000001
112,P92024,Paracet_Tab 500mg,0407010H0AAAMAM,44,9.680000000000003
113,P92024,Paracet_Tab 500mg,0407010H0AAAMAM,44,9.680000000000003
114,P92010,Paracet_Tab 500mg,0407010H0AAAMAM,197,5.910000000000033
115,P92010,Paracet_Tab 500mg,0407010H0AAAMAM,197,5.910000000000033
116,P92007,Paracet_Tab 500mg,0407010H0AAAMAM,6,5.644800000000001
117,P92007,Paracet_Tab 500mg,0407010H0AAAMAM,6,5.644800000000001
118,Y02378,Paracet_Tab 500mg,0407010H0AAAMAM,75,5.249999999999995
119,Y02378,Paracet_Tab 500mg,0407010H0AAAMAM,75,5.249999999999995
120,P92006,Paracet_Tab 500mg,0407010H0AAAMAM,58,5.220000000000009
121,P92006,Paracet_Tab 500mg,0407010H0AAAMAM,58,5.220000000000009
123,P92001,Paracet_Tab 500mg,0407010H0AAAMAM,103,5.150000000000005
122,P92001,Paracet_Tab 500mg,0407010H0AAAMAM,103,5.150000000000005
125,P92005,Paracet_Tab 500mg,0407010H0AAAMAM,32,5.120000000000003
124,P92005,Paracet_Tab 500mg,0407010H0AAAMAM,32,5.120000000000003
126,P92648,Paracet_Tab 500mg,0407010H0AAAMAM,6,5.040000000000001
127,P92648,Paracet_Tab 500mg,0407010H0AAAMAM,6,5.040000000000001
128,P92623,Paracet_Tab 500mg,0407010H0AAAMAM,20,5.000000000000004
129,P92623,Paracet_Tab 500mg,0407010H0AAAMAM,20,5.000000000000004
130,P92642,Paracet_Tab 500mg,0407010H0AAAMAM,55,4.950000000000008
131,P92642,Paracet_Tab 500mg,0407010H0AAAMAM,55,4.950000000000008
132,P92031,Paracet_Tab 500mg,0407010H0AAAMAM,33,4.950000000000005
133,P92031,Paracet_Tab 500mg,0407010H0AAAMAM,33,4.950000000000005
134,P92647,Paracet_Tab 500mg,0407010H0AAAMAM,68,4.7599999999999945
135,P92647,Paracet_Tab 500mg,0407010H0AAAMAM,68,4.7599999999999945
137,P92007,Paracet_Tab 500mg,0407010H0AAAMAM,3,4.032
136,P92623,Paracet_Tab 500mg,0407010H0AAAMAM,1,4.032
139,P92623,Paracet_Tab 500mg,0407010H0AAAMAM,1,4.032
138,P92007,Paracet_Tab 500mg,0407010H0AAAMAM,3,4.032
140,P92012,Paracet_Tab 500mg,0407010H0AAAMAM,1,3.465
141,P92012,Paracet_Tab 500mg,0407010H0AAAMAM,1,3.465
94,P92012,Montelukast_Tab 10mg,0303020G0AAABAB,1,2.9988
143,P92012,Paracet_Tab 500mg,0407010H0AAAMAM,2,2.5984
142,P92012,Paracet_Tab 500mg,0407010H0AAAMAM,2,2.5984
144,P92007,Paracet_Tab 500mg,0407010H0AAAMAM,61,2.4400000000000066
145,P92007,Paracet_Tab 500mg,0407010H0AAAMAM,61,2.4400000000000066
146,P92007,Paracet_Tab 500mg,0407010H0AAAMAM,15,2.3250000000000015
147,P92007,Paracet_Tab 500mg,0407010H0AAAMAM,15,2.3250000000000015
95,P92615,Montelukast_Tab 10mg,0303020G0AAABAB,3,1.9992
96,P92031,Montelukast_Tab 10mg,0303020G0AAABAB,8,1.9935999999999996
458,P92024,Atorvastatin_Tab 80mg,0212000B0AAADAD,15,1.8059999999999992
20,P92030,Atorvastatin_Tab 20mg,0212000B0AAABAB,155,1.7360000000000497
148,P92030,Paracet_Tab 500mg,0407010H0AAAMAM,31,1.240000000000014
149,P92030,Paracet_Tab 500mg,0407010H0AAAMAM,31,1.240000000000014
151,P92607,Paracet_Tab 500mg,0407010H0AAAMAM,6,1.008000000000001
150,P92607,Paracet_Tab 500mg,0407010H0AAAMAM,6,1.008000000000001
21,P92642,Atorvastatin_Tab 20mg,0212000B0AAABAB,1,0.48719999999999997
152,P92623,Paracet_Tab 500mg,0407010H0AAAMAM,5,0.3839999999999999
153,P92623,Paracet_Tab 500mg,0407010H0AAAMAM,5,0.3839999999999999
22,P92007,Atorvastatin_Tab 20mg,0212000B0AAABAB,94,0.26320000000000754
383,P92602,Quetiapine_Tab 300mg,0402010ABAAAKAK,30,0.09000000000000341
154,P92041,Paracet_Tab 500mg,0407010H0AAAMAM,13,0.07799999999999953
155,P92041,Paracet_Tab 500mg,0407010H0AAAMAM,13,0.07799999999999953
156,P92623,Paracet_Tab 500mg,0407010H0AAAMAM,1,0.07679999999999998
157,P92623,Paracet_Tab 500mg,0407010H0AAAMAM,1,0.07679999999999998
158,P92004,Paracet_Tab 500mg,0407010H0AAAMAM,11,0.0659999999999996
159,P92004,Paracet_Tab 500mg,0407010H0AAAMAM,11,0.0659999999999996
160,P92652,Paracet_Tab 500mg,0407010H0AAAMAM,13,0.05459999999999967
161,P92652,Paracet_Tab 500mg,0407010H0AAAMAM,13,0.05459999999999967
162,P92007,Paracet_Tab 500mg,0407010H0AAAMAM,6,0.03599999999999978
163,P92006,Paracet_Tab 500mg,0407010H0AAAMAM,6,0.03599999999999978
164,P92006,Paracet_Tab 500mg,0407010H0AAAMAM,6,0.03599999999999978
165,P92007,Paracet_Tab 500mg,0407010H0AAAMAM,6,0.03599999999999978
166,P92007,Paracet_Tab 500mg,0407010H0AAAMAM,1,0.03359999999999996
167,P92007,Paracet_Tab 500mg,0407010H0AAAMAM,1,0.03359999999999996
168,P92619,Paracet_Tab 500mg,0407010H0AAAMAM,5,0.02999999999999982
169,P92605,Paracet_Tab 500mg,0407010H0AAAMAM,5,0.02999999999999982
170,P92605,Paracet_Tab 500mg,0407010H0AAAMAM,5,0.02999999999999982
171,P92033,Paracet_Tab 500mg,0407010H0AAAMAM,5,0.02999999999999982
172,P92028,Paracet_Tab 500mg,0407010H0AAAMAM,5,0.02999999999999982
174,P92028,Paracet_Tab 500mg,0407010H0AAAMAM,5,0.02999999999999982
175,P92033,Paracet_Tab 500mg,0407010H0AAAMAM,5,0.02999999999999982
173,P92619,Paracet_Tab 500mg,0407010H0AAAMAM,5,0.02999999999999982
176,P92012,Paracet_Tab 500mg,0407010H0AAAMAM,4,0.023999999999999855
177,P92607,Paracet_Tab 500mg,0407010H0AAAMAM,2,0.023999999999999855
178,Y00050,Paracet_Tab 500mg,0407010H0AAAMAM,4,0.023999999999999855
179,P92012,Paracet_Tab 500mg,0407010H0AAAMAM,4,0.023999999999999855
180,P92607,Paracet_Tab 500mg,0407010H0AAAMAM,2,0.023999999999999855
181,Y00050,Paracet_Tab 500mg,0407010H0AAAMAM,4,0.023999999999999855
182,Y02885,Paracet_Tab 500mg,0407010H0AAAMAM,4,0.023999999999999855
183,Y02885,Paracet_Tab 500mg,0407010H0AAAMAM,4,0.023999999999999855
384,P92041,Quetiapine_Tab 300mg,0402010ABAAAKAK,4,0.023999999999997357
459,P92634,Atorvastatin_Tab 80mg,0212000B0AAADAD,10,0.0210000000000006
46,P92634,Memantine HCl_Tab 20mg,0411000G0AAADAD,4,0.01959999999999998
486,P92007,Olanzapine_Tab 15mg,040201060AAALAL,4,0.019599999999999396
485,P92652,Olanzapine_Tab 15mg,040201060AAALAL,4,0.019599999999999396
192,P92003,Paracet_Tab 500mg,0407010H0AAAMAM,3,0.01799999999999989
186,P92017,Paracet_Tab 500mg,0407010H0AAAMAM,3,0.01799999999999989
187,P92623,Paracet_Tab 500mg,0407010H0AAAMAM,3,0.01799999999999989
188,P92019,Paracet_Tab 500mg,0407010H0AAAMAM,3,0.01799999999999989
189,Y02321,Paracet_Tab 500mg,0407010H0AAAMAM,3,0.01799999999999989
190,P92017,Paracet_Tab 500mg,0407010H0AAAMAM,3,0.01799999999999989
191,P92607,Paracet_Tab 500mg,0407010H0AAAMAM,3,0.01799999999999989
185,Y02321,Paracet_Tab 500mg,0407010H0AAAMAM,3,0.01799999999999989
184,P92607,Paracet_Tab 500mg,0407010H0AAAMAM,3,0.01799999999999989
193,P92003,Paracet_Tab 500mg,0407010H0AAAMAM,3,0.01799999999999989
194,P92019,Paracet_Tab 500mg,0407010H0AAAMAM,3,0.01799999999999989
195,P92623,Paracet_Tab 500mg,0407010H0AAAMAM,3,0.01799999999999989
196,P92623,Paracet_Tab 500mg,0407010H0AAAMAM,1,0.0167999999999999
197,P92623,Paracet_Tab 500mg,0407010H0AAAMAM,1,0.0167999999999999
385,P92626,Quetiapine_Tab 300mg,0402010ABAAAKAK,3,0.01679999999999815
460,P92642,Atorvastatin_Tab 80mg,0212000B0AAADAD,7,0.014700000000000421
62,P92605,Atorvastatin_Tab 10mg,0212000B0AAAAAA,7,0.014700000000000081
488,P92028,Olanzapine_Tab 15mg,040201060AAALAL,3,0.014699999999999547
489,P92006,Olanzapine_Tab 15mg,040201060AAALAL,3,0.014699999999999547
487,P92017,Olanzapine_Tab 15mg,040201060AAALAL,3,0.014699999999999547
461,Y02322,Atorvastatin_Tab 80mg,0212000B0AAADAD,6,0.012600000000000361
63,P92646,Atorvastatin_Tab 10mg,0212000B0AAAAAA,3,0.01260000000000007
23,P92016,Atorvastatin_Tab 20mg,0212000B0AAABAB,2,0.012000000000000344
199,P92023,Paracet_Tab 500mg,0407010H0AAAMAM,4,0.011999999999999927
205,P92016,Paracet_Tab 500mg,0407010H0AAAMAM,2,0.011999999999999927
204,P92008,Paracet_Tab 500mg,0407010H0AAAMAM,2,0.011999999999999927
203,P92023,Paracet_Tab 500mg,0407010H0AAAMAM,4,0.011999999999999927
202,P92008,Paracet_Tab 500mg,0407010H0AAAMAM,2,0.011999999999999927
201,P92024,Paracet_Tab 500mg,0407010H0AAAMAM,2,0.011999999999999927
200,P92024,Paracet_Tab 500mg,0407010H0AAAMAM,2,0.011999999999999927
198,P92016,Paracet_Tab 500mg,0407010H0AAAMAM,2,0.011999999999999927
64,P92633,Atorvastatin_Tab 10mg,0212000B0AAAAAA,3,0.011700000000000023
386,P92014,Quetiapine_Tab 300mg,0402010ABAAAKAK,2,0.011199999999998766
388,P92621,Quetiapine_Tab 300mg,0402010ABAAAKAK,2,0.011199999999998766
389,P92019,Quetiapine_Tab 300mg,0402010ABAAAKAK,2,0.011199999999998766
387,P92619,Quetiapine_Tab 300mg,0402010ABAAAKAK,2,0.011199999999998766
391,P92011,Quetiapine_Tab 300mg,0402010ABAAAKAK,4,0.011199999999998766
390,P92011,Quetiapine_Tab 300mg,0402010ABAAAKAK,2,0.011199999999998766
462,P92003,Atorvastatin_Tab 80mg,0212000B0AAADAD,5,0.0105000000000003
463,P92026,Atorvastatin_Tab 80mg,0212000B0AAADAD,5,0.0105000000000003
65,Y00050,Atorvastatin_Tab 10mg,0212000B0AAAAAA,5,0.010500000000000058
47,P92615,Memantine HCl_Tab 20mg,0411000G0AAADAD,2,0.00979999999999999
490,Y02322,Olanzapine_Tab 15mg,040201060AAALAL,2,0.009799999999999698
207,P92012,Paracet_Tab 500mg,0407010H0AAAMAM,3,0.008999999999999946
206,P92012,Paracet_Tab 500mg,0407010H0AAAMAM,3,0.008999999999999946
353,P92003,Hydrocort_Tab 10mg,0603020J0AAADAD,2,0.008999999999999009
465,P92031,Atorvastatin_Tab 80mg,0212000B0AAADAD,4,0.00840000000000024
470,P92028,Atorvastatin_Tab 80mg,0212000B0AAADAD,4,0.00840000000000024
469,P92029,Atorvastatin_Tab 80mg,0212000B0AAADAD,4,0.00840000000000024
468,P92605,Atorvastatin_Tab 80mg,0212000B0AAADAD,4,0.00840000000000024
467,P92033,Atorvastatin_Tab 80mg,0212000B0AAADAD,4,0.00840000000000024
466,P92639,Atorvastatin_Tab 80mg,0212000B0AAADAD,4,0.00840000000000024
471,P92021,Atorvastatin_Tab 80mg,0212000B0AAADAD,4,0.00840000000000024
464,P92019,Atorvastatin_Tab 80mg,0212000B0AAADAD,4,0.00840000000000024
67,P92031,Atorvastatin_Tab 10mg,0212000B0AAAAAA,4,0.008400000000000046
68,P92637,Atorvastatin_Tab 10mg,0212000B0AAAAAA,4,0.008400000000000046
69,Y03979,Atorvastatin_Tab 10mg,0212000B0AAAAAA,2,0.008400000000000046
66,P92035,Atorvastatin_Tab 10mg,0212000B0AAAAAA,4,0.008400000000000046
208,Y02322,Paracet_Tab 500mg,0407010H0AAAMAM,2,0.00839999999999995
210,Y02322,Paracet_Tab 500mg,0407010H0AAAMAM,2,0.00839999999999995
209,Y02885,Paracet_Tab 500mg,0407010H0AAAMAM,3,0.00839999999999995
211,Y02885,Paracet_Tab 500mg,0407010H0AAAMAM,3,0.00839999999999995
393,Y02322,Quetiapine_Tab 300mg,0402010ABAAAKAK,6,0.008399999999999075
392,P92021,Quetiapine_Tab 300mg,0402010ABAAAKAK,3,0.008399999999999075
212,Y04029,Paracet_Tab 500mg,0407010H0AAAMAM,1,0.00800000000000009
213,Y04029,Paracet_Tab 500mg,0407010H0AAAMAM,1,0.00800000000000009
24,P92635,Atorvastatin_Tab 20mg,0212000B0AAABAB,1,0.006400000000000183
472,P92011,Atorvastatin_Tab 80mg,0212000B0AAADAD,3,0.0063000000000001805
70,Y02322,Atorvastatin_Tab 10mg,0212000B0AAAAAA,3,0.006300000000000035
394,P92011,Quetiapine_Tab 300mg,0402010ABAAAKAK,9,0.006299999999999306
373,P92642,Atorvastatin_Tab 40mg,0212000B0AAACAC,1,0.006000000000000172
25,P92620,Atorvastatin_Tab 20mg,0212000B0AAABAB,1,0.006000000000000172
374,P92034,Atorvastatin_Tab 40mg,0212000B0AAACAC,1,0.006000000000000172
220,Y02322,Paracet_Tab 500mg,0407010H0AAAMAM,1,0.005999999999999964
218,P92639,Paracet_Tab 500mg,0407010H0AAAMAM,1,0.005999999999999964
227,P92026,Paracet_Tab 500mg,0407010H0AAAMAM,1,0.005999999999999964
222,P92010,Paracet_Tab 500mg,0407010H0AAAMAM,1,0.005999999999999964
217,Y02378,Paracet_Tab 500mg,0407010H0AAAMAM,1,0.005999999999999964
216,P92011,Paracet_Tab 500mg,0407010H0AAAMAM,1,0.005999999999999964
214,P92034,Paracet_Tab 500mg,0407010H0AAAMAM,1,0.005999999999999964
215,P92002,Paracet_Tab 500mg,0407010H0AAAMAM,1,0.005999999999999964
228,P92021,Paracet_Tab 500mg,0407010H0AAAMAM,1,0.005999999999999964
221,P92653,Paracet_Tab 500mg,0407010H0AAAMAM,1,0.005999999999999964
219,P92038,Paracet_Tab 500mg,0407010H0AAAMAM,1,0.005999999999999964
223,P92026,Paracet_Tab 500mg,0407010H0AAAMAM,1,0.005999999999999964
236,P92021,Paracet_Tab 500mg,0407010H0AAAMAM,1,0.005999999999999964
224,P92038,Paracet_Tab 500mg,0407010H0AAAMAM,1,0.005999999999999964
230,P92635,Paracet_Tab 500mg,0407010H0AAAMAM,1,0.005999999999999964
231,P92653,Paracet_Tab 500mg,0407010H0AAAMAM,1,0.005999999999999964
232,P92034,Paracet_Tab 500mg,0407010H0AAAMAM,1,0.005999999999999964
233,P92621,Paracet_Tab 500mg,0407010H0AAAMAM,1,0.005999999999999964
234,Y02378,Paracet_Tab 500mg,0407010H0AAAMAM,1,0.005999999999999964
235,P92621,Paracet_Tab 500mg,0407010H0AAAMAM,1,0.005999999999999964
237,P92002,Paracet_Tab 500mg,0407010H0AAAMAM,1,0.005999999999999964
238,P92010,Paracet_Tab 500mg,0407010H0AAAMAM,1,0.005999999999999964
239,P92639,Paracet_Tab 500mg,0407010H0AAAMAM,1,0.005999999999999964
226,P92635,Paracet_Tab 500mg,0407010H0AAAMAM,1,0.005999999999999964
225,P92011,Paracet_Tab 500mg,0407010H0AAAMAM,1,0.005999999999999964
229,Y02322,Paracet_Tab 500mg,0407010H0AAAMAM,1,0.005999999999999964
399,P92647,Quetiapine_Tab 300mg,0402010ABAAAKAK,1,0.005999999999999339
402,P92004,Quetiapine_Tab 300mg,0402010ABAAAKAK,1,0.005999999999999339
401,Y02378,Quetiapine_Tab 300mg,0402010ABAAAKAK,2,0.005999999999999339
400,P92008,Quetiapine_Tab 300mg,0402010ABAAAKAK,1,0.005999999999999339
395,Y02321,Quetiapine_Tab 300mg,0402010ABAAAKAK,1,0.005999999999999339
398,P92003,Quetiapine_Tab 300mg,0402010ABAAAKAK,1,0.005999999999999339
397,P92030,Quetiapine_Tab 300mg,0402010ABAAAKAK,1,0.005999999999999339
396,P92021,Quetiapine_Tab 300mg,0402010ABAAAKAK,1,0.005999999999999339
409,Y02322,Quetiapine_Tab 300mg,0402010ABAAAKAK,8,0.005599999999999383
403,P92642,Quetiapine_Tab 300mg,0402010ABAAAKAK,1,0.005599999999999383
404,P92019,Quetiapine_Tab 300mg,0402010ABAAAKAK,4,0.005599999999999383
405,P92001,Quetiapine_Tab 300mg,0402010ABAAAKAK,2,0.005599999999999383
406,P92002,Quetiapine_Tab 300mg,0402010ABAAAKAK,1,0.005599999999999383
407,P92019,Quetiapine_Tab 300mg,0402010ABAAAKAK,2,0.005599999999999383
408,P92607,Quetiapine_Tab 300mg,0402010ABAAAKAK,4,0.005599999999999383
420,P92006,Quetiapine_Tab 300mg,0402010ABAAAKAK,1,0.005599999999999383
410,Y02321,Quetiapine_Tab 300mg,0402010ABAAAKAK,1,0.005599999999999383
422,P92011,Quetiapine_Tab 300mg,0402010ABAAAKAK,4,0.005599999999999383
431,P92004,Quetiapine_Tab 300mg,0402010ABAAAKAK,2,0.005599999999999383
430,Y02322,Quetiapine_Tab 300mg,0402010ABAAAKAK,1,0.005599999999999383
428,P92041,Quetiapine_Tab 300mg,0402010ABAAAKAK,1,0.005599999999999383
411,P92635,Quetiapine_Tab 300mg,0402010ABAAAKAK,4,0.005599999999999383
426,P92012,Quetiapine_Tab 300mg,0402010ABAAAKAK,1,0.005599999999999383
425,P92007,Quetiapine_Tab 300mg,0402010ABAAAKAK,1,0.005599999999999383
424,P92002,Quetiapine_Tab 300mg,0402010ABAAAKAK,2,0.005599999999999383
423,P92035,Quetiapine_Tab 300mg,0402010ABAAAKAK,1,0.005599999999999383
427,P92017,Quetiapine_Tab 300mg,0402010ABAAAKAK,2,0.005599999999999383
421,P92007,Quetiapine_Tab 300mg,0402010ABAAAKAK,2,0.005599999999999383
414,P92642,Quetiapine_Tab 300mg,0402010ABAAAKAK,2,0.005599999999999383
419,Y02885,Quetiapine_Tab 300mg,0402010ABAAAKAK,2,0.005599999999999383
412,Y02321,Quetiapine_Tab 300mg,0402010ABAAAKAK,4,0.005599999999999383
413,P92620,Quetiapine_Tab 300mg,0402010ABAAAKAK,1,0.005599999999999383
429,P92634,Quetiapine_Tab 300mg,0402010ABAAAKAK,4,0.005599999999999383
415,Y02885,Quetiapine_Tab 300mg,0402010ABAAAKAK,1,0.005599999999999383
416,P92026,Quetiapine_Tab 300mg,0402010ABAAAKAK,4,0.005599999999999383
417,P92012,Quetiapine_Tab 300mg,0402010ABAAAKAK,2,0.005599999999999383
418,P92004,Quetiapine_Tab 300mg,0402010ABAAAKAK,4,0.005599999999999383
48,P92642,Memantine HCl_Tab 20mg,0411000G0AAADAD,1,0.004899999999999995
97,P92616,Montelukast_Tab 10mg,0303020G0AAABAB,1,0.0048000000000001375
26,P92002,Atorvastatin_Tab 20mg,0212000B0AAABAB,1,0.00440000000000005
72,P92003,Atorvastatin_Tab 10mg,0212000B0AAAAAA,1,0.004200000000000023
73,P92019,Atorvastatin_Tab 10mg,0212000B0AAAAAA,1,0.004200000000000023
74,P92008,Atorvastatin_Tab 10mg,0212000B0AAAAAA,1,0.004200000000000023
71,Y02322,Atorvastatin_Tab 10mg,0212000B0AAAAAA,1,0.004200000000000023
49,P92642,Memantine HCl_Tab 20mg,0411000G0AAADAD,1,0.004199999999999975
75,P92035,Atorvastatin_Tab 10mg,0212000B0AAAAAA,1,0.004199999999999975
241,P92607,Paracet_Tab 500mg,0407010H0AAAMAM,1,0.004199999999999975
240,P92607,Paracet_Tab 500mg,0407010H0AAAMAM,1,0.004199999999999975
245,P92041,Paracet_Tab 500mg,0407010H0AAAMAM,1,0.0040000000000000105
242,P92041,Paracet_Tab 500mg,0407010H0AAAMAM,1,0.0040000000000000105
243,P92642,Paracet_Tab 500mg,0407010H0AAAMAM,1,0.0040000000000000105
244,P92642,Paracet_Tab 500mg,0407010H0AAAMAM,1,0.0040000000000000105
375,P92014,Atorvastatin_Tab 40mg,0212000B0AAACAC,1,0.0039000000000001117
98,P92014,Montelukast_Tab 10mg,0303020G0AAABAB,1,0.0039000000000001117
76,P92607,Atorvastatin_Tab 10mg,0212000B0AAAAAA,1,0.0039000000000000076
432,P92602,Quetiapine_Tab 300mg,0402010ABAAAKAK,5,0.0034999999999996145
251,P92016,Paracet_Tab 500mg,0407010H0AAAMAM,1,0.002999999999999982
248,P92003,Paracet_Tab 500mg,0407010H0AAAMAM,1,0.002999999999999982
247,P92003,Paracet_Tab 500mg,0407010H0AAAMAM,1,0.002999999999999982
246,P92635,Paracet_Tab 500mg,0407010H0AAAMAM,1,0.002999999999999982
255,Y02885,Paracet_Tab 500mg,0407010H0AAAMAM,1,0.002999999999999982
254,P92635,Paracet_Tab 500mg,0407010H0AAAMAM,1,0.002999999999999982
252,P92016,Paracet_Tab 500mg,0407010H0AAAMAM,1,0.002999999999999982
253,Y02885,Paracet_Tab 500mg,0407010H0AAAMAM,1,0.002999999999999982
250,P92010,Paracet_Tab 500mg,0407010H0AAAMAM,1,0.002999999999999982
249,P92010,Paracet_Tab 500mg,0407010H0AAAMAM,1,0.002999999999999982
258,P92619,Paracet_Tab 500mg,0407010H0AAAMAM,1,0.002799999999999983
257,P92616,Paracet_Tab 500mg,0407010H0AAAMAM,1,0.002799999999999983
256,P92619,Paracet_Tab 500mg,0407010H0AAAMAM,1,0.002799999999999983
259,P92616,Paracet_Tab 500mg,0407010H0AAAMAM,1,0.002799999999999983
260,Y02322,Paracet_Tab 500mg,0407010H0AAAMAM,1,0.002799999999999983
261,Y02322,Paracet_Tab 500mg,0407010H0AAAMAM,1,0.002799999999999983
448,P92620,Quetiapine_Tab 300mg,0402010ABAAAKAK,1,0.0027999999999996916
449,P92016,Quetiapine_Tab 300mg,0402010ABAAAKAK,1,0.0027999999999996916
447,P92026,Quetiapine_Tab 300mg,0402010ABAAAKAK,1,0.0027999999999996916
446,P92003,Quetiapine_Tab 300mg,0402010ABAAAKAK,1,0.0027999999999996916
434,P92653,Quetiapine_Tab 300mg,0402010ABAAAKAK,4,0.0027999999999996916
433,Y02274,Quetiapine_Tab 300mg,0402010ABAAAKAK,1,0.0027999999999996916
445,P92647,Quetiapine_Tab 300mg,0402010ABAAAKAK,2,0.0027999999999996916
435,P92008,Quetiapine_Tab 300mg,0402010ABAAAKAK,1,0.0027999999999996916
443,Y00050,Quetiapine_Tab 300mg,0402010ABAAAKAK,4,0.0027999999999996916
442,P92630,Quetiapine_Tab 300mg,0402010ABAAAKAK,1,0.0027999999999996916
441,P92029,Quetiapine_Tab 300mg,0402010ABAAAKAK,4,0.0027999999999996916
440,P92029,Quetiapine_Tab 300mg,0402010ABAAAKAK,2,0.0027999999999996916
439,P92639,Quetiapine_Tab 300mg,0402010ABAAAKAK,1,0.0027999999999996916
444,P92023,Quetiapine_Tab 300mg,0402010ABAAAKAK,1,0.0027999999999996916
438,P92016,Quetiapine_Tab 300mg,0402010ABAAAKAK,4,0.0027999999999996916
437,P92615,Quetiapine_Tab 300mg,0402010ABAAAKAK,2,0.0027999999999996916
436,P92006,Quetiapine_Tab 300mg,0402010ABAAAKAK,1,0.0027999999999996916
27,P92041,Atorvastatin_Tab 20mg,0212000B0AAABAB,1,0.0027000000000000773
28,P92639,Atorvastatin_Tab 20mg,0212000B0AAABAB,1,0.0026000000000000745
473,P92620,Atorvastatin_Tab 80mg,0212000B0AAADAD,1,0.00210000000000006
78,Y03979,Atorvastatin_Tab 10mg,0212000B0AAAAAA,1,0.0021000000000000116
77,P92633,Atorvastatin_Tab 10mg,0212000B0AAAAAA,1,0.0021000000000000116
450,P92642,Quetiapine_Tab 300mg,0402010ABAAAKAK,3,0.0020999999999997687
451,Y02885,Quetiapine_Tab 300mg,0402010ABAAAKAK,3,0.0020999999999997687
452,P92002,Quetiapine_Tab 300mg,0402010ABAAAKAK,1,0.0015000000000000568
50,P92623,Memantine HCl_Tab 20mg,0411000G0AAADAD,1,0.0013999999999999985
263,P92016,Paracet_Tab 500mg,0407010H0AAAMAM,1,-0.001999999999999988
267,P92019,Paracet_Tab 500mg,0407010H0AAAMAM,1,-0.001999999999999988
266,Y05088,Paracet_Tab 500mg,0407010H0AAAMAM,1,-0.001999999999999988
265,P92019,Paracet_Tab 500mg,0407010H0AAAMAM,1,-0.001999999999999988
264,P92016,Paracet_Tab 500mg,0407010H0AAAMAM,1,-0.001999999999999988
262,Y05088,Paracet_Tab 500mg,0407010H0AAAMAM,1,-0.001999999999999988
268,P92607,Paracet_Tab 500mg,0407010H0AAAMAM,1,-0.0021999999999999867
269,P92607,Paracet_Tab 500mg,0407010H0AAAMAM,1,-0.0021999999999999867
377,P92042,Atorvastatin_Tab 40mg,0212000B0AAACAC,2,-0.002799999999999997
376,P92006,Atorvastatin_Tab 40mg,0212000B0AAACAC,1,-0.002799999999999997
29,P92029,Atorvastatin_Tab 20mg,0212000B0AAABAB,1,-0.0029999999999998778
30,P92616,Atorvastatin_Tab 20mg,0212000B0AAABAB,1,-0.0029999999999998778
79,P92016,Atorvastatin_Tab 10mg,0212000B0AAAAAA,1,-0.002999999999999982
474,Y02274,Atorvastatin_Tab 80mg,0212000B0AAADAD,1,-0.003000000000000086
31,P92033,Atorvastatin_Tab 20mg,0212000B0AAABAB,1,-0.0033999999999999794
51,P92630,Memantine HCl_Tab 20mg,0411000G0AAADAD,1,-0.0035999999999999782
354,P92008,Hydrocort_Tab 10mg,0603020J0AAADAD,1,-0.0039999999999995595
99,P92647,Montelukast_Tab 10mg,0303020G0AAABAB,1,-0.003999999999999837
273,P92038,Paracet_Tab 500mg,0407010H0AAAMAM,1,-0.003999999999999976
272,Y00050,Paracet_Tab 500mg,0407010H0AAAMAM,2,-0.003999999999999976
274,P92646,Paracet_Tab 500mg,0407010H0AAAMAM,1,-0.003999999999999976
275,P92038,Paracet_Tab 500mg,0407010H0AAAMAM,1,-0.003999999999999976
271,Y00050,Paracet_Tab 500mg,0407010H0AAAMAM,2,-0.003999999999999976
270,P92646,Paracet_Tab 500mg,0407010H0AAAMAM,1,-0.003999999999999976
80,P92006,Atorvastatin_Tab 10mg,0212000B0AAAAAA,1,-0.004199999999999975
378,P92034,Atorvastatin_Tab 40mg,0212000B0AAACAC,1,-0.004199999999999995
276,P92012,Paracet_Tab 500mg,0407010H0AAAMAM,1,-0.004799999999999971
277,P92012,Paracet_Tab 500mg,0407010H0AAAMAM,1,-0.004799999999999971
278,Y05088,Paracet_Tab 500mg,0407010H0AAAMAM,1,-0.004799999999999999
279,Y05088,Paracet_Tab 500mg,0407010H0AAAMAM,1,-0.004799999999999999
285,Y02886,Paracet_Tab 500mg,0407010H0AAAMAM,1,-0.005599999999999966
280,Y05088,Paracet_Tab 500mg,0407010H0AAAMAM,1,-0.005599999999999966
282,P92004,Paracet_Tab 500mg,0407010H0AAAMAM,1,-0.005599999999999966
283,P92021,Paracet_Tab 500mg,0407010H0AAAMAM,1,-0.005599999999999966
284,Y02886,Paracet_Tab 500mg,0407010H0AAAMAM,1,-0.005599999999999966
286,P92021,Paracet_Tab 500mg,0407010H0AAAMAM,1,-0.005599999999999966
287,P92004,Paracet_Tab 500mg,0407010H0AAAMAM,1,-0.005599999999999966
281,Y05088,Paracet_Tab 500mg,0407010H0AAAMAM,1,-0.005599999999999966
476,P92034,Atorvastatin_Tab 80mg,0212000B0AAADAD,1,-0.005800000000000166
475,P92016,Atorvastatin_Tab 80mg,0212000B0AAADAD,1,-0.005800000000000166
32,P92008,Atorvastatin_Tab 20mg,0212000B0AAABAB,2,-0.0059999999999997555
379,P92012,Atorvastatin_Tab 40mg,0212000B0AAACAC,2,-0.0059999999999997555
477,P92004,Atorvastatin_Tab 80mg,0212000B0AAADAD,1,-0.006000000000000172
33,Y02885,Atorvastatin_Tab 20mg,0212000B0AAABAB,2,-0.006199999999999747
355,P92003,Hydrocort_Tab 10mg,0603020J0AAADAD,4,-0.00879999999999903
82,P92623,Atorvastatin_Tab 10mg,0212000B0AAAAAA,1,-0.008999999999999946
81,P92616,Atorvastatin_Tab 10mg,0212000B0AAAAAA,3,-0.008999999999999946
356,P92004,Hydrocort_Tab 10mg,0603020J0AAADAD,1,-0.011199999999998766
357,P92626,Hydrocort_Tab 10mg,0603020J0AAADAD,1,-0.011199999999998766
363,P92042,Hydrocort_Tab 10mg,0603020J0AAADAD,1,-0.011199999999998766
362,P92003,Hydrocort_Tab 10mg,0603020J0AAADAD,1,-0.011199999999998766
361,P92030,Hydrocort_Tab 10mg,0603020J0AAADAD,1,-0.011199999999998766
359,P92005,Hydrocort_Tab 10mg,0603020J0AAADAD,1,-0.011199999999998766
358,P92041,Hydrocort_Tab 10mg,0603020J0AAADAD,1,-0.011199999999998766
360,P92021,Hydrocort_Tab 10mg,0603020J0AAADAD,1,-0.011199999999998766
288,P92034,Paracet_Tab 500mg,0407010H0AAAMAM,2,-0.011199999999999932
299,P92029,Paracet_Tab 500mg,0407010H0AAAMAM,2,-0.011199999999999932
294,P92648,Paracet_Tab 500mg,0407010H0AAAMAM,2,-0.011199999999999932
301,P92014,Paracet_Tab 500mg,0407010H0AAAMAM,2,-0.011199999999999932
300,P92002,Paracet_Tab 500mg,0407010H0AAAMAM,2,-0.011199999999999932
298,P92029,Paracet_Tab 500mg,0407010H0AAAMAM,2,-0.011199999999999932
297,P92014,Paracet_Tab 500mg,0407010H0AAAMAM,2,-0.011199999999999932
296,P92635,Paracet_Tab 500mg,0407010H0AAAMAM,2,-0.011199999999999932
295,P92648,Paracet_Tab 500mg,0407010H0AAAMAM,2,-0.011199999999999932
293,P92041,Paracet_Tab 500mg,0407010H0AAAMAM,2,-0.011199999999999932
292,P92034,Paracet_Tab 500mg,0407010H0AAAMAM,2,-0.011199999999999932
291,P92635,Paracet_Tab 500mg,0407010H0AAAMAM,2,-0.011199999999999932
290,P92041,Paracet_Tab 500mg,0407010H0AAAMAM,2,-0.011199999999999932
289,P92002,Paracet_Tab 500mg,0407010H0AAAMAM,2,-0.011199999999999932
83,P92028,Atorvastatin_Tab 10mg,0212000B0AAAAAA,3,-0.011999999999999927
478,P92016,Atorvastatin_Tab 80mg,0212000B0AAADAD,4,-0.013199999999999878
303,P92016,Paracet_Tab 500mg,0407010H0AAAMAM,3,-0.0167999999999999
306,P92623,Paracet_Tab 500mg,0407010H0AAAMAM,3,-0.0167999999999999
305,P92006,Paracet_Tab 500mg,0407010H0AAAMAM,3,-0.0167999999999999
304,P92020,Paracet_Tab 500mg,0407010H0AAAMAM,3,-0.0167999999999999
308,P92006,Paracet_Tab 500mg,0407010H0AAAMAM,3,-0.0167999999999999
302,P92652,Paracet_Tab 500mg,0407010H0AAAMAM,3,-0.0167999999999999
311,P92652,Paracet_Tab 500mg,0407010H0AAAMAM,3,-0.0167999999999999
309,P92020,Paracet_Tab 500mg,0407010H0AAAMAM,3,-0.0167999999999999
310,P92623,Paracet_Tab 500mg,0407010H0AAAMAM,3,-0.0167999999999999
307,P92016,Paracet_Tab 500mg,0407010H0AAAMAM,3,-0.0167999999999999
479,P92016,Atorvastatin_Tab 80mg,0212000B0AAADAD,16,-0.017599999999999838
34,P92620,Atorvastatin_Tab 20mg,0212000B0AAABAB,6,-0.017999999999999267
314,Y04029,Paracet_Tab 500mg,0407010H0AAAMAM,4,-0.022399999999999864
315,P92017,Paracet_Tab 500mg,0407010H0AAAMAM,4,-0.022399999999999864
322,P92028,Paracet_Tab 500mg,0407010H0AAAMAM,4,-0.022399999999999864
312,P92028,Paracet_Tab 500mg,0407010H0AAAMAM,4,-0.022399999999999864
316,P92019,Paracet_Tab 500mg,0407010H0AAAMAM,4,-0.022399999999999864
313,P92010,Paracet_Tab 500mg,0407010H0AAAMAM,4,-0.022399999999999864
317,P92621,Paracet_Tab 500mg,0407010H0AAAMAM,4,-0.022399999999999864
318,P92019,Paracet_Tab 500mg,0407010H0AAAMAM,4,-0.022399999999999864
319,P92017,Paracet_Tab 500mg,0407010H0AAAMAM,4,-0.022399999999999864
320,Y04029,Paracet_Tab 500mg,0407010H0AAAMAM,4,-0.022399999999999864
321,P92010,Paracet_Tab 500mg,0407010H0AAAMAM,4,-0.022399999999999864
323,P92621,Paracet_Tab 500mg,0407010H0AAAMAM,4,-0.022399999999999864
480,P92021,Atorvastatin_Tab 80mg,0212000B0AAADAD,25,-0.027499999999999747
324,Y02378,Paracet_Tab 500mg,0407010H0AAAMAM,5,-0.02799999999999983
325,Y02378,Paracet_Tab 500mg,0407010H0AAAMAM,5,-0.02799999999999983
364,P92016,Hydrocort_Tab 10mg,0603020J0AAADAD,3,-0.0335999999999963
481,P92002,Atorvastatin_Tab 80mg,0212000B0AAADAD,35,-0.038499999999999646
326,P92011,Paracet_Tab 500mg,0407010H0AAAMAM,7,-0.03919999999999976
327,P92011,Paracet_Tab 500mg,0407010H0AAAMAM,7,-0.03919999999999976
328,P92012,Paracet_Tab 500mg,0407010H0AAAMAM,8,-0.04479999999999973
329,P92008,Paracet_Tab 500mg,0407010H0AAAMAM,8,-0.04479999999999973
330,Y02322,Paracet_Tab 500mg,0407010H0AAAMAM,8,-0.04479999999999973
331,P92008,Paracet_Tab 500mg,0407010H0AAAMAM,8,-0.04479999999999973
332,P92012,Paracet_Tab 500mg,0407010H0AAAMAM,8,-0.04479999999999973
333,Y02322,Paracet_Tab 500mg,0407010H0AAAMAM,8,-0.04479999999999973
335,P92007,Paracet_Tab 500mg,0407010H0AAAMAM,10,-0.05599999999999966
334,P92007,Paracet_Tab 500mg,0407010H0AAAMAM,10,-0.05599999999999966
336,P92607,Paracet_Tab 500mg,0407010H0AAAMAM,12,-0.0671999999999996
337,P92607,Paracet_Tab 500mg,0407010H0AAAMAM,12,-0.0671999999999996
338,P92003,Paracet_Tab 500mg,0407010H0AAAMAM,15,-0.08399999999999949
339,P92003,Paracet_Tab 500mg,0407010H0AAAMAM,15,-0.08399999999999949
482,P92031,Atorvastatin_Tab 80mg,0212000B0AAADAD,26,-0.14559999999999407
483,P92005,Atorvastatin_Tab 80mg,0212000B0AAADAD,15,-0.16799999999999898
340,P92034,Paracet_Tab 500mg,0407010H0AAAMAM,71,-0.7099999999999957
341,P92034,Paracet_Tab 500mg,0407010H0AAAMAM,71,-0.7099999999999957
343,Y02322,Paracet_Tab 500mg,0407010H0AAAMAM,80,-0.7999999999999952
342,Y02322,Paracet_Tab 500mg,0407010H0AAAMAM,80,-0.7999999999999952
344,P92035,Paracet_Tab 500mg,0407010H0AAAMAM,30,-1.199999999999998
345,P92035,Paracet_Tab 500mg,0407010H0AAAMAM,30,-1.199999999999998
346,P92016,Paracet_Tab 500mg,0407010H0AAAMAM,141,-2.819999999999983
347,P92016,Paracet_Tab 500mg,0407010H0AAAMAM,141,-2.819999999999983
348,Y02322,Paracet_Tab 500mg,0407010H0AAAMAM,28,-3.135999999999992
349,Y02322,Paracet_Tab 500mg,0407010H0AAAMAM,28,-3.135999999999992
351,P92016,Paracet_Tab 500mg,0407010H0AAAMAM,27,-4.233599999999996
350,P92016,Paracet_Tab 500mg,0407010H0AAAMAM,27,-4.233599999999996
