,practice_code,bnf_description,bnf_code,items,excess_cost
0,F81004,Lansoprazole_Cap 30mg (E/C Gran),0103050L0AAAAAA,2,0.011200000000000127
1,F81004,Letrozole_Tab 2.5mg,0803041L0AAAAAA,1,0.00420000000000012
2,F81004,Montelukast_Tab 10mg,0303020G0AAABAB,23,24.343200000000003
3,F81004,Paracet_Tab 500mg,0407010H0AAAMAM,6,0.0007999999999999952
4,F81009,Ferr Sulf_Tab 200mg,0901011P0AAACAC,10,-0.01230000000000081
5,F81009,Lansoprazole_Cap 30mg (E/C Gran),0103050L0AAAAAA,18,0.05040000000000057
6,F81009,Paracet_Tab 500mg,0407010H0AAAMAM,14,0.028799999999999826
7,F81009,Sevelamer_Tab 800mg,0905022S0AAABAB,1,-0.016800000000002813
8,F81015,Lansoprazole_Cap 30mg (E/C Gran),0103050L0AAAAAA,1,0.0040000000000000036
9,F81015,Paracet_Tab 500mg,0407010H0AAAMAM,12,-0.050399999999999695
10,F81016,Atorvastatin_Tab 20mg,0212000B0AAABAB,52,22.568
11,F81016,Atorvastatin_Tab 40mg,0212000B0AAACAC,48,22.310399999999994
12,F81016,Ferr Sulf_Tab 200mg,0901011P0AAACAC,18,21.153999999999996
13,F81016,Lansoprazole_Cap 30mg (E/C Gran),0103050L0AAAAAA,109,1.8536000000000057
14,F81016,Memantine HCl_Tab 20mg,0411000G0AAADAD,4,0.01959999999999998
15,F81016,Montelukast_Tab 10mg,0303020G0AAABAB,15,24.360000000000003
16,F81016,Paracet_Tab 500mg,0407010H0AAAMAM,50,10.013600000000006
17,F81027,Atorvastatin_Tab 20mg,0212000B0AAABAB,306,23.13360000000001
18,F81027,Atorvastatin_Tab 40mg,0212000B0AAACAC,509,66.98440000000004
19,F81027,Ferr Sulf_Tab 200mg,0901011P0AAACAC,1,0.017999999999999267
20,F81027,Lansoprazole_Cap 30mg (E/C Gran),0103050L0AAAAAA,274,26.94159999999999
21,F81027,Letrozole_Tab 2.5mg,0803041L0AAAAAA,19,-0.5320000000000005
22,F81027,Montelukast_Tab 10mg,0303020G0AAABAB,64,73.11359999999999
23,F81027,Paracet_Tab 500mg,0407010H0AAAMAM,256,19.785000000000053
24,F81034,Ferr Sulf_Tab 200mg,0901011P0AAACAC,12,0.03639999999999949
25,F81034,Lansoprazole_Cap 30mg (E/C Gran),0103050L0AAAAAA,12,0.03360000000000038
26,F81043,Aripiprazole_Tab 5mg,0402010ADAAADAD,3,-0.0014000000000002344
27,F81043,Atorvastatin_Tab 20mg,0212000B0AAABAB,1,-0.0033999999999999794
28,F81043,Atorvastatin_Tab 40mg,0212000B0AAACAC,248,44.951299999999996
29,F81043,Ferr Sulf_Tab 200mg,0901011P0AAACAC,34,14.181399999999998
30,F81043,Lansoprazole_Cap 30mg (E/C Gran),0103050L0AAAAAA,495,28.025199999999995
31,F81043,Letrozole_Tab 2.5mg,0803041L0AAAAAA,4,0.019600000000000173
32,F81043,Memantine HCl_Tab 20mg,0411000G0AAADAD,10,0.048999999999999946
33,F81043,Montelukast_Tab 10mg,0303020G0AAABAB,40,24.416000000000007
34,F81043,Paracet_Tab 500mg,0407010H0AAAMAM,338,20.09440000000004
35,F81047,Aripiprazole_Tab 5mg,0402010ADAAADAD,1,0.0020999999999997687
36,F81047,Atorvastatin_Tab 20mg,0212000B0AAABAB,2,0.003000000000000294
37,F81047,Atorvastatin_Tab 40mg,0212000B0AAACAC,192,22.33950000000001
38,F81047,Ferr Sulf_Tab 200mg,0901011P0AAACAC,2,21.1344
39,F81047,Lansoprazole_Cap 30mg (E/C Gran),0103050L0AAAAAA,19,0.07860000000000095
40,F81047,Montelukast_Tab 10mg,0303020G0AAABAB,29,24.360000000000003
41,F81047,Paracet_Tab 500mg,0407010H0AAAMAM,138,2.712000000000014
42,F81047,Sevelamer_Tab 800mg,0905022S0AAABAB,2,79.8
43,F81048,Ferr Sulf_Tab 200mg,0901011P0AAACAC,28,0.13359999999999786
44,F81048,Lansoprazole_Cap 30mg (E/C Gran),0103050L0AAAAAA,112,0.3674000000000043
45,F81048,Letrozole_Tab 2.5mg,0803041L0AAAAAA,4,0.019600000000000173
46,F81048,Memantine HCl_Tab 20mg,0411000G0AAADAD,13,0.06369999999999992
47,F81048,Paracet_Tab 500mg,0407010H0AAAMAM,50,-0.17919999999999892
48,F81048,Sevelamer_Tab 800mg,0905022S0AAABAB,4,-0.021000000000003516
49,F81049,Aripiprazole_Tab 5mg,0402010ADAAADAD,1,0.004199999999999926
50,F81049,Atorvastatin_Tab 20mg,0212000B0AAABAB,466,67.60880000000006
51,F81049,Atorvastatin_Tab 40mg,0212000B0AAACAC,253,1.4167999999999914
52,F81049,Ferr Sulf_Tab 200mg,0901011P0AAACAC,14,0.03919999999999976
53,F81049,Lansoprazole_Cap 30mg (E/C Gran),0103050L0AAAAAA,321,7.210000000000041
54,F81049,Letrozole_Tab 2.5mg,0803041L0AAAAAA,31,70.74199999999999
55,F81049,Memantine HCl_Tab 20mg,0411000G0AAADAD,19,57.05210000000001
56,F81049,Paracet_Tab 500mg,0407010H0AAAMAM,12,0.031999999999999806
57,F81053,Ferr Sulf_Tab 200mg,0901011P0AAACAC,1,0.011999999999999511
58,F81053,Lansoprazole_Cap 30mg (E/C Gran),0103050L0AAAAAA,24,0.08140000000000097
59,F81053,Paracet_Tab 500mg,0407010H0AAAMAM,22,-0.07719999999999953
60,F81056,Ferr Sulf_Tab 200mg,0901011P0AAACAC,5,0.027199999999999835
61,F81056,Lansoprazole_Cap 30mg (E/C Gran),0103050L0AAAAAA,90,0.25200000000000283
62,F81056,Memantine HCl_Tab 20mg,0411000G0AAADAD,8,0.03919999999999996
63,F81056,Paracet_Tab 500mg,0407010H0AAAMAM,34,-0.05719999999999967
64,F81062,Aripiprazole_Tab 5mg,0402010ADAAADAD,3,172.3764
65,F81062,Atorvastatin_Tab 20mg,0212000B0AAABAB,134,90.04800000000003
66,F81062,Ferr Sulf_Tab 200mg,0901011P0AAACAC,20,0.06999999999999929
67,F81062,Lansoprazole_Cap 30mg (E/C Gran),0103050L0AAAAAA,90,0.2550000000000029
68,F81062,Letrozole_Tab 2.5mg,0803041L0AAAAAA,4,0.019600000000000173
69,F81062,Memantine HCl_Tab 20mg,0411000G0AAADAD,17,127.8508
70,F81062,Paracet_Tab 500mg,0407010H0AAAMAM,58,-0.22799999999999862
71,F81072,Atorvastatin_Tab 20mg,0212000B0AAABAB,1,0.006000000000000172
72,F81072,Lansoprazole_Cap 30mg (E/C Gran),0103050L0AAAAAA,1,0.003000000000000086
73,F81072,Letrozole_Tab 2.5mg,0803041L0AAAAAA,6,71.2992
74,F81072,Paracet_Tab 500mg,0407010H0AAAMAM,132,25.449199999999994
75,F81078,Atorvastatin_Tab 20mg,0212000B0AAABAB,2,0.003000000000000294
76,F81078,Ferr Sulf_Tab 200mg,0901011P0AAACAC,1,0.011999999999999511
77,F81078,Lansoprazole_Cap 30mg (E/C Gran),0103050L0AAAAAA,127,2.918400000000001
78,F81078,Memantine HCl_Tab 20mg,0411000G0AAADAD,3,0.014699999999999984
79,F81078,Paracet_Tab 500mg,0407010H0AAAMAM,48,-0.17599999999999894
80,F81090,Ferr Sulf_Tab 200mg,0901011P0AAACAC,4,0.022399999999999864
81,F81090,Lansoprazole_Cap 30mg (E/C Gran),0103050L0AAAAAA,46,0.14950000000000177
82,F81090,Memantine HCl_Tab 20mg,0411000G0AAADAD,5,0.020999999999999977
83,F81090,Paracet_Tab 500mg,0407010H0AAAMAM,62,-0.24559999999999854
84,F81106,Atorvastatin_Tab 20mg,0212000B0AAABAB,177,22.797600000000035
85,F81106,Ferr Sulf_Tab 200mg,0901011P0AAACAC,9,0.02839999999999962
86,F81106,Lansoprazole_Cap 30mg (E/C Gran),0103050L0AAAAAA,224,5.953500000000024
87,F81106,Memantine HCl_Tab 20mg,0411000G0AAADAD,7,63.91839999999999
88,F81106,Paracet_Tab 500mg,0407010H0AAAMAM,86,2.427999999999999
89,F81106,Sevelamer_Tab 800mg,0905022S0AAABAB,1,-0.008400000000001406
90,F81111,Ferr Sulf_Tab 200mg,0901011P0AAACAC,10,0.04479999999999973
91,F81111,Lansoprazole_Cap 30mg (E/C Gran),0103050L0AAAAAA,26,0.08120000000000092
92,F81111,Letrozole_Tab 2.5mg,0803041L0AAAAAA,9,82.90799999999999
93,F81111,Memantine HCl_Tab 20mg,0411000G0AAADAD,7,0.03429999999999996
94,F81111,Paracet_Tab 500mg,0407010H0AAAMAM,28,0.01959999999999988
95,F81111,Sevelamer_Tab 800mg,0905022S0AAABAB,1,-0.02520000000000422
96,F81118,Aripiprazole_Tab 5mg,0402010ADAAADAD,5,-0.009100000000000552
97,F81118,Ferr Sulf_Tab 200mg,0901011P0AAACAC,8,0.030799999999999814
98,F81118,Lansoprazole_Cap 30mg (E/C Gran),0103050L0AAAAAA,101,0.4088000000000046
99,F81118,Memantine HCl_Tab 20mg,0411000G0AAADAD,9,0.04409999999999995
100,F81118,Paracet_Tab 500mg,0407010H0AAAMAM,44,0.05119999999999969
101,F81120,Atorvastatin_Tab 20mg,0212000B0AAABAB,229,90.40920000000001
102,F81120,Ferr Sulf_Tab 200mg,0901011P0AAACAC,9,0.01959999999999959
103,F81120,Lansoprazole_Cap 30mg (E/C Gran),0103050L0AAAAAA,401,9.173499999999997
104,F81120,Letrozole_Tab 2.5mg,0803041L0AAAAAA,5,0.024500000000000216
105,F81120,Memantine HCl_Tab 20mg,0411000G0AAADAD,5,63.896
106,F81120,Montelukast_Tab 10mg,0303020G0AAABAB,41,24.337600000000005
107,F81120,Paracet_Tab 500mg,0407010H0AAAMAM,84,6.221600000000006
108,F81131,Ferr Sulf_Tab 200mg,0901011P0AAACAC,14,0.03919999999999976
109,F81131,Lansoprazole_Cap 30mg (E/C Gran),0103050L0AAAAAA,44,0.12320000000000139
110,F81131,Letrozole_Tab 2.5mg,0803041L0AAAAAA,9,0.03480000000000022
111,F81131,Memantine HCl_Tab 20mg,0411000G0AAADAD,11,0.05249999999999994
112,F81131,Paracet_Tab 500mg,0407010H0AAAMAM,36,0.060399999999999635
113,F81136,Aripiprazole_Tab 5mg,0402010ADAAADAD,1,-0.6804000000000004
114,F81136,Atorvastatin_Tab 20mg,0212000B0AAABAB,121,0.3388000000000097
115,F81136,Ferr Sulf_Tab 200mg,0901011P0AAACAC,27,91.59989999999999
116,F81136,Lansoprazole_Cap 30mg (E/C Gran),0103050L0AAAAAA,32,0.09240000000000105
117,F81136,Letrozole_Tab 2.5mg,0803041L0AAAAAA,4,0.019600000000000173
118,F81136,Memantine HCl_Tab 20mg,0411000G0AAADAD,14,0.06859999999999992
119,F81136,Paracet_Tab 500mg,0407010H0AAAMAM,202,37.230800000000016
120,F81136,Sevelamer_Tab 800mg,0905022S0AAABAB,2,-0.016800000000002813
121,F81152,Atorvastatin_Tab 20mg,0212000B0AAABAB,147,45.79160000000007
122,F81152,Ferr Sulf_Tab 200mg,0901011P0AAACAC,3,21.1428
123,F81152,Lansoprazole_Cap 30mg (E/C Gran),0103050L0AAAAAA,142,91.7312
124,F81152,Letrozole_Tab 2.5mg,0803041L0AAAAAA,7,142.37439999999998
125,F81152,Paracet_Tab 500mg,0407010H0AAAMAM,274,56.88080000000005
126,F81165,Aripiprazole_Tab 5mg,0402010ADAAADAD,1,-0.00280000000000008
127,F81165,Lansoprazole_Cap 30mg (E/C Gran),0103050L0AAAAAA,12,0.03360000000000038
128,F81165,Memantine HCl_Tab 20mg,0411000G0AAADAD,11,0.05389999999999994
129,F81165,Paracet_Tab 500mg,0407010H0AAAMAM,12,6.000000000000005
130,F81169,Lansoprazole_Cap 30mg (E/C Gran),0103050L0AAAAAA,27,0.08680000000000099
131,F81169,Memantine HCl_Tab 20mg,0411000G0AAADAD,4,0.015399999999999983
132,F81169,Paracet_Tab 500mg,0407010H0AAAMAM,14,0.07359999999999955
133,F81181,Ferr Sulf_Tab 200mg,0901011P0AAACAC,13,28.176399999999997
134,F81181,Lansoprazole_Cap 30mg (E/C Gran),0103050L0AAAAAA,429,11.242000000000047
135,F81181,Letrozole_Tab 2.5mg,0803041L0AAAAAA,21,-0.24430000000000127
136,F81181,Montelukast_Tab 10mg,0303020G0AAABAB,31,48.781600000000005
137,F81181,Paracet_Tab 500mg,0407010H0AAAMAM,274,27.615999999999993
138,F81184,Lansoprazole_Cap 30mg (E/C Gran),0103050L0AAAAAA,2,0.008400000000000095
139,F81184,Montelukast_Tab 10mg,0303020G0AAABAB,7,24.382399999999997
140,F81184,Paracet_Tab 500mg,0407010H0AAAMAM,6,0.02959999999999982
141,F81195,Ferr Sulf_Tab 200mg,0901011P0AAACAC,6,75.48700000000001
142,F81195,Lansoprazole_Cap 30mg (E/C Gran),0103050L0AAAAAA,9,0.025200000000000285
143,F81195,Paracet_Tab 500mg,0407010H0AAAMAM,10,0.05999999999999964
144,F81216,Aripiprazole_Tab 5mg,0402010ADAAADAD,5,0.02099999999999963
145,F81216,Lansoprazole_Cap 30mg (E/C Gran),0103050L0AAAAAA,21,0.06720000000000076
146,F81216,Letrozole_Tab 2.5mg,0803041L0AAAAAA,4,0.019600000000000173
147,F81216,Memantine HCl_Tab 20mg,0411000G0AAADAD,9,127.8018
148,F81216,Montelukast_Tab 10mg,0303020G0AAABAB,10,73.136
149,F81216,Paracet_Tab 500mg,0407010H0AAAMAM,52,60.4488
150,F81216,Sevelamer_Tab 800mg,0905022S0AAABAB,3,-0.01260000000000211
151,F81619,Ferr Sulf_Tab 200mg,0901011P0AAACAC,5,0.02799999999999983
152,F81619,Lansoprazole_Cap 30mg (E/C Gran),0103050L0AAAAAA,95,1.9236000000000013
153,F81619,Paracet_Tab 500mg,0407010H0AAAMAM,52,0.06199999999999964
154,F81725,Aripiprazole_Tab 5mg,0402010ADAAADAD,1,86.1896
155,F81725,Atorvastatin_Tab 40mg,0212000B0AAACAC,102,22.276800000000005
156,F81725,Lansoprazole_Cap 30mg (E/C Gran),0103050L0AAAAAA,131,2.7408000000000077
157,F81725,Memantine HCl_Tab 20mg,0411000G0AAADAD,12,63.90579999999999
158,F81725,Paracet_Tab 500mg,0407010H0AAAMAM,84,11.643199999999995
159,F81725,Sevelamer_Tab 800mg,0905022S0AAABAB,1,128.25
160,F81749,Atorvastatin_Tab 20mg,0212000B0AAABAB,177,45.09960000000002
161,F81749,Atorvastatin_Tab 40mg,0212000B0AAACAC,168,66.92520000000002
162,F81749,Ferr Sulf_Tab 200mg,0901011P0AAACAC,5,0.035599999999998744
163,F81749,Lansoprazole_Cap 30mg (E/C Gran),0103050L0AAAAAA,293,9.04420000000001
164,F81749,Letrozole_Tab 2.5mg,0803041L0AAAAAA,17,-0.2856000000000016
165,F81749,Memantine HCl_Tab 20mg,0411000G0AAADAD,12,191.688
166,F81749,Montelukast_Tab 10mg,0303020G0AAABAB,45,24.318000000000005
167,F81749,Paracet_Tab 500mg,0407010H0AAAMAM,242,45.778400000000005
168,Y02801,Lansoprazole_Cap 30mg (E/C Gran),0103050L0AAAAAA,1,0.005600000000000063
169,Y05100,Lansoprazole_Cap 30mg (E/C Gran),0103050L0AAAAAA,1,0.0070000000000002005
