,practice_code,bnf_description,bnf_code,items,excess_cost
0,C81001,Clonazepam_Tab 500mcg,0408010F0AAABAB,6,3.401299999999993
1,C81001,Letrozole_Tab 2.5mg,0803041L0AAAAAA,17,169.17040000000003
2,C81001,Olanzapine_Tab 15mg,040201060AAALAL,3,0.014699999999999547
3,C81001,Paracet_Tab 500mg,0407010H0AAAMAM,846,93.52320000000005
4,C81001,Prednisolone_Tab Solb 5mg,0603020T0AABHBH,1,-0.0027999999999996916
5,C81002,Atorvastatin_Tab 20mg,0212000B0AAABAB,428,45.53920000000006
6,C81002,Clonazepam_Tab 500mcg,0408010F0AAABAB,10,5.243199999999989
7,C81002,Letrozole_Tab 2.5mg,0803041L0AAAAAA,4,0.019600000000000173
8,C81002,Paracet_Tab 500mg,0407010H0AAAMAM,1460,120.74560000000011
9,C81002,Pregabalin_Cap 100mg,0408010AEAAADAD,5,85.372
10,C81002,Pregabalin_Cap 75mg,0408010AEAAACAC,28,56.839999999999996
11,C81002,Zonisamide_Cap 100mg,0408010ADAAAAAA,4,0.02240000000000064
12,C81003,Clonazepam_Tab 500mcg,0408010F0AAABAB,9,6.327999999999987
13,C81003,Letrozole_Tab 2.5mg,0803041L0AAAAAA,1,-0.0024000000000000687
14,C81003,Paracet_Tab 500mg,0407010H0AAAMAM,28,0.00939999999999995
15,C81003,Paracet_Tab Solb 500mg,0407010H0AAAQAQ,4,-0.023999999999997357
16,C81003,Prednisolone_Tab Solb 5mg,0603020T0AABHBH,2,0.0
17,C81003,Pregabalin_Cap 75mg,0408010AEAAACAC,5,0.02799999999999983
18,C81012,Atorvastatin_Tab 20mg,0212000B0AAABAB,243,67.90000000000005
19,C81012,Clonazepam_Tab 500mcg,0408010F0AAABAB,20,12.701199999999975
20,C81012,Letrozole_Tab 2.5mg,0803041L0AAAAAA,4,0.019600000000000173
21,C81012,Olanzapine_Tab 15mg,040201060AAALAL,5,0.024499999999999245
22,C81012,Paracet_Tab 500mg,0407010H0AAAMAM,22,0.09799999999999942
23,C81012,Paracet_Tab Solb 500mg,0407010H0AAAQAQ,6,-0.035999999999996035
24,C81012,Prednisolone_Tab Solb 5mg,0603020T0AABHBH,1,-0.0039999999999995595
25,C81012,Pregabalin_Cap 75mg,0408010AEAAACAC,1,0.006799999999999251
26,C81012,Zonisamide_Cap 100mg,0408010ADAAAAAA,4,0.01120000000000032
27,C81013,Clonazepam_Tab 500mcg,0408010F0AAABAB,12,5.525699999999989
28,C81013,Paracet_Tab 500mg,0407010H0AAAMAM,138,10.208400000000008
29,C81013,Prednisolone_Tab Solb 5mg,0603020T0AABHBH,1,0.0035999999999996035
30,C81013,Pregabalin_Cap 100mg,0408010AEAAADAD,7,56.9184
31,C81013,Pregabalin_Cap 75mg,0408010AEAAACAC,4,0.022399999999999864
32,C81015,Atorvastatin_Tab 20mg,0212000B0AAABAB,104,45.427200000000006
33,C81015,Clonazepam_Tab 500mcg,0408010F0AAABAB,11,11.073999999999977
34,C81015,Letrozole_Tab 2.5mg,0803041L0AAAAAA,13,165.76559999999998
35,C81015,Olanzapine_Tab 15mg,040201060AAALAL,3,0.014699999999999547
36,C81015,Paracet_Tab 500mg,0407010H0AAAMAM,732,29.387199999999947
37,C81016,Clonazepam_Tab 500mcg,0408010F0AAABAB,5,1.898399999999996
38,C81016,Paracet_Tab 500mg,0407010H0AAAMAM,42,-0.04479999999999973
39,C81016,Pregabalin_Cap 75mg,0408010AEAAACAC,4,0.011199999999999932
40,C81016,Zonisamide_Cap 100mg,0408010ADAAAAAA,2,0.01679999999999815
41,C81025,Clonazepam_Tab 500mcg,0408010F0AAABAB,14,3.322199999999993
42,C81025,Paracet_Tab 500mg,0407010H0AAAMAM,30,-0.16799999999999898
43,C81025,Prednisolone_Tab Solb 5mg,0603020T0AABHBH,1,-0.0027999999999996916
44,C81025,Pregabalin_Cap 100mg,0408010AEAAADAD,4,0.019600000000000173
45,C81025,Zonisamide_Cap 100mg,0408010ADAAAAAA,1,0.008399999999999075
46,C81028,Clonazepam_Tab 500mcg,0408010F0AAABAB,13,6.395799999999987
47,C81028,Paracet_Tab 500mg,0407010H0AAAMAM,90,-0.4135999999999975
48,C81028,Prednisolone_Tab Solb 5mg,0603020T0AABHBH,1,0.0029999999999996696
49,C81030,Clonazepam_Tab 500mcg,0408010F0AAABAB,5,3.819399999999992
50,C81030,Letrozole_Tab 2.5mg,0803041L0AAAAAA,2,0.009800000000000086
51,C81030,Paracet_Tab 500mg,0407010H0AAAMAM,146,-0.4087999999999976
52,C81030,Paracet_Tab Solb 500mg,0407010H0AAAQAQ,8,0.03360000000000096
53,C81030,Prednisolone_Tab Solb 5mg,0603020T0AABHBH,4,134.26199999999997
54,C81030,Pregabalin_Cap 75mg,0408010AEAAACAC,6,0.0335999999999998
55,C81034,Clonazepam_Tab 500mcg,0408010F0AAABAB,15,4.66689999999999
56,C81034,Paracet_Tab 500mg,0407010H0AAAMAM,54,-0.12079999999999927
57,C81034,Paracet_Tab Solb 500mg,0407010H0AAAQAQ,4,-0.023999999999997357
58,C81034,Prednisolone_Tab Solb 5mg,0603020T0AABHBH,3,-0.012399999999998634
59,C81039,Atorvastatin_Tab 20mg,0212000B0AAABAB,96,0.5376000000000154
60,C81039,Paracet_Tab 500mg,0407010H0AAAMAM,44,0.1343999999999992
61,C81039,Prednisolone_Tab Solb 5mg,0603020T0AABHBH,1,-0.004799999999999471
62,C81041,Atorvastatin_Tab 20mg,0212000B0AAABAB,1,0.00360000000000002
63,C81041,Clonazepam_Tab 500mcg,0408010F0AAABAB,22,6.960799999999985
64,C81041,Letrozole_Tab 2.5mg,0803041L0AAAAAA,9,0.04410000000000039
65,C81041,Paracet_Tab 500mg,0407010H0AAAMAM,126,-0.4787999999999972
66,C81041,Paracet_Tab Solb 500mg,0407010H0AAAQAQ,6,147.0
67,C81041,Prednisolone_Tab Solb 5mg,0603020T0AABHBH,1,-0.0047999999999999154
68,C81041,Pregabalin_Cap 75mg,0408010AEAAACAC,4,0.022399999999999864
69,C81044,Clonazepam_Tab 500mcg,0408010F0AAABAB,16,11.235199999999978
70,C81044,Paracet_Tab 500mg,0407010H0AAAMAM,74,68.02680000000001
71,C81044,Paracet_Tab Solb 500mg,0407010H0AAAQAQ,2,0.009200000000000014
72,C81044,Prednisolone_Tab Solb 5mg,0603020T0AABHBH,1,0.0020999999999997687
73,C81044,Pregabalin_Cap 75mg,0408010AEAAACAC,3,0.0167999999999999
74,C81044,Zonisamide_Cap 100mg,0408010ADAAAAAA,2,87.2872
75,C81045,Clonazepam_Tab 500mcg,0408010F0AAABAB,18,12.780299999999974
76,C81045,Paracet_Tab 500mg,0407010H0AAAMAM,584,107.70640000000003
77,C81045,Prednisolone_Tab Solb 5mg,0603020T0AABHBH,2,0.0008999999999999009
78,C81045,Pregabalin_Cap 75mg,0408010AEAAACAC,6,0.030799999999999814
79,C81058,Atorvastatin_Tab 20mg,0212000B0AAABAB,3,-0.008999999999999633
80,C81058,Clonazepam_Tab 500mcg,0408010F0AAABAB,9,7.4353999999999845
81,C81058,Paracet_Tab 500mg,0407010H0AAAMAM,730,145.67359999999994
82,C81058,Zonisamide_Cap 100mg,0408010ADAAAAAA,2,0.01679999999999815
83,C81063,Atorvastatin_Tab 20mg,0212000B0AAABAB,1,-0.0013999999999999985
84,C81063,Clonazepam_Tab 500mcg,0408010F0AAABAB,11,3.796799999999992
85,C81063,Paracet_Tab 500mg,0407010H0AAAMAM,34,0.1151999999999993
86,C81063,Paracet_Tab Solb 500mg,0407010H0AAAQAQ,2,-0.011999999999998678
87,C81063,Prednisolone_Tab Solb 5mg,0603020T0AABHBH,4,-0.017199999999998106
88,C81065,Clonazepam_Tab 500mcg,0408010F0AAABAB,9,4.91559999999999
89,C81065,Olanzapine_Tab 15mg,040201060AAALAL,8,0.03919999999999879
90,C81065,Paracet_Tab 500mg,0407010H0AAAMAM,56,0.1291999999999992
91,C81065,Paracet_Tab Solb 500mg,0407010H0AAAQAQ,2,-0.011999999999998678
92,C81065,Zonisamide_Cap 100mg,0408010ADAAAAAA,3,-0.006299999999999306
93,C81067,Clonazepam_Tab 500mcg,0408010F0AAABAB,3,2.531199999999995
94,C81067,Paracet_Tab 500mg,0407010H0AAAMAM,24,40.1168
95,C81067,Zonisamide_Cap 100mg,0408010ADAAAAAA,1,199.472
96,C81070,Clonazepam_Tab 500mcg,0408010F0AAABAB,3,3.1639999999999935
97,C81070,Pregabalin_Cap 100mg,0408010AEAAADAD,1,28.4508
98,C81074,Clonazepam_Tab 500mcg,0408010F0AAABAB,5,3.1639999999999935
99,C81074,Paracet_Tab 500mg,0407010H0AAAMAM,68,-0.2967999999999982
100,C81074,Prednisolone_Tab Solb 5mg,0603020T0AABHBH,1,-0.0023999999999997357
101,C81074,Zonisamide_Cap 100mg,0408010ADAAAAAA,2,-0.0041999999999995374
102,C81076,Clonazepam_Tab 500mcg,0408010F0AAABAB,4,2.2147999999999954
103,C81076,Paracet_Tab 500mg,0407010H0AAAMAM,16,9.6544
104,C81076,Pregabalin_Cap 75mg,0408010AEAAACAC,1,0.005599999999999966
105,C81080,Clonazepam_Tab 500mcg,0408010F0AAABAB,10,2.295699999999996
106,C81080,Letrozole_Tab 2.5mg,0803041L0AAAAAA,15,0.07350000000000065
107,C81080,Olanzapine_Tab 15mg,040201060AAALAL,4,0.019599999999999396
108,C81080,Paracet_Tab 500mg,0407010H0AAAMAM,18,0.045599999999999724
109,C81080,Pregabalin_Cap 75mg,0408010AEAAACAC,4,0.011199999999999932
110,C81082,Clonazepam_Tab 500mcg,0408010F0AAABAB,2,0.949199999999998
111,C81082,Olanzapine_Tab 15mg,040201060AAALAL,4,0.019599999999999396
112,C81082,Paracet_Tab 500mg,0407010H0AAAMAM,28,-0.03919999999999976
113,C81084,Clonazepam_Tab 500mcg,0408010F0AAABAB,18,7.457999999999985
114,C81084,Letrozole_Tab 2.5mg,0803041L0AAAAAA,20,142.57600000000002
115,C81084,Olanzapine_Tab 15mg,040201060AAALAL,4,0.019599999999999396
116,C81084,Paracet_Tab 500mg,0407010H0AAAMAM,966,243.33480000000014
117,C81084,Prednisolone_Tab Solb 5mg,0603020T0AABHBH,1,0.004499999999999504
118,C81084,Pregabalin_Cap 75mg,0408010AEAAACAC,15,113.56799999999998
119,C81084,Zonisamide_Cap 100mg,0408010ADAAAAAA,2,0.00840000000000024
120,C81089,Clonazepam_Tab 500mcg,0408010F0AAABAB,2,0.949199999999998
121,C81089,Letrozole_Tab 2.5mg,0803041L0AAAAAA,3,0.01470000000000013
122,C81089,Paracet_Tab 500mg,0407010H0AAAMAM,46,-2.6343999999999994
123,C81091,Clonazepam_Tab 500mcg,0408010F0AAABAB,6,2.119599999999996
124,C81091,Paracet_Tab 500mg,0407010H0AAAMAM,458,11.946400000000063
125,C81091,Prednisolone_Tab Solb 5mg,0603020T0AABHBH,1,0.004499999999999504
126,C81091,Pregabalin_Cap 75mg,0408010AEAAACAC,3,0.0167999999999999
127,C81092,Clonazepam_Tab 500mcg,0408010F0AAABAB,3,1.7627999999999964
128,C81092,Paracet_Tab 500mg,0407010H0AAAMAM,26,-0.04759999999999971
129,C81092,Prednisolone_Tab Solb 5mg,0603020T0AABHBH,1,-0.0039999999999995595
130,C81101,Clonazepam_Tab 500mcg,0408010F0AAABAB,13,5.853399999999988
131,C81101,Letrozole_Tab 2.5mg,0803041L0AAAAAA,4,0.019600000000000173
132,C81101,Olanzapine_Tab 15mg,040201060AAALAL,3,205.926
133,C81101,Paracet_Tab 500mg,0407010H0AAAMAM,310,16.624400000000023
134,C81101,Prednisolone_Tab Solb 5mg,0603020T0AABHBH,4,-0.0029999999999996696
135,C81101,Pregabalin_Cap 100mg,0408010AEAAADAD,5,56.89600000000001
136,C81101,Pregabalin_Cap 75mg,0408010AEAAACAC,4,0.022399999999999864
137,C81101,Zonisamide_Cap 100mg,0408010ADAAAAAA,1,0.00560000000000016
138,C81611,Clonazepam_Tab 500mcg,0408010F0AAABAB,3,5.284399999999989
139,C81611,Paracet_Tab 500mg,0407010H0AAAMAM,10,-0.0327999999999998
140,C81634,Clonazepam_Tab 500mcg,0408010F0AAABAB,4,1.423799999999997
141,C81634,Paracet_Tab 500mg,0407010H0AAAMAM,30,0.12679999999999922
142,C81634,Zonisamide_Cap 100mg,0408010ADAAAAAA,1,0.008399999999999075
143,C81649,Clonazepam_Tab 500mcg,0408010F0AAABAB,15,7.411799999999986
144,C81649,Paracet_Tab 500mg,0407010H0AAAMAM,540,88.42560000000005
145,C81649,Prednisolone_Tab Solb 5mg,0603020T0AABHBH,2,-0.004799999999999471
146,C81649,Pregabalin_Cap 75mg,0408010AEAAACAC,9,56.750400000000006
147,C81649,Zonisamide_Cap 100mg,0408010ADAAAAAA,1,0.008399999999999075
148,C81662,Clonazepam_Tab 500mcg,0408010F0AAABAB,2,2.531199999999995
149,C81662,Paracet_Tab 500mg,0407010H0AAAMAM,404,168.86240000000006
150,C81662,Pregabalin_Cap 75mg,0408010AEAAACAC,1,0.005599999999999966
151,Y01897,Atorvastatin_Tab 20mg,0212000B0AAABAB,2,0.006000000000000033
152,Y01897,Paracet_Tab 500mg,0407010H0AAAMAM,4,-0.015199999999999908
153,Y01897,Paracet_Tab Solb 500mg,0407010H0AAAQAQ,2,-0.011999999999998678
154,Y01897,Prednisolone_Tab Solb 5mg,0603020T0AABHBH,4,-0.013199999999998546
155,Y01897,Pregabalin_Cap 75mg,0408010AEAAACAC,2,0.011199999999999932
156,Y04995,Clonazepam_Tab 500mcg,0408010F0AAABAB,32,12.768999999999973
157,Y04995,Letrozole_Tab 2.5mg,0803041L0AAAAAA,10,0.04900000000000043
158,Y04995,Paracet_Tab 500mg,0407010H0AAAMAM,54,0.21519999999999873
159,Y04995,Paracet_Tab Solb 500mg,0407010H0AAAQAQ,10,-0.05999999999999339
160,Y04995,Prednisolone_Tab Solb 5mg,0603020T0AABHBH,5,-0.015599999999998282
161,Y04995,Pregabalin_Cap 100mg,0408010AEAAADAD,3,0.01470000000000013
162,Y04995,Pregabalin_Cap 75mg,0408010AEAAACAC,13,0.0761999999999986
