,practice_code,bnf_description,bnf_code,items,excess_cost
0,H81006,Amiodarone HCl_Tab 200mg,0203020D0AAABAB,4,1.7500000000000016
1,H81006,Clonazepam_Tab 500mcg,0408010F0AAABAB,2,1.3107999999999973
2,H81006,Hydrocort_Tab 10mg,0603020J0AAADAD,1,-0.013999999999998458
3,H81006,Mesalazine_Tab E/C 400mg,0105010B0AAAAAA,1,8.556
4,H81010,Amiodarone HCl_Tab 200mg,0203020D0AAABAB,9,4.550000000000004
5,H81010,Clonazepam_Tab 500mcg,0408010F0AAABAB,20,8.904399999999981
6,H81010,Paracet_Tab Solb 500mg,0407010H0AAAQAQ,8,3.200000000000003
7,H81010,Phenytoin_Sod Tab 100mg,0408010Q0AAAGAG,1,79.59839999999998
8,H81010,Pyridox HCl_Tab 50mg,0906024N0AAAIAI,2,3.830400000000001
9,H81021,Amiodarone HCl_Tab 200mg,0203020D0AAABAB,10,5.250000000000004
10,H81021,Clonazepam_Tab 500mcg,0408010F0AAABAB,18,14.00069999999997
11,H81021,Mesalazine_Tab E/C 400mg,0105010B0AAAAAA,2,47.913599999999995
12,H81021,Mesalazine_Tab E/C 800mg,0105010B0AAASAS,1,17.219999999999995
13,H81021,Pyridox HCl_Tab 50mg,0906024N0AAAIAI,3,2.3940000000000006
14,H81021,Tetrabenazine_Tab 25mg,0409030C0AAAAAA,4,4.997999999999994
15,H81022,Amiodarone HCl_Tab 200mg,0203020D0AAABAB,5,1.7500000000000016
16,H81022,Clonazepam_Tab 500mcg,0408010F0AAABAB,13,2.372999999999995
17,H81022,Hydrocort_Tab 10mg,0603020J0AAADAD,2,55.775999999999996
18,H81026,Amiodarone HCl_Tab 200mg,0203020D0AAABAB,5,2.8000000000000025
19,H81026,Clonazepam_Tab 500mcg,0408010F0AAABAB,10,10.463799999999978
20,H81026,Hydrocort_Tab 10mg,0603020J0AAADAD,2,-0.025199999999997225
21,H81026,Mesalazine_Tab E/C 400mg,0105010B0AAAAAA,1,47.913599999999995
22,H81026,Mesalazine_Tab E/C 800mg,0105010B0AAASAS,2,-47.55999999999999
23,H81026,Paracet_Tab Solb 500mg,0407010H0AAAQAQ,4,-0.018399999999997974
24,H81026,Phenytoin_Sod Tab 100mg,0408010Q0AAAGAG,1,159.19679999999997
25,H81026,Pyridox HCl_Tab 50mg,0906024N0AAAIAI,1,0.9576000000000002
26,H81026,Tetrabenazine_Tab 25mg,0409030C0AAAAAA,1,1.9991999999999974
27,H81029,Amiodarone HCl_Tab 200mg,0203020D0AAABAB,1,0.3500000000000003
28,H81029,Clonazepam_Tab 500mcg,0408010F0AAABAB,10,4.971999999999991
29,H81029,Pyridox HCl_Tab 50mg,0906024N0AAAIAI,1,0.9576000000000002
30,H81029,Tetrabenazine_Tab 25mg,0409030C0AAAAAA,1,3.998399999999995
31,H81031,Amiodarone HCl_Tab 200mg,0203020D0AAABAB,6,1.0388000000000006
32,H81031,Clonazepam_Tab 500mcg,0408010F0AAABAB,9,6.079399999999987
33,H81031,Mesalazine_Tab E/C 800mg,0105010B0AAASAS,8,6.394884621840902e-14
34,H81031,Pyridox HCl_Tab 50mg,0906024N0AAAIAI,2,1.4364000000000003
35,H81035,Amiodarone HCl_Tab 200mg,0203020D0AAABAB,2,1.050000000000001
36,H81035,Clonazepam_Tab 500mcg,0408010F0AAABAB,9,3.7176999999999922
37,H81035,Hydrocort_Tab 10mg,0603020J0AAADAD,1,-0.013999999999998458
38,H81035,Mesalazine_Tab E/C 800mg,0105010B0AAASAS,1,73.79999999999998
39,H81043,Amiodarone HCl_Tab 200mg,0203020D0AAABAB,11,3.850000000000003
40,H81043,Clonazepam_Tab 500mcg,0408010F0AAABAB,16,7.530199999999985
41,H81043,Mesalazine_Tab E/C 400mg,0105010B0AAAAAA,1,7.985599999999999
42,H81043,Mesalazine_Tab E/C 800mg,0105010B0AAASAS,1,-11.479999999999997
43,H81043,Paracet_Tab Solb 500mg,0407010H0AAAQAQ,8,73.4672
44,H81044,Clonazepam_Tab 500mcg,0408010F0AAABAB,2,0.6553999999999987
45,H81052,Amiodarone HCl_Tab 200mg,0203020D0AAABAB,19,7.1680000000000055
46,H81052,Clonazepam_Tab 500mcg,0408010F0AAABAB,4,2.965599999999993
47,H81052,Mesalazine_Tab E/C 400mg,0105010B0AAAAAA,1,23.956799999999998
48,H81053,Amiodarone HCl_Tab 200mg,0203020D0AAABAB,4,2.450000000000002
49,H81053,Clonazepam_Tab 500mcg,0408010F0AAABAB,7,4.56519999999999
50,H81053,Mesalazine_Tab E/C 400mg,0105010B0AAAAAA,1,-17.112
51,H81053,Mesalazine_Tab E/C 800mg,0105010B0AAASAS,2,61.499999999999986
52,H81053,Pyridox HCl_Tab 50mg,0906024N0AAAIAI,1,0.4788000000000001
53,H81062,Amiodarone HCl_Tab 200mg,0203020D0AAABAB,20,5.938800000000005
54,H81062,Clonazepam_Tab 500mcg,0408010F0AAABAB,20,9.175599999999982
55,H81062,Hydrocort_Tab 10mg,0603020J0AAADAD,1,-0.007999999999999119
56,H81062,Phenytoin_Sod Tab 100mg,0408010Q0AAAGAG,2,139.29719999999998
57,H81062,Pyridox HCl_Tab 50mg,0906024N0AAAIAI,3,3.625200000000001
58,H81062,Tetrabenazine_Tab 25mg,0409030C0AAAAAA,1,3.998399999999995
59,H81064,Amiodarone HCl_Tab 200mg,0203020D0AAABAB,4,0.3388
60,H81064,Clonazepam_Tab 500mcg,0408010F0AAABAB,13,4.863999999999988
61,H81064,Pyridox HCl_Tab 50mg,0906024N0AAAIAI,3,3.830400000000001
62,H81076,Amiodarone HCl_Tab 200mg,0203020D0AAABAB,14,4.358200000000004
63,H81076,Clonazepam_Tab 500mcg,0408010F0AAABAB,23,16.378699999999967
64,H81076,Mesalazine_Tab E/C 400mg,0105010B0AAAAAA,2,-20.534399999999998
65,H81076,Paracet_Tab Solb 500mg,0407010H0AAAQAQ,6,-0.01119999999999699
66,H81076,Pyridox HCl_Tab 50mg,0906024N0AAAIAI,1,0.4788000000000001
67,H81076,Risperidone_Tab 6mg,040201030AAAFAF,1,58.4192
68,H81077,Amiodarone HCl_Tab 200mg,0203020D0AAABAB,16,2.151100000000001
69,H81077,Clonazepam_Tab 500mcg,0408010F0AAABAB,6,1.019899999999998
70,H81077,Hydrocort_Tab 10mg,0603020J0AAADAD,1,0.004499999999999504
71,H81077,Paracet_Tab Solb 500mg,0407010H0AAAQAQ,2,-0.011999999999998678
72,H81077,Pyridox HCl_Tab 50mg,0906024N0AAAIAI,1,1.4364000000000003
73,H81077,Risperidone_Tab 6mg,040201030AAAFAF,1,29.2096
74,H81084,Amiodarone HCl_Tab 200mg,0203020D0AAABAB,3,1.050000000000001
75,H81084,Clonazepam_Tab 500mcg,0408010F0AAABAB,2,2.1356999999999955
76,H81084,Mesalazine_Tab E/C 400mg,0105010B0AAAAAA,2,143.74079999999998
77,H81084,Tetrabenazine_Tab 25mg,0409030C0AAAAAA,1,5.997599999999992
78,H81085,Amiodarone HCl_Tab 200mg,0203020D0AAABAB,5,2.450000000000002
79,H81085,Clonazepam_Tab 500mcg,0408010F0AAABAB,1,1.2655999999999974
80,H81085,Mesalazine_Tab E/C 400mg,0105010B0AAAAAA,1,47.913599999999995
81,H81085,Mesalazine_Tab E/C 800mg,0105010B0AAASAS,1,22.959999999999994
82,H81085,Paracet_Tab Solb 500mg,0407010H0AAAQAQ,2,-0.011999999999998678
83,H81085,Tetrabenazine_Tab 25mg,0409030C0AAAAAA,1,2.998799999999996
84,H81090,Amiodarone HCl_Tab 200mg,0203020D0AAABAB,5,3.150000000000003
85,H81090,Mesalazine_Tab E/C 400mg,0105010B0AAAAAA,2,71.87039999999999
86,H81090,Mesalazine_Tab E/C 800mg,0105010B0AAASAS,1,22.959999999999994
87,H81132,Amiodarone HCl_Tab 200mg,0203020D0AAABAB,3,1.7500000000000016
88,H81132,Clonazepam_Tab 500mcg,0408010F0AAABAB,2,0.8700999999999982
89,H81132,Mesalazine_Tab E/C 400mg,0105010B0AAAAAA,1,25.667999999999996
90,H81132,Paracet_Tab Solb 500mg,0407010H0AAAQAQ,2,-0.011999999999998678
91,H81132,Pyridox HCl_Tab 50mg,0906024N0AAAIAI,1,1.0773000000000001
92,H81647,Pyridox HCl_Tab 50mg,0906024N0AAAIAI,1,0.4788000000000001
