,practice_code,bnf_description,bnf_code,items,excess_cost
0,F82002,Amiodarone HCl_Tab 200mg,0203020D0AAABAB,2,0.7000000000000006
1,F82002,Clonazepam_Tab 500mcg,0408010F0AAABAB,9,3.6611999999999925
2,F82002,Co-Codamol_Cap 8mg/500mg,0407010F0AAABAB,8,1.1648000000000132
3,F82002,Diltiazem HCl_Tab 60mg M/R,0206020C0AAAAAA,1,0.5040000000000004
4,F82006,Amiodarone HCl_Tab 200mg,0203020D0AAABAB,1,0.3500000000000003
5,F82006,Clonazepam_Tab 500mcg,0408010F0AAABAB,26,8.610599999999982
6,F82006,Co-Codamol_Cap 8mg/500mg,0407010F0AAABAB,2,0.6400000000000072
7,F82006,Diltiazem HCl_Tab 60mg M/R,0206020C0AAAAAA,3,0.9154000000000021
8,F82006,Risperidone_Tab 6mg,040201030AAAFAF,1,29.2096
9,F82006,Topiramate_Tab 200mg,040801050AAACAC,1,4.647999999999998
10,F82007,Clonazepam_Tab 500mcg,0408010F0AAABAB,20,6.898299999999988
11,F82007,Co-Codamol_Cap 8mg/500mg,0407010F0AAABAB,2,0.3200000000000036
12,F82007,Diltiazem HCl_Tab 60mg M/R,0206020C0AAAAAA,6,2.654000000000008
13,F82007,Pyridox HCl_Tab 50mg,0906024N0AAAIAI,3,0.6100000000000008
14,F82008,Amiodarone HCl_Tab 200mg,0203020D0AAABAB,2,0.7000000000000006
15,F82008,Clonazepam_Tab 500mcg,0408010F0AAABAB,13,10.282999999999978
16,F82008,Co-Codamol_Cap 8mg/500mg,0407010F0AAABAB,8,1.2800000000000145
17,F82008,Diltiazem HCl_Tab 60mg M/R,0206020C0AAAAAA,3,1.1554000000000015
18,F82008,Mesalazine_Tab E/C 400mg,0105010B0AAAAAA,1,23.956799999999998
19,F82008,Pyridox HCl_Tab 50mg,0906024N0AAAIAI,3,2.3940000000000006
20,F82009,Amiodarone HCl_Tab 200mg,0203020D0AAABAB,10,7.008400000000007
21,F82009,Clonazepam_Tab 500mcg,0408010F0AAABAB,22,10.12479999999998
22,F82009,Colecal_Cap 400u,0906040G0AABIBI,1,71.4196
23,F82009,Diltiazem HCl_Tab 60mg M/R,0206020C0AAAAAA,2,0.43120000000000147
24,F82009,Pyridox HCl_Tab 50mg,0906024N0AAAIAI,3,3.351600000000001
25,F82009,Topiramate_Tab 200mg,040801050AAACAC,1,2.3183999999999996
26,F82010,Amiodarone HCl_Tab 200mg,0203020D0AAABAB,4,2.450000000000002
27,F82010,Clonazepam_Tab 500mcg,0408010F0AAABAB,1,0.31639999999999935
28,F82010,Diltiazem HCl_Tab 60mg M/R,0206020C0AAAAAA,2,0.7746000000000016
29,F82011,Clonazepam_Tab 500mcg,0408010F0AAABAB,22,10.63619999999998
30,F82011,Co-Codamol_Cap 8mg/500mg,0407010F0AAABAB,14,2.304000000000026
31,F82011,Pyridox HCl_Tab 50mg,0906024N0AAAIAI,9,5.811200000000001
32,F82013,Amiodarone HCl_Tab 200mg,0203020D0AAABAB,6,1.7388000000000012
33,F82013,Clonazepam_Tab 500mcg,0408010F0AAABAB,23,10.118499999999978
34,F82013,Co-Codamol_Cap 8mg/500mg,0407010F0AAABAB,6,0.9600000000000108
35,F82013,Diltiazem HCl_Tab 60mg M/R,0206020C0AAAAAA,6,0.607600000000003
36,F82013,Phenytoin_Sod Tab 100mg,0408010Q0AAAGAG,4,0.025199999999997225
37,F82013,Pyridox HCl_Tab 50mg,0906024N0AAAIAI,2,1.9152000000000005
38,F82014,Amiodarone HCl_Tab 200mg,0203020D0AAABAB,3,0.7084000000000005
39,F82014,Clonazepam_Tab 500mcg,0408010F0AAABAB,7,3.480399999999993
40,F82014,Co-Codamol_Cap 8mg/500mg,0407010F0AAABAB,8,1.2800000000000145
41,F82014,Diltiazem HCl_Tab 60mg M/R,0206020C0AAAAAA,1,0.36960000000000126
42,F82014,Pyridox HCl_Tab 50mg,0906024N0AAAIAI,2,1.9152000000000005
43,F82016,Amiodarone HCl_Tab 200mg,0203020D0AAABAB,1,0.3500000000000003
44,F82016,Clonazepam_Tab 500mcg,0408010F0AAABAB,7,4.519999999999991
45,F82016,Co-Codamol_Cap 8mg/500mg,0407010F0AAABAB,2,0.3200000000000036
46,F82016,Colecal_Cap 400u,0906040G0AABIBI,1,-0.006000000000000172
47,F82016,Diltiazem HCl_Tab 60mg M/R,0206020C0AAAAAA,5,1.7248000000000059
48,F82019,Amiodarone HCl_Tab 200mg,0203020D0AAABAB,1,0.7000000000000006
49,F82019,Clonazepam_Tab 500mcg,0408010F0AAABAB,1,1.1299999999999977
50,F82019,Co-Codamol_Cap 8mg/500mg,0407010F0AAABAB,2,0.3200000000000036
51,F82019,Diltiazem HCl_Tab 60mg M/R,0206020C0AAAAAA,4,0.23520000000000207
52,F82019,Pyridox HCl_Tab 50mg,0906024N0AAAIAI,2,1.9152000000000005
53,F82021,Amiodarone HCl_Tab 200mg,0203020D0AAABAB,4,1.4000000000000012
54,F82021,Clonazepam_Tab 500mcg,0408010F0AAABAB,16,6.452299999999987
55,F82021,Diltiazem HCl_Tab 60mg M/R,0206020C0AAAAAA,6,2.2176000000000076
56,F82021,Pyridox HCl_Tab 50mg,0906024N0AAAIAI,1,0.23940000000000006
57,F82022,Amiodarone HCl_Tab 200mg,0203020D0AAABAB,2,1.050000000000001
58,F82022,Clonazepam_Tab 500mcg,0408010F0AAABAB,13,7.774399999999984
59,F82022,Co-Codamol_Cap 8mg/500mg,0407010F0AAABAB,6,0.9600000000000108
60,F82022,Diltiazem HCl_Tab 60mg M/R,0206020C0AAAAAA,16,2.48360000000001
61,F82022,Pyridox HCl_Tab 50mg,0906024N0AAAIAI,2,2.3940000000000006
62,F82023,Clonazepam_Tab 500mcg,0408010F0AAABAB,4,3.6159999999999926
63,F82023,Diltiazem HCl_Tab 60mg M/R,0206020C0AAAAAA,3,1.2150000000000012
64,F82023,Topiramate_Tab 200mg,040801050AAACAC,1,2.489999999999999
65,F82028,Amiodarone HCl_Tab 200mg,0203020D0AAABAB,9,1.8026000000000009
66,F82028,Clonazepam_Tab 500mcg,0408010F0AAABAB,19,4.180999999999992
67,F82028,Co-Codamol_Cap 8mg/500mg,0407010F0AAABAB,14,2.560000000000029
68,F82028,Diltiazem HCl_Tab 60mg M/R,0206020C0AAAAAA,1,0.24640000000000084
69,F82028,Pyridox HCl_Tab 50mg,0906024N0AAAIAI,1,0.9576000000000002
70,F82028,Topiramate_Tab 200mg,040801050AAACAC,12,6.921600000000002
71,F82030,Amiodarone HCl_Tab 200mg,0203020D0AAABAB,1,0.7000000000000006
72,F82030,Clonazepam_Tab 500mcg,0408010F0AAABAB,10,4.0950999999999915
73,F82030,Co-Codamol_Cap 8mg/500mg,0407010F0AAABAB,2,0.10799999999999976
74,F82030,Mesalazine_Tab E/C 400mg,0105010B0AAAAAA,6,47.980799999999995
75,F82030,Pyridox HCl_Tab 50mg,0906024N0AAAIAI,1,0.23940000000000006
76,F82031,Amiodarone HCl_Tab 200mg,0203020D0AAABAB,2,1.4000000000000012
77,F82031,Clonazepam_Tab 500mcg,0408010F0AAABAB,10,1.423799999999997
78,F82031,Co-Codamol_Cap 8mg/500mg,0407010F0AAABAB,6,0.9600000000000108
79,F82031,Colecal_Cap 400u,0906040G0AABIBI,1,0.004199999999999926
80,F82031,Diltiazem HCl_Tab 60mg M/R,0206020C0AAAAAA,3,1.894600000000004
81,F82033,Amiodarone HCl_Tab 200mg,0203020D0AAABAB,1,0.7500000000000007
82,F82033,Clonazepam_Tab 500mcg,0408010F0AAABAB,2,0.6553999999999987
83,F82033,Pyridox HCl_Tab 50mg,0906024N0AAAIAI,1,0.4788000000000001
84,F82033,Topiramate_Tab 200mg,040801050AAACAC,1,3.4859999999999984
85,F82039,Clonazepam_Tab 500mcg,0408010F0AAABAB,3,0.949199999999998
86,F82039,Co-Codamol_Cap 8mg/500mg,0407010F0AAABAB,2,0.3200000000000036
87,F82045,Amiodarone HCl_Tab 200mg,0203020D0AAABAB,1,0.3500000000000003
88,F82045,Clonazepam_Tab 500mcg,0408010F0AAABAB,3,0.949199999999998
89,F82045,Diltiazem HCl_Tab 60mg M/R,0206020C0AAAAAA,3,0.43120000000000147
90,F82045,Pyridox HCl_Tab 50mg,0906024N0AAAIAI,8,8.857800000000001
91,F82053,Amiodarone HCl_Tab 200mg,0203020D0AAABAB,1,0.7000000000000006
92,F82053,Clonazepam_Tab 500mcg,0408010F0AAABAB,1,1.898399999999996
93,F82053,Diltiazem HCl_Tab 60mg M/R,0206020C0AAAAAA,2,0.9090000000000008
94,F82053,Pyridox HCl_Tab 50mg,0906024N0AAAIAI,4,0.4788000000000001
95,F82053,Topiramate_Tab 200mg,040801050AAACAC,1,4.979999999999998
96,F82055,Amiodarone HCl_Tab 200mg,0203020D0AAABAB,1,0.7000000000000006
97,F82055,Clonazepam_Tab 500mcg,0408010F0AAABAB,8,3.887199999999992
98,F82055,Diltiazem HCl_Tab 60mg M/R,0206020C0AAAAAA,1,0.36960000000000126
99,F82055,Mesalazine_Tab E/C 400mg,0105010B0AAAAAA,1,7.985599999999999
100,F82607,Clonazepam_Tab 500mcg,0408010F0AAABAB,2,1.3559999999999972
101,F82607,Co-Codamol_Cap 8mg/500mg,0407010F0AAABAB,4,0.6400000000000072
102,F82607,Diltiazem HCl_Tab 60mg M/R,0206020C0AAAAAA,1,0.36960000000000126
103,F82607,Topiramate_Tab 200mg,040801050AAACAC,1,2.489999999999999
104,F82609,Clonazepam_Tab 500mcg,0408010F0AAABAB,1,0.6327999999999987
105,F82609,Pyridox HCl_Tab 50mg,0906024N0AAAIAI,1,2.8728000000000007
106,F82609,Topiramate_Tab 200mg,040801050AAACAC,1,4.979999999999998
107,F82610,Co-Codamol_Cap 8mg/500mg,0407010F0AAABAB,2,0.3200000000000036
108,F82614,Amiodarone HCl_Tab 200mg,0203020D0AAABAB,4,0.3388
109,F82614,Clonazepam_Tab 500mcg,0408010F0AAABAB,2,0.6327999999999987
110,F82614,Co-Codamol_Cap 8mg/500mg,0407010F0AAABAB,4,0.6400000000000072
111,F82614,Diltiazem HCl_Tab 60mg M/R,0206020C0AAAAAA,4,0.23520000000000207
112,F82619,Amiodarone HCl_Tab 200mg,0203020D0AAABAB,2,0.7000000000000006
113,F82624,Clonazepam_Tab 500mcg,0408010F0AAABAB,2,1.5819999999999967
114,F82627,Clonazepam_Tab 500mcg,0408010F0AAABAB,6,1.5819999999999967
115,F82627,Co-Codamol_Cap 8mg/500mg,0407010F0AAABAB,6,0.9600000000000108
116,F82627,Mesalazine_Tab E/C 400mg,0105010B0AAAAAA,2,-7.985599999999998
117,F82630,Clonazepam_Tab 500mcg,0408010F0AAABAB,7,10.12479999999998
118,F82630,Pyridox HCl_Tab 50mg,0906024N0AAAIAI,1,0.4788000000000001
119,F82638,Clonazepam_Tab 500mcg,0408010F0AAABAB,1,0.15819999999999967
120,F82638,Co-Codamol_Cap 8mg/500mg,0407010F0AAABAB,4,0.38400000000000434
121,F82639,Amiodarone HCl_Tab 200mg,0203020D0AAABAB,1,0.37200000000000066
122,F82639,Clonazepam_Tab 500mcg,0408010F0AAABAB,10,2.0526999999999966
123,F82639,Mesalazine_Tab E/C 400mg,0105010B0AAAAAA,1,23.956799999999998
124,F82648,Clonazepam_Tab 500mcg,0408010F0AAABAB,1,1.1299999999999977
125,F82649,Amiodarone HCl_Tab 200mg,0203020D0AAABAB,4,1.772000000000002
126,F82649,Clonazepam_Tab 500mcg,0408010F0AAABAB,4,1.2655999999999974
127,F82649,Co-Codamol_Cap 8mg/500mg,0407010F0AAABAB,10,1.8176000000000205
128,F82649,Diltiazem HCl_Tab 60mg M/R,0206020C0AAAAAA,2,0.8508000000000032
129,F82649,Mesalazine_Tab E/C 400mg,0105010B0AAAAAA,1,71.87039999999999
130,F82653,Clonazepam_Tab 500mcg,0408010F0AAABAB,3,0.49039999999999934
131,F82653,Co-Codamol_Cap 8mg/500mg,0407010F0AAABAB,2,0.3200000000000036
132,F82653,Diltiazem HCl_Tab 60mg M/R,0206020C0AAAAAA,1,0.36960000000000126
133,F82663,Clonazepam_Tab 500mcg,0408010F0AAABAB,2,1.7627999999999964
134,F82663,Co-Codamol_Cap 8mg/500mg,0407010F0AAABAB,4,0.8576000000000097
135,F82663,Pyridox HCl_Tab 50mg,0906024N0AAAIAI,1,1.4364000000000003
136,F82663,Risperidone_Tab 6mg,040201030AAAFAF,1,29.2096
137,F82666,Clonazepam_Tab 500mcg,0408010F0AAABAB,21,4.5455999999999905
138,F82666,Co-Codamol_Cap 8mg/500mg,0407010F0AAABAB,2,0.4800000000000054
139,F82666,Pyridox HCl_Tab 50mg,0906024N0AAAIAI,1,0.9576000000000002
140,F82670,Clonazepam_Tab 500mcg,0408010F0AAABAB,2,0.6327999999999987
141,F82671,Amiodarone HCl_Tab 200mg,0203020D0AAABAB,4,0.8876000000000006
142,F82671,Clonazepam_Tab 500mcg,0408010F0AAABAB,6,2.2147999999999954
143,F82671,Co-Codamol_Cap 8mg/500mg,0407010F0AAABAB,2,0.3200000000000036
144,F82671,Diltiazem HCl_Tab 60mg M/R,0206020C0AAAAAA,1,0.24640000000000084
145,F82671,Pyridox HCl_Tab 50mg,0906024N0AAAIAI,6,3.3858000000000006
146,F82674,Amiodarone HCl_Tab 200mg,0203020D0AAABAB,2,0.7000000000000006
147,F82674,Clonazepam_Tab 500mcg,0408010F0AAABAB,4,1.7401999999999964
148,F82674,Phenytoin_Sod Tab 100mg,0408010Q0AAAGAG,4,59.69879999999999
149,F82675,Clonazepam_Tab 500mcg,0408010F0AAABAB,2,0.949199999999998
150,F82675,Co-Codamol_Cap 8mg/500mg,0407010F0AAABAB,2,0.3200000000000036
151,F82675,Pyridox HCl_Tab 50mg,0906024N0AAAIAI,1,2.8728000000000007
152,F82686,Clonazepam_Tab 500mcg,0408010F0AAABAB,1,0.3389999999999993
153,F82686,Colecal_Cap 400u,0906040G0AABIBI,6,-0.01680000000000048
154,F82686,Diltiazem HCl_Tab 60mg M/R,0206020C0AAAAAA,1,0.24640000000000084
155,F82686,Phenytoin_Sod Tab 100mg,0408010Q0AAAGAG,4,0.025199999999997225
156,F82686,Pyridox HCl_Tab 50mg,0906024N0AAAIAI,1,0.4788000000000001
157,Y00312,Diltiazem HCl_Tab 60mg M/R,0206020C0AAAAAA,1,0.24640000000000084
158,Y02523,Clonazepam_Tab 500mcg,0408010F0AAABAB,1,0.03689999999999993
159,Y02523,Co-Codamol_Cap 8mg/500mg,0407010F0AAABAB,2,0.10240000000000116
160,Y02973,Amiodarone HCl_Tab 200mg,0203020D0AAABAB,2,0.7000000000000006
161,Y02973,Clonazepam_Tab 500mcg,0408010F0AAABAB,2,1.5819999999999967
162,Y02973,Co-Codamol_Cap 8mg/500mg,0407010F0AAABAB,2,0.1700000000000007
163,Y02973,Mesalazine_Tab E/C 400mg,0105010B0AAAAAA,1,-31.942399999999996
