,practice_code,bnf_description,bnf_code,items,excess_cost
0,E83003,Amiodarone HCl_Tab 200mg,0203020D0AAABAB,4,0.3388
1,E83003,Clonazepam_Tab 500mcg,0408010F0AAABAB,15,5.06239999999999
2,E83003,Mesalazine_Tab E/C 400mg,0105010B0AAAAAA,1,7.985599999999999
3,E83003,Pyridox HCl_Tab 50mg,0906024N0AAAIAI,1,2.8728000000000007
4,E83005,Amiodarone HCl_Tab 200mg,0203020D0AAABAB,1,0.7000000000000006
5,E83005,Clonazepam_Tab 500mcg,0408010F0AAABAB,7,1.898399999999996
6,E83005,Mesalazine_Tab E/C 400mg,0105010B0AAAAAA,2,17.088
7,E83005,Phenytoin_Sod Tab 100mg,0408010Q0AAAGAG,9,0.04409999999999864
8,E83005,Risperidone_Tab 6mg,040201030AAAFAF,1,29.2096
9,E83006,Amiodarone HCl_Tab 200mg,0203020D0AAABAB,2,0.7000000000000006
10,E83006,Clonazepam_Tab 500mcg,0408010F0AAABAB,3,3.932399999999992
11,E83006,Mesalazine_Tab E/C 400mg,0105010B0AAAAAA,1,74.15199999999999
12,E83007,Clonazepam_Tab 500mcg,0408010F0AAABAB,6,1.920999999999996
13,E83007,Tiotropium_Pdr For Inh Cap 18mcg,0301020Q0AAABAB,1,-0.007999999999999119
14,E83008,Amiodarone HCl_Tab 200mg,0203020D0AAABAB,2,0.7000000000000006
15,E83008,Clonazepam_Tab 500mcg,0408010F0AAABAB,17,5.42859999999999
16,E83008,Mesalazine_Tab E/C 800mg,0105010B0AAASAS,1,-45.91999999999999
17,E83008,Pyridox HCl_Tab 50mg,0906024N0AAAIAI,1,2.8728000000000007
18,E83009,Amiodarone HCl_Tab 200mg,0203020D0AAABAB,3,2.450000000000002
19,E83009,Clonazepam_Tab 500mcg,0408010F0AAABAB,13,7.096399999999985
20,E83010,Amiodarone HCl_Tab 200mg,0203020D0AAABAB,5,2.100000000000002
21,E83010,Amlodipine_Tab 10mg,0206020A0AAABAB,3,26.6112
22,E83010,Clonazepam_Tab 500mcg,0408010F0AAABAB,10,7.096399999999986
23,E83010,Pyridox HCl_Tab 50mg,0906024N0AAAIAI,1,0.9576000000000002
24,E83011,Amiodarone HCl_Tab 200mg,0203020D0AAABAB,5,1.7500000000000016
25,E83011,Clonazepam_Tab 500mcg,0408010F0AAABAB,5,1.6271999999999966
26,E83011,Mesalazine_Tab E/C 400mg,0105010B0AAAAAA,1,-17.112
27,E83011,Phenytoin_Sod Tab 100mg,0408010Q0AAAGAG,3,0.01889999999999792
28,E83012,Amiodarone HCl_Tab 200mg,0203020D0AAABAB,2,1.050000000000001
29,E83012,Clonazepam_Tab 500mcg,0408010F0AAABAB,9,6.910799999999986
30,E83013,Amiodarone HCl_Tab 200mg,0203020D0AAABAB,2,0.7000000000000006
31,E83013,Clonazepam_Tab 500mcg,0408010F0AAABAB,3,3.0283999999999938
32,E83013,Phenytoin_Sod Tab 100mg,0408010Q0AAAGAG,1,0.011999999999998678
33,E83016,Amiodarone HCl_Tab 200mg,0203020D0AAABAB,5,2.8000000000000025
34,E83016,Clonazepam_Tab 500mcg,0408010F0AAABAB,15,4.5470999999999915
35,E83016,Mesalazine_Tab E/C 400mg,0105010B0AAAAAA,2,35.935199999999995
36,E83016,Mesalazine_Tab E/C 800mg,0105010B0AAASAS,1,-11.479999999999997
37,E83016,Pyridox HCl_Tab 50mg,0906024N0AAAIAI,2,0.9576000000000002
38,E83017,Amiodarone HCl_Tab 200mg,0203020D0AAABAB,5,2.100000000000002
39,E83017,Clonazepam_Tab 500mcg,0408010F0AAABAB,7,4.949399999999991
40,E83017,Pyridox HCl_Tab 50mg,0906024N0AAAIAI,2,0.9576000000000002
41,E83017,Tiotropium_Pdr For Inh Cap 18mcg,0301020Q0AAABAB,3,0.008999999999999009
42,E83018,Amiodarone HCl_Tab 200mg,0203020D0AAABAB,4,1.7500000000000016
43,E83018,Clonazepam_Tab 500mcg,0408010F0AAABAB,20,7.092399999999985
44,E83018,Mesalazine_Tab E/C 400mg,0105010B0AAAAAA,1,-34.224
45,E83018,Pyridox HCl_Tab 50mg,0906024N0AAAIAI,1,1.4364000000000003
46,E83020,Amiodarone HCl_Tab 200mg,0203020D0AAABAB,1,0.3500000000000003
47,E83020,Clonazepam_Tab 500mcg,0408010F0AAABAB,3,2.5335999999999945
48,E83020,Pyridox HCl_Tab 50mg,0906024N0AAAIAI,8,0.17120000000000068
49,E83020,Tiotropium_Pdr For Inh Cap 18mcg,0301020Q0AAABAB,1,-0.010999999999998789
50,E83021,Amiodarone HCl_Tab 200mg,0203020D0AAABAB,7,2.0888000000000018
51,E83021,Clonazepam_Tab 500mcg,0408010F0AAABAB,10,8.734899999999982
52,E83021,Mesalazine_Tab E/C 400mg,0105010B0AAAAAA,6,-13.737599999999993
53,E83024,Clonazepam_Tab 500mcg,0408010F0AAABAB,3,1.423799999999997
54,E83025,Amiodarone HCl_Tab 200mg,0203020D0AAABAB,4,2.450000000000002
55,E83025,Clonazepam_Tab 500mcg,0408010F0AAABAB,14,4.452199999999991
56,E83025,Mesalazine_Tab E/C 400mg,0105010B0AAAAAA,6,23.956799999999998
57,E83025,Mesalazine_Tab E/C 800mg,0105010B0AAASAS,2,73.79999999999998
58,E83025,Phenytoin_Sod Tab 100mg,0408010Q0AAAGAG,4,0.019599999999999396
59,E83025,Pyridox HCl_Tab 50mg,0906024N0AAAIAI,1,0.9576000000000002
60,E83026,Amiodarone HCl_Tab 200mg,0203020D0AAABAB,2,1.050000000000001
61,E83026,Clonazepam_Tab 500mcg,0408010F0AAABAB,9,5.582199999999989
62,E83026,Mesalazine_Tab E/C 400mg,0105010B0AAAAAA,1,-15.971199999999998
63,E83027,Amiodarone HCl_Tab 200mg,0203020D0AAABAB,19,2.755200000000001
64,E83027,Clonazepam_Tab 500mcg,0408010F0AAABAB,25,9.141799999999982
65,E83027,Pyridox HCl_Tab 50mg,0906024N0AAAIAI,2,0.6204000000000005
66,E83028,Amiodarone HCl_Tab 200mg,0203020D0AAABAB,2,1.050000000000001
67,E83028,Clonazepam_Tab 500mcg,0408010F0AAABAB,11,5.01719999999999
68,E83028,Pyridox HCl_Tab 50mg,0906024N0AAAIAI,5,2.3940000000000006
69,E83030,Amiodarone HCl_Tab 200mg,0203020D0AAABAB,2,1.050000000000001
70,E83030,Clonazepam_Tab 500mcg,0408010F0AAABAB,11,7.631999999999985
71,E83031,Amiodarone HCl_Tab 200mg,0203020D0AAABAB,4,2.450000000000002
72,E83031,Clonazepam_Tab 500mcg,0408010F0AAABAB,2,1.7401999999999964
73,E83032,Amiodarone HCl_Tab 200mg,0203020D0AAABAB,4,0.3388
74,E83032,Clonazepam_Tab 500mcg,0408010F0AAABAB,23,6.751199999999986
75,E83032,Mesalazine_Tab E/C 400mg,0105010B0AAAAAA,2,5.997600000000003
76,E83032,Pyridox HCl_Tab 50mg,0906024N0AAAIAI,6,0.6860000000000008
77,E83032,Risperidone_Tab 6mg,040201030AAAFAF,1,58.4192
78,E83034,Amiodarone HCl_Tab 200mg,0203020D0AAABAB,2,0.7000000000000006
79,E83034,Clonazepam_Tab 500mcg,0408010F0AAABAB,17,7.435399999999985
80,E83035,Clonazepam_Tab 500mcg,0408010F0AAABAB,4,2.3011999999999957
81,E83035,Mesalazine_Tab E/C 400mg,0105010B0AAAAAA,2,-47.913599999999995
82,E83035,Pyridox HCl_Tab 50mg,0906024N0AAAIAI,1,0.9576000000000002
83,E83036,Clonazepam_Tab 500mcg,0408010F0AAABAB,14,7.207599999999986
84,E83037,Amiodarone HCl_Tab 200mg,0203020D0AAABAB,3,1.7500000000000016
85,E83037,Clonazepam_Tab 500mcg,0408010F0AAABAB,7,5.05839999999999
86,E83038,Amiodarone HCl_Tab 200mg,0203020D0AAABAB,2,0.7000000000000006
87,E83038,Clonazepam_Tab 500mcg,0408010F0AAABAB,13,4.745999999999991
88,E83038,Pyridox HCl_Tab 50mg,0906024N0AAAIAI,6,1.0004000000000004
89,E83039,Amiodarone HCl_Tab 200mg,0203020D0AAABAB,5,1.0388000000000006
90,E83039,Clonazepam_Tab 500mcg,0408010F0AAABAB,5,0.949199999999998
91,E83041,Amiodarone HCl_Tab 200mg,0203020D0AAABAB,1,0.3500000000000003
92,E83041,Clonazepam_Tab 500mcg,0408010F0AAABAB,30,1.8651999999999984
93,E83041,Mesalazine_Tab E/C 800mg,0105010B0AAASAS,1,-22.959999999999994
94,E83044,Amiodarone HCl_Tab 200mg,0203020D0AAABAB,2,1.050000000000001
95,E83044,Clonazepam_Tab 500mcg,0408010F0AAABAB,18,8.486299999999982
96,E83045,Clonazepam_Tab 500mcg,0408010F0AAABAB,1,3.389999999999993
97,E83046,Amiodarone HCl_Tab 200mg,0203020D0AAABAB,2,1.4000000000000012
98,E83046,Clonazepam_Tab 500mcg,0408010F0AAABAB,1,0.6327999999999987
99,E83046,Gemfibrozil_Tab 600mg,0212000Q0AAABAB,1,15.142399999999999
100,E83049,Amiodarone HCl_Tab 200mg,0203020D0AAABAB,4,1.7500000000000016
101,E83049,Clonazepam_Tab 500mcg,0408010F0AAABAB,4,4.203599999999991
102,E83049,Gemfibrozil_Tab 600mg,0212000Q0AAABAB,1,7.571199999999999
103,E83050,Clonazepam_Tab 500mcg,0408010F0AAABAB,2,3.276999999999993
104,E83053,Amiodarone HCl_Tab 200mg,0203020D0AAABAB,3,2.100000000000002
105,E83053,Clonazepam_Tab 500mcg,0408010F0AAABAB,26,8.969399999999982
106,E83053,Pyridox HCl_Tab 50mg,0906024N0AAAIAI,2,2.6676000000000006
107,E83600,Amiodarone HCl_Tab 200mg,0203020D0AAABAB,3,1.4000000000000012
108,E83600,Clonazepam_Tab 500mcg,0408010F0AAABAB,8,3.050999999999994
109,E83600,Pyridox HCl_Tab 50mg,0906024N0AAAIAI,2,1.9152000000000005
110,E83613,Amiodarone HCl_Tab 200mg,0203020D0AAABAB,1,0.7000000000000006
111,E83613,Clonazepam_Tab 500mcg,0408010F0AAABAB,1,1.1299999999999977
112,E83613,Mesalazine_Tab E/C 400mg,0105010B0AAAAAA,1,31.942399999999996
113,E83621,Amiodarone HCl_Tab 200mg,0203020D0AAABAB,10,2.9582000000000024
114,E83621,Clonazepam_Tab 500mcg,0408010F0AAABAB,5,6.0567999999999875
115,E83621,Pyridox HCl_Tab 50mg,0906024N0AAAIAI,1,0.9576000000000002
116,E83622,Clonazepam_Tab 500mcg,0408010F0AAABAB,6,3.7447999999999926
117,E83622,Gemfibrozil_Tab 600mg,0212000Q0AAABAB,1,15.142399999999999
118,E83622,Mesalazine_Tab E/C 400mg,0105010B0AAAAAA,3,-92.4048
119,E83624,Amiodarone HCl_Tab 200mg,0203020D0AAABAB,1,1.6250000000000013
120,E83624,Clonazepam_Tab 500mcg,0408010F0AAABAB,4,3.1639999999999935
121,E83629,Amiodarone HCl_Tab 200mg,0203020D0AAABAB,3,1.0584000000000007
122,E83629,Clonazepam_Tab 500mcg,0408010F0AAABAB,3,1.898399999999996
123,E83632,Amiodarone HCl_Tab 200mg,0203020D0AAABAB,1,0.7000000000000006
124,E83632,Clonazepam_Tab 500mcg,0408010F0AAABAB,2,0.949199999999998
125,E83632,Pyridox HCl_Tab 50mg,0906024N0AAAIAI,2,2.3940000000000006
126,E83633,Tiotropium_Pdr For Inh Cap 18mcg,0301020Q0AAABAB,1,60.3198
127,E83637,Clonazepam_Tab 500mcg,0408010F0AAABAB,6,2.531199999999995
128,E83637,Mesalazine_Tab E/C 400mg,0105010B0AAAAAA,5,138.58319999999998
129,E83638,Amiodarone HCl_Tab 200mg,0203020D0AAABAB,5,0.9541000000000006
130,E83638,Clonazepam_Tab 500mcg,0408010F0AAABAB,2,2.033999999999996
131,E83638,Mesalazine_Tab E/C 400mg,0105010B0AAAAAA,4,-40.21319999999999
132,E83638,Mesalazine_Tab E/C 800mg,0105010B0AAASAS,1,36.89999999999999
133,E83638,Pyridox HCl_Tab 50mg,0906024N0AAAIAI,1,0.9576000000000002
134,E83639,Amiodarone HCl_Tab 200mg,0203020D0AAABAB,5,1.0388000000000006
135,E83639,Mesalazine_Tab E/C 400mg,0105010B0AAAAAA,2,-34.22399999999999
136,E83649,Clonazepam_Tab 500mcg,0408010F0AAABAB,5,3.186599999999993
137,E83649,Phenytoin_Sod Tab 100mg,0408010Q0AAAGAG,1,159.19679999999997
138,E83649,Pyridox HCl_Tab 50mg,0906024N0AAAIAI,1,0.23940000000000006
139,E83653,Amiodarone HCl_Tab 200mg,0203020D0AAABAB,1,0.7000000000000006
140,E83653,Clonazepam_Tab 500mcg,0408010F0AAABAB,9,9.35639999999998
141,E83653,Mesalazine_Tab E/C 400mg,0105010B0AAAAAA,1,47.913599999999995
142,E83653,Pyridox HCl_Tab 50mg,0906024N0AAAIAI,2,1.4364000000000003
143,E83668,Clonazepam_Tab 500mcg,0408010F0AAABAB,3,2.847599999999994
144,Y00316,Clonazepam_Tab 500mcg,0408010F0AAABAB,1,0.474599999999999
145,Y00316,Mesalazine_Tab E/C 400mg,0105010B0AAAAAA,1,-23.956799999999998
146,Y00316,Mesalazine_Tab E/C 800mg,0105010B0AAASAS,1,17.219999999999995
147,Y00316,Pyridox HCl_Tab 50mg,0906024N0AAAIAI,2,0.9576000000000002
148,Y02986,Amiodarone HCl_Tab 200mg,0203020D0AAABAB,1,0.3500000000000003
149,Y02986,Clonazepam_Tab 500mcg,0408010F0AAABAB,8,2.6255999999999946
150,Y03663,Clonazepam_Tab 500mcg,0408010F0AAABAB,2,0.6779999999999986
151,Y03663,Mesalazine_Tab E/C 400mg,0105010B0AAAAAA,1,-25.667999999999996
152,Y03664,Clonazepam_Tab 500mcg,0408010F0AAABAB,3,3.502999999999993
153,Y03664,Pyridox HCl_Tab 50mg,0906024N0AAAIAI,1,1.4364000000000003
154,Y05258,Mesalazine_Tab E/C 800mg,0105010B0AAASAS,1,18.449999999999996
