,practice_code,bnf_description,bnf_code,items,excess_cost
0,P86017,Risperidone_Tab 6mg,040201030AAAFAF,1,58.4192
2,P86017,Risperidone_Tab 6mg,040201030AAAFAF,1,29.2096
3,P86016,Risperidone_Tab 6mg,040201030AAAFAF,1,29.2096
1,P86019,Risperidone_Tab 6mg,040201030AAAFAF,1,29.2096
241,P86016,Valsartan_Tab 40mg,0205052V0AAADAD,1,15.344000000000001
190,P86014,Glibenclamide_Tab 2.5mg,0601021H0AAAAAA,4,11.20000000000001
191,P86014,Glibenclamide_Tab 2.5mg,0601021H0AAAAAA,5,10.500000000000009
275,P86008,Ropinirole HCl_Tab 5mg,0409010H0AAADAD,4,7.761600000000003
276,P86009,Ropinirole HCl_Tab 5mg,0409010H0AAADAD,1,7.744800000000005
266,P86620,Topiramate_Cap 50mg,040801050AAAWAW,5,6.419999999999993
192,P86014,Glibenclamide_Tab 2.5mg,0601021H0AAAAAA,4,5.600000000000005
267,P86016,Topiramate_Cap 50mg,040801050AAAWAW,2,5.135999999999994
116,P86001,Tetrabenazine_Tab 25mg,0409030C0AAAAAA,1,4.997999999999994
121,P86023,Tetrabenazine_Tab 25mg,0409030C0AAAAAA,2,3.998399999999995
122,P86003,Tetrabenazine_Tab 25mg,0409030C0AAAAAA,1,3.998399999999995
120,P86012,Tetrabenazine_Tab 25mg,0409030C0AAAAAA,1,3.998399999999995
119,Y02720,Tetrabenazine_Tab 25mg,0409030C0AAAAAA,1,3.998399999999995
118,P86606,Tetrabenazine_Tab 25mg,0409030C0AAAAAA,1,3.998399999999995
117,P86007,Tetrabenazine_Tab 25mg,0409030C0AAAAAA,1,3.998399999999995
243,P86624,Valsartan_Tab 40mg,0205052V0AAADAD,1,3.8360000000000003
244,P86010,Valsartan_Tab 40mg,0205052V0AAADAD,1,3.8360000000000003
242,P86614,Valsartan_Tab 40mg,0205052V0AAADAD,1,3.8360000000000003
5,P86008,Clonazepam_Tab 500mcg,0408010F0AAABAB,6,3.796799999999992
4,P86003,Clonazepam_Tab 500mcg,0408010F0AAABAB,6,3.796799999999992
6,P86007,Clonazepam_Tab 500mcg,0408010F0AAABAB,5,3.1639999999999935
125,P86003,Tetrabenazine_Tab 25mg,0409030C0AAAAAA,1,2.998799999999996
124,P86013,Tetrabenazine_Tab 25mg,0409030C0AAAAAA,1,2.998799999999996
123,P86007,Tetrabenazine_Tab 25mg,0409030C0AAAAAA,1,2.998799999999996
246,P86012,Pyridox HCl_Tab 50mg,0906024N0AAAIAI,3,2.8728000000000007
247,P86003,Pyridox HCl_Tab 50mg,0906024N0AAAIAI,1,2.8728000000000007
277,P86624,Ropinirole HCl_Tab 5mg,0409010H0AAADAD,1,2.5816000000000017
134,P86007,Methocarbamol_Tab 750mg,1002020S0AAABAB,3,2.579999999999999
11,P86023,Clonazepam_Tab 500mcg,0408010F0AAABAB,2,2.531199999999995
7,P86013,Clonazepam_Tab 500mcg,0408010F0AAABAB,2,2.531199999999995
8,P86013,Clonazepam_Tab 500mcg,0408010F0AAABAB,1,2.531199999999995
9,P86011,Clonazepam_Tab 500mcg,0408010F0AAABAB,1,2.531199999999995
10,P86019,Clonazepam_Tab 500mcg,0408010F0AAABAB,4,2.531199999999995
205,P86007,Amiodarone HCl_Tab 200mg,0203020D0AAABAB,7,2.450000000000002
13,P86016,Clonazepam_Tab 500mcg,0408010F0AAABAB,1,2.2599999999999953
12,P86001,Clonazepam_Tab 500mcg,0408010F0AAABAB,2,2.2599999999999953
16,P86011,Clonazepam_Tab 500mcg,0408010F0AAABAB,7,2.2147999999999954
15,P86007,Clonazepam_Tab 500mcg,0408010F0AAABAB,7,2.2147999999999954
14,P86004,Clonazepam_Tab 500mcg,0408010F0AAABAB,7,2.2147999999999954
136,P86007,Methocarbamol_Tab 750mg,1002020S0AAABAB,5,2.149999999999999
135,P86006,Methocarbamol_Tab 750mg,1002020S0AAABAB,5,2.149999999999999
194,P86609,Glibenclamide_Tab 2.5mg,0601021H0AAAAAA,1,2.100000000000002
208,P86003,Amiodarone HCl_Tab 200mg,0203020D0AAABAB,3,2.100000000000002
207,P86016,Amiodarone HCl_Tab 200mg,0203020D0AAABAB,6,2.100000000000002
206,P86009,Amiodarone HCl_Tab 200mg,0203020D0AAABAB,3,2.100000000000002
193,P86014,Glibenclamide_Tab 2.5mg,0601021H0AAAAAA,3,2.100000000000002
209,P86006,Amiodarone HCl_Tab 200mg,0203020D0AAABAB,3,2.100000000000002
126,P86003,Tetrabenazine_Tab 25mg,0409030C0AAAAAA,1,1.9991999999999974
127,P86006,Tetrabenazine_Tab 25mg,0409030C0AAAAAA,1,1.9991999999999974
137,P86007,Methocarbamol_Tab 750mg,1002020S0AAABAB,2,1.9263999999999992
245,P86614,Valsartan_Tab 40mg,0205052V0AAADAD,1,1.9180000000000001
248,P86602,Pyridox HCl_Tab 50mg,0906024N0AAAIAI,1,1.9152000000000005
249,P86007,Pyridox HCl_Tab 50mg,0906024N0AAAIAI,1,1.9152000000000005
21,P86004,Clonazepam_Tab 500mcg,0408010F0AAABAB,3,1.898399999999996
22,Y02720,Clonazepam_Tab 500mcg,0408010F0AAABAB,1,1.898399999999996
23,P86004,Clonazepam_Tab 500mcg,0408010F0AAABAB,1,1.898399999999996
17,P86019,Clonazepam_Tab 500mcg,0408010F0AAABAB,6,1.898399999999996
18,P86026,Clonazepam_Tab 500mcg,0408010F0AAABAB,3,1.898399999999996
19,P86016,Clonazepam_Tab 500mcg,0408010F0AAABAB,1,1.898399999999996
24,P86007,Clonazepam_Tab 500mcg,0408010F0AAABAB,2,1.898399999999996
20,P86004,Clonazepam_Tab 500mcg,0408010F0AAABAB,2,1.898399999999996
138,P86016,Methocarbamol_Tab 750mg,1002020S0AAABAB,5,1.8480000000000063
211,P86026,Amiodarone HCl_Tab 200mg,0203020D0AAABAB,5,1.7500000000000016
210,P86011,Amiodarone HCl_Tab 200mg,0203020D0AAABAB,5,1.7500000000000016
141,P86012,Methocarbamol_Tab 750mg,1002020S0AAABAB,4,1.7199999999999993
140,P86016,Methocarbamol_Tab 750mg,1002020S0AAABAB,4,1.7199999999999993
139,P86016,Methocarbamol_Tab 750mg,1002020S0AAABAB,2,1.7199999999999993
142,P86016,Methocarbamol_Tab 750mg,1002020S0AAABAB,7,1.6855999999999993
25,P86013,Clonazepam_Tab 500mcg,0408010F0AAABAB,1,1.5819999999999967
26,P86003,Clonazepam_Tab 500mcg,0408010F0AAABAB,1,1.5819999999999967
27,P86006,Clonazepam_Tab 500mcg,0408010F0AAABAB,5,1.5819999999999967
195,Y02720,Glibenclamide_Tab 2.5mg,0601021H0AAAAAA,1,1.5000000000000013
128,P86620,Tetrabenazine_Tab 25mg,0409030C0AAAAAA,1,1.499399999999998
143,P86002,Methocarbamol_Tab 750mg,1002020S0AAABAB,2,1.4447999999999994
250,P86012,Pyridox HCl_Tab 50mg,0906024N0AAAIAI,1,1.4364000000000003
251,P86602,Pyridox HCl_Tab 50mg,0906024N0AAAIAI,1,1.4364000000000003
252,P86009,Pyridox HCl_Tab 50mg,0906024N0AAAIAI,1,1.4364000000000003
198,P86609,Glibenclamide_Tab 2.5mg,0601021H0AAAAAA,1,1.4000000000000012
196,P86007,Glibenclamide_Tab 2.5mg,0601021H0AAAAAA,1,1.4000000000000012
197,P86004,Glibenclamide_Tab 2.5mg,0601021H0AAAAAA,1,1.4000000000000012
199,P86614,Glibenclamide_Tab 2.5mg,0601021H0AAAAAA,2,1.4000000000000012
212,P86006,Amiodarone HCl_Tab 200mg,0203020D0AAABAB,4,1.4000000000000012
213,P86013,Amiodarone HCl_Tab 200mg,0203020D0AAABAB,2,1.4000000000000012
214,P86012,Amiodarone HCl_Tab 200mg,0203020D0AAABAB,4,1.4000000000000012
28,P86620,Clonazepam_Tab 500mcg,0408010F0AAABAB,2,1.3559999999999972
29,P86003,Clonazepam_Tab 500mcg,0408010F0AAABAB,1,1.3559999999999972
144,P86022,Methocarbamol_Tab 750mg,1002020S0AAABAB,3,1.2899999999999996
145,P86624,Methocarbamol_Tab 750mg,1002020S0AAABAB,3,1.2899999999999996
268,P86005,Topiramate_Cap 50mg,040801050AAAWAW,1,1.2839999999999985
269,P86606,Topiramate_Cap 50mg,040801050AAAWAW,1,1.2839999999999985
270,P86009,Topiramate_Cap 50mg,040801050AAAWAW,1,1.2839999999999985
271,P86013,Topiramate_Cap 50mg,040801050AAAWAW,1,1.2839999999999985
32,P86009,Clonazepam_Tab 500mcg,0408010F0AAABAB,4,1.2655999999999974
30,P86022,Clonazepam_Tab 500mcg,0408010F0AAABAB,1,1.2655999999999974
31,P86003,Clonazepam_Tab 500mcg,0408010F0AAABAB,1,1.2655999999999974
45,P86006,Clonazepam_Tab 500mcg,0408010F0AAABAB,2,1.2655999999999974
36,P86018,Clonazepam_Tab 500mcg,0408010F0AAABAB,2,1.2655999999999974
41,P86009,Clonazepam_Tab 500mcg,0408010F0AAABAB,2,1.2655999999999974
42,P86018,Clonazepam_Tab 500mcg,0408010F0AAABAB,1,1.2655999999999974
46,P86011,Clonazepam_Tab 500mcg,0408010F0AAABAB,2,1.2655999999999974
40,P86016,Clonazepam_Tab 500mcg,0408010F0AAABAB,2,1.2655999999999974
39,P86016,Clonazepam_Tab 500mcg,0408010F0AAABAB,1,1.2655999999999974
37,Y02795,Clonazepam_Tab 500mcg,0408010F0AAABAB,2,1.2655999999999974
38,P86007,Clonazepam_Tab 500mcg,0408010F0AAABAB,1,1.2655999999999974
35,P86015,Clonazepam_Tab 500mcg,0408010F0AAABAB,2,1.2655999999999974
43,P86004,Clonazepam_Tab 500mcg,0408010F0AAABAB,1,1.2655999999999974
44,P86010,Clonazepam_Tab 500mcg,0408010F0AAABAB,2,1.2655999999999974
34,P86602,Clonazepam_Tab 500mcg,0408010F0AAABAB,8,1.2655999999999974
33,P86015,Clonazepam_Tab 500mcg,0408010F0AAABAB,4,1.2655999999999974
146,P86012,Methocarbamol_Tab 750mg,1002020S0AAABAB,5,1.260000000000003
272,P86016,Topiramate_Cap 50mg,040801050AAAWAW,1,1.1983999999999986
48,P86620,Clonazepam_Tab 500mcg,0408010F0AAABAB,5,1.1864999999999974
47,P86011,Clonazepam_Tab 500mcg,0408010F0AAABAB,3,1.1864999999999974
147,P86003,Methocarbamol_Tab 750mg,1002020S0AAABAB,4,1.1695999999999995
49,P86003,Clonazepam_Tab 500mcg,0408010F0AAABAB,1,1.1299999999999977
50,P86007,Clonazepam_Tab 500mcg,0408010F0AAABAB,1,1.1299999999999977
52,P86006,Clonazepam_Tab 500mcg,0408010F0AAABAB,1,1.1299999999999977
51,P86013,Clonazepam_Tab 500mcg,0408010F0AAABAB,1,1.1299999999999977
215,P86023,Amiodarone HCl_Tab 200mg,0203020D0AAABAB,3,1.050000000000001
217,P86026,Amiodarone HCl_Tab 200mg,0203020D0AAABAB,1,1.050000000000001
218,P86007,Amiodarone HCl_Tab 200mg,0203020D0AAABAB,1,1.050000000000001
200,P86014,Glibenclamide_Tab 2.5mg,0601021H0AAAAAA,1,1.050000000000001
216,P86018,Amiodarone HCl_Tab 200mg,0203020D0AAABAB,1,1.050000000000001
53,P86012,Clonazepam_Tab 500mcg,0408010F0AAABAB,1,1.016999999999998
129,P86021,Tetrabenazine_Tab 25mg,0409030C0AAAAAA,1,0.9995999999999987
130,P86018,Tetrabenazine_Tab 25mg,0409030C0AAAAAA,1,0.9995999999999987
131,P86007,Tetrabenazine_Tab 25mg,0409030C0AAAAAA,1,0.9995999999999987
132,P86006,Tetrabenazine_Tab 25mg,0409030C0AAAAAA,1,0.9995999999999987
148,P86006,Methocarbamol_Tab 750mg,1002020S0AAABAB,1,0.9631999999999996
254,P86019,Pyridox HCl_Tab 50mg,0906024N0AAAIAI,2,0.9576000000000002
253,P86005,Pyridox HCl_Tab 50mg,0906024N0AAAIAI,1,0.9576000000000002
65,P86003,Clonazepam_Tab 500mcg,0408010F0AAABAB,3,0.949199999999998
59,P86022,Clonazepam_Tab 500mcg,0408010F0AAABAB,1,0.949199999999998
64,Y02795,Clonazepam_Tab 500mcg,0408010F0AAABAB,1,0.949199999999998
63,P86011,Clonazepam_Tab 500mcg,0408010F0AAABAB,1,0.949199999999998
62,P86003,Clonazepam_Tab 500mcg,0408010F0AAABAB,1,0.949199999999998
61,P86026,Clonazepam_Tab 500mcg,0408010F0AAABAB,3,0.949199999999998
60,P86013,Clonazepam_Tab 500mcg,0408010F0AAABAB,3,0.949199999999998
58,P86608,Clonazepam_Tab 500mcg,0408010F0AAABAB,1,0.949199999999998
57,P86017,Clonazepam_Tab 500mcg,0408010F0AAABAB,1,0.949199999999998
56,P86002,Clonazepam_Tab 500mcg,0408010F0AAABAB,1,0.949199999999998
55,P86008,Clonazepam_Tab 500mcg,0408010F0AAABAB,1,0.949199999999998
54,P86619,Clonazepam_Tab 500mcg,0408010F0AAABAB,3,0.949199999999998
149,P86012,Methocarbamol_Tab 750mg,1002020S0AAABAB,5,0.9240000000000032
151,P86001,Methocarbamol_Tab 750mg,1002020S0AAABAB,2,0.8599999999999997
153,Y04997,Methocarbamol_Tab 750mg,1002020S0AAABAB,2,0.8599999999999997
152,P86004,Methocarbamol_Tab 750mg,1002020S0AAABAB,2,0.8599999999999997
154,Y00726,Methocarbamol_Tab 750mg,1002020S0AAABAB,2,0.8599999999999997
150,P86022,Methocarbamol_Tab 750mg,1002020S0AAABAB,1,0.8599999999999997
219,P86014,Amiodarone HCl_Tab 200mg,0203020D0AAABAB,1,0.7500000000000007
155,P86022,Methocarbamol_Tab 750mg,1002020S0AAABAB,1,0.7223999999999997
156,P86012,Methocarbamol_Tab 750mg,1002020S0AAABAB,1,0.7223999999999997
157,P86003,Methocarbamol_Tab 750mg,1002020S0AAABAB,1,0.7223999999999997
158,P86019,Methocarbamol_Tab 750mg,1002020S0AAABAB,1,0.7223999999999997
66,P86016,Clonazepam_Tab 500mcg,0408010F0AAABAB,3,0.7118999999999985
222,P86010,Amiodarone HCl_Tab 200mg,0203020D0AAABAB,2,0.7000000000000006
202,P86609,Glibenclamide_Tab 2.5mg,0601021H0AAAAAA,1,0.7000000000000006
220,P86019,Amiodarone HCl_Tab 200mg,0203020D0AAABAB,2,0.7000000000000006
221,P86014,Amiodarone HCl_Tab 200mg,0203020D0AAABAB,2,0.7000000000000006
223,P86009,Amiodarone HCl_Tab 200mg,0203020D0AAABAB,2,0.7000000000000006
224,P86003,Amiodarone HCl_Tab 200mg,0203020D0AAABAB,2,0.7000000000000006
225,Y00726,Amiodarone HCl_Tab 200mg,0203020D0AAABAB,2,0.7000000000000006
226,P86011,Amiodarone HCl_Tab 200mg,0203020D0AAABAB,1,0.7000000000000006
201,P86011,Glibenclamide_Tab 2.5mg,0601021H0AAAAAA,1,0.7000000000000006
72,P86016,Clonazepam_Tab 500mcg,0408010F0AAABAB,1,0.6779999999999986
71,P86011,Clonazepam_Tab 500mcg,0408010F0AAABAB,1,0.6779999999999986
70,P86007,Clonazepam_Tab 500mcg,0408010F0AAABAB,1,0.6779999999999986
69,P86023,Clonazepam_Tab 500mcg,0408010F0AAABAB,1,0.6779999999999986
68,P86624,Clonazepam_Tab 500mcg,0408010F0AAABAB,1,0.6779999999999986
67,P86022,Clonazepam_Tab 500mcg,0408010F0AAABAB,1,0.6779999999999986
273,P86005,Topiramate_Cap 50mg,040801050AAAWAW,1,0.6419999999999992
74,P86620,Clonazepam_Tab 500mcg,0408010F0AAABAB,1,0.6327999999999987
83,P86001,Clonazepam_Tab 500mcg,0408010F0AAABAB,1,0.6327999999999987
90,P86008,Clonazepam_Tab 500mcg,0408010F0AAABAB,2,0.6327999999999987
85,P86620,Clonazepam_Tab 500mcg,0408010F0AAABAB,2,0.6327999999999987
86,P86001,Clonazepam_Tab 500mcg,0408010F0AAABAB,2,0.6327999999999987
87,P86608,Clonazepam_Tab 500mcg,0408010F0AAABAB,4,0.6327999999999987
88,P86021,Clonazepam_Tab 500mcg,0408010F0AAABAB,2,0.6327999999999987
89,P86016,Clonazepam_Tab 500mcg,0408010F0AAABAB,4,0.6327999999999987
81,Y02721,Clonazepam_Tab 500mcg,0408010F0AAABAB,1,0.6327999999999987
91,P86018,Clonazepam_Tab 500mcg,0408010F0AAABAB,2,0.6327999999999987
92,P86010,Clonazepam_Tab 500mcg,0408010F0AAABAB,2,0.6327999999999987
93,P86606,Clonazepam_Tab 500mcg,0408010F0AAABAB,1,0.6327999999999987
82,P86002,Clonazepam_Tab 500mcg,0408010F0AAABAB,2,0.6327999999999987
84,P86007,Clonazepam_Tab 500mcg,0408010F0AAABAB,4,0.6327999999999987
80,P86012,Clonazepam_Tab 500mcg,0408010F0AAABAB,2,0.6327999999999987
76,Y04655,Clonazepam_Tab 500mcg,0408010F0AAABAB,1,0.6327999999999987
75,P86614,Clonazepam_Tab 500mcg,0408010F0AAABAB,1,0.6327999999999987
73,P86005,Clonazepam_Tab 500mcg,0408010F0AAABAB,1,0.6327999999999987
79,P86012,Clonazepam_Tab 500mcg,0408010F0AAABAB,1,0.6327999999999987
77,P86014,Clonazepam_Tab 500mcg,0408010F0AAABAB,1,0.6327999999999987
78,P86013,Clonazepam_Tab 500mcg,0408010F0AAABAB,1,0.6327999999999987
274,P86019,Topiramate_Cap 50mg,040801050AAAWAW,1,0.5963999999999996
94,P86003,Clonazepam_Tab 500mcg,0408010F0AAABAB,1,0.5699999999999983
159,P86012,Methocarbamol_Tab 750mg,1002020S0AAABAB,1,0.5159999999999998
133,P86005,Tetrabenazine_Tab 25mg,0409030C0AAAAAA,1,0.49979999999999936
160,P86018,Methocarbamol_Tab 750mg,1002020S0AAABAB,1,0.4815999999999998
161,P86002,Methocarbamol_Tab 750mg,1002020S0AAABAB,1,0.4815999999999998
162,P86019,Methocarbamol_Tab 750mg,1002020S0AAABAB,2,0.4815999999999998
163,P86021,Methocarbamol_Tab 750mg,1002020S0AAABAB,1,0.4815999999999998
164,P86012,Methocarbamol_Tab 750mg,1002020S0AAABAB,1,0.4815999999999998
263,P86619,Pyridox HCl_Tab 50mg,0906024N0AAAIAI,1,0.4788000000000001
262,P86004,Pyridox HCl_Tab 50mg,0906024N0AAAIAI,2,0.4788000000000001
261,P86006,Pyridox HCl_Tab 50mg,0906024N0AAAIAI,1,0.4788000000000001
260,P86022,Pyridox HCl_Tab 50mg,0906024N0AAAIAI,1,0.4788000000000001
259,P86614,Pyridox HCl_Tab 50mg,0906024N0AAAIAI,1,0.4788000000000001
258,P86008,Pyridox HCl_Tab 50mg,0906024N0AAAIAI,1,0.4788000000000001
255,P86009,Pyridox HCl_Tab 50mg,0906024N0AAAIAI,1,0.4788000000000001
256,P86602,Pyridox HCl_Tab 50mg,0906024N0AAAIAI,4,0.4788000000000001
257,P86017,Pyridox HCl_Tab 50mg,0906024N0AAAIAI,1,0.4788000000000001
95,P86011,Clonazepam_Tab 500mcg,0408010F0AAABAB,1,0.474599999999999
96,P86016,Clonazepam_Tab 500mcg,0408010F0AAABAB,1,0.474599999999999
168,P86005,Methocarbamol_Tab 750mg,1002020S0AAABAB,1,0.4299999999999998
169,Y02721,Methocarbamol_Tab 750mg,1002020S0AAABAB,1,0.4299999999999998
166,P86011,Methocarbamol_Tab 750mg,1002020S0AAABAB,1,0.4299999999999998
165,P86009,Methocarbamol_Tab 750mg,1002020S0AAABAB,1,0.4299999999999998
167,Y03750,Methocarbamol_Tab 750mg,1002020S0AAABAB,1,0.4299999999999998
170,P86003,Methocarbamol_Tab 750mg,1002020S0AAABAB,7,0.401800000000002
177,P86002,Methocarbamol_Tab 750mg,1002020S0AAABAB,1,0.36960000000000126
179,P86019,Methocarbamol_Tab 750mg,1002020S0AAABAB,1,0.36960000000000126
178,P86012,Methocarbamol_Tab 750mg,1002020S0AAABAB,1,0.36960000000000126
171,P86022,Methocarbamol_Tab 750mg,1002020S0AAABAB,1,0.36960000000000126
176,P86003,Methocarbamol_Tab 750mg,1002020S0AAABAB,2,0.36960000000000126
175,P86606,Methocarbamol_Tab 750mg,1002020S0AAABAB,1,0.36960000000000126
172,Y02720,Methocarbamol_Tab 750mg,1002020S0AAABAB,1,0.36960000000000126
173,P86602,Methocarbamol_Tab 750mg,1002020S0AAABAB,1,0.36960000000000126
174,P86003,Methocarbamol_Tab 750mg,1002020S0AAABAB,1,0.36960000000000126
227,P86608,Amiodarone HCl_Tab 200mg,0203020D0AAABAB,2,0.35840000000000016
232,P86008,Amiodarone HCl_Tab 200mg,0203020D0AAABAB,1,0.3500000000000003
233,P86017,Amiodarone HCl_Tab 200mg,0203020D0AAABAB,1,0.3500000000000003
234,P86001,Amiodarone HCl_Tab 200mg,0203020D0AAABAB,1,0.3500000000000003
231,P86624,Amiodarone HCl_Tab 200mg,0203020D0AAABAB,1,0.3500000000000003
236,P86022,Amiodarone HCl_Tab 200mg,0203020D0AAABAB,1,0.3500000000000003
237,P86018,Amiodarone HCl_Tab 200mg,0203020D0AAABAB,1,0.3500000000000003
203,P86619,Glibenclamide_Tab 2.5mg,0601021H0AAAAAA,1,0.3500000000000003
204,P86026,Glibenclamide_Tab 2.5mg,0601021H0AAAAAA,1,0.3500000000000003
230,Y02721,Amiodarone HCl_Tab 200mg,0203020D0AAABAB,1,0.3500000000000003
229,P86005,Amiodarone HCl_Tab 200mg,0203020D0AAABAB,1,0.3500000000000003
228,P86015,Amiodarone HCl_Tab 200mg,0203020D0AAABAB,1,0.3500000000000003
235,P86606,Amiodarone HCl_Tab 200mg,0203020D0AAABAB,1,0.3500000000000003
99,P86614,Clonazepam_Tab 500mcg,0408010F0AAABAB,1,0.3389999999999993
98,P86007,Clonazepam_Tab 500mcg,0408010F0AAABAB,1,0.3389999999999993
101,P86624,Clonazepam_Tab 500mcg,0408010F0AAABAB,1,0.3389999999999993
100,P86016,Clonazepam_Tab 500mcg,0408010F0AAABAB,1,0.3389999999999993
97,P86011,Clonazepam_Tab 500mcg,0408010F0AAABAB,1,0.3389999999999993
238,P86602,Amiodarone HCl_Tab 200mg,0203020D0AAABAB,4,0.3388
239,P86023,Amiodarone HCl_Tab 200mg,0203020D0AAABAB,4,0.3388
104,P86016,Clonazepam_Tab 500mcg,0408010F0AAABAB,1,0.31639999999999935
106,Y00726,Clonazepam_Tab 500mcg,0408010F0AAABAB,2,0.31639999999999935
107,P86624,Clonazepam_Tab 500mcg,0408010F0AAABAB,4,0.31639999999999935
108,P86602,Clonazepam_Tab 500mcg,0408010F0AAABAB,1,0.31639999999999935
109,P86005,Clonazepam_Tab 500mcg,0408010F0AAABAB,2,0.31639999999999935
110,P86022,Clonazepam_Tab 500mcg,0408010F0AAABAB,1,0.31639999999999935
103,P86012,Clonazepam_Tab 500mcg,0408010F0AAABAB,2,0.31639999999999935
102,Y00726,Clonazepam_Tab 500mcg,0408010F0AAABAB,1,0.31639999999999935
105,P86002,Clonazepam_Tab 500mcg,0408010F0AAABAB,2,0.31639999999999935
180,P86010,Methocarbamol_Tab 750mg,1002020S0AAABAB,1,0.25200000000000056
181,P86023,Methocarbamol_Tab 750mg,1002020S0AAABAB,1,0.25200000000000056
182,P86006,Methocarbamol_Tab 750mg,1002020S0AAABAB,1,0.2407999999999999
183,Y04997,Methocarbamol_Tab 750mg,1002020S0AAABAB,1,0.2407999999999999
184,P86005,Methocarbamol_Tab 750mg,1002020S0AAABAB,1,0.2407999999999999
185,Y00726,Methocarbamol_Tab 750mg,1002020S0AAABAB,1,0.2407999999999999
111,Y02720,Clonazepam_Tab 500mcg,0408010F0AAABAB,1,0.2372999999999995
186,P86004,Methocarbamol_Tab 750mg,1002020S0AAABAB,4,0.22960000000000114
187,P86012,Methocarbamol_Tab 750mg,1002020S0AAABAB,1,0.22000000000000075
113,P86018,Clonazepam_Tab 500mcg,0408010F0AAABAB,1,0.15819999999999967
112,P86624,Clonazepam_Tab 500mcg,0408010F0AAABAB,1,0.15819999999999967
115,P86002,Clonazepam_Tab 500mcg,0408010F0AAABAB,1,0.1367999999999996
114,P86624,Clonazepam_Tab 500mcg,0408010F0AAABAB,1,0.1367999999999996
188,P86012,Methocarbamol_Tab 750mg,1002020S0AAABAB,1,0.13200000000000045
189,Y02795,Methocarbamol_Tab 750mg,1002020S0AAABAB,1,0.13200000000000045
265,P86011,Pyridox HCl_Tab 50mg,0906024N0AAAIAI,1,0.11970000000000003
264,P86012,Pyridox HCl_Tab 50mg,0906024N0AAAIAI,1,0.11970000000000003
240,P86016,Amiodarone HCl_Tab 200mg,0203020D0AAABAB,1,0.0847
