,practice_code,bnf_description,bnf_code,items,excess_cost
3,N84034,Phenytoin_Sod Tab 100mg,0408010Q0AAAGAG,1,79.59839999999998
0,N84023,Risperidone_Tab 6mg,040201030AAAFAF,1,58.4192
2,N84624,Risperidone_Tab 6mg,040201030AAAFAF,1,29.2096
1,N84630,Risperidone_Tab 6mg,040201030AAAFAF,1,29.2096
167,N84605,Ropinirole HCl_Tab 5mg,0409010H0AAADAD,1,7.744800000000005
84,N84041,Pyridox HCl_Tab 50mg,0906024N0AAAIAI,2,5.745600000000001
168,N84004,Topiramate_Cap 50mg,040801050AAAWAW,1,4.793599999999994
85,N84016,Pyridox HCl_Tab 50mg,0906024N0AAAIAI,2,2.8728000000000007
42,N84028,Clonazepam_Tab 500mcg,0408010F0AAABAB,9,2.847599999999994
103,N84015,Topiramate_Tab 200mg,040801050AAACAC,1,2.489999999999999
102,Y00446,Topiramate_Tab 200mg,040801050AAACAC,1,2.489999999999999
101,N84023,Topiramate_Tab 200mg,040801050AAACAC,1,2.489999999999999
100,N84001,Topiramate_Tab 200mg,040801050AAACAC,1,2.489999999999999
4,N84003,Amiodarone HCl_Tab 200mg,0203020D0AAABAB,7,2.450000000000002
5,N84023,Amiodarone HCl_Tab 200mg,0203020D0AAABAB,7,2.450000000000002
6,N84025,Amiodarone HCl_Tab 200mg,0203020D0AAABAB,7,2.450000000000002
104,N84015,Topiramate_Tab 200mg,040801050AAACAC,1,2.3183999999999996
8,N84001,Amiodarone HCl_Tab 200mg,0203020D0AAABAB,6,2.100000000000002
7,N84016,Amiodarone HCl_Tab 200mg,0203020D0AAABAB,6,2.100000000000002
86,N84016,Pyridox HCl_Tab 50mg,0906024N0AAAIAI,2,1.9152000000000005
44,N84003,Clonazepam_Tab 500mcg,0408010F0AAABAB,6,1.898399999999996
45,N84621,Clonazepam_Tab 500mcg,0408010F0AAABAB,3,1.898399999999996
46,N84015,Clonazepam_Tab 500mcg,0408010F0AAABAB,1,1.898399999999996
47,N84028,Clonazepam_Tab 500mcg,0408010F0AAABAB,3,1.898399999999996
43,N84025,Clonazepam_Tab 500mcg,0408010F0AAABAB,3,1.898399999999996
9,N84011,Amiodarone HCl_Tab 200mg,0203020D0AAABAB,5,1.7500000000000016
12,N84019,Amiodarone HCl_Tab 200mg,0203020D0AAABAB,5,1.7500000000000016
11,N84034,Amiodarone HCl_Tab 200mg,0203020D0AAABAB,5,1.7500000000000016
10,N84041,Amiodarone HCl_Tab 200mg,0203020D0AAABAB,5,1.7500000000000016
49,N84007,Clonazepam_Tab 500mcg,0408010F0AAABAB,1,1.5819999999999967
48,N84016,Clonazepam_Tab 500mcg,0408010F0AAABAB,1,1.5819999999999967
107,N84001,Amisulpride_Tab 400mg,0402010A0AAAEAE,3,1.4448000000000087
129,N84025,Co-Codamol_Cap 8mg/500mg,0407010F0AAABAB,9,1.4400000000000164
130,N84025,Co-Codamol_Cap 8mg/500mg,0407010F0AAABAB,9,1.4400000000000164
88,N84029,Pyridox HCl_Tab 50mg,0906024N0AAAIAI,1,1.4364000000000003
87,N84003,Pyridox HCl_Tab 50mg,0906024N0AAAIAI,1,1.4364000000000003
90,N84007,Pyridox HCl_Tab 50mg,0906024N0AAAIAI,1,1.4364000000000003
91,N84621,Pyridox HCl_Tab 50mg,0906024N0AAAIAI,1,1.4364000000000003
89,N84027,Pyridox HCl_Tab 50mg,0906024N0AAAIAI,1,1.4364000000000003
13,N84605,Amiodarone HCl_Tab 200mg,0203020D0AAABAB,4,1.4000000000000012
14,N84020,Amiodarone HCl_Tab 200mg,0203020D0AAABAB,4,1.4000000000000012
15,N84028,Amiodarone HCl_Tab 200mg,0203020D0AAABAB,4,1.4000000000000012
16,N84002,Amiodarone HCl_Tab 200mg,0203020D0AAABAB,4,1.4000000000000012
17,N84015,Amiodarone HCl_Tab 200mg,0203020D0AAABAB,4,1.4000000000000012
18,N84004,Amiodarone HCl_Tab 200mg,0203020D0AAABAB,4,1.4000000000000012
170,N84003,Topiramate_Cap 50mg,040801050AAAWAW,1,1.2839999999999985
169,N84007,Topiramate_Cap 50mg,040801050AAAWAW,1,1.2839999999999985
51,Y00446,Clonazepam_Tab 500mcg,0408010F0AAABAB,2,1.2655999999999974
52,N84029,Clonazepam_Tab 500mcg,0408010F0AAABAB,1,1.2655999999999974
50,N84003,Clonazepam_Tab 500mcg,0408010F0AAABAB,2,1.2655999999999974
106,N84015,Topiramate_Tab 200mg,040801050AAACAC,1,1.1647999999999992
105,N84035,Topiramate_Tab 200mg,040801050AAACAC,1,1.1647999999999992
53,N84002,Clonazepam_Tab 500mcg,0408010F0AAABAB,2,1.1399999999999966
54,N84016,Clonazepam_Tab 500mcg,0408010F0AAABAB,1,1.1299999999999977
20,N84026,Amiodarone HCl_Tab 200mg,0203020D0AAABAB,3,1.050000000000001
19,N84035,Amiodarone HCl_Tab 200mg,0203020D0AAABAB,3,1.050000000000001
108,N84004,Amisulpride_Tab 400mg,0402010A0AAAEAE,2,0.9632000000000058
92,N84025,Pyridox HCl_Tab 50mg,0906024N0AAAIAI,1,0.9576000000000002
95,N84034,Pyridox HCl_Tab 50mg,0906024N0AAAIAI,1,0.9576000000000002
94,N84038,Pyridox HCl_Tab 50mg,0906024N0AAAIAI,1,0.9576000000000002
93,N84028,Pyridox HCl_Tab 50mg,0906024N0AAAIAI,2,0.9576000000000002
96,N84029,Pyridox HCl_Tab 50mg,0906024N0AAAIAI,2,0.9576000000000002
61,N84011,Clonazepam_Tab 500mcg,0408010F0AAABAB,1,0.949199999999998
60,N84020,Clonazepam_Tab 500mcg,0408010F0AAABAB,1,0.949199999999998
59,N84015,Clonazepam_Tab 500mcg,0408010F0AAABAB,3,0.949199999999998
58,N84019,Clonazepam_Tab 500mcg,0408010F0AAABAB,1,0.949199999999998
57,N84016,Clonazepam_Tab 500mcg,0408010F0AAABAB,1,0.949199999999998
56,N84023,Clonazepam_Tab 500mcg,0408010F0AAABAB,1,0.949199999999998
55,N84038,Clonazepam_Tab 500mcg,0408010F0AAABAB,1,0.949199999999998
109,N84015,Amisulpride_Tab 400mg,0402010A0AAAEAE,1,0.7830000000000037
26,N84627,Amiodarone HCl_Tab 200mg,0203020D0AAABAB,2,0.7000000000000006
27,N84041,Amiodarone HCl_Tab 200mg,0203020D0AAABAB,1,0.7000000000000006
22,N84029,Amiodarone HCl_Tab 200mg,0203020D0AAABAB,2,0.7000000000000006
29,N84038,Amiodarone HCl_Tab 200mg,0203020D0AAABAB,2,0.7000000000000006
23,N84020,Amiodarone HCl_Tab 200mg,0203020D0AAABAB,1,0.7000000000000006
28,N84027,Amiodarone HCl_Tab 200mg,0203020D0AAABAB,2,0.7000000000000006
25,N84035,Amiodarone HCl_Tab 200mg,0203020D0AAABAB,1,0.7000000000000006
21,N84004,Amiodarone HCl_Tab 200mg,0203020D0AAABAB,1,0.7000000000000006
24,N84621,Amiodarone HCl_Tab 200mg,0203020D0AAABAB,2,0.7000000000000006
62,N84630,Clonazepam_Tab 500mcg,0408010F0AAABAB,1,0.6779999999999986
131,N84004,Co-Codamol_Cap 8mg/500mg,0407010F0AAABAB,4,0.6400000000000072
132,N84004,Co-Codamol_Cap 8mg/500mg,0407010F0AAABAB,4,0.6400000000000072
69,N84004,Clonazepam_Tab 500mcg,0408010F0AAABAB,1,0.6327999999999987
68,N84001,Clonazepam_Tab 500mcg,0408010F0AAABAB,1,0.6327999999999987
67,N84004,Clonazepam_Tab 500mcg,0408010F0AAABAB,4,0.6327999999999987
66,N84020,Clonazepam_Tab 500mcg,0408010F0AAABAB,1,0.6327999999999987
65,N84023,Clonazepam_Tab 500mcg,0408010F0AAABAB,1,0.6327999999999987
64,N84004,Clonazepam_Tab 500mcg,0408010F0AAABAB,2,0.6327999999999987
63,N84027,Clonazepam_Tab 500mcg,0408010F0AAABAB,1,0.6327999999999987
110,N84615,Amisulpride_Tab 400mg,0402010A0AAAEAE,5,0.6020000000000036
111,N84011,Amisulpride_Tab 400mg,0402010A0AAAEAE,3,0.5607000000000012
112,N84023,Amisulpride_Tab 400mg,0402010A0AAAEAE,1,0.5220000000000025
113,N84001,Amisulpride_Tab 400mg,0402010A0AAAEAE,1,0.5220000000000025
114,N84015,Amisulpride_Tab 400mg,0402010A0AAAEAE,1,0.5220000000000025
115,N84025,Amisulpride_Tab 400mg,0402010A0AAAEAE,1,0.5220000000000025
116,N84028,Amisulpride_Tab 400mg,0402010A0AAAEAE,1,0.5220000000000025
123,N84615,Amisulpride_Tab 400mg,0402010A0AAAEAE,1,0.4816000000000029
122,N84023,Amisulpride_Tab 400mg,0402010A0AAAEAE,1,0.4816000000000029
118,N84630,Amisulpride_Tab 400mg,0402010A0AAAEAE,1,0.4816000000000029
121,N84043,Amisulpride_Tab 400mg,0402010A0AAAEAE,1,0.4816000000000029
120,N84028,Amisulpride_Tab 400mg,0402010A0AAAEAE,1,0.4816000000000029
119,N84027,Amisulpride_Tab 400mg,0402010A0AAAEAE,4,0.4816000000000029
117,N84028,Amisulpride_Tab 400mg,0402010A0AAAEAE,2,0.4816000000000029
133,N84023,Co-Codamol_Cap 8mg/500mg,0407010F0AAABAB,3,0.4800000000000054
134,N84003,Co-Codamol_Cap 8mg/500mg,0407010F0AAABAB,3,0.4800000000000054
135,N84023,Co-Codamol_Cap 8mg/500mg,0407010F0AAABAB,3,0.4800000000000054
136,N84003,Co-Codamol_Cap 8mg/500mg,0407010F0AAABAB,3,0.4800000000000054
99,N84007,Pyridox HCl_Tab 50mg,0906024N0AAAIAI,1,0.4788000000000001
98,N84016,Pyridox HCl_Tab 50mg,0906024N0AAAIAI,1,0.4788000000000001
97,N84020,Pyridox HCl_Tab 50mg,0906024N0AAAIAI,1,0.4788000000000001
30,N84025,Amiodarone HCl_Tab 200mg,0203020D0AAABAB,1,0.4340000000000008
31,N84001,Amiodarone HCl_Tab 200mg,0203020D0AAABAB,1,0.4250000000000004
32,N84034,Amiodarone HCl_Tab 200mg,0203020D0AAABAB,5,0.4235
125,N84038,Amisulpride_Tab 400mg,0402010A0AAAEAE,3,0.3612000000000022
124,N84627,Amisulpride_Tab 400mg,0402010A0AAAEAE,3,0.3612000000000022
140,N84025,Co-Codamol_Cap 8mg/500mg,0407010F0AAABAB,1,0.35840000000000405
139,N84015,Co-Codamol_Cap 8mg/500mg,0407010F0AAABAB,1,0.35840000000000405
138,N84015,Co-Codamol_Cap 8mg/500mg,0407010F0AAABAB,1,0.35840000000000405
137,N84025,Co-Codamol_Cap 8mg/500mg,0407010F0AAABAB,1,0.35840000000000405
34,Y00446,Amiodarone HCl_Tab 200mg,0203020D0AAABAB,1,0.3500000000000003
38,N84043,Amiodarone HCl_Tab 200mg,0203020D0AAABAB,1,0.3500000000000003
37,N84615,Amiodarone HCl_Tab 200mg,0203020D0AAABAB,1,0.3500000000000003
33,N84007,Amiodarone HCl_Tab 200mg,0203020D0AAABAB,1,0.3500000000000003
36,N84626,Amiodarone HCl_Tab 200mg,0203020D0AAABAB,1,0.3500000000000003
35,N84624,Amiodarone HCl_Tab 200mg,0203020D0AAABAB,1,0.3500000000000003
39,Y03793,Amiodarone HCl_Tab 200mg,0203020D0AAABAB,1,0.3500000000000003
40,N84010,Amiodarone HCl_Tab 200mg,0203020D0AAABAB,1,0.3500000000000003
141,N84001,Co-Codamol_Cap 8mg/500mg,0407010F0AAABAB,1,0.3200000000000036
142,N84001,Co-Codamol_Cap 8mg/500mg,0407010F0AAABAB,1,0.3200000000000036
76,N84626,Clonazepam_Tab 500mcg,0408010F0AAABAB,1,0.31639999999999935
77,N84023,Clonazepam_Tab 500mcg,0408010F0AAABAB,1,0.31639999999999935
75,N84001,Clonazepam_Tab 500mcg,0408010F0AAABAB,1,0.31639999999999935
74,N84029,Clonazepam_Tab 500mcg,0408010F0AAABAB,1,0.31639999999999935
73,N84027,Clonazepam_Tab 500mcg,0408010F0AAABAB,1,0.31639999999999935
72,N84016,Clonazepam_Tab 500mcg,0408010F0AAABAB,1,0.31639999999999935
71,N84011,Clonazepam_Tab 500mcg,0408010F0AAABAB,1,0.31639999999999935
70,N84020,Clonazepam_Tab 500mcg,0408010F0AAABAB,1,0.31639999999999935
78,N84630,Clonazepam_Tab 500mcg,0408010F0AAABAB,1,0.31639999999999935
79,N84025,Clonazepam_Tab 500mcg,0408010F0AAABAB,1,0.31639999999999935
41,N84615,Amiodarone HCl_Tab 200mg,0203020D0AAABAB,3,0.2541
127,N84025,Amisulpride_Tab 400mg,0402010A0AAAEAE,1,0.24080000000000146
126,N84011,Amisulpride_Tab 400mg,0402010A0AAAEAE,1,0.24080000000000146
128,N84621,Amisulpride_Tab 400mg,0402010A0AAAEAE,1,0.24080000000000146
144,N84621,Co-Codamol_Cap 8mg/500mg,0407010F0AAABAB,2,0.19200000000000217
143,N84621,Co-Codamol_Cap 8mg/500mg,0407010F0AAABAB,2,0.19200000000000217
156,N84029,Co-Codamol_Cap 8mg/500mg,0407010F0AAABAB,1,0.1600000000000018
152,N84019,Co-Codamol_Cap 8mg/500mg,0407010F0AAABAB,1,0.1600000000000018
158,N84626,Co-Codamol_Cap 8mg/500mg,0407010F0AAABAB,1,0.1600000000000018
157,N84007,Co-Codamol_Cap 8mg/500mg,0407010F0AAABAB,1,0.1600000000000018
155,N84626,Co-Codamol_Cap 8mg/500mg,0407010F0AAABAB,1,0.1600000000000018
154,N84019,Co-Codamol_Cap 8mg/500mg,0407010F0AAABAB,1,0.1600000000000018
153,N84010,Co-Codamol_Cap 8mg/500mg,0407010F0AAABAB,1,0.1600000000000018
148,N84001,Co-Codamol_Cap 8mg/500mg,0407010F0AAABAB,1,0.1600000000000018
151,N84029,Co-Codamol_Cap 8mg/500mg,0407010F0AAABAB,1,0.1600000000000018
150,N84001,Co-Codamol_Cap 8mg/500mg,0407010F0AAABAB,1,0.1600000000000018
149,N84007,Co-Codamol_Cap 8mg/500mg,0407010F0AAABAB,1,0.1600000000000018
145,N84010,Co-Codamol_Cap 8mg/500mg,0407010F0AAABAB,1,0.1600000000000018
147,N84621,Co-Codamol_Cap 8mg/500mg,0407010F0AAABAB,1,0.1600000000000018
146,N84621,Co-Codamol_Cap 8mg/500mg,0407010F0AAABAB,1,0.1600000000000018
80,N84007,Clonazepam_Tab 500mcg,0408010F0AAABAB,1,0.15819999999999967
83,N84025,Clonazepam_Tab 500mcg,0408010F0AAABAB,1,0.15819999999999967
82,N84015,Clonazepam_Tab 500mcg,0408010F0AAABAB,1,0.15819999999999967
81,N84023,Clonazepam_Tab 500mcg,0408010F0AAABAB,1,0.15819999999999967
161,N84003,Co-Codamol_Cap 8mg/500mg,0407010F0AAABAB,1,0.09600000000000108
160,N84028,Co-Codamol_Cap 8mg/500mg,0407010F0AAABAB,1,0.09600000000000108
159,N84028,Co-Codamol_Cap 8mg/500mg,0407010F0AAABAB,1,0.09600000000000108
162,N84003,Co-Codamol_Cap 8mg/500mg,0407010F0AAABAB,1,0.09600000000000108
163,N84041,Co-Codamol_Cap 8mg/500mg,0407010F0AAABAB,1,0.06400000000000072
164,N84041,Co-Codamol_Cap 8mg/500mg,0407010F0AAABAB,1,0.06400000000000072
165,N84626,Co-Codamol_Cap 8mg/500mg,0407010F0AAABAB,1,0.044800000000000506
166,N84626,Co-Codamol_Cap 8mg/500mg,0407010F0AAABAB,1,0.044800000000000506
