,practice_code,bnf_description,bnf_code,items,excess_cost
50,D82025,Memantine HCl_Tab 20mg,0411000G0AAADAD,23,191.71880000000002
296,D82053,Aripiprazole_Tab 10mg,0402010ADAAAAAA,1,174.4624
0,D82005,Pregabalin_Cap 50mg,0408010AEAAABAB,7,171.22560000000001
472,D82053,Aripiprazole_Tab 15mg,0402010ADAAABAB,7,151.0425
1,D82004,Pregabalin_Cap 50mg,0408010AEAAABAB,6,114.1728
222,D82054,Pregabalin_Cap 100mg,0408010AEAAADAD,15,113.82000000000001
211,D82005,Atorvastatin_Tab 20mg,0212000B0AAABAB,384,112.89600000000003
238,D82025,Quetiapine_Tab 25mg,0402010ABAAABAB,7,98.448
223,D82054,Pregabalin_Cap 100mg,0408010AEAAADAD,5,85.34400000000001
51,D82032,Memantine HCl_Tab 20mg,0411000G0AAADAD,9,63.92610000000001
52,D82054,Memantine HCl_Tab 20mg,0411000G0AAADAD,13,63.882000000000005
2,D82053,Pregabalin_Cap 50mg,0408010AEAAABAB,3,60.312
421,D82004,Sumatriptan_Tab 50mg,0407041T0AAAFAF,10,55.008
212,D82009,Atorvastatin_Tab 20mg,0212000B0AAABAB,373,45.95360000000001
239,D82032,Quetiapine_Tab 25mg,0402010ABAAABAB,1,45.9396
422,D82029,Sumatriptan_Tab 50mg,0407041T0AAAFAF,21,38.1276
240,D82032,Quetiapine_Tab 25mg,0402010ABAAABAB,5,32.82
224,D82059,Pregabalin_Cap 100mg,0408010AEAAADAD,4,28.462
423,D82009,Sumatriptan_Tab 50mg,0407041T0AAAFAF,23,27.50339999999999
424,D82080,Sumatriptan_Tab 50mg,0407041T0AAAFAF,9,27.5022
3,D82009,Pregabalin_Cap 50mg,0408010AEAAABAB,4,24.48
213,D82059,Atorvastatin_Tab 20mg,0212000B0AAABAB,309,23.36040000000001
214,D82054,Atorvastatin_Tab 20mg,0212000B0AAABAB,751,23.13080000000008
215,D82030,Atorvastatin_Tab 20mg,0212000B0AAABAB,160,22.848000000000003
66,D82005,Paracet_Tab 500mg,0407010H0AAAMAM,192,17.28000000000003
65,D82005,Paracet_Tab 500mg,0407010H0AAAMAM,192,17.28000000000003
4,D82009,Pregabalin_Cap 50mg,0408010AEAAABAB,4,16.313599999999997
68,D82009,Paracet_Tab 500mg,0407010H0AAAMAM,56,14.55999999999999
67,D82009,Paracet_Tab 500mg,0407010H0AAAMAM,56,14.55999999999999
70,D82004,Paracet_Tab 500mg,0407010H0AAAMAM,109,12.20800000000001
69,D82004,Paracet_Tab 500mg,0407010H0AAAMAM,109,12.20800000000001
72,D82066,Paracet_Tab 500mg,0407010H0AAAMAM,50,11.20000000000001
71,D82066,Paracet_Tab 500mg,0407010H0AAAMAM,50,11.20000000000001
73,D82009,Paracet_Tab 500mg,0407010H0AAAMAM,109,9.810000000000016
74,D82009,Paracet_Tab 500mg,0407010H0AAAMAM,109,9.810000000000016
75,D82005,Paracet_Tab 500mg,0407010H0AAAMAM,83,9.296000000000008
76,D82005,Paracet_Tab 500mg,0407010H0AAAMAM,83,9.296000000000008
77,D82059,Paracet_Tab 500mg,0407010H0AAAMAM,76,7.600000000000007
78,D82059,Paracet_Tab 500mg,0407010H0AAAMAM,76,7.600000000000007
79,D82059,Paracet_Tab 500mg,0407010H0AAAMAM,120,7.199999999999998
80,D82059,Paracet_Tab 500mg,0407010H0AAAMAM,120,7.199999999999998
82,D82066,Paracet_Tab 500mg,0407010H0AAAMAM,27,5.745600000000008
81,D82066,Paracet_Tab 500mg,0407010H0AAAMAM,27,5.745600000000008
84,D82628,Paracet_Tab 500mg,0407010H0AAAMAM,32,5.120000000000003
83,D82628,Paracet_Tab 500mg,0407010H0AAAMAM,32,5.120000000000003
85,D82066,Paracet_Tab 500mg,0407010H0AAAMAM,17,5.099999999999999
86,D82066,Paracet_Tab 500mg,0407010H0AAAMAM,17,5.099999999999999
304,D82004,Clonazepam_Tab 500mcg,0408010F0AAABAB,8,5.06239999999999
87,D82005,Paracet_Tab 500mg,0407010H0AAAMAM,62,4.960000000000013
88,D82005,Paracet_Tab 500mg,0407010H0AAAMAM,62,4.960000000000013
305,D82054,Clonazepam_Tab 500mcg,0408010F0AAABAB,5,4.74599999999999
89,D82030,Paracet_Tab 500mg,0407010H0AAAMAM,117,4.680000000000012
90,D82030,Paracet_Tab 500mg,0407010H0AAAMAM,117,4.680000000000012
306,D82028,Clonazepam_Tab 500mcg,0408010F0AAABAB,4,4.519999999999991
307,D82080,Clonazepam_Tab 500mcg,0408010F0AAABAB,7,4.429599999999991
308,D82054,Clonazepam_Tab 500mcg,0408010F0AAABAB,13,4.113199999999992
309,D82028,Clonazepam_Tab 500mcg,0408010F0AAABAB,13,4.113199999999992
310,D82001,Clonazepam_Tab 500mcg,0408010F0AAABAB,2,4.067999999999992
312,D82029,Clonazepam_Tab 500mcg,0408010F0AAABAB,12,3.796799999999992
311,D82054,Clonazepam_Tab 500mcg,0408010F0AAABAB,2,3.796799999999992
316,D82004,Clonazepam_Tab 500mcg,0408010F0AAABAB,3,3.389999999999993
315,D82054,Clonazepam_Tab 500mcg,0408010F0AAABAB,5,3.389999999999993
314,D82104,Clonazepam_Tab 500mcg,0408010F0AAABAB,5,3.389999999999993
313,D82062,Clonazepam_Tab 500mcg,0408010F0AAABAB,1,3.389999999999993
92,D82059,Paracet_Tab 500mg,0407010H0AAAMAM,14,3.360000000000003
91,D82059,Paracet_Tab 500mg,0407010H0AAAMAM,14,3.360000000000003
425,D82054,Sumatriptan_Tab 50mg,0407041T0AAAFAF,26,3.2603999999999873
317,D82062,Clonazepam_Tab 500mcg,0408010F0AAABAB,5,3.1639999999999935
318,D82104,Clonazepam_Tab 500mcg,0408010F0AAABAB,5,3.1639999999999935
319,D82029,Clonazepam_Tab 500mcg,0408010F0AAABAB,5,2.8499999999999917
320,D82053,Clonazepam_Tab 500mcg,0408010F0AAABAB,4,2.531199999999995
321,D82059,Clonazepam_Tab 500mcg,0408010F0AAABAB,4,2.531199999999995
322,D82104,Clonazepam_Tab 500mcg,0408010F0AAABAB,8,2.531199999999995
323,D82029,Clonazepam_Tab 500mcg,0408010F0AAABAB,4,2.531199999999995
324,D82032,Clonazepam_Tab 500mcg,0408010F0AAABAB,2,2.2599999999999953
327,D82001,Clonazepam_Tab 500mcg,0408010F0AAABAB,7,2.2147999999999954
326,D82062,Clonazepam_Tab 500mcg,0408010F0AAABAB,7,2.2147999999999954
325,D82009,Clonazepam_Tab 500mcg,0408010F0AAABAB,7,2.2147999999999954
330,D82005,Clonazepam_Tab 500mcg,0408010F0AAABAB,6,1.898399999999996
328,D82029,Clonazepam_Tab 500mcg,0408010F0AAABAB,12,1.898399999999996
331,D82004,Clonazepam_Tab 500mcg,0408010F0AAABAB,1,1.898399999999996
329,D82062,Clonazepam_Tab 500mcg,0408010F0AAABAB,2,1.898399999999996
93,D82053,Paracet_Tab 500mg,0407010H0AAAMAM,93,1.860000000000021
94,D82053,Paracet_Tab 500mg,0407010H0AAAMAM,93,1.860000000000021
332,D82009,Clonazepam_Tab 500mcg,0408010F0AAABAB,5,1.6949999999999965
333,D82029,Clonazepam_Tab 500mcg,0408010F0AAABAB,1,1.5819999999999967
334,D82104,Clonazepam_Tab 500mcg,0408010F0AAABAB,1,1.5819999999999967
335,D82005,Clonazepam_Tab 500mcg,0408010F0AAABAB,1,1.5819999999999967
336,D82059,Clonazepam_Tab 500mcg,0408010F0AAABAB,6,1.579199999999994
337,D82001,Clonazepam_Tab 500mcg,0408010F0AAABAB,9,1.423799999999997
340,D82030,Clonazepam_Tab 500mcg,0408010F0AAABAB,2,1.3559999999999972
339,D82054,Clonazepam_Tab 500mcg,0408010F0AAABAB,4,1.3559999999999972
338,D82059,Clonazepam_Tab 500mcg,0408010F0AAABAB,4,1.3559999999999972
346,D82028,Clonazepam_Tab 500mcg,0408010F0AAABAB,2,1.2655999999999974
351,D82016,Clonazepam_Tab 500mcg,0408010F0AAABAB,2,1.2655999999999974
350,D82053,Clonazepam_Tab 500mcg,0408010F0AAABAB,1,1.2655999999999974
352,D82001,Clonazepam_Tab 500mcg,0408010F0AAABAB,1,1.2655999999999974
353,D82025,Clonazepam_Tab 500mcg,0408010F0AAABAB,2,1.2655999999999974
354,D82062,Clonazepam_Tab 500mcg,0408010F0AAABAB,1,1.2655999999999974
347,D82016,Clonazepam_Tab 500mcg,0408010F0AAABAB,1,1.2655999999999974
343,D82030,Clonazepam_Tab 500mcg,0408010F0AAABAB,2,1.2655999999999974
345,D82029,Clonazepam_Tab 500mcg,0408010F0AAABAB,16,1.2655999999999974
344,D82004,Clonazepam_Tab 500mcg,0408010F0AAABAB,1,1.2655999999999974
348,D82030,Clonazepam_Tab 500mcg,0408010F0AAABAB,1,1.2655999999999974
341,D82009,Clonazepam_Tab 500mcg,0408010F0AAABAB,1,1.2655999999999974
342,D82001,Clonazepam_Tab 500mcg,0408010F0AAABAB,2,1.2655999999999974
349,D82004,Clonazepam_Tab 500mcg,0408010F0AAABAB,4,1.2655999999999974
355,D82001,Clonazepam_Tab 500mcg,0408010F0AAABAB,1,1.1299999999999977
356,D82104,Clonazepam_Tab 500mcg,0408010F0AAABAB,1,1.1299999999999977
357,D82005,Clonazepam_Tab 500mcg,0408010F0AAABAB,1,1.1299999999999977
358,D82053,Clonazepam_Tab 500mcg,0408010F0AAABAB,1,1.1299999999999977
359,D82016,Clonazepam_Tab 500mcg,0408010F0AAABAB,1,1.1299999999999977
360,D82029,Clonazepam_Tab 500mcg,0408010F0AAABAB,1,1.1299999999999977
361,D82066,Clonazepam_Tab 500mcg,0408010F0AAABAB,1,1.1299999999999977
362,D82016,Clonazepam_Tab 500mcg,0408010F0AAABAB,1,1.1073999999999977
216,D82029,Atorvastatin_Tab 20mg,0212000B0AAABAB,388,1.0864000000000311
364,D82028,Clonazepam_Tab 500mcg,0408010F0AAABAB,3,1.016999999999998
363,D82066,Clonazepam_Tab 500mcg,0408010F0AAABAB,1,1.016999999999998
365,D82066,Clonazepam_Tab 500mcg,0408010F0AAABAB,3,1.016999999999998
366,D82059,Clonazepam_Tab 500mcg,0408010F0AAABAB,1,1.016999999999998
367,D82009,Clonazepam_Tab 500mcg,0408010F0AAABAB,1,1.016999999999998
368,D82025,Clonazepam_Tab 500mcg,0408010F0AAABAB,3,1.016999999999998
375,D82080,Clonazepam_Tab 500mcg,0408010F0AAABAB,3,0.949199999999998
369,D82104,Clonazepam_Tab 500mcg,0408010F0AAABAB,6,0.949199999999998
370,D82029,Clonazepam_Tab 500mcg,0408010F0AAABAB,1,0.949199999999998
371,D82004,Clonazepam_Tab 500mcg,0408010F0AAABAB,1,0.949199999999998
372,D82066,Clonazepam_Tab 500mcg,0408010F0AAABAB,3,0.949199999999998
373,D82628,Clonazepam_Tab 500mcg,0408010F0AAABAB,3,0.949199999999998
377,D82032,Clonazepam_Tab 500mcg,0408010F0AAABAB,1,0.949199999999998
378,D82025,Clonazepam_Tab 500mcg,0408010F0AAABAB,3,0.949199999999998
379,D82016,Clonazepam_Tab 500mcg,0408010F0AAABAB,1,0.949199999999998
374,D82053,Clonazepam_Tab 500mcg,0408010F0AAABAB,6,0.949199999999998
376,D82016,Clonazepam_Tab 500mcg,0408010F0AAABAB,3,0.949199999999998
380,D82054,Clonazepam_Tab 500mcg,0408010F0AAABAB,5,0.7909999999999984
381,D82004,Clonazepam_Tab 500mcg,0408010F0AAABAB,3,0.7118999999999985
382,D82025,Clonazepam_Tab 500mcg,0408010F0AAABAB,1,0.6779999999999986
388,D82062,Clonazepam_Tab 500mcg,0408010F0AAABAB,1,0.6779999999999986
389,D82628,Clonazepam_Tab 500mcg,0408010F0AAABAB,2,0.6779999999999986
384,D82032,Clonazepam_Tab 500mcg,0408010F0AAABAB,2,0.6779999999999986
383,D82032,Clonazepam_Tab 500mcg,0408010F0AAABAB,1,0.6779999999999986
385,D82005,Clonazepam_Tab 500mcg,0408010F0AAABAB,1,0.6779999999999986
386,D82028,Clonazepam_Tab 500mcg,0408010F0AAABAB,1,0.6779999999999986
387,D82104,Clonazepam_Tab 500mcg,0408010F0AAABAB,2,0.6779999999999986
392,D82059,Clonazepam_Tab 500mcg,0408010F0AAABAB,4,0.6327999999999987
391,D82005,Clonazepam_Tab 500mcg,0408010F0AAABAB,1,0.6327999999999987
390,D82025,Clonazepam_Tab 500mcg,0408010F0AAABAB,4,0.6327999999999987
394,D82009,Clonazepam_Tab 500mcg,0408010F0AAABAB,1,0.6327999999999987
395,D82030,Clonazepam_Tab 500mcg,0408010F0AAABAB,2,0.6327999999999987
393,D82080,Clonazepam_Tab 500mcg,0408010F0AAABAB,8,0.6327999999999987
396,D82004,Clonazepam_Tab 500mcg,0408010F0AAABAB,1,0.6101999999999987
399,D82004,Clonazepam_Tab 500mcg,0408010F0AAABAB,1,0.5699999999999983
398,D82030,Clonazepam_Tab 500mcg,0408010F0AAABAB,1,0.5699999999999983
397,D82104,Clonazepam_Tab 500mcg,0408010F0AAABAB,1,0.5699999999999983
401,D82004,Clonazepam_Tab 500mcg,0408010F0AAABAB,1,0.474599999999999
403,D82080,Clonazepam_Tab 500mcg,0408010F0AAABAB,3,0.474599999999999
404,D82062,Clonazepam_Tab 500mcg,0408010F0AAABAB,2,0.474599999999999
400,D82104,Clonazepam_Tab 500mcg,0408010F0AAABAB,1,0.474599999999999
402,D82029,Clonazepam_Tab 500mcg,0408010F0AAABAB,1,0.474599999999999
405,D82004,Clonazepam_Tab 500mcg,0408010F0AAABAB,1,0.3389999999999993
406,D82062,Clonazepam_Tab 500mcg,0408010F0AAABAB,1,0.3389999999999993
407,D82030,Clonazepam_Tab 500mcg,0408010F0AAABAB,1,0.3389999999999993
413,D82016,Clonazepam_Tab 500mcg,0408010F0AAABAB,4,0.31639999999999935
412,D82032,Clonazepam_Tab 500mcg,0408010F0AAABAB,1,0.31639999999999935
411,D82032,Clonazepam_Tab 500mcg,0408010F0AAABAB,4,0.31639999999999935
410,D82054,Clonazepam_Tab 500mcg,0408010F0AAABAB,4,0.31639999999999935
409,D82005,Clonazepam_Tab 500mcg,0408010F0AAABAB,2,0.31639999999999935
408,D82053,Clonazepam_Tab 500mcg,0408010F0AAABAB,1,0.31639999999999935
415,D82009,Clonazepam_Tab 500mcg,0408010F0AAABAB,1,0.174
414,D82030,Clonazepam_Tab 500mcg,0408010F0AAABAB,1,0.174
416,D82004,Clonazepam_Tab 500mcg,0408010F0AAABAB,1,0.15819999999999967
420,D82062,Clonazepam_Tab 500mcg,0408010F0AAABAB,1,0.15819999999999967
419,D82032,Clonazepam_Tab 500mcg,0408010F0AAABAB,1,0.15819999999999967
418,D82009,Clonazepam_Tab 500mcg,0408010F0AAABAB,1,0.15819999999999967
417,D82016,Clonazepam_Tab 500mcg,0408010F0AAABAB,1,0.15819999999999967
5,D82029,Pregabalin_Cap 50mg,0408010AEAAABAB,24,0.13440000000000385
473,D82029,Aripiprazole_Tab 15mg,0402010ADAAABAB,29,0.11309999999999962
96,D82001,Paracet_Tab 500mg,0407010H0AAAMAM,25,0.10499999999999937
95,D82001,Paracet_Tab 500mg,0407010H0AAAMAM,25,0.10499999999999937
6,D82004,Pregabalin_Cap 50mg,0408010AEAAABAB,17,0.09520000000000273
7,D82054,Pregabalin_Cap 50mg,0408010AEAAABAB,14,0.07840000000000225
8,D82001,Pregabalin_Cap 50mg,0408010AEAAABAB,14,0.07840000000000225
9,D82066,Pregabalin_Cap 50mg,0408010AEAAABAB,13,0.07280000000000209
53,D82029,Memantine HCl_Tab 20mg,0411000G0AAADAD,14,0.06859999999999992
241,D82029,Quetiapine_Tab 25mg,0402010ABAAABAB,12,0.06719999999999726
10,D82025,Pregabalin_Cap 50mg,0408010AEAAABAB,11,0.061600000000001764
54,D82004,Memantine HCl_Tab 20mg,0411000G0AAADAD,12,0.058799999999999936
11,D82005,Pregabalin_Cap 50mg,0408010AEAAABAB,10,0.056000000000001604
97,D82029,Paracet_Tab 500mg,0407010H0AAAMAM,13,0.05459999999999967
98,D82029,Paracet_Tab 500mg,0407010H0AAAMAM,13,0.05459999999999967
55,D82025,Memantine HCl_Tab 20mg,0411000G0AAADAD,11,0.05389999999999994
12,D82062,Pregabalin_Cap 50mg,0408010AEAAABAB,9,0.050400000000001444
56,D82080,Memantine HCl_Tab 20mg,0411000G0AAADAD,10,0.048999999999999946
13,D82029,Pregabalin_Cap 50mg,0408010AEAAABAB,11,0.046199999999999186
14,D82059,Pregabalin_Cap 50mg,0408010AEAAABAB,8,0.04480000000000128
242,D82001,Quetiapine_Tab 25mg,0402010ABAAABAB,8,0.044799999999998175
15,D82030,Pregabalin_Cap 50mg,0408010AEAAABAB,7,0.03920000000000112
225,D82080,Pregabalin_Cap 100mg,0408010AEAAADAD,8,0.039200000000000346
57,D82104,Memantine HCl_Tab 20mg,0411000G0AAADAD,8,0.03919999999999996
104,D82080,Paracet_Tab 500mg,0407010H0AAAMAM,8,0.0335999999999998
103,D82029,Paracet_Tab 500mg,0407010H0AAAMAM,2,0.0335999999999998
102,D82080,Paracet_Tab 500mg,0407010H0AAAMAM,8,0.0335999999999998
101,D82029,Paracet_Tab 500mg,0407010H0AAAMAM,2,0.0335999999999998
100,D82016,Paracet_Tab 500mg,0407010H0AAAMAM,8,0.0335999999999998
99,D82016,Paracet_Tab 500mg,0407010H0AAAMAM,8,0.0335999999999998
226,D82029,Pregabalin_Cap 100mg,0408010AEAAADAD,5,0.0315000000000009
297,D82025,Aripiprazole_Tab 10mg,0402010ADAAAAAA,5,0.028000000000000802
17,D82059,Pregabalin_Cap 50mg,0408010AEAAABAB,2,0.028000000000000802
16,D82080,Pregabalin_Cap 50mg,0408010AEAAABAB,5,0.028000000000000802
105,D82080,Paracet_Tab 500mg,0407010H0AAAMAM,10,0.02799999999999983
106,D82080,Paracet_Tab 500mg,0407010H0AAAMAM,10,0.02799999999999983
243,D82005,Quetiapine_Tab 25mg,0402010ABAAABAB,5,0.02799999999999886
228,D82066,Pregabalin_Cap 100mg,0408010AEAAADAD,4,0.025200000000000722
244,D82062,Quetiapine_Tab 25mg,0402010ABAAABAB,6,0.025200000000000722
227,D82001,Pregabalin_Cap 100mg,0408010AEAAADAD,4,0.025200000000000722
18,D82004,Pregabalin_Cap 50mg,0408010AEAAABAB,6,0.025199999999999556
108,D82053,Paracet_Tab 500mg,0407010H0AAAMAM,4,0.023999999999999855
107,D82053,Paracet_Tab 500mg,0407010H0AAAMAM,4,0.023999999999999855
19,D82009,Pregabalin_Cap 50mg,0408010AEAAABAB,4,0.02240000000000064
109,D82066,Paracet_Tab 500mg,0407010H0AAAMAM,4,0.022400000000000253
110,D82066,Paracet_Tab 500mg,0407010H0AAAMAM,4,0.022400000000000253
112,D82016,Paracet_Tab 500mg,0407010H0AAAMAM,8,0.022399999999999864
111,D82016,Paracet_Tab 500mg,0407010H0AAAMAM,8,0.022399999999999864
245,D82080,Quetiapine_Tab 25mg,0402010ABAAABAB,4,0.022399999999999087
20,D82009,Pregabalin_Cap 50mg,0408010AEAAABAB,5,0.02099999999999963
21,D82025,Pregabalin_Cap 50mg,0408010AEAAABAB,5,0.02099999999999963
230,D82004,Pregabalin_Cap 100mg,0408010AEAAADAD,4,0.019600000000000173
229,D82030,Pregabalin_Cap 100mg,0408010AEAAADAD,4,0.019600000000000173
231,D82025,Pregabalin_Cap 100mg,0408010AEAAADAD,4,0.019600000000000173
62,D82066,Memantine HCl_Tab 20mg,0411000G0AAADAD,4,0.01959999999999998
61,D82053,Memantine HCl_Tab 20mg,0411000G0AAADAD,4,0.01959999999999998
60,D82001,Memantine HCl_Tab 20mg,0411000G0AAADAD,4,0.01959999999999998
59,D82054,Memantine HCl_Tab 20mg,0411000G0AAADAD,4,0.01959999999999998
58,D82028,Memantine HCl_Tab 20mg,0411000G0AAADAD,4,0.01959999999999998
113,D82025,Paracet_Tab 500mg,0407010H0AAAMAM,7,0.01959999999999988
114,D82025,Paracet_Tab 500mg,0407010H0AAAMAM,7,0.01959999999999988
22,D82104,Pregabalin_Cap 50mg,0408010AEAAABAB,3,0.01680000000000048
246,D82054,Quetiapine_Tab 25mg,0402010ABAAABAB,4,0.01680000000000048
251,D82066,Quetiapine_Tab 25mg,0402010ABAAABAB,2,0.01680000000000048
250,D82009,Quetiapine_Tab 25mg,0402010ABAAABAB,2,0.01680000000000048
249,D82025,Quetiapine_Tab 25mg,0402010ABAAABAB,2,0.01680000000000048
248,D82029,Quetiapine_Tab 25mg,0402010ABAAABAB,2,0.01680000000000048
247,D82004,Quetiapine_Tab 25mg,0402010ABAAABAB,4,0.01680000000000048
298,D82016,Aripiprazole_Tab 10mg,0402010ADAAAAAA,3,0.01680000000000048
23,D82032,Pregabalin_Cap 50mg,0408010AEAAABAB,3,0.01680000000000048
120,D82030,Paracet_Tab 500mg,0407010H0AAAMAM,4,0.0167999999999999
121,D82032,Paracet_Tab 500mg,0407010H0AAAMAM,4,0.0167999999999999
122,D82030,Paracet_Tab 500mg,0407010H0AAAMAM,4,0.0167999999999999
118,D82029,Paracet_Tab 500mg,0407010H0AAAMAM,6,0.0167999999999999
117,D82025,Paracet_Tab 500mg,0407010H0AAAMAM,1,0.0167999999999999
115,D82025,Paracet_Tab 500mg,0407010H0AAAMAM,1,0.0167999999999999
116,D82029,Paracet_Tab 500mg,0407010H0AAAMAM,6,0.0167999999999999
123,D82104,Paracet_Tab 500mg,0407010H0AAAMAM,4,0.0167999999999999
124,D82104,Paracet_Tab 500mg,0407010H0AAAMAM,4,0.0167999999999999
119,D82032,Paracet_Tab 500mg,0407010H0AAAMAM,4,0.0167999999999999
24,D82062,Pregabalin_Cap 50mg,0408010AEAAABAB,4,0.016799999999999704
25,D82001,Pregabalin_Cap 50mg,0408010AEAAABAB,4,0.016799999999999704
252,D82004,Quetiapine_Tab 25mg,0402010ABAAABAB,3,0.016799999999999315
253,D82066,Quetiapine_Tab 25mg,0402010ABAAABAB,3,0.016799999999999315
257,D82030,Quetiapine_Tab 25mg,0402010ABAAABAB,1,0.014000000000000401
254,D82025,Quetiapine_Tab 25mg,0402010ABAAABAB,4,0.014000000000000401
26,D82032,Pregabalin_Cap 50mg,0408010AEAAABAB,1,0.014000000000000401
27,D82080,Pregabalin_Cap 50mg,0408010AEAAABAB,4,0.014000000000000401
256,D82054,Quetiapine_Tab 25mg,0402010ABAAABAB,1,0.014000000000000401
255,D82104,Quetiapine_Tab 25mg,0402010ABAAABAB,1,0.014000000000000401
28,D82016,Pregabalin_Cap 50mg,0408010AEAAABAB,1,0.012800000000000367
232,D82080,Pregabalin_Cap 100mg,0408010AEAAADAD,2,0.012600000000000361
233,D82104,Pregabalin_Cap 100mg,0408010AEAAADAD,2,0.012600000000000361
125,D82062,Paracet_Tab 500mg,0407010H0AAAMAM,3,0.012599999999999924
126,D82062,Paracet_Tab 500mg,0407010H0AAAMAM,3,0.012599999999999924
29,D82080,Pregabalin_Cap 50mg,0408010AEAAABAB,3,0.012599999999999778
132,D82001,Paracet_Tab 500mg,0407010H0AAAMAM,2,0.011999999999999927
131,D82054,Paracet_Tab 500mg,0407010H0AAAMAM,2,0.011999999999999927
130,D82001,Paracet_Tab 500mg,0407010H0AAAMAM,2,0.011999999999999927
129,D82029,Paracet_Tab 500mg,0407010H0AAAMAM,2,0.011999999999999927
128,D82029,Paracet_Tab 500mg,0407010H0AAAMAM,2,0.011999999999999927
127,D82054,Paracet_Tab 500mg,0407010H0AAAMAM,2,0.011999999999999927
299,D82032,Aripiprazole_Tab 10mg,0402010ADAAAAAA,2,0.01120000000000032
31,D82016,Pregabalin_Cap 50mg,0408010AEAAABAB,2,0.01120000000000032
30,D82028,Pregabalin_Cap 50mg,0408010AEAAABAB,2,0.01120000000000032
134,D82001,Paracet_Tab 500mg,0407010H0AAAMAM,4,0.011199999999999932
133,D82001,Paracet_Tab 500mg,0407010H0AAAMAM,4,0.011199999999999932
259,D82016,Quetiapine_Tab 25mg,0402010ABAAABAB,2,0.011199999999999544
258,D82025,Quetiapine_Tab 25mg,0402010ABAAABAB,2,0.011199999999999544
135,D82029,Paracet_Tab 500mg,0407010H0AAAMAM,5,0.010499999999999936
136,D82029,Paracet_Tab 500mg,0407010H0AAAMAM,5,0.010499999999999936
300,D82029,Aripiprazole_Tab 10mg,0402010ADAAAAAA,4,0.008400000000001406
261,D82030,Quetiapine_Tab 25mg,0402010ABAAABAB,1,0.00840000000000024
262,D82628,Quetiapine_Tab 25mg,0402010ABAAABAB,1,0.00840000000000024
263,D82038,Quetiapine_Tab 25mg,0402010ABAAABAB,1,0.00840000000000024
264,D82005,Quetiapine_Tab 25mg,0402010ABAAABAB,1,0.00840000000000024
260,D82104,Quetiapine_Tab 25mg,0402010ABAAABAB,1,0.00840000000000024
137,D82104,Paracet_Tab 500mg,0407010H0AAAMAM,3,0.00839999999999995
138,D82104,Paracet_Tab 500mg,0407010H0AAAMAM,3,0.00839999999999995
32,D82104,Pregabalin_Cap 50mg,0408010AEAAABAB,2,0.008399999999999852
140,D82025,Paracet_Tab 500mg,0407010H0AAAMAM,1,0.00800000000000009
139,D82025,Paracet_Tab 500mg,0407010H0AAAMAM,1,0.00800000000000009
33,D82066,Pregabalin_Cap 50mg,0408010AEAAABAB,2,0.007999999999999674
217,D82104,Atorvastatin_Tab 20mg,0212000B0AAABAB,2,0.00720000000000004
265,D82009,Quetiapine_Tab 25mg,0402010ABAAABAB,3,0.007199999999999707
234,D82005,Pregabalin_Cap 100mg,0408010AEAAADAD,1,0.006000000000000172
141,D82004,Paracet_Tab 500mg,0407010H0AAAMAM,1,0.005999999999999964
142,D82104,Paracet_Tab 500mg,0407010H0AAAMAM,1,0.005999999999999964
143,D82062,Paracet_Tab 500mg,0407010H0AAAMAM,1,0.005999999999999964
144,D82004,Paracet_Tab 500mg,0407010H0AAAMAM,1,0.005999999999999964
145,D82104,Paracet_Tab 500mg,0407010H0AAAMAM,1,0.005999999999999964
146,D82062,Paracet_Tab 500mg,0407010H0AAAMAM,1,0.005999999999999964
34,D82038,Pregabalin_Cap 50mg,0408010AEAAABAB,1,0.00560000000000016
150,D82029,Paracet_Tab 500mg,0407010H0AAAMAM,4,0.005599999999999966
148,D82029,Paracet_Tab 500mg,0407010H0AAAMAM,4,0.005599999999999966
149,D82004,Paracet_Tab 500mg,0407010H0AAAMAM,2,0.005599999999999966
147,D82004,Paracet_Tab 500mg,0407010H0AAAMAM,2,0.005599999999999966
266,D82009,Quetiapine_Tab 25mg,0402010ABAAABAB,1,0.005599999999999772
268,D82054,Quetiapine_Tab 25mg,0402010ABAAABAB,1,0.005599999999999772
267,D82038,Quetiapine_Tab 25mg,0402010ABAAABAB,1,0.005599999999999772
235,D82004,Pregabalin_Cap 100mg,0408010AEAAADAD,1,0.005400000000000155
236,D82104,Pregabalin_Cap 100mg,0408010AEAAADAD,1,0.004900000000000043
269,D82032,Quetiapine_Tab 25mg,0402010ABAAABAB,1,0.004500000000000004
151,D82025,Paracet_Tab 500mg,0407010H0AAAMAM,1,0.004199999999999975
152,D82025,Paracet_Tab 500mg,0407010H0AAAMAM,1,0.004199999999999975
237,D82005,Pregabalin_Cap 100mg,0408010AEAAADAD,1,0.003600000000000006
63,D82005,Memantine HCl_Tab 20mg,0411000G0AAADAD,1,0.003499999999999996
270,D82009,Quetiapine_Tab 25mg,0402010ABAAABAB,1,0.0031999999999998696
426,D82005,Sumatriptan_Tab 50mg,0407041T0AAAFAF,1,0.0031999999999996476
156,D82004,Paracet_Tab 500mg,0407010H0AAAMAM,1,0.002999999999999982
154,D82029,Paracet_Tab 500mg,0407010H0AAAMAM,1,0.002999999999999982
155,D82004,Paracet_Tab 500mg,0407010H0AAAMAM,1,0.002999999999999982
153,D82029,Paracet_Tab 500mg,0407010H0AAAMAM,1,0.002999999999999982
157,D82016,Paracet_Tab 500mg,0407010H0AAAMAM,1,0.002999999999999982
158,D82016,Paracet_Tab 500mg,0407010H0AAAMAM,1,0.002999999999999982
167,D82062,Paracet_Tab 500mg,0407010H0AAAMAM,2,0.002799999999999983
159,D82001,Paracet_Tab 500mg,0407010H0AAAMAM,4,0.002799999999999983
160,D82054,Paracet_Tab 500mg,0407010H0AAAMAM,1,0.002799999999999983
161,D82028,Paracet_Tab 500mg,0407010H0AAAMAM,1,0.002799999999999983
162,D82001,Paracet_Tab 500mg,0407010H0AAAMAM,4,0.002799999999999983
163,D82028,Paracet_Tab 500mg,0407010H0AAAMAM,1,0.002799999999999983
164,D82062,Paracet_Tab 500mg,0407010H0AAAMAM,2,0.002799999999999983
168,D82029,Paracet_Tab 500mg,0407010H0AAAMAM,4,0.002799999999999983
165,D82029,Paracet_Tab 500mg,0407010H0AAAMAM,4,0.002799999999999983
166,D82054,Paracet_Tab 500mg,0407010H0AAAMAM,1,0.002799999999999983
271,D82032,Quetiapine_Tab 25mg,0402010ABAAABAB,1,0.0027000000000000773
170,D82025,Paracet_Tab 500mg,0407010H0AAAMAM,1,0.002400000000000027
169,D82025,Paracet_Tab 500mg,0407010H0AAAMAM,1,0.002400000000000027
272,D82104,Quetiapine_Tab 25mg,0402010ABAAABAB,1,0.0015999999999999348
64,D82029,Memantine HCl_Tab 20mg,0411000G0AAADAD,1,0.0006999999999999992
429,D82030,Sumatriptan_Tab 50mg,0407041T0AAAFAF,2,0.0
428,D82030,Sumatriptan_Tab 50mg,0407041T0AAAFAF,23,0.0
457,D82004,Sumatriptan_Tab 50mg,0407041T0AAAFAF,4,0.0
458,D82104,Sumatriptan_Tab 50mg,0407041T0AAAFAF,2,0.0
427,D82030,Sumatriptan_Tab 50mg,0407041T0AAAFAF,1,0.0
455,D82104,Sumatriptan_Tab 50mg,0407041T0AAAFAF,10,0.0
448,D82053,Sumatriptan_Tab 50mg,0407041T0AAAFAF,12,0.0
449,D82029,Sumatriptan_Tab 50mg,0407041T0AAAFAF,4,0.0
450,D82025,Sumatriptan_Tab 50mg,0407041T0AAAFAF,8,0.0
451,D82062,Sumatriptan_Tab 50mg,0407041T0AAAFAF,1,0.0
452,D82032,Sumatriptan_Tab 50mg,0407041T0AAAFAF,6,0.0
453,D82053,Sumatriptan_Tab 50mg,0407041T0AAAFAF,1,0.0
454,D82053,Sumatriptan_Tab 50mg,0407041T0AAAFAF,7,0.0
460,D82038,Sumatriptan_Tab 50mg,0407041T0AAAFAF,2,0.0
430,D82080,Sumatriptan_Tab 50mg,0407041T0AAAFAF,1,0.0
459,D82066,Sumatriptan_Tab 50mg,0407041T0AAAFAF,10,0.0
444,D82628,Sumatriptan_Tab 50mg,0407041T0AAAFAF,7,0.0
461,D82028,Sumatriptan_Tab 50mg,0407041T0AAAFAF,20,0.0
440,D82016,Sumatriptan_Tab 50mg,0407041T0AAAFAF,21,0.0
470,D82030,Sumatriptan_Tab 50mg,0407041T0AAAFAF,1,0.0
432,D82028,Sumatriptan_Tab 50mg,0407041T0AAAFAF,3,0.0
431,D82030,Sumatriptan_Tab 50mg,0407041T0AAAFAF,1,0.0
433,D82062,Sumatriptan_Tab 50mg,0407041T0AAAFAF,6,0.0
434,D82059,Sumatriptan_Tab 50mg,0407041T0AAAFAF,2,0.0
435,D82059,Sumatriptan_Tab 50mg,0407041T0AAAFAF,9,0.0
436,D82001,Sumatriptan_Tab 50mg,0407041T0AAAFAF,13,0.0
437,D82005,Sumatriptan_Tab 50mg,0407041T0AAAFAF,12,0.0
469,D82062,Sumatriptan_Tab 50mg,0407041T0AAAFAF,13,0.0
468,D82005,Sumatriptan_Tab 50mg,0407041T0AAAFAF,4,0.0
438,D82029,Sumatriptan_Tab 50mg,0407041T0AAAFAF,28,0.0
439,D82038,Sumatriptan_Tab 50mg,0407041T0AAAFAF,5,0.0
441,D82016,Sumatriptan_Tab 50mg,0407041T0AAAFAF,8,0.0
462,D82066,Sumatriptan_Tab 50mg,0407041T0AAAFAF,6,0.0
442,D82104,Sumatriptan_Tab 50mg,0407041T0AAAFAF,9,0.0
443,D82054,Sumatriptan_Tab 50mg,0407041T0AAAFAF,18,0.0
445,D82004,Sumatriptan_Tab 50mg,0407041T0AAAFAF,12,0.0
446,D82032,Sumatriptan_Tab 50mg,0407041T0AAAFAF,12,0.0
447,D82054,Sumatriptan_Tab 50mg,0407041T0AAAFAF,3,0.0
467,D82009,Sumatriptan_Tab 50mg,0407041T0AAAFAF,3,0.0
466,D82001,Sumatriptan_Tab 50mg,0407041T0AAAFAF,3,0.0
465,D82628,Sumatriptan_Tab 50mg,0407041T0AAAFAF,4,0.0
464,D82025,Sumatriptan_Tab 50mg,0407041T0AAAFAF,8,0.0
463,D82029,Sumatriptan_Tab 50mg,0407041T0AAAFAF,1,0.0
456,D82016,Sumatriptan_Tab 50mg,0407041T0AAAFAF,1,0.0
218,D82032,Atorvastatin_Tab 20mg,0212000B0AAABAB,1,-0.0007999999999999674
273,D82009,Quetiapine_Tab 25mg,0402010ABAAABAB,1,-0.00180000000000001
172,D82066,Paracet_Tab 500mg,0407010H0AAAMAM,1,-0.001999999999999988
171,D82066,Paracet_Tab 500mg,0407010H0AAAMAM,1,-0.001999999999999988
471,D82004,Sumatriptan_Tab 50mg,0407041T0AAAFAF,1,-0.0027999999999996916
37,D82054,Pregabalin_Cap 50mg,0408010AEAAABAB,1,-0.00280000000000008
274,D82032,Quetiapine_Tab 25mg,0402010ABAAABAB,1,-0.00280000000000008
474,D82104,Aripiprazole_Tab 15mg,0402010ADAAABAB,1,-0.00280000000000008
35,D82059,Pregabalin_Cap 50mg,0408010AEAAABAB,1,-0.00280000000000008
36,D82032,Pregabalin_Cap 50mg,0408010AEAAABAB,1,-0.00280000000000008
219,D82059,Atorvastatin_Tab 20mg,0212000B0AAABAB,1,-0.0029999999999998778
221,D82029,Atorvastatin_Tab 20mg,0212000B0AAABAB,1,-0.004199999999999995
220,D82066,Atorvastatin_Tab 20mg,0212000B0AAABAB,1,-0.004199999999999995
174,D82066,Paracet_Tab 500mg,0407010H0AAAMAM,1,-0.005599999999999966
173,D82066,Paracet_Tab 500mg,0407010H0AAAMAM,1,-0.005599999999999966
39,D82029,Pregabalin_Cap 50mg,0408010AEAAABAB,2,-0.00560000000000016
278,D82054,Quetiapine_Tab 25mg,0402010ABAAABAB,4,-0.00560000000000016
475,D82628,Aripiprazole_Tab 15mg,0402010ADAAABAB,2,-0.00560000000000016
275,D82025,Quetiapine_Tab 25mg,0402010ABAAABAB,4,-0.00560000000000016
38,D82062,Pregabalin_Cap 50mg,0408010AEAAABAB,2,-0.00560000000000016
280,D82029,Quetiapine_Tab 25mg,0402010ABAAABAB,4,-0.00560000000000016
279,D82001,Quetiapine_Tab 25mg,0402010ABAAABAB,4,-0.00560000000000016
276,D82009,Quetiapine_Tab 25mg,0402010ABAAABAB,2,-0.00560000000000016
277,D82062,Quetiapine_Tab 25mg,0402010ABAAABAB,4,-0.00560000000000016
42,D82628,Pregabalin_Cap 50mg,0408010AEAAABAB,2,-0.00560000000000016
41,D82016,Pregabalin_Cap 50mg,0408010AEAAABAB,2,-0.00560000000000016
40,D82028,Pregabalin_Cap 50mg,0408010AEAAABAB,2,-0.00560000000000016
301,D82062,Aripiprazole_Tab 10mg,0402010ADAAAAAA,3,-0.006299999999999889
302,D82016,Aripiprazole_Tab 10mg,0402010ADAAAAAA,4,-0.008399999999999852
43,D82080,Pregabalin_Cap 50mg,0408010AEAAABAB,3,-0.00840000000000024
281,D82025,Quetiapine_Tab 25mg,0402010ABAAABAB,2,-0.00840000000000024
283,D82005,Quetiapine_Tab 25mg,0402010ABAAABAB,3,-0.00840000000000024
284,D82104,Quetiapine_Tab 25mg,0402010ABAAABAB,3,-0.00840000000000024
44,D82005,Pregabalin_Cap 50mg,0408010AEAAABAB,3,-0.00840000000000024
282,D82053,Quetiapine_Tab 25mg,0402010ABAAABAB,3,-0.00840000000000024
285,D82016,Quetiapine_Tab 25mg,0402010ABAAABAB,7,-0.00980000000000028
286,D82009,Quetiapine_Tab 25mg,0402010ABAAABAB,7,-0.00980000000000028
45,D82066,Pregabalin_Cap 50mg,0408010AEAAABAB,4,-0.011199999999999932
476,D82001,Aripiprazole_Tab 15mg,0402010ADAAABAB,4,-0.01120000000000032
46,D82066,Pregabalin_Cap 50mg,0408010AEAAABAB,4,-0.01120000000000032
288,D82029,Quetiapine_Tab 25mg,0402010ABAAABAB,4,-0.01120000000000032
287,D82059,Quetiapine_Tab 25mg,0402010ABAAABAB,4,-0.01120000000000032
289,D82005,Quetiapine_Tab 25mg,0402010ABAAABAB,3,-0.012600000000000361
303,D82032,Aripiprazole_Tab 10mg,0402010ADAAAAAA,8,-0.016799999999999704
175,D82054,Paracet_Tab 500mg,0407010H0AAAMAM,3,-0.0167999999999999
176,D82054,Paracet_Tab 500mg,0407010H0AAAMAM,3,-0.0167999999999999
47,D82025,Pregabalin_Cap 50mg,0408010AEAAABAB,6,-0.01680000000000048
290,D82030,Quetiapine_Tab 25mg,0402010ABAAABAB,6,-0.01680000000000048
177,D82028,Paracet_Tab 500mg,0407010H0AAAMAM,4,-0.019199999999999884
178,D82028,Paracet_Tab 500mg,0407010H0AAAMAM,4,-0.019199999999999884
291,D82004,Quetiapine_Tab 25mg,0402010ABAAABAB,7,-0.01960000000000056
292,D82062,Quetiapine_Tab 25mg,0402010ABAAABAB,5,-0.0210000000000006
180,D82059,Paracet_Tab 500mg,0407010H0AAAMAM,4,-0.022399999999999864
179,D82059,Paracet_Tab 500mg,0407010H0AAAMAM,4,-0.022399999999999864
48,D82029,Pregabalin_Cap 50mg,0408010AEAAABAB,9,-0.025199999999999848
49,D82004,Pregabalin_Cap 50mg,0408010AEAAABAB,9,-0.025200000000000722
182,D82005,Paracet_Tab 500mg,0407010H0AAAMAM,5,-0.02799999999999983
181,D82005,Paracet_Tab 500mg,0407010H0AAAMAM,5,-0.02799999999999983
183,D82009,Paracet_Tab 500mg,0407010H0AAAMAM,5,-0.02799999999999983
184,D82009,Paracet_Tab 500mg,0407010H0AAAMAM,5,-0.02799999999999983
186,D82053,Paracet_Tab 500mg,0407010H0AAAMAM,9,-0.050399999999999695
188,D82062,Paracet_Tab 500mg,0407010H0AAAMAM,9,-0.050399999999999695
187,D82053,Paracet_Tab 500mg,0407010H0AAAMAM,9,-0.050399999999999695
185,D82062,Paracet_Tab 500mg,0407010H0AAAMAM,9,-0.050399999999999695
189,D82104,Paracet_Tab 500mg,0407010H0AAAMAM,10,-0.05599999999999966
190,D82104,Paracet_Tab 500mg,0407010H0AAAMAM,10,-0.05599999999999966
191,D82025,Paracet_Tab 500mg,0407010H0AAAMAM,13,-0.07279999999999956
192,D82025,Paracet_Tab 500mg,0407010H0AAAMAM,13,-0.07279999999999956
193,D82032,Paracet_Tab 500mg,0407010H0AAAMAM,21,-0.11759999999999929
194,D82032,Paracet_Tab 500mg,0407010H0AAAMAM,21,-0.11759999999999929
195,D82030,Paracet_Tab 500mg,0407010H0AAAMAM,22,-0.12319999999999925
196,D82030,Paracet_Tab 500mg,0407010H0AAAMAM,22,-0.12319999999999925
197,D82080,Paracet_Tab 500mg,0407010H0AAAMAM,25,-0.13999999999999915
198,D82080,Paracet_Tab 500mg,0407010H0AAAMAM,25,-0.13999999999999915
199,D82004,Paracet_Tab 500mg,0407010H0AAAMAM,27,-0.15119999999999909
200,D82004,Paracet_Tab 500mg,0407010H0AAAMAM,27,-0.15119999999999909
202,D82016,Paracet_Tab 500mg,0407010H0AAAMAM,38,-0.2127999999999987
201,D82016,Paracet_Tab 500mg,0407010H0AAAMAM,38,-0.2127999999999987
293,D82059,Quetiapine_Tab 25mg,0402010ABAAABAB,4,-0.3024000000000009
204,D82029,Paracet_Tab 500mg,0407010H0AAAMAM,56,-0.3135999999999981
203,D82029,Paracet_Tab 500mg,0407010H0AAAMAM,56,-0.3135999999999981
205,D82001,Paracet_Tab 500mg,0407010H0AAAMAM,97,-0.5431999999999967
206,D82001,Paracet_Tab 500mg,0407010H0AAAMAM,97,-0.5431999999999967
294,D82059,Quetiapine_Tab 25mg,0402010ABAAABAB,7,-0.6720000000000017
207,D82059,Paracet_Tab 500mg,0407010H0AAAMAM,18,-1.2095999999999996
208,D82059,Paracet_Tab 500mg,0407010H0AAAMAM,18,-1.2095999999999996
209,D82032,Paracet_Tab 500mg,0407010H0AAAMAM,121,-1.2099999999999926
210,D82032,Paracet_Tab 500mg,0407010H0AAAMAM,121,-1.2099999999999926
295,D82054,Quetiapine_Tab 25mg,0402010ABAAABAB,9,-1.4040000000000028
