,practice_code,bnf_description,bnf_code,items,excess_cost
0,B81005,Aripiprazole_Tab 10mg,0402010ADAAAAAA,4,0.02240000000000064
1,B81005,Clonazepam_Tab 500mcg,0408010F0AAABAB,34,12.397799999999966
2,B81005,Lamotrigine_Tab Disper 5mg S/F,0408010H0AAAPAP,1,45.41039999999999
3,B81005,Lansoprazole_Cap 30mg (E/C Gran),0103050L0AAAAAA,87,0.28280000000000316
4,B81005,Memantine HCl_Tab 20mg,0411000G0AAADAD,4,0.01959999999999998
5,B81005,Paracet_Tab 500mg,0407010H0AAAMAM,636,33.7004
6,B81005,Pregabalin_Cap 25mg,0408010AEAAAAAA,8,0.03359999999999941
7,B81007,Clonazepam_Tab 500mcg,0408010F0AAABAB,8,3.7003999999999895
8,B81007,Lansoprazole_Cap 30mg (E/C Gran),0103050L0AAAAAA,50,0.16240000000000182
9,B81007,Memantine HCl_Tab 20mg,0411000G0AAADAD,8,127.792
10,B81007,Paracet_Tab 500mg,0407010H0AAAMAM,288,66.34080000000012
11,B81007,Paracet_Tab Solb 500mg,0407010H0AAAQAQ,2,-0.005999999999999339
12,B81022,Aripiprazole_Tab 5mg,0402010ADAAADAD,9,86.17
13,B81022,Clonazepam_Tab 500mcg,0408010F0AAABAB,21,4.863499999999991
14,B81022,Lansoprazole_Cap 30mg (E/C Gran),0103050L0AAAAAA,209,0.5095000000000037
15,B81022,Memantine HCl_Tab 20mg,0411000G0AAADAD,14,0.06859999999999992
16,B81022,Paracet_Tab 500mg,0407010H0AAAMAM,732,13.490400000000125
17,B81022,Paracet_Tab Solb 500mg,0407010H0AAAQAQ,6,-0.035999999999996035
18,B81022,Pregabalin_Cap 25mg,0408010AEAAAAAA,2,89.4264
19,B81026,Atorvastatin_Tab 20mg,0212000B0AAABAB,730,22.484000000000076
20,B81026,Clonazepam_Tab 500mcg,0408010F0AAABAB,62,18.057999999999968
21,B81026,Lansoprazole_Cap 30mg (E/C Gran),0103050L0AAAAAA,22,0.08320000000000116
22,B81026,Paracet_Tab 500mg,0407010H0AAAMAM,214,-1.2327999999999908
23,B81026,Paracet_Tab Solb 500mg,0407010H0AAAQAQ,32,73.60000000000002
24,B81026,Pregabalin_Cap 25mg,0408010AEAAAAAA,6,0.012599999999999778
25,B81043,Aripiprazole_Tab 10mg,0402010ADAAAAAA,1,0.007000000000001172
26,B81043,Clonazepam_Tab 500mcg,0408010F0AAABAB,20,9.71799999999998
27,B81043,Lansoprazole_Cap 30mg (E/C Gran),0103050L0AAAAAA,16,0.05190000000000073
28,B81043,Paracet_Tab 500mg,0407010H0AAAMAM,2,-0.011199999999999932
29,B81043,Paracet_Tab Solb 500mg,0407010H0AAAQAQ,6,-0.035999999999996035
30,B81045,Clonazepam_Tab 500mcg,0408010F0AAABAB,27,10.225899999999978
31,B81045,Lansoprazole_Cap 30mg (E/C Gran),0103050L0AAAAAA,475,54.138200000000076
32,B81045,Paracet_Tab 500mg,0407010H0AAAMAM,816,30.088400000000124
33,B81063,Clonazepam_Tab 500mcg,0408010F0AAABAB,9,4.81379999999999
34,B81063,Lansoprazole_Cap 30mg (E/C Gran),0103050L0AAAAAA,22,0.061600000000000696
35,B81063,Memantine HCl_Tab 20mg,0411000G0AAADAD,8,0.03919999999999996
36,B81063,Paracet_Tab 500mg,0407010H0AAAMAM,16,-0.04319999999999974
37,B81063,Paracet_Tab Solb 500mg,0407010H0AAAQAQ,2,-0.011999999999998678
38,B81064,Clonazepam_Tab 500mcg,0408010F0AAABAB,13,10.479099999999978
39,B81064,Lansoprazole_Cap 30mg (E/C Gran),0103050L0AAAAAA,285,22.618400000000033
40,B81064,Paracet_Tab 500mg,0407010H0AAAMAM,14,9.9296
41,B81064,Paracet_Tab Solb 500mg,0407010H0AAAQAQ,2,-0.011999999999998678
42,B81065,Atorvastatin_Tab 20mg,0212000B0AAABAB,1,-0.0029999999999998778
43,B81065,Clonazepam_Tab 500mcg,0408010F0AAABAB,15,9.932199999999979
44,B81065,Lamotrigine_Tab Disper 5mg S/F,0408010H0AAAPAP,1,90.82079999999998
45,B81065,Lansoprazole_Cap 30mg (E/C Gran),0103050L0AAAAAA,470,22.154
46,B81065,Memantine HCl_Tab 20mg,0411000G0AAADAD,13,191.68239999999997
47,B81065,Paracet_Tab 500mg,0407010H0AAAMAM,618,64.50960000000009
48,B81065,Paracet_Tab Solb 500mg,0407010H0AAAQAQ,2,-0.006399999999999295
49,B81065,Pregabalin_Cap 25mg,0408010AEAAAAAA,1,-0.003000000000000086
50,B81090,Aripiprazole_Tab 5mg,0402010ADAAADAD,4,86.184
51,B81090,Atorvastatin_Tab 20mg,0212000B0AAABAB,173,90.09840000000003
52,B81090,Clonazepam_Tab 500mcg,0408010F0AAABAB,7,3.5707999999999926
53,B81090,Lansoprazole_Cap 30mg (E/C Gran),0103050L0AAAAAA,224,0.14840000000001752
54,B81090,Paracet_Tab 500mg,0407010H0AAAMAM,34,0.017599999999999894
55,B81090,Pregabalin_Cap 25mg,0408010AEAAAAAA,4,0.016799999999999704
56,B81099,Aripiprazole_Tab 5mg,0402010ADAAADAD,6,-0.029200000000003334
57,B81099,Clonazepam_Tab 500mcg,0408010F0AAABAB,19,9.039999999999981
58,B81099,Lamotrigine_Tab Disper 5mg S/F,0408010H0AAAPAP,1,75.68399999999998
59,B81099,Lansoprazole_Cap 30mg (E/C Gran),0103050L0AAAAAA,32,0.11340000000000136
60,B81099,Paracet_Tab 500mg,0407010H0AAAMAM,358,10.51760000000006
61,B81109,Aripiprazole_Tab 10mg,0402010ADAAAAAA,12,0.0056000000000009376
62,B81109,Aripiprazole_Tab 5mg,0402010ADAAADAD,21,0.02519999999999839
63,B81109,Clonazepam_Tab 500mcg,0408010F0AAABAB,36,16.007799999999968
64,B81109,Lansoprazole_Cap 30mg (E/C Gran),0103050L0AAAAAA,160,0.526400000000006
65,B81109,Memantine HCl_Tab 20mg,0411000G0AAADAD,14,0.06859999999999992
66,B81109,Paracet_Tab 500mg,0407010H0AAAMAM,96,-0.47039999999999715
67,B81109,Pregabalin_Cap 25mg,0408010AEAAAAAA,4,0.016799999999999704
68,B81113,Aripiprazole_Tab 10mg,0402010ADAAAAAA,2,87.2312
69,B81113,Atorvastatin_Tab 20mg,0212000B0AAABAB,1,-0.0029999999999998778
70,B81113,Clonazepam_Tab 500mcg,0408010F0AAABAB,19,13.74079999999997
71,B81113,Lansoprazole_Cap 30mg (E/C Gran),0103050L0AAAAAA,19,0.07600000000000096
72,B81113,Memantine HCl_Tab 20mg,0411000G0AAADAD,4,0.01959999999999998
73,B81113,Paracet_Tab 500mg,0407010H0AAAMAM,252,37.280000000000015
74,B81113,Pregabalin_Cap 25mg,0408010AEAAAAAA,1,-0.003000000000000086
75,B81118,Clonazepam_Tab 500mcg,0408010F0AAABAB,6,2.2938999999999954
76,B81118,Lansoprazole_Cap 30mg (E/C Gran),0103050L0AAAAAA,1,0.005600000000000063
77,B81118,Paracet_Tab 500mg,0407010H0AAAMAM,2,0.011999999999999927
78,B81118,Paracet_Tab Solb 500mg,0407010H0AAAQAQ,4,-0.023999999999997357
79,B81617,Clonazepam_Tab 500mcg,0408010F0AAABAB,11,4.519999999999991
80,B81617,Lansoprazole_Cap 30mg (E/C Gran),0103050L0AAAAAA,35,0.10920000000000124
81,B81617,Paracet_Tab 500mg,0407010H0AAAMAM,26,0.04639999999999969
82,B81617,Paracet_Tab Solb 500mg,0407010H0AAAQAQ,2,-0.005999999999999339
83,B81617,Pregabalin_Cap 25mg,0408010AEAAAAAA,3,0.012599999999999778
84,B81628,Clonazepam_Tab 500mcg,0408010F0AAABAB,1,0.31639999999999935
85,B81628,Lansoprazole_Cap 30mg (E/C Gran),0103050L0AAAAAA,54,0.15400000000000175
86,B81628,Memantine HCl_Tab 20mg,0411000G0AAADAD,6,0.029399999999999968
87,B81628,Paracet_Tab 500mg,0407010H0AAAMAM,8,-0.04479999999999973
88,B81628,Pregabalin_Cap 25mg,0408010AEAAAAAA,5,0.020399999999999557
89,B81647,Clonazepam_Tab 500mcg,0408010F0AAABAB,6,5.536999999999988
90,B81647,Lansoprazole_Cap 30mg (E/C Gran),0103050L0AAAAAA,106,1.8115999999999985
91,B81648,Clonazepam_Tab 500mcg,0408010F0AAABAB,9,4.090599999999991
92,B81648,Lansoprazole_Cap 30mg (E/C Gran),0103050L0AAAAAA,40,0.13440000000000152
93,B81648,Paracet_Tab 500mg,0407010H0AAAMAM,102,-1.4007999999999998
94,B81648,Paracet_Tab Solb 500mg,0407010H0AAAQAQ,2,-0.011999999999998678
95,Y00701,Lansoprazole_Cap 30mg (E/C Gran),0103050L0AAAAAA,1,0.005600000000000063
96,Y02787,Aripiprazole_Tab 10mg,0402010ADAAAAAA,2,-0.004199999999999926
97,Y02787,Aripiprazole_Tab 5mg,0402010ADAAADAD,3,-0.006800000000000195
98,Y02787,Atorvastatin_Tab 20mg,0212000B0AAABAB,104,67.84960000000001
99,Y02787,Clonazepam_Tab 500mcg,0408010F0AAABAB,15,3.310899999999993
100,Y02787,Lansoprazole_Cap 30mg (E/C Gran),0103050L0AAAAAA,6,0.025200000000000285
101,Y02787,Paracet_Tab 500mg,0407010H0AAAMAM,54,-1.2807999999999997
102,Y02787,Pregabalin_Cap 25mg,0408010AEAAAAAA,4,-0.01680000000000048
