,practice_code,bnf_description,bnf_code,items,excess_cost
0,E85003,Atorvastatin_Tab 10mg,0212000B0AAAAAA,47,0.09870000000000054
1,E85003,Atorvastatin_Tab 20mg,0212000B0AAABAB,114,22.503600000000002
2,E85003,Atorvastatin_Tab 40mg,0212000B0AAACAC,16,22.2656
3,E85003,Escitalopram_Tab 20mg,0403030X0AAABAB,2,44.766400000000004
4,E85003,Olanzapine_Tab 15mg,040201060AAALAL,5,0.024499999999999245
5,E85003,Olanzapine_Tab 20mg,040201060AAAQAQ,5,-0.013999999999998458
6,E85003,Paracet_Tab 500mg,0407010H0AAAMAM,252,60.93120000000003
7,E85003,Risperidone_Tab 6mg,040201030AAAFAF,5,189.8736
8,E85005,Atorvastatin_Tab 10mg,0212000B0AAAAAA,16,0.033600000000000185
9,E85005,Hydrocort_Tab 10mg,0603020J0AAADAD,4,-0.00879999999999903
10,E85008,Atorvastatin_Tab 10mg,0212000B0AAAAAA,13,0.016200000000000193
11,E85008,Atorvastatin_Tab 40mg,0212000B0AAACAC,1,-0.0029999999999998778
12,E85008,Escitalopram_Tab 20mg,0403030X0AAABAB,2,-0.23519999999999974
13,E85008,Olanzapine_Tab 20mg,040201060AAAQAQ,4,0.02240000000000064
14,E85008,Paracet_Tab 500mg,0407010H0AAAMAM,60,22.391600000000007
15,E85016,Atorvastatin_Tab 10mg,0212000B0AAAAAA,32,0.05240000000000036
16,E85016,Atorvastatin_Tab 20mg,0212000B0AAABAB,2,0.012700000000000364
17,E85016,Hydrocort_Tab 10mg,0603020J0AAADAD,4,-0.007199999999999207
18,E85016,Olanzapine_Tab 20mg,040201060AAAQAQ,8,-0.022399999999997533
19,E85016,Paracet_Tab 500mg,0407010H0AAAMAM,114,10.068000000000001
20,E85020,Atorvastatin_Tab 10mg,0212000B0AAAAAA,17,0.0357000000000002
21,E85020,Atorvastatin_Tab 20mg,0212000B0AAABAB,1,0.0026000000000000745
22,E85020,Atorvastatin_Tab 40mg,0212000B0AAACAC,30,-0.041999999999999954
23,E85020,Olanzapine_Tab 15mg,040201060AAALAL,21,0.10289999999999683
24,E85020,Olanzapine_Tab 20mg,040201060AAAQAQ,17,-0.01399999999999535
25,E85020,Paracet_Tab 500mg,0407010H0AAAMAM,94,19.88999999999999
26,E85020,Risperidone_Tab 6mg,040201030AAAFAF,4,29.232
27,E85025,Atorvastatin_Tab 10mg,0212000B0AAAAAA,34,0.0714000000000004
28,E85025,Atorvastatin_Tab 40mg,0212000B0AAACAC,1,-0.004199999999999995
29,E85025,Hydrocort_Tab 10mg,0603020J0AAADAD,4,-0.00879999999999903
30,E85025,Olanzapine_Tab 15mg,040201060AAALAL,4,0.019599999999999396
31,E85025,Paracet_Tab 500mg,0407010H0AAAMAM,18,0.03919999999999976
32,E85029,Atorvastatin_Tab 10mg,0212000B0AAAAAA,125,35.019600000000004
33,E85029,Atorvastatin_Tab 20mg,0212000B0AAABAB,301,45.51120000000002
34,E85029,Olanzapine_Tab 15mg,040201060AAALAL,4,0.019599999999999396
35,E85029,Olanzapine_Tab 20mg,040201060AAAQAQ,20,-0.05599999999999383
36,E85029,Paracet_Tab 500mg,0407010H0AAAMAM,150,-0.19799999999999884
37,E85032,Atorvastatin_Tab 10mg,0212000B0AAAAAA,27,0.05670000000000031
38,E85032,Atorvastatin_Tab 20mg,0212000B0AAABAB,33,1.1088000000000062
39,E85032,Paracet_Tab 500mg,0407010H0AAAMAM,172,30.39000000000001
40,E85033,Atorvastatin_Tab 10mg,0212000B0AAAAAA,4,0.008400000000000046
41,E85033,Olanzapine_Tab 20mg,040201060AAAQAQ,3,-0.008399999999999075
42,E85033,Paracet_Tab 500mg,0407010H0AAAMAM,100,-0.166399999999999
43,E85038,Paracet_Tab 500mg,0407010H0AAAMAM,54,0.6512000000000001
44,E85042,Atorvastatin_Tab 10mg,0212000B0AAAAAA,13,0.02730000000000015
45,E85042,Escitalopram_Tab 20mg,0403030X0AAABAB,5,22.386000000000003
46,E85042,Olanzapine_Tab 15mg,040201060AAALAL,4,205.9232
47,E85042,Olanzapine_Tab 20mg,040201060AAAQAQ,5,-0.013999999999998458
48,E85042,Paracet_Tab 500mg,0407010H0AAAMAM,112,7.28400000000001
49,E85048,Atorvastatin_Tab 10mg,0212000B0AAAAAA,34,0.060300000000000444
50,E85048,Paracet_Tab 500mg,0407010H0AAAMAM,18,0.056799999999999656
51,E85055,Atorvastatin_Tab 10mg,0212000B0AAAAAA,19,0.03990000000000022
52,E85055,Atorvastatin_Tab 20mg,0212000B0AAABAB,2,0.012000000000000344
53,E85055,Olanzapine_Tab 15mg,040201060AAALAL,13,0.06369999999999804
54,E85055,Olanzapine_Tab 20mg,040201060AAAQAQ,8,-0.022399999999997533
55,E85055,Paracet_Tab 500mg,0407010H0AAAMAM,162,10.148799999999989
56,E85074,Atorvastatin_Tab 10mg,0212000B0AAAAAA,4,0.008400000000000046
57,E85074,Atorvastatin_Tab 20mg,0212000B0AAABAB,23,5.635000000000001
58,E85074,Paracet_Tab 500mg,0407010H0AAAMAM,28,-0.031999999999999806
59,E85077,Atorvastatin_Tab 10mg,0212000B0AAAAAA,8,0.016800000000000093
60,E85077,Atorvastatin_Tab 40mg,0212000B0AAACAC,1,0.006000000000000172
61,E85077,Hydrocort_Tab 10mg,0603020J0AAADAD,1,-0.01079999999999881
62,E85077,Paracet_Tab 500mg,0407010H0AAAMAM,44,0.23839999999999856
63,E85118,Atorvastatin_Tab 10mg,0212000B0AAAAAA,13,0.02730000000000015
64,E85118,Atorvastatin_Tab 40mg,0212000B0AAACAC,1,0.006000000000000172
65,E85118,Hydrocort_Tab 10mg,0603020J0AAADAD,1,-0.019999999999997797
66,E85118,Olanzapine_Tab 15mg,040201060AAALAL,4,0.019599999999999396
67,E85118,Paracet_Tab 500mg,0407010H0AAAMAM,88,-0.28959999999999825
68,E85124,Atorvastatin_Tab 10mg,0212000B0AAAAAA,4,0.008400000000000046
69,E85125,Atorvastatin_Tab 10mg,0212000B0AAAAAA,4,0.008400000000000046
70,E85125,Olanzapine_Tab 20mg,040201060AAAQAQ,4,-0.011199999999998766
71,E85125,Paracet_Tab 500mg,0407010H0AAAMAM,16,0.0335999999999998
72,E85128,Atorvastatin_Tab 10mg,0212000B0AAAAAA,29,0.06720000000000037
73,E85128,Hydrocort_Tab 10mg,0603020J0AAADAD,1,-0.011199999999998766
74,E85128,Olanzapine_Tab 20mg,040201060AAAQAQ,4,-0.011199999999998766
75,E85128,Paracet_Tab 500mg,0407010H0AAAMAM,106,-0.1327999999999992
76,E85624,Atorvastatin_Tab 10mg,0212000B0AAAAAA,50,139.9356
77,E85624,Atorvastatin_Tab 20mg,0212000B0AAABAB,113,135.41920000000002
78,E85624,Atorvastatin_Tab 40mg,0212000B0AAACAC,75,44.520000000000024
79,E85624,Paracet_Tab 500mg,0407010H0AAAMAM,4,0.023999999999999855
80,E85636,Atorvastatin_Tab 10mg,0212000B0AAAAAA,39,0.08190000000000044
81,E85636,Atorvastatin_Tab 40mg,0212000B0AAACAC,2,0.00360000000000002
82,E85636,Hydrocort_Tab 10mg,0603020J0AAADAD,8,-0.019999999999999574
83,E85636,Liothyronine Sod_Tab 20mcg,0602010M0AAAAAA,2,128.71039999999965
84,E85636,Olanzapine_Tab 15mg,040201060AAALAL,1,0.004899999999999849
85,E85636,Paracet_Tab 500mg,0407010H0AAAMAM,56,-0.050399999999999695
86,E85659,Atorvastatin_Tab 10mg,0212000B0AAAAAA,20,0.04200000000000023
87,E85659,Atorvastatin_Tab 20mg,0212000B0AAABAB,1,0.006000000000000172
88,E85659,Atorvastatin_Tab 40mg,0212000B0AAACAC,14,44.5312
89,E85659,Paracet_Tab 500mg,0407010H0AAAMAM,8,0.04479999999999973
90,E85672,Paracet_Tab 500mg,0407010H0AAAMAM,20,11.346000000000002
91,E85685,Atorvastatin_Tab 10mg,0212000B0AAAAAA,18,0.03780000000000021
92,E85685,Escitalopram_Tab 20mg,0403030X0AAABAB,4,111.8964
93,E85685,Hydrocort_Tab 10mg,0603020J0AAADAD,1,0.0029999999999996696
94,E85685,Olanzapine_Tab 20mg,040201060AAAQAQ,5,-0.013999999999998458
95,E85685,Paracet_Tab 500mg,0407010H0AAAMAM,90,-0.14839999999999637
96,E85719,Liothyronine Sod_Tab 20mcg,0602010M0AAAAAA,1,-1.680000000000014
97,E85719,Olanzapine_Tab 20mg,040201060AAAQAQ,4,-0.011199999999998766
98,E85719,Paracet_Tab 500mg,0407010H0AAAMAM,4,-0.022399999999999864
99,E85748,Atorvastatin_Tab 10mg,0212000B0AAAAAA,12,0.02520000000000014
100,E85748,Atorvastatin_Tab 20mg,0212000B0AAABAB,36,180.2696
101,E85748,Paracet_Tab 500mg,0407010H0AAAMAM,26,-0.12239999999999926
102,E85748,Risperidone_Tab 6mg,040201030AAAFAF,2,73.32079999999999
103,Y02589,Atorvastatin_Tab 10mg,0212000B0AAAAAA,19,0.03990000000000022
104,Y02589,Hydrocort_Tab 10mg,0603020J0AAADAD,4,-0.00879999999999903
105,Y02589,Olanzapine_Tab 15mg,040201060AAALAL,4,0.019599999999999396
106,Y02589,Olanzapine_Tab 20mg,040201060AAAQAQ,11,137.5612
107,Y02589,Paracet_Tab 500mg,0407010H0AAAMAM,34,-0.11199999999999932
108,Y02906,Hydrocort_Tab 10mg,0603020J0AAADAD,2,223.10479999999998
109,Y02906,Olanzapine_Tab 15mg,040201060AAALAL,2,0.009799999999999698
110,Y02906,Paracet_Tab 500mg,0407010H0AAAMAM,6,-0.0335999999999998
111,Y02906,Risperidone_Tab 6mg,040201030AAAFAF,3,116.8384
112,Y03504,Atorvastatin_Tab 10mg,0212000B0AAAAAA,1,-0.00829999999999995
113,Y03504,Paracet_Tab 500mg,0407010H0AAAMAM,8,-1.2539999999999996
114,Y04922,Atorvastatin_Tab 20mg,0212000B0AAABAB,1,-0.004199999999999995
115,Y04922,Paracet_Tab 500mg,0407010H0AAAMAM,2,-0.011199999999999932
