,practice_code,bnf_description,bnf_code,items,excess_cost
94,G82140,Mesalazine_Tab E/C 400mg,0105010B0AAAAAA,1,47.913599999999995
132,G82090,Phenytoin_Sod Tab 100mg,0408010Q0AAAGAG,3,39.7992
155,G82071,Vancomycin HCl_Cap 250mg,0501070U0AAABAB,1,25.19999999999996
95,G82063,Mesalazine_Tab E/C 400mg,0105010B0AAAAAA,1,23.956799999999998
96,G82071,Mesalazine_Tab E/C 400mg,0105010B0AAAAAA,1,23.956799999999998
134,G82071,Gemfibrozil_Tab 600mg,0212000Q0AAABAB,2,15.142399999999999
133,G82063,Gemfibrozil_Tab 600mg,0212000Q0AAABAB,1,15.142399999999999
97,G82138,Mesalazine_Tab E/C 400mg,0105010B0AAAAAA,1,12.833999999999998
98,G82228,Mesalazine_Tab E/C 400mg,0105010B0AAAAAA,1,7.985599999999999
101,G82071,Amiodarone HCl_Tab 200mg,0203020D0AAABAB,11,7.700000000000006
0,G82119,Clonazepam_Tab 500mcg,0408010F0AAABAB,11,6.960799999999986
156,G82115,Topiramate_Tab 200mg,040801050AAACAC,3,6.955199999999999
137,G82115,Pyridox HCl_Tab 50mg,0906024N0AAAIAI,1,6.840000000000002
1,G82071,Clonazepam_Tab 500mcg,0408010F0AAABAB,10,6.327999999999987
204,G82063,Tetrabenazine_Tab 25mg,0409030C0AAAAAA,1,5.997599999999992
102,G82071,Amiodarone HCl_Tab 200mg,0203020D0AAABAB,17,5.9500000000000055
2,G82060,Clonazepam_Tab 500mcg,0408010F0AAABAB,8,5.06239999999999
157,G82115,Topiramate_Tab 200mg,040801050AAACAC,1,4.979999999999998
103,G82039,Amiodarone HCl_Tab 200mg,0203020D0AAABAB,7,4.900000000000004
3,G82071,Clonazepam_Tab 500mcg,0408010F0AAABAB,15,4.74599999999999
105,G82039,Amiodarone HCl_Tab 200mg,0203020D0AAABAB,12,4.200000000000004
104,G82228,Amiodarone HCl_Tab 200mg,0203020D0AAABAB,12,4.200000000000004
135,G82148,Gemfibrozil_Tab 600mg,0212000Q0AAABAB,1,4.058999999999999
8,G82082,Clonazepam_Tab 500mcg,0408010F0AAABAB,2,3.796799999999992
4,G82071,Clonazepam_Tab 500mcg,0408010F0AAABAB,4,3.796799999999992
5,G82115,Clonazepam_Tab 500mcg,0408010F0AAABAB,3,3.796799999999992
6,G82027,Clonazepam_Tab 500mcg,0408010F0AAABAB,6,3.796799999999992
7,G82119,Clonazepam_Tab 500mcg,0408010F0AAABAB,4,3.796799999999992
106,G82027,Amiodarone HCl_Tab 200mg,0203020D0AAABAB,5,3.500000000000003
9,G82071,Clonazepam_Tab 500mcg,0408010F0AAABAB,1,3.389999999999993
11,G82119,Clonazepam_Tab 500mcg,0408010F0AAABAB,10,3.1639999999999935
10,G82228,Clonazepam_Tab 500mcg,0408010F0AAABAB,5,3.1639999999999935
12,G82090,Clonazepam_Tab 500mcg,0408010F0AAABAB,5,3.1639999999999935
107,G82119,Amiodarone HCl_Tab 200mg,0203020D0AAABAB,9,3.150000000000003
108,G82090,Amiodarone HCl_Tab 200mg,0203020D0AAABAB,9,3.150000000000003
205,G82090,Tetrabenazine_Tab 25mg,0409030C0AAAAAA,1,2.998799999999996
138,G82119,Pyridox HCl_Tab 50mg,0906024N0AAAIAI,3,2.8728000000000007
139,G82119,Pyridox HCl_Tab 50mg,0906024N0AAAIAI,2,2.8728000000000007
13,G82090,Clonazepam_Tab 500mcg,0408010F0AAABAB,9,2.847599999999994
14,G82204,Clonazepam_Tab 500mcg,0408010F0AAABAB,3,2.847599999999994
109,G82063,Amiodarone HCl_Tab 200mg,0203020D0AAABAB,8,2.8000000000000025
15,G82119,Clonazepam_Tab 500mcg,0408010F0AAABAB,4,2.7119999999999944
16,G82228,Clonazepam_Tab 500mcg,0408010F0AAABAB,2,2.7119999999999944
17,G82204,Clonazepam_Tab 500mcg,0408010F0AAABAB,2,2.531199999999995
18,G82060,Clonazepam_Tab 500mcg,0408010F0AAABAB,2,2.531199999999995
19,G82082,Clonazepam_Tab 500mcg,0408010F0AAABAB,2,2.531199999999995
158,G82090,Topiramate_Tab 200mg,040801050AAACAC,1,2.489999999999999
159,G82071,Topiramate_Tab 200mg,040801050AAACAC,1,2.3183999999999996
20,G82071,Clonazepam_Tab 500mcg,0408010F0AAABAB,2,2.2599999999999953
21,G82790,Clonazepam_Tab 500mcg,0408010F0AAABAB,14,2.2147999999999954
115,G82790,Amiodarone HCl_Tab 200mg,0203020D0AAABAB,6,2.100000000000002
110,G82060,Amiodarone HCl_Tab 200mg,0203020D0AAABAB,1,2.100000000000002
111,G82060,Amiodarone HCl_Tab 200mg,0203020D0AAABAB,2,2.100000000000002
112,G82060,Amiodarone HCl_Tab 200mg,0203020D0AAABAB,6,2.100000000000002
113,G82115,Amiodarone HCl_Tab 200mg,0203020D0AAABAB,3,2.100000000000002
114,G82148,Amiodarone HCl_Tab 200mg,0203020D0AAABAB,6,2.100000000000002
140,G82071,Pyridox HCl_Tab 50mg,0906024N0AAAIAI,1,1.9152000000000005
23,G82148,Clonazepam_Tab 500mcg,0408010F0AAABAB,1,1.898399999999996
22,G82115,Clonazepam_Tab 500mcg,0408010F0AAABAB,3,1.898399999999996
24,G82082,Clonazepam_Tab 500mcg,0408010F0AAABAB,4,1.898399999999996
25,G82027,Clonazepam_Tab 500mcg,0408010F0AAABAB,1,1.898399999999996
141,G82060,Pyridox HCl_Tab 50mg,0906024N0AAAIAI,1,1.7100000000000004
26,G82039,Clonazepam_Tab 500mcg,0408010F0AAABAB,5,1.5819999999999967
206,G82119,Tetrabenazine_Tab 25mg,0409030C0AAAAAA,1,1.499399999999998
143,G82071,Pyridox HCl_Tab 50mg,0906024N0AAAIAI,1,1.4364000000000003
142,G82802,Pyridox HCl_Tab 50mg,0906024N0AAAIAI,1,1.4364000000000003
145,G82060,Pyridox HCl_Tab 50mg,0906024N0AAAIAI,1,1.4364000000000003
144,G82039,Pyridox HCl_Tab 50mg,0906024N0AAAIAI,1,1.4364000000000003
116,G82204,Amiodarone HCl_Tab 200mg,0203020D0AAABAB,4,1.4000000000000012
117,G82060,Amiodarone HCl_Tab 200mg,0203020D0AAABAB,2,1.4000000000000012
28,G82090,Clonazepam_Tab 500mcg,0408010F0AAABAB,1,1.3559999999999972
27,G82228,Clonazepam_Tab 500mcg,0408010F0AAABAB,2,1.3559999999999972
29,G82060,Clonazepam_Tab 500mcg,0408010F0AAABAB,2,1.3559999999999972
37,G82039,Clonazepam_Tab 500mcg,0408010F0AAABAB,1,1.2655999999999974
36,G82027,Clonazepam_Tab 500mcg,0408010F0AAABAB,4,1.2655999999999974
38,G82204,Clonazepam_Tab 500mcg,0408010F0AAABAB,2,1.2655999999999974
34,G82063,Clonazepam_Tab 500mcg,0408010F0AAABAB,2,1.2655999999999974
39,G82148,Clonazepam_Tab 500mcg,0408010F0AAABAB,1,1.2655999999999974
35,G82082,Clonazepam_Tab 500mcg,0408010F0AAABAB,4,1.2655999999999974
31,G82228,Clonazepam_Tab 500mcg,0408010F0AAABAB,1,1.2655999999999974
33,G82228,Clonazepam_Tab 500mcg,0408010F0AAABAB,4,1.2655999999999974
32,G82204,Clonazepam_Tab 500mcg,0408010F0AAABAB,4,1.2655999999999974
30,G82071,Clonazepam_Tab 500mcg,0408010F0AAABAB,1,1.2655999999999974
160,G82090,Topiramate_Tab 200mg,040801050AAACAC,1,1.2449999999999994
40,G82082,Clonazepam_Tab 500mcg,0408010F0AAABAB,5,1.1864999999999974
161,G82082,Topiramate_Tab 200mg,040801050AAACAC,1,1.1647999999999992
41,G82148,Clonazepam_Tab 500mcg,0408010F0AAABAB,1,1.1299999999999977
42,G82090,Clonazepam_Tab 500mcg,0408010F0AAABAB,1,1.1299999999999977
43,G82039,Clonazepam_Tab 500mcg,0408010F0AAABAB,1,1.1299999999999977
44,G82115,Clonazepam_Tab 500mcg,0408010F0AAABAB,1,1.1299999999999977
120,G82027,Amiodarone HCl_Tab 200mg,0203020D0AAABAB,1,1.050000000000001
119,G82082,Amiodarone HCl_Tab 200mg,0203020D0AAABAB,3,1.050000000000001
118,G82148,Amiodarone HCl_Tab 200mg,0203020D0AAABAB,1,1.050000000000001
46,G82071,Clonazepam_Tab 500mcg,0408010F0AAABAB,3,1.016999999999998
45,G82790,Clonazepam_Tab 500mcg,0408010F0AAABAB,3,1.016999999999998
207,G82060,Tetrabenazine_Tab 25mg,0409030C0AAAAAA,1,0.9995999999999987
208,G82228,Tetrabenazine_Tab 25mg,0409030C0AAAAAA,1,0.9995999999999987
146,G82063,Pyridox HCl_Tab 50mg,0906024N0AAAIAI,1,0.9576000000000002
147,G82082,Pyridox HCl_Tab 50mg,0906024N0AAAIAI,1,0.9576000000000002
148,G82090,Pyridox HCl_Tab 50mg,0906024N0AAAIAI,1,0.9576000000000002
149,G82060,Pyridox HCl_Tab 50mg,0906024N0AAAIAI,1,0.9576000000000002
150,G82204,Pyridox HCl_Tab 50mg,0906024N0AAAIAI,1,0.9576000000000002
151,G82027,Pyridox HCl_Tab 50mg,0906024N0AAAIAI,1,0.9576000000000002
47,G82063,Clonazepam_Tab 500mcg,0408010F0AAABAB,1,0.949199999999998
54,G82790,Clonazepam_Tab 500mcg,0408010F0AAABAB,4,0.949199999999998
56,G82060,Clonazepam_Tab 500mcg,0408010F0AAABAB,3,0.949199999999998
55,G82063,Clonazepam_Tab 500mcg,0408010F0AAABAB,3,0.949199999999998
48,G82790,Clonazepam_Tab 500mcg,0408010F0AAABAB,3,0.949199999999998
49,G82060,Clonazepam_Tab 500mcg,0408010F0AAABAB,1,0.949199999999998
50,G82119,Clonazepam_Tab 500mcg,0408010F0AAABAB,4,0.949199999999998
51,G82082,Clonazepam_Tab 500mcg,0408010F0AAABAB,1,0.949199999999998
52,G82039,Clonazepam_Tab 500mcg,0408010F0AAABAB,1,0.949199999999998
53,G82090,Clonazepam_Tab 500mcg,0408010F0AAABAB,6,0.949199999999998
57,G82138,Clonazepam_Tab 500mcg,0408010F0AAABAB,1,0.949199999999998
58,G82071,Clonazepam_Tab 500mcg,0408010F0AAABAB,1,0.8474999999999983
164,G82090,Co-Codamol_Cap 8mg/500mg,0407010F0AAABAB,5,0.800000000000009
163,G82119,Co-Codamol_Cap 8mg/500mg,0407010F0AAABAB,5,0.800000000000009
162,G82090,Co-Codamol_Cap 8mg/500mg,0407010F0AAABAB,5,0.800000000000009
165,G82119,Co-Codamol_Cap 8mg/500mg,0407010F0AAABAB,5,0.800000000000009
60,G82228,Clonazepam_Tab 500mcg,0408010F0AAABAB,5,0.7909999999999984
61,G82060,Clonazepam_Tab 500mcg,0408010F0AAABAB,5,0.7909999999999984
59,G82802,Clonazepam_Tab 500mcg,0408010F0AAABAB,5,0.7909999999999984
62,G82119,Clonazepam_Tab 500mcg,0408010F0AAABAB,1,0.7683999999999984
63,G82039,Clonazepam_Tab 500mcg,0408010F0AAABAB,1,0.7683999999999984
121,G82027,Amiodarone HCl_Tab 200mg,0203020D0AAABAB,1,0.7500000000000007
122,G82082,Amiodarone HCl_Tab 200mg,0203020D0AAABAB,1,0.7000000000000006
124,G82119,Amiodarone HCl_Tab 200mg,0203020D0AAABAB,1,0.7000000000000006
125,G82138,Amiodarone HCl_Tab 200mg,0203020D0AAABAB,2,0.7000000000000006
126,G82090,Amiodarone HCl_Tab 200mg,0203020D0AAABAB,1,0.7000000000000006
123,G82802,Amiodarone HCl_Tab 200mg,0203020D0AAABAB,1,0.7000000000000006
67,G82082,Clonazepam_Tab 500mcg,0408010F0AAABAB,1,0.6779999999999986
64,G82071,Clonazepam_Tab 500mcg,0408010F0AAABAB,1,0.6779999999999986
65,G82090,Clonazepam_Tab 500mcg,0408010F0AAABAB,1,0.6779999999999986
66,G82027,Clonazepam_Tab 500mcg,0408010F0AAABAB,1,0.6779999999999986
68,G82119,Clonazepam_Tab 500mcg,0408010F0AAABAB,1,0.672599999999998
166,G82115,Co-Codamol_Cap 8mg/500mg,0407010F0AAABAB,2,0.6400000000000072
167,G82115,Co-Codamol_Cap 8mg/500mg,0407010F0AAABAB,2,0.6400000000000072
69,G82802,Clonazepam_Tab 500mcg,0408010F0AAABAB,1,0.6327999999999987
70,G82148,Clonazepam_Tab 500mcg,0408010F0AAABAB,2,0.6327999999999987
127,G82119,Amiodarone HCl_Tab 200mg,0203020D0AAABAB,1,0.6125000000000005
71,G82119,Clonazepam_Tab 500mcg,0408010F0AAABAB,1,0.6101999999999987
72,G82119,Clonazepam_Tab 500mcg,0408010F0AAABAB,1,0.5699999999999983
73,G82119,Clonazepam_Tab 500mcg,0408010F0AAABAB,7,0.5536999999999989
168,G82039,Co-Codamol_Cap 8mg/500mg,0407010F0AAABAB,3,0.4800000000000054
169,G82115,Co-Codamol_Cap 8mg/500mg,0407010F0AAABAB,3,0.4800000000000054
171,G82071,Co-Codamol_Cap 8mg/500mg,0407010F0AAABAB,3,0.4800000000000054
172,G82071,Co-Codamol_Cap 8mg/500mg,0407010F0AAABAB,3,0.4800000000000054
173,G82060,Co-Codamol_Cap 8mg/500mg,0407010F0AAABAB,3,0.4800000000000054
174,G82060,Co-Codamol_Cap 8mg/500mg,0407010F0AAABAB,3,0.4800000000000054
175,G82039,Co-Codamol_Cap 8mg/500mg,0407010F0AAABAB,3,0.4800000000000054
170,G82115,Co-Codamol_Cap 8mg/500mg,0407010F0AAABAB,3,0.4800000000000054
154,G82790,Pyridox HCl_Tab 50mg,0906024N0AAAIAI,1,0.4788000000000001
153,G82071,Pyridox HCl_Tab 50mg,0906024N0AAAIAI,1,0.4788000000000001
152,G82090,Pyridox HCl_Tab 50mg,0906024N0AAAIAI,1,0.4788000000000001
74,G82138,Clonazepam_Tab 500mcg,0408010F0AAABAB,1,0.474599999999999
75,G82790,Clonazepam_Tab 500mcg,0408010F0AAABAB,4,0.46399999999999997
176,G82115,Co-Codamol_Cap 8mg/500mg,0407010F0AAABAB,1,0.38400000000000434
177,G82115,Co-Codamol_Cap 8mg/500mg,0407010F0AAABAB,1,0.38400000000000434
181,G82039,Co-Codamol_Cap 8mg/500mg,0407010F0AAABAB,1,0.35840000000000405
179,G82115,Co-Codamol_Cap 8mg/500mg,0407010F0AAABAB,1,0.35840000000000405
180,G82039,Co-Codamol_Cap 8mg/500mg,0407010F0AAABAB,1,0.35840000000000405
182,G82060,Co-Codamol_Cap 8mg/500mg,0407010F0AAABAB,1,0.35840000000000405
178,G82060,Co-Codamol_Cap 8mg/500mg,0407010F0AAABAB,1,0.35840000000000405
183,G82115,Co-Codamol_Cap 8mg/500mg,0407010F0AAABAB,1,0.35840000000000405
128,G82802,Amiodarone HCl_Tab 200mg,0203020D0AAABAB,1,0.3500000000000003
129,G82115,Amiodarone HCl_Tab 200mg,0203020D0AAABAB,1,0.3500000000000003
79,G82063,Clonazepam_Tab 500mcg,0408010F0AAABAB,1,0.3389999999999993
80,G82090,Clonazepam_Tab 500mcg,0408010F0AAABAB,1,0.3389999999999993
78,G82148,Clonazepam_Tab 500mcg,0408010F0AAABAB,1,0.3389999999999993
77,G82119,Clonazepam_Tab 500mcg,0408010F0AAABAB,1,0.3389999999999993
76,G82082,Clonazepam_Tab 500mcg,0408010F0AAABAB,1,0.3389999999999993
130,G82090,Amiodarone HCl_Tab 200mg,0203020D0AAABAB,4,0.3388
187,G82060,Co-Codamol_Cap 8mg/500mg,0407010F0AAABAB,1,0.3200000000000036
184,G82119,Co-Codamol_Cap 8mg/500mg,0407010F0AAABAB,1,0.3200000000000036
185,G82138,Co-Codamol_Cap 8mg/500mg,0407010F0AAABAB,1,0.3200000000000036
189,G82138,Co-Codamol_Cap 8mg/500mg,0407010F0AAABAB,1,0.3200000000000036
186,G82228,Co-Codamol_Cap 8mg/500mg,0407010F0AAABAB,2,0.3200000000000036
188,G82039,Co-Codamol_Cap 8mg/500mg,0407010F0AAABAB,1,0.3200000000000036
190,G82039,Co-Codamol_Cap 8mg/500mg,0407010F0AAABAB,1,0.3200000000000036
192,G82119,Co-Codamol_Cap 8mg/500mg,0407010F0AAABAB,1,0.3200000000000036
191,G82228,Co-Codamol_Cap 8mg/500mg,0407010F0AAABAB,2,0.3200000000000036
193,G82060,Co-Codamol_Cap 8mg/500mg,0407010F0AAABAB,1,0.3200000000000036
81,G82115,Clonazepam_Tab 500mcg,0408010F0AAABAB,1,0.31639999999999935
82,G82063,Clonazepam_Tab 500mcg,0408010F0AAABAB,1,0.252999999999999
83,G82039,Clonazepam_Tab 500mcg,0408010F0AAABAB,1,0.2372999999999995
84,G82790,Clonazepam_Tab 500mcg,0408010F0AAABAB,1,0.22199999999999998
85,G82082,Clonazepam_Tab 500mcg,0408010F0AAABAB,1,0.22199999999999998
86,G82060,Clonazepam_Tab 500mcg,0408010F0AAABAB,1,0.20159999999999978
194,G82060,Co-Codamol_Cap 8mg/500mg,0407010F0AAABAB,1,0.17920000000000202
195,G82115,Co-Codamol_Cap 8mg/500mg,0407010F0AAABAB,1,0.17920000000000202
196,G82060,Co-Codamol_Cap 8mg/500mg,0407010F0AAABAB,1,0.17920000000000202
197,G82115,Co-Codamol_Cap 8mg/500mg,0407010F0AAABAB,1,0.17920000000000202
87,G82071,Clonazepam_Tab 500mcg,0408010F0AAABAB,1,0.1791999999999998
131,G82071,Amiodarone HCl_Tab 200mg,0203020D0AAABAB,2,0.1694
198,G82140,Co-Codamol_Cap 8mg/500mg,0407010F0AAABAB,1,0.1600000000000018
199,G82140,Co-Codamol_Cap 8mg/500mg,0407010F0AAABAB,1,0.1600000000000018
200,G82802,Co-Codamol_Cap 8mg/500mg,0407010F0AAABAB,1,0.1600000000000018
201,G82802,Co-Codamol_Cap 8mg/500mg,0407010F0AAABAB,1,0.1600000000000018
90,G82071,Clonazepam_Tab 500mcg,0408010F0AAABAB,1,0.15819999999999967
88,G82119,Clonazepam_Tab 500mcg,0408010F0AAABAB,1,0.15819999999999967
89,G82082,Clonazepam_Tab 500mcg,0408010F0AAABAB,1,0.15819999999999967
91,G82060,Clonazepam_Tab 500mcg,0408010F0AAABAB,1,0.11599999999999999
202,G82071,Co-Codamol_Cap 8mg/500mg,0407010F0AAABAB,1,0.09600000000000108
203,G82071,Co-Codamol_Cap 8mg/500mg,0407010F0AAABAB,1,0.09600000000000108
93,G82790,Clonazepam_Tab 500mcg,0408010F0AAABAB,1,0.07909999999999984
92,G82115,Clonazepam_Tab 500mcg,0408010F0AAABAB,1,0.07909999999999984
136,G82148,Gemfibrozil_Tab 600mg,0212000Q0AAABAB,1,0.0029999999999996696
99,G82119,Mesalazine_Tab E/C 400mg,0105010B0AAAAAA,1,-11.978399999999999
100,G82071,Mesalazine_Tab E/C 400mg,0105010B0AAAAAA,1,-17.112
