,practice_code,bnf_description,bnf_code,items,excess_cost
0,P81005,Amiodarone HCl_Tab 200mg,0203020D0AAABAB,1,0.7000000000000006
1,P81005,Clonazepam_Tab 500mcg,0408010F0AAABAB,9,5.921199999999987
2,P81005,Pyridox HCl_Tab 50mg,0906024N0AAAIAI,1,0.9576000000000002
3,P81022,Amiodarone HCl_Tab 200mg,0203020D0AAABAB,5,1.7500000000000016
4,P81022,Clonazepam_Tab 500mcg,0408010F0AAABAB,28,13.884899999999972
5,P81022,Mesalazine_Tab E/C 800mg,0105010B0AAASAS,5,11.480000000000032
6,P81022,Pyridox HCl_Tab 50mg,0906024N0AAAIAI,2,0.9576000000000002
7,P81022,Topiramate_Tab 200mg,040801050AAACAC,1,2.3183999999999996
8,P81051,Amiodarone HCl_Tab 200mg,0203020D0AAABAB,1,0.3500000000000003
9,P81051,Buprenorphine_Tab Subling 400mcg S/F,0410030A0AAACAC,2,2.6656000000000004
10,P81051,Carbocisteine_Cap 375mg,0307000J0AAAAAA,6,-0.01680000000000048
11,P81051,Clonazepam_Tab 500mcg,0408010F0AAABAB,29,15.230599999999969
12,P81051,Gemfibrozil_Tab 600mg,0212000Q0AAABAB,1,15.142399999999999
13,P81051,Mesalazine_Tab E/C 800mg,0105010B0AAASAS,2,-19.679999999999996
14,P81051,Tetrabenazine_Tab 25mg,0409030C0AAAAAA,10,9.549999999999986
15,P81058,Amiodarone HCl_Tab 200mg,0203020D0AAABAB,9,3.500000000000003
16,P81058,Buprenorphine_Tab Subling 400mcg S/F,0410030A0AAACAC,4,3.0464
17,P81058,Clonazepam_Tab 500mcg,0408010F0AAABAB,8,3.0057999999999936
18,P81058,Gemfibrozil_Tab 600mg,0212000Q0AAABAB,1,7.571199999999999
19,P81058,Mesalazine_Tab E/C 400mg,0105010B0AAAAAA,1,3.9927999999999995
20,P81058,Mesalazine_Tab E/C 800mg,0105010B0AAASAS,1,22.959999999999994
21,P81058,Topiramate_Tab 200mg,040801050AAACAC,2,3.563399999999999
22,P81061,Amiodarone HCl_Tab 200mg,0203020D0AAABAB,1,0.3500000000000003
23,P81061,Carbocisteine_Cap 375mg,0307000J0AAAAAA,1,0.003000000000000086
24,P81061,Clonazepam_Tab 500mcg,0408010F0AAABAB,9,3.841999999999992
25,P81061,Mesalazine_Tab E/C 800mg,0105010B0AAASAS,2,52.889999999999986
26,P81125,Amiodarone HCl_Tab 200mg,0203020D0AAABAB,6,2.450000000000002
27,P81125,Carbocisteine_Cap 375mg,0307000J0AAAAAA,2,0.00280000000000008
28,P81125,Clonazepam_Tab 500mcg,0408010F0AAABAB,5,4.791199999999991
29,P81125,Pyridox HCl_Tab 50mg,0906024N0AAAIAI,1,1.4364000000000003
30,P81125,Tetrabenazine_Tab 25mg,0409030C0AAAAAA,2,3.998399999999995
31,P81125,Topiramate_Tab 200mg,040801050AAACAC,1,2.3183999999999996
32,P81140,Amiodarone HCl_Tab 200mg,0203020D0AAABAB,8,2.8000000000000025
33,P81140,Carbocisteine_Cap 375mg,0307000J0AAAAAA,19,0.01640000000000047
34,P81140,Clonazepam_Tab 500mcg,0408010F0AAABAB,19,12.339599999999974
35,P81140,Mesalazine_Tab E/C 400mg,0105010B0AAAAAA,2,-9.1264
36,P81140,Mesalazine_Tab E/C 800mg,0105010B0AAASAS,3,86.71499999999997
37,P81140,Pyridox HCl_Tab 50mg,0906024N0AAAIAI,1,1.4364000000000003
38,P81140,Tetrabenazine_Tab 25mg,0409030C0AAAAAA,1,1.9991999999999974
39,P81140,Topiramate_Tab 200mg,040801050AAACAC,1,2.489999999999999
40,P81155,Amiodarone HCl_Tab 200mg,0203020D0AAABAB,2,0.7000000000000006
41,P81155,Carbocisteine_Cap 375mg,0307000J0AAAAAA,1,0.00560000000000016
42,P81155,Clonazepam_Tab 500mcg,0408010F0AAABAB,3,3.480399999999993
43,P81155,Mesalazine_Tab E/C 400mg,0105010B0AAAAAA,1,-31.942399999999996
44,P81167,Amiodarone HCl_Tab 200mg,0203020D0AAABAB,2,0.7000000000000006
45,P81167,Carbocisteine_Cap 375mg,0307000J0AAAAAA,1,0.00560000000000016
46,P81167,Clonazepam_Tab 500mcg,0408010F0AAABAB,7,4.791199999999991
47,P81167,Mesalazine_Tab E/C 400mg,0105010B0AAAAAA,1,23.956799999999998
48,P81167,Mesalazine_Tab E/C 800mg,0105010B0AAASAS,2,-18.432
49,P81204,Amiodarone HCl_Tab 200mg,0203020D0AAABAB,1,0.3500000000000003
50,P81204,Carbocisteine_Cap 375mg,0307000J0AAAAAA,2,0.010400000000000298
51,P81204,Clonazepam_Tab 500mcg,0408010F0AAABAB,2,0.6327999999999987
52,P81204,Mesalazine_Tab E/C 800mg,0105010B0AAASAS,3,-25.419999999999995
53,P81204,Pyridox HCl_Tab 50mg,0906024N0AAAIAI,1,1.4364000000000003
54,P81214,Amiodarone HCl_Tab 200mg,0203020D0AAABAB,2,0.7000000000000006
55,P81214,Clonazepam_Tab 500mcg,0408010F0AAABAB,4,1.920999999999996
56,P81622,Amiodarone HCl_Tab 200mg,0203020D0AAABAB,3,1.050000000000001
57,P81622,Clonazepam_Tab 500mcg,0408010F0AAABAB,8,6.965799999999986
58,P81622,Mesalazine_Tab E/C 800mg,0105010B0AAASAS,1,22.959999999999994
59,P81622,Pyridox HCl_Tab 50mg,0906024N0AAAIAI,1,1.9152000000000005
60,P81633,Clonazepam_Tab 500mcg,0408010F0AAABAB,2,1.2655999999999974
61,P81683,Amiodarone HCl_Tab 200mg,0203020D0AAABAB,1,0.3500000000000003
62,P81683,Clonazepam_Tab 500mcg,0408010F0AAABAB,3,1.423799999999997
63,P81683,Mesalazine_Tab E/C 400mg,0105010B0AAAAAA,1,3.9927999999999995
64,P81683,Tetrabenazine_Tab 25mg,0409030C0AAAAAA,1,4.997999999999994
65,P81694,Buprenorphine_Tab Subling 400mcg S/F,0410030A0AAACAC,2,1.5232
66,P81694,Carbocisteine_Cap 375mg,0307000J0AAAAAA,4,-0.01680000000000048
67,P81694,Clonazepam_Tab 500mcg,0408010F0AAABAB,7,1.919599999999996
68,P81704,Amiodarone HCl_Tab 200mg,0203020D0AAABAB,5,2.100000000000002
69,P81704,Clonazepam_Tab 500mcg,0408010F0AAABAB,14,4.120099999999992
70,P81704,Mesalazine_Tab E/C 800mg,0105010B0AAASAS,1,-34.43999999999999
71,P81707,Buprenorphine_Tab Subling 400mcg S/F,0410030A0AAACAC,2,2.2848
72,P81707,Carbocisteine_Cap 375mg,0307000J0AAAAAA,3,0.0
73,P81707,Clonazepam_Tab 500mcg,0408010F0AAABAB,4,1.898399999999996
74,P81709,Amiodarone HCl_Tab 200mg,0203020D0AAABAB,1,0.3500000000000003
75,P81709,Clonazepam_Tab 500mcg,0408010F0AAABAB,7,3.954999999999992
76,P81709,Tetrabenazine_Tab 25mg,0409030C0AAAAAA,1,0.9995999999999987
77,P81721,Carbocisteine_Cap 375mg,0307000J0AAAAAA,1,0.00560000000000016
78,P81721,Clonazepam_Tab 500mcg,0408010F0AAABAB,2,0.6327999999999987
79,P81724,Carbocisteine_Cap 375mg,0307000J0AAAAAA,1,0.003000000000000086
80,P81724,Clonazepam_Tab 500mcg,0408010F0AAABAB,2,0.949199999999998
81,P81734,Amiodarone HCl_Tab 200mg,0203020D0AAABAB,3,1.4000000000000012
82,P81734,Buprenorphine_Tab Subling 400mcg S/F,0410030A0AAACAC,5,3.2484000000000024
83,P81734,Carbocisteine_Cap 375mg,0307000J0AAAAAA,5,-0.014000000000000401
84,P81734,Clonazepam_Tab 500mcg,0408010F0AAABAB,12,5.935599999999987
85,P81734,Gemfibrozil_Tab 600mg,0212000Q0AAABAB,1,7.571199999999999
86,P81734,Mesalazine_Tab E/C 400mg,0105010B0AAAAAA,1,-15.971199999999998
87,P81734,Pyridox HCl_Tab 50mg,0906024N0AAAIAI,2,1.9152000000000005
88,P81734,Tetrabenazine_Tab 25mg,0409030C0AAAAAA,1,2.998799999999996
89,P81734,Topiramate_Tab 200mg,040801050AAACAC,1,2.489999999999999
90,P81771,Amiodarone HCl_Tab 200mg,0203020D0AAABAB,5,2.8000000000000025
91,P81771,Clonazepam_Tab 500mcg,0408010F0AAABAB,9,3.480399999999993
92,P81771,Mesalazine_Tab E/C 400mg,0105010B0AAAAAA,2,35.935199999999995
93,P81771,Mesalazine_Tab E/C 800mg,0105010B0AAASAS,2,51.65999999999998
94,Y02151,Buprenorphine_Tab Subling 400mcg S/F,0410030A0AAACAC,7,10.363199999999999
95,Y02657,Clonazepam_Tab 500mcg,0408010F0AAABAB,9,4.018799999999992
96,Y03967,Carbocisteine_Cap 375mg,0307000J0AAAAAA,2,14.04
97,Y04980,Carbocisteine_Cap 375mg,0307000J0AAAAAA,1,0.003000000000000086
