,practice_code,bnf_description,bnf_code,items,excess_cost
0,M83066,Atorvastatin_Tab 20mg,0212000B0AAABAB,154,180.2416
1,M83619,Atorvastatin_Tab 20mg,0212000B0AAABAB,51,180.2136
233,M83714,Memantine HCl_Tab 20mg,0411000G0AAADAD,5,177.89800000000002
556,M83619,Atorvastatin_Tab 40mg,0212000B0AAACAC,9,133.5096
20,M83004,Mesalazine_Tab E/C 400mg,0105010B0AAAAAA,5,119.78399999999998
560,M83619,Atorvastatin_Tab 80mg,0212000B0AAADAD,7,99.2152
21,M83601,Mesalazine_Tab E/C 400mg,0105010B0AAAAAA,2,95.82719999999999
22,M83004,Mesalazine_Tab E/C 400mg,0105010B0AAAAAA,2,71.87039999999999
242,M83627,Co-Codamol_Tab 8mg/500mg,0407010F0AAAAAA,2,71.7696
243,M83627,Co-Codamol_Tab 8mg/500mg,0407010F0AAAAAA,2,71.7696
2,M83066,Atorvastatin_Tab 20mg,0212000B0AAABAB,80,67.64800000000001
354,M83075,Nefopam HCl_Tab 30mg,0407010P0AAABAB,1,54.16
355,M83082,Nefopam HCl_Tab 30mg,0407010P0AAABAB,8,50.803200000000004
585,M83082,Montelukast_Tab 10mg,0303020G0AAABAB,89,48.843199999999996
586,M83082,Montelukast_Tab 10mg,0303020G0AAABAB,1,48.7592
356,M83075,Nefopam HCl_Tab 30mg,0407010P0AAABAB,4,48.743999999999986
24,M83047,Mesalazine_Tab E/C 400mg,0105010B0AAAAAA,1,47.913599999999995
23,M83075,Mesalazine_Tab E/C 400mg,0105010B0AAAAAA,1,47.913599999999995
3,M83714,Atorvastatin_Tab 20mg,0212000B0AAABAB,62,45.13600000000002
4,M83619,Atorvastatin_Tab 20mg,0212000B0AAABAB,15,45.065999999999995
25,M83075,Mesalazine_Tab E/C 400mg,0105010B0AAAAAA,1,35.935199999999995
366,M83082,Paracet_Tab 500mg,0407010H0AAAMAM,137,33.756800000000005
367,M83082,Paracet_Tab 500mg,0407010H0AAAMAM,137,33.756800000000005
26,M83713,Mesalazine_Tab E/C 400mg,0105010B0AAAAAA,2,31.9424
28,M83650,Mesalazine_Tab E/C 400mg,0105010B0AAAAAA,1,25.667999999999996
27,M83625,Mesalazine_Tab E/C 400mg,0105010B0AAAAAA,1,25.667999999999996
29,M83090,Mesalazine_Tab E/C 400mg,0105010B0AAAAAA,1,23.956799999999998
30,M83682,Mesalazine_Tab E/C 400mg,0105010B0AAAAAA,1,23.956799999999998
31,M83028,Mesalazine_Tab E/C 400mg,0105010B0AAAAAA,1,23.956799999999998
32,M83047,Mesalazine_Tab E/C 400mg,0105010B0AAAAAA,1,23.956799999999998
33,M83075,Mesalazine_Tab E/C 400mg,0105010B0AAAAAA,1,23.956799999999998
34,M83123,Mesalazine_Tab E/C 400mg,0105010B0AAAAAA,1,23.956799999999998
35,M83712,Mesalazine_Tab E/C 400mg,0105010B0AAAAAA,1,23.956799999999998
5,M83082,Atorvastatin_Tab 20mg,0212000B0AAABAB,751,23.13080000000008
6,M83714,Atorvastatin_Tab 20mg,0212000B0AAABAB,30,22.512000000000004
36,M83650,Mesalazine_Tab E/C 400mg,0105010B0AAAAAA,1,17.099999999999998
37,M83004,Mesalazine_Tab E/C 400mg,0105010B0AAAAAA,1,17.099999999999998
369,M83619,Paracet_Tab 500mg,0407010H0AAAMAM,7,10.080000000000002
368,M83619,Paracet_Tab 500mg,0407010H0AAAMAM,7,10.080000000000002
38,M83134,Mesalazine_Tab E/C 400mg,0105010B0AAAAAA,1,8.556
40,M83650,Mesalazine_Tab E/C 400mg,0105010B0AAAAAA,1,7.985599999999999
39,M83028,Mesalazine_Tab E/C 400mg,0105010B0AAAAAA,1,7.985599999999999
41,M83028,Mesalazine_Tab E/C 400mg,0105010B0AAAAAA,4,5.997600000000002
62,M83028,Clonazepam_Tab 500mcg,0408010F0AAABAB,9,5.695199999999988
371,M83066,Paracet_Tab 500mg,0407010H0AAAMAM,4,5.6448
370,M83066,Paracet_Tab 500mg,0407010H0AAAMAM,4,5.6448
372,M83082,Paracet_Tab 500mg,0407010H0AAAMAM,141,5.640000000000015
373,M83082,Paracet_Tab 500mg,0407010H0AAAMAM,141,5.640000000000015
245,M83094,Co-Codamol_Tab 8mg/500mg,0407010F0AAAAAA,1,5.3376
244,M83094,Co-Codamol_Tab 8mg/500mg,0407010F0AAAAAA,1,5.3376
375,M83714,Paracet_Tab 500mg,0407010H0AAAMAM,15,5.1000000000000005
374,M83714,Paracet_Tab 500mg,0407010H0AAAMAM,15,5.1000000000000005
63,M83068,Clonazepam_Tab 500mcg,0408010F0AAABAB,8,5.06239999999999
376,M83075,Paracet_Tab 500mg,0407010H0AAAMAM,96,4.800000000000004
377,M83075,Paracet_Tab 500mg,0407010H0AAAMAM,96,4.800000000000004
64,M83094,Clonazepam_Tab 500mcg,0408010F0AAABAB,5,4.74599999999999
65,M83082,Clonazepam_Tab 500mcg,0408010F0AAABAB,7,4.429599999999991
66,M83725,Clonazepam_Tab 500mcg,0408010F0AAABAB,2,3.796799999999992
68,Y02521,Clonazepam_Tab 500mcg,0408010F0AAABAB,6,3.796799999999992
67,M83138,Clonazepam_Tab 500mcg,0408010F0AAABAB,3,3.796799999999992
247,M83143,Co-Codamol_Tab 8mg/500mg,0407010F0AAAAAA,51,3.5700000000000136
246,M83143,Co-Codamol_Tab 8mg/500mg,0407010F0AAAAAA,51,3.5700000000000136
75,M83102,Clonazepam_Tab 500mcg,0408010F0AAABAB,5,3.1639999999999935
74,M83004,Clonazepam_Tab 500mcg,0408010F0AAABAB,5,3.1639999999999935
73,M83075,Clonazepam_Tab 500mcg,0408010F0AAABAB,5,3.1639999999999935
72,M83126,Clonazepam_Tab 500mcg,0408010F0AAABAB,5,3.1639999999999935
71,M83076,Clonazepam_Tab 500mcg,0408010F0AAABAB,5,3.1639999999999935
69,M83601,Clonazepam_Tab 500mcg,0408010F0AAABAB,10,3.1639999999999935
70,M83082,Clonazepam_Tab 500mcg,0408010F0AAABAB,10,3.1639999999999935
379,M83066,Paracet_Tab 500mg,0407010H0AAAMAM,39,3.120000000000008
378,M83066,Paracet_Tab 500mg,0407010H0AAAMAM,39,3.120000000000008
76,M83038,Clonazepam_Tab 500mcg,0408010F0AAABAB,3,2.847599999999994
77,M83004,Clonazepam_Tab 500mcg,0408010F0AAABAB,9,2.847599999999994
78,M83014,Clonazepam_Tab 500mcg,0408010F0AAABAB,3,2.847599999999994
81,M83021,Clonazepam_Tab 500mcg,0408010F0AAABAB,2,2.531199999999995
84,M83061,Clonazepam_Tab 500mcg,0408010F0AAABAB,4,2.531199999999995
90,M83038,Clonazepam_Tab 500mcg,0408010F0AAABAB,4,2.531199999999995
86,M83138,Clonazepam_Tab 500mcg,0408010F0AAABAB,8,2.531199999999995
87,Y02521,Clonazepam_Tab 500mcg,0408010F0AAABAB,8,2.531199999999995
83,M83134,Clonazepam_Tab 500mcg,0408010F0AAABAB,4,2.531199999999995
82,M83066,Clonazepam_Tab 500mcg,0408010F0AAABAB,4,2.531199999999995
85,M83625,Clonazepam_Tab 500mcg,0408010F0AAABAB,1,2.531199999999995
80,M83601,Clonazepam_Tab 500mcg,0408010F0AAABAB,4,2.531199999999995
79,M83138,Clonazepam_Tab 500mcg,0408010F0AAABAB,4,2.531199999999995
89,Y00592,Clonazepam_Tab 500mcg,0408010F0AAABAB,2,2.531199999999995
91,M83146,Clonazepam_Tab 500mcg,0408010F0AAABAB,8,2.531199999999995
92,Y00592,Clonazepam_Tab 500mcg,0408010F0AAABAB,4,2.531199999999995
93,M83625,Clonazepam_Tab 500mcg,0408010F0AAABAB,8,2.531199999999995
88,M83061,Clonazepam_Tab 500mcg,0408010F0AAABAB,2,2.531199999999995
94,M83143,Clonazepam_Tab 500mcg,0408010F0AAABAB,1,2.372999999999995
98,Y02521,Clonazepam_Tab 500mcg,0408010F0AAABAB,1,2.2599999999999953
95,M83038,Clonazepam_Tab 500mcg,0408010F0AAABAB,2,2.2599999999999953
96,M83068,Clonazepam_Tab 500mcg,0408010F0AAABAB,2,2.2599999999999953
97,M83076,Clonazepam_Tab 500mcg,0408010F0AAABAB,1,2.2599999999999953
99,M83061,Clonazepam_Tab 500mcg,0408010F0AAABAB,1,2.2599999999999953
101,Y00592,Clonazepam_Tab 500mcg,0408010F0AAABAB,1,2.2147999999999954
100,M83021,Clonazepam_Tab 500mcg,0408010F0AAABAB,7,2.2147999999999954
110,M83128,Clonazepam_Tab 500mcg,0408010F0AAABAB,6,1.898399999999996
111,M83075,Clonazepam_Tab 500mcg,0408010F0AAABAB,6,1.898399999999996
112,M83102,Clonazepam_Tab 500mcg,0408010F0AAABAB,6,1.898399999999996
113,M83014,Clonazepam_Tab 500mcg,0408010F0AAABAB,3,1.898399999999996
118,M83021,Clonazepam_Tab 500mcg,0408010F0AAABAB,3,1.898399999999996
108,M83028,Clonazepam_Tab 500mcg,0408010F0AAABAB,4,1.898399999999996
114,M83682,Clonazepam_Tab 500mcg,0408010F0AAABAB,3,1.898399999999996
115,M83625,Clonazepam_Tab 500mcg,0408010F0AAABAB,1,1.898399999999996
116,M83128,Clonazepam_Tab 500mcg,0408010F0AAABAB,3,1.898399999999996
109,M83146,Clonazepam_Tab 500mcg,0408010F0AAABAB,1,1.898399999999996
104,M83068,Clonazepam_Tab 500mcg,0408010F0AAABAB,2,1.898399999999996
107,M83047,Clonazepam_Tab 500mcg,0408010F0AAABAB,2,1.898399999999996
106,M83068,Clonazepam_Tab 500mcg,0408010F0AAABAB,6,1.898399999999996
105,M83682,Clonazepam_Tab 500mcg,0408010F0AAABAB,6,1.898399999999996
120,Y02521,Clonazepam_Tab 500mcg,0408010F0AAABAB,8,1.898399999999996
103,M83146,Clonazepam_Tab 500mcg,0408010F0AAABAB,2,1.898399999999996
102,M83094,Clonazepam_Tab 500mcg,0408010F0AAABAB,6,1.898399999999996
119,M83711,Clonazepam_Tab 500mcg,0408010F0AAABAB,3,1.898399999999996
117,Y00592,Clonazepam_Tab 500mcg,0408010F0AAABAB,2,1.898399999999996
123,M83126,Clonazepam_Tab 500mcg,0408010F0AAABAB,5,1.5819999999999967
122,Y02867,Clonazepam_Tab 500mcg,0408010F0AAABAB,5,1.5819999999999967
121,M83014,Clonazepam_Tab 500mcg,0408010F0AAABAB,1,1.5819999999999967
248,M83126,Co-Codamol_Tab 8mg/500mg,0407010F0AAAAAA,2,1.3632000000000002
249,M83126,Co-Codamol_Tab 8mg/500mg,0407010F0AAAAAA,2,1.3632000000000002
127,M83102,Clonazepam_Tab 500mcg,0408010F0AAABAB,2,1.3559999999999972
124,Y00592,Clonazepam_Tab 500mcg,0408010F0AAABAB,2,1.3559999999999972
125,M83038,Clonazepam_Tab 500mcg,0408010F0AAABAB,2,1.3559999999999972
126,M83146,Clonazepam_Tab 500mcg,0408010F0AAABAB,2,1.3559999999999972
128,M83682,Clonazepam_Tab 500mcg,0408010F0AAABAB,2,1.3559999999999972
142,M83094,Clonazepam_Tab 500mcg,0408010F0AAABAB,2,1.2655999999999974
139,M83601,Clonazepam_Tab 500mcg,0408010F0AAABAB,1,1.2655999999999974
140,M83014,Clonazepam_Tab 500mcg,0408010F0AAABAB,1,1.2655999999999974
141,M83624,Clonazepam_Tab 500mcg,0408010F0AAABAB,1,1.2655999999999974
137,M83625,Clonazepam_Tab 500mcg,0408010F0AAABAB,2,1.2655999999999974
143,M83661,Clonazepam_Tab 500mcg,0408010F0AAABAB,2,1.2655999999999974
144,M83146,Clonazepam_Tab 500mcg,0408010F0AAABAB,2,1.2655999999999974
146,M83123,Clonazepam_Tab 500mcg,0408010F0AAABAB,4,1.2655999999999974
145,M83623,Clonazepam_Tab 500mcg,0408010F0AAABAB,1,1.2655999999999974
138,M83076,Clonazepam_Tab 500mcg,0408010F0AAABAB,1,1.2655999999999974
133,M83090,Clonazepam_Tab 500mcg,0408010F0AAABAB,2,1.2655999999999974
136,M83661,Clonazepam_Tab 500mcg,0408010F0AAABAB,4,1.2655999999999974
134,M83127,Clonazepam_Tab 500mcg,0408010F0AAABAB,2,1.2655999999999974
135,M83126,Clonazepam_Tab 500mcg,0408010F0AAABAB,1,1.2655999999999974
132,M83061,Clonazepam_Tab 500mcg,0408010F0AAABAB,4,1.2655999999999974
131,M83047,Clonazepam_Tab 500mcg,0408010F0AAABAB,1,1.2655999999999974
130,Y00592,Clonazepam_Tab 500mcg,0408010F0AAABAB,4,1.2655999999999974
129,M83094,Clonazepam_Tab 500mcg,0408010F0AAABAB,1,1.2655999999999974
150,M83126,Clonazepam_Tab 500mcg,0408010F0AAABAB,1,1.1299999999999977
155,Y02521,Clonazepam_Tab 500mcg,0408010F0AAABAB,1,1.1299999999999977
154,M83650,Clonazepam_Tab 500mcg,0408010F0AAABAB,1,1.1299999999999977
153,M83090,Clonazepam_Tab 500mcg,0408010F0AAABAB,1,1.1299999999999977
151,M83143,Clonazepam_Tab 500mcg,0408010F0AAABAB,1,1.1299999999999977
152,M83066,Clonazepam_Tab 500mcg,0408010F0AAABAB,1,1.1299999999999977
149,M83725,Clonazepam_Tab 500mcg,0408010F0AAABAB,1,1.1299999999999977
148,M83146,Clonazepam_Tab 500mcg,0408010F0AAABAB,1,1.1299999999999977
147,M83138,Clonazepam_Tab 500mcg,0408010F0AAABAB,1,1.1299999999999977
156,M83038,Clonazepam_Tab 500mcg,0408010F0AAABAB,1,1.016999999999998
157,M83082,Clonazepam_Tab 500mcg,0408010F0AAABAB,1,1.016999999999998
158,M83004,Clonazepam_Tab 500mcg,0408010F0AAABAB,3,1.016999999999998
177,M83014,Clonazepam_Tab 500mcg,0408010F0AAABAB,3,0.949199999999998
176,M83038,Clonazepam_Tab 500mcg,0408010F0AAABAB,3,0.949199999999998
168,M83709,Clonazepam_Tab 500mcg,0408010F0AAABAB,3,0.949199999999998
175,M83126,Clonazepam_Tab 500mcg,0408010F0AAABAB,1,0.949199999999998
174,M83625,Clonazepam_Tab 500mcg,0408010F0AAABAB,1,0.949199999999998
173,M83624,Clonazepam_Tab 500mcg,0408010F0AAABAB,6,0.949199999999998
172,M83061,Clonazepam_Tab 500mcg,0408010F0AAABAB,1,0.949199999999998
178,M83128,Clonazepam_Tab 500mcg,0408010F0AAABAB,1,0.949199999999998
171,Y02867,Clonazepam_Tab 500mcg,0408010F0AAABAB,1,0.949199999999998
170,M83004,Clonazepam_Tab 500mcg,0408010F0AAABAB,1,0.949199999999998
169,M83711,Clonazepam_Tab 500mcg,0408010F0AAABAB,2,0.949199999999998
163,M83090,Clonazepam_Tab 500mcg,0408010F0AAABAB,1,0.949199999999998
167,M83076,Clonazepam_Tab 500mcg,0408010F0AAABAB,1,0.949199999999998
165,M83066,Clonazepam_Tab 500mcg,0408010F0AAABAB,1,0.949199999999998
164,M83082,Clonazepam_Tab 500mcg,0408010F0AAABAB,1,0.949199999999998
162,M83021,Clonazepam_Tab 500mcg,0408010F0AAABAB,1,0.949199999999998
161,M83711,Clonazepam_Tab 500mcg,0408010F0AAABAB,3,0.949199999999998
160,M83082,Clonazepam_Tab 500mcg,0408010F0AAABAB,4,0.949199999999998
159,M83068,Clonazepam_Tab 500mcg,0408010F0AAABAB,2,0.949199999999998
166,M83725,Clonazepam_Tab 500mcg,0408010F0AAABAB,3,0.949199999999998
561,M83075,Atorvastatin_Tab 80mg,0212000B0AAADAD,51,0.7140000000000006
181,M83061,Clonazepam_Tab 500mcg,0408010F0AAABAB,1,0.6779999999999986
183,M83014,Clonazepam_Tab 500mcg,0408010F0AAABAB,1,0.6779999999999986
182,M83709,Clonazepam_Tab 500mcg,0408010F0AAABAB,1,0.6779999999999986
179,M83076,Clonazepam_Tab 500mcg,0408010F0AAABAB,1,0.6779999999999986
180,M83650,Clonazepam_Tab 500mcg,0408010F0AAABAB,2,0.6779999999999986
197,M83143,Clonazepam_Tab 500mcg,0408010F0AAABAB,2,0.6327999999999987
190,M83047,Clonazepam_Tab 500mcg,0408010F0AAABAB,2,0.6327999999999987
196,M83725,Clonazepam_Tab 500mcg,0408010F0AAABAB,1,0.6327999999999987
195,M83627,Clonazepam_Tab 500mcg,0408010F0AAABAB,1,0.6327999999999987
194,M83028,Clonazepam_Tab 500mcg,0408010F0AAABAB,2,0.6327999999999987
193,M83650,Clonazepam_Tab 500mcg,0408010F0AAABAB,1,0.6327999999999987
192,M83123,Clonazepam_Tab 500mcg,0408010F0AAABAB,1,0.6327999999999987
191,M83627,Clonazepam_Tab 500mcg,0408010F0AAABAB,2,0.6327999999999987
187,M83624,Clonazepam_Tab 500mcg,0408010F0AAABAB,2,0.6327999999999987
189,M83090,Clonazepam_Tab 500mcg,0408010F0AAABAB,2,0.6327999999999987
188,Y02867,Clonazepam_Tab 500mcg,0408010F0AAABAB,1,0.6327999999999987
186,M83700,Clonazepam_Tab 500mcg,0408010F0AAABAB,1,0.6327999999999987
185,M83713,Clonazepam_Tab 500mcg,0408010F0AAABAB,1,0.6327999999999987
184,M83076,Clonazepam_Tab 500mcg,0408010F0AAABAB,2,0.6327999999999987
198,M83126,Clonazepam_Tab 500mcg,0408010F0AAABAB,1,0.5699999999999983
199,M83128,Clonazepam_Tab 500mcg,0408010F0AAABAB,1,0.5699999999999983
201,Y00592,Clonazepam_Tab 500mcg,0408010F0AAABAB,1,0.474599999999999
202,M83076,Clonazepam_Tab 500mcg,0408010F0AAABAB,1,0.474599999999999
200,M83143,Clonazepam_Tab 500mcg,0408010F0AAABAB,1,0.474599999999999
203,M83661,Clonazepam_Tab 500mcg,0408010F0AAABAB,1,0.4331999999999987
204,M83028,Clonazepam_Tab 500mcg,0408010F0AAABAB,1,0.3389999999999993
205,M83623,Clonazepam_Tab 500mcg,0408010F0AAABAB,1,0.3389999999999993
206,M83102,Clonazepam_Tab 500mcg,0408010F0AAABAB,1,0.3389999999999993
207,M83061,Clonazepam_Tab 500mcg,0408010F0AAABAB,1,0.3389999999999993
208,M83100,Clonazepam_Tab 500mcg,0408010F0AAABAB,1,0.3389999999999993
209,Y02521,Clonazepam_Tab 500mcg,0408010F0AAABAB,1,0.3389999999999993
210,M83038,Clonazepam_Tab 500mcg,0408010F0AAABAB,1,0.3389999999999993
211,Y00592,Clonazepam_Tab 500mcg,0408010F0AAABAB,1,0.3389999999999993
215,M83625,Clonazepam_Tab 500mcg,0408010F0AAABAB,2,0.31639999999999935
218,M83047,Clonazepam_Tab 500mcg,0408010F0AAABAB,2,0.31639999999999935
217,M83100,Clonazepam_Tab 500mcg,0408010F0AAABAB,1,0.31639999999999935
219,M83066,Clonazepam_Tab 500mcg,0408010F0AAABAB,1,0.31639999999999935
216,M83711,Clonazepam_Tab 500mcg,0408010F0AAABAB,2,0.31639999999999935
213,M83661,Clonazepam_Tab 500mcg,0408010F0AAABAB,2,0.31639999999999935
214,M83712,Clonazepam_Tab 500mcg,0408010F0AAABAB,1,0.31639999999999935
212,M83094,Clonazepam_Tab 500mcg,0408010F0AAABAB,4,0.31639999999999935
220,M83066,Clonazepam_Tab 500mcg,0408010F0AAABAB,1,0.2799999999999997
221,M83094,Clonazepam_Tab 500mcg,0408010F0AAABAB,2,0.23199999999999998
222,M83068,Clonazepam_Tab 500mcg,0408010F0AAABAB,1,0.22199999999999998
380,M83619,Paracet_Tab 500mg,0407010H0AAAMAM,18,0.1799999999999989
381,M83619,Paracet_Tab 500mg,0407010H0AAAMAM,18,0.1799999999999989
223,M83146,Clonazepam_Tab 500mcg,0408010F0AAABAB,1,0.174
383,M83623,Paracet_Tab 500mg,0407010H0AAAMAM,29,0.17399999999999893
382,M83623,Paracet_Tab 500mg,0407010H0AAAMAM,29,0.17399999999999893
226,M83709,Clonazepam_Tab 500mcg,0408010F0AAABAB,1,0.15819999999999967
231,Y00592,Clonazepam_Tab 500mcg,0408010F0AAABAB,1,0.15819999999999967
227,M83146,Clonazepam_Tab 500mcg,0408010F0AAABAB,2,0.15819999999999967
224,Y02867,Clonazepam_Tab 500mcg,0408010F0AAABAB,1,0.15819999999999967
225,Y02521,Clonazepam_Tab 500mcg,0408010F0AAABAB,1,0.15819999999999967
230,M83650,Clonazepam_Tab 500mcg,0408010F0AAABAB,1,0.15819999999999967
228,M83066,Clonazepam_Tab 500mcg,0408010F0AAABAB,1,0.15819999999999967
229,M83082,Clonazepam_Tab 500mcg,0408010F0AAABAB,1,0.15819999999999967
384,M83619,Paracet_Tab 500mg,0407010H0AAAMAM,4,0.12800000000000145
385,M83619,Paracet_Tab 500mg,0407010H0AAAMAM,4,0.12800000000000145
232,M83076,Clonazepam_Tab 500mcg,0408010F0AAABAB,1,0.11599999999999999
386,M83075,Paracet_Tab 500mg,0407010H0AAAMAM,15,0.08999999999999946
387,M83075,Paracet_Tab 500mg,0407010H0AAAMAM,15,0.08999999999999946
562,M83682,Atorvastatin_Tab 80mg,0212000B0AAADAD,31,0.06510000000000186
251,M83682,Co-Codamol_Tab 8mg/500mg,0407010F0AAAAAA,11,0.06159999999999963
250,M83682,Co-Codamol_Tab 8mg/500mg,0407010F0AAAAAA,11,0.06159999999999963
234,M83682,Memantine HCl_Tab 20mg,0411000G0AAADAD,10,0.048999999999999946
389,M83138,Paracet_Tab 500mg,0407010H0AAAMAM,10,0.041999999999999746
388,M83138,Paracet_Tab 500mg,0407010H0AAAMAM,10,0.041999999999999746
236,M83138,Memantine HCl_Tab 20mg,0411000G0AAADAD,8,0.03919999999999996
235,M83094,Memantine HCl_Tab 20mg,0411000G0AAADAD,8,0.03919999999999996
253,M83128,Co-Codamol_Tab 8mg/500mg,0407010F0AAAAAA,7,0.03919999999999976
252,M83128,Co-Codamol_Tab 8mg/500mg,0407010F0AAAAAA,7,0.03919999999999976
357,M83047,Nefopam HCl_Tab 30mg,0407010P0AAABAB,9,0.03779999999999584
390,M83682,Paracet_Tab 500mg,0407010H0AAAMAM,11,0.030799999999999814
391,M83682,Paracet_Tab 500mg,0407010H0AAAMAM,11,0.030799999999999814
392,M83661,Paracet_Tab 500mg,0407010H0AAAMAM,5,0.02999999999999982
393,M83661,Paracet_Tab 500mg,0407010H0AAAMAM,5,0.02999999999999982
563,M83713,Atorvastatin_Tab 80mg,0212000B0AAADAD,12,0.025200000000000722
254,M83661,Co-Codamol_Tab 8mg/500mg,0407010F0AAAAAA,5,0.02499999999999985
255,M83127,Co-Codamol_Tab 8mg/500mg,0407010F0AAAAAA,5,0.02499999999999985
256,M83127,Co-Codamol_Tab 8mg/500mg,0407010F0AAAAAA,5,0.02499999999999985
257,M83661,Co-Codamol_Tab 8mg/500mg,0407010F0AAAAAA,5,0.02499999999999985
238,Y02521,Memantine HCl_Tab 20mg,0411000G0AAADAD,5,0.024499999999999973
237,M83100,Memantine HCl_Tab 20mg,0411000G0AAADAD,5,0.024499999999999973
394,M83712,Paracet_Tab 500mg,0407010H0AAAMAM,4,0.023999999999999855
395,M83021,Paracet_Tab 500mg,0407010H0AAAMAM,4,0.023999999999999855
397,M83021,Paracet_Tab 500mg,0407010H0AAAMAM,4,0.023999999999999855
396,M83712,Paracet_Tab 500mg,0407010H0AAAMAM,4,0.023999999999999855
564,M83725,Atorvastatin_Tab 80mg,0212000B0AAADAD,11,0.02310000000000066
398,M83713,Paracet_Tab 500mg,0407010H0AAAMAM,8,0.022399999999999864
399,M83713,Paracet_Tab 500mg,0407010H0AAAMAM,8,0.022399999999999864
7,M83632,Atorvastatin_Tab 20mg,0212000B0AAABAB,5,0.022000000000000075
358,M83682,Nefopam HCl_Tab 30mg,0407010P0AAABAB,5,0.020999999999997687
263,Y00592,Co-Codamol_Tab 8mg/500mg,0407010F0AAAAAA,4,0.01999999999999988
258,M83123,Co-Codamol_Tab 8mg/500mg,0407010F0AAAAAA,4,0.01999999999999988
262,M83682,Co-Codamol_Tab 8mg/500mg,0407010F0AAAAAA,4,0.01999999999999988
261,Y00592,Co-Codamol_Tab 8mg/500mg,0407010F0AAAAAA,4,0.01999999999999988
260,M83682,Co-Codamol_Tab 8mg/500mg,0407010F0AAAAAA,4,0.01999999999999988
259,M83123,Co-Codamol_Tab 8mg/500mg,0407010F0AAAAAA,4,0.01999999999999988
239,M83123,Memantine HCl_Tab 20mg,0411000G0AAADAD,4,0.01959999999999998
240,M83661,Memantine HCl_Tab 20mg,0411000G0AAADAD,4,0.01959999999999998
241,M83090,Memantine HCl_Tab 20mg,0411000G0AAADAD,4,0.01959999999999998
565,M83625,Atorvastatin_Tab 80mg,0212000B0AAADAD,9,0.01890000000000054
566,Y02521,Atorvastatin_Tab 80mg,0212000B0AAADAD,9,0.01890000000000054
405,M83700,Paracet_Tab 500mg,0407010H0AAAMAM,3,0.01799999999999989
402,M83713,Paracet_Tab 500mg,0407010H0AAAMAM,3,0.01799999999999989
400,M83047,Paracet_Tab 500mg,0407010H0AAAMAM,3,0.01799999999999989
401,M83709,Paracet_Tab 500mg,0407010H0AAAMAM,3,0.01799999999999989
406,M83709,Paracet_Tab 500mg,0407010H0AAAMAM,3,0.01799999999999989
404,M83128,Paracet_Tab 500mg,0407010H0AAAMAM,3,0.01799999999999989
407,M83713,Paracet_Tab 500mg,0407010H0AAAMAM,3,0.01799999999999989
408,M83061,Paracet_Tab 500mg,0407010H0AAAMAM,3,0.01799999999999989
409,M83128,Paracet_Tab 500mg,0407010H0AAAMAM,3,0.01799999999999989
410,M83061,Paracet_Tab 500mg,0407010H0AAAMAM,3,0.01799999999999989
411,M83700,Paracet_Tab 500mg,0407010H0AAAMAM,3,0.01799999999999989
403,M83047,Paracet_Tab 500mg,0407010H0AAAMAM,3,0.01799999999999989
569,M83090,Atorvastatin_Tab 80mg,0212000B0AAADAD,8,0.01680000000000048
570,M83094,Atorvastatin_Tab 80mg,0212000B0AAADAD,8,0.01680000000000048
571,M83028,Atorvastatin_Tab 80mg,0212000B0AAADAD,8,0.01680000000000048
567,M83661,Atorvastatin_Tab 80mg,0212000B0AAADAD,8,0.01680000000000048
568,M83625,Atorvastatin_Tab 80mg,0212000B0AAADAD,4,0.01680000000000048
419,M83100,Paracet_Tab 500mg,0407010H0AAAMAM,4,0.0167999999999999
264,M83076,Co-Codamol_Tab 8mg/500mg,0407010F0AAAAAA,1,0.0167999999999999
265,M83076,Co-Codamol_Tab 8mg/500mg,0407010F0AAAAAA,1,0.0167999999999999
266,M83028,Co-Codamol_Tab 8mg/500mg,0407010F0AAAAAA,2,0.0167999999999999
267,M83028,Co-Codamol_Tab 8mg/500mg,0407010F0AAAAAA,2,0.0167999999999999
412,M83100,Paracet_Tab 500mg,0407010H0AAAMAM,4,0.0167999999999999
413,M83127,Paracet_Tab 500mg,0407010H0AAAMAM,4,0.0167999999999999
414,M83146,Paracet_Tab 500mg,0407010H0AAAMAM,4,0.0167999999999999
415,M83127,Paracet_Tab 500mg,0407010H0AAAMAM,4,0.0167999999999999
416,M83014,Paracet_Tab 500mg,0407010H0AAAMAM,4,0.0167999999999999
417,M83146,Paracet_Tab 500mg,0407010H0AAAMAM,4,0.0167999999999999
418,M83014,Paracet_Tab 500mg,0407010H0AAAMAM,4,0.0167999999999999
359,M83075,Nefopam HCl_Tab 30mg,0407010P0AAABAB,4,0.01679999999999815
557,M83021,Atorvastatin_Tab 40mg,0212000B0AAACAC,5,0.015000000000000083
268,M83068,Co-Codamol_Tab 8mg/500mg,0407010F0AAAAAA,3,0.01499999999999991
269,M83714,Co-Codamol_Tab 8mg/500mg,0407010F0AAAAAA,3,0.01499999999999991
270,M83068,Co-Codamol_Tab 8mg/500mg,0407010F0AAAAAA,3,0.01499999999999991
271,M83714,Co-Codamol_Tab 8mg/500mg,0407010F0AAAAAA,3,0.01499999999999991
420,M83138,Paracet_Tab 500mg,0407010H0AAAMAM,5,0.013999999999999915
421,M83138,Paracet_Tab 500mg,0407010H0AAAMAM,5,0.013999999999999915
422,M83061,Paracet_Tab 500mg,0407010H0AAAMAM,1,0.011999999999999927
436,M83028,Paracet_Tab 500mg,0407010H0AAAMAM,2,0.011999999999999927
445,M83126,Paracet_Tab 500mg,0407010H0AAAMAM,1,0.011999999999999927
444,M83028,Paracet_Tab 500mg,0407010H0AAAMAM,1,0.011999999999999927
443,M83102,Paracet_Tab 500mg,0407010H0AAAMAM,2,0.011999999999999927
442,M83126,Paracet_Tab 500mg,0407010H0AAAMAM,1,0.011999999999999927
441,M83061,Paracet_Tab 500mg,0407010H0AAAMAM,1,0.011999999999999927
440,M83068,Paracet_Tab 500mg,0407010H0AAAMAM,2,0.011999999999999927
439,M83625,Paracet_Tab 500mg,0407010H0AAAMAM,2,0.011999999999999927
437,Y00592,Paracet_Tab 500mg,0407010H0AAAMAM,2,0.011999999999999927
438,M83038,Paracet_Tab 500mg,0407010H0AAAMAM,2,0.011999999999999927
435,M83146,Paracet_Tab 500mg,0407010H0AAAMAM,2,0.011999999999999927
428,Y02521,Paracet_Tab 500mg,0407010H0AAAMAM,2,0.011999999999999927
426,M83038,Paracet_Tab 500mg,0407010H0AAAMAM,2,0.011999999999999927
425,Y02521,Paracet_Tab 500mg,0407010H0AAAMAM,2,0.011999999999999927
424,M83146,Paracet_Tab 500mg,0407010H0AAAMAM,2,0.011999999999999927
423,M83625,Paracet_Tab 500mg,0407010H0AAAMAM,2,0.011999999999999927
427,Y00592,Paracet_Tab 500mg,0407010H0AAAMAM,2,0.011999999999999927
434,M83102,Paracet_Tab 500mg,0407010H0AAAMAM,2,0.011999999999999927
429,M83068,Paracet_Tab 500mg,0407010H0AAAMAM,2,0.011999999999999927
430,M83100,Paracet_Tab 500mg,0407010H0AAAMAM,2,0.011999999999999927
431,M83028,Paracet_Tab 500mg,0407010H0AAAMAM,1,0.011999999999999927
432,M83100,Paracet_Tab 500mg,0407010H0AAAMAM,2,0.011999999999999927
433,M83028,Paracet_Tab 500mg,0407010H0AAAMAM,2,0.011999999999999927
587,M83625,Montelukast_Tab 10mg,0303020G0AAABAB,4,0.011199999999999988
446,M83128,Paracet_Tab 500mg,0407010H0AAAMAM,4,0.011199999999999932
273,M83682,Co-Codamol_Tab 8mg/500mg,0407010F0AAAAAA,4,0.011199999999999932
450,M83725,Paracet_Tab 500mg,0407010H0AAAMAM,4,0.011199999999999932
447,M83725,Paracet_Tab 500mg,0407010H0AAAMAM,4,0.011199999999999932
448,Y02867,Paracet_Tab 500mg,0407010H0AAAMAM,4,0.011199999999999932
449,Y02867,Paracet_Tab 500mg,0407010H0AAAMAM,4,0.011199999999999932
451,M83128,Paracet_Tab 500mg,0407010H0AAAMAM,4,0.011199999999999932
272,M83047,Co-Codamol_Tab 8mg/500mg,0407010F0AAAAAA,2,0.011199999999999932
274,M83682,Co-Codamol_Tab 8mg/500mg,0407010F0AAAAAA,4,0.011199999999999932
275,M83047,Co-Codamol_Tab 8mg/500mg,0407010F0AAAAAA,2,0.011199999999999932
574,M83650,Atorvastatin_Tab 80mg,0212000B0AAADAD,5,0.0105000000000003
572,M83102,Atorvastatin_Tab 80mg,0212000B0AAADAD,5,0.0105000000000003
573,M83624,Atorvastatin_Tab 80mg,0212000B0AAADAD,5,0.0105000000000003
453,M83127,Paracet_Tab 500mg,0407010H0AAAMAM,5,0.010499999999999936
452,M83127,Paracet_Tab 500mg,0407010H0AAAMAM,5,0.010499999999999936
284,M83143,Co-Codamol_Tab 8mg/500mg,0407010F0AAAAAA,2,0.00999999999999994
287,M83143,Co-Codamol_Tab 8mg/500mg,0407010F0AAAAAA,2,0.00999999999999994
286,M83625,Co-Codamol_Tab 8mg/500mg,0407010F0AAAAAA,2,0.00999999999999994
285,M83075,Co-Codamol_Tab 8mg/500mg,0407010F0AAAAAA,2,0.00999999999999994
283,M83028,Co-Codamol_Tab 8mg/500mg,0407010F0AAAAAA,2,0.00999999999999994
282,M83028,Co-Codamol_Tab 8mg/500mg,0407010F0AAAAAA,2,0.00999999999999994
280,M83650,Co-Codamol_Tab 8mg/500mg,0407010F0AAAAAA,2,0.00999999999999994
279,M83075,Co-Codamol_Tab 8mg/500mg,0407010F0AAAAAA,2,0.00999999999999994
278,M83625,Co-Codamol_Tab 8mg/500mg,0407010F0AAAAAA,2,0.00999999999999994
277,M83014,Co-Codamol_Tab 8mg/500mg,0407010F0AAAAAA,2,0.00999999999999994
276,M83014,Co-Codamol_Tab 8mg/500mg,0407010F0AAAAAA,2,0.00999999999999994
281,M83650,Co-Codamol_Tab 8mg/500mg,0407010F0AAAAAA,2,0.00999999999999994
360,M83625,Nefopam HCl_Tab 30mg,0407010P0AAABAB,2,0.008999999999999009
575,M83128,Atorvastatin_Tab 80mg,0212000B0AAADAD,2,0.00840000000000024
576,M83138,Atorvastatin_Tab 80mg,0212000B0AAADAD,4,0.00840000000000024
577,M83068,Atorvastatin_Tab 80mg,0212000B0AAADAD,2,0.00840000000000024
578,M83143,Atorvastatin_Tab 80mg,0212000B0AAADAD,2,0.00840000000000024
296,M83047,Co-Codamol_Tab 8mg/500mg,0407010F0AAAAAA,1,0.00839999999999995
289,M83725,Co-Codamol_Tab 8mg/500mg,0407010F0AAAAAA,1,0.00839999999999995
299,M83128,Co-Codamol_Tab 8mg/500mg,0407010F0AAAAAA,1,0.00839999999999995
292,M83712,Co-Codamol_Tab 8mg/500mg,0407010F0AAAAAA,1,0.00839999999999995
293,M83713,Co-Codamol_Tab 8mg/500mg,0407010F0AAAAAA,1,0.00839999999999995
288,M83712,Co-Codamol_Tab 8mg/500mg,0407010F0AAAAAA,1,0.00839999999999995
294,M83713,Co-Codamol_Tab 8mg/500mg,0407010F0AAAAAA,1,0.00839999999999995
295,M83102,Co-Codamol_Tab 8mg/500mg,0407010F0AAAAAA,1,0.00839999999999995
297,M83725,Co-Codamol_Tab 8mg/500mg,0407010F0AAAAAA,1,0.00839999999999995
298,M83047,Co-Codamol_Tab 8mg/500mg,0407010F0AAAAAA,1,0.00839999999999995
290,M83128,Co-Codamol_Tab 8mg/500mg,0407010F0AAAAAA,1,0.00839999999999995
291,M83102,Co-Codamol_Tab 8mg/500mg,0407010F0AAAAAA,1,0.00839999999999995
361,M83068,Nefopam HCl_Tab 30mg,0407010P0AAABAB,2,0.008399999999999075
362,M83123,Nefopam HCl_Tab 30mg,0407010P0AAABAB,2,0.008399999999999075
363,M83725,Nefopam HCl_Tab 30mg,0407010P0AAABAB,2,0.008399999999999075
579,M83047,Atorvastatin_Tab 80mg,0212000B0AAADAD,3,0.0063000000000001805
10,M83068,Atorvastatin_Tab 20mg,0212000B0AAABAB,1,0.006000000000000172
11,M83126,Atorvastatin_Tab 20mg,0212000B0AAABAB,3,0.006000000000000172
9,M83714,Atorvastatin_Tab 20mg,0212000B0AAABAB,1,0.006000000000000172
8,Y02521,Atorvastatin_Tab 20mg,0212000B0AAABAB,1,0.006000000000000172
558,M83076,Atorvastatin_Tab 40mg,0212000B0AAACAC,1,0.006000000000000172
454,M83127,Paracet_Tab 500mg,0407010H0AAAMAM,1,0.005999999999999964
463,M83714,Paracet_Tab 500mg,0407010H0AAAMAM,1,0.005999999999999964
455,M83014,Paracet_Tab 500mg,0407010H0AAAMAM,1,0.005999999999999964
457,M83127,Paracet_Tab 500mg,0407010H0AAAMAM,1,0.005999999999999964
465,M83682,Paracet_Tab 500mg,0407010H0AAAMAM,1,0.005999999999999964
466,M83601,Paracet_Tab 500mg,0407010H0AAAMAM,1,0.005999999999999964
467,M83601,Paracet_Tab 500mg,0407010H0AAAMAM,1,0.005999999999999964
462,M83061,Paracet_Tab 500mg,0407010H0AAAMAM,2,0.005999999999999964
461,Y02867,Paracet_Tab 500mg,0407010H0AAAMAM,1,0.005999999999999964
460,M83682,Paracet_Tab 500mg,0407010H0AAAMAM,1,0.005999999999999964
459,M83061,Paracet_Tab 500mg,0407010H0AAAMAM,2,0.005999999999999964
458,Y02867,Paracet_Tab 500mg,0407010H0AAAMAM,1,0.005999999999999964
464,M83714,Paracet_Tab 500mg,0407010H0AAAMAM,1,0.005999999999999964
456,M83014,Paracet_Tab 500mg,0407010H0AAAMAM,1,0.005999999999999964
312,M83076,Co-Codamol_Tab 8mg/500mg,0407010F0AAAAAA,1,0.005599999999999966
310,M83146,Co-Codamol_Tab 8mg/500mg,0407010F0AAAAAA,1,0.005599999999999966
309,M83082,Co-Codamol_Tab 8mg/500mg,0407010F0AAAAAA,1,0.005599999999999966
307,M83138,Co-Codamol_Tab 8mg/500mg,0407010F0AAAAAA,1,0.005599999999999966
306,M83624,Co-Codamol_Tab 8mg/500mg,0407010F0AAAAAA,1,0.005599999999999966
301,M83021,Co-Codamol_Tab 8mg/500mg,0407010F0AAAAAA,1,0.005599999999999966
305,M83713,Co-Codamol_Tab 8mg/500mg,0407010F0AAAAAA,1,0.005599999999999966
304,M83134,Co-Codamol_Tab 8mg/500mg,0407010F0AAAAAA,1,0.005599999999999966
303,M83076,Co-Codamol_Tab 8mg/500mg,0407010F0AAAAAA,1,0.005599999999999966
302,M83711,Co-Codamol_Tab 8mg/500mg,0407010F0AAAAAA,1,0.005599999999999966
300,M83146,Co-Codamol_Tab 8mg/500mg,0407010F0AAAAAA,1,0.005599999999999966
311,M83134,Co-Codamol_Tab 8mg/500mg,0407010F0AAAAAA,1,0.005599999999999966
308,M83713,Co-Codamol_Tab 8mg/500mg,0407010F0AAAAAA,1,0.005599999999999966
313,M83021,Co-Codamol_Tab 8mg/500mg,0407010F0AAAAAA,1,0.005599999999999966
323,M83711,Co-Codamol_Tab 8mg/500mg,0407010F0AAAAAA,1,0.005599999999999966
473,M83138,Paracet_Tab 500mg,0407010H0AAAMAM,4,0.005599999999999966
472,M83682,Paracet_Tab 500mg,0407010H0AAAMAM,4,0.005599999999999966
471,M83661,Paracet_Tab 500mg,0407010H0AAAMAM,4,0.005599999999999966
470,M83682,Paracet_Tab 500mg,0407010H0AAAMAM,4,0.005599999999999966
469,M83661,Paracet_Tab 500mg,0407010H0AAAMAM,4,0.005599999999999966
468,M83138,Paracet_Tab 500mg,0407010H0AAAMAM,4,0.005599999999999966
314,Y02521,Co-Codamol_Tab 8mg/500mg,0407010F0AAAAAA,1,0.005599999999999966
319,M83624,Co-Codamol_Tab 8mg/500mg,0407010F0AAAAAA,1,0.005599999999999966
315,Y02867,Co-Codamol_Tab 8mg/500mg,0407010F0AAAAAA,1,0.005599999999999966
316,M83075,Co-Codamol_Tab 8mg/500mg,0407010F0AAAAAA,1,0.005599999999999966
317,M83075,Co-Codamol_Tab 8mg/500mg,0407010F0AAAAAA,1,0.005599999999999966
322,Y02521,Co-Codamol_Tab 8mg/500mg,0407010F0AAAAAA,1,0.005599999999999966
318,Y02867,Co-Codamol_Tab 8mg/500mg,0407010F0AAAAAA,1,0.005599999999999966
320,M83138,Co-Codamol_Tab 8mg/500mg,0407010F0AAAAAA,1,0.005599999999999966
321,M83082,Co-Codamol_Tab 8mg/500mg,0407010F0AAAAAA,1,0.005599999999999966
42,M83134,Mesalazine_Tab E/C 400mg,0105010B0AAAAAA,1,0.005599999999999383
12,M83627,Atorvastatin_Tab 20mg,0212000B0AAABAB,1,0.00540000000000003
324,M83076,Co-Codamol_Tab 8mg/500mg,0407010F0AAAAAA,1,0.00499999999999997
335,M83126,Co-Codamol_Tab 8mg/500mg,0407010F0AAAAAA,1,0.00499999999999997
334,M83712,Co-Codamol_Tab 8mg/500mg,0407010F0AAAAAA,1,0.00499999999999997
325,M83047,Co-Codamol_Tab 8mg/500mg,0407010F0AAAAAA,1,0.00499999999999997
333,M83076,Co-Codamol_Tab 8mg/500mg,0407010F0AAAAAA,1,0.00499999999999997
332,M83038,Co-Codamol_Tab 8mg/500mg,0407010F0AAAAAA,1,0.00499999999999997
331,M83126,Co-Codamol_Tab 8mg/500mg,0407010F0AAAAAA,1,0.00499999999999997
330,M83047,Co-Codamol_Tab 8mg/500mg,0407010F0AAAAAA,1,0.00499999999999997
328,M83082,Co-Codamol_Tab 8mg/500mg,0407010F0AAAAAA,1,0.00499999999999997
327,M83712,Co-Codamol_Tab 8mg/500mg,0407010F0AAAAAA,1,0.00499999999999997
326,M83038,Co-Codamol_Tab 8mg/500mg,0407010F0AAAAAA,1,0.00499999999999997
329,M83082,Co-Codamol_Tab 8mg/500mg,0407010F0AAAAAA,1,0.00499999999999997
365,Y02521,Nefopam HCl_Tab 30mg,0407010P0AAABAB,1,0.004499999999999504
364,M83601,Nefopam HCl_Tab 30mg,0407010P0AAABAB,1,0.004499999999999504
580,M83134,Atorvastatin_Tab 80mg,0212000B0AAADAD,1,0.00420000000000012
588,M83623,Montelukast_Tab 10mg,0303020G0AAABAB,1,0.004199999999999995
476,Y02521,Paracet_Tab 500mg,0407010H0AAAMAM,1,0.0040000000000000105
475,M83650,Paracet_Tab 500mg,0407010H0AAAMAM,1,0.0040000000000000105
474,M83650,Paracet_Tab 500mg,0407010H0AAAMAM,1,0.0040000000000000105
477,Y02521,Paracet_Tab 500mg,0407010H0AAAMAM,1,0.0040000000000000105
589,Y02521,Montelukast_Tab 10mg,0303020G0AAABAB,1,0.0039000000000001117
559,Y02521,Atorvastatin_Tab 40mg,0212000B0AAACAC,1,0.003799999999999977
13,M83094,Atorvastatin_Tab 20mg,0212000B0AAABAB,1,0.00360000000000002
14,M83021,Atorvastatin_Tab 20mg,0212000B0AAABAB,1,0.00360000000000002
478,M83004,Paracet_Tab 500mg,0407010H0AAAMAM,1,0.002999999999999982
479,M83004,Paracet_Tab 500mg,0407010H0AAAMAM,1,0.002999999999999982
489,Y02521,Paracet_Tab 500mg,0407010H0AAAMAM,1,0.002799999999999983
487,M83601,Paracet_Tab 500mg,0407010H0AAAMAM,1,0.002799999999999983
486,M83143,Paracet_Tab 500mg,0407010H0AAAMAM,1,0.002799999999999983
485,M83134,Paracet_Tab 500mg,0407010H0AAAMAM,1,0.002799999999999983
483,Y02521,Paracet_Tab 500mg,0407010H0AAAMAM,1,0.002799999999999983
482,M83601,Paracet_Tab 500mg,0407010H0AAAMAM,1,0.002799999999999983
481,M83134,Paracet_Tab 500mg,0407010H0AAAMAM,1,0.002799999999999983
480,M83711,Paracet_Tab 500mg,0407010H0AAAMAM,1,0.002799999999999983
488,M83711,Paracet_Tab 500mg,0407010H0AAAMAM,1,0.002799999999999983
484,M83143,Paracet_Tab 500mg,0407010H0AAAMAM,1,0.002799999999999983
336,M83028,Co-Codamol_Tab 8mg/500mg,0407010F0AAAAAA,1,0.002799999999999983
337,M83028,Co-Codamol_Tab 8mg/500mg,0407010F0AAAAAA,1,0.002799999999999983
339,M83047,Co-Codamol_Tab 8mg/500mg,0407010F0AAAAAA,1,0.0023999999999999855
338,M83047,Co-Codamol_Tab 8mg/500mg,0407010F0AAAAAA,1,0.0023999999999999855
581,M83075,Atorvastatin_Tab 80mg,0212000B0AAADAD,1,0.00210000000000006
490,M83126,Paracet_Tab 500mg,0407010H0AAAMAM,1,-0.001999999999999988
491,M83126,Paracet_Tab 500mg,0407010H0AAAMAM,1,-0.001999999999999988
582,M83094,Atorvastatin_Tab 80mg,0212000B0AAADAD,1,-0.0020000000000000573
15,M83627,Atorvastatin_Tab 20mg,0212000B0AAABAB,2,-0.002799999999999997
17,M83061,Atorvastatin_Tab 20mg,0212000B0AAABAB,1,-0.0029999999999998778
16,M83028,Atorvastatin_Tab 20mg,0212000B0AAABAB,1,-0.0029999999999998778
340,M83128,Co-Codamol_Tab 8mg/500mg,0407010F0AAAAAA,1,-0.004199999999999975
341,M83128,Co-Codamol_Tab 8mg/500mg,0407010F0AAAAAA,1,-0.004199999999999975
343,M83075,Co-Codamol_Tab 8mg/500mg,0407010F0AAAAAA,1,-0.004199999999999975
342,M83075,Co-Codamol_Tab 8mg/500mg,0407010F0AAAAAA,1,-0.004199999999999975
590,M83625,Montelukast_Tab 10mg,0303020G0AAABAB,1,-0.004299999999999998
583,M83601,Atorvastatin_Tab 80mg,0212000B0AAADAD,1,-0.0043999999999999595
502,M83143,Paracet_Tab 500mg,0407010H0AAAMAM,1,-0.005599999999999966
507,M83650,Paracet_Tab 500mg,0407010H0AAAMAM,1,-0.005599999999999966
506,M83650,Paracet_Tab 500mg,0407010H0AAAMAM,1,-0.005599999999999966
505,M83624,Paracet_Tab 500mg,0407010H0AAAMAM,1,-0.005599999999999966
504,M83709,Paracet_Tab 500mg,0407010H0AAAMAM,1,-0.005599999999999966
503,M83075,Paracet_Tab 500mg,0407010H0AAAMAM,1,-0.005599999999999966
498,M83075,Paracet_Tab 500mg,0407010H0AAAMAM,1,-0.005599999999999966
501,M83624,Paracet_Tab 500mg,0407010H0AAAMAM,1,-0.005599999999999966
500,M83623,Paracet_Tab 500mg,0407010H0AAAMAM,1,-0.005599999999999966
499,M83090,Paracet_Tab 500mg,0407010H0AAAMAM,1,-0.005599999999999966
497,M83143,Paracet_Tab 500mg,0407010H0AAAMAM,1,-0.005599999999999966
496,M83709,Paracet_Tab 500mg,0407010H0AAAMAM,1,-0.005599999999999966
495,M83090,Paracet_Tab 500mg,0407010H0AAAMAM,1,-0.005599999999999966
494,M83623,Paracet_Tab 500mg,0407010H0AAAMAM,1,-0.005599999999999966
493,M83021,Paracet_Tab 500mg,0407010H0AAAMAM,1,-0.005599999999999966
492,M83021,Paracet_Tab 500mg,0407010H0AAAMAM,1,-0.005599999999999966
508,Y00592,Paracet_Tab 500mg,0407010H0AAAMAM,1,-0.005799999999999965
509,Y00592,Paracet_Tab 500mg,0407010H0AAAMAM,1,-0.005799999999999965
584,Y02867,Atorvastatin_Tab 80mg,0212000B0AAADAD,2,-0.005800000000000166
18,M83709,Atorvastatin_Tab 20mg,0212000B0AAABAB,2,-0.0059999999999997555
345,Y02521,Co-Codamol_Tab 8mg/500mg,0407010F0AAAAAA,2,-0.00839999999999995
344,Y02521,Co-Codamol_Tab 8mg/500mg,0407010F0AAAAAA,2,-0.00839999999999995
19,M83021,Atorvastatin_Tab 20mg,0212000B0AAABAB,3,-0.008999999999999633
591,M83625,Montelukast_Tab 10mg,0303020G0AAABAB,3,-0.009000000000000008
510,M83627,Paracet_Tab 500mg,0407010H0AAAMAM,2,-0.009599999999999942
511,M83627,Paracet_Tab 500mg,0407010H0AAAMAM,2,-0.009599999999999942
512,Y00592,Paracet_Tab 500mg,0407010H0AAAMAM,2,-0.011199999999999932
513,Y00592,Paracet_Tab 500mg,0407010H0AAAMAM,2,-0.011199999999999932
44,M83650,Mesalazine_Tab E/C 400mg,0105010B0AAAAAA,1,-0.011999999999998678
43,M83004,Mesalazine_Tab E/C 400mg,0105010B0AAAAAA,1,-0.011999999999998678
520,M83082,Paracet_Tab 500mg,0407010H0AAAMAM,3,-0.0167999999999999
349,M83661,Co-Codamol_Tab 8mg/500mg,0407010F0AAAAAA,4,-0.0167999999999999
514,M83004,Paracet_Tab 500mg,0407010H0AAAMAM,3,-0.0167999999999999
515,M83601,Paracet_Tab 500mg,0407010H0AAAMAM,3,-0.0167999999999999
516,M83082,Paracet_Tab 500mg,0407010H0AAAMAM,3,-0.0167999999999999
517,M83601,Paracet_Tab 500mg,0407010H0AAAMAM,3,-0.0167999999999999
519,M83094,Paracet_Tab 500mg,0407010H0AAAMAM,3,-0.0167999999999999
346,M83661,Co-Codamol_Tab 8mg/500mg,0407010F0AAAAAA,4,-0.0167999999999999
347,M83028,Co-Codamol_Tab 8mg/500mg,0407010F0AAAAAA,4,-0.0167999999999999
348,M83028,Co-Codamol_Tab 8mg/500mg,0407010F0AAAAAA,4,-0.0167999999999999
521,M83004,Paracet_Tab 500mg,0407010H0AAAMAM,3,-0.0167999999999999
518,M83094,Paracet_Tab 500mg,0407010H0AAAMAM,3,-0.0167999999999999
527,M83126,Paracet_Tab 500mg,0407010H0AAAMAM,4,-0.022399999999999864
526,M83146,Paracet_Tab 500mg,0407010H0AAAMAM,4,-0.022399999999999864
525,M83128,Paracet_Tab 500mg,0407010H0AAAMAM,4,-0.022399999999999864
524,M83128,Paracet_Tab 500mg,0407010H0AAAMAM,4,-0.022399999999999864
523,M83146,Paracet_Tab 500mg,0407010H0AAAMAM,4,-0.022399999999999864
522,M83126,Paracet_Tab 500mg,0407010H0AAAMAM,4,-0.022399999999999864
535,Y02867,Paracet_Tab 500mg,0407010H0AAAMAM,5,-0.02799999999999983
533,M83700,Paracet_Tab 500mg,0407010H0AAAMAM,5,-0.02799999999999983
528,Y02867,Paracet_Tab 500mg,0407010H0AAAMAM,5,-0.02799999999999983
529,M83711,Paracet_Tab 500mg,0407010H0AAAMAM,5,-0.02799999999999983
530,M83100,Paracet_Tab 500mg,0407010H0AAAMAM,5,-0.02799999999999983
531,M83700,Paracet_Tab 500mg,0407010H0AAAMAM,5,-0.02799999999999983
532,M83068,Paracet_Tab 500mg,0407010H0AAAMAM,5,-0.02799999999999983
534,M83100,Paracet_Tab 500mg,0407010H0AAAMAM,5,-0.02799999999999983
536,M83711,Paracet_Tab 500mg,0407010H0AAAMAM,5,-0.02799999999999983
537,M83068,Paracet_Tab 500mg,0407010H0AAAMAM,5,-0.02799999999999983
351,M83682,Co-Codamol_Tab 8mg/500mg,0407010F0AAAAAA,8,-0.0335999999999998
350,M83682,Co-Codamol_Tab 8mg/500mg,0407010F0AAAAAA,8,-0.0335999999999998
538,M83028,Paracet_Tab 500mg,0407010H0AAAMAM,7,-0.03919999999999976
539,M83028,Paracet_Tab 500mg,0407010H0AAAMAM,7,-0.03919999999999976
540,Y02521,Paracet_Tab 500mg,0407010H0AAAMAM,8,-0.04479999999999973
541,Y02521,Paracet_Tab 500mg,0407010H0AAAMAM,8,-0.04479999999999973
543,M83047,Paracet_Tab 500mg,0407010H0AAAMAM,9,-0.050399999999999695
542,M83047,Paracet_Tab 500mg,0407010H0AAAMAM,9,-0.050399999999999695
545,M83682,Paracet_Tab 500mg,0407010H0AAAMAM,10,-0.05599999999999966
544,M83682,Paracet_Tab 500mg,0407010H0AAAMAM,10,-0.05599999999999966
546,M83138,Paracet_Tab 500mg,0407010H0AAAMAM,12,-0.0671999999999996
547,M83138,Paracet_Tab 500mg,0407010H0AAAMAM,12,-0.0671999999999996
551,M83713,Paracet_Tab 500mg,0407010H0AAAMAM,16,-0.08959999999999946
550,M83713,Paracet_Tab 500mg,0407010H0AAAMAM,16,-0.08959999999999946
548,M83725,Paracet_Tab 500mg,0407010H0AAAMAM,16,-0.08959999999999946
549,M83725,Paracet_Tab 500mg,0407010H0AAAMAM,16,-0.08959999999999946
553,M83102,Paracet_Tab 500mg,0407010H0AAAMAM,23,-0.12879999999999922
552,M83102,Paracet_Tab 500mg,0407010H0AAAMAM,23,-0.12879999999999922
555,M83625,Paracet_Tab 500mg,0407010H0AAAMAM,25,-0.13999999999999915
554,M83625,Paracet_Tab 500mg,0407010H0AAAMAM,25,-0.13999999999999915
353,M83138,Co-Codamol_Tab 8mg/500mg,0407010F0AAAAAA,16,-1.4399999999999968
352,M83138,Co-Codamol_Tab 8mg/500mg,0407010F0AAAAAA,16,-1.4399999999999968
45,M83134,Mesalazine_Tab E/C 400mg,0105010B0AAAAAA,1,-7.9799999999999995
46,M83650,Mesalazine_Tab E/C 400mg,0105010B0AAAAAA,1,-12.833999999999998
48,M83661,Mesalazine_Tab E/C 400mg,0105010B0AAAAAA,1,-15.971199999999998
47,M83650,Mesalazine_Tab E/C 400mg,0105010B0AAAAAA,1,-15.971199999999998
49,M83682,Mesalazine_Tab E/C 400mg,0105010B0AAAAAA,1,-17.112
50,M83028,Mesalazine_Tab E/C 400mg,0105010B0AAAAAA,4,-17.959199999999996
52,M83068,Mesalazine_Tab E/C 400mg,0105010B0AAAAAA,1,-23.956799999999998
51,M83014,Mesalazine_Tab E/C 400mg,0105010B0AAAAAA,1,-23.956799999999998
55,M83047,Mesalazine_Tab E/C 400mg,0105010B0AAAAAA,1,-25.667999999999996
53,M83682,Mesalazine_Tab E/C 400mg,0105010B0AAAAAA,1,-25.667999999999996
54,M83038,Mesalazine_Tab E/C 400mg,0105010B0AAAAAA,1,-25.667999999999996
56,M83713,Mesalazine_Tab E/C 400mg,0105010B0AAAAAA,2,-31.94239999999999
57,M83601,Mesalazine_Tab E/C 400mg,0105010B0AAAAAA,1,-31.942399999999996
60,M83047,Mesalazine_Tab E/C 400mg,0105010B0AAAAAA,1,-34.224
59,M83068,Mesalazine_Tab E/C 400mg,0105010B0AAAAAA,1,-34.224
58,M83650,Mesalazine_Tab E/C 400mg,0105010B0AAAAAA,1,-34.224
61,M83601,Mesalazine_Tab E/C 400mg,0105010B0AAAAAA,2,-47.913599999999995
