,practice_code,bnf_description,bnf_code,items,excess_cost
0,H81011,Clonazepam_Tab 500mcg,0408010F0AAABAB,5,4.429599999999991
1,H81011,Levothyrox Sod_Tab 50mcg,0602010V0AABXBX,20,0.09799999999999989
2,H81011,Mesalazine_Tab E/C 800mg,0105010B0AAASAS,1,36.89999999999999
3,H81011,Paracet_Tab 500mg,0407010H0AAAMAM,36,0.15759999999999902
4,H81016,Clonazepam_Tab 500mcg,0408010F0AAABAB,7,2.763199999999995
5,H81017,Atorvastatin_Tab 20mg,0212000B0AAABAB,3,0.018000000000000516
6,H81017,Clonazepam_Tab 500mcg,0408010F0AAABAB,17,11.616399999999977
7,H81017,Mesalazine_Tab E/C 800mg,0105010B0AAASAS,1,36.89999999999999
8,H81017,Montelukast_Tab 10mg,0303020G0AAABAB,1,-0.001199999999999951
9,H81017,Olanzapine_Tab 7.5mg,040201060AAABAB,2,107.29599999999999
10,H81017,Paracet_Tab 500mg,0407010H0AAAMAM,20,-0.05439999999999967
11,H81028,Atorvastatin_Tab 20mg,0212000B0AAABAB,209,315.6496
12,H81028,Atorvastatin_Tab 40mg,0212000B0AAACAC,122,66.9144
13,H81028,Clonazepam_Tab 500mcg,0408010F0AAABAB,12,2.827999999999995
14,H81028,Levothyrox Sod_Tab 50mcg,0602010V0AABXBX,12,0.058799999999999936
15,H81028,Montelukast_Tab 10mg,0303020G0AAABAB,28,147.28000000000003
16,H81028,Paracet_Tab 500mg,0407010H0AAAMAM,22,0.07279999999999956
17,H81038,Clonazepam_Tab 500mcg,0408010F0AAABAB,8,1.8423999999999974
18,H81038,Memantine HCl_Tab 20mg,0411000G0AAADAD,4,0.01959999999999998
19,H81038,Paracet_Tab 500mg,0407010H0AAAMAM,26,-0.005599999999999966
20,H81051,Clonazepam_Tab 500mcg,0408010F0AAABAB,4,5.157799999999989
21,H81051,Mesalazine_Tab E/C 800mg,0105010B0AAASAS,2,85.27999999999997
22,H81067,Clonazepam_Tab 500mcg,0408010F0AAABAB,1,0.31639999999999935
23,H81067,Levothyrox Sod_Tab 50mcg,0602010V0AABXBX,8,0.03779999999999996
24,H81067,Memantine HCl_Tab 20mg,0411000G0AAADAD,1,0.003999999999999976
25,H81067,Olanzapine_Tab 7.5mg,040201060AAABAB,1,-0.005399999999999405
26,H81067,Paracet_Tab 500mg,0407010H0AAAMAM,28,0.03999999999999976
27,H81068,Clonazepam_Tab 500mcg,0408010F0AAABAB,25,9.78519999999998
28,H81068,Levothyrox Sod_Tab 50mcg,0602010V0AABXBX,71,0.3302999999999996
29,H81068,Memantine HCl_Tab 20mg,0411000G0AAADAD,41,0.20089999999999977
30,H81068,Paracet_Tab 500mg,0407010H0AAAMAM,470,75.06200000000004
31,H81070,Clonazepam_Tab 500mcg,0408010F0AAABAB,8,5.423999999999989
32,H81070,Lamotrigine_Tab Disper 5mg S/F,0408010H0AAAPAP,1,-0.0236000000000105
33,H81070,Levothyrox Sod_Tab 50mcg,0602010V0AABXBX,1,0.004899999999999995
34,H81070,Paracet_Tab 500mg,0407010H0AAAMAM,4,0.023999999999999855
35,H81071,Clonazepam_Tab 500mcg,0408010F0AAABAB,10,5.299699999999989
36,H81071,Paracet_Tab 500mg,0407010H0AAAMAM,6,0.03599999999999978
37,H81072,Atorvastatin_Tab 20mg,0212000B0AAABAB,165,293.04799999999994
38,H81072,Atorvastatin_Tab 40mg,0212000B0AAACAC,61,89.15760000000002
39,H81072,Clonazepam_Tab 500mcg,0408010F0AAABAB,7,3.0057999999999936
40,H81072,Levothyrox Sod_Tab 50mcg,0602010V0AABXBX,6,0.029399999999999968
41,H81072,Memantine HCl_Tab 20mg,0411000G0AAADAD,28,63.9352
42,H81072,Montelukast_Tab 10mg,0303020G0AAABAB,15,24.360000000000003
43,H81072,Paracet_Tab 500mg,0407010H0AAAMAM,18,-0.050399999999999695
44,H81074,Clonazepam_Tab 500mcg,0408010F0AAABAB,3,1.7401999999999964
45,H81074,Paracet_Tab 500mg,0407010H0AAAMAM,18,0.0667999999999996
46,H81078,Clonazepam_Tab 500mcg,0408010F0AAABAB,26,9.35639999999998
47,H81078,Levothyrox Sod_Tab 50mcg,0602010V0AABXBX,61,0.2960999999999996
48,H81078,Memantine HCl_Tab 20mg,0411000G0AAADAD,4,0.01959999999999998
49,H81078,Paracet_Tab 500mg,0407010H0AAAMAM,32,0.12039999999999926
50,H81080,Atorvastatin_Tab 20mg,0212000B0AAABAB,5,0.0009000000000006572
51,H81080,Atorvastatin_Tab 40mg,0212000B0AAACAC,3,0.007600000000000037
52,H81080,Clonazepam_Tab 500mcg,0408010F0AAABAB,15,9.017399999999983
53,H81080,Levothyrox Sod_Tab 50mcg,0602010V0AABXBX,6,0.029399999999999968
54,H81080,Mesalazine_Tab E/C 800mg,0105010B0AAASAS,1,36.89999999999999
55,H81080,Paracet_Tab 500mg,0407010H0AAAMAM,50,-0.2627999999999984
56,H81081,Clonazepam_Tab 500mcg,0408010F0AAABAB,8,6.373199999999986
57,H81081,Mesalazine_Tab E/C 800mg,0105010B0AAASAS,1,36.89999999999999
58,H81081,Paracet_Tab 500mg,0407010H0AAAMAM,12,0.0023999999999999855
59,H81086,Clonazepam_Tab 500mcg,0408010F0AAABAB,10,4.76859999999999
60,H81086,Levothyrox Sod_Tab 50mcg,0602010V0AABXBX,12,0.058799999999999936
61,H81086,Memantine HCl_Tab 20mg,0411000G0AAADAD,8,0.03919999999999996
62,H81086,Paracet_Tab 500mg,0407010H0AAAMAM,40,-0.0671999999999996
63,H81091,Clonazepam_Tab 500mcg,0408010F0AAABAB,3,0.8795999999999984
64,H81091,Levothyrox Sod_Tab 50mcg,0602010V0AABXBX,26,0.12739999999999985
65,H81091,Mesalazine_Tab E/C 800mg,0105010B0AAASAS,1,18.449999999999996
66,H81091,Montelukast_Tab 10mg,0303020G0AAABAB,1,-0.0030000000000000027
67,H81091,Paracet_Tab 500mg,0407010H0AAAMAM,24,0.05319999999999968
68,H81099,Clonazepam_Tab 500mcg,0408010F0AAABAB,8,3.6611999999999925
69,H81099,Levothyrox Sod_Tab 50mcg,0602010V0AABXBX,12,0.058799999999999936
70,H81099,Memantine HCl_Tab 20mg,0411000G0AAADAD,4,0.01959999999999998
71,H81099,Mesalazine_Tab E/C 800mg,0105010B0AAASAS,1,-36.89999999999999
72,H81099,Paracet_Tab 500mg,0407010H0AAAMAM,12,-0.04639999999999955
73,H81103,Clonazepam_Tab 500mcg,0408010F0AAABAB,2,0.949199999999998
74,H81103,Lamotrigine_Tab Disper 5mg S/F,0408010H0AAAPAP,1,60.54719999999998
75,H81107,Clonazepam_Tab 500mcg,0408010F0AAABAB,1,1.898399999999996
76,H81107,Levothyrox Sod_Tab 50mcg,0602010V0AABXBX,1,0.004899999999999995
77,H81109,Clonazepam_Tab 500mcg,0408010F0AAABAB,5,2.847599999999994
78,H81109,Levothyrox Sod_Tab 50mcg,0602010V0AABXBX,37,0.1812999999999998
79,H81109,Paracet_Tab 500mg,0407010H0AAAMAM,44,-0.16799999999999898
80,H81113,Atorvastatin_Tab 40mg,0212000B0AAACAC,207,22.604400000000005
81,H81113,Clonazepam_Tab 500mcg,0408010F0AAABAB,8,6.124599999999988
82,H81113,Levothyrox Sod_Tab 50mcg,0602010V0AABXBX,42,0.20369999999999977
83,H81113,Paracet_Tab 500mg,0407010H0AAAMAM,190,9.500000000000009
84,H81126,Atorvastatin_Tab 40mg,0212000B0AAACAC,1,-0.0007999999999999674
85,H81126,Clonazepam_Tab 500mcg,0408010F0AAABAB,2,2.2373999999999956
86,H81126,Paracet_Tab 500mg,0407010H0AAAMAM,2,-0.011199999999999932
87,H81128,Clonazepam_Tab 500mcg,0408010F0AAABAB,13,7.457999999999984
88,H81128,Levothyrox Sod_Tab 50mcg,0602010V0AABXBX,14,0.06859999999999992
89,H81128,Memantine HCl_Tab 20mg,0411000G0AAADAD,8,0.03919999999999996
90,H81128,Paracet_Tab 500mg,0407010H0AAAMAM,16,-0.013999999999999915
91,H81133,Atorvastatin_Tab 20mg,0212000B0AAABAB,1,0.006000000000000172
92,H81133,Clonazepam_Tab 500mcg,0408010F0AAABAB,18,13.83119999999997
93,H81133,Levothyrox Sod_Tab 50mcg,0602010V0AABXBX,15,0.07349999999999993
94,H81133,Mesalazine_Tab E/C 800mg,0105010B0AAASAS,1,-34.43999999999999
95,H81133,Olanzapine_Tab 7.5mg,040201060AAABAB,3,0.014699999999999547
96,H81133,Paracet_Tab 500mg,0407010H0AAAMAM,54,-0.18119999999999892
97,H81611,Clonazepam_Tab 500mcg,0408010F0AAABAB,7,6.193599999999988
98,H81611,Levothyrox Sod_Tab 50mcg,0602010V0AABXBX,5,370.6896000000001
99,H81611,Paracet_Tab 500mg,0407010H0AAAMAM,10,0.02799999999999983
100,H81613,Clonazepam_Tab 500mcg,0408010F0AAABAB,9,1.3923999999999972
101,H81613,Montelukast_Tab 10mg,0303020G0AAABAB,6,-0.0232
102,H81613,Paracet_Tab 500mg,0407010H0AAAMAM,2,0.005999999999999964
103,H81618,Clonazepam_Tab 500mcg,0408010F0AAABAB,6,2.531199999999995
104,H81618,Levothyrox Sod_Tab 50mcg,0602010V0AABXBX,3,0.014699999999999984
105,H81618,Mesalazine_Tab E/C 800mg,0105010B0AAASAS,1,-36.89999999999999
106,H81644,Clonazepam_Tab 500mcg,0408010F0AAABAB,3,2.531199999999995
107,H81644,Paracet_Tab 500mg,0407010H0AAAMAM,4,-0.022399999999999864
108,H81656,Clonazepam_Tab 500mcg,0408010F0AAABAB,2,1.2655999999999974
109,H81656,Levothyrox Sod_Tab 50mcg,0602010V0AABXBX,8,0.03309999999999993
110,H81656,Paracet_Tab 500mg,0407010H0AAAMAM,8,0.022399999999999864
111,H81672,Atorvastatin_Tab 40mg,0212000B0AAACAC,3,-0.0023999999999999855
112,H81672,Clonazepam_Tab 500mcg,0408010F0AAABAB,23,11.051399999999978
113,H81672,Levothyrox Sod_Tab 50mcg,0602010V0AABXBX,21,0.10289999999999988
114,H81672,Paracet_Tab 500mg,0407010H0AAAMAM,48,-0.0671999999999996
115,Y05273,Clonazepam_Tab 500mcg,0408010F0AAABAB,1,0.6327999999999987
