,practice_code,bnf_description,bnf_code,items,excess_cost
0,C83001,Atorvastatin_Tab 10mg,0212000B0AAAAAA,56,11.793600000000003
1,C83001,Atorvastatin_Tab 20mg,0212000B0AAABAB,1,0.006000000000000172
2,C83001,Memantine HCl_Tab 20mg,0411000G0AAADAD,11,-0.21909999999999866
3,C83001,Montelukast_Tab 10mg,0303020G0AAABAB,16,24.371199999999998
4,C83001,Olanzapine_Tab 20mg,040201060AAAQAQ,7,-0.01959999999999784
5,C83001,Paracet_Tab 500mg,0407010H0AAAMAM,78,33.869599999999984
6,C83001,Pregabalin_Cap 150mg,0408010AEAAAEAE,21,0.06580000000000188
7,C83001,Pregabalin_Cap 300mg,0408010AEAAAGAG,7,0.03709999999999951
8,C83001,Pregabalin_Cap 50mg,0408010AEAAABAB,35,0.15329999999999985
9,C83001,Pregabalin_Cap 75mg,0408010AEAAACAC,1,-0.0020000000000000573
10,C83002,Atorvastatin_Tab 10mg,0212000B0AAAAAA,5,0.010500000000000058
11,C83002,Paracet_Tab 500mg,0407010H0AAAMAM,480,32.233600000000045
12,C83002,Pregabalin_Cap 50mg,0408010AEAAABAB,8,0.03640000000000104
13,C83009,Atorvastatin_Tab 10mg,0212000B0AAAAAA,16,0.033600000000000185
14,C83009,Memantine HCl_Tab 20mg,0411000G0AAADAD,10,0.048999999999999946
15,C83009,Paracet_Tab 500mg,0407010H0AAAMAM,66,-0.20959999999999873
16,C83009,Pregabalin_Cap 150mg,0408010AEAAAEAE,25,0.10360000000000297
17,C83009,Pregabalin_Cap 300mg,0408010AEAAAGAG,4,0.025199999999999556
18,C83009,Pregabalin_Cap 50mg,0408010AEAAABAB,11,0.05039999999999989
19,C83009,Pregabalin_Cap 75mg,0408010AEAAACAC,12,113.50720000000001
20,C83014,Atorvastatin_Tab 10mg,0212000B0AAAAAA,20,0.04200000000000023
21,C83014,Atorvastatin_Tab 20mg,0212000B0AAABAB,1,0.006000000000000172
22,C83014,Memantine HCl_Tab 20mg,0411000G0AAADAD,4,0.01959999999999998
23,C83014,Olanzapine_Tab 20mg,040201060AAAQAQ,8,-0.022399999999997533
24,C83014,Paracet_Tab 500mg,0407010H0AAAMAM,386,135.2772
25,C83014,Pregabalin_Cap 150mg,0408010AEAAAEAE,15,0.08120000000000233
26,C83014,Pregabalin_Cap 50mg,0408010AEAAABAB,13,0.03920000000000151
27,C83014,Pregabalin_Cap 75mg,0408010AEAAACAC,14,0.04759999999999942
28,C83018,Atorvastatin_Tab 10mg,0212000B0AAAAAA,120,0.2520000000000014
29,C83018,Atorvastatin_Tab 20mg,0212000B0AAABAB,1,-0.004199999999999995
30,C83018,Memantine HCl_Tab 20mg,0411000G0AAADAD,6,0.029399999999999968
31,C83018,Montelukast_Tab 10mg,0303020G0AAABAB,58,73.08000000000001
32,C83018,Olanzapine_Tab 20mg,040201060AAAQAQ,12,-0.0335999999999963
33,C83018,Paracet_Tab 500mg,0407010H0AAAMAM,430,16.629600000000014
34,C83018,Pregabalin_Cap 150mg,0408010AEAAAEAE,49,0.1722000000000061
35,C83018,Pregabalin_Cap 300mg,0408010AEAAAGAG,16,0.08679999999999854
36,C83018,Pregabalin_Cap 50mg,0408010AEAAABAB,37,0.10079999999999929
37,C83018,Pregabalin_Cap 75mg,0408010AEAAACAC,10,0.01749999999999953
38,C83025,Atorvastatin_Tab 10mg,0212000B0AAAAAA,39,0.08190000000000044
39,C83025,Montelukast_Tab 10mg,0303020G0AAABAB,43,24.320800000000002
40,C83025,Olanzapine_Tab 20mg,040201060AAAQAQ,6,137.6004
41,C83025,Paracet_Tab 500mg,0407010H0AAAMAM,302,34.47919999999998
42,C83025,Pregabalin_Cap 150mg,0408010AEAAAEAE,15,0.056000000000001604
43,C83025,Pregabalin_Cap 50mg,0408010AEAAABAB,14,0.070000000000002
44,C83029,Atorvastatin_Tab 10mg,0212000B0AAAAAA,130,81.634
45,C83029,Atorvastatin_Tab 20mg,0212000B0AAABAB,149,135.1728
46,C83029,Memantine HCl_Tab 20mg,0411000G0AAADAD,14,0.06859999999999992
47,C83029,Montelukast_Tab 10mg,0303020G0AAABAB,14,24.3824
48,C83029,Paracet_Tab 500mg,0407010H0AAAMAM,14,0.02319999999999986
49,C83029,Pregabalin_Cap 150mg,0408010AEAAAEAE,8,0.025200000000000722
50,C83029,Pregabalin_Cap 50mg,0408010AEAAABAB,9,0.0420000000000012
51,C83029,Pregabalin_Cap 75mg,0408010AEAAACAC,1,-0.00210000000000006
52,C83031,Atorvastatin_Tab 10mg,0212000B0AAAAAA,71,0.14910000000000082
53,C83031,Atorvastatin_Tab 20mg,0212000B0AAABAB,576,24.19200000000002
54,C83031,Memantine HCl_Tab 20mg,0411000G0AAADAD,24,0.11759999999999987
55,C83031,Paracet_Tab 500mg,0407010H0AAAMAM,564,77.79120000000009
56,C83031,Pregabalin_Cap 150mg,0408010AEAAAEAE,26,0.07840000000000225
57,C83031,Pregabalin_Cap 50mg,0408010AEAAABAB,19,0.08960000000000257
58,C83031,Pregabalin_Cap 75mg,0408010AEAAACAC,12,0.0671999999999996
59,C83033,Atorvastatin_Tab 10mg,0212000B0AAAAAA,8,0.016800000000000093
60,C83033,Memantine HCl_Tab 20mg,0411000G0AAADAD,4,0.01959999999999998
61,C83033,Paracet_Tab 500mg,0407010H0AAAMAM,58,-0.20719999999999875
62,C83033,Pregabalin_Cap 150mg,0408010AEAAAEAE,12,0.04760000000000136
63,C83033,Pregabalin_Cap 300mg,0408010AEAAAGAG,3,0.018899999999999667
64,C83037,Atorvastatin_Tab 10mg,0212000B0AAAAAA,56,0.11970000000000061
65,C83037,Paracet_Tab 500mg,0407010H0AAAMAM,284,9.953600000000012
66,C83037,Pregabalin_Cap 150mg,0408010AEAAAEAE,6,0.02240000000000064
67,C83037,Pregabalin_Cap 300mg,0408010AEAAAGAG,4,0.019599999999999784
68,C83037,Pregabalin_Cap 50mg,0408010AEAAABAB,9,0.02940000000000026
69,C83037,Pregabalin_Cap 75mg,0408010AEAAACAC,12,0.07839999999999836
70,C83038,Atorvastatin_Tab 10mg,0212000B0AAAAAA,12,0.029400000000000162
71,C83038,Paracet_Tab 500mg,0407010H0AAAMAM,34,-0.0831999999999995
72,C83038,Pregabalin_Cap 50mg,0408010AEAAABAB,8,-0.00560000000000016
73,C83041,Atorvastatin_Tab 10mg,0212000B0AAAAAA,41,11.658
74,C83041,Atorvastatin_Tab 20mg,0212000B0AAABAB,52,39.418800000000005
75,C83041,Olanzapine_Tab 20mg,040201060AAAQAQ,4,136.1584
76,C83041,Paracet_Tab 500mg,0407010H0AAAMAM,220,47.91720000000004
77,C83041,Pregabalin_Cap 150mg,0408010AEAAAEAE,13,0.050400000000001444
78,C83041,Pregabalin_Cap 300mg,0408010AEAAAGAG,6,-0.0006000000000001005
79,C83041,Pregabalin_Cap 50mg,0408010AEAAABAB,5,0.013999999999999624
80,C83041,Pregabalin_Cap 75mg,0408010AEAAACAC,16,0.062199999999998395
81,C83044,Atorvastatin_Tab 10mg,0212000B0AAAAAA,101,0.1994000000000012
82,C83044,Atorvastatin_Tab 20mg,0212000B0AAABAB,1,0.006000000000000172
83,C83044,Memantine HCl_Tab 20mg,0411000G0AAADAD,9,0.04409999999999995
84,C83044,Olanzapine_Tab 20mg,040201060AAAQAQ,4,-0.011199999999998766
85,C83044,Paracet_Tab 500mg,0407010H0AAAMAM,112,-0.5935999999999964
86,C83044,Pregabalin_Cap 150mg,0408010AEAAAEAE,13,0.03920000000000112
87,C83044,Pregabalin_Cap 50mg,0408010AEAAABAB,21,0.07420000000000193
88,C83044,Pregabalin_Cap 75mg,0408010AEAAACAC,16,0.05879999999999935
89,C83046,Atorvastatin_Tab 10mg,0212000B0AAAAAA,20,0.04200000000000023
90,C83046,Atorvastatin_Tab 20mg,0212000B0AAABAB,103,22.78360000000001
91,C83046,Memantine HCl_Tab 20mg,0411000G0AAADAD,11,63.9219
92,C83046,Paracet_Tab 500mg,0407010H0AAAMAM,86,-0.2799999999999983
93,C83046,Pregabalin_Cap 150mg,0408010AEAAAEAE,10,0.049000000000001404
94,C83046,Pregabalin_Cap 50mg,0408010AEAAABAB,19,0.09240000000000187
95,C83046,Pregabalin_Cap 75mg,0408010AEAAACAC,5,0.022399999999999864
96,C83051,Atorvastatin_Tab 10mg,0212000B0AAAAAA,16,0.0357000000000002
97,C83051,Olanzapine_Tab 20mg,040201060AAAQAQ,11,-0.030799999999996608
98,C83051,Paracet_Tab 500mg,0407010H0AAAMAM,40,0.3023999999999982
99,C83051,Pregabalin_Cap 150mg,0408010AEAAAEAE,6,0.028000000000000802
100,C83051,Pregabalin_Cap 50mg,0408010AEAAABAB,11,0.039200000000000346
101,C83051,Pregabalin_Cap 75mg,0408010AEAAACAC,4,0.022399999999999864
102,C83052,Olanzapine_Tab 20mg,040201060AAAQAQ,4,-0.011199999999998766
103,C83052,Paracet_Tab 500mg,0407010H0AAAMAM,6,-0.0335999999999998
104,C83052,Pregabalin_Cap 150mg,0408010AEAAAEAE,4,0.02240000000000064
105,C83052,Pregabalin_Cap 300mg,0408010AEAAAGAG,29,-0.04060000000000036
106,C83052,Pregabalin_Cap 50mg,0408010AEAAABAB,7,0.030800000000000882
107,C83052,Pregabalin_Cap 75mg,0408010AEAAACAC,3,0.0167999999999999
108,C83058,Atorvastatin_Tab 10mg,0212000B0AAAAAA,62,11.631199999999996
109,C83058,Atorvastatin_Tab 20mg,0212000B0AAABAB,266,202.8376
110,C83058,Memantine HCl_Tab 20mg,0411000G0AAADAD,10,0.048999999999999946
111,C83058,Montelukast_Tab 10mg,0303020G0AAABAB,5,48.748000000000005
112,C83058,Paracet_Tab 500mg,0407010H0AAAMAM,260,50.645600000000016
113,C83058,Pregabalin_Cap 150mg,0408010AEAAAEAE,14,0.04480000000000128
114,C83058,Pregabalin_Cap 50mg,0408010AEAAABAB,15,0.03360000000000135
115,C83058,Pregabalin_Cap 75mg,0408010AEAAACAC,4,0.011199999999999932
116,C83062,Atorvastatin_Tab 20mg,0212000B0AAABAB,220,22.792000000000012
117,C83062,Memantine HCl_Tab 20mg,0411000G0AAADAD,6,177.89520000000002
118,C83062,Paracet_Tab 500mg,0407010H0AAAMAM,236,48.00560000000007
119,C83062,Pregabalin_Cap 150mg,0408010AEAAAEAE,12,56.51520000000001
120,C83062,Pregabalin_Cap 300mg,0408010AEAAAGAG,2,28.0504
121,C83062,Pregabalin_Cap 50mg,0408010AEAAABAB,12,0.03360000000000135
122,C83062,Pregabalin_Cap 75mg,0408010AEAAACAC,4,0.022399999999999864
123,C83071,Montelukast_Tab 10mg,0303020G0AAABAB,39,25.334400000000006
124,C83071,Olanzapine_Tab 20mg,040201060AAAQAQ,4,-0.011199999999998766
125,C83071,Paracet_Tab 500mg,0407010H0AAAMAM,238,32.46720000000003
126,C83071,Pregabalin_Cap 150mg,0408010AEAAAEAE,4,0.01120000000000032
127,C83071,Pregabalin_Cap 50mg,0408010AEAAABAB,3,0.01680000000000048
128,C83071,Pregabalin_Cap 75mg,0408010AEAAACAC,15,0.08399999999999949
129,C83072,Atorvastatin_Tab 10mg,0212000B0AAAAAA,32,0.06720000000000037
130,C83072,Memantine HCl_Tab 20mg,0411000G0AAADAD,9,0.04409999999999995
131,C83072,Olanzapine_Tab 20mg,040201060AAAQAQ,2,0.01120000000000032
132,C83072,Paracet_Tab 500mg,0407010H0AAAMAM,36,0.5763999999999992
133,C83072,Pregabalin_Cap 150mg,0408010AEAAAEAE,9,0.04480000000000128
134,C83072,Pregabalin_Cap 50mg,0408010AEAAABAB,18,0.08540000000000147
135,C83072,Pregabalin_Cap 75mg,0408010AEAAACAC,5,0.025599999999999845
136,C83073,Atorvastatin_Tab 10mg,0212000B0AAAAAA,112,46.552800000000005
137,C83073,Atorvastatin_Tab 20mg,0212000B0AAABAB,154,135.39679999999998
138,C83073,Memantine HCl_Tab 20mg,0411000G0AAADAD,4,0.01959999999999998
139,C83073,Montelukast_Tab 10mg,0303020G0AAABAB,17,24.3712
140,C83073,Paracet_Tab 500mg,0407010H0AAAMAM,80,4.361600000000008
141,C83073,Pregabalin_Cap 150mg,0408010AEAAAEAE,9,113.1144
142,C83073,Pregabalin_Cap 300mg,0408010AEAAAGAG,13,112.21000000000001
143,C83073,Pregabalin_Cap 50mg,0408010AEAAABAB,12,142.7188
144,C83073,Pregabalin_Cap 75mg,0408010AEAAACAC,13,156.05239999999998
145,C83074,Atorvastatin_Tab 10mg,0212000B0AAAAAA,20,0.04200000000000023
146,C83074,Memantine HCl_Tab 20mg,0411000G0AAADAD,5,0.024499999999999973
147,C83074,Olanzapine_Tab 20mg,040201060AAAQAQ,10,-0.027999999999996916
148,C83074,Paracet_Tab 500mg,0407010H0AAAMAM,28,-0.058799999999999644
149,C83074,Pregabalin_Cap 150mg,0408010AEAAAEAE,7,0.028000000000000802
150,C83074,Pregabalin_Cap 50mg,0408010AEAAABAB,2,0.01120000000000032
151,C83074,Pregabalin_Cap 75mg,0408010AEAAACAC,15,0.031499999999999445
152,C83078,Atorvastatin_Tab 10mg,0212000B0AAAAAA,31,0.06510000000000035
153,C83078,Memantine HCl_Tab 20mg,0411000G0AAADAD,16,63.946400000000004
154,C83078,Olanzapine_Tab 20mg,040201060AAAQAQ,8,-0.022399999999997533
155,C83078,Paracet_Tab 500mg,0407010H0AAAMAM,66,-0.2525999999999985
156,C83078,Pregabalin_Cap 150mg,0408010AEAAAEAE,7,0.028000000000000802
157,C83078,Pregabalin_Cap 50mg,0408010AEAAABAB,23,0.08120000000000194
158,C83078,Pregabalin_Cap 75mg,0408010AEAAACAC,8,0.0335999999999998
159,C83079,Atorvastatin_Tab 10mg,0212000B0AAAAAA,15,0.031500000000000174
160,C83079,Atorvastatin_Tab 20mg,0212000B0AAABAB,1,0.005400000000000155
161,C83079,Memantine HCl_Tab 20mg,0411000G0AAADAD,6,0.029399999999999968
162,C83079,Paracet_Tab 500mg,0407010H0AAAMAM,70,9.0904
163,C83079,Pregabalin_Cap 150mg,0408010AEAAAEAE,10,116.326
164,C83079,Pregabalin_Cap 300mg,0408010AEAAAGAG,6,112.1904
165,C83079,Pregabalin_Cap 50mg,0408010AEAAABAB,7,117.404
166,C83079,Pregabalin_Cap 75mg,0408010AEAAACAC,15,146.6712
167,C83082,Atorvastatin_Tab 10mg,0212000B0AAAAAA,20,0.04200000000000023
168,C83082,Memantine HCl_Tab 20mg,0411000G0AAADAD,7,0.03429999999999996
169,C83082,Paracet_Tab 500mg,0407010H0AAAMAM,482,83.9400000000001
170,C83082,Pregabalin_Cap 150mg,0408010AEAAAEAE,24,0.07560000000000217
171,C83082,Pregabalin_Cap 300mg,0408010AEAAAGAG,3,0.014699999999999838
172,C83082,Pregabalin_Cap 50mg,0408010AEAAABAB,15,0.05600000000000005
173,C83082,Pregabalin_Cap 75mg,0408010AEAAACAC,12,113.52080000000001
174,C83611,Atorvastatin_Tab 10mg,0212000B0AAAAAA,26,0.0546000000000003
175,C83611,Paracet_Tab 500mg,0407010H0AAAMAM,104,-0.37519999999999776
176,C83611,Pregabalin_Cap 150mg,0408010AEAAAEAE,5,0.01960000000000056
177,C83611,Pregabalin_Cap 50mg,0408010AEAAABAB,11,0.0511000000000003
178,C83611,Pregabalin_Cap 75mg,0408010AEAAACAC,8,0.0335999999999998
179,C83626,Atorvastatin_Tab 10mg,0212000B0AAAAAA,20,0.04200000000000023
180,C83626,Memantine HCl_Tab 20mg,0411000G0AAADAD,10,0.048999999999999946
181,C83626,Olanzapine_Tab 20mg,040201060AAAQAQ,8,-0.022399999999997533
182,C83626,Paracet_Tab 500mg,0407010H0AAAMAM,180,7.643200000000025
183,C83626,Pregabalin_Cap 150mg,0408010AEAAAEAE,42,0.06000000000000416
184,C83626,Pregabalin_Cap 300mg,0408010AEAAAGAG,8,0.013999999999999735
185,C83626,Pregabalin_Cap 50mg,0408010AEAAABAB,10,0.014599999999999919
186,C83626,Pregabalin_Cap 75mg,0408010AEAAACAC,25,0.13999999999999915
187,C83637,Atorvastatin_Tab 10mg,0212000B0AAAAAA,76,58.1749
188,C83637,Atorvastatin_Tab 20mg,0212000B0AAABAB,216,22.87300000000003
189,C83637,Memantine HCl_Tab 20mg,0411000G0AAADAD,2,63.9016
190,C83637,Paracet_Tab 500mg,0407010H0AAAMAM,196,10.11439999999999
191,C83637,Pregabalin_Cap 150mg,0408010AEAAAEAE,5,0.028000000000000802
192,C83637,Pregabalin_Cap 50mg,0408010AEAAABAB,7,0.033600000000000185
193,C83637,Pregabalin_Cap 75mg,0408010AEAAACAC,5,7.0958
194,C83641,Atorvastatin_Tab 10mg,0212000B0AAAAAA,17,0.0357000000000002
195,C83641,Atorvastatin_Tab 20mg,0212000B0AAABAB,1,-0.0013999999999999985
196,C83641,Olanzapine_Tab 20mg,040201060AAAQAQ,4,-0.011199999999998766
197,C83641,Paracet_Tab 500mg,0407010H0AAAMAM,62,6.3808000000000025
198,C83641,Pregabalin_Cap 150mg,0408010AEAAAEAE,10,0.04480000000000128
199,C83641,Pregabalin_Cap 50mg,0408010AEAAABAB,7,0.005600000000000549
200,C83641,Pregabalin_Cap 75mg,0408010AEAAACAC,4,0.022399999999999864
201,Y04942,Atorvastatin_Tab 10mg,0212000B0AAAAAA,1,11.6396
