,practice_code,bnf_description,bnf_code,items,excess_cost
106,B82037,Amlodipine_Tab 5mg,0206020A0AAAAAA,427,418.46
144,B82038,Hydrocort_Tab 10mg,0603020J0AAADAD,5,167.30999999999995
158,B82038,Anastrozole_Tab 1mg,0803041B0AAAAAA,7,123.00959999999999
160,Y02669,Nortriptyline_Tab 25mg,0403010V0AAAEAE,1,115.1024
135,B82088,Atorvastatin_Tab 20mg,0212000B0AAABAB,377,112.94920000000002
1,B82038,Paracet_Tab 500mg,0407010H0AAAMAM,307,107.44999999999999
0,B82038,Paracet_Tab 500mg,0407010H0AAAMAM,307,107.44999999999999
185,B82054,Pramipexole_Tab 2.62mg M/R,0409010W0AAAKAK,1,98.34900000000002
136,B82038,Atorvastatin_Tab 20mg,0212000B0AAABAB,276,91.19040000000004
164,B82038,Pregabalin_Cap 150mg,0408010AEAAAEAE,1,84.8232
186,B82054,Prednisolone_Tab Solb 5mg,0603020T0AABHBH,2,71.94
137,B82038,Atorvastatin_Tab 20mg,0212000B0AAABAB,372,68.74560000000002
138,B82628,Atorvastatin_Tab 20mg,0212000B0AAABAB,153,67.6872
150,B82106,Memantine HCl_Tab 20mg,0411000G0AAADAD,8,63.9072
151,B82038,Memantine HCl_Tab 20mg,0411000G0AAADAD,46,63.8848
139,Y02669,Atorvastatin_Tab 20mg,0212000B0AAABAB,15,45.108
107,B82088,Amlodipine_Tab 5mg,0206020A0AAAAAA,3,35.61600000000001
2,B82038,Paracet_Tab 500mg,0407010H0AAAMAM,44,33.510400000000004
3,B82038,Paracet_Tab 500mg,0407010H0AAAMAM,44,33.510400000000004
4,B82037,Paracet_Tab 500mg,0407010H0AAAMAM,219,30.660000000000043
5,B82037,Paracet_Tab 500mg,0407010H0AAAMAM,219,30.660000000000043
165,B82038,Pregabalin_Cap 150mg,0408010AEAAAEAE,3,28.2828
108,B82054,Amlodipine_Tab 5mg,0206020A0AAAAAA,492,27.552000000000024
6,B82038,Paracet_Tab 500mg,0407010H0AAAMAM,36,25.401600000000002
7,B82038,Paracet_Tab 500mg,0407010H0AAAMAM,36,25.401600000000002
140,B82054,Atorvastatin_Tab 20mg,0212000B0AAABAB,264,22.91520000000004
109,B82088,Amlodipine_Tab 5mg,0206020A0AAAAAA,63,17.992800000000027
110,B82088,Amlodipine_Tab 5mg,0206020A0AAAAAA,235,17.766000000000005
8,B82037,Paracet_Tab 500mg,0407010H0AAAMAM,21,15.523200000000005
9,B82037,Paracet_Tab 500mg,0407010H0AAAMAM,21,15.523200000000005
187,B82088,Prednisolone_Tab Solb 5mg,0603020T0AABHBH,1,14.385599999999998
111,B82037,Amlodipine_Tab 5mg,0206020A0AAAAAA,2,13.364400000000002
11,B82088,Paracet_Tab 500mg,0407010H0AAAMAM,92,11.959999999999992
10,B82088,Paracet_Tab 500mg,0407010H0AAAMAM,92,11.959999999999992
13,B82628,Paracet_Tab 500mg,0407010H0AAAMAM,10,11.200000000000003
12,B82628,Paracet_Tab 500mg,0407010H0AAAMAM,10,11.200000000000003
188,B82011,Prednisolone_Tab Solb 5mg,0603020T0AABHBH,1,10.7865
15,B82054,Paracet_Tab 500mg,0407010H0AAAMAM,179,10.739999999999997
14,B82054,Paracet_Tab 500mg,0407010H0AAAMAM,179,10.739999999999997
16,B82038,Paracet_Tab 500mg,0407010H0AAAMAM,87,10.439999999999998
17,B82038,Paracet_Tab 500mg,0407010H0AAAMAM,87,10.439999999999998
18,B82001,Paracet_Tab 500mg,0407010H0AAAMAM,2,10.080000000000002
19,B82001,Paracet_Tab 500mg,0407010H0AAAMAM,2,10.080000000000002
21,B82628,Paracet_Tab 500mg,0407010H0AAAMAM,110,9.900000000000016
20,B82628,Paracet_Tab 500mg,0407010H0AAAMAM,110,9.900000000000016
23,B82011,Paracet_Tab 500mg,0407010H0AAAMAM,109,9.810000000000016
22,B82011,Paracet_Tab 500mg,0407010H0AAAMAM,109,9.810000000000016
25,B82038,Paracet_Tab 500mg,0407010H0AAAMAM,4,5.656000000000001
24,B82038,Paracet_Tab 500mg,0407010H0AAAMAM,4,5.656000000000001
26,B82037,Paracet_Tab 500mg,0407010H0AAAMAM,66,5.280000000000014
27,B82037,Paracet_Tab 500mg,0407010H0AAAMAM,66,5.280000000000014
29,B82106,Paracet_Tab 500mg,0407010H0AAAMAM,50,5.000000000000004
28,B82106,Paracet_Tab 500mg,0407010H0AAAMAM,50,5.000000000000004
31,B82025,Paracet_Tab 500mg,0407010H0AAAMAM,1,3.2192
30,B82025,Paracet_Tab 500mg,0407010H0AAAMAM,1,3.2192
33,B82038,Paracet_Tab 500mg,0407010H0AAAMAM,4,3.048
32,B82038,Paracet_Tab 500mg,0407010H0AAAMAM,4,3.048
34,B82628,Paracet_Tab 500mg,0407010H0AAAMAM,1,2.8167999999999997
35,B82628,Paracet_Tab 500mg,0407010H0AAAMAM,1,2.8167999999999997
37,B82038,Paracet_Tab 500mg,0407010H0AAAMAM,11,1.6192
36,B82038,Paracet_Tab 500mg,0407010H0AAAMAM,11,1.6192
39,B82038,Paracet_Tab 500mg,0407010H0AAAMAM,3,1.4112000000000002
38,B82038,Paracet_Tab 500mg,0407010H0AAAMAM,3,1.4112000000000002
40,B82088,Paracet_Tab 500mg,0407010H0AAAMAM,13,1.1648000000000032
41,B82088,Paracet_Tab 500mg,0407010H0AAAMAM,13,1.1648000000000032
43,B82038,Paracet_Tab 500mg,0407010H0AAAMAM,1,0.171
42,B82038,Paracet_Tab 500mg,0407010H0AAAMAM,1,0.171
152,B82063,Memantine HCl_Tab 20mg,0411000G0AAADAD,29,0.14209999999999984
153,B82054,Memantine HCl_Tab 20mg,0411000G0AAADAD,26,0.12739999999999985
154,B82025,Memantine HCl_Tab 20mg,0411000G0AAADAD,24,0.11759999999999987
45,B82025,Paracet_Tab 500mg,0407010H0AAAMAM,22,0.06159999999999963
44,B82025,Paracet_Tab 500mg,0407010H0AAAMAM,22,0.06159999999999963
155,B82011,Memantine HCl_Tab 20mg,0411000G0AAADAD,12,0.058799999999999936
156,B82038,Memantine HCl_Tab 20mg,0411000G0AAADAD,8,0.03919999999999996
166,B82025,Pregabalin_Cap 150mg,0408010AEAAAEAE,6,0.03360000000000096
167,B82038,Pregabalin_Cap 150mg,0408010AEAAAEAE,12,0.03360000000000096
46,B82088,Paracet_Tab 500mg,0407010H0AAAMAM,5,0.02999999999999982
47,B82088,Paracet_Tab 500mg,0407010H0AAAMAM,5,0.02999999999999982
168,B82037,Pregabalin_Cap 150mg,0408010AEAAAEAE,5,0.028000000000000802
48,B82054,Paracet_Tab 500mg,0407010H0AAAMAM,4,0.023999999999999855
49,B82054,Paracet_Tab 500mg,0407010H0AAAMAM,4,0.023999999999999855
169,B82088,Pregabalin_Cap 150mg,0408010AEAAAEAE,4,0.02240000000000064
113,B82037,Amlodipine_Tab 5mg,0206020A0AAAAAA,4,0.022400000000000253
112,B82609,Amlodipine_Tab 5mg,0206020A0AAAAAA,4,0.022400000000000253
159,B82038,Anastrozole_Tab 1mg,0803041B0AAAAAA,4,0.019600000000000173
171,B82024,Pregabalin_Cap 150mg,0408010AEAAAEAE,3,0.01680000000000048
170,Y02669,Pregabalin_Cap 150mg,0408010AEAAAEAE,6,0.01680000000000048
115,B82011,Amlodipine_Tab 5mg,0206020A0AAAAAA,3,0.01680000000000019
114,B82054,Amlodipine_Tab 5mg,0206020A0AAAAAA,3,0.01680000000000019
50,B82054,Paracet_Tab 500mg,0407010H0AAAMAM,4,0.0167999999999999
51,B82054,Paracet_Tab 500mg,0407010H0AAAMAM,4,0.0167999999999999
52,B82609,Paracet_Tab 500mg,0407010H0AAAMAM,5,0.01499999999999991
53,B82609,Paracet_Tab 500mg,0407010H0AAAMAM,5,0.01499999999999991
172,B82025,Pregabalin_Cap 150mg,0408010AEAAAEAE,5,0.014000000000000401
56,B82025,Paracet_Tab 500mg,0407010H0AAAMAM,3,0.012599999999999924
55,B82609,Paracet_Tab 500mg,0407010H0AAAMAM,3,0.012599999999999924
54,B82025,Paracet_Tab 500mg,0407010H0AAAMAM,3,0.012599999999999924
57,B82609,Paracet_Tab 500mg,0407010H0AAAMAM,3,0.012599999999999924
60,Y02669,Paracet_Tab 500mg,0407010H0AAAMAM,2,0.011999999999999927
58,B82628,Paracet_Tab 500mg,0407010H0AAAMAM,2,0.011999999999999927
59,Y02669,Paracet_Tab 500mg,0407010H0AAAMAM,2,0.011999999999999927
61,B82628,Paracet_Tab 500mg,0407010H0AAAMAM,2,0.011999999999999927
173,B82011,Pregabalin_Cap 150mg,0408010AEAAAEAE,4,0.01120000000000032
174,B82063,Pregabalin_Cap 150mg,0408010AEAAAEAE,2,0.01120000000000032
175,B82011,Pregabalin_Cap 150mg,0408010AEAAAEAE,2,0.01120000000000032
176,B82092,Pregabalin_Cap 150mg,0408010AEAAAEAE,4,0.01120000000000032
177,B82063,Pregabalin_Cap 150mg,0408010AEAAAEAE,4,0.01120000000000032
116,B82038,Amlodipine_Tab 5mg,0206020A0AAAAAA,2,0.011200000000000127
117,B82092,Amlodipine_Tab 5mg,0206020A0AAAAAA,2,0.011200000000000127
65,B82037,Paracet_Tab 500mg,0407010H0AAAMAM,4,0.011199999999999932
62,B82628,Paracet_Tab 500mg,0407010H0AAAMAM,4,0.011199999999999932
63,B82037,Paracet_Tab 500mg,0407010H0AAAMAM,4,0.011199999999999932
64,B82628,Paracet_Tab 500mg,0407010H0AAAMAM,4,0.011199999999999932
178,B82025,Pregabalin_Cap 150mg,0408010AEAAAEAE,2,0.00840000000000024
69,B82628,Paracet_Tab 500mg,0407010H0AAAMAM,2,0.00839999999999995
66,Y02669,Paracet_Tab 500mg,0407010H0AAAMAM,3,0.00839999999999995
68,Y02669,Paracet_Tab 500mg,0407010H0AAAMAM,3,0.00839999999999995
67,B82628,Paracet_Tab 500mg,0407010H0AAAMAM,2,0.00839999999999995
118,B82088,Amlodipine_Tab 5mg,0206020A0AAAAAA,1,0.006000000000000172
141,B82088,Atorvastatin_Tab 20mg,0212000B0AAABAB,1,0.006000000000000172
73,B82025,Paracet_Tab 500mg,0407010H0AAAMAM,1,0.005999999999999964
70,B82025,Paracet_Tab 500mg,0407010H0AAAMAM,1,0.005999999999999964
71,B82024,Paracet_Tab 500mg,0407010H0AAAMAM,1,0.005999999999999964
72,B82024,Paracet_Tab 500mg,0407010H0AAAMAM,1,0.005999999999999964
180,Y02669,Pregabalin_Cap 150mg,0408010AEAAAEAE,1,0.00560000000000016
181,B82037,Pregabalin_Cap 150mg,0408010AEAAAEAE,2,0.00560000000000016
182,B82628,Pregabalin_Cap 150mg,0408010AEAAAEAE,2,0.00560000000000016
179,B82609,Pregabalin_Cap 150mg,0408010AEAAAEAE,1,0.00560000000000016
119,B82088,Amlodipine_Tab 5mg,0206020A0AAAAAA,1,0.005600000000000063
74,B82025,Paracet_Tab 500mg,0407010H0AAAMAM,4,0.005599999999999966
75,B82025,Paracet_Tab 500mg,0407010H0AAAMAM,4,0.005599999999999966
120,B82025,Amlodipine_Tab 5mg,0206020A0AAAAAA,1,0.005000000000000143
145,B82054,Hydrocort_Tab 10mg,0603020J0AAADAD,1,0.0048000000000003595
189,Y04954,Prednisolone_Tab Solb 5mg,0603020T0AABHBH,1,0.004499999999999504
121,B82054,Amlodipine_Tab 5mg,0206020A0AAAAAA,1,0.004400000000000015
77,B82038,Paracet_Tab 500mg,0407010H0AAAMAM,3,0.004199999999999975
76,B82038,Paracet_Tab 500mg,0407010H0AAAMAM,3,0.004199999999999975
190,B82092,Prednisolone_Tab Solb 5mg,0603020T0AABHBH,2,0.0041999999999995374
191,B82037,Prednisolone_Tab Solb 5mg,0603020T0AABHBH,1,0.0035999999999996035
192,B82038,Prednisolone_Tab Solb 5mg,0603020T0AABHBH,1,0.0035999999999996035
193,B82054,Prednisolone_Tab Solb 5mg,0603020T0AABHBH,1,0.0035999999999996035
162,B82609,Nortriptyline_Tab 25mg,0403010V0AAAEAE,1,0.003000000000000086
161,B82025,Nortriptyline_Tab 25mg,0403010V0AAAEAE,1,0.003000000000000086
122,B82037,Amlodipine_Tab 5mg,0206020A0AAAAAA,1,0.003000000000000086
142,B82037,Atorvastatin_Tab 20mg,0212000B0AAABAB,1,0.0030000000000000165
78,B82024,Paracet_Tab 500mg,0407010H0AAAMAM,1,0.002999999999999982
79,B82024,Paracet_Tab 500mg,0407010H0AAAMAM,1,0.002999999999999982
123,B82037,Amlodipine_Tab 5mg,0206020A0AAAAAA,1,0.00210000000000006
157,B82054,Memantine HCl_Tab 20mg,0411000G0AAADAD,1,0.0016000000000000458
81,B82106,Paracet_Tab 500mg,0407010H0AAAMAM,1,0.0013999999999999915
80,B82106,Paracet_Tab 500mg,0407010H0AAAMAM,1,0.0013999999999999915
195,B82038,Prednisolone_Tab Solb 5mg,0603020T0AABHBH,1,-0.0011999999999998678
194,B82025,Prednisolone_Tab Solb 5mg,0603020T0AABHBH,1,-0.0011999999999998678
124,B82024,Amlodipine_Tab 5mg,0206020A0AAAAAA,1,-0.002099999999999963
196,B82054,Prednisolone_Tab Solb 5mg,0603020T0AABHBH,1,-0.0023999999999997357
143,B82038,Atorvastatin_Tab 20mg,0212000B0AAABAB,1,-0.0029999999999998778
199,B82024,Prednisolone_Tab Solb 5mg,0603020T0AABHBH,1,-0.0035999999999996035
198,B82054,Prednisolone_Tab Solb 5mg,0603020T0AABHBH,1,-0.0035999999999996035
197,Y04954,Prednisolone_Tab Solb 5mg,0603020T0AABHBH,1,-0.0035999999999996035
201,B82054,Prednisolone_Tab Solb 5mg,0603020T0AABHBH,1,-0.0039999999999995595
200,B82063,Prednisolone_Tab Solb 5mg,0603020T0AABHBH,1,-0.0039999999999995595
183,B82628,Pregabalin_Cap 150mg,0408010AEAAAEAE,1,-0.0041999999999995374
202,B82611,Prednisolone_Tab Solb 5mg,0603020T0AABHBH,1,-0.004799999999999471
203,B82001,Prednisolone_Tab Solb 5mg,0603020T0AABHBH,1,-0.004799999999999471
204,B82063,Prednisolone_Tab Solb 5mg,0603020T0AABHBH,1,-0.0047999999999999154
205,B82038,Prednisolone_Tab Solb 5mg,0603020T0AABHBH,1,-0.0047999999999999154
82,B82038,Paracet_Tab 500mg,0407010H0AAAMAM,1,-0.004799999999999971
83,B82038,Paracet_Tab 500mg,0407010H0AAAMAM,1,-0.004799999999999971
87,B82106,Paracet_Tab 500mg,0407010H0AAAMAM,1,-0.005599999999999966
84,B82001,Paracet_Tab 500mg,0407010H0AAAMAM,1,-0.005599999999999966
85,B82001,Paracet_Tab 500mg,0407010H0AAAMAM,1,-0.005599999999999966
86,B82106,Paracet_Tab 500mg,0407010H0AAAMAM,1,-0.005599999999999966
163,B82054,Nortriptyline_Tab 25mg,0403010V0AAAEAE,1,-0.006000000000000172
207,B82025,Prednisolone_Tab Solb 5mg,0603020T0AABHBH,2,-0.007999999999999119
206,B82038,Prednisolone_Tab Solb 5mg,0603020T0AABHBH,2,-0.007999999999999119
146,B82063,Hydrocort_Tab 10mg,0603020J0AAADAD,4,-0.00879999999999903
208,B82024,Prednisolone_Tab Solb 5mg,0603020T0AABHBH,2,-0.009599999999998943
125,Y02669,Amlodipine_Tab 5mg,0206020A0AAAAAA,5,-0.010499999999999815
147,B82038,Hydrocort_Tab 10mg,0603020J0AAADAD,1,-0.011199999999998766
88,B82024,Paracet_Tab 500mg,0407010H0AAAMAM,2,-0.011199999999999932
89,B82024,Paracet_Tab 500mg,0407010H0AAAMAM,2,-0.011199999999999932
148,B82038,Hydrocort_Tab 10mg,0603020J0AAADAD,1,-0.013999999999998458
209,B82038,Prednisolone_Tab Solb 5mg,0603020T0AABHBH,3,-0.014399999999998414
126,B82037,Amlodipine_Tab 5mg,0206020A0AAAAAA,7,-0.014699999999999741
210,B82024,Prednisolone_Tab Solb 5mg,0603020T0AABHBH,4,-0.015999999999998238
184,B82038,Pregabalin_Cap 150mg,0408010AEAAAEAE,4,-0.01679999999999815
90,B82054,Paracet_Tab 500mg,0407010H0AAAMAM,3,-0.0167999999999999
91,B82054,Paracet_Tab 500mg,0407010H0AAAMAM,3,-0.0167999999999999
92,B82609,Paracet_Tab 500mg,0407010H0AAAMAM,4,-0.022399999999999864
93,B82609,Paracet_Tab 500mg,0407010H0AAAMAM,4,-0.022399999999999864
127,B82106,Amlodipine_Tab 5mg,0206020A0AAAAAA,13,-0.02729999999999952
96,B82011,Paracet_Tab 500mg,0407010H0AAAMAM,5,-0.02799999999999983
95,B82011,Paracet_Tab 500mg,0407010H0AAAMAM,5,-0.02799999999999983
94,B82037,Paracet_Tab 500mg,0407010H0AAAMAM,5,-0.02799999999999983
97,B82037,Paracet_Tab 500mg,0407010H0AAAMAM,5,-0.02799999999999983
128,B82092,Amlodipine_Tab 5mg,0206020A0AAAAAA,18,-0.037799999999999334
129,B82609,Amlodipine_Tab 5mg,0206020A0AAAAAA,19,-0.0398999999999993
99,B82092,Paracet_Tab 500mg,0407010H0AAAMAM,10,-0.05599999999999966
98,B82092,Paracet_Tab 500mg,0407010H0AAAMAM,10,-0.05599999999999966
130,B82011,Amlodipine_Tab 5mg,0206020A0AAAAAA,30,-0.06299999999999889
131,B82054,Amlodipine_Tab 5mg,0206020A0AAAAAA,34,-0.07139999999999874
132,B82063,Amlodipine_Tab 5mg,0206020A0AAAAAA,36,-0.07559999999999867
101,B82063,Paracet_Tab 500mg,0407010H0AAAMAM,24,-0.1343999999999992
100,B82063,Paracet_Tab 500mg,0407010H0AAAMAM,24,-0.1343999999999992
133,B82025,Amlodipine_Tab 5mg,0206020A0AAAAAA,91,-0.19109999999999663
134,B82038,Amlodipine_Tab 5mg,0206020A0AAAAAA,111,-0.2330999999999959
102,B82063,Paracet_Tab 500mg,0407010H0AAAMAM,1,-0.30079999999999996
103,B82063,Paracet_Tab 500mg,0407010H0AAAMAM,1,-0.30079999999999996
104,B82025,Paracet_Tab 500mg,0407010H0AAAMAM,59,-0.33039999999999803
105,B82025,Paracet_Tab 500mg,0407010H0AAAMAM,59,-0.33039999999999803
149,B82038,Hydrocort_Tab 10mg,0603020J0AAADAD,3,-10.609200000000007
