,practice_code,bnf_description,bnf_code,items,excess_cost
198,E83649,Phenytoin_Sod Tab 100mg,0408010Q0AAAGAG,1,159.19679999999997
282,E83006,Mesalazine_Tab E/C 400mg,0105010B0AAAAAA,1,74.15199999999999
205,E83025,Mesalazine_Tab E/C 800mg,0105010B0AAASAS,2,73.79999999999998
283,E83637,Mesalazine_Tab E/C 400mg,0105010B0AAAAAA,1,71.87039999999999
284,E83639,Mesalazine_Tab E/C 400mg,0105010B0AAAAAA,1,68.448
212,E83633,Tiotropium_Pdr For Inh Cap 18mcg,0301020Q0AAABAB,1,60.3198
203,E83032,Risperidone_Tab 6mg,040201030AAAFAF,1,58.4192
285,E83638,Mesalazine_Tab E/C 400mg,0105010B0AAAAAA,1,51.33599999999999
286,E83622,Mesalazine_Tab E/C 400mg,0105010B0AAAAAA,1,47.913599999999995
287,E83653,Mesalazine_Tab E/C 400mg,0105010B0AAAAAA,1,47.913599999999995
206,E83638,Mesalazine_Tab E/C 800mg,0105010B0AAASAS,1,36.89999999999999
288,E83021,Mesalazine_Tab E/C 400mg,0105010B0AAAAAA,2,34.199999999999996
289,E83613,Mesalazine_Tab E/C 400mg,0105010B0AAAAAA,1,31.942399999999996
204,E83005,Risperidone_Tab 6mg,040201030AAAFAF,1,29.2096
349,E83010,Amlodipine_Tab 10mg,0206020A0AAABAB,3,26.6112
290,E83637,Mesalazine_Tab E/C 400mg,0105010B0AAAAAA,1,25.667999999999996
294,E83638,Mesalazine_Tab E/C 400mg,0105010B0AAAAAA,1,23.956799999999998
291,E83025,Mesalazine_Tab E/C 400mg,0105010B0AAAAAA,6,23.956799999999998
293,E83016,Mesalazine_Tab E/C 400mg,0105010B0AAAAAA,1,23.956799999999998
292,E83637,Mesalazine_Tab E/C 400mg,0105010B0AAAAAA,1,23.956799999999998
207,Y05258,Mesalazine_Tab E/C 800mg,0105010B0AAASAS,1,18.449999999999996
208,Y00316,Mesalazine_Tab E/C 800mg,0105010B0AAASAS,1,17.219999999999995
295,E83637,Mesalazine_Tab E/C 400mg,0105010B0AAAAAA,1,17.099999999999998
296,E83005,Mesalazine_Tab E/C 400mg,0105010B0AAAAAA,1,17.099999999999998
316,E83046,Gemfibrozil_Tab 600mg,0212000Q0AAABAB,1,15.142399999999999
317,E83622,Gemfibrozil_Tab 600mg,0212000Q0AAABAB,1,15.142399999999999
297,E83016,Mesalazine_Tab E/C 400mg,0105010B0AAAAAA,1,11.978399999999999
298,E83003,Mesalazine_Tab E/C 400mg,0105010B0AAAAAA,1,7.985599999999999
318,E83049,Gemfibrozil_Tab 600mg,0212000Q0AAABAB,1,7.571199999999999
299,E83032,Mesalazine_Tab E/C 400mg,0105010B0AAAAAA,1,5.993400000000001
0,E83010,Clonazepam_Tab 500mcg,0408010F0AAABAB,7,4.429599999999991
1,E83028,Clonazepam_Tab 500mcg,0408010F0AAABAB,6,4.067999999999992
2,E83653,Clonazepam_Tab 500mcg,0408010F0AAABAB,3,3.796799999999992
3,E83045,Clonazepam_Tab 500mcg,0408010F0AAABAB,1,3.389999999999993
6,E83021,Clonazepam_Tab 500mcg,0408010F0AAABAB,5,3.1639999999999935
5,E83044,Clonazepam_Tab 500mcg,0408010F0AAABAB,5,3.1639999999999935
4,E83036,Clonazepam_Tab 500mcg,0408010F0AAABAB,5,3.1639999999999935
7,E83044,Clonazepam_Tab 500mcg,0408010F0AAABAB,10,3.1639999999999935
319,E83008,Pyridox HCl_Tab 50mg,0906024N0AAAIAI,1,2.8728000000000007
320,E83003,Pyridox HCl_Tab 50mg,0906024N0AAAIAI,1,2.8728000000000007
13,E83624,Clonazepam_Tab 500mcg,0408010F0AAABAB,2,2.531199999999995
14,E83030,Clonazepam_Tab 500mcg,0408010F0AAABAB,4,2.531199999999995
8,E83012,Clonazepam_Tab 500mcg,0408010F0AAABAB,4,2.531199999999995
9,E83030,Clonazepam_Tab 500mcg,0408010F0AAABAB,1,2.531199999999995
10,E83621,Clonazepam_Tab 500mcg,0408010F0AAABAB,1,2.531199999999995
11,E83017,Clonazepam_Tab 500mcg,0408010F0AAABAB,2,2.531199999999995
12,E83653,Clonazepam_Tab 500mcg,0408010F0AAABAB,1,2.531199999999995
15,E83006,Clonazepam_Tab 500mcg,0408010F0AAABAB,1,2.485999999999995
16,E83026,Clonazepam_Tab 500mcg,0408010F0AAABAB,5,2.372999999999995
20,E83621,Clonazepam_Tab 500mcg,0408010F0AAABAB,2,2.2599999999999953
17,E83037,Clonazepam_Tab 500mcg,0408010F0AAABAB,1,2.2599999999999953
18,E83012,Clonazepam_Tab 500mcg,0408010F0AAABAB,2,2.2599999999999953
22,E83622,Clonazepam_Tab 500mcg,0408010F0AAABAB,2,2.2599999999999953
23,E83050,Clonazepam_Tab 500mcg,0408010F0AAABAB,1,2.2599999999999953
21,E83009,Clonazepam_Tab 500mcg,0408010F0AAABAB,1,2.2599999999999953
19,E83020,Clonazepam_Tab 500mcg,0408010F0AAABAB,2,2.2599999999999953
220,E83016,Amiodarone HCl_Tab 200mg,0203020D0AAABAB,3,2.100000000000002
219,E83621,Amiodarone HCl_Tab 200mg,0203020D0AAABAB,3,2.100000000000002
218,E83025,Amiodarone HCl_Tab 200mg,0203020D0AAABAB,3,2.100000000000002
217,E83031,Amiodarone HCl_Tab 200mg,0203020D0AAABAB,3,2.100000000000002
216,E83053,Amiodarone HCl_Tab 200mg,0203020D0AAABAB,3,2.100000000000002
24,E83010,Clonazepam_Tab 500mcg,0408010F0AAABAB,1,2.033999999999996
25,E83053,Clonazepam_Tab 500mcg,0408010F0AAABAB,1,2.033999999999996
321,E83600,Pyridox HCl_Tab 50mg,0906024N0AAAIAI,2,1.9152000000000005
30,Y02986,Clonazepam_Tab 500mcg,0408010F0AAABAB,6,1.898399999999996
26,E83032,Clonazepam_Tab 500mcg,0408010F0AAABAB,1,1.898399999999996
27,E83026,Clonazepam_Tab 500mcg,0408010F0AAABAB,1,1.898399999999996
28,E83032,Clonazepam_Tab 500mcg,0408010F0AAABAB,3,1.898399999999996
29,E83021,Clonazepam_Tab 500mcg,0408010F0AAABAB,1,1.898399999999996
32,E83027,Clonazepam_Tab 500mcg,0408010F0AAABAB,1,1.898399999999996
31,E83038,Clonazepam_Tab 500mcg,0408010F0AAABAB,6,1.898399999999996
40,E83016,Clonazepam_Tab 500mcg,0408010F0AAABAB,3,1.898399999999996
41,Y03664,Clonazepam_Tab 500mcg,0408010F0AAABAB,1,1.898399999999996
33,E83027,Clonazepam_Tab 500mcg,0408010F0AAABAB,6,1.898399999999996
34,E83637,Clonazepam_Tab 500mcg,0408010F0AAABAB,1,1.898399999999996
35,E83009,Clonazepam_Tab 500mcg,0408010F0AAABAB,2,1.898399999999996
36,E83053,Clonazepam_Tab 500mcg,0408010F0AAABAB,1,1.898399999999996
37,E83034,Clonazepam_Tab 500mcg,0408010F0AAABAB,8,1.898399999999996
38,E83036,Clonazepam_Tab 500mcg,0408010F0AAABAB,6,1.898399999999996
39,E83037,Clonazepam_Tab 500mcg,0408010F0AAABAB,3,1.898399999999996
42,E83018,Clonazepam_Tab 500mcg,0408010F0AAABAB,3,1.898399999999996
221,E83011,Amiodarone HCl_Tab 200mg,0203020D0AAABAB,5,1.7500000000000016
322,E83053,Pyridox HCl_Tab 50mg,0906024N0AAAIAI,1,1.7100000000000004
43,E83034,Clonazepam_Tab 500mcg,0408010F0AAABAB,1,1.6949999999999965
222,E83624,Amiodarone HCl_Tab 200mg,0203020D0AAABAB,1,1.6250000000000013
45,E83021,Clonazepam_Tab 500mcg,0408010F0AAABAB,1,1.5819999999999967
46,E83007,Clonazepam_Tab 500mcg,0408010F0AAABAB,5,1.5819999999999967
49,E83053,Clonazepam_Tab 500mcg,0408010F0AAABAB,10,1.5819999999999967
48,E83049,Clonazepam_Tab 500mcg,0408010F0AAABAB,1,1.5819999999999967
44,E83025,Clonazepam_Tab 500mcg,0408010F0AAABAB,5,1.5819999999999967
47,E83003,Clonazepam_Tab 500mcg,0408010F0AAABAB,5,1.5819999999999967
324,E83018,Pyridox HCl_Tab 50mg,0906024N0AAAIAI,1,1.4364000000000003
325,E83028,Pyridox HCl_Tab 50mg,0906024N0AAAIAI,1,1.4364000000000003
323,Y03664,Pyridox HCl_Tab 50mg,0906024N0AAAIAI,1,1.4364000000000003
326,E83632,Pyridox HCl_Tab 50mg,0906024N0AAAIAI,1,1.4364000000000003
226,E83046,Amiodarone HCl_Tab 200mg,0203020D0AAABAB,2,1.4000000000000012
225,E83017,Amiodarone HCl_Tab 200mg,0203020D0AAABAB,4,1.4000000000000012
224,E83037,Amiodarone HCl_Tab 200mg,0203020D0AAABAB,2,1.4000000000000012
223,E83009,Amiodarone HCl_Tab 200mg,0203020D0AAABAB,1,1.4000000000000012
227,E83010,Amiodarone HCl_Tab 200mg,0203020D0AAABAB,4,1.4000000000000012
55,E83638,Clonazepam_Tab 500mcg,0408010F0AAABAB,1,1.3559999999999972
56,E83021,Clonazepam_Tab 500mcg,0408010F0AAABAB,1,1.3559999999999972
50,E83034,Clonazepam_Tab 500mcg,0408010F0AAABAB,1,1.3559999999999972
52,E83009,Clonazepam_Tab 500mcg,0408010F0AAABAB,4,1.3559999999999972
53,E83049,Clonazepam_Tab 500mcg,0408010F0AAABAB,2,1.3559999999999972
54,E83027,Clonazepam_Tab 500mcg,0408010F0AAABAB,2,1.3559999999999972
51,E83008,Clonazepam_Tab 500mcg,0408010F0AAABAB,2,1.3559999999999972
228,E83027,Amiodarone HCl_Tab 200mg,0203020D0AAABAB,16,1.3552
62,E83005,Clonazepam_Tab 500mcg,0408010F0AAABAB,2,1.2655999999999974
63,E83008,Clonazepam_Tab 500mcg,0408010F0AAABAB,1,1.2655999999999974
64,E83012,Clonazepam_Tab 500mcg,0408010F0AAABAB,1,1.2655999999999974
65,E83049,Clonazepam_Tab 500mcg,0408010F0AAABAB,1,1.2655999999999974
61,E83653,Clonazepam_Tab 500mcg,0408010F0AAABAB,2,1.2655999999999974
67,E83621,Clonazepam_Tab 500mcg,0408010F0AAABAB,2,1.2655999999999974
68,E83008,Clonazepam_Tab 500mcg,0408010F0AAABAB,2,1.2655999999999974
69,E83668,Clonazepam_Tab 500mcg,0408010F0AAABAB,1,1.2655999999999974
72,E83013,Clonazepam_Tab 500mcg,0408010F0AAABAB,1,1.2655999999999974
60,E83031,Clonazepam_Tab 500mcg,0408010F0AAABAB,1,1.2655999999999974
59,E83025,Clonazepam_Tab 500mcg,0408010F0AAABAB,2,1.2655999999999974
58,E83030,Clonazepam_Tab 500mcg,0408010F0AAABAB,4,1.2655999999999974
57,E83600,Clonazepam_Tab 500mcg,0408010F0AAABAB,4,1.2655999999999974
66,E83038,Clonazepam_Tab 500mcg,0408010F0AAABAB,1,1.2655999999999974
71,E83027,Clonazepam_Tab 500mcg,0408010F0AAABAB,2,1.2655999999999974
70,E83032,Clonazepam_Tab 500mcg,0408010F0AAABAB,8,1.2655999999999974
73,Y03664,Clonazepam_Tab 500mcg,0408010F0AAABAB,1,1.2655999999999974
74,E83017,Clonazepam_Tab 500mcg,0408010F0AAABAB,2,1.2655999999999974
75,E83003,Clonazepam_Tab 500mcg,0408010F0AAABAB,1,1.2655999999999974
76,E83036,Clonazepam_Tab 500mcg,0408010F0AAABAB,1,1.2655999999999974
77,E83041,Clonazepam_Tab 500mcg,0408010F0AAABAB,28,1.1871999999999998
80,E83006,Clonazepam_Tab 500mcg,0408010F0AAABAB,1,1.1299999999999977
88,E83016,Clonazepam_Tab 500mcg,0408010F0AAABAB,1,1.1299999999999977
85,E83044,Clonazepam_Tab 500mcg,0408010F0AAABAB,1,1.1299999999999977
84,E83035,Clonazepam_Tab 500mcg,0408010F0AAABAB,1,1.1299999999999977
83,E83013,Clonazepam_Tab 500mcg,0408010F0AAABAB,1,1.1299999999999977
82,E83613,Clonazepam_Tab 500mcg,0408010F0AAABAB,1,1.1299999999999977
87,E83025,Clonazepam_Tab 500mcg,0408010F0AAABAB,1,1.1299999999999977
81,E83653,Clonazepam_Tab 500mcg,0408010F0AAABAB,1,1.1299999999999977
86,E83649,Clonazepam_Tab 500mcg,0408010F0AAABAB,1,1.1299999999999977
79,E83030,Clonazepam_Tab 500mcg,0408010F0AAABAB,1,1.1299999999999977
78,E83053,Clonazepam_Tab 500mcg,0408010F0AAABAB,1,1.1299999999999977
230,E83049,Amiodarone HCl_Tab 200mg,0203020D0AAABAB,3,1.050000000000001
231,E83018,Amiodarone HCl_Tab 200mg,0203020D0AAABAB,3,1.050000000000001
229,E83021,Amiodarone HCl_Tab 200mg,0203020D0AAABAB,1,1.050000000000001
90,E83050,Clonazepam_Tab 500mcg,0408010F0AAABAB,1,1.016999999999998
89,E83018,Clonazepam_Tab 500mcg,0408010F0AAABAB,1,1.016999999999998
331,E83010,Pyridox HCl_Tab 50mg,0906024N0AAAIAI,1,0.9576000000000002
332,E83035,Pyridox HCl_Tab 50mg,0906024N0AAAIAI,1,0.9576000000000002
333,E83638,Pyridox HCl_Tab 50mg,0906024N0AAAIAI,1,0.9576000000000002
334,E83653,Pyridox HCl_Tab 50mg,0906024N0AAAIAI,1,0.9576000000000002
335,E83621,Pyridox HCl_Tab 50mg,0906024N0AAAIAI,1,0.9576000000000002
336,Y00316,Pyridox HCl_Tab 50mg,0906024N0AAAIAI,2,0.9576000000000002
337,E83016,Pyridox HCl_Tab 50mg,0906024N0AAAIAI,2,0.9576000000000002
338,E83038,Pyridox HCl_Tab 50mg,0906024N0AAAIAI,4,0.9576000000000002
339,E83632,Pyridox HCl_Tab 50mg,0906024N0AAAIAI,1,0.9576000000000002
330,E83053,Pyridox HCl_Tab 50mg,0906024N0AAAIAI,1,0.9576000000000002
329,E83017,Pyridox HCl_Tab 50mg,0906024N0AAAIAI,2,0.9576000000000002
328,E83025,Pyridox HCl_Tab 50mg,0906024N0AAAIAI,1,0.9576000000000002
327,E83028,Pyridox HCl_Tab 50mg,0906024N0AAAIAI,4,0.9576000000000002
91,E83027,Clonazepam_Tab 500mcg,0408010F0AAABAB,4,0.949199999999998
92,E83649,Clonazepam_Tab 500mcg,0408010F0AAABAB,1,0.949199999999998
99,E83024,Clonazepam_Tab 500mcg,0408010F0AAABAB,1,0.949199999999998
93,E83018,Clonazepam_Tab 500mcg,0408010F0AAABAB,1,0.949199999999998
104,E83044,Clonazepam_Tab 500mcg,0408010F0AAABAB,1,0.949199999999998
103,E83011,Clonazepam_Tab 500mcg,0408010F0AAABAB,4,0.949199999999998
101,E83668,Clonazepam_Tab 500mcg,0408010F0AAABAB,1,0.949199999999998
100,E83038,Clonazepam_Tab 500mcg,0408010F0AAABAB,2,0.949199999999998
102,E83629,Clonazepam_Tab 500mcg,0408010F0AAABAB,1,0.949199999999998
98,E83600,Clonazepam_Tab 500mcg,0408010F0AAABAB,1,0.949199999999998
97,E83027,Clonazepam_Tab 500mcg,0408010F0AAABAB,1,0.949199999999998
96,E83003,Clonazepam_Tab 500mcg,0408010F0AAABAB,4,0.949199999999998
95,E83018,Clonazepam_Tab 500mcg,0408010F0AAABAB,4,0.949199999999998
94,E83018,Clonazepam_Tab 500mcg,0408010F0AAABAB,3,0.949199999999998
105,E83034,Clonazepam_Tab 500mcg,0408010F0AAABAB,1,0.9039999999999981
238,E83027,Amiodarone HCl_Tab 200mg,0203020D0AAABAB,2,0.7000000000000006
232,E83010,Amiodarone HCl_Tab 200mg,0203020D0AAABAB,1,0.7000000000000006
233,E83026,Amiodarone HCl_Tab 200mg,0203020D0AAABAB,1,0.7000000000000006
234,E83013,Amiodarone HCl_Tab 200mg,0203020D0AAABAB,2,0.7000000000000006
235,E83039,Amiodarone HCl_Tab 200mg,0203020D0AAABAB,1,0.7000000000000006
236,E83038,Amiodarone HCl_Tab 200mg,0203020D0AAABAB,2,0.7000000000000006
237,E83006,Amiodarone HCl_Tab 200mg,0203020D0AAABAB,2,0.7000000000000006
244,E83005,Amiodarone HCl_Tab 200mg,0203020D0AAABAB,1,0.7000000000000006
239,E83027,Amiodarone HCl_Tab 200mg,0203020D0AAABAB,1,0.7000000000000006
240,E83017,Amiodarone HCl_Tab 200mg,0203020D0AAABAB,1,0.7000000000000006
248,E83629,Amiodarone HCl_Tab 200mg,0203020D0AAABAB,1,0.7000000000000006
249,E83008,Amiodarone HCl_Tab 200mg,0203020D0AAABAB,2,0.7000000000000006
242,E83638,Amiodarone HCl_Tab 200mg,0203020D0AAABAB,2,0.7000000000000006
243,E83049,Amiodarone HCl_Tab 200mg,0203020D0AAABAB,1,0.7000000000000006
245,E83030,Amiodarone HCl_Tab 200mg,0203020D0AAABAB,1,0.7000000000000006
241,E83021,Amiodarone HCl_Tab 200mg,0203020D0AAABAB,2,0.7000000000000006
246,E83600,Amiodarone HCl_Tab 200mg,0203020D0AAABAB,2,0.7000000000000006
256,E83028,Amiodarone HCl_Tab 200mg,0203020D0AAABAB,1,0.7000000000000006
250,E83653,Amiodarone HCl_Tab 200mg,0203020D0AAABAB,1,0.7000000000000006
251,E83044,Amiodarone HCl_Tab 200mg,0203020D0AAABAB,1,0.7000000000000006
252,E83632,Amiodarone HCl_Tab 200mg,0203020D0AAABAB,1,0.7000000000000006
253,E83639,Amiodarone HCl_Tab 200mg,0203020D0AAABAB,1,0.7000000000000006
254,E83034,Amiodarone HCl_Tab 200mg,0203020D0AAABAB,2,0.7000000000000006
255,E83012,Amiodarone HCl_Tab 200mg,0203020D0AAABAB,1,0.7000000000000006
247,E83016,Amiodarone HCl_Tab 200mg,0203020D0AAABAB,2,0.7000000000000006
257,E83613,Amiodarone HCl_Tab 200mg,0203020D0AAABAB,1,0.7000000000000006
258,E83600,Amiodarone HCl_Tab 200mg,0203020D0AAABAB,1,0.7000000000000006
259,E83009,Amiodarone HCl_Tab 200mg,0203020D0AAABAB,1,0.7000000000000006
260,E83018,Amiodarone HCl_Tab 200mg,0203020D0AAABAB,1,0.7000000000000006
115,E83037,Clonazepam_Tab 500mcg,0408010F0AAABAB,2,0.6779999999999986
114,E83053,Clonazepam_Tab 500mcg,0408010F0AAABAB,1,0.6779999999999986
110,E83026,Clonazepam_Tab 500mcg,0408010F0AAABAB,2,0.6779999999999986
112,E83017,Clonazepam_Tab 500mcg,0408010F0AAABAB,1,0.6779999999999986
116,E83622,Clonazepam_Tab 500mcg,0408010F0AAABAB,1,0.6779999999999986
113,E83600,Clonazepam_Tab 500mcg,0408010F0AAABAB,2,0.6779999999999986
107,E83638,Clonazepam_Tab 500mcg,0408010F0AAABAB,1,0.6779999999999986
111,E83036,Clonazepam_Tab 500mcg,0408010F0AAABAB,1,0.6779999999999986
109,E83011,Clonazepam_Tab 500mcg,0408010F0AAABAB,1,0.6779999999999986
108,E83041,Clonazepam_Tab 500mcg,0408010F0AAABAB,2,0.6779999999999986
106,Y03663,Clonazepam_Tab 500mcg,0408010F0AAABAB,2,0.6779999999999986
124,E83653,Clonazepam_Tab 500mcg,0408010F0AAABAB,2,0.6327999999999987
120,E83026,Clonazepam_Tab 500mcg,0408010F0AAABAB,1,0.6327999999999987
123,E83649,Clonazepam_Tab 500mcg,0408010F0AAABAB,2,0.6327999999999987
122,E83016,Clonazepam_Tab 500mcg,0408010F0AAABAB,2,0.6327999999999987
121,E83038,Clonazepam_Tab 500mcg,0408010F0AAABAB,4,0.6327999999999987
133,E83053,Clonazepam_Tab 500mcg,0408010F0AAABAB,2,0.6327999999999987
119,E83009,Clonazepam_Tab 500mcg,0408010F0AAABAB,1,0.6327999999999987
118,E83028,Clonazepam_Tab 500mcg,0408010F0AAABAB,1,0.6327999999999987
117,E83039,Clonazepam_Tab 500mcg,0408010F0AAABAB,4,0.6327999999999987
126,E83053,Clonazepam_Tab 500mcg,0408010F0AAABAB,8,0.6327999999999987
125,E83003,Clonazepam_Tab 500mcg,0408010F0AAABAB,1,0.6327999999999987
139,E83668,Clonazepam_Tab 500mcg,0408010F0AAABAB,1,0.6327999999999987
127,E83013,Clonazepam_Tab 500mcg,0408010F0AAABAB,1,0.6327999999999987
136,E83034,Clonazepam_Tab 500mcg,0408010F0AAABAB,4,0.6327999999999987
143,E83632,Clonazepam_Tab 500mcg,0408010F0AAABAB,1,0.6327999999999987
142,E83622,Clonazepam_Tab 500mcg,0408010F0AAABAB,2,0.6327999999999987
141,E83046,Clonazepam_Tab 500mcg,0408010F0AAABAB,1,0.6327999999999987
140,E83034,Clonazepam_Tab 500mcg,0408010F0AAABAB,1,0.6327999999999987
128,E83010,Clonazepam_Tab 500mcg,0408010F0AAABAB,2,0.6327999999999987
137,E83629,Clonazepam_Tab 500mcg,0408010F0AAABAB,1,0.6327999999999987
138,E83009,Clonazepam_Tab 500mcg,0408010F0AAABAB,4,0.6327999999999987
135,E83032,Clonazepam_Tab 500mcg,0408010F0AAABAB,2,0.6327999999999987
134,E83624,Clonazepam_Tab 500mcg,0408010F0AAABAB,2,0.6327999999999987
132,E83003,Clonazepam_Tab 500mcg,0408010F0AAABAB,4,0.6327999999999987
131,E83008,Clonazepam_Tab 500mcg,0408010F0AAABAB,4,0.6327999999999987
130,Y02986,Clonazepam_Tab 500mcg,0408010F0AAABAB,1,0.6327999999999987
129,E83035,Clonazepam_Tab 500mcg,0408010F0AAABAB,1,0.6327999999999987
144,E83032,Clonazepam_Tab 500mcg,0408010F0AAABAB,1,0.5699999999999983
145,E83016,Clonazepam_Tab 500mcg,0408010F0AAABAB,7,0.5536999999999989
146,E83012,Clonazepam_Tab 500mcg,0408010F0AAABAB,1,0.5375999999999994
261,E83621,Amiodarone HCl_Tab 200mg,0203020D0AAABAB,6,0.5082
341,E83653,Pyridox HCl_Tab 50mg,0906024N0AAAIAI,1,0.4788000000000001
342,E83032,Pyridox HCl_Tab 50mg,0906024N0AAAIAI,4,0.4788000000000001
340,E83027,Pyridox HCl_Tab 50mg,0906024N0AAAIAI,1,0.4788000000000001
149,E83031,Clonazepam_Tab 500mcg,0408010F0AAABAB,1,0.474599999999999
151,E83025,Clonazepam_Tab 500mcg,0408010F0AAABAB,6,0.474599999999999
150,Y00316,Clonazepam_Tab 500mcg,0408010F0AAABAB,1,0.474599999999999
147,E83018,Clonazepam_Tab 500mcg,0408010F0AAABAB,1,0.474599999999999
148,E83649,Clonazepam_Tab 500mcg,0408010F0AAABAB,1,0.474599999999999
152,E83021,Clonazepam_Tab 500mcg,0408010F0AAABAB,1,0.3954999999999992
262,E83629,Amiodarone HCl_Tab 200mg,0203020D0AAABAB,2,0.35840000000000016
265,E83037,Amiodarone HCl_Tab 200mg,0203020D0AAABAB,1,0.3500000000000003
264,E83012,Amiodarone HCl_Tab 200mg,0203020D0AAABAB,1,0.3500000000000003
263,E83009,Amiodarone HCl_Tab 200mg,0203020D0AAABAB,1,0.3500000000000003
267,E83030,Amiodarone HCl_Tab 200mg,0203020D0AAABAB,1,0.3500000000000003
268,E83020,Amiodarone HCl_Tab 200mg,0203020D0AAABAB,1,0.3500000000000003
269,E83028,Amiodarone HCl_Tab 200mg,0203020D0AAABAB,1,0.3500000000000003
275,E83044,Amiodarone HCl_Tab 200mg,0203020D0AAABAB,1,0.3500000000000003
274,E83031,Amiodarone HCl_Tab 200mg,0203020D0AAABAB,1,0.3500000000000003
273,E83025,Amiodarone HCl_Tab 200mg,0203020D0AAABAB,1,0.3500000000000003
272,Y02986,Amiodarone HCl_Tab 200mg,0203020D0AAABAB,1,0.3500000000000003
271,E83621,Amiodarone HCl_Tab 200mg,0203020D0AAABAB,1,0.3500000000000003
270,E83026,Amiodarone HCl_Tab 200mg,0203020D0AAABAB,1,0.3500000000000003
266,E83041,Amiodarone HCl_Tab 200mg,0203020D0AAABAB,1,0.3500000000000003
154,E83021,Clonazepam_Tab 500mcg,0408010F0AAABAB,1,0.3389999999999993
158,E83008,Clonazepam_Tab 500mcg,0408010F0AAABAB,1,0.3389999999999993
157,E83007,Clonazepam_Tab 500mcg,0408010F0AAABAB,1,0.3389999999999993
156,E83027,Clonazepam_Tab 500mcg,0408010F0AAABAB,1,0.3389999999999993
155,E83053,Clonazepam_Tab 500mcg,0408010F0AAABAB,1,0.3389999999999993
153,Y03664,Clonazepam_Tab 500mcg,0408010F0AAABAB,1,0.3389999999999993
279,E83003,Amiodarone HCl_Tab 200mg,0203020D0AAABAB,4,0.3388
280,E83039,Amiodarone HCl_Tab 200mg,0203020D0AAABAB,4,0.3388
278,E83639,Amiodarone HCl_Tab 200mg,0203020D0AAABAB,4,0.3388
276,E83021,Amiodarone HCl_Tab 200mg,0203020D0AAABAB,4,0.3388
277,E83032,Amiodarone HCl_Tab 200mg,0203020D0AAABAB,4,0.3388
175,E83017,Clonazepam_Tab 500mcg,0408010F0AAABAB,1,0.31639999999999935
160,E83632,Clonazepam_Tab 500mcg,0408010F0AAABAB,1,0.31639999999999935
159,E83027,Clonazepam_Tab 500mcg,0408010F0AAABAB,4,0.31639999999999935
161,E83637,Clonazepam_Tab 500mcg,0408010F0AAABAB,1,0.31639999999999935
162,E83637,Clonazepam_Tab 500mcg,0408010F0AAABAB,4,0.31639999999999935
163,E83039,Clonazepam_Tab 500mcg,0408010F0AAABAB,1,0.31639999999999935
164,E83018,Clonazepam_Tab 500mcg,0408010F0AAABAB,2,0.31639999999999935
165,E83009,Clonazepam_Tab 500mcg,0408010F0AAABAB,1,0.31639999999999935
166,E83008,Clonazepam_Tab 500mcg,0408010F0AAABAB,4,0.31639999999999935
167,E83006,Clonazepam_Tab 500mcg,0408010F0AAABAB,1,0.31639999999999935
168,E83032,Clonazepam_Tab 500mcg,0408010F0AAABAB,4,0.31639999999999935
169,E83005,Clonazepam_Tab 500mcg,0408010F0AAABAB,1,0.31639999999999935
178,E83028,Clonazepam_Tab 500mcg,0408010F0AAABAB,4,0.31639999999999935
177,E83012,Clonazepam_Tab 500mcg,0408010F0AAABAB,1,0.31639999999999935
176,E83024,Clonazepam_Tab 500mcg,0408010F0AAABAB,1,0.31639999999999935
174,E83035,Clonazepam_Tab 500mcg,0408010F0AAABAB,1,0.31639999999999935
173,E83018,Clonazepam_Tab 500mcg,0408010F0AAABAB,4,0.31639999999999935
172,E83005,Clonazepam_Tab 500mcg,0408010F0AAABAB,4,0.31639999999999935
170,E83629,Clonazepam_Tab 500mcg,0408010F0AAABAB,1,0.31639999999999935
171,E83034,Clonazepam_Tab 500mcg,0408010F0AAABAB,1,0.31639999999999935
179,E83020,Clonazepam_Tab 500mcg,0408010F0AAABAB,1,0.2735999999999992
281,E83638,Amiodarone HCl_Tab 200mg,0203020D0AAABAB,3,0.2541
343,E83649,Pyridox HCl_Tab 50mg,0906024N0AAAIAI,1,0.23940000000000006
180,E83008,Clonazepam_Tab 500mcg,0408010F0AAABAB,2,0.23199999999999998
181,E83035,Clonazepam_Tab 500mcg,0408010F0AAABAB,1,0.22199999999999998
182,E83037,Clonazepam_Tab 500mcg,0408010F0AAABAB,1,0.22199999999999998
183,E83018,Clonazepam_Tab 500mcg,0408010F0AAABAB,1,0.22199999999999998
184,E83036,Clonazepam_Tab 500mcg,0408010F0AAABAB,1,0.20159999999999978
187,E83030,Clonazepam_Tab 500mcg,0408010F0AAABAB,1,0.174
185,E83016,Clonazepam_Tab 500mcg,0408010F0AAABAB,1,0.174
186,E83622,Clonazepam_Tab 500mcg,0408010F0AAABAB,1,0.174
344,E83020,Pyridox HCl_Tab 50mg,0906024N0AAAIAI,8,0.17120000000000068
188,E83027,Clonazepam_Tab 500mcg,0408010F0AAABAB,4,0.16959999999999997
189,E83032,Clonazepam_Tab 500mcg,0408010F0AAABAB,4,0.16959999999999997
190,E83016,Clonazepam_Tab 500mcg,0408010F0AAABAB,1,0.15819999999999967
191,E83600,Clonazepam_Tab 500mcg,0408010F0AAABAB,1,0.15819999999999967
193,E83024,Clonazepam_Tab 500mcg,0408010F0AAABAB,1,0.15819999999999967
192,E83017,Clonazepam_Tab 500mcg,0408010F0AAABAB,1,0.15819999999999967
346,E83027,Pyridox HCl_Tab 50mg,0906024N0AAAIAI,1,0.1416000000000004
345,E83032,Pyridox HCl_Tab 50mg,0906024N0AAAIAI,1,0.1416000000000004
194,Y02986,Clonazepam_Tab 500mcg,0408010F0AAABAB,1,0.09439999999999982
195,E83044,Clonazepam_Tab 500mcg,0408010F0AAABAB,1,0.07909999999999984
347,E83032,Pyridox HCl_Tab 50mg,0906024N0AAAIAI,1,0.06560000000000032
199,E83005,Phenytoin_Sod Tab 100mg,0408010Q0AAAGAG,9,0.04409999999999864
348,E83038,Pyridox HCl_Tab 50mg,0906024N0AAAIAI,2,0.04280000000000017
196,E83053,Clonazepam_Tab 500mcg,0408010F0AAABAB,1,0.04239999999999999
197,E83008,Clonazepam_Tab 500mcg,0408010F0AAABAB,1,0.021199999999999997
200,E83025,Phenytoin_Sod Tab 100mg,0408010Q0AAAGAG,4,0.019599999999999396
201,E83011,Phenytoin_Sod Tab 100mg,0408010Q0AAAGAG,3,0.01889999999999792
202,E83013,Phenytoin_Sod Tab 100mg,0408010Q0AAAGAG,1,0.011999999999998678
213,E83017,Tiotropium_Pdr For Inh Cap 18mcg,0301020Q0AAABAB,3,0.008999999999999009
300,E83032,Mesalazine_Tab E/C 400mg,0105010B0AAAAAA,1,0.004200000000001869
214,E83007,Tiotropium_Pdr For Inh Cap 18mcg,0301020Q0AAABAB,1,-0.007999999999999119
215,E83020,Tiotropium_Pdr For Inh Cap 18mcg,0301020Q0AAABAB,1,-0.010999999999998789
302,E83637,Mesalazine_Tab E/C 400mg,0105010B0AAAAAA,1,-0.011999999999998678
301,E83005,Mesalazine_Tab E/C 400mg,0105010B0AAAAAA,1,-0.011999999999998678
303,E83021,Mesalazine_Tab E/C 400mg,0105010B0AAAAAA,2,-0.023999999999997357
209,E83016,Mesalazine_Tab E/C 800mg,0105010B0AAASAS,1,-11.479999999999997
304,E83638,Mesalazine_Tab E/C 400mg,0105010B0AAAAAA,1,-12.833999999999998
305,E83026,Mesalazine_Tab E/C 400mg,0105010B0AAAAAA,1,-15.971199999999998
306,E83011,Mesalazine_Tab E/C 400mg,0105010B0AAAAAA,1,-17.112
210,E83041,Mesalazine_Tab E/C 800mg,0105010B0AAASAS,1,-22.959999999999994
307,Y00316,Mesalazine_Tab E/C 400mg,0105010B0AAAAAA,1,-23.956799999999998
308,Y03663,Mesalazine_Tab E/C 400mg,0105010B0AAAAAA,1,-25.667999999999996
309,E83018,Mesalazine_Tab E/C 400mg,0105010B0AAAAAA,1,-34.224
211,E83008,Mesalazine_Tab E/C 800mg,0105010B0AAASAS,1,-45.91999999999999
311,E83035,Mesalazine_Tab E/C 400mg,0105010B0AAAAAA,2,-47.913599999999995
310,E83021,Mesalazine_Tab E/C 400mg,0105010B0AAAAAA,2,-47.913599999999995
312,E83622,Mesalazine_Tab E/C 400mg,0105010B0AAAAAA,1,-68.448
313,E83622,Mesalazine_Tab E/C 400mg,0105010B0AAAAAA,1,-71.87039999999999
315,E83638,Mesalazine_Tab E/C 400mg,0105010B0AAAAAA,1,-102.67199999999998
314,E83639,Mesalazine_Tab E/C 400mg,0105010B0AAAAAA,1,-102.67199999999998
