,practice_code,bnf_description,bnf_code,items,excess_cost
0,L83004,Atorvastatin_Tab 20mg,0212000B0AAABAB,2,-0.00499999999999989
1,L83004,Clonazepam_Tab 500mcg,0408010F0AAABAB,13,4.74599999999999
2,L83004,Gabapentin_Tab 600mg,0408010G0AAAJAJ,3,-0.01680000000000048
3,L83004,Paracet_Tab 500mg,0407010H0AAAMAM,448,52.02080000000001
4,L83004,Pregabalin_Cap 300mg,0408010AEAAAGAG,2,0.0011999999999999789
5,L83004,Sumatriptan_Tab 50mg,0407041T0AAAFAF,24,0.0
6,L83005,Aripiprazole_Tab 10mg,0402010ADAAAAAA,7,0.00840000000000063
7,L83005,Atorvastatin_Tab 20mg,0212000B0AAABAB,323,45.22000000000004
8,L83005,Clonazepam_Tab 500mcg,0408010F0AAABAB,31,13.808599999999972
9,L83005,Mag Glycerophos_Tab Chble 97.2mg S/F,0905013G0AADEDE,1,396.6984
10,L83005,Paracet_Tab 500mg,0407010H0AAAMAM,722,35.014400000000165
11,L83005,Pregabalin_Cap 300mg,0408010AEAAAGAG,5,56.0994
12,L83005,Sumatriptan_Tab 50mg,0407041T0AAAFAF,23,0.0
13,L83010,Clonazepam_Tab 500mcg,0408010F0AAABAB,1,0.6327999999999987
14,L83010,Gabapentin_Tab 600mg,0408010G0AAAJAJ,2,-0.0070000000000002005
15,L83010,Paracet_Tab 500mg,0407010H0AAAMAM,8,0.002799999999999983
16,L83010,Sumatriptan_Tab 50mg,0407041T0AAAFAF,12,109.9988
17,L83013,Atorvastatin_Tab 20mg,0212000B0AAABAB,1,-0.002799999999999997
18,L83013,Clonazepam_Tab 500mcg,0408010F0AAABAB,21,8.894199999999982
19,L83013,Gabapentin_Tab 600mg,0408010G0AAAJAJ,2,0.0013999999999997487
20,L83013,Paracet_Tab 500mg,0407010H0AAAMAM,8,0.0015999999999999903
21,L83013,Paracet_Tab Solb 500mg,0407010H0AAAQAQ,4,0.01680000000000048
22,L83013,Sumatriptan_Tab 50mg,0407041T0AAAFAF,17,0.0
23,L83014,Clonazepam_Tab 500mcg,0408010F0AAABAB,19,8.418499999999982
24,L83014,Gabapentin_Tab 600mg,0408010G0AAAJAJ,2,-0.01120000000000032
25,L83014,Paracet_Tab 500mg,0407010H0AAAMAM,12,-0.043999999999999734
26,L83014,Sumatriptan_Tab 50mg,0407041T0AAAFAF,28,0.0
27,L83022,Aripiprazole_Tab 10mg,0402010ADAAAAAA,1,174.4624
28,L83022,Atorvastatin_Tab 20mg,0212000B0AAABAB,97,22.542800000000003
29,L83022,Clonazepam_Tab 500mcg,0408010F0AAABAB,8,6.689599999999986
30,L83022,Gabapentin_Tab 600mg,0408010G0AAAJAJ,1,-0.00280000000000008
31,L83022,Paracet_Tab 500mg,0407010H0AAAMAM,12,0.048400000000000595
32,L83022,Pregabalin_Cap 300mg,0408010AEAAAGAG,10,56.11199999999999
33,L83022,Sumatriptan_Tab 50mg,0407041T0AAAFAF,21,0.0
34,L83027,Aripiprazole_Tab 10mg,0402010ADAAAAAA,1,0.00560000000000016
35,L83027,Clonazepam_Tab 500mcg,0408010F0AAABAB,16,9.65019999999998
36,L83027,Paracet_Tab 500mg,0407010H0AAAMAM,32,-0.08879999999999946
37,L83027,Pregabalin_Cap 300mg,0408010AEAAAGAG,3,0.014699999999999838
38,L83027,Sumatriptan_Tab 50mg,0407041T0AAAFAF,8,0.0
39,L83029,Clonazepam_Tab 500mcg,0408010F0AAABAB,31,13.209699999999973
40,L83029,Gabapentin_Tab 600mg,0408010G0AAAJAJ,4,0.016799999999999315
41,L83029,Paracet_Tab 500mg,0407010H0AAAMAM,44,-0.0823999999999995
42,L83029,Paracet_Tab Solb 500mg,0407010H0AAAQAQ,2,-0.011999999999998678
43,L83029,Pregabalin_Cap 300mg,0408010AEAAAGAG,12,-0.0010000000000002923
44,L83029,Sumatriptan_Tab 50mg,0407041T0AAAFAF,7,0.0
45,L83031,Aripiprazole_Tab 10mg,0402010ADAAAAAA,4,-0.008399999999999852
46,L83031,Clonazepam_Tab 500mcg,0408010F0AAABAB,12,3.944899999999993
47,L83031,Paracet_Tab 500mg,0407010H0AAAMAM,514,91.25879999999997
48,L83031,Sumatriptan_Tab 50mg,0407041T0AAAFAF,28,0.00039999999999995595
49,L83034,Clonazepam_Tab 500mcg,0408010F0AAABAB,10,5.243199999999989
50,L83034,Gabapentin_Tab 600mg,0408010G0AAAJAJ,2,-0.01120000000000032
51,L83034,Paracet_Tab 500mg,0407010H0AAAMAM,454,97.64719999999998
52,L83034,Paracet_Tab Solb 500mg,0407010H0AAAQAQ,4,164.5952
53,L83034,Sumatriptan_Tab 50mg,0407041T0AAAFAF,27,0.0
54,L83043,Aripiprazole_Tab 10mg,0402010ADAAAAAA,2,0.01120000000000032
55,L83043,Clonazepam_Tab 500mcg,0408010F0AAABAB,20,16.85559999999997
56,L83043,Gabapentin_Tab 600mg,0408010G0AAAJAJ,9,0.028999999999999013
57,L83043,Paracet_Tab 500mg,0407010H0AAAMAM,16,-0.08959999999999946
58,L83043,Pregabalin_Cap 300mg,0408010AEAAAGAG,31,-0.04340000000000038
59,L83043,Sumatriptan_Tab 50mg,0407041T0AAAFAF,20,0.0041999999999995374
60,L83045,Atorvastatin_Tab 20mg,0212000B0AAABAB,323,45.22000000000004
61,L83045,Clonazepam_Tab 500mcg,0408010F0AAABAB,5,5.378799999999989
62,L83045,Gabapentin_Tab 600mg,0408010G0AAAJAJ,7,-0.01820000000000052
63,L83045,Paracet_Tab 500mg,0407010H0AAAMAM,22,0.015999999999999903
64,L83045,Sumatriptan_Tab 50mg,0407041T0AAAFAF,40,0.01679999999999815
65,L83046,Atorvastatin_Tab 20mg,0212000B0AAABAB,158,89.98020000000004
66,L83046,Clonazepam_Tab 500mcg,0408010F0AAABAB,3,2.6893999999999947
67,L83046,Paracet_Tab 500mg,0407010H0AAAMAM,78,22.75680000000003
68,L83046,Sumatriptan_Tab 50mg,0407041T0AAAFAF,16,0.0
69,L83051,Aripiprazole_Tab 10mg,0402010ADAAAAAA,1,0.00560000000000016
70,L83051,Atorvastatin_Tab 20mg,0212000B0AAABAB,218,113.17599999999999
71,L83051,Clonazepam_Tab 500mcg,0408010F0AAABAB,14,6.9833999999999845
72,L83051,Gabapentin_Tab 600mg,0408010G0AAAJAJ,3,0.012599999999999487
73,L83051,Paracet_Tab 500mg,0407010H0AAAMAM,174,111.0464
74,L83051,Pregabalin_Cap 300mg,0408010AEAAAGAG,13,59.331999999999994
75,L83051,Sumatriptan_Tab 50mg,0407041T0AAAFAF,30,0.0
76,L83055,Atorvastatin_Tab 20mg,0212000B0AAABAB,1,0.006000000000000172
77,L83055,Clonazepam_Tab 500mcg,0408010F0AAABAB,24,15.458399999999967
78,L83055,Gabapentin_Tab 600mg,0408010G0AAAJAJ,4,-0.01680000000000048
79,L83055,Paracet_Tab 500mg,0407010H0AAAMAM,18,0.06159999999999963
80,L83055,Paracet_Tab Solb 500mg,0407010H0AAAQAQ,2,-0.011999999999998678
81,L83055,Pregabalin_Cap 300mg,0408010AEAAAGAG,1,0.002999999999999947
82,L83055,Sumatriptan_Tab 50mg,0407041T0AAAFAF,30,0.0
83,L83070,Atorvastatin_Tab 20mg,0212000B0AAABAB,72,45.15840000000001
84,L83070,Clonazepam_Tab 500mcg,0408010F0AAABAB,9,8.72359999999998
85,L83070,Paracet_Tab 500mg,0407010H0AAAMAM,48,-0.2687999999999984
86,L83070,Sumatriptan_Tab 50mg,0407041T0AAAFAF,9,6.503999999999996
87,L83078,Aripiprazole_Tab 10mg,0402010ADAAAAAA,5,-0.010499999999999815
88,L83078,Atorvastatin_Tab 20mg,0212000B0AAABAB,1,0.0030000000000000165
89,L83078,Clonazepam_Tab 500mcg,0408010F0AAABAB,21,7.317299999999986
90,L83078,Mag Glycerophos_Tab Chble 97.2mg S/F,0905013G0AADEDE,2,-1.0400000000000187
91,L83078,Paracet_Tab 500mg,0407010H0AAAMAM,22,-0.0999999999999994
92,L83078,Paracet_Tab Solb 500mg,0407010H0AAAQAQ,2,-0.005999999999999339
93,L83078,Pregabalin_Cap 300mg,0408010AEAAAGAG,9,-0.012800000000000145
94,L83078,Sumatriptan_Tab 50mg,0407041T0AAAFAF,22,0.0
95,L83094,Atorvastatin_Tab 20mg,0212000B0AAABAB,1,-0.0029999999999998778
96,L83094,Clonazepam_Tab 500mcg,0408010F0AAABAB,8,5.175399999999989
97,L83094,Paracet_Tab 500mg,0407010H0AAAMAM,4,0.0007999999999999952
98,L83094,Sumatriptan_Tab 50mg,0407041T0AAAFAF,16,0.0
99,L83103,Atorvastatin_Tab 20mg,0212000B0AAABAB,1,0.006000000000000172
100,L83103,Clonazepam_Tab 500mcg,0408010F0AAABAB,36,17.516999999999967
101,L83103,Gabapentin_Tab 600mg,0408010G0AAAJAJ,1,-0.00560000000000016
102,L83103,Paracet_Tab 500mg,0407010H0AAAMAM,58,0.08639999999999948
103,L83103,Paracet_Tab Solb 500mg,0407010H0AAAQAQ,2,0.00800000000000023
104,L83103,Sumatriptan_Tab 50mg,0407041T0AAAFAF,19,0.0
105,L83111,Clonazepam_Tab 500mcg,0408010F0AAABAB,33,17.484199999999966
106,L83111,Gabapentin_Tab 600mg,0408010G0AAAJAJ,10,0.02239999999999831
107,L83111,Paracet_Tab 500mg,0407010H0AAAMAM,32,-0.1311999999999992
108,L83111,Sumatriptan_Tab 50mg,0407041T0AAAFAF,34,0.0
109,L83118,Atorvastatin_Tab 20mg,0212000B0AAABAB,1,0.006000000000000172
110,L83118,Clonazepam_Tab 500mcg,0408010F0AAABAB,38,20.371599999999958
111,L83118,Gabapentin_Tab 600mg,0408010G0AAAJAJ,2,-0.01120000000000032
112,L83118,Paracet_Tab 500mg,0407010H0AAAMAM,48,-0.1975999999999988
113,L83118,Paracet_Tab Solb 500mg,0407010H0AAAQAQ,4,-0.023999999999997357
114,L83118,Pregabalin_Cap 300mg,0408010AEAAAGAG,4,0.019599999999999784
115,L83118,Sumatriptan_Tab 50mg,0407041T0AAAFAF,29,0.0033999999999998476
116,L83120,Atorvastatin_Tab 20mg,0212000B0AAABAB,1,-0.0029999999999998778
117,L83120,Clonazepam_Tab 500mcg,0408010F0AAABAB,11,4.74599999999999
118,L83120,Gabapentin_Tab 600mg,0408010G0AAAJAJ,2,-0.00560000000000016
119,L83120,Paracet_Tab 500mg,0407010H0AAAMAM,398,7.265600000000092
120,L83120,Paracet_Tab Solb 500mg,0407010H0AAAQAQ,2,9.42
121,L83120,Sumatriptan_Tab 50mg,0407041T0AAAFAF,23,-0.0027999999999996916
122,L83130,Clonazepam_Tab 500mcg,0408010F0AAABAB,30,9.41739999999998
123,L83130,Paracet_Tab 500mg,0407010H0AAAMAM,12,-0.004799999999999971
124,L83130,Phenytoin_Sod Tab 100mg,0408010Q0AAAGAG,1,198.99599999999998
125,L83130,Sumatriptan_Tab 50mg,0407041T0AAAFAF,8,0.0
126,L83131,Aripiprazole_Tab 10mg,0402010ADAAAAAA,3,-0.006299999999999889
127,L83131,Clonazepam_Tab 500mcg,0408010F0AAABAB,81,33.527699999999925
128,L83131,Gabapentin_Tab 600mg,0408010G0AAAJAJ,5,0.011199999999999155
129,L83131,Paracet_Tab 500mg,0407010H0AAAMAM,16,-0.04559999999999956
130,L83131,Paracet_Tab Solb 500mg,0407010H0AAAQAQ,8,-0.047999999999994714
131,L83131,Pregabalin_Cap 300mg,0408010AEAAAGAG,4,0.001399999999999818
132,L83131,Sumatriptan_Tab 50mg,0407041T0AAAFAF,56,0.0039999999999995595
133,L83146,Clonazepam_Tab 500mcg,0408010F0AAABAB,5,1.5819999999999967
134,L83146,Paracet_Tab 500mg,0407010H0AAAMAM,20,-0.08879999999999946
135,L83146,Sumatriptan_Tab 50mg,0407041T0AAAFAF,8,0.0
136,L83148,Clonazepam_Tab 500mcg,0408010F0AAABAB,7,4.293999999999992
137,L83148,Sumatriptan_Tab 50mg,0407041T0AAAFAF,9,58.2552
138,L83607,Aripiprazole_Tab 10mg,0402010ADAAAAAA,4,0.02240000000000064
139,L83607,Clonazepam_Tab 500mcg,0408010F0AAABAB,6,4.313399999999992
140,L83607,Paracet_Tab 500mg,0407010H0AAAMAM,6,0.032399999999999804
141,L83607,Paracet_Tab Solb 500mg,0407010H0AAAQAQ,2,-0.011999999999998678
142,L83607,Pregabalin_Cap 300mg,0408010AEAAAGAG,4,0.019599999999999784
143,L83607,Sumatriptan_Tab 50mg,0407041T0AAAFAF,8,0.0
144,L83657,Clonazepam_Tab 500mcg,0408010F0AAABAB,5,2.553799999999995
145,L83657,Paracet_Tab 500mg,0407010H0AAAMAM,150,60.0
146,L83657,Sumatriptan_Tab 50mg,0407041T0AAAFAF,5,0.0
147,L83666,Clonazepam_Tab 500mcg,0408010F0AAABAB,2,0.949199999999998
148,L83666,Gabapentin_Tab 600mg,0408010G0AAAJAJ,2,166.18560000000002
149,L83666,Paracet_Tab 500mg,0407010H0AAAMAM,108,15.611200000000009
150,L83666,Sumatriptan_Tab 50mg,0407041T0AAAFAF,10,0.0
151,L83679,Paracet_Tab 500mg,0407010H0AAAMAM,4,-0.019199999999999995
152,L83679,Paracet_Tab Solb 500mg,0407010H0AAAQAQ,2,-0.006399999999999295
153,L83679,Pregabalin_Cap 300mg,0408010AEAAAGAG,3,-9.71445146547012e-17
