,practice_code,bnf_description,bnf_code,items,excess_cost
0,B84001,Atorvastatin_Tab 10mg,0212000B0AAAAAA,40,23.2386
1,B84001,Atorvastatin_Tab 20mg,0212000B0AAABAB,99,22.730400000000017
2,B84001,Bisoprolol Fumar_Tab 5mg,0204000H0AAAAAA,9,0.7370999999999996
3,B84001,Lansoprazole_Cap 30mg (E/C Gran),0103050L0AAAAAA,214,69.34760000000001
4,B84001,Memantine HCl_Tab 20mg,0411000G0AAADAD,4,0.01959999999999998
5,B84001,Paracet_Tab 500mg,0407010H0AAAMAM,10,-0.009599999999999942
6,B84001,Pregabalin_Cap 200mg,0408010AEAAAFAF,1,-0.00280000000000008
7,B84001,Pregabalin_Cap 50mg,0408010AEAAABAB,11,0.03640000000000104
8,B84002,Bisoprolol Fumar_Tab 5mg,0204000H0AAAAAA,19,0.6915999999999995
9,B84002,Paracet_Tab 500mg,0407010H0AAAMAM,280,54.72960000000002
10,B84002,Pregabalin_Cap 50mg,0408010AEAAABAB,5,0.01960000000000066
11,B84003,Atorvastatin_Tab 10mg,0212000B0AAAAAA,13,0.02730000000000015
12,B84003,Bisoprolol Fumar_Tab 5mg,0204000H0AAAAAA,20,-0.05600000000000015
13,B84003,Lansoprazole_Cap 30mg (E/C Gran),0103050L0AAAAAA,112,0.4060000000000046
14,B84003,Memantine HCl_Tab 20mg,0411000G0AAADAD,5,0.014800000000000008
15,B84003,Paracet_Tab 500mg,0407010H0AAAMAM,158,-0.4703999999999972
16,B84003,Pregabalin_Cap 25mg,0408010AEAAAAAA,9,-0.0314000000000009
17,B84003,Pregabalin_Cap 50mg,0408010AEAAABAB,16,0.015399999999999858
18,B84004,Atorvastatin_Tab 10mg,0212000B0AAAAAA,97,23.325400000000002
19,B84004,Atorvastatin_Tab 20mg,0212000B0AAABAB,252,22.57920000000001
20,B84004,Bisoprolol Fumar_Tab 5mg,0204000H0AAAAAA,43,-0.08540000000000039
21,B84004,Hydrocort_Tab 10mg,0603020J0AAADAD,2,-0.006699999999999262
22,B84004,Lansoprazole_Cap 30mg (E/C Gran),0103050L0AAAAAA,249,0.9072000000000102
23,B84004,Memantine HCl_Tab 20mg,0411000G0AAADAD,13,0.06369999999999992
24,B84004,Paracet_Tab 500mg,0407010H0AAAMAM,442,51.594400000000014
25,B84004,Pregabalin_Cap 200mg,0408010AEAAAFAF,13,0.03639999999999852
26,B84004,Pregabalin_Cap 25mg,0408010AEAAAAAA,17,0.004199999999998566
27,B84004,Pregabalin_Cap 50mg,0408010AEAAABAB,17,0.023800000000000585
28,B84005,Atorvastatin_Tab 10mg,0212000B0AAAAAA,24,0.05040000000000028
29,B84005,Bisoprolol Fumar_Tab 5mg,0204000H0AAAAAA,104,16.8756
30,B84005,Hydrocort_Tab 10mg,0603020J0AAADAD,5,-0.019999999999997797
31,B84005,Lansoprazole_Cap 30mg (E/C Gran),0103050L0AAAAAA,293,27.669600000000013
32,B84005,Memantine HCl_Tab 20mg,0411000G0AAADAD,21,143.83950000000002
33,B84005,Paracet_Tab 500mg,0407010H0AAAMAM,524,150.41040000000004
34,B84005,Pregabalin_Cap 200mg,0408010AEAAAFAF,14,113.8704
35,B84005,Pregabalin_Cap 25mg,0408010AEAAAAAA,20,0.08189999999999856
36,B84005,Pregabalin_Cap 50mg,0408010AEAAABAB,31,114.22599999999998
37,B84006,Atorvastatin_Tab 10mg,0212000B0AAAAAA,1,0.004199999999999975
38,B84006,Bisoprolol Fumar_Tab 5mg,0204000H0AAAAAA,7,0.015399999999999858
39,B84006,Lansoprazole_Cap 30mg (E/C Gran),0103050L0AAAAAA,13,0.05040000000000057
40,B84006,Paracet_Tab 500mg,0407010H0AAAMAM,24,-0.06479999999999961
41,B84006,Pregabalin_Cap 200mg,0408010AEAAAFAF,6,-0.02100000000000002
42,B84006,Pregabalin_Cap 25mg,0408010AEAAAAAA,2,-0.009800000000000114
43,B84006,Pregabalin_Cap 50mg,0408010AEAAABAB,27,0.10920000000000313
44,B84007,Atorvastatin_Tab 10mg,0212000B0AAAAAA,28,0.058800000000000324
45,B84007,Atorvastatin_Tab 20mg,0212000B0AAABAB,156,0.9184000000000263
46,B84007,Bisoprolol Fumar_Tab 5mg,0204000H0AAAAAA,65,7.982099999999995
47,B84007,Hydrocort_Tab 10mg,0603020J0AAADAD,7,47.3498
48,B84007,Lansoprazole_Cap 30mg (E/C Gran),0103050L0AAAAAA,125,0.41720000000000473
49,B84007,Memantine HCl_Tab 20mg,0411000G0AAADAD,4,0.01959999999999998
50,B84007,Paracet_Tab 500mg,0407010H0AAAMAM,336,202.5464
51,B84007,Pregabalin_Cap 25mg,0408010AEAAAAAA,7,112.77420000000002
52,B84007,Pregabalin_Cap 50mg,0408010AEAAABAB,9,0.03919999999999957
53,B84008,Atorvastatin_Tab 10mg,0212000B0AAAAAA,75,0.1596000000000009
54,B84008,Atorvastatin_Tab 20mg,0212000B0AAABAB,366,1127.1792000000003
55,B84008,Bisoprolol Fumar_Tab 5mg,0204000H0AAAAAA,159,22.827699999999993
56,B84008,Lansoprazole_Cap 30mg (E/C Gran),0103050L0AAAAAA,565,11.857000000000022
57,B84008,Memantine HCl_Tab 20mg,0411000G0AAADAD,1,0.004899999999999995
58,B84008,Paracet_Tab 500mg,0407010H0AAAMAM,816,344.44399999999996
59,B84008,Pregabalin_Cap 200mg,0408010AEAAAFAF,2,0.005599999999999772
60,B84008,Pregabalin_Cap 25mg,0408010AEAAAAAA,11,0.037799999999999334
61,B84008,Pregabalin_Cap 50mg,0408010AEAAABAB,17,0.05599999999999966
62,B84009,Atorvastatin_Tab 10mg,0212000B0AAAAAA,28,0.058800000000000324
63,B84009,Atorvastatin_Tab 20mg,0212000B0AAABAB,189,22.755600000000026
64,B84009,Bisoprolol Fumar_Tab 5mg,0204000H0AAAAAA,103,21.949199999999998
65,B84009,Lansoprazole_Cap 30mg (E/C Gran),0103050L0AAAAAA,146,0.45940000000000536
66,B84009,Memantine HCl_Tab 20mg,0411000G0AAADAD,10,0.048999999999999946
67,B84009,Paracet_Tab 500mg,0407010H0AAAMAM,584,245.67960000000005
68,B84009,Pregabalin_Cap 50mg,0408010AEAAABAB,14,0.03500000000000081
69,B84010,Atorvastatin_Tab 10mg,0212000B0AAAAAA,60,23.215500000000002
70,B84010,Atorvastatin_Tab 20mg,0212000B0AAABAB,192,45.15840000000003
71,B84010,Bisoprolol Fumar_Tab 5mg,0204000H0AAAAAA,4,-0.01120000000000003
72,B84010,Hydrocort_Tab 10mg,0603020J0AAADAD,2,225.27759999999998
73,B84010,Lansoprazole_Cap 30mg (E/C Gran),0103050L0AAAAAA,247,4.762800000000028
74,B84010,Paracet_Tab 500mg,0407010H0AAAMAM,524,494.6011999999999
75,B84010,Pregabalin_Cap 200mg,0408010AEAAAFAF,5,0.01399999999999943
76,B84010,Pregabalin_Cap 25mg,0408010AEAAAAAA,4,0.016799999999999704
77,B84010,Pregabalin_Cap 50mg,0408010AEAAABAB,10,0.050400000000000666
78,B84011,Atorvastatin_Tab 10mg,0212000B0AAAAAA,40,0.08400000000000046
79,B84011,Bisoprolol Fumar_Tab 5mg,0204000H0AAAAAA,32,-0.005200000000000447
80,B84011,Hydrocort_Tab 10mg,0603020J0AAADAD,2,-0.031199999999996564
81,B84011,Lansoprazole_Cap 30mg (E/C Gran),0103050L0AAAAAA,172,0.5266000000000055
82,B84011,Memantine HCl_Tab 20mg,0411000G0AAADAD,10,0.048999999999999946
83,B84011,Paracet_Tab 500mg,0407010H0AAAMAM,124,-0.23759999999999926
84,B84011,Pregabalin_Cap 200mg,0408010AEAAAFAF,1,0.0030000000000000027
85,B84011,Pregabalin_Cap 25mg,0408010AEAAAAAA,10,0.04199999999999926
86,B84011,Pregabalin_Cap 50mg,0408010AEAAABAB,11,0.03780000000000011
87,B84012,Atorvastatin_Tab 20mg,0212000B0AAABAB,155,22.568000000000016
88,B84012,Bisoprolol Fumar_Tab 5mg,0204000H0AAAAAA,96,20.502299999999988
89,B84012,Lansoprazole_Cap 30mg (E/C Gran),0103050L0AAAAAA,38,0.11760000000000133
90,B84012,Paracet_Tab 500mg,0407010H0AAAMAM,296,150.7932000000001
91,B84012,Pregabalin_Cap 50mg,0408010AEAAABAB,13,0.06440000000000184
92,B84013,Atorvastatin_Tab 10mg,0212000B0AAAAAA,32,0.06720000000000037
93,B84013,Bisoprolol Fumar_Tab 5mg,0204000H0AAAAAA,53,-0.09940000000000052
94,B84013,Hydrocort_Tab 10mg,0603020J0AAADAD,1,-0.011199999999998766
95,B84013,Lansoprazole_Cap 30mg (E/C Gran),0103050L0AAAAAA,139,0.4872000000000055
96,B84013,Memantine HCl_Tab 20mg,0411000G0AAADAD,8,0.03919999999999996
97,B84013,Paracet_Tab 500mg,0407010H0AAAMAM,14,0.057199999999999654
98,B84013,Pregabalin_Cap 25mg,0408010AEAAAAAA,17,0.046199999999999186
99,B84013,Pregabalin_Cap 50mg,0408010AEAAABAB,8,0.039200000000000346
100,B84014,Atorvastatin_Tab 10mg,0212000B0AAAAAA,4,0.008400000000000046
101,B84014,Atorvastatin_Tab 20mg,0212000B0AAABAB,14,45.080000000000005
102,B84014,Lansoprazole_Cap 30mg (E/C Gran),0103050L0AAAAAA,4,0.018400000000000333
103,B84014,Paracet_Tab 500mg,0407010H0AAAMAM,208,32.60800000000001
104,B84014,Pregabalin_Cap 50mg,0408010AEAAABAB,3,0.01680000000000048
105,B84016,Atorvastatin_Tab 10mg,0212000B0AAAAAA,16,0.033600000000000185
106,B84016,Bisoprolol Fumar_Tab 5mg,0204000H0AAAAAA,91,14.078399999999997
107,B84016,Hydrocort_Tab 10mg,0603020J0AAADAD,1,-0.011199999999998766
108,B84016,Lansoprazole_Cap 30mg (E/C Gran),0103050L0AAAAAA,108,0.3326000000000039
109,B84016,Memantine HCl_Tab 20mg,0411000G0AAADAD,4,0.01959999999999998
110,B84016,Paracet_Tab 500mg,0407010H0AAAMAM,606,-125.99599999999995
111,B84016,Pregabalin_Cap 25mg,0408010AEAAAAAA,6,112.76719999999999
112,B84016,Pregabalin_Cap 50mg,0408010AEAAABAB,20,0.08819999999999922
113,B84017,Lansoprazole_Cap 30mg (E/C Gran),0103050L0AAAAAA,1,0.0028000000000000316
114,B84019,Atorvastatin_Tab 10mg,0212000B0AAAAAA,11,0.02730000000000015
115,B84019,Bisoprolol Fumar_Tab 5mg,0204000H0AAAAAA,66,13.008799999999999
116,B84019,Lansoprazole_Cap 30mg (E/C Gran),0103050L0AAAAAA,17,0.05220000000000062
117,B84019,Memantine HCl_Tab 20mg,0411000G0AAADAD,8,0.03919999999999996
118,B84019,Paracet_Tab 500mg,0407010H0AAAMAM,380,38.86800000000002
119,B84019,Pregabalin_Cap 200mg,0408010AEAAAFAF,1,-0.00280000000000008
120,B84019,Pregabalin_Cap 50mg,0408010AEAAABAB,15,0.06720000000000192
121,B84021,Atorvastatin_Tab 10mg,0212000B0AAAAAA,16,0.033600000000000185
122,B84021,Atorvastatin_Tab 20mg,0212000B0AAABAB,1,0.00440000000000005
123,B84021,Bisoprolol Fumar_Tab 5mg,0204000H0AAAAAA,104,10.469199999999995
124,B84021,Lansoprazole_Cap 30mg (E/C Gran),0103050L0AAAAAA,168,0.6104000000000069
125,B84021,Memantine HCl_Tab 20mg,0411000G0AAADAD,11,0.05389999999999994
126,B84021,Paracet_Tab 500mg,0407010H0AAAMAM,642,70.32039999999996
127,B84021,Pregabalin_Cap 25mg,0408010AEAAAAAA,12,0.04199999999999926
128,B84021,Pregabalin_Cap 50mg,0408010AEAAABAB,11,0.019599999999999784
129,B84610,Atorvastatin_Tab 10mg,0212000B0AAAAAA,17,0.0357000000000002
130,B84610,Atorvastatin_Tab 20mg,0212000B0AAABAB,87,22.654800000000005
131,B84610,Bisoprolol Fumar_Tab 5mg,0204000H0AAAAAA,4,-0.01120000000000003
132,B84610,Lansoprazole_Cap 30mg (E/C Gran),0103050L0AAAAAA,119,-0.030799999999990446
133,B84610,Paracet_Tab 500mg,0407010H0AAAMAM,90,0.7439999999999956
134,B84610,Pregabalin_Cap 200mg,0408010AEAAAFAF,5,0.014999999999999541
135,B84610,Pregabalin_Cap 25mg,0408010AEAAAAAA,2,0.004199999999999926
136,B84610,Pregabalin_Cap 50mg,0408010AEAAABAB,5,-0.0005000000000001115
137,B84612,Atorvastatin_Tab 10mg,0212000B0AAAAAA,4,0.008400000000000046
138,B84612,Atorvastatin_Tab 20mg,0212000B0AAABAB,161,22.54000000000002
139,B84612,Bisoprolol Fumar_Tab 5mg,0204000H0AAAAAA,91,13.210399999999996
140,B84612,Lansoprazole_Cap 30mg (E/C Gran),0103050L0AAAAAA,302,20.526800000000033
141,B84612,Paracet_Tab 500mg,0407010H0AAAMAM,118,74.61919999999998
142,B84612,Pregabalin_Cap 25mg,0408010AEAAAAAA,5,112.81200000000001
143,B84612,Pregabalin_Cap 50mg,0408010AEAAABAB,2,0.01120000000000032
144,B84613,Atorvastatin_Tab 10mg,0212000B0AAAAAA,30,11.6207
145,B84613,Atorvastatin_Tab 20mg,0212000B0AAABAB,119,0.33320000000000954
146,B84613,Bisoprolol Fumar_Tab 5mg,0204000H0AAAAAA,70,6.599599999999999
147,B84613,Lansoprazole_Cap 30mg (E/C Gran),0103050L0AAAAAA,35,0.11200000000000127
148,B84613,Memantine HCl_Tab 20mg,0411000G0AAADAD,6,0.029399999999999968
149,B84613,Paracet_Tab 500mg,0407010H0AAAMAM,506,7.607200000000049
150,B84613,Pregabalin_Cap 200mg,0408010AEAAAFAF,2,-0.00560000000000016
151,B84613,Pregabalin_Cap 25mg,0408010AEAAAAAA,4,0.008399999999999852
152,B84613,Pregabalin_Cap 50mg,0408010AEAAABAB,13,57.108799999999995
153,B84615,Bisoprolol Fumar_Tab 5mg,0204000H0AAAAAA,8,2.9568000000000008
154,B84615,Lansoprazole_Cap 30mg (E/C Gran),0103050L0AAAAAA,92,12.86880000000001
155,B84615,Paracet_Tab 500mg,0407010H0AAAMAM,102,4.832800000000007
156,B84615,Pregabalin_Cap 50mg,0408010AEAAABAB,1,0.00560000000000016
157,B84618,Atorvastatin_Tab 10mg,0212000B0AAAAAA,18,0.03990000000000022
158,B84618,Atorvastatin_Tab 20mg,0212000B0AAABAB,133,22.803200000000004
159,B84618,Bisoprolol Fumar_Tab 5mg,0204000H0AAAAAA,95,3.628799999999997
160,B84618,Lansoprazole_Cap 30mg (E/C Gran),0103050L0AAAAAA,526,3.8367000000000298
161,B84618,Memantine HCl_Tab 20mg,0411000G0AAADAD,6,63.92330000000001
162,B84618,Paracet_Tab 500mg,0407010H0AAAMAM,458,204.47120000000004
163,B84618,Pregabalin_Cap 200mg,0408010AEAAAFAF,17,149.40939999999998
164,B84618,Pregabalin_Cap 25mg,0408010AEAAAAAA,21,0.046199999999998215
165,B84618,Pregabalin_Cap 50mg,0408010AEAAABAB,14,0.06580000000000014
166,B84623,Bisoprolol Fumar_Tab 5mg,0204000H0AAAAAA,28,3.6959999999999997
167,B84623,Lansoprazole_Cap 30mg (E/C Gran),0103050L0AAAAAA,15,0.0532000000000006
168,B84623,Paracet_Tab 500mg,0407010H0AAAMAM,130,-6.311999999999992
169,B84623,Pregabalin_Cap 50mg,0408010AEAAABAB,2,0.01120000000000032
170,Y02572,Atorvastatin_Tab 10mg,0212000B0AAAAAA,40,58.167200000000015
171,Y02572,Atorvastatin_Tab 20mg,0212000B0AAABAB,79,22.5624
172,Y02572,Bisoprolol Fumar_Tab 5mg,0204000H0AAAAAA,1,-0.0028000000000000073
173,Y02572,Lansoprazole_Cap 30mg (E/C Gran),0103050L0AAAAAA,26,0.07560000000000085
174,Y02572,Paracet_Tab 500mg,0407010H0AAAMAM,68,44.88000000000001
175,Y02572,Pregabalin_Cap 50mg,0408010AEAAABAB,6,0.03360000000000096
176,Y03112,Atorvastatin_Tab 10mg,0212000B0AAAAAA,17,23.268000000000008
177,Y03112,Bisoprolol Fumar_Tab 5mg,0204000H0AAAAAA,24,2.1783999999999986
178,Y03112,Lansoprazole_Cap 30mg (E/C Gran),0103050L0AAAAAA,41,0.14560000000000164
179,Y03112,Paracet_Tab 500mg,0407010H0AAAMAM,46,22.798399999999987
180,Y03112,Pregabalin_Cap 50mg,0408010AEAAABAB,2,0.01120000000000032
181,Y03418,Lansoprazole_Cap 30mg (E/C Gran),0103050L0AAAAAA,1,0.005600000000000063
