,practice_code,bnf_description,bnf_code,items,excess_cost
0,G81023,Amiodarone HCl_Tab 200mg,0203020D0AAABAB,9,2.0888000000000018
1,G81023,Clonazepam_Tab 500mcg,0408010F0AAABAB,16,7.593599999999984
2,G81023,Levetiracetam_Tab 500mg,0408010A0AAABAB,5,-0.016799999999999704
3,G81023,Losartan Pot_Tab 25mg,0205052N0AAAAAA,4,0.008400000000000046
4,G81023,Perindopril Erbumine_Tab 8mg,0205051M0AAAFAF,33,-0.008400000000034824
5,G81023,Quetiapine_Tab 200mg,0402010ABAAADAD,2,-0.006999999999999229
6,G81023,Sumatriptan_Tab 50mg,0407041T0AAAFAF,12,0.0
7,G81025,Amiodarone HCl_Tab 200mg,0203020D0AAABAB,11,4.200000000000004
8,G81025,Clonazepam_Tab 500mcg,0408010F0AAABAB,25,11.322599999999976
9,G81025,Lamotrigine_Tab 200mg,0408010H0AAA1A1,3,0.0
10,G81025,Levetiracetam_Tab 500mg,0408010A0AAABAB,3,-0.01679999999999815
11,G81025,Perindopril Erbumine_Tab 8mg,0205051M0AAAFAF,13,-0.0028000000000136804
12,G81025,Quetiapine_Tab 200mg,0402010ABAAADAD,7,-0.008399999999999075
13,G81025,Sumatriptan_Tab 50mg,0407041T0AAAFAF,13,0.0
14,G81026,Amiodarone HCl_Tab 200mg,0203020D0AAABAB,10,4.208400000000004
15,G81026,Clonazepam_Tab 500mcg,0408010F0AAABAB,43,24.475799999999946
16,G81026,Hydrocort_Tab 10mg,0603020J0AAADAD,1,0.004499999999999504
17,G81026,Lamotrigine_Tab 200mg,0408010H0AAA1A1,3,0.0
18,G81026,Levetiracetam_Tab 500mg,0408010A0AAABAB,5,0.014000000000002344
19,G81026,Perindopril Erbumine_Tab 8mg,0205051M0AAAFAF,45,0.10079999999996092
20,G81026,Quetiapine_Tab 200mg,0402010ABAAADAD,12,-0.018199999999997996
21,G81026,Sumatriptan_Tab 50mg,0407041T0AAAFAF,21,0.0
22,G81031,Amiodarone HCl_Tab 200mg,0203020D0AAABAB,6,2.100000000000002
23,G81031,Clonazepam_Tab 500mcg,0408010F0AAABAB,23,9.57839999999998
24,G81031,Lamotrigine_Tab 200mg,0408010H0AAA1A1,3,0.0
25,G81031,Levetiracetam_Tab 500mg,0408010A0AAABAB,1,0.0028000000000004688
26,G81031,Losartan Pot_Tab 25mg,0205052N0AAAAAA,4,-0.012799999999999923
27,G81031,Perindopril Erbumine_Tab 8mg,0205051M0AAAFAF,11,-0.022400000000013076
28,G81031,Quetiapine_Tab 200mg,0402010ABAAADAD,13,-0.02169999999999761
29,G81031,Sumatriptan_Tab 50mg,0407041T0AAAFAF,16,0.0
30,G81039,Amiodarone HCl_Tab 200mg,0203020D0AAABAB,11,4.729200000000004
31,G81039,Clonazepam_Tab 500mcg,0408010F0AAABAB,25,13.498699999999973
32,G81039,Hydrocort_Tab 10mg,0603020J0AAADAD,1,-0.013999999999998458
33,G81039,Lamotrigine_Tab 200mg,0408010H0AAA1A1,5,0.0
34,G81039,Levetiracetam_Tab 500mg,0408010A0AAABAB,3,-0.01679999999999815
35,G81039,Losartan Pot_Tab 25mg,0205052N0AAAAAA,2,-0.006899999999999934
36,G81039,Perindopril Erbumine_Tab 8mg,0205051M0AAAFAF,74,0.24499999999994193
37,G81039,Quetiapine_Tab 200mg,0402010ABAAADAD,20,-0.01779999999999754
38,G81039,Sumatriptan_Tab 50mg,0407041T0AAAFAF,30,-0.001800000000000468
39,G81041,Amiodarone HCl_Tab 200mg,0203020D0AAABAB,13,5.600000000000005
40,G81041,Clonazepam_Tab 500mcg,0408010F0AAABAB,35,19.57029999999996
41,G81041,Hydrocort_Tab 10mg,0603020J0AAADAD,1,-0.011199999999998766
42,G81041,Lamotrigine_Tab 200mg,0408010H0AAA1A1,5,0.0
43,G81041,Levetiracetam_Tab 500mg,0408010A0AAABAB,4,-0.022399999999997533
44,G81041,Losartan Pot_Tab 25mg,0205052N0AAAAAA,1,0.004200000000000023
45,G81041,Mesalazine_Tab E/C 800mg,0105010B0AAASAS,1,22.959999999999994
46,G81041,Perindopril Erbumine_Tab 8mg,0205051M0AAAFAF,80,0.23659999999993975
47,G81041,Quetiapine_Tab 200mg,0402010ABAAADAD,5,-0.005599999999999383
48,G81041,Sumatriptan_Tab 50mg,0407041T0AAAFAF,27,0.0
49,G81048,Amiodarone HCl_Tab 200mg,0203020D0AAABAB,6,1.5694000000000012
50,G81048,Clonazepam_Tab 500mcg,0408010F0AAABAB,25,10.094699999999978
51,G81048,Lamotrigine_Tab 200mg,0408010H0AAA1A1,12,0.022399999999997533
52,G81048,Levetiracetam_Tab 500mg,0408010A0AAABAB,5,0.005600000000002492
53,G81048,Losartan Pot_Tab 25mg,0205052N0AAAAAA,12,0.02520000000000014
54,G81048,Perindopril Erbumine_Tab 8mg,0205051M0AAAFAF,8,-0.005600000000008709
55,G81048,Quetiapine_Tab 200mg,0402010ABAAADAD,13,-0.026199999999997448
56,G81048,Sumatriptan_Tab 50mg,0407041T0AAAFAF,32,0.0
57,G81051,Amiodarone HCl_Tab 200mg,0203020D0AAABAB,5,1.7500000000000016
58,G81051,Clonazepam_Tab 500mcg,0408010F0AAABAB,15,12.667299999999974
59,G81051,Lamotrigine_Tab 200mg,0408010H0AAA1A1,4,45.5896
60,G81051,Levetiracetam_Tab 500mg,0408010A0AAABAB,4,-0.013999999999999624
61,G81051,Losartan Pot_Tab 25mg,0205052N0AAAAAA,39,26.7288
62,G81051,Perindopril Erbumine_Tab 8mg,0205051M0AAAFAF,296,89.84219999999972
63,G81051,Quetiapine_Tab 200mg,0402010ABAAADAD,1,-0.0006999999999999229
64,G81051,Sumatriptan_Tab 50mg,0407041T0AAAFAF,14,-0.0032000000000000917
65,G81052,Amiodarone HCl_Tab 200mg,0203020D0AAABAB,6,2.100000000000002
66,G81052,Clonazepam_Tab 500mcg,0408010F0AAABAB,6,3.5255999999999927
67,G81052,Perindopril Erbumine_Tab 8mg,0205051M0AAAFAF,3,-0.008400000000003738
68,G81052,Sumatriptan_Tab 50mg,0407041T0AAAFAF,6,0.0
69,G81057,Amiodarone HCl_Tab 200mg,0203020D0AAABAB,5,1.7500000000000016
70,G81057,Clonazepam_Tab 500mcg,0408010F0AAABAB,12,5.101199999999988
71,G81057,Hydrocort_Tab 10mg,0603020J0AAADAD,3,111.54599999999999
72,G81057,Lamotrigine_Tab 200mg,0408010H0AAA1A1,1,0.0
73,G81057,Levetiracetam_Tab 500mg,0408010A0AAABAB,4,90.68639999999999
74,G81057,Losartan Pot_Tab 25mg,0205052N0AAAAAA,15,15.468600000000002
75,G81057,Perindopril Erbumine_Tab 8mg,0205051M0AAAFAF,91,-19.883000000000102
76,G81057,Quetiapine_Tab 200mg,0402010ABAAADAD,8,327.522
77,G81057,Sumatriptan_Tab 50mg,0407041T0AAAFAF,8,82.50119999999998
78,G81074,Amiodarone HCl_Tab 200mg,0203020D0AAABAB,15,5.250000000000004
79,G81074,Clonazepam_Tab 500mcg,0408010F0AAABAB,60,28.860199999999942
80,G81074,Lamotrigine_Tab 200mg,0408010H0AAA1A1,7,0.0
81,G81074,Levetiracetam_Tab 500mg,0408010A0AAABAB,7,-0.02799999999999847
82,G81074,Perindopril Erbumine_Tab 8mg,0205051M0AAAFAF,27,0.008399999999972652
83,G81074,Quetiapine_Tab 200mg,0402010ABAAADAD,18,-0.0335999999999963
84,G81074,Sumatriptan_Tab 50mg,0407041T0AAAFAF,25,0.0
85,G81077,Amiodarone HCl_Tab 200mg,0203020D0AAABAB,11,3.488800000000003
86,G81077,Clonazepam_Tab 500mcg,0408010F0AAABAB,20,17.017799999999962
87,G81077,Lamotrigine_Tab 200mg,0408010H0AAA1A1,5,0.011199999999998766
88,G81077,Levetiracetam_Tab 500mg,0408010A0AAABAB,2,0.0004000000000007886
89,G81077,Mesalazine_Tab E/C 800mg,0105010B0AAASAS,2,61.499999999999986
90,G81077,Perindopril Erbumine_Tab 8mg,0205051M0AAAFAF,10,-0.002800000000010572
91,G81077,Quetiapine_Tab 200mg,0402010ABAAADAD,3,-0.008399999999999075
92,G81077,Sumatriptan_Tab 50mg,0407041T0AAAFAF,9,0.0
93,G81082,Amiodarone HCl_Tab 200mg,0203020D0AAABAB,4,1.7500000000000016
94,G81082,Clonazepam_Tab 500mcg,0408010F0AAABAB,15,13.559999999999974
95,G81082,Lamotrigine_Tab 200mg,0408010H0AAA1A1,4,0.0
96,G81082,Levetiracetam_Tab 500mg,0408010A0AAABAB,4,0.006800000000004247
97,G81082,Perindopril Erbumine_Tab 8mg,0205051M0AAAFAF,1,-0.002800000000001246
98,G81082,Quetiapine_Tab 200mg,0402010ABAAADAD,1,-0.0027999999999996916
99,G81082,Sumatriptan_Tab 50mg,0407041T0AAAFAF,20,0.0
100,G81084,Amiodarone HCl_Tab 200mg,0203020D0AAABAB,15,5.079200000000004
101,G81084,Clonazepam_Tab 500mcg,0408010F0AAABAB,13,7.299799999999985
102,G81084,Lamotrigine_Tab 200mg,0408010H0AAA1A1,4,0.0
103,G81084,Levetiracetam_Tab 500mg,0408010A0AAABAB,2,-0.011199999999998766
104,G81084,Perindopril Erbumine_Tab 8mg,0205051M0AAAFAF,52,-0.12880000000006353
105,G81084,Quetiapine_Tab 200mg,0402010ABAAADAD,11,-0.027999999999996916
106,G81084,Sumatriptan_Tab 50mg,0407041T0AAAFAF,27,0.0
107,G81085,Amiodarone HCl_Tab 200mg,0203020D0AAABAB,6,2.100000000000002
108,G81085,Clonazepam_Tab 500mcg,0408010F0AAABAB,4,2.151999999999995
109,G81085,Levetiracetam_Tab 500mg,0408010A0AAABAB,1,-0.005599999999999383
110,G81085,Perindopril Erbumine_Tab 8mg,0205051M0AAAFAF,3,-0.00840000000000024
111,G81085,Quetiapine_Tab 200mg,0402010ABAAADAD,32,0.04160000000000075
112,G81085,Sumatriptan_Tab 50mg,0407041T0AAAFAF,7,0.0
113,G81087,Amiodarone HCl_Tab 200mg,0203020D0AAABAB,11,3.850000000000003
114,G81087,Clonazepam_Tab 500mcg,0408010F0AAABAB,11,3.344799999999993
115,G81087,Hydrocort_Tab 10mg,0603020J0AAADAD,2,0.008999999999999009
116,G81087,Lamotrigine_Tab 200mg,0408010H0AAA1A1,2,14.252
117,G81087,Levetiracetam_Tab 500mg,0408010A0AAABAB,2,0.0004000000000007886
118,G81087,Losartan Pot_Tab 25mg,0205052N0AAAAAA,24,278.90520000000004
119,G81087,Perindopril Erbumine_Tab 8mg,0205051M0AAAFAF,1,-0.002800000000001246
120,G81087,Sumatriptan_Tab 50mg,0407041T0AAAFAF,17,0.0
121,G81089,Clonazepam_Tab 500mcg,0408010F0AAABAB,9,3.1639999999999935
122,G81089,Perindopril Erbumine_Tab 8mg,0205051M0AAAFAF,9,-0.008400000000009955
123,G81089,Quetiapine_Tab 200mg,0402010ABAAADAD,1,-0.0027999999999996916
124,G81089,Sumatriptan_Tab 50mg,0407041T0AAAFAF,3,0.0
125,G81095,Amiodarone HCl_Tab 200mg,0203020D0AAABAB,14,4.888800000000004
126,G81095,Clonazepam_Tab 500mcg,0408010F0AAABAB,19,12.728799999999973
127,G81095,Lamotrigine_Tab 200mg,0408010H0AAA1A1,5,0.0
128,G81095,Levetiracetam_Tab 500mg,0408010A0AAABAB,4,-0.01120000000000032
129,G81095,Losartan Pot_Tab 25mg,0205052N0AAAAAA,8,0.016800000000000093
130,G81095,Perindopril Erbumine_Tab 8mg,0205051M0AAAFAF,19,-0.04480000000000439
131,G81095,Quetiapine_Tab 200mg,0402010ABAAADAD,3,-0.008399999999999075
132,G81095,Sumatriptan_Tab 50mg,0407041T0AAAFAF,12,0.0
133,G81096,Amiodarone HCl_Tab 200mg,0203020D0AAABAB,2,1.4000000000000012
134,G81096,Clonazepam_Tab 500mcg,0408010F0AAABAB,5,4.429599999999991
135,G81096,Lamotrigine_Tab 200mg,0408010H0AAA1A1,1,0.0
136,G81096,Levetiracetam_Tab 500mg,0408010A0AAABAB,1,-0.005599999999999383
137,G81096,Perindopril Erbumine_Tab 8mg,0205051M0AAAFAF,15,-0.0336000000000134
138,G81096,Quetiapine_Tab 200mg,0402010ABAAADAD,3,-0.008399999999999075
139,G81096,Sumatriptan_Tab 50mg,0407041T0AAAFAF,9,0.0
140,G81105,Amiodarone HCl_Tab 200mg,0203020D0AAABAB,5,2.100000000000002
141,G81105,Clonazepam_Tab 500mcg,0408010F0AAABAB,24,18.23819999999996
142,G81105,Lamotrigine_Tab 200mg,0408010H0AAA1A1,2,0.0
143,G81105,Perindopril Erbumine_Tab 8mg,0205051M0AAAFAF,5,0.019599999999996287
144,G81105,Quetiapine_Tab 200mg,0402010ABAAADAD,9,-0.006299999999999306
145,G81105,Sumatriptan_Tab 50mg,0407041T0AAAFAF,15,0.0
146,G81641,Clonazepam_Tab 500mcg,0408010F0AAABAB,10,2.2373999999999956
147,G81641,Levetiracetam_Tab 500mg,0408010A0AAABAB,2,-0.011199999999998766
148,G81641,Perindopril Erbumine_Tab 8mg,0205051M0AAAFAF,7,-0.011200000000002264
149,G81641,Quetiapine_Tab 200mg,0402010ABAAADAD,7,-0.005599999999999383
150,G81658,Amiodarone HCl_Tab 200mg,0203020D0AAABAB,9,3.500000000000003
151,G81658,Clonazepam_Tab 500mcg,0408010F0AAABAB,45,15.518899999999968
152,G81658,Hydrocort_Tab 10mg,0603020J0AAADAD,1,-0.011199999999998766
153,G81658,Lamotrigine_Tab 200mg,0408010H0AAA1A1,11,0.0
154,G81658,Levetiracetam_Tab 500mg,0408010A0AAABAB,3,-0.01679999999999815
155,G81658,Losartan Pot_Tab 25mg,0205052N0AAAAAA,7,0.014700000000000081
156,G81658,Perindopril Erbumine_Tab 8mg,0205051M0AAAFAF,7,-0.002800000000007463
157,G81658,Quetiapine_Tab 200mg,0402010ABAAADAD,34,-0.058799999999993524
158,G81658,Sumatriptan_Tab 50mg,0407041T0AAAFAF,20,0.0
159,Y03051,Clonazepam_Tab 500mcg,0408010F0AAABAB,10,4.50869999999999
160,Y03051,Lamotrigine_Tab 200mg,0408010H0AAA1A1,1,0.0
161,Y03051,Perindopril Erbumine_Tab 8mg,0205051M0AAAFAF,7,0.004199999999997983
162,Y03051,Quetiapine_Tab 200mg,0402010ABAAADAD,7,-0.009099999999998998
163,Y03051,Sumatriptan_Tab 50mg,0407041T0AAAFAF,6,0.0
