,practice_code,bnf_description,bnf_code,items,excess_cost
0,H82012,Atorvastatin_Tab 10mg,0212000B0AAAAAA,187,69.5156
1,H82012,Atorvastatin_Tab 20mg,0212000B0AAABAB,215,90.3
2,H82012,Atorvastatin_Tab 40mg,0212000B0AAACAC,17,44.5536
3,H82012,Escitalopram_Tab 20mg,0403030X0AAABAB,9,44.7552
4,H82012,Paracet_Tab 500mg,0407010H0AAAMAM,70,20.332799999999995
5,H82012,Prednisolone_Tab Solb 5mg,0603020T0AABHBH,2,-0.0011999999999998678
6,H82012,Pregabalin_Cap 150mg,0408010AEAAAEAE,2,0.00980000000000028
7,H82012,Quetiapine_Tab 25mg,0402010ABAAABAB,1,0.00840000000000024
8,H82025,Atorvastatin_Tab 10mg,0212000B0AAAAAA,223,11.142599999999998
9,H82025,Atorvastatin_Tab 20mg,0212000B0AAABAB,2,-0.0059999999999997555
10,H82025,Atorvastatin_Tab 40mg,0212000B0AAACAC,185,22.27399999999999
11,H82025,Paracet_Tab 500mg,0407010H0AAAMAM,282,33.83800000000005
12,H82025,Prednisolone_Tab Solb 5mg,0603020T0AABHBH,5,-0.011099999999998778
13,H82025,Pregabalin_Cap 150mg,0408010AEAAAEAE,1,0.00560000000000016
14,H82025,Quetiapine_Tab 25mg,0402010ABAAABAB,1,0.00840000000000024
15,H82026,Atorvastatin_Tab 10mg,0212000B0AAAAAA,89,23.272900000000003
16,H82026,Paracet_Tab 500mg,0407010H0AAAMAM,244,22.085200000000007
17,H82026,Prednisolone_Tab Solb 5mg,0603020T0AABHBH,2,117.4958
18,H82026,Pregabalin_Cap 150mg,0408010AEAAAEAE,45,0.10680000000000243
19,H82026,Quetiapine_Tab 25mg,0402010ABAAABAB,5,0.008799999999999641
20,H82033,Atorvastatin_Tab 10mg,0212000B0AAAAAA,28,0.058800000000000324
21,H82033,Atorvastatin_Tab 20mg,0212000B0AAABAB,119,202.82080000000002
22,H82033,Atorvastatin_Tab 40mg,0212000B0AAACAC,45,44.604
23,H82033,Paracet_Tab 500mg,0407010H0AAAMAM,156,10.451999999999998
24,H82033,Prednisolone_Tab Solb 5mg,0603020T0AABHBH,5,25.182799999999993
25,H82033,Pregabalin_Cap 150mg,0408010AEAAAEAE,9,113.1354
26,H82033,Quetiapine_Tab 25mg,0402010ABAAABAB,18,91.8274
27,H82047,Atorvastatin_Tab 10mg,0212000B0AAAAAA,21,0.04410000000000024
28,H82047,Atorvastatin_Tab 20mg,0212000B0AAABAB,257,22.93460000000001
29,H82047,Paracet_Tab 500mg,0407010H0AAAMAM,342,19.693600000000018
30,H82047,Prednisolone_Tab Solb 5mg,0603020T0AABHBH,2,-0.008199999999999097
31,H82047,Pregabalin_Cap 150mg,0408010AEAAAEAE,6,0.01680000000000048
32,H82047,Quetiapine_Tab 25mg,0402010ABAAABAB,4,-0.00560000000000016
33,H82050,Paracet_Tab 500mg,0407010H0AAAMAM,6,0.023999999999999855
34,H82050,Pregabalin_Cap 150mg,0408010AEAAAEAE,4,0.02240000000000064
35,H82050,Quetiapine_Tab 25mg,0402010ABAAABAB,6,-0.01680000000000048
36,H82052,Paracet_Tab 500mg,0407010H0AAAMAM,12,-0.0671999999999996
37,H82052,Prednisolone_Tab Solb 5mg,0603020T0AABHBH,3,-0.004299999999999526
38,H82052,Pregabalin_Cap 150mg,0408010AEAAAEAE,5,0.01120000000000032
39,H82052,Quetiapine_Tab 25mg,0402010ABAAABAB,6,0.008399999999999075
40,H82053,Atorvastatin_Tab 40mg,0212000B0AAACAC,2,0.00360000000000002
41,H82053,Paracet_Tab 500mg,0407010H0AAAMAM,18,-1.0399999999999991
42,H82053,Prednisolone_Tab Solb 5mg,0603020T0AABHBH,2,-0.008399999999999075
43,H82064,Atorvastatin_Tab 10mg,0212000B0AAAAAA,109,11.581500000000002
44,H82064,Paracet_Tab 500mg,0407010H0AAAMAM,16,0.05079999999999969
45,H82064,Prednisolone_Tab Solb 5mg,0603020T0AABHBH,1,-0.0039999999999995595
46,H82064,Pregabalin_Cap 150mg,0408010AEAAAEAE,7,0.028000000000000802
47,H82064,Quetiapine_Tab 25mg,0402010ABAAABAB,30,-0.11760000000000026
48,H82088,Atorvastatin_Tab 10mg,0212000B0AAAAAA,16,0.033600000000000185
49,H82088,Montelukast_Tab 10mg,0303020G0AAABAB,47,24.243900000000004
50,H82088,Paracet_Tab 500mg,0407010H0AAAMAM,20,0.0815999999999995
51,H82088,Prednisolone_Tab Solb 5mg,0603020T0AABHBH,1,-0.004799999999999471
52,H82088,Pregabalin_Cap 150mg,0408010AEAAAEAE,28,0.12880000000000058
53,H82088,Quetiapine_Tab 25mg,0402010ABAAABAB,4,-0.01120000000000032
54,H82098,Atorvastatin_Tab 10mg,0212000B0AAAAAA,60,116.396
55,H82098,Atorvastatin_Tab 20mg,0212000B0AAABAB,61,157.93679999999998
56,H82098,Paracet_Tab 500mg,0407010H0AAAMAM,144,90.97680000000004
57,H82098,Prednisolone_Tab Solb 5mg,0603020T0AABHBH,2,0.005700000000000149
58,H82098,Pregabalin_Cap 150mg,0408010AEAAAEAE,1,0.00280000000000008
59,H82098,Quetiapine_Tab 25mg,0402010ABAAABAB,6,-0.002100000000000518
60,Y00351,Atorvastatin_Tab 10mg,0212000B0AAAAAA,3,0.006300000000000035
61,Y00351,Atorvastatin_Tab 20mg,0212000B0AAABAB,313,271.07360000000006
62,Y00351,Escitalopram_Tab 20mg,0403030X0AAABAB,6,44.7552
63,Y00351,Montelukast_Tab 10mg,0303020G0AAABAB,24,219.3744
64,Y00351,Olanzapine_Tab 10mg,040201060AAACAC,3,144.6984
65,Y00351,Paracet_Tab 500mg,0407010H0AAAMAM,192,2.039199999999989
66,Y00351,Pregabalin_Cap 150mg,0408010AEAAAEAE,4,0.01120000000000032
67,Y00351,Quetiapine_Tab 25mg,0402010ABAAABAB,1,0.00840000000000024
68,Y05928,Prednisolone_Tab Solb 5mg,0603020T0AABHBH,2,0.0016999999999998128
