,practice_code,bnf_description,bnf_code,items,excess_cost
0,E82082,Atorvastatin_Tab 20mg,0212000B0AAABAB,321,1058.7864
1,E82082,Atorvastatin_Tab 20mg,0212000B0AAABAB,56,315.4816
536,E82074,Prednisolone_Tab Solb 5mg,0603020T0AABHBH,1,299.74999999999994
2,E82100,Atorvastatin_Tab 20mg,0212000B0AAABAB,461,203.9464
537,E82018,Prednisolone_Tab Solb 5mg,0603020T0AABHBH,1,201.43199999999996
3,E82123,Atorvastatin_Tab 20mg,0212000B0AAABAB,213,180.11280000000002
4,E82061,Atorvastatin_Tab 20mg,0212000B0AAABAB,278,158.01520000000005
665,E82092,Montelukast_Tab 10mg,0303020G0AAABAB,88,121.96799999999999
5,E82086,Atorvastatin_Tab 20mg,0212000B0AAABAB,363,112.82040000000006
6,E82090,Atorvastatin_Tab 20mg,0212000B0AAABAB,201,112.56000000000002
456,E82100,Atorvastatin_Tab 10mg,0212000B0AAAAAA,126,108.6624
677,E82092,Betahistine HCl_Tab 16mg,0406000B0AAABAB,18,108.5616
457,E82093,Atorvastatin_Tab 10mg,0212000B0AAAAAA,133,103.8996
666,E82005,Montelukast_Tab 10mg,0303020G0AAABAB,134,97.552
667,E82035,Montelukast_Tab 10mg,0303020G0AAABAB,48,97.44000000000001
458,E82005,Atorvastatin_Tab 10mg,0212000B0AAAAAA,271,92.57360000000001
1163,E82100,Atorvastatin_Tab 40mg,0212000B0AAACAC,320,89.60000000000002
710,E82075,Propranolol HCl_Tab 10mg,0204000R0AAAHAH,5,74.92799999999998
538,E82126,Prednisolone_Tab Solb 5mg,0603020T0AABHBH,1,71.94
678,E82100,Betahistine HCl_Tab 16mg,0406000B0AAABAB,12,70.3584
459,E82035,Atorvastatin_Tab 10mg,0212000B0AAAAAA,145,69.832
7,E82074,Atorvastatin_Tab 20mg,0212000B0AAABAB,530,68.2640000000001
8,E82090,Atorvastatin_Tab 20mg,0212000B0AAABAB,2,67.6032
631,E82005,Memantine HCl_Tab 20mg,0411000G0AAADAD,36,63.90720000000001
632,E82040,Memantine HCl_Tab 20mg,0411000G0AAADAD,2,63.9016
633,E82074,Memantine HCl_Tab 20mg,0411000G0AAADAD,3,63.898799999999994
634,E82044,Memantine HCl_Tab 20mg,0411000G0AAADAD,4,63.896
635,E82082,Memantine HCl_Tab 20mg,0411000G0AAADAD,14,63.896
636,E82067,Memantine HCl_Tab 20mg,0411000G0AAADAD,5,63.896
637,E82093,Memantine HCl_Tab 20mg,0411000G0AAADAD,16,63.8848
638,E82099,Memantine HCl_Tab 20mg,0411000G0AAADAD,17,63.879200000000004
1068,E82005,Quetiapine_Tab 25mg,0402010ABAAABAB,1,61.25279999999999
1067,E82061,Quetiapine_Tab 25mg,0402010ABAAABAB,1,61.25279999999999
711,E82018,Propranolol HCl_Tab 10mg,0204000R0AAAHAH,1,58.9344
460,E82074,Atorvastatin_Tab 10mg,0212000B0AAAAAA,255,57.834000000000024
639,E82100,Memantine HCl_Tab 20mg,0411000G0AAADAD,1,56.99960000000001
712,E82005,Propranolol HCl_Tab 10mg,0204000R0AAAHAH,7,49.98
668,E82019,Montelukast_Tab 10mg,0303020G0AAABAB,31,48.781600000000005
669,E82075,Montelukast_Tab 10mg,0303020G0AAABAB,12,48.753600000000006
640,E82005,Memantine HCl_Tab 20mg,0411000G0AAADAD,25,48.037499999999994
461,E82111,Atorvastatin_Tab 10mg,0212000B0AAAAAA,28,46.56960000000001
462,E82082,Atorvastatin_Tab 10mg,0212000B0AAAAAA,123,46.49399999999999
9,E82093,Atorvastatin_Tab 20mg,0212000B0AAABAB,432,45.96480000000006
1069,E82123,Quetiapine_Tab 25mg,0402010ABAAABAB,2,45.948
1070,E82088,Quetiapine_Tab 25mg,0402010ABAAABAB,3,45.939600000000006
10,E82038,Atorvastatin_Tab 20mg,0212000B0AAABAB,138,45.59520000000002
11,E82099,Atorvastatin_Tab 20mg,0212000B0AAABAB,280,45.471999999999994
12,E82075,Atorvastatin_Tab 20mg,0212000B0AAABAB,246,45.46080000000006
13,E82024,Atorvastatin_Tab 20mg,0212000B0AAABAB,266,45.43280000000001
14,E82092,Atorvastatin_Tab 20mg,0212000B0AAABAB,270,45.36000000000004
15,E82008,Atorvastatin_Tab 20mg,0212000B0AAABAB,108,45.36
17,E82641,Atorvastatin_Tab 20mg,0212000B0AAABAB,96,45.15840000000001
16,E82090,Atorvastatin_Tab 20mg,0212000B0AAABAB,48,45.15840000000001
18,E82008,Atorvastatin_Tab 20mg,0212000B0AAABAB,259,44.96240000000003
679,E82133,Betahistine HCl_Tab 16mg,0406000B0AAABAB,8,44.956799999999994
1164,E82005,Atorvastatin_Tab 40mg,0212000B0AAACAC,93,44.788800000000016
1165,E82044,Atorvastatin_Tab 40mg,0212000B0AAACAC,95,44.68799999999999
1166,E82082,Atorvastatin_Tab 40mg,0212000B0AAACAC,261,44.57880000000001
1071,E82111,Quetiapine_Tab 25mg,0402010ABAAABAB,2,32.82
1072,E82100,Quetiapine_Tab 25mg,0402010ABAAABAB,4,30.6432
1073,E82061,Quetiapine_Tab 25mg,0402010ABAAABAB,1,30.620799999999996
46,E82040,Paracet_Tab 500mg,0407010H0AAAMAM,56,30.240000000000013
47,E82040,Paracet_Tab 500mg,0407010H0AAAMAM,56,30.240000000000013
539,E82100,Prednisolone_Tab Solb 5mg,0603020T0AABHBH,1,29.977500000000003
680,E82092,Betahistine HCl_Tab 16mg,0406000B0AAABAB,1,27.1656
714,E82082,Propranolol HCl_Tab 10mg,0204000R0AAAHAH,1,26.748
713,E82057,Propranolol HCl_Tab 10mg,0204000R0AAAHAH,1,26.748
681,E82044,Betahistine HCl_Tab 16mg,0406000B0AAABAB,11,26.7036
48,E82035,Paracet_Tab 500mg,0407010H0AAAMAM,116,25.520000000000007
49,E82035,Paracet_Tab 500mg,0407010H0AAAMAM,116,25.520000000000007
670,E82042,Montelukast_Tab 10mg,0303020G0AAABAB,31,25.345599999999997
715,E82082,Propranolol HCl_Tab 10mg,0204000R0AAAHAH,3,24.998399999999997
671,E82086,Montelukast_Tab 10mg,0303020G0AAABAB,49,24.421600000000005
672,E82061,Montelukast_Tab 10mg,0303020G0AAABAB,28,24.382399999999997
673,E82089,Montelukast_Tab 10mg,0303020G0AAABAB,28,24.382399999999997
19,E82005,Atorvastatin_Tab 20mg,0212000B0AAABAB,788,24.270400000000084
463,E82082,Atorvastatin_Tab 10mg,0212000B0AAAAAA,22,23.2848
464,E82088,Atorvastatin_Tab 10mg,0212000B0AAAAAA,54,23.284799999999997
465,E82041,Atorvastatin_Tab 10mg,0212000B0AAAAAA,7,23.2456
466,E82123,Atorvastatin_Tab 10mg,0212000B0AAAAAA,11,23.223200000000002
467,E82044,Atorvastatin_Tab 10mg,0212000B0AAAAAA,26,23.2232
468,E82006,Atorvastatin_Tab 10mg,0212000B0AAAAAA,165,23.100000000000005
20,E82080,Atorvastatin_Tab 20mg,0212000B0AAABAB,140,22.735999999999997
21,E82130,Atorvastatin_Tab 20mg,0212000B0AAABAB,81,22.680000000000003
22,E82058,Atorvastatin_Tab 20mg,0212000B0AAABAB,172,22.63520000000001
23,E82019,Atorvastatin_Tab 20mg,0212000B0AAABAB,404,22.62400000000002
1167,E82061,Atorvastatin_Tab 40mg,0212000B0AAACAC,192,22.579200000000014
24,E82024,Atorvastatin_Tab 20mg,0212000B0AAABAB,77,22.5302
25,E82111,Atorvastatin_Tab 20mg,0212000B0AAABAB,16,22.5232
26,E82041,Atorvastatin_Tab 20mg,0212000B0AAABAB,146,22.48400000000002
1168,E82024,Atorvastatin_Tab 40mg,0212000B0AAACAC,182,22.422400000000007
1169,E82080,Atorvastatin_Tab 40mg,0212000B0AAACAC,135,22.30200000000001
1170,E82123,Atorvastatin_Tab 40mg,0212000B0AAACAC,153,22.276800000000012
1171,E82007,Atorvastatin_Tab 40mg,0212000B0AAACAC,18,22.239
1172,E82092,Atorvastatin_Tab 40mg,0212000B0AAACAC,316,22.12000000000002
674,E82044,Montelukast_Tab 10mg,0303020G0AAABAB,23,21.7028
51,E82035,Paracet_Tab 500mg,0407010H0AAAMAM,23,20.700000000000003
50,E82035,Paracet_Tab 500mg,0407010H0AAAMAM,23,20.700000000000003
52,E82058,Paracet_Tab 500mg,0407010H0AAAMAM,56,20.159999999999993
53,E82058,Paracet_Tab 500mg,0407010H0AAAMAM,56,20.159999999999993
54,E82093,Paracet_Tab 500mg,0407010H0AAAMAM,27,19.98000000000001
55,E82093,Paracet_Tab 500mg,0407010H0AAAMAM,27,19.98000000000001
540,E82024,Prednisolone_Tab Solb 5mg,0603020T0AABHBH,1,17.985
682,E82006,Betahistine HCl_Tab 16mg,0406000B0AAABAB,16,17.2032
683,E82008,Betahistine HCl_Tab 16mg,0406000B0AAABAB,15,17.009999999999998
716,E82080,Propranolol HCl_Tab 10mg,0204000R0AAAHAH,10,16.687999999999995
717,E82123,Propranolol HCl_Tab 10mg,0204000R0AAAHAH,3,16.665599999999998
1074,E82005,Quetiapine_Tab 25mg,0402010ABAAABAB,6,16.415999999999997
1075,E82008,Quetiapine_Tab 25mg,0402010ABAAABAB,2,16.41
684,E82038,Betahistine HCl_Tab 16mg,0406000B0AAABAB,3,15.976799999999999
718,E82008,Propranolol HCl_Tab 10mg,0204000R0AAAHAH,2,15.635199999999998
1076,E82005,Quetiapine_Tab 25mg,0402010ABAAABAB,2,15.3216
1077,E82641,Quetiapine_Tab 25mg,0402010ABAAABAB,1,15.315999999999999
719,E82044,Propranolol HCl_Tab 10mg,0204000R0AAAHAH,1,14.860000000000001
720,E82088,Propranolol HCl_Tab 10mg,0204000R0AAAHAH,4,12.499199999999998
721,E82044,Propranolol HCl_Tab 10mg,0204000R0AAAHAH,4,12.499199999999998
685,E82100,Betahistine HCl_Tab 16mg,0406000B0AAABAB,1,12.062400000000002
469,E82109,Atorvastatin_Tab 10mg,0212000B0AAAAAA,15,11.676
470,E82067,Atorvastatin_Tab 10mg,0212000B0AAAAAA,104,11.648
471,E82040,Atorvastatin_Tab 10mg,0212000B0AAAAAA,112,11.603200000000006
472,E82102,Atorvastatin_Tab 10mg,0212000B0AAAAAA,94,11.580800000000004
473,E82111,Atorvastatin_Tab 10mg,0212000B0AAAAAA,48,11.558400000000004
56,E82040,Paracet_Tab 500mg,0407010H0AAAMAM,43,11.558399999999997
57,E82040,Paracet_Tab 500mg,0407010H0AAAMAM,43,11.558399999999997
474,E82086,Atorvastatin_Tab 10mg,0212000B0AAAAAA,152,11.491200000000005
475,E82061,Atorvastatin_Tab 10mg,0212000B0AAAAAA,157,11.429599999999992
476,E82123,Atorvastatin_Tab 10mg,0212000B0AAAAAA,102,11.424
58,E82067,Paracet_Tab 500mg,0407010H0AAAMAM,18,11.289600000000002
59,E82067,Paracet_Tab 500mg,0407010H0AAAMAM,18,11.289600000000002
60,E82079,Paracet_Tab 500mg,0407010H0AAAMAM,4,11.2896
61,E82079,Paracet_Tab 500mg,0407010H0AAAMAM,4,11.2896
63,E82035,Paracet_Tab 500mg,0407010H0AAAMAM,28,11.289599999999997
62,E82035,Paracet_Tab 500mg,0407010H0AAAMAM,28,11.289599999999997
64,E82024,Paracet_Tab 500mg,0407010H0AAAMAM,31,11.110400000000006
65,E82024,Paracet_Tab 500mg,0407010H0AAAMAM,31,11.110400000000006
66,E82102,Paracet_Tab 500mg,0407010H0AAAMAM,26,11.065600000000014
67,E82102,Paracet_Tab 500mg,0407010H0AAAMAM,26,11.065600000000014
68,E82080,Paracet_Tab 500mg,0407010H0AAAMAM,41,11.020799999999998
69,E82080,Paracet_Tab 500mg,0407010H0AAAMAM,41,11.020799999999998
71,E82082,Paracet_Tab 500mg,0407010H0AAAMAM,183,10.979999999999997
70,E82082,Paracet_Tab 500mg,0407010H0AAAMAM,183,10.979999999999997
73,E82079,Paracet_Tab 500mg,0407010H0AAAMAM,56,10.640000000000013
72,E82079,Paracet_Tab 500mg,0407010H0AAAMAM,56,10.640000000000013
74,E82093,Paracet_Tab 500mg,0407010H0AAAMAM,130,10.400000000000027
75,E82093,Paracet_Tab 500mg,0407010H0AAAMAM,130,10.400000000000027
77,E82074,Paracet_Tab 500mg,0407010H0AAAMAM,92,10.120000000000003
76,E82074,Paracet_Tab 500mg,0407010H0AAAMAM,92,10.120000000000003
78,E82075,Paracet_Tab 500mg,0407010H0AAAMAM,50,10.000000000000009
79,E82075,Paracet_Tab 500mg,0407010H0AAAMAM,50,10.000000000000009
80,E82111,Paracet_Tab 500mg,0407010H0AAAMAM,20,10.000000000000002
81,E82111,Paracet_Tab 500mg,0407010H0AAAMAM,20,10.000000000000002
82,E82005,Paracet_Tab 500mg,0407010H0AAAMAM,248,9.920000000000027
83,E82005,Paracet_Tab 500mg,0407010H0AAAMAM,248,9.920000000000027
84,E82067,Paracet_Tab 500mg,0407010H0AAAMAM,31,9.920000000000005
85,E82067,Paracet_Tab 500mg,0407010H0AAAMAM,31,9.920000000000005
86,E82024,Paracet_Tab 500mg,0407010H0AAAMAM,33,9.90000000000001
87,E82024,Paracet_Tab 500mg,0407010H0AAAMAM,33,9.90000000000001
88,E82008,Paracet_Tab 500mg,0407010H0AAAMAM,96,9.600000000000009
89,E82008,Paracet_Tab 500mg,0407010H0AAAMAM,96,9.600000000000009
90,E82019,Paracet_Tab 500mg,0407010H0AAAMAM,2,9.072000000000001
91,E82019,Paracet_Tab 500mg,0407010H0AAAMAM,2,9.072000000000001
686,E82061,Betahistine HCl_Tab 16mg,0406000B0AAABAB,7,8.996400000000001
687,E82006,Betahistine HCl_Tab 16mg,0406000B0AAABAB,9,8.5995
92,E82038,Paracet_Tab 500mg,0407010H0AAAMAM,1,8.4672
93,E82038,Paracet_Tab 500mg,0407010H0AAAMAM,1,8.4672
722,E82056,Propranolol HCl_Tab 10mg,0204000R0AAAHAH,3,8.332799999999999
723,E82005,Propranolol HCl_Tab 10mg,0204000R0AAAHAH,15,7.812000000000002
94,E82040,Paracet_Tab 500mg,0407010H0AAAMAM,10,7.500000000000002
95,E82040,Paracet_Tab 500mg,0407010H0AAAMAM,10,7.500000000000002
96,E82040,Paracet_Tab 500mg,0407010H0AAAMAM,183,7.320000000000019
97,E82040,Paracet_Tab 500mg,0407010H0AAAMAM,183,7.320000000000019
688,E82063,Betahistine HCl_Tab 16mg,0406000B0AAABAB,14,6.556199999999998
98,E82089,Paracet_Tab 500mg,0407010H0AAAMAM,1,6.4384
99,E82089,Paracet_Tab 500mg,0407010H0AAAMAM,1,6.4384
100,E82040,Paracet_Tab 500mg,0407010H0AAAMAM,3,6.3504000000000005
101,E82040,Paracet_Tab 500mg,0407010H0AAAMAM,3,6.3504000000000005
102,E82079,Paracet_Tab 500mg,0407010H0AAAMAM,1,6.036
103,E82079,Paracet_Tab 500mg,0407010H0AAAMAM,1,6.036
689,E82061,Betahistine HCl_Tab 16mg,0406000B0AAABAB,1,6.0256
690,E82006,Betahistine HCl_Tab 16mg,0406000B0AAABAB,2,6.025599999999999
691,E82074,Betahistine HCl_Tab 16mg,0406000B0AAABAB,1,5.9248
477,E82100,Atorvastatin_Tab 10mg,0212000B0AAAAAA,1,5.824000000000001
104,E82074,Paracet_Tab 500mg,0407010H0AAAMAM,15,5.712000000000001
105,E82074,Paracet_Tab 500mg,0407010H0AAAMAM,15,5.712000000000001
106,E82019,Paracet_Tab 500mg,0407010H0AAAMAM,6,5.644800000000001
107,E82019,Paracet_Tab 500mg,0407010H0AAAMAM,6,5.644800000000001
1173,E82067,Atorvastatin_Tab 40mg,0212000B0AAACAC,63,5.556600000000003
108,E82086,Paracet_Tab 500mg,0407010H0AAAMAM,35,5.487999999999994
109,E82086,Paracet_Tab 500mg,0407010H0AAAMAM,35,5.487999999999994
111,E82005,Paracet_Tab 500mg,0407010H0AAAMAM,21,5.174400000000001
110,E82005,Paracet_Tab 500mg,0407010H0AAAMAM,21,5.174400000000001
114,E82641,Paracet_Tab 500mg,0407010H0AAAMAM,17,5.099999999999999
112,E82024,Paracet_Tab 500mg,0407010H0AAAMAM,85,5.099999999999999
113,E82641,Paracet_Tab 500mg,0407010H0AAAMAM,17,5.099999999999999
115,E82024,Paracet_Tab 500mg,0407010H0AAAMAM,85,5.099999999999999
116,E82102,Paracet_Tab 500mg,0407010H0AAAMAM,2,5.04
117,E82102,Paracet_Tab 500mg,0407010H0AAAMAM,2,5.04
118,E82090,Paracet_Tab 500mg,0407010H0AAAMAM,100,5.000000000000004
119,E82090,Paracet_Tab 500mg,0407010H0AAAMAM,100,5.000000000000004
120,E82075,Paracet_Tab 500mg,0407010H0AAAMAM,41,4.919999999999999
121,E82075,Paracet_Tab 500mg,0407010H0AAAMAM,41,4.919999999999999
122,E82063,Paracet_Tab 500mg,0407010H0AAAMAM,48,4.800000000000004
123,E82130,Paracet_Tab 500mg,0407010H0AAAMAM,48,4.800000000000004
124,E82063,Paracet_Tab 500mg,0407010H0AAAMAM,48,4.800000000000004
125,E82130,Paracet_Tab 500mg,0407010H0AAAMAM,48,4.800000000000004
126,E82044,Paracet_Tab 500mg,0407010H0AAAMAM,79,4.739999999999998
127,E82044,Paracet_Tab 500mg,0407010H0AAAMAM,79,4.739999999999998
724,E82044,Propranolol HCl_Tab 10mg,0204000R0AAAHAH,3,4.166399999999999
692,E82063,Betahistine HCl_Tab 16mg,0406000B0AAABAB,20,3.696000000000001
693,E82061,Betahistine HCl_Tab 16mg,0406000B0AAABAB,1,3.1740000000000004
694,E82123,Betahistine HCl_Tab 16mg,0406000B0AAABAB,2,3.0184
478,E82093,Atorvastatin_Tab 10mg,0212000B0AAAAAA,17,2.9512000000000005
128,E82056,Paracet_Tab 500mg,0407010H0AAAMAM,72,2.8800000000000074
129,E82056,Paracet_Tab 500mg,0407010H0AAAMAM,72,2.8800000000000074
130,E82092,Paracet_Tab 500mg,0407010H0AAAMAM,13,2.8600000000000008
131,E82092,Paracet_Tab 500mg,0407010H0AAAMAM,13,2.8600000000000008
133,E82040,Paracet_Tab 500mg,0407010H0AAAMAM,116,2.598400000000007
132,E82040,Paracet_Tab 500mg,0407010H0AAAMAM,116,2.598400000000007
134,E82007,Paracet_Tab 500mg,0407010H0AAAMAM,55,1.650000000000009
135,E82007,Paracet_Tab 500mg,0407010H0AAAMAM,55,1.650000000000009
136,E82090,Paracet_Tab 500mg,0407010H0AAAMAM,1,1.6096
137,E82090,Paracet_Tab 500mg,0407010H0AAAMAM,1,1.6096
1174,E82082,Atorvastatin_Tab 40mg,0212000B0AAACAC,42,1.176000000000001
138,E82008,Paracet_Tab 500mg,0407010H0AAAMAM,45,1.0079999999999938
139,E82008,Paracet_Tab 500mg,0407010H0AAAMAM,45,1.0079999999999938
675,E82038,Montelukast_Tab 10mg,0303020G0AAABAB,5,0.9940000000000003
1175,E82074,Atorvastatin_Tab 40mg,0212000B0AAACAC,285,0.7980000000000229
1176,E82088,Atorvastatin_Tab 40mg,0212000B0AAACAC,69,0.5796000000000032
1177,E82099,Atorvastatin_Tab 40mg,0212000B0AAACAC,191,0.5348000000000153
1178,E82104,Atorvastatin_Tab 40mg,0212000B0AAACAC,88,0.492799999999997
1179,E82080,Atorvastatin_Tab 40mg,0212000B0AAACAC,43,0.39130000000000076
140,E82035,Paracet_Tab 500mg,0407010H0AAAMAM,2,0.20999999999999977
141,E82035,Paracet_Tab 500mg,0407010H0AAAMAM,2,0.20999999999999977
479,E82007,Atorvastatin_Tab 10mg,0212000B0AAAAAA,27,0.15119999999999909
480,E82123,Atorvastatin_Tab 10mg,0212000B0AAAAAA,67,0.14070000000000077
481,E82005,Atorvastatin_Tab 10mg,0212000B0AAAAAA,67,0.14070000000000077
482,E82079,Atorvastatin_Tab 10mg,0212000B0AAAAAA,64,0.13440000000000074
142,E82042,Paracet_Tab 500mg,0407010H0AAAMAM,2,0.13439999999999985
143,E82042,Paracet_Tab 500mg,0407010H0AAAMAM,2,0.13439999999999985
483,E82019,Atorvastatin_Tab 10mg,0212000B0AAAAAA,56,0.11760000000000065
484,E82074,Atorvastatin_Tab 10mg,0212000B0AAAAAA,55,0.11550000000000063
641,E82089,Memantine HCl_Tab 20mg,0411000G0AAADAD,19,0.0930999999999999
144,E82074,Paracet_Tab 500mg,0407010H0AAAMAM,22,0.09239999999999944
145,E82074,Paracet_Tab 500mg,0407010H0AAAMAM,22,0.09239999999999944
147,E82079,Paracet_Tab 500mg,0407010H0AAAMAM,16,0.08959999999999946
146,E82079,Paracet_Tab 500mg,0407010H0AAAMAM,16,0.08959999999999946
148,E82090,Paracet_Tab 500mg,0407010H0AAAMAM,21,0.08819999999999947
149,E82090,Paracet_Tab 500mg,0407010H0AAAMAM,21,0.08819999999999947
642,E82086,Memantine HCl_Tab 20mg,0411000G0AAADAD,17,0.0832999999999999
150,E82079,Paracet_Tab 500mg,0407010H0AAAMAM,1,0.07839999999999991
151,E82079,Paracet_Tab 500mg,0407010H0AAAMAM,1,0.07839999999999991
152,E82093,Paracet_Tab 500mg,0407010H0AAAMAM,1,0.07679999999999998
153,E82093,Paracet_Tab 500mg,0407010H0AAAMAM,1,0.07679999999999998
485,E82018,Atorvastatin_Tab 10mg,0212000B0AAAAAA,36,0.07560000000000042
154,E82062,Paracet_Tab 500mg,0407010H0AAAMAM,18,0.07559999999999954
155,E82062,Paracet_Tab 500mg,0407010H0AAAMAM,18,0.07559999999999954
486,E82040,Atorvastatin_Tab 10mg,0212000B0AAAAAA,33,0.06930000000000039
643,E82080,Memantine HCl_Tab 20mg,0411000G0AAADAD,14,0.06859999999999992
488,E82089,Atorvastatin_Tab 10mg,0212000B0AAAAAA,32,0.06720000000000037
487,E82115,Atorvastatin_Tab 10mg,0212000B0AAAAAA,32,0.06720000000000037
489,E82002,Atorvastatin_Tab 10mg,0212000B0AAAAAA,31,0.06510000000000035
157,E82035,Paracet_Tab 500mg,0407010H0AAAMAM,6,0.06000000000000068
156,E82035,Paracet_Tab 500mg,0407010H0AAAMAM,6,0.06000000000000068
645,E82093,Memantine HCl_Tab 20mg,0411000G0AAADAD,12,0.058799999999999936
644,E82035,Memantine HCl_Tab 20mg,0411000G0AAADAD,12,0.058799999999999936
159,E82075,Paracet_Tab 500mg,0407010H0AAAMAM,21,0.058799999999999644
158,E82075,Paracet_Tab 500mg,0407010H0AAAMAM,21,0.058799999999999644
160,E82035,Paracet_Tab 500mg,0407010H0AAAMAM,2,0.05040000000000028
161,E82035,Paracet_Tab 500mg,0407010H0AAAMAM,2,0.05040000000000028
646,Y02639,Memantine HCl_Tab 20mg,0411000G0AAADAD,10,0.048999999999999946
490,E82075,Atorvastatin_Tab 10mg,0212000B0AAAAAA,23,0.048300000000000266
491,E82024,Atorvastatin_Tab 10mg,0212000B0AAAAAA,22,0.046200000000000255
492,E82104,Atorvastatin_Tab 10mg,0212000B0AAAAAA,22,0.046200000000000255
493,E82044,Atorvastatin_Tab 10mg,0212000B0AAAAAA,20,0.04200000000000023
162,E82007,Paracet_Tab 500mg,0407010H0AAAMAM,10,0.041999999999999746
163,E82007,Paracet_Tab 500mg,0407010H0AAAMAM,10,0.041999999999999746
494,E82080,Atorvastatin_Tab 10mg,0212000B0AAAAAA,19,0.03990000000000022
654,E82007,Memantine HCl_Tab 20mg,0411000G0AAADAD,8,0.03919999999999996
650,E82111,Memantine HCl_Tab 20mg,0411000G0AAADAD,8,0.03919999999999996
649,E82044,Memantine HCl_Tab 20mg,0411000G0AAADAD,8,0.03919999999999996
648,E82008,Memantine HCl_Tab 20mg,0411000G0AAADAD,8,0.03919999999999996
651,E82074,Memantine HCl_Tab 20mg,0411000G0AAADAD,8,0.03919999999999996
652,E82081,Memantine HCl_Tab 20mg,0411000G0AAADAD,8,0.03919999999999996
653,E82109,Memantine HCl_Tab 20mg,0411000G0AAADAD,8,0.03919999999999996
647,E82058,Memantine HCl_Tab 20mg,0411000G0AAADAD,8,0.03919999999999996
165,E82074,Paracet_Tab 500mg,0407010H0AAAMAM,14,0.03919999999999976
164,E82074,Paracet_Tab 500mg,0407010H0AAAMAM,14,0.03919999999999976
1079,E82040,Quetiapine_Tab 25mg,0402010ABAAABAB,7,0.0391999999999984
1078,E82008,Quetiapine_Tab 25mg,0402010ABAAABAB,7,0.0391999999999984
167,E82035,Paracet_Tab 500mg,0407010H0AAAMAM,2,0.03840000000000021
166,E82035,Paracet_Tab 500mg,0407010H0AAAMAM,2,0.03840000000000021
497,E82062,Atorvastatin_Tab 10mg,0212000B0AAAAAA,18,0.03780000000000021
496,E82111,Atorvastatin_Tab 10mg,0212000B0AAAAAA,18,0.03780000000000021
495,E82086,Atorvastatin_Tab 10mg,0212000B0AAAAAA,18,0.03780000000000021
168,E82061,Paracet_Tab 500mg,0407010H0AAAMAM,9,0.03779999999999977
169,E82061,Paracet_Tab 500mg,0407010H0AAAMAM,9,0.03779999999999977
170,E82092,Paracet_Tab 500mg,0407010H0AAAMAM,13,0.03639999999999978
171,E82092,Paracet_Tab 500mg,0407010H0AAAMAM,13,0.03639999999999978
498,E82063,Atorvastatin_Tab 10mg,0212000B0AAAAAA,17,0.0357000000000002
1080,E82100,Quetiapine_Tab 25mg,0402010ABAAABAB,8,0.03360000000000096
499,E82092,Atorvastatin_Tab 10mg,0212000B0AAAAAA,16,0.033600000000000185
500,E82035,Atorvastatin_Tab 10mg,0212000B0AAAAAA,16,0.033600000000000185
501,E82042,Atorvastatin_Tab 10mg,0212000B0AAAAAA,16,0.033600000000000185
175,E82075,Paracet_Tab 500mg,0407010H0AAAMAM,8,0.0335999999999998
174,E82075,Paracet_Tab 500mg,0407010H0AAAMAM,8,0.0335999999999998
173,E82018,Paracet_Tab 500mg,0407010H0AAAMAM,8,0.0335999999999998
172,E82018,Paracet_Tab 500mg,0407010H0AAAMAM,8,0.0335999999999998
1081,E82002,Quetiapine_Tab 25mg,0402010ABAAABAB,6,0.03359999999999863
1082,E82102,Quetiapine_Tab 25mg,0402010ABAAABAB,6,0.03359999999999863
502,E82081,Atorvastatin_Tab 10mg,0212000B0AAAAAA,15,0.031500000000000174
176,E82082,Paracet_Tab 500mg,0407010H0AAAMAM,11,0.030799999999999814
177,E82082,Paracet_Tab 500mg,0407010H0AAAMAM,11,0.030799999999999814
178,E82090,Paracet_Tab 500mg,0407010H0AAAMAM,5,0.02999999999999982
179,E82123,Paracet_Tab 500mg,0407010H0AAAMAM,5,0.02999999999999982
180,E82090,Paracet_Tab 500mg,0407010H0AAAMAM,5,0.02999999999999982
181,E82023,Paracet_Tab 500mg,0407010H0AAAMAM,5,0.02999999999999982
182,E82023,Paracet_Tab 500mg,0407010H0AAAMAM,5,0.02999999999999982
183,E82123,Paracet_Tab 500mg,0407010H0AAAMAM,5,0.02999999999999982
184,E82018,Paracet_Tab 500mg,0407010H0AAAMAM,10,0.02799999999999983
185,E82018,Paracet_Tab 500mg,0407010H0AAAMAM,10,0.02799999999999983
1083,E82082,Quetiapine_Tab 25mg,0402010ABAAABAB,5,0.02799999999999886
503,D81047,Atorvastatin_Tab 10mg,0212000B0AAAAAA,13,0.02730000000000015
504,E82067,Atorvastatin_Tab 10mg,0212000B0AAAAAA,13,0.02730000000000015
1084,E82008,Quetiapine_Tab 25mg,0402010ABAAABAB,3,0.025200000000000722
1085,E82019,Quetiapine_Tab 25mg,0402010ABAAABAB,3,0.025200000000000722
505,E82638,Atorvastatin_Tab 10mg,0212000B0AAAAAA,12,0.02520000000000014
191,E82044,Paracet_Tab 500mg,0407010H0AAAMAM,6,0.025199999999999848
190,E82023,Paracet_Tab 500mg,0407010H0AAAMAM,9,0.025199999999999848
186,E82019,Paracet_Tab 500mg,0407010H0AAAMAM,9,0.025199999999999848
187,E82044,Paracet_Tab 500mg,0407010H0AAAMAM,6,0.025199999999999848
188,E82019,Paracet_Tab 500mg,0407010H0AAAMAM,9,0.025199999999999848
189,E82023,Paracet_Tab 500mg,0407010H0AAAMAM,9,0.025199999999999848
193,E82063,Paracet_Tab 500mg,0407010H0AAAMAM,4,0.023999999999999855
192,E82063,Paracet_Tab 500mg,0407010H0AAAMAM,4,0.023999999999999855
197,E82062,Paracet_Tab 500mg,0407010H0AAAMAM,8,0.022399999999999864
196,E82058,Paracet_Tab 500mg,0407010H0AAAMAM,8,0.022399999999999864
195,E82058,Paracet_Tab 500mg,0407010H0AAAMAM,8,0.022399999999999864
194,E82062,Paracet_Tab 500mg,0407010H0AAAMAM,8,0.022399999999999864
1089,E82007,Quetiapine_Tab 25mg,0402010ABAAABAB,4,0.022399999999999087
1088,E82042,Quetiapine_Tab 25mg,0402010ABAAABAB,4,0.022399999999999087
1087,E82115,Quetiapine_Tab 25mg,0402010ABAAABAB,4,0.022399999999999087
1086,E82092,Quetiapine_Tab 25mg,0402010ABAAABAB,4,0.022399999999999087
541,E82075,Prednisolone_Tab Solb 5mg,0603020T0AABHBH,5,0.021000000000001573
655,E82104,Memantine HCl_Tab 20mg,0411000G0AAADAD,4,0.01959999999999998
656,E82079,Memantine HCl_Tab 20mg,0411000G0AAADAD,4,0.01959999999999998
657,E82641,Memantine HCl_Tab 20mg,0411000G0AAADAD,4,0.01959999999999998
658,E82067,Memantine HCl_Tab 20mg,0411000G0AAADAD,4,0.01959999999999998
659,E82062,Memantine HCl_Tab 20mg,0411000G0AAADAD,4,0.01959999999999998
660,E82090,Memantine HCl_Tab 20mg,0411000G0AAADAD,4,0.01959999999999998
199,E82002,Paracet_Tab 500mg,0407010H0AAAMAM,7,0.01959999999999988
198,E82002,Paracet_Tab 500mg,0407010H0AAAMAM,7,0.01959999999999988
506,E82008,Atorvastatin_Tab 10mg,0212000B0AAAAAA,9,0.018900000000000104
208,E82019,Paracet_Tab 500mg,0407010H0AAAMAM,3,0.01799999999999989
211,E82002,Paracet_Tab 500mg,0407010H0AAAMAM,3,0.01799999999999989
210,E82019,Paracet_Tab 500mg,0407010H0AAAMAM,3,0.01799999999999989
209,E82002,Paracet_Tab 500mg,0407010H0AAAMAM,3,0.01799999999999989
207,E82058,Paracet_Tab 500mg,0407010H0AAAMAM,3,0.01799999999999989
206,E82035,Paracet_Tab 500mg,0407010H0AAAMAM,3,0.01799999999999989
205,E82092,Paracet_Tab 500mg,0407010H0AAAMAM,3,0.01799999999999989
204,E82061,Paracet_Tab 500mg,0407010H0AAAMAM,3,0.01799999999999989
203,E82092,Paracet_Tab 500mg,0407010H0AAAMAM,3,0.01799999999999989
202,E82035,Paracet_Tab 500mg,0407010H0AAAMAM,3,0.01799999999999989
201,E82058,Paracet_Tab 500mg,0407010H0AAAMAM,3,0.01799999999999989
200,E82061,Paracet_Tab 500mg,0407010H0AAAMAM,3,0.01799999999999989
27,D81047,Atorvastatin_Tab 20mg,0212000B0AAABAB,4,0.01760000000000006
1090,E82005,Quetiapine_Tab 25mg,0402010ABAAABAB,2,0.01680000000000048
1095,E82099,Quetiapine_Tab 25mg,0402010ABAAABAB,2,0.01680000000000048
1092,E82075,Quetiapine_Tab 25mg,0402010ABAAABAB,2,0.01680000000000048
1093,E82061,Quetiapine_Tab 25mg,0402010ABAAABAB,2,0.01680000000000048
1094,E82063,Quetiapine_Tab 25mg,0402010ABAAABAB,2,0.01680000000000048
1091,E82002,Quetiapine_Tab 25mg,0402010ABAAABAB,2,0.01680000000000048
512,E82100,Atorvastatin_Tab 10mg,0212000B0AAAAAA,8,0.016800000000000093
511,E82061,Atorvastatin_Tab 10mg,0212000B0AAAAAA,8,0.016800000000000093
510,E82038,Atorvastatin_Tab 10mg,0212000B0AAAAAA,8,0.016800000000000093
509,E82133,Atorvastatin_Tab 10mg,0212000B0AAAAAA,8,0.016800000000000093
508,E82007,Atorvastatin_Tab 10mg,0212000B0AAAAAA,8,0.016800000000000093
507,E82002,Atorvastatin_Tab 10mg,0212000B0AAAAAA,4,0.016800000000000093
215,E82041,Paracet_Tab 500mg,0407010H0AAAMAM,6,0.0167999999999999
220,E82081,Paracet_Tab 500mg,0407010H0AAAMAM,4,0.0167999999999999
214,E82123,Paracet_Tab 500mg,0407010H0AAAMAM,4,0.0167999999999999
213,E82115,Paracet_Tab 500mg,0407010H0AAAMAM,4,0.0167999999999999
212,E82038,Paracet_Tab 500mg,0407010H0AAAMAM,4,0.0167999999999999
216,E82080,Paracet_Tab 500mg,0407010H0AAAMAM,4,0.0167999999999999
225,E82123,Paracet_Tab 500mg,0407010H0AAAMAM,4,0.0167999999999999
224,E82115,Paracet_Tab 500mg,0407010H0AAAMAM,4,0.0167999999999999
223,E82038,Paracet_Tab 500mg,0407010H0AAAMAM,4,0.0167999999999999
221,E82081,Paracet_Tab 500mg,0407010H0AAAMAM,4,0.0167999999999999
222,E82041,Paracet_Tab 500mg,0407010H0AAAMAM,6,0.0167999999999999
219,E82080,Paracet_Tab 500mg,0407010H0AAAMAM,4,0.0167999999999999
217,E82063,Paracet_Tab 500mg,0407010H0AAAMAM,4,0.0167999999999999
218,E82063,Paracet_Tab 500mg,0407010H0AAAMAM,4,0.0167999999999999
1096,E82109,Quetiapine_Tab 25mg,0402010ABAAABAB,3,0.016799999999999315
1099,E82074,Quetiapine_Tab 25mg,0402010ABAAABAB,3,0.016799999999999315
1098,E82062,Quetiapine_Tab 25mg,0402010ABAAABAB,3,0.016799999999999315
1097,E82006,Quetiapine_Tab 25mg,0402010ABAAABAB,3,0.016799999999999315
226,E82019,Paracet_Tab 500mg,0407010H0AAAMAM,5,0.01499999999999991
227,E82019,Paracet_Tab 500mg,0407010H0AAAMAM,5,0.01499999999999991
228,E82080,Paracet_Tab 500mg,0407010H0AAAMAM,5,0.01499999999999991
229,E82080,Paracet_Tab 500mg,0407010H0AAAMAM,5,0.01499999999999991
1100,E82008,Quetiapine_Tab 25mg,0402010ABAAABAB,1,0.014000000000000401
1101,E82638,Quetiapine_Tab 25mg,0402010ABAAABAB,1,0.014000000000000401
1102,E82100,Quetiapine_Tab 25mg,0402010ABAAABAB,4,0.014000000000000401
236,E82063,Paracet_Tab 500mg,0407010H0AAAMAM,5,0.013999999999999915
237,E82133,Paracet_Tab 500mg,0407010H0AAAMAM,5,0.013999999999999915
238,E82063,Paracet_Tab 500mg,0407010H0AAAMAM,5,0.013999999999999915
240,E82086,Paracet_Tab 500mg,0407010H0AAAMAM,5,0.013999999999999915
233,E82133,Paracet_Tab 500mg,0407010H0AAAMAM,5,0.013999999999999915
241,E82093,Paracet_Tab 500mg,0407010H0AAAMAM,5,0.013999999999999915
234,E82086,Paracet_Tab 500mg,0407010H0AAAMAM,5,0.013999999999999915
235,E82040,Paracet_Tab 500mg,0407010H0AAAMAM,5,0.013999999999999915
239,E82040,Paracet_Tab 500mg,0407010H0AAAMAM,5,0.013999999999999915
231,E82067,Paracet_Tab 500mg,0407010H0AAAMAM,5,0.013999999999999915
230,E82067,Paracet_Tab 500mg,0407010H0AAAMAM,5,0.013999999999999915
232,E82093,Paracet_Tab 500mg,0407010H0AAAMAM,5,0.013999999999999915
725,E82099,Propranolol HCl_Tab 10mg,0204000R0AAAHAH,1,0.013000000000000372
1103,Y02639,Quetiapine_Tab 25mg,0402010ABAAABAB,3,0.012600000000000361
513,E82040,Atorvastatin_Tab 10mg,0212000B0AAAAAA,3,0.01260000000000007
242,E82620,Paracet_Tab 500mg,0407010H0AAAMAM,3,0.012000000000000031
243,E82620,Paracet_Tab 500mg,0407010H0AAAMAM,3,0.012000000000000031
252,E82654,Paracet_Tab 500mg,0407010H0AAAMAM,2,0.011999999999999927
257,E82082,Paracet_Tab 500mg,0407010H0AAAMAM,2,0.011999999999999927
256,E82082,Paracet_Tab 500mg,0407010H0AAAMAM,2,0.011999999999999927
255,E82006,Paracet_Tab 500mg,0407010H0AAAMAM,2,0.011999999999999927
254,E82040,Paracet_Tab 500mg,0407010H0AAAMAM,2,0.011999999999999927
253,E82008,Paracet_Tab 500mg,0407010H0AAAMAM,2,0.011999999999999927
251,E82008,Paracet_Tab 500mg,0407010H0AAAMAM,2,0.011999999999999927
250,E82007,Paracet_Tab 500mg,0407010H0AAAMAM,2,0.011999999999999927
249,E82007,Paracet_Tab 500mg,0407010H0AAAMAM,2,0.011999999999999927
248,E82005,Paracet_Tab 500mg,0407010H0AAAMAM,2,0.011999999999999927
247,E82006,Paracet_Tab 500mg,0407010H0AAAMAM,2,0.011999999999999927
246,E82040,Paracet_Tab 500mg,0407010H0AAAMAM,2,0.011999999999999927
245,E82005,Paracet_Tab 500mg,0407010H0AAAMAM,2,0.011999999999999927
244,E82654,Paracet_Tab 500mg,0407010H0AAAMAM,2,0.011999999999999927
274,E82090,Paracet_Tab 500mg,0407010H0AAAMAM,4,0.011199999999999932
270,E82099,Paracet_Tab 500mg,0407010H0AAAMAM,4,0.011199999999999932
272,E82079,Paracet_Tab 500mg,0407010H0AAAMAM,4,0.011199999999999932
273,E82130,Paracet_Tab 500mg,0407010H0AAAMAM,4,0.011199999999999932
277,E82008,Paracet_Tab 500mg,0407010H0AAAMAM,4,0.011199999999999932
275,E82100,Paracet_Tab 500mg,0407010H0AAAMAM,4,0.011199999999999932
276,E82102,Paracet_Tab 500mg,0407010H0AAAMAM,4,0.011199999999999932
268,E82121,Paracet_Tab 500mg,0407010H0AAAMAM,4,0.011199999999999932
269,E82100,Paracet_Tab 500mg,0407010H0AAAMAM,4,0.011199999999999932
271,E82130,Paracet_Tab 500mg,0407010H0AAAMAM,4,0.011199999999999932
267,E82007,Paracet_Tab 500mg,0407010H0AAAMAM,4,0.011199999999999932
266,E82102,Paracet_Tab 500mg,0407010H0AAAMAM,4,0.011199999999999932
265,E82007,Paracet_Tab 500mg,0407010H0AAAMAM,4,0.011199999999999932
264,E82024,Paracet_Tab 500mg,0407010H0AAAMAM,4,0.011199999999999932
263,E82024,Paracet_Tab 500mg,0407010H0AAAMAM,4,0.011199999999999932
262,E82121,Paracet_Tab 500mg,0407010H0AAAMAM,4,0.011199999999999932
261,E82079,Paracet_Tab 500mg,0407010H0AAAMAM,4,0.011199999999999932
260,E82099,Paracet_Tab 500mg,0407010H0AAAMAM,4,0.011199999999999932
259,E82090,Paracet_Tab 500mg,0407010H0AAAMAM,4,0.011199999999999932
258,E82008,Paracet_Tab 500mg,0407010H0AAAMAM,4,0.011199999999999932
1108,E82111,Quetiapine_Tab 25mg,0402010ABAAABAB,2,0.011199999999999544
1109,E82024,Quetiapine_Tab 25mg,0402010ABAAABAB,2,0.011199999999999544
1107,E82021,Quetiapine_Tab 25mg,0402010ABAAABAB,2,0.011199999999999544
1106,E82019,Quetiapine_Tab 25mg,0402010ABAAABAB,2,0.011199999999999544
1105,E82058,Quetiapine_Tab 25mg,0402010ABAAABAB,2,0.011199999999999544
1104,E82035,Quetiapine_Tab 25mg,0402010ABAAABAB,2,0.011199999999999544
514,E82102,Atorvastatin_Tab 10mg,0212000B0AAAAAA,5,0.010500000000000058
661,E82023,Memantine HCl_Tab 20mg,0411000G0AAADAD,2,0.00979999999999999
278,E82044,Paracet_Tab 500mg,0407010H0AAAMAM,7,0.00979999999999994
279,E82044,Paracet_Tab 500mg,0407010H0AAAMAM,7,0.00979999999999994
544,E82088,Prednisolone_Tab Solb 5mg,0603020T0AABHBH,2,0.008999999999999009
543,E82081,Prednisolone_Tab Solb 5mg,0603020T0AABHBH,3,0.008999999999999009
542,E82115,Prednisolone_Tab Solb 5mg,0603020T0AABHBH,3,0.008999999999999009
1114,E82044,Quetiapine_Tab 25mg,0402010ABAAABAB,1,0.00840000000000024
1111,E82040,Quetiapine_Tab 25mg,0402010ABAAABAB,1,0.00840000000000024
1112,E82115,Quetiapine_Tab 25mg,0402010ABAAABAB,1,0.00840000000000024
1113,E82062,Quetiapine_Tab 25mg,0402010ABAAABAB,1,0.00840000000000024
1119,Y02639,Quetiapine_Tab 25mg,0402010ABAAABAB,1,0.00840000000000024
1118,E82661,Quetiapine_Tab 25mg,0402010ABAAABAB,1,0.00840000000000024
1117,E82080,Quetiapine_Tab 25mg,0402010ABAAABAB,1,0.00840000000000024
1110,E82082,Quetiapine_Tab 25mg,0402010ABAAABAB,1,0.00840000000000024
1116,D81047,Quetiapine_Tab 25mg,0402010ABAAABAB,1,0.00840000000000024
1115,E82081,Quetiapine_Tab 25mg,0402010ABAAABAB,1,0.00840000000000024
518,E82654,Atorvastatin_Tab 10mg,0212000B0AAAAAA,4,0.008400000000000046
521,E82058,Atorvastatin_Tab 10mg,0212000B0AAAAAA,4,0.008400000000000046
517,E82088,Atorvastatin_Tab 10mg,0212000B0AAAAAA,4,0.008400000000000046
523,E82008,Atorvastatin_Tab 10mg,0212000B0AAAAAA,2,0.008400000000000046
522,E82021,Atorvastatin_Tab 10mg,0212000B0AAAAAA,2,0.008400000000000046
519,E82042,Atorvastatin_Tab 10mg,0212000B0AAAAAA,2,0.008400000000000046
520,E82090,Atorvastatin_Tab 10mg,0212000B0AAAAAA,4,0.008400000000000046
515,E82121,Atorvastatin_Tab 10mg,0212000B0AAAAAA,4,0.008400000000000046
516,E82130,Atorvastatin_Tab 10mg,0212000B0AAAAAA,4,0.008400000000000046
281,E82123,Paracet_Tab 500mg,0407010H0AAAMAM,4,0.00839999999999995
282,E82019,Paracet_Tab 500mg,0407010H0AAAMAM,4,0.00839999999999995
283,E82123,Paracet_Tab 500mg,0407010H0AAAMAM,3,0.00839999999999995
284,E82123,Paracet_Tab 500mg,0407010H0AAAMAM,4,0.00839999999999995
285,E82019,Paracet_Tab 500mg,0407010H0AAAMAM,4,0.00839999999999995
286,E82080,Paracet_Tab 500mg,0407010H0AAAMAM,3,0.00839999999999995
287,E82080,Paracet_Tab 500mg,0407010H0AAAMAM,3,0.00839999999999995
280,E82123,Paracet_Tab 500mg,0407010H0AAAMAM,3,0.00839999999999995
288,E82080,Paracet_Tab 500mg,0407010H0AAAMAM,1,0.007599999999999954
289,E82080,Paracet_Tab 500mg,0407010H0AAAMAM,1,0.007599999999999954
546,E82082,Prednisolone_Tab Solb 5mg,0603020T0AABHBH,2,0.007199999999999207
545,E82090,Prednisolone_Tab Solb 5mg,0603020T0AABHBH,2,0.007199999999999207
524,E82041,Atorvastatin_Tab 10mg,0212000B0AAAAAA,3,0.006300000000000035
1180,E82044,Atorvastatin_Tab 40mg,0212000B0AAACAC,1,0.006000000000000172
730,E82641,Propranolol HCl_Tab 10mg,0204000R0AAAHAH,1,0.006000000000000172
728,E82082,Propranolol HCl_Tab 10mg,0204000R0AAAHAH,1,0.006000000000000172
729,E82130,Propranolol HCl_Tab 10mg,0204000R0AAAHAH,1,0.006000000000000172
727,E82040,Propranolol HCl_Tab 10mg,0204000R0AAAHAH,1,0.006000000000000172
726,E82044,Propranolol HCl_Tab 10mg,0204000R0AAAHAH,1,0.006000000000000172
28,E82133,Atorvastatin_Tab 20mg,0212000B0AAABAB,1,0.006000000000000172
29,E82074,Atorvastatin_Tab 20mg,0212000B0AAABAB,1,0.006000000000000172
316,E82042,Paracet_Tab 500mg,0407010H0AAAMAM,1,0.005999999999999964
315,E82081,Paracet_Tab 500mg,0407010H0AAAMAM,1,0.005999999999999964
317,E82053,Paracet_Tab 500mg,0407010H0AAAMAM,1,0.005999999999999964
298,E82041,Paracet_Tab 500mg,0407010H0AAAMAM,1,0.005999999999999964
290,E82041,Paracet_Tab 500mg,0407010H0AAAMAM,1,0.005999999999999964
291,E82081,Paracet_Tab 500mg,0407010H0AAAMAM,1,0.005999999999999964
292,E82661,Paracet_Tab 500mg,0407010H0AAAMAM,1,0.005999999999999964
293,E82100,Paracet_Tab 500mg,0407010H0AAAMAM,1,0.005999999999999964
294,E82111,Paracet_Tab 500mg,0407010H0AAAMAM,1,0.005999999999999964
295,E82074,Paracet_Tab 500mg,0407010H0AAAMAM,1,0.005999999999999964
296,E82024,Paracet_Tab 500mg,0407010H0AAAMAM,1,0.005999999999999964
297,Y01061,Paracet_Tab 500mg,0407010H0AAAMAM,2,0.005999999999999964
301,E82024,Paracet_Tab 500mg,0407010H0AAAMAM,1,0.005999999999999964
299,E82115,Paracet_Tab 500mg,0407010H0AAAMAM,1,0.005999999999999964
300,E82067,Paracet_Tab 500mg,0407010H0AAAMAM,1,0.005999999999999964
302,Y03580,Paracet_Tab 500mg,0407010H0AAAMAM,1,0.005999999999999964
303,Y01061,Paracet_Tab 500mg,0407010H0AAAMAM,2,0.005999999999999964
314,E82661,Paracet_Tab 500mg,0407010H0AAAMAM,1,0.005999999999999964
313,E82053,Paracet_Tab 500mg,0407010H0AAAMAM,1,0.005999999999999964
312,E82115,Paracet_Tab 500mg,0407010H0AAAMAM,1,0.005999999999999964
311,E82067,Paracet_Tab 500mg,0407010H0AAAMAM,1,0.005999999999999964
310,E82074,Paracet_Tab 500mg,0407010H0AAAMAM,1,0.005999999999999964
309,E82100,Paracet_Tab 500mg,0407010H0AAAMAM,1,0.005999999999999964
308,E82079,Paracet_Tab 500mg,0407010H0AAAMAM,1,0.005999999999999964
307,E82111,Paracet_Tab 500mg,0407010H0AAAMAM,1,0.005999999999999964
304,E82042,Paracet_Tab 500mg,0407010H0AAAMAM,1,0.005999999999999964
305,Y03580,Paracet_Tab 500mg,0407010H0AAAMAM,1,0.005999999999999964
306,E82079,Paracet_Tab 500mg,0407010H0AAAMAM,1,0.005999999999999964
324,E82109,Paracet_Tab 500mg,0407010H0AAAMAM,4,0.005599999999999966
323,E82123,Paracet_Tab 500mg,0407010H0AAAMAM,4,0.005599999999999966
322,E82035,Paracet_Tab 500mg,0407010H0AAAMAM,4,0.005599999999999966
319,E82109,Paracet_Tab 500mg,0407010H0AAAMAM,4,0.005599999999999966
318,E82035,Paracet_Tab 500mg,0407010H0AAAMAM,4,0.005599999999999966
320,E82123,Paracet_Tab 500mg,0407010H0AAAMAM,4,0.005599999999999966
321,E82082,Paracet_Tab 500mg,0407010H0AAAMAM,4,0.005599999999999966
325,E82082,Paracet_Tab 500mg,0407010H0AAAMAM,4,0.005599999999999966
1120,E82056,Quetiapine_Tab 25mg,0402010ABAAABAB,1,0.005599999999999772
1127,E82089,Quetiapine_Tab 25mg,0402010ABAAABAB,1,0.005599999999999772
1126,E82063,Quetiapine_Tab 25mg,0402010ABAAABAB,1,0.005599999999999772
1125,E82099,Quetiapine_Tab 25mg,0402010ABAAABAB,1,0.005599999999999772
1124,E82041,Quetiapine_Tab 25mg,0402010ABAAABAB,1,0.005599999999999772
1123,E82075,Quetiapine_Tab 25mg,0402010ABAAABAB,1,0.005599999999999772
1122,Y02639,Quetiapine_Tab 25mg,0402010ABAAABAB,1,0.005599999999999772
1121,E82023,Quetiapine_Tab 25mg,0402010ABAAABAB,1,0.005599999999999772
662,E82102,Memantine HCl_Tab 20mg,0411000G0AAADAD,1,0.004899999999999995
553,E82092,Prednisolone_Tab Solb 5mg,0603020T0AABHBH,1,0.004499999999999504
552,E82100,Prednisolone_Tab Solb 5mg,0603020T0AABHBH,1,0.004499999999999504
551,E82074,Prednisolone_Tab Solb 5mg,0603020T0AABHBH,1,0.004499999999999504
550,E82005,Prednisolone_Tab Solb 5mg,0603020T0AABHBH,1,0.004499999999999504
549,Y02639,Prednisolone_Tab Solb 5mg,0603020T0AABHBH,1,0.004499999999999504
548,E82019,Prednisolone_Tab Solb 5mg,0603020T0AABHBH,1,0.004499999999999504
547,E82090,Prednisolone_Tab Solb 5mg,0603020T0AABHBH,1,0.004499999999999504
30,E82007,Atorvastatin_Tab 20mg,0212000B0AAABAB,1,0.004400000000000015
525,E82056,Atorvastatin_Tab 10mg,0212000B0AAAAAA,1,0.004200000000000023
526,E82061,Atorvastatin_Tab 10mg,0212000B0AAAAAA,1,0.004200000000000023
527,E82005,Atorvastatin_Tab 10mg,0212000B0AAAAAA,1,0.004200000000000023
528,E82023,Atorvastatin_Tab 10mg,0212000B0AAAAAA,1,0.004200000000000023
529,E82133,Atorvastatin_Tab 10mg,0212000B0AAAAAA,1,0.004200000000000023
530,E82067,Atorvastatin_Tab 10mg,0212000B0AAAAAA,1,0.004200000000000023
326,E82654,Paracet_Tab 500mg,0407010H0AAAMAM,3,0.004199999999999975
327,E82104,Paracet_Tab 500mg,0407010H0AAAMAM,1,0.004199999999999975
329,E82104,Paracet_Tab 500mg,0407010H0AAAMAM,1,0.004199999999999975
330,E82024,Paracet_Tab 500mg,0407010H0AAAMAM,1,0.004199999999999975
328,E82024,Paracet_Tab 500mg,0407010H0AAAMAM,1,0.004199999999999975
331,E82654,Paracet_Tab 500mg,0407010H0AAAMAM,3,0.004199999999999975
1181,E82104,Atorvastatin_Tab 40mg,0212000B0AAACAC,1,0.004000000000000115
731,E82074,Propranolol HCl_Tab 10mg,0204000R0AAAHAH,1,0.004000000000000115
557,E82102,Prednisolone_Tab Solb 5mg,0603020T0AABHBH,1,0.0035999999999996035
558,E82018,Prednisolone_Tab Solb 5mg,0603020T0AABHBH,1,0.0035999999999996035
559,E82089,Prednisolone_Tab Solb 5mg,0603020T0AABHBH,1,0.0035999999999996035
560,E82041,Prednisolone_Tab Solb 5mg,0603020T0AABHBH,1,0.0035999999999996035
561,E82040,Prednisolone_Tab Solb 5mg,0603020T0AABHBH,1,0.0035999999999996035
562,E82007,Prednisolone_Tab Solb 5mg,0603020T0AABHBH,1,0.0035999999999996035
563,E82661,Prednisolone_Tab Solb 5mg,0603020T0AABHBH,1,0.0035999999999996035
556,E82005,Prednisolone_Tab Solb 5mg,0603020T0AABHBH,1,0.0035999999999996035
555,E82063,Prednisolone_Tab Solb 5mg,0603020T0AABHBH,1,0.0035999999999996035
554,E82100,Prednisolone_Tab Solb 5mg,0603020T0AABHBH,1,0.0035999999999996035
1128,E82090,Quetiapine_Tab 25mg,0402010ABAAABAB,4,0.0031999999999998696
1129,E82024,Quetiapine_Tab 25mg,0402010ABAAABAB,4,0.0031999999999998696
531,Y01061,Atorvastatin_Tab 10mg,0212000B0AAAAAA,1,0.0030000000000000165
31,E82019,Atorvastatin_Tab 20mg,0212000B0AAABAB,1,0.0030000000000000165
343,Y03580,Paracet_Tab 500mg,0407010H0AAAMAM,1,0.002999999999999982
336,E82100,Paracet_Tab 500mg,0407010H0AAAMAM,1,0.002999999999999982
342,E82100,Paracet_Tab 500mg,0407010H0AAAMAM,1,0.002999999999999982
341,E82021,Paracet_Tab 500mg,0407010H0AAAMAM,1,0.002999999999999982
340,E82005,Paracet_Tab 500mg,0407010H0AAAMAM,1,0.002999999999999982
339,E82067,Paracet_Tab 500mg,0407010H0AAAMAM,1,0.002999999999999982
338,E82115,Paracet_Tab 500mg,0407010H0AAAMAM,1,0.002999999999999982
337,E82005,Paracet_Tab 500mg,0407010H0AAAMAM,1,0.002999999999999982
333,Y03580,Paracet_Tab 500mg,0407010H0AAAMAM,1,0.002999999999999982
334,E82021,Paracet_Tab 500mg,0407010H0AAAMAM,1,0.002999999999999982
332,E82067,Paracet_Tab 500mg,0407010H0AAAMAM,1,0.002999999999999982
335,E82115,Paracet_Tab 500mg,0407010H0AAAMAM,1,0.002999999999999982
695,E82035,Betahistine HCl_Tab 16mg,0406000B0AAABAB,1,0.0029999999999998778
696,E82005,Betahistine HCl_Tab 16mg,0406000B0AAABAB,1,0.0029999999999998778
697,Y01061,Betahistine HCl_Tab 16mg,0406000B0AAABAB,1,0.0029999999999998778
564,E82006,Prednisolone_Tab Solb 5mg,0603020T0AABHBH,1,0.0029999999999996696
567,Y02639,Prednisolone_Tab Solb 5mg,0603020T0AABHBH,1,0.0029999999999996696
566,E82080,Prednisolone_Tab Solb 5mg,0603020T0AABHBH,1,0.0029999999999996696
565,E82133,Prednisolone_Tab Solb 5mg,0603020T0AABHBH,1,0.0029999999999996696
568,E82092,Prednisolone_Tab Solb 5mg,0603020T0AABHBH,1,0.0029999999999996696
352,E82100,Paracet_Tab 500mg,0407010H0AAAMAM,2,0.002799999999999983
355,E82035,Paracet_Tab 500mg,0407010H0AAAMAM,1,0.002799999999999983
354,E82111,Paracet_Tab 500mg,0407010H0AAAMAM,1,0.002799999999999983
353,E82005,Paracet_Tab 500mg,0407010H0AAAMAM,1,0.002799999999999983
349,E82057,Paracet_Tab 500mg,0407010H0AAAMAM,1,0.002799999999999983
351,E82081,Paracet_Tab 500mg,0407010H0AAAMAM,1,0.002799999999999983
350,E82111,Paracet_Tab 500mg,0407010H0AAAMAM,1,0.002799999999999983
347,E82057,Paracet_Tab 500mg,0407010H0AAAMAM,1,0.002799999999999983
346,E82081,Paracet_Tab 500mg,0407010H0AAAMAM,1,0.002799999999999983
345,E82035,Paracet_Tab 500mg,0407010H0AAAMAM,1,0.002799999999999983
344,E82100,Paracet_Tab 500mg,0407010H0AAAMAM,2,0.002799999999999983
348,E82005,Paracet_Tab 500mg,0407010H0AAAMAM,1,0.002799999999999983
569,E82080,Prednisolone_Tab Solb 5mg,0603020T0AABHBH,1,0.0020999999999997687
570,E82023,Prednisolone_Tab Solb 5mg,0603020T0AABHBH,1,0.0020999999999997687
1182,E82111,Atorvastatin_Tab 40mg,0212000B0AAACAC,1,0.00180000000000001
1183,E82092,Atorvastatin_Tab 40mg,0212000B0AAACAC,1,0.00180000000000001
571,E82079,Prednisolone_Tab Solb 5mg,0603020T0AABHBH,1,0.0014999999999998348
887,Y02639,Propranolol HCl_Tab 10mg,0204000R0AAAHAH,1,0.0
772,E82099,Propranolol HCl_Tab 10mg,0204000R0AAAHAH,1,0.0
899,E82090,Propranolol HCl_Tab 10mg,0204000R0AAAHAH,2,0.0
888,E82099,Propranolol HCl_Tab 10mg,0204000R0AAAHAH,1,0.0
898,E82082,Propranolol HCl_Tab 10mg,0204000R0AAAHAH,3,0.0
905,E82661,Propranolol HCl_Tab 10mg,0204000R0AAAHAH,11,0.0
904,E82063,Propranolol HCl_Tab 10mg,0204000R0AAAHAH,1,0.0
903,E82126,Propranolol HCl_Tab 10mg,0204000R0AAAHAH,2,0.0
902,E82661,Propranolol HCl_Tab 10mg,0204000R0AAAHAH,1,0.0
901,E82040,Propranolol HCl_Tab 10mg,0204000R0AAAHAH,4,0.0
900,E82062,Propranolol HCl_Tab 10mg,0204000R0AAAHAH,1,0.0
885,E82093,Propranolol HCl_Tab 10mg,0204000R0AAAHAH,8,0.0
897,E82053,Propranolol HCl_Tab 10mg,0204000R0AAAHAH,4,0.0
889,E82082,Propranolol HCl_Tab 10mg,0204000R0AAAHAH,1,0.0
896,E82005,Propranolol HCl_Tab 10mg,0204000R0AAAHAH,24,0.0
895,E82021,Propranolol HCl_Tab 10mg,0204000R0AAAHAH,1,0.0
894,E82661,Propranolol HCl_Tab 10mg,0204000R0AAAHAH,5,0.0
893,E82100,Propranolol HCl_Tab 10mg,0204000R0AAAHAH,7,0.0
892,E82626,Propranolol HCl_Tab 10mg,0204000R0AAAHAH,2,0.0
891,E82057,Propranolol HCl_Tab 10mg,0204000R0AAAHAH,1,0.0
890,E82035,Propranolol HCl_Tab 10mg,0204000R0AAAHAH,2,0.0
886,E82019,Propranolol HCl_Tab 10mg,0204000R0AAAHAH,8,0.0
874,E82133,Propranolol HCl_Tab 10mg,0204000R0AAAHAH,1,0.0
884,E82099,Propranolol HCl_Tab 10mg,0204000R0AAAHAH,17,0.0
834,E82041,Propranolol HCl_Tab 10mg,0204000R0AAAHAH,6,0.0
848,E82090,Propranolol HCl_Tab 10mg,0204000R0AAAHAH,6,0.0
847,Y03580,Propranolol HCl_Tab 10mg,0204000R0AAAHAH,1,0.0
846,E82092,Propranolol HCl_Tab 10mg,0204000R0AAAHAH,5,0.0
845,E82040,Propranolol HCl_Tab 10mg,0204000R0AAAHAH,5,0.0
844,E82090,Propranolol HCl_Tab 10mg,0204000R0AAAHAH,4,0.0
843,E82104,Propranolol HCl_Tab 10mg,0204000R0AAAHAH,4,0.0
842,E82021,Propranolol HCl_Tab 10mg,0204000R0AAAHAH,1,0.0
841,E82075,Propranolol HCl_Tab 10mg,0204000R0AAAHAH,6,0.0
840,E82038,Propranolol HCl_Tab 10mg,0204000R0AAAHAH,3,0.0
839,E82057,Propranolol HCl_Tab 10mg,0204000R0AAAHAH,1,0.0
838,E82044,Propranolol HCl_Tab 10mg,0204000R0AAAHAH,4,0.0
837,E82081,Propranolol HCl_Tab 10mg,0204000R0AAAHAH,11,0.0
836,E82090,Propranolol HCl_Tab 10mg,0204000R0AAAHAH,1,0.0
835,E82035,Propranolol HCl_Tab 10mg,0204000R0AAAHAH,1,0.0
833,E82654,Propranolol HCl_Tab 10mg,0204000R0AAAHAH,1,0.0
850,E82062,Propranolol HCl_Tab 10mg,0204000R0AAAHAH,5,0.0
832,E82641,Propranolol HCl_Tab 10mg,0204000R0AAAHAH,1,0.0
831,E82079,Propranolol HCl_Tab 10mg,0204000R0AAAHAH,9,0.0
830,E82007,Propranolol HCl_Tab 10mg,0204000R0AAAHAH,2,0.0
829,E82092,Propranolol HCl_Tab 10mg,0204000R0AAAHAH,2,0.0
828,E82111,Propranolol HCl_Tab 10mg,0204000R0AAAHAH,4,0.0
827,E82042,Propranolol HCl_Tab 10mg,0204000R0AAAHAH,6,0.0
826,E82133,Propranolol HCl_Tab 10mg,0204000R0AAAHAH,1,0.0
825,E82123,Propranolol HCl_Tab 10mg,0204000R0AAAHAH,7,0.0
824,E82661,Propranolol HCl_Tab 10mg,0204000R0AAAHAH,2,0.0
823,E82126,Propranolol HCl_Tab 10mg,0204000R0AAAHAH,1,0.0
822,Y02639,Propranolol HCl_Tab 10mg,0204000R0AAAHAH,4,0.0
821,E82109,Propranolol HCl_Tab 10mg,0204000R0AAAHAH,1,0.0
820,E82063,Propranolol HCl_Tab 10mg,0204000R0AAAHAH,3,0.0
819,E82062,Propranolol HCl_Tab 10mg,0204000R0AAAHAH,2,0.0
849,E82088,Propranolol HCl_Tab 10mg,0204000R0AAAHAH,1,0.0
851,E82104,Propranolol HCl_Tab 10mg,0204000R0AAAHAH,1,0.0
883,E82042,Propranolol HCl_Tab 10mg,0204000R0AAAHAH,1,0.0
868,E82044,Propranolol HCl_Tab 10mg,0204000R0AAAHAH,1,0.0
882,E82018,Propranolol HCl_Tab 10mg,0204000R0AAAHAH,1,0.0
881,E82079,Propranolol HCl_Tab 10mg,0204000R0AAAHAH,4,0.0
880,E82111,Propranolol HCl_Tab 10mg,0204000R0AAAHAH,2,0.0
879,E82086,Propranolol HCl_Tab 10mg,0204000R0AAAHAH,5,0.0
878,E82111,Propranolol HCl_Tab 10mg,0204000R0AAAHAH,1,0.0
877,E82123,Propranolol HCl_Tab 10mg,0204000R0AAAHAH,4,0.0
876,E82057,Propranolol HCl_Tab 10mg,0204000R0AAAHAH,2,0.0
875,E82018,Propranolol HCl_Tab 10mg,0204000R0AAAHAH,6,0.0
907,E82040,Propranolol HCl_Tab 10mg,0204000R0AAAHAH,1,0.0
873,E82040,Propranolol HCl_Tab 10mg,0204000R0AAAHAH,14,0.0
872,E82130,Propranolol HCl_Tab 10mg,0204000R0AAAHAH,4,0.0
871,E82079,Propranolol HCl_Tab 10mg,0204000R0AAAHAH,1,0.0
870,E82093,Propranolol HCl_Tab 10mg,0204000R0AAAHAH,3,0.0
869,E82075,Propranolol HCl_Tab 10mg,0204000R0AAAHAH,5,0.0
867,Y02639,Propranolol HCl_Tab 10mg,0204000R0AAAHAH,2,0.0
852,E82019,Propranolol HCl_Tab 10mg,0204000R0AAAHAH,9,0.0
866,E82062,Propranolol HCl_Tab 10mg,0204000R0AAAHAH,6,0.0
865,E82099,Propranolol HCl_Tab 10mg,0204000R0AAAHAH,2,0.0
864,E82008,Propranolol HCl_Tab 10mg,0204000R0AAAHAH,4,0.0
863,E82626,Propranolol HCl_Tab 10mg,0204000R0AAAHAH,2,0.0
862,E82081,Propranolol HCl_Tab 10mg,0204000R0AAAHAH,1,0.0
861,E82005,Propranolol HCl_Tab 10mg,0204000R0AAAHAH,1,0.0
860,Y02639,Propranolol HCl_Tab 10mg,0204000R0AAAHAH,2,0.0
859,E82102,Propranolol HCl_Tab 10mg,0204000R0AAAHAH,1,0.0
858,E82074,Propranolol HCl_Tab 10mg,0204000R0AAAHAH,9,0.0
857,E82035,Propranolol HCl_Tab 10mg,0204000R0AAAHAH,4,0.0
856,E82109,Propranolol HCl_Tab 10mg,0204000R0AAAHAH,3,0.0
855,E82042,Propranolol HCl_Tab 10mg,0204000R0AAAHAH,2,0.0
854,E82075,Propranolol HCl_Tab 10mg,0204000R0AAAHAH,4,0.0
853,E82089,Propranolol HCl_Tab 10mg,0204000R0AAAHAH,17,0.0
906,E82062,Propranolol HCl_Tab 10mg,0204000R0AAAHAH,4,0.0
928,E82088,Propranolol HCl_Tab 10mg,0204000R0AAAHAH,4,0.0
908,E82061,Propranolol HCl_Tab 10mg,0204000R0AAAHAH,2,0.0
972,E82626,Propranolol HCl_Tab 10mg,0204000R0AAAHAH,1,0.0
982,E82075,Propranolol HCl_Tab 10mg,0204000R0AAAHAH,1,0.0
981,E82089,Propranolol HCl_Tab 10mg,0204000R0AAAHAH,1,0.0
980,E82002,Propranolol HCl_Tab 10mg,0204000R0AAAHAH,2,0.0
979,E82123,Propranolol HCl_Tab 10mg,0204000R0AAAHAH,1,0.0
978,E82062,Propranolol HCl_Tab 10mg,0204000R0AAAHAH,2,0.0
977,E82654,Propranolol HCl_Tab 10mg,0204000R0AAAHAH,1,0.0
976,E82002,Propranolol HCl_Tab 10mg,0204000R0AAAHAH,1,0.0
975,E82041,Propranolol HCl_Tab 10mg,0204000R0AAAHAH,5,0.0
974,E82104,Propranolol HCl_Tab 10mg,0204000R0AAAHAH,5,0.0
973,E82074,Propranolol HCl_Tab 10mg,0204000R0AAAHAH,4,0.0
971,E82061,Propranolol HCl_Tab 10mg,0204000R0AAAHAH,12,0.0
959,E82641,Propranolol HCl_Tab 10mg,0204000R0AAAHAH,1,0.0
970,E82638,Propranolol HCl_Tab 10mg,0204000R0AAAHAH,4,0.0
969,E82035,Propranolol HCl_Tab 10mg,0204000R0AAAHAH,5,0.0
968,E82123,Propranolol HCl_Tab 10mg,0204000R0AAAHAH,5,0.0
967,E82089,Propranolol HCl_Tab 10mg,0204000R0AAAHAH,1,0.0
966,E82040,Propranolol HCl_Tab 10mg,0204000R0AAAHAH,3,0.0
965,E82093,Propranolol HCl_Tab 10mg,0204000R0AAAHAH,1,0.0
964,E82081,Propranolol HCl_Tab 10mg,0204000R0AAAHAH,5,0.0
963,D81047,Propranolol HCl_Tab 10mg,0204000R0AAAHAH,7,0.0
962,E82044,Propranolol HCl_Tab 10mg,0204000R0AAAHAH,1,0.0
961,E82062,Propranolol HCl_Tab 10mg,0204000R0AAAHAH,1,0.0
983,E82092,Propranolol HCl_Tab 10mg,0204000R0AAAHAH,5,0.0
984,E82079,Propranolol HCl_Tab 10mg,0204000R0AAAHAH,3,0.0
985,E82126,Propranolol HCl_Tab 10mg,0204000R0AAAHAH,1,0.0
986,E82006,Propranolol HCl_Tab 10mg,0204000R0AAAHAH,1,0.0
1007,E82082,Propranolol HCl_Tab 10mg,0204000R0AAAHAH,8,0.0
1006,E82005,Propranolol HCl_Tab 10mg,0204000R0AAAHAH,33,0.0
1005,Y02639,Propranolol HCl_Tab 10mg,0204000R0AAAHAH,5,0.0
1004,E82641,Propranolol HCl_Tab 10mg,0204000R0AAAHAH,1,0.0
1003,E82053,Propranolol HCl_Tab 10mg,0204000R0AAAHAH,2,0.0
1002,E82626,Propranolol HCl_Tab 10mg,0204000R0AAAHAH,1,0.0
1001,E82109,Propranolol HCl_Tab 10mg,0204000R0AAAHAH,1,0.0
1000,E82086,Propranolol HCl_Tab 10mg,0204000R0AAAHAH,2,0.0
999,E82006,Propranolol HCl_Tab 10mg,0204000R0AAAHAH,4,0.0
998,E82018,Propranolol HCl_Tab 10mg,0204000R0AAAHAH,3,0.0
997,E82042,Propranolol HCl_Tab 10mg,0204000R0AAAHAH,4,0.0
996,E82093,Propranolol HCl_Tab 10mg,0204000R0AAAHAH,14,0.0
995,D81047,Propranolol HCl_Tab 10mg,0204000R0AAAHAH,2,0.0
994,E82080,Propranolol HCl_Tab 10mg,0204000R0AAAHAH,1,0.0
993,E82075,Propranolol HCl_Tab 10mg,0204000R0AAAHAH,2,0.0
992,E82090,Propranolol HCl_Tab 10mg,0204000R0AAAHAH,2,0.0
991,E82058,Propranolol HCl_Tab 10mg,0204000R0AAAHAH,1,0.0
990,E82063,Propranolol HCl_Tab 10mg,0204000R0AAAHAH,1,0.0
989,E82123,Propranolol HCl_Tab 10mg,0204000R0AAAHAH,2,0.0
988,E82063,Propranolol HCl_Tab 10mg,0204000R0AAAHAH,1,0.0
987,E82099,Propranolol HCl_Tab 10mg,0204000R0AAAHAH,16,0.0
960,E82002,Propranolol HCl_Tab 10mg,0204000R0AAAHAH,9,0.0
958,E82061,Propranolol HCl_Tab 10mg,0204000R0AAAHAH,5,0.0
909,E82063,Propranolol HCl_Tab 10mg,0204000R0AAAHAH,4,0.0
921,E82093,Propranolol HCl_Tab 10mg,0204000R0AAAHAH,6,0.0
931,E82130,Propranolol HCl_Tab 10mg,0204000R0AAAHAH,5,0.0
930,E82006,Propranolol HCl_Tab 10mg,0204000R0AAAHAH,1,0.0
929,E82133,Propranolol HCl_Tab 10mg,0204000R0AAAHAH,2,0.0
817,E82100,Propranolol HCl_Tab 10mg,0204000R0AAAHAH,4,0.0
927,E82024,Propranolol HCl_Tab 10mg,0204000R0AAAHAH,4,0.0
926,E82008,Propranolol HCl_Tab 10mg,0204000R0AAAHAH,1,0.0
925,E82104,Propranolol HCl_Tab 10mg,0204000R0AAAHAH,4,0.0
924,E82079,Propranolol HCl_Tab 10mg,0204000R0AAAHAH,4,0.0
923,E82079,Propranolol HCl_Tab 10mg,0204000R0AAAHAH,2,0.0
922,E82008,Propranolol HCl_Tab 10mg,0204000R0AAAHAH,8,0.0
920,E82074,Propranolol HCl_Tab 10mg,0204000R0AAAHAH,15,0.0
957,E82111,Propranolol HCl_Tab 10mg,0204000R0AAAHAH,2,0.0
919,E82007,Propranolol HCl_Tab 10mg,0204000R0AAAHAH,2,0.0
918,E82019,Propranolol HCl_Tab 10mg,0204000R0AAAHAH,6,0.0
917,E82038,Propranolol HCl_Tab 10mg,0204000R0AAAHAH,6,0.0
916,E82074,Propranolol HCl_Tab 10mg,0204000R0AAAHAH,6,0.0
915,E82089,Propranolol HCl_Tab 10mg,0204000R0AAAHAH,3,0.0
914,E82053,Propranolol HCl_Tab 10mg,0204000R0AAAHAH,1,0.0
913,E82099,Propranolol HCl_Tab 10mg,0204000R0AAAHAH,11,0.0
912,E82121,Propranolol HCl_Tab 10mg,0204000R0AAAHAH,7,0.0
911,E82019,Propranolol HCl_Tab 10mg,0204000R0AAAHAH,1,0.0
910,E82024,Propranolol HCl_Tab 10mg,0204000R0AAAHAH,7,0.0
932,E82086,Propranolol HCl_Tab 10mg,0204000R0AAAHAH,6,0.0
933,E82058,Propranolol HCl_Tab 10mg,0204000R0AAAHAH,1,0.0
934,E82024,Propranolol HCl_Tab 10mg,0204000R0AAAHAH,2,0.0
935,E82089,Propranolol HCl_Tab 10mg,0204000R0AAAHAH,4,0.0
956,E82053,Propranolol HCl_Tab 10mg,0204000R0AAAHAH,4,0.0
955,E82626,Propranolol HCl_Tab 10mg,0204000R0AAAHAH,1,0.0
954,E82111,Propranolol HCl_Tab 10mg,0204000R0AAAHAH,3,0.0
953,E82638,Propranolol HCl_Tab 10mg,0204000R0AAAHAH,2,0.0
952,E82641,Propranolol HCl_Tab 10mg,0204000R0AAAHAH,6,0.0
951,E82023,Propranolol HCl_Tab 10mg,0204000R0AAAHAH,2,0.0
950,E82088,Propranolol HCl_Tab 10mg,0204000R0AAAHAH,1,0.0
949,E82093,Propranolol HCl_Tab 10mg,0204000R0AAAHAH,5,0.0
948,E82079,Propranolol HCl_Tab 10mg,0204000R0AAAHAH,4,0.0
947,E82062,Propranolol HCl_Tab 10mg,0204000R0AAAHAH,25,0.0
946,E82089,Propranolol HCl_Tab 10mg,0204000R0AAAHAH,6,0.0
945,E82092,Propranolol HCl_Tab 10mg,0204000R0AAAHAH,1,0.0
944,E82057,Propranolol HCl_Tab 10mg,0204000R0AAAHAH,3,0.0
943,E82130,Propranolol HCl_Tab 10mg,0204000R0AAAHAH,1,0.0
942,E82081,Propranolol HCl_Tab 10mg,0204000R0AAAHAH,3,0.0
941,E82130,Propranolol HCl_Tab 10mg,0204000R0AAAHAH,5,0.0
940,E82035,Propranolol HCl_Tab 10mg,0204000R0AAAHAH,2,0.0
939,E82093,Propranolol HCl_Tab 10mg,0204000R0AAAHAH,5,0.0
938,E82042,Propranolol HCl_Tab 10mg,0204000R0AAAHAH,8,0.0
937,E82089,Propranolol HCl_Tab 10mg,0204000R0AAAHAH,8,0.0
936,E82082,Propranolol HCl_Tab 10mg,0204000R0AAAHAH,1,0.0
818,E82090,Propranolol HCl_Tab 10mg,0204000R0AAAHAH,1,0.0
1008,E82018,Propranolol HCl_Tab 10mg,0204000R0AAAHAH,4,0.0
816,E82090,Propranolol HCl_Tab 10mg,0204000R0AAAHAH,2,0.0
1020,E82092,Propranolol HCl_Tab 10mg,0204000R0AAAHAH,1,0.0
1014,E82058,Propranolol HCl_Tab 10mg,0204000R0AAAHAH,3,0.0
1015,E82040,Propranolol HCl_Tab 10mg,0204000R0AAAHAH,2,0.0
1016,E82023,Propranolol HCl_Tab 10mg,0204000R0AAAHAH,5,0.0
1017,E82044,Propranolol HCl_Tab 10mg,0204000R0AAAHAH,1,0.0
1018,E82006,Propranolol HCl_Tab 10mg,0204000R0AAAHAH,3,0.0
1019,E82044,Propranolol HCl_Tab 10mg,0204000R0AAAHAH,9,0.0
1021,E82080,Propranolol HCl_Tab 10mg,0204000R0AAAHAH,2,0.0
1029,E82654,Propranolol HCl_Tab 10mg,0204000R0AAAHAH,4,0.0
1022,E82061,Propranolol HCl_Tab 10mg,0204000R0AAAHAH,2,0.0
1023,E82008,Propranolol HCl_Tab 10mg,0204000R0AAAHAH,3,0.0
1024,E82038,Propranolol HCl_Tab 10mg,0204000R0AAAHAH,2,0.0
1025,E82080,Propranolol HCl_Tab 10mg,0204000R0AAAHAH,1,0.0
1026,E82100,Propranolol HCl_Tab 10mg,0204000R0AAAHAH,3,0.0
1027,E82067,Propranolol HCl_Tab 10mg,0204000R0AAAHAH,4,0.0
1013,E82080,Propranolol HCl_Tab 10mg,0204000R0AAAHAH,6,0.0
1012,E82067,Propranolol HCl_Tab 10mg,0204000R0AAAHAH,3,0.0
815,E82038,Propranolol HCl_Tab 10mg,0204000R0AAAHAH,1,0.0
1010,E82093,Propranolol HCl_Tab 10mg,0204000R0AAAHAH,1,0.0
732,E82121,Propranolol HCl_Tab 10mg,0204000R0AAAHAH,7,0.0
733,E82023,Propranolol HCl_Tab 10mg,0204000R0AAAHAH,2,0.0
734,E82121,Propranolol HCl_Tab 10mg,0204000R0AAAHAH,1,0.0
735,E82130,Propranolol HCl_Tab 10mg,0204000R0AAAHAH,1,0.0
736,E82007,Propranolol HCl_Tab 10mg,0204000R0AAAHAH,1,0.0
737,E82067,Propranolol HCl_Tab 10mg,0204000R0AAAHAH,12,0.0
738,E82058,Propranolol HCl_Tab 10mg,0204000R0AAAHAH,3,0.0
739,E82641,Propranolol HCl_Tab 10mg,0204000R0AAAHAH,4,0.0
740,E82021,Propranolol HCl_Tab 10mg,0204000R0AAAHAH,1,0.0
741,E82100,Propranolol HCl_Tab 10mg,0204000R0AAAHAH,1,0.0
742,D81047,Propranolol HCl_Tab 10mg,0204000R0AAAHAH,1,0.0
743,E82074,Propranolol HCl_Tab 10mg,0204000R0AAAHAH,6,0.0
744,E82061,Propranolol HCl_Tab 10mg,0204000R0AAAHAH,2,0.0
1028,E82115,Propranolol HCl_Tab 10mg,0204000R0AAAHAH,3,0.0
1030,E82133,Propranolol HCl_Tab 10mg,0204000R0AAAHAH,3,0.0
746,E82002,Propranolol HCl_Tab 10mg,0204000R0AAAHAH,1,0.0
1055,E82082,Propranolol HCl_Tab 10mg,0204000R0AAAHAH,9,0.0
1049,E82067,Propranolol HCl_Tab 10mg,0204000R0AAAHAH,4,0.0
1050,E82067,Propranolol HCl_Tab 10mg,0204000R0AAAHAH,5,0.0
1051,E82041,Propranolol HCl_Tab 10mg,0204000R0AAAHAH,1,0.0
1052,E82130,Propranolol HCl_Tab 10mg,0204000R0AAAHAH,4,0.0
1053,E82115,Propranolol HCl_Tab 10mg,0204000R0AAAHAH,1,0.0
1054,E82089,Propranolol HCl_Tab 10mg,0204000R0AAAHAH,3,0.0
1056,E82082,Propranolol HCl_Tab 10mg,0204000R0AAAHAH,7,0.0
1031,E82021,Propranolol HCl_Tab 10mg,0204000R0AAAHAH,1,0.0
1009,E82109,Propranolol HCl_Tab 10mg,0204000R0AAAHAH,2,0.0
1057,E82056,Propranolol HCl_Tab 10mg,0204000R0AAAHAH,1,0.0
1058,E82007,Propranolol HCl_Tab 10mg,0204000R0AAAHAH,1,0.0
1059,E82002,Propranolol HCl_Tab 10mg,0204000R0AAAHAH,1,0.0
1060,E82042,Propranolol HCl_Tab 10mg,0204000R0AAAHAH,8,0.0
1061,E82075,Propranolol HCl_Tab 10mg,0204000R0AAAHAH,1,0.0
1048,E82002,Propranolol HCl_Tab 10mg,0204000R0AAAHAH,1,0.0
1047,E82102,Propranolol HCl_Tab 10mg,0204000R0AAAHAH,3,0.0
1046,E82638,Propranolol HCl_Tab 10mg,0204000R0AAAHAH,5,0.0
1045,E82641,Propranolol HCl_Tab 10mg,0204000R0AAAHAH,1,0.0
1044,E82035,Propranolol HCl_Tab 10mg,0204000R0AAAHAH,8,0.0
1043,E82099,Propranolol HCl_Tab 10mg,0204000R0AAAHAH,2,0.0
1042,E82074,Propranolol HCl_Tab 10mg,0204000R0AAAHAH,1,0.0
1041,E82661,Propranolol HCl_Tab 10mg,0204000R0AAAHAH,1,0.0
1040,E82005,Propranolol HCl_Tab 10mg,0204000R0AAAHAH,1,0.0
1039,E82005,Propranolol HCl_Tab 10mg,0204000R0AAAHAH,5,0.0
1038,E82056,Propranolol HCl_Tab 10mg,0204000R0AAAHAH,2,0.0
1037,E82024,Propranolol HCl_Tab 10mg,0204000R0AAAHAH,6,0.0
1036,E82661,Propranolol HCl_Tab 10mg,0204000R0AAAHAH,5,0.0
1035,E82008,Propranolol HCl_Tab 10mg,0204000R0AAAHAH,8,0.0
1034,E82080,Propranolol HCl_Tab 10mg,0204000R0AAAHAH,1,0.0
1033,E82086,Propranolol HCl_Tab 10mg,0204000R0AAAHAH,6,0.0
1032,E82111,Propranolol HCl_Tab 10mg,0204000R0AAAHAH,1,0.0
745,E82018,Propranolol HCl_Tab 10mg,0204000R0AAAHAH,6,0.0
1011,E82041,Propranolol HCl_Tab 10mg,0204000R0AAAHAH,7,0.0
747,E82002,Propranolol HCl_Tab 10mg,0204000R0AAAHAH,2,0.0
785,E82067,Propranolol HCl_Tab 10mg,0204000R0AAAHAH,6,0.0
793,Y02639,Propranolol HCl_Tab 10mg,0204000R0AAAHAH,7,0.0
792,E82099,Propranolol HCl_Tab 10mg,0204000R0AAAHAH,1,0.0
791,E82041,Propranolol HCl_Tab 10mg,0204000R0AAAHAH,6,0.0
790,E82081,Propranolol HCl_Tab 10mg,0204000R0AAAHAH,1,0.0
789,E82053,Propranolol HCl_Tab 10mg,0204000R0AAAHAH,4,0.0
788,E82074,Propranolol HCl_Tab 10mg,0204000R0AAAHAH,1,0.0
787,E82041,Propranolol HCl_Tab 10mg,0204000R0AAAHAH,3,0.0
786,E82088,Propranolol HCl_Tab 10mg,0204000R0AAAHAH,1,0.0
784,E82100,Propranolol HCl_Tab 10mg,0204000R0AAAHAH,1,0.0
774,E82102,Propranolol HCl_Tab 10mg,0204000R0AAAHAH,5,0.0
783,E82086,Propranolol HCl_Tab 10mg,0204000R0AAAHAH,1,0.0
782,E82041,Propranolol HCl_Tab 10mg,0204000R0AAAHAH,2,0.0
781,E82111,Propranolol HCl_Tab 10mg,0204000R0AAAHAH,2,0.0
780,E82115,Propranolol HCl_Tab 10mg,0204000R0AAAHAH,6,0.0
779,E82005,Propranolol HCl_Tab 10mg,0204000R0AAAHAH,1,0.0
778,E82092,Propranolol HCl_Tab 10mg,0204000R0AAAHAH,3,0.0
777,E82130,Propranolol HCl_Tab 10mg,0204000R0AAAHAH,2,0.0
776,E82092,Propranolol HCl_Tab 10mg,0204000R0AAAHAH,1,0.0
794,E82040,Propranolol HCl_Tab 10mg,0204000R0AAAHAH,8,0.0
795,E82024,Propranolol HCl_Tab 10mg,0204000R0AAAHAH,2,0.0
796,E82024,Propranolol HCl_Tab 10mg,0204000R0AAAHAH,1,0.0
797,E82062,Propranolol HCl_Tab 10mg,0204000R0AAAHAH,1,0.0
814,E82040,Propranolol HCl_Tab 10mg,0204000R0AAAHAH,10,0.0
813,E82058,Propranolol HCl_Tab 10mg,0204000R0AAAHAH,1,0.0
812,E82086,Propranolol HCl_Tab 10mg,0204000R0AAAHAH,1,0.0
811,E82115,Propranolol HCl_Tab 10mg,0204000R0AAAHAH,4,0.0
810,E82006,Propranolol HCl_Tab 10mg,0204000R0AAAHAH,1,0.0
809,E82115,Propranolol HCl_Tab 10mg,0204000R0AAAHAH,3,0.0
808,E82042,Propranolol HCl_Tab 10mg,0204000R0AAAHAH,1,0.0
807,E82099,Propranolol HCl_Tab 10mg,0204000R0AAAHAH,9,0.0
806,E82654,Propranolol HCl_Tab 10mg,0204000R0AAAHAH,1,0.0
805,E82092,Propranolol HCl_Tab 10mg,0204000R0AAAHAH,7,0.0
804,E82661,Propranolol HCl_Tab 10mg,0204000R0AAAHAH,10,0.0
803,E82024,Propranolol HCl_Tab 10mg,0204000R0AAAHAH,1,0.0
802,E82053,Propranolol HCl_Tab 10mg,0204000R0AAAHAH,2,0.0
801,D81047,Propranolol HCl_Tab 10mg,0204000R0AAAHAH,2,0.0
800,E82130,Propranolol HCl_Tab 10mg,0204000R0AAAHAH,2,0.0
799,E82074,Propranolol HCl_Tab 10mg,0204000R0AAAHAH,1,0.0
798,E82081,Propranolol HCl_Tab 10mg,0204000R0AAAHAH,2,0.0
748,E82018,Propranolol HCl_Tab 10mg,0204000R0AAAHAH,8,0.0
775,E82654,Propranolol HCl_Tab 10mg,0204000R0AAAHAH,6,0.0
770,E82008,Propranolol HCl_Tab 10mg,0204000R0AAAHAH,2,0.0
749,E82007,Propranolol HCl_Tab 10mg,0204000R0AAAHAH,3,0.0
754,E82007,Propranolol HCl_Tab 10mg,0204000R0AAAHAH,6,0.0
769,E82019,Propranolol HCl_Tab 10mg,0204000R0AAAHAH,1,0.0
768,Y02639,Propranolol HCl_Tab 10mg,0204000R0AAAHAH,1,0.0
767,E82021,Propranolol HCl_Tab 10mg,0204000R0AAAHAH,1,0.0
766,E82023,Propranolol HCl_Tab 10mg,0204000R0AAAHAH,1,0.0
765,E82104,Propranolol HCl_Tab 10mg,0204000R0AAAHAH,1,0.0
764,E82115,Propranolol HCl_Tab 10mg,0204000R0AAAHAH,13,0.0
763,E82086,Propranolol HCl_Tab 10mg,0204000R0AAAHAH,17,0.0
762,E82100,Propranolol HCl_Tab 10mg,0204000R0AAAHAH,1,0.0
750,E82061,Propranolol HCl_Tab 10mg,0204000R0AAAHAH,1,0.0
773,E82035,Propranolol HCl_Tab 10mg,0204000R0AAAHAH,8,0.0
751,E82638,Propranolol HCl_Tab 10mg,0204000R0AAAHAH,1,0.0
752,E82123,Propranolol HCl_Tab 10mg,0204000R0AAAHAH,3,0.0
753,E82080,Propranolol HCl_Tab 10mg,0204000R0AAAHAH,1,0.0
761,E82019,Propranolol HCl_Tab 10mg,0204000R0AAAHAH,10,0.0
760,E82024,Propranolol HCl_Tab 10mg,0204000R0AAAHAH,2,0.0
759,E82089,Propranolol HCl_Tab 10mg,0204000R0AAAHAH,4,0.0
758,E82002,Propranolol HCl_Tab 10mg,0204000R0AAAHAH,2,0.0
757,E82080,Propranolol HCl_Tab 10mg,0204000R0AAAHAH,1,0.0
756,E82102,Propranolol HCl_Tab 10mg,0204000R0AAAHAH,1,0.0
771,E82041,Propranolol HCl_Tab 10mg,0204000R0AAAHAH,11,0.0
755,E82019,Propranolol HCl_Tab 10mg,0204000R0AAAHAH,7,0.0
32,D81047,Atorvastatin_Tab 20mg,0212000B0AAABAB,1,-0.0007999999999999674
575,E82115,Prednisolone_Tab Solb 5mg,0603020T0AABHBH,1,-0.0011999999999998678
574,E82126,Prednisolone_Tab Solb 5mg,0603020T0AABHBH,1,-0.0011999999999998678
572,Y02639,Prednisolone_Tab Solb 5mg,0603020T0AABHBH,1,-0.0011999999999998678
573,E82057,Prednisolone_Tab Solb 5mg,0603020T0AABHBH,1,-0.0011999999999998678
663,E82075,Memantine HCl_Tab 20mg,0411000G0AAADAD,1,-0.001199999999999951
357,E82620,Paracet_Tab 500mg,0407010H0AAAMAM,1,-0.0011999999999999997
356,E82620,Paracet_Tab 500mg,0407010H0AAAMAM,1,-0.0011999999999999997
33,E82062,Atorvastatin_Tab 20mg,0212000B0AAABAB,1,-0.0013999999999999985
1130,Y02639,Quetiapine_Tab 25mg,0402010ABAAABAB,1,-0.00140000000000004
359,E82062,Paracet_Tab 500mg,0407010H0AAAMAM,1,-0.001999999999999988
360,E82041,Paracet_Tab 500mg,0407010H0AAAMAM,1,-0.001999999999999988
361,E82090,Paracet_Tab 500mg,0407010H0AAAMAM,1,-0.001999999999999988
358,E82062,Paracet_Tab 500mg,0407010H0AAAMAM,1,-0.001999999999999988
362,E82041,Paracet_Tab 500mg,0407010H0AAAMAM,1,-0.001999999999999988
363,E82090,Paracet_Tab 500mg,0407010H0AAAMAM,1,-0.001999999999999988
579,E82082,Prednisolone_Tab Solb 5mg,0603020T0AABHBH,1,-0.0023999999999997357
582,E82133,Prednisolone_Tab Solb 5mg,0603020T0AABHBH,1,-0.0023999999999997357
581,E82641,Prednisolone_Tab Solb 5mg,0603020T0AABHBH,1,-0.0023999999999997357
580,E82088,Prednisolone_Tab Solb 5mg,0603020T0AABHBH,1,-0.0023999999999997357
578,E82093,Prednisolone_Tab Solb 5mg,0603020T0AABHBH,1,-0.0023999999999997357
583,E82661,Prednisolone_Tab Solb 5mg,0603020T0AABHBH,1,-0.0023999999999997357
576,E82053,Prednisolone_Tab Solb 5mg,0603020T0AABHBH,1,-0.0023999999999997357
585,E82079,Prednisolone_Tab Solb 5mg,0603020T0AABHBH,1,-0.0023999999999997357
577,Y02639,Prednisolone_Tab Solb 5mg,0603020T0AABHBH,1,-0.0023999999999997357
584,E82006,Prednisolone_Tab Solb 5mg,0603020T0AABHBH,1,-0.0023999999999997357
586,E82082,Prednisolone_Tab Solb 5mg,0603020T0AABHBH,1,-0.0024999999999997247
1184,E82021,Atorvastatin_Tab 40mg,0212000B0AAACAC,1,-0.002700000000000015
1062,E82005,Propranolol HCl_Tab 10mg,0204000R0AAAHAH,1,-0.0027000000000000773
589,E82024,Prednisolone_Tab Solb 5mg,0603020T0AABHBH,1,-0.0027999999999996916
588,Y01924,Prednisolone_Tab Solb 5mg,0603020T0AABHBH,1,-0.0027999999999996916
587,E82006,Prednisolone_Tab Solb 5mg,0603020T0AABHBH,1,-0.0027999999999996916
1135,E82082,Quetiapine_Tab 25mg,0402010ABAAABAB,1,-0.00280000000000008
1134,E82035,Quetiapine_Tab 25mg,0402010ABAAABAB,1,-0.00280000000000008
1133,E82102,Quetiapine_Tab 25mg,0402010ABAAABAB,1,-0.00280000000000008
1132,E82100,Quetiapine_Tab 25mg,0402010ABAAABAB,1,-0.00280000000000008
1131,E82099,Quetiapine_Tab 25mg,0402010ABAAABAB,1,-0.00280000000000008
34,E82042,Atorvastatin_Tab 20mg,0212000B0AAABAB,1,-0.0029999999999998778
1186,E82086,Atorvastatin_Tab 40mg,0212000B0AAACAC,1,-0.0029999999999998778
35,E82123,Atorvastatin_Tab 20mg,0212000B0AAABAB,1,-0.0029999999999998778
1185,E82093,Atorvastatin_Tab 40mg,0212000B0AAACAC,1,-0.0029999999999998778
1187,E82040,Atorvastatin_Tab 40mg,0212000B0AAACAC,1,-0.0029999999999998778
1188,E82082,Atorvastatin_Tab 40mg,0212000B0AAACAC,1,-0.0029999999999998778
40,E82062,Atorvastatin_Tab 20mg,0212000B0AAABAB,1,-0.0029999999999998778
39,E82082,Atorvastatin_Tab 20mg,0212000B0AAABAB,1,-0.0029999999999998778
38,E82080,Atorvastatin_Tab 20mg,0212000B0AAABAB,1,-0.0029999999999998778
36,E82109,Atorvastatin_Tab 20mg,0212000B0AAABAB,1,-0.0029999999999998778
37,Y02639,Atorvastatin_Tab 20mg,0212000B0AAABAB,1,-0.0029999999999998778
676,E82056,Montelukast_Tab 10mg,0303020G0AAABAB,1,-0.002999999999999947
664,E82641,Memantine HCl_Tab 20mg,0411000G0AAADAD,1,-0.002999999999999947
532,E82100,Atorvastatin_Tab 10mg,0212000B0AAAAAA,1,-0.002999999999999982
1063,E82093,Propranolol HCl_Tab 10mg,0204000R0AAAHAH,1,-0.003000000000000086
1065,E82044,Propranolol HCl_Tab 10mg,0204000R0AAAHAH,1,-0.003000000000000086
1066,E82061,Propranolol HCl_Tab 10mg,0204000R0AAAHAH,1,-0.003000000000000086
1064,E82041,Propranolol HCl_Tab 10mg,0204000R0AAAHAH,1,-0.003000000000000086
595,Y02639,Prednisolone_Tab Solb 5mg,0603020T0AABHBH,1,-0.0035999999999996035
593,E82086,Prednisolone_Tab Solb 5mg,0603020T0AABHBH,1,-0.0035999999999996035
590,E82056,Prednisolone_Tab Solb 5mg,0603020T0AABHBH,1,-0.0035999999999996035
594,E82018,Prednisolone_Tab Solb 5mg,0603020T0AABHBH,1,-0.0035999999999996035
592,E82008,Prednisolone_Tab Solb 5mg,0603020T0AABHBH,1,-0.0035999999999996035
591,E82092,Prednisolone_Tab Solb 5mg,0603020T0AABHBH,1,-0.0035999999999996035
596,E82056,Prednisolone_Tab Solb 5mg,0603020T0AABHBH,1,-0.0037000000000000366
597,E82018,Prednisolone_Tab Solb 5mg,0603020T0AABHBH,1,-0.0039999999999995595
598,E82126,Prednisolone_Tab Solb 5mg,0603020T0AABHBH,1,-0.0039999999999995595
599,Y02639,Prednisolone_Tab Solb 5mg,0603020T0AABHBH,1,-0.0039999999999995595
41,E82099,Atorvastatin_Tab 20mg,0212000B0AAABAB,1,-0.003999999999999976
371,E82035,Paracet_Tab 500mg,0407010H0AAAMAM,1,-0.003999999999999976
370,E82082,Paracet_Tab 500mg,0407010H0AAAMAM,1,-0.003999999999999976
369,E82019,Paracet_Tab 500mg,0407010H0AAAMAM,1,-0.003999999999999976
368,E82058,Paracet_Tab 500mg,0407010H0AAAMAM,1,-0.003999999999999976
367,E82019,Paracet_Tab 500mg,0407010H0AAAMAM,1,-0.003999999999999976
366,E82082,Paracet_Tab 500mg,0407010H0AAAMAM,1,-0.003999999999999976
365,E82035,Paracet_Tab 500mg,0407010H0AAAMAM,1,-0.003999999999999976
364,E82058,Paracet_Tab 500mg,0407010H0AAAMAM,1,-0.003999999999999976
533,E82023,Atorvastatin_Tab 10mg,0212000B0AAAAAA,1,-0.003999999999999976
1189,E82035,Atorvastatin_Tab 40mg,0212000B0AAACAC,1,-0.004000000000000045
601,E82062,Prednisolone_Tab Solb 5mg,0603020T0AABHBH,1,-0.0041999999999995374
600,E82042,Prednisolone_Tab Solb 5mg,0603020T0AABHBH,1,-0.0041999999999995374
42,E82019,Atorvastatin_Tab 20mg,0212000B0AAABAB,1,-0.004199999999999995
1136,E82082,Quetiapine_Tab 25mg,0402010ABAAABAB,1,-0.00420000000000012
43,E82099,Atorvastatin_Tab 20mg,0212000B0AAABAB,1,-0.004499999999999817
603,E82102,Prednisolone_Tab Solb 5mg,0603020T0AABHBH,1,-0.004799999999999471
602,E82641,Prednisolone_Tab Solb 5mg,0603020T0AABHBH,1,-0.004799999999999471
615,E82024,Prednisolone_Tab Solb 5mg,0603020T0AABHBH,1,-0.004799999999999471
614,E82018,Prednisolone_Tab Solb 5mg,0603020T0AABHBH,1,-0.004799999999999471
613,E82035,Prednisolone_Tab Solb 5mg,0603020T0AABHBH,1,-0.004799999999999471
612,Y01061,Prednisolone_Tab Solb 5mg,0603020T0AABHBH,1,-0.004799999999999471
611,E82038,Prednisolone_Tab Solb 5mg,0603020T0AABHBH,1,-0.004799999999999471
610,E82082,Prednisolone_Tab Solb 5mg,0603020T0AABHBH,1,-0.004799999999999471
609,E82654,Prednisolone_Tab Solb 5mg,0603020T0AABHBH,2,-0.004799999999999471
608,E82007,Prednisolone_Tab Solb 5mg,0603020T0AABHBH,2,-0.004799999999999471
607,E82007,Prednisolone_Tab Solb 5mg,0603020T0AABHBH,1,-0.004799999999999471
606,E82626,Prednisolone_Tab Solb 5mg,0603020T0AABHBH,1,-0.004799999999999471
605,Y01061,Prednisolone_Tab Solb 5mg,0603020T0AABHBH,2,-0.004799999999999471
604,E82089,Prednisolone_Tab Solb 5mg,0603020T0AABHBH,1,-0.004799999999999471
616,Y01061,Prednisolone_Tab Solb 5mg,0603020T0AABHBH,1,-0.0047999999999999154
617,E82100,Prednisolone_Tab Solb 5mg,0603020T0AABHBH,1,-0.0047999999999999154
618,E82044,Prednisolone_Tab Solb 5mg,0603020T0AABHBH,1,-0.0047999999999999154
375,E82620,Paracet_Tab 500mg,0407010H0AAAMAM,3,-0.004799999999999971
372,E82620,Paracet_Tab 500mg,0407010H0AAAMAM,3,-0.004799999999999971
373,E82104,Paracet_Tab 500mg,0407010H0AAAMAM,1,-0.004799999999999971
374,E82100,Paracet_Tab 500mg,0407010H0AAAMAM,1,-0.004799999999999971
377,E82104,Paracet_Tab 500mg,0407010H0AAAMAM,1,-0.004799999999999971
376,E82100,Paracet_Tab 500mg,0407010H0AAAMAM,1,-0.004799999999999971
619,E82109,Prednisolone_Tab Solb 5mg,0603020T0AABHBH,2,-0.004999999999999449
698,E82002,Betahistine HCl_Tab 16mg,0406000B0AAABAB,1,-0.005000000000000143
387,E82661,Paracet_Tab 500mg,0407010H0AAAMAM,1,-0.005599999999999966
384,E82067,Paracet_Tab 500mg,0407010H0AAAMAM,1,-0.005599999999999966
383,E82002,Paracet_Tab 500mg,0407010H0AAAMAM,1,-0.005599999999999966
382,E82067,Paracet_Tab 500mg,0407010H0AAAMAM,1,-0.005599999999999966
381,E82035,Paracet_Tab 500mg,0407010H0AAAMAM,1,-0.005599999999999966
380,E82002,Paracet_Tab 500mg,0407010H0AAAMAM,1,-0.005599999999999966
379,E82057,Paracet_Tab 500mg,0407010H0AAAMAM,1,-0.005599999999999966
378,E82057,Paracet_Tab 500mg,0407010H0AAAMAM,1,-0.005599999999999966
386,E82661,Paracet_Tab 500mg,0407010H0AAAMAM,1,-0.005599999999999966
385,E82035,Paracet_Tab 500mg,0407010H0AAAMAM,1,-0.005599999999999966
1138,E82042,Quetiapine_Tab 25mg,0402010ABAAABAB,4,-0.00560000000000016
1137,E82089,Quetiapine_Tab 25mg,0402010ABAAABAB,4,-0.00560000000000016
1139,E82075,Quetiapine_Tab 25mg,0402010ABAAABAB,4,-0.00560000000000016
1140,E82062,Quetiapine_Tab 25mg,0402010ABAAABAB,4,-0.00560000000000016
1141,E82079,Quetiapine_Tab 25mg,0402010ABAAABAB,4,-0.00560000000000016
620,Y02639,Prednisolone_Tab Solb 5mg,0603020T0AABHBH,1,-0.005799999999999361
700,Y01061,Betahistine HCl_Tab 16mg,0406000B0AAABAB,1,-0.006000000000000172
699,E82123,Betahistine HCl_Tab 16mg,0406000B0AAABAB,1,-0.006000000000000172
1142,E82123,Quetiapine_Tab 25mg,0402010ABAAABAB,5,-0.0070000000000002005
621,Y01061,Prednisolone_Tab Solb 5mg,0603020T0AABHBH,2,-0.007199999999999207
622,E82115,Prednisolone_Tab Solb 5mg,0603020T0AABHBH,2,-0.007999999999999119
623,E82005,Prednisolone_Tab Solb 5mg,0603020T0AABHBH,2,-0.008399999999999075
534,E82023,Atorvastatin_Tab 10mg,0212000B0AAAAAA,1,-0.008999999999999946
624,E82062,Prednisolone_Tab Solb 5mg,0603020T0AABHBH,2,-0.009599999999998943
625,E82005,Prednisolone_Tab Solb 5mg,0603020T0AABHBH,2,-0.009599999999998943
626,E82661,Prednisolone_Tab Solb 5mg,0603020T0AABHBH,2,-0.009599999999998943
627,E82080,Prednisolone_Tab Solb 5mg,0603020T0AABHBH,2,-0.009599999999999831
1151,E82090,Quetiapine_Tab 25mg,0402010ABAAABAB,4,-0.01120000000000032
1145,E82019,Quetiapine_Tab 25mg,0402010ABAAABAB,4,-0.01120000000000032
1146,E82008,Quetiapine_Tab 25mg,0402010ABAAABAB,4,-0.01120000000000032
1147,Y02639,Quetiapine_Tab 25mg,0402010ABAAABAB,4,-0.01120000000000032
1148,E82005,Quetiapine_Tab 25mg,0402010ABAAABAB,4,-0.01120000000000032
1149,E82661,Quetiapine_Tab 25mg,0402010ABAAABAB,4,-0.01120000000000032
1150,E82024,Quetiapine_Tab 25mg,0402010ABAAABAB,4,-0.01120000000000032
1143,E82019,Quetiapine_Tab 25mg,0402010ABAAABAB,8,-0.01120000000000032
1144,E82023,Quetiapine_Tab 25mg,0402010ABAAABAB,4,-0.01120000000000032
701,E82062,Betahistine HCl_Tab 16mg,0406000B0AAABAB,2,-0.012000000000000344
535,E82638,Atorvastatin_Tab 10mg,0212000B0AAAAAA,4,-0.012799999999999923
44,E82002,Atorvastatin_Tab 20mg,0212000B0AAABAB,5,-0.013999999999999985
1152,E82018,Quetiapine_Tab 25mg,0402010ABAAABAB,5,-0.014000000000000401
628,E82089,Prednisolone_Tab Solb 5mg,0603020T0AABHBH,3,-0.014399999999999746
629,E82092,Prednisolone_Tab Solb 5mg,0603020T0AABHBH,4,-0.015999999999998238
1154,E82093,Quetiapine_Tab 25mg,0402010ABAAABAB,4,-0.01680000000000048
1153,E82019,Quetiapine_Tab 25mg,0402010ABAAABAB,4,-0.01680000000000048
630,E82133,Prednisolone_Tab Solb 5mg,0603020T0AABHBH,4,-0.019199999999997885
702,E82082,Betahistine HCl_Tab 16mg,0406000B0AAABAB,1,-0.020000000000000573
1155,E82008,Quetiapine_Tab 25mg,0402010ABAAABAB,5,-0.0210000000000006
388,E82121,Paracet_Tab 500mg,0407010H0AAAMAM,4,-0.022399999999999864
390,E82104,Paracet_Tab 500mg,0407010H0AAAMAM,4,-0.022399999999999864
394,E82121,Paracet_Tab 500mg,0407010H0AAAMAM,4,-0.022399999999999864
393,E82109,Paracet_Tab 500mg,0407010H0AAAMAM,4,-0.022399999999999864
392,E82021,Paracet_Tab 500mg,0407010H0AAAMAM,4,-0.022399999999999864
391,E82021,Paracet_Tab 500mg,0407010H0AAAMAM,4,-0.022399999999999864
397,E82058,Paracet_Tab 500mg,0407010H0AAAMAM,4,-0.022399999999999864
389,E82104,Paracet_Tab 500mg,0407010H0AAAMAM,4,-0.022399999999999864
396,E82058,Paracet_Tab 500mg,0407010H0AAAMAM,4,-0.022399999999999864
395,E82109,Paracet_Tab 500mg,0407010H0AAAMAM,4,-0.022399999999999864
1156,E82041,Quetiapine_Tab 25mg,0402010ABAAABAB,6,-0.025200000000000722
399,E82133,Paracet_Tab 500mg,0407010H0AAAMAM,5,-0.02799999999999983
398,E82133,Paracet_Tab 500mg,0407010H0AAAMAM,5,-0.02799999999999983
45,E82002,Atorvastatin_Tab 20mg,0212000B0AAABAB,20,-0.02799999999999997
1157,E82080,Quetiapine_Tab 25mg,0402010ABAAABAB,13,-0.03640000000000104
1158,E82079,Quetiapine_Tab 25mg,0402010ABAAABAB,14,-0.03920000000000112
401,E82088,Paracet_Tab 500mg,0407010H0AAAMAM,9,-0.050399999999999695
400,E82086,Paracet_Tab 500mg,0407010H0AAAMAM,9,-0.050399999999999695
402,E82086,Paracet_Tab 500mg,0407010H0AAAMAM,9,-0.050399999999999695
403,E82088,Paracet_Tab 500mg,0407010H0AAAMAM,9,-0.050399999999999695
404,E82080,Paracet_Tab 500mg,0407010H0AAAMAM,10,-0.05599999999999966
405,E82063,Paracet_Tab 500mg,0407010H0AAAMAM,10,-0.05599999999999966
406,E82063,Paracet_Tab 500mg,0407010H0AAAMAM,10,-0.05599999999999966
407,E82080,Paracet_Tab 500mg,0407010H0AAAMAM,10,-0.05599999999999966
408,E82041,Paracet_Tab 500mg,0407010H0AAAMAM,11,-0.06159999999999963
409,E82041,Paracet_Tab 500mg,0407010H0AAAMAM,11,-0.06159999999999963
411,D81047,Paracet_Tab 500mg,0407010H0AAAMAM,12,-0.0671999999999996
410,D81047,Paracet_Tab 500mg,0407010H0AAAMAM,12,-0.0671999999999996
412,E82081,Paracet_Tab 500mg,0407010H0AAAMAM,13,-0.07279999999999956
413,E82082,Paracet_Tab 500mg,0407010H0AAAMAM,13,-0.07279999999999956
414,E82089,Paracet_Tab 500mg,0407010H0AAAMAM,13,-0.07279999999999956
415,E82089,Paracet_Tab 500mg,0407010H0AAAMAM,13,-0.07279999999999956
416,E82081,Paracet_Tab 500mg,0407010H0AAAMAM,13,-0.07279999999999956
417,E82082,Paracet_Tab 500mg,0407010H0AAAMAM,13,-0.07279999999999956
418,E82115,Paracet_Tab 500mg,0407010H0AAAMAM,15,-0.08399999999999949
419,E82115,Paracet_Tab 500mg,0407010H0AAAMAM,15,-0.08399999999999949
1159,E82040,Quetiapine_Tab 25mg,0402010ABAAABAB,30,-0.0840000000000024
420,E82008,Paracet_Tab 500mg,0407010H0AAAMAM,18,-0.10079999999999939
421,E82008,Paracet_Tab 500mg,0407010H0AAAMAM,18,-0.10079999999999939
422,E82092,Paracet_Tab 500mg,0407010H0AAAMAM,19,-0.10639999999999936
423,E82092,Paracet_Tab 500mg,0407010H0AAAMAM,19,-0.10639999999999936
424,E82023,Paracet_Tab 500mg,0407010H0AAAMAM,20,-0.11199999999999932
425,E82023,Paracet_Tab 500mg,0407010H0AAAMAM,20,-0.11199999999999932
426,E82019,Paracet_Tab 500mg,0407010H0AAAMAM,26,-0.14559999999999912
427,E82019,Paracet_Tab 500mg,0407010H0AAAMAM,26,-0.14559999999999912
429,E82061,Paracet_Tab 500mg,0407010H0AAAMAM,28,-0.15679999999999905
428,E82061,Paracet_Tab 500mg,0407010H0AAAMAM,28,-0.15679999999999905
430,E82062,Paracet_Tab 500mg,0407010H0AAAMAM,28,-0.15679999999999905
431,E82062,Paracet_Tab 500mg,0407010H0AAAMAM,28,-0.15679999999999905
433,E82090,Paracet_Tab 500mg,0407010H0AAAMAM,33,-0.18479999999999888
434,E82018,Paracet_Tab 500mg,0407010H0AAAMAM,33,-0.18479999999999888
437,E82093,Paracet_Tab 500mg,0407010H0AAAMAM,33,-0.18479999999999888
432,E82018,Paracet_Tab 500mg,0407010H0AAAMAM,33,-0.18479999999999888
435,E82090,Paracet_Tab 500mg,0407010H0AAAMAM,33,-0.18479999999999888
436,E82093,Paracet_Tab 500mg,0407010H0AAAMAM,33,-0.18479999999999888
438,E82074,Paracet_Tab 500mg,0407010H0AAAMAM,35,-0.19599999999999881
439,E82074,Paracet_Tab 500mg,0407010H0AAAMAM,35,-0.19599999999999881
440,E82044,Paracet_Tab 500mg,0407010H0AAAMAM,49,-0.2743999999999983
441,E82044,Paracet_Tab 500mg,0407010H0AAAMAM,49,-0.2743999999999983
442,E82075,Paracet_Tab 500mg,0407010H0AAAMAM,50,-0.2799999999999983
443,E82075,Paracet_Tab 500mg,0407010H0AAAMAM,50,-0.2799999999999983
703,E82102,Betahistine HCl_Tab 16mg,0406000B0AAABAB,1,-0.3024000000000001
1160,E82008,Quetiapine_Tab 25mg,0402010ABAAABAB,3,-0.6383999999999996
1161,E82008,Quetiapine_Tab 25mg,0402010ABAAABAB,5,-0.689999999999999
1162,E82018,Quetiapine_Tab 25mg,0402010ABAAABAB,4,-0.696
444,E82038,Paracet_Tab 500mg,0407010H0AAAMAM,18,-0.7199999999999988
445,E82038,Paracet_Tab 500mg,0407010H0AAAMAM,18,-0.7199999999999988
704,E82109,Betahistine HCl_Tab 16mg,0406000B0AAABAB,9,-0.9071999999999998
705,E82102,Betahistine HCl_Tab 16mg,0406000B0AAABAB,5,-0.9240000000000003
706,E82024,Betahistine HCl_Tab 16mg,0406000B0AAABAB,8,-0.940799999999999
446,E82057,Paracet_Tab 500mg,0407010H0AAAMAM,3,-1.0752000000000006
447,E82057,Paracet_Tab 500mg,0407010H0AAAMAM,3,-1.0752000000000006
448,E82041,Paracet_Tab 500mg,0407010H0AAAMAM,36,-1.4399999999999913
449,E82041,Paracet_Tab 500mg,0407010H0AAAMAM,36,-1.4399999999999913
450,E82044,Paracet_Tab 500mg,0407010H0AAAMAM,1,-1.92
451,E82044,Paracet_Tab 500mg,0407010H0AAAMAM,1,-1.92
707,E82038,Betahistine HCl_Tab 16mg,0406000B0AAABAB,1,-1.9260000000000002
452,E82005,Paracet_Tab 500mg,0407010H0AAAMAM,30,-2.399999999999996
453,E82005,Paracet_Tab 500mg,0407010H0AAAMAM,30,-2.399999999999996
708,E82099,Betahistine HCl_Tab 16mg,0406000B0AAABAB,7,-2.7636000000000016
709,E82086,Betahistine HCl_Tab 16mg,0406000B0AAABAB,11,-2.7720000000000025
455,E82082,Paracet_Tab 500mg,0407010H0AAAMAM,1,-3.1999999999999997
454,E82082,Paracet_Tab 500mg,0407010H0AAAMAM,1,-3.1999999999999997
