,practice_code,bnf_description,bnf_code,items,excess_cost
0,D82071,Atorvastatin_Tab 10mg,0212000B0AAAAAA,146,651.6271999999999
432,D82071,Candesartan Cilexetil_Tab 4mg,0205052C0AAABAB,95,305.368
1,D82071,Atorvastatin_Tab 10mg,0212000B0AAAAAA,51,279.3168
275,D82071,Atorvastatin_Tab 20mg,0212000B0AAABAB,218,270.40720000000005
309,D82071,Atorvastatin_Tab 40mg,0212000B0AAACAC,201,223.43160000000003
405,D82071,Candesartan Cilexetil_Tab 16mg,0205052C0AAADAD,38,217.056
406,D82071,Candesartan Cilexetil_Tab 16mg,0205052C0AAADAD,75,195.50999999999996
317,D82071,Sertraline HCl_Tab 100mg,0403030Q0AAABAB,60,189.504
276,D82071,Atorvastatin_Tab 20mg,0212000B0AAABAB,70,180.32
420,D82060,Memantine HCl_Tab 20mg,0411000G0AAADAD,8,171.0016
318,D82071,Sertraline HCl_Tab 100mg,0403030Q0AAABAB,34,162.79199999999997
310,D82071,Atorvastatin_Tab 40mg,0212000B0AAACAC,74,133.4368
421,D82012,Memantine HCl_Tab 20mg,0411000G0AAADAD,12,127.8228
293,Y03595,Montelukast_Tab 10mg,0303020G0AAABAB,38,121.93440000000001
294,D82048,Montelukast_Tab 10mg,0303020G0AAABAB,25,121.87
295,D82071,Montelukast_Tab 10mg,0303020G0AAABAB,58,121.80000000000001
277,D82060,Atorvastatin_Tab 20mg,0212000B0AAABAB,63,115.3656
296,D82071,Montelukast_Tab 10mg,0303020G0AAABAB,31,97.56320000000001
278,D82096,Atorvastatin_Tab 20mg,0212000B0AAABAB,54,90.1152
433,D82071,Candesartan Cilexetil_Tab 4mg,0205052C0AAABAB,25,89.46
42,Y02751,Paracet_Tab 500mg,0407010H0AAAMAM,26,80.3712
41,Y02751,Paracet_Tab 500mg,0407010H0AAAMAM,26,80.3712
44,D82071,Paracet_Tab 500mg,0407010H0AAAMAM,225,76.5
43,D82071,Paracet_Tab 500mg,0407010H0AAAMAM,225,76.5
435,D82071,Clopidogrel_Tab 75mg,0209000C0AAAAAA,25,70.0
422,Y03595,Memantine HCl_Tab 20mg,0411000G0AAADAD,4,63.896
436,D82060,Clopidogrel_Tab 75mg,0209000C0AAAAAA,2,61.86000000000001
437,D82048,Clopidogrel_Tab 75mg,0209000C0AAAAAA,66,58.396800000000006
423,D82076,Memantine HCl_Tab 20mg,0411000G0AAADAD,7,56.9968
319,D82012,Sertraline HCl_Tab 100mg,0403030Q0AAABAB,45,53.928000000000004
297,D82076,Montelukast_Tab 10mg,0303020G0AAABAB,18,50.702400000000004
298,D82048,Montelukast_Tab 10mg,0303020G0AAABAB,24,48.787200000000006
299,D82106,Montelukast_Tab 10mg,0303020G0AAABAB,12,48.753600000000006
279,D82060,Atorvastatin_Tab 20mg,0212000B0AAABAB,24,45.15840000000001
280,D82011,Atorvastatin_Tab 20mg,0212000B0AAABAB,141,45.007200000000026
311,D82048,Atorvastatin_Tab 40mg,0212000B0AAACAC,67,44.6488
438,D82071,Clopidogrel_Tab 75mg,0209000C0AAAAAA,134,34.893599999999985
439,D82012,Clopidogrel_Tab 75mg,0209000C0AAAAAA,3,30.923999999999996
45,Y02751,Paracet_Tab 500mg,0407010H0AAAMAM,36,30.240000000000006
46,Y02751,Paracet_Tab 500mg,0407010H0AAAMAM,36,30.240000000000006
320,D82012,Sertraline HCl_Tab 100mg,0403030Q0AAABAB,99,26.611199999999993
440,D82012,Clopidogrel_Tab 75mg,0209000C0AAAAAA,55,26.333999999999996
47,Y02751,Paracet_Tab 500mg,0407010H0AAAMAM,3,25.401600000000002
48,Y02751,Paracet_Tab 500mg,0407010H0AAAMAM,3,25.401600000000002
300,D82008,Montelukast_Tab 10mg,0303020G0AAABAB,32,24.3936
301,D82047,Montelukast_Tab 10mg,0303020G0AAABAB,10,24.387999999999995
302,D82060,Montelukast_Tab 10mg,0303020G0AAABAB,8,24.3712
303,D82024,Montelukast_Tab 10mg,0303020G0AAABAB,32,24.371199999999995
304,D82073,Montelukast_Tab 10mg,0303020G0AAABAB,20,24.360000000000003
305,D82023,Montelukast_Tab 10mg,0303020G0AAABAB,45,24.318000000000005
2,D82069,Atorvastatin_Tab 10mg,0212000B0AAAAAA,77,23.284800000000008
3,D82060,Atorvastatin_Tab 10mg,0212000B0AAAAAA,23,23.2484
4,D82060,Atorvastatin_Tab 10mg,0212000B0AAAAAA,13,23.2232
5,Y03595,Atorvastatin_Tab 10mg,0212000B0AAAAAA,57,23.142
6,D82024,Atorvastatin_Tab 10mg,0212000B0AAAAAA,55,23.099999999999998
7,D82048,Atorvastatin_Tab 10mg,0212000B0AAAAAA,133,23.088800000000017
8,D82012,Atorvastatin_Tab 10mg,0212000B0AAAAAA,95,22.87600000000001
281,D82017,Atorvastatin_Tab 20mg,0212000B0AAABAB,80,22.62400000000001
283,D82013,Atorvastatin_Tab 20mg,0212000B0AAABAB,11,22.5456
282,D82008,Atorvastatin_Tab 20mg,0212000B0AAABAB,61,22.5456
284,D82011,Atorvastatin_Tab 20mg,0212000B0AAABAB,113,22.46440000000001
312,D82048,Atorvastatin_Tab 40mg,0212000B0AAACAC,18,22.276799999999998
313,D82012,Atorvastatin_Tab 40mg,0212000B0AAACAC,37,22.273999999999997
306,D82026,Montelukast_Tab 10mg,0303020G0AAABAB,4,21.6804
49,D82024,Paracet_Tab 500mg,0407010H0AAAMAM,54,20.520000000000024
50,D82024,Paracet_Tab 500mg,0407010H0AAAMAM,54,20.520000000000024
51,D82071,Paracet_Tab 500mg,0407010H0AAAMAM,48,20.16000000000001
52,D82071,Paracet_Tab 500mg,0407010H0AAAMAM,48,20.16000000000001
53,D82048,Paracet_Tab 500mg,0407010H0AAAMAM,43,19.78
54,D82048,Paracet_Tab 500mg,0407010H0AAAMAM,43,19.78
441,D82012,Clopidogrel_Tab 75mg,0209000C0AAAAAA,82,17.44959999999999
55,D82012,Paracet_Tab 500mg,0407010H0AAAMAM,127,15.239999999999997
56,D82012,Paracet_Tab 500mg,0407010H0AAAMAM,127,15.239999999999997
58,D82071,Paracet_Tab 500mg,0407010H0AAAMAM,26,14.560000000000013
57,D82071,Paracet_Tab 500mg,0407010H0AAAMAM,26,14.560000000000013
60,D82060,Paracet_Tab 500mg,0407010H0AAAMAM,17,12.566400000000003
59,D82060,Paracet_Tab 500mg,0407010H0AAAMAM,17,12.566400000000003
9,D82008,Atorvastatin_Tab 10mg,0212000B0AAAAAA,34,11.614400000000002
10,D82012,Atorvastatin_Tab 10mg,0212000B0AAAAAA,37,11.603200000000001
61,D82008,Paracet_Tab 500mg,0407010H0AAAMAM,11,11.3344
62,D82008,Paracet_Tab 500mg,0407010H0AAAMAM,11,11.3344
442,D82012,Clopidogrel_Tab 75mg,0209000C0AAAAAA,43,11.106899999999998
64,D82047,Paracet_Tab 500mg,0407010H0AAAMAM,15,11.088000000000003
63,D82047,Paracet_Tab 500mg,0407010H0AAAMAM,15,11.088000000000003
66,D82096,Paracet_Tab 500mg,0407010H0AAAMAM,35,10.976000000000015
65,D82096,Paracet_Tab 500mg,0407010H0AAAMAM,35,10.976000000000015
407,D82073,Candesartan Cilexetil_Tab 16mg,0205052C0AAADAD,10,10.864
68,D82096,Paracet_Tab 500mg,0407010H0AAAMAM,27,10.260000000000012
67,D82096,Paracet_Tab 500mg,0407010H0AAAMAM,27,10.260000000000012
72,Y02751,Paracet_Tab 500mg,0407010H0AAAMAM,8,10.080000000000002
71,Y02751,Paracet_Tab 500mg,0407010H0AAAMAM,8,10.080000000000002
70,D82106,Paracet_Tab 500mg,0407010H0AAAMAM,9,10.080000000000002
69,D82106,Paracet_Tab 500mg,0407010H0AAAMAM,9,10.080000000000002
74,D82026,Paracet_Tab 500mg,0407010H0AAAMAM,38,9.119999999999997
73,D82026,Paracet_Tab 500mg,0407010H0AAAMAM,38,9.119999999999997
75,D82026,Paracet_Tab 500mg,0407010H0AAAMAM,91,9.100000000000009
76,D82026,Paracet_Tab 500mg,0407010H0AAAMAM,91,9.100000000000009
443,D82071,Clopidogrel_Tab 75mg,0209000C0AAAAAA,22,8.8396
444,Y03595,Clopidogrel_Tab 75mg,0209000C0AAAAAA,63,8.819999999999995
445,D82013,Clopidogrel_Tab 75mg,0209000C0AAAAAA,21,8.761200000000002
77,D82026,Paracet_Tab 500mg,0407010H0AAAMAM,1,8.4672
78,D82026,Paracet_Tab 500mg,0407010H0AAAMAM,1,8.4672
434,D82060,Candesartan Cilexetil_Tab 4mg,0205052C0AAABAB,10,7.4479999999999995
79,D82106,Paracet_Tab 500mg,0407010H0AAAMAM,5,6.720000000000002
80,D82106,Paracet_Tab 500mg,0407010H0AAAMAM,5,6.720000000000002
81,Y02751,Paracet_Tab 500mg,0407010H0AAAMAM,1,6.2496
82,Y02751,Paracet_Tab 500mg,0407010H0AAAMAM,1,6.2496
83,D82024,Paracet_Tab 500mg,0407010H0AAAMAM,86,6.019999999999993
84,D82024,Paracet_Tab 500mg,0407010H0AAAMAM,86,6.019999999999993
11,D82071,Atorvastatin_Tab 10mg,0212000B0AAAAAA,1,5.824000000000001
85,D82040,Paracet_Tab 500mg,0407010H0AAAMAM,8,5.6672
86,D82040,Paracet_Tab 500mg,0407010H0AAAMAM,8,5.6672
87,Y02751,Paracet_Tab 500mg,0407010H0AAAMAM,12,5.644800000000004
88,Y02751,Paracet_Tab 500mg,0407010H0AAAMAM,12,5.644800000000004
89,D82048,Paracet_Tab 500mg,0407010H0AAAMAM,8,5.6448
90,D82012,Paracet_Tab 500mg,0407010H0AAAMAM,4,5.6448
92,D82012,Paracet_Tab 500mg,0407010H0AAAMAM,4,5.6448
91,D82048,Paracet_Tab 500mg,0407010H0AAAMAM,8,5.6448
94,D82012,Paracet_Tab 500mg,0407010H0AAAMAM,61,5.4656000000000144
93,D82012,Paracet_Tab 500mg,0407010H0AAAMAM,61,5.4656000000000144
95,D82023,Paracet_Tab 500mg,0407010H0AAAMAM,104,5.200000000000005
96,D82023,Paracet_Tab 500mg,0407010H0AAAMAM,104,5.200000000000005
97,D82069,Paracet_Tab 500mg,0407010H0AAAMAM,36,5.040000000000007
98,D82069,Paracet_Tab 500mg,0407010H0AAAMAM,36,5.040000000000007
99,D82096,Paracet_Tab 500mg,0407010H0AAAMAM,68,4.7599999999999945
100,D82096,Paracet_Tab 500mg,0407010H0AAAMAM,68,4.7599999999999945
101,Y03595,Paracet_Tab 500mg,0407010H0AAAMAM,82,4.100000000000003
102,Y03595,Paracet_Tab 500mg,0407010H0AAAMAM,82,4.100000000000003
103,Y02751,Paracet_Tab 500mg,0407010H0AAAMAM,9,3.7296
104,Y02751,Paracet_Tab 500mg,0407010H0AAAMAM,9,3.7296
307,D82008,Montelukast_Tab 10mg,0303020G0AAABAB,55,2.4640000000000066
106,D82011,Paracet_Tab 500mg,0407010H0AAAMAM,8,1.5120000000000002
105,D82011,Paracet_Tab 500mg,0407010H0AAAMAM,8,1.5120000000000002
107,D82013,Paracet_Tab 500mg,0407010H0AAAMAM,30,1.5000000000000013
108,D82013,Paracet_Tab 500mg,0407010H0AAAMAM,30,1.5000000000000013
109,D82024,Paracet_Tab 500mg,0407010H0AAAMAM,18,1.2096000000000067
110,D82024,Paracet_Tab 500mg,0407010H0AAAMAM,18,1.2096000000000067
314,D82011,Atorvastatin_Tab 40mg,0212000B0AAACAC,56,1.0975999999999988
111,D82048,Paracet_Tab 500mg,0407010H0AAAMAM,109,1.0899999999999934
112,D82048,Paracet_Tab 500mg,0407010H0AAAMAM,109,1.0899999999999934
315,D82008,Atorvastatin_Tab 40mg,0212000B0AAACAC,49,0.8232000000000046
114,D82024,Paracet_Tab 500mg,0407010H0AAAMAM,5,0.6719999999999998
113,D82024,Paracet_Tab 500mg,0407010H0AAAMAM,5,0.6719999999999998
446,D82048,Clopidogrel_Tab 75mg,0209000C0AAAAAA,99,0.4850999999999995
321,D82047,Sertraline HCl_Tab 100mg,0403030Q0AAABAB,16,0.4031999999999991
447,D82040,Clopidogrel_Tab 75mg,0209000C0AAAAAA,74,0.3625999999999996
448,D82060,Clopidogrel_Tab 75mg,0209000C0AAAAAA,68,0.3331999999999996
449,D82008,Clopidogrel_Tab 75mg,0209000C0AAAAAA,61,0.29889999999999967
450,D82073,Clopidogrel_Tab 75mg,0209000C0AAAAAA,56,0.2743999999999997
322,D82641,Sertraline HCl_Tab 100mg,0403030Q0AAABAB,43,0.1978
451,D82026,Clopidogrel_Tab 75mg,0209000C0AAAAAA,39,0.1910999999999998
116,D82024,Paracet_Tab 500mg,0407010H0AAAMAM,6,0.18000000000000016
115,D82024,Paracet_Tab 500mg,0407010H0AAAMAM,6,0.18000000000000016
323,D82040,Sertraline HCl_Tab 100mg,0403030Q0AAABAB,76,0.15960000000000088
324,D82047,Sertraline HCl_Tab 100mg,0403030Q0AAABAB,31,0.1426
118,D82048,Paracet_Tab 500mg,0407010H0AAAMAM,1,0.13799999999999996
117,D82048,Paracet_Tab 500mg,0407010H0AAAMAM,1,0.13799999999999996
325,D82008,Sertraline HCl_Tab 100mg,0403030Q0AAABAB,29,0.1334
452,D82047,Clopidogrel_Tab 75mg,0209000C0AAAAAA,27,0.13229999999999986
326,Y03595,Sertraline HCl_Tab 100mg,0403030Q0AAABAB,28,0.1288
453,D82011,Clopidogrel_Tab 75mg,0209000C0AAAAAA,25,0.12249999999999986
408,D82048,Candesartan Cilexetil_Tab 16mg,0205052C0AAADAD,25,0.12249999999999986
12,D82048,Atorvastatin_Tab 10mg,0212000B0AAAAAA,56,0.11760000000000065
327,Y02751,Sertraline HCl_Tab 100mg,0403030Q0AAABAB,28,0.11760000000000065
328,D82040,Sertraline HCl_Tab 100mg,0403030Q0AAABAB,25,0.10500000000000058
13,D82023,Atorvastatin_Tab 10mg,0212000B0AAAAAA,22,0.1012
329,D82011,Sertraline HCl_Tab 100mg,0403030Q0AAABAB,23,0.09660000000000053
14,D82008,Atorvastatin_Tab 10mg,0212000B0AAAAAA,45,0.09450000000000053
331,D82008,Sertraline HCl_Tab 100mg,0403030Q0AAABAB,44,0.09240000000000051
330,D82048,Sertraline HCl_Tab 100mg,0403030Q0AAABAB,22,0.09240000000000051
332,D82008,Sertraline HCl_Tab 100mg,0403030Q0AAABAB,20,0.08400000000000046
15,D82040,Atorvastatin_Tab 10mg,0212000B0AAAAAA,38,0.07980000000000044
454,Y02751,Clopidogrel_Tab 75mg,0209000C0AAAAAA,16,0.07839999999999991
333,Y02751,Sertraline HCl_Tab 100mg,0403030Q0AAABAB,37,0.07770000000000044
119,D82048,Paracet_Tab 500mg,0407010H0AAAMAM,2,0.07680000000000042
120,D82048,Paracet_Tab 500mg,0407010H0AAAMAM,2,0.07680000000000042
334,D82087,Sertraline HCl_Tab 100mg,0403030Q0AAABAB,18,0.07560000000000042
456,D82076,Clopidogrel_Tab 75mg,0209000C0AAAAAA,15,0.07349999999999993
455,D82106,Clopidogrel_Tab 75mg,0209000C0AAAAAA,15,0.07349999999999993
335,D82076,Sertraline HCl_Tab 100mg,0403030Q0AAABAB,31,0.06510000000000035
457,D82017,Clopidogrel_Tab 75mg,0209000C0AAAAAA,13,0.06369999999999992
336,D82047,Sertraline HCl_Tab 100mg,0403030Q0AAABAB,28,0.058800000000000324
458,D82069,Clopidogrel_Tab 75mg,0209000C0AAAAAA,12,0.058799999999999936
337,D82048,Sertraline HCl_Tab 100mg,0403030Q0AAABAB,26,0.0546000000000003
459,D82024,Clopidogrel_Tab 75mg,0209000C0AAAAAA,11,0.05389999999999994
409,D82073,Candesartan Cilexetil_Tab 16mg,0205052C0AAADAD,11,0.05389999999999994
338,D82060,Sertraline HCl_Tab 100mg,0403030Q0AAABAB,24,0.05040000000000028
121,D82017,Paracet_Tab 500mg,0407010H0AAAMAM,12,0.050399999999999695
122,D82017,Paracet_Tab 500mg,0407010H0AAAMAM,12,0.050399999999999695
339,D82087,Sertraline HCl_Tab 100mg,0403030Q0AAABAB,23,0.048300000000000266
18,D82047,Atorvastatin_Tab 10mg,0212000B0AAAAAA,23,0.048300000000000266
17,D82012,Atorvastatin_Tab 10mg,0212000B0AAAAAA,23,0.048300000000000266
16,D82106,Atorvastatin_Tab 10mg,0212000B0AAAAAA,23,0.048300000000000266
340,D82073,Sertraline HCl_Tab 100mg,0403030Q0AAABAB,11,0.046200000000000255
341,D82641,Sertraline HCl_Tab 100mg,0403030Q0AAABAB,21,0.04410000000000024
460,D82096,Clopidogrel_Tab 75mg,0209000C0AAAAAA,9,0.04409999999999995
342,D82047,Sertraline HCl_Tab 100mg,0403030Q0AAABAB,10,0.04200000000000023
343,D82012,Sertraline HCl_Tab 100mg,0403030Q0AAABAB,10,0.04200000000000023
344,D82060,Sertraline HCl_Tab 100mg,0403030Q0AAABAB,10,0.04200000000000023
461,D82013,Clopidogrel_Tab 75mg,0209000C0AAAAAA,8,0.03919999999999996
123,D82073,Paracet_Tab 500mg,0407010H0AAAMAM,6,0.03599999999999978
124,D82073,Paracet_Tab 500mg,0407010H0AAAMAM,6,0.03599999999999978
19,D82060,Atorvastatin_Tab 10mg,0212000B0AAAAAA,16,0.033600000000000185
20,D82069,Atorvastatin_Tab 10mg,0212000B0AAAAAA,15,0.031500000000000174
345,D82071,Sertraline HCl_Tab 100mg,0403030Q0AAABAB,15,0.031500000000000174
347,D82026,Sertraline HCl_Tab 100mg,0403030Q0AAABAB,7,0.029400000000000162
346,D82106,Sertraline HCl_Tab 100mg,0403030Q0AAABAB,14,0.029400000000000162
410,D82047,Candesartan Cilexetil_Tab 16mg,0205052C0AAADAD,6,0.029399999999999968
349,D82073,Sertraline HCl_Tab 100mg,0403030Q0AAABAB,13,0.02730000000000015
348,Y03595,Sertraline HCl_Tab 100mg,0403030Q0AAABAB,13,0.02730000000000015
351,D82017,Sertraline HCl_Tab 100mg,0403030Q0AAABAB,6,0.02520000000000014
350,D82641,Sertraline HCl_Tab 100mg,0403030Q0AAABAB,6,0.02520000000000014
352,D82017,Sertraline HCl_Tab 100mg,0403030Q0AAABAB,12,0.02520000000000014
21,D82071,Atorvastatin_Tab 10mg,0212000B0AAAAAA,12,0.02520000000000014
353,D82012,Sertraline HCl_Tab 100mg,0403030Q0AAABAB,12,0.02520000000000014
125,D82013,Paracet_Tab 500mg,0407010H0AAAMAM,9,0.025199999999999848
126,D82017,Paracet_Tab 500mg,0407010H0AAAMAM,9,0.025199999999999848
128,D82017,Paracet_Tab 500mg,0407010H0AAAMAM,9,0.025199999999999848
127,D82013,Paracet_Tab 500mg,0407010H0AAAMAM,9,0.025199999999999848
411,D82008,Candesartan Cilexetil_Tab 16mg,0205052C0AAADAD,5,0.024499999999999973
462,D82023,Clopidogrel_Tab 75mg,0209000C0AAAAAA,5,0.024499999999999973
354,Y02751,Sertraline HCl_Tab 100mg,0403030Q0AAABAB,6,0.023400000000000046
355,D82026,Sertraline HCl_Tab 100mg,0403030Q0AAABAB,11,0.023100000000000127
129,D82048,Paracet_Tab 500mg,0407010H0AAAMAM,8,0.022399999999999864
130,D82048,Paracet_Tab 500mg,0407010H0AAAMAM,8,0.022399999999999864
285,D82040,Atorvastatin_Tab 20mg,0212000B0AAABAB,5,0.022000000000000075
131,D82040,Paracet_Tab 500mg,0407010H0AAAMAM,27,0.02159999999999987
132,D82040,Paracet_Tab 500mg,0407010H0AAAMAM,27,0.02159999999999987
22,D82011,Atorvastatin_Tab 10mg,0212000B0AAAAAA,10,0.021000000000000116
357,D82024,Sertraline HCl_Tab 100mg,0403030Q0AAABAB,10,0.021000000000000116
356,D82096,Sertraline HCl_Tab 100mg,0403030Q0AAABAB,5,0.021000000000000116
358,D82076,Sertraline HCl_Tab 100mg,0403030Q0AAABAB,5,0.021000000000000116
135,D82073,Paracet_Tab 500mg,0407010H0AAAMAM,5,0.020999999999999873
134,D82012,Paracet_Tab 500mg,0407010H0AAAMAM,5,0.020999999999999873
136,D82073,Paracet_Tab 500mg,0407010H0AAAMAM,5,0.020999999999999873
133,D82012,Paracet_Tab 500mg,0407010H0AAAMAM,5,0.020999999999999873
413,D82106,Candesartan Cilexetil_Tab 16mg,0205052C0AAADAD,4,0.01959999999999998
424,D82076,Memantine HCl_Tab 20mg,0411000G0AAADAD,4,0.01959999999999998
425,D82048,Memantine HCl_Tab 20mg,0411000G0AAADAD,4,0.01959999999999998
426,D82106,Memantine HCl_Tab 20mg,0411000G0AAADAD,4,0.01959999999999998
427,D82013,Memantine HCl_Tab 20mg,0411000G0AAADAD,4,0.01959999999999998
415,Y02751,Candesartan Cilexetil_Tab 16mg,0205052C0AAADAD,4,0.01959999999999998
428,D82060,Memantine HCl_Tab 20mg,0411000G0AAADAD,4,0.01959999999999998
414,D82060,Candesartan Cilexetil_Tab 16mg,0205052C0AAADAD,4,0.01959999999999998
412,D82011,Candesartan Cilexetil_Tab 16mg,0205052C0AAADAD,4,0.01959999999999998
416,D82076,Candesartan Cilexetil_Tab 16mg,0205052C0AAADAD,4,0.01959999999999998
463,D82087,Clopidogrel_Tab 75mg,0209000C0AAAAAA,4,0.01959999999999998
137,D82076,Paracet_Tab 500mg,0407010H0AAAMAM,7,0.01959999999999988
140,D82076,Paracet_Tab 500mg,0407010H0AAAMAM,7,0.01959999999999988
139,D82012,Paracet_Tab 500mg,0407010H0AAAMAM,7,0.01959999999999988
138,D82012,Paracet_Tab 500mg,0407010H0AAAMAM,7,0.01959999999999988
359,D82011,Sertraline HCl_Tab 100mg,0403030Q0AAABAB,9,0.018900000000000104
23,Y02751,Atorvastatin_Tab 10mg,0212000B0AAAAAA,8,0.016800000000000093
363,D82023,Sertraline HCl_Tab 100mg,0403030Q0AAABAB,8,0.016800000000000093
24,D82008,Atorvastatin_Tab 10mg,0212000B0AAAAAA,4,0.016800000000000093
361,D82071,Sertraline HCl_Tab 100mg,0403030Q0AAABAB,4,0.016800000000000093
362,D82088,Sertraline HCl_Tab 100mg,0403030Q0AAABAB,4,0.016800000000000093
360,D82013,Sertraline HCl_Tab 100mg,0403030Q0AAABAB,8,0.016800000000000093
364,D82024,Sertraline HCl_Tab 100mg,0403030Q0AAABAB,4,0.016800000000000093
144,Y02751,Paracet_Tab 500mg,0407010H0AAAMAM,4,0.0167999999999999
149,D82026,Paracet_Tab 500mg,0407010H0AAAMAM,4,0.0167999999999999
148,Y02751,Paracet_Tab 500mg,0407010H0AAAMAM,4,0.0167999999999999
147,D82069,Paracet_Tab 500mg,0407010H0AAAMAM,4,0.0167999999999999
146,D82026,Paracet_Tab 500mg,0407010H0AAAMAM,4,0.0167999999999999
150,D82106,Paracet_Tab 500mg,0407010H0AAAMAM,4,0.0167999999999999
145,D82106,Paracet_Tab 500mg,0407010H0AAAMAM,4,0.0167999999999999
141,D82069,Paracet_Tab 500mg,0407010H0AAAMAM,4,0.0167999999999999
142,D82048,Paracet_Tab 500mg,0407010H0AAAMAM,4,0.0167999999999999
143,D82048,Paracet_Tab 500mg,0407010H0AAAMAM,4,0.0167999999999999
365,D82011,Sertraline HCl_Tab 100mg,0403030Q0AAABAB,4,0.01560000000000003
366,D82023,Sertraline HCl_Tab 100mg,0403030Q0AAABAB,4,0.01560000000000003
25,D82047,Atorvastatin_Tab 10mg,0212000B0AAAAAA,4,0.01560000000000003
26,D82024,Atorvastatin_Tab 10mg,0212000B0AAAAAA,7,0.014700000000000081
429,D82087,Memantine HCl_Tab 20mg,0411000G0AAADAD,3,0.014699999999999984
430,D82071,Memantine HCl_Tab 20mg,0411000G0AAADAD,3,0.014699999999999984
464,Y03595,Clopidogrel_Tab 75mg,0209000C0AAAAAA,3,0.014699999999999984
27,D82013,Atorvastatin_Tab 10mg,0212000B0AAAAAA,6,0.01260000000000007
367,D82023,Sertraline HCl_Tab 100mg,0403030Q0AAABAB,3,0.01260000000000007
368,Y03595,Sertraline HCl_Tab 100mg,0403030Q0AAABAB,3,0.01260000000000007
151,D82076,Paracet_Tab 500mg,0407010H0AAAMAM,3,0.012599999999999924
152,D82076,Paracet_Tab 500mg,0407010H0AAAMAM,3,0.012599999999999924
158,D82073,Paracet_Tab 500mg,0407010H0AAAMAM,4,0.011999999999999927
153,D82011,Paracet_Tab 500mg,0407010H0AAAMAM,2,0.011999999999999927
154,D82011,Paracet_Tab 500mg,0407010H0AAAMAM,2,0.011999999999999927
155,Y00502,Paracet_Tab 500mg,0407010H0AAAMAM,2,0.011999999999999927
156,D82073,Paracet_Tab 500mg,0407010H0AAAMAM,4,0.011999999999999927
157,Y00502,Paracet_Tab 500mg,0407010H0AAAMAM,2,0.011999999999999927
159,Y02751,Paracet_Tab 500mg,0407010H0AAAMAM,4,0.011199999999999932
161,D82008,Paracet_Tab 500mg,0407010H0AAAMAM,4,0.011199999999999932
164,D82060,Paracet_Tab 500mg,0407010H0AAAMAM,4,0.011199999999999932
163,D82060,Paracet_Tab 500mg,0407010H0AAAMAM,4,0.011199999999999932
162,D82008,Paracet_Tab 500mg,0407010H0AAAMAM,4,0.011199999999999932
160,Y02751,Paracet_Tab 500mg,0407010H0AAAMAM,4,0.011199999999999932
28,Y03595,Atorvastatin_Tab 10mg,0212000B0AAAAAA,5,0.010500000000000058
29,D82096,Atorvastatin_Tab 10mg,0212000B0AAAAAA,5,0.010500000000000058
30,D82026,Atorvastatin_Tab 10mg,0212000B0AAAAAA,5,0.010500000000000058
431,D82073,Memantine HCl_Tab 20mg,0411000G0AAADAD,2,0.00979999999999999
166,Y02751,Paracet_Tab 500mg,0407010H0AAAMAM,2,0.008800000000000002
165,Y02751,Paracet_Tab 500mg,0407010H0AAAMAM,2,0.008800000000000002
31,D82011,Atorvastatin_Tab 10mg,0212000B0AAAAAA,2,0.008400000000000046
33,D82641,Atorvastatin_Tab 10mg,0212000B0AAAAAA,2,0.008400000000000046
35,D82087,Atorvastatin_Tab 10mg,0212000B0AAAAAA,4,0.008400000000000046
369,D82096,Sertraline HCl_Tab 100mg,0403030Q0AAABAB,4,0.008400000000000046
34,D82073,Atorvastatin_Tab 10mg,0212000B0AAAAAA,4,0.008400000000000046
32,D82026,Atorvastatin_Tab 10mg,0212000B0AAAAAA,2,0.008400000000000046
370,Y00502,Sertraline HCl_Tab 100mg,0403030Q0AAABAB,2,0.008400000000000046
168,D82026,Paracet_Tab 500mg,0407010H0AAAMAM,3,0.00839999999999995
167,D82026,Paracet_Tab 500mg,0407010H0AAAMAM,3,0.00839999999999995
371,Y00502,Sertraline HCl_Tab 100mg,0403030Q0AAABAB,2,0.007800000000000015
170,D82106,Paracet_Tab 500mg,0407010H0AAAMAM,5,0.006999999999999958
169,D82106,Paracet_Tab 500mg,0407010H0AAAMAM,5,0.006999999999999958
372,Y00502,Sertraline HCl_Tab 100mg,0403030Q0AAABAB,3,0.006300000000000035
286,D82040,Atorvastatin_Tab 20mg,0212000B0AAABAB,1,0.006000000000000172
179,D82076,Paracet_Tab 500mg,0407010H0AAAMAM,1,0.005999999999999964
186,D82026,Paracet_Tab 500mg,0407010H0AAAMAM,1,0.005999999999999964
185,D82013,Paracet_Tab 500mg,0407010H0AAAMAM,1,0.005999999999999964
184,D82011,Paracet_Tab 500mg,0407010H0AAAMAM,2,0.005999999999999964
183,D82012,Paracet_Tab 500mg,0407010H0AAAMAM,1,0.005999999999999964
180,D82076,Paracet_Tab 500mg,0407010H0AAAMAM,1,0.005999999999999964
171,D82011,Paracet_Tab 500mg,0407010H0AAAMAM,2,0.005999999999999964
182,D82040,Paracet_Tab 500mg,0407010H0AAAMAM,1,0.005999999999999964
172,D82087,Paracet_Tab 500mg,0407010H0AAAMAM,1,0.005999999999999964
173,D82013,Paracet_Tab 500mg,0407010H0AAAMAM,1,0.005999999999999964
174,D82087,Paracet_Tab 500mg,0407010H0AAAMAM,1,0.005999999999999964
175,D82040,Paracet_Tab 500mg,0407010H0AAAMAM,1,0.005999999999999964
176,D82008,Paracet_Tab 500mg,0407010H0AAAMAM,1,0.005999999999999964
177,D82008,Paracet_Tab 500mg,0407010H0AAAMAM,1,0.005999999999999964
178,D82026,Paracet_Tab 500mg,0407010H0AAAMAM,1,0.005999999999999964
181,D82012,Paracet_Tab 500mg,0407010H0AAAMAM,1,0.005999999999999964
187,D82017,Paracet_Tab 500mg,0407010H0AAAMAM,1,0.005599999999999994
188,D82017,Paracet_Tab 500mg,0407010H0AAAMAM,1,0.005599999999999994
191,D82071,Paracet_Tab 500mg,0407010H0AAAMAM,4,0.005599999999999966
189,D82008,Paracet_Tab 500mg,0407010H0AAAMAM,4,0.005599999999999966
190,D82071,Paracet_Tab 500mg,0407010H0AAAMAM,4,0.005599999999999966
192,D82008,Paracet_Tab 500mg,0407010H0AAAMAM,4,0.005599999999999966
287,D82076,Atorvastatin_Tab 20mg,0212000B0AAABAB,1,0.00540000000000003
373,Y00502,Sertraline HCl_Tab 100mg,0403030Q0AAABAB,1,0.0046
193,D82047,Paracet_Tab 500mg,0407010H0AAAMAM,3,0.004199999999999975
194,D82047,Paracet_Tab 500mg,0407010H0AAAMAM,3,0.004199999999999975
417,D82071,Candesartan Cilexetil_Tab 16mg,0205052C0AAADAD,1,0.004199999999999975
374,D82048,Sertraline HCl_Tab 100mg,0403030Q0AAABAB,1,0.004199999999999829
36,Y00502,Atorvastatin_Tab 10mg,0212000B0AAAAAA,1,0.0039000000000000076
288,Y02751,Atorvastatin_Tab 20mg,0212000B0AAABAB,1,0.00360000000000002
376,D82024,Sertraline HCl_Tab 100mg,0403030Q0AAABAB,1,0.0031999999999999806
375,D82018,Sertraline HCl_Tab 100mg,0403030Q0AAABAB,1,0.0031999999999999806
200,D82012,Paracet_Tab 500mg,0407010H0AAAMAM,1,0.002999999999999982
195,Y00502,Paracet_Tab 500mg,0407010H0AAAMAM,1,0.002999999999999982
197,D82017,Paracet_Tab 500mg,0407010H0AAAMAM,1,0.002999999999999982
199,D82017,Paracet_Tab 500mg,0407010H0AAAMAM,1,0.002999999999999982
198,Y00502,Paracet_Tab 500mg,0407010H0AAAMAM,1,0.002999999999999982
204,D82023,Paracet_Tab 500mg,0407010H0AAAMAM,1,0.002999999999999982
203,D82047,Paracet_Tab 500mg,0407010H0AAAMAM,1,0.002999999999999982
202,D82012,Paracet_Tab 500mg,0407010H0AAAMAM,1,0.002999999999999982
201,D82047,Paracet_Tab 500mg,0407010H0AAAMAM,1,0.002999999999999982
196,D82023,Paracet_Tab 500mg,0407010H0AAAMAM,1,0.002999999999999982
465,D82011,Clopidogrel_Tab 75mg,0209000C0AAAAAA,1,0.002999999999999947
206,D82073,Paracet_Tab 500mg,0407010H0AAAMAM,1,0.002799999999999983
205,D82073,Paracet_Tab 500mg,0407010H0AAAMAM,1,0.002799999999999983
377,D82087,Sertraline HCl_Tab 100mg,0403030Q0AAABAB,2,0.0021999999999999104
378,Y02751,Sertraline HCl_Tab 100mg,0403030Q0AAABAB,1,-0.0007999999999999952
208,D82071,Paracet_Tab 500mg,0407010H0AAAMAM,1,-0.0011999999999999997
207,D82071,Paracet_Tab 500mg,0407010H0AAAMAM,1,-0.0011999999999999997
379,D82024,Sertraline HCl_Tab 100mg,0403030Q0AAABAB,1,-0.001500000000000043
380,D82087,Sertraline HCl_Tab 100mg,0403030Q0AAABAB,1,-0.0015999999999999903
466,D82008,Clopidogrel_Tab 75mg,0209000C0AAAAAA,1,-0.0016000000000000458
467,D82040,Clopidogrel_Tab 75mg,0209000C0AAAAAA,1,-0.0020999999999999977
381,D82048,Sertraline HCl_Tab 100mg,0403030Q0AAABAB,1,-0.0023999999999999855
468,D82011,Clopidogrel_Tab 75mg,0209000C0AAAAAA,1,-0.002799999999999997
289,Y02751,Atorvastatin_Tab 20mg,0212000B0AAABAB,1,-0.0029999999999998778
290,D82076,Atorvastatin_Tab 20mg,0212000B0AAABAB,1,-0.0029999999999998778
382,Y02751,Sertraline HCl_Tab 100mg,0403030Q0AAABAB,1,-0.003000000000000086
384,Y02751,Sertraline HCl_Tab 100mg,0403030Q0AAABAB,1,-0.0031999999999999806
383,D82026,Sertraline HCl_Tab 100mg,0403030Q0AAABAB,1,-0.0031999999999999806
469,D82024,Clopidogrel_Tab 75mg,0209000C0AAAAAA,1,-0.0032000000000000917
418,D82040,Candesartan Cilexetil_Tab 16mg,0205052C0AAADAD,4,-0.00360000000000002
385,D82040,Sertraline HCl_Tab 100mg,0403030Q0AAABAB,1,-0.003600000000000103
210,D82017,Paracet_Tab 500mg,0407010H0AAAMAM,1,-0.003999999999999976
209,D82017,Paracet_Tab 500mg,0407010H0AAAMAM,1,-0.003999999999999976
386,Y00502,Sertraline HCl_Tab 100mg,0403030Q0AAABAB,1,-0.003999999999999976
291,D82026,Atorvastatin_Tab 20mg,0212000B0AAABAB,1,-0.003999999999999976
37,D82026,Atorvastatin_Tab 10mg,0212000B0AAAAAA,1,-0.003999999999999976
470,D82017,Clopidogrel_Tab 75mg,0209000C0AAAAAA,1,-0.003999999999999976
387,D82011,Sertraline HCl_Tab 100mg,0403030Q0AAABAB,1,-0.004199999999999975
388,D82096,Sertraline HCl_Tab 100mg,0403030Q0AAABAB,1,-0.004199999999999975
471,D82026,Clopidogrel_Tab 75mg,0209000C0AAAAAA,2,-0.004199999999999995
389,Y02751,Sertraline HCl_Tab 100mg,0403030Q0AAABAB,3,-0.004799999999999971
390,D82026,Sertraline HCl_Tab 100mg,0403030Q0AAABAB,2,-0.004799999999999971
391,Y02751,Sertraline HCl_Tab 100mg,0403030Q0AAABAB,1,-0.004799999999999971
212,D82012,Paracet_Tab 500mg,0407010H0AAAMAM,1,-0.004799999999999999
211,D82012,Paracet_Tab 500mg,0407010H0AAAMAM,1,-0.004799999999999999
308,D82024,Montelukast_Tab 10mg,0303020G0AAABAB,1,-0.005199999999999788
216,D82088,Paracet_Tab 500mg,0407010H0AAAMAM,1,-0.005599999999999966
215,D82023,Paracet_Tab 500mg,0407010H0AAAMAM,1,-0.005599999999999966
214,D82088,Paracet_Tab 500mg,0407010H0AAAMAM,1,-0.005599999999999966
213,D82023,Paracet_Tab 500mg,0407010H0AAAMAM,1,-0.005599999999999966
316,D82087,Atorvastatin_Tab 40mg,0212000B0AAACAC,2,-0.0059999999999997555
392,D82026,Sertraline HCl_Tab 100mg,0403030Q0AAABAB,1,-0.006000000000000172
393,D82013,Sertraline HCl_Tab 100mg,0403030Q0AAABAB,1,-0.006000000000000172
394,D82011,Sertraline HCl_Tab 100mg,0403030Q0AAABAB,4,-0.006399999999999961
395,D82023,Sertraline HCl_Tab 100mg,0403030Q0AAABAB,8,-0.006399999999999961
38,D82047,Atorvastatin_Tab 10mg,0212000B0AAAAAA,8,-0.006399999999999961
218,D82040,Paracet_Tab 500mg,0407010H0AAAMAM,4,-0.009599999999999942
217,D82040,Paracet_Tab 500mg,0407010H0AAAMAM,4,-0.009599999999999942
399,D82047,Sertraline HCl_Tab 100mg,0403030Q0AAABAB,4,-0.009599999999999942
398,D82641,Sertraline HCl_Tab 100mg,0403030Q0AAABAB,4,-0.009599999999999942
397,D82040,Sertraline HCl_Tab 100mg,0403030Q0AAABAB,3,-0.009599999999999942
396,D82040,Sertraline HCl_Tab 100mg,0403030Q0AAABAB,4,-0.009599999999999942
400,D82048,Sertraline HCl_Tab 100mg,0403030Q0AAABAB,1,-0.009600000000000275
472,D82071,Clopidogrel_Tab 75mg,0209000C0AAAAAA,5,-0.010499999999999989
39,D82012,Atorvastatin_Tab 10mg,0212000B0AAAAAA,4,-0.011999999999999927
401,D82047,Sertraline HCl_Tab 100mg,0403030Q0AAABAB,4,-0.012799999999999923
402,D82641,Sertraline HCl_Tab 100mg,0403030Q0AAABAB,10,-0.015999999999999903
292,D82040,Atorvastatin_Tab 20mg,0212000B0AAABAB,4,-0.01679999999999998
419,D82040,Candesartan Cilexetil_Tab 16mg,0205052C0AAADAD,4,-0.01759999999999995
40,D82012,Atorvastatin_Tab 10mg,0212000B0AAAAAA,3,-0.01799999999999989
220,D82060,Paracet_Tab 500mg,0407010H0AAAMAM,4,-0.019199999999999884
219,D82060,Paracet_Tab 500mg,0407010H0AAAMAM,4,-0.019199999999999884
473,D82008,Clopidogrel_Tab 75mg,0209000C0AAAAAA,30,-0.020999999999999977
403,Y03595,Sertraline HCl_Tab 100mg,0403030Q0AAABAB,10,-0.023999999999999855
221,D82024,Paracet_Tab 500mg,0407010H0AAAMAM,5,-0.02799999999999983
222,D82024,Paracet_Tab 500mg,0407010H0AAAMAM,5,-0.02799999999999983
223,D82069,Paracet_Tab 500mg,0407010H0AAAMAM,6,-0.0335999999999998
224,D82076,Paracet_Tab 500mg,0407010H0AAAMAM,6,-0.0335999999999998
225,D82069,Paracet_Tab 500mg,0407010H0AAAMAM,6,-0.0335999999999998
226,D82076,Paracet_Tab 500mg,0407010H0AAAMAM,6,-0.0335999999999998
228,D82087,Paracet_Tab 500mg,0407010H0AAAMAM,8,-0.04479999999999973
227,D82087,Paracet_Tab 500mg,0407010H0AAAMAM,8,-0.04479999999999973
229,D82106,Paracet_Tab 500mg,0407010H0AAAMAM,9,-0.050399999999999695
230,D82106,Paracet_Tab 500mg,0407010H0AAAMAM,9,-0.050399999999999695
231,D82026,Paracet_Tab 500mg,0407010H0AAAMAM,11,-0.06159999999999963
232,D82026,Paracet_Tab 500mg,0407010H0AAAMAM,11,-0.06159999999999963
234,D82008,Paracet_Tab 500mg,0407010H0AAAMAM,27,-0.06479999999999998
233,D82008,Paracet_Tab 500mg,0407010H0AAAMAM,27,-0.06479999999999998
235,D82071,Paracet_Tab 500mg,0407010H0AAAMAM,12,-0.0671999999999996
236,D82071,Paracet_Tab 500mg,0407010H0AAAMAM,12,-0.0671999999999996
238,D82012,Paracet_Tab 500mg,0407010H0AAAMAM,13,-0.07279999999999956
237,D82012,Paracet_Tab 500mg,0407010H0AAAMAM,13,-0.07279999999999956
239,D82017,Paracet_Tab 500mg,0407010H0AAAMAM,31,-0.07439999999999998
240,D82017,Paracet_Tab 500mg,0407010H0AAAMAM,31,-0.07439999999999998
241,D82047,Paracet_Tab 500mg,0407010H0AAAMAM,15,-0.08399999999999949
242,D82013,Paracet_Tab 500mg,0407010H0AAAMAM,15,-0.08399999999999949
243,D82013,Paracet_Tab 500mg,0407010H0AAAMAM,15,-0.08399999999999949
244,D82047,Paracet_Tab 500mg,0407010H0AAAMAM,15,-0.08399999999999949
245,D82011,Paracet_Tab 500mg,0407010H0AAAMAM,24,-0.1343999999999992
246,D82017,Paracet_Tab 500mg,0407010H0AAAMAM,24,-0.1343999999999992
247,D82011,Paracet_Tab 500mg,0407010H0AAAMAM,24,-0.1343999999999992
248,D82017,Paracet_Tab 500mg,0407010H0AAAMAM,24,-0.1343999999999992
249,D82060,Paracet_Tab 500mg,0407010H0AAAMAM,29,-0.16239999999999902
250,D82060,Paracet_Tab 500mg,0407010H0AAAMAM,29,-0.16239999999999902
404,D82013,Sertraline HCl_Tab 100mg,0403030Q0AAABAB,31,-0.17360000000000497
252,D82040,Paracet_Tab 500mg,0407010H0AAAMAM,32,-0.17919999999999892
251,D82040,Paracet_Tab 500mg,0407010H0AAAMAM,32,-0.17919999999999892
254,D82073,Paracet_Tab 500mg,0407010H0AAAMAM,35,-0.19599999999999881
253,D82073,Paracet_Tab 500mg,0407010H0AAAMAM,35,-0.19599999999999881
255,D82008,Paracet_Tab 500mg,0407010H0AAAMAM,39,-0.21839999999999868
256,D82008,Paracet_Tab 500mg,0407010H0AAAMAM,39,-0.21839999999999868
257,D82048,Paracet_Tab 500mg,0407010H0AAAMAM,41,-0.2295999999999986
258,D82048,Paracet_Tab 500mg,0407010H0AAAMAM,41,-0.2295999999999986
259,D82641,Paracet_Tab 500mg,0407010H0AAAMAM,60,-0.23999999999999938
260,D82641,Paracet_Tab 500mg,0407010H0AAAMAM,60,-0.23999999999999938
262,D82026,Paracet_Tab 500mg,0407010H0AAAMAM,51,-0.24479999999999993
261,D82026,Paracet_Tab 500mg,0407010H0AAAMAM,51,-0.24479999999999993
263,D82008,Paracet_Tab 500mg,0407010H0AAAMAM,60,-0.2879999999999999
264,D82008,Paracet_Tab 500mg,0407010H0AAAMAM,60,-0.2879999999999999
265,D82013,Paracet_Tab 500mg,0407010H0AAAMAM,2,-0.7167999999999999
266,D82013,Paracet_Tab 500mg,0407010H0AAAMAM,2,-0.7167999999999999
267,D82047,Paracet_Tab 500mg,0407010H0AAAMAM,28,-1.1199999999999932
268,D82047,Paracet_Tab 500mg,0407010H0AAAMAM,28,-1.1199999999999932
269,D82013,Paracet_Tab 500mg,0407010H0AAAMAM,21,-1.2599999999999996
270,D82013,Paracet_Tab 500mg,0407010H0AAAMAM,21,-1.2599999999999996
271,D82011,Paracet_Tab 500mg,0407010H0AAAMAM,22,-1.3199999999999996
272,D82011,Paracet_Tab 500mg,0407010H0AAAMAM,22,-1.3199999999999996
273,D82011,Paracet_Tab 500mg,0407010H0AAAMAM,98,-2.1951999999999865
274,D82011,Paracet_Tab 500mg,0407010H0AAAMAM,98,-2.1951999999999865
