,practice_code,bnf_description,bnf_code,items,excess_cost
0,N84001,Amiodarone HCl_Tab 200mg,0203020D0AAABAB,7,2.525000000000002
1,N84001,Amisulpride_Tab 400mg,0402010A0AAAEAE,4,1.9668000000000112
2,N84001,Clonazepam_Tab 500mcg,0408010F0AAABAB,2,0.949199999999998
3,N84001,Co-Codamol_Cap 8mg/500mg,0407010F0AAABAB,4,0.9600000000000108
4,N84001,Topiramate_Tab 200mg,040801050AAACAC,1,2.489999999999999
5,N84002,Amiodarone HCl_Tab 200mg,0203020D0AAABAB,4,1.4000000000000012
6,N84002,Clonazepam_Tab 500mcg,0408010F0AAABAB,2,1.1399999999999966
7,N84003,Amiodarone HCl_Tab 200mg,0203020D0AAABAB,7,2.450000000000002
8,N84003,Clonazepam_Tab 500mcg,0408010F0AAABAB,8,3.1639999999999935
9,N84003,Co-Codamol_Cap 8mg/500mg,0407010F0AAABAB,8,1.152000000000013
10,N84003,Pyridox HCl_Tab 50mg,0906024N0AAAIAI,1,1.4364000000000003
11,N84003,Topiramate_Cap 50mg,040801050AAAWAW,1,1.2839999999999985
12,N84004,Amiodarone HCl_Tab 200mg,0203020D0AAABAB,5,2.100000000000002
13,N84004,Amisulpride_Tab 400mg,0402010A0AAAEAE,2,0.9632000000000058
14,N84004,Clonazepam_Tab 500mcg,0408010F0AAABAB,7,1.898399999999996
15,N84004,Co-Codamol_Cap 8mg/500mg,0407010F0AAABAB,8,1.2800000000000145
16,N84004,Topiramate_Cap 50mg,040801050AAAWAW,1,4.793599999999994
17,N84007,Amiodarone HCl_Tab 200mg,0203020D0AAABAB,1,0.3500000000000003
18,N84007,Clonazepam_Tab 500mcg,0408010F0AAABAB,2,1.7401999999999964
19,N84007,Co-Codamol_Cap 8mg/500mg,0407010F0AAABAB,2,0.3200000000000036
20,N84007,Pyridox HCl_Tab 50mg,0906024N0AAAIAI,2,1.9152000000000005
21,N84007,Topiramate_Cap 50mg,040801050AAAWAW,1,1.2839999999999985
22,N84010,Amiodarone HCl_Tab 200mg,0203020D0AAABAB,1,0.3500000000000003
23,N84010,Co-Codamol_Cap 8mg/500mg,0407010F0AAABAB,2,0.3200000000000036
24,N84011,Amiodarone HCl_Tab 200mg,0203020D0AAABAB,5,1.7500000000000016
25,N84011,Amisulpride_Tab 400mg,0402010A0AAAEAE,4,0.8015000000000027
26,N84011,Clonazepam_Tab 500mcg,0408010F0AAABAB,2,1.2655999999999974
27,N84015,Amiodarone HCl_Tab 200mg,0203020D0AAABAB,4,1.4000000000000012
28,N84015,Amisulpride_Tab 400mg,0402010A0AAAEAE,2,1.3050000000000062
29,N84015,Clonazepam_Tab 500mcg,0408010F0AAABAB,5,3.0057999999999936
30,N84015,Co-Codamol_Cap 8mg/500mg,0407010F0AAABAB,2,0.7168000000000081
31,N84015,Topiramate_Tab 200mg,040801050AAACAC,3,5.9731999999999985
32,N84016,Amiodarone HCl_Tab 200mg,0203020D0AAABAB,6,2.100000000000002
33,N84016,Clonazepam_Tab 500mcg,0408010F0AAABAB,4,3.977599999999992
34,N84016,Pyridox HCl_Tab 50mg,0906024N0AAAIAI,5,5.266800000000002
35,N84019,Amiodarone HCl_Tab 200mg,0203020D0AAABAB,5,1.7500000000000016
36,N84019,Clonazepam_Tab 500mcg,0408010F0AAABAB,1,0.949199999999998
37,N84019,Co-Codamol_Cap 8mg/500mg,0407010F0AAABAB,2,0.3200000000000036
38,N84020,Amiodarone HCl_Tab 200mg,0203020D0AAABAB,5,2.100000000000002
39,N84020,Clonazepam_Tab 500mcg,0408010F0AAABAB,3,1.898399999999996
40,N84020,Pyridox HCl_Tab 50mg,0906024N0AAAIAI,1,0.4788000000000001
41,N84023,Amiodarone HCl_Tab 200mg,0203020D0AAABAB,7,2.450000000000002
42,N84023,Amisulpride_Tab 400mg,0402010A0AAAEAE,2,1.0036000000000054
43,N84023,Clonazepam_Tab 500mcg,0408010F0AAABAB,4,2.056599999999996
44,N84023,Co-Codamol_Cap 8mg/500mg,0407010F0AAABAB,6,0.9600000000000108
45,N84023,Risperidone_Tab 6mg,040201030AAAFAF,1,58.4192
46,N84023,Topiramate_Tab 200mg,040801050AAACAC,1,2.489999999999999
47,N84025,Amiodarone HCl_Tab 200mg,0203020D0AAABAB,8,2.8840000000000026
48,N84025,Amisulpride_Tab 400mg,0402010A0AAAEAE,2,0.7628000000000039
49,N84025,Clonazepam_Tab 500mcg,0408010F0AAABAB,5,2.372999999999995
50,N84025,Co-Codamol_Cap 8mg/500mg,0407010F0AAABAB,20,3.596800000000041
51,N84025,Pyridox HCl_Tab 50mg,0906024N0AAAIAI,1,0.9576000000000002
52,N84026,Amiodarone HCl_Tab 200mg,0203020D0AAABAB,3,1.050000000000001
53,N84027,Amiodarone HCl_Tab 200mg,0203020D0AAABAB,2,0.7000000000000006
54,N84027,Amisulpride_Tab 400mg,0402010A0AAAEAE,4,0.4816000000000029
55,N84027,Clonazepam_Tab 500mcg,0408010F0AAABAB,2,0.949199999999998
56,N84027,Pyridox HCl_Tab 50mg,0906024N0AAAIAI,1,1.4364000000000003
57,N84028,Amiodarone HCl_Tab 200mg,0203020D0AAABAB,4,1.4000000000000012
58,N84028,Amisulpride_Tab 400mg,0402010A0AAAEAE,4,1.4852000000000083
59,N84028,Clonazepam_Tab 500mcg,0408010F0AAABAB,12,4.74599999999999
60,N84028,Co-Codamol_Cap 8mg/500mg,0407010F0AAABAB,2,0.19200000000000217
61,N84028,Pyridox HCl_Tab 50mg,0906024N0AAAIAI,2,0.9576000000000002
62,N84029,Amiodarone HCl_Tab 200mg,0203020D0AAABAB,2,0.7000000000000006
63,N84029,Clonazepam_Tab 500mcg,0408010F0AAABAB,2,1.5819999999999967
64,N84029,Co-Codamol_Cap 8mg/500mg,0407010F0AAABAB,2,0.3200000000000036
65,N84029,Pyridox HCl_Tab 50mg,0906024N0AAAIAI,3,2.3940000000000006
66,N84034,Amiodarone HCl_Tab 200mg,0203020D0AAABAB,10,2.1735000000000015
67,N84034,Phenytoin_Sod Tab 100mg,0408010Q0AAAGAG,1,79.59839999999998
68,N84034,Pyridox HCl_Tab 50mg,0906024N0AAAIAI,1,0.9576000000000002
69,N84035,Amiodarone HCl_Tab 200mg,0203020D0AAABAB,4,1.7500000000000016
70,N84035,Topiramate_Tab 200mg,040801050AAACAC,1,1.1647999999999992
71,N84038,Amiodarone HCl_Tab 200mg,0203020D0AAABAB,2,0.7000000000000006
72,N84038,Amisulpride_Tab 400mg,0402010A0AAAEAE,3,0.3612000000000022
73,N84038,Clonazepam_Tab 500mcg,0408010F0AAABAB,1,0.949199999999998
74,N84038,Pyridox HCl_Tab 50mg,0906024N0AAAIAI,1,0.9576000000000002
75,N84041,Amiodarone HCl_Tab 200mg,0203020D0AAABAB,6,2.450000000000002
76,N84041,Co-Codamol_Cap 8mg/500mg,0407010F0AAABAB,2,0.12800000000000145
77,N84041,Pyridox HCl_Tab 50mg,0906024N0AAAIAI,2,5.745600000000001
78,N84043,Amiodarone HCl_Tab 200mg,0203020D0AAABAB,1,0.3500000000000003
79,N84043,Amisulpride_Tab 400mg,0402010A0AAAEAE,1,0.4816000000000029
80,N84605,Amiodarone HCl_Tab 200mg,0203020D0AAABAB,4,1.4000000000000012
81,N84605,Ropinirole HCl_Tab 5mg,0409010H0AAADAD,1,7.744800000000005
82,N84615,Amiodarone HCl_Tab 200mg,0203020D0AAABAB,4,0.6041000000000003
83,N84615,Amisulpride_Tab 400mg,0402010A0AAAEAE,6,1.0836000000000066
84,N84621,Amiodarone HCl_Tab 200mg,0203020D0AAABAB,2,0.7000000000000006
85,N84621,Amisulpride_Tab 400mg,0402010A0AAAEAE,1,0.24080000000000146
86,N84621,Clonazepam_Tab 500mcg,0408010F0AAABAB,3,1.898399999999996
87,N84621,Co-Codamol_Cap 8mg/500mg,0407010F0AAABAB,6,0.704000000000008
88,N84621,Pyridox HCl_Tab 50mg,0906024N0AAAIAI,1,1.4364000000000003
89,N84624,Amiodarone HCl_Tab 200mg,0203020D0AAABAB,1,0.3500000000000003
90,N84624,Risperidone_Tab 6mg,040201030AAAFAF,1,29.2096
91,N84626,Amiodarone HCl_Tab 200mg,0203020D0AAABAB,1,0.3500000000000003
92,N84626,Clonazepam_Tab 500mcg,0408010F0AAABAB,1,0.31639999999999935
93,N84626,Co-Codamol_Cap 8mg/500mg,0407010F0AAABAB,4,0.4096000000000046
94,N84627,Amiodarone HCl_Tab 200mg,0203020D0AAABAB,2,0.7000000000000006
95,N84627,Amisulpride_Tab 400mg,0402010A0AAAEAE,3,0.3612000000000022
96,N84630,Amisulpride_Tab 400mg,0402010A0AAAEAE,1,0.4816000000000029
97,N84630,Clonazepam_Tab 500mcg,0408010F0AAABAB,2,0.994399999999998
98,N84630,Risperidone_Tab 6mg,040201030AAAFAF,1,29.2096
99,Y00446,Amiodarone HCl_Tab 200mg,0203020D0AAABAB,1,0.3500000000000003
100,Y00446,Clonazepam_Tab 500mcg,0408010F0AAABAB,2,1.2655999999999974
101,Y00446,Topiramate_Tab 200mg,040801050AAACAC,1,2.489999999999999
102,Y03793,Amiodarone HCl_Tab 200mg,0203020D0AAABAB,1,0.3500000000000003
