,practice_code,bnf_description,bnf_code,items,excess_cost
288,K82023,Olanzapine_Tab 10mg,040201060AAACAC,3,144.6984
221,K82044,Mesalazine_Tab E/C 400mg,0105010B0AAAAAA,2,95.82719999999999
250,K82037,Atorvastatin_Tab 10mg,0212000B0AAAAAA,65,92.82000000000001
291,K82007,Phenytoin_Sod Tab 100mg,0408010Q0AAAGAG,2,59.707199999999986
402,K82049,Sildenafil_Tab 100mg,0704050Z0AAACAC,8,57.571200000000005
433,K82049,Sumatriptan_Tab 50mg,0407041T0AAAFAF,14,55.003199999999985
222,K82021,Mesalazine_Tab E/C 400mg,0105010B0AAAAAA,1,51.33599999999999
223,K82001,Mesalazine_Tab E/C 400mg,0105010B0AAAAAA,1,47.913599999999995
224,K82040,Mesalazine_Tab E/C 400mg,0105010B0AAAAAA,2,47.913599999999995
225,K82017,Mesalazine_Tab E/C 400mg,0105010B0AAAAAA,1,47.913599999999995
226,K82051,Mesalazine_Tab E/C 400mg,0105010B0AAAAAA,1,47.913599999999995
227,K82028,Mesalazine_Tab E/C 400mg,0105010B0AAAAAA,1,41.92439999999999
292,K82006,Phenytoin_Sod Tab 100mg,0408010Q0AAAGAG,1,39.79919999999999
365,K82024,Risperidone_Tab 6mg,040201030AAAFAF,4,29.232
366,K82603,Risperidone_Tab 6mg,040201030AAAFAF,1,29.2096
228,K82053,Mesalazine_Tab E/C 400mg,0105010B0AAAAAA,1,25.667999999999996
232,K82001,Mesalazine_Tab E/C 400mg,0105010B0AAAAAA,1,23.956799999999998
229,K82073,Mesalazine_Tab E/C 400mg,0105010B0AAAAAA,1,23.956799999999998
230,K82043,Mesalazine_Tab E/C 400mg,0105010B0AAAAAA,1,23.956799999999998
231,K82028,Mesalazine_Tab E/C 400mg,0105010B0AAAAAA,1,23.956799999999998
234,K82038,Mesalazine_Tab E/C 400mg,0105010B0AAAAAA,1,23.956799999999998
233,K82033,Mesalazine_Tab E/C 400mg,0105010B0AAAAAA,2,23.956799999999998
251,K82037,Atorvastatin_Tab 10mg,0212000B0AAAAAA,8,23.2736
252,K82618,Atorvastatin_Tab 10mg,0212000B0AAAAAA,11,23.254000000000005
235,K82031,Mesalazine_Tab E/C 400mg,0105010B0AAAAAA,1,17.099999999999998
236,K82033,Mesalazine_Tab E/C 400mg,0105010B0AAAAAA,1,15.971199999999998
0,K82037,Clonazepam_Tab 500mcg,0408010F0AAABAB,7,15.699599999999984
367,K82024,Risperidone_Tab 6mg,040201030AAAFAF,1,14.6048
368,K82046,Pyridox HCl_Tab 50mg,0906024N0AAAIAI,1,10.054800000000002
253,K82037,Atorvastatin_Tab 10mg,0212000B0AAAAAA,20,8.778
369,K82033,Pyridox HCl_Tab 50mg,0906024N0AAAIAI,7,6.703200000000002
370,K82029,Pyridox HCl_Tab 50mg,0906024N0AAAIAI,1,5.745600000000001
1,K82023,Clonazepam_Tab 500mcg,0408010F0AAABAB,3,5.695199999999988
293,K82007,Amiodarone HCl_Tab 200mg,0203020D0AAABAB,15,5.250000000000004
2,K82033,Clonazepam_Tab 500mcg,0408010F0AAABAB,7,4.429599999999991
294,K82023,Amiodarone HCl_Tab 200mg,0203020D0AAABAB,6,4.200000000000004
3,K82053,Clonazepam_Tab 500mcg,0408010F0AAABAB,1,4.067999999999992
372,K82020,Pyridox HCl_Tab 50mg,0906024N0AAAIAI,2,3.830400000000001
371,K82029,Pyridox HCl_Tab 50mg,0906024N0AAAIAI,1,3.830400000000001
6,K82066,Clonazepam_Tab 500mcg,0408010F0AAABAB,6,3.796799999999992
4,K82038,Clonazepam_Tab 500mcg,0408010F0AAABAB,6,3.796799999999992
5,K82073,Clonazepam_Tab 500mcg,0408010F0AAABAB,12,3.796799999999992
7,K82047,Clonazepam_Tab 500mcg,0408010F0AAABAB,1,3.796799999999992
8,K82055,Clonazepam_Tab 500mcg,0408010F0AAABAB,1,3.389999999999993
373,K82021,Pyridox HCl_Tab 50mg,0906024N0AAAIAI,1,3.3858000000000006
9,K82073,Clonazepam_Tab 500mcg,0408010F0AAABAB,5,3.1639999999999935
374,K82033,Pyridox HCl_Tab 50mg,0906024N0AAAIAI,1,2.8728000000000007
15,K82023,Clonazepam_Tab 500mcg,0408010F0AAABAB,9,2.847599999999994
10,K82012,Clonazepam_Tab 500mcg,0408010F0AAABAB,3,2.847599999999994
11,K82073,Clonazepam_Tab 500mcg,0408010F0AAABAB,3,2.847599999999994
12,K82040,Clonazepam_Tab 500mcg,0408010F0AAABAB,1,2.847599999999994
13,K82010,Clonazepam_Tab 500mcg,0408010F0AAABAB,3,2.847599999999994
14,K82023,Clonazepam_Tab 500mcg,0408010F0AAABAB,4,2.847599999999994
16,K82047,Clonazepam_Tab 500mcg,0408010F0AAABAB,9,2.847599999999994
295,K82066,Amiodarone HCl_Tab 200mg,0203020D0AAABAB,4,2.8000000000000025
296,K82040,Amiodarone HCl_Tab 200mg,0203020D0AAABAB,8,2.8000000000000025
28,K82021,Clonazepam_Tab 500mcg,0408010F0AAABAB,2,2.531199999999995
29,K82006,Clonazepam_Tab 500mcg,0408010F0AAABAB,2,2.531199999999995
30,K82019,Clonazepam_Tab 500mcg,0408010F0AAABAB,4,2.531199999999995
31,K82047,Clonazepam_Tab 500mcg,0408010F0AAABAB,4,2.531199999999995
27,K82040,Clonazepam_Tab 500mcg,0408010F0AAABAB,2,2.531199999999995
26,K82023,Clonazepam_Tab 500mcg,0408010F0AAABAB,1,2.531199999999995
22,K82036,Clonazepam_Tab 500mcg,0408010F0AAABAB,4,2.531199999999995
25,K82010,Clonazepam_Tab 500mcg,0408010F0AAABAB,1,2.531199999999995
24,K82008,Clonazepam_Tab 500mcg,0408010F0AAABAB,2,2.531199999999995
21,K82023,Clonazepam_Tab 500mcg,0408010F0AAABAB,2,2.531199999999995
17,K82053,Clonazepam_Tab 500mcg,0408010F0AAABAB,4,2.531199999999995
18,K82007,Clonazepam_Tab 500mcg,0408010F0AAABAB,2,2.531199999999995
19,K82033,Clonazepam_Tab 500mcg,0408010F0AAABAB,1,2.531199999999995
20,K82044,Clonazepam_Tab 500mcg,0408010F0AAABAB,2,2.531199999999995
23,K82038,Clonazepam_Tab 500mcg,0408010F0AAABAB,2,2.531199999999995
32,K82047,Clonazepam_Tab 500mcg,0408010F0AAABAB,2,2.531199999999995
297,K82033,Amiodarone HCl_Tab 200mg,0203020D0AAABAB,7,2.450000000000002
298,K82010,Amiodarone HCl_Tab 200mg,0203020D0AAABAB,7,2.450000000000002
33,K82047,Clonazepam_Tab 500mcg,0408010F0AAABAB,5,2.372999999999995
34,K82024,Clonazepam_Tab 500mcg,0408010F0AAABAB,2,2.2599999999999953
36,K82010,Clonazepam_Tab 500mcg,0408010F0AAABAB,1,2.2599999999999953
37,K82073,Clonazepam_Tab 500mcg,0408010F0AAABAB,1,2.2599999999999953
35,K82046,Clonazepam_Tab 500mcg,0408010F0AAABAB,1,2.2599999999999953
38,K82053,Clonazepam_Tab 500mcg,0408010F0AAABAB,7,2.2147999999999954
39,K82037,Clonazepam_Tab 500mcg,0408010F0AAABAB,1,2.2147999999999954
304,K82603,Amiodarone HCl_Tab 200mg,0203020D0AAABAB,6,2.100000000000002
299,K82073,Amiodarone HCl_Tab 200mg,0203020D0AAABAB,6,2.100000000000002
300,K82021,Amiodarone HCl_Tab 200mg,0203020D0AAABAB,3,2.100000000000002
301,K82038,Amiodarone HCl_Tab 200mg,0203020D0AAABAB,6,2.100000000000002
302,K82001,Amiodarone HCl_Tab 200mg,0203020D0AAABAB,3,2.100000000000002
303,K82029,Amiodarone HCl_Tab 200mg,0203020D0AAABAB,3,2.100000000000002
375,K82024,Pyridox HCl_Tab 50mg,0906024N0AAAIAI,1,2.0520000000000005
40,K82031,Clonazepam_Tab 500mcg,0408010F0AAABAB,1,2.033999999999996
41,K82010,Clonazepam_Tab 500mcg,0408010F0AAABAB,3,2.033999999999996
377,K82035,Pyridox HCl_Tab 50mg,0906024N0AAAIAI,1,1.9152000000000005
378,K82068,Pyridox HCl_Tab 50mg,0906024N0AAAIAI,2,1.9152000000000005
379,K82033,Pyridox HCl_Tab 50mg,0906024N0AAAIAI,1,1.9152000000000005
380,K82017,Pyridox HCl_Tab 50mg,0906024N0AAAIAI,1,1.9152000000000005
381,K82037,Pyridox HCl_Tab 50mg,0906024N0AAAIAI,1,1.9152000000000005
376,K82053,Pyridox HCl_Tab 50mg,0906024N0AAAIAI,2,1.9152000000000005
51,K82040,Clonazepam_Tab 500mcg,0408010F0AAABAB,3,1.898399999999996
52,K82053,Clonazepam_Tab 500mcg,0408010F0AAABAB,2,1.898399999999996
46,K82007,Clonazepam_Tab 500mcg,0408010F0AAABAB,6,1.898399999999996
47,K82008,Clonazepam_Tab 500mcg,0408010F0AAABAB,2,1.898399999999996
48,K82007,Clonazepam_Tab 500mcg,0408010F0AAABAB,3,1.898399999999996
49,K82078,Clonazepam_Tab 500mcg,0408010F0AAABAB,1,1.898399999999996
50,K82038,Clonazepam_Tab 500mcg,0408010F0AAABAB,2,1.898399999999996
43,K82047,Clonazepam_Tab 500mcg,0408010F0AAABAB,2,1.898399999999996
56,K82037,Clonazepam_Tab 500mcg,0408010F0AAABAB,3,1.898399999999996
53,K82033,Clonazepam_Tab 500mcg,0408010F0AAABAB,6,1.898399999999996
54,K82007,Clonazepam_Tab 500mcg,0408010F0AAABAB,2,1.898399999999996
55,K82021,Clonazepam_Tab 500mcg,0408010F0AAABAB,3,1.898399999999996
44,K82008,Clonazepam_Tab 500mcg,0408010F0AAABAB,3,1.898399999999996
57,K82079,Clonazepam_Tab 500mcg,0408010F0AAABAB,3,1.898399999999996
42,K82053,Clonazepam_Tab 500mcg,0408010F0AAABAB,1,1.898399999999996
45,K82066,Clonazepam_Tab 500mcg,0408010F0AAABAB,2,1.898399999999996
305,K82079,Amiodarone HCl_Tab 200mg,0203020D0AAABAB,5,1.7500000000000016
306,K82018,Amiodarone HCl_Tab 200mg,0203020D0AAABAB,5,1.7500000000000016
309,K82044,Amiodarone HCl_Tab 200mg,0203020D0AAABAB,5,1.7500000000000016
308,K82047,Amiodarone HCl_Tab 200mg,0203020D0AAABAB,5,1.7500000000000016
307,K82049,Amiodarone HCl_Tab 200mg,0203020D0AAABAB,5,1.7500000000000016
382,K82033,Pyridox HCl_Tab 50mg,0906024N0AAAIAI,1,1.7100000000000004
383,K82010,Pyridox HCl_Tab 50mg,0906024N0AAAIAI,1,1.7100000000000004
58,K82022,Clonazepam_Tab 500mcg,0408010F0AAABAB,1,1.6949999999999965
60,K82018,Clonazepam_Tab 500mcg,0408010F0AAABAB,1,1.5819999999999967
59,K82040,Clonazepam_Tab 500mcg,0408010F0AAABAB,1,1.5819999999999967
310,K82017,Amiodarone HCl_Tab 200mg,0203020D0AAABAB,2,1.5000000000000013
385,K82046,Pyridox HCl_Tab 50mg,0906024N0AAAIAI,1,1.4364000000000003
384,K82068,Pyridox HCl_Tab 50mg,0906024N0AAAIAI,1,1.4364000000000003
61,K82033,Clonazepam_Tab 500mcg,0408010F0AAABAB,9,1.423799999999997
320,K82046,Amiodarone HCl_Tab 200mg,0203020D0AAABAB,2,1.4000000000000012
314,K82046,Amiodarone HCl_Tab 200mg,0203020D0AAABAB,4,1.4000000000000012
313,K82048,Amiodarone HCl_Tab 200mg,0203020D0AAABAB,4,1.4000000000000012
312,K82055,Amiodarone HCl_Tab 200mg,0203020D0AAABAB,2,1.4000000000000012
311,K82024,Amiodarone HCl_Tab 200mg,0203020D0AAABAB,2,1.4000000000000012
317,K82004,Amiodarone HCl_Tab 200mg,0203020D0AAABAB,2,1.4000000000000012
318,K82020,Amiodarone HCl_Tab 200mg,0203020D0AAABAB,2,1.4000000000000012
319,K82036,Amiodarone HCl_Tab 200mg,0203020D0AAABAB,2,1.4000000000000012
321,K82004,Amiodarone HCl_Tab 200mg,0203020D0AAABAB,4,1.4000000000000012
316,K82017,Amiodarone HCl_Tab 200mg,0203020D0AAABAB,2,1.4000000000000012
322,K82058,Amiodarone HCl_Tab 200mg,0203020D0AAABAB,2,1.4000000000000012
323,K82021,Amiodarone HCl_Tab 200mg,0203020D0AAABAB,4,1.4000000000000012
315,K82023,Amiodarone HCl_Tab 200mg,0203020D0AAABAB,4,1.4000000000000012
66,K82014,Clonazepam_Tab 500mcg,0408010F0AAABAB,2,1.3559999999999972
65,K82047,Clonazepam_Tab 500mcg,0408010F0AAABAB,2,1.3559999999999972
64,K82043,Clonazepam_Tab 500mcg,0408010F0AAABAB,1,1.3559999999999972
63,K82007,Clonazepam_Tab 500mcg,0408010F0AAABAB,1,1.3559999999999972
62,K82001,Clonazepam_Tab 500mcg,0408010F0AAABAB,1,1.3559999999999972
82,K82024,Clonazepam_Tab 500mcg,0408010F0AAABAB,2,1.2655999999999974
76,K82046,Clonazepam_Tab 500mcg,0408010F0AAABAB,4,1.2655999999999974
67,K82004,Clonazepam_Tab 500mcg,0408010F0AAABAB,2,1.2655999999999974
68,K82008,Clonazepam_Tab 500mcg,0408010F0AAABAB,4,1.2655999999999974
69,K82037,Clonazepam_Tab 500mcg,0408010F0AAABAB,1,1.2655999999999974
70,K82031,Clonazepam_Tab 500mcg,0408010F0AAABAB,2,1.2655999999999974
71,K82017,Clonazepam_Tab 500mcg,0408010F0AAABAB,1,1.2655999999999974
72,K82053,Clonazepam_Tab 500mcg,0408010F0AAABAB,8,1.2655999999999974
73,K82028,Clonazepam_Tab 500mcg,0408010F0AAABAB,2,1.2655999999999974
83,K82024,Clonazepam_Tab 500mcg,0408010F0AAABAB,1,1.2655999999999974
75,K82023,Clonazepam_Tab 500mcg,0408010F0AAABAB,2,1.2655999999999974
74,K82004,Clonazepam_Tab 500mcg,0408010F0AAABAB,1,1.2655999999999974
77,K82051,Clonazepam_Tab 500mcg,0408010F0AAABAB,2,1.2655999999999974
87,K82066,Clonazepam_Tab 500mcg,0408010F0AAABAB,1,1.2655999999999974
84,K82058,Clonazepam_Tab 500mcg,0408010F0AAABAB,2,1.2655999999999974
78,K82030,Clonazepam_Tab 500mcg,0408010F0AAABAB,2,1.2655999999999974
86,K82046,Clonazepam_Tab 500mcg,0408010F0AAABAB,2,1.2655999999999974
85,K82058,Clonazepam_Tab 500mcg,0408010F0AAABAB,1,1.2655999999999974
88,K82001,Clonazepam_Tab 500mcg,0408010F0AAABAB,2,1.2655999999999974
80,K82010,Clonazepam_Tab 500mcg,0408010F0AAABAB,1,1.2655999999999974
79,K82048,Clonazepam_Tab 500mcg,0408010F0AAABAB,2,1.2655999999999974
81,K82018,Clonazepam_Tab 500mcg,0408010F0AAABAB,2,1.2655999999999974
89,K82042,Clonazepam_Tab 500mcg,0408010F0AAABAB,1,1.1751999999999976
90,K82012,Clonazepam_Tab 500mcg,0408010F0AAABAB,2,1.1399999999999966
91,Y01964,Clonazepam_Tab 500mcg,0408010F0AAABAB,1,1.1299999999999977
96,K82021,Clonazepam_Tab 500mcg,0408010F0AAABAB,1,1.1299999999999977
95,K82043,Clonazepam_Tab 500mcg,0408010F0AAABAB,1,1.1299999999999977
94,K82018,Clonazepam_Tab 500mcg,0408010F0AAABAB,1,1.1299999999999977
93,K82055,Clonazepam_Tab 500mcg,0408010F0AAABAB,1,1.1299999999999977
92,K82049,Clonazepam_Tab 500mcg,0408010F0AAABAB,1,1.1299999999999977
324,K82030,Amiodarone HCl_Tab 200mg,0203020D0AAABAB,3,1.050000000000001
325,K82078,Amiodarone HCl_Tab 200mg,0203020D0AAABAB,3,1.050000000000001
326,K82043,Amiodarone HCl_Tab 200mg,0203020D0AAABAB,3,1.050000000000001
329,K82028,Amiodarone HCl_Tab 200mg,0203020D0AAABAB,3,1.050000000000001
328,K82022,Amiodarone HCl_Tab 200mg,0203020D0AAABAB,3,1.050000000000001
327,K82068,Amiodarone HCl_Tab 200mg,0203020D0AAABAB,3,1.050000000000001
97,K82049,Clonazepam_Tab 500mcg,0408010F0AAABAB,1,1.016999999999998
99,K82055,Clonazepam_Tab 500mcg,0408010F0AAABAB,3,1.016999999999998
100,K82023,Clonazepam_Tab 500mcg,0408010F0AAABAB,1,1.016999999999998
98,K82046,Clonazepam_Tab 500mcg,0408010F0AAABAB,1,1.016999999999998
330,K82017,Amiodarone HCl_Tab 200mg,0203020D0AAABAB,12,1.0164
389,K82048,Pyridox HCl_Tab 50mg,0906024N0AAAIAI,1,0.9576000000000002
386,K82038,Pyridox HCl_Tab 50mg,0906024N0AAAIAI,1,0.9576000000000002
388,K82035,Pyridox HCl_Tab 50mg,0906024N0AAAIAI,1,0.9576000000000002
387,K82079,Pyridox HCl_Tab 50mg,0906024N0AAAIAI,2,0.9576000000000002
390,K82051,Pyridox HCl_Tab 50mg,0906024N0AAAIAI,1,0.9576000000000002
391,K82073,Pyridox HCl_Tab 50mg,0906024N0AAAIAI,1,0.9576000000000002
392,K82061,Pyridox HCl_Tab 50mg,0906024N0AAAIAI,1,0.9576000000000002
393,K82029,Pyridox HCl_Tab 50mg,0906024N0AAAIAI,1,0.9576000000000002
394,K82030,Pyridox HCl_Tab 50mg,0906024N0AAAIAI,1,0.9576000000000002
395,K82055,Pyridox HCl_Tab 50mg,0906024N0AAAIAI,1,0.9576000000000002
396,K82066,Pyridox HCl_Tab 50mg,0906024N0AAAIAI,1,0.9576000000000002
397,K82033,Pyridox HCl_Tab 50mg,0906024N0AAAIAI,2,0.9576000000000002
118,K82001,Clonazepam_Tab 500mcg,0408010F0AAABAB,3,0.949199999999998
115,K82024,Clonazepam_Tab 500mcg,0408010F0AAABAB,3,0.949199999999998
116,K82044,Clonazepam_Tab 500mcg,0408010F0AAABAB,1,0.949199999999998
117,K82036,Clonazepam_Tab 500mcg,0408010F0AAABAB,1,0.949199999999998
121,K82045,Clonazepam_Tab 500mcg,0408010F0AAABAB,1,0.949199999999998
119,K82029,Clonazepam_Tab 500mcg,0408010F0AAABAB,3,0.949199999999998
120,K82020,Clonazepam_Tab 500mcg,0408010F0AAABAB,1,0.949199999999998
113,K82055,Clonazepam_Tab 500mcg,0408010F0AAABAB,3,0.949199999999998
114,K82012,Clonazepam_Tab 500mcg,0408010F0AAABAB,2,0.949199999999998
111,K82011,Clonazepam_Tab 500mcg,0408010F0AAABAB,3,0.949199999999998
112,K82030,Clonazepam_Tab 500mcg,0408010F0AAABAB,1,0.949199999999998
101,K82058,Clonazepam_Tab 500mcg,0408010F0AAABAB,3,0.949199999999998
110,K82006,Clonazepam_Tab 500mcg,0408010F0AAABAB,1,0.949199999999998
109,K82019,Clonazepam_Tab 500mcg,0408010F0AAABAB,2,0.949199999999998
108,K82053,Clonazepam_Tab 500mcg,0408010F0AAABAB,2,0.949199999999998
107,K82055,Clonazepam_Tab 500mcg,0408010F0AAABAB,1,0.949199999999998
106,K82023,Clonazepam_Tab 500mcg,0408010F0AAABAB,1,0.949199999999998
105,K82046,Clonazepam_Tab 500mcg,0408010F0AAABAB,1,0.949199999999998
104,K82049,Clonazepam_Tab 500mcg,0408010F0AAABAB,1,0.949199999999998
102,K82044,Clonazepam_Tab 500mcg,0408010F0AAABAB,2,0.949199999999998
103,K82040,Clonazepam_Tab 500mcg,0408010F0AAABAB,3,0.949199999999998
122,K82007,Clonazepam_Tab 500mcg,0408010F0AAABAB,5,0.7909999999999984
123,K82033,Clonazepam_Tab 500mcg,0408010F0AAABAB,1,0.7909999999999984
124,K82040,Clonazepam_Tab 500mcg,0408010F0AAABAB,5,0.7909999999999984
125,K82030,Clonazepam_Tab 500mcg,0408010F0AAABAB,5,0.7909999999999984
126,K82603,Clonazepam_Tab 500mcg,0408010F0AAABAB,3,0.7118999999999985
333,K82037,Amiodarone HCl_Tab 200mg,0203020D0AAABAB,1,0.7000000000000006
338,K82068,Amiodarone HCl_Tab 200mg,0203020D0AAABAB,1,0.7000000000000006
339,K82035,Amiodarone HCl_Tab 200mg,0203020D0AAABAB,1,0.7000000000000006
340,K82028,Amiodarone HCl_Tab 200mg,0203020D0AAABAB,1,0.7000000000000006
341,K82014,Amiodarone HCl_Tab 200mg,0203020D0AAABAB,2,0.7000000000000006
342,K82053,Amiodarone HCl_Tab 200mg,0203020D0AAABAB,1,0.7000000000000006
343,K82014,Amiodarone HCl_Tab 200mg,0203020D0AAABAB,1,0.7000000000000006
344,K82053,Amiodarone HCl_Tab 200mg,0203020D0AAABAB,2,0.7000000000000006
345,K82006,Amiodarone HCl_Tab 200mg,0203020D0AAABAB,2,0.7000000000000006
346,K82073,Amiodarone HCl_Tab 200mg,0203020D0AAABAB,1,0.7000000000000006
347,K82618,Amiodarone HCl_Tab 200mg,0203020D0AAABAB,1,0.7000000000000006
335,K82055,Amiodarone HCl_Tab 200mg,0203020D0AAABAB,2,0.7000000000000006
334,K82031,Amiodarone HCl_Tab 200mg,0203020D0AAABAB,1,0.7000000000000006
336,K82008,Amiodarone HCl_Tab 200mg,0203020D0AAABAB,1,0.7000000000000006
332,K82012,Amiodarone HCl_Tab 200mg,0203020D0AAABAB,1,0.7000000000000006
337,K82047,Amiodarone HCl_Tab 200mg,0203020D0AAABAB,1,0.7000000000000006
331,K82008,Amiodarone HCl_Tab 200mg,0203020D0AAABAB,2,0.7000000000000006
140,K82066,Clonazepam_Tab 500mcg,0408010F0AAABAB,1,0.6779999999999986
139,K82023,Clonazepam_Tab 500mcg,0408010F0AAABAB,1,0.6779999999999986
138,K82004,Clonazepam_Tab 500mcg,0408010F0AAABAB,1,0.6779999999999986
137,K82051,Clonazepam_Tab 500mcg,0408010F0AAABAB,2,0.6779999999999986
136,K82018,Clonazepam_Tab 500mcg,0408010F0AAABAB,1,0.6779999999999986
135,K82058,Clonazepam_Tab 500mcg,0408010F0AAABAB,1,0.6779999999999986
134,K82048,Clonazepam_Tab 500mcg,0408010F0AAABAB,1,0.6779999999999986
133,K82078,Clonazepam_Tab 500mcg,0408010F0AAABAB,2,0.6779999999999986
132,K82012,Clonazepam_Tab 500mcg,0408010F0AAABAB,1,0.6779999999999986
131,K82030,Clonazepam_Tab 500mcg,0408010F0AAABAB,1,0.6779999999999986
130,K82046,Clonazepam_Tab 500mcg,0408010F0AAABAB,2,0.6779999999999986
128,K82038,Clonazepam_Tab 500mcg,0408010F0AAABAB,1,0.6779999999999986
129,K82078,Clonazepam_Tab 500mcg,0408010F0AAABAB,1,0.6779999999999986
127,K82007,Clonazepam_Tab 500mcg,0408010F0AAABAB,2,0.6779999999999986
158,K82006,Clonazepam_Tab 500mcg,0408010F0AAABAB,1,0.6327999999999987
144,K82044,Clonazepam_Tab 500mcg,0408010F0AAABAB,2,0.6327999999999987
143,K82012,Clonazepam_Tab 500mcg,0408010F0AAABAB,2,0.6327999999999987
142,K82043,Clonazepam_Tab 500mcg,0408010F0AAABAB,1,0.6327999999999987
141,K82001,Clonazepam_Tab 500mcg,0408010F0AAABAB,4,0.6327999999999987
160,K82068,Clonazepam_Tab 500mcg,0408010F0AAABAB,2,0.6327999999999987
159,K82603,Clonazepam_Tab 500mcg,0408010F0AAABAB,1,0.6327999999999987
157,K82042,Clonazepam_Tab 500mcg,0408010F0AAABAB,1,0.6327999999999987
146,K82078,Clonazepam_Tab 500mcg,0408010F0AAABAB,1,0.6327999999999987
156,K82011,Clonazepam_Tab 500mcg,0408010F0AAABAB,1,0.6327999999999987
155,K82051,Clonazepam_Tab 500mcg,0408010F0AAABAB,2,0.6327999999999987
154,K82044,Clonazepam_Tab 500mcg,0408010F0AAABAB,1,0.6327999999999987
153,K82018,Clonazepam_Tab 500mcg,0408010F0AAABAB,2,0.6327999999999987
152,K82035,Clonazepam_Tab 500mcg,0408010F0AAABAB,1,0.6327999999999987
151,K82049,Clonazepam_Tab 500mcg,0408010F0AAABAB,1,0.6327999999999987
145,K82038,Clonazepam_Tab 500mcg,0408010F0AAABAB,2,0.6327999999999987
147,K82022,Clonazepam_Tab 500mcg,0408010F0AAABAB,1,0.6327999999999987
149,K82010,Clonazepam_Tab 500mcg,0408010F0AAABAB,1,0.6327999999999987
150,K82021,Clonazepam_Tab 500mcg,0408010F0AAABAB,2,0.6327999999999987
148,K82020,Clonazepam_Tab 500mcg,0408010F0AAABAB,2,0.6327999999999987
166,K82049,Clonazepam_Tab 500mcg,0408010F0AAABAB,1,0.5699999999999983
163,K82073,Clonazepam_Tab 500mcg,0408010F0AAABAB,1,0.5699999999999983
165,K82603,Clonazepam_Tab 500mcg,0408010F0AAABAB,1,0.5699999999999983
164,K82008,Clonazepam_Tab 500mcg,0408010F0AAABAB,1,0.5699999999999983
161,K82022,Clonazepam_Tab 500mcg,0408010F0AAABAB,1,0.5699999999999983
162,K82021,Clonazepam_Tab 500mcg,0408010F0AAABAB,1,0.5699999999999983
348,K82030,Amiodarone HCl_Tab 200mg,0203020D0AAABAB,6,0.5082
400,K82040,Pyridox HCl_Tab 50mg,0906024N0AAAIAI,1,0.4788000000000001
399,K82073,Pyridox HCl_Tab 50mg,0906024N0AAAIAI,1,0.4788000000000001
398,K82038,Pyridox HCl_Tab 50mg,0906024N0AAAIAI,1,0.4788000000000001
172,K82079,Clonazepam_Tab 500mcg,0408010F0AAABAB,1,0.474599999999999
167,K82030,Clonazepam_Tab 500mcg,0408010F0AAABAB,1,0.474599999999999
169,Y01964,Clonazepam_Tab 500mcg,0408010F0AAABAB,3,0.474599999999999
170,K82078,Clonazepam_Tab 500mcg,0408010F0AAABAB,1,0.474599999999999
171,K82040,Clonazepam_Tab 500mcg,0408010F0AAABAB,1,0.474599999999999
168,K82012,Clonazepam_Tab 500mcg,0408010F0AAABAB,2,0.474599999999999
173,K82014,Clonazepam_Tab 500mcg,0408010F0AAABAB,2,0.44399999999999995
174,K82037,Clonazepam_Tab 500mcg,0408010F0AAABAB,5,0.3954999999999992
349,K82061,Amiodarone HCl_Tab 200mg,0203020D0AAABAB,1,0.3500000000000003
351,K82017,Amiodarone HCl_Tab 200mg,0203020D0AAABAB,1,0.3500000000000003
352,K82029,Amiodarone HCl_Tab 200mg,0203020D0AAABAB,1,0.3500000000000003
353,K82019,Amiodarone HCl_Tab 200mg,0203020D0AAABAB,1,0.3500000000000003
354,K82020,Amiodarone HCl_Tab 200mg,0203020D0AAABAB,1,0.3500000000000003
356,K82024,Amiodarone HCl_Tab 200mg,0203020D0AAABAB,1,0.3500000000000003
357,K82037,Amiodarone HCl_Tab 200mg,0203020D0AAABAB,1,0.3500000000000003
358,K82031,Amiodarone HCl_Tab 200mg,0203020D0AAABAB,1,0.3500000000000003
350,K82001,Amiodarone HCl_Tab 200mg,0203020D0AAABAB,1,0.3500000000000003
355,K82051,Amiodarone HCl_Tab 200mg,0203020D0AAABAB,1,0.3500000000000003
175,K82022,Clonazepam_Tab 500mcg,0408010F0AAABAB,1,0.3389999999999993
183,K82038,Clonazepam_Tab 500mcg,0408010F0AAABAB,1,0.3389999999999993
176,K82031,Clonazepam_Tab 500mcg,0408010F0AAABAB,1,0.3389999999999993
177,K82023,Clonazepam_Tab 500mcg,0408010F0AAABAB,1,0.3389999999999993
178,K82043,Clonazepam_Tab 500mcg,0408010F0AAABAB,1,0.3389999999999993
179,K82079,Clonazepam_Tab 500mcg,0408010F0AAABAB,1,0.3389999999999993
181,K82073,Clonazepam_Tab 500mcg,0408010F0AAABAB,1,0.3389999999999993
182,K82053,Clonazepam_Tab 500mcg,0408010F0AAABAB,1,0.3389999999999993
180,K82020,Clonazepam_Tab 500mcg,0408010F0AAABAB,1,0.3389999999999993
360,K82007,Amiodarone HCl_Tab 200mg,0203020D0AAABAB,4,0.3388
361,K82024,Amiodarone HCl_Tab 200mg,0203020D0AAABAB,4,0.3388
359,K82070,Amiodarone HCl_Tab 200mg,0203020D0AAABAB,4,0.3388
193,K82028,Clonazepam_Tab 500mcg,0408010F0AAABAB,1,0.31639999999999935
201,K82042,Clonazepam_Tab 500mcg,0408010F0AAABAB,1,0.31639999999999935
200,K82079,Clonazepam_Tab 500mcg,0408010F0AAABAB,1,0.31639999999999935
199,K82036,Clonazepam_Tab 500mcg,0408010F0AAABAB,1,0.31639999999999935
198,K82006,Clonazepam_Tab 500mcg,0408010F0AAABAB,1,0.31639999999999935
197,K82023,Clonazepam_Tab 500mcg,0408010F0AAABAB,2,0.31639999999999935
196,K82017,Clonazepam_Tab 500mcg,0408010F0AAABAB,1,0.31639999999999935
195,K82004,Clonazepam_Tab 500mcg,0408010F0AAABAB,1,0.31639999999999935
194,K82048,Clonazepam_Tab 500mcg,0408010F0AAABAB,2,0.31639999999999935
192,K82049,Clonazepam_Tab 500mcg,0408010F0AAABAB,1,0.31639999999999935
191,K82024,Clonazepam_Tab 500mcg,0408010F0AAABAB,4,0.31639999999999935
190,K82078,Clonazepam_Tab 500mcg,0408010F0AAABAB,1,0.31639999999999935
189,K82031,Clonazepam_Tab 500mcg,0408010F0AAABAB,1,0.31639999999999935
188,K82022,Clonazepam_Tab 500mcg,0408010F0AAABAB,1,0.31639999999999935
187,K82007,Clonazepam_Tab 500mcg,0408010F0AAABAB,4,0.31639999999999935
186,K82048,Clonazepam_Tab 500mcg,0408010F0AAABAB,1,0.31639999999999935
185,K82603,Clonazepam_Tab 500mcg,0408010F0AAABAB,1,0.31639999999999935
184,K82030,Clonazepam_Tab 500mcg,0408010F0AAABAB,1,0.31639999999999935
202,K82073,Clonazepam_Tab 500mcg,0408010F0AAABAB,1,0.2799999999999997
203,K82007,Clonazepam_Tab 500mcg,0408010F0AAABAB,1,0.2799999999999997
362,K82001,Amiodarone HCl_Tab 200mg,0203020D0AAABAB,3,0.2541
204,K82010,Clonazepam_Tab 500mcg,0408010F0AAABAB,1,0.22199999999999998
401,K82024,Pyridox HCl_Tab 50mg,0906024N0AAAIAI,1,0.20639999999999992
205,K82049,Clonazepam_Tab 500mcg,0408010F0AAABAB,1,0.1791999999999998
206,K82023,Clonazepam_Tab 500mcg,0408010F0AAABAB,1,0.1791999999999998
207,K82020,Clonazepam_Tab 500mcg,0408010F0AAABAB,1,0.174
403,K82073,Sildenafil_Tab 100mg,0704050Z0AAACAC,32,0.16000000000000014
210,K82010,Clonazepam_Tab 500mcg,0408010F0AAABAB,2,0.15819999999999967
209,K82047,Clonazepam_Tab 500mcg,0408010F0AAABAB,1,0.15819999999999967
213,K82051,Clonazepam_Tab 500mcg,0408010F0AAABAB,1,0.15819999999999967
214,K82066,Clonazepam_Tab 500mcg,0408010F0AAABAB,2,0.15819999999999967
215,K82045,Clonazepam_Tab 500mcg,0408010F0AAABAB,1,0.15819999999999967
208,K82019,Clonazepam_Tab 500mcg,0408010F0AAABAB,1,0.15819999999999967
211,K82058,Clonazepam_Tab 500mcg,0408010F0AAABAB,1,0.15819999999999967
212,K82079,Clonazepam_Tab 500mcg,0408010F0AAABAB,1,0.15819999999999967
216,K82023,Clonazepam_Tab 500mcg,0408010F0AAABAB,1,0.1367999999999996
218,K82043,Clonazepam_Tab 500mcg,0408010F0AAABAB,1,0.11599999999999999
217,K82044,Clonazepam_Tab 500mcg,0408010F0AAABAB,1,0.11599999999999999
254,K82049,Atorvastatin_Tab 10mg,0212000B0AAAAAA,44,0.09240000000000051
404,K82040,Sildenafil_Tab 100mg,0704050Z0AAACAC,17,0.08500000000000008
363,K82020,Amiodarone HCl_Tab 200mg,0203020D0AAABAB,1,0.0847
255,K82055,Atorvastatin_Tab 10mg,0212000B0AAAAAA,36,0.07560000000000042
405,K82018,Sildenafil_Tab 100mg,0704050Z0AAACAC,15,0.07500000000000007
406,K82038,Sildenafil_Tab 100mg,0704050Z0AAACAC,12,0.06000000000000005
407,K82603,Sildenafil_Tab 100mg,0704050Z0AAACAC,11,0.05500000000000005
408,K82006,Sildenafil_Tab 100mg,0704050Z0AAACAC,8,0.040000000000000036
409,K82053,Sildenafil_Tab 100mg,0704050Z0AAACAC,7,0.03500000000000003
410,K82048,Sildenafil_Tab 100mg,0704050Z0AAACAC,7,0.03500000000000003
256,K82017,Atorvastatin_Tab 10mg,0212000B0AAAAAA,16,0.033600000000000185
257,K82001,Atorvastatin_Tab 10mg,0212000B0AAAAAA,16,0.033600000000000185
259,K82030,Atorvastatin_Tab 10mg,0212000B0AAAAAA,13,0.02730000000000015
258,K82042,Atorvastatin_Tab 10mg,0212000B0AAAAAA,13,0.02730000000000015
260,K82043,Atorvastatin_Tab 10mg,0212000B0AAAAAA,6,0.02520000000000014
412,K82042,Sildenafil_Tab 100mg,0704050Z0AAACAC,5,0.025000000000000022
411,K82079,Sildenafil_Tab 100mg,0704050Z0AAACAC,5,0.025000000000000022
219,K82040,Clonazepam_Tab 500mcg,0408010F0AAABAB,1,0.021199999999999997
416,K82030,Sildenafil_Tab 100mg,0704050Z0AAACAC,4,0.020000000000000018
414,K82043,Sildenafil_Tab 100mg,0704050Z0AAACAC,4,0.020000000000000018
415,K82007,Sildenafil_Tab 100mg,0704050Z0AAACAC,4,0.020000000000000018
413,K82037,Sildenafil_Tab 100mg,0704050Z0AAACAC,4,0.020000000000000018
263,K82043,Atorvastatin_Tab 10mg,0212000B0AAAAAA,8,0.016800000000000093
266,K82070,Atorvastatin_Tab 10mg,0212000B0AAAAAA,8,0.016800000000000093
265,K82008,Atorvastatin_Tab 10mg,0212000B0AAAAAA,8,0.016800000000000093
264,K82024,Atorvastatin_Tab 10mg,0212000B0AAAAAA,8,0.016800000000000093
261,K82073,Atorvastatin_Tab 10mg,0212000B0AAAAAA,8,0.016800000000000093
262,K82079,Atorvastatin_Tab 10mg,0212000B0AAAAAA,8,0.016800000000000093
237,K82024,Mesalazine_Tab E/C 400mg,0105010B0AAAAAA,4,0.01679999999999815
220,K82021,Clonazepam_Tab 500mcg,0408010F0AAABAB,1,0.015600000000000003
417,K82047,Sildenafil_Tab 100mg,0704050Z0AAACAC,3,0.015000000000000013
418,K82035,Sildenafil_Tab 100mg,0704050Z0AAACAC,3,0.015000000000000013
267,K82007,Atorvastatin_Tab 10mg,0212000B0AAAAAA,7,0.014700000000000081
289,K82053,Olanzapine_Tab 10mg,040201060AAACAC,2,0.011999999999998678
364,K82017,Amiodarone HCl_Tab 200mg,0203020D0AAABAB,1,0.010700000000000015
422,K82058,Sildenafil_Tab 100mg,0704050Z0AAACAC,2,0.010000000000000009
421,K82022,Sildenafil_Tab 100mg,0704050Z0AAACAC,2,0.010000000000000009
420,K82066,Sildenafil_Tab 100mg,0704050Z0AAACAC,2,0.010000000000000009
419,K82051,Sildenafil_Tab 100mg,0704050Z0AAACAC,2,0.010000000000000009
271,K82061,Atorvastatin_Tab 10mg,0212000B0AAAAAA,4,0.008400000000000046
270,K82033,Atorvastatin_Tab 10mg,0212000B0AAAAAA,4,0.008400000000000046
269,K82019,Atorvastatin_Tab 10mg,0212000B0AAAAAA,4,0.008400000000000046
268,K82023,Atorvastatin_Tab 10mg,0212000B0AAAAAA,4,0.008400000000000046
272,K82043,Atorvastatin_Tab 10mg,0212000B0AAAAAA,2,0.00839999999999995
434,K82073,Sumatriptan_Tab 50mg,0407041T0AAAFAF,2,0.008399999999999075
273,K82021,Atorvastatin_Tab 10mg,0212000B0AAAAAA,3,0.006300000000000035
425,K82014,Sildenafil_Tab 100mg,0704050Z0AAACAC,1,0.0050000000000000044
429,K82021,Sildenafil_Tab 100mg,0704050Z0AAACAC,1,0.0050000000000000044
428,K82019,Sildenafil_Tab 100mg,0704050Z0AAACAC,1,0.0050000000000000044
427,K82036,Sildenafil_Tab 100mg,0704050Z0AAACAC,1,0.0050000000000000044
426,Y01964,Sildenafil_Tab 100mg,0704050Z0AAACAC,1,0.0050000000000000044
424,K82008,Sildenafil_Tab 100mg,0704050Z0AAACAC,1,0.0050000000000000044
423,K82049,Sildenafil_Tab 100mg,0704050Z0AAACAC,1,0.0050000000000000044
430,K82603,Sildenafil_Tab 100mg,0704050Z0AAACAC,1,0.004799999999999971
431,K82621,Sildenafil_Tab 100mg,0704050Z0AAACAC,1,0.004799999999999971
279,K82051,Atorvastatin_Tab 10mg,0212000B0AAAAAA,1,0.004200000000000023
278,K82042,Atorvastatin_Tab 10mg,0212000B0AAAAAA,1,0.004200000000000023
277,K82033,Atorvastatin_Tab 10mg,0212000B0AAAAAA,1,0.004200000000000023
276,K82049,Atorvastatin_Tab 10mg,0212000B0AAAAAA,1,0.004200000000000023
274,K82079,Atorvastatin_Tab 10mg,0212000B0AAAAAA,1,0.004200000000000023
275,K82022,Atorvastatin_Tab 10mg,0212000B0AAAAAA,1,0.004200000000000023
280,K82037,Atorvastatin_Tab 10mg,0212000B0AAAAAA,1,0.004199999999999975
435,K82028,Sumatriptan_Tab 50mg,0407041T0AAAFAF,1,0.0041999999999995374
436,K82023,Sumatriptan_Tab 50mg,0407041T0AAAFAF,1,0.0041999999999995374
437,K82079,Sumatriptan_Tab 50mg,0407041T0AAAFAF,1,0.0033999999999998476
438,K82023,Sumatriptan_Tab 50mg,0407041T0AAAFAF,1,0.0031999999999996476
432,K82023,Sildenafil_Tab 100mg,0704050Z0AAACAC,1,0.0026999999999999524
281,K82066,Atorvastatin_Tab 10mg,0212000B0AAAAAA,1,0.0021000000000000116
525,Y01964,Sumatriptan_Tab 50mg,0407041T0AAAFAF,1,0.0
516,K82046,Sumatriptan_Tab 50mg,0407041T0AAAFAF,5,0.0
511,Y01964,Sumatriptan_Tab 50mg,0407041T0AAAFAF,15,0.0
512,K82022,Sumatriptan_Tab 50mg,0407041T0AAAFAF,2,0.0
513,K82618,Sumatriptan_Tab 50mg,0407041T0AAAFAF,2,0.0
514,K82019,Sumatriptan_Tab 50mg,0407041T0AAAFAF,1,0.0
515,K82012,Sumatriptan_Tab 50mg,0407041T0AAAFAF,5,0.0
517,K82023,Sumatriptan_Tab 50mg,0407041T0AAAFAF,1,0.0
524,K82073,Sumatriptan_Tab 50mg,0407041T0AAAFAF,32,0.0
526,K82603,Sumatriptan_Tab 50mg,0407041T0AAAFAF,2,0.0
519,K82022,Sumatriptan_Tab 50mg,0407041T0AAAFAF,5,0.0
520,K82078,Sumatriptan_Tab 50mg,0407041T0AAAFAF,1,0.0
521,K82040,Sumatriptan_Tab 50mg,0407041T0AAAFAF,6,0.0
522,K82045,Sumatriptan_Tab 50mg,0407041T0AAAFAF,3,0.0
523,K82068,Sumatriptan_Tab 50mg,0407041T0AAAFAF,4,0.0
518,K82066,Sumatriptan_Tab 50mg,0407041T0AAAFAF,2,0.0
563,K82035,Sumatriptan_Tab 50mg,0407041T0AAAFAF,6,0.0
528,K82073,Sumatriptan_Tab 50mg,0407041T0AAAFAF,1,0.0
501,K82055,Sumatriptan_Tab 50mg,0407041T0AAAFAF,5,0.0
494,K82014,Sumatriptan_Tab 50mg,0407041T0AAAFAF,1,0.0
495,K82019,Sumatriptan_Tab 50mg,0407041T0AAAFAF,1,0.0
496,K82022,Sumatriptan_Tab 50mg,0407041T0AAAFAF,1,0.0
497,K82048,Sumatriptan_Tab 50mg,0407041T0AAAFAF,13,0.0
498,K82053,Sumatriptan_Tab 50mg,0407041T0AAAFAF,4,0.0
499,K82023,Sumatriptan_Tab 50mg,0407041T0AAAFAF,9,0.0
500,K82001,Sumatriptan_Tab 50mg,0407041T0AAAFAF,9,0.0
502,K82028,Sumatriptan_Tab 50mg,0407041T0AAAFAF,10,0.0
510,K82073,Sumatriptan_Tab 50mg,0407041T0AAAFAF,21,0.0
503,K82036,Sumatriptan_Tab 50mg,0407041T0AAAFAF,9,0.0
504,K82049,Sumatriptan_Tab 50mg,0407041T0AAAFAF,13,0.0
505,K82021,Sumatriptan_Tab 50mg,0407041T0AAAFAF,3,0.0
506,K82061,Sumatriptan_Tab 50mg,0407041T0AAAFAF,9,0.0
507,K82030,Sumatriptan_Tab 50mg,0407041T0AAAFAF,8,0.0
508,K82017,Sumatriptan_Tab 50mg,0407041T0AAAFAF,5,0.0
509,K82621,Sumatriptan_Tab 50mg,0407041T0AAAFAF,3,0.0
527,K82007,Sumatriptan_Tab 50mg,0407041T0AAAFAF,11,0.0
531,K82004,Sumatriptan_Tab 50mg,0407041T0AAAFAF,6,0.0
529,K82078,Sumatriptan_Tab 50mg,0407041T0AAAFAF,2,0.0
548,K82006,Sumatriptan_Tab 50mg,0407041T0AAAFAF,8,0.0
554,K82055,Sumatriptan_Tab 50mg,0407041T0AAAFAF,8,0.0
553,K82018,Sumatriptan_Tab 50mg,0407041T0AAAFAF,1,0.0
552,K82073,Sumatriptan_Tab 50mg,0407041T0AAAFAF,1,0.0
551,K82047,Sumatriptan_Tab 50mg,0407041T0AAAFAF,22,0.0
550,K82029,Sumatriptan_Tab 50mg,0407041T0AAAFAF,5,0.0
549,K82023,Sumatriptan_Tab 50mg,0407041T0AAAFAF,15,0.0
547,K82019,Sumatriptan_Tab 50mg,0407041T0AAAFAF,15,0.0
545,K82030,Sumatriptan_Tab 50mg,0407041T0AAAFAF,5,0.0
546,K82037,Sumatriptan_Tab 50mg,0407041T0AAAFAF,1,0.0
558,K82033,Sumatriptan_Tab 50mg,0407041T0AAAFAF,18,0.0
559,K82004,Sumatriptan_Tab 50mg,0407041T0AAAFAF,8,0.0
492,K82042,Sumatriptan_Tab 50mg,0407041T0AAAFAF,4,0.0
560,K82066,Sumatriptan_Tab 50mg,0407041T0AAAFAF,1,0.0
561,K82020,Sumatriptan_Tab 50mg,0407041T0AAAFAF,4,0.0
555,K82011,Sumatriptan_Tab 50mg,0407041T0AAAFAF,2,0.0
556,K82007,Sumatriptan_Tab 50mg,0407041T0AAAFAF,1,0.0
530,K82058,Sumatriptan_Tab 50mg,0407041T0AAAFAF,4,0.0
537,K82044,Sumatriptan_Tab 50mg,0407041T0AAAFAF,4,0.0
562,K82051,Sumatriptan_Tab 50mg,0407041T0AAAFAF,7,0.0
532,K82011,Sumatriptan_Tab 50mg,0407041T0AAAFAF,6,0.0
533,K82030,Sumatriptan_Tab 50mg,0407041T0AAAFAF,1,0.0
534,K82008,Sumatriptan_Tab 50mg,0407041T0AAAFAF,2,0.0
535,K82033,Sumatriptan_Tab 50mg,0407041T0AAAFAF,2,0.0
536,K82047,Sumatriptan_Tab 50mg,0407041T0AAAFAF,10,0.0
538,K82018,Sumatriptan_Tab 50mg,0407041T0AAAFAF,2,0.0
544,K82618,Sumatriptan_Tab 50mg,0407041T0AAAFAF,2,0.0
539,K82021,Sumatriptan_Tab 50mg,0407041T0AAAFAF,9,0.0
557,K82033,Sumatriptan_Tab 50mg,0407041T0AAAFAF,1,0.0
540,Y03620,Sumatriptan_Tab 50mg,0407041T0AAAFAF,2,0.0
541,K82040,Sumatriptan_Tab 50mg,0407041T0AAAFAF,25,0.0
542,K82061,Sumatriptan_Tab 50mg,0407041T0AAAFAF,21,0.0
543,K82037,Sumatriptan_Tab 50mg,0407041T0AAAFAF,2,0.0
493,K82053,Sumatriptan_Tab 50mg,0407041T0AAAFAF,10,0.0
444,K82024,Sumatriptan_Tab 50mg,0407041T0AAAFAF,13,0.0
491,K82029,Sumatriptan_Tab 50mg,0407041T0AAAFAF,5,0.0
446,K82045,Sumatriptan_Tab 50mg,0407041T0AAAFAF,9,0.0
439,K82061,Sumatriptan_Tab 50mg,0407041T0AAAFAF,1,0.0
440,K82008,Sumatriptan_Tab 50mg,0407041T0AAAFAF,6,0.0
441,K82033,Sumatriptan_Tab 50mg,0407041T0AAAFAF,9,0.0
442,K82036,Sumatriptan_Tab 50mg,0407041T0AAAFAF,1,0.0
443,Y01964,Sumatriptan_Tab 50mg,0407041T0AAAFAF,6,0.0
445,K82006,Sumatriptan_Tab 50mg,0407041T0AAAFAF,8,0.0
447,K82007,Sumatriptan_Tab 50mg,0407041T0AAAFAF,42,0.0
566,K82001,Sumatriptan_Tab 50mg,0407041T0AAAFAF,4,0.0
448,K82078,Sumatriptan_Tab 50mg,0407041T0AAAFAF,1,0.0
449,K82079,Sumatriptan_Tab 50mg,0407041T0AAAFAF,12,0.0
450,K82014,Sumatriptan_Tab 50mg,0407041T0AAAFAF,3,0.0
451,K82004,Sumatriptan_Tab 50mg,0407041T0AAAFAF,1,0.0
452,K82079,Sumatriptan_Tab 50mg,0407041T0AAAFAF,12,0.0
453,K82621,Sumatriptan_Tab 50mg,0407041T0AAAFAF,6,0.0
565,K82037,Sumatriptan_Tab 50mg,0407041T0AAAFAF,5,0.0
567,K82001,Sumatriptan_Tab 50mg,0407041T0AAAFAF,3,0.0
490,K82070,Sumatriptan_Tab 50mg,0407041T0AAAFAF,1,0.0
576,K82043,Sumatriptan_Tab 50mg,0407041T0AAAFAF,2,0.0
582,K82014,Sumatriptan_Tab 50mg,0407041T0AAAFAF,1,0.0
581,K82024,Sumatriptan_Tab 50mg,0407041T0AAAFAF,1,0.0
580,K82010,Sumatriptan_Tab 50mg,0407041T0AAAFAF,1,0.0
579,K82042,Sumatriptan_Tab 50mg,0407041T0AAAFAF,4,0.0
578,K82043,Sumatriptan_Tab 50mg,0407041T0AAAFAF,18,0.0
577,K82031,Sumatriptan_Tab 50mg,0407041T0AAAFAF,5,0.0
575,K82047,Sumatriptan_Tab 50mg,0407041T0AAAFAF,1,0.0
568,K82051,Sumatriptan_Tab 50mg,0407041T0AAAFAF,6,0.0
574,K82014,Sumatriptan_Tab 50mg,0407041T0AAAFAF,2,0.0
573,K82020,Sumatriptan_Tab 50mg,0407041T0AAAFAF,2,0.0
572,K82046,Sumatriptan_Tab 50mg,0407041T0AAAFAF,8,0.0
571,K82603,Sumatriptan_Tab 50mg,0407041T0AAAFAF,3,0.0
570,K82046,Sumatriptan_Tab 50mg,0407041T0AAAFAF,1,0.0
569,K82066,Sumatriptan_Tab 50mg,0407041T0AAAFAF,13,0.0
454,K82019,Sumatriptan_Tab 50mg,0407041T0AAAFAF,9,0.0
455,K82043,Sumatriptan_Tab 50mg,0407041T0AAAFAF,1,0.0
456,K82066,Sumatriptan_Tab 50mg,0407041T0AAAFAF,5,0.0
482,K82028,Sumatriptan_Tab 50mg,0407041T0AAAFAF,6,0.0
476,K82055,Sumatriptan_Tab 50mg,0407041T0AAAFAF,2,0.0
477,K82044,Sumatriptan_Tab 50mg,0407041T0AAAFAF,7,0.0
478,K82048,Sumatriptan_Tab 50mg,0407041T0AAAFAF,8,0.0
479,K82058,Sumatriptan_Tab 50mg,0407041T0AAAFAF,7,0.0
480,K82038,Sumatriptan_Tab 50mg,0407041T0AAAFAF,9,0.0
481,K82036,Sumatriptan_Tab 50mg,0407041T0AAAFAF,6,0.0
483,K82036,Sumatriptan_Tab 50mg,0407041T0AAAFAF,1,0.0
457,K82028,Sumatriptan_Tab 50mg,0407041T0AAAFAF,1,0.0
484,K82017,Sumatriptan_Tab 50mg,0407041T0AAAFAF,9,0.0
485,K82047,Sumatriptan_Tab 50mg,0407041T0AAAFAF,1,0.0
486,K82046,Sumatriptan_Tab 50mg,0407041T0AAAFAF,2,0.0
487,K82068,Sumatriptan_Tab 50mg,0407041T0AAAFAF,5,0.0
488,K82023,Sumatriptan_Tab 50mg,0407041T0AAAFAF,3,0.0
489,K82031,Sumatriptan_Tab 50mg,0407041T0AAAFAF,1,0.0
475,K82010,Sumatriptan_Tab 50mg,0407041T0AAAFAF,3,0.0
474,K82012,Sumatriptan_Tab 50mg,0407041T0AAAFAF,5,0.0
473,Y03620,Sumatriptan_Tab 50mg,0407041T0AAAFAF,1,0.0
472,K82028,Sumatriptan_Tab 50mg,0407041T0AAAFAF,2,0.0
458,K82051,Sumatriptan_Tab 50mg,0407041T0AAAFAF,2,0.0
459,K82038,Sumatriptan_Tab 50mg,0407041T0AAAFAF,12,0.0
460,K82038,Sumatriptan_Tab 50mg,0407041T0AAAFAF,1,0.0
461,K82024,Sumatriptan_Tab 50mg,0407041T0AAAFAF,3,0.0
462,K82078,Sumatriptan_Tab 50mg,0407041T0AAAFAF,5,0.0
463,K82035,Sumatriptan_Tab 50mg,0407041T0AAAFAF,1,0.0
464,K82031,Sumatriptan_Tab 50mg,0407041T0AAAFAF,3,0.0
465,K82038,Sumatriptan_Tab 50mg,0407041T0AAAFAF,2,0.0
466,K82021,Sumatriptan_Tab 50mg,0407041T0AAAFAF,10,0.0
467,K82031,Sumatriptan_Tab 50mg,0407041T0AAAFAF,1,0.0
468,K82037,Sumatriptan_Tab 50mg,0407041T0AAAFAF,6,0.0
469,K82010,Sumatriptan_Tab 50mg,0407041T0AAAFAF,11,0.0
470,K82070,Sumatriptan_Tab 50mg,0407041T0AAAFAF,5,0.0
471,K82018,Sumatriptan_Tab 50mg,0407041T0AAAFAF,14,0.0
564,K82079,Sumatriptan_Tab 50mg,0407041T0AAAFAF,1,0.0
282,K82053,Atorvastatin_Tab 10mg,0212000B0AAAAAA,1,-0.0007999999999999952
290,K82053,Olanzapine_Tab 10mg,040201060AAACAC,1,-0.0014000000000000123
583,K82078,Sumatriptan_Tab 50mg,0407041T0AAAFAF,1,-0.0027999999999996916
283,K82603,Atorvastatin_Tab 10mg,0212000B0AAAAAA,1,-0.002999999999999982
284,K82049,Atorvastatin_Tab 10mg,0212000B0AAAAAA,4,-0.0031999999999999806
584,Y03620,Sumatriptan_Tab 50mg,0407041T0AAAFAF,1,-0.0032000000000000917
585,K82017,Sumatriptan_Tab 50mg,0407041T0AAAFAF,1,-0.003200000000001424
285,K82033,Atorvastatin_Tab 10mg,0212000B0AAAAAA,1,-0.004799999999999971
286,K82006,Atorvastatin_Tab 10mg,0212000B0AAAAAA,1,-0.005999999999999964
586,K82018,Sumatriptan_Tab 50mg,0407041T0AAAFAF,2,-0.006400000000000183
287,K82023,Atorvastatin_Tab 10mg,0212000B0AAAAAA,1,-0.008999999999999946
238,K82031,Mesalazine_Tab E/C 400mg,0105010B0AAAAAA,1,-0.011999999999998678
239,K82046,Mesalazine_Tab E/C 400mg,0105010B0AAAAAA,1,-15.971199999999998
241,K82073,Mesalazine_Tab E/C 400mg,0105010B0AAAAAA,1,-17.112
240,K82001,Mesalazine_Tab E/C 400mg,0105010B0AAAAAA,1,-17.112
242,K82024,Mesalazine_Tab E/C 400mg,0105010B0AAAAAA,4,-23.939999999999998
244,K82008,Mesalazine_Tab E/C 400mg,0105010B0AAAAAA,1,-25.667999999999996
243,K82037,Mesalazine_Tab E/C 400mg,0105010B0AAAAAA,1,-25.667999999999996
247,K82058,Mesalazine_Tab E/C 400mg,0105010B0AAAAAA,1,-34.224
246,K82038,Mesalazine_Tab E/C 400mg,0105010B0AAAAAA,1,-34.224
245,K82066,Mesalazine_Tab E/C 400mg,0105010B0AAAAAA,1,-34.224
248,K82031,Mesalazine_Tab E/C 400mg,0105010B0AAAAAA,1,-34.224
249,K82078,Mesalazine_Tab E/C 400mg,0105010B0AAAAAA,1,-51.33599999999999
