,practice_code,bnf_description,bnf_code,items,excess_cost
0,N81024,Amiodarone HCl_Tab 200mg,0203020D0AAABAB,5,1.7500000000000016
1,N81024,Clonazepam_Tab 500mcg,0408010F0AAABAB,15,9.65019999999998
2,N81024,Co-Codamol_Cap 8mg/500mg,0407010F0AAABAB,2,1.200000000000001
3,N81024,Gemfibrozil_Tab 600mg,0212000Q0AAABAB,1,7.571199999999999
4,N81024,Methocarbamol_Tab 750mg,1002020S0AAABAB,1,0.9631999999999996
5,N81024,Pyridox HCl_Tab 50mg,0906024N0AAAIAI,5,1.9152000000000005
6,N81024,Tetrabenazine_Tab 25mg,0409030C0AAAAAA,1,3.998399999999995
7,N81024,Topiramate_Tab 200mg,040801050AAACAC,1,1.1647999999999992
8,N81025,Amiodarone HCl_Tab 200mg,0203020D0AAABAB,1,0.3500000000000003
9,N81025,Clonazepam_Tab 500mcg,0408010F0AAABAB,20,6.881699999999986
10,N81025,Co-Codamol_Cap 8mg/500mg,0407010F0AAABAB,4,0.6784000000000077
11,N81025,Gemfibrozil_Tab 600mg,0212000Q0AAABAB,2,4.061999999999999
12,N81025,Mesalazine_Tab E/C 400mg,0105010B0AAAAAA,1,23.956799999999998
13,N81025,Methocarbamol_Tab 750mg,1002020S0AAABAB,1,0.2407999999999999
14,N81025,Pyridox HCl_Tab 50mg,0906024N0AAAIAI,1,0.4788000000000001
15,N81040,Amiodarone HCl_Tab 200mg,0203020D0AAABAB,2,0.7000000000000006
16,N81040,Clonazepam_Tab 500mcg,0408010F0AAABAB,12,7.593599999999984
17,N81040,Pyridox HCl_Tab 50mg,0906024N0AAAIAI,1,0.4788000000000001
18,N81040,Topiramate_Tab 200mg,040801050AAACAC,1,2.489999999999999
19,N81051,Amiodarone HCl_Tab 200mg,0203020D0AAABAB,8,2.3541000000000016
20,N81051,Clonazepam_Tab 500mcg,0408010F0AAABAB,28,11.107899999999978
21,N81051,Ropinirole HCl_Tab 5mg,0409010H0AAADAD,4,7.761600000000003
22,N81051,Tetrabenazine_Tab 25mg,0409030C0AAAAAA,1,1.9991999999999974
23,N81055,Amiodarone HCl_Tab 200mg,0203020D0AAABAB,5,1.7500000000000016
24,N81055,Clonazepam_Tab 500mcg,0408010F0AAABAB,6,2.847599999999994
25,N81055,Co-Codamol_Cap 8mg/500mg,0407010F0AAABAB,2,0.7168000000000081
26,N81055,Pyridox HCl_Tab 50mg,0906024N0AAAIAI,2,1.9152000000000005
27,N81061,Amiodarone HCl_Tab 200mg,0203020D0AAABAB,2,0.7000000000000006
28,N81061,Clonazepam_Tab 500mcg,0408010F0AAABAB,13,2.330199999999995
29,N81061,Co-Codamol_Cap 8mg/500mg,0407010F0AAABAB,2,0.3200000000000036
30,N81061,Topiramate_Tab 200mg,040801050AAACAC,1,2.3183999999999996
31,N81067,Amiodarone HCl_Tab 200mg,0203020D0AAABAB,6,1.304100000000001
32,N81067,Clonazepam_Tab 500mcg,0408010F0AAABAB,7,1.5819999999999967
33,N81067,Co-Codamol_Cap 8mg/500mg,0407010F0AAABAB,2,0.3200000000000036
34,N81067,Methocarbamol_Tab 750mg,1002020S0AAABAB,5,2.579999999999999
35,N81074,Amiodarone HCl_Tab 200mg,0203020D0AAABAB,3,1.050000000000001
36,N81074,Clonazepam_Tab 500mcg,0408010F0AAABAB,2,0.949199999999998
37,N81074,Co-Codamol_Cap 8mg/500mg,0407010F0AAABAB,2,0.3200000000000036
38,N81087,Amiodarone HCl_Tab 200mg,0203020D0AAABAB,23,5.662300000000004
39,N81087,Clonazepam_Tab 500mcg,0408010F0AAABAB,24,9.69539999999998
40,N81087,Co-Codamol_Cap 8mg/500mg,0407010F0AAABAB,8,1.4592000000000165
41,N81087,Gemfibrozil_Tab 600mg,0212000Q0AAABAB,1,7.571199999999999
42,N81087,Pyridox HCl_Tab 50mg,0906024N0AAAIAI,5,0.9576000000000002
43,N81113,Amiodarone HCl_Tab 200mg,0203020D0AAABAB,6,2.100000000000002
44,N81113,Clonazepam_Tab 500mcg,0408010F0AAABAB,9,3.841999999999992
45,N81113,Methocarbamol_Tab 750mg,1002020S0AAABAB,5,1.364
46,N81113,Tetrabenazine_Tab 25mg,0409030C0AAAAAA,1,2.998799999999996
47,N81113,Topiramate_Tab 200mg,040801050AAACAC,1,2.489999999999999
48,N81123,Amiodarone HCl_Tab 200mg,0203020D0AAABAB,3,1.050000000000001
49,N81123,Clonazepam_Tab 500mcg,0408010F0AAABAB,4,2.372999999999995
50,N81127,Amiodarone HCl_Tab 200mg,0203020D0AAABAB,3,1.050000000000001
51,N81127,Clonazepam_Tab 500mcg,0408010F0AAABAB,15,11.322599999999976
52,N81127,Co-Codamol_Cap 8mg/500mg,0407010F0AAABAB,2,0.19200000000000217
53,N81127,Methocarbamol_Tab 750mg,1002020S0AAABAB,6,1.6228000000000005
54,N81127,Tetrabenazine_Tab 25mg,0409030C0AAAAAA,1,1.9991999999999974
