,practice_code,bnf_description,bnf_code,items,excess_cost
517,F81094,Aripiprazole_Tab 10mg,0402010ADAAAAAA,2,174.4624
518,F81095,Aripiprazole_Tab 10mg,0402010ADAAAAAA,9,174.4596
687,F81095,Aripiprazole_Tab 5mg,0402010ADAAADAD,2,172.3792
627,F81095,Atorvastatin_Tab 20mg,0212000B0AAABAB,358,113.27120000000005
713,F81067,Atorvastatin_Tab 40mg,0212000B0AAACAC,297,88.98120000000002
519,F81679,Aripiprazole_Tab 10mg,0402010ADAAAAAA,12,87.2256
617,F81026,Mesalazine_Tab E/C 800mg,0105010B0AAASAS,3,68.87999999999998
616,F81021,Mesalazine_Tab E/C 800mg,0105010B0AAASAS,2,68.87999999999998
628,F81133,Atorvastatin_Tab 20mg,0212000B0AAABAB,356,68.77920000000003
545,F81115,Prednisolone_Tab Solb 5mg,0603020T0AABHBH,1,67.14399999999999
544,F81026,Prednisolone_Tab Solb 5mg,0603020T0AABHBH,1,67.14399999999999
316,F81681,Paracet_Tab 500mg,0407010H0AAAMAM,55,59.136000000000024
315,F81681,Paracet_Tab 500mg,0407010H0AAAMAM,55,59.136000000000024
547,Y02646,Prednisolone_Tab Solb 5mg,0603020T0AABHBH,1,50.35380000000001
546,F81095,Prednisolone_Tab Solb 5mg,0603020T0AABHBH,1,50.35380000000001
648,F81681,Montelukast_Tab 10mg,0303020G0AAABAB,111,48.79559999999999
649,Y02646,Montelukast_Tab 10mg,0303020G0AAABAB,28,48.7648
650,F81095,Montelukast_Tab 10mg,0303020G0AAABAB,79,48.663999999999994
621,F81037,Mesalazine_Tab E/C 800mg,0105010B0AAASAS,1,36.89999999999999
620,F81052,Mesalazine_Tab E/C 800mg,0105010B0AAASAS,1,36.89999999999999
619,F81757,Mesalazine_Tab E/C 800mg,0105010B0AAASAS,1,36.89999999999999
618,F81221,Mesalazine_Tab E/C 800mg,0105010B0AAASAS,1,36.89999999999999
655,F81069,Paracet_Tab Solb 500mg,0407010H0AAAQAQ,6,36.720000000000006
656,F81069,Paracet_Tab Solb 500mg,0407010H0AAAQAQ,6,36.720000000000006
657,F81681,Paracet_Tab Solb 500mg,0407010H0AAAQAQ,10,36.70000000000001
658,F81681,Paracet_Tab Solb 500mg,0407010H0AAAQAQ,10,36.70000000000001
549,Y02646,Prednisolone_Tab Solb 5mg,0603020T0AABHBH,2,35.97
548,F81095,Prednisolone_Tab Solb 5mg,0603020T0AABHBH,1,35.97
318,F81681,Paracet_Tab 500mg,0407010H0AAAMAM,112,35.84000000000002
317,F81681,Paracet_Tab 500mg,0407010H0AAAMAM,112,35.84000000000002
622,F81115,Mesalazine_Tab E/C 800mg,0105010B0AAASAS,1,34.43999999999999
651,F81156,Montelukast_Tab 10mg,0303020G0AAABAB,66,24.393600000000006
652,F81141,Montelukast_Tab 10mg,0303020G0AAABAB,17,24.3712
319,F81681,Paracet_Tab 500mg,0407010H0AAAMAM,3,24.192000000000004
320,F81681,Paracet_Tab 500mg,0407010H0AAAMAM,3,24.192000000000004
629,F81109,Atorvastatin_Tab 20mg,0212000B0AAABAB,130,24.024000000000004
630,F81067,Atorvastatin_Tab 20mg,0212000B0AAABAB,306,23.13360000000001
631,F81636,Atorvastatin_Tab 20mg,0212000B0AAABAB,410,22.960000000000022
632,F81156,Atorvastatin_Tab 20mg,0212000B0AAABAB,188,22.635200000000026
714,F81115,Atorvastatin_Tab 40mg,0212000B0AAACAC,197,22.615599999999997
633,F81067,Atorvastatin_Tab 20mg,0212000B0AAABAB,24,22.5288
634,F81681,Atorvastatin_Tab 20mg,0212000B0AAABAB,889,22.402800000000124
715,F81746,Atorvastatin_Tab 40mg,0212000B0AAACAC,50,22.259999999999998
716,F81681,Atorvastatin_Tab 40mg,0212000B0AAACAC,605,22.022000000000045
551,F81067,Prednisolone_Tab Solb 5mg,0603020T0AABHBH,1,21.5838
550,F81115,Prednisolone_Tab Solb 5mg,0603020T0AABHBH,1,21.5838
321,F81115,Paracet_Tab 500mg,0407010H0AAAMAM,26,20.280000000000005
322,F81115,Paracet_Tab 500mg,0407010H0AAAMAM,26,20.280000000000005
0,F81095,Clonazepam_Tab 500mcg,0408010F0AAABAB,25,17.21999999999997
324,F81681,Paracet_Tab 500mg,0407010H0AAAMAM,130,15.599999999999996
323,F81681,Paracet_Tab 500mg,0407010H0AAAMAM,130,15.599999999999996
552,Y02080,Prednisolone_Tab Solb 5mg,0603020T0AABHBH,2,14.3808
553,F81095,Prednisolone_Tab Solb 5mg,0603020T0AABHBH,5,14.370000000000003
2,F81042,Clonazepam_Tab 500mcg,0408010F0AAABAB,22,13.921599999999971
1,F81212,Clonazepam_Tab 500mcg,0408010F0AAABAB,22,13.921599999999971
3,F81042,Clonazepam_Tab 500mcg,0408010F0AAABAB,42,13.288799999999974
4,F81019,Clonazepam_Tab 500mcg,0408010F0AAABAB,39,12.339599999999974
326,F81133,Paracet_Tab 500mg,0407010H0AAAMAM,11,12.144
325,F81133,Paracet_Tab 500mg,0407010H0AAAMAM,11,12.144
623,F81757,Mesalazine_Tab E/C 800mg,0105010B0AAASAS,1,11.479999999999997
327,F81636,Paracet_Tab 500mg,0407010H0AAAMAM,21,11.289600000000013
328,F81636,Paracet_Tab 500mg,0407010H0AAAMAM,21,11.289600000000013
332,F81670,Paracet_Tab 500mg,0407010H0AAAMAM,4,11.2896
331,F81670,Paracet_Tab 500mg,0407010H0AAAMAM,4,11.2896
329,F81157,Paracet_Tab 500mg,0407010H0AAAMAM,3,11.2896
330,F81157,Paracet_Tab 500mg,0407010H0AAAMAM,3,11.2896
334,F81115,Paracet_Tab 500mg,0407010H0AAAMAM,20,11.20000000000001
333,F81115,Paracet_Tab 500mg,0407010H0AAAMAM,20,11.20000000000001
336,F81681,Paracet_Tab 500mg,0407010H0AAAMAM,38,11.0656
335,F81681,Paracet_Tab 500mg,0407010H0AAAMAM,38,11.0656
5,F81095,Clonazepam_Tab 500mcg,0408010F0AAABAB,33,10.163999999999957
9,F81037,Clonazepam_Tab 500mcg,0408010F0AAABAB,16,10.12479999999998
6,F81018,Clonazepam_Tab 500mcg,0408010F0AAABAB,16,10.12479999999998
8,F81019,Clonazepam_Tab 500mcg,0408010F0AAABAB,16,10.12479999999998
7,F81679,Clonazepam_Tab 500mcg,0408010F0AAABAB,16,10.12479999999998
337,F81115,Paracet_Tab 500mg,0407010H0AAAMAM,52,9.880000000000013
338,F81115,Paracet_Tab 500mg,0407010H0AAAMAM,52,9.880000000000013
339,F81067,Paracet_Tab 500mg,0407010H0AAAMAM,120,9.600000000000025
340,F81067,Paracet_Tab 500mg,0407010H0AAAMAM,120,9.600000000000025
10,F81052,Clonazepam_Tab 500mcg,0408010F0AAABAB,30,9.49199999999998
11,F81017,Clonazepam_Tab 500mcg,0408010F0AAABAB,15,9.49199999999998
659,F81746,Paracet_Tab Solb 500mg,0407010H0AAAQAQ,3,9.420000000000003
660,F81746,Paracet_Tab Solb 500mg,0407010H0AAAQAQ,3,9.420000000000003
12,F81018,Clonazepam_Tab 500mcg,0408010F0AAABAB,7,8.859199999999982
624,F81026,Mesalazine_Tab E/C 800mg,0105010B0AAASAS,1,8.609999999999998
13,F81679,Clonazepam_Tab 500mcg,0408010F0AAABAB,26,8.226399999999984
14,F81212,Clonazepam_Tab 500mcg,0408010F0AAABAB,26,8.226399999999984
15,F81052,Clonazepam_Tab 500mcg,0408010F0AAABAB,13,8.226399999999984
16,F81156,Clonazepam_Tab 500mcg,0408010F0AAABAB,12,7.593599999999984
17,F81636,Clonazepam_Tab 500mcg,0408010F0AAABAB,3,7.593599999999984
341,F81094,Paracet_Tab 500mg,0407010H0AAAMAM,6,7.358400000000001
342,F81094,Paracet_Tab 500mg,0407010H0AAAMAM,6,7.358400000000001
18,F81681,Clonazepam_Tab 500mcg,0408010F0AAABAB,11,6.960799999999986
20,F81636,Clonazepam_Tab 500mcg,0408010F0AAABAB,5,6.327999999999987
19,F81042,Clonazepam_Tab 500mcg,0408010F0AAABAB,5,6.327999999999987
21,F81037,Clonazepam_Tab 500mcg,0408010F0AAABAB,3,6.101999999999988
22,F81079,Clonazepam_Tab 500mcg,0408010F0AAABAB,19,6.011599999999987
23,F81095,Clonazepam_Tab 500mcg,0408010F0AAABAB,28,5.801599999999992
344,F81156,Paracet_Tab 500mg,0407010H0AAAMAM,24,5.759999999999998
343,F81156,Paracet_Tab 500mg,0407010H0AAAMAM,24,5.759999999999998
625,F81042,Mesalazine_Tab E/C 800mg,0105010B0AAASAS,1,5.739999999999998
28,F81679,Clonazepam_Tab 500mcg,0408010F0AAABAB,6,5.695199999999988
27,F81037,Clonazepam_Tab 500mcg,0408010F0AAABAB,3,5.695199999999988
26,F81094,Clonazepam_Tab 500mcg,0408010F0AAABAB,9,5.695199999999988
25,F81021,Clonazepam_Tab 500mcg,0408010F0AAABAB,9,5.695199999999988
24,F81212,Clonazepam_Tab 500mcg,0408010F0AAABAB,6,5.695199999999988
662,F81746,Paracet_Tab Solb 500mg,0407010H0AAAQAQ,2,5.652
661,F81746,Paracet_Tab Solb 500mg,0407010H0AAAQAQ,2,5.652
29,F81681,Clonazepam_Tab 500mcg,0408010F0AAABAB,17,5.378799999999989
346,F81156,Paracet_Tab 500mg,0407010H0AAAMAM,57,5.130000000000009
345,F81156,Paracet_Tab 500mg,0407010H0AAAMAM,57,5.130000000000009
347,F81069,Paracet_Tab 500mg,0407010H0AAAMAM,12,5.107200000000006
348,F81069,Paracet_Tab 500mg,0407010H0AAAMAM,12,5.107200000000006
31,F81116,Clonazepam_Tab 500mcg,0408010F0AAABAB,8,5.06239999999999
32,F81212,Clonazepam_Tab 500mcg,0408010F0AAABAB,2,5.06239999999999
30,F81212,Clonazepam_Tab 500mcg,0408010F0AAABAB,4,5.06239999999999
34,F81679,Clonazepam_Tab 500mcg,0408010F0AAABAB,4,5.06239999999999
33,F81079,Clonazepam_Tab 500mcg,0408010F0AAABAB,8,5.06239999999999
349,F81067,Paracet_Tab 500mg,0407010H0AAAMAM,23,4.894400000000006
350,F81067,Paracet_Tab 500mg,0407010H0AAAMAM,23,4.894400000000006
36,F81213,Clonazepam_Tab 500mcg,0408010F0AAABAB,5,4.74599999999999
35,F81019,Clonazepam_Tab 500mcg,0408010F0AAABAB,5,4.74599999999999
38,F81115,Clonazepam_Tab 500mcg,0408010F0AAABAB,7,4.429599999999991
37,F81042,Clonazepam_Tab 500mcg,0408010F0AAABAB,28,4.429599999999991
43,F81094,Clonazepam_Tab 500mcg,0408010F0AAABAB,14,4.429599999999991
39,F81091,Clonazepam_Tab 500mcg,0408010F0AAABAB,7,4.429599999999991
40,F81037,Clonazepam_Tab 500mcg,0408010F0AAABAB,2,4.429599999999991
42,F81044,Clonazepam_Tab 500mcg,0408010F0AAABAB,7,4.429599999999991
41,F81213,Clonazepam_Tab 500mcg,0408010F0AAABAB,7,4.429599999999991
44,F81017,Clonazepam_Tab 500mcg,0408010F0AAABAB,9,4.271399999999991
46,F81746,Clonazepam_Tab 500mcg,0408010F0AAABAB,13,4.113199999999992
47,F81133,Clonazepam_Tab 500mcg,0408010F0AAABAB,13,4.113199999999992
48,F81021,Clonazepam_Tab 500mcg,0408010F0AAABAB,13,4.113199999999992
45,F81156,Clonazepam_Tab 500mcg,0408010F0AAABAB,13,4.113199999999992
59,F81018,Clonazepam_Tab 500mcg,0408010F0AAABAB,4,3.796799999999992
65,F81095,Clonazepam_Tab 500mcg,0408010F0AAABAB,8,3.796799999999992
64,Y02646,Clonazepam_Tab 500mcg,0408010F0AAABAB,3,3.796799999999992
63,F81079,Clonazepam_Tab 500mcg,0408010F0AAABAB,3,3.796799999999992
62,F81094,Clonazepam_Tab 500mcg,0408010F0AAABAB,3,3.796799999999992
61,F81095,Clonazepam_Tab 500mcg,0408010F0AAABAB,2,3.796799999999992
60,F81026,Clonazepam_Tab 500mcg,0408010F0AAABAB,6,3.796799999999992
56,F81741,Clonazepam_Tab 500mcg,0408010F0AAABAB,12,3.796799999999992
58,F81026,Clonazepam_Tab 500mcg,0408010F0AAABAB,12,3.796799999999992
57,F81052,Clonazepam_Tab 500mcg,0408010F0AAABAB,3,3.796799999999992
55,F81042,Clonazepam_Tab 500mcg,0408010F0AAABAB,2,3.796799999999992
54,F81052,Clonazepam_Tab 500mcg,0408010F0AAABAB,4,3.796799999999992
53,F81067,Clonazepam_Tab 500mcg,0408010F0AAABAB,6,3.796799999999992
52,F81017,Clonazepam_Tab 500mcg,0408010F0AAABAB,2,3.796799999999992
51,F81095,Clonazepam_Tab 500mcg,0408010F0AAABAB,3,3.796799999999992
50,F81116,Clonazepam_Tab 500mcg,0408010F0AAABAB,3,3.796799999999992
49,Y02646,Clonazepam_Tab 500mcg,0408010F0AAABAB,12,3.796799999999992
66,F81212,Clonazepam_Tab 500mcg,0408010F0AAABAB,23,3.6385999999999923
67,F81716,Clonazepam_Tab 500mcg,0408010F0AAABAB,11,3.480399999999993
68,F81116,Clonazepam_Tab 500mcg,0408010F0AAABAB,11,3.480399999999993
69,F81746,Clonazepam_Tab 500mcg,0408010F0AAABAB,4,3.399999999999981
70,F81156,Clonazepam_Tab 500mcg,0408010F0AAABAB,3,3.389999999999993
71,F81037,Clonazepam_Tab 500mcg,0408010F0AAABAB,3,3.389999999999993
72,F81019,Clonazepam_Tab 500mcg,0408010F0AAABAB,3,3.389999999999993
73,F81213,Clonazepam_Tab 500mcg,0408010F0AAABAB,3,3.389999999999993
74,F81052,Clonazepam_Tab 500mcg,0408010F0AAABAB,7,3.3221999999999934
76,F81028,Clonazepam_Tab 500mcg,0408010F0AAABAB,4,3.1639999999999935
77,F81679,Clonazepam_Tab 500mcg,0408010F0AAABAB,20,3.1639999999999935
75,F81109,Clonazepam_Tab 500mcg,0408010F0AAABAB,5,3.1639999999999935
352,F81133,Paracet_Tab 500mg,0407010H0AAAMAM,8,3.0400000000000036
351,F81133,Paracet_Tab 500mg,0407010H0AAAMAM,8,3.0400000000000036
78,F81042,Clonazepam_Tab 500mcg,0408010F0AAABAB,5,2.8499999999999917
85,F81095,Clonazepam_Tab 500mcg,0408010F0AAABAB,12,2.847599999999994
79,F81037,Clonazepam_Tab 500mcg,0408010F0AAABAB,9,2.847599999999994
80,F81115,Clonazepam_Tab 500mcg,0408010F0AAABAB,1,2.847599999999994
81,F81681,Clonazepam_Tab 500mcg,0408010F0AAABAB,3,2.847599999999994
82,F81095,Clonazepam_Tab 500mcg,0408010F0AAABAB,3,2.847599999999994
83,F81042,Clonazepam_Tab 500mcg,0408010F0AAABAB,3,2.847599999999994
84,F81037,Clonazepam_Tab 500mcg,0408010F0AAABAB,3,2.847599999999994
88,F81069,Clonazepam_Tab 500mcg,0408010F0AAABAB,9,2.847599999999994
86,F81716,Clonazepam_Tab 500mcg,0408010F0AAABAB,3,2.847599999999994
89,F81018,Clonazepam_Tab 500mcg,0408010F0AAABAB,9,2.847599999999994
87,F81115,Clonazepam_Tab 500mcg,0408010F0AAABAB,9,2.847599999999994
90,F81636,Clonazepam_Tab 500mcg,0408010F0AAABAB,2,2.7119999999999944
96,F81741,Clonazepam_Tab 500mcg,0408010F0AAABAB,4,2.531199999999995
103,F81019,Clonazepam_Tab 500mcg,0408010F0AAABAB,2,2.531199999999995
101,F81037,Clonazepam_Tab 500mcg,0408010F0AAABAB,2,2.531199999999995
100,F81221,Clonazepam_Tab 500mcg,0408010F0AAABAB,4,2.531199999999995
99,F81067,Clonazepam_Tab 500mcg,0408010F0AAABAB,2,2.531199999999995
98,F81017,Clonazepam_Tab 500mcg,0408010F0AAABAB,2,2.531199999999995
97,F81052,Clonazepam_Tab 500mcg,0408010F0AAABAB,1,2.531199999999995
102,F81716,Clonazepam_Tab 500mcg,0408010F0AAABAB,2,2.531199999999995
95,F81115,Clonazepam_Tab 500mcg,0408010F0AAABAB,2,2.531199999999995
93,F81757,Clonazepam_Tab 500mcg,0408010F0AAABAB,4,2.531199999999995
92,F81746,Clonazepam_Tab 500mcg,0408010F0AAABAB,4,2.531199999999995
104,F81021,Clonazepam_Tab 500mcg,0408010F0AAABAB,1,2.531199999999995
91,F81044,Clonazepam_Tab 500mcg,0408010F0AAABAB,1,2.531199999999995
94,F81133,Clonazepam_Tab 500mcg,0408010F0AAABAB,4,2.531199999999995
108,F81116,Clonazepam_Tab 500mcg,0408010F0AAABAB,5,2.372999999999995
105,F81156,Clonazepam_Tab 500mcg,0408010F0AAABAB,5,2.372999999999995
106,F81212,Clonazepam_Tab 500mcg,0408010F0AAABAB,5,2.372999999999995
107,F81094,Clonazepam_Tab 500mcg,0408010F0AAABAB,5,2.372999999999995
109,F81069,Clonazepam_Tab 500mcg,0408010F0AAABAB,2,2.2599999999999953
110,F81067,Clonazepam_Tab 500mcg,0408010F0AAABAB,12,2.2343999999999964
114,F81017,Clonazepam_Tab 500mcg,0408010F0AAABAB,7,2.2147999999999954
115,F81213,Clonazepam_Tab 500mcg,0408010F0AAABAB,7,2.2147999999999954
112,F81156,Clonazepam_Tab 500mcg,0408010F0AAABAB,4,2.2147999999999954
113,F81091,Clonazepam_Tab 500mcg,0408010F0AAABAB,14,2.2147999999999954
111,F81028,Clonazepam_Tab 500mcg,0408010F0AAABAB,7,2.2147999999999954
116,F81042,Clonazepam_Tab 500mcg,0408010F0AAABAB,27,2.1356999999999955
117,F81681,Clonazepam_Tab 500mcg,0408010F0AAABAB,22,2.076799999999996
118,F81746,Clonazepam_Tab 500mcg,0408010F0AAABAB,13,2.056599999999996
119,F81716,Clonazepam_Tab 500mcg,0408010F0AAABAB,13,2.056599999999996
120,F81636,Clonazepam_Tab 500mcg,0408010F0AAABAB,13,2.056599999999996
121,F81012,Clonazepam_Tab 500mcg,0408010F0AAABAB,1,2.033999999999996
122,F81052,Clonazepam_Tab 500mcg,0408010F0AAABAB,2,2.033999999999996
123,F81042,Clonazepam_Tab 500mcg,0408010F0AAABAB,1,2.033999999999996
717,F81133,Atorvastatin_Tab 40mg,0212000B0AAACAC,234,1.965600000000011
141,F81156,Clonazepam_Tab 500mcg,0408010F0AAABAB,2,1.898399999999996
133,F81019,Clonazepam_Tab 500mcg,0408010F0AAABAB,12,1.898399999999996
143,F81012,Clonazepam_Tab 500mcg,0408010F0AAABAB,6,1.898399999999996
142,F81012,Clonazepam_Tab 500mcg,0408010F0AAABAB,2,1.898399999999996
140,F81069,Clonazepam_Tab 500mcg,0408010F0AAABAB,3,1.898399999999996
138,F81021,Clonazepam_Tab 500mcg,0408010F0AAABAB,2,1.898399999999996
137,F81636,Clonazepam_Tab 500mcg,0408010F0AAABAB,3,1.898399999999996
136,F81017,Clonazepam_Tab 500mcg,0408010F0AAABAB,2,1.898399999999996
135,F81757,Clonazepam_Tab 500mcg,0408010F0AAABAB,2,1.898399999999996
134,F81212,Clonazepam_Tab 500mcg,0408010F0AAABAB,1,1.898399999999996
139,F81052,Clonazepam_Tab 500mcg,0408010F0AAABAB,1,1.898399999999996
132,F81012,Clonazepam_Tab 500mcg,0408010F0AAABAB,3,1.898399999999996
130,F81067,Clonazepam_Tab 500mcg,0408010F0AAABAB,2,1.898399999999996
129,F81109,Clonazepam_Tab 500mcg,0408010F0AAABAB,6,1.898399999999996
128,F81091,Clonazepam_Tab 500mcg,0408010F0AAABAB,6,1.898399999999996
127,F81028,Clonazepam_Tab 500mcg,0408010F0AAABAB,3,1.898399999999996
126,F81044,Clonazepam_Tab 500mcg,0408010F0AAABAB,4,1.898399999999996
125,F81757,Clonazepam_Tab 500mcg,0408010F0AAABAB,6,1.898399999999996
124,F81636,Clonazepam_Tab 500mcg,0408010F0AAABAB,4,1.898399999999996
131,F81094,Clonazepam_Tab 500mcg,0408010F0AAABAB,12,1.898399999999996
145,F81037,Clonazepam_Tab 500mcg,0408010F0AAABAB,1,1.6949999999999965
147,F81052,Clonazepam_Tab 500mcg,0408010F0AAABAB,1,1.6949999999999965
146,F81052,Clonazepam_Tab 500mcg,0408010F0AAABAB,5,1.6949999999999965
144,F81636,Clonazepam_Tab 500mcg,0408010F0AAABAB,5,1.6949999999999965
148,F81018,Clonazepam_Tab 500mcg,0408010F0AAABAB,1,1.5819999999999967
149,F81091,Clonazepam_Tab 500mcg,0408010F0AAABAB,1,1.5819999999999967
150,F81636,Clonazepam_Tab 500mcg,0408010F0AAABAB,4,1.5819999999999967
151,F81212,Clonazepam_Tab 500mcg,0408010F0AAABAB,1,1.491599999999997
152,F81095,Clonazepam_Tab 500mcg,0408010F0AAABAB,1,1.468999999999997
153,F81212,Clonazepam_Tab 500mcg,0408010F0AAABAB,1,1.468999999999997
154,F81679,Clonazepam_Tab 500mcg,0408010F0AAABAB,3,1.423799999999997
158,F81679,Clonazepam_Tab 500mcg,0408010F0AAABAB,2,1.3559999999999972
156,F81156,Clonazepam_Tab 500mcg,0408010F0AAABAB,2,1.3559999999999972
157,F81037,Clonazepam_Tab 500mcg,0408010F0AAABAB,2,1.3559999999999972
160,F81681,Clonazepam_Tab 500mcg,0408010F0AAABAB,1,1.3559999999999972
155,F81052,Clonazepam_Tab 500mcg,0408010F0AAABAB,2,1.3559999999999972
159,F81042,Clonazepam_Tab 500mcg,0408010F0AAABAB,2,1.3559999999999972
161,Y02646,Clonazepam_Tab 500mcg,0408010F0AAABAB,6,1.2935999999999974
168,F81670,Clonazepam_Tab 500mcg,0408010F0AAABAB,4,1.2655999999999974
170,F81021,Clonazepam_Tab 500mcg,0408010F0AAABAB,1,1.2655999999999974
171,F81606,Clonazepam_Tab 500mcg,0408010F0AAABAB,1,1.2655999999999974
177,F81681,Clonazepam_Tab 500mcg,0408010F0AAABAB,1,1.2655999999999974
176,F81633,Clonazepam_Tab 500mcg,0408010F0AAABAB,4,1.2655999999999974
175,Y02646,Clonazepam_Tab 500mcg,0408010F0AAABAB,2,1.2655999999999974
174,F81757,Clonazepam_Tab 500mcg,0408010F0AAABAB,1,1.2655999999999974
173,F81606,Clonazepam_Tab 500mcg,0408010F0AAABAB,4,1.2655999999999974
172,F81133,Clonazepam_Tab 500mcg,0408010F0AAABAB,1,1.2655999999999974
162,F81716,Clonazepam_Tab 500mcg,0408010F0AAABAB,2,1.2655999999999974
169,F81044,Clonazepam_Tab 500mcg,0408010F0AAABAB,1,1.2655999999999974
167,F81156,Clonazepam_Tab 500mcg,0408010F0AAABAB,1,1.2655999999999974
166,F81213,Clonazepam_Tab 500mcg,0408010F0AAABAB,1,1.2655999999999974
165,F81067,Clonazepam_Tab 500mcg,0408010F0AAABAB,4,1.2655999999999974
164,F81670,Clonazepam_Tab 500mcg,0408010F0AAABAB,2,1.2655999999999974
163,F81141,Clonazepam_Tab 500mcg,0408010F0AAABAB,2,1.2655999999999974
180,F81091,Clonazepam_Tab 500mcg,0408010F0AAABAB,5,1.1864999999999974
182,F81212,Clonazepam_Tab 500mcg,0408010F0AAABAB,5,1.1864999999999974
181,F81156,Clonazepam_Tab 500mcg,0408010F0AAABAB,5,1.1864999999999974
179,F81212,Clonazepam_Tab 500mcg,0408010F0AAABAB,3,1.1864999999999974
178,F81741,Clonazepam_Tab 500mcg,0408010F0AAABAB,3,1.1864999999999974
718,F81095,Atorvastatin_Tab 40mg,0212000B0AAACAC,408,1.1424000000000327
183,F81679,Clonazepam_Tab 500mcg,0408010F0AAABAB,12,1.1327999999999978
184,F81212,Clonazepam_Tab 500mcg,0408010F0AAABAB,1,1.1299999999999977
185,F81716,Clonazepam_Tab 500mcg,0408010F0AAABAB,1,1.1299999999999977
186,F81141,Clonazepam_Tab 500mcg,0408010F0AAABAB,1,1.1299999999999977
187,F81094,Clonazepam_Tab 500mcg,0408010F0AAABAB,1,1.1299999999999977
188,F81021,Clonazepam_Tab 500mcg,0408010F0AAABAB,1,1.1299999999999977
189,F81067,Clonazepam_Tab 500mcg,0408010F0AAABAB,1,1.1299999999999977
190,F81633,Clonazepam_Tab 500mcg,0408010F0AAABAB,1,1.1299999999999977
191,F81681,Clonazepam_Tab 500mcg,0408010F0AAABAB,1,1.1299999999999977
192,F81026,Clonazepam_Tab 500mcg,0408010F0AAABAB,1,1.1299999999999977
193,F81052,Clonazepam_Tab 500mcg,0408010F0AAABAB,28,1.0331999999999981
195,F81028,Clonazepam_Tab 500mcg,0408010F0AAABAB,3,1.016999999999998
196,F81044,Clonazepam_Tab 500mcg,0408010F0AAABAB,1,1.016999999999998
197,F81133,Clonazepam_Tab 500mcg,0408010F0AAABAB,1,1.016999999999998
194,F81095,Clonazepam_Tab 500mcg,0408010F0AAABAB,1,1.016999999999998
198,F81037,Clonazepam_Tab 500mcg,0408010F0AAABAB,3,1.016999999999998
207,F81633,Clonazepam_Tab 500mcg,0408010F0AAABAB,1,0.949199999999998
211,F81746,Clonazepam_Tab 500mcg,0408010F0AAABAB,1,0.949199999999998
209,F81141,Clonazepam_Tab 500mcg,0408010F0AAABAB,3,0.949199999999998
219,F81636,Clonazepam_Tab 500mcg,0408010F0AAABAB,3,0.949199999999998
218,F81636,Clonazepam_Tab 500mcg,0408010F0AAABAB,1,0.949199999999998
217,F81018,Clonazepam_Tab 500mcg,0408010F0AAABAB,6,0.949199999999998
216,F81636,Clonazepam_Tab 500mcg,0408010F0AAABAB,4,0.949199999999998
215,F81116,Clonazepam_Tab 500mcg,0408010F0AAABAB,1,0.949199999999998
214,F81221,Clonazepam_Tab 500mcg,0408010F0AAABAB,1,0.949199999999998
213,F81044,Clonazepam_Tab 500mcg,0408010F0AAABAB,1,0.949199999999998
212,F81044,Clonazepam_Tab 500mcg,0408010F0AAABAB,3,0.949199999999998
210,F81091,Clonazepam_Tab 500mcg,0408010F0AAABAB,1,0.949199999999998
208,F81019,Clonazepam_Tab 500mcg,0408010F0AAABAB,4,0.949199999999998
206,F81133,Clonazepam_Tab 500mcg,0408010F0AAABAB,1,0.949199999999998
205,F81018,Clonazepam_Tab 500mcg,0408010F0AAABAB,4,0.949199999999998
204,F81037,Clonazepam_Tab 500mcg,0408010F0AAABAB,4,0.949199999999998
203,F81109,Clonazepam_Tab 500mcg,0408010F0AAABAB,6,0.949199999999998
202,F81028,Clonazepam_Tab 500mcg,0408010F0AAABAB,1,0.949199999999998
201,F81115,Clonazepam_Tab 500mcg,0408010F0AAABAB,1,0.949199999999998
200,F81019,Clonazepam_Tab 500mcg,0408010F0AAABAB,2,0.949199999999998
199,F81141,Clonazepam_Tab 500mcg,0408010F0AAABAB,1,0.949199999999998
220,F81095,Clonazepam_Tab 500mcg,0408010F0AAABAB,11,0.8700999999999982
221,F81681,Clonazepam_Tab 500mcg,0408010F0AAABAB,11,0.8700999999999982
222,F81069,Clonazepam_Tab 500mcg,0408010F0AAABAB,5,0.7909999999999984
354,F81636,Paracet_Tab 500mg,0407010H0AAAMAM,79,0.7899999999999953
353,F81636,Paracet_Tab 500mg,0407010H0AAAMAM,79,0.7899999999999953
226,F81109,Clonazepam_Tab 500mcg,0408010F0AAABAB,3,0.7118999999999985
227,F81042,Clonazepam_Tab 500mcg,0408010F0AAABAB,3,0.7118999999999985
223,F81115,Clonazepam_Tab 500mcg,0408010F0AAABAB,9,0.7118999999999985
225,F81116,Clonazepam_Tab 500mcg,0408010F0AAABAB,3,0.7118999999999985
224,F81212,Clonazepam_Tab 500mcg,0408010F0AAABAB,9,0.7118999999999985
234,F81044,Clonazepam_Tab 500mcg,0408010F0AAABAB,1,0.6779999999999986
237,F81133,Clonazepam_Tab 500mcg,0408010F0AAABAB,1,0.6779999999999986
236,F81021,Clonazepam_Tab 500mcg,0408010F0AAABAB,1,0.6779999999999986
235,F81042,Clonazepam_Tab 500mcg,0408010F0AAABAB,2,0.6779999999999986
238,F81213,Clonazepam_Tab 500mcg,0408010F0AAABAB,1,0.6779999999999986
233,F81115,Clonazepam_Tab 500mcg,0408010F0AAABAB,1,0.6779999999999986
232,F81012,Clonazepam_Tab 500mcg,0408010F0AAABAB,2,0.6779999999999986
230,F81067,Clonazepam_Tab 500mcg,0408010F0AAABAB,1,0.6779999999999986
229,Y02646,Clonazepam_Tab 500mcg,0408010F0AAABAB,2,0.6779999999999986
228,F81636,Clonazepam_Tab 500mcg,0408010F0AAABAB,1,0.6779999999999986
231,F81681,Clonazepam_Tab 500mcg,0408010F0AAABAB,1,0.6779999999999986
239,F81052,Clonazepam_Tab 500mcg,0408010F0AAABAB,4,0.6327999999999987
240,F81221,Clonazepam_Tab 500mcg,0408010F0AAABAB,4,0.6327999999999987
241,F81741,Clonazepam_Tab 500mcg,0408010F0AAABAB,4,0.6327999999999987
242,F81026,Clonazepam_Tab 500mcg,0408010F0AAABAB,4,0.6327999999999987
243,F81028,Clonazepam_Tab 500mcg,0408010F0AAABAB,4,0.6327999999999987
244,F81221,Clonazepam_Tab 500mcg,0408010F0AAABAB,2,0.6327999999999987
245,F81044,Clonazepam_Tab 500mcg,0408010F0AAABAB,4,0.6327999999999987
246,F81079,Clonazepam_Tab 500mcg,0408010F0AAABAB,4,0.6327999999999987
247,F81017,Clonazepam_Tab 500mcg,0408010F0AAABAB,4,0.6327999999999987
248,F81115,Clonazepam_Tab 500mcg,0408010F0AAABAB,4,0.6327999999999987
249,F81091,Clonazepam_Tab 500mcg,0408010F0AAABAB,7,0.5536999999999989
719,F81109,Atorvastatin_Tab 40mg,0212000B0AAACAC,85,0.4759999999999971
255,F81133,Clonazepam_Tab 500mcg,0408010F0AAABAB,2,0.474599999999999
254,F81012,Clonazepam_Tab 500mcg,0408010F0AAABAB,1,0.474599999999999
253,F81012,Clonazepam_Tab 500mcg,0408010F0AAABAB,2,0.474599999999999
252,F81079,Clonazepam_Tab 500mcg,0408010F0AAABAB,2,0.474599999999999
251,F81681,Clonazepam_Tab 500mcg,0408010F0AAABAB,3,0.474599999999999
250,F81067,Clonazepam_Tab 500mcg,0408010F0AAABAB,1,0.474599999999999
256,F81042,Clonazepam_Tab 500mcg,0408010F0AAABAB,1,0.45199999999999907
257,F81213,Clonazepam_Tab 500mcg,0408010F0AAABAB,2,0.44399999999999995
258,F81636,Clonazepam_Tab 500mcg,0408010F0AAABAB,28,0.4368000000000001
259,F81044,Clonazepam_Tab 500mcg,0408010F0AAABAB,5,0.3954999999999992
260,F81679,Clonazepam_Tab 500mcg,0408010F0AAABAB,6,0.38159999999999994
262,F81079,Clonazepam_Tab 500mcg,0408010F0AAABAB,3,0.348
261,F81091,Clonazepam_Tab 500mcg,0408010F0AAABAB,3,0.348
265,F81019,Clonazepam_Tab 500mcg,0408010F0AAABAB,1,0.3389999999999993
273,F81212,Clonazepam_Tab 500mcg,0408010F0AAABAB,1,0.3389999999999993
272,F81021,Clonazepam_Tab 500mcg,0408010F0AAABAB,1,0.3389999999999993
271,F81095,Clonazepam_Tab 500mcg,0408010F0AAABAB,1,0.3389999999999993
270,F81115,Clonazepam_Tab 500mcg,0408010F0AAABAB,1,0.3389999999999993
269,F81109,Clonazepam_Tab 500mcg,0408010F0AAABAB,1,0.3389999999999993
268,F81044,Clonazepam_Tab 500mcg,0408010F0AAABAB,1,0.3389999999999993
267,F81133,Clonazepam_Tab 500mcg,0408010F0AAABAB,1,0.3389999999999993
266,F81679,Clonazepam_Tab 500mcg,0408010F0AAABAB,1,0.3389999999999993
263,F81681,Clonazepam_Tab 500mcg,0408010F0AAABAB,1,0.3389999999999993
264,F81156,Clonazepam_Tab 500mcg,0408010F0AAABAB,1,0.3389999999999993
278,F81017,Clonazepam_Tab 500mcg,0408010F0AAABAB,4,0.31639999999999935
279,Y04250,Clonazepam_Tab 500mcg,0408010F0AAABAB,1,0.31639999999999935
280,F81037,Clonazepam_Tab 500mcg,0408010F0AAABAB,4,0.31639999999999935
281,F81067,Clonazepam_Tab 500mcg,0408010F0AAABAB,4,0.31639999999999935
276,F81021,Clonazepam_Tab 500mcg,0408010F0AAABAB,2,0.31639999999999935
283,F81633,Clonazepam_Tab 500mcg,0408010F0AAABAB,4,0.31639999999999935
284,F81116,Clonazepam_Tab 500mcg,0408010F0AAABAB,2,0.31639999999999935
285,Y02080,Clonazepam_Tab 500mcg,0408010F0AAABAB,2,0.31639999999999935
282,F81037,Clonazepam_Tab 500mcg,0408010F0AAABAB,2,0.31639999999999935
277,F81757,Clonazepam_Tab 500mcg,0408010F0AAABAB,2,0.31639999999999935
275,F81094,Clonazepam_Tab 500mcg,0408010F0AAABAB,4,0.31639999999999935
274,F81156,Clonazepam_Tab 500mcg,0408010F0AAABAB,4,0.31639999999999935
286,F81028,Clonazepam_Tab 500mcg,0408010F0AAABAB,1,0.2799999999999997
287,F81681,Clonazepam_Tab 500mcg,0408010F0AAABAB,1,0.2735999999999992
290,F81670,Clonazepam_Tab 500mcg,0408010F0AAABAB,3,0.2372999999999995
288,Y02646,Clonazepam_Tab 500mcg,0408010F0AAABAB,3,0.2372999999999995
289,F81633,Clonazepam_Tab 500mcg,0408010F0AAABAB,1,0.2372999999999995
291,F81042,Clonazepam_Tab 500mcg,0408010F0AAABAB,2,0.23199999999999998
292,Y02646,Clonazepam_Tab 500mcg,0408010F0AAABAB,1,0.22199999999999998
293,F81091,Clonazepam_Tab 500mcg,0408010F0AAABAB,1,0.22199999999999998
294,F81141,Clonazepam_Tab 500mcg,0408010F0AAABAB,1,0.22199999999999998
295,F81026,Clonazepam_Tab 500mcg,0408010F0AAABAB,1,0.22199999999999998
296,F81019,Clonazepam_Tab 500mcg,0408010F0AAABAB,1,0.20159999999999978
355,F81716,Paracet_Tab 500mg,0407010H0AAAMAM,5,0.17999999999999994
356,F81716,Paracet_Tab 500mg,0407010H0AAAMAM,5,0.17999999999999994
297,F81679,Clonazepam_Tab 500mcg,0408010F0AAABAB,1,0.174
298,F81141,Clonazepam_Tab 500mcg,0408010F0AAABAB,1,0.15819999999999967
299,F81156,Clonazepam_Tab 500mcg,0408010F0AAABAB,1,0.15819999999999967
301,F81028,Clonazepam_Tab 500mcg,0408010F0AAABAB,1,0.1367999999999996
300,F81091,Clonazepam_Tab 500mcg,0408010F0AAABAB,1,0.1367999999999996
302,F81636,Clonazepam_Tab 500mcg,0408010F0AAABAB,1,0.11599999999999999
304,F81094,Clonazepam_Tab 500mcg,0408010F0AAABAB,1,0.11599999999999999
303,F81156,Clonazepam_Tab 500mcg,0408010F0AAABAB,1,0.11599999999999999
305,F81109,Clonazepam_Tab 500mcg,0408010F0AAABAB,1,0.09439999999999982
306,F81021,Clonazepam_Tab 500mcg,0408010F0AAABAB,1,0.09439999999999982
307,F81079,Clonazepam_Tab 500mcg,0408010F0AAABAB,2,0.08479999999999999
308,Y01303,Clonazepam_Tab 500mcg,0408010F0AAABAB,1,0.07909999999999984
309,F81018,Clonazepam_Tab 500mcg,0408010F0AAABAB,1,0.07909999999999984
358,F81212,Paracet_Tab 500mg,0407010H0AAAMAM,10,0.05999999999999964
357,F81212,Paracet_Tab 500mg,0407010H0AAAMAM,10,0.05999999999999964
310,F81012,Clonazepam_Tab 500mcg,0408010F0AAABAB,1,0.04239999999999999
520,F81012,Aripiprazole_Tab 10mg,0402010ADAAAAAA,7,0.03920000000000112
521,Y02646,Aripiprazole_Tab 10mg,0402010ADAAAAAA,6,0.03360000000000096
360,F81094,Paracet_Tab 500mg,0407010H0AAAMAM,8,0.0335999999999998
359,F81094,Paracet_Tab 500mg,0407010H0AAAMAM,8,0.0335999999999998
362,F81067,Paracet_Tab 500mg,0407010H0AAAMAM,5,0.02999999999999982
361,F81067,Paracet_Tab 500mg,0407010H0AAAMAM,5,0.02999999999999982
522,F81067,Aripiprazole_Tab 10mg,0402010ADAAAAAA,5,0.028000000000000802
363,F81679,Paracet_Tab 500mg,0407010H0AAAMAM,4,0.023999999999999855
364,F81679,Paracet_Tab 500mg,0407010H0AAAMAM,4,0.023999999999999855
523,F81679,Aripiprazole_Tab 10mg,0402010ADAAAAAA,4,0.02240000000000064
365,F81067,Paracet_Tab 500mg,0407010H0AAAMAM,8,0.022399999999999864
366,F81067,Paracet_Tab 500mg,0407010H0AAAMAM,8,0.022399999999999864
311,Y02646,Clonazepam_Tab 500mcg,0408010F0AAABAB,1,0.021199999999999997
367,F81067,Paracet_Tab 500mg,0407010H0AAAMAM,5,0.020999999999999873
368,F81067,Paracet_Tab 500mg,0407010H0AAAMAM,5,0.020999999999999873
372,F81042,Paracet_Tab 500mg,0407010H0AAAMAM,7,0.01959999999999988
369,F81042,Paracet_Tab 500mg,0407010H0AAAMAM,7,0.01959999999999988
370,F81681,Paracet_Tab 500mg,0407010H0AAAMAM,7,0.01959999999999988
371,F81681,Paracet_Tab 500mg,0407010H0AAAMAM,7,0.01959999999999988
373,F81757,Paracet_Tab 500mg,0407010H0AAAMAM,3,0.01799999999999989
374,F81757,Paracet_Tab 500mg,0407010H0AAAMAM,3,0.01799999999999989
554,Y02646,Prednisolone_Tab Solb 5mg,0603020T0AABHBH,4,0.017999999999998018
524,F81095,Aripiprazole_Tab 10mg,0402010ADAAAAAA,3,0.01680000000000048
525,F81026,Aripiprazole_Tab 10mg,0402010ADAAAAAA,3,0.01680000000000048
526,F81636,Aripiprazole_Tab 10mg,0402010ADAAAAAA,3,0.01680000000000048
378,F81221,Paracet_Tab 500mg,0407010H0AAAMAM,4,0.0167999999999999
377,F81636,Paracet_Tab 500mg,0407010H0AAAMAM,4,0.0167999999999999
376,F81221,Paracet_Tab 500mg,0407010H0AAAMAM,4,0.0167999999999999
375,F81636,Paracet_Tab 500mg,0407010H0AAAMAM,4,0.0167999999999999
312,F81095,Clonazepam_Tab 500mcg,0408010F0AAABAB,1,0.015600000000000003
635,F81017,Atorvastatin_Tab 20mg,0212000B0AAABAB,3,0.013200000000000045
527,Y02646,Aripiprazole_Tab 10mg,0402010ADAAAAAA,6,0.01260000000000211
379,F81095,Paracet_Tab 500mg,0407010H0AAAMAM,3,0.012599999999999924
380,F81095,Paracet_Tab 500mg,0407010H0AAAMAM,3,0.012599999999999924
381,F81042,Paracet_Tab 500mg,0407010H0AAAMAM,2,0.011999999999999927
382,F81095,Paracet_Tab 500mg,0407010H0AAAMAM,2,0.011999999999999927
384,F81042,Paracet_Tab 500mg,0407010H0AAAMAM,2,0.011999999999999927
385,F81012,Paracet_Tab 500mg,0407010H0AAAMAM,1,0.011999999999999927
386,F81095,Paracet_Tab 500mg,0407010H0AAAMAM,2,0.011999999999999927
383,F81012,Paracet_Tab 500mg,0407010H0AAAMAM,1,0.011999999999999927
528,F81094,Aripiprazole_Tab 10mg,0402010ADAAAAAA,2,0.01120000000000032
390,F81026,Paracet_Tab 500mg,0407010H0AAAMAM,4,0.011199999999999932
387,F81026,Paracet_Tab 500mg,0407010H0AAAMAM,4,0.011199999999999932
388,F81017,Paracet_Tab 500mg,0407010H0AAAMAM,4,0.011199999999999932
389,F81017,Paracet_Tab 500mg,0407010H0AAAMAM,4,0.011199999999999932
391,F81115,Paracet_Tab 500mg,0407010H0AAAMAM,2,0.010400000000000117
392,F81115,Paracet_Tab 500mg,0407010H0AAAMAM,2,0.010400000000000117
394,F81069,Paracet_Tab 500mg,0407010H0AAAMAM,2,0.00839999999999995
393,F81746,Paracet_Tab 500mg,0407010H0AAAMAM,3,0.00839999999999995
398,F81069,Paracet_Tab 500mg,0407010H0AAAMAM,2,0.00839999999999995
396,F81746,Paracet_Tab 500mg,0407010H0AAAMAM,3,0.00839999999999995
395,Y02646,Paracet_Tab 500mg,0407010H0AAAMAM,3,0.00839999999999995
397,Y02646,Paracet_Tab 500mg,0407010H0AAAMAM,3,0.00839999999999995
688,F81716,Aripiprazole_Tab 5mg,0402010ADAAADAD,4,0.008399999999999075
530,F81212,Aripiprazole_Tab 10mg,0402010ADAAAAAA,3,0.006300000000001055
529,F81094,Aripiprazole_Tab 10mg,0402010ADAAAAAA,3,0.006300000000001055
409,F81052,Paracet_Tab 500mg,0407010H0AAAMAM,1,0.005999999999999964
410,F81079,Paracet_Tab 500mg,0407010H0AAAMAM,1,0.005999999999999964
411,F81091,Paracet_Tab 500mg,0407010H0AAAMAM,1,0.005999999999999964
412,F81042,Paracet_Tab 500mg,0407010H0AAAMAM,2,0.005999999999999964
413,F81052,Paracet_Tab 500mg,0407010H0AAAMAM,1,0.005999999999999964
414,F81679,Paracet_Tab 500mg,0407010H0AAAMAM,2,0.005999999999999964
416,F81069,Paracet_Tab 500mg,0407010H0AAAMAM,1,0.005999999999999964
399,F81028,Paracet_Tab 500mg,0407010H0AAAMAM,1,0.005999999999999964
407,F81079,Paracet_Tab 500mg,0407010H0AAAMAM,1,0.005999999999999964
406,F81679,Paracet_Tab 500mg,0407010H0AAAMAM,2,0.005999999999999964
404,F81026,Paracet_Tab 500mg,0407010H0AAAMAM,1,0.005999999999999964
403,F81026,Paracet_Tab 500mg,0407010H0AAAMAM,1,0.005999999999999964
402,F81042,Paracet_Tab 500mg,0407010H0AAAMAM,2,0.005999999999999964
401,F81069,Paracet_Tab 500mg,0407010H0AAAMAM,1,0.005999999999999964
400,Y02646,Paracet_Tab 500mg,0407010H0AAAMAM,1,0.005999999999999964
405,Y02646,Paracet_Tab 500mg,0407010H0AAAMAM,1,0.005999999999999964
415,F81133,Paracet_Tab 500mg,0407010H0AAAMAM,1,0.005999999999999964
408,F81091,Paracet_Tab 500mg,0407010H0AAAMAM,1,0.005999999999999964
418,F81133,Paracet_Tab 500mg,0407010H0AAAMAM,1,0.005999999999999964
417,F81028,Paracet_Tab 500mg,0407010H0AAAMAM,1,0.005999999999999964
531,F81221,Aripiprazole_Tab 10mg,0402010ADAAAAAA,1,0.00560000000000016
419,F81212,Paracet_Tab 500mg,0407010H0AAAMAM,2,0.005599999999999966
420,F81094,Paracet_Tab 500mg,0407010H0AAAMAM,2,0.005599999999999966
421,F81094,Paracet_Tab 500mg,0407010H0AAAMAM,2,0.005599999999999966
422,F81212,Paracet_Tab 500mg,0407010H0AAAMAM,2,0.005599999999999966
555,F81028,Prednisolone_Tab Solb 5mg,0603020T0AABHBH,2,0.005199999999999871
559,F81670,Prednisolone_Tab Solb 5mg,0603020T0AABHBH,1,0.004499999999999504
556,F81018,Prednisolone_Tab Solb 5mg,0603020T0AABHBH,1,0.004499999999999504
557,F81067,Prednisolone_Tab Solb 5mg,0603020T0AABHBH,1,0.004499999999999504
558,Y04250,Prednisolone_Tab Solb 5mg,0603020T0AABHBH,1,0.004499999999999504
720,Y02081,Atorvastatin_Tab 40mg,0212000B0AAACAC,1,0.004400000000000015
423,F81042,Paracet_Tab 500mg,0407010H0AAAMAM,1,0.004399999999999973
424,F81042,Paracet_Tab 500mg,0407010H0AAAMAM,1,0.004399999999999973
653,F81757,Montelukast_Tab 10mg,0303020G0AAABAB,1,0.004199999999999995
690,F81156,Aripiprazole_Tab 5mg,0402010ADAAADAD,1,0.004199999999999926
689,F81221,Aripiprazole_Tab 5mg,0402010ADAAADAD,1,0.004199999999999926
691,F81091,Aripiprazole_Tab 5mg,0402010ADAAADAD,1,0.004199999999999926
692,F81746,Aripiprazole_Tab 5mg,0402010ADAAADAD,1,0.004199999999999926
696,F81716,Aripiprazole_Tab 5mg,0402010ADAAADAD,1,0.0041999999999995374
695,F81042,Aripiprazole_Tab 5mg,0402010ADAAADAD,1,0.0041999999999995374
693,F81757,Aripiprazole_Tab 5mg,0402010ADAAADAD,2,0.0041999999999995374
694,F81019,Aripiprazole_Tab 5mg,0402010ADAAADAD,1,0.0041999999999995374
697,F81079,Aripiprazole_Tab 5mg,0402010ADAAADAD,1,0.0041999999999995374
561,F81079,Prednisolone_Tab Solb 5mg,0603020T0AABHBH,1,0.0035999999999996035
562,F81012,Prednisolone_Tab Solb 5mg,0603020T0AABHBH,1,0.0035999999999996035
560,F81213,Prednisolone_Tab Solb 5mg,0603020T0AABHBH,1,0.0035999999999996035
563,F81095,Prednisolone_Tab Solb 5mg,0603020T0AABHBH,1,0.0035999999999996035
564,Y02646,Prednisolone_Tab Solb 5mg,0603020T0AABHBH,1,0.0035999999999996035
565,Y02081,Prednisolone_Tab Solb 5mg,0603020T0AABHBH,1,0.0035999999999996035
636,Y01303,Atorvastatin_Tab 20mg,0212000B0AAABAB,1,0.0030000000000000165
427,F81681,Paracet_Tab 500mg,0407010H0AAAMAM,1,0.002999999999999982
429,F81212,Paracet_Tab 500mg,0407010H0AAAMAM,1,0.002999999999999982
425,F81681,Paracet_Tab 500mg,0407010H0AAAMAM,1,0.002999999999999982
426,F81141,Paracet_Tab 500mg,0407010H0AAAMAM,1,0.002999999999999982
428,F81141,Paracet_Tab 500mg,0407010H0AAAMAM,1,0.002999999999999982
432,F81094,Paracet_Tab 500mg,0407010H0AAAMAM,1,0.002999999999999982
430,F81212,Paracet_Tab 500mg,0407010H0AAAMAM,1,0.002999999999999982
431,F81094,Paracet_Tab 500mg,0407010H0AAAMAM,1,0.002999999999999982
566,F81741,Prednisolone_Tab Solb 5mg,0603020T0AABHBH,1,0.0029999999999996696
569,F81026,Prednisolone_Tab Solb 5mg,0603020T0AABHBH,1,0.0029999999999996696
568,F81757,Prednisolone_Tab Solb 5mg,0603020T0AABHBH,1,0.0029999999999996696
567,Y02080,Prednisolone_Tab Solb 5mg,0603020T0AABHBH,1,0.0029999999999996696
433,F81021,Paracet_Tab 500mg,0407010H0AAAMAM,1,0.002799999999999983
434,F81044,Paracet_Tab 500mg,0407010H0AAAMAM,2,0.002799999999999983
435,F81021,Paracet_Tab 500mg,0407010H0AAAMAM,1,0.002799999999999983
436,F81044,Paracet_Tab 500mg,0407010H0AAAMAM,2,0.002799999999999983
637,F81716,Atorvastatin_Tab 20mg,0212000B0AAABAB,1,0.0027000000000000773
571,F81116,Prednisolone_Tab Solb 5mg,0603020T0AABHBH,1,0.0025999999999999357
572,Y02081,Prednisolone_Tab Solb 5mg,0603020T0AABHBH,1,0.0025999999999999357
570,F81095,Prednisolone_Tab Solb 5mg,0603020T0AABHBH,1,0.0025999999999999357
438,F81069,Paracet_Tab 500mg,0407010H0AAAMAM,1,0.002400000000000027
437,F81069,Paracet_Tab 500mg,0407010H0AAAMAM,1,0.002400000000000027
573,Y02080,Prednisolone_Tab Solb 5mg,0603020T0AABHBH,1,0.0020999999999997687
532,F81067,Aripiprazole_Tab 10mg,0402010ADAAAAAA,1,0.0018000000000003014
440,F81042,Paracet_Tab 500mg,0407010H0AAAMAM,1,0.0013999999999999915
439,F81042,Paracet_Tab 500mg,0407010H0AAAMAM,1,0.0013999999999999915
638,F81026,Atorvastatin_Tab 20mg,0212000B0AAABAB,1,-0.0013999999999999985
663,F81212,Paracet_Tab Solb 500mg,0407010H0AAAQAQ,1,-0.0014999999999998348
664,F81212,Paracet_Tab Solb 500mg,0407010H0AAAQAQ,1,-0.0014999999999998348
441,F81213,Paracet_Tab 500mg,0407010H0AAAMAM,1,-0.001999999999999988
442,F81213,Paracet_Tab 500mg,0407010H0AAAMAM,1,-0.001999999999999988
533,F81095,Aripiprazole_Tab 10mg,0402010ADAAAAAA,1,-0.002099999999999963
639,F81091,Atorvastatin_Tab 20mg,0212000B0AAABAB,1,-0.0022999999999999063
574,F81079,Prednisolone_Tab Solb 5mg,0603020T0AABHBH,1,-0.0023999999999997357
575,F81115,Prednisolone_Tab Solb 5mg,0603020T0AABHBH,1,-0.0023999999999997357
576,F81741,Prednisolone_Tab Solb 5mg,0603020T0AABHBH,1,-0.0023999999999997357
577,Y02646,Prednisolone_Tab Solb 5mg,0603020T0AABHBH,1,-0.0023999999999997357
640,F81018,Atorvastatin_Tab 20mg,0212000B0AAABAB,1,-0.0026999999999999837
578,F81116,Prednisolone_Tab Solb 5mg,0603020T0AABHBH,1,-0.0027999999999996916
579,F81017,Prednisolone_Tab Solb 5mg,0603020T0AABHBH,1,-0.0027999999999996916
641,F81037,Atorvastatin_Tab 20mg,0212000B0AAABAB,1,-0.002799999999999997
534,F81012,Aripiprazole_Tab 10mg,0402010ADAAAAAA,1,-0.0028000000000000247
698,F81116,Aripiprazole_Tab 5mg,0402010ADAAADAD,1,-0.00280000000000008
721,F81067,Atorvastatin_Tab 40mg,0212000B0AAACAC,1,-0.0029999999999998778
722,Y04250,Atorvastatin_Tab 40mg,0212000B0AAACAC,1,-0.0029999999999998778
643,F81094,Atorvastatin_Tab 20mg,0212000B0AAABAB,1,-0.0029999999999998778
642,F81681,Atorvastatin_Tab 20mg,0212000B0AAABAB,1,-0.0029999999999998778
723,F81213,Atorvastatin_Tab 40mg,0212000B0AAACAC,1,-0.0029999999999998778
665,F81681,Paracet_Tab Solb 500mg,0407010H0AAAQAQ,1,-0.0031999999999996476
666,F81681,Paracet_Tab Solb 500mg,0407010H0AAAQAQ,1,-0.0031999999999996476
583,F81156,Prednisolone_Tab Solb 5mg,0603020T0AABHBH,1,-0.0035999999999996035
582,F81213,Prednisolone_Tab Solb 5mg,0603020T0AABHBH,1,-0.0035999999999996035
581,F81019,Prednisolone_Tab Solb 5mg,0603020T0AABHBH,1,-0.0035999999999996035
580,F81746,Prednisolone_Tab Solb 5mg,0603020T0AABHBH,1,-0.0035999999999996035
586,F81212,Prednisolone_Tab Solb 5mg,0603020T0AABHBH,1,-0.0039999999999995595
585,Y02646,Prednisolone_Tab Solb 5mg,0603020T0AABHBH,1,-0.0039999999999995595
584,F81741,Prednisolone_Tab Solb 5mg,0603020T0AABHBH,1,-0.0039999999999995595
444,F81042,Paracet_Tab 500mg,0407010H0AAAMAM,1,-0.003999999999999976
446,F81042,Paracet_Tab 500mg,0407010H0AAAMAM,1,-0.003999999999999976
445,F81042,Paracet_Tab 500mg,0407010H0AAAMAM,2,-0.003999999999999976
443,F81042,Paracet_Tab 500mg,0407010H0AAAMAM,2,-0.003999999999999976
644,F81716,Atorvastatin_Tab 20mg,0212000B0AAABAB,1,-0.003999999999999976
724,F81042,Atorvastatin_Tab 40mg,0212000B0AAACAC,1,-0.004000000000000045
591,F81021,Prednisolone_Tab Solb 5mg,0603020T0AABHBH,1,-0.0041999999999995374
590,F81133,Prednisolone_Tab Solb 5mg,0603020T0AABHBH,1,-0.0041999999999995374
589,F81019,Prednisolone_Tab Solb 5mg,0603020T0AABHBH,1,-0.0041999999999995374
588,F81157,Prednisolone_Tab Solb 5mg,0603020T0AABHBH,1,-0.0041999999999995374
587,F81052,Prednisolone_Tab Solb 5mg,0603020T0AABHBH,1,-0.0041999999999995374
535,F81042,Aripiprazole_Tab 10mg,0402010ADAAAAAA,2,-0.004199999999999926
448,F81212,Paracet_Tab 500mg,0407010H0AAAMAM,1,-0.004499999999999999
447,F81212,Paracet_Tab 500mg,0407010H0AAAMAM,1,-0.004499999999999999
594,F81019,Prednisolone_Tab Solb 5mg,0603020T0AABHBH,1,-0.004799999999999471
600,F81746,Prednisolone_Tab Solb 5mg,0603020T0AABHBH,2,-0.004799999999999471
593,F81021,Prednisolone_Tab Solb 5mg,0603020T0AABHBH,1,-0.004799999999999471
599,F81156,Prednisolone_Tab Solb 5mg,0603020T0AABHBH,1,-0.004799999999999471
598,F81095,Prednisolone_Tab Solb 5mg,0603020T0AABHBH,2,-0.004799999999999471
596,F81044,Prednisolone_Tab Solb 5mg,0603020T0AABHBH,1,-0.004799999999999471
595,F81636,Prednisolone_Tab Solb 5mg,0603020T0AABHBH,1,-0.004799999999999471
592,F81213,Prednisolone_Tab Solb 5mg,0603020T0AABHBH,2,-0.004799999999999471
597,F81079,Prednisolone_Tab Solb 5mg,0603020T0AABHBH,1,-0.004799999999999471
601,F81757,Prednisolone_Tab Solb 5mg,0603020T0AABHBH,1,-0.0047999999999999154
602,F81028,Prednisolone_Tab Solb 5mg,0603020T0AABHBH,1,-0.0047999999999999154
603,F81067,Prednisolone_Tab Solb 5mg,0603020T0AABHBH,1,-0.0047999999999999154
450,F81026,Paracet_Tab 500mg,0407010H0AAAMAM,1,-0.004799999999999999
449,F81026,Paracet_Tab 500mg,0407010H0AAAMAM,1,-0.004799999999999999
455,Y01303,Paracet_Tab 500mg,0407010H0AAAMAM,1,-0.005599999999999966
458,F81156,Paracet_Tab 500mg,0407010H0AAAMAM,1,-0.005599999999999966
453,F81156,Paracet_Tab 500mg,0407010H0AAAMAM,1,-0.005599999999999966
464,Y01303,Paracet_Tab 500mg,0407010H0AAAMAM,1,-0.005599999999999966
463,F81213,Paracet_Tab 500mg,0407010H0AAAMAM,1,-0.005599999999999966
462,F81141,Paracet_Tab 500mg,0407010H0AAAMAM,1,-0.005599999999999966
461,F81141,Paracet_Tab 500mg,0407010H0AAAMAM,1,-0.005599999999999966
459,F81079,Paracet_Tab 500mg,0407010H0AAAMAM,1,-0.005599999999999966
460,F81213,Paracet_Tab 500mg,0407010H0AAAMAM,1,-0.005599999999999966
457,F81026,Paracet_Tab 500mg,0407010H0AAAMAM,1,-0.005599999999999966
456,F81026,Paracet_Tab 500mg,0407010H0AAAMAM,1,-0.005599999999999966
454,F81679,Paracet_Tab 500mg,0407010H0AAAMAM,1,-0.005599999999999966
451,F81079,Paracet_Tab 500mg,0407010H0AAAMAM,1,-0.005599999999999966
452,F81679,Paracet_Tab 500mg,0407010H0AAAMAM,1,-0.005599999999999966
699,F81716,Aripiprazole_Tab 5mg,0402010ADAAADAD,2,-0.00560000000000016
700,F81156,Aripiprazole_Tab 5mg,0402010ADAAADAD,14,-0.00560000000000016
676,F81091,Paracet_Tab Solb 500mg,0407010H0AAAQAQ,1,-0.005999999999999339
667,F81067,Paracet_Tab Solb 500mg,0407010H0AAAQAQ,1,-0.005999999999999339
668,F81017,Paracet_Tab Solb 500mg,0407010H0AAAQAQ,1,-0.005999999999999339
669,F81019,Paracet_Tab Solb 500mg,0407010H0AAAQAQ,1,-0.005999999999999339
670,F81018,Paracet_Tab Solb 500mg,0407010H0AAAQAQ,1,-0.005999999999999339
671,F81067,Paracet_Tab Solb 500mg,0407010H0AAAQAQ,1,-0.005999999999999339
673,F81042,Paracet_Tab Solb 500mg,0407010H0AAAQAQ,1,-0.005999999999999339
674,F81018,Paracet_Tab Solb 500mg,0407010H0AAAQAQ,1,-0.005999999999999339
675,F81019,Paracet_Tab Solb 500mg,0407010H0AAAQAQ,1,-0.005999999999999339
672,F81017,Paracet_Tab Solb 500mg,0407010H0AAAQAQ,1,-0.005999999999999339
677,F81091,Paracet_Tab Solb 500mg,0407010H0AAAQAQ,1,-0.005999999999999339
678,F81042,Paracet_Tab Solb 500mg,0407010H0AAAQAQ,1,-0.005999999999999339
536,F81109,Aripiprazole_Tab 10mg,0402010ADAAAAAA,3,-0.006299999999999889
537,F81221,Aripiprazole_Tab 10mg,0402010ADAAAAAA,3,-0.006299999999999889
538,F81757,Aripiprazole_Tab 10mg,0402010ADAAAAAA,3,-0.006299999999999889
604,F81095,Prednisolone_Tab Solb 5mg,0603020T0AABHBH,2,-0.007199999999999207
606,F81156,Prednisolone_Tab Solb 5mg,0603020T0AABHBH,2,-0.007999999999999119
605,F81028,Prednisolone_Tab Solb 5mg,0603020T0AABHBH,2,-0.007999999999999119
465,F81156,Paracet_Tab 500mg,0407010H0AAAMAM,2,-0.007999999999999952
466,F81156,Paracet_Tab 500mg,0407010H0AAAMAM,2,-0.007999999999999952
539,F81044,Aripiprazole_Tab 10mg,0402010ADAAAAAA,4,-0.008399999999999852
701,F81633,Aripiprazole_Tab 5mg,0402010ADAAADAD,3,-0.00840000000000024
607,Y02081,Prednisolone_Tab Solb 5mg,0603020T0AABHBH,2,-0.009599999999998943
609,F81042,Prednisolone_Tab Solb 5mg,0603020T0AABHBH,2,-0.009599999999998943
610,F81633,Prednisolone_Tab Solb 5mg,0603020T0AABHBH,2,-0.009599999999998943
608,F81679,Prednisolone_Tab Solb 5mg,0603020T0AABHBH,2,-0.009599999999998943
467,F81109,Paracet_Tab 500mg,0407010H0AAAMAM,2,-0.011199999999999932
470,F81028,Paracet_Tab 500mg,0407010H0AAAMAM,2,-0.011199999999999932
468,F81109,Paracet_Tab 500mg,0407010H0AAAMAM,2,-0.011199999999999932
469,F81028,Paracet_Tab 500mg,0407010H0AAAMAM,2,-0.011199999999999932
704,F81019,Aripiprazole_Tab 5mg,0402010ADAAADAD,4,-0.01120000000000032
703,F81133,Aripiprazole_Tab 5mg,0402010ADAAADAD,4,-0.01120000000000032
702,F81091,Aripiprazole_Tab 5mg,0402010ADAAADAD,4,-0.01120000000000032
684,F81115,Paracet_Tab Solb 500mg,0407010H0AAAQAQ,2,-0.011999999999998678
683,F81679,Paracet_Tab Solb 500mg,0407010H0AAAQAQ,2,-0.011999999999998678
682,F81115,Paracet_Tab Solb 500mg,0407010H0AAAQAQ,2,-0.011999999999998678
681,F81679,Paracet_Tab Solb 500mg,0407010H0AAAQAQ,2,-0.011999999999998678
680,F81052,Paracet_Tab Solb 500mg,0407010H0AAAQAQ,2,-0.011999999999998678
679,F81052,Paracet_Tab Solb 500mg,0407010H0AAAQAQ,2,-0.011999999999998678
540,F81681,Aripiprazole_Tab 10mg,0402010ADAAAAAA,6,-0.012599999999999778
645,F81017,Atorvastatin_Tab 20mg,0212000B0AAABAB,3,-0.012599999999999986
705,F81681,Aripiprazole_Tab 5mg,0402010ADAAADAD,5,-0.014000000000000401
612,F81116,Prednisolone_Tab Solb 5mg,0603020T0AABHBH,3,-0.014399999999998414
611,Y02081,Prednisolone_Tab Solb 5mg,0603020T0AABHBH,4,-0.014399999999998414
613,F81133,Prednisolone_Tab Solb 5mg,0603020T0AABHBH,3,-0.014399999999998414
614,Y02646,Prednisolone_Tab Solb 5mg,0603020T0AABHBH,3,-0.014399999999999746
541,F81212,Aripiprazole_Tab 10mg,0402010ADAAAAAA,7,-0.014699999999999741
615,Y02080,Prednisolone_Tab Solb 5mg,0603020T0AABHBH,4,-0.015999999999998238
725,F81067,Atorvastatin_Tab 40mg,0212000B0AAACAC,4,-0.01679999999999998
706,F81636,Aripiprazole_Tab 5mg,0402010ADAAADAD,7,-0.01960000000000056
542,F81679,Aripiprazole_Tab 10mg,0402010ADAAAAAA,10,-0.02099999999999963
707,F81094,Aripiprazole_Tab 5mg,0402010ADAAADAD,5,-0.02200000000000063
476,F81019,Paracet_Tab 500mg,0407010H0AAAMAM,4,-0.022399999999999864
477,F81716,Paracet_Tab 500mg,0407010H0AAAMAM,4,-0.022399999999999864
480,F81116,Paracet_Tab 500mg,0407010H0AAAMAM,4,-0.022399999999999864
478,F81019,Paracet_Tab 500mg,0407010H0AAAMAM,4,-0.022399999999999864
479,F81716,Paracet_Tab 500mg,0407010H0AAAMAM,4,-0.022399999999999864
475,F81052,Paracet_Tab 500mg,0407010H0AAAMAM,4,-0.022399999999999864
474,F81741,Paracet_Tab 500mg,0407010H0AAAMAM,4,-0.022399999999999864
473,F81741,Paracet_Tab 500mg,0407010H0AAAMAM,4,-0.022399999999999864
472,F81052,Paracet_Tab 500mg,0407010H0AAAMAM,4,-0.022399999999999864
471,F81116,Paracet_Tab 500mg,0407010H0AAAMAM,4,-0.022399999999999864
709,F81095,Aripiprazole_Tab 5mg,0402010ADAAADAD,8,-0.02240000000000064
708,F81212,Aripiprazole_Tab 5mg,0402010ADAAADAD,8,-0.02240000000000064
543,F81746,Aripiprazole_Tab 10mg,0402010ADAAAAAA,11,-0.023099999999999593
686,F81212,Paracet_Tab Solb 500mg,0407010H0AAAQAQ,4,-0.023999999999997357
685,F81212,Paracet_Tab Solb 500mg,0407010H0AAAQAQ,4,-0.023999999999997357
481,F81094,Paracet_Tab 500mg,0407010H0AAAMAM,5,-0.02799999999999983
482,F81091,Paracet_Tab 500mg,0407010H0AAAMAM,5,-0.02799999999999983
483,F81094,Paracet_Tab 500mg,0407010H0AAAMAM,5,-0.02799999999999983
484,F81091,Paracet_Tab 500mg,0407010H0AAAMAM,5,-0.02799999999999983
710,F81156,Aripiprazole_Tab 5mg,0402010ADAAADAD,10,-0.028000000000000802
654,Y02646,Montelukast_Tab 10mg,0303020G0AAABAB,10,-0.030000000000000027
646,F81018,Atorvastatin_Tab 20mg,0212000B0AAABAB,22,-0.030799999999999966
485,F81212,Paracet_Tab 500mg,0407010H0AAAMAM,9,-0.03239999999999999
486,F81212,Paracet_Tab 500mg,0407010H0AAAMAM,9,-0.03239999999999999
488,F81069,Paracet_Tab 500mg,0407010H0AAAMAM,7,-0.03919999999999976
487,F81069,Paracet_Tab 500mg,0407010H0AAAMAM,7,-0.03919999999999976
647,F81052,Atorvastatin_Tab 20mg,0212000B0AAABAB,28,-0.03919999999999996
711,F81042,Aripiprazole_Tab 5mg,0402010ADAAADAD,14,-0.03920000000000112
490,F81212,Paracet_Tab 500mg,0407010H0AAAMAM,8,-0.04479999999999973
489,F81212,Paracet_Tab 500mg,0407010H0AAAMAM,8,-0.04479999999999973
493,F81021,Paracet_Tab 500mg,0407010H0AAAMAM,10,-0.05599999999999966
491,F81037,Paracet_Tab 500mg,0407010H0AAAMAM,10,-0.05599999999999966
492,F81037,Paracet_Tab 500mg,0407010H0AAAMAM,10,-0.05599999999999966
494,F81021,Paracet_Tab 500mg,0407010H0AAAMAM,10,-0.05599999999999966
495,F81017,Paracet_Tab 500mg,0407010H0AAAMAM,11,-0.06159999999999963
496,F81017,Paracet_Tab 500mg,0407010H0AAAMAM,11,-0.06159999999999963
500,F81044,Paracet_Tab 500mg,0407010H0AAAMAM,12,-0.0671999999999996
498,F81115,Paracet_Tab 500mg,0407010H0AAAMAM,12,-0.0671999999999996
499,F81044,Paracet_Tab 500mg,0407010H0AAAMAM,12,-0.0671999999999996
497,F81115,Paracet_Tab 500mg,0407010H0AAAMAM,12,-0.0671999999999996
502,Y02646,Paracet_Tab 500mg,0407010H0AAAMAM,13,-0.07279999999999956
501,Y02646,Paracet_Tab 500mg,0407010H0AAAMAM,13,-0.07279999999999956
504,F81042,Paracet_Tab 500mg,0407010H0AAAMAM,15,-0.08399999999999949
503,F81042,Paracet_Tab 500mg,0407010H0AAAMAM,15,-0.08399999999999949
506,F81095,Paracet_Tab 500mg,0407010H0AAAMAM,16,-0.08959999999999946
505,F81095,Paracet_Tab 500mg,0407010H0AAAMAM,16,-0.08959999999999946
510,F81018,Paracet_Tab 500mg,0407010H0AAAMAM,18,-0.10079999999999939
507,F81067,Paracet_Tab 500mg,0407010H0AAAMAM,18,-0.10079999999999939
508,F81067,Paracet_Tab 500mg,0407010H0AAAMAM,18,-0.10079999999999939
509,F81018,Paracet_Tab 500mg,0407010H0AAAMAM,18,-0.10079999999999939
313,F81681,Clonazepam_Tab 500mcg,0408010F0AAABAB,30,-0.13200000000000045
314,F81157,Clonazepam_Tab 500mcg,0408010F0AAABAB,1,-0.414400000000001
512,F81109,Paracet_Tab 500mg,0407010H0AAAMAM,30,-0.5999999999999963
511,F81109,Paracet_Tab 500mg,0407010H0AAAMAM,30,-0.5999999999999963
712,F81746,Aripiprazole_Tab 5mg,0402010ADAAADAD,1,-0.6804000000000004
513,F81133,Paracet_Tab 500mg,0407010H0AAAMAM,42,-0.839999999999995
514,F81133,Paracet_Tab 500mg,0407010H0AAAMAM,42,-0.839999999999995
515,F81095,Paracet_Tab 500mg,0407010H0AAAMAM,61,-1.3663999999999916
516,F81095,Paracet_Tab 500mg,0407010H0AAAMAM,61,-1.3663999999999916
626,F81116,Mesalazine_Tab E/C 800mg,0105010B0AAASAS,1,-22.959999999999994
