,practice_code,bnf_description,bnf_code,items,excess_cost
0,M83006,Amiodarone HCl_Tab 200mg,0203020D0AAABAB,31,9.597000000000007
1,M83006,Aripiprazole_Tab 15mg,0402010ADAAABAB,4,-0.01120000000000032
2,M83006,Bumetanide_Tab 1mg,0202020D0AAAEAE,4,-0.008199999999999895
3,M83006,Clonazepam_Tab 500mcg,0408010F0AAABAB,17,5.649999999999988
4,M83006,Paracet_Tab Solb 500mg,0407010H0AAAQAQ,6,-0.035999999999996035
5,M83006,Perindopril Erbumine_Tab 2mg,0205051M0AAAAAA,26,-0.04829999999999118
6,M83006,Sumatriptan_Tab 50mg,0407041T0AAAFAF,56,-0.0027999999999996916
7,M83018,Amiodarone HCl_Tab 200mg,0203020D0AAABAB,5,3.500000000000003
8,M83018,Clonazepam_Tab 500mcg,0408010F0AAABAB,4,2.847599999999994
9,M83018,Perindopril Erbumine_Tab 2mg,0205051M0AAAAAA,6,-0.022399999999997533
10,M83018,Sumatriptan_Tab 50mg,0407041T0AAAFAF,14,0.0
11,M83030,Amiodarone HCl_Tab 200mg,0203020D0AAABAB,4,2.100000000000002
12,M83030,Clonazepam_Tab 500mcg,0408010F0AAABAB,8,2.2147999999999954
13,M83030,Perindopril Erbumine_Tab 2mg,0205051M0AAAAAA,13,0.0028000000000028002
14,M83030,Sumatriptan_Tab 50mg,0407041T0AAAFAF,23,0.0
15,M83031,Amiodarone HCl_Tab 200mg,0203020D0AAABAB,1,0.3500000000000003
16,M83031,Clonazepam_Tab 500mcg,0408010F0AAABAB,5,2.372999999999995
17,M83031,Perindopril Erbumine_Tab 2mg,0205051M0AAAAAA,7,-0.0335999999999963
18,M83031,Sumatriptan_Tab 50mg,0407041T0AAAFAF,11,0.0
19,M83032,Amiodarone HCl_Tab 200mg,0203020D0AAABAB,13,5.588800000000004
20,M83032,Clonazepam_Tab 500mcg,0408010F0AAABAB,16,9.401599999999982
21,M83032,Perindopril Erbumine_Tab 2mg,0205051M0AAAAAA,18,-0.09239999999998982
22,M83032,Sumatriptan_Tab 50mg,0407041T0AAAFAF,25,-0.00300000000000078
23,M83041,Amiodarone HCl_Tab 200mg,0203020D0AAABAB,2,1.050000000000001
24,M83041,Clonazepam_Tab 500mcg,0408010F0AAABAB,6,1.1073999999999977
25,M83041,Paracet_Tab Solb 500mg,0407010H0AAAQAQ,2,-0.006399999999999295
26,M83041,Perindopril Erbumine_Tab 2mg,0205051M0AAAAAA,3,-0.01679999999999815
27,M83041,Sumatriptan_Tab 50mg,0407041T0AAAFAF,6,0.0
28,M83062,Amiodarone HCl_Tab 200mg,0203020D0AAABAB,9,5.250000000000004
29,M83062,Aripiprazole_Tab 15mg,0402010ADAAABAB,4,-0.01120000000000032
30,M83062,Clonazepam_Tab 500mcg,0408010F0AAABAB,11,10.599399999999978
31,M83062,Paracet_Tab Solb 500mg,0407010H0AAAQAQ,14,-0.08399999999999075
32,M83062,Perindopril Erbumine_Tab 2mg,0205051M0AAAAAA,11,27.464500000000005
33,M83062,Sumatriptan_Tab 50mg,0407041T0AAAFAF,33,0.0031999999999996476
34,M83072,Amiodarone HCl_Tab 200mg,0203020D0AAABAB,4,1.4000000000000012
35,M83072,Clonazepam_Tab 500mcg,0408010F0AAABAB,6,1.423799999999997
36,M83072,Paracet_Tab Solb 500mg,0407010H0AAAQAQ,6,-0.030399999999996652
37,M83072,Perindopril Erbumine_Tab 2mg,0205051M0AAAAAA,9,-0.03149999999999614
38,M83072,Sumatriptan_Tab 50mg,0407041T0AAAFAF,15,0.0
39,M83088,Amiodarone HCl_Tab 200mg,0203020D0AAABAB,22,4.866400000000004
40,M83088,Aripiprazole_Tab 15mg,0402010ADAAABAB,6,0.025199999999999556
41,M83088,Bumetanide_Tab 1mg,0202020D0AAAEAE,1,-0.002799999999999997
42,M83088,Clonazepam_Tab 500mcg,0408010F0AAABAB,7,6.101999999999988
43,M83088,Paracet_Tab Solb 500mg,0407010H0AAAQAQ,12,-0.07199999999999207
44,M83088,Perindopril Erbumine_Tab 2mg,0205051M0AAAAAA,15,0.0063000000000035805
45,M83088,Sumatriptan_Tab 50mg,0407041T0AAAFAF,18,0.0
46,M83093,Amiodarone HCl_Tab 200mg,0203020D0AAABAB,2,0.7000000000000006
47,M83093,Clonazepam_Tab 500mcg,0408010F0AAABAB,4,1.898399999999996
48,M83093,Paracet_Tab Solb 500mg,0407010H0AAAQAQ,4,-0.023999999999997357
49,M83093,Perindopril Erbumine_Tab 2mg,0205051M0AAAAAA,9,-0.041999999999995374
50,M83093,Sumatriptan_Tab 50mg,0407041T0AAAFAF,8,0.0
51,M83097,Amiodarone HCl_Tab 200mg,0203020D0AAABAB,2,1.4000000000000012
52,M83097,Clonazepam_Tab 500mcg,0408010F0AAABAB,7,4.74599999999999
53,M83097,Perindopril Erbumine_Tab 2mg,0205051M0AAAAAA,5,-0.025199999999997225
54,M83097,Sumatriptan_Tab 50mg,0407041T0AAAFAF,21,0.0
55,M83110,Amiodarone HCl_Tab 200mg,0203020D0AAABAB,11,4.538800000000004
56,M83110,Aripiprazole_Tab 15mg,0402010ADAAABAB,8,0.005599999999999383
57,M83110,Clonazepam_Tab 500mcg,0408010F0AAABAB,9,4.873599999999991
58,M83110,Perindopril Erbumine_Tab 2mg,0205051M0AAAAAA,17,-0.02589999999999365
59,M83110,Sumatriptan_Tab 50mg,0407041T0AAAFAF,15,0.0
60,M83111,Risperidone_Tab 6mg,040201030AAAFAF,1,51.1217
61,M83111,Sumatriptan_Tab 50mg,0407041T0AAAFAF,4,0.0
62,M83113,Amiodarone HCl_Tab 200mg,0203020D0AAABAB,3,1.050000000000001
63,M83113,Clonazepam_Tab 500mcg,0408010F0AAABAB,5,1.2655999999999974
64,M83113,Perindopril Erbumine_Tab 2mg,0205051M0AAAAAA,3,-0.011199999999998766
65,M83113,Sumatriptan_Tab 50mg,0407041T0AAAFAF,3,0.0
66,M83115,Amiodarone HCl_Tab 200mg,0203020D0AAABAB,3,1.4500000000000013
67,M83115,Perindopril Erbumine_Tab 2mg,0205051M0AAAAAA,4,-0.011199999999998766
68,M83115,Sumatriptan_Tab 50mg,0407041T0AAAFAF,3,0.0
69,M83117,Amiodarone HCl_Tab 200mg,0203020D0AAABAB,4,1.7500000000000016
70,M83117,Aripiprazole_Tab 15mg,0402010ADAAABAB,1,-0.00280000000000008
71,M83117,Clonazepam_Tab 500mcg,0408010F0AAABAB,4,1.2881999999999973
72,M83117,Paracet_Tab Solb 500mg,0407010H0AAAQAQ,8,73.52000000000001
73,M83117,Perindopril Erbumine_Tab 2mg,0205051M0AAAAAA,2,-0.005599999999999383
74,M83117,Sumatriptan_Tab 50mg,0407041T0AAAFAF,19,0.0
75,M83125,Amiodarone HCl_Tab 200mg,0203020D0AAABAB,4,1.4000000000000012
76,M83125,Clonazepam_Tab 500mcg,0408010F0AAABAB,1,2.2599999999999953
77,M83125,Paracet_Tab Solb 500mg,0407010H0AAAQAQ,6,-0.01119999999999699
78,M83125,Perindopril Erbumine_Tab 2mg,0205051M0AAAAAA,3,0.006300000000000472
79,M83125,Sumatriptan_Tab 50mg,0407041T0AAAFAF,9,0.0
80,M83132,Clonazepam_Tab 500mcg,0408010F0AAABAB,2,0.7909999999999984
81,M83132,Perindopril Erbumine_Tab 2mg,0205051M0AAAAAA,2,-0.011199999999998766
82,M83132,Sumatriptan_Tab 50mg,0407041T0AAAFAF,9,0.0
83,M83148,Amiodarone HCl_Tab 200mg,0203020D0AAABAB,9,4.200000000000003
84,M83148,Aripiprazole_Tab 15mg,0402010ADAAABAB,5,-0.014000000000000401
85,M83148,Clonazepam_Tab 500mcg,0408010F0AAABAB,25,12.219399999999975
86,M83148,Perindopril Erbumine_Tab 2mg,0205051M0AAAAAA,30,0.01890000000000608
87,M83148,Sumatriptan_Tab 50mg,0407041T0AAAFAF,40,0.0041999999999995374
88,M83617,Amiodarone HCl_Tab 200mg,0203020D0AAABAB,15,5.588800000000004
89,M83617,Aripiprazole_Tab 15mg,0402010ADAAABAB,9,-0.004200000000000703
90,M83617,Bumetanide_Tab 1mg,0202020D0AAAEAE,6,-0.01319999999999992
91,M83617,Clonazepam_Tab 500mcg,0408010F0AAABAB,15,5.600799999999989
92,M83617,Mesalazine_Tab E/C 800mg,0105010B0AAASAS,1,68.87999999999998
93,M83617,Perindopril Erbumine_Tab 2mg,0205051M0AAAAAA,14,-0.025899999999995205
94,M83617,Sumatriptan_Tab 50mg,0407041T0AAAFAF,41,0.0
95,M83668,Amiodarone HCl_Tab 200mg,0203020D0AAABAB,1,0.3500000000000003
96,M83668,Clonazepam_Tab 500mcg,0408010F0AAABAB,2,2.5763999999999947
97,M83668,Sumatriptan_Tab 50mg,0407041T0AAAFAF,1,0.0
98,M83693,Amiodarone HCl_Tab 200mg,0203020D0AAABAB,1,0.3500000000000003
99,M83693,Clonazepam_Tab 500mcg,0408010F0AAABAB,6,2.056599999999996
100,M83693,Perindopril Erbumine_Tab 2mg,0205051M0AAAAAA,16,-0.02659999999999474
101,M83693,Sumatriptan_Tab 50mg,0407041T0AAAFAF,8,0.0
102,M83705,Amiodarone HCl_Tab 200mg,0203020D0AAABAB,4,1.4000000000000012
103,M83705,Clonazepam_Tab 500mcg,0408010F0AAABAB,3,1.2655999999999974
104,M83705,Perindopril Erbumine_Tab 2mg,0205051M0AAAAAA,7,0.014700000000001101
105,M83705,Sumatriptan_Tab 50mg,0407041T0AAAFAF,4,0.0
106,M83706,Amiodarone HCl_Tab 200mg,0203020D0AAABAB,5,1.7500000000000016
107,M83706,Clonazepam_Tab 500mcg,0408010F0AAABAB,1,0.15819999999999967
108,M83706,Perindopril Erbumine_Tab 2mg,0205051M0AAAAAA,1,-0.0027999999999996916
109,M83706,Sumatriptan_Tab 50mg,0407041T0AAAFAF,3,0.0
110,M83715,Clonazepam_Tab 500mcg,0408010F0AAABAB,3,1.7627999999999964
111,M83715,Sumatriptan_Tab 50mg,0407041T0AAAFAF,12,0.0
112,Y02414,Aripiprazole_Tab 15mg,0402010ADAAABAB,5,107.8875
113,Y02414,Bumetanide_Tab 1mg,0202020D0AAAEAE,2,30.352
114,Y02414,Clonazepam_Tab 500mcg,0408010F0AAABAB,7,3.7063999999999924
115,Y02414,Montelukast_Tab 10mg,0303020G0AAABAB,10,24.387999999999995
116,Y02414,Sumatriptan_Tab 50mg,0407041T0AAAFAF,27,27.501199999999997
