,practice_code,bnf_description,bnf_code,items,excess_cost
24,Y03135,Levothyrox Sod_Tab 25mcg,0602010V0AABWBW,3,158.49
0,F85669,Mesalazine_Tab E/C 400mg,0105010B0AAAAAA,1,102.67199999999998
107,Y03035,Risperidone_Tab 6mg,040201030AAAFAF,8,58.464
108,F85069,Risperidone_Tab 6mg,040201030AAAFAF,2,58.4192
2,Y02117,Mesalazine_Tab E/C 400mg,0105010B0AAAAAA,1,51.33599999999999
1,F85669,Mesalazine_Tab E/C 400mg,0105010B0AAAAAA,1,51.33599999999999
3,F85669,Mesalazine_Tab E/C 400mg,0105010B0AAAAAA,8,47.94720000000001
4,Y01655,Mesalazine_Tab E/C 400mg,0105010B0AAAAAA,1,47.913599999999995
5,F85640,Mesalazine_Tab E/C 400mg,0105010B0AAAAAA,1,47.913599999999995
6,F85014,Mesalazine_Tab E/C 400mg,0105010B0AAAAAA,1,35.935199999999995
7,F85645,Mesalazine_Tab E/C 400mg,0105010B0AAAAAA,1,34.224
8,F85063,Mesalazine_Tab E/C 400mg,0105010B0AAAAAA,1,31.942399999999996
216,F85013,Amlodipine_Tab 10mg,0206020A0AAABAB,39,26.535599999999988
12,F85060,Mesalazine_Tab E/C 400mg,0105010B0AAAAAA,1,23.956799999999998
11,F85030,Mesalazine_Tab E/C 400mg,0105010B0AAAAAA,1,23.956799999999998
10,F85628,Mesalazine_Tab E/C 400mg,0105010B0AAAAAA,1,23.956799999999998
9,F85067,Mesalazine_Tab E/C 400mg,0105010B0AAAAAA,1,23.956799999999998
13,F85688,Mesalazine_Tab E/C 400mg,0105010B0AAAAAA,1,23.956799999999998
201,F85014,Tetrabenazine_Tab 25mg,0409030C0AAAAAA,9,17.992799999999978
199,F85046,Ropinirole HCl_Tab 5mg,0409010H0AAADAD,1,15.48960000000001
200,F85007,Ropinirole HCl_Tab 5mg,0409010H0AAADAD,1,15.48960000000001
14,F85034,Mesalazine_Tab E/C 400mg,0105010B0AAAAAA,2,11.999999999999996
209,F85069,Topiramate_Tab 200mg,040801050AAACAC,2,9.959999999999996
251,F85697,Pyridox HCl_Tab 50mg,0906024N0AAAIAI,2,7.660800000000002
210,F85623,Topiramate_Tab 200mg,040801050AAACAC,2,4.979999999999998
211,F85030,Topiramate_Tab 200mg,040801050AAACAC,1,4.647999999999998
202,F85014,Tetrabenazine_Tab 25mg,0409030C0AAAAAA,1,3.998399999999995
252,F85008,Pyridox HCl_Tab 50mg,0906024N0AAAIAI,1,3.830400000000001
109,F85014,Clonazepam_Tab 500mcg,0408010F0AAABAB,1,3.1639999999999935
203,F85066,Tetrabenazine_Tab 25mg,0409030C0AAAAAA,1,2.998799999999996
253,Y03135,Pyridox HCl_Tab 50mg,0906024N0AAAIAI,8,2.8728000000000007
113,F85066,Clonazepam_Tab 500mcg,0408010F0AAABAB,1,2.531199999999995
110,F85007,Clonazepam_Tab 500mcg,0408010F0AAABAB,4,2.531199999999995
111,F85645,Clonazepam_Tab 500mcg,0408010F0AAABAB,1,2.531199999999995
112,F85615,Clonazepam_Tab 500mcg,0408010F0AAABAB,4,2.531199999999995
212,F85065,Topiramate_Tab 200mg,040801050AAACAC,1,2.489999999999999
213,F85030,Topiramate_Tab 200mg,040801050AAACAC,4,2.307200000000001
204,F85697,Tetrabenazine_Tab 25mg,0409030C0AAAAAA,4,1.9991999999999974
118,F85063,Clonazepam_Tab 500mcg,0408010F0AAABAB,8,1.898399999999996
117,F85705,Clonazepam_Tab 500mcg,0408010F0AAABAB,3,1.898399999999996
116,F85014,Clonazepam_Tab 500mcg,0408010F0AAABAB,3,1.898399999999996
115,F85688,Clonazepam_Tab 500mcg,0408010F0AAABAB,1,1.898399999999996
114,F85007,Clonazepam_Tab 500mcg,0408010F0AAABAB,1,1.898399999999996
119,F85014,Clonazepam_Tab 500mcg,0408010F0AAABAB,1,1.898399999999996
214,F85013,Topiramate_Tab 200mg,040801050AAACAC,3,1.7304000000000006
217,Y03135,Amiodarone HCl_Tab 200mg,0203020D0AAABAB,20,1.694
120,F85013,Clonazepam_Tab 500mcg,0408010F0AAABAB,10,1.5819999999999967
255,Y03135,Pyridox HCl_Tab 50mg,0906024N0AAAIAI,1,1.4364000000000003
254,F85066,Pyridox HCl_Tab 50mg,0906024N0AAAIAI,1,1.4364000000000003
256,F85008,Pyridox HCl_Tab 50mg,0906024N0AAAIAI,3,1.4364000000000003
219,F85017,Amiodarone HCl_Tab 200mg,0203020D0AAABAB,2,1.4000000000000012
220,F85688,Amiodarone HCl_Tab 200mg,0203020D0AAABAB,2,1.4000000000000012
218,F85640,Amiodarone HCl_Tab 200mg,0203020D0AAABAB,1,1.4000000000000012
121,F85007,Clonazepam_Tab 500mcg,0408010F0AAABAB,1,1.3559999999999972
221,F85046,Amiodarone HCl_Tab 200mg,0203020D0AAABAB,16,1.3552
122,F85046,Clonazepam_Tab 500mcg,0408010F0AAABAB,2,1.2655999999999974
123,F85065,Clonazepam_Tab 500mcg,0408010F0AAABAB,2,1.2655999999999974
124,F85019,Clonazepam_Tab 500mcg,0408010F0AAABAB,1,1.2655999999999974
125,F85697,Clonazepam_Tab 500mcg,0408010F0AAABAB,8,1.2655999999999974
126,F85030,Clonazepam_Tab 500mcg,0408010F0AAABAB,1,1.2655999999999974
127,F85067,Clonazepam_Tab 500mcg,0408010F0AAABAB,2,1.2655999999999974
128,F85669,Clonazepam_Tab 500mcg,0408010F0AAABAB,8,1.2655999999999974
130,F85030,Clonazepam_Tab 500mcg,0408010F0AAABAB,2,1.2655999999999974
131,F85008,Clonazepam_Tab 500mcg,0408010F0AAABAB,1,1.2655999999999974
132,Y02117,Clonazepam_Tab 500mcg,0408010F0AAABAB,1,1.2655999999999974
129,Y03135,Clonazepam_Tab 500mcg,0408010F0AAABAB,4,1.2655999999999974
133,F85615,Clonazepam_Tab 500mcg,0408010F0AAABAB,1,1.2655999999999974
215,F85019,Topiramate_Tab 200mg,040801050AAACAC,4,1.1536000000000004
135,F85007,Clonazepam_Tab 500mcg,0408010F0AAABAB,1,1.1299999999999977
134,F85063,Clonazepam_Tab 500mcg,0408010F0AAABAB,1,1.1299999999999977
136,Y03035,Clonazepam_Tab 500mcg,0408010F0AAABAB,7,1.1073999999999977
222,F85046,Amiodarone HCl_Tab 200mg,0203020D0AAABAB,3,1.050000000000001
223,F85071,Amiodarone HCl_Tab 200mg,0203020D0AAABAB,3,1.050000000000001
224,Y02117,Amiodarone HCl_Tab 200mg,0203020D0AAABAB,1,1.050000000000001
137,F85675,Clonazepam_Tab 500mcg,0408010F0AAABAB,1,1.016999999999998
205,F85063,Tetrabenazine_Tab 25mg,0409030C0AAAAAA,4,0.9995999999999987
206,F85675,Tetrabenazine_Tab 25mg,0409030C0AAAAAA,1,0.9995999999999987
258,Y03035,Pyridox HCl_Tab 50mg,0906024N0AAAIAI,1,0.9576000000000002
259,F85069,Pyridox HCl_Tab 50mg,0906024N0AAAIAI,1,0.9576000000000002
257,F85675,Pyridox HCl_Tab 50mg,0906024N0AAAIAI,2,0.9576000000000002
141,F85031,Clonazepam_Tab 500mcg,0408010F0AAABAB,4,0.949199999999998
142,Y03135,Clonazepam_Tab 500mcg,0408010F0AAABAB,4,0.949199999999998
140,F85008,Clonazepam_Tab 500mcg,0408010F0AAABAB,1,0.949199999999998
139,F85705,Clonazepam_Tab 500mcg,0408010F0AAABAB,1,0.949199999999998
138,F85628,Clonazepam_Tab 500mcg,0408010F0AAABAB,1,0.949199999999998
143,F85640,Clonazepam_Tab 500mcg,0408010F0AAABAB,1,0.9039999999999981
144,Y03035,Clonazepam_Tab 500mcg,0408010F0AAABAB,11,0.8700999999999982
145,F85705,Clonazepam_Tab 500mcg,0408010F0AAABAB,5,0.7909999999999984
146,Y01655,Clonazepam_Tab 500mcg,0408010F0AAABAB,1,0.7909999999999984
260,F85052,Pyridox HCl_Tab 50mg,0906024N0AAAIAI,1,0.7739999999999997
147,Y03035,Clonazepam_Tab 500mcg,0408010F0AAABAB,1,0.7344999999999985
231,F85069,Amiodarone HCl_Tab 200mg,0203020D0AAABAB,1,0.7000000000000006
225,F85034,Amiodarone HCl_Tab 200mg,0203020D0AAABAB,1,0.7000000000000006
226,F85030,Amiodarone HCl_Tab 200mg,0203020D0AAABAB,1,0.7000000000000006
227,F85013,Amiodarone HCl_Tab 200mg,0203020D0AAABAB,1,0.7000000000000006
229,F85063,Amiodarone HCl_Tab 200mg,0203020D0AAABAB,2,0.7000000000000006
230,Y03135,Amiodarone HCl_Tab 200mg,0203020D0AAABAB,1,0.7000000000000006
228,F85034,Amiodarone HCl_Tab 200mg,0203020D0AAABAB,2,0.7000000000000006
232,F85064,Amiodarone HCl_Tab 200mg,0203020D0AAABAB,1,0.7000000000000006
234,F85031,Amiodarone HCl_Tab 200mg,0203020D0AAABAB,1,0.7000000000000006
235,Y03035,Amiodarone HCl_Tab 200mg,0203020D0AAABAB,1,0.7000000000000006
236,F85019,Amiodarone HCl_Tab 200mg,0203020D0AAABAB,1,0.7000000000000006
237,F85014,Amiodarone HCl_Tab 200mg,0203020D0AAABAB,1,0.7000000000000006
233,F85640,Amiodarone HCl_Tab 200mg,0203020D0AAABAB,1,0.7000000000000006
154,F85045,Clonazepam_Tab 500mcg,0408010F0AAABAB,1,0.6779999999999986
148,Y03035,Clonazepam_Tab 500mcg,0408010F0AAABAB,1,0.6779999999999986
149,F85008,Clonazepam_Tab 500mcg,0408010F0AAABAB,2,0.6779999999999986
150,F85640,Clonazepam_Tab 500mcg,0408010F0AAABAB,1,0.6779999999999986
151,F85013,Clonazepam_Tab 500mcg,0408010F0AAABAB,1,0.6779999999999986
153,F85688,Clonazepam_Tab 500mcg,0408010F0AAABAB,1,0.6779999999999986
152,F85019,Clonazepam_Tab 500mcg,0408010F0AAABAB,1,0.6779999999999986
155,F85069,Clonazepam_Tab 500mcg,0408010F0AAABAB,1,0.6779999999999986
156,F85007,Clonazepam_Tab 500mcg,0408010F0AAABAB,1,0.6779999999999986
241,Y03035,Amiodarone HCl_Tab 200mg,0203020D0AAABAB,8,0.6776
240,F85007,Amiodarone HCl_Tab 200mg,0203020D0AAABAB,8,0.6776
239,F85031,Amiodarone HCl_Tab 200mg,0203020D0AAABAB,8,0.6776
238,F85640,Amiodarone HCl_Tab 200mg,0203020D0AAABAB,8,0.6776
158,F85031,Clonazepam_Tab 500mcg,0408010F0AAABAB,4,0.6327999999999987
165,F85034,Clonazepam_Tab 500mcg,0408010F0AAABAB,1,0.6327999999999987
172,Y03035,Clonazepam_Tab 500mcg,0408010F0AAABAB,1,0.6327999999999987
171,F85019,Clonazepam_Tab 500mcg,0408010F0AAABAB,1,0.6327999999999987
170,F85008,Clonazepam_Tab 500mcg,0408010F0AAABAB,1,0.6327999999999987
169,F85066,Clonazepam_Tab 500mcg,0408010F0AAABAB,1,0.6327999999999987
168,F85645,Clonazepam_Tab 500mcg,0408010F0AAABAB,1,0.6327999999999987
166,F85063,Clonazepam_Tab 500mcg,0408010F0AAABAB,1,0.6327999999999987
162,F85028,Clonazepam_Tab 500mcg,0408010F0AAABAB,1,0.6327999999999987
164,F85030,Clonazepam_Tab 500mcg,0408010F0AAABAB,2,0.6327999999999987
163,F85675,Clonazepam_Tab 500mcg,0408010F0AAABAB,1,0.6327999999999987
159,F85071,Clonazepam_Tab 500mcg,0408010F0AAABAB,4,0.6327999999999987
161,F85007,Clonazepam_Tab 500mcg,0408010F0AAABAB,4,0.6327999999999987
160,F85066,Clonazepam_Tab 500mcg,0408010F0AAABAB,4,0.6327999999999987
157,Y03135,Clonazepam_Tab 500mcg,0408010F0AAABAB,1,0.6327999999999987
167,F85013,Clonazepam_Tab 500mcg,0408010F0AAABAB,1,0.6327999999999987
173,Y03135,Clonazepam_Tab 500mcg,0408010F0AAABAB,4,0.6327999999999987
242,F85063,Amiodarone HCl_Tab 200mg,0203020D0AAABAB,7,0.5929
243,F85013,Amiodarone HCl_Tab 200mg,0203020D0AAABAB,6,0.5082
207,Y02117,Tetrabenazine_Tab 25mg,0409030C0AAAAAA,1,0.49979999999999936
262,F85063,Pyridox HCl_Tab 50mg,0906024N0AAAIAI,1,0.4788000000000001
261,F85019,Pyridox HCl_Tab 50mg,0906024N0AAAIAI,1,0.4788000000000001
263,F85071,Pyridox HCl_Tab 50mg,0906024N0AAAIAI,1,0.4788000000000001
174,F85030,Clonazepam_Tab 500mcg,0408010F0AAABAB,1,0.474599999999999
175,F85063,Clonazepam_Tab 500mcg,0408010F0AAABAB,1,0.474599999999999
176,F85645,Clonazepam_Tab 500mcg,0408010F0AAABAB,1,0.474599999999999
177,F85067,Clonazepam_Tab 500mcg,0408010F0AAABAB,1,0.45199999999999907
178,F85019,Clonazepam_Tab 500mcg,0408010F0AAABAB,2,0.44399999999999995
245,F85615,Amiodarone HCl_Tab 200mg,0203020D0AAABAB,1,0.3500000000000003
244,F85675,Amiodarone HCl_Tab 200mg,0203020D0AAABAB,1,0.3500000000000003
182,F85013,Clonazepam_Tab 500mcg,0408010F0AAABAB,1,0.3389999999999993
181,F85064,Clonazepam_Tab 500mcg,0408010F0AAABAB,1,0.3389999999999993
180,F85007,Clonazepam_Tab 500mcg,0408010F0AAABAB,1,0.3389999999999993
179,F85028,Clonazepam_Tab 500mcg,0408010F0AAABAB,1,0.3389999999999993
249,F85675,Amiodarone HCl_Tab 200mg,0203020D0AAABAB,4,0.3388
248,F85028,Amiodarone HCl_Tab 200mg,0203020D0AAABAB,4,0.3388
247,F85628,Amiodarone HCl_Tab 200mg,0203020D0AAABAB,4,0.3388
246,F85008,Amiodarone HCl_Tab 200mg,0203020D0AAABAB,4,0.3388
250,F85060,Amiodarone HCl_Tab 200mg,0203020D0AAABAB,4,0.3388
189,F85007,Clonazepam_Tab 500mcg,0408010F0AAABAB,1,0.31639999999999935
188,Y03035,Clonazepam_Tab 500mcg,0408010F0AAABAB,1,0.31639999999999935
187,Y01655,Clonazepam_Tab 500mcg,0408010F0AAABAB,1,0.31639999999999935
183,F85031,Clonazepam_Tab 500mcg,0408010F0AAABAB,1,0.31639999999999935
184,F85063,Clonazepam_Tab 500mcg,0408010F0AAABAB,1,0.31639999999999935
185,F85628,Clonazepam_Tab 500mcg,0408010F0AAABAB,1,0.31639999999999935
190,F85065,Clonazepam_Tab 500mcg,0408010F0AAABAB,1,0.31639999999999935
186,F85008,Clonazepam_Tab 500mcg,0408010F0AAABAB,1,0.31639999999999935
264,F85008,Pyridox HCl_Tab 50mg,0906024N0AAAIAI,1,0.27200000000000024
265,F85031,Pyridox HCl_Tab 50mg,0906024N0AAAIAI,1,0.23940000000000006
25,Y03035,Levothyrox Sod_Tab 25mcg,0602010V0AABWBW,105,0.2205000000000063
191,F85705,Clonazepam_Tab 500mcg,0408010F0AAABAB,5,0.21199999999999997
192,F85008,Clonazepam_Tab 500mcg,0408010F0AAABAB,4,0.16959999999999997
193,F85014,Clonazepam_Tab 500mcg,0408010F0AAABAB,4,0.16959999999999997
194,F85063,Clonazepam_Tab 500mcg,0408010F0AAABAB,4,0.16959999999999997
26,F85014,Levothyrox Sod_Tab 25mcg,0602010V0AABWBW,76,0.15960000000000457
195,Y05330,Clonazepam_Tab 500mcg,0408010F0AAABAB,1,0.15819999999999967
196,F85688,Clonazepam_Tab 500mcg,0408010F0AAABAB,1,0.15819999999999967
266,F85060,Pyridox HCl_Tab 50mg,0906024N0AAAIAI,1,0.1416000000000004
208,F85017,Tetrabenazine_Tab 25mg,0409030C0AAAAAA,1,0.13839999999999986
197,F85007,Clonazepam_Tab 500mcg,0408010F0AAABAB,1,0.1367999999999996
27,F85066,Levothyrox Sod_Tab 25mcg,0602010V0AABWBW,64,0.13440000000000385
198,F85063,Clonazepam_Tab 500mcg,0408010F0AAABAB,1,0.11599999999999999
28,F85008,Levothyrox Sod_Tab 25mcg,0602010V0AABWBW,55,0.11550000000000331
29,F85705,Levothyrox Sod_Tab 25mcg,0602010V0AABWBW,52,0.10920000000000313
30,F85675,Levothyrox Sod_Tab 25mcg,0602010V0AABWBW,42,0.08820000000000253
31,F85019,Levothyrox Sod_Tab 25mcg,0602010V0AABWBW,36,0.07560000000000217
32,F85030,Levothyrox Sod_Tab 25mcg,0602010V0AABWBW,34,0.07140000000000205
33,F85063,Levothyrox Sod_Tab 25mcg,0602010V0AABWBW,32,0.06720000000000192
34,F85031,Levothyrox Sod_Tab 25mcg,0602010V0AABWBW,32,0.06720000000000192
35,F85064,Levothyrox Sod_Tab 25mcg,0602010V0AABWBW,26,0.054600000000001564
36,F85623,Levothyrox Sod_Tab 25mcg,0602010V0AABWBW,25,0.052500000000001504
37,F85013,Levothyrox Sod_Tab 25mcg,0602010V0AABWBW,25,0.052500000000001504
38,Y01655,Levothyrox Sod_Tab 25mcg,0602010V0AABWBW,22,0.04620000000000132
39,F85669,Levothyrox Sod_Tab 25mcg,0602010V0AABWBW,21,0.04410000000000126
40,F85046,Levothyrox Sod_Tab 25mcg,0602010V0AABWBW,20,0.0420000000000012
42,F85060,Levothyrox Sod_Tab 25mcg,0602010V0AABWBW,20,0.0420000000000012
41,F85069,Levothyrox Sod_Tab 25mcg,0602010V0AABWBW,20,0.0420000000000012
43,F85007,Levothyrox Sod_Tab 25mcg,0602010V0AABWBW,20,0.0420000000000012
44,F85061,Levothyrox Sod_Tab 25mcg,0602010V0AABWBW,20,0.0420000000000012
45,F85063,Levothyrox Sod_Tab 25mcg,0602010V0AABWBW,9,0.03780000000000108
15,F85669,Mesalazine_Tab E/C 400mg,0105010B0AAAAAA,8,0.03360000000001495
46,F85688,Levothyrox Sod_Tab 25mcg,0602010V0AABWBW,14,0.029400000000000842
47,Y03135,Levothyrox Sod_Tab 25mcg,0602010V0AABWBW,12,0.025200000000000722
48,F85028,Levothyrox Sod_Tab 25mcg,0602010V0AABWBW,11,0.02310000000000066
49,F85034,Levothyrox Sod_Tab 25mcg,0602010V0AABWBW,5,0.0210000000000006
50,F85615,Levothyrox Sod_Tab 25mcg,0602010V0AABWBW,8,0.01680000000000048
51,F85645,Levothyrox Sod_Tab 25mcg,0602010V0AABWBW,8,0.01680000000000048
52,Y03035,Levothyrox Sod_Tab 25mcg,0602010V0AABWBW,4,0.01680000000000048
53,F85045,Levothyrox Sod_Tab 25mcg,0602010V0AABWBW,8,0.01680000000000048
54,F85065,Levothyrox Sod_Tab 25mcg,0602010V0AABWBW,8,0.01680000000000048
55,F85071,Levothyrox Sod_Tab 25mcg,0602010V0AABWBW,4,0.01680000000000048
57,F85030,Levothyrox Sod_Tab 25mcg,0602010V0AABWBW,3,0.012600000000000361
56,F85017,Levothyrox Sod_Tab 25mcg,0602010V0AABWBW,3,0.012600000000000361
58,F85017,Levothyrox Sod_Tab 25mcg,0602010V0AABWBW,5,0.0105000000000003
61,F85067,Levothyrox Sod_Tab 25mcg,0602010V0AABWBW,4,0.00840000000000024
62,F85034,Levothyrox Sod_Tab 25mcg,0602010V0AABWBW,4,0.00840000000000024
60,F85640,Levothyrox Sod_Tab 25mcg,0602010V0AABWBW,4,0.00840000000000024
59,F85030,Levothyrox Sod_Tab 25mcg,0602010V0AABWBW,2,0.00840000000000024
63,F85063,Levothyrox Sod_Tab 25mcg,0602010V0AABWBW,4,0.006400000000000183
16,F85067,Mesalazine_Tab E/C 400mg,0105010B0AAAAAA,1,0.005599999999999383
64,F85066,Levothyrox Sod_Tab 25mcg,0602010V0AABWBW,1,0.005200000000000149
69,Y01655,Levothyrox Sod_Tab 25mcg,0602010V0AABWBW,1,0.00420000000000012
70,F85014,Levothyrox Sod_Tab 25mcg,0602010V0AABWBW,1,0.00420000000000012
71,F85008,Levothyrox Sod_Tab 25mcg,0602010V0AABWBW,1,0.00420000000000012
68,F85669,Levothyrox Sod_Tab 25mcg,0602010V0AABWBW,1,0.00420000000000012
67,F85013,Levothyrox Sod_Tab 25mcg,0602010V0AABWBW,1,0.00420000000000012
65,Y03035,Levothyrox Sod_Tab 25mcg,0602010V0AABWBW,1,0.00420000000000012
66,F85640,Levothyrox Sod_Tab 25mcg,0602010V0AABWBW,1,0.00420000000000012
72,F85030,Levothyrox Sod_Tab 25mcg,0602010V0AABWBW,3,0.0024000000000000687
73,F85628,Levothyrox Sod_Tab 25mcg,0602010V0AABWBW,1,0.00210000000000006
75,Y02117,Levothyrox Sod_Tab 25mcg,0602010V0AABWBW,1,-0.003000000000000086
74,F85017,Levothyrox Sod_Tab 25mcg,0602010V0AABWBW,1,-0.003000000000000086
76,Y01655,Levothyrox Sod_Tab 25mcg,0602010V0AABWBW,1,-0.0035999999999999366
78,Y01655,Levothyrox Sod_Tab 25mcg,0602010V0AABWBW,1,-0.004000000000000115
77,F85008,Levothyrox Sod_Tab 25mcg,0602010V0AABWBW,1,-0.004000000000000115
79,F85063,Levothyrox Sod_Tab 25mcg,0602010V0AABWBW,1,-0.0043999999999999595
80,Y03035,Levothyrox Sod_Tab 25mcg,0602010V0AABWBW,1,-0.0043999999999999595
81,Y03135,Levothyrox Sod_Tab 25mcg,0602010V0AABWBW,1,-0.005000000000000143
82,F85063,Levothyrox Sod_Tab 25mcg,0602010V0AABWBW,3,-0.006000000000000172
84,Y03035,Levothyrox Sod_Tab 25mcg,0602010V0AABWBW,1,-0.006000000000000172
85,F85013,Levothyrox Sod_Tab 25mcg,0602010V0AABWBW,1,-0.006000000000000172
86,Y03135,Levothyrox Sod_Tab 25mcg,0602010V0AABWBW,1,-0.006000000000000172
87,F85071,Levothyrox Sod_Tab 25mcg,0602010V0AABWBW,1,-0.006000000000000172
83,F85063,Levothyrox Sod_Tab 25mcg,0602010V0AABWBW,1,-0.006000000000000172
89,F85066,Levothyrox Sod_Tab 25mcg,0602010V0AABWBW,1,-0.006399999999999739
88,Y01655,Levothyrox Sod_Tab 25mcg,0602010V0AABWBW,1,-0.006399999999999739
90,F85063,Levothyrox Sod_Tab 25mcg,0602010V0AABWBW,1,-0.007800000000000223
91,F85697,Levothyrox Sod_Tab 25mcg,0602010V0AABWBW,4,-0.00840000000000024
92,Y03035,Levothyrox Sod_Tab 25mcg,0602010V0AABWBW,4,-0.00840000000000024
93,F85065,Levothyrox Sod_Tab 25mcg,0602010V0AABWBW,4,-0.00840000000000024
94,F85028,Levothyrox Sod_Tab 25mcg,0602010V0AABWBW,4,-0.00840000000000024
95,F85063,Levothyrox Sod_Tab 25mcg,0602010V0AABWBW,4,-0.008799999999999919
96,F85030,Levothyrox Sod_Tab 25mcg,0602010V0AABWBW,1,-0.009600000000000275
97,F85030,Levothyrox Sod_Tab 25mcg,0602010V0AABWBW,6,-0.013199999999999462
98,Y03135,Levothyrox Sod_Tab 25mcg,0602010V0AABWBW,4,-0.013199999999999878
99,F85066,Levothyrox Sod_Tab 25mcg,0602010V0AABWBW,4,-0.013199999999999878
100,F85069,Levothyrox Sod_Tab 25mcg,0602010V0AABWBW,4,-0.013199999999999878
101,F85014,Levothyrox Sod_Tab 25mcg,0602010V0AABWBW,8,-0.017599999999999838
102,F85640,Levothyrox Sod_Tab 25mcg,0602010V0AABWBW,9,-0.029699999999999727
103,F85063,Levothyrox Sod_Tab 25mcg,0602010V0AABWBW,8,-0.03200000000000092
105,F85069,Levothyrox Sod_Tab 25mcg,0602010V0AABWBW,8,-0.035199999999999676
104,F85030,Levothyrox Sod_Tab 25mcg,0602010V0AABWBW,8,-0.035199999999999676
106,F85066,Levothyrox Sod_Tab 25mcg,0602010V0AABWBW,10,-0.043999999999999595
17,F85067,Mesalazine_Tab E/C 400mg,0105010B0AAAAAA,1,-7.9799999999999995
18,F85675,Mesalazine_Tab E/C 400mg,0105010B0AAAAAA,1,-12.833999999999998
19,F85705,Mesalazine_Tab E/C 400mg,0105010B0AAAAAA,1,-12.833999999999998
20,F85045,Mesalazine_Tab E/C 400mg,0105010B0AAAAAA,1,-17.112
21,F85628,Mesalazine_Tab E/C 400mg,0105010B0AAAAAA,1,-17.112
22,F85007,Mesalazine_Tab E/C 400mg,0105010B0AAAAAA,1,-23.956799999999998
23,F85034,Mesalazine_Tab E/C 400mg,0105010B0AAAAAA,2,-56.44799999999999
