,practice_code,bnf_description,bnf_code,items,excess_cost
0,P81710,Phenobarb_Tab 15mg,0408010N0AAAIAI,1,65.92320000000001
78,P81112,Phenytoin_Sod Tab 100mg,0408010Q0AAAGAG,4,19.899599999999996
79,P81096,Valsartan_Tab 40mg,0205052V0AAADAD,3,11.508000000000001
124,P81045,Gliclazide_Tab 80mg,0601021M0AAAAAA,5,4.368
80,P81084,Valsartan_Tab 40mg,0205052V0AAADAD,1,3.8360000000000003
1,P81201,Clonazepam_Tab 500mcg,0408010F0AAABAB,4,3.796799999999992
95,P81041,Topiramate_Tab 200mg,040801050AAACAC,1,3.4859999999999984
81,P81727,Tetrabenazine_Tab 25mg,0409030C0AAAAAA,2,3.221999999999995
2,P81646,Clonazepam_Tab 500mcg,0408010F0AAABAB,1,2.847599999999994
3,P81208,Clonazepam_Tab 500mcg,0408010F0AAABAB,1,2.531199999999995
82,P81014,Tetrabenazine_Tab 25mg,0409030C0AAAAAA,1,2.498999999999997
97,P81727,Topiramate_Tab 200mg,040801050AAACAC,1,2.489999999999999
96,P81710,Topiramate_Tab 200mg,040801050AAACAC,1,2.489999999999999
48,P81208,Amiodarone HCl_Tab 200mg,0203020D0AAABAB,7,2.450000000000002
4,P81646,Clonazepam_Tab 500mcg,0408010F0AAABAB,2,2.2599999999999953
49,P81112,Amiodarone HCl_Tab 200mg,0203020D0AAABAB,6,2.100000000000002
83,P81084,Tetrabenazine_Tab 25mg,0409030C0AAAAAA,1,1.9991999999999974
85,P81208,Tetrabenazine_Tab 25mg,0409030C0AAAAAA,1,1.9991999999999974
84,P81112,Tetrabenazine_Tab 25mg,0409030C0AAAAAA,2,1.9991999999999974
86,P81208,Pyridox HCl_Tab 50mg,0906024N0AAAIAI,2,1.9152000000000005
87,P81112,Pyridox HCl_Tab 50mg,0906024N0AAAIAI,2,1.9152000000000005
7,P81695,Clonazepam_Tab 500mcg,0408010F0AAABAB,3,1.898399999999996
6,P81112,Clonazepam_Tab 500mcg,0408010F0AAABAB,3,1.898399999999996
5,P81112,Clonazepam_Tab 500mcg,0408010F0AAABAB,2,1.898399999999996
8,P81045,Clonazepam_Tab 500mcg,0408010F0AAABAB,3,1.7099999999999949
9,P81208,Clonazepam_Tab 500mcg,0408010F0AAABAB,5,1.5819999999999967
88,P81201,Pyridox HCl_Tab 50mg,0906024N0AAAIAI,1,1.4364000000000003
10,P81112,Clonazepam_Tab 500mcg,0408010F0AAABAB,9,1.423799999999997
52,P81710,Amiodarone HCl_Tab 200mg,0203020D0AAABAB,2,1.4000000000000012
50,P81045,Amiodarone HCl_Tab 200mg,0203020D0AAABAB,2,1.4000000000000012
51,P81208,Amiodarone HCl_Tab 200mg,0203020D0AAABAB,2,1.4000000000000012
17,P81014,Clonazepam_Tab 500mcg,0408010F0AAABAB,2,1.2655999999999974
18,P81208,Clonazepam_Tab 500mcg,0408010F0AAABAB,2,1.2655999999999974
16,P81041,Clonazepam_Tab 500mcg,0408010F0AAABAB,1,1.2655999999999974
11,P81112,Clonazepam_Tab 500mcg,0408010F0AAABAB,4,1.2655999999999974
12,P81646,Clonazepam_Tab 500mcg,0408010F0AAABAB,2,1.2655999999999974
13,P81084,Clonazepam_Tab 500mcg,0408010F0AAABAB,1,1.2655999999999974
14,P81112,Clonazepam_Tab 500mcg,0408010F0AAABAB,1,1.2655999999999974
15,P81208,Clonazepam_Tab 500mcg,0408010F0AAABAB,1,1.2655999999999974
53,P81041,Amiodarone HCl_Tab 200mg,0203020D0AAABAB,13,1.1011
89,P81112,Pyridox HCl_Tab 50mg,0906024N0AAAIAI,3,1.0773000000000001
56,P81674,Amiodarone HCl_Tab 200mg,0203020D0AAABAB,3,1.050000000000001
55,P81039,Amiodarone HCl_Tab 200mg,0203020D0AAABAB,3,1.050000000000001
54,P81014,Amiodarone HCl_Tab 200mg,0203020D0AAABAB,1,1.050000000000001
91,P81674,Pyridox HCl_Tab 50mg,0906024N0AAAIAI,1,0.9576000000000002
90,P81041,Pyridox HCl_Tab 50mg,0906024N0AAAIAI,4,0.9576000000000002
19,P81710,Clonazepam_Tab 500mcg,0408010F0AAABAB,3,0.949199999999998
20,P81039,Clonazepam_Tab 500mcg,0408010F0AAABAB,1,0.949199999999998
21,P81727,Clonazepam_Tab 500mcg,0408010F0AAABAB,1,0.949199999999998
61,P81014,Amiodarone HCl_Tab 200mg,0203020D0AAABAB,1,0.7000000000000006
60,P81084,Amiodarone HCl_Tab 200mg,0203020D0AAABAB,1,0.7000000000000006
64,P81039,Amiodarone HCl_Tab 200mg,0203020D0AAABAB,1,0.7000000000000006
62,P81041,Amiodarone HCl_Tab 200mg,0203020D0AAABAB,1,0.7000000000000006
63,P81096,Amiodarone HCl_Tab 200mg,0203020D0AAABAB,2,0.7000000000000006
58,P81041,Amiodarone HCl_Tab 200mg,0203020D0AAABAB,2,0.7000000000000006
65,P81177,Amiodarone HCl_Tab 200mg,0203020D0AAABAB,1,0.7000000000000006
66,P81758,Amiodarone HCl_Tab 200mg,0203020D0AAABAB,2,0.7000000000000006
59,P81201,Amiodarone HCl_Tab 200mg,0203020D0AAABAB,2,0.7000000000000006
57,P81136,Amiodarone HCl_Tab 200mg,0203020D0AAABAB,2,0.7000000000000006
27,P81646,Clonazepam_Tab 500mcg,0408010F0AAABAB,2,0.6327999999999987
28,P81138,Clonazepam_Tab 500mcg,0408010F0AAABAB,2,0.6327999999999987
29,P81138,Clonazepam_Tab 500mcg,0408010F0AAABAB,1,0.6327999999999987
30,P81096,Clonazepam_Tab 500mcg,0408010F0AAABAB,1,0.6327999999999987
31,P81041,Clonazepam_Tab 500mcg,0408010F0AAABAB,1,0.6327999999999987
26,P81045,Clonazepam_Tab 500mcg,0408010F0AAABAB,2,0.6327999999999987
25,P81674,Clonazepam_Tab 500mcg,0408010F0AAABAB,1,0.6327999999999987
24,P81039,Clonazepam_Tab 500mcg,0408010F0AAABAB,2,0.6327999999999987
23,P81039,Clonazepam_Tab 500mcg,0408010F0AAABAB,1,0.6327999999999987
22,P81201,Clonazepam_Tab 500mcg,0408010F0AAABAB,1,0.6327999999999987
67,P81112,Amiodarone HCl_Tab 200mg,0203020D0AAABAB,1,0.6125000000000005
99,P81112,Co-Codamol_Cap 8mg/500mg,0407010F0AAABAB,3,0.4800000000000054
98,P81112,Co-Codamol_Cap 8mg/500mg,0407010F0AAABAB,3,0.4800000000000054
92,P81208,Pyridox HCl_Tab 50mg,0906024N0AAAIAI,1,0.4788000000000001
93,P81112,Pyridox HCl_Tab 50mg,0906024N0AAAIAI,1,0.4788000000000001
32,P81710,Clonazepam_Tab 500mcg,0408010F0AAABAB,1,0.474599999999999
68,P81727,Amiodarone HCl_Tab 200mg,0203020D0AAABAB,1,0.3500000000000003
73,P81710,Amiodarone HCl_Tab 200mg,0203020D0AAABAB,1,0.3500000000000003
72,P81695,Amiodarone HCl_Tab 200mg,0203020D0AAABAB,1,0.3500000000000003
71,P81646,Amiodarone HCl_Tab 200mg,0203020D0AAABAB,1,0.3500000000000003
70,P81014,Amiodarone HCl_Tab 200mg,0203020D0AAABAB,1,0.3500000000000003
69,P81177,Amiodarone HCl_Tab 200mg,0203020D0AAABAB,1,0.3500000000000003
34,P81014,Clonazepam_Tab 500mcg,0408010F0AAABAB,1,0.3389999999999993
33,P81710,Clonazepam_Tab 500mcg,0408010F0AAABAB,1,0.3389999999999993
74,P81112,Amiodarone HCl_Tab 200mg,0203020D0AAABAB,4,0.3388
106,P81177,Co-Codamol_Cap 8mg/500mg,0407010F0AAABAB,2,0.3200000000000036
101,P81674,Co-Codamol_Cap 8mg/500mg,0407010F0AAABAB,2,0.3200000000000036
107,P81674,Co-Codamol_Cap 8mg/500mg,0407010F0AAABAB,1,0.3200000000000036
100,P81096,Co-Codamol_Cap 8mg/500mg,0407010F0AAABAB,2,0.3200000000000036
104,P81096,Co-Codamol_Cap 8mg/500mg,0407010F0AAABAB,2,0.3200000000000036
102,P81177,Co-Codamol_Cap 8mg/500mg,0407010F0AAABAB,2,0.3200000000000036
103,P81674,Co-Codamol_Cap 8mg/500mg,0407010F0AAABAB,1,0.3200000000000036
105,P81674,Co-Codamol_Cap 8mg/500mg,0407010F0AAABAB,2,0.3200000000000036
37,P81201,Clonazepam_Tab 500mcg,0408010F0AAABAB,4,0.31639999999999935
36,P81041,Clonazepam_Tab 500mcg,0408010F0AAABAB,1,0.31639999999999935
35,P81014,Clonazepam_Tab 500mcg,0408010F0AAABAB,1,0.31639999999999935
38,P81695,Clonazepam_Tab 500mcg,0408010F0AAABAB,1,0.31639999999999935
39,P81084,Clonazepam_Tab 500mcg,0408010F0AAABAB,1,0.31639999999999935
40,P81758,Clonazepam_Tab 500mcg,0408010F0AAABAB,1,0.31639999999999935
42,P81674,Clonazepam_Tab 500mcg,0408010F0AAABAB,1,0.31639999999999935
41,P81727,Clonazepam_Tab 500mcg,0408010F0AAABAB,1,0.31639999999999935
75,P81041,Amiodarone HCl_Tab 200mg,0203020D0AAABAB,1,0.2646
108,P81041,Co-Codamol_Cap 8mg/500mg,0407010F0AAABAB,5,0.2560000000000029
109,P81041,Co-Codamol_Cap 8mg/500mg,0407010F0AAABAB,5,0.2560000000000029
110,P81208,Co-Codamol_Cap 8mg/500mg,0407010F0AAABAB,1,0.2400000000000027
111,P81208,Co-Codamol_Cap 8mg/500mg,0407010F0AAABAB,1,0.2400000000000027
112,P81710,Co-Codamol_Cap 8mg/500mg,0407010F0AAABAB,1,0.17920000000000202
113,P81710,Co-Codamol_Cap 8mg/500mg,0407010F0AAABAB,1,0.17920000000000202
76,P81041,Amiodarone HCl_Tab 200mg,0203020D0AAABAB,1,0.17920000000000008
119,P81041,Co-Codamol_Cap 8mg/500mg,0407010F0AAABAB,1,0.1600000000000018
121,P81208,Co-Codamol_Cap 8mg/500mg,0407010F0AAABAB,1,0.1600000000000018
120,P81014,Co-Codamol_Cap 8mg/500mg,0407010F0AAABAB,1,0.1600000000000018
118,P81014,Co-Codamol_Cap 8mg/500mg,0407010F0AAABAB,1,0.1600000000000018
114,P81695,Co-Codamol_Cap 8mg/500mg,0407010F0AAABAB,1,0.1600000000000018
115,P81041,Co-Codamol_Cap 8mg/500mg,0407010F0AAABAB,1,0.1600000000000018
116,P81695,Co-Codamol_Cap 8mg/500mg,0407010F0AAABAB,1,0.1600000000000018
117,P81208,Co-Codamol_Cap 8mg/500mg,0407010F0AAABAB,1,0.1600000000000018
43,P81710,Clonazepam_Tab 500mcg,0408010F0AAABAB,1,0.15819999999999967
44,P81674,Clonazepam_Tab 500mcg,0408010F0AAABAB,2,0.15819999999999967
94,P81112,Pyridox HCl_Tab 50mg,0906024N0AAAIAI,1,0.11970000000000003
125,P81112,Gliclazide_Tab 80mg,0601021M0AAAAAA,17,0.09519999999999942
45,P81208,Clonazepam_Tab 500mcg,0408010F0AAABAB,1,0.09439999999999982
122,Y00972,Co-Codamol_Cap 8mg/500mg,0407010F0AAABAB,1,0.08960000000000101
123,Y00972,Co-Codamol_Cap 8mg/500mg,0407010F0AAABAB,1,0.08960000000000101
77,P81177,Amiodarone HCl_Tab 200mg,0203020D0AAABAB,1,0.0847
47,P81112,Clonazepam_Tab 500mcg,0408010F0AAABAB,1,0.07909999999999984
46,P81695,Clonazepam_Tab 500mcg,0408010F0AAABAB,1,0.07909999999999984
126,P81084,Gliclazide_Tab 80mg,0601021M0AAAAAA,4,0.04799999999999971
127,P81041,Gliclazide_Tab 80mg,0601021M0AAAAAA,8,0.04479999999999973
128,P81727,Gliclazide_Tab 80mg,0601021M0AAAAAA,7,0.03919999999999976
131,P81041,Gliclazide_Tab 80mg,0601021M0AAAAAA,3,0.03599999999999978
132,P81710,Gliclazide_Tab 80mg,0601021M0AAAAAA,3,0.03599999999999978
130,P81177,Gliclazide_Tab 80mg,0601021M0AAAAAA,3,0.03599999999999978
129,P81710,Gliclazide_Tab 80mg,0601021M0AAAAAA,6,0.03599999999999978
133,P81014,Gliclazide_Tab 80mg,0601021M0AAAAAA,5,0.02799999999999983
134,P81646,Gliclazide_Tab 80mg,0601021M0AAAAAA,3,0.026999999999999837
135,P81096,Gliclazide_Tab 80mg,0601021M0AAAAAA,3,0.026999999999999837
136,P81014,Gliclazide_Tab 80mg,0601021M0AAAAAA,4,0.023999999999999855
137,P81014,Gliclazide_Tab 80mg,0601021M0AAAAAA,2,0.023999999999999855
138,P81045,Gliclazide_Tab 80mg,0601021M0AAAAAA,2,0.023999999999999855
139,P81096,Gliclazide_Tab 80mg,0601021M0AAAAAA,2,0.023999999999999855
140,P81014,Gliclazide_Tab 80mg,0601021M0AAAAAA,8,0.022399999999999864
141,P81112,Gliclazide_Tab 80mg,0601021M0AAAAAA,8,0.022399999999999864
142,P81045,Gliclazide_Tab 80mg,0601021M0AAAAAA,8,0.022399999999999864
143,P81045,Gliclazide_Tab 80mg,0601021M0AAAAAA,4,0.022399999999999864
146,P81177,Gliclazide_Tab 80mg,0601021M0AAAAAA,1,0.01799999999999989
144,P81727,Gliclazide_Tab 80mg,0601021M0AAAAAA,1,0.01799999999999989
145,P81096,Gliclazide_Tab 80mg,0601021M0AAAAAA,1,0.01799999999999989
147,P81177,Gliclazide_Tab 80mg,0601021M0AAAAAA,5,0.013999999999999915
148,P81208,Gliclazide_Tab 80mg,0601021M0AAAAAA,1,0.011999999999999927
149,P81136,Gliclazide_Tab 80mg,0601021M0AAAAAA,1,0.011999999999999927
150,P81208,Gliclazide_Tab 80mg,0601021M0AAAAAA,2,0.011999999999999927
151,P81646,Gliclazide_Tab 80mg,0601021M0AAAAAA,2,0.011199999999999932
152,P81710,Gliclazide_Tab 80mg,0601021M0AAAAAA,4,0.011199999999999932
153,P81208,Gliclazide_Tab 80mg,0601021M0AAAAAA,2,0.011199999999999932
154,P81646,Gliclazide_Tab 80mg,0601021M0AAAAAA,4,0.011199999999999932
155,P81208,Gliclazide_Tab 80mg,0601021M0AAAAAA,1,0.008999999999999946
156,P81710,Gliclazide_Tab 80mg,0601021M0AAAAAA,1,0.008999999999999946
159,P81710,Gliclazide_Tab 80mg,0601021M0AAAAAA,1,0.00839999999999995
157,P81112,Gliclazide_Tab 80mg,0601021M0AAAAAA,1,0.00839999999999995
158,P81045,Gliclazide_Tab 80mg,0601021M0AAAAAA,1,0.00839999999999995
160,P81041,Gliclazide_Tab 80mg,0601021M0AAAAAA,4,0.006399999999999961
161,P81758,Gliclazide_Tab 80mg,0601021M0AAAAAA,1,0.005999999999999964
162,P81041,Gliclazide_Tab 80mg,0601021M0AAAAAA,1,0.005999999999999964
163,P81674,Gliclazide_Tab 80mg,0601021M0AAAAAA,1,0.005999999999999964
164,P81201,Gliclazide_Tab 80mg,0601021M0AAAAAA,1,0.005599999999999966
165,P81177,Gliclazide_Tab 80mg,0601021M0AAAAAA,3,-0.0063000000000001805
166,P81112,Gliclazide_Tab 80mg,0601021M0AAAAAA,4,-0.00840000000000024
167,P81014,Gliclazide_Tab 80mg,0601021M0AAAAAA,4,-0.00840000000000024
168,P81041,Gliclazide_Tab 80mg,0601021M0AAAAAA,8,-0.01680000000000048
