,practice_code,bnf_description,bnf_code,items,excess_cost
0,F86025,Memantine HCl_Tab 10mg,0411000G0AAAAAA,4,250.9248
46,F86657,Zonisamide_Cap 100mg,0408010ADAAAAAA,1,149.604
50,F86025,Quetiapine_Tab 300mg,0402010ABAAAKAK,3,128.59199999999998
64,F86082,Alendronic Acid_Tab 70mg,0606020A0AAACAC,38,88.64639999999999
176,F86637,Levothyrox Sod_Tab 100mcg,0602010V0AABZBZ,2,86.96
259,Y00155,Omeprazole_Cap E/C 40mg,0103050P0AAAEAE,1,76.91879999999999
41,F86007,Risperidone_Tab 6mg,040201030AAAFAF,2,58.4192
167,F86012,Atorvastatin_Tab 20mg,0212000B0AAABAB,68,45.315200000000004
168,Y00155,Atorvastatin_Tab 20mg,0212000B0AAABAB,35,45.08
44,F86057,Risperidone_Tab 6mg,040201030AAAFAF,1,29.2096
43,F86032,Risperidone_Tab 6mg,040201030AAAFAF,1,29.2096
42,F86657,Risperidone_Tab 6mg,040201030AAAFAF,1,29.2096
263,F86012,Atorvastatin_Tab 10mg,0212000B0AAAAAA,74,23.206400000000002
264,Y00155,Atorvastatin_Tab 10mg,0212000B0AAAAAA,14,23.128
265,F86025,Atorvastatin_Tab 10mg,0212000B0AAAAAA,132,22.915200000000016
65,F86025,Alendronic Acid_Tab 70mg,0606020A0AAACAC,33,10.348799999999995
69,F86082,Clonazepam_Tab 500mcg,0408010F0AAABAB,1,6.407999999999994
70,F86658,Clonazepam_Tab 500mcg,0408010F0AAABAB,1,3.987199999999996
45,F86025,Risperidone_Tab 6mg,040201030AAAFAF,1,3.802400000000001
71,F86022,Clonazepam_Tab 500mcg,0408010F0AAABAB,2,3.796799999999992
72,F86025,Clonazepam_Tab 500mcg,0408010F0AAABAB,4,3.796799999999992
73,F86057,Clonazepam_Tab 500mcg,0408010F0AAABAB,1,2.847599999999994
74,F86022,Clonazepam_Tab 500mcg,0408010F0AAABAB,1,2.847599999999994
75,F86692,Clonazepam_Tab 500mcg,0408010F0AAABAB,2,2.7119999999999944
66,F86012,Alendronic Acid_Tab 70mg,0606020A0AAACAC,25,2.6099999999999985
77,F86023,Clonazepam_Tab 500mcg,0408010F0AAABAB,2,2.2599999999999953
76,F86020,Clonazepam_Tab 500mcg,0408010F0AAABAB,1,2.2599999999999953
78,F86023,Clonazepam_Tab 500mcg,0408010F0AAABAB,7,2.2147999999999954
79,Y00155,Clonazepam_Tab 500mcg,0408010F0AAABAB,1,1.993599999999998
83,F86008,Clonazepam_Tab 500mcg,0408010F0AAABAB,1,1.898399999999996
82,F86066,Clonazepam_Tab 500mcg,0408010F0AAABAB,2,1.898399999999996
81,F86012,Clonazepam_Tab 500mcg,0408010F0AAABAB,3,1.898399999999996
80,F86025,Clonazepam_Tab 500mcg,0408010F0AAABAB,1,1.898399999999996
85,F86692,Clonazepam_Tab 500mcg,0408010F0AAABAB,1,1.5819999999999967
84,F86691,Clonazepam_Tab 500mcg,0408010F0AAABAB,2,1.5819999999999967
177,F86012,Levothyrox Sod_Tab 100mcg,0602010V0AABZBZ,3,1.5791999999999986
86,F86012,Clonazepam_Tab 500mcg,0408010F0AAABAB,2,1.3559999999999972
90,F86057,Clonazepam_Tab 500mcg,0408010F0AAABAB,1,1.2655999999999974
91,F86009,Clonazepam_Tab 500mcg,0408010F0AAABAB,2,1.2655999999999974
87,F86007,Clonazepam_Tab 500mcg,0408010F0AAABAB,4,1.2655999999999974
88,F86087,Clonazepam_Tab 500mcg,0408010F0AAABAB,1,1.2655999999999974
96,F86657,Clonazepam_Tab 500mcg,0408010F0AAABAB,1,1.2655999999999974
95,F86066,Clonazepam_Tab 500mcg,0408010F0AAABAB,2,1.2655999999999974
94,F86008,Clonazepam_Tab 500mcg,0408010F0AAABAB,2,1.2655999999999974
89,F86034,Clonazepam_Tab 500mcg,0408010F0AAABAB,2,1.2655999999999974
93,F86022,Clonazepam_Tab 500mcg,0408010F0AAABAB,8,1.2655999999999974
92,F86060,Clonazepam_Tab 500mcg,0408010F0AAABAB,4,1.2655999999999974
97,F86034,Clonazepam_Tab 500mcg,0408010F0AAABAB,2,1.1399999999999966
98,F86085,Clonazepam_Tab 500mcg,0408010F0AAABAB,1,1.1299999999999977
100,F86025,Clonazepam_Tab 500mcg,0408010F0AAABAB,1,1.1299999999999977
102,Y00155,Clonazepam_Tab 500mcg,0408010F0AAABAB,1,1.1299999999999977
101,Y00090,Clonazepam_Tab 500mcg,0408010F0AAABAB,1,1.1299999999999977
99,F86013,Clonazepam_Tab 500mcg,0408010F0AAABAB,1,1.1299999999999977
103,Y00918,Clonazepam_Tab 500mcg,0408010F0AAABAB,13,1.028299999999998
104,F86692,Clonazepam_Tab 500mcg,0408010F0AAABAB,1,1.016999999999998
105,F86008,Clonazepam_Tab 500mcg,0408010F0AAABAB,1,0.949199999999998
108,F86652,Clonazepam_Tab 500mcg,0408010F0AAABAB,4,0.949199999999998
109,Y02987,Clonazepam_Tab 500mcg,0408010F0AAABAB,3,0.949199999999998
106,F86692,Clonazepam_Tab 500mcg,0408010F0AAABAB,1,0.949199999999998
107,F86025,Clonazepam_Tab 500mcg,0408010F0AAABAB,4,0.949199999999998
110,F86010,Clonazepam_Tab 500mcg,0408010F0AAABAB,11,0.8700999999999982
111,F86652,Clonazepam_Tab 500mcg,0408010F0AAABAB,5,0.7909999999999984
114,F86087,Clonazepam_Tab 500mcg,0408010F0AAABAB,2,0.6779999999999986
117,F86652,Clonazepam_Tab 500mcg,0408010F0AAABAB,1,0.6779999999999986
119,F86083,Clonazepam_Tab 500mcg,0408010F0AAABAB,1,0.6779999999999986
118,F86612,Clonazepam_Tab 500mcg,0408010F0AAABAB,1,0.6779999999999986
113,Y00918,Clonazepam_Tab 500mcg,0408010F0AAABAB,1,0.6779999999999986
116,F86087,Clonazepam_Tab 500mcg,0408010F0AAABAB,1,0.6779999999999986
115,Y00090,Clonazepam_Tab 500mcg,0408010F0AAABAB,1,0.6779999999999986
112,F86012,Clonazepam_Tab 500mcg,0408010F0AAABAB,2,0.6779999999999986
133,Y02987,Clonazepam_Tab 500mcg,0408010F0AAABAB,1,0.6327999999999987
143,F86612,Clonazepam_Tab 500mcg,0408010F0AAABAB,1,0.6327999999999987
142,F86020,Clonazepam_Tab 500mcg,0408010F0AAABAB,2,0.6327999999999987
141,F86731,Clonazepam_Tab 500mcg,0408010F0AAABAB,1,0.6327999999999987
140,F86652,Clonazepam_Tab 500mcg,0408010F0AAABAB,2,0.6327999999999987
139,F86087,Clonazepam_Tab 500mcg,0408010F0AAABAB,1,0.6327999999999987
138,F86023,Clonazepam_Tab 500mcg,0408010F0AAABAB,1,0.6327999999999987
137,F86707,Clonazepam_Tab 500mcg,0408010F0AAABAB,1,0.6327999999999987
136,F86025,Clonazepam_Tab 500mcg,0408010F0AAABAB,8,0.6327999999999987
135,F86060,Clonazepam_Tab 500mcg,0408010F0AAABAB,1,0.6327999999999987
144,F86083,Clonazepam_Tab 500mcg,0408010F0AAABAB,1,0.6327999999999987
134,F86698,Clonazepam_Tab 500mcg,0408010F0AAABAB,1,0.6327999999999987
132,Y00918,Clonazepam_Tab 500mcg,0408010F0AAABAB,1,0.6327999999999987
125,F86641,Clonazepam_Tab 500mcg,0408010F0AAABAB,2,0.6327999999999987
131,F86064,Clonazepam_Tab 500mcg,0408010F0AAABAB,1,0.6327999999999987
121,F86010,Clonazepam_Tab 500mcg,0408010F0AAABAB,2,0.6327999999999987
122,F86652,Clonazepam_Tab 500mcg,0408010F0AAABAB,1,0.6327999999999987
123,F86691,Clonazepam_Tab 500mcg,0408010F0AAABAB,2,0.6327999999999987
124,F86083,Clonazepam_Tab 500mcg,0408010F0AAABAB,2,0.6327999999999987
120,F86691,Clonazepam_Tab 500mcg,0408010F0AAABAB,1,0.6327999999999987
126,F86010,Clonazepam_Tab 500mcg,0408010F0AAABAB,1,0.6327999999999987
127,Y00090,Clonazepam_Tab 500mcg,0408010F0AAABAB,1,0.6327999999999987
128,F86657,Clonazepam_Tab 500mcg,0408010F0AAABAB,2,0.6327999999999987
129,F86022,Clonazepam_Tab 500mcg,0408010F0AAABAB,2,0.6327999999999987
130,F86008,Clonazepam_Tab 500mcg,0408010F0AAABAB,4,0.6327999999999987
145,F86057,Clonazepam_Tab 500mcg,0408010F0AAABAB,2,0.348
147,Y00090,Clonazepam_Tab 500mcg,0408010F0AAABAB,1,0.31639999999999935
148,Y00918,Clonazepam_Tab 500mcg,0408010F0AAABAB,1,0.31639999999999935
146,F86082,Clonazepam_Tab 500mcg,0408010F0AAABAB,4,0.31639999999999935
150,F86612,Clonazepam_Tab 500mcg,0408010F0AAABAB,4,0.31639999999999935
151,F86087,Clonazepam_Tab 500mcg,0408010F0AAABAB,1,0.31639999999999935
152,F86022,Clonazepam_Tab 500mcg,0408010F0AAABAB,4,0.31639999999999935
153,F86692,Clonazepam_Tab 500mcg,0408010F0AAABAB,1,0.31639999999999935
149,F86642,Clonazepam_Tab 500mcg,0408010F0AAABAB,4,0.31639999999999935
154,F86692,Clonazepam_Tab 500mcg,0408010F0AAABAB,1,0.2735999999999992
155,F86057,Clonazepam_Tab 500mcg,0408010F0AAABAB,1,0.22199999999999998
156,F86032,Clonazepam_Tab 500mcg,0408010F0AAABAB,4,0.16959999999999997
157,F86013,Clonazepam_Tab 500mcg,0408010F0AAABAB,4,0.16959999999999997
162,F86087,Clonazepam_Tab 500mcg,0408010F0AAABAB,1,0.15819999999999967
161,F86657,Clonazepam_Tab 500mcg,0408010F0AAABAB,1,0.15819999999999967
160,F86012,Clonazepam_Tab 500mcg,0408010F0AAABAB,1,0.15819999999999967
159,F86691,Clonazepam_Tab 500mcg,0408010F0AAABAB,1,0.15819999999999967
158,F86066,Clonazepam_Tab 500mcg,0408010F0AAABAB,2,0.15819999999999967
266,F86652,Atorvastatin_Tab 10mg,0212000B0AAAAAA,71,0.14910000000000082
178,F86010,Levothyrox Sod_Tab 100mcg,0602010V0AABZBZ,53,0.1483999999999991
267,F86008,Atorvastatin_Tab 10mg,0212000B0AAAAAA,65,0.13650000000000076
179,F86007,Levothyrox Sod_Tab 100mcg,0602010V0AABZBZ,47,0.13159999999999922
180,F86022,Levothyrox Sod_Tab 100mcg,0602010V0AABZBZ,46,0.12879999999999922
268,F86022,Atorvastatin_Tab 10mg,0212000B0AAAAAA,61,0.1281000000000007
181,F86032,Levothyrox Sod_Tab 100mcg,0602010V0AABZBZ,40,0.11199999999999932
182,F86083,Levothyrox Sod_Tab 100mcg,0602010V0AABZBZ,38,0.10639999999999936
269,F86025,Atorvastatin_Tab 10mg,0212000B0AAAAAA,50,0.10500000000000058
270,F86010,Atorvastatin_Tab 10mg,0212000B0AAAAAA,43,0.09030000000000049
183,F86707,Levothyrox Sod_Tab 100mcg,0602010V0AABZBZ,30,0.08399999999999949
271,F86082,Atorvastatin_Tab 10mg,0212000B0AAAAAA,39,0.08190000000000044
273,F86023,Atorvastatin_Tab 10mg,0212000B0AAAAAA,36,0.07560000000000042
272,F86042,Atorvastatin_Tab 10mg,0212000B0AAAAAA,36,0.07560000000000042
184,F86023,Levothyrox Sod_Tab 100mcg,0602010V0AABZBZ,25,0.06999999999999958
274,F86657,Atorvastatin_Tab 10mg,0212000B0AAAAAA,33,0.06930000000000039
185,F86731,Levothyrox Sod_Tab 100mcg,0602010V0AABZBZ,24,0.0671999999999996
275,F86083,Atorvastatin_Tab 10mg,0212000B0AAAAAA,31,0.06510000000000035
276,F86032,Atorvastatin_Tab 10mg,0212000B0AAAAAA,31,0.06510000000000035
164,F86082,Clonazepam_Tab 500mcg,0408010F0AAABAB,3,0.06359999999999999
163,Y00155,Clonazepam_Tab 500mcg,0408010F0AAABAB,1,0.06359999999999999
277,F86066,Atorvastatin_Tab 10mg,0212000B0AAAAAA,29,0.060900000000000336
279,F86060,Atorvastatin_Tab 10mg,0212000B0AAAAAA,28,0.058800000000000324
278,Y02987,Atorvastatin_Tab 10mg,0212000B0AAAAAA,28,0.058800000000000324
281,F86081,Atorvastatin_Tab 10mg,0212000B0AAAAAA,27,0.05670000000000031
280,F86692,Atorvastatin_Tab 10mg,0212000B0AAAAAA,27,0.05670000000000031
186,F86691,Levothyrox Sod_Tab 100mcg,0602010V0AABZBZ,20,0.05599999999999966
282,F86020,Atorvastatin_Tab 10mg,0212000B0AAAAAA,26,0.0546000000000003
187,F86025,Levothyrox Sod_Tab 100mcg,0602010V0AABZBZ,19,0.05319999999999968
188,F86657,Levothyrox Sod_Tab 100mcg,0602010V0AABZBZ,19,0.05319999999999968
283,F86057,Atorvastatin_Tab 10mg,0212000B0AAAAAA,25,0.05250000000000029
285,F86064,Atorvastatin_Tab 10mg,0212000B0AAAAAA,24,0.05040000000000028
284,F86691,Atorvastatin_Tab 10mg,0212000B0AAAAAA,24,0.05040000000000028
1,Y00155,Memantine HCl_Tab 10mg,0411000G0AAAAAA,12,0.05040000000000028
190,F86057,Levothyrox Sod_Tab 100mcg,0602010V0AABZBZ,9,0.050399999999999695
189,F86020,Levothyrox Sod_Tab 100mcg,0602010V0AABZBZ,18,0.050399999999999695
191,Y02987,Levothyrox Sod_Tab 100mcg,0602010V0AABZBZ,16,0.04479999999999973
192,F86034,Levothyrox Sod_Tab 100mcg,0602010V0AABZBZ,16,0.04479999999999973
166,F86082,Clonazepam_Tab 500mcg,0408010F0AAABAB,1,0.04239999999999999
165,F86057,Clonazepam_Tab 500mcg,0408010F0AAABAB,1,0.04239999999999999
195,F86008,Levothyrox Sod_Tab 100mcg,0602010V0AABZBZ,14,0.03919999999999976
194,F86692,Levothyrox Sod_Tab 100mcg,0602010V0AABZBZ,7,0.03919999999999976
193,F86702,Levothyrox Sod_Tab 100mcg,0602010V0AABZBZ,14,0.03919999999999976
196,F86082,Levothyrox Sod_Tab 100mcg,0602010V0AABZBZ,13,0.03639999999999978
287,F86612,Atorvastatin_Tab 10mg,0212000B0AAAAAA,17,0.0357000000000002
286,F86641,Atorvastatin_Tab 10mg,0212000B0AAAAAA,17,0.0357000000000002
288,F86731,Atorvastatin_Tab 10mg,0212000B0AAAAAA,16,0.033600000000000185
289,F86703,Atorvastatin_Tab 10mg,0212000B0AAAAAA,16,0.033600000000000185
197,F86641,Levothyrox Sod_Tab 100mcg,0602010V0AABZBZ,12,0.0335999999999998
198,F86081,Levothyrox Sod_Tab 100mcg,0602010V0AABZBZ,11,0.030799999999999814
199,F86066,Levothyrox Sod_Tab 100mcg,0602010V0AABZBZ,10,0.02799999999999983
290,F86007,Atorvastatin_Tab 10mg,0212000B0AAAAAA,12,0.02520000000000014
291,F86637,Atorvastatin_Tab 10mg,0212000B0AAAAAA,12,0.02520000000000014
200,F86698,Levothyrox Sod_Tab 100mcg,0602010V0AABZBZ,9,0.025199999999999848
201,F86013,Levothyrox Sod_Tab 100mcg,0602010V0AABZBZ,9,0.025199999999999848
202,F86692,Levothyrox Sod_Tab 100mcg,0602010V0AABZBZ,4,0.023999999999999022
203,F86642,Levothyrox Sod_Tab 100mcg,0602010V0AABZBZ,8,0.022399999999999864
205,F86060,Levothyrox Sod_Tab 100mcg,0602010V0AABZBZ,8,0.022399999999999864
206,F86692,Levothyrox Sod_Tab 100mcg,0602010V0AABZBZ,8,0.022399999999999864
207,F86042,Levothyrox Sod_Tab 100mcg,0602010V0AABZBZ,8,0.022399999999999864
208,F86703,Levothyrox Sod_Tab 100mcg,0602010V0AABZBZ,4,0.022399999999999864
209,Y00918,Levothyrox Sod_Tab 100mcg,0602010V0AABZBZ,8,0.022399999999999864
210,Y02987,Levothyrox Sod_Tab 100mcg,0602010V0AABZBZ,4,0.022399999999999864
212,F86057,Levothyrox Sod_Tab 100mcg,0602010V0AABZBZ,8,0.022399999999999864
204,F86642,Levothyrox Sod_Tab 100mcg,0602010V0AABZBZ,4,0.022399999999999864
211,F86060,Levothyrox Sod_Tab 100mcg,0602010V0AABZBZ,4,0.022399999999999864
2,F86083,Memantine HCl_Tab 10mg,0411000G0AAAAAA,5,0.021000000000000116
3,F86007,Memantine HCl_Tab 10mg,0411000G0AAAAAA,4,0.01680000000000048
295,F86642,Atorvastatin_Tab 10mg,0212000B0AAAAAA,8,0.016800000000000093
294,Y00918,Atorvastatin_Tab 10mg,0212000B0AAAAAA,8,0.016800000000000093
293,F86702,Atorvastatin_Tab 10mg,0212000B0AAAAAA,8,0.016800000000000093
292,F86624,Atorvastatin_Tab 10mg,0212000B0AAAAAA,8,0.016800000000000093
5,F86020,Memantine HCl_Tab 10mg,0411000G0AAAAAA,4,0.016800000000000093
4,F86010,Memantine HCl_Tab 10mg,0411000G0AAAAAA,4,0.016800000000000093
213,Y00155,Levothyrox Sod_Tab 100mcg,0602010V0AABZBZ,2,0.0167999999999999
214,Y02987,Levothyrox Sod_Tab 100mcg,0602010V0AABZBZ,2,0.015999999999999903
215,F86064,Levothyrox Sod_Tab 100mcg,0602010V0AABZBZ,5,0.013999999999999915
216,F86703,Levothyrox Sod_Tab 100mcg,0602010V0AABZBZ,1,0.012599999999999487
217,F86023,Levothyrox Sod_Tab 100mcg,0602010V0AABZBZ,1,0.011999999999999511
51,Y00918,Quetiapine_Tab 300mg,0402010ABAAAKAK,2,0.011999999999998678
47,Y00918,Zonisamide_Cap 100mg,0408010ADAAAAAA,4,0.01120000000000032
218,F86637,Levothyrox Sod_Tab 100mcg,0602010V0AABZBZ,4,0.011199999999999932
219,F86652,Levothyrox Sod_Tab 100mcg,0602010V0AABZBZ,4,0.011199999999999932
220,F86012,Levothyrox Sod_Tab 100mcg,0602010V0AABZBZ,4,0.011199999999999932
221,F86703,Levothyrox Sod_Tab 100mcg,0602010V0AABZBZ,4,0.011199999999999932
222,F86658,Levothyrox Sod_Tab 100mcg,0602010V0AABZBZ,4,0.011199999999999932
53,F86060,Quetiapine_Tab 300mg,0402010ABAAAKAK,2,0.011199999999998766
52,F86657,Quetiapine_Tab 300mg,0402010ABAAAKAK,2,0.011199999999998766
296,F86658,Atorvastatin_Tab 10mg,0212000B0AAAAAA,5,0.010500000000000058
297,Y00155,Atorvastatin_Tab 10mg,0212000B0AAAAAA,5,0.010500000000000058
223,Y00918,Levothyrox Sod_Tab 100mcg,0602010V0AABZBZ,4,0.009599999999999942
224,F86087,Levothyrox Sod_Tab 100mcg,0602010V0AABZBZ,1,0.009599999999999609
225,F86010,Levothyrox Sod_Tab 100mcg,0602010V0AABZBZ,1,0.008999999999999633
226,F86032,Levothyrox Sod_Tab 100mcg,0602010V0AABZBZ,1,0.008999999999999633
7,Y02987,Memantine HCl_Tab 10mg,0411000G0AAAAAA,2,0.00840000000000024
6,F86637,Memantine HCl_Tab 10mg,0411000G0AAAAAA,2,0.00840000000000024
300,F86707,Atorvastatin_Tab 10mg,0212000B0AAAAAA,4,0.008400000000000046
298,F86698,Atorvastatin_Tab 10mg,0212000B0AAAAAA,4,0.008400000000000046
299,F86034,Atorvastatin_Tab 10mg,0212000B0AAAAAA,4,0.008400000000000046
8,Y02987,Memantine HCl_Tab 10mg,0411000G0AAAAAA,2,0.008400000000000046
228,F86028,Levothyrox Sod_Tab 100mcg,0602010V0AABZBZ,1,0.00839999999999995
227,F86057,Levothyrox Sod_Tab 100mcg,0602010V0AABZBZ,1,0.00839999999999995
229,F86032,Levothyrox Sod_Tab 100mcg,0602010V0AABZBZ,1,0.007999999999999952
231,Y02987,Levothyrox Sod_Tab 100mcg,0602010V0AABZBZ,4,0.006399999999999961
230,F86057,Levothyrox Sod_Tab 100mcg,0602010V0AABZBZ,4,0.006399999999999961
54,Y02987,Quetiapine_Tab 300mg,0402010ABAAAKAK,9,0.006299999999999306
169,F86081,Atorvastatin_Tab 20mg,0212000B0AAABAB,1,0.006000000000000172
170,F86022,Atorvastatin_Tab 20mg,0212000B0AAABAB,1,0.006000000000000172
171,F86007,Atorvastatin_Tab 20mg,0212000B0AAABAB,1,0.006000000000000172
241,F86064,Levothyrox Sod_Tab 100mcg,0602010V0AABZBZ,1,0.0059999999999997555
240,F86085,Levothyrox Sod_Tab 100mcg,0602010V0AABZBZ,1,0.0059999999999997555
238,F86007,Levothyrox Sod_Tab 100mcg,0602010V0AABZBZ,1,0.0059999999999997555
236,F86060,Levothyrox Sod_Tab 100mcg,0602010V0AABZBZ,1,0.0059999999999997555
235,F86020,Levothyrox Sod_Tab 100mcg,0602010V0AABZBZ,1,0.0059999999999997555
234,F86698,Levothyrox Sod_Tab 100mcg,0602010V0AABZBZ,1,0.0059999999999997555
233,F86025,Levothyrox Sod_Tab 100mcg,0602010V0AABZBZ,1,0.0059999999999997555
232,F86703,Levothyrox Sod_Tab 100mcg,0602010V0AABZBZ,1,0.0059999999999997555
239,F86012,Levothyrox Sod_Tab 100mcg,0602010V0AABZBZ,1,0.0059999999999997555
237,F86081,Levothyrox Sod_Tab 100mcg,0602010V0AABZBZ,2,0.0059999999999997555
57,F86731,Quetiapine_Tab 300mg,0402010ABAAAKAK,1,0.005999999999999339
56,F86057,Quetiapine_Tab 300mg,0402010ABAAAKAK,1,0.005999999999999339
55,F86703,Quetiapine_Tab 300mg,0402010ABAAAKAK,1,0.005999999999999339
243,F86012,Levothyrox Sod_Tab 100mcg,0602010V0AABZBZ,1,0.005599999999999966
242,F86066,Levothyrox Sod_Tab 100mcg,0602010V0AABZBZ,1,0.005599999999999966
59,F86652,Quetiapine_Tab 300mg,0402010ABAAAKAK,4,0.005599999999999383
58,F86657,Quetiapine_Tab 300mg,0402010ABAAAKAK,4,0.005599999999999383
60,F86657,Quetiapine_Tab 300mg,0402010ABAAAKAK,7,0.00489999999999946
245,F86022,Levothyrox Sod_Tab 100mcg,0602010V0AABZBZ,4,0.004799999999999971
246,F86010,Levothyrox Sod_Tab 100mcg,0602010V0AABZBZ,4,0.004799999999999971
244,Y00918,Levothyrox Sod_Tab 100mcg,0602010V0AABZBZ,4,0.004799999999999971
301,F86083,Atorvastatin_Tab 10mg,0212000B0AAAAAA,4,0.004399999999999973
10,F86023,Memantine HCl_Tab 10mg,0411000G0AAAAAA,1,0.00420000000000012
9,F86013,Memantine HCl_Tab 10mg,0411000G0AAAAAA,1,0.00420000000000012
12,F86691,Memantine HCl_Tab 10mg,0411000G0AAAAAA,1,0.004200000000000023
303,F86652,Atorvastatin_Tab 10mg,0212000B0AAAAAA,1,0.004200000000000023
302,F86060,Atorvastatin_Tab 10mg,0212000B0AAAAAA,1,0.004200000000000023
11,Y00918,Memantine HCl_Tab 10mg,0411000G0AAAAAA,1,0.004200000000000023
247,F86028,Levothyrox Sod_Tab 100mcg,0602010V0AABZBZ,1,0.0031999999999999806
248,Y00918,Levothyrox Sod_Tab 100mcg,0602010V0AABZBZ,4,0.0031999999999999806
249,F86042,Levothyrox Sod_Tab 100mcg,0602010V0AABZBZ,4,0.0031999999999999806
260,Y00090,Omeprazole_Cap E/C 40mg,0103050P0AAAEAE,1,0.003000000000000086
250,F86612,Levothyrox Sod_Tab 100mcg,0602010V0AABZBZ,1,0.0029999999999998778
252,F86009,Levothyrox Sod_Tab 100mcg,0602010V0AABZBZ,1,0.002799999999999983
251,Y02824,Levothyrox Sod_Tab 100mcg,0602010V0AABZBZ,1,0.002799999999999983
62,F86641,Quetiapine_Tab 300mg,0402010ABAAAKAK,4,0.0027999999999996916
61,F86707,Quetiapine_Tab 300mg,0402010ABAAAKAK,4,0.0027999999999996916
63,Y02987,Quetiapine_Tab 300mg,0402010ABAAAKAK,1,0.0027999999999996916
253,F86012,Levothyrox Sod_Tab 100mcg,0602010V0AABZBZ,1,0.0023999999999999855
254,F86025,Levothyrox Sod_Tab 100mcg,0602010V0AABZBZ,1,-0.00210000000000006
13,F86025,Memantine HCl_Tab 10mg,0411000G0AAAAAA,1,-0.002799999999999983
173,Y00090,Atorvastatin_Tab 20mg,0212000B0AAABAB,1,-0.0029999999999998778
174,F86691,Atorvastatin_Tab 20mg,0212000B0AAABAB,1,-0.0029999999999998778
172,F86009,Atorvastatin_Tab 20mg,0212000B0AAABAB,1,-0.0029999999999998778
14,F86025,Memantine HCl_Tab 10mg,0411000G0AAAAAA,2,-0.0031999999999999806
255,F86637,Levothyrox Sod_Tab 100mcg,0602010V0AABZBZ,1,-0.0032000000000000917
175,Y02824,Atorvastatin_Tab 20mg,0212000B0AAABAB,1,-0.004199999999999995
15,F86010,Memantine HCl_Tab 10mg,0411000G0AAAAAA,3,-0.004799999999999971
304,F86083,Atorvastatin_Tab 10mg,0212000B0AAAAAA,1,-0.00489999999999997
305,F86082,Atorvastatin_Tab 10mg,0212000B0AAAAAA,1,-0.005099999999999969
16,F86025,Memantine HCl_Tab 10mg,0411000G0AAAAAA,1,-0.0051999999999999685
17,F86641,Memantine HCl_Tab 10mg,0411000G0AAAAAA,2,-0.005599999999999966
306,F86703,Atorvastatin_Tab 10mg,0212000B0AAAAAA,1,-0.005999999999999964
307,F86692,Atorvastatin_Tab 10mg,0212000B0AAAAAA,1,-0.005999999999999964
262,F86060,Omeprazole_Cap E/C 40mg,0103050P0AAAEAE,1,-0.006000000000000172
261,F86658,Omeprazole_Cap E/C 40mg,0103050P0AAAEAE,1,-0.006000000000000172
18,F86702,Memantine HCl_Tab 10mg,0411000G0AAAAAA,3,-0.00839999999999995
309,F86020,Atorvastatin_Tab 10mg,0212000B0AAAAAA,1,-0.008999999999999946
308,F86642,Atorvastatin_Tab 10mg,0212000B0AAAAAA,1,-0.008999999999999946
20,F86060,Memantine HCl_Tab 10mg,0411000G0AAAAAA,4,-0.011199999999999932
19,F86064,Memantine HCl_Tab 10mg,0411000G0AAAAAA,4,-0.011199999999999932
25,F86034,Memantine HCl_Tab 10mg,0411000G0AAAAAA,4,-0.011199999999999932
21,F86082,Memantine HCl_Tab 10mg,0411000G0AAAAAA,4,-0.011199999999999932
26,F86066,Memantine HCl_Tab 10mg,0411000G0AAAAAA,4,-0.011199999999999932
23,F86020,Memantine HCl_Tab 10mg,0411000G0AAAAAA,4,-0.011199999999999932
22,F86707,Memantine HCl_Tab 10mg,0411000G0AAAAAA,4,-0.011199999999999932
24,F86023,Memantine HCl_Tab 10mg,0411000G0AAAAAA,4,-0.011199999999999932
310,F86009,Atorvastatin_Tab 10mg,0212000B0AAAAAA,2,-0.011999999999999927
49,F86691,Zonisamide_Cap 100mg,0408010ADAAAAAA,3,-0.012599999999998612
48,F86022,Zonisamide_Cap 100mg,0408010ADAAAAAA,3,-0.012599999999998612
311,F86083,Atorvastatin_Tab 10mg,0212000B0AAAAAA,8,-0.012799999999999923
256,Y00155,Levothyrox Sod_Tab 100mcg,0602010V0AABZBZ,8,-0.016800000000000093
27,Y00918,Memantine HCl_Tab 10mg,0411000G0AAAAAA,4,-0.017599999999999894
312,F86007,Atorvastatin_Tab 10mg,0212000B0AAAAAA,3,-0.01799999999999989
313,F86652,Atorvastatin_Tab 10mg,0212000B0AAAAAA,2,-0.01799999999999989
28,F86624,Memantine HCl_Tab 10mg,0411000G0AAAAAA,7,-0.01959999999999988
33,F86007,Memantine HCl_Tab 10mg,0411000G0AAAAAA,8,-0.022399999999999864
29,F86010,Memantine HCl_Tab 10mg,0411000G0AAAAAA,8,-0.022399999999999864
30,F86698,Memantine HCl_Tab 10mg,0411000G0AAAAAA,8,-0.022399999999999864
31,F86083,Memantine HCl_Tab 10mg,0411000G0AAAAAA,8,-0.022399999999999864
32,F86032,Memantine HCl_Tab 10mg,0411000G0AAAAAA,8,-0.022399999999999864
34,F86008,Memantine HCl_Tab 10mg,0411000G0AAAAAA,8,-0.022399999999999864
35,F86703,Memantine HCl_Tab 10mg,0411000G0AAAAAA,8,-0.022399999999999864
36,F86691,Memantine HCl_Tab 10mg,0411000G0AAAAAA,10,-0.02799999999999983
67,Y00155,Alendronic Acid_Tab 70mg,0606020A0AAACAC,8,-0.03200000000000003
38,Y00918,Memantine HCl_Tab 10mg,0411000G0AAAAAA,12,-0.0335999999999998
39,F86022,Memantine HCl_Tab 10mg,0411000G0AAAAAA,12,-0.0335999999999998
37,Y02987,Memantine HCl_Tab 10mg,0411000G0AAAAAA,12,-0.0335999999999998
68,Y00155,Alendronic Acid_Tab 70mg,0606020A0AAACAC,16,-0.0384000000000011
40,Y00155,Memantine HCl_Tab 10mg,0411000G0AAAAAA,2,-0.10080000000000056
257,F86013,Levothyrox Sod_Tab 100mcg,0602010V0AABZBZ,33,-0.3696000000000106
258,F86023,Levothyrox Sod_Tab 100mcg,0602010V0AABZBZ,3,-0.4704000000000018
