,practice_code,bnf_description,bnf_code,items,excess_cost
25,F83674,Tiotropium_Pdr For Inh Cap 18mcg,0301020Q0AAABAB,1,180.95940000000002
0,F83680,Mesalazine_Tab E/C 400mg,0105010B0AAAAAA,1,119.78399999999998
1,F83063,Mesalazine_Tab E/C 400mg,0105010B0AAAAAA,1,95.82719999999999
16,F83015,Risperidone_Tab 6mg,040201030AAAFAF,3,87.6288
2,F83678,Mesalazine_Tab E/C 400mg,0105010B0AAAAAA,1,68.448
18,F83033,Risperidone_Tab 6mg,040201030AAAFAF,2,58.4192
17,F83008,Risperidone_Tab 6mg,040201030AAAFAF,1,58.4192
134,F83053,Mesalazine_Tab E/C 800mg,0105010B0AAASAS,1,51.65999999999999
3,F83045,Mesalazine_Tab E/C 400mg,0105010B0AAAAAA,1,51.33599999999999
5,F83002,Mesalazine_Tab E/C 400mg,0105010B0AAAAAA,1,47.913599999999995
4,F83010,Mesalazine_Tab E/C 400mg,0105010B0AAAAAA,1,47.913599999999995
7,F83021,Mesalazine_Tab E/C 400mg,0105010B0AAAAAA,1,47.913599999999995
6,F83010,Mesalazine_Tab E/C 400mg,0105010B0AAAAAA,2,47.913599999999995
135,F83060,Mesalazine_Tab E/C 800mg,0105010B0AAASAS,1,45.91999999999999
137,F83027,Mesalazine_Tab E/C 800mg,0105010B0AAASAS,1,36.89999999999999
136,F83064,Mesalazine_Tab E/C 800mg,0105010B0AAASAS,2,36.89999999999999
8,F83039,Mesalazine_Tab E/C 400mg,0105010B0AAAAAA,2,34.199999999999996
19,F83666,Risperidone_Tab 6mg,040201030AAAFAF,1,29.2096
20,F83021,Risperidone_Tab 6mg,040201030AAAFAF,1,29.2096
21,F83660,Risperidone_Tab 6mg,040201030AAAFAF,1,29.2096
22,F83039,Risperidone_Tab 6mg,040201030AAAFAF,1,29.2096
23,F83060,Risperidone_Tab 6mg,040201030AAAFAF,3,21.924
139,F83033,Mesalazine_Tab E/C 800mg,0105010B0AAASAS,1,17.219999999999995
138,F83671,Mesalazine_Tab E/C 800mg,0105010B0AAASAS,1,17.219999999999995
24,F83666,Risperidone_Tab 6mg,040201030AAAFAF,1,14.6048
9,F83053,Mesalazine_Tab E/C 400mg,0105010B0AAAAAA,1,12.833999999999998
10,F83686,Mesalazine_Tab E/C 400mg,0105010B0AAAAAA,1,11.978399999999999
129,F83034,Topiramate_Tab 200mg,040801050AAACAC,2,9.295999999999996
11,F83045,Mesalazine_Tab E/C 400mg,0105010B0AAAAAA,1,7.985599999999999
130,F83008,Topiramate_Tab 200mg,040801050AAACAC,1,6.971999999999997
30,F83007,Clonazepam_Tab 500mcg,0408010F0AAABAB,5,5.649999999999988
131,F83053,Topiramate_Tab 200mg,040801050AAACAC,1,4.647999999999998
145,F83652,Buprenorphine_Tab Subling 400mcg S/F,0410030A0AAACAC,3,4.5696
182,F83027,Pyridox HCl_Tab 50mg,0906024N0AAAIAI,1,3.830400000000001
31,F83660,Clonazepam_Tab 500mcg,0408010F0AAABAB,3,3.796799999999992
32,F83015,Clonazepam_Tab 500mcg,0408010F0AAABAB,3,3.389999999999993
33,F83039,Clonazepam_Tab 500mcg,0408010F0AAABAB,1,2.847599999999994
34,F83045,Clonazepam_Tab 500mcg,0408010F0AAABAB,1,2.847599999999994
36,F83060,Clonazepam_Tab 500mcg,0408010F0AAABAB,1,2.531199999999995
38,F83012,Clonazepam_Tab 500mcg,0408010F0AAABAB,4,2.531199999999995
37,F83053,Clonazepam_Tab 500mcg,0408010F0AAABAB,1,2.531199999999995
35,F83012,Clonazepam_Tab 500mcg,0408010F0AAABAB,2,2.531199999999995
132,F83002,Topiramate_Tab 200mg,040801050AAACAC,1,2.489999999999999
133,F83010,Topiramate_Tab 200mg,040801050AAACAC,4,2.307200000000001
146,F83002,Buprenorphine_Tab Subling 400mcg S/F,0410030A0AAACAC,2,2.2848
39,F83010,Clonazepam_Tab 500mcg,0408010F0AAABAB,1,2.2599999999999953
40,F83027,Clonazepam_Tab 500mcg,0408010F0AAABAB,2,2.2599999999999953
41,F83660,Clonazepam_Tab 500mcg,0408010F0AAABAB,1,2.033999999999996
147,F83032,Buprenorphine_Tab Subling 400mcg S/F,0410030A0AAACAC,1,1.9584000000000001
183,F83027,Pyridox HCl_Tab 50mg,0906024N0AAAIAI,1,1.9152000000000005
48,F83063,Clonazepam_Tab 500mcg,0408010F0AAABAB,3,1.898399999999996
43,F83004,Clonazepam_Tab 500mcg,0408010F0AAABAB,1,1.898399999999996
44,F83012,Clonazepam_Tab 500mcg,0408010F0AAABAB,2,1.898399999999996
45,F83674,Clonazepam_Tab 500mcg,0408010F0AAABAB,3,1.898399999999996
46,F83060,Clonazepam_Tab 500mcg,0408010F0AAABAB,1,1.898399999999996
47,F83008,Clonazepam_Tab 500mcg,0408010F0AAABAB,3,1.898399999999996
42,F83015,Clonazepam_Tab 500mcg,0408010F0AAABAB,2,1.898399999999996
49,F83021,Clonazepam_Tab 500mcg,0408010F0AAABAB,5,1.5819999999999967
148,F83002,Buprenorphine_Tab Subling 400mcg S/F,0410030A0AAACAC,1,1.5232
150,F83624,Buprenorphine_Tab Subling 400mcg S/F,0410030A0AAACAC,2,1.5232
149,F83032,Buprenorphine_Tab Subling 400mcg S/F,0410030A0AAACAC,1,1.5232
184,F83007,Pyridox HCl_Tab 50mg,0906024N0AAAIAI,3,1.4364000000000003
50,F83010,Clonazepam_Tab 500mcg,0408010F0AAABAB,6,1.423799999999997
151,F83002,Buprenorphine_Tab Subling 400mcg S/F,0410030A0AAACAC,1,1.4195999999999995
162,F83010,Amiodarone HCl_Tab 200mg,0203020D0AAABAB,2,1.4000000000000012
161,F83008,Amiodarone HCl_Tab 200mg,0203020D0AAABAB,4,1.4000000000000012
52,F83008,Clonazepam_Tab 500mcg,0408010F0AAABAB,1,1.3559999999999972
51,F83015,Clonazepam_Tab 500mcg,0408010F0AAABAB,1,1.3559999999999972
53,F83010,Clonazepam_Tab 500mcg,0408010F0AAABAB,1,1.2655999999999974
57,F83007,Clonazepam_Tab 500mcg,0408010F0AAABAB,2,1.2655999999999974
54,F83051,Clonazepam_Tab 500mcg,0408010F0AAABAB,2,1.2655999999999974
55,F83008,Clonazepam_Tab 500mcg,0408010F0AAABAB,1,1.2655999999999974
56,F83015,Clonazepam_Tab 500mcg,0408010F0AAABAB,2,1.2655999999999974
152,F83015,Buprenorphine_Tab Subling 400mcg S/F,0410030A0AAACAC,1,1.1424
153,F83064,Buprenorphine_Tab Subling 400mcg S/F,0410030A0AAACAC,1,1.1424
62,F83039,Clonazepam_Tab 500mcg,0408010F0AAABAB,1,1.1299999999999977
61,F83063,Clonazepam_Tab 500mcg,0408010F0AAABAB,1,1.1299999999999977
60,F83010,Clonazepam_Tab 500mcg,0408010F0AAABAB,1,1.1299999999999977
59,F83045,Clonazepam_Tab 500mcg,0408010F0AAABAB,1,1.1299999999999977
58,F83053,Clonazepam_Tab 500mcg,0408010F0AAABAB,1,1.1299999999999977
194,F83624,Diltiazem HCl_Tab 60mg M/R,0206020C0AAAAAA,3,1.1088000000000038
165,F83012,Amiodarone HCl_Tab 200mg,0203020D0AAABAB,1,1.050000000000001
163,F83045,Amiodarone HCl_Tab 200mg,0203020D0AAABAB,1,1.050000000000001
164,F83673,Amiodarone HCl_Tab 200mg,0203020D0AAABAB,1,1.050000000000001
185,F83008,Pyridox HCl_Tab 50mg,0906024N0AAAIAI,1,1.0260000000000002
64,F83010,Clonazepam_Tab 500mcg,0408010F0AAABAB,1,1.016999999999998
63,F83021,Clonazepam_Tab 500mcg,0408010F0AAABAB,1,1.016999999999998
186,F83007,Pyridox HCl_Tab 50mg,0906024N0AAAIAI,1,0.9576000000000002
68,F83002,Clonazepam_Tab 500mcg,0408010F0AAABAB,3,0.949199999999998
69,F83652,Clonazepam_Tab 500mcg,0408010F0AAABAB,1,0.949199999999998
70,F83010,Clonazepam_Tab 500mcg,0408010F0AAABAB,1,0.949199999999998
71,F83680,Clonazepam_Tab 500mcg,0408010F0AAABAB,1,0.949199999999998
66,F83060,Clonazepam_Tab 500mcg,0408010F0AAABAB,1,0.949199999999998
65,F83012,Clonazepam_Tab 500mcg,0408010F0AAABAB,4,0.949199999999998
67,F83008,Clonazepam_Tab 500mcg,0408010F0AAABAB,1,0.949199999999998
72,F83010,Clonazepam_Tab 500mcg,0408010F0AAABAB,10,0.7909999999999984
154,F83664,Buprenorphine_Tab Subling 400mcg S/F,0410030A0AAACAC,1,0.7616
155,F83652,Buprenorphine_Tab Subling 400mcg S/F,0410030A0AAACAC,1,0.7616
156,F83063,Buprenorphine_Tab Subling 400mcg S/F,0410030A0AAACAC,1,0.7616
157,F83021,Buprenorphine_Tab Subling 400mcg S/F,0410030A0AAACAC,1,0.7616
158,F83008,Buprenorphine_Tab Subling 400mcg S/F,0410030A0AAACAC,1,0.7616
197,F83027,Diltiazem HCl_Tab 60mg M/R,0206020C0AAAAAA,2,0.7392000000000025
198,F83010,Diltiazem HCl_Tab 60mg M/R,0206020C0AAAAAA,1,0.7392000000000025
199,F83032,Diltiazem HCl_Tab 60mg M/R,0206020C0AAAAAA,1,0.7392000000000025
196,F83063,Diltiazem HCl_Tab 60mg M/R,0206020C0AAAAAA,1,0.7392000000000025
195,Y01066,Diltiazem HCl_Tab 60mg M/R,0206020C0AAAAAA,1,0.7392000000000025
169,F83063,Amiodarone HCl_Tab 200mg,0203020D0AAABAB,1,0.7000000000000006
171,F83027,Amiodarone HCl_Tab 200mg,0203020D0AAABAB,1,0.7000000000000006
170,F83686,Amiodarone HCl_Tab 200mg,0203020D0AAABAB,1,0.7000000000000006
168,F83008,Amiodarone HCl_Tab 200mg,0203020D0AAABAB,1,0.7000000000000006
167,F83012,Amiodarone HCl_Tab 200mg,0203020D0AAABAB,1,0.7000000000000006
166,F83053,Amiodarone HCl_Tab 200mg,0203020D0AAABAB,1,0.7000000000000006
77,F83004,Clonazepam_Tab 500mcg,0408010F0AAABAB,1,0.6779999999999986
73,F83624,Clonazepam_Tab 500mcg,0408010F0AAABAB,1,0.6779999999999986
74,F83015,Clonazepam_Tab 500mcg,0408010F0AAABAB,1,0.6779999999999986
75,F83010,Clonazepam_Tab 500mcg,0408010F0AAABAB,1,0.6779999999999986
76,F83045,Clonazepam_Tab 500mcg,0408010F0AAABAB,1,0.6779999999999986
78,F83007,Clonazepam_Tab 500mcg,0408010F0AAABAB,1,0.6779999999999986
172,F83034,Amiodarone HCl_Tab 200mg,0203020D0AAABAB,8,0.6776
84,F83673,Clonazepam_Tab 500mcg,0408010F0AAABAB,2,0.6327999999999987
83,F83004,Clonazepam_Tab 500mcg,0408010F0AAABAB,1,0.6327999999999987
82,F83660,Clonazepam_Tab 500mcg,0408010F0AAABAB,1,0.6327999999999987
81,F83002,Clonazepam_Tab 500mcg,0408010F0AAABAB,1,0.6327999999999987
79,F83671,Clonazepam_Tab 500mcg,0408010F0AAABAB,1,0.6327999999999987
92,F83060,Clonazepam_Tab 500mcg,0408010F0AAABAB,2,0.6327999999999987
89,F83680,Clonazepam_Tab 500mcg,0408010F0AAABAB,1,0.6327999999999987
88,F83039,Clonazepam_Tab 500mcg,0408010F0AAABAB,2,0.6327999999999987
87,Y01066,Clonazepam_Tab 500mcg,0408010F0AAABAB,1,0.6327999999999987
90,F83056,Clonazepam_Tab 500mcg,0408010F0AAABAB,1,0.6327999999999987
80,F83064,Clonazepam_Tab 500mcg,0408010F0AAABAB,1,0.6327999999999987
91,F83624,Clonazepam_Tab 500mcg,0408010F0AAABAB,1,0.6327999999999987
86,F83027,Clonazepam_Tab 500mcg,0408010F0AAABAB,1,0.6327999999999987
85,F83010,Clonazepam_Tab 500mcg,0408010F0AAABAB,1,0.6327999999999987
93,F83624,Clonazepam_Tab 500mcg,0408010F0AAABAB,1,0.5699999999999983
94,F83010,Clonazepam_Tab 500mcg,0408010F0AAABAB,1,0.5699999999999983
95,F83012,Clonazepam_Tab 500mcg,0408010F0AAABAB,1,0.5699999999999983
96,F83045,Clonazepam_Tab 500mcg,0408010F0AAABAB,2,0.5471999999999984
202,F83681,Diltiazem HCl_Tab 60mg M/R,0206020C0AAAAAA,1,0.5040000000000004
200,F83064,Diltiazem HCl_Tab 60mg M/R,0206020C0AAAAAA,1,0.5040000000000004
201,F83039,Diltiazem HCl_Tab 60mg M/R,0206020C0AAAAAA,1,0.5040000000000004
203,F83015,Diltiazem HCl_Tab 60mg M/R,0206020C0AAAAAA,2,0.4928000000000017
187,F83002,Pyridox HCl_Tab 50mg,0906024N0AAAIAI,1,0.4788000000000001
191,F83053,Pyridox HCl_Tab 50mg,0906024N0AAAIAI,1,0.4788000000000001
190,F83056,Pyridox HCl_Tab 50mg,0906024N0AAAIAI,1,0.4788000000000001
189,F83033,Pyridox HCl_Tab 50mg,0906024N0AAAIAI,1,0.4788000000000001
188,F83007,Pyridox HCl_Tab 50mg,0906024N0AAAIAI,4,0.4788000000000001
99,F83686,Clonazepam_Tab 500mcg,0408010F0AAABAB,3,0.474599999999999
97,F83060,Clonazepam_Tab 500mcg,0408010F0AAABAB,1,0.474599999999999
98,F83012,Clonazepam_Tab 500mcg,0408010F0AAABAB,1,0.474599999999999
159,F83664,Buprenorphine_Tab Subling 400mcg S/F,0410030A0AAACAC,1,0.3808
204,F83002,Diltiazem HCl_Tab 60mg M/R,0206020C0AAAAAA,1,0.36960000000000126
177,F83012,Amiodarone HCl_Tab 200mg,0203020D0AAABAB,1,0.3500000000000003
178,F83010,Amiodarone HCl_Tab 200mg,0203020D0AAABAB,1,0.3500000000000003
180,F83060,Amiodarone HCl_Tab 200mg,0203020D0AAABAB,1,0.3500000000000003
179,F83664,Amiodarone HCl_Tab 200mg,0203020D0AAABAB,1,0.3500000000000003
173,F83039,Amiodarone HCl_Tab 200mg,0203020D0AAABAB,1,0.3500000000000003
174,F83674,Amiodarone HCl_Tab 200mg,0203020D0AAABAB,1,0.3500000000000003
175,F83678,Amiodarone HCl_Tab 200mg,0203020D0AAABAB,1,0.3500000000000003
176,F83063,Amiodarone HCl_Tab 200mg,0203020D0AAABAB,1,0.3500000000000003
100,F83032,Clonazepam_Tab 500mcg,0408010F0AAABAB,1,0.3389999999999993
101,F83624,Clonazepam_Tab 500mcg,0408010F0AAABAB,1,0.3389999999999993
102,F83064,Clonazepam_Tab 500mcg,0408010F0AAABAB,1,0.3389999999999993
103,Y01066,Clonazepam_Tab 500mcg,0408010F0AAABAB,1,0.3389999999999993
181,F83678,Amiodarone HCl_Tab 200mg,0203020D0AAABAB,4,0.3388
108,F83678,Clonazepam_Tab 500mcg,0408010F0AAABAB,1,0.31639999999999935
107,F83032,Clonazepam_Tab 500mcg,0408010F0AAABAB,1,0.31639999999999935
118,F83652,Clonazepam_Tab 500mcg,0408010F0AAABAB,2,0.31639999999999935
104,F83015,Clonazepam_Tab 500mcg,0408010F0AAABAB,1,0.31639999999999935
105,F83010,Clonazepam_Tab 500mcg,0408010F0AAABAB,2,0.31639999999999935
106,F83681,Clonazepam_Tab 500mcg,0408010F0AAABAB,1,0.31639999999999935
109,F83056,Clonazepam_Tab 500mcg,0408010F0AAABAB,4,0.31639999999999935
110,F83045,Clonazepam_Tab 500mcg,0408010F0AAABAB,1,0.31639999999999935
111,F83012,Clonazepam_Tab 500mcg,0408010F0AAABAB,2,0.31639999999999935
112,F83053,Clonazepam_Tab 500mcg,0408010F0AAABAB,1,0.31639999999999935
113,F83008,Clonazepam_Tab 500mcg,0408010F0AAABAB,1,0.31639999999999935
114,F83051,Clonazepam_Tab 500mcg,0408010F0AAABAB,1,0.31639999999999935
115,F83007,Clonazepam_Tab 500mcg,0408010F0AAABAB,4,0.31639999999999935
116,F83056,Clonazepam_Tab 500mcg,0408010F0AAABAB,1,0.31639999999999935
117,F83674,Clonazepam_Tab 500mcg,0408010F0AAABAB,1,0.31639999999999935
206,F83624,Diltiazem HCl_Tab 60mg M/R,0206020C0AAAAAA,1,0.24640000000000084
210,F83032,Diltiazem HCl_Tab 60mg M/R,0206020C0AAAAAA,1,0.24640000000000084
207,F83681,Diltiazem HCl_Tab 60mg M/R,0206020C0AAAAAA,1,0.24640000000000084
205,F83002,Diltiazem HCl_Tab 60mg M/R,0206020C0AAAAAA,1,0.24640000000000084
208,F83680,Diltiazem HCl_Tab 60mg M/R,0206020C0AAAAAA,1,0.24640000000000084
209,Y01066,Diltiazem HCl_Tab 60mg M/R,0206020C0AAAAAA,1,0.24640000000000084
193,F83660,Pyridox HCl_Tab 50mg,0906024N0AAAIAI,1,0.23940000000000006
192,Y01066,Pyridox HCl_Tab 50mg,0906024N0AAAIAI,1,0.23940000000000006
212,F83034,Diltiazem HCl_Tab 60mg M/R,0206020C0AAAAAA,4,0.23520000000000207
211,F83010,Diltiazem HCl_Tab 60mg M/R,0206020C0AAAAAA,4,0.23520000000000207
119,F83053,Clonazepam_Tab 500mcg,0408010F0AAABAB,1,0.15819999999999967
126,F83624,Clonazepam_Tab 500mcg,0408010F0AAABAB,1,0.15819999999999967
125,F83039,Clonazepam_Tab 500mcg,0408010F0AAABAB,1,0.15819999999999967
124,F83666,Clonazepam_Tab 500mcg,0408010F0AAABAB,1,0.15819999999999967
123,F83002,Clonazepam_Tab 500mcg,0408010F0AAABAB,1,0.15819999999999967
122,F83060,Clonazepam_Tab 500mcg,0408010F0AAABAB,1,0.15819999999999967
121,F83063,Clonazepam_Tab 500mcg,0408010F0AAABAB,1,0.15819999999999967
120,F83033,Clonazepam_Tab 500mcg,0408010F0AAABAB,1,0.15819999999999967
213,F83021,Diltiazem HCl_Tab 60mg M/R,0206020C0AAAAAA,1,0.1260000000000001
214,F83039,Diltiazem HCl_Tab 60mg M/R,0206020C0AAAAAA,1,0.1260000000000001
215,F83671,Diltiazem HCl_Tab 60mg M/R,0206020C0AAAAAA,1,0.1260000000000001
216,F83056,Diltiazem HCl_Tab 60mg M/R,0206020C0AAAAAA,1,0.1260000000000001
127,Y01066,Clonazepam_Tab 500mcg,0408010F0AAABAB,1,0.07909999999999984
128,F83681,Clonazepam_Tab 500mcg,0408010F0AAABAB,1,0.07909999999999984
26,F83002,Tiotropium_Pdr For Inh Cap 18mcg,0301020Q0AAABAB,3,0.008999999999999009
160,F83002,Buprenorphine_Tab Subling 400mcg S/F,0410030A0AAACAC,1,0.005199999999999427
27,F83039,Tiotropium_Pdr For Inh Cap 18mcg,0301020Q0AAABAB,1,-0.007999999999999119
28,F83004,Tiotropium_Pdr For Inh Cap 18mcg,0301020Q0AAABAB,1,-0.007999999999999119
12,F83039,Mesalazine_Tab E/C 400mg,0105010B0AAAAAA,2,-0.023999999999997357
29,F83012,Tiotropium_Pdr For Inh Cap 18mcg,0301020Q0AAABAB,3,-0.023999999999997357
13,F83039,Mesalazine_Tab E/C 400mg,0105010B0AAAAAA,1,-25.667999999999996
144,F83021,Mesalazine_Tab E/C 800mg,0105010B0AAASAS,1,-36.89999999999999
140,F83032,Mesalazine_Tab E/C 800mg,0105010B0AAASAS,1,-36.89999999999999
141,F83666,Mesalazine_Tab E/C 800mg,0105010B0AAASAS,1,-36.89999999999999
142,F83671,Mesalazine_Tab E/C 800mg,0105010B0AAASAS,1,-36.89999999999999
143,F83010,Mesalazine_Tab E/C 800mg,0105010B0AAASAS,1,-36.89999999999999
14,F83624,Mesalazine_Tab E/C 400mg,0105010B0AAAAAA,1,-51.33599999999999
15,F83064,Mesalazine_Tab E/C 400mg,0105010B0AAAAAA,1,-85.55999999999999
