,practice_code,bnf_description,bnf_code,items,excess_cost
0,D82002,Atorvastatin_Tab 10mg,0212000B0AAAAAA,135,93.1084
1,D82002,Atorvastatin_Tab 40mg,0212000B0AAACAC,239,22.7528
2,D82002,Clonazepam_Tab 500mcg,0408010F0AAABAB,14,7.751799999999984
3,D82002,Gabapentin_Cap 300mg,0408010G0AAABAB,11,-0.0055999999999982175
4,D82002,Omeprazole_Cap E/C 20mg,0103050P0AAAAAA,429,1.1745999999999548
5,D82002,Paracet_Tab 500mg,0407010H0AAAMAM,302,2.7672000000000043
6,D82002,Sumatriptan_Tab 50mg,0407041T0AAAFAF,38,24.608599999999992
7,D82006,Atorvastatin_Tab 10mg,0212000B0AAAAAA,17,0.03780000000000021
8,D82006,Clonazepam_Tab 500mcg,0408010F0AAABAB,20,11.834799999999976
9,D82006,Gabapentin_Cap 300mg,0408010G0AAABAB,14,0.01200000000000151
10,D82006,Memantine HCl_Tab 20mg,0411000G0AAADAD,1,0.004199999999999995
11,D82006,Modafinil_Tab 200mg,0404000R0AAACAC,1,-0.005599999999999383
12,D82006,Omeprazole_Cap E/C 20mg,0103050P0AAAAAA,9,0.04409999999999995
13,D82006,Paracet_Tab 500mg,0407010H0AAAMAM,76,-0.20959999999999873
14,D82006,Sumatriptan_Tab 50mg,0407041T0AAAFAF,13,0.0
15,D82020,Atorvastatin_Tab 10mg,0212000B0AAAAAA,40,23.15250000000001
16,D82020,Atorvastatin_Tab 20mg,0212000B0AAABAB,255,67.654
17,D82020,Atorvastatin_Tab 40mg,0212000B0AAACAC,29,-0.033199999999999785
18,D82020,Clonazepam_Tab 500mcg,0408010F0AAABAB,15,9.07389999999998
19,D82020,Gabapentin_Cap 300mg,0408010G0AAABAB,18,-0.023399999999997173
20,D82020,Omeprazole_Cap E/C 20mg,0103050P0AAAAAA,70,0.21989999999999954
21,D82020,Paracet_Tab 500mg,0407010H0AAAMAM,356,7.543599999999987
22,D82020,Sumatriptan_Tab 50mg,0407041T0AAAFAF,19,0.0
23,D82022,Clonazepam_Tab 500mcg,0408010F0AAABAB,21,10.412299999999979
24,D82022,Gabapentin_Cap 300mg,0408010G0AAABAB,34,0.12120000000000089
25,D82022,Memantine HCl_Tab 20mg,0411000G0AAADAD,11,63.91
26,D82022,Omeprazole_Cap E/C 20mg,0103050P0AAAAAA,9,0.04409999999999995
27,D82022,Paracet_Tab 500mg,0407010H0AAAMAM,400,39.15600000000006
28,D82022,Sumatriptan_Tab 50mg,0407041T0AAAFAF,22,0.0
29,D82031,Atorvastatin_Tab 10mg,0212000B0AAAAAA,2,0.008400000000000046
30,D82031,Atorvastatin_Tab 20mg,0212000B0AAABAB,1,-0.002799999999999997
31,D82031,Clonazepam_Tab 500mcg,0408010F0AAABAB,22,14.89339999999997
32,D82031,Gabapentin_Cap 300mg,0408010G0AAABAB,18,0.01000000000000184
33,D82031,Omeprazole_Cap E/C 20mg,0103050P0AAAAAA,12,0.04929999999999991
34,D82031,Sumatriptan_Tab 50mg,0407041T0AAAFAF,14,0.0
35,D82034,Atorvastatin_Tab 10mg,0212000B0AAAAAA,6,0.014700000000000032
36,D82034,Clonazepam_Tab 500mcg,0408010F0AAABAB,32,14.64479999999997
37,D82034,Gabapentin_Cap 300mg,0408010G0AAABAB,34,0.014200000000003904
38,D82034,Memantine HCl_Tab 20mg,0411000G0AAADAD,1,0.004899999999999995
39,D82034,Omeprazole_Cap E/C 20mg,0103050P0AAAAAA,22,0.10389999999999984
40,D82034,Paracet_Tab 500mg,0407010H0AAAMAM,80,-0.29999999999999816
41,D82034,Sumatriptan_Tab 50mg,0407041T0AAAFAF,40,0.0
42,D82036,Atorvastatin_Tab 10mg,0212000B0AAAAAA,7,0.009600000000000088
43,D82036,Clonazepam_Tab 500mcg,0408010F0AAABAB,17,6.395799999999988
44,D82036,Gabapentin_Cap 300mg,0408010G0AAABAB,26,0.05700000000000241
45,D82036,Memantine HCl_Tab 20mg,0411000G0AAADAD,3,0.014699999999999984
46,D82036,Modafinil_Tab 200mg,0404000R0AAACAC,1,96.24
47,D82036,Omeprazole_Cap E/C 20mg,0103050P0AAAAAA,30,0.1350999999999997
48,D82036,Paracet_Tab 500mg,0407010H0AAAMAM,160,-2.0264000000000033
49,D82036,Sumatriptan_Tab 50mg,0407041T0AAAFAF,15,0.0
50,D82037,Atorvastatin_Tab 10mg,0212000B0AAAAAA,8,0.016800000000000093
51,D82037,Atorvastatin_Tab 20mg,0212000B0AAABAB,266,23.08880000000004
52,D82037,Clonazepam_Tab 500mcg,0408010F0AAABAB,24,8.949599999999982
53,D82037,Gabapentin_Cap 300mg,0408010G0AAABAB,19,0.020000000000002516
54,D82037,Memantine HCl_Tab 20mg,0411000G0AAADAD,12,0.058799999999999936
55,D82037,Omeprazole_Cap E/C 20mg,0103050P0AAAAAA,561,26.75279999999998
56,D82037,Paracet_Tab 500mg,0407010H0AAAMAM,68,-0.19519999999999882
57,D82037,Sumatriptan_Tab 50mg,0407041T0AAAFAF,15,0.0
58,D82039,Atorvastatin_Tab 40mg,0212000B0AAACAC,115,22.21800000000001
59,D82039,Clonazepam_Tab 500mcg,0408010F0AAABAB,12,3.401299999999993
60,D82039,Gabapentin_Cap 300mg,0408010G0AAABAB,15,0.023700000000001067
61,D82039,Memantine HCl_Tab 20mg,0411000G0AAADAD,4,0.01959999999999998
62,D82039,Omeprazole_Cap E/C 20mg,0103050P0AAAAAA,7,0.03429999999999996
63,D82039,Paracet_Tab 500mg,0407010H0AAAMAM,34,-0.0999999999999994
64,D82039,Sumatriptan_Tab 50mg,0407041T0AAAFAF,30,0.0
65,D82041,Atorvastatin_Tab 10mg,0212000B0AAAAAA,24,23.204700000000003
66,D82041,Atorvastatin_Tab 20mg,0212000B0AAABAB,175,22.895400000000013
67,D82041,Clonazepam_Tab 500mcg,0408010F0AAABAB,38,17.21489999999996
68,D82041,Gabapentin_Cap 300mg,0408010G0AAABAB,10,-0.008399999999998298
69,D82041,Memantine HCl_Tab 20mg,0411000G0AAADAD,8,63.9072
70,D82041,Omeprazole_Cap E/C 20mg,0103050P0AAAAAA,25,0.09609999999999934
71,D82041,Paracet_Tab 500mg,0407010H0AAAMAM,328,3.6040000000000596
72,D82041,Sumatriptan_Tab 50mg,0407041T0AAAFAF,14,0.0
73,D82042,Clonazepam_Tab 500mcg,0408010F0AAABAB,40,12.124799999999976
74,D82042,Gabapentin_Cap 300mg,0408010G0AAABAB,11,0.03520000000000101
75,D82042,Omeprazole_Cap E/C 20mg,0103050P0AAAAAA,6,0.01969999999999996
76,D82042,Paracet_Tab 500mg,0407010H0AAAMAM,4,0.013599999999999987
77,D82042,Sumatriptan_Tab 50mg,0407041T0AAAFAF,25,0.0
78,D82045,Clonazepam_Tab 500mcg,0408010F0AAABAB,17,9.288599999999981
79,D82045,Gabapentin_Cap 300mg,0408010G0AAABAB,17,0.034200000000002145
80,D82045,Memantine HCl_Tab 20mg,0411000G0AAADAD,1,0.0035000000000001003
81,D82045,Omeprazole_Cap E/C 20mg,0103050P0AAAAAA,118,3.0961000000000025
82,D82045,Paracet_Tab 500mg,0407010H0AAAMAM,752,273.54200000000014
83,D82045,Sumatriptan_Tab 50mg,0407041T0AAAFAF,36,0.0
84,D82046,Atorvastatin_Tab 10mg,0212000B0AAAAAA,34,0.0714000000000004
85,D82046,Atorvastatin_Tab 20mg,0212000B0AAABAB,224,22.577799999999996
86,D82046,Clonazepam_Tab 500mcg,0408010F0AAABAB,7,1.1525999999999976
87,D82046,Gabapentin_Cap 300mg,0408010G0AAABAB,38,0.07440000000000183
88,D82046,Memantine HCl_Tab 20mg,0411000G0AAADAD,8,0.03919999999999996
89,D82046,Omeprazole_Cap E/C 20mg,0103050P0AAAAAA,8,0.03919999999999996
90,D82046,Paracet_Tab 500mg,0407010H0AAAMAM,348,20.334400000000013
91,D82046,Sumatriptan_Tab 50mg,0407041T0AAAFAF,15,21.3508
92,D82050,Atorvastatin_Tab 10mg,0212000B0AAAAAA,95,11.474400000000001
93,D82050,Clonazepam_Tab 500mcg,0408010F0AAABAB,23,10.764899999999976
94,D82050,Gabapentin_Cap 300mg,0408010G0AAABAB,11,0.017800000000001287
95,D82050,Omeprazole_Cap E/C 20mg,0103050P0AAAAAA,5,0.020599999999999938
96,D82050,Paracet_Tab 500mg,0407010H0AAAMAM,88,9.856000000000009
97,D82050,Sumatriptan_Tab 50mg,0407041T0AAAFAF,12,6.503999999999998
98,D82056,Atorvastatin_Tab 10mg,0212000B0AAAAAA,15,0.031500000000000174
99,D82056,Atorvastatin_Tab 20mg,0212000B0AAABAB,2,0.004000000000000115
100,D82056,Clonazepam_Tab 500mcg,0408010F0AAABAB,23,9.05129999999998
101,D82056,Gabapentin_Cap 300mg,0408010G0AAABAB,30,0.06510000000000186
102,D82056,Memantine HCl_Tab 20mg,0411000G0AAADAD,7,0.03429999999999996
103,D82056,Omeprazole_Cap E/C 20mg,0103050P0AAAAAA,121,0.5433999999999993
104,D82056,Paracet_Tab 500mg,0407010H0AAAMAM,210,-0.5249999999999968
105,D82056,Sumatriptan_Tab 50mg,0407041T0AAAFAF,36,0.0
106,D82063,Atorvastatin_Tab 10mg,0212000B0AAAAAA,211,11.75680000000001
107,D82063,Clonazepam_Tab 500mcg,0408010F0AAABAB,24,13.605199999999973
108,D82063,Gabapentin_Cap 300mg,0408010G0AAABAB,18,-0.011699999999997615
109,D82063,Paracet_Tab 500mg,0407010H0AAAMAM,124,23.68360000000002
110,D82063,Sumatriptan_Tab 50mg,0407041T0AAAFAF,27,0.0
111,D82064,Atorvastatin_Tab 10mg,0212000B0AAAAAA,329,69.5856
112,D82064,Atorvastatin_Tab 20mg,0212000B0AAABAB,320,90.21020000000004
113,D82064,Atorvastatin_Tab 40mg,0212000B0AAACAC,1,0.0033000000000000945
114,D82064,Clonazepam_Tab 500mcg,0408010F0AAABAB,24,12.344599999999975
115,D82064,Gabapentin_Cap 300mg,0408010G0AAABAB,7,0.011100000000000707
116,D82064,Memantine HCl_Tab 20mg,0411000G0AAADAD,18,63.907199999999996
117,D82064,Omeprazole_Cap E/C 20mg,0103050P0AAAAAA,487,1.3648999999999454
118,D82064,Paracet_Tab 500mg,0407010H0AAAMAM,492,9.584000000000108
119,D82064,Sumatriptan_Tab 50mg,0407041T0AAAFAF,50,55.007999999999996
120,D82078,Clonazepam_Tab 500mcg,0408010F0AAABAB,10,4.9945999999999895
121,D82078,Gabapentin_Cap 300mg,0408010G0AAABAB,5,0.01120000000000032
122,D82078,Omeprazole_Cap E/C 20mg,0103050P0AAAAAA,1,0.0014999999999999389
123,D82078,Paracet_Tab 500mg,0407010H0AAAMAM,252,44.03520000000001
124,D82078,Sumatriptan_Tab 50mg,0407041T0AAAFAF,31,0.0
125,D82084,Atorvastatin_Tab 10mg,0212000B0AAAAAA,424,34.3497
126,D82084,Clonazepam_Tab 500mcg,0408010F0AAABAB,14,5.073699999999989
127,D82084,Gabapentin_Cap 300mg,0408010G0AAABAB,7,0.017900000000000388
128,D82084,Omeprazole_Cap E/C 20mg,0103050P0AAAAAA,61,3.3648999999999916
129,D82084,Paracet_Tab 500mg,0407010H0AAAMAM,414,42.16920000000002
130,D82084,Sumatriptan_Tab 50mg,0407041T0AAAFAF,20,0.0
131,D82085,Clonazepam_Tab 500mcg,0408010F0AAABAB,34,9.203399999999982
132,D82085,Gabapentin_Cap 300mg,0408010G0AAABAB,4,0.024000000000000687
133,D82085,Omeprazole_Cap E/C 20mg,0103050P0AAAAAA,9,0.04409999999999995
134,D82085,Paracet_Tab 500mg,0407010H0AAAMAM,4,-0.01839999999999993
135,D82085,Sumatriptan_Tab 50mg,0407041T0AAAFAF,13,0.0
136,D82100,Atorvastatin_Tab 10mg,0212000B0AAAAAA,8,0.016800000000000093
137,D82100,Clonazepam_Tab 500mcg,0408010F0AAABAB,11,5.943799999999988
138,D82100,Gabapentin_Cap 300mg,0408010G0AAABAB,3,0.003400000000000486
139,D82100,Omeprazole_Cap E/C 20mg,0103050P0AAAAAA,4,0.01959999999999998
140,D82100,Paracet_Tab 500mg,0407010H0AAAMAM,26,-0.14559999999999912
141,D82100,Sumatriptan_Tab 50mg,0407041T0AAAFAF,6,0.0
142,D82624,Atorvastatin_Tab 10mg,0212000B0AAAAAA,69,11.652000000000005
143,D82624,Atorvastatin_Tab 20mg,0212000B0AAABAB,1,-0.0029999999999998778
144,D82624,Atorvastatin_Tab 40mg,0212000B0AAACAC,53,111.2664
145,D82624,Clonazepam_Tab 500mcg,0408010F0AAABAB,10,6.369999999999987
146,D82624,Gabapentin_Cap 300mg,0408010G0AAABAB,17,85.66520000000001
147,D82624,Memantine HCl_Tab 20mg,0411000G0AAADAD,8,0.03919999999999996
148,D82624,Omeprazole_Cap E/C 20mg,0103050P0AAAAAA,70,30.209399999999995
149,D82624,Sumatriptan_Tab 50mg,0407041T0AAAFAF,18,55.0044
150,Y01690,Clonazepam_Tab 500mcg,0408010F0AAABAB,8,8.181199999999983
151,Y01690,Gabapentin_Cap 300mg,0408010G0AAABAB,1,0.00280000000000008
152,Y01690,Omeprazole_Cap E/C 20mg,0103050P0AAAAAA,11,0.051999999999999824
153,Y01690,Paracet_Tab 500mg,0407010H0AAAMAM,66,40.260000000000005
154,Y01690,Sumatriptan_Tab 50mg,0407041T0AAAFAF,4,0.0
155,Y05291,Atorvastatin_Tab 10mg,0212000B0AAAAAA,23,23.269400000000005
156,Y05291,Atorvastatin_Tab 20mg,0212000B0AAABAB,136,22.46720000000001
157,Y05291,Clonazepam_Tab 500mcg,0408010F0AAABAB,9,4.339199999999991
158,Y05291,Gabapentin_Cap 300mg,0408010G0AAABAB,16,0.038000000000001866
159,Y05291,Omeprazole_Cap E/C 20mg,0103050P0AAAAAA,74,8.855599999999999
160,Y05291,Paracet_Tab 500mg,0407010H0AAAMAM,218,1.2847999999999926
161,Y05291,Sumatriptan_Tab 50mg,0407041T0AAAFAF,11,0.0
