,practice_code,bnf_description,bnf_code,items,excess_cost
0,B81065,Memantine HCl_Tab 20mg,0411000G0AAADAD,13,191.68239999999997
1,B81007,Memantine HCl_Tab 20mg,0411000G0AAADAD,8,127.792
136,B81065,Lamotrigine_Tab Disper 5mg S/F,0408010H0AAAPAP,1,90.82079999999998
139,B81090,Atorvastatin_Tab 20mg,0212000B0AAABAB,173,90.09840000000003
328,B81022,Pregabalin_Cap 25mg,0408010AEAAAAAA,2,89.4264
339,B81113,Aripiprazole_Tab 10mg,0402010ADAAAAAA,2,87.2312
144,B81090,Aripiprazole_Tab 5mg,0402010ADAAADAD,4,86.184
145,B81022,Aripiprazole_Tab 5mg,0402010ADAAADAD,4,86.184
137,B81099,Lamotrigine_Tab Disper 5mg S/F,0408010H0AAAPAP,1,75.68399999999998
140,Y02787,Atorvastatin_Tab 20mg,0212000B0AAABAB,104,67.84960000000001
273,B81045,Lansoprazole_Cap 30mg (E/C Gran),0103050L0AAAAAA,418,50.32720000000006
138,B81005,Lamotrigine_Tab Disper 5mg S/F,0408010H0AAAPAP,1,45.41039999999999
345,B81026,Paracet_Tab Solb 500mg,0407010H0AAAQAQ,16,36.80000000000001
346,B81026,Paracet_Tab Solb 500mg,0407010H0AAAQAQ,16,36.80000000000001
274,B81064,Lansoprazole_Cap 30mg (E/C Gran),0103050L0AAAAAA,248,22.91520000000003
8,B81065,Paracet_Tab 500mg,0407010H0AAAMAM,68,22.84800000000002
9,B81065,Paracet_Tab 500mg,0407010H0AAAMAM,68,22.84800000000002
10,B81007,Paracet_Tab 500mg,0407010H0AAAMAM,42,22.579200000000025
11,B81007,Paracet_Tab 500mg,0407010H0AAAMAM,42,22.579200000000025
141,B81026,Atorvastatin_Tab 20mg,0212000B0AAABAB,730,22.484000000000076
275,B81065,Lansoprazole_Cap 30mg (E/C Gran),0103050L0AAAAAA,465,22.134
12,B81005,Paracet_Tab 500mg,0407010H0AAAMAM,283,16.979999999999997
13,B81005,Paracet_Tab 500mg,0407010H0AAAMAM,283,16.979999999999997
14,B81045,Paracet_Tab 500mg,0407010H0AAAMAM,393,11.790000000000065
15,B81045,Paracet_Tab 500mg,0407010H0AAAMAM,393,11.790000000000065
16,B81113,Paracet_Tab 500mg,0407010H0AAAMAM,9,11.289600000000002
17,B81113,Paracet_Tab 500mg,0407010H0AAAMAM,9,11.289600000000002
19,B81007,Paracet_Tab 500mg,0407010H0AAAMAM,67,10.720000000000027
18,B81007,Paracet_Tab 500mg,0407010H0AAAMAM,67,10.720000000000027
20,B81065,Paracet_Tab 500mg,0407010H0AAAMAM,235,9.400000000000025
21,B81065,Paracet_Tab 500mg,0407010H0AAAMAM,235,9.400000000000025
153,B81113,Clonazepam_Tab 500mcg,0408010F0AAABAB,5,5.649999999999988
22,B81099,Paracet_Tab 500mg,0407010H0AAAMAM,175,5.250000000000029
23,B81099,Paracet_Tab 500mg,0407010H0AAAMAM,175,5.250000000000029
154,B81043,Clonazepam_Tab 500mcg,0408010F0AAABAB,8,5.06239999999999
25,B81064,Paracet_Tab 500mg,0407010H0AAAMAM,5,4.9559999999999995
24,B81064,Paracet_Tab 500mg,0407010H0AAAMAM,5,4.9559999999999995
27,B81022,Paracet_Tab 500mg,0407010H0AAAMAM,7,4.838400000000001
26,B81022,Paracet_Tab 500mg,0407010H0AAAMAM,7,4.838400000000001
29,B81022,Paracet_Tab 500mg,0407010H0AAAMAM,224,4.48000000000005
28,B81022,Paracet_Tab 500mg,0407010H0AAAMAM,224,4.48000000000005
30,B81113,Paracet_Tab 500mg,0407010H0AAAMAM,83,4.150000000000004
31,B81113,Paracet_Tab 500mg,0407010H0AAAMAM,83,4.150000000000004
155,B81026,Clonazepam_Tab 500mcg,0408010F0AAABAB,13,4.113199999999992
156,B81109,Clonazepam_Tab 500mcg,0408010F0AAABAB,2,4.067999999999992
158,B81026,Clonazepam_Tab 500mcg,0408010F0AAABAB,6,3.796799999999992
157,B81045,Clonazepam_Tab 500mcg,0408010F0AAABAB,6,3.796799999999992
276,B81045,Lansoprazole_Cap 30mg (E/C Gran),0103050L0AAAAAA,42,3.76320000000001
32,B81045,Paracet_Tab 500mg,0407010H0AAAMAM,2,3.2256000000000005
33,B81045,Paracet_Tab 500mg,0407010H0AAAMAM,2,3.2256000000000005
34,B81113,Paracet_Tab 500mg,0407010H0AAAMAM,32,3.200000000000003
35,B81113,Paracet_Tab 500mg,0407010H0AAAMAM,32,3.200000000000003
159,B81099,Clonazepam_Tab 500mcg,0408010F0AAABAB,5,3.1639999999999935
160,B81064,Clonazepam_Tab 500mcg,0408010F0AAABAB,1,3.050999999999994
162,B81647,Clonazepam_Tab 500mcg,0408010F0AAABAB,1,2.847599999999994
161,B81026,Clonazepam_Tab 500mcg,0408010F0AAABAB,3,2.847599999999994
163,B81109,Clonazepam_Tab 500mcg,0408010F0AAABAB,3,2.847599999999994
164,B81065,Clonazepam_Tab 500mcg,0408010F0AAABAB,6,2.587199999999995
168,B81026,Clonazepam_Tab 500mcg,0408010F0AAABAB,2,2.531199999999995
167,B81043,Clonazepam_Tab 500mcg,0408010F0AAABAB,8,2.531199999999995
166,B81045,Clonazepam_Tab 500mcg,0408010F0AAABAB,8,2.531199999999995
165,B81063,Clonazepam_Tab 500mcg,0408010F0AAABAB,4,2.531199999999995
169,B81113,Clonazepam_Tab 500mcg,0408010F0AAABAB,3,2.372999999999995
170,B81005,Clonazepam_Tab 500mcg,0408010F0AAABAB,2,2.2599999999999953
171,B81045,Clonazepam_Tab 500mcg,0408010F0AAABAB,3,2.033999999999996
172,B81113,Clonazepam_Tab 500mcg,0408010F0AAABAB,3,2.033999999999996
173,B81065,Clonazepam_Tab 500mcg,0408010F0AAABAB,3,2.033999999999996
174,B81005,Clonazepam_Tab 500mcg,0408010F0AAABAB,4,1.9039999999999893
176,B81065,Clonazepam_Tab 500mcg,0408010F0AAABAB,1,1.898399999999996
177,B81099,Clonazepam_Tab 500mcg,0408010F0AAABAB,2,1.898399999999996
175,B81064,Clonazepam_Tab 500mcg,0408010F0AAABAB,2,1.898399999999996
277,B81647,Lansoprazole_Cap 30mg (E/C Gran),0103050L0AAAAAA,90,1.763999999999998
180,B81099,Clonazepam_Tab 500mcg,0408010F0AAABAB,5,1.5819999999999967
178,B81109,Clonazepam_Tab 500mcg,0408010F0AAABAB,1,1.5819999999999967
179,B81022,Clonazepam_Tab 500mcg,0408010F0AAABAB,5,1.5819999999999967
181,B81617,Clonazepam_Tab 500mcg,0408010F0AAABAB,2,1.3559999999999972
183,B81026,Clonazepam_Tab 500mcg,0408010F0AAABAB,4,1.3559999999999972
184,B81064,Clonazepam_Tab 500mcg,0408010F0AAABAB,1,1.3559999999999972
185,B81090,Clonazepam_Tab 500mcg,0408010F0AAABAB,2,1.3559999999999972
182,B81005,Clonazepam_Tab 500mcg,0408010F0AAABAB,1,1.3559999999999972
187,B81007,Clonazepam_Tab 500mcg,0408010F0AAABAB,2,1.2655999999999974
194,B81090,Clonazepam_Tab 500mcg,0408010F0AAABAB,4,1.2655999999999974
200,B81065,Clonazepam_Tab 500mcg,0408010F0AAABAB,1,1.2655999999999974
199,B81109,Clonazepam_Tab 500mcg,0408010F0AAABAB,4,1.2655999999999974
198,B81118,Clonazepam_Tab 500mcg,0408010F0AAABAB,2,1.2655999999999974
197,B81113,Clonazepam_Tab 500mcg,0408010F0AAABAB,1,1.2655999999999974
196,B81064,Clonazepam_Tab 500mcg,0408010F0AAABAB,2,1.2655999999999974
195,B81005,Clonazepam_Tab 500mcg,0408010F0AAABAB,4,1.2655999999999974
186,B81617,Clonazepam_Tab 500mcg,0408010F0AAABAB,2,1.2655999999999974
193,B81099,Clonazepam_Tab 500mcg,0408010F0AAABAB,1,1.2655999999999974
191,B81063,Clonazepam_Tab 500mcg,0408010F0AAABAB,4,1.2655999999999974
190,B81109,Clonazepam_Tab 500mcg,0408010F0AAABAB,1,1.2655999999999974
189,B81005,Clonazepam_Tab 500mcg,0408010F0AAABAB,1,1.2655999999999974
188,B81022,Clonazepam_Tab 500mcg,0408010F0AAABAB,2,1.2655999999999974
192,B81109,Clonazepam_Tab 500mcg,0408010F0AAABAB,2,1.2655999999999974
203,B81109,Clonazepam_Tab 500mcg,0408010F0AAABAB,1,1.1299999999999977
205,B81064,Clonazepam_Tab 500mcg,0408010F0AAABAB,1,1.1299999999999977
204,B81007,Clonazepam_Tab 500mcg,0408010F0AAABAB,1,1.1299999999999977
201,B81648,Clonazepam_Tab 500mcg,0408010F0AAABAB,1,1.1299999999999977
202,B81043,Clonazepam_Tab 500mcg,0408010F0AAABAB,1,1.1299999999999977
206,B81022,Clonazepam_Tab 500mcg,0408010F0AAABAB,7,1.1073999999999977
208,B81065,Clonazepam_Tab 500mcg,0408010F0AAABAB,1,1.016999999999998
207,B81063,Clonazepam_Tab 500mcg,0408010F0AAABAB,1,1.016999999999998
209,B81005,Clonazepam_Tab 500mcg,0408010F0AAABAB,3,1.016999999999998
210,B81648,Clonazepam_Tab 500mcg,0408010F0AAABAB,1,1.016999999999998
211,B81026,Clonazepam_Tab 500mcg,0408010F0AAABAB,1,1.016999999999998
217,B81005,Clonazepam_Tab 500mcg,0408010F0AAABAB,6,0.949199999999998
220,B81617,Clonazepam_Tab 500mcg,0408010F0AAABAB,4,0.949199999999998
219,B81026,Clonazepam_Tab 500mcg,0408010F0AAABAB,2,0.949199999999998
218,Y02787,Clonazepam_Tab 500mcg,0408010F0AAABAB,1,0.949199999999998
223,B81090,Clonazepam_Tab 500mcg,0408010F0AAABAB,1,0.949199999999998
216,B81064,Clonazepam_Tab 500mcg,0408010F0AAABAB,3,0.949199999999998
215,B81113,Clonazepam_Tab 500mcg,0408010F0AAABAB,3,0.949199999999998
214,B81118,Clonazepam_Tab 500mcg,0408010F0AAABAB,3,0.949199999999998
212,B81617,Clonazepam_Tab 500mcg,0408010F0AAABAB,3,0.949199999999998
213,B81005,Clonazepam_Tab 500mcg,0408010F0AAABAB,4,0.949199999999998
222,B81647,Clonazepam_Tab 500mcg,0408010F0AAABAB,1,0.949199999999998
221,B81109,Clonazepam_Tab 500mcg,0408010F0AAABAB,12,0.949199999999998
225,B81045,Clonazepam_Tab 500mcg,0408010F0AAABAB,5,0.7909999999999984
224,B81099,Clonazepam_Tab 500mcg,0408010F0AAABAB,5,0.7909999999999984
226,Y02787,Clonazepam_Tab 500mcg,0408010F0AAABAB,5,0.7909999999999984
227,B81026,Clonazepam_Tab 500mcg,0408010F0AAABAB,1,0.6779999999999986
229,B81043,Clonazepam_Tab 500mcg,0408010F0AAABAB,1,0.6779999999999986
230,Y02787,Clonazepam_Tab 500mcg,0408010F0AAABAB,1,0.6779999999999986
231,B81113,Clonazepam_Tab 500mcg,0408010F0AAABAB,2,0.6779999999999986
232,B81648,Clonazepam_Tab 500mcg,0408010F0AAABAB,1,0.6779999999999986
228,B81007,Clonazepam_Tab 500mcg,0408010F0AAABAB,2,0.6779999999999986
238,B81007,Clonazepam_Tab 500mcg,0408010F0AAABAB,2,0.6327999999999987
233,B81113,Clonazepam_Tab 500mcg,0408010F0AAABAB,1,0.6327999999999987
234,B81647,Clonazepam_Tab 500mcg,0408010F0AAABAB,1,0.6327999999999987
235,B81109,Clonazepam_Tab 500mcg,0408010F0AAABAB,4,0.6327999999999987
236,B81065,Clonazepam_Tab 500mcg,0408010F0AAABAB,1,0.6327999999999987
237,B81648,Clonazepam_Tab 500mcg,0408010F0AAABAB,1,0.6327999999999987
239,B81647,Clonazepam_Tab 500mcg,0408010F0AAABAB,2,0.6327999999999987
278,B81090,Lansoprazole_Cap 30mg (E/C Gran),0103050L0AAAAAA,207,0.5796000000000165
241,B81064,Clonazepam_Tab 500mcg,0408010F0AAABAB,1,0.5699999999999983
240,B81045,Clonazepam_Tab 500mcg,0408010F0AAABAB,1,0.5699999999999983
242,Y02787,Clonazepam_Tab 500mcg,0408010F0AAABAB,7,0.5536999999999989
243,B81005,Clonazepam_Tab 500mcg,0408010F0AAABAB,1,0.5129999999999985
244,B81109,Clonazepam_Tab 500mcg,0408010F0AAABAB,4,0.48839999999999995
245,B81647,Clonazepam_Tab 500mcg,0408010F0AAABAB,1,0.474599999999999
246,B81005,Clonazepam_Tab 500mcg,0408010F0AAABAB,1,0.474599999999999
247,B81026,Clonazepam_Tab 500mcg,0408010F0AAABAB,28,0.4368000000000001
248,B81022,Clonazepam_Tab 500mcg,0408010F0AAABAB,5,0.3954999999999992
279,B81022,Lansoprazole_Cap 30mg (E/C Gran),0103050L0AAAAAA,186,0.39060000000000217
280,B81109,Lansoprazole_Cap 30mg (E/C Gran),0103050L0AAAAAA,132,0.36960000000000415
252,B81099,Clonazepam_Tab 500mcg,0408010F0AAABAB,1,0.3389999999999993
254,Y02787,Clonazepam_Tab 500mcg,0408010F0AAABAB,1,0.3389999999999993
253,B81045,Clonazepam_Tab 500mcg,0408010F0AAABAB,1,0.3389999999999993
249,B81022,Clonazepam_Tab 500mcg,0408010F0AAABAB,1,0.3389999999999993
251,B81065,Clonazepam_Tab 500mcg,0408010F0AAABAB,1,0.3389999999999993
250,B81109,Clonazepam_Tab 500mcg,0408010F0AAABAB,1,0.3389999999999993
36,B81026,Paracet_Tab 500mg,0407010H0AAAMAM,53,0.31799999999999806
37,B81026,Paracet_Tab 500mg,0407010H0AAAMAM,53,0.31799999999999806
255,B81005,Clonazepam_Tab 500mcg,0408010F0AAABAB,4,0.31639999999999935
256,B81043,Clonazepam_Tab 500mcg,0408010F0AAABAB,2,0.31639999999999935
257,B81648,Clonazepam_Tab 500mcg,0408010F0AAABAB,1,0.31639999999999935
258,B81648,Clonazepam_Tab 500mcg,0408010F0AAABAB,4,0.31639999999999935
259,B81628,Clonazepam_Tab 500mcg,0408010F0AAABAB,1,0.31639999999999935
260,B81064,Clonazepam_Tab 500mcg,0408010F0AAABAB,1,0.22199999999999998
281,B81005,Lansoprazole_Cap 30mg (E/C Gran),0103050L0AAAAAA,73,0.2044000000000023
261,B81026,Clonazepam_Tab 500mcg,0408010F0AAABAB,1,0.174
263,B81109,Clonazepam_Tab 500mcg,0408010F0AAABAB,1,0.174
262,B81022,Clonazepam_Tab 500mcg,0408010F0AAABAB,1,0.174
264,B81113,Clonazepam_Tab 500mcg,0408010F0AAABAB,1,0.15819999999999967
265,B81026,Clonazepam_Tab 500mcg,0408010F0AAABAB,1,0.15819999999999967
266,B81065,Clonazepam_Tab 500mcg,0408010F0AAABAB,1,0.15819999999999967
282,B81109,Lansoprazole_Cap 30mg (E/C Gran),0103050L0AAAAAA,28,0.15680000000000177
283,B81628,Lansoprazole_Cap 30mg (E/C Gran),0103050L0AAAAAA,53,0.14840000000000167
267,B81005,Clonazepam_Tab 500mcg,0408010F0AAABAB,3,0.12719999999999998
284,B81007,Lansoprazole_Cap 30mg (E/C Gran),0103050L0AAAAAA,42,0.11760000000000133
285,B81022,Lansoprazole_Cap 30mg (E/C Gran),0103050L0AAAAAA,19,0.1064000000000012
286,B81648,Lansoprazole_Cap 30mg (E/C Gran),0103050L0AAAAAA,32,0.08960000000000101
287,B81617,Lansoprazole_Cap 30mg (E/C Gran),0103050L0AAAAAA,31,0.08680000000000099
268,B81045,Clonazepam_Tab 500mcg,0408010F0AAABAB,2,0.08479999999999999
269,B81118,Clonazepam_Tab 500mcg,0408010F0AAABAB,1,0.07909999999999984
270,B81045,Clonazepam_Tab 500mcg,0408010F0AAABAB,1,0.07909999999999984
288,B81005,Lansoprazole_Cap 30mg (E/C Gran),0103050L0AAAAAA,14,0.07840000000000089
3,B81022,Memantine HCl_Tab 20mg,0411000G0AAADAD,14,0.06859999999999992
2,B81109,Memantine HCl_Tab 20mg,0411000G0AAADAD,14,0.06859999999999992
289,B81099,Lansoprazole_Cap 30mg (E/C Gran),0103050L0AAAAAA,23,0.06440000000000073
290,B81063,Lansoprazole_Cap 30mg (E/C Gran),0103050L0AAAAAA,22,0.061600000000000696
38,B81026,Paracet_Tab 500mg,0407010H0AAAMAM,4,0.05120000000000058
39,B81026,Paracet_Tab 500mg,0407010H0AAAMAM,4,0.05120000000000058
146,B81109,Aripiprazole_Tab 5mg,0402010ADAAADAD,12,0.05039999999999911
41,B81045,Paracet_Tab 500mg,0407010H0AAAMAM,8,0.04799999999999971
40,B81045,Paracet_Tab 500mg,0407010H0AAAMAM,8,0.04799999999999971
293,B81007,Lansoprazole_Cap 30mg (E/C Gran),0103050L0AAAAAA,8,0.044800000000000506
294,B81099,Lansoprazole_Cap 30mg (E/C Gran),0103050L0AAAAAA,8,0.044800000000000506
292,B81113,Lansoprazole_Cap 30mg (E/C Gran),0103050L0AAAAAA,8,0.044800000000000506
291,B81648,Lansoprazole_Cap 30mg (E/C Gran),0103050L0AAAAAA,8,0.044800000000000506
295,B81647,Lansoprazole_Cap 30mg (E/C Gran),0103050L0AAAAAA,15,0.042000000000000474
296,B81064,Lansoprazole_Cap 30mg (E/C Gran),0103050L0AAAAAA,7,0.03920000000000044
297,B81026,Lansoprazole_Cap 30mg (E/C Gran),0103050L0AAAAAA,7,0.03920000000000044
4,B81063,Memantine HCl_Tab 20mg,0411000G0AAADAD,8,0.03919999999999996
271,B81064,Clonazepam_Tab 500mcg,0408010F0AAABAB,1,0.03689999999999993
42,B81090,Paracet_Tab 500mg,0407010H0AAAMAM,6,0.03599999999999978
43,B81090,Paracet_Tab 500mg,0407010H0AAAMAM,6,0.03599999999999978
299,B81045,Lansoprazole_Cap 30mg (E/C Gran),0103050L0AAAAAA,12,0.03360000000000038
298,B81043,Lansoprazole_Cap 30mg (E/C Gran),0103050L0AAAAAA,6,0.03360000000000038
44,B81648,Paracet_Tab 500mg,0407010H0AAAMAM,8,0.0335999999999998
45,B81648,Paracet_Tab 500mg,0407010H0AAAMAM,8,0.0335999999999998
329,B81005,Pregabalin_Cap 25mg,0408010AEAAAAAA,8,0.03359999999999941
300,B81026,Lansoprazole_Cap 30mg (E/C Gran),0103050L0AAAAAA,11,0.030800000000000348
46,B81648,Paracet_Tab 500mg,0407010H0AAAMAM,11,0.030799999999999814
47,B81648,Paracet_Tab 500mg,0407010H0AAAMAM,11,0.030799999999999814
49,B81617,Paracet_Tab 500mg,0407010H0AAAMAM,5,0.02999999999999982
48,B81617,Paracet_Tab 500mg,0407010H0AAAMAM,5,0.02999999999999982
5,B81628,Memantine HCl_Tab 20mg,0411000G0AAADAD,6,0.029399999999999968
301,B81113,Lansoprazole_Cap 30mg (E/C Gran),0103050L0AAAAAA,9,0.025200000000000285
50,B81022,Paracet_Tab 500mg,0407010H0AAAMAM,4,0.023999999999999855
51,B81022,Paracet_Tab 500mg,0407010H0AAAMAM,4,0.023999999999999855
340,B81109,Aripiprazole_Tab 10mg,0402010ADAAAAAA,4,0.02240000000000064
341,B81005,Aripiprazole_Tab 10mg,0402010ADAAAAAA,4,0.02240000000000064
302,B81043,Lansoprazole_Cap 30mg (E/C Gran),0103050L0AAAAAA,8,0.022400000000000253
303,B81090,Lansoprazole_Cap 30mg (E/C Gran),0103050L0AAAAAA,4,0.022400000000000253
304,B81617,Lansoprazole_Cap 30mg (E/C Gran),0103050L0AAAAAA,4,0.022400000000000253
52,B81007,Paracet_Tab 500mg,0407010H0AAAMAM,8,0.022399999999999864
53,B81007,Paracet_Tab 500mg,0407010H0AAAMAM,8,0.022399999999999864
6,B81005,Memantine HCl_Tab 20mg,0411000G0AAADAD,4,0.01959999999999998
7,B81113,Memantine HCl_Tab 20mg,0411000G0AAADAD,4,0.01959999999999998
305,Y02787,Lansoprazole_Cap 30mg (E/C Gran),0103050L0AAAAAA,3,0.01680000000000019
330,B81628,Pregabalin_Cap 25mg,0408010AEAAAAAA,4,0.016799999999999704
331,B81109,Pregabalin_Cap 25mg,0408010AEAAAAAA,4,0.016799999999999704
332,B81090,Pregabalin_Cap 25mg,0408010AEAAAAAA,4,0.016799999999999704
54,B81005,Paracet_Tab 500mg,0407010H0AAAMAM,3,0.012599999999999924
57,B81617,Paracet_Tab 500mg,0407010H0AAAMAM,3,0.012599999999999924
56,B81617,Paracet_Tab 500mg,0407010H0AAAMAM,3,0.012599999999999924
55,B81005,Paracet_Tab 500mg,0407010H0AAAMAM,3,0.012599999999999924
334,B81026,Pregabalin_Cap 25mg,0408010AEAAAAAA,6,0.012599999999999778
333,B81617,Pregabalin_Cap 25mg,0408010AEAAAAAA,3,0.012599999999999778
63,B81090,Paracet_Tab 500mg,0407010H0AAAMAM,4,0.011999999999999927
62,B81063,Paracet_Tab 500mg,0407010H0AAAMAM,2,0.011999999999999927
61,B81065,Paracet_Tab 500mg,0407010H0AAAMAM,2,0.011999999999999927
60,B81090,Paracet_Tab 500mg,0407010H0AAAMAM,4,0.011999999999999927
59,B81065,Paracet_Tab 500mg,0407010H0AAAMAM,2,0.011999999999999927
58,B81063,Paracet_Tab 500mg,0407010H0AAAMAM,2,0.011999999999999927
306,B81045,Lansoprazole_Cap 30mg (E/C Gran),0103050L0AAAAAA,2,0.011200000000000127
307,B81065,Lansoprazole_Cap 30mg (E/C Gran),0103050L0AAAAAA,2,0.011200000000000127
66,Y02787,Paracet_Tab 500mg,0407010H0AAAMAM,2,0.011199999999999932
65,B81109,Paracet_Tab 500mg,0407010H0AAAMAM,4,0.011199999999999932
64,B81109,Paracet_Tab 500mg,0407010H0AAAMAM,4,0.011199999999999932
69,Y02787,Paracet_Tab 500mg,0407010H0AAAMAM,2,0.011199999999999932
67,B81022,Paracet_Tab 500mg,0407010H0AAAMAM,4,0.011199999999999932
68,B81022,Paracet_Tab 500mg,0407010H0AAAMAM,4,0.011199999999999932
71,B81022,Paracet_Tab 500mg,0407010H0AAAMAM,1,0.009199999999999944
70,B81022,Paracet_Tab 500mg,0407010H0AAAMAM,1,0.009199999999999944
309,B81022,Lansoprazole_Cap 30mg (E/C Gran),0103050L0AAAAAA,3,0.009000000000000258
308,B81026,Lansoprazole_Cap 30mg (E/C Gran),0103050L0AAAAAA,3,0.009000000000000258
310,B81090,Lansoprazole_Cap 30mg (E/C Gran),0103050L0AAAAAA,2,0.00840000000000024
312,Y02787,Lansoprazole_Cap 30mg (E/C Gran),0103050L0AAAAAA,3,0.008400000000000095
311,B81090,Lansoprazole_Cap 30mg (E/C Gran),0103050L0AAAAAA,3,0.008400000000000095
77,B81099,Paracet_Tab 500mg,0407010H0AAAMAM,2,0.00839999999999995
72,B81005,Paracet_Tab 500mg,0407010H0AAAMAM,3,0.00839999999999995
73,Y02787,Paracet_Tab 500mg,0407010H0AAAMAM,3,0.00839999999999995
74,B81005,Paracet_Tab 500mg,0407010H0AAAMAM,3,0.00839999999999995
75,B81099,Paracet_Tab 500mg,0407010H0AAAMAM,2,0.00839999999999995
76,Y02787,Paracet_Tab 500mg,0407010H0AAAMAM,3,0.00839999999999995
342,B81043,Aripiprazole_Tab 10mg,0402010ADAAAAAA,1,0.007000000000001172
314,B81065,Lansoprazole_Cap 30mg (E/C Gran),0103050L0AAAAAA,2,0.006000000000000172
313,B81113,Lansoprazole_Cap 30mg (E/C Gran),0103050L0AAAAAA,2,0.006000000000000172
80,B81099,Paracet_Tab 500mg,0407010H0AAAMAM,1,0.005999999999999964
81,B81064,Paracet_Tab 500mg,0407010H0AAAMAM,1,0.005999999999999964
79,B81065,Paracet_Tab 500mg,0407010H0AAAMAM,2,0.005999999999999964
89,B81065,Paracet_Tab 500mg,0407010H0AAAMAM,2,0.005999999999999964
87,B81005,Paracet_Tab 500mg,0407010H0AAAMAM,1,0.005999999999999964
86,B81005,Paracet_Tab 500mg,0407010H0AAAMAM,1,0.005999999999999964
85,B81113,Paracet_Tab 500mg,0407010H0AAAMAM,1,0.005999999999999964
84,B81064,Paracet_Tab 500mg,0407010H0AAAMAM,1,0.005999999999999964
83,B81118,Paracet_Tab 500mg,0407010H0AAAMAM,1,0.005999999999999964
82,B81113,Paracet_Tab 500mg,0407010H0AAAMAM,1,0.005999999999999964
88,B81099,Paracet_Tab 500mg,0407010H0AAAMAM,1,0.005999999999999964
78,B81118,Paracet_Tab 500mg,0407010H0AAAMAM,1,0.005999999999999964
315,B81647,Lansoprazole_Cap 30mg (E/C Gran),0103050L0AAAAAA,1,0.005600000000000063
316,Y00701,Lansoprazole_Cap 30mg (E/C Gran),0103050L0AAAAAA,1,0.005600000000000063
317,B81118,Lansoprazole_Cap 30mg (E/C Gran),0103050L0AAAAAA,1,0.005600000000000063
318,B81628,Lansoprazole_Cap 30mg (E/C Gran),0103050L0AAAAAA,1,0.005600000000000063
319,B81026,Lansoprazole_Cap 30mg (E/C Gran),0103050L0AAAAAA,1,0.00420000000000012
320,B81099,Lansoprazole_Cap 30mg (E/C Gran),0103050L0AAAAAA,1,0.00420000000000012
335,B81628,Pregabalin_Cap 25mg,0408010AEAAAAAA,1,0.0035999999999998533
321,B81022,Lansoprazole_Cap 30mg (E/C Gran),0103050L0AAAAAA,1,0.0035000000000001003
322,B81045,Lansoprazole_Cap 30mg (E/C Gran),0103050L0AAAAAA,1,0.003000000000000086
90,B81617,Paracet_Tab 500mg,0407010H0AAAMAM,1,0.002999999999999982
92,B81045,Paracet_Tab 500mg,0407010H0AAAMAM,1,0.002999999999999982
91,B81617,Paracet_Tab 500mg,0407010H0AAAMAM,1,0.002999999999999982
93,B81045,Paracet_Tab 500mg,0407010H0AAAMAM,1,0.002999999999999982
323,B81065,Lansoprazole_Cap 30mg (E/C Gran),0103050L0AAAAAA,1,0.0028000000000000316
95,B81064,Paracet_Tab 500mg,0407010H0AAAMAM,1,0.002799999999999983
94,B81064,Paracet_Tab 500mg,0407010H0AAAMAM,1,0.002799999999999983
147,Y02787,Aripiprazole_Tab 5mg,0402010ADAAADAD,1,-0.0012000000000000344
324,B81043,Lansoprazole_Cap 30mg (E/C Gran),0103050L0AAAAAA,1,-0.001999999999999988
325,B81043,Lansoprazole_Cap 30mg (E/C Gran),0103050L0AAAAAA,1,-0.0020999999999999144
348,B81617,Paracet_Tab Solb 500mg,0407010H0AAAQAQ,1,-0.0029999999999996696
350,B81007,Paracet_Tab Solb 500mg,0407010H0AAAQAQ,1,-0.0029999999999996696
349,B81617,Paracet_Tab Solb 500mg,0407010H0AAAQAQ,1,-0.0029999999999996696
347,B81007,Paracet_Tab Solb 500mg,0407010H0AAAQAQ,1,-0.0029999999999996696
143,B81113,Atorvastatin_Tab 20mg,0212000B0AAABAB,1,-0.0029999999999998778
142,B81065,Atorvastatin_Tab 20mg,0212000B0AAABAB,1,-0.0029999999999998778
336,B81113,Pregabalin_Cap 25mg,0408010AEAAAAAA,1,-0.003000000000000086
337,B81065,Pregabalin_Cap 25mg,0408010AEAAAAAA,1,-0.003000000000000086
352,B81065,Paracet_Tab Solb 500mg,0407010H0AAAQAQ,1,-0.0031999999999996476
351,B81065,Paracet_Tab Solb 500mg,0407010H0AAAQAQ,1,-0.0031999999999996476
343,Y02787,Aripiprazole_Tab 10mg,0402010ADAAAAAA,2,-0.004199999999999926
101,B81026,Paracet_Tab 500mg,0407010H0AAAMAM,1,-0.005599999999999966
97,B81113,Paracet_Tab 500mg,0407010H0AAAMAM,1,-0.005599999999999966
98,B81043,Paracet_Tab 500mg,0407010H0AAAMAM,1,-0.005599999999999966
99,B81043,Paracet_Tab 500mg,0407010H0AAAMAM,1,-0.005599999999999966
100,B81099,Paracet_Tab 500mg,0407010H0AAAMAM,1,-0.005599999999999966
96,B81113,Paracet_Tab 500mg,0407010H0AAAMAM,1,-0.005599999999999966
102,B81099,Paracet_Tab 500mg,0407010H0AAAMAM,1,-0.005599999999999966
103,B81026,Paracet_Tab 500mg,0407010H0AAAMAM,1,-0.005599999999999966
148,Y02787,Aripiprazole_Tab 5mg,0402010ADAAADAD,2,-0.00560000000000016
358,B81064,Paracet_Tab Solb 500mg,0407010H0AAAQAQ,1,-0.005999999999999339
353,B81648,Paracet_Tab Solb 500mg,0407010H0AAAQAQ,1,-0.005999999999999339
354,B81063,Paracet_Tab Solb 500mg,0407010H0AAAQAQ,1,-0.005999999999999339
355,B81064,Paracet_Tab Solb 500mg,0407010H0AAAQAQ,1,-0.005999999999999339
356,B81063,Paracet_Tab Solb 500mg,0407010H0AAAQAQ,1,-0.005999999999999339
357,B81648,Paracet_Tab Solb 500mg,0407010H0AAAQAQ,1,-0.005999999999999339
272,B81007,Clonazepam_Tab 500mcg,0408010F0AAABAB,1,-0.00600000000000267
105,B81065,Paracet_Tab 500mg,0407010H0AAAMAM,2,-0.011199999999999932
104,B81065,Paracet_Tab 500mg,0407010H0AAAMAM,2,-0.011199999999999932
149,B81099,Aripiprazole_Tab 5mg,0402010ADAAADAD,4,-0.01120000000000032
359,B81118,Paracet_Tab Solb 500mg,0407010H0AAAQAQ,2,-0.011999999999998678
360,B81118,Paracet_Tab Solb 500mg,0407010H0AAAQAQ,2,-0.011999999999998678
150,B81022,Aripiprazole_Tab 5mg,0402010ADAAADAD,5,-0.014000000000000401
344,B81109,Aripiprazole_Tab 10mg,0402010ADAAAAAA,8,-0.016799999999999704
338,Y02787,Pregabalin_Cap 25mg,0408010AEAAAAAA,4,-0.01680000000000048
361,B81043,Paracet_Tab Solb 500mg,0407010H0AAAQAQ,3,-0.017999999999998018
362,B81022,Paracet_Tab Solb 500mg,0407010H0AAAQAQ,3,-0.017999999999998018
363,B81022,Paracet_Tab Solb 500mg,0407010H0AAAQAQ,3,-0.017999999999998018
364,B81043,Paracet_Tab Solb 500mg,0407010H0AAAQAQ,3,-0.017999999999998018
151,B81099,Aripiprazole_Tab 5mg,0402010ADAAADAD,2,-0.018000000000003014
109,B81045,Paracet_Tab 500mg,0407010H0AAAMAM,4,-0.022399999999999864
111,B81628,Paracet_Tab 500mg,0407010H0AAAMAM,4,-0.022399999999999864
110,B81045,Paracet_Tab 500mg,0407010H0AAAMAM,4,-0.022399999999999864
106,B81617,Paracet_Tab 500mg,0407010H0AAAMAM,4,-0.022399999999999864
107,B81617,Paracet_Tab 500mg,0407010H0AAAMAM,4,-0.022399999999999864
108,B81628,Paracet_Tab 500mg,0407010H0AAAMAM,4,-0.022399999999999864
152,B81109,Aripiprazole_Tab 5mg,0402010ADAAADAD,9,-0.025200000000000722
113,B81063,Paracet_Tab 500mg,0407010H0AAAMAM,6,-0.0335999999999998
112,B81063,Paracet_Tab 500mg,0407010H0AAAMAM,6,-0.0335999999999998
114,B81090,Paracet_Tab 500mg,0407010H0AAAMAM,7,-0.03919999999999976
115,B81090,Paracet_Tab 500mg,0407010H0AAAMAM,7,-0.03919999999999976
117,B81648,Paracet_Tab 500mg,0407010H0AAAMAM,8,-0.04479999999999973
116,B81648,Paracet_Tab 500mg,0407010H0AAAMAM,8,-0.04479999999999973
119,B81022,Paracet_Tab 500mg,0407010H0AAAMAM,26,-0.14559999999999912
118,B81022,Paracet_Tab 500mg,0407010H0AAAMAM,26,-0.14559999999999912
120,B81007,Paracet_Tab 500mg,0407010H0AAAMAM,27,-0.15119999999999909
121,B81007,Paracet_Tab 500mg,0407010H0AAAMAM,27,-0.15119999999999909
122,B81005,Paracet_Tab 500mg,0407010H0AAAMAM,28,-0.15679999999999905
123,B81005,Paracet_Tab 500mg,0407010H0AAAMAM,28,-0.15679999999999905
125,B81109,Paracet_Tab 500mg,0407010H0AAAMAM,44,-0.2463999999999985
124,B81109,Paracet_Tab 500mg,0407010H0AAAMAM,44,-0.2463999999999985
326,B81064,Lansoprazole_Cap 30mg (E/C Gran),0103050L0AAAAAA,30,-0.33599999999999797
327,B81090,Lansoprazole_Cap 30mg (E/C Gran),0103050L0AAAAAA,8,-0.4703999999999995
126,B81022,Paracet_Tab 500mg,0407010H0AAAMAM,2,-0.512
127,B81022,Paracet_Tab 500mg,0407010H0AAAMAM,2,-0.512
129,Y02787,Paracet_Tab 500mg,0407010H0AAAMAM,22,-0.6599999999999998
128,Y02787,Paracet_Tab 500mg,0407010H0AAAMAM,22,-0.6599999999999998
131,B81648,Paracet_Tab 500mg,0407010H0AAAMAM,24,-0.7199999999999998
130,B81648,Paracet_Tab 500mg,0407010H0AAAMAM,24,-0.7199999999999998
133,B81026,Paracet_Tab 500mg,0407010H0AAAMAM,49,-0.9799999999999941
132,B81026,Paracet_Tab 500mg,0407010H0AAAMAM,49,-0.9799999999999941
135,B81022,Paracet_Tab 500mg,0407010H0AAAMAM,98,-1.9599999999999882
134,B81022,Paracet_Tab 500mg,0407010H0AAAMAM,98,-1.9599999999999882
