,practice_code,bnf_description,bnf_code,items,excess_cost
0,H83001,Amiodarone HCl_Tab 200mg,0203020D0AAABAB,5,1.0388000000000006
1,H83001,Clonazepam_Tab 500mcg,0408010F0AAABAB,25,11.250799999999977
2,H83001,Co-Codamol_Tab 8mg/500mg,0407010F0AAAAAA,16,0.07999999999999952
3,H83004,Amiodarone HCl_Tab 200mg,0203020D0AAABAB,7,2.438800000000002
4,H83004,Clonazepam_Tab 500mcg,0408010F0AAABAB,14,5.977699999999989
5,H83004,Co-Codamol_Tab 8mg/500mg,0407010F0AAAAAA,6,0.0167999999999999
6,H83004,Diltiazem HCl_Tab 60mg M/R,0206020C0AAAAAA,1,0.7392000000000025
7,H83004,Mesalazine_Tab E/C 400mg,0105010B0AAAAAA,11,29.37559999999999
8,H83004,Mesalazine_Tab E/C 800mg,0105010B0AAASAS,2,-36.89999999999999
9,H83004,Pyridox HCl_Tab 50mg,0906024N0AAAIAI,2,2.3940000000000006
10,H83005,Amiodarone HCl_Tab 200mg,0203020D0AAABAB,1,0.7000000000000006
11,H83005,Clonazepam_Tab 500mcg,0408010F0AAABAB,8,3.819399999999992
12,H83005,Mesalazine_Tab E/C 400mg,0105010B0AAAAAA,2,-102.67199999999998
13,H83006,Amiodarone HCl_Tab 200mg,0203020D0AAABAB,22,2.478700000000001
14,H83006,Clonazepam_Tab 500mcg,0408010F0AAABAB,11,5.503099999999988
15,H83006,Co-Codamol_Tab 8mg/500mg,0407010F0AAAAAA,34,111.70159999999998
16,H83006,Diltiazem HCl_Tab 60mg M/R,0206020C0AAAAAA,1,0.24640000000000084
17,H83006,Mesalazine_Tab E/C 400mg,0105010B0AAAAAA,2,13.689599999999999
18,H83006,Mesalazine_Tab E/C 800mg,0105010B0AAASAS,1,34.43999999999999
19,H83006,Pyridox HCl_Tab 50mg,0906024N0AAAIAI,1,0.9576000000000002
20,H83006,Topiramate_Tab 200mg,040801050AAACAC,1,4.647999999999998
21,H83007,Amiodarone HCl_Tab 200mg,0203020D0AAABAB,2,0.7000000000000006
22,H83007,Clonazepam_Tab 500mcg,0408010F0AAABAB,23,11.073999999999977
23,H83007,Diltiazem HCl_Tab 60mg M/R,0206020C0AAAAAA,4,0.23520000000000207
24,H83007,Mesalazine_Tab E/C 400mg,0105010B0AAAAAA,4,35.935199999999995
25,H83007,Pyridox HCl_Tab 50mg,0906024N0AAAIAI,1,0.4788000000000001
26,H83007,Topiramate_Tab 200mg,040801050AAACAC,4,4.370099999999996
27,H83008,Amiodarone HCl_Tab 200mg,0203020D0AAABAB,1,0.7000000000000006
28,H83008,Clonazepam_Tab 500mcg,0408010F0AAABAB,12,3.5707999999999926
29,H83008,Co-Codamol_Tab 8mg/500mg,0407010F0AAAAAA,2,0.005599999999999966
30,H83009,Amiodarone HCl_Tab 200mg,0203020D0AAABAB,7,1.388800000000001
31,H83009,Clonazepam_Tab 500mcg,0408010F0AAABAB,9,2.892799999999994
32,H83009,Co-Codamol_Tab 8mg/500mg,0407010F0AAAAAA,16,0.07999999999999952
33,H83009,Diltiazem HCl_Tab 60mg M/R,0206020C0AAAAAA,4,0.23520000000000207
34,H83009,Mesalazine_Tab E/C 400mg,0105010B0AAAAAA,16,23.9232
35,H83009,Pyridox HCl_Tab 50mg,0906024N0AAAIAI,1,8.618400000000001
36,H83010,Amiodarone HCl_Tab 200mg,0203020D0AAABAB,1,0.7000000000000006
37,H83010,Clonazepam_Tab 500mcg,0408010F0AAABAB,3,1.5819999999999967
38,H83010,Co-Codamol_Tab 8mg/500mg,0407010F0AAAAAA,12,0.05999999999999964
39,H83010,Mesalazine_Tab E/C 400mg,0105010B0AAAAAA,1,8.556
40,H83011,Clonazepam_Tab 500mcg,0408010F0AAABAB,10,2.847599999999994
41,H83011,Co-Codamol_Tab 8mg/500mg,0407010F0AAAAAA,2,0.00999999999999994
42,H83011,Mesalazine_Tab E/C 800mg,0105010B0AAASAS,1,45.91999999999999
43,H83012,Amiodarone HCl_Tab 200mg,0203020D0AAABAB,9,1.3776000000000006
44,H83012,Clonazepam_Tab 500mcg,0408010F0AAABAB,10,4.74599999999999
45,H83012,Co-Codamol_Tab 8mg/500mg,0407010F0AAAAAA,2,0.00999999999999994
46,H83012,Diltiazem HCl_Tab 60mg M/R,0206020C0AAAAAA,1,0.5040000000000004
47,H83012,Mesalazine_Tab E/C 400mg,0105010B0AAAAAA,5,21.675199999999997
48,H83012,Mesalazine_Tab E/C 800mg,0105010B0AAASAS,5,34.44000000000001
49,H83012,Pyridox HCl_Tab 50mg,0906024N0AAAIAI,6,0.7182000000000002
50,H83012,Topiramate_Tab 200mg,040801050AAACAC,5,2.8840000000000012
51,H83013,Amiodarone HCl_Tab 200mg,0203020D0AAABAB,3,1.7500000000000016
52,H83013,Clonazepam_Tab 500mcg,0408010F0AAABAB,10,7.277199999999985
53,H83013,Diltiazem HCl_Tab 60mg M/R,0206020C0AAAAAA,4,1.7584000000000022
54,H83013,Mesalazine_Tab E/C 400mg,0105010B0AAAAAA,3,-143.74079999999998
55,H83013,Mesalazine_Tab E/C 800mg,0105010B0AAASAS,2,51.65999999999998
56,H83013,Pyridox HCl_Tab 50mg,0906024N0AAAIAI,1,0.9576000000000002
57,H83014,Amiodarone HCl_Tab 200mg,0203020D0AAABAB,10,3.838800000000003
58,H83014,Clonazepam_Tab 500mcg,0408010F0AAABAB,12,4.519999999999991
59,H83014,Diltiazem HCl_Tab 60mg M/R,0206020C0AAAAAA,1,0.7392000000000025
60,H83014,Mesalazine_Tab E/C 400mg,0105010B0AAAAAA,1,23.956799999999998
61,H83014,Pyridox HCl_Tab 50mg,0906024N0AAAIAI,1,0.9576000000000002
62,H83014,Topiramate_Tab 200mg,040801050AAACAC,1,4.979999999999998
63,H83015,Amiodarone HCl_Tab 200mg,0203020D0AAABAB,2,1.4000000000000012
64,H83015,Clonazepam_Tab 500mcg,0408010F0AAABAB,15,6.395799999999987
65,H83015,Co-Codamol_Tab 8mg/500mg,0407010F0AAAAAA,8,0.03799999999999977
66,H83015,Diltiazem HCl_Tab 60mg M/R,0206020C0AAAAAA,3,1.5120000000000013
67,H83015,Mesalazine_Tab E/C 800mg,0105010B0AAASAS,5,-16.4
68,H83015,Topiramate_Tab 200mg,040801050AAACAC,1,2.489999999999999
69,H83016,Amiodarone HCl_Tab 200mg,0203020D0AAABAB,13,3.306800000000002
70,H83016,Clonazepam_Tab 500mcg,0408010F0AAABAB,28,8.011699999999983
71,H83016,Co-Codamol_Tab 8mg/500mg,0407010F0AAAAAA,2,0.00999999999999994
72,H83016,Diltiazem HCl_Tab 60mg M/R,0206020C0AAAAAA,2,0.9856000000000034
73,H83016,Mesalazine_Tab E/C 400mg,0105010B0AAAAAA,2,-7.985599999999998
74,H83016,Pyridox HCl_Tab 50mg,0906024N0AAAIAI,5,1.9152000000000005
75,H83016,Topiramate_Tab 200mg,040801050AAACAC,2,13.943999999999994
76,H83017,Amiodarone HCl_Tab 200mg,0203020D0AAABAB,4,1.7500000000000016
77,H83017,Clonazepam_Tab 500mcg,0408010F0AAABAB,9,4.65559999999999
78,H83017,Co-Codamol_Tab 8mg/500mg,0407010F0AAAAAA,2,0.011199999999999932
79,H83017,Mesalazine_Tab E/C 400mg,0105010B0AAAAAA,1,23.956799999999998
80,H83017,Mesalazine_Tab E/C 800mg,0105010B0AAASAS,1,22.959999999999994
81,H83017,Risperidone_Tab 6mg,040201030AAAFAF,1,29.2096
82,H83018,Amiodarone HCl_Tab 200mg,0203020D0AAABAB,5,2.8000000000000025
83,H83018,Clonazepam_Tab 500mcg,0408010F0AAABAB,14,11.548599999999977
84,H83018,Co-Codamol_Tab 8mg/500mg,0407010F0AAAAAA,4,0.01999999999999988
85,H83018,Mesalazine_Tab E/C 800mg,0105010B0AAASAS,1,34.43999999999999
86,H83019,Amiodarone HCl_Tab 200mg,0203020D0AAABAB,3,0.8792000000000006
87,H83019,Clonazepam_Tab 500mcg,0408010F0AAABAB,27,7.638799999999984
88,H83019,Diltiazem HCl_Tab 60mg M/R,0206020C0AAAAAA,2,1.2960000000000031
89,H83020,Amiodarone HCl_Tab 200mg,0203020D0AAABAB,6,1.1235000000000006
90,H83020,Clonazepam_Tab 500mcg,0408010F0AAABAB,17,4.493699999999992
91,H83020,Co-Codamol_Tab 8mg/500mg,0407010F0AAAAAA,2,0.011199999999999932
92,H83020,Mesalazine_Tab E/C 400mg,0105010B0AAAAAA,3,-44.49119999999999
93,H83020,Pyridox HCl_Tab 50mg,0906024N0AAAIAI,1,0.3591000000000001
94,H83021,Amiodarone HCl_Tab 200mg,0203020D0AAABAB,2,1.050000000000001
95,H83021,Clonazepam_Tab 500mcg,0408010F0AAABAB,4,1.2655999999999974
96,H83021,Co-Codamol_Tab 8mg/500mg,0407010F0AAAAAA,22,0.09239999999999944
97,H83022,Amiodarone HCl_Tab 200mg,0203020D0AAABAB,5,1.6541000000000012
98,H83022,Clonazepam_Tab 500mcg,0408010F0AAABAB,12,4.587799999999991
99,H83022,Co-Codamol_Tab 8mg/500mg,0407010F0AAAAAA,4,0.01999999999999988
100,H83022,Diltiazem HCl_Tab 60mg M/R,0206020C0AAAAAA,4,0.07840000000000025
101,H83022,Mesalazine_Tab E/C 400mg,0105010B0AAAAAA,1,95.82719999999999
102,H83022,Mesalazine_Tab E/C 800mg,0105010B0AAASAS,2,17.219999999999995
103,H83022,Topiramate_Tab 200mg,040801050AAACAC,2,2.489999999999999
104,H83023,Amiodarone HCl_Tab 200mg,0203020D0AAABAB,4,0.9541000000000006
105,H83023,Clonazepam_Tab 500mcg,0408010F0AAABAB,6,1.2655999999999974
106,H83023,Co-Codamol_Tab 8mg/500mg,0407010F0AAAAAA,2,0.011199999999999932
107,H83023,Diltiazem HCl_Tab 60mg M/R,0206020C0AAAAAA,5,0.2940000000000026
108,H83023,Mesalazine_Tab E/C 400mg,0105010B0AAAAAA,3,11.978399999999999
109,H83024,Amiodarone HCl_Tab 200mg,0203020D0AAABAB,11,2.3429000000000015
110,H83024,Clonazepam_Tab 500mcg,0408010F0AAABAB,23,7.429299999999985
111,H83024,Mesalazine_Tab E/C 400mg,0105010B0AAAAAA,2,47.913599999999995
112,H83024,Mesalazine_Tab E/C 800mg,0105010B0AAASAS,1,34.43999999999999
113,H83024,Pyridox HCl_Tab 50mg,0906024N0AAAIAI,1,1.4364000000000003
114,H83024,Topiramate_Tab 200mg,040801050AAACAC,1,2.3183999999999996
115,H83027,Amiodarone HCl_Tab 200mg,0203020D0AAABAB,2,1.4000000000000012
116,H83027,Clonazepam_Tab 500mcg,0408010F0AAABAB,8,4.316599999999991
117,H83027,Co-Codamol_Tab 8mg/500mg,0407010F0AAAAAA,2,0.00999999999999994
118,H83027,Mesalazine_Tab E/C 400mg,0105010B0AAAAAA,1,34.224
119,H83028,Amiodarone HCl_Tab 200mg,0203020D0AAABAB,1,0.7000000000000006
120,H83028,Co-Codamol_Tab 8mg/500mg,0407010F0AAAAAA,14,0.056799999999999656
121,H83028,Diltiazem HCl_Tab 60mg M/R,0206020C0AAAAAA,8,1.7536000000000047
122,H83029,Amiodarone HCl_Tab 200mg,0203020D0AAABAB,3,2.100000000000002
123,H83029,Co-Codamol_Tab 8mg/500mg,0407010F0AAAAAA,4,0.0167999999999999
124,H83029,Diltiazem HCl_Tab 60mg M/R,0206020C0AAAAAA,1,0.24640000000000084
125,H83029,Mesalazine_Tab E/C 800mg,0105010B0AAASAS,1,-36.89999999999999
126,H83030,Amiodarone HCl_Tab 200mg,0203020D0AAABAB,1,0.7000000000000006
127,H83030,Clonazepam_Tab 500mcg,0408010F0AAABAB,3,2.2373999999999956
128,H83030,Co-Codamol_Tab 8mg/500mg,0407010F0AAAAAA,10,0.0499999999999997
129,H83030,Diltiazem HCl_Tab 60mg M/R,0206020C0AAAAAA,1,0.24640000000000084
130,H83030,Mesalazine_Tab E/C 800mg,0105010B0AAASAS,1,68.87999999999998
131,H83030,Pyridox HCl_Tab 50mg,0906024N0AAAIAI,1,0.4788000000000001
132,H83031,Amiodarone HCl_Tab 200mg,0203020D0AAABAB,2,1.4000000000000012
133,H83031,Clonazepam_Tab 500mcg,0408010F0AAABAB,7,0.6327999999999987
134,H83031,Mesalazine_Tab E/C 400mg,0105010B0AAAAAA,3,45.346799999999995
135,H83033,Amiodarone HCl_Tab 200mg,0203020D0AAABAB,5,0.6888000000000003
136,H83033,Clonazepam_Tab 500mcg,0408010F0AAABAB,5,2.7749999999999946
137,H83033,Pyridox HCl_Tab 50mg,0906024N0AAAIAI,2,2.8728000000000007
138,H83034,Amiodarone HCl_Tab 200mg,0203020D0AAABAB,10,2.0776000000000012
139,H83034,Clonazepam_Tab 500mcg,0408010F0AAABAB,15,6.689599999999987
140,H83034,Co-Codamol_Tab 8mg/500mg,0407010F0AAAAAA,4,0.02119999999999987
141,H83034,Diltiazem HCl_Tab 60mg M/R,0206020C0AAAAAA,2,0.37240000000000095
142,H83034,Mesalazine_Tab E/C 800mg,0105010B0AAASAS,1,18.449999999999996
143,H83034,Topiramate_Tab 200mg,040801050AAACAC,8,9.318399999999993
144,H83037,Amiodarone HCl_Tab 200mg,0203020D0AAABAB,1,0.7000000000000006
145,H83037,Clonazepam_Tab 500mcg,0408010F0AAABAB,6,2.8264999999999945
146,H83037,Co-Codamol_Tab 8mg/500mg,0407010F0AAAAAA,12,-0.012399999999999925
147,H83037,Gemfibrozil_Tab 600mg,0212000Q0AAABAB,1,11.3568
148,H83037,Mesalazine_Tab E/C 400mg,0105010B0AAAAAA,1,7.985599999999999
149,H83037,Mesalazine_Tab E/C 800mg,0105010B0AAASAS,1,-34.43999999999999
150,H83039,Amiodarone HCl_Tab 200mg,0203020D0AAABAB,4,2.8000000000000025
151,H83039,Clonazepam_Tab 500mcg,0408010F0AAABAB,12,4.530599999999993
152,H83039,Diltiazem HCl_Tab 60mg M/R,0206020C0AAAAAA,2,0.4928000000000017
153,H83040,Amiodarone HCl_Tab 200mg,0203020D0AAABAB,2,1.050000000000001
154,H83040,Clonazepam_Tab 500mcg,0408010F0AAABAB,7,1.1864999999999974
155,H83040,Pyridox HCl_Tab 50mg,0906024N0AAAIAI,4,0.2624000000000013
156,H83042,Amiodarone HCl_Tab 200mg,0203020D0AAABAB,4,2.450000000000002
157,H83042,Clonazepam_Tab 500mcg,0408010F0AAABAB,4,2.9153999999999938
158,H83042,Co-Codamol_Tab 8mg/500mg,0407010F0AAAAAA,16,0.04479999999999973
159,H83042,Mesalazine_Tab E/C 400mg,0105010B0AAAAAA,2,17.088
160,H83042,Mesalazine_Tab E/C 800mg,0105010B0AAASAS,1,73.79999999999998
161,H83043,Clonazepam_Tab 500mcg,0408010F0AAABAB,10,4.195299999999992
162,H83043,Mesalazine_Tab E/C 400mg,0105010B0AAAAAA,3,13.689599999999999
163,H83043,Mesalazine_Tab E/C 800mg,0105010B0AAASAS,1,-36.89999999999999
164,H83043,Pyridox HCl_Tab 50mg,0906024N0AAAIAI,2,1.9152000000000005
165,H83044,Amiodarone HCl_Tab 200mg,0203020D0AAABAB,5,3.850000000000003
166,H83044,Clonazepam_Tab 500mcg,0408010F0AAABAB,11,5.514399999999989
167,H83044,Co-Codamol_Tab 8mg/500mg,0407010F0AAAAAA,10,-0.023599999999999857
168,H83044,Diltiazem HCl_Tab 60mg M/R,0206020C0AAAAAA,1,0.24640000000000084
169,H83044,Gemfibrozil_Tab 600mg,0212000Q0AAABAB,1,15.142399999999999
170,H83044,Mesalazine_Tab E/C 400mg,0105010B0AAAAAA,1,-23.956799999999998
171,H83044,Mesalazine_Tab E/C 800mg,0105010B0AAASAS,1,34.43999999999999
172,H83044,Pyridox HCl_Tab 50mg,0906024N0AAAIAI,1,0.9576000000000002
173,H83044,Topiramate_Tab 200mg,040801050AAACAC,1,2.489999999999999
174,H83049,Amiodarone HCl_Tab 200mg,0203020D0AAABAB,1,0.7000000000000006
175,H83049,Clonazepam_Tab 500mcg,0408010F0AAABAB,1,0.6327999999999987
176,H83049,Pyridox HCl_Tab 50mg,0906024N0AAAIAI,1,0.4788000000000001
177,H83050,Amiodarone HCl_Tab 200mg,0203020D0AAABAB,2,1.050000000000001
178,H83050,Clonazepam_Tab 500mcg,0408010F0AAABAB,8,2.6667999999999945
179,H83050,Diltiazem HCl_Tab 60mg M/R,0206020C0AAAAAA,2,0.798000000000003
180,H83050,Mesalazine_Tab E/C 400mg,0105010B0AAAAAA,10,14.952
181,H83050,Mesalazine_Tab E/C 800mg,0105010B0AAASAS,1,-36.89999999999999
182,H83051,Amiodarone HCl_Tab 200mg,0203020D0AAABAB,2,1.4000000000000012
183,H83051,Clonazepam_Tab 500mcg,0408010F0AAABAB,4,3.6611999999999925
184,H83051,Diltiazem HCl_Tab 60mg M/R,0206020C0AAAAAA,3,1.9362000000000057
185,H83052,Amiodarone HCl_Tab 200mg,0203020D0AAABAB,4,1.4000000000000012
186,H83052,Clonazepam_Tab 500mcg,0408010F0AAABAB,4,2.6215999999999946
187,H83052,Mesalazine_Tab E/C 800mg,0105010B0AAASAS,1,-36.89999999999999
188,H83053,Amiodarone HCl_Tab 200mg,0203020D0AAABAB,7,3.0541000000000027
189,H83053,Clonazepam_Tab 500mcg,0408010F0AAABAB,13,6.531399999999988
190,H83053,Co-Codamol_Tab 8mg/500mg,0407010F0AAAAAA,14,0.07239999999999956
191,H83053,Diltiazem HCl_Tab 60mg M/R,0206020C0AAAAAA,5,0.6160000000000021
192,H83053,Mesalazine_Tab E/C 800mg,0105010B0AAASAS,7,24.61200000000003
193,H83053,Topiramate_Tab 200mg,040801050AAACAC,1,1.2449999999999994
194,H83608,Amiodarone HCl_Tab 200mg,0203020D0AAABAB,3,0.8694000000000006
195,H83608,Clonazepam_Tab 500mcg,0408010F0AAABAB,3,3.2091999999999934
196,H83608,Pyridox HCl_Tab 50mg,0906024N0AAAIAI,1,0.4788000000000001
197,H83609,Clonazepam_Tab 500mcg,0408010F0AAABAB,1,0.6327999999999987
198,H83609,Mesalazine_Tab E/C 800mg,0105010B0AAASAS,1,-17.219999999999995
199,H83611,Clonazepam_Tab 500mcg,0408010F0AAABAB,1,0.6327999999999987
200,H83611,Pyridox HCl_Tab 50mg,0906024N0AAAIAI,3,0.3591000000000001
201,H83620,Amiodarone HCl_Tab 200mg,0203020D0AAABAB,5,2.450000000000002
202,H83620,Clonazepam_Tab 500mcg,0408010F0AAABAB,6,1.6271999999999966
203,H83624,Amiodarone HCl_Tab 200mg,0203020D0AAABAB,8,0.6776
204,H83624,Clonazepam_Tab 500mcg,0408010F0AAABAB,6,1.898399999999996
205,H83624,Co-Codamol_Tab 8mg/500mg,0407010F0AAAAAA,2,0.00999999999999994
206,H83624,Diltiazem HCl_Tab 60mg M/R,0206020C0AAAAAA,1,0.24640000000000084
207,H83624,Mesalazine_Tab E/C 400mg,0105010B0AAAAAA,2,18.823199999999996
208,H83624,Pyridox HCl_Tab 50mg,0906024N0AAAIAI,1,1.4364000000000003
209,H83625,Clonazepam_Tab 500mcg,0408010F0AAABAB,6,1.423799999999997
210,H83627,Amiodarone HCl_Tab 200mg,0203020D0AAABAB,4,2.450000000000002
211,H83627,Clonazepam_Tab 500mcg,0408010F0AAABAB,9,4.293999999999992
212,H83627,Diltiazem HCl_Tab 60mg M/R,0206020C0AAAAAA,2,0.4928000000000017
213,H83627,Topiramate_Tab 200mg,040801050AAACAC,4,1.1536000000000004
214,H83631,Clonazepam_Tab 500mcg,0408010F0AAABAB,15,5.69019999999999
215,H83631,Co-Codamol_Tab 8mg/500mg,0407010F0AAAAAA,6,0.02999999999999982
216,H83631,Topiramate_Tab 200mg,040801050AAACAC,2,13.943999999999994
217,Y02962,Amiodarone HCl_Tab 200mg,0203020D0AAABAB,1,0.7000000000000006
218,Y02962,Clonazepam_Tab 500mcg,0408010F0AAABAB,2,0.3954999999999992
219,Y02962,Co-Codamol_Tab 8mg/500mg,0407010F0AAAAAA,2,0.0167999999999999
220,Y05317,Amiodarone HCl_Tab 200mg,0203020D0AAABAB,6,2.691400000000003
221,Y05317,Clonazepam_Tab 500mcg,0408010F0AAABAB,14,3.5397999999999934
222,Y05317,Diltiazem HCl_Tab 60mg M/R,0206020C0AAAAAA,4,1.5312000000000052
223,Y05317,Mesalazine_Tab E/C 400mg,0105010B0AAAAAA,1,51.33599999999999
224,Y05317,Mesalazine_Tab E/C 800mg,0105010B0AAASAS,1,34.43999999999999
225,Y05317,Topiramate_Tab 200mg,040801050AAACAC,1,4.149999999999999
226,Y05318,Amiodarone HCl_Tab 200mg,0203020D0AAABAB,9,0.7623
227,Y05318,Clonazepam_Tab 500mcg,0408010F0AAABAB,15,4.90849999999999
228,Y05318,Co-Codamol_Tab 8mg/500mg,0407010F0AAAAAA,2,-0.004199999999999975
229,Y05318,Mesalazine_Tab E/C 400mg,0105010B0AAAAAA,10,29.988000000000014
230,Y05318,Pyridox HCl_Tab 50mg,0906024N0AAAIAI,1,0.9576000000000002
231,Y05719,Clonazepam_Tab 500mcg,0408010F0AAABAB,1,0.20159999999999978
232,Y05719,Co-Codamol_Tab 8mg/500mg,0407010F0AAAAAA,8,0.04239999999999974
