,practice_code,bnf_description,bnf_code,items,excess_cost
7,F84074,Mesalazine_Tab E/C 800mg,0105010B0AAASAS,2,68.87999999999998
0,F84724,Risperidone_Tab 6mg,040201030AAAFAF,1,58.4192
1,F84111,Risperidone_Tab 6mg,040201030AAAFAF,2,58.4192
8,F84121,Mesalazine_Tab E/C 800mg,0105010B0AAASAS,1,49.19999999999999
9,F84070,Mesalazine_Tab E/C 800mg,0105010B0AAASAS,1,36.89999999999999
2,F84047,Risperidone_Tab 6mg,040201030AAAFAF,4,29.232
3,F84681,Risperidone_Tab 6mg,040201030AAAFAF,1,29.2096
4,F84740,Risperidone_Tab 6mg,040201030AAAFAF,1,29.2096
5,F84053,Risperidone_Tab 6mg,040201030AAAFAF,1,29.2096
6,F84730,Risperidone_Tab 6mg,040201030AAAFAF,1,29.2096
10,F84724,Mesalazine_Tab E/C 800mg,0105010B0AAASAS,4,22.959999999999994
330,F84074,Acetylcy_Tab Eff 600mg S/F,0307000C0AAARAR,1,22.135999999999996
12,F84658,Mesalazine_Tab E/C 800mg,0105010B0AAASAS,1,17.219999999999995
11,F84010,Mesalazine_Tab E/C 800mg,0105010B0AAASAS,1,17.219999999999995
182,F84004,Topiramate_Tab 200mg,040801050AAACAC,4,9.959999999999996
331,F84677,Tetrabenazine_Tab 25mg,0409030C0AAAAAA,1,5.997599999999992
112,F84717,Pyridox HCl_Tab 50mg,0906024N0AAAIAI,2,5.745600000000001
14,F84641,Clonazepam_Tab 500mcg,0408010F0AAABAB,12,5.695199999999988
184,F84014,Topiramate_Tab 200mg,040801050AAACAC,1,4.979999999999998
183,F84006,Topiramate_Tab 200mg,040801050AAACAC,2,4.979999999999998
15,F84004,Clonazepam_Tab 500mcg,0408010F0AAABAB,9,4.271399999999991
332,F84092,Tetrabenazine_Tab 25mg,0409030C0AAAAAA,1,3.998399999999995
113,F84706,Pyridox HCl_Tab 50mg,0906024N0AAAIAI,1,3.830400000000001
114,F84669,Pyridox HCl_Tab 50mg,0906024N0AAAIAI,15,3.591000000000001
16,F84093,Clonazepam_Tab 500mcg,0408010F0AAABAB,1,3.389999999999993
17,F84004,Clonazepam_Tab 500mcg,0408010F0AAABAB,5,3.1639999999999935
333,F84124,Tetrabenazine_Tab 25mg,0409030C0AAAAAA,4,2.998799999999996
116,F84121,Pyridox HCl_Tab 50mg,0906024N0AAAIAI,2,2.8728000000000007
115,F84077,Pyridox HCl_Tab 50mg,0906024N0AAAIAI,1,2.8728000000000007
18,F84730,Clonazepam_Tab 500mcg,0408010F0AAABAB,4,2.531199999999995
185,F84047,Topiramate_Tab 200mg,040801050AAACAC,1,2.489999999999999
186,F84749,Topiramate_Tab 200mg,040801050AAACAC,1,2.489999999999999
187,F84121,Topiramate_Tab 200mg,040801050AAACAC,1,2.489999999999999
188,F84658,Topiramate_Tab 200mg,040801050AAACAC,1,2.489999999999999
189,F84086,Topiramate_Tab 200mg,040801050AAACAC,1,2.489999999999999
117,F84741,Pyridox HCl_Tab 50mg,0906024N0AAAIAI,5,2.3940000000000006
118,F84070,Pyridox HCl_Tab 50mg,0906024N0AAAIAI,1,2.3940000000000006
334,F84004,Tetrabenazine_Tab 25mg,0409030C0AAAAAA,6,2.3297999999999996
190,F84658,Topiramate_Tab 200mg,040801050AAACAC,4,2.307200000000001
19,F84004,Clonazepam_Tab 500mcg,0408010F0AAABAB,1,2.2599999999999953
20,F84677,Clonazepam_Tab 500mcg,0408010F0AAABAB,14,2.2147999999999954
21,F84004,Clonazepam_Tab 500mcg,0408010F0AAABAB,7,2.2147999999999954
119,F84121,Pyridox HCl_Tab 50mg,0906024N0AAAIAI,8,1.9152000000000005
120,F84669,Pyridox HCl_Tab 50mg,0906024N0AAAIAI,2,1.9152000000000005
121,F84070,Pyridox HCl_Tab 50mg,0906024N0AAAIAI,8,1.9152000000000005
122,F84097,Pyridox HCl_Tab 50mg,0906024N0AAAIAI,8,1.9152000000000005
22,F84740,Clonazepam_Tab 500mcg,0408010F0AAABAB,4,1.898399999999996
25,F84121,Clonazepam_Tab 500mcg,0408010F0AAABAB,1,1.898399999999996
23,F84017,Clonazepam_Tab 500mcg,0408010F0AAABAB,1,1.898399999999996
24,F84070,Clonazepam_Tab 500mcg,0408010F0AAABAB,4,1.898399999999996
26,F84092,Clonazepam_Tab 500mcg,0408010F0AAABAB,4,1.898399999999996
453,F84004,Folic Acid_Tab 5mg,0901020G0AAAGAG,355,1.739499999999998
27,F84052,Clonazepam_Tab 500mcg,0408010F0AAABAB,1,1.6949999999999965
123,F84014,Pyridox HCl_Tab 50mg,0906024N0AAAIAI,7,1.6758000000000004
124,F84749,Pyridox HCl_Tab 50mg,0906024N0AAAIAI,7,1.6758000000000004
28,F84111,Clonazepam_Tab 500mcg,0408010F0AAABAB,5,1.5819999999999967
29,F84053,Clonazepam_Tab 500mcg,0408010F0AAABAB,5,1.5819999999999967
127,F84749,Pyridox HCl_Tab 50mg,0906024N0AAAIAI,1,1.4364000000000003
125,F84641,Pyridox HCl_Tab 50mg,0906024N0AAAIAI,3,1.4364000000000003
126,F84734,Pyridox HCl_Tab 50mg,0906024N0AAAIAI,1,1.4364000000000003
30,F84010,Clonazepam_Tab 500mcg,0408010F0AAABAB,2,1.3559999999999972
31,F84052,Clonazepam_Tab 500mcg,0408010F0AAABAB,1,1.3559999999999972
32,F84022,Clonazepam_Tab 500mcg,0408010F0AAABAB,1,1.3559999999999972
33,F84053,Clonazepam_Tab 500mcg,0408010F0AAABAB,1,1.3559999999999972
34,F84093,Clonazepam_Tab 500mcg,0408010F0AAABAB,17,1.3446999999999973
45,F84730,Clonazepam_Tab 500mcg,0408010F0AAABAB,1,1.2655999999999974
39,F84708,Clonazepam_Tab 500mcg,0408010F0AAABAB,1,1.2655999999999974
42,F84677,Clonazepam_Tab 500mcg,0408010F0AAABAB,2,1.2655999999999974
43,F84097,Clonazepam_Tab 500mcg,0408010F0AAABAB,4,1.2655999999999974
44,F84749,Clonazepam_Tab 500mcg,0408010F0AAABAB,2,1.2655999999999974
40,F84009,Clonazepam_Tab 500mcg,0408010F0AAABAB,4,1.2655999999999974
41,F84749,Clonazepam_Tab 500mcg,0408010F0AAABAB,1,1.2655999999999974
38,F84657,Clonazepam_Tab 500mcg,0408010F0AAABAB,4,1.2655999999999974
37,F84093,Clonazepam_Tab 500mcg,0408010F0AAABAB,2,1.2655999999999974
36,F84006,Clonazepam_Tab 500mcg,0408010F0AAABAB,1,1.2655999999999974
35,F84681,Clonazepam_Tab 500mcg,0408010F0AAABAB,1,1.2655999999999974
130,F84657,Pyridox HCl_Tab 50mg,0906024N0AAAIAI,5,1.1970000000000003
129,F84658,Pyridox HCl_Tab 50mg,0906024N0AAAIAI,5,1.1970000000000003
128,F84724,Pyridox HCl_Tab 50mg,0906024N0AAAIAI,5,1.1970000000000003
191,F84004,Topiramate_Tab 200mg,040801050AAACAC,1,1.1647999999999992
192,F84004,Aspirin Disper_Tab 75mg,0209000A0AAABAB,404,1.131199999999993
193,F84004,Aspirin Disper_Tab 75mg,0209000A0AAABAB,404,1.131199999999993
46,F84004,Clonazepam_Tab 500mcg,0408010F0AAABAB,1,1.1299999999999977
47,F84004,Clonazepam_Tab 500mcg,0408010F0AAABAB,7,1.1073999999999977
48,F84004,Clonazepam_Tab 500mcg,0408010F0AAABAB,13,1.028299999999998
133,F84014,Pyridox HCl_Tab 50mg,0906024N0AAAIAI,8,0.9576000000000002
131,F84006,Pyridox HCl_Tab 50mg,0906024N0AAAIAI,1,0.9576000000000002
132,F84017,Pyridox HCl_Tab 50mg,0906024N0AAAIAI,1,0.9576000000000002
134,Y04273,Pyridox HCl_Tab 50mg,0906024N0AAAIAI,1,0.9576000000000002
136,F84077,Pyridox HCl_Tab 50mg,0906024N0AAAIAI,1,0.9576000000000002
137,F84070,Pyridox HCl_Tab 50mg,0906024N0AAAIAI,1,0.9576000000000002
138,F84641,Pyridox HCl_Tab 50mg,0906024N0AAAIAI,1,0.9576000000000002
139,F84734,Pyridox HCl_Tab 50mg,0906024N0AAAIAI,2,0.9576000000000002
140,F84706,Pyridox HCl_Tab 50mg,0906024N0AAAIAI,1,0.9576000000000002
141,F84673,Pyridox HCl_Tab 50mg,0906024N0AAAIAI,2,0.9576000000000002
135,F84017,Pyridox HCl_Tab 50mg,0906024N0AAAIAI,4,0.9576000000000002
55,F84735,Clonazepam_Tab 500mcg,0408010F0AAABAB,12,0.949199999999998
50,F84052,Clonazepam_Tab 500mcg,0408010F0AAABAB,3,0.949199999999998
49,F84009,Clonazepam_Tab 500mcg,0408010F0AAABAB,1,0.949199999999998
54,F84086,Clonazepam_Tab 500mcg,0408010F0AAABAB,1,0.949199999999998
51,F84010,Clonazepam_Tab 500mcg,0408010F0AAABAB,1,0.949199999999998
53,F84121,Clonazepam_Tab 500mcg,0408010F0AAABAB,3,0.949199999999998
52,F84077,Clonazepam_Tab 500mcg,0408010F0AAABAB,1,0.949199999999998
454,F84017,Folic Acid_Tab 5mg,0901020G0AAAGAG,181,0.886899999999999
455,F84121,Folic Acid_Tab 5mg,0901020G0AAAGAG,179,0.877099999999999
336,F84004,Lansoprazole_Cap 30mg (E/C Gran),0103050L0AAAAAA,283,0.792400000000009
142,F84735,Pyridox HCl_Tab 50mg,0906024N0AAAIAI,12,0.7872000000000039
456,F84047,Folic Acid_Tab 5mg,0901020G0AAAGAG,153,0.7496999999999991
146,F84088,Pyridox HCl_Tab 50mg,0906024N0AAAIAI,3,0.7182000000000002
143,F84742,Pyridox HCl_Tab 50mg,0906024N0AAAIAI,1,0.7182000000000002
147,F84734,Pyridox HCl_Tab 50mg,0906024N0AAAIAI,3,0.7182000000000002
145,F84006,Pyridox HCl_Tab 50mg,0906024N0AAAIAI,3,0.7182000000000002
144,F84052,Pyridox HCl_Tab 50mg,0906024N0AAAIAI,1,0.7182000000000002
148,F84677,Pyridox HCl_Tab 50mg,0906024N0AAAIAI,3,0.7182000000000002
194,F84006,Aspirin Disper_Tab 75mg,0209000A0AAABAB,250,0.6999999999999957
195,F84006,Aspirin Disper_Tab 75mg,0209000A0AAABAB,250,0.6999999999999957
457,F84010,Folic Acid_Tab 5mg,0901020G0AAAGAG,139,0.6810999999999993
61,F84666,Clonazepam_Tab 500mcg,0408010F0AAABAB,2,0.6779999999999986
60,F84681,Clonazepam_Tab 500mcg,0408010F0AAABAB,1,0.6779999999999986
59,F84734,Clonazepam_Tab 500mcg,0408010F0AAABAB,1,0.6779999999999986
58,F84749,Clonazepam_Tab 500mcg,0408010F0AAABAB,1,0.6779999999999986
57,F84111,Clonazepam_Tab 500mcg,0408010F0AAABAB,1,0.6779999999999986
56,F84047,Clonazepam_Tab 500mcg,0408010F0AAABAB,1,0.6779999999999986
197,F84724,Aspirin Disper_Tab 75mg,0209000A0AAABAB,239,0.6691999999999959
196,F84724,Aspirin Disper_Tab 75mg,0209000A0AAABAB,239,0.6691999999999959
337,F84017,Lansoprazole_Cap 30mg (E/C Gran),0103050L0AAAAAA,234,0.6552000000000074
458,F84677,Folic Acid_Tab 5mg,0901020G0AAAGAG,130,0.6369999999999993
71,Y04273,Clonazepam_Tab 500mcg,0408010F0AAABAB,1,0.6327999999999987
62,F84724,Clonazepam_Tab 500mcg,0408010F0AAABAB,4,0.6327999999999987
63,F84740,Clonazepam_Tab 500mcg,0408010F0AAABAB,2,0.6327999999999987
64,F84006,Clonazepam_Tab 500mcg,0408010F0AAABAB,1,0.6327999999999987
65,F84052,Clonazepam_Tab 500mcg,0408010F0AAABAB,4,0.6327999999999987
66,F84017,Clonazepam_Tab 500mcg,0408010F0AAABAB,1,0.6327999999999987
67,Y02928,Clonazepam_Tab 500mcg,0408010F0AAABAB,8,0.6327999999999987
68,F84074,Clonazepam_Tab 500mcg,0408010F0AAABAB,1,0.6327999999999987
69,F84014,Clonazepam_Tab 500mcg,0408010F0AAABAB,2,0.6327999999999987
70,F84006,Clonazepam_Tab 500mcg,0408010F0AAABAB,8,0.6327999999999987
72,F84077,Clonazepam_Tab 500mcg,0408010F0AAABAB,1,0.6327999999999987
73,F84669,Clonazepam_Tab 500mcg,0408010F0AAABAB,1,0.6327999999999987
74,F84706,Clonazepam_Tab 500mcg,0408010F0AAABAB,4,0.6327999999999987
76,F84093,Clonazepam_Tab 500mcg,0408010F0AAABAB,4,0.6327999999999987
77,F84047,Clonazepam_Tab 500mcg,0408010F0AAABAB,2,0.6327999999999987
78,F84086,Clonazepam_Tab 500mcg,0408010F0AAABAB,1,0.6327999999999987
79,F84070,Clonazepam_Tab 500mcg,0408010F0AAABAB,4,0.6327999999999987
75,F84658,Clonazepam_Tab 500mcg,0408010F0AAABAB,2,0.6327999999999987
199,F84669,Aspirin Disper_Tab 75mg,0209000A0AAABAB,217,0.6075999999999964
198,F84669,Aspirin Disper_Tab 75mg,0209000A0AAABAB,217,0.6075999999999964
200,F84121,Aspirin Disper_Tab 75mg,0209000A0AAABAB,216,0.6047999999999963
201,F84121,Aspirin Disper_Tab 75mg,0209000A0AAABAB,216,0.6047999999999963
338,F84093,Lansoprazole_Cap 30mg (E/C Gran),0103050L0AAAAAA,211,0.5908000000000067
459,F84006,Folic Acid_Tab 5mg,0901020G0AAAGAG,120,0.5879999999999994
339,F84070,Lansoprazole_Cap 30mg (E/C Gran),0103050L0AAAAAA,209,0.5852000000000066
460,F84070,Folic Acid_Tab 5mg,0901020G0AAAGAG,118,0.5781999999999994
80,F84053,Clonazepam_Tab 500mcg,0408010F0AAABAB,1,0.5699999999999983
461,F84093,Folic Acid_Tab 5mg,0901020G0AAAGAG,111,0.5438999999999994
81,F84004,Clonazepam_Tab 500mcg,0408010F0AAABAB,1,0.5375999999999994
203,F84070,Aspirin Disper_Tab 75mg,0209000A0AAABAB,191,0.5347999999999967
202,F84070,Aspirin Disper_Tab 75mg,0209000A0AAABAB,191,0.5347999999999967
462,F84053,Folic Acid_Tab 5mg,0901020G0AAAGAG,104,0.5095999999999994
82,F84004,Clonazepam_Tab 500mcg,0408010F0AAABAB,12,0.5087999999999999
335,F84047,Tetrabenazine_Tab 25mg,0409030C0AAAAAA,1,0.49979999999999936
205,F84017,Aspirin Disper_Tab 75mg,0209000A0AAABAB,178,0.49839999999999696
204,F84017,Aspirin Disper_Tab 75mg,0209000A0AAABAB,178,0.49839999999999696
207,F84735,Aspirin Disper_Tab 75mg,0209000A0AAABAB,177,0.495599999999997
206,F84735,Aspirin Disper_Tab 75mg,0209000A0AAABAB,177,0.495599999999997
463,F84735,Folic Acid_Tab 5mg,0901020G0AAAGAG,101,0.49489999999999945
149,F84047,Pyridox HCl_Tab 50mg,0906024N0AAAIAI,2,0.4788000000000001
153,F84631,Pyridox HCl_Tab 50mg,0906024N0AAAIAI,1,0.4788000000000001
152,F84070,Pyridox HCl_Tab 50mg,0906024N0AAAIAI,1,0.4788000000000001
150,F84724,Pyridox HCl_Tab 50mg,0906024N0AAAIAI,1,0.4788000000000001
151,Y02928,Pyridox HCl_Tab 50mg,0906024N0AAAIAI,1,0.4788000000000001
154,F84093,Pyridox HCl_Tab 50mg,0906024N0AAAIAI,1,0.4788000000000001
155,F84050,Pyridox HCl_Tab 50mg,0906024N0AAAIAI,4,0.4788000000000001
156,F84047,Pyridox HCl_Tab 50mg,0906024N0AAAIAI,1,0.4788000000000001
157,F84677,Pyridox HCl_Tab 50mg,0906024N0AAAIAI,1,0.4788000000000001
158,F84009,Pyridox HCl_Tab 50mg,0906024N0AAAIAI,2,0.4788000000000001
159,F84670,Pyridox HCl_Tab 50mg,0906024N0AAAIAI,2,0.4788000000000001
160,F84706,Pyridox HCl_Tab 50mg,0906024N0AAAIAI,1,0.4788000000000001
161,F84050,Pyridox HCl_Tab 50mg,0906024N0AAAIAI,1,0.4788000000000001
162,F84740,Pyridox HCl_Tab 50mg,0906024N0AAAIAI,2,0.4788000000000001
163,F84708,Pyridox HCl_Tab 50mg,0906024N0AAAIAI,1,0.4788000000000001
164,F84658,Pyridox HCl_Tab 50mg,0906024N0AAAIAI,1,0.4788000000000001
165,F84074,Pyridox HCl_Tab 50mg,0906024N0AAAIAI,2,0.4788000000000001
83,F84111,Clonazepam_Tab 500mcg,0408010F0AAABAB,1,0.474599999999999
208,F84014,Aspirin Disper_Tab 75mg,0209000A0AAABAB,161,0.45079999999999726
209,F84014,Aspirin Disper_Tab 75mg,0209000A0AAABAB,161,0.45079999999999726
340,F84121,Lansoprazole_Cap 30mg (E/C Gran),0103050L0AAAAAA,154,0.43120000000000486
341,F84677,Lansoprazole_Cap 30mg (E/C Gran),0103050L0AAAAAA,154,0.43120000000000486
211,F84677,Aspirin Disper_Tab 75mg,0209000A0AAABAB,153,0.4283999999999974
210,F84677,Aspirin Disper_Tab 75mg,0209000A0AAABAB,153,0.4283999999999974
342,F84006,Lansoprazole_Cap 30mg (E/C Gran),0103050L0AAAAAA,150,0.42000000000000476
212,F84093,Aspirin Disper_Tab 75mg,0209000A0AAABAB,150,0.4199999999999975
213,F84093,Aspirin Disper_Tab 75mg,0209000A0AAABAB,150,0.4199999999999975
343,F84724,Lansoprazole_Cap 30mg (E/C Gran),0103050L0AAAAAA,147,0.41160000000000463
464,F84086,Folic Acid_Tab 5mg,0901020G0AAAGAG,84,0.4115999999999995
465,F84052,Folic Acid_Tab 5mg,0901020G0AAAGAG,83,0.40669999999999956
344,F84010,Lansoprazole_Cap 30mg (E/C Gran),0103050L0AAAAAA,140,0.39200000000000446
466,F84657,Folic Acid_Tab 5mg,0901020G0AAAGAG,80,0.39199999999999957
215,F84010,Aspirin Disper_Tab 75mg,0209000A0AAABAB,138,0.38639999999999763
214,F84010,Aspirin Disper_Tab 75mg,0209000A0AAABAB,138,0.38639999999999763
216,F84047,Aspirin Disper_Tab 75mg,0209000A0AAABAB,137,0.38359999999999767
217,F84047,Aspirin Disper_Tab 75mg,0209000A0AAABAB,137,0.38359999999999767
345,F84014,Lansoprazole_Cap 30mg (E/C Gran),0103050L0AAAAAA,136,0.3808000000000043
346,F84749,Lansoprazole_Cap 30mg (E/C Gran),0103050L0AAAAAA,133,0.3724000000000042
219,F84097,Aspirin Disper_Tab 75mg,0209000A0AAABAB,132,0.36959999999999776
218,F84097,Aspirin Disper_Tab 75mg,0209000A0AAABAB,132,0.36959999999999776
220,F84086,Aspirin Disper_Tab 75mg,0209000A0AAABAB,130,0.36399999999999777
221,F84009,Aspirin Disper_Tab 75mg,0209000A0AAABAB,130,0.36399999999999777
222,F84086,Aspirin Disper_Tab 75mg,0209000A0AAABAB,130,0.36399999999999777
223,F84009,Aspirin Disper_Tab 75mg,0209000A0AAABAB,130,0.36399999999999777
467,F84741,Folic Acid_Tab 5mg,0901020G0AAAGAG,74,0.3625999999999996
347,F84097,Lansoprazole_Cap 30mg (E/C Gran),0103050L0AAAAAA,128,0.35840000000000405
348,F84669,Lansoprazole_Cap 30mg (E/C Gran),0103050L0AAAAAA,125,0.350000000000004
224,F84741,Aspirin Disper_Tab 75mg,0209000A0AAABAB,125,0.34999999999999787
225,F84741,Aspirin Disper_Tab 75mg,0209000A0AAABAB,125,0.34999999999999787
349,F84658,Lansoprazole_Cap 30mg (E/C Gran),0103050L0AAAAAA,122,0.34160000000000385
226,F84658,Aspirin Disper_Tab 75mg,0209000A0AAABAB,122,0.3415999999999979
227,F84658,Aspirin Disper_Tab 75mg,0209000A0AAABAB,122,0.3415999999999979
228,F84672,Aspirin Disper_Tab 75mg,0209000A0AAABAB,122,0.3415999999999979
229,F84672,Aspirin Disper_Tab 75mg,0209000A0AAABAB,122,0.3415999999999979
84,F84052,Clonazepam_Tab 500mcg,0408010F0AAABAB,1,0.3389999999999993
85,F84111,Clonazepam_Tab 500mcg,0408010F0AAABAB,1,0.3389999999999993
350,F84741,Lansoprazole_Cap 30mg (E/C Gran),0103050L0AAAAAA,120,0.3360000000000038
468,F84014,Folic Acid_Tab 5mg,0901020G0AAAGAG,68,0.3331999999999996
469,F84669,Folic Acid_Tab 5mg,0901020G0AAAGAG,67,0.32829999999999965
99,F84631,Clonazepam_Tab 500mcg,0408010F0AAABAB,1,0.31639999999999935
98,F84724,Clonazepam_Tab 500mcg,0408010F0AAABAB,1,0.31639999999999935
92,F84010,Clonazepam_Tab 500mcg,0408010F0AAABAB,1,0.31639999999999935
91,F84088,Clonazepam_Tab 500mcg,0408010F0AAABAB,1,0.31639999999999935
90,F84677,Clonazepam_Tab 500mcg,0408010F0AAABAB,4,0.31639999999999935
89,F84050,Clonazepam_Tab 500mcg,0408010F0AAABAB,1,0.31639999999999935
88,Y04273,Clonazepam_Tab 500mcg,0408010F0AAABAB,4,0.31639999999999935
87,F84077,Clonazepam_Tab 500mcg,0408010F0AAABAB,4,0.31639999999999935
95,F84093,Clonazepam_Tab 500mcg,0408010F0AAABAB,1,0.31639999999999935
96,F84717,Clonazepam_Tab 500mcg,0408010F0AAABAB,1,0.31639999999999935
97,F84730,Clonazepam_Tab 500mcg,0408010F0AAABAB,1,0.31639999999999935
93,F84669,Clonazepam_Tab 500mcg,0408010F0AAABAB,1,0.31639999999999935
94,F84641,Clonazepam_Tab 500mcg,0408010F0AAABAB,1,0.31639999999999935
100,F84670,Clonazepam_Tab 500mcg,0408010F0AAABAB,1,0.31639999999999935
101,F84047,Clonazepam_Tab 500mcg,0408010F0AAABAB,4,0.31639999999999935
86,F84086,Clonazepam_Tab 500mcg,0408010F0AAABAB,2,0.31639999999999935
470,F84097,Folic Acid_Tab 5mg,0901020G0AAAGAG,64,0.31359999999999966
351,F84050,Lansoprazole_Cap 30mg (E/C Gran),0103050L0AAAAAA,111,0.3108000000000035
231,F84053,Aspirin Disper_Tab 75mg,0209000A0AAABAB,111,0.31079999999999813
230,F84053,Aspirin Disper_Tab 75mg,0209000A0AAABAB,111,0.31079999999999813
233,F84749,Aspirin Disper_Tab 75mg,0209000A0AAABAB,109,0.30519999999999814
232,F84749,Aspirin Disper_Tab 75mg,0209000A0AAABAB,109,0.30519999999999814
234,F84670,Aspirin Disper_Tab 75mg,0209000A0AAABAB,108,0.30239999999999817
235,F84670,Aspirin Disper_Tab 75mg,0209000A0AAABAB,108,0.30239999999999817
471,F84050,Folic Acid_Tab 5mg,0901020G0AAAGAG,61,0.29889999999999967
472,F84672,Folic Acid_Tab 5mg,0901020G0AAAGAG,59,0.2890999999999997
352,F84047,Lansoprazole_Cap 30mg (E/C Gran),0103050L0AAAAAA,101,0.2828000000000032
473,Y02928,Folic Acid_Tab 5mg,0901020G0AAAGAG,56,0.2743999999999997
353,F84004,Lansoprazole_Cap 30mg (E/C Gran),0103050L0AAAAAA,47,0.263200000000003
167,F84658,Pyridox HCl_Tab 50mg,0906024N0AAAIAI,4,0.2624000000000013
168,F84050,Pyridox HCl_Tab 50mg,0906024N0AAAIAI,4,0.2624000000000013
166,F84086,Pyridox HCl_Tab 50mg,0906024N0AAAIAI,4,0.2624000000000013
236,F84050,Aspirin Disper_Tab 75mg,0209000A0AAABAB,91,0.25479999999999847
237,F84050,Aspirin Disper_Tab 75mg,0209000A0AAABAB,91,0.25479999999999847
474,F84009,Folic Acid_Tab 5mg,0901020G0AAAGAG,51,0.24989999999999973
354,F84053,Lansoprazole_Cap 30mg (E/C Gran),0103050L0AAAAAA,88,0.24640000000000278
355,F84735,Lansoprazole_Cap 30mg (E/C Gran),0103050L0AAAAAA,86,0.24080000000000273
178,F84092,Pyridox HCl_Tab 50mg,0906024N0AAAIAI,1,0.23940000000000006
171,F84735,Pyridox HCl_Tab 50mg,0906024N0AAAIAI,1,0.23940000000000006
170,F84631,Pyridox HCl_Tab 50mg,0906024N0AAAIAI,1,0.23940000000000006
169,F84077,Pyridox HCl_Tab 50mg,0906024N0AAAIAI,1,0.23940000000000006
173,F84004,Pyridox HCl_Tab 50mg,0906024N0AAAIAI,1,0.23940000000000006
172,F84741,Pyridox HCl_Tab 50mg,0906024N0AAAIAI,1,0.23940000000000006
174,F84050,Pyridox HCl_Tab 50mg,0906024N0AAAIAI,1,0.23940000000000006
177,F84053,Pyridox HCl_Tab 50mg,0906024N0AAAIAI,1,0.23940000000000006
176,F84681,Pyridox HCl_Tab 50mg,0906024N0AAAIAI,1,0.23940000000000006
175,Y02928,Pyridox HCl_Tab 50mg,0906024N0AAAIAI,1,0.23940000000000006
102,F84014,Clonazepam_Tab 500mcg,0408010F0AAABAB,3,0.2372999999999995
238,F84734,Aspirin Disper_Tab 75mg,0209000A0AAABAB,84,0.23519999999999858
239,F84734,Aspirin Disper_Tab 75mg,0209000A0AAABAB,84,0.23519999999999858
103,F84708,Clonazepam_Tab 500mcg,0408010F0AAABAB,2,0.23199999999999998
475,F84681,Folic Acid_Tab 5mg,0901020G0AAAGAG,47,0.23029999999999975
356,F84093,Lansoprazole_Cap 30mg (E/C Gran),0103050L0AAAAAA,41,0.22960000000000258
357,F84672,Lansoprazole_Cap 30mg (E/C Gran),0103050L0AAAAAA,82,0.22960000000000258
358,F84670,Lansoprazole_Cap 30mg (E/C Gran),0103050L0AAAAAA,80,0.22400000000000253
104,F84047,Clonazepam_Tab 500mcg,0408010F0AAABAB,1,0.22199999999999998
359,F84111,Lansoprazole_Cap 30mg (E/C Gran),0103050L0AAAAAA,76,0.2128000000000024
240,F84657,Aspirin Disper_Tab 75mg,0209000A0AAABAB,76,0.2127999999999987
241,F84657,Aspirin Disper_Tab 75mg,0209000A0AAABAB,76,0.2127999999999987
360,F84077,Lansoprazole_Cap 30mg (E/C Gran),0103050L0AAAAAA,73,0.2044000000000023
476,F84749,Folic Acid_Tab 5mg,0901020G0AAAGAG,41,0.20089999999999977
242,F84111,Aspirin Disper_Tab 75mg,0209000A0AAABAB,71,0.1987999999999988
243,F84022,Aspirin Disper_Tab 75mg,0209000A0AAABAB,71,0.1987999999999988
244,F84111,Aspirin Disper_Tab 75mg,0209000A0AAABAB,71,0.1987999999999988
245,F84022,Aspirin Disper_Tab 75mg,0209000A0AAABAB,71,0.1987999999999988
246,F84681,Aspirin Disper_Tab 75mg,0209000A0AAABAB,71,0.1987999999999988
247,F84681,Aspirin Disper_Tab 75mg,0209000A0AAABAB,71,0.1987999999999988
477,F84730,Folic Acid_Tab 5mg,0901020G0AAAGAG,40,0.19599999999999979
478,F84724,Folic Acid_Tab 5mg,0901020G0AAAGAG,39,0.1910999999999998
248,F84077,Aspirin Disper_Tab 75mg,0209000A0AAABAB,68,0.19039999999999885
249,F84077,Aspirin Disper_Tab 75mg,0209000A0AAABAB,68,0.19039999999999885
361,F84657,Lansoprazole_Cap 30mg (E/C Gran),0103050L0AAAAAA,66,0.18480000000000207
362,F84006,Lansoprazole_Cap 30mg (E/C Gran),0103050L0AAAAAA,33,0.18480000000000207
251,F84088,Aspirin Disper_Tab 75mg,0209000A0AAABAB,66,0.18479999999999888
250,F84088,Aspirin Disper_Tab 75mg,0209000A0AAABAB,66,0.18479999999999888
253,F84641,Aspirin Disper_Tab 75mg,0209000A0AAABAB,65,0.18199999999999888
252,F84641,Aspirin Disper_Tab 75mg,0209000A0AAABAB,65,0.18199999999999888
363,F84092,Lansoprazole_Cap 30mg (E/C Gran),0103050L0AAAAAA,64,0.17920000000000202
364,F84070,Lansoprazole_Cap 30mg (E/C Gran),0103050L0AAAAAA,32,0.17920000000000202
365,F84009,Lansoprazole_Cap 30mg (E/C Gran),0103050L0AAAAAA,64,0.17920000000000202
254,F84052,Aspirin Disper_Tab 75mg,0209000A0AAABAB,64,0.17919999999999892
255,F84052,Aspirin Disper_Tab 75mg,0209000A0AAABAB,64,0.17919999999999892
479,F84111,Folic Acid_Tab 5mg,0901020G0AAAGAG,36,0.1763999999999998
256,F84740,Aspirin Disper_Tab 75mg,0209000A0AAABAB,63,0.17639999999999895
257,F84740,Aspirin Disper_Tab 75mg,0209000A0AAABAB,63,0.17639999999999895
259,F84642,Aspirin Disper_Tab 75mg,0209000A0AAABAB,62,0.17359999999999895
258,F84642,Aspirin Disper_Tab 75mg,0209000A0AAABAB,62,0.17359999999999895
105,F84673,Clonazepam_Tab 500mcg,0408010F0AAABAB,4,0.16959999999999997
366,F84681,Lansoprazole_Cap 30mg (E/C Gran),0103050L0AAAAAA,60,0.1680000000000019
481,F84088,Folic Acid_Tab 5mg,0901020G0AAAGAG,34,0.1665999999999998
480,F84658,Folic Acid_Tab 5mg,0901020G0AAAGAG,34,0.1665999999999998
367,F84670,Lansoprazole_Cap 30mg (E/C Gran),0103050L0AAAAAA,29,0.16240000000000182
368,F84052,Lansoprazole_Cap 30mg (E/C Gran),0103050L0AAAAAA,57,0.1596000000000018
106,Y02928,Clonazepam_Tab 500mcg,0408010F0AAABAB,1,0.15819999999999967
107,F84717,Clonazepam_Tab 500mcg,0408010F0AAABAB,1,0.15819999999999967
110,F84097,Clonazepam_Tab 500mcg,0408010F0AAABAB,1,0.15819999999999967
108,F84053,Clonazepam_Tab 500mcg,0408010F0AAABAB,1,0.15819999999999967
109,F84050,Clonazepam_Tab 500mcg,0408010F0AAABAB,1,0.15819999999999967
482,F84641,Folic Acid_Tab 5mg,0901020G0AAAGAG,32,0.15679999999999983
369,F84658,Lansoprazole_Cap 30mg (E/C Gran),0103050L0AAAAAA,27,0.15120000000000172
260,F84730,Aspirin Disper_Tab 75mg,0209000A0AAABAB,54,0.15119999999999909
261,F84730,Aspirin Disper_Tab 75mg,0209000A0AAABAB,54,0.15119999999999909
370,F84657,Lansoprazole_Cap 30mg (E/C Gran),0103050L0AAAAAA,26,0.14560000000000164
371,F84022,Lansoprazole_Cap 30mg (E/C Gran),0103050L0AAAAAA,50,0.14000000000000157
372,F84734,Lansoprazole_Cap 30mg (E/C Gran),0103050L0AAAAAA,47,0.1316000000000015
262,Y02928,Aspirin Disper_Tab 75mg,0209000A0AAABAB,46,0.12879999999999922
263,Y02928,Aspirin Disper_Tab 75mg,0209000A0AAABAB,46,0.12879999999999922
373,F84086,Lansoprazole_Cap 30mg (E/C Gran),0103050L0AAAAAA,45,0.12600000000000142
374,F84642,Lansoprazole_Cap 30mg (E/C Gran),0103050L0AAAAAA,45,0.12600000000000142
375,F84010,Lansoprazole_Cap 30mg (E/C Gran),0103050L0AAAAAA,22,0.12320000000000139
376,F84730,Lansoprazole_Cap 30mg (E/C Gran),0103050L0AAAAAA,43,0.12040000000000137
264,F84092,Aspirin Disper_Tab 75mg,0209000A0AAABAB,43,0.12039999999999927
265,F84092,Aspirin Disper_Tab 75mg,0209000A0AAABAB,43,0.12039999999999927
377,F84672,Lansoprazole_Cap 30mg (E/C Gran),0103050L0AAAAAA,21,0.11760000000000133
483,F84092,Folic Acid_Tab 5mg,0901020G0AAAGAG,24,0.11759999999999987
111,F84097,Clonazepam_Tab 500mcg,0408010F0AAABAB,1,0.11599999999999999
484,F84734,Folic Acid_Tab 5mg,0901020G0AAAGAG,23,0.11269999999999988
378,F84641,Lansoprazole_Cap 30mg (E/C Gran),0103050L0AAAAAA,40,0.11200000000000127
380,F84052,Lansoprazole_Cap 30mg (E/C Gran),0103050L0AAAAAA,19,0.1064000000000012
379,Y04273,Lansoprazole_Cap 30mg (E/C Gran),0103050L0AAAAAA,19,0.1064000000000012
487,F84670,Folic Acid_Tab 5mg,0901020G0AAAGAG,21,0.10289999999999988
485,F84708,Folic Acid_Tab 5mg,0901020G0AAAGAG,21,0.10289999999999988
486,F84631,Folic Acid_Tab 5mg,0901020G0AAAGAG,21,0.10289999999999988
381,F84111,Lansoprazole_Cap 30mg (E/C Gran),0103050L0AAAAAA,18,0.10080000000000114
382,F84088,Lansoprazole_Cap 30mg (E/C Gran),0103050L0AAAAAA,35,0.09800000000000111
488,F84077,Folic Acid_Tab 5mg,0901020G0AAAGAG,20,0.09799999999999989
489,F84740,Folic Acid_Tab 5mg,0901020G0AAAGAG,20,0.09799999999999989
267,F84706,Aspirin Disper_Tab 75mg,0209000A0AAABAB,35,0.09799999999999941
266,F84706,Aspirin Disper_Tab 75mg,0209000A0AAABAB,35,0.09799999999999941
383,F84735,Lansoprazole_Cap 30mg (E/C Gran),0103050L0AAAAAA,17,0.09520000000000108
384,F84737,Lansoprazole_Cap 30mg (E/C Gran),0103050L0AAAAAA,17,0.09520000000000108
490,F84022,Folic Acid_Tab 5mg,0901020G0AAAGAG,19,0.0930999999999999
269,F84631,Aspirin Disper_Tab 75mg,0209000A0AAABAB,33,0.09239999999999944
268,F84631,Aspirin Disper_Tab 75mg,0209000A0AAABAB,33,0.09239999999999944
385,F84017,Lansoprazole_Cap 30mg (E/C Gran),0103050L0AAAAAA,16,0.08960000000000101
386,F84009,Lansoprazole_Cap 30mg (E/C Gran),0103050L0AAAAAA,16,0.08960000000000101
179,F84050,Pyridox HCl_Tab 50mg,0906024N0AAAIAI,4,0.08560000000000034
387,Y04273,Lansoprazole_Cap 30mg (E/C Gran),0103050L0AAAAAA,29,0.08120000000000091
388,F84097,Lansoprazole_Cap 30mg (E/C Gran),0103050L0AAAAAA,14,0.07840000000000089
270,F84124,Aspirin Disper_Tab 75mg,0209000A0AAABAB,28,0.07839999999999953
271,F84124,Aspirin Disper_Tab 75mg,0209000A0AAABAB,28,0.07839999999999953
491,Y04273,Folic Acid_Tab 5mg,0901020G0AAAGAG,15,0.07349999999999993
389,F84086,Lansoprazole_Cap 30mg (E/C Gran),0103050L0AAAAAA,13,0.07280000000000082
390,F84729,Lansoprazole_Cap 30mg (E/C Gran),0103050L0AAAAAA,25,0.07000000000000078
391,F84740,Lansoprazole_Cap 30mg (E/C Gran),0103050L0AAAAAA,24,0.06720000000000076
392,F84749,Lansoprazole_Cap 30mg (E/C Gran),0103050L0AAAAAA,12,0.06720000000000076
393,F84047,Lansoprazole_Cap 30mg (E/C Gran),0103050L0AAAAAA,12,0.06720000000000076
273,F84661,Aspirin Disper_Tab 75mg,0209000A0AAABAB,24,0.0671999999999996
272,F84729,Aspirin Disper_Tab 75mg,0209000A0AAABAB,24,0.0671999999999996
275,F84661,Aspirin Disper_Tab 75mg,0209000A0AAABAB,24,0.0671999999999996
274,F84729,Aspirin Disper_Tab 75mg,0209000A0AAABAB,24,0.0671999999999996
181,F84010,Pyridox HCl_Tab 50mg,0906024N0AAAIAI,1,0.06560000000000032
180,F84004,Pyridox HCl_Tab 50mg,0906024N0AAAIAI,1,0.06560000000000032
394,F84666,Lansoprazole_Cap 30mg (E/C Gran),0103050L0AAAAAA,23,0.06440000000000073
492,F84642,Folic Acid_Tab 5mg,0901020G0AAAGAG,13,0.06369999999999992
395,F84742,Lansoprazole_Cap 30mg (E/C Gran),0103050L0AAAAAA,21,0.058800000000000664
493,F84666,Folic Acid_Tab 5mg,0901020G0AAAGAG,12,0.058799999999999936
494,F84742,Folic Acid_Tab 5mg,0901020G0AAAGAG,12,0.058799999999999936
276,F84742,Aspirin Disper_Tab 75mg,0209000A0AAABAB,21,0.058799999999999644
277,F84742,Aspirin Disper_Tab 75mg,0209000A0AAABAB,21,0.058799999999999644
400,F84088,Lansoprazole_Cap 30mg (E/C Gran),0103050L0AAAAAA,10,0.05600000000000063
399,F84724,Lansoprazole_Cap 30mg (E/C Gran),0103050L0AAAAAA,10,0.05600000000000063
398,F84740,Lansoprazole_Cap 30mg (E/C Gran),0103050L0AAAAAA,10,0.05600000000000063
397,F84053,Lansoprazole_Cap 30mg (E/C Gran),0103050L0AAAAAA,10,0.05600000000000063
396,F84706,Lansoprazole_Cap 30mg (E/C Gran),0103050L0AAAAAA,20,0.05600000000000063
278,Y04273,Aspirin Disper_Tab 75mg,0209000A0AAABAB,19,0.05319999999999968
279,Y04273,Aspirin Disper_Tab 75mg,0209000A0AAABAB,19,0.05319999999999968
402,F84734,Lansoprazole_Cap 30mg (E/C Gran),0103050L0AAAAAA,9,0.05040000000000057
405,F84631,Lansoprazole_Cap 30mg (E/C Gran),0103050L0AAAAAA,9,0.05040000000000057
403,F84708,Lansoprazole_Cap 30mg (E/C Gran),0103050L0AAAAAA,18,0.05040000000000057
404,F84124,Lansoprazole_Cap 30mg (E/C Gran),0103050L0AAAAAA,9,0.05040000000000057
401,F84074,Lansoprazole_Cap 30mg (E/C Gran),0103050L0AAAAAA,9,0.05040000000000057
406,F84121,Lansoprazole_Cap 30mg (E/C Gran),0103050L0AAAAAA,9,0.05040000000000057
280,F84708,Aspirin Disper_Tab 75mg,0209000A0AAABAB,18,0.050399999999999695
281,F84708,Aspirin Disper_Tab 75mg,0209000A0AAABAB,18,0.050399999999999695
407,F84124,Lansoprazole_Cap 30mg (E/C Gran),0103050L0AAAAAA,17,0.04760000000000054
410,F84661,Lansoprazole_Cap 30mg (E/C Gran),0103050L0AAAAAA,8,0.044800000000000506
409,F84661,Lansoprazole_Cap 30mg (E/C Gran),0103050L0AAAAAA,16,0.044800000000000506
411,F84642,Lansoprazole_Cap 30mg (E/C Gran),0103050L0AAAAAA,8,0.044800000000000506
412,F84677,Lansoprazole_Cap 30mg (E/C Gran),0103050L0AAAAAA,8,0.044800000000000506
413,F84092,Lansoprazole_Cap 30mg (E/C Gran),0103050L0AAAAAA,8,0.044800000000000506
414,F84741,Lansoprazole_Cap 30mg (E/C Gran),0103050L0AAAAAA,8,0.044800000000000506
408,Y02928,Lansoprazole_Cap 30mg (E/C Gran),0103050L0AAAAAA,8,0.044800000000000506
283,F84666,Aspirin Disper_Tab 75mg,0209000A0AAABAB,16,0.04479999999999973
282,F84666,Aspirin Disper_Tab 75mg,0209000A0AAABAB,16,0.04479999999999973
495,F84661,Folic Acid_Tab 5mg,0901020G0AAAGAG,8,0.03919999999999996
415,F84669,Lansoprazole_Cap 30mg (E/C Gran),0103050L0AAAAAA,3,0.03780000000000108
416,F84050,Lansoprazole_Cap 30mg (E/C Gran),0103050L0AAAAAA,6,0.03360000000000038
417,Y02928,Lansoprazole_Cap 30mg (E/C Gran),0103050L0AAAAAA,12,0.03360000000000038
418,F84077,Lansoprazole_Cap 30mg (E/C Gran),0103050L0AAAAAA,6,0.03360000000000038
419,F84052,Lansoprazole_Cap 30mg (E/C Gran),0103050L0AAAAAA,10,0.03000000000000086
420,F84708,Lansoprazole_Cap 30mg (E/C Gran),0103050L0AAAAAA,5,0.028000000000000316
422,F84706,Lansoprazole_Cap 30mg (E/C Gran),0103050L0AAAAAA,5,0.028000000000000316
421,F84666,Lansoprazole_Cap 30mg (E/C Gran),0103050L0AAAAAA,5,0.028000000000000316
284,F84009,Aspirin Disper_Tab 75mg,0209000A0AAABAB,5,0.02799999999999983
285,F84009,Aspirin Disper_Tab 75mg,0209000A0AAABAB,5,0.02799999999999983
287,F84739,Aspirin Disper_Tab 75mg,0209000A0AAABAB,9,0.025199999999999848
286,F84739,Aspirin Disper_Tab 75mg,0209000A0AAABAB,9,0.025199999999999848
424,F84742,Lansoprazole_Cap 30mg (E/C Gran),0103050L0AAAAAA,4,0.022400000000000253
423,F84631,Lansoprazole_Cap 30mg (E/C Gran),0103050L0AAAAAA,8,0.022400000000000253
289,F84734,Aspirin Disper_Tab 75mg,0209000A0AAABAB,4,0.022399999999999864
290,F84657,Aspirin Disper_Tab 75mg,0209000A0AAABAB,4,0.022399999999999864
288,F84734,Aspirin Disper_Tab 75mg,0209000A0AAABAB,4,0.022399999999999864
291,F84673,Aspirin Disper_Tab 75mg,0209000A0AAABAB,8,0.022399999999999864
292,F84657,Aspirin Disper_Tab 75mg,0209000A0AAABAB,4,0.022399999999999864
294,F84121,Aspirin Disper_Tab 75mg,0209000A0AAABAB,4,0.022399999999999864
295,F84121,Aspirin Disper_Tab 75mg,0209000A0AAABAB,4,0.022399999999999864
293,F84673,Aspirin Disper_Tab 75mg,0209000A0AAABAB,8,0.022399999999999864
497,F84673,Folic Acid_Tab 5mg,0901020G0AAAGAG,4,0.01959999999999998
498,F84729,Folic Acid_Tab 5mg,0901020G0AAAGAG,4,0.01959999999999998
499,F84660,Folic Acid_Tab 5mg,0901020G0AAAGAG,4,0.01959999999999998
496,F84074,Folic Acid_Tab 5mg,0901020G0AAAGAG,4,0.01959999999999998
296,F84669,Aspirin Disper_Tab 75mg,0209000A0AAABAB,6,0.01799999999999989
297,F84669,Aspirin Disper_Tab 75mg,0209000A0AAABAB,6,0.01799999999999989
425,F84022,Lansoprazole_Cap 30mg (E/C Gran),0103050L0AAAAAA,3,0.01680000000000019
426,F84673,Lansoprazole_Cap 30mg (E/C Gran),0103050L0AAAAAA,6,0.01680000000000019
500,F84717,Folic Acid_Tab 5mg,0901020G0AAAGAG,3,0.014699999999999984
501,F84009,Folic Acid_Tab 5mg,0901020G0AAAGAG,3,0.014400000000000163
427,F84730,Lansoprazole_Cap 30mg (E/C Gran),0103050L0AAAAAA,2,0.014000000000000401
431,F84717,Lansoprazole_Cap 30mg (E/C Gran),0103050L0AAAAAA,2,0.011200000000000127
428,F84014,Lansoprazole_Cap 30mg (E/C Gran),0103050L0AAAAAA,2,0.011200000000000127
429,F84074,Lansoprazole_Cap 30mg (E/C Gran),0103050L0AAAAAA,4,0.011200000000000127
430,F84729,Lansoprazole_Cap 30mg (E/C Gran),0103050L0AAAAAA,2,0.011200000000000127
503,F84070,Folic Acid_Tab 5mg,0901020G0AAAGAG,4,0.011200000000000015
502,F84097,Folic Acid_Tab 5mg,0901020G0AAAGAG,4,0.011200000000000015
301,F84717,Aspirin Disper_Tab 75mg,0209000A0AAABAB,4,0.011199999999999932
300,F84086,Aspirin Disper_Tab 75mg,0209000A0AAABAB,2,0.011199999999999932
299,F84086,Aspirin Disper_Tab 75mg,0209000A0AAABAB,2,0.011199999999999932
298,F84717,Aspirin Disper_Tab 75mg,0209000A0AAABAB,4,0.011199999999999932
303,F84052,Aspirin Disper_Tab 75mg,0209000A0AAABAB,3,0.008999999999999946
302,F84052,Aspirin Disper_Tab 75mg,0209000A0AAABAB,3,0.008999999999999946
504,F84093,Folic Acid_Tab 5mg,0901020G0AAAGAG,4,0.008000000000000021
507,F84010,Folic Acid_Tab 5mg,0901020G0AAAGAG,4,0.006400000000000072
505,F84006,Folic Acid_Tab 5mg,0901020G0AAAGAG,2,0.006400000000000072
506,F84006,Folic Acid_Tab 5mg,0901020G0AAAGAG,4,0.006400000000000072
508,F84052,Folic Acid_Tab 5mg,0901020G0AAAGAG,1,0.006299999999999962
434,F84093,Lansoprazole_Cap 30mg (E/C Gran),0103050L0AAAAAA,2,0.006000000000000172
433,F84121,Lansoprazole_Cap 30mg (E/C Gran),0103050L0AAAAAA,2,0.006000000000000172
432,F84014,Lansoprazole_Cap 30mg (E/C Gran),0103050L0AAAAAA,2,0.006000000000000172
305,F84009,Aspirin Disper_Tab 75mg,0209000A0AAABAB,2,0.005999999999999964
304,F84009,Aspirin Disper_Tab 75mg,0209000A0AAABAB,2,0.005999999999999964
435,F84743,Lansoprazole_Cap 30mg (E/C Gran),0103050L0AAAAAA,1,0.005600000000000063
436,F84641,Lansoprazole_Cap 30mg (E/C Gran),0103050L0AAAAAA,1,0.005600000000000063
437,F84673,Lansoprazole_Cap 30mg (E/C Gran),0103050L0AAAAAA,1,0.005600000000000063
315,F84724,Aspirin Disper_Tab 75mg,0209000A0AAABAB,1,0.005599999999999966
311,F84672,Aspirin Disper_Tab 75mg,0209000A0AAABAB,1,0.005599999999999966
317,F84074,Aspirin Disper_Tab 75mg,0209000A0AAABAB,2,0.005599999999999966
306,F84749,Aspirin Disper_Tab 75mg,0209000A0AAABAB,1,0.005599999999999966
307,F84749,Aspirin Disper_Tab 75mg,0209000A0AAABAB,1,0.005599999999999966
308,F84672,Aspirin Disper_Tab 75mg,0209000A0AAABAB,1,0.005599999999999966
309,F84741,Aspirin Disper_Tab 75mg,0209000A0AAABAB,1,0.005599999999999966
310,F84741,Aspirin Disper_Tab 75mg,0209000A0AAABAB,1,0.005599999999999966
312,F84730,Aspirin Disper_Tab 75mg,0209000A0AAABAB,1,0.005599999999999966
313,F84730,Aspirin Disper_Tab 75mg,0209000A0AAABAB,1,0.005599999999999966
314,F84724,Aspirin Disper_Tab 75mg,0209000A0AAABAB,1,0.005599999999999966
316,F84074,Aspirin Disper_Tab 75mg,0209000A0AAABAB,2,0.005599999999999966
509,F84706,Folic Acid_Tab 5mg,0901020G0AAAGAG,1,0.004899999999999995
510,F84086,Folic Acid_Tab 5mg,0901020G0AAAGAG,2,0.004799999999999971
511,F84010,Folic Acid_Tab 5mg,0901020G0AAAGAG,2,0.004799999999999971
512,F84006,Folic Acid_Tab 5mg,0901020G0AAAGAG,2,0.004799999999999971
513,F84047,Folic Acid_Tab 5mg,0901020G0AAAGAG,2,0.004799999999999971
514,F84014,Folic Acid_Tab 5mg,0901020G0AAAGAG,2,0.004799999999999971
440,F84739,Lansoprazole_Cap 30mg (E/C Gran),0103050L0AAAAAA,1,0.00420000000000012
439,F84004,Lansoprazole_Cap 30mg (E/C Gran),0103050L0AAAAAA,1,0.00420000000000012
438,F84070,Lansoprazole_Cap 30mg (E/C Gran),0103050L0AAAAAA,1,0.00420000000000012
441,F84077,Lansoprazole_Cap 30mg (E/C Gran),0103050L0AAAAAA,1,0.00420000000000012
515,F84111,Folic Acid_Tab 5mg,0901020G0AAAGAG,1,0.0042000000000000474
442,F84737,Lansoprazole_Cap 30mg (E/C Gran),0103050L0AAAAAA,1,0.003600000000000006
443,F84047,Lansoprazole_Cap 30mg (E/C Gran),0103050L0AAAAAA,1,0.0035000000000001003
444,F84669,Lansoprazole_Cap 30mg (E/C Gran),0103050L0AAAAAA,1,0.0035000000000001003
516,F84050,Folic Acid_Tab 5mg,0901020G0AAAGAG,2,0.003200000000000036
517,F84708,Folic Acid_Tab 5mg,0901020G0AAAGAG,2,0.003200000000000036
518,F84658,Folic Acid_Tab 5mg,0901020G0AAAGAG,1,0.003200000000000036
519,F84658,Folic Acid_Tab 5mg,0901020G0AAAGAG,2,0.003200000000000036
520,Y02928,Folic Acid_Tab 5mg,0901020G0AAAGAG,2,0.003200000000000036
521,F84092,Folic Acid_Tab 5mg,0901020G0AAAGAG,2,0.003200000000000036
522,Y04273,Folic Acid_Tab 5mg,0901020G0AAAGAG,2,0.003200000000000036
525,F84739,Folic Acid_Tab 5mg,0901020G0AAAGAG,2,0.003200000000000036
523,F84121,Folic Acid_Tab 5mg,0901020G0AAAGAG,2,0.003200000000000036
524,F84749,Folic Acid_Tab 5mg,0901020G0AAAGAG,2,0.003200000000000036
447,F84009,Lansoprazole_Cap 30mg (E/C Gran),0103050L0AAAAAA,1,0.003000000000000086
448,F84092,Lansoprazole_Cap 30mg (E/C Gran),0103050L0AAAAAA,1,0.003000000000000086
445,F84017,Lansoprazole_Cap 30mg (E/C Gran),0103050L0AAAAAA,1,0.003000000000000086
446,F84717,Lansoprazole_Cap 30mg (E/C Gran),0103050L0AAAAAA,1,0.003000000000000086
450,F84657,Lansoprazole_Cap 30mg (E/C Gran),0103050L0AAAAAA,1,0.003000000000000086
449,F84666,Lansoprazole_Cap 30mg (E/C Gran),0103050L0AAAAAA,1,0.003000000000000086
526,F84657,Folic Acid_Tab 5mg,0901020G0AAAGAG,1,0.002999999999999982
318,F84641,Aspirin Disper_Tab 75mg,0209000A0AAABAB,1,0.002999999999999982
319,F84121,Aspirin Disper_Tab 75mg,0209000A0AAABAB,1,0.002999999999999982
320,F84642,Aspirin Disper_Tab 75mg,0209000A0AAABAB,1,0.002999999999999982
322,F84121,Aspirin Disper_Tab 75mg,0209000A0AAABAB,1,0.002999999999999982
323,F84642,Aspirin Disper_Tab 75mg,0209000A0AAABAB,1,0.002999999999999982
527,F84017,Folic Acid_Tab 5mg,0901020G0AAAGAG,1,0.002999999999999982
528,F84047,Folic Acid_Tab 5mg,0901020G0AAAGAG,1,0.002999999999999982
321,F84641,Aspirin Disper_Tab 75mg,0209000A0AAABAB,1,0.002999999999999982
529,F84734,Folic Acid_Tab 5mg,0901020G0AAAGAG,1,0.002800000000000004
530,F84052,Folic Acid_Tab 5mg,0901020G0AAAGAG,1,0.0023999999999999855
531,F84070,Folic Acid_Tab 5mg,0901020G0AAAGAG,1,0.0023999999999999855
532,F84708,Folic Acid_Tab 5mg,0901020G0AAAGAG,1,0.0023999999999999855
533,F84004,Folic Acid_Tab 5mg,0901020G0AAAGAG,1,0.0023999999999999855
535,F84661,Folic Acid_Tab 5mg,0901020G0AAAGAG,1,0.0023999999999999855
534,F84740,Folic Acid_Tab 5mg,0901020G0AAAGAG,1,0.0023999999999999855
537,F84017,Folic Acid_Tab 5mg,0901020G0AAAGAG,1,0.001600000000000018
538,F84047,Folic Acid_Tab 5mg,0901020G0AAAGAG,1,0.001600000000000018
539,F84074,Folic Acid_Tab 5mg,0901020G0AAAGAG,1,0.001600000000000018
540,F84642,Folic Acid_Tab 5mg,0901020G0AAAGAG,1,0.001600000000000018
541,F84009,Folic Acid_Tab 5mg,0901020G0AAAGAG,1,0.001600000000000018
542,F84086,Folic Acid_Tab 5mg,0901020G0AAAGAG,1,0.001600000000000018
536,F84681,Folic Acid_Tab 5mg,0901020G0AAAGAG,1,0.001600000000000018
543,F84088,Folic Acid_Tab 5mg,0901020G0AAAGAG,1,0.001600000000000018
324,F84717,Aspirin Disper_Tab 75mg,0209000A0AAABAB,1,0.0005999999999999964
325,F84717,Aspirin Disper_Tab 75mg,0209000A0AAABAB,1,0.0005999999999999964
544,F84074,Folic Acid_Tab 5mg,0901020G0AAAGAG,1,-0.001999999999999988
545,F84740,Folic Acid_Tab 5mg,0901020G0AAAGAG,1,-0.001999999999999988
546,F84047,Folic Acid_Tab 5mg,0901020G0AAAGAG,1,-0.001999999999999988
451,Y02928,Lansoprazole_Cap 30mg (E/C Gran),0103050L0AAAAAA,1,-0.0020999999999999144
326,F84631,Aspirin Disper_Tab 75mg,0209000A0AAABAB,1,-0.002999999999999982
327,F84631,Aspirin Disper_Tab 75mg,0209000A0AAABAB,1,-0.002999999999999982
554,F84014,Folic Acid_Tab 5mg,0901020G0AAAGAG,1,-0.0035999999999999782
555,F84717,Folic Acid_Tab 5mg,0901020G0AAAGAG,1,-0.0035999999999999782
556,F84730,Folic Acid_Tab 5mg,0901020G0AAAGAG,1,-0.0035999999999999782
553,F84004,Folic Acid_Tab 5mg,0901020G0AAAGAG,1,-0.0035999999999999782
552,F84006,Folic Acid_Tab 5mg,0901020G0AAAGAG,1,-0.0035999999999999782
551,F84706,Folic Acid_Tab 5mg,0901020G0AAAGAG,1,-0.0035999999999999782
550,F84050,Folic Acid_Tab 5mg,0901020G0AAAGAG,4,-0.0035999999999999782
549,F84111,Folic Acid_Tab 5mg,0901020G0AAAGAG,1,-0.0035999999999999782
547,F84052,Folic Acid_Tab 5mg,0901020G0AAAGAG,1,-0.0035999999999999782
548,F84097,Folic Acid_Tab 5mg,0901020G0AAAGAG,1,-0.0035999999999999782
557,F84741,Folic Acid_Tab 5mg,0901020G0AAAGAG,2,-0.003999999999999976
558,F84086,Folic Acid_Tab 5mg,0901020G0AAAGAG,1,-0.003999999999999976
559,F84724,Folic Acid_Tab 5mg,0901020G0AAAGAG,2,-0.003999999999999976
560,F84047,Folic Acid_Tab 5mg,0901020G0AAAGAG,1,-0.003999999999999976
561,F84681,Folic Acid_Tab 5mg,0901020G0AAAGAG,2,-0.003999999999999976
568,Y04273,Folic Acid_Tab 5mg,0901020G0AAAGAG,1,-0.004400000000000001
564,F84642,Folic Acid_Tab 5mg,0901020G0AAAGAG,1,-0.004400000000000001
569,F84657,Folic Acid_Tab 5mg,0901020G0AAAGAG,1,-0.004400000000000001
566,F84666,Folic Acid_Tab 5mg,0901020G0AAAGAG,1,-0.004400000000000001
565,F84730,Folic Acid_Tab 5mg,0901020G0AAAGAG,1,-0.004400000000000001
567,F84717,Folic Acid_Tab 5mg,0901020G0AAAGAG,1,-0.004400000000000001
563,F84672,Folic Acid_Tab 5mg,0901020G0AAAGAG,1,-0.004400000000000001
562,F84749,Folic Acid_Tab 5mg,0901020G0AAAGAG,1,-0.004400000000000001
570,F84006,Folic Acid_Tab 5mg,0901020G0AAAGAG,1,-0.004499999999999973
571,F84086,Folic Acid_Tab 5mg,0901020G0AAAGAG,1,-0.004499999999999973
572,F84086,Folic Acid_Tab 5mg,0901020G0AAAGAG,1,-0.004799999999999971
573,F84121,Folic Acid_Tab 5mg,0901020G0AAAGAG,2,-0.0051999999999999685
576,F84121,Folic Acid_Tab 5mg,0901020G0AAAGAG,3,-0.005999999999999964
581,F84050,Folic Acid_Tab 5mg,0901020G0AAAGAG,1,-0.005999999999999964
580,F84681,Folic Acid_Tab 5mg,0901020G0AAAGAG,1,-0.005999999999999964
579,F84670,Folic Acid_Tab 5mg,0901020G0AAAGAG,1,-0.005999999999999964
578,F84014,Folic Acid_Tab 5mg,0901020G0AAAGAG,1,-0.005999999999999964
577,F84070,Folic Acid_Tab 5mg,0901020G0AAAGAG,1,-0.005999999999999964
574,F84009,Folic Acid_Tab 5mg,0901020G0AAAGAG,3,-0.005999999999999964
575,F84047,Folic Acid_Tab 5mg,0901020G0AAAGAG,1,-0.005999999999999964
582,F84657,Folic Acid_Tab 5mg,0901020G0AAAGAG,1,-0.0061999999999999625
586,F84641,Folic Acid_Tab 5mg,0901020G0AAAGAG,2,-0.0071999999999999564
587,F84004,Folic Acid_Tab 5mg,0901020G0AAAGAG,8,-0.0071999999999999564
584,F84093,Folic Acid_Tab 5mg,0901020G0AAAGAG,4,-0.0071999999999999564
585,F84004,Folic Acid_Tab 5mg,0901020G0AAAGAG,4,-0.0071999999999999564
588,F84009,Folic Acid_Tab 5mg,0901020G0AAAGAG,4,-0.0071999999999999564
583,F84086,Folic Acid_Tab 5mg,0901020G0AAAGAG,8,-0.0071999999999999564
589,F84658,Folic Acid_Tab 5mg,0901020G0AAAGAG,4,-0.007999999999999952
594,F84740,Folic Acid_Tab 5mg,0901020G0AAAGAG,2,-0.008800000000000002
590,F84093,Folic Acid_Tab 5mg,0901020G0AAAGAG,2,-0.008800000000000002
591,F84724,Folic Acid_Tab 5mg,0901020G0AAAGAG,2,-0.008800000000000002
592,F84124,Folic Acid_Tab 5mg,0901020G0AAAGAG,2,-0.008800000000000002
593,Y02928,Folic Acid_Tab 5mg,0901020G0AAAGAG,2,-0.008800000000000002
595,F84010,Folic Acid_Tab 5mg,0901020G0AAAGAG,2,-0.008800000000000002
596,F84097,Folic Acid_Tab 5mg,0901020G0AAAGAG,2,-0.008800000000000002
597,F84741,Folic Acid_Tab 5mg,0901020G0AAAGAG,2,-0.008800000000000002
598,F84022,Folic Acid_Tab 5mg,0901020G0AAAGAG,2,-0.009599999999999942
599,F84121,Folic Acid_Tab 5mg,0901020G0AAAGAG,3,-0.010799999999999935
600,F84010,Folic Acid_Tab 5mg,0901020G0AAAGAG,3,-0.010799999999999997
328,F84093,Aspirin Disper_Tab 75mg,0209000A0AAABAB,4,-0.011199999999999988
329,F84093,Aspirin Disper_Tab 75mg,0209000A0AAABAB,4,-0.011199999999999988
604,F84017,Folic Acid_Tab 5mg,0901020G0AAAGAG,3,-0.013200000000000003
606,F84111,Folic Acid_Tab 5mg,0901020G0AAAGAG,3,-0.013200000000000003
607,F84121,Folic Acid_Tab 5mg,0901020G0AAAGAG,3,-0.013200000000000003
605,F84004,Folic Acid_Tab 5mg,0901020G0AAAGAG,3,-0.013200000000000003
601,F84739,Folic Acid_Tab 5mg,0901020G0AAAGAG,3,-0.013200000000000003
603,F84734,Folic Acid_Tab 5mg,0901020G0AAAGAG,3,-0.013200000000000003
602,F84641,Folic Acid_Tab 5mg,0901020G0AAAGAG,3,-0.013200000000000003
608,F84735,Folic Acid_Tab 5mg,0901020G0AAAGAG,4,-0.014399999999999996
609,F84658,Folic Acid_Tab 5mg,0901020G0AAAGAG,4,-0.014399999999999996
610,F84670,Folic Acid_Tab 5mg,0901020G0AAAGAG,4,-0.014399999999999996
611,F84093,Folic Acid_Tab 5mg,0901020G0AAAGAG,4,-0.014399999999999996
612,F84004,Folic Acid_Tab 5mg,0901020G0AAAGAG,4,-0.014399999999999996
613,F84014,Folic Acid_Tab 5mg,0901020G0AAAGAG,4,-0.014399999999999996
614,F84009,Folic Acid_Tab 5mg,0901020G0AAAGAG,4,-0.014399999999999996
617,F84729,Folic Acid_Tab 5mg,0901020G0AAAGAG,4,-0.017600000000000005
618,F84070,Folic Acid_Tab 5mg,0901020G0AAAGAG,4,-0.017600000000000005
615,F84074,Folic Acid_Tab 5mg,0901020G0AAAGAG,4,-0.017600000000000005
616,F84014,Folic Acid_Tab 5mg,0901020G0AAAGAG,4,-0.017600000000000005
452,F84737,Lansoprazole_Cap 30mg (E/C Gran),0103050L0AAAAAA,5,-0.01999999999999988
619,F84050,Folic Acid_Tab 5mg,0901020G0AAAGAG,5,-0.022000000000000006
620,F84681,Folic Acid_Tab 5mg,0901020G0AAAGAG,5,-0.022000000000000006
621,F84121,Folic Acid_Tab 5mg,0901020G0AAAGAG,26,-0.02339999999999986
622,F84658,Folic Acid_Tab 5mg,0901020G0AAAGAG,6,-0.026400000000000007
623,F84121,Folic Acid_Tab 5mg,0901020G0AAAGAG,8,-0.028799999999999992
624,F84017,Folic Acid_Tab 5mg,0901020G0AAAGAG,8,-0.028799999999999992
625,F84669,Folic Acid_Tab 5mg,0901020G0AAAGAG,7,-0.030800000000000008
626,F84009,Folic Acid_Tab 5mg,0901020G0AAAGAG,7,-0.030800000000000008
627,F84086,Folic Acid_Tab 5mg,0901020G0AAAGAG,7,-0.030800000000000008
628,F84006,Folic Acid_Tab 5mg,0901020G0AAAGAG,7,-0.030800000000000008
629,F84052,Folic Acid_Tab 5mg,0901020G0AAAGAG,8,-0.03520000000000001
630,F84047,Folic Acid_Tab 5mg,0901020G0AAAGAG,9,-0.03960000000000001
13,F84717,Mesalazine_Tab E/C 800mg,0105010B0AAASAS,3,-110.69999999999997
