,practice_code,bnf_description,bnf_code,items,excess_cost
0,G81057,Quetiapine_Tab 200mg,0402010ABAAADAD,2,218.35199999999998
42,G81087,Losartan Pot_Tab 25mg,0205052N0AAAAAA,21,217.03080000000003
209,G81057,Hydrocort_Tab 10mg,0603020J0AAADAD,3,111.54599999999999
1,G81057,Quetiapine_Tab 200mg,0402010ABAAADAD,6,109.17
215,G81057,Levetiracetam_Tab 500mg,0408010A0AAABAB,4,90.68639999999999
307,G81051,Perindopril Erbumine_Tab 8mg,0205051M0AAAFAF,252,86.18399999999974
244,G81057,Sumatriptan_Tab 50mg,0407041T0AAAFAF,1,82.50119999999998
43,G81087,Losartan Pot_Tab 25mg,0205052N0AAAAAA,3,61.8744
308,G81057,Perindopril Erbumine_Tab 8mg,0205051M0AAAFAF,1,37.205999999999996
241,G81077,Mesalazine_Tab E/C 800mg,0105010B0AAASAS,1,36.89999999999999
398,G81051,Lamotrigine_Tab 200mg,0408010H0AAA1A1,1,28.504
309,G81057,Perindopril Erbumine_Tab 8mg,0205051M0AAAFAF,4,24.816
242,G81077,Mesalazine_Tab E/C 800mg,0105010B0AAASAS,1,24.599999999999994
243,G81041,Mesalazine_Tab E/C 800mg,0105010B0AAASAS,1,22.959999999999994
44,G81051,Losartan Pot_Tab 25mg,0205052N0AAAAAA,36,21.369600000000002
399,G81051,Lamotrigine_Tab 200mg,0408010H0AAA1A1,3,17.085599999999996
45,G81057,Losartan Pot_Tab 25mg,0205052N0AAAAAA,10,15.456000000000001
400,G81087,Lamotrigine_Tab 200mg,0408010H0AAA1A1,1,14.252
57,G81074,Clonazepam_Tab 500mcg,0408010F0AAABAB,15,9.49199999999998
58,G81105,Clonazepam_Tab 500mcg,0408010F0AAABAB,5,7.909999999999984
59,G81026,Clonazepam_Tab 500mcg,0408010F0AAABAB,11,6.960799999999986
60,G81077,Clonazepam_Tab 500mcg,0408010F0AAABAB,5,6.327999999999987
61,G81074,Clonazepam_Tab 500mcg,0408010F0AAABAB,18,5.695199999999988
46,G81051,Losartan Pot_Tab 25mg,0205052N0AAAAAA,3,5.3591999999999995
360,G81074,Amiodarone HCl_Tab 200mg,0203020D0AAABAB,15,5.250000000000004
65,G81082,Clonazepam_Tab 500mcg,0408010F0AAABAB,2,5.06239999999999
66,G81041,Clonazepam_Tab 500mcg,0408010F0AAABAB,8,5.06239999999999
64,G81041,Clonazepam_Tab 500mcg,0408010F0AAABAB,2,5.06239999999999
62,G81082,Clonazepam_Tab 500mcg,0408010F0AAABAB,8,5.06239999999999
63,G81074,Clonazepam_Tab 500mcg,0408010F0AAABAB,4,5.06239999999999
361,G81084,Amiodarone HCl_Tab 200mg,0203020D0AAABAB,14,4.900000000000004
67,G81095,Clonazepam_Tab 500mcg,0408010F0AAABAB,4,4.519999999999991
68,G81039,Clonazepam_Tab 500mcg,0408010F0AAABAB,4,4.519999999999991
69,G81025,Clonazepam_Tab 500mcg,0408010F0AAABAB,9,4.271399999999991
70,G81074,Clonazepam_Tab 500mcg,0408010F0AAABAB,9,4.271399999999991
362,G81087,Amiodarone HCl_Tab 200mg,0203020D0AAABAB,11,3.850000000000003
72,G81023,Clonazepam_Tab 500mcg,0408010F0AAABAB,6,3.796799999999992
75,G81026,Clonazepam_Tab 500mcg,0408010F0AAABAB,12,3.796799999999992
76,G81041,Clonazepam_Tab 500mcg,0408010F0AAABAB,3,3.796799999999992
77,G81026,Clonazepam_Tab 500mcg,0408010F0AAABAB,3,3.796799999999992
73,G81048,Clonazepam_Tab 500mcg,0408010F0AAABAB,6,3.796799999999992
74,G81084,Clonazepam_Tab 500mcg,0408010F0AAABAB,6,3.796799999999992
71,G81031,Clonazepam_Tab 500mcg,0408010F0AAABAB,6,3.796799999999992
310,G81051,Perindopril Erbumine_Tab 8mg,0205051M0AAAFAF,37,3.6777999999999977
364,G81041,Amiodarone HCl_Tab 200mg,0203020D0AAABAB,10,3.500000000000003
363,G81025,Amiodarone HCl_Tab 200mg,0203020D0AAABAB,10,3.500000000000003
78,G81658,Clonazepam_Tab 500mcg,0408010F0AAABAB,11,3.480399999999993
81,G81039,Clonazepam_Tab 500mcg,0408010F0AAABAB,9,2.847599999999994
80,G81658,Clonazepam_Tab 500mcg,0408010F0AAABAB,18,2.847599999999994
79,G81023,Clonazepam_Tab 500mcg,0408010F0AAABAB,9,2.847599999999994
365,G81658,Amiodarone HCl_Tab 200mg,0203020D0AAABAB,8,2.8000000000000025
83,G81026,Clonazepam_Tab 500mcg,0408010F0AAABAB,1,2.531199999999995
89,G81039,Clonazepam_Tab 500mcg,0408010F0AAABAB,2,2.531199999999995
88,G81077,Clonazepam_Tab 500mcg,0408010F0AAABAB,1,2.531199999999995
87,G81105,Clonazepam_Tab 500mcg,0408010F0AAABAB,1,2.531199999999995
86,G81051,Clonazepam_Tab 500mcg,0408010F0AAABAB,1,2.531199999999995
85,G81105,Clonazepam_Tab 500mcg,0408010F0AAABAB,2,2.531199999999995
84,G81077,Clonazepam_Tab 500mcg,0408010F0AAABAB,4,2.531199999999995
82,G81048,Clonazepam_Tab 500mcg,0408010F0AAABAB,2,2.531199999999995
367,G81039,Amiodarone HCl_Tab 200mg,0203020D0AAABAB,7,2.450000000000002
366,G81095,Amiodarone HCl_Tab 200mg,0203020D0AAABAB,7,2.450000000000002
90,G81051,Clonazepam_Tab 500mcg,0408010F0AAABAB,1,2.2599999999999953
91,G81051,Clonazepam_Tab 500mcg,0408010F0AAABAB,2,2.2599999999999953
92,G81026,Clonazepam_Tab 500mcg,0408010F0AAABAB,2,2.2599999999999953
374,G81052,Amiodarone HCl_Tab 200mg,0203020D0AAABAB,6,2.100000000000002
372,G81085,Amiodarone HCl_Tab 200mg,0203020D0AAABAB,6,2.100000000000002
371,G81041,Amiodarone HCl_Tab 200mg,0203020D0AAABAB,3,2.100000000000002
370,G81095,Amiodarone HCl_Tab 200mg,0203020D0AAABAB,3,2.100000000000002
369,G81031,Amiodarone HCl_Tab 200mg,0203020D0AAABAB,6,2.100000000000002
368,G81039,Amiodarone HCl_Tab 200mg,0203020D0AAABAB,3,2.100000000000002
373,G81026,Amiodarone HCl_Tab 200mg,0203020D0AAABAB,6,2.100000000000002
93,G81057,Clonazepam_Tab 500mcg,0408010F0AAABAB,5,2.051999999999994
94,G81095,Clonazepam_Tab 500mcg,0408010F0AAABAB,2,2.033999999999996
96,G81077,Clonazepam_Tab 500mcg,0408010F0AAABAB,1,1.898399999999996
101,G81096,Clonazepam_Tab 500mcg,0408010F0AAABAB,2,1.898399999999996
97,Y03051,Clonazepam_Tab 500mcg,0408010F0AAABAB,2,1.898399999999996
103,G81025,Clonazepam_Tab 500mcg,0408010F0AAABAB,1,1.898399999999996
102,G81031,Clonazepam_Tab 500mcg,0408010F0AAABAB,6,1.898399999999996
99,G81051,Clonazepam_Tab 500mcg,0408010F0AAABAB,3,1.898399999999996
100,G81084,Clonazepam_Tab 500mcg,0408010F0AAABAB,2,1.898399999999996
95,G81025,Clonazepam_Tab 500mcg,0408010F0AAABAB,3,1.898399999999996
98,G81658,Clonazepam_Tab 500mcg,0408010F0AAABAB,3,1.898399999999996
375,G81077,Amiodarone HCl_Tab 200mg,0203020D0AAABAB,5,1.7500000000000016
377,G81057,Amiodarone HCl_Tab 200mg,0203020D0AAABAB,5,1.7500000000000016
378,G81023,Amiodarone HCl_Tab 200mg,0203020D0AAABAB,5,1.7500000000000016
376,G81051,Amiodarone HCl_Tab 200mg,0203020D0AAABAB,5,1.7500000000000016
104,G81026,Clonazepam_Tab 500mcg,0408010F0AAABAB,1,1.5819999999999967
105,G81026,Clonazepam_Tab 500mcg,0408010F0AAABAB,10,1.5819999999999967
106,G81082,Clonazepam_Tab 500mcg,0408010F0AAABAB,1,1.5819999999999967
107,G81074,Clonazepam_Tab 500mcg,0408010F0AAABAB,9,1.423799999999997
108,G81105,Clonazepam_Tab 500mcg,0408010F0AAABAB,6,1.423799999999997
109,G81658,Clonazepam_Tab 500mcg,0408010F0AAABAB,3,1.423799999999997
379,G81048,Amiodarone HCl_Tab 200mg,0203020D0AAABAB,4,1.4000000000000012
380,G81105,Amiodarone HCl_Tab 200mg,0203020D0AAABAB,4,1.4000000000000012
381,G81077,Amiodarone HCl_Tab 200mg,0203020D0AAABAB,2,1.4000000000000012
110,G81025,Clonazepam_Tab 500mcg,0408010F0AAABAB,4,1.3559999999999972
111,G81658,Clonazepam_Tab 500mcg,0408010F0AAABAB,1,1.3559999999999972
113,G81085,Clonazepam_Tab 500mcg,0408010F0AAABAB,2,1.2655999999999974
115,G81051,Clonazepam_Tab 500mcg,0408010F0AAABAB,1,1.2655999999999974
117,G81096,Clonazepam_Tab 500mcg,0408010F0AAABAB,1,1.2655999999999974
118,G81658,Clonazepam_Tab 500mcg,0408010F0AAABAB,1,1.2655999999999974
119,G81096,Clonazepam_Tab 500mcg,0408010F0AAABAB,2,1.2655999999999974
120,G81084,Clonazepam_Tab 500mcg,0408010F0AAABAB,4,1.2655999999999974
121,G81057,Clonazepam_Tab 500mcg,0408010F0AAABAB,4,1.2655999999999974
122,Y03051,Clonazepam_Tab 500mcg,0408010F0AAABAB,1,1.2655999999999974
123,G81052,Clonazepam_Tab 500mcg,0408010F0AAABAB,2,1.2655999999999974
124,G81089,Clonazepam_Tab 500mcg,0408010F0AAABAB,2,1.2655999999999974
125,G81051,Clonazepam_Tab 500mcg,0408010F0AAABAB,4,1.2655999999999974
126,G81105,Clonazepam_Tab 500mcg,0408010F0AAABAB,2,1.2655999999999974
127,G81095,Clonazepam_Tab 500mcg,0408010F0AAABAB,1,1.2655999999999974
128,G81052,Clonazepam_Tab 500mcg,0408010F0AAABAB,1,1.2655999999999974
114,G81087,Clonazepam_Tab 500mcg,0408010F0AAABAB,2,1.2655999999999974
116,G81025,Clonazepam_Tab 500mcg,0408010F0AAABAB,4,1.2655999999999974
112,G81031,Clonazepam_Tab 500mcg,0408010F0AAABAB,1,1.2655999999999974
129,G81658,Clonazepam_Tab 500mcg,0408010F0AAABAB,5,1.1864999999999974
134,G81105,Clonazepam_Tab 500mcg,0408010F0AAABAB,1,1.1299999999999977
133,G81074,Clonazepam_Tab 500mcg,0408010F0AAABAB,1,1.1299999999999977
132,G81031,Clonazepam_Tab 500mcg,0408010F0AAABAB,1,1.1299999999999977
131,G81041,Clonazepam_Tab 500mcg,0408010F0AAABAB,1,1.1299999999999977
130,G81077,Clonazepam_Tab 500mcg,0408010F0AAABAB,1,1.1299999999999977
135,G81041,Clonazepam_Tab 500mcg,0408010F0AAABAB,7,1.1073999999999977
382,G81096,Amiodarone HCl_Tab 200mg,0203020D0AAABAB,1,1.050000000000001
384,G81082,Amiodarone HCl_Tab 200mg,0203020D0AAABAB,3,1.050000000000001
383,G81026,Amiodarone HCl_Tab 200mg,0203020D0AAABAB,1,1.050000000000001
137,G81095,Clonazepam_Tab 500mcg,0408010F0AAABAB,3,1.016999999999998
136,G81658,Clonazepam_Tab 500mcg,0408010F0AAABAB,1,1.016999999999998
143,G81041,Clonazepam_Tab 500mcg,0408010F0AAABAB,1,0.949199999999998
149,G81048,Clonazepam_Tab 500mcg,0408010F0AAABAB,3,0.949199999999998
145,G81089,Clonazepam_Tab 500mcg,0408010F0AAABAB,4,0.949199999999998
144,G81641,Clonazepam_Tab 500mcg,0408010F0AAABAB,6,0.949199999999998
148,G81041,Clonazepam_Tab 500mcg,0408010F0AAABAB,3,0.949199999999998
142,G81057,Clonazepam_Tab 500mcg,0408010F0AAABAB,1,0.949199999999998
141,G81031,Clonazepam_Tab 500mcg,0408010F0AAABAB,4,0.949199999999998
140,G81026,Clonazepam_Tab 500mcg,0408010F0AAABAB,1,0.949199999999998
139,G81048,Clonazepam_Tab 500mcg,0408010F0AAABAB,1,0.949199999999998
138,G81041,Clonazepam_Tab 500mcg,0408010F0AAABAB,4,0.949199999999998
150,G81074,Clonazepam_Tab 500mcg,0408010F0AAABAB,1,0.949199999999998
147,G81023,Clonazepam_Tab 500mcg,0408010F0AAABAB,1,0.949199999999998
151,G81087,Clonazepam_Tab 500mcg,0408010F0AAABAB,3,0.949199999999998
152,G81658,Clonazepam_Tab 500mcg,0408010F0AAABAB,1,0.949199999999998
153,G81051,Clonazepam_Tab 500mcg,0408010F0AAABAB,1,0.949199999999998
154,G81077,Clonazepam_Tab 500mcg,0408010F0AAABAB,1,0.949199999999998
155,G81039,Clonazepam_Tab 500mcg,0408010F0AAABAB,1,0.949199999999998
156,G81641,Clonazepam_Tab 500mcg,0408010F0AAABAB,3,0.949199999999998
146,G81089,Clonazepam_Tab 500mcg,0408010F0AAABAB,3,0.949199999999998
157,G81095,Clonazepam_Tab 500mcg,0408010F0AAABAB,1,0.9039999999999981
158,G81082,Clonazepam_Tab 500mcg,0408010F0AAABAB,1,0.8587999999999982
159,G81087,Clonazepam_Tab 500mcg,0408010F0AAABAB,5,0.7909999999999984
160,G81105,Clonazepam_Tab 500mcg,0408010F0AAABAB,5,0.7909999999999984
389,G81105,Amiodarone HCl_Tab 200mg,0203020D0AAABAB,1,0.7000000000000006
388,G81658,Amiodarone HCl_Tab 200mg,0203020D0AAABAB,1,0.7000000000000006
387,G81082,Amiodarone HCl_Tab 200mg,0203020D0AAABAB,1,0.7000000000000006
386,G81026,Amiodarone HCl_Tab 200mg,0203020D0AAABAB,1,0.7000000000000006
385,G81025,Amiodarone HCl_Tab 200mg,0203020D0AAABAB,1,0.7000000000000006
162,G81082,Clonazepam_Tab 500mcg,0408010F0AAABAB,2,0.6779999999999986
167,G81026,Clonazepam_Tab 500mcg,0408010F0AAABAB,1,0.6779999999999986
165,G81039,Clonazepam_Tab 500mcg,0408010F0AAABAB,1,0.6779999999999986
164,G81052,Clonazepam_Tab 500mcg,0408010F0AAABAB,2,0.6779999999999986
163,G81074,Clonazepam_Tab 500mcg,0408010F0AAABAB,1,0.6779999999999986
161,G81077,Clonazepam_Tab 500mcg,0408010F0AAABAB,1,0.6779999999999986
166,G81095,Clonazepam_Tab 500mcg,0408010F0AAABAB,1,0.6779999999999986
168,G81048,Clonazepam_Tab 500mcg,0408010F0AAABAB,3,0.6659999999999999
173,G81095,Clonazepam_Tab 500mcg,0408010F0AAABAB,2,0.6327999999999987
169,Y03051,Clonazepam_Tab 500mcg,0408010F0AAABAB,1,0.6327999999999987
170,G81025,Clonazepam_Tab 500mcg,0408010F0AAABAB,4,0.6327999999999987
171,G81095,Clonazepam_Tab 500mcg,0408010F0AAABAB,1,0.6327999999999987
172,G81039,Clonazepam_Tab 500mcg,0408010F0AAABAB,1,0.6327999999999987
174,G81039,Clonazepam_Tab 500mcg,0408010F0AAABAB,4,0.6327999999999987
175,G81048,Clonazepam_Tab 500mcg,0408010F0AAABAB,4,0.6327999999999987
176,G81057,Clonazepam_Tab 500mcg,0408010F0AAABAB,1,0.6327999999999987
177,G81085,Clonazepam_Tab 500mcg,0408010F0AAABAB,1,0.5699999999999983
179,G81039,Clonazepam_Tab 500mcg,0408010F0AAABAB,1,0.5699999999999983
178,G81095,Clonazepam_Tab 500mcg,0408010F0AAABAB,1,0.5699999999999983
180,G81095,Clonazepam_Tab 500mcg,0408010F0AAABAB,3,0.474599999999999
182,Y03051,Clonazepam_Tab 500mcg,0408010F0AAABAB,5,0.3954999999999992
181,G81048,Clonazepam_Tab 500mcg,0408010F0AAABAB,5,0.3954999999999992
390,G81026,Amiodarone HCl_Tab 200mg,0203020D0AAABAB,2,0.35840000000000016
391,G81096,Amiodarone HCl_Tab 200mg,0203020D0AAABAB,1,0.3500000000000003
185,G81641,Clonazepam_Tab 500mcg,0408010F0AAABAB,1,0.3389999999999993
186,G81087,Clonazepam_Tab 500mcg,0408010F0AAABAB,1,0.3389999999999993
187,G81105,Clonazepam_Tab 500mcg,0408010F0AAABAB,1,0.3389999999999993
188,G81026,Clonazepam_Tab 500mcg,0408010F0AAABAB,1,0.3389999999999993
183,G81077,Clonazepam_Tab 500mcg,0408010F0AAABAB,1,0.3389999999999993
184,G81084,Clonazepam_Tab 500mcg,0408010F0AAABAB,1,0.3389999999999993
393,G81095,Amiodarone HCl_Tab 200mg,0203020D0AAABAB,4,0.3388
392,G81023,Amiodarone HCl_Tab 200mg,0203020D0AAABAB,4,0.3388
394,G81077,Amiodarone HCl_Tab 200mg,0203020D0AAABAB,4,0.3388
190,G81031,Clonazepam_Tab 500mcg,0408010F0AAABAB,4,0.31639999999999935
192,G81082,Clonazepam_Tab 500mcg,0408010F0AAABAB,1,0.31639999999999935
196,Y03051,Clonazepam_Tab 500mcg,0408010F0AAABAB,1,0.31639999999999935
194,G81077,Clonazepam_Tab 500mcg,0408010F0AAABAB,4,0.31639999999999935
193,G81085,Clonazepam_Tab 500mcg,0408010F0AAABAB,1,0.31639999999999935
195,G81105,Clonazepam_Tab 500mcg,0408010F0AAABAB,1,0.31639999999999935
191,G81077,Clonazepam_Tab 500mcg,0408010F0AAABAB,1,0.31639999999999935
189,G81052,Clonazepam_Tab 500mcg,0408010F0AAABAB,1,0.31639999999999935
311,G81041,Perindopril Erbumine_Tab 8mg,0205051M0AAAFAF,54,0.3023999999999667
312,G81039,Perindopril Erbumine_Tab 8mg,0205051M0AAAFAF,53,0.2967999999999673
197,G81041,Clonazepam_Tab 500mcg,0408010F0AAABAB,3,0.2372999999999995
198,G81041,Clonazepam_Tab 500mcg,0408010F0AAABAB,2,0.23199999999999998
199,G81031,Clonazepam_Tab 500mcg,0408010F0AAABAB,1,0.22199999999999998
200,G81057,Clonazepam_Tab 500mcg,0408010F0AAABAB,1,0.20159999999999978
395,G81084,Amiodarone HCl_Tab 200mg,0203020D0AAABAB,1,0.17920000000000008
396,G81039,Amiodarone HCl_Tab 200mg,0203020D0AAABAB,1,0.17920000000000008
201,G81048,Clonazepam_Tab 500mcg,0408010F0AAABAB,1,0.174
397,G81048,Amiodarone HCl_Tab 200mg,0203020D0AAABAB,2,0.1694
203,G81051,Clonazepam_Tab 500mcg,0408010F0AAABAB,1,0.15819999999999967
202,G81074,Clonazepam_Tab 500mcg,0408010F0AAABAB,2,0.15819999999999967
313,G81026,Perindopril Erbumine_Tab 8mg,0205051M0AAAFAF,27,0.15119999999998335
205,G81041,Clonazepam_Tab 500mcg,0408010F0AAABAB,1,0.09439999999999982
204,G81658,Clonazepam_Tab 500mcg,0408010F0AAABAB,1,0.09439999999999982
206,G81051,Clonazepam_Tab 500mcg,0408010F0AAABAB,1,0.07909999999999984
207,G81039,Clonazepam_Tab 500mcg,0408010F0AAABAB,1,0.07909999999999984
208,G81039,Clonazepam_Tab 500mcg,0408010F0AAABAB,1,0.057999999999999996
314,G81074,Perindopril Erbumine_Tab 8mg,0205051M0AAAFAF,10,0.05599999999999383
315,G81023,Perindopril Erbumine_Tab 8mg,0205051M0AAAFAF,10,0.05599999999999383
2,G81085,Quetiapine_Tab 200mg,0402010ABAAADAD,32,0.04160000000000075
47,G81048,Losartan Pot_Tab 25mg,0205052N0AAAAAA,12,0.02520000000000014
317,G81025,Perindopril Erbumine_Tab 8mg,0205051M0AAAFAF,4,0.022399999999997533
401,G81048,Lamotrigine_Tab 200mg,0408010H0AAA1A1,4,0.022399999999997533
316,G81105,Perindopril Erbumine_Tab 8mg,0205051M0AAAFAF,4,0.022399999999997533
216,G81082,Levetiracetam_Tab 500mg,0408010A0AAABAB,2,0.018000000000003014
48,G81095,Losartan Pot_Tab 25mg,0205052N0AAAAAA,8,0.016800000000000093
318,G81077,Perindopril Erbumine_Tab 8mg,0205051M0AAAFAF,3,0.01679999999999815
49,G81658,Losartan Pot_Tab 25mg,0205052N0AAAAAA,7,0.014700000000000081
217,G81026,Levetiracetam_Tab 500mg,0408010A0AAABAB,5,0.014000000000002344
218,G81048,Levetiracetam_Tab 500mg,0408010A0AAABAB,4,0.011200000000001875
322,G81048,Perindopril Erbumine_Tab 8mg,0205051M0AAAFAF,2,0.011199999999998766
323,G81084,Perindopril Erbumine_Tab 8mg,0205051M0AAAFAF,2,0.011199999999998766
402,G81077,Lamotrigine_Tab 200mg,0408010H0AAA1A1,2,0.011199999999998766
319,Y03051,Perindopril Erbumine_Tab 8mg,0205051M0AAAFAF,2,0.011199999999998766
320,G81658,Perindopril Erbumine_Tab 8mg,0205051M0AAAFAF,2,0.011199999999998766
321,G81089,Perindopril Erbumine_Tab 8mg,0205051M0AAAFAF,2,0.011199999999998766
210,G81087,Hydrocort_Tab 10mg,0603020J0AAADAD,2,0.008999999999999009
51,G81057,Losartan Pot_Tab 25mg,0205052N0AAAAAA,4,0.008400000000000046
50,G81023,Losartan Pot_Tab 25mg,0205052N0AAAAAA,4,0.008400000000000046
245,G81039,Sumatriptan_Tab 50mg,0407041T0AAAFAF,2,0.006799999999999695
220,G81087,Levetiracetam_Tab 500mg,0408010A0AAABAB,1,0.006000000000000172
219,G81077,Levetiracetam_Tab 500mg,0408010A0AAABAB,1,0.006000000000000172
324,G81031,Perindopril Erbumine_Tab 8mg,0205051M0AAAFAF,1,0.005599999999999383
325,G81095,Perindopril Erbumine_Tab 8mg,0205051M0AAAFAF,1,0.005599999999999383
326,G81641,Perindopril Erbumine_Tab 8mg,0205051M0AAAFAF,1,0.005599999999999383
327,G81096,Perindopril Erbumine_Tab 8mg,0205051M0AAAFAF,1,0.005599999999999383
211,G81026,Hydrocort_Tab 10mg,0603020J0AAADAD,1,0.004499999999999504
52,G81057,Losartan Pot_Tab 25mg,0205052N0AAAAAA,1,0.004200000000000023
53,G81041,Losartan Pot_Tab 25mg,0205052N0AAAAAA,1,0.004200000000000023
328,G81041,Perindopril Erbumine_Tab 8mg,0205051M0AAAFAF,1,0.0041999999999995374
329,Y03051,Perindopril Erbumine_Tab 8mg,0205051M0AAAFAF,1,0.0041999999999995374
330,G81039,Perindopril Erbumine_Tab 8mg,0205051M0AAAFAF,1,0.0041999999999995374
3,G81039,Quetiapine_Tab 200mg,0402010ABAAADAD,1,0.00390000000000007
221,G81031,Levetiracetam_Tab 500mg,0408010A0AAABAB,1,0.0028000000000004688
54,G81039,Losartan Pot_Tab 25mg,0205052N0AAAAAA,1,0.0021000000000000116
410,G81658,Lamotrigine_Tab 200mg,0408010H0AAA1A1,5,0.0
408,G81074,Lamotrigine_Tab 200mg,0408010H0AAA1A1,5,0.0
407,G81082,Lamotrigine_Tab 200mg,0408010H0AAA1A1,1,0.0
406,G81084,Lamotrigine_Tab 200mg,0408010H0AAA1A1,4,0.0
405,Y03051,Lamotrigine_Tab 200mg,0408010H0AAA1A1,1,0.0
404,G81048,Lamotrigine_Tab 200mg,0408010H0AAA1A1,1,0.0
403,G81077,Lamotrigine_Tab 200mg,0408010H0AAA1A1,1,0.0
251,Y03051,Sumatriptan_Tab 50mg,0407041T0AAAFAF,1,0.0
246,G81085,Sumatriptan_Tab 50mg,0407041T0AAAFAF,3,0.0
247,G81031,Sumatriptan_Tab 50mg,0407041T0AAAFAF,4,0.0
250,G81048,Sumatriptan_Tab 50mg,0407041T0AAAFAF,25,0.0
248,G81658,Sumatriptan_Tab 50mg,0407041T0AAAFAF,15,0.0
249,G81048,Sumatriptan_Tab 50mg,0407041T0AAAFAF,7,0.0
303,G81089,Sumatriptan_Tab 50mg,0407041T0AAAFAF,2,0.0
302,G81025,Sumatriptan_Tab 50mg,0407041T0AAAFAF,6,0.0
301,G81041,Sumatriptan_Tab 50mg,0407041T0AAAFAF,1,0.0
300,G81095,Sumatriptan_Tab 50mg,0407041T0AAAFAF,1,0.0
299,G81096,Sumatriptan_Tab 50mg,0407041T0AAAFAF,4,0.0
298,G81074,Sumatriptan_Tab 50mg,0407041T0AAAFAF,2,0.0
297,G81084,Sumatriptan_Tab 50mg,0407041T0AAAFAF,17,0.0
409,G81039,Lamotrigine_Tab 200mg,0408010H0AAA1A1,1,0.0
411,G81077,Lamotrigine_Tab 200mg,0408010H0AAA1A1,2,0.0
295,G81041,Sumatriptan_Tab 50mg,0407041T0AAAFAF,15,0.0
412,G81031,Lamotrigine_Tab 200mg,0408010H0AAA1A1,3,0.0
431,G81057,Lamotrigine_Tab 200mg,0408010H0AAA1A1,1,0.0
430,G81025,Lamotrigine_Tab 200mg,0408010H0AAA1A1,1,0.0
429,G81039,Lamotrigine_Tab 200mg,0408010H0AAA1A1,1,0.0
428,G81658,Lamotrigine_Tab 200mg,0408010H0AAA1A1,2,0.0
427,G81105,Lamotrigine_Tab 200mg,0408010H0AAA1A1,1,0.0
426,G81074,Lamotrigine_Tab 200mg,0408010H0AAA1A1,2,0.0
425,G81082,Lamotrigine_Tab 200mg,0408010H0AAA1A1,1,0.0
424,G81095,Lamotrigine_Tab 200mg,0408010H0AAA1A1,4,0.0
423,G81095,Lamotrigine_Tab 200mg,0408010H0AAA1A1,1,0.0
422,G81096,Lamotrigine_Tab 200mg,0408010H0AAA1A1,1,0.0
421,G81105,Lamotrigine_Tab 200mg,0408010H0AAA1A1,1,0.0
420,G81041,Lamotrigine_Tab 200mg,0408010H0AAA1A1,3,0.0
419,G81658,Lamotrigine_Tab 200mg,0408010H0AAA1A1,4,0.0
418,G81039,Lamotrigine_Tab 200mg,0408010H0AAA1A1,3,0.0
417,G81041,Lamotrigine_Tab 200mg,0408010H0AAA1A1,2,0.0
416,G81087,Lamotrigine_Tab 200mg,0408010H0AAA1A1,1,0.0
415,G81048,Lamotrigine_Tab 200mg,0408010H0AAA1A1,7,0.0
414,G81082,Lamotrigine_Tab 200mg,0408010H0AAA1A1,2,0.0
413,G81025,Lamotrigine_Tab 200mg,0408010H0AAA1A1,2,0.0
296,G81051,Sumatriptan_Tab 50mg,0407041T0AAAFAF,9,0.0
432,G81026,Lamotrigine_Tab 200mg,0408010H0AAA1A1,3,0.0
294,G81023,Sumatriptan_Tab 50mg,0407041T0AAAFAF,2,0.0
270,G81087,Sumatriptan_Tab 50mg,0407041T0AAAFAF,15,0.0
260,G81096,Sumatriptan_Tab 50mg,0407041T0AAAFAF,5,0.0
261,G81095,Sumatriptan_Tab 50mg,0407041T0AAAFAF,1,0.0
262,Y03051,Sumatriptan_Tab 50mg,0407041T0AAAFAF,5,0.0
263,G81085,Sumatriptan_Tab 50mg,0407041T0AAAFAF,1,0.0
281,G81105,Sumatriptan_Tab 50mg,0407041T0AAAFAF,1,0.0
264,G81025,Sumatriptan_Tab 50mg,0407041T0AAAFAF,1,0.0
265,G81025,Sumatriptan_Tab 50mg,0407041T0AAAFAF,5,0.0
266,G81023,Sumatriptan_Tab 50mg,0407041T0AAAFAF,8,0.0
267,G81105,Sumatriptan_Tab 50mg,0407041T0AAAFAF,7,0.0
268,G81057,Sumatriptan_Tab 50mg,0407041T0AAAFAF,4,0.0
271,G81025,Sumatriptan_Tab 50mg,0407041T0AAAFAF,1,0.0
258,G81052,Sumatriptan_Tab 50mg,0407041T0AAAFAF,3,0.0
272,G81052,Sumatriptan_Tab 50mg,0407041T0AAAFAF,1,0.0
273,G81041,Sumatriptan_Tab 50mg,0407041T0AAAFAF,10,0.0
274,G81051,Sumatriptan_Tab 50mg,0407041T0AAAFAF,4,0.0
275,G81039,Sumatriptan_Tab 50mg,0407041T0AAAFAF,1,0.0
276,G81052,Sumatriptan_Tab 50mg,0407041T0AAAFAF,2,0.0
277,G81039,Sumatriptan_Tab 50mg,0407041T0AAAFAF,13,0.0
278,G81658,Sumatriptan_Tab 50mg,0407041T0AAAFAF,5,0.0
279,G81074,Sumatriptan_Tab 50mg,0407041T0AAAFAF,7,0.0
280,G81095,Sumatriptan_Tab 50mg,0407041T0AAAFAF,4,0.0
293,G81074,Sumatriptan_Tab 50mg,0407041T0AAAFAF,16,0.0
259,G81089,Sumatriptan_Tab 50mg,0407041T0AAAFAF,1,0.0
269,G81095,Sumatriptan_Tab 50mg,0407041T0AAAFAF,6,0.0
257,G81082,Sumatriptan_Tab 50mg,0407041T0AAAFAF,5,0.0
287,G81082,Sumatriptan_Tab 50mg,0407041T0AAAFAF,14,0.0
288,G81085,Sumatriptan_Tab 50mg,0407041T0AAAFAF,3,0.0
289,G81087,Sumatriptan_Tab 50mg,0407041T0AAAFAF,2,0.0
286,G81039,Sumatriptan_Tab 50mg,0407041T0AAAFAF,8,0.0
285,G81023,Sumatriptan_Tab 50mg,0407041T0AAAFAF,2,0.0
253,G81077,Sumatriptan_Tab 50mg,0407041T0AAAFAF,1,0.0
290,G81082,Sumatriptan_Tab 50mg,0407041T0AAAFAF,1,0.0
284,G81026,Sumatriptan_Tab 50mg,0407041T0AAAFAF,12,0.0
283,G81039,Sumatriptan_Tab 50mg,0407041T0AAAFAF,3,0.0
282,G81041,Sumatriptan_Tab 50mg,0407041T0AAAFAF,1,0.0
254,G81084,Sumatriptan_Tab 50mg,0407041T0AAAFAF,10,0.0
291,G81105,Sumatriptan_Tab 50mg,0407041T0AAAFAF,7,0.0
256,G81057,Sumatriptan_Tab 50mg,0407041T0AAAFAF,3,0.0
292,G81031,Sumatriptan_Tab 50mg,0407041T0AAAFAF,12,0.0
255,G81026,Sumatriptan_Tab 50mg,0407041T0AAAFAF,9,0.0
252,G81077,Sumatriptan_Tab 50mg,0407041T0AAAFAF,8,0.0
4,G81051,Quetiapine_Tab 200mg,0402010ABAAADAD,1,-0.0006999999999999229
5,G81641,Quetiapine_Tab 200mg,0402010ABAAADAD,1,-0.0013999999999998458
6,G81048,Quetiapine_Tab 200mg,0402010ABAAADAD,1,-0.0024000000000000687
16,G81025,Quetiapine_Tab 200mg,0402010ABAAADAD,2,-0.0027999999999996916
15,G81041,Quetiapine_Tab 200mg,0402010ABAAADAD,4,-0.0027999999999996916
14,G81025,Quetiapine_Tab 200mg,0402010ABAAADAD,1,-0.0027999999999996916
13,G81041,Quetiapine_Tab 200mg,0402010ABAAADAD,1,-0.0027999999999996916
12,G81089,Quetiapine_Tab 200mg,0402010ABAAADAD,1,-0.0027999999999996916
11,G81084,Quetiapine_Tab 200mg,0402010ABAAADAD,4,-0.0027999999999996916
10,G81025,Quetiapine_Tab 200mg,0402010ABAAADAD,4,-0.0027999999999996916
9,G81082,Quetiapine_Tab 200mg,0402010ABAAADAD,1,-0.0027999999999996916
8,G81026,Quetiapine_Tab 200mg,0402010ABAAADAD,2,-0.0027999999999996916
7,G81023,Quetiapine_Tab 200mg,0402010ABAAADAD,1,-0.0027999999999996916
334,G81105,Perindopril Erbumine_Tab 8mg,0205051M0AAAFAF,1,-0.002800000000001246
335,G81087,Perindopril Erbumine_Tab 8mg,0205051M0AAAFAF,1,-0.002800000000001246
331,G81057,Perindopril Erbumine_Tab 8mg,0205051M0AAAFAF,1,-0.002800000000001246
332,G81641,Perindopril Erbumine_Tab 8mg,0205051M0AAAFAF,1,-0.002800000000001246
333,G81082,Perindopril Erbumine_Tab 8mg,0205051M0AAAFAF,1,-0.002800000000001246
304,G81039,Sumatriptan_Tab 50mg,0407041T0AAAFAF,1,-0.00300000000000078
305,G81051,Sumatriptan_Tab 50mg,0407041T0AAAFAF,1,-0.0032000000000000917
17,Y03051,Quetiapine_Tab 200mg,0402010ABAAADAD,5,-0.0034999999999996145
20,G81641,Quetiapine_Tab 200mg,0402010ABAAADAD,6,-0.0041999999999995374
21,G81023,Quetiapine_Tab 200mg,0402010ABAAADAD,1,-0.0041999999999995374
19,G81026,Quetiapine_Tab 200mg,0402010ABAAADAD,6,-0.0041999999999995374
18,G81048,Quetiapine_Tab 200mg,0402010ABAAADAD,2,-0.0041999999999995374
22,G81031,Quetiapine_Tab 200mg,0402010ABAAADAD,7,-0.00489999999999946
228,G81077,Levetiracetam_Tab 500mg,0408010A0AAABAB,1,-0.005599999999999383
222,G81096,Levetiracetam_Tab 500mg,0408010A0AAABAB,1,-0.005599999999999383
23,G81084,Quetiapine_Tab 200mg,0402010ABAAADAD,2,-0.005599999999999383
24,G81084,Quetiapine_Tab 200mg,0402010ABAAADAD,4,-0.005599999999999383
25,G81074,Quetiapine_Tab 200mg,0402010ABAAADAD,8,-0.005599999999999383
26,Y03051,Quetiapine_Tab 200mg,0402010ABAAADAD,2,-0.005599999999999383
227,G81085,Levetiracetam_Tab 500mg,0408010A0AAABAB,1,-0.005599999999999383
226,G81051,Levetiracetam_Tab 500mg,0408010A0AAABAB,1,-0.005599999999999383
306,G81039,Sumatriptan_Tab 50mg,0407041T0AAAFAF,2,-0.005599999999999383
223,G81048,Levetiracetam_Tab 500mg,0408010A0AAABAB,1,-0.005599999999999383
225,G81087,Levetiracetam_Tab 500mg,0408010A0AAABAB,1,-0.005599999999999383
224,G81023,Levetiracetam_Tab 500mg,0408010A0AAABAB,1,-0.005599999999999383
336,G81095,Perindopril Erbumine_Tab 8mg,0205051M0AAAFAF,2,-0.005600000000002492
27,G81105,Quetiapine_Tab 200mg,0402010ABAAADAD,9,-0.006299999999999306
31,G81096,Quetiapine_Tab 200mg,0402010ABAAADAD,3,-0.008399999999999075
32,G81095,Quetiapine_Tab 200mg,0402010ABAAADAD,3,-0.008399999999999075
29,G81077,Quetiapine_Tab 200mg,0402010ABAAADAD,3,-0.008399999999999075
30,G81658,Quetiapine_Tab 200mg,0402010ABAAADAD,4,-0.008399999999999075
28,G81048,Quetiapine_Tab 200mg,0402010ABAAADAD,6,-0.008399999999999075
229,G81051,Levetiracetam_Tab 500mg,0408010A0AAABAB,3,-0.00840000000000024
337,G81085,Perindopril Erbumine_Tab 8mg,0205051M0AAAFAF,3,-0.00840000000000024
338,G81052,Perindopril Erbumine_Tab 8mg,0205051M0AAAFAF,3,-0.008400000000003738
55,G81039,Losartan Pot_Tab 25mg,0205052N0AAAAAA,1,-0.008999999999999946
33,G81039,Quetiapine_Tab 200mg,0402010ABAAADAD,15,-0.010499999999998844
36,G81048,Quetiapine_Tab 200mg,0402010ABAAADAD,4,-0.011199999999998766
212,G81041,Hydrocort_Tab 10mg,0603020J0AAADAD,1,-0.011199999999998766
213,G81658,Hydrocort_Tab 10mg,0603020J0AAADAD,1,-0.011199999999998766
34,G81026,Quetiapine_Tab 200mg,0402010ABAAADAD,4,-0.011199999999998766
230,G81084,Levetiracetam_Tab 500mg,0408010A0AAABAB,2,-0.011199999999998766
35,G81039,Quetiapine_Tab 200mg,0402010ABAAADAD,4,-0.011199999999998766
231,G81641,Levetiracetam_Tab 500mg,0408010A0AAABAB,2,-0.011199999999998766
232,G81082,Levetiracetam_Tab 500mg,0408010A0AAABAB,2,-0.011199999999998766
37,G81658,Quetiapine_Tab 200mg,0402010ABAAADAD,16,-0.011199999999998766
341,Y03051,Perindopril Erbumine_Tab 8mg,0205051M0AAAFAF,4,-0.01120000000000032
235,G81023,Levetiracetam_Tab 500mg,0408010A0AAABAB,4,-0.01120000000000032
234,G81095,Levetiracetam_Tab 500mg,0408010A0AAABAB,4,-0.01120000000000032
233,G81074,Levetiracetam_Tab 500mg,0408010A0AAABAB,4,-0.01120000000000032
339,G81096,Perindopril Erbumine_Tab 8mg,0205051M0AAAFAF,4,-0.01120000000000032
340,G81041,Perindopril Erbumine_Tab 8mg,0205051M0AAAFAF,4,-0.01120000000000032
342,G81057,Perindopril Erbumine_Tab 8mg,0205051M0AAAFAF,4,-0.01120000000000032
56,G81031,Losartan Pot_Tab 25mg,0205052N0AAAAAA,4,-0.012799999999999923
38,G81084,Quetiapine_Tab 200mg,0402010ABAAADAD,1,-0.013999999999998458
214,G81039,Hydrocort_Tab 10mg,0603020J0AAADAD,1,-0.013999999999998458
343,G81641,Perindopril Erbumine_Tab 8mg,0205051M0AAAFAF,5,-0.014000000000000401
344,G81658,Perindopril Erbumine_Tab 8mg,0205051M0AAAFAF,5,-0.01400000000000623
39,G81031,Quetiapine_Tab 200mg,0402010ABAAADAD,6,-0.01679999999999815
239,G81025,Levetiracetam_Tab 500mg,0408010A0AAABAB,3,-0.01679999999999815
238,G81658,Levetiracetam_Tab 500mg,0408010A0AAABAB,3,-0.01679999999999815
237,G81074,Levetiracetam_Tab 500mg,0408010A0AAABAB,3,-0.01679999999999815
236,G81039,Levetiracetam_Tab 500mg,0408010A0AAABAB,3,-0.01679999999999815
345,G81048,Perindopril Erbumine_Tab 8mg,0205051M0AAAFAF,6,-0.016800000000007476
346,G81089,Perindopril Erbumine_Tab 8mg,0205051M0AAAFAF,7,-0.01960000000000872
347,G81051,Perindopril Erbumine_Tab 8mg,0205051M0AAAFAF,7,-0.01960000000000872
348,G81077,Perindopril Erbumine_Tab 8mg,0205051M0AAAFAF,7,-0.01960000000000872
240,G81041,Levetiracetam_Tab 500mg,0408010A0AAABAB,4,-0.022399999999997533
349,G81025,Perindopril Erbumine_Tab 8mg,0205051M0AAAFAF,9,-0.025200000000011213
40,G81074,Quetiapine_Tab 200mg,0402010ABAAADAD,10,-0.027999999999996916
351,G81096,Perindopril Erbumine_Tab 8mg,0205051M0AAAFAF,10,-0.02800000000001246
350,G81031,Perindopril Erbumine_Tab 8mg,0205051M0AAAFAF,10,-0.02800000000001246
41,G81658,Quetiapine_Tab 200mg,0402010ABAAADAD,14,-0.03919999999999568
352,G81095,Perindopril Erbumine_Tab 8mg,0205051M0AAAFAF,16,-0.04480000000000128
353,G81074,Perindopril Erbumine_Tab 8mg,0205051M0AAAFAF,17,-0.04760000000002118
354,G81026,Perindopril Erbumine_Tab 8mg,0205051M0AAAFAF,18,-0.05040000000002243
355,G81039,Perindopril Erbumine_Tab 8mg,0205051M0AAAFAF,20,-0.05600000000002492
356,G81041,Perindopril Erbumine_Tab 8mg,0205051M0AAAFAF,21,-0.058800000000026165
357,G81023,Perindopril Erbumine_Tab 8mg,0205051M0AAAFAF,23,-0.06440000000002866
358,G81084,Perindopril Erbumine_Tab 8mg,0205051M0AAAFAF,50,-0.1400000000000623
359,G81057,Perindopril Erbumine_Tab 8mg,0205051M0AAAFAF,81,-81.89100000000009
