,practice_code,bnf_description,bnf_code,items,excess_cost
0,A82004,Clonazepam_Tab 500mcg,0408010F0AAABAB,4,0.31639999999999935
1,A82004,Lamotrigine_Tab 100mg,0408010H0AAAAAA,1,0.0
2,A82004,Mesalazine_Tab E/C 400mg,0105010B0AAAAAA,1,-12.833999999999998
3,A82004,Sumatriptan_Tab 50mg,0407041T0AAAFAF,1,0.0
4,A82006,Amiodarone HCl_Tab 200mg,0203020D0AAABAB,4,1.4000000000000012
5,A82006,Clonazepam_Tab 500mcg,0408010F0AAABAB,11,5.199199999999989
6,A82006,Isosorbide Mononit_Tab 10mg,0206010K0AAABAB,1,-0.005999999999999964
7,A82006,Lamotrigine_Tab 100mg,0408010H0AAAAAA,5,0.005599999999999383
8,A82006,Mesalazine_Tab E/C 800mg,0105010B0AAASAS,2,34.43999999999999
9,A82006,Sumatriptan_Tab 50mg,0407041T0AAAFAF,11,0.0
10,A82012,Amiodarone HCl_Tab 200mg,0203020D0AAABAB,16,5.078500000000004
11,A82012,Clonazepam_Tab 500mcg,0408010F0AAABAB,25,10.05999999999998
12,A82012,Lamotrigine_Tab 100mg,0408010H0AAAAAA,25,0.01679999999999815
13,A82012,Mesalazine_Tab E/C 400mg,0105010B0AAAAAA,2,-42.779999999999994
14,A82012,Mesalazine_Tab E/C 800mg,0105010B0AAASAS,1,36.89999999999999
15,A82012,Sumatriptan_Tab 50mg,0407041T0AAAFAF,36,0.0
16,A82013,Amiodarone HCl_Tab 200mg,0203020D0AAABAB,5,2.450000000000002
17,A82013,Clonazepam_Tab 500mcg,0408010F0AAABAB,8,4.113199999999992
18,A82013,Lamotrigine_Tab 100mg,0408010H0AAAAAA,3,21.31919999999999
19,A82013,Naratriptan HCl_Tab 2.5mg,0407041M0AAAAAA,2,24.220799999999997
20,A82013,Sumatriptan_Tab 50mg,0407041T0AAAFAF,7,12.971999999999998
21,A82014,Amiodarone HCl_Tab 200mg,0203020D0AAABAB,7,1.1235000000000006
22,A82014,Clonazepam_Tab 500mcg,0408010F0AAABAB,1,0.6327999999999987
23,A82014,Isosorbide Mononit_Tab 10mg,0206010K0AAABAB,8,0.0335999999999998
24,A82014,Lamotrigine_Tab 100mg,0408010H0AAAAAA,2,0.008399999999999075
25,A82014,Sumatriptan_Tab 50mg,0407041T0AAAFAF,9,0.0
26,A82015,Amiodarone HCl_Tab 200mg,0203020D0AAABAB,7,2.0888000000000018
27,A82015,Clonazepam_Tab 500mcg,0408010F0AAABAB,11,6.508799999999986
28,A82015,Lamotrigine_Tab 100mg,0408010H0AAAAAA,6,0.0
29,A82015,Mesalazine_Tab E/C 800mg,0105010B0AAASAS,1,34.43999999999999
30,A82015,Sumatriptan_Tab 50mg,0407041T0AAAFAF,7,0.0
31,A82016,Amiodarone HCl_Tab 200mg,0203020D0AAABAB,29,9.077600000000007
32,A82016,Clonazepam_Tab 500mcg,0408010F0AAABAB,92,47.476999999999904
33,A82016,Isosorbide Mononit_Tab 10mg,0206010K0AAABAB,4,0.0167999999999999
34,A82016,Lamotrigine_Tab 100mg,0408010H0AAAAAA,84,0.21279999999997656
35,A82016,Mesalazine_Tab E/C 400mg,0105010B0AAAAAA,2,-7.985599999999998
36,A82016,Mesalazine_Tab E/C 800mg,0105010B0AAASAS,3,0.0
37,A82016,Sumatriptan_Tab 50mg,0407041T0AAAFAF,50,0.0
38,A82018,Amiodarone HCl_Tab 200mg,0203020D0AAABAB,5,2.8000000000000025
39,A82018,Clonazepam_Tab 500mcg,0408010F0AAABAB,23,15.910399999999967
40,A82018,Lamotrigine_Tab 100mg,0408010H0AAAAAA,30,0.03639999999999599
41,A82018,Mesalazine_Tab E/C 400mg,0105010B0AAAAAA,1,23.956799999999998
42,A82018,Mesalazine_Tab E/C 800mg,0105010B0AAASAS,3,109.05999999999997
43,A82018,Sumatriptan_Tab 50mg,0407041T0AAAFAF,19,0.0
44,A82019,Amiodarone HCl_Tab 200mg,0203020D0AAABAB,5,1.7500000000000016
45,A82019,Clonazepam_Tab 500mcg,0408010F0AAABAB,6,5.717799999999989
46,A82019,Isosorbide Mononit_Tab 10mg,0206010K0AAABAB,4,0.0167999999999999
47,A82019,Lamotrigine_Tab 100mg,0408010H0AAAAAA,22,0.044799999999995066
48,A82019,Sumatriptan_Tab 50mg,0407041T0AAAFAF,11,0.0
49,A82020,Clonazepam_Tab 500mcg,0408010F0AAABAB,27,8.407199999999982
50,A82020,Lamotrigine_Tab 100mg,0408010H0AAAAAA,33,0.03919999999999568
51,A82020,Mesalazine_Tab E/C 400mg,0105010B0AAAAAA,2,-10.267199999999999
52,A82020,Mesalazine_Tab E/C 800mg,0105010B0AAASAS,2,34.43999999999999
53,A82020,Sumatriptan_Tab 50mg,0407041T0AAAFAF,24,0.0
54,A82021,Amiodarone HCl_Tab 200mg,0203020D0AAABAB,8,2.8000000000000025
55,A82021,Clonazepam_Tab 500mcg,0408010F0AAABAB,16,6.327999999999987
56,A82021,Lamotrigine_Tab 100mg,0408010H0AAAAAA,15,0.005599999999999383
57,A82021,Mesalazine_Tab E/C 400mg,0105010B0AAAAAA,1,12.833999999999998
58,A82021,Mesalazine_Tab E/C 800mg,0105010B0AAASAS,2,-25.419999999999995
59,A82021,Sumatriptan_Tab 50mg,0407041T0AAAFAF,37,0.0031999999999996476
60,A82022,Amiodarone HCl_Tab 200mg,0203020D0AAABAB,1,0.3500000000000003
61,A82022,Clonazepam_Tab 500mcg,0408010F0AAABAB,5,1.988799999999996
62,A82022,Isosorbide Mononit_Tab 10mg,0206010K0AAABAB,1,0.004199999999999975
63,A82022,Lamotrigine_Tab 100mg,0408010H0AAAAAA,9,0.005599999999999383
64,A82022,Mesalazine_Tab E/C 400mg,0105010B0AAAAAA,1,-17.112
65,A82022,Sumatriptan_Tab 50mg,0407041T0AAAFAF,9,0.0
66,A82023,Amiodarone HCl_Tab 200mg,0203020D0AAABAB,9,3.150000000000003
67,A82023,Clonazepam_Tab 500mcg,0408010F0AAABAB,3,1.468999999999997
68,A82023,Lamotrigine_Tab 100mg,0408010H0AAAAAA,11,63.96539999999999
69,A82023,Sumatriptan_Tab 50mg,0407041T0AAAFAF,4,0.0
70,A82024,Amiodarone HCl_Tab 200mg,0203020D0AAABAB,11,3.850000000000003
71,A82024,Clonazepam_Tab 500mcg,0408010F0AAABAB,4,2.7119999999999944
72,A82024,Lamotrigine_Tab 100mg,0408010H0AAAAAA,5,0.0
73,A82024,Naratriptan HCl_Tab 2.5mg,0407041M0AAAAAA,3,48.44160000000001
74,A82024,Sumatriptan_Tab 50mg,0407041T0AAAFAF,14,25.944
75,A82028,Amiodarone HCl_Tab 200mg,0203020D0AAABAB,6,2.362500000000002
76,A82028,Clonazepam_Tab 500mcg,0408010F0AAABAB,4,1.4395999999999973
77,A82028,Lamotrigine_Tab 100mg,0408010H0AAAAAA,10,0.0
78,A82028,Mesalazine_Tab E/C 400mg,0105010B0AAAAAA,1,23.956799999999998
79,A82028,Risperidone_Tab 6mg,040201030AAAFAF,1,29.2096
80,A82028,Sumatriptan_Tab 50mg,0407041T0AAAFAF,17,0.0
81,A82029,Amiodarone HCl_Tab 200mg,0203020D0AAABAB,2,0.7000000000000006
82,A82029,Isosorbide Mononit_Tab 10mg,0206010K0AAABAB,17,148.848
83,A82029,Mesalazine_Tab E/C 400mg,0105010B0AAAAAA,1,-34.224
84,A82029,Mesalazine_Tab E/C 800mg,0105010B0AAASAS,1,34.43999999999999
85,A82029,Sumatriptan_Tab 50mg,0407041T0AAAFAF,6,64.85220000000001
86,A82031,Amiodarone HCl_Tab 200mg,0203020D0AAABAB,1,0.3500000000000003
87,A82031,Clonazepam_Tab 500mcg,0408010F0AAABAB,4,2.395599999999995
88,A82031,Lamotrigine_Tab 100mg,0408010H0AAAAAA,3,0.005599999999999383
89,A82031,Mesalazine_Tab E/C 400mg,0105010B0AAAAAA,1,-12.833999999999998
90,A82031,Sumatriptan_Tab 50mg,0407041T0AAAFAF,4,0.0
91,A82032,Amiodarone HCl_Tab 200mg,0203020D0AAABAB,4,1.4000000000000012
92,A82032,Clonazepam_Tab 500mcg,0408010F0AAABAB,20,12.972399999999974
93,A82032,Lamotrigine_Tab 100mg,0408010H0AAAAAA,18,0.01959999999999784
94,A82032,Mesalazine_Tab E/C 800mg,0105010B0AAASAS,1,-36.89999999999999
95,A82032,Sumatriptan_Tab 50mg,0407041T0AAAFAF,24,0.0
96,A82035,Amiodarone HCl_Tab 200mg,0203020D0AAABAB,11,3.1388000000000025
97,A82035,Clonazepam_Tab 500mcg,0408010F0AAABAB,15,6.280499999999987
98,A82035,Lamotrigine_Tab 100mg,0408010H0AAAAAA,34,0.07809999999999134
99,A82035,Mesalazine_Tab E/C 800mg,0105010B0AAASAS,1,-36.89999999999999
100,A82035,Sumatriptan_Tab 50mg,0407041T0AAAFAF,25,0.0
101,A82036,Amiodarone HCl_Tab 200mg,0203020D0AAABAB,4,2.450000000000002
102,A82036,Clonazepam_Tab 500mcg,0408010F0AAABAB,10,8.904399999999981
103,A82036,Lamotrigine_Tab 100mg,0408010H0AAAAAA,17,0.03919999999999568
104,A82036,Mesalazine_Tab E/C 800mg,0105010B0AAASAS,2,34.43999999999999
105,A82036,Sumatriptan_Tab 50mg,0407041T0AAAFAF,12,0.0
106,A82037,Amiodarone HCl_Tab 200mg,0203020D0AAABAB,12,4.200000000000004
107,A82037,Clonazepam_Tab 500mcg,0408010F0AAABAB,13,8.780099999999981
108,A82037,Lamotrigine_Tab 100mg,0408010H0AAAAAA,2,0.0
109,A82037,Risperidone_Tab 6mg,040201030AAAFAF,1,29.2096
110,A82037,Sumatriptan_Tab 50mg,0407041T0AAAFAF,5,0.0
111,A82038,Amiodarone HCl_Tab 200mg,0203020D0AAABAB,3,1.050000000000001
112,A82038,Clonazepam_Tab 500mcg,0408010F0AAABAB,3,3.2091999999999934
113,A82038,Lamotrigine_Tab 100mg,0408010H0AAAAAA,7,-0.008400000000003738
114,A82038,Sumatriptan_Tab 50mg,0407041T0AAAFAF,11,0.0
115,A82041,Amiodarone HCl_Tab 200mg,0203020D0AAABAB,5,2.300000000000002
116,A82041,Clonazepam_Tab 500mcg,0408010F0AAABAB,29,9.29159999999998
117,A82041,Lamotrigine_Tab 100mg,0408010H0AAAAAA,51,-0.05820000000000408
118,A82041,Mesalazine_Tab E/C 400mg,0105010B0AAAAAA,4,91.83439999999999
119,A82041,Mesalazine_Tab E/C 800mg,0105010B0AAASAS,2,-40.17999999999999
120,A82041,Sumatriptan_Tab 50mg,0407041T0AAAFAF,11,0.0
121,A82044,Amiodarone HCl_Tab 200mg,0203020D0AAABAB,17,7.000000000000005
122,A82044,Clonazepam_Tab 500mcg,0408010F0AAABAB,63,30.713999999999935
123,A82044,Lamotrigine_Tab 100mg,0408010H0AAAAAA,46,0.046999999999994435
124,A82044,Mesalazine_Tab E/C 400mg,0105010B0AAAAAA,5,103.8128
125,A82044,Mesalazine_Tab E/C 800mg,0105010B0AAASAS,7,-27.844
126,A82044,Sumatriptan_Tab 50mg,0407041T0AAAFAF,58,-0.004400000000003401
127,A82045,Amiodarone HCl_Tab 200mg,0203020D0AAABAB,3,1.050000000000001
128,A82045,Clonazepam_Tab 500mcg,0408010F0AAABAB,20,9.017399999999983
129,A82045,Isosorbide Mononit_Tab 10mg,0206010K0AAABAB,1,0.0020999999999999873
130,A82045,Lamotrigine_Tab 100mg,0408010H0AAAAAA,19,0.01889999999999442
131,A82045,Sumatriptan_Tab 50mg,0407041T0AAAFAF,15,0.0
132,A82047,Amiodarone HCl_Tab 200mg,0203020D0AAABAB,9,3.150000000000003
133,A82047,Clonazepam_Tab 500mcg,0408010F0AAABAB,36,8.80679999999998
134,A82047,Isosorbide Mononit_Tab 10mg,0206010K0AAABAB,5,0.020999999999999873
135,A82047,Lamotrigine_Tab 100mg,0408010H0AAAAAA,15,0.005599999999999383
136,A82047,Mesalazine_Tab E/C 400mg,0105010B0AAAAAA,4,63.8848
137,A82047,Mesalazine_Tab E/C 800mg,0105010B0AAASAS,2,45.91999999999999
138,A82047,Sumatriptan_Tab 50mg,0407041T0AAAFAF,22,0.0
139,A82048,Amiodarone HCl_Tab 200mg,0203020D0AAABAB,3,1.050000000000001
140,A82048,Clonazepam_Tab 500mcg,0408010F0AAABAB,9,4.406999999999991
141,A82048,Lamotrigine_Tab 100mg,0408010H0AAAAAA,7,0.005599999999999383
142,A82048,Mesalazine_Tab E/C 800mg,0105010B0AAASAS,1,-22.959999999999994
143,A82048,Sumatriptan_Tab 50mg,0407041T0AAAFAF,10,0.0
144,A82049,Amiodarone HCl_Tab 200mg,0203020D0AAABAB,7,2.450000000000002
145,A82049,Clonazepam_Tab 500mcg,0408010F0AAABAB,9,6.418399999999987
146,A82049,Lamotrigine_Tab 100mg,0408010H0AAAAAA,12,0.025199999999997225
147,A82049,Sumatriptan_Tab 50mg,0407041T0AAAFAF,12,0.0
148,A82050,Amiodarone HCl_Tab 200mg,0203020D0AAABAB,6,2.100000000000002
149,A82050,Clonazepam_Tab 500mcg,0408010F0AAABAB,11,4.214899999999991
150,A82050,Lamotrigine_Tab 100mg,0408010H0AAAAAA,14,0.008199999999997432
151,A82050,Mesalazine_Tab E/C 800mg,0105010B0AAASAS,1,34.43999999999999
152,A82050,Sumatriptan_Tab 50mg,0407041T0AAAFAF,8,0.0
153,A82055,Amiodarone HCl_Tab 200mg,0203020D0AAABAB,6,1.0388000000000006
154,A82055,Clonazepam_Tab 500mcg,0408010F0AAABAB,8,3.186599999999993
155,A82055,Isosorbide Mononit_Tab 10mg,0206010K0AAABAB,4,0.00839999999999995
156,A82055,Lamotrigine_Tab 100mg,0408010H0AAAAAA,17,0.011199999999994104
157,A82055,Mesalazine_Tab E/C 400mg,0105010B0AAAAAA,1,23.956799999999998
158,A82055,Mesalazine_Tab E/C 800mg,0105010B0AAASAS,6,93.45599999999997
159,A82055,Phenytoin_Sod Tab 100mg,0408010Q0AAAGAG,1,79.59839999999998
160,A82055,Sumatriptan_Tab 50mg,0407041T0AAAFAF,25,0.0
161,A82058,Amiodarone HCl_Tab 200mg,0203020D0AAABAB,2,0.7000000000000006
162,A82058,Clonazepam_Tab 500mcg,0408010F0AAABAB,8,5.378799999999989
163,A82058,Lamotrigine_Tab 100mg,0408010H0AAAAAA,4,0.005599999999999383
164,A82058,Mesalazine_Tab E/C 800mg,0105010B0AAASAS,2,-19.269999999999996
165,A82058,Sumatriptan_Tab 50mg,0407041T0AAAFAF,8,0.0
166,A82060,Sumatriptan_Tab 50mg,0407041T0AAAFAF,1,0.0
167,A82064,Amiodarone HCl_Tab 200mg,0203020D0AAABAB,4,2.100000000000002
168,A82064,Clonazepam_Tab 500mcg,0408010F0AAABAB,5,4.090599999999991
169,A82064,Lamotrigine_Tab 100mg,0408010H0AAAAAA,5,0.0
170,A82064,Mesalazine_Tab E/C 400mg,0105010B0AAAAAA,2,47.913599999999995
171,A82064,Sumatriptan_Tab 50mg,0407041T0AAAFAF,7,0.0
172,A82075,Amiodarone HCl_Tab 200mg,0203020D0AAABAB,5,1.7500000000000016
173,A82075,Clonazepam_Tab 500mcg,0408010F0AAABAB,7,2.452099999999995
174,A82075,Lamotrigine_Tab 100mg,0408010H0AAAAAA,13,0.01959999999999784
175,A82075,Mesalazine_Tab E/C 400mg,0105010B0AAAAAA,2,59.891999999999996
176,A82075,Mesalazine_Tab E/C 800mg,0105010B0AAASAS,1,36.89999999999999
177,A82075,Risperidone_Tab 6mg,040201030AAAFAF,1,29.2096
178,A82075,Sumatriptan_Tab 50mg,0407041T0AAAFAF,8,0.0
179,A82617,Amiodarone HCl_Tab 200mg,0203020D0AAABAB,4,0.3388
180,A82617,Clonazepam_Tab 500mcg,0408010F0AAABAB,5,1.943599999999996
181,A82617,Lamotrigine_Tab 100mg,0408010H0AAAAAA,5,0.0
182,A82617,Sumatriptan_Tab 50mg,0407041T0AAAFAF,6,0.0
183,A82620,Amiodarone HCl_Tab 200mg,0203020D0AAABAB,1,0.3500000000000003
184,A82620,Lamotrigine_Tab 100mg,0408010H0AAAAAA,2,0.011199999999998766
185,A82620,Sumatriptan_Tab 50mg,0407041T0AAAFAF,5,0.0
186,A82623,Amiodarone HCl_Tab 200mg,0203020D0AAABAB,3,1.050000000000001
187,A82623,Clonazepam_Tab 500mcg,0408010F0AAABAB,10,5.457899999999989
188,A82623,Lamotrigine_Tab 100mg,0408010H0AAAAAA,15,0.03639999999999599
189,A82623,Mesalazine_Tab E/C 400mg,0105010B0AAAAAA,2,6.844799999999999
190,A82623,Sumatriptan_Tab 50mg,0407041T0AAAFAF,6,0.0
191,A82631,Amiodarone HCl_Tab 200mg,0203020D0AAABAB,2,0.7000000000000006
192,A82631,Clonazepam_Tab 500mcg,0408010F0AAABAB,3,1.2655999999999974
193,A82631,Lamotrigine_Tab 100mg,0408010H0AAAAAA,7,-1.5543122344752192e-15
194,A82631,Mesalazine_Tab E/C 400mg,0105010B0AAAAAA,1,-23.956799999999998
195,A82631,Sumatriptan_Tab 50mg,0407041T0AAAFAF,9,0.0
196,A82646,Amiodarone HCl_Tab 200mg,0203020D0AAABAB,4,1.3040000000000012
197,A82646,Clonazepam_Tab 500mcg,0408010F0AAABAB,4,1.898399999999996
198,A82646,Lamotrigine_Tab 100mg,0408010H0AAAAAA,2,0.0
199,A82646,Sumatriptan_Tab 50mg,0407041T0AAAFAF,7,0.0
200,A82654,Amiodarone HCl_Tab 200mg,0203020D0AAABAB,3,1.050000000000001
201,A82654,Clonazepam_Tab 500mcg,0408010F0AAABAB,6,4.813799999999991
202,A82654,Isosorbide Mononit_Tab 10mg,0206010K0AAABAB,4,0.0167999999999999
203,A82654,Lamotrigine_Tab 100mg,0408010H0AAAAAA,14,0.005599999999999383
204,A82654,Mesalazine_Tab E/C 400mg,0105010B0AAAAAA,1,23.956799999999998
205,A82654,Mesalazine_Tab E/C 800mg,0105010B0AAASAS,1,17.219999999999995
206,A82654,Sumatriptan_Tab 50mg,0407041T0AAAFAF,4,0.0
207,Y00433,Isosorbide Mononit_Tab 10mg,0206010K0AAABAB,1,-0.003300000000000001
208,Y00433,Sumatriptan_Tab 50mg,0407041T0AAAFAF,3,0.0033999999999998476
