,practice_code,bnf_description,bnf_code,items,excess_cost
0,M82003,Amiodarone HCl_Tab 200mg,0203020D0AAABAB,1,0.3500000000000003
1,M82003,Clonazepam_Tab 500mcg,0408010F0AAABAB,4,3.1639999999999935
2,M82003,Diltiazem HCl_Tab 60mg M/R,0206020C0AAAAAA,2,0.6160000000000021
3,M82003,Pyridox HCl_Tab 50mg,0906024N0AAAIAI,1,0.4788000000000001
4,M82003,Topiramate_Tab 200mg,040801050AAACAC,1,1.2449999999999994
5,M82007,Amiodarone HCl_Tab 200mg,0203020D0AAABAB,4,2.450000000000002
6,M82007,Clonazepam_Tab 500mcg,0408010F0AAABAB,13,7.548399999999985
7,M82007,Mesalazine_Tab E/C 800mg,0105010B0AAASAS,1,68.87999999999998
8,M82007,Pyridox HCl_Tab 50mg,0906024N0AAAIAI,1,2.8728000000000007
9,M82007,Topiramate_Tab 200mg,040801050AAACAC,2,4.979999999999998
10,M82009,Amiodarone HCl_Tab 200mg,0203020D0AAABAB,5,2.100000000000002
11,M82009,Clonazepam_Tab 500mcg,0408010F0AAABAB,6,6.4070999999999865
12,M82009,Diltiazem HCl_Tab 60mg M/R,0206020C0AAAAAA,3,0.9968000000000021
13,M82009,Pyridox HCl_Tab 50mg,0906024N0AAAIAI,1,1.4364000000000003
14,M82012,Amiodarone HCl_Tab 200mg,0203020D0AAABAB,7,2.438800000000002
15,M82012,Clonazepam_Tab 500mcg,0408010F0AAABAB,11,10.429899999999979
16,M82012,Diltiazem HCl_Tab 60mg M/R,0206020C0AAAAAA,13,1.960000000000008
17,M82012,Mesalazine_Tab E/C 400mg,0105010B0AAAAAA,1,23.956799999999998
18,M82012,Pyridox HCl_Tab 50mg,0906024N0AAAIAI,3,1.9152000000000005
19,M82012,Topiramate_Tab 200mg,040801050AAACAC,4,2.307200000000001
20,M82012,Vancomycin HCl_Cap 250mg,0501070U0AAABAB,1,11.802000000000007
21,M82027,Amiodarone HCl_Tab 200mg,0203020D0AAABAB,2,1.4000000000000012
22,M82027,Clonazepam_Tab 500mcg,0408010F0AAABAB,2,1.898399999999996
23,M82027,Diltiazem HCl_Tab 60mg M/R,0206020C0AAAAAA,1,0.7392000000000025
24,M82027,Pyridox HCl_Tab 50mg,0906024N0AAAIAI,1,1.4364000000000003
25,M82027,Risperidone_Tab 6mg,040201030AAAFAF,1,58.4192
26,M82028,Amiodarone HCl_Tab 200mg,0203020D0AAABAB,9,3.150000000000003
27,M82028,Clonazepam_Tab 500mcg,0408010F0AAABAB,13,7.288499999999984
28,M82028,Diltiazem HCl_Tab 60mg M/R,0206020C0AAAAAA,3,1.1088000000000038
29,M82028,Mesalazine_Tab E/C 400mg,0105010B0AAAAAA,3,-1.711199999999998
30,M82028,Mesalazine_Tab E/C 800mg,0105010B0AAASAS,3,68.87999999999998
31,M82028,Pyridox HCl_Tab 50mg,0906024N0AAAIAI,3,2.3940000000000006
32,M82028,Topiramate_Tab 200mg,040801050AAACAC,2,4.808399999999999
33,M82039,Amiodarone HCl_Tab 200mg,0203020D0AAABAB,14,4.1776000000000035
34,M82039,Clonazepam_Tab 500mcg,0408010F0AAABAB,23,6.9802999999999855
35,M82039,Diltiazem HCl_Tab 60mg M/R,0206020C0AAAAAA,23,3.589300000000007
36,M82039,Mesalazine_Tab E/C 400mg,0105010B0AAAAAA,1,23.956799999999998
37,M82039,Risperidone_Tab 6mg,040201030AAAFAF,4,29.232
38,M82042,Amiodarone HCl_Tab 200mg,0203020D0AAABAB,1,0.3500000000000003
39,M82042,Clonazepam_Tab 500mcg,0408010F0AAABAB,2,1.5819999999999967
40,M82042,Diltiazem HCl_Tab 60mg M/R,0206020C0AAAAAA,1,0.24640000000000084
41,M82042,Mesalazine_Tab E/C 400mg,0105010B0AAAAAA,2,17.088
42,M82042,Pyridox HCl_Tab 50mg,0906024N0AAAIAI,1,0.4788000000000001
43,M82056,Amiodarone HCl_Tab 200mg,0203020D0AAABAB,2,0.7000000000000006
44,M82056,Clonazepam_Tab 500mcg,0408010F0AAABAB,5,4.74599999999999
45,M82056,Diltiazem HCl_Tab 60mg M/R,0206020C0AAAAAA,2,1.2320000000000042
46,M82056,Mesalazine_Tab E/C 400mg,0105010B0AAAAAA,2,13.689599999999999
47,M82056,Pyridox HCl_Tab 50mg,0906024N0AAAIAI,1,0.5130000000000001
48,M82057,Clonazepam_Tab 500mcg,0408010F0AAABAB,3,2.6667999999999945
49,M82057,Diltiazem HCl_Tab 60mg M/R,0206020C0AAAAAA,4,1.0032000000000034
50,M82057,Mesalazine_Tab E/C 800mg,0105010B0AAASAS,1,-36.89999999999999
51,M82059,Amiodarone HCl_Tab 200mg,0203020D0AAABAB,4,2.100000000000002
52,M82059,Clonazepam_Tab 500mcg,0408010F0AAABAB,6,4.3843999999999905
53,M82059,Diltiazem HCl_Tab 60mg M/R,0206020C0AAAAAA,2,0.4928000000000017
54,M82059,Mesalazine_Tab E/C 400mg,0105010B0AAAAAA,1,34.224
55,M82059,Mesalazine_Tab E/C 800mg,0105010B0AAASAS,2,-13.939999999999998
56,M82606,Clonazepam_Tab 500mcg,0408010F0AAABAB,5,1.2655999999999974
57,M82616,Amiodarone HCl_Tab 200mg,0203020D0AAABAB,1,0.7000000000000006
58,M82616,Clonazepam_Tab 500mcg,0408010F0AAABAB,2,1.898399999999996
59,M82616,Diltiazem HCl_Tab 60mg M/R,0206020C0AAAAAA,1,0.5040000000000004
60,M82616,Pyridox HCl_Tab 50mg,0906024N0AAAIAI,1,1.4364000000000003
61,Y01929,Amiodarone HCl_Tab 200mg,0203020D0AAABAB,10,3.5847000000000033
62,Y01929,Clonazepam_Tab 500mcg,0408010F0AAABAB,30,18.93249999999996
63,Y01929,Diltiazem HCl_Tab 60mg M/R,0206020C0AAAAAA,13,2.9450000000000083
64,Y01929,Mesalazine_Tab E/C 800mg,0105010B0AAASAS,1,17.219999999999995
65,Y01929,Pyridox HCl_Tab 50mg,0906024N0AAAIAI,8,5.745600000000001
66,Y01929,Risperidone_Tab 6mg,040201030AAAFAF,2,87.6288
67,Y01929,Ropinirole HCl_Tab 5mg,0409010H0AAADAD,1,15.48960000000001
68,Y01929,Topiramate_Tab 200mg,040801050AAACAC,1,4.979999999999998
69,Y01929,Vancomycin HCl_Cap 250mg,0501070U0AAABAB,2,6.29999999999999
