,practice_code,bnf_description,bnf_code,items,excess_cost
34,A82044,Mesalazine_Tab E/C 400mg,0105010B0AAAAAA,4,95.82719999999999
33,A82047,Mesalazine_Tab E/C 400mg,0105010B0AAAAAA,2,95.82719999999999
236,A82029,Isosorbide Mononit_Tab 10mg,0206010K0AAABAB,7,95.256
531,A82055,Phenytoin_Sod Tab 100mg,0408010Q0AAAGAG,1,79.59839999999998
0,A82047,Mesalazine_Tab E/C 800mg,0105010B0AAASAS,1,68.87999999999998
1,A82055,Mesalazine_Tab E/C 800mg,0105010B0AAASAS,2,68.87999999999998
237,A82029,Isosorbide Mononit_Tab 10mg,0206010K0AAABAB,10,53.592
2,A82018,Mesalazine_Tab E/C 800mg,0105010B0AAASAS,1,51.65999999999999
532,A82024,Naratriptan HCl_Tab 2.5mg,0407041M0AAAAAA,3,48.44160000000001
35,A82075,Mesalazine_Tab E/C 400mg,0105010B0AAAAAA,1,47.913599999999995
36,A82041,Mesalazine_Tab E/C 400mg,0105010B0AAAAAA,2,47.913599999999995
37,A82064,Mesalazine_Tab E/C 400mg,0105010B0AAAAAA,2,47.913599999999995
350,A82023,Lamotrigine_Tab 100mg,0408010H0AAAAAA,1,42.6384
248,A82029,Sumatriptan_Tab 50mg,0407041T0AAAFAF,3,38.9106
3,A82075,Mesalazine_Tab E/C 800mg,0105010B0AAASAS,1,36.89999999999999
4,A82012,Mesalazine_Tab E/C 800mg,0105010B0AAASAS,1,36.89999999999999
13,A82015,Mesalazine_Tab E/C 800mg,0105010B0AAASAS,1,34.43999999999999
5,A82044,Mesalazine_Tab E/C 800mg,0105010B0AAASAS,1,34.43999999999999
12,A82029,Mesalazine_Tab E/C 800mg,0105010B0AAASAS,1,34.43999999999999
11,A82018,Mesalazine_Tab E/C 800mg,0105010B0AAASAS,1,34.43999999999999
10,A82050,Mesalazine_Tab E/C 800mg,0105010B0AAASAS,1,34.43999999999999
9,A82036,Mesalazine_Tab E/C 800mg,0105010B0AAASAS,2,34.43999999999999
8,A82020,Mesalazine_Tab E/C 800mg,0105010B0AAASAS,2,34.43999999999999
7,A82016,Mesalazine_Tab E/C 800mg,0105010B0AAASAS,2,34.43999999999999
6,A82006,Mesalazine_Tab E/C 800mg,0105010B0AAASAS,2,34.43999999999999
38,A82041,Mesalazine_Tab E/C 400mg,0105010B0AAAAAA,1,31.942399999999996
348,A82037,Risperidone_Tab 6mg,040201030AAAFAF,1,29.2096
347,A82028,Risperidone_Tab 6mg,040201030AAAFAF,1,29.2096
349,A82075,Risperidone_Tab 6mg,040201030AAAFAF,1,29.2096
249,A82024,Sumatriptan_Tab 50mg,0407041T0AAAFAF,5,25.944
250,A82029,Sumatriptan_Tab 50mg,0407041T0AAAFAF,3,25.9416
14,A82055,Mesalazine_Tab E/C 800mg,0105010B0AAASAS,2,24.587999999999997
533,A82013,Naratriptan HCl_Tab 2.5mg,0407041M0AAAAAA,2,24.220799999999997
39,A82028,Mesalazine_Tab E/C 400mg,0105010B0AAAAAA,1,23.956799999999998
40,A82623,Mesalazine_Tab E/C 400mg,0105010B0AAAAAA,1,23.956799999999998
41,A82020,Mesalazine_Tab E/C 400mg,0105010B0AAAAAA,1,23.956799999999998
42,A82016,Mesalazine_Tab E/C 400mg,0105010B0AAAAAA,1,23.956799999999998
43,A82654,Mesalazine_Tab E/C 400mg,0105010B0AAAAAA,1,23.956799999999998
44,A82055,Mesalazine_Tab E/C 400mg,0105010B0AAAAAA,1,23.956799999999998
45,A82018,Mesalazine_Tab E/C 400mg,0105010B0AAAAAA,1,23.956799999999998
15,A82018,Mesalazine_Tab E/C 800mg,0105010B0AAASAS,1,22.959999999999994
351,A82023,Lamotrigine_Tab 100mg,0408010H0AAAAAA,8,21.32479999999999
352,A82013,Lamotrigine_Tab 100mg,0408010H0AAAAAA,3,21.31919999999999
16,A82654,Mesalazine_Tab E/C 800mg,0105010B0AAASAS,1,17.219999999999995
251,A82013,Sumatriptan_Tab 50mg,0407041T0AAAFAF,4,12.971999999999998
46,A82021,Mesalazine_Tab E/C 400mg,0105010B0AAAAAA,1,12.833999999999998
47,A82041,Mesalazine_Tab E/C 400mg,0105010B0AAAAAA,1,11.978399999999999
48,A82075,Mesalazine_Tab E/C 400mg,0105010B0AAAAAA,1,11.978399999999999
18,A82021,Mesalazine_Tab E/C 800mg,0105010B0AAASAS,1,11.479999999999997
17,A82058,Mesalazine_Tab E/C 800mg,0105010B0AAASAS,1,11.479999999999997
19,A82044,Mesalazine_Tab E/C 800mg,0105010B0AAASAS,1,11.479999999999997
61,A82044,Clonazepam_Tab 500mcg,0408010F0AAABAB,13,8.226399999999984
49,A82044,Mesalazine_Tab E/C 400mg,0105010B0AAAAAA,1,7.985599999999999
63,A82016,Clonazepam_Tab 500mcg,0408010F0AAABAB,6,7.593599999999984
64,A82016,Clonazepam_Tab 500mcg,0408010F0AAABAB,12,7.593599999999984
62,A82016,Clonazepam_Tab 500mcg,0408010F0AAABAB,8,7.593599999999984
475,A82016,Amiodarone HCl_Tab 200mg,0203020D0AAABAB,18,6.300000000000006
65,A82016,Clonazepam_Tab 500mcg,0408010F0AAABAB,17,5.378799999999989
476,A82044,Amiodarone HCl_Tab 200mg,0203020D0AAABAB,15,5.250000000000004
66,A82036,Clonazepam_Tab 500mcg,0408010F0AAABAB,6,4.74599999999999
68,A82018,Clonazepam_Tab 500mcg,0408010F0AAABAB,2,4.519999999999991
67,A82016,Clonazepam_Tab 500mcg,0408010F0AAABAB,2,4.519999999999991
69,A82032,Clonazepam_Tab 500mcg,0408010F0AAABAB,7,4.429599999999991
478,A82037,Amiodarone HCl_Tab 200mg,0203020D0AAABAB,12,4.200000000000004
477,A82012,Amiodarone HCl_Tab 200mg,0203020D0AAABAB,12,4.200000000000004
70,A82018,Clonazepam_Tab 500mcg,0408010F0AAABAB,13,4.113199999999992
479,A82024,Amiodarone HCl_Tab 200mg,0203020D0AAABAB,11,3.850000000000003
71,A82045,Clonazepam_Tab 500mcg,0408010F0AAABAB,3,3.796799999999992
72,A82018,Clonazepam_Tab 500mcg,0408010F0AAABAB,3,3.796799999999992
73,A82020,Clonazepam_Tab 500mcg,0408010F0AAABAB,6,3.796799999999992
74,A82012,Clonazepam_Tab 500mcg,0408010F0AAABAB,12,3.796799999999992
75,A82044,Clonazepam_Tab 500mcg,0408010F0AAABAB,5,3.559499999999993
76,A82041,Clonazepam_Tab 500mcg,0408010F0AAABAB,11,3.480399999999993
77,A82044,Clonazepam_Tab 500mcg,0408010F0AAABAB,11,3.480399999999993
78,A82016,Clonazepam_Tab 500mcg,0408010F0AAABAB,1,3.389999999999993
79,A82016,Clonazepam_Tab 500mcg,0408010F0AAABAB,14,3.3221999999999934
80,A82021,Clonazepam_Tab 500mcg,0408010F0AAABAB,10,3.1639999999999935
81,A82045,Clonazepam_Tab 500mcg,0408010F0AAABAB,5,3.1639999999999935
481,A82047,Amiodarone HCl_Tab 200mg,0203020D0AAABAB,9,3.150000000000003
480,A82023,Amiodarone HCl_Tab 200mg,0203020D0AAABAB,9,3.150000000000003
82,A82044,Clonazepam_Tab 500mcg,0408010F0AAABAB,13,3.0848999999999935
83,A82050,Clonazepam_Tab 500mcg,0408010F0AAABAB,3,2.847599999999994
84,A82654,Clonazepam_Tab 500mcg,0408010F0AAABAB,1,2.847599999999994
482,A82021,Amiodarone HCl_Tab 200mg,0203020D0AAABAB,8,2.8000000000000025
85,A82016,Clonazepam_Tab 500mcg,0408010F0AAABAB,17,2.6893999999999947
90,A82032,Clonazepam_Tab 500mcg,0408010F0AAABAB,8,2.531199999999995
93,A82018,Clonazepam_Tab 500mcg,0408010F0AAABAB,4,2.531199999999995
92,A82021,Clonazepam_Tab 500mcg,0408010F0AAABAB,4,2.531199999999995
91,A82015,Clonazepam_Tab 500mcg,0408010F0AAABAB,2,2.531199999999995
87,A82047,Clonazepam_Tab 500mcg,0408010F0AAABAB,4,2.531199999999995
89,A82623,Clonazepam_Tab 500mcg,0408010F0AAABAB,2,2.531199999999995
88,A82037,Clonazepam_Tab 500mcg,0408010F0AAABAB,2,2.531199999999995
86,A82012,Clonazepam_Tab 500mcg,0408010F0AAABAB,2,2.531199999999995
483,A82049,Amiodarone HCl_Tab 200mg,0203020D0AAABAB,7,2.450000000000002
94,A82016,Clonazepam_Tab 500mcg,0408010F0AAABAB,5,2.372999999999995
95,A82032,Clonazepam_Tab 500mcg,0408010F0AAABAB,1,2.372999999999995
96,A82038,Clonazepam_Tab 500mcg,0408010F0AAABAB,1,2.2599999999999953
97,A82036,Clonazepam_Tab 500mcg,0408010F0AAABAB,1,2.2599999999999953
98,A82044,Clonazepam_Tab 500mcg,0408010F0AAABAB,2,2.2599999999999953
100,A82020,Clonazepam_Tab 500mcg,0408010F0AAABAB,7,2.2147999999999954
99,A82015,Clonazepam_Tab 500mcg,0408010F0AAABAB,7,2.2147999999999954
488,A82016,Amiodarone HCl_Tab 200mg,0203020D0AAABAB,3,2.100000000000002
487,A82036,Amiodarone HCl_Tab 200mg,0203020D0AAABAB,3,2.100000000000002
485,A82035,Amiodarone HCl_Tab 200mg,0203020D0AAABAB,6,2.100000000000002
486,A82018,Amiodarone HCl_Tab 200mg,0203020D0AAABAB,3,2.100000000000002
484,A82050,Amiodarone HCl_Tab 200mg,0203020D0AAABAB,6,2.100000000000002
101,A82044,Clonazepam_Tab 500mcg,0408010F0AAABAB,6,2.033999999999996
106,A82006,Clonazepam_Tab 500mcg,0408010F0AAABAB,2,1.898399999999996
114,A82037,Clonazepam_Tab 500mcg,0408010F0AAABAB,3,1.898399999999996
102,A82047,Clonazepam_Tab 500mcg,0408010F0AAABAB,2,1.898399999999996
103,A82006,Clonazepam_Tab 500mcg,0408010F0AAABAB,4,1.898399999999996
104,A82044,Clonazepam_Tab 500mcg,0408010F0AAABAB,1,1.898399999999996
105,A82058,Clonazepam_Tab 500mcg,0408010F0AAABAB,1,1.898399999999996
107,A82019,Clonazepam_Tab 500mcg,0408010F0AAABAB,1,1.898399999999996
115,A82016,Clonazepam_Tab 500mcg,0408010F0AAABAB,1,1.898399999999996
113,A82055,Clonazepam_Tab 500mcg,0408010F0AAABAB,6,1.898399999999996
112,A82032,Clonazepam_Tab 500mcg,0408010F0AAABAB,2,1.898399999999996
111,A82044,Clonazepam_Tab 500mcg,0408010F0AAABAB,2,1.898399999999996
110,A82049,Clonazepam_Tab 500mcg,0408010F0AAABAB,1,1.898399999999996
109,A82036,Clonazepam_Tab 500mcg,0408010F0AAABAB,3,1.898399999999996
108,A82037,Clonazepam_Tab 500mcg,0408010F0AAABAB,1,1.898399999999996
491,A82075,Amiodarone HCl_Tab 200mg,0203020D0AAABAB,5,1.7500000000000016
489,A82019,Amiodarone HCl_Tab 200mg,0203020D0AAABAB,5,1.7500000000000016
490,A82028,Amiodarone HCl_Tab 200mg,0203020D0AAABAB,5,1.7500000000000016
116,A82047,Clonazepam_Tab 500mcg,0408010F0AAABAB,11,1.7401999999999964
119,A82048,Clonazepam_Tab 500mcg,0408010F0AAABAB,5,1.5819999999999967
118,A82032,Clonazepam_Tab 500mcg,0408010F0AAABAB,1,1.5819999999999967
117,A82049,Clonazepam_Tab 500mcg,0408010F0AAABAB,5,1.5819999999999967
492,A82006,Amiodarone HCl_Tab 200mg,0203020D0AAABAB,4,1.4000000000000012
493,A82013,Amiodarone HCl_Tab 200mg,0203020D0AAABAB,2,1.4000000000000012
494,A82015,Amiodarone HCl_Tab 200mg,0203020D0AAABAB,2,1.4000000000000012
495,A82032,Amiodarone HCl_Tab 200mg,0203020D0AAABAB,4,1.4000000000000012
122,A82049,Clonazepam_Tab 500mcg,0408010F0AAABAB,1,1.3559999999999972
121,A82048,Clonazepam_Tab 500mcg,0408010F0AAABAB,2,1.3559999999999972
120,A82044,Clonazepam_Tab 500mcg,0408010F0AAABAB,2,1.3559999999999972
125,A82035,Clonazepam_Tab 500mcg,0408010F0AAABAB,1,1.2655999999999974
124,A82006,Clonazepam_Tab 500mcg,0408010F0AAABAB,4,1.2655999999999974
123,A82058,Clonazepam_Tab 500mcg,0408010F0AAABAB,4,1.2655999999999974
127,A82646,Clonazepam_Tab 500mcg,0408010F0AAABAB,2,1.2655999999999974
126,A82058,Clonazepam_Tab 500mcg,0408010F0AAABAB,2,1.2655999999999974
138,A82064,Clonazepam_Tab 500mcg,0408010F0AAABAB,1,1.2655999999999974
137,A82019,Clonazepam_Tab 500mcg,0408010F0AAABAB,2,1.2655999999999974
136,A82035,Clonazepam_Tab 500mcg,0408010F0AAABAB,2,1.2655999999999974
135,A82035,Clonazepam_Tab 500mcg,0408010F0AAABAB,4,1.2655999999999974
134,A82024,Clonazepam_Tab 500mcg,0408010F0AAABAB,2,1.2655999999999974
133,A82041,Clonazepam_Tab 500mcg,0408010F0AAABAB,2,1.2655999999999974
132,A82617,Clonazepam_Tab 500mcg,0408010F0AAABAB,4,1.2655999999999974
131,A82044,Clonazepam_Tab 500mcg,0408010F0AAABAB,1,1.2655999999999974
130,A82041,Clonazepam_Tab 500mcg,0408010F0AAABAB,1,1.2655999999999974
129,A82019,Clonazepam_Tab 500mcg,0408010F0AAABAB,1,1.2655999999999974
128,A82012,Clonazepam_Tab 500mcg,0408010F0AAABAB,2,1.2655999999999974
139,A82013,Clonazepam_Tab 500mcg,0408010F0AAABAB,1,1.2655999999999974
496,A82041,Amiodarone HCl_Tab 200mg,0203020D0AAABAB,2,1.250000000000001
142,A82037,Clonazepam_Tab 500mcg,0408010F0AAABAB,5,1.1864999999999974
140,A82075,Clonazepam_Tab 500mcg,0408010F0AAABAB,5,1.1864999999999974
141,A82623,Clonazepam_Tab 500mcg,0408010F0AAABAB,5,1.1864999999999974
143,A82024,Clonazepam_Tab 500mcg,0408010F0AAABAB,1,1.1299999999999977
144,A82031,Clonazepam_Tab 500mcg,0408010F0AAABAB,1,1.1299999999999977
145,A82048,Clonazepam_Tab 500mcg,0408010F0AAABAB,1,1.1299999999999977
146,A82015,Clonazepam_Tab 500mcg,0408010F0AAABAB,1,1.1299999999999977
147,A82055,Clonazepam_Tab 500mcg,0408010F0AAABAB,1,1.1299999999999977
497,A82064,Amiodarone HCl_Tab 200mg,0203020D0AAABAB,3,1.050000000000001
502,A82041,Amiodarone HCl_Tab 200mg,0203020D0AAABAB,3,1.050000000000001
507,A82048,Amiodarone HCl_Tab 200mg,0203020D0AAABAB,3,1.050000000000001
506,A82064,Amiodarone HCl_Tab 200mg,0203020D0AAABAB,1,1.050000000000001
505,A82013,Amiodarone HCl_Tab 200mg,0203020D0AAABAB,3,1.050000000000001
504,A82044,Amiodarone HCl_Tab 200mg,0203020D0AAABAB,1,1.050000000000001
503,A82038,Amiodarone HCl_Tab 200mg,0203020D0AAABAB,3,1.050000000000001
498,A82646,Amiodarone HCl_Tab 200mg,0203020D0AAABAB,3,1.050000000000001
499,A82045,Amiodarone HCl_Tab 200mg,0203020D0AAABAB,3,1.050000000000001
500,A82654,Amiodarone HCl_Tab 200mg,0203020D0AAABAB,3,1.050000000000001
501,A82623,Amiodarone HCl_Tab 200mg,0203020D0AAABAB,3,1.050000000000001
149,A82012,Clonazepam_Tab 500mcg,0408010F0AAABAB,3,1.016999999999998
150,A82012,Clonazepam_Tab 500mcg,0408010F0AAABAB,1,1.016999999999998
148,A82044,Clonazepam_Tab 500mcg,0408010F0AAABAB,1,1.016999999999998
151,A82047,Clonazepam_Tab 500mcg,0408010F0AAABAB,7,0.9575999999999971
153,A82035,Clonazepam_Tab 500mcg,0408010F0AAABAB,1,0.949199999999998
152,A82049,Clonazepam_Tab 500mcg,0408010F0AAABAB,1,0.949199999999998
154,A82623,Clonazepam_Tab 500mcg,0408010F0AAABAB,1,0.949199999999998
158,A82064,Clonazepam_Tab 500mcg,0408010F0AAABAB,1,0.949199999999998
157,A82058,Clonazepam_Tab 500mcg,0408010F0AAABAB,1,0.949199999999998
155,A82654,Clonazepam_Tab 500mcg,0408010F0AAABAB,3,0.949199999999998
163,A82013,Clonazepam_Tab 500mcg,0408010F0AAABAB,3,0.949199999999998
166,A82020,Clonazepam_Tab 500mcg,0408010F0AAABAB,4,0.949199999999998
159,A82013,Clonazepam_Tab 500mcg,0408010F0AAABAB,1,0.949199999999998
160,A82041,Clonazepam_Tab 500mcg,0408010F0AAABAB,4,0.949199999999998
161,A82047,Clonazepam_Tab 500mcg,0408010F0AAABAB,3,0.949199999999998
162,A82075,Clonazepam_Tab 500mcg,0408010F0AAABAB,1,0.949199999999998
164,A82045,Clonazepam_Tab 500mcg,0408010F0AAABAB,1,0.949199999999998
156,A82019,Clonazepam_Tab 500mcg,0408010F0AAABAB,1,0.949199999999998
165,A82037,Clonazepam_Tab 500mcg,0408010F0AAABAB,1,0.949199999999998
167,A82018,Clonazepam_Tab 500mcg,0408010F0AAABAB,1,0.949199999999998
168,A82064,Clonazepam_Tab 500mcg,0408010F0AAABAB,1,0.8474999999999983
169,A82023,Clonazepam_Tab 500mcg,0408010F0AAABAB,1,0.8361999999999983
508,A82012,Amiodarone HCl_Tab 200mg,0203020D0AAABAB,3,0.7938000000000001
170,A82041,Clonazepam_Tab 500mcg,0408010F0AAABAB,1,0.7909999999999984
171,A82020,Clonazepam_Tab 500mcg,0408010F0AAABAB,5,0.7909999999999984
172,A82045,Clonazepam_Tab 500mcg,0408010F0AAABAB,10,0.7909999999999984
173,A82064,Clonazepam_Tab 500mcg,0408010F0AAABAB,1,0.7118999999999985
515,A82014,Amiodarone HCl_Tab 200mg,0203020D0AAABAB,2,0.7000000000000006
514,A82055,Amiodarone HCl_Tab 200mg,0203020D0AAABAB,2,0.7000000000000006
513,A82029,Amiodarone HCl_Tab 200mg,0203020D0AAABAB,2,0.7000000000000006
512,A82035,Amiodarone HCl_Tab 200mg,0203020D0AAABAB,1,0.7000000000000006
511,A82044,Amiodarone HCl_Tab 200mg,0203020D0AAABAB,1,0.7000000000000006
516,A82631,Amiodarone HCl_Tab 200mg,0203020D0AAABAB,2,0.7000000000000006
509,A82018,Amiodarone HCl_Tab 200mg,0203020D0AAABAB,2,0.7000000000000006
510,A82058,Amiodarone HCl_Tab 200mg,0203020D0AAABAB,2,0.7000000000000006
174,A82022,Clonazepam_Tab 500mcg,0408010F0AAABAB,1,0.6779999999999986
175,A82617,Clonazepam_Tab 500mcg,0408010F0AAABAB,1,0.6779999999999986
176,A82022,Clonazepam_Tab 500mcg,0408010F0AAABAB,2,0.6779999999999986
177,A82654,Clonazepam_Tab 500mcg,0408010F0AAABAB,1,0.6779999999999986
517,A82016,Amiodarone HCl_Tab 200mg,0203020D0AAABAB,8,0.6776
178,A82016,Clonazepam_Tab 500mcg,0408010F0AAABAB,1,0.6383999999999993
183,A82028,Clonazepam_Tab 500mcg,0408010F0AAABAB,2,0.6327999999999987
184,A82631,Clonazepam_Tab 500mcg,0408010F0AAABAB,1,0.6327999999999987
187,A82646,Clonazepam_Tab 500mcg,0408010F0AAABAB,2,0.6327999999999987
186,A82031,Clonazepam_Tab 500mcg,0408010F0AAABAB,2,0.6327999999999987
185,A82049,Clonazepam_Tab 500mcg,0408010F0AAABAB,1,0.6327999999999987
179,A82028,Clonazepam_Tab 500mcg,0408010F0AAABAB,1,0.6327999999999987
182,A82038,Clonazepam_Tab 500mcg,0408010F0AAABAB,1,0.6327999999999987
181,A82031,Clonazepam_Tab 500mcg,0408010F0AAABAB,1,0.6327999999999987
180,A82050,Clonazepam_Tab 500mcg,0408010F0AAABAB,2,0.6327999999999987
190,A82022,Clonazepam_Tab 500mcg,0408010F0AAABAB,2,0.6327999999999987
188,A82631,Clonazepam_Tab 500mcg,0408010F0AAABAB,2,0.6327999999999987
189,A82013,Clonazepam_Tab 500mcg,0408010F0AAABAB,1,0.6327999999999987
191,A82623,Clonazepam_Tab 500mcg,0408010F0AAABAB,1,0.6327999999999987
193,A82041,Clonazepam_Tab 500mcg,0408010F0AAABAB,4,0.6327999999999987
194,A82014,Clonazepam_Tab 500mcg,0408010F0AAABAB,1,0.6327999999999987
192,A82015,Clonazepam_Tab 500mcg,0408010F0AAABAB,1,0.6327999999999987
518,A82028,Amiodarone HCl_Tab 200mg,0203020D0AAABAB,1,0.6125000000000005
197,A82035,Clonazepam_Tab 500mcg,0408010F0AAABAB,3,0.474599999999999
198,A82035,Clonazepam_Tab 500mcg,0408010F0AAABAB,1,0.474599999999999
199,A82023,Clonazepam_Tab 500mcg,0408010F0AAABAB,1,0.474599999999999
196,A82041,Clonazepam_Tab 500mcg,0408010F0AAABAB,1,0.474599999999999
195,A82021,Clonazepam_Tab 500mcg,0408010F0AAABAB,1,0.474599999999999
519,A82014,Amiodarone HCl_Tab 200mg,0203020D0AAABAB,5,0.4235
200,A82050,Clonazepam_Tab 500mcg,0408010F0AAABAB,5,0.3954999999999992
520,A82620,Amiodarone HCl_Tab 200mg,0203020D0AAABAB,1,0.3500000000000003
523,A82015,Amiodarone HCl_Tab 200mg,0203020D0AAABAB,1,0.3500000000000003
524,A82031,Amiodarone HCl_Tab 200mg,0203020D0AAABAB,1,0.3500000000000003
522,A82036,Amiodarone HCl_Tab 200mg,0203020D0AAABAB,1,0.3500000000000003
521,A82022,Amiodarone HCl_Tab 200mg,0203020D0AAABAB,1,0.3500000000000003
201,A82044,Clonazepam_Tab 500mcg,0408010F0AAABAB,2,0.348
202,A82035,Clonazepam_Tab 500mcg,0408010F0AAABAB,2,0.348
204,A82020,Clonazepam_Tab 500mcg,0408010F0AAABAB,1,0.3389999999999993
208,A82019,Clonazepam_Tab 500mcg,0408010F0AAABAB,1,0.3389999999999993
205,A82050,Clonazepam_Tab 500mcg,0408010F0AAABAB,1,0.3389999999999993
203,A82048,Clonazepam_Tab 500mcg,0408010F0AAABAB,1,0.3389999999999993
207,A82654,Clonazepam_Tab 500mcg,0408010F0AAABAB,1,0.3389999999999993
206,A82047,Clonazepam_Tab 500mcg,0408010F0AAABAB,1,0.3389999999999993
525,A82617,Amiodarone HCl_Tab 200mg,0203020D0AAABAB,4,0.3388
526,A82055,Amiodarone HCl_Tab 200mg,0203020D0AAABAB,4,0.3388
527,A82015,Amiodarone HCl_Tab 200mg,0203020D0AAABAB,4,0.3388
528,A82035,Amiodarone HCl_Tab 200mg,0203020D0AAABAB,4,0.3388
218,A82075,Clonazepam_Tab 500mcg,0408010F0AAABAB,1,0.31639999999999935
212,A82013,Clonazepam_Tab 500mcg,0408010F0AAABAB,2,0.31639999999999935
215,A82012,Clonazepam_Tab 500mcg,0408010F0AAABAB,4,0.31639999999999935
220,A82004,Clonazepam_Tab 500mcg,0408010F0AAABAB,4,0.31639999999999935
219,A82037,Clonazepam_Tab 500mcg,0408010F0AAABAB,1,0.31639999999999935
209,A82064,Clonazepam_Tab 500mcg,0408010F0AAABAB,1,0.31639999999999935
216,A82045,Clonazepam_Tab 500mcg,0408010F0AAABAB,1,0.31639999999999935
217,A82020,Clonazepam_Tab 500mcg,0408010F0AAABAB,4,0.31639999999999935
214,A82038,Clonazepam_Tab 500mcg,0408010F0AAABAB,1,0.31639999999999935
213,A82041,Clonazepam_Tab 500mcg,0408010F0AAABAB,4,0.31639999999999935
211,A82016,Clonazepam_Tab 500mcg,0408010F0AAABAB,4,0.31639999999999935
210,A82024,Clonazepam_Tab 500mcg,0408010F0AAABAB,1,0.31639999999999935
221,A82047,Clonazepam_Tab 500mcg,0408010F0AAABAB,7,0.29679999999999995
529,A82646,Amiodarone HCl_Tab 200mg,0203020D0AAABAB,1,0.25400000000000034
222,A82035,Clonazepam_Tab 500mcg,0408010F0AAABAB,1,0.2372999999999995
223,A82028,Clonazepam_Tab 500mcg,0408010F0AAABAB,1,0.174
224,A82016,Clonazepam_Tab 500mcg,0408010F0AAABAB,4,0.16959999999999997
227,A82021,Clonazepam_Tab 500mcg,0408010F0AAABAB,1,0.15819999999999967
225,A82044,Clonazepam_Tab 500mcg,0408010F0AAABAB,1,0.15819999999999967
226,A82032,Clonazepam_Tab 500mcg,0408010F0AAABAB,1,0.15819999999999967
228,A82055,Clonazepam_Tab 500mcg,0408010F0AAABAB,1,0.15819999999999967
229,A82023,Clonazepam_Tab 500mcg,0408010F0AAABAB,1,0.15819999999999967
230,A82623,Clonazepam_Tab 500mcg,0408010F0AAABAB,1,0.15819999999999967
231,A82006,Clonazepam_Tab 500mcg,0408010F0AAABAB,1,0.1367999999999996
232,A82044,Clonazepam_Tab 500mcg,0408010F0AAABAB,3,0.12719999999999998
233,A82041,Clonazepam_Tab 500mcg,0408010F0AAABAB,1,0.11599999999999999
234,A82012,Clonazepam_Tab 500mcg,0408010F0AAABAB,1,0.11599999999999999
353,A82016,Lamotrigine_Tab 100mg,0408010H0AAAAAA,18,0.1007999999999889
354,A82016,Lamotrigine_Tab 100mg,0408010H0AAAAAA,34,0.09519999999998952
235,A82047,Clonazepam_Tab 500mcg,0408010F0AAABAB,1,0.09439999999999982
530,A82012,Amiodarone HCl_Tab 200mg,0203020D0AAABAB,1,0.0847
355,A82035,Lamotrigine_Tab 100mg,0408010H0AAAAAA,9,0.05039999999999445
356,A82036,Lamotrigine_Tab 100mg,0408010H0AAAAAA,7,0.03919999999999568
357,A82044,Lamotrigine_Tab 100mg,0408010H0AAAAAA,7,0.03919999999999568
238,A82014,Isosorbide Mononit_Tab 10mg,0206010K0AAABAB,8,0.0335999999999998
358,A82035,Lamotrigine_Tab 100mg,0408010H0AAAAAA,10,0.027999999999996916
359,A82020,Lamotrigine_Tab 100mg,0408010H0AAAAAA,5,0.027999999999996916
360,A82623,Lamotrigine_Tab 100mg,0408010H0AAAAAA,9,0.025199999999997225
361,A82041,Lamotrigine_Tab 100mg,0408010H0AAAAAA,4,0.022399999999997533
239,A82047,Isosorbide Mononit_Tab 10mg,0206010K0AAABAB,5,0.020999999999999873
362,A82018,Lamotrigine_Tab 100mg,0408010H0AAAAAA,7,0.01959999999999784
363,A82019,Lamotrigine_Tab 100mg,0408010H0AAAAAA,7,0.01959999999999784
20,A82044,Mesalazine_Tab E/C 800mg,0105010B0AAASAS,2,0.017999999999998018
241,A82019,Isosorbide Mononit_Tab 10mg,0206010K0AAABAB,4,0.0167999999999999
242,A82016,Isosorbide Mononit_Tab 10mg,0206010K0AAABAB,4,0.0167999999999999
240,A82654,Isosorbide Mononit_Tab 10mg,0206010K0AAABAB,4,0.0167999999999999
368,A82016,Lamotrigine_Tab 100mg,0408010H0AAAAAA,2,0.01679999999999815
366,A82018,Lamotrigine_Tab 100mg,0408010H0AAAAAA,3,0.01679999999999815
367,A82049,Lamotrigine_Tab 100mg,0408010H0AAAAAA,3,0.01679999999999815
364,A82012,Lamotrigine_Tab 100mg,0408010H0AAAAAA,2,0.01679999999999815
365,A82019,Lamotrigine_Tab 100mg,0408010H0AAAAAA,3,0.01679999999999815
369,A82045,Lamotrigine_Tab 100mg,0408010H0AAAAAA,5,0.013999999999998458
377,A82020,Lamotrigine_Tab 100mg,0408010H0AAAAAA,4,0.011199999999998766
376,A82620,Lamotrigine_Tab 100mg,0408010H0AAAAAA,2,0.011199999999998766
370,A82623,Lamotrigine_Tab 100mg,0408010H0AAAAAA,2,0.011199999999998766
371,A82055,Lamotrigine_Tab 100mg,0408010H0AAAAAA,2,0.011199999999998766
372,A82032,Lamotrigine_Tab 100mg,0408010H0AAAAAA,2,0.011199999999998766
373,A82045,Lamotrigine_Tab 100mg,0408010H0AAAAAA,2,0.011199999999998766
374,A82041,Lamotrigine_Tab 100mg,0408010H0AAAAAA,4,0.011199999999998766
375,A82050,Lamotrigine_Tab 100mg,0408010H0AAAAAA,2,0.011199999999998766
252,A82044,Sumatriptan_Tab 50mg,0407041T0AAAFAF,3,0.009599999999998943
243,A82055,Isosorbide Mononit_Tab 10mg,0206010K0AAABAB,4,0.00839999999999995
385,A82014,Lamotrigine_Tab 100mg,0408010H0AAAAAA,1,0.008399999999999075
378,A82032,Lamotrigine_Tab 100mg,0408010H0AAAAAA,1,0.008399999999999075
379,A82044,Lamotrigine_Tab 100mg,0408010H0AAAAAA,1,0.008399999999999075
380,A82049,Lamotrigine_Tab 100mg,0408010H0AAAAAA,3,0.008399999999999075
381,A82019,Lamotrigine_Tab 100mg,0408010H0AAAAAA,1,0.008399999999999075
383,A82055,Lamotrigine_Tab 100mg,0408010H0AAAAAA,1,0.008399999999999075
384,A82631,Lamotrigine_Tab 100mg,0408010H0AAAAAA,1,0.008399999999999075
382,A82075,Lamotrigine_Tab 100mg,0408010H0AAAAAA,1,0.008399999999999075
392,A82058,Lamotrigine_Tab 100mg,0408010H0AAAAAA,1,0.005599999999999383
386,A82021,Lamotrigine_Tab 100mg,0408010H0AAAAAA,1,0.005599999999999383
393,A82654,Lamotrigine_Tab 100mg,0408010H0AAAAAA,1,0.005599999999999383
397,A82048,Lamotrigine_Tab 100mg,0408010H0AAAAAA,2,0.005599999999999383
387,A82075,Lamotrigine_Tab 100mg,0408010H0AAAAAA,1,0.005599999999999383
395,A82047,Lamotrigine_Tab 100mg,0408010H0AAAAAA,1,0.005599999999999383
394,A82023,Lamotrigine_Tab 100mg,0408010H0AAAAAA,1,0.005599999999999383
396,A82031,Lamotrigine_Tab 100mg,0408010H0AAAAAA,1,0.005599999999999383
391,A82022,Lamotrigine_Tab 100mg,0408010H0AAAAAA,1,0.005599999999999383
390,A82075,Lamotrigine_Tab 100mg,0408010H0AAAAAA,2,0.005599999999999383
389,A82631,Lamotrigine_Tab 100mg,0408010H0AAAAAA,1,0.005599999999999383
388,A82006,Lamotrigine_Tab 100mg,0408010H0AAAAAA,1,0.005599999999999383
244,A82022,Isosorbide Mononit_Tab 10mg,0206010K0AAABAB,1,0.004199999999999975
253,Y00433,Sumatriptan_Tab 50mg,0407041T0AAAFAF,1,0.0033999999999998476
398,A82035,Lamotrigine_Tab 100mg,0408010H0AAAAAA,1,0.0031999999999999806
254,A82021,Sumatriptan_Tab 50mg,0407041T0AAAFAF,1,0.0031999999999996476
399,A82044,Lamotrigine_Tab 100mg,0408010H0AAAAAA,1,0.0027999999999996916
245,A82045,Isosorbide Mononit_Tab 10mg,0206010K0AAABAB,1,0.0020999999999999873
409,A82012,Lamotrigine_Tab 100mg,0408010H0AAAAAA,1,0.0
408,A82075,Lamotrigine_Tab 100mg,0408010H0AAAAAA,7,0.0
407,A82016,Lamotrigine_Tab 100mg,0408010H0AAAAAA,1,0.0
410,A82049,Lamotrigine_Tab 100mg,0408010H0AAAAAA,5,0.0
283,A82654,Sumatriptan_Tab 50mg,0407041T0AAAFAF,2,0.0
411,A82048,Lamotrigine_Tab 100mg,0408010H0AAAAAA,4,0.0
440,A82044,Lamotrigine_Tab 100mg,0408010H0AAAAAA,2,0.0
442,A82047,Lamotrigine_Tab 100mg,0408010H0AAAAAA,14,0.0
443,A82041,Lamotrigine_Tab 100mg,0408010H0AAAAAA,1,0.0
444,A82055,Lamotrigine_Tab 100mg,0408010H0AAAAAA,9,0.0
445,A82018,Lamotrigine_Tab 100mg,0408010H0AAAAAA,11,0.0
446,A82631,Lamotrigine_Tab 100mg,0408010H0AAAAAA,1,0.0
447,A82055,Lamotrigine_Tab 100mg,0408010H0AAAAAA,1,0.0
448,A82058,Lamotrigine_Tab 100mg,0408010H0AAAAAA,1,0.0
449,A82048,Lamotrigine_Tab 100mg,0408010H0AAAAAA,1,0.0
450,A82044,Lamotrigine_Tab 100mg,0408010H0AAAAAA,8,0.0
451,A82016,Lamotrigine_Tab 100mg,0408010H0AAAAAA,18,0.0
452,A82031,Lamotrigine_Tab 100mg,0408010H0AAAAAA,1,0.0
453,A82050,Lamotrigine_Tab 100mg,0408010H0AAAAAA,1,0.0
454,A82646,Lamotrigine_Tab 100mg,0408010H0AAAAAA,2,0.0
455,A82028,Lamotrigine_Tab 100mg,0408010H0AAAAAA,2,0.0
456,A82022,Lamotrigine_Tab 100mg,0408010H0AAAAAA,8,0.0
457,A82019,Lamotrigine_Tab 100mg,0408010H0AAAAAA,9,0.0
458,A82021,Lamotrigine_Tab 100mg,0408010H0AAAAAA,2,0.0
459,A82035,Lamotrigine_Tab 100mg,0408010H0AAAAAA,4,0.0
460,A82018,Lamotrigine_Tab 100mg,0408010H0AAAAAA,1,0.0
461,A82617,Lamotrigine_Tab 100mg,0408010H0AAAAAA,5,0.0
462,A82028,Lamotrigine_Tab 100mg,0408010H0AAAAAA,8,0.0
463,A82045,Lamotrigine_Tab 100mg,0408010H0AAAAAA,1,0.0
464,A82035,Lamotrigine_Tab 100mg,0408010H0AAAAAA,9,0.0
465,A82006,Lamotrigine_Tab 100mg,0408010H0AAAAAA,1,0.0
405,A82012,Lamotrigine_Tab 100mg,0408010H0AAAAAA,22,0.0
441,A82024,Lamotrigine_Tab 100mg,0408010H0AAAAAA,5,0.0
439,A82016,Lamotrigine_Tab 100mg,0408010H0AAAAAA,11,0.0
412,A82015,Lamotrigine_Tab 100mg,0408010H0AAAAAA,6,0.0
438,A82037,Lamotrigine_Tab 100mg,0408010H0AAAAAA,2,0.0
413,A82038,Lamotrigine_Tab 100mg,0408010H0AAAAAA,2,0.0
414,A82049,Lamotrigine_Tab 100mg,0408010H0AAAAAA,1,0.0
415,A82006,Lamotrigine_Tab 100mg,0408010H0AAAAAA,3,0.0
416,A82045,Lamotrigine_Tab 100mg,0408010H0AAAAAA,10,0.0
417,A82020,Lamotrigine_Tab 100mg,0408010H0AAAAAA,1,0.0
418,A82004,Lamotrigine_Tab 100mg,0408010H0AAAAAA,1,0.0
419,A82038,Lamotrigine_Tab 100mg,0408010H0AAAAAA,1,0.0
420,A82075,Lamotrigine_Tab 100mg,0408010H0AAAAAA,2,0.0
421,A82064,Lamotrigine_Tab 100mg,0408010H0AAAAAA,1,0.0
422,A82014,Lamotrigine_Tab 100mg,0408010H0AAAAAA,1,0.0
423,A82623,Lamotrigine_Tab 100mg,0408010H0AAAAAA,4,0.0
424,A82031,Lamotrigine_Tab 100mg,0408010H0AAAAAA,1,0.0
425,A82019,Lamotrigine_Tab 100mg,0408010H0AAAAAA,1,0.0
426,A82036,Lamotrigine_Tab 100mg,0408010H0AAAAAA,2,0.0
427,A82654,Lamotrigine_Tab 100mg,0408010H0AAAAAA,10,0.0
428,A82032,Lamotrigine_Tab 100mg,0408010H0AAAAAA,2,0.0
429,A82041,Lamotrigine_Tab 100mg,0408010H0AAAAAA,1,0.0
430,A82020,Lamotrigine_Tab 100mg,0408010H0AAAAAA,10,0.0
431,A82021,Lamotrigine_Tab 100mg,0408010H0AAAAAA,12,0.0
432,A82044,Lamotrigine_Tab 100mg,0408010H0AAAAAA,26,0.0
433,A82050,Lamotrigine_Tab 100mg,0408010H0AAAAAA,2,0.0
434,A82018,Lamotrigine_Tab 100mg,0408010H0AAAAAA,8,0.0
435,A82036,Lamotrigine_Tab 100mg,0408010H0AAAAAA,8,0.0
436,A82058,Lamotrigine_Tab 100mg,0408010H0AAAAAA,2,0.0
437,A82064,Lamotrigine_Tab 100mg,0408010H0AAAAAA,4,0.0
406,A82019,Lamotrigine_Tab 100mg,0408010H0AAAAAA,1,0.0
267,A82015,Sumatriptan_Tab 50mg,0407041T0AAAFAF,4,0.0
404,A82032,Lamotrigine_Tab 100mg,0408010H0AAAAAA,13,0.0
291,A82654,Sumatriptan_Tab 50mg,0407041T0AAAFAF,1,0.0
288,A82032,Sumatriptan_Tab 50mg,0407041T0AAAFAF,7,0.0
289,A82014,Sumatriptan_Tab 50mg,0407041T0AAAFAF,4,0.0
290,A82019,Sumatriptan_Tab 50mg,0407041T0AAAFAF,7,0.0
259,A82024,Sumatriptan_Tab 50mg,0407041T0AAAFAF,7,0.0
258,A82623,Sumatriptan_Tab 50mg,0407041T0AAAFAF,2,0.0
257,A82049,Sumatriptan_Tab 50mg,0407041T0AAAFAF,8,0.0
256,A82021,Sumatriptan_Tab 50mg,0407041T0AAAFAF,10,0.0
255,A82064,Sumatriptan_Tab 50mg,0407041T0AAAFAF,4,0.0
403,A82020,Lamotrigine_Tab 100mg,0408010H0AAAAAA,13,0.0
292,A82617,Sumatriptan_Tab 50mg,0407041T0AAAFAF,5,0.0
286,A82646,Sumatriptan_Tab 50mg,0407041T0AAAFAF,5,0.0
293,A82018,Sumatriptan_Tab 50mg,0407041T0AAAFAF,1,0.0
294,A82022,Sumatriptan_Tab 50mg,0407041T0AAAFAF,1,0.0
295,A82018,Sumatriptan_Tab 50mg,0407041T0AAAFAF,8,0.0
296,A82016,Sumatriptan_Tab 50mg,0407041T0AAAFAF,30,0.0
297,A82058,Sumatriptan_Tab 50mg,0407041T0AAAFAF,4,0.0
298,A82015,Sumatriptan_Tab 50mg,0407041T0AAAFAF,3,0.0
299,A82006,Sumatriptan_Tab 50mg,0407041T0AAAFAF,6,0.0
300,A82044,Sumatriptan_Tab 50mg,0407041T0AAAFAF,1,0.0
301,A82016,Sumatriptan_Tab 50mg,0407041T0AAAFAF,2,0.0
287,A82021,Sumatriptan_Tab 50mg,0407041T0AAAFAF,22,0.0
285,A82036,Sumatriptan_Tab 50mg,0407041T0AAAFAF,1,0.0
303,A82031,Sumatriptan_Tab 50mg,0407041T0AAAFAF,2,0.0
273,A82044,Sumatriptan_Tab 50mg,0407041T0AAAFAF,25,0.0
264,A82048,Sumatriptan_Tab 50mg,0407041T0AAAFAF,2,0.0
265,A82014,Sumatriptan_Tab 50mg,0407041T0AAAFAF,5,0.0
266,A82620,Sumatriptan_Tab 50mg,0407041T0AAAFAF,1,0.0
261,Y00433,Sumatriptan_Tab 50mg,0407041T0AAAFAF,2,0.0
268,A82020,Sumatriptan_Tab 50mg,0407041T0AAAFAF,11,0.0
269,A82036,Sumatriptan_Tab 50mg,0407041T0AAAFAF,5,0.0
270,A82050,Sumatriptan_Tab 50mg,0407041T0AAAFAF,5,0.0
271,A82041,Sumatriptan_Tab 50mg,0407041T0AAAFAF,5,0.0
272,A82631,Sumatriptan_Tab 50mg,0407041T0AAAFAF,2,0.0
274,A82631,Sumatriptan_Tab 50mg,0407041T0AAAFAF,7,0.0
284,A82047,Sumatriptan_Tab 50mg,0407041T0AAAFAF,1,0.0
275,A82035,Sumatriptan_Tab 50mg,0407041T0AAAFAF,11,0.0
276,A82018,Sumatriptan_Tab 50mg,0407041T0AAAFAF,10,0.0
277,A82032,Sumatriptan_Tab 50mg,0407041T0AAAFAF,1,0.0
278,A82019,Sumatriptan_Tab 50mg,0407041T0AAAFAF,4,0.0
279,A82045,Sumatriptan_Tab 50mg,0407041T0AAAFAF,4,0.0
280,A82045,Sumatriptan_Tab 50mg,0407041T0AAAFAF,9,0.0
281,A82055,Sumatriptan_Tab 50mg,0407041T0AAAFAF,20,0.0
282,A82021,Sumatriptan_Tab 50mg,0407041T0AAAFAF,4,0.0
260,A82037,Sumatriptan_Tab 50mg,0407041T0AAAFAF,3,0.0
262,A82646,Sumatriptan_Tab 50mg,0407041T0AAAFAF,2,0.0
302,A82035,Sumatriptan_Tab 50mg,0407041T0AAAFAF,1,0.0
304,A82064,Sumatriptan_Tab 50mg,0407041T0AAAFAF,3,0.0
305,A82006,Sumatriptan_Tab 50mg,0407041T0AAAFAF,5,0.0
328,A82048,Sumatriptan_Tab 50mg,0407041T0AAAFAF,7,0.0
329,A82654,Sumatriptan_Tab 50mg,0407041T0AAAFAF,1,0.0
330,A82012,Sumatriptan_Tab 50mg,0407041T0AAAFAF,10,0.0
331,A82037,Sumatriptan_Tab 50mg,0407041T0AAAFAF,2,0.0
332,A82016,Sumatriptan_Tab 50mg,0407041T0AAAFAF,1,0.0
333,A82050,Sumatriptan_Tab 50mg,0407041T0AAAFAF,3,0.0
334,A82044,Sumatriptan_Tab 50mg,0407041T0AAAFAF,24,0.0
335,A82004,Sumatriptan_Tab 50mg,0407041T0AAAFAF,1,0.0
336,A82036,Sumatriptan_Tab 50mg,0407041T0AAAFAF,6,0.0
337,A82023,Sumatriptan_Tab 50mg,0407041T0AAAFAF,4,0.0
338,A82020,Sumatriptan_Tab 50mg,0407041T0AAAFAF,13,0.0
339,A82038,Sumatriptan_Tab 50mg,0407041T0AAAFAF,9,0.0
340,A82022,Sumatriptan_Tab 50mg,0407041T0AAAFAF,6,0.0
341,A82031,Sumatriptan_Tab 50mg,0407041T0AAAFAF,1,0.0
342,A82016,Sumatriptan_Tab 50mg,0407041T0AAAFAF,1,0.0
343,A82617,Sumatriptan_Tab 50mg,0407041T0AAAFAF,1,0.0
344,A82032,Sumatriptan_Tab 50mg,0407041T0AAAFAF,16,0.0
345,A82024,Sumatriptan_Tab 50mg,0407041T0AAAFAF,2,0.0
400,A82654,Lamotrigine_Tab 100mg,0408010H0AAAAAA,3,0.0
401,A82050,Lamotrigine_Tab 100mg,0408010H0AAAAAA,8,0.0
402,A82041,Lamotrigine_Tab 100mg,0408010H0AAAAAA,14,0.0
327,A82038,Sumatriptan_Tab 50mg,0407041T0AAAFAF,2,0.0
326,A82048,Sumatriptan_Tab 50mg,0407041T0AAAFAF,1,0.0
325,A82035,Sumatriptan_Tab 50mg,0407041T0AAAFAF,12,0.0
324,A82058,Sumatriptan_Tab 50mg,0407041T0AAAFAF,4,0.0
306,A82623,Sumatriptan_Tab 50mg,0407041T0AAAFAF,4,0.0
307,A82620,Sumatriptan_Tab 50mg,0407041T0AAAFAF,4,0.0
308,A82045,Sumatriptan_Tab 50mg,0407041T0AAAFAF,2,0.0
309,A82055,Sumatriptan_Tab 50mg,0407041T0AAAFAF,5,0.0
310,A82013,Sumatriptan_Tab 50mg,0407041T0AAAFAF,3,0.0
311,A82049,Sumatriptan_Tab 50mg,0407041T0AAAFAF,4,0.0
312,A82047,Sumatriptan_Tab 50mg,0407041T0AAAFAF,8,0.0
313,A82035,Sumatriptan_Tab 50mg,0407041T0AAAFAF,1,0.0
314,A82022,Sumatriptan_Tab 50mg,0407041T0AAAFAF,2,0.0
315,A82060,Sumatriptan_Tab 50mg,0407041T0AAAFAF,1,0.0
316,A82028,Sumatriptan_Tab 50mg,0407041T0AAAFAF,2,0.0
317,A82012,Sumatriptan_Tab 50mg,0407041T0AAAFAF,25,0.0
318,A82028,Sumatriptan_Tab 50mg,0407041T0AAAFAF,15,0.0
319,A82047,Sumatriptan_Tab 50mg,0407041T0AAAFAF,13,0.0
320,A82012,Sumatriptan_Tab 50mg,0407041T0AAAFAF,1,0.0
321,A82075,Sumatriptan_Tab 50mg,0407041T0AAAFAF,8,0.0
322,A82016,Sumatriptan_Tab 50mg,0407041T0AAAFAF,16,0.0
323,A82041,Sumatriptan_Tab 50mg,0407041T0AAAFAF,6,0.0
263,A82031,Sumatriptan_Tab 50mg,0407041T0AAAFAF,1,0.0
466,A82050,Lamotrigine_Tab 100mg,0408010H0AAAAAA,1,-0.003000000000001335
246,Y00433,Isosorbide Mononit_Tab 10mg,0206010K0AAABAB,1,-0.003300000000000001
467,A82044,Lamotrigine_Tab 100mg,0408010H0AAAAAA,1,-0.003400000000000014
468,A82023,Lamotrigine_Tab 100mg,0408010H0AAAAAA,1,-0.003400000000000014
469,A82035,Lamotrigine_Tab 100mg,0408010H0AAAAAA,1,-0.003500000000000003
247,A82006,Isosorbide Mononit_Tab 10mg,0206010K0AAABAB,1,-0.005999999999999964
470,A82045,Lamotrigine_Tab 100mg,0408010H0AAAAAA,1,-0.006300000000002803
472,A82038,Lamotrigine_Tab 100mg,0408010H0AAAAAA,4,-0.008400000000003738
471,A82055,Lamotrigine_Tab 100mg,0408010H0AAAAAA,4,-0.008400000000003738
21,A82055,Mesalazine_Tab E/C 800mg,0105010B0AAASAS,2,-0.011999999999998678
473,A82631,Lamotrigine_Tab 100mg,0408010H0AAAAAA,4,-0.014000000000000012
346,A82044,Sumatriptan_Tab 50mg,0407041T0AAAFAF,5,-0.014000000000002344
474,A82041,Lamotrigine_Tab 100mg,0408010H0AAAAAA,27,-0.09180000000000038
50,A82031,Mesalazine_Tab E/C 400mg,0105010B0AAAAAA,1,-12.833999999999998
51,A82004,Mesalazine_Tab E/C 400mg,0105010B0AAAAAA,1,-12.833999999999998
52,A82623,Mesalazine_Tab E/C 400mg,0105010B0AAAAAA,1,-17.112
54,A82012,Mesalazine_Tab E/C 400mg,0105010B0AAAAAA,1,-17.112
53,A82022,Mesalazine_Tab E/C 400mg,0105010B0AAAAAA,1,-17.112
22,A82041,Mesalazine_Tab E/C 800mg,0105010B0AAASAS,1,-17.219999999999995
23,A82048,Mesalazine_Tab E/C 800mg,0105010B0AAASAS,1,-22.959999999999994
24,A82041,Mesalazine_Tab E/C 800mg,0105010B0AAASAS,1,-22.959999999999994
25,A82047,Mesalazine_Tab E/C 800mg,0105010B0AAASAS,1,-22.959999999999994
55,A82631,Mesalazine_Tab E/C 400mg,0105010B0AAAAAA,1,-23.956799999999998
56,A82012,Mesalazine_Tab E/C 400mg,0105010B0AAAAAA,1,-25.667999999999996
26,A82058,Mesalazine_Tab E/C 800mg,0105010B0AAASAS,1,-30.749999999999993
58,A82047,Mesalazine_Tab E/C 400mg,0105010B0AAAAAA,2,-31.942399999999996
57,A82016,Mesalazine_Tab E/C 400mg,0105010B0AAAAAA,1,-31.942399999999996
59,A82029,Mesalazine_Tab E/C 400mg,0105010B0AAAAAA,1,-34.224
60,A82020,Mesalazine_Tab E/C 400mg,0105010B0AAAAAA,1,-34.224
27,A82016,Mesalazine_Tab E/C 800mg,0105010B0AAASAS,1,-34.43999999999999
28,A82044,Mesalazine_Tab E/C 800mg,0105010B0AAASAS,2,-36.882
31,A82032,Mesalazine_Tab E/C 800mg,0105010B0AAASAS,1,-36.89999999999999
29,A82044,Mesalazine_Tab E/C 800mg,0105010B0AAASAS,1,-36.89999999999999
30,A82035,Mesalazine_Tab E/C 800mg,0105010B0AAASAS,1,-36.89999999999999
32,A82021,Mesalazine_Tab E/C 800mg,0105010B0AAASAS,1,-36.89999999999999
