,practice_code,bnf_description,bnf_code,items,excess_cost
0,N81002,Amiodarone HCl_Tab 200mg,0203020D0AAABAB,6,2.450000000000002
1,N81002,Clonazepam_Tab 500mcg,0408010F0AAABAB,3,1.5819999999999967
2,N81002,Topiramate_Tab 200mg,040801050AAACAC,2,7.137999999999996
3,N81013,Amiodarone HCl_Tab 200mg,0203020D0AAABAB,3,1.050000000000001
4,N81013,Clonazepam_Tab 500mcg,0408010F0AAABAB,4,3.1011999999999933
5,N81013,Risperidone_Tab 6mg,040201030AAAFAF,4,29.232
6,N81013,Topiramate_Tab 200mg,040801050AAACAC,8,4.614400000000002
7,N81013,Vancomycin HCl_Cap 250mg,0501070U0AAABAB,1,6.29999999999999
8,N81021,Amiodarone HCl_Tab 200mg,0203020D0AAABAB,1,0.7000000000000006
9,N81021,Clonazepam_Tab 500mcg,0408010F0AAABAB,5,3.6611999999999925
10,N81021,Memantine HCl_Tab 20mg,0411000G0AAADAD,4,0.01959999999999998
11,N81021,Sildenafil_Tab 100mg,0704050Z0AAACAC,1,0.0050000000000000044
12,N81022,Amiodarone HCl_Tab 200mg,0203020D0AAABAB,6,2.100000000000002
13,N81022,Clonazepam_Tab 500mcg,0408010F0AAABAB,13,4.74599999999999
14,N81022,Naratriptan HCl_Tab 2.5mg,0407041M0AAAAAA,4,27.321599999999997
15,N81022,Topiramate_Tab 200mg,040801050AAACAC,1,2.489999999999999
16,N81026,Amiodarone HCl_Tab 200mg,0203020D0AAABAB,6,2.100000000000002
17,N81026,Clonazepam_Tab 500mcg,0408010F0AAABAB,7,3.1865999999999937
18,N81026,Pregabalin_Cap 25mg,0408010AEAAAAAA,4,0.016799999999999704
19,N81027,Amiodarone HCl_Tab 200mg,0203020D0AAABAB,12,3.4888000000000026
20,N81027,Clonazepam_Tab 500mcg,0408010F0AAABAB,23,6.323499999999989
21,N81027,Gemfibrozil_Tab 600mg,0212000Q0AAABAB,1,7.571199999999999
22,N81027,Memantine HCl_Tab 20mg,0411000G0AAADAD,5,0.02310000000000008
23,N81027,Pregabalin_Cap 25mg,0408010AEAAAAAA,3,0.012599999999999778
24,N81027,Sildenafil_Tab 100mg,0704050Z0AAACAC,1,0.0050000000000000044
25,N81029,Amiodarone HCl_Tab 200mg,0203020D0AAABAB,9,3.500000000000003
26,N81029,Clonazepam_Tab 500mcg,0408010F0AAABAB,10,6.233599999999987
27,N81029,Memantine HCl_Tab 20mg,0411000G0AAADAD,9,0.04409999999999995
28,N81029,Pregabalin_Cap 25mg,0408010AEAAAAAA,2,84.588
29,N81029,Topiramate_Tab 200mg,040801050AAACAC,1,2.3183999999999996
30,N81033,Sildenafil_Tab 100mg,0704050Z0AAACAC,1,0.005599999999999772
31,N81042,Amiodarone HCl_Tab 200mg,0203020D0AAABAB,2,0.7000000000000006
32,N81042,Clonazepam_Tab 500mcg,0408010F0AAABAB,6,1.2655999999999974
33,N81042,Memantine HCl_Tab 20mg,0411000G0AAADAD,18,0.0881999999999999
34,N81049,Amiodarone HCl_Tab 200mg,0203020D0AAABAB,4,1.229200000000001
35,N81049,Clonazepam_Tab 500mcg,0408010F0AAABAB,11,6.576599999999988
36,N81052,Clonazepam_Tab 500mcg,0408010F0AAABAB,19,10.938399999999977
37,N81052,Memantine HCl_Tab 20mg,0411000G0AAADAD,1,-0.001299999999999947
38,N81052,Pregabalin_Cap 25mg,0408010AEAAAAAA,26,0.09259999999999988
39,N81052,Sildenafil_Tab 100mg,0704050Z0AAACAC,3,0.015000000000000013
40,N81062,Amiodarone HCl_Tab 200mg,0203020D0AAABAB,13,2.777600000000002
41,N81062,Clonazepam_Tab 500mcg,0408010F0AAABAB,32,9.966599999999978
42,N81062,Memantine HCl_Tab 20mg,0411000G0AAADAD,12,0.058799999999999936
43,N81062,Pregabalin_Cap 25mg,0408010AEAAAAAA,9,0.004199999999999343
44,N81062,Vancomycin HCl_Cap 250mg,0501070U0AAABAB,1,6.29999999999999
45,N81069,Amiodarone HCl_Tab 200mg,0203020D0AAABAB,3,1.050000000000001
46,N81069,Clonazepam_Tab 500mcg,0408010F0AAABAB,1,1.6949999999999965
47,N81069,Pregabalin_Cap 25mg,0408010AEAAAAAA,4,0.016799999999999704
48,N81070,Amiodarone HCl_Tab 200mg,0203020D0AAABAB,4,1.4000000000000012
49,N81070,Clonazepam_Tab 500mcg,0408010F0AAABAB,16,6.802599999999986
50,N81070,Memantine HCl_Tab 20mg,0411000G0AAADAD,4,0.01959999999999998
51,N81070,Pregabalin_Cap 25mg,0408010AEAAAAAA,1,0.00420000000000012
52,N81073,Amiodarone HCl_Tab 200mg,0203020D0AAABAB,4,1.4000000000000012
53,N81073,Clonazepam_Tab 500mcg,0408010F0AAABAB,11,8.904399999999981
54,N81073,Memantine HCl_Tab 20mg,0411000G0AAADAD,3,0.014699999999999984
55,N81073,Pregabalin_Cap 25mg,0408010AEAAAAAA,1,-0.003000000000000086
56,N81077,Amiodarone HCl_Tab 200mg,0203020D0AAABAB,6,2.100000000000002
57,N81077,Clonazepam_Tab 500mcg,0408010F0AAABAB,16,6.8251999999999855
58,N81077,Memantine HCl_Tab 20mg,0411000G0AAADAD,28,67.354
59,N81077,Sildenafil_Tab 100mg,0704050Z0AAACAC,15,43.056
60,N81085,Amiodarone HCl_Tab 200mg,0203020D0AAABAB,2,0.7000000000000006
61,N81085,Clonazepam_Tab 500mcg,0408010F0AAABAB,7,1.898399999999996
62,N81085,Gemfibrozil_Tab 600mg,0212000Q0AAABAB,11,21.823199999999993
63,N81085,Memantine HCl_Tab 20mg,0411000G0AAADAD,13,0.06369999999999992
64,N81086,Amiodarone HCl_Tab 200mg,0203020D0AAABAB,4,2.2792000000000012
65,N81086,Clonazepam_Tab 500mcg,0408010F0AAABAB,1,0.31639999999999935
66,N81086,Memantine HCl_Tab 20mg,0411000G0AAADAD,4,0.01959999999999998
67,N81086,Topiramate_Tab 200mg,040801050AAACAC,2,4.636799999999999
68,N81088,Amiodarone HCl_Tab 200mg,0203020D0AAABAB,3,1.050000000000001
69,N81088,Clonazepam_Tab 500mcg,0408010F0AAABAB,17,7.373599999999986
70,N81088,Memantine HCl_Tab 20mg,0411000G0AAADAD,7,0.03429999999999996
71,N81088,Pregabalin_Cap 25mg,0408010AEAAAAAA,1,0.00420000000000012
72,N81088,Sildenafil_Tab 100mg,0704050Z0AAACAC,2,0.010000000000000009
73,N81112,Amiodarone HCl_Tab 200mg,0203020D0AAABAB,4,2.100000000000002
74,N81112,Clonazepam_Tab 500mcg,0408010F0AAABAB,9,7.932599999999983
75,N81112,Memantine HCl_Tab 20mg,0411000G0AAADAD,5,0.024499999999999973
76,N81112,Pregabalin_Cap 25mg,0408010AEAAAAAA,5,0.02099999999999963
77,N81118,Amiodarone HCl_Tab 200mg,0203020D0AAABAB,5,1.7500000000000016
78,N81118,Clonazepam_Tab 500mcg,0408010F0AAABAB,13,7.028599999999985
79,N81118,Memantine HCl_Tab 20mg,0411000G0AAADAD,1,0.003999999999999976
80,N81632,Clonazepam_Tab 500mcg,0408010F0AAABAB,2,0.6327999999999987
81,N81632,Memantine HCl_Tab 20mg,0411000G0AAADAD,2,0.002700000000000008
