,practice_code,bnf_description,bnf_code,items,excess_cost
0,E84004,Amiodarone HCl_Tab 200mg,0203020D0AAABAB,3,1.4000000000000012
1,E84004,Aspirin Disper_Tab 75mg,0209000A0AAABAB,168,0.47039999999999715
2,E84004,Clonazepam_Tab 500mcg,0408010F0AAABAB,11,5.844599999999987
3,E84004,Levothyrox Sod_Tab 12.5mcg,0602010V0AAGHGH,1,0.5600000000000005
4,E84004,Pyridox HCl_Tab 50mg,0906024N0AAAIAI,1,0.9576000000000002
5,E84005,Amiodarone HCl_Tab 200mg,0203020D0AAABAB,3,1.7500000000000016
6,E84005,Aspirin Disper_Tab 75mg,0209000A0AAABAB,70,0.19599999999999881
7,E84005,Clonazepam_Tab 500mcg,0408010F0AAABAB,10,4.791199999999991
8,E84005,Pyridox HCl_Tab 50mg,0906024N0AAAIAI,3,2.1546000000000003
9,E84005,Topiramate_Tab 200mg,040801050AAACAC,1,2.3183999999999996
10,E84008,Amiodarone HCl_Tab 200mg,0203020D0AAABAB,7,2.450000000000002
11,E84008,Aspirin Disper_Tab 75mg,0209000A0AAABAB,134,0.41439999999999755
12,E84008,Clonazepam_Tab 500mcg,0408010F0AAABAB,28,10.875599999999977
13,E84008,Pyridox HCl_Tab 50mg,0906024N0AAAIAI,4,0.2624000000000013
14,E84008,Risperidone_Tab 6mg,040201030AAAFAF,1,29.2096
15,E84009,Amiodarone HCl_Tab 200mg,0203020D0AAABAB,3,1.7500000000000016
16,E84009,Aspirin Disper_Tab 75mg,0209000A0AAABAB,388,1.0919999999999936
17,E84009,Clonazepam_Tab 500mcg,0408010F0AAABAB,24,6.998399999999988
18,E84009,Pyridox HCl_Tab 50mg,0906024N0AAAIAI,9,0.3128000000000011
19,E84014,Amiodarone HCl_Tab 200mg,0203020D0AAABAB,3,1.050000000000001
20,E84014,Aspirin Disper_Tab 75mg,0209000A0AAABAB,34,0.11199999999999932
21,E84014,Clonazepam_Tab 500mcg,0408010F0AAABAB,11,5.14149999999999
22,E84014,Pyridox HCl_Tab 50mg,0906024N0AAAIAI,3,1.567600000000001
23,E84018,Amiodarone HCl_Tab 200mg,0203020D0AAABAB,3,1.7500000000000016
24,E84018,Aspirin Disper_Tab 75mg,0209000A0AAABAB,140,0.4143999999999975
25,E84018,Clonazepam_Tab 500mcg,0408010F0AAABAB,15,6.723499999999986
26,E84018,Levothyrox Sod_Tab 12.5mcg,0602010V0AAGHGH,3,1.4000000000000012
27,E84018,Phenobarb_Tab 15mg,0408010N0AAAIAI,2,70.608
28,E84018,Pyridox HCl_Tab 50mg,0906024N0AAAIAI,4,1.164800000000001
29,E84018,Ropinirole HCl_Tab 5mg,0409010H0AAADAD,1,7.744800000000005
30,E84022,Amiodarone HCl_Tab 200mg,0203020D0AAABAB,2,1.050000000000001
31,E84022,Aspirin Disper_Tab 75mg,0209000A0AAABAB,2,0.011199999999999932
32,E84022,Clonazepam_Tab 500mcg,0408010F0AAABAB,20,15.593999999999967
33,E84022,Pyridox HCl_Tab 50mg,0906024N0AAAIAI,3,0.27280000000000104
34,E84022,Tetrabenazine_Tab 25mg,0409030C0AAAAAA,1,0.9995999999999987
35,E84024,Amiodarone HCl_Tab 200mg,0203020D0AAABAB,8,3.850000000000003
36,E84024,Aspirin Disper_Tab 75mg,0209000A0AAABAB,46,0.1343999999999992
37,E84024,Clonazepam_Tab 500mcg,0408010F0AAABAB,19,8.917399999999981
38,E84024,Pyridox HCl_Tab 50mg,0906024N0AAAIAI,6,0.6300000000000008
39,E84024,Tetrabenazine_Tab 25mg,0409030C0AAAAAA,1,1.9991999999999974
40,E84024,Topiramate_Tab 200mg,040801050AAACAC,2,4.979999999999998
41,E84039,Amiodarone HCl_Tab 200mg,0203020D0AAABAB,1,0.3500000000000003
42,E84039,Aspirin Disper_Tab 75mg,0209000A0AAABAB,322,0.9015999999999945
43,E84039,Clonazepam_Tab 500mcg,0408010F0AAABAB,15,6.798699999999986
44,E84039,Pyridox HCl_Tab 50mg,0906024N0AAAIAI,3,2.535600000000001
45,E84039,Topiramate_Tab 200mg,040801050AAACAC,1,4.979999999999998
46,E84040,Amiodarone HCl_Tab 200mg,0203020D0AAABAB,6,1.0388000000000006
47,E84040,Aspirin Disper_Tab 75mg,0209000A0AAABAB,104,0.29119999999999824
48,E84040,Clonazepam_Tab 500mcg,0408010F0AAABAB,1,0.6327999999999987
49,E84040,Pyridox HCl_Tab 50mg,0906024N0AAAIAI,1,0.06560000000000032
50,E84044,Amiodarone HCl_Tab 200mg,0203020D0AAABAB,4,2.100000000000002
51,E84044,Aspirin Disper_Tab 75mg,0209000A0AAABAB,188,0.5263999999999969
52,E84044,Clonazepam_Tab 500mcg,0408010F0AAABAB,25,8.647499999999981
53,E84044,Pyridox HCl_Tab 50mg,0906024N0AAAIAI,2,0.6204000000000005
54,E84044,Risperidone_Tab 6mg,040201030AAAFAF,1,29.2096
55,E84044,Ropinirole HCl_Tab 5mg,0409010H0AAADAD,1,7.744800000000005
56,E84053,Amiodarone HCl_Tab 200mg,0203020D0AAABAB,2,0.7000000000000006
57,E84053,Aspirin Disper_Tab 75mg,0209000A0AAABAB,42,0.11759999999999929
58,E84053,Clonazepam_Tab 500mcg,0408010F0AAABAB,2,2.960599999999994
59,E84053,Pyridox HCl_Tab 50mg,0906024N0AAAIAI,1,0.06560000000000032
60,E84057,Amiodarone HCl_Tab 200mg,0203020D0AAABAB,12,2.4276000000000018
61,E84057,Aspirin Disper_Tab 75mg,0209000A0AAABAB,210,0.5875999999999963
62,E84057,Clonazepam_Tab 500mcg,0408010F0AAABAB,33,9.486399999999982
63,E84057,Levothyrox Sod_Tab 12.5mcg,0602010V0AAGHGH,3,2.120000000000002
64,E84057,Pyridox HCl_Tab 50mg,0906024N0AAAIAI,3,0.6100000000000008
65,E84057,Tetrabenazine_Tab 25mg,0409030C0AAAAAA,1,0.49979999999999936
66,E84058,Amiodarone HCl_Tab 200mg,0203020D0AAABAB,18,2.139900000000001
67,E84058,Aspirin Disper_Tab 75mg,0209000A0AAABAB,404,1.131199999999993
68,E84058,Clonazepam_Tab 500mcg,0408010F0AAABAB,36,10.576799999999979
69,E84058,Levothyrox Sod_Tab 12.5mcg,0602010V0AAGHGH,1,0.5600000000000005
70,E84058,Pyridox HCl_Tab 50mg,0906024N0AAAIAI,5,0.22720000000000073
71,E84061,Amiodarone HCl_Tab 200mg,0203020D0AAABAB,12,4.538800000000004
72,E84061,Aspirin Disper_Tab 75mg,0209000A0AAABAB,248,0.6719999999999957
73,E84061,Clonazepam_Tab 500mcg,0408010F0AAABAB,18,10.841199999999976
74,E84061,Levothyrox Sod_Tab 12.5mcg,0602010V0AAGHGH,3,1.4000000000000012
75,E84061,Pyridox HCl_Tab 50mg,0906024N0AAAIAI,3,1.5020000000000007
76,E84062,Amiodarone HCl_Tab 200mg,0203020D0AAABAB,2,0.7000000000000006
77,E84062,Aspirin Disper_Tab 75mg,0209000A0AAABAB,78,0.22439999999999863
78,E84062,Clonazepam_Tab 500mcg,0408010F0AAABAB,2,1.2655999999999974
79,E84062,Pyridox HCl_Tab 50mg,0906024N0AAAIAI,2,0.13120000000000065
80,E84068,Amiodarone HCl_Tab 200mg,0203020D0AAABAB,20,3.5511000000000017
81,E84068,Aspirin Disper_Tab 75mg,0209000A0AAABAB,454,1.293599999999992
82,E84068,Clonazepam_Tab 500mcg,0408010F0AAABAB,19,7.082399999999986
83,E84068,Levothyrox Sod_Tab 12.5mcg,0602010V0AAGHGH,1,0.28000000000000025
84,E84068,Pyridox HCl_Tab 50mg,0906024N0AAAIAI,4,1.0888000000000009
85,E84069,Amiodarone HCl_Tab 200mg,0203020D0AAABAB,3,1.7500000000000016
86,E84069,Aspirin Disper_Tab 75mg,0209000A0AAABAB,6,0.028399999999999828
87,E84069,Clonazepam_Tab 500mcg,0408010F0AAABAB,12,7.479199999999985
88,E84069,Levothyrox Sod_Tab 12.5mcg,0602010V0AAGHGH,9,3.9200000000000035
89,E84069,Pyridox HCl_Tab 50mg,0906024N0AAAIAI,1,0.06560000000000032
90,E84069,Topiramate_Tab 200mg,040801050AAACAC,1,4.647999999999998
91,E84070,Amiodarone HCl_Tab 200mg,0203020D0AAABAB,1,0.7000000000000006
92,E84070,Aspirin Disper_Tab 75mg,0209000A0AAABAB,76,0.2127999999999987
93,E84070,Clonazepam_Tab 500mcg,0408010F0AAABAB,1,1.1299999999999977
94,E84070,Levothyrox Sod_Tab 12.5mcg,0602010V0AAGHGH,1,0.28000000000000025
95,E84075,Aspirin Disper_Tab 75mg,0209000A0AAABAB,40,0.11199999999999932
96,E84075,Clonazepam_Tab 500mcg,0408010F0AAABAB,1,0.15819999999999967
97,E84075,Pyridox HCl_Tab 50mg,0906024N0AAAIAI,1,0.4788000000000001
98,E84601,Amiodarone HCl_Tab 200mg,0203020D0AAABAB,3,1.050000000000001
99,E84601,Aspirin Disper_Tab 75mg,0209000A0AAABAB,84,0.23519999999999858
100,E84601,Clonazepam_Tab 500mcg,0408010F0AAABAB,13,6.237599999999988
101,E84601,Pyridox HCl_Tab 50mg,0906024N0AAAIAI,3,1.643600000000001
102,E84617,Amiodarone HCl_Tab 200mg,0203020D0AAABAB,1,0.3500000000000003
103,E84617,Clonazepam_Tab 500mcg,0408010F0AAABAB,2,1.7627999999999964
104,E84617,Pyridox HCl_Tab 50mg,0906024N0AAAIAI,1,0.06560000000000032
105,E84646,Aspirin Disper_Tab 75mg,0209000A0AAABAB,2,0.011199999999999932
106,E84646,Pyridox HCl_Tab 50mg,0906024N0AAAIAI,1,0.1416000000000004
107,E84647,Amiodarone HCl_Tab 200mg,0203020D0AAABAB,3,0.2541
108,E84647,Aspirin Disper_Tab 75mg,0209000A0AAABAB,50,0.13999999999999915
109,E84647,Clonazepam_Tab 500mcg,0408010F0AAABAB,1,0.6327999999999987
110,E84653,Amiodarone HCl_Tab 200mg,0203020D0AAABAB,1,0.3500000000000003
111,E84653,Aspirin Disper_Tab 75mg,0209000A0AAABAB,74,0.20719999999999875
112,E84653,Clonazepam_Tab 500mcg,0408010F0AAABAB,1,0.15819999999999967
113,E84658,Aspirin Disper_Tab 75mg,0209000A0AAABAB,6,0.028399999999999828
114,E84658,Clonazepam_Tab 500mcg,0408010F0AAABAB,9,5.032999999999989
115,E84658,Pyridox HCl_Tab 50mg,0906024N0AAAIAI,3,0.6100000000000008
116,E84663,Amiodarone HCl_Tab 200mg,0203020D0AAABAB,2,1.4000000000000012
117,E84663,Aspirin Disper_Tab 75mg,0209000A0AAABAB,30,0.08399999999999949
118,E84663,Clonazepam_Tab 500mcg,0408010F0AAABAB,1,1.1299999999999977
119,E84663,Levothyrox Sod_Tab 12.5mcg,0602010V0AAGHGH,1,0.5600000000000005
120,E84663,Pyridox HCl_Tab 50mg,0906024N0AAAIAI,1,0.06560000000000032
121,E84663,Tetrabenazine_Tab 25mg,0409030C0AAAAAA,1,2.998799999999996
122,E84676,Aspirin Disper_Tab 75mg,0209000A0AAABAB,36,0.10079999999999939
123,E84676,Clonazepam_Tab 500mcg,0408010F0AAABAB,1,0.949199999999998
124,E84676,Pyridox HCl_Tab 50mg,0906024N0AAAIAI,1,0.4788000000000001
125,E84680,Amiodarone HCl_Tab 200mg,0203020D0AAABAB,1,0.7000000000000006
126,E84680,Aspirin Disper_Tab 75mg,0209000A0AAABAB,74,0.20719999999999875
127,E84680,Clonazepam_Tab 500mcg,0408010F0AAABAB,2,0.971799999999998
128,E84680,Pyridox HCl_Tab 50mg,0906024N0AAAIAI,2,0.5444000000000004
129,E84680,Ropinirole HCl_Tab 5mg,0409010H0AAADAD,1,2.5816000000000017
130,E84681,Aspirin Disper_Tab 75mg,0209000A0AAABAB,44,0.14559999999999912
131,E84681,Clonazepam_Tab 500mcg,0408010F0AAABAB,2,0.6327999999999987
132,E84681,Pyridox HCl_Tab 50mg,0906024N0AAAIAI,1,0.1416000000000004
133,E84693,Amiodarone HCl_Tab 200mg,0203020D0AAABAB,1,0.3500000000000003
134,E84693,Aspirin Disper_Tab 75mg,0209000A0AAABAB,56,0.15679999999999905
135,E84693,Clonazepam_Tab 500mcg,0408010F0AAABAB,15,9.40159999999998
136,E84713,Amiodarone HCl_Tab 200mg,0203020D0AAABAB,6,2.5988000000000024
137,E84713,Aspirin Disper_Tab 75mg,0209000A0AAABAB,2,0.0023999999999999855
138,E84713,Clonazepam_Tab 500mcg,0408010F0AAABAB,4,3.9283999999999923
139,E84713,Pyridox HCl_Tab 50mg,0906024N0AAAIAI,2,0.20720000000000072
140,Y03218,Aspirin Disper_Tab 75mg,0209000A0AAABAB,4,0.011199999999999932
141,Y03218,Clonazepam_Tab 500mcg,0408010F0AAABAB,2,0.6327999999999987
142,Y05080,Amiodarone HCl_Tab 200mg,0203020D0AAABAB,1,0.3500000000000003
143,Y05080,Aspirin Disper_Tab 75mg,0209000A0AAABAB,62,0.15999999999999903
144,Y05080,Clonazepam_Tab 500mcg,0408010F0AAABAB,14,3.2430999999999934
145,Y05080,Pyridox HCl_Tab 50mg,0906024N0AAAIAI,1,0.06560000000000032
146,Y06205,Phenobarb_Tab 15mg,0408010N0AAAIAI,1,-0.0014999999999998348
