,practice_code,bnf_description,bnf_code,items,excess_cost
5,F84087,Mesalazine_Tab E/C 400mg,0105010B0AAAAAA,2,95.82719999999999
0,F84031,Risperidone_Tab 6mg,040201030AAAFAF,4,58.4192
6,F84039,Mesalazine_Tab E/C 400mg,0105010B0AAAAAA,1,47.913599999999995
2,F84031,Risperidone_Tab 6mg,040201030AAAFAF,4,29.232
1,Y03023,Risperidone_Tab 6mg,040201030AAAFAF,4,29.232
3,F84714,Risperidone_Tab 6mg,040201030AAAFAF,1,29.2096
4,F84718,Risperidone_Tab 6mg,040201030AAAFAF,1,29.2096
333,F84731,Valsartan_Tab 40mg,0205052V0AAADAD,1,11.508000000000001
7,F84051,Clonazepam_Tab 500mcg,0408010F0AAABAB,8,6.327999999999987
334,F84118,Valsartan_Tab 40mg,0205052V0AAADAD,1,5.7540000000000004
183,F84087,Pyridox HCl_Tab 50mg,0906024N0AAAIAI,1,5.745600000000001
226,F84062,Topiramate_Tab 200mg,040801050AAACAC,2,4.979999999999998
227,F84034,Topiramate_Tab 200mg,040801050AAACAC,2,4.979999999999998
229,F84062,Topiramate_Tab 200mg,040801050AAACAC,1,4.647999999999998
228,F84122,Topiramate_Tab 200mg,040801050AAACAC,1,4.647999999999998
233,F84054,Buprenorphine_Tab Subling 400mcg S/F,0410030A0AAACAC,3,4.5696
232,F84718,Buprenorphine_Tab Subling 400mcg S/F,0410030A0AAACAC,4,4.5696
8,F84016,Clonazepam_Tab 500mcg,0408010F0AAABAB,2,4.067999999999992
230,F84062,Topiramate_Tab 200mg,040801050AAACAC,7,4.037600000000001
335,F84114,Valsartan_Tab 40mg,0205052V0AAADAD,1,3.8360000000000003
9,F84081,Clonazepam_Tab 500mcg,0408010F0AAABAB,3,3.796799999999992
11,F84083,Clonazepam_Tab 500mcg,0408010F0AAABAB,3,3.389999999999993
10,F84696,Clonazepam_Tab 500mcg,0408010F0AAABAB,1,3.389999999999993
234,F84062,Buprenorphine_Tab Subling 400mcg S/F,0410030A0AAACAC,4,3.0464
13,F84656,Clonazepam_Tab 500mcg,0408010F0AAABAB,2,2.531199999999995
12,F84054,Clonazepam_Tab 500mcg,0408010F0AAABAB,4,2.531199999999995
14,F84079,Clonazepam_Tab 500mcg,0408010F0AAABAB,5,2.372999999999995
231,F84062,Topiramate_Tab 200mg,040801050AAACAC,1,2.3183999999999996
235,F84122,Buprenorphine_Tab Subling 400mcg S/F,0410030A0AAACAC,2,2.2848
15,F84016,Clonazepam_Tab 500mcg,0408010F0AAABAB,2,2.2599999999999953
336,F84016,Amiodarone HCl_Tab 200mg,0203020D0AAABAB,3,2.100000000000002
16,F84702,Clonazepam_Tab 500mcg,0408010F0AAABAB,1,2.033999999999996
185,F84123,Pyridox HCl_Tab 50mg,0906024N0AAAIAI,1,1.9152000000000005
184,F84044,Pyridox HCl_Tab 50mg,0906024N0AAAIAI,2,1.9152000000000005
18,F84081,Clonazepam_Tab 500mcg,0408010F0AAABAB,4,1.898399999999996
17,F84034,Clonazepam_Tab 500mcg,0408010F0AAABAB,1,1.898399999999996
20,F84012,Clonazepam_Tab 500mcg,0408010F0AAABAB,1,1.6949999999999965
19,F84054,Clonazepam_Tab 500mcg,0408010F0AAABAB,1,1.6949999999999965
21,F84079,Clonazepam_Tab 500mcg,0408010F0AAABAB,3,1.6610999999999967
22,F84682,Clonazepam_Tab 500mcg,0408010F0AAABAB,1,1.5819999999999967
236,F84034,Buprenorphine_Tab Subling 400mcg S/F,0410030A0AAACAC,2,1.5232
237,F84122,Buprenorphine_Tab Subling 400mcg S/F,0410030A0AAACAC,2,1.5232
238,F84016,Buprenorphine_Tab Subling 400mcg S/F,0410030A0AAACAC,1,1.5232
239,F84031,Buprenorphine_Tab Subling 400mcg S/F,0410030A0AAACAC,2,1.5232
23,F84682,Clonazepam_Tab 500mcg,0408010F0AAABAB,19,1.5028999999999968
186,F84747,Pyridox HCl_Tab 50mg,0906024N0AAAIAI,1,1.4364000000000003
25,F84031,Clonazepam_Tab 500mcg,0408010F0AAABAB,9,1.423799999999997
24,F84083,Clonazepam_Tab 500mcg,0408010F0AAABAB,18,1.423799999999997
26,F84016,Clonazepam_Tab 500mcg,0408010F0AAABAB,18,1.423799999999997
247,F84031,Lansoprazole_Cap 30mg (E/C Gran),0103050L0AAAAAA,499,1.3972000000000158
248,F84087,Lansoprazole_Cap 30mg (E/C Gran),0103050L0AAAAAA,494,1.3832000000000155
27,F84031,Clonazepam_Tab 500mcg,0408010F0AAABAB,17,1.3446999999999973
33,F84012,Clonazepam_Tab 500mcg,0408010F0AAABAB,1,1.2655999999999974
28,F84122,Clonazepam_Tab 500mcg,0408010F0AAABAB,8,1.2655999999999974
29,F84039,Clonazepam_Tab 500mcg,0408010F0AAABAB,1,1.2655999999999974
30,Y00212,Clonazepam_Tab 500mcg,0408010F0AAABAB,1,1.2655999999999974
32,F84025,Clonazepam_Tab 500mcg,0408010F0AAABAB,4,1.2655999999999974
31,F84062,Clonazepam_Tab 500mcg,0408010F0AAABAB,8,1.2655999999999974
35,F84656,Clonazepam_Tab 500mcg,0408010F0AAABAB,2,1.2655999999999974
34,F84012,Clonazepam_Tab 500mcg,0408010F0AAABAB,4,1.2655999999999974
101,F84031,Aspirin Disper_Tab 75mg,0209000A0AAABAB,436,1.2207999999999926
102,F84031,Aspirin Disper_Tab 75mg,0209000A0AAABAB,436,1.2207999999999926
249,F84062,Lansoprazole_Cap 30mg (E/C Gran),0103050L0AAAAAA,425,1.1900000000000135
36,F84081,Clonazepam_Tab 500mcg,0408010F0AAABAB,5,1.1864999999999974
240,F84031,Buprenorphine_Tab Subling 400mcg S/F,0410030A0AAACAC,1,1.1424
241,F84054,Buprenorphine_Tab Subling 400mcg S/F,0410030A0AAACAC,1,1.1424
37,F84062,Clonazepam_Tab 500mcg,0408010F0AAABAB,1,1.1299999999999977
250,F84081,Lansoprazole_Cap 30mg (E/C Gran),0103050L0AAAAAA,388,1.0864000000000122
103,F84062,Aspirin Disper_Tab 75mg,0209000A0AAABAB,376,1.0527999999999937
104,F84062,Aspirin Disper_Tab 75mg,0209000A0AAABAB,376,1.0527999999999937
337,Y03023,Amiodarone HCl_Tab 200mg,0203020D0AAABAB,1,1.050000000000001
338,F84710,Amiodarone HCl_Tab 200mg,0203020D0AAABAB,1,1.050000000000001
339,F84079,Amiodarone HCl_Tab 200mg,0203020D0AAABAB,3,1.050000000000001
251,F84122,Lansoprazole_Cap 30mg (E/C Gran),0103050L0AAAAAA,370,1.0360000000000118
252,F84016,Lansoprazole_Cap 30mg (E/C Gran),0103050L0AAAAAA,367,1.0276000000000116
340,F84044,Amiodarone HCl_Tab 200mg,0203020D0AAABAB,12,1.0164
105,F84081,Aspirin Disper_Tab 75mg,0209000A0AAABAB,360,1.0079999999999938
106,F84081,Aspirin Disper_Tab 75mg,0209000A0AAABAB,360,1.0079999999999938
107,F84087,Aspirin Disper_Tab 75mg,0209000A0AAABAB,347,0.9715999999999941
108,F84087,Aspirin Disper_Tab 75mg,0209000A0AAABAB,347,0.9715999999999941
187,F84087,Pyridox HCl_Tab 50mg,0906024N0AAAIAI,1,0.9576000000000002
188,F84081,Pyridox HCl_Tab 50mg,0906024N0AAAIAI,1,0.9576000000000002
192,F84051,Pyridox HCl_Tab 50mg,0906024N0AAAIAI,2,0.9576000000000002
193,F84025,Pyridox HCl_Tab 50mg,0906024N0AAAIAI,1,0.9576000000000002
189,F84031,Pyridox HCl_Tab 50mg,0906024N0AAAIAI,1,0.9576000000000002
190,F84714,Pyridox HCl_Tab 50mg,0906024N0AAAIAI,1,0.9576000000000002
191,F84676,Pyridox HCl_Tab 50mg,0906024N0AAAIAI,1,0.9576000000000002
253,F84682,Lansoprazole_Cap 30mg (E/C Gran),0103050L0AAAAAA,341,0.9548000000000108
43,F84016,Clonazepam_Tab 500mcg,0408010F0AAABAB,1,0.949199999999998
39,F84747,Clonazepam_Tab 500mcg,0408010F0AAABAB,6,0.949199999999998
38,Y03023,Clonazepam_Tab 500mcg,0408010F0AAABAB,4,0.949199999999998
40,F84031,Clonazepam_Tab 500mcg,0408010F0AAABAB,1,0.949199999999998
41,F84122,Clonazepam_Tab 500mcg,0408010F0AAABAB,4,0.949199999999998
42,F84083,Clonazepam_Tab 500mcg,0408010F0AAABAB,6,0.949199999999998
109,F84718,Aspirin Disper_Tab 75mg,0209000A0AAABAB,329,0.9211999999999945
110,F84718,Aspirin Disper_Tab 75mg,0209000A0AAABAB,329,0.9211999999999945
44,F84081,Clonazepam_Tab 500mcg,0408010F0AAABAB,11,0.8700999999999982
254,F84083,Lansoprazole_Cap 30mg (E/C Gran),0103050L0AAAAAA,310,0.8680000000000098
111,F84122,Aspirin Disper_Tab 75mg,0209000A0AAABAB,295,0.825999999999995
112,F84122,Aspirin Disper_Tab 75mg,0209000A0AAABAB,295,0.825999999999995
46,F84718,Clonazepam_Tab 500mcg,0408010F0AAABAB,10,0.7909999999999984
45,Y03023,Clonazepam_Tab 500mcg,0408010F0AAABAB,5,0.7909999999999984
255,F84718,Lansoprazole_Cap 30mg (E/C Gran),0103050L0AAAAAA,262,0.7336000000000082
194,F84682,Pyridox HCl_Tab 50mg,0906024N0AAAIAI,1,0.7182000000000002
341,F84030,Amiodarone HCl_Tab 200mg,0203020D0AAABAB,4,0.7168000000000003
242,F84031,Buprenorphine_Tab Subling 400mcg S/F,0410030A0AAACAC,1,0.7046000000000003
346,F84039,Amiodarone HCl_Tab 200mg,0203020D0AAABAB,1,0.7000000000000006
345,F84718,Amiodarone HCl_Tab 200mg,0203020D0AAABAB,1,0.7000000000000006
344,F84676,Amiodarone HCl_Tab 200mg,0203020D0AAABAB,1,0.7000000000000006
343,F84081,Amiodarone HCl_Tab 200mg,0203020D0AAABAB,1,0.7000000000000006
342,F84079,Amiodarone HCl_Tab 200mg,0203020D0AAABAB,1,0.7000000000000006
113,F84682,Aspirin Disper_Tab 75mg,0209000A0AAABAB,249,0.6971999999999958
114,F84682,Aspirin Disper_Tab 75mg,0209000A0AAABAB,249,0.6971999999999958
47,F84055,Clonazepam_Tab 500mcg,0408010F0AAABAB,2,0.6779999999999986
51,F84081,Clonazepam_Tab 500mcg,0408010F0AAABAB,1,0.6779999999999986
50,F84714,Clonazepam_Tab 500mcg,0408010F0AAABAB,1,0.6779999999999986
49,F84016,Clonazepam_Tab 500mcg,0408010F0AAABAB,1,0.6779999999999986
48,F84083,Clonazepam_Tab 500mcg,0408010F0AAABAB,1,0.6779999999999986
195,F84081,Pyridox HCl_Tab 50mg,0906024N0AAAIAI,10,0.6560000000000032
60,F84079,Clonazepam_Tab 500mcg,0408010F0AAABAB,8,0.6327999999999987
66,F84044,Clonazepam_Tab 500mcg,0408010F0AAABAB,2,0.6327999999999987
65,F84034,Clonazepam_Tab 500mcg,0408010F0AAABAB,2,0.6327999999999987
64,F84081,Clonazepam_Tab 500mcg,0408010F0AAABAB,4,0.6327999999999987
63,F84039,Clonazepam_Tab 500mcg,0408010F0AAABAB,2,0.6327999999999987
62,F84123,Clonazepam_Tab 500mcg,0408010F0AAABAB,1,0.6327999999999987
61,F84731,Clonazepam_Tab 500mcg,0408010F0AAABAB,1,0.6327999999999987
59,F84122,Clonazepam_Tab 500mcg,0408010F0AAABAB,2,0.6327999999999987
58,F84062,Clonazepam_Tab 500mcg,0408010F0AAABAB,2,0.6327999999999987
57,F84081,Clonazepam_Tab 500mcg,0408010F0AAABAB,2,0.6327999999999987
56,F84696,Clonazepam_Tab 500mcg,0408010F0AAABAB,1,0.6327999999999987
55,F84044,Clonazepam_Tab 500mcg,0408010F0AAABAB,1,0.6327999999999987
54,F84698,Clonazepam_Tab 500mcg,0408010F0AAABAB,1,0.6327999999999987
53,Y03023,Clonazepam_Tab 500mcg,0408010F0AAABAB,8,0.6327999999999987
52,F84016,Clonazepam_Tab 500mcg,0408010F0AAABAB,1,0.6327999999999987
115,F84083,Aspirin Disper_Tab 75mg,0209000A0AAABAB,226,0.6327999999999961
116,F84083,Aspirin Disper_Tab 75mg,0209000A0AAABAB,226,0.6327999999999961
117,F84016,Aspirin Disper_Tab 75mg,0209000A0AAABAB,221,0.6187999999999962
118,F84016,Aspirin Disper_Tab 75mg,0209000A0AAABAB,221,0.6187999999999962
67,F84016,Clonazepam_Tab 500mcg,0408010F0AAABAB,5,0.6104999999999999
119,F84714,Aspirin Disper_Tab 75mg,0209000A0AAABAB,216,0.6047999999999963
120,F84714,Aspirin Disper_Tab 75mg,0209000A0AAABAB,216,0.6047999999999963
256,F84747,Lansoprazole_Cap 30mg (E/C Gran),0103050L0AAAAAA,214,0.5992000000000067
257,F84044,Lansoprazole_Cap 30mg (E/C Gran),0103050L0AAAAAA,207,0.5796000000000066
68,F84081,Clonazepam_Tab 500mcg,0408010F0AAABAB,1,0.5699999999999983
258,F84710,Lansoprazole_Cap 30mg (E/C Gran),0103050L0AAAAAA,200,0.5600000000000063
259,F84012,Lansoprazole_Cap 30mg (E/C Gran),0103050L0AAAAAA,200,0.5600000000000063
69,F84747,Clonazepam_Tab 500mcg,0408010F0AAABAB,7,0.5536999999999989
260,F84034,Lansoprazole_Cap 30mg (E/C Gran),0103050L0AAAAAA,190,0.532000000000006
197,F84039,Pyridox HCl_Tab 50mg,0906024N0AAAIAI,8,0.5248000000000026
196,F84030,Pyridox HCl_Tab 50mg,0906024N0AAAIAI,8,0.5248000000000026
121,F84039,Aspirin Disper_Tab 75mg,0209000A0AAABAB,187,0.5235999999999968
122,F84039,Aspirin Disper_Tab 75mg,0209000A0AAABAB,187,0.5235999999999968
123,F84034,Aspirin Disper_Tab 75mg,0209000A0AAABAB,181,0.5067999999999969
124,F84034,Aspirin Disper_Tab 75mg,0209000A0AAABAB,181,0.5067999999999969
261,F84054,Lansoprazole_Cap 30mg (E/C Gran),0103050L0AAAAAA,178,0.4984000000000056
70,F84682,Clonazepam_Tab 500mcg,0408010F0AAABAB,4,0.48839999999999995
198,F84087,Pyridox HCl_Tab 50mg,0906024N0AAAIAI,2,0.4788000000000001
199,F84123,Pyridox HCl_Tab 50mg,0906024N0AAAIAI,1,0.4788000000000001
203,F84122,Pyridox HCl_Tab 50mg,0906024N0AAAIAI,1,0.4788000000000001
201,F84081,Pyridox HCl_Tab 50mg,0906024N0AAAIAI,1,0.4788000000000001
202,F84714,Pyridox HCl_Tab 50mg,0906024N0AAAIAI,2,0.4788000000000001
200,F84016,Pyridox HCl_Tab 50mg,0906024N0AAAIAI,1,0.4788000000000001
204,F84012,Pyridox HCl_Tab 50mg,0906024N0AAAIAI,1,0.4788000000000001
208,F84087,Pyridox HCl_Tab 50mg,0906024N0AAAIAI,1,0.4788000000000001
205,F84087,Pyridox HCl_Tab 50mg,0906024N0AAAIAI,4,0.4788000000000001
211,F84682,Pyridox HCl_Tab 50mg,0906024N0AAAIAI,2,0.4788000000000001
209,F84062,Pyridox HCl_Tab 50mg,0906024N0AAAIAI,1,0.4788000000000001
210,Y03023,Pyridox HCl_Tab 50mg,0906024N0AAAIAI,1,0.4788000000000001
207,F84039,Pyridox HCl_Tab 50mg,0906024N0AAAIAI,1,0.4788000000000001
206,F84710,Pyridox HCl_Tab 50mg,0906024N0AAAIAI,4,0.4788000000000001
71,F84054,Clonazepam_Tab 500mcg,0408010F0AAABAB,1,0.474599999999999
72,F84083,Clonazepam_Tab 500mcg,0408010F0AAABAB,1,0.474599999999999
262,F84714,Lansoprazole_Cap 30mg (E/C Gran),0103050L0AAAAAA,165,0.46200000000000524
125,F84054,Aspirin Disper_Tab 75mg,0209000A0AAABAB,165,0.4619999999999972
126,F84054,Aspirin Disper_Tab 75mg,0209000A0AAABAB,165,0.4619999999999972
127,F84025,Aspirin Disper_Tab 75mg,0209000A0AAABAB,161,0.45079999999999726
128,F84025,Aspirin Disper_Tab 75mg,0209000A0AAABAB,161,0.45079999999999726
263,F84025,Lansoprazole_Cap 30mg (E/C Gran),0103050L0AAAAAA,160,0.44800000000000506
264,F84122,Lansoprazole_Cap 30mg (E/C Gran),0103050L0AAAAAA,79,0.442400000000005
129,F84079,Aspirin Disper_Tab 75mg,0209000A0AAABAB,157,0.4395999999999973
130,F84079,Aspirin Disper_Tab 75mg,0209000A0AAABAB,157,0.4395999999999973
265,F84079,Lansoprazole_Cap 30mg (E/C Gran),0103050L0AAAAAA,153,0.42840000000000483
347,F84031,Amiodarone HCl_Tab 200mg,0203020D0AAABAB,5,0.4235
266,F84016,Lansoprazole_Cap 30mg (E/C Gran),0103050L0AAAAAA,75,0.42000000000000476
131,F84044,Aspirin Disper_Tab 75mg,0209000A0AAABAB,149,0.41719999999999746
132,F84044,Aspirin Disper_Tab 75mg,0209000A0AAABAB,149,0.41719999999999746
267,F84039,Lansoprazole_Cap 30mg (E/C Gran),0103050L0AAAAAA,146,0.4088000000000046
268,F84062,Lansoprazole_Cap 30mg (E/C Gran),0103050L0AAAAAA,71,0.3976000000000045
269,F84031,Lansoprazole_Cap 30mg (E/C Gran),0103050L0AAAAAA,69,0.38640000000000435
270,F84087,Lansoprazole_Cap 30mg (E/C Gran),0103050L0AAAAAA,69,0.38640000000000435
133,F84747,Aspirin Disper_Tab 75mg,0209000A0AAABAB,134,0.37519999999999776
134,F84747,Aspirin Disper_Tab 75mg,0209000A0AAABAB,134,0.37519999999999776
136,F84030,Aspirin Disper_Tab 75mg,0209000A0AAABAB,128,0.35839999999999783
135,F84030,Aspirin Disper_Tab 75mg,0209000A0AAABAB,128,0.35839999999999783
243,F84054,Buprenorphine_Tab Subling 400mcg S/F,0410030A0AAACAC,1,0.35230000000000017
348,F84702,Amiodarone HCl_Tab 200mg,0203020D0AAABAB,1,0.3500000000000003
350,F84118,Amiodarone HCl_Tab 200mg,0203020D0AAABAB,1,0.3500000000000003
351,Y03023,Amiodarone HCl_Tab 200mg,0203020D0AAABAB,1,0.3500000000000003
352,F84034,Amiodarone HCl_Tab 200mg,0203020D0AAABAB,1,0.3500000000000003
353,F84051,Amiodarone HCl_Tab 200mg,0203020D0AAABAB,1,0.3500000000000003
349,F84710,Amiodarone HCl_Tab 200mg,0203020D0AAABAB,1,0.3500000000000003
271,F84123,Lansoprazole_Cap 30mg (E/C Gran),0103050L0AAAAAA,124,0.34720000000000395
73,F84710,Clonazepam_Tab 500mcg,0408010F0AAABAB,8,0.33919999999999995
74,F84012,Clonazepam_Tab 500mcg,0408010F0AAABAB,1,0.3389999999999993
356,F84034,Amiodarone HCl_Tab 200mg,0203020D0AAABAB,4,0.3388
355,F84079,Amiodarone HCl_Tab 200mg,0203020D0AAABAB,4,0.3388
357,F84714,Amiodarone HCl_Tab 200mg,0203020D0AAABAB,4,0.3388
354,F84012,Amiodarone HCl_Tab 200mg,0203020D0AAABAB,4,0.3388
358,F84122,Amiodarone HCl_Tab 200mg,0203020D0AAABAB,4,0.3388
359,F84682,Amiodarone HCl_Tab 200mg,0203020D0AAABAB,4,0.3388
212,F84025,Pyridox HCl_Tab 50mg,0906024N0AAAIAI,5,0.3280000000000016
273,Y03023,Lansoprazole_Cap 30mg (E/C Gran),0103050L0AAAAAA,116,0.32480000000000364
272,F84698,Lansoprazole_Cap 30mg (E/C Gran),0103050L0AAAAAA,116,0.32480000000000364
87,F84702,Clonazepam_Tab 500mcg,0408010F0AAABAB,1,0.31639999999999935
88,F84012,Clonazepam_Tab 500mcg,0408010F0AAABAB,4,0.31639999999999935
82,F84122,Clonazepam_Tab 500mcg,0408010F0AAABAB,4,0.31639999999999935
86,F84034,Clonazepam_Tab 500mcg,0408010F0AAABAB,4,0.31639999999999935
85,F84696,Clonazepam_Tab 500mcg,0408010F0AAABAB,1,0.31639999999999935
84,F84747,Clonazepam_Tab 500mcg,0408010F0AAABAB,1,0.31639999999999935
83,F84656,Clonazepam_Tab 500mcg,0408010F0AAABAB,4,0.31639999999999935
81,F84698,Clonazepam_Tab 500mcg,0408010F0AAABAB,1,0.31639999999999935
80,Y00212,Clonazepam_Tab 500mcg,0408010F0AAABAB,4,0.31639999999999935
79,F84054,Clonazepam_Tab 500mcg,0408010F0AAABAB,1,0.31639999999999935
78,F84083,Clonazepam_Tab 500mcg,0408010F0AAABAB,1,0.31639999999999935
77,F84025,Clonazepam_Tab 500mcg,0408010F0AAABAB,4,0.31639999999999935
76,F84682,Clonazepam_Tab 500mcg,0408010F0AAABAB,1,0.31639999999999935
75,F84046,Clonazepam_Tab 500mcg,0408010F0AAABAB,4,0.31639999999999935
274,F84710,Lansoprazole_Cap 30mg (E/C Gran),0103050L0AAAAAA,56,0.31360000000000354
137,F84051,Aspirin Disper_Tab 75mg,0209000A0AAABAB,112,0.3135999999999981
138,F84051,Aspirin Disper_Tab 75mg,0209000A0AAABAB,112,0.3135999999999981
139,F84012,Aspirin Disper_Tab 75mg,0209000A0AAABAB,109,0.30519999999999814
140,F84012,Aspirin Disper_Tab 75mg,0209000A0AAABAB,109,0.30519999999999814
142,Y00212,Aspirin Disper_Tab 75mg,0209000A0AAABAB,106,0.2967999999999982
141,Y00212,Aspirin Disper_Tab 75mg,0209000A0AAABAB,106,0.2967999999999982
144,F84123,Aspirin Disper_Tab 75mg,0209000A0AAABAB,100,0.2799999999999983
143,F84123,Aspirin Disper_Tab 75mg,0209000A0AAABAB,100,0.2799999999999983
275,F84083,Lansoprazole_Cap 30mg (E/C Gran),0103050L0AAAAAA,49,0.2744000000000031
276,F84046,Lansoprazole_Cap 30mg (E/C Gran),0103050L0AAAAAA,98,0.2744000000000031
145,F84656,Aspirin Disper_Tab 75mg,0209000A0AAABAB,94,0.26319999999999844
146,F84656,Aspirin Disper_Tab 75mg,0209000A0AAABAB,94,0.26319999999999844
216,F84122,Pyridox HCl_Tab 50mg,0906024N0AAAIAI,4,0.2624000000000013
218,F84747,Pyridox HCl_Tab 50mg,0906024N0AAAIAI,4,0.2624000000000013
217,F84118,Pyridox HCl_Tab 50mg,0906024N0AAAIAI,4,0.2624000000000013
213,F84676,Pyridox HCl_Tab 50mg,0906024N0AAAIAI,4,0.2624000000000013
215,F84698,Pyridox HCl_Tab 50mg,0906024N0AAAIAI,4,0.2624000000000013
214,F84062,Pyridox HCl_Tab 50mg,0906024N0AAAIAI,4,0.2624000000000013
277,Y00212,Lansoprazole_Cap 30mg (E/C Gran),0103050L0AAAAAA,93,0.26040000000000296
280,F84118,Lansoprazole_Cap 30mg (E/C Gran),0103050L0AAAAAA,92,0.25760000000000294
279,F84012,Lansoprazole_Cap 30mg (E/C Gran),0103050L0AAAAAA,46,0.25760000000000294
278,F84714,Lansoprazole_Cap 30mg (E/C Gran),0103050L0AAAAAA,46,0.25760000000000294
281,F84051,Lansoprazole_Cap 30mg (E/C Gran),0103050L0AAAAAA,86,0.24080000000000273
282,F84656,Lansoprazole_Cap 30mg (E/C Gran),0103050L0AAAAAA,86,0.24080000000000273
219,F84118,Pyridox HCl_Tab 50mg,0906024N0AAAIAI,1,0.23940000000000006
220,F84031,Pyridox HCl_Tab 50mg,0906024N0AAAIAI,2,0.23940000000000006
222,F84114,Pyridox HCl_Tab 50mg,0906024N0AAAIAI,1,0.23940000000000006
223,F84034,Pyridox HCl_Tab 50mg,0906024N0AAAIAI,1,0.23940000000000006
224,F84031,Pyridox HCl_Tab 50mg,0906024N0AAAIAI,1,0.23940000000000006
225,F84676,Pyridox HCl_Tab 50mg,0906024N0AAAIAI,1,0.23940000000000006
221,F84083,Pyridox HCl_Tab 50mg,0906024N0AAAIAI,1,0.23940000000000006
147,F84046,Aspirin Disper_Tab 75mg,0209000A0AAABAB,85,0.23799999999999855
148,F84046,Aspirin Disper_Tab 75mg,0209000A0AAABAB,85,0.23799999999999855
89,F84054,Clonazepam_Tab 500mcg,0408010F0AAABAB,3,0.2372999999999995
150,Y03023,Aspirin Disper_Tab 75mg,0209000A0AAABAB,84,0.23519999999999858
149,Y03023,Aspirin Disper_Tab 75mg,0209000A0AAABAB,84,0.23519999999999858
283,F84647,Lansoprazole_Cap 30mg (E/C Gran),0103050L0AAAAAA,81,0.22680000000000256
284,F84054,Lansoprazole_Cap 30mg (E/C Gran),0103050L0AAAAAA,40,0.22400000000000253
90,F84718,Clonazepam_Tab 500mcg,0408010F0AAABAB,1,0.22199999999999998
152,F84698,Aspirin Disper_Tab 75mg,0209000A0AAABAB,79,0.22119999999999868
151,F84698,Aspirin Disper_Tab 75mg,0209000A0AAABAB,79,0.22119999999999868
285,F84034,Lansoprazole_Cap 30mg (E/C Gran),0103050L0AAAAAA,39,0.21840000000000248
153,F84710,Aspirin Disper_Tab 75mg,0209000A0AAABAB,77,0.21559999999999868
154,F84710,Aspirin Disper_Tab 75mg,0209000A0AAABAB,77,0.21559999999999868
155,F84114,Aspirin Disper_Tab 75mg,0209000A0AAABAB,75,0.20999999999999874
156,F84114,Aspirin Disper_Tab 75mg,0209000A0AAABAB,75,0.20999999999999874
286,F84081,Lansoprazole_Cap 30mg (E/C Gran),0103050L0AAAAAA,37,0.20720000000000233
287,F84747,Lansoprazole_Cap 30mg (E/C Gran),0103050L0AAAAAA,35,0.19600000000000223
244,F84054,Buprenorphine_Tab Subling 400mcg S/F,0410030A0AAACAC,1,0.1904
288,F84718,Lansoprazole_Cap 30mg (E/C Gran),0103050L0AAAAAA,32,0.17920000000000202
157,F84118,Aspirin Disper_Tab 75mg,0209000A0AAABAB,64,0.17919999999999892
158,F84118,Aspirin Disper_Tab 75mg,0209000A0AAABAB,64,0.17919999999999892
91,F84747,Clonazepam_Tab 500mcg,0408010F0AAABAB,4,0.16959999999999997
289,F84676,Lansoprazole_Cap 30mg (E/C Gran),0103050L0AAAAAA,60,0.1680000000000019
160,F84676,Aspirin Disper_Tab 75mg,0209000A0AAABAB,60,0.16799999999999898
159,F84676,Aspirin Disper_Tab 75mg,0209000A0AAABAB,60,0.16799999999999898
92,F84718,Clonazepam_Tab 500mcg,0408010F0AAABAB,1,0.15819999999999967
93,Y00212,Clonazepam_Tab 500mcg,0408010F0AAABAB,1,0.15819999999999967
94,F84656,Clonazepam_Tab 500mcg,0408010F0AAABAB,1,0.15819999999999967
95,F84087,Clonazepam_Tab 500mcg,0408010F0AAABAB,1,0.15819999999999967
96,F84079,Clonazepam_Tab 500mcg,0408010F0AAABAB,1,0.15819999999999967
290,F84682,Lansoprazole_Cap 30mg (E/C Gran),0103050L0AAAAAA,28,0.15680000000000177
291,F84079,Lansoprazole_Cap 30mg (E/C Gran),0103050L0AAAAAA,26,0.14560000000000164
293,F84114,Lansoprazole_Cap 30mg (E/C Gran),0103050L0AAAAAA,48,0.13440000000000152
292,F84030,Lansoprazole_Cap 30mg (E/C Gran),0103050L0AAAAAA,48,0.13440000000000152
294,F84696,Lansoprazole_Cap 30mg (E/C Gran),0103050L0AAAAAA,47,0.1316000000000015
295,F84123,Lansoprazole_Cap 30mg (E/C Gran),0103050L0AAAAAA,22,0.12320000000000139
296,F84696,Lansoprazole_Cap 30mg (E/C Gran),0103050L0AAAAAA,20,0.11200000000000127
297,F84656,Lansoprazole_Cap 30mg (E/C Gran),0103050L0AAAAAA,20,0.11200000000000127
298,F84039,Lansoprazole_Cap 30mg (E/C Gran),0103050L0AAAAAA,19,0.1064000000000012
162,F84696,Aspirin Disper_Tab 75mg,0209000A0AAABAB,36,0.10079999999999939
161,F84696,Aspirin Disper_Tab 75mg,0209000A0AAABAB,36,0.10079999999999939
299,F84647,Lansoprazole_Cap 30mg (E/C Gran),0103050L0AAAAAA,17,0.09520000000000108
164,F84055,Aspirin Disper_Tab 75mg,0209000A0AAABAB,34,0.09519999999999942
163,F84055,Aspirin Disper_Tab 75mg,0209000A0AAABAB,34,0.09519999999999942
97,F84025,Clonazepam_Tab 500mcg,0408010F0AAABAB,1,0.09439999999999982
166,F84647,Aspirin Disper_Tab 75mg,0209000A0AAABAB,33,0.09239999999999944
165,F84647,Aspirin Disper_Tab 75mg,0209000A0AAABAB,33,0.09239999999999944
300,F84044,Lansoprazole_Cap 30mg (E/C Gran),0103050L0AAAAAA,16,0.08960000000000101
360,F84025,Amiodarone HCl_Tab 200mg,0203020D0AAABAB,1,0.0847
301,F84025,Lansoprazole_Cap 30mg (E/C Gran),0103050L0AAAAAA,15,0.08400000000000095
98,F84710,Clonazepam_Tab 500mcg,0408010F0AAABAB,1,0.07909999999999984
302,Y00212,Lansoprazole_Cap 30mg (E/C Gran),0103050L0AAAAAA,12,0.06720000000000076
303,F84051,Lansoprazole_Cap 30mg (E/C Gran),0103050L0AAAAAA,12,0.06720000000000076
304,F84676,Lansoprazole_Cap 30mg (E/C Gran),0103050L0AAAAAA,12,0.06720000000000076
167,F84733,Aspirin Disper_Tab 75mg,0209000A0AAABAB,24,0.0671999999999996
168,F84733,Aspirin Disper_Tab 75mg,0209000A0AAABAB,24,0.0671999999999996
305,F84733,Lansoprazole_Cap 30mg (E/C Gran),0103050L0AAAAAA,23,0.06440000000000073
306,F84733,Lansoprazole_Cap 30mg (E/C Gran),0103050L0AAAAAA,11,0.061600000000000696
307,F84055,Lansoprazole_Cap 30mg (E/C Gran),0103050L0AAAAAA,21,0.058800000000000664
308,Y03023,Lansoprazole_Cap 30mg (E/C Gran),0103050L0AAAAAA,9,0.05040000000000057
309,F84055,Lansoprazole_Cap 30mg (E/C Gran),0103050L0AAAAAA,8,0.044800000000000506
99,Y00212,Clonazepam_Tab 500mcg,0408010F0AAABAB,1,0.03689999999999993
169,F84083,Aspirin Disper_Tab 75mg,0209000A0AAABAB,6,0.0335999999999998
170,F84083,Aspirin Disper_Tab 75mg,0209000A0AAABAB,6,0.0335999999999998
310,F84702,Lansoprazole_Cap 30mg (E/C Gran),0103050L0AAAAAA,8,0.022400000000000253
311,F84030,Lansoprazole_Cap 30mg (E/C Gran),0103050L0AAAAAA,4,0.022400000000000253
313,F84731,Lansoprazole_Cap 30mg (E/C Gran),0103050L0AAAAAA,8,0.022400000000000253
312,F84698,Lansoprazole_Cap 30mg (E/C Gran),0103050L0AAAAAA,4,0.022400000000000253
171,F84016,Aspirin Disper_Tab 75mg,0209000A0AAABAB,4,0.022399999999999864
172,F84016,Aspirin Disper_Tab 75mg,0209000A0AAABAB,4,0.022399999999999864
173,F84039,Aspirin Disper_Tab 75mg,0209000A0AAABAB,4,0.022399999999999864
174,F84039,Aspirin Disper_Tab 75mg,0209000A0AAABAB,4,0.022399999999999864
314,F84118,Lansoprazole_Cap 30mg (E/C Gran),0103050L0AAAAAA,3,0.01680000000000019
315,F84744,Lansoprazole_Cap 30mg (E/C Gran),0103050L0AAAAAA,3,0.01680000000000019
100,Y00212,Clonazepam_Tab 500mcg,0408010F0AAABAB,1,0.015600000000000003
316,F84114,Lansoprazole_Cap 30mg (E/C Gran),0103050L0AAAAAA,2,0.011200000000000127
175,Y03086,Aspirin Disper_Tab 75mg,0209000A0AAABAB,4,0.011199999999999932
176,Y03086,Aspirin Disper_Tab 75mg,0209000A0AAABAB,4,0.011199999999999932
317,F84122,Lansoprazole_Cap 30mg (E/C Gran),0103050L0AAAAAA,2,0.00840000000000024
318,F84123,Lansoprazole_Cap 30mg (E/C Gran),0103050L0AAAAAA,2,0.0070000000000002005
319,F84698,Lansoprazole_Cap 30mg (E/C Gran),0103050L0AAAAAA,1,0.0070000000000002005
320,F84083,Lansoprazole_Cap 30mg (E/C Gran),0103050L0AAAAAA,1,0.0063000000000001805
321,F84044,Lansoprazole_Cap 30mg (E/C Gran),0103050L0AAAAAA,2,0.006000000000000172
324,F84046,Lansoprazole_Cap 30mg (E/C Gran),0103050L0AAAAAA,1,0.005600000000000063
323,Y03047,Lansoprazole_Cap 30mg (E/C Gran),0103050L0AAAAAA,1,0.005600000000000063
322,F84702,Lansoprazole_Cap 30mg (E/C Gran),0103050L0AAAAAA,1,0.005600000000000063
325,Y03023,Lansoprazole_Cap 30mg (E/C Gran),0103050L0AAAAAA,1,0.00420000000000012
327,F84031,Lansoprazole_Cap 30mg (E/C Gran),0103050L0AAAAAA,1,0.0035000000000001003
328,F84062,Lansoprazole_Cap 30mg (E/C Gran),0103050L0AAAAAA,1,0.0035000000000001003
326,F84731,Lansoprazole_Cap 30mg (E/C Gran),0103050L0AAAAAA,1,0.0035000000000001003
178,F84733,Aspirin Disper_Tab 75mg,0209000A0AAABAB,1,0.002999999999999982
177,F84733,Aspirin Disper_Tab 75mg,0209000A0AAABAB,1,0.002999999999999982
329,Y06160,Lansoprazole_Cap 30mg (E/C Gran),0103050L0AAAAAA,1,0.0028000000000000316
330,F84083,Lansoprazole_Cap 30mg (E/C Gran),0103050L0AAAAAA,1,0.001800000000000003
331,Y06160,Lansoprazole_Cap 30mg (E/C Gran),0103050L0AAAAAA,1,-0.000999999999999994
245,F84054,Buprenorphine_Tab Subling 400mcg S/F,0410030A0AAACAC,1,-0.0012999999999998568
246,F84031,Buprenorphine_Tab Subling 400mcg S/F,0410030A0AAACAC,1,-0.0025999999999997137
332,Y06160,Lansoprazole_Cap 30mg (E/C Gran),0103050L0AAAAAA,2,-0.005599999999999994
179,F84122,Aspirin Disper_Tab 75mg,0209000A0AAABAB,4,-0.011199999999999988
180,F84122,Aspirin Disper_Tab 75mg,0209000A0AAABAB,4,-0.011199999999999988
181,F84087,Aspirin Disper_Tab 75mg,0209000A0AAABAB,5,-0.013999999999999985
182,F84087,Aspirin Disper_Tab 75mg,0209000A0AAABAB,5,-0.013999999999999985
