,practice_code,bnf_description,bnf_code,items,excess_cost
0,N84013,Mesalazine_Tab E/C 400mg,0105010B0AAAAAA,2,71.87039999999999
66,N84611,Mesalazine_Tab E/C 800mg,0105010B0AAASAS,1,34.43999999999999
67,Y00822,Pregabalin_Cap 25mg,0408010AEAAAAAA,2,29.808799999999998
64,N84012,Risperidone_Tab 6mg,040201030AAAFAF,1,29.2096
65,Y02610,Risperidone_Tab 6mg,040201030AAAFAF,1,29.2096
79,N84021,Bumetanide_Tab 1mg,0202020D0AAAEAE,2,24.281599999999997
100,N84021,Ephed HCl_Tab 30mg,0301012F0AAABAB,3,17.539199999999973
74,N84006,Topiramate_Tab 200mg,040801050AAACAC,1,9.959999999999996
75,Y02610,Topiramate_Tab 200mg,040801050AAACAC,2,7.469999999999997
76,N84611,Topiramate_Tab 200mg,040801050AAACAC,1,3.4859999999999984
1,N84021,Clonazepam_Tab 500mcg,0408010F0AAABAB,5,3.1639999999999935
2,N84021,Clonazepam_Tab 500mcg,0408010F0AAABAB,1,2.7119999999999944
3,N84614,Clonazepam_Tab 500mcg,0408010F0AAABAB,1,2.531199999999995
83,N84018,Amiodarone HCl_Tab 200mg,0203020D0AAABAB,7,2.450000000000002
4,N84012,Clonazepam_Tab 500mcg,0408010F0AAABAB,5,2.372999999999995
78,N84024,Topiramate_Tab 200mg,040801050AAACAC,1,2.3183999999999996
77,N84018,Topiramate_Tab 200mg,040801050AAACAC,1,2.3183999999999996
5,N84625,Clonazepam_Tab 500mcg,0408010F0AAABAB,1,2.2599999999999953
85,N84017,Amiodarone HCl_Tab 200mg,0203020D0AAABAB,6,2.100000000000002
84,N84021,Amiodarone HCl_Tab 200mg,0203020D0AAABAB,6,2.100000000000002
12,N84024,Clonazepam_Tab 500mcg,0408010F0AAABAB,6,1.898399999999996
11,N84618,Clonazepam_Tab 500mcg,0408010F0AAABAB,4,1.898399999999996
6,N84037,Clonazepam_Tab 500mcg,0408010F0AAABAB,3,1.898399999999996
7,N84005,Clonazepam_Tab 500mcg,0408010F0AAABAB,1,1.898399999999996
8,N84024,Clonazepam_Tab 500mcg,0408010F0AAABAB,3,1.898399999999996
13,N84018,Clonazepam_Tab 500mcg,0408010F0AAABAB,3,1.898399999999996
9,N84017,Clonazepam_Tab 500mcg,0408010F0AAABAB,3,1.898399999999996
10,N84021,Clonazepam_Tab 500mcg,0408010F0AAABAB,1,1.898399999999996
14,N84005,Clonazepam_Tab 500mcg,0408010F0AAABAB,6,1.898399999999996
86,N84005,Amiodarone HCl_Tab 200mg,0203020D0AAABAB,5,1.7500000000000016
87,N84006,Amiodarone HCl_Tab 200mg,0203020D0AAABAB,5,1.7500000000000016
15,N84013,Clonazepam_Tab 500mcg,0408010F0AAABAB,4,1.2655999999999974
16,N84014,Clonazepam_Tab 500mcg,0408010F0AAABAB,1,1.2655999999999974
19,N84005,Clonazepam_Tab 500mcg,0408010F0AAABAB,2,1.2655999999999974
18,N84614,Clonazepam_Tab 500mcg,0408010F0AAABAB,2,1.2655999999999974
17,Y02610,Clonazepam_Tab 500mcg,0408010F0AAABAB,1,1.2655999999999974
23,N84613,Clonazepam_Tab 500mcg,0408010F0AAABAB,1,1.1299999999999977
22,N84017,Clonazepam_Tab 500mcg,0408010F0AAABAB,1,1.1299999999999977
21,N84018,Clonazepam_Tab 500mcg,0408010F0AAABAB,1,1.1299999999999977
20,N84611,Clonazepam_Tab 500mcg,0408010F0AAABAB,1,1.1299999999999977
89,N84014,Amiodarone HCl_Tab 200mg,0203020D0AAABAB,3,1.050000000000001
88,N84012,Amiodarone HCl_Tab 200mg,0203020D0AAABAB,3,1.050000000000001
24,N84005,Clonazepam_Tab 500mcg,0408010F0AAABAB,4,1.0395999999999979
90,N84017,Amiodarone HCl_Tab 200mg,0203020D0AAABAB,12,1.0164
26,N84012,Clonazepam_Tab 500mcg,0408010F0AAABAB,3,0.949199999999998
25,N84005,Clonazepam_Tab 500mcg,0408010F0AAABAB,1,0.949199999999998
29,N84021,Clonazepam_Tab 500mcg,0408010F0AAABAB,1,0.949199999999998
31,N84017,Clonazepam_Tab 500mcg,0408010F0AAABAB,1,0.949199999999998
32,N84037,Clonazepam_Tab 500mcg,0408010F0AAABAB,1,0.949199999999998
30,N84613,Clonazepam_Tab 500mcg,0408010F0AAABAB,3,0.949199999999998
27,N84611,Clonazepam_Tab 500mcg,0408010F0AAABAB,1,0.949199999999998
39,N84021,Clonazepam_Tab 500mcg,0408010F0AAABAB,3,0.949199999999998
38,N84024,Clonazepam_Tab 500mcg,0408010F0AAABAB,1,0.949199999999998
37,N84617,Clonazepam_Tab 500mcg,0408010F0AAABAB,4,0.949199999999998
36,Y02610,Clonazepam_Tab 500mcg,0408010F0AAABAB,1,0.949199999999998
35,N84012,Clonazepam_Tab 500mcg,0408010F0AAABAB,4,0.949199999999998
34,N84625,Clonazepam_Tab 500mcg,0408010F0AAABAB,1,0.949199999999998
33,N84613,Clonazepam_Tab 500mcg,0408010F0AAABAB,1,0.949199999999998
28,N84017,Clonazepam_Tab 500mcg,0408010F0AAABAB,4,0.949199999999998
94,N84611,Amiodarone HCl_Tab 200mg,0203020D0AAABAB,2,0.7000000000000006
91,N84008,Amiodarone HCl_Tab 200mg,0203020D0AAABAB,1,0.7000000000000006
92,N84024,Amiodarone HCl_Tab 200mg,0203020D0AAABAB,2,0.7000000000000006
93,N84613,Amiodarone HCl_Tab 200mg,0203020D0AAABAB,2,0.7000000000000006
40,N84611,Clonazepam_Tab 500mcg,0408010F0AAABAB,1,0.6779999999999986
102,N84008,Co-Codamol_Cap 8mg/500mg,0407010F0AAABAB,4,0.6400000000000072
101,N84008,Co-Codamol_Cap 8mg/500mg,0407010F0AAABAB,4,0.6400000000000072
42,N84611,Clonazepam_Tab 500mcg,0408010F0AAABAB,2,0.6327999999999987
41,N84013,Clonazepam_Tab 500mcg,0408010F0AAABAB,4,0.6327999999999987
45,N84611,Clonazepam_Tab 500mcg,0408010F0AAABAB,4,0.6327999999999987
44,Y02610,Clonazepam_Tab 500mcg,0408010F0AAABAB,2,0.6327999999999987
43,N84006,Clonazepam_Tab 500mcg,0408010F0AAABAB,1,0.6327999999999987
103,N84006,Co-Codamol_Cap 8mg/500mg,0407010F0AAABAB,3,0.4800000000000054
104,N84006,Co-Codamol_Cap 8mg/500mg,0407010F0AAABAB,3,0.4800000000000054
46,N84006,Clonazepam_Tab 500mcg,0408010F0AAABAB,1,0.474599999999999
97,N84013,Amiodarone HCl_Tab 200mg,0203020D0AAABAB,1,0.3500000000000003
98,N84625,Amiodarone HCl_Tab 200mg,0203020D0AAABAB,1,0.3500000000000003
96,N84617,Amiodarone HCl_Tab 200mg,0203020D0AAABAB,1,0.3500000000000003
95,N84008,Amiodarone HCl_Tab 200mg,0203020D0AAABAB,1,0.3500000000000003
47,N84013,Clonazepam_Tab 500mcg,0408010F0AAABAB,1,0.3389999999999993
99,N84018,Amiodarone HCl_Tab 200mg,0203020D0AAABAB,4,0.3388
116,N84021,Co-Codamol_Cap 8mg/500mg,0407010F0AAABAB,2,0.3200000000000036
117,N84013,Co-Codamol_Cap 8mg/500mg,0407010F0AAABAB,2,0.3200000000000036
113,N84013,Co-Codamol_Cap 8mg/500mg,0407010F0AAABAB,2,0.3200000000000036
115,N84021,Co-Codamol_Cap 8mg/500mg,0407010F0AAABAB,2,0.3200000000000036
114,N84618,Co-Codamol_Cap 8mg/500mg,0407010F0AAABAB,1,0.3200000000000036
112,N84008,Co-Codamol_Cap 8mg/500mg,0407010F0AAABAB,1,0.3200000000000036
111,N84006,Co-Codamol_Cap 8mg/500mg,0407010F0AAABAB,1,0.3200000000000036
110,N84012,Co-Codamol_Cap 8mg/500mg,0407010F0AAABAB,1,0.3200000000000036
109,N84021,Co-Codamol_Cap 8mg/500mg,0407010F0AAABAB,1,0.3200000000000036
108,N84008,Co-Codamol_Cap 8mg/500mg,0407010F0AAABAB,1,0.3200000000000036
107,N84021,Co-Codamol_Cap 8mg/500mg,0407010F0AAABAB,1,0.3200000000000036
106,N84006,Co-Codamol_Cap 8mg/500mg,0407010F0AAABAB,1,0.3200000000000036
105,N84012,Co-Codamol_Cap 8mg/500mg,0407010F0AAABAB,1,0.3200000000000036
118,N84618,Co-Codamol_Cap 8mg/500mg,0407010F0AAABAB,1,0.3200000000000036
56,N84037,Clonazepam_Tab 500mcg,0408010F0AAABAB,1,0.31639999999999935
48,N84017,Clonazepam_Tab 500mcg,0408010F0AAABAB,4,0.31639999999999935
49,N84006,Clonazepam_Tab 500mcg,0408010F0AAABAB,1,0.31639999999999935
50,N84014,Clonazepam_Tab 500mcg,0408010F0AAABAB,1,0.31639999999999935
51,N84017,Clonazepam_Tab 500mcg,0408010F0AAABAB,1,0.31639999999999935
52,N84021,Clonazepam_Tab 500mcg,0408010F0AAABAB,4,0.31639999999999935
53,N84017,Clonazepam_Tab 500mcg,0408010F0AAABAB,2,0.31639999999999935
54,N84618,Clonazepam_Tab 500mcg,0408010F0AAABAB,1,0.31639999999999935
55,N84008,Clonazepam_Tab 500mcg,0408010F0AAABAB,1,0.31639999999999935
58,N84018,Clonazepam_Tab 500mcg,0408010F0AAABAB,1,0.31639999999999935
57,N84013,Clonazepam_Tab 500mcg,0408010F0AAABAB,4,0.31639999999999935
120,N84012,Co-Codamol_Cap 8mg/500mg,0407010F0AAABAB,1,0.26880000000000304
119,N84012,Co-Codamol_Cap 8mg/500mg,0407010F0AAABAB,1,0.26880000000000304
122,N84012,Co-Codamol_Cap 8mg/500mg,0407010F0AAABAB,5,0.22400000000000253
121,N84012,Co-Codamol_Cap 8mg/500mg,0407010F0AAABAB,5,0.22400000000000253
59,N84613,Clonazepam_Tab 500mcg,0408010F0AAABAB,1,0.22199999999999998
131,N84614,Co-Codamol_Cap 8mg/500mg,0407010F0AAABAB,1,0.1600000000000018
130,N84018,Co-Codamol_Cap 8mg/500mg,0407010F0AAABAB,1,0.1600000000000018
129,N84613,Co-Codamol_Cap 8mg/500mg,0407010F0AAABAB,1,0.1600000000000018
128,N84617,Co-Codamol_Cap 8mg/500mg,0407010F0AAABAB,1,0.1600000000000018
127,N84617,Co-Codamol_Cap 8mg/500mg,0407010F0AAABAB,1,0.1600000000000018
126,N84018,Co-Codamol_Cap 8mg/500mg,0407010F0AAABAB,1,0.1600000000000018
125,N84017,Co-Codamol_Cap 8mg/500mg,0407010F0AAABAB,1,0.1600000000000018
124,N84017,Co-Codamol_Cap 8mg/500mg,0407010F0AAABAB,1,0.1600000000000018
123,N84613,Co-Codamol_Cap 8mg/500mg,0407010F0AAABAB,1,0.1600000000000018
132,N84614,Co-Codamol_Cap 8mg/500mg,0407010F0AAABAB,1,0.1600000000000018
62,N84613,Clonazepam_Tab 500mcg,0408010F0AAABAB,1,0.15819999999999967
61,N84037,Clonazepam_Tab 500mcg,0408010F0AAABAB,1,0.15819999999999967
60,N84018,Clonazepam_Tab 500mcg,0408010F0AAABAB,1,0.15819999999999967
134,Y02610,Co-Codamol_Cap 8mg/500mg,0407010F0AAABAB,1,0.10240000000000116
133,Y02610,Co-Codamol_Cap 8mg/500mg,0407010F0AAABAB,1,0.10240000000000116
135,N84005,Co-Codamol_Cap 8mg/500mg,0407010F0AAABAB,1,0.08960000000000101
136,N84005,Co-Codamol_Cap 8mg/500mg,0407010F0AAABAB,1,0.08960000000000101
63,N84012,Clonazepam_Tab 500mcg,0408010F0AAABAB,4,0.08479999999999999
137,N84012,Co-Codamol_Cap 8mg/500mg,0407010F0AAABAB,1,0.05120000000000058
139,N84006,Co-Codamol_Cap 8mg/500mg,0407010F0AAABAB,1,0.05120000000000058
140,N84008,Co-Codamol_Cap 8mg/500mg,0407010F0AAABAB,1,0.05120000000000058
141,N84012,Co-Codamol_Cap 8mg/500mg,0407010F0AAABAB,1,0.05120000000000058
138,N84006,Co-Codamol_Cap 8mg/500mg,0407010F0AAABAB,1,0.05120000000000058
142,N84008,Co-Codamol_Cap 8mg/500mg,0407010F0AAABAB,1,0.05120000000000058
68,N84012,Pregabalin_Cap 25mg,0408010AEAAAAAA,4,0.016799999999999704
69,N84008,Pregabalin_Cap 25mg,0408010AEAAAAAA,3,0.012599999999999778
70,N84021,Pregabalin_Cap 25mg,0408010AEAAAAAA,4,0.008399999999999852
71,N84012,Pregabalin_Cap 25mg,0408010AEAAAAAA,4,0.008399999999999852
80,N84017,Bumetanide_Tab 1mg,0202020D0AAAEAE,1,0.0030000000000000027
81,N84012,Bumetanide_Tab 1mg,0202020D0AAAEAE,1,0.0012000000000000344
72,N84008,Pregabalin_Cap 25mg,0408010AEAAAAAA,1,-0.003999999999999976
73,N84008,Pregabalin_Cap 25mg,0408010AEAAAAAA,2,-0.00840000000000024
82,N84021,Bumetanide_Tab 1mg,0202020D0AAAEAE,4,-0.008799999999999947
