,practice_code,bnf_description,bnf_code,items,excess_cost
0,C81010,Carbimazole_Tab 5mg,0602020D0AAAAAA,6,-0.027999999999996916
1,C81010,Clopidogrel_Tab 75mg,0209000C0AAAAAA,5,0.024499999999999973
2,C81010,Lamotrigine_Tab 200mg,0408010H0AAA1A1,8,0.0335999999999963
3,C81010,Memantine HCl_Tab 20mg,0411000G0AAADAD,16,114.016
4,C81010,Omeprazole_Cap E/C 20mg,0103050P0AAAAAA,259,10.41369999999997
5,C81010,Paracet_Tab 500mg,0407010H0AAAMAM,736,187.23439999999997
6,C81010,Phenytoin_Sod Tab 100mg,0408010Q0AAAGAG,4,139.29719999999998
7,C81010,Propranolol HCl_Tab 10mg,0204000R0AAAHAH,24,0.0
8,C81021,Carbimazole_Tab 5mg,0602020D0AAAAAA,2,-0.008399999999999075
9,C81021,Clopidogrel_Tab 75mg,0209000C0AAAAAA,37,0.1812999999999998
10,C81021,Memantine HCl_Tab 20mg,0411000G0AAADAD,1,0.0018000000000000516
11,C81021,Omeprazole_Cap E/C 20mg,0103050P0AAAAAA,23,0.09599999999999956
12,C81021,Paracet_Tab 500mg,0407010H0AAAMAM,968,51.14960000000017
13,C81021,Phenytoin_Sod Tab 100mg,0408010Q0AAAGAG,3,65.76639999999999
14,C81021,Propranolol HCl_Tab 10mg,0204000R0AAAHAH,15,0.0
15,C81022,Carbimazole_Tab 5mg,0602020D0AAAAAA,2,-0.008399999999999075
16,C81022,Clopidogrel_Tab 75mg,0209000C0AAAAAA,1,0.004899999999999995
17,C81022,Lamotrigine_Tab 200mg,0408010H0AAA1A1,2,0.0
18,C81022,Omeprazole_Cap E/C 20mg,0103050P0AAAAAA,8,0.03919999999999996
19,C81022,Paracet_Tab 500mg,0407010H0AAAMAM,250,-13.868799999999972
20,C81022,Propranolol HCl_Tab 10mg,0204000R0AAAHAH,2,0.0
21,C81023,Carbimazole_Tab 5mg,0602020D0AAAAAA,3,-0.013999999999998458
22,C81023,Lamotrigine_Tab 200mg,0408010H0AAA1A1,5,0.0
23,C81023,Omeprazole_Cap E/C 20mg,0103050P0AAAAAA,5,0.024499999999999973
24,C81023,Paracet_Tab 500mg,0407010H0AAAMAM,450,16.892000000000046
25,C81023,Propranolol HCl_Tab 10mg,0204000R0AAAHAH,9,0.0
26,C81026,Clopidogrel_Tab 75mg,0209000C0AAAAAA,1,0.004899999999999995
27,C81026,Lamotrigine_Tab 200mg,0408010H0AAA1A1,1,0.0
28,C81026,Omeprazole_Cap E/C 20mg,0103050P0AAAAAA,25,54.55500000000001
29,C81026,Paracet_Tab 500mg,0407010H0AAAMAM,460,68.3528
30,C81026,Propranolol HCl_Tab 10mg,0204000R0AAAHAH,4,0.0
31,C81061,Carbimazole_Tab 5mg,0602020D0AAAAAA,9,-0.04339999999999522
32,C81061,Clopidogrel_Tab 75mg,0209000C0AAAAAA,11,0.04139999999999992
33,C81061,Lamotrigine_Tab 200mg,0408010H0AAA1A1,6,0.0
34,C81061,Memantine HCl_Tab 20mg,0411000G0AAADAD,3,0.014699999999999984
35,C81061,Omeprazole_Cap E/C 20mg,0103050P0AAAAAA,33,0.16169999999999982
36,C81061,Paracet_Tab 500mg,0407010H0AAAMAM,410,139.1936
37,C81061,Phenytoin_Sod Tab 100mg,0408010Q0AAAGAG,1,39.79919999999999
38,C81061,Propranolol HCl_Tab 10mg,0204000R0AAAHAH,14,127.6912
39,C81061,Risperidone_Tab 6mg,040201030AAAFAF,2,58.4192
40,C81083,Carbimazole_Tab 5mg,0602020D0AAAAAA,3,-0.013999999999998458
41,C81083,Clopidogrel_Tab 75mg,0209000C0AAAAAA,2,0.006999999999999874
42,C81083,Lamotrigine_Tab 200mg,0408010H0AAA1A1,10,95.84959999999998
43,C81083,Omeprazole_Cap E/C 20mg,0103050P0AAAAAA,17,0.0832999999999999
44,C81083,Paracet_Tab 500mg,0407010H0AAAMAM,404,-21.39519999999993
45,C81083,Propranolol HCl_Tab 10mg,0204000R0AAAHAH,32,0.0
46,C81090,Carbimazole_Tab 5mg,0602020D0AAAAAA,3,-0.011199999999998766
47,C81090,Lamotrigine_Tab 200mg,0408010H0AAA1A1,2,0.0
48,C81090,Omeprazole_Cap E/C 20mg,0103050P0AAAAAA,8,0.03919999999999996
49,C81090,Paracet_Tab 500mg,0407010H0AAAMAM,288,116.70880000000005
50,C81090,Propranolol HCl_Tab 10mg,0204000R0AAAHAH,4,-0.003000000000000086
51,C81097,Carbimazole_Tab 5mg,0602020D0AAAAAA,3,71.63240000000003
52,C81097,Clopidogrel_Tab 75mg,0209000C0AAAAAA,38,58.220399999999984
53,C81097,Lamotrigine_Tab 200mg,0408010H0AAA1A1,2,0.0
54,C81097,Memantine HCl_Tab 20mg,0411000G0AAADAD,7,56.9968
55,C81097,Omeprazole_Cap E/C 20mg,0103050P0AAAAAA,172,6.439999999999982
56,C81097,Paracet_Tab 500mg,0407010H0AAAMAM,464,-16.7215999999999
57,C81097,Propranolol HCl_Tab 10mg,0204000R0AAAHAH,5,0.0
58,C81097,Risperidone_Tab 6mg,040201030AAAFAF,1,29.2096
59,C81115,Carbimazole_Tab 5mg,0602020D0AAAAAA,3,-0.01679999999999815
60,C81115,Clopidogrel_Tab 75mg,0209000C0AAAAAA,9,0.04409999999999995
61,C81115,Co-Codamol Eff_Tab 30mg/500mg,0407010F0AAAFAF,6,79.1616
62,C81115,Lamotrigine_Tab 200mg,0408010H0AAA1A1,2,0.0
63,C81115,Memantine HCl_Tab 20mg,0411000G0AAADAD,6,0.029399999999999968
64,C81115,Omeprazole_Cap E/C 20mg,0103050P0AAAAAA,21,0.08909999999999965
65,C81115,Paracet_Tab 500mg,0407010H0AAAMAM,420,15.26079999999997
66,C81115,Propranolol HCl_Tab 10mg,0204000R0AAAHAH,9,0.0
67,C81604,Carbimazole_Tab 5mg,0602020D0AAAAAA,2,-0.008399999999999075
68,C81604,Clopidogrel_Tab 75mg,0209000C0AAAAAA,7,0.02659999999999997
69,C81604,Lamotrigine_Tab 200mg,0408010H0AAA1A1,1,0.0
70,C81604,Omeprazole_Cap E/C 20mg,0103050P0AAAAAA,2,0.007699999999999832
71,C81604,Paracet_Tab 500mg,0407010H0AAAMAM,170,18.489600000000017
72,C81604,Propranolol HCl_Tab 10mg,0204000R0AAAHAH,2,0.0010000000000000286
73,C81642,Carbimazole_Tab 5mg,0602020D0AAAAAA,2,-0.011199999999998766
74,C81642,Clopidogrel_Tab 75mg,0209000C0AAAAAA,7,0.03429999999999996
75,C81642,Lamotrigine_Tab 200mg,0408010H0AAA1A1,2,0.0
76,C81642,Omeprazole_Cap E/C 20mg,0103050P0AAAAAA,4,0.01959999999999998
77,C81642,Paracet_Tab 500mg,0407010H0AAAMAM,20,-2.604000000000001
78,C81642,Propranolol HCl_Tab 10mg,0204000R0AAAHAH,4,0.0
