,practice_code,bnf_description,bnf_code,items,excess_cost
0,G81007,Clonazepam_Tab 500mcg,0408010F0AAABAB,3,2.531199999999995
1,G81007,Gabapentin_Cap 300mg,0408010G0AAABAB,2,0.00040000000000040004
2,G81007,Paracet_Tab 500mg,0407010H0AAAMAM,18,0.008799999999999947
3,G81016,Clonazepam_Tab 500mcg,0408010F0AAABAB,10,6.418399999999986
4,G81016,Gabapentin_Cap 300mg,0408010G0AAABAB,5,0.01120000000000071
5,G81016,Paracet_Tab 500mg,0407010H0AAAMAM,32,-0.17919999999999892
6,G81016,Pregabalin_Cap 100mg,0408010AEAAADAD,6,0.03780000000000108
7,G81016,Sertraline HCl_Tab 100mg,0403030Q0AAABAB,8,0.018900000000000104
8,G81019,Clonazepam_Tab 500mcg,0408010F0AAABAB,22,9.74059999999998
9,G81019,Gabapentin_Cap 300mg,0408010G0AAABAB,10,0.01050000000000069
10,G81019,Paracet_Tab 500mg,0407010H0AAAMAM,32,-0.13919999999999916
11,G81019,Sertraline HCl_Tab 100mg,0403030Q0AAABAB,22,0.03349999999999972
12,G81021,Clonazepam_Tab 500mcg,0408010F0AAABAB,10,5.00589999999999
13,G81021,Gabapentin_Cap 300mg,0408010G0AAABAB,13,-0.0083999999999982
14,G81021,Memantine HCl_Tab 20mg,0411000G0AAADAD,6,63.92330000000001
15,G81021,Paracet_Tab 500mg,0407010H0AAAMAM,136,10.089600000000026
16,G81021,Pregabalin_Cap 25mg,0408010AEAAAAAA,1,0.004199999999999926
17,G81021,Sertraline HCl_Tab 100mg,0403030Q0AAABAB,3,0.008400000000000046
18,G81024,Celecoxib_Cap 100mg,1001010AHAAAAAA,2,0.010200000000000195
19,G81024,Clonazepam_Tab 500mcg,0408010F0AAABAB,14,2.4181999999999952
20,G81024,Escitalopram_Tab 20mg,0403030X0AAABAB,24,22.377600000000008
21,G81024,Gabapentin_Cap 300mg,0408010G0AAABAB,7,0.020700000000000593
22,G81024,Memantine HCl_Tab 20mg,0411000G0AAADAD,18,0.0881999999999999
23,G81024,Paracet_Tab 500mg,0407010H0AAAMAM,106,21.865199999999994
24,G81024,Pregabalin_Cap 25mg,0408010AEAAAAAA,16,0.010499999999998844
25,G81024,Sertraline HCl_Tab 100mg,0403030Q0AAABAB,17,0.027600000000000013
26,G81030,Clonazepam_Tab 500mcg,0408010F0AAABAB,6,4.632999999999991
27,G81030,Gabapentin_Cap 300mg,0408010G0AAABAB,3,-0.008399999999999463
28,G81030,Sertraline HCl_Tab 100mg,0403030Q0AAABAB,2,0.004200000000000023
29,G81035,Clonazepam_Tab 500mcg,0408010F0AAABAB,17,7.528399999999983
30,G81035,Gabapentin_Cap 300mg,0408010G0AAABAB,42,0.07280000000000442
31,G81035,Paracet_Tab 500mg,0407010H0AAAMAM,52,-0.01999999999999988
32,G81035,Pregabalin_Cap 100mg,0408010AEAAADAD,2,0.012600000000000361
33,G81035,Sertraline HCl_Tab 100mg,0403030Q0AAABAB,25,0.06380000000000027
34,G81037,Clonazepam_Tab 500mcg,0408010F0AAABAB,1,0.11599999999999999
35,G81037,Gabapentin_Cap 300mg,0408010G0AAABAB,16,15.671700000000005
36,G81037,Montelukast_Tab 10mg,0303020G0AAABAB,7,48.764799999999994
37,G81037,Paracet_Tab 500mg,0407010H0AAAMAM,50,0.23519999999999858
38,G81037,Pregabalin_Cap 100mg,0408010AEAAADAD,7,0.0343000000000003
39,G81037,Pregabalin_Cap 25mg,0408010AEAAAAAA,16,0.0671999999999996
40,G81037,Sertraline HCl_Tab 100mg,0403030Q0AAABAB,22,0.048300000000000266
41,G81040,Clonazepam_Tab 500mcg,0408010F0AAABAB,12,2.5584999999999947
42,G81040,Gabapentin_Cap 300mg,0408010G0AAABAB,5,0.0210000000000006
43,G81040,Memantine HCl_Tab 20mg,0411000G0AAADAD,4,0.01959999999999998
44,G81040,Paracet_Tab 500mg,0407010H0AAAMAM,98,118.80000000000001
45,G81043,Clonazepam_Tab 500mcg,0408010F0AAABAB,14,8.72859999999998
46,G81043,Gabapentin_Cap 300mg,0408010G0AAABAB,10,0.014600000000000418
47,G81043,Paracet_Tab 500mg,0407010H0AAAMAM,28,0.09519999999999942
48,G81043,Pregabalin_Cap 25mg,0408010AEAAAAAA,9,0.03779999999999953
49,G81043,Sertraline HCl_Tab 100mg,0403030Q0AAABAB,2,-0.001800000000000343
50,G81045,Celecoxib_Cap 100mg,1001010AHAAAAAA,4,18.287999999999997
51,G81045,Clonazepam_Tab 500mcg,0408010F0AAABAB,15,5.739599999999989
52,G81045,Escitalopram_Tab 20mg,0403030X0AAABAB,4,44.766400000000004
53,G81045,Gabapentin_Cap 300mg,0408010G0AAABAB,11,-0.006799999999998557
54,G81045,Paracet_Tab 500mg,0407010H0AAAMAM,108,3.240000000000018
55,G81045,Pregabalin_Cap 25mg,0408010AEAAAAAA,4,0.016799999999999704
56,G81045,Sertraline HCl_Tab 100mg,0403030Q0AAABAB,1,-0.006000000000000172
57,G81053,Clonazepam_Tab 500mcg,0408010F0AAABAB,4,1.1073999999999977
58,G81053,Gabapentin_Cap 300mg,0408010G0AAABAB,24,105.14109999999998
59,G81053,Memantine HCl_Tab 20mg,0411000G0AAADAD,4,0.01959999999999998
60,G81053,Montelukast_Tab 10mg,0303020G0AAABAB,6,24.376800000000003
61,G81053,Paracet_Tab 500mg,0407010H0AAAMAM,274,53.7696
62,G81053,Sertraline HCl_Tab 100mg,0403030Q0AAABAB,41,26.985300000000002
63,G81055,Clonazepam_Tab 500mcg,0408010F0AAABAB,41,15.401899999999968
64,G81055,Gabapentin_Cap 300mg,0408010G0AAABAB,7,-0.004199999999999343
65,G81055,Memantine HCl_Tab 20mg,0411000G0AAADAD,4,0.01959999999999998
66,G81055,Paracet_Tab 500mg,0407010H0AAAMAM,28,-0.1335999999999992
67,G81055,Sertraline HCl_Tab 100mg,0403030Q0AAABAB,19,0.05250000000000029
68,G81061,Clonazepam_Tab 500mcg,0408010F0AAABAB,7,2.647199999999995
69,G81061,Gabapentin_Cap 300mg,0408010G0AAABAB,13,0.039600000000001134
70,G81061,Paracet_Tab 500mg,0407010H0AAAMAM,28,-0.1335999999999992
71,G81061,Pregabalin_Cap 100mg,0408010AEAAADAD,1,-0.0015999999999999348
72,G81061,Sertraline HCl_Tab 100mg,0403030Q0AAABAB,17,0.037800000000000014
73,G81086,Clonazepam_Tab 500mcg,0408010F0AAABAB,13,5.6725999999999885
74,G81086,Gabapentin_Cap 300mg,0408010G0AAABAB,5,0.0028000000000004688
75,G81086,Paracet_Tab 500mg,0407010H0AAAMAM,4,0.02959999999999982
76,G81086,Sertraline HCl_Tab 100mg,0403030Q0AAABAB,43,0.9113999999999982
77,G81088,Clonazepam_Tab 500mcg,0408010F0AAABAB,35,13.068699999999973
78,G81088,Gabapentin_Cap 300mg,0408010G0AAABAB,4,-0.0030999999999993116
79,G81088,Paracet_Tab 500mg,0407010H0AAAMAM,344,58.69800000000001
80,G81088,Pregabalin_Cap 100mg,0408010AEAAADAD,7,85.3494
81,G81088,Pregabalin_Cap 25mg,0408010AEAAAAAA,3,-0.009000000000000258
82,G81088,Sertraline HCl_Tab 100mg,0403030Q0AAABAB,85,26.983599999999996
83,G81097,Gabapentin_Cap 300mg,0408010G0AAABAB,1,-0.005599999999999772
84,G81097,Sertraline HCl_Tab 100mg,0403030Q0AAABAB,4,0.008400000000000046
85,G81100,Celecoxib_Cap 100mg,1001010AHAAAAAA,1,-0.005599999999999772
86,G81100,Clonazepam_Tab 500mcg,0408010F0AAABAB,22,12.791599999999974
87,G81100,Gabapentin_Cap 300mg,0408010G0AAABAB,21,0.02380000000000146
88,G81100,Memantine HCl_Tab 20mg,0411000G0AAADAD,15,0.023099999999999975
89,G81100,Paracet_Tab 500mg,0407010H0AAAMAM,518,58.84420000000003
90,G81100,Pregabalin_Cap 100mg,0408010AEAAADAD,1,0.006000000000000172
91,G81100,Pregabalin_Cap 25mg,0408010AEAAAAAA,19,56.37099999999999
92,G81100,Sertraline HCl_Tab 100mg,0403030Q0AAABAB,10,0.03359999999999999
93,G81102,Celecoxib_Cap 100mg,1001010AHAAAAAA,2,36.5584
94,G81102,Clonazepam_Tab 500mcg,0408010F0AAABAB,17,4.037099999999992
95,G81102,Gabapentin_Cap 300mg,0408010G0AAABAB,56,0.11460000000000561
96,G81102,Memantine HCl_Tab 20mg,0411000G0AAADAD,14,0.06859999999999992
97,G81102,Paracet_Tab 500mg,0407010H0AAAMAM,62,-0.1831999999999989
98,G81102,Pregabalin_Cap 100mg,0408010AEAAADAD,9,0.051100000000001075
99,G81102,Pregabalin_Cap 25mg,0408010AEAAAAAA,5,0.02099999999999963
100,G81102,Sertraline HCl_Tab 100mg,0403030Q0AAABAB,29,0.08610000000000048
101,G81614,Clonazepam_Tab 500mcg,0408010F0AAABAB,9,2.1582999999999957
102,G81614,Gabapentin_Cap 300mg,0408010G0AAABAB,16,0.03360000000000096
103,G81614,Paracet_Tab 500mg,0407010H0AAAMAM,146,30.547199999999997
104,G81614,Pregabalin_Cap 100mg,0408010AEAAADAD,4,0.025200000000000722
105,G81614,Sertraline HCl_Tab 100mg,0403030Q0AAABAB,24,0.05040000000000028
