,practice_code,bnf_description,bnf_code,items,excess_cost
0,E86001,Amiodarone HCl_Tab 200mg,0203020D0AAABAB,6,1.388800000000001
1,E86001,Aspirin Disper_Tab 75mg,0209000A0AAABAB,264,0.7615999999999954
2,E86001,Clonazepam_Tab 500mcg,0408010F0AAABAB,7,1.6610999999999965
3,E86001,Mesalazine_Tab E/C 400mg,0105010B0AAAAAA,4,-130.33639999999997
4,E86001,Pyridox HCl_Tab 50mg,0906024N0AAAIAI,3,3.2864000000000013
5,E86001,Sumatriptan_Tab 50mg,0407041T0AAAFAF,7,0.0
6,E86003,Amiodarone HCl_Tab 200mg,0203020D0AAABAB,6,0.7735000000000003
7,E86003,Aspirin Disper_Tab 75mg,0209000A0AAABAB,50,0.13999999999999915
8,E86003,Clonazepam_Tab 500mcg,0408010F0AAABAB,8,2.2147999999999954
9,E86003,Pyridox HCl_Tab 50mg,0906024N0AAAIAI,1,0.06560000000000032
10,E86003,Sumatriptan_Tab 50mg,0407041T0AAAFAF,1,0.0
11,E86004,Amiodarone HCl_Tab 200mg,0203020D0AAABAB,8,2.788800000000002
12,E86004,Aspirin Disper_Tab 75mg,0209000A0AAABAB,166,0.4647999999999972
13,E86004,Clonazepam_Tab 500mcg,0408010F0AAABAB,17,6.011599999999987
14,E86004,Gemfibrozil_Tab 600mg,0212000Q0AAABAB,1,15.142399999999999
15,E86004,Mesalazine_Tab E/C 400mg,0105010B0AAAAAA,3,-20.534399999999998
16,E86004,Pyridox HCl_Tab 50mg,0906024N0AAAIAI,6,0.6860000000000008
17,E86004,Sumatriptan_Tab 50mg,0407041T0AAAFAF,11,0.0
18,E86005,Amiodarone HCl_Tab 200mg,0203020D0AAABAB,1,0.3500000000000003
19,E86005,Aspirin Disper_Tab 75mg,0209000A0AAABAB,144,0.4255999999999974
20,E86005,Clonazepam_Tab 500mcg,0408010F0AAABAB,16,7.134799999999986
21,E86005,Mesalazine_Tab E/C 400mg,0105010B0AAAAAA,1,47.913599999999995
22,E86005,Pyridox HCl_Tab 50mg,0906024N0AAAIAI,2,0.3050000000000004
23,E86005,Sumatriptan_Tab 50mg,0407041T0AAAFAF,11,-0.0027999999999996916
24,E86006,Amiodarone HCl_Tab 200mg,0203020D0AAABAB,3,1.4000000000000012
25,E86006,Aspirin Disper_Tab 75mg,0209000A0AAABAB,166,0.47039999999999715
26,E86006,Clonazepam_Tab 500mcg,0408010F0AAABAB,10,6.011599999999987
27,E86006,Mesalazine_Tab E/C 400mg,0105010B0AAAAAA,3,-35.364799999999995
28,E86006,Pyridox HCl_Tab 50mg,0906024N0AAAIAI,1,1.9152000000000005
29,E86006,Sumatriptan_Tab 50mg,0407041T0AAAFAF,11,0.0
30,E86007,Amiodarone HCl_Tab 200mg,0203020D0AAABAB,8,1.7388000000000012
31,E86007,Aspirin Disper_Tab 75mg,0209000A0AAABAB,60,0.17359999999999895
32,E86007,Clonazepam_Tab 500mcg,0408010F0AAABAB,18,6.410399999999988
33,E86007,Mesalazine_Tab E/C 400mg,0105010B0AAAAAA,1,23.956799999999998
34,E86007,Sumatriptan_Tab 50mg,0407041T0AAAFAF,18,0.0
35,E86009,Amiodarone HCl_Tab 200mg,0203020D0AAABAB,5,2.8000000000000025
36,E86009,Clonazepam_Tab 500mcg,0408010F0AAABAB,9,6.928399999999985
37,E86009,Sumatriptan_Tab 50mg,0407041T0AAAFAF,13,0.0
38,E86010,Amiodarone HCl_Tab 200mg,0203020D0AAABAB,3,1.050000000000001
39,E86010,Aspirin Disper_Tab 75mg,0209000A0AAABAB,64,0.17919999999999892
40,E86010,Clonazepam_Tab 500mcg,0408010F0AAABAB,21,13.109399999999972
41,E86010,Pyridox HCl_Tab 50mg,0906024N0AAAIAI,2,1.4364000000000003
42,E86010,Sumatriptan_Tab 50mg,0407041T0AAAFAF,19,0.0
43,E86010,Tetrabenazine_Tab 25mg,0409030C0AAAAAA,1,15.99359999999998
44,E86011,Amiodarone HCl_Tab 200mg,0203020D0AAABAB,1,0.3500000000000003
45,E86011,Aspirin Disper_Tab 75mg,0209000A0AAABAB,40,0.11199999999999932
46,E86011,Clonazepam_Tab 500mcg,0408010F0AAABAB,3,2.1243999999999956
47,E86011,Risperidone_Tab 6mg,040201030AAAFAF,2,29.2096
48,E86011,Sumatriptan_Tab 50mg,0407041T0AAAFAF,5,0.0
49,E86011,Tetrabenazine_Tab 25mg,0409030C0AAAAAA,4,5.997599999999992
50,E86012,Amiodarone HCl_Tab 200mg,0203020D0AAABAB,14,2.416400000000001
51,E86012,Aspirin Disper_Tab 75mg,0209000A0AAABAB,344,0.9743999999999939
52,E86012,Clonazepam_Tab 500mcg,0408010F0AAABAB,11,3.005799999999994
53,E86012,Pyridox HCl_Tab 50mg,0906024N0AAAIAI,1,0.1416000000000004
54,E86012,Sumatriptan_Tab 50mg,0407041T0AAAFAF,14,0.0
55,E86014,Amiodarone HCl_Tab 200mg,0203020D0AAABAB,5,1.0388000000000006
56,E86014,Aspirin Disper_Tab 75mg,0209000A0AAABAB,118,0.3415999999999979
57,E86014,Clonazepam_Tab 500mcg,0408010F0AAABAB,1,1.1299999999999977
58,E86014,Sumatriptan_Tab 50mg,0407041T0AAAFAF,5,0.0
59,E86015,Amiodarone HCl_Tab 200mg,0203020D0AAABAB,10,2.0776000000000012
60,E86015,Aspirin Disper_Tab 75mg,0209000A0AAABAB,510,1.4279999999999913
61,E86015,Clonazepam_Tab 500mcg,0408010F0AAABAB,43,20.014499999999956
62,E86015,Pyridox HCl_Tab 50mg,0906024N0AAAIAI,6,2.1118000000000015
63,E86015,Sumatriptan_Tab 50mg,0407041T0AAAFAF,14,-0.0027999999999996916
64,E86016,Aspirin Disper_Tab 75mg,0209000A0AAABAB,154,0.43119999999999736
65,E86016,Clonazepam_Tab 500mcg,0408010F0AAABAB,4,3.1639999999999935
66,E86016,Risperidone_Tab 6mg,040201030AAAFAF,2,58.4192
67,E86016,Sumatriptan_Tab 50mg,0407041T0AAAFAF,3,0.0
68,E86017,Amiodarone HCl_Tab 200mg,0203020D0AAABAB,7,1.7388000000000012
69,E86017,Aspirin Disper_Tab 75mg,0209000A0AAABAB,214,0.5711999999999963
70,E86017,Clonazepam_Tab 500mcg,0408010F0AAABAB,4,1.966199999999996
71,E86017,Pyridox HCl_Tab 50mg,0906024N0AAAIAI,4,0.2624000000000013
72,E86017,Sumatriptan_Tab 50mg,0407041T0AAAFAF,6,0.0
73,E86018,Amiodarone HCl_Tab 200mg,0203020D0AAABAB,7,1.388800000000001
74,E86018,Aspirin Disper_Tab 75mg,0209000A0AAABAB,248,0.6943999999999958
75,E86018,Clonazepam_Tab 500mcg,0408010F0AAABAB,12,2.6893999999999947
76,E86018,Pyridox HCl_Tab 50mg,0906024N0AAAIAI,9,0.28100000000000125
77,E86018,Sumatriptan_Tab 50mg,0407041T0AAAFAF,8,0.0
78,E86019,Amiodarone HCl_Tab 200mg,0203020D0AAABAB,2,1.4000000000000012
79,E86019,Clonazepam_Tab 500mcg,0408010F0AAABAB,6,1.943599999999996
80,E86019,Mesalazine_Tab E/C 400mg,0105010B0AAAAAA,2,47.913599999999995
81,E86019,Pyridox HCl_Tab 50mg,0906024N0AAAIAI,4,0.08560000000000034
82,E86019,Sumatriptan_Tab 50mg,0407041T0AAAFAF,4,0.0
83,E86020,Amiodarone HCl_Tab 200mg,0203020D0AAABAB,3,1.050000000000001
84,E86020,Aspirin Disper_Tab 75mg,0209000A0AAABAB,90,0.25199999999999845
85,E86020,Clonazepam_Tab 500mcg,0408010F0AAABAB,2,0.6327999999999987
86,E86020,Sumatriptan_Tab 50mg,0407041T0AAAFAF,2,0.0
87,E86022,Amiodarone HCl_Tab 200mg,0203020D0AAABAB,3,1.4000000000000012
88,E86022,Aspirin Disper_Tab 75mg,0209000A0AAABAB,68,0.19039999999999885
89,E86022,Clonazepam_Tab 500mcg,0408010F0AAABAB,3,7.096399999999985
90,E86022,Sumatriptan_Tab 50mg,0407041T0AAAFAF,8,165.0066
91,E86024,Amiodarone HCl_Tab 200mg,0203020D0AAABAB,2,1.4000000000000012
92,E86024,Clonazepam_Tab 500mcg,0408010F0AAABAB,3,0.971799999999998
93,E86024,Mesalazine_Tab E/C 400mg,0105010B0AAAAAA,1,51.33599999999999
94,E86024,Pyridox HCl_Tab 50mg,0906024N0AAAIAI,1,0.06560000000000032
95,E86024,Sumatriptan_Tab 50mg,0407041T0AAAFAF,5,0.0
96,E86026,Amiodarone HCl_Tab 200mg,0203020D0AAABAB,8,0.6776
97,E86026,Aspirin Disper_Tab 75mg,0209000A0AAABAB,86,0.24079999999999854
98,E86026,Clonazepam_Tab 500mcg,0408010F0AAABAB,3,2.1017999999999954
99,E86026,Sumatriptan_Tab 50mg,0407041T0AAAFAF,4,0.0
100,E86027,Amiodarone HCl_Tab 200mg,0203020D0AAABAB,6,2.450000000000002
101,E86027,Aspirin Disper_Tab 75mg,0209000A0AAABAB,144,0.40319999999999756
102,E86027,Clonazepam_Tab 500mcg,0408010F0AAABAB,6,2.5763999999999947
103,E86027,Mesalazine_Tab E/C 400mg,0105010B0AAAAAA,2,27.949599999999997
104,E86027,Sumatriptan_Tab 50mg,0407041T0AAAFAF,5,0.0
105,E86028,Amiodarone HCl_Tab 200mg,0203020D0AAABAB,7,1.2180000000000006
106,E86028,Aspirin Disper_Tab 75mg,0209000A0AAABAB,178,0.5039999999999969
107,E86028,Clonazepam_Tab 500mcg,0408010F0AAABAB,13,4.587799999999991
108,E86028,Sumatriptan_Tab 50mg,0407041T0AAAFAF,4,0.0
109,E86028,Tetrabenazine_Tab 25mg,0409030C0AAAAAA,1,0.49979999999999936
110,E86029,Amiodarone HCl_Tab 200mg,0203020D0AAABAB,8,1.3874000000000006
111,E86029,Aspirin Disper_Tab 75mg,0209000A0AAABAB,258,0.7223999999999956
112,E86029,Clonazepam_Tab 500mcg,0408010F0AAABAB,20,5.1248999999999905
113,E86029,Mesalazine_Tab E/C 400mg,0105010B0AAAAAA,1,34.224
114,E86029,Pyridox HCl_Tab 50mg,0906024N0AAAIAI,2,2.8942000000000005
115,E86029,Sumatriptan_Tab 50mg,0407041T0AAAFAF,16,0.0
116,E86030,Aspirin Disper_Tab 75mg,0209000A0AAABAB,24,0.0671999999999996
117,E86030,Clonazepam_Tab 500mcg,0408010F0AAABAB,2,0.949199999999998
118,E86030,Mesalazine_Tab E/C 400mg,0105010B0AAAAAA,1,47.913599999999995
119,E86030,Sumatriptan_Tab 50mg,0407041T0AAAFAF,2,0.0
120,E86033,Amiodarone HCl_Tab 200mg,0203020D0AAABAB,2,1.050000000000001
121,E86033,Aspirin Disper_Tab 75mg,0209000A0AAABAB,174,0.492799999999997
122,E86033,Clonazepam_Tab 500mcg,0408010F0AAABAB,2,0.7359999999999987
123,E86033,Mesalazine_Tab E/C 400mg,0105010B0AAAAAA,2,-41.639199999999995
124,E86033,Risperidone_Tab 6mg,040201030AAAFAF,1,29.2096
125,E86033,Sumatriptan_Tab 50mg,0407041T0AAAFAF,5,0.0
126,E86034,Clonazepam_Tab 500mcg,0408010F0AAABAB,3,2.395599999999995
127,E86034,Pyridox HCl_Tab 50mg,0906024N0AAAIAI,1,0.4788000000000001
128,E86034,Sumatriptan_Tab 50mg,0407041T0AAAFAF,1,0.0
129,E86036,Amiodarone HCl_Tab 200mg,0203020D0AAABAB,8,1.558200000000001
130,E86036,Aspirin Disper_Tab 75mg,0209000A0AAABAB,174,0.4871999999999971
131,E86036,Clonazepam_Tab 500mcg,0408010F0AAABAB,19,8.068199999999983
132,E86036,Gemfibrozil_Tab 600mg,0212000Q0AAABAB,1,15.142399999999999
133,E86036,Risperidone_Tab 6mg,040201030AAAFAF,6,43.848
134,E86036,Sumatriptan_Tab 50mg,0407041T0AAAFAF,7,0.0
135,E86038,Aspirin Disper_Tab 75mg,0209000A0AAABAB,14,0.050399999999999695
136,E86038,Pyridox HCl_Tab 50mg,0906024N0AAAIAI,1,0.06560000000000032
137,E86038,Sumatriptan_Tab 50mg,0407041T0AAAFAF,4,0.0
138,E86041,Amiodarone HCl_Tab 200mg,0203020D0AAABAB,5,1.388800000000001
139,E86041,Aspirin Disper_Tab 75mg,0209000A0AAABAB,68,0.19039999999999885
140,E86041,Clonazepam_Tab 500mcg,0408010F0AAABAB,4,1.2655999999999974
141,E86041,Mesalazine_Tab E/C 400mg,0105010B0AAAAAA,1,23.956799999999998
142,E86041,Pyridox HCl_Tab 50mg,0906024N0AAAIAI,1,2.0520000000000005
143,E86041,Sumatriptan_Tab 50mg,0407041T0AAAFAF,1,0.0
144,E86041,Tetrabenazine_Tab 25mg,0409030C0AAAAAA,3,0.749699999999999
145,E86042,Amiodarone HCl_Tab 200mg,0203020D0AAABAB,5,0.6888000000000003
146,E86042,Aspirin Disper_Tab 75mg,0209000A0AAABAB,104,0.2967999999999982
147,E86042,Clonazepam_Tab 500mcg,0408010F0AAABAB,8,3.186599999999993
148,E86042,Ephed HCl_Tab 15mg,0301012F0AAAAAA,1,4.409999999999999
149,E86042,Mesalazine_Tab E/C 400mg,0105010B0AAAAAA,8,11.9616
150,E86042,Pyridox HCl_Tab 50mg,0906024N0AAAIAI,6,1.0432000000000006
151,E86042,Sumatriptan_Tab 50mg,0407041T0AAAFAF,12,0.0
152,E86042,Tetrabenazine_Tab 25mg,0409030C0AAAAAA,1,4.997999999999994
153,E86605,Aspirin Disper_Tab 75mg,0209000A0AAABAB,32,0.08959999999999946
154,E86605,Sumatriptan_Tab 50mg,0407041T0AAAFAF,4,0.0
155,E86609,Amiodarone HCl_Tab 200mg,0203020D0AAABAB,1,0.7000000000000006
156,E86609,Aspirin Disper_Tab 75mg,0209000A0AAABAB,42,0.11759999999999929
157,E86609,Clonazepam_Tab 500mcg,0408010F0AAABAB,1,0.31639999999999935
158,E86609,Mesalazine_Tab E/C 400mg,0105010B0AAAAAA,1,7.985599999999999
159,E86609,Sumatriptan_Tab 50mg,0407041T0AAAFAF,1,0.0
160,E86610,Aspirin Disper_Tab 75mg,0209000A0AAABAB,52,0.14559999999999912
161,E86610,Mesalazine_Tab E/C 400mg,0105010B0AAAAAA,1,-47.913599999999995
162,E86610,Sumatriptan_Tab 50mg,0407041T0AAAFAF,2,0.0
163,E86612,Aspirin Disper_Tab 75mg,0209000A0AAABAB,42,0.11759999999999929
164,E86612,Mesalazine_Tab E/C 400mg,0105010B0AAAAAA,2,17.088
165,E86612,Pyridox HCl_Tab 50mg,0906024N0AAAIAI,6,0.29280000000000106
166,E86612,Sumatriptan_Tab 50mg,0407041T0AAAFAF,8,0.0
167,E86615,Aspirin Disper_Tab 75mg,0209000A0AAABAB,76,0.2127999999999987
168,E86615,Clonazepam_Tab 500mcg,0408010F0AAABAB,2,0.949199999999998
169,E86615,Sumatriptan_Tab 50mg,0407041T0AAAFAF,5,0.0
170,E86618,Aspirin Disper_Tab 75mg,0209000A0AAABAB,108,0.30799999999999805
171,E86618,Clonazepam_Tab 500mcg,0408010F0AAABAB,5,1.898399999999996
172,E86618,Ephed HCl_Tab 15mg,0301012F0AAAAAA,1,7.349999999999999
173,E86618,Mesalazine_Tab E/C 400mg,0105010B0AAAAAA,2,95.82719999999999
174,E86618,Pyridox HCl_Tab 50mg,0906024N0AAAIAI,1,0.1416000000000004
175,E86618,Sumatriptan_Tab 50mg,0407041T0AAAFAF,13,0.0
176,E86619,Amiodarone HCl_Tab 200mg,0203020D0AAABAB,1,0.3500000000000003
177,E86619,Clonazepam_Tab 500mcg,0408010F0AAABAB,3,0.474599999999999
178,E86619,Sumatriptan_Tab 50mg,0407041T0AAAFAF,5,0.0
179,E86620,Sumatriptan_Tab 50mg,0407041T0AAAFAF,1,0.0
180,E86625,Amiodarone HCl_Tab 200mg,0203020D0AAABAB,6,1.0388000000000006
181,E86625,Aspirin Disper_Tab 75mg,0209000A0AAABAB,76,0.23519999999999858
182,E86625,Clonazepam_Tab 500mcg,0408010F0AAABAB,2,0.949199999999998
183,E86625,Pyridox HCl_Tab 50mg,0906024N0AAAIAI,5,0.48000000000000176
184,E86625,Sumatriptan_Tab 50mg,0407041T0AAAFAF,1,0.0
185,E86626,Amiodarone HCl_Tab 200mg,0203020D0AAABAB,6,1.0388000000000006
186,E86626,Mesalazine_Tab E/C 400mg,0105010B0AAAAAA,1,25.667999999999996
187,E86626,Pyridox HCl_Tab 50mg,0906024N0AAAIAI,3,1.9808000000000008
188,E86626,Sumatriptan_Tab 50mg,0407041T0AAAFAF,8,0.0
189,E86629,Amiodarone HCl_Tab 200mg,0203020D0AAABAB,1,0.3500000000000003
190,E86629,Aspirin Disper_Tab 75mg,0209000A0AAABAB,24,0.0671999999999996
191,E86629,Clonazepam_Tab 500mcg,0408010F0AAABAB,3,3.1639999999999935
192,E86629,Pyridox HCl_Tab 50mg,0906024N0AAAIAI,2,0.6204000000000005
193,E86629,Sumatriptan_Tab 50mg,0407041T0AAAFAF,1,0.0
194,E86632,Aspirin Disper_Tab 75mg,0209000A0AAABAB,44,0.12319999999999925
195,E86632,Clonazepam_Tab 500mcg,0408010F0AAABAB,20,7.593599999999984
196,E86632,Pyridox HCl_Tab 50mg,0906024N0AAAIAI,1,0.9576000000000002
197,E86632,Risperidone_Tab 6mg,040201030AAAFAF,1,29.2096
198,E86632,Sumatriptan_Tab 50mg,0407041T0AAAFAF,3,0.0
199,E86637,Amiodarone HCl_Tab 200mg,0203020D0AAABAB,3,1.050000000000001
200,E86637,Clonazepam_Tab 500mcg,0408010F0AAABAB,2,0.474599999999999
201,E86637,Mesalazine_Tab E/C 400mg,0105010B0AAAAAA,1,25.667999999999996
202,E86637,Pyridox HCl_Tab 50mg,0906024N0AAAIAI,3,0.6100000000000008
203,E86637,Sumatriptan_Tab 50mg,0407041T0AAAFAF,5,0.0
204,E86640,Amiodarone HCl_Tab 200mg,0203020D0AAABAB,4,0.3388
205,E86640,Aspirin Disper_Tab 75mg,0209000A0AAABAB,6,0.0167999999999999
206,E86640,Clonazepam_Tab 500mcg,0408010F0AAABAB,1,0.6327999999999987
207,E86640,Mesalazine_Tab E/C 400mg,0105010B0AAAAAA,1,71.87039999999999
208,E86640,Sumatriptan_Tab 50mg,0407041T0AAAFAF,6,0.0
209,Y00352,Amiodarone HCl_Tab 200mg,0203020D0AAABAB,2,0.7000000000000006
210,Y00352,Aspirin Disper_Tab 75mg,0209000A0AAABAB,152,0.4255999999999974
211,Y00352,Clonazepam_Tab 500mcg,0408010F0AAABAB,6,4.293999999999992
212,Y00352,Pyridox HCl_Tab 50mg,0906024N0AAAIAI,6,0.3688000000000011
213,Y00352,Sumatriptan_Tab 50mg,0407041T0AAAFAF,8,0.0
