,practice_code,bnf_description,bnf_code,items,excess_cost
61,G82080,Prednisolone_Tab Solb 5mg,0603020T0AABHBH,1,71.94
87,G82142,Liothyronine Sod_Tab 20mcg,0602010M0AAAAAA,2,64.35519999999983
96,G82087,Phenytoin_Sod Tab 100mg,0408010Q0AAAGAG,1,39.79919999999999
99,G82087,Mesalazine_Tab E/C 800mg,0105010B0AAASAS,1,36.89999999999999
124,G82114,Lansoprazole_Cap 30mg (E/C Gran),0103050L0AAAAAA,320,22.40000000000002
155,G82080,Ephed HCl_Tab 30mg,0301012F0AAABAB,1,15.590399999999974
123,G82735,Gemfibrozil_Tab 600mg,0212000Q0AAABAB,1,15.142399999999999
122,G82053,Gemfibrozil_Tab 600mg,0212000Q0AAABAB,2,15.142399999999999
100,G82114,Amiodarone HCl_Tab 200mg,0203020D0AAABAB,17,5.9500000000000055
0,G82114,Clonazepam_Tab 500mcg,0408010F0AAABAB,8,5.06239999999999
101,G82050,Amiodarone HCl_Tab 200mg,0203020D0AAABAB,13,4.550000000000004
1,G82087,Clonazepam_Tab 500mcg,0408010F0AAABAB,6,3.796799999999992
2,G82114,Clonazepam_Tab 500mcg,0408010F0AAABAB,3,3.796799999999992
148,G82735,Topiramate_Tab 200mg,040801050AAACAC,1,3.4859999999999984
3,G82080,Clonazepam_Tab 500mcg,0408010F0AAABAB,5,3.1639999999999935
5,G82050,Clonazepam_Tab 500mcg,0408010F0AAABAB,9,2.847599999999994
4,G82114,Clonazepam_Tab 500mcg,0408010F0AAABAB,9,2.847599999999994
6,G82658,Clonazepam_Tab 500mcg,0408010F0AAABAB,4,2.531199999999995
7,G82053,Clonazepam_Tab 500mcg,0408010F0AAABAB,2,2.531199999999995
8,G82730,Clonazepam_Tab 500mcg,0408010F0AAABAB,1,2.531199999999995
9,G82050,Clonazepam_Tab 500mcg,0408010F0AAABAB,4,2.531199999999995
149,G82142,Topiramate_Tab 200mg,040801050AAACAC,1,2.489999999999999
150,G82114,Topiramate_Tab 200mg,040801050AAACAC,1,2.489999999999999
151,G82087,Topiramate_Tab 200mg,040801050AAACAC,1,2.489999999999999
152,G82094,Topiramate_Tab 200mg,040801050AAACAC,1,2.489999999999999
102,G82186,Amiodarone HCl_Tab 200mg,0203020D0AAABAB,7,2.450000000000002
103,G82142,Amiodarone HCl_Tab 200mg,0203020D0AAABAB,6,2.100000000000002
104,G82080,Amiodarone HCl_Tab 200mg,0203020D0AAABAB,3,2.100000000000002
105,G82087,Amiodarone HCl_Tab 200mg,0203020D0AAABAB,6,2.100000000000002
11,G82142,Clonazepam_Tab 500mcg,0408010F0AAABAB,2,1.898399999999996
10,G82094,Clonazepam_Tab 500mcg,0408010F0AAABAB,6,1.898399999999996
12,G82114,Clonazepam_Tab 500mcg,0408010F0AAABAB,1,1.898399999999996
13,G82080,Clonazepam_Tab 500mcg,0408010F0AAABAB,2,1.898399999999996
14,G82053,Clonazepam_Tab 500mcg,0408010F0AAABAB,5,1.5819999999999967
15,G82142,Clonazepam_Tab 500mcg,0408010F0AAABAB,5,1.5819999999999967
153,G82053,Topiramate_Tab 200mg,040801050AAACAC,5,1.4420000000000006
108,G82730,Amiodarone HCl_Tab 200mg,0203020D0AAABAB,2,1.4000000000000012
106,G82050,Amiodarone HCl_Tab 200mg,0203020D0AAABAB,2,1.4000000000000012
107,G82080,Amiodarone HCl_Tab 200mg,0203020D0AAABAB,4,1.4000000000000012
16,G82142,Clonazepam_Tab 500mcg,0408010F0AAABAB,1,1.3559999999999972
17,G82094,Clonazepam_Tab 500mcg,0408010F0AAABAB,1,1.3559999999999972
18,G82094,Clonazepam_Tab 500mcg,0408010F0AAABAB,4,1.3559999999999972
19,G82053,Clonazepam_Tab 500mcg,0408010F0AAABAB,2,1.2655999999999974
22,G82080,Clonazepam_Tab 500mcg,0408010F0AAABAB,1,1.2655999999999974
21,G82087,Clonazepam_Tab 500mcg,0408010F0AAABAB,4,1.2655999999999974
24,G82142,Clonazepam_Tab 500mcg,0408010F0AAABAB,1,1.2655999999999974
20,G82050,Clonazepam_Tab 500mcg,0408010F0AAABAB,1,1.2655999999999974
23,G82087,Clonazepam_Tab 500mcg,0408010F0AAABAB,1,1.2655999999999974
154,G82735,Topiramate_Tab 200mg,040801050AAACAC,1,1.2449999999999994
28,G82049,Clonazepam_Tab 500mcg,0408010F0AAABAB,1,1.1299999999999977
26,G82658,Clonazepam_Tab 500mcg,0408010F0AAABAB,1,1.1299999999999977
25,G82050,Clonazepam_Tab 500mcg,0408010F0AAABAB,1,1.1299999999999977
27,G82735,Clonazepam_Tab 500mcg,0408010F0AAABAB,1,1.1299999999999977
109,G82094,Amiodarone HCl_Tab 200mg,0203020D0AAABAB,3,1.050000000000001
31,G82658,Clonazepam_Tab 500mcg,0408010F0AAABAB,3,1.016999999999998
29,G82080,Clonazepam_Tab 500mcg,0408010F0AAABAB,1,1.016999999999998
30,G82688,Clonazepam_Tab 500mcg,0408010F0AAABAB,1,1.016999999999998
32,G82730,Clonazepam_Tab 500mcg,0408010F0AAABAB,3,0.949199999999998
38,G82087,Clonazepam_Tab 500mcg,0408010F0AAABAB,1,0.949199999999998
37,G82735,Clonazepam_Tab 500mcg,0408010F0AAABAB,4,0.949199999999998
36,G82087,Clonazepam_Tab 500mcg,0408010F0AAABAB,2,0.949199999999998
35,G82080,Clonazepam_Tab 500mcg,0408010F0AAABAB,3,0.949199999999998
34,G82094,Clonazepam_Tab 500mcg,0408010F0AAABAB,1,0.949199999999998
33,G82658,Clonazepam_Tab 500mcg,0408010F0AAABAB,3,0.949199999999998
40,G82114,Clonazepam_Tab 500mcg,0408010F0AAABAB,1,0.7909999999999984
39,G82087,Clonazepam_Tab 500mcg,0408010F0AAABAB,1,0.7909999999999984
110,G82053,Amiodarone HCl_Tab 200mg,0203020D0AAABAB,2,0.7000000000000006
111,G82658,Amiodarone HCl_Tab 200mg,0203020D0AAABAB,2,0.7000000000000006
112,G82049,Amiodarone HCl_Tab 200mg,0203020D0AAABAB,2,0.7000000000000006
113,G82087,Amiodarone HCl_Tab 200mg,0203020D0AAABAB,1,0.7000000000000006
114,G82094,Amiodarone HCl_Tab 200mg,0203020D0AAABAB,1,0.7000000000000006
41,G82050,Clonazepam_Tab 500mcg,0408010F0AAABAB,1,0.6779999999999986
42,G82080,Clonazepam_Tab 500mcg,0408010F0AAABAB,1,0.6779999999999986
43,G82087,Clonazepam_Tab 500mcg,0408010F0AAABAB,1,0.6779999999999986
115,G82735,Amiodarone HCl_Tab 200mg,0203020D0AAABAB,8,0.6776
44,G82094,Clonazepam_Tab 500mcg,0408010F0AAABAB,1,0.6327999999999987
48,G82142,Clonazepam_Tab 500mcg,0408010F0AAABAB,8,0.6327999999999987
45,G82186,Clonazepam_Tab 500mcg,0408010F0AAABAB,2,0.6327999999999987
46,G82735,Clonazepam_Tab 500mcg,0408010F0AAABAB,1,0.6327999999999987
47,G82730,Clonazepam_Tab 500mcg,0408010F0AAABAB,1,0.6327999999999987
116,G82186,Amiodarone HCl_Tab 200mg,0203020D0AAABAB,1,0.6250000000000006
49,G82080,Clonazepam_Tab 500mcg,0408010F0AAABAB,2,0.474599999999999
117,G82142,Amiodarone HCl_Tab 200mg,0203020D0AAABAB,5,0.4235
118,G82730,Amiodarone HCl_Tab 200mg,0203020D0AAABAB,1,0.3500000000000003
120,G82735,Amiodarone HCl_Tab 200mg,0203020D0AAABAB,1,0.3500000000000003
119,G82688,Amiodarone HCl_Tab 200mg,0203020D0AAABAB,1,0.3500000000000003
53,G82186,Clonazepam_Tab 500mcg,0408010F0AAABAB,1,0.3389999999999993
52,G82049,Clonazepam_Tab 500mcg,0408010F0AAABAB,1,0.3389999999999993
51,G82080,Clonazepam_Tab 500mcg,0408010F0AAABAB,1,0.3389999999999993
50,G82087,Clonazepam_Tab 500mcg,0408010F0AAABAB,1,0.3389999999999993
121,G82080,Amiodarone HCl_Tab 200mg,0203020D0AAABAB,4,0.3388
54,G82087,Clonazepam_Tab 500mcg,0408010F0AAABAB,1,0.3334999999999987
55,G82053,Clonazepam_Tab 500mcg,0408010F0AAABAB,4,0.31639999999999935
56,G82735,Clonazepam_Tab 500mcg,0408010F0AAABAB,1,0.15819999999999967
57,G82114,Clonazepam_Tab 500mcg,0408010F0AAABAB,1,0.15819999999999967
59,G82080,Clonazepam_Tab 500mcg,0408010F0AAABAB,1,0.15819999999999967
58,G82053,Clonazepam_Tab 500mcg,0408010F0AAABAB,1,0.15819999999999967
125,G82080,Lansoprazole_Cap 30mg (E/C Gran),0103050L0AAAAAA,53,0.14840000000000167
126,G82094,Lansoprazole_Cap 30mg (E/C Gran),0103050L0AAAAAA,37,0.10360000000000116
127,G82053,Lansoprazole_Cap 30mg (E/C Gran),0103050L0AAAAAA,34,0.09520000000000108
97,G82735,Phenytoin_Sod Tab 100mg,0408010Q0AAAGAG,13,0.08189999999999098
128,G82735,Lansoprazole_Cap 30mg (E/C Gran),0103050L0AAAAAA,26,0.07280000000000082
129,G82142,Lansoprazole_Cap 30mg (E/C Gran),0103050L0AAAAAA,21,0.058800000000000664
130,G82080,Lansoprazole_Cap 30mg (E/C Gran),0103050L0AAAAAA,9,0.05040000000000057
60,G82730,Clonazepam_Tab 500mcg,0408010F0AAABAB,2,0.04239999999999999
132,G82050,Lansoprazole_Cap 30mg (E/C Gran),0103050L0AAAAAA,12,0.03360000000000038
131,G82186,Lansoprazole_Cap 30mg (E/C Gran),0103050L0AAAAAA,12,0.03360000000000038
133,G82114,Lansoprazole_Cap 30mg (E/C Gran),0103050L0AAAAAA,9,0.025200000000000285
134,G82142,Lansoprazole_Cap 30mg (E/C Gran),0103050L0AAAAAA,4,0.022400000000000253
135,G82186,Lansoprazole_Cap 30mg (E/C Gran),0103050L0AAAAAA,3,0.01680000000000019
98,G82080,Phenytoin_Sod Tab 100mg,0408010Q0AAAGAG,1,0.011999999999998678
136,G82735,Lansoprazole_Cap 30mg (E/C Gran),0103050L0AAAAAA,2,0.011200000000000127
62,G82186,Prednisolone_Tab Solb 5mg,0603020T0AABHBH,2,0.007199999999999207
137,G82049,Lansoprazole_Cap 30mg (E/C Gran),0103050L0AAAAAA,1,0.005600000000000063
138,G82087,Lansoprazole_Cap 30mg (E/C Gran),0103050L0AAAAAA,1,0.005600000000000063
140,Y05920,Lansoprazole_Cap 30mg (E/C Gran),0103050L0AAAAAA,1,0.005600000000000063
139,G82730,Lansoprazole_Cap 30mg (E/C Gran),0103050L0AAAAAA,1,0.005600000000000063
63,G82087,Prednisolone_Tab Solb 5mg,0603020T0AABHBH,1,0.004499999999999504
64,G82080,Prednisolone_Tab Solb 5mg,0603020T0AABHBH,1,0.004499999999999504
143,G82735,Lansoprazole_Cap 30mg (E/C Gran),0103050L0AAAAAA,1,0.003000000000000086
142,G82094,Lansoprazole_Cap 30mg (E/C Gran),0103050L0AAAAAA,1,0.003000000000000086
141,Y05920,Lansoprazole_Cap 30mg (E/C Gran),0103050L0AAAAAA,1,0.003000000000000086
144,Y05782,Lansoprazole_Cap 30mg (E/C Gran),0103050L0AAAAAA,1,0.0028000000000000316
65,G82142,Prednisolone_Tab Solb 5mg,0603020T0AABHBH,1,0.0025999999999999357
66,G82730,Prednisolone_Tab Solb 5mg,0603020T0AABHBH,1,0.0014999999999998348
145,G82094,Lansoprazole_Cap 30mg (E/C Gran),0103050L0AAAAAA,1,-0.000999999999999994
146,G82114,Lansoprazole_Cap 30mg (E/C Gran),0103050L0AAAAAA,1,-0.000999999999999994
67,G82114,Prednisolone_Tab Solb 5mg,0603020T0AABHBH,1,-0.0023999999999997357
68,G82087,Prednisolone_Tab Solb 5mg,0603020T0AABHBH,1,-0.0024999999999997247
71,G82142,Prednisolone_Tab Solb 5mg,0603020T0AABHBH,1,-0.0035999999999996035
70,G82730,Prednisolone_Tab Solb 5mg,0603020T0AABHBH,1,-0.0035999999999996035
69,G82087,Prednisolone_Tab Solb 5mg,0603020T0AABHBH,1,-0.0035999999999996035
73,G82735,Prednisolone_Tab Solb 5mg,0603020T0AABHBH,1,-0.0039999999999995595
72,G82142,Prednisolone_Tab Solb 5mg,0603020T0AABHBH,1,-0.0039999999999995595
75,G82080,Prednisolone_Tab Solb 5mg,0603020T0AABHBH,1,-0.0039999999999995595
76,G82730,Prednisolone_Tab Solb 5mg,0603020T0AABHBH,1,-0.0039999999999995595
77,G82050,Prednisolone_Tab Solb 5mg,0603020T0AABHBH,1,-0.0039999999999995595
74,G82094,Prednisolone_Tab Solb 5mg,0603020T0AABHBH,1,-0.0039999999999995595
147,Y05920,Lansoprazole_Cap 30mg (E/C Gran),0103050L0AAAAAA,1,-0.004499999999999983
78,G82142,Prednisolone_Tab Solb 5mg,0603020T0AABHBH,1,-0.004799999999999471
82,G82080,Prednisolone_Tab Solb 5mg,0603020T0AABHBH,2,-0.004799999999999471
81,G82087,Prednisolone_Tab Solb 5mg,0603020T0AABHBH,1,-0.004799999999999471
80,Y05920,Prednisolone_Tab Solb 5mg,0603020T0AABHBH,2,-0.004799999999999471
79,G82050,Prednisolone_Tab Solb 5mg,0603020T0AABHBH,1,-0.004799999999999471
83,Y05920,Prednisolone_Tab Solb 5mg,0603020T0AABHBH,2,-0.009599999999998943
85,G82080,Prednisolone_Tab Solb 5mg,0603020T0AABHBH,2,-0.009599999999999831
84,G82087,Prednisolone_Tab Solb 5mg,0603020T0AABHBH,2,-0.009599999999999831
86,G82080,Prednisolone_Tab Solb 5mg,0603020T0AABHBH,7,-0.0335999999999963
88,G82114,Liothyronine Sod_Tab 20mcg,0602010M0AAAAAA,1,-0.8358000000000168
93,G82094,Liothyronine Sod_Tab 20mcg,0602010M0AAAAAA,1,-1.680000000000014
92,G82053,Liothyronine Sod_Tab 20mcg,0602010M0AAAAAA,1,-1.680000000000014
91,G82142,Liothyronine Sod_Tab 20mcg,0602010M0AAAAAA,1,-1.680000000000014
90,G82087,Liothyronine Sod_Tab 20mcg,0602010M0AAAAAA,1,-1.680000000000014
89,G82050,Liothyronine Sod_Tab 20mcg,0602010M0AAAAAA,1,-1.680000000000014
95,G82049,Liothyronine Sod_Tab 20mcg,0602010M0AAAAAA,1,-5.040000000000042
94,G82186,Liothyronine Sod_Tab 20mcg,0602010M0AAAAAA,1,-5.040000000000042
