,practice_code,bnf_description,bnf_code,items,excess_cost
0,H85020,Amiodarone HCl_Tab 200mg,0203020D0AAABAB,11,3.488800000000003
1,H85020,Aspirin Disper_Tab 75mg,0209000A0AAABAB,468,1.310799999999992
2,H85020,Clonazepam_Tab 500mcg,0408010F0AAABAB,45,11.460799999999978
3,H85020,Mesalazine_Tab E/C 400mg,0105010B0AAAAAA,1,11.978399999999999
4,H85020,Mesalazine_Tab E/C 800mg,0105010B0AAASAS,1,36.89999999999999
5,H85020,Olanzapine_Tab 10mg,040201060AAACAC,5,144.70399999999998
6,H85020,Olanzapine_Tab 5mg,040201060AAAAAA,34,73.07999999999998
7,H85020,Pyridox HCl_Tab 50mg,0906024N0AAAIAI,1,0.4788000000000001
8,H85024,Amiodarone HCl_Tab 200mg,0203020D0AAABAB,1,0.7000000000000006
9,H85024,Aspirin Disper_Tab 75mg,0209000A0AAABAB,282,0.7797999999999953
10,H85024,Clonazepam_Tab 500mcg,0408010F0AAABAB,10,2.117599999999996
11,H85026,Amiodarone HCl_Tab 200mg,0203020D0AAABAB,2,1.4000000000000012
12,H85026,Aspirin Disper_Tab 75mg,0209000A0AAABAB,98,0.2655999999999984
13,H85026,Atorvastatin_Tab 60mg,0212000B0AAAPAP,1,2.2176000000000045
14,H85026,Clonazepam_Tab 500mcg,0408010F0AAABAB,6,1.6271999999999966
15,H85026,Mesalazine_Tab E/C 800mg,0105010B0AAASAS,1,22.959999999999994
16,H85027,Amiodarone HCl_Tab 200mg,0203020D0AAABAB,5,4.200000000000004
17,H85027,Clonazepam_Tab 500mcg,0408010F0AAABAB,4,5.649999999999988
18,H85027,Pyridox HCl_Tab 50mg,0906024N0AAAIAI,1,2.8728000000000007
19,H85028,Amiodarone HCl_Tab 200mg,0203020D0AAABAB,2,0.7000000000000006
20,H85028,Aspirin Disper_Tab 75mg,0209000A0AAABAB,66,0.19039999999999885
21,H85028,Clonazepam_Tab 500mcg,0408010F0AAABAB,10,3.063999999999993
22,H85028,Mesalazine_Tab E/C 400mg,0105010B0AAAAAA,1,23.956799999999998
23,H85028,Mesalazine_Tab E/C 800mg,0105010B0AAASAS,9,24.229199999999995
24,H85028,Olanzapine_Tab 10mg,040201060AAACAC,1,-0.003000000000001335
25,H85028,Pyridox HCl_Tab 50mg,0906024N0AAAIAI,1,0.4788000000000001
26,H85029,Amiodarone HCl_Tab 200mg,0203020D0AAABAB,4,1.5792000000000013
27,H85029,Aspirin Disper_Tab 75mg,0209000A0AAABAB,238,0.6999999999999957
28,H85029,Clonazepam_Tab 500mcg,0408010F0AAABAB,6,1.5819999999999967
29,H85029,Risperidone_Tab 6mg,040201030AAAFAF,1,29.2096
30,H85033,Amiodarone HCl_Tab 200mg,0203020D0AAABAB,18,2.755200000000001
31,H85033,Aspirin Disper_Tab 75mg,0209000A0AAABAB,280,0.795199999999995
32,H85033,Atorvastatin_Tab 60mg,0212000B0AAAPAP,1,2.2176000000000045
33,H85033,Clonazepam_Tab 500mcg,0408010F0AAABAB,19,5.378799999999989
34,H85035,Amiodarone HCl_Tab 200mg,0203020D0AAABAB,8,0.6776
35,H85035,Aspirin Disper_Tab 75mg,0209000A0AAABAB,62,0.17359999999999895
36,H85035,Atorvastatin_Tab 60mg,0212000B0AAAPAP,5,3.3264000000000067
37,H85035,Clonazepam_Tab 500mcg,0408010F0AAABAB,8,1.7401999999999964
38,H85035,Mesalazine_Tab E/C 400mg,0105010B0AAAAAA,8,8.019200000000001
39,H85035,Pyridox HCl_Tab 50mg,0906024N0AAAIAI,1,0.9576000000000002
40,H85037,Amiodarone HCl_Tab 200mg,0203020D0AAABAB,4,0.25400000000000034
41,H85037,Aspirin Disper_Tab 75mg,0209000A0AAABAB,210,0.5879999999999964
42,H85037,Clonazepam_Tab 500mcg,0408010F0AAABAB,17,4.94939999999999
43,H85037,Mesalazine_Tab E/C 800mg,0105010B0AAASAS,4,-36.864
44,H85037,Pyridox HCl_Tab 50mg,0906024N0AAAIAI,5,1.9152000000000005
45,H85038,Amiodarone HCl_Tab 200mg,0203020D0AAABAB,3,1.050000000000001
46,H85038,Aspirin Disper_Tab 75mg,0209000A0AAABAB,44,0.12319999999999925
47,H85038,Atorvastatin_Tab 60mg,0212000B0AAAPAP,3,3.3264000000000067
48,H85038,Clonazepam_Tab 500mcg,0408010F0AAABAB,11,6.214999999999987
49,H85038,Mesalazine_Tab E/C 400mg,0105010B0AAAAAA,1,31.942399999999996
50,H85038,Mesalazine_Tab E/C 800mg,0105010B0AAASAS,1,36.89999999999999
51,H85038,Pyridox HCl_Tab 50mg,0906024N0AAAIAI,1,0.4788000000000001
52,H85051,Amiodarone HCl_Tab 200mg,0203020D0AAABAB,3,1.7500000000000016
53,H85051,Aspirin Disper_Tab 75mg,0209000A0AAABAB,148,0.4143999999999975
54,H85051,Clonazepam_Tab 500mcg,0408010F0AAABAB,13,5.10759999999999
55,H85051,Mesalazine_Tab E/C 400mg,0105010B0AAAAAA,2,71.87039999999999
56,H85051,Mesalazine_Tab E/C 800mg,0105010B0AAASAS,1,-103.31999999999998
57,H85051,Pyridox HCl_Tab 50mg,0906024N0AAAIAI,5,1.9152000000000005
58,H85070,Amiodarone HCl_Tab 200mg,0203020D0AAABAB,1,0.3500000000000003
59,H85070,Aspirin Disper_Tab 75mg,0209000A0AAABAB,178,0.5077999999999969
60,H85070,Atorvastatin_Tab 60mg,0212000B0AAAPAP,1,2.2176000000000045
61,H85070,Clonazepam_Tab 500mcg,0408010F0AAABAB,1,0.6327999999999987
62,H85070,Mesalazine_Tab E/C 400mg,0105010B0AAAAAA,1,-51.33599999999999
63,H85070,Risperidone_Tab 6mg,040201030AAAFAF,1,116.8384
64,H85076,Amiodarone HCl_Tab 200mg,0203020D0AAABAB,7,2.438800000000002
65,H85076,Aspirin Disper_Tab 75mg,0209000A0AAABAB,216,0.6047999999999963
66,H85076,Clonazepam_Tab 500mcg,0408010F0AAABAB,3,2.5989999999999944
67,H85076,Mesalazine_Tab E/C 400mg,0105010B0AAAAAA,1,-23.956799999999998
68,H85076,Mesalazine_Tab E/C 800mg,0105010B0AAASAS,4,11.479999999999997
69,H85078,Aspirin Disper_Tab 75mg,0209000A0AAABAB,38,0.10639999999999936
70,H85078,Clonazepam_Tab 500mcg,0408010F0AAABAB,1,0.31639999999999935
71,H85090,Aspirin Disper_Tab 75mg,0209000A0AAABAB,158,0.44239999999999735
72,H85090,Clonazepam_Tab 500mcg,0408010F0AAABAB,9,2.553799999999995
73,H85090,Mesalazine_Tab E/C 800mg,0105010B0AAASAS,1,73.79999999999998
74,H85092,Aspirin Disper_Tab 75mg,0209000A0AAABAB,170,0.4759999999999971
75,H85092,Clonazepam_Tab 500mcg,0408010F0AAABAB,2,1.6271999999999966
76,H85092,Pyridox HCl_Tab 50mg,0906024N0AAAIAI,8,0.9576000000000002
77,H85101,Amiodarone HCl_Tab 200mg,0203020D0AAABAB,6,1.1235000000000006
78,H85101,Aspirin Disper_Tab 75mg,0209000A0AAABAB,168,0.47039999999999715
79,H85101,Atorvastatin_Tab 60mg,0212000B0AAAPAP,1,2.2176000000000045
80,H85101,Clonazepam_Tab 500mcg,0408010F0AAABAB,25,4.271399999999991
81,H85101,Pyridox HCl_Tab 50mg,0906024N0AAAIAI,1,0.4788000000000001
82,H85110,Amiodarone HCl_Tab 200mg,0203020D0AAABAB,3,1.050000000000001
83,H85110,Aspirin Disper_Tab 75mg,0209000A0AAABAB,166,0.4647999999999972
84,H85110,Clonazepam_Tab 500mcg,0408010F0AAABAB,6,2.7503999999999946
85,H85110,Mesalazine_Tab E/C 400mg,0105010B0AAAAAA,1,-17.112
86,H85110,Risperidone_Tab 6mg,040201030AAAFAF,1,29.2096
87,H85112,Amiodarone HCl_Tab 200mg,0203020D0AAABAB,1,0.7000000000000006
88,H85112,Atorvastatin_Tab 60mg,0212000B0AAAPAP,1,2.2176000000000045
89,H85112,Clonazepam_Tab 500mcg,0408010F0AAABAB,1,0.474599999999999
90,H85112,Olanzapine_Tab 5mg,040201060AAAAAA,1,0.005999999999999339
91,H85634,Amiodarone HCl_Tab 200mg,0203020D0AAABAB,4,0.3388
92,H85634,Aspirin Disper_Tab 75mg,0209000A0AAABAB,32,0.08959999999999946
93,H85634,Clonazepam_Tab 500mcg,0408010F0AAABAB,2,0.6553999999999987
94,H85649,Amiodarone HCl_Tab 200mg,0203020D0AAABAB,5,0.6888000000000003
95,H85649,Aspirin Disper_Tab 75mg,0209000A0AAABAB,252,0.7055999999999958
96,H85649,Atorvastatin_Tab 60mg,0212000B0AAAPAP,1,2.2176000000000045
97,H85649,Clonazepam_Tab 500mcg,0408010F0AAABAB,7,3.1865999999999937
98,H85656,Aspirin Disper_Tab 75mg,0209000A0AAABAB,136,0.40319999999999756
99,H85656,Clonazepam_Tab 500mcg,0408010F0AAABAB,12,3.2091999999999934
100,H85656,Mesalazine_Tab E/C 400mg,0105010B0AAAAAA,1,143.74079999999998
101,Y04108,Amiodarone HCl_Tab 200mg,0203020D0AAABAB,1,0.6125000000000005
