,practice_code,bnf_description,bnf_code,items,excess_cost
417,A84044,Prednisolone_Tab Solb 5mg,0603020T0AABHBH,1,201.43199999999996
734,A84039,Memantine HCl_Tab 20mg,0411000G0AAADAD,10,127.792
0,A84043,Paracet_Tab 500mg,0407010H0AAAMAM,113,118.96639999999998
1,A84043,Paracet_Tab 500mg,0407010H0AAAMAM,113,118.96639999999998
835,A84022,Rosuvastatin Calc_Tab 5mg,0212000AAAAADAD,2,91.6776
384,A84006,Atorvastatin_Tab 20mg,0212000B0AAABAB,739,91.04480000000002
477,A84003,Ferr Sulf_Tab 200mg,0901011P0AAACAC,1,75.45
418,A84003,Prednisolone_Tab Solb 5mg,0603020T0AABHBH,3,71.937
449,A84003,Betahistine HCl_Tab 16mg,0406000B0AAABAB,31,69.7872
819,A84025,Mesalazine_Tab E/C 400mg,0105010B0AAAAAA,2,68.448
419,A84043,Prednisolone_Tab Solb 5mg,0603020T0AABHBH,1,67.14399999999999
767,A84036,Memantine HCl_Tab 10mg,0411000G0AAAAAA,8,62.720000000000006
768,A84039,Memantine HCl_Tab 10mg,0411000G0AAAAAA,5,61.627500000000005
385,A84014,Atorvastatin_Tab 20mg,0212000B0AAABAB,227,45.763200000000076
386,A84003,Atorvastatin_Tab 20mg,0212000B0AAABAB,852,45.32640000000014
387,A84025,Atorvastatin_Tab 20mg,0212000B0AAABAB,175,45.08
478,A84003,Ferr Sulf_Tab 200mg,0901011P0AAACAC,40,42.336
820,A84002,Mesalazine_Tab E/C 400mg,0105010B0AAAAAA,1,34.224
821,A84002,Mesalazine_Tab E/C 400mg,0105010B0AAAAAA,1,31.942399999999996
450,A84030,Betahistine HCl_Tab 16mg,0406000B0AAABAB,5,30.744
2,A84043,Paracet_Tab 500mg,0407010H0AAAMAM,102,30.600000000000026
3,A84043,Paracet_Tab 500mg,0407010H0AAAMAM,102,30.600000000000026
451,A84015,Betahistine HCl_Tab 16mg,0406000B0AAABAB,7,26.9892
822,A84006,Mesalazine_Tab E/C 400mg,0105010B0AAAAAA,1,25.667999999999996
824,A84006,Mesalazine_Tab E/C 400mg,0105010B0AAAAAA,1,23.956799999999998
823,A84009,Mesalazine_Tab E/C 400mg,0105010B0AAAAAA,1,23.956799999999998
388,A84036,Atorvastatin_Tab 20mg,0212000B0AAABAB,777,23.93160000000008
5,A84043,Paracet_Tab 500mg,0407010H0AAAMAM,264,23.76000000000004
4,A84043,Paracet_Tab 500mg,0407010H0AAAMAM,264,23.76000000000004
389,A84619,Atorvastatin_Tab 20mg,0212000B0AAABAB,138,22.79760000000001
390,A84036,Atorvastatin_Tab 20mg,0212000B0AAABAB,410,22.673000000000012
391,Y00151,Atorvastatin_Tab 20mg,0212000B0AAABAB,42,22.579200000000004
392,A84015,Atorvastatin_Tab 20mg,0212000B0AAABAB,49,22.535100000000003
6,A84007,Paracet_Tab 500mg,0407010H0AAAMAM,120,21.504000000000055
7,A84007,Paracet_Tab 500mg,0407010H0AAAMAM,120,21.504000000000055
479,A84044,Ferr Sulf_Tab 200mg,0901011P0AAACAC,15,21.167999999999996
9,A84006,Paracet_Tab 500mg,0407010H0AAAMAM,133,20.854399999999977
8,A84006,Paracet_Tab 500mg,0407010H0AAAMAM,133,20.854399999999977
11,A84002,Paracet_Tab 500mg,0407010H0AAAMAM,4,20.16
10,A84002,Paracet_Tab 500mg,0407010H0AAAMAM,4,20.16
13,A84006,Paracet_Tab 500mg,0407010H0AAAMAM,103,18.54000000000003
12,A84006,Paracet_Tab 500mg,0407010H0AAAMAM,103,18.54000000000003
452,Y00151,Betahistine HCl_Tab 16mg,0406000B0AAABAB,6,18.0936
453,A84002,Betahistine HCl_Tab 16mg,0406000B0AAABAB,2,18.0768
454,A84036,Betahistine HCl_Tab 16mg,0406000B0AAABAB,6,17.791200000000003
455,A84007,Betahistine HCl_Tab 16mg,0406000B0AAABAB,10,17.135999999999996
825,A84006,Mesalazine_Tab E/C 400mg,0105010B0AAAAAA,1,17.099999999999998
15,A84007,Paracet_Tab 500mg,0407010H0AAAMAM,151,16.06640000000002
14,A84007,Paracet_Tab 500mg,0407010H0AAAMAM,151,16.06640000000002
17,A84047,Paracet_Tab 500mg,0407010H0AAAMAM,91,15.47
16,A84047,Paracet_Tab 500mg,0407010H0AAAMAM,91,15.47
480,A84003,Ferr Sulf_Tab 200mg,0901011P0AAACAC,1,15.084000000000001
481,A84003,Ferr Sulf_Tab 200mg,0901011P0AAACAC,18,14.111999999999998
18,A84036,Paracet_Tab 500mg,0407010H0AAAMAM,269,13.557600000000022
19,A84036,Paracet_Tab 500mg,0407010H0AAAMAM,269,13.557600000000022
456,A84006,Betahistine HCl_Tab 16mg,0406000B0AAABAB,10,13.482000000000001
20,A84030,Paracet_Tab 500mg,0407010H0AAAMAM,5,12.120000000000001
21,A84030,Paracet_Tab 500mg,0407010H0AAAMAM,5,12.120000000000001
457,A84002,Betahistine HCl_Tab 16mg,0406000B0AAABAB,1,12.062400000000002
826,A84029,Mesalazine_Tab E/C 400mg,0105010B0AAAAAA,1,11.978399999999999
827,A84013,Mesalazine_Tab E/C 400mg,0105010B0AAAAAA,1,11.978399999999999
22,A84038,Paracet_Tab 500mg,0407010H0AAAMAM,110,11.087999999999997
23,A84038,Paracet_Tab 500mg,0407010H0AAAMAM,110,11.087999999999997
25,A84047,Paracet_Tab 500mg,0407010H0AAAMAM,17,11.043199999999999
24,A84047,Paracet_Tab 500mg,0407010H0AAAMAM,17,11.043199999999999
27,A84005,Paracet_Tab 500mg,0407010H0AAAMAM,164,11.020800000000062
26,A84005,Paracet_Tab 500mg,0407010H0AAAMAM,164,11.020800000000062
29,A84006,Paracet_Tab 500mg,0407010H0AAAMAM,321,9.630000000000052
28,A84006,Paracet_Tab 500mg,0407010H0AAAMAM,321,9.630000000000052
31,A84044,Paracet_Tab 500mg,0407010H0AAAMAM,189,9.450000000000008
30,A84044,Paracet_Tab 500mg,0407010H0AAAMAM,189,9.450000000000008
33,A84003,Paracet_Tab 500mg,0407010H0AAAMAM,153,9.179999999999998
32,A84003,Paracet_Tab 500mg,0407010H0AAAMAM,153,9.179999999999998
458,A84030,Betahistine HCl_Tab 16mg,0406000B0AAABAB,3,9.0468
459,A84002,Betahistine HCl_Tab 16mg,0406000B0AAABAB,2,9.0384
460,A84006,Betahistine HCl_Tab 16mg,0406000B0AAABAB,19,8.937600000000002
461,A84022,Betahistine HCl_Tab 16mg,0406000B0AAABAB,5,8.862
35,A84031,Paracet_Tab 500mg,0407010H0AAAMAM,7,8.467200000000002
34,A84031,Paracet_Tab 500mg,0407010H0AAAMAM,7,8.467200000000002
594,A84009,Clonazepam_Tab 500mcg,0408010F0AAABAB,6,7.593599999999984
462,A84003,Betahistine HCl_Tab 16mg,0406000B0AAABAB,4,7.543200000000001
463,A84028,Betahistine HCl_Tab 16mg,0406000B0AAABAB,5,7.097999999999999
36,A84014,Paracet_Tab 500mg,0407010H0AAAMAM,349,6.980000000000079
37,A84014,Paracet_Tab 500mg,0407010H0AAAMAM,349,6.980000000000079
464,A84007,Betahistine HCl_Tab 16mg,0406000B0AAABAB,1,6.0256
465,A84619,Betahistine HCl_Tab 16mg,0406000B0AAABAB,1,6.0256
466,A84003,Betahistine HCl_Tab 16mg,0406000B0AAABAB,1,5.9976
38,A84003,Paracet_Tab 500mg,0407010H0AAAMAM,86,5.779199999999999
39,A84003,Paracet_Tab 500mg,0407010H0AAAMAM,86,5.779199999999999
40,A84043,Paracet_Tab 500mg,0407010H0AAAMAM,68,5.712000000000005
41,A84043,Paracet_Tab 500mg,0407010H0AAAMAM,68,5.712000000000005
43,A84043,Paracet_Tab 500mg,0407010H0AAAMAM,23,5.667200000000001
42,A84043,Paracet_Tab 500mg,0407010H0AAAMAM,23,5.667200000000001
44,A84007,Paracet_Tab 500mg,0407010H0AAAMAM,21,5.644800000000006
45,A84007,Paracet_Tab 500mg,0407010H0AAAMAM,21,5.644800000000006
46,A84038,Paracet_Tab 500mg,0407010H0AAAMAM,186,5.580000000000031
47,A84038,Paracet_Tab 500mg,0407010H0AAAMAM,186,5.580000000000031
467,A84028,Betahistine HCl_Tab 16mg,0406000B0AAABAB,2,5.420800000000001
393,A84044,Atorvastatin_Tab 20mg,0212000B0AAABAB,166,5.112800000000018
595,A84022,Clonazepam_Tab 500mcg,0408010F0AAABAB,2,5.06239999999999
48,A84003,Paracet_Tab 500mg,0407010H0AAAMAM,223,4.995199999999969
49,A84003,Paracet_Tab 500mg,0407010H0AAAMAM,223,4.995199999999969
50,A84002,Paracet_Tab 500mg,0407010H0AAAMAM,82,4.919999999999999
51,A84002,Paracet_Tab 500mg,0407010H0AAAMAM,82,4.919999999999999
52,A84609,Paracet_Tab 500mg,0407010H0AAAMAM,2,4.838400000000001
53,A84609,Paracet_Tab 500mg,0407010H0AAAMAM,2,4.838400000000001
55,A84013,Paracet_Tab 500mg,0407010H0AAAMAM,120,4.800000000000012
54,A84013,Paracet_Tab 500mg,0407010H0AAAMAM,120,4.800000000000012
57,A84022,Paracet_Tab 500mg,0407010H0AAAMAM,228,4.560000000000051
56,A84022,Paracet_Tab 500mg,0407010H0AAAMAM,228,4.560000000000051
468,A84015,Betahistine HCl_Tab 16mg,0406000B0AAABAB,2,4.5192
596,A84036,Clonazepam_Tab 500mcg,0408010F0AAABAB,6,3.796799999999992
597,A84014,Clonazepam_Tab 500mcg,0408010F0AAABAB,2,3.796799999999992
598,A84028,Clonazepam_Tab 500mcg,0408010F0AAABAB,2,3.796799999999992
599,A84026,Clonazepam_Tab 500mcg,0408010F0AAABAB,3,3.389999999999993
600,A84030,Clonazepam_Tab 500mcg,0408010F0AAABAB,7,3.3221999999999934
58,A84047,Paracet_Tab 500mg,0407010H0AAAMAM,54,3.240000000000018
59,A84047,Paracet_Tab 500mg,0407010H0AAAMAM,54,3.240000000000018
61,A84006,Paracet_Tab 500mg,0407010H0AAAMAM,2,3.2256000000000005
60,A84006,Paracet_Tab 500mg,0407010H0AAAMAM,2,3.2256000000000005
602,A84022,Clonazepam_Tab 500mcg,0408010F0AAABAB,5,3.1639999999999935
603,A84005,Clonazepam_Tab 500mcg,0408010F0AAABAB,10,3.1639999999999935
601,A84003,Clonazepam_Tab 500mcg,0408010F0AAABAB,5,3.1639999999999935
62,A84022,Paracet_Tab 500mg,0407010H0AAAMAM,68,3.0464000000000344
63,A84022,Paracet_Tab 500mg,0407010H0AAAMAM,68,3.0464000000000344
469,A84036,Betahistine HCl_Tab 16mg,0406000B0AAABAB,1,2.9680000000000004
64,A84044,Paracet_Tab 500mg,0407010H0AAAMAM,14,2.8224000000000045
65,A84044,Paracet_Tab 500mg,0407010H0AAAMAM,14,2.8224000000000045
470,A84030,Betahistine HCl_Tab 16mg,0406000B0AAABAB,10,2.7509999999999986
604,A84026,Clonazepam_Tab 500mcg,0408010F0AAABAB,1,2.531199999999995
605,A84005,Clonazepam_Tab 500mcg,0408010F0AAABAB,4,2.531199999999995
606,Y00151,Clonazepam_Tab 500mcg,0408010F0AAABAB,2,2.531199999999995
67,A84047,Paracet_Tab 500mg,0407010H0AAAMAM,4,2.4864000000000015
66,A84047,Paracet_Tab 500mg,0407010H0AAAMAM,4,2.4864000000000015
607,A84026,Clonazepam_Tab 500mcg,0408010F0AAABAB,4,2.4779999999999975
68,A84026,Paracet_Tab 500mg,0407010H0AAAMAM,113,2.2599999999999865
69,A84026,Paracet_Tab 500mg,0407010H0AAAMAM,113,2.2599999999999865
70,A84619,Paracet_Tab 500mg,0407010H0AAAMAM,74,2.220000000000012
71,A84619,Paracet_Tab 500mg,0407010H0AAAMAM,74,2.220000000000012
608,A84009,Clonazepam_Tab 500mcg,0408010F0AAABAB,7,2.2147999999999954
609,A84039,Clonazepam_Tab 500mcg,0408010F0AAABAB,3,1.898399999999996
611,A84028,Clonazepam_Tab 500mcg,0408010F0AAABAB,3,1.898399999999996
610,A84028,Clonazepam_Tab 500mcg,0408010F0AAABAB,6,1.898399999999996
612,A84043,Clonazepam_Tab 500mcg,0408010F0AAABAB,3,1.898399999999996
471,A84044,Betahistine HCl_Tab 16mg,0406000B0AAABAB,7,1.8816000000000008
613,A84022,Clonazepam_Tab 500mcg,0408010F0AAABAB,11,1.7401999999999964
73,A84043,Paracet_Tab 500mg,0407010H0AAAMAM,13,1.6224000000000003
72,A84043,Paracet_Tab 500mg,0407010H0AAAMAM,13,1.6224000000000003
616,A84043,Clonazepam_Tab 500mcg,0408010F0AAABAB,1,1.423799999999997
615,A84031,Clonazepam_Tab 500mcg,0408010F0AAABAB,3,1.423799999999997
614,A84034,Clonazepam_Tab 500mcg,0408010F0AAABAB,1,1.423799999999997
617,A84008,Clonazepam_Tab 500mcg,0408010F0AAABAB,2,1.3559999999999972
618,A84016,Clonazepam_Tab 500mcg,0408010F0AAABAB,1,1.3559999999999972
627,A84047,Clonazepam_Tab 500mcg,0408010F0AAABAB,1,1.2655999999999974
619,A84009,Clonazepam_Tab 500mcg,0408010F0AAABAB,2,1.2655999999999974
633,A84018,Clonazepam_Tab 500mcg,0408010F0AAABAB,2,1.2655999999999974
632,A84026,Clonazepam_Tab 500mcg,0408010F0AAABAB,1,1.2655999999999974
631,A84043,Clonazepam_Tab 500mcg,0408010F0AAABAB,4,1.2655999999999974
630,A84013,Clonazepam_Tab 500mcg,0408010F0AAABAB,2,1.2655999999999974
628,A84028,Clonazepam_Tab 500mcg,0408010F0AAABAB,1,1.2655999999999974
629,A84030,Clonazepam_Tab 500mcg,0408010F0AAABAB,1,1.2655999999999974
626,A84006,Clonazepam_Tab 500mcg,0408010F0AAABAB,1,1.2655999999999974
625,A84040,Clonazepam_Tab 500mcg,0408010F0AAABAB,4,1.2655999999999974
624,A84043,Clonazepam_Tab 500mcg,0408010F0AAABAB,1,1.2655999999999974
623,A84014,Clonazepam_Tab 500mcg,0408010F0AAABAB,1,1.2655999999999974
622,A84007,Clonazepam_Tab 500mcg,0408010F0AAABAB,2,1.2655999999999974
621,A84003,Clonazepam_Tab 500mcg,0408010F0AAABAB,1,1.2655999999999974
620,A84034,Clonazepam_Tab 500mcg,0408010F0AAABAB,2,1.2655999999999974
637,A84047,Clonazepam_Tab 500mcg,0408010F0AAABAB,1,1.1299999999999977
634,A84044,Clonazepam_Tab 500mcg,0408010F0AAABAB,1,1.1299999999999977
635,A84009,Clonazepam_Tab 500mcg,0408010F0AAABAB,1,1.1299999999999977
640,A84037,Clonazepam_Tab 500mcg,0408010F0AAABAB,1,1.1299999999999977
639,A84018,Clonazepam_Tab 500mcg,0408010F0AAABAB,1,1.1299999999999977
638,A84003,Clonazepam_Tab 500mcg,0408010F0AAABAB,1,1.1299999999999977
636,A84011,Clonazepam_Tab 500mcg,0408010F0AAABAB,1,1.1299999999999977
74,A84044,Paracet_Tab 500mg,0407010H0AAAMAM,28,1.1200000000000125
75,A84044,Paracet_Tab 500mg,0407010H0AAAMAM,28,1.1200000000000125
394,A84026,Atorvastatin_Tab 20mg,0212000B0AAABAB,197,1.1032000000000317
395,A84044,Atorvastatin_Tab 20mg,0212000B0AAABAB,39,1.092000000000001
641,A84032,Clonazepam_Tab 500mcg,0408010F0AAABAB,1,0.996799999999999
77,A84604,Paracet_Tab 500mg,0407010H0AAAMAM,49,0.9800000000000111
76,A84604,Paracet_Tab 500mg,0407010H0AAAMAM,49,0.9800000000000111
657,A84022,Clonazepam_Tab 500mcg,0408010F0AAABAB,3,0.949199999999998
656,A84039,Clonazepam_Tab 500mcg,0408010F0AAABAB,1,0.949199999999998
655,A84036,Clonazepam_Tab 500mcg,0408010F0AAABAB,3,0.949199999999998
651,A84005,Clonazepam_Tab 500mcg,0408010F0AAABAB,1,0.949199999999998
653,A84003,Clonazepam_Tab 500mcg,0408010F0AAABAB,12,0.949199999999998
652,A84011,Clonazepam_Tab 500mcg,0408010F0AAABAB,3,0.949199999999998
654,A84028,Clonazepam_Tab 500mcg,0408010F0AAABAB,6,0.949199999999998
650,A84028,Clonazepam_Tab 500mcg,0408010F0AAABAB,2,0.949199999999998
644,A84003,Clonazepam_Tab 500mcg,0408010F0AAABAB,3,0.949199999999998
649,A84006,Clonazepam_Tab 500mcg,0408010F0AAABAB,1,0.949199999999998
642,A84043,Clonazepam_Tab 500mcg,0408010F0AAABAB,4,0.949199999999998
643,A84038,Clonazepam_Tab 500mcg,0408010F0AAABAB,3,0.949199999999998
648,A84009,Clonazepam_Tab 500mcg,0408010F0AAABAB,1,0.949199999999998
647,A84030,Clonazepam_Tab 500mcg,0408010F0AAABAB,12,0.949199999999998
646,A84006,Clonazepam_Tab 500mcg,0408010F0AAABAB,3,0.949199999999998
645,A84033,Clonazepam_Tab 500mcg,0408010F0AAABAB,1,0.949199999999998
658,A84033,Clonazepam_Tab 500mcg,0408010F0AAABAB,5,0.7909999999999984
659,A84003,Clonazepam_Tab 500mcg,0408010F0AAABAB,5,0.7909999999999984
660,A84036,Clonazepam_Tab 500mcg,0408010F0AAABAB,3,0.7118999999999985
661,A84038,Clonazepam_Tab 500mcg,0408010F0AAABAB,9,0.7118999999999985
668,A84002,Clonazepam_Tab 500mcg,0408010F0AAABAB,1,0.6779999999999986
670,A84026,Clonazepam_Tab 500mcg,0408010F0AAABAB,1,0.6779999999999986
669,A84018,Clonazepam_Tab 500mcg,0408010F0AAABAB,1,0.6779999999999986
671,A84016,Clonazepam_Tab 500mcg,0408010F0AAABAB,1,0.6779999999999986
667,A84042,Clonazepam_Tab 500mcg,0408010F0AAABAB,1,0.6779999999999986
665,A84006,Clonazepam_Tab 500mcg,0408010F0AAABAB,1,0.6779999999999986
664,A84609,Clonazepam_Tab 500mcg,0408010F0AAABAB,1,0.6779999999999986
663,A84047,Clonazepam_Tab 500mcg,0408010F0AAABAB,2,0.6779999999999986
662,A84040,Clonazepam_Tab 500mcg,0408010F0AAABAB,1,0.6779999999999986
666,A84009,Clonazepam_Tab 500mcg,0408010F0AAABAB,1,0.6779999999999986
687,A84015,Clonazepam_Tab 500mcg,0408010F0AAABAB,2,0.6327999999999987
688,A84619,Clonazepam_Tab 500mcg,0408010F0AAABAB,1,0.6327999999999987
689,A84044,Clonazepam_Tab 500mcg,0408010F0AAABAB,2,0.6327999999999987
690,A84025,Clonazepam_Tab 500mcg,0408010F0AAABAB,8,0.6327999999999987
691,A84045,Clonazepam_Tab 500mcg,0408010F0AAABAB,2,0.6327999999999987
685,A84604,Clonazepam_Tab 500mcg,0408010F0AAABAB,1,0.6327999999999987
684,A84006,Clonazepam_Tab 500mcg,0408010F0AAABAB,1,0.6327999999999987
683,A84040,Clonazepam_Tab 500mcg,0408010F0AAABAB,1,0.6327999999999987
682,A84034,Clonazepam_Tab 500mcg,0408010F0AAABAB,2,0.6327999999999987
679,A84020,Clonazepam_Tab 500mcg,0408010F0AAABAB,1,0.6327999999999987
681,A84018,Clonazepam_Tab 500mcg,0408010F0AAABAB,2,0.6327999999999987
680,A84037,Clonazepam_Tab 500mcg,0408010F0AAABAB,1,0.6327999999999987
678,A84035,Clonazepam_Tab 500mcg,0408010F0AAABAB,1,0.6327999999999987
677,A84008,Clonazepam_Tab 500mcg,0408010F0AAABAB,8,0.6327999999999987
676,A84016,Clonazepam_Tab 500mcg,0408010F0AAABAB,1,0.6327999999999987
675,A84014,Clonazepam_Tab 500mcg,0408010F0AAABAB,2,0.6327999999999987
673,A84002,Clonazepam_Tab 500mcg,0408010F0AAABAB,1,0.6327999999999987
672,A84026,Clonazepam_Tab 500mcg,0408010F0AAABAB,2,0.6327999999999987
674,A84038,Clonazepam_Tab 500mcg,0408010F0AAABAB,1,0.6327999999999987
686,A84044,Clonazepam_Tab 500mcg,0408010F0AAABAB,1,0.6327999999999987
78,A84015,Paracet_Tab 500mg,0407010H0AAAMAM,109,0.6103999999999963
79,A84015,Paracet_Tab 500mg,0407010H0AAAMAM,109,0.6103999999999963
396,A84025,Atorvastatin_Tab 20mg,0212000B0AAABAB,103,0.5768000000000165
692,A84022,Clonazepam_Tab 500mcg,0408010F0AAABAB,1,0.5699999999999983
693,A84011,Clonazepam_Tab 500mcg,0408010F0AAABAB,7,0.5536999999999989
694,A84036,Clonazepam_Tab 500mcg,0408010F0AAABAB,1,0.474599999999999
695,A84026,Clonazepam_Tab 500mcg,0408010F0AAABAB,3,0.474599999999999
696,A84022,Clonazepam_Tab 500mcg,0408010F0AAABAB,5,0.3954999999999992
697,A84009,Clonazepam_Tab 500mcg,0408010F0AAABAB,2,0.348
698,A84034,Clonazepam_Tab 500mcg,0408010F0AAABAB,1,0.3389999999999993
699,A84016,Clonazepam_Tab 500mcg,0408010F0AAABAB,1,0.3389999999999993
700,A84026,Clonazepam_Tab 500mcg,0408010F0AAABAB,1,0.3389999999999993
701,A84002,Clonazepam_Tab 500mcg,0408010F0AAABAB,1,0.3389999999999993
702,A84609,Clonazepam_Tab 500mcg,0408010F0AAABAB,1,0.3389999999999993
703,A84013,Clonazepam_Tab 500mcg,0408010F0AAABAB,1,0.3389999999999993
704,A84044,Clonazepam_Tab 500mcg,0408010F0AAABAB,1,0.3389999999999993
722,A84025,Clonazepam_Tab 500mcg,0408010F0AAABAB,1,0.31639999999999935
720,A84033,Clonazepam_Tab 500mcg,0408010F0AAABAB,4,0.31639999999999935
719,A84047,Clonazepam_Tab 500mcg,0408010F0AAABAB,1,0.31639999999999935
721,A84024,Clonazepam_Tab 500mcg,0408010F0AAABAB,4,0.31639999999999935
706,A84609,Clonazepam_Tab 500mcg,0408010F0AAABAB,1,0.31639999999999935
723,A84036,Clonazepam_Tab 500mcg,0408010F0AAABAB,4,0.31639999999999935
707,A84020,Clonazepam_Tab 500mcg,0408010F0AAABAB,1,0.31639999999999935
716,A84034,Clonazepam_Tab 500mcg,0408010F0AAABAB,4,0.31639999999999935
717,A84035,Clonazepam_Tab 500mcg,0408010F0AAABAB,4,0.31639999999999935
718,A84029,Clonazepam_Tab 500mcg,0408010F0AAABAB,1,0.31639999999999935
712,A84006,Clonazepam_Tab 500mcg,0408010F0AAABAB,2,0.31639999999999935
709,A84024,Clonazepam_Tab 500mcg,0408010F0AAABAB,1,0.31639999999999935
715,A84018,Clonazepam_Tab 500mcg,0408010F0AAABAB,2,0.31639999999999935
714,A84018,Clonazepam_Tab 500mcg,0408010F0AAABAB,4,0.31639999999999935
713,A84013,Clonazepam_Tab 500mcg,0408010F0AAABAB,1,0.31639999999999935
705,A84031,Clonazepam_Tab 500mcg,0408010F0AAABAB,4,0.31639999999999935
711,A84044,Clonazepam_Tab 500mcg,0408010F0AAABAB,4,0.31639999999999935
710,A84039,Clonazepam_Tab 500mcg,0408010F0AAABAB,1,0.31639999999999935
708,A84006,Clonazepam_Tab 500mcg,0408010F0AAABAB,4,0.31639999999999935
735,A84022,Memantine HCl_Tab 20mg,0411000G0AAADAD,46,0.22539999999999977
724,A84028,Clonazepam_Tab 500mcg,0408010F0AAABAB,1,0.22199999999999998
482,A84026,Ferr Sulf_Tab 200mg,0901011P0AAACAC,35,0.19599999999999881
483,A84022,Ferr Sulf_Tab 200mg,0901011P0AAACAC,34,0.19039999999999885
736,A84036,Memantine HCl_Tab 20mg,0411000G0AAADAD,36,0.1763999999999998
726,A84043,Clonazepam_Tab 500mcg,0408010F0AAABAB,1,0.15819999999999967
727,A84016,Clonazepam_Tab 500mcg,0408010F0AAABAB,1,0.15819999999999967
725,A84034,Clonazepam_Tab 500mcg,0408010F0AAABAB,1,0.15819999999999967
729,A84014,Clonazepam_Tab 500mcg,0408010F0AAABAB,1,0.15819999999999967
728,A84036,Clonazepam_Tab 500mcg,0408010F0AAABAB,1,0.15819999999999967
80,A84043,Paracet_Tab 500mg,0407010H0AAAMAM,2,0.13439999999999985
81,A84043,Paracet_Tab 500mg,0407010H0AAAMAM,2,0.13439999999999985
484,A84038,Ferr Sulf_Tab 200mg,0901011P0AAACAC,24,0.1343999999999992
737,A84006,Memantine HCl_Tab 20mg,0411000G0AAADAD,27,0.13229999999999986
738,A84007,Memantine HCl_Tab 20mg,0411000G0AAADAD,26,0.12739999999999985
485,A84018,Ferr Sulf_Tab 200mg,0901011P0AAACAC,22,0.12319999999999925
82,A84036,Paracet_Tab 500mg,0407010H0AAAMAM,44,0.12319999999999925
83,A84036,Paracet_Tab 500mg,0407010H0AAAMAM,44,0.12319999999999925
739,A84030,Memantine HCl_Tab 20mg,0411000G0AAADAD,25,0.12249999999999986
486,A84015,Ferr Sulf_Tab 200mg,0901011P0AAACAC,21,0.11759999999999929
85,A84006,Paracet_Tab 500mg,0407010H0AAAMAM,42,0.11759999999999929
84,A84006,Paracet_Tab 500mg,0407010H0AAAMAM,42,0.11759999999999929
740,A84011,Memantine HCl_Tab 20mg,0411000G0AAADAD,23,0.11269999999999988
741,A84003,Memantine HCl_Tab 20mg,0411000G0AAADAD,22,0.10779999999999988
489,A84030,Ferr Sulf_Tab 200mg,0901011P0AAACAC,19,0.10639999999999936
488,A84037,Ferr Sulf_Tab 200mg,0901011P0AAACAC,19,0.10639999999999936
487,A84006,Ferr Sulf_Tab 200mg,0901011P0AAACAC,19,0.10639999999999936
742,A84028,Memantine HCl_Tab 20mg,0411000G0AAADAD,21,0.10289999999999988
743,A84027,Memantine HCl_Tab 20mg,0411000G0AAADAD,21,0.10289999999999988
86,A84030,Paracet_Tab 500mg,0407010H0AAAMAM,36,0.10079999999999939
87,A84030,Paracet_Tab 500mg,0407010H0AAAMAM,36,0.10079999999999939
490,A84009,Ferr Sulf_Tab 200mg,0901011P0AAACAC,17,0.09519999999999942
491,A84007,Ferr Sulf_Tab 200mg,0901011P0AAACAC,17,0.09519999999999942
744,A84024,Memantine HCl_Tab 20mg,0411000G0AAADAD,19,0.0930999999999999
492,A84038,Ferr Sulf_Tab 200mg,0901011P0AAACAC,33,0.09239999999999944
493,A84043,Ferr Sulf_Tab 200mg,0901011P0AAACAC,16,0.08959999999999946
494,A84044,Ferr Sulf_Tab 200mg,0901011P0AAACAC,16,0.08959999999999946
495,A84035,Ferr Sulf_Tab 200mg,0901011P0AAACAC,16,0.08959999999999946
88,A84027,Paracet_Tab 500mg,0407010H0AAAMAM,31,0.08679999999999947
89,A84027,Paracet_Tab 500mg,0407010H0AAAMAM,31,0.08679999999999947
91,A84018,Paracet_Tab 500mg,0407010H0AAAMAM,29,0.08119999999999951
90,A84018,Paracet_Tab 500mg,0407010H0AAAMAM,29,0.08119999999999951
496,A84011,Ferr Sulf_Tab 200mg,0901011P0AAACAC,14,0.07839999999999953
93,A84025,Paracet_Tab 500mg,0407010H0AAAMAM,26,0.07279999999999956
497,A84003,Ferr Sulf_Tab 200mg,0901011P0AAACAC,13,0.07279999999999956
498,A84034,Ferr Sulf_Tab 200mg,0901011P0AAACAC,13,0.07279999999999956
92,A84025,Paracet_Tab 500mg,0407010H0AAAMAM,26,0.07279999999999956
94,A84026,Paracet_Tab 500mg,0407010H0AAAMAM,17,0.07139999999999957
95,A84026,Paracet_Tab 500mg,0407010H0AAAMAM,17,0.07139999999999957
97,A84038,Paracet_Tab 500mg,0407010H0AAAMAM,25,0.06999999999999958
96,A84038,Paracet_Tab 500mg,0407010H0AAAMAM,25,0.06999999999999958
499,A84014,Ferr Sulf_Tab 200mg,0901011P0AAACAC,12,0.0671999999999996
99,A84034,Paracet_Tab 500mg,0407010H0AAAMAM,24,0.0671999999999996
98,A84034,Paracet_Tab 500mg,0407010H0AAAMAM,24,0.0671999999999996
100,A84030,Paracet_Tab 500mg,0407010H0AAAMAM,11,0.0659999999999996
101,A84030,Paracet_Tab 500mg,0407010H0AAAMAM,11,0.0659999999999996
102,A84015,Paracet_Tab 500mg,0407010H0AAAMAM,11,0.0659999999999996
103,A84015,Paracet_Tab 500mg,0407010H0AAAMAM,11,0.0659999999999996
500,A84026,Ferr Sulf_Tab 200mg,0901011P0AAACAC,23,0.06439999999999961
104,A84008,Paracet_Tab 500mg,0407010H0AAAMAM,23,0.06439999999999961
105,A84008,Paracet_Tab 500mg,0407010H0AAAMAM,23,0.06439999999999961
745,A84034,Memantine HCl_Tab 20mg,0411000G0AAADAD,13,0.06369999999999992
746,A84038,Memantine HCl_Tab 20mg,0411000G0AAADAD,13,0.06369999999999992
730,A84024,Clonazepam_Tab 500mcg,0408010F0AAABAB,1,0.06359999999999999
107,A84026,Paracet_Tab 500mg,0407010H0AAAMAM,22,0.06159999999999963
106,A84026,Paracet_Tab 500mg,0407010H0AAAMAM,22,0.06159999999999963
747,A84047,Memantine HCl_Tab 20mg,0411000G0AAADAD,12,0.058799999999999936
748,A84025,Memantine HCl_Tab 20mg,0411000G0AAADAD,12,0.058799999999999936
108,A84009,Paracet_Tab 500mg,0407010H0AAAMAM,21,0.058799999999999644
109,A84009,Paracet_Tab 500mg,0407010H0AAAMAM,21,0.058799999999999644
731,A84003,Clonazepam_Tab 500mcg,0408010F0AAABAB,1,0.057999999999999996
501,A84030,Ferr Sulf_Tab 200mg,0901011P0AAACAC,18,0.050399999999999695
114,A84036,Paracet_Tab 500mg,0407010H0AAAMAM,12,0.050399999999999695
113,A84045,Paracet_Tab 500mg,0407010H0AAAMAM,12,0.050399999999999695
112,A84036,Paracet_Tab 500mg,0407010H0AAAMAM,12,0.050399999999999695
115,A84028,Paracet_Tab 500mg,0407010H0AAAMAM,12,0.050399999999999695
116,A84028,Paracet_Tab 500mg,0407010H0AAAMAM,12,0.050399999999999695
111,A84022,Paracet_Tab 500mg,0407010H0AAAMAM,12,0.050399999999999695
110,A84045,Paracet_Tab 500mg,0407010H0AAAMAM,12,0.050399999999999695
117,A84022,Paracet_Tab 500mg,0407010H0AAAMAM,12,0.050399999999999695
502,A84040,Ferr Sulf_Tab 200mg,0901011P0AAACAC,9,0.050399999999999695
503,A84006,Ferr Sulf_Tab 200mg,0901011P0AAACAC,17,0.04759999999999971
118,A84015,Paracet_Tab 500mg,0407010H0AAAMAM,11,0.04619999999999972
119,A84015,Paracet_Tab 500mg,0407010H0AAAMAM,11,0.04619999999999972
506,A84005,Ferr Sulf_Tab 200mg,0901011P0AAACAC,8,0.04479999999999973
504,Y00151,Ferr Sulf_Tab 200mg,0901011P0AAACAC,8,0.04479999999999973
505,A84028,Ferr Sulf_Tab 200mg,0901011P0AAACAC,8,0.04479999999999973
120,A84043,Paracet_Tab 500mg,0407010H0AAAMAM,16,0.04479999999999973
121,A84043,Paracet_Tab 500mg,0407010H0AAAMAM,16,0.04479999999999973
749,A84020,Memantine HCl_Tab 20mg,0411000G0AAADAD,9,0.04409999999999995
732,A84036,Clonazepam_Tab 500mcg,0408010F0AAABAB,1,0.04239999999999999
128,A84003,Paracet_Tab 500mg,0407010H0AAAMAM,10,0.041999999999999746
123,A84045,Paracet_Tab 500mg,0407010H0AAAMAM,15,0.041999999999999746
508,A84011,Ferr Sulf_Tab 200mg,0901011P0AAACAC,15,0.041999999999999746
507,A84009,Ferr Sulf_Tab 200mg,0901011P0AAACAC,15,0.041999999999999746
129,A84030,Paracet_Tab 500mg,0407010H0AAAMAM,10,0.041999999999999746
124,A84025,Paracet_Tab 500mg,0407010H0AAAMAM,7,0.041999999999999746
127,A84045,Paracet_Tab 500mg,0407010H0AAAMAM,15,0.041999999999999746
126,A84030,Paracet_Tab 500mg,0407010H0AAAMAM,10,0.041999999999999746
125,A84025,Paracet_Tab 500mg,0407010H0AAAMAM,7,0.041999999999999746
122,A84003,Paracet_Tab 500mg,0407010H0AAAMAM,10,0.041999999999999746
750,A84037,Memantine HCl_Tab 20mg,0411000G0AAADAD,8,0.03919999999999996
751,A84018,Memantine HCl_Tab 20mg,0411000G0AAADAD,8,0.03919999999999996
752,A84035,Memantine HCl_Tab 20mg,0411000G0AAADAD,8,0.03919999999999996
753,A84043,Memantine HCl_Tab 20mg,0411000G0AAADAD,8,0.03919999999999996
130,A84032,Paracet_Tab 500mg,0407010H0AAAMAM,14,0.03919999999999976
131,A84032,Paracet_Tab 500mg,0407010H0AAAMAM,14,0.03919999999999976
511,A84024,Ferr Sulf_Tab 200mg,0901011P0AAACAC,7,0.03919999999999976
510,A84005,Ferr Sulf_Tab 200mg,0901011P0AAACAC,14,0.03919999999999976
509,A84034,Ferr Sulf_Tab 200mg,0901011P0AAACAC,14,0.03919999999999976
132,A84007,Paracet_Tab 500mg,0407010H0AAAMAM,9,0.03779999999999977
133,A84007,Paracet_Tab 500mg,0407010H0AAAMAM,9,0.03779999999999977
512,A84028,Ferr Sulf_Tab 200mg,0901011P0AAACAC,13,0.03639999999999978
134,A84015,Paracet_Tab 500mg,0407010H0AAAMAM,13,0.03639999999999978
135,A84015,Paracet_Tab 500mg,0407010H0AAAMAM,13,0.03639999999999978
137,A84036,Paracet_Tab 500mg,0407010H0AAAMAM,6,0.03599999999999978
136,A84036,Paracet_Tab 500mg,0407010H0AAAMAM,6,0.03599999999999978
754,A84040,Memantine HCl_Tab 20mg,0411000G0AAADAD,7,0.03429999999999996
141,A84016,Paracet_Tab 500mg,0407010H0AAAMAM,8,0.0335999999999998
140,A84016,Paracet_Tab 500mg,0407010H0AAAMAM,8,0.0335999999999998
139,A84038,Paracet_Tab 500mg,0407010H0AAAMAM,8,0.0335999999999998
138,A84038,Paracet_Tab 500mg,0407010H0AAAMAM,8,0.0335999999999998
513,A84024,Ferr Sulf_Tab 200mg,0901011P0AAACAC,12,0.0335999999999998
514,A84045,Ferr Sulf_Tab 200mg,0901011P0AAACAC,6,0.0335999999999998
147,A84020,Paracet_Tab 500mg,0407010H0AAAMAM,11,0.030799999999999814
145,A84011,Paracet_Tab 500mg,0407010H0AAAMAM,11,0.030799999999999814
146,A84011,Paracet_Tab 500mg,0407010H0AAAMAM,11,0.030799999999999814
143,A84020,Paracet_Tab 500mg,0407010H0AAAMAM,11,0.030799999999999814
144,A84005,Paracet_Tab 500mg,0407010H0AAAMAM,11,0.030799999999999814
142,A84005,Paracet_Tab 500mg,0407010H0AAAMAM,11,0.030799999999999814
148,A84047,Paracet_Tab 500mg,0407010H0AAAMAM,5,0.02999999999999982
149,A84047,Paracet_Tab 500mg,0407010H0AAAMAM,5,0.02999999999999982
515,A84039,Ferr Sulf_Tab 200mg,0901011P0AAACAC,8,0.028799999999999826
150,A84028,Paracet_Tab 500mg,0407010H0AAAMAM,10,0.02799999999999983
151,A84028,Paracet_Tab 500mg,0407010H0AAAMAM,10,0.02799999999999983
152,A84022,Paracet_Tab 500mg,0407010H0AAAMAM,10,0.02799999999999983
153,A84022,Paracet_Tab 500mg,0407010H0AAAMAM,10,0.02799999999999983
517,A84002,Ferr Sulf_Tab 200mg,0901011P0AAACAC,10,0.02799999999999983
516,A84025,Ferr Sulf_Tab 200mg,0901011P0AAACAC,5,0.02799999999999983
520,A84022,Ferr Sulf_Tab 200mg,0901011P0AAACAC,9,0.025199999999999848
522,A84047,Ferr Sulf_Tab 200mg,0901011P0AAACAC,9,0.025199999999999848
521,A84036,Ferr Sulf_Tab 200mg,0901011P0AAACAC,3,0.025199999999999848
519,A84007,Ferr Sulf_Tab 200mg,0901011P0AAACAC,9,0.025199999999999848
518,A84039,Ferr Sulf_Tab 200mg,0901011P0AAACAC,9,0.025199999999999848
755,A84033,Memantine HCl_Tab 20mg,0411000G0AAADAD,5,0.024499999999999973
757,A84029,Memantine HCl_Tab 20mg,0411000G0AAADAD,5,0.024499999999999973
756,A84014,Memantine HCl_Tab 20mg,0411000G0AAADAD,5,0.024499999999999973
154,A84011,Paracet_Tab 500mg,0407010H0AAAMAM,4,0.023999999999999855
155,A84016,Paracet_Tab 500mg,0407010H0AAAMAM,4,0.023999999999999855
156,A84011,Paracet_Tab 500mg,0407010H0AAAMAM,4,0.023999999999999855
157,A84016,Paracet_Tab 500mg,0407010H0AAAMAM,4,0.023999999999999855
526,A84016,Ferr Sulf_Tab 200mg,0901011P0AAACAC,4,0.022399999999999864
163,A84007,Paracet_Tab 500mg,0407010H0AAAMAM,8,0.022399999999999864
162,A84003,Paracet_Tab 500mg,0407010H0AAAMAM,8,0.022399999999999864
161,A84029,Paracet_Tab 500mg,0407010H0AAAMAM,8,0.022399999999999864
523,A84013,Ferr Sulf_Tab 200mg,0901011P0AAACAC,4,0.022399999999999864
524,A84039,Ferr Sulf_Tab 200mg,0901011P0AAACAC,4,0.022399999999999864
525,A84020,Ferr Sulf_Tab 200mg,0901011P0AAACAC,4,0.022399999999999864
167,A84006,Paracet_Tab 500mg,0407010H0AAAMAM,7,0.022399999999999864
527,A84003,Ferr Sulf_Tab 200mg,0901011P0AAACAC,8,0.022399999999999864
166,A84619,Paracet_Tab 500mg,0407010H0AAAMAM,4,0.022399999999999864
165,A84619,Paracet_Tab 500mg,0407010H0AAAMAM,4,0.022399999999999864
160,A84006,Paracet_Tab 500mg,0407010H0AAAMAM,7,0.022399999999999864
159,A84029,Paracet_Tab 500mg,0407010H0AAAMAM,8,0.022399999999999864
158,A84007,Paracet_Tab 500mg,0407010H0AAAMAM,8,0.022399999999999864
164,A84003,Paracet_Tab 500mg,0407010H0AAAMAM,8,0.022399999999999864
733,A84018,Clonazepam_Tab 500mcg,0408010F0AAABAB,1,0.021199999999999997
769,A84009,Memantine HCl_Tab 10mg,0411000G0AAAAAA,5,0.021000000000000116
168,A84020,Paracet_Tab 500mg,0407010H0AAAMAM,5,0.020999999999999873
169,A84008,Paracet_Tab 500mg,0407010H0AAAMAM,5,0.020999999999999873
170,A84020,Paracet_Tab 500mg,0407010H0AAAMAM,5,0.020999999999999873
171,A84008,Paracet_Tab 500mg,0407010H0AAAMAM,5,0.020999999999999873
528,A84030,Ferr Sulf_Tab 200mg,0901011P0AAACAC,5,0.01999999999999988
762,A84005,Memantine HCl_Tab 20mg,0411000G0AAADAD,4,0.01959999999999998
758,A84031,Memantine HCl_Tab 20mg,0411000G0AAADAD,4,0.01959999999999998
759,A84009,Memantine HCl_Tab 20mg,0411000G0AAADAD,4,0.01959999999999998
760,A84032,Memantine HCl_Tab 20mg,0411000G0AAADAD,4,0.01959999999999998
761,A84042,Memantine HCl_Tab 20mg,0411000G0AAADAD,4,0.01959999999999998
763,A84015,Memantine HCl_Tab 20mg,0411000G0AAADAD,4,0.01959999999999998
173,A84039,Paracet_Tab 500mg,0407010H0AAAMAM,7,0.01959999999999988
174,A84044,Paracet_Tab 500mg,0407010H0AAAMAM,7,0.01959999999999988
175,A84039,Paracet_Tab 500mg,0407010H0AAAMAM,7,0.01959999999999988
176,A84024,Paracet_Tab 500mg,0407010H0AAAMAM,7,0.01959999999999988
177,A84024,Paracet_Tab 500mg,0407010H0AAAMAM,7,0.01959999999999988
172,A84044,Paracet_Tab 500mg,0407010H0AAAMAM,7,0.01959999999999988
529,A84604,Ferr Sulf_Tab 200mg,0901011P0AAACAC,7,0.01959999999999988
530,A84045,Ferr Sulf_Tab 200mg,0901011P0AAACAC,7,0.01959999999999988
181,A84038,Paracet_Tab 500mg,0407010H0AAAMAM,4,0.019200000000000217
178,A84036,Paracet_Tab 500mg,0407010H0AAAMAM,4,0.019200000000000217
179,A84036,Paracet_Tab 500mg,0407010H0AAAMAM,4,0.019200000000000217
180,A84038,Paracet_Tab 500mg,0407010H0AAAMAM,4,0.019200000000000217
182,A84007,Paracet_Tab 500mg,0407010H0AAAMAM,3,0.01799999999999989
185,A84007,Paracet_Tab 500mg,0407010H0AAAMAM,3,0.01799999999999989
184,A84003,Paracet_Tab 500mg,0407010H0AAAMAM,3,0.01799999999999989
183,A84003,Paracet_Tab 500mg,0407010H0AAAMAM,3,0.01799999999999989
532,A84014,Ferr Sulf_Tab 200mg,0901011P0AAACAC,3,0.017999999999999267
531,A84006,Ferr Sulf_Tab 200mg,0901011P0AAACAC,1,0.017999999999999267
770,A84036,Memantine HCl_Tab 10mg,0411000G0AAAAAA,4,0.016800000000000093
187,A84006,Paracet_Tab 500mg,0407010H0AAAMAM,4,0.0167999999999999
197,A84009,Paracet_Tab 500mg,0407010H0AAAMAM,4,0.0167999999999999
534,A84033,Ferr Sulf_Tab 200mg,0901011P0AAACAC,3,0.0167999999999999
203,A84035,Paracet_Tab 500mg,0407010H0AAAMAM,4,0.0167999999999999
202,A84009,Paracet_Tab 500mg,0407010H0AAAMAM,4,0.0167999999999999
186,A84002,Paracet_Tab 500mg,0407010H0AAAMAM,4,0.0167999999999999
201,A84035,Paracet_Tab 500mg,0407010H0AAAMAM,4,0.0167999999999999
200,A84614,Paracet_Tab 500mg,0407010H0AAAMAM,4,0.0167999999999999
199,A84006,Paracet_Tab 500mg,0407010H0AAAMAM,4,0.0167999999999999
198,A84013,Paracet_Tab 500mg,0407010H0AAAMAM,4,0.0167999999999999
191,A84043,Paracet_Tab 500mg,0407010H0AAAMAM,4,0.0167999999999999
196,A84013,Paracet_Tab 500mg,0407010H0AAAMAM,4,0.0167999999999999
195,A84047,Paracet_Tab 500mg,0407010H0AAAMAM,4,0.0167999999999999
194,A84614,Paracet_Tab 500mg,0407010H0AAAMAM,4,0.0167999999999999
533,A84047,Ferr Sulf_Tab 200mg,0901011P0AAACAC,3,0.0167999999999999
193,A84047,Paracet_Tab 500mg,0407010H0AAAMAM,4,0.0167999999999999
188,A84047,Paracet_Tab 500mg,0407010H0AAAMAM,6,0.0167999999999999
189,A84002,Paracet_Tab 500mg,0407010H0AAAMAM,4,0.0167999999999999
190,A84043,Paracet_Tab 500mg,0407010H0AAAMAM,4,0.0167999999999999
192,A84047,Paracet_Tab 500mg,0407010H0AAAMAM,6,0.0167999999999999
836,A84038,Rosuvastatin Calc_Tab 5mg,0212000AAAAADAD,4,0.015600000000000003
535,A84008,Ferr Sulf_Tab 200mg,0901011P0AAACAC,5,0.013999999999999915
536,A84027,Ferr Sulf_Tab 200mg,0901011P0AAACAC,5,0.013999999999999915
537,A84014,Ferr Sulf_Tab 200mg,0901011P0AAACAC,5,0.013999999999999915
397,A84033,Atorvastatin_Tab 20mg,0212000B0AAABAB,3,0.013200000000000045
771,A84036,Memantine HCl_Tab 10mg,0411000G0AAAAAA,3,0.012600000000000361
772,A84016,Memantine HCl_Tab 10mg,0411000G0AAAAAA,3,0.01260000000000007
206,A84033,Paracet_Tab 500mg,0407010H0AAAMAM,3,0.012599999999999924
205,A84034,Paracet_Tab 500mg,0407010H0AAAMAM,3,0.012599999999999924
204,A84034,Paracet_Tab 500mg,0407010H0AAAMAM,3,0.012599999999999924
207,A84033,Paracet_Tab 500mg,0407010H0AAAMAM,3,0.012599999999999924
221,A84014,Paracet_Tab 500mg,0407010H0AAAMAM,2,0.011999999999999927
222,A84028,Paracet_Tab 500mg,0407010H0AAAMAM,2,0.011999999999999927
218,A84035,Paracet_Tab 500mg,0407010H0AAAMAM,2,0.011999999999999927
216,A84043,Paracet_Tab 500mg,0407010H0AAAMAM,2,0.011999999999999927
215,A84018,Paracet_Tab 500mg,0407010H0AAAMAM,2,0.011999999999999927
214,A84020,Paracet_Tab 500mg,0407010H0AAAMAM,2,0.011999999999999927
213,A84014,Paracet_Tab 500mg,0407010H0AAAMAM,2,0.011999999999999927
212,A84619,Paracet_Tab 500mg,0407010H0AAAMAM,2,0.011999999999999927
210,A84040,Paracet_Tab 500mg,0407010H0AAAMAM,2,0.011999999999999927
219,A84028,Paracet_Tab 500mg,0407010H0AAAMAM,2,0.011999999999999927
220,A84040,Paracet_Tab 500mg,0407010H0AAAMAM,2,0.011999999999999927
211,A84619,Paracet_Tab 500mg,0407010H0AAAMAM,2,0.011999999999999927
208,A84009,Paracet_Tab 500mg,0407010H0AAAMAM,2,0.011999999999999927
209,A84035,Paracet_Tab 500mg,0407010H0AAAMAM,2,0.011999999999999927
217,A84018,Paracet_Tab 500mg,0407010H0AAAMAM,2,0.011999999999999927
225,A84043,Paracet_Tab 500mg,0407010H0AAAMAM,2,0.011999999999999927
224,A84009,Paracet_Tab 500mg,0407010H0AAAMAM,2,0.011999999999999927
223,A84020,Paracet_Tab 500mg,0407010H0AAAMAM,2,0.011999999999999927
539,A84032,Ferr Sulf_Tab 200mg,0901011P0AAACAC,2,0.011999999999999511
538,A84002,Ferr Sulf_Tab 200mg,0901011P0AAACAC,1,0.011999999999999511
542,A84018,Ferr Sulf_Tab 200mg,0901011P0AAACAC,4,0.011199999999999932
540,A84040,Ferr Sulf_Tab 200mg,0901011P0AAACAC,4,0.011199999999999932
541,A84037,Ferr Sulf_Tab 200mg,0901011P0AAACAC,4,0.011199999999999932
232,A84016,Paracet_Tab 500mg,0407010H0AAAMAM,4,0.011199999999999932
226,A84037,Paracet_Tab 500mg,0407010H0AAAMAM,4,0.011199999999999932
231,A84047,Paracet_Tab 500mg,0407010H0AAAMAM,8,0.011199999999999932
234,A84027,Paracet_Tab 500mg,0407010H0AAAMAM,8,0.011199999999999932
235,A84614,Paracet_Tab 500mg,0407010H0AAAMAM,8,0.011199999999999932
236,A84040,Paracet_Tab 500mg,0407010H0AAAMAM,4,0.011199999999999932
237,A84040,Paracet_Tab 500mg,0407010H0AAAMAM,4,0.011199999999999932
238,A84027,Paracet_Tab 500mg,0407010H0AAAMAM,8,0.011199999999999932
239,A84614,Paracet_Tab 500mg,0407010H0AAAMAM,4,0.011199999999999932
227,A84037,Paracet_Tab 500mg,0407010H0AAAMAM,4,0.011199999999999932
228,A84614,Paracet_Tab 500mg,0407010H0AAAMAM,8,0.011199999999999932
233,A84047,Paracet_Tab 500mg,0407010H0AAAMAM,8,0.011199999999999932
229,A84016,Paracet_Tab 500mg,0407010H0AAAMAM,4,0.011199999999999932
230,A84614,Paracet_Tab 500mg,0407010H0AAAMAM,4,0.011199999999999932
774,A84011,Memantine HCl_Tab 10mg,0411000G0AAAAAA,2,0.00840000000000024
773,A84003,Memantine HCl_Tab 10mg,0411000G0AAAAAA,2,0.00840000000000024
777,A84024,Memantine HCl_Tab 10mg,0411000G0AAAAAA,2,0.008400000000000046
775,A84022,Memantine HCl_Tab 10mg,0411000G0AAAAAA,2,0.008400000000000046
776,A84018,Memantine HCl_Tab 10mg,0411000G0AAAAAA,2,0.008400000000000046
249,A84009,Paracet_Tab 500mg,0407010H0AAAMAM,6,0.00839999999999995
248,A84022,Paracet_Tab 500mg,0407010H0AAAMAM,4,0.00839999999999995
252,A84042,Paracet_Tab 500mg,0407010H0AAAMAM,3,0.00839999999999995
251,A84027,Paracet_Tab 500mg,0407010H0AAAMAM,2,0.00839999999999995
250,A84014,Paracet_Tab 500mg,0407010H0AAAMAM,3,0.00839999999999995
240,A84024,Paracet_Tab 500mg,0407010H0AAAMAM,2,0.00839999999999995
241,A84619,Paracet_Tab 500mg,0407010H0AAAMAM,3,0.00839999999999995
242,A84009,Paracet_Tab 500mg,0407010H0AAAMAM,6,0.00839999999999995
243,A84024,Paracet_Tab 500mg,0407010H0AAAMAM,2,0.00839999999999995
244,A84022,Paracet_Tab 500mg,0407010H0AAAMAM,4,0.00839999999999995
245,A84619,Paracet_Tab 500mg,0407010H0AAAMAM,3,0.00839999999999995
253,A84014,Paracet_Tab 500mg,0407010H0AAAMAM,3,0.00839999999999995
546,A84043,Ferr Sulf_Tab 200mg,0901011P0AAACAC,3,0.00839999999999995
545,A84015,Ferr Sulf_Tab 200mg,0901011P0AAACAC,3,0.00839999999999995
544,A84032,Ferr Sulf_Tab 200mg,0901011P0AAACAC,3,0.00839999999999995
543,A84036,Ferr Sulf_Tab 200mg,0901011P0AAACAC,3,0.00839999999999995
246,A84027,Paracet_Tab 500mg,0407010H0AAAMAM,2,0.00839999999999995
247,A84042,Paracet_Tab 500mg,0407010H0AAAMAM,3,0.00839999999999995
398,A84030,Atorvastatin_Tab 20mg,0212000B0AAABAB,1,0.008100000000000232
257,A84026,Paracet_Tab 500mg,0407010H0AAAMAM,5,0.006999999999999958
255,A84007,Paracet_Tab 500mg,0407010H0AAAMAM,5,0.006999999999999958
254,A84007,Paracet_Tab 500mg,0407010H0AAAMAM,5,0.006999999999999958
256,A84026,Paracet_Tab 500mg,0407010H0AAAMAM,5,0.006999999999999958
547,A84006,Ferr Sulf_Tab 200mg,0901011P0AAACAC,2,0.006399999999999961
259,A84009,Paracet_Tab 500mg,0407010H0AAAMAM,3,0.006299999999999962
258,A84009,Paracet_Tab 500mg,0407010H0AAAMAM,3,0.006299999999999962
548,Y00151,Ferr Sulf_Tab 200mg,0901011P0AAACAC,1,0.006299999999999743
399,A84024,Atorvastatin_Tab 20mg,0212000B0AAABAB,1,0.006000000000000172
263,A84014,Paracet_Tab 500mg,0407010H0AAAMAM,2,0.005999999999999964
264,A84032,Paracet_Tab 500mg,0407010H0AAAMAM,1,0.005999999999999964
262,A84038,Paracet_Tab 500mg,0407010H0AAAMAM,1,0.005999999999999964
261,A84005,Paracet_Tab 500mg,0407010H0AAAMAM,1,0.005999999999999964
265,A84014,Paracet_Tab 500mg,0407010H0AAAMAM,2,0.005999999999999964
266,A84005,Paracet_Tab 500mg,0407010H0AAAMAM,1,0.005999999999999964
267,A84032,Paracet_Tab 500mg,0407010H0AAAMAM,1,0.005999999999999964
260,A84038,Paracet_Tab 500mg,0407010H0AAAMAM,1,0.005999999999999964
472,A84003,Betahistine HCl_Tab 16mg,0406000B0AAABAB,2,0.0059999999999997555
551,A84038,Ferr Sulf_Tab 200mg,0901011P0AAACAC,1,0.0059999999999997555
549,A84002,Ferr Sulf_Tab 200mg,0901011P0AAACAC,1,0.0059999999999997555
550,A84025,Ferr Sulf_Tab 200mg,0901011P0AAACAC,1,0.0059999999999997555
552,A84009,Ferr Sulf_Tab 200mg,0901011P0AAACAC,1,0.0059999999999997555
553,A84028,Ferr Sulf_Tab 200mg,0901011P0AAACAC,1,0.0059999999999997555
554,A84015,Ferr Sulf_Tab 200mg,0901011P0AAACAC,1,0.0059999999999997555
268,Y00661,Paracet_Tab 500mg,0407010H0AAAMAM,1,0.005599999999999994
269,Y00661,Paracet_Tab 500mg,0407010H0AAAMAM,1,0.005599999999999994
271,A84013,Paracet_Tab 500mg,0407010H0AAAMAM,4,0.005599999999999966
270,A84032,Paracet_Tab 500mg,0407010H0AAAMAM,4,0.005599999999999966
272,A84018,Paracet_Tab 500mg,0407010H0AAAMAM,4,0.005599999999999966
273,A84033,Paracet_Tab 500mg,0407010H0AAAMAM,2,0.005599999999999966
555,A84604,Ferr Sulf_Tab 200mg,0901011P0AAACAC,1,0.005599999999999966
274,A84032,Paracet_Tab 500mg,0407010H0AAAMAM,4,0.005599999999999966
275,A84013,Paracet_Tab 500mg,0407010H0AAAMAM,4,0.005599999999999966
276,A84033,Paracet_Tab 500mg,0407010H0AAAMAM,2,0.005599999999999966
277,A84018,Paracet_Tab 500mg,0407010H0AAAMAM,4,0.005599999999999966
556,A84031,Ferr Sulf_Tab 200mg,0901011P0AAACAC,1,0.0051999999999999685
401,A84036,Atorvastatin_Tab 20mg,0212000B0AAABAB,1,0.005000000000000143
400,A84030,Atorvastatin_Tab 20mg,0212000B0AAABAB,1,0.005000000000000143
764,A84044,Memantine HCl_Tab 20mg,0411000G0AAADAD,1,0.004899999999999995
278,A84025,Paracet_Tab 500mg,0407010H0AAAMAM,1,0.004800000000000054
279,A84025,Paracet_Tab 500mg,0407010H0AAAMAM,1,0.004800000000000054
837,A84038,Rosuvastatin Calc_Tab 5mg,0212000AAAAADAD,1,0.004799999999999804
420,Y00661,Prednisolone_Tab Solb 5mg,0603020T0AABHBH,1,0.004499999999999504
402,A84005,Atorvastatin_Tab 20mg,0212000B0AAABAB,1,0.004400000000000015
783,A84614,Memantine HCl_Tab 10mg,0411000G0AAAAAA,1,0.00420000000000012
778,A84014,Memantine HCl_Tab 10mg,0411000G0AAAAAA,1,0.00420000000000012
779,A84007,Memantine HCl_Tab 10mg,0411000G0AAAAAA,1,0.00420000000000012
780,A84039,Memantine HCl_Tab 10mg,0411000G0AAAAAA,1,0.00420000000000012
781,Y00151,Memantine HCl_Tab 10mg,0411000G0AAAAAA,1,0.00420000000000012
788,A84031,Memantine HCl_Tab 10mg,0411000G0AAAAAA,1,0.00420000000000012
787,A84038,Memantine HCl_Tab 10mg,0411000G0AAAAAA,1,0.00420000000000012
786,A84028,Memantine HCl_Tab 10mg,0411000G0AAAAAA,1,0.00420000000000012
785,A84005,Memantine HCl_Tab 10mg,0411000G0AAAAAA,1,0.00420000000000012
784,A84043,Memantine HCl_Tab 10mg,0411000G0AAAAAA,1,0.00420000000000012
782,A84030,Memantine HCl_Tab 10mg,0411000G0AAAAAA,1,0.00420000000000012
789,A84045,Memantine HCl_Tab 10mg,0411000G0AAAAAA,1,0.004200000000000023
790,A84005,Memantine HCl_Tab 10mg,0411000G0AAAAAA,1,0.004200000000000023
791,A84020,Memantine HCl_Tab 10mg,0411000G0AAAAAA,1,0.004200000000000023
792,A84037,Memantine HCl_Tab 10mg,0411000G0AAAAAA,1,0.004200000000000023
793,A84033,Memantine HCl_Tab 10mg,0411000G0AAAAAA,1,0.004200000000000023
794,A84044,Memantine HCl_Tab 10mg,0411000G0AAAAAA,1,0.004200000000000023
285,A84018,Paracet_Tab 500mg,0407010H0AAAMAM,1,0.004199999999999975
284,A84037,Paracet_Tab 500mg,0407010H0AAAMAM,1,0.004199999999999975
283,A84036,Paracet_Tab 500mg,0407010H0AAAMAM,3,0.004199999999999975
282,A84037,Paracet_Tab 500mg,0407010H0AAAMAM,1,0.004199999999999975
281,A84036,Paracet_Tab 500mg,0407010H0AAAMAM,3,0.004199999999999975
280,A84018,Paracet_Tab 500mg,0407010H0AAAMAM,1,0.004199999999999975
843,A84033,Rosuvastatin Calc_Tab 5mg,0212000AAAAADAD,1,0.004199999999999926
841,A84007,Rosuvastatin Calc_Tab 5mg,0212000AAAAADAD,1,0.004199999999999926
840,A84011,Rosuvastatin Calc_Tab 5mg,0212000AAAAADAD,1,0.004199999999999926
839,A84040,Rosuvastatin Calc_Tab 5mg,0212000AAAAADAD,1,0.004199999999999926
838,A84045,Rosuvastatin Calc_Tab 5mg,0212000AAAAADAD,1,0.004199999999999926
842,A84026,Rosuvastatin Calc_Tab 5mg,0212000AAAAADAD,1,0.004199999999999926
844,A84031,Rosuvastatin Calc_Tab 5mg,0212000AAAAADAD,1,0.0041999999999995374
289,A84035,Paracet_Tab 500mg,0407010H0AAAMAM,1,0.0040000000000000105
288,A84030,Paracet_Tab 500mg,0407010H0AAAMAM,1,0.0040000000000000105
287,A84035,Paracet_Tab 500mg,0407010H0AAAMAM,1,0.0040000000000000105
286,A84030,Paracet_Tab 500mg,0407010H0AAAMAM,1,0.0040000000000000105
845,A84026,Rosuvastatin Calc_Tab 5mg,0212000AAAAADAD,1,0.003799999999999845
403,A84020,Atorvastatin_Tab 20mg,0212000B0AAABAB,1,0.00360000000000002
421,A84007,Prednisolone_Tab Solb 5mg,0603020T0AABHBH,1,0.0035999999999996035
846,A84038,Rosuvastatin Calc_Tab 5mg,0212000AAAAADAD,1,0.0031999999999998696
290,A84036,Paracet_Tab 500mg,0407010H0AAAMAM,1,0.002999999999999982
298,Y00661,Paracet_Tab 500mg,0407010H0AAAMAM,1,0.002999999999999982
296,A84047,Paracet_Tab 500mg,0407010H0AAAMAM,1,0.002999999999999982
295,Y00661,Paracet_Tab 500mg,0407010H0AAAMAM,1,0.002999999999999982
299,A84047,Paracet_Tab 500mg,0407010H0AAAMAM,1,0.002999999999999982
294,A84015,Paracet_Tab 500mg,0407010H0AAAMAM,1,0.002999999999999982
297,A84015,Paracet_Tab 500mg,0407010H0AAAMAM,1,0.002999999999999982
291,A84044,Paracet_Tab 500mg,0407010H0AAAMAM,1,0.002999999999999982
293,A84036,Paracet_Tab 500mg,0407010H0AAAMAM,1,0.002999999999999982
292,A84044,Paracet_Tab 500mg,0407010H0AAAMAM,1,0.002999999999999982
301,A84022,Paracet_Tab 500mg,0407010H0AAAMAM,2,0.002799999999999983
300,A84013,Paracet_Tab 500mg,0407010H0AAAMAM,1,0.002799999999999983
304,A84028,Paracet_Tab 500mg,0407010H0AAAMAM,2,0.002799999999999983
557,A84035,Ferr Sulf_Tab 200mg,0901011P0AAACAC,1,0.002799999999999983
302,A84013,Paracet_Tab 500mg,0407010H0AAAMAM,1,0.002799999999999983
303,A84028,Paracet_Tab 500mg,0407010H0AAAMAM,2,0.002799999999999983
305,A84022,Paracet_Tab 500mg,0407010H0AAAMAM,2,0.002799999999999983
422,A84022,Prednisolone_Tab Solb 5mg,0603020T0AABHBH,1,0.0025999999999999357
558,A84003,Ferr Sulf_Tab 200mg,0901011P0AAACAC,1,0.0023999999999999855
307,A84002,Paracet_Tab 500mg,0407010H0AAAMAM,1,0.0020999999999999873
306,A84002,Paracet_Tab 500mg,0407010H0AAAMAM,1,0.0020999999999999873
404,A84006,Atorvastatin_Tab 20mg,0212000B0AAABAB,1,0.0020000000000000573
559,A84022,Ferr Sulf_Tab 200mg,0901011P0AAACAC,5,0.001999999999999988
560,A84024,Ferr Sulf_Tab 200mg,0901011P0AAACAC,1,0.0015999999999999903
847,A84028,Rosuvastatin Calc_Tab 5mg,0212000AAAAADAD,1,0.0015999999999999348
848,A84020,Rosuvastatin Calc_Tab 5mg,0212000AAAAADAD,1,0.0015999999999999348
849,A84045,Rosuvastatin Calc_Tab 5mg,0212000AAAAADAD,1,0.0015999999999999348
561,A84005,Ferr Sulf_Tab 200mg,0901011P0AAACAC,1,0.0003999999999999976
423,Y00661,Prednisolone_Tab Solb 5mg,0603020T0AABHBH,1,-0.0011999999999998678
795,A84025,Memantine HCl_Tab 10mg,0411000G0AAAAAA,1,-0.0011999999999999927
405,A84015,Atorvastatin_Tab 20mg,0212000B0AAABAB,1,-0.0013999999999999985
406,A84024,Atorvastatin_Tab 20mg,0212000B0AAABAB,1,-0.0013999999999999985
407,A84619,Atorvastatin_Tab 20mg,0212000B0AAABAB,1,-0.0014999999999999389
408,A84036,Atorvastatin_Tab 20mg,0212000B0AAABAB,1,-0.0015999999999999348
409,A84022,Atorvastatin_Tab 20mg,0212000B0AAABAB,1,-0.0015999999999999348
796,A84006,Memantine HCl_Tab 10mg,0411000G0AAAAAA,1,-0.0015999999999999903
308,A84040,Paracet_Tab 500mg,0407010H0AAAMAM,1,-0.001999999999999988
309,A84040,Paracet_Tab 500mg,0407010H0AAAMAM,1,-0.001999999999999988
562,A84035,Ferr Sulf_Tab 200mg,0901011P0AAACAC,1,-0.00210000000000006
563,A84011,Ferr Sulf_Tab 200mg,0901011P0AAACAC,1,-0.00210000000000006
424,A84022,Prednisolone_Tab Solb 5mg,0603020T0AABHBH,1,-0.0023999999999997357
425,A84007,Prednisolone_Tab Solb 5mg,0603020T0AABHBH,1,-0.0023999999999997357
426,A84044,Prednisolone_Tab Solb 5mg,0603020T0AABHBH,1,-0.0023999999999997357
427,A84006,Prednisolone_Tab Solb 5mg,0603020T0AABHBH,1,-0.0023999999999997357
428,A84040,Prednisolone_Tab Solb 5mg,0603020T0AABHBH,1,-0.0023999999999997357
311,A84015,Paracet_Tab 500mg,0407010H0AAAMAM,1,-0.0023999999999999994
310,A84015,Paracet_Tab 500mg,0407010H0AAAMAM,1,-0.0023999999999999994
429,Y00661,Prednisolone_Tab Solb 5mg,0603020T0AABHBH,1,-0.0024999999999997247
431,A84043,Prednisolone_Tab Solb 5mg,0603020T0AABHBH,1,-0.0027999999999996916
430,A84026,Prednisolone_Tab Solb 5mg,0603020T0AABHBH,1,-0.0027999999999996916
797,A84033,Memantine HCl_Tab 10mg,0411000G0AAAAAA,1,-0.002799999999999983
410,A84619,Atorvastatin_Tab 20mg,0212000B0AAABAB,1,-0.0029999999999998778
411,A84027,Atorvastatin_Tab 20mg,0212000B0AAABAB,1,-0.0029999999999998778
765,A84009,Memantine HCl_Tab 20mg,0411000G0AAADAD,1,-0.002999999999999947
412,A84028,Atorvastatin_Tab 20mg,0212000B0AAABAB,1,-0.0033999999999999794
433,A84044,Prednisolone_Tab Solb 5mg,0603020T0AABHBH,1,-0.0035999999999996035
432,Y00661,Prednisolone_Tab Solb 5mg,0603020T0AABHBH,1,-0.0035999999999996035
766,A84028,Memantine HCl_Tab 20mg,0411000G0AAADAD,1,-0.0035999999999999782
850,A84036,Rosuvastatin Calc_Tab 5mg,0212000AAAAADAD,1,-0.003600000000000103
851,A84040,Rosuvastatin Calc_Tab 5mg,0212000AAAAADAD,1,-0.003600000000000103
852,A84006,Rosuvastatin Calc_Tab 5mg,0212000AAAAADAD,1,-0.003600000000000103
853,A84045,Rosuvastatin Calc_Tab 5mg,0212000AAAAADAD,1,-0.003600000000000103
434,A84043,Prednisolone_Tab Solb 5mg,0603020T0AABHBH,1,-0.0039999999999995595
414,A84028,Atorvastatin_Tab 20mg,0212000B0AAABAB,1,-0.003999999999999976
413,A84005,Atorvastatin_Tab 20mg,0212000B0AAABAB,1,-0.003999999999999976
312,A84035,Paracet_Tab 500mg,0407010H0AAAMAM,1,-0.003999999999999976
313,A84035,Paracet_Tab 500mg,0407010H0AAAMAM,1,-0.003999999999999976
435,A84011,Prednisolone_Tab Solb 5mg,0603020T0AABHBH,1,-0.0041999999999995374
436,A84038,Prednisolone_Tab Solb 5mg,0603020T0AABHBH,1,-0.0041999999999995374
415,A84043,Atorvastatin_Tab 20mg,0212000B0AAABAB,1,-0.004199999999999995
564,A84024,Ferr Sulf_Tab 200mg,0901011P0AAACAC,2,-0.00420000000000012
565,A84028,Ferr Sulf_Tab 200mg,0901011P0AAACAC,1,-0.004500000000000025
439,A84011,Prednisolone_Tab Solb 5mg,0603020T0AABHBH,1,-0.004799999999999471
440,A84043,Prednisolone_Tab Solb 5mg,0603020T0AABHBH,1,-0.004799999999999471
438,A84619,Prednisolone_Tab Solb 5mg,0603020T0AABHBH,1,-0.004799999999999471
437,Y00661,Prednisolone_Tab Solb 5mg,0603020T0AABHBH,1,-0.004799999999999471
441,A84024,Prednisolone_Tab Solb 5mg,0603020T0AABHBH,1,-0.0047999999999999154
442,A84025,Prednisolone_Tab Solb 5mg,0603020T0AABHBH,1,-0.0047999999999999154
443,A84002,Prednisolone_Tab Solb 5mg,0603020T0AABHBH,1,-0.0047999999999999154
444,A84007,Prednisolone_Tab Solb 5mg,0603020T0AABHBH,1,-0.0047999999999999154
446,A84039,Prednisolone_Tab Solb 5mg,0603020T0AABHBH,2,-0.005599999999999383
445,A84006,Prednisolone_Tab Solb 5mg,0603020T0AABHBH,2,-0.005599999999999383
799,A84037,Memantine HCl_Tab 10mg,0411000G0AAAAAA,2,-0.005599999999999966
798,A84007,Memantine HCl_Tab 10mg,0411000G0AAAAAA,2,-0.005599999999999966
566,A84045,Ferr Sulf_Tab 200mg,0901011P0AAACAC,3,-0.0063000000000001805
447,A84038,Prednisolone_Tab Solb 5mg,0603020T0AABHBH,2,-0.007999999999999119
800,A84024,Memantine HCl_Tab 10mg,0411000G0AAAAAA,5,-0.007999999999999952
314,A84020,Paracet_Tab 500mg,0407010H0AAAMAM,2,-0.007999999999999952
315,A84020,Paracet_Tab 500mg,0407010H0AAAMAM,2,-0.007999999999999952
854,A84044,Rosuvastatin Calc_Tab 5mg,0212000AAAAADAD,3,-0.00840000000000024
567,A84008,Ferr Sulf_Tab 200mg,0901011P0AAACAC,4,-0.00840000000000024
568,A84013,Ferr Sulf_Tab 200mg,0901011P0AAACAC,4,-0.00840000000000024
569,A84037,Ferr Sulf_Tab 200mg,0901011P0AAACAC,4,-0.00840000000000024
570,A84029,Ferr Sulf_Tab 200mg,0901011P0AAACAC,4,-0.00840000000000024
571,Y00151,Ferr Sulf_Tab 200mg,0901011P0AAACAC,5,-0.0105000000000003
448,A84009,Prednisolone_Tab Solb 5mg,0603020T0AABHBH,3,-0.01079999999999881
807,A84003,Memantine HCl_Tab 10mg,0411000G0AAAAAA,4,-0.011199999999999932
808,A84043,Memantine HCl_Tab 10mg,0411000G0AAAAAA,4,-0.011199999999999932
804,A84018,Memantine HCl_Tab 10mg,0411000G0AAAAAA,4,-0.011199999999999932
806,A84028,Memantine HCl_Tab 10mg,0411000G0AAAAAA,4,-0.011199999999999932
805,A84020,Memantine HCl_Tab 10mg,0411000G0AAAAAA,4,-0.011199999999999932
803,A84009,Memantine HCl_Tab 10mg,0411000G0AAAAAA,4,-0.011199999999999932
802,A84035,Memantine HCl_Tab 10mg,0411000G0AAAAAA,4,-0.011199999999999932
801,A84014,Memantine HCl_Tab 10mg,0411000G0AAAAAA,4,-0.011199999999999932
857,A84030,Rosuvastatin Calc_Tab 5mg,0212000AAAAADAD,4,-0.01120000000000032
855,A84045,Rosuvastatin Calc_Tab 5mg,0212000AAAAADAD,4,-0.01120000000000032
856,A84038,Rosuvastatin Calc_Tab 5mg,0212000AAAAADAD,4,-0.01120000000000032
858,A84036,Rosuvastatin Calc_Tab 5mg,0212000AAAAADAD,4,-0.01120000000000032
317,A84006,Paracet_Tab 500mg,0407010H0AAAMAM,3,-0.011399999999999931
316,A84006,Paracet_Tab 500mg,0407010H0AAAMAM,3,-0.011399999999999931
828,A84006,Mesalazine_Tab E/C 400mg,0105010B0AAAAAA,1,-0.011999999999998678
416,A84033,Atorvastatin_Tab 20mg,0212000B0AAABAB,3,-0.012599999999999986
811,A84008,Memantine HCl_Tab 10mg,0411000G0AAAAAA,5,-0.013999999999999915
810,A84038,Memantine HCl_Tab 10mg,0411000G0AAAAAA,5,-0.013999999999999915
809,A84002,Memantine HCl_Tab 10mg,0411000G0AAAAAA,5,-0.013999999999999915
318,A84024,Paracet_Tab 500mg,0407010H0AAAMAM,3,-0.014399999999999913
319,A84024,Paracet_Tab 500mg,0407010H0AAAMAM,3,-0.014399999999999913
573,A84036,Ferr Sulf_Tab 200mg,0901011P0AAACAC,8,-0.01680000000000048
574,A84033,Ferr Sulf_Tab 200mg,0901011P0AAACAC,8,-0.01680000000000048
572,A84039,Ferr Sulf_Tab 200mg,0901011P0AAACAC,8,-0.01680000000000048
859,A84011,Rosuvastatin Calc_Tab 5mg,0212000AAAAADAD,4,-0.01760000000000006
473,A84005,Betahistine HCl_Tab 16mg,0406000B0AAABAB,1,-0.018000000000000516
575,A84003,Ferr Sulf_Tab 200mg,0901011P0AAACAC,9,-0.01890000000000054
576,A84002,Ferr Sulf_Tab 200mg,0901011P0AAACAC,9,-0.01890000000000054
321,A84011,Paracet_Tab 500mg,0407010H0AAAMAM,4,-0.019199999999999884
320,A84011,Paracet_Tab 500mg,0407010H0AAAMAM,4,-0.019199999999999884
813,A84006,Memantine HCl_Tab 10mg,0411000G0AAAAAA,7,-0.01959999999999988
812,A84025,Memantine HCl_Tab 10mg,0411000G0AAAAAA,7,-0.01959999999999988
814,A84045,Memantine HCl_Tab 10mg,0411000G0AAAAAA,8,-0.022399999999999864
815,A84024,Memantine HCl_Tab 10mg,0411000G0AAAAAA,8,-0.022399999999999864
860,A84007,Rosuvastatin Calc_Tab 5mg,0212000AAAAADAD,8,-0.02240000000000064
861,A84026,Rosuvastatin Calc_Tab 5mg,0212000AAAAADAD,8,-0.02240000000000064
862,A84006,Rosuvastatin Calc_Tab 5mg,0212000AAAAADAD,8,-0.02240000000000064
577,A84604,Ferr Sulf_Tab 200mg,0901011P0AAACAC,11,-0.02310000000000066
580,A84028,Ferr Sulf_Tab 200mg,0901011P0AAACAC,12,-0.025200000000000722
581,A84026,Ferr Sulf_Tab 200mg,0901011P0AAACAC,12,-0.025200000000000722
578,A84047,Ferr Sulf_Tab 200mg,0901011P0AAACAC,12,-0.025200000000000722
579,A84032,Ferr Sulf_Tab 200mg,0901011P0AAACAC,12,-0.025200000000000722
582,A84014,Ferr Sulf_Tab 200mg,0901011P0AAACAC,13,-0.027300000000000782
583,A84005,Ferr Sulf_Tab 200mg,0901011P0AAACAC,14,-0.029400000000000842
584,A84040,Ferr Sulf_Tab 200mg,0901011P0AAACAC,15,-0.0315000000000009
323,A84609,Paracet_Tab 500mg,0407010H0AAAMAM,7,-0.03919999999999976
322,A84609,Paracet_Tab 500mg,0407010H0AAAMAM,7,-0.03919999999999976
585,A84043,Ferr Sulf_Tab 200mg,0901011P0AAACAC,21,-0.04410000000000126
817,A84036,Memantine HCl_Tab 10mg,0411000G0AAAAAA,16,-0.04479999999999973
816,A84022,Memantine HCl_Tab 10mg,0411000G0AAAAAA,16,-0.04479999999999973
586,A84027,Ferr Sulf_Tab 200mg,0901011P0AAACAC,22,-0.04620000000000132
587,A84044,Ferr Sulf_Tab 200mg,0901011P0AAACAC,22,-0.04620000000000132
588,A84030,Ferr Sulf_Tab 200mg,0901011P0AAACAC,24,-0.050400000000001444
589,A84006,Ferr Sulf_Tab 200mg,0901011P0AAACAC,24,-0.050400000000001444
590,A84038,Ferr Sulf_Tab 200mg,0901011P0AAACAC,27,-0.056700000000001624
591,A84022,Ferr Sulf_Tab 200mg,0901011P0AAACAC,28,-0.058800000000001684
592,A84009,Ferr Sulf_Tab 200mg,0901011P0AAACAC,29,-0.060900000000001744
324,A84022,Paracet_Tab 500mg,0407010H0AAAMAM,13,-0.06239999999999962
325,A84022,Paracet_Tab 500mg,0407010H0AAAMAM,13,-0.06239999999999962
818,A84030,Memantine HCl_Tab 10mg,0411000G0AAAAAA,24,-0.0671999999999996
327,A84614,Paracet_Tab 500mg,0407010H0AAAMAM,13,-0.07279999999999956
326,A84614,Paracet_Tab 500mg,0407010H0AAAMAM,13,-0.07279999999999956
593,A84007,Ferr Sulf_Tab 200mg,0901011P0AAACAC,36,-0.07560000000000217
331,A84042,Paracet_Tab 500mg,0407010H0AAAMAM,14,-0.07839999999999953
330,A84042,Paracet_Tab 500mg,0407010H0AAAMAM,14,-0.07839999999999953
332,A84008,Paracet_Tab 500mg,0407010H0AAAMAM,14,-0.07839999999999953
333,A84016,Paracet_Tab 500mg,0407010H0AAAMAM,14,-0.07839999999999953
329,A84008,Paracet_Tab 500mg,0407010H0AAAMAM,14,-0.07839999999999953
328,A84016,Paracet_Tab 500mg,0407010H0AAAMAM,14,-0.07839999999999953
334,A84604,Paracet_Tab 500mg,0407010H0AAAMAM,15,-0.08399999999999949
335,A84604,Paracet_Tab 500mg,0407010H0AAAMAM,15,-0.08399999999999949
337,A84033,Paracet_Tab 500mg,0407010H0AAAMAM,16,-0.08959999999999946
336,A84033,Paracet_Tab 500mg,0407010H0AAAMAM,16,-0.08959999999999946
339,A84032,Paracet_Tab 500mg,0407010H0AAAMAM,17,-0.09519999999999942
338,A84032,Paracet_Tab 500mg,0407010H0AAAMAM,17,-0.09519999999999942
341,A84026,Paracet_Tab 500mg,0407010H0AAAMAM,1,-0.10999999999999995
340,A84026,Paracet_Tab 500mg,0407010H0AAAMAM,1,-0.10999999999999995
343,A84040,Paracet_Tab 500mg,0407010H0AAAMAM,22,-0.12319999999999925
342,A84040,Paracet_Tab 500mg,0407010H0AAAMAM,22,-0.12319999999999925
345,Y00151,Paracet_Tab 500mg,0407010H0AAAMAM,27,-0.15119999999999909
344,Y00151,Paracet_Tab 500mg,0407010H0AAAMAM,27,-0.15119999999999909
346,A84031,Paracet_Tab 500mg,0407010H0AAAMAM,28,-0.15679999999999905
347,A84031,Paracet_Tab 500mg,0407010H0AAAMAM,28,-0.15679999999999905
348,A84047,Paracet_Tab 500mg,0407010H0AAAMAM,30,-0.16799999999999898
349,A84047,Paracet_Tab 500mg,0407010H0AAAMAM,30,-0.16799999999999898
350,A84044,Paracet_Tab 500mg,0407010H0AAAMAM,32,-0.17919999999999892
351,A84044,Paracet_Tab 500mg,0407010H0AAAMAM,32,-0.17919999999999892
352,A84029,Paracet_Tab 500mg,0407010H0AAAMAM,37,-0.20719999999999875
353,A84029,Paracet_Tab 500mg,0407010H0AAAMAM,37,-0.20719999999999875
357,A84013,Paracet_Tab 500mg,0407010H0AAAMAM,39,-0.21839999999999868
356,A84020,Paracet_Tab 500mg,0407010H0AAAMAM,39,-0.21839999999999868
355,A84020,Paracet_Tab 500mg,0407010H0AAAMAM,39,-0.21839999999999868
354,A84013,Paracet_Tab 500mg,0407010H0AAAMAM,39,-0.21839999999999868
358,A84018,Paracet_Tab 500mg,0407010H0AAAMAM,40,-0.22399999999999864
359,A84039,Paracet_Tab 500mg,0407010H0AAAMAM,40,-0.22399999999999864
360,A84039,Paracet_Tab 500mg,0407010H0AAAMAM,40,-0.22399999999999864
361,A84018,Paracet_Tab 500mg,0407010H0AAAMAM,40,-0.22399999999999864
362,A84002,Paracet_Tab 500mg,0407010H0AAAMAM,49,-0.2743999999999983
363,A84002,Paracet_Tab 500mg,0407010H0AAAMAM,49,-0.2743999999999983
364,A84027,Paracet_Tab 500mg,0407010H0AAAMAM,61,-0.3415999999999979
365,A84027,Paracet_Tab 500mg,0407010H0AAAMAM,61,-0.3415999999999979
367,A84035,Paracet_Tab 500mg,0407010H0AAAMAM,73,-0.4087999999999975
366,A84035,Paracet_Tab 500mg,0407010H0AAAMAM,73,-0.4087999999999975
368,A84034,Paracet_Tab 500mg,0407010H0AAAMAM,76,-0.4255999999999974
369,A84034,Paracet_Tab 500mg,0407010H0AAAMAM,76,-0.4255999999999974
370,A84005,Paracet_Tab 500mg,0407010H0AAAMAM,97,-0.5431999999999967
371,A84005,Paracet_Tab 500mg,0407010H0AAAMAM,97,-0.5431999999999967
373,A84024,Paracet_Tab 500mg,0407010H0AAAMAM,103,-0.5767999999999965
372,A84024,Paracet_Tab 500mg,0407010H0AAAMAM,103,-0.5767999999999965
374,A84025,Paracet_Tab 500mg,0407010H0AAAMAM,127,-0.7111999999999957
375,A84025,Paracet_Tab 500mg,0407010H0AAAMAM,127,-0.7111999999999957
474,A84619,Betahistine HCl_Tab 16mg,0406000B0AAABAB,5,-0.9240000000000003
377,A84026,Paracet_Tab 500mg,0407010H0AAAMAM,212,-1.1871999999999927
376,A84026,Paracet_Tab 500mg,0407010H0AAAMAM,212,-1.1871999999999927
378,A84006,Paracet_Tab 500mg,0407010H0AAAMAM,260,-1.455999999999991
379,A84006,Paracet_Tab 500mg,0407010H0AAAMAM,260,-1.455999999999991
380,A84016,Paracet_Tab 500mg,0407010H0AAAMAM,74,-1.479999999999991
381,A84016,Paracet_Tab 500mg,0407010H0AAAMAM,74,-1.479999999999991
475,A84036,Betahistine HCl_Tab 16mg,0406000B0AAABAB,1,-1.8144000000000007
383,A84022,Paracet_Tab 500mg,0407010H0AAAMAM,236,-2.6431999999999842
382,A84022,Paracet_Tab 500mg,0407010H0AAAMAM,236,-2.6431999999999842
476,A84037,Betahistine HCl_Tab 16mg,0406000B0AAABAB,4,-5.443200000000002
829,A84039,Mesalazine_Tab E/C 400mg,0105010B0AAAAAA,1,-14.259999999999998
830,A84609,Mesalazine_Tab E/C 400mg,0105010B0AAAAAA,1,-17.112
831,A84029,Mesalazine_Tab E/C 400mg,0105010B0AAAAAA,1,-25.667999999999996
832,A84014,Mesalazine_Tab E/C 400mg,0105010B0AAAAAA,1,-31.942399999999996
833,A84029,Mesalazine_Tab E/C 400mg,0105010B0AAAAAA,2,-34.224
834,A84024,Mesalazine_Tab E/C 400mg,0105010B0AAAAAA,1,-34.224
