,practice_code,bnf_description,bnf_code,items,excess_cost
100,C84605,Prednisolone_Tab Solb 5mg,0603020T0AABHBH,1,143.88
136,C84028,Esomeprazole_Tab E/C 40mg,0103050E0AAABAB,1,87.9536
137,C84017,Aripiprazole_Tab 5mg,0402010ADAAADAD,2,86.1896
125,C84025,Anastrozole_Tab 1mg,0803041B0AAAAAA,21,61.504799999999996
126,C84017,Anastrozole_Tab 1mg,0803041B0AAAAAA,36,61.488
128,C84028,Betahistine HCl_Tab 16mg,0406000B0AAABAB,1,53.373599999999996
101,C84605,Prednisolone_Tab Solb 5mg,0603020T0AABHBH,1,47.964
145,C84605,Carbimazole_Tab 5mg,0602020D0AAAAAA,3,47.779199999999996
120,C84017,Atorvastatin_Tab 20mg,0212000B0AAABAB,711,45.78840000000007
121,C84605,Atorvastatin_Tab 20mg,0212000B0AAABAB,366,45.091200000000015
0,C84028,Paracet_Tab 500mg,0407010H0AAAMAM,49,45.001599999999996
1,C84028,Paracet_Tab 500mg,0407010H0AAAMAM,49,45.001599999999996
169,C84605,Atorvastatin_Tab 40mg,0212000B0AAACAC,43,44.54800000000001
165,C84017,Losartan Pot_Tab 100mg,0205052N0AAADAD,150,44.520000000000024
3,C84605,Paracet_Tab 500mg,0407010H0AAAMAM,113,37.96800000000003
2,C84605,Paracet_Tab 500mg,0407010H0AAAMAM,113,37.96800000000003
129,C84028,Betahistine HCl_Tab 16mg,0406000B0AAABAB,3,35.5824
5,C84605,Paracet_Tab 500mg,0407010H0AAAMAM,121,27.83
4,C84605,Paracet_Tab 500mg,0407010H0AAAMAM,121,27.83
166,C84605,Losartan Pot_Tab 100mg,0205052N0AAADAD,120,26.54399999999999
170,C84605,Atorvastatin_Tab 40mg,0212000B0AAACAC,131,23.47520000000001
122,C84048,Atorvastatin_Tab 20mg,0212000B0AAABAB,246,22.73040000000003
123,C84025,Atorvastatin_Tab 20mg,0212000B0AAABAB,250,22.40000000000001
6,C84605,Paracet_Tab 500mg,0407010H0AAAMAM,34,20.399999999999995
7,C84605,Paracet_Tab 500mg,0407010H0AAAMAM,34,20.399999999999995
8,C84028,Paracet_Tab 500mg,0407010H0AAAMAM,26,20.280000000000005
9,C84028,Paracet_Tab 500mg,0407010H0AAAMAM,26,20.280000000000005
130,C84028,Betahistine HCl_Tab 16mg,0406000B0AAABAB,3,17.7912
146,C84605,Carbimazole_Tab 5mg,0602020D0AAAAAA,3,15.364800000000002
10,C84005,Paracet_Tab 500mg,0407010H0AAAMAM,129,14.190000000000003
11,C84005,Paracet_Tab 500mg,0407010H0AAAMAM,129,14.190000000000003
147,C84086,Carbimazole_Tab 5mg,0602020D0AAAAAA,5,11.928000000000008
13,C84621,Paracet_Tab 500mg,0407010H0AAAMAM,21,11.289600000000013
12,C84621,Paracet_Tab 500mg,0407010H0AAAMAM,21,11.289600000000013
15,C84005,Paracet_Tab 500mg,0407010H0AAAMAM,9,11.289600000000002
14,C84005,Paracet_Tab 500mg,0407010H0AAAMAM,9,11.289600000000002
16,C84084,Paracet_Tab 500mg,0407010H0AAAMAM,62,11.110400000000029
17,C84084,Paracet_Tab 500mg,0407010H0AAAMAM,62,11.110400000000029
18,C84086,Paracet_Tab 500mg,0407010H0AAAMAM,73,10.219999999999988
19,C84086,Paracet_Tab 500mg,0407010H0AAAMAM,73,10.219999999999988
21,C84028,Paracet_Tab 500mg,0407010H0AAAMAM,68,10.20000000000001
20,C84028,Paracet_Tab 500mg,0407010H0AAAMAM,68,10.20000000000001
131,C84017,Betahistine HCl_Tab 16mg,0406000B0AAABAB,19,8.937600000000002
23,C84086,Paracet_Tab 500mg,0407010H0AAAMAM,110,7.699999999999991
22,C84086,Paracet_Tab 500mg,0407010H0AAAMAM,110,7.699999999999991
132,C84028,Betahistine HCl_Tab 16mg,0406000B0AAABAB,1,5.9248
25,C84605,Paracet_Tab 500mg,0407010H0AAAMAM,16,5.734400000000003
24,C84605,Paracet_Tab 500mg,0407010H0AAAMAM,16,5.734400000000003
27,C84017,Paracet_Tab 500mg,0407010H0AAAMAM,269,5.380000000000061
26,C84017,Paracet_Tab 500mg,0407010H0AAAMAM,269,5.380000000000061
29,C84017,Paracet_Tab 500mg,0407010H0AAAMAM,24,5.107200000000006
28,C84017,Paracet_Tab 500mg,0407010H0AAAMAM,24,5.107200000000006
30,C84621,Paracet_Tab 500mg,0407010H0AAAMAM,34,5.100000000000005
31,C84621,Paracet_Tab 500mg,0407010H0AAAMAM,34,5.100000000000005
102,C84084,Prednisolone_Tab Solb 5mg,0603020T0AABHBH,1,3.256399999999999
33,C84621,Paracet_Tab 500mg,0407010H0AAAMAM,2,1.6128000000000002
32,C84621,Paracet_Tab 500mg,0407010H0AAAMAM,2,1.6128000000000002
35,C82040,Paracet_Tab 500mg,0407010H0AAAMAM,3,1.6128
34,C82040,Paracet_Tab 500mg,0407010H0AAAMAM,3,1.6128
36,C84703,Paracet_Tab 500mg,0407010H0AAAMAM,39,1.560000000000004
37,C84703,Paracet_Tab 500mg,0407010H0AAAMAM,39,1.560000000000004
38,C82040,Paracet_Tab 500mg,0407010H0AAAMAM,15,0.06299999999999961
39,C82040,Paracet_Tab 500mg,0407010H0AAAMAM,15,0.06299999999999961
40,C84086,Paracet_Tab 500mg,0407010H0AAAMAM,7,0.058800000000000324
41,C84086,Paracet_Tab 500mg,0407010H0AAAMAM,7,0.058800000000000324
43,C84086,Paracet_Tab 500mg,0407010H0AAAMAM,12,0.050399999999999695
42,C84086,Paracet_Tab 500mg,0407010H0AAAMAM,12,0.050399999999999695
167,C84005,Losartan Pot_Tab 100mg,0205052N0AAADAD,8,0.04480000000000012
44,C84017,Paracet_Tab 500mg,0407010H0AAAMAM,6,0.03599999999999978
45,C84017,Paracet_Tab 500mg,0407010H0AAAMAM,6,0.03599999999999978
46,C84605,Paracet_Tab 500mg,0407010H0AAAMAM,3,0.03000000000000034
47,C84605,Paracet_Tab 500mg,0407010H0AAAMAM,3,0.03000000000000034
48,C84005,Paracet_Tab 500mg,0407010H0AAAMAM,7,0.029399999999999822
49,C84005,Paracet_Tab 500mg,0407010H0AAAMAM,7,0.029399999999999822
50,C84017,Paracet_Tab 500mg,0407010H0AAAMAM,6,0.025199999999999848
51,C84017,Paracet_Tab 500mg,0407010H0AAAMAM,6,0.025199999999999848
168,C82040,Losartan Pot_Tab 100mg,0205052N0AAADAD,4,0.02240000000000006
127,C84017,Anastrozole_Tab 1mg,0803041B0AAAAAA,4,0.019600000000000173
53,C84703,Paracet_Tab 500mg,0407010H0AAAMAM,2,0.011999999999999927
52,C84703,Paracet_Tab 500mg,0407010H0AAAMAM,2,0.011999999999999927
59,C82040,Paracet_Tab 500mg,0407010H0AAAMAM,4,0.011199999999999932
54,C84017,Paracet_Tab 500mg,0407010H0AAAMAM,4,0.011199999999999932
55,C82040,Paracet_Tab 500mg,0407010H0AAAMAM,4,0.011199999999999932
56,C84017,Paracet_Tab 500mg,0407010H0AAAMAM,4,0.011199999999999932
57,C84025,Paracet_Tab 500mg,0407010H0AAAMAM,4,0.011199999999999932
58,C84025,Paracet_Tab 500mg,0407010H0AAAMAM,4,0.011199999999999932
171,C84028,Atorvastatin_Tab 40mg,0212000B0AAACAC,1,0.006000000000000172
66,C84025,Paracet_Tab 500mg,0407010H0AAAMAM,1,0.005999999999999964
64,C84086,Paracet_Tab 500mg,0407010H0AAAMAM,1,0.005999999999999964
65,C84048,Paracet_Tab 500mg,0407010H0AAAMAM,1,0.005999999999999964
61,C84605,Paracet_Tab 500mg,0407010H0AAAMAM,1,0.005999999999999964
62,C82040,Paracet_Tab 500mg,0407010H0AAAMAM,1,0.005999999999999964
63,C84086,Paracet_Tab 500mg,0407010H0AAAMAM,1,0.005999999999999964
67,C84025,Paracet_Tab 500mg,0407010H0AAAMAM,1,0.005999999999999964
60,C84605,Paracet_Tab 500mg,0407010H0AAAMAM,1,0.005999999999999964
69,C84048,Paracet_Tab 500mg,0407010H0AAAMAM,1,0.005999999999999964
68,C82040,Paracet_Tab 500mg,0407010H0AAAMAM,1,0.005999999999999964
70,C84605,Paracet_Tab 500mg,0407010H0AAAMAM,2,0.005599999999999966
73,C84605,Paracet_Tab 500mg,0407010H0AAAMAM,2,0.005599999999999966
71,C84090,Paracet_Tab 500mg,0407010H0AAAMAM,1,0.005599999999999966
72,C84090,Paracet_Tab 500mg,0407010H0AAAMAM,1,0.005599999999999966
138,C84090,Aripiprazole_Tab 5mg,0402010ADAAADAD,1,0.004199999999999926
140,C84605,Aripiprazole_Tab 5mg,0402010ADAAADAD,1,0.0041999999999995374
139,C84017,Aripiprazole_Tab 5mg,0402010ADAAADAD,1,0.0041999999999995374
142,C84703,Aripiprazole_Tab 5mg,0402010ADAAADAD,1,0.0041999999999995374
141,C84621,Aripiprazole_Tab 5mg,0402010ADAAADAD,1,0.0041999999999995374
104,C84605,Prednisolone_Tab Solb 5mg,0603020T0AABHBH,1,0.0035999999999996035
103,C84084,Prednisolone_Tab Solb 5mg,0603020T0AABHBH,1,0.0035999999999996035
74,C82040,Paracet_Tab 500mg,0407010H0AAAMAM,1,0.002999999999999982
75,C82040,Paracet_Tab 500mg,0407010H0AAAMAM,1,0.002999999999999982
76,C84048,Paracet_Tab 500mg,0407010H0AAAMAM,1,0.002999999999999982
77,C84048,Paracet_Tab 500mg,0407010H0AAAMAM,1,0.002999999999999982
79,C84005,Paracet_Tab 500mg,0407010H0AAAMAM,1,0.002799999999999983
78,C84005,Paracet_Tab 500mg,0407010H0AAAMAM,1,0.002799999999999983
105,C84605,Prednisolone_Tab Solb 5mg,0603020T0AABHBH,1,0.0020999999999997687
106,C84090,Prednisolone_Tab Solb 5mg,0603020T0AABHBH,1,0.0020999999999997687
143,C84621,Aripiprazole_Tab 5mg,0402010ADAAADAD,1,-0.00040000000000001146
144,C84017,Aripiprazole_Tab 5mg,0402010ADAAADAD,1,-0.0008000000000000229
107,C84084,Prednisolone_Tab Solb 5mg,0603020T0AABHBH,1,-0.0011999999999998678
108,C84017,Prednisolone_Tab Solb 5mg,0603020T0AABHBH,1,-0.0011999999999998678
151,C84028,Carbimazole_Tab 5mg,0602020D0AAAAAA,2,-0.0013999999999998458
148,C84005,Carbimazole_Tab 5mg,0602020D0AAAAAA,1,-0.0013999999999998458
149,C84028,Carbimazole_Tab 5mg,0602020D0AAAAAA,1,-0.0013999999999998458
150,C84017,Carbimazole_Tab 5mg,0602020D0AAAAAA,1,-0.0013999999999998458
124,C84621,Atorvastatin_Tab 20mg,0212000B0AAABAB,1,-0.0013999999999999985
172,C84703,Atorvastatin_Tab 40mg,0212000B0AAACAC,1,-0.0014999999999999389
109,C84090,Prednisolone_Tab Solb 5mg,0603020T0AABHBH,1,-0.0027999999999996916
112,C84048,Prednisolone_Tab Solb 5mg,0603020T0AABHBH,1,-0.0035999999999996035
111,C84621,Prednisolone_Tab Solb 5mg,0603020T0AABHBH,1,-0.0035999999999996035
110,C84017,Prednisolone_Tab Solb 5mg,0603020T0AABHBH,1,-0.0035999999999996035
115,C84605,Prednisolone_Tab Solb 5mg,0603020T0AABHBH,1,-0.0039999999999995595
114,C84621,Prednisolone_Tab Solb 5mg,0603020T0AABHBH,1,-0.0039999999999995595
113,C84017,Prednisolone_Tab Solb 5mg,0603020T0AABHBH,1,-0.0039999999999995595
173,C84084,Atorvastatin_Tab 40mg,0212000B0AAACAC,1,-0.004000000000000045
116,C84086,Prednisolone_Tab Solb 5mg,0603020T0AABHBH,1,-0.004799999999999471
154,C84048,Carbimazole_Tab 5mg,0602020D0AAAAAA,2,-0.005599999999999383
155,C84086,Carbimazole_Tab 5mg,0602020D0AAAAAA,1,-0.005599999999999383
153,C84621,Carbimazole_Tab 5mg,0602020D0AAAAAA,2,-0.005599999999999383
152,C84028,Carbimazole_Tab 5mg,0602020D0AAAAAA,1,-0.005599999999999383
80,C84048,Paracet_Tab 500mg,0407010H0AAAMAM,1,-0.005599999999999966
81,C84048,Paracet_Tab 500mg,0407010H0AAAMAM,1,-0.005599999999999966
82,C84703,Paracet_Tab 500mg,0407010H0AAAMAM,1,-0.005599999999999966
83,C84703,Paracet_Tab 500mg,0407010H0AAAMAM,1,-0.005599999999999966
157,C84028,Carbimazole_Tab 5mg,0602020D0AAAAAA,3,-0.008399999999999075
156,C82040,Carbimazole_Tab 5mg,0602020D0AAAAAA,3,-0.008399999999999075
117,C84048,Prednisolone_Tab Solb 5mg,0603020T0AABHBH,2,-0.009599999999998943
118,C84005,Prednisolone_Tab Solb 5mg,0603020T0AABHBH,2,-0.009599999999999831
158,C84005,Carbimazole_Tab 5mg,0602020D0AAAAAA,5,-0.013999999999998458
119,C84017,Prednisolone_Tab Solb 5mg,0603020T0AABHBH,3,-0.014399999999998414
84,C84028,Paracet_Tab 500mg,0407010H0AAAMAM,3,-0.0167999999999999
85,C84028,Paracet_Tab 500mg,0407010H0AAAMAM,3,-0.0167999999999999
159,C84084,Carbimazole_Tab 5mg,0602020D0AAAAAA,7,-0.01959999999999784
161,C84017,Carbimazole_Tab 5mg,0602020D0AAAAAA,4,-0.022399999999997533
160,C84005,Carbimazole_Tab 5mg,0602020D0AAAAAA,4,-0.022399999999997533
162,C84605,Carbimazole_Tab 5mg,0602020D0AAAAAA,9,-0.025199999999997225
163,C84605,Carbimazole_Tab 5mg,0602020D0AAAAAA,5,-0.027999999999996916
86,C84084,Paracet_Tab 500mg,0407010H0AAAMAM,5,-0.02799999999999983
87,C84084,Paracet_Tab 500mg,0407010H0AAAMAM,5,-0.02799999999999983
89,C84025,Paracet_Tab 500mg,0407010H0AAAMAM,6,-0.0335999999999998
88,C84025,Paracet_Tab 500mg,0407010H0AAAMAM,6,-0.0335999999999998
164,C84017,Carbimazole_Tab 5mg,0602020D0AAAAAA,15,-0.041999999999995374
90,C84005,Paracet_Tab 500mg,0407010H0AAAMAM,8,-0.04479999999999973
91,C84005,Paracet_Tab 500mg,0407010H0AAAMAM,8,-0.04479999999999973
92,C82040,Paracet_Tab 500mg,0407010H0AAAMAM,25,-0.13999999999999915
93,C82040,Paracet_Tab 500mg,0407010H0AAAMAM,25,-0.13999999999999915
94,C84086,Paracet_Tab 500mg,0407010H0AAAMAM,36,-0.20159999999999878
95,C84086,Paracet_Tab 500mg,0407010H0AAAMAM,36,-0.20159999999999878
96,C84017,Paracet_Tab 500mg,0407010H0AAAMAM,42,-0.23519999999999858
97,C84017,Paracet_Tab 500mg,0407010H0AAAMAM,42,-0.23519999999999858
133,C84017,Betahistine HCl_Tab 16mg,0406000B0AAABAB,2,-0.6048000000000002
98,C84703,Paracet_Tab 500mg,0407010H0AAAMAM,3,-0.7055999999999998
99,C84703,Paracet_Tab 500mg,0407010H0AAAMAM,3,-0.7055999999999998
134,C84084,Betahistine HCl_Tab 16mg,0406000B0AAABAB,1,-1.0919999999999999
135,C84084,Betahistine HCl_Tab 16mg,0406000B0AAABAB,4,-2.352
