,practice_code,bnf_description,bnf_code,items,excess_cost
0,F86001,Clonazepam_Tab 500mcg,0408010F0AAABAB,6,6.644399999999987
1,F86001,Mesalazine_Tab E/C 400mg,0105010B0AAAAAA,1,23.956799999999998
2,F86004,Aripiprazole_Tab 10mg,0402010ADAAAAAA,8,0.01400000000000079
3,F86004,Atorvastatin_Tab 20mg,0212000B0AAABAB,2,0.012000000000000344
4,F86004,Clonazepam_Tab 500mcg,0408010F0AAABAB,11,5.939599999999989
5,F86004,Pregabalin_Cap 200mg,0408010AEAAAFAF,1,170.73839999999998
6,F86004,Quetiapine_Tab 200mg,0402010ABAAADAD,3,-0.0020999999999997687
7,F86005,Atorvastatin_Tab 20mg,0212000B0AAABAB,1,-0.0029999999999998778
8,F86005,Clonazepam_Tab 500mcg,0408010F0AAABAB,3,3.796799999999992
9,F86005,Pregabalin_Cap 25mg,0408010AEAAAAAA,4,0.016799999999999704
10,F86005,Quetiapine_Tab 200mg,0402010ABAAADAD,6,-0.008399999999999075
11,F86006,Atorvastatin_Tab 20mg,0212000B0AAABAB,1,0.0020000000000000573
12,F86006,Clonazepam_Tab 500mcg,0408010F0AAABAB,4,3.0283999999999938
13,F86006,Pregabalin_Cap 25mg,0408010AEAAAAAA,8,0.025199999999999556
14,F86006,Quetiapine_Tab 200mg,0402010ABAAADAD,1,-0.0027999999999996916
15,F86011,Aripiprazole_Tab 10mg,0402010ADAAAAAA,1,0.0015000000000002511
16,F86011,Clonazepam_Tab 500mcg,0408010F0AAABAB,10,6.802599999999986
17,F86011,Pregabalin_Cap 25mg,0408010AEAAAAAA,8,0.025199999999999556
18,F86011,Quetiapine_Tab 200mg,0402010ABAAADAD,5,-0.013999999999998458
19,F86018,Aripiprazole_Tab 10mg,0402010ADAAAAAA,4,174.4624
20,F86018,Atorvastatin_Tab 20mg,0212000B0AAABAB,27,22.528800000000004
21,F86018,Clonazepam_Tab 500mcg,0408010F0AAABAB,2,1.898399999999996
22,F86018,Omeprazole_Tab E/C 20mg,0103050P0AABDBD,3,87.7128
23,F86018,Pregabalin_Cap 200mg,0408010AEAAAFAF,1,-0.003500000000000003
24,F86018,Quetiapine_Tab 200mg,0402010ABAAADAD,4,-0.0027999999999996916
25,F86018,Risperidone_Tab 6mg,040201030AAAFAF,1,58.4192
26,F86026,Clonazepam_Tab 500mcg,0408010F0AAABAB,5,4.74599999999999
27,F86026,Pregabalin_Cap 25mg,0408010AEAAAAAA,1,112.79520000000001
28,F86026,Risperidone_Tab 6mg,040201030AAAFAF,1,58.4192
29,F86030,Clonazepam_Tab 500mcg,0408010F0AAABAB,5,6.355599999999987
30,F86036,Aripiprazole_Tab 10mg,0402010ADAAAAAA,12,0.03640000000000143
31,F86036,Atorvastatin_Tab 20mg,0212000B0AAABAB,135,1.5120000000000433
32,F86036,Clonazepam_Tab 500mcg,0408010F0AAABAB,27,8.618699999999983
33,F86036,Mesalazine_Tab E/C 400mg,0105010B0AAAAAA,1,31.942399999999996
34,F86036,Pregabalin_Cap 25mg,0408010AEAAAAAA,4,0.016799999999999704
35,F86036,Quetiapine_Tab 200mg,0402010ABAAADAD,1,-0.0027999999999996916
36,F86038,Aripiprazole_Tab 10mg,0402010ADAAAAAA,12,0.0056000000000009376
37,F86038,Atorvastatin_Tab 20mg,0212000B0AAABAB,4,0.024000000000000687
38,F86038,Clonazepam_Tab 500mcg,0408010F0AAABAB,3,0.8135999999999983
39,F86038,Pregabalin_Cap 200mg,0408010AEAAAFAF,6,0.016799999999999315
40,F86038,Quetiapine_Tab 200mg,0402010ABAAADAD,2,-0.005599999999999383
41,F86044,Atorvastatin_Tab 20mg,0212000B0AAABAB,1,0.006000000000000172
42,F86044,Clonazepam_Tab 500mcg,0408010F0AAABAB,4,0.7175999999999987
43,F86044,Mesalazine_Tab E/C 400mg,0105010B0AAAAAA,1,-17.112
44,F86044,Mesalazine_Tab E/C 800mg,0105010B0AAASAS,1,-17.219999999999995
45,F86044,Quetiapine_Tab 200mg,0402010ABAAADAD,1,-0.0027999999999996916
46,F86045,Pregabalin_Cap 25mg,0408010AEAAAAAA,6,0.012599999999999778
47,F86058,Aripiprazole_Tab 10mg,0402010ADAAAAAA,8,-0.016799999999999704
48,F86058,Clonazepam_Tab 500mcg,0408010F0AAABAB,20,4.745999999999991
49,F86058,Mesalazine_Tab E/C 400mg,0105010B0AAAAAA,1,47.913599999999995
50,F86058,Quetiapine_Tab 200mg,0402010ABAAADAD,4,-0.011199999999998766
51,F86058,Risperidone_Tab 6mg,040201030AAAFAF,4,29.232
52,F86062,Clonazepam_Tab 500mcg,0408010F0AAABAB,3,1.2655999999999974
53,F86062,Mesalazine_Tab E/C 400mg,0105010B0AAAAAA,3,46.77279999999999
54,F86073,Aripiprazole_Tab 10mg,0402010ADAAAAAA,12,0.06720000000000192
55,F86073,Mesalazine_Tab E/C 400mg,0105010B0AAAAAA,1,-34.224
56,F86074,Aripiprazole_Tab 10mg,0402010ADAAAAAA,8,0.04480000000000128
57,F86074,Atorvastatin_Tab 20mg,0212000B0AAABAB,116,180.58880000000002
58,F86074,Clonazepam_Tab 500mcg,0408010F0AAABAB,3,2.0791999999999957
59,F86074,Pregabalin_Cap 25mg,0408010AEAAAAAA,4,0.016799999999999704
60,F86074,Quetiapine_Tab 200mg,0402010ABAAADAD,2,83.5232
61,F86078,Clonazepam_Tab 500mcg,0408010F0AAABAB,4,1.5819999999999967
62,F86078,Mesalazine_Tab E/C 400mg,0105010B0AAAAAA,3,22.2456
63,F86078,Pregabalin_Cap 200mg,0408010AEAAAFAF,3,-0.00840000000000024
64,F86086,Clonazepam_Tab 500mcg,0408010F0AAABAB,1,0.949199999999998
65,F86086,Mesalazine_Tab E/C 800mg,0105010B0AAASAS,5,68.88000000000002
66,F86086,Quetiapine_Tab 200mg,0402010ABAAADAD,1,-0.0027999999999996916
67,F86086,Risperidone_Tab 6mg,040201030AAAFAF,3,21.924
68,F86607,Aripiprazole_Tab 10mg,0402010ADAAAAAA,2,0.01120000000000032
69,F86607,Clonazepam_Tab 500mcg,0408010F0AAABAB,7,8.859199999999982
70,F86607,Mesalazine_Tab E/C 400mg,0105010B0AAAAAA,1,-25.667999999999996
71,F86607,Mesalazine_Tab E/C 800mg,0105010B0AAASAS,2,34.43999999999999
72,F86607,Quetiapine_Tab 200mg,0402010ABAAADAD,1,-0.0027999999999996916
73,F86616,Clonazepam_Tab 500mcg,0408010F0AAABAB,4,1.5391999999999966
74,F86616,Mesalazine_Tab E/C 400mg,0105010B0AAAAAA,2,-51.336
75,F86621,Aripiprazole_Tab 10mg,0402010ADAAAAAA,4,-0.008399999999999852
76,F86621,Clonazepam_Tab 500mcg,0408010F0AAABAB,11,4.8363999999999905
77,F86625,Aripiprazole_Tab 10mg,0402010ADAAAAAA,4,-0.008399999999999852
78,F86625,Clonazepam_Tab 500mcg,0408010F0AAABAB,5,4.158399999999991
79,F86625,Mesalazine_Tab E/C 400mg,0105010B0AAAAAA,1,55.89919999999999
80,F86625,Quetiapine_Tab 200mg,0402010ABAAADAD,1,-0.0027999999999996916
81,F86627,Aripiprazole_Tab 10mg,0402010ADAAAAAA,6,0.018200000000000716
82,F86627,Clonazepam_Tab 500mcg,0408010F0AAABAB,6,4.271399999999992
83,F86627,Mesalazine_Tab E/C 400mg,0105010B0AAAAAA,1,-23.956799999999998
84,F86627,Quetiapine_Tab 200mg,0402010ABAAADAD,5,-0.015399999999998304
85,F86638,Clonazepam_Tab 500mcg,0408010F0AAABAB,2,0.6327999999999987
86,F86638,Omeprazole_Tab E/C 20mg,0103050P0AABDBD,1,0.0041999999999995374
87,F86644,Clonazepam_Tab 500mcg,0408010F0AAABAB,1,0.31639999999999935
88,F86644,Mesalazine_Tab E/C 400mg,0105010B0AAAAAA,2,-5.1335999999999995
89,F86644,Quetiapine_Tab 200mg,0402010ABAAADAD,1,-0.0013999999999998458
90,F86650,Clonazepam_Tab 500mcg,0408010F0AAABAB,10,1.5028999999999968
91,F86650,Mesalazine_Tab E/C 400mg,0105010B0AAAAAA,2,15.9712
92,F86650,Pregabalin_Cap 200mg,0408010AEAAAFAF,6,-0.01680000000000048
93,F86650,Pregabalin_Cap 25mg,0408010AEAAAAAA,1,0.004199999999999926
94,F86650,Quetiapine_Tab 200mg,0402010ABAAADAD,5,-0.005599999999999383
95,F86650,Risperidone_Tab 6mg,040201030AAAFAF,1,29.2096
96,F86664,Clonazepam_Tab 500mcg,0408010F0AAABAB,1,0.31639999999999935
97,F86664,Mesalazine_Tab E/C 800mg,0105010B0AAASAS,1,17.219999999999995
98,F86666,Aripiprazole_Tab 10mg,0402010ADAAAAAA,5,0.028000000000000802
99,F86666,Clonazepam_Tab 500mcg,0408010F0AAABAB,6,3.480399999999993
100,F86666,Mesalazine_Tab E/C 400mg,0105010B0AAAAAA,2,-41.068799999999996
101,F86666,Omeprazole_Tab E/C 20mg,0103050P0AABDBD,1,0.004199999999999926
102,F86666,Pregabalin_Cap 25mg,0408010AEAAAAAA,1,-0.003000000000000086
103,F86666,Risperidone_Tab 6mg,040201030AAAFAF,1,29.2096
104,F86679,Aripiprazole_Tab 10mg,0402010ADAAAAAA,1,-0.002099999999999963
105,F86679,Clonazepam_Tab 500mcg,0408010F0AAABAB,1,0.31639999999999935
106,F86679,Pregabalin_Cap 25mg,0408010AEAAAAAA,8,-0.13440000000000385
107,F86689,Atorvastatin_Tab 20mg,0212000B0AAABAB,1,-0.0029999999999998778
108,F86689,Clonazepam_Tab 500mcg,0408010F0AAABAB,2,3.480399999999993
109,F86696,Aripiprazole_Tab 10mg,0402010ADAAAAAA,2,-0.004199999999999926
110,F86696,Clonazepam_Tab 500mcg,0408010F0AAABAB,7,1.6045999999999967
111,F86696,Mesalazine_Tab E/C 400mg,0105010B0AAAAAA,1,-11.978399999999999
112,F86700,Clonazepam_Tab 500mcg,0408010F0AAABAB,2,2.531199999999995
113,F86700,Mesalazine_Tab E/C 400mg,0105010B0AAAAAA,1,31.942399999999996
114,F86700,Pregabalin_Cap 25mg,0408010AEAAAAAA,2,0.006299999999999889
115,F86701,Aripiprazole_Tab 10mg,0402010ADAAAAAA,4,0.02240000000000064
116,F86701,Clonazepam_Tab 500mcg,0408010F0AAABAB,2,0.949199999999998
117,F86701,Omeprazole_Tab E/C 20mg,0103050P0AABDBD,5,0.010499999999999815
118,F86705,Aripiprazole_Tab 10mg,0402010ADAAAAAA,1,0.00560000000000016
119,F86705,Mesalazine_Tab E/C 400mg,0105010B0AAAAAA,9,-13.706399999999995
120,F86712,Clonazepam_Tab 500mcg,0408010F0AAABAB,1,0.6779999999999986
121,F86712,Pregabalin_Cap 200mg,0408010AEAAAFAF,5,0.008399999999999463
122,F86712,Pregabalin_Cap 25mg,0408010AEAAAAAA,4,0.016799999999999704
123,Y01291,Clonazepam_Tab 500mcg,0408010F0AAABAB,7,5.0673999999999895
124,Y01291,Mesalazine_Tab E/C 400mg,0105010B0AAAAAA,2,30.801599999999997
125,Y01839,Aripiprazole_Tab 10mg,0402010ADAAAAAA,4,0.02240000000000064
126,Y01839,Clonazepam_Tab 500mcg,0408010F0AAABAB,2,0.8361999999999983
127,Y01839,Mesalazine_Tab E/C 400mg,0105010B0AAAAAA,2,34.22399999999999
128,Y01839,Pregabalin_Cap 25mg,0408010AEAAAAAA,1,0.002099999999999963
129,Y01839,Quetiapine_Tab 200mg,0402010ABAAADAD,2,-0.24640000000000084
130,Y02585,Aripiprazole_Tab 10mg,0402010ADAAAAAA,5,0.028000000000000802
131,Y02585,Pregabalin_Cap 25mg,0408010AEAAAAAA,3,0.012599999999999778
132,Y02585,Quetiapine_Tab 200mg,0402010ABAAADAD,3,-0.008399999999999075
133,Y05454,Omeprazole_Tab E/C 20mg,0103050P0AABDBD,1,0.002099999999999963
