,practice_code,bnf_description,bnf_code,items,excess_cost
0,P81042,Mesalazine_Tab E/C 800mg,0105010B0AAASAS,1,68.87999999999998
1,P81072,Mesalazine_Tab E/C 800mg,0105010B0AAASAS,3,51.65999999999999
131,P81042,Mesalazine_Tab E/C 400mg,0105010B0AAAAAA,2,47.913599999999995
2,P81042,Mesalazine_Tab E/C 800mg,0105010B0AAASAS,2,34.44000000000001
3,P81016,Mesalazine_Tab E/C 800mg,0105010B0AAASAS,1,34.43999999999999
4,P81054,Mesalazine_Tab E/C 800mg,0105010B0AAASAS,1,34.43999999999999
133,P81115,Mesalazine_Tab E/C 400mg,0105010B0AAAAAA,2,31.942399999999996
132,P81073,Mesalazine_Tab E/C 400mg,0105010B0AAAAAA,1,31.942399999999996
154,P81066,Risperidone_Tab 6mg,040201030AAAFAF,1,29.2096
153,P81115,Risperidone_Tab 6mg,040201030AAAFAF,1,29.2096
135,P81172,Mesalazine_Tab E/C 400mg,0105010B0AAAAAA,1,23.956799999999998
136,P81054,Mesalazine_Tab E/C 400mg,0105010B0AAAAAA,1,23.956799999999998
134,P81081,Mesalazine_Tab E/C 400mg,0105010B0AAAAAA,1,23.956799999999998
6,P81066,Mesalazine_Tab E/C 800mg,0105010B0AAASAS,1,22.959999999999994
5,P81072,Mesalazine_Tab E/C 800mg,0105010B0AAASAS,1,22.959999999999994
7,P81004,Mesalazine_Tab E/C 800mg,0105010B0AAASAS,1,17.219999999999995
8,P81713,Mesalazine_Tab E/C 800mg,0105010B0AAASAS,1,17.219999999999995
302,P81073,Quetiapine_Tab 200mg,0402010ABAAADAD,3,16.4976
137,P81072,Mesalazine_Tab E/C 400mg,0105010B0AAAAAA,1,15.971199999999998
138,P81054,Mesalazine_Tab E/C 400mg,0105010B0AAAAAA,1,12.833999999999998
9,P81063,Mesalazine_Tab E/C 800mg,0105010B0AAASAS,1,12.293999999999999
140,P81159,Mesalazine_Tab E/C 400mg,0105010B0AAAAAA,1,11.978399999999999
139,P81004,Mesalazine_Tab E/C 400mg,0105010B0AAAAAA,1,11.978399999999999
11,P81072,Mesalazine_Tab E/C 800mg,0105010B0AAASAS,1,11.479999999999997
10,P81066,Mesalazine_Tab E/C 800mg,0105010B0AAASAS,1,11.479999999999997
141,P81066,Mesalazine_Tab E/C 400mg,0105010B0AAAAAA,1,8.556
155,P81073,Tetrabenazine_Tab 25mg,0409030C0AAAAAA,1,7.99679999999999
23,P81159,Clonazepam_Tab 500mcg,0408010F0AAABAB,12,7.593599999999984
157,P81681,Tetrabenazine_Tab 25mg,0409030C0AAAAAA,1,5.997599999999992
156,P81159,Tetrabenazine_Tab 25mg,0409030C0AAAAAA,2,5.997599999999992
24,P81681,Clonazepam_Tab 500mcg,0408010F0AAABAB,9,5.695199999999988
25,P81072,Clonazepam_Tab 500mcg,0408010F0AAABAB,16,5.06239999999999
339,P81063,Topiramate_Tab 200mg,040801050AAACAC,2,4.979999999999998
340,P81681,Topiramate_Tab 200mg,040801050AAACAC,2,4.636799999999999
167,P81092,Amiodarone HCl_Tab 200mg,0203020D0AAABAB,12,4.200000000000004
158,P81042,Tetrabenazine_Tab 25mg,0409030C0AAAAAA,2,3.998399999999995
142,P81074,Mesalazine_Tab E/C 400mg,0105010B0AAAAAA,1,3.9927999999999995
26,P81074,Clonazepam_Tab 500mcg,0408010F0AAABAB,5,3.1639999999999935
27,P81092,Clonazepam_Tab 500mcg,0408010F0AAABAB,5,3.1639999999999935
192,P81072,Methocarbamol_Tab 750mg,1002020S0AAABAB,4,2.889599999999999
29,P81063,Clonazepam_Tab 500mcg,0408010F0AAABAB,3,2.847599999999994
28,P81681,Clonazepam_Tab 500mcg,0408010F0AAABAB,3,2.847599999999994
30,P81074,Clonazepam_Tab 500mcg,0408010F0AAABAB,9,2.847599999999994
31,P81054,Clonazepam_Tab 500mcg,0408010F0AAABAB,2,2.7119999999999944
143,P81054,Mesalazine_Tab E/C 400mg,0105010B0AAAAAA,1,2.565
35,P81714,Clonazepam_Tab 500mcg,0408010F0AAABAB,4,2.531199999999995
34,P81066,Clonazepam_Tab 500mcg,0408010F0AAABAB,4,2.531199999999995
33,P81063,Clonazepam_Tab 500mcg,0408010F0AAABAB,4,2.531199999999995
32,P81042,Clonazepam_Tab 500mcg,0408010F0AAABAB,2,2.531199999999995
168,P81074,Amiodarone HCl_Tab 200mg,0203020D0AAABAB,7,2.450000000000002
169,P81016,Amiodarone HCl_Tab 200mg,0203020D0AAABAB,7,2.450000000000002
170,P81159,Amiodarone HCl_Tab 200mg,0203020D0AAABAB,7,2.450000000000002
341,P81066,Topiramate_Tab 200mg,040801050AAACAC,1,2.3183999999999996
36,P81159,Clonazepam_Tab 500mcg,0408010F0AAABAB,7,2.2147999999999954
37,P81054,Clonazepam_Tab 500mcg,0408010F0AAABAB,7,2.2147999999999954
38,P81115,Clonazepam_Tab 500mcg,0408010F0AAABAB,7,2.2147999999999954
171,P81073,Amiodarone HCl_Tab 200mg,0203020D0AAABAB,3,2.100000000000002
39,P81159,Clonazepam_Tab 500mcg,0408010F0AAABAB,1,2.033999999999996
159,P81681,Tetrabenazine_Tab 25mg,0409030C0AAAAAA,2,1.9991999999999974
194,P81072,Methocarbamol_Tab 750mg,1002020S0AAABAB,2,1.9263999999999992
193,P81172,Methocarbamol_Tab 750mg,1002020S0AAABAB,2,1.9263999999999992
45,P81172,Clonazepam_Tab 500mcg,0408010F0AAABAB,3,1.898399999999996
50,P81115,Clonazepam_Tab 500mcg,0408010F0AAABAB,3,1.898399999999996
49,P81066,Clonazepam_Tab 500mcg,0408010F0AAABAB,6,1.898399999999996
48,P81063,Clonazepam_Tab 500mcg,0408010F0AAABAB,1,1.898399999999996
47,P81092,Clonazepam_Tab 500mcg,0408010F0AAABAB,6,1.898399999999996
46,P81713,Clonazepam_Tab 500mcg,0408010F0AAABAB,1,1.898399999999996
41,P81159,Clonazepam_Tab 500mcg,0408010F0AAABAB,4,1.898399999999996
44,P81054,Clonazepam_Tab 500mcg,0408010F0AAABAB,2,1.898399999999996
43,P81681,Clonazepam_Tab 500mcg,0408010F0AAABAB,1,1.898399999999996
42,P81074,Clonazepam_Tab 500mcg,0408010F0AAABAB,1,1.898399999999996
52,P81072,Clonazepam_Tab 500mcg,0408010F0AAABAB,2,1.898399999999996
40,P81159,Clonazepam_Tab 500mcg,0408010F0AAABAB,1,1.898399999999996
54,P81073,Clonazepam_Tab 500mcg,0408010F0AAABAB,6,1.898399999999996
51,P81073,Clonazepam_Tab 500mcg,0408010F0AAABAB,3,1.898399999999996
53,P81042,Clonazepam_Tab 500mcg,0408010F0AAABAB,3,1.898399999999996
172,P81054,Amiodarone HCl_Tab 200mg,0203020D0AAABAB,5,1.7500000000000016
173,P81042,Amiodarone HCl_Tab 200mg,0203020D0AAABAB,5,1.7500000000000016
55,P81681,Clonazepam_Tab 500mcg,0408010F0AAABAB,4,1.747199999999998
57,P81016,Clonazepam_Tab 500mcg,0408010F0AAABAB,5,1.5819999999999967
59,P81042,Clonazepam_Tab 500mcg,0408010F0AAABAB,5,1.5819999999999967
58,P81081,Clonazepam_Tab 500mcg,0408010F0AAABAB,5,1.5819999999999967
56,P81042,Clonazepam_Tab 500mcg,0408010F0AAABAB,2,1.5819999999999967
160,P81115,Tetrabenazine_Tab 25mg,0409030C0AAAAAA,1,1.499399999999998
195,P81714,Methocarbamol_Tab 750mg,1002020S0AAABAB,2,1.4447999999999994
60,P81016,Clonazepam_Tab 500mcg,0408010F0AAABAB,3,1.423799999999997
174,P81043,Amiodarone HCl_Tab 200mg,0203020D0AAABAB,4,1.4000000000000012
62,P81016,Clonazepam_Tab 500mcg,0408010F0AAABAB,2,1.3559999999999972
61,P81016,Clonazepam_Tab 500mcg,0408010F0AAABAB,1,1.3559999999999972
68,P81159,Clonazepam_Tab 500mcg,0408010F0AAABAB,1,1.2655999999999974
63,P81072,Clonazepam_Tab 500mcg,0408010F0AAABAB,2,1.2655999999999974
69,P81043,Clonazepam_Tab 500mcg,0408010F0AAABAB,1,1.2655999999999974
70,P81073,Clonazepam_Tab 500mcg,0408010F0AAABAB,1,1.2655999999999974
65,P81063,Clonazepam_Tab 500mcg,0408010F0AAABAB,1,1.2655999999999974
71,P81016,Clonazepam_Tab 500mcg,0408010F0AAABAB,1,1.2655999999999974
72,P81681,Clonazepam_Tab 500mcg,0408010F0AAABAB,4,1.2655999999999974
67,P81072,Clonazepam_Tab 500mcg,0408010F0AAABAB,1,1.2655999999999974
66,P81681,Clonazepam_Tab 500mcg,0408010F0AAABAB,1,1.2655999999999974
64,P81074,Clonazepam_Tab 500mcg,0408010F0AAABAB,1,1.2655999999999974
73,P81074,Clonazepam_Tab 500mcg,0408010F0AAABAB,5,1.1864999999999974
74,P81043,Clonazepam_Tab 500mcg,0408010F0AAABAB,1,1.1299999999999977
75,P81073,Clonazepam_Tab 500mcg,0408010F0AAABAB,1,1.1299999999999977
196,P81072,Methocarbamol_Tab 750mg,1002020S0AAABAB,3,1.1088000000000038
175,P81072,Amiodarone HCl_Tab 200mg,0203020D0AAABAB,3,1.050000000000001
177,P81681,Amiodarone HCl_Tab 200mg,0203020D0AAABAB,3,1.050000000000001
178,P81081,Amiodarone HCl_Tab 200mg,0203020D0AAABAB,3,1.050000000000001
176,P81159,Amiodarone HCl_Tab 200mg,0203020D0AAABAB,1,1.050000000000001
163,P81042,Tetrabenazine_Tab 25mg,0409030C0AAAAAA,1,0.9995999999999987
161,P81074,Tetrabenazine_Tab 25mg,0409030C0AAAAAA,4,0.9995999999999987
162,P81074,Tetrabenazine_Tab 25mg,0409030C0AAAAAA,1,0.9995999999999987
198,P81073,Methocarbamol_Tab 750mg,1002020S0AAABAB,1,0.9631999999999996
199,P81074,Methocarbamol_Tab 750mg,1002020S0AAABAB,1,0.9631999999999996
200,P81115,Methocarbamol_Tab 750mg,1002020S0AAABAB,2,0.9631999999999996
197,P81074,Methocarbamol_Tab 750mg,1002020S0AAABAB,2,0.9631999999999996
232,P81115,Co-Codamol_Cap 8mg/500mg,0407010F0AAABAB,6,0.9600000000000108
233,P81115,Co-Codamol_Cap 8mg/500mg,0407010F0AAABAB,6,0.9600000000000108
77,P81004,Clonazepam_Tab 500mcg,0408010F0AAABAB,3,0.949199999999998
76,P81074,Clonazepam_Tab 500mcg,0408010F0AAABAB,1,0.949199999999998
81,P81073,Clonazepam_Tab 500mcg,0408010F0AAABAB,1,0.949199999999998
78,P81681,Clonazepam_Tab 500mcg,0408010F0AAABAB,4,0.949199999999998
79,P81042,Clonazepam_Tab 500mcg,0408010F0AAABAB,1,0.949199999999998
80,P81092,Clonazepam_Tab 500mcg,0408010F0AAABAB,4,0.949199999999998
82,P81063,Clonazepam_Tab 500mcg,0408010F0AAABAB,3,0.949199999999998
83,P81004,Clonazepam_Tab 500mcg,0408010F0AAABAB,1,0.949199999999998
204,P81054,Methocarbamol_Tab 750mg,1002020S0AAABAB,2,0.8599999999999997
203,P81072,Methocarbamol_Tab 750mg,1002020S0AAABAB,1,0.8599999999999997
202,P81681,Methocarbamol_Tab 750mg,1002020S0AAABAB,2,0.8599999999999997
201,P81072,Methocarbamol_Tab 750mg,1002020S0AAABAB,2,0.8599999999999997
86,P81066,Clonazepam_Tab 500mcg,0408010F0AAABAB,5,0.7909999999999984
88,P81115,Clonazepam_Tab 500mcg,0408010F0AAABAB,5,0.7909999999999984
87,P81004,Clonazepam_Tab 500mcg,0408010F0AAABAB,5,0.7909999999999984
85,P81681,Clonazepam_Tab 500mcg,0408010F0AAABAB,5,0.7909999999999984
84,P81042,Clonazepam_Tab 500mcg,0408010F0AAABAB,2,0.7909999999999984
89,P81043,Clonazepam_Tab 500mcg,0408010F0AAABAB,5,0.7909999999999984
164,P81072,Tetrabenazine_Tab 25mg,0409030C0AAAAAA,1,0.749699999999999
235,P81063,Co-Codamol_Cap 8mg/500mg,0407010F0AAABAB,4,0.7168000000000081
234,P81063,Co-Codamol_Cap 8mg/500mg,0407010F0AAABAB,4,0.7168000000000081
90,P81063,Clonazepam_Tab 500mcg,0408010F0AAABAB,3,0.7118999999999985
182,P81159,Amiodarone HCl_Tab 200mg,0203020D0AAABAB,1,0.7000000000000006
181,P81063,Amiodarone HCl_Tab 200mg,0203020D0AAABAB,2,0.7000000000000006
180,P81115,Amiodarone HCl_Tab 200mg,0203020D0AAABAB,2,0.7000000000000006
179,P81172,Amiodarone HCl_Tab 200mg,0203020D0AAABAB,1,0.7000000000000006
183,P81074,Amiodarone HCl_Tab 200mg,0203020D0AAABAB,1,0.7000000000000006
184,P81714,Amiodarone HCl_Tab 200mg,0203020D0AAABAB,1,0.7000000000000006
92,P81063,Clonazepam_Tab 500mcg,0408010F0AAABAB,1,0.6779999999999986
91,P81042,Clonazepam_Tab 500mcg,0408010F0AAABAB,1,0.6779999999999986
239,P81004,Co-Codamol_Cap 8mg/500mg,0407010F0AAABAB,2,0.6400000000000072
236,P81004,Co-Codamol_Cap 8mg/500mg,0407010F0AAABAB,2,0.6400000000000072
237,P81714,Co-Codamol_Cap 8mg/500mg,0407010F0AAABAB,4,0.6400000000000072
238,P81714,Co-Codamol_Cap 8mg/500mg,0407010F0AAABAB,4,0.6400000000000072
95,P81054,Clonazepam_Tab 500mcg,0408010F0AAABAB,1,0.6327999999999987
96,P81004,Clonazepam_Tab 500mcg,0408010F0AAABAB,1,0.6327999999999987
97,P81072,Clonazepam_Tab 500mcg,0408010F0AAABAB,8,0.6327999999999987
98,P81159,Clonazepam_Tab 500mcg,0408010F0AAABAB,4,0.6327999999999987
99,P81043,Clonazepam_Tab 500mcg,0408010F0AAABAB,1,0.6327999999999987
100,P81713,Clonazepam_Tab 500mcg,0408010F0AAABAB,2,0.6327999999999987
94,P81043,Clonazepam_Tab 500mcg,0408010F0AAABAB,2,0.6327999999999987
101,P81016,Clonazepam_Tab 500mcg,0408010F0AAABAB,1,0.6327999999999987
93,P81172,Clonazepam_Tab 500mcg,0408010F0AAABAB,4,0.6327999999999987
102,P81172,Clonazepam_Tab 500mcg,0408010F0AAABAB,2,0.6327999999999987
205,P81063,Methocarbamol_Tab 750mg,1002020S0AAABAB,3,0.5544000000000019
165,P81115,Tetrabenazine_Tab 25mg,0409030C0AAAAAA,1,0.5369999999999991
166,P81681,Tetrabenazine_Tab 25mg,0409030C0AAAAAA,1,0.49979999999999936
208,P81054,Methocarbamol_Tab 750mg,1002020S0AAABAB,1,0.4815999999999998
207,P81172,Methocarbamol_Tab 750mg,1002020S0AAABAB,1,0.4815999999999998
209,P81092,Methocarbamol_Tab 750mg,1002020S0AAABAB,1,0.4815999999999998
206,P81072,Methocarbamol_Tab 750mg,1002020S0AAABAB,2,0.4815999999999998
243,P81681,Co-Codamol_Cap 8mg/500mg,0407010F0AAABAB,3,0.4800000000000054
242,P81016,Co-Codamol_Cap 8mg/500mg,0407010F0AAABAB,3,0.4800000000000054
241,P81681,Co-Codamol_Cap 8mg/500mg,0407010F0AAABAB,3,0.4800000000000054
240,P81016,Co-Codamol_Cap 8mg/500mg,0407010F0AAABAB,3,0.4800000000000054
103,P81681,Clonazepam_Tab 500mcg,0408010F0AAABAB,1,0.474599999999999
104,P81092,Clonazepam_Tab 500mcg,0408010F0AAABAB,1,0.474599999999999
105,P81054,Clonazepam_Tab 500mcg,0408010F0AAABAB,1,0.45199999999999907
244,P81115,Co-Codamol_Cap 8mg/500mg,0407010F0AAABAB,5,0.44800000000000506
245,P81115,Co-Codamol_Cap 8mg/500mg,0407010F0AAABAB,5,0.44800000000000506
211,P81004,Methocarbamol_Tab 750mg,1002020S0AAABAB,1,0.4299999999999998
212,P81074,Methocarbamol_Tab 750mg,1002020S0AAABAB,1,0.4299999999999998
210,P81159,Methocarbamol_Tab 750mg,1002020S0AAABAB,1,0.4299999999999998
213,P81054,Methocarbamol_Tab 750mg,1002020S0AAABAB,3,0.39600000000000135
106,P81043,Clonazepam_Tab 500mcg,0408010F0AAABAB,5,0.3954999999999992
216,P81681,Methocarbamol_Tab 750mg,1002020S0AAABAB,1,0.36960000000000126
214,P81172,Methocarbamol_Tab 750mg,1002020S0AAABAB,1,0.36960000000000126
215,P81713,Methocarbamol_Tab 750mg,1002020S0AAABAB,1,0.36960000000000126
217,P81074,Methocarbamol_Tab 750mg,1002020S0AAABAB,1,0.36960000000000126
218,P81081,Methocarbamol_Tab 750mg,1002020S0AAABAB,1,0.36960000000000126
247,P81681,Co-Codamol_Cap 8mg/500mg,0407010F0AAABAB,1,0.35840000000000405
249,P81115,Co-Codamol_Cap 8mg/500mg,0407010F0AAABAB,1,0.35840000000000405
246,P81681,Co-Codamol_Cap 8mg/500mg,0407010F0AAABAB,1,0.35840000000000405
248,P81115,Co-Codamol_Cap 8mg/500mg,0407010F0AAABAB,1,0.35840000000000405
250,P81063,Co-Codamol_Cap 8mg/500mg,0407010F0AAABAB,1,0.352000000000004
251,P81063,Co-Codamol_Cap 8mg/500mg,0407010F0AAABAB,1,0.352000000000004
185,P81172,Amiodarone HCl_Tab 200mg,0203020D0AAABAB,1,0.3500000000000003
186,P81073,Amiodarone HCl_Tab 200mg,0203020D0AAABAB,1,0.3500000000000003
187,P81066,Amiodarone HCl_Tab 200mg,0203020D0AAABAB,1,0.3500000000000003
188,P81004,Amiodarone HCl_Tab 200mg,0203020D0AAABAB,1,0.3500000000000003
110,P81172,Clonazepam_Tab 500mcg,0408010F0AAABAB,1,0.3389999999999993
109,P81016,Clonazepam_Tab 500mcg,0408010F0AAABAB,1,0.3389999999999993
108,P81054,Clonazepam_Tab 500mcg,0408010F0AAABAB,1,0.3389999999999993
107,P81159,Clonazepam_Tab 500mcg,0408010F0AAABAB,1,0.3389999999999993
189,P81074,Amiodarone HCl_Tab 200mg,0203020D0AAABAB,4,0.3388
256,P81074,Co-Codamol_Cap 8mg/500mg,0407010F0AAABAB,2,0.3200000000000036
254,P81115,Co-Codamol_Cap 8mg/500mg,0407010F0AAABAB,1,0.3200000000000036
263,P81063,Co-Codamol_Cap 8mg/500mg,0407010F0AAABAB,2,0.3200000000000036
262,P81073,Co-Codamol_Cap 8mg/500mg,0407010F0AAABAB,1,0.3200000000000036
261,P81074,Co-Codamol_Cap 8mg/500mg,0407010F0AAABAB,2,0.3200000000000036
260,P81159,Co-Codamol_Cap 8mg/500mg,0407010F0AAABAB,2,0.3200000000000036
253,P81159,Co-Codamol_Cap 8mg/500mg,0407010F0AAABAB,2,0.3200000000000036
259,P81092,Co-Codamol_Cap 8mg/500mg,0407010F0AAABAB,2,0.3200000000000036
252,P81073,Co-Codamol_Cap 8mg/500mg,0407010F0AAABAB,1,0.3200000000000036
257,P81115,Co-Codamol_Cap 8mg/500mg,0407010F0AAABAB,1,0.3200000000000036
258,P81092,Co-Codamol_Cap 8mg/500mg,0407010F0AAABAB,2,0.3200000000000036
255,P81063,Co-Codamol_Cap 8mg/500mg,0407010F0AAABAB,2,0.3200000000000036
111,P81092,Clonazepam_Tab 500mcg,0408010F0AAABAB,2,0.31639999999999935
114,P81081,Clonazepam_Tab 500mcg,0408010F0AAABAB,4,0.31639999999999935
113,P81054,Clonazepam_Tab 500mcg,0408010F0AAABAB,4,0.31639999999999935
112,P81016,Clonazepam_Tab 500mcg,0408010F0AAABAB,4,0.31639999999999935
265,P81016,Co-Codamol_Cap 8mg/500mg,0407010F0AAABAB,1,0.28800000000000325
264,P81016,Co-Codamol_Cap 8mg/500mg,0407010F0AAABAB,1,0.28800000000000325
115,P81016,Clonazepam_Tab 500mcg,0408010F0AAABAB,1,0.2735999999999992
190,P81074,Amiodarone HCl_Tab 200mg,0203020D0AAABAB,1,0.2646
219,P81004,Methocarbamol_Tab 750mg,1002020S0AAABAB,2,0.2640000000000009
220,P81081,Methocarbamol_Tab 750mg,1002020S0AAABAB,1,0.25200000000000056
221,P81073,Methocarbamol_Tab 750mg,1002020S0AAABAB,1,0.25200000000000056
222,P81681,Methocarbamol_Tab 750mg,1002020S0AAABAB,1,0.25200000000000056
223,P81713,Methocarbamol_Tab 750mg,1002020S0AAABAB,2,0.2520000000000002
224,P81681,Methocarbamol_Tab 750mg,1002020S0AAABAB,1,0.2407999999999999
267,P81063,Co-Codamol_Cap 8mg/500mg,0407010F0AAABAB,1,0.2400000000000027
266,P81063,Co-Codamol_Cap 8mg/500mg,0407010F0AAABAB,1,0.2400000000000027
116,P81042,Clonazepam_Tab 500mcg,0408010F0AAABAB,1,0.2372999999999995
117,P81054,Clonazepam_Tab 500mcg,0408010F0AAABAB,1,0.2372999999999995
225,P81072,Methocarbamol_Tab 750mg,1002020S0AAABAB,4,0.22960000000000114
268,P81042,Co-Codamol_Cap 8mg/500mg,0407010F0AAABAB,2,0.19200000000000217
269,P81042,Co-Codamol_Cap 8mg/500mg,0407010F0AAABAB,2,0.19200000000000217
226,P81042,Methocarbamol_Tab 750mg,1002020S0AAABAB,1,0.18480000000000063
118,P81681,Clonazepam_Tab 500mcg,0408010F0AAABAB,1,0.1791999999999998
119,P81042,Clonazepam_Tab 500mcg,0408010F0AAABAB,1,0.174
270,P81681,Co-Codamol_Cap 8mg/500mg,0407010F0AAABAB,2,0.1700000000000007
271,P81681,Co-Codamol_Cap 8mg/500mg,0407010F0AAABAB,2,0.1700000000000007
120,P81159,Clonazepam_Tab 500mcg,0408010F0AAABAB,4,0.16959999999999997
191,P81004,Amiodarone HCl_Tab 200mg,0203020D0AAABAB,2,0.1694
272,P81004,Co-Codamol_Cap 8mg/500mg,0407010F0AAABAB,1,0.1600000000000018
276,P81072,Co-Codamol_Cap 8mg/500mg,0407010F0AAABAB,1,0.1600000000000018
275,P81004,Co-Codamol_Cap 8mg/500mg,0407010F0AAABAB,1,0.1600000000000018
274,P81043,Co-Codamol_Cap 8mg/500mg,0407010F0AAABAB,1,0.1600000000000018
273,P81043,Co-Codamol_Cap 8mg/500mg,0407010F0AAABAB,1,0.1600000000000018
277,P81072,Co-Codamol_Cap 8mg/500mg,0407010F0AAABAB,1,0.1600000000000018
126,P81073,Clonazepam_Tab 500mcg,0408010F0AAABAB,1,0.15819999999999967
125,P81063,Clonazepam_Tab 500mcg,0408010F0AAABAB,1,0.15819999999999967
123,P81172,Clonazepam_Tab 500mcg,0408010F0AAABAB,2,0.15819999999999967
122,P81714,Clonazepam_Tab 500mcg,0408010F0AAABAB,1,0.15819999999999967
121,P81054,Clonazepam_Tab 500mcg,0408010F0AAABAB,1,0.15819999999999967
124,P81072,Clonazepam_Tab 500mcg,0408010F0AAABAB,1,0.15819999999999967
227,P81092,Methocarbamol_Tab 750mg,1002020S0AAABAB,1,0.13200000000000045
278,P81092,Co-Codamol_Cap 8mg/500mg,0407010F0AAABAB,2,0.12800000000000145
280,P81092,Co-Codamol_Cap 8mg/500mg,0407010F0AAABAB,2,0.12800000000000145
279,P81115,Co-Codamol_Cap 8mg/500mg,0407010F0AAABAB,1,0.12800000000000145
281,P81115,Co-Codamol_Cap 8mg/500mg,0407010F0AAABAB,2,0.12800000000000145
282,P81115,Co-Codamol_Cap 8mg/500mg,0407010F0AAABAB,2,0.12800000000000145
283,P81115,Co-Codamol_Cap 8mg/500mg,0407010F0AAABAB,1,0.12800000000000145
228,P81074,Methocarbamol_Tab 750mg,1002020S0AAABAB,1,0.1260000000000001
229,P81004,Methocarbamol_Tab 750mg,1002020S0AAABAB,1,0.1260000000000001
230,P81063,Methocarbamol_Tab 750mg,1002020S0AAABAB,1,0.1260000000000001
127,P81072,Clonazepam_Tab 500mcg,0408010F0AAABAB,1,0.11599999999999999
284,P81081,Co-Codamol_Cap 8mg/500mg,0407010F0AAABAB,1,0.10240000000000116
285,P81081,Co-Codamol_Cap 8mg/500mg,0407010F0AAABAB,1,0.10240000000000116
286,P81159,Co-Codamol_Cap 8mg/500mg,0407010F0AAABAB,1,0.09600000000000108
287,P81092,Co-Codamol_Cap 8mg/500mg,0407010F0AAABAB,1,0.09600000000000108
288,P81714,Co-Codamol_Cap 8mg/500mg,0407010F0AAABAB,1,0.09600000000000108
290,P81714,Co-Codamol_Cap 8mg/500mg,0407010F0AAABAB,1,0.09600000000000108
291,P81092,Co-Codamol_Cap 8mg/500mg,0407010F0AAABAB,1,0.09600000000000108
289,P81159,Co-Codamol_Cap 8mg/500mg,0407010F0AAABAB,1,0.09600000000000108
231,P81074,Methocarbamol_Tab 750mg,1002020S0AAABAB,1,0.09240000000000032
292,P81072,Co-Codamol_Cap 8mg/500mg,0407010F0AAABAB,1,0.08960000000000101
293,P81072,Co-Codamol_Cap 8mg/500mg,0407010F0AAABAB,1,0.08960000000000101
297,P81713,Co-Codamol_Cap 8mg/500mg,0407010F0AAABAB,1,0.08500000000000035
296,P81713,Co-Codamol_Cap 8mg/500mg,0407010F0AAABAB,1,0.08500000000000035
295,P81043,Co-Codamol_Cap 8mg/500mg,0407010F0AAABAB,1,0.08500000000000035
294,P81043,Co-Codamol_Cap 8mg/500mg,0407010F0AAABAB,1,0.08500000000000035
299,P81016,Co-Codamol_Cap 8mg/500mg,0407010F0AAABAB,1,0.06400000000000072
298,P81016,Co-Codamol_Cap 8mg/500mg,0407010F0AAABAB,1,0.06400000000000072
128,Y02854,Clonazepam_Tab 500mcg,0408010F0AAABAB,1,0.06359999999999999
301,P81042,Co-Codamol_Cap 8mg/500mg,0407010F0AAABAB,1,0.05120000000000058
300,P81042,Co-Codamol_Cap 8mg/500mg,0407010F0AAABAB,1,0.05120000000000058
130,Y02854,Clonazepam_Tab 500mcg,0408010F0AAABAB,1,0.03689999999999993
129,P81159,Clonazepam_Tab 500mcg,0408010F0AAABAB,1,0.03689999999999993
12,P81172,Mesalazine_Tab E/C 800mg,0105010B0AAASAS,1,0.008999999999999009
13,P81043,Mesalazine_Tab E/C 800mg,0105010B0AAASAS,1,0.008999999999999009
14,P81066,Mesalazine_Tab E/C 800mg,0105010B0AAASAS,1,0.008999999999999009
144,P81159,Mesalazine_Tab E/C 400mg,0105010B0AAAAAA,1,0.005599999999999383
303,P81172,Quetiapine_Tab 200mg,0402010ABAAADAD,1,-0.0006999999999999229
304,P81054,Quetiapine_Tab 200mg,0402010ABAAADAD,2,-0.0013999999999998458
145,P81054,Mesalazine_Tab E/C 400mg,0105010B0AAAAAA,1,-0.0017999999999998018
307,P81004,Quetiapine_Tab 200mg,0402010ABAAADAD,1,-0.0027999999999996916
305,P81172,Quetiapine_Tab 200mg,0402010ABAAADAD,1,-0.0027999999999996916
308,P81714,Quetiapine_Tab 200mg,0402010ABAAADAD,4,-0.0027999999999996916
309,P81016,Quetiapine_Tab 200mg,0402010ABAAADAD,1,-0.0027999999999996916
310,P81016,Quetiapine_Tab 200mg,0402010ABAAADAD,2,-0.0027999999999996916
311,P81043,Quetiapine_Tab 200mg,0402010ABAAADAD,1,-0.0027999999999996916
306,P81042,Quetiapine_Tab 200mg,0402010ABAAADAD,4,-0.0027999999999996916
312,P81115,Quetiapine_Tab 200mg,0402010ABAAADAD,5,-0.0034999999999996145
313,P81054,Quetiapine_Tab 200mg,0402010ABAAADAD,1,-0.0041999999999995374
321,P81172,Quetiapine_Tab 200mg,0402010ABAAADAD,4,-0.005599999999999383
322,P81081,Quetiapine_Tab 200mg,0402010ABAAADAD,4,-0.005599999999999383
320,P81072,Quetiapine_Tab 200mg,0402010ABAAADAD,4,-0.005599999999999383
319,P81081,Quetiapine_Tab 200mg,0402010ABAAADAD,2,-0.005599999999999383
318,P81063,Quetiapine_Tab 200mg,0402010ABAAADAD,2,-0.005599999999999383
317,P81072,Quetiapine_Tab 200mg,0402010ABAAADAD,8,-0.005599999999999383
316,P81016,Quetiapine_Tab 200mg,0402010ABAAADAD,8,-0.005599999999999383
315,P81074,Quetiapine_Tab 200mg,0402010ABAAADAD,4,-0.005599999999999383
314,P81054,Quetiapine_Tab 200mg,0402010ABAAADAD,2,-0.005599999999999383
15,P81063,Mesalazine_Tab E/C 800mg,0105010B0AAASAS,1,-0.005999999999999339
324,P81063,Quetiapine_Tab 200mg,0402010ABAAADAD,11,-0.007699999999999152
323,P81004,Quetiapine_Tab 200mg,0402010ABAAADAD,11,-0.007699999999999152
327,P81054,Quetiapine_Tab 200mg,0402010ABAAADAD,6,-0.008399999999999075
329,P81115,Quetiapine_Tab 200mg,0402010ABAAADAD,2,-0.008399999999999075
326,P81043,Quetiapine_Tab 200mg,0402010ABAAADAD,4,-0.008399999999999075
328,P81714,Quetiapine_Tab 200mg,0402010ABAAADAD,6,-0.008399999999999075
325,P81172,Quetiapine_Tab 200mg,0402010ABAAADAD,4,-0.008399999999999075
330,P81159,Quetiapine_Tab 200mg,0402010ABAAADAD,3,-0.008399999999999075
331,P81714,Quetiapine_Tab 200mg,0402010ABAAADAD,5,-0.010499999999998844
337,P81074,Quetiapine_Tab 200mg,0402010ABAAADAD,4,-0.011199999999998766
335,P81072,Quetiapine_Tab 200mg,0402010ABAAADAD,4,-0.011199999999998766
334,P81042,Quetiapine_Tab 200mg,0402010ABAAADAD,4,-0.011199999999998766
333,P81115,Quetiapine_Tab 200mg,0402010ABAAADAD,4,-0.011199999999998766
332,P81681,Quetiapine_Tab 200mg,0402010ABAAADAD,4,-0.011199999999998766
336,P81042,Quetiapine_Tab 200mg,0402010ABAAADAD,8,-0.011199999999998766
338,P81072,Quetiapine_Tab 200mg,0402010ABAAADAD,8,-0.01679999999999815
146,P81159,Mesalazine_Tab E/C 400mg,0105010B0AAAAAA,1,-7.9799999999999995
147,P81072,Mesalazine_Tab E/C 400mg,0105010B0AAAAAA,1,-11.978399999999999
148,P81081,Mesalazine_Tab E/C 400mg,0105010B0AAAAAA,1,-11.978399999999999
149,P81054,Mesalazine_Tab E/C 400mg,0105010B0AAAAAA,1,-14.259999999999998
150,P81081,Mesalazine_Tab E/C 400mg,0105010B0AAAAAA,1,-15.971199999999998
151,P81172,Mesalazine_Tab E/C 400mg,0105010B0AAAAAA,1,-17.112
18,P81043,Mesalazine_Tab E/C 800mg,0105010B0AAASAS,1,-18.441
17,P81066,Mesalazine_Tab E/C 800mg,0105010B0AAASAS,1,-18.441
16,P81172,Mesalazine_Tab E/C 800mg,0105010B0AAASAS,1,-18.441
152,P81073,Mesalazine_Tab E/C 400mg,0105010B0AAAAAA,1,-34.224
19,P81042,Mesalazine_Tab E/C 800mg,0105010B0AAASAS,2,-34.439999999999976
20,P81073,Mesalazine_Tab E/C 800mg,0105010B0AAASAS,1,-34.43999999999999
21,P81681,Mesalazine_Tab E/C 800mg,0105010B0AAASAS,1,-36.89999999999999
22,P81172,Mesalazine_Tab E/C 800mg,0105010B0AAASAS,1,-36.89999999999999
