,practice_code,bnf_description,bnf_code,items,excess_cost
181,G84025,Letrozole_Tab 2.5mg,0803041L0AAAAAA,3,131.8968
186,G84010,Mesalazine_Tab E/C 800mg,0105010B0AAASAS,3,103.31999999999998
187,G84023,Mesalazine_Tab E/C 800mg,0105010B0AAASAS,1,73.79999999999998
27,G84010,Paracet_Tab Solb 500mg,0407010H0AAAQAQ,2,73.48000000000002
28,G84010,Paracet_Tab Solb 500mg,0407010H0AAAQAQ,2,73.48000000000002
188,G84020,Mesalazine_Tab E/C 800mg,0105010B0AAASAS,1,68.87999999999998
189,G84016,Mesalazine_Tab E/C 800mg,0105010B0AAASAS,1,68.87999999999998
190,G84021,Mesalazine_Tab E/C 800mg,0105010B0AAASAS,1,51.65999999999999
1,G84018,Mesalazine_Tab E/C 400mg,0105010B0AAAAAA,1,47.913599999999995
0,G84015,Mesalazine_Tab E/C 400mg,0105010B0AAAAAA,1,47.913599999999995
2,G84011,Mesalazine_Tab E/C 400mg,0105010B0AAAAAA,2,47.913599999999995
3,G84011,Mesalazine_Tab E/C 400mg,0105010B0AAAAAA,1,47.913599999999995
4,G84010,Mesalazine_Tab E/C 400mg,0105010B0AAAAAA,1,47.913599999999995
191,G84630,Mesalazine_Tab E/C 800mg,0105010B0AAASAS,2,45.91999999999999
5,G84015,Mesalazine_Tab E/C 400mg,0105010B0AAAAAA,1,39.92799999999999
192,G84627,Mesalazine_Tab E/C 800mg,0105010B0AAASAS,2,36.90000000000001
196,G84039,Mesalazine_Tab E/C 800mg,0105010B0AAASAS,1,36.89999999999999
195,G84020,Mesalazine_Tab E/C 800mg,0105010B0AAASAS,1,36.89999999999999
194,G84004,Mesalazine_Tab E/C 800mg,0105010B0AAASAS,1,36.89999999999999
193,G84630,Mesalazine_Tab E/C 800mg,0105010B0AAASAS,1,36.89999999999999
197,G84625,Mesalazine_Tab E/C 800mg,0105010B0AAASAS,1,34.43999999999999
200,G84016,Mesalazine_Tab E/C 800mg,0105010B0AAASAS,2,34.43999999999999
201,G84040,Mesalazine_Tab E/C 800mg,0105010B0AAASAS,2,34.43999999999999
198,G84020,Mesalazine_Tab E/C 800mg,0105010B0AAASAS,1,34.43999999999999
199,G84003,Mesalazine_Tab E/C 800mg,0105010B0AAASAS,2,34.43999999999999
6,G84010,Mesalazine_Tab E/C 400mg,0105010B0AAAAAA,1,27.949599999999997
7,G84020,Mesalazine_Tab E/C 400mg,0105010B0AAAAAA,1,25.667999999999996
202,G84009,Mesalazine_Tab E/C 800mg,0105010B0AAASAS,1,24.599999999999994
9,G84010,Mesalazine_Tab E/C 400mg,0105010B0AAAAAA,1,23.956799999999998
8,G84015,Mesalazine_Tab E/C 400mg,0105010B0AAAAAA,1,23.956799999999998
10,G84630,Mesalazine_Tab E/C 400mg,0105010B0AAAAAA,1,23.956799999999998
203,G84020,Mesalazine_Tab E/C 800mg,0105010B0AAASAS,1,22.959999999999994
204,G84010,Mesalazine_Tab E/C 800mg,0105010B0AAASAS,1,22.959999999999994
205,G84016,Mesalazine_Tab E/C 800mg,0105010B0AAASAS,1,22.959999999999994
206,G84023,Mesalazine_Tab E/C 800mg,0105010B0AAASAS,2,17.220000000000006
207,G84029,Mesalazine_Tab E/C 800mg,0105010B0AAASAS,1,17.219999999999995
208,G84005,Mesalazine_Tab E/C 800mg,0105010B0AAASAS,1,17.219999999999995
11,G84041,Mesalazine_Tab E/C 400mg,0105010B0AAAAAA,1,17.099999999999998
12,G84010,Mesalazine_Tab E/C 400mg,0105010B0AAAAAA,1,17.099999999999998
336,G84016,Valsartan_Tab 40mg,0205052V0AAADAD,1,15.344000000000001
338,G84002,Sod Bicarb_Cap 500mg,0902013S0AAACAC,3,13.456800000000001
13,G84041,Mesalazine_Tab E/C 400mg,0105010B0AAAAAA,1,11.978399999999999
209,G84035,Mesalazine_Tab E/C 800mg,0105010B0AAASAS,1,11.479999999999997
14,G84027,Mesalazine_Tab E/C 400mg,0105010B0AAAAAA,1,7.985599999999999
47,G84023,Clonazepam_Tab 500mcg,0408010F0AAABAB,7,4.429599999999991
233,G84002,Pyridox HCl_Tab 50mg,0906024N0AAAIAI,3,4.309200000000001
337,G84002,Valsartan_Tab 40mg,0205052V0AAADAD,1,3.8360000000000003
234,G84023,Pyridox HCl_Tab 50mg,0906024N0AAAIAI,1,3.830400000000001
257,G84018,Amiodarone HCl_Tab 200mg,0203020D0AAABAB,3,3.150000000000003
237,G84627,Pyridox HCl_Tab 50mg,0906024N0AAAIAI,1,2.8728000000000007
236,G84010,Pyridox HCl_Tab 50mg,0906024N0AAAIAI,2,2.8728000000000007
235,G84628,Pyridox HCl_Tab 50mg,0906024N0AAAIAI,1,2.8728000000000007
48,G84627,Clonazepam_Tab 500mcg,0408010F0AAABAB,1,2.847599999999994
49,G84006,Clonazepam_Tab 500mcg,0408010F0AAABAB,1,2.7119999999999944
53,G84020,Clonazepam_Tab 500mcg,0408010F0AAABAB,2,2.531199999999995
52,G84033,Clonazepam_Tab 500mcg,0408010F0AAABAB,2,2.531199999999995
51,G84030,Clonazepam_Tab 500mcg,0408010F0AAABAB,2,2.531199999999995
50,G84006,Clonazepam_Tab 500mcg,0408010F0AAABAB,2,2.531199999999995
55,G84016,Clonazepam_Tab 500mcg,0408010F0AAABAB,1,2.2599999999999953
54,G84027,Clonazepam_Tab 500mcg,0408010F0AAABAB,2,2.2599999999999953
258,G84033,Amiodarone HCl_Tab 200mg,0203020D0AAABAB,3,2.100000000000002
259,G84006,Amiodarone HCl_Tab 200mg,0203020D0AAABAB,3,2.100000000000002
260,G84023,Amiodarone HCl_Tab 200mg,0203020D0AAABAB,3,2.100000000000002
241,G84023,Pyridox HCl_Tab 50mg,0906024N0AAAIAI,1,1.9152000000000005
238,G84023,Pyridox HCl_Tab 50mg,0906024N0AAAIAI,2,1.9152000000000005
239,Y02811,Pyridox HCl_Tab 50mg,0906024N0AAAIAI,1,1.9152000000000005
240,G84001,Pyridox HCl_Tab 50mg,0906024N0AAAIAI,1,1.9152000000000005
68,G84027,Clonazepam_Tab 500mcg,0408010F0AAABAB,3,1.898399999999996
66,G84028,Clonazepam_Tab 500mcg,0408010F0AAABAB,4,1.898399999999996
67,G84002,Clonazepam_Tab 500mcg,0408010F0AAABAB,1,1.898399999999996
56,G84016,Clonazepam_Tab 500mcg,0408010F0AAABAB,1,1.898399999999996
57,G84006,Clonazepam_Tab 500mcg,0408010F0AAABAB,3,1.898399999999996
58,G84019,Clonazepam_Tab 500mcg,0408010F0AAABAB,3,1.898399999999996
59,G84016,Clonazepam_Tab 500mcg,0408010F0AAABAB,3,1.898399999999996
60,G84010,Clonazepam_Tab 500mcg,0408010F0AAABAB,3,1.898399999999996
61,G84020,Clonazepam_Tab 500mcg,0408010F0AAABAB,2,1.898399999999996
62,G84023,Clonazepam_Tab 500mcg,0408010F0AAABAB,2,1.898399999999996
63,G84016,Clonazepam_Tab 500mcg,0408010F0AAABAB,2,1.898399999999996
64,G84007,Clonazepam_Tab 500mcg,0408010F0AAABAB,3,1.898399999999996
65,G84001,Clonazepam_Tab 500mcg,0408010F0AAABAB,1,1.898399999999996
69,G84028,Clonazepam_Tab 500mcg,0408010F0AAABAB,2,1.8079999999999963
70,G84007,Clonazepam_Tab 500mcg,0408010F0AAABAB,5,1.5819999999999967
71,G84027,Clonazepam_Tab 500mcg,0408010F0AAABAB,1,1.5819999999999967
292,G84023,Diltiazem HCl_Tab 60mg M/R,0206020C0AAAAAA,3,1.5120000000000013
293,G84003,Diltiazem HCl_Tab 60mg M/R,0206020C0AAAAAA,3,1.5120000000000013
294,Y00542,Diltiazem HCl_Tab 60mg M/R,0206020C0AAAAAA,2,1.478400000000005
245,G84023,Pyridox HCl_Tab 50mg,0906024N0AAAIAI,1,1.4364000000000003
242,G84009,Pyridox HCl_Tab 50mg,0906024N0AAAIAI,1,1.4364000000000003
243,G84022,Pyridox HCl_Tab 50mg,0906024N0AAAIAI,1,1.4364000000000003
244,Y00542,Pyridox HCl_Tab 50mg,0906024N0AAAIAI,1,1.4364000000000003
246,G84033,Pyridox HCl_Tab 50mg,0906024N0AAAIAI,1,1.4364000000000003
247,G84001,Pyridox HCl_Tab 50mg,0906024N0AAAIAI,1,1.4364000000000003
248,G84630,Pyridox HCl_Tab 50mg,0906024N0AAAIAI,1,1.4364000000000003
72,G84016,Clonazepam_Tab 500mcg,0408010F0AAABAB,3,1.423799999999997
261,G84003,Amiodarone HCl_Tab 200mg,0203020D0AAABAB,2,1.4000000000000012
262,G84024,Amiodarone HCl_Tab 200mg,0203020D0AAABAB,2,1.4000000000000012
263,G84029,Amiodarone HCl_Tab 200mg,0203020D0AAABAB,2,1.4000000000000012
264,G84015,Amiodarone HCl_Tab 200mg,0203020D0AAABAB,2,1.4000000000000012
73,G84006,Clonazepam_Tab 500mcg,0408010F0AAABAB,1,1.3559999999999972
74,G84011,Clonazepam_Tab 500mcg,0408010F0AAABAB,1,1.3559999999999972
75,Y02811,Clonazepam_Tab 500mcg,0408010F0AAABAB,1,1.3559999999999972
77,G84008,Clonazepam_Tab 500mcg,0408010F0AAABAB,4,1.2655999999999974
83,G84010,Clonazepam_Tab 500mcg,0408010F0AAABAB,1,1.2655999999999974
76,G84627,Clonazepam_Tab 500mcg,0408010F0AAABAB,1,1.2655999999999974
79,G84009,Clonazepam_Tab 500mcg,0408010F0AAABAB,2,1.2655999999999974
84,G84604,Clonazepam_Tab 500mcg,0408010F0AAABAB,1,1.2655999999999974
78,G84029,Clonazepam_Tab 500mcg,0408010F0AAABAB,1,1.2655999999999974
80,G84011,Clonazepam_Tab 500mcg,0408010F0AAABAB,2,1.2655999999999974
81,G84032,Clonazepam_Tab 500mcg,0408010F0AAABAB,2,1.2655999999999974
85,G84010,Clonazepam_Tab 500mcg,0408010F0AAABAB,4,1.2655999999999974
86,G84027,Clonazepam_Tab 500mcg,0408010F0AAABAB,4,1.2655999999999974
87,G84023,Clonazepam_Tab 500mcg,0408010F0AAABAB,1,1.2655999999999974
88,G84001,Clonazepam_Tab 500mcg,0408010F0AAABAB,2,1.2655999999999974
89,G84022,Clonazepam_Tab 500mcg,0408010F0AAABAB,2,1.2655999999999974
90,G84024,Clonazepam_Tab 500mcg,0408010F0AAABAB,2,1.2655999999999974
91,G84024,Clonazepam_Tab 500mcg,0408010F0AAABAB,1,1.2655999999999974
92,G84035,Clonazepam_Tab 500mcg,0408010F0AAABAB,2,1.2655999999999974
82,Y00542,Clonazepam_Tab 500mcg,0408010F0AAABAB,2,1.2655999999999974
295,G84027,Diltiazem HCl_Tab 60mg M/R,0206020C0AAAAAA,2,1.2320000000000042
94,G84010,Clonazepam_Tab 500mcg,0408010F0AAABAB,1,1.1299999999999977
93,G84011,Clonazepam_Tab 500mcg,0408010F0AAABAB,1,1.1299999999999977
95,G84024,Clonazepam_Tab 500mcg,0408010F0AAABAB,1,1.1299999999999977
96,G84040,Clonazepam_Tab 500mcg,0408010F0AAABAB,1,1.1299999999999977
97,G84030,Clonazepam_Tab 500mcg,0408010F0AAABAB,1,1.1299999999999977
98,Y02811,Clonazepam_Tab 500mcg,0408010F0AAABAB,1,1.1299999999999977
99,G84017,Clonazepam_Tab 500mcg,0408010F0AAABAB,1,1.1299999999999977
101,G84004,Clonazepam_Tab 500mcg,0408010F0AAABAB,1,1.1299999999999977
102,G84015,Clonazepam_Tab 500mcg,0408010F0AAABAB,1,1.1299999999999977
100,G84001,Clonazepam_Tab 500mcg,0408010F0AAABAB,1,1.1299999999999977
265,G84010,Amiodarone HCl_Tab 200mg,0203020D0AAABAB,3,1.050000000000001
266,G84016,Amiodarone HCl_Tab 200mg,0203020D0AAABAB,3,1.050000000000001
267,G84028,Amiodarone HCl_Tab 200mg,0203020D0AAABAB,1,1.050000000000001
268,G84001,Amiodarone HCl_Tab 200mg,0203020D0AAABAB,3,1.050000000000001
296,G84032,Diltiazem HCl_Tab 60mg M/R,0206020C0AAAAAA,2,1.008000000000001
252,G84028,Pyridox HCl_Tab 50mg,0906024N0AAAIAI,1,0.9576000000000002
251,G84002,Pyridox HCl_Tab 50mg,0906024N0AAAIAI,1,0.9576000000000002
250,G84621,Pyridox HCl_Tab 50mg,0906024N0AAAIAI,1,0.9576000000000002
249,G84040,Pyridox HCl_Tab 50mg,0906024N0AAAIAI,1,0.9576000000000002
108,G84007,Clonazepam_Tab 500mcg,0408010F0AAABAB,1,0.949199999999998
110,G84002,Clonazepam_Tab 500mcg,0408010F0AAABAB,3,0.949199999999998
105,G84029,Clonazepam_Tab 500mcg,0408010F0AAABAB,1,0.949199999999998
106,G84003,Clonazepam_Tab 500mcg,0408010F0AAABAB,3,0.949199999999998
107,G84017,Clonazepam_Tab 500mcg,0408010F0AAABAB,3,0.949199999999998
109,G84023,Clonazepam_Tab 500mcg,0408010F0AAABAB,3,0.949199999999998
104,G84025,Clonazepam_Tab 500mcg,0408010F0AAABAB,1,0.949199999999998
111,G84627,Clonazepam_Tab 500mcg,0408010F0AAABAB,1,0.949199999999998
103,G84001,Clonazepam_Tab 500mcg,0408010F0AAABAB,3,0.949199999999998
298,Y00542,Diltiazem HCl_Tab 60mg M/R,0206020C0AAAAAA,2,0.7392000000000025
299,G84040,Diltiazem HCl_Tab 60mg M/R,0206020C0AAAAAA,1,0.7392000000000025
300,G84002,Diltiazem HCl_Tab 60mg M/R,0206020C0AAAAAA,2,0.7392000000000025
297,G84021,Diltiazem HCl_Tab 60mg M/R,0206020C0AAAAAA,1,0.7392000000000025
269,G84017,Amiodarone HCl_Tab 200mg,0203020D0AAABAB,2,0.7000000000000006
282,G84016,Amiodarone HCl_Tab 200mg,0203020D0AAABAB,1,0.7000000000000006
283,G84020,Amiodarone HCl_Tab 200mg,0203020D0AAABAB,1,0.7000000000000006
276,G84011,Amiodarone HCl_Tab 200mg,0203020D0AAABAB,1,0.7000000000000006
270,G84030,Amiodarone HCl_Tab 200mg,0203020D0AAABAB,1,0.7000000000000006
271,Y02811,Amiodarone HCl_Tab 200mg,0203020D0AAABAB,1,0.7000000000000006
272,G84627,Amiodarone HCl_Tab 200mg,0203020D0AAABAB,1,0.7000000000000006
273,G84040,Amiodarone HCl_Tab 200mg,0203020D0AAABAB,1,0.7000000000000006
274,G84007,Amiodarone HCl_Tab 200mg,0203020D0AAABAB,2,0.7000000000000006
275,G84028,Amiodarone HCl_Tab 200mg,0203020D0AAABAB,2,0.7000000000000006
277,G84009,Amiodarone HCl_Tab 200mg,0203020D0AAABAB,2,0.7000000000000006
278,G84028,Amiodarone HCl_Tab 200mg,0203020D0AAABAB,1,0.7000000000000006
279,G84035,Amiodarone HCl_Tab 200mg,0203020D0AAABAB,2,0.7000000000000006
280,Y00542,Amiodarone HCl_Tab 200mg,0203020D0AAABAB,1,0.7000000000000006
281,G84019,Amiodarone HCl_Tab 200mg,0203020D0AAABAB,2,0.7000000000000006
120,G84035,Clonazepam_Tab 500mcg,0408010F0AAABAB,2,0.6779999999999986
123,G84005,Clonazepam_Tab 500mcg,0408010F0AAABAB,1,0.6779999999999986
122,G84027,Clonazepam_Tab 500mcg,0408010F0AAABAB,1,0.6779999999999986
121,G84015,Clonazepam_Tab 500mcg,0408010F0AAABAB,1,0.6779999999999986
112,G84023,Clonazepam_Tab 500mcg,0408010F0AAABAB,1,0.6779999999999986
119,G84035,Clonazepam_Tab 500mcg,0408010F0AAABAB,1,0.6779999999999986
118,G84010,Clonazepam_Tab 500mcg,0408010F0AAABAB,1,0.6779999999999986
117,G84007,Clonazepam_Tab 500mcg,0408010F0AAABAB,1,0.6779999999999986
116,Y00542,Clonazepam_Tab 500mcg,0408010F0AAABAB,1,0.6779999999999986
115,G84039,Clonazepam_Tab 500mcg,0408010F0AAABAB,1,0.6779999999999986
114,G84033,Clonazepam_Tab 500mcg,0408010F0AAABAB,1,0.6779999999999986
113,G84001,Clonazepam_Tab 500mcg,0408010F0AAABAB,1,0.6779999999999986
124,G84015,Clonazepam_Tab 500mcg,0408010F0AAABAB,2,0.6327999999999987
125,Y02811,Clonazepam_Tab 500mcg,0408010F0AAABAB,1,0.6327999999999987
126,G84025,Clonazepam_Tab 500mcg,0408010F0AAABAB,1,0.6327999999999987
127,G84040,Clonazepam_Tab 500mcg,0408010F0AAABAB,2,0.6327999999999987
129,G84017,Clonazepam_Tab 500mcg,0408010F0AAABAB,4,0.6327999999999987
128,G84005,Clonazepam_Tab 500mcg,0408010F0AAABAB,2,0.6327999999999987
133,G84028,Clonazepam_Tab 500mcg,0408010F0AAABAB,2,0.6327999999999987
130,G84625,Clonazepam_Tab 500mcg,0408010F0AAABAB,1,0.6327999999999987
131,G84629,Clonazepam_Tab 500mcg,0408010F0AAABAB,1,0.6327999999999987
135,G84041,Clonazepam_Tab 500mcg,0408010F0AAABAB,2,0.6327999999999987
136,Y00542,Clonazepam_Tab 500mcg,0408010F0AAABAB,2,0.6327999999999987
137,G84624,Clonazepam_Tab 500mcg,0408010F0AAABAB,2,0.6327999999999987
138,G84028,Clonazepam_Tab 500mcg,0408010F0AAABAB,1,0.6327999999999987
139,G84020,Clonazepam_Tab 500mcg,0408010F0AAABAB,1,0.6327999999999987
140,G84629,Clonazepam_Tab 500mcg,0408010F0AAABAB,2,0.6327999999999987
141,G84005,Clonazepam_Tab 500mcg,0408010F0AAABAB,1,0.6327999999999987
142,G84624,Clonazepam_Tab 500mcg,0408010F0AAABAB,1,0.6327999999999987
143,G84040,Clonazepam_Tab 500mcg,0408010F0AAABAB,1,0.6327999999999987
144,G84013,Clonazepam_Tab 500mcg,0408010F0AAABAB,1,0.6327999999999987
134,G84030,Clonazepam_Tab 500mcg,0408010F0AAABAB,2,0.6327999999999987
132,G84033,Clonazepam_Tab 500mcg,0408010F0AAABAB,1,0.6327999999999987
145,G84032,Clonazepam_Tab 500mcg,0408010F0AAABAB,1,0.5699999999999983
146,G84028,Clonazepam_Tab 500mcg,0408010F0AAABAB,1,0.5699999999999983
147,G84627,Clonazepam_Tab 500mcg,0408010F0AAABAB,1,0.5699999999999983
301,G84039,Diltiazem HCl_Tab 60mg M/R,0206020C0AAAAAA,1,0.5280000000000018
148,G84016,Clonazepam_Tab 500mcg,0408010F0AAABAB,1,0.5129999999999985
302,G84022,Diltiazem HCl_Tab 60mg M/R,0206020C0AAAAAA,1,0.5040000000000004
303,G84021,Diltiazem HCl_Tab 60mg M/R,0206020C0AAAAAA,1,0.5040000000000004
308,G84035,Diltiazem HCl_Tab 60mg M/R,0206020C0AAAAAA,1,0.5040000000000004
307,G84627,Diltiazem HCl_Tab 60mg M/R,0206020C0AAAAAA,1,0.5040000000000004
306,G84028,Diltiazem HCl_Tab 60mg M/R,0206020C0AAAAAA,1,0.5040000000000004
304,G84628,Diltiazem HCl_Tab 60mg M/R,0206020C0AAAAAA,1,0.5040000000000004
305,G84005,Diltiazem HCl_Tab 60mg M/R,0206020C0AAAAAA,1,0.5040000000000004
311,G84039,Diltiazem HCl_Tab 60mg M/R,0206020C0AAAAAA,2,0.4928000000000017
310,G84005,Diltiazem HCl_Tab 60mg M/R,0206020C0AAAAAA,2,0.4928000000000017
309,G84019,Diltiazem HCl_Tab 60mg M/R,0206020C0AAAAAA,2,0.4928000000000017
255,G84010,Pyridox HCl_Tab 50mg,0906024N0AAAIAI,1,0.4788000000000001
253,G84001,Pyridox HCl_Tab 50mg,0906024N0AAAIAI,1,0.4788000000000001
254,G84023,Pyridox HCl_Tab 50mg,0906024N0AAAIAI,1,0.4788000000000001
256,Y00542,Pyridox HCl_Tab 50mg,0906024N0AAAIAI,1,0.4788000000000001
149,G84004,Clonazepam_Tab 500mcg,0408010F0AAABAB,3,0.474599999999999
312,G84003,Diltiazem HCl_Tab 60mg M/R,0206020C0AAAAAA,1,0.4400000000000015
314,G84035,Diltiazem HCl_Tab 60mg M/R,0206020C0AAAAAA,1,0.36960000000000126
318,G84604,Diltiazem HCl_Tab 60mg M/R,0206020C0AAAAAA,1,0.36960000000000126
315,G84040,Diltiazem HCl_Tab 60mg M/R,0206020C0AAAAAA,1,0.36960000000000126
313,G84033,Diltiazem HCl_Tab 60mg M/R,0206020C0AAAAAA,1,0.36960000000000126
316,G84604,Diltiazem HCl_Tab 60mg M/R,0206020C0AAAAAA,4,0.36960000000000126
317,G84627,Diltiazem HCl_Tab 60mg M/R,0206020C0AAAAAA,1,0.36960000000000126
288,G84627,Amiodarone HCl_Tab 200mg,0203020D0AAABAB,1,0.3500000000000003
287,G84003,Amiodarone HCl_Tab 200mg,0203020D0AAABAB,1,0.3500000000000003
284,G84002,Amiodarone HCl_Tab 200mg,0203020D0AAABAB,1,0.3500000000000003
285,G84008,Amiodarone HCl_Tab 200mg,0203020D0AAABAB,1,0.3500000000000003
286,G84624,Amiodarone HCl_Tab 200mg,0203020D0AAABAB,1,0.3500000000000003
151,G84004,Clonazepam_Tab 500mcg,0408010F0AAABAB,1,0.3389999999999993
150,G84021,Clonazepam_Tab 500mcg,0408010F0AAABAB,1,0.3389999999999993
154,G84007,Clonazepam_Tab 500mcg,0408010F0AAABAB,1,0.3389999999999993
153,G84001,Clonazepam_Tab 500mcg,0408010F0AAABAB,1,0.3389999999999993
152,G84627,Clonazepam_Tab 500mcg,0408010F0AAABAB,1,0.3389999999999993
289,G84004,Amiodarone HCl_Tab 200mg,0203020D0AAABAB,4,0.3388
161,G84022,Clonazepam_Tab 500mcg,0408010F0AAABAB,1,0.31639999999999935
162,G84016,Clonazepam_Tab 500mcg,0408010F0AAABAB,2,0.31639999999999935
164,G84019,Clonazepam_Tab 500mcg,0408010F0AAABAB,1,0.31639999999999935
163,G84021,Clonazepam_Tab 500mcg,0408010F0AAABAB,1,0.31639999999999935
166,G84024,Clonazepam_Tab 500mcg,0408010F0AAABAB,1,0.31639999999999935
156,G84625,Clonazepam_Tab 500mcg,0408010F0AAABAB,1,0.31639999999999935
157,G84604,Clonazepam_Tab 500mcg,0408010F0AAABAB,1,0.31639999999999935
155,G84032,Clonazepam_Tab 500mcg,0408010F0AAABAB,1,0.31639999999999935
160,G84621,Clonazepam_Tab 500mcg,0408010F0AAABAB,1,0.31639999999999935
168,G84015,Clonazepam_Tab 500mcg,0408010F0AAABAB,2,0.31639999999999935
167,G84004,Clonazepam_Tab 500mcg,0408010F0AAABAB,1,0.31639999999999935
165,G84029,Clonazepam_Tab 500mcg,0408010F0AAABAB,1,0.31639999999999935
158,Y02811,Clonazepam_Tab 500mcg,0408010F0AAABAB,1,0.31639999999999935
159,G84016,Clonazepam_Tab 500mcg,0408010F0AAABAB,1,0.31639999999999935
319,G84028,Diltiazem HCl_Tab 60mg M/R,0206020C0AAAAAA,1,0.2640000000000009
320,G84010,Diltiazem HCl_Tab 60mg M/R,0206020C0AAAAAA,1,0.24640000000000084
323,G84016,Diltiazem HCl_Tab 60mg M/R,0206020C0AAAAAA,1,0.24640000000000084
328,G84001,Diltiazem HCl_Tab 60mg M/R,0206020C0AAAAAA,1,0.24640000000000084
327,G84017,Diltiazem HCl_Tab 60mg M/R,0206020C0AAAAAA,1,0.24640000000000084
326,G84040,Diltiazem HCl_Tab 60mg M/R,0206020C0AAAAAA,1,0.24640000000000084
325,G84628,Diltiazem HCl_Tab 60mg M/R,0206020C0AAAAAA,1,0.24640000000000084
324,G84020,Diltiazem HCl_Tab 60mg M/R,0206020C0AAAAAA,1,0.24640000000000084
321,G84004,Diltiazem HCl_Tab 60mg M/R,0206020C0AAAAAA,1,0.24640000000000084
322,G84025,Diltiazem HCl_Tab 60mg M/R,0206020C0AAAAAA,1,0.24640000000000084
330,G84015,Diltiazem HCl_Tab 60mg M/R,0206020C0AAAAAA,1,0.24640000000000084
331,G84003,Diltiazem HCl_Tab 60mg M/R,0206020C0AAAAAA,1,0.24640000000000084
329,G84008,Diltiazem HCl_Tab 60mg M/R,0206020C0AAAAAA,1,0.24640000000000084
169,G84001,Clonazepam_Tab 500mcg,0408010F0AAABAB,1,0.2372999999999995
170,G84019,Clonazepam_Tab 500mcg,0408010F0AAABAB,4,0.23199999999999998
290,G84010,Amiodarone HCl_Tab 200mg,0203020D0AAABAB,1,0.17920000000000008
291,G84624,Amiodarone HCl_Tab 200mg,0203020D0AAABAB,1,0.17920000000000008
171,G84022,Clonazepam_Tab 500mcg,0408010F0AAABAB,1,0.174
174,G84027,Clonazepam_Tab 500mcg,0408010F0AAABAB,1,0.15819999999999967
175,G84609,Clonazepam_Tab 500mcg,0408010F0AAABAB,1,0.15819999999999967
172,G84001,Clonazepam_Tab 500mcg,0408010F0AAABAB,1,0.15819999999999967
173,G84028,Clonazepam_Tab 500mcg,0408010F0AAABAB,1,0.15819999999999967
333,G84024,Diltiazem HCl_Tab 60mg M/R,0206020C0AAAAAA,1,0.1260000000000001
332,G84011,Diltiazem HCl_Tab 60mg M/R,0206020C0AAAAAA,1,0.1260000000000001
334,Y00542,Diltiazem HCl_Tab 60mg M/R,0206020C0AAAAAA,1,0.1260000000000001
335,G84029,Diltiazem HCl_Tab 60mg M/R,0206020C0AAAAAA,1,0.1260000000000001
177,G84010,Clonazepam_Tab 500mcg,0408010F0AAABAB,1,0.09439999999999982
176,G84021,Clonazepam_Tab 500mcg,0408010F0AAABAB,1,0.09439999999999982
178,G84002,Clonazepam_Tab 500mcg,0408010F0AAABAB,2,0.08479999999999999
179,G84025,Clonazepam_Tab 500mcg,0408010F0AAABAB,1,0.07909999999999984
180,Y05231,Clonazepam_Tab 500mcg,0408010F0AAABAB,1,0.07909999999999984
182,G84004,Letrozole_Tab 2.5mg,0803041L0AAAAAA,12,0.05880000000000052
183,G84027,Letrozole_Tab 2.5mg,0803041L0AAAAAA,4,0.019600000000000173
29,G84035,Paracet_Tab Solb 500mg,0407010H0AAAQAQ,2,0.012000000000000344
30,G84035,Paracet_Tab Solb 500mg,0407010H0AAAQAQ,2,0.012000000000000344
339,G84621,Sod Bicarb_Cap 500mg,0902013S0AAACAC,4,0.011199999999999544
211,G84016,Mesalazine_Tab E/C 800mg,0105010B0AAASAS,1,0.008999999999999009
210,G84019,Mesalazine_Tab E/C 800mg,0105010B0AAASAS,1,0.008999999999999009
32,G84040,Paracet_Tab Solb 500mg,0407010H0AAAQAQ,1,0.006000000000000172
31,G84040,Paracet_Tab Solb 500mg,0407010H0AAAQAQ,1,0.006000000000000172
340,G84004,Sod Bicarb_Cap 500mg,0902013S0AAACAC,4,0.005599999999999772
34,G84003,Paracet_Tab Solb 500mg,0407010H0AAAQAQ,1,0.00420000000000012
184,G84607,Letrozole_Tab 2.5mg,0803041L0AAAAAA,1,0.00420000000000012
33,G84003,Paracet_Tab Solb 500mg,0407010H0AAAQAQ,1,0.00420000000000012
185,G84033,Letrozole_Tab 2.5mg,0803041L0AAAAAA,1,0.00420000000000012
343,G84033,Sod Bicarb_Cap 500mg,0902013S0AAACAC,1,0.002799999999999886
342,G84035,Sod Bicarb_Cap 500mg,0902013S0AAACAC,1,0.002799999999999886
341,G84019,Sod Bicarb_Cap 500mg,0902013S0AAACAC,1,0.002799999999999886
36,G84032,Paracet_Tab Solb 500mg,0407010H0AAAQAQ,1,0.0020000000000000573
35,G84032,Paracet_Tab Solb 500mg,0407010H0AAAQAQ,1,0.0020000000000000573
344,G84010,Sod Bicarb_Cap 500mg,0902013S0AAACAC,1,-0.0033999999999999794
44,G84003,Paracet_Tab Solb 500mg,0407010H0AAAQAQ,1,-0.005999999999999339
43,G84005,Paracet_Tab Solb 500mg,0407010H0AAAQAQ,1,-0.005999999999999339
41,G84629,Paracet_Tab Solb 500mg,0407010H0AAAQAQ,1,-0.005999999999999339
40,G84005,Paracet_Tab Solb 500mg,0407010H0AAAQAQ,1,-0.005999999999999339
39,G84629,Paracet_Tab Solb 500mg,0407010H0AAAQAQ,1,-0.005999999999999339
38,G84003,Paracet_Tab Solb 500mg,0407010H0AAAQAQ,1,-0.005999999999999339
37,G84033,Paracet_Tab Solb 500mg,0407010H0AAAQAQ,1,-0.005999999999999339
42,G84033,Paracet_Tab Solb 500mg,0407010H0AAAQAQ,1,-0.005999999999999339
16,G84041,Mesalazine_Tab E/C 400mg,0105010B0AAAAAA,1,-0.011999999999998678
15,G84010,Mesalazine_Tab E/C 400mg,0105010B0AAAAAA,1,-0.011999999999998678
345,G84003,Sod Bicarb_Cap 500mg,0902013S0AAACAC,8,-0.01680000000000048
46,G84041,Paracet_Tab Solb 500mg,0407010H0AAAQAQ,3,-0.017999999999998018
45,G84041,Paracet_Tab Solb 500mg,0407010H0AAAQAQ,3,-0.017999999999998018
346,G84017,Sod Bicarb_Cap 500mg,0902013S0AAACAC,1,-0.020000000000000573
347,G84020,Sod Bicarb_Cap 500mg,0902013S0AAACAC,1,-0.020000000000000573
348,G84035,Sod Bicarb_Cap 500mg,0902013S0AAACAC,1,-0.020000000000000573
17,G84009,Mesalazine_Tab E/C 400mg,0105010B0AAAAAA,1,-11.978399999999999
18,G84028,Mesalazine_Tab E/C 400mg,0105010B0AAAAAA,1,-12.833999999999998
19,G84022,Mesalazine_Tab E/C 400mg,0105010B0AAAAAA,1,-15.971199999999998
20,G84016,Mesalazine_Tab E/C 400mg,0105010B0AAAAAA,1,-17.112
212,G84023,Mesalazine_Tab E/C 800mg,0105010B0AAASAS,2,-17.219999999999988
213,G84016,Mesalazine_Tab E/C 800mg,0105010B0AAASAS,1,-18.441
214,G84019,Mesalazine_Tab E/C 800mg,0105010B0AAASAS,1,-18.441
217,G84002,Mesalazine_Tab E/C 800mg,0105010B0AAASAS,1,-22.959999999999994
216,G84032,Mesalazine_Tab E/C 800mg,0105010B0AAASAS,1,-22.959999999999994
215,G84027,Mesalazine_Tab E/C 800mg,0105010B0AAASAS,1,-22.959999999999994
21,G84032,Mesalazine_Tab E/C 400mg,0105010B0AAAAAA,1,-25.667999999999996
22,G84022,Mesalazine_Tab E/C 400mg,0105010B0AAAAAA,1,-31.942399999999996
23,G84041,Mesalazine_Tab E/C 400mg,0105010B0AAAAAA,1,-31.942399999999996
218,G84018,Mesalazine_Tab E/C 800mg,0105010B0AAASAS,1,-34.43999999999999
219,G84040,Mesalazine_Tab E/C 800mg,0105010B0AAASAS,1,-34.43999999999999
220,G84627,Mesalazine_Tab E/C 800mg,0105010B0AAASAS,1,-34.43999999999999
221,G84001,Mesalazine_Tab E/C 800mg,0105010B0AAASAS,1,-34.43999999999999
222,G84627,Mesalazine_Tab E/C 800mg,0105010B0AAASAS,2,-36.89999999999997
223,G84005,Mesalazine_Tab E/C 800mg,0105010B0AAASAS,1,-36.89999999999999
224,G84021,Mesalazine_Tab E/C 800mg,0105010B0AAASAS,1,-36.89999999999999
225,G84001,Mesalazine_Tab E/C 800mg,0105010B0AAASAS,1,-36.89999999999999
226,G84009,Mesalazine_Tab E/C 800mg,0105010B0AAASAS,1,-36.89999999999999
24,G84002,Mesalazine_Tab E/C 400mg,0105010B0AAAAAA,1,-38.501999999999995
25,G84015,Mesalazine_Tab E/C 400mg,0105010B0AAAAAA,1,-51.33599999999999
227,G84040,Mesalazine_Tab E/C 800mg,0105010B0AAASAS,1,-55.34999999999999
26,G84015,Mesalazine_Tab E/C 400mg,0105010B0AAAAAA,1,-68.448
228,G84017,Mesalazine_Tab E/C 800mg,0105010B0AAASAS,1,-68.87999999999998
230,G84019,Mesalazine_Tab E/C 800mg,0105010B0AAASAS,1,-73.79999999999998
231,G84032,Mesalazine_Tab E/C 800mg,0105010B0AAASAS,2,-73.79999999999998
229,G84016,Mesalazine_Tab E/C 800mg,0105010B0AAASAS,1,-73.79999999999998
232,G84011,Mesalazine_Tab E/C 800mg,0105010B0AAASAS,1,-73.79999999999998
