,practice_code,bnf_description,bnf_code,items,excess_cost
0,Y03296,Risperidone_Tab 6mg,040201030AAAFAF,1,58.4192
1,G83647,Risperidone_Tab 6mg,040201030AAAFAF,2,58.4192
139,G83021,Co-Careldopa_Tab 25mg/100mg,0409010N0AAABAB,1,56.60999999999999
153,G83027,Mesalazine_Tab E/C 400mg,0105010B0AAAAAA,1,47.913599999999995
288,G83039,Pregabalin_Cap 50mg,0408010AEAAABAB,4,30.139200000000002
2,G83027,Risperidone_Tab 6mg,040201030AAAFAF,4,29.232
3,G83026,Risperidone_Tab 6mg,040201030AAAFAF,1,29.2096
4,G83060,Risperidone_Tab 6mg,040201030AAAFAF,1,29.2096
5,G83016,Risperidone_Tab 6mg,040201030AAAFAF,1,29.2096
149,G83027,Phenytoin_Sod Tab 100mg,0408010Q0AAAGAG,2,24.23679999999999
150,G83663,Phenytoin_Sod Tab 100mg,0408010Q0AAAGAG,7,21.207199999999993
175,G83633,Co-Codamol_Tab 8mg/500mg,0407010F0AAAAAA,3,15.254399999999999
176,G83633,Co-Codamol_Tab 8mg/500mg,0407010F0AAAAAA,3,15.254399999999999
154,G83067,Mesalazine_Tab E/C 400mg,0105010B0AAAAAA,1,11.978399999999999
151,G83673,Phenytoin_Sod Tab 100mg,0408010Q0AAAGAG,1,9.088799999999997
6,G83067,Clonazepam_Tab 500mcg,0408010F0AAABAB,1,8.135999999999983
334,G83065,Topiramate_Tab 200mg,040801050AAACAC,1,7.469999999999997
255,G83012,Methocarbamol_Tab 750mg,1002020S0AAABAB,16,6.879999999999997
156,Y03106,Buprenorphine_Tab Subling 400mcg S/F,0410030A0AAACAC,6,6.8544
157,Y03106,Buprenorphine_Tab Subling 400mcg S/F,0410030A0AAACAC,4,6.0928
158,Y03106,Buprenorphine_Tab Subling 400mcg S/F,0410030A0AAACAC,7,5.331200000000001
337,G83016,Topiramate_Tab 200mg,040801050AAACAC,1,4.979999999999998
335,G83012,Topiramate_Tab 200mg,040801050AAACAC,1,4.979999999999998
336,G83026,Topiramate_Tab 200mg,040801050AAACAC,2,4.979999999999998
338,G83027,Topiramate_Tab 200mg,040801050AAACAC,1,4.647999999999998
159,Y03106,Buprenorphine_Tab Subling 400mcg S/F,0410030A0AAACAC,1,3.6176000000000004
256,G83012,Methocarbamol_Tab 750mg,1002020S0AAABAB,4,3.4399999999999986
7,G83065,Clonazepam_Tab 500mcg,0408010F0AAABAB,1,3.389999999999993
8,G83680,Clonazepam_Tab 500mcg,0408010F0AAABAB,5,3.389999999999993
9,G83651,Clonazepam_Tab 500mcg,0408010F0AAABAB,7,3.3221999999999934
160,Y03106,Buprenorphine_Tab Subling 400mcg S/F,0410030A0AAACAC,1,3.2096
10,G83015,Clonazepam_Tab 500mcg,0408010F0AAABAB,1,3.050999999999994
257,G83021,Methocarbamol_Tab 750mg,1002020S0AAABAB,3,2.889599999999999
12,G83647,Clonazepam_Tab 500mcg,0408010F0AAABAB,4,2.531199999999995
13,G83019,Clonazepam_Tab 500mcg,0408010F0AAABAB,2,2.531199999999995
14,G83058,Clonazepam_Tab 500mcg,0408010F0AAABAB,2,2.531199999999995
15,G83647,Clonazepam_Tab 500mcg,0408010F0AAABAB,2,2.531199999999995
11,G83067,Clonazepam_Tab 500mcg,0408010F0AAABAB,2,2.531199999999995
339,G83027,Topiramate_Tab 200mg,040801050AAACAC,1,2.3183999999999996
17,G83044,Clonazepam_Tab 500mcg,0408010F0AAABAB,2,2.2599999999999953
16,G83016,Clonazepam_Tab 500mcg,0408010F0AAABAB,1,2.2599999999999953
18,G83039,Clonazepam_Tab 500mcg,0408010F0AAABAB,7,2.2147999999999954
20,G83628,Clonazepam_Tab 500mcg,0408010F0AAABAB,3,2.033999999999996
21,G83031,Clonazepam_Tab 500mcg,0408010F0AAABAB,3,2.033999999999996
19,G83044,Clonazepam_Tab 500mcg,0408010F0AAABAB,3,2.033999999999996
258,G83015,Methocarbamol_Tab 750mg,1002020S0AAABAB,2,1.9263999999999992
161,Y03106,Buprenorphine_Tab Subling 400mcg S/F,0410030A0AAACAC,5,1.9040000000000001
22,G83027,Clonazepam_Tab 500mcg,0408010F0AAABAB,1,1.898399999999996
32,G83058,Clonazepam_Tab 500mcg,0408010F0AAABAB,2,1.898399999999996
24,G83001,Clonazepam_Tab 500mcg,0408010F0AAABAB,3,1.898399999999996
23,G83628,Clonazepam_Tab 500mcg,0408010F0AAABAB,1,1.898399999999996
33,G83647,Clonazepam_Tab 500mcg,0408010F0AAABAB,2,1.898399999999996
25,Y03755,Clonazepam_Tab 500mcg,0408010F0AAABAB,3,1.898399999999996
26,G83039,Clonazepam_Tab 500mcg,0408010F0AAABAB,3,1.898399999999996
27,G83654,Clonazepam_Tab 500mcg,0408010F0AAABAB,1,1.898399999999996
28,Y02222,Clonazepam_Tab 500mcg,0408010F0AAABAB,1,1.898399999999996
29,G83012,Clonazepam_Tab 500mcg,0408010F0AAABAB,12,1.898399999999996
30,G83019,Clonazepam_Tab 500mcg,0408010F0AAABAB,4,1.898399999999996
31,G83001,Clonazepam_Tab 500mcg,0408010F0AAABAB,1,1.898399999999996
259,G83012,Methocarbamol_Tab 750mg,1002020S0AAABAB,5,1.8480000000000063
35,G83001,Clonazepam_Tab 500mcg,0408010F0AAABAB,5,1.5819999999999967
34,G83647,Clonazepam_Tab 500mcg,0408010F0AAABAB,5,1.5819999999999967
36,G83026,Clonazepam_Tab 500mcg,0408010F0AAABAB,5,1.5819999999999967
260,G83012,Methocarbamol_Tab 750mg,1002020S0AAABAB,3,1.4447999999999994
37,G83067,Clonazepam_Tab 500mcg,0408010F0AAABAB,9,1.423799999999997
162,G83635,Buprenorphine_Tab Subling 400mcg S/F,0410030A0AAACAC,1,1.36
46,G83065,Clonazepam_Tab 500mcg,0408010F0AAABAB,2,1.3559999999999972
45,G83680,Clonazepam_Tab 500mcg,0408010F0AAABAB,1,1.3559999999999972
44,G83015,Clonazepam_Tab 500mcg,0408010F0AAABAB,2,1.3559999999999972
42,G83021,Clonazepam_Tab 500mcg,0408010F0AAABAB,1,1.3559999999999972
41,Y02222,Clonazepam_Tab 500mcg,0408010F0AAABAB,2,1.3559999999999972
40,G83654,Clonazepam_Tab 500mcg,0408010F0AAABAB,2,1.3559999999999972
39,G83067,Clonazepam_Tab 500mcg,0408010F0AAABAB,1,1.3559999999999972
38,G83067,Clonazepam_Tab 500mcg,0408010F0AAABAB,4,1.3559999999999972
43,G83065,Clonazepam_Tab 500mcg,0408010F0AAABAB,1,1.3559999999999972
163,Y03106,Buprenorphine_Tab Subling 400mcg S/F,0410030A0AAACAC,1,1.3328000000000002
53,G83058,Clonazepam_Tab 500mcg,0408010F0AAABAB,2,1.2655999999999974
67,G83012,Clonazepam_Tab 500mcg,0408010F0AAABAB,1,1.2655999999999974
66,Y02222,Clonazepam_Tab 500mcg,0408010F0AAABAB,1,1.2655999999999974
47,G83019,Clonazepam_Tab 500mcg,0408010F0AAABAB,2,1.2655999999999974
49,G83663,Clonazepam_Tab 500mcg,0408010F0AAABAB,1,1.2655999999999974
50,G83635,Clonazepam_Tab 500mcg,0408010F0AAABAB,1,1.2655999999999974
51,G83663,Clonazepam_Tab 500mcg,0408010F0AAABAB,2,1.2655999999999974
52,G83641,Clonazepam_Tab 500mcg,0408010F0AAABAB,1,1.2655999999999974
54,G83031,Clonazepam_Tab 500mcg,0408010F0AAABAB,1,1.2655999999999974
55,G83001,Clonazepam_Tab 500mcg,0408010F0AAABAB,1,1.2655999999999974
56,G83060,Clonazepam_Tab 500mcg,0408010F0AAABAB,1,1.2655999999999974
57,G83012,Clonazepam_Tab 500mcg,0408010F0AAABAB,2,1.2655999999999974
58,G83058,Clonazepam_Tab 500mcg,0408010F0AAABAB,4,1.2655999999999974
59,Y03755,Clonazepam_Tab 500mcg,0408010F0AAABAB,8,1.2655999999999974
60,Y03296,Clonazepam_Tab 500mcg,0408010F0AAABAB,2,1.2655999999999974
61,G83019,Clonazepam_Tab 500mcg,0408010F0AAABAB,4,1.2655999999999974
62,G83067,Clonazepam_Tab 500mcg,0408010F0AAABAB,4,1.2655999999999974
63,G83026,Clonazepam_Tab 500mcg,0408010F0AAABAB,1,1.2655999999999974
64,G83030,Clonazepam_Tab 500mcg,0408010F0AAABAB,4,1.2655999999999974
65,G83027,Clonazepam_Tab 500mcg,0408010F0AAABAB,1,1.2655999999999974
48,G83003,Clonazepam_Tab 500mcg,0408010F0AAABAB,1,1.2655999999999974
340,G83012,Topiramate_Tab 200mg,040801050AAACAC,4,1.1536000000000004
164,Y03106,Buprenorphine_Tab Subling 400mcg S/F,0410030A0AAACAC,2,1.1424
69,G83680,Clonazepam_Tab 500mcg,0408010F0AAABAB,1,1.1299999999999977
70,G83027,Clonazepam_Tab 500mcg,0408010F0AAABAB,1,1.1299999999999977
71,G83021,Clonazepam_Tab 500mcg,0408010F0AAABAB,1,1.1299999999999977
76,G83012,Clonazepam_Tab 500mcg,0408010F0AAABAB,1,1.1299999999999977
75,G83019,Clonazepam_Tab 500mcg,0408010F0AAABAB,1,1.1299999999999977
72,G83647,Clonazepam_Tab 500mcg,0408010F0AAABAB,1,1.1299999999999977
73,Y03755,Clonazepam_Tab 500mcg,0408010F0AAABAB,1,1.1299999999999977
74,G83001,Clonazepam_Tab 500mcg,0408010F0AAABAB,1,1.1299999999999977
68,G83651,Clonazepam_Tab 500mcg,0408010F0AAABAB,1,1.1299999999999977
261,G83012,Methocarbamol_Tab 750mg,1002020S0AAABAB,1,0.9631999999999996
262,Y02222,Methocarbamol_Tab 750mg,1002020S0AAABAB,1,0.9631999999999996
80,G83012,Clonazepam_Tab 500mcg,0408010F0AAABAB,3,0.949199999999998
84,G83039,Clonazepam_Tab 500mcg,0408010F0AAABAB,1,0.949199999999998
85,G83019,Clonazepam_Tab 500mcg,0408010F0AAABAB,1,0.949199999999998
83,G83016,Clonazepam_Tab 500mcg,0408010F0AAABAB,1,0.949199999999998
82,G83012,Clonazepam_Tab 500mcg,0408010F0AAABAB,1,0.949199999999998
81,Y03755,Clonazepam_Tab 500mcg,0408010F0AAABAB,1,0.949199999999998
77,G83680,Clonazepam_Tab 500mcg,0408010F0AAABAB,3,0.949199999999998
78,G83021,Clonazepam_Tab 500mcg,0408010F0AAABAB,1,0.949199999999998
79,G83030,Clonazepam_Tab 500mcg,0408010F0AAABAB,1,0.949199999999998
165,Y03106,Buprenorphine_Tab Subling 400mcg S/F,0410030A0AAACAC,1,0.9214000000000004
263,G83647,Methocarbamol_Tab 750mg,1002020S0AAABAB,2,0.8599999999999997
264,G83012,Methocarbamol_Tab 750mg,1002020S0AAABAB,1,0.7739999999999997
265,G83026,Methocarbamol_Tab 750mg,1002020S0AAABAB,2,0.7739999999999997
86,G83027,Clonazepam_Tab 500mcg,0408010F0AAABAB,9,0.7118999999999985
93,G83013,Clonazepam_Tab 500mcg,0408010F0AAABAB,1,0.6779999999999986
92,G83027,Clonazepam_Tab 500mcg,0408010F0AAABAB,1,0.6779999999999986
91,G83001,Clonazepam_Tab 500mcg,0408010F0AAABAB,1,0.6779999999999986
89,G83067,Clonazepam_Tab 500mcg,0408010F0AAABAB,1,0.6779999999999986
88,G83012,Clonazepam_Tab 500mcg,0408010F0AAABAB,1,0.6779999999999986
87,G83635,Clonazepam_Tab 500mcg,0408010F0AAABAB,1,0.6779999999999986
90,Y02974,Clonazepam_Tab 500mcg,0408010F0AAABAB,2,0.6779999999999986
166,Y03106,Buprenorphine_Tab Subling 400mcg S/F,0410030A0AAACAC,1,0.6749999999999999
96,G83027,Clonazepam_Tab 500mcg,0408010F0AAABAB,1,0.6327999999999987
99,G83003,Clonazepam_Tab 500mcg,0408010F0AAABAB,1,0.6327999999999987
94,G83067,Clonazepam_Tab 500mcg,0408010F0AAABAB,1,0.6327999999999987
97,G83680,Clonazepam_Tab 500mcg,0408010F0AAABAB,1,0.6327999999999987
98,G83026,Clonazepam_Tab 500mcg,0408010F0AAABAB,1,0.6327999999999987
95,G83044,Clonazepam_Tab 500mcg,0408010F0AAABAB,1,0.6327999999999987
105,G83016,Clonazepam_Tab 500mcg,0408010F0AAABAB,1,0.6327999999999987
111,G83060,Clonazepam_Tab 500mcg,0408010F0AAABAB,1,0.6327999999999987
110,Y02974,Clonazepam_Tab 500mcg,0408010F0AAABAB,1,0.6327999999999987
109,G83065,Clonazepam_Tab 500mcg,0408010F0AAABAB,1,0.6327999999999987
107,G83633,Clonazepam_Tab 500mcg,0408010F0AAABAB,1,0.6327999999999987
106,G83031,Clonazepam_Tab 500mcg,0408010F0AAABAB,1,0.6327999999999987
108,G83034,Clonazepam_Tab 500mcg,0408010F0AAABAB,4,0.6327999999999987
104,G83030,Clonazepam_Tab 500mcg,0408010F0AAABAB,1,0.6327999999999987
103,Y02222,Clonazepam_Tab 500mcg,0408010F0AAABAB,2,0.6327999999999987
102,G83001,Clonazepam_Tab 500mcg,0408010F0AAABAB,4,0.6327999999999987
101,G83031,Clonazepam_Tab 500mcg,0408010F0AAABAB,4,0.6327999999999987
100,G83633,Clonazepam_Tab 500mcg,0408010F0AAABAB,2,0.6327999999999987
167,G83067,Buprenorphine_Tab Subling 400mcg S/F,0410030A0AAACAC,1,0.5712
266,G83651,Methocarbamol_Tab 750mg,1002020S0AAABAB,4,0.5280000000000018
267,G83016,Methocarbamol_Tab 750mg,1002020S0AAABAB,1,0.5159999999999998
268,G83012,Methocarbamol_Tab 750mg,1002020S0AAABAB,4,0.5040000000000004
112,G83016,Clonazepam_Tab 500mcg,0408010F0AAABAB,1,0.497199999999999
269,G83060,Methocarbamol_Tab 750mg,1002020S0AAABAB,1,0.4815999999999998
113,G83026,Clonazepam_Tab 500mcg,0408010F0AAABAB,1,0.474599999999999
115,Y03296,Clonazepam_Tab 500mcg,0408010F0AAABAB,1,0.474599999999999
114,G83001,Clonazepam_Tab 500mcg,0408010F0AAABAB,2,0.474599999999999
270,G83651,Methocarbamol_Tab 750mg,1002020S0AAABAB,2,0.4400000000000015
271,Y02222,Methocarbamol_Tab 750mg,1002020S0AAABAB,1,0.4299999999999998
272,G83039,Methocarbamol_Tab 750mg,1002020S0AAABAB,1,0.4299999999999998
273,G83027,Methocarbamol_Tab 750mg,1002020S0AAABAB,1,0.4299999999999998
276,G83651,Methocarbamol_Tab 750mg,1002020S0AAABAB,1,0.4299999999999998
277,G83016,Methocarbamol_Tab 750mg,1002020S0AAABAB,1,0.4299999999999998
275,G83019,Methocarbamol_Tab 750mg,1002020S0AAABAB,1,0.4299999999999998
274,Y02522,Methocarbamol_Tab 750mg,1002020S0AAABAB,1,0.4299999999999998
116,G83065,Clonazepam_Tab 500mcg,0408010F0AAABAB,5,0.3954999999999992
117,G83067,Clonazepam_Tab 500mcg,0408010F0AAABAB,5,0.3954999999999992
168,G83027,Buprenorphine_Tab Subling 400mcg S/F,0410030A0AAACAC,1,0.3808
279,G83019,Methocarbamol_Tab 750mg,1002020S0AAABAB,1,0.36960000000000126
278,G83647,Methocarbamol_Tab 750mg,1002020S0AAABAB,1,0.36960000000000126
118,G83044,Clonazepam_Tab 500mcg,0408010F0AAABAB,1,0.3389999999999993
119,G83021,Clonazepam_Tab 500mcg,0408010F0AAABAB,1,0.3389999999999993
121,G83015,Clonazepam_Tab 500mcg,0408010F0AAABAB,1,0.31639999999999935
122,G83044,Clonazepam_Tab 500mcg,0408010F0AAABAB,4,0.31639999999999935
123,G83673,Clonazepam_Tab 500mcg,0408010F0AAABAB,1,0.31639999999999935
124,G83013,Clonazepam_Tab 500mcg,0408010F0AAABAB,1,0.31639999999999935
125,Y03296,Clonazepam_Tab 500mcg,0408010F0AAABAB,1,0.31639999999999935
126,G83021,Clonazepam_Tab 500mcg,0408010F0AAABAB,1,0.31639999999999935
127,G83003,Clonazepam_Tab 500mcg,0408010F0AAABAB,1,0.31639999999999935
120,G83031,Clonazepam_Tab 500mcg,0408010F0AAABAB,1,0.31639999999999935
169,Y03106,Buprenorphine_Tab Subling 400mcg S/F,0410030A0AAACAC,2,0.2660000000000001
280,Y05552,Methocarbamol_Tab 750mg,1002020S0AAABAB,2,0.2640000000000009
281,Y02222,Methocarbamol_Tab 750mg,1002020S0AAABAB,1,0.25200000000000056
128,G83039,Clonazepam_Tab 500mcg,0408010F0AAABAB,2,0.23199999999999998
129,G83001,Clonazepam_Tab 500mcg,0408010F0AAABAB,1,0.22199999999999998
130,Y03755,Clonazepam_Tab 500mcg,0408010F0AAABAB,1,0.22199999999999998
282,G83067,Methocarbamol_Tab 750mg,1002020S0AAABAB,1,0.22000000000000075
283,G83012,Methocarbamol_Tab 750mg,1002020S0AAABAB,1,0.22000000000000075
284,G83012,Methocarbamol_Tab 750mg,1002020S0AAABAB,1,0.18480000000000063
285,G83067,Methocarbamol_Tab 750mg,1002020S0AAABAB,1,0.18480000000000063
286,Y02522,Methocarbamol_Tab 750mg,1002020S0AAABAB,1,0.18480000000000063
133,G83647,Clonazepam_Tab 500mcg,0408010F0AAABAB,1,0.15819999999999967
135,G83065,Clonazepam_Tab 500mcg,0408010F0AAABAB,1,0.15819999999999967
134,Y03259,Clonazepam_Tab 500mcg,0408010F0AAABAB,1,0.15819999999999967
131,G83673,Clonazepam_Tab 500mcg,0408010F0AAABAB,1,0.15819999999999967
132,G83030,Clonazepam_Tab 500mcg,0408010F0AAABAB,1,0.15819999999999967
287,G83651,Methocarbamol_Tab 750mg,1002020S0AAABAB,1,0.1260000000000001
136,G83030,Clonazepam_Tab 500mcg,0408010F0AAABAB,1,0.11599999999999999
137,G83060,Clonazepam_Tab 500mcg,0408010F0AAABAB,1,0.11599999999999999
289,G83019,Pregabalin_Cap 50mg,0408010AEAAABAB,12,0.06720000000000192
170,Y03106,Buprenorphine_Tab Subling 400mcg S/F,0410030A0AAACAC,2,0.05720000000000003
178,G83031,Co-Codamol_Tab 8mg/500mg,0407010F0AAAAAA,3,0.04800000000000004
177,G83031,Co-Codamol_Tab 8mg/500mg,0407010F0AAAAAA,3,0.04800000000000004
290,G83628,Pregabalin_Cap 50mg,0408010AEAAABAB,11,0.046199999999999186
291,Y02222,Pregabalin_Cap 50mg,0408010AEAAABAB,6,0.03360000000000096
179,G83039,Co-Codamol_Tab 8mg/500mg,0407010F0AAAAAA,6,0.02999999999999982
180,G83039,Co-Codamol_Tab 8mg/500mg,0407010F0AAAAAA,6,0.02999999999999982
140,G83651,Co-Careldopa_Tab 25mg/100mg,0409010N0AAABAB,7,0.029400000000000842
292,G83654,Pregabalin_Cap 50mg,0408010AEAAABAB,5,0.028000000000000802
182,G83060,Co-Codamol_Tab 8mg/500mg,0407010F0AAAAAA,5,0.02499999999999985
181,G83060,Co-Codamol_Tab 8mg/500mg,0407010F0AAAAAA,5,0.02499999999999985
152,G83013,Phenytoin_Sod Tab 100mg,0408010Q0AAAGAG,2,0.023999999999997357
294,G83039,Pregabalin_Cap 50mg,0408010AEAAABAB,4,0.02240000000000064
293,G83031,Pregabalin_Cap 50mg,0408010AEAAABAB,4,0.02240000000000064
296,G83065,Pregabalin_Cap 50mg,0408010AEAAABAB,4,0.02240000000000064
295,G83026,Pregabalin_Cap 50mg,0408010AEAAABAB,4,0.02240000000000064
183,G83039,Co-Codamol_Tab 8mg/500mg,0407010F0AAAAAA,4,0.022399999999999864
185,G83039,Co-Codamol_Tab 8mg/500mg,0407010F0AAAAAA,4,0.022399999999999864
186,G83067,Co-Codamol_Tab 8mg/500mg,0407010F0AAAAAA,4,0.022399999999999864
184,G83067,Co-Codamol_Tab 8mg/500mg,0407010F0AAAAAA,4,0.022399999999999864
187,G83673,Co-Codamol_Tab 8mg/500mg,0407010F0AAAAAA,4,0.01999999999999988
188,G83647,Co-Codamol_Tab 8mg/500mg,0407010F0AAAAAA,4,0.01999999999999988
189,G83673,Co-Codamol_Tab 8mg/500mg,0407010F0AAAAAA,4,0.01999999999999988
190,G83647,Co-Codamol_Tab 8mg/500mg,0407010F0AAAAAA,4,0.01999999999999988
298,G83680,Pregabalin_Cap 50mg,0408010AEAAABAB,3,0.01680000000000048
297,G83060,Pregabalin_Cap 50mg,0408010AEAAABAB,3,0.01680000000000048
192,G83026,Co-Codamol_Tab 8mg/500mg,0407010F0AAAAAA,3,0.0167999999999999
191,G83026,Co-Codamol_Tab 8mg/500mg,0407010F0AAAAAA,3,0.0167999999999999
299,G83034,Pregabalin_Cap 50mg,0408010AEAAABAB,4,0.016799999999999704
300,G83026,Pregabalin_Cap 50mg,0408010AEAAABAB,4,0.016799999999999704
303,Y03755,Pregabalin_Cap 50mg,0408010AEAAABAB,4,0.016799999999999704
302,G83067,Pregabalin_Cap 50mg,0408010AEAAABAB,4,0.016799999999999704
301,G83016,Pregabalin_Cap 50mg,0408010AEAAABAB,4,0.016799999999999704
138,G83058,Clonazepam_Tab 500mcg,0408010F0AAABAB,1,0.015600000000000003
194,G83021,Co-Codamol_Tab 8mg/500mg,0407010F0AAAAAA,3,0.01499999999999991
193,G83021,Co-Codamol_Tab 8mg/500mg,0407010F0AAAAAA,3,0.01499999999999991
196,G83044,Co-Codamol_Tab 8mg/500mg,0407010F0AAAAAA,3,0.01499999999999991
197,G83651,Co-Codamol_Tab 8mg/500mg,0407010F0AAAAAA,3,0.01499999999999991
195,G83651,Co-Codamol_Tab 8mg/500mg,0407010F0AAAAAA,3,0.01499999999999991
198,G83044,Co-Codamol_Tab 8mg/500mg,0407010F0AAAAAA,3,0.01499999999999991
141,G83628,Co-Careldopa_Tab 25mg/100mg,0409010N0AAABAB,4,0.012800000000000367
304,G83027,Pregabalin_Cap 50mg,0408010AEAAABAB,3,0.012599999999999778
142,Y03755,Co-Careldopa_Tab 25mg/100mg,0409010N0AAABAB,4,0.01120000000000032
312,G83647,Pregabalin_Cap 50mg,0408010AEAAABAB,2,0.01120000000000032
311,G83058,Pregabalin_Cap 50mg,0408010AEAAABAB,2,0.01120000000000032
310,G83631,Pregabalin_Cap 50mg,0408010AEAAABAB,2,0.01120000000000032
309,G83067,Pregabalin_Cap 50mg,0408010AEAAABAB,2,0.01120000000000032
308,G83015,Pregabalin_Cap 50mg,0408010AEAAABAB,2,0.01120000000000032
307,G83021,Pregabalin_Cap 50mg,0408010AEAAABAB,2,0.01120000000000032
306,G83027,Pregabalin_Cap 50mg,0408010AEAAABAB,2,0.01120000000000032
305,G83016,Pregabalin_Cap 50mg,0408010AEAAABAB,2,0.01120000000000032
313,G83044,Pregabalin_Cap 50mg,0408010AEAAABAB,2,0.01120000000000032
204,G83034,Co-Codamol_Tab 8mg/500mg,0407010F0AAAAAA,1,0.011199999999999932
199,G83019,Co-Codamol_Tab 8mg/500mg,0407010F0AAAAAA,2,0.011199999999999932
203,G83019,Co-Codamol_Tab 8mg/500mg,0407010F0AAAAAA,2,0.011199999999999932
200,Y03755,Co-Codamol_Tab 8mg/500mg,0407010F0AAAAAA,2,0.011199999999999932
201,Y03755,Co-Codamol_Tab 8mg/500mg,0407010F0AAAAAA,2,0.011199999999999932
202,G83034,Co-Codamol_Tab 8mg/500mg,0407010F0AAAAAA,1,0.011199999999999932
205,G83030,Co-Codamol_Tab 8mg/500mg,0407010F0AAAAAA,2,0.00999999999999994
206,G83030,Co-Codamol_Tab 8mg/500mg,0407010F0AAAAAA,2,0.00999999999999994
207,G83058,Co-Codamol_Tab 8mg/500mg,0407010F0AAAAAA,2,0.009399999999999999
208,G83058,Co-Codamol_Tab 8mg/500mg,0407010F0AAAAAA,2,0.009399999999999999
209,G83067,Co-Codamol_Tab 8mg/500mg,0407010F0AAAAAA,3,0.00839999999999995
212,G83016,Co-Codamol_Tab 8mg/500mg,0407010F0AAAAAA,1,0.00839999999999995
210,G83016,Co-Codamol_Tab 8mg/500mg,0407010F0AAAAAA,1,0.00839999999999995
211,G83067,Co-Codamol_Tab 8mg/500mg,0407010F0AAAAAA,3,0.00839999999999995
314,G83673,Pregabalin_Cap 50mg,0408010AEAAABAB,1,0.00560000000000016
315,Y03755,Pregabalin_Cap 50mg,0408010AEAAABAB,1,0.00560000000000016
145,G83039,Co-Careldopa_Tab 25mg/100mg,0409010N0AAABAB,1,0.00560000000000016
316,G83012,Pregabalin_Cap 50mg,0408010AEAAABAB,1,0.00560000000000016
144,Y02222,Co-Careldopa_Tab 25mg/100mg,0409010N0AAABAB,1,0.00560000000000016
143,G83019,Co-Careldopa_Tab 25mg/100mg,0409010N0AAABAB,1,0.00560000000000016
213,G83031,Co-Codamol_Tab 8mg/500mg,0407010F0AAAAAA,1,0.005599999999999966
214,G83027,Co-Codamol_Tab 8mg/500mg,0407010F0AAAAAA,2,0.005599999999999966
215,G83031,Co-Codamol_Tab 8mg/500mg,0407010F0AAAAAA,1,0.005599999999999966
216,G83027,Co-Codamol_Tab 8mg/500mg,0407010F0AAAAAA,1,0.005599999999999966
217,G83027,Co-Codamol_Tab 8mg/500mg,0407010F0AAAAAA,2,0.005599999999999966
218,G83044,Co-Codamol_Tab 8mg/500mg,0407010F0AAAAAA,1,0.005599999999999966
220,Y03296,Co-Codamol_Tab 8mg/500mg,0407010F0AAAAAA,1,0.005599999999999966
221,G83060,Co-Codamol_Tab 8mg/500mg,0407010F0AAAAAA,1,0.005599999999999966
222,G83027,Co-Codamol_Tab 8mg/500mg,0407010F0AAAAAA,1,0.005599999999999966
224,G83060,Co-Codamol_Tab 8mg/500mg,0407010F0AAAAAA,1,0.005599999999999966
223,G83044,Co-Codamol_Tab 8mg/500mg,0407010F0AAAAAA,1,0.005599999999999966
219,Y03296,Co-Codamol_Tab 8mg/500mg,0407010F0AAAAAA,1,0.005599999999999966
227,G83013,Co-Codamol_Tab 8mg/500mg,0407010F0AAAAAA,1,0.00499999999999997
238,Y03755,Co-Codamol_Tab 8mg/500mg,0407010F0AAAAAA,1,0.00499999999999997
237,G83067,Co-Codamol_Tab 8mg/500mg,0407010F0AAAAAA,1,0.00499999999999997
236,G83058,Co-Codamol_Tab 8mg/500mg,0407010F0AAAAAA,1,0.00499999999999997
235,G83067,Co-Codamol_Tab 8mg/500mg,0407010F0AAAAAA,1,0.00499999999999997
234,G83001,Co-Codamol_Tab 8mg/500mg,0407010F0AAAAAA,1,0.00499999999999997
225,G83013,Co-Codamol_Tab 8mg/500mg,0407010F0AAAAAA,1,0.00499999999999997
226,G83058,Co-Codamol_Tab 8mg/500mg,0407010F0AAAAAA,1,0.00499999999999997
233,G83641,Co-Codamol_Tab 8mg/500mg,0407010F0AAAAAA,1,0.00499999999999997
228,G83641,Co-Codamol_Tab 8mg/500mg,0407010F0AAAAAA,1,0.00499999999999997
232,G83001,Co-Codamol_Tab 8mg/500mg,0407010F0AAAAAA,1,0.00499999999999997
230,Y05552,Co-Codamol_Tab 8mg/500mg,0407010F0AAAAAA,1,0.00499999999999997
229,Y03755,Co-Codamol_Tab 8mg/500mg,0407010F0AAAAAA,1,0.00499999999999997
231,Y05552,Co-Codamol_Tab 8mg/500mg,0407010F0AAAAAA,1,0.00499999999999997
320,G83065,Pregabalin_Cap 50mg,0408010AEAAABAB,1,0.004199999999999926
319,G83044,Pregabalin_Cap 50mg,0408010AEAAABAB,1,0.004199999999999926
317,G83021,Pregabalin_Cap 50mg,0408010AEAAABAB,1,0.004199999999999926
318,G83003,Pregabalin_Cap 50mg,0408010AEAAABAB,1,0.004199999999999926
171,Y03106,Buprenorphine_Tab Subling 400mcg S/F,0410030A0AAACAC,2,0.0028000000000000247
241,G83019,Co-Codamol_Tab 8mg/500mg,0407010F0AAAAAA,1,0.002799999999999983
243,G83039,Co-Codamol_Tab 8mg/500mg,0407010F0AAAAAA,1,0.002799999999999983
242,G83019,Co-Codamol_Tab 8mg/500mg,0407010F0AAAAAA,1,0.002799999999999983
244,Y05552,Co-Codamol_Tab 8mg/500mg,0407010F0AAAAAA,1,0.002799999999999983
240,Y05552,Co-Codamol_Tab 8mg/500mg,0407010F0AAAAAA,1,0.002799999999999983
239,G83039,Co-Codamol_Tab 8mg/500mg,0407010F0AAAAAA,1,0.002799999999999983
246,G83067,Co-Codamol_Tab 8mg/500mg,0407010F0AAAAAA,1,0.0023999999999999855
245,G83067,Co-Codamol_Tab 8mg/500mg,0407010F0AAAAAA,1,0.0023999999999999855
247,G83026,Co-Codamol_Tab 8mg/500mg,0407010F0AAAAAA,1,-0.002499999999999985
248,G83026,Co-Codamol_Tab 8mg/500mg,0407010F0AAAAAA,1,-0.002499999999999985
146,G83039,Co-Careldopa_Tab 25mg/100mg,0409010N0AAABAB,1,-0.0027999999999996916
327,G83031,Pregabalin_Cap 50mg,0408010AEAAABAB,1,-0.00280000000000008
326,G83067,Pregabalin_Cap 50mg,0408010AEAAABAB,1,-0.00280000000000008
325,G83673,Pregabalin_Cap 50mg,0408010AEAAABAB,1,-0.00280000000000008
324,G83019,Pregabalin_Cap 50mg,0408010AEAAABAB,1,-0.00280000000000008
323,G83647,Pregabalin_Cap 50mg,0408010AEAAABAB,1,-0.00280000000000008
322,G83027,Pregabalin_Cap 50mg,0408010AEAAABAB,1,-0.00280000000000008
321,G83065,Pregabalin_Cap 50mg,0408010AEAAABAB,1,-0.00280000000000008
328,Y03259,Pregabalin_Cap 50mg,0408010AEAAABAB,1,-0.003000000000000086
172,Y03106,Buprenorphine_Tab Subling 400mcg S/F,0410030A0AAACAC,1,-0.0033999999999996255
249,G83680,Co-Codamol_Tab 8mg/500mg,0407010F0AAAAAA,1,-0.004799999999999971
250,G83680,Co-Codamol_Tab 8mg/500mg,0407010F0AAAAAA,1,-0.004799999999999971
173,Y03106,Buprenorphine_Tab Subling 400mcg S/F,0410030A0AAACAC,1,-0.005000000000000143
329,G83651,Pregabalin_Cap 50mg,0408010AEAAABAB,2,-0.00560000000000016
330,G83058,Pregabalin_Cap 50mg,0408010AEAAABAB,2,-0.00560000000000016
174,Y03106,Buprenorphine_Tab Subling 400mcg S/F,0410030A0AAACAC,2,-0.005999999999999894
147,G83044,Co-Careldopa_Tab 25mg/100mg,0409010N0AAABAB,4,-0.011199999999998766
331,G83031,Pregabalin_Cap 50mg,0408010AEAAABAB,4,-0.011199999999999932
332,G83021,Pregabalin_Cap 50mg,0408010AEAAABAB,4,-0.01120000000000032
251,G83012,Co-Codamol_Tab 8mg/500mg,0407010F0AAAAAA,4,-0.0167999999999999
252,G83012,Co-Codamol_Tab 8mg/500mg,0407010F0AAAAAA,4,-0.0167999999999999
333,G83034,Pregabalin_Cap 50mg,0408010AEAAABAB,6,-0.01680000000000048
148,G83067,Co-Careldopa_Tab 25mg/100mg,0409010N0AAABAB,8,-0.022399999999997533
253,G83001,Co-Codamol_Tab 8mg/500mg,0407010F0AAAAAA,6,-0.025199999999999848
254,G83001,Co-Codamol_Tab 8mg/500mg,0407010F0AAAAAA,6,-0.025199999999999848
155,Y03755,Mesalazine_Tab E/C 400mg,0105010B0AAAAAA,1,-17.112
