,practice_code,bnf_description,bnf_code,items,excess_cost
180,L83005,Mag Glycerophos_Tab Chble 97.2mg S/F,0905013G0AADEDE,1,396.6984
369,L83130,Phenytoin_Sod Tab 100mg,0408010Q0AAAGAG,1,198.99599999999998
462,L83022,Aripiprazole_Tab 10mg,0402010ADAAAAAA,1,174.4624
519,L83666,Gabapentin_Tab 600mg,0408010G0AAAJAJ,2,166.18560000000002
370,L83010,Sumatriptan_Tab 50mg,0407041T0AAAFAF,8,110.0016
182,L83046,Atorvastatin_Tab 20mg,0212000B0AAABAB,156,89.98080000000003
472,L83034,Paracet_Tab Solb 500mg,0407010H0AAAQAQ,2,82.2976
473,L83034,Paracet_Tab Solb 500mg,0407010H0AAAQAQ,2,82.2976
183,L83051,Atorvastatin_Tab 20mg,0212000B0AAABAB,78,67.704
494,L83051,Pregabalin_Cap 300mg,0408010AEAAAGAG,13,59.331999999999994
495,L83022,Pregabalin_Cap 300mg,0408010AEAAAGAG,10,56.11199999999999
496,L83005,Pregabalin_Cap 300mg,0408010AEAAAGAG,4,56.1008
371,L83148,Sumatriptan_Tab 50mg,0407041T0AAAFAF,4,55.00320000000001
184,L83051,Atorvastatin_Tab 20mg,0212000B0AAABAB,140,45.471999999999994
186,L83005,Atorvastatin_Tab 20mg,0212000B0AAABAB,323,45.22000000000004
185,L83045,Atorvastatin_Tab 20mg,0212000B0AAABAB,323,45.22000000000004
187,L83070,Atorvastatin_Tab 20mg,0212000B0AAABAB,72,45.15840000000001
1,L83034,Paracet_Tab 500mg,0407010H0AAAMAM,110,32.031999999999975
0,L83034,Paracet_Tab 500mg,0407010H0AAAMAM,110,32.031999999999975
2,L83657,Paracet_Tab 500mg,0407010H0AAAMAM,75,30.0
3,L83657,Paracet_Tab 500mg,0407010H0AAAMAM,75,30.0
5,L83051,Paracet_Tab 500mg,0407010H0AAAMAM,35,22.735999999999997
4,L83051,Paracet_Tab 500mg,0407010H0AAAMAM,35,22.735999999999997
6,L83051,Paracet_Tab 500mg,0407010H0AAAMAM,3,22.680000000000003
7,L83051,Paracet_Tab 500mg,0407010H0AAAMAM,3,22.680000000000003
188,L83022,Atorvastatin_Tab 20mg,0212000B0AAABAB,97,22.542800000000003
9,L83034,Paracet_Tab 500mg,0407010H0AAAMAM,105,16.800000000000008
8,L83034,Paracet_Tab 500mg,0407010H0AAAMAM,105,16.800000000000008
11,L83031,Paracet_Tab 500mg,0407010H0AAAMAM,120,15.599999999999989
10,L83031,Paracet_Tab 500mg,0407010H0AAAMAM,120,15.599999999999989
12,L83005,Paracet_Tab 500mg,0407010H0AAAMAM,194,11.640000000000065
13,L83005,Paracet_Tab 500mg,0407010H0AAAMAM,194,11.640000000000065
14,L83031,Paracet_Tab 500mg,0407010H0AAAMAM,13,11.356800000000002
15,L83031,Paracet_Tab 500mg,0407010H0AAAMAM,13,11.356800000000002
17,L83046,Paracet_Tab 500mg,0407010H0AAAMAM,36,11.289600000000016
16,L83046,Paracet_Tab 500mg,0407010H0AAAMAM,36,11.289600000000016
18,L83004,Paracet_Tab 500mg,0407010H0AAAMAM,50,11.20000000000001
19,L83004,Paracet_Tab 500mg,0407010H0AAAMAM,50,11.20000000000001
20,L83051,Paracet_Tab 500mg,0407010H0AAAMAM,39,10.139999999999993
21,L83051,Paracet_Tab 500mg,0407010H0AAAMAM,39,10.139999999999993
23,L83031,Paracet_Tab 500mg,0407010H0AAAMAM,33,9.820800000000007
22,L83031,Paracet_Tab 500mg,0407010H0AAAMAM,33,9.820800000000007
25,L83031,Paracet_Tab 500mg,0407010H0AAAMAM,11,9.7152
24,L83031,Paracet_Tab 500mg,0407010H0AAAMAM,11,9.7152
27,L83004,Paracet_Tab 500mg,0407010H0AAAMAM,69,9.65999999999999
26,L83004,Paracet_Tab 500mg,0407010H0AAAMAM,69,9.65999999999999
200,L83131,Clonazepam_Tab 500mcg,0408010F0AAABAB,12,7.593599999999984
372,L83070,Sumatriptan_Tab 50mg,0407041T0AAAFAF,5,6.503999999999996
201,L83118,Clonazepam_Tab 500mcg,0408010F0AAABAB,5,6.327999999999987
29,L83005,Paracet_Tab 500mg,0407010H0AAAMAM,148,5.920000000000016
28,L83005,Paracet_Tab 500mg,0407010H0AAAMAM,148,5.920000000000016
202,L83118,Clonazepam_Tab 500mcg,0408010F0AAABAB,9,5.695199999999988
30,L83004,Paracet_Tab 500mg,0407010H0AAAMAM,103,5.150000000000005
31,L83004,Paracet_Tab 500mg,0407010H0AAAMAM,103,5.150000000000005
203,L83111,Clonazepam_Tab 500mcg,0408010F0AAABAB,4,5.06239999999999
32,L83666,Paracet_Tab 500mg,0407010H0AAAMAM,50,5.000000000000004
33,L83666,Paracet_Tab 500mg,0407010H0AAAMAM,50,5.000000000000004
204,L83131,Clonazepam_Tab 500mcg,0408010F0AAABAB,5,4.74599999999999
205,L83111,Clonazepam_Tab 500mcg,0408010F0AAABAB,15,4.74599999999999
475,L83120,Paracet_Tab Solb 500mg,0407010H0AAAQAQ,1,4.71
474,L83120,Paracet_Tab Solb 500mg,0407010H0AAAQAQ,1,4.71
206,L83055,Clonazepam_Tab 500mcg,0408010F0AAABAB,7,4.429599999999991
208,L83103,Clonazepam_Tab 500mcg,0408010F0AAABAB,7,4.429599999999991
207,L83043,Clonazepam_Tab 500mcg,0408010F0AAABAB,7,4.429599999999991
209,L83043,Clonazepam_Tab 500mcg,0408010F0AAABAB,2,3.796799999999992
210,L83013,Clonazepam_Tab 500mcg,0408010F0AAABAB,6,3.796799999999992
211,L83005,Clonazepam_Tab 500mcg,0408010F0AAABAB,6,3.796799999999992
212,L83004,Clonazepam_Tab 500mcg,0408010F0AAABAB,11,3.480399999999993
213,L83029,Clonazepam_Tab 500mcg,0408010F0AAABAB,11,3.480399999999993
214,L83070,Clonazepam_Tab 500mcg,0408010F0AAABAB,1,3.389999999999993
373,L83148,Sumatriptan_Tab 50mg,0407041T0AAAFAF,4,3.251999999999999
35,L83120,Paracet_Tab 500mg,0407010H0AAAMAM,1,3.2192
34,L83120,Paracet_Tab 500mg,0407010H0AAAMAM,1,3.2192
217,L83131,Clonazepam_Tab 500mcg,0408010F0AAABAB,2,3.1639999999999935
219,L83043,Clonazepam_Tab 500mcg,0408010F0AAABAB,2,3.1639999999999935
218,L83131,Clonazepam_Tab 500mcg,0408010F0AAABAB,20,3.1639999999999935
215,L83027,Clonazepam_Tab 500mcg,0408010F0AAABAB,5,3.1639999999999935
216,L83055,Clonazepam_Tab 500mcg,0408010F0AAABAB,10,3.1639999999999935
221,L83043,Clonazepam_Tab 500mcg,0408010F0AAABAB,3,2.847599999999994
220,L83131,Clonazepam_Tab 500mcg,0408010F0AAABAB,9,2.847599999999994
223,L83055,Clonazepam_Tab 500mcg,0408010F0AAABAB,3,2.847599999999994
222,L83029,Clonazepam_Tab 500mcg,0408010F0AAABAB,3,2.847599999999994
37,L83666,Paracet_Tab 500mg,0407010H0AAAMAM,4,2.8055999999999996
36,L83666,Paracet_Tab 500mg,0407010H0AAAMAM,4,2.8055999999999996
39,L83120,Paracet_Tab 500mg,0407010H0AAAMAM,136,2.720000000000031
38,L83120,Paracet_Tab 500mg,0407010H0AAAMAM,136,2.720000000000031
224,L83103,Clonazepam_Tab 500mcg,0408010F0AAABAB,1,2.7119999999999944
225,L83029,Clonazepam_Tab 500mcg,0408010F0AAABAB,11,2.6102999999999947
232,L83111,Clonazepam_Tab 500mcg,0408010F0AAABAB,4,2.531199999999995
227,L83027,Clonazepam_Tab 500mcg,0408010F0AAABAB,1,2.531199999999995
236,L83103,Clonazepam_Tab 500mcg,0408010F0AAABAB,2,2.531199999999995
235,L83014,Clonazepam_Tab 500mcg,0408010F0AAABAB,4,2.531199999999995
234,L83034,Clonazepam_Tab 500mcg,0408010F0AAABAB,4,2.531199999999995
233,L83148,Clonazepam_Tab 500mcg,0408010F0AAABAB,4,2.531199999999995
226,L83022,Clonazepam_Tab 500mcg,0408010F0AAABAB,4,2.531199999999995
231,L83130,Clonazepam_Tab 500mcg,0408010F0AAABAB,4,2.531199999999995
230,L83131,Clonazepam_Tab 500mcg,0408010F0AAABAB,2,2.531199999999995
229,L83029,Clonazepam_Tab 500mcg,0408010F0AAABAB,4,2.531199999999995
228,L83055,Clonazepam_Tab 500mcg,0408010F0AAABAB,2,2.531199999999995
237,L83078,Clonazepam_Tab 500mcg,0408010F0AAABAB,5,2.372999999999995
240,L83022,Clonazepam_Tab 500mcg,0408010F0AAABAB,2,2.2599999999999953
239,L83031,Clonazepam_Tab 500mcg,0408010F0AAABAB,2,2.2599999999999953
238,L83005,Clonazepam_Tab 500mcg,0408010F0AAABAB,2,2.2599999999999953
241,L83014,Clonazepam_Tab 500mcg,0408010F0AAABAB,7,2.2147999999999954
250,L83657,Clonazepam_Tab 500mcg,0408010F0AAABAB,3,1.898399999999996
242,L83005,Clonazepam_Tab 500mcg,0408010F0AAABAB,2,1.898399999999996
249,L83045,Clonazepam_Tab 500mcg,0408010F0AAABAB,1,1.898399999999996
243,L83607,Clonazepam_Tab 500mcg,0408010F0AAABAB,3,1.898399999999996
254,L83094,Clonazepam_Tab 500mcg,0408010F0AAABAB,3,1.898399999999996
253,L83022,Clonazepam_Tab 500mcg,0408010F0AAABAB,2,1.898399999999996
252,L83118,Clonazepam_Tab 500mcg,0408010F0AAABAB,1,1.898399999999996
251,L83103,Clonazepam_Tab 500mcg,0408010F0AAABAB,2,1.898399999999996
248,L83120,Clonazepam_Tab 500mcg,0408010F0AAABAB,3,1.898399999999996
247,L83130,Clonazepam_Tab 500mcg,0408010F0AAABAB,6,1.898399999999996
246,L83103,Clonazepam_Tab 500mcg,0408010F0AAABAB,4,1.898399999999996
245,L83013,Clonazepam_Tab 500mcg,0408010F0AAABAB,2,1.898399999999996
244,L83131,Clonazepam_Tab 500mcg,0408010F0AAABAB,1,1.898399999999996
255,L83131,Clonazepam_Tab 500mcg,0408010F0AAABAB,4,1.8079999999999963
256,L83131,Clonazepam_Tab 500mcg,0408010F0AAABAB,5,1.6949999999999965
262,L83013,Clonazepam_Tab 500mcg,0408010F0AAABAB,5,1.5819999999999967
264,L83005,Clonazepam_Tab 500mcg,0408010F0AAABAB,5,1.5819999999999967
263,L83118,Clonazepam_Tab 500mcg,0408010F0AAABAB,5,1.5819999999999967
258,L83118,Clonazepam_Tab 500mcg,0408010F0AAABAB,10,1.5819999999999967
261,L83111,Clonazepam_Tab 500mcg,0408010F0AAABAB,1,1.5819999999999967
259,L83120,Clonazepam_Tab 500mcg,0408010F0AAABAB,5,1.5819999999999967
257,L83118,Clonazepam_Tab 500mcg,0408010F0AAABAB,4,1.5819999999999967
260,L83130,Clonazepam_Tab 500mcg,0408010F0AAABAB,1,1.5819999999999967
265,L83131,Clonazepam_Tab 500mcg,0408010F0AAABAB,7,1.5539999999999998
266,L83027,Clonazepam_Tab 500mcg,0408010F0AAABAB,3,1.423799999999997
267,L83005,Clonazepam_Tab 500mcg,0408010F0AAABAB,3,1.423799999999997
268,L83131,Clonazepam_Tab 500mcg,0408010F0AAABAB,3,1.423799999999997
269,L83014,Clonazepam_Tab 500mcg,0408010F0AAABAB,2,1.3559999999999972
270,L83070,Clonazepam_Tab 500mcg,0408010F0AAABAB,1,1.3559999999999972
272,L83094,Clonazepam_Tab 500mcg,0408010F0AAABAB,2,1.3559999999999972
273,L83055,Clonazepam_Tab 500mcg,0408010F0AAABAB,1,1.3559999999999972
271,L83118,Clonazepam_Tab 500mcg,0408010F0AAABAB,2,1.3559999999999972
275,L83005,Clonazepam_Tab 500mcg,0408010F0AAABAB,1,1.2655999999999974
283,L83607,Clonazepam_Tab 500mcg,0408010F0AAABAB,1,1.2655999999999974
291,L83045,Clonazepam_Tab 500mcg,0408010F0AAABAB,1,1.2655999999999974
289,L83146,Clonazepam_Tab 500mcg,0408010F0AAABAB,1,1.2655999999999974
288,L83078,Clonazepam_Tab 500mcg,0408010F0AAABAB,4,1.2655999999999974
287,L83029,Clonazepam_Tab 500mcg,0408010F0AAABAB,1,1.2655999999999974
286,L83043,Clonazepam_Tab 500mcg,0408010F0AAABAB,4,1.2655999999999974
285,L83004,Clonazepam_Tab 500mcg,0408010F0AAABAB,2,1.2655999999999974
284,L83051,Clonazepam_Tab 500mcg,0408010F0AAABAB,1,1.2655999999999974
290,L83014,Clonazepam_Tab 500mcg,0408010F0AAABAB,1,1.2655999999999974
282,L83046,Clonazepam_Tab 500mcg,0408010F0AAABAB,1,1.2655999999999974
277,L83027,Clonazepam_Tab 500mcg,0408010F0AAABAB,1,1.2655999999999974
281,L83051,Clonazepam_Tab 500mcg,0408010F0AAABAB,4,1.2655999999999974
276,L83103,Clonazepam_Tab 500mcg,0408010F0AAABAB,4,1.2655999999999974
274,L83045,Clonazepam_Tab 500mcg,0408010F0AAABAB,2,1.2655999999999974
278,L83070,Clonazepam_Tab 500mcg,0408010F0AAABAB,1,1.2655999999999974
279,L83005,Clonazepam_Tab 500mcg,0408010F0AAABAB,8,1.2655999999999974
280,L83051,Clonazepam_Tab 500mcg,0408010F0AAABAB,2,1.2655999999999974
292,L83078,Clonazepam_Tab 500mcg,0408010F0AAABAB,5,1.1864999999999974
296,L83051,Clonazepam_Tab 500mcg,0408010F0AAABAB,1,1.1299999999999977
299,L83070,Clonazepam_Tab 500mcg,0408010F0AAABAB,1,1.1299999999999977
297,L83043,Clonazepam_Tab 500mcg,0408010F0AAABAB,1,1.1299999999999977
298,L83055,Clonazepam_Tab 500mcg,0408010F0AAABAB,1,1.1299999999999977
294,L83148,Clonazepam_Tab 500mcg,0408010F0AAABAB,1,1.1299999999999977
293,L83034,Clonazepam_Tab 500mcg,0408010F0AAABAB,1,1.1299999999999977
295,L83094,Clonazepam_Tab 500mcg,0408010F0AAABAB,1,1.1299999999999977
300,L83130,Clonazepam_Tab 500mcg,0408010F0AAABAB,3,1.016999999999998
306,L83111,Clonazepam_Tab 500mcg,0408010F0AAABAB,1,0.949199999999998
301,L83070,Clonazepam_Tab 500mcg,0408010F0AAABAB,4,0.949199999999998
302,L83078,Clonazepam_Tab 500mcg,0408010F0AAABAB,1,0.949199999999998
303,L83045,Clonazepam_Tab 500mcg,0408010F0AAABAB,1,0.949199999999998
304,L83130,Clonazepam_Tab 500mcg,0408010F0AAABAB,4,0.949199999999998
305,L83051,Clonazepam_Tab 500mcg,0408010F0AAABAB,1,0.949199999999998
310,L83130,Clonazepam_Tab 500mcg,0408010F0AAABAB,6,0.949199999999998
308,L83120,Clonazepam_Tab 500mcg,0408010F0AAABAB,1,0.949199999999998
309,L83111,Clonazepam_Tab 500mcg,0408010F0AAABAB,2,0.949199999999998
307,L83046,Clonazepam_Tab 500mcg,0408010F0AAABAB,1,0.949199999999998
312,L83034,Clonazepam_Tab 500mcg,0408010F0AAABAB,2,0.7909999999999984
311,L83607,Clonazepam_Tab 500mcg,0408010F0AAABAB,1,0.7909999999999984
314,L83111,Clonazepam_Tab 500mcg,0408010F0AAABAB,1,0.6779999999999986
313,L83103,Clonazepam_Tab 500mcg,0408010F0AAABAB,1,0.6779999999999986
321,L83148,Clonazepam_Tab 500mcg,0408010F0AAABAB,2,0.6327999999999987
327,L83010,Clonazepam_Tab 500mcg,0408010F0AAABAB,1,0.6327999999999987
325,L83666,Clonazepam_Tab 500mcg,0408010F0AAABAB,1,0.6327999999999987
323,L83078,Clonazepam_Tab 500mcg,0408010F0AAABAB,1,0.6327999999999987
322,L83013,Clonazepam_Tab 500mcg,0408010F0AAABAB,4,0.6327999999999987
326,L83034,Clonazepam_Tab 500mcg,0408010F0AAABAB,2,0.6327999999999987
320,L83027,Clonazepam_Tab 500mcg,0408010F0AAABAB,4,0.6327999999999987
316,L83070,Clonazepam_Tab 500mcg,0408010F0AAABAB,1,0.6327999999999987
319,L83027,Clonazepam_Tab 500mcg,0408010F0AAABAB,2,0.6327999999999987
315,L83031,Clonazepam_Tab 500mcg,0408010F0AAABAB,2,0.6327999999999987
324,L83111,Clonazepam_Tab 500mcg,0408010F0AAABAB,4,0.6327999999999987
317,L83051,Clonazepam_Tab 500mcg,0408010F0AAABAB,4,0.6327999999999987
318,L83131,Clonazepam_Tab 500mcg,0408010F0AAABAB,8,0.6327999999999987
328,L83103,Clonazepam_Tab 500mcg,0408010F0AAABAB,3,0.6047999999999993
329,L83046,Clonazepam_Tab 500mcg,0408010F0AAABAB,1,0.474599999999999
330,L83029,Clonazepam_Tab 500mcg,0408010F0AAABAB,1,0.474599999999999
332,L83094,Clonazepam_Tab 500mcg,0408010F0AAABAB,1,0.474599999999999
333,L83014,Clonazepam_Tab 500mcg,0408010F0AAABAB,3,0.474599999999999
334,L83051,Clonazepam_Tab 500mcg,0408010F0AAABAB,1,0.474599999999999
335,L83103,Clonazepam_Tab 500mcg,0408010F0AAABAB,3,0.474599999999999
331,L83103,Clonazepam_Tab 500mcg,0408010F0AAABAB,2,0.474599999999999
336,L83078,Clonazepam_Tab 500mcg,0408010F0AAABAB,2,0.44399999999999995
337,L83031,Clonazepam_Tab 500mcg,0408010F0AAABAB,5,0.3954999999999992
338,L83013,Clonazepam_Tab 500mcg,0408010F0AAABAB,1,0.3807999999999996
339,L83607,Clonazepam_Tab 500mcg,0408010F0AAABAB,1,0.3583999999999996
340,L83111,Clonazepam_Tab 500mcg,0408010F0AAABAB,1,0.35339999999999894
341,L83118,Clonazepam_Tab 500mcg,0408010F0AAABAB,2,0.348
343,L83657,Clonazepam_Tab 500mcg,0408010F0AAABAB,1,0.3389999999999993
346,L83078,Clonazepam_Tab 500mcg,0408010F0AAABAB,1,0.3389999999999993
345,L83014,Clonazepam_Tab 500mcg,0408010F0AAABAB,1,0.3389999999999993
344,L83013,Clonazepam_Tab 500mcg,0408010F0AAABAB,1,0.3389999999999993
342,L83031,Clonazepam_Tab 500mcg,0408010F0AAABAB,1,0.3389999999999993
348,L83120,Clonazepam_Tab 500mcg,0408010F0AAABAB,2,0.31639999999999935
347,L83146,Clonazepam_Tab 500mcg,0408010F0AAABAB,4,0.31639999999999935
349,L83005,Clonazepam_Tab 500mcg,0408010F0AAABAB,4,0.31639999999999935
350,L83657,Clonazepam_Tab 500mcg,0408010F0AAABAB,1,0.31639999999999935
351,L83666,Clonazepam_Tab 500mcg,0408010F0AAABAB,1,0.31639999999999935
352,L83130,Clonazepam_Tab 500mcg,0408010F0AAABAB,4,0.31639999999999935
353,L83094,Clonazepam_Tab 500mcg,0408010F0AAABAB,1,0.31639999999999935
355,L83014,Clonazepam_Tab 500mcg,0408010F0AAABAB,1,0.2372999999999995
354,L83131,Clonazepam_Tab 500mcg,0408010F0AAABAB,1,0.2372999999999995
356,L83131,Clonazepam_Tab 500mcg,0408010F0AAABAB,2,0.23199999999999998
358,L83013,Clonazepam_Tab 500mcg,0408010F0AAABAB,1,0.22199999999999998
357,L83043,Clonazepam_Tab 500mcg,0408010F0AAABAB,1,0.22199999999999998
359,L83103,Clonazepam_Tab 500mcg,0408010F0AAABAB,1,0.22199999999999998
360,L83031,Clonazepam_Tab 500mcg,0408010F0AAABAB,1,0.20159999999999978
361,L83103,Clonazepam_Tab 500mcg,0408010F0AAABAB,4,0.16959999999999997
362,L83034,Clonazepam_Tab 500mcg,0408010F0AAABAB,1,0.15819999999999967
363,L83103,Clonazepam_Tab 500mcg,0408010F0AAABAB,2,0.15819999999999967
364,L83078,Clonazepam_Tab 500mcg,0408010F0AAABAB,2,0.12719999999999998
365,L83031,Clonazepam_Tab 500mcg,0408010F0AAABAB,1,0.11599999999999999
366,L83130,Clonazepam_Tab 500mcg,0408010F0AAABAB,1,0.11599999999999999
40,L83031,Paracet_Tab 500mg,0407010H0AAAMAM,2,0.0895999999999999
41,L83031,Paracet_Tab 500mg,0407010H0AAAMAM,2,0.0895999999999999
43,L83103,Paracet_Tab 500mg,0407010H0AAAMAM,13,0.07799999999999953
42,L83103,Paracet_Tab 500mg,0407010H0AAAMAM,13,0.07799999999999953
45,L83046,Paracet_Tab 500mg,0407010H0AAAMAM,1,0.07679999999999998
44,L83046,Paracet_Tab 500mg,0407010H0AAAMAM,1,0.07679999999999998
367,L83130,Clonazepam_Tab 500mcg,0408010F0AAABAB,1,0.057999999999999996
368,L83013,Clonazepam_Tab 500mcg,0408010F0AAABAB,1,0.04239999999999999
47,L83055,Paracet_Tab 500mg,0407010H0AAAMAM,7,0.041999999999999746
46,L83055,Paracet_Tab 500mg,0407010H0AAAMAM,7,0.041999999999999746
49,L83045,Paracet_Tab 500mg,0407010H0AAAMAM,6,0.03599999999999978
48,L83045,Paracet_Tab 500mg,0407010H0AAAMAM,6,0.03599999999999978
50,L83031,Paracet_Tab 500mg,0407010H0AAAMAM,8,0.0335999999999998
51,L83031,Paracet_Tab 500mg,0407010H0AAAMAM,8,0.0335999999999998
520,L83111,Gabapentin_Tab 600mg,0408010G0AAAJAJ,8,0.03359999999999863
52,L83022,Paracet_Tab 500mg,0407010H0AAAMAM,4,0.02560000000000029
53,L83022,Paracet_Tab 500mg,0407010H0AAAMAM,4,0.02560000000000029
54,L83034,Paracet_Tab 500mg,0407010H0AAAMAM,6,0.025199999999999848
55,L83034,Paracet_Tab 500mg,0407010H0AAAMAM,6,0.025199999999999848
463,L83607,Aripiprazole_Tab 10mg,0402010ADAAAAAA,4,0.02240000000000064
56,L83029,Paracet_Tab 500mg,0407010H0AAAMAM,7,0.01959999999999988
57,L83029,Paracet_Tab 500mg,0407010H0AAAMAM,7,0.01959999999999988
498,L83118,Pregabalin_Cap 300mg,0408010AEAAAGAG,4,0.019599999999999784
497,L83607,Pregabalin_Cap 300mg,0408010AEAAAGAG,4,0.019599999999999784
464,L83005,Aripiprazole_Tab 10mg,0402010ADAAAAAA,3,0.01680000000000048
521,L83043,Gabapentin_Tab 600mg,0408010G0AAAJAJ,4,0.016799999999999315
522,L83131,Gabapentin_Tab 600mg,0408010G0AAAJAJ,4,0.016799999999999315
523,L83029,Gabapentin_Tab 600mg,0408010G0AAAJAJ,4,0.016799999999999315
374,L83045,Sumatriptan_Tab 50mg,0407041T0AAAFAF,3,0.01679999999999815
499,L83027,Pregabalin_Cap 300mg,0408010AEAAAGAG,3,0.014699999999999838
58,L83103,Paracet_Tab 500mg,0407010H0AAAMAM,5,0.013999999999999915
61,L83103,Paracet_Tab 500mg,0407010H0AAAMAM,5,0.013999999999999915
60,L83005,Paracet_Tab 500mg,0407010H0AAAMAM,5,0.013999999999999915
59,L83005,Paracet_Tab 500mg,0407010H0AAAMAM,5,0.013999999999999915
63,L83031,Paracet_Tab 500mg,0407010H0AAAMAM,9,0.012599999999999924
62,L83031,Paracet_Tab 500mg,0407010H0AAAMAM,9,0.012599999999999924
524,L83051,Gabapentin_Tab 600mg,0408010G0AAAJAJ,3,0.012599999999999487
73,L83013,Paracet_Tab 500mg,0407010H0AAAMAM,2,0.011999999999999927
72,L83051,Paracet_Tab 500mg,0407010H0AAAMAM,2,0.011999999999999927
75,L83111,Paracet_Tab 500mg,0407010H0AAAMAM,2,0.011999999999999927
65,L83029,Paracet_Tab 500mg,0407010H0AAAMAM,2,0.011999999999999927
64,L83046,Paracet_Tab 500mg,0407010H0AAAMAM,2,0.011999999999999927
71,L83029,Paracet_Tab 500mg,0407010H0AAAMAM,2,0.011999999999999927
74,L83013,Paracet_Tab 500mg,0407010H0AAAMAM,2,0.011999999999999927
66,L83607,Paracet_Tab 500mg,0407010H0AAAMAM,2,0.011999999999999927
67,L83607,Paracet_Tab 500mg,0407010H0AAAMAM,2,0.011999999999999927
68,L83111,Paracet_Tab 500mg,0407010H0AAAMAM,2,0.011999999999999927
70,L83046,Paracet_Tab 500mg,0407010H0AAAMAM,2,0.011999999999999927
69,L83051,Paracet_Tab 500mg,0407010H0AAAMAM,2,0.011999999999999927
465,L83043,Aripiprazole_Tab 10mg,0402010ADAAAAAA,2,0.01120000000000032
76,L83027,Paracet_Tab 500mg,0407010H0AAAMAM,4,0.011199999999999932
77,L83027,Paracet_Tab 500mg,0407010H0AAAMAM,4,0.011199999999999932
500,L83131,Pregabalin_Cap 300mg,0408010AEAAAGAG,2,0.009799999999999892
476,L83013,Paracet_Tab Solb 500mg,0407010H0AAAQAQ,2,0.00840000000000024
477,L83013,Paracet_Tab Solb 500mg,0407010H0AAAQAQ,2,0.00840000000000024
81,L83130,Paracet_Tab 500mg,0407010H0AAAMAM,2,0.00839999999999995
80,L83031,Paracet_Tab 500mg,0407010H0AAAMAM,3,0.00839999999999995
79,L83130,Paracet_Tab 500mg,0407010H0AAAMAM,2,0.00839999999999995
78,L83031,Paracet_Tab 500mg,0407010H0AAAMAM,3,0.00839999999999995
525,L83043,Gabapentin_Tab 600mg,0408010G0AAAJAJ,4,0.007999999999999674
501,L83029,Pregabalin_Cap 300mg,0408010AEAAAGAG,1,0.006299999999999889
191,L83118,Atorvastatin_Tab 20mg,0212000B0AAABAB,1,0.006000000000000172
189,L83103,Atorvastatin_Tab 20mg,0212000B0AAABAB,1,0.006000000000000172
190,L83055,Atorvastatin_Tab 20mg,0212000B0AAABAB,1,0.006000000000000172
102,L83027,Paracet_Tab 500mg,0407010H0AAAMAM,1,0.005999999999999964
103,L83146,Paracet_Tab 500mg,0407010H0AAAMAM,1,0.005999999999999964
101,L83130,Paracet_Tab 500mg,0407010H0AAAMAM,1,0.005999999999999964
98,L83004,Paracet_Tab 500mg,0407010H0AAAMAM,1,0.005999999999999964
100,L83027,Paracet_Tab 500mg,0407010H0AAAMAM,1,0.005999999999999964
99,L83004,Paracet_Tab 500mg,0407010H0AAAMAM,1,0.005999999999999964
96,L83146,Paracet_Tab 500mg,0407010H0AAAMAM,1,0.005999999999999964
97,L83118,Paracet_Tab 500mg,0407010H0AAAMAM,2,0.005999999999999964
88,L83031,Paracet_Tab 500mg,0407010H0AAAMAM,1,0.005999999999999964
82,L83131,Paracet_Tab 500mg,0407010H0AAAMAM,1,0.005999999999999964
83,L83031,Paracet_Tab 500mg,0407010H0AAAMAM,1,0.005999999999999964
84,L83078,Paracet_Tab 500mg,0407010H0AAAMAM,1,0.005999999999999964
85,L83005,Paracet_Tab 500mg,0407010H0AAAMAM,1,0.005999999999999964
86,L83014,Paracet_Tab 500mg,0407010H0AAAMAM,1,0.005999999999999964
87,L83078,Paracet_Tab 500mg,0407010H0AAAMAM,1,0.005999999999999964
90,L83014,Paracet_Tab 500mg,0407010H0AAAMAM,1,0.005999999999999964
89,L83094,Paracet_Tab 500mg,0407010H0AAAMAM,1,0.005999999999999964
91,L83118,Paracet_Tab 500mg,0407010H0AAAMAM,2,0.005999999999999964
92,L83005,Paracet_Tab 500mg,0407010H0AAAMAM,1,0.005999999999999964
93,L83131,Paracet_Tab 500mg,0407010H0AAAMAM,1,0.005999999999999964
94,L83130,Paracet_Tab 500mg,0407010H0AAAMAM,1,0.005999999999999964
95,L83094,Paracet_Tab 500mg,0407010H0AAAMAM,1,0.005999999999999964
466,L83027,Aripiprazole_Tab 10mg,0402010ADAAAAAA,1,0.00560000000000016
467,L83051,Aripiprazole_Tab 10mg,0402010ADAAAAAA,1,0.00560000000000016
104,L83010,Paracet_Tab 500mg,0407010H0AAAMAM,2,0.005599999999999966
105,L83010,Paracet_Tab 500mg,0407010H0AAAMAM,2,0.005599999999999966
502,L83679,Pregabalin_Cap 300mg,0408010AEAAAGAG,1,0.004899999999999946
106,L83131,Paracet_Tab 500mg,0407010H0AAAMAM,1,0.004800000000000054
107,L83131,Paracet_Tab 500mg,0407010H0AAAMAM,1,0.004800000000000054
526,L83043,Gabapentin_Tab 600mg,0408010G0AAAJAJ,1,0.004200000000000023
111,L83022,Paracet_Tab 500mg,0407010H0AAAMAM,1,0.004199999999999975
113,L83607,Paracet_Tab 500mg,0407010H0AAAMAM,1,0.004199999999999975
109,L83022,Paracet_Tab 500mg,0407010H0AAAMAM,1,0.004199999999999975
110,L83607,Paracet_Tab 500mg,0407010H0AAAMAM,1,0.004199999999999975
112,L83118,Paracet_Tab 500mg,0407010H0AAAMAM,1,0.004199999999999975
108,L83118,Paracet_Tab 500mg,0407010H0AAAMAM,1,0.004199999999999975
527,L83013,Gabapentin_Tab 600mg,0408010G0AAAJAJ,1,0.004199999999999829
375,L83043,Sumatriptan_Tab 50mg,0407041T0AAAFAF,1,0.0041999999999995374
479,L83103,Paracet_Tab Solb 500mg,0407010H0AAAQAQ,1,0.004000000000000115
478,L83103,Paracet_Tab Solb 500mg,0407010H0AAAQAQ,1,0.004000000000000115
503,L83004,Pregabalin_Cap 300mg,0408010AEAAAGAG,1,0.0040000000000000036
376,L83131,Sumatriptan_Tab 50mg,0407041T0AAAFAF,1,0.0039999999999995595
504,L83029,Pregabalin_Cap 300mg,0408010AEAAAGAG,1,0.0035999999999999782
377,L83118,Sumatriptan_Tab 50mg,0407041T0AAAFAF,1,0.0033999999999998476
378,L83031,Sumatriptan_Tab 50mg,0407041T0AAAFAF,1,0.0031999999999996476
192,L83078,Atorvastatin_Tab 20mg,0212000B0AAABAB,1,0.0030000000000000165
506,L83029,Pregabalin_Cap 300mg,0408010AEAAAGAG,1,0.002999999999999947
505,L83055,Pregabalin_Cap 300mg,0408010AEAAAGAG,1,0.002999999999999947
507,L83029,Pregabalin_Cap 300mg,0408010AEAAAGAG,2,0.0024000000000000687
193,L83046,Atorvastatin_Tab 20mg,0212000B0AAABAB,1,0.00180000000000001
114,L83010,Paracet_Tab 500mg,0407010H0AAAMAM,1,0.0013999999999999915
117,L83118,Paracet_Tab 500mg,0407010H0AAAMAM,1,0.0013999999999999915
116,L83010,Paracet_Tab 500mg,0407010H0AAAMAM,1,0.0013999999999999915
115,L83118,Paracet_Tab 500mg,0407010H0AAAMAM,1,0.0013999999999999915
421,L83111,Sumatriptan_Tab 50mg,0407041T0AAAFAF,1,0.0
425,L83046,Sumatriptan_Tab 50mg,0407041T0AAAFAF,6,0.0
424,L83146,Sumatriptan_Tab 50mg,0407041T0AAAFAF,5,0.0
423,L83029,Sumatriptan_Tab 50mg,0407041T0AAAFAF,7,0.0
422,L83013,Sumatriptan_Tab 50mg,0407041T0AAAFAF,4,0.0
418,L83034,Sumatriptan_Tab 50mg,0407041T0AAAFAF,1,0.0
420,L83078,Sumatriptan_Tab 50mg,0407041T0AAAFAF,17,0.0
419,L83607,Sumatriptan_Tab 50mg,0407041T0AAAFAF,2,0.0
404,L83027,Sumatriptan_Tab 50mg,0407041T0AAAFAF,4,0.0
405,L83043,Sumatriptan_Tab 50mg,0407041T0AAAFAF,14,0.0
406,L83013,Sumatriptan_Tab 50mg,0407041T0AAAFAF,1,0.0
407,L83043,Sumatriptan_Tab 50mg,0407041T0AAAFAF,1,0.0
408,L83004,Sumatriptan_Tab 50mg,0407041T0AAAFAF,15,0.0
409,L83034,Sumatriptan_Tab 50mg,0407041T0AAAFAF,3,0.0
410,L83045,Sumatriptan_Tab 50mg,0407041T0AAAFAF,18,0.0
411,L83043,Sumatriptan_Tab 50mg,0407041T0AAAFAF,2,0.0
412,L83070,Sumatriptan_Tab 50mg,0407041T0AAAFAF,1,0.0
413,L83005,Sumatriptan_Tab 50mg,0407041T0AAAFAF,1,0.0
414,L83657,Sumatriptan_Tab 50mg,0407041T0AAAFAF,2,0.0
415,L83131,Sumatriptan_Tab 50mg,0407041T0AAAFAF,1,0.0
416,L83111,Sumatriptan_Tab 50mg,0407041T0AAAFAF,24,0.0
417,L83120,Sumatriptan_Tab 50mg,0407041T0AAAFAF,2,0.0
427,L83078,Sumatriptan_Tab 50mg,0407041T0AAAFAF,5,0.0
426,L83055,Sumatriptan_Tab 50mg,0407041T0AAAFAF,22,0.0
389,L83103,Sumatriptan_Tab 50mg,0407041T0AAAFAF,14,0.0
428,L83031,Sumatriptan_Tab 50mg,0407041T0AAAFAF,11,0.0
442,L83031,Sumatriptan_Tab 50mg,0407041T0AAAFAF,1,0.0
454,L83130,Sumatriptan_Tab 50mg,0407041T0AAAFAF,6,0.0
453,L83094,Sumatriptan_Tab 50mg,0407041T0AAAFAF,1,0.0
452,L83666,Sumatriptan_Tab 50mg,0407041T0AAAFAF,2,0.0
451,L83118,Sumatriptan_Tab 50mg,0407041T0AAAFAF,8,0.0
450,L83094,Sumatriptan_Tab 50mg,0407041T0AAAFAF,15,0.0
449,L83103,Sumatriptan_Tab 50mg,0407041T0AAAFAF,4,0.0
448,L83131,Sumatriptan_Tab 50mg,0407041T0AAAFAF,23,0.0
447,L83005,Sumatriptan_Tab 50mg,0407041T0AAAFAF,4,0.0
446,L83051,Sumatriptan_Tab 50mg,0407041T0AAAFAF,1,0.0
445,L83013,Sumatriptan_Tab 50mg,0407041T0AAAFAF,12,0.0
444,L83034,Sumatriptan_Tab 50mg,0407041T0AAAFAF,10,0.0
443,L83051,Sumatriptan_Tab 50mg,0407041T0AAAFAF,17,0.0
441,L83045,Sumatriptan_Tab 50mg,0407041T0AAAFAF,17,0.0
429,L83046,Sumatriptan_Tab 50mg,0407041T0AAAFAF,1,0.0
440,L83027,Sumatriptan_Tab 50mg,0407041T0AAAFAF,1,0.0
439,L83034,Sumatriptan_Tab 50mg,0407041T0AAAFAF,13,0.0
438,L83070,Sumatriptan_Tab 50mg,0407041T0AAAFAF,3,0.0
437,L83043,Sumatriptan_Tab 50mg,0407041T0AAAFAF,2,0.0
436,L83055,Sumatriptan_Tab 50mg,0407041T0AAAFAF,6,0.0
435,L83103,Sumatriptan_Tab 50mg,0407041T0AAAFAF,1,0.0
434,L83031,Sumatriptan_Tab 50mg,0407041T0AAAFAF,14,0.0
433,L83607,Sumatriptan_Tab 50mg,0407041T0AAAFAF,5,0.0
432,L83146,Sumatriptan_Tab 50mg,0407041T0AAAFAF,1,0.0
431,L83607,Sumatriptan_Tab 50mg,0407041T0AAAFAF,1,0.0
402,L83005,Sumatriptan_Tab 50mg,0407041T0AAAFAF,15,0.0
430,L83118,Sumatriptan_Tab 50mg,0407041T0AAAFAF,19,0.0
403,L83666,Sumatriptan_Tab 50mg,0407041T0AAAFAF,8,0.0
455,L83022,Sumatriptan_Tab 50mg,0407041T0AAAFAF,7,0.0
401,L83014,Sumatriptan_Tab 50mg,0407041T0AAAFAF,8,0.0
387,L83148,Sumatriptan_Tab 50mg,0407041T0AAAFAF,1,0.0
457,L83111,Sumatriptan_Tab 50mg,0407041T0AAAFAF,1,0.0
458,L83131,Sumatriptan_Tab 50mg,0407041T0AAAFAF,1,0.0
456,L83022,Sumatriptan_Tab 50mg,0407041T0AAAFAF,14,0.0
400,L83004,Sumatriptan_Tab 50mg,0407041T0AAAFAF,9,0.0
379,L83130,Sumatriptan_Tab 50mg,0407041T0AAAFAF,2,0.0
380,L83657,Sumatriptan_Tab 50mg,0407041T0AAAFAF,3,0.0
381,L83120,Sumatriptan_Tab 50mg,0407041T0AAAFAF,15,0.0
382,L83111,Sumatriptan_Tab 50mg,0407041T0AAAFAF,8,0.0
384,L83010,Sumatriptan_Tab 50mg,0407041T0AAAFAF,3,0.0
385,L83131,Sumatriptan_Tab 50mg,0407041T0AAAFAF,30,0.0
386,L83045,Sumatriptan_Tab 50mg,0407041T0AAAFAF,2,0.0
383,L83120,Sumatriptan_Tab 50mg,0407041T0AAAFAF,1,0.0
388,L83051,Sumatriptan_Tab 50mg,0407041T0AAAFAF,12,0.0
396,L83027,Sumatriptan_Tab 50mg,0407041T0AAAFAF,3,0.0
390,L83005,Sumatriptan_Tab 50mg,0407041T0AAAFAF,3,0.0
391,L83014,Sumatriptan_Tab 50mg,0407041T0AAAFAF,1,0.0
399,L83120,Sumatriptan_Tab 50mg,0407041T0AAAFAF,4,0.0
392,L83118,Sumatriptan_Tab 50mg,0407041T0AAAFAF,1,0.0
393,L83046,Sumatriptan_Tab 50mg,0407041T0AAAFAF,9,0.0
394,L83055,Sumatriptan_Tab 50mg,0407041T0AAAFAF,1,0.0
395,L83055,Sumatriptan_Tab 50mg,0407041T0AAAFAF,1,0.0
398,L83014,Sumatriptan_Tab 50mg,0407041T0AAAFAF,19,0.0
397,L83146,Sumatriptan_Tab 50mg,0407041T0AAAFAF,2,0.0
508,L83005,Pregabalin_Cap 300mg,0408010AEAAAGAG,1,-0.0014000000000000123
528,L83010,Gabapentin_Tab 600mg,0408010G0AAAJAJ,1,-0.00140000000000004
510,L83029,Pregabalin_Cap 300mg,0408010AEAAAGAG,1,-0.0016000000000000458
509,L83078,Pregabalin_Cap 300mg,0408010AEAAAGAG,1,-0.0016000000000000458
511,L83679,Pregabalin_Cap 300mg,0408010AEAAAGAG,1,-0.0021000000000000185
194,L83004,Atorvastatin_Tab 20mg,0212000B0AAABAB,1,-0.0022999999999999063
195,L83046,Atorvastatin_Tab 20mg,0212000B0AAABAB,1,-0.002399999999999902
196,L83004,Atorvastatin_Tab 20mg,0212000B0AAABAB,1,-0.0026999999999999837
460,L83031,Sumatriptan_Tab 50mg,0407041T0AAAFAF,1,-0.0027999999999996916
459,L83120,Sumatriptan_Tab 50mg,0407041T0AAAFAF,1,-0.0027999999999996916
197,L83013,Atorvastatin_Tab 20mg,0212000B0AAABAB,1,-0.002799999999999997
512,L83004,Pregabalin_Cap 300mg,0408010AEAAAGAG,1,-0.0028000000000000247
513,L83679,Pregabalin_Cap 300mg,0408010AEAAAGAG,1,-0.0028000000000000247
530,L83013,Gabapentin_Tab 600mg,0408010G0AAAJAJ,1,-0.00280000000000008
529,L83022,Gabapentin_Tab 600mg,0408010G0AAAJAJ,1,-0.00280000000000008
461,L83010,Sumatriptan_Tab 50mg,0407041T0AAAFAF,1,-0.0028000000000004688
481,L83078,Paracet_Tab Solb 500mg,0407010H0AAAQAQ,1,-0.0029999999999996696
480,L83078,Paracet_Tab Solb 500mg,0407010H0AAAQAQ,1,-0.0029999999999996696
198,L83094,Atorvastatin_Tab 20mg,0212000B0AAABAB,1,-0.0029999999999998778
199,L83120,Atorvastatin_Tab 20mg,0212000B0AAABAB,1,-0.0029999999999998778
482,L83679,Paracet_Tab Solb 500mg,0407010H0AAAQAQ,1,-0.0031999999999996476
483,L83679,Paracet_Tab Solb 500mg,0407010H0AAAQAQ,1,-0.0031999999999996476
119,L83120,Paracet_Tab 500mg,0407010H0AAAMAM,1,-0.003999999999999976
118,L83118,Paracet_Tab 500mg,0407010H0AAAMAM,1,-0.003999999999999976
120,L83118,Paracet_Tab 500mg,0407010H0AAAMAM,1,-0.003999999999999976
121,L83120,Paracet_Tab 500mg,0407010H0AAAMAM,1,-0.003999999999999976
514,L83029,Pregabalin_Cap 300mg,0408010AEAAAGAG,1,-0.004200000000000037
122,L83111,Paracet_Tab 500mg,0407010H0AAAMAM,1,-0.004799999999999971
123,L83111,Paracet_Tab 500mg,0407010H0AAAMAM,1,-0.004799999999999971
125,L83022,Paracet_Tab 500mg,0407010H0AAAMAM,1,-0.005599999999999966
124,L83010,Paracet_Tab 500mg,0407010H0AAAMAM,1,-0.005599999999999966
126,L83010,Paracet_Tab 500mg,0407010H0AAAMAM,1,-0.005599999999999966
127,L83094,Paracet_Tab 500mg,0407010H0AAAMAM,1,-0.005599999999999966
128,L83004,Paracet_Tab 500mg,0407010H0AAAMAM,1,-0.005599999999999966
129,L83022,Paracet_Tab 500mg,0407010H0AAAMAM,1,-0.005599999999999966
130,L83094,Paracet_Tab 500mg,0407010H0AAAMAM,1,-0.005599999999999966
131,L83004,Paracet_Tab 500mg,0407010H0AAAMAM,1,-0.005599999999999966
534,L83131,Gabapentin_Tab 600mg,0408010G0AAAJAJ,1,-0.00560000000000016
533,L83010,Gabapentin_Tab 600mg,0408010G0AAAJAJ,1,-0.00560000000000016
532,L83103,Gabapentin_Tab 600mg,0408010G0AAAJAJ,1,-0.00560000000000016
531,L83120,Gabapentin_Tab 600mg,0408010G0AAAJAJ,2,-0.00560000000000016
486,L83055,Paracet_Tab Solb 500mg,0407010H0AAAQAQ,1,-0.005999999999999339
487,L83029,Paracet_Tab Solb 500mg,0407010H0AAAQAQ,1,-0.005999999999999339
488,L83029,Paracet_Tab Solb 500mg,0407010H0AAAQAQ,1,-0.005999999999999339
484,L83607,Paracet_Tab Solb 500mg,0407010H0AAAQAQ,1,-0.005999999999999339
489,L83607,Paracet_Tab Solb 500mg,0407010H0AAAQAQ,1,-0.005999999999999339
485,L83055,Paracet_Tab Solb 500mg,0407010H0AAAQAQ,1,-0.005999999999999339
468,L83131,Aripiprazole_Tab 10mg,0402010ADAAAAAA,3,-0.006299999999999889
535,L83045,Gabapentin_Tab 600mg,0408010G0AAAJAJ,5,-0.0070000000000002005
470,L83005,Aripiprazole_Tab 10mg,0402010ADAAAAAA,4,-0.008399999999999852
469,L83031,Aripiprazole_Tab 10mg,0402010ADAAAAAA,4,-0.008399999999999852
515,L83131,Pregabalin_Cap 300mg,0408010AEAAAGAG,2,-0.008400000000000074
133,L83103,Paracet_Tab 500mg,0407010H0AAAMAM,4,-0.009599999999999942
132,L83103,Paracet_Tab 500mg,0407010H0AAAMAM,4,-0.009599999999999942
135,L83679,Paracet_Tab 500mg,0407010H0AAAMAM,2,-0.009599999999999997
134,L83679,Paracet_Tab 500mg,0407010H0AAAMAM,2,-0.009599999999999997
471,L83078,Aripiprazole_Tab 10mg,0402010ADAAAAAA,5,-0.010499999999999815
516,L83029,Pregabalin_Cap 300mg,0408010AEAAAGAG,5,-0.010500000000000093
136,L83055,Paracet_Tab 500mg,0407010H0AAAMAM,2,-0.011199999999999932
137,L83013,Paracet_Tab 500mg,0407010H0AAAMAM,2,-0.011199999999999932
138,L83013,Paracet_Tab 500mg,0407010H0AAAMAM,2,-0.011199999999999932
139,L83055,Paracet_Tab 500mg,0407010H0AAAMAM,2,-0.011199999999999932
517,L83078,Pregabalin_Cap 300mg,0408010AEAAAGAG,8,-0.011200000000000099
540,L83014,Gabapentin_Tab 600mg,0408010G0AAAJAJ,2,-0.01120000000000032
539,L83118,Gabapentin_Tab 600mg,0408010G0AAAJAJ,2,-0.01120000000000032
538,L83111,Gabapentin_Tab 600mg,0408010G0AAAJAJ,2,-0.01120000000000032
537,L83034,Gabapentin_Tab 600mg,0408010G0AAAJAJ,2,-0.01120000000000032
536,L83045,Gabapentin_Tab 600mg,0408010G0AAAJAJ,2,-0.01120000000000032
490,L83118,Paracet_Tab Solb 500mg,0407010H0AAAQAQ,2,-0.011999999999998678
491,L83118,Paracet_Tab Solb 500mg,0407010H0AAAQAQ,2,-0.011999999999998678
140,L83130,Paracet_Tab 500mg,0407010H0AAAMAM,3,-0.0167999999999999
141,L83130,Paracet_Tab 500mg,0407010H0AAAMAM,3,-0.0167999999999999
541,L83055,Gabapentin_Tab 600mg,0408010G0AAAJAJ,4,-0.01680000000000048
542,L83004,Gabapentin_Tab 600mg,0408010G0AAAJAJ,3,-0.01680000000000048
142,L83120,Paracet_Tab 500mg,0407010H0AAAMAM,4,-0.022399999999999864
143,L83120,Paracet_Tab 500mg,0407010H0AAAMAM,4,-0.022399999999999864
492,L83131,Paracet_Tab Solb 500mg,0407010H0AAAQAQ,4,-0.023999999999997357
493,L83131,Paracet_Tab Solb 500mg,0407010H0AAAQAQ,4,-0.023999999999997357
144,L83014,Paracet_Tab 500mg,0407010H0AAAMAM,5,-0.02799999999999983
145,L83045,Paracet_Tab 500mg,0407010H0AAAMAM,5,-0.02799999999999983
146,L83014,Paracet_Tab 500mg,0407010H0AAAMAM,5,-0.02799999999999983
147,L83045,Paracet_Tab 500mg,0407010H0AAAMAM,5,-0.02799999999999983
151,L83034,Paracet_Tab 500mg,0407010H0AAAMAM,6,-0.0335999999999998
148,L83131,Paracet_Tab 500mg,0407010H0AAAMAM,6,-0.0335999999999998
149,L83034,Paracet_Tab 500mg,0407010H0AAAMAM,6,-0.0335999999999998
150,L83131,Paracet_Tab 500mg,0407010H0AAAMAM,6,-0.0335999999999998
152,L83103,Paracet_Tab 500mg,0407010H0AAAMAM,7,-0.03919999999999976
153,L83103,Paracet_Tab 500mg,0407010H0AAAMAM,7,-0.03919999999999976
518,L83043,Pregabalin_Cap 300mg,0408010AEAAAGAG,31,-0.04340000000000038
154,L83051,Paracet_Tab 500mg,0407010H0AAAMAM,8,-0.04479999999999973
157,L83043,Paracet_Tab 500mg,0407010H0AAAMAM,8,-0.04479999999999973
156,L83043,Paracet_Tab 500mg,0407010H0AAAMAM,8,-0.04479999999999973
155,L83051,Paracet_Tab 500mg,0407010H0AAAMAM,8,-0.04479999999999973
158,L83146,Paracet_Tab 500mg,0407010H0AAAMAM,9,-0.050399999999999695
159,L83146,Paracet_Tab 500mg,0407010H0AAAMAM,9,-0.050399999999999695
160,L83078,Paracet_Tab 500mg,0407010H0AAAMAM,10,-0.05599999999999966
161,L83078,Paracet_Tab 500mg,0407010H0AAAMAM,10,-0.05599999999999966
162,L83027,Paracet_Tab 500mg,0407010H0AAAMAM,11,-0.06159999999999963
163,L83027,Paracet_Tab 500mg,0407010H0AAAMAM,11,-0.06159999999999963
165,L83029,Paracet_Tab 500mg,0407010H0AAAMAM,13,-0.07279999999999956
167,L83029,Paracet_Tab 500mg,0407010H0AAAMAM,13,-0.07279999999999956
168,L83111,Paracet_Tab 500mg,0407010H0AAAMAM,13,-0.07279999999999956
169,L83111,Paracet_Tab 500mg,0407010H0AAAMAM,13,-0.07279999999999956
164,L83005,Paracet_Tab 500mg,0407010H0AAAMAM,13,-0.07279999999999956
166,L83005,Paracet_Tab 500mg,0407010H0AAAMAM,13,-0.07279999999999956
171,L83118,Paracet_Tab 500mg,0407010H0AAAMAM,19,-0.10639999999999936
170,L83118,Paracet_Tab 500mg,0407010H0AAAMAM,19,-0.10639999999999936
173,L83070,Paracet_Tab 500mg,0407010H0AAAMAM,24,-0.1343999999999992
172,L83070,Paracet_Tab 500mg,0407010H0AAAMAM,24,-0.1343999999999992
174,L83031,Paracet_Tab 500mg,0407010H0AAAMAM,53,-0.2967999999999982
175,L83031,Paracet_Tab 500mg,0407010H0AAAMAM,53,-0.2967999999999982
176,L83031,Paracet_Tab 500mg,0407010H0AAAMAM,4,-0.7168000000000003
177,L83031,Paracet_Tab 500mg,0407010H0AAAMAM,4,-0.7168000000000003
181,L83078,Mag Glycerophos_Tab Chble 97.2mg S/F,0905013G0AADEDE,2,-1.0400000000000187
178,L83120,Paracet_Tab 500mg,0407010H0AAAMAM,57,-2.279999999999986
179,L83120,Paracet_Tab 500mg,0407010H0AAAMAM,57,-2.279999999999986
