,practice_code,bnf_description,bnf_code,items,excess_cost
0,E84059,Atorvastatin_Tab 10mg,0212000B0AAAAAA,23,0.05040000000000028
1,E84059,Atorvastatin_Tab 40mg,0212000B0AAACAC,22,66.8616
2,E84059,Clopidogrel_Tab 75mg,0209000C0AAAAAA,44,0.21559999999999976
3,E84059,Paracet_Tab 500mg,0407010H0AAAMAM,36,0.15119999999999909
4,E84059,Pregabalin_Cap 75mg,0408010AEAAACAC,4,0.011199999999999932
5,E84059,Sildenafil_Tab 25mg,0704050Z0AAABAB,1,0.005999999999999339
6,E85006,Aripiprazole_Tab 10mg,0402010ADAAAAAA,8,0.01400000000000079
7,E85006,Atorvastatin_Tab 10mg,0212000B0AAAAAA,7,0.014700000000000081
8,E85006,Clopidogrel_Tab 75mg,0209000C0AAAAAA,77,0.3772999999999996
9,E85006,Pregabalin_Cap 75mg,0408010AEAAACAC,1,0.005599999999999966
10,E85006,Risperidone_Tab 6mg,040201030AAAFAF,1,29.2096
11,E85012,Aripiprazole_Tab 10mg,0402010ADAAAAAA,3,-0.006299999999999889
12,E85012,Atorvastatin_Tab 10mg,0212000B0AAAAAA,24,0.05040000000000028
13,E85012,Atorvastatin_Tab 20mg,0212000B0AAABAB,227,0.6356000000000182
14,E85012,Clopidogrel_Tab 75mg,0209000C0AAAAAA,84,0.4115999999999995
15,E85012,Paracet_Tab 500mg,0407010H0AAAMAM,340,41.88320000000004
16,E85012,Pregabalin_Cap 75mg,0408010AEAAACAC,16,0.08959999999999946
17,E85013,Aripiprazole_Tab 10mg,0402010ADAAAAAA,8,0.01400000000000079
18,E85013,Atorvastatin_Tab 10mg,0212000B0AAAAAA,20,0.04200000000000023
19,E85013,Clopidogrel_Tab 75mg,0209000C0AAAAAA,16,0.07839999999999991
20,E85013,Pregabalin_Cap 75mg,0408010AEAAACAC,4,0.022399999999999864
21,E85014,Aripiprazole_Tab 10mg,0402010ADAAAAAA,6,-0.012599999999999778
22,E85014,Atorvastatin_Tab 10mg,0212000B0AAAAAA,21,0.04410000000000024
23,E85014,Clopidogrel_Tab 75mg,0209000C0AAAAAA,79,0.38709999999999956
24,E85014,Paracet_Tab 500mg,0407010H0AAAMAM,64,-0.04039999999999977
25,E85014,Pregabalin_Cap 75mg,0408010AEAAACAC,12,0.0671999999999996
26,E85019,Atorvastatin_Tab 10mg,0212000B0AAAAAA,26,0.056700000000000264
27,E85019,Clopidogrel_Tab 75mg,0209000C0AAAAAA,30,0.14699999999999985
28,E85019,Paracet_Tab 500mg,0407010H0AAAMAM,10,-0.038799999999999765
29,E85019,Pregabalin_Cap 75mg,0408010AEAAACAC,1,0.008399999999999658
30,E85019,Risperidone_Tab 6mg,040201030AAAFAF,1,29.2096
31,E85021,Atorvastatin_Tab 10mg,0212000B0AAAAAA,32,0.06720000000000037
32,E85021,Clopidogrel_Tab 75mg,0209000C0AAAAAA,70,0.34299999999999964
33,E85021,Paracet_Tab 500mg,0407010H0AAAMAM,84,0.050399999999999695
34,E85021,Pregabalin_Cap 75mg,0408010AEAAACAC,17,0.0671999999999996
35,E85023,Aripiprazole_Tab 10mg,0402010ADAAAAAA,1,-0.002099999999999963
36,E85023,Atorvastatin_Tab 10mg,0212000B0AAAAAA,4,0.008400000000000046
37,E85023,Clopidogrel_Tab 75mg,0209000C0AAAAAA,56,0.2743999999999997
38,E85023,Paracet_Tab 500mg,0407010H0AAAMAM,8,0.022399999999999864
39,E85023,Pregabalin_Cap 75mg,0408010AEAAACAC,13,0.03639999999999978
40,E85026,Atorvastatin_Tab 10mg,0212000B0AAAAAA,45,0.09660000000000057
41,E85026,Clopidogrel_Tab 75mg,0209000C0AAAAAA,190,18.343999999999998
42,E85026,Paracet_Tab 500mg,0407010H0AAAMAM,194,9.83320000000002
43,E85026,Pregabalin_Cap 75mg,0408010AEAAACAC,33,0.12879999999999892
44,E85026,Risperidone_Tab 6mg,040201030AAAFAF,1,7.308
45,E85028,Atorvastatin_Tab 10mg,0212000B0AAAAAA,10,0.009900000000000159
46,E85028,Atorvastatin_Tab 20mg,0212000B0AAABAB,27,67.5864
47,E85028,Clopidogrel_Tab 75mg,0209000C0AAAAAA,52,0.2547999999999997
48,E85028,Paracet_Tab 500mg,0407010H0AAAMAM,18,0.050399999999999695
49,E85028,Pregabalin_Cap 75mg,0408010AEAAACAC,4,0.011199999999999932
50,E85034,Aripiprazole_Tab 10mg,0402010ADAAAAAA,4,-0.008399999999999852
51,E85034,Atorvastatin_Tab 10mg,0212000B0AAAAAA,29,0.06300000000000035
52,E85034,Atorvastatin_Tab 20mg,0212000B0AAABAB,1,-0.0029999999999998778
53,E85034,Clopidogrel_Tab 75mg,0209000C0AAAAAA,102,0.49979999999999947
54,E85034,Paracet_Tab 500mg,0407010H0AAAMAM,16,0.04479999999999973
55,E85034,Pregabalin_Cap 75mg,0408010AEAAACAC,33,0.16159999999999902
56,E85041,Atorvastatin_Tab 10mg,0212000B0AAAAAA,14,0.029400000000000162
57,E85041,Clopidogrel_Tab 75mg,0209000C0AAAAAA,36,0.1763999999999998
58,E85041,Paracet_Tab 500mg,0407010H0AAAMAM,4,6.451200000000001
59,E85046,Aripiprazole_Tab 10mg,0402010ADAAAAAA,8,0.04480000000000128
60,E85046,Atorvastatin_Tab 10mg,0212000B0AAAAAA,33,0.07770000000000044
61,E85046,Atorvastatin_Tab 20mg,0212000B0AAABAB,1,-0.004199999999999995
62,E85046,Clopidogrel_Tab 75mg,0209000C0AAAAAA,53,8.978199999999998
63,E85046,Paracet_Tab 500mg,0407010H0AAAMAM,2,0.011199999999999932
64,E85046,Pregabalin_Cap 75mg,0408010AEAAACAC,20,56.78680000000001
65,E85049,Aripiprazole_Tab 10mg,0402010ADAAAAAA,8,-0.016799999999999704
66,E85049,Atorvastatin_Tab 10mg,0212000B0AAAAAA,37,0.07770000000000044
67,E85049,Atorvastatin_Tab 20mg,0212000B0AAABAB,3,0.018000000000000516
68,E85049,Clopidogrel_Tab 75mg,0209000C0AAAAAA,88,0.43119999999999953
69,E85049,Paracet_Tab 500mg,0407010H0AAAMAM,282,125.00240000000001
70,E85049,Pregabalin_Cap 75mg,0408010AEAAACAC,24,0.10079999999999939
71,E85050,Aripiprazole_Tab 10mg,0402010ADAAAAAA,16,0.02800000000000158
72,E85050,Atorvastatin_Tab 10mg,0212000B0AAAAAA,10,0.021000000000000116
73,E85050,Atorvastatin_Tab 20mg,0212000B0AAABAB,43,0.12040000000000345
74,E85050,Clopidogrel_Tab 75mg,0209000C0AAAAAA,65,26.479599999999994
75,E85050,Paracet_Tab 500mg,0407010H0AAAMAM,32,-2.541599999999999
76,E85050,Pregabalin_Cap 75mg,0408010AEAAACAC,20,0.08959999999999946
77,E85051,Aripiprazole_Tab 10mg,0402010ADAAAAAA,4,-0.008399999999999852
78,E85051,Atorvastatin_Tab 10mg,0212000B0AAAAAA,9,0.010800000000000129
79,E85051,Atorvastatin_Tab 20mg,0212000B0AAABAB,1,0.006000000000000172
80,E85051,Atorvastatin_Tab 40mg,0212000B0AAACAC,1,0.005400000000000155
81,E85051,Clopidogrel_Tab 75mg,0209000C0AAAAAA,51,0.24989999999999973
82,E85051,Paracet_Tab 500mg,0407010H0AAAMAM,86,11.484800000000007
83,E85051,Pregabalin_Cap 75mg,0408010AEAAACAC,10,0.04479999999999973
84,E85053,Aripiprazole_Tab 10mg,0402010ADAAAAAA,1,0.00560000000000016
85,E85053,Atorvastatin_Tab 10mg,0212000B0AAAAAA,17,23.208499999999997
86,E85053,Clopidogrel_Tab 75mg,0209000C0AAAAAA,24,0.11759999999999987
87,E85053,Paracet_Tab 500mg,0407010H0AAAMAM,4,-0.022399999999999864
88,E85054,Aripiprazole_Tab 10mg,0402010ADAAAAAA,1,-0.002099999999999963
89,E85054,Atorvastatin_Tab 10mg,0212000B0AAAAAA,19,0.03990000000000022
90,E85054,Atorvastatin_Tab 20mg,0212000B0AAABAB,64,67.73760000000004
91,E85054,Clopidogrel_Tab 75mg,0209000C0AAAAAA,60,0.2939999999999997
92,E85054,Paracet_Tab 500mg,0407010H0AAAMAM,238,14.367200000000011
93,E85054,Pregabalin_Cap 75mg,0408010AEAAACAC,4,0.022399999999999864
94,E85057,Aripiprazole_Tab 10mg,0402010ADAAAAAA,4,-0.008399999999999852
95,E85057,Atorvastatin_Tab 10mg,0212000B0AAAAAA,8,0.016800000000000093
96,E85057,Clopidogrel_Tab 75mg,0209000C0AAAAAA,35,0.17149999999999982
97,E85057,Paracet_Tab 500mg,0407010H0AAAMAM,18,-0.0163999999999999
98,E85057,Pregabalin_Cap 75mg,0408010AEAAACAC,15,0.08399999999999949
99,E85061,Aripiprazole_Tab 10mg,0402010ADAAAAAA,4,0.02240000000000064
100,E85061,Atorvastatin_Tab 10mg,0212000B0AAAAAA,17,11.661399999999999
101,E85061,Clopidogrel_Tab 75mg,0209000C0AAAAAA,51,0.24989999999999973
102,E85061,Paracet_Tab 500mg,0407010H0AAAMAM,144,18.595200000000013
103,E85064,Aripiprazole_Tab 10mg,0402010ADAAAAAA,8,0.01400000000000079
104,E85064,Atorvastatin_Tab 10mg,0212000B0AAAAAA,3,0.006300000000000035
105,E85064,Clopidogrel_Tab 75mg,0209000C0AAAAAA,45,0.22049999999999975
106,E85064,Paracet_Tab 500mg,0407010H0AAAMAM,16,0.03999999999999976
107,E85064,Pregabalin_Cap 75mg,0408010AEAAACAC,5,0.02799999999999983
108,E85066,Atorvastatin_Tab 10mg,0212000B0AAAAAA,8,0.016800000000000093
109,E85066,Clopidogrel_Tab 75mg,0209000C0AAAAAA,8,0.03919999999999996
110,E85066,Paracet_Tab 500mg,0407010H0AAAMAM,10,-0.0327999999999998
111,E85066,Risperidone_Tab 6mg,040201030AAAFAF,4,29.232
112,E85069,Atorvastatin_Tab 10mg,0212000B0AAAAAA,8,0.016800000000000093
113,E85069,Atorvastatin_Tab 20mg,0212000B0AAABAB,133,22.716400000000004
114,E85069,Clopidogrel_Tab 75mg,0209000C0AAAAAA,30,0.14699999999999985
115,E85075,Aripiprazole_Tab 10mg,0402010ADAAAAAA,8,0.01400000000000079
116,E85075,Atorvastatin_Tab 10mg,0212000B0AAAAAA,16,0.033600000000000185
117,E85075,Clopidogrel_Tab 75mg,0209000C0AAAAAA,36,0.1763999999999998
118,E85075,Pregabalin_Cap 75mg,0408010AEAAACAC,9,0.050399999999999695
119,E85075,Risperidone_Tab 6mg,040201030AAAFAF,1,58.4192
120,E85083,Atorvastatin_Tab 10mg,0212000B0AAAAAA,56,0.11760000000000065
121,E85083,Clopidogrel_Tab 75mg,0209000C0AAAAAA,90,0.4409999999999995
122,E85083,Pregabalin_Cap 75mg,0408010AEAAACAC,5,0.02799999999999983
123,E85088,Aripiprazole_Tab 10mg,0402010ADAAAAAA,4,-0.008399999999999852
124,E85088,Atorvastatin_Tab 10mg,0212000B0AAAAAA,27,0.05670000000000031
125,E85088,Clopidogrel_Tab 75mg,0209000C0AAAAAA,70,0.34299999999999964
126,E85088,Paracet_Tab 500mg,0407010H0AAAMAM,118,10.238799999999994
127,E85088,Pregabalin_Cap 75mg,0408010AEAAACAC,15,0.08399999999999949
128,E85090,Atorvastatin_Tab 10mg,0212000B0AAAAAA,18,0.03780000000000021
129,E85090,Clopidogrel_Tab 75mg,0209000C0AAAAAA,46,0.22539999999999977
130,E85090,Paracet_Tab 500mg,0407010H0AAAMAM,38,0.13799999999999923
131,E85090,Pregabalin_Cap 75mg,0408010AEAAACAC,8,0.022399999999999864
132,E85091,Atorvastatin_Tab 10mg,0212000B0AAAAAA,8,0.016800000000000093
133,E85091,Clopidogrel_Tab 75mg,0209000C0AAAAAA,3,0.014699999999999984
134,E85091,Paracet_Tab 500mg,0407010H0AAAMAM,2,-0.011199999999999932
135,E85096,Aripiprazole_Tab 10mg,0402010ADAAAAAA,12,-0.025199999999999556
136,E85096,Atorvastatin_Tab 10mg,0212000B0AAAAAA,28,0.058800000000000324
137,E85096,Atorvastatin_Tab 20mg,0212000B0AAABAB,7,22.540000000000003
138,E85096,Atorvastatin_Tab 40mg,0212000B0AAACAC,124,44.501099999999994
139,E85096,Clopidogrel_Tab 75mg,0209000C0AAAAAA,60,0.2939999999999997
140,E85096,Paracet_Tab 500mg,0407010H0AAAMAM,54,-0.10479999999999937
141,E85096,Pregabalin_Cap 75mg,0408010AEAAACAC,12,0.04479999999999973
142,E85096,Risperidone_Tab 6mg,040201030AAAFAF,3,21.924
143,E85098,Atorvastatin_Tab 10mg,0212000B0AAAAAA,10,0.021000000000000116
144,E85098,Clopidogrel_Tab 75mg,0209000C0AAAAAA,13,0.06369999999999992
145,E85098,Paracet_Tab 500mg,0407010H0AAAMAM,24,0.08959999999999946
146,E85098,Pregabalin_Cap 75mg,0408010AEAAACAC,4,0.022399999999999864
147,E85099,Aripiprazole_Tab 10mg,0402010ADAAAAAA,14,-0.029399999999999482
148,E85099,Atorvastatin_Tab 10mg,0212000B0AAAAAA,4,0.008400000000000046
149,E85099,Clopidogrel_Tab 75mg,0209000C0AAAAAA,28,0.13719999999999985
150,E85099,Paracet_Tab 500mg,0407010H0AAAMAM,8,0.0335999999999998
151,E85099,Risperidone_Tab 6mg,040201030AAAFAF,4,29.232
152,E85103,Atorvastatin_Tab 10mg,0212000B0AAAAAA,27,0.05670000000000031
153,E85103,Atorvastatin_Tab 40mg,0212000B0AAACAC,1,-0.0029999999999998778
154,E85103,Clopidogrel_Tab 75mg,0209000C0AAAAAA,58,0.2841999999999997
155,E85103,Paracet_Tab 500mg,0407010H0AAAMAM,14,0.08399999999999949
156,E85107,Aripiprazole_Tab 10mg,0402010ADAAAAAA,4,-0.008399999999999852
157,E85107,Atorvastatin_Tab 10mg,0212000B0AAAAAA,14,0.029400000000000162
158,E85107,Clopidogrel_Tab 75mg,0209000C0AAAAAA,83,0.40669999999999956
159,E85107,Paracet_Tab 500mg,0407010H0AAAMAM,178,30.85040000000001
160,E85107,Pregabalin_Cap 75mg,0408010AEAAACAC,17,0.10079999999999881
161,E85107,Risperidone_Tab 6mg,040201030AAAFAF,4,29.232
162,E85108,Aripiprazole_Tab 10mg,0402010ADAAAAAA,9,0.002100000000001906
163,E85108,Atorvastatin_Tab 10mg,0212000B0AAAAAA,17,0.0357000000000002
164,E85108,Clopidogrel_Tab 75mg,0209000C0AAAAAA,22,0.10779999999999988
165,E85108,Paracet_Tab 500mg,0407010H0AAAMAM,54,0.011199999999999932
166,E85108,Pregabalin_Cap 75mg,0408010AEAAACAC,7,0.025199999999999848
167,E85109,Atorvastatin_Tab 10mg,0212000B0AAAAAA,4,0.008400000000000046
168,E85109,Clopidogrel_Tab 75mg,0209000C0AAAAAA,39,17.605699999999995
169,E85109,Paracet_Tab 500mg,0407010H0AAAMAM,16,-0.07559999999999954
170,E85111,Aripiprazole_Tab 10mg,0402010ADAAAAAA,5,-0.010499999999999815
171,E85111,Atorvastatin_Tab 10mg,0212000B0AAAAAA,3,0.006300000000000035
172,E85111,Atorvastatin_Tab 20mg,0212000B0AAABAB,1,0.006000000000000172
173,E85111,Clopidogrel_Tab 75mg,0209000C0AAAAAA,21,0.10289999999999988
174,E85111,Paracet_Tab 500mg,0407010H0AAAMAM,10,0.0335999999999998
175,E85111,Pregabalin_Cap 75mg,0408010AEAAACAC,4,0.022399999999999864
176,E85111,Risperidone_Tab 6mg,040201030AAAFAF,4,29.232
177,E85112,Atorvastatin_Tab 10mg,0212000B0AAAAAA,45,0.09450000000000053
178,E85112,Clopidogrel_Tab 75mg,0209000C0AAAAAA,21,0.10289999999999988
179,E85112,Paracet_Tab 500mg,0407010H0AAAMAM,146,0.7015999999999956
180,E85112,Pregabalin_Cap 75mg,0408010AEAAACAC,4,0.011199999999999932
181,E85116,Atorvastatin_Tab 10mg,0212000B0AAAAAA,2,11.6368
182,E85116,Clopidogrel_Tab 75mg,0209000C0AAAAAA,39,0.1910999999999998
183,E85116,Paracet_Tab 500mg,0407010H0AAAMAM,22,0.22759999999999947
184,E85116,Pregabalin_Cap 75mg,0408010AEAAACAC,8,0.0335999999999998
185,E85119,Aripiprazole_Tab 10mg,0402010ADAAAAAA,4,-0.008399999999999852
186,E85119,Atorvastatin_Tab 10mg,0212000B0AAAAAA,9,0.018900000000000104
187,E85119,Clopidogrel_Tab 75mg,0209000C0AAAAAA,72,0.3527999999999996
188,E85119,Paracet_Tab 500mg,0407010H0AAAMAM,34,-0.12319999999999925
189,E85119,Pregabalin_Cap 75mg,0408010AEAAACAC,13,0.03399999999999888
190,E85120,Aripiprazole_Tab 10mg,0402010ADAAAAAA,5,-0.0027999999999996916
191,E85120,Atorvastatin_Tab 10mg,0212000B0AAAAAA,22,11.655
192,E85120,Atorvastatin_Tab 20mg,0212000B0AAABAB,75,0.42000000000001203
193,E85120,Atorvastatin_Tab 40mg,0212000B0AAACAC,68,44.55360000000001
194,E85120,Clopidogrel_Tab 75mg,0209000C0AAAAAA,125,0.6028999999999992
195,E85120,Paracet_Tab 500mg,0407010H0AAAMAM,12,0.04639999999999972
196,E85120,Pregabalin_Cap 75mg,0408010AEAAACAC,32,0.11479999999999901
197,E85121,Atorvastatin_Tab 10mg,0212000B0AAAAAA,30,34.87049999999999
198,E85121,Atorvastatin_Tab 20mg,0212000B0AAABAB,2,-0.0059999999999997555
199,E85121,Clopidogrel_Tab 75mg,0209000C0AAAAAA,92,144.74880000000002
200,E85121,Paracet_Tab 500mg,0407010H0AAAMAM,30,0.03599999999999978
201,E85121,Pregabalin_Cap 75mg,0408010AEAAACAC,31,56.8232
202,E85122,Aripiprazole_Tab 10mg,0402010ADAAAAAA,32,-0.03639999999999832
203,E85122,Atorvastatin_Tab 10mg,0212000B0AAAAAA,21,0.04410000000000024
204,E85122,Atorvastatin_Tab 20mg,0212000B0AAABAB,1,0.006000000000000172
205,E85122,Clopidogrel_Tab 75mg,0209000C0AAAAAA,91,0.4458999999999995
206,E85122,Paracet_Tab 500mg,0407010H0AAAMAM,210,10.884000000000016
207,E85122,Pregabalin_Cap 75mg,0408010AEAAACAC,23,0.07319999999999934
208,E85123,Atorvastatin_Tab 10mg,0212000B0AAAAAA,8,0.016800000000000093
209,E85123,Clopidogrel_Tab 75mg,0209000C0AAAAAA,21,0.10289999999999988
210,E85127,Aripiprazole_Tab 10mg,0402010ADAAAAAA,8,0.01400000000000079
211,E85127,Atorvastatin_Tab 10mg,0212000B0AAAAAA,4,0.008400000000000046
212,E85127,Atorvastatin_Tab 40mg,0212000B0AAACAC,1,0.006000000000000172
213,E85127,Clopidogrel_Tab 75mg,0209000C0AAAAAA,58,0.2841999999999997
214,E85127,Paracet_Tab 500mg,0407010H0AAAMAM,52,-0.15119999999999909
215,E85127,Pregabalin_Cap 75mg,0408010AEAAACAC,4,0.022399999999999864
216,E85127,Sildenafil_Tab 25mg,0704050Z0AAABAB,1,319.40999999999997
217,E85129,Aripiprazole_Tab 10mg,0402010ADAAAAAA,4,0.02240000000000064
218,E85129,Atorvastatin_Tab 10mg,0212000B0AAAAAA,19,0.03990000000000022
219,E85129,Clopidogrel_Tab 75mg,0209000C0AAAAAA,19,0.0930999999999999
220,E85129,Paracet_Tab 500mg,0407010H0AAAMAM,44,0.2247999999999986
221,E85129,Pregabalin_Cap 75mg,0408010AEAAACAC,11,0.06159999999999963
222,E85129,Risperidone_Tab 6mg,040201030AAAFAF,1,58.4192
223,E85130,Aripiprazole_Tab 10mg,0402010ADAAAAAA,4,0.02240000000000064
224,E85130,Atorvastatin_Tab 10mg,0212000B0AAAAAA,12,0.02520000000000014
225,E85130,Clopidogrel_Tab 75mg,0209000C0AAAAAA,48,0.23519999999999974
226,E85130,Paracet_Tab 500mg,0407010H0AAAMAM,40,0.12319999999999925
227,E85130,Pregabalin_Cap 75mg,0408010AEAAACAC,4,0.011199999999999932
228,E85617,Atorvastatin_Tab 20mg,0212000B0AAABAB,1,0.0030000000000000165
229,E85617,Clopidogrel_Tab 75mg,0209000C0AAAAAA,8,0.03919999999999996
230,E85617,Paracet_Tab 500mg,0407010H0AAAMAM,8,0.022399999999999864
231,E85617,Pregabalin_Cap 75mg,0408010AEAAACAC,4,0.011199999999999932
232,E85623,Atorvastatin_Tab 10mg,0212000B0AAAAAA,12,0.02520000000000014
233,E85623,Clopidogrel_Tab 75mg,0209000C0AAAAAA,8,0.03919999999999996
234,E85628,Aripiprazole_Tab 10mg,0402010ADAAAAAA,4,-0.008399999999999852
235,E85628,Atorvastatin_Tab 10mg,0212000B0AAAAAA,28,0.058800000000000324
236,E85628,Clopidogrel_Tab 75mg,0209000C0AAAAAA,72,0.3527999999999996
237,E85628,Paracet_Tab 500mg,0407010H0AAAMAM,152,21.13400000000001
238,E85628,Pregabalin_Cap 75mg,0408010AEAAACAC,8,0.022399999999999864
239,E85630,Aripiprazole_Tab 10mg,0402010ADAAAAAA,4,-0.008399999999999852
240,E85630,Atorvastatin_Tab 20mg,0212000B0AAABAB,33,90.18239999999999
241,E85630,Clopidogrel_Tab 75mg,0209000C0AAAAAA,24,0.11759999999999987
242,E85630,Paracet_Tab 500mg,0407010H0AAAMAM,26,-0.5951999999999975
243,E85630,Pregabalin_Cap 75mg,0408010AEAAACAC,4,0.011199999999999932
244,E85633,Aripiprazole_Tab 10mg,0402010ADAAAAAA,7,-0.014699999999999741
245,E85633,Atorvastatin_Tab 10mg,0212000B0AAAAAA,23,0.22120000000000245
246,E85633,Atorvastatin_Tab 40mg,0212000B0AAACAC,1,0.006000000000000172
247,E85633,Clopidogrel_Tab 75mg,0209000C0AAAAAA,50,0.24499999999999972
248,E85633,Paracet_Tab 500mg,0407010H0AAAMAM,14,-0.01959999999999988
249,E85633,Pregabalin_Cap 75mg,0408010AEAAACAC,4,0.011199999999999932
250,E85635,Aripiprazole_Tab 10mg,0402010ADAAAAAA,4,-0.008399999999999852
251,E85635,Atorvastatin_Tab 10mg,0212000B0AAAAAA,8,0.016800000000000093
252,E85635,Clopidogrel_Tab 75mg,0209000C0AAAAAA,30,0.14699999999999985
253,E85635,Paracet_Tab 500mg,0407010H0AAAMAM,36,-0.13279999999999925
254,E85635,Pregabalin_Cap 75mg,0408010AEAAACAC,8,0.04479999999999973
255,E85640,Atorvastatin_Tab 10mg,0212000B0AAAAAA,8,0.016800000000000093
256,E85640,Clopidogrel_Tab 75mg,0209000C0AAAAAA,9,0.04409999999999995
257,E85640,Paracet_Tab 500mg,0407010H0AAAMAM,26,-0.04479999999999973
258,E85640,Pregabalin_Cap 75mg,0408010AEAAACAC,7,0.03919999999999976
259,E85643,Atorvastatin_Tab 10mg,0212000B0AAAAAA,5,0.010500000000000058
260,E85643,Atorvastatin_Tab 20mg,0212000B0AAABAB,40,39.42399999999999
261,E85643,Clopidogrel_Tab 75mg,0209000C0AAAAAA,28,32.8853
262,E85643,Paracet_Tab 500mg,0407010H0AAAMAM,4,-0.022399999999999864
263,E85656,Aripiprazole_Tab 10mg,0402010ADAAAAAA,5,0.028000000000000802
264,E85656,Clopidogrel_Tab 75mg,0209000C0AAAAAA,32,0.15679999999999983
265,E85656,Paracet_Tab 500mg,0407010H0AAAMAM,14,0.051999999999999685
266,E85657,Aripiprazole_Tab 10mg,0402010ADAAAAAA,4,0.02240000000000064
267,E85657,Atorvastatin_Tab 10mg,0212000B0AAAAAA,20,0.04200000000000023
268,E85657,Atorvastatin_Tab 20mg,0212000B0AAABAB,58,45.147200000000005
269,E85657,Clopidogrel_Tab 75mg,0209000C0AAAAAA,94,0.4605999999999995
270,E85657,Paracet_Tab 500mg,0407010H0AAAMAM,164,45.32080000000001
271,E85657,Pregabalin_Cap 75mg,0408010AEAAACAC,16,0.05879999999999935
272,E85663,Atorvastatin_Tab 10mg,0212000B0AAAAAA,53,0.11130000000000062
273,E85663,Atorvastatin_Tab 40mg,0212000B0AAACAC,4,0.017599999999999894
274,E85663,Clopidogrel_Tab 75mg,0209000C0AAAAAA,117,35.4627
275,E85663,Paracet_Tab 500mg,0407010H0AAAMAM,8,0.022399999999999864
276,E85663,Pregabalin_Cap 75mg,0408010AEAAACAC,20,85.16840000000002
277,E85677,Aripiprazole_Tab 10mg,0402010ADAAAAAA,4,0.02240000000000064
278,E85677,Atorvastatin_Tab 10mg,0212000B0AAAAAA,24,0.05040000000000028
279,E85677,Clopidogrel_Tab 75mg,0209000C0AAAAAA,33,0.16169999999999982
280,E85677,Pregabalin_Cap 75mg,0408010AEAAACAC,20,0.10079999999999939
281,E85680,Aripiprazole_Tab 10mg,0402010ADAAAAAA,5,0.0064000000000008495
282,E85680,Atorvastatin_Tab 10mg,0212000B0AAAAAA,52,23.251200000000004
283,E85680,Clopidogrel_Tab 75mg,0209000C0AAAAAA,71,0.3478999999999996
284,E85680,Pregabalin_Cap 75mg,0408010AEAAACAC,8,0.04479999999999973
285,E85682,Aripiprazole_Tab 10mg,0402010ADAAAAAA,4,-0.008399999999999852
286,E85682,Atorvastatin_Tab 10mg,0212000B0AAAAAA,5,0.010500000000000058
287,E85682,Clopidogrel_Tab 75mg,0209000C0AAAAAA,48,0.23519999999999974
288,E85682,Paracet_Tab 500mg,0407010H0AAAMAM,16,-0.0335999999999998
289,E85682,Pregabalin_Cap 75mg,0408010AEAAACAC,12,0.0335999999999998
290,E85687,Atorvastatin_Tab 20mg,0212000B0AAABAB,1,-0.0029999999999998778
291,E85687,Risperidone_Tab 6mg,040201030AAAFAF,4,29.232
292,E85694,Atorvastatin_Tab 10mg,0212000B0AAAAAA,4,0.008400000000000046
293,E85694,Clopidogrel_Tab 75mg,0209000C0AAAAAA,16,0.07839999999999991
294,E85694,Paracet_Tab 500mg,0407010H0AAAMAM,24,-0.1343999999999992
295,E85712,Atorvastatin_Tab 10mg,0212000B0AAAAAA,16,0.033600000000000185
296,E85712,Clopidogrel_Tab 75mg,0209000C0AAAAAA,21,0.10289999999999988
297,E85712,Paracet_Tab 500mg,0407010H0AAAMAM,24,-0.05599999999999966
298,E85712,Risperidone_Tab 6mg,040201030AAAFAF,1,62.59799999999999
299,E85714,Clopidogrel_Tab 75mg,0209000C0AAAAAA,1,0.004899999999999995
300,E85715,Aripiprazole_Tab 10mg,0402010ADAAAAAA,1,-0.002099999999999963
301,E85715,Atorvastatin_Tab 10mg,0212000B0AAAAAA,4,0.008400000000000046
302,E85715,Atorvastatin_Tab 20mg,0212000B0AAABAB,2,0.012000000000000344
303,E85715,Clopidogrel_Tab 75mg,0209000C0AAAAAA,24,0.11759999999999987
304,E85715,Paracet_Tab 500mg,0407010H0AAAMAM,26,0.10159999999999939
305,E85721,Clopidogrel_Tab 75mg,0209000C0AAAAAA,9,0.04409999999999995
306,E85723,Atorvastatin_Tab 10mg,0212000B0AAAAAA,4,0.008400000000000046
307,E85723,Clopidogrel_Tab 75mg,0209000C0AAAAAA,1,0.004899999999999995
308,E85726,Aripiprazole_Tab 10mg,0402010ADAAAAAA,4,0.02240000000000064
309,E85726,Atorvastatin_Tab 10mg,0212000B0AAAAAA,21,0.04410000000000024
310,E85726,Clopidogrel_Tab 75mg,0209000C0AAAAAA,12,0.058799999999999936
311,E85726,Paracet_Tab 500mg,0407010H0AAAMAM,36,11.948800000000002
312,E85726,Pregabalin_Cap 75mg,0408010AEAAACAC,12,0.025199999999999556
313,E85740,Atorvastatin_Tab 10mg,0212000B0AAAAAA,1,0.004200000000000023
314,E85740,Paracet_Tab 500mg,0407010H0AAAMAM,16,0.07039999999999957
315,E85743,Atorvastatin_Tab 10mg,0212000B0AAAAAA,12,0.02520000000000014
316,E85743,Clopidogrel_Tab 75mg,0209000C0AAAAAA,12,0.058799999999999936
317,E85743,Pregabalin_Cap 75mg,0408010AEAAACAC,8,0.0335999999999998
318,E85745,Aripiprazole_Tab 10mg,0402010ADAAAAAA,1,261.6936
319,E85745,Atorvastatin_Tab 10mg,0212000B0AAAAAA,61,128.0258
320,E85745,Atorvastatin_Tab 20mg,0212000B0AAABAB,180,382.2732
321,E85745,Atorvastatin_Tab 40mg,0212000B0AAACAC,123,111.48479999999999
322,E85745,Clopidogrel_Tab 75mg,0209000C0AAAAAA,42,0.20579999999999976
323,E85745,Paracet_Tab 500mg,0407010H0AAAMAM,432,116.7496000000001
324,E85745,Pramipexole_Tab 3.15mg M/R,0409010W0AAAIAI,1,319.8419999999999
325,E85745,Pregabalin_Cap 75mg,0408010AEAAACAC,32,60.07119999999999
326,Y01221,Atorvastatin_Tab 10mg,0212000B0AAAAAA,22,0.046200000000000255
327,Y01221,Clopidogrel_Tab 75mg,0209000C0AAAAAA,34,0.1665999999999998
328,Y01221,Pregabalin_Cap 75mg,0408010AEAAACAC,14,0.07839999999999953
329,Y02342,Aripiprazole_Tab 10mg,0402010ADAAAAAA,5,-0.010499999999999815
330,Y02342,Atorvastatin_Tab 10mg,0212000B0AAAAAA,1,0.0021000000000000116
331,Y02342,Atorvastatin_Tab 20mg,0212000B0AAABAB,1,0.004600000000000132
332,Y02342,Clopidogrel_Tab 75mg,0209000C0AAAAAA,62,32.9602
333,Y02342,Paracet_Tab 500mg,0407010H0AAAMAM,14,-0.02159999999999987
334,Y02342,Pregabalin_Cap 75mg,0408010AEAAACAC,5,0.02799999999999983
335,Y02869,Paracet_Tab 500mg,0407010H0AAAMAM,2,0.005599999999999966
336,Y04225,Aripiprazole_Tab 10mg,0402010ADAAAAAA,1,0.00560000000000016
337,Y04225,Atorvastatin_Tab 10mg,0212000B0AAAAAA,2,0.004200000000000023
338,Y04225,Atorvastatin_Tab 20mg,0212000B0AAABAB,24,22.579200000000004
339,Y04225,Atorvastatin_Tab 40mg,0212000B0AAACAC,1,-0.0013999999999999985
340,Y04225,Clopidogrel_Tab 75mg,0209000C0AAAAAA,65,0.3184999999999997
341,Y04225,Paracet_Tab 500mg,0407010H0AAAMAM,146,9.78319999999999
342,Y04225,Pregabalin_Cap 75mg,0408010AEAAACAC,4,0.022399999999999864
343,Y05370,Atorvastatin_Tab 10mg,0212000B0AAAAAA,1,0.0021000000000000116
344,Y05370,Pregabalin_Cap 75mg,0408010AEAAACAC,1,0.005599999999999966
