,practice_code,bnf_description,bnf_code,items,excess_cost
0,F84003,Amisulpride_Tab 400mg,0402010A0AAAEAE,1,0.24080000000000146
1,F84003,Clonazepam_Tab 500mcg,0408010F0AAABAB,7,9.220799999999983
2,F84003,Mesalazine_Tab E/C 400mg,0105010B0AAAAAA,1,-47.913599999999995
3,F84003,Pyridox HCl_Tab 50mg,0906024N0AAAIAI,2,0.7182000000000002
4,F84003,Risperidone_Tab 6mg,040201030AAAFAF,1,29.2096
5,F84008,Acetylcy_Tab Eff 600mg S/F,0307000C0AAARAR,1,24.902999999999995
6,F84008,Amisulpride_Tab 400mg,0402010A0AAAEAE,5,1.269600000000004
7,F84008,Clonazepam_Tab 500mcg,0408010F0AAABAB,7,2.2373999999999956
8,F84008,Pyridox HCl_Tab 50mg,0906024N0AAAIAI,1,0.9576000000000002
9,F84013,Amiodarone HCl_Tab 200mg,0203020D0AAABAB,3,1.050000000000001
10,F84013,Amisulpride_Tab 400mg,0402010A0AAAEAE,1,0.5220000000000025
11,F84013,Clonazepam_Tab 500mcg,0408010F0AAABAB,3,2.6441999999999943
12,F84015,Amiodarone HCl_Tab 200mg,0203020D0AAABAB,1,0.3500000000000003
13,F84015,Clonazepam_Tab 500mcg,0408010F0AAABAB,5,2.2373999999999956
14,F84015,Pyridox HCl_Tab 50mg,0906024N0AAAIAI,7,4.069800000000001
15,F84018,Clonazepam_Tab 500mcg,0408010F0AAABAB,4,1.531199999999997
16,F84018,Mesalazine_Tab E/C 800mg,0105010B0AAASAS,1,18.449999999999996
17,F84018,Pyridox HCl_Tab 50mg,0906024N0AAAIAI,3,2.938400000000001
18,F84021,Clonazepam_Tab 500mcg,0408010F0AAABAB,2,0.8135999999999983
19,F84021,Mesalazine_Tab E/C 400mg,0105010B0AAAAAA,1,12.833999999999998
20,F84033,Amiodarone HCl_Tab 200mg,0203020D0AAABAB,1,1.050000000000001
21,F84033,Clonazepam_Tab 500mcg,0408010F0AAABAB,5,4.339199999999991
22,F84033,Mesalazine_Tab E/C 800mg,0105010B0AAASAS,1,68.87999999999998
23,F84035,Clonazepam_Tab 500mcg,0408010F0AAABAB,2,1.2655999999999974
24,F84035,Pyridox HCl_Tab 50mg,0906024N0AAAIAI,1,0.7182000000000002
25,F84036,Amisulpride_Tab 400mg,0402010A0AAAEAE,1,0.4816000000000029
26,F84036,Mesalazine_Tab E/C 400mg,0105010B0AAAAAA,1,-11.978399999999999
27,F84038,Amiodarone HCl_Tab 200mg,0203020D0AAABAB,1,0.7000000000000006
28,F84038,Clonazepam_Tab 500mcg,0408010F0AAABAB,1,1.5819999999999967
29,F84038,Pyridox HCl_Tab 50mg,0906024N0AAAIAI,2,0.9576000000000002
30,F84041,Amiodarone HCl_Tab 200mg,0203020D0AAABAB,1,0.7000000000000006
31,F84041,Amisulpride_Tab 400mg,0402010A0AAAEAE,1,0.5220000000000025
32,F84041,Clonazepam_Tab 500mcg,0408010F0AAABAB,4,3.1639999999999935
33,F84041,Mesalazine_Tab E/C 400mg,0105010B0AAAAAA,1,31.942399999999996
34,F84041,Pyridox HCl_Tab 50mg,0906024N0AAAIAI,6,2.1546000000000003
35,F84043,Clonazepam_Tab 500mcg,0408010F0AAABAB,5,4.452199999999991
36,F84043,Pyridox HCl_Tab 50mg,0906024N0AAAIAI,1,0.26100000000000123
37,F84043,Risperidone_Tab 6mg,040201030AAAFAF,1,29.2096
38,F84060,Amiodarone HCl_Tab 200mg,0203020D0AAABAB,8,0.6776
39,F84060,Amisulpride_Tab 400mg,0402010A0AAAEAE,1,0.4816000000000029
40,F84060,Clonazepam_Tab 500mcg,0408010F0AAABAB,1,0.6779999999999986
41,F84063,Amiodarone HCl_Tab 200mg,0203020D0AAABAB,6,1.388800000000001
42,F84063,Amisulpride_Tab 400mg,0402010A0AAAEAE,1,0.5220000000000025
43,F84063,Clonazepam_Tab 500mcg,0408010F0AAABAB,4,2.2147999999999954
44,F84069,Amiodarone HCl_Tab 200mg,0203020D0AAABAB,1,0.7000000000000006
45,F84069,Amisulpride_Tab 400mg,0402010A0AAAEAE,1,0.24080000000000146
46,F84069,Clonazepam_Tab 500mcg,0408010F0AAABAB,9,3.6837999999999926
47,F84069,Pyridox HCl_Tab 50mg,0906024N0AAAIAI,4,0.9576000000000002
48,F84069,Risperidone_Tab 6mg,040201030AAAFAF,1,29.2096
49,F84072,Clonazepam_Tab 500mcg,0408010F0AAABAB,7,1.943599999999996
50,F84072,Mesalazine_Tab E/C 400mg,0105010B0AAAAAA,1,15.971199999999998
51,F84072,Topiramate_Tab 200mg,040801050AAACAC,1,2.489999999999999
52,F84080,Clonazepam_Tab 500mcg,0408010F0AAABAB,4,3.954999999999992
53,F84080,Mesalazine_Tab E/C 400mg,0105010B0AAAAAA,1,-34.224
54,F84080,Mesalazine_Tab E/C 800mg,0105010B0AAASAS,1,-36.89999999999999
55,F84096,Amiodarone HCl_Tab 200mg,0203020D0AAABAB,2,1.4000000000000012
56,F84096,Amisulpride_Tab 400mg,0402010A0AAAEAE,3,1.2040000000000073
57,F84096,Clonazepam_Tab 500mcg,0408010F0AAABAB,2,1.3091999999999975
58,F84096,Mesalazine_Tab E/C 400mg,0105010B0AAAAAA,1,23.956799999999998
59,F84096,Mesalazine_Tab E/C 800mg,0105010B0AAASAS,1,34.43999999999999
60,F84096,Pyridox HCl_Tab 50mg,0906024N0AAAIAI,2,0.7182000000000002
61,F84105,Clonazepam_Tab 500mcg,0408010F0AAABAB,6,12.655999999999974
62,F84105,Mesalazine_Tab E/C 400mg,0105010B0AAAAAA,1,47.913599999999995
63,F84105,Pyridox HCl_Tab 50mg,0906024N0AAAIAI,1,0.7182000000000002
64,F84105,Topiramate_Tab 200mg,040801050AAACAC,1,7.469999999999997
65,F84115,Amiodarone HCl_Tab 200mg,0203020D0AAABAB,4,0.3388
66,F84115,Clonazepam_Tab 500mcg,0408010F0AAABAB,10,1.920999999999996
67,F84117,Amiodarone HCl_Tab 200mg,0203020D0AAABAB,6,1.388800000000001
68,F84117,Amisulpride_Tab 400mg,0402010A0AAAEAE,1,0.5220000000000025
69,F84117,Clonazepam_Tab 500mcg,0408010F0AAABAB,4,1.3305999999999973
70,F84117,Pyridox HCl_Tab 50mg,0906024N0AAAIAI,1,0.4788000000000001
71,F84117,Topiramate_Tab 200mg,040801050AAACAC,1,2.3183999999999996
72,F84119,Amisulpride_Tab 400mg,0402010A0AAAEAE,2,1.4448000000000087
73,F84119,Clonazepam_Tab 500mcg,0408010F0AAABAB,7,2.7910999999999944
74,F84119,Mesalazine_Tab E/C 400mg,0105010B0AAAAAA,6,34.272000000000006
75,F84119,Mesalazine_Tab E/C 800mg,0105010B0AAASAS,3,105.77999999999997
76,F84119,Pyridox HCl_Tab 50mg,0906024N0AAAIAI,1,0.23940000000000006
77,F84119,Risperidone_Tab 6mg,040201030AAAFAF,2,58.4192
78,F84601,Amiodarone HCl_Tab 200mg,0203020D0AAABAB,1,0.3500000000000003
79,F84601,Amisulpride_Tab 400mg,0402010A0AAAEAE,4,0.9632000000000058
80,F84619,Amiodarone HCl_Tab 200mg,0203020D0AAABAB,2,1.4000000000000012
81,F84619,Clonazepam_Tab 500mcg,0408010F0AAABAB,5,1.5819999999999967
82,F84620,Amiodarone HCl_Tab 200mg,0203020D0AAABAB,1,0.7000000000000006
83,F84620,Mesalazine_Tab E/C 800mg,0105010B0AAASAS,4,34.43999999999999
84,F84620,Pyridox HCl_Tab 50mg,0906024N0AAAIAI,3,2.3940000000000006
85,F84621,Amiodarone HCl_Tab 200mg,0203020D0AAABAB,1,0.7000000000000006
86,F84621,Clonazepam_Tab 500mcg,0408010F0AAABAB,1,1.016999999999998
87,F84624,Mesalazine_Tab E/C 400mg,0105010B0AAAAAA,1,-31.942399999999996
88,F84632,Clonazepam_Tab 500mcg,0408010F0AAABAB,2,2.531199999999995
89,F84635,Clonazepam_Tab 500mcg,0408010F0AAABAB,3,5.243199999999989
90,F84635,Risperidone_Tab 6mg,040201030AAAFAF,2,58.4192
91,F84636,Amiodarone HCl_Tab 200mg,0203020D0AAABAB,1,0.3500000000000003
92,F84636,Clonazepam_Tab 500mcg,0408010F0AAABAB,2,2.892799999999994
93,F84636,Mesalazine_Tab E/C 400mg,0105010B0AAAAAA,1,23.956799999999998
94,F84640,Clonazepam_Tab 500mcg,0408010F0AAABAB,7,1.6667999999999967
95,F84640,Ephed HCl_Tab 30mg,0301012F0AAABAB,1,17.539199999999973
96,F84668,Amiodarone HCl_Tab 200mg,0203020D0AAABAB,1,0.7000000000000006
97,F84668,Clonazepam_Tab 500mcg,0408010F0AAABAB,2,1.468999999999997
98,F84685,Clonazepam_Tab 500mcg,0408010F0AAABAB,1,0.3389999999999993
99,F84685,Pyridox HCl_Tab 50mg,0906024N0AAAIAI,2,1.9152000000000005
100,F84692,Clonazepam_Tab 500mcg,0408010F0AAABAB,2,0.6327999999999987
101,F84692,Mesalazine_Tab E/C 400mg,0105010B0AAAAAA,1,-31.942399999999996
102,F84694,Clonazepam_Tab 500mcg,0408010F0AAABAB,2,0.949199999999998
103,F84711,Clonazepam_Tab 500mcg,0408010F0AAABAB,1,0.6327999999999987
104,F84716,Amisulpride_Tab 400mg,0402010A0AAAEAE,1,0.24080000000000146
105,F84716,Clonazepam_Tab 500mcg,0408010F0AAABAB,6,4.361799999999991
106,F84716,Mesalazine_Tab E/C 400mg,0105010B0AAAAAA,1,7.985599999999999
107,F84719,Amiodarone HCl_Tab 200mg,0203020D0AAABAB,2,0.7000000000000006
108,F84719,Clonazepam_Tab 500mcg,0408010F0AAABAB,1,0.6327999999999987
109,F84719,Mesalazine_Tab E/C 800mg,0105010B0AAASAS,2,-12.288
110,F84720,Amisulpride_Tab 400mg,0402010A0AAAEAE,1,0.5220000000000025
111,F84720,Clonazepam_Tab 500mcg,0408010F0AAABAB,2,0.7909999999999984
112,F84720,Mesalazine_Tab E/C 400mg,0105010B0AAAAAA,1,-25.667999999999996
113,Y00403,Clonazepam_Tab 500mcg,0408010F0AAABAB,6,2.1017999999999954
114,Y00403,Pyridox HCl_Tab 50mg,0906024N0AAAIAI,4,0.2624000000000013
115,Y03049,Amisulpride_Tab 400mg,0402010A0AAAEAE,2,0.9632000000000058
116,Y03049,Clonazepam_Tab 500mcg,0408010F0AAABAB,7,4.429599999999991
117,Y03049,Pyridox HCl_Tab 50mg,0906024N0AAAIAI,1,0.23940000000000006
