,practice_code,bnf_description,bnf_code,items,excess_cost
0,P81157,Mesalazine_Tab E/C 800mg,0105010B0AAASAS,4,103.28639999999996
1,P81149,Mesalazine_Tab E/C 800mg,0105010B0AAASAS,1,68.87999999999998
2,P81157,Mesalazine_Tab E/C 800mg,0105010B0AAASAS,1,45.91999999999999
120,P81031,Paracet_Tab Solb 500mg,0407010H0AAAQAQ,6,41.126400000000004
121,P81031,Paracet_Tab Solb 500mg,0407010H0AAAQAQ,6,41.126400000000004
3,P81191,Mesalazine_Tab E/C 800mg,0105010B0AAASAS,1,36.89999999999999
5,P81191,Mesalazine_Tab E/C 800mg,0105010B0AAASAS,1,34.43999999999999
6,P81089,Mesalazine_Tab E/C 800mg,0105010B0AAASAS,2,34.43999999999999
4,P81191,Mesalazine_Tab E/C 800mg,0105010B0AAASAS,2,34.43999999999999
239,P81006,Azithromycin_Cap 250mg,0501050A0AAAAAA,3,18.817200000000003
7,P81133,Mesalazine_Tab E/C 800mg,0105010B0AAASAS,1,17.219999999999995
8,P81006,Mesalazine_Tab E/C 800mg,0105010B0AAASAS,1,17.219999999999995
237,P81157,Gemfibrozil_Tab 600mg,0212000Q0AAABAB,1,15.142399999999999
251,P81089,Avanafil_Tab 200mg,0704050ACAAACAC,6,13.199999999999996
238,P81150,Gemfibrozil_Tab 600mg,0212000Q0AAABAB,1,7.571199999999999
244,P81133,Tetrabenazine_Tab 25mg,0409030C0AAAAAA,1,5.997599999999992
142,P81191,Methocarbamol_Tab 750mg,1002020S0AAABAB,13,5.589999999999998
15,P81087,Clonazepam_Tab 500mcg,0408010F0AAABAB,8,5.06239999999999
182,P81006,Amiodarone HCl_Tab 200mg,0203020D0AAABAB,13,4.550000000000004
183,P81087,Amiodarone HCl_Tab 200mg,0203020D0AAABAB,12,4.200000000000004
16,P81031,Clonazepam_Tab 500mcg,0408010F0AAABAB,13,4.113199999999992
143,P81191,Methocarbamol_Tab 750mg,1002020S0AAABAB,4,3.8527999999999984
17,P81087,Clonazepam_Tab 500mcg,0408010F0AAABAB,11,3.480399999999993
18,P81089,Clonazepam_Tab 500mcg,0408010F0AAABAB,5,3.1639999999999935
19,P81129,Clonazepam_Tab 500mcg,0408010F0AAABAB,5,3.1639999999999935
20,P81149,Clonazepam_Tab 500mcg,0408010F0AAABAB,5,3.1639999999999935
184,P81210,Amiodarone HCl_Tab 200mg,0203020D0AAABAB,9,3.150000000000003
245,P81150,Tetrabenazine_Tab 25mg,0409030C0AAAAAA,1,2.998799999999996
246,P81006,Tetrabenazine_Tab 25mg,0409030C0AAAAAA,4,2.998799999999996
210,P81742,Pyridox HCl_Tab 50mg,0906024N0AAAIAI,3,2.8728000000000007
21,P81133,Clonazepam_Tab 500mcg,0408010F0AAABAB,3,2.847599999999994
22,P81087,Clonazepam_Tab 500mcg,0408010F0AAABAB,2,2.7119999999999944
144,P81031,Methocarbamol_Tab 750mg,1002020S0AAABAB,3,2.579999999999999
145,P81031,Methocarbamol_Tab 750mg,1002020S0AAABAB,6,2.579999999999999
28,P81128,Clonazepam_Tab 500mcg,0408010F0AAABAB,4,2.531199999999995
31,P81210,Clonazepam_Tab 500mcg,0408010F0AAABAB,2,2.531199999999995
30,P81086,Clonazepam_Tab 500mcg,0408010F0AAABAB,1,2.531199999999995
29,P81150,Clonazepam_Tab 500mcg,0408010F0AAABAB,8,2.531199999999995
27,P81133,Clonazepam_Tab 500mcg,0408010F0AAABAB,2,2.531199999999995
26,P81191,Clonazepam_Tab 500mcg,0408010F0AAABAB,2,2.531199999999995
24,P81668,Clonazepam_Tab 500mcg,0408010F0AAABAB,4,2.531199999999995
23,P81006,Clonazepam_Tab 500mcg,0408010F0AAABAB,8,2.531199999999995
25,P81150,Clonazepam_Tab 500mcg,0408010F0AAABAB,4,2.531199999999995
187,P81150,Amiodarone HCl_Tab 200mg,0203020D0AAABAB,7,2.450000000000002
186,P81133,Amiodarone HCl_Tab 200mg,0203020D0AAABAB,7,2.450000000000002
185,P81129,Amiodarone HCl_Tab 200mg,0203020D0AAABAB,7,2.450000000000002
32,P81668,Clonazepam_Tab 500mcg,0408010F0AAABAB,5,2.372999999999995
33,P81037,Clonazepam_Tab 500mcg,0408010F0AAABAB,1,2.2599999999999953
35,P81087,Clonazepam_Tab 500mcg,0408010F0AAABAB,1,2.2147999999999954
34,P81086,Clonazepam_Tab 500mcg,0408010F0AAABAB,7,2.2147999999999954
252,P81087,Avanafil_Tab 200mg,0704050ACAAACAC,1,2.1999999999999993
253,P81086,Avanafil_Tab 200mg,0704050ACAAACAC,1,2.1999999999999993
36,P81006,Clonazepam_Tab 500mcg,0408010F0AAABAB,1,2.033999999999996
247,P81059,Tetrabenazine_Tab 25mg,0409030C0AAAAAA,5,1.9415
146,P81149,Methocarbamol_Tab 750mg,1002020S0AAABAB,2,1.9263999999999992
212,P81089,Pyridox HCl_Tab 50mg,0906024N0AAAIAI,4,1.9152000000000005
211,P81077,Pyridox HCl_Tab 50mg,0906024N0AAAIAI,1,1.9152000000000005
214,P81150,Pyridox HCl_Tab 50mg,0906024N0AAAIAI,2,1.9152000000000005
213,P81742,Pyridox HCl_Tab 50mg,0906024N0AAAIAI,4,1.9152000000000005
41,P81157,Clonazepam_Tab 500mcg,0408010F0AAABAB,6,1.898399999999996
38,P81006,Clonazepam_Tab 500mcg,0408010F0AAABAB,3,1.898399999999996
39,P81006,Clonazepam_Tab 500mcg,0408010F0AAABAB,2,1.898399999999996
40,P81150,Clonazepam_Tab 500mcg,0408010F0AAABAB,2,1.898399999999996
42,P81086,Clonazepam_Tab 500mcg,0408010F0AAABAB,2,1.898399999999996
43,P81133,Clonazepam_Tab 500mcg,0408010F0AAABAB,3,1.898399999999996
44,P81210,Clonazepam_Tab 500mcg,0408010F0AAABAB,3,1.898399999999996
45,P81191,Clonazepam_Tab 500mcg,0408010F0AAABAB,3,1.898399999999996
37,P81149,Clonazepam_Tab 500mcg,0408010F0AAABAB,6,1.898399999999996
147,P81086,Methocarbamol_Tab 750mg,1002020S0AAABAB,5,1.8480000000000063
188,P81086,Amiodarone HCl_Tab 200mg,0203020D0AAABAB,5,1.7500000000000016
189,P81059,Amiodarone HCl_Tab 200mg,0203020D0AAABAB,5,1.7500000000000016
191,P81128,Amiodarone HCl_Tab 200mg,0203020D0AAABAB,5,1.7500000000000016
190,P81077,Amiodarone HCl_Tab 200mg,0203020D0AAABAB,5,1.7500000000000016
47,P81086,Clonazepam_Tab 500mcg,0408010F0AAABAB,1,1.6949999999999965
46,P81087,Clonazepam_Tab 500mcg,0408010F0AAABAB,1,1.6949999999999965
48,P81133,Clonazepam_Tab 500mcg,0408010F0AAABAB,5,1.5819999999999967
250,P81150,Tetrabenazine_Tab 25mg,0409030C0AAAAAA,1,1.499399999999998
249,P81006,Tetrabenazine_Tab 25mg,0409030C0AAAAAA,1,1.499399999999998
248,P81086,Tetrabenazine_Tab 25mg,0409030C0AAAAAA,1,1.499399999999998
149,P81086,Methocarbamol_Tab 750mg,1002020S0AAABAB,2,1.4447999999999994
148,P81157,Methocarbamol_Tab 750mg,1002020S0AAABAB,3,1.4447999999999994
219,P81031,Pyridox HCl_Tab 50mg,0906024N0AAAIAI,1,1.4364000000000003
215,P81191,Pyridox HCl_Tab 50mg,0906024N0AAAIAI,1,1.4364000000000003
216,P81079,Pyridox HCl_Tab 50mg,0906024N0AAAIAI,1,1.4364000000000003
218,P81742,Pyridox HCl_Tab 50mg,0906024N0AAAIAI,1,1.4364000000000003
217,P81006,Pyridox HCl_Tab 50mg,0906024N0AAAIAI,1,1.4364000000000003
192,P81089,Amiodarone HCl_Tab 200mg,0203020D0AAABAB,4,1.4000000000000012
193,P81037,Amiodarone HCl_Tab 200mg,0203020D0AAABAB,4,1.4000000000000012
194,P81157,Amiodarone HCl_Tab 200mg,0203020D0AAABAB,4,1.4000000000000012
52,P81128,Clonazepam_Tab 500mcg,0408010F0AAABAB,4,1.2655999999999974
50,P81077,Clonazepam_Tab 500mcg,0408010F0AAABAB,1,1.2655999999999974
62,P81129,Clonazepam_Tab 500mcg,0408010F0AAABAB,1,1.2655999999999974
61,P81157,Clonazepam_Tab 500mcg,0408010F0AAABAB,2,1.2655999999999974
60,P81079,Clonazepam_Tab 500mcg,0408010F0AAABAB,2,1.2655999999999974
53,P81059,Clonazepam_Tab 500mcg,0408010F0AAABAB,1,1.2655999999999974
51,P81210,Clonazepam_Tab 500mcg,0408010F0AAABAB,4,1.2655999999999974
59,P81079,Clonazepam_Tab 500mcg,0408010F0AAABAB,4,1.2655999999999974
58,P81077,Clonazepam_Tab 500mcg,0408010F0AAABAB,2,1.2655999999999974
57,P81037,Clonazepam_Tab 500mcg,0408010F0AAABAB,1,1.2655999999999974
56,P81037,Clonazepam_Tab 500mcg,0408010F0AAABAB,2,1.2655999999999974
55,P81150,Clonazepam_Tab 500mcg,0408010F0AAABAB,1,1.2655999999999974
49,P81077,Clonazepam_Tab 500mcg,0408010F0AAABAB,4,1.2655999999999974
54,P81089,Clonazepam_Tab 500mcg,0408010F0AAABAB,1,1.2655999999999974
63,P81089,Clonazepam_Tab 500mcg,0408010F0AAABAB,4,1.2655999999999974
150,P81157,Methocarbamol_Tab 750mg,1002020S0AAABAB,5,1.2039999999999995
64,P81006,Clonazepam_Tab 500mcg,0408010F0AAABAB,1,1.1299999999999977
65,P81128,Clonazepam_Tab 500mcg,0408010F0AAABAB,1,1.1299999999999977
195,P81079,Amiodarone HCl_Tab 200mg,0203020D0AAABAB,3,1.050000000000001
196,P81149,Amiodarone HCl_Tab 200mg,0203020D0AAABAB,3,1.050000000000001
66,P81087,Clonazepam_Tab 500mcg,0408010F0AAABAB,3,1.016999999999998
67,P81191,Clonazepam_Tab 500mcg,0408010F0AAABAB,1,1.016999999999998
151,P81191,Methocarbamol_Tab 750mg,1002020S0AAABAB,4,1.0080000000000022
152,P81157,Methocarbamol_Tab 750mg,1002020S0AAABAB,1,0.9631999999999996
222,P81079,Pyridox HCl_Tab 50mg,0906024N0AAAIAI,1,0.9576000000000002
220,P81129,Pyridox HCl_Tab 50mg,0906024N0AAAIAI,1,0.9576000000000002
223,P81150,Pyridox HCl_Tab 50mg,0906024N0AAAIAI,2,0.9576000000000002
224,P81077,Pyridox HCl_Tab 50mg,0906024N0AAAIAI,1,0.9576000000000002
221,P81191,Pyridox HCl_Tab 50mg,0906024N0AAAIAI,2,0.9576000000000002
225,P81059,Pyridox HCl_Tab 50mg,0906024N0AAAIAI,1,0.9576000000000002
226,P81031,Pyridox HCl_Tab 50mg,0906024N0AAAIAI,1,0.9576000000000002
74,P81129,Clonazepam_Tab 500mcg,0408010F0AAABAB,1,0.949199999999998
75,P81037,Clonazepam_Tab 500mcg,0408010F0AAABAB,1,0.949199999999998
69,P81031,Clonazepam_Tab 500mcg,0408010F0AAABAB,1,0.949199999999998
68,P81742,Clonazepam_Tab 500mcg,0408010F0AAABAB,3,0.949199999999998
72,P81077,Clonazepam_Tab 500mcg,0408010F0AAABAB,1,0.949199999999998
71,P81059,Clonazepam_Tab 500mcg,0408010F0AAABAB,3,0.949199999999998
70,P81079,Clonazepam_Tab 500mcg,0408010F0AAABAB,1,0.949199999999998
73,P81087,Clonazepam_Tab 500mcg,0408010F0AAABAB,6,0.949199999999998
154,P81059,Methocarbamol_Tab 750mg,1002020S0AAABAB,2,0.8599999999999997
155,P81157,Methocarbamol_Tab 750mg,1002020S0AAABAB,2,0.8599999999999997
153,P81089,Methocarbamol_Tab 750mg,1002020S0AAABAB,2,0.8599999999999997
197,P81087,Amiodarone HCl_Tab 200mg,0203020D0AAABAB,10,0.847
76,P81149,Clonazepam_Tab 500mcg,0408010F0AAABAB,5,0.7909999999999984
77,P81006,Clonazepam_Tab 500mcg,0408010F0AAABAB,1,0.7909999999999984
78,P81079,Clonazepam_Tab 500mcg,0408010F0AAABAB,1,0.7909999999999984
156,P81031,Methocarbamol_Tab 750mg,1002020S0AAABAB,2,0.7739999999999997
157,P81157,Methocarbamol_Tab 750mg,1002020S0AAABAB,2,0.7392000000000025
158,P81077,Methocarbamol_Tab 750mg,1002020S0AAABAB,2,0.7392000000000025
159,P81157,Methocarbamol_Tab 750mg,1002020S0AAABAB,4,0.7392000000000025
160,P81059,Methocarbamol_Tab 750mg,1002020S0AAABAB,3,0.7223999999999997
163,P81191,Methocarbamol_Tab 750mg,1002020S0AAABAB,1,0.7223999999999997
161,P81079,Methocarbamol_Tab 750mg,1002020S0AAABAB,1,0.7223999999999997
162,P81737,Methocarbamol_Tab 750mg,1002020S0AAABAB,1,0.7223999999999997
227,P81191,Pyridox HCl_Tab 50mg,0906024N0AAAIAI,3,0.7182000000000002
79,P81006,Clonazepam_Tab 500mcg,0408010F0AAABAB,3,0.7118999999999985
198,P81031,Amiodarone HCl_Tab 200mg,0203020D0AAABAB,2,0.7000000000000006
199,P81742,Amiodarone HCl_Tab 200mg,0203020D0AAABAB,2,0.7000000000000006
200,P81006,Amiodarone HCl_Tab 200mg,0203020D0AAABAB,1,0.7000000000000006
81,P81133,Clonazepam_Tab 500mcg,0408010F0AAABAB,1,0.6779999999999986
80,P81037,Clonazepam_Tab 500mcg,0408010F0AAABAB,1,0.6779999999999986
82,P81128,Clonazepam_Tab 500mcg,0408010F0AAABAB,1,0.6779999999999986
90,P81191,Clonazepam_Tab 500mcg,0408010F0AAABAB,2,0.6327999999999987
91,P81079,Clonazepam_Tab 500mcg,0408010F0AAABAB,8,0.6327999999999987
86,P81210,Clonazepam_Tab 500mcg,0408010F0AAABAB,4,0.6327999999999987
89,P81006,Clonazepam_Tab 500mcg,0408010F0AAABAB,4,0.6327999999999987
88,P81031,Clonazepam_Tab 500mcg,0408010F0AAABAB,1,0.6327999999999987
87,P81133,Clonazepam_Tab 500mcg,0408010F0AAABAB,4,0.6327999999999987
92,P81031,Clonazepam_Tab 500mcg,0408010F0AAABAB,4,0.6327999999999987
85,P81006,Clonazepam_Tab 500mcg,0408010F0AAABAB,8,0.6327999999999987
84,P81668,Clonazepam_Tab 500mcg,0408010F0AAABAB,2,0.6327999999999987
83,P81086,Clonazepam_Tab 500mcg,0408010F0AAABAB,1,0.6327999999999987
93,P81129,Clonazepam_Tab 500mcg,0408010F0AAABAB,2,0.6327999999999987
164,P81149,Methocarbamol_Tab 750mg,1002020S0AAABAB,1,0.5159999999999998
228,P81087,Pyridox HCl_Tab 50mg,0906024N0AAAIAI,1,0.5130000000000001
165,P81191,Methocarbamol_Tab 750mg,1002020S0AAABAB,1,0.4815999999999998
166,P81031,Methocarbamol_Tab 750mg,1002020S0AAABAB,1,0.4815999999999998
167,P81037,Methocarbamol_Tab 750mg,1002020S0AAABAB,1,0.4815999999999998
231,P81737,Pyridox HCl_Tab 50mg,0906024N0AAAIAI,1,0.4788000000000001
230,P81133,Pyridox HCl_Tab 50mg,0906024N0AAAIAI,1,0.4788000000000001
229,P81006,Pyridox HCl_Tab 50mg,0906024N0AAAIAI,4,0.4788000000000001
236,P81086,Pyridox HCl_Tab 50mg,0906024N0AAAIAI,1,0.4788000000000001
235,P81210,Pyridox HCl_Tab 50mg,0906024N0AAAIAI,1,0.4788000000000001
234,P81059,Pyridox HCl_Tab 50mg,0906024N0AAAIAI,1,0.4788000000000001
233,P81037,Pyridox HCl_Tab 50mg,0906024N0AAAIAI,1,0.4788000000000001
232,P81037,Pyridox HCl_Tab 50mg,0906024N0AAAIAI,2,0.4788000000000001
95,P81210,Clonazepam_Tab 500mcg,0408010F0AAABAB,1,0.474599999999999
96,P81087,Clonazepam_Tab 500mcg,0408010F0AAABAB,1,0.474599999999999
94,P81087,Clonazepam_Tab 500mcg,0408010F0AAABAB,2,0.474599999999999
168,P81128,Methocarbamol_Tab 750mg,1002020S0AAABAB,1,0.4299999999999998
170,P81086,Methocarbamol_Tab 750mg,1002020S0AAABAB,1,0.4299999999999998
169,P81006,Methocarbamol_Tab 750mg,1002020S0AAABAB,1,0.4299999999999998
171,P81031,Methocarbamol_Tab 750mg,1002020S0AAABAB,1,0.36960000000000126
177,P81087,Methocarbamol_Tab 750mg,1002020S0AAABAB,1,0.36960000000000126
176,P81128,Methocarbamol_Tab 750mg,1002020S0AAABAB,1,0.36960000000000126
175,P81150,Methocarbamol_Tab 750mg,1002020S0AAABAB,1,0.36960000000000126
174,P81031,Methocarbamol_Tab 750mg,1002020S0AAABAB,4,0.36960000000000126
173,P81037,Methocarbamol_Tab 750mg,1002020S0AAABAB,1,0.36960000000000126
172,P81191,Methocarbamol_Tab 750mg,1002020S0AAABAB,4,0.36960000000000126
202,P81668,Amiodarone HCl_Tab 200mg,0203020D0AAABAB,1,0.3500000000000003
201,P81191,Amiodarone HCl_Tab 200mg,0203020D0AAABAB,1,0.3500000000000003
97,P81157,Clonazepam_Tab 500mcg,0408010F0AAABAB,2,0.348
98,P81006,Clonazepam_Tab 500mcg,0408010F0AAABAB,1,0.3389999999999993
99,P81129,Clonazepam_Tab 500mcg,0408010F0AAABAB,1,0.3389999999999993
203,P81059,Amiodarone HCl_Tab 200mg,0203020D0AAABAB,4,0.3388
100,Y03870,Clonazepam_Tab 500mcg,0408010F0AAABAB,1,0.31639999999999935
103,P81059,Clonazepam_Tab 500mcg,0408010F0AAABAB,4,0.31639999999999935
101,P81191,Clonazepam_Tab 500mcg,0408010F0AAABAB,2,0.31639999999999935
102,P81079,Clonazepam_Tab 500mcg,0408010F0AAABAB,2,0.31639999999999935
104,P81077,Clonazepam_Tab 500mcg,0408010F0AAABAB,2,0.31639999999999935
105,P81133,Clonazepam_Tab 500mcg,0408010F0AAABAB,4,0.31639999999999935
106,P81089,Clonazepam_Tab 500mcg,0408010F0AAABAB,2,0.31639999999999935
107,P81059,Clonazepam_Tab 500mcg,0408010F0AAABAB,2,0.31639999999999935
108,P81037,Clonazepam_Tab 500mcg,0408010F0AAABAB,1,0.31639999999999935
204,P81077,Amiodarone HCl_Tab 200mg,0203020D0AAABAB,3,0.2541
205,P81031,Amiodarone HCl_Tab 200mg,0203020D0AAABAB,1,0.25400000000000034
178,P81079,Methocarbamol_Tab 750mg,1002020S0AAABAB,1,0.2407999999999999
109,P81089,Clonazepam_Tab 500mcg,0408010F0AAABAB,1,0.2372999999999995
110,P81086,Clonazepam_Tab 500mcg,0408010F0AAABAB,1,0.2372999999999995
111,P81133,Clonazepam_Tab 500mcg,0408010F0AAABAB,1,0.2372999999999995
179,P81129,Methocarbamol_Tab 750mg,1002020S0AAABAB,1,0.22000000000000075
206,P81037,Amiodarone HCl_Tab 200mg,0203020D0AAABAB,1,0.2125000000000002
112,P81031,Clonazepam_Tab 500mcg,0408010F0AAABAB,5,0.21199999999999997
207,P81191,Amiodarone HCl_Tab 200mg,0203020D0AAABAB,1,0.17920000000000008
113,P81133,Clonazepam_Tab 500mcg,0408010F0AAABAB,1,0.174
114,P81006,Clonazepam_Tab 500mcg,0408010F0AAABAB,4,0.16959999999999997
115,P81157,Clonazepam_Tab 500mcg,0408010F0AAABAB,1,0.15819999999999967
116,P81150,Clonazepam_Tab 500mcg,0408010F0AAABAB,1,0.15819999999999967
180,P81031,Methocarbamol_Tab 750mg,1002020S0AAABAB,4,0.13439999999999996
181,P81157,Methocarbamol_Tab 750mg,1002020S0AAABAB,1,0.1260000000000001
117,P81006,Clonazepam_Tab 500mcg,0408010F0AAABAB,1,0.09439999999999982
209,Y02837,Amiodarone HCl_Tab 200mg,0203020D0AAABAB,1,0.0847
208,P81079,Amiodarone HCl_Tab 200mg,0203020D0AAABAB,1,0.0847
118,P81086,Clonazepam_Tab 500mcg,0408010F0AAABAB,1,0.07909999999999984
119,P81210,Clonazepam_Tab 500mcg,0408010F0AAABAB,1,0.057999999999999996
240,P81006,Azithromycin_Cap 250mg,0501050A0AAAAAA,9,0.025199999999997225
241,P81006,Azithromycin_Cap 250mg,0501050A0AAAAAA,7,0.01959999999999784
122,P81087,Paracet_Tab Solb 500mg,0407010H0AAAQAQ,1,0.004000000000000115
123,P81087,Paracet_Tab Solb 500mg,0407010H0AAAQAQ,1,0.004000000000000115
242,P81059,Azithromycin_Cap 250mg,0501050A0AAAAAA,1,0.0031999999999996476
243,P81133,Azithromycin_Cap 250mg,0501050A0AAAAAA,1,-0.0039999999999995595
131,P81128,Paracet_Tab Solb 500mg,0407010H0AAAQAQ,1,-0.005999999999999339
127,P81059,Paracet_Tab Solb 500mg,0407010H0AAAQAQ,1,-0.005999999999999339
124,P81157,Paracet_Tab Solb 500mg,0407010H0AAAQAQ,1,-0.005999999999999339
125,P81128,Paracet_Tab Solb 500mg,0407010H0AAAQAQ,1,-0.005999999999999339
126,P81668,Paracet_Tab Solb 500mg,0407010H0AAAQAQ,1,-0.005999999999999339
128,P81668,Paracet_Tab Solb 500mg,0407010H0AAAQAQ,1,-0.005999999999999339
129,P81059,Paracet_Tab Solb 500mg,0407010H0AAAQAQ,1,-0.005999999999999339
130,P81157,Paracet_Tab Solb 500mg,0407010H0AAAQAQ,1,-0.005999999999999339
133,P81031,Paracet_Tab Solb 500mg,0407010H0AAAQAQ,2,-0.011999999999998678
134,P81149,Paracet_Tab Solb 500mg,0407010H0AAAQAQ,2,-0.011999999999998678
135,P81149,Paracet_Tab Solb 500mg,0407010H0AAAQAQ,2,-0.011999999999998678
132,P81031,Paracet_Tab Solb 500mg,0407010H0AAAQAQ,2,-0.011999999999998678
139,P81150,Paracet_Tab Solb 500mg,0407010H0AAAQAQ,3,-0.017999999999998018
137,P81006,Paracet_Tab Solb 500mg,0407010H0AAAQAQ,3,-0.017999999999998018
136,P81006,Paracet_Tab Solb 500mg,0407010H0AAAQAQ,3,-0.017999999999998018
138,P81150,Paracet_Tab Solb 500mg,0407010H0AAAQAQ,3,-0.017999999999998018
140,P81089,Paracet_Tab Solb 500mg,0407010H0AAAQAQ,5,-0.029999999999996696
141,P81089,Paracet_Tab Solb 500mg,0407010H0AAAQAQ,5,-0.029999999999996696
9,P81191,Mesalazine_Tab E/C 800mg,0105010B0AAASAS,1,-24.599999999999994
10,P81077,Mesalazine_Tab E/C 800mg,0105010B0AAASAS,1,-34.43999999999999
11,P81157,Mesalazine_Tab E/C 800mg,0105010B0AAASAS,4,-34.473600000000005
13,P81210,Mesalazine_Tab E/C 800mg,0105010B0AAASAS,1,-36.89999999999999
12,P81059,Mesalazine_Tab E/C 800mg,0105010B0AAASAS,1,-36.89999999999999
14,P81031,Mesalazine_Tab E/C 800mg,0105010B0AAASAS,1,-36.89999999999999
