,practice_code,bnf_description,bnf_code,items,excess_cost
20,P82609,Atorvastatin_Tab 10mg,0212000B0AAAAAA,132,334.488
0,P82640,Atorvastatin_Tab 40mg,0212000B0AAACAC,102,267.036
21,P82609,Atorvastatin_Tab 10mg,0212000B0AAAAAA,21,184.632
68,P82008,Atorvastatin_Tab 20mg,0212000B0AAABAB,78,180.3984
1,P82640,Atorvastatin_Tab 40mg,0212000B0AAACAC,16,178.0352
99,P82025,Sumatriptan_Tab 50mg,0407041T0AAAFAF,1,149.4528
2,P82609,Atorvastatin_Tab 40mg,0212000B0AAACAC,79,132.2776
533,P82015,Memantine HCl_Tab 20mg,0411000G0AAADAD,28,127.792
69,P82008,Atorvastatin_Tab 20mg,0212000B0AAABAB,271,113.06120000000003
555,P82640,Atorvastatin_Tab 80mg,0212000B0AAADAD,5,99.232
70,P82640,Atorvastatin_Tab 20mg,0212000B0AAABAB,104,90.272
3,P82640,Atorvastatin_Tab 40mg,0212000B0AAACAC,19,88.9637
100,P82005,Sumatriptan_Tab 50mg,0407041T0AAAFAF,2,82.5012
750,P82025,Sertraline HCl_Tab 100mg,0403030Q0AAABAB,25,80.99000000000001
597,P82640,Lercanidipine HCl_Tab 10mg,0206020L0AAAAAA,6,78.15360000000001
71,P82007,Atorvastatin_Tab 20mg,0212000B0AAABAB,22,67.63680000000001
534,P82633,Memantine HCl_Tab 20mg,0411000G0AAADAD,2,63.9016
535,P82003,Memantine HCl_Tab 20mg,0411000G0AAADAD,10,63.895999999999994
22,P82004,Atorvastatin_Tab 10mg,0212000B0AAAAAA,91,58.0944
101,P82025,Sumatriptan_Tab 50mg,0407041T0AAAFAF,6,55.00079999999999
751,P82004,Sertraline HCl_Tab 100mg,0403030Q0AAABAB,44,53.961600000000004
556,P82640,Atorvastatin_Tab 80mg,0212000B0AAADAD,45,49.644000000000005
72,P82609,Atorvastatin_Tab 20mg,0212000B0AAABAB,17,44.934400000000004
73,P82609,Atorvastatin_Tab 20mg,0212000B0AAABAB,88,44.8448
4,P82008,Atorvastatin_Tab 40mg,0212000B0AAACAC,174,44.8224
5,P82634,Atorvastatin_Tab 40mg,0212000B0AAACAC,23,44.5648
598,P82640,Lercanidipine HCl_Tab 10mg,0206020L0AAAAAA,15,41.37
23,P82609,Atorvastatin_Tab 10mg,0212000B0AAAAAA,2,34.910399999999996
557,P82640,Atorvastatin_Tab 80mg,0212000B0AAADAD,16,24.8416
229,P82008,Paracet_Tab 500mg,0407010H0AAAMAM,124,24.800000000000022
230,P82008,Paracet_Tab 500mg,0407010H0AAAMAM,124,24.800000000000022
558,P82609,Atorvastatin_Tab 80mg,0212000B0AAADAD,35,24.01000000000001
24,P82015,Atorvastatin_Tab 10mg,0212000B0AAAAAA,27,23.284800000000008
25,P82008,Atorvastatin_Tab 10mg,0212000B0AAAAAA,26,23.150400000000005
74,P82015,Atorvastatin_Tab 20mg,0212000B0AAABAB,266,23.08880000000004
6,P82005,Atorvastatin_Tab 40mg,0212000B0AAACAC,29,22.817200000000007
75,Y03366,Atorvastatin_Tab 20mg,0212000B0AAABAB,82,22.730400000000014
76,P82005,Atorvastatin_Tab 20mg,0212000B0AAABAB,22,22.545600000000004
77,P82008,Atorvastatin_Tab 20mg,0212000B0AAABAB,2,22.540000000000003
7,P82609,Atorvastatin_Tab 40mg,0212000B0AAACAC,8,22.2432
232,P82007,Paracet_Tab 500mg,0407010H0AAAMAM,62,22.22080000000001
231,P82007,Paracet_Tab 500mg,0407010H0AAAMAM,62,22.22080000000001
233,P82015,Paracet_Tab 500mg,0407010H0AAAMAM,89,21.929600000000004
234,P82015,Paracet_Tab 500mg,0407010H0AAAMAM,89,21.929600000000004
599,P82002,Lercanidipine HCl_Tab 10mg,0206020L0AAAAAA,4,19.532799999999998
235,P82007,Paracet_Tab 500mg,0407010H0AAAMAM,245,17.14999999999998
236,P82007,Paracet_Tab 500mg,0407010H0AAAMAM,245,17.14999999999998
600,P82003,Lercanidipine HCl_Tab 10mg,0206020L0AAAAAA,76,15.002399999999994
238,Y03366,Paracet_Tab 500mg,0407010H0AAAMAM,29,13.224000000000016
237,Y03366,Paracet_Tab 500mg,0407010H0AAAMAM,29,13.224000000000016
240,P82025,Paracet_Tab 500mg,0407010H0AAAMAM,40,11.647999999999993
239,P82025,Paracet_Tab 500mg,0407010H0AAAMAM,40,11.647999999999993
242,P82015,Paracet_Tab 500mg,0407010H0AAAMAM,106,10.600000000000009
241,P82015,Paracet_Tab 500mg,0407010H0AAAMAM,106,10.600000000000009
244,P82022,Paracet_Tab 500mg,0407010H0AAAMAM,22,10.12
243,P82022,Paracet_Tab 500mg,0407010H0AAAMAM,22,10.12
601,P82609,Lercanidipine HCl_Tab 10mg,0206020L0AAAAAA,21,9.584399999999997
246,P82004,Paracet_Tab 500mg,0407010H0AAAMAM,8,8.4672
245,P82004,Paracet_Tab 500mg,0407010H0AAAMAM,8,8.4672
248,P82008,Paracet_Tab 500mg,0407010H0AAAMAM,26,8.153600000000012
247,P82008,Paracet_Tab 500mg,0407010H0AAAMAM,26,8.153600000000012
250,P82015,Paracet_Tab 500mg,0407010H0AAAMAM,198,5.940000000000032
249,P82015,Paracet_Tab 500mg,0407010H0AAAMAM,198,5.940000000000032
252,P82640,Paracet_Tab 500mg,0407010H0AAAMAM,141,5.640000000000015
251,P82640,Paracet_Tab 500mg,0407010H0AAAMAM,141,5.640000000000015
78,P82008,Atorvastatin_Tab 20mg,0212000B0AAABAB,35,5.635
254,P82634,Paracet_Tab 500mg,0407010H0AAAMAM,56,5.040000000000008
253,P82634,Paracet_Tab 500mg,0407010H0AAAMAM,56,5.040000000000008
255,P82004,Paracet_Tab 500mg,0407010H0AAAMAM,26,4.659200000000002
256,P82004,Paracet_Tab 500mg,0407010H0AAAMAM,26,4.659200000000002
536,P82633,Memantine HCl_Tab 20mg,0411000G0AAADAD,1,4.5614
610,P82005,Clonazepam_Tab 500mcg,0408010F0AAABAB,3,3.796799999999992
609,P82018,Clonazepam_Tab 500mcg,0408010F0AAABAB,2,3.796799999999992
257,P82003,Paracet_Tab 500mg,0407010H0AAAMAM,182,3.640000000000041
258,P82003,Paracet_Tab 500mg,0407010H0AAAMAM,182,3.640000000000041
559,P82002,Atorvastatin_Tab 80mg,0212000B0AAADAD,40,3.5840000000000094
102,P82003,Sumatriptan_Tab 50mg,0407041T0AAAFAF,15,3.2489999999999917
259,P82025,Paracet_Tab 500mg,0407010H0AAAMAM,1,3.2192
260,P82025,Paracet_Tab 500mg,0407010H0AAAMAM,1,3.2192
613,P82008,Clonazepam_Tab 500mcg,0408010F0AAABAB,5,3.1639999999999935
611,P82003,Clonazepam_Tab 500mcg,0408010F0AAABAB,5,3.1639999999999935
612,Y03079,Clonazepam_Tab 500mcg,0408010F0AAABAB,5,3.1639999999999935
261,P82008,Paracet_Tab 500mg,0407010H0AAAMAM,15,3.0000000000000027
262,P82008,Paracet_Tab 500mg,0407010H0AAAMAM,15,3.0000000000000027
614,P82001,Clonazepam_Tab 500mcg,0408010F0AAABAB,3,2.847599999999994
615,Y03079,Clonazepam_Tab 500mcg,0408010F0AAABAB,1,2.847599999999994
619,P82613,Clonazepam_Tab 500mcg,0408010F0AAABAB,4,2.531199999999995
620,Y03079,Clonazepam_Tab 500mcg,0408010F0AAABAB,2,2.531199999999995
621,P82036,Clonazepam_Tab 500mcg,0408010F0AAABAB,2,2.531199999999995
618,P82624,Clonazepam_Tab 500mcg,0408010F0AAABAB,2,2.531199999999995
616,P82007,Clonazepam_Tab 500mcg,0408010F0AAABAB,4,2.531199999999995
617,P82015,Clonazepam_Tab 500mcg,0408010F0AAABAB,4,2.531199999999995
622,P82033,Clonazepam_Tab 500mcg,0408010F0AAABAB,1,2.2147999999999954
624,Y03079,Clonazepam_Tab 500mcg,0408010F0AAABAB,3,2.033999999999996
623,P82015,Clonazepam_Tab 500mcg,0408010F0AAABAB,1,2.033999999999996
632,P82018,Clonazepam_Tab 500mcg,0408010F0AAABAB,6,1.898399999999996
625,P82016,Clonazepam_Tab 500mcg,0408010F0AAABAB,3,1.898399999999996
626,P82004,Clonazepam_Tab 500mcg,0408010F0AAABAB,2,1.898399999999996
627,P82607,Clonazepam_Tab 500mcg,0408010F0AAABAB,1,1.898399999999996
628,P82011,Clonazepam_Tab 500mcg,0408010F0AAABAB,2,1.898399999999996
629,P82021,Clonazepam_Tab 500mcg,0408010F0AAABAB,3,1.898399999999996
630,P82001,Clonazepam_Tab 500mcg,0408010F0AAABAB,3,1.898399999999996
631,P82006,Clonazepam_Tab 500mcg,0408010F0AAABAB,1,1.898399999999996
560,P82004,Atorvastatin_Tab 80mg,0212000B0AAADAD,58,1.7864000000000062
561,P82008,Atorvastatin_Tab 80mg,0212000B0AAADAD,85,1.6660000000000146
633,P82016,Clonazepam_Tab 500mcg,0408010F0AAABAB,7,1.6610999999999967
634,P82008,Clonazepam_Tab 500mcg,0408010F0AAABAB,5,1.5819999999999967
635,P82003,Clonazepam_Tab 500mcg,0408010F0AAABAB,1,1.423799999999997
636,P82018,Clonazepam_Tab 500mcg,0408010F0AAABAB,1,1.3559999999999972
637,Y03366,Clonazepam_Tab 500mcg,0408010F0AAABAB,4,1.315999999999998
648,Y02790,Clonazepam_Tab 500mcg,0408010F0AAABAB,2,1.2655999999999974
644,Y02790,Clonazepam_Tab 500mcg,0408010F0AAABAB,1,1.2655999999999974
650,P82004,Clonazepam_Tab 500mcg,0408010F0AAABAB,2,1.2655999999999974
649,Y03079,Clonazepam_Tab 500mcg,0408010F0AAABAB,4,1.2655999999999974
647,Y02790,Clonazepam_Tab 500mcg,0408010F0AAABAB,4,1.2655999999999974
646,P82014,Clonazepam_Tab 500mcg,0408010F0AAABAB,1,1.2655999999999974
645,P82018,Clonazepam_Tab 500mcg,0408010F0AAABAB,2,1.2655999999999974
640,P82011,Clonazepam_Tab 500mcg,0408010F0AAABAB,2,1.2655999999999974
642,P82629,Clonazepam_Tab 500mcg,0408010F0AAABAB,1,1.2655999999999974
641,P82613,Clonazepam_Tab 500mcg,0408010F0AAABAB,1,1.2655999999999974
652,P82036,Clonazepam_Tab 500mcg,0408010F0AAABAB,2,1.2655999999999974
639,P82009,Clonazepam_Tab 500mcg,0408010F0AAABAB,4,1.2655999999999974
638,P82020,Clonazepam_Tab 500mcg,0408010F0AAABAB,2,1.2655999999999974
651,P82007,Clonazepam_Tab 500mcg,0408010F0AAABAB,1,1.2655999999999974
643,P82015,Clonazepam_Tab 500mcg,0408010F0AAABAB,4,1.2655999999999974
654,P82005,Clonazepam_Tab 500mcg,0408010F0AAABAB,1,1.1299999999999977
656,P82037,Clonazepam_Tab 500mcg,0408010F0AAABAB,1,1.1299999999999977
655,P82607,Clonazepam_Tab 500mcg,0408010F0AAABAB,1,1.1299999999999977
653,P82002,Clonazepam_Tab 500mcg,0408010F0AAABAB,1,1.1299999999999977
8,P82002,Atorvastatin_Tab 40mg,0212000B0AAACAC,38,1.064000000000001
9,P82002,Atorvastatin_Tab 40mg,0212000B0AAACAC,46,1.0304000000000026
658,P82015,Clonazepam_Tab 500mcg,0408010F0AAABAB,1,1.016999999999998
657,P82009,Clonazepam_Tab 500mcg,0408010F0AAABAB,1,1.016999999999998
659,P82640,Clonazepam_Tab 500mcg,0408010F0AAABAB,1,0.996799999999999
660,P82643,Clonazepam_Tab 500mcg,0408010F0AAABAB,2,0.994399999999998
662,P82002,Clonazepam_Tab 500mcg,0408010F0AAABAB,1,0.949199999999998
668,P82023,Clonazepam_Tab 500mcg,0408010F0AAABAB,1,0.949199999999998
672,P82003,Clonazepam_Tab 500mcg,0408010F0AAABAB,1,0.949199999999998
671,P82616,Clonazepam_Tab 500mcg,0408010F0AAABAB,3,0.949199999999998
670,P82016,Clonazepam_Tab 500mcg,0408010F0AAABAB,1,0.949199999999998
663,P82009,Clonazepam_Tab 500mcg,0408010F0AAABAB,1,0.949199999999998
669,P82627,Clonazepam_Tab 500mcg,0408010F0AAABAB,1,0.949199999999998
661,P82643,Clonazepam_Tab 500mcg,0408010F0AAABAB,3,0.949199999999998
666,P82029,Clonazepam_Tab 500mcg,0408010F0AAABAB,3,0.949199999999998
665,P82021,Clonazepam_Tab 500mcg,0408010F0AAABAB,1,0.949199999999998
664,P82643,Clonazepam_Tab 500mcg,0408010F0AAABAB,1,0.949199999999998
667,P82643,Clonazepam_Tab 500mcg,0408010F0AAABAB,2,0.949199999999998
673,P82015,Clonazepam_Tab 500mcg,0408010F0AAABAB,2,0.7909999999999984
674,P82015,Clonazepam_Tab 500mcg,0408010F0AAABAB,1,0.7909999999999984
675,P82002,Clonazepam_Tab 500mcg,0408010F0AAABAB,1,0.7475999999999993
10,P82004,Atorvastatin_Tab 40mg,0212000B0AAACAC,128,0.7167999999999957
676,P82640,Clonazepam_Tab 500mcg,0408010F0AAABAB,3,0.7118999999999985
680,P82010,Clonazepam_Tab 500mcg,0408010F0AAABAB,1,0.6779999999999986
679,P82625,Clonazepam_Tab 500mcg,0408010F0AAABAB,1,0.6779999999999986
681,P82016,Clonazepam_Tab 500mcg,0408010F0AAABAB,1,0.6779999999999986
682,P82029,Clonazepam_Tab 500mcg,0408010F0AAABAB,2,0.6779999999999986
677,P82011,Clonazepam_Tab 500mcg,0408010F0AAABAB,1,0.6779999999999986
678,P82004,Clonazepam_Tab 500mcg,0408010F0AAABAB,1,0.6779999999999986
683,P82002,Clonazepam_Tab 500mcg,0408010F0AAABAB,2,0.657999999999999
687,P82033,Clonazepam_Tab 500mcg,0408010F0AAABAB,2,0.6327999999999987
688,P82002,Clonazepam_Tab 500mcg,0408010F0AAABAB,2,0.6327999999999987
689,P82624,Clonazepam_Tab 500mcg,0408010F0AAABAB,1,0.6327999999999987
690,P82643,Clonazepam_Tab 500mcg,0408010F0AAABAB,1,0.6327999999999987
691,P82033,Clonazepam_Tab 500mcg,0408010F0AAABAB,4,0.6327999999999987
692,P82016,Clonazepam_Tab 500mcg,0408010F0AAABAB,2,0.6327999999999987
693,P82003,Clonazepam_Tab 500mcg,0408010F0AAABAB,2,0.6327999999999987
685,P82613,Clonazepam_Tab 500mcg,0408010F0AAABAB,4,0.6327999999999987
686,Y03366,Clonazepam_Tab 500mcg,0408010F0AAABAB,2,0.6327999999999987
694,P82001,Clonazepam_Tab 500mcg,0408010F0AAABAB,4,0.6327999999999987
684,P82007,Clonazepam_Tab 500mcg,0408010F0AAABAB,2,0.6327999999999987
696,P82020,Clonazepam_Tab 500mcg,0408010F0AAABAB,2,0.6327999999999987
697,P82006,Clonazepam_Tab 500mcg,0408010F0AAABAB,1,0.6327999999999987
698,P82010,Clonazepam_Tab 500mcg,0408010F0AAABAB,1,0.6327999999999987
699,P82031,Clonazepam_Tab 500mcg,0408010F0AAABAB,1,0.6327999999999987
700,P82002,Clonazepam_Tab 500mcg,0408010F0AAABAB,1,0.6327999999999987
695,P82609,Clonazepam_Tab 500mcg,0408010F0AAABAB,1,0.6327999999999987
701,P82609,Clonazepam_Tab 500mcg,0408010F0AAABAB,1,0.6159999999999943
702,P82018,Clonazepam_Tab 500mcg,0408010F0AAABAB,1,0.5536999999999989
11,P82004,Atorvastatin_Tab 40mg,0212000B0AAACAC,20,0.5180000000000002
703,P82036,Clonazepam_Tab 500mcg,0408010F0AAABAB,1,0.5129999999999985
704,P82023,Clonazepam_Tab 500mcg,0408010F0AAABAB,1,0.5129999999999985
263,Y03366,Paracet_Tab 500mg,0407010H0AAAMAM,48,0.4799999999999971
264,Y03366,Paracet_Tab 500mg,0407010H0AAAMAM,48,0.4799999999999971
706,P82030,Clonazepam_Tab 500mcg,0408010F0AAABAB,1,0.474599999999999
705,P82001,Clonazepam_Tab 500mcg,0408010F0AAABAB,1,0.474599999999999
707,P82015,Clonazepam_Tab 500mcg,0408010F0AAABAB,1,0.474599999999999
708,P82660,Clonazepam_Tab 500mcg,0408010F0AAABAB,6,0.474599999999999
710,P82008,Clonazepam_Tab 500mcg,0408010F0AAABAB,5,0.46899999999999886
709,P82002,Clonazepam_Tab 500mcg,0408010F0AAABAB,10,0.46899999999999886
79,P82002,Atorvastatin_Tab 20mg,0212000B0AAABAB,75,0.42000000000001203
266,P82009,Paracet_Tab 500mg,0407010H0AAAMAM,69,0.4139999999999975
265,P82009,Paracet_Tab 500mg,0407010H0AAAMAM,69,0.4139999999999975
716,P82016,Clonazepam_Tab 500mcg,0408010F0AAABAB,1,0.3389999999999993
715,P82005,Clonazepam_Tab 500mcg,0408010F0AAABAB,1,0.3389999999999993
714,Y02319,Clonazepam_Tab 500mcg,0408010F0AAABAB,1,0.3389999999999993
713,P82640,Clonazepam_Tab 500mcg,0408010F0AAABAB,1,0.3389999999999993
712,P82624,Clonazepam_Tab 500mcg,0408010F0AAABAB,1,0.3389999999999993
711,Y02790,Clonazepam_Tab 500mcg,0408010F0AAABAB,1,0.3389999999999993
752,P82609,Sertraline HCl_Tab 100mg,0403030Q0AAABAB,20,0.33600000000000185
717,P82008,Clonazepam_Tab 500mcg,0408010F0AAABAB,4,0.31639999999999935
736,P82034,Clonazepam_Tab 500mcg,0408010F0AAABAB,1,0.31639999999999935
728,P82021,Clonazepam_Tab 500mcg,0408010F0AAABAB,1,0.31639999999999935
737,P82013,Clonazepam_Tab 500mcg,0408010F0AAABAB,1,0.31639999999999935
718,P82634,Clonazepam_Tab 500mcg,0408010F0AAABAB,1,0.31639999999999935
735,P82652,Clonazepam_Tab 500mcg,0408010F0AAABAB,1,0.31639999999999935
734,P82021,Clonazepam_Tab 500mcg,0408010F0AAABAB,4,0.31639999999999935
733,P82001,Clonazepam_Tab 500mcg,0408010F0AAABAB,1,0.31639999999999935
732,P82030,Clonazepam_Tab 500mcg,0408010F0AAABAB,1,0.31639999999999935
731,P82607,Clonazepam_Tab 500mcg,0408010F0AAABAB,1,0.31639999999999935
729,Y02319,Clonazepam_Tab 500mcg,0408010F0AAABAB,1,0.31639999999999935
730,P82012,Clonazepam_Tab 500mcg,0408010F0AAABAB,1,0.31639999999999935
727,P82006,Clonazepam_Tab 500mcg,0408010F0AAABAB,1,0.31639999999999935
726,P82022,Clonazepam_Tab 500mcg,0408010F0AAABAB,1,0.31639999999999935
725,Y02943,Clonazepam_Tab 500mcg,0408010F0AAABAB,1,0.31639999999999935
724,Y03079,Clonazepam_Tab 500mcg,0408010F0AAABAB,2,0.31639999999999935
723,P82004,Clonazepam_Tab 500mcg,0408010F0AAABAB,1,0.31639999999999935
722,P82660,Clonazepam_Tab 500mcg,0408010F0AAABAB,1,0.31639999999999935
721,P82006,Clonazepam_Tab 500mcg,0408010F0AAABAB,2,0.31639999999999935
720,P82025,Clonazepam_Tab 500mcg,0408010F0AAABAB,1,0.31639999999999935
719,P82023,Clonazepam_Tab 500mcg,0408010F0AAABAB,1,0.31639999999999935
738,Y02319,Clonazepam_Tab 500mcg,0408010F0AAABAB,3,0.2372999999999995
739,P82012,Clonazepam_Tab 500mcg,0408010F0AAABAB,5,0.21199999999999997
26,P82002,Atorvastatin_Tab 10mg,0212000B0AAAAAA,16,0.17920000000000202
80,P82004,Atorvastatin_Tab 20mg,0212000B0AAABAB,8,0.17920000000000202
740,P82030,Clonazepam_Tab 500mcg,0408010F0AAABAB,1,0.174
741,P82014,Clonazepam_Tab 500mcg,0408010F0AAABAB,4,0.16959999999999997
27,P82002,Atorvastatin_Tab 10mg,0212000B0AAAAAA,29,0.16240000000000182
743,P82030,Clonazepam_Tab 500mcg,0408010F0AAABAB,1,0.15819999999999967
744,P82012,Clonazepam_Tab 500mcg,0408010F0AAABAB,1,0.15819999999999967
742,P82616,Clonazepam_Tab 500mcg,0408010F0AAABAB,2,0.15819999999999967
267,P82652,Paracet_Tab 500mg,0407010H0AAAMAM,26,0.15599999999999906
268,P82652,Paracet_Tab 500mg,0407010H0AAAMAM,26,0.15599999999999906
270,Y03079,Paracet_Tab 500mg,0407010H0AAAMAM,25,0.14999999999999908
269,Y03079,Paracet_Tab 500mg,0407010H0AAAMAM,25,0.14999999999999908
753,P82660,Sertraline HCl_Tab 100mg,0403030Q0AAABAB,31,0.1426
745,P82008,Clonazepam_Tab 500mcg,0408010F0AAABAB,1,0.1367999999999996
746,P82627,Clonazepam_Tab 500mcg,0408010F0AAABAB,1,0.1367999999999996
537,P82016,Memantine HCl_Tab 20mg,0411000G0AAADAD,25,0.12249999999999986
747,P82021,Clonazepam_Tab 500mcg,0408010F0AAABAB,1,0.11599999999999999
562,P82016,Atorvastatin_Tab 80mg,0212000B0AAADAD,54,0.11340000000000325
272,P82613,Paracet_Tab 500mg,0407010H0AAAMAM,18,0.10799999999999935
271,P82613,Paracet_Tab 500mg,0407010H0AAAMAM,18,0.10799999999999935
754,P82003,Sertraline HCl_Tab 100mg,0403030Q0AAABAB,49,0.10290000000000057
756,P82010,Sertraline HCl_Tab 100mg,0403030Q0AAABAB,23,0.09660000000000053
755,P82014,Sertraline HCl_Tab 100mg,0403030Q0AAABAB,23,0.09660000000000053
757,P82008,Sertraline HCl_Tab 100mg,0403030Q0AAABAB,41,0.08610000000000048
602,P82016,Lercanidipine HCl_Tab 10mg,0206020L0AAAAAA,17,0.08329999999999908
749,P82015,Clonazepam_Tab 500mcg,0408010F0AAABAB,1,0.07909999999999984
748,Y03079,Clonazepam_Tab 500mcg,0408010F0AAABAB,1,0.07909999999999984
273,Y03079,Paracet_Tab 500mg,0407010H0AAAMAM,14,0.07839999999999953
274,Y03079,Paracet_Tab 500mg,0407010H0AAAMAM,14,0.07839999999999953
276,P82015,Paracet_Tab 500mg,0407010H0AAAMAM,12,0.07199999999999956
275,P82015,Paracet_Tab 500mg,0407010H0AAAMAM,12,0.07199999999999956
758,P82016,Sertraline HCl_Tab 100mg,0403030Q0AAABAB,34,0.0714000000000004
759,P82014,Sertraline HCl_Tab 100mg,0403030Q0AAABAB,33,0.06930000000000039
760,P82008,Sertraline HCl_Tab 100mg,0403030Q0AAABAB,16,0.06720000000000037
28,P82016,Atorvastatin_Tab 10mg,0212000B0AAAAAA,31,0.06510000000000035
278,P82007,Paracet_Tab 500mg,0407010H0AAAMAM,11,0.06159999999999963
277,P82007,Paracet_Tab 500mg,0407010H0AAAMAM,11,0.06159999999999963
563,P82014,Atorvastatin_Tab 80mg,0212000B0AAADAD,29,0.060900000000001744
29,P82003,Atorvastatin_Tab 10mg,0212000B0AAAAAA,29,0.060900000000000336
564,P82003,Atorvastatin_Tab 80mg,0212000B0AAADAD,28,0.058800000000001684
761,P82001,Sertraline HCl_Tab 100mg,0403030Q0AAABAB,14,0.058800000000000324
762,P82009,Sertraline HCl_Tab 100mg,0403030Q0AAABAB,26,0.0546000000000003
280,P82626,Paracet_Tab 500mg,0407010H0AAAMAM,9,0.05399999999999967
279,P82626,Paracet_Tab 500mg,0407010H0AAAMAM,9,0.05399999999999967
565,P82008,Atorvastatin_Tab 80mg,0212000B0AAADAD,25,0.052500000000001504
764,P82022,Sertraline HCl_Tab 100mg,0403030Q0AAABAB,12,0.05040000000000028
765,P82030,Sertraline HCl_Tab 100mg,0403030Q0AAABAB,24,0.05040000000000028
763,P82010,Sertraline HCl_Tab 100mg,0403030Q0AAABAB,24,0.05040000000000028
566,P82010,Atorvastatin_Tab 80mg,0212000B0AAADAD,23,0.048300000000001383
766,P82015,Sertraline HCl_Tab 100mg,0403030Q0AAABAB,23,0.048300000000000266
284,P82624,Paracet_Tab 500mg,0407010H0AAAMAM,8,0.04799999999999971
282,P82004,Paracet_Tab 500mg,0407010H0AAAMAM,8,0.04799999999999971
283,P82004,Paracet_Tab 500mg,0407010H0AAAMAM,8,0.04799999999999971
281,P82624,Paracet_Tab 500mg,0407010H0AAAMAM,8,0.04799999999999971
567,P82007,Atorvastatin_Tab 80mg,0212000B0AAADAD,22,0.04620000000000132
768,P82633,Sertraline HCl_Tab 100mg,0403030Q0AAABAB,10,0.04200000000000023
767,P82022,Sertraline HCl_Tab 100mg,0403030Q0AAABAB,20,0.04200000000000023
538,P82004,Memantine HCl_Tab 20mg,0411000G0AAADAD,8,0.03919999999999996
603,P82629,Lercanidipine HCl_Tab 10mg,0206020L0AAAAAA,8,0.03919999999999957
771,P82012,Sertraline HCl_Tab 100mg,0403030Q0AAABAB,9,0.03780000000000021
770,P82016,Sertraline HCl_Tab 100mg,0403030Q0AAABAB,9,0.03780000000000021
772,Y02790,Sertraline HCl_Tab 100mg,0403030Q0AAABAB,18,0.03780000000000021
773,P82009,Sertraline HCl_Tab 100mg,0403030Q0AAABAB,9,0.03780000000000021
769,P82029,Sertraline HCl_Tab 100mg,0403030Q0AAABAB,9,0.03780000000000021
285,P82022,Paracet_Tab 500mg,0407010H0AAAMAM,6,0.03599999999999978
286,P82022,Paracet_Tab 500mg,0407010H0AAAMAM,6,0.03599999999999978
569,P82660,Atorvastatin_Tab 80mg,0212000B0AAADAD,17,0.03570000000000102
568,P82626,Atorvastatin_Tab 80mg,0212000B0AAADAD,17,0.03570000000000102
540,P82627,Memantine HCl_Tab 20mg,0411000G0AAADAD,7,0.03429999999999996
539,P82607,Memantine HCl_Tab 20mg,0411000G0AAADAD,7,0.03429999999999996
30,P82014,Atorvastatin_Tab 10mg,0212000B0AAAAAA,16,0.033600000000000185
774,P82660,Sertraline HCl_Tab 100mg,0403030Q0AAABAB,8,0.033600000000000185
775,P82007,Sertraline HCl_Tab 100mg,0403030Q0AAABAB,8,0.033600000000000185
776,P82640,Sertraline HCl_Tab 100mg,0403030Q0AAABAB,8,0.033600000000000185
777,Y02319,Sertraline HCl_Tab 100mg,0403030Q0AAABAB,16,0.033600000000000185
288,P82640,Paracet_Tab 500mg,0407010H0AAAMAM,1,0.03240000000000001
287,P82640,Paracet_Tab 500mg,0407010H0AAAMAM,1,0.03240000000000001
778,P82627,Sertraline HCl_Tab 100mg,0403030Q0AAABAB,15,0.031500000000000174
290,P82627,Paracet_Tab 500mg,0407010H0AAAMAM,11,0.030799999999999814
289,P82627,Paracet_Tab 500mg,0407010H0AAAMAM,11,0.030799999999999814
291,P82007,Paracet_Tab 500mg,0407010H0AAAMAM,5,0.02999999999999982
294,P82640,Paracet_Tab 500mg,0407010H0AAAMAM,5,0.02999999999999982
292,P82007,Paracet_Tab 500mg,0407010H0AAAMAM,5,0.02999999999999982
293,P82640,Paracet_Tab 500mg,0407010H0AAAMAM,5,0.02999999999999982
570,P82021,Atorvastatin_Tab 80mg,0212000B0AAADAD,14,0.029400000000000842
779,P82626,Sertraline HCl_Tab 100mg,0403030Q0AAABAB,14,0.029400000000000162
780,Y00186,Sertraline HCl_Tab 100mg,0403030Q0AAABAB,7,0.029400000000000162
782,P82007,Sertraline HCl_Tab 100mg,0403030Q0AAABAB,14,0.029400000000000162
31,P82660,Atorvastatin_Tab 10mg,0212000B0AAAAAA,14,0.029400000000000162
781,P82015,Sertraline HCl_Tab 100mg,0403030Q0AAABAB,7,0.029400000000000162
32,P82010,Atorvastatin_Tab 10mg,0212000B0AAAAAA,13,0.02730000000000015
784,Y03079,Sertraline HCl_Tab 100mg,0403030Q0AAABAB,13,0.02730000000000015
783,P82029,Sertraline HCl_Tab 100mg,0403030Q0AAABAB,13,0.02730000000000015
785,P82025,Sertraline HCl_Tab 100mg,0403030Q0AAABAB,6,0.02520000000000014
786,P82616,Sertraline HCl_Tab 100mg,0403030Q0AAABAB,12,0.02520000000000014
787,Y02319,Sertraline HCl_Tab 100mg,0403030Q0AAABAB,6,0.02520000000000014
103,P82003,Sumatriptan_Tab 50mg,0407041T0AAAFAF,6,0.025199999999997225
296,P82008,Paracet_Tab 500mg,0407010H0AAAMAM,5,0.02499999999999985
295,P82008,Paracet_Tab 500mg,0407010H0AAAMAM,5,0.02499999999999985
541,P82012,Memantine HCl_Tab 20mg,0411000G0AAADAD,5,0.024499999999999973
542,P82014,Memantine HCl_Tab 20mg,0411000G0AAADAD,5,0.024499999999999973
604,P82607,Lercanidipine HCl_Tab 10mg,0206020L0AAAAAA,5,0.02449999999999973
304,P82020,Paracet_Tab 500mg,0407010H0AAAMAM,4,0.023999999999999855
303,Y00186,Paracet_Tab 500mg,0407010H0AAAMAM,4,0.023999999999999855
302,P82020,Paracet_Tab 500mg,0407010H0AAAMAM,4,0.023999999999999855
301,P82030,Paracet_Tab 500mg,0407010H0AAAMAM,4,0.023999999999999855
300,P82030,Paracet_Tab 500mg,0407010H0AAAMAM,4,0.023999999999999855
299,P82020,Paracet_Tab 500mg,0407010H0AAAMAM,2,0.023999999999999855
298,Y00186,Paracet_Tab 500mg,0407010H0AAAMAM,4,0.023999999999999855
297,P82020,Paracet_Tab 500mg,0407010H0AAAMAM,2,0.023999999999999855
571,P82627,Atorvastatin_Tab 80mg,0212000B0AAADAD,11,0.02310000000000066
788,P82012,Sertraline HCl_Tab 100mg,0403030Q0AAABAB,11,0.023100000000000127
33,P82629,Atorvastatin_Tab 10mg,0212000B0AAAAAA,11,0.023100000000000127
789,P82021,Sertraline HCl_Tab 100mg,0403030Q0AAABAB,11,0.023100000000000127
572,P82022,Atorvastatin_Tab 80mg,0212000B0AAADAD,10,0.0210000000000006
791,P82013,Sertraline HCl_Tab 100mg,0403030Q0AAABAB,5,0.021000000000000116
790,P82031,Sertraline HCl_Tab 100mg,0403030Q0AAABAB,5,0.021000000000000116
794,P82034,Sertraline HCl_Tab 100mg,0403030Q0AAABAB,5,0.021000000000000116
792,P82660,Sertraline HCl_Tab 100mg,0403030Q0AAABAB,10,0.021000000000000116
793,P82003,Sertraline HCl_Tab 100mg,0403030Q0AAABAB,5,0.021000000000000116
34,P82011,Atorvastatin_Tab 10mg,0212000B0AAAAAA,10,0.021000000000000116
305,P82022,Paracet_Tab 500mg,0407010H0AAAMAM,5,0.020999999999999873
306,P82022,Paracet_Tab 500mg,0407010H0AAAMAM,5,0.020999999999999873
543,P82022,Memantine HCl_Tab 20mg,0411000G0AAADAD,4,0.01959999999999998
544,P82652,Memantine HCl_Tab 20mg,0411000G0AAADAD,4,0.01959999999999998
545,P82001,Memantine HCl_Tab 20mg,0411000G0AAADAD,4,0.01959999999999998
546,P82010,Memantine HCl_Tab 20mg,0411000G0AAADAD,4,0.01959999999999998
547,P82007,Memantine HCl_Tab 20mg,0411000G0AAADAD,4,0.01959999999999998
548,P82003,Memantine HCl_Tab 20mg,0411000G0AAADAD,4,0.01959999999999998
549,P82037,Memantine HCl_Tab 20mg,0411000G0AAADAD,4,0.01959999999999998
37,P82037,Atorvastatin_Tab 10mg,0212000B0AAAAAA,9,0.018900000000000104
795,P82033,Sertraline HCl_Tab 100mg,0403030Q0AAABAB,9,0.018900000000000104
36,P82640,Atorvastatin_Tab 10mg,0212000B0AAAAAA,9,0.018900000000000104
35,P82609,Atorvastatin_Tab 10mg,0212000B0AAAAAA,9,0.018900000000000104
38,P82021,Atorvastatin_Tab 10mg,0212000B0AAAAAA,9,0.018900000000000104
312,P82607,Paracet_Tab 500mg,0407010H0AAAMAM,3,0.01799999999999989
307,Y02319,Paracet_Tab 500mg,0407010H0AAAMAM,3,0.01799999999999989
308,Y03366,Paracet_Tab 500mg,0407010H0AAAMAM,3,0.01799999999999989
309,P82013,Paracet_Tab 500mg,0407010H0AAAMAM,3,0.01799999999999989
310,P82607,Paracet_Tab 500mg,0407010H0AAAMAM,3,0.01799999999999989
311,Y03366,Paracet_Tab 500mg,0407010H0AAAMAM,3,0.01799999999999989
314,P82013,Paracet_Tab 500mg,0407010H0AAAMAM,3,0.01799999999999989
313,Y02319,Paracet_Tab 500mg,0407010H0AAAMAM,3,0.01799999999999989
573,P82037,Atorvastatin_Tab 80mg,0212000B0AAADAD,4,0.01680000000000048
575,P82004,Atorvastatin_Tab 80mg,0212000B0AAADAD,8,0.01680000000000048
574,P82001,Atorvastatin_Tab 80mg,0212000B0AAADAD,8,0.01680000000000048
799,P82652,Sertraline HCl_Tab 100mg,0403030Q0AAABAB,8,0.016800000000000093
798,P82640,Sertraline HCl_Tab 100mg,0403030Q0AAABAB,8,0.016800000000000093
796,P82624,Sertraline HCl_Tab 100mg,0403030Q0AAABAB,4,0.016800000000000093
797,P82037,Sertraline HCl_Tab 100mg,0403030Q0AAABAB,4,0.016800000000000093
800,P82013,Sertraline HCl_Tab 100mg,0403030Q0AAABAB,8,0.016800000000000093
40,P82627,Atorvastatin_Tab 10mg,0212000B0AAAAAA,8,0.016800000000000093
801,P82011,Sertraline HCl_Tab 100mg,0403030Q0AAABAB,4,0.016800000000000093
39,P82013,Atorvastatin_Tab 10mg,0212000B0AAAAAA,8,0.016800000000000093
315,P82013,Paracet_Tab 500mg,0407010H0AAAMAM,4,0.0167999999999999
320,P82001,Paracet_Tab 500mg,0407010H0AAAMAM,6,0.0167999999999999
316,P82012,Paracet_Tab 500mg,0407010H0AAAMAM,4,0.0167999999999999
318,P82013,Paracet_Tab 500mg,0407010H0AAAMAM,4,0.0167999999999999
319,P82001,Paracet_Tab 500mg,0407010H0AAAMAM,6,0.0167999999999999
317,P82012,Paracet_Tab 500mg,0407010H0AAAMAM,4,0.0167999999999999
321,P82625,Paracet_Tab 500mg,0407010H0AAAMAM,5,0.01499999999999991
322,P82625,Paracet_Tab 500mg,0407010H0AAAMAM,5,0.01499999999999991
576,P82624,Atorvastatin_Tab 80mg,0212000B0AAADAD,7,0.014700000000000421
550,P82008,Memantine HCl_Tab 20mg,0411000G0AAADAD,3,0.014699999999999984
606,P82014,Lercanidipine HCl_Tab 10mg,0206020L0AAAAAA,3,0.014699999999999838
605,P82010,Lercanidipine HCl_Tab 10mg,0206020L0AAAAAA,3,0.014699999999999838
323,P82016,Paracet_Tab 500mg,0407010H0AAAMAM,5,0.013999999999999915
324,P82016,Paracet_Tab 500mg,0407010H0AAAMAM,5,0.013999999999999915
578,P82640,Atorvastatin_Tab 80mg,0212000B0AAADAD,3,0.012600000000000361
577,Y03079,Atorvastatin_Tab 80mg,0212000B0AAADAD,6,0.012600000000000361
804,Y03079,Sertraline HCl_Tab 100mg,0403030Q0AAABAB,3,0.01260000000000007
803,P82629,Sertraline HCl_Tab 100mg,0403030Q0AAABAB,6,0.01260000000000007
802,Y02790,Sertraline HCl_Tab 100mg,0403030Q0AAABAB,3,0.01260000000000007
333,Y02319,Paracet_Tab 500mg,0407010H0AAAMAM,4,0.011999999999999927
328,Y02790,Paracet_Tab 500mg,0407010H0AAAMAM,4,0.011999999999999927
344,P82031,Paracet_Tab 500mg,0407010H0AAAMAM,1,0.011999999999999927
342,P82616,Paracet_Tab 500mg,0407010H0AAAMAM,1,0.011999999999999927
341,P82633,Paracet_Tab 500mg,0407010H0AAAMAM,1,0.011999999999999927
340,P82629,Paracet_Tab 500mg,0407010H0AAAMAM,2,0.011999999999999927
329,P82625,Paracet_Tab 500mg,0407010H0AAAMAM,2,0.011999999999999927
345,P82629,Paracet_Tab 500mg,0407010H0AAAMAM,2,0.011999999999999927
327,P82037,Paracet_Tab 500mg,0407010H0AAAMAM,2,0.011999999999999927
326,P82007,Paracet_Tab 500mg,0407010H0AAAMAM,1,0.011999999999999927
325,Y02319,Paracet_Tab 500mg,0407010H0AAAMAM,4,0.011999999999999927
339,P82012,Paracet_Tab 500mg,0407010H0AAAMAM,2,0.011999999999999927
338,P82633,Paracet_Tab 500mg,0407010H0AAAMAM,1,0.011999999999999927
346,P82012,Paracet_Tab 500mg,0407010H0AAAMAM,2,0.011999999999999927
337,Y02790,Paracet_Tab 500mg,0407010H0AAAMAM,4,0.011999999999999927
336,P82007,Paracet_Tab 500mg,0407010H0AAAMAM,1,0.011999999999999927
343,P82031,Paracet_Tab 500mg,0407010H0AAAMAM,1,0.011999999999999927
334,P82037,Paracet_Tab 500mg,0407010H0AAAMAM,2,0.011999999999999927
332,P82625,Paracet_Tab 500mg,0407010H0AAAMAM,2,0.011999999999999927
331,P82011,Paracet_Tab 500mg,0407010H0AAAMAM,2,0.011999999999999927
330,P82616,Paracet_Tab 500mg,0407010H0AAAMAM,1,0.011999999999999927
335,P82011,Paracet_Tab 500mg,0407010H0AAAMAM,2,0.011999999999999927
350,P82003,Paracet_Tab 500mg,0407010H0AAAMAM,4,0.011199999999999932
352,P82021,Paracet_Tab 500mg,0407010H0AAAMAM,4,0.011199999999999932
351,P82003,Paracet_Tab 500mg,0407010H0AAAMAM,8,0.011199999999999932
347,P82003,Paracet_Tab 500mg,0407010H0AAAMAM,4,0.011199999999999932
349,P82021,Paracet_Tab 500mg,0407010H0AAAMAM,4,0.011199999999999932
348,P82003,Paracet_Tab 500mg,0407010H0AAAMAM,8,0.011199999999999932
581,Y00186,Atorvastatin_Tab 80mg,0212000B0AAADAD,5,0.0105000000000003
579,Y02790,Atorvastatin_Tab 80mg,0212000B0AAADAD,5,0.0105000000000003
580,P82609,Atorvastatin_Tab 80mg,0212000B0AAADAD,5,0.0105000000000003
42,P82613,Atorvastatin_Tab 10mg,0212000B0AAAAAA,5,0.010500000000000058
41,Y03366,Atorvastatin_Tab 10mg,0212000B0AAAAAA,5,0.010500000000000058
43,P82607,Atorvastatin_Tab 10mg,0212000B0AAAAAA,5,0.010500000000000058
805,Y03366,Sertraline HCl_Tab 100mg,0403030Q0AAABAB,5,0.010500000000000058
551,P82011,Memantine HCl_Tab 20mg,0411000G0AAADAD,2,0.00979999999999999
353,P82613,Paracet_Tab 500mg,0407010H0AAAMAM,3,0.008999999999999946
354,P82030,Paracet_Tab 500mg,0407010H0AAAMAM,3,0.008999999999999946
355,P82030,Paracet_Tab 500mg,0407010H0AAAMAM,3,0.008999999999999946
356,P82613,Paracet_Tab 500mg,0407010H0AAAMAM,3,0.008999999999999946
81,P82626,Atorvastatin_Tab 20mg,0212000B0AAABAB,2,0.00880000000000003
588,P82625,Atorvastatin_Tab 80mg,0212000B0AAADAD,4,0.00840000000000024
582,Y03366,Atorvastatin_Tab 80mg,0212000B0AAADAD,4,0.00840000000000024
583,P82009,Atorvastatin_Tab 80mg,0212000B0AAADAD,4,0.00840000000000024
584,P82011,Atorvastatin_Tab 80mg,0212000B0AAADAD,4,0.00840000000000024
585,P82029,Atorvastatin_Tab 80mg,0212000B0AAADAD,4,0.00840000000000024
586,P82003,Atorvastatin_Tab 80mg,0212000B0AAADAD,2,0.00840000000000024
587,P82002,Atorvastatin_Tab 80mg,0212000B0AAADAD,2,0.00840000000000024
590,P82033,Atorvastatin_Tab 80mg,0212000B0AAADAD,4,0.00840000000000024
589,P82029,Atorvastatin_Tab 80mg,0212000B0AAADAD,2,0.00840000000000024
45,P82022,Atorvastatin_Tab 10mg,0212000B0AAAAAA,4,0.008400000000000046
810,P82002,Sertraline HCl_Tab 100mg,0403030Q0AAABAB,2,0.008400000000000046
49,P82008,Atorvastatin_Tab 10mg,0212000B0AAAAAA,4,0.008400000000000046
48,P82634,Atorvastatin_Tab 10mg,0212000B0AAAAAA,4,0.008400000000000046
47,P82008,Atorvastatin_Tab 10mg,0212000B0AAAAAA,2,0.008400000000000046
813,Y00186,Sertraline HCl_Tab 100mg,0403030Q0AAABAB,4,0.008400000000000046
51,P82030,Atorvastatin_Tab 10mg,0212000B0AAAAAA,4,0.008400000000000046
811,P82006,Sertraline HCl_Tab 100mg,0403030Q0AAABAB,4,0.008400000000000046
812,P82018,Sertraline HCl_Tab 100mg,0403030Q0AAABAB,2,0.008400000000000046
809,P82626,Sertraline HCl_Tab 100mg,0403030Q0AAABAB,2,0.008400000000000046
808,P82021,Sertraline HCl_Tab 100mg,0403030Q0AAABAB,2,0.008400000000000046
807,P82018,Sertraline HCl_Tab 100mg,0403030Q0AAABAB,4,0.008400000000000046
46,P82002,Atorvastatin_Tab 10mg,0212000B0AAAAAA,4,0.008400000000000046
44,P82031,Atorvastatin_Tab 10mg,0212000B0AAAAAA,4,0.008400000000000046
806,P82634,Sertraline HCl_Tab 100mg,0403030Q0AAABAB,2,0.008400000000000046
50,P82633,Atorvastatin_Tab 10mg,0212000B0AAAAAA,4,0.008400000000000046
360,P82033,Paracet_Tab 500mg,0407010H0AAAMAM,3,0.00839999999999995
359,P82633,Paracet_Tab 500mg,0407010H0AAAMAM,3,0.00839999999999995
358,P82033,Paracet_Tab 500mg,0407010H0AAAMAM,3,0.00839999999999995
357,P82633,Paracet_Tab 500mg,0407010H0AAAMAM,3,0.00839999999999995
814,P82001,Sertraline HCl_Tab 100mg,0403030Q0AAABAB,2,0.008399999999999658
815,P82008,Sertraline HCl_Tab 100mg,0403030Q0AAABAB,2,0.008399999999999658
361,P82013,Paracet_Tab 500mg,0407010H0AAAMAM,2,0.008000000000000021
362,P82013,Paracet_Tab 500mg,0407010H0AAAMAM,2,0.008000000000000021
53,P82009,Atorvastatin_Tab 10mg,0212000B0AAAAAA,3,0.006300000000000035
816,P82002,Sertraline HCl_Tab 100mg,0403030Q0AAABAB,3,0.006300000000000035
52,P82033,Atorvastatin_Tab 10mg,0212000B0AAAAAA,3,0.006300000000000035
82,P82018,Atorvastatin_Tab 20mg,0212000B0AAABAB,1,0.006000000000000172
14,P82025,Atorvastatin_Tab 40mg,0212000B0AAACAC,1,0.006000000000000172
13,P82014,Atorvastatin_Tab 40mg,0212000B0AAACAC,1,0.006000000000000172
15,P82009,Atorvastatin_Tab 40mg,0212000B0AAACAC,1,0.006000000000000172
12,P82625,Atorvastatin_Tab 40mg,0212000B0AAACAC,1,0.006000000000000172
387,P82014,Paracet_Tab 500mg,0407010H0AAAMAM,1,0.005999999999999964
392,Y02790,Paracet_Tab 500mg,0407010H0AAAMAM,1,0.005999999999999964
391,P82627,Paracet_Tab 500mg,0407010H0AAAMAM,1,0.005999999999999964
390,P82004,Paracet_Tab 500mg,0407010H0AAAMAM,2,0.005999999999999964
389,P82010,Paracet_Tab 500mg,0407010H0AAAMAM,1,0.005999999999999964
388,P82008,Paracet_Tab 500mg,0407010H0AAAMAM,1,0.005999999999999964
374,P82010,Paracet_Tab 500mg,0407010H0AAAMAM,1,0.005999999999999964
386,P82016,Paracet_Tab 500mg,0407010H0AAAMAM,1,0.005999999999999964
376,P82011,Paracet_Tab 500mg,0407010H0AAAMAM,2,0.005999999999999964
372,P82627,Paracet_Tab 500mg,0407010H0AAAMAM,1,0.005999999999999964
371,Y02790,Paracet_Tab 500mg,0407010H0AAAMAM,1,0.005999999999999964
370,P82018,Paracet_Tab 500mg,0407010H0AAAMAM,1,0.005999999999999964
369,P82013,Paracet_Tab 500mg,0407010H0AAAMAM,2,0.005999999999999964
368,P82018,Paracet_Tab 500mg,0407010H0AAAMAM,1,0.005999999999999964
375,P82029,Paracet_Tab 500mg,0407010H0AAAMAM,1,0.005999999999999964
366,P82626,Paracet_Tab 500mg,0407010H0AAAMAM,2,0.005999999999999964
365,P82012,Paracet_Tab 500mg,0407010H0AAAMAM,2,0.005999999999999964
364,P82014,Paracet_Tab 500mg,0407010H0AAAMAM,1,0.005999999999999964
363,P82008,Paracet_Tab 500mg,0407010H0AAAMAM,1,0.005999999999999964
377,P82004,Paracet_Tab 500mg,0407010H0AAAMAM,2,0.005999999999999964
385,P82025,Paracet_Tab 500mg,0407010H0AAAMAM,1,0.005999999999999964
378,P82016,Paracet_Tab 500mg,0407010H0AAAMAM,1,0.005999999999999964
379,P82003,Paracet_Tab 500mg,0407010H0AAAMAM,1,0.005999999999999964
380,P82013,Paracet_Tab 500mg,0407010H0AAAMAM,2,0.005999999999999964
381,P82011,Paracet_Tab 500mg,0407010H0AAAMAM,2,0.005999999999999964
382,P82626,Paracet_Tab 500mg,0407010H0AAAMAM,2,0.005999999999999964
373,P82003,Paracet_Tab 500mg,0407010H0AAAMAM,1,0.005999999999999964
383,P82012,Paracet_Tab 500mg,0407010H0AAAMAM,2,0.005999999999999964
384,P82029,Paracet_Tab 500mg,0407010H0AAAMAM,1,0.005999999999999964
367,P82025,Paracet_Tab 500mg,0407010H0AAAMAM,1,0.005999999999999964
394,Y02790,Paracet_Tab 500mg,0407010H0AAAMAM,1,0.005599999999999994
393,Y02790,Paracet_Tab 500mg,0407010H0AAAMAM,1,0.005599999999999994
396,P82031,Paracet_Tab 500mg,0407010H0AAAMAM,1,0.005599999999999966
397,P82010,Paracet_Tab 500mg,0407010H0AAAMAM,4,0.005599999999999966
395,P82008,Paracet_Tab 500mg,0407010H0AAAMAM,4,0.005599999999999966
398,P82008,Paracet_Tab 500mg,0407010H0AAAMAM,4,0.005599999999999966
399,P82031,Paracet_Tab 500mg,0407010H0AAAMAM,1,0.005599999999999966
400,P82010,Paracet_Tab 500mg,0407010H0AAAMAM,4,0.005599999999999966
607,Y02790,Lercanidipine HCl_Tab 10mg,0206020L0AAAAAA,1,0.005500000000000005
83,P82031,Atorvastatin_Tab 20mg,0212000B0AAABAB,1,0.005000000000000143
552,P82005,Memantine HCl_Tab 20mg,0411000G0AAADAD,1,0.004899999999999995
401,P82015,Paracet_Tab 500mg,0407010H0AAAMAM,1,0.004400000000000001
402,P82015,Paracet_Tab 500mg,0407010H0AAAMAM,1,0.004400000000000001
591,P82011,Atorvastatin_Tab 80mg,0212000B0AAADAD,1,0.00420000000000012
822,P82629,Sertraline HCl_Tab 100mg,0403030Q0AAABAB,1,0.004200000000000023
818,P82627,Sertraline HCl_Tab 100mg,0403030Q0AAABAB,1,0.004200000000000023
819,P82036,Sertraline HCl_Tab 100mg,0403030Q0AAABAB,1,0.004200000000000023
820,P82613,Sertraline HCl_Tab 100mg,0403030Q0AAABAB,1,0.004200000000000023
821,P82001,Sertraline HCl_Tab 100mg,0403030Q0AAABAB,2,0.004200000000000023
54,P82006,Atorvastatin_Tab 10mg,0212000B0AAAAAA,1,0.004200000000000023
56,P82004,Atorvastatin_Tab 10mg,0212000B0AAAAAA,1,0.004200000000000023
55,P82023,Atorvastatin_Tab 10mg,0212000B0AAAAAA,2,0.004200000000000023
817,P82037,Sertraline HCl_Tab 100mg,0403030Q0AAABAB,2,0.004200000000000023
824,P82015,Sertraline HCl_Tab 100mg,0403030Q0AAABAB,1,0.004199999999999829
823,P82652,Sertraline HCl_Tab 100mg,0403030Q0AAABAB,1,0.004199999999999829
827,P82002,Sertraline HCl_Tab 100mg,0403030Q0AAABAB,1,0.004199999999999829
828,P82016,Sertraline HCl_Tab 100mg,0403030Q0AAABAB,1,0.004199999999999829
825,Y03079,Sertraline HCl_Tab 100mg,0403030Q0AAABAB,1,0.004199999999999829
826,Y02319,Sertraline HCl_Tab 100mg,0403030Q0AAABAB,1,0.004199999999999829
84,P82003,Atorvastatin_Tab 20mg,0212000B0AAABAB,1,0.003800000000000109
104,Y04600,Sumatriptan_Tab 50mg,0407041T0AAAFAF,1,0.0033999999999998476
107,P82004,Sumatriptan_Tab 50mg,0407041T0AAAFAF,1,0.0031999999999996476
105,P82002,Sumatriptan_Tab 50mg,0407041T0AAAFAF,1,0.0031999999999996476
106,P82010,Sumatriptan_Tab 50mg,0407041T0AAAFAF,1,0.0031999999999996476
413,P82022,Paracet_Tab 500mg,0407010H0AAAMAM,1,0.002999999999999982
407,Y03079,Paracet_Tab 500mg,0407010H0AAAMAM,1,0.002999999999999982
403,P82007,Paracet_Tab 500mg,0407010H0AAAMAM,1,0.002999999999999982
416,P82018,Paracet_Tab 500mg,0407010H0AAAMAM,1,0.002999999999999982
412,P82007,Paracet_Tab 500mg,0407010H0AAAMAM,1,0.002999999999999982
405,P82624,Paracet_Tab 500mg,0407010H0AAAMAM,1,0.002999999999999982
406,Y00186,Paracet_Tab 500mg,0407010H0AAAMAM,1,0.002999999999999982
404,Y03079,Paracet_Tab 500mg,0407010H0AAAMAM,1,0.002999999999999982
408,P82624,Paracet_Tab 500mg,0407010H0AAAMAM,1,0.002999999999999982
409,P82033,Paracet_Tab 500mg,0407010H0AAAMAM,1,0.002999999999999982
414,P82033,Paracet_Tab 500mg,0407010H0AAAMAM,1,0.002999999999999982
410,P82018,Paracet_Tab 500mg,0407010H0AAAMAM,1,0.002999999999999982
411,P82022,Paracet_Tab 500mg,0407010H0AAAMAM,1,0.002999999999999982
415,Y00186,Paracet_Tab 500mg,0407010H0AAAMAM,1,0.002999999999999982
417,P82011,Paracet_Tab 500mg,0407010H0AAAMAM,1,0.002799999999999983
418,P82031,Paracet_Tab 500mg,0407010H0AAAMAM,1,0.002799999999999983
419,P82011,Paracet_Tab 500mg,0407010H0AAAMAM,1,0.002799999999999983
420,P82031,Paracet_Tab 500mg,0407010H0AAAMAM,1,0.002799999999999983
421,Y04600,Paracet_Tab 500mg,0407010H0AAAMAM,1,0.002799999999999983
422,Y04600,Paracet_Tab 500mg,0407010H0AAAMAM,1,0.002799999999999983
592,P82001,Atorvastatin_Tab 80mg,0212000B0AAADAD,1,0.0024000000000000687
427,P82001,Paracet_Tab 500mg,0407010H0AAAMAM,1,0.002400000000000027
423,P82004,Paracet_Tab 500mg,0407010H0AAAMAM,1,0.002400000000000027
424,P82008,Paracet_Tab 500mg,0407010H0AAAMAM,1,0.002400000000000027
426,P82008,Paracet_Tab 500mg,0407010H0AAAMAM,1,0.002400000000000027
428,P82004,Paracet_Tab 500mg,0407010H0AAAMAM,1,0.002400000000000027
425,P82001,Paracet_Tab 500mg,0407010H0AAAMAM,1,0.002400000000000027
57,P82613,Atorvastatin_Tab 10mg,0212000B0AAAAAA,1,0.0021999999999999867
594,P82634,Atorvastatin_Tab 80mg,0212000B0AAADAD,1,0.00210000000000006
593,P82030,Atorvastatin_Tab 80mg,0212000B0AAADAD,1,0.00210000000000006
830,P82004,Sertraline HCl_Tab 100mg,0403030Q0AAABAB,1,0.0021000000000000116
829,P82034,Sertraline HCl_Tab 100mg,0403030Q0AAABAB,1,0.0021000000000000116
58,P82034,Atorvastatin_Tab 10mg,0212000B0AAAAAA,1,0.0021000000000000116
831,P82607,Sertraline HCl_Tab 100mg,0403030Q0AAABAB,1,0.0021000000000000116
832,P82011,Sertraline HCl_Tab 100mg,0403030Q0AAABAB,1,0.0021000000000000116
833,P82005,Sertraline HCl_Tab 100mg,0403030Q0AAABAB,1,0.0021000000000000116
430,P82007,Paracet_Tab 500mg,0407010H0AAAMAM,1,0.0020999999999999873
429,P82007,Paracet_Tab 500mg,0407010H0AAAMAM,1,0.0020999999999999873
59,P82613,Atorvastatin_Tab 10mg,0212000B0AAAAAA,1,0.001999999999999988
85,P82022,Atorvastatin_Tab 20mg,0212000B0AAABAB,1,0.00180000000000001
553,P82001,Memantine HCl_Tab 20mg,0411000G0AAADAD,2,0.0013999999999999985
554,P82008,Memantine HCl_Tab 20mg,0411000G0AAADAD,1,0.0006999999999999992
176,P82020,Sumatriptan_Tab 50mg,0407041T0AAAFAF,3,0.0
177,P82004,Sumatriptan_Tab 50mg,0407041T0AAAFAF,3,0.0
188,P82021,Sumatriptan_Tab 50mg,0407041T0AAAFAF,11,0.0
187,Y03079,Sumatriptan_Tab 50mg,0407041T0AAAFAF,1,0.0
186,P82022,Sumatriptan_Tab 50mg,0407041T0AAAFAF,1,0.0
185,Y04600,Sumatriptan_Tab 50mg,0407041T0AAAFAF,4,0.0
184,Y04600,Sumatriptan_Tab 50mg,0407041T0AAAFAF,1,0.0
183,P82014,Sumatriptan_Tab 50mg,0407041T0AAAFAF,4,0.0
167,P82613,Sumatriptan_Tab 50mg,0407041T0AAAFAF,6,0.0
182,P82626,Sumatriptan_Tab 50mg,0407041T0AAAFAF,3,0.0
181,P82036,Sumatriptan_Tab 50mg,0407041T0AAAFAF,4,0.0
180,P82011,Sumatriptan_Tab 50mg,0407041T0AAAFAF,5,0.0
179,P82005,Sumatriptan_Tab 50mg,0407041T0AAAFAF,1,0.0
168,P82633,Sumatriptan_Tab 50mg,0407041T0AAAFAF,6,0.0
169,P82001,Sumatriptan_Tab 50mg,0407041T0AAAFAF,2,0.0
178,P82003,Sumatriptan_Tab 50mg,0407041T0AAAFAF,2,0.0
170,P82015,Sumatriptan_Tab 50mg,0407041T0AAAFAF,20,0.0
171,P82010,Sumatriptan_Tab 50mg,0407041T0AAAFAF,12,0.0
172,P82002,Sumatriptan_Tab 50mg,0407041T0AAAFAF,1,0.0
173,P82033,Sumatriptan_Tab 50mg,0407041T0AAAFAF,1,0.0
174,Y05353,Sumatriptan_Tab 50mg,0407041T0AAAFAF,1,0.0
175,P82003,Sumatriptan_Tab 50mg,0407041T0AAAFAF,5,0.0
190,Y02319,Sumatriptan_Tab 50mg,0407041T0AAAFAF,1,0.0
189,P82624,Sumatriptan_Tab 50mg,0407041T0AAAFAF,2,0.0
200,P82030,Sumatriptan_Tab 50mg,0407041T0AAAFAF,5,0.0
191,P82029,Sumatriptan_Tab 50mg,0407041T0AAAFAF,2,0.0
192,P82008,Sumatriptan_Tab 50mg,0407041T0AAAFAF,10,0.0
214,P82624,Sumatriptan_Tab 50mg,0407041T0AAAFAF,3,0.0
213,P82034,Sumatriptan_Tab 50mg,0407041T0AAAFAF,1,0.0
212,Y03079,Sumatriptan_Tab 50mg,0407041T0AAAFAF,2,0.0
211,P82613,Sumatriptan_Tab 50mg,0407041T0AAAFAF,4,0.0
210,P82031,Sumatriptan_Tab 50mg,0407041T0AAAFAF,5,0.0
209,Y02319,Sumatriptan_Tab 50mg,0407041T0AAAFAF,7,0.0
208,P82015,Sumatriptan_Tab 50mg,0407041T0AAAFAF,15,0.0
207,P82004,Sumatriptan_Tab 50mg,0407041T0AAAFAF,10,0.0
206,P82013,Sumatriptan_Tab 50mg,0407041T0AAAFAF,11,0.0
205,P82607,Sumatriptan_Tab 50mg,0407041T0AAAFAF,1,0.0
204,P82015,Sumatriptan_Tab 50mg,0407041T0AAAFAF,1,0.0
203,P82012,Sumatriptan_Tab 50mg,0407041T0AAAFAF,10,0.0
202,P82013,Sumatriptan_Tab 50mg,0407041T0AAAFAF,1,0.0
201,P82629,Sumatriptan_Tab 50mg,0407041T0AAAFAF,1,0.0
165,P82640,Sumatriptan_Tab 50mg,0407041T0AAAFAF,2,0.0
199,P82018,Sumatriptan_Tab 50mg,0407041T0AAAFAF,1,0.0
197,P82006,Sumatriptan_Tab 50mg,0407041T0AAAFAF,5,0.0
196,P82020,Sumatriptan_Tab 50mg,0407041T0AAAFAF,1,0.0
195,P82006,Sumatriptan_Tab 50mg,0407041T0AAAFAF,1,0.0
194,Y03366,Sumatriptan_Tab 50mg,0407041T0AAAFAF,1,0.0
193,P82025,Sumatriptan_Tab 50mg,0407041T0AAAFAF,6,0.0
166,Y02790,Sumatriptan_Tab 50mg,0407041T0AAAFAF,2,0.0
159,P82009,Sumatriptan_Tab 50mg,0407041T0AAAFAF,3,0.0
164,P82633,Sumatriptan_Tab 50mg,0407041T0AAAFAF,1,0.0
121,P82012,Sumatriptan_Tab 50mg,0407041T0AAAFAF,3,0.0
133,Y03079,Sumatriptan_Tab 50mg,0407041T0AAAFAF,5,0.0
132,P82643,Sumatriptan_Tab 50mg,0407041T0AAAFAF,3,0.0
131,P82002,Sumatriptan_Tab 50mg,0407041T0AAAFAF,5,0.0
130,P82010,Sumatriptan_Tab 50mg,0407041T0AAAFAF,4,0.0
129,P82002,Sumatriptan_Tab 50mg,0407041T0AAAFAF,1,0.0
128,P82016,Sumatriptan_Tab 50mg,0407041T0AAAFAF,1,0.0
127,P82018,Sumatriptan_Tab 50mg,0407041T0AAAFAF,1,0.0
126,Y05353,Sumatriptan_Tab 50mg,0407041T0AAAFAF,4,0.0
125,P82640,Sumatriptan_Tab 50mg,0407041T0AAAFAF,5,0.0
124,P82012,Sumatriptan_Tab 50mg,0407041T0AAAFAF,1,0.0
123,P82015,Sumatriptan_Tab 50mg,0407041T0AAAFAF,1,0.0
122,Y03366,Sumatriptan_Tab 50mg,0407041T0AAAFAF,1,0.0
120,P82036,Sumatriptan_Tab 50mg,0407041T0AAAFAF,2,0.0
163,P82008,Sumatriptan_Tab 50mg,0407041T0AAAFAF,1,0.0
119,P82003,Sumatriptan_Tab 50mg,0407041T0AAAFAF,8,0.0
118,P82021,Sumatriptan_Tab 50mg,0407041T0AAAFAF,4,0.0
117,P82034,Sumatriptan_Tab 50mg,0407041T0AAAFAF,1,0.0
116,P82616,Sumatriptan_Tab 50mg,0407041T0AAAFAF,2,0.0
115,P82007,Sumatriptan_Tab 50mg,0407041T0AAAFAF,11,0.0
114,P82005,Sumatriptan_Tab 50mg,0407041T0AAAFAF,2,0.0
113,P82009,Sumatriptan_Tab 50mg,0407041T0AAAFAF,3,0.0
112,P82030,Sumatriptan_Tab 50mg,0407041T0AAAFAF,2,0.0
111,P82037,Sumatriptan_Tab 50mg,0407041T0AAAFAF,3,0.0
110,P82023,Sumatriptan_Tab 50mg,0407041T0AAAFAF,2,0.0
109,P82016,Sumatriptan_Tab 50mg,0407041T0AAAFAF,3,0.0
108,P82031,Sumatriptan_Tab 50mg,0407041T0AAAFAF,13,0.0
134,P82634,Sumatriptan_Tab 50mg,0407041T0AAAFAF,2,0.0
135,Y03079,Sumatriptan_Tab 50mg,0407041T0AAAFAF,3,0.0
136,P82007,Sumatriptan_Tab 50mg,0407041T0AAAFAF,1,0.0
137,P82607,Sumatriptan_Tab 50mg,0407041T0AAAFAF,1,0.0
162,P82006,Sumatriptan_Tab 50mg,0407041T0AAAFAF,6,0.0
161,Y02790,Sumatriptan_Tab 50mg,0407041T0AAAFAF,5,0.0
160,P82634,Sumatriptan_Tab 50mg,0407041T0AAAFAF,2,0.0
216,P82018,Sumatriptan_Tab 50mg,0407041T0AAAFAF,7,0.0
158,P82023,Sumatriptan_Tab 50mg,0407041T0AAAFAF,4,0.0
157,P82034,Sumatriptan_Tab 50mg,0407041T0AAAFAF,2,0.0
156,P82629,Sumatriptan_Tab 50mg,0407041T0AAAFAF,1,0.0
155,P82011,Sumatriptan_Tab 50mg,0407041T0AAAFAF,2,0.0
154,P82001,Sumatriptan_Tab 50mg,0407041T0AAAFAF,9,0.0
153,P82629,Sumatriptan_Tab 50mg,0407041T0AAAFAF,1,0.0
152,Y03366,Sumatriptan_Tab 50mg,0407041T0AAAFAF,2,0.0
151,P82016,Sumatriptan_Tab 50mg,0407041T0AAAFAF,9,0.0
150,P82008,Sumatriptan_Tab 50mg,0407041T0AAAFAF,3,0.0
149,P82014,Sumatriptan_Tab 50mg,0407041T0AAAFAF,7,0.0
148,P82626,Sumatriptan_Tab 50mg,0407041T0AAAFAF,3,0.0
147,P82008,Sumatriptan_Tab 50mg,0407041T0AAAFAF,5,0.0
146,P82660,Sumatriptan_Tab 50mg,0407041T0AAAFAF,1,0.0
145,P82643,Sumatriptan_Tab 50mg,0407041T0AAAFAF,6,0.0
144,P82023,Sumatriptan_Tab 50mg,0407041T0AAAFAF,3,0.0
143,P82037,Sumatriptan_Tab 50mg,0407041T0AAAFAF,4,0.0
142,P82007,Sumatriptan_Tab 50mg,0407041T0AAAFAF,8,0.0
141,P82607,Sumatriptan_Tab 50mg,0407041T0AAAFAF,7,0.0
140,P82652,Sumatriptan_Tab 50mg,0407041T0AAAFAF,4,0.0
139,P82002,Sumatriptan_Tab 50mg,0407041T0AAAFAF,3,0.0
138,P82007,Sumatriptan_Tab 50mg,0407041T0AAAFAF,1,0.0
215,P82029,Sumatriptan_Tab 50mg,0407041T0AAAFAF,3,0.0
198,P82627,Sumatriptan_Tab 50mg,0407041T0AAAFAF,1,0.0
217,P82005,Sumatriptan_Tab 50mg,0407041T0AAAFAF,4,0.0
218,P82627,Sumatriptan_Tab 50mg,0407041T0AAAFAF,6,0.0
835,Y04600,Sertraline HCl_Tab 100mg,0403030Q0AAABAB,1,-0.0007999999999999952
834,P82014,Sertraline HCl_Tab 100mg,0403030Q0AAABAB,1,-0.0007999999999999952
60,Y04600,Atorvastatin_Tab 10mg,0212000B0AAAAAA,1,-0.0007999999999999952
836,P82008,Sertraline HCl_Tab 100mg,0403030Q0AAABAB,1,-0.0015999999999999903
431,P82030,Paracet_Tab 500mg,0407010H0AAAMAM,1,-0.001999999999999988
432,P82030,Paracet_Tab 500mg,0407010H0AAAMAM,1,-0.001999999999999988
61,P82011,Atorvastatin_Tab 10mg,0212000B0AAAAAA,1,-0.0023999999999999855
220,P82015,Sumatriptan_Tab 50mg,0407041T0AAAFAF,1,-0.0027999999999996916
219,P82025,Sumatriptan_Tab 50mg,0407041T0AAAFAF,1,-0.0027999999999996916
88,P82627,Atorvastatin_Tab 20mg,0212000B0AAABAB,1,-0.0029999999999998778
89,P82016,Atorvastatin_Tab 20mg,0212000B0AAABAB,1,-0.0029999999999998778
86,P82607,Atorvastatin_Tab 20mg,0212000B0AAABAB,1,-0.0029999999999998778
87,P82007,Atorvastatin_Tab 20mg,0212000B0AAABAB,1,-0.0029999999999998778
16,P82003,Atorvastatin_Tab 40mg,0212000B0AAACAC,1,-0.0029999999999998778
17,P82023,Atorvastatin_Tab 40mg,0212000B0AAACAC,1,-0.0029999999999998778
62,P82004,Atorvastatin_Tab 10mg,0212000B0AAAAAA,1,-0.002999999999999982
837,P82012,Sertraline HCl_Tab 100mg,0403030Q0AAABAB,1,-0.003000000000000086
841,P82009,Sertraline HCl_Tab 100mg,0403030Q0AAABAB,1,-0.003000000000000086
840,P82020,Sertraline HCl_Tab 100mg,0403030Q0AAABAB,1,-0.003000000000000086
839,P82016,Sertraline HCl_Tab 100mg,0403030Q0AAABAB,1,-0.003000000000000086
838,Y05353,Sertraline HCl_Tab 100mg,0403030Q0AAABAB,1,-0.003000000000000086
842,Y02790,Sertraline HCl_Tab 100mg,0403030Q0AAABAB,1,-0.003000000000000086
221,P82008,Sumatriptan_Tab 50mg,0407041T0AAAFAF,1,-0.0032000000000000917
433,P82022,Paracet_Tab 500mg,0407010H0AAAMAM,1,-0.003999999999999976
434,P82022,Paracet_Tab 500mg,0407010H0AAAMAM,1,-0.003999999999999976
18,P82021,Atorvastatin_Tab 40mg,0212000B0AAACAC,1,-0.004000000000000045
843,P82015,Sertraline HCl_Tab 100mg,0403030Q0AAABAB,1,-0.004199999999999975
844,P82001,Sertraline HCl_Tab 100mg,0403030Q0AAABAB,1,-0.004199999999999975
63,P82004,Atorvastatin_Tab 10mg,0212000B0AAAAAA,1,-0.004199999999999975
436,Y04600,Paracet_Tab 500mg,0407010H0AAAMAM,1,-0.004799999999999999
435,Y04600,Paracet_Tab 500mg,0407010H0AAAMAM,1,-0.004799999999999999
595,P82011,Atorvastatin_Tab 80mg,0212000B0AAADAD,1,-0.005000000000000143
223,P82003,Sumatriptan_Tab 50mg,0407041T0AAAFAF,2,-0.005599999999999383
222,Y03079,Sumatriptan_Tab 50mg,0407041T0AAAFAF,2,-0.005599999999999383
443,P82020,Paracet_Tab 500mg,0407010H0AAAMAM,1,-0.005599999999999966
441,P82020,Paracet_Tab 500mg,0407010H0AAAMAM,1,-0.005599999999999966
440,Y00186,Paracet_Tab 500mg,0407010H0AAAMAM,1,-0.005599999999999966
439,P82613,Paracet_Tab 500mg,0407010H0AAAMAM,1,-0.005599999999999966
444,P82006,Paracet_Tab 500mg,0407010H0AAAMAM,1,-0.005599999999999966
437,P82006,Paracet_Tab 500mg,0407010H0AAAMAM,1,-0.005599999999999966
442,P82613,Paracet_Tab 500mg,0407010H0AAAMAM,1,-0.005599999999999966
438,Y00186,Paracet_Tab 500mg,0407010H0AAAMAM,1,-0.005599999999999966
224,P82003,Sumatriptan_Tab 50mg,0407041T0AAAFAF,2,-0.0056000000000009376
92,P82036,Atorvastatin_Tab 20mg,0212000B0AAABAB,2,-0.0059999999999997555
91,P82003,Atorvastatin_Tab 20mg,0212000B0AAABAB,2,-0.0059999999999997555
90,P82029,Atorvastatin_Tab 20mg,0212000B0AAABAB,2,-0.0059999999999997555
65,P82021,Atorvastatin_Tab 10mg,0212000B0AAAAAA,1,-0.005999999999999964
64,P82018,Atorvastatin_Tab 10mg,0212000B0AAAAAA,1,-0.005999999999999964
847,P82016,Sertraline HCl_Tab 100mg,0403030Q0AAABAB,1,-0.006000000000000172
846,Y02790,Sertraline HCl_Tab 100mg,0403030Q0AAABAB,1,-0.006000000000000172
845,P82008,Sertraline HCl_Tab 100mg,0403030Q0AAABAB,2,-0.006000000000000172
226,P82001,Sumatriptan_Tab 50mg,0407041T0AAAFAF,2,-0.00600000000000156
225,P82014,Sumatriptan_Tab 50mg,0407041T0AAAFAF,2,-0.00600000000000156
446,P82613,Paracet_Tab 500mg,0407010H0AAAMAM,1,-0.007399999999999955
445,P82613,Paracet_Tab 500mg,0407010H0AAAMAM,1,-0.007399999999999955
93,P82660,Atorvastatin_Tab 20mg,0212000B0AAABAB,3,-0.00839999999999995
849,P82609,Sertraline HCl_Tab 100mg,0403030Q0AAABAB,3,-0.00839999999999995
848,P82031,Sertraline HCl_Tab 100mg,0403030Q0AAABAB,2,-0.00839999999999995
94,P82626,Atorvastatin_Tab 20mg,0212000B0AAABAB,3,-0.008999999999999633
66,P82012,Atorvastatin_Tab 10mg,0212000B0AAAAAA,1,-0.008999999999999946
67,P82036,Atorvastatin_Tab 10mg,0212000B0AAAAAA,1,-0.009399999999999943
447,P82609,Paracet_Tab 500mg,0407010H0AAAMAM,3,-0.009599999999999942
448,P82609,Paracet_Tab 500mg,0407010H0AAAMAM,3,-0.009599999999999942
850,P82018,Sertraline HCl_Tab 100mg,0403030Q0AAABAB,2,-0.012000000000000344
851,P82023,Sertraline HCl_Tab 100mg,0403030Q0AAABAB,1,-0.01220000000000035
95,P82626,Atorvastatin_Tab 20mg,0212000B0AAABAB,3,-0.012599999999999986
852,P82014,Sertraline HCl_Tab 100mg,0403030Q0AAABAB,9,-0.014399999999999913
96,Y02790,Atorvastatin_Tab 20mg,0212000B0AAABAB,5,-0.014999999999999389
450,P82012,Paracet_Tab 500mg,0407010H0AAAMAM,3,-0.0167999999999999
449,P82012,Paracet_Tab 500mg,0407010H0AAAMAM,3,-0.0167999999999999
456,P82624,Paracet_Tab 500mg,0407010H0AAAMAM,4,-0.022399999999999864
455,P82005,Paracet_Tab 500mg,0407010H0AAAMAM,4,-0.022399999999999864
453,P82626,Paracet_Tab 500mg,0407010H0AAAMAM,4,-0.022399999999999864
452,P82005,Paracet_Tab 500mg,0407010H0AAAMAM,4,-0.022399999999999864
451,P82626,Paracet_Tab 500mg,0407010H0AAAMAM,4,-0.022399999999999864
454,P82624,Paracet_Tab 500mg,0407010H0AAAMAM,4,-0.022399999999999864
458,P82029,Paracet_Tab 500mg,0407010H0AAAMAM,5,-0.02799999999999983
457,P82029,Paracet_Tab 500mg,0407010H0AAAMAM,5,-0.02799999999999983
19,P82609,Atorvastatin_Tab 40mg,0212000B0AAACAC,6,-0.03359999999999863
459,P82002,Paracet_Tab 500mg,0407010H0AAAMAM,6,-0.0335999999999998
460,P82002,Paracet_Tab 500mg,0407010H0AAAMAM,6,-0.0335999999999998
97,Y03366,Atorvastatin_Tab 20mg,0212000B0AAABAB,7,-0.0391999999999984
462,P82013,Paracet_Tab 500mg,0407010H0AAAMAM,7,-0.03919999999999976
461,P82013,Paracet_Tab 500mg,0407010H0AAAMAM,7,-0.03919999999999976
464,P82609,Paracet_Tab 500mg,0407010H0AAAMAM,8,-0.04479999999999973
463,P82609,Paracet_Tab 500mg,0407010H0AAAMAM,8,-0.04479999999999973
98,P82609,Atorvastatin_Tab 20mg,0212000B0AAABAB,2,-0.050399999999999695
853,P82640,Sertraline HCl_Tab 100mg,0403030Q0AAABAB,3,-0.05040000000000028
466,P82633,Paracet_Tab 500mg,0407010H0AAAMAM,10,-0.05599999999999966
465,P82633,Paracet_Tab 500mg,0407010H0AAAMAM,10,-0.05599999999999966
470,Y02319,Paracet_Tab 500mg,0407010H0AAAMAM,11,-0.06159999999999963
469,Y02319,Paracet_Tab 500mg,0407010H0AAAMAM,11,-0.06159999999999963
468,P82640,Paracet_Tab 500mg,0407010H0AAAMAM,11,-0.06159999999999963
467,P82640,Paracet_Tab 500mg,0407010H0AAAMAM,11,-0.06159999999999963
854,P82609,Sertraline HCl_Tab 100mg,0403030Q0AAABAB,6,-0.0671999999999996
471,P82011,Paracet_Tab 500mg,0407010H0AAAMAM,14,-0.07839999999999953
472,P82011,Paracet_Tab 500mg,0407010H0AAAMAM,14,-0.07839999999999953
596,P82020,Atorvastatin_Tab 80mg,0212000B0AAADAD,15,-0.0840000000000024
473,P82003,Paracet_Tab 500mg,0407010H0AAAMAM,21,-0.11759999999999929
474,P82003,Paracet_Tab 500mg,0407010H0AAAMAM,21,-0.11759999999999929
227,P82609,Sumatriptan_Tab 50mg,0407041T0AAAFAF,7,-0.1386000000000034
228,P82609,Sumatriptan_Tab 50mg,0407041T0AAAFAF,1,-0.1500000000000008
475,P82627,Paracet_Tab 500mg,0407010H0AAAMAM,27,-0.15119999999999909
476,P82627,Paracet_Tab 500mg,0407010H0AAAMAM,27,-0.15119999999999909
477,P82010,Paracet_Tab 500mg,0407010H0AAAMAM,28,-0.15679999999999905
478,P82010,Paracet_Tab 500mg,0407010H0AAAMAM,28,-0.15679999999999905
479,P82014,Paracet_Tab 500mg,0407010H0AAAMAM,30,-0.16799999999999898
480,P82014,Paracet_Tab 500mg,0407010H0AAAMAM,30,-0.16799999999999898
482,P82015,Paracet_Tab 500mg,0407010H0AAAMAM,35,-0.19599999999999881
481,P82015,Paracet_Tab 500mg,0407010H0AAAMAM,35,-0.19599999999999881
484,P82008,Paracet_Tab 500mg,0407010H0AAAMAM,36,-0.20159999999999878
483,P82008,Paracet_Tab 500mg,0407010H0AAAMAM,36,-0.20159999999999878
608,P82609,Lercanidipine HCl_Tab 10mg,0206020L0AAAAAA,1,-0.20159999999999995
485,P82037,Paracet_Tab 500mg,0407010H0AAAMAM,7,-0.23519999999999994
486,P82037,Paracet_Tab 500mg,0407010H0AAAMAM,7,-0.23519999999999994
487,P82004,Paracet_Tab 500mg,0407010H0AAAMAM,4,-0.256
488,P82004,Paracet_Tab 500mg,0407010H0AAAMAM,4,-0.256
490,P82002,Paracet_Tab 500mg,0407010H0AAAMAM,5,-0.3249999999999998
489,P82002,Paracet_Tab 500mg,0407010H0AAAMAM,5,-0.3249999999999998
492,Y04600,Paracet_Tab 500mg,0407010H0AAAMAM,2,-0.35839999999999994
491,Y04600,Paracet_Tab 500mg,0407010H0AAAMAM,2,-0.35839999999999994
493,P82609,Paracet_Tab 500mg,0407010H0AAAMAM,18,-0.3599999999999978
494,P82609,Paracet_Tab 500mg,0407010H0AAAMAM,18,-0.3599999999999978
496,P82002,Paracet_Tab 500mg,0407010H0AAAMAM,2,-0.38399999999999995
495,P82002,Paracet_Tab 500mg,0407010H0AAAMAM,2,-0.38399999999999995
498,P82607,Paracet_Tab 500mg,0407010H0AAAMAM,58,-0.5799999999999965
497,P82607,Paracet_Tab 500mg,0407010H0AAAMAM,58,-0.5799999999999965
499,P82009,Paracet_Tab 500mg,0407010H0AAAMAM,70,-0.6999999999999957
500,P82009,Paracet_Tab 500mg,0407010H0AAAMAM,70,-0.6999999999999957
502,P82030,Paracet_Tab 500mg,0407010H0AAAMAM,18,-0.7199999999999988
501,P82030,Paracet_Tab 500mg,0407010H0AAAMAM,18,-0.7199999999999988
503,P82626,Paracet_Tab 500mg,0407010H0AAAMAM,82,-0.8199999999999951
504,P82626,Paracet_Tab 500mg,0407010H0AAAMAM,82,-0.8199999999999951
505,P82009,Paracet_Tab 500mg,0407010H0AAAMAM,37,-0.828799999999995
506,P82009,Paracet_Tab 500mg,0407010H0AAAMAM,37,-0.828799999999995
507,P82643,Paracet_Tab 500mg,0407010H0AAAMAM,42,-0.839999999999995
508,P82643,Paracet_Tab 500mg,0407010H0AAAMAM,42,-0.839999999999995
509,P82643,Paracet_Tab 500mg,0407010H0AAAMAM,13,-0.8735999999999997
510,P82643,Paracet_Tab 500mg,0407010H0AAAMAM,13,-0.8735999999999997
511,P82025,Paracet_Tab 500mg,0407010H0AAAMAM,45,-0.8999999999999946
512,P82025,Paracet_Tab 500mg,0407010H0AAAMAM,45,-0.8999999999999946
513,P82008,Paracet_Tab 500mg,0407010H0AAAMAM,1,-1.024
514,P82008,Paracet_Tab 500mg,0407010H0AAAMAM,1,-1.024
515,P82004,Paracet_Tab 500mg,0407010H0AAAMAM,21,-1.2599999999999996
516,P82004,Paracet_Tab 500mg,0407010H0AAAMAM,21,-1.2599999999999996
517,P82012,Paracet_Tab 500mg,0407010H0AAAMAM,141,-1.4099999999999915
518,P82012,Paracet_Tab 500mg,0407010H0AAAMAM,141,-1.4099999999999915
519,P82629,Paracet_Tab 500mg,0407010H0AAAMAM,1,-1.4335999999999998
520,P82629,Paracet_Tab 500mg,0407010H0AAAMAM,1,-1.4335999999999998
521,P82004,Paracet_Tab 500mg,0407010H0AAAMAM,33,-1.478399999999991
522,P82004,Paracet_Tab 500mg,0407010H0AAAMAM,33,-1.478399999999991
523,P82011,Paracet_Tab 500mg,0407010H0AAAMAM,81,-1.6199999999999901
524,P82011,Paracet_Tab 500mg,0407010H0AAAMAM,81,-1.6199999999999901
525,P82003,Paracet_Tab 500mg,0407010H0AAAMAM,83,-1.65999999999999
526,P82003,Paracet_Tab 500mg,0407010H0AAAMAM,83,-1.65999999999999
527,P82629,Paracet_Tab 500mg,0407010H0AAAMAM,6,-2.1168
528,P82629,Paracet_Tab 500mg,0407010H0AAAMAM,6,-2.1168
529,P82629,Paracet_Tab 500mg,0407010H0AAAMAM,10,-8.2
530,P82629,Paracet_Tab 500mg,0407010H0AAAMAM,10,-8.2
531,P82629,Paracet_Tab 500mg,0407010H0AAAMAM,34,-10.879999999999999
532,P82629,Paracet_Tab 500mg,0407010H0AAAMAM,34,-10.879999999999999
