,practice_code,bnf_description,bnf_code,items,excess_cost
130,F82030,Mesalazine_Tab E/C 400mg,0105010B0AAAAAA,3,95.86079999999998
131,F82649,Mesalazine_Tab E/C 400mg,0105010B0AAAAAA,1,71.87039999999999
139,F82009,Colecal_Cap 400u,0906040G0AABIBI,1,71.4196
143,F82674,Phenytoin_Sod Tab 100mg,0408010Q0AAAGAG,4,59.69879999999999
147,F82006,Risperidone_Tab 6mg,040201030AAAFAF,1,29.2096
146,F82663,Risperidone_Tab 6mg,040201030AAAFAF,1,29.2096
132,F82639,Mesalazine_Tab E/C 400mg,0105010B0AAAAAA,1,23.956799999999998
133,F82008,Mesalazine_Tab E/C 400mg,0105010B0AAAAAA,1,23.956799999999998
134,F82627,Mesalazine_Tab E/C 400mg,0105010B0AAAAAA,1,23.956799999999998
148,F82045,Pyridox HCl_Tab 50mg,0906024N0AAAIAI,6,8.618400000000001
135,F82055,Mesalazine_Tab E/C 400mg,0105010B0AAAAAA,1,7.985599999999999
179,F82028,Topiramate_Tab 200mg,040801050AAACAC,12,6.921600000000002
0,F82630,Clonazepam_Tab 500mcg,0408010F0AAABAB,1,5.695199999999988
181,F82053,Topiramate_Tab 200mg,040801050AAACAC,1,4.979999999999998
180,F82609,Topiramate_Tab 200mg,040801050AAACAC,1,4.979999999999998
182,F82006,Topiramate_Tab 200mg,040801050AAACAC,1,4.647999999999998
149,F82011,Pyridox HCl_Tab 50mg,0906024N0AAAIAI,3,4.309200000000001
1,F82009,Clonazepam_Tab 500mcg,0408010F0AAABAB,2,3.796799999999992
2,F82013,Clonazepam_Tab 500mcg,0408010F0AAABAB,2,3.796799999999992
187,F82009,Amiodarone HCl_Tab 200mg,0203020D0AAABAB,5,3.500000000000003
183,F82033,Topiramate_Tab 200mg,040801050AAACAC,1,3.4859999999999984
3,F82630,Clonazepam_Tab 500mcg,0408010F0AAABAB,5,3.1639999999999935
4,F82009,Clonazepam_Tab 500mcg,0408010F0AAABAB,10,3.1639999999999935
151,F82609,Pyridox HCl_Tab 50mg,0906024N0AAAIAI,1,2.8728000000000007
150,F82675,Pyridox HCl_Tab 50mg,0906024N0AAAIAI,1,2.8728000000000007
6,F82022,Clonazepam_Tab 500mcg,0408010F0AAABAB,1,2.847599999999994
5,F82011,Clonazepam_Tab 500mcg,0408010F0AAABAB,3,2.847599999999994
188,F82009,Amiodarone HCl_Tab 200mg,0203020D0AAABAB,2,2.8000000000000025
7,F82022,Clonazepam_Tab 500mcg,0408010F0AAABAB,4,2.7119999999999944
9,F82008,Clonazepam_Tab 500mcg,0408010F0AAABAB,1,2.531199999999995
8,F82002,Clonazepam_Tab 500mcg,0408010F0AAABAB,8,2.531199999999995
184,F82607,Topiramate_Tab 200mg,040801050AAACAC,1,2.489999999999999
185,F82023,Topiramate_Tab 200mg,040801050AAACAC,1,2.489999999999999
186,F82009,Topiramate_Tab 200mg,040801050AAACAC,1,2.3183999999999996
11,F82006,Clonazepam_Tab 500mcg,0408010F0AAABAB,1,2.2599999999999953
10,F82021,Clonazepam_Tab 500mcg,0408010F0AAABAB,2,2.2599999999999953
12,F82023,Clonazepam_Tab 500mcg,0408010F0AAABAB,2,2.2599999999999953
13,F82016,Clonazepam_Tab 500mcg,0408010F0AAABAB,2,2.2599999999999953
14,F82006,Clonazepam_Tab 500mcg,0408010F0AAABAB,7,2.2147999999999954
15,F82013,Clonazepam_Tab 500mcg,0408010F0AAABAB,3,2.033999999999996
156,F82022,Pyridox HCl_Tab 50mg,0906024N0AAAIAI,1,1.9152000000000005
153,F82013,Pyridox HCl_Tab 50mg,0906024N0AAAIAI,2,1.9152000000000005
154,F82019,Pyridox HCl_Tab 50mg,0906024N0AAAIAI,2,1.9152000000000005
152,F82014,Pyridox HCl_Tab 50mg,0906024N0AAAIAI,2,1.9152000000000005
155,F82009,Pyridox HCl_Tab 50mg,0906024N0AAAIAI,2,1.9152000000000005
17,F82055,Clonazepam_Tab 500mcg,0408010F0AAABAB,6,1.898399999999996
16,F82666,Clonazepam_Tab 500mcg,0408010F0AAABAB,3,1.898399999999996
18,F82053,Clonazepam_Tab 500mcg,0408010F0AAABAB,1,1.898399999999996
23,F82008,Clonazepam_Tab 500mcg,0408010F0AAABAB,2,1.898399999999996
22,F82006,Clonazepam_Tab 500mcg,0408010F0AAABAB,3,1.898399999999996
21,F82007,Clonazepam_Tab 500mcg,0408010F0AAABAB,1,1.898399999999996
20,F82030,Clonazepam_Tab 500mcg,0408010F0AAABAB,3,1.898399999999996
19,F82011,Clonazepam_Tab 500mcg,0408010F0AAABAB,6,1.898399999999996
157,F82671,Pyridox HCl_Tab 50mg,0906024N0AAAIAI,1,1.7100000000000004
25,F82011,Clonazepam_Tab 500mcg,0408010F0AAABAB,1,1.5819999999999967
24,F82011,Clonazepam_Tab 500mcg,0408010F0AAABAB,4,1.5819999999999967
158,F82008,Pyridox HCl_Tab 50mg,0906024N0AAAIAI,1,1.4364000000000003
159,F82663,Pyridox HCl_Tab 50mg,0906024N0AAAIAI,1,1.4364000000000003
160,F82009,Pyridox HCl_Tab 50mg,0906024N0AAAIAI,1,1.4364000000000003
189,F82031,Amiodarone HCl_Tab 200mg,0203020D0AAABAB,2,1.4000000000000012
190,F82021,Amiodarone HCl_Tab 200mg,0203020D0AAABAB,4,1.4000000000000012
28,F82607,Clonazepam_Tab 500mcg,0408010F0AAABAB,2,1.3559999999999972
26,F82055,Clonazepam_Tab 500mcg,0408010F0AAABAB,1,1.3559999999999972
27,F82023,Clonazepam_Tab 500mcg,0408010F0AAABAB,2,1.3559999999999972
29,F82008,Clonazepam_Tab 500mcg,0408010F0AAABAB,1,1.3559999999999972
44,F82649,Clonazepam_Tab 500mcg,0408010F0AAABAB,4,1.2655999999999974
40,F82007,Clonazepam_Tab 500mcg,0408010F0AAABAB,2,1.2655999999999974
35,F82671,Clonazepam_Tab 500mcg,0408010F0AAABAB,2,1.2655999999999974
30,F82013,Clonazepam_Tab 500mcg,0408010F0AAABAB,8,1.2655999999999974
31,F82009,Clonazepam_Tab 500mcg,0408010F0AAABAB,1,1.2655999999999974
32,F82624,Clonazepam_Tab 500mcg,0408010F0AAABAB,1,1.2655999999999974
46,F82011,Clonazepam_Tab 500mcg,0408010F0AAABAB,2,1.2655999999999974
45,F82666,Clonazepam_Tab 500mcg,0408010F0AAABAB,1,1.2655999999999974
43,F82021,Clonazepam_Tab 500mcg,0408010F0AAABAB,2,1.2655999999999974
42,F82008,Clonazepam_Tab 500mcg,0408010F0AAABAB,4,1.2655999999999974
41,F82008,Clonazepam_Tab 500mcg,0408010F0AAABAB,2,1.2655999999999974
33,F82666,Clonazepam_Tab 500mcg,0408010F0AAABAB,16,1.2655999999999974
34,F82630,Clonazepam_Tab 500mcg,0408010F0AAABAB,1,1.2655999999999974
39,F82013,Clonazepam_Tab 500mcg,0408010F0AAABAB,1,1.2655999999999974
38,F82030,Clonazepam_Tab 500mcg,0408010F0AAABAB,4,1.2655999999999974
37,F82009,Clonazepam_Tab 500mcg,0408010F0AAABAB,8,1.2655999999999974
36,F82022,Clonazepam_Tab 500mcg,0408010F0AAABAB,2,1.2655999999999974
225,F82023,Diltiazem HCl_Tab 60mg M/R,0206020C0AAAAAA,3,1.2150000000000012
50,F82028,Clonazepam_Tab 500mcg,0408010F0AAABAB,1,1.1299999999999977
47,F82648,Clonazepam_Tab 500mcg,0408010F0AAABAB,1,1.1299999999999977
48,F82019,Clonazepam_Tab 500mcg,0408010F0AAABAB,1,1.1299999999999977
49,F82002,Clonazepam_Tab 500mcg,0408010F0AAABAB,1,1.1299999999999977
51,F82008,Clonazepam_Tab 500mcg,0408010F0AAABAB,1,1.1299999999999977
191,F82028,Amiodarone HCl_Tab 200mg,0203020D0AAABAB,1,1.1250000000000009
226,F82022,Diltiazem HCl_Tab 60mg M/R,0206020C0AAAAAA,3,1.1088000000000038
193,F82010,Amiodarone HCl_Tab 200mg,0203020D0AAABAB,1,1.050000000000001
192,F82013,Amiodarone HCl_Tab 200mg,0203020D0AAABAB,1,1.050000000000001
52,F82028,Clonazepam_Tab 500mcg,0408010F0AAABAB,13,1.028299999999998
53,F82011,Clonazepam_Tab 500mcg,0408010F0AAABAB,1,1.016999999999998
227,F82031,Diltiazem HCl_Tab 60mg M/R,0206020C0AAAAAA,1,0.9856000000000034
228,F82016,Diltiazem HCl_Tab 60mg M/R,0206020C0AAAAAA,4,0.9856000000000034
274,F82011,Co-Codamol_Cap 8mg/500mg,0407010F0AAABAB,6,0.9600000000000108
276,F82011,Co-Codamol_Cap 8mg/500mg,0407010F0AAABAB,6,0.9600000000000108
273,F82028,Co-Codamol_Cap 8mg/500mg,0407010F0AAABAB,6,0.9600000000000108
275,F82028,Co-Codamol_Cap 8mg/500mg,0407010F0AAABAB,6,0.9600000000000108
164,F82028,Pyridox HCl_Tab 50mg,0906024N0AAAIAI,1,0.9576000000000002
163,F82666,Pyridox HCl_Tab 50mg,0906024N0AAAIAI,1,0.9576000000000002
162,F82671,Pyridox HCl_Tab 50mg,0906024N0AAAIAI,2,0.9576000000000002
161,F82011,Pyridox HCl_Tab 50mg,0906024N0AAAIAI,1,0.9576000000000002
165,F82008,Pyridox HCl_Tab 50mg,0906024N0AAAIAI,2,0.9576000000000002
63,F82016,Clonazepam_Tab 500mcg,0408010F0AAABAB,3,0.949199999999998
62,F82663,Clonazepam_Tab 500mcg,0408010F0AAABAB,1,0.949199999999998
61,F82039,Clonazepam_Tab 500mcg,0408010F0AAABAB,3,0.949199999999998
60,F82014,Clonazepam_Tab 500mcg,0408010F0AAABAB,3,0.949199999999998
64,Y02973,Clonazepam_Tab 500mcg,0408010F0AAABAB,1,0.949199999999998
65,F82014,Clonazepam_Tab 500mcg,0408010F0AAABAB,2,0.949199999999998
59,F82007,Clonazepam_Tab 500mcg,0408010F0AAABAB,1,0.949199999999998
56,F82627,Clonazepam_Tab 500mcg,0408010F0AAABAB,4,0.949199999999998
58,F82021,Clonazepam_Tab 500mcg,0408010F0AAABAB,2,0.949199999999998
54,F82045,Clonazepam_Tab 500mcg,0408010F0AAABAB,3,0.949199999999998
57,F82021,Clonazepam_Tab 500mcg,0408010F0AAABAB,3,0.949199999999998
55,F82014,Clonazepam_Tab 500mcg,0408010F0AAABAB,1,0.949199999999998
66,F82663,Clonazepam_Tab 500mcg,0408010F0AAABAB,1,0.8135999999999983
230,F82649,Diltiazem HCl_Tab 60mg M/R,0206020C0AAAAAA,1,0.7920000000000027
229,F82007,Diltiazem HCl_Tab 60mg M/R,0206020C0AAAAAA,1,0.7920000000000027
67,F82006,Clonazepam_Tab 500mcg,0408010F0AAABAB,5,0.7909999999999984
194,F82033,Amiodarone HCl_Tab 200mg,0203020D0AAABAB,1,0.7500000000000007
231,F82021,Diltiazem HCl_Tab 60mg M/R,0206020C0AAAAAA,1,0.7392000000000025
235,F82007,Diltiazem HCl_Tab 60mg M/R,0206020C0AAAAAA,1,0.7392000000000025
234,F82021,Diltiazem HCl_Tab 60mg M/R,0206020C0AAAAAA,2,0.7392000000000025
233,F82016,Diltiazem HCl_Tab 60mg M/R,0206020C0AAAAAA,1,0.7392000000000025
232,F82021,Diltiazem HCl_Tab 60mg M/R,0206020C0AAAAAA,3,0.7392000000000025
166,F82671,Pyridox HCl_Tab 50mg,0906024N0AAAIAI,3,0.7182000000000002
68,F82028,Clonazepam_Tab 500mcg,0408010F0AAABAB,3,0.7118999999999985
69,F82639,Clonazepam_Tab 500mcg,0408010F0AAABAB,3,0.7118999999999985
70,F82021,Clonazepam_Tab 500mcg,0408010F0AAABAB,3,0.7118999999999985
200,F82649,Amiodarone HCl_Tab 200mg,0203020D0AAABAB,2,0.7000000000000006
201,F82008,Amiodarone HCl_Tab 200mg,0203020D0AAABAB,2,0.7000000000000006
195,F82053,Amiodarone HCl_Tab 200mg,0203020D0AAABAB,1,0.7000000000000006
208,Y02973,Amiodarone HCl_Tab 200mg,0203020D0AAABAB,2,0.7000000000000006
199,F82674,Amiodarone HCl_Tab 200mg,0203020D0AAABAB,2,0.7000000000000006
207,F82019,Amiodarone HCl_Tab 200mg,0203020D0AAABAB,1,0.7000000000000006
206,F82022,Amiodarone HCl_Tab 200mg,0203020D0AAABAB,1,0.7000000000000006
205,F82619,Amiodarone HCl_Tab 200mg,0203020D0AAABAB,2,0.7000000000000006
204,F82010,Amiodarone HCl_Tab 200mg,0203020D0AAABAB,2,0.7000000000000006
203,F82030,Amiodarone HCl_Tab 200mg,0203020D0AAABAB,1,0.7000000000000006
202,F82002,Amiodarone HCl_Tab 200mg,0203020D0AAABAB,2,0.7000000000000006
196,F82010,Amiodarone HCl_Tab 200mg,0203020D0AAABAB,1,0.7000000000000006
197,F82055,Amiodarone HCl_Tab 200mg,0203020D0AAABAB,1,0.7000000000000006
198,F82649,Amiodarone HCl_Tab 200mg,0203020D0AAABAB,1,0.7000000000000006
71,F82030,Clonazepam_Tab 500mcg,0408010F0AAABAB,1,0.6779999999999986
72,F82028,Clonazepam_Tab 500mcg,0408010F0AAABAB,1,0.6779999999999986
73,F82008,Clonazepam_Tab 500mcg,0408010F0AAABAB,1,0.6779999999999986
74,F82016,Clonazepam_Tab 500mcg,0408010F0AAABAB,1,0.6779999999999986
209,F82028,Amiodarone HCl_Tab 200mg,0203020D0AAABAB,8,0.6776
236,F82022,Diltiazem HCl_Tab 60mg M/R,0206020C0AAAAAA,7,0.6468000000000023
277,F82649,Co-Codamol_Cap 8mg/500mg,0407010F0AAABAB,4,0.6400000000000072
279,F82014,Co-Codamol_Cap 8mg/500mg,0407010F0AAABAB,4,0.6400000000000072
280,F82008,Co-Codamol_Cap 8mg/500mg,0407010F0AAABAB,4,0.6400000000000072
281,F82008,Co-Codamol_Cap 8mg/500mg,0407010F0AAABAB,4,0.6400000000000072
282,F82649,Co-Codamol_Cap 8mg/500mg,0407010F0AAABAB,4,0.6400000000000072
278,F82014,Co-Codamol_Cap 8mg/500mg,0407010F0AAABAB,4,0.6400000000000072
92,Y02973,Clonazepam_Tab 500mcg,0408010F0AAABAB,1,0.6327999999999987
93,F82028,Clonazepam_Tab 500mcg,0408010F0AAABAB,1,0.6327999999999987
85,F82031,Clonazepam_Tab 500mcg,0408010F0AAABAB,1,0.6327999999999987
94,F82675,Clonazepam_Tab 500mcg,0408010F0AAABAB,1,0.6327999999999987
88,F82670,Clonazepam_Tab 500mcg,0408010F0AAABAB,2,0.6327999999999987
87,F82009,Clonazepam_Tab 500mcg,0408010F0AAABAB,1,0.6327999999999987
86,F82674,Clonazepam_Tab 500mcg,0408010F0AAABAB,2,0.6327999999999987
91,F82639,Clonazepam_Tab 500mcg,0408010F0AAABAB,1,0.6327999999999987
80,F82609,Clonazepam_Tab 500mcg,0408010F0AAABAB,1,0.6327999999999987
84,F82014,Clonazepam_Tab 500mcg,0408010F0AAABAB,1,0.6327999999999987
83,F82031,Clonazepam_Tab 500mcg,0408010F0AAABAB,8,0.6327999999999987
82,F82671,Clonazepam_Tab 500mcg,0408010F0AAABAB,2,0.6327999999999987
81,F82674,Clonazepam_Tab 500mcg,0408010F0AAABAB,1,0.6327999999999987
89,F82016,Clonazepam_Tab 500mcg,0408010F0AAABAB,1,0.6327999999999987
79,F82022,Clonazepam_Tab 500mcg,0408010F0AAABAB,2,0.6327999999999987
78,F82006,Clonazepam_Tab 500mcg,0408010F0AAABAB,8,0.6327999999999987
77,F82055,Clonazepam_Tab 500mcg,0408010F0AAABAB,1,0.6327999999999987
76,F82614,Clonazepam_Tab 500mcg,0408010F0AAABAB,2,0.6327999999999987
75,F82627,Clonazepam_Tab 500mcg,0408010F0AAABAB,2,0.6327999999999987
90,F82007,Clonazepam_Tab 500mcg,0408010F0AAABAB,4,0.6327999999999987
95,F82007,Clonazepam_Tab 500mcg,0408010F0AAABAB,5,0.6104999999999999
96,F82007,Clonazepam_Tab 500mcg,0408010F0AAABAB,1,0.5699999999999983
97,F82013,Clonazepam_Tab 500mcg,0408010F0AAABAB,1,0.5699999999999983
210,F82671,Amiodarone HCl_Tab 200mg,0203020D0AAABAB,3,0.5376000000000003
237,F82008,Diltiazem HCl_Tab 60mg M/R,0206020C0AAAAAA,1,0.5040000000000004
238,F82031,Diltiazem HCl_Tab 60mg M/R,0206020C0AAAAAA,1,0.5040000000000004
239,F82053,Diltiazem HCl_Tab 60mg M/R,0206020C0AAAAAA,1,0.5040000000000004
240,F82007,Diltiazem HCl_Tab 60mg M/R,0206020C0AAAAAA,1,0.5040000000000004
241,F82002,Diltiazem HCl_Tab 60mg M/R,0206020C0AAAAAA,1,0.5040000000000004
242,F82022,Diltiazem HCl_Tab 60mg M/R,0206020C0AAAAAA,2,0.4928000000000017
243,F82007,Diltiazem HCl_Tab 60mg M/R,0206020C0AAAAAA,2,0.4928000000000017
283,F82022,Co-Codamol_Cap 8mg/500mg,0407010F0AAABAB,3,0.4800000000000054
284,F82013,Co-Codamol_Cap 8mg/500mg,0407010F0AAABAB,3,0.4800000000000054
285,F82002,Co-Codamol_Cap 8mg/500mg,0407010F0AAABAB,3,0.4800000000000054
286,F82627,Co-Codamol_Cap 8mg/500mg,0407010F0AAABAB,3,0.4800000000000054
287,F82627,Co-Codamol_Cap 8mg/500mg,0407010F0AAABAB,3,0.4800000000000054
288,F82031,Co-Codamol_Cap 8mg/500mg,0407010F0AAABAB,3,0.4800000000000054
289,F82031,Co-Codamol_Cap 8mg/500mg,0407010F0AAABAB,3,0.4800000000000054
290,F82022,Co-Codamol_Cap 8mg/500mg,0407010F0AAABAB,3,0.4800000000000054
292,F82013,Co-Codamol_Cap 8mg/500mg,0407010F0AAABAB,3,0.4800000000000054
291,F82002,Co-Codamol_Cap 8mg/500mg,0407010F0AAABAB,3,0.4800000000000054
169,F82053,Pyridox HCl_Tab 50mg,0906024N0AAAIAI,4,0.4788000000000001
173,F82686,Pyridox HCl_Tab 50mg,0906024N0AAAIAI,1,0.4788000000000001
172,F82033,Pyridox HCl_Tab 50mg,0906024N0AAAIAI,1,0.4788000000000001
171,F82630,Pyridox HCl_Tab 50mg,0906024N0AAAIAI,1,0.4788000000000001
170,F82011,Pyridox HCl_Tab 50mg,0906024N0AAAIAI,4,0.4788000000000001
168,F82022,Pyridox HCl_Tab 50mg,0906024N0AAAIAI,1,0.4788000000000001
167,F82007,Pyridox HCl_Tab 50mg,0906024N0AAAIAI,1,0.4788000000000001
99,F82006,Clonazepam_Tab 500mcg,0408010F0AAABAB,1,0.474599999999999
100,F82013,Clonazepam_Tab 500mcg,0408010F0AAABAB,2,0.474599999999999
98,F82674,Clonazepam_Tab 500mcg,0408010F0AAABAB,1,0.474599999999999
248,F82010,Diltiazem HCl_Tab 60mg M/R,0206020C0AAAAAA,1,0.40500000000000036
247,F82006,Diltiazem HCl_Tab 60mg M/R,0206020C0AAAAAA,1,0.40500000000000036
246,F82008,Diltiazem HCl_Tab 60mg M/R,0206020C0AAAAAA,1,0.40500000000000036
245,F82031,Diltiazem HCl_Tab 60mg M/R,0206020C0AAAAAA,1,0.40500000000000036
244,F82053,Diltiazem HCl_Tab 60mg M/R,0206020C0AAAAAA,1,0.40500000000000036
101,F82013,Clonazepam_Tab 500mcg,0408010F0AAABAB,5,0.3954999999999992
212,F82649,Amiodarone HCl_Tab 200mg,0203020D0AAABAB,1,0.37200000000000066
211,F82639,Amiodarone HCl_Tab 200mg,0203020D0AAABAB,1,0.37200000000000066
253,F82653,Diltiazem HCl_Tab 60mg M/R,0206020C0AAAAAA,1,0.36960000000000126
249,F82014,Diltiazem HCl_Tab 60mg M/R,0206020C0AAAAAA,1,0.36960000000000126
250,F82607,Diltiazem HCl_Tab 60mg M/R,0206020C0AAAAAA,1,0.36960000000000126
251,F82055,Diltiazem HCl_Tab 60mg M/R,0206020C0AAAAAA,1,0.36960000000000126
252,F82010,Diltiazem HCl_Tab 60mg M/R,0206020C0AAAAAA,1,0.36960000000000126
214,F82009,Amiodarone HCl_Tab 200mg,0203020D0AAABAB,2,0.35840000000000016
213,F82014,Amiodarone HCl_Tab 200mg,0203020D0AAABAB,2,0.35840000000000016
219,F82045,Amiodarone HCl_Tab 200mg,0203020D0AAABAB,1,0.3500000000000003
215,F82009,Amiodarone HCl_Tab 200mg,0203020D0AAABAB,1,0.3500000000000003
216,F82013,Amiodarone HCl_Tab 200mg,0203020D0AAABAB,1,0.3500000000000003
217,F82014,Amiodarone HCl_Tab 200mg,0203020D0AAABAB,1,0.3500000000000003
222,F82006,Amiodarone HCl_Tab 200mg,0203020D0AAABAB,1,0.3500000000000003
221,F82671,Amiodarone HCl_Tab 200mg,0203020D0AAABAB,1,0.3500000000000003
220,F82022,Amiodarone HCl_Tab 200mg,0203020D0AAABAB,1,0.3500000000000003
218,F82016,Amiodarone HCl_Tab 200mg,0203020D0AAABAB,1,0.3500000000000003
105,F82006,Clonazepam_Tab 500mcg,0408010F0AAABAB,1,0.3389999999999993
102,F82686,Clonazepam_Tab 500mcg,0408010F0AAABAB,1,0.3389999999999993
103,F82007,Clonazepam_Tab 500mcg,0408010F0AAABAB,1,0.3389999999999993
104,F82033,Clonazepam_Tab 500mcg,0408010F0AAABAB,1,0.3389999999999993
224,F82614,Amiodarone HCl_Tab 200mg,0203020D0AAABAB,4,0.3388
223,F82013,Amiodarone HCl_Tab 200mg,0203020D0AAABAB,4,0.3388
293,F82028,Co-Codamol_Cap 8mg/500mg,0407010F0AAABAB,1,0.3200000000000036
298,F82614,Co-Codamol_Cap 8mg/500mg,0407010F0AAABAB,2,0.3200000000000036
294,F82607,Co-Codamol_Cap 8mg/500mg,0407010F0AAABAB,2,0.3200000000000036
295,F82006,Co-Codamol_Cap 8mg/500mg,0407010F0AAABAB,1,0.3200000000000036
296,F82028,Co-Codamol_Cap 8mg/500mg,0407010F0AAABAB,1,0.3200000000000036
297,F82614,Co-Codamol_Cap 8mg/500mg,0407010F0AAABAB,2,0.3200000000000036
299,F82607,Co-Codamol_Cap 8mg/500mg,0407010F0AAABAB,2,0.3200000000000036
300,F82006,Co-Codamol_Cap 8mg/500mg,0407010F0AAABAB,1,0.3200000000000036
111,F82007,Clonazepam_Tab 500mcg,0408010F0AAABAB,4,0.31639999999999935
110,F82011,Clonazepam_Tab 500mcg,0408010F0AAABAB,2,0.31639999999999935
109,F82675,Clonazepam_Tab 500mcg,0408010F0AAABAB,1,0.31639999999999935
108,F82022,Clonazepam_Tab 500mcg,0408010F0AAABAB,4,0.31639999999999935
117,F82010,Clonazepam_Tab 500mcg,0408010F0AAABAB,1,0.31639999999999935
116,F82007,Clonazepam_Tab 500mcg,0408010F0AAABAB,1,0.31639999999999935
115,F82639,Clonazepam_Tab 500mcg,0408010F0AAABAB,1,0.31639999999999935
113,F82021,Clonazepam_Tab 500mcg,0408010F0AAABAB,4,0.31639999999999935
112,F82033,Clonazepam_Tab 500mcg,0408010F0AAABAB,1,0.31639999999999935
114,F82624,Clonazepam_Tab 500mcg,0408010F0AAABAB,1,0.31639999999999935
107,F82671,Clonazepam_Tab 500mcg,0408010F0AAABAB,2,0.31639999999999935
106,F82653,Clonazepam_Tab 500mcg,0408010F0AAABAB,2,0.31639999999999935
118,F82013,Clonazepam_Tab 500mcg,0408010F0AAABAB,1,0.31639999999999935
304,F82663,Co-Codamol_Cap 8mg/500mg,0407010F0AAABAB,1,0.26880000000000304
303,F82663,Co-Codamol_Cap 8mg/500mg,0407010F0AAABAB,1,0.26880000000000304
302,F82649,Co-Codamol_Cap 8mg/500mg,0407010F0AAABAB,1,0.26880000000000304
301,F82649,Co-Codamol_Cap 8mg/500mg,0407010F0AAABAB,1,0.26880000000000304
254,F82006,Diltiazem HCl_Tab 60mg M/R,0206020C0AAAAAA,1,0.2640000000000009
256,Y00312,Diltiazem HCl_Tab 60mg M/R,0206020C0AAAAAA,1,0.24640000000000084
257,F82009,Diltiazem HCl_Tab 60mg M/R,0206020C0AAAAAA,1,0.24640000000000084
261,F82671,Diltiazem HCl_Tab 60mg M/R,0206020C0AAAAAA,1,0.24640000000000084
258,F82008,Diltiazem HCl_Tab 60mg M/R,0206020C0AAAAAA,1,0.24640000000000084
263,F82686,Diltiazem HCl_Tab 60mg M/R,0206020C0AAAAAA,1,0.24640000000000084
262,F82045,Diltiazem HCl_Tab 60mg M/R,0206020C0AAAAAA,1,0.24640000000000084
255,F82013,Diltiazem HCl_Tab 60mg M/R,0206020C0AAAAAA,1,0.24640000000000084
260,F82006,Diltiazem HCl_Tab 60mg M/R,0206020C0AAAAAA,1,0.24640000000000084
259,F82028,Diltiazem HCl_Tab 60mg M/R,0206020C0AAAAAA,1,0.24640000000000084
306,F82666,Co-Codamol_Cap 8mg/500mg,0407010F0AAABAB,1,0.2400000000000027
305,F82666,Co-Codamol_Cap 8mg/500mg,0407010F0AAABAB,1,0.2400000000000027
176,F82021,Pyridox HCl_Tab 50mg,0906024N0AAAIAI,1,0.23940000000000006
175,F82030,Pyridox HCl_Tab 50mg,0906024N0AAAIAI,1,0.23940000000000006
174,F82045,Pyridox HCl_Tab 50mg,0906024N0AAAIAI,2,0.23940000000000006
266,F82019,Diltiazem HCl_Tab 60mg M/R,0206020C0AAAAAA,4,0.23520000000000207
267,F82022,Diltiazem HCl_Tab 60mg M/R,0206020C0AAAAAA,4,0.23520000000000207
264,F82614,Diltiazem HCl_Tab 60mg M/R,0206020C0AAAAAA,4,0.23520000000000207
265,F82013,Diltiazem HCl_Tab 60mg M/R,0206020C0AAAAAA,4,0.23520000000000207
119,F82639,Clonazepam_Tab 500mcg,0408010F0AAABAB,1,0.22199999999999998
307,F82011,Co-Codamol_Cap 8mg/500mg,0407010F0AAABAB,1,0.19200000000000217
308,F82011,Co-Codamol_Cap 8mg/500mg,0407010F0AAABAB,1,0.19200000000000217
269,F82045,Diltiazem HCl_Tab 60mg M/R,0206020C0AAAAAA,2,0.18480000000000063
268,F82009,Diltiazem HCl_Tab 60mg M/R,0206020C0AAAAAA,1,0.18480000000000063
120,F82030,Clonazepam_Tab 500mcg,0408010F0AAABAB,1,0.174
121,F82653,Clonazepam_Tab 500mcg,0408010F0AAABAB,1,0.174
122,F82639,Clonazepam_Tab 500mcg,0408010F0AAABAB,4,0.16959999999999997
325,F82671,Co-Codamol_Cap 8mg/500mg,0407010F0AAABAB,1,0.1600000000000018
316,F82610,Co-Codamol_Cap 8mg/500mg,0407010F0AAABAB,1,0.1600000000000018
311,F82007,Co-Codamol_Cap 8mg/500mg,0407010F0AAABAB,1,0.1600000000000018
312,F82019,Co-Codamol_Cap 8mg/500mg,0407010F0AAABAB,1,0.1600000000000018
313,F82016,Co-Codamol_Cap 8mg/500mg,0407010F0AAABAB,1,0.1600000000000018
314,F82675,Co-Codamol_Cap 8mg/500mg,0407010F0AAABAB,1,0.1600000000000018
315,F82610,Co-Codamol_Cap 8mg/500mg,0407010F0AAABAB,1,0.1600000000000018
319,F82039,Co-Codamol_Cap 8mg/500mg,0407010F0AAABAB,1,0.1600000000000018
317,F82016,Co-Codamol_Cap 8mg/500mg,0407010F0AAABAB,1,0.1600000000000018
318,F82653,Co-Codamol_Cap 8mg/500mg,0407010F0AAABAB,1,0.1600000000000018
309,F82653,Co-Codamol_Cap 8mg/500mg,0407010F0AAABAB,1,0.1600000000000018
320,F82039,Co-Codamol_Cap 8mg/500mg,0407010F0AAABAB,1,0.1600000000000018
321,F82675,Co-Codamol_Cap 8mg/500mg,0407010F0AAABAB,1,0.1600000000000018
322,F82663,Co-Codamol_Cap 8mg/500mg,0407010F0AAABAB,1,0.1600000000000018
310,F82663,Co-Codamol_Cap 8mg/500mg,0407010F0AAABAB,1,0.1600000000000018
323,F82671,Co-Codamol_Cap 8mg/500mg,0407010F0AAABAB,1,0.1600000000000018
326,F82007,Co-Codamol_Cap 8mg/500mg,0407010F0AAABAB,1,0.1600000000000018
324,F82019,Co-Codamol_Cap 8mg/500mg,0407010F0AAABAB,1,0.1600000000000018
123,F82008,Clonazepam_Tab 500mcg,0408010F0AAABAB,1,0.15819999999999967
125,F82638,Clonazepam_Tab 500mcg,0408010F0AAABAB,1,0.15819999999999967
124,F82031,Clonazepam_Tab 500mcg,0408010F0AAABAB,1,0.15819999999999967
177,F82007,Pyridox HCl_Tab 50mg,0906024N0AAAIAI,2,0.13120000000000065
126,F82011,Clonazepam_Tab 500mcg,0408010F0AAABAB,3,0.12719999999999998
270,F82013,Diltiazem HCl_Tab 60mg M/R,0206020C0AAAAAA,1,0.1260000000000001
271,F82007,Diltiazem HCl_Tab 60mg M/R,0206020C0AAAAAA,1,0.1260000000000001
127,F82666,Clonazepam_Tab 500mcg,0408010F0AAABAB,1,0.11599999999999999
330,F82638,Co-Codamol_Cap 8mg/500mg,0407010F0AAABAB,1,0.10240000000000116
329,F82638,Co-Codamol_Cap 8mg/500mg,0407010F0AAABAB,1,0.10240000000000116
328,F82002,Co-Codamol_Cap 8mg/500mg,0407010F0AAABAB,1,0.10240000000000116
327,F82002,Co-Codamol_Cap 8mg/500mg,0407010F0AAABAB,1,0.10240000000000116
331,F82638,Co-Codamol_Cap 8mg/500mg,0407010F0AAABAB,1,0.08960000000000101
332,F82638,Co-Codamol_Cap 8mg/500mg,0407010F0AAABAB,1,0.08960000000000101
334,Y02973,Co-Codamol_Cap 8mg/500mg,0407010F0AAABAB,1,0.08500000000000035
333,Y02973,Co-Codamol_Cap 8mg/500mg,0407010F0AAABAB,1,0.08500000000000035
128,F82030,Clonazepam_Tab 500mcg,0408010F0AAABAB,1,0.07909999999999984
178,F82011,Pyridox HCl_Tab 50mg,0906024N0AAAIAI,1,0.06560000000000032
272,F82649,Diltiazem HCl_Tab 60mg M/R,0206020C0AAAAAA,1,0.05880000000000052
335,F82030,Co-Codamol_Cap 8mg/500mg,0407010F0AAABAB,1,0.05399999999999988
336,F82030,Co-Codamol_Cap 8mg/500mg,0407010F0AAABAB,1,0.05399999999999988
337,Y02523,Co-Codamol_Cap 8mg/500mg,0407010F0AAABAB,1,0.05120000000000058
338,Y02523,Co-Codamol_Cap 8mg/500mg,0407010F0AAABAB,1,0.05120000000000058
129,Y02523,Clonazepam_Tab 500mcg,0408010F0AAABAB,1,0.03689999999999993
144,F82013,Phenytoin_Sod Tab 100mg,0408010Q0AAAGAG,4,0.025199999999997225
145,F82686,Phenytoin_Sod Tab 100mg,0408010Q0AAAGAG,4,0.025199999999997225
140,F82031,Colecal_Cap 400u,0906040G0AABIBI,1,0.004199999999999926
141,F82016,Colecal_Cap 400u,0906040G0AABIBI,1,-0.006000000000000172
142,F82686,Colecal_Cap 400u,0906040G0AABIBI,6,-0.01680000000000048
136,F82627,Mesalazine_Tab E/C 400mg,0105010B0AAAAAA,1,-31.942399999999996
137,Y02973,Mesalazine_Tab E/C 400mg,0105010B0AAAAAA,1,-31.942399999999996
138,F82030,Mesalazine_Tab E/C 400mg,0105010B0AAAAAA,3,-47.87999999999999
