,practice_code,bnf_description,bnf_code,items,excess_cost
0,G82027,Amiodarone HCl_Tab 200mg,0203020D0AAABAB,7,5.300000000000005
1,G82027,Clonazepam_Tab 500mcg,0408010F0AAABAB,12,7.638799999999984
2,G82027,Pyridox HCl_Tab 50mg,0906024N0AAAIAI,1,0.9576000000000002
3,G82039,Amiodarone HCl_Tab 200mg,0203020D0AAABAB,19,9.100000000000009
4,G82039,Clonazepam_Tab 500mcg,0408010F0AAABAB,10,5.932499999999987
5,G82039,Co-Codamol_Cap 8mg/500mg,0407010F0AAABAB,10,2.3168000000000264
6,G82039,Pyridox HCl_Tab 50mg,0906024N0AAAIAI,1,1.4364000000000003
7,G82060,Amiodarone HCl_Tab 200mg,0203020D0AAABAB,11,7.700000000000007
8,G82060,Clonazepam_Tab 500mcg,0408010F0AAABAB,23,11.956599999999975
9,G82060,Co-Codamol_Cap 8mg/500mg,0407010F0AAABAB,12,2.6752000000000304
10,G82060,Pyridox HCl_Tab 50mg,0906024N0AAAIAI,3,4.104000000000001
11,G82060,Tetrabenazine_Tab 25mg,0409030C0AAAAAA,1,0.9995999999999987
12,G82063,Amiodarone HCl_Tab 200mg,0203020D0AAABAB,8,2.8000000000000025
13,G82063,Clonazepam_Tab 500mcg,0408010F0AAABAB,8,3.7559999999999922
14,G82063,Gemfibrozil_Tab 600mg,0212000Q0AAABAB,1,15.142399999999999
15,G82063,Mesalazine_Tab E/C 400mg,0105010B0AAAAAA,1,23.956799999999998
16,G82063,Pyridox HCl_Tab 50mg,0906024N0AAAIAI,1,0.9576000000000002
17,G82063,Tetrabenazine_Tab 25mg,0409030C0AAAAAA,1,5.997599999999992
18,G82071,Amiodarone HCl_Tab 200mg,0203020D0AAABAB,30,13.819400000000012
19,G82071,Clonazepam_Tab 500mcg,0408010F0AAABAB,40,24.666299999999943
20,G82071,Co-Codamol_Cap 8mg/500mg,0407010F0AAABAB,8,1.152000000000013
21,G82071,Gemfibrozil_Tab 600mg,0212000Q0AAABAB,2,15.142399999999999
22,G82071,Mesalazine_Tab E/C 400mg,0105010B0AAAAAA,2,6.844799999999999
23,G82071,Pyridox HCl_Tab 50mg,0906024N0AAAIAI,3,3.830400000000001
24,G82071,Topiramate_Tab 200mg,040801050AAACAC,1,2.3183999999999996
25,G82071,Vancomycin HCl_Cap 250mg,0501070U0AAABAB,1,25.19999999999996
26,G82082,Amiodarone HCl_Tab 200mg,0203020D0AAABAB,4,1.7500000000000016
27,G82082,Clonazepam_Tab 500mcg,0408010F0AAABAB,22,13.024899999999972
28,G82082,Pyridox HCl_Tab 50mg,0906024N0AAAIAI,1,0.9576000000000002
29,G82082,Topiramate_Tab 200mg,040801050AAACAC,1,1.1647999999999992
30,G82090,Amiodarone HCl_Tab 200mg,0203020D0AAABAB,14,4.188800000000004
31,G82090,Clonazepam_Tab 500mcg,0408010F0AAABAB,24,10.463799999999978
32,G82090,Co-Codamol_Cap 8mg/500mg,0407010F0AAABAB,10,1.600000000000018
33,G82090,Phenytoin_Sod Tab 100mg,0408010Q0AAAGAG,3,39.7992
34,G82090,Pyridox HCl_Tab 50mg,0906024N0AAAIAI,2,1.4364000000000003
35,G82090,Tetrabenazine_Tab 25mg,0409030C0AAAAAA,1,2.998799999999996
36,G82090,Topiramate_Tab 200mg,040801050AAACAC,2,3.7349999999999985
37,G82115,Amiodarone HCl_Tab 200mg,0203020D0AAABAB,4,2.450000000000002
38,G82115,Clonazepam_Tab 500mcg,0408010F0AAABAB,9,7.220699999999986
39,G82115,Co-Codamol_Cap 8mg/500mg,0407010F0AAABAB,16,4.083200000000046
40,G82115,Pyridox HCl_Tab 50mg,0906024N0AAAIAI,1,6.840000000000002
41,G82115,Topiramate_Tab 200mg,040801050AAACAC,4,11.935199999999996
42,G82119,Amiodarone HCl_Tab 200mg,0203020D0AAABAB,11,4.462500000000004
43,G82119,Clonazepam_Tab 500mcg,0408010F0AAABAB,46,21.254899999999957
44,G82119,Co-Codamol_Cap 8mg/500mg,0407010F0AAABAB,12,2.240000000000025
45,G82119,Mesalazine_Tab E/C 400mg,0105010B0AAAAAA,1,-11.978399999999999
46,G82119,Pyridox HCl_Tab 50mg,0906024N0AAAIAI,5,5.745600000000001
47,G82119,Tetrabenazine_Tab 25mg,0409030C0AAAAAA,1,1.499399999999998
48,G82138,Amiodarone HCl_Tab 200mg,0203020D0AAABAB,2,0.7000000000000006
49,G82138,Clonazepam_Tab 500mcg,0408010F0AAABAB,2,1.423799999999997
50,G82138,Co-Codamol_Cap 8mg/500mg,0407010F0AAABAB,2,0.6400000000000072
51,G82138,Mesalazine_Tab E/C 400mg,0105010B0AAAAAA,1,12.833999999999998
52,G82140,Co-Codamol_Cap 8mg/500mg,0407010F0AAABAB,2,0.3200000000000036
53,G82140,Mesalazine_Tab E/C 400mg,0105010B0AAAAAA,1,47.913599999999995
54,G82148,Amiodarone HCl_Tab 200mg,0203020D0AAABAB,7,3.150000000000003
55,G82148,Clonazepam_Tab 500mcg,0408010F0AAABAB,6,5.26579999999999
56,G82148,Gemfibrozil_Tab 600mg,0212000Q0AAABAB,2,4.061999999999999
57,G82204,Amiodarone HCl_Tab 200mg,0203020D0AAABAB,4,1.4000000000000012
58,G82204,Clonazepam_Tab 500mcg,0408010F0AAABAB,11,7.909999999999984
59,G82204,Pyridox HCl_Tab 50mg,0906024N0AAAIAI,1,0.9576000000000002
60,G82228,Amiodarone HCl_Tab 200mg,0203020D0AAABAB,12,4.200000000000004
61,G82228,Clonazepam_Tab 500mcg,0408010F0AAABAB,19,10.554199999999978
62,G82228,Co-Codamol_Cap 8mg/500mg,0407010F0AAABAB,4,0.6400000000000072
63,G82228,Mesalazine_Tab E/C 400mg,0105010B0AAAAAA,1,7.985599999999999
64,G82228,Tetrabenazine_Tab 25mg,0409030C0AAAAAA,1,0.9995999999999987
65,G82790,Amiodarone HCl_Tab 200mg,0203020D0AAABAB,6,2.100000000000002
66,G82790,Clonazepam_Tab 500mcg,0408010F0AAABAB,30,5.895299999999989
67,G82790,Pyridox HCl_Tab 50mg,0906024N0AAAIAI,1,0.4788000000000001
68,G82802,Amiodarone HCl_Tab 200mg,0203020D0AAABAB,2,1.050000000000001
69,G82802,Clonazepam_Tab 500mcg,0408010F0AAABAB,6,1.423799999999997
70,G82802,Co-Codamol_Cap 8mg/500mg,0407010F0AAABAB,2,0.3200000000000036
71,G82802,Pyridox HCl_Tab 50mg,0906024N0AAAIAI,1,1.4364000000000003
