practice,num_gps_june,num_gps_sept
A81001,2,
A81002,12,12
A81004,2,3
A81005,8,9
A81006,8,8
A81007,9,10
A81009,5,5
A81011,5,5
A81012,2,2
A81013,4,4
A81014,3,3
A81015,2,2
A81016,6,5
A81017,10,9
A81018,4,4
A81019,5,6
A81020,2,4
A81021,7,8
A81022,5,5
A81023,7,7
A81025,2,2
A81026,12,13
A81027,6,6
A81029,4,4
A81030,8,10
A81031,9,10
A81032,9,8
A81033,4,4
A81034,,11
A81035,5,5
A81036,9,11
A81037,4,4
A81038,2,2
A81039,7,8
A81040,8,5
A81041,5,5
A81042,5,6
A81043,7,9
A81044,6,8
A81045,2,2
A81046,7,7
A81048,7,7
A81049,2,2
A81051,4,8
A81052,4,4
A81053,3,3
A81054,4,4
A81056,2,2
A81057,6,6
A81058,5,5
A81060,4,4
A81063,2,2
A81064,3,3
A81065,3,3
A81066,2,3
A81067,5,7
A81070,1,1
A81602,,1
A81608,2,2
A81609,,
A81610,4,4
A81611,7,8
A81612,2,2
A81618,6,6
A81621,3,3
A81622,3,3
A81629,2,2
A81630,3,4
A81631,4,4
A81632,6,6
A81633,1,2
A81634,1,1
A82003,8,8
A82004,,
A82005,4,4
A82006,4,4
A82007,6,6
A82008,7,7
A82009,7,7
A82010,4,4
A82012,12,12
A82013,8,8
A82014,5,6
A82015,2,1
A82016,,
A82018,8,9
A82019,7,7
A82020,8,8
A82021,9,11
A82022,5,5
A82023,6,6
A82024,5,7
A82025,7,7
A82026,7,7
A82027,10,10
A82028,7,7
A82029,4,4
A82030,7,7
A82031,3,3
A82032,10,11
A82033,6,6
A82034,6,6
A82035,13,12
A82036,6,6
A82037,3,3
A82038,3,3
A82039,9,9
A82041,1,1
A82044,7,7
A82045,,
A82046,3,3
A82047,8,8
A82048,1,3
A82049,3,3
A82050,3,3
A82053,4,4
A82055,5,5
A82058,,1
A82060,3,3
A82062,4,4
A82064,3,3
A82065,2,2
A82068,3,3
A82070,6,6
A82071,2,2
A82072,5,5
A82074,11,11
A82075,8,9
A82077,4,4
A82608,5,5
A82613,2,2
A82617,2,2
A82620,3,3
A82621,1,1
A82623,1,1
A82629,2,2
A82631,3,4
A82646,3,3
A82647,4,4
A82650,3,3
A82651,2,2
A82654,4,4
A83001,5,5
A83003,7,8
A83004,2,2
A83005,8,8
A83006,6,6
A83007,7,7
A83008,4,3
A83009,6,6
A83010,7,8
A83011,10,9
A83012,,8
A83013,5,5
A83014,4,6
A83015,6,6
A83016,,
A83017,3,3
A83018,12,12
A83019,1,1
A83020,7,8
A83021,9,8
A83022,18,19
A83023,3,6
A83024,5,5
A83025,10,9
A83026,7,7
A83027,3,3
A83028,7,5
A83029,4,6
A83030,9,9
A83031,6,6
A83032,2,2
A83033,7,6
A83034,8,8
A83035,9,12
A83036,8,8
A83037,14,16
A83038,4,4
A83040,7,7
A83041,6,7
A83042,3,2
A83043,2,2
A83044,5,5
A83045,4,8
A83046,11,12
A83047,14,15
A83048,4,4
A83049,7,8
A83050,12,15
A83051,7,7
A83052,6,6
A83054,10,10
A83055,4,6
A83057,3,3
A83060,3,3
A83061,4,3
A83066,4,4
A83070,3,3
A83071,2,2
A83072,3,3
A83073,2,2
A83074,6,6
A83075,1,3
A83076,3,2
A83603,3,3
A83610,1,1
A83616,3,3
A83617,1,1
A83618,4,4
A83619,2,2
A83622,2,2
A83626,5,5
A83627,6,5
A83630,1,1
A83632,1,1
A83634,1,
A83635,2,1
A83636,4,5
A83637,1,1
A83641,1,1
A83644,2,2
A84002,5,5
A84003,6,7
A84005,6,6
A84006,6,11
A84007,9,10
A84008,4,4
A84009,17,17
A84011,6,6
A84013,6,6
A84014,9,10
A84015,2,2
A84016,6,6
A84018,7,8
A84020,8,7
A84021,4,4
A84022,8,7
A84024,10,11
A84025,3,3
A84026,6,6
A84027,3,3
A84028,14,14
A84029,4,4
A84030,9,9
A84031,6,7
A84032,2,2
A84033,5,5
A84034,7,7
A84035,4,4
A84036,16,15
A84037,5,5
A84038,6,5
A84039,3,3
A84040,3,3
A84042,2,2
A84043,9,10
A84044,6,6
A84045,4,4
A84047,6,6
A84048,,7
A84604,2,2
A84609,4,4
A84614,2,2
A84619,3,3
A85001,5,7
A85002,2,2
A85003,4,2
A85004,6,6
A85005,13,16
A85006,11,11
A85007,7,7
A85008,13,15
A85009,3,3
A85010,10,10
A85011,6,6
A85012,1,1
A85013,3,3
A85014,3,3
A85016,10,10
A85017,6,6
A85018,4,4
A85019,11,9
A85020,11,11
A85021,3,3
A85023,3,4
A85024,3,3
A85026,5,5
A85605,1,2
A85609,1,1
A85611,5,5
A85614,8,8
A85616,3,4
A85617,4,4
A85620,4,3
A86003,24,23
A86004,9,9
A86005,5,5
A86006,5,5
A86007,2,2
A86008,8,10
A86010,6,5
A86011,11,11
A86012,5,5
A86013,5,5
A86015,7,7
A86016,6,7
A86017,6,6
A86018,10,10
A86020,5,5
A86021,7,8
A86022,7,7
A86023,6,6
A86024,8,8
A86025,6,6
A86026,9,9
A86027,6,5
A86028,3,2
A86029,10,10
A86030,5,5
A86031,4,4
A86033,4,4
A86035,2,2
A86036,7,8
A86037,2,7
A86038,6,6
A86040,7,6
A86041,4,4
A86601,4,5
A87002,5,5
A87003,8,10
A87004,14,14
A87005,7,7
A87006,5,4
A87007,7,7
A87008,4,4
A87009,10,10
A87011,4,4
A87012,6,6
A87013,9,11
A87014,6,6
A87015,4,4
A87016,13,12
A87017,7,6
A87019,2,4
A87020,7,7
A87022,4,4
A87023,5,5
A87027,5,5
A87029,8,8
A87030,7,6
A87600,3,3
A87612,5,5
A87615,5,5
A88001,2,2
A88002,8,9
A88003,9,9
A88004,4,4
A88005,3,3
A88006,6,6
A88007,5,5
A88008,5,5
A88009,5,5
A88010,2,2
A88012,4,4
A88013,16,14
A88014,1,1
A88015,3,3
A88016,5,6
A88020,1,1
A88022,5,5
A88023,3,3
A88025,2,2
A88601,2,2
A88603,1,1
A88608,9,5
A88613,3,3
A88614,1,1
A89001,8,7
A89002,2,3
A89003,3,3
A89004,8,7
A89005,4,4
A89006,3,3
A89007,4,4
A89008,3,3
A89009,5,5
A89010,8,10
A89011,3,3
A89012,3,3
A89013,5,4
A89014,1,1
A89015,6,6
A89016,6,7
A89017,7,7
A89018,4,4
A89019,6,6
A89020,6,6
A89021,,
A89022,4,4
A89023,6,6
A89024,3,3
A89025,7,9
A89026,2,2
A89027,6,6
A89028,5,5
A89029,2,2
A89030,,
A89031,1,1
A89032,2,2
A89034,2,2
A89035,4,3
A89036,1,1
A89040,2,2
A89041,3,3
A89042,6,6
A89603,1,1
A89604,4,4
A89610,2,2
A89612,1,1
A89614,3,3
A89616,1,1
A89617,1,1
A89620,1,1
A89623,,
A89624,2,2
B81002,2,2
B81003,10,10
B81004,12,11
B81005,7,7
B81006,7,6
B81007,7,10
B81008,8,8
B81009,9,9
B81010,8,9
B81011,4,4
B81012,2,2
B81013,6,6
B81014,3,3
B81015,6,6
B81016,5,5
B81017,5,5
B81018,3,3
B81020,6,5
B81021,4,4
B81022,7,7
B81023,3,3
B81024,6,6
B81025,6,6
B81026,12,12
B81027,6,6
B81029,8,8
B81030,7,6
B81031,6,7
B81032,2,2
B81034,7,7
B81035,3,3
B81036,,
B81037,11,11
B81038,5,4
B81039,14,14
B81040,7,7
B81041,5,5
B81042,9,9
B81043,9,9
B81045,9,8
B81046,5,5
B81047,4,4
B81048,3,3
B81049,8,8
B81050,9,8
B81051,7,7
B81052,2,2
B81053,,
B81054,4,4
B81055,2,2
B81056,7,7
B81057,1,1
B81058,4,4
B81060,,
B81061,23,23
B81062,12,12
B81063,5,4
B81064,4,4
B81065,8,
B81066,2,2
B81068,10,10
B81069,6,6
B81070,2,2
B81074,3,3
B81075,,
B81077,5,5
B81080,1,1
B81081,2,2
B81082,4,4
B81084,3,5
B81085,,
B81087,3,3
B81088,5,5
B81089,1,1
B81090,4,4
B81091,5,5
B81092,6,6
B81094,1,1
B81095,1,1
B81097,,
B81099,5,5
B81100,1,1
B81101,7,7
B81104,3,3
B81108,2,2
B81109,6,6
B81112,2,2
B81113,5,6
B81118,5,5
B81119,3,3
B81120,2,2
B81121,2,2
B81602,2,3
B81603,4,4
B81606,2,2
B81616,1,1
B81617,5,3
B81619,2,2
B81620,5,5
B81628,3,3
B81631,1,1
B81635,2,2
B81642,2,2
B81645,2,2
B81647,1,1
B81648,1,1
B81653,2,2
B81655,2,2
B81656,4,4
B81658,3,3
B81663,1,1
B81664,1,1
B81665,2,2
B81666,1,1
B81675,,
B81677,2,2
B81682,2,2
B81683,1,1
B81688,1,1
B81692,2,2
B81693,1,1
B81697,1,1
B82001,9,10
B82002,6,5
B82004,9,9
B82005,47,47
B82007,9,9
B82008,9,9
B82010,5,5
B82011,4,4
B82012,10,10
B82013,15,15
B82014,5,5
B82016,7,7
B82017,19,20
B82018,5,5
B82019,3,3
B82020,9,8
B82021,7,7
B82022,5,5
B82023,3,3
B82024,7,7
B82025,13,13
B82026,18,18
B82027,15,16
B82028,10,11
B82029,3,3
B82030,5,5
B82031,7,7
B82032,13,11
B82033,7,7
B82034,4,5
B82035,3,3
B82036,8,9
B82037,8,6
B82038,4,4
B82041,9,9
B82042,8,9
B82044,7,7
B82045,4,4
B82046,3,3
B82047,9,9
B82049,6,6
B82050,14,15
B82053,12,12
B82054,10,10
B82057,5,5
B82059,8,9
B82060,11,11
B82061,7,7
B82062,2,2
B82063,12,10
B82064,3,3
B82066,8,8
B82067,6,6
B82068,2,2
B82069,6,5
B82071,5,5
B82072,4,4
B82073,6,6
B82074,13,13
B82075,6,6
B82077,4,4
B82078,7,6
B82079,3,3
B82080,11,11
B82081,9,9
B82083,,
B82086,,
B82088,10,8
B82091,5,5
B82092,2,2
B82097,10,10
B82098,15,15
B82100,4,4
B82101,7,7
B82103,2,2
B82104,5,5
B82105,6,6
B82106,4,4
B82609,4,5
B82611,6,5
B82619,2,2
B82622,2,2
B82628,3,2
B83002,6,6
B83005,4,4
B83006,9,10
B83007,4,4
B83008,9,9
B83009,6,6
B83010,10,10
B83011,2,2
B83012,5,5
B83013,6,6
B83014,12,12
B83015,3,4
B83016,8,8
B83017,6,6
B83018,7,10
B83019,8,8
B83020,,6
B83021,9,8
B83022,7,7
B83023,7,7
B83025,3,3
B83026,2,2
B83027,6,6
B83028,6,6
B83029,6,6
B83030,,11
B83031,4,4
B83032,1,1
B83033,10,10
B83034,3,3
B83035,3,3
B83037,8,8
B83038,11,9
B83039,13,12
B83040,8,8
B83041,6,6
B83042,7,7
B83043,2,2
B83044,5,5
B83045,3,3
B83049,3,3
B83050,7,7
B83051,3,3
B83052,6,6
B83054,3,3
B83055,26,29
B83056,8,8
B83058,3,3
B83061,2,2
B83062,9,8
B83063,9,10
B83064,10,9
B83067,6,6
B83069,4,4
B83070,2,2
B83602,1,1
B83604,2,2
B83611,2,1
B83613,1,1
B83614,2,2
B83617,3,3
B83620,2,2
B83621,6,6
B83622,,
B83624,16,20
B83626,2,2
B83627,2,3
B83628,5,5
B83629,2,2
B83638,1,1
B83641,7,7
B83642,1,1
B83653,7,11
B83657,2,2
B83659,2,1
B83660,,
B83661,1,1
B84001,3,8
B84002,2,2
B84003,5,5
B84004,11,11
B84005,6,6
B84006,7,7
B84007,8,8
B84008,9,10
B84009,7,7
B84010,5,5
B84011,7,
B84012,7,6
B84013,4,5
B84014,1,1
B84016,5,5
B84017,1,1
B84019,5,5
B84021,5,5
B84610,1,1
B84612,3,3
B84613,5,5
B84615,4,3
B84618,8,10
B84623,3,3
B85001,5,5
B85002,3,4
B85004,3,3
B85005,5,4
B85006,14,16
B85008,2,2
B85009,6,6
B85010,3,3
B85012,8,9
B85014,5,6
B85015,5,5
B85016,6,6
B85018,5,5
B85019,7,7
B85020,2,2
B85021,4,4
B85022,6,6
B85023,4,4
B85024,8,8
B85025,8,8
B85026,9,9
B85027,9,8
B85028,9,9
B85030,4,4
B85031,5,5
B85032,6,6
B85033,2,2
B85036,4,4
B85037,4,4
B85038,3,3
B85041,8,8
B85042,4,4
B85044,3,3
B85048,1,1
B85051,5,5
B85054,3,3
B85055,6,6
B85058,1,1
B85059,4,4
B85060,2,2
B85061,6,6
B85062,6,6
B85606,2,2
B85610,4,4
B85611,1,3
B85612,4,4
B85614,2,2
B85619,2,2
B85620,2,2
B85621,2,2
B85622,4,4
B85623,3,3
B85634,2,2
B85636,3,3
B85638,2,2
B85640,1,1
B85641,3,3
B85644,2,2
B85645,2,2
B85646,4,4
B85650,,
B85652,5,5
B85655,2,2
B85659,2,2
B85660,4,4
B86001,2,2
B86002,5,7
B86003,11,13
B86004,6,6
B86005,3,3
B86006,8,8
B86007,7,7
B86008,12,12
B86009,6,5
B86010,9,9
B86011,3,6
B86012,10,11
B86013,10,10
B86014,9,9
B86015,8,8
B86016,11,11
B86017,11,11
B86018,8,9
B86019,6,6
B86020,5,6
B86022,11,11
B86023,3,3
B86024,5,5
B86025,6,6
B86028,3,3
B86029,7,7
B86030,8,8
B86031,3,4
B86032,,
B86033,9,9
B86034,6,6
B86035,5,5
B86036,10,10
B86037,1,1
B86038,6,9
B86039,3,4
B86041,4,4
B86042,12,11
B86043,3,3
B86044,25,22
B86047,8,8
B86048,10,10
B86049,5,6
B86050,15,15
B86051,6,6
B86052,6,6
B86054,6,6
B86055,6,
B86056,5,5
B86057,14,13
B86058,1,1
B86059,12,12
B86060,4,4
B86061,2,2
B86062,7,7
B86064,9,9
B86066,7,7
B86067,8,8
B86068,6,6
B86069,9,7
B86070,7,6
B86071,4,4
B86074,4,4
B86075,7,7
B86077,11,10
B86081,8,8
B86086,5,5
B86089,3,3
B86092,3,3
B86093,5,5
B86094,3,3
B86095,4,4
B86096,3,3
B86100,9,10
B86101,2,2
B86103,2,2
B86104,4,4
B86106,7,6
B86108,3,3
B86109,5,5
B86110,18,18
B86623,1,2
B86625,4,4
B86633,4,3
B86638,3,3
B86642,2,2
B86643,2,2
B86648,3,3
B86654,2,2
B86655,1,1
B86658,3,3
B86666,2,2
B86667,4,4
B86669,,
B86672,3,3
B86673,4,4
B86675,2,4
B86678,2,2
B86682,,
B87001,10,9
B87002,8,8
B87003,6,8
B87004,7,7
B87005,7,8
B87006,5,4
B87007,7,9
B87008,12,12
B87009,5,6
B87011,9,11
B87012,3,3
B87013,9,9
B87015,4,4
B87016,10,10
B87017,16,18
B87018,6,9
B87019,4,4
B87020,9,8
B87021,5,5
B87022,3,4
B87023,9,11
B87025,3,3
B87026,8,6
B87027,9,9
B87028,5,5
B87030,10,10
B87031,11,10
B87032,6,6
B87033,5,3
B87036,2,2
B87039,8,7
B87040,5,3
B87041,3,4
B87042,6,5
B87044,1,1
B87600,1,2
B87602,3,3
B87604,2,2
C81001,9,9
C81002,12,12
C81003,8,8
C81004,7,7
C81005,13,14
C81006,7,7
C81007,6,6
C81008,3,2
C81009,10,9
C81010,7,7
C81012,11,11
C81013,4,3
C81014,7,7
C81015,11,11
C81016,6,7
C81017,9,
C81018,7,8
C81019,3,3
C81020,5,5
C81021,10,10
C81022,2,2
C81023,5,5
C81025,9,8
C81026,3,3
C81027,8,6
C81028,6,6
C81029,13,13
C81030,12,10
C81031,7,7
C81032,9,9
C81033,9,10
C81034,7,8
C81035,7,7
C81036,4,4
C81037,6,6
C81038,,
C81039,8,8
C81040,4,4
C81041,13,11
C81042,6,6
C81044,9,9
C81045,11,11
C81046,4,4
C81047,7,7
C81048,8,7
C81049,9,8
C81050,6,6
C81051,13,14
C81052,6,6
C81053,7,7
C81054,10,10
C81055,2,2
C81056,3,3
C81057,7,7
C81058,8,8
C81059,2,2
C81060,6,6
C81061,12,12
C81062,7,7
C81063,7,6
C81064,9,9
C81065,4,4
C81066,6,6
C81067,7,7
C81068,8,8
C81069,9,9
C81070,4,4
C81071,11,11
C81072,24,23
C81073,8,8
C81074,4,4
C81075,4,4
C81076,3,2
C81077,2,2
C81080,3,3
C81081,8,10
C81082,3,4
C81083,7,6
C81084,11,11
C81086,5,5
C81087,6,6
C81089,3,3
C81090,2,2
C81091,4,4
C81092,7,7
C81094,6,5
C81095,2,2
C81096,3,3
C81097,5,5
C81099,4,4
C81100,,
C81101,9,9
C81104,2,2
C81106,4,3
C81108,9,9
C81110,7,7
C81113,3,3
C81114,8,8
C81115,5,6
C81118,6,
C81604,2,3
C81611,3,3
C81615,2,2
C81616,2,2
C81634,3,3
C81638,4,5
C81640,2,2
C81642,3,3
C81647,5,5
C81648,1,1
C81649,6,6
C81652,3,3
C81653,4,4
C81654,4,4
C81655,3,3
C81658,,
C81660,1,1
C81661,3,3
C81662,5,5
C82001,4,4
C82002,8,8
C82003,7,7
C82005,8,5
C82007,8,8
C82008,2,2
C82009,12,12
C82010,11,11
C82011,9,8
C82012,7,7
C82013,14,14
C82014,12,8
C82015,2,2
C82016,6,6
C82017,10,10
C82018,9,7
C82019,2,2
C82020,7,7
C82021,8,7
C82022,5,5
C82023,2,2
C82024,10,10
C82025,7,8
C82026,5,5
C82027,5,5
C82028,6,8
C82029,9,6
C82030,7,7
C82031,5,5
C82032,8,8
C82033,6,6
C82034,7,7
C82035,6,6
C82036,10,8
C82037,6,6
C82038,23,21
C82039,5,
C82040,7,7
C82041,10,10
C82042,6,6
C82043,9,9
C82044,7,7
C82045,3,3
C82046,15,14
C82047,5,5
C82048,3,3
C82050,8,8
C82051,6,6
C82052,3,2
C82053,12,
C82054,5,5
C82055,7,7
C82056,10,10
C82059,1,1
C82060,2,4
C82061,8,7
C82062,4,4
C82063,5,5
C82064,9,9
C82066,14,14
C82067,7,7
C82068,14,15
C82070,6,6
C82071,6,6
C82072,3,3
C82073,6,7
C82075,9,7
C82076,3,3
C82077,11,11
C82078,8,8
C82079,7,6
C82080,3,3
C82082,6,5
C82084,1,1
C82086,5,5
C82088,3,3
C82091,4,5
C82092,2,2
C82093,6,6
C82094,,
C82095,4,4
C82096,8,8
C82097,2,2
C82098,5,5
C82099,3,3
C82100,6,6
C82102,1,2
C82103,7,6
C82105,1,1
C82107,4,4
C82109,13,13
C82111,5,5
C82112,5,4
C82114,3,3
C82116,2,2
C82119,3,3
C82120,3,2
C82121,6,10
C82122,3,3
C82123,3,3
C82124,12,12
C82600,1,1
C82610,2,2
C82611,4,4
C82614,1,1
C82620,,
C82623,2,2
C82624,1,2
C82626,1,1
C82627,4,4
C82628,3,3
C82631,7,7
C82634,3,3
C82639,2,2
C82642,4,4
C82643,8,8
C82644,1,1
C82649,3,3
C82650,3,3
C82651,2,2
C82653,1,1
C82656,,
C82657,2,2
C82659,3,3
C82660,4,4
C82662,4,4
C82663,1,2
C82667,3,3
C82669,1,1
C82671,4,4
C82676,4,4
C82678,2,2
C82680,1,1
C83001,5,5
C83002,4,4
C83003,6,8
C83004,4,4
C83005,5,5
C83006,2,2
C83007,10,10
C83008,3,3
C83009,5,5
C83010,5,5
C83011,5,5
C83013,2,2
C83014,6,6
C83015,4,5
C83016,4,4
C83018,4,5
C83019,10,11
C83020,7,7
C83022,6,6
C83023,4,4
C83024,4,3
C83025,7,7
C83026,13,13
C83027,4,4
C83028,4,4
C83029,4,4
C83030,2,3
C83031,8,8
C83032,4,4
C83033,3,3
C83035,10,9
C83036,4,4
C83037,6,6
C83038,7,7
C83039,4,4
C83040,5,5
C83041,2,2
C83042,7,7
C83043,5,5
C83044,4,4
C83045,,7
C83046,2,2
C83047,4,4
C83048,6,6
C83049,7,6
C83051,4,4
C83052,1,4
C83053,1,1
C83054,7,6
C83055,4,4
C83056,6,6
C83057,2,2
C83058,4,6
C83059,4,4
C83060,3,3
C83061,6,6
C83062,1,1
C83063,8,8
C83064,3,3
C83065,3,3
C83067,4,4
C83068,2,2
C83071,4,4
C83072,6,6
C83073,4,4
C83074,3,3
C83075,3,3
C83078,4,4
C83079,6,4
C83080,2,2
C83082,9,5
C83083,5,4
C83085,7,9
C83605,3,3
C83611,4,4
C83613,2,2
C83614,1,4
C83617,5,5
C83626,3,3
C83628,4,4
C83631,2,2
C83633,,
C83634,5,5
C83635,4,4
C83637,2,2
C83641,3,3
C83643,3,3
C83649,3,3
C83650,3,3
C83652,,
C83653,2,2
C84001,18,
C84002,7,7
C84003,4,4
C84004,,3
C84005,13,10
C84008,3,3
C84009,8,7
C84010,5,5
C84011,7,7
C84012,7,7
C84013,11,11
C84014,9,9
C84016,7,9
C84017,17,17
C84018,15,13
C84019,7,7
C84020,4,4
C84021,7,7
C84023,14,14
C84024,11,11
C84025,6,5
C84026,8,8
C84028,5,5
C84029,10,10
C84030,7,7
C84031,1,1
C84032,8,9
C84033,3,3
C84034,6,5
C84035,8,8
C84036,6,6
C84037,8,8
C84039,8,8
C84042,8,8
C84043,5,6
C84044,7,8
C84045,4,4
C84046,7,10
C84047,10,9
C84048,9,9
C84049,8,7
C84051,11,11
C84052,2,2
C84053,,13
C84055,5,5
C84057,1,1
C84059,7,7
C84060,6,6
C84061,2,2
C84063,6,6
C84064,3,3
C84065,5,5
C84066,7,7
C84067,2,2
C84069,6,6
C84072,9,9
C84074,3,3
C84076,1,1
C84077,8,7
C84078,14,13
C84080,8,9
C84081,4,4
C84084,7,7
C84085,7,7
C84086,6,6
C84087,4,4
C84090,6,6
C84091,8,7
C84092,3,3
C84094,10,10
C84095,5,5
C84096,4,5
C84101,3,
C84103,3,4
C84104,2,2
C84105,9,9
C84106,6,6
C84107,6,6
C84112,3,3
C84113,10,10
C84114,5,5
C84115,4,2
C84116,9,6
C84117,6,6
C84120,17,16
C84122,11,10
C84123,1,1
C84124,7,7
C84125,5,5
C84127,,2
C84129,9,8
C84131,7,7
C84133,3,3
C84135,,
C84136,5,4
C84138,,
C84140,,
C84142,2,2
C84144,,
C84150,3,3
C84151,1,1
C84602,1,1
C84605,16,12
C84613,3,3
C84619,3,3
C84621,3,3
C84624,4,4
C84628,4,5
C84629,2,2
C84637,3,3
C84646,2,2
C84647,1,1
C84650,1,1
C84654,,
C84656,2,2
C84658,3,3
C84660,3,4
C84664,4,3
C84667,2,2
C84672,1,1
C84676,1,1
C84679,1,1
C84680,,
C84682,2,1
C84683,8,8
C84688,,3
C84691,7,7
C84692,2,2
C84693,,
C84694,2,2
C84695,2,2
C84696,1,1
C84698,,
C84703,5,5
C84704,1,1
C84705,3,3
C84709,5,5
C84710,2,2
C84712,2,2
C84714,2,2
C84717,4,5
C85001,2,2
C85003,8,10
C85004,7,9
C85005,2,2
C85006,3,2
C85007,9,9
C85008,14,15
C85009,4,4
C85010,12,14
C85013,2,3
C85014,1,6
C85015,,
C85016,10,11
C85017,4,5
C85018,5,6
C85019,1,1
C85020,11,12
C85022,9,9
C85023,7,7
C85024,2,2
C85026,4,5
C85028,2,2
C85030,3,3
C85033,4,4
C85614,1,1
C85619,4,4
C85622,1,1
C85623,3,3
C85628,1,1
C86001,4,4
C86002,5,5
C86003,6,6
C86005,4,4
C86006,,
C86007,9,9
C86009,6,4
C86011,7,7
C86012,3,3
C86013,6,6
C86014,4,4
C86015,4,4
C86016,4,4
C86017,6,6
C86018,2,2
C86019,16,16
C86020,6,6
C86021,3,3
C86022,5,5
C86023,7,7
C86024,10,10
C86025,1,1
C86026,2,2
C86029,8,8
C86030,1,1
C86032,2,2
C86033,3,3
C86034,,
C86037,11,11
C86038,8,8
C86039,3,3
C86605,3,3
C86606,2,2
C86609,2,2
C86611,6,6
C86613,3,3
C86614,5,5
C86616,,
C86621,2,2
C86623,1,1
C86625,1,1
C86626,1,1
C87002,20,20
C87003,3,3
C87004,10,10
C87005,13,14
C87006,1,1
C87007,7,7
C87008,9,8
C87009,6,6
C87010,1,1
C87012,11,10
C87013,5,5
C87014,5,5
C87015,5,5
C87016,7,7
C87017,6,6
C87018,4,5
C87020,8,8
C87022,6,6
C87023,1,1
C87024,2,2
C87029,11,9
C87030,9,9
C87031,1,1
C87603,2,2
C87604,1,1
C87606,2,2
C87608,3,3
C87616,1,1
C87620,3,3
C87621,2,2
C87622,5,5
C88005,7,7
C88006,4,4
C88007,15,15
C88008,12,12
C88009,6,6
C88010,18,16
C88011,6,6
C88014,5,5
C88015,12,14
C88016,8,8
C88018,5,5
C88019,7,6
C88020,5,6
C88021,3,3
C88022,3,3
C88023,5,5
C88024,3,3
C88025,7,7
C88026,8,8
C88027,8,8
C88028,7,7
C88030,4,4
C88031,8,8
C88032,4,4
C88033,4,4
C88034,8,7
C88035,12,12
C88036,6,6
C88037,6,6
C88038,11,11
C88039,8,7
C88040,5,5
C88041,9,9
C88042,4,4
C88043,9,9
C88044,6,5
C88045,9,9
C88046,2,2
C88047,6,6
C88048,4,4
C88049,6,6
C88050,3,3
C88051,8,8
C88052,6,6
C88053,2,2
C88054,7,6
C88057,1,1
C88059,1,1
C88060,3,3
C88062,3,3
C88068,3,3
C88069,13,13
C88070,10,10
C88072,15,16
C88073,7,6
C88074,4,4
C88076,7,7
C88077,3,3
C88078,7,7
C88079,7,6
C88082,2,2
C88083,3,3
C88084,2,2
C88085,10,10
C88086,3,3
C88087,11,11
C88088,7,7
C88090,4,4
C88091,2,2
C88092,7,7
C88095,8,7
C88096,7,7
C88622,1,1
C88627,11,11
C88631,1,1
C88643,2,2
C88647,4,4
C88648,7,9
C88652,4,4
C88655,1,1
C88656,2,2
D81001,9,9
D81002,8,8
D81003,10,10
D81004,7,8
D81005,8,8
D81007,4,2
D81008,5,5
D81009,8,8
D81010,7,7
D81011,8,8
D81012,11,11
D81013,12,12
D81014,12,12
D81015,3,3
D81016,8,8
D81017,5,5
D81018,5,5
D81019,1,1
D81020,6,7
D81021,6,6
D81022,6,7
D81023,5,5
D81024,5,5
D81025,7,7
D81026,20,18
D81027,6,6
D81028,6,8
D81029,8,8
D81030,6,6
D81031,10,10
D81032,7,9
D81033,5,4
D81034,17,17
D81035,7,8
D81036,3,3
D81037,6,6
D81038,7,7
D81039,5,5
D81040,1,1
D81041,4,4
D81042,4,
D81043,,
D81044,13,10
D81045,6,6
D81046,12,12
D81047,3,3
D81049,7,7
D81050,7,8
D81051,7,7
D81052,7,5
D81053,4,4
D81054,11,13
D81055,8,8
D81056,6,5
D81057,9,9
D81058,4,4
D81059,6,6
D81060,5,5
D81061,10,10
D81062,6,6
D81063,4,4
D81064,3,3
D81065,5,4
D81066,7,7
D81070,8,8
D81071,5,5
D81073,4,4
D81074,3,3
D81078,2,2
D81081,2,3
D81082,3,3
D81084,4,4
D81085,5,6
D81086,6,6
D81087,5,5
D81602,3,3
D81603,3,3
D81605,2,2
D81606,3,3
D81607,2,2
D81611,,
D81612,3,3
D81615,4,4
D81616,2,2
D81618,5,4
D81619,5,4
D81622,7,7
D81623,2,2
D81624,4,4
D81625,10,10
D81629,2,2
D81630,6,6
D81631,6,5
D81633,7,7
D81637,6,6
D81645,1,1
D82001,12,12
D82002,9,8
D82003,3,3
D82004,5,5
D82005,8,7
D82006,7,7
D82007,15,22
D82008,9,7
D82009,5,7
D82010,3,3
D82011,12,12
D82012,8,8
D82013,2,2
D82015,,
D82016,10,7
D82017,8,8
D82018,4,4
D82019,8,8
D82020,7,7
D82022,4,4
D82023,7,7
D82024,3,3
D82025,6,6
D82026,6,6
D82027,6,6
D82028,5,5
D82029,9,9
D82030,4,4
D82031,5,5
D82032,9,5
D82034,10,8
D82035,7,7
D82036,7,7
D82037,7,7
D82038,2,2
D82039,8,8
D82040,11,11
D82041,9,11
D82042,6,7
D82043,5,5
D82044,20,20
D82045,15,15
D82046,1,1
D82047,8,8
D82048,6,6
D82049,,
D82050,3,3
D82051,12,11
D82053,5,5
D82054,11,11
D82056,4,5
D82057,7,7
D82058,11,11
D82059,6,6
D82060,3,4
D82062,6,6
D82063,11,11
D82064,11,11
D82065,,
D82066,7,8
D82067,8,8
D82068,5,6
D82069,2,2
D82070,5,5
D82071,8,8
D82072,4,4
D82073,5,5
D82076,6,6
D82078,6,5
D82079,5,4
D82080,5,5
D82081,2,2
D82084,3,3
D82085,6,6
D82087,6,6
D82088,13,13
D82096,5,5
D82099,13,13
D82100,3,3
D82104,6,6
D82105,4,4
D82106,3,3
D82600,1,1
D82604,5,5
D82613,6,6
D82618,,
D82621,2,2
D82624,1,1
D82628,3,3
D83001,4,4
D83002,9,9
D83003,6,6
D83004,5,5
D83005,11,10
D83006,3,3
D83007,6,6
D83008,8,7
D83009,10,7
D83010,5,5
D83011,9,10
D83012,9,9
D83013,10,11
D83014,,
D83015,5,5
D83016,7,7
D83017,7,8
D83018,12,12
D83019,5,5
D83020,,
D83021,5,5
D83022,3,3
D83023,4,4
D83024,6,6
D83026,6,6
D83027,9,9
D83028,6,6
D83029,13,13
D83030,,
D83033,8,8
D83034,8,8
D83035,7,7
D83036,6,6
D83037,10,10
D83038,10,10
D83039,7,6
D83040,8,8
D83041,6,6
D83043,3,3
D83044,12,12
D83045,4,4
D83046,10,13
D83047,8,9
D83048,7,6
D83049,5,5
D83050,5,5
D83051,12,12
D83053,9,8
D83054,4,4
D83055,9,9
D83056,3,2
D83057,7,9
D83058,4,4
D83059,6,7
D83060,14,14
D83061,5,5
D83062,8,8
D83064,2,2
D83067,5,5
D83069,3,3
D83070,4,4
D83073,3,4
D83074,10,10
D83075,5,4
D83076,3,3
D83078,1,2
D83079,4,4
D83080,3,3
D83081,4,4
D83082,2,2
D83084,5,5
D83608,4,4
D83610,10,10
D83615,2,3
E81001,1,1
E81002,6,6
E81003,15,11
E81004,5,5
E81005,5,5
E81006,5,5
E81007,4,4
E81008,6,6
E81009,7,6
E81010,5,5
E81011,9,9
E81012,7,7
E81013,6,4
E81014,6,6
E81015,9,9
E81016,3,3
E81017,6,6
E81018,5,5
E81019,10,9
E81021,6,7
E81022,7,7
E81023,1,1
E81024,4,4
E81025,2,2
E81026,3,4
E81027,5,5
E81028,6,6
E81029,10,10
E81030,6,4
E81031,3,3
E81032,5,5
E81033,9,9
E81034,4,3
E81035,2,2
E81036,10,7
E81037,7,8
E81038,14,14
E81040,5,6
E81041,3,3
E81043,1,1
E81044,10,5
E81045,4,4
E81046,6,6
E81047,7,8
E81048,10,13
E81049,3,3
E81050,8,8
E81052,4,4
E81054,1,1
E81056,2,2
E81057,6,6
E81059,3,4
E81060,2,2
E81061,4,4
E81062,3,3
E81063,5,5
E81064,3,3
E81065,3,3
E81069,5,5
E81073,7,5
E81074,9,10
E81075,5,
E81076,2,3
E81077,2,2
E81611,1,1
E81612,3,3
E81615,1,1
E81617,1,1
E81631,3,3
E81632,3,3
E81633,2,2
E81635,3,3
E82001,11,14
E82002,6,6
E82004,2,
E82005,9,10
E82006,6,6
E82007,5,5
E82008,7,7
E82009,7,7
E82012,8,11
E82013,8,8
E82014,9,9
E82015,6,6
E82017,6,6
E82018,7,9
E82019,11,11
E82020,,
E82021,3,3
E82022,10,10
E82023,6,6
E82024,6,6
E82025,13,13
E82027,13,13
E82028,6,6
E82031,14,14
E82032,13,15
E82034,5,5
E82035,7,7
E82037,10,10
E82038,6,5
E82039,6,6
E82040,7,7
E82041,5,5
E82042,5,5
E82043,9,9
E82044,13,15
E82045,5,5
E82046,7,7
E82048,5,5
E82049,4,4
E82050,3,3
E82051,,
E82053,5,6
E82054,7,6
E82055,8,8
E82056,5,5
E82057,3,3
E82058,8,8
E82059,4,4
E82060,13,13
E82061,7,8
E82062,9,9
E82063,5,5
E82064,4,5
E82066,1,1
E82067,7,7
E82068,8,8
E82069,2,2
E82070,3,3
E82071,7,8
E82072,6,10
E82073,8,8
E82074,12,12
E82075,10,10
E82076,4,4
E82077,6,6
E82078,8,
E82079,3,3
E82080,7,6
E82081,8,8
E82082,11,11
E82083,11,11
E82084,11,10
E82085,7,7
E82086,11,11
E82088,8,10
E82089,8,7
E82090,6,6
E82091,10,10
E82092,7,9
E82093,9,9
E82094,4,4
E82095,7,7
E82096,5,5
E82098,6,6
E82099,8,9
E82100,9,9
E82102,7,8
E82104,2,3
E82105,2,2
E82106,7,9
E82107,5,6
E82109,3,3
E82111,2,2
E82113,3,3
E82115,5,5
E82117,6,6
E82121,2,2
E82123,6,7
E82124,,
E82126,5,2
E82129,,
E82130,7,6
E82131,2,2
E82132,5,5
E82133,3,3
E82603,3,3
E82613,3,3
E82620,1,1
E82626,4,4
E82627,1,1
E82630,4,4
E82638,4,4
E82640,4,5
E82641,6,6
E82643,4,4
E82644,1,1
E82652,2,2
E82654,3,2
E82655,2,2
E82656,2,2
E82657,3,3
E82661,2,2
E82663,1,
E83003,7,7
E83005,5,5
E83006,4,4
E83007,4,4
E83008,6,6
E83009,9,9
E83010,7,7
E83011,7,7
E83012,4,4
E83013,4,4
E83016,14,14
E83017,7,7
E83018,11,11
E83020,6,6
E83021,8,8
E83024,9,9
E83025,6,6
E83026,3,3
E83027,6,5
E83028,4,5
E83030,4,4
E83031,3,3
E83032,10,11
E83034,2,2
E83035,5,4
E83036,2,2
E83037,5,5
E83038,6,6
E83039,5,5
E83041,3,3
E83042,1,1
E83044,4,4
E83045,5,6
E83046,5,5
E83049,5,5
E83050,3,3
E83053,13,11
E83600,4,4
E83613,,
E83621,5,5
E83622,5,6
E83624,1,1
E83629,,
E83631,3,3
E83632,,
E83633,2,2
E83637,2,2
E83638,4,4
E83639,5,5
E83644,1,1
E83649,2,2
E83650,1,1
E83653,4,4
E83654,3,3
E83656,2,1
E83657,1,1
E83658,,
E83668,2,2
E84002,6,6
E84003,3,3
E84004,5,5
E84005,4,4
E84006,9,9
E84007,3,3
E84008,,
E84009,8,8
E84011,,
E84012,4,4
E84013,5,5
E84014,7,7
E84015,10,10
E84017,5,5
E84018,5,5
E84020,2,2
E84021,8,8
E84022,4,4
E84023,3,3
E84024,26,26
E84025,7,7
E84026,4,4
E84028,4,4
E84029,2,3
E84030,,4
E84031,6,6
E84032,7,7
E84033,5,5
E84036,5,2
E84039,7,7
E84040,4,4
E84042,,
E84044,8,8
E84048,10,
E84049,4,4
E84051,7,8
E84053,3,3
E84057,,
E84058,11,11
E84059,,
E84061,8,7
E84062,3,3
E84063,2,2
E84066,3,3
E84067,6,7
E84068,11,11
E84069,9,9
E84070,3,3
E84074,4,4
E84075,,
E84076,4,4
E84077,2,2
E84078,5,8
E84080,6,6
E84083,7,7
E84086,4,4
E84601,6,6
E84617,4,4
E84620,4,4
E84624,3,3
E84626,2,2
E84635,4,4
E84637,3,3
E84638,3,3
E84645,3,3
E84646,4,4
E84647,2,2
E84653,2,2
E84656,3,3
E84657,2,2
E84658,3,4
E84663,6,6
E84665,1,1
E84667,4,4
E84669,4,3
E84674,2,2
E84676,2,2
E84678,5,5
E84680,2,2
E84681,3,3
E84684,2,2
E84685,5,5
E84690,3,3
E84693,5,5
E84696,,
E84699,,1
E84701,4,4
E84702,3,3
E84704,2,2
E84705,2,2
E84709,,
E84713,1,1
E85001,4,4
E85003,15,14
E85004,,
E85005,2,1
E85006,2,2
E85007,6,6
E85008,7,7
E85012,2,2
E85013,3,3
E85014,5,5
E85015,5,5
E85016,7,10
E85018,,
E85019,6,6
E85020,19,19
E85021,4,4
E85023,1,1
E85024,4,4
E85025,3,3
E85026,11,11
E85028,6,6
E85029,10,10
E85030,5,5
E85032,,
E85033,6,6
E85034,4,4
E85035,3,3
E85038,2,2
E85040,6,7
E85041,2,2
E85042,2,2
E85044,,
E85045,3,4
E85046,4,4
E85048,4,4
E85049,,
E85050,4,5
E85051,5,5
E85052,2,2
E85053,,
E85054,7,
E85055,6,6
E85056,3,3
E85057,6,6
E85058,4,4
E85059,3,3
E85060,7,7
E85061,,
E85062,,
E85064,3,3
E85066,3,3
E85069,3,3
E85071,1,1
E85074,2,2
E85075,4,4
E85077,2,2
E85083,6,6
E85088,3,3
E85090,4,4
E85091,1,1
E85096,3,3
E85098,1,1
E85099,1,1
E85103,2,2
E85105,2,2
E85107,7,7
E85108,2,2
E85109,2,2
E85110,3,3
E85111,2,2
E85112,2,2
E85113,5,5
E85114,8,7
E85115,,
E85116,3,3
E85117,5,5
E85118,5,5
E85119,3,3
E85120,14,14
E85121,5,5
E85122,9,9
E85123,10,10
E85124,10,10
E85125,4,4
E85126,2,2
E85127,6,6
E85128,9,9
E85129,5,5
E85130,4,4
E85600,4,4
E85605,7,7
E85617,4,4
E85623,3,3
E85624,,6
E85625,4,4
E85628,6,6
E85630,1,1
E85633,3,3
E85635,3,3
E85636,4,12
E85640,2,2
E85643,2,2
E85649,2,2
E85656,2,2
E85657,6,6
E85658,5,5
E85659,5,5
E85663,2,2
E85672,1,1
E85673,,
E85677,6,6
E85680,8,10
E85681,5,5
E85682,4,3
E85683,2,2
E85685,4,4
E85686,,
E85687,1,1
E85692,6,6
E85693,6,6
E85694,3,3
E85696,4,4
E85697,3,3
E85699,2,2
E85700,,
E85707,4,4
E85708,3,3
E85712,2,2
E85713,5,5
E85714,3,3
E85715,3,3
E85716,6,6
E85718,4,4
E85719,5,5
E85721,1,1
E85723,2,2
E85725,4,5
E85726,1,1
E85727,2,2
E85733,1,1
E85734,,6
E85735,2,2
E85736,7,7
E85739,,
E85740,2,1
E85743,1,1
E85744,2,3
E85745,4,4
E85746,2,2
E85748,4,4
E85750,4,4
E86001,10,
E86003,2,2
E86004,2,2
E86005,7,7
E86006,6,6
E86007,7,7
E86009,5,6
E86010,3,3
E86011,3,3
E86012,6,6
E86014,2,3
E86015,8,8
E86016,2,2
E86017,6,6
E86018,4,4
E86019,5,5
E86020,3,3
E86022,6,6
E86024,3,3
E86026,4,4
E86027,6,6
E86028,3,3
E86029,7,7
E86030,4,4
E86033,5,5
E86034,,
E86036,4,4
E86038,4,4
E86041,,4
E86042,4,4
E86605,2,2
E86609,3,3
E86610,1,1
E86612,4,4
E86615,3,3
E86618,5,5
E86619,4,4
E86620,1,1
E86625,3,3
E86626,3,3
E86629,1,1
E86632,1,1
E86637,4,4
E86640,3,3
E87002,12,12
E87003,2,3
E87004,,
E87005,3,3
E87006,,
E87007,4,4
E87008,11,11
E87009,3,3
E87010,4,4
E87011,6,6
E87013,8,8
E87016,11,11
E87021,3,3
E87024,4,4
E87026,2,2
E87029,,
E87034,13,9
E87037,5,5
E87038,3,3
E87043,4,4
E87045,1,1
E87046,5,5
E87047,3,3
E87048,3,3
E87050,,
E87052,,
E87057,3,3
E87061,5,5
E87063,6,6
E87065,3,3
E87066,6,7
E87067,6,6
E87069,3,3
E87070,,
E87609,7,7
E87637,8,8
E87648,3,3
E87663,4,4
E87665,3,4
E87677,8,7
E87681,6,6
E87682,4,4
E87694,1,1
E87701,5,
E87702,1,1
E87706,3,3
E87714,2,2
E87715,8,8
E87720,6,6
E87722,2,2
E87733,,
E87735,1,1
E87737,6,6
E87738,11,11
E87739,3,3
E87740,4,5
E87741,2,2
E87742,1,1
E87745,4,3
E87746,2,2
E87750,3,3
E87751,1,1
E87753,4,4
E87754,9,8
E87755,,
E87756,3,3
E87762,2,2
E87768,,11
E87772,3,3
F81001,11,12
F81003,2,2
F81004,7,7
F81006,2,2
F81007,6,7
F81009,6,9
F81010,5,5
F81011,5,5
F81012,6,6
F81013,5,5
F81014,,
F81015,9,9
F81016,1,1
F81017,3,3
F81018,2,2
F81019,9,13
F81020,8,7
F81021,6,6
F81022,10,10
F81023,6,6
F81024,2,2
F81025,4,4
F81026,1,1
F81027,,
F81028,3,3
F81029,2,2
F81030,8,8
F81031,4,4
F81032,3,3
F81034,6,6
F81035,4,4
F81036,7,
F81037,5,5
F81038,7,7
F81040,4,4
F81041,4,4
F81042,17,17
F81043,12,12
F81044,5,6
F81045,3,3
F81046,4,6
F81047,7,8
F81048,5,5
F81049,8,8
F81051,2,2
F81052,6,7
F81053,20,6
F81055,7,7
F81056,5,5
F81057,5,6
F81060,3,3
F81061,1,1
F81062,7,7
F81065,2,2
F81066,7,7
F81067,8,8
F81068,12,12
F81069,4,4
F81070,2,2
F81071,7,7
F81072,1,1
F81073,3,3
F81074,6,7
F81075,6,6
F81076,2,2
F81078,5,5
F81079,6,6
F81080,7,7
F81081,20,24
F81082,5,5
F81083,11,11
F81084,2,2
F81085,6,7
F81086,4,4
F81087,9,9
F81088,1,1
F81089,5,7
F81090,7,7
F81091,5,5
F81092,2,2
F81094,,
F81095,9,9
F81096,5,7
F81097,10,10
F81098,6,6
F81099,6,6
F81100,13,13
F81101,1,1
F81102,4,4
F81104,4,4
F81105,10,10
F81106,7,7
F81108,7,7
F81109,5,5
F81110,,
F81111,4,4
F81112,6,6
F81113,6,6
F81114,7,8
F81115,7,7
F81116,4,3
F81117,2,2
F81118,12,14
F81119,3,3
F81120,7,6
F81121,3,3
F81123,20,
F81125,7,7
F81126,5,5
F81127,5,6
F81128,11,11
F81130,2,2
F81131,5,6
F81132,,
F81133,4,4
F81134,4,4
F81136,,
F81137,5,5
F81138,4,4
F81141,7,7
F81142,5,6
F81144,14,14
F81147,5,5
F81149,8,8
F81150,3,3
F81151,4,3
F81152,6,6
F81153,8,9
F81155,2,2
F81156,1,1
F81157,3,3
F81158,1,1
F81159,2,2
F81163,4,4
F81164,6,6
F81165,3,3
F81168,4,4
F81169,8,7
F81170,2,2
F81173,2,2
F81176,2,2
F81177,3,3
F81181,6,6
F81183,2,3
F81184,3,4
F81186,2,2
F81192,6,6
F81193,2,2
F81195,1,1
F81197,3,3
F81198,2,2
F81200,3,3
F81205,3,3
F81206,4,4
F81207,1,1
F81209,4,4
F81211,2,2
F81212,2,2
F81213,4,4
F81215,5,5
F81216,5,4
F81218,2,2
F81219,2,2
F81221,3,3
F81222,4,4
F81223,4,4
F81606,2,2
F81608,3,3
F81613,5,5
F81618,2,2
F81619,2,2
F81622,1,1
F81623,1,1
F81632,1,1
F81633,2,2
F81635,1,1
F81636,7,7
F81639,1,1
F81640,,
F81641,1,1
F81644,,
F81645,5,5
F81648,,
F81649,3,2
F81651,2,3
F81652,1,1
F81656,2,2
F81665,3,3
F81666,2,2
F81669,2,2
F81670,2,2
F81674,2,2
F81675,2,2
F81679,3,3
F81681,4,4
F81683,4,4
F81684,1,1
F81688,2,2
F81690,2,2
F81691,3,3
F81695,,
F81696,2,2
F81697,2,2
F81698,,
F81700,2,2
F81704,1,1
F81707,1,1
F81708,1,1
F81711,2,2
F81713,2,2
F81716,4,4
F81718,4,4
F81720,1,1
F81721,4,4
F81724,4,4
F81725,5,5
F81729,4,4
F81730,3,3
F81732,3,3
F81733,1,1
F81737,2,2
F81738,1,1
F81739,2,2
F81740,1,1
F81741,1,1
F81743,3,3
F81744,2,2
F81746,1,3
F81749,2,3
F81751,1,1
F81755,1,1
F81756,2,2
F81757,3,2
F81758,3,2
F82001,,
F82002,4,4
F82003,1,1
F82005,4,4
F82006,5,5
F82007,6,6
F82008,8,9
F82009,9,9
F82010,10,10
F82011,6,6
F82012,2,2
F82013,12,13
F82014,5,4
F82015,2,2
F82016,5,5
F82017,4,8
F82018,5,5
F82019,3,3
F82021,3,3
F82022,5,5
F82023,1,1
F82025,,
F82027,1,1
F82028,,
F82030,4,4
F82031,4,5
F82033,2,2
F82034,4,4
F82038,3,3
F82039,3,3
F82040,,
F82042,4,4
F82045,1,1
F82051,6,6
F82053,4,3
F82055,2,2
F82604,,
F82607,2,3
F82609,,2
F82610,2,2
F82612,3,3
F82614,1,1
F82619,1,1
F82621,1,1
F82624,2,2
F82625,3,5
F82627,,
F82630,3,3
F82634,2,2
F82638,,
F82639,2,2
F82642,2,3
F82647,5,5
F82648,1,1
F82649,,
F82650,,
F82653,2,2
F82660,8,8
F82661,2,2
F82663,1,1
F82665,3,3
F82666,2,3
F82668,,
F82670,3,2
F82671,2,2
F82674,4,3
F82675,2,2
F82676,3,4
F82677,7,7
F82678,2,2
F82679,4,4
F82680,4,4
F82686,1,1
F83002,8,8
F83003,7,7
F83004,3,3
F83005,4,4
F83006,8,8
F83007,4,4
F83008,10,10
F83010,6,6
F83011,5,5
F83012,8,9
F83015,11,15
F83017,16,16
F83018,10,9
F83019,10,10
F83020,7,7
F83021,9,9
F83022,12,12
F83023,22,17
F83025,4,4
F83027,5,5
F83032,8,8
F83033,1,1
F83034,1,1
F83039,5,5
F83042,4,4
F83043,8,8
F83044,6,6
F83045,6,6
F83048,,
F83050,2,2
F83051,2,2
F83052,2,2
F83053,5,5
F83055,7,7
F83056,3,3
F83057,8,7
F83058,12,10
F83059,18,18
F83060,6,6
F83061,6,6
F83063,8,8
F83064,8,8
F83615,6,6
F83623,12,12
F83624,8,8
F83632,,11
F83633,3,3
F83635,4,4
F83652,13,13
F83658,4,4
F83660,5,5
F83664,3,3
F83665,9,9
F83666,6,6
F83671,2,2
F83672,7,7
F83673,3,3
F83674,3,3
F83677,1,1
F83678,2,2
F83680,3,3
F83681,6,6
F83682,2,2
F83683,,
F83686,2,2
F84003,20,21
F84004,7,7
F84006,5,5
F84008,11,12
F84009,9,8
F84010,5,5
F84012,6,6
F84013,12,12
F84014,3,3
F84015,4,4
F84016,12,12
F84017,7,7
F84018,11,11
F84021,,
F84022,5,5
F84025,3,3
F84030,3,3
F84031,12,13
F84033,11,11
F84034,11,14
F84035,3,3
F84036,4,4
F84038,3,3
F84039,4,4
F84041,3,3
F84043,6,6
F84044,6,6
F84046,2,
F84047,7,7
F84050,7,7
F84051,4,4
F84052,8,8
F84053,8,7
F84054,10,10
F84055,2,2
F84060,2,2
F84062,11,11
F84063,8,8
F84069,10,10
F84070,3,3
F84072,5,5
F84074,6,6
F84077,3,5
F84079,,
F84080,3,3
F84081,6,5
F84083,6,6
F84086,6,6
F84087,5,5
F84088,4,4
F84089,1,1
F84091,2,2
F84092,5,5
F84093,8,8
F84096,18,20
F84097,8,9
F84105,6,6
F84111,4,4
F84114,3,3
F84115,9,9
F84117,6,6
F84118,4,4
F84119,9,11
F84121,9,9
F84122,17,19
F84123,9,9
F84124,4,4
F84601,7,7
F84619,2,2
F84620,4,4
F84621,3,3
F84624,3,3
F84631,2,2
F84632,3,3
F84635,,
F84636,2,2
F84640,9,5
F84641,1,1
F84642,2,2
F84647,,
F84656,,
F84657,1,1
F84658,7,7
F84660,2,2
F84661,2,2
F84666,2,2
F84668,3,3
F84669,5,5
F84670,4,4
F84671,5,5
F84672,3,4
F84673,1,1
F84676,3,3
F84677,2,2
F84679,1,1
F84681,2,2
F84682,,
F84685,3,3
F84686,4,4
F84692,4,4
F84694,3,3
F84696,4,4
F84698,9,8
F84702,10,9
F84706,4,4
F84708,4,4
F84710,23,21
F84711,3,2
F84713,2,2
F84714,7,8
F84716,,
F84717,8,8
F84718,8,8
F84719,2,2
F84720,2,2
F84724,,12
F84729,4,4
F84730,,
F84731,1,1
F84733,3,3
F84734,5,5
F84735,3,3
F84739,2,2
F84740,1,1
F84741,2,2
F84742,2,2
F84747,13,13
F84749,8,7
F85002,16,15
F85003,4,4
F85004,9,9
F85007,14,16
F85008,8,8
F85010,2,2
F85013,9,9
F85014,10,10
F85015,2,2
F85016,4,4
F85017,2,2
F85019,10,11
F85020,6,6
F85023,2,2
F85024,1,1
F85025,11,11
F85027,10,9
F85028,3,3
F85029,7,7
F85030,,
F85031,4,4
F85032,5,5
F85033,8,8
F85034,4,4
F85035,,
F85036,3,3
F85039,7,7
F85043,2,2
F85044,3,3
F85045,4,3
F85046,2,2
F85048,2,2
F85052,3,2
F85053,7,7
F85055,2,2
F85058,3,3
F85060,5,5
F85061,3,3
F85063,13,11
F85064,2,2
F85065,2,2
F85066,14,14
F85067,4,4
F85069,6,6
F85071,4,4
F85072,8,8
F85076,13,9
F85615,4,4
F85623,3,3
F85625,5,5
F85628,3,6
F85634,2,2
F85640,4,4
F85642,3,7
F85645,1,1
F85650,,
F85652,3,3
F85654,1,2
F85656,2,2
F85663,2,3
F85666,2,2
F85669,8,8
F85675,3,3
F85676,16,16
F85678,2,2
F85681,1,1
F85682,2,2
F85684,4,3
F85686,2,2
F85687,10,5
F85688,6,6
F85697,2,2
F85700,4,4
F85701,6,6
F85703,5,5
F85705,2,2
F85707,2,2
F86001,7,7
F86004,8,8
F86005,3,3
F86006,3,3
F86007,9,7
F86008,6,6
F86009,4,4
F86010,6,6
F86011,3,3
F86012,5,5
F86013,4,4
F86018,1,1
F86020,6,6
F86022,8,7
F86023,6,6
F86025,7,7
F86026,2,2
F86028,3,3
F86030,6,6
F86032,6,7
F86034,3,3
F86036,6,6
F86038,7,5
F86040,1,1
F86042,4,3
F86044,4,4
F86045,2,2
F86057,,
F86058,6,5
F86060,6,6
F86062,3,3
F86064,6,6
F86066,5,5
F86073,4,4
F86074,,
F86078,3,3
F86081,2,2
F86082,4,4
F86083,6,6
F86085,1,1
F86086,4,4
F86087,4,4
F86088,2,2
F86607,4,4
F86612,2,2
F86616,6,6
F86621,6,6
F86624,2,2
F86625,,
F86626,,
F86627,19,19
F86637,2,2
F86638,4,4
F86639,2,2
F86641,4,4
F86642,4,4
F86644,7,7
F86650,3,3
F86652,2,2
F86655,2,2
F86657,3,3
F86658,2,2
F86664,6,5
F86666,6,6
F86675,1,1
F86679,5,5
F86689,2,2
F86691,3,4
F86692,7,7
F86696,3,3
F86698,2,2
F86700,2,2
F86701,1,1
F86702,3,3
F86703,5,5
F86704,1,1
F86705,2,2
F86707,4,4
F86708,4,4
F86712,2,2
F86731,1,1
G81001,5,5
G81002,4,4
G81003,14,13
G81004,6,6
G81006,5,8
G81007,5,6
G81008,6,6
G81009,6,6
G81011,7,
G81012,4,5
G81013,2,2
G81014,5,5
G81016,9,8
G81017,6,8
G81018,9,9
G81019,8,8
G81021,7,7
G81022,7,7
G81023,5,5
G81024,7,10
G81025,5,5
G81026,4,4
G81027,6,4
G81028,5,5
G81029,15,15
G81030,5,4
G81031,4,6
G81032,9,9
G81033,3,3
G81034,11,12
G81035,9,9
G81036,5,5
G81037,6,4
G81038,10,10
G81039,14,16
G81040,7,8
G81041,10,10
G81042,10,10
G81043,6,6
G81044,4,4
G81045,8,9
G81046,10,10
G81047,,5
G81048,6,6
G81049,4,4
G81050,13,13
G81051,5,5
G81052,4,4
G81053,4,4
G81054,5,5
G81055,6,6
G81056,6,6
G81057,5,5
G81059,8,6
G81061,3,4
G81065,7,6
G81070,4,11
G81071,5,5
G81073,6,5
G81074,2,2
G81075,2,3
G81076,5,5
G81077,5,5
G81082,4,4
G81083,3,3
G81084,3,6
G81085,3,2
G81086,5,5
G81087,3,4
G81088,6,8
G81089,1,1
G81090,3,3
G81094,5,5
G81095,4,4
G81096,2,2
G81097,2,2
G81098,6,6
G81099,7,7
G81100,10,9
G81102,9,8
G81103,3,4
G81104,10,12
G81105,4,2
G81613,2,2
G81614,5,5
G81634,4,4
G81638,5,5
G81641,1,1
G81642,3,3
G81646,2,2
G81651,1,
G81656,3,3
G81663,4,4
G81667,1,1
G81669,2,2
G81680,4,4
G81684,1,1
G81689,2,3
G81694,2,2
G82002,5,4
G82006,5,7
G82007,6,6
G82011,,
G82012,5,5
G82013,11,11
G82014,15,15
G82015,5,5
G82016,9,8
G82017,3,3
G82018,3,3
G82019,10,10
G82020,8,8
G82021,5,5
G82022,5,5
G82023,2,2
G82024,4,3
G82025,11,11
G82026,5,5
G82027,9,9
G82028,6,7
G82029,4,5
G82031,7,7
G82032,7,7
G82035,5,5
G82036,9,8
G82037,12,15
G82038,5,9
G82039,13,13
G82041,9,9
G82042,13,13
G82044,2,2
G82046,3,3
G82048,5,5
G82049,1,1
G82050,,
G82051,5,6
G82052,4,4
G82053,4,4
G82055,4,3
G82056,5,5
G82057,5,6
G82058,4,4
G82059,12,12
G82060,17,17
G82062,1,1
G82063,6,6
G82064,6,6
G82065,2,2
G82066,3,3
G82067,1,1
G82069,7,7
G82071,,
G82072,1,1
G82073,6,6
G82074,8,8
G82075,5,3
G82076,6,6
G82077,6,5
G82079,5,6
G82080,11,11
G82082,12,14
G82083,12,12
G82085,7,7
G82086,5,6
G82087,10,12
G82088,3,3
G82089,4,4
G82090,10,10
G82091,6,1
G82092,7,7
G82093,6,6
G82094,9,10
G82095,12,12
G82096,2,2
G82097,8,9
G82098,10,10
G82099,11,11
G82100,4,4
G82103,2,2
G82104,2,2
G82105,12,11
G82106,4,
G82107,5,5
G82108,2,2
G82109,2,2
G82110,4,4
G82111,6,6
G82112,4,4
G82113,5,5
G82114,8,8
G82115,6,6
G82117,6,6
G82118,11,9
G82119,12,12
G82120,10,11
G82121,8,8
G82122,10,8
G82123,3,3
G82125,9,7
G82126,11,11
G82128,5,5
G82129,2,2
G82133,,1
G82135,,9
G82137,6,6
G82138,3,3
G82139,2,2
G82140,6,6
G82141,4,4
G82142,7,7
G82143,5,5
G82147,4,4
G82148,5,3
G82150,3,3
G82152,6,5
G82154,3,3
G82155,5,5
G82158,4,4
G82160,6,6
G82161,9,11
G82162,4,4
G82164,9,11
G82165,4,5
G82170,3,3
G82175,,
G82180,5,3
G82184,2,2
G82185,6,7
G82186,7,7
G82187,3,3
G82197,1,1
G82198,2,2
G82200,6,6
G82203,6,6
G82204,3,3
G82205,7,6
G82206,2,2
G82211,2,2
G82212,3,3
G82215,7,7
G82217,1,1
G82218,3,3
G82219,2,2
G82221,3,3
G82224,2,2
G82225,8,7
G82226,3,4
G82227,4,4
G82228,,
G82229,2,2
G82230,4,4
G82231,4,3
G82232,6,5
G82233,3,3
G82234,3,3
G82235,3,3
G82600,1,1
G82604,12,12
G82605,1,1
G82622,,1
G82631,4,3
G82634,5,5
G82635,2,2
G82639,2,2
G82641,4,4
G82647,7,7
G82648,1,1
G82650,6,6
G82652,2,2
G82653,2,2
G82658,5,5
G82662,3,3
G82665,8,6
G82666,3,3
G82671,1,1
G82679,3,3
G82681,4,4
G82682,2,2
G82684,3,3
G82686,6,7
G82687,2,2
G82688,2,2
G82690,2,2
G82691,3,3
G82693,9,11
G82696,1,1
G82697,4,4
G82698,3,3
G82700,3,3
G82702,3,3
G82704,3,3
G82706,,
G82708,3,2
G82710,3,3
G82711,3,3
G82712,1,1
G82719,1,1
G82721,3,3
G82722,4,4
G82726,4,3
G82727,2,2
G82729,3,3
G82730,10,9
G82732,6,6
G82733,2,2
G82735,5,5
G82737,3,3
G82741,3,2
G82744,1,3
G82751,3,4
G82753,2,2
G82754,3,3
G82757,2,2
G82760,1,1
G82762,1,1
G82763,1,1
G82768,6,6
G82775,,
G82777,3,3
G82780,4,6
G82790,3,4
G82791,2,2
G82793,2,2
G82796,4,4
G82799,3,5
G82802,3,3
G82808,4,4
G82809,6,6
G82812,2,2
G82820,3,3
G82888,3,3
G83001,9,9
G83002,4,3
G83003,3,3
G83004,3,3
G83005,5,5
G83006,11,11
G83009,5,5
G83010,6,6
G83012,,
G83013,6,6
G83015,3,3
G83016,2,2
G83017,1,1
G83018,9,9
G83019,8,8
G83021,13,14
G83022,2,2
G83024,3,3
G83025,26,23
G83026,4,4
G83027,6,6
G83028,4,4
G83029,4,4
G83030,4,4
G83031,4,4
G83033,2,2
G83034,2,2
G83037,3,3
G83039,4,4
G83043,1,1
G83044,5,5
G83046,1,1
G83047,5,5
G83049,7,7
G83052,,
G83053,21,15
G83057,,7
G83058,4,4
G83060,3,3
G83061,4,4
G83062,4,4
G83064,1,1
G83065,9,9
G83066,5,5
G83067,22,22
G83628,6,6
G83630,3,3
G83631,3,3
G83633,3,3
G83635,4,4
G83641,2,2
G83642,4,4
G83647,5,5
G83651,3,4
G83654,4,4
G83663,1,1
G83672,2,2
G83673,3,3
G83680,6,6
G84001,7,7
G84002,8,8
G84003,9,9
G84004,7,6
G84005,3,3
G84006,7,7
G84007,6,6
G84008,3,2
G84009,2,2
G84010,8,8
G84011,,
G84013,2,2
G84015,7,7
G84016,,
G84017,11,11
G84018,4,4
G84019,5,5
G84020,2,2
G84021,3,3
G84022,4,4
G84023,7,7
G84024,5,5
G84025,6,6
G84027,11,11
G84028,12,5
G84029,,
G84030,5,4
G84032,6,6
G84033,5,5
G84035,5,5
G84039,2,2
G84040,7,6
G84041,1,1
G84604,4,4
G84607,6,6
G84609,3,3
G84621,2,2
G84624,2,2
G84625,2,2
G84627,4,4
G84628,2,2
G84629,3,3
G84630,,1
G85001,8,4
G85002,5,5
G85003,4,4
G85004,9,9
G85005,12,11
G85006,4,4
G85008,4,4
G85010,1,1
G85011,9,10
G85012,,
G85013,5,5
G85014,12,12
G85015,6,6
G85016,,
G85019,1,1
G85020,3,3
G85021,4,4
G85022,13,13
G85023,5,5
G85024,10,10
G85025,6,6
G85026,3,3
G85027,3,3
G85028,11,11
G85029,3,3
G85030,2,2
G85031,2,2
G85032,6,6
G85034,,
G85035,8,8
G85036,2,2
G85038,9,13
G85039,12,12
G85040,7,7
G85041,5,4
G85042,3,3
G85044,4,4
G85045,30,34
G85046,8,8
G85047,4,4
G85048,6,6
G85050,4,4
G85051,6,4
G85052,7,6
G85053,4,4
G85054,4,6
G85055,9,9
G85057,5,5
G85061,5,5
G85073,4,4
G85076,7,8
G85081,2,2
G85082,2,2
G85083,10,10
G85084,3,3
G85085,5,5
G85086,5,5
G85087,,
G85089,6,6
G85091,4,4
G85096,3,3
G85100,5,5
G85102,1,1
G85104,7,7
G85105,2,2
G85106,2,2
G85109,15,13
G85112,,
G85113,1,1
G85114,7,7
G85118,3,3
G85119,,
G85120,4,5
G85121,2,2
G85123,4,4
G85124,,6
G85125,3,3
G85127,3,3
G85129,1,1
G85130,5,5
G85132,3,3
G85133,5,5
G85134,,
G85135,9,10
G85136,7,7
G85137,7,7
G85138,13,15
G85623,4,4
G85632,10,12
G85633,9,7
G85642,6,6
G85644,,
G85647,4,4
G85651,6,4
G85662,3,3
G85673,3,3
G85674,6,6
G85681,3,3
G85685,7,9
G85690,,3
G85692,7,7
G85695,2,2
G85696,7,7
G85698,11,10
G85705,2,2
G85706,6,6
G85708,7,7
G85711,2,2
G85712,2,2
G85715,,
G85716,4,4
G85717,8,8
G85721,7,7
G85722,4,4
G85723,,
G85724,3,3
G85726,5,5
G85727,7,7
G85736,2,2
H81002,4,4
H81003,11,11
H81004,9,9
H81005,4,4
H81006,5,5
H81007,6,6
H81009,9,10
H81010,23,24
H81011,7,8
H81013,26,24
H81015,8,8
H81016,6,8
H81017,18,15
H81019,7,6
H81020,9,10
H81021,12,12
H81022,4,4
H81023,6,6
H81024,6,7
H81025,8,8
H81026,11,14
H81027,8,8
H81028,,
H81029,10,10
H81030,14,13
H81031,8,7
H81032,10,10
H81033,8,8
H81034,8,7
H81035,8,8
H81036,7,6
H81037,11,11
H81038,2,2
H81039,4,4
H81040,4,4
H81041,7,7
H81042,8,9
H81043,13,14
H81044,3,3
H81045,4,4
H81046,4,5
H81047,9,9
H81048,4,6
H81050,6,5
H81051,8,8
H81052,10,10
H81053,5,5
H81054,5,5
H81055,5,5
H81056,10,10
H81057,6,5
H81058,6,5
H81060,12,12
H81061,6,6
H81062,11,11
H81064,8,8
H81065,5,5
H81066,7,6
H81067,9,10
H81068,13,13
H81069,11,11
H81070,8,8
H81071,7,7
H81072,10,10
H81073,7,7
H81074,3,3
H81075,10,9
H81076,8,8
H81077,7,8
H81078,12,14
H81079,3,4
H81080,6,7
H81081,7,7
H81082,7,9
H81083,9,7
H81084,7,7
H81085,8,8
H81086,4,4
H81087,9,9
H81088,8,7
H81089,13,16
H81090,8,9
H81091,6,6
H81094,6,6
H81095,2,2
H81097,7,6
H81099,6,6
H81101,6,6
H81103,8,7
H81104,6,7
H81107,5,5
H81109,4,4
H81110,4,
H81111,2,2
H81113,4,4
H81116,5,6
H81119,13,13
H81122,4,4
H81123,4,4
H81126,5,5
H81128,4,4
H81129,3,3
H81130,10,8
H81131,1,1
H81132,4,5
H81133,22,23
H81134,6,7
H81611,1,2
H81613,2,2
H81615,9,9
H81618,2,2
H81620,7,7
H81632,3,4
H81638,6,8
H81641,2,2
H81642,3,3
H81643,2,2
H81644,3,3
H81647,3,3
H81656,7,7
H81658,5,5
H81663,2,2
H81664,2,2
H81667,2,1
H81672,2,2
H82003,7,7
H82004,3,4
H82005,6,6
H82006,5,5
H82007,10,11
H82008,9,9
H82009,10,10
H82010,8,8
H82011,5,6
H82012,2,4
H82013,14,14
H82014,6,6
H82015,3,3
H82016,7,7
H82017,17,18
H82020,3,3
H82021,4,4
H82022,8,9
H82023,11,11
H82025,10,10
H82026,11,15
H82027,3,3
H82028,8,7
H82029,7,7
H82030,9,9
H82031,3,3
H82032,9,10
H82033,5,5
H82034,13,13
H82035,7,7
H82036,6,6
H82037,13,13
H82038,10,8
H82039,6,6
H82040,6,7
H82041,10,10
H82042,10,10
H82043,9,10
H82044,8,7
H82045,12,13
H82046,8,9
H82047,7,6
H82048,9,9
H82049,7,7
H82050,6,6
H82051,9,9
H82052,9,9
H82053,6,6
H82055,9,10
H82056,10,10
H82057,14,14
H82058,7,7
H82059,5,6
H82060,7,7
H82061,1,1
H82063,9,11
H82064,7,7
H82065,7,12
H82066,12,11
H82067,2,2
H82070,8,8
H82072,9,9
H82076,2,2
H82077,7,7
H82078,10,9
H82083,10,12
H82084,6,6
H82087,2,3
H82088,4,3
H82089,4,3
H82091,7,7
H82092,3,3
H82094,4,4
H82095,9,9
H82096,3,4
H82098,7,7
H82099,6,6
H82100,6,7
H82615,10,10
H82621,4,4
H82640,9,9
H82641,2,2
H82643,4,4
H83001,10,10
H83002,3,3
H83004,7,6
H83005,9,9
H83006,6,4
H83007,6,6
H83008,2,2
H83009,6,5
H83010,4,
H83011,5,4
H83012,10,7
H83013,8,8
H83014,7,8
H83015,10,10
H83016,10,10
H83017,4,6
H83018,14,13
H83019,4,4
H83020,8,8
H83021,5,5
H83022,4,4
H83023,3,3
H83024,7,7
H83027,4,4
H83028,2,2
H83029,4,4
H83030,2,2
H83031,3,3
H83033,2,2
H83034,5,5
H83037,5,5
H83039,5,5
H83040,2,2
H83042,3,3
H83043,3,3
H83044,8,7
H83046,4,4
H83048,1,2
H83049,2,2
H83050,3,3
H83051,2,2
H83052,2,2
H83053,9,8
H83608,4,4
H83609,2,2
H83611,1,1
H83620,3,3
H83622,3,3
H83623,2,2
H83624,7,7
H83625,3,3
H83626,1,1
H83627,3,4
H83631,3,3
H83634,1,1
H84002,9,9
H84005,10,9
H84006,9,9
H84007,7,12
H84010,6,8
H84012,8,8
H84014,2,2
H84015,6,6
H84016,18,18
H84017,8,8
H84018,3,3
H84020,11,11
H84023,7,7
H84025,5,5
H84027,18,18
H84030,12,12
H84031,4,4
H84032,9,9
H84033,5,4
H84034,9,11
H84039,7,7
H84040,8,8
H84041,,
H84042,9,9
H84043,4,4
H84044,,
H84048,4,4
H84050,5,5
H84051,4,4
H84053,5,6
H84054,4,4
H84055,8,8
H84057,1,1
H84058,5,5
H84059,3,3
H84060,5,5
H84061,5,5
H84062,5,8
H84608,1,1
H84618,5,5
H84619,8,8
H84623,7,7
H84625,3,3
H84629,3,3
H84630,3,3
H84632,3,3
H84635,6,5
H84639,2,2
H85001,10,10
H85002,10,10
H85003,6,6
H85005,5,5
H85006,6,6
H85007,9,9
H85008,2,2
H85009,6,6
H85011,7,7
H85012,26,26
H85018,7,7
H85019,2,3
H85020,20,20
H85021,5,5
H85022,3,3
H85023,2,2
H85024,,
H85025,11,12
H85026,6,6
H85027,7,7
H85028,5,5
H85029,,
H85030,9,7
H85031,8,8
H85032,2,2
H85033,6,6
H85035,4,
H85037,7,6
H85038,8,9
H85041,7,7
H85045,13,11
H85047,11,10
H85048,20,20
H85049,7,7
H85051,13,13
H85052,3,
H85053,3,3
H85054,3,2
H85055,4,4
H85057,4,4
H85061,10,8
H85063,1,3
H85065,3,3
H85066,21,21
H85067,2,2
H85069,10,7
H85070,8,8
H85072,4,4
H85075,5,5
H85076,,
H85077,4,4
H85078,3,3
H85082,2,2
H85087,3,3
H85088,2,2
H85090,3,4
H85092,4,4
H85095,9,9
H85100,6,6
H85101,7,7
H85103,3,3
H85105,12,12
H85110,2,2
H85111,10,10
H85112,4,4
H85113,6,6
H85114,11,11
H85115,6,6
H85116,7,7
H85618,3,3
H85634,5,5
H85637,1,1
H85649,5,5
H85653,8,8
H85656,3,3
H85659,4,4
H85662,5,5
H85664,3,3
H85665,3,3
H85680,5,5
H85682,5,5
H85683,3,3
H85686,5,4
H85691,4,4
H85693,7,7
H85695,2,2
J81002,5,5
J81003,8,8
J81004,6,6
J81005,12,12
J81006,25,
J81009,6,6
J81010,11,11
J81011,6,6
J81012,9,9
J81013,7,7
J81014,13,14
J81016,7,5
J81017,4,4
J81018,7,7
J81019,13,14
J81020,4,4
J81021,,
J81022,4,4
J81025,6,5
J81027,15,15
J81028,9,9
J81029,4,5
J81030,7,7
J81031,7,7
J81032,6,6
J81033,14,16
J81034,10,10
J81035,4,4
J81036,6,6
J81039,7,6
J81040,1,1
J81041,22,
J81042,6,6
J81043,4,4
J81044,8,8
J81045,3,3
J81046,9,8
J81047,12,12
J81048,4,4
J81049,3,3
J81050,8,8
J81051,6,7
J81052,5,5
J81053,4,4
J81054,9,8
J81055,4,4
J81056,5,5
J81057,5,5
J81058,,7
J81059,6,6
J81061,6,6
J81062,7,8
J81063,2,2
J81064,4,4
J81066,5,5
J81067,4,4
J81068,7,7
J81069,5,3
J81070,10,9
J81071,2,2
J81072,7,11
J81073,11,14
J81074,5,5
J81075,5,5
J81076,4,4
J81077,5,5
J81078,4,4
J81081,8,8
J81082,6,6
J81083,4,6
J81086,4,4
J81087,11,13
J81090,1,1
J81609,5,5
J81612,3,3
J81613,4,4
J81616,4,4
J81620,14,14
J81621,4,5
J81625,8,8
J81626,5,5
J81628,3,3
J81631,2,2
J81632,3,3
J81633,4,4
J81634,19,19
J81637,5,5
J81644,3,3
J81646,5,5
J81647,3,3
J81648,4,4
J82001,6,6
J82002,10,10
J82005,3,3
J82006,5,5
J82007,16,16
J82008,5,5
J82009,10,10
J82010,14,13
J82012,7,9
J82015,8,9
J82016,9,9
J82017,12,12
J82018,12,11
J82019,9,9
J82020,2,2
J82021,6,6
J82022,10,9
J82023,5,6
J82024,,15
J82025,8,8
J82026,13,12
J82027,5,5
J82028,10,10
J82029,11,9
J82030,4,4
J82033,8,6
J82034,8,8
J82035,11,11
J82036,4,3
J82039,9,11
J82040,5,5
J82041,3,4
J82042,8,8
J82044,4,4
J82046,6,6
J82049,16,16
J82050,11,11
J82051,9,9
J82053,4,4
J82054,7,7
J82055,8,8
J82056,16,
J82058,6,7
J82059,12,10
J82060,6,6
J82061,13,13
J82062,,12
J82063,7,6
J82064,8,8
J82065,9,8
J82066,11,11
J82067,8,8
J82069,11,13
J82071,10,10
J82072,9,9
J82073,3,3
J82074,11,11
J82075,7,6
J82076,10,10
J82077,4,5
J82079,6,6
J82080,6,6
J82081,15,11
J82082,9,9
J82083,6,6
J82084,2,2
J82085,8,8
J82087,7,8
J82088,7,7
J82089,14,8
J82090,8,10
J82092,6,6
J82094,12,12
J82097,12,11
J82098,13,13
J82099,5,5
J82100,4,4
J82101,,
J82102,22,15
J82103,10,9
J82104,9,8
J82106,7,7
J82110,11,10
J82112,13,13
J82113,5,5
J82114,9,6
J82115,3,3
J82116,6,5
J82117,5,5
J82119,5,5
J82120,7,7
J82121,9,9
J82122,5,5
J82123,13,12
J82124,11,10
J82125,5,5
J82126,2,2
J82127,4,4
J82128,6,6
J82129,6,6
J82130,16,18
J82131,8,8
J82132,11,11
J82133,2,2
J82134,20,22
J82135,9,9
J82136,10,12
J82138,10,10
J82139,17,17
J82141,2,2
J82142,5,5
J82143,11,11
J82144,16,17
J82145,10,10
J82146,7,7
J82147,6,6
J82149,7,7
J82150,9,9
J82151,4,4
J82152,5,5
J82154,9,9
J82155,26,24
J82156,5,5
J82157,9,9
J82161,9,8
J82163,9,9
J82164,10,10
J82165,3,3
J82166,10,9
J82169,3,3
J82171,7,7
J82174,7,9
J82177,3,3
J82178,7,7
J82180,2,2
J82181,,7
J82183,3,3
J82184,2,2
J82187,7,7
J82188,1,2
J82190,2,2
J82192,4,4
J82194,5,5
J82195,5,5
J82196,10,10
J82197,4,4
J82198,2,2
J82199,3,5
J82201,6,6
J82206,4,4
J82207,5,5
J82208,6,7
J82210,5,5
J82212,12,4
J82213,3,2
J82214,6,6
J82215,,
J82216,8,8
J82218,11,11
J82220,,2
J82605,4,4
J82622,5,5
J82625,3,5
J82628,6,6
J82630,3,3
J82633,3,3
J82639,4,4
J82640,6,6
J82646,3,5
J82648,,2
J82650,,
J82663,2,2
J82669,3,3
J82688,1,1
J83001,11,9
J83002,8,9
J83003,10,8
J83004,6,6
J83005,9,10
J83006,9,
J83007,10,8
J83008,12,11
J83009,12,12
J83010,9,9
J83011,13,9
J83013,14,14
J83014,9,10
J83016,9,10
J83018,11,12
J83019,9,9
J83021,24,24
J83022,5,5
J83023,3,3
J83024,7,6
J83025,3,2
J83026,24,25
J83027,13,10
J83028,11,11
J83029,4,4
J83030,17,17
J83031,3,3
J83033,3,3
J83034,6,6
J83035,9,9
J83036,6,6
J83037,9,9
J83038,7,7
J83039,10,10
J83040,11,11
J83041,12,12
J83042,9,9
J83043,,
J83045,9,10
J83046,9,9
J83047,,4
J83048,3,3
J83049,11,12
J83050,4,4
J83052,3,3
J83053,3,3
J83054,2,1
J83055,5,5
J83056,4,4
J83057,9,8
J83058,5,5
J83059,4,4
J83060,4,4
J83063,9,9
J83064,9,9
J83601,4,6
J83603,4,4
J83609,2,2
J83615,4,5
J83618,3,3
J83619,2,3
J83625,5,5
J83629,2,2
J83630,3,3
J83632,6,7
J83633,8,7
J83636,4,4
J83642,2,2
J83643,6,4
J83644,2,2
J83645,3,3
J83646,3,3
J84003,4,4
J84004,4,
J84005,6,6
J84007,5,6
J84008,2,3
J84010,8,8
J84011,6,7
J84012,7,7
J84013,,
J84014,5,5
J84015,9,9
J84016,4,5
J84017,3,3
J84018,3,4
J84019,3,3
J84020,4,4
K81001,7,7
K81002,9,10
K81003,7,6
K81004,11,11
K81005,4,4
K81006,11,12
K81007,2,2
K81010,4,4
K81012,8,8
K81014,13,
K81015,3,3
K81017,9,9
K81018,5,5
K81019,4,4
K81020,14,12
K81021,6,4
K81022,12,12
K81023,5,5
K81024,10,10
K81025,8,9
K81026,,
K81027,9,9
K81028,10,10
K81030,6,7
K81032,4,4
K81034,,4
K81036,8,8
K81039,4,4
K81040,,
K81041,6,6
K81042,5,7
K81043,4,4
K81045,7,7
K81046,7,7
K81047,23,22
K81048,4,4
K81050,10,10
K81051,7,7
K81052,5,5
K81055,6,6
K81056,,
K81057,6,6
K81059,9,7
K81060,5,5
K81062,15,16
K81063,10,11
K81066,5,6
K81067,4,4
K81068,6,6
K81069,9,9
K81070,9,9
K81073,12,12
K81074,9,10
K81075,18,18
K81076,9,8
K81077,7,9
K81078,12,11
K81080,4,4
K81081,2,2
K81082,10,10
K81083,8,7
K81084,6,5
K81085,7,5
K81086,4,4
K81087,2,2
K81089,,
K81092,8,12
K81094,1,1
K81097,4,3
K81100,2,2
K81102,7,7
K81103,6,6
K81605,14,15
K81607,2,2
K81608,5,5
K81610,8,8
K81613,3,3
K81616,4,4
K81622,1,4
K81630,16,14
K81633,4,4
K81636,4,4
K81638,1,1
K81640,2,2
K81644,10,10
K81645,3,3
K81647,2,2
K81651,8,7
K81655,7,7
K81656,1,1
K81657,3,3
K82001,6,6
K82003,6,6
K82004,9,9
K82005,6,6
K82006,8,9
K82007,18,18
K82008,8,6
K82009,7,10
K82010,11,9
K82011,7,7
K82012,4,4
K82013,9,9
K82014,4,4
K82015,4,4
K82016,10,10
K82017,6,6
K82018,12,11
K82019,5,5
K82020,4,4
K82021,13,12
K82022,7,7
K82023,16,18
K82024,9,9
K82025,3,3
K82026,8,8
K82027,5,5
K82028,8,
K82029,6,6
K82030,6,6
K82031,5,5
K82032,3,3
K82033,12,12
K82034,7,7
K82035,3,3
K82036,7,7
K82037,11,12
K82038,20,20
K82039,8,8
K82040,8,8
K82042,3,3
K82043,9,9
K82044,6,6
K82045,6,6
K82046,13,13
K82047,10,10
K82048,4,3
K82049,8,8
K82050,4,6
K82051,8,8
K82053,8,8
K82054,6,6
K82055,7,7
K82057,4,4
K82058,3,3
K82059,2,2
K82060,4,4
K82061,3,3
K82062,2,2
K82064,3,3
K82065,10,10
K82066,5,5
K82067,11,11
K82068,5,5
K82070,4,4
K82073,23,27
K82074,4,4
K82076,7,6
K82078,5,5
K82079,8,8
K82603,4,4
K82610,5,5
K82615,3,3
K82617,6,6
K82618,4,2
K82621,5,5
K82631,9,9
K82633,6,6
K83002,35,31
K83003,4,4
K83005,8,8
K83006,8,7
K83007,7,6
K83008,4,4
K83009,6,6
K83010,10,11
K83011,9,9
K83012,7,7
K83013,10,11
K83014,9,11
K83015,5,5
K83017,6,7
K83018,5,5
K83019,5,5
K83020,1,1
K83021,12,12
K83022,8,8
K83023,5,5
K83024,6,5
K83025,7,7
K83026,9,8
K83027,8,7
K83028,8,8
K83029,6,6
K83030,5,6
K83031,5,5
K83032,19,17
K83033,,
K83035,2,2
K83036,8,8
K83037,4,4
K83039,5,5
K83040,4,8
K83041,11,11
K83042,5,4
K83043,8,8
K83044,8,7
K83047,7,7
K83048,3,3
K83049,10,10
K83050,1,1
K83051,11,13
K83052,11,10
K83053,4,3
K83055,4,4
K83056,2,2
K83058,1,1
K83059,6,6
K83064,10,10
K83065,3,3
K83066,9,9
K83068,5,5
K83069,,
K83070,7,7
K83076,3,3
K83077,7,7
K83079,4,4
K83080,2,2
K83081,1,1
K83601,2,2
K83607,1,1
K83610,6,6
K83614,4,4
K83616,2,2
K83618,2,2
K83619,2,2
K83620,4,4
K83621,6,6
K83622,5,5
K83625,2,3
K84001,8,7
K84002,14,13
K84003,7,6
K84004,12,12
K84005,4,4
K84006,10,10
K84007,8,8
K84008,7,7
K84009,17,17
K84010,5,5
K84011,15,15
K84012,7,6
K84013,8,8
K84014,9,11
K84015,3,3
K84016,15,15
K84017,15,16
K84019,9,8
K84020,13,13
K84021,5,5
K84023,9,9
K84024,3,3
K84025,4,4
K84026,10,10
K84027,,
K84028,9,9
K84030,16,18
K84031,12,12
K84032,10,11
K84033,9,9
K84034,4,4
K84035,9,9
K84036,7,5
K84037,10,10
K84038,13,13
K84040,1,1
K84041,9,9
K84042,5,5
K84043,10,10
K84044,14,14
K84045,6,7
K84046,5,5
K84047,,
K84048,9,9
K84049,4,4
K84050,10,10
K84051,12,13
K84052,8,8
K84054,8,9
K84055,10,10
K84056,3,3
K84058,5,5
K84059,9,9
K84060,4,4
K84062,6,6
K84063,6,6
K84065,2,2
K84066,4,4
K84071,9,9
K84072,8,7
K84075,7,7
K84078,4,4
K84079,6,7
K84080,4,4
K84082,9,7
K84605,5,6
K84610,3,3
K84613,14,13
K84617,5,6
K84618,,
K84624,6,6
L81004,19,20
L81007,7,7
L81008,8,8
L81009,6,6
L81010,5,5
L81012,15,15
L81013,8,8
L81014,10,10
L81015,10,
L81016,1,1
L81017,10,10
L81018,6,6
L81019,12,11
L81020,4,4
L81021,7,7
L81022,15,15
L81023,6,6
L81024,13,13
L81025,9,9
L81026,6,6
L81027,5,5
L81028,7,7
L81029,8,8
L81030,6,6
L81031,13,13
L81032,,
L81033,11,11
L81034,12,21
L81035,5,6
L81036,5,5
L81037,,18
L81038,7,6
L81039,7,8
L81040,13,13
L81041,3,3
L81042,5,5
L81043,7,8
L81044,7,7
L81045,13,13
L81046,9,9
L81047,7,7
L81049,6,6
L81050,7,7
L81051,7,7
L81052,8,9
L81053,8,8
L81054,10,10
L81055,11,11
L81056,6,6
L81057,7,6
L81058,6,6
L81059,4,6
L81060,10,10
L81061,6,6
L81062,8,8
L81063,10,10
L81064,6,6
L81065,7,7
L81066,4,4
L81067,8,8
L81068,8,7
L81069,8,7
L81070,8,8
L81071,7,7
L81072,7,8
L81073,4,4
L81075,11,12
L81077,9,9
L81078,10,10
L81079,32,32
L81080,9,9
L81081,9,11
L81082,11,12
L81083,9,9
L81084,7,7
L81085,5,6
L81086,16,16
L81087,7,7
L81088,9,9
L81089,,
L81090,9,10
L81091,12,10
L81094,7,7
L81095,,
L81098,7,7
L81101,5,5
L81102,8,8
L81103,4,
L81106,4,4
L81112,6,6
L81117,4,4
L81118,8,8
L81119,6,6
L81120,5,5
L81122,5,5
L81123,5,5
L81124,5,3
L81125,4,4
L81127,8,6
L81130,9,9
L81131,7,7
L81132,4,4
L81133,12,11
L81600,8,8
L81617,2,2
L81622,6,6
L81632,6,6
L81637,3,3
L81642,3,3
L81643,6,6
L81644,8,8
L81648,5,5
L81649,12,12
L81655,4,4
L81669,2,2
L81670,6,6
L82001,11,11
L82003,5,5
L82004,6,7
L82006,14,14
L82007,,8
L82008,6,6
L82009,7,7
L82010,5,6
L82011,3,3
L82012,13,12
L82013,8,8
L82014,3,3
L82015,4,5
L82016,8,8
L82017,8,8
L82018,14,14
L82021,5,5
L82022,7,7
L82023,12,12
L82024,3,3
L82025,4,4
L82026,4,4
L82028,14,15
L82029,8,9
L82030,10,11
L82035,4,4
L82036,9,9
L82037,4,4
L82038,4,3
L82039,3,3
L82041,15,15
L82042,6,6
L82043,4,4
L82044,2,2
L82045,10,9
L82046,9,9
L82047,7,7
L82048,4,4
L82049,5,5
L82050,8,8
L82051,6,6
L82052,7,7
L82053,2,2
L82054,7,7
L82056,7,7
L82057,3,3
L82058,2,2
L82059,4,4
L82061,6,6
L82066,5,5
L82068,,
L82070,5,5
L82617,5,5
L82618,1,1
L82620,4,4
L82622,5,6
L83002,12,14
L83003,5,5
L83004,9,8
L83005,11,11
L83006,3,2
L83007,5,5
L83008,,
L83009,4,4
L83010,6,6
L83011,18,7
L83012,3,3
L83013,13,13
L83014,9,10
L83015,2,2
L83016,30,31
L83018,,
L83019,4,4
L83020,11,11
L83021,6,5
L83022,5,5
L83023,6,6
L83024,6,5
L83025,7,7
L83026,5,5
L83027,5,5
L83028,7,7
L83029,6,6
L83030,5,7
L83031,11,14
L83032,3,3
L83034,8,8
L83035,11,11
L83036,8,8
L83038,9,12
L83039,4,4
L83040,7,8
L83041,8,8
L83042,8,8
L83043,10,10
L83044,8,7
L83045,13,12
L83046,5,6
L83048,9,10
L83049,3,3
L83050,11,11
L83051,7,7
L83052,,13
L83053,12,12
L83054,6,5
L83055,7,7
L83056,8,8
L83057,4,5
L83058,6,6
L83059,7,
L83061,7,8
L83064,9,7
L83065,6,6
L83066,15,15
L83067,14,14
L83068,3,3
L83069,7,7
L83070,4,4
L83071,4,4
L83072,10,7
L83073,14,15
L83074,7,
L83075,6,7
L83076,4,6
L83077,6,6
L83078,5,3
L83079,7,7
L83080,,
L83081,5,6
L83082,4,4
L83083,,
L83084,7,8
L83085,12,12
L83086,5,5
L83087,12,12
L83088,3,3
L83089,6,6
L83092,15,13
L83094,9,9
L83095,10,10
L83096,16,16
L83097,9,10
L83098,4,4
L83099,4,4
L83100,30,30
L83101,12,13
L83102,6,5
L83103,10,11
L83105,,
L83106,8,8
L83107,,
L83111,9,10
L83112,5,5
L83113,4,4
L83115,4,4
L83116,3,3
L83117,1,1
L83118,5,5
L83120,7,7
L83125,3,2
L83127,7,8
L83128,5,6
L83129,10,7
L83130,5,5
L83131,13,13
L83134,3,3
L83136,14,13
L83137,9,9
L83138,6,6
L83139,4,4
L83143,3,3
L83144,2,2
L83145,2,2
L83146,4,4
L83147,5,5
L83148,3,3
L83607,3,3
L83616,,
L83624,5,5
L83627,3,2
L83628,5,5
L83639,2,3
L83642,2,2
L83643,2,2
L83644,4,4
L83646,5,5
L83647,2,2
L83648,10,10
L83651,5,5
L83655,4,4
L83657,5,5
L83663,2,3
L83666,4,4
L83673,2,2
L84001,7,6
L84002,7,7
L84003,8,8
L84004,8,8
L84005,8,8
L84006,6,5
L84007,9,9
L84008,7,7
L84009,11,11
L84010,7,7
L84011,6,8
L84012,7,7
L84013,5,5
L84014,5,6
L84015,8,8
L84016,6,7
L84017,8,7
L84018,5,5
L84020,4,4
L84021,7,7
L84022,6,6
L84023,14,14
L84024,4,3
L84025,5,5
L84026,10,10
L84027,6,7
L84028,5,6
L84029,4,4
L84030,6,6
L84031,6,6
L84032,1,1
L84033,9,9
L84034,11,8
L84036,10,11
L84037,7,7
L84038,7,7
L84039,7,7
L84040,9,9
L84041,10,10
L84042,2,2
L84043,3,2
L84044,4,4
L84045,4,4
L84046,3,4
L84047,11,13
L84048,9,9
L84049,7,6
L84050,19,14
L84051,6,7
L84052,5,5
L84053,7,7
L84054,9,9
L84055,5,5
L84056,7,7
L84057,4,4
L84058,4,7
L84059,4,4
L84060,9,9
L84063,3,3
L84065,7,6
L84067,9,8
L84068,3,3
L84069,4,5
L84070,3,3
L84071,5,5
L84072,2,
L84073,3,3
L84075,5,5
L84077,5,5
L84078,4,4
L84080,5,5
L84081,2,2
L84084,5,5
L84085,3,3
L84606,2,2
L84613,1,1
L84615,2,3
L84616,6,5
L84617,3,3
L85001,10,11
L85002,10,11
L85003,,4
L85004,8,8
L85005,2,
L85006,9,8
L85007,14,16
L85008,,26
L85009,6,6
L85010,4,3
L85011,5,5
L85012,11,12
L85013,2,2
L85014,8,6
L85015,8,8
L85016,6,6
L85017,5,5
L85018,,
L85019,7,7
L85020,8,8
L85021,11,11
L85022,7,9
L85023,9,9
L85024,4,4
L85025,6,6
L85026,4,4
L85027,3,3
L85028,6,6
L85029,4,5
L85030,9,5
L85031,5,5
L85032,5,5
L85033,6,6
L85034,5,5
L85035,12,12
L85036,3,3
L85037,4,4
L85038,9,7
L85039,9,9
L85040,4,4
L85041,6,5
L85042,12,12
L85043,7,7
L85044,6,6
L85046,5,4
L85047,4,4
L85048,4,4
L85050,4,4
L85051,5,5
L85052,,
L85053,9,9
L85054,7,7
L85055,8,6
L85056,,
L85060,2,2
L85061,2,2
L85062,4,4
L85064,3,3
L85065,4,4
L85066,4,4
L85601,2,2
L85607,4,4
L85609,2,3
L85611,2,2
L85612,2,3
L85619,5,5
L85620,,
L85624,2,2
M81001,11,11
M81002,9,9
M81003,6,8
M81004,7,7
M81005,9,9
M81006,13,13
M81007,4,4
M81008,10,10
M81009,7,7
M81010,,10
M81011,4,4
M81012,8,6
M81013,6,6
M81014,,7
M81015,6,7
M81016,5,6
M81017,7,7
M81018,,6
M81019,12,12
M81020,9,9
M81021,12,11
M81022,,11
M81023,7,7
M81024,6,6
M81025,3,3
M81026,7,7
M81027,5,4
M81029,5,6
M81032,9,9
M81033,6,6
M81034,10,9
M81035,8,8
M81037,,7
M81038,9,8
M81039,7,7
M81040,9,9
M81041,7,7
M81042,6,6
M81043,7,7
M81044,9,8
M81045,4,4
M81046,7,7
M81047,10,11
M81048,12,12
M81049,5,7
M81054,1,1
M81055,,
M81056,10,10
M81057,10,
M81058,7,8
M81061,4,4
M81062,3,3
M81063,6,6
M81064,4,4
M81066,8,8
M81067,5,5
M81068,9,9
M81069,,
M81070,10,10
M81072,5,5
M81073,7,7
M81074,8,8
M81075,8,8
M81076,1,1
M81077,4,5
M81078,5,5
M81079,4,4
M81080,3,3
M81081,3,3
M81082,13,13
M81083,4,4
M81084,4,4
M81087,2,4
M81089,9,9
M81090,4,4
M81091,14,16
M81092,4,4
M81093,7,7
M81094,7,7
M81600,3,3
M81604,4,4
M81605,4,4
M81608,2,2
M81616,3,3
M81617,4,4
M81621,5,5
M81627,3,3
M81629,5,5
M82002,6,
M82003,9,10
M82004,13,13
M82005,8,11
M82006,8,7
M82007,6,6
M82008,7,7
M82009,5,5
M82010,13,14
M82011,3,3
M82012,8,8
M82013,5,5
M82014,5,6
M82016,10,7
M82017,4,4
M82018,8,7
M82019,7,7
M82020,3,3
M82021,7,7
M82022,11,9
M82023,14,6
M82024,2,2
M82025,4,4
M82026,9,9
M82027,6,6
M82028,8,8
M82029,6,6
M82030,7,7
M82031,4,4
M82032,10,10
M82033,4,
M82034,5,5
M82035,8,8
M82038,11,7
M82039,6,6
M82040,4,4
M82041,5,8
M82042,6,6
M82043,7,7
M82044,2,2
M82045,5,5
M82046,3,3
M82047,6,6
M82048,5,4
M82051,3,3
M82056,7,7
M82057,3,3
M82058,2,2
M82059,9,9
M82060,4,4
M82601,2,2
M82604,2,2
M82606,,
M82616,3,3
M82619,4,4
M82620,2,2
M83001,5,5
M83004,5,5
M83005,2,2
M83006,15,15
M83007,5,2
M83009,7,7
M83010,5,4
M83011,5,5
M83012,4,4
M83013,3,3
M83014,8,8
M83015,9,9
M83016,2,3
M83017,3,2
M83018,6,6
M83020,,
M83021,5,6
M83022,7,7
M83023,4,4
M83024,4,4
M83025,3,3
M83026,9,8
M83027,7,6
M83028,4,4
M83030,8,8
M83031,3,3
M83032,8,8
M83033,1,1
M83034,10,10
M83035,4,4
M83036,3,3
M83037,5,5
M83038,6,5
M83041,7,7
M83042,7,7
M83044,7,7
M83045,6,9
M83046,5,6
M83047,2,2
M83048,5,5
M83049,6,6
M83050,4,4
M83051,8,9
M83052,9,9
M83054,6,6
M83056,10,11
M83057,6,6
M83059,3,3
M83061,4,4
M83062,9,8
M83063,2,2
M83065,6,7
M83066,5,5
M83067,,1
M83068,3,3
M83069,8,7
M83070,4,4
M83071,6,6
M83072,4,4
M83073,,7
M83074,6,6
M83075,4,3
M83076,5,5
M83078,7,
M83079,5,5
M83082,4,4
M83084,5,3
M83088,8,8
M83089,6,5
M83090,3,3
M83092,5,4
M83093,5,5
M83094,6,6
M83096,6,6
M83097,9,9
M83100,2,2
M83102,3,3
M83103,4,4
M83107,3,
M83108,10,10
M83109,2,2
M83110,4,4
M83111,1,1
M83113,1,1
M83115,2,2
M83117,3,3
M83121,3,3
M83122,2,2
M83123,4,4
M83125,3,2
M83126,5,4
M83127,2,2
M83128,2,2
M83129,5,5
M83130,4,4
M83132,3,3
M83134,2,2
M83138,6,5
M83139,3,3
M83140,3,3
M83141,9,9
M83143,2,2
M83146,,8
M83148,9,9
M83601,6,6
M83608,3,3
M83616,1,1
M83617,10,10
M83619,2,2
M83623,2,2
M83624,1,1
M83625,,3
M83627,4,4
M83629,1,1
M83631,4,4
M83632,3,3
M83637,4,4
M83638,7,7
M83639,,
M83640,,
M83641,2,2
M83650,1,1
M83661,3,3
M83665,1,1
M83668,2,2
M83669,6,6
M83670,3,3
M83680,3,3
M83681,4,4
M83682,5,4
M83691,,
M83693,5,5
M83697,2,2
M83698,2,2
M83700,5,5
M83701,3,3
M83703,,
M83705,1,1
M83706,1,1
M83708,1,1
M83709,3,4
M83711,2,2
M83712,2,2
M83713,3,3
M83714,1,1
M83715,3,3
M83717,2,2
M83718,2,2
M83719,1,1
M83722,1,1
M83723,7,7
M83725,2,2
M83727,3,3
M83733,1,1
M83738,3,3
M83739,,
M84001,10,14
M84002,4,4
M84003,6,6
M84004,8,6
M84005,4,3
M84006,6,8
M84007,7,6
M84008,4,5
M84009,6,6
M84010,6,6
M84011,11,14
M84012,8,8
M84013,14,14
M84014,8,10
M84015,10,10
M84016,4,2
M84017,9,9
M84018,10,10
M84019,9,9
M84020,9,8
M84021,18,16
M84022,4,4
M84023,13,13
M84024,7,6
M84025,12,13
M84026,6,6
M84028,11,11
M84029,5,5
M84030,9,8
M84031,8,8
M84032,5,5
M84034,1,1
M84035,,
M84036,7,9
M84037,,
M84038,3,3
M84040,6,6
M84041,3,3
M84042,5,5
M84043,8,8
M84044,5,5
M84046,6,6
M84047,5,5
M84049,5,5
M84050,4,4
M84051,5,6
M84055,2,2
M84059,3,3
M84060,4,4
M84061,4,4
M84062,4,4
M84063,8,7
M84064,,
M84065,3,3
M84066,4,4
M84067,6,8
M84069,4,4
M84070,5,5
M84603,2,2
M84609,3,3
M84612,2,2
M84615,4,4
M84616,6,6
M84617,4,4
M84618,3,3
M84620,2,2
M84621,4,4
M84624,4,4
M84627,1,1
M84629,3,4
M85001,7,5
M85002,,
M85005,7,7
M85006,7,6
M85007,12,12
M85008,2,2
M85009,2,2
M85011,4,5
M85013,2,2
M85014,5,5
M85015,2,2
M85016,,
M85018,,
M85019,9,9
M85020,8,8
M85021,4,4
M85023,7,7
M85024,,
M85025,10,6
M85026,9,9
M85027,6,6
M85028,20,20
M85029,7,7
M85030,14,12
M85031,6,5
M85033,11,11
M85034,13,13
M85035,4,3
M85037,8,8
M85038,8,8
M85041,8,8
M85042,5,6
M85043,3,3
M85046,5,5
M85047,7,7
M85048,4,4
M85051,6,6
M85052,4,4
M85053,5,5
M85055,3,3
M85056,,
M85058,9,11
M85060,8,
M85061,6,6
M85062,4,4
M85063,27,25
M85064,2,2
M85065,5,5
M85066,3,2
M85068,6,7
M85069,21,20
M85070,9,10
M85071,,
M85072,4,4
M85074,6,6
M85075,,3
M85076,,
M85077,4,5
M85078,3,5
M85079,4,4
M85081,8,8
M85082,1,1
M85083,19,18
M85084,5,5
M85085,2,3
M85086,6,6
M85087,6,6
M85088,,13
M85092,5,5
M85094,1,1
M85097,1,1
M85098,5,5
M85100,7,7
M85103,5,5
M85105,3,3
M85107,2,2
M85108,5,3
M85110,2,2
M85113,3,3
M85115,2,2
M85116,4,4
M85117,,6
M85118,1,1
M85123,4,4
M85124,15,15
M85127,2,2
M85128,5,5
M85133,1,1
M85134,2,2
M85136,4,4
M85139,5,6
M85141,1,1
M85142,2,2
M85143,9,9
M85145,4,4
M85146,3,3
M85149,2,2
M85153,2,2
M85154,1,1
M85155,2,2
M85156,,
M85158,3,3
M85159,5,5
M85164,8,8
M85167,9,11
M85170,3,3
M85171,3,3
M85172,14,14
M85174,3,3
M85175,,
M85176,2,2
M85177,3,4
M85178,5,5
M85179,5,6
M85600,6,6
M85611,2,2
M85624,4,4
M85634,4,4
M85642,3,3
M85652,,
M85663,2,2
M85669,1,1
M85670,5,5
M85671,1,1
M85676,5,5
M85677,3,3
M85679,5,5
M85680,3,3
M85684,1,1
M85686,3,3
M85689,1,1
M85693,2,2
M85694,1,1
M85697,4,4
M85699,9,9
M85701,3,3
M85706,2,2
M85711,1,
M85713,3,3
M85715,7,7
M85716,2,2
M85717,3,3
M85721,2,2
M85722,2,2
M85730,1,1
M85732,1,1
M85733,5,5
M85735,5,5
M85736,5,4
M85739,3,3
M85741,7,7
M85746,3,3
M85749,1,1
M85753,2,2
M85756,4,4
M85757,4,4
M85759,5,3
M85766,3,3
M85770,2,2
M85774,4,4
M85776,1,1
M85778,5,5
M85779,3,3
M85781,3,3
M85782,,
M85783,4,4
M85792,2,2
M85794,1,1
M85797,,
M85801,1,1
M85803,9,9
M86001,5,5
M86002,3,3
M86003,9,9
M86004,8,9
M86005,2,2
M86006,6,6
M86007,3,3
M86008,4,4
M86009,12,13
M86010,9,9
M86012,,
M86013,3,3
M86014,12,10
M86015,9,9
M86016,5,5
M86017,7,8
M86018,8,8
M86019,3,4
M86020,,
M86021,4,5
M86022,1,1
M86023,4,4
M86026,3,3
M86027,6,8
M86028,3,3
M86029,8,8
M86030,3,3
M86032,11,10
M86033,6,6
M86034,6,6
M86035,,
M86037,2,4
M86038,3,4
M86039,,
M86040,2,2
M86041,1,1
M86044,3,3
M86045,9,6
M86046,4,4
M86048,2,3
M86605,1,1
M86610,1,1
M86612,1,1
M86613,1,1
M86617,,
M86622,4,4
M86624,5,4
M86627,3,3
M86633,2,2
M86638,3,4
M87001,3,3
M87002,2,2
M87003,10,10
M87005,8,8
M87006,8,8
M87007,8,8
M87008,6,6
M87009,11,11
M87010,6,6
M87011,,
M87012,4,4
M87013,7,7
M87014,6,6
M87015,6,5
M87016,3,3
M87017,3,3
M87018,4,4
M87019,4,4
M87020,7,7
M87021,,
M87023,8,5
M87024,14,15
M87025,6,6
M87026,1,2
M87027,1,1
M87028,4,4
M87030,3,3
M87034,3,3
M87036,6,4
M87037,,7
M87041,4,4
M87601,6,5
M87602,7,7
M87605,2,2
M87612,1,1
M87617,4,4
M87618,4,4
M87620,7,8
M87621,1,1
M87623,2,2
M87625,1,1
M87628,2,2
M87638,2,2
M88001,2,2
M88002,,
M88003,10,12
M88004,,9
M88005,,7
M88006,11,10
M88007,7,6
M88008,5,5
M88009,5,3
M88010,5,5
M88012,,10
M88013,8,8
M88014,3,3
M88015,3,3
M88016,2,2
M88018,13,13
M88019,2,2
M88020,10,10
M88021,4,4
M88022,2,2
M88023,4,4
M88024,2,2
M88026,2,2
M88030,3,3
M88031,1,1
M88032,,
M88035,5,13
M88036,1,1
M88038,10,12
M88040,2,2
M88041,2,2
M88042,1,1
M88043,4,4
M88044,1,1
M88600,3,3
M88610,7,7
M88612,3,3
M88616,2,2
M88618,1,1
M88619,7,6
M88620,1,1
M88623,1,1
M88624,,
M88625,2,2
M88626,2,2
M88627,1,1
M88628,2,2
M88629,2,2
M88630,6,6
M88633,2,2
M88635,2,2
M88637,4,4
M88639,2,3
M88640,1,1
M88643,2,2
M88645,5,5
M88646,1,1
M88647,2,2
M89001,4,3
M89002,1,1
M89003,46,44
M89004,4,4
M89005,4,4
M89007,4,3
M89008,6,8
M89009,5,5
M89010,8,8
M89012,6,6
M89013,2,2
M89015,,
M89016,8,6
M89017,13,13
M89019,9,9
M89021,5,5
M89024,,
M89026,6,6
M89027,3,3
M89028,9,9
M89030,4,4
M89601,5,5
M89602,2,2
M89608,3,3
M91003,8,10
M91004,7,7
M91006,2,2
M91007,6,6
M91008,4,4
M91009,4,4
M91010,5,5
M91011,5,5
M91013,4,2
M91014,1,2
M91015,10,10
M91016,5,5
M91017,6,6
M91018,2,2
M91019,8,8
M91020,4,4
M91021,3,3
M91022,2,1
M91024,1,1
M91025,1,1
M91026,2,3
M91028,2,3
M91029,4,3
M91032,4,4
M91033,4,4
M91034,3,3
M91036,3,4
M91602,,
M91604,2,3
M91609,3,5
M91611,1,1
M91612,3,3
M91613,1,1
M91614,3,3
M91616,6,6
M91619,3,3
M91621,5,5
M91623,1,1
M91624,3,3
M91625,2,2
M91626,3,3
M91628,2,2
M91629,4,4
M91637,2,2
M91639,2,2
M91640,2,4
M91641,3,3
M91642,2,2
M91643,4,4
M91647,3,3
M91650,5,5
M91654,1,1
M91655,2,
M91659,1,1
M91660,1,1
M92001,,
M92002,7,8
M92003,2,2
M92004,1,1
M92006,,
M92007,7,7
M92008,8,8
M92009,11,11
M92010,5,5
M92011,4,4
M92012,6,7
M92013,6,6
M92014,1,1
M92015,1,1
M92016,5,5
M92019,6,6
M92022,2,4
M92024,8,6
M92026,2,2
M92027,2,2
M92028,7,7
M92029,4,3
M92030,2,2
M92031,,
M92035,2,2
M92039,4,4
M92040,2,2
M92041,1,1
M92042,3,3
M92043,3,3
M92044,3,3
M92607,3,3
M92609,2,2
M92612,2,2
M92627,3,3
M92629,2,2
M92630,5,5
M92640,1,1
M92643,1,1
M92647,2,2
M92649,4,4
M92654,2,2
N81001,5,5
N81002,9,9
N81005,8,8
N81006,1,1
N81007,,
N81008,5,5
N81009,3,3
N81010,4,4
N81011,11,10
N81012,9,12
N81013,5,5
N81014,7,7
N81015,10,10
N81016,6,6
N81017,3,3
N81018,4,4
N81019,11,11
N81020,10,8
N81021,5,5
N81022,8,9
N81023,13,13
N81024,7,7
N81025,6,8
N81026,,8
N81027,7,7
N81028,3,3
N81029,9,9
N81030,9,9
N81031,5,4
N81032,18,17
N81033,,6
N81034,7,7
N81035,8,8
N81036,3,3
N81037,6,6
N81038,5,5
N81039,6,6
N81040,5,5
N81041,6,6
N81042,5,5
N81043,4,4
N81044,5,5
N81045,7,8
N81046,6,7
N81047,8,7
N81048,6,6
N81049,5,5
N81050,6,7
N81051,3,3
N81052,7,7
N81053,7,7
N81054,8,6
N81055,5,5
N81056,8,8
N81057,8,8
N81059,6,8
N81060,9,10
N81061,5,5
N81062,15,14
N81063,,
N81064,1,1
N81065,5,5
N81066,7,7
N81067,5,5
N81068,8,9
N81069,5,5
N81070,,
N81071,3,3
N81072,3,3
N81073,2,2
N81074,2,2
N81075,10,12
N81077,9,8
N81079,6,6
N81080,5,1
N81081,11,12
N81082,4,4
N81083,2,2
N81084,8,8
N81085,8,8
N81086,,6
N81087,15,15
N81088,10,10
N81089,6,6
N81090,7,7
N81091,,
N81092,9,9
N81093,1,1
N81094,6,6
N81095,5,5
N81096,5,5
N81097,2,2
N81100,7,7
N81101,7,7
N81102,3,3
N81107,3,3
N81108,5,5
N81109,4,3
N81111,,
N81112,6,6
N81113,4,4
N81114,9,9
N81115,5,5
N81117,10,10
N81118,5,5
N81119,2,2
N81120,4,4
N81121,5,5
N81122,7,7
N81123,2,2
N81125,4,4
N81127,4,4
N81607,2,2
N81614,5,5
N81618,5,5
N81619,2,2
N81623,1,1
N81624,8,8
N81626,3,3
N81628,4,5
N81632,3,4
N81637,2,2
N81642,2,2
N81645,2,1
N81651,2,2
N82001,4,4
N82002,3,3
N82003,3,4
N82004,2,2
N82009,5,5
N82011,9,9
N82014,5,5
N82018,8,8
N82019,3,3
N82022,9,9
N82024,8,8
N82026,6,6
N82033,7,7
N82034,,
N82035,10,9
N82036,1,3
N82037,8,8
N82039,,
N82041,2,10
N82046,,
N82048,4,4
N82049,5,5
N82050,2,2
N82051,4,1
N82052,3,3
N82053,15,14
N82054,6,7
N82058,5,5
N82059,3,3
N82060,1,1
N82062,6,6
N82065,1,1
N82066,9,9
N82067,3,3
N82070,9,7
N82073,7,7
N82074,7,7
N82076,4,4
N82077,1,2
N82078,2,1
N82079,6,6
N82081,4,4
N82082,3,3
N82083,8,7
N82084,5,5
N82086,2,2
N82087,3,3
N82089,1,1
N82090,7,7
N82091,2,2
N82092,7,6
N82093,3,3
N82094,6,8
N82095,3,3
N82097,6,6
N82099,6,6
N82100,4,4
N82101,3,3
N82103,2,2
N82104,3,3
N82106,3,3
N82107,1,1
N82108,8,8
N82109,2,2
N82110,6,6
N82113,1,1
N82115,12,12
N82116,4,5
N82117,29,29
N82617,,1
N82621,2,2
N82623,1,1
N82633,1,2
N82641,5,5
N82645,2,2
N82646,6,6
N82647,,
N82648,2,2
N82650,2,2
N82651,2,2
N82655,1,1
N82662,4,4
N82663,2,2
N82664,1,1
N82665,2,2
N82668,3,3
N82669,2,2
N82670,2,2
N82671,1,1
N82676,4,4
N82678,1,1
N83001,10,10
N83002,6,6
N83003,3,3
N83005,5,5
N83006,2,2
N83007,2,2
N83008,4,4
N83009,13,13
N83010,5,5
N83012,1,1
N83013,3,3
N83014,,
N83015,2,2
N83017,2,2
N83018,6,6
N83019,4,3
N83020,6,6
N83021,4,4
N83022,3,3
N83023,1,3
N83024,5,5
N83025,2,2
N83026,2,2
N83027,4,4
N83028,9,9
N83030,5,5
N83031,1,1
N83032,7,7
N83033,4,4
N83035,8,8
N83041,4,6
N83043,3,3
N83045,1,1
N83047,2,2
N83049,2,2
N83050,3,3
N83053,2,2
N83054,3,3
N83055,,
N83060,1,1
N83601,3,3
N83603,4,4
N83604,2,2
N83605,1,1
N83608,5,5
N83609,3,3
N83610,,1
N83611,3,3
N83614,3,3
N83619,1,
N83620,3,3
N83621,2,2
N83622,3,3
N83624,1,1
N83628,1,1
N83633,2,2
N83635,4,4
N83637,2,2
N84001,5,5
N84002,3,3
N84003,6,6
N84004,9,8
N84005,6,6
N84006,5,5
N84007,3,3
N84008,6,6
N84010,5,5
N84011,4,4
N84012,9,9
N84013,2,2
N84014,3,2
N84015,,
N84016,4,4
N84017,5,5
N84018,5,7
N84019,4,4
N84020,7,7
N84021,7,8
N84023,4,4
N84024,7,6
N84025,,
N84026,,
N84027,,
N84028,6,6
N84029,4,4
N84034,3,3
N84035,3,3
N84036,5,
N84037,2,2
N84038,4,4
N84041,3,3
N84043,3,3
N84605,2,2
N84611,5,7
N84613,4,4
N84614,2,2
N84615,,
N84617,3,3
N84618,4,4
N84621,2,2
N84624,5,5
N84625,5,5
N84626,4,4
N84627,1,1
N84630,1,1
N85001,,
N85002,14,14
N85003,3,3
N85005,9,9
N85006,1,1
N85007,8,8
N85008,8,
N85009,4,4
N85012,10,14
N85013,6,6
N85014,2,2
N85015,5,5
N85016,,
N85017,6,6
N85018,1,1
N85019,7,7
N85020,10,11
N85021,3,3
N85022,3,3
N85023,7,7
N85024,4,7
N85025,5,5
N85027,3,3
N85028,2,2
N85031,4,4
N85032,4,4
N85034,6,6
N85037,4,4
N85038,4,4
N85040,6,6
N85044,14,13
N85046,3,3
N85047,5,5
N85048,5,5
N85051,6,6
N85052,3,3
N85053,3,3
N85054,4,4
N85057,2,2
N85058,4,4
N85059,4,4
N85616,3,3
N85617,8,8
N85619,3,3
N85620,7,7
N85625,1,1
N85629,4,4
N85633,2,2
N85634,2,2
N85640,5,5
N85643,,1
N85648,,5
P81002,9,30
P81003,7,6
P81004,3,4
P81005,7,7
P81006,7,7
P81008,4,4
P81010,3,3
P81011,12,
P81013,12,12
P81014,4,5
P81015,6,6
P81016,6,6
P81017,10,10
P81018,4,4
P81020,5,5
P81022,5,5
P81025,5,6
P81027,12,11
P81028,2,2
P81029,15,15
P81031,3,4
P81032,7,7
P81033,5,5
P81035,1,1
P81036,9,9
P81037,5,5
P81038,4,4
P81039,3,3
P81040,8,8
P81041,3,3
P81042,3,3
P81043,4,5
P81044,8,8
P81045,2,2
P81046,4,4
P81047,6,6
P81051,9,9
P81053,6,6
P81054,6,6
P81055,5,5
P81056,8,
P81057,2,2
P81058,6,5
P81059,5,5
P81061,3,3
P81062,6,6
P81063,6,6
P81064,10,
P81065,8,10
P81066,2,2
P81067,7,6
P81069,8,8
P81070,8,8
P81071,5,5
P81072,5,7
P81073,4,4
P81074,10,10
P81076,7,7
P81077,8,8
P81078,7,7
P81079,7,7
P81081,3,3
P81082,5,5
P81083,5,5
P81084,4,4
P81085,,
P81086,4,4
P81087,6,7
P81088,5,5
P81089,6,6
P81091,6,6
P81092,5,5
P81093,1,1
P81095,4,
P81096,9,10
P81099,3,3
P81100,12,12
P81103,8,8
P81104,3,3
P81107,5,5
P81112,6,6
P81113,5,5
P81115,10,9
P81117,1,1
P81118,5,5
P81119,2,2
P81121,1,1
P81123,18,18
P81125,8,8
P81127,2,1
P81128,,
P81129,4,6
P81130,7,7
P81132,6,6
P81133,5,5
P81134,3,
P81136,2,2
P81137,3,3
P81138,2,2
P81140,6,6
P81143,2,5
P81146,4,4
P81147,1,1
P81149,2,2
P81150,,
P81152,3,4
P81154,4,4
P81155,3,4
P81157,,
P81159,,5
P81160,,
P81163,1,1
P81165,2,2
P81166,1,1
P81167,3,3
P81169,4,4
P81170,2,2
P81171,2,2
P81172,6,5
P81173,2,2
P81177,1,1
P81179,3,3
P81180,2,2
P81181,2,2
P81182,4,3
P81184,6,6
P81185,6,6
P81186,,1
P81190,5,5
P81191,,
P81196,5,5
P81197,2,2
P81201,3,3
P81204,3,3
P81208,6,6
P81210,4,5
P81212,,
P81213,7,7
P81214,2,2
P81215,4,4
P81218,3,5
P81607,3,3
P81620,2,2
P81622,1,1
P81633,3,3
P81642,1,1
P81643,,1
P81646,2,2
P81647,2,2
P81655,1,1
P81659,2,3
P81664,8,8
P81667,2,2
P81668,3,3
P81674,4,4
P81681,1,1
P81683,6,6
P81684,2,2
P81685,,
P81686,1,1
P81687,1,1
P81689,,2
P81690,1,1
P81692,4,4
P81694,1,1
P81695,3,3
P81699,1,1
P81700,11,11
P81701,3,3
P81704,2,2
P81707,3,4
P81709,4,4
P81710,6,6
P81711,1,1
P81712,1,1
P81713,,
P81714,4,4
P81721,1,1
P81724,2,2
P81726,,
P81727,1,1
P81730,4,5
P81731,1,1
P81732,4,4
P81733,1,1
P81734,14,16
P81735,1,1
P81736,2,2
P81737,1,1
P81738,2,2
P81740,2,2
P81741,1,1
P81742,2,1
P81748,4,4
P81749,1,1
P81750,1,1
P81755,3,3
P81756,3,
P81757,2,2
P81758,1,1
P81760,,
P81763,1,1
P81769,1,1
P81770,1,1
P81771,1,1
P81774,,
P81778,2,1
P81780,3,3
P81785,4,4
P82001,6,7
P82002,4,4
P82003,7,7
P82004,,4
P82005,5,5
P82006,3,3
P82007,11,12
P82008,12,14
P82009,5,5
P82010,4,3
P82011,5,5
P82012,5,5
P82013,3,3
P82014,4,4
P82015,13,13
P82016,11,11
P82018,4,4
P82020,2,3
P82021,11,12
P82022,5,4
P82023,6,6
P82025,3,3
P82029,7,7
P82030,3,3
P82031,14,15
P82033,1,1
P82034,3,3
P82036,2,2
P82037,3,3
P82607,1,1
P82609,1,1
P82613,3,3
P82616,3,3
P82624,2,2
P82625,2,2
P82626,4,3
P82627,4,4
P82629,3,3
P82633,1,1
P82634,2,2
P82640,2,2
P82643,5,5
P82652,2,2
P82660,2,2
P83001,6,6
P83004,6,6
P83005,2,2
P83006,5,5
P83007,,
P83008,5,5
P83009,4,4
P83010,2,2
P83011,8,
P83012,8,8
P83015,4,4
P83017,1,1
P83019,3,3
P83020,3,3
P83021,5,6
P83023,6,6
P83024,3,3
P83025,5,5
P83027,1,1
P83029,5,5
P83603,4,3
P83605,,
P83608,,
P83609,3,3
P83611,1,1
P83612,1,1
P83620,2,2
P83621,3,3
P83623,4,4
P84004,4,4
P84005,5,5
P84009,5,5
P84010,8,8
P84012,3,3
P84014,3,3
P84016,4,4
P84017,7,7
P84018,2,2
P84019,6,6
P84020,8,8
P84021,4,6
P84022,1,1
P84023,5,7
P84024,5,
P84025,4,4
P84026,4,4
P84027,6,7
P84028,,
P84029,,
P84030,8,8
P84032,2,2
P84033,3,3
P84034,9,7
P84035,8,8
P84037,6,6
P84038,5,5
P84039,5,5
P84040,2,2
P84041,3,3
P84042,,
P84043,6,6
P84045,3,3
P84046,6,6
P84047,2,2
P84048,6,6
P84049,6,6
P84050,,
P84051,3,3
P84052,6,6
P84053,5,5
P84054,5,5
P84055,1,1
P84056,4,4
P84059,3,3
P84061,,
P84062,1,1
P84064,2,2
P84065,2,3
P84066,3,3
P84067,4,4
P84068,9,9
P84070,3,3
P84071,1,1
P84072,14,14
P84074,6,6
P84605,1,1
P84611,4,4
P84616,6,6
P84623,,
P84626,3,3
P84630,10,11
P84631,4,3
P84635,3,3
P84637,1,1
P84639,3,3
P84640,,
P84644,3,3
P84645,4,4
P84650,5,5
P84651,3,3
P84652,5,5
P84663,4,4
P84665,,
P84669,6,6
P84672,1,1
P84673,8,8
P84678,6,7
P84679,1,1
P84682,1,1
P84683,3,3
P84684,1,1
P84689,,
P84690,3,3
P85001,2,5
P85002,3,3
P85003,2,2
P85004,3,3
P85005,,
P85006,3,3
P85007,2,2
P85008,6,6
P85010,1,1
P85011,8,8
P85012,2,2
P85013,10,9
P85014,3,3
P85015,3,3
P85016,9,9
P85017,5,6
P85018,2,2
P85019,,
P85020,4,4
P85021,6,6
P85022,3,3
P85025,2,2
P85026,,
P85028,8,6
P85601,2,2
P85602,2,1
P85605,2,2
P85606,2,2
P85607,1,1
P85608,1,1
P85610,,
P85612,,
P85613,,
P85614,,1
P85615,4,4
P85620,,
P85621,5,4
P85622,3,3
P86001,4,4
P86002,1,1
P86003,6,6
P86004,7,7
P86005,3,3
P86006,8,8
P86007,1,1
P86008,8,7
P86009,6,7
P86010,4,4
P86011,6,6
P86012,6,6
P86013,1,1
P86014,4,4
P86015,2,2
P86016,6,6
P86017,2,2
P86018,6,6
P86019,7,7
P86021,4,4
P86022,7,7
P86023,3,6
P86026,5,5
P86602,,
P86605,1,1
P86606,2,3
P86608,3,3
P86609,,
P86614,1,1
P86619,3,3
P86620,3,3
P86624,4,4
P87002,9,10
P87003,3,3
P87004,2,2
P87008,5,5
P87014,3,3
P87015,2,2
P87016,8,8
P87017,4,4
P87019,7,7
P87020,,
P87022,1,1
P87024,6,6
P87025,,6
P87026,6,6
P87027,8,8
P87028,4,4
P87032,3,3
P87035,6,6
P87036,2,2
P87039,3,3
P87040,4,4
P87610,3,5
P87613,1,1
P87618,3,3
P87620,4,4
P87624,4,4
P87625,3,3
P87627,1,1
P87630,2,2
P87634,8,8
P87639,2,2
P87648,3,3
P87649,3,3
P87651,1,1
P87652,3,3
P87654,4,4
P87657,3,3
P87658,1,1
P87659,,4
P87660,3,3
P87661,1,1
P88002,5,6
P88003,6,6
P88005,6,6
P88006,1,1
P88007,7,7
P88008,5,5
P88009,1,1
P88011,8,7
P88012,7,7
P88013,6,6
P88014,2,6
P88015,4,4
P88016,11,11
P88017,4,5
P88018,6,6
P88019,2,2
P88020,14,14
P88021,6,7
P88023,5,5
P88024,5,5
P88025,8,7
P88026,6,3
P88028,3,3
P88031,7,8
P88034,3,3
P88041,3,3
P88042,6,6
P88043,12,13
P88044,2,2
P88600,1,1
P88604,3,3
P88606,3,3
P88607,2,2
P88610,4,3
P88615,1,1
P88617,4,4
P88618,,
P88623,3,3
P88624,2,2
P88625,4,4
P88632,12,14
P89002,6,6
P89003,6,6
P89004,4,4
P89005,5,5
P89006,1,1
P89007,3,3
P89008,4,4
P89010,5,6
P89011,4,4
P89012,4,4
P89013,2,2
P89014,7,7
P89015,4,8
P89016,7,7
P89017,3,3
P89018,5,5
P89019,4,
P89020,4,4
P89021,9,7
P89022,2,1
P89023,3,3
P89025,2,6
P89026,4,4
P89029,3,3
P89030,2,2
P89033,1,1
P89602,3,3
P89609,3,3
P89612,1,1
P89613,1,1
P89618,2,2
P91003,3,3
P91004,5,5
P91006,7,7
P91007,,
P91008,6,4
P91009,9,9
P91011,5,5
P91012,4,4
P91013,7,7
P91014,13,13
P91016,5,5
P91017,6,6
P91018,8,8
P91019,,2
P91020,4,4
P91021,9,8
P91026,4,4
P91029,2,2
P91032,2,2
P91035,6,5
P91603,6,6
P91604,9,9
P91615,4,4
P91617,1,1
P91619,,
P91623,4,4
P91625,3,3
P91627,2,2
P91629,4,4
P91631,2,2
P91633,4,4
P92001,3,3
P92002,3,3
P92003,7,7
P92004,5,5
P92005,2,2
P92006,4,4
P92007,7,7
P92008,8,8
P92010,8,8
P92011,5,5
P92012,4,4
P92014,7,7
P92015,5,5
P92016,10,10
P92017,9,9
P92019,4,4
P92020,2,2
P92021,4,4
P92023,4,4
P92024,4,4
P92026,4,4
P92028,4,4
P92029,1,1
P92030,2,2
P92031,2,2
P92033,3,3
P92034,5,5
P92035,2,2
P92038,1,1
P92041,6,6
P92042,2,2
P92602,1,1
P92605,2,2
P92607,4,4
P92615,1,1
P92616,,
P92619,,1
P92620,2,2
P92621,2,2
P92623,1,1
P92626,3,3
P92630,1,1
P92633,2,2
P92634,1,2
P92635,2,2
P92637,1,1
P92639,2,2
P92642,5,5
P92646,2,2
P92647,2,2
P92648,1,1
P92651,2,2
P92652,2,2
P92653,5,5
Y00020,7,7
Y00025,,
Y00026,3,3
Y00028,1,1
Y00033,1,1
Y00050,1,1
Y00056,4,4
Y00057,3,3
Y00058,8,7
Y00060,,
Y00075,3,3
Y00078,4,4
Y00080,4,4
Y00090,4,4
Y00092,1,1
Y00105,1,1
Y00110,2,2
Y00137,5,5
Y00140,3,3
Y00151,3,4
Y00155,4,4
Y00159,17,20
Y00164,4,
Y00184,3,3
Y00185,13,11
Y00186,1,2
Y00189,,
Y00198,7,
Y00200,4,4
Y00206,3,3
Y00212,2,2
Y00228,2,2
Y00243,5,6
Y00252,1,1
Y00260,2,4
Y00265,3,3
Y00268,3,3
Y00278,2,2
Y00280,4,4
Y00286,1,1
Y00293,4,4
Y00297,3,3
Y00312,3,3
Y00316,4,4
Y00328,2,2
Y00344,3,3
Y00347,2,2
Y00351,8,8
Y00352,2,2
Y00399,2,2
Y00403,4,4
Y00411,6,6
Y00412,2,2
Y00437,5,6
Y00445,10,12
Y00446,,2
Y00449,4,3
Y00454,1,1
Y00469,4,4
Y00471,3,3
Y00475,4,4
Y00484,1,1
Y00486,1,1
Y00492,7,7
Y00507,2,2
Y00522,1,1
Y00527,2,2
Y00542,8,8
Y00560,2,2
Y00561,1,1
Y00568,1,1
Y00589,1,1
Y00592,,7
Y00612,4,4
Y00683,,
Y00726,4,4
Y00758,1,1
Y00774,2,2
Y00902,2,2
Y00912,1,1
Y00918,3,3
Y00955,2,2
Y00969,11,10
Y00984,1,1
Y00996,3,3
Y00999,1,1
Y01008,27,
Y01011,9,9
Y01050,7,7
Y01051,4,4
Y01066,2,2
Y01068,4,4
Y01090,1,1
Y01108,3,3
Y01118,3,3
Y01124,2,2
Y01127,7,4
Y01132,10,10
Y01139,4,4
Y01163,1,1
Y01165,3,3
Y01177,3,3
Y01200,2,2
Y01206,7,8
Y01221,2,2
Y01280,1,1
Y01281,1,3
Y01291,6,8
Y01652,5,5
Y01655,4,4
Y01690,9,11
Y01695,,
Y01719,3,3
Y01756,,4
Y01794,9,9
Y01795,1,1
Y01812,5,5
Y01839,4,4
Y01922,14,13
Y01924,,1
Y01929,7,7
Y01948,1,1
Y01962,8,8
Y01964,4,4
Y02002,5,5
Y02117,4,4
Y02128,5,5
Y02129,5,5
Y02162,2,2
Y02164,3,2
Y02177,2,2
Y02212,1,1
Y02222,3,3
Y02260,2,2
Y02274,1,1
Y02319,2,2
Y02321,3,3
Y02322,5,5
Y02325,1,1
Y02332,3,3
Y02342,4,4
Y02344,4,4
Y02354,7,8
Y02378,4,4
Y02414,1,2
Y02423,20,20
Y02442,2,2
Y02462,1,1
Y02463,6,5
Y02466,3,3
Y02469,4,4
Y02471,4,4
Y02476,3,3
Y02483,3,3
Y02490,,
Y02494,,8
Y02495,4,4
Y02501,1,1
Y02506,4,4
Y02509,2,2
Y02510,2,2
Y02517,11,11
Y02519,4,6
Y02520,4,4
Y02521,7,7
Y02526,4,4
Y02567,3,1
Y02570,5,5
Y02571,,
Y02572,4,4
Y02575,5,5
Y02578,10,10
Y02583,5,5
Y02585,5,5
Y02586,3,3
Y02589,3,3
Y02594,4,4
Y02597,2,2
Y02605,2,2
Y02606,1,1
Y02610,5,5
Y02611,2,2
Y02620,3,3
Y02622,1,1
Y02624,4,4
Y02626,5,5
Y02627,3,2
Y02633,4,4
Y02636,2,3
Y02638,,
Y02639,8,9
Y02646,9,9
Y02653,2,2
Y02656,1,1
Y02657,5,6
Y02658,3,5
Y02663,3,3
Y02669,3,3
Y02671,4,4
Y02672,5,5
Y02674,3,3
Y02676,2,2
Y02684,2,2
Y02686,2,2
Y02692,3,3
Y02701,3,3
Y02704,3,4
Y02707,11,11
Y02710,7,5
Y02711,2,2
Y02713,2,2
Y02718,,
Y02720,1,1
Y02721,,
Y02735,2,
Y02736,6,6
Y02747,9,9
Y02751,7,7
Y02753,3,4
Y02754,3,3
Y02755,3,3
Y02757,5,5
Y02767,5,5
Y02769,3,4
Y02778,5,
Y02787,2,2
Y02790,4,4
Y02794,10,10
Y02795,4,3
Y02807,6,6
Y02811,6,6
Y02812,3,3
Y02816,2,4
Y02826,5,5
Y02827,1,1
Y02842,3,3
Y02847,16,12
Y02849,5,5
Y02867,4,4
Y02875,2,2
Y02885,2,2
Y02886,2,2
Y02887,2,2
Y02890,9,9
Y02893,6,5
Y02896,4,4
Y02900,8,8
Y02906,,
Y02914,,
Y02928,4,4
Y02933,3,3
Y02936,2,2
Y02946,8,8
Y02957,,
Y02960,4,4
Y02961,8,8
Y02962,,
Y02973,,
Y02974,2,2
Y02986,2,2
Y02987,7,7
Y03023,9,8
Y03035,16,16
Y03049,,
Y03051,3,4
Y03052,4,4
Y03063,18,19
Y03079,8,9
Y03097,,
Y03101,,
Y03112,,
Y03124,3,4
Y03135,,
Y03222,2,2
Y03296,2,2
Y03362,3,3
Y03363,1,1
Y03364,3,3
Y03366,3,3
Y03402,10,8
Y03441,5,5
Y03506,3,3
Y03587,5,5
Y03595,,
Y03597,2,2
Y03602,3,3
Y03656,3,3
Y03661,4,4
Y03663,,
Y03664,,
Y03671,3,3
Y03755,2,4
Y04266,2,2
Y04273,,
Y04333,1,2
Y04662,3,3
Y04664,4,4
Y04786,,
Y04809,1,1
Y04882,1,1
Y04883,1,1
Y04884,2,2
Y04925,,
Y04926,3,3
Y04927,5,5
Y04942,3,3
Y04947,2,2
Y04949,1,2
Y04951,,
Y04952,,
Y04957,17,17
Y04965,2,2
Y04968,1,1
Y04969,2,2
Y04977,4,5
Y04995,11,7
Y05023,2,2
Y05080,1,1
Y05125,,
Y05161,,
Y05162,,
Y05163,,
Y05167,,
Y05187,,
Y05212,1,1
Y05248,,
Y05286,2,2
Y05291,,
Y05317,5,5
Y05318,7,7
Y05330,5,5
Y05346,,
Y05349,,
Y05363,,
Y05364,2,2
Y05369,4,3
Y05502,,
Y05548,2,2
Y05569,,
Y05622,,2
Y05665,,
Y05690,,4
Y05733,,
Y05826,,
,,
,,
,,
,,
,,
,,
,,
,,
,,
,,
,,
,,
,,
,,
,,
