,practice_code,bnf_description,bnf_code,items,excess_cost
0,F83042,Risperidone_Tab 6mg,040201030AAAFAF,1,116.8384
1,F83023,Risperidone_Tab 6mg,040201030AAAFAF,3,87.6288
2,F83023,Risperidone_Tab 6mg,040201030AAAFAF,1,58.4192
8,F83672,Mesalazine_Tab E/C 400mg,0105010B0AAAAAA,1,47.913599999999995
3,Y02674,Risperidone_Tab 6mg,040201030AAAFAF,6,43.848
9,F83050,Mesalazine_Tab E/C 400mg,0105010B0AAAAAA,1,38.501999999999995
10,F83682,Mesalazine_Tab E/C 400mg,0105010B0AAAAAA,1,35.935199999999995
114,F83022,Carbimazole_Tab 5mg,0602020D0AAAAAA,1,35.826
4,F83061,Risperidone_Tab 6mg,040201030AAAFAF,1,29.2096
5,F83018,Risperidone_Tab 6mg,040201030AAAFAF,1,29.2096
6,F83022,Risperidone_Tab 6mg,040201030AAAFAF,1,29.2096
14,F83658,Mesalazine_Tab E/C 400mg,0105010B0AAAAAA,2,23.956799999999998
15,F83018,Mesalazine_Tab E/C 400mg,0105010B0AAAAAA,1,23.956799999999998
13,F83672,Mesalazine_Tab E/C 400mg,0105010B0AAAAAA,1,23.956799999999998
12,F83632,Mesalazine_Tab E/C 400mg,0105010B0AAAAAA,1,23.956799999999998
11,F83017,Mesalazine_Tab E/C 400mg,0105010B0AAAAAA,1,23.956799999999998
16,F83623,Mesalazine_Tab E/C 400mg,0105010B0AAAAAA,1,15.971199999999998
210,F83615,Ropinirole HCl_Tab 5mg,0409010H0AAADAD,1,15.48960000000001
7,F83025,Risperidone_Tab 6mg,040201030AAAFAF,1,14.6048
17,F83632,Mesalazine_Tab E/C 400mg,0105010B0AAAAAA,2,11.986800000000002
18,F83658,Mesalazine_Tab E/C 400mg,0105010B0AAAAAA,1,8.556
19,F83615,Mesalazine_Tab E/C 400mg,0105010B0AAAAAA,4,8.0024
20,F83632,Mesalazine_Tab E/C 400mg,0105010B0AAAAAA,1,7.985599999999999
308,F83017,Pyridox HCl_Tab 50mg,0906024N0AAAIAI,1,4.309200000000001
28,F83017,Clonazepam_Tab 500mcg,0408010F0AAABAB,3,3.389999999999993
309,F83023,Pyridox HCl_Tab 50mg,0906024N0AAAIAI,2,2.8728000000000007
147,F83059,Amiodarone HCl_Tab 200mg,0203020D0AAABAB,4,2.8000000000000025
29,F83025,Clonazepam_Tab 500mcg,0408010F0AAABAB,2,2.531199999999995
30,F83059,Clonazepam_Tab 500mcg,0408010F0AAABAB,4,2.531199999999995
31,F83017,Clonazepam_Tab 500mcg,0408010F0AAABAB,7,2.2147999999999954
148,F83020,Amiodarone HCl_Tab 200mg,0203020D0AAABAB,2,2.100000000000002
32,F83055,Clonazepam_Tab 500mcg,0408010F0AAABAB,2,2.033999999999996
36,F83019,Clonazepam_Tab 500mcg,0408010F0AAABAB,3,1.898399999999996
39,F83022,Clonazepam_Tab 500mcg,0408010F0AAABAB,3,1.898399999999996
37,F83017,Clonazepam_Tab 500mcg,0408010F0AAABAB,1,1.898399999999996
38,F83048,Clonazepam_Tab 500mcg,0408010F0AAABAB,4,1.898399999999996
35,F83059,Clonazepam_Tab 500mcg,0408010F0AAABAB,1,1.898399999999996
34,F83023,Clonazepam_Tab 500mcg,0408010F0AAABAB,6,1.898399999999996
33,F83023,Clonazepam_Tab 500mcg,0408010F0AAABAB,1,1.898399999999996
40,Y02674,Clonazepam_Tab 500mcg,0408010F0AAABAB,4,1.5819999999999967
41,F83059,Clonazepam_Tab 500mcg,0408010F0AAABAB,5,1.5819999999999967
175,F83023,Diltiazem HCl_Tab 60mg M/R,0206020C0AAAAAA,2,1.478400000000005
310,F83003,Pyridox HCl_Tab 50mg,0906024N0AAAIAI,1,1.4364000000000003
150,F83006,Amiodarone HCl_Tab 200mg,0203020D0AAABAB,2,1.4000000000000012
149,F83023,Amiodarone HCl_Tab 200mg,0203020D0AAABAB,2,1.4000000000000012
42,F83658,Clonazepam_Tab 500mcg,0408010F0AAABAB,1,1.3559999999999972
43,F83017,Clonazepam_Tab 500mcg,0408010F0AAABAB,2,1.3559999999999972
50,F83011,Clonazepam_Tab 500mcg,0408010F0AAABAB,2,1.2655999999999974
46,F83018,Clonazepam_Tab 500mcg,0408010F0AAABAB,2,1.2655999999999974
45,F83057,Clonazepam_Tab 500mcg,0408010F0AAABAB,2,1.2655999999999974
49,F83055,Clonazepam_Tab 500mcg,0408010F0AAABAB,1,1.2655999999999974
48,F83022,Clonazepam_Tab 500mcg,0408010F0AAABAB,1,1.2655999999999974
47,F83017,Clonazepam_Tab 500mcg,0408010F0AAABAB,1,1.2655999999999974
44,F83005,Clonazepam_Tab 500mcg,0408010F0AAABAB,2,1.2655999999999974
51,F83050,Clonazepam_Tab 500mcg,0408010F0AAABAB,1,1.1299999999999977
52,F83023,Clonazepam_Tab 500mcg,0408010F0AAABAB,1,1.1299999999999977
53,F83059,Clonazepam_Tab 500mcg,0408010F0AAABAB,1,1.1299999999999977
176,F83042,Diltiazem HCl_Tab 60mg M/R,0206020C0AAAAAA,1,1.1088000000000038
151,F83623,Amiodarone HCl_Tab 200mg,0203020D0AAABAB,1,1.050000000000001
152,F83003,Amiodarone HCl_Tab 200mg,0203020D0AAABAB,1,1.050000000000001
153,F83658,Amiodarone HCl_Tab 200mg,0203020D0AAABAB,1,1.050000000000001
154,F83017,Amiodarone HCl_Tab 200mg,0203020D0AAABAB,3,1.050000000000001
283,F83059,Amisulpride_Tab 400mg,0402010A0AAAEAE,2,1.044000000000005
284,F83055,Amisulpride_Tab 400mg,0402010A0AAAEAE,2,1.044000000000005
54,F83623,Clonazepam_Tab 500mcg,0408010F0AAABAB,1,1.016999999999998
177,F83023,Diltiazem HCl_Tab 60mg M/R,0206020C0AAAAAA,2,1.008000000000001
21,F83615,Mesalazine_Tab E/C 400mg,0105010B0AAAAAA,1,1.0003
285,F83018,Amisulpride_Tab 400mg,0402010A0AAAEAE,2,0.9632000000000058
212,F83006,Co-Codamol_Cap 8mg/500mg,0407010F0AAABAB,6,0.9600000000000108
211,F83006,Co-Codamol_Cap 8mg/500mg,0407010F0AAABAB,6,0.9600000000000108
311,F83025,Pyridox HCl_Tab 50mg,0906024N0AAAIAI,1,0.9576000000000002
55,F83019,Clonazepam_Tab 500mcg,0408010F0AAABAB,1,0.949199999999998
56,F83632,Clonazepam_Tab 500mcg,0408010F0AAABAB,1,0.949199999999998
57,F83011,Clonazepam_Tab 500mcg,0408010F0AAABAB,1,0.949199999999998
58,F83023,Clonazepam_Tab 500mcg,0408010F0AAABAB,1,0.949199999999998
59,F83017,Clonazepam_Tab 500mcg,0408010F0AAABAB,1,0.949199999999998
60,F83003,Clonazepam_Tab 500mcg,0408010F0AAABAB,1,0.949199999999998
61,F83633,Clonazepam_Tab 500mcg,0408010F0AAABAB,2,0.949199999999998
62,F83019,Clonazepam_Tab 500mcg,0408010F0AAABAB,6,0.949199999999998
178,F83623,Diltiazem HCl_Tab 60mg M/R,0206020C0AAAAAA,1,0.7920000000000027
179,F83017,Diltiazem HCl_Tab 60mg M/R,0206020C0AAAAAA,1,0.7920000000000027
180,F83055,Diltiazem HCl_Tab 60mg M/R,0206020C0AAAAAA,2,0.7392000000000025
181,F83059,Diltiazem HCl_Tab 60mg M/R,0206020C0AAAAAA,2,0.7392000000000025
182,F83025,Diltiazem HCl_Tab 60mg M/R,0206020C0AAAAAA,2,0.7392000000000025
183,F83052,Diltiazem HCl_Tab 60mg M/R,0206020C0AAAAAA,12,0.7056000000000062
162,F83003,Amiodarone HCl_Tab 200mg,0203020D0AAABAB,1,0.7000000000000006
163,F83017,Amiodarone HCl_Tab 200mg,0203020D0AAABAB,1,0.7000000000000006
160,F83623,Amiodarone HCl_Tab 200mg,0203020D0AAABAB,1,0.7000000000000006
158,F83019,Amiodarone HCl_Tab 200mg,0203020D0AAABAB,1,0.7000000000000006
157,F83665,Amiodarone HCl_Tab 200mg,0203020D0AAABAB,1,0.7000000000000006
156,F83020,Amiodarone HCl_Tab 200mg,0203020D0AAABAB,2,0.7000000000000006
155,F83022,Amiodarone HCl_Tab 200mg,0203020D0AAABAB,1,0.7000000000000006
161,F83632,Amiodarone HCl_Tab 200mg,0203020D0AAABAB,1,0.7000000000000006
159,F83018,Amiodarone HCl_Tab 200mg,0203020D0AAABAB,1,0.7000000000000006
66,F83055,Clonazepam_Tab 500mcg,0408010F0AAABAB,1,0.6779999999999986
65,F83022,Clonazepam_Tab 500mcg,0408010F0AAABAB,1,0.6779999999999986
64,F83057,Clonazepam_Tab 500mcg,0408010F0AAABAB,1,0.6779999999999986
68,F83003,Clonazepam_Tab 500mcg,0408010F0AAABAB,1,0.6779999999999986
67,F83059,Clonazepam_Tab 500mcg,0408010F0AAABAB,1,0.6779999999999986
63,F83018,Clonazepam_Tab 500mcg,0408010F0AAABAB,1,0.6779999999999986
69,F83052,Clonazepam_Tab 500mcg,0408010F0AAABAB,1,0.6779999999999986
70,F83019,Clonazepam_Tab 500mcg,0408010F0AAABAB,1,0.6779999999999986
213,F83025,Co-Codamol_Cap 8mg/500mg,0407010F0AAABAB,4,0.6400000000000072
214,F83025,Co-Codamol_Cap 8mg/500mg,0407010F0AAABAB,4,0.6400000000000072
81,F83623,Clonazepam_Tab 500mcg,0408010F0AAABAB,1,0.6327999999999987
73,F83058,Clonazepam_Tab 500mcg,0408010F0AAABAB,2,0.6327999999999987
71,F83044,Clonazepam_Tab 500mcg,0408010F0AAABAB,1,0.6327999999999987
80,F83020,Clonazepam_Tab 500mcg,0408010F0AAABAB,1,0.6327999999999987
72,F83683,Clonazepam_Tab 500mcg,0408010F0AAABAB,2,0.6327999999999987
74,F83023,Clonazepam_Tab 500mcg,0408010F0AAABAB,1,0.6327999999999987
75,F83006,Clonazepam_Tab 500mcg,0408010F0AAABAB,2,0.6327999999999987
76,F83005,Clonazepam_Tab 500mcg,0408010F0AAABAB,2,0.6327999999999987
77,F83632,Clonazepam_Tab 500mcg,0408010F0AAABAB,1,0.6327999999999987
78,F83672,Clonazepam_Tab 500mcg,0408010F0AAABAB,1,0.6327999999999987
79,F83635,Clonazepam_Tab 500mcg,0408010F0AAABAB,1,0.6327999999999987
82,F83023,Clonazepam_Tab 500mcg,0408010F0AAABAB,1,0.5699999999999983
184,F83052,Diltiazem HCl_Tab 60mg M/R,0206020C0AAAAAA,1,0.5544000000000019
185,F83059,Diltiazem HCl_Tab 60mg M/R,0206020C0AAAAAA,1,0.5280000000000018
286,F83623,Amisulpride_Tab 400mg,0402010A0AAAEAE,1,0.5220000000000025
287,F83018,Amisulpride_Tab 400mg,0402010A0AAAEAE,1,0.5220000000000025
288,F83017,Amisulpride_Tab 400mg,0402010A0AAAEAE,1,0.5220000000000025
289,F83023,Amisulpride_Tab 400mg,0402010A0AAAEAE,1,0.5220000000000025
291,F83633,Amisulpride_Tab 400mg,0402010A0AAAEAE,1,0.5220000000000025
292,F83061,Amisulpride_Tab 400mg,0402010A0AAAEAE,1,0.5220000000000025
293,Y02674,Amisulpride_Tab 400mg,0402010A0AAAEAE,1,0.5220000000000025
290,F83025,Amisulpride_Tab 400mg,0402010A0AAAEAE,1,0.5220000000000025
295,F83658,Amisulpride_Tab 400mg,0402010A0AAAEAE,1,0.5220000000000025
296,F83683,Amisulpride_Tab 400mg,0402010A0AAAEAE,1,0.5220000000000025
294,F83632,Amisulpride_Tab 400mg,0402010A0AAAEAE,1,0.5220000000000025
297,F83058,Amisulpride_Tab 400mg,0402010A0AAAEAE,1,0.5220000000000025
188,F83018,Diltiazem HCl_Tab 60mg M/R,0206020C0AAAAAA,1,0.5040000000000004
186,F83011,Diltiazem HCl_Tab 60mg M/R,0206020C0AAAAAA,1,0.5040000000000004
187,F83665,Diltiazem HCl_Tab 60mg M/R,0206020C0AAAAAA,1,0.5040000000000004
189,F83018,Diltiazem HCl_Tab 60mg M/R,0206020C0AAAAAA,2,0.4928000000000017
298,F83048,Amisulpride_Tab 400mg,0402010A0AAAEAE,4,0.4816000000000029
299,F83017,Amisulpride_Tab 400mg,0402010A0AAAEAE,1,0.4816000000000029
300,F83025,Amisulpride_Tab 400mg,0402010A0AAAEAE,2,0.4816000000000029
301,F83023,Amisulpride_Tab 400mg,0402010A0AAAEAE,2,0.4816000000000029
215,F83023,Co-Codamol_Cap 8mg/500mg,0407010F0AAABAB,3,0.4800000000000054
216,F83023,Co-Codamol_Cap 8mg/500mg,0407010F0AAABAB,3,0.4800000000000054
313,F83025,Pyridox HCl_Tab 50mg,0906024N0AAAIAI,1,0.4788000000000001
312,F83017,Pyridox HCl_Tab 50mg,0906024N0AAAIAI,2,0.4788000000000001
314,F83023,Pyridox HCl_Tab 50mg,0906024N0AAAIAI,1,0.4788000000000001
83,F83023,Clonazepam_Tab 500mcg,0408010F0AAABAB,3,0.474599999999999
84,F83615,Clonazepam_Tab 500mcg,0408010F0AAABAB,1,0.474599999999999
85,F83017,Clonazepam_Tab 500mcg,0408010F0AAABAB,1,0.45199999999999907
86,F83019,Clonazepam_Tab 500mcg,0408010F0AAABAB,5,0.3954999999999992
190,F83632,Diltiazem HCl_Tab 60mg M/R,0206020C0AAAAAA,3,0.37800000000000034
191,F83615,Diltiazem HCl_Tab 60mg M/R,0206020C0AAAAAA,1,0.36960000000000126
192,F83042,Diltiazem HCl_Tab 60mg M/R,0206020C0AAAAAA,1,0.36960000000000126
193,F83665,Diltiazem HCl_Tab 60mg M/R,0206020C0AAAAAA,1,0.36960000000000126
194,F83017,Diltiazem HCl_Tab 60mg M/R,0206020C0AAAAAA,1,0.36960000000000126
195,F83006,Diltiazem HCl_Tab 60mg M/R,0206020C0AAAAAA,1,0.36960000000000126
218,F83017,Co-Codamol_Cap 8mg/500mg,0407010F0AAABAB,1,0.35840000000000405
217,F83018,Co-Codamol_Cap 8mg/500mg,0407010F0AAABAB,1,0.35840000000000405
219,F83017,Co-Codamol_Cap 8mg/500mg,0407010F0AAABAB,1,0.35840000000000405
220,F83018,Co-Codamol_Cap 8mg/500mg,0407010F0AAABAB,1,0.35840000000000405
164,F83023,Amiodarone HCl_Tab 200mg,0203020D0AAABAB,1,0.3500000000000003
165,F83057,Amiodarone HCl_Tab 200mg,0203020D0AAABAB,1,0.3500000000000003
166,F83632,Amiodarone HCl_Tab 200mg,0203020D0AAABAB,1,0.3500000000000003
168,F83025,Amiodarone HCl_Tab 200mg,0203020D0AAABAB,1,0.3500000000000003
169,F83018,Amiodarone HCl_Tab 200mg,0203020D0AAABAB,1,0.3500000000000003
170,F83635,Amiodarone HCl_Tab 200mg,0203020D0AAABAB,1,0.3500000000000003
171,F83682,Amiodarone HCl_Tab 200mg,0203020D0AAABAB,1,0.3500000000000003
167,F83042,Amiodarone HCl_Tab 200mg,0203020D0AAABAB,1,0.3500000000000003
87,F83050,Clonazepam_Tab 500mcg,0408010F0AAABAB,8,0.33919999999999995
94,F83023,Clonazepam_Tab 500mcg,0408010F0AAABAB,1,0.3389999999999993
90,F83058,Clonazepam_Tab 500mcg,0408010F0AAABAB,1,0.3389999999999993
88,F83020,Clonazepam_Tab 500mcg,0408010F0AAABAB,1,0.3389999999999993
92,F83006,Clonazepam_Tab 500mcg,0408010F0AAABAB,1,0.3389999999999993
89,F83055,Clonazepam_Tab 500mcg,0408010F0AAABAB,1,0.3389999999999993
93,F83682,Clonazepam_Tab 500mcg,0408010F0AAABAB,1,0.3389999999999993
91,F83672,Clonazepam_Tab 500mcg,0408010F0AAABAB,1,0.3389999999999993
172,F83057,Amiodarone HCl_Tab 200mg,0203020D0AAABAB,4,0.3388
174,F83052,Amiodarone HCl_Tab 200mg,0203020D0AAABAB,4,0.3388
173,F83020,Amiodarone HCl_Tab 200mg,0203020D0AAABAB,4,0.3388
221,F83048,Co-Codamol_Cap 8mg/500mg,0407010F0AAABAB,2,0.3200000000000036
222,F83011,Co-Codamol_Cap 8mg/500mg,0407010F0AAABAB,2,0.3200000000000036
223,F83011,Co-Codamol_Cap 8mg/500mg,0407010F0AAABAB,2,0.3200000000000036
224,F83048,Co-Codamol_Cap 8mg/500mg,0407010F0AAABAB,2,0.3200000000000036
225,F83050,Co-Codamol_Cap 8mg/500mg,0407010F0AAABAB,2,0.3200000000000036
226,F83050,Co-Codamol_Cap 8mg/500mg,0407010F0AAABAB,2,0.3200000000000036
100,F83019,Clonazepam_Tab 500mcg,0408010F0AAABAB,1,0.31639999999999935
103,F83020,Clonazepam_Tab 500mcg,0408010F0AAABAB,1,0.31639999999999935
102,F83623,Clonazepam_Tab 500mcg,0408010F0AAABAB,1,0.31639999999999935
101,F83633,Clonazepam_Tab 500mcg,0408010F0AAABAB,1,0.31639999999999935
96,F83057,Clonazepam_Tab 500mcg,0408010F0AAABAB,1,0.31639999999999935
99,F83635,Clonazepam_Tab 500mcg,0408010F0AAABAB,2,0.31639999999999935
98,F83615,Clonazepam_Tab 500mcg,0408010F0AAABAB,1,0.31639999999999935
97,F83632,Clonazepam_Tab 500mcg,0408010F0AAABAB,1,0.31639999999999935
105,F83677,Clonazepam_Tab 500mcg,0408010F0AAABAB,1,0.31639999999999935
104,F83055,Clonazepam_Tab 500mcg,0408010F0AAABAB,1,0.31639999999999935
109,F83017,Clonazepam_Tab 500mcg,0408010F0AAABAB,2,0.31639999999999935
106,F83061,Clonazepam_Tab 500mcg,0408010F0AAABAB,1,0.31639999999999935
107,F83048,Clonazepam_Tab 500mcg,0408010F0AAABAB,4,0.31639999999999935
108,F83665,Clonazepam_Tab 500mcg,0408010F0AAABAB,1,0.31639999999999935
95,F83022,Clonazepam_Tab 500mcg,0408010F0AAABAB,1,0.31639999999999935
196,F83025,Diltiazem HCl_Tab 60mg M/R,0206020C0AAAAAA,1,0.2640000000000009
304,F83050,Amisulpride_Tab 400mg,0402010A0AAAEAE,1,0.2640000000000009
303,F83017,Amisulpride_Tab 400mg,0402010A0AAAEAE,1,0.2640000000000009
302,F83059,Amisulpride_Tab 400mg,0402010A0AAAEAE,1,0.2640000000000009
306,F83048,Amisulpride_Tab 400mg,0402010A0AAAEAE,4,0.263199999999999
305,F83022,Amisulpride_Tab 400mg,0402010A0AAAEAE,4,0.263199999999999
205,F83665,Diltiazem HCl_Tab 60mg M/R,0206020C0AAAAAA,1,0.24640000000000084
207,F83006,Diltiazem HCl_Tab 60mg M/R,0206020C0AAAAAA,1,0.24640000000000084
206,F83017,Diltiazem HCl_Tab 60mg M/R,0206020C0AAAAAA,1,0.24640000000000084
204,F83057,Diltiazem HCl_Tab 60mg M/R,0206020C0AAAAAA,1,0.24640000000000084
203,F83059,Diltiazem HCl_Tab 60mg M/R,0206020C0AAAAAA,1,0.24640000000000084
202,F83022,Diltiazem HCl_Tab 60mg M/R,0206020C0AAAAAA,1,0.24640000000000084
201,F83061,Diltiazem HCl_Tab 60mg M/R,0206020C0AAAAAA,1,0.24640000000000084
200,F83020,Diltiazem HCl_Tab 60mg M/R,0206020C0AAAAAA,1,0.24640000000000084
199,F83052,Diltiazem HCl_Tab 60mg M/R,0206020C0AAAAAA,1,0.24640000000000084
198,F83011,Diltiazem HCl_Tab 60mg M/R,0206020C0AAAAAA,1,0.24640000000000084
197,F83658,Diltiazem HCl_Tab 60mg M/R,0206020C0AAAAAA,1,0.24640000000000084
307,F83055,Amisulpride_Tab 400mg,0402010A0AAAEAE,1,0.24080000000000146
316,F83632,Pyridox HCl_Tab 50mg,0906024N0AAAIAI,1,0.23940000000000006
315,F83011,Pyridox HCl_Tab 50mg,0906024N0AAAIAI,1,0.23940000000000006
317,F83022,Pyridox HCl_Tab 50mg,0906024N0AAAIAI,1,0.23940000000000006
208,F83048,Diltiazem HCl_Tab 60mg M/R,0206020C0AAAAAA,4,0.23520000000000207
228,F83682,Co-Codamol_Cap 8mg/500mg,0407010F0AAABAB,1,0.19200000000000217
227,F83682,Co-Codamol_Cap 8mg/500mg,0407010F0AAABAB,1,0.19200000000000217
229,F83017,Co-Codamol_Cap 8mg/500mg,0407010F0AAABAB,1,0.17920000000000202
234,F83006,Co-Codamol_Cap 8mg/500mg,0407010F0AAABAB,1,0.17920000000000202
233,F83017,Co-Codamol_Cap 8mg/500mg,0407010F0AAABAB,1,0.17920000000000202
232,F83022,Co-Codamol_Cap 8mg/500mg,0407010F0AAABAB,1,0.17920000000000202
231,F83006,Co-Codamol_Cap 8mg/500mg,0407010F0AAABAB,1,0.17920000000000202
230,F83022,Co-Codamol_Cap 8mg/500mg,0407010F0AAABAB,1,0.17920000000000202
241,F83665,Co-Codamol_Cap 8mg/500mg,0407010F0AAABAB,1,0.1600000000000018
242,F83057,Co-Codamol_Cap 8mg/500mg,0407010F0AAABAB,1,0.1600000000000018
239,F83055,Co-Codamol_Cap 8mg/500mg,0407010F0AAABAB,1,0.1600000000000018
238,F83635,Co-Codamol_Cap 8mg/500mg,0407010F0AAABAB,1,0.1600000000000018
243,F83055,Co-Codamol_Cap 8mg/500mg,0407010F0AAABAB,1,0.1600000000000018
244,F83635,Co-Codamol_Cap 8mg/500mg,0407010F0AAABAB,1,0.1600000000000018
245,F83658,Co-Codamol_Cap 8mg/500mg,0407010F0AAABAB,1,0.1600000000000018
246,F83658,Co-Codamol_Cap 8mg/500mg,0407010F0AAABAB,1,0.1600000000000018
247,F83632,Co-Codamol_Cap 8mg/500mg,0407010F0AAABAB,1,0.1600000000000018
248,Y03103,Co-Codamol_Cap 8mg/500mg,0407010F0AAABAB,1,0.1600000000000018
240,F83665,Co-Codamol_Cap 8mg/500mg,0407010F0AAABAB,1,0.1600000000000018
237,F83632,Co-Codamol_Cap 8mg/500mg,0407010F0AAABAB,1,0.1600000000000018
236,Y03103,Co-Codamol_Cap 8mg/500mg,0407010F0AAABAB,1,0.1600000000000018
235,F83057,Co-Codamol_Cap 8mg/500mg,0407010F0AAABAB,1,0.1600000000000018
110,F83055,Clonazepam_Tab 500mcg,0408010F0AAABAB,1,0.15819999999999967
112,F83665,Clonazepam_Tab 500mcg,0408010F0AAABAB,1,0.15819999999999967
111,F83006,Clonazepam_Tab 500mcg,0408010F0AAABAB,1,0.15819999999999967
249,F83059,Co-Codamol_Cap 8mg/500mg,0407010F0AAABAB,3,0.15360000000000174
250,F83059,Co-Codamol_Cap 8mg/500mg,0407010F0AAABAB,3,0.15360000000000174
209,F83658,Diltiazem HCl_Tab 60mg M/R,0206020C0AAAAAA,1,0.1260000000000001
251,F83623,Co-Codamol_Cap 8mg/500mg,0407010F0AAABAB,1,0.10240000000000116
252,F83623,Co-Codamol_Cap 8mg/500mg,0407010F0AAABAB,1,0.10240000000000116
254,F83006,Co-Codamol_Cap 8mg/500mg,0407010F0AAABAB,1,0.08960000000000101
253,F83048,Co-Codamol_Cap 8mg/500mg,0407010F0AAABAB,1,0.08960000000000101
257,F83658,Co-Codamol_Cap 8mg/500mg,0407010F0AAABAB,1,0.08960000000000101
256,F83006,Co-Codamol_Cap 8mg/500mg,0407010F0AAABAB,1,0.08960000000000101
258,F83658,Co-Codamol_Cap 8mg/500mg,0407010F0AAABAB,1,0.08960000000000101
255,F83048,Co-Codamol_Cap 8mg/500mg,0407010F0AAABAB,1,0.08960000000000101
265,F83055,Co-Codamol_Cap 8mg/500mg,0407010F0AAABAB,1,0.08500000000000035
268,F83055,Co-Codamol_Cap 8mg/500mg,0407010F0AAABAB,1,0.08500000000000035
263,F83059,Co-Codamol_Cap 8mg/500mg,0407010F0AAABAB,1,0.08500000000000035
266,F83006,Co-Codamol_Cap 8mg/500mg,0407010F0AAABAB,1,0.08500000000000035
267,F83635,Co-Codamol_Cap 8mg/500mg,0407010F0AAABAB,1,0.08500000000000035
264,F83635,Co-Codamol_Cap 8mg/500mg,0407010F0AAABAB,1,0.08500000000000035
262,F83006,Co-Codamol_Cap 8mg/500mg,0407010F0AAABAB,1,0.08500000000000035
260,F83632,Co-Codamol_Cap 8mg/500mg,0407010F0AAABAB,1,0.08500000000000035
259,F83059,Co-Codamol_Cap 8mg/500mg,0407010F0AAABAB,1,0.08500000000000035
261,F83632,Co-Codamol_Cap 8mg/500mg,0407010F0AAABAB,1,0.08500000000000035
113,F83023,Clonazepam_Tab 500mcg,0408010F0AAABAB,1,0.07909999999999984
273,F83061,Co-Codamol_Cap 8mg/500mg,0407010F0AAABAB,1,0.05120000000000058
269,F83005,Co-Codamol_Cap 8mg/500mg,0407010F0AAABAB,1,0.05120000000000058
270,F83006,Co-Codamol_Cap 8mg/500mg,0407010F0AAABAB,1,0.05120000000000058
271,F83005,Co-Codamol_Cap 8mg/500mg,0407010F0AAABAB,1,0.05120000000000058
272,F83048,Co-Codamol_Cap 8mg/500mg,0407010F0AAABAB,1,0.05120000000000058
274,F83048,Co-Codamol_Cap 8mg/500mg,0407010F0AAABAB,1,0.05120000000000058
275,F83061,Co-Codamol_Cap 8mg/500mg,0407010F0AAABAB,1,0.05120000000000058
276,F83006,Co-Codamol_Cap 8mg/500mg,0407010F0AAABAB,1,0.05120000000000058
278,F83635,Co-Codamol_Cap 8mg/500mg,0407010F0AAABAB,1,0.03200000000000036
282,F83006,Co-Codamol_Cap 8mg/500mg,0407010F0AAABAB,1,0.03200000000000036
281,F83048,Co-Codamol_Cap 8mg/500mg,0407010F0AAABAB,1,0.03200000000000036
279,F83006,Co-Codamol_Cap 8mg/500mg,0407010F0AAABAB,1,0.03200000000000036
280,F83048,Co-Codamol_Cap 8mg/500mg,0407010F0AAABAB,1,0.03200000000000036
277,F83635,Co-Codamol_Cap 8mg/500mg,0407010F0AAABAB,1,0.03200000000000036
22,F83615,Mesalazine_Tab E/C 400mg,0105010B0AAAAAA,4,0.01680000000000126
115,F83003,Carbimazole_Tab 5mg,0602020D0AAAAAA,2,0.009999999999998899
117,F83044,Carbimazole_Tab 5mg,0602020D0AAAAAA,1,0.008999999999999009
116,F83623,Carbimazole_Tab 5mg,0602020D0AAAAAA,1,0.008999999999999009
23,F83632,Mesalazine_Tab E/C 400mg,0105010B0AAAAAA,2,0.008400000000003738
118,F83017,Carbimazole_Tab 5mg,0602020D0AAAAAA,1,0.004800000000000804
119,F83052,Carbimazole_Tab 5mg,0602020D0AAAAAA,1,0.004800000000000804
24,F83615,Mesalazine_Tab E/C 400mg,0105010B0AAAAAA,1,0.0021000000000001573
120,F83055,Carbimazole_Tab 5mg,0602020D0AAAAAA,1,-0.0013999999999998458
121,F83017,Carbimazole_Tab 5mg,0602020D0AAAAAA,1,-0.0015999999999998238
122,F83658,Carbimazole_Tab 5mg,0602020D0AAAAAA,1,-0.0027999999999996916
129,F83019,Carbimazole_Tab 5mg,0602020D0AAAAAA,1,-0.0027999999999996916
128,F83057,Carbimazole_Tab 5mg,0602020D0AAAAAA,1,-0.0027999999999996916
127,F83623,Carbimazole_Tab 5mg,0602020D0AAAAAA,1,-0.0027999999999996916
126,F83023,Carbimazole_Tab 5mg,0602020D0AAAAAA,1,-0.0027999999999996916
125,F83006,Carbimazole_Tab 5mg,0602020D0AAAAAA,1,-0.0027999999999996916
124,F83022,Carbimazole_Tab 5mg,0602020D0AAAAAA,1,-0.0027999999999996916
123,F83052,Carbimazole_Tab 5mg,0602020D0AAAAAA,4,-0.0027999999999996916
130,F83055,Carbimazole_Tab 5mg,0602020D0AAAAAA,2,-0.0041999999999995374
131,F83061,Carbimazole_Tab 5mg,0602020D0AAAAAA,2,-0.005599999999999383
132,F83632,Carbimazole_Tab 5mg,0602020D0AAAAAA,2,-0.005599999999999383
133,F83019,Carbimazole_Tab 5mg,0602020D0AAAAAA,1,-0.005599999999999383
135,F83665,Carbimazole_Tab 5mg,0602020D0AAAAAA,2,-0.005599999999999383
137,F83048,Carbimazole_Tab 5mg,0602020D0AAAAAA,1,-0.005599999999999383
138,F83055,Carbimazole_Tab 5mg,0602020D0AAAAAA,2,-0.005599999999999383
136,F83025,Carbimazole_Tab 5mg,0602020D0AAAAAA,2,-0.005599999999999383
134,F83022,Carbimazole_Tab 5mg,0602020D0AAAAAA,1,-0.005599999999999383
140,F83658,Carbimazole_Tab 5mg,0602020D0AAAAAA,2,-0.011199999999998766
141,F83055,Carbimazole_Tab 5mg,0602020D0AAAAAA,2,-0.011199999999998766
142,F83665,Carbimazole_Tab 5mg,0602020D0AAAAAA,2,-0.011199999999998766
139,F83011,Carbimazole_Tab 5mg,0602020D0AAAAAA,2,-0.011199999999998766
145,F83042,Carbimazole_Tab 5mg,0602020D0AAAAAA,2,-0.011199999999998766
143,F83059,Carbimazole_Tab 5mg,0602020D0AAAAAA,2,-0.011199999999998766
144,F83023,Carbimazole_Tab 5mg,0602020D0AAAAAA,2,-0.011199999999998766
146,F83058,Carbimazole_Tab 5mg,0602020D0AAAAAA,3,-0.01679999999999815
25,F83682,Mesalazine_Tab E/C 400mg,0105010B0AAAAAA,1,-12.833999999999998
26,F83058,Mesalazine_Tab E/C 400mg,0105010B0AAAAAA,1,-25.667999999999996
27,F83658,Mesalazine_Tab E/C 400mg,0105010B0AAAAAA,1,-34.224
