,practice_code,bnf_description,bnf_code,items,excess_cost
0,C82076,Losartan Pot_Tab 25mg,0205052N0AAAAAA,17,0.0357000000000002
1,C82076,Paracet_Tab 500mg,0407010H0AAAMAM,334,53.184400000000025
2,C83008,Memantine HCl_Tab 20mg,0411000G0AAADAD,3,191.69920000000002
3,C83008,Paracet_Tab 500mg,0407010H0AAAMAM,18,11.289600000000002
4,C83008,Paracet_Tab Solb 500mg,0407010H0AAAQAQ,10,311.64480000000003
5,C83008,Prednisolone_Tab 5mg,0603020T0AAACAC,1,0.006299999999999962
6,C83011,Azithromycin_Tab 250mg,0501050A0AAAGAG,3,0.007200000000000206
7,C83011,Buprenorphine_Tab Subling 400mcg S/F,0410030A0AAACAC,1,0.7616
8,C83011,Losartan Pot_Tab 25mg,0205052N0AAAAAA,1,0.004199999999999975
9,C83011,Paracet_Tab 500mg,0407010H0AAAMAM,74,0.3575999999999978
10,C83011,Paracet_Tab Solb 500mg,0407010H0AAAQAQ,2,-0.011999999999998678
11,C83011,Pregabalin_Cap 100mg,0408010AEAAADAD,1,0.006000000000000172
12,C83011,Sertraline HCl_Tab 100mg,0403030Q0AAABAB,2,0.008399999999999852
13,C83013,Losartan Pot_Tab 25mg,0205052N0AAAAAA,62,131.4887
14,C83013,Paracet_Tab 500mg,0407010H0AAAMAM,180,32.34240000000006
15,C83013,Prednisolone_Tab 5mg,0603020T0AAACAC,52,186.23769999999996
16,C83013,Pregabalin_Cap 100mg,0408010AEAAADAD,1,0.0009000000000000258
17,C83013,Sertraline HCl_Tab 100mg,0403030Q0AAABAB,63,135.0545
18,C83013,Sumatriptan_Tab 100mg,0407041T0AAACAC,15,12.132000000000003
19,C83020,Memantine HCl_Tab 20mg,0411000G0AAADAD,8,0.03919999999999996
20,C83020,Paracet_Tab 500mg,0407010H0AAAMAM,58,-0.13159999999999922
21,C83020,Prednisolone_Tab 5mg,0603020T0AAACAC,8,0.0370999999999999
22,C83020,Sertraline HCl_Tab 100mg,0403030Q0AAABAB,11,0.023100000000000127
23,C83023,Azithromycin_Tab 250mg,0501050A0AAAGAG,4,0.009600000000000275
24,C83023,Losartan Pot_Tab 25mg,0205052N0AAAAAA,16,0.033600000000000185
25,C83023,Memantine HCl_Tab 20mg,0411000G0AAADAD,9,0.04339999999999993
26,C83023,Paracet_Tab 500mg,0407010H0AAAMAM,28,-2.440799999999999
27,C83023,Prednisolone_Tab 5mg,0603020T0AAACAC,17,27.507199999999997
28,C83023,Pregabalin_Cap 100mg,0408010AEAAADAD,12,0.07000000000000162
29,C83023,Sertraline HCl_Tab 100mg,0403030Q0AAABAB,200,26.96970000000001
30,C83023,Sumatriptan_Tab 100mg,0407041T0AAACAC,6,5.781200000000003
31,C83024,Azithromycin_Tab 250mg,0501050A0AAAGAG,3,0.007200000000000206
32,C83024,Losartan Pot_Tab 25mg,0205052N0AAAAAA,12,0.02520000000000014
33,C83030,Azithromycin_Tab 250mg,0501050A0AAAGAG,4,0.009600000000000275
34,C83030,Losartan Pot_Tab 25mg,0205052N0AAAAAA,4,0.008400000000000046
35,C83030,Memantine HCl_Tab 20mg,0411000G0AAADAD,4,0.01959999999999998
36,C83030,Paracet_Tab 500mg,0407010H0AAAMAM,74,-0.17839999999999892
37,C83030,Paracet_Tab Solb 500mg,0407010H0AAAQAQ,2,-0.011999999999998678
38,C83030,Prednisolone_Tab 5mg,0603020T0AAACAC,5,0.02459999999999995
39,C83030,Sertraline HCl_Tab 100mg,0403030Q0AAABAB,29,0.06300000000000035
40,C83040,Azithromycin_Tab 250mg,0501050A0AAAGAG,1,0.0024000000000000687
41,C83040,Losartan Pot_Tab 25mg,0205052N0AAAAAA,50,0.4508000000000012
42,C83040,Memantine HCl_Tab 20mg,0411000G0AAADAD,55,64.078
43,C83040,Paracet_Tab 500mg,0407010H0AAAMAM,858,23.774400000000014
44,C83040,Prednisolone_Tab 5mg,0603020T0AAACAC,6,0.029399999999999968
45,C83040,Pregabalin_Cap 100mg,0408010AEAAADAD,6,0.032200000000000534
46,C83040,Sertraline HCl_Tab 100mg,0403030Q0AAABAB,63,0.10650000000000084
47,C83040,Sumatriptan_Tab 100mg,0407041T0AAACAC,1,135.702
48,C83048,Paracet_Tab 500mg,0407010H0AAAMAM,10,-0.004799999999999971
49,C83048,Sertraline HCl_Tab 100mg,0403030Q0AAABAB,9,0.01130000000000008
50,C83053,Paracet_Tab 500mg,0407010H0AAAMAM,2,-0.0023999999999999994
51,C83067,Paracet_Tab 500mg,0407010H0AAAMAM,322,-6.324799999999962
52,C83067,Paracet_Tab Solb 500mg,0407010H0AAAQAQ,2,-0.011999999999998678
53,C83075,Paracet_Tab 500mg,0407010H0AAAMAM,248,39.68000000000002
54,C83075,Prednisolone_Tab 5mg,0603020T0AAACAC,2,0.010499999999999936
55,C83075,Sertraline HCl_Tab 100mg,0403030Q0AAABAB,65,26.874
56,C83075,Sumatriptan_Tab 100mg,0407041T0AAACAC,7,2.889599999999999
57,C83080,Azithromycin_Tab 250mg,0501050A0AAAGAG,3,120.6779
58,C83080,Paracet_Tab 500mg,0407010H0AAAMAM,242,30.481600000000004
59,C83080,Prednisolone_Tab 5mg,0603020T0AAACAC,2,0.012799999999999923
60,C83080,Pregabalin_Cap 100mg,0408010AEAAADAD,4,0.025200000000000722
61,C83080,Sertraline HCl_Tab 100mg,0403030Q0AAABAB,1,0.004199999999999829
62,C83628,Paracet_Tab 500mg,0407010H0AAAMAM,16,0.04479999999999973
63,C83649,Pregabalin_Cap 100mg,0408010AEAAADAD,4,256.0572
64,C83649,Sertraline HCl_Tab 100mg,0403030Q0AAABAB,35,26.949999999999996
65,C83653,Losartan Pot_Tab 25mg,0205052N0AAAAAA,4,-0.0167999999999999
66,C83653,Paracet_Tab 500mg,0407010H0AAAMAM,26,-0.043999999999999734
67,Y01652,Azithromycin_Tab 250mg,0501050A0AAAGAG,4,0.009600000000000275
68,Y01652,Losartan Pot_Tab 25mg,0205052N0AAAAAA,25,0.05250000000000029
69,Y01652,Paracet_Tab 500mg,0407010H0AAAMAM,168,-0.011199999999999988
70,Y01652,Paracet_Tab Solb 500mg,0407010H0AAAQAQ,8,-0.027999999999995806
71,Y01652,Prednisolone_Tab 5mg,0603020T0AAACAC,7,0.03509999999999994
72,Y01652,Sertraline HCl_Tab 100mg,0403030Q0AAABAB,9,0.029400000000000162
73,Y03487,Buprenorphine_Tab Subling 400mcg S/F,0410030A0AAACAC,96,72.79679999999998
74,Y03488,Buprenorphine_Tab Subling 400mcg S/F,0410030A0AAACAC,63,52.23640000000001
75,Y03489,Buprenorphine_Tab Subling 400mcg S/F,0410030A0AAACAC,12,10.953800000000001
