,practice_code,bnf_description,bnf_code,items,excess_cost
0,F81011,Atorvastatin_Tab 20mg,0212000B0AAABAB,122,22.545600000000007
1,F81011,Clonazepam_Tab 500mcg,0408010F0AAABAB,20,8.305499999999983
2,F81011,Paracet_Tab 500mg,0407010H0AAAMAM,2,-0.0023999999999999994
3,F81011,Pregabalin_Cap 50mg,0408010AEAAABAB,10,0.04820000000000049
4,F81014,Atorvastatin_Tab 10mg,0212000B0AAAAAA,111,69.81139999999999
5,F81014,Atorvastatin_Tab 20mg,0212000B0AAABAB,353,112.6776
6,F81014,Atorvastatin_Tab 40mg,0212000B0AAACAC,232,66.90880000000003
7,F81014,Clonazepam_Tab 500mcg,0408010F0AAABAB,26,20.882399999999958
8,F81014,Gabapentin_Cap 300mg,0408010G0AAABAB,18,0.014400000000002355
9,F81014,Losartan Pot_Tab 25mg,0205052N0AAAAAA,34,47.992
10,F81014,Memantine HCl_Tab 20mg,0411000G0AAADAD,9,127.7892
11,F81014,Paracet_Tab 500mg,0407010H0AAAMAM,24,-0.02479999999999985
12,F81014,Pregabalin_Cap 50mg,0408010AEAAABAB,9,0.0420000000000012
13,F81020,Clonazepam_Tab 500mcg,0408010F0AAABAB,4,2.2147999999999954
14,F81020,Gabapentin_Cap 300mg,0408010G0AAABAB,8,0.0014000000000008173
15,F81020,Losartan Pot_Tab 100mg,0205052N0AAADAD,11,0.06160000000000016
16,F81020,Memantine HCl_Tab 20mg,0411000G0AAADAD,7,31.9725
17,F81020,Paracet_Tab 500mg,0407010H0AAAMAM,20,-0.08879999999999946
18,F81020,Pregabalin_Cap 50mg,0408010AEAAABAB,2,0.0028000000000001773
19,F81022,Atorvastatin_Tab 10mg,0212000B0AAAAAA,40,0.07920000000000049
20,F81022,Clonazepam_Tab 500mcg,0408010F0AAABAB,63,9.865299999999982
21,F81022,Gabapentin_Cap 300mg,0408010G0AAABAB,47,0.044100000000004566
22,F81022,Losartan Pot_Tab 100mg,0205052N0AAADAD,21,0.11760000000000032
23,F81022,Losartan Pot_Tab 25mg,0205052N0AAAAAA,11,0.02520000000000014
24,F81022,Memantine HCl_Tab 20mg,0411000G0AAADAD,1,-0.004399999999999973
25,F81022,Paracet_Tab 500mg,0407010H0AAAMAM,258,20.812000000000026
26,F81022,Pregabalin_Cap 50mg,0408010AEAAABAB,31,0.0994000000000011
27,F81024,Atorvastatin_Tab 10mg,0212000B0AAAAAA,23,0.04860000000000034
28,F81024,Clonazepam_Tab 500mcg,0408010F0AAABAB,7,2.321299999999995
29,F81024,Gabapentin_Cap 300mg,0408010G0AAABAB,13,0.02210000000000102
30,F81024,Losartan Pot_Tab 25mg,0205052N0AAAAAA,27,0.05670000000000031
31,F81024,Paracet_Tab 500mg,0407010H0AAAMAM,70,-0.39199999999999763
32,F81024,Pregabalin_Cap 50mg,0408010AEAAABAB,5,0.028000000000000802
33,F81030,Atorvastatin_Tab 10mg,0212000B0AAAAAA,31,0.05630000000000039
34,F81030,Clonazepam_Tab 500mcg,0408010F0AAABAB,26,10.780199999999978
35,F81030,Gabapentin_Cap 300mg,0408010G0AAABAB,5,0.01120000000000032
36,F81030,Losartan Pot_Tab 100mg,0205052N0AAADAD,173,14.996800000000007
37,F81030,Losartan Pot_Tab 25mg,0205052N0AAAAAA,5,0.01260000000000007
38,F81030,Paracet_Tab 500mg,0407010H0AAAMAM,158,43.04480000000002
39,F81030,Pregabalin_Cap 50mg,0408010AEAAABAB,23,0.07980000000000131
40,F81035,Paracet_Tab 500mg,0407010H0AAAMAM,2,-0.011199999999999932
41,F81035,Pregabalin_Cap 50mg,0408010AEAAABAB,1,0.00560000000000016
42,F81040,Clonazepam_Tab 500mcg,0408010F0AAABAB,11,5.333599999999989
43,F81040,Gabapentin_Cap 300mg,0408010G0AAABAB,3,0.01500000000000043
44,F81040,Paracet_Tab 500mg,0407010H0AAAMAM,18,-0.08679999999999947
45,F81040,Pregabalin_Cap 50mg,0408010AEAAABAB,5,0.028000000000000802
46,F81057,Atorvastatin_Tab 10mg,0212000B0AAAAAA,57,81.37359999999998
47,F81057,Atorvastatin_Tab 20mg,0212000B0AAABAB,121,45.39920000000003
48,F81057,Clonazepam_Tab 500mcg,0408010F0AAABAB,6,3.544199999999993
49,F81057,Gabapentin_Cap 300mg,0408010G0AAABAB,12,0.002800000000001246
50,F81057,Losartan Pot_Tab 100mg,0205052N0AAADAD,23,14.758799999999997
51,F81057,Losartan Pot_Tab 25mg,0205052N0AAAAAA,18,0.24080000000000068
52,F81057,Memantine HCl_Tab 20mg,0411000G0AAADAD,1,63.89880000000001
53,F81057,Paracet_Tab 500mg,0407010H0AAAMAM,40,-0.22399999999999864
54,F81057,Pregabalin_Cap 50mg,0408010AEAAABAB,10,0.03500000000000042
55,F81068,Atorvastatin_Tab 10mg,0212000B0AAAAAA,107,34.727700000000006
56,F81068,Atorvastatin_Tab 20mg,0212000B0AAABAB,311,0.864000000000025
57,F81068,Clonazepam_Tab 500mcg,0408010F0AAABAB,20,11.887599999999974
58,F81068,Gabapentin_Cap 300mg,0408010G0AAABAB,9,17.5116
59,F81068,Losartan Pot_Tab 25mg,0205052N0AAAAAA,46,46.368
60,F81068,Memantine HCl_Tab 20mg,0411000G0AAADAD,12,63.9072
61,F81068,Paracet_Tab 500mg,0407010H0AAAMAM,428,32.64680000000005
62,F81068,Pregabalin_Cap 50mg,0408010AEAAABAB,16,0.06720000000000115
63,F81071,Atorvastatin_Tab 10mg,0212000B0AAAAAA,11,0.015000000000000152
64,F81071,Atorvastatin_Tab 20mg,0212000B0AAABAB,190,112.93800000000002
65,F81071,Atorvastatin_Tab 40mg,0212000B0AAACAC,33,89.0684
66,F81071,Clonazepam_Tab 500mcg,0408010F0AAABAB,16,13.379199999999972
67,F81071,Losartan Pot_Tab 100mg,0205052N0AAADAD,9,0.05080000000000029
68,F81071,Paracet_Tab 500mg,0407010H0AAAMAM,38,-0.08639999999999948
69,F81071,Pregabalin_Cap 50mg,0408010AEAAABAB,16,0.013999999999999818
70,F81074,Atorvastatin_Tab 10mg,0212000B0AAAAAA,27,11.611200000000002
71,F81074,Atorvastatin_Tab 20mg,0212000B0AAABAB,145,912.6600000000001
72,F81074,Atorvastatin_Tab 40mg,0212000B0AAACAC,58,0.4872000000000027
73,F81074,Clonazepam_Tab 500mcg,0408010F0AAABAB,36,13.92159999999997
74,F81074,Gabapentin_Cap 300mg,0408010G0AAABAB,19,1.8926000000000025
75,F81074,Losartan Pot_Tab 100mg,0205052N0AAADAD,17,0.09520000000000026
76,F81074,Paracet_Tab 500mg,0407010H0AAAMAM,10,0.03439999999999979
77,F81074,Pregabalin_Cap 50mg,0408010AEAAABAB,14,0.011200000000000904
78,F81076,Atorvastatin_Tab 10mg,0212000B0AAAAAA,4,0.008400000000000046
79,F81076,Clonazepam_Tab 500mcg,0408010F0AAABAB,6,3.1639999999999935
80,F81076,Gabapentin_Cap 300mg,0408010G0AAABAB,2,-0.0027999999999996916
81,F81076,Pregabalin_Cap 50mg,0408010AEAAABAB,3,57.0864
82,F81083,Clonazepam_Tab 500mcg,0408010F0AAABAB,32,13.781999999999968
83,F81083,Gabapentin_Cap 300mg,0408010G0AAABAB,8,0.01400000000000079
84,F81083,Losartan Pot_Tab 100mg,0205052N0AAADAD,4,0.02240000000000006
85,F81083,Memantine HCl_Tab 20mg,0411000G0AAADAD,2,63.9016
86,F81083,Paracet_Tab 500mg,0407010H0AAAMAM,2,0.011999999999999927
87,F81083,Pregabalin_Cap 50mg,0408010AEAAABAB,8,0.01960000000000056
88,F81087,Atorvastatin_Tab 10mg,0212000B0AAAAAA,416,11.62420000000001
89,F81087,Atorvastatin_Tab 20mg,0212000B0AAABAB,631,61.83940000000004
90,F81087,Clonazepam_Tab 500mcg,0408010F0AAABAB,26,14.893399999999966
91,F81087,Gabapentin_Cap 300mg,0408010G0AAABAB,10,-0.012199999999998407
92,F81087,Losartan Pot_Tab 100mg,0205052N0AAADAD,156,29.7024
93,F81087,Losartan Pot_Tab 25mg,0205052N0AAAAAA,72,30.844800000000003
94,F81087,Paracet_Tab 500mg,0407010H0AAAMAM,362,10.441600000000058
95,F81087,Pregabalin_Cap 50mg,0408010AEAAABAB,34,0.10780000000000212
96,F81098,Atorvastatin_Tab 10mg,0212000B0AAAAAA,9,0.018900000000000104
97,F81098,Clonazepam_Tab 500mcg,0408010F0AAABAB,3,1.6045999999999967
98,F81098,Gabapentin_Cap 300mg,0408010G0AAABAB,24,-0.013299999999997272
99,F81098,Losartan Pot_Tab 25mg,0205052N0AAAAAA,2,0.004200000000000023
100,F81098,Memantine HCl_Tab 20mg,0411000G0AAADAD,2,0.00979999999999999
101,F81098,Paracet_Tab 500mg,0407010H0AAAMAM,10,0.02799999999999983
102,F81098,Pregabalin_Cap 50mg,0408010AEAAABAB,10,0.014000000000000401
103,F81099,Atorvastatin_Tab 10mg,0212000B0AAAAAA,52,0.1092000000000006
104,F81099,Clonazepam_Tab 500mcg,0408010F0AAABAB,42,15.164599999999968
105,F81099,Gabapentin_Cap 300mg,0408010G0AAABAB,14,0.025200000000000722
106,F81099,Losartan Pot_Tab 100mg,0205052N0AAADAD,11,0.06160000000000016
107,F81099,Losartan Pot_Tab 25mg,0205052N0AAAAAA,5,0.010500000000000058
108,F81099,Memantine HCl_Tab 20mg,0411000G0AAADAD,8,0.03919999999999996
109,F81099,Paracet_Tab 500mg,0407010H0AAAMAM,308,16.638800000000007
110,F81099,Pregabalin_Cap 50mg,0408010AEAAABAB,38,0.13440000000000113
111,F81100,Atorvastatin_Tab 10mg,0212000B0AAAAAA,288,22.756999999999998
112,F81100,Atorvastatin_Tab 20mg,0212000B0AAABAB,644,90.16000000000008
113,F81100,Atorvastatin_Tab 40mg,0212000B0AAACAC,1,-0.0029999999999998778
114,F81100,Clonazepam_Tab 500mcg,0408010F0AAABAB,41,22.498299999999954
115,F81100,Gabapentin_Cap 300mg,0408010G0AAABAB,18,310.3412
116,F81100,Losartan Pot_Tab 100mg,0205052N0AAADAD,163,42.901599999999995
117,F81100,Losartan Pot_Tab 25mg,0205052N0AAAAAA,112,46.40299999999999
118,F81100,Memantine HCl_Tab 20mg,0411000G0AAADAD,3,63.898799999999994
119,F81100,Paracet_Tab 500mg,0407010H0AAAMAM,400,98.95940000000006
120,F81100,Pregabalin_Cap 50mg,0408010AEAAABAB,32,256.956
121,F81105,Atorvastatin_Tab 10mg,0212000B0AAAAAA,292,23.282000000000007
122,F81105,Atorvastatin_Tab 20mg,0212000B0AAABAB,462,23.28480000000004
123,F81105,Atorvastatin_Tab 40mg,0212000B0AAACAC,306,22.276800000000044
124,F81105,Clonazepam_Tab 500mcg,0408010F0AAABAB,32,15.359799999999968
125,F81105,Gabapentin_Cap 300mg,0408010G0AAABAB,36,0.09840000000000398
126,F81105,Losartan Pot_Tab 100mg,0205052N0AAADAD,8,0.04480000000000012
127,F81105,Losartan Pot_Tab 25mg,0205052N0AAAAAA,16,0.033600000000000185
128,F81105,Memantine HCl_Tab 20mg,0411000G0AAADAD,14,127.8116
129,F81105,Paracet_Tab 500mg,0407010H0AAAMAM,266,3.508000000000043
130,F81105,Pregabalin_Cap 50mg,0408010AEAAABAB,21,0.10080000000000289
131,F81114,Atorvastatin_Tab 10mg,0212000B0AAAAAA,132,11.523899999999998
132,F81114,Atorvastatin_Tab 20mg,0212000B0AAABAB,5,0.000400000000000178
133,F81114,Clonazepam_Tab 500mcg,0408010F0AAABAB,18,8.384599999999983
134,F81114,Gabapentin_Cap 300mg,0408010G0AAABAB,14,-0.037799999999997974
135,F81114,Losartan Pot_Tab 100mg,0205052N0AAADAD,21,0.11760000000000032
136,F81114,Losartan Pot_Tab 25mg,0205052N0AAAAAA,20,0.04200000000000023
137,F81114,Memantine HCl_Tab 20mg,0411000G0AAADAD,17,0.0832999999999999
138,F81114,Paracet_Tab 500mg,0407010H0AAAMAM,244,22.37519999999998
139,F81114,Pregabalin_Cap 50mg,0408010AEAAABAB,22,0.08960000000000257
140,F81117,Atorvastatin_Tab 10mg,0212000B0AAAAAA,5,0.0054000000000000645
141,F81117,Atorvastatin_Tab 20mg,0212000B0AAABAB,287,45.00160000000006
142,F81117,Clonazepam_Tab 500mcg,0408010F0AAABAB,21,7.717899999999985
143,F81117,Gabapentin_Cap 300mg,0408010G0AAABAB,12,0.02070000000000098
144,F81117,Losartan Pot_Tab 100mg,0205052N0AAADAD,9,0.04180000000000024
145,F81117,Losartan Pot_Tab 25mg,0205052N0AAAAAA,37,15.436400000000004
146,F81117,Paracet_Tab 500mg,0407010H0AAAMAM,310,2.773599999999984
147,F81117,Pregabalin_Cap 50mg,0408010AEAAABAB,20,0.07280000000000131
148,F81119,Atorvastatin_Tab 10mg,0212000B0AAAAAA,5,0.010500000000000058
149,F81119,Atorvastatin_Tab 20mg,0212000B0AAABAB,193,22.696800000000014
150,F81119,Clonazepam_Tab 500mcg,0408010F0AAABAB,17,6.768699999999987
151,F81119,Gabapentin_Cap 300mg,0408010G0AAABAB,8,0.028000000000000802
152,F81119,Losartan Pot_Tab 100mg,0205052N0AAADAD,4,0.02240000000000006
153,F81119,Memantine HCl_Tab 20mg,0411000G0AAADAD,7,63.91839999999999
154,F81119,Paracet_Tab 500mg,0407010H0AAAMAM,80,10.382400000000018
155,F81119,Pregabalin_Cap 50mg,0408010AEAAABAB,6,0.03360000000000096
156,F81122,Atorvastatin_Tab 10mg,0212000B0AAAAAA,63,0.13230000000000072
157,F81122,Atorvastatin_Tab 20mg,0212000B0AAABAB,185,1.0368000000000297
158,F81122,Atorvastatin_Tab 40mg,0212000B0AAACAC,1,-0.004199999999999995
159,F81122,Clonazepam_Tab 500mcg,0408010F0AAABAB,25,11.644199999999977
160,F81122,Gabapentin_Cap 300mg,0408010G0AAABAB,23,0.015100000000001793
161,F81122,Losartan Pot_Tab 100mg,0205052N0AAADAD,18,0.10080000000000026
162,F81122,Losartan Pot_Tab 25mg,0205052N0AAAAAA,15,0.031500000000000174
163,F81122,Paracet_Tab 500mg,0407010H0AAAMAM,188,2.762400000000028
164,F81122,Pregabalin_Cap 50mg,0408010AEAAABAB,15,0.022399999999999476
165,F81126,Atorvastatin_Tab 10mg,0212000B0AAAAAA,12,0.02520000000000014
166,F81126,Atorvastatin_Tab 20mg,0212000B0AAABAB,1,-0.004199999999999995
167,F81126,Clonazepam_Tab 500mcg,0408010F0AAABAB,29,5.9603999999999875
168,F81126,Gabapentin_Cap 300mg,0408010G0AAABAB,18,-0.005399999999997823
169,F81126,Losartan Pot_Tab 100mg,0205052N0AAADAD,49,14.817599999999995
170,F81126,Losartan Pot_Tab 25mg,0205052N0AAAAAA,6,0.016800000000000093
171,F81126,Paracet_Tab 500mg,0407010H0AAAMAM,88,22.523200000000006
172,F81126,Pregabalin_Cap 50mg,0408010AEAAABAB,22,0.0854000000000008
173,F81127,Atorvastatin_Tab 10mg,0212000B0AAAAAA,5,0.010500000000000058
174,F81127,Clonazepam_Tab 500mcg,0408010F0AAABAB,11,5.616099999999989
175,F81127,Gabapentin_Cap 300mg,0408010G0AAABAB,15,0.03260000000000171
176,F81127,Losartan Pot_Tab 100mg,0205052N0AAADAD,13,0.0728000000000002
177,F81127,Losartan Pot_Tab 25mg,0205052N0AAAAAA,11,30.9372
178,F81127,Paracet_Tab 500mg,0407010H0AAAMAM,252,69.52180000000004
179,F81127,Pregabalin_Cap 50mg,0408010AEAAABAB,8,0.01120000000000071
180,F81130,Atorvastatin_Tab 10mg,0212000B0AAAAAA,74,11.656399999999996
181,F81130,Atorvastatin_Tab 20mg,0212000B0AAABAB,159,22.7052
182,F81130,Clonazepam_Tab 500mcg,0408010F0AAABAB,3,2.2147999999999954
183,F81130,Gabapentin_Cap 300mg,0408010G0AAABAB,10,0.019800000000000567
184,F81130,Losartan Pot_Tab 25mg,0205052N0AAAAAA,17,0.03780000000000021
185,F81130,Memantine HCl_Tab 20mg,0411000G0AAADAD,12,0.058799999999999936
186,F81130,Paracet_Tab 500mg,0407010H0AAAMAM,84,-0.22039999999999868
187,F81130,Pregabalin_Cap 50mg,0408010AEAAABAB,7,0.030800000000000882
188,F81132,Clonazepam_Tab 500mcg,0408010F0AAABAB,46,19.80039999999996
189,F81132,Gabapentin_Cap 300mg,0408010G0AAABAB,19,0.03300000000000211
190,F81132,Losartan Pot_Tab 25mg,0205052N0AAAAAA,1,0.004200000000000023
191,F81132,Paracet_Tab 500mg,0407010H0AAAMAM,22,0.08559999999999948
192,F81132,Pregabalin_Cap 50mg,0408010AEAAABAB,41,0.09520000000000273
193,F81138,Clonazepam_Tab 500mcg,0408010F0AAABAB,11,7.570999999999984
194,F81138,Gabapentin_Cap 300mg,0408010G0AAABAB,4,0.00840000000000024
195,F81138,Paracet_Tab 500mg,0407010H0AAAMAM,2,0.005599999999999966
196,F81138,Pregabalin_Cap 50mg,0408010AEAAABAB,3,0.01680000000000048
197,F81149,Atorvastatin_Tab 10mg,0212000B0AAAAAA,93,11.465400000000002
198,F81149,Atorvastatin_Tab 20mg,0212000B0AAABAB,404,67.87200000000006
199,F81149,Atorvastatin_Tab 40mg,0212000B0AAACAC,193,22.156399999999998
200,F81149,Clonazepam_Tab 500mcg,0408010F0AAABAB,12,4.180999999999992
201,F81149,Gabapentin_Cap 300mg,0408010G0AAABAB,18,0.014000000000002344
202,F81149,Losartan Pot_Tab 100mg,0205052N0AAADAD,112,29.657599999999988
203,F81149,Losartan Pot_Tab 25mg,0205052N0AAAAAA,43,15.4112
204,F81149,Memantine HCl_Tab 20mg,0411000G0AAADAD,5,-0.2100000000000002
205,F81149,Paracet_Tab 500mg,0407010H0AAAMAM,22,-0.09239999999999944
206,F81149,Pregabalin_Cap 50mg,0408010AEAAABAB,22,0.07280000000000209
207,F81170,Atorvastatin_Tab 10mg,0212000B0AAAAAA,50,11.620000000000003
208,F81170,Atorvastatin_Tab 20mg,0212000B0AAABAB,80,45.248000000000005
209,F81170,Clonazepam_Tab 500mcg,0408010F0AAABAB,10,6.016599999999988
210,F81170,Gabapentin_Cap 300mg,0408010G0AAABAB,1,-0.005599999999999772
211,F81170,Losartan Pot_Tab 25mg,0205052N0AAAAAA,10,61.879999999999995
212,F81170,Paracet_Tab 500mg,0407010H0AAAMAM,26,10.140000000000002
213,F81170,Pregabalin_Cap 50mg,0408010AEAAABAB,13,0.06440000000000184
214,F81173,Atorvastatin_Tab 10mg,0212000B0AAAAAA,86,23.385600000000004
215,F81173,Atorvastatin_Tab 20mg,0212000B0AAABAB,208,136.864
216,F81173,Atorvastatin_Tab 40mg,0212000B0AAACAC,244,47.14080000000002
217,F81173,Clonazepam_Tab 500mcg,0408010F0AAABAB,10,6.875599999999986
218,F81173,Gabapentin_Cap 300mg,0408010G0AAABAB,4,-0.013999999999999235
219,F81173,Losartan Pot_Tab 100mg,0205052N0AAADAD,44,29.444799999999997
220,F81173,Losartan Pot_Tab 25mg,0205052N0AAAAAA,4,0.008400000000000046
221,F81173,Paracet_Tab 500mg,0407010H0AAAMAM,18,-0.0163999999999999
222,F81173,Pregabalin_Cap 50mg,0408010AEAAABAB,8,0.03640000000000104
223,F81183,Atorvastatin_Tab 10mg,0212000B0AAAAAA,4,0.008400000000000046
224,F81183,Clonazepam_Tab 500mcg,0408010F0AAABAB,2,1.3559999999999972
225,F81183,Gabapentin_Cap 300mg,0408010G0AAABAB,13,17.5343
226,F81183,Losartan Pot_Tab 100mg,0205052N0AAADAD,4,0.02240000000000006
227,F81183,Losartan Pot_Tab 25mg,0205052N0AAAAAA,4,0.008400000000000046
228,F81183,Memantine HCl_Tab 20mg,0411000G0AAADAD,8,0.03919999999999996
229,F81183,Paracet_Tab 500mg,0407010H0AAAMAM,24,20.020000000000007
230,F81183,Pregabalin_Cap 50mg,0408010AEAAABAB,6,0.0
231,F81193,Atorvastatin_Tab 10mg,0212000B0AAAAAA,20,0.027100000000000173
232,F81193,Clonazepam_Tab 500mcg,0408010F0AAABAB,6,3.480399999999993
233,F81193,Gabapentin_Cap 300mg,0408010G0AAABAB,12,22.033500000000004
234,F81193,Losartan Pot_Tab 100mg,0205052N0AAADAD,4,0.02240000000000006
235,F81193,Paracet_Tab 500mg,0407010H0AAAMAM,12,0.05119999999999969
236,F81193,Pregabalin_Cap 50mg,0408010AEAAABAB,3,0.005599999999999772
237,F81635,Atorvastatin_Tab 10mg,0212000B0AAAAAA,5,0.021000000000000116
238,F81635,Atorvastatin_Tab 20mg,0212000B0AAABAB,73,22.688400000000012
239,F81635,Clonazepam_Tab 500mcg,0408010F0AAABAB,3,0.949199999999998
240,F81635,Gabapentin_Cap 300mg,0408010G0AAABAB,4,0.0007000000000004086
241,F81635,Losartan Pot_Tab 100mg,0205052N0AAADAD,3,0.016800000000000044
242,F81635,Paracet_Tab 500mg,0407010H0AAAMAM,36,51.6016
243,F81635,Pregabalin_Cap 50mg,0408010AEAAABAB,4,0.02240000000000064
244,F81665,Clonazepam_Tab 500mcg,0408010F0AAABAB,7,12.655999999999974
245,F81665,Losartan Pot_Tab 100mg,0205052N0AAADAD,18,26.71759999999999
246,F81665,Paracet_Tab 500mg,0407010H0AAAMAM,18,17.640000000000004
247,F81665,Pregabalin_Cap 50mg,0408010AEAAABAB,3,0.01680000000000048
248,F81674,Atorvastatin_Tab 10mg,0212000B0AAAAAA,5,0.010500000000000058
249,F81674,Clonazepam_Tab 500mcg,0408010F0AAABAB,1,1.1299999999999977
250,F81674,Pregabalin_Cap 50mg,0408010AEAAABAB,2,0.01120000000000032
251,F81683,Atorvastatin_Tab 10mg,0212000B0AAAAAA,44,0.1245999999999993
252,F81683,Clonazepam_Tab 500mcg,0408010F0AAABAB,22,10.13619999999998
253,F81683,Gabapentin_Cap 300mg,0408010G0AAABAB,3,0.0032000000000004802
254,F81683,Losartan Pot_Tab 100mg,0205052N0AAADAD,4,0.02240000000000006
255,F81683,Memantine HCl_Tab 20mg,0411000G0AAADAD,2,0.00979999999999999
256,F81683,Paracet_Tab 500mg,0407010H0AAAMAM,116,11.928
257,F81683,Pregabalin_Cap 50mg,0408010AEAAABAB,20,0.10360000000000297
258,F81721,Atorvastatin_Tab 20mg,0212000B0AAABAB,183,67.62840000000003
259,F81721,Clonazepam_Tab 500mcg,0408010F0AAABAB,16,8.587999999999981
260,F81721,Gabapentin_Cap 300mg,0408010G0AAABAB,9,0.01520000000000099
261,F81721,Losartan Pot_Tab 100mg,0205052N0AAADAD,27,29.483999999999995
262,F81721,Losartan Pot_Tab 25mg,0205052N0AAAAAA,26,46.3848
263,F81721,Memantine HCl_Tab 20mg,0411000G0AAADAD,1,0.003499999999999996
264,F81721,Paracet_Tab 500mg,0407010H0AAAMAM,104,130.88000000000002
265,F81721,Pregabalin_Cap 50mg,0408010AEAAABAB,4,0.02240000000000064
266,F81730,Clonazepam_Tab 500mcg,0408010F0AAABAB,7,6.1584999999999885
267,F81730,Gabapentin_Cap 300mg,0408010G0AAABAB,2,0.009000000000000258
268,F81730,Pregabalin_Cap 50mg,0408010AEAAABAB,2,0.01120000000000032
269,F81738,Atorvastatin_Tab 10mg,0212000B0AAAAAA,4,0.008400000000000046
270,F81738,Clonazepam_Tab 500mcg,0408010F0AAABAB,1,1.1299999999999977
271,F81738,Losartan Pot_Tab 25mg,0205052N0AAAAAA,8,0.016800000000000093
272,F81738,Paracet_Tab 500mg,0407010H0AAAMAM,8,-0.04479999999999973
273,F81738,Pregabalin_Cap 50mg,0408010AEAAABAB,1,0.00560000000000016
274,F81751,Atorvastatin_Tab 10mg,0212000B0AAAAAA,12,0.02520000000000014
275,F81751,Clonazepam_Tab 500mcg,0408010F0AAABAB,12,3.0057999999999936
276,F81751,Gabapentin_Cap 300mg,0408010G0AAABAB,20,0.04480000000000128
277,F81751,Paracet_Tab 500mg,0407010H0AAAMAM,106,-0.5263999999999968
278,F81751,Pregabalin_Cap 50mg,0408010AEAAABAB,1,0.00560000000000016
279,Y00293,Clonazepam_Tab 500mcg,0408010F0AAABAB,7,3.344799999999993
280,Y00293,Gabapentin_Cap 300mg,0408010G0AAABAB,1,0.003000000000000086
281,Y00589,Atorvastatin_Tab 10mg,0212000B0AAAAAA,45,23.184
282,Y00589,Atorvastatin_Tab 20mg,0212000B0AAABAB,91,90.1992
283,Y00589,Atorvastatin_Tab 40mg,0212000B0AAACAC,76,44.68800000000001
284,Y00589,Clonazepam_Tab 500mcg,0408010F0AAABAB,3,3.841999999999992
285,Y00589,Gabapentin_Cap 300mg,0408010G0AAABAB,3,-0.016799999999999315
286,Y00589,Losartan Pot_Tab 100mg,0205052N0AAADAD,41,88.396
287,Y00589,Paracet_Tab 500mg,0407010H0AAAMAM,2,0.011999999999999927
288,Y00589,Pregabalin_Cap 50mg,0408010AEAAABAB,3,0.0
289,Y00910,Clonazepam_Tab 500mcg,0408010F0AAABAB,1,1.1299999999999977
290,Y02611,Atorvastatin_Tab 10mg,0212000B0AAAAAA,9,46.5326
291,Y02611,Atorvastatin_Tab 20mg,0212000B0AAABAB,81,45.1332
292,Y02611,Clonazepam_Tab 500mcg,0408010F0AAABAB,2,0.949199999999998
293,Y02611,Losartan Pot_Tab 25mg,0205052N0AAAAAA,1,-0.003999999999999976
294,Y02611,Paracet_Tab 500mg,0407010H0AAAMAM,78,32.577200000000026
295,Y05023,Atorvastatin_Tab 20mg,0212000B0AAABAB,115,45.08000000000002
296,Y05023,Atorvastatin_Tab 40mg,0212000B0AAACAC,63,22.226400000000012
297,Y05023,Clonazepam_Tab 500mcg,0408010F0AAABAB,11,6.689599999999986
298,Y05023,Losartan Pot_Tab 25mg,0205052N0AAAAAA,8,15.456000000000001
299,Y05023,Paracet_Tab 500mg,0407010H0AAAMAM,114,-1.139999999999993
300,Y05023,Pregabalin_Cap 50mg,0408010AEAAABAB,11,180.922
