,practice_code,bnf_description,bnf_code,items,excess_cost
0,L82013,Atorvastatin_Tab 20mg,0212000B0AAABAB,317,383.44320000000005
806,L82058,Simvastatin_Tab 40mg,0212000Y0AAADAD,142,239.35520000000002
1,L82056,Atorvastatin_Tab 20mg,0212000B0AAABAB,268,112.56
925,L82056,Sumatriptan_Tab 50mg,0407041T0AAAFAF,1,110.00159999999998
920,L82046,Montelukast_Tab 10mg,0303020G0AAABAB,11,97.5128
2,L82046,Atorvastatin_Tab 20mg,0212000B0AAABAB,192,90.31680000000006
791,L82056,Omeprazole_Tab E/C 20mg,0103050P0AABDBD,1,87.7184
792,Y04957,Omeprazole_Tab E/C 20mg,0103050P0AABDBD,3,87.7128
793,L82056,Omeprazole_Tab E/C 20mg,0103050P0AABDBD,5,65.786
1093,L82044,Risperidone_Tab 6mg,040201030AAAFAF,2,58.4192
24,L82046,Paracet_Tab 500mg,0407010H0AAAMAM,77,56.91840000000001
25,L82046,Paracet_Tab 500mg,0407010H0AAAMAM,77,56.91840000000001
926,L82012,Sumatriptan_Tab 50mg,0407041T0AAAFAF,23,55.00679999999998
909,Y04957,Betahistine HCl_Tab 16mg,0406000B0AAABAB,3,54.2808
892,L82041,Mesalazine_Tab E/C 800mg,0105010B0AAASAS,3,51.65999999999999
921,L82046,Montelukast_Tab 10mg,0303020G0AAABAB,20,48.77599999999999
922,L82008,Montelukast_Tab 10mg,0303020G0AAABAB,8,48.7424
893,Y02517,Mesalazine_Tab E/C 800mg,0105010B0AAASAS,1,45.91999999999999
3,L82001,Atorvastatin_Tab 20mg,0212000B0AAABAB,107,45.23960000000001
910,L82028,Betahistine HCl_Tab 16mg,0406000B0AAABAB,16,45.1584
911,Y04957,Betahistine HCl_Tab 16mg,0406000B0AAABAB,24,44.95679999999999
794,L82056,Omeprazole_Tab E/C 20mg,0103050P0AABDBD,4,43.8592
795,L82056,Omeprazole_Tab E/C 20mg,0103050P0AABDBD,1,43.8592
1094,L82001,Risperidone_Tab 6mg,040201030AAAFAF,3,43.8144
927,L82058,Sumatriptan_Tab 50mg,0407041T0AAAFAF,10,38.91
895,L82041,Mesalazine_Tab E/C 800mg,0105010B0AAASAS,2,36.89999999999999
894,Y02517,Mesalazine_Tab E/C 800mg,0105010B0AAASAS,1,36.89999999999999
1095,L82016,Risperidone_Tab 6mg,040201030AAAFAF,5,36.54
898,L82042,Mesalazine_Tab E/C 800mg,0105010B0AAASAS,1,34.43999999999999
897,Y02517,Mesalazine_Tab E/C 800mg,0105010B0AAASAS,1,34.43999999999999
899,Y02517,Mesalazine_Tab E/C 800mg,0105010B0AAASAS,2,34.43999999999999
896,L82041,Mesalazine_Tab E/C 800mg,0105010B0AAASAS,1,34.43999999999999
27,L82013,Paracet_Tab 500mg,0407010H0AAAMAM,18,33.86880000000001
26,L82013,Paracet_Tab 500mg,0407010H0AAAMAM,18,33.86880000000001
29,L82001,Paracet_Tab 500mg,0407010H0AAAMAM,130,29.9
28,L82001,Paracet_Tab 500mg,0407010H0AAAMAM,130,29.9
30,L82046,Paracet_Tab 500mg,0407010H0AAAMAM,67,29.480000000000008
31,L82046,Paracet_Tab 500mg,0407010H0AAAMAM,67,29.480000000000008
1096,L82010,Risperidone_Tab 6mg,040201030AAAFAF,2,29.2096
1097,Y01050,Risperidone_Tab 6mg,040201030AAAFAF,1,29.2096
923,L82001,Montelukast_Tab 10mg,0303020G0AAABAB,17,25.370800000000003
32,L82046,Paracet_Tab 500mg,0407010H0AAAMAM,133,25.27000000000003
33,L82046,Paracet_Tab 500mg,0407010H0AAAMAM,133,25.27000000000003
912,L82008,Betahistine HCl_Tab 16mg,0406000B0AAABAB,1,18.093600000000002
913,L82046,Betahistine HCl_Tab 16mg,0406000B0AAABAB,5,18.06
914,Y04957,Betahistine HCl_Tab 16mg,0406000B0AAABAB,2,17.7744
900,L82620,Mesalazine_Tab E/C 800mg,0105010B0AAASAS,1,17.219999999999995
4,L82001,Atorvastatin_Tab 20mg,0212000B0AAABAB,17,16.898000000000003
34,L82008,Paracet_Tab 500mg,0407010H0AAAMAM,124,14.879999999999995
35,L82008,Paracet_Tab 500mg,0407010H0AAAMAM,124,14.879999999999995
36,L82013,Paracet_Tab 500mg,0407010H0AAAMAM,95,14.250000000000012
37,L82013,Paracet_Tab 500mg,0407010H0AAAMAM,95,14.250000000000012
38,L82001,Paracet_Tab 500mg,0407010H0AAAMAM,18,10.080000000000002
39,L82001,Paracet_Tab 500mg,0407010H0AAAMAM,18,10.080000000000002
915,Y04957,Betahistine HCl_Tab 16mg,0406000B0AAABAB,1,9.693000000000001
916,L82013,Betahistine HCl_Tab 16mg,0406000B0AAABAB,3,9.0468
917,L82006,Betahistine HCl_Tab 16mg,0406000B0AAABAB,10,8.903999999999998
454,Y04957,Clonazepam_Tab 500mcg,0408010F0AAABAB,14,8.859199999999982
901,L82023,Mesalazine_Tab E/C 800mg,0105010B0AAASAS,1,8.609999999999998
807,L82058,Simvastatin_Tab 40mg,0212000Y0AAADAD,16,8.2768
455,L82041,Clonazepam_Tab 500mcg,0408010F0AAABAB,13,8.226399999999984
808,L82013,Simvastatin_Tab 40mg,0212000Y0AAADAD,117,8.189999999999996
456,L82044,Clonazepam_Tab 500mcg,0408010F0AAABAB,11,6.960799999999986
41,Y04957,Paracet_Tab 500mg,0407010H0AAAMAM,335,6.700000000000076
40,Y04957,Paracet_Tab 500mg,0407010H0AAAMAM,335,6.700000000000076
928,L82048,Sumatriptan_Tab 50mg,0407041T0AAAFAF,1,6.500399999999999
42,L82001,Paracet_Tab 500mg,0407010H0AAAMAM,1,6.4384
43,L82001,Paracet_Tab 500mg,0407010H0AAAMAM,1,6.4384
45,L82012,Paracet_Tab 500mg,0407010H0AAAMAM,15,5.712000000000001
44,L82012,Paracet_Tab 500mg,0407010H0AAAMAM,15,5.712000000000001
458,L82036,Clonazepam_Tab 500mcg,0408010F0AAABAB,9,5.695199999999988
457,L82001,Clonazepam_Tab 500mcg,0408010F0AAABAB,3,5.695199999999988
459,Y04957,Clonazepam_Tab 500mcg,0408010F0AAABAB,18,5.695199999999988
5,L82058,Atorvastatin_Tab 20mg,0212000B0AAABAB,8,5.6336
461,L82023,Clonazepam_Tab 500mcg,0408010F0AAABAB,8,5.06239999999999
460,Y04957,Clonazepam_Tab 500mcg,0408010F0AAABAB,4,5.06239999999999
46,L82006,Paracet_Tab 500mg,0407010H0AAAMAM,150,4.500000000000025
47,L82006,Paracet_Tab 500mg,0407010H0AAAMAM,150,4.500000000000025
463,L82042,Clonazepam_Tab 500mcg,0408010F0AAABAB,14,4.429599999999991
462,L82006,Clonazepam_Tab 500mcg,0408010F0AAABAB,7,4.429599999999991
809,L82056,Simvastatin_Tab 40mg,0212000Y0AAADAD,13,4.186000000000001
464,L82028,Clonazepam_Tab 500mcg,0408010F0AAABAB,6,4.067999999999992
810,L82056,Simvastatin_Tab 40mg,0212000Y0AAADAD,232,3.897599999999999
48,L82013,Paracet_Tab 500mg,0407010H0AAAMAM,3,3.880800000000001
49,L82013,Paracet_Tab 500mg,0407010H0AAAMAM,3,3.880800000000001
465,L82041,Clonazepam_Tab 500mcg,0408010F0AAABAB,8,3.796799999999992
466,Y04957,Clonazepam_Tab 500mcg,0408010F0AAABAB,4,3.796799999999992
467,L82030,Clonazepam_Tab 500mcg,0408010F0AAABAB,4,3.796799999999992
468,L82028,Clonazepam_Tab 500mcg,0408010F0AAABAB,6,3.796799999999992
469,L82028,Clonazepam_Tab 500mcg,0408010F0AAABAB,12,3.796799999999992
470,L82041,Clonazepam_Tab 500mcg,0408010F0AAABAB,11,3.480399999999993
929,L82056,Sumatriptan_Tab 50mg,0407041T0AAAFAF,11,3.4451999999999945
471,L82042,Clonazepam_Tab 500mcg,0408010F0AAABAB,5,3.389999999999993
472,L82056,Clonazepam_Tab 500mcg,0408010F0AAABAB,3,3.389999999999993
473,L82622,Clonazepam_Tab 500mcg,0408010F0AAABAB,3,3.389999999999993
474,L82023,Clonazepam_Tab 500mcg,0408010F0AAABAB,3,3.389999999999993
477,L82051,Clonazepam_Tab 500mcg,0408010F0AAABAB,5,3.1639999999999935
478,L82051,Clonazepam_Tab 500mcg,0408010F0AAABAB,2,3.1639999999999935
475,Y02517,Clonazepam_Tab 500mcg,0408010F0AAABAB,10,3.1639999999999935
476,L82054,Clonazepam_Tab 500mcg,0408010F0AAABAB,5,3.1639999999999935
51,L82046,Paracet_Tab 500mg,0407010H0AAAMAM,9,3.0780000000000003
50,L82046,Paracet_Tab 500mg,0407010H0AAAMAM,9,3.0780000000000003
484,L82028,Clonazepam_Tab 500mcg,0408010F0AAABAB,3,2.847599999999994
487,L82036,Clonazepam_Tab 500mcg,0408010F0AAABAB,9,2.847599999999994
486,L82620,Clonazepam_Tab 500mcg,0408010F0AAABAB,9,2.847599999999994
485,Y01050,Clonazepam_Tab 500mcg,0408010F0AAABAB,9,2.847599999999994
483,L82018,Clonazepam_Tab 500mcg,0408010F0AAABAB,9,2.847599999999994
482,L82008,Clonazepam_Tab 500mcg,0408010F0AAABAB,3,2.847599999999994
481,Y01127,Clonazepam_Tab 500mcg,0408010F0AAABAB,9,2.847599999999994
480,L82041,Clonazepam_Tab 500mcg,0408010F0AAABAB,3,2.847599999999994
479,L82030,Clonazepam_Tab 500mcg,0408010F0AAABAB,9,2.847599999999994
501,L82012,Clonazepam_Tab 500mcg,0408010F0AAABAB,4,2.531199999999995
502,L82018,Clonazepam_Tab 500mcg,0408010F0AAABAB,2,2.531199999999995
503,L82050,Clonazepam_Tab 500mcg,0408010F0AAABAB,2,2.531199999999995
504,L82016,Clonazepam_Tab 500mcg,0408010F0AAABAB,4,2.531199999999995
498,L82045,Clonazepam_Tab 500mcg,0408010F0AAABAB,4,2.531199999999995
497,L82023,Clonazepam_Tab 500mcg,0408010F0AAABAB,2,2.531199999999995
496,L82054,Clonazepam_Tab 500mcg,0408010F0AAABAB,2,2.531199999999995
491,L82013,Clonazepam_Tab 500mcg,0408010F0AAABAB,1,2.531199999999995
495,L82044,Clonazepam_Tab 500mcg,0408010F0AAABAB,1,2.531199999999995
494,Y01922,Clonazepam_Tab 500mcg,0408010F0AAABAB,2,2.531199999999995
493,Y01922,Clonazepam_Tab 500mcg,0408010F0AAABAB,8,2.531199999999995
492,Y02517,Clonazepam_Tab 500mcg,0408010F0AAABAB,4,2.531199999999995
499,L82030,Clonazepam_Tab 500mcg,0408010F0AAABAB,4,2.531199999999995
490,L82004,Clonazepam_Tab 500mcg,0408010F0AAABAB,4,2.531199999999995
489,L82059,Clonazepam_Tab 500mcg,0408010F0AAABAB,4,2.531199999999995
488,L82061,Clonazepam_Tab 500mcg,0408010F0AAABAB,4,2.531199999999995
500,L82036,Clonazepam_Tab 500mcg,0408010F0AAABAB,2,2.531199999999995
505,L82061,Clonazepam_Tab 500mcg,0408010F0AAABAB,5,2.372999999999995
509,L82010,Clonazepam_Tab 500mcg,0408010F0AAABAB,2,2.2599999999999953
506,Y01051,Clonazepam_Tab 500mcg,0408010F0AAABAB,2,2.2599999999999953
508,L82007,Clonazepam_Tab 500mcg,0408010F0AAABAB,2,2.2599999999999953
510,L82044,Clonazepam_Tab 500mcg,0408010F0AAABAB,1,2.2599999999999953
511,Y04957,Clonazepam_Tab 500mcg,0408010F0AAABAB,1,2.2599999999999953
512,L82620,Clonazepam_Tab 500mcg,0408010F0AAABAB,2,2.2599999999999953
507,L82008,Clonazepam_Tab 500mcg,0408010F0AAABAB,2,2.2599999999999953
515,L82003,Clonazepam_Tab 500mcg,0408010F0AAABAB,7,2.2147999999999954
516,L82015,Clonazepam_Tab 500mcg,0408010F0AAABAB,4,2.2147999999999954
517,L82012,Clonazepam_Tab 500mcg,0408010F0AAABAB,7,2.2147999999999954
514,L82010,Clonazepam_Tab 500mcg,0408010F0AAABAB,7,2.2147999999999954
513,L82023,Clonazepam_Tab 500mcg,0408010F0AAABAB,7,2.2147999999999954
518,L82012,Clonazepam_Tab 500mcg,0408010F0AAABAB,3,2.033999999999996
519,Y04957,Clonazepam_Tab 500mcg,0408010F0AAABAB,5,1.977499999999996
520,L82050,Clonazepam_Tab 500mcg,0408010F0AAABAB,5,1.977499999999996
544,L82018,Clonazepam_Tab 500mcg,0408010F0AAABAB,3,1.898399999999996
539,L82009,Clonazepam_Tab 500mcg,0408010F0AAABAB,2,1.898399999999996
540,Y01050,Clonazepam_Tab 500mcg,0408010F0AAABAB,1,1.898399999999996
541,Y04957,Clonazepam_Tab 500mcg,0408010F0AAABAB,4,1.898399999999996
542,L82029,Clonazepam_Tab 500mcg,0408010F0AAABAB,6,1.898399999999996
543,L82047,Clonazepam_Tab 500mcg,0408010F0AAABAB,2,1.898399999999996
551,L82026,Clonazepam_Tab 500mcg,0408010F0AAABAB,6,1.898399999999996
545,L82057,Clonazepam_Tab 500mcg,0408010F0AAABAB,3,1.898399999999996
546,L82001,Clonazepam_Tab 500mcg,0408010F0AAABAB,3,1.898399999999996
547,Y01922,Clonazepam_Tab 500mcg,0408010F0AAABAB,1,1.898399999999996
548,L82024,Clonazepam_Tab 500mcg,0408010F0AAABAB,1,1.898399999999996
550,L82008,Clonazepam_Tab 500mcg,0408010F0AAABAB,3,1.898399999999996
537,L82025,Clonazepam_Tab 500mcg,0408010F0AAABAB,6,1.898399999999996
538,L82015,Clonazepam_Tab 500mcg,0408010F0AAABAB,2,1.898399999999996
530,L82035,Clonazepam_Tab 500mcg,0408010F0AAABAB,3,1.898399999999996
536,L82030,Clonazepam_Tab 500mcg,0408010F0AAABAB,1,1.898399999999996
535,L82056,Clonazepam_Tab 500mcg,0408010F0AAABAB,3,1.898399999999996
534,L82029,Clonazepam_Tab 500mcg,0408010F0AAABAB,3,1.898399999999996
533,L82028,Clonazepam_Tab 500mcg,0408010F0AAABAB,12,1.898399999999996
532,Y01051,Clonazepam_Tab 500mcg,0408010F0AAABAB,3,1.898399999999996
531,Y01922,Clonazepam_Tab 500mcg,0408010F0AAABAB,2,1.898399999999996
529,L82036,Clonazepam_Tab 500mcg,0408010F0AAABAB,2,1.898399999999996
528,L82001,Clonazepam_Tab 500mcg,0408010F0AAABAB,6,1.898399999999996
527,L82057,Clonazepam_Tab 500mcg,0408010F0AAABAB,2,1.898399999999996
526,L82042,Clonazepam_Tab 500mcg,0408010F0AAABAB,1,1.898399999999996
525,L82011,Clonazepam_Tab 500mcg,0408010F0AAABAB,1,1.898399999999996
524,Y01922,Clonazepam_Tab 500mcg,0408010F0AAABAB,3,1.898399999999996
523,L82620,Clonazepam_Tab 500mcg,0408010F0AAABAB,3,1.898399999999996
522,L82052,Clonazepam_Tab 500mcg,0408010F0AAABAB,3,1.898399999999996
521,L82068,Clonazepam_Tab 500mcg,0408010F0AAABAB,3,1.898399999999996
549,L82070,Clonazepam_Tab 500mcg,0408010F0AAABAB,3,1.898399999999996
552,L82001,Clonazepam_Tab 500mcg,0408010F0AAABAB,1,1.6949999999999965
553,Y01051,Clonazepam_Tab 500mcg,0408010F0AAABAB,5,1.5819999999999967
557,L82050,Clonazepam_Tab 500mcg,0408010F0AAABAB,5,1.5819999999999967
562,L82052,Clonazepam_Tab 500mcg,0408010F0AAABAB,5,1.5819999999999967
560,L82068,Clonazepam_Tab 500mcg,0408010F0AAABAB,1,1.5819999999999967
559,L82048,Clonazepam_Tab 500mcg,0408010F0AAABAB,5,1.5819999999999967
558,L82021,Clonazepam_Tab 500mcg,0408010F0AAABAB,5,1.5819999999999967
561,Y01050,Clonazepam_Tab 500mcg,0408010F0AAABAB,1,1.5819999999999967
556,L82006,Clonazepam_Tab 500mcg,0408010F0AAABAB,5,1.5819999999999967
555,L82047,Clonazepam_Tab 500mcg,0408010F0AAABAB,5,1.5819999999999967
554,L82009,Clonazepam_Tab 500mcg,0408010F0AAABAB,5,1.5819999999999967
53,L82039,Paracet_Tab 500mg,0407010H0AAAMAM,11,1.4783999999999997
52,L82039,Paracet_Tab 500mg,0407010H0AAAMAM,11,1.4783999999999997
563,Y04957,Clonazepam_Tab 500mcg,0408010F0AAABAB,9,1.423799999999997
564,Y00049,Clonazepam_Tab 500mcg,0408010F0AAABAB,3,1.423799999999997
565,L82009,Clonazepam_Tab 500mcg,0408010F0AAABAB,3,1.423799999999997
566,Y00969,Clonazepam_Tab 500mcg,0408010F0AAABAB,3,1.423799999999997
567,Y01922,Clonazepam_Tab 500mcg,0408010F0AAABAB,2,1.3559999999999972
568,L82047,Clonazepam_Tab 500mcg,0408010F0AAABAB,4,1.3559999999999972
570,L82048,Clonazepam_Tab 500mcg,0408010F0AAABAB,1,1.3559999999999972
571,L82012,Clonazepam_Tab 500mcg,0408010F0AAABAB,1,1.3559999999999972
572,L82001,Clonazepam_Tab 500mcg,0408010F0AAABAB,2,1.3559999999999972
569,Y04957,Clonazepam_Tab 500mcg,0408010F0AAABAB,2,1.3559999999999972
585,Y01050,Clonazepam_Tab 500mcg,0408010F0AAABAB,2,1.2655999999999974
582,L82004,Clonazepam_Tab 500mcg,0408010F0AAABAB,1,1.2655999999999974
592,Y00969,Clonazepam_Tab 500mcg,0408010F0AAABAB,1,1.2655999999999974
591,L82050,Clonazepam_Tab 500mcg,0408010F0AAABAB,2,1.2655999999999974
590,L82049,Clonazepam_Tab 500mcg,0408010F0AAABAB,2,1.2655999999999974
589,L82021,Clonazepam_Tab 500mcg,0408010F0AAABAB,1,1.2655999999999974
588,L82059,Clonazepam_Tab 500mcg,0408010F0AAABAB,1,1.2655999999999974
587,L82047,Clonazepam_Tab 500mcg,0408010F0AAABAB,2,1.2655999999999974
586,L82025,Clonazepam_Tab 500mcg,0408010F0AAABAB,1,1.2655999999999974
584,L82056,Clonazepam_Tab 500mcg,0408010F0AAABAB,1,1.2655999999999974
593,L82039,Clonazepam_Tab 500mcg,0408010F0AAABAB,2,1.2655999999999974
583,L82046,Clonazepam_Tab 500mcg,0408010F0AAABAB,1,1.2655999999999974
581,L82066,Clonazepam_Tab 500mcg,0408010F0AAABAB,2,1.2655999999999974
580,L82047,Clonazepam_Tab 500mcg,0408010F0AAABAB,1,1.2655999999999974
579,L82013,Clonazepam_Tab 500mcg,0408010F0AAABAB,2,1.2655999999999974
578,Y01050,Clonazepam_Tab 500mcg,0408010F0AAABAB,1,1.2655999999999974
577,L82008,Clonazepam_Tab 500mcg,0408010F0AAABAB,1,1.2655999999999974
576,L82048,Clonazepam_Tab 500mcg,0408010F0AAABAB,2,1.2655999999999974
575,L82010,Clonazepam_Tab 500mcg,0408010F0AAABAB,1,1.2655999999999974
574,L82009,Clonazepam_Tab 500mcg,0408010F0AAABAB,2,1.2655999999999974
573,L82022,Clonazepam_Tab 500mcg,0408010F0AAABAB,1,1.2655999999999974
594,L82042,Clonazepam_Tab 500mcg,0408010F0AAABAB,2,1.2655999999999974
596,L82054,Clonazepam_Tab 500mcg,0408010F0AAABAB,1,1.1864999999999974
595,Y02517,Clonazepam_Tab 500mcg,0408010F0AAABAB,5,1.1864999999999974
597,L82618,Clonazepam_Tab 500mcg,0408010F0AAABAB,1,1.1299999999999977
606,L82028,Clonazepam_Tab 500mcg,0408010F0AAABAB,1,1.1299999999999977
603,Y04957,Clonazepam_Tab 500mcg,0408010F0AAABAB,1,1.1299999999999977
608,L82070,Clonazepam_Tab 500mcg,0408010F0AAABAB,1,1.1299999999999977
607,L82004,Clonazepam_Tab 500mcg,0408010F0AAABAB,1,1.1299999999999977
605,L82015,Clonazepam_Tab 500mcg,0408010F0AAABAB,1,1.1299999999999977
604,L82012,Clonazepam_Tab 500mcg,0408010F0AAABAB,1,1.1299999999999977
598,L82057,Clonazepam_Tab 500mcg,0408010F0AAABAB,1,1.1299999999999977
602,L82018,Clonazepam_Tab 500mcg,0408010F0AAABAB,1,1.1299999999999977
601,Y01127,Clonazepam_Tab 500mcg,0408010F0AAABAB,1,1.1299999999999977
600,L82009,Clonazepam_Tab 500mcg,0408010F0AAABAB,1,1.1299999999999977
599,L82016,Clonazepam_Tab 500mcg,0408010F0AAABAB,1,1.1299999999999977
610,L82052,Clonazepam_Tab 500mcg,0408010F0AAABAB,1,1.016999999999998
611,L82016,Clonazepam_Tab 500mcg,0408010F0AAABAB,3,1.016999999999998
612,L82003,Clonazepam_Tab 500mcg,0408010F0AAABAB,1,1.016999999999998
609,L82004,Clonazepam_Tab 500mcg,0408010F0AAABAB,1,1.016999999999998
628,L82012,Clonazepam_Tab 500mcg,0408010F0AAABAB,12,0.949199999999998
632,L82044,Clonazepam_Tab 500mcg,0408010F0AAABAB,3,0.949199999999998
629,L82030,Clonazepam_Tab 500mcg,0408010F0AAABAB,6,0.949199999999998
630,L82048,Clonazepam_Tab 500mcg,0408010F0AAABAB,1,0.949199999999998
631,L82026,Clonazepam_Tab 500mcg,0408010F0AAABAB,1,0.949199999999998
618,L82004,Clonazepam_Tab 500mcg,0408010F0AAABAB,2,0.949199999999998
633,L82059,Clonazepam_Tab 500mcg,0408010F0AAABAB,1,0.949199999999998
634,L82007,Clonazepam_Tab 500mcg,0408010F0AAABAB,1,0.949199999999998
635,L82042,Clonazepam_Tab 500mcg,0408010F0AAABAB,1,0.949199999999998
626,Y01050,Clonazepam_Tab 500mcg,0408010F0AAABAB,2,0.949199999999998
637,L82068,Clonazepam_Tab 500mcg,0408010F0AAABAB,1,0.949199999999998
627,L82035,Clonazepam_Tab 500mcg,0408010F0AAABAB,4,0.949199999999998
615,L82035,Clonazepam_Tab 500mcg,0408010F0AAABAB,1,0.949199999999998
625,L82029,Clonazepam_Tab 500mcg,0408010F0AAABAB,1,0.949199999999998
624,L82070,Clonazepam_Tab 500mcg,0408010F0AAABAB,1,0.949199999999998
623,L82058,Clonazepam_Tab 500mcg,0408010F0AAABAB,4,0.949199999999998
622,Y00969,Clonazepam_Tab 500mcg,0408010F0AAABAB,3,0.949199999999998
621,L82046,Clonazepam_Tab 500mcg,0408010F0AAABAB,1,0.949199999999998
620,L82013,Clonazepam_Tab 500mcg,0408010F0AAABAB,1,0.949199999999998
619,L82018,Clonazepam_Tab 500mcg,0408010F0AAABAB,1,0.949199999999998
614,L82061,Clonazepam_Tab 500mcg,0408010F0AAABAB,3,0.949199999999998
613,L82001,Clonazepam_Tab 500mcg,0408010F0AAABAB,6,0.949199999999998
616,L82015,Clonazepam_Tab 500mcg,0408010F0AAABAB,3,0.949199999999998
617,L82051,Clonazepam_Tab 500mcg,0408010F0AAABAB,1,0.949199999999998
636,L82012,Clonazepam_Tab 500mcg,0408010F0AAABAB,1,0.949199999999998
638,L82054,Clonazepam_Tab 500mcg,0408010F0AAABAB,5,0.7909999999999984
639,L82041,Clonazepam_Tab 500mcg,0408010F0AAABAB,5,0.7909999999999984
640,L82016,Clonazepam_Tab 500mcg,0408010F0AAABAB,2,0.7909999999999984
641,L82021,Clonazepam_Tab 500mcg,0408010F0AAABAB,1,0.7909999999999984
645,L82058,Clonazepam_Tab 500mcg,0408010F0AAABAB,9,0.7118999999999985
642,L82018,Clonazepam_Tab 500mcg,0408010F0AAABAB,3,0.7118999999999985
643,L82051,Clonazepam_Tab 500mcg,0408010F0AAABAB,9,0.7118999999999985
644,L82021,Clonazepam_Tab 500mcg,0408010F0AAABAB,3,0.7118999999999985
646,L82021,Clonazepam_Tab 500mcg,0408010F0AAABAB,11,0.6995999999999999
660,L82068,Clonazepam_Tab 500mcg,0408010F0AAABAB,1,0.6779999999999986
657,L82043,Clonazepam_Tab 500mcg,0408010F0AAABAB,2,0.6779999999999986
658,L82049,Clonazepam_Tab 500mcg,0408010F0AAABAB,1,0.6779999999999986
659,Y01050,Clonazepam_Tab 500mcg,0408010F0AAABAB,1,0.6779999999999986
656,L82018,Clonazepam_Tab 500mcg,0408010F0AAABAB,1,0.6779999999999986
661,L82025,Clonazepam_Tab 500mcg,0408010F0AAABAB,1,0.6779999999999986
662,L82001,Clonazepam_Tab 500mcg,0408010F0AAABAB,2,0.6779999999999986
654,L82039,Clonazepam_Tab 500mcg,0408010F0AAABAB,1,0.6779999999999986
655,L82003,Clonazepam_Tab 500mcg,0408010F0AAABAB,1,0.6779999999999986
652,L82045,Clonazepam_Tab 500mcg,0408010F0AAABAB,1,0.6779999999999986
653,L82056,Clonazepam_Tab 500mcg,0408010F0AAABAB,1,0.6779999999999986
651,L82041,Clonazepam_Tab 500mcg,0408010F0AAABAB,1,0.6779999999999986
650,L82045,Clonazepam_Tab 500mcg,0408010F0AAABAB,2,0.6779999999999986
649,L82035,Clonazepam_Tab 500mcg,0408010F0AAABAB,2,0.6779999999999986
648,L82051,Clonazepam_Tab 500mcg,0408010F0AAABAB,1,0.6779999999999986
647,L82023,Clonazepam_Tab 500mcg,0408010F0AAABAB,1,0.6779999999999986
663,L82036,Clonazepam_Tab 500mcg,0408010F0AAABAB,3,0.6659999999999999
678,Y00969,Clonazepam_Tab 500mcg,0408010F0AAABAB,4,0.6327999999999987
684,L82059,Clonazepam_Tab 500mcg,0408010F0AAABAB,2,0.6327999999999987
679,L82039,Clonazepam_Tab 500mcg,0408010F0AAABAB,2,0.6327999999999987
681,L82058,Clonazepam_Tab 500mcg,0408010F0AAABAB,2,0.6327999999999987
682,L82035,Clonazepam_Tab 500mcg,0408010F0AAABAB,2,0.6327999999999987
683,L82043,Clonazepam_Tab 500mcg,0408010F0AAABAB,1,0.6327999999999987
680,Y01922,Clonazepam_Tab 500mcg,0408010F0AAABAB,4,0.6327999999999987
685,L82046,Clonazepam_Tab 500mcg,0408010F0AAABAB,2,0.6327999999999987
686,Y02517,Clonazepam_Tab 500mcg,0408010F0AAABAB,4,0.6327999999999987
687,L82070,Clonazepam_Tab 500mcg,0408010F0AAABAB,2,0.6327999999999987
688,L82010,Clonazepam_Tab 500mcg,0408010F0AAABAB,1,0.6327999999999987
689,L82051,Clonazepam_Tab 500mcg,0408010F0AAABAB,2,0.6327999999999987
676,L82011,Clonazepam_Tab 500mcg,0408010F0AAABAB,1,0.6327999999999987
677,L82026,Clonazepam_Tab 500mcg,0408010F0AAABAB,1,0.6327999999999987
667,L82057,Clonazepam_Tab 500mcg,0408010F0AAABAB,2,0.6327999999999987
675,L82047,Clonazepam_Tab 500mcg,0408010F0AAABAB,4,0.6327999999999987
669,L82004,Clonazepam_Tab 500mcg,0408010F0AAABAB,4,0.6327999999999987
674,L82057,Clonazepam_Tab 500mcg,0408010F0AAABAB,4,0.6327999999999987
665,Y00969,Clonazepam_Tab 500mcg,0408010F0AAABAB,1,0.6327999999999987
666,L82058,Clonazepam_Tab 500mcg,0408010F0AAABAB,4,0.6327999999999987
668,L82024,Clonazepam_Tab 500mcg,0408010F0AAABAB,1,0.6327999999999987
664,L82622,Clonazepam_Tab 500mcg,0408010F0AAABAB,4,0.6327999999999987
670,L82022,Clonazepam_Tab 500mcg,0408010F0AAABAB,2,0.6327999999999987
671,L82011,Clonazepam_Tab 500mcg,0408010F0AAABAB,2,0.6327999999999987
672,Y01127,Clonazepam_Tab 500mcg,0408010F0AAABAB,1,0.6327999999999987
673,L82046,Clonazepam_Tab 500mcg,0408010F0AAABAB,1,0.6327999999999987
690,L82015,Clonazepam_Tab 500mcg,0408010F0AAABAB,1,0.5699999999999983
691,Y02517,Clonazepam_Tab 500mcg,0408010F0AAABAB,1,0.5699999999999983
692,L82013,Clonazepam_Tab 500mcg,0408010F0AAABAB,1,0.4983999999999995
701,L82051,Clonazepam_Tab 500mcg,0408010F0AAABAB,2,0.474599999999999
693,L82042,Clonazepam_Tab 500mcg,0408010F0AAABAB,1,0.474599999999999
694,L82036,Clonazepam_Tab 500mcg,0408010F0AAABAB,3,0.474599999999999
695,L82001,Clonazepam_Tab 500mcg,0408010F0AAABAB,1,0.474599999999999
696,L82054,Clonazepam_Tab 500mcg,0408010F0AAABAB,6,0.474599999999999
697,L82013,Clonazepam_Tab 500mcg,0408010F0AAABAB,1,0.474599999999999
698,Y01922,Clonazepam_Tab 500mcg,0408010F0AAABAB,1,0.474599999999999
699,L82018,Clonazepam_Tab 500mcg,0408010F0AAABAB,1,0.474599999999999
700,L82066,Clonazepam_Tab 500mcg,0408010F0AAABAB,1,0.474599999999999
702,Y00049,Clonazepam_Tab 500mcg,0408010F0AAABAB,22,0.4663999999999999
703,L82047,Clonazepam_Tab 500mcg,0408010F0AAABAB,5,0.3954999999999992
704,Y04957,Clonazepam_Tab 500mcg,0408010F0AAABAB,4,0.37759999999999927
705,Y04957,Clonazepam_Tab 500mcg,0408010F0AAABAB,3,0.36629999999999996
715,L82059,Clonazepam_Tab 500mcg,0408010F0AAABAB,1,0.3389999999999993
725,L82052,Clonazepam_Tab 500mcg,0408010F0AAABAB,1,0.3389999999999993
723,L82061,Clonazepam_Tab 500mcg,0408010F0AAABAB,1,0.3389999999999993
722,L82013,Clonazepam_Tab 500mcg,0408010F0AAABAB,1,0.3389999999999993
721,Y01127,Clonazepam_Tab 500mcg,0408010F0AAABAB,1,0.3389999999999993
720,L82042,Clonazepam_Tab 500mcg,0408010F0AAABAB,1,0.3389999999999993
719,L82051,Clonazepam_Tab 500mcg,0408010F0AAABAB,1,0.3389999999999993
718,L82039,Clonazepam_Tab 500mcg,0408010F0AAABAB,1,0.3389999999999993
717,L82030,Clonazepam_Tab 500mcg,0408010F0AAABAB,1,0.3389999999999993
716,L82041,Clonazepam_Tab 500mcg,0408010F0AAABAB,1,0.3389999999999993
724,L82009,Clonazepam_Tab 500mcg,0408010F0AAABAB,1,0.3389999999999993
714,L82037,Clonazepam_Tab 500mcg,0408010F0AAABAB,1,0.3389999999999993
709,L82006,Clonazepam_Tab 500mcg,0408010F0AAABAB,1,0.3389999999999993
713,L82036,Clonazepam_Tab 500mcg,0408010F0AAABAB,1,0.3389999999999993
707,Y01051,Clonazepam_Tab 500mcg,0408010F0AAABAB,1,0.3389999999999993
708,L82012,Clonazepam_Tab 500mcg,0408010F0AAABAB,1,0.3389999999999993
706,L82026,Clonazepam_Tab 500mcg,0408010F0AAABAB,1,0.3389999999999993
710,L82004,Clonazepam_Tab 500mcg,0408010F0AAABAB,1,0.3389999999999993
711,L82028,Clonazepam_Tab 500mcg,0408010F0AAABAB,1,0.3389999999999993
712,L82054,Clonazepam_Tab 500mcg,0408010F0AAABAB,1,0.3389999999999993
745,L82016,Clonazepam_Tab 500mcg,0408010F0AAABAB,4,0.31639999999999935
736,L82066,Clonazepam_Tab 500mcg,0408010F0AAABAB,1,0.31639999999999935
744,L82618,Clonazepam_Tab 500mcg,0408010F0AAABAB,1,0.31639999999999935
743,L82049,Clonazepam_Tab 500mcg,0408010F0AAABAB,1,0.31639999999999935
742,L82010,Clonazepam_Tab 500mcg,0408010F0AAABAB,2,0.31639999999999935
741,L82003,Clonazepam_Tab 500mcg,0408010F0AAABAB,2,0.31639999999999935
740,Y01050,Clonazepam_Tab 500mcg,0408010F0AAABAB,2,0.31639999999999935
739,L82617,Clonazepam_Tab 500mcg,0408010F0AAABAB,1,0.31639999999999935
738,L82038,Clonazepam_Tab 500mcg,0408010F0AAABAB,1,0.31639999999999935
737,L82622,Clonazepam_Tab 500mcg,0408010F0AAABAB,1,0.31639999999999935
731,L82068,Clonazepam_Tab 500mcg,0408010F0AAABAB,1,0.31639999999999935
735,L82008,Clonazepam_Tab 500mcg,0408010F0AAABAB,1,0.31639999999999935
734,L82004,Clonazepam_Tab 500mcg,0408010F0AAABAB,1,0.31639999999999935
733,L82070,Clonazepam_Tab 500mcg,0408010F0AAABAB,4,0.31639999999999935
732,L82056,Clonazepam_Tab 500mcg,0408010F0AAABAB,1,0.31639999999999935
730,Y01050,Clonazepam_Tab 500mcg,0408010F0AAABAB,4,0.31639999999999935
729,L82620,Clonazepam_Tab 500mcg,0408010F0AAABAB,2,0.31639999999999935
728,L82054,Clonazepam_Tab 500mcg,0408010F0AAABAB,1,0.31639999999999935
727,Y01922,Clonazepam_Tab 500mcg,0408010F0AAABAB,4,0.31639999999999935
726,Y01051,Clonazepam_Tab 500mcg,0408010F0AAABAB,2,0.31639999999999935
748,L82045,Clonazepam_Tab 500mcg,0408010F0AAABAB,1,0.31639999999999935
746,L82003,Clonazepam_Tab 500mcg,0408010F0AAABAB,4,0.31639999999999935
747,L82016,Clonazepam_Tab 500mcg,0408010F0AAABAB,1,0.31639999999999935
749,L82061,Clonazepam_Tab 500mcg,0408010F0AAABAB,1,0.2799999999999997
750,L82006,Clonazepam_Tab 500mcg,0408010F0AAABAB,4,0.25439999999999996
755,L82028,Clonazepam_Tab 500mcg,0408010F0AAABAB,3,0.2372999999999995
754,L82023,Clonazepam_Tab 500mcg,0408010F0AAABAB,1,0.2372999999999995
757,L82622,Clonazepam_Tab 500mcg,0408010F0AAABAB,1,0.2372999999999995
756,L82054,Clonazepam_Tab 500mcg,0408010F0AAABAB,1,0.2372999999999995
752,L82029,Clonazepam_Tab 500mcg,0408010F0AAABAB,3,0.2372999999999995
751,L82006,Clonazepam_Tab 500mcg,0408010F0AAABAB,1,0.2372999999999995
753,L82044,Clonazepam_Tab 500mcg,0408010F0AAABAB,3,0.2372999999999995
811,L82023,Simvastatin_Tab 40mg,0212000Y0AAADAD,109,0.2288999999999986
758,L82028,Clonazepam_Tab 500mcg,0408010F0AAABAB,1,0.22199999999999998
759,L82041,Clonazepam_Tab 500mcg,0408010F0AAABAB,1,0.22199999999999998
760,Y01050,Clonazepam_Tab 500mcg,0408010F0AAABAB,1,0.22199999999999998
761,L82622,Clonazepam_Tab 500mcg,0408010F0AAABAB,1,0.22199999999999998
763,Y04957,Clonazepam_Tab 500mcg,0408010F0AAABAB,3,0.19079999999999997
762,L82051,Clonazepam_Tab 500mcg,0408010F0AAABAB,3,0.19079999999999997
764,L82004,Clonazepam_Tab 500mcg,0408010F0AAABAB,1,0.174
765,Y01051,Clonazepam_Tab 500mcg,0408010F0AAABAB,1,0.174
766,Y00049,Clonazepam_Tab 500mcg,0408010F0AAABAB,4,0.16959999999999997
772,L82023,Clonazepam_Tab 500mcg,0408010F0AAABAB,2,0.15819999999999967
777,L82029,Clonazepam_Tab 500mcg,0408010F0AAABAB,1,0.15819999999999967
776,L82009,Clonazepam_Tab 500mcg,0408010F0AAABAB,1,0.15819999999999967
774,L82044,Clonazepam_Tab 500mcg,0408010F0AAABAB,1,0.15819999999999967
773,L82011,Clonazepam_Tab 500mcg,0408010F0AAABAB,1,0.15819999999999967
778,L82022,Clonazepam_Tab 500mcg,0408010F0AAABAB,1,0.15819999999999967
771,L82016,Clonazepam_Tab 500mcg,0408010F0AAABAB,1,0.15819999999999967
767,L82008,Clonazepam_Tab 500mcg,0408010F0AAABAB,1,0.15819999999999967
770,L82035,Clonazepam_Tab 500mcg,0408010F0AAABAB,1,0.15819999999999967
775,L82052,Clonazepam_Tab 500mcg,0408010F0AAABAB,1,0.15819999999999967
768,L82049,Clonazepam_Tab 500mcg,0408010F0AAABAB,1,0.15819999999999967
769,L82026,Clonazepam_Tab 500mcg,0408010F0AAABAB,1,0.15819999999999967
779,L82052,Clonazepam_Tab 500mcg,0408010F0AAABAB,1,0.1367999999999996
780,L82006,Clonazepam_Tab 500mcg,0408010F0AAABAB,1,0.1367999999999996
813,L82016,Simvastatin_Tab 40mg,0212000Y0AAADAD,64,0.1343999999999992
812,L82012,Simvastatin_Tab 40mg,0212000Y0AAADAD,64,0.1343999999999992
814,L82044,Simvastatin_Tab 40mg,0212000Y0AAADAD,62,0.1301999999999992
781,L82013,Clonazepam_Tab 500mcg,0408010F0AAABAB,1,0.12209999999999999
783,L82016,Clonazepam_Tab 500mcg,0408010F0AAABAB,1,0.11599999999999999
782,L82035,Clonazepam_Tab 500mcg,0408010F0AAABAB,1,0.11599999999999999
55,L82022,Paracet_Tab 500mg,0407010H0AAAMAM,19,0.11399999999999931
54,L82022,Paracet_Tab 500mg,0407010H0AAAMAM,19,0.11399999999999931
784,L82013,Clonazepam_Tab 500mcg,0408010F0AAABAB,1,0.1067999999999999
56,L82003,Paracet_Tab 500mg,0407010H0AAAMAM,16,0.09599999999999942
57,L82003,Paracet_Tab 500mg,0407010H0AAAMAM,16,0.09599999999999942
815,L82006,Simvastatin_Tab 40mg,0212000Y0AAADAD,45,0.09449999999999943
785,L82001,Clonazepam_Tab 500mcg,0408010F0AAABAB,1,0.09439999999999982
58,L82006,Paracet_Tab 500mg,0407010H0AAAMAM,22,0.09239999999999944
59,L82006,Paracet_Tab 500mg,0407010H0AAAMAM,22,0.09239999999999944
60,L82021,Paracet_Tab 500mg,0407010H0AAAMAM,14,0.08399999999999949
61,L82021,Paracet_Tab 500mg,0407010H0AAAMAM,14,0.08399999999999949
816,Y04957,Simvastatin_Tab 40mg,0212000Y0AAADAD,40,0.08399999999999949
62,Y01051,Paracet_Tab 500mg,0407010H0AAAMAM,13,0.07799999999999953
63,Y01051,Paracet_Tab 500mg,0407010H0AAAMAM,13,0.07799999999999953
817,L82047,Simvastatin_Tab 40mg,0212000Y0AAADAD,36,0.07559999999999954
65,L82051,Paracet_Tab 500mg,0407010H0AAAMAM,11,0.0659999999999996
64,L82051,Paracet_Tab 500mg,0407010H0AAAMAM,11,0.0659999999999996
786,L82066,Clonazepam_Tab 500mcg,0408010F0AAABAB,1,0.06359999999999999
818,L82036,Simvastatin_Tab 40mg,0212000Y0AAADAD,30,0.06299999999999961
820,L82038,Simvastatin_Tab 40mg,0212000Y0AAADAD,28,0.058799999999999644
819,Y00969,Simvastatin_Tab 40mg,0212000Y0AAADAD,28,0.058799999999999644
787,L82029,Clonazepam_Tab 500mcg,0408010F0AAABAB,1,0.057999999999999996
821,L82042,Simvastatin_Tab 40mg,0212000Y0AAADAD,27,0.05669999999999965
67,L82012,Paracet_Tab 500mg,0407010H0AAAMAM,20,0.05599999999999966
66,L82012,Paracet_Tab 500mg,0407010H0AAAMAM,20,0.05599999999999966
69,Y01050,Paracet_Tab 500mg,0407010H0AAAMAM,9,0.05399999999999967
68,Y01050,Paracet_Tab 500mg,0407010H0AAAMAM,9,0.05399999999999967
822,L82054,Simvastatin_Tab 40mg,0212000Y0AAADAD,25,0.052499999999999686
823,L82050,Simvastatin_Tab 40mg,0212000Y0AAADAD,23,0.048299999999999704
70,L82023,Paracet_Tab 500mg,0407010H0AAAMAM,17,0.04759999999999971
71,L82023,Paracet_Tab 500mg,0407010H0AAAMAM,17,0.04759999999999971
824,L82039,Simvastatin_Tab 40mg,0212000Y0AAADAD,21,0.04409999999999974
788,L82029,Clonazepam_Tab 500mcg,0408010F0AAABAB,1,0.04239999999999999
72,L82042,Paracet_Tab 500mg,0407010H0AAAMAM,10,0.041999999999999746
73,L82001,Paracet_Tab 500mg,0407010H0AAAMAM,7,0.041999999999999746
74,L82001,Paracet_Tab 500mg,0407010H0AAAMAM,7,0.041999999999999746
75,L82042,Paracet_Tab 500mg,0407010H0AAAMAM,10,0.041999999999999746
825,Y01050,Simvastatin_Tab 40mg,0212000Y0AAADAD,19,0.039899999999999755
826,Y01051,Simvastatin_Tab 40mg,0212000Y0AAADAD,19,0.039899999999999755
79,L82006,Paracet_Tab 500mg,0407010H0AAAMAM,13,0.03639999999999978
76,L82016,Paracet_Tab 500mg,0407010H0AAAMAM,13,0.03639999999999978
77,L82016,Paracet_Tab 500mg,0407010H0AAAMAM,13,0.03639999999999978
78,L82006,Paracet_Tab 500mg,0407010H0AAAMAM,13,0.03639999999999978
82,L82036,Paracet_Tab 500mg,0407010H0AAAMAM,6,0.03599999999999978
81,L82036,Paracet_Tab 500mg,0407010H0AAAMAM,6,0.03599999999999978
83,L82025,Paracet_Tab 500mg,0407010H0AAAMAM,6,0.03599999999999978
84,L82057,Paracet_Tab 500mg,0407010H0AAAMAM,6,0.03599999999999978
87,Y04957,Paracet_Tab 500mg,0407010H0AAAMAM,6,0.03599999999999978
80,L82042,Paracet_Tab 500mg,0407010H0AAAMAM,6,0.03599999999999978
88,L82057,Paracet_Tab 500mg,0407010H0AAAMAM,6,0.03599999999999978
89,L82048,Paracet_Tab 500mg,0407010H0AAAMAM,6,0.03599999999999978
90,Y04957,Paracet_Tab 500mg,0407010H0AAAMAM,6,0.03599999999999978
91,L82025,Paracet_Tab 500mg,0407010H0AAAMAM,6,0.03599999999999978
86,L82042,Paracet_Tab 500mg,0407010H0AAAMAM,6,0.03599999999999978
85,L82048,Paracet_Tab 500mg,0407010H0AAAMAM,6,0.03599999999999978
827,L82068,Simvastatin_Tab 40mg,0212000Y0AAADAD,17,0.03569999999999979
93,L82009,Paracet_Tab 500mg,0407010H0AAAMAM,8,0.0335999999999998
92,L82009,Paracet_Tab 500mg,0407010H0AAAMAM,8,0.0335999999999998
95,L82051,Paracet_Tab 500mg,0407010H0AAAMAM,11,0.0329999999999998
94,L82051,Paracet_Tab 500mg,0407010H0AAAMAM,11,0.0329999999999998
830,L82025,Simvastatin_Tab 40mg,0212000Y0AAADAD,15,0.031499999999999806
828,L82057,Simvastatin_Tab 40mg,0212000Y0AAADAD,15,0.031499999999999806
829,L82021,Simvastatin_Tab 40mg,0212000Y0AAADAD,15,0.031499999999999806
98,L82041,Paracet_Tab 500mg,0407010H0AAAMAM,5,0.02999999999999982
96,L82023,Paracet_Tab 500mg,0407010H0AAAMAM,5,0.02999999999999982
97,L82023,Paracet_Tab 500mg,0407010H0AAAMAM,5,0.02999999999999982
99,L82041,Paracet_Tab 500mg,0407010H0AAAMAM,5,0.02999999999999982
101,L82070,Paracet_Tab 500mg,0407010H0AAAMAM,7,0.029399999999999822
100,L82070,Paracet_Tab 500mg,0407010H0AAAMAM,7,0.029399999999999822
831,L82003,Simvastatin_Tab 40mg,0212000Y0AAADAD,14,0.029399999999999822
103,L82003,Paracet_Tab 500mg,0407010H0AAAMAM,10,0.02799999999999983
102,L82003,Paracet_Tab 500mg,0407010H0AAAMAM,10,0.02799999999999983
832,L82001,Simvastatin_Tab 40mg,0212000Y0AAADAD,13,0.027299999999999835
833,L82008,Simvastatin_Tab 40mg,0212000Y0AAADAD,13,0.027299999999999835
104,L82015,Paracet_Tab 500mg,0407010H0AAAMAM,6,0.025199999999999848
839,L82030,Simvastatin_Tab 40mg,0212000Y0AAADAD,12,0.025199999999999848
108,Y04957,Paracet_Tab 500mg,0407010H0AAAMAM,9,0.025199999999999848
107,Y04957,Paracet_Tab 500mg,0407010H0AAAMAM,9,0.025199999999999848
105,L82015,Paracet_Tab 500mg,0407010H0AAAMAM,6,0.025199999999999848
109,L82015,Paracet_Tab 500mg,0407010H0AAAMAM,9,0.025199999999999848
834,L82620,Simvastatin_Tab 40mg,0212000Y0AAADAD,12,0.025199999999999848
835,L82015,Simvastatin_Tab 40mg,0212000Y0AAADAD,12,0.025199999999999848
836,L82051,Simvastatin_Tab 40mg,0212000Y0AAADAD,12,0.025199999999999848
837,L82041,Simvastatin_Tab 40mg,0212000Y0AAADAD,12,0.025199999999999848
838,L82013,Simvastatin_Tab 40mg,0212000Y0AAADAD,6,0.025199999999999848
106,L82015,Paracet_Tab 500mg,0407010H0AAAMAM,9,0.025199999999999848
115,L82030,Paracet_Tab 500mg,0407010H0AAAMAM,4,0.023999999999999855
119,L82009,Paracet_Tab 500mg,0407010H0AAAMAM,4,0.023999999999999855
120,L82050,Paracet_Tab 500mg,0407010H0AAAMAM,4,0.023999999999999855
121,L82016,Paracet_Tab 500mg,0407010H0AAAMAM,4,0.023999999999999855
116,Y01922,Paracet_Tab 500mg,0407010H0AAAMAM,4,0.023999999999999855
117,L82018,Paracet_Tab 500mg,0407010H0AAAMAM,4,0.023999999999999855
114,Y01922,Paracet_Tab 500mg,0407010H0AAAMAM,4,0.023999999999999855
113,L82009,Paracet_Tab 500mg,0407010H0AAAMAM,4,0.023999999999999855
112,L82016,Paracet_Tab 500mg,0407010H0AAAMAM,4,0.023999999999999855
111,L82050,Paracet_Tab 500mg,0407010H0AAAMAM,4,0.023999999999999855
110,L82018,Paracet_Tab 500mg,0407010H0AAAMAM,4,0.023999999999999855
118,L82030,Paracet_Tab 500mg,0407010H0AAAMAM,4,0.023999999999999855
123,L82061,Paracet_Tab 500mg,0407010H0AAAMAM,8,0.022399999999999864
122,L82061,Paracet_Tab 500mg,0407010H0AAAMAM,8,0.022399999999999864
789,Y04957,Clonazepam_Tab 500mcg,0408010F0AAABAB,1,0.021199999999999997
129,L82038,Paracet_Tab 500mg,0407010H0AAAMAM,5,0.020999999999999873
841,L82052,Simvastatin_Tab 40mg,0212000Y0AAADAD,10,0.020999999999999873
124,L82017,Paracet_Tab 500mg,0407010H0AAAMAM,5,0.020999999999999873
840,L82057,Simvastatin_Tab 40mg,0212000Y0AAADAD,5,0.020999999999999873
128,L82017,Paracet_Tab 500mg,0407010H0AAAMAM,5,0.020999999999999873
125,L82052,Paracet_Tab 500mg,0407010H0AAAMAM,7,0.020999999999999873
127,L82038,Paracet_Tab 500mg,0407010H0AAAMAM,5,0.020999999999999873
126,L82052,Paracet_Tab 500mg,0407010H0AAAMAM,7,0.020999999999999873
131,L82068,Paracet_Tab 500mg,0407010H0AAAMAM,7,0.01959999999999988
130,L82068,Paracet_Tab 500mg,0407010H0AAAMAM,7,0.01959999999999988
842,L82061,Simvastatin_Tab 40mg,0212000Y0AAADAD,9,0.018899999999999886
843,L82618,Simvastatin_Tab 40mg,0212000Y0AAADAD,9,0.018899999999999886
132,L82068,Paracet_Tab 500mg,0407010H0AAAMAM,4,0.01839999999999989
133,L82068,Paracet_Tab 500mg,0407010H0AAAMAM,4,0.01839999999999989
142,L82015,Paracet_Tab 500mg,0407010H0AAAMAM,3,0.01799999999999989
143,L82010,Paracet_Tab 500mg,0407010H0AAAMAM,3,0.01799999999999989
139,L82008,Paracet_Tab 500mg,0407010H0AAAMAM,3,0.01799999999999989
141,L82070,Paracet_Tab 500mg,0407010H0AAAMAM,3,0.01799999999999989
140,L82011,Paracet_Tab 500mg,0407010H0AAAMAM,3,0.01799999999999989
138,L82011,Paracet_Tab 500mg,0407010H0AAAMAM,3,0.01799999999999989
137,L82070,Paracet_Tab 500mg,0407010H0AAAMAM,3,0.01799999999999989
135,L82010,Paracet_Tab 500mg,0407010H0AAAMAM,3,0.01799999999999989
134,L82015,Paracet_Tab 500mg,0407010H0AAAMAM,3,0.01799999999999989
136,L82008,Paracet_Tab 500mg,0407010H0AAAMAM,3,0.01799999999999989
6,L82001,Atorvastatin_Tab 20mg,0212000B0AAABAB,4,0.01760000000000006
150,L82009,Paracet_Tab 500mg,0407010H0AAAMAM,6,0.0167999999999999
147,Y01050,Paracet_Tab 500mg,0407010H0AAAMAM,4,0.0167999999999999
144,L82039,Paracet_Tab 500mg,0407010H0AAAMAM,6,0.0167999999999999
852,L82070,Simvastatin_Tab 40mg,0212000Y0AAADAD,8,0.0167999999999999
851,L82009,Simvastatin_Tab 40mg,0212000Y0AAADAD,8,0.0167999999999999
850,L82001,Simvastatin_Tab 40mg,0212000Y0AAADAD,4,0.0167999999999999
849,L82010,Simvastatin_Tab 40mg,0212000Y0AAADAD,8,0.0167999999999999
848,L82024,Simvastatin_Tab 40mg,0212000Y0AAADAD,8,0.0167999999999999
847,L82050,Simvastatin_Tab 40mg,0212000Y0AAADAD,4,0.0167999999999999
846,L82004,Simvastatin_Tab 40mg,0212000Y0AAADAD,8,0.0167999999999999
845,L82016,Simvastatin_Tab 40mg,0212000Y0AAADAD,4,0.0167999999999999
844,Y01127,Simvastatin_Tab 40mg,0212000Y0AAADAD,8,0.0167999999999999
151,L82009,Paracet_Tab 500mg,0407010H0AAAMAM,6,0.0167999999999999
146,L82050,Paracet_Tab 500mg,0407010H0AAAMAM,4,0.0167999999999999
145,L82620,Paracet_Tab 500mg,0407010H0AAAMAM,6,0.0167999999999999
148,L82024,Paracet_Tab 500mg,0407010H0AAAMAM,4,0.0167999999999999
157,L82050,Paracet_Tab 500mg,0407010H0AAAMAM,4,0.0167999999999999
152,Y01050,Paracet_Tab 500mg,0407010H0AAAMAM,4,0.0167999999999999
149,L82039,Paracet_Tab 500mg,0407010H0AAAMAM,6,0.0167999999999999
154,L82024,Paracet_Tab 500mg,0407010H0AAAMAM,4,0.0167999999999999
156,L82037,Paracet_Tab 500mg,0407010H0AAAMAM,6,0.0167999999999999
155,L82620,Paracet_Tab 500mg,0407010H0AAAMAM,6,0.0167999999999999
158,L82036,Paracet_Tab 500mg,0407010H0AAAMAM,6,0.0167999999999999
159,L82036,Paracet_Tab 500mg,0407010H0AAAMAM,6,0.0167999999999999
160,Y00969,Paracet_Tab 500mg,0407010H0AAAMAM,4,0.0167999999999999
161,Y00969,Paracet_Tab 500mg,0407010H0AAAMAM,4,0.0167999999999999
153,L82037,Paracet_Tab 500mg,0407010H0AAAMAM,6,0.0167999999999999
797,Y00969,Omeprazole_Tab E/C 20mg,0103050P0AABDBD,4,0.016799999999999704
796,L82047,Omeprazole_Tab E/C 20mg,0103050P0AABDBD,4,0.016799999999999704
790,L82030,Clonazepam_Tab 500mcg,0408010F0AAABAB,1,0.015600000000000003
163,L82006,Paracet_Tab 500mg,0407010H0AAAMAM,5,0.01499999999999991
162,L82006,Paracet_Tab 500mg,0407010H0AAAMAM,5,0.01499999999999991
853,L82037,Simvastatin_Tab 40mg,0212000Y0AAADAD,7,0.014699999999999911
854,L82066,Simvastatin_Tab 40mg,0212000Y0AAADAD,7,0.014699999999999911
167,L82003,Paracet_Tab 500mg,0407010H0AAAMAM,10,0.013999999999999915
164,L82003,Paracet_Tab 500mg,0407010H0AAAMAM,10,0.013999999999999915
165,L82046,Paracet_Tab 500mg,0407010H0AAAMAM,5,0.013999999999999915
166,L82046,Paracet_Tab 500mg,0407010H0AAAMAM,5,0.013999999999999915
168,L82038,Paracet_Tab 500mg,0407010H0AAAMAM,5,0.013999999999999915
169,L82038,Paracet_Tab 500mg,0407010H0AAAMAM,5,0.013999999999999915
857,L82030,Simvastatin_Tab 40mg,0212000Y0AAADAD,3,0.012599999999999924
855,L82018,Simvastatin_Tab 40mg,0212000Y0AAADAD,6,0.012599999999999924
170,L82012,Paracet_Tab 500mg,0407010H0AAAMAM,3,0.012599999999999924
171,L82012,Paracet_Tab 500mg,0407010H0AAAMAM,3,0.012599999999999924
856,L82041,Simvastatin_Tab 40mg,0212000Y0AAADAD,3,0.012599999999999924
181,Y04957,Paracet_Tab 500mg,0407010H0AAAMAM,4,0.011999999999999927
185,L82022,Paracet_Tab 500mg,0407010H0AAAMAM,4,0.011999999999999927
184,L82022,Paracet_Tab 500mg,0407010H0AAAMAM,4,0.011999999999999927
183,L82026,Paracet_Tab 500mg,0407010H0AAAMAM,2,0.011999999999999927
182,L82035,Paracet_Tab 500mg,0407010H0AAAMAM,2,0.011999999999999927
178,L82044,Paracet_Tab 500mg,0407010H0AAAMAM,2,0.011999999999999927
180,L82052,Paracet_Tab 500mg,0407010H0AAAMAM,2,0.011999999999999927
176,L82052,Paracet_Tab 500mg,0407010H0AAAMAM,2,0.011999999999999927
179,L82035,Paracet_Tab 500mg,0407010H0AAAMAM,2,0.011999999999999927
177,L82015,Paracet_Tab 500mg,0407010H0AAAMAM,4,0.011999999999999927
187,L82026,Paracet_Tab 500mg,0407010H0AAAMAM,2,0.011999999999999927
186,L82044,Paracet_Tab 500mg,0407010H0AAAMAM,2,0.011999999999999927
175,Y04957,Paracet_Tab 500mg,0407010H0AAAMAM,4,0.011999999999999927
172,L82045,Paracet_Tab 500mg,0407010H0AAAMAM,2,0.011999999999999927
173,L82045,Paracet_Tab 500mg,0407010H0AAAMAM,2,0.011999999999999927
174,L82015,Paracet_Tab 500mg,0407010H0AAAMAM,4,0.011999999999999927
201,L82017,Paracet_Tab 500mg,0407010H0AAAMAM,4,0.011199999999999932
188,Y01922,Paracet_Tab 500mg,0407010H0AAAMAM,4,0.011199999999999932
189,L82052,Paracet_Tab 500mg,0407010H0AAAMAM,4,0.011199999999999932
190,L82023,Paracet_Tab 500mg,0407010H0AAAMAM,8,0.011199999999999932
191,Y01127,Paracet_Tab 500mg,0407010H0AAAMAM,4,0.011199999999999932
192,L82004,Paracet_Tab 500mg,0407010H0AAAMAM,4,0.011199999999999932
194,L82023,Paracet_Tab 500mg,0407010H0AAAMAM,8,0.011199999999999932
195,Y01051,Paracet_Tab 500mg,0407010H0AAAMAM,4,0.011199999999999932
196,Y00969,Paracet_Tab 500mg,0407010H0AAAMAM,4,0.011199999999999932
197,Y01127,Paracet_Tab 500mg,0407010H0AAAMAM,4,0.011199999999999932
198,Y01051,Paracet_Tab 500mg,0407010H0AAAMAM,4,0.011199999999999932
199,L82012,Paracet_Tab 500mg,0407010H0AAAMAM,8,0.011199999999999932
200,L82017,Paracet_Tab 500mg,0407010H0AAAMAM,4,0.011199999999999932
193,L82012,Paracet_Tab 500mg,0407010H0AAAMAM,8,0.011199999999999932
202,L82052,Paracet_Tab 500mg,0407010H0AAAMAM,4,0.011199999999999932
204,L82004,Paracet_Tab 500mg,0407010H0AAAMAM,4,0.011199999999999932
205,Y00969,Paracet_Tab 500mg,0407010H0AAAMAM,4,0.011199999999999932
203,Y01922,Paracet_Tab 500mg,0407010H0AAAMAM,4,0.011199999999999932
798,L82001,Omeprazole_Tab E/C 20mg,0103050P0AABDBD,4,0.011199999999999655
860,L82043,Simvastatin_Tab 40mg,0212000Y0AAADAD,5,0.010499999999999936
859,L82046,Simvastatin_Tab 40mg,0212000Y0AAADAD,5,0.010499999999999936
858,Y02517,Simvastatin_Tab 40mg,0212000Y0AAADAD,5,0.010499999999999936
862,L82059,Simvastatin_Tab 40mg,0212000Y0AAADAD,5,0.010499999999999936
861,L82017,Simvastatin_Tab 40mg,0212000Y0AAADAD,5,0.010499999999999936
207,L82018,Paracet_Tab 500mg,0407010H0AAAMAM,3,0.008999999999999946
206,L82018,Paracet_Tab 500mg,0407010H0AAAMAM,3,0.008999999999999946
902,L82008,Mesalazine_Tab E/C 800mg,0105010B0AAASAS,1,0.008999999999999009
903,L82620,Mesalazine_Tab E/C 800mg,0105010B0AAASAS,1,0.008999999999999009
867,L82013,Simvastatin_Tab 40mg,0212000Y0AAADAD,4,0.00839999999999995
866,L82022,Simvastatin_Tab 40mg,0212000Y0AAADAD,4,0.00839999999999995
865,L82018,Simvastatin_Tab 40mg,0212000Y0AAADAD,2,0.00839999999999995
864,L82054,Simvastatin_Tab 40mg,0212000Y0AAADAD,2,0.00839999999999995
863,L82026,Simvastatin_Tab 40mg,0212000Y0AAADAD,4,0.00839999999999995
215,L82038,Paracet_Tab 500mg,0407010H0AAAMAM,4,0.00839999999999995
216,L82039,Paracet_Tab 500mg,0407010H0AAAMAM,2,0.00839999999999995
868,L82047,Simvastatin_Tab 40mg,0212000Y0AAADAD,2,0.00839999999999995
217,Y00049,Paracet_Tab 500mg,0407010H0AAAMAM,3,0.00839999999999995
221,Y00049,Paracet_Tab 500mg,0407010H0AAAMAM,3,0.00839999999999995
220,L82011,Paracet_Tab 500mg,0407010H0AAAMAM,3,0.00839999999999995
219,L82070,Paracet_Tab 500mg,0407010H0AAAMAM,3,0.00839999999999995
214,L82038,Paracet_Tab 500mg,0407010H0AAAMAM,4,0.00839999999999995
213,L82047,Paracet_Tab 500mg,0407010H0AAAMAM,4,0.00839999999999995
212,L82039,Paracet_Tab 500mg,0407010H0AAAMAM,2,0.00839999999999995
211,L82070,Paracet_Tab 500mg,0407010H0AAAMAM,3,0.00839999999999995
210,L82054,Paracet_Tab 500mg,0407010H0AAAMAM,3,0.00839999999999995
209,L82054,Paracet_Tab 500mg,0407010H0AAAMAM,3,0.00839999999999995
208,L82011,Paracet_Tab 500mg,0407010H0AAAMAM,3,0.00839999999999995
218,L82047,Paracet_Tab 500mg,0407010H0AAAMAM,4,0.00839999999999995
799,Y00626,Omeprazole_Tab E/C 20mg,0103050P0AABDBD,2,0.008399999999999852
930,L82018,Sumatriptan_Tab 50mg,0407041T0AAAFAF,2,0.007999999999999119
222,L82043,Paracet_Tab 500mg,0407010H0AAAMAM,3,0.006299999999999962
223,L82043,Paracet_Tab 500mg,0407010H0AAAMAM,3,0.006299999999999962
869,Y01922,Simvastatin_Tab 40mg,0212000Y0AAADAD,3,0.006299999999999962
800,L82023,Omeprazole_Tab E/C 20mg,0103050P0AABDBD,3,0.006299999999999889
7,L82041,Atorvastatin_Tab 20mg,0212000B0AAABAB,1,0.006000000000000172
240,L82004,Paracet_Tab 500mg,0407010H0AAAMAM,2,0.005999999999999964
232,L82054,Paracet_Tab 500mg,0407010H0AAAMAM,1,0.005999999999999964
237,L82047,Paracet_Tab 500mg,0407010H0AAAMAM,1,0.005999999999999964
236,L82004,Paracet_Tab 500mg,0407010H0AAAMAM,2,0.005999999999999964
234,L82003,Paracet_Tab 500mg,0407010H0AAAMAM,2,0.005999999999999964
233,L82059,Paracet_Tab 500mg,0407010H0AAAMAM,1,0.005999999999999964
230,L82012,Paracet_Tab 500mg,0407010H0AAAMAM,1,0.005999999999999964
231,L82036,Paracet_Tab 500mg,0407010H0AAAMAM,2,0.005999999999999964
239,Y02517,Paracet_Tab 500mg,0407010H0AAAMAM,1,0.005999999999999964
229,L82059,Paracet_Tab 500mg,0407010H0AAAMAM,1,0.005999999999999964
228,L82029,Paracet_Tab 500mg,0407010H0AAAMAM,1,0.005999999999999964
227,L82003,Paracet_Tab 500mg,0407010H0AAAMAM,2,0.005999999999999964
226,L82024,Paracet_Tab 500mg,0407010H0AAAMAM,1,0.005999999999999964
225,L82047,Paracet_Tab 500mg,0407010H0AAAMAM,1,0.005999999999999964
224,L82038,Paracet_Tab 500mg,0407010H0AAAMAM,1,0.005999999999999964
238,Y04175,Paracet_Tab 500mg,0407010H0AAAMAM,1,0.005999999999999964
235,Y02517,Paracet_Tab 500mg,0407010H0AAAMAM,1,0.005999999999999964
241,L82038,Paracet_Tab 500mg,0407010H0AAAMAM,1,0.005999999999999964
249,L82054,Paracet_Tab 500mg,0407010H0AAAMAM,1,0.005999999999999964
242,L82039,Paracet_Tab 500mg,0407010H0AAAMAM,1,0.005999999999999964
243,L82039,Paracet_Tab 500mg,0407010H0AAAMAM,1,0.005999999999999964
244,L82028,Paracet_Tab 500mg,0407010H0AAAMAM,1,0.005999999999999964
245,L82029,Paracet_Tab 500mg,0407010H0AAAMAM,1,0.005999999999999964
246,L82024,Paracet_Tab 500mg,0407010H0AAAMAM,1,0.005999999999999964
247,L82028,Paracet_Tab 500mg,0407010H0AAAMAM,1,0.005999999999999964
248,L82035,Paracet_Tab 500mg,0407010H0AAAMAM,2,0.005999999999999964
250,Y01127,Paracet_Tab 500mg,0407010H0AAAMAM,1,0.005999999999999964
251,Y01127,Paracet_Tab 500mg,0407010H0AAAMAM,1,0.005999999999999964
252,Y04175,Paracet_Tab 500mg,0407010H0AAAMAM,1,0.005999999999999964
253,L82006,Paracet_Tab 500mg,0407010H0AAAMAM,1,0.005999999999999964
254,L82035,Paracet_Tab 500mg,0407010H0AAAMAM,2,0.005999999999999964
255,L82012,Paracet_Tab 500mg,0407010H0AAAMAM,1,0.005999999999999964
256,L82006,Paracet_Tab 500mg,0407010H0AAAMAM,1,0.005999999999999964
257,L82036,Paracet_Tab 500mg,0407010H0AAAMAM,2,0.005999999999999964
904,L82029,Mesalazine_Tab E/C 800mg,0105010B0AAASAS,1,0.005999999999999339
265,L82029,Paracet_Tab 500mg,0407010H0AAAMAM,4,0.005599999999999966
263,L82070,Paracet_Tab 500mg,0407010H0AAAMAM,4,0.005599999999999966
260,L82021,Paracet_Tab 500mg,0407010H0AAAMAM,4,0.005599999999999966
259,L82054,Paracet_Tab 500mg,0407010H0AAAMAM,4,0.005599999999999966
262,L82054,Paracet_Tab 500mg,0407010H0AAAMAM,4,0.005599999999999966
264,L82021,Paracet_Tab 500mg,0407010H0AAAMAM,4,0.005599999999999966
261,L82070,Paracet_Tab 500mg,0407010H0AAAMAM,4,0.005599999999999966
258,L82029,Paracet_Tab 500mg,0407010H0AAAMAM,4,0.005599999999999966
267,L82042,Paracet_Tab 500mg,0407010H0AAAMAM,3,0.004800000000000054
266,L82042,Paracet_Tab 500mg,0407010H0AAAMAM,3,0.004800000000000054
870,L82042,Simvastatin_Tab 40mg,0212000Y0AAADAD,1,0.0045000000000000075
871,L82036,Simvastatin_Tab 40mg,0212000Y0AAADAD,1,0.0045000000000000075
8,L82008,Atorvastatin_Tab 20mg,0212000B0AAABAB,1,0.004400000000000015
9,L82035,Atorvastatin_Tab 20mg,0212000B0AAABAB,1,0.004400000000000015
872,L82041,Simvastatin_Tab 40mg,0212000Y0AAADAD,1,0.004299999999999974
275,L82035,Paracet_Tab 500mg,0407010H0AAAMAM,1,0.004199999999999975
873,L82048,Simvastatin_Tab 40mg,0212000Y0AAADAD,2,0.004199999999999975
874,L82042,Simvastatin_Tab 40mg,0212000Y0AAADAD,1,0.004199999999999975
876,L82006,Simvastatin_Tab 40mg,0212000Y0AAADAD,1,0.004199999999999975
877,L82025,Simvastatin_Tab 40mg,0212000Y0AAADAD,1,0.004199999999999975
878,L82051,Simvastatin_Tab 40mg,0212000Y0AAADAD,1,0.004199999999999975
277,L82042,Paracet_Tab 500mg,0407010H0AAAMAM,3,0.004199999999999975
875,L82026,Simvastatin_Tab 40mg,0212000Y0AAADAD,1,0.004199999999999975
276,Y02517,Paracet_Tab 500mg,0407010H0AAAMAM,3,0.004199999999999975
269,L82061,Paracet_Tab 500mg,0407010H0AAAMAM,1,0.004199999999999975
271,L82035,Paracet_Tab 500mg,0407010H0AAAMAM,1,0.004199999999999975
268,L82051,Paracet_Tab 500mg,0407010H0AAAMAM,1,0.004199999999999975
274,Y02517,Paracet_Tab 500mg,0407010H0AAAMAM,3,0.004199999999999975
270,L82051,Paracet_Tab 500mg,0407010H0AAAMAM,1,0.004199999999999975
272,L82061,Paracet_Tab 500mg,0407010H0AAAMAM,1,0.004199999999999975
273,L82042,Paracet_Tab 500mg,0407010H0AAAMAM,3,0.004199999999999975
931,L82012,Sumatriptan_Tab 50mg,0407041T0AAAFAF,1,0.0041999999999995374
879,L82009,Simvastatin_Tab 40mg,0212000Y0AAADAD,1,0.003599999999999999
801,L82047,Omeprazole_Tab E/C 20mg,0103050P0AABDBD,1,0.0034999999999996145
932,L82036,Sumatriptan_Tab 50mg,0407041T0AAAFAF,1,0.0033999999999998476
933,Y00626,Sumatriptan_Tab 50mg,0407041T0AAAFAF,1,0.0033999999999998476
934,L82001,Sumatriptan_Tab 50mg,0407041T0AAAFAF,1,0.0031999999999996476
10,L82038,Atorvastatin_Tab 20mg,0212000B0AAABAB,1,0.0030000000000000165
288,L82001,Paracet_Tab 500mg,0407010H0AAAMAM,1,0.002999999999999982
287,L82038,Paracet_Tab 500mg,0407010H0AAAMAM,1,0.002999999999999982
289,L82054,Paracet_Tab 500mg,0407010H0AAAMAM,1,0.002999999999999982
285,Y01922,Paracet_Tab 500mg,0407010H0AAAMAM,1,0.002999999999999982
291,L82038,Paracet_Tab 500mg,0407010H0AAAMAM,1,0.002999999999999982
292,Y00626,Paracet_Tab 500mg,0407010H0AAAMAM,1,0.002999999999999982
293,L82009,Paracet_Tab 500mg,0407010H0AAAMAM,1,0.002999999999999982
286,L82008,Paracet_Tab 500mg,0407010H0AAAMAM,1,0.002999999999999982
290,Y00049,Paracet_Tab 500mg,0407010H0AAAMAM,1,0.002999999999999982
284,L82001,Paracet_Tab 500mg,0407010H0AAAMAM,1,0.002999999999999982
282,Y01922,Paracet_Tab 500mg,0407010H0AAAMAM,1,0.002999999999999982
281,L82009,Paracet_Tab 500mg,0407010H0AAAMAM,1,0.002999999999999982
280,Y00049,Paracet_Tab 500mg,0407010H0AAAMAM,1,0.002999999999999982
279,L82008,Paracet_Tab 500mg,0407010H0AAAMAM,1,0.002999999999999982
278,L82054,Paracet_Tab 500mg,0407010H0AAAMAM,1,0.002999999999999982
283,Y00626,Paracet_Tab 500mg,0407010H0AAAMAM,1,0.002999999999999982
300,L82018,Paracet_Tab 500mg,0407010H0AAAMAM,1,0.002799999999999983
306,L82025,Paracet_Tab 500mg,0407010H0AAAMAM,2,0.002799999999999983
305,L82044,Paracet_Tab 500mg,0407010H0AAAMAM,1,0.002799999999999983
303,L82047,Paracet_Tab 500mg,0407010H0AAAMAM,1,0.002799999999999983
302,L82025,Paracet_Tab 500mg,0407010H0AAAMAM,1,0.002799999999999983
301,L82050,Paracet_Tab 500mg,0407010H0AAAMAM,1,0.002799999999999983
297,L82025,Paracet_Tab 500mg,0407010H0AAAMAM,2,0.002799999999999983
299,L82050,Paracet_Tab 500mg,0407010H0AAAMAM,1,0.002799999999999983
298,L82045,Paracet_Tab 500mg,0407010H0AAAMAM,1,0.002799999999999983
296,L82047,Paracet_Tab 500mg,0407010H0AAAMAM,1,0.002799999999999983
295,L82025,Paracet_Tab 500mg,0407010H0AAAMAM,1,0.002799999999999983
294,L82045,Paracet_Tab 500mg,0407010H0AAAMAM,1,0.002799999999999983
307,L82018,Paracet_Tab 500mg,0407010H0AAAMAM,1,0.002799999999999983
304,L82044,Paracet_Tab 500mg,0407010H0AAAMAM,1,0.002799999999999983
11,L82620,Atorvastatin_Tab 20mg,0212000B0AAABAB,1,0.0026000000000000745
881,L82045,Simvastatin_Tab 40mg,0212000Y0AAADAD,1,0.0020999999999999873
880,Y00049,Simvastatin_Tab 40mg,0212000Y0AAADAD,1,0.0020999999999999873
802,Y00626,Omeprazole_Tab E/C 20mg,0103050P0AABDBD,1,0.002099999999999963
12,L82009,Atorvastatin_Tab 20mg,0212000B0AAABAB,1,0.0020000000000000573
803,L82066,Omeprazole_Tab E/C 20mg,0103050P0AABDBD,1,0.0019999999999997797
13,L82023,Atorvastatin_Tab 20mg,0212000B0AAABAB,1,0.00180000000000001
308,L82036,Paracet_Tab 500mg,0407010H0AAAMAM,1,0.0013999999999999915
309,L82038,Paracet_Tab 500mg,0407010H0AAAMAM,1,0.0013999999999999915
310,L82038,Paracet_Tab 500mg,0407010H0AAAMAM,1,0.0013999999999999915
311,L82036,Paracet_Tab 500mg,0407010H0AAAMAM,1,0.0013999999999999915
981,L82059,Sumatriptan_Tab 50mg,0407041T0AAAFAF,8,0.0
982,Y01051,Sumatriptan_Tab 50mg,0407041T0AAAFAF,2,0.0
1071,L82025,Sumatriptan_Tab 50mg,0407041T0AAAFAF,5,0.0
1072,L82026,Sumatriptan_Tab 50mg,0407041T0AAAFAF,5,0.0
980,Y01050,Sumatriptan_Tab 50mg,0407041T0AAAFAF,9,0.0
1073,L82050,Sumatriptan_Tab 50mg,0407041T0AAAFAF,12,0.0
1074,L82047,Sumatriptan_Tab 50mg,0407041T0AAAFAF,4,0.0
984,L82004,Sumatriptan_Tab 50mg,0407041T0AAAFAF,4,0.0
979,L82618,Sumatriptan_Tab 50mg,0407041T0AAAFAF,3,0.0
978,L82046,Sumatriptan_Tab 50mg,0407041T0AAAFAF,19,0.0
977,L82070,Sumatriptan_Tab 50mg,0407041T0AAAFAF,5,0.0
1075,L82023,Sumatriptan_Tab 50mg,0407041T0AAAFAF,2,0.0
1076,Y01050,Sumatriptan_Tab 50mg,0407041T0AAAFAF,9,0.0
1077,L82061,Sumatriptan_Tab 50mg,0407041T0AAAFAF,5,0.0
1078,L82047,Sumatriptan_Tab 50mg,0407041T0AAAFAF,9,0.0
983,L82029,Sumatriptan_Tab 50mg,0407041T0AAAFAF,13,0.0
985,L82059,Sumatriptan_Tab 50mg,0407041T0AAAFAF,4,0.0
1080,L82046,Sumatriptan_Tab 50mg,0407041T0AAAFAF,14,0.0
1070,L82035,Sumatriptan_Tab 50mg,0407041T0AAAFAF,10,0.0
995,L82038,Sumatriptan_Tab 50mg,0407041T0AAAFAF,2,0.0
994,L82043,Sumatriptan_Tab 50mg,0407041T0AAAFAF,1,0.0
993,L82041,Sumatriptan_Tab 50mg,0407041T0AAAFAF,34,0.0
1059,L82023,Sumatriptan_Tab 50mg,0407041T0AAAFAF,15,0.0
1030,L82018,Sumatriptan_Tab 50mg,0407041T0AAAFAF,18,0.0
991,Y00626,Sumatriptan_Tab 50mg,0407041T0AAAFAF,1,0.0
990,L82049,Sumatriptan_Tab 50mg,0407041T0AAAFAF,17,0.0
989,L82024,Sumatriptan_Tab 50mg,0407041T0AAAFAF,5,0.0
1060,L82001,Sumatriptan_Tab 50mg,0407041T0AAAFAF,15,0.0
1061,L82021,Sumatriptan_Tab 50mg,0407041T0AAAFAF,7,0.0
1062,L82052,Sumatriptan_Tab 50mg,0407041T0AAAFAF,7,0.0
1063,Y01922,Sumatriptan_Tab 50mg,0407041T0AAAFAF,10,0.0
1064,L82622,Sumatriptan_Tab 50mg,0407041T0AAAFAF,4,0.0
1065,L82021,Sumatriptan_Tab 50mg,0407041T0AAAFAF,1,0.0
1066,L82045,Sumatriptan_Tab 50mg,0407041T0AAAFAF,16,0.0
1067,L82042,Sumatriptan_Tab 50mg,0407041T0AAAFAF,10,0.0
1068,L82001,Sumatriptan_Tab 50mg,0407041T0AAAFAF,1,0.0
1069,L82035,Sumatriptan_Tab 50mg,0407041T0AAAFAF,1,0.0
988,L82057,Sumatriptan_Tab 50mg,0407041T0AAAFAF,4,0.0
987,L82617,Sumatriptan_Tab 50mg,0407041T0AAAFAF,5,0.0
986,Y01050,Sumatriptan_Tab 50mg,0407041T0AAAFAF,1,0.0
1079,Y00969,Sumatriptan_Tab 50mg,0407041T0AAAFAF,1,0.0
1031,Y00969,Sumatriptan_Tab 50mg,0407041T0AAAFAF,17,0.0
976,L82022,Sumatriptan_Tab 50mg,0407041T0AAAFAF,2,0.0
975,Y04957,Sumatriptan_Tab 50mg,0407041T0AAAFAF,45,0.0
952,L82039,Sumatriptan_Tab 50mg,0407041T0AAAFAF,5,0.0
953,L82051,Sumatriptan_Tab 50mg,0407041T0AAAFAF,19,0.0
954,L82030,Sumatriptan_Tab 50mg,0407041T0AAAFAF,14,0.0
955,L82025,Sumatriptan_Tab 50mg,0407041T0AAAFAF,11,0.0
956,L82038,Sumatriptan_Tab 50mg,0407041T0AAAFAF,6,0.0
957,L82035,Sumatriptan_Tab 50mg,0407041T0AAAFAF,1,0.0
958,L82041,Sumatriptan_Tab 50mg,0407041T0AAAFAF,21,0.0
959,L82012,Sumatriptan_Tab 50mg,0407041T0AAAFAF,20,0.0
960,L82028,Sumatriptan_Tab 50mg,0407041T0AAAFAF,1,0.0
961,L82008,Sumatriptan_Tab 50mg,0407041T0AAAFAF,10,0.0
962,L82051,Sumatriptan_Tab 50mg,0407041T0AAAFAF,7,0.0
963,L82051,Sumatriptan_Tab 50mg,0407041T0AAAFAF,1,0.0
964,L82009,Sumatriptan_Tab 50mg,0407041T0AAAFAF,11,0.0
965,L82016,Sumatriptan_Tab 50mg,0407041T0AAAFAF,7,0.0
966,L82052,Sumatriptan_Tab 50mg,0407041T0AAAFAF,13,0.0
967,L82006,Sumatriptan_Tab 50mg,0407041T0AAAFAF,6,0.0
968,L82028,Sumatriptan_Tab 50mg,0407041T0AAAFAF,28,0.0
969,L82022,Sumatriptan_Tab 50mg,0407041T0AAAFAF,1,0.0
970,L82045,Sumatriptan_Tab 50mg,0407041T0AAAFAF,17,0.0
971,L82004,Sumatriptan_Tab 50mg,0407041T0AAAFAF,8,0.0
972,L82049,Sumatriptan_Tab 50mg,0407041T0AAAFAF,5,0.0
951,L82013,Sumatriptan_Tab 50mg,0407041T0AAAFAF,9,0.0
950,L82015,Sumatriptan_Tab 50mg,0407041T0AAAFAF,4,0.0
949,L82042,Sumatriptan_Tab 50mg,0407041T0AAAFAF,8,0.0
937,L82008,Sumatriptan_Tab 50mg,0407041T0AAAFAF,8,0.0
997,L82057,Sumatriptan_Tab 50mg,0407041T0AAAFAF,3,0.0
1081,Y04957,Sumatriptan_Tab 50mg,0407041T0AAAFAF,6,0.0
1082,L82011,Sumatriptan_Tab 50mg,0407041T0AAAFAF,1,0.0
1083,L82043,Sumatriptan_Tab 50mg,0407041T0AAAFAF,3,0.0
1084,L82042,Sumatriptan_Tab 50mg,0407041T0AAAFAF,1,0.0
1085,L82044,Sumatriptan_Tab 50mg,0407041T0AAAFAF,5,0.0
1086,L82016,Sumatriptan_Tab 50mg,0407041T0AAAFAF,16,0.0
935,L82037,Sumatriptan_Tab 50mg,0407041T0AAAFAF,6,0.0
936,L82022,Sumatriptan_Tab 50mg,0407041T0AAAFAF,8,0.0
938,Y02517,Sumatriptan_Tab 50mg,0407041T0AAAFAF,16,0.0
948,L82003,Sumatriptan_Tab 50mg,0407041T0AAAFAF,2,0.0
939,L82051,Sumatriptan_Tab 50mg,0407041T0AAAFAF,1,0.0
940,L82050,Sumatriptan_Tab 50mg,0407041T0AAAFAF,10,0.0
941,L82054,Sumatriptan_Tab 50mg,0407041T0AAAFAF,12,0.0
942,L82041,Sumatriptan_Tab 50mg,0407041T0AAAFAF,1,0.0
943,L82622,Sumatriptan_Tab 50mg,0407041T0AAAFAF,2,0.0
944,L82043,Sumatriptan_Tab 50mg,0407041T0AAAFAF,3,0.0
945,Y01922,Sumatriptan_Tab 50mg,0407041T0AAAFAF,2,0.0
946,L82058,Sumatriptan_Tab 50mg,0407041T0AAAFAF,1,0.0
947,Y00969,Sumatriptan_Tab 50mg,0407041T0AAAFAF,1,0.0
996,L82013,Sumatriptan_Tab 50mg,0407041T0AAAFAF,3,0.0
992,L82001,Sumatriptan_Tab 50mg,0407041T0AAAFAF,16,0.0
998,L82022,Sumatriptan_Tab 50mg,0407041T0AAAFAF,11,0.0
1006,L82620,Sumatriptan_Tab 50mg,0407041T0AAAFAF,5,0.0
1012,L82007,Sumatriptan_Tab 50mg,0407041T0AAAFAF,3,0.0
1011,L82009,Sumatriptan_Tab 50mg,0407041T0AAAFAF,25,0.0
1010,L82012,Sumatriptan_Tab 50mg,0407041T0AAAFAF,1,0.0
1009,Y01922,Sumatriptan_Tab 50mg,0407041T0AAAFAF,2,0.0
1008,L82037,Sumatriptan_Tab 50mg,0407041T0AAAFAF,7,0.0
1007,L82068,Sumatriptan_Tab 50mg,0407041T0AAAFAF,11,0.0
1005,L82021,Sumatriptan_Tab 50mg,0407041T0AAAFAF,2,0.0
1034,L82009,Sumatriptan_Tab 50mg,0407041T0AAAFAF,1,0.0
1004,Y04957,Sumatriptan_Tab 50mg,0407041T0AAAFAF,4,0.0
1003,L82024,Sumatriptan_Tab 50mg,0407041T0AAAFAF,1,0.0
1002,L82010,Sumatriptan_Tab 50mg,0407041T0AAAFAF,10,0.0
1001,L82066,Sumatriptan_Tab 50mg,0407041T0AAAFAF,2,0.0
1032,L82030,Sumatriptan_Tab 50mg,0407041T0AAAFAF,12,0.0
999,L82047,Sumatriptan_Tab 50mg,0407041T0AAAFAF,1,0.0
1013,L82061,Sumatriptan_Tab 50mg,0407041T0AAAFAF,1,0.0
1014,L82007,Sumatriptan_Tab 50mg,0407041T0AAAFAF,9,0.0
1015,L82036,Sumatriptan_Tab 50mg,0407041T0AAAFAF,8,0.0
1016,Y01127,Sumatriptan_Tab 50mg,0407041T0AAAFAF,2,0.0
1017,L82026,Sumatriptan_Tab 50mg,0407041T0AAAFAF,4,0.0
1018,L82036,Sumatriptan_Tab 50mg,0407041T0AAAFAF,5,0.0
1019,L82070,Sumatriptan_Tab 50mg,0407041T0AAAFAF,1,0.0
1020,L82028,Sumatriptan_Tab 50mg,0407041T0AAAFAF,2,0.0
1021,L82070,Sumatriptan_Tab 50mg,0407041T0AAAFAF,7,0.0
1022,L82054,Sumatriptan_Tab 50mg,0407041T0AAAFAF,3,0.0
1023,L82003,Sumatriptan_Tab 50mg,0407041T0AAAFAF,11,0.0
1024,L82036,Sumatriptan_Tab 50mg,0407041T0AAAFAF,2,0.0
1025,L82028,Sumatriptan_Tab 50mg,0407041T0AAAFAF,16,0.0
1026,L82066,Sumatriptan_Tab 50mg,0407041T0AAAFAF,4,0.0
1027,Y00969,Sumatriptan_Tab 50mg,0407041T0AAAFAF,14,0.0
1028,L82038,Sumatriptan_Tab 50mg,0407041T0AAAFAF,1,0.0
1029,L82620,Sumatriptan_Tab 50mg,0407041T0AAAFAF,4,0.0
1033,L82039,Sumatriptan_Tab 50mg,0407041T0AAAFAF,2,0.0
973,L82023,Sumatriptan_Tab 50mg,0407041T0AAAFAF,18,0.0
1035,L82048,Sumatriptan_Tab 50mg,0407041T0AAAFAF,4,0.0
1051,L82007,Sumatriptan_Tab 50mg,0407041T0AAAFAF,1,0.0
1049,L82059,Sumatriptan_Tab 50mg,0407041T0AAAFAF,1,0.0
1000,Y01051,Sumatriptan_Tab 50mg,0407041T0AAAFAF,1,0.0
1036,L82618,Sumatriptan_Tab 50mg,0407041T0AAAFAF,4,0.0
1048,L82009,Sumatriptan_Tab 50mg,0407041T0AAAFAF,2,0.0
1046,L82010,Sumatriptan_Tab 50mg,0407041T0AAAFAF,1,0.0
1045,L82044,Sumatriptan_Tab 50mg,0407041T0AAAFAF,7,0.0
1044,Y04957,Sumatriptan_Tab 50mg,0407041T0AAAFAF,26,0.0
1037,Y02517,Sumatriptan_Tab 50mg,0407041T0AAAFAF,1,0.0
1038,L82006,Sumatriptan_Tab 50mg,0407041T0AAAFAF,28,0.0
1039,Y02517,Sumatriptan_Tab 50mg,0407041T0AAAFAF,11,0.0
1043,L82056,Sumatriptan_Tab 50mg,0407041T0AAAFAF,7,0.0
974,L82037,Sumatriptan_Tab 50mg,0407041T0AAAFAF,1,0.0
1042,L82622,Sumatriptan_Tab 50mg,0407041T0AAAFAF,1,0.0
1041,L82010,Sumatriptan_Tab 50mg,0407041T0AAAFAF,1,0.0
1040,L82011,Sumatriptan_Tab 50mg,0407041T0AAAFAF,10,0.0
1050,L82017,Sumatriptan_Tab 50mg,0407041T0AAAFAF,2,0.0
1047,L82029,Sumatriptan_Tab 50mg,0407041T0AAAFAF,21,0.0
1052,L82018,Sumatriptan_Tab 50mg,0407041T0AAAFAF,14,0.0
1053,L82066,Sumatriptan_Tab 50mg,0407041T0AAAFAF,11,0.0
1058,L82021,Sumatriptan_Tab 50mg,0407041T0AAAFAF,2,0.0
1054,L82035,Sumatriptan_Tab 50mg,0407041T0AAAFAF,6,0.0
1055,Y01051,Sumatriptan_Tab 50mg,0407041T0AAAFAF,11,0.0
1057,L82068,Sumatriptan_Tab 50mg,0407041T0AAAFAF,4,0.0
1056,L82015,Sumatriptan_Tab 50mg,0407041T0AAAFAF,1,0.0
804,L82046,Omeprazole_Tab E/C 20mg,0103050P0AABDBD,1,-0.0006000000000001005
882,L82028,Simvastatin_Tab 40mg,0212000Y0AAADAD,1,-0.0011000000000000003
312,L82050,Paracet_Tab 500mg,0407010H0AAAMAM,1,-0.0011999999999999997
313,L82050,Paracet_Tab 500mg,0407010H0AAAMAM,1,-0.0011999999999999997
805,L82066,Omeprazole_Tab E/C 20mg,0103050P0AABDBD,1,-0.001200000000000201
14,Y02517,Atorvastatin_Tab 20mg,0212000B0AAABAB,1,-0.0013999999999999985
15,Y01127,Atorvastatin_Tab 20mg,0212000B0AAABAB,1,-0.0014999999999999389
314,L82050,Paracet_Tab 500mg,0407010H0AAAMAM,1,-0.001999999999999988
315,L82050,Paracet_Tab 500mg,0407010H0AAAMAM,1,-0.001999999999999988
883,L82030,Simvastatin_Tab 40mg,0212000Y0AAADAD,1,-0.0021999999999999867
924,L82003,Montelukast_Tab 10mg,0303020G0AAABAB,2,-0.002399999999999902
316,L82043,Paracet_Tab 500mg,0407010H0AAAMAM,1,-0.0023999999999999994
317,L82043,Paracet_Tab 500mg,0407010H0AAAMAM,1,-0.0023999999999999994
1087,L82048,Sumatriptan_Tab 50mg,0407041T0AAAFAF,1,-0.0027999999999996916
1088,L82029,Sumatriptan_Tab 50mg,0407041T0AAAFAF,1,-0.0027999999999996916
1089,Y02517,Sumatriptan_Tab 50mg,0407041T0AAAFAF,1,-0.0027999999999996916
1090,L82001,Sumatriptan_Tab 50mg,0407041T0AAAFAF,1,-0.0028000000000004688
16,L82038,Atorvastatin_Tab 20mg,0212000B0AAABAB,1,-0.0029999999999998778
887,L82035,Simvastatin_Tab 40mg,0212000Y0AAADAD,1,-0.002999999999999982
884,L82021,Simvastatin_Tab 40mg,0212000Y0AAADAD,1,-0.002999999999999982
885,L82050,Simvastatin_Tab 40mg,0212000Y0AAADAD,1,-0.002999999999999982
886,L82036,Simvastatin_Tab 40mg,0212000Y0AAADAD,1,-0.002999999999999982
1091,L82036,Sumatriptan_Tab 50mg,0407041T0AAAFAF,1,-0.00300000000000078
888,Y00626,Simvastatin_Tab 40mg,0212000Y0AAADAD,1,-0.003300000000000001
318,L82016,Paracet_Tab 500mg,0407010H0AAAMAM,1,-0.003599999999999999
319,L82016,Paracet_Tab 500mg,0407010H0AAAMAM,1,-0.003599999999999999
329,L82010,Paracet_Tab 500mg,0407010H0AAAMAM,1,-0.003999999999999976
328,L82015,Paracet_Tab 500mg,0407010H0AAAMAM,1,-0.003999999999999976
18,L82013,Atorvastatin_Tab 20mg,0212000B0AAABAB,1,-0.003999999999999976
17,L82025,Atorvastatin_Tab 20mg,0212000B0AAABAB,1,-0.003999999999999976
320,L82051,Paracet_Tab 500mg,0407010H0AAAMAM,1,-0.003999999999999976
321,L82015,Paracet_Tab 500mg,0407010H0AAAMAM,1,-0.003999999999999976
322,L82039,Paracet_Tab 500mg,0407010H0AAAMAM,1,-0.003999999999999976
323,L82051,Paracet_Tab 500mg,0407010H0AAAMAM,1,-0.003999999999999976
324,L82039,Paracet_Tab 500mg,0407010H0AAAMAM,1,-0.003999999999999976
325,Y02517,Paracet_Tab 500mg,0407010H0AAAMAM,1,-0.003999999999999976
327,Y02517,Paracet_Tab 500mg,0407010H0AAAMAM,1,-0.003999999999999976
326,L82010,Paracet_Tab 500mg,0407010H0AAAMAM,1,-0.003999999999999976
330,L82066,Paracet_Tab 500mg,0407010H0AAAMAM,1,-0.004799999999999971
331,L82066,Paracet_Tab 500mg,0407010H0AAAMAM,1,-0.004799999999999971
332,L82004,Paracet_Tab 500mg,0407010H0AAAMAM,1,-0.004799999999999999
333,L82004,Paracet_Tab 500mg,0407010H0AAAMAM,1,-0.004799999999999999
334,L82013,Paracet_Tab 500mg,0407010H0AAAMAM,1,-0.005599999999999966
335,L82018,Paracet_Tab 500mg,0407010H0AAAMAM,1,-0.005599999999999966
336,L82013,Paracet_Tab 500mg,0407010H0AAAMAM,1,-0.005599999999999966
337,L82039,Paracet_Tab 500mg,0407010H0AAAMAM,1,-0.005599999999999966
338,L82039,Paracet_Tab 500mg,0407010H0AAAMAM,1,-0.005599999999999966
339,L82620,Paracet_Tab 500mg,0407010H0AAAMAM,1,-0.005599999999999966
340,L82620,Paracet_Tab 500mg,0407010H0AAAMAM,1,-0.005599999999999966
341,L82018,Paracet_Tab 500mg,0407010H0AAAMAM,1,-0.005599999999999966
19,L82056,Atorvastatin_Tab 20mg,0212000B0AAABAB,2,-0.005599999999999994
342,Y01127,Paracet_Tab 500mg,0407010H0AAAMAM,1,-0.005799999999999965
343,Y01127,Paracet_Tab 500mg,0407010H0AAAMAM,1,-0.005799999999999965
21,L82042,Atorvastatin_Tab 20mg,0212000B0AAABAB,2,-0.0059999999999997555
20,L82013,Atorvastatin_Tab 20mg,0212000B0AAABAB,2,-0.0059999999999997555
890,L82026,Simvastatin_Tab 40mg,0212000Y0AAADAD,1,-0.005999999999999964
889,L82052,Simvastatin_Tab 40mg,0212000Y0AAADAD,1,-0.005999999999999964
918,L82041,Betahistine HCl_Tab 16mg,0406000B0AAABAB,1,-0.006000000000000172
891,L82042,Simvastatin_Tab 40mg,0212000Y0AAADAD,1,-0.006399999999999961
22,L82016,Atorvastatin_Tab 20mg,0212000B0AAABAB,3,-0.008999999999999633
344,Y01050,Paracet_Tab 500mg,0407010H0AAAMAM,2,-0.011199999999999932
345,L82058,Paracet_Tab 500mg,0407010H0AAAMAM,2,-0.011199999999999932
346,Y01050,Paracet_Tab 500mg,0407010H0AAAMAM,2,-0.011199999999999932
347,L82058,Paracet_Tab 500mg,0407010H0AAAMAM,2,-0.011199999999999932
1092,L82029,Sumatriptan_Tab 50mg,0407041T0AAAFAF,4,-0.013200000000000323
348,L82050,Paracet_Tab 500mg,0407010H0AAAMAM,4,-0.015999999999999903
349,L82050,Paracet_Tab 500mg,0407010H0AAAMAM,4,-0.015999999999999903
351,L82622,Paracet_Tab 500mg,0407010H0AAAMAM,3,-0.0167999999999999
350,L82622,Paracet_Tab 500mg,0407010H0AAAMAM,3,-0.0167999999999999
23,L82001,Atorvastatin_Tab 20mg,0212000B0AAABAB,4,-0.01679999999999998
919,L82022,Betahistine HCl_Tab 16mg,0406000B0AAABAB,1,-0.018000000000000516
352,L82024,Paracet_Tab 500mg,0407010H0AAAMAM,4,-0.022399999999999864
353,L82037,Paracet_Tab 500mg,0407010H0AAAMAM,4,-0.022399999999999864
361,L82024,Paracet_Tab 500mg,0407010H0AAAMAM,4,-0.022399999999999864
354,L82049,Paracet_Tab 500mg,0407010H0AAAMAM,4,-0.022399999999999864
355,Y01127,Paracet_Tab 500mg,0407010H0AAAMAM,4,-0.022399999999999864
356,Y01127,Paracet_Tab 500mg,0407010H0AAAMAM,4,-0.022399999999999864
357,L82049,Paracet_Tab 500mg,0407010H0AAAMAM,4,-0.022399999999999864
360,L82037,Paracet_Tab 500mg,0407010H0AAAMAM,4,-0.022399999999999864
358,Y00049,Paracet_Tab 500mg,0407010H0AAAMAM,4,-0.022399999999999864
359,Y00049,Paracet_Tab 500mg,0407010H0AAAMAM,4,-0.022399999999999864
362,L82025,Paracet_Tab 500mg,0407010H0AAAMAM,5,-0.02799999999999983
368,L82046,Paracet_Tab 500mg,0407010H0AAAMAM,5,-0.02799999999999983
363,L82010,Paracet_Tab 500mg,0407010H0AAAMAM,5,-0.02799999999999983
370,L82008,Paracet_Tab 500mg,0407010H0AAAMAM,5,-0.02799999999999983
369,L82066,Paracet_Tab 500mg,0407010H0AAAMAM,5,-0.02799999999999983
371,L82010,Paracet_Tab 500mg,0407010H0AAAMAM,5,-0.02799999999999983
367,L82046,Paracet_Tab 500mg,0407010H0AAAMAM,5,-0.02799999999999983
365,L82008,Paracet_Tab 500mg,0407010H0AAAMAM,5,-0.02799999999999983
364,L82066,Paracet_Tab 500mg,0407010H0AAAMAM,5,-0.02799999999999983
366,L82025,Paracet_Tab 500mg,0407010H0AAAMAM,5,-0.02799999999999983
372,L82059,Paracet_Tab 500mg,0407010H0AAAMAM,6,-0.0335999999999998
373,L82059,Paracet_Tab 500mg,0407010H0AAAMAM,6,-0.0335999999999998
374,L82022,Paracet_Tab 500mg,0407010H0AAAMAM,6,-0.0335999999999998
375,L82022,Paracet_Tab 500mg,0407010H0AAAMAM,6,-0.0335999999999998
377,L82001,Paracet_Tab 500mg,0407010H0AAAMAM,7,-0.03919999999999976
378,Y02517,Paracet_Tab 500mg,0407010H0AAAMAM,7,-0.03919999999999976
379,L82001,Paracet_Tab 500mg,0407010H0AAAMAM,7,-0.03919999999999976
376,Y02517,Paracet_Tab 500mg,0407010H0AAAMAM,7,-0.03919999999999976
381,L82021,Paracet_Tab 500mg,0407010H0AAAMAM,9,-0.050399999999999695
380,L82021,Paracet_Tab 500mg,0407010H0AAAMAM,9,-0.050399999999999695
382,L82061,Paracet_Tab 500mg,0407010H0AAAMAM,9,-0.050399999999999695
383,L82061,Paracet_Tab 500mg,0407010H0AAAMAM,9,-0.050399999999999695
384,L82617,Paracet_Tab 500mg,0407010H0AAAMAM,10,-0.05599999999999966
385,L82617,Paracet_Tab 500mg,0407010H0AAAMAM,10,-0.05599999999999966
386,L82051,Paracet_Tab 500mg,0407010H0AAAMAM,10,-0.05599999999999966
387,L82051,Paracet_Tab 500mg,0407010H0AAAMAM,10,-0.05599999999999966
389,L82017,Paracet_Tab 500mg,0407010H0AAAMAM,11,-0.06159999999999963
388,L82017,Paracet_Tab 500mg,0407010H0AAAMAM,11,-0.06159999999999963
390,L82043,Paracet_Tab 500mg,0407010H0AAAMAM,12,-0.0671999999999996
392,L82009,Paracet_Tab 500mg,0407010H0AAAMAM,12,-0.0671999999999996
393,L82009,Paracet_Tab 500mg,0407010H0AAAMAM,12,-0.0671999999999996
394,L82043,Paracet_Tab 500mg,0407010H0AAAMAM,12,-0.0671999999999996
395,L82030,Paracet_Tab 500mg,0407010H0AAAMAM,12,-0.0671999999999996
391,L82030,Paracet_Tab 500mg,0407010H0AAAMAM,12,-0.0671999999999996
396,L82015,Paracet_Tab 500mg,0407010H0AAAMAM,13,-0.07279999999999956
397,L82026,Paracet_Tab 500mg,0407010H0AAAMAM,13,-0.07279999999999956
398,L82015,Paracet_Tab 500mg,0407010H0AAAMAM,13,-0.07279999999999956
399,L82026,Paracet_Tab 500mg,0407010H0AAAMAM,13,-0.07279999999999956
400,L82041,Paracet_Tab 500mg,0407010H0AAAMAM,14,-0.07839999999999953
401,L82004,Paracet_Tab 500mg,0407010H0AAAMAM,14,-0.07839999999999953
402,L82004,Paracet_Tab 500mg,0407010H0AAAMAM,14,-0.07839999999999953
403,L82054,Paracet_Tab 500mg,0407010H0AAAMAM,14,-0.07839999999999953
404,L82054,Paracet_Tab 500mg,0407010H0AAAMAM,14,-0.07839999999999953
405,L82041,Paracet_Tab 500mg,0407010H0AAAMAM,14,-0.07839999999999953
407,L82036,Paracet_Tab 500mg,0407010H0AAAMAM,15,-0.08399999999999949
406,L82036,Paracet_Tab 500mg,0407010H0AAAMAM,15,-0.08399999999999949
408,Y01922,Paracet_Tab 500mg,0407010H0AAAMAM,15,-0.08399999999999949
409,Y01922,Paracet_Tab 500mg,0407010H0AAAMAM,15,-0.08399999999999949
410,L82044,Paracet_Tab 500mg,0407010H0AAAMAM,17,-0.09519999999999942
411,L82023,Paracet_Tab 500mg,0407010H0AAAMAM,17,-0.09519999999999942
412,L82044,Paracet_Tab 500mg,0407010H0AAAMAM,17,-0.09519999999999942
413,L82023,Paracet_Tab 500mg,0407010H0AAAMAM,17,-0.09519999999999942
414,L82006,Paracet_Tab 500mg,0407010H0AAAMAM,19,-0.10639999999999936
415,L82006,Paracet_Tab 500mg,0407010H0AAAMAM,19,-0.10639999999999936
417,L82048,Paracet_Tab 500mg,0407010H0AAAMAM,21,-0.11759999999999929
416,L82048,Paracet_Tab 500mg,0407010H0AAAMAM,21,-0.11759999999999929
418,L82068,Paracet_Tab 500mg,0407010H0AAAMAM,22,-0.12319999999999925
419,L82068,Paracet_Tab 500mg,0407010H0AAAMAM,22,-0.12319999999999925
420,L82046,Paracet_Tab 500mg,0407010H0AAAMAM,29,-0.13919999999999996
421,L82046,Paracet_Tab 500mg,0407010H0AAAMAM,29,-0.13919999999999996
422,L82003,Paracet_Tab 500mg,0407010H0AAAMAM,25,-0.13999999999999915
423,L82070,Paracet_Tab 500mg,0407010H0AAAMAM,25,-0.13999999999999915
424,L82003,Paracet_Tab 500mg,0407010H0AAAMAM,25,-0.13999999999999915
425,L82070,Paracet_Tab 500mg,0407010H0AAAMAM,25,-0.13999999999999915
426,L82057,Paracet_Tab 500mg,0407010H0AAAMAM,26,-0.14559999999999912
427,L82057,Paracet_Tab 500mg,0407010H0AAAMAM,26,-0.14559999999999912
428,L82029,Paracet_Tab 500mg,0407010H0AAAMAM,28,-0.15679999999999905
429,L82029,Paracet_Tab 500mg,0407010H0AAAMAM,28,-0.15679999999999905
430,L82042,Paracet_Tab 500mg,0407010H0AAAMAM,31,-0.17359999999999895
431,L82047,Paracet_Tab 500mg,0407010H0AAAMAM,31,-0.17359999999999895
432,L82042,Paracet_Tab 500mg,0407010H0AAAMAM,31,-0.17359999999999895
433,L82047,Paracet_Tab 500mg,0407010H0AAAMAM,31,-0.17359999999999895
434,L82050,Paracet_Tab 500mg,0407010H0AAAMAM,32,-0.17919999999999892
435,L82050,Paracet_Tab 500mg,0407010H0AAAMAM,32,-0.17919999999999892
437,L82016,Paracet_Tab 500mg,0407010H0AAAMAM,35,-0.19599999999999881
436,L82016,Paracet_Tab 500mg,0407010H0AAAMAM,35,-0.19599999999999881
439,L82038,Paracet_Tab 500mg,0407010H0AAAMAM,39,-0.21839999999999868
438,L82038,Paracet_Tab 500mg,0407010H0AAAMAM,39,-0.21839999999999868
440,Y01051,Paracet_Tab 500mg,0407010H0AAAMAM,41,-0.2295999999999986
441,Y01051,Paracet_Tab 500mg,0407010H0AAAMAM,41,-0.2295999999999986
442,L82012,Paracet_Tab 500mg,0407010H0AAAMAM,57,-0.31919999999999804
443,L82012,Paracet_Tab 500mg,0407010H0AAAMAM,57,-0.31919999999999804
444,Y04957,Paracet_Tab 500mg,0407010H0AAAMAM,58,-0.32479999999999803
445,Y04957,Paracet_Tab 500mg,0407010H0AAAMAM,58,-0.32479999999999803
446,L82056,Paracet_Tab 500mg,0407010H0AAAMAM,8,-0.3359999999999999
447,L82056,Paracet_Tab 500mg,0407010H0AAAMAM,8,-0.3359999999999999
448,L82056,Paracet_Tab 500mg,0407010H0AAAMAM,7,-1.0975999999999988
449,L82056,Paracet_Tab 500mg,0407010H0AAAMAM,7,-1.0975999999999988
450,L82056,Paracet_Tab 500mg,0407010H0AAAMAM,29,-5.219999999999999
451,L82056,Paracet_Tab 500mg,0407010H0AAAMAM,29,-5.219999999999999
905,L82029,Mesalazine_Tab E/C 800mg,0105010B0AAASAS,1,-12.293999999999999
453,L82056,Paracet_Tab 500mg,0407010H0AAAMAM,95,-16.150000000000002
452,L82056,Paracet_Tab 500mg,0407010H0AAAMAM,95,-16.150000000000002
907,L82008,Mesalazine_Tab E/C 800mg,0105010B0AAASAS,1,-18.441
906,L82620,Mesalazine_Tab E/C 800mg,0105010B0AAASAS,1,-18.441
908,L82620,Mesalazine_Tab E/C 800mg,0105010B0AAASAS,1,-36.89999999999999
