,practice_code,bnf_description,bnf_code,items,excess_cost
0,G82013,Amiodarone HCl_Tab 200mg,0203020D0AAABAB,5,1.7500000000000016
1,G82013,Clonazepam_Tab 500mcg,0408010F0AAABAB,42,21.152599999999957
2,G82013,Lamotrigine_Tab 100mg,0408010H0AAAAAA,9,0.027999999999996916
3,G82013,Pyridox HCl_Tab 50mg,0906024N0AAAIAI,1,3.0780000000000007
4,G82013,Tetrabenazine_Tab 25mg,0409030C0AAAAAA,1,1.6109999999999975
5,G82013,Venlafaxine_Cap 150mg M/R,0403040W0AAAEAE,8,0.039200000000000346
6,G82016,Amiodarone HCl_Tab 200mg,0203020D0AAABAB,11,5.600000000000005
7,G82016,Clonazepam_Tab 500mcg,0408010F0AAABAB,28,12.305699999999973
8,G82016,Lamotrigine_Tab 100mg,0408010H0AAAAAA,33,0.05109999999998388
9,G82016,Pyridox HCl_Tab 50mg,0906024N0AAAIAI,2,3.351600000000001
10,G82016,Tetrabenazine_Tab 25mg,0409030C0AAAAAA,2,2.998799999999996
11,G82016,Venlafaxine_Cap 150mg M/R,0403040W0AAAEAE,19,0.09310000000000082
12,G82017,Amiodarone HCl_Tab 200mg,0203020D0AAABAB,13,3.2235000000000023
13,G82017,Clonazepam_Tab 500mcg,0408010F0AAABAB,17,7.164199999999984
14,G82017,Lamotrigine_Tab 100mg,0408010H0AAAAAA,22,0.041999999999995374
15,G82017,Pyridox HCl_Tab 50mg,0906024N0AAAIAI,2,1.9152000000000005
16,G82019,Amiodarone HCl_Tab 200mg,0203020D0AAABAB,9,3.234000000000003
17,G82019,Clonazepam_Tab 500mcg,0408010F0AAABAB,26,18.01219999999996
18,G82019,Co-Codamol_Tab 8mg/500mg,0407010F0AAAAAA,2,0.00999999999999994
19,G82019,Lamotrigine_Tab 100mg,0408010H0AAAAAA,13,0.011199999999998766
20,G82019,Pyridox HCl_Tab 50mg,0906024N0AAAIAI,2,2.3940000000000006
21,G82022,Amiodarone HCl_Tab 200mg,0203020D0AAABAB,12,2.3429000000000015
22,G82022,Clonazepam_Tab 500mcg,0408010F0AAABAB,36,12.170099999999977
23,G82022,Lamotrigine_Tab 100mg,0408010H0AAAAAA,13,0.013799999999996815
24,G82022,Phenytoin_Sod Tab 100mg,0408010Q0AAAGAG,4,0.025199999999997225
25,G82022,Pyridox HCl_Tab 50mg,0906024N0AAAIAI,7,2.8728000000000007
26,G82022,Venlafaxine_Cap 150mg M/R,0403040W0AAAEAE,3,0.01470000000000013
27,G82024,Amiodarone HCl_Tab 200mg,0203020D0AAABAB,12,4.900000000000004
28,G82024,Clonazepam_Tab 500mcg,0408010F0AAABAB,8,6.531399999999986
29,G82024,Lamotrigine_Tab 100mg,0408010H0AAAAAA,14,0.04179999999999373
30,G82024,Olanzapine_Tab 10mg,040201060AAACAC,2,72.352
31,G82024,Pyridox HCl_Tab 50mg,0906024N0AAAIAI,5,5.266800000000001
32,G82025,Amiodarone HCl_Tab 200mg,0203020D0AAABAB,16,2.7664000000000013
33,G82025,Clonazepam_Tab 500mcg,0408010F0AAABAB,29,16.882199999999965
34,G82025,Co-Codamol_Tab 8mg/500mg,0407010F0AAAAAA,16,55.79920000000002
35,G82025,Lamotrigine_Tab 100mg,0408010H0AAAAAA,29,-0.0007000000000065287
36,G82025,Pyridox HCl_Tab 50mg,0906024N0AAAIAI,1,0.4788000000000001
37,G82025,Venlafaxine_Cap 150mg M/R,0403040W0AAAEAE,8,0.039200000000000346
38,G82031,Amiodarone HCl_Tab 200mg,0203020D0AAABAB,16,5.238800000000004
39,G82031,Clonazepam_Tab 500mcg,0408010F0AAABAB,23,9.70679999999998
40,G82031,Co-Codamol_Tab 8mg/500mg,0407010F0AAAAAA,4,0.5536000000000003
41,G82031,Lamotrigine_Tab 100mg,0408010H0AAAAAA,18,0.03319999999999301
42,G82031,Phenytoin_Sod Tab 100mg,0408010Q0AAAGAG,1,36.00000000000001
43,G82031,Tetrabenazine_Tab 25mg,0409030C0AAAAAA,4,0.8880999999999989
44,G82031,Venlafaxine_Cap 150mg M/R,0403040W0AAAEAE,8,0.039200000000000346
45,G82037,Amiodarone HCl_Tab 200mg,0203020D0AAABAB,20,4.960900000000004
46,G82037,Clonazepam_Tab 500mcg,0408010F0AAABAB,40,11.305099999999978
47,G82037,Co-Codamol_Tab 8mg/500mg,0407010F0AAAAAA,2,-0.0071999999999999564
48,G82037,Lamotrigine_Tab 100mg,0408010H0AAAAAA,34,-0.015200000000014535
49,G82037,Venlafaxine_Cap 150mg M/R,0403040W0AAAEAE,4,0.019600000000000173
50,G82041,Amiodarone HCl_Tab 200mg,0203020D0AAABAB,7,3.150000000000003
51,G82041,Clonazepam_Tab 500mcg,0408010F0AAABAB,21,13.096699999999974
52,G82041,Co-Codamol_Tab 8mg/500mg,0407010F0AAAAAA,12,-0.012399999999999925
53,G82041,Lamotrigine_Tab 100mg,0408010H0AAAAAA,14,0.01959999999999784
54,G82041,Olanzapine_Tab 10mg,040201060AAACAC,3,-0.002400000000001068
55,G82041,Pyridox HCl_Tab 50mg,0906024N0AAAIAI,3,3.351600000000001
56,G82041,Venlafaxine_Cap 150mg M/R,0403040W0AAAEAE,18,65.8812
57,G82042,Amiodarone HCl_Tab 200mg,0203020D0AAABAB,22,4.516400000000003
58,G82042,Clonazepam_Tab 500mcg,0408010F0AAABAB,36,14.543099999999969
59,G82042,Co-Codamol_Tab 8mg/500mg,0407010F0AAAAAA,24,1.164800000000004
60,G82042,Lamotrigine_Tab 100mg,0408010H0AAAAAA,42,0.06089999999999135
61,G82042,Pyridox HCl_Tab 50mg,0906024N0AAAIAI,2,1.9152000000000005
62,G82042,Tetrabenazine_Tab 25mg,0409030C0AAAAAA,1,0.9995999999999987
63,G82042,Venlafaxine_Cap 150mg M/R,0403040W0AAAEAE,4,0.019600000000000173
64,G82055,Amiodarone HCl_Tab 200mg,0203020D0AAABAB,1,0.3500000000000003
65,G82055,Clonazepam_Tab 500mcg,0408010F0AAABAB,15,4.474799999999991
66,G82055,Co-Codamol_Tab 8mg/500mg,0407010F0AAAAAA,12,0.06479999999999961
67,G82055,Lamotrigine_Tab 100mg,0408010H0AAAAAA,1,0.0
68,G82055,Pyridox HCl_Tab 50mg,0906024N0AAAIAI,2,1.9152000000000005
69,G82058,Amiodarone HCl_Tab 200mg,0203020D0AAABAB,12,3.1388000000000025
70,G82058,Clonazepam_Tab 500mcg,0408010F0AAABAB,7,4.94939999999999
71,G82058,Co-Codamol_Tab 8mg/500mg,0407010F0AAAAAA,2,0.00999999999999994
72,G82058,Lamotrigine_Tab 100mg,0408010H0AAAAAA,22,0.05599999999999383
73,G82058,Phenytoin_Sod Tab 100mg,0408010Q0AAAGAG,2,0.012599999999998612
74,G82058,Venlafaxine_Cap 150mg M/R,0403040W0AAAEAE,12,0.05880000000000052
75,G82059,Amiodarone HCl_Tab 200mg,0203020D0AAABAB,27,6.881700000000006
76,G82059,Clonazepam_Tab 500mcg,0408010F0AAABAB,43,18.04049999999996
77,G82059,Co-Codamol_Tab 8mg/500mg,0407010F0AAAAAA,10,0.03639999999999978
78,G82059,Lamotrigine_Tab 100mg,0408010H0AAAAAA,27,-0.005600000000002492
79,G82059,Pyridox HCl_Tab 50mg,0906024N0AAAIAI,1,0.4788000000000001
80,G82059,Tetrabenazine_Tab 25mg,0409030C0AAAAAA,1,1.9991999999999974
81,G82059,Venlafaxine_Cap 150mg M/R,0403040W0AAAEAE,3,0.01470000000000013
82,G82065,Amiodarone HCl_Tab 200mg,0203020D0AAABAB,4,1.4000000000000012
83,G82065,Clonazepam_Tab 500mcg,0408010F0AAABAB,2,2.892799999999994
84,G82065,Lamotrigine_Tab 100mg,0408010H0AAAAAA,6,0.008399999999999075
85,G82074,Amiodarone HCl_Tab 200mg,0203020D0AAABAB,9,2.0888000000000018
86,G82074,Clonazepam_Tab 500mcg,0408010F0AAABAB,45,11.119599999999979
87,G82074,Lamotrigine_Tab 100mg,0408010H0AAAAAA,31,0.060899999999989796
88,G82074,Pyridox HCl_Tab 50mg,0906024N0AAAIAI,6,7.660800000000002
89,G82076,Amiodarone HCl_Tab 200mg,0203020D0AAABAB,16,5.600000000000005
90,G82076,Clonazepam_Tab 500mcg,0408010F0AAABAB,12,9.265999999999982
91,G82076,Co-Codamol_Tab 8mg/500mg,0407010F0AAAAAA,66,1.6992000000000087
92,G82076,Lamotrigine_Tab 100mg,0408010H0AAAAAA,19,0.027999999999996916
93,G82076,Phenytoin_Sod Tab 100mg,0408010Q0AAAGAG,2,59.707199999999986
94,G82083,Amiodarone HCl_Tab 200mg,0203020D0AAABAB,16,6.650000000000006
95,G82083,Clonazepam_Tab 500mcg,0408010F0AAABAB,28,7.822199999999987
96,G82083,Co-Codamol_Tab 8mg/500mg,0407010F0AAAAAA,4,0.009599999999999942
97,G82083,Lamotrigine_Tab 100mg,0408010H0AAAAAA,37,0.01679999999998727
98,G82083,Pyridox HCl_Tab 50mg,0906024N0AAAIAI,3,3.1464000000000008
99,G82085,Amiodarone HCl_Tab 200mg,0203020D0AAABAB,7,2.450000000000002
100,G82085,Clonazepam_Tab 500mcg,0408010F0AAABAB,61,25.345899999999947
101,G82085,Co-Codamol_Tab 8mg/500mg,0407010F0AAAAAA,10,0.0335999999999998
102,G82085,Lamotrigine_Tab 100mg,0408010H0AAAAAA,10,0.018199999999995664
103,G82085,Pyridox HCl_Tab 50mg,0906024N0AAAIAI,1,1.9152000000000005
104,G82085,Tetrabenazine_Tab 25mg,0409030C0AAAAAA,4,13.413599999999983
105,G82085,Venlafaxine_Cap 150mg M/R,0403040W0AAAEAE,8,0.039200000000000346
106,G82089,Amiodarone HCl_Tab 200mg,0203020D0AAABAB,10,4.188800000000004
107,G82089,Clonazepam_Tab 500mcg,0408010F0AAABAB,6,5.6047999999999885
108,G82089,Lamotrigine_Tab 100mg,0408010H0AAAAAA,20,0.01099999999999246
109,G82092,Amiodarone HCl_Tab 200mg,0203020D0AAABAB,3,1.050000000000001
110,G82092,Clonazepam_Tab 500mcg,0408010F0AAABAB,14,8.452399999999983
111,G82092,Co-Codamol_Tab 8mg/500mg,0407010F0AAAAAA,2,0.00999999999999994
112,G82092,Lamotrigine_Tab 100mg,0408010H0AAAAAA,8,0.011199999999998766
113,G82093,Amiodarone HCl_Tab 200mg,0203020D0AAABAB,18,5.238800000000004
114,G82093,Clonazepam_Tab 500mcg,0408010F0AAABAB,21,11.729399999999975
115,G82093,Co-Codamol_Tab 8mg/500mg,0407010F0AAAAAA,12,0.05999999999999964
116,G82093,Lamotrigine_Tab 100mg,0408010H0AAAAAA,19,0.011199999999994104
117,G82093,Pyridox HCl_Tab 50mg,0906024N0AAAIAI,1,1.9152000000000005
118,G82093,Ropinirole HCl_Tab 500mcg,0409010H0AAAHAH,2,33.756800000000005
119,G82098,Amiodarone HCl_Tab 200mg,0203020D0AAABAB,5,1.0388000000000006
120,G82098,Clonazepam_Tab 500mcg,0408010F0AAABAB,4,3.299599999999993
121,G82098,Lamotrigine_Tab 100mg,0408010H0AAAAAA,10,0.022399999999997533
122,G82098,Pyridox HCl_Tab 50mg,0906024N0AAAIAI,1,1.9152000000000005
123,G82098,Tetrabenazine_Tab 25mg,0409030C0AAAAAA,1,1.9991999999999974
124,G82099,Amiodarone HCl_Tab 200mg,0203020D0AAABAB,16,5.622000000000005
125,G82099,Clonazepam_Tab 500mcg,0408010F0AAABAB,30,10.802799999999978
126,G82099,Co-Codamol_Tab 8mg/500mg,0407010F0AAAAAA,10,0.026799999999999838
127,G82099,Lamotrigine_Tab 100mg,0408010H0AAAAAA,35,0.01689999999999664
128,G82099,Pyridox HCl_Tab 50mg,0906024N0AAAIAI,2,2.8728000000000007
129,G82099,Venlafaxine_Cap 150mg M/R,0403040W0AAAEAE,5,0.02170000000000019
130,G82103,Clonazepam_Tab 500mcg,0408010F0AAABAB,3,1.3333999999999973
131,G82103,Co-Codamol_Tab 8mg/500mg,0407010F0AAAAAA,2,0.011199999999999932
132,G82103,Lamotrigine_Tab 100mg,0408010H0AAAAAA,3,0.011199999999998766
133,G82104,Amiodarone HCl_Tab 200mg,0203020D0AAABAB,1,0.3500000000000003
134,G82110,Amiodarone HCl_Tab 200mg,0203020D0AAABAB,5,0.6888000000000003
135,G82110,Clonazepam_Tab 500mcg,0408010F0AAABAB,9,3.8645999999999923
136,G82110,Co-Codamol_Tab 8mg/500mg,0407010F0AAAAAA,6,0.02999999999999982
137,G82110,Lamotrigine_Tab 100mg,0408010H0AAAAAA,20,0.03989999999999444
138,G82110,Venlafaxine_Cap 150mg M/R,0403040W0AAAEAE,12,0.05880000000000052
139,G82112,Amiodarone HCl_Tab 200mg,0203020D0AAABAB,16,3.4776000000000025
140,G82112,Clonazepam_Tab 500mcg,0408010F0AAABAB,11,2.9635999999999942
141,G82112,Co-Codamol_Tab 8mg/500mg,0407010F0AAAAAA,10,0.013999999999999915
142,G82112,Lamotrigine_Tab 100mg,0408010H0AAAAAA,9,0.011199999999998766
143,G82112,Venlafaxine_Cap 150mg M/R,0403040W0AAAEAE,4,0.019600000000000173
144,G82118,Amiodarone HCl_Tab 200mg,0203020D0AAABAB,10,4.634000000000005
145,G82118,Clonazepam_Tab 500mcg,0408010F0AAABAB,22,13.96049999999997
146,G82118,Co-Codamol_Tab 8mg/500mg,0407010F0AAAAAA,8,0.03999999999999976
147,G82118,Lamotrigine_Tab 100mg,0408010H0AAAAAA,19,0.027999999999996916
148,G82118,Tetrabenazine_Tab 25mg,0409030C0AAAAAA,2,5.997599999999992
149,G82120,Amiodarone HCl_Tab 200mg,0203020D0AAABAB,9,3.150000000000003
150,G82120,Clonazepam_Tab 500mcg,0408010F0AAABAB,17,11.178699999999976
151,G82120,Lamotrigine_Tab 100mg,0408010H0AAAAAA,11,0.011199999999998766
152,G82120,Pyridox HCl_Tab 50mg,0906024N0AAAIAI,3,3.1464000000000008
153,G82125,Amiodarone HCl_Tab 200mg,0203020D0AAABAB,2,0.7000000000000006
154,G82125,Clonazepam_Tab 500mcg,0408010F0AAABAB,16,6.299099999999987
155,G82125,Lamotrigine_Tab 100mg,0408010H0AAAAAA,11,0.022399999999997533
156,G82125,Pyridox HCl_Tab 50mg,0906024N0AAAIAI,1,1.9152000000000005
157,G82135,Amiodarone HCl_Tab 200mg,0203020D0AAABAB,3,1.7500000000000016
158,G82135,Clonazepam_Tab 500mcg,0408010F0AAABAB,22,13.232299999999972
159,G82135,Co-Codamol_Tab 8mg/500mg,0407010F0AAAAAA,12,0.07199999999999956
160,G82135,Lamotrigine_Tab 100mg,0408010H0AAAAAA,37,0.001799999999991475
161,G82135,Pyridox HCl_Tab 50mg,0906024N0AAAIAI,1,1.9152000000000005
162,G82135,Venlafaxine_Cap 150mg M/R,0403040W0AAAEAE,9,0.04410000000000039
163,G82137,Amiodarone HCl_Tab 200mg,0203020D0AAABAB,2,1.050000000000001
164,G82137,Clonazepam_Tab 500mcg,0408010F0AAABAB,31,9.51949999999998
165,G82137,Co-Codamol_Tab 8mg/500mg,0407010F0AAAAAA,8,-0.0335999999999998
166,G82137,Lamotrigine_Tab 100mg,0408010H0AAAAAA,10,0.00419999999999876
167,G82137,Pyridox HCl_Tab 50mg,0906024N0AAAIAI,3,3.454200000000001
168,G82137,Tetrabenazine_Tab 25mg,0409030C0AAAAAA,1,2.998799999999996
169,G82137,Venlafaxine_Cap 150mg M/R,0403040W0AAAEAE,12,0.05090000000000053
170,G82141,Amiodarone HCl_Tab 200mg,0203020D0AAABAB,6,1.0388000000000006
171,G82141,Clonazepam_Tab 500mcg,0408010F0AAABAB,19,8.445599999999983
172,G82141,Co-Codamol_Tab 8mg/500mg,0407010F0AAAAAA,6,0.0335999999999998
173,G82141,Lamotrigine_Tab 100mg,0408010H0AAAAAA,16,0.0335999999999963
174,G82141,Pyridox HCl_Tab 50mg,0906024N0AAAIAI,3,6.703200000000002
175,G82152,Amiodarone HCl_Tab 200mg,0203020D0AAABAB,6,2.450000000000002
176,G82152,Clonazepam_Tab 500mcg,0408010F0AAABAB,21,12.090999999999974
177,G82152,Co-Codamol_Tab 8mg/500mg,0407010F0AAAAAA,2,0.00999999999999994
178,G82152,Lamotrigine_Tab 100mg,0408010H0AAAAAA,6,0.013999999999998458
179,G82155,Amiodarone HCl_Tab 200mg,0203020D0AAABAB,9,1.0276000000000003
180,G82155,Clonazepam_Tab 500mcg,0408010F0AAABAB,17,8.700999999999983
181,G82155,Lamotrigine_Tab 100mg,0408010H0AAAAAA,12,0.01959999999999784
182,G82155,Pyridox HCl_Tab 50mg,0906024N0AAAIAI,2,1.4364000000000003
183,G82155,Tetrabenazine_Tab 25mg,0409030C0AAAAAA,2,9.995999999999988
184,G82158,Amiodarone HCl_Tab 200mg,0203020D0AAABAB,6,2.1840000000000024
185,G82158,Clonazepam_Tab 500mcg,0408010F0AAABAB,11,2.960599999999994
186,G82158,Lamotrigine_Tab 100mg,0408010H0AAAAAA,3,0.0
187,G82158,Pyridox HCl_Tab 50mg,0906024N0AAAIAI,2,1.9152000000000005
188,G82164,Amiodarone HCl_Tab 200mg,0203020D0AAABAB,7,2.450000000000002
189,G82164,Clonazepam_Tab 500mcg,0408010F0AAABAB,26,13.288799999999974
190,G82164,Co-Codamol_Tab 8mg/500mg,0407010F0AAAAAA,2,0.00999999999999994
191,G82164,Lamotrigine_Tab 100mg,0408010H0AAAAAA,11,0.01079999999999548
192,G82164,Phenytoin_Sod Tab 100mg,0408010Q0AAAGAG,4,0.025199999999997225
193,G82164,Pyridox HCl_Tab 50mg,0906024N0AAAIAI,2,1.4364000000000003
194,G82164,Tetrabenazine_Tab 25mg,0409030C0AAAAAA,5,3.998399999999995
195,G82164,Venlafaxine_Cap 150mg M/R,0403040W0AAAEAE,14,0.0686000000000006
196,G82170,Amiodarone HCl_Tab 200mg,0203020D0AAABAB,4,1.7500000000000016
197,G82170,Clonazepam_Tab 500mcg,0408010F0AAABAB,1,0.31639999999999935
198,G82170,Lamotrigine_Tab 100mg,0408010H0AAAAAA,2,0.0
199,G82200,Amiodarone HCl_Tab 200mg,0203020D0AAABAB,15,3.127600000000002
200,G82200,Clonazepam_Tab 500mcg,0408010F0AAABAB,12,7.205399999999985
201,G82200,Co-Codamol_Tab 8mg/500mg,0407010F0AAAAAA,2,0.00999999999999994
202,G82200,Lamotrigine_Tab 100mg,0408010H0AAAAAA,7,0.011199999999998766
203,G82205,Amiodarone HCl_Tab 200mg,0203020D0AAABAB,1,0.3500000000000003
204,G82205,Clonazepam_Tab 500mcg,0408010F0AAABAB,17,5.695199999999989
205,G82205,Co-Codamol_Tab 8mg/500mg,0407010F0AAAAAA,30,0.0499999999999997
206,G82205,Lamotrigine_Tab 100mg,0408010H0AAAAAA,13,0.01959999999999318
207,G82205,Pyridox HCl_Tab 50mg,0906024N0AAAIAI,2,1.4706000000000004
208,G82205,Venlafaxine_Cap 150mg M/R,0403040W0AAAEAE,4,0.019600000000000173
209,G82215,Amiodarone HCl_Tab 200mg,0203020D0AAABAB,2,0.7000000000000006
210,G82215,Clonazepam_Tab 500mcg,0408010F0AAABAB,15,5.333599999999989
211,G82215,Lamotrigine_Tab 100mg,0408010H0AAAAAA,4,31.992799999999995
212,G82224,Clonazepam_Tab 500mcg,0408010F0AAABAB,8,2.5537999999999945
213,G82224,Lamotrigine_Tab 100mg,0408010H0AAAAAA,9,0.00839999999999752
214,G82229,Amiodarone HCl_Tab 200mg,0203020D0AAABAB,14,2.7996000000000025
215,G82229,Clonazepam_Tab 500mcg,0408010F0AAABAB,8,4.632999999999991
216,G82229,Co-Codamol_Tab 8mg/500mg,0407010F0AAAAAA,14,0.06999999999999958
217,G82229,Lamotrigine_Tab 100mg,0408010H0AAAAAA,12,0.00839999999999752
218,G82229,Tetrabenazine_Tab 25mg,0409030C0AAAAAA,1,1.9991999999999974
219,G82234,Amiodarone HCl_Tab 200mg,0203020D0AAABAB,6,0.5082
220,G82234,Clonazepam_Tab 500mcg,0408010F0AAABAB,8,3.1639999999999935
221,G82234,Co-Codamol_Tab 8mg/500mg,0407010F0AAAAAA,8,0.03840000000000021
222,G82234,Lamotrigine_Tab 100mg,0408010H0AAAAAA,19,0.005599999999993166
223,G82234,Pyridox HCl_Tab 50mg,0906024N0AAAIAI,1,0.9576000000000002
224,G82235,Amiodarone HCl_Tab 200mg,0203020D0AAABAB,2,0.7000000000000006
225,G82235,Clonazepam_Tab 500mcg,0408010F0AAABAB,5,4.8363999999999905
226,G82235,Lamotrigine_Tab 100mg,0408010H0AAAAAA,1,0.0
227,G82235,Venlafaxine_Cap 150mg M/R,0403040W0AAAEAE,4,0.019600000000000173
228,G82604,Amiodarone HCl_Tab 200mg,0203020D0AAABAB,8,4.200000000000004
229,G82604,Clonazepam_Tab 500mcg,0408010F0AAABAB,13,5.959599999999989
230,G82604,Co-Codamol_Tab 8mg/500mg,0407010F0AAAAAA,4,0.022399999999999864
231,G82604,Lamotrigine_Tab 100mg,0408010H0AAAAAA,14,0.019399999999996198
232,G82604,Pyridox HCl_Tab 50mg,0906024N0AAAIAI,2,1.9152000000000005
233,G82605,Amiodarone HCl_Tab 200mg,0203020D0AAABAB,1,0.7000000000000006
234,G82605,Clonazepam_Tab 500mcg,0408010F0AAABAB,5,5.243199999999989
235,G82605,Lamotrigine_Tab 100mg,0408010H0AAAAAA,1,0.0
236,G82641,Amiodarone HCl_Tab 200mg,0203020D0AAABAB,1,0.3500000000000003
237,G82641,Clonazepam_Tab 500mcg,0408010F0AAABAB,9,4.59279999999999
238,G82641,Lamotrigine_Tab 100mg,0408010H0AAAAAA,8,-0.0007000000000034201
239,G82681,Amiodarone HCl_Tab 200mg,0203020D0AAABAB,8,2.8000000000000025
240,G82681,Clonazepam_Tab 500mcg,0408010F0AAABAB,19,9.548499999999981
241,G82681,Co-Codamol_Tab 8mg/500mg,0407010F0AAAAAA,2,0.0167999999999999
242,G82681,Lamotrigine_Tab 100mg,0408010H0AAAAAA,9,-0.01200000000000534
243,G82681,Pyridox HCl_Tab 50mg,0906024N0AAAIAI,3,2.6676000000000006
244,G82691,Amiodarone HCl_Tab 200mg,0203020D0AAABAB,1,0.3500000000000003
245,G82691,Clonazepam_Tab 500mcg,0408010F0AAABAB,3,2.0389999999999953
246,G82691,Lamotrigine_Tab 100mg,0408010H0AAAAAA,15,0.011899999999997524
247,G82732,Amiodarone HCl_Tab 200mg,0203020D0AAABAB,3,1.7500000000000016
248,G82732,Clonazepam_Tab 500mcg,0408010F0AAABAB,13,4.542599999999991
249,G82732,Lamotrigine_Tab 100mg,0408010H0AAAAAA,3,-0.003000000000001335
250,G82732,Pyridox HCl_Tab 50mg,0906024N0AAAIAI,3,2.6676000000000006
251,G82733,Amiodarone HCl_Tab 200mg,0203020D0AAABAB,3,1.0940000000000016
252,G82733,Clonazepam_Tab 500mcg,0408010F0AAABAB,1,1.2655999999999974
253,G82733,Co-Codamol_Tab 8mg/500mg,0407010F0AAAAAA,4,0.02119999999999987
254,G82733,Lamotrigine_Tab 100mg,0408010H0AAAAAA,10,0.011199999999998766
255,G82751,Amiodarone HCl_Tab 200mg,0203020D0AAABAB,2,0.7000000000000006
256,G82751,Clonazepam_Tab 500mcg,0408010F0AAABAB,6,2.863399999999994
257,G82751,Lamotrigine_Tab 100mg,0408010H0AAAAAA,3,0.005599999999999383
258,G82751,Pyridox HCl_Tab 50mg,0906024N0AAAIAI,1,0.4788000000000001
259,G82754,Amiodarone HCl_Tab 200mg,0203020D0AAABAB,5,2.100000000000002
260,G82754,Clonazepam_Tab 500mcg,0408010F0AAABAB,17,3.2998999999999947
261,G82754,Co-Codamol_Tab 8mg/500mg,0407010F0AAAAAA,2,0.011199999999999932
262,G82754,Lamotrigine_Tab 100mg,0408010H0AAAAAA,3,0.005599999999999383
263,G82754,Pyridox HCl_Tab 50mg,0906024N0AAAIAI,5,0.6960000000000002
264,G82768,Clonazepam_Tab 500mcg,0408010F0AAABAB,17,7.416799999999984
265,G82768,Lamotrigine_Tab 100mg,0408010H0AAAAAA,5,0.011199999999998766
266,G82768,Pyridox HCl_Tab 50mg,0906024N0AAAIAI,1,0.1416000000000004
267,G82777,Amiodarone HCl_Tab 200mg,0203020D0AAABAB,7,1.388800000000001
268,G82777,Clonazepam_Tab 500mcg,0408010F0AAABAB,2,1.016999999999998
269,G82777,Lamotrigine_Tab 100mg,0408010H0AAAAAA,3,0.008399999999999075
270,G82793,Clonazepam_Tab 500mcg,0408010F0AAABAB,1,0.6779999999999986
271,G82888,Amiodarone HCl_Tab 200mg,0203020D0AAABAB,9,1.558200000000001
272,G82888,Clonazepam_Tab 500mcg,0408010F0AAABAB,6,4.011499999999992
273,G82888,Lamotrigine_Tab 100mg,0408010H0AAAAAA,14,0.02239999999999598
274,G82888,Pyridox HCl_Tab 50mg,0906024N0AAAIAI,1,1.4364000000000003
275,G82888,Venlafaxine_Cap 150mg M/R,0403040W0AAAEAE,3,0.01470000000000013
276,Y00390,Co-Codamol_Tab 8mg/500mg,0407010F0AAAAAA,2,-0.0071999999999999564
